<?xml version="1.0" encoding="ISO-8859-1" standalone="yes"?>
<TrafficMatrixFile xsi:noNamespaceSchemaLocation="http://totem.run.montefiore.ulg.ac.be/Schema/TrafficMatrix-v1_2.xsd" xmlns:xsi="http://www.w3.org/2001/XMLSchema-instance">
    <IntraTM ASID="11537">
        <src id="ATLA-M5">
            <dst id="ATLA-M5">154.197333333333</dst>
            <dst id="ATLAng">600.269333333333</dst>
            <dst id="CHINng">1381.77333333333</dst>
            <dst id="DNVRng">106.666666666667</dst>
            <dst id="HSTNng">200.786666666667</dst>
            <dst id="IPLSng">443.514666666667</dst>
            <dst id="KSCYng">374.194666666667</dst>
            <dst id="LOSAng">252.918666666667</dst>
            <dst id="NYCMng">155.624</dst>
            <dst id="SNVAng">40.6733333333333</dst>
            <dst id="STTLng">1106.368</dst>
            <dst id="WASHng">3157.15733333333</dst>
        </src>
        <src id="ATLAng">
            <dst id="ATLA-M5">993.330666666667</dst>
            <dst id="ATLAng">40897.2453333333</dst>
            <dst id="CHINng">28501.04</dst>
            <dst id="DNVRng">5033.82133333333</dst>
            <dst id="HSTNng">17757.5626666667</dst>
            <dst id="IPLSng">28929.7706666667</dst>
            <dst id="KSCYng">6525.19466666667</dst>
            <dst id="LOSAng">15552.208</dst>
            <dst id="NYCMng">22409.5093333333</dst>
            <dst id="SNVAng">1094.52</dst>
            <dst id="STTLng">21025.0666666667</dst>
            <dst id="WASHng">72392.1866666667</dst>
        </src>
        <src id="CHINng">
            <dst id="ATLA-M5">940.893333333333</dst>
            <dst id="ATLAng">25452.256</dst>
            <dst id="CHINng">134926.669333333</dst>
            <dst id="DNVRng">15591.784</dst>
            <dst id="HSTNng">22872.256</dst>
            <dst id="IPLSng">133569.226666667</dst>
            <dst id="KSCYng">21926.2906666667</dst>
            <dst id="LOSAng">37866.7066666667</dst>
            <dst id="NYCMng">24989.4213333333</dst>
            <dst id="SNVAng">8601.93333333333</dst>
            <dst id="STTLng">40649.5386666667</dst>
            <dst id="WASHng">33226.904</dst>
        </src>
        <src id="DNVRng">
            <dst id="ATLA-M5">958.008</dst>
            <dst id="ATLAng">14168.8133333333</dst>
            <dst id="CHINng">99399.48</dst>
            <dst id="DNVRng">18325.1226666667</dst>
            <dst id="HSTNng">24374.104</dst>
            <dst id="IPLSng">23620.6986666667</dst>
            <dst id="KSCYng">30282.4613333333</dst>
            <dst id="LOSAng">20680.1146666667</dst>
            <dst id="NYCMng">6644.96266666667</dst>
            <dst id="SNVAng">20321.7573333333</dst>
            <dst id="STTLng">39753.632</dst>
            <dst id="WASHng">24139.8266666667</dst>
        </src>
        <src id="HSTNng">
            <dst id="ATLA-M5">2954.29066666667</dst>
            <dst id="ATLAng">12111.0826666667</dst>
            <dst id="CHINng">17419.512</dst>
            <dst id="DNVRng">3516.86133333333</dst>
            <dst id="HSTNng">18833.5066666667</dst>
            <dst id="IPLSng">5440.01333333333</dst>
            <dst id="KSCYng">11137.7946666667</dst>
            <dst id="LOSAng">4272.73866666667</dst>
            <dst id="NYCMng">3912.38666666667</dst>
            <dst id="SNVAng">411.773333333333</dst>
            <dst id="STTLng">13968.688</dst>
            <dst id="WASHng">12110.8373333333</dst>
        </src>
        <src id="IPLSng">
            <dst id="ATLA-M5">481.112</dst>
            <dst id="ATLAng">21815.7493333333</dst>
            <dst id="CHINng">95435.1466666667</dst>
            <dst id="DNVRng">21500.2346666667</dst>
            <dst id="HSTNng">12751.256</dst>
            <dst id="IPLSng">33408.984</dst>
            <dst id="KSCYng">17979.592</dst>
            <dst id="LOSAng">25961.7733333333</dst>
            <dst id="NYCMng">21534.256</dst>
            <dst id="SNVAng">4087.96266666667</dst>
            <dst id="STTLng">31439.9706666667</dst>
            <dst id="WASHng">43158.6186666667</dst>
        </src>
        <src id="KSCYng">
            <dst id="ATLA-M5">478.077333333333</dst>
            <dst id="ATLAng">7931.088</dst>
            <dst id="CHINng">33072.24</dst>
            <dst id="DNVRng">9219.104</dst>
            <dst id="HSTNng">3843.168</dst>
            <dst id="IPLSng">26473.864</dst>
            <dst id="KSCYng">16329.0266666667</dst>
            <dst id="LOSAng">3893.51733333333</dst>
            <dst id="NYCMng">11264.7786666667</dst>
            <dst id="SNVAng">3053.88266666667</dst>
            <dst id="STTLng">15991.48</dst>
            <dst id="WASHng">16968.9253333333</dst>
        </src>
        <src id="LOSAng">
            <dst id="ATLA-M5">386.794666666667</dst>
            <dst id="ATLAng">19879.04</dst>
            <dst id="CHINng">121329.304</dst>
            <dst id="DNVRng">16374.9493333333</dst>
            <dst id="HSTNng">13184.0053333333</dst>
            <dst id="IPLSng">33474.8026666667</dst>
            <dst id="KSCYng">19025.192</dst>
            <dst id="LOSAng">6671.99466666667</dst>
            <dst id="NYCMng">40478.8666666667</dst>
            <dst id="SNVAng">21331.1546666667</dst>
            <dst id="STTLng">70791.6506666667</dst>
            <dst id="WASHng">57510.872</dst>
        </src>
        <src id="NYCMng">
            <dst id="ATLA-M5">2112.792</dst>
            <dst id="ATLAng">61381.288</dst>
            <dst id="CHINng">41985.7653333333</dst>
            <dst id="DNVRng">19239.264</dst>
            <dst id="HSTNng">24737.1226666667</dst>
            <dst id="IPLSng">61577.9226666667</dst>
            <dst id="KSCYng">18618.648</dst>
            <dst id="LOSAng">61864.7893333333</dst>
            <dst id="NYCMng">169345.312</dst>
            <dst id="SNVAng">9924.61866666667</dst>
            <dst id="STTLng">24097.6773333333</dst>
            <dst id="WASHng">95436.2933333333</dst>
        </src>
        <src id="SNVAng">
            <dst id="ATLA-M5">0</dst>
            <dst id="ATLAng">53.3333333333333</dst>
            <dst id="CHINng">208.056</dst>
            <dst id="DNVRng">33920.728</dst>
            <dst id="HSTNng">153.357333333333</dst>
            <dst id="IPLSng">711.384</dst>
            <dst id="KSCYng">286.285333333333</dst>
            <dst id="LOSAng">8550.50933333333</dst>
            <dst id="NYCMng">268.285333333333</dst>
            <dst id="SNVAng">11418.248</dst>
            <dst id="STTLng">18701.272</dst>
            <dst id="WASHng">343.362666666667</dst>
        </src>
        <src id="STTLng">
            <dst id="ATLA-M5">3460.488</dst>
            <dst id="ATLAng">68948.0586666667</dst>
            <dst id="CHINng">125518.64</dst>
            <dst id="DNVRng">35545.68</dst>
            <dst id="HSTNng">46956.4693333333</dst>
            <dst id="IPLSng">103858.565333333</dst>
            <dst id="KSCYng">66858.1626666667</dst>
            <dst id="LOSAng">20657.8266666667</dst>
            <dst id="NYCMng">36519.1466666667</dst>
            <dst id="SNVAng">7305.27733333333</dst>
            <dst id="STTLng">37721.3173333333</dst>
            <dst id="WASHng">124498.112</dst>
        </src>
        <src id="WASHng">
            <dst id="ATLA-M5">9237.60533333333</dst>
            <dst id="ATLAng">123866.893333333</dst>
            <dst id="CHINng">135954.450666667</dst>
            <dst id="DNVRng">85191.1786666666</dst>
            <dst id="HSTNng">45006.7253333333</dst>
            <dst id="IPLSng">95794.16</dst>
            <dst id="KSCYng">20967.2026666667</dst>
            <dst id="LOSAng">75551.2346666667</dst>
            <dst id="NYCMng">219728.192</dst>
            <dst id="SNVAng">6581.91466666667</dst>
            <dst id="STTLng">58896.9226666667</dst>
            <dst id="WASHng">300904.533333333</dst>
        </src>
    </IntraTM>
</TrafficMatrixFile>
