<?xml version="1.0" encoding="ISO-8859-1" standalone="yes"?>
<TrafficMatrixFile xsi:noNamespaceSchemaLocation="http://totem.run.montefiore.ulg.ac.be/Schema/TrafficMatrix-v1_2.xsd" xmlns:xsi="http://www.w3.org/2001/XMLSchema-instance">
    <IntraTM ASID="11537">
        <src id="ATLA-M5">
            <dst id="ATLA-M5">196.696</dst>
            <dst id="ATLAng">3155.71466666667</dst>
            <dst id="CHINng">3092.296</dst>
            <dst id="DNVRng">484.450666666667</dst>
            <dst id="HSTNng">390.336</dst>
            <dst id="IPLSng">1509.98666666667</dst>
            <dst id="KSCYng">207.986666666667</dst>
            <dst id="LOSAng">124.421333333333</dst>
            <dst id="NYCMng">1720.6</dst>
            <dst id="SNVAng">124.421333333333</dst>
            <dst id="STTLng">768.069333333333</dst>
            <dst id="WASHng">995.469333333334</dst>
        </src>
        <src id="ATLAng">
            <dst id="ATLA-M5">503.685333333333</dst>
            <dst id="ATLAng">45840.0026666667</dst>
            <dst id="CHINng">17116.4</dst>
            <dst id="DNVRng">4982.39466666667</dst>
            <dst id="HSTNng">7925.77333333333</dst>
            <dst id="IPLSng">20399.6746666667</dst>
            <dst id="KSCYng">8016.62133333333</dst>
            <dst id="LOSAng">18075.3973333333</dst>
            <dst id="NYCMng">13101.624</dst>
            <dst id="SNVAng">1410.688</dst>
            <dst id="STTLng">14163.4453333333</dst>
            <dst id="WASHng">40531.0773333333</dst>
        </src>
        <src id="CHINng">
            <dst id="ATLA-M5">1348.88533333333</dst>
            <dst id="ATLAng">24742.744</dst>
            <dst id="CHINng">498218</dst>
            <dst id="DNVRng">22970.1546666667</dst>
            <dst id="HSTNng">9933.856</dst>
            <dst id="IPLSng">90636.9733333333</dst>
            <dst id="KSCYng">16713.32</dst>
            <dst id="LOSAng">44233.3706666667</dst>
            <dst id="NYCMng">10531.6186666667</dst>
            <dst id="SNVAng">3195.28533333333</dst>
            <dst id="STTLng">24544.7093333333</dst>
            <dst id="WASHng">28741.0613333333</dst>
        </src>
        <src id="DNVRng">
            <dst id="ATLA-M5">553.312</dst>
            <dst id="ATLAng">6008.368</dst>
            <dst id="CHINng">42369.6133333333</dst>
            <dst id="DNVRng">5709.45066666667</dst>
            <dst id="HSTNng">5553.47466666667</dst>
            <dst id="IPLSng">9138.01866666667</dst>
            <dst id="KSCYng">8015.888</dst>
            <dst id="LOSAng">13810.3626666667</dst>
            <dst id="NYCMng">6010.54666666667</dst>
            <dst id="SNVAng">6454.69066666667</dst>
            <dst id="STTLng">22610.3973333333</dst>
            <dst id="WASHng">21777.216</dst>
        </src>
        <src id="HSTNng">
            <dst id="ATLA-M5">1162.66933333333</dst>
            <dst id="ATLAng">4764.32533333333</dst>
            <dst id="CHINng">16351.6293333333</dst>
            <dst id="DNVRng">1588.86933333333</dst>
            <dst id="HSTNng">14207.7973333333</dst>
            <dst id="IPLSng">4345.47466666667</dst>
            <dst id="KSCYng">5211.54933333333</dst>
            <dst id="LOSAng">3360.48533333333</dst>
            <dst id="NYCMng">2499.056</dst>
            <dst id="SNVAng">376.690666666667</dst>
            <dst id="STTLng">5230.78133333333</dst>
            <dst id="WASHng">5537.37066666667</dst>
        </src>
        <src id="IPLSng">
            <dst id="ATLA-M5">608.165333333333</dst>
            <dst id="ATLAng">16835.24</dst>
            <dst id="CHINng">58668.9173333333</dst>
            <dst id="DNVRng">7313.69333333333</dst>
            <dst id="HSTNng">3420.808</dst>
            <dst id="IPLSng">35548.28</dst>
            <dst id="KSCYng">6652.12266666667</dst>
            <dst id="LOSAng">47801.5786666667</dst>
            <dst id="NYCMng">7837.13333333333</dst>
            <dst id="SNVAng">1405.096</dst>
            <dst id="STTLng">32924.0053333333</dst>
            <dst id="WASHng">17729.864</dst>
        </src>
        <src id="KSCYng">
            <dst id="ATLA-M5">340.925333333333</dst>
            <dst id="ATLAng">7180.86933333333</dst>
            <dst id="CHINng">22450.984</dst>
            <dst id="DNVRng">8396.77333333333</dst>
            <dst id="HSTNng">6691.89066666666</dst>
            <dst id="IPLSng">24744.9706666667</dst>
            <dst id="KSCYng">8097.87466666667</dst>
            <dst id="LOSAng">6407.83733333333</dst>
            <dst id="NYCMng">5552.528</dst>
            <dst id="SNVAng">2955.80266666667</dst>
            <dst id="STTLng">8346.61066666667</dst>
            <dst id="WASHng">14332.2213333333</dst>
        </src>
        <src id="LOSAng">
            <dst id="ATLA-M5">351.429333333333</dst>
            <dst id="ATLAng">14261.2186666667</dst>
            <dst id="CHINng">6330424.8</dst>
            <dst id="DNVRng">17516.84</dst>
            <dst id="HSTNng">5882.86133333333</dst>
            <dst id="IPLSng">30807.8613333333</dst>
            <dst id="KSCYng">16492.5466666667</dst>
            <dst id="LOSAng">13659.8933333333</dst>
            <dst id="NYCMng">51613.0586666667</dst>
            <dst id="SNVAng">20662.76</dst>
            <dst id="STTLng">67721.8293333333</dst>
            <dst id="WASHng">51266.4453333333</dst>
        </src>
        <src id="NYCMng">
            <dst id="ATLA-M5">1539.67466666667</dst>
            <dst id="ATLAng">33570.5226666667</dst>
            <dst id="CHINng">27656.1146666667</dst>
            <dst id="DNVRng">18318.1173333333</dst>
            <dst id="HSTNng">16723.08</dst>
            <dst id="IPLSng">22487.4026666667</dst>
            <dst id="KSCYng">15311.9306666667</dst>
            <dst id="LOSAng">59896.7173333333</dst>
            <dst id="NYCMng">98444.728</dst>
            <dst id="SNVAng">2410.976</dst>
            <dst id="STTLng">44275.5813333333</dst>
            <dst id="WASHng">98572.984</dst>
        </src>
        <src id="SNVAng">
            <dst id="ATLA-M5">26.6666666666667</dst>
            <dst id="ATLAng">300.848</dst>
            <dst id="CHINng">26.6666666666667</dst>
            <dst id="DNVRng">8376.024</dst>
            <dst id="HSTNng">0</dst>
            <dst id="IPLSng">339.616</dst>
            <dst id="KSCYng">0</dst>
            <dst id="LOSAng">15643.3653333333</dst>
            <dst id="NYCMng">53.5893333333333</dst>
            <dst id="SNVAng">7848.02933333333</dst>
            <dst id="STTLng">16360.36</dst>
            <dst id="WASHng">133.333333333333</dst>
        </src>
        <src id="STTLng">
            <dst id="ATLA-M5">799.517333333333</dst>
            <dst id="ATLAng">23341.248</dst>
            <dst id="CHINng">33373.5013333333</dst>
            <dst id="DNVRng">9952.28533333333</dst>
            <dst id="HSTNng">5848.592</dst>
            <dst id="IPLSng">26061.6906666667</dst>
            <dst id="KSCYng">16626.1066666667</dst>
            <dst id="LOSAng">41482.3973333333</dst>
            <dst id="NYCMng">12822.9946666667</dst>
            <dst id="SNVAng">3751.67733333333</dst>
            <dst id="STTLng">20809.7493333333</dst>
            <dst id="WASHng">25490.44</dst>
        </src>
        <src id="WASHng">
            <dst id="ATLA-M5">6209.944</dst>
            <dst id="ATLAng">77727.9573333333</dst>
            <dst id="CHINng">70907.7146666667</dst>
            <dst id="DNVRng">54997.3066666667</dst>
            <dst id="HSTNng">46326.408</dst>
            <dst id="IPLSng">47722.288</dst>
            <dst id="KSCYng">20448.3173333333</dst>
            <dst id="LOSAng">83962.5733333333</dst>
            <dst id="NYCMng">169921.813333333</dst>
            <dst id="SNVAng">3235.6</dst>
            <dst id="STTLng">60474.992</dst>
            <dst id="WASHng">211331.573333333</dst>
        </src>
    </IntraTM>
</TrafficMatrixFile>
