<?xml version="1.0" encoding="ISO-8859-1" standalone="yes"?>
<TrafficMatrixFile xsi:noNamespaceSchemaLocation="http://totem.run.montefiore.ulg.ac.be/Schema/TrafficMatrix-v1_2.xsd" xmlns:xsi="http://www.w3.org/2001/XMLSchema-instance">
    <IntraTM ASID="11537">
        <src id="ATLA-M5">
            <dst id="ATLA-M5">149.618666666667</dst>
            <dst id="ATLAng">863.021333333333</dst>
            <dst id="CHINng">1495.78133333333</dst>
            <dst id="DNVRng">733.933333333334</dst>
            <dst id="HSTNng">251.317333333333</dst>
            <dst id="IPLSng">1586.07733333333</dst>
            <dst id="KSCYng">728.213333333333</dst>
            <dst id="LOSAng">75.2746666666667</dst>
            <dst id="NYCMng">1312.464</dst>
            <dst id="SNVAng">0</dst>
            <dst id="STTLng">733.045333333333</dst>
            <dst id="WASHng">1315.88533333333</dst>
        </src>
        <src id="ATLAng">
            <dst id="ATLA-M5">620.541333333333</dst>
            <dst id="ATLAng">38677.5306666667</dst>
            <dst id="CHINng">19118.1066666667</dst>
            <dst id="DNVRng">4613.80533333333</dst>
            <dst id="HSTNng">8586.85333333333</dst>
            <dst id="IPLSng">19620.8773333333</dst>
            <dst id="KSCYng">6089.51733333333</dst>
            <dst id="LOSAng">22268.66</dst>
            <dst id="NYCMng">10424.5306666667</dst>
            <dst id="SNVAng">858.558666666666</dst>
            <dst id="STTLng">16083.728</dst>
            <dst id="WASHng">34444</dst>
        </src>
        <src id="CHINng">
            <dst id="ATLA-M5">2412.98133333333</dst>
            <dst id="ATLAng">28906.952</dst>
            <dst id="CHINng">93454.0106666667</dst>
            <dst id="DNVRng">13743.3466666667</dst>
            <dst id="HSTNng">24555.568</dst>
            <dst id="IPLSng">64673.7386666666</dst>
            <dst id="KSCYng">15854.8213333333</dst>
            <dst id="LOSAng">122888.661333333</dst>
            <dst id="NYCMng">16089.608</dst>
            <dst id="SNVAng">6304.75466666667</dst>
            <dst id="STTLng">23582.624</dst>
            <dst id="WASHng">43781.9653333333</dst>
        </src>
        <src id="DNVRng">
            <dst id="ATLA-M5">315.053333333333</dst>
            <dst id="ATLAng">8278.14133333333</dst>
            <dst id="CHINng">43746.192</dst>
            <dst id="DNVRng">14154.6693333333</dst>
            <dst id="HSTNng">18202.7973333333</dst>
            <dst id="IPLSng">15697.9173333333</dst>
            <dst id="KSCYng">30195.2186666667</dst>
            <dst id="LOSAng">14087.5946666667</dst>
            <dst id="NYCMng">16958.696</dst>
            <dst id="SNVAng">14835.4186666667</dst>
            <dst id="STTLng">37899.0053333333</dst>
            <dst id="WASHng">26952.96</dst>
        </src>
        <src id="HSTNng">
            <dst id="ATLA-M5">3774.072</dst>
            <dst id="ATLAng">5051.03466666667</dst>
            <dst id="CHINng">12652.4053333333</dst>
            <dst id="DNVRng">1428.15466666667</dst>
            <dst id="HSTNng">20928.792</dst>
            <dst id="IPLSng">6413.27733333333</dst>
            <dst id="KSCYng">12813.6746666667</dst>
            <dst id="LOSAng">11346.3946666667</dst>
            <dst id="NYCMng">3786.18666666667</dst>
            <dst id="SNVAng">147.408</dst>
            <dst id="STTLng">6199.34666666667</dst>
            <dst id="WASHng">16355.776</dst>
        </src>
        <src id="IPLSng">
            <dst id="ATLA-M5">474.394666666667</dst>
            <dst id="ATLAng">11311.048</dst>
            <dst id="CHINng">49032.2853333333</dst>
            <dst id="DNVRng">14422.696</dst>
            <dst id="HSTNng">7200.91466666667</dst>
            <dst id="IPLSng">16898.5146666667</dst>
            <dst id="KSCYng">12421.6666666667</dst>
            <dst id="LOSAng">17691.664</dst>
            <dst id="NYCMng">10321.832</dst>
            <dst id="SNVAng">2561.09066666667</dst>
            <dst id="STTLng">30814.5706666667</dst>
            <dst id="WASHng">24240.8026666667</dst>
        </src>
        <src id="KSCYng">
            <dst id="ATLA-M5">495.021333333333</dst>
            <dst id="ATLAng">9651.6</dst>
            <dst id="CHINng">19941.3493333333</dst>
            <dst id="DNVRng">8745.832</dst>
            <dst id="HSTNng">4831.17866666667</dst>
            <dst id="IPLSng">22030.2746666667</dst>
            <dst id="KSCYng">13992.4026666667</dst>
            <dst id="LOSAng">5399.664</dst>
            <dst id="NYCMng">8599.08266666667</dst>
            <dst id="SNVAng">2661.824</dst>
            <dst id="STTLng">12356.1546666667</dst>
            <dst id="WASHng">16961.184</dst>
        </src>
        <src id="LOSAng">
            <dst id="ATLA-M5">542.936</dst>
            <dst id="ATLAng">13848.7813333333</dst>
            <dst id="CHINng">6414460.8</dst>
            <dst id="DNVRng">19252.1226666667</dst>
            <dst id="HSTNng">13323.296</dst>
            <dst id="IPLSng">31283.8373333333</dst>
            <dst id="KSCYng">8039.83466666667</dst>
            <dst id="LOSAng">13768.9893333333</dst>
            <dst id="NYCMng">48567.728</dst>
            <dst id="SNVAng">23233.5306666667</dst>
            <dst id="STTLng">80473.1813333333</dst>
            <dst id="WASHng">58373.1706666667</dst>
        </src>
        <src id="NYCMng">
            <dst id="ATLA-M5">3416.93866666667</dst>
            <dst id="ATLAng">30097.256</dst>
            <dst id="CHINng">28302.8106666667</dst>
            <dst id="DNVRng">21125.9946666667</dst>
            <dst id="HSTNng">10348.0346666667</dst>
            <dst id="IPLSng">39818.304</dst>
            <dst id="KSCYng">12467.136</dst>
            <dst id="LOSAng">69466.2613333334</dst>
            <dst id="NYCMng">89883.568</dst>
            <dst id="SNVAng">3818.712</dst>
            <dst id="STTLng">31792.4186666667</dst>
            <dst id="WASHng">95230.584</dst>
        </src>
        <src id="SNVAng">
            <dst id="ATLA-M5">0</dst>
            <dst id="ATLAng">26.6666666666667</dst>
            <dst id="CHINng">106.666666666667</dst>
            <dst id="DNVRng">4511.95733333333</dst>
            <dst id="HSTNng">0</dst>
            <dst id="IPLSng">510.229333333333</dst>
            <dst id="KSCYng">62.328</dst>
            <dst id="LOSAng">11026.5733333333</dst>
            <dst id="NYCMng">80</dst>
            <dst id="SNVAng">37133.8506666667</dst>
            <dst id="STTLng">28100.928</dst>
            <dst id="WASHng">80</dst>
        </src>
        <src id="STTLng">
            <dst id="ATLA-M5">1791.75466666667</dst>
            <dst id="ATLAng">29838.6773333333</dst>
            <dst id="CHINng">49695.008</dst>
            <dst id="DNVRng">15494.9306666667</dst>
            <dst id="HSTNng">11919.7946666667</dst>
            <dst id="IPLSng">37008.5573333333</dst>
            <dst id="KSCYng">27036.5093333333</dst>
            <dst id="LOSAng">51154.5386666667</dst>
            <dst id="NYCMng">17425.176</dst>
            <dst id="SNVAng">8047.85066666667</dst>
            <dst id="STTLng">34455.3626666667</dst>
            <dst id="WASHng">46982.4453333333</dst>
        </src>
        <src id="WASHng">
            <dst id="ATLA-M5">4345.928</dst>
            <dst id="ATLAng">109138.408</dst>
            <dst id="CHINng">86507.2586666667</dst>
            <dst id="DNVRng">79327.8426666667</dst>
            <dst id="HSTNng">34953.7306666667</dst>
            <dst id="IPLSng">53615.32</dst>
            <dst id="KSCYng">20121.9146666667</dst>
            <dst id="LOSAng">105657.856</dst>
            <dst id="NYCMng">169914.269333333</dst>
            <dst id="SNVAng">5651.54666666667</dst>
            <dst id="STTLng">49307.392</dst>
            <dst id="WASHng">208018.965333333</dst>
        </src>
    </IntraTM>
</TrafficMatrixFile>
