<?xml version="1.0" encoding="ISO-8859-1" standalone="yes"?>
<TrafficMatrixFile xsi:noNamespaceSchemaLocation="http://totem.run.montefiore.ulg.ac.be/Schema/TrafficMatrix-v1_2.xsd" xmlns:xsi="http://www.w3.org/2001/XMLSchema-instance">
    <IntraTM ASID="11537">
        <src id="ATLA-M5">
            <dst id="ATLA-M5">26.6666666666667</dst>
            <dst id="ATLAng">314.357333333333</dst>
            <dst id="CHINng">792.744</dst>
            <dst id="DNVRng">26.6666666666667</dst>
            <dst id="HSTNng">118.754666666667</dst>
            <dst id="IPLSng">314.274666666667</dst>
            <dst id="KSCYng">203.098666666667</dst>
            <dst id="LOSAng">170.653333333333</dst>
            <dst id="NYCMng">80</dst>
            <dst id="SNVAng">572.917333333333</dst>
            <dst id="STTLng">274.256</dst>
            <dst id="WASHng">1339.392</dst>
        </src>
        <src id="ATLAng">
            <dst id="ATLA-M5">326.912</dst>
            <dst id="ATLAng">38290.656</dst>
            <dst id="CHINng">10094.096</dst>
            <dst id="DNVRng">1587.76</dst>
            <dst id="HSTNng">1205.976</dst>
            <dst id="IPLSng">21396.1813333333</dst>
            <dst id="KSCYng">1250.18933333333</dst>
            <dst id="LOSAng">13181.8613333333</dst>
            <dst id="NYCMng">9265.38933333333</dst>
            <dst id="SNVAng">611.848</dst>
            <dst id="STTLng">7912.87466666667</dst>
            <dst id="WASHng">56328.4053333333</dst>
        </src>
        <src id="CHINng">
            <dst id="ATLA-M5">981.277333333333</dst>
            <dst id="ATLAng">15988.9413333333</dst>
            <dst id="CHINng">97849.5066666667</dst>
            <dst id="DNVRng">19297.688</dst>
            <dst id="HSTNng">8108.496</dst>
            <dst id="IPLSng">34215.8773333333</dst>
            <dst id="KSCYng">7154.78133333333</dst>
            <dst id="LOSAng">29116.1813333333</dst>
            <dst id="NYCMng">9548.168</dst>
            <dst id="SNVAng">4817.02666666667</dst>
            <dst id="STTLng">18266.5173333333</dst>
            <dst id="WASHng">12871.9386666667</dst>
        </src>
        <src id="DNVRng">
            <dst id="ATLA-M5">105.08</dst>
            <dst id="ATLAng">4017.39733333333</dst>
            <dst id="CHINng">52898.3893333333</dst>
            <dst id="DNVRng">17575.824</dst>
            <dst id="HSTNng">13307.488</dst>
            <dst id="IPLSng">10436.0453333333</dst>
            <dst id="KSCYng">20399.6853333333</dst>
            <dst id="LOSAng">44993.8906666667</dst>
            <dst id="NYCMng">4815.072</dst>
            <dst id="SNVAng">14746.472</dst>
            <dst id="STTLng">15969.2853333333</dst>
            <dst id="WASHng">18378.1866666667</dst>
        </src>
        <src id="HSTNng">
            <dst id="ATLA-M5">3487</dst>
            <dst id="ATLAng">2030.85066666667</dst>
            <dst id="CHINng">17866.976</dst>
            <dst id="DNVRng">749.013333333333</dst>
            <dst id="HSTNng">19135.1946666667</dst>
            <dst id="IPLSng">3120.33866666667</dst>
            <dst id="KSCYng">7878.688</dst>
            <dst id="LOSAng">5193.71733333333</dst>
            <dst id="NYCMng">2894.95466666667</dst>
            <dst id="SNVAng">98.1653333333333</dst>
            <dst id="STTLng">4257.22933333333</dst>
            <dst id="WASHng">3050.97333333333</dst>
        </src>
        <src id="IPLSng">
            <dst id="ATLA-M5">441.021333333333</dst>
            <dst id="ATLAng">7776.544</dst>
            <dst id="CHINng">83414.7786666667</dst>
            <dst id="DNVRng">9073.13866666667</dst>
            <dst id="HSTNng">604.397333333333</dst>
            <dst id="IPLSng">47970.8746666667</dst>
            <dst id="KSCYng">7288.66666666667</dst>
            <dst id="LOSAng">11358.2026666667</dst>
            <dst id="NYCMng">8403.33866666667</dst>
            <dst id="SNVAng">372.205333333333</dst>
            <dst id="STTLng">23117.8746666667</dst>
            <dst id="WASHng">27764.1226666667</dst>
        </src>
        <src id="KSCYng">
            <dst id="ATLA-M5">109.442666666667</dst>
            <dst id="ATLAng">6273.696</dst>
            <dst id="CHINng">29928.36</dst>
            <dst id="DNVRng">7527.61066666666</dst>
            <dst id="HSTNng">14452.5333333333</dst>
            <dst id="IPLSng">14561.352</dst>
            <dst id="KSCYng">14603.52</dst>
            <dst id="LOSAng">3506.58133333333</dst>
            <dst id="NYCMng">4582</dst>
            <dst id="SNVAng">3178.35466666667</dst>
            <dst id="STTLng">6298.66666666667</dst>
            <dst id="WASHng">9954.056</dst>
        </src>
        <src id="LOSAng">
            <dst id="ATLA-M5">268.858666666667</dst>
            <dst id="ATLAng">8455.224</dst>
            <dst id="CHINng">6551740.8</dst>
            <dst id="DNVRng">7182.65066666667</dst>
            <dst id="HSTNng">4521.53066666667</dst>
            <dst id="IPLSng">14856.9786666667</dst>
            <dst id="KSCYng">3758.50133333333</dst>
            <dst id="LOSAng">9999.10933333333</dst>
            <dst id="NYCMng">49400.5946666667</dst>
            <dst id="SNVAng">20250.752</dst>
            <dst id="STTLng">50243.624</dst>
            <dst id="WASHng">38914.1626666667</dst>
        </src>
        <src id="NYCMng">
            <dst id="ATLA-M5">645.557333333333</dst>
            <dst id="ATLAng">37208.6026666667</dst>
            <dst id="CHINng">33042.7893333333</dst>
            <dst id="DNVRng">11016.2426666667</dst>
            <dst id="HSTNng">6303.58133333333</dst>
            <dst id="IPLSng">16604.408</dst>
            <dst id="KSCYng">4107.52</dst>
            <dst id="LOSAng">57040.136</dst>
            <dst id="NYCMng">96846.9173333333</dst>
            <dst id="SNVAng">689.928</dst>
            <dst id="STTLng">27305.968</dst>
            <dst id="WASHng">45114.6053333333</dst>
        </src>
        <src id="SNVAng">
            <dst id="ATLA-M5">0</dst>
            <dst id="ATLAng">247.397333333333</dst>
            <dst id="CHINng">142.933333333333</dst>
            <dst id="DNVRng">6499.21333333333</dst>
            <dst id="HSTNng">26.6666666666667</dst>
            <dst id="IPLSng">325.186666666667</dst>
            <dst id="KSCYng">26.6666666666667</dst>
            <dst id="LOSAng">10573.7466666667</dst>
            <dst id="NYCMng">61.6346666666667</dst>
            <dst id="SNVAng">8366.31466666667</dst>
            <dst id="STTLng">12380.6026666667</dst>
            <dst id="WASHng">94.512</dst>
        </src>
        <src id="STTLng">
            <dst id="ATLA-M5">557.368</dst>
            <dst id="ATLAng">11395.9973333333</dst>
            <dst id="CHINng">37862.5946666667</dst>
            <dst id="DNVRng">3356.62666666667</dst>
            <dst id="HSTNng">3082.22133333333</dst>
            <dst id="IPLSng">14576.816</dst>
            <dst id="KSCYng">4746.14666666667</dst>
            <dst id="LOSAng">33150.9466666667</dst>
            <dst id="NYCMng">9080.57333333333</dst>
            <dst id="SNVAng">1835.48266666667</dst>
            <dst id="STTLng">20086.5093333333</dst>
            <dst id="WASHng">8353.53333333333</dst>
        </src>
        <src id="WASHng">
            <dst id="ATLA-M5">435.362666666667</dst>
            <dst id="ATLAng">111883.773333333</dst>
            <dst id="CHINng">81674.0213333333</dst>
            <dst id="DNVRng">61317.2186666666</dst>
            <dst id="HSTNng">24352.1866666667</dst>
            <dst id="IPLSng">38300.2746666667</dst>
            <dst id="KSCYng">34329.776</dst>
            <dst id="LOSAng">64525.728</dst>
            <dst id="NYCMng">140673.586666667</dst>
            <dst id="SNVAng">9178.536</dst>
            <dst id="STTLng">40683.8346666667</dst>
            <dst id="WASHng">257625.458666667</dst>
        </src>
    </IntraTM>
</TrafficMatrixFile>
