<?xml version="1.0" encoding="ISO-8859-1" standalone="yes"?>
<TrafficMatrixFile xsi:noNamespaceSchemaLocation="http://totem.run.montefiore.ulg.ac.be/Schema/TrafficMatrix-v1_2.xsd" xmlns:xsi="http://www.w3.org/2001/XMLSchema-instance">
    <IntraTM ASID="11537">
        <src id="ATLA-M5">
            <dst id="ATLA-M5">34.4613333333333</dst>
            <dst id="ATLAng">106.666666666667</dst>
            <dst id="CHINng">600.666666666667</dst>
            <dst id="DNVRng">26.6666666666667</dst>
            <dst id="HSTNng">588.525333333333</dst>
            <dst id="IPLSng">2215.91733333333</dst>
            <dst id="KSCYng">250.56</dst>
            <dst id="LOSAng">58.5253333333333</dst>
            <dst id="NYCMng">26.6666666666667</dst>
            <dst id="SNVAng">0</dst>
            <dst id="STTLng">337.221333333333</dst>
            <dst id="WASHng">1503.22933333333</dst>
        </src>
        <src id="ATLAng">
            <dst id="ATLA-M5">340.469333333333</dst>
            <dst id="ATLAng">32589.6213333333</dst>
            <dst id="CHINng">13227.8053333333</dst>
            <dst id="DNVRng">1849.04266666667</dst>
            <dst id="HSTNng">2346.91733333333</dst>
            <dst id="IPLSng">16575.4853333333</dst>
            <dst id="KSCYng">1384.6</dst>
            <dst id="LOSAng">37339.272</dst>
            <dst id="NYCMng">6015.22933333333</dst>
            <dst id="SNVAng">1064.49333333333</dst>
            <dst id="STTLng">15689.1866666667</dst>
            <dst id="WASHng">50270.8266666667</dst>
        </src>
        <src id="CHINng">
            <dst id="ATLA-M5">794.469333333333</dst>
            <dst id="ATLAng">28805.704</dst>
            <dst id="CHINng">108592.757333333</dst>
            <dst id="DNVRng">9320.62933333333</dst>
            <dst id="HSTNng">8809.25866666667</dst>
            <dst id="IPLSng">45900.52</dst>
            <dst id="KSCYng">11148.272</dst>
            <dst id="LOSAng">29311.6053333333</dst>
            <dst id="NYCMng">14784.5306666667</dst>
            <dst id="SNVAng">2290.44266666667</dst>
            <dst id="STTLng">26089.6666666667</dst>
            <dst id="WASHng">18943.544</dst>
        </src>
        <src id="DNVRng">
            <dst id="ATLA-M5">127.84</dst>
            <dst id="ATLAng">14645.3413333333</dst>
            <dst id="CHINng">70253.28</dst>
            <dst id="DNVRng">6580.92</dst>
            <dst id="HSTNng">8614.59733333333</dst>
            <dst id="IPLSng">10814.2586666667</dst>
            <dst id="KSCYng">10832.232</dst>
            <dst id="LOSAng">6793.97066666667</dst>
            <dst id="NYCMng">21971.184</dst>
            <dst id="SNVAng">6904.91733333333</dst>
            <dst id="STTLng">11000.08</dst>
            <dst id="WASHng">19631.7093333333</dst>
        </src>
        <src id="HSTNng">
            <dst id="ATLA-M5">3048.592</dst>
            <dst id="ATLAng">8699.15733333333</dst>
            <dst id="CHINng">14119.6</dst>
            <dst id="DNVRng">973.389333333333</dst>
            <dst id="HSTNng">12128.8186666667</dst>
            <dst id="IPLSng">1440.99733333333</dst>
            <dst id="KSCYng">3084.35466666667</dst>
            <dst id="LOSAng">5132.66666666667</dst>
            <dst id="NYCMng">3150.85866666667</dst>
            <dst id="SNVAng">191.474666666667</dst>
            <dst id="STTLng">6163.76266666667</dst>
            <dst id="WASHng">3342.10666666667</dst>
        </src>
        <src id="IPLSng">
            <dst id="ATLA-M5">386.669333333333</dst>
            <dst id="ATLAng">14719.4346666667</dst>
            <dst id="CHINng">86818.0693333333</dst>
            <dst id="DNVRng">14442.3333333333</dst>
            <dst id="HSTNng">1996.20533333333</dst>
            <dst id="IPLSng">10284.528</dst>
            <dst id="KSCYng">8660.08</dst>
            <dst id="LOSAng">14191.4746666667</dst>
            <dst id="NYCMng">10646.7466666667</dst>
            <dst id="SNVAng">351.024</dst>
            <dst id="STTLng">32309.2186666667</dst>
            <dst id="WASHng">24913.6266666667</dst>
        </src>
        <src id="KSCYng">
            <dst id="ATLA-M5">87.384</dst>
            <dst id="ATLAng">7957.78666666667</dst>
            <dst id="CHINng">22390.136</dst>
            <dst id="DNVRng">6804.688</dst>
            <dst id="HSTNng">2243.69333333333</dst>
            <dst id="IPLSng">10025.024</dst>
            <dst id="KSCYng">5101.09866666667</dst>
            <dst id="LOSAng">2508.11466666667</dst>
            <dst id="NYCMng">4432.536</dst>
            <dst id="SNVAng">1874.02133333333</dst>
            <dst id="STTLng">13503.2586666667</dst>
            <dst id="WASHng">12706.376</dst>
        </src>
        <src id="LOSAng">
            <dst id="ATLA-M5">88.8613333333333</dst>
            <dst id="ATLAng">15541.4</dst>
            <dst id="CHINng">124634.76</dst>
            <dst id="DNVRng">12987.9226666667</dst>
            <dst id="HSTNng">6737.584</dst>
            <dst id="IPLSng">11090.952</dst>
            <dst id="KSCYng">1921.82133333333</dst>
            <dst id="LOSAng">8919.224</dst>
            <dst id="NYCMng">49287.776</dst>
            <dst id="SNVAng">20930.2266666667</dst>
            <dst id="STTLng">49254.8373333333</dst>
            <dst id="WASHng">72248.232</dst>
        </src>
        <src id="NYCMng">
            <dst id="ATLA-M5">312.045333333333</dst>
            <dst id="ATLAng">46799.0613333333</dst>
            <dst id="CHINng">33336.496</dst>
            <dst id="DNVRng">13527.2906666667</dst>
            <dst id="HSTNng">3878.66133333333</dst>
            <dst id="IPLSng">19561.4666666667</dst>
            <dst id="KSCYng">6553.36</dst>
            <dst id="LOSAng">51106.3626666667</dst>
            <dst id="NYCMng">86047.7093333333</dst>
            <dst id="SNVAng">725.154666666667</dst>
            <dst id="STTLng">25847.6</dst>
            <dst id="WASHng">68025.0613333333</dst>
        </src>
        <src id="SNVAng">
            <dst id="ATLA-M5">0</dst>
            <dst id="ATLAng">593.141333333333</dst>
            <dst id="CHINng">82.5866666666667</dst>
            <dst id="DNVRng">1432.45866666667</dst>
            <dst id="HSTNng">0</dst>
            <dst id="IPLSng">434.877333333333</dst>
            <dst id="KSCYng">29.04</dst>
            <dst id="LOSAng">7052.78133333333</dst>
            <dst id="NYCMng">213.538666666667</dst>
            <dst id="SNVAng">8607.82933333333</dst>
            <dst id="STTLng">17206.6186666667</dst>
            <dst id="WASHng">141.333333333333</dst>
        </src>
        <src id="STTLng">
            <dst id="ATLA-M5">680.096</dst>
            <dst id="ATLAng">41672.8293333333</dst>
            <dst id="CHINng">59042.056</dst>
            <dst id="DNVRng">2597.10133333333</dst>
            <dst id="HSTNng">11501.68</dst>
            <dst id="IPLSng">46898.2426666667</dst>
            <dst id="KSCYng">20916.8933333333</dst>
            <dst id="LOSAng">35058.96</dst>
            <dst id="NYCMng">16920.0426666667</dst>
            <dst id="SNVAng">1437.14933333333</dst>
            <dst id="STTLng">13728.0613333333</dst>
            <dst id="WASHng">69690.8586666667</dst>
        </src>
        <src id="WASHng">
            <dst id="ATLA-M5">678.138666666667</dst>
            <dst id="ATLAng">106939.64</dst>
            <dst id="CHINng">49406.9333333333</dst>
            <dst id="DNVRng">55141.9866666667</dst>
            <dst id="HSTNng">21170.0186666667</dst>
            <dst id="IPLSng">32722.112</dst>
            <dst id="KSCYng">20819.2053333333</dst>
            <dst id="LOSAng">76274.7866666667</dst>
            <dst id="NYCMng">123099.962666667</dst>
            <dst id="SNVAng">1676.42933333333</dst>
            <dst id="STTLng">72749.4586666667</dst>
            <dst id="WASHng">266044.637333333</dst>
        </src>
    </IntraTM>
</TrafficMatrixFile>
