<?xml version="1.0" encoding="ISO-8859-1" standalone="yes"?>
<TrafficMatrixFile xsi:noNamespaceSchemaLocation="http://totem.run.montefiore.ulg.ac.be/Schema/TrafficMatrix-v1_2.xsd" xmlns:xsi="http://www.w3.org/2001/XMLSchema-instance">
    <IntraTM ASID="11537">
        <src id="ATLA-M5">
            <dst id="ATLA-M5">45.7866666666667</dst>
            <dst id="ATLAng">1076.584</dst>
            <dst id="CHINng">1107.44266666667</dst>
            <dst id="DNVRng">135.106666666667</dst>
            <dst id="HSTNng">288.608</dst>
            <dst id="IPLSng">747.970666666667</dst>
            <dst id="KSCYng">256.813333333333</dst>
            <dst id="LOSAng">208.970666666667</dst>
            <dst id="NYCMng">3458.83466666667</dst>
            <dst id="SNVAng">13.3333333333333</dst>
            <dst id="STTLng">632.802666666667</dst>
            <dst id="WASHng">1223.68266666667</dst>
        </src>
        <src id="ATLAng">
            <dst id="ATLA-M5">1284.568</dst>
            <dst id="ATLAng">71126.624</dst>
            <dst id="CHINng">37511.0933333333</dst>
            <dst id="DNVRng">6411.32266666667</dst>
            <dst id="HSTNng">8315.69066666667</dst>
            <dst id="IPLSng">21929.88</dst>
            <dst id="KSCYng">4492.48266666667</dst>
            <dst id="LOSAng">17964.404</dst>
            <dst id="NYCMng">6951.12533333333</dst>
            <dst id="SNVAng">342.502666666667</dst>
            <dst id="STTLng">11101.256</dst>
            <dst id="WASHng">28165.76</dst>
        </src>
        <src id="CHINng">
            <dst id="ATLA-M5">3022.4</dst>
            <dst id="ATLAng">28442.2426666667</dst>
            <dst id="CHINng">107215.245333333</dst>
            <dst id="DNVRng">20332.4133333333</dst>
            <dst id="HSTNng">12674.6453333333</dst>
            <dst id="IPLSng">50625.1946666667</dst>
            <dst id="KSCYng">18932.5093333333</dst>
            <dst id="LOSAng">55133.592</dst>
            <dst id="NYCMng">23993.0533333333</dst>
            <dst id="SNVAng">3729.432</dst>
            <dst id="STTLng">28095.1546666667</dst>
            <dst id="WASHng">34457.3866666667</dst>
        </src>
        <src id="DNVRng">
            <dst id="ATLA-M5">580.149333333333</dst>
            <dst id="ATLAng">5059.33066666667</dst>
            <dst id="CHINng">39478.6</dst>
            <dst id="DNVRng">16485.6293333333</dst>
            <dst id="HSTNng">19326.3893333333</dst>
            <dst id="IPLSng">14572.3573333333</dst>
            <dst id="KSCYng">52502.152</dst>
            <dst id="LOSAng">16226.9093333333</dst>
            <dst id="NYCMng">10188.568</dst>
            <dst id="SNVAng">14431.744</dst>
            <dst id="STTLng">37302.1013333333</dst>
            <dst id="WASHng">24167.152</dst>
        </src>
        <src id="HSTNng">
            <dst id="ATLA-M5">2533.152</dst>
            <dst id="ATLAng">5582.736</dst>
            <dst id="CHINng">15939.6986666667</dst>
            <dst id="DNVRng">2829.82666666667</dst>
            <dst id="HSTNng">11891.2746666667</dst>
            <dst id="IPLSng">4519.176</dst>
            <dst id="KSCYng">10896.752</dst>
            <dst id="LOSAng">9673.224</dst>
            <dst id="NYCMng">4271.45333333333</dst>
            <dst id="SNVAng">624.666666666667</dst>
            <dst id="STTLng">6835.976</dst>
            <dst id="WASHng">7712.67466666667</dst>
        </src>
        <src id="IPLSng">
            <dst id="ATLA-M5">540.885333333333</dst>
            <dst id="ATLAng">19446.4533333333</dst>
            <dst id="CHINng">37910.2186666667</dst>
            <dst id="DNVRng">22076.1413333333</dst>
            <dst id="HSTNng">4372.33333333333</dst>
            <dst id="IPLSng">11957.656</dst>
            <dst id="KSCYng">15964.448</dst>
            <dst id="LOSAng">12740.3546666667</dst>
            <dst id="NYCMng">10107.8746666667</dst>
            <dst id="SNVAng">2820.45866666667</dst>
            <dst id="STTLng">33887.9173333333</dst>
            <dst id="WASHng">24409.8373333333</dst>
        </src>
        <src id="KSCYng">
            <dst id="ATLA-M5">450.448</dst>
            <dst id="ATLAng">7328.816</dst>
            <dst id="CHINng">23727.6133333333</dst>
            <dst id="DNVRng">9250.29866666667</dst>
            <dst id="HSTNng">4156.50133333333</dst>
            <dst id="IPLSng">20819.768</dst>
            <dst id="KSCYng">15059.4106666667</dst>
            <dst id="LOSAng">4784.248</dst>
            <dst id="NYCMng">10159.0986666667</dst>
            <dst id="SNVAng">2435.49866666667</dst>
            <dst id="STTLng">11257.744</dst>
            <dst id="WASHng">21829.9893333333</dst>
        </src>
        <src id="LOSAng">
            <dst id="ATLA-M5">909.333333333333</dst>
            <dst id="ATLAng">15686.08</dst>
            <dst id="CHINng">81790.4853333333</dst>
            <dst id="DNVRng">38427.1573333333</dst>
            <dst id="HSTNng">5768.752</dst>
            <dst id="IPLSng">39554.896</dst>
            <dst id="KSCYng">5021.31733333333</dst>
            <dst id="LOSAng">16614.232</dst>
            <dst id="NYCMng">38385.4933333333</dst>
            <dst id="SNVAng">17968.1413333333</dst>
            <dst id="STTLng">54891.24</dst>
            <dst id="WASHng">61760.5546666667</dst>
        </src>
        <src id="NYCMng">
            <dst id="ATLA-M5">1389.02666666667</dst>
            <dst id="ATLAng">28621.312</dst>
            <dst id="CHINng">34879.8453333333</dst>
            <dst id="DNVRng">20651.616</dst>
            <dst id="HSTNng">12424.448</dst>
            <dst id="IPLSng">25624.3306666667</dst>
            <dst id="KSCYng">11223.04</dst>
            <dst id="LOSAng">68773.2053333333</dst>
            <dst id="NYCMng">80551.7546666667</dst>
            <dst id="SNVAng">2718.29066666667</dst>
            <dst id="STTLng">28791.3466666667</dst>
            <dst id="WASHng">90528.3626666667</dst>
        </src>
        <src id="SNVAng">
            <dst id="ATLA-M5">0</dst>
            <dst id="ATLAng">525.205333333333</dst>
            <dst id="CHINng">53.3333333333333</dst>
            <dst id="DNVRng">3589.57866666667</dst>
            <dst id="HSTNng">26.6666666666667</dst>
            <dst id="IPLSng">407.392</dst>
            <dst id="KSCYng">0</dst>
            <dst id="LOSAng">9074.84</dst>
            <dst id="NYCMng">254.458666666667</dst>
            <dst id="SNVAng">6480.82133333333</dst>
            <dst id="STTLng">16260.0533333333</dst>
            <dst id="WASHng">119.4</dst>
        </src>
        <src id="STTLng">
            <dst id="ATLA-M5">709.712</dst>
            <dst id="ATLAng">19660.9333333333</dst>
            <dst id="CHINng">28236.5173333333</dst>
            <dst id="DNVRng">18532.872</dst>
            <dst id="HSTNng">7944.93066666667</dst>
            <dst id="IPLSng">41266.4666666667</dst>
            <dst id="KSCYng">26882.624</dst>
            <dst id="LOSAng">43404.1066666667</dst>
            <dst id="NYCMng">11444.4853333333</dst>
            <dst id="SNVAng">4510.18933333333</dst>
            <dst id="STTLng">32122.6773333333</dst>
            <dst id="WASHng">36418.56</dst>
        </src>
        <src id="WASHng">
            <dst id="ATLA-M5">1627.152</dst>
            <dst id="ATLAng">114222.157333333</dst>
            <dst id="CHINng">82893.0186666667</dst>
            <dst id="DNVRng">67215.36</dst>
            <dst id="HSTNng">33440.6586666667</dst>
            <dst id="IPLSng">60214.6133333333</dst>
            <dst id="KSCYng">33147.5786666667</dst>
            <dst id="LOSAng">68167.5546666667</dst>
            <dst id="NYCMng">179775.381333333</dst>
            <dst id="SNVAng">6650.08</dst>
            <dst id="STTLng">51690.6346666667</dst>
            <dst id="WASHng">241484.317333333</dst>
        </src>
    </IntraTM>
</TrafficMatrixFile>
