<?xml version="1.0" encoding="ISO-8859-1" standalone="yes"?>
<TrafficMatrixFile xsi:noNamespaceSchemaLocation="http://totem.run.montefiore.ulg.ac.be/Schema/TrafficMatrix-v1_2.xsd" xmlns:xsi="http://www.w3.org/2001/XMLSchema-instance">
    <IntraTM ASID="11537">
        <src id="ATLA-M5">
            <dst id="ATLA-M5">53.3333333333333</dst>
            <dst id="ATLAng">1341.52</dst>
            <dst id="CHINng">813.317333333333</dst>
            <dst id="DNVRng">141.986666666667</dst>
            <dst id="HSTNng">486.256</dst>
            <dst id="IPLSng">661.778666666667</dst>
            <dst id="KSCYng">638.4</dst>
            <dst id="LOSAng">393.029333333333</dst>
            <dst id="NYCMng">1397.29333333333</dst>
            <dst id="SNVAng">26.6666666666667</dst>
            <dst id="STTLng">590.365333333333</dst>
            <dst id="WASHng">1986.25333333333</dst>
        </src>
        <src id="ATLAng">
            <dst id="ATLA-M5">465.517333333333</dst>
            <dst id="ATLAng">56389.0213333333</dst>
            <dst id="CHINng">18231.4506666667</dst>
            <dst id="DNVRng">6546.6</dst>
            <dst id="HSTNng">9947.528</dst>
            <dst id="IPLSng">25498.864</dst>
            <dst id="KSCYng">6068.78133333333</dst>
            <dst id="LOSAng">34986.4773333333</dst>
            <dst id="NYCMng">14574.704</dst>
            <dst id="SNVAng">359.24</dst>
            <dst id="STTLng">14870.384</dst>
            <dst id="WASHng">46960.2</dst>
        </src>
        <src id="CHINng">
            <dst id="ATLA-M5">1356.19733333333</dst>
            <dst id="ATLAng">33443.752</dst>
            <dst id="CHINng">263788.608</dst>
            <dst id="DNVRng">14863.84</dst>
            <dst id="HSTNng">15876.1306666667</dst>
            <dst id="IPLSng">51700.328</dst>
            <dst id="KSCYng">17213.16</dst>
            <dst id="LOSAng">35722.5173333333</dst>
            <dst id="NYCMng">13423.3013333333</dst>
            <dst id="SNVAng">5268.11466666667</dst>
            <dst id="STTLng">23971.008</dst>
            <dst id="WASHng">32867.64</dst>
        </src>
        <src id="DNVRng">
            <dst id="ATLA-M5">402.661333333333</dst>
            <dst id="ATLAng">5832.62933333333</dst>
            <dst id="CHINng">29351.056</dst>
            <dst id="DNVRng">10950.9546666667</dst>
            <dst id="HSTNng">18251.4506666667</dst>
            <dst id="IPLSng">10212.9093333333</dst>
            <dst id="KSCYng">27919.6293333333</dst>
            <dst id="LOSAng">14719.96</dst>
            <dst id="NYCMng">9143.12266666667</dst>
            <dst id="SNVAng">22112.728</dst>
            <dst id="STTLng">55627.2266666667</dst>
            <dst id="WASHng">23407.064</dst>
        </src>
        <src id="HSTNng">
            <dst id="ATLA-M5">3189.176</dst>
            <dst id="ATLAng">4209.12</dst>
            <dst id="CHINng">15092.856</dst>
            <dst id="DNVRng">1424.25333333333</dst>
            <dst id="HSTNng">18339.2</dst>
            <dst id="IPLSng">5663.96266666667</dst>
            <dst id="KSCYng">8434.61866666667</dst>
            <dst id="LOSAng">6247.01866666667</dst>
            <dst id="NYCMng">3136.61066666667</dst>
            <dst id="SNVAng">223.885333333333</dst>
            <dst id="STTLng">8406.03466666667</dst>
            <dst id="WASHng">10170.1733333333</dst>
        </src>
        <src id="IPLSng">
            <dst id="ATLA-M5">1042.90666666667</dst>
            <dst id="ATLAng">12039.008</dst>
            <dst id="CHINng">55237.4693333333</dst>
            <dst id="DNVRng">9064.75466666667</dst>
            <dst id="HSTNng">4656.00533333333</dst>
            <dst id="IPLSng">87968.048</dst>
            <dst id="KSCYng">21986.744</dst>
            <dst id="LOSAng">16141.48</dst>
            <dst id="NYCMng">10502.5253333333</dst>
            <dst id="SNVAng">1935.06666666667</dst>
            <dst id="STTLng">26541.8293333333</dst>
            <dst id="WASHng">36483.928</dst>
        </src>
        <src id="KSCYng">
            <dst id="ATLA-M5">805.042666666667</dst>
            <dst id="ATLAng">5344.69333333333</dst>
            <dst id="CHINng">27881.3146666667</dst>
            <dst id="DNVRng">8918.29866666667</dst>
            <dst id="HSTNng">6390.34133333333</dst>
            <dst id="IPLSng">15552.7306666667</dst>
            <dst id="KSCYng">9242.416</dst>
            <dst id="LOSAng">4574.36266666667</dst>
            <dst id="NYCMng">4804.34933333333</dst>
            <dst id="SNVAng">2361.85866666667</dst>
            <dst id="STTLng">11098.5146666667</dst>
            <dst id="WASHng">10969.0213333333</dst>
        </src>
        <src id="LOSAng">
            <dst id="ATLA-M5">788.090666666667</dst>
            <dst id="ATLAng">17503.5893333333</dst>
            <dst id="CHINng">98777.3386666667</dst>
            <dst id="DNVRng">22646.4986666667</dst>
            <dst id="HSTNng">41375.9386666667</dst>
            <dst id="IPLSng">34845.7493333333</dst>
            <dst id="KSCYng">6467.416</dst>
            <dst id="LOSAng">15054.2</dst>
            <dst id="NYCMng">36037.9306666667</dst>
            <dst id="SNVAng">24409.456</dst>
            <dst id="STTLng">69649.6053333334</dst>
            <dst id="WASHng">68310.648</dst>
        </src>
        <src id="NYCMng">
            <dst id="ATLA-M5">1319.98666666667</dst>
            <dst id="ATLAng">299953.84</dst>
            <dst id="CHINng">26568.9786666667</dst>
            <dst id="DNVRng">39009.2586666667</dst>
            <dst id="HSTNng">27125.3146666667</dst>
            <dst id="IPLSng">42034.3013333333</dst>
            <dst id="KSCYng">13720.7066666667</dst>
            <dst id="LOSAng">67261.6933333333</dst>
            <dst id="NYCMng">116502.456</dst>
            <dst id="SNVAng">7187.41866666667</dst>
            <dst id="STTLng">21435.816</dst>
            <dst id="WASHng">129652.658666667</dst>
        </src>
        <src id="SNVAng">
            <dst id="ATLA-M5">0</dst>
            <dst id="ATLAng">39.7333333333333</dst>
            <dst id="CHINng">106.666666666667</dst>
            <dst id="DNVRng">6171.46133333333</dst>
            <dst id="HSTNng">475.597333333333</dst>
            <dst id="IPLSng">518.309333333333</dst>
            <dst id="KSCYng">26.6666666666667</dst>
            <dst id="LOSAng">9458.46666666667</dst>
            <dst id="NYCMng">2878.89866666667</dst>
            <dst id="SNVAng">8801.10666666667</dst>
            <dst id="STTLng">16451.624</dst>
            <dst id="WASHng">53.3333333333333</dst>
        </src>
        <src id="STTLng">
            <dst id="ATLA-M5">2507.16533333333</dst>
            <dst id="ATLAng">33879.7573333333</dst>
            <dst id="CHINng">49910.496</dst>
            <dst id="DNVRng">31525.2133333333</dst>
            <dst id="HSTNng">25884.16</dst>
            <dst id="IPLSng">44604</dst>
            <dst id="KSCYng">23281.856</dst>
            <dst id="LOSAng">26060.5786666667</dst>
            <dst id="NYCMng">20233.8346666667</dst>
            <dst id="SNVAng">10215.536</dst>
            <dst id="STTLng">46800.3733333333</dst>
            <dst id="WASHng">40334.2053333333</dst>
        </src>
        <src id="WASHng">
            <dst id="ATLA-M5">8519.208</dst>
            <dst id="ATLAng">201485.504</dst>
            <dst id="CHINng">104847.466666667</dst>
            <dst id="DNVRng">119442.170666667</dst>
            <dst id="HSTNng">22521.656</dst>
            <dst id="IPLSng">77652.2133333333</dst>
            <dst id="KSCYng">25359.7173333333</dst>
            <dst id="LOSAng">75256.128</dst>
            <dst id="NYCMng">233614.810666667</dst>
            <dst id="SNVAng">17105.7493333333</dst>
            <dst id="STTLng">64296.76</dst>
            <dst id="WASHng">254627.522666667</dst>
        </src>
    </IntraTM>
</TrafficMatrixFile>
