<?xml version="1.0" encoding="ISO-8859-1" standalone="yes"?>
<TrafficMatrixFile xsi:noNamespaceSchemaLocation="http://totem.run.montefiore.ulg.ac.be/Schema/TrafficMatrix-v1_2.xsd" xmlns:xsi="http://www.w3.org/2001/XMLSchema-instance">
    <IntraTM ASID="11537">
        <src id="ATLA-M5">
            <dst id="ATLA-M5">109.594666666667</dst>
            <dst id="ATLAng">1176.76533333333</dst>
            <dst id="CHINng">2286.808</dst>
            <dst id="DNVRng">55.6293333333333</dst>
            <dst id="HSTNng">640.384</dst>
            <dst id="IPLSng">910.954666666667</dst>
            <dst id="KSCYng">743.856</dst>
            <dst id="LOSAng">429.578666666667</dst>
            <dst id="NYCMng">1530.10133333333</dst>
            <dst id="SNVAng">13.3333333333333</dst>
            <dst id="STTLng">553.157333333333</dst>
            <dst id="WASHng">1267.68</dst>
        </src>
        <src id="ATLAng">
            <dst id="ATLA-M5">3313.12266666667</dst>
            <dst id="ATLAng">60528.8186666667</dst>
            <dst id="CHINng">30645.5813333333</dst>
            <dst id="DNVRng">6212.456</dst>
            <dst id="HSTNng">11813.7946666667</dst>
            <dst id="IPLSng">24587.0826666667</dst>
            <dst id="KSCYng">6370.89333333333</dst>
            <dst id="LOSAng">17508.3893333333</dst>
            <dst id="NYCMng">6022.62933333333</dst>
            <dst id="SNVAng">886.122666666667</dst>
            <dst id="STTLng">10582.2373333333</dst>
            <dst id="WASHng">39626.864</dst>
        </src>
        <src id="CHINng">
            <dst id="ATLA-M5">2248.792</dst>
            <dst id="ATLAng">27196.2506666667</dst>
            <dst id="CHINng">104384.32</dst>
            <dst id="DNVRng">18589.872</dst>
            <dst id="HSTNng">15544.7386666667</dst>
            <dst id="IPLSng">56206.6133333333</dst>
            <dst id="KSCYng">19565.6293333333</dst>
            <dst id="LOSAng">54851.5413333333</dst>
            <dst id="NYCMng">19812.8346666667</dst>
            <dst id="SNVAng">7310.03733333334</dst>
            <dst id="STTLng">25383.9973333333</dst>
            <dst id="WASHng">34030.1546666667</dst>
        </src>
        <src id="DNVRng">
            <dst id="ATLA-M5">402.085333333333</dst>
            <dst id="ATLAng">5598.976</dst>
            <dst id="CHINng">30030.8533333333</dst>
            <dst id="DNVRng">13492.5306666667</dst>
            <dst id="HSTNng">14519.4693333333</dst>
            <dst id="IPLSng">11073.544</dst>
            <dst id="KSCYng">26547.3066666667</dst>
            <dst id="LOSAng">18858.5173333333</dst>
            <dst id="NYCMng">7827.61333333333</dst>
            <dst id="SNVAng">30241.7013333333</dst>
            <dst id="STTLng">34649.312</dst>
            <dst id="WASHng">28989.1386666667</dst>
        </src>
        <src id="HSTNng">
            <dst id="ATLA-M5">488.293333333333</dst>
            <dst id="ATLAng">3454.144</dst>
            <dst id="CHINng">14541.1173333333</dst>
            <dst id="DNVRng">3039.90666666667</dst>
            <dst id="HSTNng">14646.552</dst>
            <dst id="IPLSng">6717.624</dst>
            <dst id="KSCYng">12782.3253333333</dst>
            <dst id="LOSAng">6323.736</dst>
            <dst id="NYCMng">4132.31466666667</dst>
            <dst id="SNVAng">0</dst>
            <dst id="STTLng">7395.50666666667</dst>
            <dst id="WASHng">8099.90933333333</dst>
        </src>
        <src id="IPLSng">
            <dst id="ATLA-M5">706.994666666667</dst>
            <dst id="ATLAng">14428.4026666667</dst>
            <dst id="CHINng">43943.0133333333</dst>
            <dst id="DNVRng">11610.608</dst>
            <dst id="HSTNng">6985.12266666667</dst>
            <dst id="IPLSng">25117.8373333333</dst>
            <dst id="KSCYng">11447.872</dst>
            <dst id="LOSAng">14599.0586666667</dst>
            <dst id="NYCMng">7817.76533333333</dst>
            <dst id="SNVAng">3643.22133333333</dst>
            <dst id="STTLng">35758.4666666667</dst>
            <dst id="WASHng">18713.5146666667</dst>
        </src>
        <src id="KSCYng">
            <dst id="ATLA-M5">361.352</dst>
            <dst id="ATLAng">7924.15466666667</dst>
            <dst id="CHINng">23216.2</dst>
            <dst id="DNVRng">9623.12533333333</dst>
            <dst id="HSTNng">5677.848</dst>
            <dst id="IPLSng">19751.6666666667</dst>
            <dst id="KSCYng">12657.5093333333</dst>
            <dst id="LOSAng">6491.52</dst>
            <dst id="NYCMng">10606.2826666667</dst>
            <dst id="SNVAng">2830.88533333333</dst>
            <dst id="STTLng">11193.832</dst>
            <dst id="WASHng">16759.3226666667</dst>
        </src>
        <src id="LOSAng">
            <dst id="ATLA-M5">906.12</dst>
            <dst id="ATLAng">46388.1573333333</dst>
            <dst id="CHINng">79840.056</dst>
            <dst id="DNVRng">33717.7306666667</dst>
            <dst id="HSTNng">40120.5066666667</dst>
            <dst id="IPLSng">43624.5386666667</dst>
            <dst id="KSCYng">7491.856</dst>
            <dst id="LOSAng">15291.584</dst>
            <dst id="NYCMng">37408.592</dst>
            <dst id="SNVAng">17301.8933333333</dst>
            <dst id="STTLng">60756.1626666667</dst>
            <dst id="WASHng">61148.568</dst>
        </src>
        <src id="NYCMng">
            <dst id="ATLA-M5">1792.33866666667</dst>
            <dst id="ATLAng">32510.872</dst>
            <dst id="CHINng">34615.6613333333</dst>
            <dst id="DNVRng">26646.1466666667</dst>
            <dst id="HSTNng">13179.1173333333</dst>
            <dst id="IPLSng">35175.2346666667</dst>
            <dst id="KSCYng">11098.7333333333</dst>
            <dst id="LOSAng">66805.912</dst>
            <dst id="NYCMng">85731.04</dst>
            <dst id="SNVAng">3330.63733333333</dst>
            <dst id="STTLng">27635.2053333333</dst>
            <dst id="WASHng">103817.466666667</dst>
        </src>
        <src id="SNVAng">
            <dst id="ATLA-M5">0</dst>
            <dst id="ATLAng">726.293333333333</dst>
            <dst id="CHINng">53.3333333333333</dst>
            <dst id="DNVRng">972.813333333333</dst>
            <dst id="HSTNng">26.6666666666667</dst>
            <dst id="IPLSng">395.104</dst>
            <dst id="KSCYng">0</dst>
            <dst id="LOSAng">9444.15466666667</dst>
            <dst id="NYCMng">415.456</dst>
            <dst id="SNVAng">8441.93866666667</dst>
            <dst id="STTLng">19018.3466666667</dst>
            <dst id="WASHng">114.221333333333</dst>
        </src>
        <src id="STTLng">
            <dst id="ATLA-M5">2356.15733333333</dst>
            <dst id="ATLAng">21652.9866666667</dst>
            <dst id="CHINng">30814.2346666667</dst>
            <dst id="DNVRng">21900.4853333333</dst>
            <dst id="HSTNng">12027.6266666667</dst>
            <dst id="IPLSng">39256.9066666667</dst>
            <dst id="KSCYng">21096.544</dst>
            <dst id="LOSAng">39131.0053333333</dst>
            <dst id="NYCMng">9879.77333333333</dst>
            <dst id="SNVAng">5537.792</dst>
            <dst id="STTLng">29674.8213333333</dst>
            <dst id="WASHng">33147.008</dst>
        </src>
        <src id="WASHng">
            <dst id="ATLA-M5">1608.01066666667</dst>
            <dst id="ATLAng">105664.64</dst>
            <dst id="CHINng">90883.2453333333</dst>
            <dst id="DNVRng">73792.4373333333</dst>
            <dst id="HSTNng">35535.2133333333</dst>
            <dst id="IPLSng">53207.1333333333</dst>
            <dst id="KSCYng">33384.112</dst>
            <dst id="LOSAng">81399.9306666667</dst>
            <dst id="NYCMng">215330.237333333</dst>
            <dst id="SNVAng">7307.94133333333</dst>
            <dst id="STTLng">54592.432</dst>
            <dst id="WASHng">231697.146666667</dst>
        </src>
    </IntraTM>
</TrafficMatrixFile>
