<?xml version="1.0" encoding="ISO-8859-1" standalone="yes"?>
<TrafficMatrixFile xsi:noNamespaceSchemaLocation="http://totem.run.montefiore.ulg.ac.be/Schema/TrafficMatrix-v1_2.xsd" xmlns:xsi="http://www.w3.org/2001/XMLSchema-instance">
    <IntraTM ASID="11537">
        <src id="ATLA-M5">
            <dst id="ATLA-M5">49.4613333333333</dst>
            <dst id="ATLAng">844.077333333333</dst>
            <dst id="CHINng">661.144</dst>
            <dst id="DNVRng">274.781333333333</dst>
            <dst id="HSTNng">157.634666666667</dst>
            <dst id="IPLSng">869.429333333333</dst>
            <dst id="KSCYng">941.568</dst>
            <dst id="LOSAng">467.706666666667</dst>
            <dst id="NYCMng">1636.64533333333</dst>
            <dst id="SNVAng">66.608</dst>
            <dst id="STTLng">321.498666666667</dst>
            <dst id="WASHng">1090.94666666667</dst>
        </src>
        <src id="ATLAng">
            <dst id="ATLA-M5">144.957333333333</dst>
            <dst id="ATLAng">32570.664</dst>
            <dst id="CHINng">17267.808</dst>
            <dst id="DNVRng">5380.31733333333</dst>
            <dst id="HSTNng">19875.2</dst>
            <dst id="IPLSng">17220.696</dst>
            <dst id="KSCYng">3992.70666666667</dst>
            <dst id="LOSAng">24509.3653333333</dst>
            <dst id="NYCMng">12067.6666666667</dst>
            <dst id="SNVAng">689.285333333333</dst>
            <dst id="STTLng">12003.8666666667</dst>
            <dst id="WASHng">51087.888</dst>
        </src>
        <src id="CHINng">
            <dst id="ATLA-M5">986.408</dst>
            <dst id="ATLAng">16474.6133333333</dst>
            <dst id="CHINng">115821.032</dst>
            <dst id="DNVRng">11080.9973333333</dst>
            <dst id="HSTNng">12130.12</dst>
            <dst id="IPLSng">35910.304</dst>
            <dst id="KSCYng">11161.1306666667</dst>
            <dst id="LOSAng">33753.9653333333</dst>
            <dst id="NYCMng">24709.8533333333</dst>
            <dst id="SNVAng">4241.64533333333</dst>
            <dst id="STTLng">22251.2906666667</dst>
            <dst id="WASHng">29092.08</dst>
        </src>
        <src id="DNVRng">
            <dst id="ATLA-M5">423.898666666667</dst>
            <dst id="ATLAng">4132.24266666667</dst>
            <dst id="CHINng">36147.8373333333</dst>
            <dst id="DNVRng">10496.1493333333</dst>
            <dst id="HSTNng">15347.5893333333</dst>
            <dst id="IPLSng">9050.78933333334</dst>
            <dst id="KSCYng">20371.6693333333</dst>
            <dst id="LOSAng">9013.16533333333</dst>
            <dst id="NYCMng">6841.304</dst>
            <dst id="SNVAng">25083.7786666667</dst>
            <dst id="STTLng">29739.8746666667</dst>
            <dst id="WASHng">25142.1573333333</dst>
        </src>
        <src id="HSTNng">
            <dst id="ATLA-M5">822.794666666667</dst>
            <dst id="ATLAng">3541.216</dst>
            <dst id="CHINng">15329.496</dst>
            <dst id="DNVRng">1480.93333333333</dst>
            <dst id="HSTNng">11281.5866666667</dst>
            <dst id="IPLSng">4564.98133333333</dst>
            <dst id="KSCYng">9705.568</dst>
            <dst id="LOSAng">9592.23466666667</dst>
            <dst id="NYCMng">5078.36533333333</dst>
            <dst id="SNVAng">26.6666666666667</dst>
            <dst id="STTLng">5345.36</dst>
            <dst id="WASHng">10843.4533333333</dst>
        </src>
        <src id="IPLSng">
            <dst id="ATLA-M5">500.282666666667</dst>
            <dst id="ATLAng">13479.4586666667</dst>
            <dst id="CHINng">45455.6293333333</dst>
            <dst id="DNVRng">5840.10933333334</dst>
            <dst id="HSTNng">2687.70933333333</dst>
            <dst id="IPLSng">31614.1786666667</dst>
            <dst id="KSCYng">4185.90666666667</dst>
            <dst id="LOSAng">12799.136</dst>
            <dst id="NYCMng">8044.82933333333</dst>
            <dst id="SNVAng">3724.18933333333</dst>
            <dst id="STTLng">18705.6586666667</dst>
            <dst id="WASHng">14762.6186666667</dst>
        </src>
        <src id="KSCYng">
            <dst id="ATLA-M5">422.877333333333</dst>
            <dst id="ATLAng">7105.93066666667</dst>
            <dst id="CHINng">39555.2533333333</dst>
            <dst id="DNVRng">8144.936</dst>
            <dst id="HSTNng">4384.992</dst>
            <dst id="IPLSng">15470.1706666667</dst>
            <dst id="KSCYng">8565.98933333333</dst>
            <dst id="LOSAng">5829.55466666667</dst>
            <dst id="NYCMng">14363.5653333333</dst>
            <dst id="SNVAng">2502.38666666667</dst>
            <dst id="STTLng">8190.024</dst>
            <dst id="WASHng">16425.2053333333</dst>
        </src>
        <src id="LOSAng">
            <dst id="ATLA-M5">173.445333333333</dst>
            <dst id="ATLAng">14421.4346666667</dst>
            <dst id="CHINng">96365.512</dst>
            <dst id="DNVRng">17680.6293333333</dst>
            <dst id="HSTNng">2912.24</dst>
            <dst id="IPLSng">33526.8613333333</dst>
            <dst id="KSCYng">5298.80266666667</dst>
            <dst id="LOSAng">19939.472</dst>
            <dst id="NYCMng">32567.0133333333</dst>
            <dst id="SNVAng">26291.1893333333</dst>
            <dst id="STTLng">56277.712</dst>
            <dst id="WASHng">48368.7653333333</dst>
        </src>
        <src id="NYCMng">
            <dst id="ATLA-M5">1700.41333333333</dst>
            <dst id="ATLAng">23818.3706666667</dst>
            <dst id="CHINng">47227.2</dst>
            <dst id="DNVRng">20358.632</dst>
            <dst id="HSTNng">10660.7706666667</dst>
            <dst id="IPLSng">18853.936</dst>
            <dst id="KSCYng">12596.4906666667</dst>
            <dst id="LOSAng">62739.3306666667</dst>
            <dst id="NYCMng">87006.9333333333</dst>
            <dst id="SNVAng">2386.34133333333</dst>
            <dst id="STTLng">26459.7813333333</dst>
            <dst id="WASHng">76998.3786666667</dst>
        </src>
        <src id="SNVAng">
            <dst id="ATLA-M5">0</dst>
            <dst id="ATLAng">0</dst>
            <dst id="CHINng">82.1786666666667</dst>
            <dst id="DNVRng">1552.24</dst>
            <dst id="HSTNng">0</dst>
            <dst id="IPLSng">397.968</dst>
            <dst id="KSCYng">26.6666666666667</dst>
            <dst id="LOSAng">8889.328</dst>
            <dst id="NYCMng">225.517333333333</dst>
            <dst id="SNVAng">7801.64</dst>
            <dst id="STTLng">17716.7973333333</dst>
            <dst id="WASHng">84.2453333333333</dst>
        </src>
        <src id="STTLng">
            <dst id="ATLA-M5">997.168</dst>
            <dst id="ATLAng">12330.8906666667</dst>
            <dst id="CHINng">24505.792</dst>
            <dst id="DNVRng">11548.2666666667</dst>
            <dst id="HSTNng">3299.104</dst>
            <dst id="IPLSng">10493.1493333333</dst>
            <dst id="KSCYng">7887.05333333333</dst>
            <dst id="LOSAng">46450.2986666667</dst>
            <dst id="NYCMng">8103.79466666667</dst>
            <dst id="SNVAng">8902.58933333333</dst>
            <dst id="STTLng">20147.8426666667</dst>
            <dst id="WASHng">12682.6933333333</dst>
        </src>
        <src id="WASHng">
            <dst id="ATLA-M5">2466.856</dst>
            <dst id="ATLAng">120186.464</dst>
            <dst id="CHINng">80082.2666666667</dst>
            <dst id="DNVRng">53292.64</dst>
            <dst id="HSTNng">23079.384</dst>
            <dst id="IPLSng">35944.0986666667</dst>
            <dst id="KSCYng">26358.864</dst>
            <dst id="LOSAng">77229.6266666667</dst>
            <dst id="NYCMng">152017.88</dst>
            <dst id="SNVAng">5845.22133333333</dst>
            <dst id="STTLng">53651.4506666667</dst>
            <dst id="WASHng">197071.325333333</dst>
        </src>
    </IntraTM>
</TrafficMatrixFile>
