<?xml version="1.0" encoding="ISO-8859-1" standalone="yes"?>
<TrafficMatrixFile xsi:noNamespaceSchemaLocation="http://totem.run.montefiore.ulg.ac.be/Schema/TrafficMatrix-v1_2.xsd" xmlns:xsi="http://www.w3.org/2001/XMLSchema-instance">
    <IntraTM ASID="11537">
        <src id="ATLA-M5">
            <dst id="ATLA-M5">0</dst>
            <dst id="ATLAng">577.16</dst>
            <dst id="CHINng">1703.10933333333</dst>
            <dst id="DNVRng">1014.848</dst>
            <dst id="HSTNng">237.157333333333</dst>
            <dst id="IPLSng">524.392</dst>
            <dst id="KSCYng">196.058666666667</dst>
            <dst id="LOSAng">131.762666666667</dst>
            <dst id="NYCMng">1525.00266666667</dst>
            <dst id="SNVAng">0</dst>
            <dst id="STTLng">450.106666666667</dst>
            <dst id="WASHng">1517.55733333333</dst>
        </src>
        <src id="ATLAng">
            <dst id="ATLA-M5">121.136</dst>
            <dst id="ATLAng">42013.6773333333</dst>
            <dst id="CHINng">17194.5493333333</dst>
            <dst id="DNVRng">4375.456</dst>
            <dst id="HSTNng">4344.94666666667</dst>
            <dst id="IPLSng">20892.1786666667</dst>
            <dst id="KSCYng">2867.69866666667</dst>
            <dst id="LOSAng">14260.0106666667</dst>
            <dst id="NYCMng">5988.75733333333</dst>
            <dst id="SNVAng">728.018666666667</dst>
            <dst id="STTLng">10844.3493333333</dst>
            <dst id="WASHng">49858.5573333333</dst>
        </src>
        <src id="CHINng">
            <dst id="ATLA-M5">490.042666666667</dst>
            <dst id="ATLAng">21805.976</dst>
            <dst id="CHINng">121673.922666667</dst>
            <dst id="DNVRng">11257.3813333333</dst>
            <dst id="HSTNng">17154.28</dst>
            <dst id="IPLSng">61127.0693333333</dst>
            <dst id="KSCYng">13614.6666666667</dst>
            <dst id="LOSAng">35287.8586666667</dst>
            <dst id="NYCMng">18362.136</dst>
            <dst id="SNVAng">3379.728</dst>
            <dst id="STTLng">25808.9813333333</dst>
            <dst id="WASHng">17589.904</dst>
        </src>
        <src id="DNVRng">
            <dst id="ATLA-M5">961.909333333333</dst>
            <dst id="ATLAng">3858.872</dst>
            <dst id="CHINng">41661.5493333333</dst>
            <dst id="DNVRng">15228.8586666667</dst>
            <dst id="HSTNng">18526.2826666667</dst>
            <dst id="IPLSng">15125.776</dst>
            <dst id="KSCYng">20242.2026666667</dst>
            <dst id="LOSAng">8941.92533333333</dst>
            <dst id="NYCMng">6901.57066666667</dst>
            <dst id="SNVAng">15913.288</dst>
            <dst id="STTLng">33940.7653333333</dst>
            <dst id="WASHng">27073.8026666667</dst>
        </src>
        <src id="HSTNng">
            <dst id="ATLA-M5">1201.952</dst>
            <dst id="ATLAng">2376.89333333333</dst>
            <dst id="CHINng">26704.904</dst>
            <dst id="DNVRng">1790.09333333333</dst>
            <dst id="HSTNng">17337.72</dst>
            <dst id="IPLSng">2969.54666666667</dst>
            <dst id="KSCYng">9137.28533333333</dst>
            <dst id="LOSAng">5071.58133333333</dst>
            <dst id="NYCMng">4033.03466666667</dst>
            <dst id="SNVAng">78.3626666666667</dst>
            <dst id="STTLng">6960.05333333333</dst>
            <dst id="WASHng">11848.952</dst>
        </src>
        <src id="IPLSng">
            <dst id="ATLA-M5">991.432</dst>
            <dst id="ATLAng">10148.0613333333</dst>
            <dst id="CHINng">66162.184</dst>
            <dst id="DNVRng">15981.5546666667</dst>
            <dst id="HSTNng">3755.60533333333</dst>
            <dst id="IPLSng">19776.4746666667</dst>
            <dst id="KSCYng">3190.34666666667</dst>
            <dst id="LOSAng">17936.1893333333</dst>
            <dst id="NYCMng">10706.016</dst>
            <dst id="SNVAng">1073.336</dst>
            <dst id="STTLng">26794.0186666667</dst>
            <dst id="WASHng">15896.6213333333</dst>
        </src>
        <src id="KSCYng">
            <dst id="ATLA-M5">274.778666666667</dst>
            <dst id="ATLAng">6036.52533333333</dst>
            <dst id="CHINng">29229.432</dst>
            <dst id="DNVRng">9037.24266666667</dst>
            <dst id="HSTNng">2781.20266666667</dst>
            <dst id="IPLSng">19720.248</dst>
            <dst id="KSCYng">15993.304</dst>
            <dst id="LOSAng">5496.936</dst>
            <dst id="NYCMng">7401.99733333333</dst>
            <dst id="SNVAng">2904.528</dst>
            <dst id="STTLng">7951.41866666667</dst>
            <dst id="WASHng">11019.92</dst>
        </src>
        <src id="LOSAng">
            <dst id="ATLA-M5">53.3333333333333</dst>
            <dst id="ATLAng">9789.25333333333</dst>
            <dst id="CHINng">82739.9813333333</dst>
            <dst id="DNVRng">8988.59466666666</dst>
            <dst id="HSTNng">2674.36</dst>
            <dst id="IPLSng">23917.2533333333</dst>
            <dst id="KSCYng">6056.208</dst>
            <dst id="LOSAng">14627.576</dst>
            <dst id="NYCMng">25302.048</dst>
            <dst id="SNVAng">20368.008</dst>
            <dst id="STTLng">49194.7813333333</dst>
            <dst id="WASHng">39881.4506666667</dst>
        </src>
        <src id="NYCMng">
            <dst id="ATLA-M5">1332.576</dst>
            <dst id="ATLAng">23038.7333333333</dst>
            <dst id="CHINng">32168.7893333333</dst>
            <dst id="DNVRng">26047.6053333333</dst>
            <dst id="HSTNng">9181.72</dst>
            <dst id="IPLSng">19467.5786666667</dst>
            <dst id="KSCYng">10392.568</dst>
            <dst id="LOSAng">44198.9546666667</dst>
            <dst id="NYCMng">92403.8453333333</dst>
            <dst id="SNVAng">1446.84533333333</dst>
            <dst id="STTLng">25202.1013333333</dst>
            <dst id="WASHng">72580.7546666667</dst>
        </src>
        <src id="SNVAng">
            <dst id="ATLA-M5">0</dst>
            <dst id="ATLAng">0</dst>
            <dst id="CHINng">53.3333333333333</dst>
            <dst id="DNVRng">1302.16</dst>
            <dst id="HSTNng">64.32</dst>
            <dst id="IPLSng">439.522666666667</dst>
            <dst id="KSCYng">26.6666666666667</dst>
            <dst id="LOSAng">4606.31733333333</dst>
            <dst id="NYCMng">193.066666666667</dst>
            <dst id="SNVAng">6201.93066666667</dst>
            <dst id="STTLng">22776.376</dst>
            <dst id="WASHng">5777.632</dst>
        </src>
        <src id="STTLng">
            <dst id="ATLA-M5">1508.91733333333</dst>
            <dst id="ATLAng">11421.9786666667</dst>
            <dst id="CHINng">33263.488</dst>
            <dst id="DNVRng">5688.61866666667</dst>
            <dst id="HSTNng">2831.96</dst>
            <dst id="IPLSng">9989.82933333333</dst>
            <dst id="KSCYng">7428.49066666667</dst>
            <dst id="LOSAng">37157.4933333333</dst>
            <dst id="NYCMng">7075.92533333333</dst>
            <dst id="SNVAng">4433.232</dst>
            <dst id="STTLng">23651.488</dst>
            <dst id="WASHng">13180.4</dst>
        </src>
        <src id="WASHng">
            <dst id="ATLA-M5">1045.80266666667</dst>
            <dst id="ATLAng">137663.92</dst>
            <dst id="CHINng">83558.3146666667</dst>
            <dst id="DNVRng">63084.1253333333</dst>
            <dst id="HSTNng">35750.2986666667</dst>
            <dst id="IPLSng">49461.3866666667</dst>
            <dst id="KSCYng">30442.0293333333</dst>
            <dst id="LOSAng">71516.6453333333</dst>
            <dst id="NYCMng">165103.954666667</dst>
            <dst id="SNVAng">6208.736</dst>
            <dst id="STTLng">54964.864</dst>
            <dst id="WASHng">244454.125333333</dst>
        </src>
    </IntraTM>
</TrafficMatrixFile>
