<?xml version="1.0" encoding="ISO-8859-1" standalone="yes"?>
<TrafficMatrixFile xsi:noNamespaceSchemaLocation="http://totem.run.montefiore.ulg.ac.be/Schema/TrafficMatrix-v1_2.xsd" xmlns:xsi="http://www.w3.org/2001/XMLSchema-instance">
    <IntraTM ASID="11537">
        <src id="ATLA-M5">
            <dst id="ATLA-M5">0</dst>
            <dst id="ATLAng">631.146666666667</dst>
            <dst id="CHINng">591.349333333333</dst>
            <dst id="DNVRng">1470.21066666667</dst>
            <dst id="HSTNng">60.08</dst>
            <dst id="IPLSng">870.114666666667</dst>
            <dst id="KSCYng">214.192</dst>
            <dst id="LOSAng">559.534666666667</dst>
            <dst id="NYCMng">1273.424</dst>
            <dst id="SNVAng">470.993333333333</dst>
            <dst id="STTLng">360.288</dst>
            <dst id="WASHng">883.581333333333</dst>
        </src>
        <src id="ATLAng">
            <dst id="ATLA-M5">731.992</dst>
            <dst id="ATLAng">40543.3946666667</dst>
            <dst id="CHINng">12402.4053333333</dst>
            <dst id="DNVRng">4197.13333333333</dst>
            <dst id="HSTNng">5271.336</dst>
            <dst id="IPLSng">20284.0853333333</dst>
            <dst id="KSCYng">3060.92</dst>
            <dst id="LOSAng">23538.9786666667</dst>
            <dst id="NYCMng">8228.82133333334</dst>
            <dst id="SNVAng">1009.984</dst>
            <dst id="STTLng">7892.728</dst>
            <dst id="WASHng">52077.7573333333</dst>
        </src>
        <src id="CHINng">
            <dst id="ATLA-M5">1943.96266666667</dst>
            <dst id="ATLAng">25259.5573333333</dst>
            <dst id="CHINng">83992.328</dst>
            <dst id="DNVRng">11560.7386666667</dst>
            <dst id="HSTNng">13723.7493333333</dst>
            <dst id="IPLSng">72169.44</dst>
            <dst id="KSCYng">13104.7466666667</dst>
            <dst id="LOSAng">49073.8906666667</dst>
            <dst id="NYCMng">10294.2826666667</dst>
            <dst id="SNVAng">2906.29866666667</dst>
            <dst id="STTLng">14559.4373333333</dst>
            <dst id="WASHng">24613.7706666667</dst>
        </src>
        <src id="DNVRng">
            <dst id="ATLA-M5">302.976</dst>
            <dst id="ATLAng">10891.0906666667</dst>
            <dst id="CHINng">59283.6853333333</dst>
            <dst id="DNVRng">8273.73866666667</dst>
            <dst id="HSTNng">10454.2</dst>
            <dst id="IPLSng">17485.28</dst>
            <dst id="KSCYng">17362.2906666667</dst>
            <dst id="LOSAng">10179.816</dst>
            <dst id="NYCMng">7872.88533333333</dst>
            <dst id="SNVAng">9950.88</dst>
            <dst id="STTLng">18091.584</dst>
            <dst id="WASHng">20075.5466666667</dst>
        </src>
        <src id="HSTNng">
            <dst id="ATLA-M5">1711.29866666667</dst>
            <dst id="ATLAng">3159.87733333333</dst>
            <dst id="CHINng">22160.7733333333</dst>
            <dst id="DNVRng">1390.92266666667</dst>
            <dst id="HSTNng">8575.78933333333</dst>
            <dst id="IPLSng">2640.904</dst>
            <dst id="KSCYng">5590.2</dst>
            <dst id="LOSAng">7065.66666666667</dst>
            <dst id="NYCMng">1546.34933333333</dst>
            <dst id="SNVAng">554.266666666667</dst>
            <dst id="STTLng">4182.63733333333</dst>
            <dst id="WASHng">4961.16</dst>
        </src>
        <src id="IPLSng">
            <dst id="ATLA-M5">313.866666666667</dst>
            <dst id="ATLAng">9097.06133333333</dst>
            <dst id="CHINng">59238.1866666667</dst>
            <dst id="DNVRng">11459.8213333333</dst>
            <dst id="HSTNng">1187.00533333333</dst>
            <dst id="IPLSng">11735.216</dst>
            <dst id="KSCYng">16241.56</dst>
            <dst id="LOSAng">13728.152</dst>
            <dst id="NYCMng">4538.512</dst>
            <dst id="SNVAng">1253.272</dst>
            <dst id="STTLng">25050.952</dst>
            <dst id="WASHng">10271.8906666667</dst>
        </src>
        <src id="KSCYng">
            <dst id="ATLA-M5">224.005333333333</dst>
            <dst id="ATLAng">7142.56533333333</dst>
            <dst id="CHINng">27065.2453333333</dst>
            <dst id="DNVRng">7548.848</dst>
            <dst id="HSTNng">3968.85333333333</dst>
            <dst id="IPLSng">14315.0213333333</dst>
            <dst id="KSCYng">9918.568</dst>
            <dst id="LOSAng">5340.824</dst>
            <dst id="NYCMng">2451.55733333333</dst>
            <dst id="SNVAng">2580.38933333333</dst>
            <dst id="STTLng">6244.05066666667</dst>
            <dst id="WASHng">9096.04</dst>
        </src>
        <src id="LOSAng">
            <dst id="ATLA-M5">239.933333333333</dst>
            <dst id="ATLAng">8994.34133333333</dst>
            <dst id="CHINng">6343048.53333333</dst>
            <dst id="DNVRng">19455.7013333333</dst>
            <dst id="HSTNng">4051.29066666667</dst>
            <dst id="IPLSng">10554.6826666667</dst>
            <dst id="KSCYng">15337.3173333333</dst>
            <dst id="LOSAng">13496.728</dst>
            <dst id="NYCMng">44653.6133333333</dst>
            <dst id="SNVAng">18038.712</dst>
            <dst id="STTLng">60374.52</dst>
            <dst id="WASHng">43310.0613333333</dst>
        </src>
        <src id="NYCMng">
            <dst id="ATLA-M5">873.112</dst>
            <dst id="ATLAng">17647.4986666667</dst>
            <dst id="CHINng">33223.7946666667</dst>
            <dst id="DNVRng">14080.8346666667</dst>
            <dst id="HSTNng">11050.144</dst>
            <dst id="IPLSng">14901.9226666667</dst>
            <dst id="KSCYng">8191.28533333333</dst>
            <dst id="LOSAng">63009.488</dst>
            <dst id="NYCMng">98030.9013333333</dst>
            <dst id="SNVAng">1649.24533333333</dst>
            <dst id="STTLng">26545.76</dst>
            <dst id="WASHng">56445.072</dst>
        </src>
        <src id="SNVAng">
            <dst id="ATLA-M5">26.6666666666667</dst>
            <dst id="ATLAng">280.472</dst>
            <dst id="CHINng">53.3333333333333</dst>
            <dst id="DNVRng">2457.03466666667</dst>
            <dst id="HSTNng">0</dst>
            <dst id="IPLSng">369.514666666667</dst>
            <dst id="KSCYng">0</dst>
            <dst id="LOSAng">20448.304</dst>
            <dst id="NYCMng">0</dst>
            <dst id="SNVAng">8477.76</dst>
            <dst id="STTLng">16445.728</dst>
            <dst id="WASHng">53.3333333333333</dst>
        </src>
        <src id="STTLng">
            <dst id="ATLA-M5">1851.17333333333</dst>
            <dst id="ATLAng">15525.5573333333</dst>
            <dst id="CHINng">25558.792</dst>
            <dst id="DNVRng">5718.384</dst>
            <dst id="HSTNng">3954.71466666667</dst>
            <dst id="IPLSng">10649.9146666667</dst>
            <dst id="KSCYng">6301.05333333333</dst>
            <dst id="LOSAng">52170.1573333333</dst>
            <dst id="NYCMng">11171.3786666667</dst>
            <dst id="SNVAng">2606.89866666667</dst>
            <dst id="STTLng">20115.296</dst>
            <dst id="WASHng">13226.3893333333</dst>
        </src>
        <src id="WASHng">
            <dst id="ATLA-M5">1034.41866666667</dst>
            <dst id="ATLAng">80052.168</dst>
            <dst id="CHINng">67107.616</dst>
            <dst id="DNVRng">62332.664</dst>
            <dst id="HSTNng">22272.9493333333</dst>
            <dst id="IPLSng">55214.9386666667</dst>
            <dst id="KSCYng">29924.912</dst>
            <dst id="LOSAng">89692.104</dst>
            <dst id="NYCMng">160547.4</dst>
            <dst id="SNVAng">4171.78666666667</dst>
            <dst id="STTLng">62340.4773333333</dst>
            <dst id="WASHng">209924.24</dst>
        </src>
    </IntraTM>
</TrafficMatrixFile>
