<?xml version="1.0" encoding="ISO-8859-1" standalone="yes"?>
<TrafficMatrixFile xsi:noNamespaceSchemaLocation="http://totem.run.montefiore.ulg.ac.be/Schema/TrafficMatrix-v1_2.xsd" xmlns:xsi="http://www.w3.org/2001/XMLSchema-instance">
    <IntraTM ASID="11537">
        <src id="ATLA-M5">
            <dst id="ATLA-M5">0</dst>
            <dst id="ATLAng">393.213333333333</dst>
            <dst id="CHINng">866.6</dst>
            <dst id="DNVRng">1433.75466666667</dst>
            <dst id="HSTNng">172.768</dst>
            <dst id="IPLSng">146.386666666667</dst>
            <dst id="KSCYng">429.944</dst>
            <dst id="LOSAng">181.686666666667</dst>
            <dst id="NYCMng">55.792</dst>
            <dst id="SNVAng">322.582666666667</dst>
            <dst id="STTLng">664.592</dst>
            <dst id="WASHng">894.050666666667</dst>
        </src>
        <src id="ATLAng">
            <dst id="ATLA-M5">1548.65333333333</dst>
            <dst id="ATLAng">42698.2426666667</dst>
            <dst id="CHINng">10826.88</dst>
            <dst id="DNVRng">4368.34133333333</dst>
            <dst id="HSTNng">6154.15733333333</dst>
            <dst id="IPLSng">39378.288</dst>
            <dst id="KSCYng">3945.62933333333</dst>
            <dst id="LOSAng">19896.9386666667</dst>
            <dst id="NYCMng">9399.02933333333</dst>
            <dst id="SNVAng">364.618666666667</dst>
            <dst id="STTLng">8405.02666666667</dst>
            <dst id="WASHng">52338.7866666667</dst>
        </src>
        <src id="CHINng">
            <dst id="ATLA-M5">1854.39733333333</dst>
            <dst id="ATLAng">18794.5253333333</dst>
            <dst id="CHINng">86693.4106666667</dst>
            <dst id="DNVRng">14142.6933333333</dst>
            <dst id="HSTNng">14357.5466666667</dst>
            <dst id="IPLSng">78114.752</dst>
            <dst id="KSCYng">10773.2933333333</dst>
            <dst id="LOSAng">43178.3013333333</dst>
            <dst id="NYCMng">10535.44</dst>
            <dst id="SNVAng">4650.03466666667</dst>
            <dst id="STTLng">19310.8666666667</dst>
            <dst id="WASHng">17556.7226666667</dst>
        </src>
        <src id="DNVRng">
            <dst id="ATLA-M5">272</dst>
            <dst id="ATLAng">3042.632</dst>
            <dst id="CHINng">87384.68</dst>
            <dst id="DNVRng">16777.336</dst>
            <dst id="HSTNng">17515.968</dst>
            <dst id="IPLSng">10120.5013333333</dst>
            <dst id="KSCYng">16943.176</dst>
            <dst id="LOSAng">9412.05333333333</dst>
            <dst id="NYCMng">8595.10666666667</dst>
            <dst id="SNVAng">12594.4293333333</dst>
            <dst id="STTLng">22746.904</dst>
            <dst id="WASHng">22661.8906666667</dst>
        </src>
        <src id="HSTNng">
            <dst id="ATLA-M5">3535.70666666667</dst>
            <dst id="ATLAng">3509.168</dst>
            <dst id="CHINng">14759.7066666667</dst>
            <dst id="DNVRng">2121.76266666667</dst>
            <dst id="HSTNng">19158.9573333333</dst>
            <dst id="IPLSng">2303.63733333333</dst>
            <dst id="KSCYng">8543.184</dst>
            <dst id="LOSAng">5368.66133333333</dst>
            <dst id="NYCMng">1850.95733333333</dst>
            <dst id="SNVAng">165.621333333333</dst>
            <dst id="STTLng">4170.864</dst>
            <dst id="WASHng">6669.02133333333</dst>
        </src>
        <src id="IPLSng">
            <dst id="ATLA-M5">396.264</dst>
            <dst id="ATLAng">9699.504</dst>
            <dst id="CHINng">68111.1333333333</dst>
            <dst id="DNVRng">7017.65066666667</dst>
            <dst id="HSTNng">1062.24533333333</dst>
            <dst id="IPLSng">18525.5066666667</dst>
            <dst id="KSCYng">8305.928</dst>
            <dst id="LOSAng">15428.112</dst>
            <dst id="NYCMng">5501.50933333333</dst>
            <dst id="SNVAng">920.616</dst>
            <dst id="STTLng">22295.1973333333</dst>
            <dst id="WASHng">14823.936</dst>
        </src>
        <src id="KSCYng">
            <dst id="ATLA-M5">76.2346666666667</dst>
            <dst id="ATLAng">5440.85333333333</dst>
            <dst id="CHINng">30794.776</dst>
            <dst id="DNVRng">6933.30666666667</dst>
            <dst id="HSTNng">3323.57066666667</dst>
            <dst id="IPLSng">22411.984</dst>
            <dst id="KSCYng">21200.9066666667</dst>
            <dst id="LOSAng">8189.80533333333</dst>
            <dst id="NYCMng">3891.26133333333</dst>
            <dst id="SNVAng">2219.59733333333</dst>
            <dst id="STTLng">6532.88533333333</dst>
            <dst id="WASHng">10796.0106666667</dst>
        </src>
        <src id="LOSAng">
            <dst id="ATLA-M5">183.384</dst>
            <dst id="ATLAng">9081.432</dst>
            <dst id="CHINng">6540209.6</dst>
            <dst id="DNVRng">25110.2266666667</dst>
            <dst id="HSTNng">4374.71466666667</dst>
            <dst id="IPLSng">10363.2026666667</dst>
            <dst id="KSCYng">14585.4026666667</dst>
            <dst id="LOSAng">16020.8213333333</dst>
            <dst id="NYCMng">43796.8773333333</dst>
            <dst id="SNVAng">20182.7813333333</dst>
            <dst id="STTLng">59391.7173333333</dst>
            <dst id="WASHng">65809.944</dst>
        </src>
        <src id="NYCMng">
            <dst id="ATLA-M5">856.965333333334</dst>
            <dst id="ATLAng">18593.3493333333</dst>
            <dst id="CHINng">33047.8106666667</dst>
            <dst id="DNVRng">16555.1253333333</dst>
            <dst id="HSTNng">9446.78666666667</dst>
            <dst id="IPLSng">23925.28</dst>
            <dst id="KSCYng">8457.768</dst>
            <dst id="LOSAng">58422.0293333333</dst>
            <dst id="NYCMng">91953.4773333333</dst>
            <dst id="SNVAng">1316.88266666667</dst>
            <dst id="STTLng">21082.2693333333</dst>
            <dst id="WASHng">45568.3093333334</dst>
        </src>
        <src id="SNVAng">
            <dst id="ATLA-M5">0</dst>
            <dst id="ATLAng">293.093333333333</dst>
            <dst id="CHINng">106.666666666667</dst>
            <dst id="DNVRng">455.050666666667</dst>
            <dst id="HSTNng">26.6666666666667</dst>
            <dst id="IPLSng">346.816</dst>
            <dst id="KSCYng">0</dst>
            <dst id="LOSAng">8955.81866666666</dst>
            <dst id="NYCMng">53.3333333333333</dst>
            <dst id="SNVAng">9253.97866666667</dst>
            <dst id="STTLng">17575.6906666667</dst>
            <dst id="WASHng">53.3333333333333</dst>
        </src>
        <src id="STTLng">
            <dst id="ATLA-M5">275.365333333333</dst>
            <dst id="ATLAng">14368.456</dst>
            <dst id="CHINng">22448.496</dst>
            <dst id="DNVRng">8393.69866666667</dst>
            <dst id="HSTNng">2790.09866666667</dst>
            <dst id="IPLSng">16000.488</dst>
            <dst id="KSCYng">4242.55733333333</dst>
            <dst id="LOSAng">40499.992</dst>
            <dst id="NYCMng">9906.2</dst>
            <dst id="SNVAng">2936.42666666667</dst>
            <dst id="STTLng">21590.1253333333</dst>
            <dst id="WASHng">10239.5946666667</dst>
        </src>
        <src id="WASHng">
            <dst id="ATLA-M5">648.952</dst>
            <dst id="ATLAng">125441.941333333</dst>
            <dst id="CHINng">82281.9706666667</dst>
            <dst id="DNVRng">61934.5066666667</dst>
            <dst id="HSTNng">27823.7973333333</dst>
            <dst id="IPLSng">59136.5653333333</dst>
            <dst id="KSCYng">30325.1066666667</dst>
            <dst id="LOSAng">73400.0186666667</dst>
            <dst id="NYCMng">128081.16</dst>
            <dst id="SNVAng">2148.13333333333</dst>
            <dst id="STTLng">54530.96</dst>
            <dst id="WASHng">249611.813333333</dst>
        </src>
    </IntraTM>
</TrafficMatrixFile>
