<?xml version="1.0" encoding="ISO-8859-1" standalone="yes"?>
<TrafficMatrixFile xsi:noNamespaceSchemaLocation="http://totem.run.montefiore.ulg.ac.be/Schema/TrafficMatrix-v1_2.xsd" xmlns:xsi="http://www.w3.org/2001/XMLSchema-instance">
    <IntraTM ASID="11537">
        <src id="ATLA-M5">
            <dst id="ATLA-M5">26.6666666666667</dst>
            <dst id="ATLAng">54.6666666666667</dst>
            <dst id="CHINng">466.866666666667</dst>
            <dst id="DNVRng">26.6666666666667</dst>
            <dst id="HSTNng">99.816</dst>
            <dst id="IPLSng">531.069333333333</dst>
            <dst id="KSCYng">591.296</dst>
            <dst id="LOSAng">13.3333333333333</dst>
            <dst id="NYCMng">1254.45866666667</dst>
            <dst id="SNVAng">13.3333333333333</dst>
            <dst id="STTLng">513.010666666667</dst>
            <dst id="WASHng">1873.66133333333</dst>
        </src>
        <src id="ATLAng">
            <dst id="ATLA-M5">266.893333333333</dst>
            <dst id="ATLAng">30335.128</dst>
            <dst id="CHINng">12480.8613333333</dst>
            <dst id="DNVRng">9030.16</dst>
            <dst id="HSTNng">1350.51466666667</dst>
            <dst id="IPLSng">15221</dst>
            <dst id="KSCYng">2209.97333333333</dst>
            <dst id="LOSAng">22301.072</dst>
            <dst id="NYCMng">4729.30666666667</dst>
            <dst id="SNVAng">259.909333333333</dst>
            <dst id="STTLng">9977.73333333333</dst>
            <dst id="WASHng">45815.2853333333</dst>
        </src>
        <src id="CHINng">
            <dst id="ATLA-M5">197.058666666667</dst>
            <dst id="ATLAng">143920.562666667</dst>
            <dst id="CHINng">116713.069333333</dst>
            <dst id="DNVRng">9471.13066666667</dst>
            <dst id="HSTNng">6211.82666666667</dst>
            <dst id="IPLSng">30320.92</dst>
            <dst id="KSCYng">10411.52</dst>
            <dst id="LOSAng">25894.248</dst>
            <dst id="NYCMng">24754.7413333333</dst>
            <dst id="SNVAng">3152.816</dst>
            <dst id="STTLng">16475.944</dst>
            <dst id="WASHng">11766.8986666667</dst>
        </src>
        <src id="DNVRng">
            <dst id="ATLA-M5">134.986666666667</dst>
            <dst id="ATLAng">3261.32533333333</dst>
            <dst id="CHINng">39287.872</dst>
            <dst id="DNVRng">10765.4586666667</dst>
            <dst id="HSTNng">10777.3706666667</dst>
            <dst id="IPLSng">7788.704</dst>
            <dst id="KSCYng">14746.6266666667</dst>
            <dst id="LOSAng">4091.248</dst>
            <dst id="NYCMng">5238.304</dst>
            <dst id="SNVAng">6086.65333333333</dst>
            <dst id="STTLng">7353.92266666667</dst>
            <dst id="WASHng">21246.32</dst>
        </src>
        <src id="HSTNng">
            <dst id="ATLA-M5">4083.94933333333</dst>
            <dst id="ATLAng">1775.16</dst>
            <dst id="CHINng">17282.4266666667</dst>
            <dst id="DNVRng">933.36</dst>
            <dst id="HSTNng">15819.288</dst>
            <dst id="IPLSng">2439.31733333333</dst>
            <dst id="KSCYng">7460.07733333333</dst>
            <dst id="LOSAng">4586.28533333333</dst>
            <dst id="NYCMng">3390.59733333333</dst>
            <dst id="SNVAng">0</dst>
            <dst id="STTLng">4426.01866666667</dst>
            <dst id="WASHng">16906.248</dst>
        </src>
        <src id="IPLSng">
            <dst id="ATLA-M5">104.117333333333</dst>
            <dst id="ATLAng">5063.57866666667</dst>
            <dst id="CHINng">58935.52</dst>
            <dst id="DNVRng">5511.23733333334</dst>
            <dst id="HSTNng">721.242666666667</dst>
            <dst id="IPLSng">7859.68266666667</dst>
            <dst id="KSCYng">3271.69866666667</dst>
            <dst id="LOSAng">17455.1413333333</dst>
            <dst id="NYCMng">6265.008</dst>
            <dst id="SNVAng">502.042666666667</dst>
            <dst id="STTLng">24122.3066666667</dst>
            <dst id="WASHng">23292.6746666667</dst>
        </src>
        <src id="KSCYng">
            <dst id="ATLA-M5">152.205333333333</dst>
            <dst id="ATLAng">4816.33066666667</dst>
            <dst id="CHINng">25770.8106666667</dst>
            <dst id="DNVRng">8319.02933333333</dst>
            <dst id="HSTNng">3395.56266666667</dst>
            <dst id="IPLSng">11535.2826666667</dst>
            <dst id="KSCYng">8154.75733333333</dst>
            <dst id="LOSAng">3081.04</dst>
            <dst id="NYCMng">3615.19466666667</dst>
            <dst id="SNVAng">1829.928</dst>
            <dst id="STTLng">10876.2826666667</dst>
            <dst id="WASHng">8582.024</dst>
        </src>
        <src id="LOSAng">
            <dst id="ATLA-M5">0</dst>
            <dst id="ATLAng">7464.232</dst>
            <dst id="CHINng">85872.176</dst>
            <dst id="DNVRng">6366.02133333333</dst>
            <dst id="HSTNng">1724.26666666667</dst>
            <dst id="IPLSng">12073.408</dst>
            <dst id="KSCYng">1624.992</dst>
            <dst id="LOSAng">10811.3146666667</dst>
            <dst id="NYCMng">28279.728</dst>
            <dst id="SNVAng">20173.0826666667</dst>
            <dst id="STTLng">43253.6346666667</dst>
            <dst id="WASHng">35958.8106666667</dst>
        </src>
        <src id="NYCMng">
            <dst id="ATLA-M5">923.069333333333</dst>
            <dst id="ATLAng">19585.8186666667</dst>
            <dst id="CHINng">31574.5013333333</dst>
            <dst id="DNVRng">17199.0293333333</dst>
            <dst id="HSTNng">7078.64533333333</dst>
            <dst id="IPLSng">22843.5146666667</dst>
            <dst id="KSCYng">17448.5226666667</dst>
            <dst id="LOSAng">38406.0026666667</dst>
            <dst id="NYCMng">92495.608</dst>
            <dst id="SNVAng">1789.71733333333</dst>
            <dst id="STTLng">15792.5333333333</dst>
            <dst id="WASHng">44530.496</dst>
        </src>
        <src id="SNVAng">
            <dst id="ATLA-M5">0</dst>
            <dst id="ATLAng">26.6666666666667</dst>
            <dst id="CHINng">53.3333333333333</dst>
            <dst id="DNVRng">5560.63466666667</dst>
            <dst id="HSTNng">54.4</dst>
            <dst id="IPLSng">297.296</dst>
            <dst id="KSCYng">26.6666666666667</dst>
            <dst id="LOSAng">3954.28533333333</dst>
            <dst id="NYCMng">3165.87733333333</dst>
            <dst id="SNVAng">5793.872</dst>
            <dst id="STTLng">12516.9173333333</dst>
            <dst id="WASHng">26.6666666666667</dst>
        </src>
        <src id="STTLng">
            <dst id="ATLA-M5">1764.66133333333</dst>
            <dst id="ATLAng">17446.0933333333</dst>
            <dst id="CHINng">44478.7573333333</dst>
            <dst id="DNVRng">2663.80266666667</dst>
            <dst id="HSTNng">3741.168</dst>
            <dst id="IPLSng">20364.7493333333</dst>
            <dst id="KSCYng">6478.60266666667</dst>
            <dst id="LOSAng">24751.8213333333</dst>
            <dst id="NYCMng">15194.2933333333</dst>
            <dst id="SNVAng">848.808</dst>
            <dst id="STTLng">16729.3813333333</dst>
            <dst id="WASHng">35263.248</dst>
        </src>
        <src id="WASHng">
            <dst id="ATLA-M5">2350.98933333333</dst>
            <dst id="ATLAng">84735.3226666667</dst>
            <dst id="CHINng">64313.4213333333</dst>
            <dst id="DNVRng">71091.784</dst>
            <dst id="HSTNng">30925.9386666667</dst>
            <dst id="IPLSng">32306.0026666667</dst>
            <dst id="KSCYng">11278.76</dst>
            <dst id="LOSAng">82261.1466666667</dst>
            <dst id="NYCMng">132044.56</dst>
            <dst id="SNVAng">4686.04533333333</dst>
            <dst id="STTLng">35050.1733333333</dst>
            <dst id="WASHng">268795.04</dst>
        </src>
    </IntraTM>
</TrafficMatrixFile>
