<?xml version="1.0" encoding="ISO-8859-1" standalone="yes"?>
<TrafficMatrixFile xsi:noNamespaceSchemaLocation="http://totem.run.montefiore.ulg.ac.be/Schema/TrafficMatrix-v1_2.xsd" xmlns:xsi="http://www.w3.org/2001/XMLSchema-instance">
    <IntraTM ASID="11537">
        <src id="ATLA-M5">
            <dst id="ATLA-M5">75.384</dst>
            <dst id="ATLAng">2314.89066666667</dst>
            <dst id="CHINng">885.410666666667</dst>
            <dst id="DNVRng">26.6666666666667</dst>
            <dst id="HSTNng">390.832</dst>
            <dst id="IPLSng">2446.45866666667</dst>
            <dst id="KSCYng">1053.26666666667</dst>
            <dst id="LOSAng">245.386666666667</dst>
            <dst id="NYCMng">1703.776</dst>
            <dst id="SNVAng">40</dst>
            <dst id="STTLng">1130.288</dst>
            <dst id="WASHng">2650.58666666667</dst>
        </src>
        <src id="ATLAng">
            <dst id="ATLA-M5">482.466666666667</dst>
            <dst id="ATLAng">35915.3946666667</dst>
            <dst id="CHINng">18407.048</dst>
            <dst id="DNVRng">4912.73066666667</dst>
            <dst id="HSTNng">5442.97066666667</dst>
            <dst id="IPLSng">18509.888</dst>
            <dst id="KSCYng">3671.80266666667</dst>
            <dst id="LOSAng">13958.376</dst>
            <dst id="NYCMng">10122.2</dst>
            <dst id="SNVAng">757.298666666667</dst>
            <dst id="STTLng">20447.5173333333</dst>
            <dst id="WASHng">69904.7706666667</dst>
        </src>
        <src id="CHINng">
            <dst id="ATLA-M5">531.618666666667</dst>
            <dst id="ATLAng">18167.0053333333</dst>
            <dst id="CHINng">142082.493333333</dst>
            <dst id="DNVRng">11116.992</dst>
            <dst id="HSTNng">9389.05333333334</dst>
            <dst id="IPLSng">50286.1306666667</dst>
            <dst id="KSCYng">12586.4293333333</dst>
            <dst id="LOSAng">20188.992</dst>
            <dst id="NYCMng">16708.968</dst>
            <dst id="SNVAng">4403.576</dst>
            <dst id="STTLng">31769.792</dst>
            <dst id="WASHng">28052.9333333333</dst>
        </src>
        <src id="DNVRng">
            <dst id="ATLA-M5">826.837333333333</dst>
            <dst id="ATLAng">10939.2533333333</dst>
            <dst id="CHINng">53652.3866666667</dst>
            <dst id="DNVRng">9270.76266666667</dst>
            <dst id="HSTNng">16728.9866666667</dst>
            <dst id="IPLSng">14281.208</dst>
            <dst id="KSCYng">20092.9466666667</dst>
            <dst id="LOSAng">15328.768</dst>
            <dst id="NYCMng">7683.02133333333</dst>
            <dst id="SNVAng">9404.66933333334</dst>
            <dst id="STTLng">13604.6826666667</dst>
            <dst id="WASHng">25269.1626666667</dst>
        </src>
        <src id="HSTNng">
            <dst id="ATLA-M5">311</dst>
            <dst id="ATLAng">5951.06933333333</dst>
            <dst id="CHINng">15005.2346666667</dst>
            <dst id="DNVRng">1778.696</dst>
            <dst id="HSTNng">10981.8746666667</dst>
            <dst id="IPLSng">3345.69333333333</dst>
            <dst id="KSCYng">9789.60533333333</dst>
            <dst id="LOSAng">3965.83733333333</dst>
            <dst id="NYCMng">2762.976</dst>
            <dst id="SNVAng">152.253333333333</dst>
            <dst id="STTLng">10784.488</dst>
            <dst id="WASHng">5826.81066666667</dst>
        </src>
        <src id="IPLSng">
            <dst id="ATLA-M5">322.125333333333</dst>
            <dst id="ATLAng">11434.568</dst>
            <dst id="CHINng">76432.7493333334</dst>
            <dst id="DNVRng">7054.66666666667</dst>
            <dst id="HSTNng">4909.288</dst>
            <dst id="IPLSng">64235.616</dst>
            <dst id="KSCYng">6855.89333333333</dst>
            <dst id="LOSAng">19444.8346666667</dst>
            <dst id="NYCMng">18179.1226666667</dst>
            <dst id="SNVAng">501.717333333333</dst>
            <dst id="STTLng">40564.0453333333</dst>
            <dst id="WASHng">38144.848</dst>
        </src>
        <src id="KSCYng">
            <dst id="ATLA-M5">386.234666666667</dst>
            <dst id="ATLAng">6124.736</dst>
            <dst id="CHINng">45170.0026666667</dst>
            <dst id="DNVRng">9644.73333333333</dst>
            <dst id="HSTNng">4757.376</dst>
            <dst id="IPLSng">15019.1946666667</dst>
            <dst id="KSCYng">12550.4693333333</dst>
            <dst id="LOSAng">3237.48533333333</dst>
            <dst id="NYCMng">15952.344</dst>
            <dst id="SNVAng">2096.60533333333</dst>
            <dst id="STTLng">23753.264</dst>
            <dst id="WASHng">9914.19466666666</dst>
        </src>
        <src id="LOSAng">
            <dst id="ATLA-M5">26.6666666666667</dst>
            <dst id="ATLAng">18733.7546666667</dst>
            <dst id="CHINng">88916.416</dst>
            <dst id="DNVRng">4934.93866666667</dst>
            <dst id="HSTNng">4392.86133333333</dst>
            <dst id="IPLSng">27445.048</dst>
            <dst id="KSCYng">8580.248</dst>
            <dst id="LOSAng">7198.34666666667</dst>
            <dst id="NYCMng">33256.968</dst>
            <dst id="SNVAng">23769.2533333333</dst>
            <dst id="STTLng">46297.176</dst>
            <dst id="WASHng">36187.344</dst>
        </src>
        <src id="NYCMng">
            <dst id="ATLA-M5">1038.02933333333</dst>
            <dst id="ATLAng">30823.4133333333</dst>
            <dst id="CHINng">36400.8613333333</dst>
            <dst id="DNVRng">17576.512</dst>
            <dst id="HSTNng">5988.896</dst>
            <dst id="IPLSng">22940.8053333333</dst>
            <dst id="KSCYng">14793.3333333333</dst>
            <dst id="LOSAng">41062.112</dst>
            <dst id="NYCMng">140700.773333333</dst>
            <dst id="SNVAng">2635.008</dst>
            <dst id="STTLng">21965.6053333333</dst>
            <dst id="WASHng">80991.288</dst>
        </src>
        <src id="SNVAng">
            <dst id="ATLA-M5">0</dst>
            <dst id="ATLAng">94.6666666666667</dst>
            <dst id="CHINng">122.565333333333</dst>
            <dst id="DNVRng">4958.8</dst>
            <dst id="HSTNng">337.656</dst>
            <dst id="IPLSng">573.504</dst>
            <dst id="KSCYng">80</dst>
            <dst id="LOSAng">4321.20266666667</dst>
            <dst id="NYCMng">49.4106666666667</dst>
            <dst id="SNVAng">6075.42666666667</dst>
            <dst id="STTLng">14340.6346666667</dst>
            <dst id="WASHng">170.648</dst>
        </src>
        <src id="STTLng">
            <dst id="ATLA-M5">6843.656</dst>
            <dst id="ATLAng">54895.968</dst>
            <dst id="CHINng">121138.52</dst>
            <dst id="DNVRng">23448.6213333333</dst>
            <dst id="HSTNng">23103.872</dst>
            <dst id="IPLSng">82516.7893333333</dst>
            <dst id="KSCYng">52202.7653333333</dst>
            <dst id="LOSAng">17847.896</dst>
            <dst id="NYCMng">26273.4346666667</dst>
            <dst id="SNVAng">1525.02133333333</dst>
            <dst id="STTLng">19417.0986666667</dst>
            <dst id="WASHng">97824.2346666667</dst>
        </src>
        <src id="WASHng">
            <dst id="ATLA-M5">1784.75733333333</dst>
            <dst id="ATLAng">120002.418666667</dst>
            <dst id="CHINng">73123.8666666667</dst>
            <dst id="DNVRng">56579.8773333333</dst>
            <dst id="HSTNng">22522.3013333333</dst>
            <dst id="IPLSng">47549.7466666667</dst>
            <dst id="KSCYng">21978.368</dst>
            <dst id="LOSAng">67221.8986666667</dst>
            <dst id="NYCMng">170827.058666667</dst>
            <dst id="SNVAng">4675.49066666667</dst>
            <dst id="STTLng">57706.9466666667</dst>
            <dst id="WASHng">467011.36</dst>
        </src>
    </IntraTM>
</TrafficMatrixFile>
