<?xml version="1.0" encoding="ISO-8859-1" standalone="yes"?>
<TrafficMatrixFile xsi:noNamespaceSchemaLocation="http://totem.run.montefiore.ulg.ac.be/Schema/TrafficMatrix-v1_2.xsd" xmlns:xsi="http://www.w3.org/2001/XMLSchema-instance">
    <IntraTM ASID="11537">
        <src id="ATLA-M5">
            <dst id="ATLA-M5">30.7253333333333</dst>
            <dst id="ATLAng">1133.02933333333</dst>
            <dst id="CHINng">768.293333333334</dst>
            <dst id="DNVRng">376.578666666667</dst>
            <dst id="HSTNng">353.029333333333</dst>
            <dst id="IPLSng">1050.29866666667</dst>
            <dst id="KSCYng">181.434666666667</dst>
            <dst id="LOSAng">293</dst>
            <dst id="NYCMng">1239.49333333333</dst>
            <dst id="SNVAng">203.325333333333</dst>
            <dst id="STTLng">600.36</dst>
            <dst id="WASHng">1145.144</dst>
        </src>
        <src id="ATLAng">
            <dst id="ATLA-M5">381.792</dst>
            <dst id="ATLAng">46819.296</dst>
            <dst id="CHINng">15280.512</dst>
            <dst id="DNVRng">5739.99466666667</dst>
            <dst id="HSTNng">8770.856</dst>
            <dst id="IPLSng">18847.7813333333</dst>
            <dst id="KSCYng">5207.89066666667</dst>
            <dst id="LOSAng">24529.8786666667</dst>
            <dst id="NYCMng">9493.11733333333</dst>
            <dst id="SNVAng">448.964</dst>
            <dst id="STTLng">12991.3013333333</dst>
            <dst id="WASHng">48403.9386666667</dst>
        </src>
        <src id="CHINng">
            <dst id="ATLA-M5">1690.91733333333</dst>
            <dst id="ATLAng">24636.5973333333</dst>
            <dst id="CHINng">85690.2133333333</dst>
            <dst id="DNVRng">11939.2933333333</dst>
            <dst id="HSTNng">14238.112</dst>
            <dst id="IPLSng">55207.3066666667</dst>
            <dst id="KSCYng">15746.1386666667</dst>
            <dst id="LOSAng">49877.7786666667</dst>
            <dst id="NYCMng">14131.7813333333</dst>
            <dst id="SNVAng">5684.08</dst>
            <dst id="STTLng">23729.024</dst>
            <dst id="WASHng">45054.8</dst>
        </src>
        <src id="DNVRng">
            <dst id="ATLA-M5">209.269333333333</dst>
            <dst id="ATLAng">7832.40266666667</dst>
            <dst id="CHINng">41948.1093333333</dst>
            <dst id="DNVRng">18973.9946666667</dst>
            <dst id="HSTNng">15741.056</dst>
            <dst id="IPLSng">16327.7386666667</dst>
            <dst id="KSCYng">14980.9173333333</dst>
            <dst id="LOSAng">14323.0213333333</dst>
            <dst id="NYCMng">15682.272</dst>
            <dst id="SNVAng">9541.224</dst>
            <dst id="STTLng">28241.96</dst>
            <dst id="WASHng">29231.2613333333</dst>
        </src>
        <src id="HSTNng">
            <dst id="ATLA-M5">3689.552</dst>
            <dst id="ATLAng">4122.27466666667</dst>
            <dst id="CHINng">20610.3173333333</dst>
            <dst id="DNVRng">1811.67733333333</dst>
            <dst id="HSTNng">24645.8426666667</dst>
            <dst id="IPLSng">4792.74933333333</dst>
            <dst id="KSCYng">10379.76</dst>
            <dst id="LOSAng">11506.7626666667</dst>
            <dst id="NYCMng">4122.98666666667</dst>
            <dst id="SNVAng">245.106666666667</dst>
            <dst id="STTLng">8083.02666666667</dst>
            <dst id="WASHng">7750.57866666667</dst>
        </src>
        <src id="IPLSng">
            <dst id="ATLA-M5">724.056</dst>
            <dst id="ATLAng">10935.1733333333</dst>
            <dst id="CHINng">54001.3573333333</dst>
            <dst id="DNVRng">16320.2453333333</dst>
            <dst id="HSTNng">3131.67466666667</dst>
            <dst id="IPLSng">9012.504</dst>
            <dst id="KSCYng">15124.8373333333</dst>
            <dst id="LOSAng">16132.728</dst>
            <dst id="NYCMng">7670.952</dst>
            <dst id="SNVAng">1711.928</dst>
            <dst id="STTLng">37511.3306666667</dst>
            <dst id="WASHng">24277.3173333333</dst>
        </src>
        <src id="KSCYng">
            <dst id="ATLA-M5">139.805333333333</dst>
            <dst id="ATLAng">10995.7146666667</dst>
            <dst id="CHINng">21163.968</dst>
            <dst id="DNVRng">9723.35466666667</dst>
            <dst id="HSTNng">4777.872</dst>
            <dst id="IPLSng">26190.736</dst>
            <dst id="KSCYng">20485.592</dst>
            <dst id="LOSAng">5485.936</dst>
            <dst id="NYCMng">5659.09333333333</dst>
            <dst id="SNVAng">2700.232</dst>
            <dst id="STTLng">12879.5093333333</dst>
            <dst id="WASHng">24370.2373333333</dst>
        </src>
        <src id="LOSAng">
            <dst id="ATLA-M5">129.509333333333</dst>
            <dst id="ATLAng">10487.7786666667</dst>
            <dst id="CHINng">6474204.26666667</dst>
            <dst id="DNVRng">13678.9946666667</dst>
            <dst id="HSTNng">10883.9973333333</dst>
            <dst id="IPLSng">31751.9146666667</dst>
            <dst id="KSCYng">5967.71466666667</dst>
            <dst id="LOSAng">18538.6026666667</dst>
            <dst id="NYCMng">50336.912</dst>
            <dst id="SNVAng">23338.6826666667</dst>
            <dst id="STTLng">68031.6053333333</dst>
            <dst id="WASHng">56345.688</dst>
        </src>
        <src id="NYCMng">
            <dst id="ATLA-M5">2435.89066666667</dst>
            <dst id="ATLAng">33798</dst>
            <dst id="CHINng">35113.1706666667</dst>
            <dst id="DNVRng">19865.5973333333</dst>
            <dst id="HSTNng">21140.5173333333</dst>
            <dst id="IPLSng">27569.456</dst>
            <dst id="KSCYng">12687.3493333333</dst>
            <dst id="LOSAng">70571.96</dst>
            <dst id="NYCMng">112201.949333333</dst>
            <dst id="SNVAng">4470.62666666667</dst>
            <dst id="STTLng">27730.576</dst>
            <dst id="WASHng">103739.784</dst>
        </src>
        <src id="SNVAng">
            <dst id="ATLA-M5">26.6666666666667</dst>
            <dst id="ATLAng">26.6666666666667</dst>
            <dst id="CHINng">26.6666666666667</dst>
            <dst id="DNVRng">828.208</dst>
            <dst id="HSTNng">26.6666666666667</dst>
            <dst id="IPLSng">431.882666666667</dst>
            <dst id="KSCYng">0</dst>
            <dst id="LOSAng">7466.39466666667</dst>
            <dst id="NYCMng">118.061333333333</dst>
            <dst id="SNVAng">10186.632</dst>
            <dst id="STTLng">28143.0533333333</dst>
            <dst id="WASHng">80</dst>
        </src>
        <src id="STTLng">
            <dst id="ATLA-M5">3741.03466666667</dst>
            <dst id="ATLAng">23620.5066666667</dst>
            <dst id="CHINng">42123.4426666667</dst>
            <dst id="DNVRng">19957.992</dst>
            <dst id="HSTNng">10981.2026666667</dst>
            <dst id="IPLSng">40695.0533333333</dst>
            <dst id="KSCYng">21711.1306666667</dst>
            <dst id="LOSAng">46635.9146666667</dst>
            <dst id="NYCMng">19548.8133333333</dst>
            <dst id="SNVAng">4313.62133333333</dst>
            <dst id="STTLng">36206.9466666667</dst>
            <dst id="WASHng">47933.2773333333</dst>
        </src>
        <src id="WASHng">
            <dst id="ATLA-M5">816.024</dst>
            <dst id="ATLAng">113518.344</dst>
            <dst id="CHINng">91160.688</dst>
            <dst id="DNVRng">62278.4293333333</dst>
            <dst id="HSTNng">37640.544</dst>
            <dst id="IPLSng">47586.584</dst>
            <dst id="KSCYng">20991.2</dst>
            <dst id="LOSAng">98814.808</dst>
            <dst id="NYCMng">168993.194666667</dst>
            <dst id="SNVAng">3739.24</dst>
            <dst id="STTLng">53081.7653333334</dst>
            <dst id="WASHng">297031.066666667</dst>
        </src>
    </IntraTM>
</TrafficMatrixFile>
