<?xml version="1.0" encoding="ISO-8859-1" standalone="yes"?>
<TrafficMatrixFile xsi:noNamespaceSchemaLocation="http://totem.run.montefiore.ulg.ac.be/Schema/TrafficMatrix-v1_2.xsd" xmlns:xsi="http://www.w3.org/2001/XMLSchema-instance">
    <IntraTM ASID="11537">
        <src id="ATLA-M5">
            <dst id="ATLA-M5">456.416</dst>
            <dst id="ATLAng">1744.68266666667</dst>
            <dst id="CHINng">822.466666666667</dst>
            <dst id="DNVRng">767.469333333333</dst>
            <dst id="HSTNng">565.136</dst>
            <dst id="IPLSng">581.741333333333</dst>
            <dst id="KSCYng">898.552</dst>
            <dst id="LOSAng">242.952</dst>
            <dst id="NYCMng">1954.824</dst>
            <dst id="SNVAng">59.416</dst>
            <dst id="STTLng">1510.51466666667</dst>
            <dst id="WASHng">1707.50933333333</dst>
        </src>
        <src id="ATLAng">
            <dst id="ATLA-M5">2644.06666666667</dst>
            <dst id="ATLAng">46508.8346666667</dst>
            <dst id="CHINng">20179.8453333333</dst>
            <dst id="DNVRng">7272.16533333333</dst>
            <dst id="HSTNng">20135.9733333333</dst>
            <dst id="IPLSng">29599.7093333333</dst>
            <dst id="KSCYng">12835.3493333333</dst>
            <dst id="LOSAng">13861.3733333333</dst>
            <dst id="NYCMng">10441.1093333333</dst>
            <dst id="SNVAng">1708.74933333333</dst>
            <dst id="STTLng">22268.8266666667</dst>
            <dst id="WASHng">49882.3973333333</dst>
        </src>
        <src id="CHINng">
            <dst id="ATLA-M5">1449.768</dst>
            <dst id="ATLAng">32564.4826666667</dst>
            <dst id="CHINng">351391.946666667</dst>
            <dst id="DNVRng">19792.312</dst>
            <dst id="HSTNng">17418.28</dst>
            <dst id="IPLSng">88574.672</dst>
            <dst id="KSCYng">20488.312</dst>
            <dst id="LOSAng">109261.488</dst>
            <dst id="NYCMng">18723.7786666667</dst>
            <dst id="SNVAng">5638.92</dst>
            <dst id="STTLng">33144.2426666667</dst>
            <dst id="WASHng">53415.152</dst>
        </src>
        <src id="DNVRng">
            <dst id="ATLA-M5">594.906666666667</dst>
            <dst id="ATLAng">8081.73866666667</dst>
            <dst id="CHINng">34865.3226666667</dst>
            <dst id="DNVRng">14501.888</dst>
            <dst id="HSTNng">16941.296</dst>
            <dst id="IPLSng">19253.2213333333</dst>
            <dst id="KSCYng">23183.696</dst>
            <dst id="LOSAng">14150.9066666667</dst>
            <dst id="NYCMng">15340.3173333333</dst>
            <dst id="SNVAng">23513.1173333333</dst>
            <dst id="STTLng">69650.0773333333</dst>
            <dst id="WASHng">37670.0186666667</dst>
        </src>
        <src id="HSTNng">
            <dst id="ATLA-M5">1224.20533333333</dst>
            <dst id="ATLAng">7103.89066666667</dst>
            <dst id="CHINng">16976.584</dst>
            <dst id="DNVRng">6130.976</dst>
            <dst id="HSTNng">18019.352</dst>
            <dst id="IPLSng">7605.408</dst>
            <dst id="KSCYng">10142.9573333333</dst>
            <dst id="LOSAng">56568.7306666667</dst>
            <dst id="NYCMng">5307.952</dst>
            <dst id="SNVAng">535.714666666667</dst>
            <dst id="STTLng">14397.9173333333</dst>
            <dst id="WASHng">22312.96</dst>
        </src>
        <src id="IPLSng">
            <dst id="ATLA-M5">777.088</dst>
            <dst id="ATLAng">19516.7413333333</dst>
            <dst id="CHINng">124382.517333333</dst>
            <dst id="DNVRng">20007.1066666667</dst>
            <dst id="HSTNng">6453.616</dst>
            <dst id="IPLSng">24648.9466666667</dst>
            <dst id="KSCYng">12894.2293333333</dst>
            <dst id="LOSAng">14892.9146666667</dst>
            <dst id="NYCMng">10384.7973333333</dst>
            <dst id="SNVAng">6809.816</dst>
            <dst id="STTLng">30239.2053333333</dst>
            <dst id="WASHng">41058.536</dst>
        </src>
        <src id="KSCYng">
            <dst id="ATLA-M5">6340.41066666667</dst>
            <dst id="ATLAng">7412.25066666666</dst>
            <dst id="CHINng">29272.36</dst>
            <dst id="DNVRng">9975.93333333333</dst>
            <dst id="HSTNng">6040.592</dst>
            <dst id="IPLSng">18647.4426666667</dst>
            <dst id="KSCYng">13386.3466666667</dst>
            <dst id="LOSAng">3801.48533333333</dst>
            <dst id="NYCMng">9553.84533333333</dst>
            <dst id="SNVAng">3362.54666666667</dst>
            <dst id="STTLng">16468.192</dst>
            <dst id="WASHng">14189.808</dst>
        </src>
        <src id="LOSAng">
            <dst id="ATLA-M5">347.864</dst>
            <dst id="ATLAng">17133.944</dst>
            <dst id="CHINng">100044.4</dst>
            <dst id="DNVRng">48106.3573333333</dst>
            <dst id="HSTNng">41735.592</dst>
            <dst id="IPLSng">54634.2186666667</dst>
            <dst id="KSCYng">7805.74666666667</dst>
            <dst id="LOSAng">9323.15733333333</dst>
            <dst id="NYCMng">51283.3093333333</dst>
            <dst id="SNVAng">24155.0453333333</dst>
            <dst id="STTLng">65587.584</dst>
            <dst id="WASHng">90283.0186666667</dst>
        </src>
        <src id="NYCMng">
            <dst id="ATLA-M5">2380.28533333333</dst>
            <dst id="ATLAng">35975.576</dst>
            <dst id="CHINng">33362.9093333333</dst>
            <dst id="DNVRng">32853.9226666667</dst>
            <dst id="HSTNng">22463.4266666667</dst>
            <dst id="IPLSng">43833.072</dst>
            <dst id="KSCYng">15838.328</dst>
            <dst id="LOSAng">64794.0133333333</dst>
            <dst id="NYCMng">116745.154666667</dst>
            <dst id="SNVAng">5355.89066666667</dst>
            <dst id="STTLng">27752.0933333333</dst>
            <dst id="WASHng">145446.424</dst>
        </src>
        <src id="SNVAng">
            <dst id="ATLA-M5">0</dst>
            <dst id="ATLAng">123.162666666667</dst>
            <dst id="CHINng">228.021333333333</dst>
            <dst id="DNVRng">18874.576</dst>
            <dst id="HSTNng">393.88</dst>
            <dst id="IPLSng">5507.95466666667</dst>
            <dst id="KSCYng">0</dst>
            <dst id="LOSAng">12144.696</dst>
            <dst id="NYCMng">151.853333333333</dst>
            <dst id="SNVAng">9055.84</dst>
            <dst id="STTLng">18968.024</dst>
            <dst id="WASHng">53.3333333333333</dst>
        </src>
        <src id="STTLng">
            <dst id="ATLA-M5">5299.07733333333</dst>
            <dst id="ATLAng">60082.432</dst>
            <dst id="CHINng">94510.0826666667</dst>
            <dst id="DNVRng">64202.624</dst>
            <dst id="HSTNng">39480.0853333333</dst>
            <dst id="IPLSng">71416.4026666667</dst>
            <dst id="KSCYng">58929.368</dst>
            <dst id="LOSAng">10848.4693333333</dst>
            <dst id="NYCMng">23542.3333333333</dst>
            <dst id="SNVAng">13371.904</dst>
            <dst id="STTLng">54630.8186666667</dst>
            <dst id="WASHng">84209.1786666667</dst>
        </src>
        <src id="WASHng">
            <dst id="ATLA-M5">8726.49333333334</dst>
            <dst id="ATLAng">106296.069333333</dst>
            <dst id="CHINng">105753.928</dst>
            <dst id="DNVRng">97422.0746666667</dst>
            <dst id="HSTNng">43784.272</dst>
            <dst id="IPLSng">74523.5813333333</dst>
            <dst id="KSCYng">25789.6053333333</dst>
            <dst id="LOSAng">81894.128</dst>
            <dst id="NYCMng">211452.941333333</dst>
            <dst id="SNVAng">11692.112</dst>
            <dst id="STTLng">68179.04</dst>
            <dst id="WASHng">256499.84</dst>
        </src>
    </IntraTM>
</TrafficMatrixFile>
