<?xml version="1.0" encoding="ISO-8859-1" standalone="yes"?>
<TrafficMatrixFile xsi:noNamespaceSchemaLocation="http://totem.run.montefiore.ulg.ac.be/Schema/TrafficMatrix-v1_2.xsd" xmlns:xsi="http://www.w3.org/2001/XMLSchema-instance">
    <IntraTM ASID="11537">
        <src id="ATLA-M5">
            <dst id="ATLA-M5">360.448</dst>
            <dst id="ATLAng">1048.944</dst>
            <dst id="CHINng">1368.464</dst>
            <dst id="DNVRng">462.605333333333</dst>
            <dst id="HSTNng">201.202666666667</dst>
            <dst id="IPLSng">708.602666666667</dst>
            <dst id="KSCYng">347.208</dst>
            <dst id="LOSAng">135.329333333333</dst>
            <dst id="NYCMng">1407.152</dst>
            <dst id="SNVAng">70.06</dst>
            <dst id="STTLng">1399.57333333333</dst>
            <dst id="WASHng">1985.176</dst>
        </src>
        <src id="ATLAng">
            <dst id="ATLA-M5">2134.04533333333</dst>
            <dst id="ATLAng">45233.44</dst>
            <dst id="CHINng">25305.9066666667</dst>
            <dst id="DNVRng">4466.05333333333</dst>
            <dst id="HSTNng">20571.9306666667</dst>
            <dst id="IPLSng">23962.7386666667</dst>
            <dst id="KSCYng">12929.0773333333</dst>
            <dst id="LOSAng">21036.0946666667</dst>
            <dst id="NYCMng">10615.376</dst>
            <dst id="SNVAng">2332.284</dst>
            <dst id="STTLng">24653.8053333333</dst>
            <dst id="WASHng">49617.6453333333</dst>
        </src>
        <src id="CHINng">
            <dst id="ATLA-M5">1478.52266666667</dst>
            <dst id="ATLAng">33496.368</dst>
            <dst id="CHINng">115979.589333333</dst>
            <dst id="DNVRng">35489.8026666667</dst>
            <dst id="HSTNng">25716.12</dst>
            <dst id="IPLSng">97028.9813333333</dst>
            <dst id="KSCYng">20627.1973333333</dst>
            <dst id="LOSAng">39954.2106666667</dst>
            <dst id="NYCMng">21966.3173333333</dst>
            <dst id="SNVAng">9285.816</dst>
            <dst id="STTLng">42960.2346666667</dst>
            <dst id="WASHng">65621.6746666667</dst>
        </src>
        <src id="DNVRng">
            <dst id="ATLA-M5">235.637333333333</dst>
            <dst id="ATLAng">10118.1413333333</dst>
            <dst id="CHINng">49252.216</dst>
            <dst id="DNVRng">17671.8853333333</dst>
            <dst id="HSTNng">34427.8533333333</dst>
            <dst id="IPLSng">19714.9413333333</dst>
            <dst id="KSCYng">32764.7813333333</dst>
            <dst id="LOSAng">14239.5173333333</dst>
            <dst id="NYCMng">19940.368</dst>
            <dst id="SNVAng">19962.0986666667</dst>
            <dst id="STTLng">36083.1306666667</dst>
            <dst id="WASHng">29152.8453333333</dst>
        </src>
        <src id="HSTNng">
            <dst id="ATLA-M5">3157.91466666667</dst>
            <dst id="ATLAng">10574.7653333333</dst>
            <dst id="CHINng">15739.824</dst>
            <dst id="DNVRng">4448.69333333333</dst>
            <dst id="HSTNng">17158.0106666667</dst>
            <dst id="IPLSng">8504.58933333333</dst>
            <dst id="KSCYng">12764.704</dst>
            <dst id="LOSAng">6744.976</dst>
            <dst id="NYCMng">4884.66133333333</dst>
            <dst id="SNVAng">1020.744</dst>
            <dst id="STTLng">14713.9253333333</dst>
            <dst id="WASHng">21441.6293333333</dst>
        </src>
        <src id="IPLSng">
            <dst id="ATLA-M5">1125.952</dst>
            <dst id="ATLAng">15723.4746666667</dst>
            <dst id="CHINng">94519.96</dst>
            <dst id="DNVRng">27723.568</dst>
            <dst id="HSTNng">6034.272</dst>
            <dst id="IPLSng">63855.984</dst>
            <dst id="KSCYng">44883.6746666667</dst>
            <dst id="LOSAng">13468.9173333333</dst>
            <dst id="NYCMng">19799.9146666667</dst>
            <dst id="SNVAng">2410.608</dst>
            <dst id="STTLng">32527.0666666667</dst>
            <dst id="WASHng">54597.592</dst>
        </src>
        <src id="KSCYng">
            <dst id="ATLA-M5">538.986666666667</dst>
            <dst id="ATLAng">8135.848</dst>
            <dst id="CHINng">39164.5226666667</dst>
            <dst id="DNVRng">11415.6773333333</dst>
            <dst id="HSTNng">4967.86933333333</dst>
            <dst id="IPLSng">20895.368</dst>
            <dst id="KSCYng">15880.016</dst>
            <dst id="LOSAng">9698.03733333333</dst>
            <dst id="NYCMng">6078.96266666667</dst>
            <dst id="SNVAng">4477.00266666667</dst>
            <dst id="STTLng">15451.3253333333</dst>
            <dst id="WASHng">16843.1226666667</dst>
        </src>
        <src id="LOSAng">
            <dst id="ATLA-M5">375.410666666667</dst>
            <dst id="ATLAng">34746.0293333333</dst>
            <dst id="CHINng">99625</dst>
            <dst id="DNVRng">43905.5706666667</dst>
            <dst id="HSTNng">12011.4773333333</dst>
            <dst id="IPLSng">44866.728</dst>
            <dst id="KSCYng">6146.60533333333</dst>
            <dst id="LOSAng">11690.1653333333</dst>
            <dst id="NYCMng">40980.8853333333</dst>
            <dst id="SNVAng">21515.3573333333</dst>
            <dst id="STTLng">71346.44</dst>
            <dst id="WASHng">68605.632</dst>
        </src>
        <src id="NYCMng">
            <dst id="ATLA-M5">960.778666666667</dst>
            <dst id="ATLAng">51630.0826666666</dst>
            <dst id="CHINng">41615.6533333333</dst>
            <dst id="DNVRng">25169.928</dst>
            <dst id="HSTNng">18229.5066666667</dst>
            <dst id="IPLSng">49277.7013333333</dst>
            <dst id="KSCYng">16898.7946666667</dst>
            <dst id="LOSAng">68325.4506666667</dst>
            <dst id="NYCMng">134781.466666667</dst>
            <dst id="SNVAng">5534.95733333333</dst>
            <dst id="STTLng">23460.6666666667</dst>
            <dst id="WASHng">120959.109333333</dst>
        </src>
        <src id="SNVAng">
            <dst id="ATLA-M5">26.6666666666667</dst>
            <dst id="ATLAng">135.24</dst>
            <dst id="CHINng">133.333333333333</dst>
            <dst id="DNVRng">3163.43466666667</dst>
            <dst id="HSTNng">374.736</dst>
            <dst id="IPLSng">552.842666666667</dst>
            <dst id="KSCYng">59.2746666666667</dst>
            <dst id="LOSAng">8549.13866666667</dst>
            <dst id="NYCMng">120.432</dst>
            <dst id="SNVAng">12808.7253333333</dst>
            <dst id="STTLng">20587.7493333333</dst>
            <dst id="WASHng">180.117333333333</dst>
        </src>
        <src id="STTLng">
            <dst id="ATLA-M5">3500.25066666667</dst>
            <dst id="ATLAng">71236.3973333333</dst>
            <dst id="CHINng">119626.84</dst>
            <dst id="DNVRng">46656.0213333333</dst>
            <dst id="HSTNng">63091.2586666667</dst>
            <dst id="IPLSng">106505.845333333</dst>
            <dst id="KSCYng">65909.6453333333</dst>
            <dst id="LOSAng">12011.6933333333</dst>
            <dst id="NYCMng">29620.9573333333</dst>
            <dst id="SNVAng">12857.12</dst>
            <dst id="STTLng">48741.168</dst>
            <dst id="WASHng">105206.010666667</dst>
        </src>
        <src id="WASHng">
            <dst id="ATLA-M5">7469.03466666667</dst>
            <dst id="ATLAng">115640.277333333</dst>
            <dst id="CHINng">112914.925333333</dst>
            <dst id="DNVRng">78213.3493333333</dst>
            <dst id="HSTNng">39479.144</dst>
            <dst id="IPLSng">84032.6506666667</dst>
            <dst id="KSCYng">22570.8426666667</dst>
            <dst id="LOSAng">93963.416</dst>
            <dst id="NYCMng">244158.002666667</dst>
            <dst id="SNVAng">16064.3333333333</dst>
            <dst id="STTLng">62756.0213333333</dst>
            <dst id="WASHng">289309.333333333</dst>
        </src>
    </IntraTM>
</TrafficMatrixFile>
