<?xml version="1.0" encoding="ISO-8859-1" standalone="yes"?>
<TrafficMatrixFile xsi:noNamespaceSchemaLocation="http://totem.run.montefiore.ulg.ac.be/Schema/TrafficMatrix-v1_2.xsd" xmlns:xsi="http://www.w3.org/2001/XMLSchema-instance">
    <IntraTM ASID="11537">
        <src id="ATLA-M5">
            <dst id="ATLA-M5">0</dst>
            <dst id="ATLAng">174.36</dst>
            <dst id="CHINng">1811.88533333333</dst>
            <dst id="DNVRng">155.208</dst>
            <dst id="HSTNng">119.205333333333</dst>
            <dst id="IPLSng">268.277333333333</dst>
            <dst id="KSCYng">191.370666666667</dst>
            <dst id="LOSAng">123.854666666667</dst>
            <dst id="NYCMng">53.3333333333333</dst>
            <dst id="SNVAng">125.876</dst>
            <dst id="STTLng">296.024</dst>
            <dst id="WASHng">1642.264</dst>
        </src>
        <src id="ATLAng">
            <dst id="ATLA-M5">732.709333333333</dst>
            <dst id="ATLAng">58270.7733333333</dst>
            <dst id="CHINng">11840.6693333333</dst>
            <dst id="DNVRng">3054.144</dst>
            <dst id="HSTNng">1150.872</dst>
            <dst id="IPLSng">23532.0533333333</dst>
            <dst id="KSCYng">3193.968</dst>
            <dst id="LOSAng">24705.5613333333</dst>
            <dst id="NYCMng">8611.01066666667</dst>
            <dst id="SNVAng">255.86</dst>
            <dst id="STTLng">11857.7093333333</dst>
            <dst id="WASHng">46465.944</dst>
        </src>
        <src id="CHINng">
            <dst id="ATLA-M5">1461.81866666667</dst>
            <dst id="ATLAng">12223.288</dst>
            <dst id="CHINng">66856.8986666667</dst>
            <dst id="DNVRng">12519.8186666667</dst>
            <dst id="HSTNng">8730.73866666667</dst>
            <dst id="IPLSng">35777.3093333333</dst>
            <dst id="KSCYng">8302.26933333333</dst>
            <dst id="LOSAng">33755.9653333333</dst>
            <dst id="NYCMng">8274.98133333333</dst>
            <dst id="SNVAng">3978.66133333333</dst>
            <dst id="STTLng">9498.272</dst>
            <dst id="WASHng">23054.2853333333</dst>
        </src>
        <src id="DNVRng">
            <dst id="ATLA-M5">247.264</dst>
            <dst id="ATLAng">2333.06666666667</dst>
            <dst id="CHINng">115023.453333333</dst>
            <dst id="DNVRng">10410.4506666667</dst>
            <dst id="HSTNng">10623.784</dst>
            <dst id="IPLSng">13545.776</dst>
            <dst id="KSCYng">13660.9493333333</dst>
            <dst id="LOSAng">6664.128</dst>
            <dst id="NYCMng">12993.36</dst>
            <dst id="SNVAng">8170.97333333334</dst>
            <dst id="STTLng">18402.9893333333</dst>
            <dst id="WASHng">24967.9813333333</dst>
        </src>
        <src id="HSTNng">
            <dst id="ATLA-M5">2435.35466666667</dst>
            <dst id="ATLAng">4796.39466666667</dst>
            <dst id="CHINng">17751.192</dst>
            <dst id="DNVRng">872.122666666667</dst>
            <dst id="HSTNng">20348.36</dst>
            <dst id="IPLSng">2672.208</dst>
            <dst id="KSCYng">10307.7413333333</dst>
            <dst id="LOSAng">5100.30666666667</dst>
            <dst id="NYCMng">1598.872</dst>
            <dst id="SNVAng">198.64</dst>
            <dst id="STTLng">3556.48266666667</dst>
            <dst id="WASHng">4446.08</dst>
        </src>
        <src id="IPLSng">
            <dst id="ATLA-M5">774.458666666667</dst>
            <dst id="ATLAng">6087.07466666667</dst>
            <dst id="CHINng">61986.8666666667</dst>
            <dst id="DNVRng">18897.5546666667</dst>
            <dst id="HSTNng">717.082666666667</dst>
            <dst id="IPLSng">15611.9653333333</dst>
            <dst id="KSCYng">29461.6533333333</dst>
            <dst id="LOSAng">17883.224</dst>
            <dst id="NYCMng">7059.74666666667</dst>
            <dst id="SNVAng">517.709333333333</dst>
            <dst id="STTLng">19213.5386666667</dst>
            <dst id="WASHng">12831.8186666667</dst>
        </src>
        <src id="KSCYng">
            <dst id="ATLA-M5">62.7013333333333</dst>
            <dst id="ATLAng">4452.088</dst>
            <dst id="CHINng">23024.0053333333</dst>
            <dst id="DNVRng">7622.608</dst>
            <dst id="HSTNng">3553.17866666667</dst>
            <dst id="IPLSng">17038.8213333333</dst>
            <dst id="KSCYng">11307.7866666667</dst>
            <dst id="LOSAng">4100.52266666667</dst>
            <dst id="NYCMng">5207.99733333333</dst>
            <dst id="SNVAng">5276.88533333333</dst>
            <dst id="STTLng">5820.23466666667</dst>
            <dst id="WASHng">10489.1653333333</dst>
        </src>
        <src id="LOSAng">
            <dst id="ATLA-M5">340.378666666667</dst>
            <dst id="ATLAng">7787.33066666666</dst>
            <dst id="CHINng">6552806.13333333</dst>
            <dst id="DNVRng">22604.0213333333</dst>
            <dst id="HSTNng">3812.22933333333</dst>
            <dst id="IPLSng">10920.6053333333</dst>
            <dst id="KSCYng">5032.84533333333</dst>
            <dst id="LOSAng">16022.496</dst>
            <dst id="NYCMng">49373.3546666667</dst>
            <dst id="SNVAng">21481.184</dst>
            <dst id="STTLng">63162.8293333333</dst>
            <dst id="WASHng">41999.8106666667</dst>
        </src>
        <src id="NYCMng">
            <dst id="ATLA-M5">947.816</dst>
            <dst id="ATLAng">15394.552</dst>
            <dst id="CHINng">31533.9813333333</dst>
            <dst id="DNVRng">16230.792</dst>
            <dst id="HSTNng">9853.76266666667</dst>
            <dst id="IPLSng">13625.2586666667</dst>
            <dst id="KSCYng">6295.46933333333</dst>
            <dst id="LOSAng">56874.584</dst>
            <dst id="NYCMng">101895.242666667</dst>
            <dst id="SNVAng">2228.77333333333</dst>
            <dst id="STTLng">27309.864</dst>
            <dst id="WASHng">43772.92</dst>
        </src>
        <src id="SNVAng">
            <dst id="ATLA-M5">0</dst>
            <dst id="ATLAng">235.392</dst>
            <dst id="CHINng">26.6666666666667</dst>
            <dst id="DNVRng">747.288</dst>
            <dst id="HSTNng">26.6666666666667</dst>
            <dst id="IPLSng">277.978666666667</dst>
            <dst id="KSCYng">0</dst>
            <dst id="LOSAng">8294.97866666667</dst>
            <dst id="NYCMng">26.6666666666667</dst>
            <dst id="SNVAng">9721.75733333333</dst>
            <dst id="STTLng">17821</dst>
            <dst id="WASHng">26.6666666666667</dst>
        </src>
        <src id="STTLng">
            <dst id="ATLA-M5">172.922666666667</dst>
            <dst id="ATLAng">13165.456</dst>
            <dst id="CHINng">33729.8026666667</dst>
            <dst id="DNVRng">5892.91466666667</dst>
            <dst id="HSTNng">4852.4</dst>
            <dst id="IPLSng">11384.048</dst>
            <dst id="KSCYng">3342.16</dst>
            <dst id="LOSAng">35693.512</dst>
            <dst id="NYCMng">8644.90666666667</dst>
            <dst id="SNVAng">3508.45866666667</dst>
            <dst id="STTLng">18977.5706666667</dst>
            <dst id="WASHng">7145.20266666667</dst>
        </src>
        <src id="WASHng">
            <dst id="ATLA-M5">1135.21866666667</dst>
            <dst id="ATLAng">77953.6373333333</dst>
            <dst id="CHINng">91426.728</dst>
            <dst id="DNVRng">66958.9546666667</dst>
            <dst id="HSTNng">19095.7226666667</dst>
            <dst id="IPLSng">39079.0426666667</dst>
            <dst id="KSCYng">21878.984</dst>
            <dst id="LOSAng">74835.9066666667</dst>
            <dst id="NYCMng">200522.365333333</dst>
            <dst id="SNVAng">2261.28</dst>
            <dst id="STTLng">38229.3813333333</dst>
            <dst id="WASHng">284720.613333333</dst>
        </src>
    </IntraTM>
</TrafficMatrixFile>
