<?xml version="1.0" encoding="ISO-8859-1" standalone="yes"?>
<TrafficMatrixFile xsi:noNamespaceSchemaLocation="http://totem.run.montefiore.ulg.ac.be/Schema/TrafficMatrix-v1_2.xsd" xmlns:xsi="http://www.w3.org/2001/XMLSchema-instance">
    <IntraTM ASID="11537">
        <src id="ATLA-M5">
            <dst id="ATLA-M5">26.6666666666667</dst>
            <dst id="ATLAng">328.877333333333</dst>
            <dst id="CHINng">534.077333333333</dst>
            <dst id="DNVRng">26.6666666666667</dst>
            <dst id="HSTNng">0</dst>
            <dst id="IPLSng">723.682666666667</dst>
            <dst id="KSCYng">422.221333333333</dst>
            <dst id="LOSAng">214.048</dst>
            <dst id="NYCMng">1551.82666666667</dst>
            <dst id="SNVAng">13.3333333333333</dst>
            <dst id="STTLng">912.725333333333</dst>
            <dst id="WASHng">1582.13333333333</dst>
        </src>
        <src id="ATLAng">
            <dst id="ATLA-M5">143.266666666667</dst>
            <dst id="ATLAng">29596.248</dst>
            <dst id="CHINng">11218.4693333333</dst>
            <dst id="DNVRng">2400.808</dst>
            <dst id="HSTNng">8113.4</dst>
            <dst id="IPLSng">16747.9173333333</dst>
            <dst id="KSCYng">1762.95733333333</dst>
            <dst id="LOSAng">3862.31733333333</dst>
            <dst id="NYCMng">6838.24533333333</dst>
            <dst id="SNVAng">539.554666666667</dst>
            <dst id="STTLng">17275.9386666667</dst>
            <dst id="WASHng">62740.1146666667</dst>
        </src>
        <src id="CHINng">
            <dst id="ATLA-M5">235.232</dst>
            <dst id="ATLAng">13165.048</dst>
            <dst id="CHINng">137692.637333333</dst>
            <dst id="DNVRng">7713.304</dst>
            <dst id="HSTNng">5610.57333333333</dst>
            <dst id="IPLSng">33499.3866666667</dst>
            <dst id="KSCYng">8452.93333333334</dst>
            <dst id="LOSAng">23015.1253333333</dst>
            <dst id="NYCMng">16633.72</dst>
            <dst id="SNVAng">3214.28266666667</dst>
            <dst id="STTLng">25322.824</dst>
            <dst id="WASHng">21082.2933333333</dst>
        </src>
        <src id="DNVRng">
            <dst id="ATLA-M5">397.48</dst>
            <dst id="ATLAng">4657.78933333333</dst>
            <dst id="CHINng">36738.5306666667</dst>
            <dst id="DNVRng">2876.64266666667</dst>
            <dst id="HSTNng">9369.09333333333</dst>
            <dst id="IPLSng">15539.232</dst>
            <dst id="KSCYng">10372.1893333333</dst>
            <dst id="LOSAng">5088.544</dst>
            <dst id="NYCMng">9468.33866666667</dst>
            <dst id="SNVAng">31370.5493333333</dst>
            <dst id="STTLng">5243.968</dst>
            <dst id="WASHng">38923.6053333333</dst>
        </src>
        <src id="HSTNng">
            <dst id="ATLA-M5">375.741333333333</dst>
            <dst id="ATLAng">3402.20266666667</dst>
            <dst id="CHINng">17611.9066666667</dst>
            <dst id="DNVRng">934.816</dst>
            <dst id="HSTNng">9039.272</dst>
            <dst id="IPLSng">2151.96533333333</dst>
            <dst id="KSCYng">5458.36266666667</dst>
            <dst id="LOSAng">3259.10666666667</dst>
            <dst id="NYCMng">3626.04533333333</dst>
            <dst id="SNVAng">1895.568</dst>
            <dst id="STTLng">7977.73866666667</dst>
            <dst id="WASHng">14454.0693333333</dst>
        </src>
        <src id="IPLSng">
            <dst id="ATLA-M5">272.626666666667</dst>
            <dst id="ATLAng">9346.20266666667</dst>
            <dst id="CHINng">72434.4506666667</dst>
            <dst id="DNVRng">4439.46933333333</dst>
            <dst id="HSTNng">3375.59466666667</dst>
            <dst id="IPLSng">43225.8186666667</dst>
            <dst id="KSCYng">9411.76</dst>
            <dst id="LOSAng">20090.8453333333</dst>
            <dst id="NYCMng">7335.12266666667</dst>
            <dst id="SNVAng">573.514666666667</dst>
            <dst id="STTLng">25983.3813333333</dst>
            <dst id="WASHng">25901.0853333333</dst>
        </src>
        <src id="KSCYng">
            <dst id="ATLA-M5">139.2</dst>
            <dst id="ATLAng">6123.64</dst>
            <dst id="CHINng">33911.488</dst>
            <dst id="DNVRng">8850.072</dst>
            <dst id="HSTNng">3435.71466666667</dst>
            <dst id="IPLSng">8686.99733333333</dst>
            <dst id="KSCYng">3259.944</dst>
            <dst id="LOSAng">3773.71733333333</dst>
            <dst id="NYCMng">5249.85333333333</dst>
            <dst id="SNVAng">1839.04266666667</dst>
            <dst id="STTLng">19767.592</dst>
            <dst id="WASHng">11186.672</dst>
        </src>
        <src id="LOSAng">
            <dst id="ATLA-M5">0</dst>
            <dst id="ATLAng">11901.056</dst>
            <dst id="CHINng">85396.5333333334</dst>
            <dst id="DNVRng">5388.82133333333</dst>
            <dst id="HSTNng">1997.55733333333</dst>
            <dst id="IPLSng">10547.7973333333</dst>
            <dst id="KSCYng">2764.58933333333</dst>
            <dst id="LOSAng">7376.75733333333</dst>
            <dst id="NYCMng">34000.4773333333</dst>
            <dst id="SNVAng">23555.9226666667</dst>
            <dst id="STTLng">40307.8746666667</dst>
            <dst id="WASHng">35336.8693333333</dst>
        </src>
        <src id="NYCMng">
            <dst id="ATLA-M5">341.904</dst>
            <dst id="ATLAng">35795.32</dst>
            <dst id="CHINng">35983.5653333333</dst>
            <dst id="DNVRng">19228.984</dst>
            <dst id="HSTNng">8977.04</dst>
            <dst id="IPLSng">17166.8666666667</dst>
            <dst id="KSCYng">10904.4213333333</dst>
            <dst id="LOSAng">39356.5653333333</dst>
            <dst id="NYCMng">107610.010666667</dst>
            <dst id="SNVAng">2076.22133333333</dst>
            <dst id="STTLng">20700.4026666667</dst>
            <dst id="WASHng">49484.8</dst>
        </src>
        <src id="SNVAng">
            <dst id="ATLA-M5">26.6666666666667</dst>
            <dst id="ATLAng">0</dst>
            <dst id="CHINng">53.3333333333333</dst>
            <dst id="DNVRng">2225.37866666667</dst>
            <dst id="HSTNng">266.434666666667</dst>
            <dst id="IPLSng">378.021333333333</dst>
            <dst id="KSCYng">26.6666666666667</dst>
            <dst id="LOSAng">4659.49333333333</dst>
            <dst id="NYCMng">51.784</dst>
            <dst id="SNVAng">5912.968</dst>
            <dst id="STTLng">20496.1866666667</dst>
            <dst id="WASHng">67.616</dst>
        </src>
        <src id="STTLng">
            <dst id="ATLA-M5">1822.69866666667</dst>
            <dst id="ATLAng">50029.1866666667</dst>
            <dst id="CHINng">73249.6106666667</dst>
            <dst id="DNVRng">3796.73866666667</dst>
            <dst id="HSTNng">13677.8346666667</dst>
            <dst id="IPLSng">70703.5253333333</dst>
            <dst id="KSCYng">34373.2746666667</dst>
            <dst id="LOSAng">22480.1733333333</dst>
            <dst id="NYCMng">20246.1546666667</dst>
            <dst id="SNVAng">1500.18133333333</dst>
            <dst id="STTLng">11916.8933333333</dst>
            <dst id="WASHng">81964.304</dst>
        </src>
        <src id="WASHng">
            <dst id="ATLA-M5">1416.064</dst>
            <dst id="ATLAng">108516.138666667</dst>
            <dst id="CHINng">61909.952</dst>
            <dst id="DNVRng">47807.8986666667</dst>
            <dst id="HSTNng">23410.6053333333</dst>
            <dst id="IPLSng">51532.4693333333</dst>
            <dst id="KSCYng">11578.2773333333</dst>
            <dst id="LOSAng">77572</dst>
            <dst id="NYCMng">141018.088</dst>
            <dst id="SNVAng">4353.688</dst>
            <dst id="STTLng">53005.712</dst>
            <dst id="WASHng">301718.986666667</dst>
        </src>
    </IntraTM>
</TrafficMatrixFile>
