<?xml version="1.0" encoding="ISO-8859-1" standalone="yes"?>
<TrafficMatrixFile xsi:noNamespaceSchemaLocation="http://totem.run.montefiore.ulg.ac.be/Schema/TrafficMatrix-v1_2.xsd" xmlns:xsi="http://www.w3.org/2001/XMLSchema-instance">
    <IntraTM ASID="11537">
        <src id="ATLA-M5">
            <dst id="ATLA-M5">0</dst>
            <dst id="ATLAng">580.901333333333</dst>
            <dst id="CHINng">1951.22133333333</dst>
            <dst id="DNVRng">262.754666666667</dst>
            <dst id="HSTNng">162.176</dst>
            <dst id="IPLSng">272.610666666667</dst>
            <dst id="KSCYng">222.725333333333</dst>
            <dst id="LOSAng">506.038666666667</dst>
            <dst id="NYCMng">1505.53333333333</dst>
            <dst id="SNVAng">28.1986666666667</dst>
            <dst id="STTLng">791.050666666667</dst>
            <dst id="WASHng">1094.008</dst>
        </src>
        <src id="ATLAng">
            <dst id="ATLA-M5">814.008</dst>
            <dst id="ATLAng">58046.0986666667</dst>
            <dst id="CHINng">16698.392</dst>
            <dst id="DNVRng">3377.33333333333</dst>
            <dst id="HSTNng">15996.1066666667</dst>
            <dst id="IPLSng">20644.3786666667</dst>
            <dst id="KSCYng">3600.144</dst>
            <dst id="LOSAng">20018.976</dst>
            <dst id="NYCMng">5929.352</dst>
            <dst id="SNVAng">229.256</dst>
            <dst id="STTLng">8961.97066666667</dst>
            <dst id="WASHng">47558.0586666667</dst>
        </src>
        <src id="CHINng">
            <dst id="ATLA-M5">532.744</dst>
            <dst id="ATLAng">15771.9173333333</dst>
            <dst id="CHINng">109339.944</dst>
            <dst id="DNVRng">16829.96</dst>
            <dst id="HSTNng">10530.7653333333</dst>
            <dst id="IPLSng">65928.0773333333</dst>
            <dst id="KSCYng">11345.7866666667</dst>
            <dst id="LOSAng">32712.2213333333</dst>
            <dst id="NYCMng">18109.8506666667</dst>
            <dst id="SNVAng">3970.09866666667</dst>
            <dst id="STTLng">20781.9413333333</dst>
            <dst id="WASHng">18040.144</dst>
        </src>
        <src id="DNVRng">
            <dst id="ATLA-M5">671.005333333333</dst>
            <dst id="ATLAng">5052.55733333333</dst>
            <dst id="CHINng">73346.9653333333</dst>
            <dst id="DNVRng">14482.536</dst>
            <dst id="HSTNng">12684.68</dst>
            <dst id="IPLSng">8940.49866666667</dst>
            <dst id="KSCYng">21791.552</dst>
            <dst id="LOSAng">6384.45866666667</dst>
            <dst id="NYCMng">8467.904</dst>
            <dst id="SNVAng">15954.9653333333</dst>
            <dst id="STTLng">23648.792</dst>
            <dst id="WASHng">21216.6186666667</dst>
        </src>
        <src id="HSTNng">
            <dst id="ATLA-M5">2975.65866666667</dst>
            <dst id="ATLAng">2992.512</dst>
            <dst id="CHINng">16121.92</dst>
            <dst id="DNVRng">5130.62666666667</dst>
            <dst id="HSTNng">17340.6053333333</dst>
            <dst id="IPLSng">2352.10133333333</dst>
            <dst id="KSCYng">9512.17333333333</dst>
            <dst id="LOSAng">4089.69333333333</dst>
            <dst id="NYCMng">3814.09066666667</dst>
            <dst id="SNVAng">100.162666666667</dst>
            <dst id="STTLng">7073.37333333333</dst>
            <dst id="WASHng">8348.904</dst>
        </src>
        <src id="IPLSng">
            <dst id="ATLA-M5">821.946666666667</dst>
            <dst id="ATLAng">5941.94933333333</dst>
            <dst id="CHINng">88262.2986666667</dst>
            <dst id="DNVRng">5535.31466666667</dst>
            <dst id="HSTNng">5680.248</dst>
            <dst id="IPLSng">10292.7706666667</dst>
            <dst id="KSCYng">3115.21066666667</dst>
            <dst id="LOSAng">21787.7813333333</dst>
            <dst id="NYCMng">8603.77333333333</dst>
            <dst id="SNVAng">2279.688</dst>
            <dst id="STTLng">32666.872</dst>
            <dst id="WASHng">18164.7893333333</dst>
        </src>
        <src id="KSCYng">
            <dst id="ATLA-M5">257.698666666667</dst>
            <dst id="ATLAng">6036.54666666667</dst>
            <dst id="CHINng">37608.8293333333</dst>
            <dst id="DNVRng">7646.61066666666</dst>
            <dst id="HSTNng">3404.54933333333</dst>
            <dst id="IPLSng">16346.992</dst>
            <dst id="KSCYng">12212.7226666667</dst>
            <dst id="LOSAng">4535.58666666667</dst>
            <dst id="NYCMng">13158.5706666667</dst>
            <dst id="SNVAng">2287.75466666667</dst>
            <dst id="STTLng">8317.69866666667</dst>
            <dst id="WASHng">12423.3173333333</dst>
        </src>
        <src id="LOSAng">
            <dst id="ATLA-M5">26.6666666666667</dst>
            <dst id="ATLAng">10521.2613333333</dst>
            <dst id="CHINng">87853.0586666667</dst>
            <dst id="DNVRng">5951.13066666667</dst>
            <dst id="HSTNng">2534.13066666667</dst>
            <dst id="IPLSng">22256.728</dst>
            <dst id="KSCYng">7387.63733333333</dst>
            <dst id="LOSAng">14545.384</dst>
            <dst id="NYCMng">30663.6293333333</dst>
            <dst id="SNVAng">18878.5413333333</dst>
            <dst id="STTLng">48047.6266666667</dst>
            <dst id="WASHng">37797.9946666667</dst>
        </src>
        <src id="NYCMng">
            <dst id="ATLA-M5">1630.496</dst>
            <dst id="ATLAng">23702.632</dst>
            <dst id="CHINng">33846.7333333333</dst>
            <dst id="DNVRng">20941.984</dst>
            <dst id="HSTNng">7118.184</dst>
            <dst id="IPLSng">29692.0826666667</dst>
            <dst id="KSCYng">14718.6293333333</dst>
            <dst id="LOSAng">42944.9706666667</dst>
            <dst id="NYCMng">79187.0773333333</dst>
            <dst id="SNVAng">1756.96266666667</dst>
            <dst id="STTLng">23118.68</dst>
            <dst id="WASHng">75056.744</dst>
        </src>
        <src id="SNVAng">
            <dst id="ATLA-M5">0</dst>
            <dst id="ATLAng">0</dst>
            <dst id="CHINng">80</dst>
            <dst id="DNVRng">1275.768</dst>
            <dst id="HSTNng">101.973333333333</dst>
            <dst id="IPLSng">406.450666666667</dst>
            <dst id="KSCYng">0</dst>
            <dst id="LOSAng">4222.99733333333</dst>
            <dst id="NYCMng">637.621333333333</dst>
            <dst id="SNVAng">5670.62933333333</dst>
            <dst id="STTLng">21282.824</dst>
            <dst id="WASHng">2373.728</dst>
        </src>
        <src id="STTLng">
            <dst id="ATLA-M5">295.682666666667</dst>
            <dst id="ATLAng">10241.3466666667</dst>
            <dst id="CHINng">38713.9546666667</dst>
            <dst id="DNVRng">5433.47466666667</dst>
            <dst id="HSTNng">4020.2</dst>
            <dst id="IPLSng">8023.01333333333</dst>
            <dst id="KSCYng">4944.08533333333</dst>
            <dst id="LOSAng">51945.6586666667</dst>
            <dst id="NYCMng">9208.28533333333</dst>
            <dst id="SNVAng">2011.71733333333</dst>
            <dst id="STTLng">27349.2746666667</dst>
            <dst id="WASHng">17979.4666666667</dst>
        </src>
        <src id="WASHng">
            <dst id="ATLA-M5">411.117333333333</dst>
            <dst id="ATLAng">60467.464</dst>
            <dst id="CHINng">87216.04</dst>
            <dst id="DNVRng">55689.8213333333</dst>
            <dst id="HSTNng">39923.9226666667</dst>
            <dst id="IPLSng">44110.384</dst>
            <dst id="KSCYng">36065.344</dst>
            <dst id="LOSAng">80308.6933333333</dst>
            <dst id="NYCMng">120693.690666667</dst>
            <dst id="SNVAng">12609.984</dst>
            <dst id="STTLng">46693.4026666667</dst>
            <dst id="WASHng">231979.349333333</dst>
        </src>
    </IntraTM>
</TrafficMatrixFile>
