<?xml version="1.0" encoding="ISO-8859-1" standalone="yes"?>
<TrafficMatrixFile xsi:noNamespaceSchemaLocation="http://totem.run.montefiore.ulg.ac.be/Schema/TrafficMatrix-v1_2.xsd" xmlns:xsi="http://www.w3.org/2001/XMLSchema-instance">
    <IntraTM ASID="11537">
        <src id="ATLA-M5">
            <dst id="ATLA-M5">26.6666666666667</dst>
            <dst id="ATLAng">1002.48</dst>
            <dst id="CHINng">24793.328</dst>
            <dst id="DNVRng">861.72</dst>
            <dst id="HSTNng">296.549333333333</dst>
            <dst id="IPLSng">1035.14933333333</dst>
            <dst id="KSCYng">605.805333333333</dst>
            <dst id="LOSAng">137.36</dst>
            <dst id="NYCMng">4268.944</dst>
            <dst id="SNVAng">0</dst>
            <dst id="STTLng">1111.824</dst>
            <dst id="WASHng">29241.5173333333</dst>
        </src>
        <src id="ATLAng">
            <dst id="ATLA-M5">636.88</dst>
            <dst id="ATLAng">69477.0453333333</dst>
            <dst id="CHINng">19128.504</dst>
            <dst id="DNVRng">4957.72</dst>
            <dst id="HSTNng">4968.46666666667</dst>
            <dst id="IPLSng">24957.2666666667</dst>
            <dst id="KSCYng">5055.97866666667</dst>
            <dst id="LOSAng">18760.54</dst>
            <dst id="NYCMng">13695.04</dst>
            <dst id="SNVAng">1667.72133333333</dst>
            <dst id="STTLng">12414.0346666667</dst>
            <dst id="WASHng">47234.1893333333</dst>
        </src>
        <src id="CHINng">
            <dst id="ATLA-M5">1044.96266666667</dst>
            <dst id="ATLAng">45735.9893333333</dst>
            <dst id="CHINng">132048.578666667</dst>
            <dst id="DNVRng">20135.2586666667</dst>
            <dst id="HSTNng">18996.8506666667</dst>
            <dst id="IPLSng">56315.872</dst>
            <dst id="KSCYng">24706.9306666667</dst>
            <dst id="LOSAng">45744.9893333333</dst>
            <dst id="NYCMng">20253.3093333333</dst>
            <dst id="SNVAng">5933.13333333333</dst>
            <dst id="STTLng">24954.6746666667</dst>
            <dst id="WASHng">30597.656</dst>
        </src>
        <src id="DNVRng">
            <dst id="ATLA-M5">183.429333333333</dst>
            <dst id="ATLAng">7000.536</dst>
            <dst id="CHINng">28969.9386666667</dst>
            <dst id="DNVRng">10138.9226666667</dst>
            <dst id="HSTNng">13080.576</dst>
            <dst id="IPLSng">11856.6373333333</dst>
            <dst id="KSCYng">18223.2826666667</dst>
            <dst id="LOSAng">10356.0186666667</dst>
            <dst id="NYCMng">8715.632</dst>
            <dst id="SNVAng">13875.0986666667</dst>
            <dst id="STTLng">52864.2186666667</dst>
            <dst id="WASHng">21620.3786666667</dst>
        </src>
        <src id="HSTNng">
            <dst id="ATLA-M5">3031.66666666667</dst>
            <dst id="ATLAng">3253.58666666667</dst>
            <dst id="CHINng">95010.256</dst>
            <dst id="DNVRng">1823.56</dst>
            <dst id="HSTNng">14971.256</dst>
            <dst id="IPLSng">4240.712</dst>
            <dst id="KSCYng">8893.92</dst>
            <dst id="LOSAng">7770.94933333333</dst>
            <dst id="NYCMng">3911.80266666667</dst>
            <dst id="SNVAng">26.6666666666667</dst>
            <dst id="STTLng">7898.6</dst>
            <dst id="WASHng">21967.9733333333</dst>
        </src>
        <src id="IPLSng">
            <dst id="ATLA-M5">421.370666666667</dst>
            <dst id="ATLAng">15948.36</dst>
            <dst id="CHINng">56085.4986666667</dst>
            <dst id="DNVRng">7010.41066666667</dst>
            <dst id="HSTNng">3565.69066666667</dst>
            <dst id="IPLSng">14248.4826666667</dst>
            <dst id="KSCYng">8110.36266666667</dst>
            <dst id="LOSAng">22516.4773333333</dst>
            <dst id="NYCMng">11807.656</dst>
            <dst id="SNVAng">1570.48266666667</dst>
            <dst id="STTLng">27933.056</dst>
            <dst id="WASHng">18186.432</dst>
        </src>
        <src id="KSCYng">
            <dst id="ATLA-M5">468.594666666667</dst>
            <dst id="ATLAng">6898.54933333333</dst>
            <dst id="CHINng">28809.8693333333</dst>
            <dst id="DNVRng">8146.584</dst>
            <dst id="HSTNng">7544.42933333333</dst>
            <dst id="IPLSng">22221.0186666667</dst>
            <dst id="KSCYng">11207.8266666667</dst>
            <dst id="LOSAng">10463.2293333333</dst>
            <dst id="NYCMng">5404.536</dst>
            <dst id="SNVAng">2673.904</dst>
            <dst id="STTLng">13744.648</dst>
            <dst id="WASHng">13620.9786666667</dst>
        </src>
        <src id="LOSAng">
            <dst id="ATLA-M5">2121.74133333333</dst>
            <dst id="ATLAng">11332.168</dst>
            <dst id="CHINng">132570.069333333</dst>
            <dst id="DNVRng">41125.296</dst>
            <dst id="HSTNng">11393.7146666667</dst>
            <dst id="IPLSng">44734.84</dst>
            <dst id="KSCYng">8374.05066666667</dst>
            <dst id="LOSAng">13958.456</dst>
            <dst id="NYCMng">42019.5493333333</dst>
            <dst id="SNVAng">19429.904</dst>
            <dst id="STTLng">64933.6213333333</dst>
            <dst id="WASHng">62727.112</dst>
        </src>
        <src id="NYCMng">
            <dst id="ATLA-M5">1052.76266666667</dst>
            <dst id="ATLAng">30449.016</dst>
            <dst id="CHINng">52795.4613333333</dst>
            <dst id="DNVRng">22120.7466666667</dst>
            <dst id="HSTNng">9354.34933333333</dst>
            <dst id="IPLSng">23791.9573333333</dst>
            <dst id="KSCYng">10698.7093333333</dst>
            <dst id="LOSAng">63423.68</dst>
            <dst id="NYCMng">109641.506666667</dst>
            <dst id="SNVAng">4225.12266666667</dst>
            <dst id="STTLng">26341.7413333333</dst>
            <dst id="WASHng">95030.1493333333</dst>
        </src>
        <src id="SNVAng">
            <dst id="ATLA-M5">26.6666666666667</dst>
            <dst id="ATLAng">655.218666666667</dst>
            <dst id="CHINng">53.3333333333333</dst>
            <dst id="DNVRng">3514.656</dst>
            <dst id="HSTNng">26.6666666666667</dst>
            <dst id="IPLSng">466.762666666667</dst>
            <dst id="KSCYng">53.3333333333333</dst>
            <dst id="LOSAng">9864.04533333333</dst>
            <dst id="NYCMng">425.029333333333</dst>
            <dst id="SNVAng">6927.40533333333</dst>
            <dst id="STTLng">18877.2773333333</dst>
            <dst id="WASHng">106.666666666667</dst>
        </src>
        <src id="STTLng">
            <dst id="ATLA-M5">1573.89066666667</dst>
            <dst id="ATLAng">28199.992</dst>
            <dst id="CHINng">39015.1786666667</dst>
            <dst id="DNVRng">16129.2106666667</dst>
            <dst id="HSTNng">14399.5146666667</dst>
            <dst id="IPLSng">41619.4293333333</dst>
            <dst id="KSCYng">27262.2346666667</dst>
            <dst id="LOSAng">46020.8773333333</dst>
            <dst id="NYCMng">12897.6586666667</dst>
            <dst id="SNVAng">4855.56</dst>
            <dst id="STTLng">29229.6853333333</dst>
            <dst id="WASHng">38198.1333333333</dst>
        </src>
        <src id="WASHng">
            <dst id="ATLA-M5">2473.54666666667</dst>
            <dst id="ATLAng">82161.744</dst>
            <dst id="CHINng">419433.12</dst>
            <dst id="DNVRng">67308.208</dst>
            <dst id="HSTNng">22675.0213333333</dst>
            <dst id="IPLSng">66526.3253333333</dst>
            <dst id="KSCYng">31973.7093333333</dst>
            <dst id="LOSAng">94570.2586666667</dst>
            <dst id="NYCMng">172644.093333333</dst>
            <dst id="SNVAng">8289.22666666667</dst>
            <dst id="STTLng">56896.0026666667</dst>
            <dst id="WASHng">660422.56</dst>
        </src>
    </IntraTM>
</TrafficMatrixFile>
