<?xml version="1.0" encoding="ISO-8859-1" standalone="yes"?>
<TrafficMatrixFile xsi:noNamespaceSchemaLocation="http://totem.run.montefiore.ulg.ac.be/Schema/TrafficMatrix-v1_2.xsd" xmlns:xsi="http://www.w3.org/2001/XMLSchema-instance">
    <IntraTM ASID="11537">
        <src id="ATLA-M5">
            <dst id="ATLA-M5">92.8693333333333</dst>
            <dst id="ATLAng">1617.056</dst>
            <dst id="CHINng">1505.20533333333</dst>
            <dst id="DNVRng">0</dst>
            <dst id="HSTNng">285.954666666667</dst>
            <dst id="IPLSng">1065.37333333333</dst>
            <dst id="KSCYng">679.92</dst>
            <dst id="LOSAng">115.874666666667</dst>
            <dst id="NYCMng">311.264</dst>
            <dst id="SNVAng">0</dst>
            <dst id="STTLng">921.738666666667</dst>
            <dst id="WASHng">1815.976</dst>
        </src>
        <src id="ATLAng">
            <dst id="ATLA-M5">2219.664</dst>
            <dst id="ATLAng">42770.8426666667</dst>
            <dst id="CHINng">16329.264</dst>
            <dst id="DNVRng">3454.93866666667</dst>
            <dst id="HSTNng">11370.136</dst>
            <dst id="IPLSng">20442.4586666667</dst>
            <dst id="KSCYng">7395.50933333333</dst>
            <dst id="LOSAng">17493.0586666667</dst>
            <dst id="NYCMng">13635.6373333333</dst>
            <dst id="SNVAng">1389.20533333333</dst>
            <dst id="STTLng">21978.8453333333</dst>
            <dst id="WASHng">59224.5813333333</dst>
        </src>
        <src id="CHINng">
            <dst id="ATLA-M5">902.112</dst>
            <dst id="ATLAng">29816.912</dst>
            <dst id="CHINng">124559.608</dst>
            <dst id="DNVRng">45948.3253333333</dst>
            <dst id="HSTNng">16407.2293333333</dst>
            <dst id="IPLSng">92674.416</dst>
            <dst id="KSCYng">20096.6906666667</dst>
            <dst id="LOSAng">71878.3546666667</dst>
            <dst id="NYCMng">18458.76</dst>
            <dst id="SNVAng">3516.95466666667</dst>
            <dst id="STTLng">34396.904</dst>
            <dst id="WASHng">27215.3946666667</dst>
        </src>
        <src id="DNVRng">
            <dst id="ATLA-M5">171.245333333333</dst>
            <dst id="ATLAng">15434.464</dst>
            <dst id="CHINng">86896.8533333333</dst>
            <dst id="DNVRng">17006.776</dst>
            <dst id="HSTNng">20417.408</dst>
            <dst id="IPLSng">21874.088</dst>
            <dst id="KSCYng">26445.952</dst>
            <dst id="LOSAng">10938.6453333333</dst>
            <dst id="NYCMng">9965.02666666667</dst>
            <dst id="SNVAng">18167.0346666667</dst>
            <dst id="STTLng">24091.976</dst>
            <dst id="WASHng">26531.4746666667</dst>
        </src>
        <src id="HSTNng">
            <dst id="ATLA-M5">2709.18933333333</dst>
            <dst id="ATLAng">10384.6106666667</dst>
            <dst id="CHINng">18930.4373333333</dst>
            <dst id="DNVRng">1334.304</dst>
            <dst id="HSTNng">18915.2613333333</dst>
            <dst id="IPLSng">5785.98133333333</dst>
            <dst id="KSCYng">11288.3466666667</dst>
            <dst id="LOSAng">2613.832</dst>
            <dst id="NYCMng">7918.46133333333</dst>
            <dst id="SNVAng">933.512</dst>
            <dst id="STTLng">13088.048</dst>
            <dst id="WASHng">19389.1386666667</dst>
        </src>
        <src id="IPLSng">
            <dst id="ATLA-M5">630.037333333333</dst>
            <dst id="ATLAng">22057.464</dst>
            <dst id="CHINng">95194.7866666666</dst>
            <dst id="DNVRng">26319.7173333333</dst>
            <dst id="HSTNng">7742.98133333333</dst>
            <dst id="IPLSng">29975.632</dst>
            <dst id="KSCYng">27199.776</dst>
            <dst id="LOSAng">24427.1733333333</dst>
            <dst id="NYCMng">18317.4773333333</dst>
            <dst id="SNVAng">1572.984</dst>
            <dst id="STTLng">35189.4986666667</dst>
            <dst id="WASHng">41528.6453333333</dst>
        </src>
        <src id="KSCYng">
            <dst id="ATLA-M5">536.034666666667</dst>
            <dst id="ATLAng">6772.29866666667</dst>
            <dst id="CHINng">27642.4506666667</dst>
            <dst id="DNVRng">9209.76</dst>
            <dst id="HSTNng">8005.808</dst>
            <dst id="IPLSng">35466.0213333333</dst>
            <dst id="KSCYng">20175.9306666667</dst>
            <dst id="LOSAng">9616.34933333333</dst>
            <dst id="NYCMng">14933.592</dst>
            <dst id="SNVAng">2049.76266666667</dst>
            <dst id="STTLng">15238.736</dst>
            <dst id="WASHng">15084.9306666667</dst>
        </src>
        <src id="LOSAng">
            <dst id="ATLA-M5">328.621333333333</dst>
            <dst id="ATLAng">47693.3706666667</dst>
            <dst id="CHINng">140467.405333333</dst>
            <dst id="DNVRng">15848.736</dst>
            <dst id="HSTNng">10121.4213333333</dst>
            <dst id="IPLSng">30801.4346666667</dst>
            <dst id="KSCYng">6900.216</dst>
            <dst id="LOSAng">8061.56</dst>
            <dst id="NYCMng">43446.2746666667</dst>
            <dst id="SNVAng">20558.016</dst>
            <dst id="STTLng">70296.52</dst>
            <dst id="WASHng">60030.4453333333</dst>
        </src>
        <src id="NYCMng">
            <dst id="ATLA-M5">993.293333333333</dst>
            <dst id="ATLAng">67025.7466666667</dst>
            <dst id="CHINng">35422.384</dst>
            <dst id="DNVRng">14544.3866666667</dst>
            <dst id="HSTNng">16653.92</dst>
            <dst id="IPLSng">48781.96</dst>
            <dst id="KSCYng">12870.2986666667</dst>
            <dst id="LOSAng">54523.9333333333</dst>
            <dst id="NYCMng">158113.298666667</dst>
            <dst id="SNVAng">2246.61066666667</dst>
            <dst id="STTLng">27755.48</dst>
            <dst id="WASHng">108556.301333333</dst>
        </src>
        <src id="SNVAng">
            <dst id="ATLA-M5">0</dst>
            <dst id="ATLAng">113.237333333333</dst>
            <dst id="CHINng">160</dst>
            <dst id="DNVRng">3486.024</dst>
            <dst id="HSTNng">127.242666666667</dst>
            <dst id="IPLSng">673.072</dst>
            <dst id="KSCYng">26.6666666666667</dst>
            <dst id="LOSAng">8579.08</dst>
            <dst id="NYCMng">107.696</dst>
            <dst id="SNVAng">10415.0373333333</dst>
            <dst id="STTLng">19797.5226666667</dst>
            <dst id="WASHng">329.802666666667</dst>
        </src>
        <src id="STTLng">
            <dst id="ATLA-M5">3898.57866666667</dst>
            <dst id="ATLAng">82090.4773333333</dst>
            <dst id="CHINng">131112.824</dst>
            <dst id="DNVRng">28022.48</dst>
            <dst id="HSTNng">42466.2693333333</dst>
            <dst id="IPLSng">100098.632</dst>
            <dst id="KSCYng">61564.2506666667</dst>
            <dst id="LOSAng">25084.0346666667</dst>
            <dst id="NYCMng">30901.128</dst>
            <dst id="SNVAng">7357.81866666667</dst>
            <dst id="STTLng">28266.7333333333</dst>
            <dst id="WASHng">106063.192</dst>
        </src>
        <src id="WASHng">
            <dst id="ATLA-M5">8281.15466666667</dst>
            <dst id="ATLAng">151090.034666667</dst>
            <dst id="CHINng">85940.3893333333</dst>
            <dst id="DNVRng">63952.3333333333</dst>
            <dst id="HSTNng">33278.1146666667</dst>
            <dst id="IPLSng">59754.736</dst>
            <dst id="KSCYng">26774.9733333333</dst>
            <dst id="LOSAng">68428.5253333333</dst>
            <dst id="NYCMng">183029.490666667</dst>
            <dst id="SNVAng">3266.656</dst>
            <dst id="STTLng">55689.3066666667</dst>
            <dst id="WASHng">334223.626666667</dst>
        </src>
    </IntraTM>
</TrafficMatrixFile>
