<?xml version="1.0" encoding="ISO-8859-1" standalone="yes"?>
<TrafficMatrixFile xsi:noNamespaceSchemaLocation="http://totem.run.montefiore.ulg.ac.be/Schema/TrafficMatrix-v1_2.xsd" xmlns:xsi="http://www.w3.org/2001/XMLSchema-instance">
    <IntraTM ASID="11537">
        <src id="ATLA-M5">
            <dst id="ATLA-M5">0</dst>
            <dst id="ATLAng">1017.088</dst>
            <dst id="CHINng">837.333333333333</dst>
            <dst id="DNVRng">926.424</dst>
            <dst id="HSTNng">323.906666666667</dst>
            <dst id="IPLSng">273.373333333333</dst>
            <dst id="KSCYng">186.674666666667</dst>
            <dst id="LOSAng">323.824</dst>
            <dst id="NYCMng">1385.23733333333</dst>
            <dst id="SNVAng">25.2213333333333</dst>
            <dst id="STTLng">630.856</dst>
            <dst id="WASHng">1948.09066666667</dst>
        </src>
        <src id="ATLAng">
            <dst id="ATLA-M5">359.144</dst>
            <dst id="ATLAng">39359.6293333333</dst>
            <dst id="CHINng">17003.1173333333</dst>
            <dst id="DNVRng">6321.33333333333</dst>
            <dst id="HSTNng">11709.8906666667</dst>
            <dst id="IPLSng">19613.488</dst>
            <dst id="KSCYng">3289.184</dst>
            <dst id="LOSAng">11922.1813333333</dst>
            <dst id="NYCMng">10184.6133333333</dst>
            <dst id="SNVAng">1754.48</dst>
            <dst id="STTLng">9339.70133333333</dst>
            <dst id="WASHng">46713.4053333333</dst>
        </src>
        <src id="CHINng">
            <dst id="ATLA-M5">670.984</dst>
            <dst id="ATLAng">16962.36</dst>
            <dst id="CHINng">121751.754666667</dst>
            <dst id="DNVRng">9549.744</dst>
            <dst id="HSTNng">18736.7386666667</dst>
            <dst id="IPLSng">56819.832</dst>
            <dst id="KSCYng">13949</dst>
            <dst id="LOSAng">34277.1253333333</dst>
            <dst id="NYCMng">19112.1893333333</dst>
            <dst id="SNVAng">3923.06666666667</dst>
            <dst id="STTLng">19845.1946666667</dst>
            <dst id="WASHng">19058.8986666667</dst>
        </src>
        <src id="DNVRng">
            <dst id="ATLA-M5">165.786666666667</dst>
            <dst id="ATLAng">3656.00533333333</dst>
            <dst id="CHINng">43657.4826666667</dst>
            <dst id="DNVRng">17662.128</dst>
            <dst id="HSTNng">19361.12</dst>
            <dst id="IPLSng">14755.8906666667</dst>
            <dst id="KSCYng">28367.9626666667</dst>
            <dst id="LOSAng">10256.0026666667</dst>
            <dst id="NYCMng">7947.60533333333</dst>
            <dst id="SNVAng">14107.8586666667</dst>
            <dst id="STTLng">35424.0213333333</dst>
            <dst id="WASHng">24662.5466666667</dst>
        </src>
        <src id="HSTNng">
            <dst id="ATLA-M5">3211.46933333333</dst>
            <dst id="ATLAng">2731.088</dst>
            <dst id="CHINng">17048.0666666667</dst>
            <dst id="DNVRng">1389.016</dst>
            <dst id="HSTNng">17475.1173333333</dst>
            <dst id="IPLSng">6123.54666666667</dst>
            <dst id="KSCYng">10930.2613333333</dst>
            <dst id="LOSAng">5134.86133333333</dst>
            <dst id="NYCMng">4330.28</dst>
            <dst id="SNVAng">0</dst>
            <dst id="STTLng">4951.912</dst>
            <dst id="WASHng">3858.80533333333</dst>
        </src>
        <src id="IPLSng">
            <dst id="ATLA-M5">1545.36</dst>
            <dst id="ATLAng">10354.0106666667</dst>
            <dst id="CHINng">57003.1866666667</dst>
            <dst id="DNVRng">16114.8346666667</dst>
            <dst id="HSTNng">17582.608</dst>
            <dst id="IPLSng">34834.4826666667</dst>
            <dst id="KSCYng">3296.76533333333</dst>
            <dst id="LOSAng">20280.6826666667</dst>
            <dst id="NYCMng">8820.584</dst>
            <dst id="SNVAng">1569.41066666667</dst>
            <dst id="STTLng">22098.0826666667</dst>
            <dst id="WASHng">14563.624</dst>
        </src>
        <src id="KSCYng">
            <dst id="ATLA-M5">252.736</dst>
            <dst id="ATLAng">6117.71466666667</dst>
            <dst id="CHINng">36351.2773333333</dst>
            <dst id="DNVRng">8189.37333333333</dst>
            <dst id="HSTNng">3178.18666666667</dst>
            <dst id="IPLSng">20836.2853333333</dst>
            <dst id="KSCYng">22031.3093333333</dst>
            <dst id="LOSAng">5985.10666666667</dst>
            <dst id="NYCMng">8951.38933333333</dst>
            <dst id="SNVAng">2399.36266666667</dst>
            <dst id="STTLng">7017.888</dst>
            <dst id="WASHng">11097.4373333333</dst>
        </src>
        <src id="LOSAng">
            <dst id="ATLA-M5">53.3333333333333</dst>
            <dst id="ATLAng">10143.328</dst>
            <dst id="CHINng">77388.696</dst>
            <dst id="DNVRng">13887.7946666667</dst>
            <dst id="HSTNng">2561.91466666667</dst>
            <dst id="IPLSng">19594.0586666667</dst>
            <dst id="KSCYng">3802.76266666667</dst>
            <dst id="LOSAng">14629.6986666667</dst>
            <dst id="NYCMng">28233.3093333333</dst>
            <dst id="SNVAng">20472.6186666667</dst>
            <dst id="STTLng">52028.7946666667</dst>
            <dst id="WASHng">34063.5653333333</dst>
        </src>
        <src id="NYCMng">
            <dst id="ATLA-M5">1257.73066666667</dst>
            <dst id="ATLAng">28836.9013333333</dst>
            <dst id="CHINng">32382.2453333333</dst>
            <dst id="DNVRng">26175.1253333333</dst>
            <dst id="HSTNng">7429.76533333333</dst>
            <dst id="IPLSng">17304.8426666667</dst>
            <dst id="KSCYng">10616.8746666667</dst>
            <dst id="LOSAng">46291.984</dst>
            <dst id="NYCMng">75604.8586666667</dst>
            <dst id="SNVAng">1775.99733333333</dst>
            <dst id="STTLng">25368.64</dst>
            <dst id="WASHng">50338.624</dst>
        </src>
        <src id="SNVAng">
            <dst id="ATLA-M5">0</dst>
            <dst id="ATLAng">26.6666666666667</dst>
            <dst id="CHINng">0</dst>
            <dst id="DNVRng">1137.592</dst>
            <dst id="HSTNng">60.2666666666667</dst>
            <dst id="IPLSng">425.085333333333</dst>
            <dst id="KSCYng">26.6666666666667</dst>
            <dst id="LOSAng">7197.90933333333</dst>
            <dst id="NYCMng">219.213333333333</dst>
            <dst id="SNVAng">6313.56</dst>
            <dst id="STTLng">23600.6106666667</dst>
            <dst id="WASHng">5833.33333333333</dst>
        </src>
        <src id="STTLng">
            <dst id="ATLA-M5">329.138666666667</dst>
            <dst id="ATLAng">10208.8933333333</dst>
            <dst id="CHINng">28148.3546666667</dst>
            <dst id="DNVRng">6230.92266666667</dst>
            <dst id="HSTNng">2957.528</dst>
            <dst id="IPLSng">9429.768</dst>
            <dst id="KSCYng">4953.544</dst>
            <dst id="LOSAng">37129.8826666667</dst>
            <dst id="NYCMng">8639.6</dst>
            <dst id="SNVAng">5261.784</dst>
            <dst id="STTLng">25511.1786666667</dst>
            <dst id="WASHng">12152.016</dst>
        </src>
        <src id="WASHng">
            <dst id="ATLA-M5">984.178666666667</dst>
            <dst id="ATLAng">116898.301333333</dst>
            <dst id="CHINng">98463.096</dst>
            <dst id="DNVRng">70394.4</dst>
            <dst id="HSTNng">28883.8133333333</dst>
            <dst id="IPLSng">50930.0293333333</dst>
            <dst id="KSCYng">30012.5306666667</dst>
            <dst id="LOSAng">70280.5573333333</dst>
            <dst id="NYCMng">140981.752</dst>
            <dst id="SNVAng">6479.36533333333</dst>
            <dst id="STTLng">48788.968</dst>
            <dst id="WASHng">258363.144</dst>
        </src>
    </IntraTM>
</TrafficMatrixFile>
