<?xml version="1.0" encoding="ISO-8859-1" standalone="yes"?>
<TrafficMatrixFile xsi:noNamespaceSchemaLocation="http://totem.run.montefiore.ulg.ac.be/Schema/TrafficMatrix-v1_2.xsd" xmlns:xsi="http://www.w3.org/2001/XMLSchema-instance">
    <IntraTM ASID="11537">
        <src id="ATLA-M5">
            <dst id="ATLA-M5">0</dst>
            <dst id="ATLAng">1270.66133333333</dst>
            <dst id="CHINng">809.736</dst>
            <dst id="DNVRng">26.6666666666667</dst>
            <dst id="HSTNng">181.376</dst>
            <dst id="IPLSng">312.909333333333</dst>
            <dst id="KSCYng">171.816</dst>
            <dst id="LOSAng">475.152</dst>
            <dst id="NYCMng">1315.608</dst>
            <dst id="SNVAng">23.1546666666667</dst>
            <dst id="STTLng">816.226666666667</dst>
            <dst id="WASHng">1034.53333333333</dst>
        </src>
        <src id="ATLAng">
            <dst id="ATLA-M5">257.813333333333</dst>
            <dst id="ATLAng">37929.7786666667</dst>
            <dst id="CHINng">19395.848</dst>
            <dst id="DNVRng">4875.472</dst>
            <dst id="HSTNng">2564.26133333333</dst>
            <dst id="IPLSng">14057.944</dst>
            <dst id="KSCYng">2706.95466666667</dst>
            <dst id="LOSAng">14634.0093333333</dst>
            <dst id="NYCMng">5722.60266666667</dst>
            <dst id="SNVAng">260.484</dst>
            <dst id="STTLng">9357.048</dst>
            <dst id="WASHng">44941.9653333333</dst>
        </src>
        <src id="CHINng">
            <dst id="ATLA-M5">628.066666666667</dst>
            <dst id="ATLAng">16053.864</dst>
            <dst id="CHINng">175141.368</dst>
            <dst id="DNVRng">11894.136</dst>
            <dst id="HSTNng">9783.824</dst>
            <dst id="IPLSng">48757.7493333333</dst>
            <dst id="KSCYng">18081.9813333333</dst>
            <dst id="LOSAng">35267.992</dst>
            <dst id="NYCMng">21411.168</dst>
            <dst id="SNVAng">3240.416</dst>
            <dst id="STTLng">19187.2133333333</dst>
            <dst id="WASHng">25598.928</dst>
        </src>
        <src id="DNVRng">
            <dst id="ATLA-M5">139.093333333333</dst>
            <dst id="ATLAng">7613.136</dst>
            <dst id="CHINng">60663.3546666667</dst>
            <dst id="DNVRng">12472.3893333333</dst>
            <dst id="HSTNng">11884.0693333333</dst>
            <dst id="IPLSng">13342.8853333333</dst>
            <dst id="KSCYng">17850.5706666667</dst>
            <dst id="LOSAng">7382.632</dst>
            <dst id="NYCMng">9821.47733333333</dst>
            <dst id="SNVAng">10096.2213333333</dst>
            <dst id="STTLng">17652.7306666667</dst>
            <dst id="WASHng">25443.328</dst>
        </src>
        <src id="HSTNng">
            <dst id="ATLA-M5">1869.26933333333</dst>
            <dst id="ATLAng">3345.18133333333</dst>
            <dst id="CHINng">20005.1013333333</dst>
            <dst id="DNVRng">1245.47466666667</dst>
            <dst id="HSTNng">17644.6586666667</dst>
            <dst id="IPLSng">1984.344</dst>
            <dst id="KSCYng">9952.696</dst>
            <dst id="LOSAng">3169.10666666667</dst>
            <dst id="NYCMng">3340.92</dst>
            <dst id="SNVAng">56.3386666666667</dst>
            <dst id="STTLng">4996.87466666667</dst>
            <dst id="WASHng">6928.472</dst>
        </src>
        <src id="IPLSng">
            <dst id="ATLA-M5">798.608</dst>
            <dst id="ATLAng">5894.68266666667</dst>
            <dst id="CHINng">66239.7973333333</dst>
            <dst id="DNVRng">5593.93866666667</dst>
            <dst id="HSTNng">1760.79466666667</dst>
            <dst id="IPLSng">9031.36</dst>
            <dst id="KSCYng">2530.70666666667</dst>
            <dst id="LOSAng">19548.6613333333</dst>
            <dst id="NYCMng">6205.98933333333</dst>
            <dst id="SNVAng">982.634666666667</dst>
            <dst id="STTLng">20327.3706666667</dst>
            <dst id="WASHng">22793.4186666667</dst>
        </src>
        <src id="KSCYng">
            <dst id="ATLA-M5">290.064</dst>
            <dst id="ATLAng">5730.11466666667</dst>
            <dst id="CHINng">29878.7813333333</dst>
            <dst id="DNVRng">9378.51733333333</dst>
            <dst id="HSTNng">2772.41333333333</dst>
            <dst id="IPLSng">17966.9626666667</dst>
            <dst id="KSCYng">15867.04</dst>
            <dst id="LOSAng">4824.25333333333</dst>
            <dst id="NYCMng">5798.85066666667</dst>
            <dst id="SNVAng">2453.45333333333</dst>
            <dst id="STTLng">12714.1173333333</dst>
            <dst id="WASHng">9400.69333333333</dst>
        </src>
        <src id="LOSAng">
            <dst id="ATLA-M5">36.0933333333333</dst>
            <dst id="ATLAng">7027.26933333333</dst>
            <dst id="CHINng">76845.6666666667</dst>
            <dst id="DNVRng">9025.648</dst>
            <dst id="HSTNng">2039.536</dst>
            <dst id="IPLSng">25927.4506666667</dst>
            <dst id="KSCYng">2614.43733333333</dst>
            <dst id="LOSAng">13112.4026666667</dst>
            <dst id="NYCMng">30899.84</dst>
            <dst id="SNVAng">20606.4746666667</dst>
            <dst id="STTLng">42717.1226666667</dst>
            <dst id="WASHng">36352.1813333333</dst>
        </src>
        <src id="NYCMng">
            <dst id="ATLA-M5">1910.00266666667</dst>
            <dst id="ATLAng">24875.9733333333</dst>
            <dst id="CHINng">36792.752</dst>
            <dst id="DNVRng">15113.8933333333</dst>
            <dst id="HSTNng">7461.56</dst>
            <dst id="IPLSng">17405.3626666667</dst>
            <dst id="KSCYng">8164.40533333333</dst>
            <dst id="LOSAng">49177.816</dst>
            <dst id="NYCMng">102445.866666667</dst>
            <dst id="SNVAng">6522.808</dst>
            <dst id="STTLng">18737.6186666667</dst>
            <dst id="WASHng">63930.8773333333</dst>
        </src>
        <src id="SNVAng">
            <dst id="ATLA-M5">26.6666666666667</dst>
            <dst id="ATLAng">0</dst>
            <dst id="CHINng">53.3333333333333</dst>
            <dst id="DNVRng">2245.448</dst>
            <dst id="HSTNng">41.92</dst>
            <dst id="IPLSng">323.104</dst>
            <dst id="KSCYng">53.3333333333333</dst>
            <dst id="LOSAng">6104.912</dst>
            <dst id="NYCMng">217.904</dst>
            <dst id="SNVAng">7107.97066666667</dst>
            <dst id="STTLng">24492.0293333333</dst>
            <dst id="WASHng">0</dst>
        </src>
        <src id="STTLng">
            <dst id="ATLA-M5">1162.89866666667</dst>
            <dst id="ATLAng">9232.53333333333</dst>
            <dst id="CHINng">38438.496</dst>
            <dst id="DNVRng">8729.58933333333</dst>
            <dst id="HSTNng">4487.928</dst>
            <dst id="IPLSng">13202.6666666667</dst>
            <dst id="KSCYng">5998.86933333333</dst>
            <dst id="LOSAng">64412.6613333333</dst>
            <dst id="NYCMng">7619.104</dst>
            <dst id="SNVAng">2458.94933333333</dst>
            <dst id="STTLng">21382.96</dst>
            <dst id="WASHng">11902.8533333333</dst>
        </src>
        <src id="WASHng">
            <dst id="ATLA-M5">300.586666666667</dst>
            <dst id="ATLAng">72689.9173333333</dst>
            <dst id="CHINng">65707.0906666667</dst>
            <dst id="DNVRng">57948.1546666667</dst>
            <dst id="HSTNng">21985.488</dst>
            <dst id="IPLSng">39846.1786666667</dst>
            <dst id="KSCYng">20217.3413333333</dst>
            <dst id="LOSAng">81591.016</dst>
            <dst id="NYCMng">146071.714666667</dst>
            <dst id="SNVAng">8691.65866666666</dst>
            <dst id="STTLng">39273.4853333333</dst>
            <dst id="WASHng">267825.546666667</dst>
        </src>
    </IntraTM>
</TrafficMatrixFile>
