<?xml version="1.0" encoding="ISO-8859-1" standalone="yes"?>
<TrafficMatrixFile xsi:noNamespaceSchemaLocation="http://totem.run.montefiore.ulg.ac.be/Schema/TrafficMatrix-v1_2.xsd" xmlns:xsi="http://www.w3.org/2001/XMLSchema-instance">
    <IntraTM ASID="11537">
        <src id="ATLA-M5">
            <dst id="ATLA-M5">174.08</dst>
            <dst id="ATLAng">957.418666666667</dst>
            <dst id="CHINng">1102.208</dst>
            <dst id="DNVRng">230.344</dst>
            <dst id="HSTNng">630.421333333333</dst>
            <dst id="IPLSng">4397.248</dst>
            <dst id="KSCYng">163.085333333333</dst>
            <dst id="LOSAng">215.02</dst>
            <dst id="NYCMng">3065.34666666667</dst>
            <dst id="SNVAng">68.212</dst>
            <dst id="STTLng">1124.89866666667</dst>
            <dst id="WASHng">2935.608</dst>
        </src>
        <src id="ATLAng">
            <dst id="ATLA-M5">529.829333333333</dst>
            <dst id="ATLAng">41292.8106666667</dst>
            <dst id="CHINng">36837.1413333333</dst>
            <dst id="DNVRng">4571.96533333333</dst>
            <dst id="HSTNng">26182.1973333333</dst>
            <dst id="IPLSng">29611.6906666667</dst>
            <dst id="KSCYng">12973.5813333333</dst>
            <dst id="LOSAng">19395.512</dst>
            <dst id="NYCMng">19220.336</dst>
            <dst id="SNVAng">1677.72266666667</dst>
            <dst id="STTLng">20381.5573333333</dst>
            <dst id="WASHng">53649.84</dst>
        </src>
        <src id="CHINng">
            <dst id="ATLA-M5">1713.49333333333</dst>
            <dst id="ATLAng">107035.44</dst>
            <dst id="CHINng">134204.509333333</dst>
            <dst id="DNVRng">15968.624</dst>
            <dst id="HSTNng">24618.6293333333</dst>
            <dst id="IPLSng">72755.3173333334</dst>
            <dst id="KSCYng">26329.8666666667</dst>
            <dst id="LOSAng">39625.3013333333</dst>
            <dst id="NYCMng">26806.0693333333</dst>
            <dst id="SNVAng">11104.5573333333</dst>
            <dst id="STTLng">36310.3706666667</dst>
            <dst id="WASHng">47580.5013333333</dst>
        </src>
        <src id="DNVRng">
            <dst id="ATLA-M5">863.402666666667</dst>
            <dst id="ATLAng">22352.544</dst>
            <dst id="CHINng">41531.6693333333</dst>
            <dst id="DNVRng">15513.2773333333</dst>
            <dst id="HSTNng">20034.4106666667</dst>
            <dst id="IPLSng">16738.672</dst>
            <dst id="KSCYng">20959.7973333333</dst>
            <dst id="LOSAng">19408.5093333333</dst>
            <dst id="NYCMng">11237.9653333333</dst>
            <dst id="SNVAng">20998.3973333333</dst>
            <dst id="STTLng">47110.8266666667</dst>
            <dst id="WASHng">34122.1413333333</dst>
        </src>
        <src id="HSTNng">
            <dst id="ATLA-M5">1985.21066666667</dst>
            <dst id="ATLAng">8463.37866666667</dst>
            <dst id="CHINng">22383.5546666667</dst>
            <dst id="DNVRng">4499.62133333333</dst>
            <dst id="HSTNng">23250.072</dst>
            <dst id="IPLSng">8110.864</dst>
            <dst id="KSCYng">10253.0026666667</dst>
            <dst id="LOSAng">5817.77866666667</dst>
            <dst id="NYCMng">6128.88533333333</dst>
            <dst id="SNVAng">586.061333333333</dst>
            <dst id="STTLng">12724.7146666667</dst>
            <dst id="WASHng">24138.7866666667</dst>
        </src>
        <src id="IPLSng">
            <dst id="ATLA-M5">3255.272</dst>
            <dst id="ATLAng">21692.3306666667</dst>
            <dst id="CHINng">74772.6853333334</dst>
            <dst id="DNVRng">32120.344</dst>
            <dst id="HSTNng">15047.0053333333</dst>
            <dst id="IPLSng">18575.4026666667</dst>
            <dst id="KSCYng">22187.1413333333</dst>
            <dst id="LOSAng">18164.5946666667</dst>
            <dst id="NYCMng">10354.4826666667</dst>
            <dst id="SNVAng">3952.06933333333</dst>
            <dst id="STTLng">25727.496</dst>
            <dst id="WASHng">47949.7706666667</dst>
        </src>
        <src id="KSCYng">
            <dst id="ATLA-M5">317.194666666667</dst>
            <dst id="ATLAng">8769.70933333333</dst>
            <dst id="CHINng">32553.2613333333</dst>
            <dst id="DNVRng">9971.97333333333</dst>
            <dst id="HSTNng">4478.89333333333</dst>
            <dst id="IPLSng">30022.208</dst>
            <dst id="KSCYng">19951.8106666667</dst>
            <dst id="LOSAng">6925.23733333333</dst>
            <dst id="NYCMng">12523.1146666667</dst>
            <dst id="SNVAng">3431.94933333333</dst>
            <dst id="STTLng">16092.6506666667</dst>
            <dst id="WASHng">17836.7093333333</dst>
        </src>
        <src id="LOSAng">
            <dst id="ATLA-M5">450.525333333333</dst>
            <dst id="ATLAng">39448.2426666667</dst>
            <dst id="CHINng">97580.7413333333</dst>
            <dst id="DNVRng">56675.8426666667</dst>
            <dst id="HSTNng">21572.8</dst>
            <dst id="IPLSng">51007.4773333333</dst>
            <dst id="KSCYng">15138.576</dst>
            <dst id="LOSAng">9859.632</dst>
            <dst id="NYCMng">60958.128</dst>
            <dst id="SNVAng">19146.2853333333</dst>
            <dst id="STTLng">49201.0533333333</dst>
            <dst id="WASHng">78809.3893333333</dst>
        </src>
        <src id="NYCMng">
            <dst id="ATLA-M5">2197.54133333333</dst>
            <dst id="ATLAng">42744.6373333333</dst>
            <dst id="CHINng">36401.224</dst>
            <dst id="DNVRng">34057.416</dst>
            <dst id="HSTNng">20830.248</dst>
            <dst id="IPLSng">41348.5706666667</dst>
            <dst id="KSCYng">17884.8186666667</dst>
            <dst id="LOSAng">61427.1893333333</dst>
            <dst id="NYCMng">123586.557333333</dst>
            <dst id="SNVAng">5492.43466666667</dst>
            <dst id="STTLng">26254.5173333333</dst>
            <dst id="WASHng">130496.357333333</dst>
        </src>
        <src id="SNVAng">
            <dst id="ATLA-M5">26.6666666666667</dst>
            <dst id="ATLAng">435.008</dst>
            <dst id="CHINng">217.76</dst>
            <dst id="DNVRng">16426.9466666667</dst>
            <dst id="HSTNng">450.208</dst>
            <dst id="IPLSng">657.44</dst>
            <dst id="KSCYng">190.602666666667</dst>
            <dst id="LOSAng">14999.44</dst>
            <dst id="NYCMng">187.269333333333</dst>
            <dst id="SNVAng">15398.8266666667</dst>
            <dst id="STTLng">28805.6746666667</dst>
            <dst id="WASHng">107.973333333333</dst>
        </src>
        <src id="STTLng">
            <dst id="ATLA-M5">3802.56</dst>
            <dst id="ATLAng">77020.3013333333</dst>
            <dst id="CHINng">126546.192</dst>
            <dst id="DNVRng">62661.4426666667</dst>
            <dst id="HSTNng">42812.4853333333</dst>
            <dst id="IPLSng">112536.688</dst>
            <dst id="KSCYng">77656.5493333333</dst>
            <dst id="LOSAng">11748.96</dst>
            <dst id="NYCMng">31604.3893333333</dst>
            <dst id="SNVAng">9248.864</dst>
            <dst id="STTLng">50239.2826666667</dst>
            <dst id="WASHng">113801.589333333</dst>
        </src>
        <src id="WASHng">
            <dst id="ATLA-M5">10755.9226666667</dst>
            <dst id="ATLAng">139432.890666667</dst>
            <dst id="CHINng">119283.2</dst>
            <dst id="DNVRng">101112.346666667</dst>
            <dst id="HSTNng">46265.1813333333</dst>
            <dst id="IPLSng">98203.6586666667</dst>
            <dst id="KSCYng">26062.72</dst>
            <dst id="LOSAng">93356.1786666667</dst>
            <dst id="NYCMng">269785.84</dst>
            <dst id="SNVAng">11623.6933333333</dst>
            <dst id="STTLng">55216.32</dst>
            <dst id="WASHng">308204.373333333</dst>
        </src>
    </IntraTM>
</TrafficMatrixFile>
