<?xml version="1.0" encoding="ISO-8859-1" standalone="yes"?>
<TrafficMatrixFile xsi:noNamespaceSchemaLocation="http://totem.run.montefiore.ulg.ac.be/Schema/TrafficMatrix-v1_2.xsd" xmlns:xsi="http://www.w3.org/2001/XMLSchema-instance">
    <IntraTM ASID="11537">
        <src id="ATLA-M5">
            <dst id="ATLA-M5">190.928</dst>
            <dst id="ATLAng">6231.06933333333</dst>
            <dst id="CHINng">1319.696</dst>
            <dst id="DNVRng">194.432</dst>
            <dst id="HSTNng">468.309333333333</dst>
            <dst id="IPLSng">714.789333333333</dst>
            <dst id="KSCYng">439.528</dst>
            <dst id="LOSAng">205.522666666667</dst>
            <dst id="NYCMng">1874.128</dst>
            <dst id="SNVAng">52.7386666666667</dst>
            <dst id="STTLng">895.461333333333</dst>
            <dst id="WASHng">1676.656</dst>
        </src>
        <src id="ATLAng">
            <dst id="ATLA-M5">2624.49066666667</dst>
            <dst id="ATLAng">43091.2666666667</dst>
            <dst id="CHINng">28555.7626666667</dst>
            <dst id="DNVRng">11165.0693333333</dst>
            <dst id="HSTNng">22651.0586666667</dst>
            <dst id="IPLSng">35494.1333333333</dst>
            <dst id="KSCYng">7568.29333333333</dst>
            <dst id="LOSAng">16557.2426666667</dst>
            <dst id="NYCMng">19133.1653333333</dst>
            <dst id="SNVAng">1261.37333333333</dst>
            <dst id="STTLng">19103.672</dst>
            <dst id="WASHng">54858.936</dst>
        </src>
        <src id="CHINng">
            <dst id="ATLA-M5">1727.55466666667</dst>
            <dst id="ATLAng">24226.68</dst>
            <dst id="CHINng">162832.474666667</dst>
            <dst id="DNVRng">19119.656</dst>
            <dst id="HSTNng">21081.0346666667</dst>
            <dst id="IPLSng">74896.584</dst>
            <dst id="KSCYng">25630</dst>
            <dst id="LOSAng">41867.4213333333</dst>
            <dst id="NYCMng">17149.9013333333</dst>
            <dst id="SNVAng">5375.264</dst>
            <dst id="STTLng">31518.856</dst>
            <dst id="WASHng">36136.3893333333</dst>
        </src>
        <src id="DNVRng">
            <dst id="ATLA-M5">1306.05066666667</dst>
            <dst id="ATLAng">7196.088</dst>
            <dst id="CHINng">30747.4373333333</dst>
            <dst id="DNVRng">16244.7546666667</dst>
            <dst id="HSTNng">15999.1013333333</dst>
            <dst id="IPLSng">15952.16</dst>
            <dst id="KSCYng">22095.7386666667</dst>
            <dst id="LOSAng">17647.9413333333</dst>
            <dst id="NYCMng">18065.9546666667</dst>
            <dst id="SNVAng">17061.544</dst>
            <dst id="STTLng">71981.992</dst>
            <dst id="WASHng">32026.64</dst>
        </src>
        <src id="HSTNng">
            <dst id="ATLA-M5">2509.59733333333</dst>
            <dst id="ATLAng">6786.89866666667</dst>
            <dst id="CHINng">16711.52</dst>
            <dst id="DNVRng">6668.02133333333</dst>
            <dst id="HSTNng">16735.5226666667</dst>
            <dst id="IPLSng">10005.84</dst>
            <dst id="KSCYng">9276.06666666667</dst>
            <dst id="LOSAng">7987.45066666667</dst>
            <dst id="NYCMng">5102.136</dst>
            <dst id="SNVAng">656.634666666667</dst>
            <dst id="STTLng">14420.2</dst>
            <dst id="WASHng">38533.216</dst>
        </src>
        <src id="IPLSng">
            <dst id="ATLA-M5">1726.6</dst>
            <dst id="ATLAng">21422.5653333333</dst>
            <dst id="CHINng">79541.5946666667</dst>
            <dst id="DNVRng">18241.1333333333</dst>
            <dst id="HSTNng">11682.368</dst>
            <dst id="IPLSng">24617.6266666667</dst>
            <dst id="KSCYng">14897.3813333333</dst>
            <dst id="LOSAng">16747.3466666667</dst>
            <dst id="NYCMng">10618.9893333333</dst>
            <dst id="SNVAng">4433.304</dst>
            <dst id="STTLng">25254.704</dst>
            <dst id="WASHng">33561.7226666667</dst>
        </src>
        <src id="KSCYng">
            <dst id="ATLA-M5">501.144</dst>
            <dst id="ATLAng">6742.768</dst>
            <dst id="CHINng">29265.8186666667</dst>
            <dst id="DNVRng">10268.6693333333</dst>
            <dst id="HSTNng">4585.872</dst>
            <dst id="IPLSng">19072.9813333333</dst>
            <dst id="KSCYng">11623.0986666667</dst>
            <dst id="LOSAng">4196.15466666667</dst>
            <dst id="NYCMng">7171.46133333333</dst>
            <dst id="SNVAng">3223.56</dst>
            <dst id="STTLng">15075.184</dst>
            <dst id="WASHng">14819.968</dst>
        </src>
        <src id="LOSAng">
            <dst id="ATLA-M5">624.792</dst>
            <dst id="ATLAng">21341.2213333333</dst>
            <dst id="CHINng">100766.096</dst>
            <dst id="DNVRng">45116.2533333333</dst>
            <dst id="HSTNng">29210.7306666667</dst>
            <dst id="IPLSng">50159.824</dst>
            <dst id="KSCYng">7254.944</dst>
            <dst id="LOSAng">10555.0213333333</dst>
            <dst id="NYCMng">52688.7946666667</dst>
            <dst id="SNVAng">18946.856</dst>
            <dst id="STTLng">61571.4826666667</dst>
            <dst id="WASHng">93462.8826666667</dst>
        </src>
        <src id="NYCMng">
            <dst id="ATLA-M5">3686.60533333333</dst>
            <dst id="ATLAng">39079.0346666667</dst>
            <dst id="CHINng">31184.28</dst>
            <dst id="DNVRng">34225.4186666667</dst>
            <dst id="HSTNng">21608.648</dst>
            <dst id="IPLSng">40362.7386666667</dst>
            <dst id="KSCYng">16270.5626666667</dst>
            <dst id="LOSAng">70117.768</dst>
            <dst id="NYCMng">120005.802666667</dst>
            <dst id="SNVAng">7095.76533333333</dst>
            <dst id="STTLng">28094.9013333333</dst>
            <dst id="WASHng">133081.645333333</dst>
        </src>
        <src id="SNVAng">
            <dst id="ATLA-M5">0</dst>
            <dst id="ATLAng">53.3333333333333</dst>
            <dst id="CHINng">163.733333333333</dst>
            <dst id="DNVRng">18113.1813333333</dst>
            <dst id="HSTNng">130.813333333333</dst>
            <dst id="IPLSng">487.669333333333</dst>
            <dst id="KSCYng">92.048</dst>
            <dst id="LOSAng">9516.91466666667</dst>
            <dst id="NYCMng">35.5733333333333</dst>
            <dst id="SNVAng">8119.69066666667</dst>
            <dst id="STTLng">21046.4026666667</dst>
            <dst id="WASHng">754.456</dst>
        </src>
        <src id="STTLng">
            <dst id="ATLA-M5">1675.83733333333</dst>
            <dst id="ATLAng">61817.9333333333</dst>
            <dst id="CHINng">94679.1706666667</dst>
            <dst id="DNVRng">51665.3653333333</dst>
            <dst id="HSTNng">38279.176</dst>
            <dst id="IPLSng">67889.0533333333</dst>
            <dst id="KSCYng">44750.1626666667</dst>
            <dst id="LOSAng">13770.6693333333</dst>
            <dst id="NYCMng">19089.0133333333</dst>
            <dst id="SNVAng">14026.76</dst>
            <dst id="STTLng">59123.0693333334</dst>
            <dst id="WASHng">81892.9786666667</dst>
        </src>
        <src id="WASHng">
            <dst id="ATLA-M5">12746.0933333333</dst>
            <dst id="ATLAng">131943.837333333</dst>
            <dst id="CHINng">120290.114666667</dst>
            <dst id="DNVRng">108567.826666667</dst>
            <dst id="HSTNng">50182.392</dst>
            <dst id="IPLSng">79351.064</dst>
            <dst id="KSCYng">51300.7946666667</dst>
            <dst id="LOSAng">88377.032</dst>
            <dst id="NYCMng">174340.056</dst>
            <dst id="SNVAng">18041.4346666667</dst>
            <dst id="STTLng">69522.736</dst>
            <dst id="WASHng">309883.68</dst>
        </src>
    </IntraTM>
</TrafficMatrixFile>
