<?xml version="1.0" encoding="ISO-8859-1" standalone="yes"?>
<TrafficMatrixFile xsi:noNamespaceSchemaLocation="http://totem.run.montefiore.ulg.ac.be/Schema/TrafficMatrix-v1_2.xsd" xmlns:xsi="http://www.w3.org/2001/XMLSchema-instance">
    <IntraTM ASID="11537">
        <src id="ATLA-M5">
            <dst id="ATLA-M5">72.9786666666667</dst>
            <dst id="ATLAng">320.992</dst>
            <dst id="CHINng">551.317333333333</dst>
            <dst id="DNVRng">784.538666666667</dst>
            <dst id="HSTNng">331.469333333333</dst>
            <dst id="IPLSng">1619.32266666667</dst>
            <dst id="KSCYng">287.597333333333</dst>
            <dst id="LOSAng">675.972</dst>
            <dst id="NYCMng">1196.376</dst>
            <dst id="SNVAng">67.892</dst>
            <dst id="STTLng">329.936</dst>
            <dst id="WASHng">899.458666666667</dst>
        </src>
        <src id="ATLAng">
            <dst id="ATLA-M5">656.056</dst>
            <dst id="ATLAng">40953.4506666667</dst>
            <dst id="CHINng">14038.1093333333</dst>
            <dst id="DNVRng">3374.552</dst>
            <dst id="HSTNng">4662.71466666667</dst>
            <dst id="IPLSng">21635.768</dst>
            <dst id="KSCYng">4110.376</dst>
            <dst id="LOSAng">25279.3213333333</dst>
            <dst id="NYCMng">8626.59466666667</dst>
            <dst id="SNVAng">807.073333333333</dst>
            <dst id="STTLng">10281.6933333333</dst>
            <dst id="WASHng">43288.528</dst>
        </src>
        <src id="CHINng">
            <dst id="ATLA-M5">1575.24266666667</dst>
            <dst id="ATLAng">26899.696</dst>
            <dst id="CHINng">87011.4933333333</dst>
            <dst id="DNVRng">16519.5066666667</dst>
            <dst id="HSTNng">14173.216</dst>
            <dst id="IPLSng">86362.4133333333</dst>
            <dst id="KSCYng">12288.4986666667</dst>
            <dst id="LOSAng">38563.1226666667</dst>
            <dst id="NYCMng">20717.6053333333</dst>
            <dst id="SNVAng">3755.42133333333</dst>
            <dst id="STTLng">15396.4053333333</dst>
            <dst id="WASHng">23442.3493333333</dst>
        </src>
        <src id="DNVRng">
            <dst id="ATLA-M5">170.416</dst>
            <dst id="ATLAng">5307.01333333333</dst>
            <dst id="CHINng">57882.0053333333</dst>
            <dst id="DNVRng">14967.0693333333</dst>
            <dst id="HSTNng">11262.968</dst>
            <dst id="IPLSng">9518.25866666667</dst>
            <dst id="KSCYng">14073.8106666667</dst>
            <dst id="LOSAng">12130.288</dst>
            <dst id="NYCMng">7173.85333333333</dst>
            <dst id="SNVAng">10002.6666666667</dst>
            <dst id="STTLng">16459.6186666667</dst>
            <dst id="WASHng">20507.2453333333</dst>
        </src>
        <src id="HSTNng">
            <dst id="ATLA-M5">1254.66666666667</dst>
            <dst id="ATLAng">3626.31466666667</dst>
            <dst id="CHINng">18876.912</dst>
            <dst id="DNVRng">1093.728</dst>
            <dst id="HSTNng">16623.1066666667</dst>
            <dst id="IPLSng">3912.49333333333</dst>
            <dst id="KSCYng">5884.42666666667</dst>
            <dst id="LOSAng">7460.992</dst>
            <dst id="NYCMng">1086.79466666667</dst>
            <dst id="SNVAng">724.568</dst>
            <dst id="STTLng">4117.62133333333</dst>
            <dst id="WASHng">4173.92266666667</dst>
        </src>
        <src id="IPLSng">
            <dst id="ATLA-M5">400.72</dst>
            <dst id="ATLAng">18298.5013333333</dst>
            <dst id="CHINng">73118.3733333333</dst>
            <dst id="DNVRng">6947.384</dst>
            <dst id="HSTNng">1028.20266666667</dst>
            <dst id="IPLSng">10398.104</dst>
            <dst id="KSCYng">12839.144</dst>
            <dst id="LOSAng">15122.3386666667</dst>
            <dst id="NYCMng">4484.98133333333</dst>
            <dst id="SNVAng">1361.77333333333</dst>
            <dst id="STTLng">24769.5946666667</dst>
            <dst id="WASHng">15948.2666666667</dst>
        </src>
        <src id="KSCYng">
            <dst id="ATLA-M5">182.885333333333</dst>
            <dst id="ATLAng">8050.568</dst>
            <dst id="CHINng">27911.5866666667</dst>
            <dst id="DNVRng">7721.52266666667</dst>
            <dst id="HSTNng">3953.12533333333</dst>
            <dst id="IPLSng">15530.2826666667</dst>
            <dst id="KSCYng">9813.64</dst>
            <dst id="LOSAng">5277.37066666667</dst>
            <dst id="NYCMng">2867.304</dst>
            <dst id="SNVAng">2527.44266666667</dst>
            <dst id="STTLng">6495.46133333334</dst>
            <dst id="WASHng">9842.79733333333</dst>
        </src>
        <src id="LOSAng">
            <dst id="ATLA-M5">140.677333333333</dst>
            <dst id="ATLAng">8779.032</dst>
            <dst id="CHINng">6321054.66666667</dst>
            <dst id="DNVRng">34306.552</dst>
            <dst id="HSTNng">4573.89866666667</dst>
            <dst id="IPLSng">9194.47466666667</dst>
            <dst id="KSCYng">5556.2</dst>
            <dst id="LOSAng">14022.1466666667</dst>
            <dst id="NYCMng">48425.1173333333</dst>
            <dst id="SNVAng">18884.1573333333</dst>
            <dst id="STTLng">64014.192</dst>
            <dst id="WASHng">44194.5493333333</dst>
        </src>
        <src id="NYCMng">
            <dst id="ATLA-M5">1170.85333333333</dst>
            <dst id="ATLAng">17676.0986666667</dst>
            <dst id="CHINng">33515.3733333333</dst>
            <dst id="DNVRng">11089.312</dst>
            <dst id="HSTNng">10339.368</dst>
            <dst id="IPLSng">15364.8746666667</dst>
            <dst id="KSCYng">9562.144</dst>
            <dst id="LOSAng">63719.6826666667</dst>
            <dst id="NYCMng">81727.8346666667</dst>
            <dst id="SNVAng">1170.80266666667</dst>
            <dst id="STTLng">22764.9253333333</dst>
            <dst id="WASHng">62185.296</dst>
        </src>
        <src id="SNVAng">
            <dst id="ATLA-M5">0</dst>
            <dst id="ATLAng">359.848</dst>
            <dst id="CHINng">26.6666666666667</dst>
            <dst id="DNVRng">435.682666666667</dst>
            <dst id="HSTNng">0</dst>
            <dst id="IPLSng">260.074666666667</dst>
            <dst id="KSCYng">0</dst>
            <dst id="LOSAng">20018.0933333333</dst>
            <dst id="NYCMng">26.6666666666667</dst>
            <dst id="SNVAng">7822.78133333333</dst>
            <dst id="STTLng">16703.9306666667</dst>
            <dst id="WASHng">53.3333333333333</dst>
        </src>
        <src id="STTLng">
            <dst id="ATLA-M5">459.637333333333</dst>
            <dst id="ATLAng">14969.8933333333</dst>
            <dst id="CHINng">37565.088</dst>
            <dst id="DNVRng">5614.01333333334</dst>
            <dst id="HSTNng">4708.312</dst>
            <dst id="IPLSng">13819.624</dst>
            <dst id="KSCYng">7965.896</dst>
            <dst id="LOSAng">49698.4373333333</dst>
            <dst id="NYCMng">9732.60266666667</dst>
            <dst id="SNVAng">3046.66666666667</dst>
            <dst id="STTLng">25423.4773333333</dst>
            <dst id="WASHng">19569.1386666667</dst>
        </src>
        <src id="WASHng">
            <dst id="ATLA-M5">2013.72533333333</dst>
            <dst id="ATLAng">80667.128</dst>
            <dst id="CHINng">69555.5386666667</dst>
            <dst id="DNVRng">54072.4453333333</dst>
            <dst id="HSTNng">16026.6293333333</dst>
            <dst id="IPLSng">62472.048</dst>
            <dst id="KSCYng">20462.536</dst>
            <dst id="LOSAng">97372.8186666667</dst>
            <dst id="NYCMng">131547.061333333</dst>
            <dst id="SNVAng">3393.728</dst>
            <dst id="STTLng">66731.8986666667</dst>
            <dst id="WASHng">196703.437333333</dst>
        </src>
    </IntraTM>
</TrafficMatrixFile>
