<?xml version="1.0" encoding="ISO-8859-1" standalone="yes"?>
<TrafficMatrixFile xsi:noNamespaceSchemaLocation="http://totem.run.montefiore.ulg.ac.be/Schema/TrafficMatrix-v1_2.xsd" xmlns:xsi="http://www.w3.org/2001/XMLSchema-instance">
    <IntraTM ASID="11537">
        <src id="ATLA-M5">
            <dst id="ATLA-M5">26.6666666666667</dst>
            <dst id="ATLAng">804.96</dst>
            <dst id="CHINng">1161.23733333333</dst>
            <dst id="DNVRng">459.202666666667</dst>
            <dst id="HSTNng">273.634666666667</dst>
            <dst id="IPLSng">837.914666666667</dst>
            <dst id="KSCYng">769.205333333333</dst>
            <dst id="LOSAng">293.786666666667</dst>
            <dst id="NYCMng">2177.36266666667</dst>
            <dst id="SNVAng">61.6613333333333</dst>
            <dst id="STTLng">893.058666666667</dst>
            <dst id="WASHng">2075.19466666667</dst>
        </src>
        <src id="ATLAng">
            <dst id="ATLA-M5">1252.4</dst>
            <dst id="ATLAng">42928.1093333333</dst>
            <dst id="CHINng">15465.08</dst>
            <dst id="DNVRng">7027.92</dst>
            <dst id="HSTNng">9318.05333333334</dst>
            <dst id="IPLSng">31145.5253333333</dst>
            <dst id="KSCYng">7813.95733333333</dst>
            <dst id="LOSAng">29328.032</dst>
            <dst id="NYCMng">22600.7386666667</dst>
            <dst id="SNVAng">1137.012</dst>
            <dst id="STTLng">15153.0773333333</dst>
            <dst id="WASHng">55122.8773333333</dst>
        </src>
        <src id="CHINng">
            <dst id="ATLA-M5">2054.33866666667</dst>
            <dst id="ATLAng">19994.6053333333</dst>
            <dst id="CHINng">70837.28</dst>
            <dst id="DNVRng">11825.72</dst>
            <dst id="HSTNng">14890.6426666667</dst>
            <dst id="IPLSng">49893.6186666667</dst>
            <dst id="KSCYng">14364.72</dst>
            <dst id="LOSAng">46514.2053333333</dst>
            <dst id="NYCMng">14208.9093333333</dst>
            <dst id="SNVAng">3427.60266666667</dst>
            <dst id="STTLng">25403.1386666667</dst>
            <dst id="WASHng">36578.752</dst>
        </src>
        <src id="DNVRng">
            <dst id="ATLA-M5">180.464</dst>
            <dst id="ATLAng">6705.288</dst>
            <dst id="CHINng">30296.36</dst>
            <dst id="DNVRng">8077.27733333333</dst>
            <dst id="HSTNng">10242.2906666667</dst>
            <dst id="IPLSng">15285.3546666667</dst>
            <dst id="KSCYng">9299.93333333333</dst>
            <dst id="LOSAng">10916.576</dst>
            <dst id="NYCMng">20399.8213333333</dst>
            <dst id="SNVAng">10018.6853333333</dst>
            <dst id="STTLng">24881.7973333333</dst>
            <dst id="WASHng">26700.6773333333</dst>
        </src>
        <src id="HSTNng">
            <dst id="ATLA-M5">3708.256</dst>
            <dst id="ATLAng">5828.26666666667</dst>
            <dst id="CHINng">16443.6666666667</dst>
            <dst id="DNVRng">3051.05866666667</dst>
            <dst id="HSTNng">20665.512</dst>
            <dst id="IPLSng">5884.51733333333</dst>
            <dst id="KSCYng">8717.13066666667</dst>
            <dst id="LOSAng">43167.9253333333</dst>
            <dst id="NYCMng">4389.17066666667</dst>
            <dst id="SNVAng">284.802666666667</dst>
            <dst id="STTLng">7633.96266666667</dst>
            <dst id="WASHng">8471.70133333333</dst>
        </src>
        <src id="IPLSng">
            <dst id="ATLA-M5">2239.17333333333</dst>
            <dst id="ATLAng">12836.5973333333</dst>
            <dst id="CHINng">55728.56</dst>
            <dst id="DNVRng">22726.296</dst>
            <dst id="HSTNng">3431.14666666667</dst>
            <dst id="IPLSng">44983.528</dst>
            <dst id="KSCYng">8019.92</dst>
            <dst id="LOSAng">39695.4293333333</dst>
            <dst id="NYCMng">21339.4986666667</dst>
            <dst id="SNVAng">1816.59733333333</dst>
            <dst id="STTLng">36173.704</dst>
            <dst id="WASHng">38382.04</dst>
        </src>
        <src id="KSCYng">
            <dst id="ATLA-M5">605.642666666667</dst>
            <dst id="ATLAng">11586.1493333333</dst>
            <dst id="CHINng">40346.592</dst>
            <dst id="DNVRng">10693.0346666667</dst>
            <dst id="HSTNng">5740.23466666667</dst>
            <dst id="IPLSng">12968.7013333333</dst>
            <dst id="KSCYng">7166.12533333334</dst>
            <dst id="LOSAng">7023.62933333333</dst>
            <dst id="NYCMng">6320.584</dst>
            <dst id="SNVAng">2512.328</dst>
            <dst id="STTLng">14730.6986666667</dst>
            <dst id="WASHng">12322.968</dst>
        </src>
        <src id="LOSAng">
            <dst id="ATLA-M5">478.368</dst>
            <dst id="ATLAng">19267.4746666667</dst>
            <dst id="CHINng">6421590.4</dst>
            <dst id="DNVRng">13382.368</dst>
            <dst id="HSTNng">10423.9973333333</dst>
            <dst id="IPLSng">28055.328</dst>
            <dst id="KSCYng">8041.49066666667</dst>
            <dst id="LOSAng">14770.1306666667</dst>
            <dst id="NYCMng">33653.9573333333</dst>
            <dst id="SNVAng">25639.9013333333</dst>
            <dst id="STTLng">81753.32</dst>
            <dst id="WASHng">63567.7733333333</dst>
        </src>
        <src id="NYCMng">
            <dst id="ATLA-M5">4756.44266666667</dst>
            <dst id="ATLAng">40097.4213333333</dst>
            <dst id="CHINng">25332.96</dst>
            <dst id="DNVRng">20675.5093333333</dst>
            <dst id="HSTNng">13258.744</dst>
            <dst id="IPLSng">44713.2133333333</dst>
            <dst id="KSCYng">18572.7013333333</dst>
            <dst id="LOSAng">76975.2426666667</dst>
            <dst id="NYCMng">82086.7173333333</dst>
            <dst id="SNVAng">5521.912</dst>
            <dst id="STTLng">27061.7573333333</dst>
            <dst id="WASHng">106387.264</dst>
        </src>
        <src id="SNVAng">
            <dst id="ATLA-M5">0</dst>
            <dst id="ATLAng">53.3333333333333</dst>
            <dst id="CHINng">320.578666666667</dst>
            <dst id="DNVRng">4827.95466666667</dst>
            <dst id="HSTNng">81.0106666666667</dst>
            <dst id="IPLSng">1533.664</dst>
            <dst id="KSCYng">0</dst>
            <dst id="LOSAng">10329.5413333333</dst>
            <dst id="NYCMng">111.082666666667</dst>
            <dst id="SNVAng">10008.456</dst>
            <dst id="STTLng">25401.728</dst>
            <dst id="WASHng">106.666666666667</dst>
        </src>
        <src id="STTLng">
            <dst id="ATLA-M5">2532.96</dst>
            <dst id="ATLAng">28138.7573333333</dst>
            <dst id="CHINng">50339.4986666667</dst>
            <dst id="DNVRng">26815.464</dst>
            <dst id="HSTNng">17026.2586666667</dst>
            <dst id="IPLSng">39953.3146666667</dst>
            <dst id="KSCYng">30049.4053333333</dst>
            <dst id="LOSAng">49553.5253333333</dst>
            <dst id="NYCMng">11694.1626666667</dst>
            <dst id="SNVAng">4894.208</dst>
            <dst id="STTLng">40860.968</dst>
            <dst id="WASHng">42720.2213333333</dst>
        </src>
        <src id="WASHng">
            <dst id="ATLA-M5">2495.94133333333</dst>
            <dst id="ATLAng">104582.650666667</dst>
            <dst id="CHINng">74769.3253333333</dst>
            <dst id="DNVRng">72988.6133333333</dst>
            <dst id="HSTNng">27100.4986666667</dst>
            <dst id="IPLSng">62370.9253333333</dst>
            <dst id="KSCYng">36643.1893333333</dst>
            <dst id="LOSAng">105006.696</dst>
            <dst id="NYCMng">165528.666666667</dst>
            <dst id="SNVAng">11789.5706666667</dst>
            <dst id="STTLng">52669.4133333333</dst>
            <dst id="WASHng">198866.050666667</dst>
        </src>
    </IntraTM>
</TrafficMatrixFile>
