<?xml version="1.0" encoding="ISO-8859-1" standalone="yes"?>
<TrafficMatrixFile xsi:noNamespaceSchemaLocation="http://totem.run.montefiore.ulg.ac.be/Schema/TrafficMatrix-v1_2.xsd" xmlns:xsi="http://www.w3.org/2001/XMLSchema-instance">
    <IntraTM ASID="11537">
        <src id="ATLA-M5">
            <dst id="ATLA-M5">32.104</dst>
            <dst id="ATLAng">1235.33066666667</dst>
            <dst id="CHINng">659.322666666667</dst>
            <dst id="DNVRng">730.346666666667</dst>
            <dst id="HSTNng">255.650666666667</dst>
            <dst id="IPLSng">1144.33866666667</dst>
            <dst id="KSCYng">141.098666666667</dst>
            <dst id="LOSAng">151.973333333333</dst>
            <dst id="NYCMng">106.666666666667</dst>
            <dst id="SNVAng">0</dst>
            <dst id="STTLng">1048.808</dst>
            <dst id="WASHng">2138.82133333333</dst>
        </src>
        <src id="ATLAng">
            <dst id="ATLA-M5">532.330666666667</dst>
            <dst id="ATLAng">35045.5146666667</dst>
            <dst id="CHINng">18108.544</dst>
            <dst id="DNVRng">1378.4</dst>
            <dst id="HSTNng">2768.39466666667</dst>
            <dst id="IPLSng">28622.216</dst>
            <dst id="KSCYng">5209.64</dst>
            <dst id="LOSAng">21433.496</dst>
            <dst id="NYCMng">11831.104</dst>
            <dst id="SNVAng">1334.89066666667</dst>
            <dst id="STTLng">20704.4346666667</dst>
            <dst id="WASHng">55869.8613333333</dst>
        </src>
        <src id="CHINng">
            <dst id="ATLA-M5">1365.39466666667</dst>
            <dst id="ATLAng">40427.4453333333</dst>
            <dst id="CHINng">109453.682666667</dst>
            <dst id="DNVRng">8451.856</dst>
            <dst id="HSTNng">22027.8533333333</dst>
            <dst id="IPLSng">60210.048</dst>
            <dst id="KSCYng">20312.1893333333</dst>
            <dst id="LOSAng">24669.4346666667</dst>
            <dst id="NYCMng">11266.3973333333</dst>
            <dst id="SNVAng">3305.49333333333</dst>
            <dst id="STTLng">31607.128</dst>
            <dst id="WASHng">29094.848</dst>
        </src>
        <src id="DNVRng">
            <dst id="ATLA-M5">168.437333333333</dst>
            <dst id="ATLAng">12496.656</dst>
            <dst id="CHINng">53083.7173333333</dst>
            <dst id="DNVRng">11011.4293333333</dst>
            <dst id="HSTNng">14970.472</dst>
            <dst id="IPLSng">13245.4933333333</dst>
            <dst id="KSCYng">27291.1306666667</dst>
            <dst id="LOSAng">6857.71733333333</dst>
            <dst id="NYCMng">13107.6133333333</dst>
            <dst id="SNVAng">13938.0666666667</dst>
            <dst id="STTLng">19731.3386666667</dst>
            <dst id="WASHng">34015.16</dst>
        </src>
        <src id="HSTNng">
            <dst id="ATLA-M5">3613.056</dst>
            <dst id="ATLAng">8695.79466666666</dst>
            <dst id="CHINng">14723.6133333333</dst>
            <dst id="DNVRng">712.829333333333</dst>
            <dst id="HSTNng">18746.7306666667</dst>
            <dst id="IPLSng">2789.82666666667</dst>
            <dst id="KSCYng">7680.328</dst>
            <dst id="LOSAng">2127.19466666667</dst>
            <dst id="NYCMng">3813.272</dst>
            <dst id="SNVAng">530.296</dst>
            <dst id="STTLng">11290.0773333333</dst>
            <dst id="WASHng">5180.56266666667</dst>
        </src>
        <src id="IPLSng">
            <dst id="ATLA-M5">197.250666666667</dst>
            <dst id="ATLAng">18922.0106666667</dst>
            <dst id="CHINng">91330.5546666666</dst>
            <dst id="DNVRng">4677.624</dst>
            <dst id="HSTNng">2409.08266666667</dst>
            <dst id="IPLSng">30326.5786666667</dst>
            <dst id="KSCYng">10511.9973333333</dst>
            <dst id="LOSAng">21615.7653333333</dst>
            <dst id="NYCMng">19028.7413333333</dst>
            <dst id="SNVAng">2783.472</dst>
            <dst id="STTLng">33058.24</dst>
            <dst id="WASHng">29685.2906666667</dst>
        </src>
        <src id="KSCYng">
            <dst id="ATLA-M5">405.904</dst>
            <dst id="ATLAng">8046.26933333333</dst>
            <dst id="CHINng">30017.0213333333</dst>
            <dst id="DNVRng">6787.42933333333</dst>
            <dst id="HSTNng">16184.5893333333</dst>
            <dst id="IPLSng">14437.536</dst>
            <dst id="KSCYng">12706.3573333333</dst>
            <dst id="LOSAng">2780.98933333333</dst>
            <dst id="NYCMng">5416.632</dst>
            <dst id="SNVAng">2776.05866666667</dst>
            <dst id="STTLng">15979.7173333333</dst>
            <dst id="WASHng">11903.9093333333</dst>
        </src>
        <src id="LOSAng">
            <dst id="ATLA-M5">1038.256</dst>
            <dst id="ATLAng">12817.68</dst>
            <dst id="CHINng">148411.128</dst>
            <dst id="DNVRng">11743.2026666667</dst>
            <dst id="HSTNng">10500.8506666667</dst>
            <dst id="IPLSng">26680.5333333333</dst>
            <dst id="KSCYng">6058.48266666667</dst>
            <dst id="LOSAng">10324.9466666667</dst>
            <dst id="NYCMng">51740.5866666667</dst>
            <dst id="SNVAng">21392.0266666667</dst>
            <dst id="STTLng">51440.2826666667</dst>
            <dst id="WASHng">52809.184</dst>
        </src>
        <src id="NYCMng">
            <dst id="ATLA-M5">4121.40533333333</dst>
            <dst id="ATLAng">49734.1066666667</dst>
            <dst id="CHINng">31771.36</dst>
            <dst id="DNVRng">14810.088</dst>
            <dst id="HSTNng">10414.752</dst>
            <dst id="IPLSng">37259.6293333333</dst>
            <dst id="KSCYng">13250.952</dst>
            <dst id="LOSAng">50120.192</dst>
            <dst id="NYCMng">124191.690666667</dst>
            <dst id="SNVAng">1061.69333333333</dst>
            <dst id="STTLng">29251.0613333333</dst>
            <dst id="WASHng">90324.624</dst>
        </src>
        <src id="SNVAng">
            <dst id="ATLA-M5">0</dst>
            <dst id="ATLAng">157.746666666667</dst>
            <dst id="CHINng">53.3333333333333</dst>
            <dst id="DNVRng">4913.30666666667</dst>
            <dst id="HSTNng">254.901333333333</dst>
            <dst id="IPLSng">3516.784</dst>
            <dst id="KSCYng">258.456</dst>
            <dst id="LOSAng">7557.08533333333</dst>
            <dst id="NYCMng">88.168</dst>
            <dst id="SNVAng">9372.472</dst>
            <dst id="STTLng">21196.1946666667</dst>
            <dst id="WASHng">110.413333333333</dst>
        </src>
        <src id="STTLng">
            <dst id="ATLA-M5">8459.79733333333</dst>
            <dst id="ATLAng">68130.104</dst>
            <dst id="CHINng">116222.384</dst>
            <dst id="DNVRng">15100.9653333333</dst>
            <dst id="HSTNng">23821.36</dst>
            <dst id="IPLSng">73913.056</dst>
            <dst id="KSCYng">57297.0186666667</dst>
            <dst id="LOSAng">26031.7653333333</dst>
            <dst id="NYCMng">27760.4453333333</dst>
            <dst id="SNVAng">6574.06933333333</dst>
            <dst id="STTLng">17573.0213333333</dst>
            <dst id="WASHng">84709.888</dst>
        </src>
        <src id="WASHng">
            <dst id="ATLA-M5">540.221333333333</dst>
            <dst id="ATLAng">132931.394666667</dst>
            <dst id="CHINng">94192.2053333333</dst>
            <dst id="DNVRng">57006.696</dst>
            <dst id="HSTNng">21179.4106666667</dst>
            <dst id="IPLSng">46641.568</dst>
            <dst id="KSCYng">17353.4613333333</dst>
            <dst id="LOSAng">75945.3173333333</dst>
            <dst id="NYCMng">167687.853333333</dst>
            <dst id="SNVAng">1451.46133333333</dst>
            <dst id="STTLng">56886.176</dst>
            <dst id="WASHng">320361.493333333</dst>
        </src>
    </IntraTM>
</TrafficMatrixFile>
