<?xml version="1.0" encoding="ISO-8859-1" standalone="yes"?>
<TrafficMatrixFile xsi:noNamespaceSchemaLocation="http://totem.run.montefiore.ulg.ac.be/Schema/TrafficMatrix-v1_2.xsd" xmlns:xsi="http://www.w3.org/2001/XMLSchema-instance">
    <IntraTM ASID="11537">
        <src id="ATLA-M5">
            <dst id="ATLA-M5">26.6666666666667</dst>
            <dst id="ATLAng">1148.30933333333</dst>
            <dst id="CHINng">776.538666666667</dst>
            <dst id="DNVRng">164.181333333333</dst>
            <dst id="HSTNng">26.6666666666667</dst>
            <dst id="IPLSng">612.106666666667</dst>
            <dst id="KSCYng">81.6293333333333</dst>
            <dst id="LOSAng">351.336</dst>
            <dst id="NYCMng">53.3333333333333</dst>
            <dst id="SNVAng">165.042666666667</dst>
            <dst id="STTLng">390.722666666667</dst>
            <dst id="WASHng">2146.888</dst>
        </src>
        <src id="ATLAng">
            <dst id="ATLA-M5">374.2</dst>
            <dst id="ATLAng">36732.3706666667</dst>
            <dst id="CHINng">15965.128</dst>
            <dst id="DNVRng">3318.544</dst>
            <dst id="HSTNng">1972.152</dst>
            <dst id="IPLSng">18201.216</dst>
            <dst id="KSCYng">2576.64266666667</dst>
            <dst id="LOSAng">23306.5333333333</dst>
            <dst id="NYCMng">9832.544</dst>
            <dst id="SNVAng">488.968</dst>
            <dst id="STTLng">7844.55466666667</dst>
            <dst id="WASHng">49196.5573333333</dst>
        </src>
        <src id="CHINng">
            <dst id="ATLA-M5">491.426666666667</dst>
            <dst id="ATLAng">15349.4186666667</dst>
            <dst id="CHINng">101466.861333333</dst>
            <dst id="DNVRng">23883.912</dst>
            <dst id="HSTNng">7723.184</dst>
            <dst id="IPLSng">43982.6373333333</dst>
            <dst id="KSCYng">12727.2586666667</dst>
            <dst id="LOSAng">32039.3013333333</dst>
            <dst id="NYCMng">8049.37333333333</dst>
            <dst id="SNVAng">5523.42133333333</dst>
            <dst id="STTLng">15609.4293333333</dst>
            <dst id="WASHng">17216.872</dst>
        </src>
        <src id="DNVRng">
            <dst id="ATLA-M5">561.472</dst>
            <dst id="ATLAng">1994.24533333333</dst>
            <dst id="CHINng">54293.2693333333</dst>
            <dst id="DNVRng">15225.384</dst>
            <dst id="HSTNng">14299.3653333333</dst>
            <dst id="IPLSng">11359.3786666667</dst>
            <dst id="KSCYng">27872.0853333333</dst>
            <dst id="LOSAng">6530.94133333333</dst>
            <dst id="NYCMng">6492.10133333333</dst>
            <dst id="SNVAng">15441.5546666667</dst>
            <dst id="STTLng">18857.2506666667</dst>
            <dst id="WASHng">21755.0426666667</dst>
        </src>
        <src id="HSTNng">
            <dst id="ATLA-M5">854.72</dst>
            <dst id="ATLAng">5079.576</dst>
            <dst id="CHINng">21126.9786666667</dst>
            <dst id="DNVRng">1612.19466666667</dst>
            <dst id="HSTNng">18863</dst>
            <dst id="IPLSng">1931.2</dst>
            <dst id="KSCYng">7590.19466666667</dst>
            <dst id="LOSAng">4988.73866666667</dst>
            <dst id="NYCMng">1907.576</dst>
            <dst id="SNVAng">448.344</dst>
            <dst id="STTLng">2878.89866666667</dst>
            <dst id="WASHng">5410.824</dst>
        </src>
        <src id="IPLSng">
            <dst id="ATLA-M5">608.373333333333</dst>
            <dst id="ATLAng">5611.192</dst>
            <dst id="CHINng">83958.6773333334</dst>
            <dst id="DNVRng">8298.04266666667</dst>
            <dst id="HSTNng">521.426666666667</dst>
            <dst id="IPLSng">33251.6106666667</dst>
            <dst id="KSCYng">5758.504</dst>
            <dst id="LOSAng">13188.8106666667</dst>
            <dst id="NYCMng">12186.5813333333</dst>
            <dst id="SNVAng">437.834666666667</dst>
            <dst id="STTLng">18379.2986666667</dst>
            <dst id="WASHng">9935.21866666667</dst>
        </src>
        <src id="KSCYng">
            <dst id="ATLA-M5">53.7146666666667</dst>
            <dst id="ATLAng">3638.68</dst>
            <dst id="CHINng">30812.344</dst>
            <dst id="DNVRng">8217.94933333333</dst>
            <dst id="HSTNng">3479.47733333333</dst>
            <dst id="IPLSng">13692.328</dst>
            <dst id="KSCYng">9782.13066666667</dst>
            <dst id="LOSAng">4433.14933333333</dst>
            <dst id="NYCMng">5385.75466666667</dst>
            <dst id="SNVAng">2578.16266666667</dst>
            <dst id="STTLng">5199.03733333333</dst>
            <dst id="WASHng">11559.1466666667</dst>
        </src>
        <src id="LOSAng">
            <dst id="ATLA-M5">180.768</dst>
            <dst id="ATLAng">7238.57066666667</dst>
            <dst id="CHINng">6493752.26666667</dst>
            <dst id="DNVRng">18113.448</dst>
            <dst id="HSTNng">4343.02133333333</dst>
            <dst id="IPLSng">14067.7866666667</dst>
            <dst id="KSCYng">3948.63733333333</dst>
            <dst id="LOSAng">20135.6666666667</dst>
            <dst id="NYCMng">51897.8986666667</dst>
            <dst id="SNVAng">21834.8773333333</dst>
            <dst id="STTLng">47797.8933333333</dst>
            <dst id="WASHng">41866.8426666667</dst>
        </src>
        <src id="NYCMng">
            <dst id="ATLA-M5">990.506666666667</dst>
            <dst id="ATLAng">26075.976</dst>
            <dst id="CHINng">31925.128</dst>
            <dst id="DNVRng">17052.7973333333</dst>
            <dst id="HSTNng">3434.94666666667</dst>
            <dst id="IPLSng">18035.6133333333</dst>
            <dst id="KSCYng">4363.95466666667</dst>
            <dst id="LOSAng">52076.6613333333</dst>
            <dst id="NYCMng">118159.096</dst>
            <dst id="SNVAng">560.162666666667</dst>
            <dst id="STTLng">22986.4986666667</dst>
            <dst id="WASHng">54184.3866666667</dst>
        </src>
        <src id="SNVAng">
            <dst id="ATLA-M5">0</dst>
            <dst id="ATLAng">376.224</dst>
            <dst id="CHINng">133.333333333333</dst>
            <dst id="DNVRng">1659.44266666667</dst>
            <dst id="HSTNng">26.6666666666667</dst>
            <dst id="IPLSng">270.858666666667</dst>
            <dst id="KSCYng">0</dst>
            <dst id="LOSAng">7951.696</dst>
            <dst id="NYCMng">26.6666666666667</dst>
            <dst id="SNVAng">8294.93866666667</dst>
            <dst id="STTLng">18244.4666666667</dst>
            <dst id="WASHng">298.277333333333</dst>
        </src>
        <src id="STTLng">
            <dst id="ATLA-M5">307.245333333333</dst>
            <dst id="ATLAng">13699.3626666667</dst>
            <dst id="CHINng">40839.4453333333</dst>
            <dst id="DNVRng">3244.6</dst>
            <dst id="HSTNng">2856.32</dst>
            <dst id="IPLSng">10790.088</dst>
            <dst id="KSCYng">3506.392</dst>
            <dst id="LOSAng">35525.9733333333</dst>
            <dst id="NYCMng">8108.75733333333</dst>
            <dst id="SNVAng">2064.49066666667</dst>
            <dst id="STTLng">21040.0266666667</dst>
            <dst id="WASHng">10157.5413333333</dst>
        </src>
        <src id="WASHng">
            <dst id="ATLA-M5">1125.704</dst>
            <dst id="ATLAng">56917.408</dst>
            <dst id="CHINng">82929.7786666667</dst>
            <dst id="DNVRng">56678.4666666667</dst>
            <dst id="HSTNng">26810.6453333333</dst>
            <dst id="IPLSng">37520.568</dst>
            <dst id="KSCYng">20551.936</dst>
            <dst id="LOSAng">61714.896</dst>
            <dst id="NYCMng">122774.896</dst>
            <dst id="SNVAng">1282.39466666667</dst>
            <dst id="STTLng">37539.696</dst>
            <dst id="WASHng">329249.44</dst>
        </src>
    </IntraTM>
</TrafficMatrixFile>
