<?xml version="1.0" encoding="ISO-8859-1" standalone="yes"?>
<TrafficMatrixFile xsi:noNamespaceSchemaLocation="http://totem.run.montefiore.ulg.ac.be/Schema/TrafficMatrix-v1_2.xsd" xmlns:xsi="http://www.w3.org/2001/XMLSchema-instance">
    <IntraTM ASID="11537">
        <src id="ATLA-M5">
            <dst id="ATLA-M5">287.205333333333</dst>
            <dst id="ATLAng">560.656</dst>
            <dst id="CHINng">2039.128</dst>
            <dst id="DNVRng">257.517333333333</dst>
            <dst id="HSTNng">369.997333333333</dst>
            <dst id="IPLSng">1627.456</dst>
            <dst id="KSCYng">681.189333333333</dst>
            <dst id="LOSAng">254.72</dst>
            <dst id="NYCMng">2213.33333333333</dst>
            <dst id="SNVAng">33.536</dst>
            <dst id="STTLng">1280.66666666667</dst>
            <dst id="WASHng">2389.44533333333</dst>
        </src>
        <src id="ATLAng">
            <dst id="ATLA-M5">668.370666666667</dst>
            <dst id="ATLAng">51942.9386666667</dst>
            <dst id="CHINng">29430.944</dst>
            <dst id="DNVRng">5494.42666666667</dst>
            <dst id="HSTNng">13855.4053333333</dst>
            <dst id="IPLSng">31663.272</dst>
            <dst id="KSCYng">10752.856</dst>
            <dst id="LOSAng">14974.7266666667</dst>
            <dst id="NYCMng">9660.28533333333</dst>
            <dst id="SNVAng">1427.492</dst>
            <dst id="STTLng">23176.0746666667</dst>
            <dst id="WASHng">73733.3546666667</dst>
        </src>
        <src id="CHINng">
            <dst id="ATLA-M5">2065.21333333333</dst>
            <dst id="ATLAng">28612.416</dst>
            <dst id="CHINng">428075.306666667</dst>
            <dst id="DNVRng">21984.6453333333</dst>
            <dst id="HSTNng">19824.4133333333</dst>
            <dst id="IPLSng">101429.746666667</dst>
            <dst id="KSCYng">20448.6906666667</dst>
            <dst id="LOSAng">32513.2426666667</dst>
            <dst id="NYCMng">18277.504</dst>
            <dst id="SNVAng">6602.43733333333</dst>
            <dst id="STTLng">46297.88</dst>
            <dst id="WASHng">42616.2266666667</dst>
        </src>
        <src id="DNVRng">
            <dst id="ATLA-M5">776.824</dst>
            <dst id="ATLAng">12465.0026666667</dst>
            <dst id="CHINng">48758.9013333333</dst>
            <dst id="DNVRng">13411.0586666667</dst>
            <dst id="HSTNng">16591.7573333333</dst>
            <dst id="IPLSng">18502.2533333333</dst>
            <dst id="KSCYng">17322.2213333333</dst>
            <dst id="LOSAng">15640.8773333333</dst>
            <dst id="NYCMng">22729.0933333333</dst>
            <dst id="SNVAng">18920.4853333333</dst>
            <dst id="STTLng">70383.6213333333</dst>
            <dst id="WASHng">54615.5146666667</dst>
        </src>
        <src id="HSTNng">
            <dst id="ATLA-M5">825.877333333333</dst>
            <dst id="ATLAng">8237.816</dst>
            <dst id="CHINng">14761.8586666667</dst>
            <dst id="DNVRng">4244.33866666667</dst>
            <dst id="HSTNng">19155.504</dst>
            <dst id="IPLSng">10129.2346666667</dst>
            <dst id="KSCYng">9509.69333333333</dst>
            <dst id="LOSAng">8070.64</dst>
            <dst id="NYCMng">5217.69333333333</dst>
            <dst id="SNVAng">518.445333333333</dst>
            <dst id="STTLng">15302.072</dst>
            <dst id="WASHng">19534.9386666667</dst>
        </src>
        <src id="IPLSng">
            <dst id="ATLA-M5">1003.50133333333</dst>
            <dst id="ATLAng">19404.024</dst>
            <dst id="CHINng">83299.776</dst>
            <dst id="DNVRng">13656.3653333333</dst>
            <dst id="HSTNng">9536.11466666666</dst>
            <dst id="IPLSng">18371.744</dst>
            <dst id="KSCYng">14411.3093333333</dst>
            <dst id="LOSAng">18217.1573333333</dst>
            <dst id="NYCMng">40055.0506666667</dst>
            <dst id="SNVAng">9403.05066666666</dst>
            <dst id="STTLng">32074.2773333333</dst>
            <dst id="WASHng">24648.0986666667</dst>
        </src>
        <src id="KSCYng">
            <dst id="ATLA-M5">320.178666666667</dst>
            <dst id="ATLAng">10306.4693333333</dst>
            <dst id="CHINng">30123.4773333333</dst>
            <dst id="DNVRng">11863.624</dst>
            <dst id="HSTNng">4948.448</dst>
            <dst id="IPLSng">25088.1173333333</dst>
            <dst id="KSCYng">17964.488</dst>
            <dst id="LOSAng">7101.12533333333</dst>
            <dst id="NYCMng">4834.65866666667</dst>
            <dst id="SNVAng">3126.544</dst>
            <dst id="STTLng">16834.0693333333</dst>
            <dst id="WASHng">14252.3573333333</dst>
        </src>
        <src id="LOSAng">
            <dst id="ATLA-M5">259.392</dst>
            <dst id="ATLAng">19043.9733333333</dst>
            <dst id="CHINng">95854.4826666666</dst>
            <dst id="DNVRng">43370.688</dst>
            <dst id="HSTNng">13130.3653333333</dst>
            <dst id="IPLSng">58191.6506666667</dst>
            <dst id="KSCYng">14738.9733333333</dst>
            <dst id="LOSAng">10450.24</dst>
            <dst id="NYCMng">68450.3093333334</dst>
            <dst id="SNVAng">25821.984</dst>
            <dst id="STTLng">71881.312</dst>
            <dst id="WASHng">80291.3386666667</dst>
        </src>
        <src id="NYCMng">
            <dst id="ATLA-M5">2211.72</dst>
            <dst id="ATLAng">45920.9253333333</dst>
            <dst id="CHINng">31603.1626666667</dst>
            <dst id="DNVRng">27612.6186666667</dst>
            <dst id="HSTNng">20893.1333333333</dst>
            <dst id="IPLSng">42644.1573333333</dst>
            <dst id="KSCYng">25045.7333333333</dst>
            <dst id="LOSAng">70963.712</dst>
            <dst id="NYCMng">133078.213333333</dst>
            <dst id="SNVAng">6429.76266666667</dst>
            <dst id="STTLng">38634.7786666667</dst>
            <dst id="WASHng">132538.170666667</dst>
        </src>
        <src id="SNVAng">
            <dst id="ATLA-M5">0</dst>
            <dst id="ATLAng">285.981333333333</dst>
            <dst id="CHINng">248.72</dst>
            <dst id="DNVRng">18605.784</dst>
            <dst id="HSTNng">164.936</dst>
            <dst id="IPLSng">617.56</dst>
            <dst id="KSCYng">84.056</dst>
            <dst id="LOSAng">10480.768</dst>
            <dst id="NYCMng">159.989333333333</dst>
            <dst id="SNVAng">9674.50666666667</dst>
            <dst id="STTLng">20562.5306666667</dst>
            <dst id="WASHng">160</dst>
        </src>
        <src id="STTLng">
            <dst id="ATLA-M5">3633.48</dst>
            <dst id="ATLAng">75884.616</dst>
            <dst id="CHINng">90270.248</dst>
            <dst id="DNVRng">53202.6693333333</dst>
            <dst id="HSTNng">50238.2026666667</dst>
            <dst id="IPLSng">83153.3013333334</dst>
            <dst id="KSCYng">60098.904</dst>
            <dst id="LOSAng">14115.4613333333</dst>
            <dst id="NYCMng">26662.4986666667</dst>
            <dst id="SNVAng">13413.5226666667</dst>
            <dst id="STTLng">66302.3226666667</dst>
            <dst id="WASHng">100597.013333333</dst>
        </src>
        <src id="WASHng">
            <dst id="ATLA-M5">4700.23733333333</dst>
            <dst id="ATLAng">141646.973333333</dst>
            <dst id="CHINng">103269.210666667</dst>
            <dst id="DNVRng">87070.064</dst>
            <dst id="HSTNng">51610.3413333334</dst>
            <dst id="IPLSng">96205.5066666667</dst>
            <dst id="KSCYng">27943.4986666667</dst>
            <dst id="LOSAng">86361.2373333333</dst>
            <dst id="NYCMng">207402.544</dst>
            <dst id="SNVAng">14977.4106666667</dst>
            <dst id="STTLng">77188.7946666667</dst>
            <dst id="WASHng">273680.426666667</dst>
        </src>
    </IntraTM>
</TrafficMatrixFile>
