<?xml version="1.0" encoding="ISO-8859-1" standalone="yes"?>
<TrafficMatrixFile xsi:noNamespaceSchemaLocation="http://totem.run.montefiore.ulg.ac.be/Schema/TrafficMatrix-v1_2.xsd" xmlns:xsi="http://www.w3.org/2001/XMLSchema-instance">
    <IntraTM ASID="11537">
        <src id="ATLA-M5">
            <dst id="ATLA-M5">201.173333333333</dst>
            <dst id="ATLAng">614.88</dst>
            <dst id="CHINng">2500.208</dst>
            <dst id="DNVRng">234.269333333333</dst>
            <dst id="HSTNng">234.232</dst>
            <dst id="IPLSng">851.061333333333</dst>
            <dst id="KSCYng">568.565333333333</dst>
            <dst id="LOSAng">56.68</dst>
            <dst id="NYCMng">1183.96533333333</dst>
            <dst id="SNVAng">30.0133333333333</dst>
            <dst id="STTLng">905.136</dst>
            <dst id="WASHng">815.352</dst>
        </src>
        <src id="ATLAng">
            <dst id="ATLA-M5">286.010666666667</dst>
            <dst id="ATLAng">41105.096</dst>
            <dst id="CHINng">17832.3786666667</dst>
            <dst id="DNVRng">4256.05066666667</dst>
            <dst id="HSTNng">6507.33333333333</dst>
            <dst id="IPLSng">19648.9226666667</dst>
            <dst id="KSCYng">7496.488</dst>
            <dst id="LOSAng">15199.432</dst>
            <dst id="NYCMng">11351.968</dst>
            <dst id="SNVAng">1093.15733333333</dst>
            <dst id="STTLng">13250.52</dst>
            <dst id="WASHng">33458.3306666667</dst>
        </src>
        <src id="CHINng">
            <dst id="ATLA-M5">1115.32266666667</dst>
            <dst id="ATLAng">27918.8133333333</dst>
            <dst id="CHINng">58180.9866666667</dst>
            <dst id="DNVRng">22763.7893333333</dst>
            <dst id="HSTNng">11879.7013333333</dst>
            <dst id="IPLSng">89476.872</dst>
            <dst id="KSCYng">18007.28</dst>
            <dst id="LOSAng">42206.1813333333</dst>
            <dst id="NYCMng">10137.8506666667</dst>
            <dst id="SNVAng">2538.19733333333</dst>
            <dst id="STTLng">23264.4186666667</dst>
            <dst id="WASHng">26293.5093333333</dst>
        </src>
        <src id="DNVRng">
            <dst id="ATLA-M5">300.802666666667</dst>
            <dst id="ATLAng">4603.46133333333</dst>
            <dst id="CHINng">69278.6826666667</dst>
            <dst id="DNVRng">4605.73066666667</dst>
            <dst id="HSTNng">6842.18133333333</dst>
            <dst id="IPLSng">11307.1306666667</dst>
            <dst id="KSCYng">7790.904</dst>
            <dst id="LOSAng">10278.656</dst>
            <dst id="NYCMng">6973.016</dst>
            <dst id="SNVAng">5358.79733333333</dst>
            <dst id="STTLng">23799.2693333333</dst>
            <dst id="WASHng">16524.2773333333</dst>
        </src>
        <src id="HSTNng">
            <dst id="ATLA-M5">4065.92266666667</dst>
            <dst id="ATLAng">3743.87466666667</dst>
            <dst id="CHINng">10563.3626666667</dst>
            <dst id="DNVRng">1573.12</dst>
            <dst id="HSTNng">13813.9493333333</dst>
            <dst id="IPLSng">4426.18933333333</dst>
            <dst id="KSCYng">7496.904</dst>
            <dst id="LOSAng">3799.472</dst>
            <dst id="NYCMng">2115.13066666667</dst>
            <dst id="SNVAng">209.813333333333</dst>
            <dst id="STTLng">4870.44</dst>
            <dst id="WASHng">5496.57866666667</dst>
        </src>
        <src id="IPLSng">
            <dst id="ATLA-M5">366.429333333333</dst>
            <dst id="ATLAng">16544.8133333333</dst>
            <dst id="CHINng">52779.2346666667</dst>
            <dst id="DNVRng">6525.30666666667</dst>
            <dst id="HSTNng">3400.92266666667</dst>
            <dst id="IPLSng">30596.0906666667</dst>
            <dst id="KSCYng">8125.83466666667</dst>
            <dst id="LOSAng">29241.7466666667</dst>
            <dst id="NYCMng">6869.70666666667</dst>
            <dst id="SNVAng">949.221333333333</dst>
            <dst id="STTLng">25200.288</dst>
            <dst id="WASHng">15801.4986666667</dst>
        </src>
        <src id="KSCYng">
            <dst id="ATLA-M5">245.328</dst>
            <dst id="ATLAng">7437.03466666667</dst>
            <dst id="CHINng">20652.9653333333</dst>
            <dst id="DNVRng">8827.42666666666</dst>
            <dst id="HSTNng">6896.704</dst>
            <dst id="IPLSng">17385.2133333333</dst>
            <dst id="KSCYng">7782.02666666667</dst>
            <dst id="LOSAng">5898.15466666667</dst>
            <dst id="NYCMng">6349.62933333333</dst>
            <dst id="SNVAng">3179.352</dst>
            <dst id="STTLng">7927.49333333333</dst>
            <dst id="WASHng">13660.3813333333</dst>
        </src>
        <src id="LOSAng">
            <dst id="ATLA-M5">245.192</dst>
            <dst id="ATLAng">16538.5733333333</dst>
            <dst id="CHINng">6240933.6</dst>
            <dst id="DNVRng">15460.296</dst>
            <dst id="HSTNng">4393.57866666667</dst>
            <dst id="IPLSng">30661.52</dst>
            <dst id="KSCYng">5669.984</dst>
            <dst id="LOSAng">23752.2826666667</dst>
            <dst id="NYCMng">47969.704</dst>
            <dst id="SNVAng">19723.7813333333</dst>
            <dst id="STTLng">63027.8133333333</dst>
            <dst id="WASHng">50611.0746666667</dst>
        </src>
        <src id="NYCMng">
            <dst id="ATLA-M5">1116.72</dst>
            <dst id="ATLAng">24754.9333333333</dst>
            <dst id="CHINng">33760.5333333333</dst>
            <dst id="DNVRng">17498.984</dst>
            <dst id="HSTNng">17299.5653333333</dst>
            <dst id="IPLSng">25092.016</dst>
            <dst id="KSCYng">14536.504</dst>
            <dst id="LOSAng">62471.656</dst>
            <dst id="NYCMng">88477.1626666667</dst>
            <dst id="SNVAng">2343.20266666667</dst>
            <dst id="STTLng">39436.2053333333</dst>
            <dst id="WASHng">92086.68</dst>
        </src>
        <src id="SNVAng">
            <dst id="ATLA-M5">0</dst>
            <dst id="ATLAng">293.584</dst>
            <dst id="CHINng">0</dst>
            <dst id="DNVRng">6908.97066666667</dst>
            <dst id="HSTNng">51.5306666666667</dst>
            <dst id="IPLSng">924.146666666666</dst>
            <dst id="KSCYng">0</dst>
            <dst id="LOSAng">15326.3733333333</dst>
            <dst id="NYCMng">26.6666666666667</dst>
            <dst id="SNVAng">7828.72</dst>
            <dst id="STTLng">16622.6666666667</dst>
            <dst id="WASHng">80</dst>
        </src>
        <src id="STTLng">
            <dst id="ATLA-M5">692.898666666667</dst>
            <dst id="ATLAng">25257.6506666667</dst>
            <dst id="CHINng">29955.2826666667</dst>
            <dst id="DNVRng">8236.464</dst>
            <dst id="HSTNng">6952.47733333333</dst>
            <dst id="IPLSng">21034.408</dst>
            <dst id="KSCYng">11212.712</dst>
            <dst id="LOSAng">56310.2293333333</dst>
            <dst id="NYCMng">12822.0373333333</dst>
            <dst id="SNVAng">3578.10133333333</dst>
            <dst id="STTLng">17589.2186666667</dst>
            <dst id="WASHng">21599.6426666667</dst>
        </src>
        <src id="WASHng">
            <dst id="ATLA-M5">5721.408</dst>
            <dst id="ATLAng">94348.3813333333</dst>
            <dst id="CHINng">78504.4053333333</dst>
            <dst id="DNVRng">51474.352</dst>
            <dst id="HSTNng">40124.688</dst>
            <dst id="IPLSng">48693.528</dst>
            <dst id="KSCYng">26816.6586666667</dst>
            <dst id="LOSAng">87203.4666666667</dst>
            <dst id="NYCMng">171392.464</dst>
            <dst id="SNVAng">2799.07733333333</dst>
            <dst id="STTLng">54768.7733333333</dst>
            <dst id="WASHng">193152.658666667</dst>
        </src>
    </IntraTM>
</TrafficMatrixFile>
