<?xml version="1.0" encoding="ISO-8859-1" standalone="yes"?>
<TrafficMatrixFile xsi:noNamespaceSchemaLocation="http://totem.run.montefiore.ulg.ac.be/Schema/TrafficMatrix-v1_2.xsd" xmlns:xsi="http://www.w3.org/2001/XMLSchema-instance">
    <IntraTM ASID="11537">
        <src id="ATLA-M5">
            <dst id="ATLA-M5">83.8853333333333</dst>
            <dst id="ATLAng">460.618666666667</dst>
            <dst id="CHINng">866.402666666667</dst>
            <dst id="DNVRng">599.736</dst>
            <dst id="HSTNng">293.736</dst>
            <dst id="IPLSng">1547.35466666667</dst>
            <dst id="KSCYng">954.064</dst>
            <dst id="LOSAng">177.786666666667</dst>
            <dst id="NYCMng">2426.60533333333</dst>
            <dst id="SNVAng">133.149333333333</dst>
            <dst id="STTLng">606.176</dst>
            <dst id="WASHng">1763.88533333333</dst>
        </src>
        <src id="ATLAng">
            <dst id="ATLA-M5">974.269333333334</dst>
            <dst id="ATLAng">42772.9706666667</dst>
            <dst id="CHINng">18844.976</dst>
            <dst id="DNVRng">5352.048</dst>
            <dst id="HSTNng">7269.79466666666</dst>
            <dst id="IPLSng">18903.656</dst>
            <dst id="KSCYng">7257.39466666666</dst>
            <dst id="LOSAng">21710.652</dst>
            <dst id="NYCMng">9464.992</dst>
            <dst id="SNVAng">761.076</dst>
            <dst id="STTLng">15169.4346666667</dst>
            <dst id="WASHng">51693.24</dst>
        </src>
        <src id="CHINng">
            <dst id="ATLA-M5">2430.31733333333</dst>
            <dst id="ATLAng">28649.6826666667</dst>
            <dst id="CHINng">91952.272</dst>
            <dst id="DNVRng">14341.744</dst>
            <dst id="HSTNng">17153.9093333333</dst>
            <dst id="IPLSng">49033.6826666667</dst>
            <dst id="KSCYng">18460.5173333333</dst>
            <dst id="LOSAng">47173.8</dst>
            <dst id="NYCMng">12873.1413333333</dst>
            <dst id="SNVAng">4383.10933333333</dst>
            <dst id="STTLng">23839.5146666667</dst>
            <dst id="WASHng">40927.2506666667</dst>
        </src>
        <src id="DNVRng">
            <dst id="ATLA-M5">747.64</dst>
            <dst id="ATLAng">10514.4693333333</dst>
            <dst id="CHINng">37263.9546666667</dst>
            <dst id="DNVRng">11467.8773333333</dst>
            <dst id="HSTNng">12128.8426666667</dst>
            <dst id="IPLSng">12695.5013333333</dst>
            <dst id="KSCYng">13736.9653333333</dst>
            <dst id="LOSAng">12880.92</dst>
            <dst id="NYCMng">17005.1146666667</dst>
            <dst id="SNVAng">9732.43733333333</dst>
            <dst id="STTLng">28362.1946666667</dst>
            <dst id="WASHng">23841.144</dst>
        </src>
        <src id="HSTNng">
            <dst id="ATLA-M5">2535.456</dst>
            <dst id="ATLAng">5355.184</dst>
            <dst id="CHINng">15363.3013333333</dst>
            <dst id="DNVRng">1812.87733333333</dst>
            <dst id="HSTNng">20516.0986666667</dst>
            <dst id="IPLSng">5772.13066666667</dst>
            <dst id="KSCYng">9175.64533333333</dst>
            <dst id="LOSAng">35001.9253333333</dst>
            <dst id="NYCMng">4129.82133333333</dst>
            <dst id="SNVAng">170.272</dst>
            <dst id="STTLng">6768.17066666667</dst>
            <dst id="WASHng">5694.976</dst>
        </src>
        <src id="IPLSng">
            <dst id="ATLA-M5">1228.78933333333</dst>
            <dst id="ATLAng">12155.0426666667</dst>
            <dst id="CHINng">49227.2266666667</dst>
            <dst id="DNVRng">15179.6</dst>
            <dst id="HSTNng">5103.60533333333</dst>
            <dst id="IPLSng">14007.4986666667</dst>
            <dst id="KSCYng">16208.4586666667</dst>
            <dst id="LOSAng">17014.776</dst>
            <dst id="NYCMng">11483.7653333333</dst>
            <dst id="SNVAng">2531.82133333333</dst>
            <dst id="STTLng">33398.368</dst>
            <dst id="WASHng">24165.4506666667</dst>
        </src>
        <src id="KSCYng">
            <dst id="ATLA-M5">599.221333333333</dst>
            <dst id="ATLAng">10614.3813333333</dst>
            <dst id="CHINng">18969.4693333333</dst>
            <dst id="DNVRng">8621.09066666667</dst>
            <dst id="HSTNng">4519.664</dst>
            <dst id="IPLSng">18893.7333333333</dst>
            <dst id="KSCYng">6881.24266666667</dst>
            <dst id="LOSAng">4549.09333333333</dst>
            <dst id="NYCMng">7687.53333333333</dst>
            <dst id="SNVAng">2641.01866666667</dst>
            <dst id="STTLng">11967.6853333333</dst>
            <dst id="WASHng">14370.048</dst>
        </src>
        <src id="LOSAng">
            <dst id="ATLA-M5">130.373333333333</dst>
            <dst id="ATLAng">12125.16</dst>
            <dst id="CHINng">6374296</dst>
            <dst id="DNVRng">15760.4693333333</dst>
            <dst id="HSTNng">10747.4186666667</dst>
            <dst id="IPLSng">32709.7413333333</dst>
            <dst id="KSCYng">7619.28266666667</dst>
            <dst id="LOSAng">16371.672</dst>
            <dst id="NYCMng">47474.6026666667</dst>
            <dst id="SNVAng">27025.1253333333</dst>
            <dst id="STTLng">80694.9706666667</dst>
            <dst id="WASHng">96200.2986666667</dst>
        </src>
        <src id="NYCMng">
            <dst id="ATLA-M5">3935.04266666667</dst>
            <dst id="ATLAng">36727.6</dst>
            <dst id="CHINng">29667.9573333333</dst>
            <dst id="DNVRng">20672.3866666667</dst>
            <dst id="HSTNng">12451.9226666667</dst>
            <dst id="IPLSng">34897.9786666667</dst>
            <dst id="KSCYng">10785.464</dst>
            <dst id="LOSAng">67978.032</dst>
            <dst id="NYCMng">105364.264</dst>
            <dst id="SNVAng">4388.728</dst>
            <dst id="STTLng">35281.2426666667</dst>
            <dst id="WASHng">96922.4533333333</dst>
        </src>
        <src id="SNVAng">
            <dst id="ATLA-M5">0</dst>
            <dst id="ATLAng">26.6666666666667</dst>
            <dst id="CHINng">34.08</dst>
            <dst id="DNVRng">2929.2</dst>
            <dst id="HSTNng">26.6666666666667</dst>
            <dst id="IPLSng">612.957333333333</dst>
            <dst id="KSCYng">53.3333333333333</dst>
            <dst id="LOSAng">9452.912</dst>
            <dst id="NYCMng">65.28</dst>
            <dst id="SNVAng">17132.4586666667</dst>
            <dst id="STTLng">27208.7546666667</dst>
            <dst id="WASHng">80</dst>
        </src>
        <src id="STTLng">
            <dst id="ATLA-M5">1606.976</dst>
            <dst id="ATLAng">24277.096</dst>
            <dst id="CHINng">41773.0746666667</dst>
            <dst id="DNVRng">17011.2986666667</dst>
            <dst id="HSTNng">18884.6933333333</dst>
            <dst id="IPLSng">30386.1413333333</dst>
            <dst id="KSCYng">27241.6</dst>
            <dst id="LOSAng">50864.296</dst>
            <dst id="NYCMng">17788.4266666667</dst>
            <dst id="SNVAng">6031.144</dst>
            <dst id="STTLng">34121.76</dst>
            <dst id="WASHng">43817.5733333333</dst>
        </src>
        <src id="WASHng">
            <dst id="ATLA-M5">4039.05866666667</dst>
            <dst id="ATLAng">133829.154666667</dst>
            <dst id="CHINng">85794</dst>
            <dst id="DNVRng">71644.392</dst>
            <dst id="HSTNng">30503.5013333333</dst>
            <dst id="IPLSng">39584.8026666667</dst>
            <dst id="KSCYng">21396.9893333333</dst>
            <dst id="LOSAng">107399.768</dst>
            <dst id="NYCMng">162736.24</dst>
            <dst id="SNVAng">5677.29866666667</dst>
            <dst id="STTLng">54292.92</dst>
            <dst id="WASHng">254691.336</dst>
        </src>
    </IntraTM>
</TrafficMatrixFile>
