<?xml version="1.0" encoding="ISO-8859-1" standalone="yes"?>
<TrafficMatrixFile xsi:noNamespaceSchemaLocation="http://totem.run.montefiore.ulg.ac.be/Schema/TrafficMatrix-v1_2.xsd" xmlns:xsi="http://www.w3.org/2001/XMLSchema-instance">
    <IntraTM ASID="11537">
        <src id="ATLA-M5">
            <dst id="ATLA-M5">0</dst>
            <dst id="ATLAng">167.970666666667</dst>
            <dst id="CHINng">629.048</dst>
            <dst id="DNVRng">26.6666666666667</dst>
            <dst id="HSTNng">177.005333333333</dst>
            <dst id="IPLSng">1138.65866666667</dst>
            <dst id="KSCYng">166.322666666667</dst>
            <dst id="LOSAng">40</dst>
            <dst id="NYCMng">5172.84266666667</dst>
            <dst id="SNVAng">13.3333333333333</dst>
            <dst id="STTLng">264.941333333333</dst>
            <dst id="WASHng">5128.952</dst>
        </src>
        <src id="ATLAng">
            <dst id="ATLA-M5">1233.71733333333</dst>
            <dst id="ATLAng">57246.9093333333</dst>
            <dst id="CHINng">13471.4826666667</dst>
            <dst id="DNVRng">8222.69066666667</dst>
            <dst id="HSTNng">1102.99466666667</dst>
            <dst id="IPLSng">12330</dst>
            <dst id="KSCYng">1906.09866666667</dst>
            <dst id="LOSAng">19374.192</dst>
            <dst id="NYCMng">7642.424</dst>
            <dst id="SNVAng">396.765333333333</dst>
            <dst id="STTLng">8340.464</dst>
            <dst id="WASHng">45026.3573333333</dst>
        </src>
        <src id="CHINng">
            <dst id="ATLA-M5">422.736</dst>
            <dst id="ATLAng">11187.392</dst>
            <dst id="CHINng">135545.301333333</dst>
            <dst id="DNVRng">9590.27466666667</dst>
            <dst id="HSTNng">7034.92533333333</dst>
            <dst id="IPLSng">36632.9386666667</dst>
            <dst id="KSCYng">10439.88</dst>
            <dst id="LOSAng">24595.2693333333</dst>
            <dst id="NYCMng">11001.8</dst>
            <dst id="SNVAng">3668.45333333333</dst>
            <dst id="STTLng">16447.3573333333</dst>
            <dst id="WASHng">23360.744</dst>
        </src>
        <src id="DNVRng">
            <dst id="ATLA-M5">266.709333333333</dst>
            <dst id="ATLAng">4016.31466666667</dst>
            <dst id="CHINng">39526.0986666667</dst>
            <dst id="DNVRng">19280.696</dst>
            <dst id="HSTNng">13828.504</dst>
            <dst id="IPLSng">7927.10666666667</dst>
            <dst id="KSCYng">24765.8293333333</dst>
            <dst id="LOSAng">13169.4453333333</dst>
            <dst id="NYCMng">7370.944</dst>
            <dst id="SNVAng">8594.52533333333</dst>
            <dst id="STTLng">12021.4773333333</dst>
            <dst id="WASHng">22787.2346666667</dst>
        </src>
        <src id="HSTNng">
            <dst id="ATLA-M5">1486.81866666667</dst>
            <dst id="ATLAng">3715.46133333333</dst>
            <dst id="CHINng">20174.4</dst>
            <dst id="DNVRng">1919.15466666667</dst>
            <dst id="HSTNng">11417.0053333333</dst>
            <dst id="IPLSng">1712.088</dst>
            <dst id="KSCYng">9867.57866666667</dst>
            <dst id="LOSAng">2203.89866666667</dst>
            <dst id="NYCMng">4094.50933333333</dst>
            <dst id="SNVAng">0</dst>
            <dst id="STTLng">4572.44533333333</dst>
            <dst id="WASHng">11749.1813333333</dst>
        </src>
        <src id="IPLSng">
            <dst id="ATLA-M5">200.04</dst>
            <dst id="ATLAng">7148.02666666667</dst>
            <dst id="CHINng">63245.6186666666</dst>
            <dst id="DNVRng">7277.67466666667</dst>
            <dst id="HSTNng">1072.99466666667</dst>
            <dst id="IPLSng">12508.3013333333</dst>
            <dst id="KSCYng">6644.90666666667</dst>
            <dst id="LOSAng">12770.8133333333</dst>
            <dst id="NYCMng">5929.53866666667</dst>
            <dst id="SNVAng">641.928</dst>
            <dst id="STTLng">13402.744</dst>
            <dst id="WASHng">22637.2053333333</dst>
        </src>
        <src id="KSCYng">
            <dst id="ATLA-M5">294.933333333333</dst>
            <dst id="ATLAng">5402.81066666667</dst>
            <dst id="CHINng">26090.016</dst>
            <dst id="DNVRng">7018.624</dst>
            <dst id="HSTNng">3159.07466666667</dst>
            <dst id="IPLSng">14801.5413333333</dst>
            <dst id="KSCYng">12355.584</dst>
            <dst id="LOSAng">3970.58133333333</dst>
            <dst id="NYCMng">3813.36533333333</dst>
            <dst id="SNVAng">1684.38133333333</dst>
            <dst id="STTLng">10776.8533333333</dst>
            <dst id="WASHng">7789.824</dst>
        </src>
        <src id="LOSAng">
            <dst id="ATLA-M5">0</dst>
            <dst id="ATLAng">13425.376</dst>
            <dst id="CHINng">93749.208</dst>
            <dst id="DNVRng">7682.51733333333</dst>
            <dst id="HSTNng">1593.53866666667</dst>
            <dst id="IPLSng">19076.352</dst>
            <dst id="KSCYng">1804.63733333333</dst>
            <dst id="LOSAng">11011.0453333333</dst>
            <dst id="NYCMng">29042.88</dst>
            <dst id="SNVAng">20651.0133333333</dst>
            <dst id="STTLng">42143.896</dst>
            <dst id="WASHng">42921.2266666667</dst>
        </src>
        <src id="NYCMng">
            <dst id="ATLA-M5">1186.432</dst>
            <dst id="ATLAng">21130.3786666667</dst>
            <dst id="CHINng">25977.9786666667</dst>
            <dst id="DNVRng">16942.0453333333</dst>
            <dst id="HSTNng">9066.13066666667</dst>
            <dst id="IPLSng">18053.8346666667</dst>
            <dst id="KSCYng">11976.792</dst>
            <dst id="LOSAng">39670.1226666667</dst>
            <dst id="NYCMng">90730.992</dst>
            <dst id="SNVAng">3001.13333333333</dst>
            <dst id="STTLng">25016.9813333333</dst>
            <dst id="WASHng">42721.9626666667</dst>
        </src>
        <src id="SNVAng">
            <dst id="ATLA-M5">0</dst>
            <dst id="ATLAng">0</dst>
            <dst id="CHINng">157.333333333333</dst>
            <dst id="DNVRng">2516.416</dst>
            <dst id="HSTNng">26.6666666666667</dst>
            <dst id="IPLSng">314.501333333333</dst>
            <dst id="KSCYng">466.245333333333</dst>
            <dst id="LOSAng">4101.06133333333</dst>
            <dst id="NYCMng">194.386666666667</dst>
            <dst id="SNVAng">4790.776</dst>
            <dst id="STTLng">12257.0106666667</dst>
            <dst id="WASHng">26.6666666666667</dst>
        </src>
        <src id="STTLng">
            <dst id="ATLA-M5">1235.13066666667</dst>
            <dst id="ATLAng">10138.2613333333</dst>
            <dst id="CHINng">41040.2373333333</dst>
            <dst id="DNVRng">2823.49333333333</dst>
            <dst id="HSTNng">2121.736</dst>
            <dst id="IPLSng">6942.552</dst>
            <dst id="KSCYng">3818.74666666667</dst>
            <dst id="LOSAng">32121.5893333333</dst>
            <dst id="NYCMng">8524.00266666667</dst>
            <dst id="SNVAng">1326.816</dst>
            <dst id="STTLng">20207.0826666667</dst>
            <dst id="WASHng">12739.3626666667</dst>
        </src>
        <src id="WASHng">
            <dst id="ATLA-M5">370.525333333333</dst>
            <dst id="ATLAng">87703.0906666667</dst>
            <dst id="CHINng">89432.5573333333</dst>
            <dst id="DNVRng">60455.5066666667</dst>
            <dst id="HSTNng">20363.9973333333</dst>
            <dst id="IPLSng">36835.7013333333</dst>
            <dst id="KSCYng">24079.6746666667</dst>
            <dst id="LOSAng">79641.696</dst>
            <dst id="NYCMng">158576.597333333</dst>
            <dst id="SNVAng">5603.24</dst>
            <dst id="STTLng">36591.5813333333</dst>
            <dst id="WASHng">426087.093333333</dst>
        </src>
    </IntraTM>
</TrafficMatrixFile>
