<?xml version="1.0" encoding="ISO-8859-1" standalone="yes"?>
<TrafficMatrixFile xsi:noNamespaceSchemaLocation="http://totem.run.montefiore.ulg.ac.be/Schema/TrafficMatrix-v1_2.xsd" xmlns:xsi="http://www.w3.org/2001/XMLSchema-instance">
    <IntraTM ASID="11537">
        <src id="ATLA-M5">
            <dst id="ATLA-M5">0</dst>
            <dst id="ATLAng">796.090666666667</dst>
            <dst id="CHINng">1380.97866666667</dst>
            <dst id="DNVRng">336.733333333333</dst>
            <dst id="HSTNng">133.698666666667</dst>
            <dst id="IPLSng">765.453333333333</dst>
            <dst id="KSCYng">299.925333333333</dst>
            <dst id="LOSAng">389.485333333333</dst>
            <dst id="NYCMng">2830.62666666667</dst>
            <dst id="SNVAng">108.157333333333</dst>
            <dst id="STTLng">734.469333333333</dst>
            <dst id="WASHng">843.448</dst>
        </src>
        <src id="ATLAng">
            <dst id="ATLA-M5">2562.13866666667</dst>
            <dst id="ATLAng">37622.288</dst>
            <dst id="CHINng">15084.9493333333</dst>
            <dst id="DNVRng">2975.48266666667</dst>
            <dst id="HSTNng">2560.20266666667</dst>
            <dst id="IPLSng">23809.44</dst>
            <dst id="KSCYng">4155.48</dst>
            <dst id="LOSAng">15493.9186666667</dst>
            <dst id="NYCMng">9030.30666666667</dst>
            <dst id="SNVAng">657.478666666667</dst>
            <dst id="STTLng">10401.464</dst>
            <dst id="WASHng">41372.4133333333</dst>
        </src>
        <src id="CHINng">
            <dst id="ATLA-M5">1172.312</dst>
            <dst id="ATLAng">26742.3573333333</dst>
            <dst id="CHINng">87982.8506666667</dst>
            <dst id="DNVRng">25728.5946666667</dst>
            <dst id="HSTNng">13244.112</dst>
            <dst id="IPLSng">78496.0666666667</dst>
            <dst id="KSCYng">13255.9573333333</dst>
            <dst id="LOSAng">39525.656</dst>
            <dst id="NYCMng">14165.888</dst>
            <dst id="SNVAng">3395.03733333333</dst>
            <dst id="STTLng">18595.192</dst>
            <dst id="WASHng">28682.7706666667</dst>
        </src>
        <src id="DNVRng">
            <dst id="ATLA-M5">159.253333333333</dst>
            <dst id="ATLAng">12159.5386666667</dst>
            <dst id="CHINng">79678.8026666667</dst>
            <dst id="DNVRng">10287.5093333333</dst>
            <dst id="HSTNng">14306.1413333333</dst>
            <dst id="IPLSng">16608.7706666667</dst>
            <dst id="KSCYng">16221.96</dst>
            <dst id="LOSAng">14897.4373333333</dst>
            <dst id="NYCMng">8514.93866666667</dst>
            <dst id="SNVAng">11099.544</dst>
            <dst id="STTLng">28909.512</dst>
            <dst id="WASHng">19393.896</dst>
        </src>
        <src id="HSTNng">
            <dst id="ATLA-M5">3180.84</dst>
            <dst id="ATLAng">3792.54133333333</dst>
            <dst id="CHINng">12503.944</dst>
            <dst id="DNVRng">1539.86933333333</dst>
            <dst id="HSTNng">20307.0213333333</dst>
            <dst id="IPLSng">3655.50133333333</dst>
            <dst id="KSCYng">7977.50933333333</dst>
            <dst id="LOSAng">7224.704</dst>
            <dst id="NYCMng">1945.61066666667</dst>
            <dst id="SNVAng">128.512</dst>
            <dst id="STTLng">4630.51733333333</dst>
            <dst id="WASHng">6319.97333333333</dst>
        </src>
        <src id="IPLSng">
            <dst id="ATLA-M5">225.16</dst>
            <dst id="ATLAng">16885.64</dst>
            <dst id="CHINng">52248.8426666667</dst>
            <dst id="DNVRng">7326.83466666667</dst>
            <dst id="HSTNng">698.258666666667</dst>
            <dst id="IPLSng">28680.896</dst>
            <dst id="KSCYng">8266.936</dst>
            <dst id="LOSAng">18320.152</dst>
            <dst id="NYCMng">5353.08</dst>
            <dst id="SNVAng">1079.456</dst>
            <dst id="STTLng">24467.2906666667</dst>
            <dst id="WASHng">10851.1733333333</dst>
        </src>
        <src id="KSCYng">
            <dst id="ATLA-M5">350.2</dst>
            <dst id="ATLAng">8651.40266666667</dst>
            <dst id="CHINng">23059.2506666667</dst>
            <dst id="DNVRng">9581.872</dst>
            <dst id="HSTNng">4134.72533333333</dst>
            <dst id="IPLSng">18629.7573333333</dst>
            <dst id="KSCYng">16317.112</dst>
            <dst id="LOSAng">8319.33066666667</dst>
            <dst id="NYCMng">2985.13333333333</dst>
            <dst id="SNVAng">2305.10933333333</dst>
            <dst id="STTLng">7074.82133333334</dst>
            <dst id="WASHng">13635.5813333333</dst>
        </src>
        <src id="LOSAng">
            <dst id="ATLA-M5">203.293333333333</dst>
            <dst id="ATLAng">7070.54133333334</dst>
            <dst id="CHINng">6353024.26666667</dst>
            <dst id="DNVRng">22776.608</dst>
            <dst id="HSTNng">24451.3973333333</dst>
            <dst id="IPLSng">18793.7146666667</dst>
            <dst id="KSCYng">5216.136</dst>
            <dst id="LOSAng">14402.0506666667</dst>
            <dst id="NYCMng">43982.432</dst>
            <dst id="SNVAng">20578.6293333333</dst>
            <dst id="STTLng">61002.7493333333</dst>
            <dst id="WASHng">45816.6106666667</dst>
        </src>
        <src id="NYCMng">
            <dst id="ATLA-M5">1013.74933333333</dst>
            <dst id="ATLAng">17551.0533333333</dst>
            <dst id="CHINng">34610.4613333333</dst>
            <dst id="DNVRng">19551.2613333333</dst>
            <dst id="HSTNng">11777.7333333333</dst>
            <dst id="IPLSng">14612.6426666667</dst>
            <dst id="KSCYng">12059.792</dst>
            <dst id="LOSAng">73517.8053333333</dst>
            <dst id="NYCMng">90054.9413333333</dst>
            <dst id="SNVAng">1537.39466666667</dst>
            <dst id="STTLng">30286.84</dst>
            <dst id="WASHng">63724.0773333333</dst>
        </src>
        <src id="SNVAng">
            <dst id="ATLA-M5">0</dst>
            <dst id="ATLAng">338.085333333333</dst>
            <dst id="CHINng">26.6666666666667</dst>
            <dst id="DNVRng">1938.73866666667</dst>
            <dst id="HSTNng">26.6666666666667</dst>
            <dst id="IPLSng">366.645333333333</dst>
            <dst id="KSCYng">0</dst>
            <dst id="LOSAng">10064.8373333333</dst>
            <dst id="NYCMng">53.3333333333333</dst>
            <dst id="SNVAng">8984.87466666667</dst>
            <dst id="STTLng">18387.7653333333</dst>
            <dst id="WASHng">257.376</dst>
        </src>
        <src id="STTLng">
            <dst id="ATLA-M5">1077.26933333333</dst>
            <dst id="ATLAng">13071.392</dst>
            <dst id="CHINng">33294.288</dst>
            <dst id="DNVRng">8043.904</dst>
            <dst id="HSTNng">10514.504</dst>
            <dst id="IPLSng">12824.3093333333</dst>
            <dst id="KSCYng">13462.3786666667</dst>
            <dst id="LOSAng">44727.5466666667</dst>
            <dst id="NYCMng">8115.856</dst>
            <dst id="SNVAng">3207.24266666667</dst>
            <dst id="STTLng">18710.2346666667</dst>
            <dst id="WASHng">16091.6426666667</dst>
        </src>
        <src id="WASHng">
            <dst id="ATLA-M5">1801.29066666667</dst>
            <dst id="ATLAng">76309.3866666667</dst>
            <dst id="CHINng">86680.0133333333</dst>
            <dst id="DNVRng">65476.5866666667</dst>
            <dst id="HSTNng">17436.8986666667</dst>
            <dst id="IPLSng">51015.072</dst>
            <dst id="KSCYng">24876.6453333333</dst>
            <dst id="LOSAng">92563.2506666666</dst>
            <dst id="NYCMng">172890.722666667</dst>
            <dst id="SNVAng">2075.12266666667</dst>
            <dst id="STTLng">51630.2933333333</dst>
            <dst id="WASHng">300570.8</dst>
        </src>
    </IntraTM>
</TrafficMatrixFile>
