<?xml version="1.0" encoding="ISO-8859-1" standalone="yes"?>
<TrafficMatrixFile xsi:noNamespaceSchemaLocation="http://totem.run.montefiore.ulg.ac.be/Schema/TrafficMatrix-v1_2.xsd" xmlns:xsi="http://www.w3.org/2001/XMLSchema-instance">
    <IntraTM ASID="11537">
        <src id="ATLA-M5">
            <dst id="ATLA-M5">26.6666666666667</dst>
            <dst id="ATLAng">555.229333333333</dst>
            <dst id="CHINng">895.701333333333</dst>
            <dst id="DNVRng">53.3333333333333</dst>
            <dst id="HSTNng">26.6666666666667</dst>
            <dst id="IPLSng">392.125333333333</dst>
            <dst id="KSCYng">214.058666666667</dst>
            <dst id="LOSAng">26.6666666666667</dst>
            <dst id="NYCMng">1104.336</dst>
            <dst id="SNVAng">0</dst>
            <dst id="STTLng">436.168</dst>
            <dst id="WASHng">1557.304</dst>
        </src>
        <src id="ATLAng">
            <dst id="ATLA-M5">99.8533333333333</dst>
            <dst id="ATLAng">30582.752</dst>
            <dst id="CHINng">16476.5306666667</dst>
            <dst id="DNVRng">8934.992</dst>
            <dst id="HSTNng">1440.74666666667</dst>
            <dst id="IPLSng">17264.4186666667</dst>
            <dst id="KSCYng">2181.08</dst>
            <dst id="LOSAng">12095.408</dst>
            <dst id="NYCMng">4760.24266666667</dst>
            <dst id="SNVAng">336.109333333333</dst>
            <dst id="STTLng">8764.39466666667</dst>
            <dst id="WASHng">41913.4613333333</dst>
        </src>
        <src id="CHINng">
            <dst id="ATLA-M5">328.298666666667</dst>
            <dst id="ATLAng">17320.4213333333</dst>
            <dst id="CHINng">104220.714666667</dst>
            <dst id="DNVRng">5319.73333333333</dst>
            <dst id="HSTNng">5723.408</dst>
            <dst id="IPLSng">28327.8293333333</dst>
            <dst id="KSCYng">13651.9733333333</dst>
            <dst id="LOSAng">24123.8986666667</dst>
            <dst id="NYCMng">10929.096</dst>
            <dst id="SNVAng">3099.65333333333</dst>
            <dst id="STTLng">15872.8853333333</dst>
            <dst id="WASHng">11048.7173333333</dst>
        </src>
        <src id="DNVRng">
            <dst id="ATLA-M5">272.426666666667</dst>
            <dst id="ATLAng">3364.22933333333</dst>
            <dst id="CHINng">33052.6293333333</dst>
            <dst id="DNVRng">8804.99466666667</dst>
            <dst id="HSTNng">10189.6106666667</dst>
            <dst id="IPLSng">8253.216</dst>
            <dst id="KSCYng">9671.81066666667</dst>
            <dst id="LOSAng">4837.368</dst>
            <dst id="NYCMng">15707.3893333333</dst>
            <dst id="SNVAng">26447.0026666667</dst>
            <dst id="STTLng">6945.48</dst>
            <dst id="WASHng">23399.472</dst>
        </src>
        <src id="HSTNng">
            <dst id="ATLA-M5">1504.45866666667</dst>
            <dst id="ATLAng">6442.848</dst>
            <dst id="CHINng">14279.12</dst>
            <dst id="DNVRng">835.672</dst>
            <dst id="HSTNng">13916.7173333333</dst>
            <dst id="IPLSng">3355.984</dst>
            <dst id="KSCYng">5659.56533333333</dst>
            <dst id="LOSAng">4564.62933333333</dst>
            <dst id="NYCMng">3794.98666666667</dst>
            <dst id="SNVAng">0</dst>
            <dst id="STTLng">4522.69866666667</dst>
            <dst id="WASHng">6163.016</dst>
        </src>
        <src id="IPLSng">
            <dst id="ATLA-M5">175.168</dst>
            <dst id="ATLAng">6181.08533333333</dst>
            <dst id="CHINng">52174.3146666667</dst>
            <dst id="DNVRng">7353.06933333333</dst>
            <dst id="HSTNng">744.608</dst>
            <dst id="IPLSng">4660.94133333333</dst>
            <dst id="KSCYng">3006.912</dst>
            <dst id="LOSAng">18511.1093333333</dst>
            <dst id="NYCMng">7889.544</dst>
            <dst id="SNVAng">705.794666666667</dst>
            <dst id="STTLng">17713.5093333333</dst>
            <dst id="WASHng">20133.6933333333</dst>
        </src>
        <src id="KSCYng">
            <dst id="ATLA-M5">189.818666666667</dst>
            <dst id="ATLAng">5094.072</dst>
            <dst id="CHINng">26717.0933333333</dst>
            <dst id="DNVRng">10407.6133333333</dst>
            <dst id="HSTNng">4547.6</dst>
            <dst id="IPLSng">13889.5733333333</dst>
            <dst id="KSCYng">8768.60266666667</dst>
            <dst id="LOSAng">3610.88</dst>
            <dst id="NYCMng">2602.184</dst>
            <dst id="SNVAng">1628.67733333333</dst>
            <dst id="STTLng">10400.9813333333</dst>
            <dst id="WASHng">8001.15466666667</dst>
        </src>
        <src id="LOSAng">
            <dst id="ATLA-M5">0</dst>
            <dst id="ATLAng">6688.264</dst>
            <dst id="CHINng">84805.1573333333</dst>
            <dst id="DNVRng">7692.14933333333</dst>
            <dst id="HSTNng">2770.67733333333</dst>
            <dst id="IPLSng">8315.89333333333</dst>
            <dst id="KSCYng">2408.87466666667</dst>
            <dst id="LOSAng">10917.5546666667</dst>
            <dst id="NYCMng">31230.2186666667</dst>
            <dst id="SNVAng">26338.1973333333</dst>
            <dst id="STTLng">45575.9386666667</dst>
            <dst id="WASHng">35353.816</dst>
        </src>
        <src id="NYCMng">
            <dst id="ATLA-M5">224.845333333333</dst>
            <dst id="ATLAng">20862.4986666667</dst>
            <dst id="CHINng">32571.0026666667</dst>
            <dst id="DNVRng">20033.7706666667</dst>
            <dst id="HSTNng">7073.78666666667</dst>
            <dst id="IPLSng">21143.92</dst>
            <dst id="KSCYng">7412.36533333333</dst>
            <dst id="LOSAng">38270.1013333333</dst>
            <dst id="NYCMng">86188.8346666667</dst>
            <dst id="SNVAng">1836.944</dst>
            <dst id="STTLng">13624.8746666667</dst>
            <dst id="WASHng">43483.776</dst>
        </src>
        <src id="SNVAng">
            <dst id="ATLA-M5">0</dst>
            <dst id="ATLAng">0</dst>
            <dst id="CHINng">0</dst>
            <dst id="DNVRng">12095.6053333333</dst>
            <dst id="HSTNng">55.1466666666667</dst>
            <dst id="IPLSng">228.704</dst>
            <dst id="KSCYng">0</dst>
            <dst id="LOSAng">4060.08</dst>
            <dst id="NYCMng">198.354666666667</dst>
            <dst id="SNVAng">7274.99466666667</dst>
            <dst id="STTLng">16769.1306666667</dst>
            <dst id="WASHng">53.3333333333333</dst>
        </src>
        <src id="STTLng">
            <dst id="ATLA-M5">1325.696</dst>
            <dst id="ATLAng">16461.3306666667</dst>
            <dst id="CHINng">39117.8666666667</dst>
            <dst id="DNVRng">2055.736</dst>
            <dst id="HSTNng">3367.94933333333</dst>
            <dst id="IPLSng">12532.6933333333</dst>
            <dst id="KSCYng">4510.76533333333</dst>
            <dst id="LOSAng">25425.296</dst>
            <dst id="NYCMng">13897.68</dst>
            <dst id="SNVAng">1158.58666666667</dst>
            <dst id="STTLng">13419.168</dst>
            <dst id="WASHng">31704.872</dst>
        </src>
        <src id="WASHng">
            <dst id="ATLA-M5">3497.25333333333</dst>
            <dst id="ATLAng">69907.4853333333</dst>
            <dst id="CHINng">56997.9813333333</dst>
            <dst id="DNVRng">50575.2853333333</dst>
            <dst id="HSTNng">30118.944</dst>
            <dst id="IPLSng">40457.6933333333</dst>
            <dst id="KSCYng">12263.1493333333</dst>
            <dst id="LOSAng">87279.296</dst>
            <dst id="NYCMng">117734.773333333</dst>
            <dst id="SNVAng">4876.872</dst>
            <dst id="STTLng">40033.344</dst>
            <dst id="WASHng">319812.106666667</dst>
        </src>
    </IntraTM>
</TrafficMatrixFile>
