<?xml version="1.0" encoding="ISO-8859-1" standalone="yes"?>
<TrafficMatrixFile xsi:noNamespaceSchemaLocation="http://totem.run.montefiore.ulg.ac.be/Schema/TrafficMatrix-v1_2.xsd" xmlns:xsi="http://www.w3.org/2001/XMLSchema-instance">
    <IntraTM ASID="11537">
        <src id="ATLA-M5">
            <dst id="ATLA-M5">26.6666666666667</dst>
            <dst id="ATLAng">1981.86133333333</dst>
            <dst id="CHINng">753.261333333333</dst>
            <dst id="DNVRng">1940.984</dst>
            <dst id="HSTNng">349.162666666667</dst>
            <dst id="IPLSng">1749.54666666667</dst>
            <dst id="KSCYng">299.061333333333</dst>
            <dst id="LOSAng">53.3333333333333</dst>
            <dst id="NYCMng">1672.56266666667</dst>
            <dst id="SNVAng">0</dst>
            <dst id="STTLng">708.085333333333</dst>
            <dst id="WASHng">984.245333333333</dst>
        </src>
        <src id="ATLAng">
            <dst id="ATLA-M5">733.669333333333</dst>
            <dst id="ATLAng">45311.7706666667</dst>
            <dst id="CHINng">21504.048</dst>
            <dst id="DNVRng">5051.03466666667</dst>
            <dst id="HSTNng">4609.288</dst>
            <dst id="IPLSng">20910.4986666667</dst>
            <dst id="KSCYng">5564.80266666667</dst>
            <dst id="LOSAng">15644.948</dst>
            <dst id="NYCMng">10921.6906666667</dst>
            <dst id="SNVAng">489.644</dst>
            <dst id="STTLng">17064.2</dst>
            <dst id="WASHng">41788.456</dst>
        </src>
        <src id="CHINng">
            <dst id="ATLA-M5">1136.752</dst>
            <dst id="ATLAng">23441.3653333333</dst>
            <dst id="CHINng">66148.8133333333</dst>
            <dst id="DNVRng">14777.5226666667</dst>
            <dst id="HSTNng">16609.0666666667</dst>
            <dst id="IPLSng">70291.9093333333</dst>
            <dst id="KSCYng">17314.6293333333</dst>
            <dst id="LOSAng">44091.0106666667</dst>
            <dst id="NYCMng">11584.5466666667</dst>
            <dst id="SNVAng">5684.90133333333</dst>
            <dst id="STTLng">26308.6</dst>
            <dst id="WASHng">31376.3226666667</dst>
        </src>
        <src id="DNVRng">
            <dst id="ATLA-M5">465.68</dst>
            <dst id="ATLAng">3956.07733333333</dst>
            <dst id="CHINng">32401.8933333333</dst>
            <dst id="DNVRng">23955.1413333333</dst>
            <dst id="HSTNng">11102.88</dst>
            <dst id="IPLSng">9566.848</dst>
            <dst id="KSCYng">24465.4906666667</dst>
            <dst id="LOSAng">16435.4106666667</dst>
            <dst id="NYCMng">6990.06133333333</dst>
            <dst id="SNVAng">14201.592</dst>
            <dst id="STTLng">28436.6533333333</dst>
            <dst id="WASHng">45743.5546666667</dst>
        </src>
        <src id="HSTNng">
            <dst id="ATLA-M5">645.290666666667</dst>
            <dst id="ATLAng">3721.736</dst>
            <dst id="CHINng">16838.0613333333</dst>
            <dst id="DNVRng">2802.90933333333</dst>
            <dst id="HSTNng">12263.672</dst>
            <dst id="IPLSng">6064.22933333333</dst>
            <dst id="KSCYng">11593.616</dst>
            <dst id="LOSAng">3727.896</dst>
            <dst id="NYCMng">2515.29866666667</dst>
            <dst id="SNVAng">239.456</dst>
            <dst id="STTLng">10112.7733333333</dst>
            <dst id="WASHng">7671.472</dst>
        </src>
        <src id="IPLSng">
            <dst id="ATLA-M5">599.56</dst>
            <dst id="ATLAng">9743.56266666667</dst>
            <dst id="CHINng">56382.456</dst>
            <dst id="DNVRng">6649.94133333333</dst>
            <dst id="HSTNng">5633.40266666667</dst>
            <dst id="IPLSng">35442.7333333333</dst>
            <dst id="KSCYng">11475.9146666667</dst>
            <dst id="LOSAng">28799.1813333333</dst>
            <dst id="NYCMng">9512.60266666667</dst>
            <dst id="SNVAng">706.394666666667</dst>
            <dst id="STTLng">40519.6666666667</dst>
            <dst id="WASHng">25266.3253333333</dst>
        </src>
        <src id="KSCYng">
            <dst id="ATLA-M5">336.368</dst>
            <dst id="ATLAng">6462</dst>
            <dst id="CHINng">20361.2373333333</dst>
            <dst id="DNVRng">21884.2293333333</dst>
            <dst id="HSTNng">4596.90133333333</dst>
            <dst id="IPLSng">16192.1386666667</dst>
            <dst id="KSCYng">11838.192</dst>
            <dst id="LOSAng">6389.824</dst>
            <dst id="NYCMng">7458.112</dst>
            <dst id="SNVAng">3107.75466666667</dst>
            <dst id="STTLng">8339.11733333333</dst>
            <dst id="WASHng">14930.5466666667</dst>
        </src>
        <src id="LOSAng">
            <dst id="ATLA-M5">283.845333333333</dst>
            <dst id="ATLAng">9007.43466666667</dst>
            <dst id="CHINng">6004284.8</dst>
            <dst id="DNVRng">14570.1146666667</dst>
            <dst id="HSTNng">5401.728</dst>
            <dst id="IPLSng">23170.3226666667</dst>
            <dst id="KSCYng">8478.65333333333</dst>
            <dst id="LOSAng">18895.2053333333</dst>
            <dst id="NYCMng">42602.9973333333</dst>
            <dst id="SNVAng">20895.088</dst>
            <dst id="STTLng">56267.544</dst>
            <dst id="WASHng">49231.1146666667</dst>
        </src>
        <src id="NYCMng">
            <dst id="ATLA-M5">4687.77333333333</dst>
            <dst id="ATLAng">33680.9013333333</dst>
            <dst id="CHINng">38534.7306666667</dst>
            <dst id="DNVRng">22487.392</dst>
            <dst id="HSTNng">23891.056</dst>
            <dst id="IPLSng">24326.6746666667</dst>
            <dst id="KSCYng">15590.5653333333</dst>
            <dst id="LOSAng">60543.976</dst>
            <dst id="NYCMng">108326.250666667</dst>
            <dst id="SNVAng">2036.12266666667</dst>
            <dst id="STTLng">39189.5866666667</dst>
            <dst id="WASHng">84556.6106666667</dst>
        </src>
        <src id="SNVAng">
            <dst id="ATLA-M5">0</dst>
            <dst id="ATLAng">298.757333333333</dst>
            <dst id="CHINng">200</dst>
            <dst id="DNVRng">5428.20533333333</dst>
            <dst id="HSTNng">26.6666666666667</dst>
            <dst id="IPLSng">361.050666666667</dst>
            <dst id="KSCYng">0</dst>
            <dst id="LOSAng">6401.26666666667</dst>
            <dst id="NYCMng">68.0426666666667</dst>
            <dst id="SNVAng">7080.456</dst>
            <dst id="STTLng">17095.6506666667</dst>
            <dst id="WASHng">90.6666666666667</dst>
        </src>
        <src id="STTLng">
            <dst id="ATLA-M5">1192.472</dst>
            <dst id="ATLAng">20068.6373333333</dst>
            <dst id="CHINng">27660.5573333333</dst>
            <dst id="DNVRng">17136.4026666667</dst>
            <dst id="HSTNng">7753.71733333333</dst>
            <dst id="IPLSng">32440</dst>
            <dst id="KSCYng">18972.4533333333</dst>
            <dst id="LOSAng">41660.864</dst>
            <dst id="NYCMng">17901.1173333333</dst>
            <dst id="SNVAng">2712.48</dst>
            <dst id="STTLng">29881.3306666667</dst>
            <dst id="WASHng">34897.5946666667</dst>
        </src>
        <src id="WASHng">
            <dst id="ATLA-M5">15959.8133333333</dst>
            <dst id="ATLAng">95336.544</dst>
            <dst id="CHINng">74147.696</dst>
            <dst id="DNVRng">64224.4426666667</dst>
            <dst id="HSTNng">36654.464</dst>
            <dst id="IPLSng">63389.1973333333</dst>
            <dst id="KSCYng">23371.5093333333</dst>
            <dst id="LOSAng">82908.1253333334</dst>
            <dst id="NYCMng">173782.117333333</dst>
            <dst id="SNVAng">2823.46133333333</dst>
            <dst id="STTLng">60526.048</dst>
            <dst id="WASHng">188874.032</dst>
        </src>
    </IntraTM>
</TrafficMatrixFile>
