<?xml version="1.0" encoding="ISO-8859-1" standalone="yes"?>
<TrafficMatrixFile xsi:noNamespaceSchemaLocation="http://totem.run.montefiore.ulg.ac.be/Schema/TrafficMatrix-v1_2.xsd" xmlns:xsi="http://www.w3.org/2001/XMLSchema-instance">
    <IntraTM ASID="11537">
        <src id="ATLA-M5">
            <dst id="ATLA-M5">82.528</dst>
            <dst id="ATLAng">2284.55733333333</dst>
            <dst id="CHINng">1830.78133333333</dst>
            <dst id="DNVRng">330.501333333333</dst>
            <dst id="HSTNng">486.181333333333</dst>
            <dst id="IPLSng">1002.92266666667</dst>
            <dst id="KSCYng">269.544</dst>
            <dst id="LOSAng">328.313333333333</dst>
            <dst id="NYCMng">1808.24</dst>
            <dst id="SNVAng">249.209333333333</dst>
            <dst id="STTLng">727.658666666667</dst>
            <dst id="WASHng">1018.48266666667</dst>
        </src>
        <src id="ATLAng">
            <dst id="ATLA-M5">383.357333333333</dst>
            <dst id="ATLAng">39754.2346666667</dst>
            <dst id="CHINng">17820.0986666667</dst>
            <dst id="DNVRng">4750.87466666667</dst>
            <dst id="HSTNng">8401.66666666667</dst>
            <dst id="IPLSng">20278.6906666667</dst>
            <dst id="KSCYng">6348.87466666667</dst>
            <dst id="LOSAng">15847.5666666667</dst>
            <dst id="NYCMng">11586.5706666667</dst>
            <dst id="SNVAng">1247.012</dst>
            <dst id="STTLng">12339.2</dst>
            <dst id="WASHng">51066.208</dst>
        </src>
        <src id="CHINng">
            <dst id="ATLA-M5">1322.552</dst>
            <dst id="ATLAng">24613.5146666667</dst>
            <dst id="CHINng">113265.909333333</dst>
            <dst id="DNVRng">27450.4026666667</dst>
            <dst id="HSTNng">9326.93066666667</dst>
            <dst id="IPLSng">76882.808</dst>
            <dst id="KSCYng">20013.4746666667</dst>
            <dst id="LOSAng">51386.176</dst>
            <dst id="NYCMng">10741.9333333333</dst>
            <dst id="SNVAng">2947.8</dst>
            <dst id="STTLng">26505.216</dst>
            <dst id="WASHng">34077.3226666667</dst>
        </src>
        <src id="DNVRng">
            <dst id="ATLA-M5">359.069333333333</dst>
            <dst id="ATLAng">5048.72533333333</dst>
            <dst id="CHINng">45900.032</dst>
            <dst id="DNVRng">5346.032</dst>
            <dst id="HSTNng">6605.68266666667</dst>
            <dst id="IPLSng">13701.5226666667</dst>
            <dst id="KSCYng">9654.33866666667</dst>
            <dst id="LOSAng">16612.0213333333</dst>
            <dst id="NYCMng">6983.08</dst>
            <dst id="SNVAng">8554.28266666667</dst>
            <dst id="STTLng">24501.6986666667</dst>
            <dst id="WASHng">26803.512</dst>
        </src>
        <src id="HSTNng">
            <dst id="ATLA-M5">527.112</dst>
            <dst id="ATLAng">4098.04533333333</dst>
            <dst id="CHINng">10898.472</dst>
            <dst id="DNVRng">1399.58933333333</dst>
            <dst id="HSTNng">12886.9466666667</dst>
            <dst id="IPLSng">7401.38666666667</dst>
            <dst id="KSCYng">6909.29866666667</dst>
            <dst id="LOSAng">56059.904</dst>
            <dst id="NYCMng">2184.78133333333</dst>
            <dst id="SNVAng">136.709333333333</dst>
            <dst id="STTLng">7868.792</dst>
            <dst id="WASHng">5206.34666666667</dst>
        </src>
        <src id="IPLSng">
            <dst id="ATLA-M5">597.597333333333</dst>
            <dst id="ATLAng">10451.96</dst>
            <dst id="CHINng">53351.6666666667</dst>
            <dst id="DNVRng">7314.45866666666</dst>
            <dst id="HSTNng">3255.58666666667</dst>
            <dst id="IPLSng">45218.664</dst>
            <dst id="KSCYng">10629.5386666667</dst>
            <dst id="LOSAng">27398.2933333333</dst>
            <dst id="NYCMng">13830.4933333333</dst>
            <dst id="SNVAng">1045.48533333333</dst>
            <dst id="STTLng">34558.3573333333</dst>
            <dst id="WASHng">16980.2373333333</dst>
        </src>
        <src id="KSCYng">
            <dst id="ATLA-M5">615.552</dst>
            <dst id="ATLAng">7432.864</dst>
            <dst id="CHINng">22319.1146666667</dst>
            <dst id="DNVRng">7043.384</dst>
            <dst id="HSTNng">6861.944</dst>
            <dst id="IPLSng">22696.9626666667</dst>
            <dst id="KSCYng">10919.576</dst>
            <dst id="LOSAng">5888.256</dst>
            <dst id="NYCMng">4633.35466666667</dst>
            <dst id="SNVAng">2879.712</dst>
            <dst id="STTLng">9030.43466666667</dst>
            <dst id="WASHng">13482.6533333333</dst>
        </src>
        <src id="LOSAng">
            <dst id="ATLA-M5">239.021333333333</dst>
            <dst id="ATLAng">13389.6026666667</dst>
            <dst id="CHINng">6258285.33333333</dst>
            <dst id="DNVRng">23594.6613333333</dst>
            <dst id="HSTNng">16513.952</dst>
            <dst id="IPLSng">29183.648</dst>
            <dst id="KSCYng">16753.3626666667</dst>
            <dst id="LOSAng">15572.5706666667</dst>
            <dst id="NYCMng">46627.296</dst>
            <dst id="SNVAng">20668.224</dst>
            <dst id="STTLng">64082.9546666667</dst>
            <dst id="WASHng">50869.7946666667</dst>
        </src>
        <src id="NYCMng">
            <dst id="ATLA-M5">1206.95733333333</dst>
            <dst id="ATLAng">36565.36</dst>
            <dst id="CHINng">34368.6186666667</dst>
            <dst id="DNVRng">17443.1333333333</dst>
            <dst id="HSTNng">13950.896</dst>
            <dst id="IPLSng">22868.5573333333</dst>
            <dst id="KSCYng">16114.6</dst>
            <dst id="LOSAng">59344.064</dst>
            <dst id="NYCMng">90936.256</dst>
            <dst id="SNVAng">2674.37066666667</dst>
            <dst id="STTLng">38777.9173333333</dst>
            <dst id="WASHng">105598.474666667</dst>
        </src>
        <src id="SNVAng">
            <dst id="ATLA-M5">0</dst>
            <dst id="ATLAng">366.162666666667</dst>
            <dst id="CHINng">80</dst>
            <dst id="DNVRng">7973.27733333333</dst>
            <dst id="HSTNng">0</dst>
            <dst id="IPLSng">322.72</dst>
            <dst id="KSCYng">0</dst>
            <dst id="LOSAng">12580.6346666667</dst>
            <dst id="NYCMng">26.6666666666667</dst>
            <dst id="SNVAng">7388.61066666667</dst>
            <dst id="STTLng">14632.4106666667</dst>
            <dst id="WASHng">179.421333333333</dst>
        </src>
        <src id="STTLng">
            <dst id="ATLA-M5">884.530666666666</dst>
            <dst id="ATLAng">25056.1653333333</dst>
            <dst id="CHINng">26316.7626666667</dst>
            <dst id="DNVRng">12516.0266666667</dst>
            <dst id="HSTNng">6235.216</dst>
            <dst id="IPLSng">31914.5946666667</dst>
            <dst id="KSCYng">17118.9706666667</dst>
            <dst id="LOSAng">34548.9306666667</dst>
            <dst id="NYCMng">10756.5946666667</dst>
            <dst id="SNVAng">2880.95466666667</dst>
            <dst id="STTLng">19184.96</dst>
            <dst id="WASHng">43334.3226666667</dst>
        </src>
        <src id="WASHng">
            <dst id="ATLA-M5">5508.05066666667</dst>
            <dst id="ATLAng">77481.3226666667</dst>
            <dst id="CHINng">63743.7893333333</dst>
            <dst id="DNVRng">46437.7333333333</dst>
            <dst id="HSTNng">71318.3573333333</dst>
            <dst id="IPLSng">48544.632</dst>
            <dst id="KSCYng">19869.6186666667</dst>
            <dst id="LOSAng">86447.864</dst>
            <dst id="NYCMng">161198.026666667</dst>
            <dst id="SNVAng">3013.36533333333</dst>
            <dst id="STTLng">61362.024</dst>
            <dst id="WASHng">194173.578666667</dst>
        </src>
    </IntraTM>
</TrafficMatrixFile>
