<?xml version="1.0" encoding="ISO-8859-1" standalone="yes"?>
<TrafficMatrixFile xsi:noNamespaceSchemaLocation="http://totem.run.montefiore.ulg.ac.be/Schema/TrafficMatrix-v1_2.xsd" xmlns:xsi="http://www.w3.org/2001/XMLSchema-instance">
    <IntraTM ASID="11537">
        <src id="ATLA-M5">
            <dst id="ATLA-M5">0</dst>
            <dst id="ATLAng">209.517333333333</dst>
            <dst id="CHINng">575.818666666667</dst>
            <dst id="DNVRng">0</dst>
            <dst id="HSTNng">127.301333333333</dst>
            <dst id="IPLSng">408.818666666667</dst>
            <dst id="KSCYng">166.976</dst>
            <dst id="LOSAng">40</dst>
            <dst id="NYCMng">2007.48266666667</dst>
            <dst id="SNVAng">13.3333333333333</dst>
            <dst id="STTLng">316.474666666667</dst>
            <dst id="WASHng">1018.32</dst>
        </src>
        <src id="ATLAng">
            <dst id="ATLA-M5">303.053333333333</dst>
            <dst id="ATLAng">31664.736</dst>
            <dst id="CHINng">11535.2933333333</dst>
            <dst id="DNVRng">4900.088</dst>
            <dst id="HSTNng">1423.69333333333</dst>
            <dst id="IPLSng">12018.5333333333</dst>
            <dst id="KSCYng">1632.072</dst>
            <dst id="LOSAng">13559.0253333333</dst>
            <dst id="NYCMng">7959.59733333333</dst>
            <dst id="SNVAng">281.548</dst>
            <dst id="STTLng">7817.74666666667</dst>
            <dst id="WASHng">39300.7066666667</dst>
        </src>
        <src id="CHINng">
            <dst id="ATLA-M5">650.184</dst>
            <dst id="ATLAng">10683.2906666667</dst>
            <dst id="CHINng">135622.141333333</dst>
            <dst id="DNVRng">6481.12533333333</dst>
            <dst id="HSTNng">6635.20533333333</dst>
            <dst id="IPLSng">34370.3226666667</dst>
            <dst id="KSCYng">8907.84266666667</dst>
            <dst id="LOSAng">23330.1466666667</dst>
            <dst id="NYCMng">11020.9893333333</dst>
            <dst id="SNVAng">3480.02933333333</dst>
            <dst id="STTLng">15037.6506666667</dst>
            <dst id="WASHng">20566.9866666667</dst>
        </src>
        <src id="DNVRng">
            <dst id="ATLA-M5">120.96</dst>
            <dst id="ATLAng">2516.03466666667</dst>
            <dst id="CHINng">35696.8293333333</dst>
            <dst id="DNVRng">18571.656</dst>
            <dst id="HSTNng">12908.1066666667</dst>
            <dst id="IPLSng">8019.63466666667</dst>
            <dst id="KSCYng">24004.3013333333</dst>
            <dst id="LOSAng">10742.4746666667</dst>
            <dst id="NYCMng">9325.75466666667</dst>
            <dst id="SNVAng">8648.992</dst>
            <dst id="STTLng">12421.8613333333</dst>
            <dst id="WASHng">21984.6613333333</dst>
        </src>
        <src id="HSTNng">
            <dst id="ATLA-M5">4249.26933333333</dst>
            <dst id="ATLAng">3266.904</dst>
            <dst id="CHINng">15012.0933333333</dst>
            <dst id="DNVRng">654.048</dst>
            <dst id="HSTNng">10329.5466666667</dst>
            <dst id="IPLSng">1977.58666666667</dst>
            <dst id="KSCYng">9149.59466666667</dst>
            <dst id="LOSAng">2195.18933333333</dst>
            <dst id="NYCMng">3486.696</dst>
            <dst id="SNVAng">0</dst>
            <dst id="STTLng">4514.728</dst>
            <dst id="WASHng">16935.384</dst>
        </src>
        <src id="IPLSng">
            <dst id="ATLA-M5">172.128</dst>
            <dst id="ATLAng">6718.896</dst>
            <dst id="CHINng">52593.6826666667</dst>
            <dst id="DNVRng">6839.68266666667</dst>
            <dst id="HSTNng">823.258666666667</dst>
            <dst id="IPLSng">3898.51733333333</dst>
            <dst id="KSCYng">5878.912</dst>
            <dst id="LOSAng">12527.864</dst>
            <dst id="NYCMng">6770.17066666667</dst>
            <dst id="SNVAng">603.909333333333</dst>
            <dst id="STTLng">11545.6826666667</dst>
            <dst id="WASHng">15935.1066666667</dst>
        </src>
        <src id="KSCYng">
            <dst id="ATLA-M5">279.578666666667</dst>
            <dst id="ATLAng">5867.13866666667</dst>
            <dst id="CHINng">26999.9013333333</dst>
            <dst id="DNVRng">8096.48266666667</dst>
            <dst id="HSTNng">4032.352</dst>
            <dst id="IPLSng">13001.0026666667</dst>
            <dst id="KSCYng">12965.7413333333</dst>
            <dst id="LOSAng">3909.112</dst>
            <dst id="NYCMng">3971.056</dst>
            <dst id="SNVAng">1796.43466666667</dst>
            <dst id="STTLng">11312.1253333333</dst>
            <dst id="WASHng">7262.936</dst>
        </src>
        <src id="LOSAng">
            <dst id="ATLA-M5">0</dst>
            <dst id="ATLAng">10017.9733333333</dst>
            <dst id="CHINng">94243.2533333333</dst>
            <dst id="DNVRng">9608.072</dst>
            <dst id="HSTNng">1810.832</dst>
            <dst id="IPLSng">17152.4133333333</dst>
            <dst id="KSCYng">2081.55466666667</dst>
            <dst id="LOSAng">10039.3333333333</dst>
            <dst id="NYCMng">30004.3253333333</dst>
            <dst id="SNVAng">18604.4346666667</dst>
            <dst id="STTLng">39885.0986666667</dst>
            <dst id="WASHng">42567.3626666667</dst>
        </src>
        <src id="NYCMng">
            <dst id="ATLA-M5">918.808</dst>
            <dst id="ATLAng">22039.7466666667</dst>
            <dst id="CHINng">26411.0373333333</dst>
            <dst id="DNVRng">18783.472</dst>
            <dst id="HSTNng">8708.09333333333</dst>
            <dst id="IPLSng">16220.68</dst>
            <dst id="KSCYng">10863.848</dst>
            <dst id="LOSAng">39470.6133333333</dst>
            <dst id="NYCMng">91902.368</dst>
            <dst id="SNVAng">2008.704</dst>
            <dst id="STTLng">24834.248</dst>
            <dst id="WASHng">45320.3013333333</dst>
        </src>
        <src id="SNVAng">
            <dst id="ATLA-M5">0</dst>
            <dst id="ATLAng">0</dst>
            <dst id="CHINng">0</dst>
            <dst id="DNVRng">1619.47466666667</dst>
            <dst id="HSTNng">26.6666666666667</dst>
            <dst id="IPLSng">235.664</dst>
            <dst id="KSCYng">1151.36</dst>
            <dst id="LOSAng">4652.97333333333</dst>
            <dst id="NYCMng">160.826666666667</dst>
            <dst id="SNVAng">4667.76533333333</dst>
            <dst id="STTLng">11940.9093333333</dst>
            <dst id="WASHng">26.6666666666667</dst>
        </src>
        <src id="STTLng">
            <dst id="ATLA-M5">1344.592</dst>
            <dst id="ATLAng">10640.168</dst>
            <dst id="CHINng">40343.0933333333</dst>
            <dst id="DNVRng">4596.38933333333</dst>
            <dst id="HSTNng">2929.704</dst>
            <dst id="IPLSng">7756.62933333333</dst>
            <dst id="KSCYng">3280.43733333333</dst>
            <dst id="LOSAng">25862.048</dst>
            <dst id="NYCMng">6494.50666666667</dst>
            <dst id="SNVAng">1877.93066666667</dst>
            <dst id="STTLng">19620.4053333333</dst>
            <dst id="WASHng">14302.1786666667</dst>
        </src>
        <src id="WASHng">
            <dst id="ATLA-M5">499.226666666667</dst>
            <dst id="ATLAng">87677.2026666667</dst>
            <dst id="CHINng">98185.8453333333</dst>
            <dst id="DNVRng">61527.2293333333</dst>
            <dst id="HSTNng">56009.3786666667</dst>
            <dst id="IPLSng">34477.208</dst>
            <dst id="KSCYng">22413.352</dst>
            <dst id="LOSAng">78132.6906666666</dst>
            <dst id="NYCMng">170853.52</dst>
            <dst id="SNVAng">5068.29866666667</dst>
            <dst id="STTLng">35326.2266666667</dst>
            <dst id="WASHng">323370.64</dst>
        </src>
    </IntraTM>
</TrafficMatrixFile>
