<?xml version="1.0" encoding="ISO-8859-1" standalone="yes"?>
<TrafficMatrixFile xsi:noNamespaceSchemaLocation="http://totem.run.montefiore.ulg.ac.be/Schema/TrafficMatrix-v1_2.xsd" xmlns:xsi="http://www.w3.org/2001/XMLSchema-instance">
    <IntraTM ASID="11537">
        <src id="ATLA-M5">
            <dst id="ATLA-M5">53.3333333333333</dst>
            <dst id="ATLAng">560.608</dst>
            <dst id="CHINng">1328.57066666667</dst>
            <dst id="DNVRng">455.589333333333</dst>
            <dst id="HSTNng">724.736</dst>
            <dst id="IPLSng">1130.13333333333</dst>
            <dst id="KSCYng">681.962666666667</dst>
            <dst id="LOSAng">240.981333333333</dst>
            <dst id="NYCMng">1213.57866666667</dst>
            <dst id="SNVAng">187.648</dst>
            <dst id="STTLng">611.885333333333</dst>
            <dst id="WASHng">627.146666666667</dst>
        </src>
        <src id="ATLAng">
            <dst id="ATLA-M5">546.714666666667</dst>
            <dst id="ATLAng">41757.16</dst>
            <dst id="CHINng">18954.4426666667</dst>
            <dst id="DNVRng">1750.51466666667</dst>
            <dst id="HSTNng">2652.56266666667</dst>
            <dst id="IPLSng">20637.152</dst>
            <dst id="KSCYng">7574.13333333333</dst>
            <dst id="LOSAng">29562.216</dst>
            <dst id="NYCMng">13130.024</dst>
            <dst id="SNVAng">1068.68533333333</dst>
            <dst id="STTLng">8895.50666666667</dst>
            <dst id="WASHng">40645.472</dst>
        </src>
        <src id="CHINng">
            <dst id="ATLA-M5">1524.45866666667</dst>
            <dst id="ATLAng">29289.6853333333</dst>
            <dst id="CHINng">68586.056</dst>
            <dst id="DNVRng">28573.392</dst>
            <dst id="HSTNng">16283.552</dst>
            <dst id="IPLSng">66744.6106666667</dst>
            <dst id="KSCYng">15438.8106666667</dst>
            <dst id="LOSAng">65389.2853333333</dst>
            <dst id="NYCMng">11106.2773333333</dst>
            <dst id="SNVAng">3411.24533333333</dst>
            <dst id="STTLng">16048.384</dst>
            <dst id="WASHng">18790.8506666667</dst>
        </src>
        <src id="DNVRng">
            <dst id="ATLA-M5">327.736</dst>
            <dst id="ATLAng">3457.6</dst>
            <dst id="CHINng">143612.672</dst>
            <dst id="DNVRng">11705.3066666667</dst>
            <dst id="HSTNng">10638.1813333333</dst>
            <dst id="IPLSng">12445.632</dst>
            <dst id="KSCYng">17445.08</dst>
            <dst id="LOSAng">12462.08</dst>
            <dst id="NYCMng">5340.77066666667</dst>
            <dst id="SNVAng">12936.5573333333</dst>
            <dst id="STTLng">22963.4773333333</dst>
            <dst id="WASHng">17445.808</dst>
        </src>
        <src id="HSTNng">
            <dst id="ATLA-M5">3391.89066666667</dst>
            <dst id="ATLAng">6233.4</dst>
            <dst id="CHINng">12953.1973333333</dst>
            <dst id="DNVRng">1928.192</dst>
            <dst id="HSTNng">14140.968</dst>
            <dst id="IPLSng">3244.152</dst>
            <dst id="KSCYng">8189.36533333333</dst>
            <dst id="LOSAng">4082.392</dst>
            <dst id="NYCMng">2223.06933333333</dst>
            <dst id="SNVAng">105.450666666667</dst>
            <dst id="STTLng">4804.46133333333</dst>
            <dst id="WASHng">4747.86933333333</dst>
        </src>
        <src id="IPLSng">
            <dst id="ATLA-M5">812.685333333333</dst>
            <dst id="ATLAng">12454.5546666667</dst>
            <dst id="CHINng">39128.9413333333</dst>
            <dst id="DNVRng">6804.92</dst>
            <dst id="HSTNng">1590.96</dst>
            <dst id="IPLSng">29562.4346666667</dst>
            <dst id="KSCYng">8333.48</dst>
            <dst id="LOSAng">13711.1413333333</dst>
            <dst id="NYCMng">10712.3813333333</dst>
            <dst id="SNVAng">2483.056</dst>
            <dst id="STTLng">25506</dst>
            <dst id="WASHng">23604.032</dst>
        </src>
        <src id="KSCYng">
            <dst id="ATLA-M5">192.648</dst>
            <dst id="ATLAng">4847.04266666667</dst>
            <dst id="CHINng">21984.7546666667</dst>
            <dst id="DNVRng">9461</dst>
            <dst id="HSTNng">5922.50666666667</dst>
            <dst id="IPLSng">14139.296</dst>
            <dst id="KSCYng">9251.46133333334</dst>
            <dst id="LOSAng">6853.14933333333</dst>
            <dst id="NYCMng">7260.89066666667</dst>
            <dst id="SNVAng">2722.81866666667</dst>
            <dst id="STTLng">7795.504</dst>
            <dst id="WASHng">11319.3653333333</dst>
        </src>
        <src id="LOSAng">
            <dst id="ATLA-M5">163.637333333333</dst>
            <dst id="ATLAng">10937.9306666667</dst>
            <dst id="CHINng">6342145.06666667</dst>
            <dst id="DNVRng">19709.0053333333</dst>
            <dst id="HSTNng">4607.84533333333</dst>
            <dst id="IPLSng">20965.84</dst>
            <dst id="KSCYng">7957.10133333333</dst>
            <dst id="LOSAng">16527.4613333333</dst>
            <dst id="NYCMng">50415.0586666667</dst>
            <dst id="SNVAng">18189.2666666667</dst>
            <dst id="STTLng">65274.9626666667</dst>
            <dst id="WASHng">51132.6746666667</dst>
        </src>
        <src id="NYCMng">
            <dst id="ATLA-M5">1759.888</dst>
            <dst id="ATLAng">18397.6053333333</dst>
            <dst id="CHINng">32930.0986666667</dst>
            <dst id="DNVRng">14974.352</dst>
            <dst id="HSTNng">14503.9706666667</dst>
            <dst id="IPLSng">18003.696</dst>
            <dst id="KSCYng">16107.4186666667</dst>
            <dst id="LOSAng">65588.2986666667</dst>
            <dst id="NYCMng">109307.890666667</dst>
            <dst id="SNVAng">2081.392</dst>
            <dst id="STTLng">30119.672</dst>
            <dst id="WASHng">62926.136</dst>
        </src>
        <src id="SNVAng">
            <dst id="ATLA-M5">0</dst>
            <dst id="ATLAng">381.074666666667</dst>
            <dst id="CHINng">53.3333333333333</dst>
            <dst id="DNVRng">6736.17333333333</dst>
            <dst id="HSTNng">0</dst>
            <dst id="IPLSng">320.917333333333</dst>
            <dst id="KSCYng">0</dst>
            <dst id="LOSAng">8748.71733333333</dst>
            <dst id="NYCMng">58.3573333333333</dst>
            <dst id="SNVAng">7465.26133333333</dst>
            <dst id="STTLng">18369.3813333333</dst>
            <dst id="WASHng">141.653333333333</dst>
        </src>
        <src id="STTLng">
            <dst id="ATLA-M5">989.197333333333</dst>
            <dst id="ATLAng">17115.5706666667</dst>
            <dst id="CHINng">25649.288</dst>
            <dst id="DNVRng">12472.288</dst>
            <dst id="HSTNng">8813.736</dst>
            <dst id="IPLSng">21977.6666666667</dst>
            <dst id="KSCYng">13742.4613333333</dst>
            <dst id="LOSAng">37692.5786666667</dst>
            <dst id="NYCMng">9713.568</dst>
            <dst id="SNVAng">3883.58933333333</dst>
            <dst id="STTLng">25853.0906666667</dst>
            <dst id="WASHng">14148.696</dst>
        </src>
        <src id="WASHng">
            <dst id="ATLA-M5">3467.06133333333</dst>
            <dst id="ATLAng">88026.5146666667</dst>
            <dst id="CHINng">66662.2026666666</dst>
            <dst id="DNVRng">61965.8453333333</dst>
            <dst id="HSTNng">30147.1386666667</dst>
            <dst id="IPLSng">58973.7093333333</dst>
            <dst id="KSCYng">26856.4373333333</dst>
            <dst id="LOSAng">88427.336</dst>
            <dst id="NYCMng">147534.026666667</dst>
            <dst id="SNVAng">2422.79733333333</dst>
            <dst id="STTLng">56428.7253333333</dst>
            <dst id="WASHng">190641.208</dst>
        </src>
    </IntraTM>
</TrafficMatrixFile>
