<?xml version="1.0" encoding="ISO-8859-1" standalone="yes"?>
<TrafficMatrixFile xsi:noNamespaceSchemaLocation="http://totem.run.montefiore.ulg.ac.be/Schema/TrafficMatrix-v1_2.xsd" xmlns:xsi="http://www.w3.org/2001/XMLSchema-instance">
    <IntraTM ASID="11537">
        <src id="ATLA-M5">
            <dst id="ATLA-M5">243.829333333333</dst>
            <dst id="ATLAng">644.128</dst>
            <dst id="CHINng">2091.744</dst>
            <dst id="DNVRng">165.506666666667</dst>
            <dst id="HSTNng">972.504</dst>
            <dst id="IPLSng">489.637333333333</dst>
            <dst id="KSCYng">378.042666666667</dst>
            <dst id="LOSAng">139.904</dst>
            <dst id="NYCMng">884.2</dst>
            <dst id="SNVAng">13.3333333333333</dst>
            <dst id="STTLng">1446.71733333333</dst>
            <dst id="WASHng">2161.97333333333</dst>
        </src>
        <src id="ATLAng">
            <dst id="ATLA-M5">2392.83733333333</dst>
            <dst id="ATLAng">41598.256</dst>
            <dst id="CHINng">26974.576</dst>
            <dst id="DNVRng">12453.128</dst>
            <dst id="HSTNng">29678.752</dst>
            <dst id="IPLSng">21994.112</dst>
            <dst id="KSCYng">13444.976</dst>
            <dst id="LOSAng">15741.848</dst>
            <dst id="NYCMng">20669.0106666667</dst>
            <dst id="SNVAng">1450.06666666667</dst>
            <dst id="STTLng">21430.5546666667</dst>
            <dst id="WASHng">53032.8586666667</dst>
        </src>
        <src id="CHINng">
            <dst id="ATLA-M5">2551.57066666667</dst>
            <dst id="ATLAng">48365.76</dst>
            <dst id="CHINng">116665.794666667</dst>
            <dst id="DNVRng">14432.1013333333</dst>
            <dst id="HSTNng">21247.2</dst>
            <dst id="IPLSng">92486.1146666667</dst>
            <dst id="KSCYng">24901.1973333333</dst>
            <dst id="LOSAng">166858.517333333</dst>
            <dst id="NYCMng">16766.3973333333</dst>
            <dst id="SNVAng">6348.232</dst>
            <dst id="STTLng">41059.7626666667</dst>
            <dst id="WASHng">32501.8346666667</dst>
        </src>
        <src id="DNVRng">
            <dst id="ATLA-M5">176.64</dst>
            <dst id="ATLAng">12421.664</dst>
            <dst id="CHINng">50791.152</dst>
            <dst id="DNVRng">13666.28</dst>
            <dst id="HSTNng">21917.4586666667</dst>
            <dst id="IPLSng">25567.488</dst>
            <dst id="KSCYng">24563.5706666667</dst>
            <dst id="LOSAng">17328.8026666667</dst>
            <dst id="NYCMng">8465.33066666667</dst>
            <dst id="SNVAng">13013.9386666667</dst>
            <dst id="STTLng">33122.2</dst>
            <dst id="WASHng">27378.3626666667</dst>
        </src>
        <src id="HSTNng">
            <dst id="ATLA-M5">728.816</dst>
            <dst id="ATLAng">14617.28</dst>
            <dst id="CHINng">20851.1626666667</dst>
            <dst id="DNVRng">3494.74133333333</dst>
            <dst id="HSTNng">22413.6293333333</dst>
            <dst id="IPLSng">5885.58666666667</dst>
            <dst id="KSCYng">11302.448</dst>
            <dst id="LOSAng">4653.66933333333</dst>
            <dst id="NYCMng">4624.61866666667</dst>
            <dst id="SNVAng">833.52</dst>
            <dst id="STTLng">15016.992</dst>
            <dst id="WASHng">11237.152</dst>
        </src>
        <src id="IPLSng">
            <dst id="ATLA-M5">809.92</dst>
            <dst id="ATLAng">17884.9173333333</dst>
            <dst id="CHINng">112131.712</dst>
            <dst id="DNVRng">16758.0693333333</dst>
            <dst id="HSTNng">13104.4186666667</dst>
            <dst id="IPLSng">23331.1306666667</dst>
            <dst id="KSCYng">13917.0986666667</dst>
            <dst id="LOSAng">20869.3466666667</dst>
            <dst id="NYCMng">23805.1573333333</dst>
            <dst id="SNVAng">4964.128</dst>
            <dst id="STTLng">30588.6053333333</dst>
            <dst id="WASHng">45649.7813333333</dst>
        </src>
        <src id="KSCYng">
            <dst id="ATLA-M5">636.405333333333</dst>
            <dst id="ATLAng">9717.78933333334</dst>
            <dst id="CHINng">35641.376</dst>
            <dst id="DNVRng">10198.4853333333</dst>
            <dst id="HSTNng">5164.00266666667</dst>
            <dst id="IPLSng">24624.0133333333</dst>
            <dst id="KSCYng">24677.528</dst>
            <dst id="LOSAng">4850.94666666667</dst>
            <dst id="NYCMng">12934.8693333333</dst>
            <dst id="SNVAng">3626.12266666667</dst>
            <dst id="STTLng">16889.584</dst>
            <dst id="WASHng">18233.8</dst>
        </src>
        <src id="LOSAng">
            <dst id="ATLA-M5">222.677333333333</dst>
            <dst id="ATLAng">24655.1306666667</dst>
            <dst id="CHINng">140637.024</dst>
            <dst id="DNVRng">16062.2506666667</dst>
            <dst id="HSTNng">13959.1066666667</dst>
            <dst id="IPLSng">20332.9653333333</dst>
            <dst id="KSCYng">20717.8266666667</dst>
            <dst id="LOSAng">7104.832</dst>
            <dst id="NYCMng">40321.8106666667</dst>
            <dst id="SNVAng">28144.1093333333</dst>
            <dst id="STTLng">70484.5733333333</dst>
            <dst id="WASHng">97204.624</dst>
        </src>
        <src id="NYCMng">
            <dst id="ATLA-M5">1315.432</dst>
            <dst id="ATLAng">47702.0693333333</dst>
            <dst id="CHINng">43627.992</dst>
            <dst id="DNVRng">20311.128</dst>
            <dst id="HSTNng">24130.6026666667</dst>
            <dst id="IPLSng">57646.2533333333</dst>
            <dst id="KSCYng">21505.0453333333</dst>
            <dst id="LOSAng">66552.8613333333</dst>
            <dst id="NYCMng">175655.682666667</dst>
            <dst id="SNVAng">10556.84</dst>
            <dst id="STTLng">23843.6186666667</dst>
            <dst id="WASHng">127972.405333333</dst>
        </src>
        <src id="SNVAng">
            <dst id="ATLA-M5">26.6666666666667</dst>
            <dst id="ATLAng">76.7413333333333</dst>
            <dst id="CHINng">112.104</dst>
            <dst id="DNVRng">9372.80266666667</dst>
            <dst id="HSTNng">80</dst>
            <dst id="IPLSng">586.482666666667</dst>
            <dst id="KSCYng">281.224</dst>
            <dst id="LOSAng">8534.38666666667</dst>
            <dst id="NYCMng">144.336</dst>
            <dst id="SNVAng">10984.896</dst>
            <dst id="STTLng">25011.5626666667</dst>
            <dst id="WASHng">273.397333333333</dst>
        </src>
        <src id="STTLng">
            <dst id="ATLA-M5">3438.808</dst>
            <dst id="ATLAng">77987.8186666667</dst>
            <dst id="CHINng">101929.261333333</dst>
            <dst id="DNVRng">49286.3946666667</dst>
            <dst id="HSTNng">51653.0426666667</dst>
            <dst id="IPLSng">101689.88</dst>
            <dst id="KSCYng">70827.7066666667</dst>
            <dst id="LOSAng">24065.5146666667</dst>
            <dst id="NYCMng">32341.904</dst>
            <dst id="SNVAng">11244.0506666667</dst>
            <dst id="STTLng">37573.8</dst>
            <dst id="WASHng">112355.213333333</dst>
        </src>
        <src id="WASHng">
            <dst id="ATLA-M5">3062.92266666667</dst>
            <dst id="ATLAng">151863.144</dst>
            <dst id="CHINng">116215.608</dst>
            <dst id="DNVRng">119095.498666667</dst>
            <dst id="HSTNng">49448.48</dst>
            <dst id="IPLSng">103997.637333333</dst>
            <dst id="KSCYng">23489.0133333333</dst>
            <dst id="LOSAng">80153.584</dst>
            <dst id="NYCMng">214638.805333333</dst>
            <dst id="SNVAng">4242.98933333333</dst>
            <dst id="STTLng">67274.104</dst>
            <dst id="WASHng">322737.733333333</dst>
        </src>
    </IntraTM>
</TrafficMatrixFile>
