<?xml version="1.0" encoding="ISO-8859-1" standalone="yes"?>
<TrafficMatrixFile xsi:noNamespaceSchemaLocation="http://totem.run.montefiore.ulg.ac.be/Schema/TrafficMatrix-v1_2.xsd" xmlns:xsi="http://www.w3.org/2001/XMLSchema-instance">
    <IntraTM ASID="11537">
        <src id="ATLA-M5">
            <dst id="ATLA-M5">53.3333333333333</dst>
            <dst id="ATLAng">381.114666666667</dst>
            <dst id="CHINng">1352.048</dst>
            <dst id="DNVRng">134.845333333333</dst>
            <dst id="HSTNng">318.794666666667</dst>
            <dst id="IPLSng">1011.13066666667</dst>
            <dst id="KSCYng">385.36</dst>
            <dst id="LOSAng">26.6666666666667</dst>
            <dst id="NYCMng">1693.49333333333</dst>
            <dst id="SNVAng">0</dst>
            <dst id="STTLng">705.885333333333</dst>
            <dst id="WASHng">699.362666666667</dst>
        </src>
        <src id="ATLAng">
            <dst id="ATLA-M5">624.250666666667</dst>
            <dst id="ATLAng">39625.048</dst>
            <dst id="CHINng">33868.568</dst>
            <dst id="DNVRng">5603.064</dst>
            <dst id="HSTNng">4703.09333333333</dst>
            <dst id="IPLSng">17013.8986666667</dst>
            <dst id="KSCYng">14643.2586666667</dst>
            <dst id="LOSAng">13285.4826666667</dst>
            <dst id="NYCMng">8683.03733333334</dst>
            <dst id="SNVAng">2521.41333333333</dst>
            <dst id="STTLng">7906.17066666667</dst>
            <dst id="WASHng">42229.816</dst>
        </src>
        <src id="CHINng">
            <dst id="ATLA-M5">1045.68533333333</dst>
            <dst id="ATLAng">34444.728</dst>
            <dst id="CHINng">106736.250666667</dst>
            <dst id="DNVRng">20614.0933333333</dst>
            <dst id="HSTNng">9104.64</dst>
            <dst id="IPLSng">55649.136</dst>
            <dst id="KSCYng">22074.9306666667</dst>
            <dst id="LOSAng">52611.8533333333</dst>
            <dst id="NYCMng">15442.1813333333</dst>
            <dst id="SNVAng">3419.28</dst>
            <dst id="STTLng">21606.1626666667</dst>
            <dst id="WASHng">22475.3946666667</dst>
        </src>
        <src id="DNVRng">
            <dst id="ATLA-M5">842.805333333334</dst>
            <dst id="ATLAng">4467.92</dst>
            <dst id="CHINng">28322.4373333333</dst>
            <dst id="DNVRng">16384.784</dst>
            <dst id="HSTNng">14768.0826666667</dst>
            <dst id="IPLSng">12062.0613333333</dst>
            <dst id="KSCYng">11211.0933333333</dst>
            <dst id="LOSAng">7873.29333333333</dst>
            <dst id="NYCMng">6722.28533333333</dst>
            <dst id="SNVAng">4870.10666666667</dst>
            <dst id="STTLng">29968.32</dst>
            <dst id="WASHng">20258.288</dst>
        </src>
        <src id="HSTNng">
            <dst id="ATLA-M5">2284.25333333333</dst>
            <dst id="ATLAng">6090.21066666667</dst>
            <dst id="CHINng">10558.3813333333</dst>
            <dst id="DNVRng">1505.98666666667</dst>
            <dst id="HSTNng">21645.288</dst>
            <dst id="IPLSng">3834.632</dst>
            <dst id="KSCYng">6863.968</dst>
            <dst id="LOSAng">3773.57866666667</dst>
            <dst id="NYCMng">2910.77066666667</dst>
            <dst id="SNVAng">0</dst>
            <dst id="STTLng">5205.39466666667</dst>
            <dst id="WASHng">14437.6426666667</dst>
        </src>
        <src id="IPLSng">
            <dst id="ATLA-M5">411.52</dst>
            <dst id="ATLAng">12321.5306666667</dst>
            <dst id="CHINng">84668.4</dst>
            <dst id="DNVRng">8112.832</dst>
            <dst id="HSTNng">2735.98933333333</dst>
            <dst id="IPLSng">36385.52</dst>
            <dst id="KSCYng">9476.21066666666</dst>
            <dst id="LOSAng">11976.6906666667</dst>
            <dst id="NYCMng">7736.296</dst>
            <dst id="SNVAng">1242.416</dst>
            <dst id="STTLng">20151.0986666667</dst>
            <dst id="WASHng">12609.816</dst>
        </src>
        <src id="KSCYng">
            <dst id="ATLA-M5">261.437333333333</dst>
            <dst id="ATLAng">9541.00266666667</dst>
            <dst id="CHINng">22858.672</dst>
            <dst id="DNVRng">9502.94933333333</dst>
            <dst id="HSTNng">3801.056</dst>
            <dst id="IPLSng">14684.5866666667</dst>
            <dst id="KSCYng">6157.14666666667</dst>
            <dst id="LOSAng">6661.73066666667</dst>
            <dst id="NYCMng">7845.37066666667</dst>
            <dst id="SNVAng">2396.152</dst>
            <dst id="STTLng">8766.04</dst>
            <dst id="WASHng">12758.12</dst>
        </src>
        <src id="LOSAng">
            <dst id="ATLA-M5">184.573333333333</dst>
            <dst id="ATLAng">11984.4346666667</dst>
            <dst id="CHINng">75145.1466666667</dst>
            <dst id="DNVRng">26980.672</dst>
            <dst id="HSTNng">7726.54933333333</dst>
            <dst id="IPLSng">47641.1333333333</dst>
            <dst id="KSCYng">7528.816</dst>
            <dst id="LOSAng">19281.368</dst>
            <dst id="NYCMng">33933.1733333333</dst>
            <dst id="SNVAng">19166.152</dst>
            <dst id="STTLng">55579.5146666667</dst>
            <dst id="WASHng">58702.8133333333</dst>
        </src>
        <src id="NYCMng">
            <dst id="ATLA-M5">1427.42133333333</dst>
            <dst id="ATLAng">31204.3386666667</dst>
            <dst id="CHINng">38890.5093333333</dst>
            <dst id="DNVRng">19785.2426666667</dst>
            <dst id="HSTNng">9871.92533333333</dst>
            <dst id="IPLSng">35870.2133333333</dst>
            <dst id="KSCYng">12508.864</dst>
            <dst id="LOSAng">77081.776</dst>
            <dst id="NYCMng">80252.7573333333</dst>
            <dst id="SNVAng">2286.50666666667</dst>
            <dst id="STTLng">24218.528</dst>
            <dst id="WASHng">72154.5386666667</dst>
        </src>
        <src id="SNVAng">
            <dst id="ATLA-M5">0</dst>
            <dst id="ATLAng">577.792</dst>
            <dst id="CHINng">53.3333333333333</dst>
            <dst id="DNVRng">2421.76</dst>
            <dst id="HSTNng">0</dst>
            <dst id="IPLSng">423.194666666667</dst>
            <dst id="KSCYng">0</dst>
            <dst id="LOSAng">10781.216</dst>
            <dst id="NYCMng">206.709333333333</dst>
            <dst id="SNVAng">7342.59733333333</dst>
            <dst id="STTLng">19027.96</dst>
            <dst id="WASHng">26.6666666666667</dst>
        </src>
        <src id="STTLng">
            <dst id="ATLA-M5">1266.57333333333</dst>
            <dst id="ATLAng">14804.696</dst>
            <dst id="CHINng">27499.424</dst>
            <dst id="DNVRng">12629.1093333333</dst>
            <dst id="HSTNng">7837.256</dst>
            <dst id="IPLSng">18104.616</dst>
            <dst id="KSCYng">10779.304</dst>
            <dst id="LOSAng">36842.0053333333</dst>
            <dst id="NYCMng">10779.5946666667</dst>
            <dst id="SNVAng">10231.744</dst>
            <dst id="STTLng">19283.88</dst>
            <dst id="WASHng">25867.776</dst>
        </src>
        <src id="WASHng">
            <dst id="ATLA-M5">4494.992</dst>
            <dst id="ATLAng">88132.832</dst>
            <dst id="CHINng">53972.4053333333</dst>
            <dst id="DNVRng">48186.408</dst>
            <dst id="HSTNng">33940.584</dst>
            <dst id="IPLSng">46294.9333333333</dst>
            <dst id="KSCYng">20276.224</dst>
            <dst id="LOSAng">75853.0186666667</dst>
            <dst id="NYCMng">115372.92</dst>
            <dst id="SNVAng">6631.272</dst>
            <dst id="STTLng">49858.6746666667</dst>
            <dst id="WASHng">232604.045333333</dst>
        </src>
    </IntraTM>
</TrafficMatrixFile>
