<?xml version="1.0" encoding="ISO-8859-1" standalone="yes"?>
<TrafficMatrixFile xsi:noNamespaceSchemaLocation="http://totem.run.montefiore.ulg.ac.be/Schema/TrafficMatrix-v1_2.xsd" xmlns:xsi="http://www.w3.org/2001/XMLSchema-instance">
    <IntraTM ASID="11537">
        <src id="ATLA-M5">
            <dst id="ATLA-M5">0</dst>
            <dst id="ATLAng">53.3333333333333</dst>
            <dst id="CHINng">1214.73333333333</dst>
            <dst id="DNVRng">0</dst>
            <dst id="HSTNng">26.6666666666667</dst>
            <dst id="IPLSng">443.010666666667</dst>
            <dst id="KSCYng">53.3333333333333</dst>
            <dst id="LOSAng">26.6666666666667</dst>
            <dst id="NYCMng">53.3333333333333</dst>
            <dst id="SNVAng">55.5893333333333</dst>
            <dst id="STTLng">256.173333333333</dst>
            <dst id="WASHng">2142.42933333333</dst>
        </src>
        <src id="ATLAng">
            <dst id="ATLA-M5">269.621333333333</dst>
            <dst id="ATLAng">35431.528</dst>
            <dst id="CHINng">9274.61333333333</dst>
            <dst id="DNVRng">3663.024</dst>
            <dst id="HSTNng">1775.37333333333</dst>
            <dst id="IPLSng">14411.0506666667</dst>
            <dst id="KSCYng">1593.33866666667</dst>
            <dst id="LOSAng">19747.0773333333</dst>
            <dst id="NYCMng">7614.11466666667</dst>
            <dst id="SNVAng">1013.31466666667</dst>
            <dst id="STTLng">7801.744</dst>
            <dst id="WASHng">51581.8266666667</dst>
        </src>
        <src id="CHINng">
            <dst id="ATLA-M5">1680.95733333333</dst>
            <dst id="ATLAng">17150.008</dst>
            <dst id="CHINng">101306.917333333</dst>
            <dst id="DNVRng">14044.312</dst>
            <dst id="HSTNng">7587.904</dst>
            <dst id="IPLSng">38687.7786666667</dst>
            <dst id="KSCYng">8755.18666666667</dst>
            <dst id="LOSAng">36053.0053333333</dst>
            <dst id="NYCMng">8230.048</dst>
            <dst id="SNVAng">3430.26133333333</dst>
            <dst id="STTLng">15440.68</dst>
            <dst id="WASHng">12624.344</dst>
        </src>
        <src id="DNVRng">
            <dst id="ATLA-M5">110.88</dst>
            <dst id="ATLAng">2113.92533333333</dst>
            <dst id="CHINng">37452.6906666667</dst>
            <dst id="DNVRng">14079.5733333333</dst>
            <dst id="HSTNng">14220.368</dst>
            <dst id="IPLSng">28178.68</dst>
            <dst id="KSCYng">21938.2346666667</dst>
            <dst id="LOSAng">34148.9226666667</dst>
            <dst id="NYCMng">5026.88</dst>
            <dst id="SNVAng">12185.7946666667</dst>
            <dst id="STTLng">15805.6213333333</dst>
            <dst id="WASHng">18404.0986666667</dst>
        </src>
        <src id="HSTNng">
            <dst id="ATLA-M5">3220.33866666667</dst>
            <dst id="ATLAng">3280.584</dst>
            <dst id="CHINng">16184.344</dst>
            <dst id="DNVRng">850.416</dst>
            <dst id="HSTNng">5029.25333333333</dst>
            <dst id="IPLSng">2219.24266666667</dst>
            <dst id="KSCYng">9034.31466666667</dst>
            <dst id="LOSAng">1978.78133333333</dst>
            <dst id="NYCMng">2153.71733333333</dst>
            <dst id="SNVAng">202.152</dst>
            <dst id="STTLng">2939.40266666667</dst>
            <dst id="WASHng">2347.264</dst>
        </src>
        <src id="IPLSng">
            <dst id="ATLA-M5">301.293333333333</dst>
            <dst id="ATLAng">5986.392</dst>
            <dst id="CHINng">75687.1973333333</dst>
            <dst id="DNVRng">6077.824</dst>
            <dst id="HSTNng">279.818666666667</dst>
            <dst id="IPLSng">23475.352</dst>
            <dst id="KSCYng">10377.5466666667</dst>
            <dst id="LOSAng">10138.3093333333</dst>
            <dst id="NYCMng">5417.20533333333</dst>
            <dst id="SNVAng">314.208</dst>
            <dst id="STTLng">22427.0986666667</dst>
            <dst id="WASHng">13642.2453333333</dst>
        </src>
        <src id="KSCYng">
            <dst id="ATLA-M5">56.2666666666667</dst>
            <dst id="ATLAng">5186.2</dst>
            <dst id="CHINng">20790.416</dst>
            <dst id="DNVRng">6491.64</dst>
            <dst id="HSTNng">14403.5013333333</dst>
            <dst id="IPLSng">11941.576</dst>
            <dst id="KSCYng">13374.6986666667</dst>
            <dst id="LOSAng">5658.208</dst>
            <dst id="NYCMng">2801.70933333333</dst>
            <dst id="SNVAng">2508.82133333333</dst>
            <dst id="STTLng">5646.072</dst>
            <dst id="WASHng">9340.128</dst>
        </src>
        <src id="LOSAng">
            <dst id="ATLA-M5">313.885333333333</dst>
            <dst id="ATLAng">8425.08</dst>
            <dst id="CHINng">108692.48</dst>
            <dst id="DNVRng">6611.37333333333</dst>
            <dst id="HSTNng">4073.42133333333</dst>
            <dst id="IPLSng">9985.39733333333</dst>
            <dst id="KSCYng">2453.46133333333</dst>
            <dst id="LOSAng">9091.97333333333</dst>
            <dst id="NYCMng">45626.672</dst>
            <dst id="SNVAng">20687.248</dst>
            <dst id="STTLng">52440.7173333333</dst>
            <dst id="WASHng">43471.6426666667</dst>
        </src>
        <src id="NYCMng">
            <dst id="ATLA-M5">360.117333333333</dst>
            <dst id="ATLAng">35575.2853333333</dst>
            <dst id="CHINng">24941.6986666667</dst>
            <dst id="DNVRng">9368.608</dst>
            <dst id="HSTNng">3579.776</dst>
            <dst id="IPLSng">14622.2826666667</dst>
            <dst id="KSCYng">4576.43466666667</dst>
            <dst id="LOSAng">64266.6586666667</dst>
            <dst id="NYCMng">98733.9573333333</dst>
            <dst id="SNVAng">1436.65866666667</dst>
            <dst id="STTLng">33398.1786666667</dst>
            <dst id="WASHng">40258.4346666667</dst>
        </src>
        <src id="SNVAng">
            <dst id="ATLA-M5">0</dst>
            <dst id="ATLAng">345.568</dst>
            <dst id="CHINng">0</dst>
            <dst id="DNVRng">2030.47733333333</dst>
            <dst id="HSTNng">53.3333333333333</dst>
            <dst id="IPLSng">307.269333333333</dst>
            <dst id="KSCYng">60.1813333333333</dst>
            <dst id="LOSAng">6651.20266666667</dst>
            <dst id="NYCMng">36.656</dst>
            <dst id="SNVAng">8880.392</dst>
            <dst id="STTLng">10639.128</dst>
            <dst id="WASHng">80</dst>
        </src>
        <src id="STTLng">
            <dst id="ATLA-M5">267.165333333333</dst>
            <dst id="ATLAng">12985.384</dst>
            <dst id="CHINng">29437.0186666667</dst>
            <dst id="DNVRng">3158.27733333333</dst>
            <dst id="HSTNng">2267.69066666667</dst>
            <dst id="IPLSng">12378.584</dst>
            <dst id="KSCYng">4452.75733333333</dst>
            <dst id="LOSAng">32883.416</dst>
            <dst id="NYCMng">9811.32533333333</dst>
            <dst id="SNVAng">3946.26133333333</dst>
            <dst id="STTLng">18703.6773333333</dst>
            <dst id="WASHng">12520.464</dst>
        </src>
        <src id="WASHng">
            <dst id="ATLA-M5">563.032</dst>
            <dst id="ATLAng">123128.997333333</dst>
            <dst id="CHINng">61929.3573333333</dst>
            <dst id="DNVRng">77373.1386666667</dst>
            <dst id="HSTNng">22255.5706666667</dst>
            <dst id="IPLSng">31364.4293333333</dst>
            <dst id="KSCYng">25362.9386666667</dst>
            <dst id="LOSAng">55077.8373333333</dst>
            <dst id="NYCMng">136004.021333333</dst>
            <dst id="SNVAng">1212.26933333333</dst>
            <dst id="STTLng">42182.824</dst>
            <dst id="WASHng">240293.333333333</dst>
        </src>
    </IntraTM>
</TrafficMatrixFile>
