<?xml version="1.0" encoding="ISO-8859-1" standalone="yes"?>
<TrafficMatrixFile xsi:noNamespaceSchemaLocation="http://totem.run.montefiore.ulg.ac.be/Schema/TrafficMatrix-v1_2.xsd" xmlns:xsi="http://www.w3.org/2001/XMLSchema-instance">
    <IntraTM ASID="11537">
        <src id="ATLA-M5">
            <dst id="ATLA-M5">90.2346666666667</dst>
            <dst id="ATLAng">785.085333333333</dst>
            <dst id="CHINng">2512.22133333333</dst>
            <dst id="DNVRng">197.824</dst>
            <dst id="HSTNng">382.093333333333</dst>
            <dst id="IPLSng">915.568</dst>
            <dst id="KSCYng">317.938666666667</dst>
            <dst id="LOSAng">85.152</dst>
            <dst id="NYCMng">1186.936</dst>
            <dst id="SNVAng">0</dst>
            <dst id="STTLng">606.541333333333</dst>
            <dst id="WASHng">1427.67733333333</dst>
        </src>
        <src id="ATLAng">
            <dst id="ATLA-M5">667.296</dst>
            <dst id="ATLAng">37422.7386666667</dst>
            <dst id="CHINng">20401.248</dst>
            <dst id="DNVRng">4307.79466666667</dst>
            <dst id="HSTNng">3908.52533333333</dst>
            <dst id="IPLSng">21519.5706666667</dst>
            <dst id="KSCYng">5257.42933333333</dst>
            <dst id="LOSAng">23364.6333333333</dst>
            <dst id="NYCMng">11275.568</dst>
            <dst id="SNVAng">1047.988</dst>
            <dst id="STTLng">10200.6186666667</dst>
            <dst id="WASHng">36665.376</dst>
        </src>
        <src id="CHINng">
            <dst id="ATLA-M5">556.696</dst>
            <dst id="ATLAng">30714.856</dst>
            <dst id="CHINng">64685.968</dst>
            <dst id="DNVRng">25846.0133333333</dst>
            <dst id="HSTNng">13893.3493333333</dst>
            <dst id="IPLSng">86509.7466666667</dst>
            <dst id="KSCYng">14909.4106666667</dst>
            <dst id="LOSAng">42910.728</dst>
            <dst id="NYCMng">9228.992</dst>
            <dst id="SNVAng">3453.96533333333</dst>
            <dst id="STTLng">19507.6453333333</dst>
            <dst id="WASHng">31560.0106666667</dst>
        </src>
        <src id="DNVRng">
            <dst id="ATLA-M5">705.237333333333</dst>
            <dst id="ATLAng">4553.14666666667</dst>
            <dst id="CHINng">97917.384</dst>
            <dst id="DNVRng">8767.83733333333</dst>
            <dst id="HSTNng">11249.512</dst>
            <dst id="IPLSng">12698.0533333333</dst>
            <dst id="KSCYng">21359.3573333333</dst>
            <dst id="LOSAng">10641.168</dst>
            <dst id="NYCMng">11184.8906666667</dst>
            <dst id="SNVAng">8847.888</dst>
            <dst id="STTLng">25903.0746666667</dst>
            <dst id="WASHng">16719.6</dst>
        </src>
        <src id="HSTNng">
            <dst id="ATLA-M5">314.752</dst>
            <dst id="ATLAng">9752.6</dst>
            <dst id="CHINng">12389.2506666667</dst>
            <dst id="DNVRng">2468.8</dst>
            <dst id="HSTNng">14416.9226666667</dst>
            <dst id="IPLSng">2689.56266666667</dst>
            <dst id="KSCYng">8813.15466666667</dst>
            <dst id="LOSAng">3237.18666666667</dst>
            <dst id="NYCMng">2567.24533333333</dst>
            <dst id="SNVAng">245.376</dst>
            <dst id="STTLng">4879.37333333333</dst>
            <dst id="WASHng">6296.85066666667</dst>
        </src>
        <src id="IPLSng">
            <dst id="ATLA-M5">1189.06666666667</dst>
            <dst id="ATLAng">13686.0746666667</dst>
            <dst id="CHINng">52529.248</dst>
            <dst id="DNVRng">6444.27733333333</dst>
            <dst id="HSTNng">1854.79466666667</dst>
            <dst id="IPLSng">53405.176</dst>
            <dst id="KSCYng">11675.7493333333</dst>
            <dst id="LOSAng">14874.7466666667</dst>
            <dst id="NYCMng">4643.05866666667</dst>
            <dst id="SNVAng">703.946666666667</dst>
            <dst id="STTLng">29177.4506666667</dst>
            <dst id="WASHng">15823.5786666667</dst>
        </src>
        <src id="KSCYng">
            <dst id="ATLA-M5">380.130666666667</dst>
            <dst id="ATLAng">5347.66133333333</dst>
            <dst id="CHINng">19614.5893333333</dst>
            <dst id="DNVRng">6496.89066666666</dst>
            <dst id="HSTNng">6470.96533333333</dst>
            <dst id="IPLSng">16847.3306666667</dst>
            <dst id="KSCYng">10803.88</dst>
            <dst id="LOSAng">5880.80266666667</dst>
            <dst id="NYCMng">3415.14133333333</dst>
            <dst id="SNVAng">2924.248</dst>
            <dst id="STTLng">9338.55733333333</dst>
            <dst id="WASHng">12528.6613333333</dst>
        </src>
        <src id="LOSAng">
            <dst id="ATLA-M5">205.12</dst>
            <dst id="ATLAng">14148.2213333333</dst>
            <dst id="CHINng">7085250.66666667</dst>
            <dst id="DNVRng">41996.9546666667</dst>
            <dst id="HSTNng">5803.856</dst>
            <dst id="IPLSng">26659.1066666667</dst>
            <dst id="KSCYng">5732.576</dst>
            <dst id="LOSAng">14331.5226666667</dst>
            <dst id="NYCMng">45897.0106666667</dst>
            <dst id="SNVAng">20984.1173333333</dst>
            <dst id="STTLng">58433.56</dst>
            <dst id="WASHng">46789.9973333333</dst>
        </src>
        <src id="NYCMng">
            <dst id="ATLA-M5">1305.99733333333</dst>
            <dst id="ATLAng">26545.3413333333</dst>
            <dst id="CHINng">31604.3573333333</dst>
            <dst id="DNVRng">17435.7466666667</dst>
            <dst id="HSTNng">17408.8346666667</dst>
            <dst id="IPLSng">19137.3413333333</dst>
            <dst id="KSCYng">12313.48</dst>
            <dst id="LOSAng">60620.0453333333</dst>
            <dst id="NYCMng">86519.976</dst>
            <dst id="SNVAng">2211.98666666667</dst>
            <dst id="STTLng">35929.8933333333</dst>
            <dst id="WASHng">58911.1093333333</dst>
        </src>
        <src id="SNVAng">
            <dst id="ATLA-M5">0</dst>
            <dst id="ATLAng">334.586666666667</dst>
            <dst id="CHINng">26.6666666666667</dst>
            <dst id="DNVRng">5007.888</dst>
            <dst id="HSTNng">0</dst>
            <dst id="IPLSng">326.248</dst>
            <dst id="KSCYng">26.6666666666667</dst>
            <dst id="LOSAng">7958.95733333333</dst>
            <dst id="NYCMng">56.2133333333333</dst>
            <dst id="SNVAng">8069.51466666667</dst>
            <dst id="STTLng">17593.6453333333</dst>
            <dst id="WASHng">26.6666666666667</dst>
        </src>
        <src id="STTLng">
            <dst id="ATLA-M5">1056.83733333333</dst>
            <dst id="ATLAng">15889.0373333333</dst>
            <dst id="CHINng">33767.8213333333</dst>
            <dst id="DNVRng">9292.31466666667</dst>
            <dst id="HSTNng">6051.08266666667</dst>
            <dst id="IPLSng">20616.6773333333</dst>
            <dst id="KSCYng">11370.9573333333</dst>
            <dst id="LOSAng">43792.368</dst>
            <dst id="NYCMng">9953.33866666667</dst>
            <dst id="SNVAng">4137.04533333333</dst>
            <dst id="STTLng">23045.496</dst>
            <dst id="WASHng">18365.4906666667</dst>
        </src>
        <src id="WASHng">
            <dst id="ATLA-M5">1531.808</dst>
            <dst id="ATLAng">121441.624</dst>
            <dst id="CHINng">71640.6213333333</dst>
            <dst id="DNVRng">58504.1066666667</dst>
            <dst id="HSTNng">29050.56</dst>
            <dst id="IPLSng">46473.1466666667</dst>
            <dst id="KSCYng">27056.0213333333</dst>
            <dst id="LOSAng">83433.1733333333</dst>
            <dst id="NYCMng">183420.106666667</dst>
            <dst id="SNVAng">2572.36533333333</dst>
            <dst id="STTLng">52004.6666666667</dst>
            <dst id="WASHng">173600.704</dst>
        </src>
    </IntraTM>
</TrafficMatrixFile>
