<?xml version="1.0" encoding="ISO-8859-1" standalone="yes"?>
<TrafficMatrixFile xsi:noNamespaceSchemaLocation="http://totem.run.montefiore.ulg.ac.be/Schema/TrafficMatrix-v1_2.xsd" xmlns:xsi="http://www.w3.org/2001/XMLSchema-instance">
    <IntraTM ASID="11537">
        <src id="ATLA-M5">
            <dst id="ATLA-M5">0</dst>
            <dst id="ATLAng">26.6666666666667</dst>
            <dst id="CHINng">1203.592</dst>
            <dst id="DNVRng">53.3333333333333</dst>
            <dst id="HSTNng">53.3333333333333</dst>
            <dst id="IPLSng">452.885333333333</dst>
            <dst id="KSCYng">36.368</dst>
            <dst id="LOSAng">125.170666666667</dst>
            <dst id="NYCMng">106.666666666667</dst>
            <dst id="SNVAng">13.3333333333333</dst>
            <dst id="STTLng">517.810666666667</dst>
            <dst id="WASHng">2578.90666666667</dst>
        </src>
        <src id="ATLAng">
            <dst id="ATLA-M5">198.485333333333</dst>
            <dst id="ATLAng">30353.5866666667</dst>
            <dst id="CHINng">9424.13866666667</dst>
            <dst id="DNVRng">2656.51466666667</dst>
            <dst id="HSTNng">1443.58933333333</dst>
            <dst id="IPLSng">14490.6853333333</dst>
            <dst id="KSCYng">1936.216</dst>
            <dst id="LOSAng">24057.636</dst>
            <dst id="NYCMng">6015.608</dst>
            <dst id="SNVAng">466.308</dst>
            <dst id="STTLng">8684.80266666667</dst>
            <dst id="WASHng">46851.6533333333</dst>
        </src>
        <src id="CHINng">
            <dst id="ATLA-M5">669.781333333333</dst>
            <dst id="ATLAng">19264.5546666667</dst>
            <dst id="CHINng">92644.88</dst>
            <dst id="DNVRng">12642.7626666667</dst>
            <dst id="HSTNng">5593.35466666667</dst>
            <dst id="IPLSng">44931.9093333333</dst>
            <dst id="KSCYng">7569.25333333333</dst>
            <dst id="LOSAng">34150.5706666667</dst>
            <dst id="NYCMng">15051.5706666667</dst>
            <dst id="SNVAng">2647.24533333333</dst>
            <dst id="STTLng">18344.5653333333</dst>
            <dst id="WASHng">12158.0666666667</dst>
        </src>
        <src id="DNVRng">
            <dst id="ATLA-M5">856.072</dst>
            <dst id="ATLAng">2249.26133333333</dst>
            <dst id="CHINng">31149.552</dst>
            <dst id="DNVRng">7817.26133333333</dst>
            <dst id="HSTNng">8615.352</dst>
            <dst id="IPLSng">28499.416</dst>
            <dst id="KSCYng">10136.2613333333</dst>
            <dst id="LOSAng">48786.1973333333</dst>
            <dst id="NYCMng">5172.488</dst>
            <dst id="SNVAng">8482.45866666667</dst>
            <dst id="STTLng">12456.5013333333</dst>
            <dst id="WASHng">16926.912</dst>
        </src>
        <src id="HSTNng">
            <dst id="ATLA-M5">1617.18933333333</dst>
            <dst id="ATLAng">7247.68266666667</dst>
            <dst id="CHINng">16044.8346666667</dst>
            <dst id="DNVRng">807.088</dst>
            <dst id="HSTNng">20476.5146666667</dst>
            <dst id="IPLSng">1772.54666666667</dst>
            <dst id="KSCYng">4325.4</dst>
            <dst id="LOSAng">5106.28533333333</dst>
            <dst id="NYCMng">2502.53066666667</dst>
            <dst id="SNVAng">187.058666666667</dst>
            <dst id="STTLng">3108.23466666667</dst>
            <dst id="WASHng">2620.07466666667</dst>
        </src>
        <src id="IPLSng">
            <dst id="ATLA-M5">210.933333333333</dst>
            <dst id="ATLAng">10941.456</dst>
            <dst id="CHINng">79387.8693333333</dst>
            <dst id="DNVRng">5794.768</dst>
            <dst id="HSTNng">769.285333333333</dst>
            <dst id="IPLSng">55436.144</dst>
            <dst id="KSCYng">9613.97333333333</dst>
            <dst id="LOSAng">59562.0746666667</dst>
            <dst id="NYCMng">9604.03733333333</dst>
            <dst id="SNVAng">547.562666666667</dst>
            <dst id="STTLng">26582.6053333333</dst>
            <dst id="WASHng">17415.704</dst>
        </src>
        <src id="KSCYng">
            <dst id="ATLA-M5">80.4453333333334</dst>
            <dst id="ATLAng">5998.048</dst>
            <dst id="CHINng">21211.0666666667</dst>
            <dst id="DNVRng">6375.576</dst>
            <dst id="HSTNng">13071.3226666667</dst>
            <dst id="IPLSng">16048.3013333333</dst>
            <dst id="KSCYng">8274.89066666667</dst>
            <dst id="LOSAng">5454.31466666667</dst>
            <dst id="NYCMng">3061.29066666667</dst>
            <dst id="SNVAng">2320.68</dst>
            <dst id="STTLng">6040.936</dst>
            <dst id="WASHng">10262.544</dst>
        </src>
        <src id="LOSAng">
            <dst id="ATLA-M5">123.381333333333</dst>
            <dst id="ATLAng">6176.432</dst>
            <dst id="CHINng">112709.024</dst>
            <dst id="DNVRng">13075.1466666667</dst>
            <dst id="HSTNng">3889.79733333333</dst>
            <dst id="IPLSng">9371.97866666667</dst>
            <dst id="KSCYng">2386.352</dst>
            <dst id="LOSAng">8969.72</dst>
            <dst id="NYCMng">45921.3706666667</dst>
            <dst id="SNVAng">18397.3413333333</dst>
            <dst id="STTLng">51287.1013333333</dst>
            <dst id="WASHng">47346.2853333333</dst>
        </src>
        <src id="NYCMng">
            <dst id="ATLA-M5">548.858666666667</dst>
            <dst id="ATLAng">32262.0106666667</dst>
            <dst id="CHINng">33136.3066666667</dst>
            <dst id="DNVRng">10856.2</dst>
            <dst id="HSTNng">3183.25333333333</dst>
            <dst id="IPLSng">13562.9573333333</dst>
            <dst id="KSCYng">3921.28</dst>
            <dst id="LOSAng">51915.4826666667</dst>
            <dst id="NYCMng">90296.1173333333</dst>
            <dst id="SNVAng">559.442666666667</dst>
            <dst id="STTLng">29892.0533333333</dst>
            <dst id="WASHng">45005.32</dst>
        </src>
        <src id="SNVAng">
            <dst id="ATLA-M5">0</dst>
            <dst id="ATLAng">365.576</dst>
            <dst id="CHINng">108.16</dst>
            <dst id="DNVRng">1440.09333333333</dst>
            <dst id="HSTNng">26.6666666666667</dst>
            <dst id="IPLSng">359.197333333333</dst>
            <dst id="KSCYng">0</dst>
            <dst id="LOSAng">6466.15466666667</dst>
            <dst id="NYCMng">43.1573333333333</dst>
            <dst id="SNVAng">8201.69066666667</dst>
            <dst id="STTLng">14211.7146666667</dst>
            <dst id="WASHng">69.2986666666667</dst>
        </src>
        <src id="STTLng">
            <dst id="ATLA-M5">370.008</dst>
            <dst id="ATLAng">17280.3413333333</dst>
            <dst id="CHINng">38571.872</dst>
            <dst id="DNVRng">2064.36533333333</dst>
            <dst id="HSTNng">3858.26666666667</dst>
            <dst id="IPLSng">16080.896</dst>
            <dst id="KSCYng">7145.41866666667</dst>
            <dst id="LOSAng">32482.928</dst>
            <dst id="NYCMng">14334.1466666667</dst>
            <dst id="SNVAng">1431.13066666667</dst>
            <dst id="STTLng">13599.7973333333</dst>
            <dst id="WASHng">25423.0133333333</dst>
        </src>
        <src id="WASHng">
            <dst id="ATLA-M5">1220.2</dst>
            <dst id="ATLAng">86834.6186666667</dst>
            <dst id="CHINng">56131.2666666667</dst>
            <dst id="DNVRng">67123.8373333333</dst>
            <dst id="HSTNng">21036.184</dst>
            <dst id="IPLSng">32880.4986666667</dst>
            <dst id="KSCYng">27160.4266666667</dst>
            <dst id="LOSAng">64201.28</dst>
            <dst id="NYCMng">100643.362666667</dst>
            <dst id="SNVAng">1246.968</dst>
            <dst id="STTLng">39989.688</dst>
            <dst id="WASHng">279832.506666667</dst>
        </src>
    </IntraTM>
</TrafficMatrixFile>
