<?xml version="1.0" encoding="ISO-8859-1" standalone="yes"?>
<TrafficMatrixFile xsi:noNamespaceSchemaLocation="http://totem.run.montefiore.ulg.ac.be/Schema/TrafficMatrix-v1_2.xsd" xmlns:xsi="http://www.w3.org/2001/XMLSchema-instance">
    <IntraTM ASID="11537">
        <src id="ATLA-M5">
            <dst id="ATLA-M5">212.952</dst>
            <dst id="ATLAng">1287.13866666667</dst>
            <dst id="CHINng">2323.584</dst>
            <dst id="DNVRng">158.810666666667</dst>
            <dst id="HSTNng">734.664</dst>
            <dst id="IPLSng">2319.18933333333</dst>
            <dst id="KSCYng">544.538666666667</dst>
            <dst id="LOSAng">279.993333333333</dst>
            <dst id="NYCMng">2005.89866666667</dst>
            <dst id="SNVAng">17.2573333333333</dst>
            <dst id="STTLng">1205.46666666667</dst>
            <dst id="WASHng">3980.944</dst>
        </src>
        <src id="ATLAng">
            <dst id="ATLA-M5">1324.97066666667</dst>
            <dst id="ATLAng">45627.568</dst>
            <dst id="CHINng">26564.6026666667</dst>
            <dst id="DNVRng">7679.608</dst>
            <dst id="HSTNng">13144.4453333333</dst>
            <dst id="IPLSng">27365.7066666667</dst>
            <dst id="KSCYng">10282.024</dst>
            <dst id="LOSAng">17730.556</dst>
            <dst id="NYCMng">10590.1146666667</dst>
            <dst id="SNVAng">1876.84133333333</dst>
            <dst id="STTLng">24312.6346666667</dst>
            <dst id="WASHng">71978.9706666667</dst>
        </src>
        <src id="CHINng">
            <dst id="ATLA-M5">2386.86133333333</dst>
            <dst id="ATLAng">28604.7146666667</dst>
            <dst id="CHINng">132051.042666667</dst>
            <dst id="DNVRng">27405.3306666667</dst>
            <dst id="HSTNng">25907.1973333333</dst>
            <dst id="IPLSng">108280.256</dst>
            <dst id="KSCYng">20571.2853333333</dst>
            <dst id="LOSAng">33752.0426666667</dst>
            <dst id="NYCMng">19944.5973333333</dst>
            <dst id="SNVAng">6607.688</dst>
            <dst id="STTLng">51828.84</dst>
            <dst id="WASHng">57899.232</dst>
        </src>
        <src id="DNVRng">
            <dst id="ATLA-M5">581.410666666667</dst>
            <dst id="ATLAng">10777.64</dst>
            <dst id="CHINng">48317.3546666667</dst>
            <dst id="DNVRng">11514.1146666667</dst>
            <dst id="HSTNng">19685.272</dst>
            <dst id="IPLSng">19558.2666666667</dst>
            <dst id="KSCYng">17099.632</dst>
            <dst id="LOSAng">17513.8053333333</dst>
            <dst id="NYCMng">15865.9146666667</dst>
            <dst id="SNVAng">18421.4986666667</dst>
            <dst id="STTLng">52769.592</dst>
            <dst id="WASHng">51217.024</dst>
        </src>
        <src id="HSTNng">
            <dst id="ATLA-M5">1619.69333333333</dst>
            <dst id="ATLAng">6234.64266666667</dst>
            <dst id="CHINng">15840.064</dst>
            <dst id="DNVRng">4857.91466666667</dst>
            <dst id="HSTNng">19516.8</dst>
            <dst id="IPLSng">18966.224</dst>
            <dst id="KSCYng">11931.8533333333</dst>
            <dst id="LOSAng">8266.70133333333</dst>
            <dst id="NYCMng">5352.16533333333</dst>
            <dst id="SNVAng">714.485333333333</dst>
            <dst id="STTLng">16379.1893333333</dst>
            <dst id="WASHng">16946.5306666667</dst>
        </src>
        <src id="IPLSng">
            <dst id="ATLA-M5">1284.49333333333</dst>
            <dst id="ATLAng">17925.048</dst>
            <dst id="CHINng">75448.8266666667</dst>
            <dst id="DNVRng">15106.136</dst>
            <dst id="HSTNng">7899.16266666667</dst>
            <dst id="IPLSng">32518.0826666667</dst>
            <dst id="KSCYng">13127.3386666667</dst>
            <dst id="LOSAng">21797.8773333333</dst>
            <dst id="NYCMng">16701.232</dst>
            <dst id="SNVAng">6669.45333333333</dst>
            <dst id="STTLng">34815.9893333333</dst>
            <dst id="WASHng">31450.6266666667</dst>
        </src>
        <src id="KSCYng">
            <dst id="ATLA-M5">229.672</dst>
            <dst id="ATLAng">10870.456</dst>
            <dst id="CHINng">32363.4133333333</dst>
            <dst id="DNVRng">11273.672</dst>
            <dst id="HSTNng">4975.632</dst>
            <dst id="IPLSng">46172.648</dst>
            <dst id="KSCYng">17927.624</dst>
            <dst id="LOSAng">6748.15466666667</dst>
            <dst id="NYCMng">6382.34133333333</dst>
            <dst id="SNVAng">3249.24533333333</dst>
            <dst id="STTLng">18156.3653333333</dst>
            <dst id="WASHng">14322.5253333333</dst>
        </src>
        <src id="LOSAng">
            <dst id="ATLA-M5">292.277333333333</dst>
            <dst id="ATLAng">21616.5893333333</dst>
            <dst id="CHINng">86471.9653333333</dst>
            <dst id="DNVRng">41875.6053333333</dst>
            <dst id="HSTNng">13819.1973333333</dst>
            <dst id="IPLSng">49743.2906666667</dst>
            <dst id="KSCYng">13767.7813333333</dst>
            <dst id="LOSAng">12500.912</dst>
            <dst id="NYCMng">63272.8533333333</dst>
            <dst id="SNVAng">20473.928</dst>
            <dst id="STTLng">73950.6613333333</dst>
            <dst id="WASHng">81740.6453333333</dst>
        </src>
        <src id="NYCMng">
            <dst id="ATLA-M5">2078.19733333333</dst>
            <dst id="ATLAng">44770.9226666667</dst>
            <dst id="CHINng">31088.504</dst>
            <dst id="DNVRng">24213.7226666667</dst>
            <dst id="HSTNng">20901.4453333333</dst>
            <dst id="IPLSng">47768.0613333333</dst>
            <dst id="KSCYng">25679.0826666667</dst>
            <dst id="LOSAng">69454.8106666667</dst>
            <dst id="NYCMng">125777.088</dst>
            <dst id="SNVAng">6952.53866666667</dst>
            <dst id="STTLng">38864.7013333333</dst>
            <dst id="WASHng">126517.821333333</dst>
        </src>
        <src id="SNVAng">
            <dst id="ATLA-M5">0</dst>
            <dst id="ATLAng">138.773333333333</dst>
            <dst id="CHINng">190.797333333333</dst>
            <dst id="DNVRng">20122.048</dst>
            <dst id="HSTNng">176.618666666667</dst>
            <dst id="IPLSng">577.888</dst>
            <dst id="KSCYng">106.666666666667</dst>
            <dst id="LOSAng">10199.9653333333</dst>
            <dst id="NYCMng">415.272</dst>
            <dst id="SNVAng">10200.3786666667</dst>
            <dst id="STTLng">19225.7813333333</dst>
            <dst id="WASHng">178.984</dst>
        </src>
        <src id="STTLng">
            <dst id="ATLA-M5">5172.20533333333</dst>
            <dst id="ATLAng">80144.7653333333</dst>
            <dst id="CHINng">97067.3066666666</dst>
            <dst id="DNVRng">57256.896</dst>
            <dst id="HSTNng">50216.9813333333</dst>
            <dst id="IPLSng">83700.5866666667</dst>
            <dst id="KSCYng">68149.9413333333</dst>
            <dst id="LOSAng">12693.904</dst>
            <dst id="NYCMng">23758.4586666667</dst>
            <dst id="SNVAng">9105.432</dst>
            <dst id="STTLng">61161.3066666667</dst>
            <dst id="WASHng">98640.9466666666</dst>
        </src>
        <src id="WASHng">
            <dst id="ATLA-M5">5314.26133333333</dst>
            <dst id="ATLAng">103896.770666667</dst>
            <dst id="CHINng">127441.013333333</dst>
            <dst id="DNVRng">114522.117333333</dst>
            <dst id="HSTNng">47927.3786666667</dst>
            <dst id="IPLSng">104106.016</dst>
            <dst id="KSCYng">26984.248</dst>
            <dst id="LOSAng">89882.688</dst>
            <dst id="NYCMng">210408.664</dst>
            <dst id="SNVAng">17331.6906666667</dst>
            <dst id="STTLng">80615.5973333333</dst>
            <dst id="WASHng">265176.485333333</dst>
        </src>
    </IntraTM>
</TrafficMatrixFile>
