<?xml version="1.0" encoding="ISO-8859-1" standalone="yes"?>
<TrafficMatrixFile xsi:noNamespaceSchemaLocation="http://totem.run.montefiore.ulg.ac.be/Schema/TrafficMatrix-v1_2.xsd" xmlns:xsi="http://www.w3.org/2001/XMLSchema-instance">
    <IntraTM ASID="11537">
        <src id="ATLA-M5">
            <dst id="ATLA-M5">646.154666666667</dst>
            <dst id="ATLAng">2100.57066666667</dst>
            <dst id="CHINng">1975.07466666667</dst>
            <dst id="DNVRng">119.114666666667</dst>
            <dst id="HSTNng">1914.63733333333</dst>
            <dst id="IPLSng">743.6</dst>
            <dst id="KSCYng">389.848</dst>
            <dst id="LOSAng">179.125333333333</dst>
            <dst id="NYCMng">4434.272</dst>
            <dst id="SNVAng">386.624</dst>
            <dst id="STTLng">943.077333333333</dst>
            <dst id="WASHng">1973.752</dst>
        </src>
        <src id="ATLAng">
            <dst id="ATLA-M5">1786.98666666667</dst>
            <dst id="ATLAng">38295.6933333333</dst>
            <dst id="CHINng">27798.608</dst>
            <dst id="DNVRng">3764.43466666667</dst>
            <dst id="HSTNng">26720.6213333333</dst>
            <dst id="IPLSng">22173.32</dst>
            <dst id="KSCYng">11178.3546666667</dst>
            <dst id="LOSAng">19229.1346666667</dst>
            <dst id="NYCMng">25722.2133333333</dst>
            <dst id="SNVAng">1698.068</dst>
            <dst id="STTLng">22154.712</dst>
            <dst id="WASHng">61371.3093333334</dst>
        </src>
        <src id="CHINng">
            <dst id="ATLA-M5">3482.856</dst>
            <dst id="ATLAng">30467.1306666667</dst>
            <dst id="CHINng">200466.704</dst>
            <dst id="DNVRng">16481.7973333333</dst>
            <dst id="HSTNng">33457.5253333333</dst>
            <dst id="IPLSng">83193.4666666667</dst>
            <dst id="KSCYng">28470.992</dst>
            <dst id="LOSAng">44281.8133333333</dst>
            <dst id="NYCMng">17598.9306666667</dst>
            <dst id="SNVAng">6691.11733333333</dst>
            <dst id="STTLng">40653.7866666667</dst>
            <dst id="WASHng">40688.2986666667</dst>
        </src>
        <src id="DNVRng">
            <dst id="ATLA-M5">397.354666666667</dst>
            <dst id="ATLAng">9025.43466666667</dst>
            <dst id="CHINng">41500.9546666667</dst>
            <dst id="DNVRng">13190.888</dst>
            <dst id="HSTNng">20749.8186666667</dst>
            <dst id="IPLSng">22883.4506666667</dst>
            <dst id="KSCYng">23219.1013333333</dst>
            <dst id="LOSAng">16587.472</dst>
            <dst id="NYCMng">7252.41866666667</dst>
            <dst id="SNVAng">14193.888</dst>
            <dst id="STTLng">31070.8106666667</dst>
            <dst id="WASHng">23537.4986666667</dst>
        </src>
        <src id="HSTNng">
            <dst id="ATLA-M5">3062.31733333333</dst>
            <dst id="ATLAng">11065.9493333333</dst>
            <dst id="CHINng">22906.032</dst>
            <dst id="DNVRng">5108.82666666667</dst>
            <dst id="HSTNng">25334.0293333333</dst>
            <dst id="IPLSng">5356.58133333333</dst>
            <dst id="KSCYng">11611.2506666667</dst>
            <dst id="LOSAng">3915.672</dst>
            <dst id="NYCMng">4280.64266666667</dst>
            <dst id="SNVAng">1036.008</dst>
            <dst id="STTLng">14054.424</dst>
            <dst id="WASHng">6288.464</dst>
        </src>
        <src id="IPLSng">
            <dst id="ATLA-M5">460.397333333333</dst>
            <dst id="ATLAng">16140.6666666667</dst>
            <dst id="CHINng">110197.874666667</dst>
            <dst id="DNVRng">14691.6373333333</dst>
            <dst id="HSTNng">20049.1066666667</dst>
            <dst id="IPLSng">26294.1413333333</dst>
            <dst id="KSCYng">16569.7626666667</dst>
            <dst id="LOSAng">22061.5813333333</dst>
            <dst id="NYCMng">22604.496</dst>
            <dst id="SNVAng">5065.28266666667</dst>
            <dst id="STTLng">38253.4933333333</dst>
            <dst id="WASHng">60519.3333333333</dst>
        </src>
        <src id="KSCYng">
            <dst id="ATLA-M5">501.664</dst>
            <dst id="ATLAng">8737.17866666666</dst>
            <dst id="CHINng">33034.1946666667</dst>
            <dst id="DNVRng">8445.19733333333</dst>
            <dst id="HSTNng">4724.43466666667</dst>
            <dst id="IPLSng">23307.3306666667</dst>
            <dst id="KSCYng">17641.0213333333</dst>
            <dst id="LOSAng">7723.096</dst>
            <dst id="NYCMng">11857.8853333333</dst>
            <dst id="SNVAng">3400.536</dst>
            <dst id="STTLng">15444.3813333333</dst>
            <dst id="WASHng">17746.2826666667</dst>
        </src>
        <src id="LOSAng">
            <dst id="ATLA-M5">146.874666666667</dst>
            <dst id="ATLAng">22247.92</dst>
            <dst id="CHINng">132700.272</dst>
            <dst id="DNVRng">14859.4053333333</dst>
            <dst id="HSTNng">11458.0213333333</dst>
            <dst id="IPLSng">19846.3653333333</dst>
            <dst id="KSCYng">23951.992</dst>
            <dst id="LOSAng">7271.896</dst>
            <dst id="NYCMng">39241.6</dst>
            <dst id="SNVAng">25503.208</dst>
            <dst id="STTLng">70432.0426666667</dst>
            <dst id="WASHng">94055.4053333333</dst>
        </src>
        <src id="NYCMng">
            <dst id="ATLA-M5">1339.04533333333</dst>
            <dst id="ATLAng">53845.728</dst>
            <dst id="CHINng">44206.6826666667</dst>
            <dst id="DNVRng">26328.2746666667</dst>
            <dst id="HSTNng">29695.352</dst>
            <dst id="IPLSng">49735.7013333334</dst>
            <dst id="KSCYng">21788.0586666667</dst>
            <dst id="LOSAng">64840.04</dst>
            <dst id="NYCMng">122535.232</dst>
            <dst id="SNVAng">9383.328</dst>
            <dst id="STTLng">17671.1706666667</dst>
            <dst id="WASHng">135399.261333333</dst>
        </src>
        <src id="SNVAng">
            <dst id="ATLA-M5">0</dst>
            <dst id="ATLAng">106.666666666667</dst>
            <dst id="CHINng">902.997333333333</dst>
            <dst id="DNVRng">5667.94933333333</dst>
            <dst id="HSTNng">212.917333333333</dst>
            <dst id="IPLSng">631.208</dst>
            <dst id="KSCYng">170.138666666667</dst>
            <dst id="LOSAng">8287.056</dst>
            <dst id="NYCMng">112.946666666667</dst>
            <dst id="SNVAng">10769.392</dst>
            <dst id="STTLng">27058.0533333333</dst>
            <dst id="WASHng">678.469333333333</dst>
        </src>
        <src id="STTLng">
            <dst id="ATLA-M5">3730.76</dst>
            <dst id="ATLAng">81653.3946666667</dst>
            <dst id="CHINng">113897.765333333</dst>
            <dst id="DNVRng">56107.1706666667</dst>
            <dst id="HSTNng">50764.9893333333</dst>
            <dst id="IPLSng">91111.312</dst>
            <dst id="KSCYng">68133.0266666667</dst>
            <dst id="LOSAng">17809.3493333333</dst>
            <dst id="NYCMng">29707.832</dst>
            <dst id="SNVAng">12459.456</dst>
            <dst id="STTLng">34705.8</dst>
            <dst id="WASHng">106555.84</dst>
        </src>
        <src id="WASHng">
            <dst id="ATLA-M5">20543.304</dst>
            <dst id="ATLAng">128915.378666667</dst>
            <dst id="CHINng">114791.653333333</dst>
            <dst id="DNVRng">95700.84</dst>
            <dst id="HSTNng">56143.0986666667</dst>
            <dst id="IPLSng">108563.370666667</dst>
            <dst id="KSCYng">23842.6826666667</dst>
            <dst id="LOSAng">77822.0773333333</dst>
            <dst id="NYCMng">208660.586666667</dst>
            <dst id="SNVAng">3935.456</dst>
            <dst id="STTLng">65627.1466666667</dst>
            <dst id="WASHng">337857.6</dst>
        </src>
    </IntraTM>
</TrafficMatrixFile>
