<?xml version="1.0" encoding="ISO-8859-1" standalone="yes"?>
<TrafficMatrixFile xsi:noNamespaceSchemaLocation="http://totem.run.montefiore.ulg.ac.be/Schema/TrafficMatrix-v1_2.xsd" xmlns:xsi="http://www.w3.org/2001/XMLSchema-instance">
    <IntraTM ASID="11537">
        <src id="ATLA-M5">
            <dst id="ATLA-M5">53.3333333333333</dst>
            <dst id="ATLAng">725.722666666667</dst>
            <dst id="CHINng">704.922666666667</dst>
            <dst id="DNVRng">289.456</dst>
            <dst id="HSTNng">281.122666666667</dst>
            <dst id="IPLSng">904.789333333333</dst>
            <dst id="KSCYng">370.930666666667</dst>
            <dst id="LOSAng">289.985333333333</dst>
            <dst id="NYCMng">1462.82133333333</dst>
            <dst id="SNVAng">18.612</dst>
            <dst id="STTLng">919.221333333333</dst>
            <dst id="WASHng">2633.096</dst>
        </src>
        <src id="ATLAng">
            <dst id="ATLA-M5">426.424</dst>
            <dst id="ATLAng">62995.152</dst>
            <dst id="CHINng">21842.48</dst>
            <dst id="DNVRng">5292.64</dst>
            <dst id="HSTNng">3415.56</dst>
            <dst id="IPLSng">25906.9066666667</dst>
            <dst id="KSCYng">5428.096</dst>
            <dst id="LOSAng">22304.256</dst>
            <dst id="NYCMng">10044.7546666667</dst>
            <dst id="SNVAng">588.794666666667</dst>
            <dst id="STTLng">13336.672</dst>
            <dst id="WASHng">39038.176</dst>
        </src>
        <src id="CHINng">
            <dst id="ATLA-M5">1423.176</dst>
            <dst id="ATLAng">22509.3306666667</dst>
            <dst id="CHINng">70456.56</dst>
            <dst id="DNVRng">16968.3386666667</dst>
            <dst id="HSTNng">19265.0506666667</dst>
            <dst id="IPLSng">93241.5546666666</dst>
            <dst id="KSCYng">19327.104</dst>
            <dst id="LOSAng">45992.4</dst>
            <dst id="NYCMng">12992.7413333333</dst>
            <dst id="SNVAng">4704.672</dst>
            <dst id="STTLng">29094.1813333333</dst>
            <dst id="WASHng">31255.776</dst>
        </src>
        <src id="DNVRng">
            <dst id="ATLA-M5">1318.62133333333</dst>
            <dst id="ATLAng">6861.25066666667</dst>
            <dst id="CHINng">33897.5333333333</dst>
            <dst id="DNVRng">13802.872</dst>
            <dst id="HSTNng">12941.4613333333</dst>
            <dst id="IPLSng">9453.10933333333</dst>
            <dst id="KSCYng">21925.3066666667</dst>
            <dst id="LOSAng">24780.4853333333</dst>
            <dst id="NYCMng">7355.15733333333</dst>
            <dst id="SNVAng">15791.0266666667</dst>
            <dst id="STTLng">28710.1093333333</dst>
            <dst id="WASHng">36088.488</dst>
        </src>
        <src id="HSTNng">
            <dst id="ATLA-M5">563.461333333333</dst>
            <dst id="ATLAng">2972.312</dst>
            <dst id="CHINng">13859.5973333333</dst>
            <dst id="DNVRng">3260.12</dst>
            <dst id="HSTNng">12860.5653333333</dst>
            <dst id="IPLSng">5708.21066666667</dst>
            <dst id="KSCYng">12142.8346666667</dst>
            <dst id="LOSAng">3958.28533333333</dst>
            <dst id="NYCMng">3033.00266666667</dst>
            <dst id="SNVAng">152.557333333333</dst>
            <dst id="STTLng">7720.30933333333</dst>
            <dst id="WASHng">8928.856</dst>
        </src>
        <src id="IPLSng">
            <dst id="ATLA-M5">707.021333333333</dst>
            <dst id="ATLAng">11121.3493333333</dst>
            <dst id="CHINng">75523.96</dst>
            <dst id="DNVRng">7461.99733333333</dst>
            <dst id="HSTNng">3984.096</dst>
            <dst id="IPLSng">23894.1386666667</dst>
            <dst id="KSCYng">10760.5653333333</dst>
            <dst id="LOSAng">18347.2186666667</dst>
            <dst id="NYCMng">8310.248</dst>
            <dst id="SNVAng">943.64</dst>
            <dst id="STTLng">36167.6826666667</dst>
            <dst id="WASHng">22759.2213333333</dst>
        </src>
        <src id="KSCYng">
            <dst id="ATLA-M5">445.034666666667</dst>
            <dst id="ATLAng">7067.61066666666</dst>
            <dst id="CHINng">23730.0773333333</dst>
            <dst id="DNVRng">9079.29866666667</dst>
            <dst id="HSTNng">6762.71733333333</dst>
            <dst id="IPLSng">19016.3733333333</dst>
            <dst id="KSCYng">13155.184</dst>
            <dst id="LOSAng">6317.35733333333</dst>
            <dst id="NYCMng">5364.80533333333</dst>
            <dst id="SNVAng">3450.36</dst>
            <dst id="STTLng">11056.7706666667</dst>
            <dst id="WASHng">25177.6533333333</dst>
        </src>
        <src id="LOSAng">
            <dst id="ATLA-M5">154.218666666667</dst>
            <dst id="ATLAng">19121.7786666667</dst>
            <dst id="CHINng">6225627.2</dst>
            <dst id="DNVRng">13036.936</dst>
            <dst id="HSTNng">5170.91466666667</dst>
            <dst id="IPLSng">22114.8746666667</dst>
            <dst id="KSCYng">8027.464</dst>
            <dst id="LOSAng">17436.0213333333</dst>
            <dst id="NYCMng">47620.0933333333</dst>
            <dst id="SNVAng">19993.0666666667</dst>
            <dst id="STTLng">58929.488</dst>
            <dst id="WASHng">47363.6213333333</dst>
        </src>
        <src id="NYCMng">
            <dst id="ATLA-M5">3735.192</dst>
            <dst id="ATLAng">35618.5866666667</dst>
            <dst id="CHINng">36471.416</dst>
            <dst id="DNVRng">18266.8506666667</dst>
            <dst id="HSTNng">20199.4586666667</dst>
            <dst id="IPLSng">27318.9946666667</dst>
            <dst id="KSCYng">11811.4346666667</dst>
            <dst id="LOSAng">58333.2693333333</dst>
            <dst id="NYCMng">112277.029333333</dst>
            <dst id="SNVAng">7432.26933333333</dst>
            <dst id="STTLng">33581.0853333333</dst>
            <dst id="WASHng">78356.1493333333</dst>
        </src>
        <src id="SNVAng">
            <dst id="ATLA-M5">0</dst>
            <dst id="ATLAng">344.016</dst>
            <dst id="CHINng">26.6666666666667</dst>
            <dst id="DNVRng">1243.872</dst>
            <dst id="HSTNng">0</dst>
            <dst id="IPLSng">319.52</dst>
            <dst id="KSCYng">263.392</dst>
            <dst id="LOSAng">10904.5706666667</dst>
            <dst id="NYCMng">108.133333333333</dst>
            <dst id="SNVAng">8129.8</dst>
            <dst id="STTLng">19524.5786666667</dst>
            <dst id="WASHng">87.3813333333333</dst>
        </src>
        <src id="STTLng">
            <dst id="ATLA-M5">1227.57066666667</dst>
            <dst id="ATLAng">31860.0773333333</dst>
            <dst id="CHINng">34790.152</dst>
            <dst id="DNVRng">28450.536</dst>
            <dst id="HSTNng">9154.784</dst>
            <dst id="IPLSng">26632.8266666667</dst>
            <dst id="KSCYng">20846.1306666667</dst>
            <dst id="LOSAng">41250.8533333333</dst>
            <dst id="NYCMng">15594.784</dst>
            <dst id="SNVAng">3419.304</dst>
            <dst id="STTLng">23649.2266666667</dst>
            <dst id="WASHng">31778.1013333333</dst>
        </src>
        <src id="WASHng">
            <dst id="ATLA-M5">7411.59733333333</dst>
            <dst id="ATLAng">102709.792</dst>
            <dst id="CHINng">75960.232</dst>
            <dst id="DNVRng">65978.352</dst>
            <dst id="HSTNng">40257.1573333333</dst>
            <dst id="IPLSng">49322.3146666667</dst>
            <dst id="KSCYng">26853.9013333333</dst>
            <dst id="LOSAng">80249.3413333333</dst>
            <dst id="NYCMng">191491.869333333</dst>
            <dst id="SNVAng">2413.06666666667</dst>
            <dst id="STTLng">49937.552</dst>
            <dst id="WASHng">210937.117333333</dst>
        </src>
    </IntraTM>
</TrafficMatrixFile>
