<?xml version="1.0" encoding="ISO-8859-1" standalone="yes"?>
<TrafficMatrixFile xsi:noNamespaceSchemaLocation="http://totem.run.montefiore.ulg.ac.be/Schema/TrafficMatrix-v1_2.xsd" xmlns:xsi="http://www.w3.org/2001/XMLSchema-instance">
    <IntraTM ASID="11537">
        <src id="ATLA-M5">
            <dst id="ATLA-M5">26.6666666666667</dst>
            <dst id="ATLAng">307.973333333333</dst>
            <dst id="CHINng">962.594666666667</dst>
            <dst id="DNVRng">26.6666666666667</dst>
            <dst id="HSTNng">57.36</dst>
            <dst id="IPLSng">296.189333333333</dst>
            <dst id="KSCYng">54.5413333333333</dst>
            <dst id="LOSAng">278.189333333333</dst>
            <dst id="NYCMng">1292.848</dst>
            <dst id="SNVAng">29.9546666666667</dst>
            <dst id="STTLng">1088.504</dst>
            <dst id="WASHng">1528.61066666667</dst>
        </src>
        <src id="ATLAng">
            <dst id="ATLA-M5">242.168</dst>
            <dst id="ATLAng">27836.0346666667</dst>
            <dst id="CHINng">16057.576</dst>
            <dst id="DNVRng">9564.65066666666</dst>
            <dst id="HSTNng">2802.54133333333</dst>
            <dst id="IPLSng">25827.24</dst>
            <dst id="KSCYng">1859.336</dst>
            <dst id="LOSAng">20122.2973333333</dst>
            <dst id="NYCMng">12838.2826666667</dst>
            <dst id="SNVAng">693.492</dst>
            <dst id="STTLng">20578.9093333333</dst>
            <dst id="WASHng">69735.1706666667</dst>
        </src>
        <src id="CHINng">
            <dst id="ATLA-M5">393.957333333333</dst>
            <dst id="ATLAng">38924.4026666667</dst>
            <dst id="CHINng">142189.450666667</dst>
            <dst id="DNVRng">21136.1626666667</dst>
            <dst id="HSTNng">8198.184</dst>
            <dst id="IPLSng">44724.816</dst>
            <dst id="KSCYng">19245.9653333333</dst>
            <dst id="LOSAng">26013.4266666667</dst>
            <dst id="NYCMng">14787.96</dst>
            <dst id="SNVAng">3696.832</dst>
            <dst id="STTLng">30007.2213333333</dst>
            <dst id="WASHng">22710.0586666667</dst>
        </src>
        <src id="DNVRng">
            <dst id="ATLA-M5">237.386666666667</dst>
            <dst id="ATLAng">8418.344</dst>
            <dst id="CHINng">33373.9386666667</dst>
            <dst id="DNVRng">16585.4106666667</dst>
            <dst id="HSTNng">15520.8533333333</dst>
            <dst id="IPLSng">14771.5146666667</dst>
            <dst id="KSCYng">30672.4506666667</dst>
            <dst id="LOSAng">8449.16533333333</dst>
            <dst id="NYCMng">8804.81866666666</dst>
            <dst id="SNVAng">10541.2986666667</dst>
            <dst id="STTLng">13802.8106666667</dst>
            <dst id="WASHng">34493.0453333333</dst>
        </src>
        <src id="HSTNng">
            <dst id="ATLA-M5">91.536</dst>
            <dst id="ATLAng">4350.45866666667</dst>
            <dst id="CHINng">21290.5866666667</dst>
            <dst id="DNVRng">9301.30133333333</dst>
            <dst id="HSTNng">9959.69066666667</dst>
            <dst id="IPLSng">4831.42133333333</dst>
            <dst id="KSCYng">12010.5466666667</dst>
            <dst id="LOSAng">54468.8</dst>
            <dst id="NYCMng">4097.08</dst>
            <dst id="SNVAng">2159.15466666667</dst>
            <dst id="STTLng">9843.608</dst>
            <dst id="WASHng">5749.99733333333</dst>
        </src>
        <src id="IPLSng">
            <dst id="ATLA-M5">1418.89866666667</dst>
            <dst id="ATLAng">12656.6933333333</dst>
            <dst id="CHINng">80870.2346666667</dst>
            <dst id="DNVRng">3861.83466666667</dst>
            <dst id="HSTNng">5383.104</dst>
            <dst id="IPLSng">20440.3573333333</dst>
            <dst id="KSCYng">12528.432</dst>
            <dst id="LOSAng">19341.3466666667</dst>
            <dst id="NYCMng">8125.34133333333</dst>
            <dst id="SNVAng">309.885333333333</dst>
            <dst id="STTLng">27782.0613333333</dst>
            <dst id="WASHng">27503.3573333333</dst>
        </src>
        <src id="KSCYng">
            <dst id="ATLA-M5">111.898666666667</dst>
            <dst id="ATLAng">6447.65866666667</dst>
            <dst id="CHINng">36113.1306666667</dst>
            <dst id="DNVRng">9993.57066666667</dst>
            <dst id="HSTNng">5255.848</dst>
            <dst id="IPLSng">14818.7546666667</dst>
            <dst id="KSCYng">11355.8773333333</dst>
            <dst id="LOSAng">3751.08533333333</dst>
            <dst id="NYCMng">5628.544</dst>
            <dst id="SNVAng">1786.096</dst>
            <dst id="STTLng">23067.0426666667</dst>
            <dst id="WASHng">13123.2853333333</dst>
        </src>
        <src id="LOSAng">
            <dst id="ATLA-M5">95.5626666666667</dst>
            <dst id="ATLAng">20140.2293333333</dst>
            <dst id="CHINng">85163.3253333333</dst>
            <dst id="DNVRng">6299.05066666667</dst>
            <dst id="HSTNng">4965.11466666667</dst>
            <dst id="IPLSng">14553.608</dst>
            <dst id="KSCYng">10210.8053333333</dst>
            <dst id="LOSAng">7331.088</dst>
            <dst id="NYCMng">35933.5626666667</dst>
            <dst id="SNVAng">20202.5013333333</dst>
            <dst id="STTLng">41729.6586666667</dst>
            <dst id="WASHng">36568.5226666667</dst>
        </src>
        <src id="NYCMng">
            <dst id="ATLA-M5">738.056</dst>
            <dst id="ATLAng">33518.712</dst>
            <dst id="CHINng">40745.456</dst>
            <dst id="DNVRng">18236.4826666667</dst>
            <dst id="HSTNng">13655.168</dst>
            <dst id="IPLSng">21093.424</dst>
            <dst id="KSCYng">12117.7573333333</dst>
            <dst id="LOSAng">39242.2346666667</dst>
            <dst id="NYCMng">131907.445333333</dst>
            <dst id="SNVAng">2530.432</dst>
            <dst id="STTLng">21992.84</dst>
            <dst id="WASHng">62613.7226666666</dst>
        </src>
        <src id="SNVAng">
            <dst id="ATLA-M5">0</dst>
            <dst id="ATLAng">26.6666666666667</dst>
            <dst id="CHINng">93.8933333333333</dst>
            <dst id="DNVRng">5064.248</dst>
            <dst id="HSTNng">279.354666666667</dst>
            <dst id="IPLSng">419.877333333333</dst>
            <dst id="KSCYng">55.4693333333333</dst>
            <dst id="LOSAng">6243.78666666667</dst>
            <dst id="NYCMng">77.888</dst>
            <dst id="SNVAng">5960.25333333333</dst>
            <dst id="STTLng">15319.4613333333</dst>
            <dst id="WASHng">92.144</dst>
        </src>
        <src id="STTLng">
            <dst id="ATLA-M5">3509.87733333333</dst>
            <dst id="ATLAng">51833.3253333333</dst>
            <dst id="CHINng">97701.272</dst>
            <dst id="DNVRng">14023.3706666667</dst>
            <dst id="HSTNng">22920.5866666667</dst>
            <dst id="IPLSng">74974.056</dst>
            <dst id="KSCYng">58022.8986666667</dst>
            <dst id="LOSAng">18194.2506666667</dst>
            <dst id="NYCMng">22920.8293333333</dst>
            <dst id="SNVAng">1403.73866666667</dst>
            <dst id="STTLng">17283.1813333333</dst>
            <dst id="WASHng">99120.352</dst>
        </src>
        <src id="WASHng">
            <dst id="ATLA-M5">1781.30133333333</dst>
            <dst id="ATLAng">104885.109333333</dst>
            <dst id="CHINng">76747.6746666667</dst>
            <dst id="DNVRng">48216.688</dst>
            <dst id="HSTNng">17502.4986666667</dst>
            <dst id="IPLSng">65917.944</dst>
            <dst id="KSCYng">11744.2666666667</dst>
            <dst id="LOSAng">67420.6186666667</dst>
            <dst id="NYCMng">136852.106666667</dst>
            <dst id="SNVAng">3924.28533333333</dst>
            <dst id="STTLng">58280.0213333333</dst>
            <dst id="WASHng">302683.04</dst>
        </src>
    </IntraTM>
</TrafficMatrixFile>
