<?xml version="1.0" encoding="ISO-8859-1" standalone="yes"?>
<TrafficMatrixFile xsi:noNamespaceSchemaLocation="http://totem.run.montefiore.ulg.ac.be/Schema/TrafficMatrix-v1_2.xsd" xmlns:xsi="http://www.w3.org/2001/XMLSchema-instance">
    <IntraTM ASID="11537">
        <src id="ATLA-M5">
            <dst id="ATLA-M5">0</dst>
            <dst id="ATLAng">69.6746666666667</dst>
            <dst id="CHINng">708.736</dst>
            <dst id="DNVRng">53.3333333333333</dst>
            <dst id="HSTNng">176.026666666667</dst>
            <dst id="IPLSng">477.730666666667</dst>
            <dst id="KSCYng">166.202666666667</dst>
            <dst id="LOSAng">26.6666666666667</dst>
            <dst id="NYCMng">1435.68</dst>
            <dst id="SNVAng">0</dst>
            <dst id="STTLng">249.850666666667</dst>
            <dst id="WASHng">1570.57066666667</dst>
        </src>
        <src id="ATLAng">
            <dst id="ATLA-M5">389.754666666667</dst>
            <dst id="ATLAng">30982.2453333333</dst>
            <dst id="CHINng">8647.41333333333</dst>
            <dst id="DNVRng">15686.1306666667</dst>
            <dst id="HSTNng">1697.69866666667</dst>
            <dst id="IPLSng">14213.288</dst>
            <dst id="KSCYng">2942.65866666667</dst>
            <dst id="LOSAng">23208.8666666667</dst>
            <dst id="NYCMng">6452.88266666667</dst>
            <dst id="SNVAng">583.512</dst>
            <dst id="STTLng">7227.74666666667</dst>
            <dst id="WASHng">40518.9253333333</dst>
        </src>
        <src id="CHINng">
            <dst id="ATLA-M5">439.885333333333</dst>
            <dst id="ATLAng">13204.5893333333</dst>
            <dst id="CHINng">132328.085333333</dst>
            <dst id="DNVRng">6661.26933333333</dst>
            <dst id="HSTNng">5884.43733333333</dst>
            <dst id="IPLSng">30609.248</dst>
            <dst id="KSCYng">12221.728</dst>
            <dst id="LOSAng">20391.8426666667</dst>
            <dst id="NYCMng">10157.816</dst>
            <dst id="SNVAng">2875.96266666667</dst>
            <dst id="STTLng">13534.816</dst>
            <dst id="WASHng">14899.1386666667</dst>
        </src>
        <src id="DNVRng">
            <dst id="ATLA-M5">132.693333333333</dst>
            <dst id="ATLAng">2905.59466666667</dst>
            <dst id="CHINng">29257.1706666667</dst>
            <dst id="DNVRng">16187.3093333333</dst>
            <dst id="HSTNng">12461.7786666667</dst>
            <dst id="IPLSng">7749.68</dst>
            <dst id="KSCYng">24039.696</dst>
            <dst id="LOSAng">5829.00266666667</dst>
            <dst id="NYCMng">8987.36</dst>
            <dst id="SNVAng">8233.688</dst>
            <dst id="STTLng">11756.2426666667</dst>
            <dst id="WASHng">21421.32</dst>
        </src>
        <src id="HSTNng">
            <dst id="ATLA-M5">3635.44266666667</dst>
            <dst id="ATLAng">2215.72533333333</dst>
            <dst id="CHINng">15834.056</dst>
            <dst id="DNVRng">724.722666666667</dst>
            <dst id="HSTNng">13258.0133333333</dst>
            <dst id="IPLSng">2052.68</dst>
            <dst id="KSCYng">10022.1226666667</dst>
            <dst id="LOSAng">2343.27466666667</dst>
            <dst id="NYCMng">3410.42666666667</dst>
            <dst id="SNVAng">0</dst>
            <dst id="STTLng">5567.65866666667</dst>
            <dst id="WASHng">9030.41066666667</dst>
        </src>
        <src id="IPLSng">
            <dst id="ATLA-M5">401.933333333333</dst>
            <dst id="ATLAng">5531.97066666667</dst>
            <dst id="CHINng">53957.1813333333</dst>
            <dst id="DNVRng">7874.71733333333</dst>
            <dst id="HSTNng">981.504</dst>
            <dst id="IPLSng">4324.456</dst>
            <dst id="KSCYng">6063.76266666667</dst>
            <dst id="LOSAng">13891.8746666667</dst>
            <dst id="NYCMng">8381.41333333333</dst>
            <dst id="SNVAng">895.997333333333</dst>
            <dst id="STTLng">15665.2693333333</dst>
            <dst id="WASHng">15913.392</dst>
        </src>
        <src id="KSCYng">
            <dst id="ATLA-M5">393.994666666667</dst>
            <dst id="ATLAng">4585.55733333333</dst>
            <dst id="CHINng">28021.6133333333</dst>
            <dst id="DNVRng">8906.992</dst>
            <dst id="HSTNng">4644.69066666667</dst>
            <dst id="IPLSng">13034.704</dst>
            <dst id="KSCYng">12207.2053333333</dst>
            <dst id="LOSAng">3475.04266666667</dst>
            <dst id="NYCMng">3081.05866666667</dst>
            <dst id="SNVAng">1916.82933333333</dst>
            <dst id="STTLng">11609.9066666667</dst>
            <dst id="WASHng">16052.3013333333</dst>
        </src>
        <src id="LOSAng">
            <dst id="ATLA-M5">0</dst>
            <dst id="ATLAng">11554.7733333333</dst>
            <dst id="CHINng">81076.24</dst>
            <dst id="DNVRng">6449.45866666666</dst>
            <dst id="HSTNng">1751.648</dst>
            <dst id="IPLSng">18188.104</dst>
            <dst id="KSCYng">1731.53866666667</dst>
            <dst id="LOSAng">10189.6826666667</dst>
            <dst id="NYCMng">29717.2426666667</dst>
            <dst id="SNVAng">22295.68</dst>
            <dst id="STTLng">44184.776</dst>
            <dst id="WASHng">34824.096</dst>
        </src>
        <src id="NYCMng">
            <dst id="ATLA-M5">1075.86666666667</dst>
            <dst id="ATLAng">19975.7333333333</dst>
            <dst id="CHINng">27161.3573333333</dst>
            <dst id="DNVRng">18530.008</dst>
            <dst id="HSTNng">7551.19733333333</dst>
            <dst id="IPLSng">19777.44</dst>
            <dst id="KSCYng">11457.1706666667</dst>
            <dst id="LOSAng">41291.0693333333</dst>
            <dst id="NYCMng">87928.5333333333</dst>
            <dst id="SNVAng">1161.752</dst>
            <dst id="STTLng">15835.584</dst>
            <dst id="WASHng">37478.1386666667</dst>
        </src>
        <src id="SNVAng">
            <dst id="ATLA-M5">0</dst>
            <dst id="ATLAng">80</dst>
            <dst id="CHINng">53.3333333333333</dst>
            <dst id="DNVRng">2403.94133333333</dst>
            <dst id="HSTNng">35.52</dst>
            <dst id="IPLSng">326.525333333333</dst>
            <dst id="KSCYng">0</dst>
            <dst id="LOSAng">4260.38133333333</dst>
            <dst id="NYCMng">176.178666666667</dst>
            <dst id="SNVAng">4727.29333333333</dst>
            <dst id="STTLng">11443.9066666667</dst>
            <dst id="WASHng">0</dst>
        </src>
        <src id="STTLng">
            <dst id="ATLA-M5">1042.24</dst>
            <dst id="ATLAng">10900.8853333333</dst>
            <dst id="CHINng">38095.5626666667</dst>
            <dst id="DNVRng">2069.832</dst>
            <dst id="HSTNng">2825.99733333333</dst>
            <dst id="IPLSng">7615.91466666667</dst>
            <dst id="KSCYng">3798.28533333333</dst>
            <dst id="LOSAng">23805.368</dst>
            <dst id="NYCMng">13749.0053333333</dst>
            <dst id="SNVAng">1208.704</dst>
            <dst id="STTLng">18633.0266666667</dst>
            <dst id="WASHng">15762.3546666667</dst>
        </src>
        <src id="WASHng">
            <dst id="ATLA-M5">1584.21333333333</dst>
            <dst id="ATLAng">106032.408</dst>
            <dst id="CHINng">77677.0026666667</dst>
            <dst id="DNVRng">51361.4773333333</dst>
            <dst id="HSTNng">20151.2666666667</dst>
            <dst id="IPLSng">30676.3066666667</dst>
            <dst id="KSCYng">9301.63466666666</dst>
            <dst id="LOSAng">78489.8213333333</dst>
            <dst id="NYCMng">137298.28</dst>
            <dst id="SNVAng">5400.968</dst>
            <dst id="STTLng">33203.728</dst>
            <dst id="WASHng">281517.146666667</dst>
        </src>
    </IntraTM>
</TrafficMatrixFile>
