<?xml version="1.0" encoding="ISO-8859-1" standalone="yes"?>
<TrafficMatrixFile xsi:noNamespaceSchemaLocation="http://totem.run.montefiore.ulg.ac.be/Schema/TrafficMatrix-v1_2.xsd" xmlns:xsi="http://www.w3.org/2001/XMLSchema-instance">
    <IntraTM ASID="11537">
        <src id="ATLA-M5">
            <dst id="ATLA-M5">82.84</dst>
            <dst id="ATLAng">857.688</dst>
            <dst id="CHINng">965.890666666667</dst>
            <dst id="DNVRng">269.653333333333</dst>
            <dst id="HSTNng">139.32</dst>
            <dst id="IPLSng">1064.68266666667</dst>
            <dst id="KSCYng">242.776</dst>
            <dst id="LOSAng">248.965333333333</dst>
            <dst id="NYCMng">371.296</dst>
            <dst id="SNVAng">73.2186666666667</dst>
            <dst id="STTLng">1186.66666666667</dst>
            <dst id="WASHng">1903.024</dst>
        </src>
        <src id="ATLAng">
            <dst id="ATLA-M5">412.352</dst>
            <dst id="ATLAng">42526.9733333333</dst>
            <dst id="CHINng">20203.8693333333</dst>
            <dst id="DNVRng">3570.44266666667</dst>
            <dst id="HSTNng">9305.07733333333</dst>
            <dst id="IPLSng">18711.344</dst>
            <dst id="KSCYng">6847.088</dst>
            <dst id="LOSAng">13859.1853333333</dst>
            <dst id="NYCMng">13898.2853333333</dst>
            <dst id="SNVAng">2053.54533333333</dst>
            <dst id="STTLng">23312.0773333333</dst>
            <dst id="WASHng">64486.2</dst>
        </src>
        <src id="CHINng">
            <dst id="ATLA-M5">665.850666666667</dst>
            <dst id="ATLAng">31702.6773333333</dst>
            <dst id="CHINng">276931.226666667</dst>
            <dst id="DNVRng">48571.232</dst>
            <dst id="HSTNng">19970.5013333333</dst>
            <dst id="IPLSng">78744.92</dst>
            <dst id="KSCYng">23107.4586666667</dst>
            <dst id="LOSAng">112174.296</dst>
            <dst id="NYCMng">18271.2453333333</dst>
            <dst id="SNVAng">3629.22933333333</dst>
            <dst id="STTLng">34884.2746666667</dst>
            <dst id="WASHng">34660.728</dst>
        </src>
        <src id="DNVRng">
            <dst id="ATLA-M5">155.781333333333</dst>
            <dst id="ATLAng">13806.4186666667</dst>
            <dst id="CHINng">82433.4133333333</dst>
            <dst id="DNVRng">14506.3466666667</dst>
            <dst id="HSTNng">27598.9466666667</dst>
            <dst id="IPLSng">22906.5066666667</dst>
            <dst id="KSCYng">25791.2826666667</dst>
            <dst id="LOSAng">10456.1546666667</dst>
            <dst id="NYCMng">14138.6826666667</dst>
            <dst id="SNVAng">15292.6106666667</dst>
            <dst id="STTLng">24521.8506666667</dst>
            <dst id="WASHng">25441.0373333333</dst>
        </src>
        <src id="HSTNng">
            <dst id="ATLA-M5">3118.752</dst>
            <dst id="ATLAng">8976.84533333333</dst>
            <dst id="CHINng">15972.888</dst>
            <dst id="DNVRng">1411.95466666667</dst>
            <dst id="HSTNng">24805.976</dst>
            <dst id="IPLSng">5609.91466666667</dst>
            <dst id="KSCYng">10327.992</dst>
            <dst id="LOSAng">2555.32533333333</dst>
            <dst id="NYCMng">4564.032</dst>
            <dst id="SNVAng">485.589333333333</dst>
            <dst id="STTLng">13160.5066666667</dst>
            <dst id="WASHng">19567.008</dst>
        </src>
        <src id="IPLSng">
            <dst id="ATLA-M5">540.834666666667</dst>
            <dst id="ATLAng">43119.9386666667</dst>
            <dst id="CHINng">79119.128</dst>
            <dst id="DNVRng">11505.3493333333</dst>
            <dst id="HSTNng">6918.64533333333</dst>
            <dst id="IPLSng">25000.584</dst>
            <dst id="KSCYng">19510.4453333333</dst>
            <dst id="LOSAng">19074.8346666667</dst>
            <dst id="NYCMng">19863.2746666667</dst>
            <dst id="SNVAng">3828.36</dst>
            <dst id="STTLng">33478.4133333333</dst>
            <dst id="WASHng">46510.2853333333</dst>
        </src>
        <src id="KSCYng">
            <dst id="ATLA-M5">574.485333333333</dst>
            <dst id="ATLAng">8423.14666666667</dst>
            <dst id="CHINng">24736.616</dst>
            <dst id="DNVRng">8198.296</dst>
            <dst id="HSTNng">4823.69333333333</dst>
            <dst id="IPLSng">22731.8266666667</dst>
            <dst id="KSCYng">16379.2373333333</dst>
            <dst id="LOSAng">4747.592</dst>
            <dst id="NYCMng">8818.39466666667</dst>
            <dst id="SNVAng">2035.008</dst>
            <dst id="STTLng">14819.1706666667</dst>
            <dst id="WASHng">11888.832</dst>
        </src>
        <src id="LOSAng">
            <dst id="ATLA-M5">510.624</dst>
            <dst id="ATLAng">17086.3146666667</dst>
            <dst id="CHINng">152057.666666667</dst>
            <dst id="DNVRng">16433.3653333333</dst>
            <dst id="HSTNng">13818.816</dst>
            <dst id="IPLSng">29583.1813333333</dst>
            <dst id="KSCYng">7490.64</dst>
            <dst id="LOSAng">5581.00266666667</dst>
            <dst id="NYCMng">44005.4986666667</dst>
            <dst id="SNVAng">19584.9973333333</dst>
            <dst id="STTLng">65029.4373333333</dst>
            <dst id="WASHng">54396.352</dst>
        </src>
        <src id="NYCMng">
            <dst id="ATLA-M5">726.077333333333</dst>
            <dst id="ATLAng">56658.2533333333</dst>
            <dst id="CHINng">39323.3493333333</dst>
            <dst id="DNVRng">14583.9173333333</dst>
            <dst id="HSTNng">16024.152</dst>
            <dst id="IPLSng">42740.936</dst>
            <dst id="KSCYng">14265.0533333333</dst>
            <dst id="LOSAng">53687.8506666666</dst>
            <dst id="NYCMng">108892.845333333</dst>
            <dst id="SNVAng">4031.27466666667</dst>
            <dst id="STTLng">28985.28</dst>
            <dst id="WASHng">90512.7226666667</dst>
        </src>
        <src id="SNVAng">
            <dst id="ATLA-M5">0</dst>
            <dst id="ATLAng">229.333333333333</dst>
            <dst id="CHINng">106.666666666667</dst>
            <dst id="DNVRng">2004.16266666667</dst>
            <dst id="HSTNng">57.576</dst>
            <dst id="IPLSng">578.794666666667</dst>
            <dst id="KSCYng">145.261333333333</dst>
            <dst id="LOSAng">8406.84266666667</dst>
            <dst id="NYCMng">213.066666666667</dst>
            <dst id="SNVAng">10955.7413333333</dst>
            <dst id="STTLng">20427.6266666667</dst>
            <dst id="WASHng">259.154666666667</dst>
        </src>
        <src id="STTLng">
            <dst id="ATLA-M5">4711.768</dst>
            <dst id="ATLAng">76507.5706666667</dst>
            <dst id="CHINng">124638.456</dst>
            <dst id="DNVRng">30009.2693333333</dst>
            <dst id="HSTNng">42927.1306666666</dst>
            <dst id="IPLSng">115567.165333333</dst>
            <dst id="KSCYng">53494.2773333333</dst>
            <dst id="LOSAng">25380.7946666667</dst>
            <dst id="NYCMng">30189.952</dst>
            <dst id="SNVAng">5762.4</dst>
            <dst id="STTLng">21715.9466666667</dst>
            <dst id="WASHng">107484.568</dst>
        </src>
        <src id="WASHng">
            <dst id="ATLA-M5">8005.83466666667</dst>
            <dst id="ATLAng">125411.917333333</dst>
            <dst id="CHINng">85080.2106666667</dst>
            <dst id="DNVRng">61640.5866666667</dst>
            <dst id="HSTNng">34717.5173333333</dst>
            <dst id="IPLSng">57982.36</dst>
            <dst id="KSCYng">16394.304</dst>
            <dst id="LOSAng">71629.0986666667</dst>
            <dst id="NYCMng">217350.832</dst>
            <dst id="SNVAng">2502.47466666667</dst>
            <dst id="STTLng">57448.0453333333</dst>
            <dst id="WASHng">329042.426666667</dst>
        </src>
    </IntraTM>
</TrafficMatrixFile>
