<?xml version="1.0" encoding="ISO-8859-1" standalone="yes"?>
<TrafficMatrixFile xsi:noNamespaceSchemaLocation="http://totem.run.montefiore.ulg.ac.be/Schema/TrafficMatrix-v1_2.xsd" xmlns:xsi="http://www.w3.org/2001/XMLSchema-instance">
    <IntraTM ASID="11537">
        <src id="ATLA-M5">
            <dst id="ATLA-M5">26.6666666666667</dst>
            <dst id="ATLAng">1196.77866666667</dst>
            <dst id="CHINng">52153.5093333333</dst>
            <dst id="DNVRng">53.3333333333333</dst>
            <dst id="HSTNng">394</dst>
            <dst id="IPLSng">1450.70133333333</dst>
            <dst id="KSCYng">380.944</dst>
            <dst id="LOSAng">66.6666666666667</dst>
            <dst id="NYCMng">1249.91466666667</dst>
            <dst id="SNVAng">13.3333333333333</dst>
            <dst id="STTLng">957.16</dst>
            <dst id="WASHng">774.352</dst>
        </src>
        <src id="ATLAng">
            <dst id="ATLA-M5">415.229333333333</dst>
            <dst id="ATLAng">43176.584</dst>
            <dst id="CHINng">32015.3866666667</dst>
            <dst id="DNVRng">10296.344</dst>
            <dst id="HSTNng">9631.992</dst>
            <dst id="IPLSng">32617.8053333333</dst>
            <dst id="KSCYng">6607.776</dst>
            <dst id="LOSAng">13430.5426666667</dst>
            <dst id="NYCMng">13150.2693333333</dst>
            <dst id="SNVAng">2354.63866666667</dst>
            <dst id="STTLng">12292.248</dst>
            <dst id="WASHng">34010.984</dst>
        </src>
        <src id="CHINng">
            <dst id="ATLA-M5">1790.87466666667</dst>
            <dst id="ATLAng">28637.536</dst>
            <dst id="CHINng">289547.333333333</dst>
            <dst id="DNVRng">16843.3626666667</dst>
            <dst id="HSTNng">12344.5146666667</dst>
            <dst id="IPLSng">71733.992</dst>
            <dst id="KSCYng">25401.1893333333</dst>
            <dst id="LOSAng">40230.056</dst>
            <dst id="NYCMng">19234.5386666667</dst>
            <dst id="SNVAng">5842.90933333333</dst>
            <dst id="STTLng">31658.656</dst>
            <dst id="WASHng">40038.536</dst>
        </src>
        <src id="DNVRng">
            <dst id="ATLA-M5">271.104</dst>
            <dst id="ATLAng">7502.03466666667</dst>
            <dst id="CHINng">27726.2826666667</dst>
            <dst id="DNVRng">12943.16</dst>
            <dst id="HSTNng">18333.0986666667</dst>
            <dst id="IPLSng">14406.8746666667</dst>
            <dst id="KSCYng">29417.5146666667</dst>
            <dst id="LOSAng">14588.3066666667</dst>
            <dst id="NYCMng">6572.84266666667</dst>
            <dst id="SNVAng">17832.464</dst>
            <dst id="STTLng">57114.1093333333</dst>
            <dst id="WASHng">24889.216</dst>
        </src>
        <src id="HSTNng">
            <dst id="ATLA-M5">3224.144</dst>
            <dst id="ATLAng">7883.448</dst>
            <dst id="CHINng">20665.7733333333</dst>
            <dst id="DNVRng">1850.296</dst>
            <dst id="HSTNng">18006.688</dst>
            <dst id="IPLSng">6354.528</dst>
            <dst id="KSCYng">11732.0373333333</dst>
            <dst id="LOSAng">9124.784</dst>
            <dst id="NYCMng">4063.352</dst>
            <dst id="SNVAng">69.6533333333333</dst>
            <dst id="STTLng">6995.02133333333</dst>
            <dst id="WASHng">15049.5573333333</dst>
        </src>
        <src id="IPLSng">
            <dst id="ATLA-M5">981.272</dst>
            <dst id="ATLAng">15617.3466666667</dst>
            <dst id="CHINng">58318.816</dst>
            <dst id="DNVRng">6745.44533333333</dst>
            <dst id="HSTNng">7447.26933333333</dst>
            <dst id="IPLSng">33612.4853333333</dst>
            <dst id="KSCYng">11968.9706666667</dst>
            <dst id="LOSAng">19754.6693333333</dst>
            <dst id="NYCMng">6709.33866666667</dst>
            <dst id="SNVAng">6193.488</dst>
            <dst id="STTLng">27707.808</dst>
            <dst id="WASHng">18989.376</dst>
        </src>
        <src id="KSCYng">
            <dst id="ATLA-M5">390.952</dst>
            <dst id="ATLAng">5129.048</dst>
            <dst id="CHINng">26574.1946666667</dst>
            <dst id="DNVRng">8202.54666666667</dst>
            <dst id="HSTNng">7158.784</dst>
            <dst id="IPLSng">36636.3786666667</dst>
            <dst id="KSCYng">20621.5786666667</dst>
            <dst id="LOSAng">10203.224</dst>
            <dst id="NYCMng">6939.608</dst>
            <dst id="SNVAng">3513.496</dst>
            <dst id="STTLng">11143.344</dst>
            <dst id="WASHng">15043.2933333333</dst>
        </src>
        <src id="LOSAng">
            <dst id="ATLA-M5">227.101333333333</dst>
            <dst id="ATLAng">44097.0293333333</dst>
            <dst id="CHINng">111023.149333333</dst>
            <dst id="DNVRng">37227.2666666667</dst>
            <dst id="HSTNng">16224.5066666667</dst>
            <dst id="IPLSng">41345.704</dst>
            <dst id="KSCYng">10824.464</dst>
            <dst id="LOSAng">15387.7706666667</dst>
            <dst id="NYCMng">41706.4506666667</dst>
            <dst id="SNVAng">19424.376</dst>
            <dst id="STTLng">65577.9786666666</dst>
            <dst id="WASHng">61805.696</dst>
        </src>
        <src id="NYCMng">
            <dst id="ATLA-M5">3452.592</dst>
            <dst id="ATLAng">34154.432</dst>
            <dst id="CHINng">47275.9946666667</dst>
            <dst id="DNVRng">26331.824</dst>
            <dst id="HSTNng">10064.3893333333</dst>
            <dst id="IPLSng">25268.664</dst>
            <dst id="KSCYng">10635.6586666667</dst>
            <dst id="LOSAng">73777.0293333333</dst>
            <dst id="NYCMng">69183.3093333334</dst>
            <dst id="SNVAng">5080.08266666667</dst>
            <dst id="STTLng">28280.944</dst>
            <dst id="WASHng">93751.9333333333</dst>
        </src>
        <src id="SNVAng">
            <dst id="ATLA-M5">26.6666666666667</dst>
            <dst id="ATLAng">701.973333333333</dst>
            <dst id="CHINng">80</dst>
            <dst id="DNVRng">2532.328</dst>
            <dst id="HSTNng">0</dst>
            <dst id="IPLSng">455.186666666667</dst>
            <dst id="KSCYng">85.3333333333333</dst>
            <dst id="LOSAng">6868.69866666667</dst>
            <dst id="NYCMng">614.776</dst>
            <dst id="SNVAng">7006.13066666667</dst>
            <dst id="STTLng">18161.1813333333</dst>
            <dst id="WASHng">26.6666666666667</dst>
        </src>
        <src id="STTLng">
            <dst id="ATLA-M5">1180.14933333333</dst>
            <dst id="ATLAng">26760.184</dst>
            <dst id="CHINng">35110.8613333333</dst>
            <dst id="DNVRng">20552.4666666667</dst>
            <dst id="HSTNng">17942.7786666667</dst>
            <dst id="IPLSng">39754.392</dst>
            <dst id="KSCYng">23718.4106666667</dst>
            <dst id="LOSAng">56022.84</dst>
            <dst id="NYCMng">10117.464</dst>
            <dst id="SNVAng">6547.6</dst>
            <dst id="STTLng">32595.1093333333</dst>
            <dst id="WASHng">41107.176</dst>
        </src>
        <src id="WASHng">
            <dst id="ATLA-M5">2059.37333333333</dst>
            <dst id="ATLAng">119828.701333333</dst>
            <dst id="CHINng">517876.106666667</dst>
            <dst id="DNVRng">61241.7626666667</dst>
            <dst id="HSTNng">26297.5306666667</dst>
            <dst id="IPLSng">56881.2373333333</dst>
            <dst id="KSCYng">26447.904</dst>
            <dst id="LOSAng">86338.296</dst>
            <dst id="NYCMng">166951.970666667</dst>
            <dst id="SNVAng">7543.984</dst>
            <dst id="STTLng">53722.5733333333</dst>
            <dst id="WASHng">267161.6</dst>
        </src>
    </IntraTM>
</TrafficMatrixFile>
