<?xml version="1.0" encoding="ISO-8859-1" standalone="yes"?>
<TrafficMatrixFile xsi:noNamespaceSchemaLocation="http://totem.run.montefiore.ulg.ac.be/Schema/TrafficMatrix-v1_2.xsd" xmlns:xsi="http://www.w3.org/2001/XMLSchema-instance">
    <IntraTM ASID="11537">
        <src id="ATLA-M5">
            <dst id="ATLA-M5">97.752</dst>
            <dst id="ATLAng">1283.56</dst>
            <dst id="CHINng">1538.26933333333</dst>
            <dst id="DNVRng">863.885333333333</dst>
            <dst id="HSTNng">525.042666666667</dst>
            <dst id="IPLSng">951.989333333333</dst>
            <dst id="KSCYng">365.072</dst>
            <dst id="LOSAng">73.7773333333333</dst>
            <dst id="NYCMng">1581.77333333333</dst>
            <dst id="SNVAng">38.6546666666667</dst>
            <dst id="STTLng">1566.06933333333</dst>
            <dst id="WASHng">1340.99733333333</dst>
        </src>
        <src id="ATLAng">
            <dst id="ATLA-M5">1292.37866666667</dst>
            <dst id="ATLAng">29087.0133333333</dst>
            <dst id="CHINng">23999.8453333333</dst>
            <dst id="DNVRng">4348.32266666667</dst>
            <dst id="HSTNng">21058.5893333333</dst>
            <dst id="IPLSng">23546.96</dst>
            <dst id="KSCYng">6839.57066666667</dst>
            <dst id="LOSAng">17603.4613333333</dst>
            <dst id="NYCMng">10843.04</dst>
            <dst id="SNVAng">1971.568</dst>
            <dst id="STTLng">22956.5253333333</dst>
            <dst id="WASHng">71530.464</dst>
        </src>
        <src id="CHINng">
            <dst id="ATLA-M5">937.125333333334</dst>
            <dst id="ATLAng">28187.8106666667</dst>
            <dst id="CHINng">113729.010666667</dst>
            <dst id="DNVRng">15083.3146666667</dst>
            <dst id="HSTNng">19770.0133333333</dst>
            <dst id="IPLSng">142316.469333333</dst>
            <dst id="KSCYng">22150.1173333333</dst>
            <dst id="LOSAng">42909.6266666667</dst>
            <dst id="NYCMng">19723.9706666667</dst>
            <dst id="SNVAng">5393.34933333333</dst>
            <dst id="STTLng">42770.92</dst>
            <dst id="WASHng">38281.552</dst>
        </src>
        <src id="DNVRng">
            <dst id="ATLA-M5">132.488</dst>
            <dst id="ATLAng">10639.7253333333</dst>
            <dst id="CHINng">55863.4133333333</dst>
            <dst id="DNVRng">13268.7173333333</dst>
            <dst id="HSTNng">21019.2293333333</dst>
            <dst id="IPLSng">14154.1093333333</dst>
            <dst id="KSCYng">25630.4746666667</dst>
            <dst id="LOSAng">15437.0506666667</dst>
            <dst id="NYCMng">11866.4613333333</dst>
            <dst id="SNVAng">17726.104</dst>
            <dst id="STTLng">30208.9653333333</dst>
            <dst id="WASHng">33775.4</dst>
        </src>
        <src id="HSTNng">
            <dst id="ATLA-M5">639.690666666667</dst>
            <dst id="ATLAng">10901.72</dst>
            <dst id="CHINng">16008.7226666667</dst>
            <dst id="DNVRng">3900.29333333333</dst>
            <dst id="HSTNng">20301.6933333333</dst>
            <dst id="IPLSng">9561.64266666667</dst>
            <dst id="KSCYng">11088.48</dst>
            <dst id="LOSAng">95581.8613333333</dst>
            <dst id="NYCMng">5399.488</dst>
            <dst id="SNVAng">1063.32266666667</dst>
            <dst id="STTLng">14814.3306666667</dst>
            <dst id="WASHng">26266.904</dst>
        </src>
        <src id="IPLSng">
            <dst id="ATLA-M5">767.288</dst>
            <dst id="ATLAng">18691.6906666667</dst>
            <dst id="CHINng">167312.992</dst>
            <dst id="DNVRng">12624.3333333333</dst>
            <dst id="HSTNng">10739.4853333333</dst>
            <dst id="IPLSng">44602.5546666667</dst>
            <dst id="KSCYng">13371.8826666667</dst>
            <dst id="LOSAng">16211.56</dst>
            <dst id="NYCMng">27862.3573333333</dst>
            <dst id="SNVAng">5806.62666666667</dst>
            <dst id="STTLng">36417.6933333333</dst>
            <dst id="WASHng">64883.784</dst>
        </src>
        <src id="KSCYng">
            <dst id="ATLA-M5">506.098666666667</dst>
            <dst id="ATLAng">23906.0266666667</dst>
            <dst id="CHINng">36267.5813333333</dst>
            <dst id="DNVRng">11028.84</dst>
            <dst id="HSTNng">3612.44533333333</dst>
            <dst id="IPLSng">25705.8746666667</dst>
            <dst id="KSCYng">16503.96</dst>
            <dst id="LOSAng">9132.84533333333</dst>
            <dst id="NYCMng">7693.47733333333</dst>
            <dst id="SNVAng">3921.272</dst>
            <dst id="STTLng">15794.8106666667</dst>
            <dst id="WASHng">13844.208</dst>
        </src>
        <src id="LOSAng">
            <dst id="ATLA-M5">3017.264</dst>
            <dst id="ATLAng">28161.0986666667</dst>
            <dst id="CHINng">97930.8533333333</dst>
            <dst id="DNVRng">44823.888</dst>
            <dst id="HSTNng">20812.48</dst>
            <dst id="IPLSng">29071.624</dst>
            <dst id="KSCYng">15339.496</dst>
            <dst id="LOSAng">8259.272</dst>
            <dst id="NYCMng">48644.4373333333</dst>
            <dst id="SNVAng">21649.3786666667</dst>
            <dst id="STTLng">78074.144</dst>
            <dst id="WASHng">82090.2453333333</dst>
        </src>
        <src id="NYCMng">
            <dst id="ATLA-M5">1100.45066666667</dst>
            <dst id="ATLAng">41716.256</dst>
            <dst id="CHINng">37031.3093333333</dst>
            <dst id="DNVRng">19506.1893333333</dst>
            <dst id="HSTNng">26195.6773333333</dst>
            <dst id="IPLSng">63425.8586666667</dst>
            <dst id="KSCYng">15739.2</dst>
            <dst id="LOSAng">66782.816</dst>
            <dst id="NYCMng">190538.050666667</dst>
            <dst id="SNVAng">6882.74133333333</dst>
            <dst id="STTLng">20145.8506666667</dst>
            <dst id="WASHng">136189.938666667</dst>
        </src>
        <src id="SNVAng">
            <dst id="ATLA-M5">0</dst>
            <dst id="ATLAng">148</dst>
            <dst id="CHINng">0</dst>
            <dst id="DNVRng">5349.592</dst>
            <dst id="HSTNng">281.797333333333</dst>
            <dst id="IPLSng">555.149333333333</dst>
            <dst id="KSCYng">284.12</dst>
            <dst id="LOSAng">7744.86666666667</dst>
            <dst id="NYCMng">34.8693333333333</dst>
            <dst id="SNVAng">9851.81333333333</dst>
            <dst id="STTLng">19839.5493333333</dst>
            <dst id="WASHng">106.666666666667</dst>
        </src>
        <src id="STTLng">
            <dst id="ATLA-M5">3121.54133333333</dst>
            <dst id="ATLAng">71357.744</dst>
            <dst id="CHINng">119267.957333333</dst>
            <dst id="DNVRng">39960.576</dst>
            <dst id="HSTNng">42289.7253333333</dst>
            <dst id="IPLSng">98254.7066666667</dst>
            <dst id="KSCYng">57397.456</dst>
            <dst id="LOSAng">16621.6933333333</dst>
            <dst id="NYCMng">28852.2773333333</dst>
            <dst id="SNVAng">14500.0666666667</dst>
            <dst id="STTLng">37929.6213333333</dst>
            <dst id="WASHng">99173.6533333334</dst>
        </src>
        <src id="WASHng">
            <dst id="ATLA-M5">10839.6826666667</dst>
            <dst id="ATLAng">95379.8106666666</dst>
            <dst id="CHINng">89605.016</dst>
            <dst id="DNVRng">93759.0693333333</dst>
            <dst id="HSTNng">31718.16</dst>
            <dst id="IPLSng">108164.813333333</dst>
            <dst id="KSCYng">22256.672</dst>
            <dst id="LOSAng">89779.472</dst>
            <dst id="NYCMng">243433.213333333</dst>
            <dst id="SNVAng">8385.752</dst>
            <dst id="STTLng">72847.3013333333</dst>
            <dst id="WASHng">339088.666666667</dst>
        </src>
    </IntraTM>
</TrafficMatrixFile>
