<?xml version="1.0" encoding="ISO-8859-1" standalone="yes"?>
<TrafficMatrixFile xsi:noNamespaceSchemaLocation="http://totem.run.montefiore.ulg.ac.be/Schema/TrafficMatrix-v1_2.xsd" xmlns:xsi="http://www.w3.org/2001/XMLSchema-instance">
    <IntraTM ASID="11537">
        <src id="ATLA-M5">
            <dst id="ATLA-M5">26.6666666666667</dst>
            <dst id="ATLAng">548.645333333333</dst>
            <dst id="CHINng">1669.60533333333</dst>
            <dst id="DNVRng">458.997333333333</dst>
            <dst id="HSTNng">698.797333333333</dst>
            <dst id="IPLSng">544.637333333333</dst>
            <dst id="KSCYng">529.522666666667</dst>
            <dst id="LOSAng">240.217333333333</dst>
            <dst id="NYCMng">1156.352</dst>
            <dst id="SNVAng">133.393333333333</dst>
            <dst id="STTLng">924.752</dst>
            <dst id="WASHng">1619.41333333333</dst>
        </src>
        <src id="ATLAng">
            <dst id="ATLA-M5">476.512</dst>
            <dst id="ATLAng">34768.5333333333</dst>
            <dst id="CHINng">21132.8346666667</dst>
            <dst id="DNVRng">8265.432</dst>
            <dst id="HSTNng">7730.12533333333</dst>
            <dst id="IPLSng">19998.0613333333</dst>
            <dst id="KSCYng">4855.328</dst>
            <dst id="LOSAng">19044.1533333333</dst>
            <dst id="NYCMng">7535.96266666667</dst>
            <dst id="SNVAng">2331.548</dst>
            <dst id="STTLng">10433.2133333333</dst>
            <dst id="WASHng">39106.7786666667</dst>
        </src>
        <src id="CHINng">
            <dst id="ATLA-M5">1735.59466666667</dst>
            <dst id="ATLAng">21912.56</dst>
            <dst id="CHINng">105487.778666667</dst>
            <dst id="DNVRng">12689.1013333333</dst>
            <dst id="HSTNng">15589.2186666667</dst>
            <dst id="IPLSng">38392.7466666667</dst>
            <dst id="KSCYng">20742.1146666667</dst>
            <dst id="LOSAng">35670.6586666667</dst>
            <dst id="NYCMng">15350.0106666667</dst>
            <dst id="SNVAng">4512.872</dst>
            <dst id="STTLng">20404.7013333333</dst>
            <dst id="WASHng">32712.064</dst>
        </src>
        <src id="DNVRng">
            <dst id="ATLA-M5">381.674666666667</dst>
            <dst id="ATLAng">4338.86933333333</dst>
            <dst id="CHINng">30693.096</dst>
            <dst id="DNVRng">13414.7813333333</dst>
            <dst id="HSTNng">17734.4266666667</dst>
            <dst id="IPLSng">9367.75466666667</dst>
            <dst id="KSCYng">22799.9893333333</dst>
            <dst id="LOSAng">11851.472</dst>
            <dst id="NYCMng">6016.07733333333</dst>
            <dst id="SNVAng">36174.2293333333</dst>
            <dst id="STTLng">30582.7306666667</dst>
            <dst id="WASHng">26641.6533333333</dst>
        </src>
        <src id="HSTNng">
            <dst id="ATLA-M5">789.426666666667</dst>
            <dst id="ATLAng">7874.91733333333</dst>
            <dst id="CHINng">15026.816</dst>
            <dst id="DNVRng">1725.704</dst>
            <dst id="HSTNng">13163.8293333333</dst>
            <dst id="IPLSng">5211.58666666667</dst>
            <dst id="KSCYng">11484.7013333333</dst>
            <dst id="LOSAng">6143.43733333333</dst>
            <dst id="NYCMng">3903.09066666667</dst>
            <dst id="SNVAng">0</dst>
            <dst id="STTLng">5319.41333333333</dst>
            <dst id="WASHng">5121.92266666667</dst>
        </src>
        <src id="IPLSng">
            <dst id="ATLA-M5">515.88</dst>
            <dst id="ATLAng">12203.48</dst>
            <dst id="CHINng">53937.9893333333</dst>
            <dst id="DNVRng">5539.95733333333</dst>
            <dst id="HSTNng">7542.944</dst>
            <dst id="IPLSng">23703.424</dst>
            <dst id="KSCYng">6317.552</dst>
            <dst id="LOSAng">14844.6693333333</dst>
            <dst id="NYCMng">7453.64</dst>
            <dst id="SNVAng">4246.648</dst>
            <dst id="STTLng">20368.9226666667</dst>
            <dst id="WASHng">13118.7173333333</dst>
        </src>
        <src id="KSCYng">
            <dst id="ATLA-M5">318.349333333333</dst>
            <dst id="ATLAng">8194.82666666667</dst>
            <dst id="CHINng">30658.3813333333</dst>
            <dst id="DNVRng">8082.584</dst>
            <dst id="HSTNng">4255.064</dst>
            <dst id="IPLSng">16683.1866666667</dst>
            <dst id="KSCYng">8280.26933333333</dst>
            <dst id="LOSAng">5698.112</dst>
            <dst id="NYCMng">15899.8773333333</dst>
            <dst id="SNVAng">2274.66666666667</dst>
            <dst id="STTLng">8042.704</dst>
            <dst id="WASHng">20363.608</dst>
        </src>
        <src id="LOSAng">
            <dst id="ATLA-M5">1271.55733333333</dst>
            <dst id="ATLAng">12420.552</dst>
            <dst id="CHINng">79319.632</dst>
            <dst id="DNVRng">12701.1306666667</dst>
            <dst id="HSTNng">4421.93066666667</dst>
            <dst id="IPLSng">25420.9973333333</dst>
            <dst id="KSCYng">5514.432</dst>
            <dst id="LOSAng">19505.1386666667</dst>
            <dst id="NYCMng">35232.736</dst>
            <dst id="SNVAng">18053.1893333333</dst>
            <dst id="STTLng">49206.3786666667</dst>
            <dst id="WASHng">58119.8373333333</dst>
        </src>
        <src id="NYCMng">
            <dst id="ATLA-M5">2099.41866666667</dst>
            <dst id="ATLAng">24700.9333333333</dst>
            <dst id="CHINng">42852.656</dst>
            <dst id="DNVRng">22678.16</dst>
            <dst id="HSTNng">11205.728</dst>
            <dst id="IPLSng">22027.384</dst>
            <dst id="KSCYng">12965.0586666667</dst>
            <dst id="LOSAng">57779.328</dst>
            <dst id="NYCMng">66156.2346666667</dst>
            <dst id="SNVAng">2704.25066666667</dst>
            <dst id="STTLng">26544.0266666667</dst>
            <dst id="WASHng">57033.576</dst>
        </src>
        <src id="SNVAng">
            <dst id="ATLA-M5">0</dst>
            <dst id="ATLAng">596.634666666667</dst>
            <dst id="CHINng">106.666666666667</dst>
            <dst id="DNVRng">2498.68</dst>
            <dst id="HSTNng">26.6666666666667</dst>
            <dst id="IPLSng">388.154666666667</dst>
            <dst id="KSCYng">0</dst>
            <dst id="LOSAng">10484.2346666667</dst>
            <dst id="NYCMng">216.674666666667</dst>
            <dst id="SNVAng">8041.088</dst>
            <dst id="STTLng">16639.3013333333</dst>
            <dst id="WASHng">26.6666666666667</dst>
        </src>
        <src id="STTLng">
            <dst id="ATLA-M5">730.216</dst>
            <dst id="ATLAng">16745.2933333333</dst>
            <dst id="CHINng">25920.9866666667</dst>
            <dst id="DNVRng">11328.2746666667</dst>
            <dst id="HSTNng">6625.56266666667</dst>
            <dst id="IPLSng">14334.8453333333</dst>
            <dst id="KSCYng">11867.9973333333</dst>
            <dst id="LOSAng">45674.9786666667</dst>
            <dst id="NYCMng">8087.936</dst>
            <dst id="SNVAng">2706.67466666667</dst>
            <dst id="STTLng">24190.6613333333</dst>
            <dst id="WASHng">17607.8</dst>
        </src>
        <src id="WASHng">
            <dst id="ATLA-M5">5132.29866666667</dst>
            <dst id="ATLAng">101080.469333333</dst>
            <dst id="CHINng">89624.8533333333</dst>
            <dst id="DNVRng">68979.7093333333</dst>
            <dst id="HSTNng">33362.9653333333</dst>
            <dst id="IPLSng">42081.4026666667</dst>
            <dst id="KSCYng">32909.624</dst>
            <dst id="LOSAng">70834.4346666667</dst>
            <dst id="NYCMng">112130.208</dst>
            <dst id="SNVAng">6038.28</dst>
            <dst id="STTLng">55870.904</dst>
            <dst id="WASHng">363945.28</dst>
        </src>
    </IntraTM>
</TrafficMatrixFile>
