<?xml version="1.0" encoding="ISO-8859-1" standalone="yes"?>
<TrafficMatrixFile xsi:noNamespaceSchemaLocation="http://totem.run.montefiore.ulg.ac.be/Schema/TrafficMatrix-v1_2.xsd" xmlns:xsi="http://www.w3.org/2001/XMLSchema-instance">
    <IntraTM ASID="11537">
        <src id="ATLA-M5">
            <dst id="ATLA-M5">0</dst>
            <dst id="ATLAng">163.197333333333</dst>
            <dst id="CHINng">474</dst>
            <dst id="DNVRng">53.3333333333333</dst>
            <dst id="HSTNng">192.458666666667</dst>
            <dst id="IPLSng">497.312</dst>
            <dst id="KSCYng">597.56</dst>
            <dst id="LOSAng">68.4346666666667</dst>
            <dst id="NYCMng">1287.69866666667</dst>
            <dst id="SNVAng">0</dst>
            <dst id="STTLng">356.224</dst>
            <dst id="WASHng">5920.528</dst>
        </src>
        <src id="ATLAng">
            <dst id="ATLA-M5">1709.24533333333</dst>
            <dst id="ATLAng">29686.4293333333</dst>
            <dst id="CHINng">13048.6586666667</dst>
            <dst id="DNVRng">5721.48533333333</dst>
            <dst id="HSTNng">1348.08</dst>
            <dst id="IPLSng">13361.912</dst>
            <dst id="KSCYng">2108.856</dst>
            <dst id="LOSAng">13205.3306666667</dst>
            <dst id="NYCMng">7159.45866666666</dst>
            <dst id="SNVAng">650.197333333333</dst>
            <dst id="STTLng">7806.552</dst>
            <dst id="WASHng">43965.2346666667</dst>
        </src>
        <src id="CHINng">
            <dst id="ATLA-M5">134.698666666667</dst>
            <dst id="ATLAng">23623.9973333333</dst>
            <dst id="CHINng">138723.114666667</dst>
            <dst id="DNVRng">11319.7226666667</dst>
            <dst id="HSTNng">6385.128</dst>
            <dst id="IPLSng">32513.1946666667</dst>
            <dst id="KSCYng">9439.15466666667</dst>
            <dst id="LOSAng">29448.312</dst>
            <dst id="NYCMng">9971.78933333333</dst>
            <dst id="SNVAng">3442.64</dst>
            <dst id="STTLng">15605.6426666667</dst>
            <dst id="WASHng">12395.008</dst>
        </src>
        <src id="DNVRng">
            <dst id="ATLA-M5">114.88</dst>
            <dst id="ATLAng">2653.01333333333</dst>
            <dst id="CHINng">37578.1893333333</dst>
            <dst id="DNVRng">18034.816</dst>
            <dst id="HSTNng">13202.36</dst>
            <dst id="IPLSng">16076.2053333333</dst>
            <dst id="KSCYng">26975.992</dst>
            <dst id="LOSAng">13318.336</dst>
            <dst id="NYCMng">8615.97333333333</dst>
            <dst id="SNVAng">25952.5173333333</dst>
            <dst id="STTLng">12510.4906666667</dst>
            <dst id="WASHng">20164.368</dst>
        </src>
        <src id="HSTNng">
            <dst id="ATLA-M5">4162.46666666667</dst>
            <dst id="ATLAng">4114.16266666667</dst>
            <dst id="CHINng">22378.4506666667</dst>
            <dst id="DNVRng">1314.928</dst>
            <dst id="HSTNng">15181.464</dst>
            <dst id="IPLSng">1662.90133333333</dst>
            <dst id="KSCYng">9648.416</dst>
            <dst id="LOSAng">2453.86933333333</dst>
            <dst id="NYCMng">3752.29066666667</dst>
            <dst id="SNVAng">0</dst>
            <dst id="STTLng">4641.03733333333</dst>
            <dst id="WASHng">16390.9066666667</dst>
        </src>
        <src id="IPLSng">
            <dst id="ATLA-M5">356.792</dst>
            <dst id="ATLAng">4638.67466666667</dst>
            <dst id="CHINng">72525.624</dst>
            <dst id="DNVRng">4728.57333333333</dst>
            <dst id="HSTNng">2379.15733333333</dst>
            <dst id="IPLSng">3646.05066666667</dst>
            <dst id="KSCYng">5192.12266666667</dst>
            <dst id="LOSAng">14191.9706666667</dst>
            <dst id="NYCMng">12577.44</dst>
            <dst id="SNVAng">819.589333333333</dst>
            <dst id="STTLng">13178.888</dst>
            <dst id="WASHng">16476.36</dst>
        </src>
        <src id="KSCYng">
            <dst id="ATLA-M5">324.184</dst>
            <dst id="ATLAng">5101.72266666667</dst>
            <dst id="CHINng">24321.7413333333</dst>
            <dst id="DNVRng">8534.99466666667</dst>
            <dst id="HSTNng">2355.75466666667</dst>
            <dst id="IPLSng">13308.7573333333</dst>
            <dst id="KSCYng">12512.92</dst>
            <dst id="LOSAng">3947.61066666667</dst>
            <dst id="NYCMng">4958.896</dst>
            <dst id="SNVAng">2556.42666666667</dst>
            <dst id="STTLng">10821.7146666667</dst>
            <dst id="WASHng">8135.40266666667</dst>
        </src>
        <src id="LOSAng">
            <dst id="ATLA-M5">0</dst>
            <dst id="ATLAng">8152.74666666667</dst>
            <dst id="CHINng">101742.650666667</dst>
            <dst id="DNVRng">6475.76266666667</dst>
            <dst id="HSTNng">1614.05066666667</dst>
            <dst id="IPLSng">23557.3813333333</dst>
            <dst id="KSCYng">2076.01066666667</dst>
            <dst id="LOSAng">12264.3466666667</dst>
            <dst id="NYCMng">28726.2693333333</dst>
            <dst id="SNVAng">18288.3653333333</dst>
            <dst id="STTLng">38687.68</dst>
            <dst id="WASHng">37761.6026666667</dst>
        </src>
        <src id="NYCMng">
            <dst id="ATLA-M5">1345.8</dst>
            <dst id="ATLAng">22626.0213333333</dst>
            <dst id="CHINng">26355.024</dst>
            <dst id="DNVRng">15156.9093333333</dst>
            <dst id="HSTNng">8944.05066666667</dst>
            <dst id="IPLSng">17900.4453333333</dst>
            <dst id="KSCYng">10824.368</dst>
            <dst id="LOSAng">40898.3573333333</dst>
            <dst id="NYCMng">89724.2346666667</dst>
            <dst id="SNVAng">2591.68533333333</dst>
            <dst id="STTLng">18972.0533333333</dst>
            <dst id="WASHng">53051.6133333333</dst>
        </src>
        <src id="SNVAng">
            <dst id="ATLA-M5">0</dst>
            <dst id="ATLAng">53.3333333333333</dst>
            <dst id="CHINng">80</dst>
            <dst id="DNVRng">2389.84</dst>
            <dst id="HSTNng">44.8</dst>
            <dst id="IPLSng">3467.43733333333</dst>
            <dst id="KSCYng">849.901333333333</dst>
            <dst id="LOSAng">4283.47733333333</dst>
            <dst id="NYCMng">187.128</dst>
            <dst id="SNVAng">5089.6</dst>
            <dst id="STTLng">12612.048</dst>
            <dst id="WASHng">0</dst>
        </src>
        <src id="STTLng">
            <dst id="ATLA-M5">1428.61066666667</dst>
            <dst id="ATLAng">10360.8693333333</dst>
            <dst id="CHINng">32839.8453333333</dst>
            <dst id="DNVRng">2366.048</dst>
            <dst id="HSTNng">2307.584</dst>
            <dst id="IPLSng">8890.89333333333</dst>
            <dst id="KSCYng">4236.26133333333</dst>
            <dst id="LOSAng">28993.1973333333</dst>
            <dst id="NYCMng">7289.23466666667</dst>
            <dst id="SNVAng">4034.95733333333</dst>
            <dst id="STTLng">24188.384</dst>
            <dst id="WASHng">10375.8026666667</dst>
        </src>
        <src id="WASHng">
            <dst id="ATLA-M5">159.794666666667</dst>
            <dst id="ATLAng">83865.1706666666</dst>
            <dst id="CHINng">86766.8213333333</dst>
            <dst id="DNVRng">55933.3013333333</dst>
            <dst id="HSTNng">17260.984</dst>
            <dst id="IPLSng">34382.704</dst>
            <dst id="KSCYng">22597.2773333333</dst>
            <dst id="LOSAng">86691.656</dst>
            <dst id="NYCMng">143077.232</dst>
            <dst id="SNVAng">4663.12</dst>
            <dst id="STTLng">30566.0426666667</dst>
            <dst id="WASHng">360469.893333333</dst>
        </src>
    </IntraTM>
</TrafficMatrixFile>
