<?xml version="1.0" encoding="ISO-8859-1" standalone="yes"?>
<TrafficMatrixFile xsi:noNamespaceSchemaLocation="http://totem.run.montefiore.ulg.ac.be/Schema/TrafficMatrix-v1_2.xsd" xmlns:xsi="http://www.w3.org/2001/XMLSchema-instance">
    <IntraTM ASID="11537">
        <src id="ATLA-M5">
            <dst id="ATLA-M5">0</dst>
            <dst id="ATLAng">542.058666666667</dst>
            <dst id="CHINng">961.536</dst>
            <dst id="DNVRng">176.312</dst>
            <dst id="HSTNng">156.549333333333</dst>
            <dst id="IPLSng">351.013333333333</dst>
            <dst id="KSCYng">222.224</dst>
            <dst id="LOSAng">399.774666666667</dst>
            <dst id="NYCMng">1486.84266666667</dst>
            <dst id="SNVAng">37.6573333333333</dst>
            <dst id="STTLng">306.250666666667</dst>
            <dst id="WASHng">1087.26133333333</dst>
        </src>
        <src id="ATLAng">
            <dst id="ATLA-M5">127.101333333333</dst>
            <dst id="ATLAng">40492.3786666667</dst>
            <dst id="CHINng">14878.3066666667</dst>
            <dst id="DNVRng">5944.94933333333</dst>
            <dst id="HSTNng">2901.96</dst>
            <dst id="IPLSng">22571.6586666667</dst>
            <dst id="KSCYng">2580.02933333333</dst>
            <dst id="LOSAng">16829.7733333333</dst>
            <dst id="NYCMng">5861.26666666667</dst>
            <dst id="SNVAng">710.666666666667</dst>
            <dst id="STTLng">9157.02133333333</dst>
            <dst id="WASHng">47048.208</dst>
        </src>
        <src id="CHINng">
            <dst id="ATLA-M5">315.506666666667</dst>
            <dst id="ATLAng">14478.4133333333</dst>
            <dst id="CHINng">114433.664</dst>
            <dst id="DNVRng">13125.0933333333</dst>
            <dst id="HSTNng">11323.8053333333</dst>
            <dst id="IPLSng">53177.1066666667</dst>
            <dst id="KSCYng">23407.2826666667</dst>
            <dst id="LOSAng">33334.5146666667</dst>
            <dst id="NYCMng">18662.7066666667</dst>
            <dst id="SNVAng">4104.456</dst>
            <dst id="STTLng">21882.728</dst>
            <dst id="WASHng">17974.608</dst>
        </src>
        <src id="DNVRng">
            <dst id="ATLA-M5">262.634666666667</dst>
            <dst id="ATLAng">3202.05866666667</dst>
            <dst id="CHINng">74743.104</dst>
            <dst id="DNVRng">15675.9066666667</dst>
            <dst id="HSTNng">12571.7386666667</dst>
            <dst id="IPLSng">11545.9226666667</dst>
            <dst id="KSCYng">27060.76</dst>
            <dst id="LOSAng">6194.656</dst>
            <dst id="NYCMng">9238.60533333333</dst>
            <dst id="SNVAng">10973.6026666667</dst>
            <dst id="STTLng">15525.9386666667</dst>
            <dst id="WASHng">20299.2106666667</dst>
        </src>
        <src id="HSTNng">
            <dst id="ATLA-M5">279.381333333333</dst>
            <dst id="ATLAng">2948.104</dst>
            <dst id="CHINng">19252.5866666667</dst>
            <dst id="DNVRng">2485.37866666667</dst>
            <dst id="HSTNng">17265.4746666667</dst>
            <dst id="IPLSng">1989.93066666667</dst>
            <dst id="KSCYng">12046.9093333333</dst>
            <dst id="LOSAng">3478.14933333333</dst>
            <dst id="NYCMng">4108.47466666667</dst>
            <dst id="SNVAng">126.92</dst>
            <dst id="STTLng">6016.65066666667</dst>
            <dst id="WASHng">11559.064</dst>
        </src>
        <src id="IPLSng">
            <dst id="ATLA-M5">1002.50133333333</dst>
            <dst id="ATLAng">8058.58933333334</dst>
            <dst id="CHINng">87368.424</dst>
            <dst id="DNVRng">4725.60533333333</dst>
            <dst id="HSTNng">2236.49866666667</dst>
            <dst id="IPLSng">5958.28266666667</dst>
            <dst id="KSCYng">2937.69066666667</dst>
            <dst id="LOSAng">19529.7493333333</dst>
            <dst id="NYCMng">9446.336</dst>
            <dst id="SNVAng">964.448</dst>
            <dst id="STTLng">22117.8026666667</dst>
            <dst id="WASHng">46660.944</dst>
        </src>
        <src id="KSCYng">
            <dst id="ATLA-M5">220.488</dst>
            <dst id="ATLAng">4761.968</dst>
            <dst id="CHINng">30382.056</dst>
            <dst id="DNVRng">8226.744</dst>
            <dst id="HSTNng">2860.36266666667</dst>
            <dst id="IPLSng">16442.048</dst>
            <dst id="KSCYng">14917.776</dst>
            <dst id="LOSAng">4762.46666666667</dst>
            <dst id="NYCMng">7641.71733333333</dst>
            <dst id="SNVAng">2233.472</dst>
            <dst id="STTLng">12355.904</dst>
            <dst id="WASHng">9993.77866666667</dst>
        </src>
        <src id="LOSAng">
            <dst id="ATLA-M5">0</dst>
            <dst id="ATLAng">13424.8106666667</dst>
            <dst id="CHINng">80513.2533333333</dst>
            <dst id="DNVRng">5028.224</dst>
            <dst id="HSTNng">1902.41866666667</dst>
            <dst id="IPLSng">18182.4346666667</dst>
            <dst id="KSCYng">4210.496</dst>
            <dst id="LOSAng">10156.832</dst>
            <dst id="NYCMng">29923.48</dst>
            <dst id="SNVAng">22761.3786666667</dst>
            <dst id="STTLng">38830.7146666667</dst>
            <dst id="WASHng">45668.1173333333</dst>
        </src>
        <src id="NYCMng">
            <dst id="ATLA-M5">1176.07733333333</dst>
            <dst id="ATLAng">20037.3306666667</dst>
            <dst id="CHINng">34579.6746666667</dst>
            <dst id="DNVRng">16732.3466666667</dst>
            <dst id="HSTNng">6732.94133333333</dst>
            <dst id="IPLSng">22286.5973333333</dst>
            <dst id="KSCYng">13502.2</dst>
            <dst id="LOSAng">47678.8746666667</dst>
            <dst id="NYCMng">117859.904</dst>
            <dst id="SNVAng">5078.86133333333</dst>
            <dst id="STTLng">20052.7546666667</dst>
            <dst id="WASHng">82592.1226666667</dst>
        </src>
        <src id="SNVAng">
            <dst id="ATLA-M5">0</dst>
            <dst id="ATLAng">26.6666666666667</dst>
            <dst id="CHINng">26.6666666666667</dst>
            <dst id="DNVRng">1517.41866666667</dst>
            <dst id="HSTNng">58.0266666666667</dst>
            <dst id="IPLSng">344.384</dst>
            <dst id="KSCYng">26.6666666666667</dst>
            <dst id="LOSAng">5805.184</dst>
            <dst id="NYCMng">692.112</dst>
            <dst id="SNVAng">6513.872</dst>
            <dst id="STTLng">23666.2986666667</dst>
            <dst id="WASHng">5425.87733333333</dst>
        </src>
        <src id="STTLng">
            <dst id="ATLA-M5">285.418666666667</dst>
            <dst id="ATLAng">10417.7306666667</dst>
            <dst id="CHINng">36974.632</dst>
            <dst id="DNVRng">7420.53333333333</dst>
            <dst id="HSTNng">3348.85333333333</dst>
            <dst id="IPLSng">8171.22933333333</dst>
            <dst id="KSCYng">4182.376</dst>
            <dst id="LOSAng">67928.2773333333</dst>
            <dst id="NYCMng">7216.98933333333</dst>
            <dst id="SNVAng">3604.98133333333</dst>
            <dst id="STTLng">27932.32</dst>
            <dst id="WASHng">10424.7946666667</dst>
        </src>
        <src id="WASHng">
            <dst id="ATLA-M5">314.930666666667</dst>
            <dst id="ATLAng">85948.5946666667</dst>
            <dst id="CHINng">95687.0266666667</dst>
            <dst id="DNVRng">57347.9306666667</dst>
            <dst id="HSTNng">20677.432</dst>
            <dst id="IPLSng">49541.6533333333</dst>
            <dst id="KSCYng">29939.1466666667</dst>
            <dst id="LOSAng">87079.1973333333</dst>
            <dst id="NYCMng">127229.074666667</dst>
            <dst id="SNVAng">14038.9653333333</dst>
            <dst id="STTLng">46557.616</dst>
            <dst id="WASHng">315670.96</dst>
        </src>
    </IntraTM>
</TrafficMatrixFile>
