<?xml version="1.0" encoding="ISO-8859-1" standalone="yes"?>
<TrafficMatrixFile xsi:noNamespaceSchemaLocation="http://totem.run.montefiore.ulg.ac.be/Schema/TrafficMatrix-v1_2.xsd" xmlns:xsi="http://www.w3.org/2001/XMLSchema-instance">
    <IntraTM ASID="11537">
        <src id="ATLA-M5">
            <dst id="ATLA-M5">185.824</dst>
            <dst id="ATLAng">357.392</dst>
            <dst id="CHINng">794.741333333333</dst>
            <dst id="DNVRng">26.6666666666667</dst>
            <dst id="HSTNng">61.0106666666667</dst>
            <dst id="IPLSng">527.938666666667</dst>
            <dst id="KSCYng">173.858666666667</dst>
            <dst id="LOSAng">102.814666666667</dst>
            <dst id="NYCMng">1147.088</dst>
            <dst id="SNVAng">14.644</dst>
            <dst id="STTLng">455.258666666667</dst>
            <dst id="WASHng">1092.34933333333</dst>
        </src>
        <src id="ATLAng">
            <dst id="ATLA-M5">292.981333333333</dst>
            <dst id="ATLAng">36217.328</dst>
            <dst id="CHINng">12797.424</dst>
            <dst id="DNVRng">13294.344</dst>
            <dst id="HSTNng">15760.872</dst>
            <dst id="IPLSng">15156.6266666667</dst>
            <dst id="KSCYng">2361.70933333333</dst>
            <dst id="LOSAng">11738.9826666667</dst>
            <dst id="NYCMng">6133.264</dst>
            <dst id="SNVAng">328.606666666667</dst>
            <dst id="STTLng">9974.63733333333</dst>
            <dst id="WASHng">49004.5333333333</dst>
        </src>
        <src id="CHINng">
            <dst id="ATLA-M5">204.498666666667</dst>
            <dst id="ATLAng">11854.976</dst>
            <dst id="CHINng">152628.562666667</dst>
            <dst id="DNVRng">8660.08533333334</dst>
            <dst id="HSTNng">7189.08533333333</dst>
            <dst id="IPLSng">60535.6506666667</dst>
            <dst id="KSCYng">17006.1226666667</dst>
            <dst id="LOSAng">32994.2346666667</dst>
            <dst id="NYCMng">11928.6586666667</dst>
            <dst id="SNVAng">3026.512</dst>
            <dst id="STTLng">16096.6266666667</dst>
            <dst id="WASHng">13048.1013333333</dst>
        </src>
        <src id="DNVRng">
            <dst id="ATLA-M5">149.045333333333</dst>
            <dst id="ATLAng">3151.94933333333</dst>
            <dst id="CHINng">54518.4666666667</dst>
            <dst id="DNVRng">11012.4666666667</dst>
            <dst id="HSTNng">6827.736</dst>
            <dst id="IPLSng">8730.42933333333</dst>
            <dst id="KSCYng">19658.8</dst>
            <dst id="LOSAng">4614.784</dst>
            <dst id="NYCMng">8526.71466666667</dst>
            <dst id="SNVAng">6545.224</dst>
            <dst id="STTLng">11597.1546666667</dst>
            <dst id="WASHng">19025.6453333333</dst>
        </src>
        <src id="HSTNng">
            <dst id="ATLA-M5">2906.376</dst>
            <dst id="ATLAng">5577.16266666667</dst>
            <dst id="CHINng">21143.48</dst>
            <dst id="DNVRng">692.488</dst>
            <dst id="HSTNng">19557.272</dst>
            <dst id="IPLSng">1574.568</dst>
            <dst id="KSCYng">8919.50666666666</dst>
            <dst id="LOSAng">3988.62133333333</dst>
            <dst id="NYCMng">3683.6</dst>
            <dst id="SNVAng">217.994666666667</dst>
            <dst id="STTLng">4340.192</dst>
            <dst id="WASHng">16388.4133333333</dst>
        </src>
        <src id="IPLSng">
            <dst id="ATLA-M5">481.970666666667</dst>
            <dst id="ATLAng">5990.944</dst>
            <dst id="CHINng">65479.12</dst>
            <dst id="DNVRng">4287.62666666667</dst>
            <dst id="HSTNng">1161.01066666667</dst>
            <dst id="IPLSng">7088.936</dst>
            <dst id="KSCYng">9894.568</dst>
            <dst id="LOSAng">16712.4826666667</dst>
            <dst id="NYCMng">9020.86666666667</dst>
            <dst id="SNVAng">1081.93066666667</dst>
            <dst id="STTLng">20819.7306666667</dst>
            <dst id="WASHng">30374.9333333333</dst>
        </src>
        <src id="KSCYng">
            <dst id="ATLA-M5">363.661333333333</dst>
            <dst id="ATLAng">4761.82133333333</dst>
            <dst id="CHINng">28275.6026666667</dst>
            <dst id="DNVRng">10897.7333333333</dst>
            <dst id="HSTNng">4609.07466666667</dst>
            <dst id="IPLSng">11917.9253333333</dst>
            <dst id="KSCYng">9288.11733333333</dst>
            <dst id="LOSAng">4907.05066666667</dst>
            <dst id="NYCMng">7496.536</dst>
            <dst id="SNVAng">2869.09866666667</dst>
            <dst id="STTLng">13399.152</dst>
            <dst id="WASHng">9304.456</dst>
        </src>
        <src id="LOSAng">
            <dst id="ATLA-M5">26.6666666666667</dst>
            <dst id="ATLAng">7468.27466666667</dst>
            <dst id="CHINng">95018.9733333333</dst>
            <dst id="DNVRng">10189.3626666667</dst>
            <dst id="HSTNng">2840.91733333333</dst>
            <dst id="IPLSng">32352.6346666667</dst>
            <dst id="KSCYng">3508.136</dst>
            <dst id="LOSAng">14487.6186666667</dst>
            <dst id="NYCMng">29956.624</dst>
            <dst id="SNVAng">22299.9413333333</dst>
            <dst id="STTLng">48170.496</dst>
            <dst id="WASHng">38257.0853333333</dst>
        </src>
        <src id="NYCMng">
            <dst id="ATLA-M5">1625.07733333333</dst>
            <dst id="ATLAng">30939.2266666667</dst>
            <dst id="CHINng">37254.4586666667</dst>
            <dst id="DNVRng">16759.2133333333</dst>
            <dst id="HSTNng">4183.11466666667</dst>
            <dst id="IPLSng">12260.6453333333</dst>
            <dst id="KSCYng">10008.2213333333</dst>
            <dst id="LOSAng">54568.576</dst>
            <dst id="NYCMng">103760.061333333</dst>
            <dst id="SNVAng">860.506666666667</dst>
            <dst id="STTLng">17014.088</dst>
            <dst id="WASHng">53390.0986666667</dst>
        </src>
        <src id="SNVAng">
            <dst id="ATLA-M5">0</dst>
            <dst id="ATLAng">0</dst>
            <dst id="CHINng">106.666666666667</dst>
            <dst id="DNVRng">5145.86133333333</dst>
            <dst id="HSTNng">44.8</dst>
            <dst id="IPLSng">407.208</dst>
            <dst id="KSCYng">0</dst>
            <dst id="LOSAng">7345.05066666666</dst>
            <dst id="NYCMng">197.68</dst>
            <dst id="SNVAng">6204.59466666667</dst>
            <dst id="STTLng">21083.2426666667</dst>
            <dst id="WASHng">26.6666666666667</dst>
        </src>
        <src id="STTLng">
            <dst id="ATLA-M5">182.4</dst>
            <dst id="ATLAng">9370.98666666667</dst>
            <dst id="CHINng">38434.528</dst>
            <dst id="DNVRng">9669.92</dst>
            <dst id="HSTNng">7545.58933333334</dst>
            <dst id="IPLSng">14179.96</dst>
            <dst id="KSCYng">4876.54666666667</dst>
            <dst id="LOSAng">27969.6853333333</dst>
            <dst id="NYCMng">6622.97866666667</dst>
            <dst id="SNVAng">2042.56</dst>
            <dst id="STTLng">19224.088</dst>
            <dst id="WASHng">11240.848</dst>
        </src>
        <src id="WASHng">
            <dst id="ATLA-M5">204.538666666667</dst>
            <dst id="ATLAng">102731.616</dst>
            <dst id="CHINng">83347.0186666667</dst>
            <dst id="DNVRng">58300.7653333333</dst>
            <dst id="HSTNng">31216.1946666667</dst>
            <dst id="IPLSng">39441.656</dst>
            <dst id="KSCYng">22349.136</dst>
            <dst id="LOSAng">88247.784</dst>
            <dst id="NYCMng">106103.410666667</dst>
            <dst id="SNVAng">10676.024</dst>
            <dst id="STTLng">38391.608</dst>
            <dst id="WASHng">397147.226666667</dst>
        </src>
    </IntraTM>
</TrafficMatrixFile>
