<?xml version="1.0" encoding="ISO-8859-1" standalone="yes"?>
<TrafficMatrixFile xsi:noNamespaceSchemaLocation="http://totem.run.montefiore.ulg.ac.be/Schema/TrafficMatrix-v1_2.xsd" xmlns:xsi="http://www.w3.org/2001/XMLSchema-instance">
    <IntraTM ASID="11537">
        <src id="ATLA-M5">
            <dst id="ATLA-M5">26.6666666666667</dst>
            <dst id="ATLAng">234.722666666667</dst>
            <dst id="CHINng">619.789333333333</dst>
            <dst id="DNVRng">76.0106666666667</dst>
            <dst id="HSTNng">160</dst>
            <dst id="IPLSng">525.917333333333</dst>
            <dst id="KSCYng">53.3333333333333</dst>
            <dst id="LOSAng">261.864</dst>
            <dst id="NYCMng">53.3333333333333</dst>
            <dst id="SNVAng">137.368</dst>
            <dst id="STTLng">353.765333333333</dst>
            <dst id="WASHng">2045.85333333333</dst>
        </src>
        <src id="ATLAng">
            <dst id="ATLA-M5">418.909333333333</dst>
            <dst id="ATLAng">37035.528</dst>
            <dst id="CHINng">12684.672</dst>
            <dst id="DNVRng">2841.75733333333</dst>
            <dst id="HSTNng">1345.04266666667</dst>
            <dst id="IPLSng">18589.2933333333</dst>
            <dst id="KSCYng">2379.104</dst>
            <dst id="LOSAng">26710.6986666667</dst>
            <dst id="NYCMng">9655.69866666667</dst>
            <dst id="SNVAng">478.334666666667</dst>
            <dst id="STTLng">8196.952</dst>
            <dst id="WASHng">60770.6213333333</dst>
        </src>
        <src id="CHINng">
            <dst id="ATLA-M5">438.448</dst>
            <dst id="ATLAng">16147.7813333333</dst>
            <dst id="CHINng">94943.7013333333</dst>
            <dst id="DNVRng">22627.976</dst>
            <dst id="HSTNng">7206.53866666667</dst>
            <dst id="IPLSng">40749.3573333333</dst>
            <dst id="KSCYng">12850.7253333333</dst>
            <dst id="LOSAng">34848.136</dst>
            <dst id="NYCMng">8850.43733333333</dst>
            <dst id="SNVAng">4913.63733333333</dst>
            <dst id="STTLng">17443.0613333333</dst>
            <dst id="WASHng">20822.0346666667</dst>
        </src>
        <src id="DNVRng">
            <dst id="ATLA-M5">116.586666666667</dst>
            <dst id="ATLAng">2209.31466666667</dst>
            <dst id="CHINng">54491.1946666667</dst>
            <dst id="DNVRng">12190</dst>
            <dst id="HSTNng">10788.1306666667</dst>
            <dst id="IPLSng">11642.656</dst>
            <dst id="KSCYng">18987.0453333333</dst>
            <dst id="LOSAng">6146.39733333333</dst>
            <dst id="NYCMng">8061.79733333333</dst>
            <dst id="SNVAng">13855.248</dst>
            <dst id="STTLng">18736.0133333333</dst>
            <dst id="WASHng">28462.6746666667</dst>
        </src>
        <src id="HSTNng">
            <dst id="ATLA-M5">413.104</dst>
            <dst id="ATLAng">5205.78933333333</dst>
            <dst id="CHINng">18853.376</dst>
            <dst id="DNVRng">801.381333333333</dst>
            <dst id="HSTNng">18566.0933333333</dst>
            <dst id="IPLSng">2179.28</dst>
            <dst id="KSCYng">6390.32533333333</dst>
            <dst id="LOSAng">19487.1866666667</dst>
            <dst id="NYCMng">1351.368</dst>
            <dst id="SNVAng">564.781333333333</dst>
            <dst id="STTLng">3361.33066666667</dst>
            <dst id="WASHng">4773.96533333333</dst>
        </src>
        <src id="IPLSng">
            <dst id="ATLA-M5">559.928</dst>
            <dst id="ATLAng">5711.57866666667</dst>
            <dst id="CHINng">68755.224</dst>
            <dst id="DNVRng">12919.9733333333</dst>
            <dst id="HSTNng">820.618666666667</dst>
            <dst id="IPLSng">13255.1626666667</dst>
            <dst id="KSCYng">6477.792</dst>
            <dst id="LOSAng">13926.1466666667</dst>
            <dst id="NYCMng">10582.064</dst>
            <dst id="SNVAng">434.834666666667</dst>
            <dst id="STTLng">19644.8693333333</dst>
            <dst id="WASHng">9523.07466666666</dst>
        </src>
        <src id="KSCYng">
            <dst id="ATLA-M5">26.6666666666667</dst>
            <dst id="ATLAng">3636.91466666667</dst>
            <dst id="CHINng">24805.2933333333</dst>
            <dst id="DNVRng">7361.09066666667</dst>
            <dst id="HSTNng">3452.78133333333</dst>
            <dst id="IPLSng">13370.648</dst>
            <dst id="KSCYng">12056.288</dst>
            <dst id="LOSAng">4407.78666666667</dst>
            <dst id="NYCMng">4881.432</dst>
            <dst id="SNVAng">2645.08266666667</dst>
            <dst id="STTLng">5129.088</dst>
            <dst id="WASHng">10429.264</dst>
        </src>
        <src id="LOSAng">
            <dst id="ATLA-M5">148.533333333333</dst>
            <dst id="ATLAng">7492.39733333333</dst>
            <dst id="CHINng">6521268.26666667</dst>
            <dst id="DNVRng">15904.7653333333</dst>
            <dst id="HSTNng">8299.10666666667</dst>
            <dst id="IPLSng">14705.16</dst>
            <dst id="KSCYng">3005.55466666667</dst>
            <dst id="LOSAng">17815.2346666667</dst>
            <dst id="NYCMng">50590.2693333333</dst>
            <dst id="SNVAng">19734.136</dst>
            <dst id="STTLng">49488.9493333333</dst>
            <dst id="WASHng">38587.8106666667</dst>
        </src>
        <src id="NYCMng">
            <dst id="ATLA-M5">846.514666666667</dst>
            <dst id="ATLAng">26386.9946666667</dst>
            <dst id="CHINng">33920.152</dst>
            <dst id="DNVRng">17664.5173333333</dst>
            <dst id="HSTNng">3820.69066666667</dst>
            <dst id="IPLSng">19877.4533333333</dst>
            <dst id="KSCYng">4921.808</dst>
            <dst id="LOSAng">52575.1653333333</dst>
            <dst id="NYCMng">111472.72</dst>
            <dst id="SNVAng">653.28</dst>
            <dst id="STTLng">22417.7253333333</dst>
            <dst id="WASHng">68188.2613333334</dst>
        </src>
        <src id="SNVAng">
            <dst id="ATLA-M5">0</dst>
            <dst id="ATLAng">340.536</dst>
            <dst id="CHINng">106.666666666667</dst>
            <dst id="DNVRng">2978.608</dst>
            <dst id="HSTNng">53.3333333333333</dst>
            <dst id="IPLSng">278.261333333333</dst>
            <dst id="KSCYng">93.28</dst>
            <dst id="LOSAng">10501.7493333333</dst>
            <dst id="NYCMng">0</dst>
            <dst id="SNVAng">9654.83733333333</dst>
            <dst id="STTLng">19671.2213333333</dst>
            <dst id="WASHng">26.6666666666667</dst>
        </src>
        <src id="STTLng">
            <dst id="ATLA-M5">210.714666666667</dst>
            <dst id="ATLAng">11254.6133333333</dst>
            <dst id="CHINng">37825.4666666667</dst>
            <dst id="DNVRng">3359.80533333333</dst>
            <dst id="HSTNng">3898.98933333333</dst>
            <dst id="IPLSng">10897.8853333333</dst>
            <dst id="KSCYng">2696.68533333333</dst>
            <dst id="LOSAng">41369.7706666667</dst>
            <dst id="NYCMng">8101.264</dst>
            <dst id="SNVAng">2243.64</dst>
            <dst id="STTLng">19330.3066666667</dst>
            <dst id="WASHng">11861.408</dst>
        </src>
        <src id="WASHng">
            <dst id="ATLA-M5">1244.99466666667</dst>
            <dst id="ATLAng">74271.3573333333</dst>
            <dst id="CHINng">80790.6773333333</dst>
            <dst id="DNVRng">49265.1546666667</dst>
            <dst id="HSTNng">32445.2266666667</dst>
            <dst id="IPLSng">37811.3813333333</dst>
            <dst id="KSCYng">23444.0133333333</dst>
            <dst id="LOSAng">60516.8346666667</dst>
            <dst id="NYCMng">136755.256</dst>
            <dst id="SNVAng">1486.992</dst>
            <dst id="STTLng">41811.776</dst>
            <dst id="WASHng">291311.6</dst>
        </src>
    </IntraTM>
</TrafficMatrixFile>
