<?xml version="1.0" encoding="ISO-8859-1" standalone="yes"?>
<TrafficMatrixFile xsi:noNamespaceSchemaLocation="http://totem.run.montefiore.ulg.ac.be/Schema/TrafficMatrix-v1_2.xsd" xmlns:xsi="http://www.w3.org/2001/XMLSchema-instance">
    <IntraTM ASID="11537">
        <src id="ATLA-M5">
            <dst id="ATLA-M5">122.266666666667</dst>
            <dst id="ATLAng">1044.94933333333</dst>
            <dst id="CHINng">2078.73333333333</dst>
            <dst id="DNVRng">90.216</dst>
            <dst id="HSTNng">776.685333333333</dst>
            <dst id="IPLSng">1876.48</dst>
            <dst id="KSCYng">328.752</dst>
            <dst id="LOSAng">95.1133333333333</dst>
            <dst id="NYCMng">2257.89066666667</dst>
            <dst id="SNVAng">33.78</dst>
            <dst id="STTLng">648.322666666667</dst>
            <dst id="WASHng">3384.85066666667</dst>
        </src>
        <src id="ATLAng">
            <dst id="ATLA-M5">330.061333333333</dst>
            <dst id="ATLAng">62559.7386666667</dst>
            <dst id="CHINng">36573.3306666667</dst>
            <dst id="DNVRng">10433.7146666667</dst>
            <dst id="HSTNng">15424.728</dst>
            <dst id="IPLSng">20472.1493333333</dst>
            <dst id="KSCYng">7866.45866666667</dst>
            <dst id="LOSAng">16206.8786666667</dst>
            <dst id="NYCMng">7286.728</dst>
            <dst id="SNVAng">442.636</dst>
            <dst id="STTLng">10337.5573333333</dst>
            <dst id="WASHng">39047.4986666667</dst>
        </src>
        <src id="CHINng">
            <dst id="ATLA-M5">1306.49066666667</dst>
            <dst id="ATLAng">187204.904</dst>
            <dst id="CHINng">98726.896</dst>
            <dst id="DNVRng">26931.5066666667</dst>
            <dst id="HSTNng">16848.7786666667</dst>
            <dst id="IPLSng">53789.6933333333</dst>
            <dst id="KSCYng">21696.9973333333</dst>
            <dst id="LOSAng">51170.6053333333</dst>
            <dst id="NYCMng">16738.9146666667</dst>
            <dst id="SNVAng">4178.52</dst>
            <dst id="STTLng">21796.936</dst>
            <dst id="WASHng">28240.4426666667</dst>
        </src>
        <src id="DNVRng">
            <dst id="ATLA-M5">815.074666666667</dst>
            <dst id="ATLAng">8458.05333333334</dst>
            <dst id="CHINng">34123.8693333333</dst>
            <dst id="DNVRng">35736.56</dst>
            <dst id="HSTNng">12830.672</dst>
            <dst id="IPLSng">14380.688</dst>
            <dst id="KSCYng">30135.8826666667</dst>
            <dst id="LOSAng">9840.09066666667</dst>
            <dst id="NYCMng">7990.096</dst>
            <dst id="SNVAng">27577.7333333333</dst>
            <dst id="STTLng">33314.4746666667</dst>
            <dst id="WASHng">21500.032</dst>
        </src>
        <src id="HSTNng">
            <dst id="ATLA-M5">2162.17333333333</dst>
            <dst id="ATLAng">5517.096</dst>
            <dst id="CHINng">12518.6746666667</dst>
            <dst id="DNVRng">3884.616</dst>
            <dst id="HSTNng">18086.6666666667</dst>
            <dst id="IPLSng">4600.696</dst>
            <dst id="KSCYng">9594.82133333333</dst>
            <dst id="LOSAng">3780.816</dst>
            <dst id="NYCMng">3642.93866666667</dst>
            <dst id="SNVAng">133.429333333333</dst>
            <dst id="STTLng">5199.19733333333</dst>
            <dst id="WASHng">5664.98133333333</dst>
        </src>
        <src id="IPLSng">
            <dst id="ATLA-M5">1605.90933333333</dst>
            <dst id="ATLAng">13043.456</dst>
            <dst id="CHINng">43452.2213333333</dst>
            <dst id="DNVRng">8239.592</dst>
            <dst id="HSTNng">3253.73333333333</dst>
            <dst id="IPLSng">49904.2426666667</dst>
            <dst id="KSCYng">15378.552</dst>
            <dst id="LOSAng">15750.2746666667</dst>
            <dst id="NYCMng">9142.456</dst>
            <dst id="SNVAng">790.234666666667</dst>
            <dst id="STTLng">34027.048</dst>
            <dst id="WASHng">16215.024</dst>
        </src>
        <src id="KSCYng">
            <dst id="ATLA-M5">237.509333333333</dst>
            <dst id="ATLAng">10666.5493333333</dst>
            <dst id="CHINng">22636.2053333333</dst>
            <dst id="DNVRng">9332.97333333333</dst>
            <dst id="HSTNng">4212.54666666667</dst>
            <dst id="IPLSng">17724.944</dst>
            <dst id="KSCYng">10462.344</dst>
            <dst id="LOSAng">6435.28</dst>
            <dst id="NYCMng">7889.02933333333</dst>
            <dst id="SNVAng">3229.784</dst>
            <dst id="STTLng">10372.568</dst>
            <dst id="WASHng">13638.96</dst>
        </src>
        <src id="LOSAng">
            <dst id="ATLA-M5">358.074666666667</dst>
            <dst id="ATLAng">28077.9546666667</dst>
            <dst id="CHINng">77912.5733333333</dst>
            <dst id="DNVRng">25916</dst>
            <dst id="HSTNng">3651.35733333333</dst>
            <dst id="IPLSng">34177.6</dst>
            <dst id="KSCYng">12427.3226666667</dst>
            <dst id="LOSAng">13487.768</dst>
            <dst id="NYCMng">35696.5733333333</dst>
            <dst id="SNVAng">19622.5253333333</dst>
            <dst id="STTLng">55989.8506666667</dst>
            <dst id="WASHng">61304.3306666666</dst>
        </src>
        <src id="NYCMng">
            <dst id="ATLA-M5">6708.91733333333</dst>
            <dst id="ATLAng">30672.736</dst>
            <dst id="CHINng">37938.12</dst>
            <dst id="DNVRng">22728.0826666667</dst>
            <dst id="HSTNng">13232.6986666667</dst>
            <dst id="IPLSng">39746.4666666667</dst>
            <dst id="KSCYng">10196.2906666667</dst>
            <dst id="LOSAng">69421.7813333334</dst>
            <dst id="NYCMng">67786.1893333333</dst>
            <dst id="SNVAng">3361.58933333333</dst>
            <dst id="STTLng">29952.3173333333</dst>
            <dst id="WASHng">69212.0613333333</dst>
        </src>
        <src id="SNVAng">
            <dst id="ATLA-M5">0</dst>
            <dst id="ATLAng">626.624</dst>
            <dst id="CHINng">53.3333333333333</dst>
            <dst id="DNVRng">5872.01333333334</dst>
            <dst id="HSTNng">26.6666666666667</dst>
            <dst id="IPLSng">387.578666666667</dst>
            <dst id="KSCYng">88.2106666666667</dst>
            <dst id="LOSAng">9146.20266666667</dst>
            <dst id="NYCMng">418.517333333333</dst>
            <dst id="SNVAng">7109.92533333333</dst>
            <dst id="STTLng">19870.1333333333</dst>
            <dst id="WASHng">80</dst>
        </src>
        <src id="STTLng">
            <dst id="ATLA-M5">1506.58933333333</dst>
            <dst id="ATLAng">22777.976</dst>
            <dst id="CHINng">38588.7973333333</dst>
            <dst id="DNVRng">11984.384</dst>
            <dst id="HSTNng">9317.416</dst>
            <dst id="IPLSng">22500.7946666667</dst>
            <dst id="KSCYng">14661.2933333333</dst>
            <dst id="LOSAng">39748.96</dst>
            <dst id="NYCMng">13254.2586666667</dst>
            <dst id="SNVAng">7366.87466666666</dst>
            <dst id="STTLng">25989.5146666667</dst>
            <dst id="WASHng">32023.1973333333</dst>
        </src>
        <src id="WASHng">
            <dst id="ATLA-M5">2484.77866666667</dst>
            <dst id="ATLAng">87283.68</dst>
            <dst id="CHINng">77288.2986666667</dst>
            <dst id="DNVRng">49747.4346666667</dst>
            <dst id="HSTNng">35272.1493333333</dst>
            <dst id="IPLSng">49170.9173333333</dst>
            <dst id="KSCYng">22294.4426666667</dst>
            <dst id="LOSAng">76702.9466666667</dst>
            <dst id="NYCMng">122781.693333333</dst>
            <dst id="SNVAng">6597.26666666667</dst>
            <dst id="STTLng">47478.16</dst>
            <dst id="WASHng">198779.4</dst>
        </src>
    </IntraTM>
</TrafficMatrixFile>
