<?xml version="1.0" encoding="ISO-8859-1" standalone="yes"?>
<TrafficMatrixFile xsi:noNamespaceSchemaLocation="http://totem.run.montefiore.ulg.ac.be/Schema/TrafficMatrix-v1_2.xsd" xmlns:xsi="http://www.w3.org/2001/XMLSchema-instance">
    <IntraTM ASID="11537">
        <src id="ATLA-M5">
            <dst id="ATLA-M5">950.666666666667</dst>
            <dst id="ATLAng">712.077333333333</dst>
            <dst id="CHINng">770.352</dst>
            <dst id="DNVRng">712.824</dst>
            <dst id="HSTNng">280.192</dst>
            <dst id="IPLSng">1675.18933333333</dst>
            <dst id="KSCYng">694.514666666667</dst>
            <dst id="LOSAng">220.954666666667</dst>
            <dst id="NYCMng">1406.144</dst>
            <dst id="SNVAng">0</dst>
            <dst id="STTLng">797.56</dst>
            <dst id="WASHng">1365.304</dst>
        </src>
        <src id="ATLAng">
            <dst id="ATLA-M5">1004.87466666667</dst>
            <dst id="ATLAng">39173.472</dst>
            <dst id="CHINng">25327.9973333333</dst>
            <dst id="DNVRng">5114.144</dst>
            <dst id="HSTNng">3278.82133333333</dst>
            <dst id="IPLSng">37624.2</dst>
            <dst id="KSCYng">3640.17866666667</dst>
            <dst id="LOSAng">34445.6373333333</dst>
            <dst id="NYCMng">9807.168</dst>
            <dst id="SNVAng">803.794666666667</dst>
            <dst id="STTLng">11797.5093333333</dst>
            <dst id="WASHng">40728.496</dst>
        </src>
        <src id="CHINng">
            <dst id="ATLA-M5">1608.984</dst>
            <dst id="ATLAng">25503.2933333333</dst>
            <dst id="CHINng">90014.9013333333</dst>
            <dst id="DNVRng">17463.2346666667</dst>
            <dst id="HSTNng">17282.2746666667</dst>
            <dst id="IPLSng">72445.632</dst>
            <dst id="KSCYng">15832.312</dst>
            <dst id="LOSAng">50020.3973333333</dst>
            <dst id="NYCMng">17231.12</dst>
            <dst id="SNVAng">5574.2</dst>
            <dst id="STTLng">24657.488</dst>
            <dst id="WASHng">32166.1573333333</dst>
        </src>
        <src id="DNVRng">
            <dst id="ATLA-M5">241.445333333333</dst>
            <dst id="ATLAng">4673.504</dst>
            <dst id="CHINng">44401.8773333333</dst>
            <dst id="DNVRng">15174.76</dst>
            <dst id="HSTNng">18279.616</dst>
            <dst id="IPLSng">10480.288</dst>
            <dst id="KSCYng">26191.104</dst>
            <dst id="LOSAng">11595.0373333333</dst>
            <dst id="NYCMng">7760.48533333333</dst>
            <dst id="SNVAng">13678.3013333333</dst>
            <dst id="STTLng">28823.3146666667</dst>
            <dst id="WASHng">20848.0533333333</dst>
        </src>
        <src id="HSTNng">
            <dst id="ATLA-M5">2701.448</dst>
            <dst id="ATLAng">4573.59733333333</dst>
            <dst id="CHINng">14167.5706666667</dst>
            <dst id="DNVRng">1492.56266666667</dst>
            <dst id="HSTNng">15600.3226666667</dst>
            <dst id="IPLSng">4147.576</dst>
            <dst id="KSCYng">11134.8426666667</dst>
            <dst id="LOSAng">9535.05333333333</dst>
            <dst id="NYCMng">2564.21333333333</dst>
            <dst id="SNVAng">180.84</dst>
            <dst id="STTLng">9590.28266666667</dst>
            <dst id="WASHng">9441.31466666667</dst>
        </src>
        <src id="IPLSng">
            <dst id="ATLA-M5">703.101333333333</dst>
            <dst id="ATLAng">13184.016</dst>
            <dst id="CHINng">47455.8533333333</dst>
            <dst id="DNVRng">7675.70933333333</dst>
            <dst id="HSTNng">13478.3653333333</dst>
            <dst id="IPLSng">14486.64</dst>
            <dst id="KSCYng">17901.4186666667</dst>
            <dst id="LOSAng">15166.5146666667</dst>
            <dst id="NYCMng">8282.472</dst>
            <dst id="SNVAng">1214.36266666667</dst>
            <dst id="STTLng">41633.1333333333</dst>
            <dst id="WASHng">21888.7226666667</dst>
        </src>
        <src id="KSCYng">
            <dst id="ATLA-M5">259.370666666667</dst>
            <dst id="ATLAng">8252.97066666667</dst>
            <dst id="CHINng">19869.5813333333</dst>
            <dst id="DNVRng">8312.13066666667</dst>
            <dst id="HSTNng">4250.34133333333</dst>
            <dst id="IPLSng">21904.9333333333</dst>
            <dst id="KSCYng">16870.4026666667</dst>
            <dst id="LOSAng">5017.25066666667</dst>
            <dst id="NYCMng">7149.70133333333</dst>
            <dst id="SNVAng">2935.496</dst>
            <dst id="STTLng">11358.936</dst>
            <dst id="WASHng">12662.4186666667</dst>
        </src>
        <src id="LOSAng">
            <dst id="ATLA-M5">970.48</dst>
            <dst id="ATLAng">13400.2533333333</dst>
            <dst id="CHINng">6242749.86666667</dst>
            <dst id="DNVRng">9101.87733333333</dst>
            <dst id="HSTNng">4636.81866666667</dst>
            <dst id="IPLSng">23155.5946666667</dst>
            <dst id="KSCYng">14802.944</dst>
            <dst id="LOSAng">13855.096</dst>
            <dst id="NYCMng">43185.9386666667</dst>
            <dst id="SNVAng">17480.848</dst>
            <dst id="STTLng">82008.7973333333</dst>
            <dst id="WASHng">48688.7706666667</dst>
        </src>
        <src id="NYCMng">
            <dst id="ATLA-M5">669.912</dst>
            <dst id="ATLAng">38509.1333333333</dst>
            <dst id="CHINng">36754.3866666667</dst>
            <dst id="DNVRng">16904.808</dst>
            <dst id="HSTNng">19020.088</dst>
            <dst id="IPLSng">23726.3386666667</dst>
            <dst id="KSCYng">13124.176</dst>
            <dst id="LOSAng">68744.4186666667</dst>
            <dst id="NYCMng">96115.9253333333</dst>
            <dst id="SNVAng">5104.56533333333</dst>
            <dst id="STTLng">30930.808</dst>
            <dst id="WASHng">96648.2426666667</dst>
        </src>
        <src id="SNVAng">
            <dst id="ATLA-M5">0</dst>
            <dst id="ATLAng">26.6666666666667</dst>
            <dst id="CHINng">26.6666666666667</dst>
            <dst id="DNVRng">571.474666666667</dst>
            <dst id="HSTNng">26.6666666666667</dst>
            <dst id="IPLSng">385.653333333333</dst>
            <dst id="KSCYng">80</dst>
            <dst id="LOSAng">6602.37866666667</dst>
            <dst id="NYCMng">195.850666666667</dst>
            <dst id="SNVAng">7284.40266666667</dst>
            <dst id="STTLng">21254.1626666667</dst>
            <dst id="WASHng">53.3333333333333</dst>
        </src>
        <src id="STTLng">
            <dst id="ATLA-M5">4035.94666666667</dst>
            <dst id="ATLAng">25016.472</dst>
            <dst id="CHINng">36798.3733333333</dst>
            <dst id="DNVRng">14806.0426666667</dst>
            <dst id="HSTNng">12706.4666666667</dst>
            <dst id="IPLSng">39250.7386666667</dst>
            <dst id="KSCYng">21728.104</dst>
            <dst id="LOSAng">44323.7786666667</dst>
            <dst id="NYCMng">19910.4613333333</dst>
            <dst id="SNVAng">3672.064</dst>
            <dst id="STTLng">25746.4506666667</dst>
            <dst id="WASHng">36324.368</dst>
        </src>
        <src id="WASHng">
            <dst id="ATLA-M5">1633.928</dst>
            <dst id="ATLAng">96559.472</dst>
            <dst id="CHINng">89588.4106666667</dst>
            <dst id="DNVRng">76131.1813333333</dst>
            <dst id="HSTNng">34910.9973333333</dst>
            <dst id="IPLSng">57420.7733333333</dst>
            <dst id="KSCYng">20991.0133333333</dst>
            <dst id="LOSAng">76391.0613333333</dst>
            <dst id="NYCMng">216379.338666667</dst>
            <dst id="SNVAng">3434.29866666667</dst>
            <dst id="STTLng">58459.9253333333</dst>
            <dst id="WASHng">190965.104</dst>
        </src>
    </IntraTM>
</TrafficMatrixFile>
