<?xml version="1.0" encoding="ISO-8859-1" standalone="yes"?>
<TrafficMatrixFile xsi:noNamespaceSchemaLocation="http://totem.run.montefiore.ulg.ac.be/Schema/TrafficMatrix-v1_2.xsd" xmlns:xsi="http://www.w3.org/2001/XMLSchema-instance">
    <IntraTM ASID="11537">
        <src id="ATLA-M5">
            <dst id="ATLA-M5">151.314666666667</dst>
            <dst id="ATLAng">1581.784</dst>
            <dst id="CHINng">1509.26933333333</dst>
            <dst id="DNVRng">58.408</dst>
            <dst id="HSTNng">53.3333333333333</dst>
            <dst id="IPLSng">451.629333333333</dst>
            <dst id="KSCYng">476.282666666667</dst>
            <dst id="LOSAng">144.106666666667</dst>
            <dst id="NYCMng">831.192</dst>
            <dst id="SNVAng">0</dst>
            <dst id="STTLng">749.773333333333</dst>
            <dst id="WASHng">820.477333333333</dst>
        </src>
        <src id="ATLAng">
            <dst id="ATLA-M5">1831.52266666667</dst>
            <dst id="ATLAng">53554.5626666667</dst>
            <dst id="CHINng">25536.4266666667</dst>
            <dst id="DNVRng">5876.24266666667</dst>
            <dst id="HSTNng">21101.136</dst>
            <dst id="IPLSng">21552.792</dst>
            <dst id="KSCYng">12521.3813333333</dst>
            <dst id="LOSAng">6916.97733333333</dst>
            <dst id="NYCMng">11616.408</dst>
            <dst id="SNVAng">1783.43333333333</dst>
            <dst id="STTLng">21175.208</dst>
            <dst id="WASHng">56474.3893333333</dst>
        </src>
        <src id="CHINng">
            <dst id="ATLA-M5">955.12</dst>
            <dst id="ATLAng">37749.5973333333</dst>
            <dst id="CHINng">153868.573333333</dst>
            <dst id="DNVRng">11157.4773333333</dst>
            <dst id="HSTNng">13161.3333333333</dst>
            <dst id="IPLSng">61216.6133333333</dst>
            <dst id="KSCYng">29436.5733333333</dst>
            <dst id="LOSAng">36060.7333333333</dst>
            <dst id="NYCMng">28717.1333333333</dst>
            <dst id="SNVAng">5069.57066666667</dst>
            <dst id="STTLng">34009.1706666667</dst>
            <dst id="WASHng">41725.3706666667</dst>
        </src>
        <src id="DNVRng">
            <dst id="ATLA-M5">867.597333333333</dst>
            <dst id="ATLAng">10454.8293333333</dst>
            <dst id="CHINng">63461.2693333333</dst>
            <dst id="DNVRng">30732.3066666667</dst>
            <dst id="HSTNng">21807.536</dst>
            <dst id="IPLSng">25028.5813333333</dst>
            <dst id="KSCYng">26075.4426666667</dst>
            <dst id="LOSAng">11148.128</dst>
            <dst id="NYCMng">9321.47466666667</dst>
            <dst id="SNVAng">14737.6026666667</dst>
            <dst id="STTLng">21675.4533333333</dst>
            <dst id="WASHng">37427.7493333333</dst>
        </src>
        <src id="HSTNng">
            <dst id="ATLA-M5">827.530666666667</dst>
            <dst id="ATLAng">6842.26133333333</dst>
            <dst id="CHINng">22615.136</dst>
            <dst id="DNVRng">1382.07466666667</dst>
            <dst id="HSTNng">15721.5146666667</dst>
            <dst id="IPLSng">5122.52266666667</dst>
            <dst id="KSCYng">11101.2853333333</dst>
            <dst id="LOSAng">2669.00266666667</dst>
            <dst id="NYCMng">16564.616</dst>
            <dst id="SNVAng">2030.09333333333</dst>
            <dst id="STTLng">11211.784</dst>
            <dst id="WASHng">7074.97866666667</dst>
        </src>
        <src id="IPLSng">
            <dst id="ATLA-M5">374.296</dst>
            <dst id="ATLAng">22755.5466666667</dst>
            <dst id="CHINng">137832.624</dst>
            <dst id="DNVRng">17896.48</dst>
            <dst id="HSTNng">6984.352</dst>
            <dst id="IPLSng">57017.4533333333</dst>
            <dst id="KSCYng">13084.496</dst>
            <dst id="LOSAng">17145.832</dst>
            <dst id="NYCMng">17657.2293333333</dst>
            <dst id="SNVAng">3776.98133333333</dst>
            <dst id="STTLng">46881.776</dst>
            <dst id="WASHng">37304.752</dst>
        </src>
        <src id="KSCYng">
            <dst id="ATLA-M5">559.813333333333</dst>
            <dst id="ATLAng">6535.42933333333</dst>
            <dst id="CHINng">27032.352</dst>
            <dst id="DNVRng">8114.44</dst>
            <dst id="HSTNng">4563.91733333333</dst>
            <dst id="IPLSng">20080.824</dst>
            <dst id="KSCYng">22808.6853333333</dst>
            <dst id="LOSAng">3470.208</dst>
            <dst id="NYCMng">6765.90133333333</dst>
            <dst id="SNVAng">2318.872</dst>
            <dst id="STTLng">16826.1626666667</dst>
            <dst id="WASHng">15962.904</dst>
        </src>
        <src id="LOSAng">
            <dst id="ATLA-M5">126.050666666667</dst>
            <dst id="ATLAng">12374.0053333333</dst>
            <dst id="CHINng">94783.7786666667</dst>
            <dst id="DNVRng">8104.44</dst>
            <dst id="HSTNng">2671.04</dst>
            <dst id="IPLSng">12217.8053333333</dst>
            <dst id="KSCYng">4314.15733333333</dst>
            <dst id="LOSAng">4441.32533333333</dst>
            <dst id="NYCMng">27347.6773333333</dst>
            <dst id="SNVAng">31278.8533333333</dst>
            <dst id="STTLng">55596.4293333333</dst>
            <dst id="WASHng">56749.8773333333</dst>
        </src>
        <src id="NYCMng">
            <dst id="ATLA-M5">3329.06666666667</dst>
            <dst id="ATLAng">35082.488</dst>
            <dst id="CHINng">40514.3253333333</dst>
            <dst id="DNVRng">29111.2213333333</dst>
            <dst id="HSTNng">21593.96</dst>
            <dst id="IPLSng">29599.8986666667</dst>
            <dst id="KSCYng">20686.7333333333</dst>
            <dst id="LOSAng">61247.2186666667</dst>
            <dst id="NYCMng">163752.24</dst>
            <dst id="SNVAng">4308.53066666667</dst>
            <dst id="STTLng">21511.128</dst>
            <dst id="WASHng">127888.096</dst>
        </src>
        <src id="SNVAng">
            <dst id="ATLA-M5">26.6666666666667</dst>
            <dst id="ATLAng">3621.256</dst>
            <dst id="CHINng">155.192</dst>
            <dst id="DNVRng">7789.80533333333</dst>
            <dst id="HSTNng">544.037333333333</dst>
            <dst id="IPLSng">644.208</dst>
            <dst id="KSCYng">41.0613333333333</dst>
            <dst id="LOSAng">4998.84</dst>
            <dst id="NYCMng">383.285333333333</dst>
            <dst id="SNVAng">6747.296</dst>
            <dst id="STTLng">19439.528</dst>
            <dst id="WASHng">108.810666666667</dst>
        </src>
        <src id="STTLng">
            <dst id="ATLA-M5">2856.16</dst>
            <dst id="ATLAng">57693.496</dst>
            <dst id="CHINng">125619.448</dst>
            <dst id="DNVRng">27272.4693333333</dst>
            <dst id="HSTNng">30483.4906666667</dst>
            <dst id="IPLSng">90359.4693333334</dst>
            <dst id="KSCYng">56510.8613333333</dst>
            <dst id="LOSAng">19413.6933333333</dst>
            <dst id="NYCMng">30022.432</dst>
            <dst id="SNVAng">9602.816</dst>
            <dst id="STTLng">23868.2346666667</dst>
            <dst id="WASHng">109099.76</dst>
        </src>
        <src id="WASHng">
            <dst id="ATLA-M5">1460.984</dst>
            <dst id="ATLAng">118746.84</dst>
            <dst id="CHINng">87769.72</dst>
            <dst id="DNVRng">69945.6586666667</dst>
            <dst id="HSTNng">37354.624</dst>
            <dst id="IPLSng">78103.744</dst>
            <dst id="KSCYng">31220.424</dst>
            <dst id="LOSAng">64368.616</dst>
            <dst id="NYCMng">219724.32</dst>
            <dst id="SNVAng">5562.256</dst>
            <dst id="STTLng">58657.1493333333</dst>
            <dst id="WASHng">321916.693333333</dst>
        </src>
    </IntraTM>
</TrafficMatrixFile>
