<?xml version="1.0" encoding="ISO-8859-1" standalone="yes"?>
<TrafficMatrixFile xsi:noNamespaceSchemaLocation="http://totem.run.montefiore.ulg.ac.be/Schema/TrafficMatrix-v1_2.xsd" xmlns:xsi="http://www.w3.org/2001/XMLSchema-instance">
    <IntraTM ASID="11537">
        <src id="ATLA-M5">
            <dst id="ATLA-M5">0</dst>
            <dst id="ATLAng">446.978666666667</dst>
            <dst id="CHINng">1968.304</dst>
            <dst id="DNVRng">257.589333333333</dst>
            <dst id="HSTNng">241.824</dst>
            <dst id="IPLSng">573.490666666667</dst>
            <dst id="KSCYng">379.949333333333</dst>
            <dst id="LOSAng">673.377333333333</dst>
            <dst id="NYCMng">1363.00266666667</dst>
            <dst id="SNVAng">239.094666666667</dst>
            <dst id="STTLng">345.085333333333</dst>
            <dst id="WASHng">1133.46133333333</dst>
        </src>
        <src id="ATLAng">
            <dst id="ATLA-M5">119.258666666667</dst>
            <dst id="ATLAng">55876.4053333333</dst>
            <dst id="CHINng">15366.664</dst>
            <dst id="DNVRng">7275.72266666667</dst>
            <dst id="HSTNng">13824.1306666667</dst>
            <dst id="IPLSng">21412.072</dst>
            <dst id="KSCYng">5972.24533333333</dst>
            <dst id="LOSAng">16894.92</dst>
            <dst id="NYCMng">10790.64</dst>
            <dst id="SNVAng">2065.31733333333</dst>
            <dst id="STTLng">8431.76</dst>
            <dst id="WASHng">41125.3973333333</dst>
        </src>
        <src id="CHINng">
            <dst id="ATLA-M5">1394.21333333333</dst>
            <dst id="ATLAng">16345.12</dst>
            <dst id="CHINng">108127.992</dst>
            <dst id="DNVRng">15431.0586666667</dst>
            <dst id="HSTNng">11598.36</dst>
            <dst id="IPLSng">40786.7493333333</dst>
            <dst id="KSCYng">11557.0773333333</dst>
            <dst id="LOSAng">33948.5626666667</dst>
            <dst id="NYCMng">25362.624</dst>
            <dst id="SNVAng">4717.864</dst>
            <dst id="STTLng">19678.6053333333</dst>
            <dst id="WASHng">19746.3386666667</dst>
        </src>
        <src id="DNVRng">
            <dst id="ATLA-M5">194.216</dst>
            <dst id="ATLAng">6092.28266666667</dst>
            <dst id="CHINng">40017.4506666667</dst>
            <dst id="DNVRng">14077.8133333333</dst>
            <dst id="HSTNng">14975.8693333333</dst>
            <dst id="IPLSng">8598.52</dst>
            <dst id="KSCYng">21126.376</dst>
            <dst id="LOSAng">10001.6</dst>
            <dst id="NYCMng">8454.69066666667</dst>
            <dst id="SNVAng">11728.744</dst>
            <dst id="STTLng">32726.8053333333</dst>
            <dst id="WASHng">23155.0186666667</dst>
        </src>
        <src id="HSTNng">
            <dst id="ATLA-M5">2485.544</dst>
            <dst id="ATLAng">2775.10666666667</dst>
            <dst id="CHINng">17504.7013333333</dst>
            <dst id="DNVRng">2226.38133333333</dst>
            <dst id="HSTNng">12757.2</dst>
            <dst id="IPLSng">4721.544</dst>
            <dst id="KSCYng">9350.56</dst>
            <dst id="LOSAng">8914.68533333333</dst>
            <dst id="NYCMng">4502.52533333333</dst>
            <dst id="SNVAng">0</dst>
            <dst id="STTLng">4517.152</dst>
            <dst id="WASHng">6895.136</dst>
        </src>
        <src id="IPLSng">
            <dst id="ATLA-M5">421.162666666667</dst>
            <dst id="ATLAng">16486.7546666667</dst>
            <dst id="CHINng">51553.0186666667</dst>
            <dst id="DNVRng">7556.77866666667</dst>
            <dst id="HSTNng">3387.64</dst>
            <dst id="IPLSng">16549.352</dst>
            <dst id="KSCYng">5302.77333333333</dst>
            <dst id="LOSAng">19458.6666666667</dst>
            <dst id="NYCMng">11691.7493333333</dst>
            <dst id="SNVAng">2961.30933333333</dst>
            <dst id="STTLng">18616.3973333333</dst>
            <dst id="WASHng">10998.8533333333</dst>
        </src>
        <src id="KSCYng">
            <dst id="ATLA-M5">247.645333333333</dst>
            <dst id="ATLAng">6404.53066666667</dst>
            <dst id="CHINng">25288.64</dst>
            <dst id="DNVRng">7805.19466666667</dst>
            <dst id="HSTNng">3486.86666666667</dst>
            <dst id="IPLSng">15232.9333333333</dst>
            <dst id="KSCYng">10291.9626666667</dst>
            <dst id="LOSAng">5909.24533333333</dst>
            <dst id="NYCMng">16212.6133333333</dst>
            <dst id="SNVAng">2630.79733333333</dst>
            <dst id="STTLng">7606.408</dst>
            <dst id="WASHng">13247.0693333333</dst>
        </src>
        <src id="LOSAng">
            <dst id="ATLA-M5">134.208</dst>
            <dst id="ATLAng">11395.92</dst>
            <dst id="CHINng">96941.9653333333</dst>
            <dst id="DNVRng">14431.5546666667</dst>
            <dst id="HSTNng">3281.248</dst>
            <dst id="IPLSng">25302.808</dst>
            <dst id="KSCYng">6154.672</dst>
            <dst id="LOSAng">22182.4986666667</dst>
            <dst id="NYCMng">34306.2293333333</dst>
            <dst id="SNVAng">18454.3466666667</dst>
            <dst id="STTLng">55865.6</dst>
            <dst id="WASHng">42433.4826666667</dst>
        </src>
        <src id="NYCMng">
            <dst id="ATLA-M5">3140.71466666667</dst>
            <dst id="ATLAng">23508.1493333333</dst>
            <dst id="CHINng">42624.768</dst>
            <dst id="DNVRng">19607.592</dst>
            <dst id="HSTNng">9718.59466666667</dst>
            <dst id="IPLSng">18007.1946666667</dst>
            <dst id="KSCYng">14393.6613333333</dst>
            <dst id="LOSAng">59281.1706666667</dst>
            <dst id="NYCMng">75274.5226666667</dst>
            <dst id="SNVAng">1256.70666666667</dst>
            <dst id="STTLng">25498.5333333333</dst>
            <dst id="WASHng">68996.32</dst>
        </src>
        <src id="SNVAng">
            <dst id="ATLA-M5">0</dst>
            <dst id="ATLAng">26.6666666666667</dst>
            <dst id="CHINng">53.3333333333333</dst>
            <dst id="DNVRng">2703.784</dst>
            <dst id="HSTNng">0</dst>
            <dst id="IPLSng">416.104</dst>
            <dst id="KSCYng">26.6666666666667</dst>
            <dst id="LOSAng">9167.38933333333</dst>
            <dst id="NYCMng">272.362666666667</dst>
            <dst id="SNVAng">6377.61333333333</dst>
            <dst id="STTLng">16286.936</dst>
            <dst id="WASHng">87.4213333333334</dst>
        </src>
        <src id="STTLng">
            <dst id="ATLA-M5">483.333333333333</dst>
            <dst id="ATLAng">11405.6613333333</dst>
            <dst id="CHINng">18995.4853333333</dst>
            <dst id="DNVRng">4943.49066666667</dst>
            <dst id="HSTNng">5066.50666666667</dst>
            <dst id="IPLSng">10191.3173333333</dst>
            <dst id="KSCYng">11027.2373333333</dst>
            <dst id="LOSAng">40402.1093333333</dst>
            <dst id="NYCMng">5735.70133333333</dst>
            <dst id="SNVAng">2109.53866666667</dst>
            <dst id="STTLng">19045.24</dst>
            <dst id="WASHng">12860.7253333333</dst>
        </src>
        <src id="WASHng">
            <dst id="ATLA-M5">2081.95466666667</dst>
            <dst id="ATLAng">90618.1626666667</dst>
            <dst id="CHINng">74299.288</dst>
            <dst id="DNVRng">51878.4933333333</dst>
            <dst id="HSTNng">23585.6666666667</dst>
            <dst id="IPLSng">48302.816</dst>
            <dst id="KSCYng">25727.3226666667</dst>
            <dst id="LOSAng">77607.3146666667</dst>
            <dst id="NYCMng">137895.978666667</dst>
            <dst id="SNVAng">7348.34933333333</dst>
            <dst id="STTLng">45358.9413333333</dst>
            <dst id="WASHng">246395.024</dst>
        </src>
    </IntraTM>
</TrafficMatrixFile>
