<?xml version="1.0" encoding="ISO-8859-1" standalone="yes"?>
<TrafficMatrixFile xsi:noNamespaceSchemaLocation="http://totem.run.montefiore.ulg.ac.be/Schema/TrafficMatrix-v1_2.xsd" xmlns:xsi="http://www.w3.org/2001/XMLSchema-instance">
    <IntraTM ASID="11537">
        <src id="ATLA-M5">
            <dst id="ATLA-M5">53.3333333333333</dst>
            <dst id="ATLAng">1341.896</dst>
            <dst id="CHINng">2272.192</dst>
            <dst id="DNVRng">118.282666666667</dst>
            <dst id="HSTNng">662.256</dst>
            <dst id="IPLSng">1224.92</dst>
            <dst id="KSCYng">555.96</dst>
            <dst id="LOSAng">40</dst>
            <dst id="NYCMng">1210.37066666667</dst>
            <dst id="SNVAng">13.3333333333333</dst>
            <dst id="STTLng">548.069333333333</dst>
            <dst id="WASHng">2198.79466666667</dst>
        </src>
        <src id="ATLAng">
            <dst id="ATLA-M5">2424.41333333333</dst>
            <dst id="ATLAng">50002.4</dst>
            <dst id="CHINng">34063.8666666667</dst>
            <dst id="DNVRng">10587.6293333333</dst>
            <dst id="HSTNng">8401.04266666667</dst>
            <dst id="IPLSng">30052.9626666667</dst>
            <dst id="KSCYng">8061.34133333333</dst>
            <dst id="LOSAng">22140.9466666667</dst>
            <dst id="NYCMng">8023.98133333333</dst>
            <dst id="SNVAng">1814.928</dst>
            <dst id="STTLng">12872.472</dst>
            <dst id="WASHng">40869.7253333333</dst>
        </src>
        <src id="CHINng">
            <dst id="ATLA-M5">1420.12266666667</dst>
            <dst id="ATLAng">149483.04</dst>
            <dst id="CHINng">117263.048</dst>
            <dst id="DNVRng">17062.0986666667</dst>
            <dst id="HSTNng">14320.2053333333</dst>
            <dst id="IPLSng">56897.32</dst>
            <dst id="KSCYng">19456.7653333333</dst>
            <dst id="LOSAng">49442.952</dst>
            <dst id="NYCMng">21280.3066666667</dst>
            <dst id="SNVAng">5371.15733333333</dst>
            <dst id="STTLng">24622.448</dst>
            <dst id="WASHng">36343.2053333333</dst>
        </src>
        <src id="DNVRng">
            <dst id="ATLA-M5">944.826666666666</dst>
            <dst id="ATLAng">6167.07733333333</dst>
            <dst id="CHINng">27083.5066666667</dst>
            <dst id="DNVRng">10148.5546666667</dst>
            <dst id="HSTNng">15872.8453333333</dst>
            <dst id="IPLSng">11117.6186666667</dst>
            <dst id="KSCYng">19635.592</dst>
            <dst id="LOSAng">12683.8746666667</dst>
            <dst id="NYCMng">9276.584</dst>
            <dst id="SNVAng">10867.3893333333</dst>
            <dst id="STTLng">52871.768</dst>
            <dst id="WASHng">33630.632</dst>
        </src>
        <src id="HSTNng">
            <dst id="ATLA-M5">524.312</dst>
            <dst id="ATLAng">8252.32266666667</dst>
            <dst id="CHINng">13056.7706666667</dst>
            <dst id="DNVRng">3979.09066666667</dst>
            <dst id="HSTNng">15924.824</dst>
            <dst id="IPLSng">6032.02133333333</dst>
            <dst id="KSCYng">11666.224</dst>
            <dst id="LOSAng">8934.44266666667</dst>
            <dst id="NYCMng">3209.20533333333</dst>
            <dst id="SNVAng">0</dst>
            <dst id="STTLng">7051.472</dst>
            <dst id="WASHng">7758.792</dst>
        </src>
        <src id="IPLSng">
            <dst id="ATLA-M5">596.826666666667</dst>
            <dst id="ATLAng">16064.3893333333</dst>
            <dst id="CHINng">53124.4106666667</dst>
            <dst id="DNVRng">8463.22666666667</dst>
            <dst id="HSTNng">6604.90133333333</dst>
            <dst id="IPLSng">14568.0346666667</dst>
            <dst id="KSCYng">6672.39733333333</dst>
            <dst id="LOSAng">17810.6853333333</dst>
            <dst id="NYCMng">6526.21066666667</dst>
            <dst id="SNVAng">2765.41066666667</dst>
            <dst id="STTLng">31689.904</dst>
            <dst id="WASHng">24513.632</dst>
        </src>
        <src id="KSCYng">
            <dst id="ATLA-M5">438.682666666667</dst>
            <dst id="ATLAng">21006.52</dst>
            <dst id="CHINng">25296.7893333333</dst>
            <dst id="DNVRng">8112.22133333333</dst>
            <dst id="HSTNng">5579.89866666667</dst>
            <dst id="IPLSng">23718.5173333333</dst>
            <dst id="KSCYng">15783.272</dst>
            <dst id="LOSAng">6170.92266666667</dst>
            <dst id="NYCMng">10124.1573333333</dst>
            <dst id="SNVAng">2917.27466666667</dst>
            <dst id="STTLng">12045.5813333333</dst>
            <dst id="WASHng">15401.944</dst>
        </src>
        <src id="LOSAng">
            <dst id="ATLA-M5">99.9066666666667</dst>
            <dst id="ATLAng">13475.3466666667</dst>
            <dst id="CHINng">90007.2693333333</dst>
            <dst id="DNVRng">30061.4773333333</dst>
            <dst id="HSTNng">8922.92533333333</dst>
            <dst id="IPLSng">35180.3066666667</dst>
            <dst id="KSCYng">7495.40266666667</dst>
            <dst id="LOSAng">16823.5813333333</dst>
            <dst id="NYCMng">38893.9733333333</dst>
            <dst id="SNVAng">15094.5733333333</dst>
            <dst id="STTLng">63263.9173333333</dst>
            <dst id="WASHng">62025.392</dst>
        </src>
        <src id="NYCMng">
            <dst id="ATLA-M5">2514.624</dst>
            <dst id="ATLAng">34770.24</dst>
            <dst id="CHINng">32184.3093333333</dst>
            <dst id="DNVRng">26589.0773333333</dst>
            <dst id="HSTNng">12462.3466666667</dst>
            <dst id="IPLSng">23816.4506666667</dst>
            <dst id="KSCYng">12008.2906666667</dst>
            <dst id="LOSAng">65341.0826666667</dst>
            <dst id="NYCMng">96425.5866666667</dst>
            <dst id="SNVAng">3047.30666666667</dst>
            <dst id="STTLng">26325.1973333333</dst>
            <dst id="WASHng">100529.117333333</dst>
        </src>
        <src id="SNVAng">
            <dst id="ATLA-M5">0</dst>
            <dst id="ATLAng">394.24</dst>
            <dst id="CHINng">90.984</dst>
            <dst id="DNVRng">1373.18133333333</dst>
            <dst id="HSTNng">26.6666666666667</dst>
            <dst id="IPLSng">426.629333333333</dst>
            <dst id="KSCYng">26.6666666666667</dst>
            <dst id="LOSAng">9767.98133333333</dst>
            <dst id="NYCMng">500.488</dst>
            <dst id="SNVAng">6959.26666666667</dst>
            <dst id="STTLng">18219.4133333333</dst>
            <dst id="WASHng">255.626666666667</dst>
        </src>
        <src id="STTLng">
            <dst id="ATLA-M5">982.317333333334</dst>
            <dst id="ATLAng">28032.0586666667</dst>
            <dst id="CHINng">53267.272</dst>
            <dst id="DNVRng">18809.528</dst>
            <dst id="HSTNng">11562.2266666667</dst>
            <dst id="IPLSng">36019.304</dst>
            <dst id="KSCYng">28163.2693333333</dst>
            <dst id="LOSAng">39497.192</dst>
            <dst id="NYCMng">15354.3413333333</dst>
            <dst id="SNVAng">5817.33066666666</dst>
            <dst id="STTLng">25773.5066666667</dst>
            <dst id="WASHng">40336.264</dst>
        </src>
        <src id="WASHng">
            <dst id="ATLA-M5">2548.34933333333</dst>
            <dst id="ATLAng">103154.650666667</dst>
            <dst id="CHINng">80741.9866666666</dst>
            <dst id="DNVRng">70565.4346666667</dst>
            <dst id="HSTNng">37835.2266666667</dst>
            <dst id="IPLSng">48754.0426666667</dst>
            <dst id="KSCYng">28627.5173333333</dst>
            <dst id="LOSAng">89327.1626666667</dst>
            <dst id="NYCMng">213994.986666667</dst>
            <dst id="SNVAng">7185.13333333333</dst>
            <dst id="STTLng">51562.92</dst>
            <dst id="WASHng">273697.466666667</dst>
        </src>
    </IntraTM>
</TrafficMatrixFile>
