<?xml version="1.0" encoding="ISO-8859-1" standalone="yes"?>
<TrafficMatrixFile xsi:noNamespaceSchemaLocation="http://totem.run.montefiore.ulg.ac.be/Schema/TrafficMatrix-v1_2.xsd" xmlns:xsi="http://www.w3.org/2001/XMLSchema-instance">
    <IntraTM ASID="11537">
        <src id="ATLA-M5">
            <dst id="ATLA-M5">63.144</dst>
            <dst id="ATLAng">1085.52</dst>
            <dst id="CHINng">1533.95733333333</dst>
            <dst id="DNVRng">342.226666666667</dst>
            <dst id="HSTNng">1309.344</dst>
            <dst id="IPLSng">609.472</dst>
            <dst id="KSCYng">442.706666666667</dst>
            <dst id="LOSAng">109.221333333333</dst>
            <dst id="NYCMng">1389.832</dst>
            <dst id="SNVAng">13.3333333333333</dst>
            <dst id="STTLng">781.522666666667</dst>
            <dst id="WASHng">1930.02666666667</dst>
        </src>
        <src id="ATLAng">
            <dst id="ATLA-M5">1006.72</dst>
            <dst id="ATLAng">61191.0266666667</dst>
            <dst id="CHINng">15353.08</dst>
            <dst id="DNVRng">7198.11733333333</dst>
            <dst id="HSTNng">15142.6666666667</dst>
            <dst id="IPLSng">19466.264</dst>
            <dst id="KSCYng">4720.14933333333</dst>
            <dst id="LOSAng">23353.5026666667</dst>
            <dst id="NYCMng">15485.5146666667</dst>
            <dst id="SNVAng">1667.09466666667</dst>
            <dst id="STTLng">18976.5253333333</dst>
            <dst id="WASHng">56915.6666666667</dst>
        </src>
        <src id="CHINng">
            <dst id="ATLA-M5">4165.75733333333</dst>
            <dst id="ATLAng">30324.8613333333</dst>
            <dst id="CHINng">100934.770666667</dst>
            <dst id="DNVRng">21657.928</dst>
            <dst id="HSTNng">20102.744</dst>
            <dst id="IPLSng">83656.9333333333</dst>
            <dst id="KSCYng">19714.952</dst>
            <dst id="LOSAng">34916.1786666667</dst>
            <dst id="NYCMng">16070.248</dst>
            <dst id="SNVAng">5739.408</dst>
            <dst id="STTLng">33287.144</dst>
            <dst id="WASHng">46673.352</dst>
        </src>
        <src id="DNVRng">
            <dst id="ATLA-M5">462.698666666667</dst>
            <dst id="ATLAng">6967.688</dst>
            <dst id="CHINng">59334.888</dst>
            <dst id="DNVRng">21229.3946666667</dst>
            <dst id="HSTNng">23142.9173333333</dst>
            <dst id="IPLSng">12792.7573333333</dst>
            <dst id="KSCYng">27087.1306666667</dst>
            <dst id="LOSAng">24405.0453333333</dst>
            <dst id="NYCMng">10949.08</dst>
            <dst id="SNVAng">29926.0453333333</dst>
            <dst id="STTLng">67619.8826666667</dst>
            <dst id="WASHng">36291.8213333333</dst>
        </src>
        <src id="HSTNng">
            <dst id="ATLA-M5">355.973333333333</dst>
            <dst id="ATLAng">5082.75466666667</dst>
            <dst id="CHINng">23218.824</dst>
            <dst id="DNVRng">6328.84</dst>
            <dst id="HSTNng">17864.8533333333</dst>
            <dst id="IPLSng">4314.98666666667</dst>
            <dst id="KSCYng">14611.4373333333</dst>
            <dst id="LOSAng">9898.42933333333</dst>
            <dst id="NYCMng">9628.24533333333</dst>
            <dst id="SNVAng">404.744</dst>
            <dst id="STTLng">10816.3893333333</dst>
            <dst id="WASHng">19542.9786666667</dst>
        </src>
        <src id="IPLSng">
            <dst id="ATLA-M5">400.976</dst>
            <dst id="ATLAng">14101.336</dst>
            <dst id="CHINng">77592.8213333334</dst>
            <dst id="DNVRng">10836.5493333333</dst>
            <dst id="HSTNng">10184.6293333333</dst>
            <dst id="IPLSng">14790.216</dst>
            <dst id="KSCYng">7744.72</dst>
            <dst id="LOSAng">29179.6346666667</dst>
            <dst id="NYCMng">13131.56</dst>
            <dst id="SNVAng">6105.18133333333</dst>
            <dst id="STTLng">33472.552</dst>
            <dst id="WASHng">30738.24</dst>
        </src>
        <src id="KSCYng">
            <dst id="ATLA-M5">993.264</dst>
            <dst id="ATLAng">7387.38666666667</dst>
            <dst id="CHINng">32058.104</dst>
            <dst id="DNVRng">15407.3733333333</dst>
            <dst id="HSTNng">11621.576</dst>
            <dst id="IPLSng">15210.832</dst>
            <dst id="KSCYng">11860.0613333333</dst>
            <dst id="LOSAng">4506.16533333333</dst>
            <dst id="NYCMng">5116.56533333333</dst>
            <dst id="SNVAng">3575.76266666667</dst>
            <dst id="STTLng">11813.9573333333</dst>
            <dst id="WASHng">11549.4293333333</dst>
        </src>
        <src id="LOSAng">
            <dst id="ATLA-M5">430.826666666667</dst>
            <dst id="ATLAng">24636.8213333333</dst>
            <dst id="CHINng">117343.738666667</dst>
            <dst id="DNVRng">33386.8613333333</dst>
            <dst id="HSTNng">11437.9066666667</dst>
            <dst id="IPLSng">51800.1706666667</dst>
            <dst id="KSCYng">10588.5013333333</dst>
            <dst id="LOSAng">14104.376</dst>
            <dst id="NYCMng">41916.5493333333</dst>
            <dst id="SNVAng">23822.5573333333</dst>
            <dst id="STTLng">64985.832</dst>
            <dst id="WASHng">73330.576</dst>
        </src>
        <src id="NYCMng">
            <dst id="ATLA-M5">2362.92533333333</dst>
            <dst id="ATLAng">40517.4746666667</dst>
            <dst id="CHINng">34019.3973333333</dst>
            <dst id="DNVRng">30555.6026666667</dst>
            <dst id="HSTNng">19282.848</dst>
            <dst id="IPLSng">52201.856</dst>
            <dst id="KSCYng">25640.368</dst>
            <dst id="LOSAng">69699.632</dst>
            <dst id="NYCMng">102401.170666667</dst>
            <dst id="SNVAng">14920.9946666667</dst>
            <dst id="STTLng">23131.056</dst>
            <dst id="WASHng">125331.733333333</dst>
        </src>
        <src id="SNVAng">
            <dst id="ATLA-M5">0</dst>
            <dst id="ATLAng">80</dst>
            <dst id="CHINng">91.2746666666667</dst>
            <dst id="DNVRng">7313.83466666666</dst>
            <dst id="HSTNng">106.666666666667</dst>
            <dst id="IPLSng">509.984</dst>
            <dst id="KSCYng">64.5146666666667</dst>
            <dst id="LOSAng">7269.30133333333</dst>
            <dst id="NYCMng">26.6666666666667</dst>
            <dst id="SNVAng">8592.392</dst>
            <dst id="STTLng">20271.4533333333</dst>
            <dst id="WASHng">258.709333333333</dst>
        </src>
        <src id="STTLng">
            <dst id="ATLA-M5">2596.76266666667</dst>
            <dst id="ATLAng">45933.7386666667</dst>
            <dst id="CHINng">71354.2586666667</dst>
            <dst id="DNVRng">41854.672</dst>
            <dst id="HSTNng">34054.6533333333</dst>
            <dst id="IPLSng">48133.9653333333</dst>
            <dst id="KSCYng">32274.7813333333</dst>
            <dst id="LOSAng">14788.2453333333</dst>
            <dst id="NYCMng">22922.0426666667</dst>
            <dst id="SNVAng">8957.80533333333</dst>
            <dst id="STTLng">50378.792</dst>
            <dst id="WASHng">55921.872</dst>
        </src>
        <src id="WASHng">
            <dst id="ATLA-M5">9174.81066666667</dst>
            <dst id="ATLAng">140222.341333333</dst>
            <dst id="CHINng">102165.8</dst>
            <dst id="DNVRng">107199.445333333</dst>
            <dst id="HSTNng">34248.008</dst>
            <dst id="IPLSng">71911.608</dst>
            <dst id="KSCYng">40781.5226666667</dst>
            <dst id="LOSAng">109555.784</dst>
            <dst id="NYCMng">212225.093333333</dst>
            <dst id="SNVAng">14160.4693333333</dst>
            <dst id="STTLng">71687.6426666667</dst>
            <dst id="WASHng">237473.618666667</dst>
        </src>
    </IntraTM>
</TrafficMatrixFile>
