<?xml version="1.0" encoding="ISO-8859-1" standalone="yes"?>
<TrafficMatrixFile xsi:noNamespaceSchemaLocation="http://totem.run.montefiore.ulg.ac.be/Schema/TrafficMatrix-v1_2.xsd" xmlns:xsi="http://www.w3.org/2001/XMLSchema-instance">
    <IntraTM ASID="11537">
        <src id="ATLA-M5">
            <dst id="ATLA-M5">26.6666666666667</dst>
            <dst id="ATLAng">1391.43466666667</dst>
            <dst id="CHINng">208.592</dst>
            <dst id="DNVRng">26.6666666666667</dst>
            <dst id="HSTNng">153.381333333333</dst>
            <dst id="IPLSng">406.085333333333</dst>
            <dst id="KSCYng">177.530666666667</dst>
            <dst id="LOSAng">360.498666666667</dst>
            <dst id="NYCMng">1395.04266666667</dst>
            <dst id="SNVAng">69.2746666666667</dst>
            <dst id="STTLng">633.237333333333</dst>
            <dst id="WASHng">1186.992</dst>
        </src>
        <src id="ATLAng">
            <dst id="ATLA-M5">190.352</dst>
            <dst id="ATLAng">37287.3626666667</dst>
            <dst id="CHINng">14862.592</dst>
            <dst id="DNVRng">4840.33066666667</dst>
            <dst id="HSTNng">21369.2346666667</dst>
            <dst id="IPLSng">13846.9813333333</dst>
            <dst id="KSCYng">3086.46666666667</dst>
            <dst id="LOSAng">13459.4373333333</dst>
            <dst id="NYCMng">5073.51466666667</dst>
            <dst id="SNVAng">766.226666666667</dst>
            <dst id="STTLng">9375.77333333333</dst>
            <dst id="WASHng">50411.3253333333</dst>
        </src>
        <src id="CHINng">
            <dst id="ATLA-M5">338.261333333333</dst>
            <dst id="ATLAng">22844.5813333333</dst>
            <dst id="CHINng">209567.008</dst>
            <dst id="DNVRng">10531.4826666667</dst>
            <dst id="HSTNng">9875.09866666666</dst>
            <dst id="IPLSng">73692.3386666667</dst>
            <dst id="KSCYng">33075.0933333333</dst>
            <dst id="LOSAng">38996.2426666667</dst>
            <dst id="NYCMng">15628.5706666667</dst>
            <dst id="SNVAng">3417.616</dst>
            <dst id="STTLng">19675.24</dst>
            <dst id="WASHng">23585.0826666667</dst>
        </src>
        <src id="DNVRng">
            <dst id="ATLA-M5">62.88</dst>
            <dst id="ATLAng">2645.32266666667</dst>
            <dst id="CHINng">63783.4746666667</dst>
            <dst id="DNVRng">10936.1253333333</dst>
            <dst id="HSTNng">9837.744</dst>
            <dst id="IPLSng">15237.944</dst>
            <dst id="KSCYng">15734.5573333333</dst>
            <dst id="LOSAng">4995.728</dst>
            <dst id="NYCMng">7738.43733333333</dst>
            <dst id="SNVAng">7992.78133333333</dst>
            <dst id="STTLng">11681.5546666667</dst>
            <dst id="WASHng">22001.2266666667</dst>
        </src>
        <src id="HSTNng">
            <dst id="ATLA-M5">3096.26666666667</dst>
            <dst id="ATLAng">3602.58933333333</dst>
            <dst id="CHINng">17101.5733333333</dst>
            <dst id="DNVRng">1156.50666666667</dst>
            <dst id="HSTNng">17524.3973333333</dst>
            <dst id="IPLSng">1689.66933333333</dst>
            <dst id="KSCYng">9183.17066666667</dst>
            <dst id="LOSAng">3670.06666666667</dst>
            <dst id="NYCMng">3608.95733333333</dst>
            <dst id="SNVAng">41.3386666666667</dst>
            <dst id="STTLng">4137.09066666667</dst>
            <dst id="WASHng">7848.16</dst>
        </src>
        <src id="IPLSng">
            <dst id="ATLA-M5">1242.26133333333</dst>
            <dst id="ATLAng">6904.136</dst>
            <dst id="CHINng">68179.7706666666</dst>
            <dst id="DNVRng">15782.32</dst>
            <dst id="HSTNng">1689.78933333333</dst>
            <dst id="IPLSng">18587.28</dst>
            <dst id="KSCYng">2719.112</dst>
            <dst id="LOSAng">18730.4613333333</dst>
            <dst id="NYCMng">9803.47733333333</dst>
            <dst id="SNVAng">1415.52533333333</dst>
            <dst id="STTLng">19559.96</dst>
            <dst id="WASHng">34868.7786666667</dst>
        </src>
        <src id="KSCYng">
            <dst id="ATLA-M5">260.058666666667</dst>
            <dst id="ATLAng">6292.69066666667</dst>
            <dst id="CHINng">30420.3973333333</dst>
            <dst id="DNVRng">8455.784</dst>
            <dst id="HSTNng">2546.01866666667</dst>
            <dst id="IPLSng">13952.9973333333</dst>
            <dst id="KSCYng">8526.832</dst>
            <dst id="LOSAng">5355.728</dst>
            <dst id="NYCMng">5999.528</dst>
            <dst id="SNVAng">2305.68533333333</dst>
            <dst id="STTLng">12267.5386666667</dst>
            <dst id="WASHng">9097.65066666667</dst>
        </src>
        <src id="LOSAng">
            <dst id="ATLA-M5">0</dst>
            <dst id="ATLAng">6552.11733333333</dst>
            <dst id="CHINng">77014.5973333333</dst>
            <dst id="DNVRng">8477.22666666667</dst>
            <dst id="HSTNng">1959.92</dst>
            <dst id="IPLSng">26133.0133333333</dst>
            <dst id="KSCYng">2597.87466666667</dst>
            <dst id="LOSAng">11542.376</dst>
            <dst id="NYCMng">34156.008</dst>
            <dst id="SNVAng">21054.7813333333</dst>
            <dst id="STTLng">43152.7866666667</dst>
            <dst id="WASHng">39088.528</dst>
        </src>
        <src id="NYCMng">
            <dst id="ATLA-M5">1775.43733333333</dst>
            <dst id="ATLAng">23624.6853333333</dst>
            <dst id="CHINng">34291.3866666667</dst>
            <dst id="DNVRng">16503.128</dst>
            <dst id="HSTNng">7452.176</dst>
            <dst id="IPLSng">18184.312</dst>
            <dst id="KSCYng">8734.17333333333</dst>
            <dst id="LOSAng">52829.864</dst>
            <dst id="NYCMng">105177.149333333</dst>
            <dst id="SNVAng">6249.68</dst>
            <dst id="STTLng">22118.52</dst>
            <dst id="WASHng">81523.1546666667</dst>
        </src>
        <src id="SNVAng">
            <dst id="ATLA-M5">0</dst>
            <dst id="ATLAng">0</dst>
            <dst id="CHINng">84.0746666666667</dst>
            <dst id="DNVRng">949.693333333333</dst>
            <dst id="HSTNng">40.32</dst>
            <dst id="IPLSng">274.512</dst>
            <dst id="KSCYng">26.6666666666667</dst>
            <dst id="LOSAng">5448.72266666667</dst>
            <dst id="NYCMng">214.184</dst>
            <dst id="SNVAng">6941.66933333333</dst>
            <dst id="STTLng">20904.9493333333</dst>
            <dst id="WASHng">26.6666666666667</dst>
        </src>
        <src id="STTLng">
            <dst id="ATLA-M5">1962.272</dst>
            <dst id="ATLAng">8950.08533333333</dst>
            <dst id="CHINng">30992.9013333333</dst>
            <dst id="DNVRng">3242.53866666667</dst>
            <dst id="HSTNng">4428.048</dst>
            <dst id="IPLSng">6218.56266666667</dst>
            <dst id="KSCYng">3186.43733333333</dst>
            <dst id="LOSAng">60611.016</dst>
            <dst id="NYCMng">6450.23466666667</dst>
            <dst id="SNVAng">3608.23466666667</dst>
            <dst id="STTLng">19442.2586666667</dst>
            <dst id="WASHng">10647.328</dst>
        </src>
        <src id="WASHng">
            <dst id="ATLA-M5">357.378666666667</dst>
            <dst id="ATLAng">95807.568</dst>
            <dst id="CHINng">67427.9466666667</dst>
            <dst id="DNVRng">69338.0293333333</dst>
            <dst id="HSTNng">19908.84</dst>
            <dst id="IPLSng">36609.0826666667</dst>
            <dst id="KSCYng">19714.336</dst>
            <dst id="LOSAng">83181.992</dst>
            <dst id="NYCMng">149421.445333333</dst>
            <dst id="SNVAng">13013.4773333333</dst>
            <dst id="STTLng">39763.7653333333</dst>
            <dst id="WASHng">277628.693333333</dst>
        </src>
    </IntraTM>
</TrafficMatrixFile>
