<?xml version="1.0" encoding="ISO-8859-1" standalone="yes"?>
<TrafficMatrixFile xsi:noNamespaceSchemaLocation="http://totem.run.montefiore.ulg.ac.be/Schema/TrafficMatrix-v1_2.xsd" xmlns:xsi="http://www.w3.org/2001/XMLSchema-instance">
    <IntraTM ASID="11537">
        <src id="ATLA-M5">
            <dst id="ATLA-M5">85.432</dst>
            <dst id="ATLAng">742.701333333333</dst>
            <dst id="CHINng">1705.25066666667</dst>
            <dst id="DNVRng">142.632</dst>
            <dst id="HSTNng">221.122666666667</dst>
            <dst id="IPLSng">746.653333333333</dst>
            <dst id="KSCYng">224.717333333333</dst>
            <dst id="LOSAng">106.666666666667</dst>
            <dst id="NYCMng">2175.504</dst>
            <dst id="SNVAng">26.6666666666667</dst>
            <dst id="STTLng">1068.02133333333</dst>
            <dst id="WASHng">2127.19466666667</dst>
        </src>
        <src id="ATLAng">
            <dst id="ATLA-M5">823.032</dst>
            <dst id="ATLAng">34582.28</dst>
            <dst id="CHINng">28019.3973333333</dst>
            <dst id="DNVRng">3293.336</dst>
            <dst id="HSTNng">13696.472</dst>
            <dst id="IPLSng">21127.24</dst>
            <dst id="KSCYng">6256.408</dst>
            <dst id="LOSAng">20558.1133333333</dst>
            <dst id="NYCMng">11098.8746666667</dst>
            <dst id="SNVAng">1554.804</dst>
            <dst id="STTLng">22626.1573333333</dst>
            <dst id="WASHng">73347.992</dst>
        </src>
        <src id="CHINng">
            <dst id="ATLA-M5">1074.56</dst>
            <dst id="ATLAng">28070.0773333333</dst>
            <dst id="CHINng">124076.952</dst>
            <dst id="DNVRng">18494.728</dst>
            <dst id="HSTNng">22953.1333333333</dst>
            <dst id="IPLSng">195430.344</dst>
            <dst id="KSCYng">17114.352</dst>
            <dst id="LOSAng">37634.2933333333</dst>
            <dst id="NYCMng">17102.976</dst>
            <dst id="SNVAng">9046.05866666667</dst>
            <dst id="STTLng">41218.8293333333</dst>
            <dst id="WASHng">44685.2746666667</dst>
        </src>
        <src id="DNVRng">
            <dst id="ATLA-M5">473.306666666667</dst>
            <dst id="ATLAng">10601.3306666667</dst>
            <dst id="CHINng">44303.2746666667</dst>
            <dst id="DNVRng">13792.3013333333</dst>
            <dst id="HSTNng">25245.1333333333</dst>
            <dst id="IPLSng">15283.728</dst>
            <dst id="KSCYng">23498.1413333333</dst>
            <dst id="LOSAng">15943.1306666667</dst>
            <dst id="NYCMng">13230.2426666667</dst>
            <dst id="SNVAng">16034.2373333333</dst>
            <dst id="STTLng">30668.3386666667</dst>
            <dst id="WASHng">30302.2613333333</dst>
        </src>
        <src id="HSTNng">
            <dst id="ATLA-M5">598.850666666667</dst>
            <dst id="ATLAng">9487.21866666667</dst>
            <dst id="CHINng">15143.5306666667</dst>
            <dst id="DNVRng">4432.28</dst>
            <dst id="HSTNng">17923.1226666667</dst>
            <dst id="IPLSng">9253.97066666667</dst>
            <dst id="KSCYng">10170.528</dst>
            <dst id="LOSAng">7788.08</dst>
            <dst id="NYCMng">3719.43466666667</dst>
            <dst id="SNVAng">1416.38133333333</dst>
            <dst id="STTLng">13819.08</dst>
            <dst id="WASHng">30373.4666666667</dst>
        </src>
        <src id="IPLSng">
            <dst id="ATLA-M5">1217.70933333333</dst>
            <dst id="ATLAng">21900.9893333333</dst>
            <dst id="CHINng">127517.717333333</dst>
            <dst id="DNVRng">14757.7866666667</dst>
            <dst id="HSTNng">10615</dst>
            <dst id="IPLSng">54159.3333333334</dst>
            <dst id="KSCYng">12603.2506666667</dst>
            <dst id="LOSAng">34431.16</dst>
            <dst id="NYCMng">39107.9626666667</dst>
            <dst id="SNVAng">4744.46133333333</dst>
            <dst id="STTLng">39481.4453333333</dst>
            <dst id="WASHng">60888.0293333333</dst>
        </src>
        <src id="KSCYng">
            <dst id="ATLA-M5">563.162666666667</dst>
            <dst id="ATLAng">25876.0746666667</dst>
            <dst id="CHINng">37205.392</dst>
            <dst id="DNVRng">10628.92</dst>
            <dst id="HSTNng">4396.97066666667</dst>
            <dst id="IPLSng">22283.6826666667</dst>
            <dst id="KSCYng">10628.3813333333</dst>
            <dst id="LOSAng">10495.2293333333</dst>
            <dst id="NYCMng">6200.42133333333</dst>
            <dst id="SNVAng">4864.47466666667</dst>
            <dst id="STTLng">16288.864</dst>
            <dst id="WASHng">15867.392</dst>
        </src>
        <src id="LOSAng">
            <dst id="ATLA-M5">826.426666666667</dst>
            <dst id="ATLAng">30965.8026666667</dst>
            <dst id="CHINng">98005.952</dst>
            <dst id="DNVRng">42444.0746666667</dst>
            <dst id="HSTNng">11927.7253333333</dst>
            <dst id="IPLSng">36086.5013333333</dst>
            <dst id="KSCYng">15568.56</dst>
            <dst id="LOSAng">9942.78933333334</dst>
            <dst id="NYCMng">47448.384</dst>
            <dst id="SNVAng">28612.52</dst>
            <dst id="STTLng">74394.3013333333</dst>
            <dst id="WASHng">78540.1253333333</dst>
        </src>
        <src id="NYCMng">
            <dst id="ATLA-M5">2673.056</dst>
            <dst id="ATLAng">52079.6213333333</dst>
            <dst id="CHINng">42207.8853333333</dst>
            <dst id="DNVRng">17970.5413333333</dst>
            <dst id="HSTNng">28449.0666666667</dst>
            <dst id="IPLSng">53997.3466666667</dst>
            <dst id="KSCYng">17446.2426666667</dst>
            <dst id="LOSAng">65698.64</dst>
            <dst id="NYCMng">156025.666666667</dst>
            <dst id="SNVAng">8784.472</dst>
            <dst id="STTLng">19863.6933333333</dst>
            <dst id="WASHng">135449.6</dst>
        </src>
        <src id="SNVAng">
            <dst id="ATLA-M5">0</dst>
            <dst id="ATLAng">106.666666666667</dst>
            <dst id="CHINng">80</dst>
            <dst id="DNVRng">5897.896</dst>
            <dst id="HSTNng">399.648</dst>
            <dst id="IPLSng">573.856</dst>
            <dst id="KSCYng">80</dst>
            <dst id="LOSAng">7574.12</dst>
            <dst id="NYCMng">55.5573333333333</dst>
            <dst id="SNVAng">11787.2666666667</dst>
            <dst id="STTLng">22282.5253333333</dst>
            <dst id="WASHng">53.3333333333333</dst>
        </src>
        <src id="STTLng">
            <dst id="ATLA-M5">5257.65066666667</dst>
            <dst id="ATLAng">71449.1413333333</dst>
            <dst id="CHINng">119741.597333333</dst>
            <dst id="DNVRng">43212.28</dst>
            <dst id="HSTNng">37760.3893333333</dst>
            <dst id="IPLSng">101623.858666667</dst>
            <dst id="KSCYng">52406.0453333333</dst>
            <dst id="LOSAng">14227.16</dst>
            <dst id="NYCMng">31379.0453333333</dst>
            <dst id="SNVAng">13476.9466666667</dst>
            <dst id="STTLng">42831.2746666667</dst>
            <dst id="WASHng">93582.296</dst>
        </src>
        <src id="WASHng">
            <dst id="ATLA-M5">12852.52</dst>
            <dst id="ATLAng">100131.117333333</dst>
            <dst id="CHINng">81717.28</dst>
            <dst id="DNVRng">78254.52</dst>
            <dst id="HSTNng">29390.784</dst>
            <dst id="IPLSng">105704.005333333</dst>
            <dst id="KSCYng">23900.7973333333</dst>
            <dst id="LOSAng">86296.808</dst>
            <dst id="NYCMng">218282.896</dst>
            <dst id="SNVAng">8299.11733333333</dst>
            <dst id="STTLng">72577.592</dst>
            <dst id="WASHng">356777.226666667</dst>
        </src>
    </IntraTM>
</TrafficMatrixFile>
