<?xml version="1.0" encoding="ISO-8859-1" standalone="yes"?>
<TrafficMatrixFile xsi:noNamespaceSchemaLocation="http://totem.run.montefiore.ulg.ac.be/Schema/TrafficMatrix-v1_2.xsd" xmlns:xsi="http://www.w3.org/2001/XMLSchema-instance">
    <IntraTM ASID="11537">
        <src id="ATLA-M5">
            <dst id="ATLA-M5">0</dst>
            <dst id="ATLAng">1613.94666666667</dst>
            <dst id="CHINng">1107.37066666667</dst>
            <dst id="DNVRng">510.768</dst>
            <dst id="HSTNng">268.573333333333</dst>
            <dst id="IPLSng">699.293333333334</dst>
            <dst id="KSCYng">251.218666666667</dst>
            <dst id="LOSAng">438.558666666667</dst>
            <dst id="NYCMng">1447.928</dst>
            <dst id="SNVAng">55.8386666666667</dst>
            <dst id="STTLng">603.152</dst>
            <dst id="WASHng">615.882666666667</dst>
        </src>
        <src id="ATLAng">
            <dst id="ATLA-M5">1900.088</dst>
            <dst id="ATLAng">38507.2186666667</dst>
            <dst id="CHINng">14411.8133333333</dst>
            <dst id="DNVRng">3384.85066666667</dst>
            <dst id="HSTNng">2731.22933333333</dst>
            <dst id="IPLSng">20899.1653333333</dst>
            <dst id="KSCYng">4916.29333333333</dst>
            <dst id="LOSAng">25306.8613333333</dst>
            <dst id="NYCMng">8699.176</dst>
            <dst id="SNVAng">718.744</dst>
            <dst id="STTLng">9668.88</dst>
            <dst id="WASHng">36468.4026666667</dst>
        </src>
        <src id="CHINng">
            <dst id="ATLA-M5">888.117333333333</dst>
            <dst id="ATLAng">20177.8106666667</dst>
            <dst id="CHINng">82402.1706666666</dst>
            <dst id="DNVRng">22130.336</dst>
            <dst id="HSTNng">12874.024</dst>
            <dst id="IPLSng">92009.392</dst>
            <dst id="KSCYng">12528.8773333333</dst>
            <dst id="LOSAng">37492.3013333333</dst>
            <dst id="NYCMng">11363.3093333333</dst>
            <dst id="SNVAng">3577.23733333333</dst>
            <dst id="STTLng">19443.8693333333</dst>
            <dst id="WASHng">25488.2453333333</dst>
        </src>
        <src id="DNVRng">
            <dst id="ATLA-M5">449.426666666667</dst>
            <dst id="ATLAng">8480.336</dst>
            <dst id="CHINng">60020.904</dst>
            <dst id="DNVRng">11712.44</dst>
            <dst id="HSTNng">13462.7146666667</dst>
            <dst id="IPLSng">11076.352</dst>
            <dst id="KSCYng">17214.1173333333</dst>
            <dst id="LOSAng">13727.144</dst>
            <dst id="NYCMng">8958.656</dst>
            <dst id="SNVAng">10654.12</dst>
            <dst id="STTLng">26478.2293333333</dst>
            <dst id="WASHng">20489.5333333333</dst>
        </src>
        <src id="HSTNng">
            <dst id="ATLA-M5">2119.456</dst>
            <dst id="ATLAng">5225.34133333333</dst>
            <dst id="CHINng">11940.9386666667</dst>
            <dst id="DNVRng">1492.03733333333</dst>
            <dst id="HSTNng">21899.48</dst>
            <dst id="IPLSng">3534.41866666667</dst>
            <dst id="KSCYng">7910.84533333333</dst>
            <dst id="LOSAng">8036.328</dst>
            <dst id="NYCMng">1789.464</dst>
            <dst id="SNVAng">107.896</dst>
            <dst id="STTLng">5447.62133333333</dst>
            <dst id="WASHng">4075.448</dst>
        </src>
        <src id="IPLSng">
            <dst id="ATLA-M5">307.338666666667</dst>
            <dst id="ATLAng">18003.6</dst>
            <dst id="CHINng">53375.6586666667</dst>
            <dst id="DNVRng">6791.63466666667</dst>
            <dst id="HSTNng">916.461333333333</dst>
            <dst id="IPLSng">24429.3626666667</dst>
            <dst id="KSCYng">9851.936</dst>
            <dst id="LOSAng">17472.9146666667</dst>
            <dst id="NYCMng">5678.67466666667</dst>
            <dst id="SNVAng">949.226666666667</dst>
            <dst id="STTLng">27538.4</dst>
            <dst id="WASHng">11441.248</dst>
        </src>
        <src id="KSCYng">
            <dst id="ATLA-M5">187.712</dst>
            <dst id="ATLAng">9466.06933333333</dst>
            <dst id="CHINng">21402.4373333333</dst>
            <dst id="DNVRng">9640.78666666667</dst>
            <dst id="HSTNng">3925.55466666667</dst>
            <dst id="IPLSng">18334.4026666667</dst>
            <dst id="KSCYng">12931.9413333333</dst>
            <dst id="LOSAng">9511.304</dst>
            <dst id="NYCMng">2544.368</dst>
            <dst id="SNVAng">2315.256</dst>
            <dst id="STTLng">7575.728</dst>
            <dst id="WASHng">13070.16</dst>
        </src>
        <src id="LOSAng">
            <dst id="ATLA-M5">111.168</dst>
            <dst id="ATLAng">8547.736</dst>
            <dst id="CHINng">6119087.2</dst>
            <dst id="DNVRng">23933.1013333333</dst>
            <dst id="HSTNng">6165.128</dst>
            <dst id="IPLSng">18783.8213333333</dst>
            <dst id="KSCYng">4766.64533333333</dst>
            <dst id="LOSAng">16713.2293333333</dst>
            <dst id="NYCMng">45355.4186666667</dst>
            <dst id="SNVAng">23238.8106666667</dst>
            <dst id="STTLng">63218.0026666667</dst>
            <dst id="WASHng">44328.112</dst>
        </src>
        <src id="NYCMng">
            <dst id="ATLA-M5">909.597333333333</dst>
            <dst id="ATLAng">17992.408</dst>
            <dst id="CHINng">37481.04</dst>
            <dst id="DNVRng">17854.184</dst>
            <dst id="HSTNng">10040.9653333333</dst>
            <dst id="IPLSng">16542.0453333333</dst>
            <dst id="KSCYng">12299.4293333333</dst>
            <dst id="LOSAng">76507.3786666667</dst>
            <dst id="NYCMng">106359.533333333</dst>
            <dst id="SNVAng">1543.624</dst>
            <dst id="STTLng">30247.6853333333</dst>
            <dst id="WASHng">71466.6</dst>
        </src>
        <src id="SNVAng">
            <dst id="ATLA-M5">0</dst>
            <dst id="ATLAng">382.376</dst>
            <dst id="CHINng">108.792</dst>
            <dst id="DNVRng">1881.88533333333</dst>
            <dst id="HSTNng">53.3333333333333</dst>
            <dst id="IPLSng">397.146666666667</dst>
            <dst id="KSCYng">0</dst>
            <dst id="LOSAng">9687.976</dst>
            <dst id="NYCMng">53.3333333333333</dst>
            <dst id="SNVAng">9531.80266666666</dst>
            <dst id="STTLng">20055.24</dst>
            <dst id="WASHng">80</dst>
        </src>
        <src id="STTLng">
            <dst id="ATLA-M5">603.898666666667</dst>
            <dst id="ATLAng">15000.1413333333</dst>
            <dst id="CHINng">30891.5253333333</dst>
            <dst id="DNVRng">5265.05066666667</dst>
            <dst id="HSTNng">6167.20533333333</dst>
            <dst id="IPLSng">11451.7546666667</dst>
            <dst id="KSCYng">8310.568</dst>
            <dst id="LOSAng">40325.4106666667</dst>
            <dst id="NYCMng">9063.22933333333</dst>
            <dst id="SNVAng">2942.30933333333</dst>
            <dst id="STTLng">20685.9066666667</dst>
            <dst id="WASHng">15236.9226666667</dst>
        </src>
        <src id="WASHng">
            <dst id="ATLA-M5">1561.136</dst>
            <dst id="ATLAng">105872.293333333</dst>
            <dst id="CHINng">85245.192</dst>
            <dst id="DNVRng">57980.6826666667</dst>
            <dst id="HSTNng">18145.5146666667</dst>
            <dst id="IPLSng">50015.6986666667</dst>
            <dst id="KSCYng">20099.208</dst>
            <dst id="LOSAng">80277.232</dst>
            <dst id="NYCMng">198371.794666667</dst>
            <dst id="SNVAng">2371.896</dst>
            <dst id="STTLng">70696.048</dst>
            <dst id="WASHng">192489.813333333</dst>
        </src>
    </IntraTM>
</TrafficMatrixFile>
