<?xml version="1.0" encoding="ISO-8859-1" standalone="yes"?>
<TrafficMatrixFile xsi:noNamespaceSchemaLocation="http://totem.run.montefiore.ulg.ac.be/Schema/TrafficMatrix-v1_2.xsd" xmlns:xsi="http://www.w3.org/2001/XMLSchema-instance">
    <IntraTM ASID="11537">
        <src id="ATLA-M5">
            <dst id="ATLA-M5">200.778666666667</dst>
            <dst id="ATLAng">995.4</dst>
            <dst id="CHINng">1028.89333333333</dst>
            <dst id="DNVRng">455.162666666667</dst>
            <dst id="HSTNng">319.602666666667</dst>
            <dst id="IPLSng">1346.28</dst>
            <dst id="KSCYng">429</dst>
            <dst id="LOSAng">139.966666666667</dst>
            <dst id="NYCMng">885.738666666667</dst>
            <dst id="SNVAng">71.6466666666667</dst>
            <dst id="STTLng">766.413333333333</dst>
            <dst id="WASHng">1960.63733333333</dst>
        </src>
        <src id="ATLAng">
            <dst id="ATLA-M5">684.864</dst>
            <dst id="ATLAng">35803.5946666667</dst>
            <dst id="CHINng">18154.096</dst>
            <dst id="DNVRng">15324.36</dst>
            <dst id="HSTNng">33860.2986666667</dst>
            <dst id="IPLSng">35835.12</dst>
            <dst id="KSCYng">14696.0986666667</dst>
            <dst id="LOSAng">11975.0986666667</dst>
            <dst id="NYCMng">19518.7946666667</dst>
            <dst id="SNVAng">1220.95466666667</dst>
            <dst id="STTLng">24859.8373333333</dst>
            <dst id="WASHng">71740.8746666667</dst>
        </src>
        <src id="CHINng">
            <dst id="ATLA-M5">807.597333333333</dst>
            <dst id="ATLAng">30835.6453333333</dst>
            <dst id="CHINng">132771.96</dst>
            <dst id="DNVRng">18103.1626666667</dst>
            <dst id="HSTNng">18550.2373333333</dst>
            <dst id="IPLSng">91264.976</dst>
            <dst id="KSCYng">37017.7626666667</dst>
            <dst id="LOSAng">58187.0346666667</dst>
            <dst id="NYCMng">31485.0826666667</dst>
            <dst id="SNVAng">3167.58666666667</dst>
            <dst id="STTLng">35854.0346666667</dst>
            <dst id="WASHng">43478.4213333333</dst>
        </src>
        <src id="DNVRng">
            <dst id="ATLA-M5">365.309333333333</dst>
            <dst id="ATLAng">10775.8853333333</dst>
            <dst id="CHINng">35912.9946666667</dst>
            <dst id="DNVRng">15390.0266666667</dst>
            <dst id="HSTNng">19111.488</dst>
            <dst id="IPLSng">15164.656</dst>
            <dst id="KSCYng">26882.264</dst>
            <dst id="LOSAng">14333.1733333333</dst>
            <dst id="NYCMng">11458.328</dst>
            <dst id="SNVAng">15931.8266666667</dst>
            <dst id="STTLng">51128.888</dst>
            <dst id="WASHng">33987.192</dst>
        </src>
        <src id="HSTNng">
            <dst id="ATLA-M5">1140.81066666667</dst>
            <dst id="ATLAng">18442.52</dst>
            <dst id="CHINng">19055.8346666667</dst>
            <dst id="DNVRng">2288.11733333333</dst>
            <dst id="HSTNng">17380.0773333333</dst>
            <dst id="IPLSng">10076.9946666667</dst>
            <dst id="KSCYng">10693.2986666667</dst>
            <dst id="LOSAng">9517.11466666666</dst>
            <dst id="NYCMng">6536.26666666667</dst>
            <dst id="SNVAng">1058.576</dst>
            <dst id="STTLng">13229.448</dst>
            <dst id="WASHng">8970.83466666667</dst>
        </src>
        <src id="IPLSng">
            <dst id="ATLA-M5">922.597333333333</dst>
            <dst id="ATLAng">15255.4773333333</dst>
            <dst id="CHINng">126653.48</dst>
            <dst id="DNVRng">9206.62666666667</dst>
            <dst id="HSTNng">10150.832</dst>
            <dst id="IPLSng">17965.8586666667</dst>
            <dst id="KSCYng">23814.1226666667</dst>
            <dst id="LOSAng">19507.9386666667</dst>
            <dst id="NYCMng">12935.8293333333</dst>
            <dst id="SNVAng">4826.37066666667</dst>
            <dst id="STTLng">37023.632</dst>
            <dst id="WASHng">33823.7733333333</dst>
        </src>
        <src id="KSCYng">
            <dst id="ATLA-M5">238.330666666667</dst>
            <dst id="ATLAng">14839.9733333333</dst>
            <dst id="CHINng">34041.392</dst>
            <dst id="DNVRng">10383.312</dst>
            <dst id="HSTNng">5354.46933333333</dst>
            <dst id="IPLSng">20084.1093333333</dst>
            <dst id="KSCYng">12954.936</dst>
            <dst id="LOSAng">5815.94933333333</dst>
            <dst id="NYCMng">7719.42133333333</dst>
            <dst id="SNVAng">2509.48533333333</dst>
            <dst id="STTLng">16210.2053333333</dst>
            <dst id="WASHng">21062.8826666667</dst>
        </src>
        <src id="LOSAng">
            <dst id="ATLA-M5">4908.432</dst>
            <dst id="ATLAng">15759.896</dst>
            <dst id="CHINng">92304.8426666667</dst>
            <dst id="DNVRng">21846.992</dst>
            <dst id="HSTNng">10870.6106666667</dst>
            <dst id="IPLSng">27025.0693333333</dst>
            <dst id="KSCYng">6013.208</dst>
            <dst id="LOSAng">13097.4186666667</dst>
            <dst id="NYCMng">34028.5333333333</dst>
            <dst id="SNVAng">26571.3973333333</dst>
            <dst id="STTLng">66361.1413333333</dst>
            <dst id="WASHng">66033.728</dst>
        </src>
        <src id="NYCMng">
            <dst id="ATLA-M5">4303.00533333333</dst>
            <dst id="ATLAng">48840.904</dst>
            <dst id="CHINng">52549.2</dst>
            <dst id="DNVRng">34175.7546666667</dst>
            <dst id="HSTNng">21577.7253333333</dst>
            <dst id="IPLSng">36313.592</dst>
            <dst id="KSCYng">19718.816</dst>
            <dst id="LOSAng">61045.2453333333</dst>
            <dst id="NYCMng">210929.432</dst>
            <dst id="SNVAng">6051.47733333333</dst>
            <dst id="STTLng">24240.928</dst>
            <dst id="WASHng">127303.112</dst>
        </src>
        <src id="SNVAng">
            <dst id="ATLA-M5">0</dst>
            <dst id="ATLAng">80</dst>
            <dst id="CHINng">240.706666666667</dst>
            <dst id="DNVRng">8156.68533333333</dst>
            <dst id="HSTNng">854.304</dst>
            <dst id="IPLSng">624.141333333333</dst>
            <dst id="KSCYng">137.765333333333</dst>
            <dst id="LOSAng">5948.808</dst>
            <dst id="NYCMng">97.5973333333333</dst>
            <dst id="SNVAng">10532.4053333333</dst>
            <dst id="STTLng">18764.3146666667</dst>
            <dst id="WASHng">995.152</dst>
        </src>
        <src id="STTLng">
            <dst id="ATLA-M5">9186.30933333334</dst>
            <dst id="ATLAng">66486.768</dst>
            <dst id="CHINng">124112.946666667</dst>
            <dst id="DNVRng">43495.056</dst>
            <dst id="HSTNng">29463.264</dst>
            <dst id="IPLSng">87465.9573333333</dst>
            <dst id="KSCYng">57207.76</dst>
            <dst id="LOSAng">17726.544</dst>
            <dst id="NYCMng">32617.5893333333</dst>
            <dst id="SNVAng">8760.00533333333</dst>
            <dst id="STTLng">32331.6533333333</dst>
            <dst id="WASHng">101257.648</dst>
        </src>
        <src id="WASHng">
            <dst id="ATLA-M5">1894.15733333333</dst>
            <dst id="ATLAng">109374.048</dst>
            <dst id="CHINng">77798.4826666667</dst>
            <dst id="DNVRng">47016.5706666667</dst>
            <dst id="HSTNng">31184.3786666667</dst>
            <dst id="IPLSng">81041.1413333333</dst>
            <dst id="KSCYng">34733.6613333333</dst>
            <dst id="LOSAng">81969.616</dst>
            <dst id="NYCMng">243248.176</dst>
            <dst id="SNVAng">10643.232</dst>
            <dst id="STTLng">63170.3973333333</dst>
            <dst id="WASHng">352404.72</dst>
        </src>
    </IntraTM>
</TrafficMatrixFile>
