<?xml version="1.0" encoding="ISO-8859-1" standalone="yes"?>
<TrafficMatrixFile xsi:noNamespaceSchemaLocation="http://totem.run.montefiore.ulg.ac.be/Schema/TrafficMatrix-v1_2.xsd" xmlns:xsi="http://www.w3.org/2001/XMLSchema-instance">
    <IntraTM ASID="11537">
        <src id="ATLA-M5">
            <dst id="ATLA-M5">269.978666666667</dst>
            <dst id="ATLAng">879.677333333333</dst>
            <dst id="CHINng">790.264</dst>
            <dst id="DNVRng">106.666666666667</dst>
            <dst id="HSTNng">798.229333333333</dst>
            <dst id="IPLSng">3420.29866666667</dst>
            <dst id="KSCYng">463.285333333333</dst>
            <dst id="LOSAng">309.614666666667</dst>
            <dst id="NYCMng">2825.088</dst>
            <dst id="SNVAng">82.412</dst>
            <dst id="STTLng">1321.144</dst>
            <dst id="WASHng">1882.25866666667</dst>
        </src>
        <src id="ATLAng">
            <dst id="ATLA-M5">574.517333333333</dst>
            <dst id="ATLAng">50412.696</dst>
            <dst id="CHINng">34098.36</dst>
            <dst id="DNVRng">3409.17866666667</dst>
            <dst id="HSTNng">24654.8213333333</dst>
            <dst id="IPLSng">35499.4613333333</dst>
            <dst id="KSCYng">15843.4506666667</dst>
            <dst id="LOSAng">17351.852</dst>
            <dst id="NYCMng">24219.4533333333</dst>
            <dst id="SNVAng">1879.24133333333</dst>
            <dst id="STTLng">20402.7093333333</dst>
            <dst id="WASHng">70526.9786666666</dst>
        </src>
        <src id="CHINng">
            <dst id="ATLA-M5">2566.05333333333</dst>
            <dst id="ATLAng">67361.8453333333</dst>
            <dst id="CHINng">149671.264</dst>
            <dst id="DNVRng">11856.9653333333</dst>
            <dst id="HSTNng">30099.5466666667</dst>
            <dst id="IPLSng">74591.5573333333</dst>
            <dst id="KSCYng">27443.728</dst>
            <dst id="LOSAng">38037.7386666667</dst>
            <dst id="NYCMng">25052.6906666667</dst>
            <dst id="SNVAng">10853.5786666667</dst>
            <dst id="STTLng">40037.5626666667</dst>
            <dst id="WASHng">61020.4053333333</dst>
        </src>
        <src id="DNVRng">
            <dst id="ATLA-M5">553.416</dst>
            <dst id="ATLAng">21887.528</dst>
            <dst id="CHINng">44886.9786666667</dst>
            <dst id="DNVRng">18238.3866666667</dst>
            <dst id="HSTNng">21587.304</dst>
            <dst id="IPLSng">16964.4426666667</dst>
            <dst id="KSCYng">21187.848</dst>
            <dst id="LOSAng">19258.3253333333</dst>
            <dst id="NYCMng">9277.45333333333</dst>
            <dst id="SNVAng">21532.5226666667</dst>
            <dst id="STTLng">37550.096</dst>
            <dst id="WASHng">29800.16</dst>
        </src>
        <src id="HSTNng">
            <dst id="ATLA-M5">1695.56266666667</dst>
            <dst id="ATLAng">8235.73066666667</dst>
            <dst id="CHINng">21946.9626666667</dst>
            <dst id="DNVRng">5836.15466666667</dst>
            <dst id="HSTNng">22747.7066666667</dst>
            <dst id="IPLSng">7530.94933333333</dst>
            <dst id="KSCYng">10978.5066666667</dst>
            <dst id="LOSAng">5289.73333333333</dst>
            <dst id="NYCMng">6932.29066666667</dst>
            <dst id="SNVAng">513.877333333333</dst>
            <dst id="STTLng">12547.2666666667</dst>
            <dst id="WASHng">32128.0293333333</dst>
        </src>
        <src id="IPLSng">
            <dst id="ATLA-M5">3274.32533333333</dst>
            <dst id="ATLAng">20204.8373333333</dst>
            <dst id="CHINng">84872.0106666667</dst>
            <dst id="DNVRng">22522.928</dst>
            <dst id="HSTNng">9203.448</dst>
            <dst id="IPLSng">20741.7226666667</dst>
            <dst id="KSCYng">23236.5333333333</dst>
            <dst id="LOSAng">13664.88</dst>
            <dst id="NYCMng">13045.272</dst>
            <dst id="SNVAng">3249.53866666667</dst>
            <dst id="STTLng">26842.5093333333</dst>
            <dst id="WASHng">47759.6746666667</dst>
        </src>
        <src id="KSCYng">
            <dst id="ATLA-M5">758.336</dst>
            <dst id="ATLAng">9757.376</dst>
            <dst id="CHINng">36188.576</dst>
            <dst id="DNVRng">10160.84</dst>
            <dst id="HSTNng">4667.256</dst>
            <dst id="IPLSng">24769.1093333333</dst>
            <dst id="KSCYng">31296.3173333333</dst>
            <dst id="LOSAng">4576.56266666667</dst>
            <dst id="NYCMng">6713.312</dst>
            <dst id="SNVAng">3694.93066666667</dst>
            <dst id="STTLng">14652.928</dst>
            <dst id="WASHng">16536.456</dst>
        </src>
        <src id="LOSAng">
            <dst id="ATLA-M5">626.034666666667</dst>
            <dst id="ATLAng">25048.104</dst>
            <dst id="CHINng">107241.426666667</dst>
            <dst id="DNVRng">45016.9173333333</dst>
            <dst id="HSTNng">16375.3466666667</dst>
            <dst id="IPLSng">54830.312</dst>
            <dst id="KSCYng">14868.672</dst>
            <dst id="LOSAng">11970.8506666667</dst>
            <dst id="NYCMng">55356.352</dst>
            <dst id="SNVAng">22668.8986666667</dst>
            <dst id="STTLng">50410.3466666667</dst>
            <dst id="WASHng">77257.1813333333</dst>
        </src>
        <src id="NYCMng">
            <dst id="ATLA-M5">2217.12</dst>
            <dst id="ATLAng">45326.6373333333</dst>
            <dst id="CHINng">42207.872</dst>
            <dst id="DNVRng">30959.552</dst>
            <dst id="HSTNng">24298.7466666667</dst>
            <dst id="IPLSng">57119.9146666667</dst>
            <dst id="KSCYng">20740.112</dst>
            <dst id="LOSAng">61183.8613333333</dst>
            <dst id="NYCMng">139333.906666667</dst>
            <dst id="SNVAng">6378.21333333333</dst>
            <dst id="STTLng">26966.152</dst>
            <dst id="WASHng">132418.517333333</dst>
        </src>
        <src id="SNVAng">
            <dst id="ATLA-M5">71.7413333333333</dst>
            <dst id="ATLAng">93.8293333333333</dst>
            <dst id="CHINng">82.1253333333333</dst>
            <dst id="DNVRng">16350.3626666667</dst>
            <dst id="HSTNng">354</dst>
            <dst id="IPLSng">613.981333333333</dst>
            <dst id="KSCYng">53.3333333333333</dst>
            <dst id="LOSAng">11299.8053333333</dst>
            <dst id="NYCMng">38.2826666666667</dst>
            <dst id="SNVAng">13697.3546666667</dst>
            <dst id="STTLng">24525.5306666667</dst>
            <dst id="WASHng">177.088</dst>
        </src>
        <src id="STTLng">
            <dst id="ATLA-M5">3429.60533333333</dst>
            <dst id="ATLAng">75915.8533333333</dst>
            <dst id="CHINng">128307.589333333</dst>
            <dst id="DNVRng">61354.4853333333</dst>
            <dst id="HSTNng">43617.1306666667</dst>
            <dst id="IPLSng">104807.677333333</dst>
            <dst id="KSCYng">77569.768</dst>
            <dst id="LOSAng">14868.8853333333</dst>
            <dst id="NYCMng">30007.0293333333</dst>
            <dst id="SNVAng">8887.85866666667</dst>
            <dst id="STTLng">50290.7226666667</dst>
            <dst id="WASHng">115763.565333333</dst>
        </src>
        <src id="WASHng">
            <dst id="ATLA-M5">7872.68</dst>
            <dst id="ATLAng">140923.314666667</dst>
            <dst id="CHINng">122007.218666667</dst>
            <dst id="DNVRng">104706.704</dst>
            <dst id="HSTNng">55836.768</dst>
            <dst id="IPLSng">97120.688</dst>
            <dst id="KSCYng">26360.3573333333</dst>
            <dst id="LOSAng">86237.912</dst>
            <dst id="NYCMng">319622.053333333</dst>
            <dst id="SNVAng">10660.6773333333</dst>
            <dst id="STTLng">56662.6666666667</dst>
            <dst id="WASHng">325771.333333333</dst>
        </src>
    </IntraTM>
</TrafficMatrixFile>
