<?xml version="1.0" encoding="ISO-8859-1" standalone="yes"?>
<TrafficMatrixFile xsi:noNamespaceSchemaLocation="http://totem.run.montefiore.ulg.ac.be/Schema/TrafficMatrix-v1_2.xsd" xmlns:xsi="http://www.w3.org/2001/XMLSchema-instance">
    <IntraTM ASID="11537">
        <src id="ATLA-M5">
            <dst id="ATLA-M5">290.736</dst>
            <dst id="ATLAng">982.88</dst>
            <dst id="CHINng">1702.68533333333</dst>
            <dst id="DNVRng">209.168</dst>
            <dst id="HSTNng">180.112</dst>
            <dst id="IPLSng">2343.58133333333</dst>
            <dst id="KSCYng">189.192</dst>
            <dst id="LOSAng">129.209333333333</dst>
            <dst id="NYCMng">766.608</dst>
            <dst id="SNVAng">37.8066666666667</dst>
            <dst id="STTLng">1228.05866666667</dst>
            <dst id="WASHng">1807.32</dst>
        </src>
        <src id="ATLAng">
            <dst id="ATLA-M5">519.096</dst>
            <dst id="ATLAng">38824.4426666667</dst>
            <dst id="CHINng">24368.744</dst>
            <dst id="DNVRng">12117.944</dst>
            <dst id="HSTNng">26001.9013333333</dst>
            <dst id="IPLSng">41370.648</dst>
            <dst id="KSCYng">5595.95466666667</dst>
            <dst id="LOSAng">10486.4053333333</dst>
            <dst id="NYCMng">16368.1226666667</dst>
            <dst id="SNVAng">1305.32533333333</dst>
            <dst id="STTLng">24568.3626666667</dst>
            <dst id="WASHng">61251.2933333333</dst>
        </src>
        <src id="CHINng">
            <dst id="ATLA-M5">813.722666666667</dst>
            <dst id="ATLAng">26687.7626666667</dst>
            <dst id="CHINng">150758.405333333</dst>
            <dst id="DNVRng">14930.2586666667</dst>
            <dst id="HSTNng">18430.1093333333</dst>
            <dst id="IPLSng">70130.456</dst>
            <dst id="KSCYng">29599.7466666667</dst>
            <dst id="LOSAng">47067.2293333333</dst>
            <dst id="NYCMng">39512.7333333333</dst>
            <dst id="SNVAng">4661.26933333333</dst>
            <dst id="STTLng">33058.032</dst>
            <dst id="WASHng">46868.6</dst>
        </src>
        <src id="DNVRng">
            <dst id="ATLA-M5">408.365333333333</dst>
            <dst id="ATLAng">10550.7093333333</dst>
            <dst id="CHINng">39989.8666666667</dst>
            <dst id="DNVRng">16169.0106666667</dst>
            <dst id="HSTNng">15214.4106666667</dst>
            <dst id="IPLSng">15780.2826666667</dst>
            <dst id="KSCYng">22678.5306666667</dst>
            <dst id="LOSAng">24597.6853333333</dst>
            <dst id="NYCMng">11258.3066666667</dst>
            <dst id="SNVAng">13660.0986666667</dst>
            <dst id="STTLng">43737.528</dst>
            <dst id="WASHng">36271.872</dst>
        </src>
        <src id="HSTNng">
            <dst id="ATLA-M5">2323.4</dst>
            <dst id="ATLAng">10666.0453333333</dst>
            <dst id="CHINng">22053.072</dst>
            <dst id="DNVRng">2219.73066666667</dst>
            <dst id="HSTNng">16543.0533333333</dst>
            <dst id="IPLSng">8057.56</dst>
            <dst id="KSCYng">12532.2906666667</dst>
            <dst id="LOSAng">10986.408</dst>
            <dst id="NYCMng">6088.58133333333</dst>
            <dst id="SNVAng">90.3013333333333</dst>
            <dst id="STTLng">15049.3973333333</dst>
            <dst id="WASHng">8830.80533333333</dst>
        </src>
        <src id="IPLSng">
            <dst id="ATLA-M5">494.578666666667</dst>
            <dst id="ATLAng">25028.2586666667</dst>
            <dst id="CHINng">78210.1386666667</dst>
            <dst id="DNVRng">7513.07733333333</dst>
            <dst id="HSTNng">21421.272</dst>
            <dst id="IPLSng">22903.4293333333</dst>
            <dst id="KSCYng">19875.88</dst>
            <dst id="LOSAng">21797.4693333333</dst>
            <dst id="NYCMng">18213.7573333333</dst>
            <dst id="SNVAng">4720.23733333333</dst>
            <dst id="STTLng">35247.4613333333</dst>
            <dst id="WASHng">28409.1066666667</dst>
        </src>
        <src id="KSCYng">
            <dst id="ATLA-M5">214.904</dst>
            <dst id="ATLAng">11706.48</dst>
            <dst id="CHINng">43017.256</dst>
            <dst id="DNVRng">12902.1893333333</dst>
            <dst id="HSTNng">10147.8453333333</dst>
            <dst id="IPLSng">25293.7893333333</dst>
            <dst id="KSCYng">13214.1626666667</dst>
            <dst id="LOSAng">4633.44</dst>
            <dst id="NYCMng">9662.23733333333</dst>
            <dst id="SNVAng">4844.488</dst>
            <dst id="STTLng">18171.6426666667</dst>
            <dst id="WASHng">21831.2666666667</dst>
        </src>
        <src id="LOSAng">
            <dst id="ATLA-M5">2339.62666666667</dst>
            <dst id="ATLAng">15049.5013333333</dst>
            <dst id="CHINng">102593.882666667</dst>
            <dst id="DNVRng">23503.184</dst>
            <dst id="HSTNng">7547.392</dst>
            <dst id="IPLSng">24996.232</dst>
            <dst id="KSCYng">9012.656</dst>
            <dst id="LOSAng">11527.0693333333</dst>
            <dst id="NYCMng">34932.5386666667</dst>
            <dst id="SNVAng">24514.4293333333</dst>
            <dst id="STTLng">74732.2266666667</dst>
            <dst id="WASHng">65629.9653333333</dst>
        </src>
        <src id="NYCMng">
            <dst id="ATLA-M5">2022.66933333333</dst>
            <dst id="ATLAng">49717.912</dst>
            <dst id="CHINng">51887.3893333333</dst>
            <dst id="DNVRng">30501.9733333333</dst>
            <dst id="HSTNng">14111.2533333333</dst>
            <dst id="IPLSng">34576.6213333333</dst>
            <dst id="KSCYng">21009.84</dst>
            <dst id="LOSAng">55312.216</dst>
            <dst id="NYCMng">186975.773333333</dst>
            <dst id="SNVAng">7754.86933333333</dst>
            <dst id="STTLng">22361.5626666667</dst>
            <dst id="WASHng">127086.832</dst>
        </src>
        <src id="SNVAng">
            <dst id="ATLA-M5">53.3333333333333</dst>
            <dst id="ATLAng">106.666666666667</dst>
            <dst id="CHINng">231.253333333333</dst>
            <dst id="DNVRng">9236.93066666667</dst>
            <dst id="HSTNng">0</dst>
            <dst id="IPLSng">647.192</dst>
            <dst id="KSCYng">180.677333333333</dst>
            <dst id="LOSAng">5261.68</dst>
            <dst id="NYCMng">100.485333333333</dst>
            <dst id="SNVAng">11403.056</dst>
            <dst id="STTLng">19987.7973333333</dst>
            <dst id="WASHng">1047.07466666667</dst>
        </src>
        <src id="STTLng">
            <dst id="ATLA-M5">8873.744</dst>
            <dst id="ATLAng">65962.9786666667</dst>
            <dst id="CHINng">109384.045333333</dst>
            <dst id="DNVRng">41854.7386666667</dst>
            <dst id="HSTNng">38796.5573333333</dst>
            <dst id="IPLSng">93838.656</dst>
            <dst id="KSCYng">62257.8346666667</dst>
            <dst id="LOSAng">13552.8133333333</dst>
            <dst id="NYCMng">34052.4186666667</dst>
            <dst id="SNVAng">8644.944</dst>
            <dst id="STTLng">31422.4453333333</dst>
            <dst id="WASHng">94757.112</dst>
        </src>
        <src id="WASHng">
            <dst id="ATLA-M5">1276.96533333333</dst>
            <dst id="ATLAng">99025.0773333333</dst>
            <dst id="CHINng">78092.1173333333</dst>
            <dst id="DNVRng">65452.7813333333</dst>
            <dst id="HSTNng">35176.6693333333</dst>
            <dst id="IPLSng">87518.9413333333</dst>
            <dst id="KSCYng">33333.1653333333</dst>
            <dst id="LOSAng">78753.1253333333</dst>
            <dst id="NYCMng">234074.152</dst>
            <dst id="SNVAng">10512.0453333333</dst>
            <dst id="STTLng">60029.7813333334</dst>
            <dst id="WASHng">327577.466666667</dst>
        </src>
    </IntraTM>
</TrafficMatrixFile>
