<?xml version="1.0" encoding="ISO-8859-1" standalone="yes"?>
<TrafficMatrixFile xsi:noNamespaceSchemaLocation="http://totem.run.montefiore.ulg.ac.be/Schema/TrafficMatrix-v1_2.xsd" xmlns:xsi="http://www.w3.org/2001/XMLSchema-instance">
    <IntraTM ASID="11537">
        <src id="ATLA-M5">
            <dst id="ATLA-M5">243.077333333333</dst>
            <dst id="ATLAng">492.786666666667</dst>
            <dst id="CHINng">1493.45333333333</dst>
            <dst id="DNVRng">353.768</dst>
            <dst id="HSTNng">174.389333333333</dst>
            <dst id="IPLSng">614.938666666667</dst>
            <dst id="KSCYng">1311.648</dst>
            <dst id="LOSAng">488.846666666667</dst>
            <dst id="NYCMng">5115.17333333333</dst>
            <dst id="SNVAng">66.6573333333333</dst>
            <dst id="STTLng">489.941333333333</dst>
            <dst id="WASHng">1828.34933333333</dst>
        </src>
        <src id="ATLAng">
            <dst id="ATLA-M5">136.717333333333</dst>
            <dst id="ATLAng">34317.3973333333</dst>
            <dst id="CHINng">18824.752</dst>
            <dst id="DNVRng">7499.92266666667</dst>
            <dst id="HSTNng">15711.3386666667</dst>
            <dst id="IPLSng">18905.088</dst>
            <dst id="KSCYng">6578.216</dst>
            <dst id="LOSAng">9948.33333333333</dst>
            <dst id="NYCMng">11649.784</dst>
            <dst id="SNVAng">2157.63733333333</dst>
            <dst id="STTLng">9800.33333333333</dst>
            <dst id="WASHng">46273.5573333333</dst>
        </src>
        <src id="CHINng">
            <dst id="ATLA-M5">1209.39733333333</dst>
            <dst id="ATLAng">18696.9066666667</dst>
            <dst id="CHINng">236369.157333333</dst>
            <dst id="DNVRng">10536.8906666667</dst>
            <dst id="HSTNng">16196.4186666667</dst>
            <dst id="IPLSng">38652.8</dst>
            <dst id="KSCYng">11927.9706666667</dst>
            <dst id="LOSAng">29854.136</dst>
            <dst id="NYCMng">35651.4106666667</dst>
            <dst id="SNVAng">3573.59466666667</dst>
            <dst id="STTLng">18984.1973333333</dst>
            <dst id="WASHng">16758.9546666667</dst>
        </src>
        <src id="DNVRng">
            <dst id="ATLA-M5">325.16</dst>
            <dst id="ATLAng">3292.728</dst>
            <dst id="CHINng">37766.4853333333</dst>
            <dst id="DNVRng">9175.15733333333</dst>
            <dst id="HSTNng">13428.2053333333</dst>
            <dst id="IPLSng">9374.656</dst>
            <dst id="KSCYng">21580.3733333333</dst>
            <dst id="LOSAng">4358.096</dst>
            <dst id="NYCMng">10899.688</dst>
            <dst id="SNVAng">8970.24266666667</dst>
            <dst id="STTLng">29590.392</dst>
            <dst id="WASHng">21487.152</dst>
        </src>
        <src id="HSTNng">
            <dst id="ATLA-M5">668.544</dst>
            <dst id="ATLAng">2389.032</dst>
            <dst id="CHINng">17533.616</dst>
            <dst id="DNVRng">1279.912</dst>
            <dst id="HSTNng">6336.23466666667</dst>
            <dst id="IPLSng">3706.2</dst>
            <dst id="KSCYng">7735.89066666667</dst>
            <dst id="LOSAng">6604.944</dst>
            <dst id="NYCMng">4476.34933333333</dst>
            <dst id="SNVAng">26.6666666666667</dst>
            <dst id="STTLng">4660.864</dst>
            <dst id="WASHng">6574.45333333333</dst>
        </src>
        <src id="IPLSng">
            <dst id="ATLA-M5">928.178666666667</dst>
            <dst id="ATLAng">10262.2186666667</dst>
            <dst id="CHINng">53869.832</dst>
            <dst id="DNVRng">8707.42666666667</dst>
            <dst id="HSTNng">6875.696</dst>
            <dst id="IPLSng">12145.5973333333</dst>
            <dst id="KSCYng">5285.33066666667</dst>
            <dst id="LOSAng">19032.12</dst>
            <dst id="NYCMng">17399.656</dst>
            <dst id="SNVAng">2195.86666666667</dst>
            <dst id="STTLng">18637.4533333333</dst>
            <dst id="WASHng">7602.608</dst>
        </src>
        <src id="KSCYng">
            <dst id="ATLA-M5">264.442666666667</dst>
            <dst id="ATLAng">5698.48</dst>
            <dst id="CHINng">29752.072</dst>
            <dst id="DNVRng">8564.78133333333</dst>
            <dst id="HSTNng">3195.304</dst>
            <dst id="IPLSng">12607.88</dst>
            <dst id="KSCYng">8333.07733333333</dst>
            <dst id="LOSAng">5011.08</dst>
            <dst id="NYCMng">20726.2906666667</dst>
            <dst id="SNVAng">2422.48</dst>
            <dst id="STTLng">15862.2693333333</dst>
            <dst id="WASHng">12309.4266666667</dst>
        </src>
        <src id="LOSAng">
            <dst id="ATLA-M5">26.6666666666667</dst>
            <dst id="ATLAng">8245.48533333333</dst>
            <dst id="CHINng">78928.52</dst>
            <dst id="DNVRng">7807.432</dst>
            <dst id="HSTNng">2346.96</dst>
            <dst id="IPLSng">23182.8426666667</dst>
            <dst id="KSCYng">4107.82133333333</dst>
            <dst id="LOSAng">12141.5573333333</dst>
            <dst id="NYCMng">27620.9653333333</dst>
            <dst id="SNVAng">19251.416</dst>
            <dst id="STTLng">49854.12</dst>
            <dst id="WASHng">35391.24</dst>
        </src>
        <src id="NYCMng">
            <dst id="ATLA-M5">2242.11733333333</dst>
            <dst id="ATLAng">28167.584</dst>
            <dst id="CHINng">36960.2986666667</dst>
            <dst id="DNVRng">20736.3866666667</dst>
            <dst id="HSTNng">9737.77066666667</dst>
            <dst id="IPLSng">19878.5813333333</dst>
            <dst id="KSCYng">19120.2186666667</dst>
            <dst id="LOSAng">43977</dst>
            <dst id="NYCMng">68859.7173333333</dst>
            <dst id="SNVAng">1695.624</dst>
            <dst id="STTLng">23638.448</dst>
            <dst id="WASHng">49132.432</dst>
        </src>
        <src id="SNVAng">
            <dst id="ATLA-M5">0</dst>
            <dst id="ATLAng">26.6666666666667</dst>
            <dst id="CHINng">81.3333333333333</dst>
            <dst id="DNVRng">1391.21866666667</dst>
            <dst id="HSTNng">0</dst>
            <dst id="IPLSng">341.653333333333</dst>
            <dst id="KSCYng">53.3333333333333</dst>
            <dst id="LOSAng">3796.31733333333</dst>
            <dst id="NYCMng">178.434666666667</dst>
            <dst id="SNVAng">4916.296</dst>
            <dst id="STTLng">17150.6586666667</dst>
            <dst id="WASHng">5675.424</dst>
        </src>
        <src id="STTLng">
            <dst id="ATLA-M5">266.506666666667</dst>
            <dst id="ATLAng">12573.1066666667</dst>
            <dst id="CHINng">30207.5466666667</dst>
            <dst id="DNVRng">7839.19466666666</dst>
            <dst id="HSTNng">3814.624</dst>
            <dst id="IPLSng">12116.0293333333</dst>
            <dst id="KSCYng">7696.112</dst>
            <dst id="LOSAng">35368.6613333333</dst>
            <dst id="NYCMng">8308.456</dst>
            <dst id="SNVAng">3041.272</dst>
            <dst id="STTLng">20048.2853333333</dst>
            <dst id="WASHng">15687.8106666667</dst>
        </src>
        <src id="WASHng">
            <dst id="ATLA-M5">2502.41866666667</dst>
            <dst id="ATLAng">106916.589333333</dst>
            <dst id="CHINng">82026.6826666667</dst>
            <dst id="DNVRng">59121.8213333333</dst>
            <dst id="HSTNng">23493.6986666667</dst>
            <dst id="IPLSng">35699.1493333333</dst>
            <dst id="KSCYng">25491.2106666667</dst>
            <dst id="LOSAng">68596.0426666667</dst>
            <dst id="NYCMng">107633.157333333</dst>
            <dst id="SNVAng">6506.368</dst>
            <dst id="STTLng">56185.0426666667</dst>
            <dst id="WASHng">271324.666666667</dst>
        </src>
    </IntraTM>
</TrafficMatrixFile>
