<?xml version="1.0" encoding="ISO-8859-1" standalone="yes"?>
<TrafficMatrixFile xsi:noNamespaceSchemaLocation="http://totem.run.montefiore.ulg.ac.be/Schema/TrafficMatrix-v1_2.xsd" xmlns:xsi="http://www.w3.org/2001/XMLSchema-instance">
    <IntraTM ASID="11537">
        <src id="ATLA-M5">
            <dst id="ATLA-M5">0</dst>
            <dst id="ATLAng">892.413333333333</dst>
            <dst id="CHINng">1537.83733333333</dst>
            <dst id="DNVRng">296.282666666667</dst>
            <dst id="HSTNng">875.333333333333</dst>
            <dst id="IPLSng">1566.56266666667</dst>
            <dst id="KSCYng">613.845333333333</dst>
            <dst id="LOSAng">97.824</dst>
            <dst id="NYCMng">1478.85333333333</dst>
            <dst id="SNVAng">71.1573333333334</dst>
            <dst id="STTLng">985.608</dst>
            <dst id="WASHng">1709.12</dst>
        </src>
        <src id="ATLAng">
            <dst id="ATLA-M5">732.541333333333</dst>
            <dst id="ATLAng">34608.472</dst>
            <dst id="CHINng">32321.016</dst>
            <dst id="DNVRng">6631.20533333334</dst>
            <dst id="HSTNng">3990.70933333333</dst>
            <dst id="IPLSng">17664.952</dst>
            <dst id="KSCYng">6270.872</dst>
            <dst id="LOSAng">20685.4613333333</dst>
            <dst id="NYCMng">10358.536</dst>
            <dst id="SNVAng">1682.768</dst>
            <dst id="STTLng">9380.89333333333</dst>
            <dst id="WASHng">43200.6053333333</dst>
        </src>
        <src id="CHINng">
            <dst id="ATLA-M5">962.944</dst>
            <dst id="ATLAng">32710.9653333333</dst>
            <dst id="CHINng">179924.778666667</dst>
            <dst id="DNVRng">19428.424</dst>
            <dst id="HSTNng">12606.8106666667</dst>
            <dst id="IPLSng">32229.448</dst>
            <dst id="KSCYng">24040.224</dst>
            <dst id="LOSAng">33368.0533333333</dst>
            <dst id="NYCMng">14022.464</dst>
            <dst id="SNVAng">3304.42133333333</dst>
            <dst id="STTLng">23218.696</dst>
            <dst id="WASHng">24699.256</dst>
        </src>
        <src id="DNVRng">
            <dst id="ATLA-M5">270.482666666667</dst>
            <dst id="ATLAng">7031.97866666667</dst>
            <dst id="CHINng">46159.9573333333</dst>
            <dst id="DNVRng">8703.552</dst>
            <dst id="HSTNng">13030.8213333333</dst>
            <dst id="IPLSng">9329.51466666667</dst>
            <dst id="KSCYng">16555.3173333333</dst>
            <dst id="LOSAng">14447.8053333333</dst>
            <dst id="NYCMng">6766.272</dst>
            <dst id="SNVAng">9699.98666666667</dst>
            <dst id="STTLng">33334.5146666667</dst>
            <dst id="WASHng">22061.3253333333</dst>
        </src>
        <src id="HSTNng">
            <dst id="ATLA-M5">3061.88</dst>
            <dst id="ATLAng">4830.608</dst>
            <dst id="CHINng">12318.8666666667</dst>
            <dst id="DNVRng">1497.29333333333</dst>
            <dst id="HSTNng">17112.1093333333</dst>
            <dst id="IPLSng">6049.99733333333</dst>
            <dst id="KSCYng">8811.68533333333</dst>
            <dst id="LOSAng">3674.51733333333</dst>
            <dst id="NYCMng">3967.21866666667</dst>
            <dst id="SNVAng">26.6666666666667</dst>
            <dst id="STTLng">4595.392</dst>
            <dst id="WASHng">12851.816</dst>
        </src>
        <src id="IPLSng">
            <dst id="ATLA-M5">699.184</dst>
            <dst id="ATLAng">10436.536</dst>
            <dst id="CHINng">56102.56</dst>
            <dst id="DNVRng">8523.424</dst>
            <dst id="HSTNng">4677.61333333333</dst>
            <dst id="IPLSng">43505.5226666667</dst>
            <dst id="KSCYng">6080.04</dst>
            <dst id="LOSAng">12448.6986666667</dst>
            <dst id="NYCMng">6305.68266666667</dst>
            <dst id="SNVAng">4084.30133333333</dst>
            <dst id="STTLng">23595.7013333333</dst>
            <dst id="WASHng">11329.8453333333</dst>
        </src>
        <src id="KSCYng">
            <dst id="ATLA-M5">423.925333333333</dst>
            <dst id="ATLAng">11509.72</dst>
            <dst id="CHINng">23692.5493333333</dst>
            <dst id="DNVRng">7548.064</dst>
            <dst id="HSTNng">3464.632</dst>
            <dst id="IPLSng">16325.248</dst>
            <dst id="KSCYng">8356.14933333333</dst>
            <dst id="LOSAng">4593.43733333333</dst>
            <dst id="NYCMng">10848.32</dst>
            <dst id="SNVAng">2453.89866666667</dst>
            <dst id="STTLng">8875.08</dst>
            <dst id="WASHng">12223.92</dst>
        </src>
        <src id="LOSAng">
            <dst id="ATLA-M5">235.24</dst>
            <dst id="ATLAng">46131.4373333333</dst>
            <dst id="CHINng">70944.9653333333</dst>
            <dst id="DNVRng">29598.7733333333</dst>
            <dst id="HSTNng">4845.76533333333</dst>
            <dst id="IPLSng">30137.6773333333</dst>
            <dst id="KSCYng">8056.07733333333</dst>
            <dst id="LOSAng">11666.2133333333</dst>
            <dst id="NYCMng">35151.1413333333</dst>
            <dst id="SNVAng">18963.1946666667</dst>
            <dst id="STTLng">57308.8186666666</dst>
            <dst id="WASHng">55575.7786666667</dst>
        </src>
        <src id="NYCMng">
            <dst id="ATLA-M5">2628.58666666667</dst>
            <dst id="ATLAng">33115.4506666667</dst>
            <dst id="CHINng">37818.3893333333</dst>
            <dst id="DNVRng">20251.04</dst>
            <dst id="HSTNng">10206.016</dst>
            <dst id="IPLSng">30893.3626666667</dst>
            <dst id="KSCYng">12009.112</dst>
            <dst id="LOSAng">56328.7466666667</dst>
            <dst id="NYCMng">74935.6773333333</dst>
            <dst id="SNVAng">1768.23733333333</dst>
            <dst id="STTLng">24370.4186666667</dst>
            <dst id="WASHng">59330.1386666667</dst>
        </src>
        <src id="SNVAng">
            <dst id="ATLA-M5">0</dst>
            <dst id="ATLAng">730.992</dst>
            <dst id="CHINng">53.3333333333333</dst>
            <dst id="DNVRng">893.864</dst>
            <dst id="HSTNng">0</dst>
            <dst id="IPLSng">358.634666666667</dst>
            <dst id="KSCYng">53.3333333333333</dst>
            <dst id="LOSAng">8825.28533333333</dst>
            <dst id="NYCMng">213.181333333333</dst>
            <dst id="SNVAng">7546.49066666667</dst>
            <dst id="STTLng">16425.5093333333</dst>
            <dst id="WASHng">26.6666666666667</dst>
        </src>
        <src id="STTLng">
            <dst id="ATLA-M5">412.032</dst>
            <dst id="ATLAng">14570.3013333333</dst>
            <dst id="CHINng">19660.4293333333</dst>
            <dst id="DNVRng">13350.416</dst>
            <dst id="HSTNng">7996.75466666666</dst>
            <dst id="IPLSng">15812.0426666667</dst>
            <dst id="KSCYng">21164.9866666667</dst>
            <dst id="LOSAng">40257.2346666667</dst>
            <dst id="NYCMng">8567.096</dst>
            <dst id="SNVAng">2130.26133333333</dst>
            <dst id="STTLng">22369.296</dst>
            <dst id="WASHng">20833.2186666667</dst>
        </src>
        <src id="WASHng">
            <dst id="ATLA-M5">5522.26133333333</dst>
            <dst id="ATLAng">134065.514666667</dst>
            <dst id="CHINng">72008.7786666667</dst>
            <dst id="DNVRng">39450.24</dst>
            <dst id="HSTNng">31468.1893333333</dst>
            <dst id="IPLSng">43943.376</dst>
            <dst id="KSCYng">27277.1893333333</dst>
            <dst id="LOSAng">80918.72</dst>
            <dst id="NYCMng">110832.824</dst>
            <dst id="SNVAng">7113.92533333333</dst>
            <dst id="STTLng">53634.3466666667</dst>
            <dst id="WASHng">295393.973333333</dst>
        </src>
    </IntraTM>
</TrafficMatrixFile>
