<?xml version="1.0" encoding="ISO-8859-1" standalone="yes"?>
<TrafficMatrixFile xsi:noNamespaceSchemaLocation="http://totem.run.montefiore.ulg.ac.be/Schema/TrafficMatrix-v1_2.xsd" xmlns:xsi="http://www.w3.org/2001/XMLSchema-instance">
    <IntraTM ASID="11537">
        <src id="ATLA-M5">
            <dst id="ATLA-M5">112.629333333333</dst>
            <dst id="ATLAng">1574.2</dst>
            <dst id="CHINng">763.770666666667</dst>
            <dst id="DNVRng">26.6666666666667</dst>
            <dst id="HSTNng">1141.32</dst>
            <dst id="IPLSng">2117.72266666667</dst>
            <dst id="KSCYng">1047.14933333333</dst>
            <dst id="LOSAng">122.697333333333</dst>
            <dst id="NYCMng">5844.13066666667</dst>
            <dst id="SNVAng">23.86</dst>
            <dst id="STTLng">1084.44533333333</dst>
            <dst id="WASHng">2141.32533333333</dst>
        </src>
        <src id="ATLAng">
            <dst id="ATLA-M5">391.92</dst>
            <dst id="ATLAng">36823.5306666667</dst>
            <dst id="CHINng">17467.3573333333</dst>
            <dst id="DNVRng">4950.496</dst>
            <dst id="HSTNng">19977.368</dst>
            <dst id="IPLSng">19743.4693333333</dst>
            <dst id="KSCYng">4524.88</dst>
            <dst id="LOSAng">16461.336</dst>
            <dst id="NYCMng">10255.7786666667</dst>
            <dst id="SNVAng">803.098666666667</dst>
            <dst id="STTLng">18990.008</dst>
            <dst id="WASHng">77468.4293333333</dst>
        </src>
        <src id="CHINng">
            <dst id="ATLA-M5">1741.552</dst>
            <dst id="ATLAng">17398.912</dst>
            <dst id="CHINng">150131.074666667</dst>
            <dst id="DNVRng">8334.62933333333</dst>
            <dst id="HSTNng">8705.968</dst>
            <dst id="IPLSng">47367.7893333333</dst>
            <dst id="KSCYng">11539.2986666667</dst>
            <dst id="LOSAng">19155.992</dst>
            <dst id="NYCMng">15459.488</dst>
            <dst id="SNVAng">4188.50133333333</dst>
            <dst id="STTLng">32621.864</dst>
            <dst id="WASHng">25121.4826666667</dst>
        </src>
        <src id="DNVRng">
            <dst id="ATLA-M5">315.504</dst>
            <dst id="ATLAng">7757.97866666667</dst>
            <dst id="CHINng">54444.1253333333</dst>
            <dst id="DNVRng">7786.08266666667</dst>
            <dst id="HSTNng">13944.976</dst>
            <dst id="IPLSng">15861.808</dst>
            <dst id="KSCYng">13660.5546666667</dst>
            <dst id="LOSAng">10038.6613333333</dst>
            <dst id="NYCMng">8149.848</dst>
            <dst id="SNVAng">7696.52</dst>
            <dst id="STTLng">11657.8613333333</dst>
            <dst id="WASHng">24926.624</dst>
        </src>
        <src id="HSTNng">
            <dst id="ATLA-M5">1899.44</dst>
            <dst id="ATLAng">6389.25333333333</dst>
            <dst id="CHINng">16234.08</dst>
            <dst id="DNVRng">969.792</dst>
            <dst id="HSTNng">11806.3386666667</dst>
            <dst id="IPLSng">3031.032</dst>
            <dst id="KSCYng">6898.928</dst>
            <dst id="LOSAng">3424.23466666667</dst>
            <dst id="NYCMng">3618.32533333333</dst>
            <dst id="SNVAng">100.653333333333</dst>
            <dst id="STTLng">11522</dst>
            <dst id="WASHng">5559.72266666667</dst>
        </src>
        <src id="IPLSng">
            <dst id="ATLA-M5">440.448</dst>
            <dst id="ATLAng">12567.2186666667</dst>
            <dst id="CHINng">84226.496</dst>
            <dst id="DNVRng">4042.33066666667</dst>
            <dst id="HSTNng">3559.632</dst>
            <dst id="IPLSng">50320.616</dst>
            <dst id="KSCYng">5153.41866666667</dst>
            <dst id="LOSAng">19901.7146666667</dst>
            <dst id="NYCMng">14503.32</dst>
            <dst id="SNVAng">529.448</dst>
            <dst id="STTLng">39965.3226666667</dst>
            <dst id="WASHng">46324.08</dst>
        </src>
        <src id="KSCYng">
            <dst id="ATLA-M5">184.008</dst>
            <dst id="ATLAng">7964.15733333333</dst>
            <dst id="CHINng">31874.5066666667</dst>
            <dst id="DNVRng">10562.9653333333</dst>
            <dst id="HSTNng">4759.28533333333</dst>
            <dst id="IPLSng">12739.9493333333</dst>
            <dst id="KSCYng">6058.75733333333</dst>
            <dst id="LOSAng">3936.69333333333</dst>
            <dst id="NYCMng">14034.3466666667</dst>
            <dst id="SNVAng">2050.93866666667</dst>
            <dst id="STTLng">22697.056</dst>
            <dst id="WASHng">11267.9893333333</dst>
        </src>
        <src id="LOSAng">
            <dst id="ATLA-M5">26.6666666666667</dst>
            <dst id="ATLAng">20374.5626666667</dst>
            <dst id="CHINng">96791.8533333333</dst>
            <dst id="DNVRng">5481.424</dst>
            <dst id="HSTNng">4719.66666666667</dst>
            <dst id="IPLSng">51609.824</dst>
            <dst id="KSCYng">6040.37333333333</dst>
            <dst id="LOSAng">7561</dst>
            <dst id="NYCMng">33039.8453333333</dst>
            <dst id="SNVAng">25116.4613333333</dst>
            <dst id="STTLng">49456.792</dst>
            <dst id="WASHng">37443.2986666667</dst>
        </src>
        <src id="NYCMng">
            <dst id="ATLA-M5">963.845333333333</dst>
            <dst id="ATLAng">33079.7093333333</dst>
            <dst id="CHINng">42943.3013333333</dst>
            <dst id="DNVRng">18900.112</dst>
            <dst id="HSTNng">8757.95733333333</dst>
            <dst id="IPLSng">20913.8826666667</dst>
            <dst id="KSCYng">13605.9306666667</dst>
            <dst id="LOSAng">41724.1226666667</dst>
            <dst id="NYCMng">143247.389333333</dst>
            <dst id="SNVAng">3037.824</dst>
            <dst id="STTLng">22401.024</dst>
            <dst id="WASHng">110577.178666667</dst>
        </src>
        <src id="SNVAng">
            <dst id="ATLA-M5">0</dst>
            <dst id="ATLAng">26.6666666666667</dst>
            <dst id="CHINng">57.152</dst>
            <dst id="DNVRng">6490.29333333333</dst>
            <dst id="HSTNng">310.197333333333</dst>
            <dst id="IPLSng">434.034666666667</dst>
            <dst id="KSCYng">26.6666666666667</dst>
            <dst id="LOSAng">6046.89066666666</dst>
            <dst id="NYCMng">43.3306666666667</dst>
            <dst id="SNVAng">6725.78933333333</dst>
            <dst id="STTLng">16859.632</dst>
            <dst id="WASHng">53.3333333333333</dst>
        </src>
        <src id="STTLng">
            <dst id="ATLA-M5">5649.97066666667</dst>
            <dst id="ATLAng">52765.704</dst>
            <dst id="CHINng">142668.805333333</dst>
            <dst id="DNVRng">19284.024</dst>
            <dst id="HSTNng">25435.056</dst>
            <dst id="IPLSng">87059.5306666667</dst>
            <dst id="KSCYng">55143.3573333333</dst>
            <dst id="LOSAng">18612.1386666667</dst>
            <dst id="NYCMng">27291.152</dst>
            <dst id="SNVAng">1579.16266666667</dst>
            <dst id="STTLng">18793.2506666667</dst>
            <dst id="WASHng">95340.7466666667</dst>
        </src>
        <src id="WASHng">
            <dst id="ATLA-M5">943.069333333333</dst>
            <dst id="ATLAng">134834.821333333</dst>
            <dst id="CHINng">65299.936</dst>
            <dst id="DNVRng">52364.208</dst>
            <dst id="HSTNng">22501.3493333333</dst>
            <dst id="IPLSng">60865.5546666667</dst>
            <dst id="KSCYng">20751.3893333333</dst>
            <dst id="LOSAng">68500.008</dst>
            <dst id="NYCMng">153948.752</dst>
            <dst id="SNVAng">4592.56533333333</dst>
            <dst id="STTLng">56883.8106666667</dst>
            <dst id="WASHng">383036.346666667</dst>
        </src>
    </IntraTM>
</TrafficMatrixFile>
