<?xml version="1.0" encoding="ISO-8859-1" standalone="yes"?>
<TrafficMatrixFile xsi:noNamespaceSchemaLocation="http://totem.run.montefiore.ulg.ac.be/Schema/TrafficMatrix-v1_2.xsd" xmlns:xsi="http://www.w3.org/2001/XMLSchema-instance">
    <IntraTM ASID="11537">
        <src id="ATLA-M5">
            <dst id="ATLA-M5">0</dst>
            <dst id="ATLAng">80</dst>
            <dst id="CHINng">800.994666666667</dst>
            <dst id="DNVRng">119.733333333333</dst>
            <dst id="HSTNng">126.045333333333</dst>
            <dst id="IPLSng">205.216</dst>
            <dst id="KSCYng">26.6666666666667</dst>
            <dst id="LOSAng">110.872</dst>
            <dst id="NYCMng">80</dst>
            <dst id="SNVAng">0</dst>
            <dst id="STTLng">623.928</dst>
            <dst id="WASHng">1993.25333333333</dst>
        </src>
        <src id="ATLAng">
            <dst id="ATLA-M5">332.245333333333</dst>
            <dst id="ATLAng">26834.176</dst>
            <dst id="CHINng">8847.704</dst>
            <dst id="DNVRng">1723.29333333333</dst>
            <dst id="HSTNng">1351.04533333333</dst>
            <dst id="IPLSng">14930.6133333333</dst>
            <dst id="KSCYng">1820.288</dst>
            <dst id="LOSAng">24535.2066666667</dst>
            <dst id="NYCMng">5634.16</dst>
            <dst id="SNVAng">1649.49466666667</dst>
            <dst id="STTLng">9503.84</dst>
            <dst id="WASHng">38052.312</dst>
        </src>
        <src id="CHINng">
            <dst id="ATLA-M5">555.48</dst>
            <dst id="ATLAng">20485.232</dst>
            <dst id="CHINng">92839.672</dst>
            <dst id="DNVRng">15159.208</dst>
            <dst id="HSTNng">5313.2</dst>
            <dst id="IPLSng">60926.576</dst>
            <dst id="KSCYng">6237.864</dst>
            <dst id="LOSAng">36104.424</dst>
            <dst id="NYCMng">13660.7626666667</dst>
            <dst id="SNVAng">3376.136</dst>
            <dst id="STTLng">17906.96</dst>
            <dst id="WASHng">13932.744</dst>
        </src>
        <src id="DNVRng">
            <dst id="ATLA-M5">77.92</dst>
            <dst id="ATLAng">4776.25333333333</dst>
            <dst id="CHINng">34299.048</dst>
            <dst id="DNVRng">6595.35466666667</dst>
            <dst id="HSTNng">7585.25333333333</dst>
            <dst id="IPLSng">27457.608</dst>
            <dst id="KSCYng">9531.408</dst>
            <dst id="LOSAng">56452.0373333333</dst>
            <dst id="NYCMng">4713.70133333333</dst>
            <dst id="SNVAng">4266.248</dst>
            <dst id="STTLng">11236.928</dst>
            <dst id="WASHng">15447.7493333333</dst>
        </src>
        <src id="HSTNng">
            <dst id="ATLA-M5">3045.36</dst>
            <dst id="ATLAng">2806.72266666667</dst>
            <dst id="CHINng">14404.48</dst>
            <dst id="DNVRng">635.584</dst>
            <dst id="HSTNng">18567.8773333333</dst>
            <dst id="IPLSng">1563.69866666667</dst>
            <dst id="KSCYng">5013.496</dst>
            <dst id="LOSAng">6570.48</dst>
            <dst id="NYCMng">2323.496</dst>
            <dst id="SNVAng">156.474666666667</dst>
            <dst id="STTLng">3498.712</dst>
            <dst id="WASHng">2662.62133333333</dst>
        </src>
        <src id="IPLSng">
            <dst id="ATLA-M5">203.32</dst>
            <dst id="ATLAng">10381.832</dst>
            <dst id="CHINng">86155.6266666667</dst>
            <dst id="DNVRng">5297.832</dst>
            <dst id="HSTNng">953.650666666667</dst>
            <dst id="IPLSng">28241.3146666667</dst>
            <dst id="KSCYng">9428.66933333333</dst>
            <dst id="LOSAng">71945.392</dst>
            <dst id="NYCMng">10587.936</dst>
            <dst id="SNVAng">310.917333333333</dst>
            <dst id="STTLng">28852.5253333333</dst>
            <dst id="WASHng">17171.1786666667</dst>
        </src>
        <src id="KSCYng">
            <dst id="ATLA-M5">80</dst>
            <dst id="ATLAng">5590.57866666667</dst>
            <dst id="CHINng">24083.3333333333</dst>
            <dst id="DNVRng">6754.656</dst>
            <dst id="HSTNng">14957.92</dst>
            <dst id="IPLSng">14541.5226666667</dst>
            <dst id="KSCYng">5479.336</dst>
            <dst id="LOSAng">4539.44533333333</dst>
            <dst id="NYCMng">3404.8</dst>
            <dst id="SNVAng">2807.45866666667</dst>
            <dst id="STTLng">5790.94133333334</dst>
            <dst id="WASHng">10775.0986666667</dst>
        </src>
        <src id="LOSAng">
            <dst id="ATLA-M5">148.381333333333</dst>
            <dst id="ATLAng">6331.97066666667</dst>
            <dst id="CHINng">111091.248</dst>
            <dst id="DNVRng">7430.14133333333</dst>
            <dst id="HSTNng">3668.312</dst>
            <dst id="IPLSng">10085.9466666667</dst>
            <dst id="KSCYng">2256.34933333333</dst>
            <dst id="LOSAng">8421.33066666666</dst>
            <dst id="NYCMng">46029.8133333333</dst>
            <dst id="SNVAng">20104.584</dst>
            <dst id="STTLng">50561.3813333333</dst>
            <dst id="WASHng">46277.528</dst>
        </src>
        <src id="NYCMng">
            <dst id="ATLA-M5">467.770666666667</dst>
            <dst id="ATLAng">35306.2906666667</dst>
            <dst id="CHINng">32300.8853333333</dst>
            <dst id="DNVRng">11160.408</dst>
            <dst id="HSTNng">3110.2</dst>
            <dst id="IPLSng">12639.8453333333</dst>
            <dst id="KSCYng">3766.81066666667</dst>
            <dst id="LOSAng">50833.4053333333</dst>
            <dst id="NYCMng">78496.896</dst>
            <dst id="SNVAng">1056.88533333333</dst>
            <dst id="STTLng">30117.5893333333</dst>
            <dst id="WASHng">50139.6693333333</dst>
        </src>
        <src id="SNVAng">
            <dst id="ATLA-M5">0</dst>
            <dst id="ATLAng">435.026666666667</dst>
            <dst id="CHINng">187.602666666667</dst>
            <dst id="DNVRng">2221.008</dst>
            <dst id="HSTNng">26.6666666666667</dst>
            <dst id="IPLSng">286.498666666667</dst>
            <dst id="KSCYng">26.6666666666667</dst>
            <dst id="LOSAng">7468.45866666667</dst>
            <dst id="NYCMng">42.1066666666667</dst>
            <dst id="SNVAng">7698.53333333333</dst>
            <dst id="STTLng">14522.584</dst>
            <dst id="WASHng">26.6666666666667</dst>
        </src>
        <src id="STTLng">
            <dst id="ATLA-M5">159.469333333333</dst>
            <dst id="ATLAng">20690.904</dst>
            <dst id="CHINng">35819.5413333333</dst>
            <dst id="DNVRng">1852.09866666667</dst>
            <dst id="HSTNng">2800.79733333333</dst>
            <dst id="IPLSng">18500.2053333333</dst>
            <dst id="KSCYng">6487.13066666667</dst>
            <dst id="LOSAng">31292.96</dst>
            <dst id="NYCMng">11451.8933333333</dst>
            <dst id="SNVAng">1041.2</dst>
            <dst id="STTLng">15225.904</dst>
            <dst id="WASHng">26070.6666666667</dst>
        </src>
        <src id="WASHng">
            <dst id="ATLA-M5">252.008</dst>
            <dst id="ATLAng">77563.912</dst>
            <dst id="CHINng">47083.3306666667</dst>
            <dst id="DNVRng">56238.9813333333</dst>
            <dst id="HSTNng">27890.6533333333</dst>
            <dst id="IPLSng">32557.8346666667</dst>
            <dst id="KSCYng">26398.2506666667</dst>
            <dst id="LOSAng">75831.5253333333</dst>
            <dst id="NYCMng">112270.024</dst>
            <dst id="SNVAng">1728.98933333333</dst>
            <dst id="STTLng">40320.0186666667</dst>
            <dst id="WASHng">241714.530666667</dst>
        </src>
    </IntraTM>
</TrafficMatrixFile>
