<?xml version="1.0" encoding="ISO-8859-1" standalone="yes"?>
<TrafficMatrixFile xsi:noNamespaceSchemaLocation="http://totem.run.montefiore.ulg.ac.be/Schema/TrafficMatrix-v1_2.xsd" xmlns:xsi="http://www.w3.org/2001/XMLSchema-instance">
    <IntraTM ASID="11537">
        <src id="ATLA-M5">
            <dst id="ATLA-M5">520.968</dst>
            <dst id="ATLAng">3210.784</dst>
            <dst id="CHINng">1689.89066666667</dst>
            <dst id="DNVRng">182.325333333333</dst>
            <dst id="HSTNng">614.333333333333</dst>
            <dst id="IPLSng">1094.59466666667</dst>
            <dst id="KSCYng">885.442666666666</dst>
            <dst id="LOSAng">120</dst>
            <dst id="NYCMng">1383.02666666667</dst>
            <dst id="SNVAng">13.3333333333333</dst>
            <dst id="STTLng">1009.52266666667</dst>
            <dst id="WASHng">3809.784</dst>
        </src>
        <src id="ATLAng">
            <dst id="ATLA-M5">905.181333333333</dst>
            <dst id="ATLAng">42126.9946666667</dst>
            <dst id="CHINng">22073.9173333333</dst>
            <dst id="DNVRng">15744.248</dst>
            <dst id="HSTNng">14323.04</dst>
            <dst id="IPLSng">18628.5466666667</dst>
            <dst id="KSCYng">8865.704</dst>
            <dst id="LOSAng">17271.6426666667</dst>
            <dst id="NYCMng">9022.34666666667</dst>
            <dst id="SNVAng">2762.31466666667</dst>
            <dst id="STTLng">19347.7546666667</dst>
            <dst id="WASHng">59596.2373333333</dst>
        </src>
        <src id="CHINng">
            <dst id="ATLA-M5">1407.06133333333</dst>
            <dst id="ATLAng">24708.032</dst>
            <dst id="CHINng">180079.794666667</dst>
            <dst id="DNVRng">20930.96</dst>
            <dst id="HSTNng">18391.6426666667</dst>
            <dst id="IPLSng">71382.096</dst>
            <dst id="KSCYng">18316.44</dst>
            <dst id="LOSAng">92920.272</dst>
            <dst id="NYCMng">16928.3813333333</dst>
            <dst id="SNVAng">5732.60533333333</dst>
            <dst id="STTLng">31604.5226666667</dst>
            <dst id="WASHng">44863.944</dst>
        </src>
        <src id="DNVRng">
            <dst id="ATLA-M5">520.893333333333</dst>
            <dst id="ATLAng">9768.20266666667</dst>
            <dst id="CHINng">56623.08</dst>
            <dst id="DNVRng">20527.72</dst>
            <dst id="HSTNng">20853.9866666667</dst>
            <dst id="IPLSng">17112.936</dst>
            <dst id="KSCYng">28864.16</dst>
            <dst id="LOSAng">22113.3386666667</dst>
            <dst id="NYCMng">8415.17066666667</dst>
            <dst id="SNVAng">24651.7973333333</dst>
            <dst id="STTLng">77621.144</dst>
            <dst id="WASHng">32926.6346666667</dst>
        </src>
        <src id="HSTNng">
            <dst id="ATLA-M5">390.08</dst>
            <dst id="ATLAng">5584.00533333333</dst>
            <dst id="CHINng">19461.5093333333</dst>
            <dst id="DNVRng">5775.38666666667</dst>
            <dst id="HSTNng">20873.336</dst>
            <dst id="IPLSng">6883.05866666667</dst>
            <dst id="KSCYng">15215.3226666667</dst>
            <dst id="LOSAng">9170.89066666667</dst>
            <dst id="NYCMng">6578.304</dst>
            <dst id="SNVAng">452.738666666667</dst>
            <dst id="STTLng">12917.6293333333</dst>
            <dst id="WASHng">13401.2773333333</dst>
        </src>
        <src id="IPLSng">
            <dst id="ATLA-M5">968.205333333333</dst>
            <dst id="ATLAng">16787.9466666667</dst>
            <dst id="CHINng">88897.2986666667</dst>
            <dst id="DNVRng">11140.8373333333</dst>
            <dst id="HSTNng">13840.504</dst>
            <dst id="IPLSng">41810.0053333333</dst>
            <dst id="KSCYng">11828.3466666667</dst>
            <dst id="LOSAng">27901.0506666667</dst>
            <dst id="NYCMng">12402.5226666667</dst>
            <dst id="SNVAng">4512.32533333333</dst>
            <dst id="STTLng">22802.0506666667</dst>
            <dst id="WASHng">36982.816</dst>
        </src>
        <src id="KSCYng">
            <dst id="ATLA-M5">749.08</dst>
            <dst id="ATLAng">8796.09066666667</dst>
            <dst id="CHINng">31345.5253333333</dst>
            <dst id="DNVRng">10449.624</dst>
            <dst id="HSTNng">7757.94666666667</dst>
            <dst id="IPLSng">22693.552</dst>
            <dst id="KSCYng">20520.984</dst>
            <dst id="LOSAng">5248.92</dst>
            <dst id="NYCMng">6487.75466666667</dst>
            <dst id="SNVAng">3124.27733333333</dst>
            <dst id="STTLng">15899.304</dst>
            <dst id="WASHng">13488.7733333333</dst>
        </src>
        <src id="LOSAng">
            <dst id="ATLA-M5">678.922666666667</dst>
            <dst id="ATLAng">20705.8853333333</dst>
            <dst id="CHINng">79026.488</dst>
            <dst id="DNVRng">50188.3466666667</dst>
            <dst id="HSTNng">29360.712</dst>
            <dst id="IPLSng">52131.3253333333</dst>
            <dst id="KSCYng">7741.48533333333</dst>
            <dst id="LOSAng">11603.44</dst>
            <dst id="NYCMng">50474.8186666667</dst>
            <dst id="SNVAng">28372.3546666667</dst>
            <dst id="STTLng">55852.3866666667</dst>
            <dst id="WASHng">85023.728</dst>
        </src>
        <src id="NYCMng">
            <dst id="ATLA-M5">3524.46933333333</dst>
            <dst id="ATLAng">44583.0666666667</dst>
            <dst id="CHINng">32903.184</dst>
            <dst id="DNVRng">36774.984</dst>
            <dst id="HSTNng">18675.1893333333</dst>
            <dst id="IPLSng">40742.0933333333</dst>
            <dst id="KSCYng">16465.7413333333</dst>
            <dst id="LOSAng">75895.0506666666</dst>
            <dst id="NYCMng">97152.0586666667</dst>
            <dst id="SNVAng">6202.09333333333</dst>
            <dst id="STTLng">29134.5386666667</dst>
            <dst id="WASHng">151926.445333333</dst>
        </src>
        <src id="SNVAng">
            <dst id="ATLA-M5">0</dst>
            <dst id="ATLAng">53.3333333333333</dst>
            <dst id="CHINng">62.872</dst>
            <dst id="DNVRng">22395.872</dst>
            <dst id="HSTNng">116.672</dst>
            <dst id="IPLSng">546.509333333333</dst>
            <dst id="KSCYng">26.6666666666667</dst>
            <dst id="LOSAng">11289.2133333333</dst>
            <dst id="NYCMng">88.5253333333333</dst>
            <dst id="SNVAng">9408.85333333333</dst>
            <dst id="STTLng">17918.6613333333</dst>
            <dst id="WASHng">217.442666666667</dst>
        </src>
        <src id="STTLng">
            <dst id="ATLA-M5">3306.89333333333</dst>
            <dst id="ATLAng">46671.2613333333</dst>
            <dst id="CHINng">83779.2853333333</dst>
            <dst id="DNVRng">57350.2</dst>
            <dst id="HSTNng">44543.288</dst>
            <dst id="IPLSng">61839.1146666667</dst>
            <dst id="KSCYng">57308.8933333333</dst>
            <dst id="LOSAng">10877.6826666667</dst>
            <dst id="NYCMng">16848.7653333333</dst>
            <dst id="SNVAng">13648.1466666667</dst>
            <dst id="STTLng">69069.08</dst>
            <dst id="WASHng">72857.0933333333</dst>
        </src>
        <src id="WASHng">
            <dst id="ATLA-M5">9372.72266666667</dst>
            <dst id="ATLAng">128786.253333333</dst>
            <dst id="CHINng">112137.482666667</dst>
            <dst id="DNVRng">81500.0293333333</dst>
            <dst id="HSTNng">33492.864</dst>
            <dst id="IPLSng">87059.1013333333</dst>
            <dst id="KSCYng">55796.4506666667</dst>
            <dst id="LOSAng">76808.1706666667</dst>
            <dst id="NYCMng">193672.645333333</dst>
            <dst id="SNVAng">12710.8266666667</dst>
            <dst id="STTLng">68667.384</dst>
            <dst id="WASHng">273161.013333333</dst>
        </src>
    </IntraTM>
</TrafficMatrixFile>
