<?xml version="1.0" encoding="ISO-8859-1" standalone="yes"?>
<TrafficMatrixFile xsi:noNamespaceSchemaLocation="http://totem.run.montefiore.ulg.ac.be/Schema/TrafficMatrix-v1_2.xsd" xmlns:xsi="http://www.w3.org/2001/XMLSchema-instance">
    <IntraTM ASID="11537">
        <src id="ATLA-M5">
            <dst id="ATLA-M5">128.426666666667</dst>
            <dst id="ATLAng">580.656</dst>
            <dst id="CHINng">727.698666666667</dst>
            <dst id="DNVRng">80</dst>
            <dst id="HSTNng">50.5973333333333</dst>
            <dst id="IPLSng">455.8</dst>
            <dst id="KSCYng">162.48</dst>
            <dst id="LOSAng">161.858666666667</dst>
            <dst id="NYCMng">1189.16</dst>
            <dst id="SNVAng">30.008</dst>
            <dst id="STTLng">354.410666666667</dst>
            <dst id="WASHng">1280.904</dst>
        </src>
        <src id="ATLAng">
            <dst id="ATLA-M5">246.36</dst>
            <dst id="ATLAng">60324.5146666667</dst>
            <dst id="CHINng">14700.144</dst>
            <dst id="DNVRng">10640.6373333333</dst>
            <dst id="HSTNng">2179.224</dst>
            <dst id="IPLSng">14703.568</dst>
            <dst id="KSCYng">2141.73866666667</dst>
            <dst id="LOSAng">16297.576</dst>
            <dst id="NYCMng">5011.74666666667</dst>
            <dst id="SNVAng">262.181333333333</dst>
            <dst id="STTLng">9460.63466666666</dst>
            <dst id="WASHng">44526.9466666667</dst>
        </src>
        <src id="CHINng">
            <dst id="ATLA-M5">402.546666666667</dst>
            <dst id="ATLAng">12812.9466666667</dst>
            <dst id="CHINng">309332.346666667</dst>
            <dst id="DNVRng">12120.4213333333</dst>
            <dst id="HSTNng">8168.176</dst>
            <dst id="IPLSng">45185.1413333333</dst>
            <dst id="KSCYng">17681.2053333333</dst>
            <dst id="LOSAng">33360.6506666667</dst>
            <dst id="NYCMng">12409.3146666667</dst>
            <dst id="SNVAng">2755.50666666667</dst>
            <dst id="STTLng">17158.6453333333</dst>
            <dst id="WASHng">15935.088</dst>
        </src>
        <src id="DNVRng">
            <dst id="ATLA-M5">253.944</dst>
            <dst id="ATLAng">3626.36</dst>
            <dst id="CHINng">66757.24</dst>
            <dst id="DNVRng">8018.67733333333</dst>
            <dst id="HSTNng">7266.15733333333</dst>
            <dst id="IPLSng">9639.49866666666</dst>
            <dst id="KSCYng">15181.84</dst>
            <dst id="LOSAng">5303.40533333333</dst>
            <dst id="NYCMng">7383.82933333333</dst>
            <dst id="SNVAng">9606.01866666667</dst>
            <dst id="STTLng">10716.352</dst>
            <dst id="WASHng">18229.992</dst>
        </src>
        <src id="HSTNng">
            <dst id="ATLA-M5">2034.72533333333</dst>
            <dst id="ATLAng">5231.416</dst>
            <dst id="CHINng">17110.688</dst>
            <dst id="DNVRng">1799.27466666667</dst>
            <dst id="HSTNng">20894.5013333333</dst>
            <dst id="IPLSng">1473.904</dst>
            <dst id="KSCYng">8542.07466666667</dst>
            <dst id="LOSAng">3987.58666666667</dst>
            <dst id="NYCMng">5647.73866666667</dst>
            <dst id="SNVAng">220.330666666667</dst>
            <dst id="STTLng">4059.632</dst>
            <dst id="WASHng">17016.0933333333</dst>
        </src>
        <src id="IPLSng">
            <dst id="ATLA-M5">861.696</dst>
            <dst id="ATLAng">6039.536</dst>
            <dst id="CHINng">64856.896</dst>
            <dst id="DNVRng">5094.928</dst>
            <dst id="HSTNng">1374.92266666667</dst>
            <dst id="IPLSng">7436.296</dst>
            <dst id="KSCYng">10312.2746666667</dst>
            <dst id="LOSAng">16640.1973333333</dst>
            <dst id="NYCMng">7303.88533333333</dst>
            <dst id="SNVAng">781.493333333333</dst>
            <dst id="STTLng">23349.0293333333</dst>
            <dst id="WASHng">36841.8826666667</dst>
        </src>
        <src id="KSCYng">
            <dst id="ATLA-M5">384.048</dst>
            <dst id="ATLAng">5202.86133333333</dst>
            <dst id="CHINng">28306.9146666667</dst>
            <dst id="DNVRng">10924.824</dst>
            <dst id="HSTNng">4922.18933333333</dst>
            <dst id="IPLSng">11361.528</dst>
            <dst id="KSCYng">4447.456</dst>
            <dst id="LOSAng">5069.09333333333</dst>
            <dst id="NYCMng">7192.73866666667</dst>
            <dst id="SNVAng">2745.272</dst>
            <dst id="STTLng">14650.544</dst>
            <dst id="WASHng">10562.616</dst>
        </src>
        <src id="LOSAng">
            <dst id="ATLA-M5">69.4026666666667</dst>
            <dst id="ATLAng">6805.232</dst>
            <dst id="CHINng">95876.736</dst>
            <dst id="DNVRng">11119.5653333333</dst>
            <dst id="HSTNng">2288.4</dst>
            <dst id="IPLSng">25130.3173333333</dst>
            <dst id="KSCYng">3987.01866666667</dst>
            <dst id="LOSAng">12020.208</dst>
            <dst id="NYCMng">27640.888</dst>
            <dst id="SNVAng">22067.4506666667</dst>
            <dst id="STTLng">48196.7866666667</dst>
            <dst id="WASHng">37284.4293333333</dst>
        </src>
        <src id="NYCMng">
            <dst id="ATLA-M5">2023.63733333333</dst>
            <dst id="ATLAng">28827.32</dst>
            <dst id="CHINng">37131.0133333333</dst>
            <dst id="DNVRng">17907.6693333333</dst>
            <dst id="HSTNng">9392.45866666667</dst>
            <dst id="IPLSng">19217.5013333333</dst>
            <dst id="KSCYng">8862.30933333333</dst>
            <dst id="LOSAng">51623.4</dst>
            <dst id="NYCMng">98301.7386666667</dst>
            <dst id="SNVAng">940.944</dst>
            <dst id="STTLng">17200.7573333333</dst>
            <dst id="WASHng">56798.2586666667</dst>
        </src>
        <src id="SNVAng">
            <dst id="ATLA-M5">0</dst>
            <dst id="ATLAng">0</dst>
            <dst id="CHINng">26.6666666666667</dst>
            <dst id="DNVRng">4071.47466666667</dst>
            <dst id="HSTNng">119.146666666667</dst>
            <dst id="IPLSng">335.314666666667</dst>
            <dst id="KSCYng">0</dst>
            <dst id="LOSAng">6697.05333333333</dst>
            <dst id="NYCMng">211.426666666667</dst>
            <dst id="SNVAng">5887.77066666667</dst>
            <dst id="STTLng">22676.272</dst>
            <dst id="WASHng">26.6666666666667</dst>
        </src>
        <src id="STTLng">
            <dst id="ATLA-M5">210.928</dst>
            <dst id="ATLAng">9957.67466666667</dst>
            <dst id="CHINng">32983.264</dst>
            <dst id="DNVRng">11232.552</dst>
            <dst id="HSTNng">6921.464</dst>
            <dst id="IPLSng">25280.7466666667</dst>
            <dst id="KSCYng">4281.85866666667</dst>
            <dst id="LOSAng">31872.064</dst>
            <dst id="NYCMng">6063.8</dst>
            <dst id="SNVAng">2173.128</dst>
            <dst id="STTLng">18091.6426666667</dst>
            <dst id="WASHng">8424.248</dst>
        </src>
        <src id="WASHng">
            <dst id="ATLA-M5">295.024</dst>
            <dst id="ATLAng">70028.456</dst>
            <dst id="CHINng">82976.7973333334</dst>
            <dst id="DNVRng">46564.4293333333</dst>
            <dst id="HSTNng">34736.8613333333</dst>
            <dst id="IPLSng">31694.976</dst>
            <dst id="KSCYng">24042.864</dst>
            <dst id="LOSAng">80963.768</dst>
            <dst id="NYCMng">116370.885333333</dst>
            <dst id="SNVAng">11217.7493333333</dst>
            <dst id="STTLng">37272.928</dst>
            <dst id="WASHng">299584.48</dst>
        </src>
    </IntraTM>
</TrafficMatrixFile>
