<?xml version="1.0" encoding="ISO-8859-1" standalone="yes"?>
<TrafficMatrixFile xsi:noNamespaceSchemaLocation="http://totem.run.montefiore.ulg.ac.be/Schema/TrafficMatrix-v1_2.xsd" xmlns:xsi="http://www.w3.org/2001/XMLSchema-instance">
    <IntraTM ASID="11537">
        <src id="ATLA-M5">
            <dst id="ATLA-M5">174.421333333333</dst>
            <dst id="ATLAng">892.008</dst>
            <dst id="CHINng">1000.75733333333</dst>
            <dst id="DNVRng">176.914666666667</dst>
            <dst id="HSTNng">662.616</dst>
            <dst id="IPLSng">1444.648</dst>
            <dst id="KSCYng">491.309333333333</dst>
            <dst id="LOSAng">220.250666666667</dst>
            <dst id="NYCMng">552.706666666667</dst>
            <dst id="SNVAng">81.128</dst>
            <dst id="STTLng">1158.37866666667</dst>
            <dst id="WASHng">6018.10133333333</dst>
        </src>
        <src id="ATLAng">
            <dst id="ATLA-M5">1288.59733333333</dst>
            <dst id="ATLAng">39967.8293333333</dst>
            <dst id="CHINng">24223.1466666667</dst>
            <dst id="DNVRng">8674.37066666667</dst>
            <dst id="HSTNng">26526.152</dst>
            <dst id="IPLSng">29212.584</dst>
            <dst id="KSCYng">7414.06666666666</dst>
            <dst id="LOSAng">15350.6146666667</dst>
            <dst id="NYCMng">20367.608</dst>
            <dst id="SNVAng">919.793333333333</dst>
            <dst id="STTLng">25969.256</dst>
            <dst id="WASHng">60906.304</dst>
        </src>
        <src id="CHINng">
            <dst id="ATLA-M5">963.728</dst>
            <dst id="ATLAng">176801.802666667</dst>
            <dst id="CHINng">110746.226666667</dst>
            <dst id="DNVRng">19390.3866666667</dst>
            <dst id="HSTNng">17603.3226666667</dst>
            <dst id="IPLSng">180893.264</dst>
            <dst id="KSCYng">37277.2666666667</dst>
            <dst id="LOSAng">62239.128</dst>
            <dst id="NYCMng">37358.16</dst>
            <dst id="SNVAng">4681.41866666667</dst>
            <dst id="STTLng">41093.3866666667</dst>
            <dst id="WASHng">54712.032</dst>
        </src>
        <src id="DNVRng">
            <dst id="ATLA-M5">298.850666666667</dst>
            <dst id="ATLAng">11298.1866666667</dst>
            <dst id="CHINng">37329.9253333333</dst>
            <dst id="DNVRng">11080.552</dst>
            <dst id="HSTNng">14433.8586666667</dst>
            <dst id="IPLSng">19463.5253333333</dst>
            <dst id="KSCYng">23413.5973333333</dst>
            <dst id="LOSAng">8085.81066666667</dst>
            <dst id="NYCMng">13752.88</dst>
            <dst id="SNVAng">14823.9466666667</dst>
            <dst id="STTLng">41146.0426666667</dst>
            <dst id="WASHng">38912.32</dst>
        </src>
        <src id="HSTNng">
            <dst id="ATLA-M5">2656.26933333333</dst>
            <dst id="ATLAng">11221.128</dst>
            <dst id="CHINng">31610.5493333333</dst>
            <dst id="DNVRng">2518.83733333333</dst>
            <dst id="HSTNng">19433.72</dst>
            <dst id="IPLSng">6755.25866666667</dst>
            <dst id="KSCYng">12519.3146666667</dst>
            <dst id="LOSAng">9674.34133333333</dst>
            <dst id="NYCMng">8981.11466666667</dst>
            <dst id="SNVAng">150.346666666667</dst>
            <dst id="STTLng">14497.1093333333</dst>
            <dst id="WASHng">11373.4746666667</dst>
        </src>
        <src id="IPLSng">
            <dst id="ATLA-M5">434.970666666667</dst>
            <dst id="ATLAng">28808.1386666667</dst>
            <dst id="CHINng">97440.3573333333</dst>
            <dst id="DNVRng">15504.128</dst>
            <dst id="HSTNng">8353.64266666667</dst>
            <dst id="IPLSng">31100.0213333333</dst>
            <dst id="KSCYng">40471.3893333333</dst>
            <dst id="LOSAng">28508.6186666667</dst>
            <dst id="NYCMng">15338.8053333333</dst>
            <dst id="SNVAng">6257.66933333334</dst>
            <dst id="STTLng">39964.1226666667</dst>
            <dst id="WASHng">39472.3546666667</dst>
        </src>
        <src id="KSCYng">
            <dst id="ATLA-M5">232.469333333333</dst>
            <dst id="ATLAng">13294</dst>
            <dst id="CHINng">40142.1626666667</dst>
            <dst id="DNVRng">23480.848</dst>
            <dst id="HSTNng">4887.072</dst>
            <dst id="IPLSng">21843.7253333333</dst>
            <dst id="KSCYng">14601.6506666667</dst>
            <dst id="LOSAng">5017.728</dst>
            <dst id="NYCMng">7858.536</dst>
            <dst id="SNVAng">3166.056</dst>
            <dst id="STTLng">14931.2426666667</dst>
            <dst id="WASHng">18280.3386666667</dst>
        </src>
        <src id="LOSAng">
            <dst id="ATLA-M5">106.666666666667</dst>
            <dst id="ATLAng">20828.9706666667</dst>
            <dst id="CHINng">91771.584</dst>
            <dst id="DNVRng">22206.4106666667</dst>
            <dst id="HSTNng">13691.392</dst>
            <dst id="IPLSng">41430.96</dst>
            <dst id="KSCYng">9678.02666666667</dst>
            <dst id="LOSAng">25078.6426666667</dst>
            <dst id="NYCMng">42914.8133333333</dst>
            <dst id="SNVAng">19732.0186666667</dst>
            <dst id="STTLng">68202.9706666667</dst>
            <dst id="WASHng">84574.536</dst>
        </src>
        <src id="NYCMng">
            <dst id="ATLA-M5">2522.74666666667</dst>
            <dst id="ATLAng">47739.808</dst>
            <dst id="CHINng">46019.9653333333</dst>
            <dst id="DNVRng">26685.168</dst>
            <dst id="HSTNng">20144.1573333333</dst>
            <dst id="IPLSng">49008.2906666667</dst>
            <dst id="KSCYng">23653.0666666667</dst>
            <dst id="LOSAng">64629.3813333334</dst>
            <dst id="NYCMng">214510.146666667</dst>
            <dst id="SNVAng">10093.424</dst>
            <dst id="STTLng">20556.2586666667</dst>
            <dst id="WASHng">130168.448</dst>
        </src>
        <src id="SNVAng">
            <dst id="ATLA-M5">0</dst>
            <dst id="ATLAng">734.352</dst>
            <dst id="CHINng">128.138666666667</dst>
            <dst id="DNVRng">9014.656</dst>
            <dst id="HSTNng">256.866666666667</dst>
            <dst id="IPLSng">1126.16266666667</dst>
            <dst id="KSCYng">88.3386666666667</dst>
            <dst id="LOSAng">13607.5626666667</dst>
            <dst id="NYCMng">220.181333333333</dst>
            <dst id="SNVAng">9071.49333333333</dst>
            <dst id="STTLng">25204.9733333333</dst>
            <dst id="WASHng">407.498666666667</dst>
        </src>
        <src id="STTLng">
            <dst id="ATLA-M5">3718.01066666667</dst>
            <dst id="ATLAng">83653.9066666667</dst>
            <dst id="CHINng">151053.272</dst>
            <dst id="DNVRng">46111.5173333333</dst>
            <dst id="HSTNng">42296.0266666667</dst>
            <dst id="IPLSng">126655.298666667</dst>
            <dst id="KSCYng">69753.4293333333</dst>
            <dst id="LOSAng">15560.0426666667</dst>
            <dst id="NYCMng">43314.96</dst>
            <dst id="SNVAng">13897.5333333333</dst>
            <dst id="STTLng">46056.1893333333</dst>
            <dst id="WASHng">148339.818666667</dst>
        </src>
        <src id="WASHng">
            <dst id="ATLA-M5">2580.45333333333</dst>
            <dst id="ATLAng">111827.664</dst>
            <dst id="CHINng">89959.2373333334</dst>
            <dst id="DNVRng">84086.5893333333</dst>
            <dst id="HSTNng">34080.1253333333</dst>
            <dst id="IPLSng">97045.696</dst>
            <dst id="KSCYng">23601.7093333333</dst>
            <dst id="LOSAng">86048.5893333334</dst>
            <dst id="NYCMng">291965.226666667</dst>
            <dst id="SNVAng">9211.20533333334</dst>
            <dst id="STTLng">74640.1413333333</dst>
            <dst id="WASHng">291487.253333333</dst>
        </src>
    </IntraTM>
</TrafficMatrixFile>
