<?xml version="1.0" encoding="ISO-8859-1" standalone="yes"?>
<TrafficMatrixFile xsi:noNamespaceSchemaLocation="http://totem.run.montefiore.ulg.ac.be/Schema/TrafficMatrix-v1_2.xsd" xmlns:xsi="http://www.w3.org/2001/XMLSchema-instance">
    <IntraTM ASID="11537">
        <src id="ATLA-M5">
            <dst id="ATLA-M5">244.413333333333</dst>
            <dst id="ATLAng">1785.02666666667</dst>
            <dst id="CHINng">1624.18133333333</dst>
            <dst id="DNVRng">245.653333333333</dst>
            <dst id="HSTNng">477.802666666667</dst>
            <dst id="IPLSng">1235.89066666667</dst>
            <dst id="KSCYng">333.904</dst>
            <dst id="LOSAng">329.436</dst>
            <dst id="NYCMng">2004.80533333333</dst>
            <dst id="SNVAng">35.164</dst>
            <dst id="STTLng">1651.37333333333</dst>
            <dst id="WASHng">2069.616</dst>
        </src>
        <src id="ATLAng">
            <dst id="ATLA-M5">2027.96533333333</dst>
            <dst id="ATLAng">69938.128</dst>
            <dst id="CHINng">35486.3786666667</dst>
            <dst id="DNVRng">5695.08533333333</dst>
            <dst id="HSTNng">32517.7066666667</dst>
            <dst id="IPLSng">23375.0293333333</dst>
            <dst id="KSCYng">16429.2</dst>
            <dst id="LOSAng">17717.196</dst>
            <dst id="NYCMng">13900.6933333333</dst>
            <dst id="SNVAng">2113.46266666667</dst>
            <dst id="STTLng">24393.1626666667</dst>
            <dst id="WASHng">54042.9626666667</dst>
        </src>
        <src id="CHINng">
            <dst id="ATLA-M5">1090.888</dst>
            <dst id="ATLAng">49673.944</dst>
            <dst id="CHINng">250623.293333333</dst>
            <dst id="DNVRng">18851.9173333333</dst>
            <dst id="HSTNng">22132.072</dst>
            <dst id="IPLSng">78521.0853333333</dst>
            <dst id="KSCYng">28396.6373333333</dst>
            <dst id="LOSAng">35365.2613333333</dst>
            <dst id="NYCMng">23891.0186666667</dst>
            <dst id="SNVAng">7437.46933333333</dst>
            <dst id="STTLng">42787.4773333333</dst>
            <dst id="WASHng">35934.8773333333</dst>
        </src>
        <src id="DNVRng">
            <dst id="ATLA-M5">839.114666666667</dst>
            <dst id="ATLAng">26676.3226666667</dst>
            <dst id="CHINng">58753.904</dst>
            <dst id="DNVRng">15846.3893333333</dst>
            <dst id="HSTNng">18690.992</dst>
            <dst id="IPLSng">27179.896</dst>
            <dst id="KSCYng">20510.8346666667</dst>
            <dst id="LOSAng">22935.2</dst>
            <dst id="NYCMng">14260.8746666667</dst>
            <dst id="SNVAng">20909.192</dst>
            <dst id="STTLng">50426.576</dst>
            <dst id="WASHng">25230.224</dst>
        </src>
        <src id="HSTNng">
            <dst id="ATLA-M5">1984.04266666667</dst>
            <dst id="ATLAng">11085.184</dst>
            <dst id="CHINng">15872.3226666667</dst>
            <dst id="DNVRng">5773.312</dst>
            <dst id="HSTNng">17288.5813333333</dst>
            <dst id="IPLSng">9312.848</dst>
            <dst id="KSCYng">10173.2773333333</dst>
            <dst id="LOSAng">13450.1066666667</dst>
            <dst id="NYCMng">6943.688</dst>
            <dst id="SNVAng">812.149333333333</dst>
            <dst id="STTLng">14472.32</dst>
            <dst id="WASHng">19557.3093333333</dst>
        </src>
        <src id="IPLSng">
            <dst id="ATLA-M5">1348.64533333333</dst>
            <dst id="ATLAng">19554.456</dst>
            <dst id="CHINng">120209.514666667</dst>
            <dst id="DNVRng">31896.472</dst>
            <dst id="HSTNng">13108.0213333333</dst>
            <dst id="IPLSng">29295.376</dst>
            <dst id="KSCYng">14116.9946666667</dst>
            <dst id="LOSAng">23772.1413333333</dst>
            <dst id="NYCMng">20279.824</dst>
            <dst id="SNVAng">2462.78933333333</dst>
            <dst id="STTLng">46028.2373333333</dst>
            <dst id="WASHng">38247.4373333333</dst>
        </src>
        <src id="KSCYng">
            <dst id="ATLA-M5">1153.29333333333</dst>
            <dst id="ATLAng">8548.01866666667</dst>
            <dst id="CHINng">31193.4346666667</dst>
            <dst id="DNVRng">11153.432</dst>
            <dst id="HSTNng">10939.2853333333</dst>
            <dst id="IPLSng">19016.048</dst>
            <dst id="KSCYng">8972.592</dst>
            <dst id="LOSAng">7132.088</dst>
            <dst id="NYCMng">6175.82666666667</dst>
            <dst id="SNVAng">3110.72266666667</dst>
            <dst id="STTLng">15554.1306666667</dst>
            <dst id="WASHng">18011.7546666667</dst>
        </src>
        <src id="LOSAng">
            <dst id="ATLA-M5">225.589333333333</dst>
            <dst id="ATLAng">26658.3866666667</dst>
            <dst id="CHINng">100220.274666667</dst>
            <dst id="DNVRng">79367.7653333333</dst>
            <dst id="HSTNng">19723.16</dst>
            <dst id="IPLSng">47767.792</dst>
            <dst id="KSCYng">14413.3626666667</dst>
            <dst id="LOSAng">12749.248</dst>
            <dst id="NYCMng">49965.6933333333</dst>
            <dst id="SNVAng">29382.72</dst>
            <dst id="STTLng">70601.064</dst>
            <dst id="WASHng">90383.304</dst>
        </src>
        <src id="NYCMng">
            <dst id="ATLA-M5">2281.36266666667</dst>
            <dst id="ATLAng">63449.68</dst>
            <dst id="CHINng">41014.3333333333</dst>
            <dst id="DNVRng">31091.2613333333</dst>
            <dst id="HSTNng">27432.2426666667</dst>
            <dst id="IPLSng">42753.9093333333</dst>
            <dst id="KSCYng">26726.44</dst>
            <dst id="LOSAng">56876.8346666667</dst>
            <dst id="NYCMng">135244.125333333</dst>
            <dst id="SNVAng">7005.08266666667</dst>
            <dst id="STTLng">28330.8293333333</dst>
            <dst id="WASHng">176405.4</dst>
        </src>
        <src id="SNVAng">
            <dst id="ATLA-M5">0</dst>
            <dst id="ATLAng">1066.912</dst>
            <dst id="CHINng">267.157333333333</dst>
            <dst id="DNVRng">15408.9733333333</dst>
            <dst id="HSTNng">106.666666666667</dst>
            <dst id="IPLSng">632.306666666667</dst>
            <dst id="KSCYng">156.541333333333</dst>
            <dst id="LOSAng">11512.144</dst>
            <dst id="NYCMng">208.736</dst>
            <dst id="SNVAng">11616.656</dst>
            <dst id="STTLng">20330.552</dst>
            <dst id="WASHng">203.269333333333</dst>
        </src>
        <src id="STTLng">
            <dst id="ATLA-M5">5203.688</dst>
            <dst id="ATLAng">75938.4613333333</dst>
            <dst id="CHINng">112782.722666667</dst>
            <dst id="DNVRng">47280.016</dst>
            <dst id="HSTNng">44648.0613333333</dst>
            <dst id="IPLSng">100539.194666667</dst>
            <dst id="KSCYng">70134.768</dst>
            <dst id="LOSAng">14076.2773333333</dst>
            <dst id="NYCMng">31097.4506666667</dst>
            <dst id="SNVAng">8641.09333333333</dst>
            <dst id="STTLng">49492.9653333333</dst>
            <dst id="WASHng">111845.018666667</dst>
        </src>
        <src id="WASHng">
            <dst id="ATLA-M5">6254.73333333333</dst>
            <dst id="ATLAng">111892.826666667</dst>
            <dst id="CHINng">98922.1946666667</dst>
            <dst id="DNVRng">84961.5226666667</dst>
            <dst id="HSTNng">39234.7413333333</dst>
            <dst id="IPLSng">118055.282666667</dst>
            <dst id="KSCYng">26891.0133333333</dst>
            <dst id="LOSAng">90911.12</dst>
            <dst id="NYCMng">265611.981333333</dst>
            <dst id="SNVAng">15761.2453333333</dst>
            <dst id="STTLng">64472.728</dst>
            <dst id="WASHng">248649.509333333</dst>
        </src>
    </IntraTM>
</TrafficMatrixFile>
