<?xml version="1.0" encoding="ISO-8859-1" standalone="yes"?>
<TrafficMatrixFile xsi:noNamespaceSchemaLocation="http://totem.run.montefiore.ulg.ac.be/Schema/TrafficMatrix-v1_2.xsd" xmlns:xsi="http://www.w3.org/2001/XMLSchema-instance">
    <IntraTM ASID="11537">
        <src id="ATLA-M5">
            <dst id="ATLA-M5">0</dst>
            <dst id="ATLAng">1355.768</dst>
            <dst id="CHINng">1345.89066666667</dst>
            <dst id="DNVRng">528.4</dst>
            <dst id="HSTNng">804.930666666667</dst>
            <dst id="IPLSng">767.530666666667</dst>
            <dst id="KSCYng">443.986666666667</dst>
            <dst id="LOSAng">40</dst>
            <dst id="NYCMng">1173.456</dst>
            <dst id="SNVAng">13.3333333333333</dst>
            <dst id="STTLng">836.736</dst>
            <dst id="WASHng">1514.02933333333</dst>
        </src>
        <src id="ATLAng">
            <dst id="ATLA-M5">471.448</dst>
            <dst id="ATLAng">40923.5573333333</dst>
            <dst id="CHINng">18572.7226666667</dst>
            <dst id="DNVRng">7308.2</dst>
            <dst id="HSTNng">12159.256</dst>
            <dst id="IPLSng">38028.904</dst>
            <dst id="KSCYng">5494.80266666667</dst>
            <dst id="LOSAng">19831.02</dst>
            <dst id="NYCMng">13315.7813333333</dst>
            <dst id="SNVAng">1464.23333333333</dst>
            <dst id="STTLng">16434.9093333333</dst>
            <dst id="WASHng">54316.5813333333</dst>
        </src>
        <src id="CHINng">
            <dst id="ATLA-M5">1855.41866666667</dst>
            <dst id="ATLAng">23892.96</dst>
            <dst id="CHINng">251283.653333333</dst>
            <dst id="DNVRng">24547.8666666667</dst>
            <dst id="HSTNng">17258.5013333333</dst>
            <dst id="IPLSng">97260.5146666667</dst>
            <dst id="KSCYng">18950.872</dst>
            <dst id="LOSAng">34312.6293333333</dst>
            <dst id="NYCMng">17175.016</dst>
            <dst id="SNVAng">3202.29866666667</dst>
            <dst id="STTLng">33203.8106666667</dst>
            <dst id="WASHng">46667.08</dst>
        </src>
        <src id="DNVRng">
            <dst id="ATLA-M5">458.349333333333</dst>
            <dst id="ATLAng">5542.67466666667</dst>
            <dst id="CHINng">64140.9466666667</dst>
            <dst id="DNVRng">18950.248</dst>
            <dst id="HSTNng">20126.4666666667</dst>
            <dst id="IPLSng">13913.744</dst>
            <dst id="KSCYng">27917.7493333333</dst>
            <dst id="LOSAng">21844.7733333333</dst>
            <dst id="NYCMng">8234.616</dst>
            <dst id="SNVAng">47129.0533333333</dst>
            <dst id="STTLng">66115.5013333333</dst>
            <dst id="WASHng">31762.1306666667</dst>
        </src>
        <src id="HSTNng">
            <dst id="ATLA-M5">2850.92533333333</dst>
            <dst id="ATLAng">3731.544</dst>
            <dst id="CHINng">17496.1813333333</dst>
            <dst id="DNVRng">4906.824</dst>
            <dst id="HSTNng">16130.432</dst>
            <dst id="IPLSng">5445.88266666667</dst>
            <dst id="KSCYng">12605.3493333333</dst>
            <dst id="LOSAng">9206.904</dst>
            <dst id="NYCMng">6604.192</dst>
            <dst id="SNVAng">527.162666666667</dst>
            <dst id="STTLng">9826.17066666667</dst>
            <dst id="WASHng">18763.6853333333</dst>
        </src>
        <src id="IPLSng">
            <dst id="ATLA-M5">479.213333333333</dst>
            <dst id="ATLAng">38761.2106666667</dst>
            <dst id="CHINng">75862.3573333333</dst>
            <dst id="DNVRng">13579.9413333333</dst>
            <dst id="HSTNng">10141.2746666667</dst>
            <dst id="IPLSng">39554.7546666667</dst>
            <dst id="KSCYng">7089.38666666667</dst>
            <dst id="LOSAng">23375.808</dst>
            <dst id="NYCMng">14014.9733333333</dst>
            <dst id="SNVAng">5199.024</dst>
            <dst id="STTLng">26847.8426666667</dst>
            <dst id="WASHng">43853.608</dst>
        </src>
        <src id="KSCYng">
            <dst id="ATLA-M5">620.984</dst>
            <dst id="ATLAng">9915.60266666667</dst>
            <dst id="CHINng">30922.0346666667</dst>
            <dst id="DNVRng">19481.2453333333</dst>
            <dst id="HSTNng">10260.7786666667</dst>
            <dst id="IPLSng">15774.504</dst>
            <dst id="KSCYng">13888.7306666667</dst>
            <dst id="LOSAng">4866.39466666667</dst>
            <dst id="NYCMng">5455.536</dst>
            <dst id="SNVAng">3537.29333333333</dst>
            <dst id="STTLng">12327.0213333333</dst>
            <dst id="WASHng">11054.4106666667</dst>
        </src>
        <src id="LOSAng">
            <dst id="ATLA-M5">366.309333333333</dst>
            <dst id="ATLAng">17300.0693333333</dst>
            <dst id="CHINng">111851.072</dst>
            <dst id="DNVRng">39933.3626666667</dst>
            <dst id="HSTNng">24556.9306666667</dst>
            <dst id="IPLSng">52255.9253333333</dst>
            <dst id="KSCYng">9888.79466666666</dst>
            <dst id="LOSAng">13123.2133333333</dst>
            <dst id="NYCMng">44104.12</dst>
            <dst id="SNVAng">20419.9306666667</dst>
            <dst id="STTLng">63296.688</dst>
            <dst id="WASHng">72741.4613333333</dst>
        </src>
        <src id="NYCMng">
            <dst id="ATLA-M5">2407.528</dst>
            <dst id="ATLAng">48727.424</dst>
            <dst id="CHINng">35748.8613333333</dst>
            <dst id="DNVRng">34238.008</dst>
            <dst id="HSTNng">21593.896</dst>
            <dst id="IPLSng">50556.2613333333</dst>
            <dst id="KSCYng">22890.216</dst>
            <dst id="LOSAng">68922.728</dst>
            <dst id="NYCMng">108368.085333333</dst>
            <dst id="SNVAng">14186.9093333333</dst>
            <dst id="STTLng">21937.9573333333</dst>
            <dst id="WASHng">119502.562666667</dst>
        </src>
        <src id="SNVAng">
            <dst id="ATLA-M5">0</dst>
            <dst id="ATLAng">101.333333333333</dst>
            <dst id="CHINng">117.194666666667</dst>
            <dst id="DNVRng">6859.51733333333</dst>
            <dst id="HSTNng">53.3333333333333</dst>
            <dst id="IPLSng">340.234666666667</dst>
            <dst id="KSCYng">26.6666666666667</dst>
            <dst id="LOSAng">7456.13866666667</dst>
            <dst id="NYCMng">38.024</dst>
            <dst id="SNVAng">10537.456</dst>
            <dst id="STTLng">25724.272</dst>
            <dst id="WASHng">89.0933333333333</dst>
        </src>
        <src id="STTLng">
            <dst id="ATLA-M5">1556.31466666667</dst>
            <dst id="ATLAng">44570.7973333333</dst>
            <dst id="CHINng">72162.616</dst>
            <dst id="DNVRng">40045.3413333333</dst>
            <dst id="HSTNng">39952.208</dst>
            <dst id="IPLSng">45183.7973333333</dst>
            <dst id="KSCYng">32054.696</dst>
            <dst id="LOSAng">13534.0693333333</dst>
            <dst id="NYCMng">25418.5146666667</dst>
            <dst id="SNVAng">11430.0293333333</dst>
            <dst id="STTLng">53614.928</dst>
            <dst id="WASHng">48978.4826666667</dst>
        </src>
        <src id="WASHng">
            <dst id="ATLA-M5">7726.73066666667</dst>
            <dst id="ATLAng">137126.858666667</dst>
            <dst id="CHINng">103282.813333333</dst>
            <dst id="DNVRng">123168.373333333</dst>
            <dst id="HSTNng">29921.9893333333</dst>
            <dst id="IPLSng">70159.6986666667</dst>
            <dst id="KSCYng">36841.9973333333</dst>
            <dst id="LOSAng">103904.202666667</dst>
            <dst id="NYCMng">192924.288</dst>
            <dst id="SNVAng">12593.0186666667</dst>
            <dst id="STTLng">69746.4</dst>
            <dst id="WASHng">236307.72</dst>
        </src>
    </IntraTM>
</TrafficMatrixFile>
