<?xml version="1.0" encoding="ISO-8859-1" standalone="yes"?>
<TrafficMatrixFile xsi:noNamespaceSchemaLocation="http://totem.run.montefiore.ulg.ac.be/Schema/TrafficMatrix-v1_2.xsd" xmlns:xsi="http://www.w3.org/2001/XMLSchema-instance">
    <IntraTM ASID="11537">
        <src id="ATLA-M5">
            <dst id="ATLA-M5">237.877333333333</dst>
            <dst id="ATLAng">2342.608</dst>
            <dst id="CHINng">2300.90666666667</dst>
            <dst id="DNVRng">178.744</dst>
            <dst id="HSTNng">91.056</dst>
            <dst id="IPLSng">460.778666666667</dst>
            <dst id="KSCYng">291.157333333333</dst>
            <dst id="LOSAng">94.5493333333333</dst>
            <dst id="NYCMng">648.64</dst>
            <dst id="SNVAng">0</dst>
            <dst id="STTLng">904.890666666667</dst>
            <dst id="WASHng">910.504</dst>
        </src>
        <src id="ATLAng">
            <dst id="ATLA-M5">590.426666666667</dst>
            <dst id="ATLAng">49185.9733333333</dst>
            <dst id="CHINng">23374.8746666667</dst>
            <dst id="DNVRng">6138.79733333333</dst>
            <dst id="HSTNng">16763.2533333333</dst>
            <dst id="IPLSng">21236.192</dst>
            <dst id="KSCYng">12157.096</dst>
            <dst id="LOSAng">11891.5946666667</dst>
            <dst id="NYCMng">11424.6026666667</dst>
            <dst id="SNVAng">610.392</dst>
            <dst id="STTLng">21487.088</dst>
            <dst id="WASHng">52232.272</dst>
        </src>
        <src id="CHINng">
            <dst id="ATLA-M5">808.829333333333</dst>
            <dst id="ATLAng">30507.7813333333</dst>
            <dst id="CHINng">219142.802666667</dst>
            <dst id="DNVRng">11728.1386666667</dst>
            <dst id="HSTNng">16444.1866666667</dst>
            <dst id="IPLSng">46880.4</dst>
            <dst id="KSCYng">27119.5093333333</dst>
            <dst id="LOSAng">33200.2906666667</dst>
            <dst id="NYCMng">24092.3893333333</dst>
            <dst id="SNVAng">5087.73866666667</dst>
            <dst id="STTLng">33172.28</dst>
            <dst id="WASHng">45033.8</dst>
        </src>
        <src id="DNVRng">
            <dst id="ATLA-M5">897.533333333333</dst>
            <dst id="ATLAng">10581.1386666667</dst>
            <dst id="CHINng">70048.0213333334</dst>
            <dst id="DNVRng">13819.9813333333</dst>
            <dst id="HSTNng">19108.3386666667</dst>
            <dst id="IPLSng">21637.648</dst>
            <dst id="KSCYng">31525.568</dst>
            <dst id="LOSAng">14509.8986666667</dst>
            <dst id="NYCMng">8090.06666666667</dst>
            <dst id="SNVAng">38194.088</dst>
            <dst id="STTLng">23277.504</dst>
            <dst id="WASHng">33033.416</dst>
        </src>
        <src id="HSTNng">
            <dst id="ATLA-M5">2819.76533333333</dst>
            <dst id="ATLAng">4492.96</dst>
            <dst id="CHINng">26209.056</dst>
            <dst id="DNVRng">1305.36266666667</dst>
            <dst id="HSTNng">14425.5626666667</dst>
            <dst id="IPLSng">5783.528</dst>
            <dst id="KSCYng">10749.6746666667</dst>
            <dst id="LOSAng">2713.616</dst>
            <dst id="NYCMng">15801.2213333333</dst>
            <dst id="SNVAng">2031.784</dst>
            <dst id="STTLng">12545.3973333333</dst>
            <dst id="WASHng">8606.53866666667</dst>
        </src>
        <src id="IPLSng">
            <dst id="ATLA-M5">1896.472</dst>
            <dst id="ATLAng">25420.5173333333</dst>
            <dst id="CHINng">111104.906666667</dst>
            <dst id="DNVRng">15157.2986666667</dst>
            <dst id="HSTNng">4793.69066666667</dst>
            <dst id="IPLSng">43284.3013333333</dst>
            <dst id="KSCYng">10733.1626666667</dst>
            <dst id="LOSAng">20556.2533333333</dst>
            <dst id="NYCMng">15871.9893333333</dst>
            <dst id="SNVAng">1975.25333333333</dst>
            <dst id="STTLng">42314.9333333333</dst>
            <dst id="WASHng">33973.5733333333</dst>
        </src>
        <src id="KSCYng">
            <dst id="ATLA-M5">533.664</dst>
            <dst id="ATLAng">7069.64266666667</dst>
            <dst id="CHINng">28327.7386666667</dst>
            <dst id="DNVRng">7794.05066666667</dst>
            <dst id="HSTNng">3371.864</dst>
            <dst id="IPLSng">23653.0853333333</dst>
            <dst id="KSCYng">19169.112</dst>
            <dst id="LOSAng">2676.99733333333</dst>
            <dst id="NYCMng">7624.56266666667</dst>
            <dst id="SNVAng">2585.97866666667</dst>
            <dst id="STTLng">16834.6506666667</dst>
            <dst id="WASHng">14643.0613333333</dst>
        </src>
        <src id="LOSAng">
            <dst id="ATLA-M5">129.842666666667</dst>
            <dst id="ATLAng">14086.0026666667</dst>
            <dst id="CHINng">99085.888</dst>
            <dst id="DNVRng">10358.8693333333</dst>
            <dst id="HSTNng">7485.27733333333</dst>
            <dst id="IPLSng">13879.8906666667</dst>
            <dst id="KSCYng">5525.824</dst>
            <dst id="LOSAng">9087.72533333333</dst>
            <dst id="NYCMng">30040.608</dst>
            <dst id="SNVAng">30012.672</dst>
            <dst id="STTLng">60436.5253333333</dst>
            <dst id="WASHng">59312.04</dst>
        </src>
        <src id="NYCMng">
            <dst id="ATLA-M5">2383.47466666667</dst>
            <dst id="ATLAng">32017.7946666667</dst>
            <dst id="CHINng">36461.5386666667</dst>
            <dst id="DNVRng">25557.3253333333</dst>
            <dst id="HSTNng">12254.6346666667</dst>
            <dst id="IPLSng">23698.512</dst>
            <dst id="KSCYng">20272.6613333333</dst>
            <dst id="LOSAng">42769.232</dst>
            <dst id="NYCMng">137197.336</dst>
            <dst id="SNVAng">2769.91733333333</dst>
            <dst id="STTLng">20411.3893333333</dst>
            <dst id="WASHng">127929.613333333</dst>
        </src>
        <src id="SNVAng">
            <dst id="ATLA-M5">0</dst>
            <dst id="ATLAng">2974.05866666667</dst>
            <dst id="CHINng">80</dst>
            <dst id="DNVRng">7512.57066666667</dst>
            <dst id="HSTNng">321.789333333333</dst>
            <dst id="IPLSng">455.088</dst>
            <dst id="KSCYng">80</dst>
            <dst id="LOSAng">5684.52</dst>
            <dst id="NYCMng">75.6853333333333</dst>
            <dst id="SNVAng">7673.07733333333</dst>
            <dst id="STTLng">18547.592</dst>
            <dst id="WASHng">106.666666666667</dst>
        </src>
        <src id="STTLng">
            <dst id="ATLA-M5">3266.048</dst>
            <dst id="ATLAng">61613.392</dst>
            <dst id="CHINng">119143.717333333</dst>
            <dst id="DNVRng">27513.9146666667</dst>
            <dst id="HSTNng">29056.7866666667</dst>
            <dst id="IPLSng">100505.928</dst>
            <dst id="KSCYng">58256.52</dst>
            <dst id="LOSAng">19431.952</dst>
            <dst id="NYCMng">30690.432</dst>
            <dst id="SNVAng">5025.608</dst>
            <dst id="STTLng">21010.8746666667</dst>
            <dst id="WASHng">114291.658666667</dst>
        </src>
        <src id="WASHng">
            <dst id="ATLA-M5">1127.85066666667</dst>
            <dst id="ATLAng">107678.626666667</dst>
            <dst id="CHINng">79661.296</dst>
            <dst id="DNVRng">66892.4293333333</dst>
            <dst id="HSTNng">37101.304</dst>
            <dst id="IPLSng">77461.376</dst>
            <dst id="KSCYng">31851.4666666667</dst>
            <dst id="LOSAng">67640.3786666667</dst>
            <dst id="NYCMng">224877.765333333</dst>
            <dst id="SNVAng">5610.27466666667</dst>
            <dst id="STTLng">59280.8106666667</dst>
            <dst id="WASHng">343866.48</dst>
        </src>
    </IntraTM>
</TrafficMatrixFile>
