<?xml version="1.0" encoding="ISO-8859-1" standalone="yes"?>
<TrafficMatrixFile xsi:noNamespaceSchemaLocation="http://totem.run.montefiore.ulg.ac.be/Schema/TrafficMatrix-v1_2.xsd" xmlns:xsi="http://www.w3.org/2001/XMLSchema-instance">
    <IntraTM ASID="11537">
        <src id="ATLA-M5">
            <dst id="ATLA-M5">53.3333333333333</dst>
            <dst id="ATLAng">1616.53066666667</dst>
            <dst id="CHINng">1879.61333333333</dst>
            <dst id="DNVRng">33.56</dst>
            <dst id="HSTNng">212.813333333333</dst>
            <dst id="IPLSng">1476.824</dst>
            <dst id="KSCYng">684.549333333333</dst>
            <dst id="LOSAng">732.613333333333</dst>
            <dst id="NYCMng">1469.048</dst>
            <dst id="SNVAng">0</dst>
            <dst id="STTLng">581.786666666667</dst>
            <dst id="WASHng">1057.312</dst>
        </src>
        <src id="ATLAng">
            <dst id="ATLA-M5">2842.47466666667</dst>
            <dst id="ATLAng">45391.6586666667</dst>
            <dst id="CHINng">35677.0373333333</dst>
            <dst id="DNVRng">8614.544</dst>
            <dst id="HSTNng">10782.352</dst>
            <dst id="IPLSng">36559.968</dst>
            <dst id="KSCYng">6855.69866666667</dst>
            <dst id="LOSAng">20290.144</dst>
            <dst id="NYCMng">7755.33066666667</dst>
            <dst id="SNVAng">1006.13066666667</dst>
            <dst id="STTLng">10962.3013333333</dst>
            <dst id="WASHng">38582.704</dst>
        </src>
        <src id="CHINng">
            <dst id="ATLA-M5">2060.304</dst>
            <dst id="ATLAng">26791.176</dst>
            <dst id="CHINng">203914.624</dst>
            <dst id="DNVRng">17887.1973333333</dst>
            <dst id="HSTNng">17557.6853333333</dst>
            <dst id="IPLSng">49461.1146666667</dst>
            <dst id="KSCYng">18183.7493333333</dst>
            <dst id="LOSAng">64473.3173333333</dst>
            <dst id="NYCMng">19711.9493333333</dst>
            <dst id="SNVAng">7154.85866666667</dst>
            <dst id="STTLng">25838.9146666667</dst>
            <dst id="WASHng">33896.8853333333</dst>
        </src>
        <src id="DNVRng">
            <dst id="ATLA-M5">549.168</dst>
            <dst id="ATLAng">5512.184</dst>
            <dst id="CHINng">30516.136</dst>
            <dst id="DNVRng">15721.8186666667</dst>
            <dst id="HSTNng">16247.7946666667</dst>
            <dst id="IPLSng">10434.4426666667</dst>
            <dst id="KSCYng">40398.5146666667</dst>
            <dst id="LOSAng">18214.616</dst>
            <dst id="NYCMng">8500.38933333334</dst>
            <dst id="SNVAng">15856.0746666667</dst>
            <dst id="STTLng">37131.792</dst>
            <dst id="WASHng">25806.7066666667</dst>
        </src>
        <src id="HSTNng">
            <dst id="ATLA-M5">3177.65333333333</dst>
            <dst id="ATLAng">4233.30933333333</dst>
            <dst id="CHINng">15962.072</dst>
            <dst id="DNVRng">1498.17866666667</dst>
            <dst id="HSTNng">16390.7573333333</dst>
            <dst id="IPLSng">7996.79466666666</dst>
            <dst id="KSCYng">10662.7733333333</dst>
            <dst id="LOSAng">6680.94133333333</dst>
            <dst id="NYCMng">4462.89066666667</dst>
            <dst id="SNVAng">26.6666666666667</dst>
            <dst id="STTLng">7397.64266666667</dst>
            <dst id="WASHng">7278.51733333333</dst>
        </src>
        <src id="IPLSng">
            <dst id="ATLA-M5">566.832</dst>
            <dst id="ATLAng">15457.808</dst>
            <dst id="CHINng">44067.264</dst>
            <dst id="DNVRng">8369.34666666667</dst>
            <dst id="HSTNng">6081.94933333333</dst>
            <dst id="IPLSng">16580.6293333333</dst>
            <dst id="KSCYng">9037.69066666667</dst>
            <dst id="LOSAng">10425.208</dst>
            <dst id="NYCMng">9991.80266666667</dst>
            <dst id="SNVAng">1556.86666666667</dst>
            <dst id="STTLng">34787.3546666667</dst>
            <dst id="WASHng">18428.7466666667</dst>
        </src>
        <src id="KSCYng">
            <dst id="ATLA-M5">503.189333333333</dst>
            <dst id="ATLAng">8389.968</dst>
            <dst id="CHINng">20989.536</dst>
            <dst id="DNVRng">8559.504</dst>
            <dst id="HSTNng">6845.04266666667</dst>
            <dst id="IPLSng">19227.2586666667</dst>
            <dst id="KSCYng">15845.0693333333</dst>
            <dst id="LOSAng">5712.17066666667</dst>
            <dst id="NYCMng">10682.9386666667</dst>
            <dst id="SNVAng">2879.73866666667</dst>
            <dst id="STTLng">11267.0533333333</dst>
            <dst id="WASHng">15246.2</dst>
        </src>
        <src id="LOSAng">
            <dst id="ATLA-M5">648.106666666667</dst>
            <dst id="ATLAng">16380.0986666667</dst>
            <dst id="CHINng">72579.6266666667</dst>
            <dst id="DNVRng">33959.848</dst>
            <dst id="HSTNng">35639.7733333333</dst>
            <dst id="IPLSng">44418.448</dst>
            <dst id="KSCYng">7651.57066666667</dst>
            <dst id="LOSAng">15277.0666666667</dst>
            <dst id="NYCMng">38707.096</dst>
            <dst id="SNVAng">19878.2666666667</dst>
            <dst id="STTLng">59408.592</dst>
            <dst id="WASHng">66635.0666666667</dst>
        </src>
        <src id="NYCMng">
            <dst id="ATLA-M5">1469.40266666667</dst>
            <dst id="ATLAng">28907.4666666667</dst>
            <dst id="CHINng">32422.1173333333</dst>
            <dst id="DNVRng">24859.6026666667</dst>
            <dst id="HSTNng">11873.6533333333</dst>
            <dst id="IPLSng">33399.2426666667</dst>
            <dst id="KSCYng">10722.1546666667</dst>
            <dst id="LOSAng">69830.736</dst>
            <dst id="NYCMng">92130.08</dst>
            <dst id="SNVAng">3071</dst>
            <dst id="STTLng">27239.1626666667</dst>
            <dst id="WASHng">95563.3066666666</dst>
        </src>
        <src id="SNVAng">
            <dst id="ATLA-M5">0</dst>
            <dst id="ATLAng">680.938666666667</dst>
            <dst id="CHINng">0</dst>
            <dst id="DNVRng">622.058666666667</dst>
            <dst id="HSTNng">0</dst>
            <dst id="IPLSng">437.968</dst>
            <dst id="KSCYng">0</dst>
            <dst id="LOSAng">9158.2</dst>
            <dst id="NYCMng">450.434666666667</dst>
            <dst id="SNVAng">7496.62666666667</dst>
            <dst id="STTLng">19058.16</dst>
            <dst id="WASHng">58.32</dst>
        </src>
        <src id="STTLng">
            <dst id="ATLA-M5">1238.28266666667</dst>
            <dst id="ATLAng">20231.352</dst>
            <dst id="CHINng">39956.816</dst>
            <dst id="DNVRng">20679.456</dst>
            <dst id="HSTNng">11356.5146666667</dst>
            <dst id="IPLSng">37939.1066666667</dst>
            <dst id="KSCYng">18234.328</dst>
            <dst id="LOSAng">40519.2693333333</dst>
            <dst id="NYCMng">9838.808</dst>
            <dst id="SNVAng">6058.35733333333</dst>
            <dst id="STTLng">32376.6933333333</dst>
            <dst id="WASHng">31672.3146666667</dst>
        </src>
        <src id="WASHng">
            <dst id="ATLA-M5">4523.28266666667</dst>
            <dst id="ATLAng">129032.584</dst>
            <dst id="CHINng">88599.7813333333</dst>
            <dst id="DNVRng">73827.1733333333</dst>
            <dst id="HSTNng">72277.6826666667</dst>
            <dst id="IPLSng">51006.9706666667</dst>
            <dst id="KSCYng">29673.0293333333</dst>
            <dst id="LOSAng">77792.128</dst>
            <dst id="NYCMng">177876.848</dst>
            <dst id="SNVAng">7342.45866666667</dst>
            <dst id="STTLng">49187.1893333333</dst>
            <dst id="WASHng">214369.624</dst>
        </src>
    </IntraTM>
</TrafficMatrixFile>
