<?xml version="1.0" encoding="ISO-8859-1" standalone="yes"?>
<TrafficMatrixFile xsi:noNamespaceSchemaLocation="http://totem.run.montefiore.ulg.ac.be/Schema/TrafficMatrix-v1_2.xsd" xmlns:xsi="http://www.w3.org/2001/XMLSchema-instance">
    <IntraTM ASID="11537">
        <src id="ATLA-M5">
            <dst id="ATLA-M5">0</dst>
            <dst id="ATLAng">590.714666666667</dst>
            <dst id="CHINng">838.474666666667</dst>
            <dst id="DNVRng">0</dst>
            <dst id="HSTNng">80</dst>
            <dst id="IPLSng">489.488</dst>
            <dst id="KSCYng">211.765333333333</dst>
            <dst id="LOSAng">13.3333333333333</dst>
            <dst id="NYCMng">1494.48266666667</dst>
            <dst id="SNVAng">13.3333333333333</dst>
            <dst id="STTLng">280.853333333333</dst>
            <dst id="WASHng">1584.45866666667</dst>
        </src>
        <src id="ATLAng">
            <dst id="ATLA-M5">473.453333333333</dst>
            <dst id="ATLAng">53419.7706666667</dst>
            <dst id="CHINng">16471.7786666667</dst>
            <dst id="DNVRng">5338.384</dst>
            <dst id="HSTNng">8231.808</dst>
            <dst id="IPLSng">13607.5386666667</dst>
            <dst id="KSCYng">2088.38133333333</dst>
            <dst id="LOSAng">16965.9066666667</dst>
            <dst id="NYCMng">5829.312</dst>
            <dst id="SNVAng">246.664</dst>
            <dst id="STTLng">6749.008</dst>
            <dst id="WASHng">43257.336</dst>
        </src>
        <src id="CHINng">
            <dst id="ATLA-M5">104.482666666667</dst>
            <dst id="ATLAng">13150.4826666667</dst>
            <dst id="CHINng">141132.418666667</dst>
            <dst id="DNVRng">7842.33866666667</dst>
            <dst id="HSTNng">7230.17066666667</dst>
            <dst id="IPLSng">48244.544</dst>
            <dst id="KSCYng">26220.016</dst>
            <dst id="LOSAng">27807.808</dst>
            <dst id="NYCMng">13815.184</dst>
            <dst id="SNVAng">3874.14933333333</dst>
            <dst id="STTLng">14575.4986666667</dst>
            <dst id="WASHng">12947.9066666667</dst>
        </src>
        <src id="DNVRng">
            <dst id="ATLA-M5">251.104</dst>
            <dst id="ATLAng">2785.63733333333</dst>
            <dst id="CHINng">56680.0693333333</dst>
            <dst id="DNVRng">13118.656</dst>
            <dst id="HSTNng">8606.104</dst>
            <dst id="IPLSng">8602.19466666667</dst>
            <dst id="KSCYng">19916.1146666667</dst>
            <dst id="LOSAng">10020.8133333333</dst>
            <dst id="NYCMng">6831.57333333333</dst>
            <dst id="SNVAng">7302.56</dst>
            <dst id="STTLng">13257.2826666667</dst>
            <dst id="WASHng">15118.5786666667</dst>
        </src>
        <src id="HSTNng">
            <dst id="ATLA-M5">1170.88</dst>
            <dst id="ATLAng">5395.30933333333</dst>
            <dst id="CHINng">24753.1653333333</dst>
            <dst id="DNVRng">2244.33866666667</dst>
            <dst id="HSTNng">17340.0853333333</dst>
            <dst id="IPLSng">2424.60266666667</dst>
            <dst id="KSCYng">10300.544</dst>
            <dst id="LOSAng">2333.85333333333</dst>
            <dst id="NYCMng">6541.84</dst>
            <dst id="SNVAng">30.6933333333333</dst>
            <dst id="STTLng">4818.61066666667</dst>
            <dst id="WASHng">13744.2613333333</dst>
        </src>
        <src id="IPLSng">
            <dst id="ATLA-M5">143.296</dst>
            <dst id="ATLAng">5858.208</dst>
            <dst id="CHINng">59826.5253333333</dst>
            <dst id="DNVRng">5008.24266666667</dst>
            <dst id="HSTNng">891.669333333333</dst>
            <dst id="IPLSng">6825.71733333333</dst>
            <dst id="KSCYng">9161.74133333333</dst>
            <dst id="LOSAng">14290.376</dst>
            <dst id="NYCMng">7689.328</dst>
            <dst id="SNVAng">441.36</dst>
            <dst id="STTLng">14685.52</dst>
            <dst id="WASHng">39478.44</dst>
        </src>
        <src id="KSCYng">
            <dst id="ATLA-M5">267.189333333333</dst>
            <dst id="ATLAng">3864.864</dst>
            <dst id="CHINng">26593.5306666667</dst>
            <dst id="DNVRng">8677.13066666667</dst>
            <dst id="HSTNng">3513.93066666667</dst>
            <dst id="IPLSng">14784.2693333333</dst>
            <dst id="KSCYng">12985.3333333333</dst>
            <dst id="LOSAng">4970.02933333333</dst>
            <dst id="NYCMng">4160.90133333333</dst>
            <dst id="SNVAng">2347.86933333333</dst>
            <dst id="STTLng">13726.096</dst>
            <dst id="WASHng">11150.6</dst>
        </src>
        <src id="LOSAng">
            <dst id="ATLA-M5">0</dst>
            <dst id="ATLAng">6124.68266666667</dst>
            <dst id="CHINng">84822.4933333333</dst>
            <dst id="DNVRng">9350.22666666667</dst>
            <dst id="HSTNng">1373.67466666667</dst>
            <dst id="IPLSng">21984.944</dst>
            <dst id="KSCYng">2981.408</dst>
            <dst id="LOSAng">12106.856</dst>
            <dst id="NYCMng">26734.072</dst>
            <dst id="SNVAng">7659.70933333333</dst>
            <dst id="STTLng">29481.5093333333</dst>
            <dst id="WASHng">35604.6773333333</dst>
        </src>
        <src id="NYCMng">
            <dst id="ATLA-M5">1519.92266666667</dst>
            <dst id="ATLAng">25407.912</dst>
            <dst id="CHINng">33773.1706666667</dst>
            <dst id="DNVRng">14408.16</dst>
            <dst id="HSTNng">5456.49866666667</dst>
            <dst id="IPLSng">14823.9226666667</dst>
            <dst id="KSCYng">8042.51466666667</dst>
            <dst id="LOSAng">42076.6906666667</dst>
            <dst id="NYCMng">103188.882666667</dst>
            <dst id="SNVAng">4389.488</dst>
            <dst id="STTLng">17268.488</dst>
            <dst id="WASHng">51980.576</dst>
        </src>
        <src id="SNVAng">
            <dst id="ATLA-M5">0</dst>
            <dst id="ATLAng">26.6666666666667</dst>
            <dst id="CHINng">0</dst>
            <dst id="DNVRng">495.058666666667</dst>
            <dst id="HSTNng">32.96</dst>
            <dst id="IPLSng">319.397333333333</dst>
            <dst id="KSCYng">0</dst>
            <dst id="LOSAng">17483.8586666667</dst>
            <dst id="NYCMng">182.581333333333</dst>
            <dst id="SNVAng">3003.96266666667</dst>
            <dst id="STTLng">10419.024</dst>
            <dst id="WASHng">26.6666666666667</dst>
        </src>
        <src id="STTLng">
            <dst id="ATLA-M5">251.018666666667</dst>
            <dst id="ATLAng">9176.08</dst>
            <dst id="CHINng">35192.0053333333</dst>
            <dst id="DNVRng">16882.0586666667</dst>
            <dst id="HSTNng">1791.52533333333</dst>
            <dst id="IPLSng">6643.79466666667</dst>
            <dst id="KSCYng">5189.74933333333</dst>
            <dst id="LOSAng">25562.1573333333</dst>
            <dst id="NYCMng">5911.70666666667</dst>
            <dst id="SNVAng">1091.73866666667</dst>
            <dst id="STTLng">23144.52</dst>
            <dst id="WASHng">7624.50666666667</dst>
        </src>
        <src id="WASHng">
            <dst id="ATLA-M5">253.661333333333</dst>
            <dst id="ATLAng">69377.368</dst>
            <dst id="CHINng">80355.4826666666</dst>
            <dst id="DNVRng">54597.0346666667</dst>
            <dst id="HSTNng">21689.7466666667</dst>
            <dst id="IPLSng">39568.0613333333</dst>
            <dst id="KSCYng">18879.112</dst>
            <dst id="LOSAng">80106.2533333334</dst>
            <dst id="NYCMng">121860.610666667</dst>
            <dst id="SNVAng">7713.848</dst>
            <dst id="STTLng">32773.2666666667</dst>
            <dst id="WASHng">272853.28</dst>
        </src>
    </IntraTM>
</TrafficMatrixFile>
