<?xml version="1.0" encoding="ISO-8859-1" standalone="yes"?>
<TrafficMatrixFile xsi:noNamespaceSchemaLocation="http://totem.run.montefiore.ulg.ac.be/Schema/TrafficMatrix-v1_2.xsd" xmlns:xsi="http://www.w3.org/2001/XMLSchema-instance">
    <IntraTM ASID="11537">
        <src id="ATLA-M5">
            <dst id="ATLA-M5">0</dst>
            <dst id="ATLAng">630.36</dst>
            <dst id="CHINng">51364.12</dst>
            <dst id="DNVRng">80</dst>
            <dst id="HSTNng">255.917333333333</dst>
            <dst id="IPLSng">1452.83733333333</dst>
            <dst id="KSCYng">268.109333333333</dst>
            <dst id="LOSAng">138.768</dst>
            <dst id="NYCMng">1370.66666666667</dst>
            <dst id="SNVAng">0</dst>
            <dst id="STTLng">638.629333333333</dst>
            <dst id="WASHng">1047.256</dst>
        </src>
        <src id="ATLAng">
            <dst id="ATLA-M5">436.269333333333</dst>
            <dst id="ATLAng">40467.6506666667</dst>
            <dst id="CHINng">18438.9093333333</dst>
            <dst id="DNVRng">8071.4</dst>
            <dst id="HSTNng">8170.68533333334</dst>
            <dst id="IPLSng">24630.4933333333</dst>
            <dst id="KSCYng">8022.76533333333</dst>
            <dst id="LOSAng">15012.8506666667</dst>
            <dst id="NYCMng">9975.72266666667</dst>
            <dst id="SNVAng">2132.63466666667</dst>
            <dst id="STTLng">13188.376</dst>
            <dst id="WASHng">35865.336</dst>
        </src>
        <src id="CHINng">
            <dst id="ATLA-M5">1169.82133333333</dst>
            <dst id="ATLAng">28366.952</dst>
            <dst id="CHINng">142736.944</dst>
            <dst id="DNVRng">19097.4453333333</dst>
            <dst id="HSTNng">14059.9946666667</dst>
            <dst id="IPLSng">63895.168</dst>
            <dst id="KSCYng">23769.3653333333</dst>
            <dst id="LOSAng">39718.0266666667</dst>
            <dst id="NYCMng">19585.4346666667</dst>
            <dst id="SNVAng">5552.344</dst>
            <dst id="STTLng">32522.0106666667</dst>
            <dst id="WASHng">37672.0693333333</dst>
        </src>
        <src id="DNVRng">
            <dst id="ATLA-M5">423.477333333333</dst>
            <dst id="ATLAng">7930.75733333333</dst>
            <dst id="CHINng">29323.7733333333</dst>
            <dst id="DNVRng">16767.696</dst>
            <dst id="HSTNng">18254.2746666667</dst>
            <dst id="IPLSng">17147.208</dst>
            <dst id="KSCYng">34738.5093333333</dst>
            <dst id="LOSAng">14762.784</dst>
            <dst id="NYCMng">6202.48</dst>
            <dst id="SNVAng">21027.8853333333</dst>
            <dst id="STTLng">57694.0773333333</dst>
            <dst id="WASHng">24250.3626666667</dst>
        </src>
        <src id="HSTNng">
            <dst id="ATLA-M5">266.693333333333</dst>
            <dst id="ATLAng">4805.21866666667</dst>
            <dst id="CHINng">20623.3066666667</dst>
            <dst id="DNVRng">1902.89066666667</dst>
            <dst id="HSTNng">17335.6</dst>
            <dst id="IPLSng">8644.64</dst>
            <dst id="KSCYng">12081.9013333333</dst>
            <dst id="LOSAng">9926.392</dst>
            <dst id="NYCMng">3214.27733333333</dst>
            <dst id="SNVAng">80</dst>
            <dst id="STTLng">7607.87733333333</dst>
            <dst id="WASHng">8088.56</dst>
        </src>
        <src id="IPLSng">
            <dst id="ATLA-M5">392.890666666667</dst>
            <dst id="ATLAng">18503.752</dst>
            <dst id="CHINng">55999.9226666667</dst>
            <dst id="DNVRng">7910.49066666667</dst>
            <dst id="HSTNng">6071.02666666667</dst>
            <dst id="IPLSng">18729.5333333333</dst>
            <dst id="KSCYng">13633.8773333333</dst>
            <dst id="LOSAng">18411.5706666667</dst>
            <dst id="NYCMng">7495.6</dst>
            <dst id="SNVAng">10177.9546666667</dst>
            <dst id="STTLng">22859.072</dst>
            <dst id="WASHng">18251.368</dst>
        </src>
        <src id="KSCYng">
            <dst id="ATLA-M5">254.341333333333</dst>
            <dst id="ATLAng">5472.768</dst>
            <dst id="CHINng">27425.176</dst>
            <dst id="DNVRng">8072.096</dst>
            <dst id="HSTNng">8334.272</dst>
            <dst id="IPLSng">24382.288</dst>
            <dst id="KSCYng">19502.7253333333</dst>
            <dst id="LOSAng">10677.68</dst>
            <dst id="NYCMng">7228.30133333333</dst>
            <dst id="SNVAng">3684.152</dst>
            <dst id="STTLng">11869.1573333333</dst>
            <dst id="WASHng">15428.3066666667</dst>
        </src>
        <src id="LOSAng">
            <dst id="ATLA-M5">277.242666666667</dst>
            <dst id="ATLAng">11718.3466666667</dst>
            <dst id="CHINng">111484.28</dst>
            <dst id="DNVRng">34368.1866666667</dst>
            <dst id="HSTNng">14300.7813333333</dst>
            <dst id="IPLSng">43767.7386666667</dst>
            <dst id="KSCYng">9755.35466666667</dst>
            <dst id="LOSAng">15295.048</dst>
            <dst id="NYCMng">38808.3493333333</dst>
            <dst id="SNVAng">24161.7466666667</dst>
            <dst id="STTLng">61560.6026666667</dst>
            <dst id="WASHng">60432.12</dst>
        </src>
        <src id="NYCMng">
            <dst id="ATLA-M5">2847.13866666667</dst>
            <dst id="ATLAng">38666.0746666667</dst>
            <dst id="CHINng">50197.5466666667</dst>
            <dst id="DNVRng">24285.4373333333</dst>
            <dst id="HSTNng">10670.0666666667</dst>
            <dst id="IPLSng">28447.5573333333</dst>
            <dst id="KSCYng">9005.46933333333</dst>
            <dst id="LOSAng">66595.0666666667</dst>
            <dst id="NYCMng">82824.2293333333</dst>
            <dst id="SNVAng">4822.73866666667</dst>
            <dst id="STTLng">27330.2533333333</dst>
            <dst id="WASHng">101094.997333333</dst>
        </src>
        <src id="SNVAng">
            <dst id="ATLA-M5">26.6666666666667</dst>
            <dst id="ATLAng">581.648</dst>
            <dst id="CHINng">53.3333333333333</dst>
            <dst id="DNVRng">1672.048</dst>
            <dst id="HSTNng">0</dst>
            <dst id="IPLSng">506.346666666667</dst>
            <dst id="KSCYng">26.6666666666667</dst>
            <dst id="LOSAng">6898.33866666667</dst>
            <dst id="NYCMng">459.72</dst>
            <dst id="SNVAng">6509.68266666667</dst>
            <dst id="STTLng">18437.4133333333</dst>
            <dst id="WASHng">61.4293333333333</dst>
        </src>
        <src id="STTLng">
            <dst id="ATLA-M5">1375.12266666667</dst>
            <dst id="ATLAng">24336.2</dst>
            <dst id="CHINng">35296.8213333334</dst>
            <dst id="DNVRng">21103.6506666667</dst>
            <dst id="HSTNng">15222.8106666667</dst>
            <dst id="IPLSng">36786.6746666667</dst>
            <dst id="KSCYng">25067.4533333333</dst>
            <dst id="LOSAng">48881.6746666667</dst>
            <dst id="NYCMng">16493.5893333333</dst>
            <dst id="SNVAng">5589.05066666667</dst>
            <dst id="STTLng">31300.3146666667</dst>
            <dst id="WASHng">42433.6266666667</dst>
        </src>
        <src id="WASHng">
            <dst id="ATLA-M5">2120.632</dst>
            <dst id="ATLAng">86076.8773333333</dst>
            <dst id="CHINng">569232.426666667</dst>
            <dst id="DNVRng">85140.3093333333</dst>
            <dst id="HSTNng">29419.7626666667</dst>
            <dst id="IPLSng">56347.448</dst>
            <dst id="KSCYng">31964.248</dst>
            <dst id="LOSAng">73049.528</dst>
            <dst id="NYCMng">190157.850666667</dst>
            <dst id="SNVAng">7861.23733333333</dst>
            <dst id="STTLng">58523.7946666667</dst>
            <dst id="WASHng">360460.533333333</dst>
        </src>
    </IntraTM>
</TrafficMatrixFile>
