<?xml version="1.0" encoding="ISO-8859-1" standalone="yes"?>
<TrafficMatrixFile xsi:noNamespaceSchemaLocation="http://totem.run.montefiore.ulg.ac.be/Schema/TrafficMatrix-v1_2.xsd" xmlns:xsi="http://www.w3.org/2001/XMLSchema-instance">
    <IntraTM ASID="11537">
        <src id="ATLA-M5">
            <dst id="ATLA-M5">178.346666666667</dst>
            <dst id="ATLAng">465.338666666667</dst>
            <dst id="CHINng">3439.976</dst>
            <dst id="DNVRng">165.304</dst>
            <dst id="HSTNng">631.896</dst>
            <dst id="IPLSng">1568.344</dst>
            <dst id="KSCYng">698.970666666667</dst>
            <dst id="LOSAng">198.753333333333</dst>
            <dst id="NYCMng">2355.08</dst>
            <dst id="SNVAng">44.908</dst>
            <dst id="STTLng">982.274666666667</dst>
            <dst id="WASHng">2843.288</dst>
        </src>
        <src id="ATLAng">
            <dst id="ATLA-M5">1135.64533333333</dst>
            <dst id="ATLAng">72669.36</dst>
            <dst id="CHINng">27316.4213333333</dst>
            <dst id="DNVRng">7563.864</dst>
            <dst id="HSTNng">25713.8426666667</dst>
            <dst id="IPLSng">37867.3386666667</dst>
            <dst id="KSCYng">8035.712</dst>
            <dst id="LOSAng">16687.9053333333</dst>
            <dst id="NYCMng">17125.5493333333</dst>
            <dst id="SNVAng">1449.32666666667</dst>
            <dst id="STTLng">22627.376</dst>
            <dst id="WASHng">59439.0586666667</dst>
        </src>
        <src id="CHINng">
            <dst id="ATLA-M5">2219.22133333333</dst>
            <dst id="ATLAng">29978.1546666667</dst>
            <dst id="CHINng">98180.8133333333</dst>
            <dst id="DNVRng">25180.512</dst>
            <dst id="HSTNng">24643.6773333333</dst>
            <dst id="IPLSng">89433.4533333333</dst>
            <dst id="KSCYng">23487.6533333333</dst>
            <dst id="LOSAng">37486.944</dst>
            <dst id="NYCMng">21633.672</dst>
            <dst id="SNVAng">5125.97066666667</dst>
            <dst id="STTLng">45852.192</dst>
            <dst id="WASHng">60735.056</dst>
        </src>
        <src id="DNVRng">
            <dst id="ATLA-M5">799.434666666667</dst>
            <dst id="ATLAng">9884.02933333333</dst>
            <dst id="CHINng">44913.0506666667</dst>
            <dst id="DNVRng">11758.504</dst>
            <dst id="HSTNng">17757.0506666667</dst>
            <dst id="IPLSng">23339.2213333333</dst>
            <dst id="KSCYng">16165.1093333333</dst>
            <dst id="LOSAng">14531.968</dst>
            <dst id="NYCMng">16218.0426666667</dst>
            <dst id="SNVAng">29052.4586666667</dst>
            <dst id="STTLng">36229.7226666667</dst>
            <dst id="WASHng">38903.0693333333</dst>
        </src>
        <src id="HSTNng">
            <dst id="ATLA-M5">548.445333333333</dst>
            <dst id="ATLAng">6868.06133333333</dst>
            <dst id="CHINng">17732.888</dst>
            <dst id="DNVRng">5692.77066666667</dst>
            <dst id="HSTNng">13213.2</dst>
            <dst id="IPLSng">19440.8373333333</dst>
            <dst id="KSCYng">8785.68533333333</dst>
            <dst id="LOSAng">6856.14666666667</dst>
            <dst id="NYCMng">3881.232</dst>
            <dst id="SNVAng">912.624</dst>
            <dst id="STTLng">14980.3946666667</dst>
            <dst id="WASHng">11859.8906666667</dst>
        </src>
        <src id="IPLSng">
            <dst id="ATLA-M5">2099.944</dst>
            <dst id="ATLAng">18977.3013333333</dst>
            <dst id="CHINng">98811.3493333333</dst>
            <dst id="DNVRng">17670.5653333333</dst>
            <dst id="HSTNng">10247.2613333333</dst>
            <dst id="IPLSng">49581.9946666667</dst>
            <dst id="KSCYng">27439.0266666667</dst>
            <dst id="LOSAng">19999.5866666667</dst>
            <dst id="NYCMng">14692.6453333333</dst>
            <dst id="SNVAng">7151.29066666667</dst>
            <dst id="STTLng">40701.3386666667</dst>
            <dst id="WASHng">44651.9413333333</dst>
        </src>
        <src id="KSCYng">
            <dst id="ATLA-M5">301.597333333333</dst>
            <dst id="ATLAng">10972.8293333333</dst>
            <dst id="CHINng">27149.5333333333</dst>
            <dst id="DNVRng">10223.0586666667</dst>
            <dst id="HSTNng">5715.53333333333</dst>
            <dst id="IPLSng">22141.616</dst>
            <dst id="KSCYng">13703.216</dst>
            <dst id="LOSAng">8988.312</dst>
            <dst id="NYCMng">8847.95466666666</dst>
            <dst id="SNVAng">3591.75733333333</dst>
            <dst id="STTLng">16965.0266666667</dst>
            <dst id="WASHng">16672.1146666667</dst>
        </src>
        <src id="LOSAng">
            <dst id="ATLA-M5">209.373333333333</dst>
            <dst id="ATLAng">21480.0426666667</dst>
            <dst id="CHINng">116552.877333333</dst>
            <dst id="DNVRng">43524.112</dst>
            <dst id="HSTNng">11669.3653333333</dst>
            <dst id="IPLSng">54798.9333333333</dst>
            <dst id="KSCYng">15616.4666666667</dst>
            <dst id="LOSAng">12881.688</dst>
            <dst id="NYCMng">53853.7813333333</dst>
            <dst id="SNVAng">19779.872</dst>
            <dst id="STTLng">61409.176</dst>
            <dst id="WASHng">80003.864</dst>
        </src>
        <src id="NYCMng">
            <dst id="ATLA-M5">2043.50666666667</dst>
            <dst id="ATLAng">41006.7866666667</dst>
            <dst id="CHINng">40041</dst>
            <dst id="DNVRng">28190.528</dst>
            <dst id="HSTNng">21699.1946666667</dst>
            <dst id="IPLSng">47544.9706666667</dst>
            <dst id="KSCYng">25753.352</dst>
            <dst id="LOSAng">64350.5386666667</dst>
            <dst id="NYCMng">162799.528</dst>
            <dst id="SNVAng">8117.90133333333</dst>
            <dst id="STTLng">39262.472</dst>
            <dst id="WASHng">148069.285333333</dst>
        </src>
        <src id="SNVAng">
            <dst id="ATLA-M5">0</dst>
            <dst id="ATLAng">80</dst>
            <dst id="CHINng">115.864</dst>
            <dst id="DNVRng">25135.8106666667</dst>
            <dst id="HSTNng">285.810666666667</dst>
            <dst id="IPLSng">682.301333333333</dst>
            <dst id="KSCYng">0</dst>
            <dst id="LOSAng">8225.51733333333</dst>
            <dst id="NYCMng">108.856</dst>
            <dst id="SNVAng">12206.2586666667</dst>
            <dst id="STTLng">20142.224</dst>
            <dst id="WASHng">53.3333333333333</dst>
        </src>
        <src id="STTLng">
            <dst id="ATLA-M5">4610.79733333333</dst>
            <dst id="ATLAng">64199.928</dst>
            <dst id="CHINng">107798.122666667</dst>
            <dst id="DNVRng">53363.5813333333</dst>
            <dst id="HSTNng">50638.9146666667</dst>
            <dst id="IPLSng">81775.792</dst>
            <dst id="KSCYng">67221.2986666667</dst>
            <dst id="LOSAng">10541.688</dst>
            <dst id="NYCMng">21261.5413333333</dst>
            <dst id="SNVAng">10335.9413333333</dst>
            <dst id="STTLng">64256.168</dst>
            <dst id="WASHng">110396.898666667</dst>
        </src>
        <src id="WASHng">
            <dst id="ATLA-M5">3409.96266666667</dst>
            <dst id="ATLAng">122085.896</dst>
            <dst id="CHINng">127728.301333333</dst>
            <dst id="DNVRng">132225.117333333</dst>
            <dst id="HSTNng">46713.2346666666</dst>
            <dst id="IPLSng">87040.952</dst>
            <dst id="KSCYng">25969.9706666667</dst>
            <dst id="LOSAng">92059.016</dst>
            <dst id="NYCMng">274402.346666667</dst>
            <dst id="SNVAng">11165.5466666667</dst>
            <dst id="STTLng">71794.688</dst>
            <dst id="WASHng">343415.253333333</dst>
        </src>
    </IntraTM>
</TrafficMatrixFile>
