<?xml version="1.0" encoding="ISO-8859-1" standalone="yes"?>
<TrafficMatrixFile xsi:noNamespaceSchemaLocation="http://totem.run.montefiore.ulg.ac.be/Schema/TrafficMatrix-v1_2.xsd" xmlns:xsi="http://www.w3.org/2001/XMLSchema-instance">
    <IntraTM ASID="11537">
        <src id="ATLA-M5">
            <dst id="ATLA-M5">53.3333333333333</dst>
            <dst id="ATLAng">1828.27733333333</dst>
            <dst id="CHINng">1499.77333333333</dst>
            <dst id="DNVRng">179.749333333333</dst>
            <dst id="HSTNng">393.538666666667</dst>
            <dst id="IPLSng">1636.60533333333</dst>
            <dst id="KSCYng">284.122666666667</dst>
            <dst id="LOSAng">319.072</dst>
            <dst id="NYCMng">1474.776</dst>
            <dst id="SNVAng">93.2533333333333</dst>
            <dst id="STTLng">671.170666666667</dst>
            <dst id="WASHng">1425.48533333333</dst>
        </src>
        <src id="ATLAng">
            <dst id="ATLA-M5">819.506666666667</dst>
            <dst id="ATLAng">59177.08</dst>
            <dst id="CHINng">34010.656</dst>
            <dst id="DNVRng">13765.6213333333</dst>
            <dst id="HSTNng">8648.41066666666</dst>
            <dst id="IPLSng">19342.6</dst>
            <dst id="KSCYng">6189.15733333333</dst>
            <dst id="LOSAng">18991.1506666667</dst>
            <dst id="NYCMng">6784.776</dst>
            <dst id="SNVAng">2193.78533333333</dst>
            <dst id="STTLng">10147.16</dst>
            <dst id="WASHng">38115.04</dst>
        </src>
        <src id="CHINng">
            <dst id="ATLA-M5">1834.384</dst>
            <dst id="ATLAng">29369.0293333333</dst>
            <dst id="CHINng">98143.2213333333</dst>
            <dst id="DNVRng">17974.8106666667</dst>
            <dst id="HSTNng">13873.6266666667</dst>
            <dst id="IPLSng">44788.456</dst>
            <dst id="KSCYng">21563.7546666667</dst>
            <dst id="LOSAng">68818.2213333333</dst>
            <dst id="NYCMng">16658.9253333333</dst>
            <dst id="SNVAng">5084.47733333333</dst>
            <dst id="STTLng">21690.4586666667</dst>
            <dst id="WASHng">45292.792</dst>
        </src>
        <src id="DNVRng">
            <dst id="ATLA-M5">682.472</dst>
            <dst id="ATLAng">10708.504</dst>
            <dst id="CHINng">64645.312</dst>
            <dst id="DNVRng">13014.5946666667</dst>
            <dst id="HSTNng">14267.36</dst>
            <dst id="IPLSng">12238.6</dst>
            <dst id="KSCYng">25028.12</dst>
            <dst id="LOSAng">15705.6026666667</dst>
            <dst id="NYCMng">7686.79466666666</dst>
            <dst id="SNVAng">14172.0533333333</dst>
            <dst id="STTLng">36244.3866666667</dst>
            <dst id="WASHng">24914.0693333333</dst>
        </src>
        <src id="HSTNng">
            <dst id="ATLA-M5">552.136</dst>
            <dst id="ATLAng">4980.11466666667</dst>
            <dst id="CHINng">14846.5946666667</dst>
            <dst id="DNVRng">12571.1146666667</dst>
            <dst id="HSTNng">13724.2666666667</dst>
            <dst id="IPLSng">5463.88266666667</dst>
            <dst id="KSCYng">12520.6133333333</dst>
            <dst id="LOSAng">7329.43466666667</dst>
            <dst id="NYCMng">3548.488</dst>
            <dst id="SNVAng">846.210666666667</dst>
            <dst id="STTLng">6487.984</dst>
            <dst id="WASHng">11962.632</dst>
        </src>
        <src id="IPLSng">
            <dst id="ATLA-M5">632.224</dst>
            <dst id="ATLAng">11368.5706666667</dst>
            <dst id="CHINng">44963.3306666667</dst>
            <dst id="DNVRng">10926.3813333333</dst>
            <dst id="HSTNng">7347.04266666667</dst>
            <dst id="IPLSng">27244.8986666667</dst>
            <dst id="KSCYng">17764.5146666667</dst>
            <dst id="LOSAng">19679.8053333333</dst>
            <dst id="NYCMng">8644.704</dst>
            <dst id="SNVAng">1010.19466666667</dst>
            <dst id="STTLng">33978.0213333333</dst>
            <dst id="WASHng">19012.904</dst>
        </src>
        <src id="KSCYng">
            <dst id="ATLA-M5">245.810666666667</dst>
            <dst id="ATLAng">5198.69066666667</dst>
            <dst id="CHINng">31362.4346666667</dst>
            <dst id="DNVRng">9162.82133333333</dst>
            <dst id="HSTNng">3999.288</dst>
            <dst id="IPLSng">20249.5653333333</dst>
            <dst id="KSCYng">11429.1146666667</dst>
            <dst id="LOSAng">4856.05066666667</dst>
            <dst id="NYCMng">5450.86666666667</dst>
            <dst id="SNVAng">2860.088</dst>
            <dst id="STTLng">12321.5493333333</dst>
            <dst id="WASHng">17113.2346666667</dst>
        </src>
        <src id="LOSAng">
            <dst id="ATLA-M5">465.864</dst>
            <dst id="ATLAng">20519.7866666667</dst>
            <dst id="CHINng">77848.12</dst>
            <dst id="DNVRng">29520.8986666667</dst>
            <dst id="HSTNng">4277.89333333333</dst>
            <dst id="IPLSng">36293.4693333333</dst>
            <dst id="KSCYng">8286.832</dst>
            <dst id="LOSAng">16023.376</dst>
            <dst id="NYCMng">35606.432</dst>
            <dst id="SNVAng">18059.4986666667</dst>
            <dst id="STTLng">60094.8693333333</dst>
            <dst id="WASHng">64466.408</dst>
        </src>
        <src id="NYCMng">
            <dst id="ATLA-M5">3258.312</dst>
            <dst id="ATLAng">37438.6293333333</dst>
            <dst id="CHINng">32838.7226666667</dst>
            <dst id="DNVRng">17205.128</dst>
            <dst id="HSTNng">12905.5466666667</dst>
            <dst id="IPLSng">24992.4666666667</dst>
            <dst id="KSCYng">13781.9946666667</dst>
            <dst id="LOSAng">84162.7706666667</dst>
            <dst id="NYCMng">92743.264</dst>
            <dst id="SNVAng">2538.98933333333</dst>
            <dst id="STTLng">28810.656</dst>
            <dst id="WASHng">94646.5653333333</dst>
        </src>
        <src id="SNVAng">
            <dst id="ATLA-M5">36.1226666666667</dst>
            <dst id="ATLAng">472.544</dst>
            <dst id="CHINng">106.666666666667</dst>
            <dst id="DNVRng">6375.71466666667</dst>
            <dst id="HSTNng">0</dst>
            <dst id="IPLSng">396.248</dst>
            <dst id="KSCYng">53.3333333333333</dst>
            <dst id="LOSAng">6155.248</dst>
            <dst id="NYCMng">178.613333333333</dst>
            <dst id="SNVAng">7658.24533333334</dst>
            <dst id="STTLng">17892.8506666667</dst>
            <dst id="WASHng">53.3333333333333</dst>
        </src>
        <src id="STTLng">
            <dst id="ATLA-M5">1983.784</dst>
            <dst id="ATLAng">17712.2533333333</dst>
            <dst id="CHINng">33516.816</dst>
            <dst id="DNVRng">17030.1653333333</dst>
            <dst id="HSTNng">16444.8373333333</dst>
            <dst id="IPLSng">40682.8986666667</dst>
            <dst id="KSCYng">20873.3733333333</dst>
            <dst id="LOSAng">43076.2266666667</dst>
            <dst id="NYCMng">12066.7973333333</dst>
            <dst id="SNVAng">2680.89866666667</dst>
            <dst id="STTLng">30766.744</dst>
            <dst id="WASHng">37650.2</dst>
        </src>
        <src id="WASHng">
            <dst id="ATLA-M5">1055.152</dst>
            <dst id="ATLAng">98388.1413333333</dst>
            <dst id="CHINng">82073.36</dst>
            <dst id="DNVRng">63876.7653333334</dst>
            <dst id="HSTNng">34169.2533333333</dst>
            <dst id="IPLSng">39466.4853333333</dst>
            <dst id="KSCYng">28883.12</dst>
            <dst id="LOSAng">80223.3013333334</dst>
            <dst id="NYCMng">149505.394666667</dst>
            <dst id="SNVAng">6552.19733333333</dst>
            <dst id="STTLng">41631.6373333333</dst>
            <dst id="WASHng">282226.053333333</dst>
        </src>
    </IntraTM>
</TrafficMatrixFile>
