<?xml version="1.0" encoding="ISO-8859-1" standalone="yes"?>
<TrafficMatrixFile xsi:noNamespaceSchemaLocation="http://totem.run.montefiore.ulg.ac.be/Schema/TrafficMatrix-v1_2.xsd" xmlns:xsi="http://www.w3.org/2001/XMLSchema-instance">
    <IntraTM ASID="11537">
        <src id="ATLA-M5">
            <dst id="ATLA-M5">26.6666666666667</dst>
            <dst id="ATLAng">428.394666666666</dst>
            <dst id="CHINng">41850.6346666667</dst>
            <dst id="DNVRng">163.306666666667</dst>
            <dst id="HSTNng">472.184</dst>
            <dst id="IPLSng">959.826666666666</dst>
            <dst id="KSCYng">641.424</dst>
            <dst id="LOSAng">270.489333333333</dst>
            <dst id="NYCMng">1742.62133333333</dst>
            <dst id="SNVAng">65.156</dst>
            <dst id="STTLng">497.501333333333</dst>
            <dst id="WASHng">41194.7226666667</dst>
        </src>
        <src id="ATLAng">
            <dst id="ATLA-M5">484.085333333333</dst>
            <dst id="ATLAng">58061.9066666667</dst>
            <dst id="CHINng">25896.3146666667</dst>
            <dst id="DNVRng">8706.39733333333</dst>
            <dst id="HSTNng">4267.98666666667</dst>
            <dst id="IPLSng">17431.1866666667</dst>
            <dst id="KSCYng">6663.36</dst>
            <dst id="LOSAng">16295.8893333333</dst>
            <dst id="NYCMng">11671.4426666667</dst>
            <dst id="SNVAng">1812.76666666667</dst>
            <dst id="STTLng">15661.936</dst>
            <dst id="WASHng">40704.392</dst>
        </src>
        <src id="CHINng">
            <dst id="ATLA-M5">1993.616</dst>
            <dst id="ATLAng">22245.376</dst>
            <dst id="CHINng">151121.096</dst>
            <dst id="DNVRng">11056.224</dst>
            <dst id="HSTNng">18751.3066666667</dst>
            <dst id="IPLSng">63983.056</dst>
            <dst id="KSCYng">15628.3226666667</dst>
            <dst id="LOSAng">50783.1813333333</dst>
            <dst id="NYCMng">13248.336</dst>
            <dst id="SNVAng">5685.15466666667</dst>
            <dst id="STTLng">23469.7946666667</dst>
            <dst id="WASHng">33711.9333333333</dst>
        </src>
        <src id="DNVRng">
            <dst id="ATLA-M5">444.506666666667</dst>
            <dst id="ATLAng">13473.1413333333</dst>
            <dst id="CHINng">29896.3573333333</dst>
            <dst id="DNVRng">11841.4346666667</dst>
            <dst id="HSTNng">13099.9306666667</dst>
            <dst id="IPLSng">8287.28266666667</dst>
            <dst id="KSCYng">25415.344</dst>
            <dst id="LOSAng">7697.56266666667</dst>
            <dst id="NYCMng">8288.82666666667</dst>
            <dst id="SNVAng">17764.2773333333</dst>
            <dst id="STTLng">55872.6</dst>
            <dst id="WASHng">19680.16</dst>
        </src>
        <src id="HSTNng">
            <dst id="ATLA-M5">1129.04533333333</dst>
            <dst id="ATLAng">4412.81333333333</dst>
            <dst id="CHINng">110635.322666667</dst>
            <dst id="DNVRng">2549.06933333333</dst>
            <dst id="HSTNng">15492.6133333333</dst>
            <dst id="IPLSng">5962.936</dst>
            <dst id="KSCYng">11558.6373333333</dst>
            <dst id="LOSAng">12893.9733333333</dst>
            <dst id="NYCMng">3805.2</dst>
            <dst id="SNVAng">281.930666666667</dst>
            <dst id="STTLng">8695.84266666667</dst>
            <dst id="WASHng">24834.784</dst>
        </src>
        <src id="IPLSng">
            <dst id="ATLA-M5">483.970666666667</dst>
            <dst id="ATLAng">9759.63733333333</dst>
            <dst id="CHINng">42594.4026666667</dst>
            <dst id="DNVRng">8583.64533333333</dst>
            <dst id="HSTNng">3073.49333333333</dst>
            <dst id="IPLSng">19928.088</dst>
            <dst id="KSCYng">9645.432</dst>
            <dst id="LOSAng">23176.0266666667</dst>
            <dst id="NYCMng">10292.2266666667</dst>
            <dst id="SNVAng">2492.57333333333</dst>
            <dst id="STTLng">29269.2613333333</dst>
            <dst id="WASHng">20955.904</dst>
        </src>
        <src id="KSCYng">
            <dst id="ATLA-M5">460.189333333333</dst>
            <dst id="ATLAng">10000.28</dst>
            <dst id="CHINng">22779.7866666667</dst>
            <dst id="DNVRng">8713.30933333333</dst>
            <dst id="HSTNng">4999.544</dst>
            <dst id="IPLSng">18001.6293333333</dst>
            <dst id="KSCYng">11942.2693333333</dst>
            <dst id="LOSAng">4954.73866666667</dst>
            <dst id="NYCMng">6849.42666666667</dst>
            <dst id="SNVAng">2523.42933333333</dst>
            <dst id="STTLng">13742.3173333333</dst>
            <dst id="WASHng">13245.3226666667</dst>
        </src>
        <src id="LOSAng">
            <dst id="ATLA-M5">386.466666666667</dst>
            <dst id="ATLAng">13587.832</dst>
            <dst id="CHINng">114687.733333333</dst>
            <dst id="DNVRng">40762.728</dst>
            <dst id="HSTNng">10972.6293333333</dst>
            <dst id="IPLSng">46486.2506666667</dst>
            <dst id="KSCYng">7368.01333333333</dst>
            <dst id="LOSAng">15970.2026666667</dst>
            <dst id="NYCMng">43061.6773333333</dst>
            <dst id="SNVAng">24255.4293333333</dst>
            <dst id="STTLng">68363.6133333333</dst>
            <dst id="WASHng">77956.4746666667</dst>
        </src>
        <src id="NYCMng">
            <dst id="ATLA-M5">1323.664</dst>
            <dst id="ATLAng">35698.7413333333</dst>
            <dst id="CHINng">48401.9573333333</dst>
            <dst id="DNVRng">22383.592</dst>
            <dst id="HSTNng">10459.8</dst>
            <dst id="IPLSng">23660.2053333333</dst>
            <dst id="KSCYng">14454.152</dst>
            <dst id="LOSAng">56338.6986666667</dst>
            <dst id="NYCMng">161448.917333333</dst>
            <dst id="SNVAng">5214.66666666667</dst>
            <dst id="STTLng">27004.2453333333</dst>
            <dst id="WASHng">87686.8773333333</dst>
        </src>
        <src id="SNVAng">
            <dst id="ATLA-M5">0</dst>
            <dst id="ATLAng">26.6666666666667</dst>
            <dst id="CHINng">53.3333333333333</dst>
            <dst id="DNVRng">2536.71733333333</dst>
            <dst id="HSTNng">80</dst>
            <dst id="IPLSng">497.461333333333</dst>
            <dst id="KSCYng">26.6666666666667</dst>
            <dst id="LOSAng">7096.576</dst>
            <dst id="NYCMng">92.08</dst>
            <dst id="SNVAng">6045.18133333333</dst>
            <dst id="STTLng">17484.5066666667</dst>
            <dst id="WASHng">106.666666666667</dst>
        </src>
        <src id="STTLng">
            <dst id="ATLA-M5">1298.72533333333</dst>
            <dst id="ATLAng">27734.328</dst>
            <dst id="CHINng">39732.288</dst>
            <dst id="DNVRng">18535.176</dst>
            <dst id="HSTNng">13679.5973333333</dst>
            <dst id="IPLSng">50520.5173333333</dst>
            <dst id="KSCYng">36444.4346666667</dst>
            <dst id="LOSAng">44737.4213333333</dst>
            <dst id="NYCMng">14796.4906666667</dst>
            <dst id="SNVAng">4721.624</dst>
            <dst id="STTLng">28628.848</dst>
            <dst id="WASHng">35542.5546666667</dst>
        </src>
        <src id="WASHng">
            <dst id="ATLA-M5">2241.25866666667</dst>
            <dst id="ATLAng">114969.384</dst>
            <dst id="CHINng">439045.653333333</dst>
            <dst id="DNVRng">66267.9386666667</dst>
            <dst id="HSTNng">28688.3733333333</dst>
            <dst id="IPLSng">65190.9173333333</dst>
            <dst id="KSCYng">27917.7973333333</dst>
            <dst id="LOSAng">88169.4</dst>
            <dst id="NYCMng">161764.008</dst>
            <dst id="SNVAng">10818.0826666667</dst>
            <dst id="STTLng">56445.0693333333</dst>
            <dst id="WASHng">711338.133333333</dst>
        </src>
    </IntraTM>
</TrafficMatrixFile>
