<?xml version="1.0" encoding="ISO-8859-1" standalone="yes"?>
<TrafficMatrixFile xsi:noNamespaceSchemaLocation="http://totem.run.montefiore.ulg.ac.be/Schema/TrafficMatrix-v1_2.xsd" xmlns:xsi="http://www.w3.org/2001/XMLSchema-instance">
    <IntraTM ASID="11537">
        <src id="ATLA-M5">
            <dst id="ATLA-M5">201.194666666667</dst>
            <dst id="ATLAng">2886.85066666667</dst>
            <dst id="CHINng">1889.568</dst>
            <dst id="DNVRng">1000.65866666667</dst>
            <dst id="HSTNng">465.648</dst>
            <dst id="IPLSng">1205.864</dst>
            <dst id="KSCYng">670.682666666667</dst>
            <dst id="LOSAng">166.977333333333</dst>
            <dst id="NYCMng">2590.69866666667</dst>
            <dst id="SNVAng">39.7293333333333</dst>
            <dst id="STTLng">722.741333333333</dst>
            <dst id="WASHng">2158.256</dst>
        </src>
        <src id="ATLAng">
            <dst id="ATLA-M5">619.378666666667</dst>
            <dst id="ATLAng">37248.752</dst>
            <dst id="CHINng">20728.7866666667</dst>
            <dst id="DNVRng">10929.8346666667</dst>
            <dst id="HSTNng">13088.7226666667</dst>
            <dst id="IPLSng">23850.5893333333</dst>
            <dst id="KSCYng">4811.192</dst>
            <dst id="LOSAng">20207.668</dst>
            <dst id="NYCMng">9723.672</dst>
            <dst id="SNVAng">2048.65466666667</dst>
            <dst id="STTLng">16428.3546666667</dst>
            <dst id="WASHng">58664.6106666667</dst>
        </src>
        <src id="CHINng">
            <dst id="ATLA-M5">4119.26666666667</dst>
            <dst id="ATLAng">32129.384</dst>
            <dst id="CHINng">89713.1813333333</dst>
            <dst id="DNVRng">22315.3066666667</dst>
            <dst id="HSTNng">21439.8346666667</dst>
            <dst id="IPLSng">64435.128</dst>
            <dst id="KSCYng">17456.2906666667</dst>
            <dst id="LOSAng">31498.632</dst>
            <dst id="NYCMng">16739.72</dst>
            <dst id="SNVAng">4828.536</dst>
            <dst id="STTLng">28645.664</dst>
            <dst id="WASHng">35222.384</dst>
        </src>
        <src id="DNVRng">
            <dst id="ATLA-M5">256.152</dst>
            <dst id="ATLAng">7008.72533333333</dst>
            <dst id="CHINng">62514.9493333333</dst>
            <dst id="DNVRng">22182.5066666667</dst>
            <dst id="HSTNng">20604.416</dst>
            <dst id="IPLSng">23527.8453333333</dst>
            <dst id="KSCYng">41200.6693333333</dst>
            <dst id="LOSAng">34045.6053333333</dst>
            <dst id="NYCMng">7401.69333333333</dst>
            <dst id="SNVAng">23729.7013333333</dst>
            <dst id="STTLng">80490.7146666667</dst>
            <dst id="WASHng">31755.3866666667</dst>
        </src>
        <src id="HSTNng">
            <dst id="ATLA-M5">2229.32266666667</dst>
            <dst id="ATLAng">5067.18933333333</dst>
            <dst id="CHINng">20533.248</dst>
            <dst id="DNVRng">5445.77333333333</dst>
            <dst id="HSTNng">17060.6853333333</dst>
            <dst id="IPLSng">6569.93333333333</dst>
            <dst id="KSCYng">17081.088</dst>
            <dst id="LOSAng">12518.664</dst>
            <dst id="NYCMng">8583.848</dst>
            <dst id="SNVAng">270.197333333333</dst>
            <dst id="STTLng">11748.3093333333</dst>
            <dst id="WASHng">19796.6133333333</dst>
        </src>
        <src id="IPLSng">
            <dst id="ATLA-M5">2956.89866666667</dst>
            <dst id="ATLAng">17104.4826666667</dst>
            <dst id="CHINng">68775.0693333333</dst>
            <dst id="DNVRng">20001.4933333333</dst>
            <dst id="HSTNng">4476.61333333333</dst>
            <dst id="IPLSng">31308.4613333333</dst>
            <dst id="KSCYng">9991.6</dst>
            <dst id="LOSAng">18381.8453333333</dst>
            <dst id="NYCMng">10264.68</dst>
            <dst id="SNVAng">4151.73333333333</dst>
            <dst id="STTLng">31222.384</dst>
            <dst id="WASHng">31240.776</dst>
        </src>
        <src id="KSCYng">
            <dst id="ATLA-M5">524.781333333333</dst>
            <dst id="ATLAng">7340.26133333333</dst>
            <dst id="CHINng">44004.848</dst>
            <dst id="DNVRng">19505.8533333333</dst>
            <dst id="HSTNng">8564.86133333333</dst>
            <dst id="IPLSng">23163.952</dst>
            <dst id="KSCYng">19385.384</dst>
            <dst id="LOSAng">5063.83466666667</dst>
            <dst id="NYCMng">6271.46133333333</dst>
            <dst id="SNVAng">3905.85066666667</dst>
            <dst id="STTLng">15945.8533333333</dst>
            <dst id="WASHng">12743.568</dst>
        </src>
        <src id="LOSAng">
            <dst id="ATLA-M5">1399.06933333333</dst>
            <dst id="ATLAng">23862.0346666667</dst>
            <dst id="CHINng">136105.501333333</dst>
            <dst id="DNVRng">44025.352</dst>
            <dst id="HSTNng">30243.112</dst>
            <dst id="IPLSng">54602.8693333333</dst>
            <dst id="KSCYng">7508.24</dst>
            <dst id="LOSAng">13140.68</dst>
            <dst id="NYCMng">53802.3893333333</dst>
            <dst id="SNVAng">23435.9973333333</dst>
            <dst id="STTLng">64139.952</dst>
            <dst id="WASHng">81213.648</dst>
        </src>
        <src id="NYCMng">
            <dst id="ATLA-M5">3631.336</dst>
            <dst id="ATLAng">33045.488</dst>
            <dst id="CHINng">34903.928</dst>
            <dst id="DNVRng">36076.9333333333</dst>
            <dst id="HSTNng">16346</dst>
            <dst id="IPLSng">34286.6266666667</dst>
            <dst id="KSCYng">17350.8266666667</dst>
            <dst id="LOSAng">79903.7733333333</dst>
            <dst id="NYCMng">107281.813333333</dst>
            <dst id="SNVAng">9144.984</dst>
            <dst id="STTLng">31346.32</dst>
            <dst id="WASHng">159458.773333333</dst>
        </src>
        <src id="SNVAng">
            <dst id="ATLA-M5">337.632</dst>
            <dst id="ATLAng">110.52</dst>
            <dst id="CHINng">157.096</dst>
            <dst id="DNVRng">9303.76266666667</dst>
            <dst id="HSTNng">106.666666666667</dst>
            <dst id="IPLSng">585.944</dst>
            <dst id="KSCYng">0</dst>
            <dst id="LOSAng">8965.34133333333</dst>
            <dst id="NYCMng">86.3013333333333</dst>
            <dst id="SNVAng">11493.3146666667</dst>
            <dst id="STTLng">17865.7013333333</dst>
            <dst id="WASHng">133.333333333333</dst>
        </src>
        <src id="STTLng">
            <dst id="ATLA-M5">2330.47733333333</dst>
            <dst id="ATLAng">50626.4373333333</dst>
            <dst id="CHINng">66303.0586666667</dst>
            <dst id="DNVRng">59774.9733333333</dst>
            <dst id="HSTNng">42416.2213333333</dst>
            <dst id="IPLSng">50589.2426666667</dst>
            <dst id="KSCYng">45069.9306666667</dst>
            <dst id="LOSAng">20247.4613333333</dst>
            <dst id="NYCMng">22068.448</dst>
            <dst id="SNVAng">14726.3466666667</dst>
            <dst id="STTLng">57620.9866666667</dst>
            <dst id="WASHng">57849.7253333333</dst>
        </src>
        <src id="WASHng">
            <dst id="ATLA-M5">8746.568</dst>
            <dst id="ATLAng">174785.202666667</dst>
            <dst id="CHINng">116968.152</dst>
            <dst id="DNVRng">97713.6373333333</dst>
            <dst id="HSTNng">31815.5733333333</dst>
            <dst id="IPLSng">95314.5226666667</dst>
            <dst id="KSCYng">48122.136</dst>
            <dst id="LOSAng">97705.704</dst>
            <dst id="NYCMng">183650.810666667</dst>
            <dst id="SNVAng">13171.0053333333</dst>
            <dst id="STTLng">66354.4373333333</dst>
            <dst id="WASHng">318684.64</dst>
        </src>
    </IntraTM>
</TrafficMatrixFile>
