<?xml version="1.0" encoding="ISO-8859-1" standalone="yes"?>
<TrafficMatrixFile xsi:noNamespaceSchemaLocation="http://totem.run.montefiore.ulg.ac.be/Schema/TrafficMatrix-v1_2.xsd" xmlns:xsi="http://www.w3.org/2001/XMLSchema-instance">
    <IntraTM ASID="11537">
        <src id="ATLA-M5">
            <dst id="ATLA-M5">0</dst>
            <dst id="ATLAng">282.512</dst>
            <dst id="CHINng">835.528</dst>
            <dst id="DNVRng">861.768</dst>
            <dst id="HSTNng">142.533333333333</dst>
            <dst id="IPLSng">725.066666666666</dst>
            <dst id="KSCYng">121.381333333333</dst>
            <dst id="LOSAng">149.46</dst>
            <dst id="NYCMng">26.6666666666667</dst>
            <dst id="SNVAng">711.636</dst>
            <dst id="STTLng">241.309333333333</dst>
            <dst id="WASHng">1187.744</dst>
        </src>
        <src id="ATLAng">
            <dst id="ATLA-M5">937.106666666667</dst>
            <dst id="ATLAng">38699.3626666667</dst>
            <dst id="CHINng">10351.3466666667</dst>
            <dst id="DNVRng">3482.61866666667</dst>
            <dst id="HSTNng">1696.32</dst>
            <dst id="IPLSng">27789.4933333333</dst>
            <dst id="KSCYng">3484.76533333333</dst>
            <dst id="LOSAng">22116.1733333333</dst>
            <dst id="NYCMng">11435.0693333333</dst>
            <dst id="SNVAng">417.32</dst>
            <dst id="STTLng">12048.0826666667</dst>
            <dst id="WASHng">51247.4506666667</dst>
        </src>
        <src id="CHINng">
            <dst id="ATLA-M5">621.517333333333</dst>
            <dst id="ATLAng">18311.096</dst>
            <dst id="CHINng">86063.2746666667</dst>
            <dst id="DNVRng">10708.4293333333</dst>
            <dst id="HSTNng">11907.7493333333</dst>
            <dst id="IPLSng">46858.6373333333</dst>
            <dst id="KSCYng">10846.5893333333</dst>
            <dst id="LOSAng">50685.256</dst>
            <dst id="NYCMng">12828.36</dst>
            <dst id="SNVAng">4878.064</dst>
            <dst id="STTLng">11605.0133333333</dst>
            <dst id="WASHng">28039.7973333333</dst>
        </src>
        <src id="DNVRng">
            <dst id="ATLA-M5">199.093333333333</dst>
            <dst id="ATLAng">2637.55466666667</dst>
            <dst id="CHINng">93387.528</dst>
            <dst id="DNVRng">14317.872</dst>
            <dst id="HSTNng">12656.5653333333</dst>
            <dst id="IPLSng">20462.5573333333</dst>
            <dst id="KSCYng">16540.384</dst>
            <dst id="LOSAng">8576.272</dst>
            <dst id="NYCMng">9241.712</dst>
            <dst id="SNVAng">11226.9146666667</dst>
            <dst id="STTLng">20758.6506666667</dst>
            <dst id="WASHng">26595.7973333333</dst>
        </src>
        <src id="HSTNng">
            <dst id="ATLA-M5">2129.90933333333</dst>
            <dst id="ATLAng">3480.22666666667</dst>
            <dst id="CHINng">25246.6266666667</dst>
            <dst id="DNVRng">1187.968</dst>
            <dst id="HSTNng">22614.8586666667</dst>
            <dst id="IPLSng">2274.688</dst>
            <dst id="KSCYng">7386.97866666667</dst>
            <dst id="LOSAng">5058.77066666667</dst>
            <dst id="NYCMng">1807.64533333333</dst>
            <dst id="SNVAng">147.408</dst>
            <dst id="STTLng">3156.42933333333</dst>
            <dst id="WASHng">4613.69866666667</dst>
        </src>
        <src id="IPLSng">
            <dst id="ATLA-M5">491.016</dst>
            <dst id="ATLAng">14001.8133333333</dst>
            <dst id="CHINng">65270.104</dst>
            <dst id="DNVRng">10754.72</dst>
            <dst id="HSTNng">982.757333333333</dst>
            <dst id="IPLSng">12267.088</dst>
            <dst id="KSCYng">11362.1493333333</dst>
            <dst id="LOSAng">15657.1786666667</dst>
            <dst id="NYCMng">4451.056</dst>
            <dst id="SNVAng">411.853333333333</dst>
            <dst id="STTLng">19376.0906666667</dst>
            <dst id="WASHng">18474.9146666667</dst>
        </src>
        <src id="KSCYng">
            <dst id="ATLA-M5">26.6666666666667</dst>
            <dst id="ATLAng">3629.32533333333</dst>
            <dst id="CHINng">36078.7946666667</dst>
            <dst id="DNVRng">6690.66933333334</dst>
            <dst id="HSTNng">3741.088</dst>
            <dst id="IPLSng">19369.08</dst>
            <dst id="KSCYng">17461.64</dst>
            <dst id="LOSAng">8514.392</dst>
            <dst id="NYCMng">4182.13066666667</dst>
            <dst id="SNVAng">3192.78666666667</dst>
            <dst id="STTLng">5707.03733333333</dst>
            <dst id="WASHng">11467.5866666667</dst>
        </src>
        <src id="LOSAng">
            <dst id="ATLA-M5">222.501333333333</dst>
            <dst id="ATLAng">13136.936</dst>
            <dst id="CHINng">6563114.4</dst>
            <dst id="DNVRng">20374.184</dst>
            <dst id="HSTNng">3791.01333333333</dst>
            <dst id="IPLSng">14353.8293333333</dst>
            <dst id="KSCYng">5883.58133333333</dst>
            <dst id="LOSAng">14256.2373333333</dst>
            <dst id="NYCMng">45274.0773333333</dst>
            <dst id="SNVAng">33320.792</dst>
            <dst id="STTLng">65309.9466666667</dst>
            <dst id="WASHng">43090.8346666667</dst>
        </src>
        <src id="NYCMng">
            <dst id="ATLA-M5">1045.952</dst>
            <dst id="ATLAng">19279.8853333333</dst>
            <dst id="CHINng">29562</dst>
            <dst id="DNVRng">18494.016</dst>
            <dst id="HSTNng">8722.544</dst>
            <dst id="IPLSng">13766.9226666667</dst>
            <dst id="KSCYng">6497.816</dst>
            <dst id="LOSAng">53502.6826666667</dst>
            <dst id="NYCMng">124753.418666667</dst>
            <dst id="SNVAng">1337.536</dst>
            <dst id="STTLng">24171.3786666667</dst>
            <dst id="WASHng">44734.0986666667</dst>
        </src>
        <src id="SNVAng">
            <dst id="ATLA-M5">0</dst>
            <dst id="ATLAng">307.021333333333</dst>
            <dst id="CHINng">53.3333333333333</dst>
            <dst id="DNVRng">2762.31466666667</dst>
            <dst id="HSTNng">0</dst>
            <dst id="IPLSng">301.48</dst>
            <dst id="KSCYng">0</dst>
            <dst id="LOSAng">8689.32533333333</dst>
            <dst id="NYCMng">26.6666666666667</dst>
            <dst id="SNVAng">10486.4666666667</dst>
            <dst id="STTLng">19383.776</dst>
            <dst id="WASHng">0</dst>
        </src>
        <src id="STTLng">
            <dst id="ATLA-M5">299.597333333333</dst>
            <dst id="ATLAng">13339.272</dst>
            <dst id="CHINng">32481.2986666667</dst>
            <dst id="DNVRng">4842.10133333333</dst>
            <dst id="HSTNng">3271.61066666667</dst>
            <dst id="IPLSng">11469.576</dst>
            <dst id="KSCYng">4519.39466666667</dst>
            <dst id="LOSAng">41159.968</dst>
            <dst id="NYCMng">10477.0613333333</dst>
            <dst id="SNVAng">1994.44</dst>
            <dst id="STTLng">20787.9466666667</dst>
            <dst id="WASHng">7927.41333333333</dst>
        </src>
        <src id="WASHng">
            <dst id="ATLA-M5">910.418666666667</dst>
            <dst id="ATLAng">81479.6666666667</dst>
            <dst id="CHINng">78922.52</dst>
            <dst id="DNVRng">67465.2</dst>
            <dst id="HSTNng">34822.376</dst>
            <dst id="IPLSng">46346.3946666667</dst>
            <dst id="KSCYng">26075.4906666667</dst>
            <dst id="LOSAng">79502.72</dst>
            <dst id="NYCMng">117447.912</dst>
            <dst id="SNVAng">4306.61066666667</dst>
            <dst id="STTLng">41021.3866666667</dst>
            <dst id="WASHng">259881.872</dst>
        </src>
    </IntraTM>
</TrafficMatrixFile>
