<?xml version="1.0" encoding="ISO-8859-1" standalone="yes"?>
<TrafficMatrixFile xsi:noNamespaceSchemaLocation="http://totem.run.montefiore.ulg.ac.be/Schema/TrafficMatrix-v1_2.xsd" xmlns:xsi="http://www.w3.org/2001/XMLSchema-instance">
    <IntraTM ASID="11537">
        <src id="ATLA-M5">
            <dst id="ATLA-M5">179.832</dst>
            <dst id="ATLAng">1327.832</dst>
            <dst id="CHINng">1551.31466666667</dst>
            <dst id="DNVRng">0</dst>
            <dst id="HSTNng">303.792</dst>
            <dst id="IPLSng">1298.69866666667</dst>
            <dst id="KSCYng">179.666666666667</dst>
            <dst id="LOSAng">62.88</dst>
            <dst id="NYCMng">199.250666666667</dst>
            <dst id="SNVAng">278.954666666667</dst>
            <dst id="STTLng">1206.47466666667</dst>
            <dst id="WASHng">5439.256</dst>
        </src>
        <src id="ATLAng">
            <dst id="ATLA-M5">2342.89066666667</dst>
            <dst id="ATLAng">42506.6613333333</dst>
            <dst id="CHINng">27938.744</dst>
            <dst id="DNVRng">5463.55733333333</dst>
            <dst id="HSTNng">21485.5893333333</dst>
            <dst id="IPLSng">21165.528</dst>
            <dst id="KSCYng">4688.50133333333</dst>
            <dst id="LOSAng">18964.12</dst>
            <dst id="NYCMng">24832.2986666667</dst>
            <dst id="SNVAng">1127.24</dst>
            <dst id="STTLng">21922.64</dst>
            <dst id="WASHng">64424.6213333333</dst>
        </src>
        <src id="CHINng">
            <dst id="ATLA-M5">1012.57333333333</dst>
            <dst id="ATLAng">132817.301333333</dst>
            <dst id="CHINng">144397.552</dst>
            <dst id="DNVRng">38994.7706666667</dst>
            <dst id="HSTNng">17301.1973333333</dst>
            <dst id="IPLSng">102747.938666667</dst>
            <dst id="KSCYng">18488.224</dst>
            <dst id="LOSAng">39172.0693333333</dst>
            <dst id="NYCMng">42149.096</dst>
            <dst id="SNVAng">6626.544</dst>
            <dst id="STTLng">40304.6826666667</dst>
            <dst id="WASHng">30291.1173333333</dst>
        </src>
        <src id="DNVRng">
            <dst id="ATLA-M5">267.477333333333</dst>
            <dst id="ATLAng">13610.056</dst>
            <dst id="CHINng">92857.3226666667</dst>
            <dst id="DNVRng">16200.6026666667</dst>
            <dst id="HSTNng">19901.784</dst>
            <dst id="IPLSng">18270.7013333333</dst>
            <dst id="KSCYng">24816.1733333333</dst>
            <dst id="LOSAng">29819.712</dst>
            <dst id="NYCMng">8691.248</dst>
            <dst id="SNVAng">16972.016</dst>
            <dst id="STTLng">42023.8613333333</dst>
            <dst id="WASHng">24327.9866666667</dst>
        </src>
        <src id="HSTNng">
            <dst id="ATLA-M5">2060.69333333333</dst>
            <dst id="ATLAng">5269.312</dst>
            <dst id="CHINng">27085.7066666667</dst>
            <dst id="DNVRng">3254.888</dst>
            <dst id="HSTNng">18750.56</dst>
            <dst id="IPLSng">8124.936</dst>
            <dst id="KSCYng">6126.65333333333</dst>
            <dst id="LOSAng">3335.488</dst>
            <dst id="NYCMng">4535.656</dst>
            <dst id="SNVAng">465.269333333333</dst>
            <dst id="STTLng">14316.6906666667</dst>
            <dst id="WASHng">15847.2853333333</dst>
        </src>
        <src id="IPLSng">
            <dst id="ATLA-M5">458.168</dst>
            <dst id="ATLAng">19414.6453333333</dst>
            <dst id="CHINng">76989.5226666667</dst>
            <dst id="DNVRng">22155.312</dst>
            <dst id="HSTNng">9424.81066666667</dst>
            <dst id="IPLSng">26168.4773333333</dst>
            <dst id="KSCYng">17924.9306666667</dst>
            <dst id="LOSAng">24064.9386666667</dst>
            <dst id="NYCMng">21506.88</dst>
            <dst id="SNVAng">3457.82933333333</dst>
            <dst id="STTLng">27807.3066666667</dst>
            <dst id="WASHng">26789.848</dst>
        </src>
        <src id="KSCYng">
            <dst id="ATLA-M5">521.613333333333</dst>
            <dst id="ATLAng">6615.24266666667</dst>
            <dst id="CHINng">33909.4826666667</dst>
            <dst id="DNVRng">8310.93866666667</dst>
            <dst id="HSTNng">4623.176</dst>
            <dst id="IPLSng">27210.68</dst>
            <dst id="KSCYng">9471.38666666667</dst>
            <dst id="LOSAng">4362.18666666667</dst>
            <dst id="NYCMng">6113.47733333333</dst>
            <dst id="SNVAng">2673.584</dst>
            <dst id="STTLng">17627.0746666667</dst>
            <dst id="WASHng">12534.8826666667</dst>
        </src>
        <src id="LOSAng">
            <dst id="ATLA-M5">474.114666666667</dst>
            <dst id="ATLAng">18145.424</dst>
            <dst id="CHINng">127611.397333333</dst>
            <dst id="DNVRng">14931.0773333333</dst>
            <dst id="HSTNng">21573.896</dst>
            <dst id="IPLSng">29210.8826666667</dst>
            <dst id="KSCYng">23305.632</dst>
            <dst id="LOSAng">9871.952</dst>
            <dst id="NYCMng">39507.6453333333</dst>
            <dst id="SNVAng">19503.5226666667</dst>
            <dst id="STTLng">66984.8746666667</dst>
            <dst id="WASHng">59789.112</dst>
        </src>
        <src id="NYCMng">
            <dst id="ATLA-M5">1519.50133333333</dst>
            <dst id="ATLAng">51405.7146666667</dst>
            <dst id="CHINng">43164.8933333333</dst>
            <dst id="DNVRng">23555.1626666667</dst>
            <dst id="HSTNng">24559.824</dst>
            <dst id="IPLSng">53988.7173333333</dst>
            <dst id="KSCYng">25506.1253333333</dst>
            <dst id="LOSAng">52628.848</dst>
            <dst id="NYCMng">197842.813333333</dst>
            <dst id="SNVAng">4220.28533333333</dst>
            <dst id="STTLng">24808.96</dst>
            <dst id="WASHng">90999.5013333333</dst>
        </src>
        <src id="SNVAng">
            <dst id="ATLA-M5">0</dst>
            <dst id="ATLAng">0</dst>
            <dst id="CHINng">281.242666666667</dst>
            <dst id="DNVRng">11098.36</dst>
            <dst id="HSTNng">119.602666666667</dst>
            <dst id="IPLSng">598.408</dst>
            <dst id="KSCYng">104.413333333333</dst>
            <dst id="LOSAng">7212.74666666667</dst>
            <dst id="NYCMng">93.024</dst>
            <dst id="SNVAng">10211.328</dst>
            <dst id="STTLng">18201.9013333333</dst>
            <dst id="WASHng">263.696</dst>
        </src>
        <src id="STTLng">
            <dst id="ATLA-M5">4573.832</dst>
            <dst id="ATLAng">84926.592</dst>
            <dst id="CHINng">122992.664</dst>
            <dst id="DNVRng">40301.7066666667</dst>
            <dst id="HSTNng">52046.7013333333</dst>
            <dst id="IPLSng">105025.544</dst>
            <dst id="KSCYng">72357.112</dst>
            <dst id="LOSAng">23674.7573333333</dst>
            <dst id="NYCMng">30636.3386666667</dst>
            <dst id="SNVAng">8587.824</dst>
            <dst id="STTLng">37521.288</dst>
            <dst id="WASHng">109912.666666667</dst>
        </src>
        <src id="WASHng">
            <dst id="ATLA-M5">6874.65066666667</dst>
            <dst id="ATLAng">111554.733333333</dst>
            <dst id="CHINng">132860.584</dst>
            <dst id="DNVRng">69448.0426666667</dst>
            <dst id="HSTNng">31337.4133333333</dst>
            <dst id="IPLSng">80228.104</dst>
            <dst id="KSCYng">20177.8053333333</dst>
            <dst id="LOSAng">83841.0373333333</dst>
            <dst id="NYCMng">253527.757333333</dst>
            <dst id="SNVAng">8614.12266666666</dst>
            <dst id="STTLng">62176.7573333333</dst>
            <dst id="WASHng">313414.106666667</dst>
        </src>
    </IntraTM>
</TrafficMatrixFile>
