<?xml version="1.0" encoding="ISO-8859-1" standalone="yes"?>
<TrafficMatrixFile xsi:noNamespaceSchemaLocation="http://totem.run.montefiore.ulg.ac.be/Schema/TrafficMatrix-v1_2.xsd" xmlns:xsi="http://www.w3.org/2001/XMLSchema-instance">
    <IntraTM ASID="11537">
        <src id="ATLA-M5">
            <dst id="ATLA-M5">0</dst>
            <dst id="ATLAng">236.242666666667</dst>
            <dst id="CHINng">840.058666666667</dst>
            <dst id="DNVRng">26.6666666666667</dst>
            <dst id="HSTNng">65.216</dst>
            <dst id="IPLSng">332.058666666667</dst>
            <dst id="KSCYng">178.602666666667</dst>
            <dst id="LOSAng">40</dst>
            <dst id="NYCMng">1325.496</dst>
            <dst id="SNVAng">13.3333333333333</dst>
            <dst id="STTLng">297.613333333333</dst>
            <dst id="WASHng">2004.41866666667</dst>
        </src>
        <src id="ATLAng">
            <dst id="ATLA-M5">394.722666666667</dst>
            <dst id="ATLAng">31748.9706666667</dst>
            <dst id="CHINng">9494.17066666667</dst>
            <dst id="DNVRng">4072.39733333333</dst>
            <dst id="HSTNng">1416.57866666667</dst>
            <dst id="IPLSng">15398.008</dst>
            <dst id="KSCYng">2246.16533333333</dst>
            <dst id="LOSAng">22595.6653333333</dst>
            <dst id="NYCMng">6454.16</dst>
            <dst id="SNVAng">449.148</dst>
            <dst id="STTLng">8441.51466666667</dst>
            <dst id="WASHng">37236.6613333333</dst>
        </src>
        <src id="CHINng">
            <dst id="ATLA-M5">485.197333333333</dst>
            <dst id="ATLAng">13365.104</dst>
            <dst id="CHINng">117188.957333333</dst>
            <dst id="DNVRng">5952.66666666667</dst>
            <dst id="HSTNng">6642.17333333333</dst>
            <dst id="IPLSng">28939.6986666667</dst>
            <dst id="KSCYng">11279.9093333333</dst>
            <dst id="LOSAng">25010.7013333333</dst>
            <dst id="NYCMng">9850.912</dst>
            <dst id="SNVAng">2714.824</dst>
            <dst id="STTLng">13230.16</dst>
            <dst id="WASHng">11396.8213333333</dst>
        </src>
        <src id="DNVRng">
            <dst id="ATLA-M5">181.333333333333</dst>
            <dst id="ATLAng">3456.75733333333</dst>
            <dst id="CHINng">30426.6853333333</dst>
            <dst id="DNVRng">9960.16533333333</dst>
            <dst id="HSTNng">14670.1973333333</dst>
            <dst id="IPLSng">7537.90933333333</dst>
            <dst id="KSCYng">12934.184</dst>
            <dst id="LOSAng">5581.45066666667</dst>
            <dst id="NYCMng">5773.57333333333</dst>
            <dst id="SNVAng">5917.94933333333</dst>
            <dst id="STTLng">9501.77866666667</dst>
            <dst id="WASHng">24571.824</dst>
        </src>
        <src id="HSTNng">
            <dst id="ATLA-M5">3055.456</dst>
            <dst id="ATLAng">1688.20533333333</dst>
            <dst id="CHINng">16417.6773333333</dst>
            <dst id="DNVRng">898.941333333333</dst>
            <dst id="HSTNng">12028.3306666667</dst>
            <dst id="IPLSng">2858.4</dst>
            <dst id="KSCYng">10718.52</dst>
            <dst id="LOSAng">2348.18666666667</dst>
            <dst id="NYCMng">3726.52533333333</dst>
            <dst id="SNVAng">0</dst>
            <dst id="STTLng">5116.54133333333</dst>
            <dst id="WASHng">7007.296</dst>
        </src>
        <src id="IPLSng">
            <dst id="ATLA-M5">169.333333333333</dst>
            <dst id="ATLAng">5337.89066666667</dst>
            <dst id="CHINng">55066.112</dst>
            <dst id="DNVRng">7228.14133333333</dst>
            <dst id="HSTNng">1093.87733333333</dst>
            <dst id="IPLSng">3648.01066666667</dst>
            <dst id="KSCYng">6457.84266666667</dst>
            <dst id="LOSAng">12357.9813333333</dst>
            <dst id="NYCMng">8110.61866666667</dst>
            <dst id="SNVAng">864.597333333333</dst>
            <dst id="STTLng">15961.2373333333</dst>
            <dst id="WASHng">18383.552</dst>
        </src>
        <src id="KSCYng">
            <dst id="ATLA-M5">269.629333333333</dst>
            <dst id="ATLAng">4922.65333333333</dst>
            <dst id="CHINng">28184.2613333333</dst>
            <dst id="DNVRng">8390.83733333333</dst>
            <dst id="HSTNng">3635.03466666667</dst>
            <dst id="IPLSng">13288.3706666667</dst>
            <dst id="KSCYng">7876.53333333333</dst>
            <dst id="LOSAng">3669.816</dst>
            <dst id="NYCMng">3192.312</dst>
            <dst id="SNVAng">1818.216</dst>
            <dst id="STTLng">11661.9066666667</dst>
            <dst id="WASHng">15237.5253333333</dst>
        </src>
        <src id="LOSAng">
            <dst id="ATLA-M5">0</dst>
            <dst id="ATLAng">7392.76533333333</dst>
            <dst id="CHINng">85709.8186666667</dst>
            <dst id="DNVRng">6171.06666666667</dst>
            <dst id="HSTNng">1858.98666666667</dst>
            <dst id="IPLSng">9231.86666666667</dst>
            <dst id="KSCYng">2268.264</dst>
            <dst id="LOSAng">11959.944</dst>
            <dst id="NYCMng">26338.1093333333</dst>
            <dst id="SNVAng">24832.1253333333</dst>
            <dst id="STTLng">43910.1626666667</dst>
            <dst id="WASHng">77042.496</dst>
        </src>
        <src id="NYCMng">
            <dst id="ATLA-M5">652.986666666667</dst>
            <dst id="ATLAng">20056.384</dst>
            <dst id="CHINng">26293.528</dst>
            <dst id="DNVRng">17967.6933333333</dst>
            <dst id="HSTNng">7404.09066666667</dst>
            <dst id="IPLSng">27631.1226666667</dst>
            <dst id="KSCYng">8805.45333333333</dst>
            <dst id="LOSAng">38280.9013333333</dst>
            <dst id="NYCMng">79769.976</dst>
            <dst id="SNVAng">537.946666666667</dst>
            <dst id="STTLng">13705.7306666667</dst>
            <dst id="WASHng">37662.3626666667</dst>
        </src>
        <src id="SNVAng">
            <dst id="ATLA-M5">0</dst>
            <dst id="ATLAng">53.3333333333333</dst>
            <dst id="CHINng">53.3333333333333</dst>
            <dst id="DNVRng">2462.22666666667</dst>
            <dst id="HSTNng">31.68</dst>
            <dst id="IPLSng">292.008</dst>
            <dst id="KSCYng">0</dst>
            <dst id="LOSAng">4406.264</dst>
            <dst id="NYCMng">196.597333333333</dst>
            <dst id="SNVAng">6758.864</dst>
            <dst id="STTLng">16835.016</dst>
            <dst id="WASHng">80</dst>
        </src>
        <src id="STTLng">
            <dst id="ATLA-M5">1053.392</dst>
            <dst id="ATLAng">12765.5173333333</dst>
            <dst id="CHINng">31888.5813333333</dst>
            <dst id="DNVRng">1790.28</dst>
            <dst id="HSTNng">2309.088</dst>
            <dst id="IPLSng">11269.7573333333</dst>
            <dst id="KSCYng">3750.74933333333</dst>
            <dst id="LOSAng">24065.992</dst>
            <dst id="NYCMng">13979.4426666667</dst>
            <dst id="SNVAng">1172.26133333333</dst>
            <dst id="STTLng">15859.7973333333</dst>
            <dst id="WASHng">16399.2666666667</dst>
        </src>
        <src id="WASHng">
            <dst id="ATLA-M5">378.722666666667</dst>
            <dst id="ATLAng">116590.949333333</dst>
            <dst id="CHINng">61479.0693333334</dst>
            <dst id="DNVRng">52104.824</dst>
            <dst id="HSTNng">26137.4853333333</dst>
            <dst id="IPLSng">39087.208</dst>
            <dst id="KSCYng">9226.63733333334</dst>
            <dst id="LOSAng">77692.1946666667</dst>
            <dst id="NYCMng">116178.549333333</dst>
            <dst id="SNVAng">5654.192</dst>
            <dst id="STTLng">31420.8586666667</dst>
            <dst id="WASHng">276489.68</dst>
        </src>
    </IntraTM>
</TrafficMatrixFile>
