<?xml version="1.0" encoding="ISO-8859-1" standalone="yes"?>
<TrafficMatrixFile xsi:noNamespaceSchemaLocation="http://totem.run.montefiore.ulg.ac.be/Schema/TrafficMatrix-v1_2.xsd" xmlns:xsi="http://www.w3.org/2001/XMLSchema-instance">
    <IntraTM ASID="11537">
        <src id="ATLA-M5">
            <dst id="ATLA-M5">0</dst>
            <dst id="ATLAng">551.082666666667</dst>
            <dst id="CHINng">942.056</dst>
            <dst id="DNVRng">68.72</dst>
            <dst id="HSTNng">109</dst>
            <dst id="IPLSng">456.274666666667</dst>
            <dst id="KSCYng">88.0453333333333</dst>
            <dst id="LOSAng">136.624</dst>
            <dst id="NYCMng">106.666666666667</dst>
            <dst id="SNVAng">0</dst>
            <dst id="STTLng">276.234666666667</dst>
            <dst id="WASHng">948.749333333333</dst>
        </src>
        <src id="ATLAng">
            <dst id="ATLA-M5">199.581333333333</dst>
            <dst id="ATLAng">35541.8453333333</dst>
            <dst id="CHINng">10438.7626666667</dst>
            <dst id="DNVRng">4229.44533333333</dst>
            <dst id="HSTNng">7133.10133333333</dst>
            <dst id="IPLSng">15312.1813333333</dst>
            <dst id="KSCYng">1996.29066666667</dst>
            <dst id="LOSAng">16133.744</dst>
            <dst id="NYCMng">9259.39733333333</dst>
            <dst id="SNVAng">395.834666666667</dst>
            <dst id="STTLng">8388.2</dst>
            <dst id="WASHng">59999.312</dst>
        </src>
        <src id="CHINng">
            <dst id="ATLA-M5">633.026666666667</dst>
            <dst id="ATLAng">16577.3013333333</dst>
            <dst id="CHINng">91569.8853333333</dst>
            <dst id="DNVRng">12969.6773333333</dst>
            <dst id="HSTNng">7353.976</dst>
            <dst id="IPLSng">37235.0906666667</dst>
            <dst id="KSCYng">14231.8426666667</dst>
            <dst id="LOSAng">32414.7093333333</dst>
            <dst id="NYCMng">15081.2906666667</dst>
            <dst id="SNVAng">4339.61066666667</dst>
            <dst id="STTLng">15702.2293333333</dst>
            <dst id="WASHng">12980.6373333333</dst>
        </src>
        <src id="DNVRng">
            <dst id="ATLA-M5">126.88</dst>
            <dst id="ATLAng">3408.52</dst>
            <dst id="CHINng">49711.752</dst>
            <dst id="DNVRng">14655.5413333333</dst>
            <dst id="HSTNng">14911.8613333333</dst>
            <dst id="IPLSng">9328.65866666667</dst>
            <dst id="KSCYng">20484.7146666667</dst>
            <dst id="LOSAng">9496.23733333333</dst>
            <dst id="NYCMng">4436.544</dst>
            <dst id="SNVAng">12351.2853333333</dst>
            <dst id="STTLng">17313.4693333333</dst>
            <dst id="WASHng">19506.3173333333</dst>
        </src>
        <src id="HSTNng">
            <dst id="ATLA-M5">3523.016</dst>
            <dst id="ATLAng">2957.35733333333</dst>
            <dst id="CHINng">19107.4746666667</dst>
            <dst id="DNVRng">860.589333333333</dst>
            <dst id="HSTNng">14572.0506666667</dst>
            <dst id="IPLSng">1448.14933333333</dst>
            <dst id="KSCYng">8300.39466666667</dst>
            <dst id="LOSAng">3248.45333333333</dst>
            <dst id="NYCMng">2286.49066666667</dst>
            <dst id="SNVAng">189.205333333333</dst>
            <dst id="STTLng">3061.696</dst>
            <dst id="WASHng">3504.15466666667</dst>
        </src>
        <src id="IPLSng">
            <dst id="ATLA-M5">462.213333333333</dst>
            <dst id="ATLAng">5154.00533333333</dst>
            <dst id="CHINng">59362.0186666667</dst>
            <dst id="DNVRng">7792.008</dst>
            <dst id="HSTNng">903.328</dst>
            <dst id="IPLSng">30588.0773333333</dst>
            <dst id="KSCYng">7469.72533333333</dst>
            <dst id="LOSAng">12285.5893333333</dst>
            <dst id="NYCMng">4904.30933333333</dst>
            <dst id="SNVAng">944.666666666667</dst>
            <dst id="STTLng">22018.9466666667</dst>
            <dst id="WASHng">13327.36</dst>
        </src>
        <src id="KSCYng">
            <dst id="ATLA-M5">81.5466666666667</dst>
            <dst id="ATLAng">5557.10666666667</dst>
            <dst id="CHINng">34182.7333333333</dst>
            <dst id="DNVRng">8144.58133333333</dst>
            <dst id="HSTNng">3143.49066666667</dst>
            <dst id="IPLSng">15378.1813333333</dst>
            <dst id="KSCYng">13929.2986666667</dst>
            <dst id="LOSAng">4163.72</dst>
            <dst id="NYCMng">5180.25066666667</dst>
            <dst id="SNVAng">3510.27466666667</dst>
            <dst id="STTLng">5682.312</dst>
            <dst id="WASHng">10074.92</dst>
        </src>
        <src id="LOSAng">
            <dst id="ATLA-M5">214.584</dst>
            <dst id="ATLAng">6439.408</dst>
            <dst id="CHINng">6517115.2</dst>
            <dst id="DNVRng">6839.33866666667</dst>
            <dst id="HSTNng">4604.14666666667</dst>
            <dst id="IPLSng">17761.512</dst>
            <dst id="KSCYng">5006.136</dst>
            <dst id="LOSAng">18316.3013333333</dst>
            <dst id="NYCMng">53107.0666666667</dst>
            <dst id="SNVAng">17087.464</dst>
            <dst id="STTLng">48626.896</dst>
            <dst id="WASHng">40860.9066666667</dst>
        </src>
        <src id="NYCMng">
            <dst id="ATLA-M5">928.805333333333</dst>
            <dst id="ATLAng">37557</dst>
            <dst id="CHINng">29763</dst>
            <dst id="DNVRng">12228.5093333333</dst>
            <dst id="HSTNng">5519.47733333333</dst>
            <dst id="IPLSng">16897.624</dst>
            <dst id="KSCYng">3930.76533333333</dst>
            <dst id="LOSAng">52046.0613333333</dst>
            <dst id="NYCMng">98751.28</dst>
            <dst id="SNVAng">745.762666666667</dst>
            <dst id="STTLng">22449.4586666667</dst>
            <dst id="WASHng">42684.0666666667</dst>
        </src>
        <src id="SNVAng">
            <dst id="ATLA-M5">0</dst>
            <dst id="ATLAng">270.682666666667</dst>
            <dst id="CHINng">108.389333333333</dst>
            <dst id="DNVRng">457.36</dst>
            <dst id="HSTNng">26.6666666666667</dst>
            <dst id="IPLSng">357.48</dst>
            <dst id="KSCYng">114.272</dst>
            <dst id="LOSAng">6727.104</dst>
            <dst id="NYCMng">0</dst>
            <dst id="SNVAng">8770.4</dst>
            <dst id="STTLng">17769.752</dst>
            <dst id="WASHng">81.7706666666667</dst>
        </src>
        <src id="STTLng">
            <dst id="ATLA-M5">315.042666666667</dst>
            <dst id="ATLAng">11510.6133333333</dst>
            <dst id="CHINng">44047.4613333333</dst>
            <dst id="DNVRng">2484.60533333333</dst>
            <dst id="HSTNng">2524.552</dst>
            <dst id="IPLSng">8271.88533333333</dst>
            <dst id="KSCYng">4101.50133333333</dst>
            <dst id="LOSAng">33996.3066666667</dst>
            <dst id="NYCMng">10119.8533333333</dst>
            <dst id="SNVAng">1353.11733333333</dst>
            <dst id="STTLng">18563.568</dst>
            <dst id="WASHng">7603.53333333333</dst>
        </src>
        <src id="WASHng">
            <dst id="ATLA-M5">976.986666666667</dst>
            <dst id="ATLAng">128591.109333333</dst>
            <dst id="CHINng">81816.1093333334</dst>
            <dst id="DNVRng">71933.2186666667</dst>
            <dst id="HSTNng">28841.336</dst>
            <dst id="IPLSng">33085.9066666667</dst>
            <dst id="KSCYng">32751.328</dst>
            <dst id="LOSAng">57375.0826666667</dst>
            <dst id="NYCMng">108254.205333333</dst>
            <dst id="SNVAng">7031.33066666666</dst>
            <dst id="STTLng">36798.4346666667</dst>
            <dst id="WASHng">367223.706666667</dst>
        </src>
    </IntraTM>
</TrafficMatrixFile>
