<?xml version="1.0" encoding="ISO-8859-1" standalone="yes"?>
<TrafficMatrixFile xsi:noNamespaceSchemaLocation="http://totem.run.montefiore.ulg.ac.be/Schema/TrafficMatrix-v1_2.xsd" xmlns:xsi="http://www.w3.org/2001/XMLSchema-instance">
    <IntraTM ASID="11537">
        <src id="ATLA-M5">
            <dst id="ATLA-M5">26.6666666666667</dst>
            <dst id="ATLAng">1273.264</dst>
            <dst id="CHINng">618.792</dst>
            <dst id="DNVRng">405.042666666667</dst>
            <dst id="HSTNng">377.496</dst>
            <dst id="IPLSng">1000.64533333333</dst>
            <dst id="KSCYng">598.256</dst>
            <dst id="LOSAng">294.685333333333</dst>
            <dst id="NYCMng">1210.864</dst>
            <dst id="SNVAng">51.2426666666667</dst>
            <dst id="STTLng">523.944</dst>
            <dst id="WASHng">1317.65866666667</dst>
        </src>
        <src id="ATLAng">
            <dst id="ATLA-M5">439.84</dst>
            <dst id="ATLAng">38842.272</dst>
            <dst id="CHINng">17966.3866666667</dst>
            <dst id="DNVRng">7226.768</dst>
            <dst id="HSTNng">7061.35466666667</dst>
            <dst id="IPLSng">20599.1706666667</dst>
            <dst id="KSCYng">5369.66933333333</dst>
            <dst id="LOSAng">22153.9986666667</dst>
            <dst id="NYCMng">18868.928</dst>
            <dst id="SNVAng">705.062666666667</dst>
            <dst id="STTLng">13189.3413333333</dst>
            <dst id="WASHng">38884.864</dst>
        </src>
        <src id="CHINng">
            <dst id="ATLA-M5">885.653333333333</dst>
            <dst id="ATLAng">30336.824</dst>
            <dst id="CHINng">115961.472</dst>
            <dst id="DNVRng">22517.7253333333</dst>
            <dst id="HSTNng">10014.2533333333</dst>
            <dst id="IPLSng">62056.7013333333</dst>
            <dst id="KSCYng">14323.2266666667</dst>
            <dst id="LOSAng">41289.5706666667</dst>
            <dst id="NYCMng">14471.2053333333</dst>
            <dst id="SNVAng">6225.392</dst>
            <dst id="STTLng">25276.2106666667</dst>
            <dst id="WASHng">42379.7066666667</dst>
        </src>
        <src id="DNVRng">
            <dst id="ATLA-M5">570.789333333333</dst>
            <dst id="ATLAng">7554.07733333333</dst>
            <dst id="CHINng">28749.952</dst>
            <dst id="DNVRng">5400.016</dst>
            <dst id="HSTNng">18691.464</dst>
            <dst id="IPLSng">18420.0213333333</dst>
            <dst id="KSCYng">22321.5226666667</dst>
            <dst id="LOSAng">12808.928</dst>
            <dst id="NYCMng">10326.9786666667</dst>
            <dst id="SNVAng">12842.0346666667</dst>
            <dst id="STTLng">66811.3413333333</dst>
            <dst id="WASHng">23632.608</dst>
        </src>
        <src id="HSTNng">
            <dst id="ATLA-M5">366.045333333333</dst>
            <dst id="ATLAng">4219.92266666667</dst>
            <dst id="CHINng">10300.9813333333</dst>
            <dst id="DNVRng">4492.24533333333</dst>
            <dst id="HSTNng">17295.7306666667</dst>
            <dst id="IPLSng">4393.592</dst>
            <dst id="KSCYng">5434</dst>
            <dst id="LOSAng">7950.89866666667</dst>
            <dst id="NYCMng">3164.99466666667</dst>
            <dst id="SNVAng">558.370666666667</dst>
            <dst id="STTLng">8920.58133333333</dst>
            <dst id="WASHng">17971.8266666667</dst>
        </src>
        <src id="IPLSng">
            <dst id="ATLA-M5">1128.61066666667</dst>
            <dst id="ATLAng">10109.7813333333</dst>
            <dst id="CHINng">55176.1733333333</dst>
            <dst id="DNVRng">8762.35466666667</dst>
            <dst id="HSTNng">3324.53066666667</dst>
            <dst id="IPLSng">28580.1466666667</dst>
            <dst id="KSCYng">13095.928</dst>
            <dst id="LOSAng">27235.3173333333</dst>
            <dst id="NYCMng">10138.048</dst>
            <dst id="SNVAng">4167.17066666667</dst>
            <dst id="STTLng">34944.6906666667</dst>
            <dst id="WASHng">21435.8</dst>
        </src>
        <src id="KSCYng">
            <dst id="ATLA-M5">411.904</dst>
            <dst id="ATLAng">6669.83466666667</dst>
            <dst id="CHINng">23114.6586666667</dst>
            <dst id="DNVRng">9790.48533333333</dst>
            <dst id="HSTNng">6011.65866666667</dst>
            <dst id="IPLSng">15776.3866666667</dst>
            <dst id="KSCYng">8503.136</dst>
            <dst id="LOSAng">8245.12266666667</dst>
            <dst id="NYCMng">6106.37066666667</dst>
            <dst id="SNVAng">2268.98933333333</dst>
            <dst id="STTLng">11373.1146666667</dst>
            <dst id="WASHng">12921.9173333333</dst>
        </src>
        <src id="LOSAng">
            <dst id="ATLA-M5">245.090666666667</dst>
            <dst id="ATLAng">12879.3653333333</dst>
            <dst id="CHINng">109115.16</dst>
            <dst id="DNVRng">21388.456</dst>
            <dst id="HSTNng">32059.12</dst>
            <dst id="IPLSng">46343.6373333333</dst>
            <dst id="KSCYng">12320.1786666667</dst>
            <dst id="LOSAng">13538.3226666667</dst>
            <dst id="NYCMng">39995.928</dst>
            <dst id="SNVAng">25969.072</dst>
            <dst id="STTLng">72747.512</dst>
            <dst id="WASHng">65430.7653333333</dst>
        </src>
        <src id="NYCMng">
            <dst id="ATLA-M5">1073.464</dst>
            <dst id="ATLAng">33994.9413333333</dst>
            <dst id="CHINng">26453.0266666667</dst>
            <dst id="DNVRng">24954.184</dst>
            <dst id="HSTNng">13186.7546666667</dst>
            <dst id="IPLSng">32935.7813333333</dst>
            <dst id="KSCYng">12812.28</dst>
            <dst id="LOSAng">71211.7066666667</dst>
            <dst id="NYCMng">87728.136</dst>
            <dst id="SNVAng">4264.11466666667</dst>
            <dst id="STTLng">31692.704</dst>
            <dst id="WASHng">123830.090666667</dst>
        </src>
        <src id="SNVAng">
            <dst id="ATLA-M5">0</dst>
            <dst id="ATLAng">1002.01333333333</dst>
            <dst id="CHINng">111.048</dst>
            <dst id="DNVRng">4482.17866666667</dst>
            <dst id="HSTNng">54.992</dst>
            <dst id="IPLSng">488.2</dst>
            <dst id="KSCYng">0</dst>
            <dst id="LOSAng">9589.68533333333</dst>
            <dst id="NYCMng">53.3333333333333</dst>
            <dst id="SNVAng">8141.288</dst>
            <dst id="STTLng">19209.4106666667</dst>
            <dst id="WASHng">26.6666666666667</dst>
        </src>
        <src id="STTLng">
            <dst id="ATLA-M5">650.032</dst>
            <dst id="ATLAng">28832.3733333333</dst>
            <dst id="CHINng">48718.2613333333</dst>
            <dst id="DNVRng">36328.944</dst>
            <dst id="HSTNng">21443.368</dst>
            <dst id="IPLSng">40798.3973333333</dst>
            <dst id="KSCYng">21999.4586666667</dst>
            <dst id="LOSAng">49714.3866666667</dst>
            <dst id="NYCMng">25355.1226666667</dst>
            <dst id="SNVAng">8263.13333333333</dst>
            <dst id="STTLng">34069.0986666667</dst>
            <dst id="WASHng">37934.6506666667</dst>
        </src>
        <src id="WASHng">
            <dst id="ATLA-M5">2408.92</dst>
            <dst id="ATLAng">62684.7253333333</dst>
            <dst id="CHINng">89478.848</dst>
            <dst id="DNVRng">72989.9733333333</dst>
            <dst id="HSTNng">26061.808</dst>
            <dst id="IPLSng">68643.1946666667</dst>
            <dst id="KSCYng">29045.5546666667</dst>
            <dst id="LOSAng">76652.336</dst>
            <dst id="NYCMng">180244.693333333</dst>
            <dst id="SNVAng">16020.7466666667</dst>
            <dst id="STTLng">62079.752</dst>
            <dst id="WASHng">266436.952</dst>
        </src>
    </IntraTM>
</TrafficMatrixFile>
