<?xml version="1.0" encoding="ISO-8859-1" standalone="yes"?>
<TrafficMatrixFile xsi:noNamespaceSchemaLocation="http://totem.run.montefiore.ulg.ac.be/Schema/TrafficMatrix-v1_2.xsd" xmlns:xsi="http://www.w3.org/2001/XMLSchema-instance">
    <IntraTM ASID="11537">
        <src id="ATLA-M5">
            <dst id="ATLA-M5">148.266666666667</dst>
            <dst id="ATLAng">933.677333333333</dst>
            <dst id="CHINng">950.616</dst>
            <dst id="DNVRng">26.6666666666667</dst>
            <dst id="HSTNng">66.8693333333333</dst>
            <dst id="IPLSng">852.978666666667</dst>
            <dst id="KSCYng">191.816</dst>
            <dst id="LOSAng">269.626666666667</dst>
            <dst id="NYCMng">1832.45333333333</dst>
            <dst id="SNVAng">28.2613333333333</dst>
            <dst id="STTLng">884.962666666667</dst>
            <dst id="WASHng">1087.48</dst>
        </src>
        <src id="ATLAng">
            <dst id="ATLA-M5">326.101333333333</dst>
            <dst id="ATLAng">37695.6106666667</dst>
            <dst id="CHINng">18239.224</dst>
            <dst id="DNVRng">5263.88</dst>
            <dst id="HSTNng">19370.32</dst>
            <dst id="IPLSng">21052.4986666667</dst>
            <dst id="KSCYng">2898.46133333333</dst>
            <dst id="LOSAng">11031.9466666667</dst>
            <dst id="NYCMng">9066.59466666667</dst>
            <dst id="SNVAng">657.346666666667</dst>
            <dst id="STTLng">20283.7733333333</dst>
            <dst id="WASHng">67970.7893333333</dst>
        </src>
        <src id="CHINng">
            <dst id="ATLA-M5">259.472</dst>
            <dst id="ATLAng">20210.416</dst>
            <dst id="CHINng">239043.016</dst>
            <dst id="DNVRng">16661.0586666667</dst>
            <dst id="HSTNng">9021.688</dst>
            <dst id="IPLSng">68181.6373333333</dst>
            <dst id="KSCYng">14820.0266666667</dst>
            <dst id="LOSAng">20783.3626666667</dst>
            <dst id="NYCMng">14797.9866666667</dst>
            <dst id="SNVAng">4928.86933333333</dst>
            <dst id="STTLng">31668.4213333333</dst>
            <dst id="WASHng">28074.3013333333</dst>
        </src>
        <src id="DNVRng">
            <dst id="ATLA-M5">153.333333333333</dst>
            <dst id="ATLAng">7635.736</dst>
            <dst id="CHINng">52221.4933333333</dst>
            <dst id="DNVRng">12571.088</dst>
            <dst id="HSTNng">13238.5173333333</dst>
            <dst id="IPLSng">15568.6853333333</dst>
            <dst id="KSCYng">30487.9493333333</dst>
            <dst id="LOSAng">8651.43733333334</dst>
            <dst id="NYCMng">6510.28533333333</dst>
            <dst id="SNVAng">7096.144</dst>
            <dst id="STTLng">11654.5413333333</dst>
            <dst id="WASHng">23848.2533333333</dst>
        </src>
        <src id="HSTNng">
            <dst id="ATLA-M5">1945.632</dst>
            <dst id="ATLAng">4466.81066666667</dst>
            <dst id="CHINng">22853.8186666667</dst>
            <dst id="DNVRng">1338.66133333333</dst>
            <dst id="HSTNng">10187.5973333333</dst>
            <dst id="IPLSng">2683.912</dst>
            <dst id="KSCYng">8341.89866666667</dst>
            <dst id="LOSAng">2752.12</dst>
            <dst id="NYCMng">3167.744</dst>
            <dst id="SNVAng">192.301333333333</dst>
            <dst id="STTLng">11473.4666666667</dst>
            <dst id="WASHng">5473.46933333333</dst>
        </src>
        <src id="IPLSng">
            <dst id="ATLA-M5">372.648</dst>
            <dst id="ATLAng">13434.9786666667</dst>
            <dst id="CHINng">93107.1333333333</dst>
            <dst id="DNVRng">5836.56533333333</dst>
            <dst id="HSTNng">2715.40266666667</dst>
            <dst id="IPLSng">41928.1173333333</dst>
            <dst id="KSCYng">5387.392</dst>
            <dst id="LOSAng">18962.8613333333</dst>
            <dst id="NYCMng">20740.8533333333</dst>
            <dst id="SNVAng">309.266666666667</dst>
            <dst id="STTLng">32538.3466666667</dst>
            <dst id="WASHng">34926.448</dst>
        </src>
        <src id="KSCYng">
            <dst id="ATLA-M5">118.208</dst>
            <dst id="ATLAng">5968.08266666667</dst>
            <dst id="CHINng">27222.0853333333</dst>
            <dst id="DNVRng">8352.184</dst>
            <dst id="HSTNng">4075.23733333333</dst>
            <dst id="IPLSng">14850.4693333333</dst>
            <dst id="KSCYng">15501.296</dst>
            <dst id="LOSAng">3028.096</dst>
            <dst id="NYCMng">9689.61333333333</dst>
            <dst id="SNVAng">1947.14933333333</dst>
            <dst id="STTLng">23543.9146666667</dst>
            <dst id="WASHng">9720.52266666667</dst>
        </src>
        <src id="LOSAng">
            <dst id="ATLA-M5">116.621333333333</dst>
            <dst id="ATLAng">19731.4213333333</dst>
            <dst id="CHINng">88033.8</dst>
            <dst id="DNVRng">4873.88266666667</dst>
            <dst id="HSTNng">5076.184</dst>
            <dst id="IPLSng">16398.12</dst>
            <dst id="KSCYng">11073.8693333333</dst>
            <dst id="LOSAng">10710.296</dst>
            <dst id="NYCMng">37296.8133333333</dst>
            <dst id="SNVAng">19984.0933333333</dst>
            <dst id="STTLng">47378.152</dst>
            <dst id="WASHng">36172.272</dst>
        </src>
        <src id="NYCMng">
            <dst id="ATLA-M5">824.810666666667</dst>
            <dst id="ATLAng">30281.896</dst>
            <dst id="CHINng">33657.8853333333</dst>
            <dst id="DNVRng">22104.528</dst>
            <dst id="HSTNng">6430.632</dst>
            <dst id="IPLSng">25626.4053333333</dst>
            <dst id="KSCYng">13950.9653333333</dst>
            <dst id="LOSAng">39398.2346666667</dst>
            <dst id="NYCMng">187529.989333333</dst>
            <dst id="SNVAng">2459.85866666667</dst>
            <dst id="STTLng">20634.528</dst>
            <dst id="WASHng">67410.04</dst>
        </src>
        <src id="SNVAng">
            <dst id="ATLA-M5">0</dst>
            <dst id="ATLAng">0</dst>
            <dst id="CHINng">222.325333333333</dst>
            <dst id="DNVRng">8524.67733333333</dst>
            <dst id="HSTNng">606.061333333333</dst>
            <dst id="IPLSng">2858.57066666667</dst>
            <dst id="KSCYng">106.666666666667</dst>
            <dst id="LOSAng">7282.62666666667</dst>
            <dst id="NYCMng">207.410666666667</dst>
            <dst id="SNVAng">5360.128</dst>
            <dst id="STTLng">13139.496</dst>
            <dst id="WASHng">139.098666666667</dst>
        </src>
        <src id="STTLng">
            <dst id="ATLA-M5">3779.352</dst>
            <dst id="ATLAng">49538.1146666667</dst>
            <dst id="CHINng">111470.618666667</dst>
            <dst id="DNVRng">14542.44</dst>
            <dst id="HSTNng">24843.552</dst>
            <dst id="IPLSng">80093.2746666667</dst>
            <dst id="KSCYng">64441.1946666667</dst>
            <dst id="LOSAng">19050.9626666667</dst>
            <dst id="NYCMng">22685.3573333333</dst>
            <dst id="SNVAng">5345.712</dst>
            <dst id="STTLng">19534.0053333333</dst>
            <dst id="WASHng">108788.362666667</dst>
        </src>
        <src id="WASHng">
            <dst id="ATLA-M5">2158.13866666667</dst>
            <dst id="ATLAng">85583.84</dst>
            <dst id="CHINng">63255.9546666667</dst>
            <dst id="DNVRng">46314.568</dst>
            <dst id="HSTNng">22912.3306666667</dst>
            <dst id="IPLSng">44382.6266666667</dst>
            <dst id="KSCYng">15828.9173333333</dst>
            <dst id="LOSAng">70129.248</dst>
            <dst id="NYCMng">177084.266666667</dst>
            <dst id="SNVAng">5020.55466666667</dst>
            <dst id="STTLng">58887.6746666667</dst>
            <dst id="WASHng">287577.413333333</dst>
        </src>
    </IntraTM>
</TrafficMatrixFile>
