<?xml version="1.0" encoding="ISO-8859-1" standalone="yes"?>
<TrafficMatrixFile xsi:noNamespaceSchemaLocation="http://totem.run.montefiore.ulg.ac.be/Schema/TrafficMatrix-v1_2.xsd" xmlns:xsi="http://www.w3.org/2001/XMLSchema-instance">
    <IntraTM ASID="11537">
        <src id="ATLA-M5">
            <dst id="ATLA-M5">0</dst>
            <dst id="ATLAng">453.237333333333</dst>
            <dst id="CHINng">115.146666666667</dst>
            <dst id="DNVRng">106.666666666667</dst>
            <dst id="HSTNng">74.3573333333333</dst>
            <dst id="IPLSng">595.834666666667</dst>
            <dst id="KSCYng">136.072</dst>
            <dst id="LOSAng">40.62</dst>
            <dst id="NYCMng">1372.272</dst>
            <dst id="SNVAng">13.9533333333333</dst>
            <dst id="STTLng">525.045333333333</dst>
            <dst id="WASHng">1414.35466666667</dst>
        </src>
        <src id="ATLAng">
            <dst id="ATLA-M5">478.408</dst>
            <dst id="ATLAng">31084.7013333333</dst>
            <dst id="CHINng">10976.2746666667</dst>
            <dst id="DNVRng">5155.24533333333</dst>
            <dst id="HSTNng">1777.12</dst>
            <dst id="IPLSng">15655.0933333333</dst>
            <dst id="KSCYng">1493.45333333333</dst>
            <dst id="LOSAng">11353.4466666667</dst>
            <dst id="NYCMng">4647.22133333333</dst>
            <dst id="SNVAng">415.801333333333</dst>
            <dst id="STTLng">10642.104</dst>
            <dst id="WASHng">46381.264</dst>
        </src>
        <src id="CHINng">
            <dst id="ATLA-M5">117.210666666667</dst>
            <dst id="ATLAng">143618.570666667</dst>
            <dst id="CHINng">136677.853333333</dst>
            <dst id="DNVRng">6481.99466666667</dst>
            <dst id="HSTNng">6547.60533333333</dst>
            <dst id="IPLSng">39885.552</dst>
            <dst id="KSCYng">11807.4026666667</dst>
            <dst id="LOSAng">25992.9546666667</dst>
            <dst id="NYCMng">12825.8906666667</dst>
            <dst id="SNVAng">3329.496</dst>
            <dst id="STTLng">19714.6213333333</dst>
            <dst id="WASHng">14246.16</dst>
        </src>
        <src id="DNVRng">
            <dst id="ATLA-M5">139.626666666667</dst>
            <dst id="ATLAng">4742.78933333333</dst>
            <dst id="CHINng">49514.256</dst>
            <dst id="DNVRng">12171.7306666667</dst>
            <dst id="HSTNng">9162.90933333333</dst>
            <dst id="IPLSng">10947.968</dst>
            <dst id="KSCYng">9618.952</dst>
            <dst id="LOSAng">4987.26133333333</dst>
            <dst id="NYCMng">6468.12</dst>
            <dst id="SNVAng">3907.36266666667</dst>
            <dst id="STTLng">6986.54933333333</dst>
            <dst id="WASHng">20215.8666666667</dst>
        </src>
        <src id="HSTNng">
            <dst id="ATLA-M5">3943.93866666667</dst>
            <dst id="ATLAng">2353.52266666667</dst>
            <dst id="CHINng">17420.704</dst>
            <dst id="DNVRng">1048.48266666667</dst>
            <dst id="HSTNng">12815.8773333333</dst>
            <dst id="IPLSng">1832.59466666667</dst>
            <dst id="KSCYng">5236.13866666667</dst>
            <dst id="LOSAng">4619.12266666667</dst>
            <dst id="NYCMng">3537.34933333333</dst>
            <dst id="SNVAng">0</dst>
            <dst id="STTLng">7053.58933333334</dst>
            <dst id="WASHng">17512.6426666667</dst>
        </src>
        <src id="IPLSng">
            <dst id="ATLA-M5">106.456</dst>
            <dst id="ATLAng">10396.0853333333</dst>
            <dst id="CHINng">59077.0826666667</dst>
            <dst id="DNVRng">13057.416</dst>
            <dst id="HSTNng">1486.34933333333</dst>
            <dst id="IPLSng">9367.43733333333</dst>
            <dst id="KSCYng">3147.696</dst>
            <dst id="LOSAng">22086.0906666667</dst>
            <dst id="NYCMng">8845.17866666667</dst>
            <dst id="SNVAng">583.202666666667</dst>
            <dst id="STTLng">19711.1493333333</dst>
            <dst id="WASHng">14065.0373333333</dst>
        </src>
        <src id="KSCYng">
            <dst id="ATLA-M5">164.888</dst>
            <dst id="ATLAng">4462.384</dst>
            <dst id="CHINng">27292.6666666667</dst>
            <dst id="DNVRng">11027.9866666667</dst>
            <dst id="HSTNng">4465.78933333333</dst>
            <dst id="IPLSng">12601.232</dst>
            <dst id="KSCYng">8922.94933333333</dst>
            <dst id="LOSAng">3910.632</dst>
            <dst id="NYCMng">5332.06933333333</dst>
            <dst id="SNVAng">1708.24533333333</dst>
            <dst id="STTLng">9710.53333333333</dst>
            <dst id="WASHng">9091.72533333333</dst>
        </src>
        <src id="LOSAng">
            <dst id="ATLA-M5">264</dst>
            <dst id="ATLAng">5425.34666666667</dst>
            <dst id="CHINng">82062.8693333333</dst>
            <dst id="DNVRng">7080.032</dst>
            <dst id="HSTNng">1773.864</dst>
            <dst id="IPLSng">12922.608</dst>
            <dst id="KSCYng">2063.14933333333</dst>
            <dst id="LOSAng">8594.52533333333</dst>
            <dst id="NYCMng">30833.184</dst>
            <dst id="SNVAng">23403.2346666667</dst>
            <dst id="STTLng">49772.7066666667</dst>
            <dst id="WASHng">36397.3546666667</dst>
        </src>
        <src id="NYCMng">
            <dst id="ATLA-M5">240.304</dst>
            <dst id="ATLAng">25930.616</dst>
            <dst id="CHINng">34264.0426666667</dst>
            <dst id="DNVRng">22829.4026666667</dst>
            <dst id="HSTNng">6677.83466666667</dst>
            <dst id="IPLSng">16939.912</dst>
            <dst id="KSCYng">15454.7093333333</dst>
            <dst id="LOSAng">39499.52</dst>
            <dst id="NYCMng">86777.2133333333</dst>
            <dst id="SNVAng">2914.93866666667</dst>
            <dst id="STTLng">17762.4133333333</dst>
            <dst id="WASHng">60288.048</dst>
        </src>
        <src id="SNVAng">
            <dst id="ATLA-M5">0</dst>
            <dst id="ATLAng">26.6666666666667</dst>
            <dst id="CHINng">80</dst>
            <dst id="DNVRng">1328.56533333333</dst>
            <dst id="HSTNng">0</dst>
            <dst id="IPLSng">262.96</dst>
            <dst id="KSCYng">0</dst>
            <dst id="LOSAng">4673.06933333333</dst>
            <dst id="NYCMng">95.632</dst>
            <dst id="SNVAng">6597.15733333333</dst>
            <dst id="STTLng">15693.464</dst>
            <dst id="WASHng">0</dst>
        </src>
        <src id="STTLng">
            <dst id="ATLA-M5">1637.28533333333</dst>
            <dst id="ATLAng">23132.128</dst>
            <dst id="CHINng">45108.7893333333</dst>
            <dst id="DNVRng">2917.58133333333</dst>
            <dst id="HSTNng">4514.088</dst>
            <dst id="IPLSng">28391.1733333333</dst>
            <dst id="KSCYng">7473.93066666667</dst>
            <dst id="LOSAng">26305.2213333333</dst>
            <dst id="NYCMng">13614.8773333333</dst>
            <dst id="SNVAng">989.714666666667</dst>
            <dst id="STTLng">13059.8693333333</dst>
            <dst id="WASHng">42079.9306666667</dst>
        </src>
        <src id="WASHng">
            <dst id="ATLA-M5">3837.36266666667</dst>
            <dst id="ATLAng">134668.842666667</dst>
            <dst id="CHINng">56466.8346666667</dst>
            <dst id="DNVRng">65956.224</dst>
            <dst id="HSTNng">24716.5226666667</dst>
            <dst id="IPLSng">33503.536</dst>
            <dst id="KSCYng">10476.3706666667</dst>
            <dst id="LOSAng">89191.96</dst>
            <dst id="NYCMng">109801.525333333</dst>
            <dst id="SNVAng">7042.528</dst>
            <dst id="STTLng">39147.0853333333</dst>
            <dst id="WASHng">262306.197333333</dst>
        </src>
    </IntraTM>
</TrafficMatrixFile>
