<?xml version="1.0" encoding="ISO-8859-1" standalone="yes"?>
<TrafficMatrixFile xsi:noNamespaceSchemaLocation="http://totem.run.montefiore.ulg.ac.be/Schema/TrafficMatrix-v1_2.xsd" xmlns:xsi="http://www.w3.org/2001/XMLSchema-instance">
    <IntraTM ASID="11537">
        <src id="ATLA-M5">
            <dst id="ATLA-M5">0</dst>
            <dst id="ATLAng">299.613333333333</dst>
            <dst id="CHINng">2030.216</dst>
            <dst id="DNVRng">155.168</dst>
            <dst id="HSTNng">55.04</dst>
            <dst id="IPLSng">487.810666666667</dst>
            <dst id="KSCYng">110.256</dst>
            <dst id="LOSAng">194.762666666667</dst>
            <dst id="NYCMng">106.666666666667</dst>
            <dst id="SNVAng">168.096</dst>
            <dst id="STTLng">128.296</dst>
            <dst id="WASHng">1941.4</dst>
        </src>
        <src id="ATLAng">
            <dst id="ATLA-M5">759.653333333333</dst>
            <dst id="ATLAng">56420.0053333333</dst>
            <dst id="CHINng">14882.6346666667</dst>
            <dst id="DNVRng">2882.69333333333</dst>
            <dst id="HSTNng">1363.85066666667</dst>
            <dst id="IPLSng">19459.2293333333</dst>
            <dst id="KSCYng">2954.76533333333</dst>
            <dst id="LOSAng">16435.668</dst>
            <dst id="NYCMng">8419.90666666667</dst>
            <dst id="SNVAng">317.798666666667</dst>
            <dst id="STTLng">9458.064</dst>
            <dst id="WASHng">42039.6106666667</dst>
        </src>
        <src id="CHINng">
            <dst id="ATLA-M5">1060.46133333333</dst>
            <dst id="ATLAng">15761.632</dst>
            <dst id="CHINng">81368.1626666667</dst>
            <dst id="DNVRng">15601.4106666667</dst>
            <dst id="HSTNng">9471.224</dst>
            <dst id="IPLSng">45107.0666666667</dst>
            <dst id="KSCYng">10079.5546666667</dst>
            <dst id="LOSAng">35315.2613333333</dst>
            <dst id="NYCMng">13318.088</dst>
            <dst id="SNVAng">5001.952</dst>
            <dst id="STTLng">12776.384</dst>
            <dst id="WASHng">28818.208</dst>
        </src>
        <src id="DNVRng">
            <dst id="ATLA-M5">520.066666666667</dst>
            <dst id="ATLAng">3090.09066666667</dst>
            <dst id="CHINng">91550.4266666667</dst>
            <dst id="DNVRng">11480.608</dst>
            <dst id="HSTNng">12475.736</dst>
            <dst id="IPLSng">12741.368</dst>
            <dst id="KSCYng">14992.9973333333</dst>
            <dst id="LOSAng">8210.288</dst>
            <dst id="NYCMng">12755.736</dst>
            <dst id="SNVAng">10655.672</dst>
            <dst id="STTLng">29000.0053333333</dst>
            <dst id="WASHng">26147.8293333333</dst>
        </src>
        <src id="HSTNng">
            <dst id="ATLA-M5">3219.72</dst>
            <dst id="ATLAng">4688.00533333333</dst>
            <dst id="CHINng">18275.9706666667</dst>
            <dst id="DNVRng">856.349333333334</dst>
            <dst id="HSTNng">21792.504</dst>
            <dst id="IPLSng">2786.37866666667</dst>
            <dst id="KSCYng">7382.89066666667</dst>
            <dst id="LOSAng">4598.77066666667</dst>
            <dst id="NYCMng">1316.16533333333</dst>
            <dst id="SNVAng">151.322666666667</dst>
            <dst id="STTLng">3948.17866666667</dst>
            <dst id="WASHng">4692.18666666667</dst>
        </src>
        <src id="IPLSng">
            <dst id="ATLA-M5">666.784</dst>
            <dst id="ATLAng">5590.81066666667</dst>
            <dst id="CHINng">58060.4186666667</dst>
            <dst id="DNVRng">17333.2933333333</dst>
            <dst id="HSTNng">751.6</dst>
            <dst id="IPLSng">15057.8533333333</dst>
            <dst id="KSCYng">11785.928</dst>
            <dst id="LOSAng">15826.3333333333</dst>
            <dst id="NYCMng">9780.85866666667</dst>
            <dst id="SNVAng">396.042666666667</dst>
            <dst id="STTLng">17070.1386666667</dst>
            <dst id="WASHng">11210.264</dst>
        </src>
        <src id="KSCYng">
            <dst id="ATLA-M5">133.832</dst>
            <dst id="ATLAng">4152.31733333333</dst>
            <dst id="CHINng">21037.184</dst>
            <dst id="DNVRng">8440.29866666667</dst>
            <dst id="HSTNng">3216.99733333333</dst>
            <dst id="IPLSng">19686.784</dst>
            <dst id="KSCYng">17196.9546666667</dst>
            <dst id="LOSAng">4307.632</dst>
            <dst id="NYCMng">5410.31733333333</dst>
            <dst id="SNVAng">3468.73333333333</dst>
            <dst id="STTLng">5922.672</dst>
            <dst id="WASHng">11094.2906666667</dst>
        </src>
        <src id="LOSAng">
            <dst id="ATLA-M5">298.490666666667</dst>
            <dst id="ATLAng">5913.36266666667</dst>
            <dst id="CHINng">6534801.86666667</dst>
            <dst id="DNVRng">22955.44</dst>
            <dst id="HSTNng">3865.608</dst>
            <dst id="IPLSng">9886.912</dst>
            <dst id="KSCYng">3954.328</dst>
            <dst id="LOSAng">14316.2853333333</dst>
            <dst id="NYCMng">47675.2693333333</dst>
            <dst id="SNVAng">19871.1253333333</dst>
            <dst id="STTLng">63166.784</dst>
            <dst id="WASHng">42436.4106666667</dst>
        </src>
        <src id="NYCMng">
            <dst id="ATLA-M5">1045.15466666667</dst>
            <dst id="ATLAng">13090.0133333333</dst>
            <dst id="CHINng">26623.3493333333</dst>
            <dst id="DNVRng">9898.67466666667</dst>
            <dst id="HSTNng">9044.92533333333</dst>
            <dst id="IPLSng">11485.7413333333</dst>
            <dst id="KSCYng">4990.06666666667</dst>
            <dst id="LOSAng">50589.592</dst>
            <dst id="NYCMng">99997.264</dst>
            <dst id="SNVAng">3856.536</dst>
            <dst id="STTLng">22431.1413333333</dst>
            <dst id="WASHng">44891.5413333333</dst>
        </src>
        <src id="SNVAng">
            <dst id="ATLA-M5">0</dst>
            <dst id="ATLAng">221.498666666667</dst>
            <dst id="CHINng">53.3333333333333</dst>
            <dst id="DNVRng">2971.93066666667</dst>
            <dst id="HSTNng">26.6666666666667</dst>
            <dst id="IPLSng">262.368</dst>
            <dst id="KSCYng">0</dst>
            <dst id="LOSAng">8862.07466666667</dst>
            <dst id="NYCMng">26.6666666666667</dst>
            <dst id="SNVAng">9464.56266666667</dst>
            <dst id="STTLng">20171.136</dst>
            <dst id="WASHng">26.6666666666667</dst>
        </src>
        <src id="STTLng">
            <dst id="ATLA-M5">255.330666666667</dst>
            <dst id="ATLAng">12078.6346666667</dst>
            <dst id="CHINng">30773.8266666667</dst>
            <dst id="DNVRng">7141.90133333333</dst>
            <dst id="HSTNng">3361.73333333333</dst>
            <dst id="IPLSng">10010.4453333333</dst>
            <dst id="KSCYng">4071.89333333333</dst>
            <dst id="LOSAng">37985.0586666667</dst>
            <dst id="NYCMng">9966.05866666667</dst>
            <dst id="SNVAng">1951.51733333333</dst>
            <dst id="STTLng">21382.72</dst>
            <dst id="WASHng">7303.48266666667</dst>
        </src>
        <src id="WASHng">
            <dst id="ATLA-M5">1237.08</dst>
            <dst id="ATLAng">85221.9306666667</dst>
            <dst id="CHINng">83970.1893333333</dst>
            <dst id="DNVRng">50526.4133333333</dst>
            <dst id="HSTNng">16792.9893333333</dst>
            <dst id="IPLSng">40324.896</dst>
            <dst id="KSCYng">21254.456</dst>
            <dst id="LOSAng">79045.136</dst>
            <dst id="NYCMng">149597.056</dst>
            <dst id="SNVAng">1109.984</dst>
            <dst id="STTLng">30870.9253333333</dst>
            <dst id="WASHng">315406.773333333</dst>
        </src>
    </IntraTM>
</TrafficMatrixFile>
