<?xml version="1.0" encoding="ISO-8859-1" standalone="yes"?>
<TrafficMatrixFile xsi:noNamespaceSchemaLocation="http://totem.run.montefiore.ulg.ac.be/Schema/TrafficMatrix-v1_2.xsd" xmlns:xsi="http://www.w3.org/2001/XMLSchema-instance">
    <IntraTM ASID="11537">
        <src id="ATLA-M5">
            <dst id="ATLA-M5">0</dst>
            <dst id="ATLAng">240.717333333333</dst>
            <dst id="CHINng">932.605333333333</dst>
            <dst id="DNVRng">53.3333333333333</dst>
            <dst id="HSTNng">116.168</dst>
            <dst id="IPLSng">436.229333333333</dst>
            <dst id="KSCYng">156.528</dst>
            <dst id="LOSAng">0</dst>
            <dst id="NYCMng">1450.616</dst>
            <dst id="SNVAng">0</dst>
            <dst id="STTLng">462.058666666667</dst>
            <dst id="WASHng">1083.56</dst>
        </src>
        <src id="ATLAng">
            <dst id="ATLA-M5">118.885333333333</dst>
            <dst id="ATLAng">35936.2053333333</dst>
            <dst id="CHINng">19792.2133333333</dst>
            <dst id="DNVRng">5521.76266666666</dst>
            <dst id="HSTNng">14550.0346666667</dst>
            <dst id="IPLSng">14410.9093333333</dst>
            <dst id="KSCYng">3240.41066666667</dst>
            <dst id="LOSAng">18172.872</dst>
            <dst id="NYCMng">4188.61066666667</dst>
            <dst id="SNVAng">334.664</dst>
            <dst id="STTLng">8692.152</dst>
            <dst id="WASHng">41598.824</dst>
        </src>
        <src id="CHINng">
            <dst id="ATLA-M5">212.661333333333</dst>
            <dst id="ATLAng">13850.4586666667</dst>
            <dst id="CHINng">117703.893333333</dst>
            <dst id="DNVRng">8273.97866666667</dst>
            <dst id="HSTNng">6904.96266666667</dst>
            <dst id="IPLSng">49737.6666666667</dst>
            <dst id="KSCYng">27954.792</dst>
            <dst id="LOSAng">38208.0773333333</dst>
            <dst id="NYCMng">12348.9893333333</dst>
            <dst id="SNVAng">3344.224</dst>
            <dst id="STTLng">15816.4186666667</dst>
            <dst id="WASHng">12629.2906666667</dst>
        </src>
        <src id="DNVRng">
            <dst id="ATLA-M5">133.546666666667</dst>
            <dst id="ATLAng">4134.09866666667</dst>
            <dst id="CHINng">59284.4453333333</dst>
            <dst id="DNVRng">7728.296</dst>
            <dst id="HSTNng">12747.088</dst>
            <dst id="IPLSng">7538.70933333333</dst>
            <dst id="KSCYng">10817.0293333333</dst>
            <dst id="LOSAng">5316.51466666667</dst>
            <dst id="NYCMng">9185.45866666667</dst>
            <dst id="SNVAng">20255.7706666667</dst>
            <dst id="STTLng">10406.136</dst>
            <dst id="WASHng">19905.984</dst>
        </src>
        <src id="HSTNng">
            <dst id="ATLA-M5">3897.28</dst>
            <dst id="ATLAng">4602.53333333333</dst>
            <dst id="CHINng">20731.9493333333</dst>
            <dst id="DNVRng">1801.77866666667</dst>
            <dst id="HSTNng">18069.7306666667</dst>
            <dst id="IPLSng">1990.86133333333</dst>
            <dst id="KSCYng">12395.2613333333</dst>
            <dst id="LOSAng">3067.672</dst>
            <dst id="NYCMng">13476.9253333333</dst>
            <dst id="SNVAng">0</dst>
            <dst id="STTLng">4833.22666666667</dst>
            <dst id="WASHng">17077.9333333333</dst>
        </src>
        <src id="IPLSng">
            <dst id="ATLA-M5">154.858666666667</dst>
            <dst id="ATLAng">6040.05066666667</dst>
            <dst id="CHINng">74261.856</dst>
            <dst id="DNVRng">4838.97066666667</dst>
            <dst id="HSTNng">1056.11733333333</dst>
            <dst id="IPLSng">6867.53866666666</dst>
            <dst id="KSCYng">9293.45866666667</dst>
            <dst id="LOSAng">16490.824</dst>
            <dst id="NYCMng">12662.5973333333</dst>
            <dst id="SNVAng">570.848</dst>
            <dst id="STTLng">18585.7973333333</dst>
            <dst id="WASHng">32200.0826666667</dst>
        </src>
        <src id="KSCYng">
            <dst id="ATLA-M5">318.114666666667</dst>
            <dst id="ATLAng">4265.57066666667</dst>
            <dst id="CHINng">29859.48</dst>
            <dst id="DNVRng">7854.26666666666</dst>
            <dst id="HSTNng">4645.57333333333</dst>
            <dst id="IPLSng">12794.864</dst>
            <dst id="KSCYng">6622.58933333333</dst>
            <dst id="LOSAng">5331.01066666667</dst>
            <dst id="NYCMng">6792.76533333333</dst>
            <dst id="SNVAng">2405.06933333333</dst>
            <dst id="STTLng">12991.0586666667</dst>
            <dst id="WASHng">9239.09066666667</dst>
        </src>
        <src id="LOSAng">
            <dst id="ATLA-M5">848.24</dst>
            <dst id="ATLAng">8018.6</dst>
            <dst id="CHINng">105149.552</dst>
            <dst id="DNVRng">10740.2426666667</dst>
            <dst id="HSTNng">2173.77333333333</dst>
            <dst id="IPLSng">30556.7626666667</dst>
            <dst id="KSCYng">3320.32266666667</dst>
            <dst id="LOSAng">16450.4266666667</dst>
            <dst id="NYCMng">30081.0506666667</dst>
            <dst id="SNVAng">19684.7413333333</dst>
            <dst id="STTLng">48273.2746666667</dst>
            <dst id="WASHng">38344.64</dst>
        </src>
        <src id="NYCMng">
            <dst id="ATLA-M5">1317.34133333333</dst>
            <dst id="ATLAng">18166.8906666667</dst>
            <dst id="CHINng">34777.672</dst>
            <dst id="DNVRng">14537.408</dst>
            <dst id="HSTNng">3773.52266666667</dst>
            <dst id="IPLSng">15809.7493333333</dst>
            <dst id="KSCYng">8038.64533333333</dst>
            <dst id="LOSAng">43154.6613333333</dst>
            <dst id="NYCMng">93741.384</dst>
            <dst id="SNVAng">1360.944</dst>
            <dst id="STTLng">21058.6986666667</dst>
            <dst id="WASHng">49013.6533333333</dst>
        </src>
        <src id="SNVAng">
            <dst id="ATLA-M5">0</dst>
            <dst id="ATLAng">0</dst>
            <dst id="CHINng">26.6666666666667</dst>
            <dst id="DNVRng">743.629333333333</dst>
            <dst id="HSTNng">53.3333333333333</dst>
            <dst id="IPLSng">332.938666666667</dst>
            <dst id="KSCYng">53.3333333333333</dst>
            <dst id="LOSAng">5036.808</dst>
            <dst id="NYCMng">184.674666666667</dst>
            <dst id="SNVAng">5824.6</dst>
            <dst id="STTLng">15993.0026666667</dst>
            <dst id="WASHng">526.634666666667</dst>
        </src>
        <src id="STTLng">
            <dst id="ATLA-M5">231.213333333333</dst>
            <dst id="ATLAng">9134.29333333333</dst>
            <dst id="CHINng">34331.3573333333</dst>
            <dst id="DNVRng">9480.4</dst>
            <dst id="HSTNng">2227.49333333333</dst>
            <dst id="IPLSng">6080.92266666667</dst>
            <dst id="KSCYng">4178.224</dst>
            <dst id="LOSAng">25771.856</dst>
            <dst id="NYCMng">5846.136</dst>
            <dst id="SNVAng">1494.37333333333</dst>
            <dst id="STTLng">17195.9733333333</dst>
            <dst id="WASHng">7818.30933333333</dst>
        </src>
        <src id="WASHng">
            <dst id="ATLA-M5">233.554666666667</dst>
            <dst id="ATLAng">62429.64</dst>
            <dst id="CHINng">71497.6933333333</dst>
            <dst id="DNVRng">42848.256</dst>
            <dst id="HSTNng">16248.4586666667</dst>
            <dst id="IPLSng">38031.4533333333</dst>
            <dst id="KSCYng">16136.5093333333</dst>
            <dst id="LOSAng">81657.2053333333</dst>
            <dst id="NYCMng">106103.4</dst>
            <dst id="SNVAng">10872.9493333333</dst>
            <dst id="STTLng">34407.1306666667</dst>
            <dst id="WASHng">287366.506666667</dst>
        </src>
    </IntraTM>
</TrafficMatrixFile>
