<?xml version="1.0" encoding="ISO-8859-1" standalone="yes"?>
<TrafficMatrixFile xsi:noNamespaceSchemaLocation="http://totem.run.montefiore.ulg.ac.be/Schema/TrafficMatrix-v1_2.xsd" xmlns:xsi="http://www.w3.org/2001/XMLSchema-instance">
    <IntraTM ASID="11537">
        <src id="ATLA-M5">
            <dst id="ATLA-M5">26.6666666666667</dst>
            <dst id="ATLAng">978.2</dst>
            <dst id="CHINng">2286.976</dst>
            <dst id="DNVRng">69.5013333333333</dst>
            <dst id="HSTNng">150.072</dst>
            <dst id="IPLSng">287.744</dst>
            <dst id="KSCYng">219.658666666667</dst>
            <dst id="LOSAng">53.3333333333333</dst>
            <dst id="NYCMng">223.741333333333</dst>
            <dst id="SNVAng">0</dst>
            <dst id="STTLng">875.048</dst>
            <dst id="WASHng">2454.77066666667</dst>
        </src>
        <src id="ATLAng">
            <dst id="ATLA-M5">801.376</dst>
            <dst id="ATLAng">62322.5066666667</dst>
            <dst id="CHINng">14042.4</dst>
            <dst id="DNVRng">2347.392</dst>
            <dst id="HSTNng">2864.768</dst>
            <dst id="IPLSng">24546.8293333333</dst>
            <dst id="KSCYng">4612.43733333333</dst>
            <dst id="LOSAng">17385.04</dst>
            <dst id="NYCMng">11761.3253333333</dst>
            <dst id="SNVAng">1464.45333333333</dst>
            <dst id="STTLng">21989.776</dst>
            <dst id="WASHng">55433.3173333333</dst>
        </src>
        <src id="CHINng">
            <dst id="ATLA-M5">1308.95733333333</dst>
            <dst id="ATLAng">43968.232</dst>
            <dst id="CHINng">114629.474666667</dst>
            <dst id="DNVRng">8077.48</dst>
            <dst id="HSTNng">23574.5146666667</dst>
            <dst id="IPLSng">62331.5413333334</dst>
            <dst id="KSCYng">16396.2826666667</dst>
            <dst id="LOSAng">25146.1893333333</dst>
            <dst id="NYCMng">17274.0453333333</dst>
            <dst id="SNVAng">2461.46666666667</dst>
            <dst id="STTLng">32914.9146666667</dst>
            <dst id="WASHng">28167.3573333333</dst>
        </src>
        <src id="DNVRng">
            <dst id="ATLA-M5">307.197333333333</dst>
            <dst id="ATLAng">10074.9226666667</dst>
            <dst id="CHINng">49489.9093333333</dst>
            <dst id="DNVRng">9521.04</dst>
            <dst id="HSTNng">14882.328</dst>
            <dst id="IPLSng">11625.776</dst>
            <dst id="KSCYng">22840.288</dst>
            <dst id="LOSAng">6478.6</dst>
            <dst id="NYCMng">12200.5413333333</dst>
            <dst id="SNVAng">13664</dst>
            <dst id="STTLng">18352.6506666667</dst>
            <dst id="WASHng">37174.168</dst>
        </src>
        <src id="HSTNng">
            <dst id="ATLA-M5">1015.864</dst>
            <dst id="ATLAng">8802.08533333333</dst>
            <dst id="CHINng">17393.4346666667</dst>
            <dst id="DNVRng">3273.376</dst>
            <dst id="HSTNng">16296.4106666667</dst>
            <dst id="IPLSng">3144.40533333333</dst>
            <dst id="KSCYng">7029.23466666667</dst>
            <dst id="LOSAng">1851.39733333333</dst>
            <dst id="NYCMng">4364.34133333333</dst>
            <dst id="SNVAng">456.608</dst>
            <dst id="STTLng">12539.1226666667</dst>
            <dst id="WASHng">4267.504</dst>
        </src>
        <src id="IPLSng">
            <dst id="ATLA-M5">139.373333333333</dst>
            <dst id="ATLAng">17810.1493333333</dst>
            <dst id="CHINng">88565.1866666667</dst>
            <dst id="DNVRng">5154.968</dst>
            <dst id="HSTNng">3152.096</dst>
            <dst id="IPLSng">40051.04</dst>
            <dst id="KSCYng">8248.288</dst>
            <dst id="LOSAng">21311.7813333333</dst>
            <dst id="NYCMng">25966.6853333333</dst>
            <dst id="SNVAng">4074.13333333333</dst>
            <dst id="STTLng">34495.976</dst>
            <dst id="WASHng">29715.4453333333</dst>
        </src>
        <src id="KSCYng">
            <dst id="ATLA-M5">813.008</dst>
            <dst id="ATLAng">8826.49333333334</dst>
            <dst id="CHINng">29545.824</dst>
            <dst id="DNVRng">6557.25333333333</dst>
            <dst id="HSTNng">4749.912</dst>
            <dst id="IPLSng">14504.3066666667</dst>
            <dst id="KSCYng">7748.30133333333</dst>
            <dst id="LOSAng">2498.25333333333</dst>
            <dst id="NYCMng">3757.048</dst>
            <dst id="SNVAng">2553.664</dst>
            <dst id="STTLng">15504.4453333333</dst>
            <dst id="WASHng">11378.6453333333</dst>
        </src>
        <src id="LOSAng">
            <dst id="ATLA-M5">188.16</dst>
            <dst id="ATLAng">23054.984</dst>
            <dst id="CHINng">148323.954666667</dst>
            <dst id="DNVRng">14930</dst>
            <dst id="HSTNng">10248.6346666667</dst>
            <dst id="IPLSng">26470.1066666667</dst>
            <dst id="KSCYng">4341.832</dst>
            <dst id="LOSAng">10044.344</dst>
            <dst id="NYCMng">51339.8213333333</dst>
            <dst id="SNVAng">21879.288</dst>
            <dst id="STTLng">52667.3306666667</dst>
            <dst id="WASHng">56959.9973333333</dst>
        </src>
        <src id="NYCMng">
            <dst id="ATLA-M5">1661.59733333333</dst>
            <dst id="ATLAng">49231.5306666667</dst>
            <dst id="CHINng">28704.4213333333</dst>
            <dst id="DNVRng">14329.1066666667</dst>
            <dst id="HSTNng">9613.25866666667</dst>
            <dst id="IPLSng">39939.0986666667</dst>
            <dst id="KSCYng">10506.152</dst>
            <dst id="LOSAng">53803.704</dst>
            <dst id="NYCMng">124804.010666667</dst>
            <dst id="SNVAng">1103.00533333333</dst>
            <dst id="STTLng">30717.8506666667</dst>
            <dst id="WASHng">87114.5333333334</dst>
        </src>
        <src id="SNVAng">
            <dst id="ATLA-M5">0</dst>
            <dst id="ATLAng">26.6666666666667</dst>
            <dst id="CHINng">80</dst>
            <dst id="DNVRng">5507.16</dst>
            <dst id="HSTNng">114.098666666667</dst>
            <dst id="IPLSng">426.250666666667</dst>
            <dst id="KSCYng">121.474666666667</dst>
            <dst id="LOSAng">6779.24</dst>
            <dst id="NYCMng">168.165333333333</dst>
            <dst id="SNVAng">9331.37066666667</dst>
            <dst id="STTLng">17957.248</dst>
            <dst id="WASHng">106.666666666667</dst>
        </src>
        <src id="STTLng">
            <dst id="ATLA-M5">5775.056</dst>
            <dst id="ATLAng">61401.8666666667</dst>
            <dst id="CHINng">122612.074666667</dst>
            <dst id="DNVRng">11792.6746666667</dst>
            <dst id="HSTNng">27805.712</dst>
            <dst id="IPLSng">77793.7946666667</dst>
            <dst id="KSCYng">60950.976</dst>
            <dst id="LOSAng">28242.68</dst>
            <dst id="NYCMng">23531.9173333333</dst>
            <dst id="SNVAng">1594.37333333333</dst>
            <dst id="STTLng">16429.7546666667</dst>
            <dst id="WASHng">79868.5786666667</dst>
        </src>
        <src id="WASHng">
            <dst id="ATLA-M5">498.773333333333</dst>
            <dst id="ATLAng">98499.1306666667</dst>
            <dst id="CHINng">103116.173333333</dst>
            <dst id="DNVRng">60954.312</dst>
            <dst id="HSTNng">20947.2106666667</dst>
            <dst id="IPLSng">50766.1466666667</dst>
            <dst id="KSCYng">16931.8533333333</dst>
            <dst id="LOSAng">69653.1306666667</dst>
            <dst id="NYCMng">162788.037333333</dst>
            <dst id="SNVAng">2146.05866666667</dst>
            <dst id="STTLng">54179.9573333333</dst>
            <dst id="WASHng">317459.546666667</dst>
        </src>
    </IntraTM>
</TrafficMatrixFile>
