<?xml version="1.0" encoding="ISO-8859-1" standalone="yes"?>
<TrafficMatrixFile xsi:noNamespaceSchemaLocation="http://totem.run.montefiore.ulg.ac.be/Schema/TrafficMatrix-v1_2.xsd" xmlns:xsi="http://www.w3.org/2001/XMLSchema-instance">
    <IntraTM ASID="11537">
        <src id="ATLA-M5">
            <dst id="ATLA-M5">80.2933333333333</dst>
            <dst id="ATLAng">633.781333333333</dst>
            <dst id="CHINng">1360.528</dst>
            <dst id="DNVRng">26.6666666666667</dst>
            <dst id="HSTNng">251.597333333333</dst>
            <dst id="IPLSng">1153.048</dst>
            <dst id="KSCYng">488.888</dst>
            <dst id="LOSAng">120</dst>
            <dst id="NYCMng">167.112</dst>
            <dst id="SNVAng">66.6666666666667</dst>
            <dst id="STTLng">931.821333333333</dst>
            <dst id="WASHng">4583.69066666667</dst>
        </src>
        <src id="ATLAng">
            <dst id="ATLA-M5">2280.928</dst>
            <dst id="ATLAng">42329.3493333333</dst>
            <dst id="CHINng">31848.5706666667</dst>
            <dst id="DNVRng">3688.31466666667</dst>
            <dst id="HSTNng">23008.352</dst>
            <dst id="IPLSng">21401.2293333333</dst>
            <dst id="KSCYng">5652.496</dst>
            <dst id="LOSAng">19529.4906666667</dst>
            <dst id="NYCMng">25753.4373333333</dst>
            <dst id="SNVAng">1038.76533333333</dst>
            <dst id="STTLng">21823.968</dst>
            <dst id="WASHng">68743.8426666667</dst>
        </src>
        <src id="CHINng">
            <dst id="ATLA-M5">873.216</dst>
            <dst id="ATLAng">109579.645333333</dst>
            <dst id="CHINng">113357.946666667</dst>
            <dst id="DNVRng">71780.1866666667</dst>
            <dst id="HSTNng">16906.904</dst>
            <dst id="IPLSng">78878.5146666667</dst>
            <dst id="KSCYng">17210.4773333333</dst>
            <dst id="LOSAng">462632.48</dst>
            <dst id="NYCMng">35941.3093333333</dst>
            <dst id="SNVAng">7633.97866666667</dst>
            <dst id="STTLng">39100.264</dst>
            <dst id="WASHng">31777.7466666667</dst>
        </src>
        <src id="DNVRng">
            <dst id="ATLA-M5">295.802666666667</dst>
            <dst id="ATLAng">15512</dst>
            <dst id="CHINng">110800.706666667</dst>
            <dst id="DNVRng">26012.288</dst>
            <dst id="HSTNng">17027.448</dst>
            <dst id="IPLSng">19928.0213333333</dst>
            <dst id="KSCYng">22563.8026666667</dst>
            <dst id="LOSAng">25064.0373333333</dst>
            <dst id="NYCMng">11485.032</dst>
            <dst id="SNVAng">16058.7253333333</dst>
            <dst id="STTLng">35486.96</dst>
            <dst id="WASHng">30620.288</dst>
        </src>
        <src id="HSTNng">
            <dst id="ATLA-M5">3119.18666666667</dst>
            <dst id="ATLAng">6279.53066666667</dst>
            <dst id="CHINng">21207.88</dst>
            <dst id="DNVRng">1387.07466666667</dst>
            <dst id="HSTNng">21072.7413333333</dst>
            <dst id="IPLSng">13039.5946666667</dst>
            <dst id="KSCYng">8917.47466666667</dst>
            <dst id="LOSAng">2844.90666666667</dst>
            <dst id="NYCMng">6263.38933333333</dst>
            <dst id="SNVAng">809.773333333333</dst>
            <dst id="STTLng">14319.648</dst>
            <dst id="WASHng">17245.8026666667</dst>
        </src>
        <src id="IPLSng">
            <dst id="ATLA-M5">286.490666666667</dst>
            <dst id="ATLAng">19801.136</dst>
            <dst id="CHINng">90739.232</dst>
            <dst id="DNVRng">27424.9306666667</dst>
            <dst id="HSTNng">15788.0613333333</dst>
            <dst id="IPLSng">38737.232</dst>
            <dst id="KSCYng">20223.7093333333</dst>
            <dst id="LOSAng">26786.808</dst>
            <dst id="NYCMng">15895.8666666667</dst>
            <dst id="SNVAng">1920.47733333333</dst>
            <dst id="STTLng">33185.2773333333</dst>
            <dst id="WASHng">26955.9066666667</dst>
        </src>
        <src id="KSCYng">
            <dst id="ATLA-M5">571.973333333333</dst>
            <dst id="ATLAng">6982.47733333333</dst>
            <dst id="CHINng">32517.104</dst>
            <dst id="DNVRng">8391.96533333333</dst>
            <dst id="HSTNng">3860.75733333333</dst>
            <dst id="IPLSng">29748.8746666667</dst>
            <dst id="KSCYng">12741.504</dst>
            <dst id="LOSAng">3865.19733333333</dst>
            <dst id="NYCMng">7182.68</dst>
            <dst id="SNVAng">2860.69866666667</dst>
            <dst id="STTLng">17070.3946666667</dst>
            <dst id="WASHng">12450.8666666667</dst>
        </src>
        <src id="LOSAng">
            <dst id="ATLA-M5">336.322666666667</dst>
            <dst id="ATLAng">17614.176</dst>
            <dst id="CHINng">136125.309333333</dst>
            <dst id="DNVRng">12968.0026666667</dst>
            <dst id="HSTNng">13718.648</dst>
            <dst id="IPLSng">27608.8453333333</dst>
            <dst id="KSCYng">22979.9066666667</dst>
            <dst id="LOSAng">10549.32</dst>
            <dst id="NYCMng">44758.5706666667</dst>
            <dst id="SNVAng">20353.7946666667</dst>
            <dst id="STTLng">67519.8613333333</dst>
            <dst id="WASHng">61126.1226666667</dst>
        </src>
        <src id="NYCMng">
            <dst id="ATLA-M5">1734.05333333333</dst>
            <dst id="ATLAng">57396.9866666667</dst>
            <dst id="CHINng">40782.656</dst>
            <dst id="DNVRng">25959.0586666667</dst>
            <dst id="HSTNng">17456.7333333333</dst>
            <dst id="IPLSng">58445.504</dst>
            <dst id="KSCYng">26481.44</dst>
            <dst id="LOSAng">65133.5573333333</dst>
            <dst id="NYCMng">206417.786666667</dst>
            <dst id="SNVAng">3882.32533333333</dst>
            <dst id="STTLng">25125.9173333333</dst>
            <dst id="WASHng">96681.5413333334</dst>
        </src>
        <src id="SNVAng">
            <dst id="ATLA-M5">26.6666666666667</dst>
            <dst id="ATLAng">57.976</dst>
            <dst id="CHINng">237.245333333333</dst>
            <dst id="DNVRng">7135.57866666667</dst>
            <dst id="HSTNng">179.821333333333</dst>
            <dst id="IPLSng">708.434666666667</dst>
            <dst id="KSCYng">391.416</dst>
            <dst id="LOSAng">8555.30933333333</dst>
            <dst id="NYCMng">53.3333333333333</dst>
            <dst id="SNVAng">10143.2613333333</dst>
            <dst id="STTLng">20174.5413333333</dst>
            <dst id="WASHng">134.594666666667</dst>
        </src>
        <src id="STTLng">
            <dst id="ATLA-M5">3529.032</dst>
            <dst id="ATLAng">76326.1466666667</dst>
            <dst id="CHINng">130028.485333333</dst>
            <dst id="DNVRng">39703.624</dst>
            <dst id="HSTNng">56366.4426666667</dst>
            <dst id="IPLSng">103774.293333333</dst>
            <dst id="KSCYng">68062.9093333333</dst>
            <dst id="LOSAng">26957.5706666667</dst>
            <dst id="NYCMng">38000.6293333333</dst>
            <dst id="SNVAng">8846.20266666667</dst>
            <dst id="STTLng">34502.8933333333</dst>
            <dst id="WASHng">98481.104</dst>
        </src>
        <src id="WASHng">
            <dst id="ATLA-M5">6454.41866666667</dst>
            <dst id="ATLAng">132953.450666667</dst>
            <dst id="CHINng">129631.848</dst>
            <dst id="DNVRng">85125.216</dst>
            <dst id="HSTNng">30951.9093333333</dst>
            <dst id="IPLSng">72599.472</dst>
            <dst id="KSCYng">21224.592</dst>
            <dst id="LOSAng">76836.5226666667</dst>
            <dst id="NYCMng">220039.186666667</dst>
            <dst id="SNVAng">6587.744</dst>
            <dst id="STTLng">63095.5306666667</dst>
            <dst id="WASHng">320387.946666667</dst>
        </src>
    </IntraTM>
</TrafficMatrixFile>
