<?xml version="1.0" encoding="ISO-8859-1" standalone="yes"?>
<TrafficMatrixFile xsi:noNamespaceSchemaLocation="http://totem.run.montefiore.ulg.ac.be/Schema/TrafficMatrix-v1_2.xsd" xmlns:xsi="http://www.w3.org/2001/XMLSchema-instance">
    <IntraTM ASID="11537">
        <src id="ATLA-M5">
            <dst id="ATLA-M5">527.154666666667</dst>
            <dst id="ATLAng">1012.33333333333</dst>
            <dst id="CHINng">1918.55733333333</dst>
            <dst id="DNVRng">88.368</dst>
            <dst id="HSTNng">325.434666666667</dst>
            <dst id="IPLSng">921.242666666667</dst>
            <dst id="KSCYng">187.810666666667</dst>
            <dst id="LOSAng">30.9693333333333</dst>
            <dst id="NYCMng">825.189333333333</dst>
            <dst id="SNVAng">30.9693333333333</dst>
            <dst id="STTLng">1484.20266666667</dst>
            <dst id="WASHng">2293.44533333333</dst>
        </src>
        <src id="ATLAng">
            <dst id="ATLA-M5">697.778666666667</dst>
            <dst id="ATLAng">38013.9013333333</dst>
            <dst id="CHINng">27306.8</dst>
            <dst id="DNVRng">8897.25866666667</dst>
            <dst id="HSTNng">9553.31733333333</dst>
            <dst id="IPLSng">29704.5813333333</dst>
            <dst id="KSCYng">8139.80533333333</dst>
            <dst id="LOSAng">13607.396</dst>
            <dst id="NYCMng">15028.4293333333</dst>
            <dst id="SNVAng">1514.676</dst>
            <dst id="STTLng">25036.5493333333</dst>
            <dst id="WASHng">52493.704</dst>
        </src>
        <src id="CHINng">
            <dst id="ATLA-M5">626.170666666667</dst>
            <dst id="ATLAng">26615.432</dst>
            <dst id="CHINng">156074.613333333</dst>
            <dst id="DNVRng">16847.2986666667</dst>
            <dst id="HSTNng">6251.704</dst>
            <dst id="IPLSng">85241.2586666667</dst>
            <dst id="KSCYng">47417.04</dst>
            <dst id="LOSAng">47312.568</dst>
            <dst id="NYCMng">29986.1386666667</dst>
            <dst id="SNVAng">4485.824</dst>
            <dst id="STTLng">34055.1626666667</dst>
            <dst id="WASHng">48580.936</dst>
        </src>
        <src id="DNVRng">
            <dst id="ATLA-M5">365.512</dst>
            <dst id="ATLAng">15232.6453333333</dst>
            <dst id="CHINng">33655.6213333333</dst>
            <dst id="DNVRng">18836.2</dst>
            <dst id="HSTNng">8974.12533333333</dst>
            <dst id="IPLSng">20616.296</dst>
            <dst id="KSCYng">21908.7706666667</dst>
            <dst id="LOSAng">26015.0613333333</dst>
            <dst id="NYCMng">19176.8</dst>
            <dst id="SNVAng">39825.2293333333</dst>
            <dst id="STTLng">30264.0026666667</dst>
            <dst id="WASHng">37283.0133333333</dst>
        </src>
        <src id="HSTNng">
            <dst id="ATLA-M5">2264.16266666667</dst>
            <dst id="ATLAng">10268.8213333333</dst>
            <dst id="CHINng">16956.624</dst>
            <dst id="DNVRng">2086.27733333333</dst>
            <dst id="HSTNng">12729.3626666667</dst>
            <dst id="IPLSng">7452.76</dst>
            <dst id="KSCYng">12221.512</dst>
            <dst id="LOSAng">9750.928</dst>
            <dst id="NYCMng">7149.992</dst>
            <dst id="SNVAng">2789.70133333333</dst>
            <dst id="STTLng">12942.8506666667</dst>
            <dst id="WASHng">12588.616</dst>
        </src>
        <src id="IPLSng">
            <dst id="ATLA-M5">892.568</dst>
            <dst id="ATLAng">23525.2693333333</dst>
            <dst id="CHINng">80732.64</dst>
            <dst id="DNVRng">7786.36533333333</dst>
            <dst id="HSTNng">3855.46666666667</dst>
            <dst id="IPLSng">39825.4986666667</dst>
            <dst id="KSCYng">18925.272</dst>
            <dst id="LOSAng">20176.9706666667</dst>
            <dst id="NYCMng">16697.6666666667</dst>
            <dst id="SNVAng">3578.60266666667</dst>
            <dst id="STTLng">37107.648</dst>
            <dst id="WASHng">25456.7813333333</dst>
        </src>
        <src id="KSCYng">
            <dst id="ATLA-M5">578.84</dst>
            <dst id="ATLAng">12344.272</dst>
            <dst id="CHINng">26577.464</dst>
            <dst id="DNVRng">8902.408</dst>
            <dst id="HSTNng">4580.01066666667</dst>
            <dst id="IPLSng">15850.696</dst>
            <dst id="KSCYng">14584.2133333333</dst>
            <dst id="LOSAng">4162.54666666667</dst>
            <dst id="NYCMng">8912.6</dst>
            <dst id="SNVAng">2170.37333333333</dst>
            <dst id="STTLng">15152.8613333333</dst>
            <dst id="WASHng">19178.1333333333</dst>
        </src>
        <src id="LOSAng">
            <dst id="ATLA-M5">236.448</dst>
            <dst id="ATLAng">12167.8666666667</dst>
            <dst id="CHINng">105723.781333333</dst>
            <dst id="DNVRng">33578.728</dst>
            <dst id="HSTNng">11028.72</dst>
            <dst id="IPLSng">24114.6986666667</dst>
            <dst id="KSCYng">11046.128</dst>
            <dst id="LOSAng">10438.744</dst>
            <dst id="NYCMng">37877.528</dst>
            <dst id="SNVAng">25865.768</dst>
            <dst id="STTLng">80174.1146666667</dst>
            <dst id="WASHng">54666.8266666667</dst>
        </src>
        <src id="NYCMng">
            <dst id="ATLA-M5">2237.32533333333</dst>
            <dst id="ATLAng">49826.5493333333</dst>
            <dst id="CHINng">47362.416</dst>
            <dst id="DNVRng">29352.648</dst>
            <dst id="HSTNng">14300.5466666667</dst>
            <dst id="IPLSng">31198.8986666667</dst>
            <dst id="KSCYng">21844.8053333333</dst>
            <dst id="LOSAng">54868.912</dst>
            <dst id="NYCMng">205214.453333333</dst>
            <dst id="SNVAng">5940.29066666667</dst>
            <dst id="STTLng">25762.8933333333</dst>
            <dst id="WASHng">146798.626666667</dst>
        </src>
        <src id="SNVAng">
            <dst id="ATLA-M5">0</dst>
            <dst id="ATLAng">80</dst>
            <dst id="CHINng">203.050666666667</dst>
            <dst id="DNVRng">7929.464</dst>
            <dst id="HSTNng">6854.15466666667</dst>
            <dst id="IPLSng">478.496</dst>
            <dst id="KSCYng">53.3333333333333</dst>
            <dst id="LOSAng">4360.20533333333</dst>
            <dst id="NYCMng">113.405333333333</dst>
            <dst id="SNVAng">10382.4586666667</dst>
            <dst id="STTLng">20016.3786666667</dst>
            <dst id="WASHng">345.16</dst>
        </src>
        <src id="STTLng">
            <dst id="ATLA-M5">3168.45866666667</dst>
            <dst id="ATLAng">72771.224</dst>
            <dst id="CHINng">115150.506666667</dst>
            <dst id="DNVRng">56164.672</dst>
            <dst id="HSTNng">34729.536</dst>
            <dst id="IPLSng">87022.8346666666</dst>
            <dst id="KSCYng">63872.12</dst>
            <dst id="LOSAng">12608.8853333333</dst>
            <dst id="NYCMng">26413.1493333333</dst>
            <dst id="SNVAng">9328.44266666667</dst>
            <dst id="STTLng">28336.4106666667</dst>
            <dst id="WASHng">96830.6853333333</dst>
        </src>
        <src id="WASHng">
            <dst id="ATLA-M5">2644.59733333333</dst>
            <dst id="ATLAng">113658.514666667</dst>
            <dst id="CHINng">95160.28</dst>
            <dst id="DNVRng">62994.7413333334</dst>
            <dst id="HSTNng">35585.496</dst>
            <dst id="IPLSng">95262.328</dst>
            <dst id="KSCYng">27644.912</dst>
            <dst id="LOSAng">91012.0586666667</dst>
            <dst id="NYCMng">233101.221333333</dst>
            <dst id="SNVAng">8958.17866666667</dst>
            <dst id="STTLng">70562.1733333333</dst>
            <dst id="WASHng">310430.32</dst>
        </src>
    </IntraTM>
</TrafficMatrixFile>
