<?xml version="1.0" encoding="ISO-8859-1" standalone="yes"?>
<TrafficMatrixFile xsi:noNamespaceSchemaLocation="http://totem.run.montefiore.ulg.ac.be/Schema/TrafficMatrix-v1_2.xsd" xmlns:xsi="http://www.w3.org/2001/XMLSchema-instance">
    <IntraTM ASID="11537">
        <src id="ATLA-M5">
            <dst id="ATLA-M5">83.192</dst>
            <dst id="ATLAng">1335.184</dst>
            <dst id="CHINng">1262.79733333333</dst>
            <dst id="DNVRng">302.437333333333</dst>
            <dst id="HSTNng">176.72</dst>
            <dst id="IPLSng">1042.31466666667</dst>
            <dst id="KSCYng">386.053333333333</dst>
            <dst id="LOSAng">298.277333333333</dst>
            <dst id="NYCMng">1256.20266666667</dst>
            <dst id="SNVAng">0</dst>
            <dst id="STTLng">502.784</dst>
            <dst id="WASHng">819.152</dst>
        </src>
        <src id="ATLAng">
            <dst id="ATLA-M5">504.712</dst>
            <dst id="ATLAng">43089.3386666667</dst>
            <dst id="CHINng">34216.9306666667</dst>
            <dst id="DNVRng">5907.94133333333</dst>
            <dst id="HSTNng">6874.19466666667</dst>
            <dst id="IPLSng">20140.088</dst>
            <dst id="KSCYng">5772.728</dst>
            <dst id="LOSAng">15561.8186666667</dst>
            <dst id="NYCMng">9420.70666666667</dst>
            <dst id="SNVAng">1142.576</dst>
            <dst id="STTLng">11984</dst>
            <dst id="WASHng">31888.128</dst>
        </src>
        <src id="CHINng">
            <dst id="ATLA-M5">2545.85066666667</dst>
            <dst id="ATLAng">36603.7253333333</dst>
            <dst id="CHINng">217621.28</dst>
            <dst id="DNVRng">29541.8266666667</dst>
            <dst id="HSTNng">13853.0373333333</dst>
            <dst id="IPLSng">45369.9706666667</dst>
            <dst id="KSCYng">22483.056</dst>
            <dst id="LOSAng">57659.088</dst>
            <dst id="NYCMng">15775.904</dst>
            <dst id="SNVAng">4251.608</dst>
            <dst id="STTLng">25930.968</dst>
            <dst id="WASHng">28922.6346666667</dst>
        </src>
        <src id="DNVRng">
            <dst id="ATLA-M5">695.264</dst>
            <dst id="ATLAng">7677.016</dst>
            <dst id="CHINng">28476.4026666667</dst>
            <dst id="DNVRng">12114.4853333333</dst>
            <dst id="HSTNng">16528.7866666667</dst>
            <dst id="IPLSng">13306.9173333333</dst>
            <dst id="KSCYng">27004.024</dst>
            <dst id="LOSAng">19509.3226666667</dst>
            <dst id="NYCMng">7313.61066666667</dst>
            <dst id="SNVAng">20866.176</dst>
            <dst id="STTLng">33937.392</dst>
            <dst id="WASHng">25101.2453333333</dst>
        </src>
        <src id="HSTNng">
            <dst id="ATLA-M5">1084.384</dst>
            <dst id="ATLAng">5037.08533333333</dst>
            <dst id="CHINng">22433.3066666667</dst>
            <dst id="DNVRng">8217.02933333333</dst>
            <dst id="HSTNng">11992.4773333333</dst>
            <dst id="IPLSng">4109.896</dst>
            <dst id="KSCYng">12113.3173333333</dst>
            <dst id="LOSAng">7321.47466666667</dst>
            <dst id="NYCMng">4592.21066666667</dst>
            <dst id="SNVAng">156.533333333333</dst>
            <dst id="STTLng">7055.54666666667</dst>
            <dst id="WASHng">14185.92</dst>
        </src>
        <src id="IPLSng">
            <dst id="ATLA-M5">1124.58666666667</dst>
            <dst id="ATLAng">19640.976</dst>
            <dst id="CHINng">39411.8826666667</dst>
            <dst id="DNVRng">9787.22933333333</dst>
            <dst id="HSTNng">5889.088</dst>
            <dst id="IPLSng">10887.3786666667</dst>
            <dst id="KSCYng">19517.904</dst>
            <dst id="LOSAng">15271.08</dst>
            <dst id="NYCMng">9838.77866666667</dst>
            <dst id="SNVAng">866.064</dst>
            <dst id="STTLng">28734.5466666667</dst>
            <dst id="WASHng">19232.8026666667</dst>
        </src>
        <src id="KSCYng">
            <dst id="ATLA-M5">275.944</dst>
            <dst id="ATLAng">6150.52266666667</dst>
            <dst id="CHINng">23667.4453333333</dst>
            <dst id="DNVRng">9672.84</dst>
            <dst id="HSTNng">4010.47733333333</dst>
            <dst id="IPLSng">18453.384</dst>
            <dst id="KSCYng">13589.648</dst>
            <dst id="LOSAng">5066.36</dst>
            <dst id="NYCMng">9987.86666666667</dst>
            <dst id="SNVAng">2897.824</dst>
            <dst id="STTLng">12182.8106666667</dst>
            <dst id="WASHng">21249.4906666667</dst>
        </src>
        <src id="LOSAng">
            <dst id="ATLA-M5">743.624</dst>
            <dst id="ATLAng">12279.848</dst>
            <dst id="CHINng">84347.0693333333</dst>
            <dst id="DNVRng">30055.928</dst>
            <dst id="HSTNng">3613.54666666667</dst>
            <dst id="IPLSng">37271.832</dst>
            <dst id="KSCYng">8221.76266666667</dst>
            <dst id="LOSAng">17276.0346666667</dst>
            <dst id="NYCMng">33981.832</dst>
            <dst id="SNVAng">18078.3626666667</dst>
            <dst id="STTLng">61821.3893333333</dst>
            <dst id="WASHng">67304.7253333333</dst>
        </src>
        <src id="NYCMng">
            <dst id="ATLA-M5">2427.63466666667</dst>
            <dst id="ATLAng">31917.1973333333</dst>
            <dst id="CHINng">32677.0346666667</dst>
            <dst id="DNVRng">24896.9786666667</dst>
            <dst id="HSTNng">11866.4053333333</dst>
            <dst id="IPLSng">26840.936</dst>
            <dst id="KSCYng">12656.8213333333</dst>
            <dst id="LOSAng">61745.6053333333</dst>
            <dst id="NYCMng">84690.5066666667</dst>
            <dst id="SNVAng">2372.104</dst>
            <dst id="STTLng">28165.664</dst>
            <dst id="WASHng">86163.2266666667</dst>
        </src>
        <src id="SNVAng">
            <dst id="ATLA-M5">0</dst>
            <dst id="ATLAng">601.728</dst>
            <dst id="CHINng">134.986666666667</dst>
            <dst id="DNVRng">6572.86133333333</dst>
            <dst id="HSTNng">0</dst>
            <dst id="IPLSng">468.938666666667</dst>
            <dst id="KSCYng">0</dst>
            <dst id="LOSAng">7987.264</dst>
            <dst id="NYCMng">307.325333333333</dst>
            <dst id="SNVAng">6390.368</dst>
            <dst id="STTLng">16934.3973333333</dst>
            <dst id="WASHng">26.6666666666667</dst>
        </src>
        <src id="STTLng">
            <dst id="ATLA-M5">2355.93066666667</dst>
            <dst id="ATLAng">18362.352</dst>
            <dst id="CHINng">29493.3546666667</dst>
            <dst id="DNVRng">18499.0933333333</dst>
            <dst id="HSTNng">8946.56</dst>
            <dst id="IPLSng">36888.5253333333</dst>
            <dst id="KSCYng">20908.168</dst>
            <dst id="LOSAng">41010.1866666667</dst>
            <dst id="NYCMng">7183.528</dst>
            <dst id="SNVAng">3939.896</dst>
            <dst id="STTLng">27208.4266666667</dst>
            <dst id="WASHng">35106.6613333333</dst>
        </src>
        <src id="WASHng">
            <dst id="ATLA-M5">1044.80533333333</dst>
            <dst id="ATLAng">80911.1493333333</dst>
            <dst id="CHINng">80532.6293333334</dst>
            <dst id="DNVRng">74625.4293333333</dst>
            <dst id="HSTNng">32048.504</dst>
            <dst id="IPLSng">43209.4826666667</dst>
            <dst id="KSCYng">32259.0506666667</dst>
            <dst id="LOSAng">71874.1893333333</dst>
            <dst id="NYCMng">150504.264</dst>
            <dst id="SNVAng">6493.59733333333</dst>
            <dst id="STTLng">50217.6106666667</dst>
            <dst id="WASHng">385297.813333333</dst>
        </src>
    </IntraTM>
</TrafficMatrixFile>
