<?xml version="1.0" encoding="ISO-8859-1" standalone="yes"?>
<TrafficMatrixFile xsi:noNamespaceSchemaLocation="http://totem.run.montefiore.ulg.ac.be/Schema/TrafficMatrix-v1_2.xsd" xmlns:xsi="http://www.w3.org/2001/XMLSchema-instance">
    <IntraTM ASID="11537">
        <src id="ATLA-M5">
            <dst id="ATLA-M5">0</dst>
            <dst id="ATLAng">145.088</dst>
            <dst id="CHINng">3100.712</dst>
            <dst id="DNVRng">280.754666666667</dst>
            <dst id="HSTNng">787.058666666667</dst>
            <dst id="IPLSng">1627.912</dst>
            <dst id="KSCYng">354.517333333333</dst>
            <dst id="LOSAng">270.698666666667</dst>
            <dst id="NYCMng">1076.248</dst>
            <dst id="SNVAng">13.792</dst>
            <dst id="STTLng">401.984</dst>
            <dst id="WASHng">396.661333333333</dst>
        </src>
        <src id="ATLAng">
            <dst id="ATLA-M5">1493.272</dst>
            <dst id="ATLAng">33779.8533333333</dst>
            <dst id="CHINng">14798.48</dst>
            <dst id="DNVRng">3324.464</dst>
            <dst id="HSTNng">3059.936</dst>
            <dst id="IPLSng">19942.024</dst>
            <dst id="KSCYng">5392.78933333333</dst>
            <dst id="LOSAng">24775.5493333333</dst>
            <dst id="NYCMng">12481.6746666667</dst>
            <dst id="SNVAng">1087.86133333333</dst>
            <dst id="STTLng">9084.30933333333</dst>
            <dst id="WASHng">39452.6933333333</dst>
        </src>
        <src id="CHINng">
            <dst id="ATLA-M5">1104.696</dst>
            <dst id="ATLAng">21962.176</dst>
            <dst id="CHINng">673167.04</dst>
            <dst id="DNVRng">23947.5733333333</dst>
            <dst id="HSTNng">16359.3413333333</dst>
            <dst id="IPLSng">81290.824</dst>
            <dst id="KSCYng">14548.6426666667</dst>
            <dst id="LOSAng">50940.1253333333</dst>
            <dst id="NYCMng">10887.7573333333</dst>
            <dst id="SNVAng">4635.05333333333</dst>
            <dst id="STTLng">17140.856</dst>
            <dst id="WASHng">21445.456</dst>
        </src>
        <src id="DNVRng">
            <dst id="ATLA-M5">207.741333333333</dst>
            <dst id="ATLAng">4692.50133333333</dst>
            <dst id="CHINng">114522.685333333</dst>
            <dst id="DNVRng">12559.048</dst>
            <dst id="HSTNng">12651.48</dst>
            <dst id="IPLSng">12262.5013333333</dst>
            <dst id="KSCYng">16323.2906666667</dst>
            <dst id="LOSAng">16135.5226666667</dst>
            <dst id="NYCMng">6445.58666666667</dst>
            <dst id="SNVAng">12294.3413333333</dst>
            <dst id="STTLng">24901.9066666667</dst>
            <dst id="WASHng">22351.0773333333</dst>
        </src>
        <src id="HSTNng">
            <dst id="ATLA-M5">340.421333333333</dst>
            <dst id="ATLAng">17456.872</dst>
            <dst id="CHINng">15140.552</dst>
            <dst id="DNVRng">1554.48266666667</dst>
            <dst id="HSTNng">13538.552</dst>
            <dst id="IPLSng">2537.48266666667</dst>
            <dst id="KSCYng">8096.62133333333</dst>
            <dst id="LOSAng">5620.39466666667</dst>
            <dst id="NYCMng">1785.39466666667</dst>
            <dst id="SNVAng">162.704</dst>
            <dst id="STTLng">4458.28</dst>
            <dst id="WASHng">5765.848</dst>
        </src>
        <src id="IPLSng">
            <dst id="ATLA-M5">481.661333333333</dst>
            <dst id="ATLAng">18334.9306666667</dst>
            <dst id="CHINng">43820.2746666667</dst>
            <dst id="DNVRng">8362.96</dst>
            <dst id="HSTNng">1287.81866666667</dst>
            <dst id="IPLSng">31271.4906666667</dst>
            <dst id="KSCYng">9523.496</dst>
            <dst id="LOSAng">19485.568</dst>
            <dst id="NYCMng">12110.5333333333</dst>
            <dst id="SNVAng">3489.81866666667</dst>
            <dst id="STTLng">24717.672</dst>
            <dst id="WASHng">25300.264</dst>
        </src>
        <src id="KSCYng">
            <dst id="ATLA-M5">215.882666666667</dst>
            <dst id="ATLAng">4639.096</dst>
            <dst id="CHINng">30756.9813333333</dst>
            <dst id="DNVRng">9474.216</dst>
            <dst id="HSTNng">4287.27466666667</dst>
            <dst id="IPLSng">15088.28</dst>
            <dst id="KSCYng">8440.54933333333</dst>
            <dst id="LOSAng">7474.34933333333</dst>
            <dst id="NYCMng">4259.06133333333</dst>
            <dst id="SNVAng">2601.43733333333</dst>
            <dst id="STTLng">6878.368</dst>
            <dst id="WASHng">11989.672</dst>
        </src>
        <src id="LOSAng">
            <dst id="ATLA-M5">203.994666666667</dst>
            <dst id="ATLAng">10034.9573333333</dst>
            <dst id="CHINng">6279004.8</dst>
            <dst id="DNVRng">20681.744</dst>
            <dst id="HSTNng">4978.70666666667</dst>
            <dst id="IPLSng">19831.792</dst>
            <dst id="KSCYng">6153.96</dst>
            <dst id="LOSAng">16449.808</dst>
            <dst id="NYCMng">50964.352</dst>
            <dst id="SNVAng">19413.344</dst>
            <dst id="STTLng">66701.9306666666</dst>
            <dst id="WASHng">44791.104</dst>
        </src>
        <src id="NYCMng">
            <dst id="ATLA-M5">961.261333333333</dst>
            <dst id="ATLAng">20598.2826666667</dst>
            <dst id="CHINng">38933.688</dst>
            <dst id="DNVRng">14394.928</dst>
            <dst id="HSTNng">14514.5146666667</dst>
            <dst id="IPLSng">17625.144</dst>
            <dst id="KSCYng">16952.5173333333</dst>
            <dst id="LOSAng">74071.8986666667</dst>
            <dst id="NYCMng">87085.6266666667</dst>
            <dst id="SNVAng">1545.32</dst>
            <dst id="STTLng">26595.1493333333</dst>
            <dst id="WASHng">64720.832</dst>
        </src>
        <src id="SNVAng">
            <dst id="ATLA-M5">0</dst>
            <dst id="ATLAng">443.274666666667</dst>
            <dst id="CHINng">120.224</dst>
            <dst id="DNVRng">1265.26133333333</dst>
            <dst id="HSTNng">26.6666666666667</dst>
            <dst id="IPLSng">386.602666666667</dst>
            <dst id="KSCYng">26.6666666666667</dst>
            <dst id="LOSAng">7495.01066666667</dst>
            <dst id="NYCMng">57.864</dst>
            <dst id="SNVAng">8011.96</dst>
            <dst id="STTLng">17562.7626666667</dst>
            <dst id="WASHng">53.3333333333333</dst>
        </src>
        <src id="STTLng">
            <dst id="ATLA-M5">787.594666666667</dst>
            <dst id="ATLAng">20558.6533333333</dst>
            <dst id="CHINng">29669.6026666667</dst>
            <dst id="DNVRng">7252.42133333333</dst>
            <dst id="HSTNng">6382.32533333333</dst>
            <dst id="IPLSng">20044.952</dst>
            <dst id="KSCYng">16451.184</dst>
            <dst id="LOSAng">37947.632</dst>
            <dst id="NYCMng">9208.40266666667</dst>
            <dst id="SNVAng">3878.09066666667</dst>
            <dst id="STTLng">24621.3253333333</dst>
            <dst id="WASHng">12024.664</dst>
        </src>
        <src id="WASHng">
            <dst id="ATLA-M5">2210.53866666667</dst>
            <dst id="ATLAng">86939.632</dst>
            <dst id="CHINng">68770.6</dst>
            <dst id="DNVRng">73831.1866666667</dst>
            <dst id="HSTNng">27758.568</dst>
            <dst id="IPLSng">58102.6426666667</dst>
            <dst id="KSCYng">27968.776</dst>
            <dst id="LOSAng">79564.432</dst>
            <dst id="NYCMng">198396.72</dst>
            <dst id="SNVAng">1901.50133333333</dst>
            <dst id="STTLng">56084.4826666667</dst>
            <dst id="WASHng">353952.72</dst>
        </src>
    </IntraTM>
</TrafficMatrixFile>
