<?xml version="1.0" encoding="ISO-8859-1" standalone="yes"?>
<TrafficMatrixFile xsi:noNamespaceSchemaLocation="http://totem.run.montefiore.ulg.ac.be/Schema/TrafficMatrix-v1_2.xsd" xmlns:xsi="http://www.w3.org/2001/XMLSchema-instance">
    <IntraTM ASID="11537">
        <src id="ATLA-M5">
            <dst id="ATLA-M5">303.733333333333</dst>
            <dst id="ATLAng">679.797333333333</dst>
            <dst id="CHINng">962.746666666667</dst>
            <dst id="DNVRng">245.24</dst>
            <dst id="HSTNng">241.165333333333</dst>
            <dst id="IPLSng">1100.49866666667</dst>
            <dst id="KSCYng">1134.66666666667</dst>
            <dst id="LOSAng">147.956</dst>
            <dst id="NYCMng">1104.856</dst>
            <dst id="SNVAng">28.8546666666667</dst>
            <dst id="STTLng">873.552</dst>
            <dst id="WASHng">2368.464</dst>
        </src>
        <src id="ATLAng">
            <dst id="ATLA-M5">877.485333333334</dst>
            <dst id="ATLAng">32637.328</dst>
            <dst id="CHINng">23875.576</dst>
            <dst id="DNVRng">11402.6853333333</dst>
            <dst id="HSTNng">38734.0666666667</dst>
            <dst id="IPLSng">30678.7466666667</dst>
            <dst id="KSCYng">17499.3493333333</dst>
            <dst id="LOSAng">9727.30266666667</dst>
            <dst id="NYCMng">17111.8773333333</dst>
            <dst id="SNVAng">857.713333333333</dst>
            <dst id="STTLng">22833.1813333333</dst>
            <dst id="WASHng">74750.3013333333</dst>
        </src>
        <src id="CHINng">
            <dst id="ATLA-M5">1012.96</dst>
            <dst id="ATLAng">27702.2186666667</dst>
            <dst id="CHINng">120930.450666667</dst>
            <dst id="DNVRng">17864.3946666667</dst>
            <dst id="HSTNng">17685.4506666667</dst>
            <dst id="IPLSng">94261.9013333333</dst>
            <dst id="KSCYng">31963.3226666667</dst>
            <dst id="LOSAng">60845.44</dst>
            <dst id="NYCMng">31939.5706666667</dst>
            <dst id="SNVAng">3722.99733333333</dst>
            <dst id="STTLng">38571.7653333333</dst>
            <dst id="WASHng">44334.5893333333</dst>
        </src>
        <src id="DNVRng">
            <dst id="ATLA-M5">299.125333333333</dst>
            <dst id="ATLAng">9356.26666666667</dst>
            <dst id="CHINng">36474.8026666667</dst>
            <dst id="DNVRng">14436.6586666667</dst>
            <dst id="HSTNng">23154.3893333333</dst>
            <dst id="IPLSng">12413.9306666667</dst>
            <dst id="KSCYng">26192.08</dst>
            <dst id="LOSAng">13951.9013333333</dst>
            <dst id="NYCMng">12910.0266666667</dst>
            <dst id="SNVAng">20415.1893333333</dst>
            <dst id="STTLng">55933.5146666667</dst>
            <dst id="WASHng">33722.032</dst>
        </src>
        <src id="HSTNng">
            <dst id="ATLA-M5">2441.40266666667</dst>
            <dst id="ATLAng">9398.76266666667</dst>
            <dst id="CHINng">17118.4933333333</dst>
            <dst id="DNVRng">1782.50666666667</dst>
            <dst id="HSTNng">16290.3093333333</dst>
            <dst id="IPLSng">8955.136</dst>
            <dst id="KSCYng">10563.8933333333</dst>
            <dst id="LOSAng">9155.77866666667</dst>
            <dst id="NYCMng">9307.82666666667</dst>
            <dst id="SNVAng">519.709333333333</dst>
            <dst id="STTLng">12666.856</dst>
            <dst id="WASHng">11124.224</dst>
        </src>
        <src id="IPLSng">
            <dst id="ATLA-M5">1023.62933333333</dst>
            <dst id="ATLAng">22616.2666666667</dst>
            <dst id="CHINng">103318.144</dst>
            <dst id="DNVRng">9555.74933333333</dst>
            <dst id="HSTNng">9946.25866666667</dst>
            <dst id="IPLSng">20040.5466666667</dst>
            <dst id="KSCYng">20919.6853333333</dst>
            <dst id="LOSAng">25250.9333333333</dst>
            <dst id="NYCMng">15792.096</dst>
            <dst id="SNVAng">4633.36533333333</dst>
            <dst id="STTLng">35598.9626666667</dst>
            <dst id="WASHng">38025.712</dst>
        </src>
        <src id="KSCYng">
            <dst id="ATLA-M5">719.981333333333</dst>
            <dst id="ATLAng">13734.6853333333</dst>
            <dst id="CHINng">30582.8133333333</dst>
            <dst id="DNVRng">12226.7653333333</dst>
            <dst id="HSTNng">4114.06666666667</dst>
            <dst id="IPLSng">17268.784</dst>
            <dst id="KSCYng">9247.75733333333</dst>
            <dst id="LOSAng">5759.13333333333</dst>
            <dst id="NYCMng">7031.33066666666</dst>
            <dst id="SNVAng">2172.78666666667</dst>
            <dst id="STTLng">16548.808</dst>
            <dst id="WASHng">15520.6133333333</dst>
        </src>
        <src id="LOSAng">
            <dst id="ATLA-M5">980.722666666667</dst>
            <dst id="ATLAng">15774.5093333333</dst>
            <dst id="CHINng">89704.6506666667</dst>
            <dst id="DNVRng">23530.3013333333</dst>
            <dst id="HSTNng">6025.57866666667</dst>
            <dst id="IPLSng">29275.4053333333</dst>
            <dst id="KSCYng">5428.73333333334</dst>
            <dst id="LOSAng">16801.5733333333</dst>
            <dst id="NYCMng">39211.752</dst>
            <dst id="SNVAng">20102.6613333333</dst>
            <dst id="STTLng">70782.4986666667</dst>
            <dst id="WASHng">63744.32</dst>
        </src>
        <src id="NYCMng">
            <dst id="ATLA-M5">4860.92266666667</dst>
            <dst id="ATLAng">47074.1573333333</dst>
            <dst id="CHINng">53536.112</dst>
            <dst id="DNVRng">29221.936</dst>
            <dst id="HSTNng">17036.5306666667</dst>
            <dst id="IPLSng">43215.312</dst>
            <dst id="KSCYng">19887.6853333333</dst>
            <dst id="LOSAng">57500.5733333333</dst>
            <dst id="NYCMng">155231.106666667</dst>
            <dst id="SNVAng">7713.296</dst>
            <dst id="STTLng">22075.8613333333</dst>
            <dst id="WASHng">120297.274666667</dst>
        </src>
        <src id="SNVAng">
            <dst id="ATLA-M5">0</dst>
            <dst id="ATLAng">57.2373333333333</dst>
            <dst id="CHINng">373.096</dst>
            <dst id="DNVRng">9454.816</dst>
            <dst id="HSTNng">815.322666666667</dst>
            <dst id="IPLSng">700.928</dst>
            <dst id="KSCYng">199.085333333333</dst>
            <dst id="LOSAng">6389.88</dst>
            <dst id="NYCMng">104.285333333333</dst>
            <dst id="SNVAng">11267.3386666667</dst>
            <dst id="STTLng">20367.5306666667</dst>
            <dst id="WASHng">278.344</dst>
        </src>
        <src id="STTLng">
            <dst id="ATLA-M5">5413.46933333333</dst>
            <dst id="ATLAng">61772.4053333333</dst>
            <dst id="CHINng">119634.290666667</dst>
            <dst id="DNVRng">45687.5733333333</dst>
            <dst id="HSTNng">29733.5573333333</dst>
            <dst id="IPLSng">85989.6506666667</dst>
            <dst id="KSCYng">56355.328</dst>
            <dst id="LOSAng">14728.2986666667</dst>
            <dst id="NYCMng">29785.8</dst>
            <dst id="SNVAng">7700.89866666667</dst>
            <dst id="STTLng">38598.2506666667</dst>
            <dst id="WASHng">99952.0426666667</dst>
        </src>
        <src id="WASHng">
            <dst id="ATLA-M5">1670.18666666667</dst>
            <dst id="ATLAng">131416.450666667</dst>
            <dst id="CHINng">68391.2426666667</dst>
            <dst id="DNVRng">48259.464</dst>
            <dst id="HSTNng">32224.7573333333</dst>
            <dst id="IPLSng">96971.376</dst>
            <dst id="KSCYng">40365.3946666667</dst>
            <dst id="LOSAng">85678.52</dst>
            <dst id="NYCMng">285258.48</dst>
            <dst id="SNVAng">10953.5013333333</dst>
            <dst id="STTLng">66780.856</dst>
            <dst id="WASHng">371411.253333333</dst>
        </src>
    </IntraTM>
</TrafficMatrixFile>
