<?xml version="1.0" encoding="ISO-8859-1" standalone="yes"?>
<TrafficMatrixFile xsi:noNamespaceSchemaLocation="http://totem.run.montefiore.ulg.ac.be/Schema/TrafficMatrix-v1_2.xsd" xmlns:xsi="http://www.w3.org/2001/XMLSchema-instance">
    <IntraTM ASID="11537">
        <src id="ATLA-M5">
            <dst id="ATLA-M5">0</dst>
            <dst id="ATLAng">614.776</dst>
            <dst id="CHINng">1354.17866666667</dst>
            <dst id="DNVRng">53.3333333333333</dst>
            <dst id="HSTNng">77.1226666666667</dst>
            <dst id="IPLSng">2265.72</dst>
            <dst id="KSCYng">65.104</dst>
            <dst id="LOSAng">0</dst>
            <dst id="NYCMng">151.2</dst>
            <dst id="SNVAng">0</dst>
            <dst id="STTLng">368.464</dst>
            <dst id="WASHng">2313.13333333333</dst>
        </src>
        <src id="ATLAng">
            <dst id="ATLA-M5">1425.36533333333</dst>
            <dst id="ATLAng">34711.9573333333</dst>
            <dst id="CHINng">9118.90666666667</dst>
            <dst id="DNVRng">2627.01333333333</dst>
            <dst id="HSTNng">1957.18933333333</dst>
            <dst id="IPLSng">15712.952</dst>
            <dst id="KSCYng">1070.88533333333</dst>
            <dst id="LOSAng">27609.8293333333</dst>
            <dst id="NYCMng">6048.96266666667</dst>
            <dst id="SNVAng">2596.00666666667</dst>
            <dst id="STTLng">16744.0666666667</dst>
            <dst id="WASHng">66154</dst>
        </src>
        <src id="CHINng">
            <dst id="ATLA-M5">572.106666666667</dst>
            <dst id="ATLAng">23659.2826666667</dst>
            <dst id="CHINng">91584.2853333334</dst>
            <dst id="DNVRng">9764.94133333333</dst>
            <dst id="HSTNng">6112.61066666666</dst>
            <dst id="IPLSng">42493.1786666667</dst>
            <dst id="KSCYng">14989.376</dst>
            <dst id="LOSAng">30751.4</dst>
            <dst id="NYCMng">8296.84</dst>
            <dst id="SNVAng">2434.184</dst>
            <dst id="STTLng">24218.4746666667</dst>
            <dst id="WASHng">17679.5946666667</dst>
        </src>
        <src id="DNVRng">
            <dst id="ATLA-M5">123.626666666667</dst>
            <dst id="ATLAng">6902.34933333333</dst>
            <dst id="CHINng">62097.552</dst>
            <dst id="DNVRng">8024.82133333334</dst>
            <dst id="HSTNng">10190.1626666667</dst>
            <dst id="IPLSng">13029.384</dst>
            <dst id="KSCYng">10723.9733333333</dst>
            <dst id="LOSAng">13171.4373333333</dst>
            <dst id="NYCMng">11853.368</dst>
            <dst id="SNVAng">6557.04266666667</dst>
            <dst id="STTLng">11165.2</dst>
            <dst id="WASHng">24923.9733333333</dst>
        </src>
        <src id="HSTNng">
            <dst id="ATLA-M5">356.672</dst>
            <dst id="ATLAng">4559.28533333333</dst>
            <dst id="CHINng">24886.2426666667</dst>
            <dst id="DNVRng">989.64</dst>
            <dst id="HSTNng">14287.4453333333</dst>
            <dst id="IPLSng">2345.08266666667</dst>
            <dst id="KSCYng">4035.24533333333</dst>
            <dst id="LOSAng">44411.2586666667</dst>
            <dst id="NYCMng">2752.552</dst>
            <dst id="SNVAng">307.512</dst>
            <dst id="STTLng">5525.352</dst>
            <dst id="WASHng">3446.52533333333</dst>
        </src>
        <src id="IPLSng">
            <dst id="ATLA-M5">124.632</dst>
            <dst id="ATLAng">13825.2106666667</dst>
            <dst id="CHINng">76439.768</dst>
            <dst id="DNVRng">14305.1546666667</dst>
            <dst id="HSTNng">1923.86666666667</dst>
            <dst id="IPLSng">7475.64</dst>
            <dst id="KSCYng">3872.44533333333</dst>
            <dst id="LOSAng">19186.8613333333</dst>
            <dst id="NYCMng">8859.37333333333</dst>
            <dst id="SNVAng">317</dst>
            <dst id="STTLng">25875.8426666667</dst>
            <dst id="WASHng">22533.8373333333</dst>
        </src>
        <src id="KSCYng">
            <dst id="ATLA-M5">181.309333333333</dst>
            <dst id="ATLAng">8151.69066666667</dst>
            <dst id="CHINng">23963.9413333333</dst>
            <dst id="DNVRng">6300.85333333333</dst>
            <dst id="HSTNng">5527.63733333333</dst>
            <dst id="IPLSng">13371.432</dst>
            <dst id="KSCYng">8645.25066666667</dst>
            <dst id="LOSAng">4956.104</dst>
            <dst id="NYCMng">2942.144</dst>
            <dst id="SNVAng">1886.86933333333</dst>
            <dst id="STTLng">12639.3493333333</dst>
            <dst id="WASHng">12644.3386666667</dst>
        </src>
        <src id="LOSAng">
            <dst id="ATLA-M5">143.712</dst>
            <dst id="ATLAng">14024.5706666667</dst>
            <dst id="CHINng">130759.378666667</dst>
            <dst id="DNVRng">12809.776</dst>
            <dst id="HSTNng">5256.15733333333</dst>
            <dst id="IPLSng">9403.53333333333</dst>
            <dst id="KSCYng">1770.43733333333</dst>
            <dst id="LOSAng">7776.64</dst>
            <dst id="NYCMng">46459.752</dst>
            <dst id="SNVAng">18833.9413333333</dst>
            <dst id="STTLng">49430.9706666667</dst>
            <dst id="WASHng">48995.9173333333</dst>
        </src>
        <src id="NYCMng">
            <dst id="ATLA-M5">237.909333333333</dst>
            <dst id="ATLAng">39388.728</dst>
            <dst id="CHINng">38472.7253333333</dst>
            <dst id="DNVRng">9981.68</dst>
            <dst id="HSTNng">4386.22666666667</dst>
            <dst id="IPLSng">21110</dst>
            <dst id="KSCYng">7030.11466666667</dst>
            <dst id="LOSAng">49916.9493333333</dst>
            <dst id="NYCMng">110986.093333333</dst>
            <dst id="SNVAng">982.434666666667</dst>
            <dst id="STTLng">22131.752</dst>
            <dst id="WASHng">68503.5146666667</dst>
        </src>
        <src id="SNVAng">
            <dst id="ATLA-M5">0</dst>
            <dst id="ATLAng">462.730666666667</dst>
            <dst id="CHINng">26.6666666666667</dst>
            <dst id="DNVRng">2894.816</dst>
            <dst id="HSTNng">41.704</dst>
            <dst id="IPLSng">293.104</dst>
            <dst id="KSCYng">0</dst>
            <dst id="LOSAng">6699.52</dst>
            <dst id="NYCMng">160.056</dst>
            <dst id="SNVAng">8034.424</dst>
            <dst id="STTLng">16371.536</dst>
            <dst id="WASHng">106.666666666667</dst>
        </src>
        <src id="STTLng">
            <dst id="ATLA-M5">501.109333333333</dst>
            <dst id="ATLAng">38372.96</dst>
            <dst id="CHINng">59527.64</dst>
            <dst id="DNVRng">4191.50933333333</dst>
            <dst id="HSTNng">6758.54666666667</dst>
            <dst id="IPLSng">46227.1306666667</dst>
            <dst id="KSCYng">14016.336</dst>
            <dst id="LOSAng">31544.96</dst>
            <dst id="NYCMng">14021.8026666667</dst>
            <dst id="SNVAng">1256.95466666667</dst>
            <dst id="STTLng">12319.7493333333</dst>
            <dst id="WASHng">74409.128</dst>
        </src>
        <src id="WASHng">
            <dst id="ATLA-M5">385.381333333333</dst>
            <dst id="ATLAng">122134.08</dst>
            <dst id="CHINng">61417.112</dst>
            <dst id="DNVRng">57614.9066666667</dst>
            <dst id="HSTNng">20142.4453333333</dst>
            <dst id="IPLSng">28895.312</dst>
            <dst id="KSCYng">23152.5866666667</dst>
            <dst id="LOSAng">59401.7093333333</dst>
            <dst id="NYCMng">124326.362666667</dst>
            <dst id="SNVAng">1120.93866666667</dst>
            <dst id="STTLng">81083.928</dst>
            <dst id="WASHng">265058.984</dst>
        </src>
    </IntraTM>
</TrafficMatrixFile>
