<?xml version="1.0" encoding="ISO-8859-1" standalone="yes"?>
<TrafficMatrixFile xsi:noNamespaceSchemaLocation="http://totem.run.montefiore.ulg.ac.be/Schema/TrafficMatrix-v1_2.xsd" xmlns:xsi="http://www.w3.org/2001/XMLSchema-instance">
    <IntraTM ASID="11537">
        <src id="ATLA-M5">
            <dst id="ATLA-M5">232.688</dst>
            <dst id="ATLAng">614.648</dst>
            <dst id="CHINng">1096.848</dst>
            <dst id="DNVRng">478.152</dst>
            <dst id="HSTNng">515.645333333333</dst>
            <dst id="IPLSng">1360.54666666667</dst>
            <dst id="KSCYng">165.674666666667</dst>
            <dst id="LOSAng">190.62</dst>
            <dst id="NYCMng">1649.22933333333</dst>
            <dst id="SNVAng">50.1933333333333</dst>
            <dst id="STTLng">1598.4</dst>
            <dst id="WASHng">1753.296</dst>
        </src>
        <src id="ATLAng">
            <dst id="ATLA-M5">699.602666666667</dst>
            <dst id="ATLAng">47585.1866666667</dst>
            <dst id="CHINng">33727.2373333333</dst>
            <dst id="DNVRng">5951.21866666667</dst>
            <dst id="HSTNng">16959.656</dst>
            <dst id="IPLSng">23383.4213333333</dst>
            <dst id="KSCYng">12209.6533333333</dst>
            <dst id="LOSAng">16516.276</dst>
            <dst id="NYCMng">8110.19733333333</dst>
            <dst id="SNVAng">1551.396</dst>
            <dst id="STTLng">24866.3333333333</dst>
            <dst id="WASHng">62712.2613333334</dst>
        </src>
        <src id="CHINng">
            <dst id="ATLA-M5">1073.616</dst>
            <dst id="ATLAng">32407.528</dst>
            <dst id="CHINng">136175.093333333</dst>
            <dst id="DNVRng">17201.4133333333</dst>
            <dst id="HSTNng">24464.9653333333</dst>
            <dst id="IPLSng">88536.1946666667</dst>
            <dst id="KSCYng">21988.288</dst>
            <dst id="LOSAng">39476.048</dst>
            <dst id="NYCMng">19336.3786666667</dst>
            <dst id="SNVAng">6539.38666666667</dst>
            <dst id="STTLng">40341.9226666667</dst>
            <dst id="WASHng">61763.536</dst>
        </src>
        <src id="DNVRng">
            <dst id="ATLA-M5">366.909333333333</dst>
            <dst id="ATLAng">11665.3013333333</dst>
            <dst id="CHINng">48645.0693333333</dst>
            <dst id="DNVRng">8704.25066666667</dst>
            <dst id="HSTNng">26929.1546666667</dst>
            <dst id="IPLSng">18476.7893333333</dst>
            <dst id="KSCYng">24568.0266666667</dst>
            <dst id="LOSAng">15959.0906666667</dst>
            <dst id="NYCMng">14475.9493333333</dst>
            <dst id="SNVAng">12616.9813333333</dst>
            <dst id="STTLng">26369.6346666667</dst>
            <dst id="WASHng">25868.304</dst>
        </src>
        <src id="HSTNng">
            <dst id="ATLA-M5">669.672</dst>
            <dst id="ATLAng">18872.064</dst>
            <dst id="CHINng">15514.648</dst>
            <dst id="DNVRng">4279.83466666667</dst>
            <dst id="HSTNng">17272.9946666667</dst>
            <dst id="IPLSng">8119.38933333334</dst>
            <dst id="KSCYng">12516.568</dst>
            <dst id="LOSAng">4642.12266666667</dst>
            <dst id="NYCMng">4438.84266666667</dst>
            <dst id="SNVAng">922.04</dst>
            <dst id="STTLng">14664.304</dst>
            <dst id="WASHng">21118.3733333333</dst>
        </src>
        <src id="IPLSng">
            <dst id="ATLA-M5">800.621333333333</dst>
            <dst id="ATLAng">18185.432</dst>
            <dst id="CHINng">72084.0026666667</dst>
            <dst id="DNVRng">27234.9733333333</dst>
            <dst id="HSTNng">7909.03733333333</dst>
            <dst id="IPLSng">44101.6666666667</dst>
            <dst id="KSCYng">22022.6133333333</dst>
            <dst id="LOSAng">14432.768</dst>
            <dst id="NYCMng">23238.9733333333</dst>
            <dst id="SNVAng">3968.464</dst>
            <dst id="STTLng">36082.1386666667</dst>
            <dst id="WASHng">67498.7786666667</dst>
        </src>
        <src id="KSCYng">
            <dst id="ATLA-M5">815.373333333333</dst>
            <dst id="ATLAng">9402.984</dst>
            <dst id="CHINng">36068.28</dst>
            <dst id="DNVRng">12061.2266666667</dst>
            <dst id="HSTNng">5326.4</dst>
            <dst id="IPLSng">19556.5733333333</dst>
            <dst id="KSCYng">12339.0693333333</dst>
            <dst id="LOSAng">9171.80266666667</dst>
            <dst id="NYCMng">11577.448</dst>
            <dst id="SNVAng">4357.28533333333</dst>
            <dst id="STTLng">16186.976</dst>
            <dst id="WASHng">16139.296</dst>
        </src>
        <src id="LOSAng">
            <dst id="ATLA-M5">1377.57866666667</dst>
            <dst id="ATLAng">30034.296</dst>
            <dst id="CHINng">97983.2453333333</dst>
            <dst id="DNVRng">41771.1173333333</dst>
            <dst id="HSTNng">12217.8106666667</dst>
            <dst id="IPLSng">34202.6853333333</dst>
            <dst id="KSCYng">7208.328</dst>
            <dst id="LOSAng">9157.61333333333</dst>
            <dst id="NYCMng">39935.8106666667</dst>
            <dst id="SNVAng">21900.0533333333</dst>
            <dst id="STTLng">70549.784</dst>
            <dst id="WASHng">67183.5706666667</dst>
        </src>
        <src id="NYCMng">
            <dst id="ATLA-M5">884.010666666667</dst>
            <dst id="ATLAng">48540.56</dst>
            <dst id="CHINng">42966.5946666667</dst>
            <dst id="DNVRng">25407.272</dst>
            <dst id="HSTNng">15903.0853333333</dst>
            <dst id="IPLSng">61834.936</dst>
            <dst id="KSCYng">17060.9253333333</dst>
            <dst id="LOSAng">68829.0426666667</dst>
            <dst id="NYCMng">137909.234666667</dst>
            <dst id="SNVAng">8352.368</dst>
            <dst id="STTLng">23290.4346666667</dst>
            <dst id="WASHng">130188.738666667</dst>
        </src>
        <src id="SNVAng">
            <dst id="ATLA-M5">26.6666666666667</dst>
            <dst id="ATLAng">275.368</dst>
            <dst id="CHINng">234.962666666667</dst>
            <dst id="DNVRng">4930.45866666667</dst>
            <dst id="HSTNng">436.957333333333</dst>
            <dst id="IPLSng">616.226666666667</dst>
            <dst id="KSCYng">156.101333333333</dst>
            <dst id="LOSAng">8421.80533333333</dst>
            <dst id="NYCMng">65.5173333333333</dst>
            <dst id="SNVAng">12390.512</dst>
            <dst id="STTLng">20525.0453333333</dst>
            <dst id="WASHng">80</dst>
        </src>
        <src id="STTLng">
            <dst id="ATLA-M5">3961.02666666667</dst>
            <dst id="ATLAng">76873.2</dst>
            <dst id="CHINng">125152.394666667</dst>
            <dst id="DNVRng">43113.192</dst>
            <dst id="HSTNng">63939.9973333333</dst>
            <dst id="IPLSng">106325.554666667</dst>
            <dst id="KSCYng">63181.7226666667</dst>
            <dst id="LOSAng">12105.2533333333</dst>
            <dst id="NYCMng">28616.264</dst>
            <dst id="SNVAng">9923.592</dst>
            <dst id="STTLng">43813.008</dst>
            <dst id="WASHng">110450.808</dst>
        </src>
        <src id="WASHng">
            <dst id="ATLA-M5">8706.35733333334</dst>
            <dst id="ATLAng">130880.029333333</dst>
            <dst id="CHINng">99227.7306666667</dst>
            <dst id="DNVRng">78680.008</dst>
            <dst id="HSTNng">38950.6933333333</dst>
            <dst id="IPLSng">83736.3706666666</dst>
            <dst id="KSCYng">23916.9386666667</dst>
            <dst id="LOSAng">89851.3173333333</dst>
            <dst id="NYCMng">222950.808</dst>
            <dst id="SNVAng">13307.2</dst>
            <dst id="STTLng">64220.9973333333</dst>
            <dst id="WASHng">269223.2</dst>
        </src>
    </IntraTM>
</TrafficMatrixFile>
