<?xml version="1.0" encoding="ISO-8859-1" standalone="yes"?>
<TrafficMatrixFile xsi:noNamespaceSchemaLocation="http://totem.run.montefiore.ulg.ac.be/Schema/TrafficMatrix-v1_2.xsd" xmlns:xsi="http://www.w3.org/2001/XMLSchema-instance">
    <IntraTM ASID="11537">
        <src id="ATLA-M5">
            <dst id="ATLA-M5">149.048</dst>
            <dst id="ATLAng">2413.344</dst>
            <dst id="CHINng">1881.18666666667</dst>
            <dst id="DNVRng">325.898666666667</dst>
            <dst id="HSTNng">692.344</dst>
            <dst id="IPLSng">736.162666666667</dst>
            <dst id="KSCYng">792.861333333333</dst>
            <dst id="LOSAng">85.9133333333333</dst>
            <dst id="NYCMng">4709.32</dst>
            <dst id="SNVAng">15.5026666666667</dst>
            <dst id="STTLng">1142.952</dst>
            <dst id="WASHng">2005.26133333333</dst>
        </src>
        <src id="ATLAng">
            <dst id="ATLA-M5">2375.58933333333</dst>
            <dst id="ATLAng">40377.0853333333</dst>
            <dst id="CHINng">23506.0373333333</dst>
            <dst id="DNVRng">10249.904</dst>
            <dst id="HSTNng">22218.704</dst>
            <dst id="IPLSng">32769.3946666667</dst>
            <dst id="KSCYng">8148.92266666667</dst>
            <dst id="LOSAng">20468.0413333333</dst>
            <dst id="NYCMng">14199.472</dst>
            <dst id="SNVAng">1129.80933333333</dst>
            <dst id="STTLng">20415.3413333333</dst>
            <dst id="WASHng">51196.8506666667</dst>
        </src>
        <src id="CHINng">
            <dst id="ATLA-M5">1300.904</dst>
            <dst id="ATLAng">28098.928</dst>
            <dst id="CHINng">199093.621333333</dst>
            <dst id="DNVRng">18571.0773333333</dst>
            <dst id="HSTNng">33020.2106666667</dst>
            <dst id="IPLSng">102883.885333333</dst>
            <dst id="KSCYng">27750.9573333333</dst>
            <dst id="LOSAng">39041.6506666667</dst>
            <dst id="NYCMng">18044.2746666667</dst>
            <dst id="SNVAng">6656.224</dst>
            <dst id="STTLng">30545.536</dst>
            <dst id="WASHng">38194.3546666667</dst>
        </src>
        <src id="DNVRng">
            <dst id="ATLA-M5">630.36</dst>
            <dst id="ATLAng">9322.20266666667</dst>
            <dst id="CHINng">33037.768</dst>
            <dst id="DNVRng">15082.744</dst>
            <dst id="HSTNng">17133.056</dst>
            <dst id="IPLSng">16704.184</dst>
            <dst id="KSCYng">17756.472</dst>
            <dst id="LOSAng">13995.8133333333</dst>
            <dst id="NYCMng">18649.4853333333</dst>
            <dst id="SNVAng">14999.4106666667</dst>
            <dst id="STTLng">68618.7946666666</dst>
            <dst id="WASHng">28226.4506666667</dst>
        </src>
        <src id="HSTNng">
            <dst id="ATLA-M5">4429.33066666667</dst>
            <dst id="ATLAng">7199.584</dst>
            <dst id="CHINng">15650.1386666667</dst>
            <dst id="DNVRng">6277.89333333333</dst>
            <dst id="HSTNng">18041.4213333333</dst>
            <dst id="IPLSng">6658.30666666667</dst>
            <dst id="KSCYng">8778.15466666667</dst>
            <dst id="LOSAng">9181.752</dst>
            <dst id="NYCMng">5288.27466666667</dst>
            <dst id="SNVAng">371.912</dst>
            <dst id="STTLng">14666.2453333333</dst>
            <dst id="WASHng">28345.6986666667</dst>
        </src>
        <src id="IPLSng">
            <dst id="ATLA-M5">798.418666666667</dst>
            <dst id="ATLAng">20438.632</dst>
            <dst id="CHINng">99547.0666666667</dst>
            <dst id="DNVRng">19186.4666666667</dst>
            <dst id="HSTNng">7929.54133333333</dst>
            <dst id="IPLSng">37594.752</dst>
            <dst id="KSCYng">12610.1013333333</dst>
            <dst id="LOSAng">16855.2266666667</dst>
            <dst id="NYCMng">13080.0453333333</dst>
            <dst id="SNVAng">4392.088</dst>
            <dst id="STTLng">31370.792</dst>
            <dst id="WASHng">30472.4373333333</dst>
        </src>
        <src id="KSCYng">
            <dst id="ATLA-M5">708.653333333333</dst>
            <dst id="ATLAng">8457.65066666667</dst>
            <dst id="CHINng">25920.864</dst>
            <dst id="DNVRng">11875.4933333333</dst>
            <dst id="HSTNng">4191.99733333333</dst>
            <dst id="IPLSng">15803.08</dst>
            <dst id="KSCYng">9395.32</dst>
            <dst id="LOSAng">3372.29333333333</dst>
            <dst id="NYCMng">9207.032</dst>
            <dst id="SNVAng">3583.28266666667</dst>
            <dst id="STTLng">15802.3226666667</dst>
            <dst id="WASHng">13092.1786666667</dst>
        </src>
        <src id="LOSAng">
            <dst id="ATLA-M5">338.797333333333</dst>
            <dst id="ATLAng">20835.0213333333</dst>
            <dst id="CHINng">105984.093333333</dst>
            <dst id="DNVRng">47880.104</dst>
            <dst id="HSTNng">29831.216</dst>
            <dst id="IPLSng">50617.7333333333</dst>
            <dst id="KSCYng">6923.55733333334</dst>
            <dst id="LOSAng">9715.44</dst>
            <dst id="NYCMng">51289.6746666667</dst>
            <dst id="SNVAng">19094.6586666667</dst>
            <dst id="STTLng">64515.2026666667</dst>
            <dst id="WASHng">135379.746666667</dst>
        </src>
        <src id="NYCMng">
            <dst id="ATLA-M5">4128.184</dst>
            <dst id="ATLAng">44436.512</dst>
            <dst id="CHINng">35565.5226666667</dst>
            <dst id="DNVRng">34037.808</dst>
            <dst id="HSTNng">28475.416</dst>
            <dst id="IPLSng">42812.8133333333</dst>
            <dst id="KSCYng">16083.1813333333</dst>
            <dst id="LOSAng">70687.3493333333</dst>
            <dst id="NYCMng">120660.162666667</dst>
            <dst id="SNVAng">8696.384</dst>
            <dst id="STTLng">29940.584</dst>
            <dst id="WASHng">162259.936</dst>
        </src>
        <src id="SNVAng">
            <dst id="ATLA-M5">26.6666666666667</dst>
            <dst id="ATLAng">263.229333333333</dst>
            <dst id="CHINng">292.152</dst>
            <dst id="DNVRng">19129.7813333333</dst>
            <dst id="HSTNng">243.274666666667</dst>
            <dst id="IPLSng">640.106666666667</dst>
            <dst id="KSCYng">89.152</dst>
            <dst id="LOSAng">11172.6266666667</dst>
            <dst id="NYCMng">234.586666666667</dst>
            <dst id="SNVAng">8199.38666666667</dst>
            <dst id="STTLng">19675.1786666667</dst>
            <dst id="WASHng">931.042666666667</dst>
        </src>
        <src id="STTLng">
            <dst id="ATLA-M5">5071.944</dst>
            <dst id="ATLAng">57205.5226666667</dst>
            <dst id="CHINng">94193.5093333333</dst>
            <dst id="DNVRng">49254.7013333333</dst>
            <dst id="HSTNng">41757.8906666667</dst>
            <dst id="IPLSng">75201.056</dst>
            <dst id="KSCYng">49006.752</dst>
            <dst id="LOSAng">15603.1946666667</dst>
            <dst id="NYCMng">16592.976</dst>
            <dst id="SNVAng">12018.5226666667</dst>
            <dst id="STTLng">59174.9733333333</dst>
            <dst id="WASHng">93418.9386666667</dst>
        </src>
        <src id="WASHng">
            <dst id="ATLA-M5">10665.9466666667</dst>
            <dst id="ATLAng">96227.2666666667</dst>
            <dst id="CHINng">98094.496</dst>
            <dst id="DNVRng">108400.634666667</dst>
            <dst id="HSTNng">46303.7306666667</dst>
            <dst id="IPLSng">70539.056</dst>
            <dst id="KSCYng">36537.6986666667</dst>
            <dst id="LOSAng">88429.472</dst>
            <dst id="NYCMng">178615.829333333</dst>
            <dst id="SNVAng">15447.0826666667</dst>
            <dst id="STTLng">68720.312</dst>
            <dst id="WASHng">350838.346666667</dst>
        </src>
    </IntraTM>
</TrafficMatrixFile>
