<?xml version="1.0" encoding="ISO-8859-1" standalone="yes"?>
<TrafficMatrixFile xsi:noNamespaceSchemaLocation="http://totem.run.montefiore.ulg.ac.be/Schema/TrafficMatrix-v1_2.xsd" xmlns:xsi="http://www.w3.org/2001/XMLSchema-instance">
    <IntraTM ASID="11537">
        <src id="ATLA-M5">
            <dst id="ATLA-M5">0</dst>
            <dst id="ATLAng">76.6053333333333</dst>
            <dst id="CHINng">1551.512</dst>
            <dst id="DNVRng">0</dst>
            <dst id="HSTNng">77.1973333333333</dst>
            <dst id="IPLSng">407.544</dst>
            <dst id="KSCYng">53.3333333333333</dst>
            <dst id="LOSAng">86.9013333333333</dst>
            <dst id="NYCMng">80</dst>
            <dst id="SNVAng">0</dst>
            <dst id="STTLng">184.165333333333</dst>
            <dst id="WASHng">1104.79733333333</dst>
        </src>
        <src id="ATLAng">
            <dst id="ATLA-M5">200.925333333333</dst>
            <dst id="ATLAng">33988.7733333333</dst>
            <dst id="CHINng">8849.296</dst>
            <dst id="DNVRng">2039.58133333333</dst>
            <dst id="HSTNng">1198.496</dst>
            <dst id="IPLSng">18751.2026666667</dst>
            <dst id="KSCYng">1922.28533333333</dst>
            <dst id="LOSAng">19226.3266666667</dst>
            <dst id="NYCMng">9391.04</dst>
            <dst id="SNVAng">1243.972</dst>
            <dst id="STTLng">8300.192</dst>
            <dst id="WASHng">45243.704</dst>
        </src>
        <src id="CHINng">
            <dst id="ATLA-M5">711.024</dst>
            <dst id="ATLAng">17634.1413333333</dst>
            <dst id="CHINng">103062.610666667</dst>
            <dst id="DNVRng">21804.4613333333</dst>
            <dst id="HSTNng">7210.71733333333</dst>
            <dst id="IPLSng">42589.1466666667</dst>
            <dst id="KSCYng">8517.33066666666</dst>
            <dst id="LOSAng">25765.7306666667</dst>
            <dst id="NYCMng">11991.6</dst>
            <dst id="SNVAng">4109.37333333333</dst>
            <dst id="STTLng">14289.9333333333</dst>
            <dst id="WASHng">20179.816</dst>
        </src>
        <src id="DNVRng">
            <dst id="ATLA-M5">117.565333333333</dst>
            <dst id="ATLAng">1830.77333333333</dst>
            <dst id="CHINng">45105.9573333333</dst>
            <dst id="DNVRng">13564.8746666667</dst>
            <dst id="HSTNng">15140.3146666667</dst>
            <dst id="IPLSng">27843.0453333333</dst>
            <dst id="KSCYng">20842.3626666667</dst>
            <dst id="LOSAng">48531.312</dst>
            <dst id="NYCMng">4437.86133333333</dst>
            <dst id="SNVAng">13120.208</dst>
            <dst id="STTLng">23293.8426666667</dst>
            <dst id="WASHng">16583.5973333333</dst>
        </src>
        <src id="HSTNng">
            <dst id="ATLA-M5">3703.168</dst>
            <dst id="ATLAng">3460.936</dst>
            <dst id="CHINng">16665.5546666667</dst>
            <dst id="DNVRng">1036.67733333333</dst>
            <dst id="HSTNng">14307.3866666667</dst>
            <dst id="IPLSng">2257.38933333333</dst>
            <dst id="KSCYng">8966.176</dst>
            <dst id="LOSAng">2730.04</dst>
            <dst id="NYCMng">1625.93066666667</dst>
            <dst id="SNVAng">182.016</dst>
            <dst id="STTLng">3492.76533333333</dst>
            <dst id="WASHng">2120.93333333333</dst>
        </src>
        <src id="IPLSng">
            <dst id="ATLA-M5">80</dst>
            <dst id="ATLAng">12808.5386666667</dst>
            <dst id="CHINng">76326.616</dst>
            <dst id="DNVRng">5366.93066666667</dst>
            <dst id="HSTNng">469.005333333333</dst>
            <dst id="IPLSng">8494.264</dst>
            <dst id="KSCYng">7870.62933333333</dst>
            <dst id="LOSAng">10949.7466666667</dst>
            <dst id="NYCMng">6076.16533333333</dst>
            <dst id="SNVAng">261.461333333333</dst>
            <dst id="STTLng">23419.0906666667</dst>
            <dst id="WASHng">14888.2</dst>
        </src>
        <src id="KSCYng">
            <dst id="ATLA-M5">53.3333333333333</dst>
            <dst id="ATLAng">6057.88</dst>
            <dst id="CHINng">21284.1013333333</dst>
            <dst id="DNVRng">8093.624</dst>
            <dst id="HSTNng">3384.77866666667</dst>
            <dst id="IPLSng">13607.1546666667</dst>
            <dst id="KSCYng">12754.384</dst>
            <dst id="LOSAng">6099.66133333333</dst>
            <dst id="NYCMng">2623.48266666667</dst>
            <dst id="SNVAng">2603.952</dst>
            <dst id="STTLng">5023.224</dst>
            <dst id="WASHng">9751.696</dst>
        </src>
        <src id="LOSAng">
            <dst id="ATLA-M5">160.317333333333</dst>
            <dst id="ATLAng">10189.8746666667</dst>
            <dst id="CHINng">105676.989333333</dst>
            <dst id="DNVRng">6645.92</dst>
            <dst id="HSTNng">8393.848</dst>
            <dst id="IPLSng">14445.232</dst>
            <dst id="KSCYng">2879.55466666667</dst>
            <dst id="LOSAng">9648.67733333333</dst>
            <dst id="NYCMng">47225.344</dst>
            <dst id="SNVAng">16901.096</dst>
            <dst id="STTLng">51642.4426666667</dst>
            <dst id="WASHng">41458.3813333333</dst>
        </src>
        <src id="NYCMng">
            <dst id="ATLA-M5">271.749333333333</dst>
            <dst id="ATLAng">17909.704</dst>
            <dst id="CHINng">23552.7733333333</dst>
            <dst id="DNVRng">10205.552</dst>
            <dst id="HSTNng">3361.22133333333</dst>
            <dst id="IPLSng">12430.9306666667</dst>
            <dst id="KSCYng">3295.63466666667</dst>
            <dst id="LOSAng">51656.5466666667</dst>
            <dst id="NYCMng">100478.912</dst>
            <dst id="SNVAng">5892.06666666667</dst>
            <dst id="STTLng">24958.3173333333</dst>
            <dst id="WASHng">33762.7813333333</dst>
        </src>
        <src id="SNVAng">
            <dst id="ATLA-M5">0</dst>
            <dst id="ATLAng">401.829333333333</dst>
            <dst id="CHINng">53.3333333333333</dst>
            <dst id="DNVRng">3170.36</dst>
            <dst id="HSTNng">0</dst>
            <dst id="IPLSng">324.245333333333</dst>
            <dst id="KSCYng">26.6666666666667</dst>
            <dst id="LOSAng">6845.39466666667</dst>
            <dst id="NYCMng">53.3333333333333</dst>
            <dst id="SNVAng">7990.31733333333</dst>
            <dst id="STTLng">11096.2106666667</dst>
            <dst id="WASHng">26.6666666666667</dst>
        </src>
        <src id="STTLng">
            <dst id="ATLA-M5">115.648</dst>
            <dst id="ATLAng">13112.6933333333</dst>
            <dst id="CHINng">33442.5093333333</dst>
            <dst id="DNVRng">3781.08533333333</dst>
            <dst id="HSTNng">2543.45866666667</dst>
            <dst id="IPLSng">11145.656</dst>
            <dst id="KSCYng">4889.24</dst>
            <dst id="LOSAng">29574.0826666667</dst>
            <dst id="NYCMng">12159.1493333333</dst>
            <dst id="SNVAng">3332.072</dst>
            <dst id="STTLng">19212.7973333333</dst>
            <dst id="WASHng">9611.53333333333</dst>
        </src>
        <src id="WASHng">
            <dst id="ATLA-M5">302.68</dst>
            <dst id="ATLAng">95004.9626666667</dst>
            <dst id="CHINng">54291.6293333333</dst>
            <dst id="DNVRng">69531.9626666667</dst>
            <dst id="HSTNng">53922.5653333333</dst>
            <dst id="IPLSng">33525.256</dst>
            <dst id="KSCYng">24763.8426666667</dst>
            <dst id="LOSAng">66735.4906666667</dst>
            <dst id="NYCMng">130087.048</dst>
            <dst id="SNVAng">1574.19466666667</dst>
            <dst id="STTLng">42899.2293333333</dst>
            <dst id="WASHng">253671.925333333</dst>
        </src>
    </IntraTM>
</TrafficMatrixFile>
