<?xml version="1.0" encoding="ISO-8859-1" standalone="yes"?>
<TrafficMatrixFile xsi:noNamespaceSchemaLocation="http://totem.run.montefiore.ulg.ac.be/Schema/TrafficMatrix-v1_2.xsd" xmlns:xsi="http://www.w3.org/2001/XMLSchema-instance">
    <IntraTM ASID="11537">
        <src id="ATLA-M5">
            <dst id="ATLA-M5">0</dst>
            <dst id="ATLAng">795.384</dst>
            <dst id="CHINng">682.042666666667</dst>
            <dst id="DNVRng">246.570666666667</dst>
            <dst id="HSTNng">351.498666666667</dst>
            <dst id="IPLSng">801.808</dst>
            <dst id="KSCYng">382.224</dst>
            <dst id="LOSAng">51.8013333333333</dst>
            <dst id="NYCMng">1603.984</dst>
            <dst id="SNVAng">15.1986666666667</dst>
            <dst id="STTLng">604.466666666667</dst>
            <dst id="WASHng">2121.656</dst>
        </src>
        <src id="ATLAng">
            <dst id="ATLA-M5">436.568</dst>
            <dst id="ATLAng">35856.152</dst>
            <dst id="CHINng">20672.048</dst>
            <dst id="DNVRng">5146.28</dst>
            <dst id="HSTNng">3686.12533333333</dst>
            <dst id="IPLSng">25413.424</dst>
            <dst id="KSCYng">6577.456</dst>
            <dst id="LOSAng">17367.3066666667</dst>
            <dst id="NYCMng">9860.25066666667</dst>
            <dst id="SNVAng">643.456</dst>
            <dst id="STTLng">14461.1733333333</dst>
            <dst id="WASHng">36432.032</dst>
        </src>
        <src id="CHINng">
            <dst id="ATLA-M5">1290.936</dst>
            <dst id="ATLAng">27094.3786666667</dst>
            <dst id="CHINng">70168.7333333333</dst>
            <dst id="DNVRng">9227.34133333333</dst>
            <dst id="HSTNng">16384.992</dst>
            <dst id="IPLSng">94030.8533333333</dst>
            <dst id="KSCYng">19441.3653333333</dst>
            <dst id="LOSAng">45995.8853333333</dst>
            <dst id="NYCMng">13223.7626666667</dst>
            <dst id="SNVAng">4998.55733333333</dst>
            <dst id="STTLng">25438.76</dst>
            <dst id="WASHng">24559.872</dst>
        </src>
        <src id="DNVRng">
            <dst id="ATLA-M5">2060.34933333333</dst>
            <dst id="ATLAng">5016.224</dst>
            <dst id="CHINng">28481.392</dst>
            <dst id="DNVRng">13634.064</dst>
            <dst id="HSTNng">13177.7306666667</dst>
            <dst id="IPLSng">9492.54666666667</dst>
            <dst id="KSCYng">20236.7813333333</dst>
            <dst id="LOSAng">23402.1466666667</dst>
            <dst id="NYCMng">7362.16533333333</dst>
            <dst id="SNVAng">9306.03466666667</dst>
            <dst id="STTLng">28601.1546666667</dst>
            <dst id="WASHng">32591.6453333333</dst>
        </src>
        <src id="HSTNng">
            <dst id="ATLA-M5">3767.58133333333</dst>
            <dst id="ATLAng">4104.99466666667</dst>
            <dst id="CHINng">21079.384</dst>
            <dst id="DNVRng">2687.352</dst>
            <dst id="HSTNng">12916.9466666667</dst>
            <dst id="IPLSng">6118.808</dst>
            <dst id="KSCYng">12636.4826666667</dst>
            <dst id="LOSAng">3161.71466666667</dst>
            <dst id="NYCMng">2780.424</dst>
            <dst id="SNVAng">200.885333333333</dst>
            <dst id="STTLng">8204.48533333333</dst>
            <dst id="WASHng">7552.40533333333</dst>
        </src>
        <src id="IPLSng">
            <dst id="ATLA-M5">641.978666666667</dst>
            <dst id="ATLAng">12664.984</dst>
            <dst id="CHINng">65934.2106666667</dst>
            <dst id="DNVRng">8546.264</dst>
            <dst id="HSTNng">4648.592</dst>
            <dst id="IPLSng">27656.4453333333</dst>
            <dst id="KSCYng">10617.6613333333</dst>
            <dst id="LOSAng">24930.328</dst>
            <dst id="NYCMng">8396.68266666667</dst>
            <dst id="SNVAng">1064.90133333333</dst>
            <dst id="STTLng">35595.8773333333</dst>
            <dst id="WASHng">21351.1813333333</dst>
        </src>
        <src id="KSCYng">
            <dst id="ATLA-M5">253.52</dst>
            <dst id="ATLAng">7270.4</dst>
            <dst id="CHINng">33644.6666666667</dst>
            <dst id="DNVRng">8597.29066666667</dst>
            <dst id="HSTNng">7344.93866666667</dst>
            <dst id="IPLSng">19119.3146666667</dst>
            <dst id="KSCYng">15006.88</dst>
            <dst id="LOSAng">6524.99466666667</dst>
            <dst id="NYCMng">6697.936</dst>
            <dst id="SNVAng">3103.08</dst>
            <dst id="STTLng">11091.5653333333</dst>
            <dst id="WASHng">15916.9253333333</dst>
        </src>
        <src id="LOSAng">
            <dst id="ATLA-M5">122.629333333333</dst>
            <dst id="ATLAng">12449.9813333333</dst>
            <dst id="CHINng">6381198.93333333</dst>
            <dst id="DNVRng">11846.1546666667</dst>
            <dst id="HSTNng">5817.77866666667</dst>
            <dst id="IPLSng">23245.4453333333</dst>
            <dst id="KSCYng">8185.84533333333</dst>
            <dst id="LOSAng">16499.888</dst>
            <dst id="NYCMng">45274.432</dst>
            <dst id="SNVAng">19835.6693333333</dst>
            <dst id="STTLng">66915.768</dst>
            <dst id="WASHng">50890.032</dst>
        </src>
        <src id="NYCMng">
            <dst id="ATLA-M5">3321.40266666667</dst>
            <dst id="ATLAng">39428.3066666667</dst>
            <dst id="CHINng">37355.3866666667</dst>
            <dst id="DNVRng">22117.752</dst>
            <dst id="HSTNng">16466.936</dst>
            <dst id="IPLSng">25938.456</dst>
            <dst id="KSCYng">13246.0133333333</dst>
            <dst id="LOSAng">56865.3866666667</dst>
            <dst id="NYCMng">95560.784</dst>
            <dst id="SNVAng">7993.48266666667</dst>
            <dst id="STTLng">35647.024</dst>
            <dst id="WASHng">85717.7013333333</dst>
        </src>
        <src id="SNVAng">
            <dst id="ATLA-M5">0</dst>
            <dst id="ATLAng">376.618666666667</dst>
            <dst id="CHINng">26.6666666666667</dst>
            <dst id="DNVRng">444.856</dst>
            <dst id="HSTNng">0</dst>
            <dst id="IPLSng">550.962666666667</dst>
            <dst id="KSCYng">0</dst>
            <dst id="LOSAng">6918.01866666667</dst>
            <dst id="NYCMng">245.021333333333</dst>
            <dst id="SNVAng">8057.23466666667</dst>
            <dst id="STTLng">21023.7546666667</dst>
            <dst id="WASHng">860.992</dst>
        </src>
        <src id="STTLng">
            <dst id="ATLA-M5">1163.29866666667</dst>
            <dst id="ATLAng">32197.176</dst>
            <dst id="CHINng">40171.5493333333</dst>
            <dst id="DNVRng">30786.2906666667</dst>
            <dst id="HSTNng">8766.392</dst>
            <dst id="IPLSng">32102.4453333333</dst>
            <dst id="KSCYng">26983.032</dst>
            <dst id="LOSAng">43624.0613333333</dst>
            <dst id="NYCMng">17281.384</dst>
            <dst id="SNVAng">3214.02666666667</dst>
            <dst id="STTLng">25740.2613333333</dst>
            <dst id="WASHng">28968.096</dst>
        </src>
        <src id="WASHng">
            <dst id="ATLA-M5">1228.52533333333</dst>
            <dst id="ATLAng">108633.824</dst>
            <dst id="CHINng">60596.3493333333</dst>
            <dst id="DNVRng">80550.8346666667</dst>
            <dst id="HSTNng">39059.7013333333</dst>
            <dst id="IPLSng">47017.1306666667</dst>
            <dst id="KSCYng">32892.5706666667</dst>
            <dst id="LOSAng">77833.728</dst>
            <dst id="NYCMng">192287.848</dst>
            <dst id="SNVAng">2286.53333333333</dst>
            <dst id="STTLng">58669.7733333333</dst>
            <dst id="WASHng">231038.565333333</dst>
        </src>
    </IntraTM>
</TrafficMatrixFile>
