<?xml version="1.0" encoding="ISO-8859-1" standalone="yes"?>
<TrafficMatrixFile xsi:noNamespaceSchemaLocation="http://totem.run.montefiore.ulg.ac.be/Schema/TrafficMatrix-v1_2.xsd" xmlns:xsi="http://www.w3.org/2001/XMLSchema-instance">
    <IntraTM ASID="11537">
        <src id="ATLA-M5">
            <dst id="ATLA-M5">296.984</dst>
            <dst id="ATLAng">713.125333333334</dst>
            <dst id="CHINng">744.306666666667</dst>
            <dst id="DNVRng">513.133333333333</dst>
            <dst id="HSTNng">331.845333333333</dst>
            <dst id="IPLSng">495.050666666667</dst>
            <dst id="KSCYng">921.933333333333</dst>
            <dst id="LOSAng">298.752</dst>
            <dst id="NYCMng">1243.904</dst>
            <dst id="SNVAng">106.16</dst>
            <dst id="STTLng">569.837333333333</dst>
            <dst id="WASHng">3056.792</dst>
        </src>
        <src id="ATLAng">
            <dst id="ATLA-M5">442.653333333333</dst>
            <dst id="ATLAng">92686.2613333333</dst>
            <dst id="CHINng">23694.5413333333</dst>
            <dst id="DNVRng">10913.8213333333</dst>
            <dst id="HSTNng">7985.31466666667</dst>
            <dst id="IPLSng">21885.3653333333</dst>
            <dst id="KSCYng">5678.512</dst>
            <dst id="LOSAng">17289.8426666667</dst>
            <dst id="NYCMng">21480.4586666667</dst>
            <dst id="SNVAng">478.290666666667</dst>
            <dst id="STTLng">16043.488</dst>
            <dst id="WASHng">47784.2453333333</dst>
        </src>
        <src id="CHINng">
            <dst id="ATLA-M5">1646.49866666667</dst>
            <dst id="ATLAng">29474.64</dst>
            <dst id="CHINng">130884.322666667</dst>
            <dst id="DNVRng">16281.752</dst>
            <dst id="HSTNng">13001.152</dst>
            <dst id="IPLSng">55374.9493333333</dst>
            <dst id="KSCYng">19387.6666666667</dst>
            <dst id="LOSAng">41343.9573333333</dst>
            <dst id="NYCMng">15910.4426666667</dst>
            <dst id="SNVAng">8959.46133333333</dst>
            <dst id="STTLng">23637.144</dst>
            <dst id="WASHng">40578.704</dst>
        </src>
        <src id="DNVRng">
            <dst id="ATLA-M5">251.746666666667</dst>
            <dst id="ATLAng">7961.61066666667</dst>
            <dst id="CHINng">26630.184</dst>
            <dst id="DNVRng">4902.14133333333</dst>
            <dst id="HSTNng">12229.7813333333</dst>
            <dst id="IPLSng">20859.2746666667</dst>
            <dst id="KSCYng">15491.9493333333</dst>
            <dst id="LOSAng">7603.752</dst>
            <dst id="NYCMng">10406.7413333333</dst>
            <dst id="SNVAng">14263.3786666667</dst>
            <dst id="STTLng">65991.3626666667</dst>
            <dst id="WASHng">23031.92</dst>
        </src>
        <src id="HSTNng">
            <dst id="ATLA-M5">1374.832</dst>
            <dst id="ATLAng">4052.672</dst>
            <dst id="CHINng">10584.2186666667</dst>
            <dst id="DNVRng">3962.40533333333</dst>
            <dst id="HSTNng">15395.6453333333</dst>
            <dst id="IPLSng">3950.10133333333</dst>
            <dst id="KSCYng">5586.31733333333</dst>
            <dst id="LOSAng">7645.56533333333</dst>
            <dst id="NYCMng">4086.81333333333</dst>
            <dst id="SNVAng">209.810666666667</dst>
            <dst id="STTLng">6974.35466666667</dst>
            <dst id="WASHng">27667.6506666667</dst>
        </src>
        <src id="IPLSng">
            <dst id="ATLA-M5">840.474666666667</dst>
            <dst id="ATLAng">15149.68</dst>
            <dst id="CHINng">49628.7306666667</dst>
            <dst id="DNVRng">9258.632</dst>
            <dst id="HSTNng">6048.69866666667</dst>
            <dst id="IPLSng">19569.9866666667</dst>
            <dst id="KSCYng">7231.60266666667</dst>
            <dst id="LOSAng">27376.504</dst>
            <dst id="NYCMng">11134.408</dst>
            <dst id="SNVAng">2762.46933333333</dst>
            <dst id="STTLng">31514.808</dst>
            <dst id="WASHng">20444.4346666667</dst>
        </src>
        <src id="KSCYng">
            <dst id="ATLA-M5">264.181333333333</dst>
            <dst id="ATLAng">6806.89333333333</dst>
            <dst id="CHINng">25021.888</dst>
            <dst id="DNVRng">10566.5013333333</dst>
            <dst id="HSTNng">5978.784</dst>
            <dst id="IPLSng">10596.792</dst>
            <dst id="KSCYng">6006.76533333333</dst>
            <dst id="LOSAng">8606.768</dst>
            <dst id="NYCMng">6514.552</dst>
            <dst id="SNVAng">2252.02933333333</dst>
            <dst id="STTLng">11342.9973333333</dst>
            <dst id="WASHng">14424.5493333333</dst>
        </src>
        <src id="LOSAng">
            <dst id="ATLA-M5">100.088</dst>
            <dst id="ATLAng">44864.2026666667</dst>
            <dst id="CHINng">103515.072</dst>
            <dst id="DNVRng">13434.0533333333</dst>
            <dst id="HSTNng">45734.528</dst>
            <dst id="IPLSng">45581.6666666667</dst>
            <dst id="KSCYng">11612.1413333333</dst>
            <dst id="LOSAng">13769.7733333333</dst>
            <dst id="NYCMng">40963.2666666667</dst>
            <dst id="SNVAng">23114.0186666667</dst>
            <dst id="STTLng">73602.6533333333</dst>
            <dst id="WASHng">65960.8373333333</dst>
        </src>
        <src id="NYCMng">
            <dst id="ATLA-M5">1067.39466666667</dst>
            <dst id="ATLAng">28674.0453333333</dst>
            <dst id="CHINng">38536.816</dst>
            <dst id="DNVRng">26024.9573333333</dst>
            <dst id="HSTNng">10051.0666666667</dst>
            <dst id="IPLSng">35349.368</dst>
            <dst id="KSCYng">16816.3173333333</dst>
            <dst id="LOSAng">70395.608</dst>
            <dst id="NYCMng">88978.496</dst>
            <dst id="SNVAng">6407.29333333333</dst>
            <dst id="STTLng">27065.7946666667</dst>
            <dst id="WASHng">123733.866666667</dst>
        </src>
        <src id="SNVAng">
            <dst id="ATLA-M5">26.6666666666667</dst>
            <dst id="ATLAng">1075.41333333333</dst>
            <dst id="CHINng">80</dst>
            <dst id="DNVRng">1221.992</dst>
            <dst id="HSTNng">53.3333333333333</dst>
            <dst id="IPLSng">490.925333333333</dst>
            <dst id="KSCYng">1353.16533333333</dst>
            <dst id="LOSAng">7727.75733333333</dst>
            <dst id="NYCMng">106.666666666667</dst>
            <dst id="SNVAng">7154.38666666667</dst>
            <dst id="STTLng">17157.1653333333</dst>
            <dst id="WASHng">264.104</dst>
        </src>
        <src id="STTLng">
            <dst id="ATLA-M5">548.741333333333</dst>
            <dst id="ATLAng">29513.1546666667</dst>
            <dst id="CHINng">52292.5226666667</dst>
            <dst id="DNVRng">22059.672</dst>
            <dst id="HSTNng">19867.712</dst>
            <dst id="IPLSng">48341.568</dst>
            <dst id="KSCYng">23583.1573333333</dst>
            <dst id="LOSAng">46237.6666666667</dst>
            <dst id="NYCMng">20827.5173333333</dst>
            <dst id="SNVAng">6784.656</dst>
            <dst id="STTLng">35211.4426666667</dst>
            <dst id="WASHng">45300.0213333333</dst>
        </src>
        <src id="WASHng">
            <dst id="ATLA-M5">2505.72533333333</dst>
            <dst id="ATLAng">77136.3573333333</dst>
            <dst id="CHINng">101603.898666667</dst>
            <dst id="DNVRng">58539.2586666667</dst>
            <dst id="HSTNng">19847.6453333333</dst>
            <dst id="IPLSng">68902.7786666667</dst>
            <dst id="KSCYng">26092.304</dst>
            <dst id="LOSAng">71750.7973333333</dst>
            <dst id="NYCMng">183375.013333333</dst>
            <dst id="SNVAng">9206.016</dst>
            <dst id="STTLng">47305.7493333333</dst>
            <dst id="WASHng">229146.336</dst>
        </src>
    </IntraTM>
</TrafficMatrixFile>
