<?xml version="1.0" encoding="ISO-8859-1" standalone="yes"?>
<TrafficMatrixFile xsi:noNamespaceSchemaLocation="http://totem.run.montefiore.ulg.ac.be/Schema/TrafficMatrix-v1_2.xsd" xmlns:xsi="http://www.w3.org/2001/XMLSchema-instance">
    <IntraTM ASID="11537">
        <src id="ATLA-M5">
            <dst id="ATLA-M5">354.826666666667</dst>
            <dst id="ATLAng">9673.61333333333</dst>
            <dst id="CHINng">2323.73866666667</dst>
            <dst id="DNVRng">198.96</dst>
            <dst id="HSTNng">636.405333333333</dst>
            <dst id="IPLSng">894.122666666667</dst>
            <dst id="KSCYng">831.808</dst>
            <dst id="LOSAng">179.105333333333</dst>
            <dst id="NYCMng">1275.936</dst>
            <dst id="SNVAng">53.5666666666667</dst>
            <dst id="STTLng">820.893333333333</dst>
            <dst id="WASHng">1536.29066666667</dst>
        </src>
        <src id="ATLAng">
            <dst id="ATLA-M5">2007.48533333333</dst>
            <dst id="ATLAng">42496.9573333333</dst>
            <dst id="CHINng">33505.544</dst>
            <dst id="DNVRng">17865.9466666667</dst>
            <dst id="HSTNng">17365.336</dst>
            <dst id="IPLSng">20171.4506666667</dst>
            <dst id="KSCYng">12174.56</dst>
            <dst id="LOSAng">19379.764</dst>
            <dst id="NYCMng">19403.256</dst>
            <dst id="SNVAng">1984.532</dst>
            <dst id="STTLng">18358.8133333333</dst>
            <dst id="WASHng">49802.2373333333</dst>
        </src>
        <src id="CHINng">
            <dst id="ATLA-M5">1135.33066666667</dst>
            <dst id="ATLAng">27938.912</dst>
            <dst id="CHINng">187129.821333333</dst>
            <dst id="DNVRng">20295.5466666667</dst>
            <dst id="HSTNng">18982.7626666667</dst>
            <dst id="IPLSng">68847.2693333333</dst>
            <dst id="KSCYng">24682.1253333333</dst>
            <dst id="LOSAng">38258.7093333333</dst>
            <dst id="NYCMng">20774.1706666667</dst>
            <dst id="SNVAng">4323.46933333333</dst>
            <dst id="STTLng">35633.9866666667</dst>
            <dst id="WASHng">46670.3573333333</dst>
        </src>
        <src id="DNVRng">
            <dst id="ATLA-M5">244.512</dst>
            <dst id="ATLAng">7304.81866666667</dst>
            <dst id="CHINng">38448.2293333333</dst>
            <dst id="DNVRng">23172.1653333333</dst>
            <dst id="HSTNng">18965.7146666667</dst>
            <dst id="IPLSng">13664.5706666667</dst>
            <dst id="KSCYng">31808.728</dst>
            <dst id="LOSAng">18688.2133333333</dst>
            <dst id="NYCMng">13053.2933333333</dst>
            <dst id="SNVAng">45523.064</dst>
            <dst id="STTLng">73029.224</dst>
            <dst id="WASHng">37400.52</dst>
        </src>
        <src id="HSTNng">
            <dst id="ATLA-M5">3259.03466666667</dst>
            <dst id="ATLAng">6721.86666666667</dst>
            <dst id="CHINng">14856.104</dst>
            <dst id="DNVRng">5323.16</dst>
            <dst id="HSTNng">21980.8826666667</dst>
            <dst id="IPLSng">11095.2026666667</dst>
            <dst id="KSCYng">13087.9066666667</dst>
            <dst id="LOSAng">11464.6133333333</dst>
            <dst id="NYCMng">5787.616</dst>
            <dst id="SNVAng">739.472</dst>
            <dst id="STTLng">12472.1973333333</dst>
            <dst id="WASHng">21857.4666666667</dst>
        </src>
        <src id="IPLSng">
            <dst id="ATLA-M5">663.034666666667</dst>
            <dst id="ATLAng">22810.0986666667</dst>
            <dst id="CHINng">89213.5386666667</dst>
            <dst id="DNVRng">16506.968</dst>
            <dst id="HSTNng">8106.61333333333</dst>
            <dst id="IPLSng">24559.552</dst>
            <dst id="KSCYng">11410.776</dst>
            <dst id="LOSAng">23635.856</dst>
            <dst id="NYCMng">15929.0826666667</dst>
            <dst id="SNVAng">3019.736</dst>
            <dst id="STTLng">25446.0186666667</dst>
            <dst id="WASHng">46016.6613333333</dst>
        </src>
        <src id="KSCYng">
            <dst id="ATLA-M5">440.629333333333</dst>
            <dst id="ATLAng">5937.73066666667</dst>
            <dst id="CHINng">28844.1066666667</dst>
            <dst id="DNVRng">10529.832</dst>
            <dst id="HSTNng">4584.38933333333</dst>
            <dst id="IPLSng">22482.6506666667</dst>
            <dst id="KSCYng">20724.4506666667</dst>
            <dst id="LOSAng">4229.40533333333</dst>
            <dst id="NYCMng">8277.85333333333</dst>
            <dst id="SNVAng">2848.94666666667</dst>
            <dst id="STTLng">15266.48</dst>
            <dst id="WASHng">14761.5253333333</dst>
        </src>
        <src id="LOSAng">
            <dst id="ATLA-M5">554.808</dst>
            <dst id="ATLAng">18915.9653333333</dst>
            <dst id="CHINng">88062.2853333333</dst>
            <dst id="DNVRng">49634.9653333333</dst>
            <dst id="HSTNng">36971.2826666667</dst>
            <dst id="IPLSng">53788.2533333333</dst>
            <dst id="KSCYng">6764.184</dst>
            <dst id="LOSAng">9887.79733333333</dst>
            <dst id="NYCMng">49784.5226666667</dst>
            <dst id="SNVAng">20987.9973333333</dst>
            <dst id="STTLng">59914.3973333333</dst>
            <dst id="WASHng">90420.4453333333</dst>
        </src>
        <src id="NYCMng">
            <dst id="ATLA-M5">3519.904</dst>
            <dst id="ATLAng">41007.952</dst>
            <dst id="CHINng">31816.3253333333</dst>
            <dst id="DNVRng">34080.1706666667</dst>
            <dst id="HSTNng">23681.1226666667</dst>
            <dst id="IPLSng">36383.416</dst>
            <dst id="KSCYng">15565.3146666667</dst>
            <dst id="LOSAng">69202.704</dst>
            <dst id="NYCMng">111243.029333333</dst>
            <dst id="SNVAng">4750.73333333333</dst>
            <dst id="STTLng">26502.5573333333</dst>
            <dst id="WASHng">147825.845333333</dst>
        </src>
        <src id="SNVAng">
            <dst id="ATLA-M5">0</dst>
            <dst id="ATLAng">133.333333333333</dst>
            <dst id="CHINng">82.784</dst>
            <dst id="DNVRng">20203.072</dst>
            <dst id="HSTNng">152.453333333333</dst>
            <dst id="IPLSng">586.965333333333</dst>
            <dst id="KSCYng">283.776</dst>
            <dst id="LOSAng">11179.9306666667</dst>
            <dst id="NYCMng">129.376</dst>
            <dst id="SNVAng">10018.144</dst>
            <dst id="STTLng">19486.0266666667</dst>
            <dst id="WASHng">271.970666666667</dst>
        </src>
        <src id="STTLng">
            <dst id="ATLA-M5">2549.17066666667</dst>
            <dst id="ATLAng">50781.192</dst>
            <dst id="CHINng">87609.5493333333</dst>
            <dst id="DNVRng">56065.184</dst>
            <dst id="HSTNng">50970.4373333333</dst>
            <dst id="IPLSng">64715.4746666667</dst>
            <dst id="KSCYng">48753.312</dst>
            <dst id="LOSAng">11212.6666666667</dst>
            <dst id="NYCMng">17810.1946666667</dst>
            <dst id="SNVAng">13743.0213333333</dst>
            <dst id="STTLng">65473.272</dst>
            <dst id="WASHng">68217.2026666667</dst>
        </src>
        <src id="WASHng">
            <dst id="ATLA-M5">9333.488</dst>
            <dst id="ATLAng">127451.768</dst>
            <dst id="CHINng">154966.509333333</dst>
            <dst id="DNVRng">86618.456</dst>
            <dst id="HSTNng">33357.6053333333</dst>
            <dst id="IPLSng">83835.8213333333</dst>
            <dst id="KSCYng">53419.2213333333</dst>
            <dst id="LOSAng">91983.4026666666</dst>
            <dst id="NYCMng">213526.474666667</dst>
            <dst id="SNVAng">15348.624</dst>
            <dst id="STTLng">64658.4853333333</dst>
            <dst id="WASHng">265917.768</dst>
        </src>
    </IntraTM>
</TrafficMatrixFile>
