<?xml version="1.0" encoding="ISO-8859-1" standalone="yes"?>
<TrafficMatrixFile xsi:noNamespaceSchemaLocation="http://totem.run.montefiore.ulg.ac.be/Schema/TrafficMatrix-v1_2.xsd" xmlns:xsi="http://www.w3.org/2001/XMLSchema-instance">
    <IntraTM ASID="11537">
        <src id="ATLA-M5">
            <dst id="ATLA-M5">104.370666666667</dst>
            <dst id="ATLAng">513.042666666667</dst>
            <dst id="CHINng">42904.5413333333</dst>
            <dst id="DNVRng">80</dst>
            <dst id="HSTNng">476.216</dst>
            <dst id="IPLSng">635.346666666667</dst>
            <dst id="KSCYng">591.728</dst>
            <dst id="LOSAng">148.381333333333</dst>
            <dst id="NYCMng">1229.64533333333</dst>
            <dst id="SNVAng">68.3813333333333</dst>
            <dst id="STTLng">532.274666666667</dst>
            <dst id="WASHng">44110.6986666667</dst>
        </src>
        <src id="ATLAng">
            <dst id="ATLA-M5">1255.56533333333</dst>
            <dst id="ATLAng">55516.5706666667</dst>
            <dst id="CHINng">31540.3013333333</dst>
            <dst id="DNVRng">5133.608</dst>
            <dst id="HSTNng">3074.792</dst>
            <dst id="IPLSng">19059.1973333333</dst>
            <dst id="KSCYng">5179.96266666667</dst>
            <dst id="LOSAng">21670.4626666667</dst>
            <dst id="NYCMng">13203.568</dst>
            <dst id="SNVAng">2074.91333333333</dst>
            <dst id="STTLng">14451.688</dst>
            <dst id="WASHng">34595.6</dst>
        </src>
        <src id="CHINng">
            <dst id="ATLA-M5">527.378666666667</dst>
            <dst id="ATLAng">27624.7093333333</dst>
            <dst id="CHINng">245470.765333333</dst>
            <dst id="DNVRng">19179.5546666667</dst>
            <dst id="HSTNng">12507.064</dst>
            <dst id="IPLSng">56197.9866666667</dst>
            <dst id="KSCYng">20796.1706666667</dst>
            <dst id="LOSAng">53599.9173333333</dst>
            <dst id="NYCMng">16863.0266666667</dst>
            <dst id="SNVAng">7145.54133333333</dst>
            <dst id="STTLng">33535.7733333333</dst>
            <dst id="WASHng">41861.584</dst>
        </src>
        <src id="DNVRng">
            <dst id="ATLA-M5">242.4</dst>
            <dst id="ATLAng">6369.52</dst>
            <dst id="CHINng">32399.2026666667</dst>
            <dst id="DNVRng">15336.0426666667</dst>
            <dst id="HSTNng">14722.944</dst>
            <dst id="IPLSng">9567.78133333334</dst>
            <dst id="KSCYng">31605.48</dst>
            <dst id="LOSAng">9064.38933333333</dst>
            <dst id="NYCMng">11506.056</dst>
            <dst id="SNVAng">22689.984</dst>
            <dst id="STTLng">70738.792</dst>
            <dst id="WASHng">33047.168</dst>
        </src>
        <src id="HSTNng">
            <dst id="ATLA-M5">1302.856</dst>
            <dst id="ATLAng">3741.58933333333</dst>
            <dst id="CHINng">215284.394666667</dst>
            <dst id="DNVRng">2387.97333333333</dst>
            <dst id="HSTNng">12390.5333333333</dst>
            <dst id="IPLSng">4633.45066666667</dst>
            <dst id="KSCYng">10074.864</dst>
            <dst id="LOSAng">58720.9973333333</dst>
            <dst id="NYCMng">2730.21066666667</dst>
            <dst id="SNVAng">80.3813333333333</dst>
            <dst id="STTLng">7301.37066666667</dst>
            <dst id="WASHng">16210.4746666667</dst>
        </src>
        <src id="IPLSng">
            <dst id="ATLA-M5">236.104</dst>
            <dst id="ATLAng">14043.496</dst>
            <dst id="CHINng">45644.0293333333</dst>
            <dst id="DNVRng">11370.736</dst>
            <dst id="HSTNng">2716.37866666667</dst>
            <dst id="IPLSng">16273.3813333333</dst>
            <dst id="KSCYng">10008.664</dst>
            <dst id="LOSAng">20870.6266666667</dst>
            <dst id="NYCMng">18234.8426666667</dst>
            <dst id="SNVAng">1815.73866666667</dst>
            <dst id="STTLng">29634.696</dst>
            <dst id="WASHng">19604.0986666667</dst>
        </src>
        <src id="KSCYng">
            <dst id="ATLA-M5">385.397333333333</dst>
            <dst id="ATLAng">8898.17333333334</dst>
            <dst id="CHINng">55141.696</dst>
            <dst id="DNVRng">8970.72</dst>
            <dst id="HSTNng">4655.24533333333</dst>
            <dst id="IPLSng">20033.2</dst>
            <dst id="KSCYng">13210.2</dst>
            <dst id="LOSAng">7001.87733333333</dst>
            <dst id="NYCMng">5945.63733333333</dst>
            <dst id="SNVAng">2260.93066666667</dst>
            <dst id="STTLng">12024.544</dst>
            <dst id="WASHng">14799.5973333333</dst>
        </src>
        <src id="LOSAng">
            <dst id="ATLA-M5">204.008</dst>
            <dst id="ATLAng">14537.9546666667</dst>
            <dst id="CHINng">145191.730666667</dst>
            <dst id="DNVRng">32597.16</dst>
            <dst id="HSTNng">35278.0293333333</dst>
            <dst id="IPLSng">49384.9493333333</dst>
            <dst id="KSCYng">10525.76</dst>
            <dst id="LOSAng">16434.128</dst>
            <dst id="NYCMng">39006.4133333333</dst>
            <dst id="SNVAng">19048.736</dst>
            <dst id="STTLng">75971.1066666667</dst>
            <dst id="WASHng">60846.0533333333</dst>
        </src>
        <src id="NYCMng">
            <dst id="ATLA-M5">1367.37333333333</dst>
            <dst id="ATLAng">33777.536</dst>
            <dst id="CHINng">46227.8426666667</dst>
            <dst id="DNVRng">22205.9493333333</dst>
            <dst id="HSTNng">6954.656</dst>
            <dst id="IPLSng">20865.84</dst>
            <dst id="KSCYng">18524.112</dst>
            <dst id="LOSAng">60216.6773333333</dst>
            <dst id="NYCMng">212870.962666667</dst>
            <dst id="SNVAng">5522.064</dst>
            <dst id="STTLng">23818.648</dst>
            <dst id="WASHng">92464.0293333333</dst>
        </src>
        <src id="SNVAng">
            <dst id="ATLA-M5">0</dst>
            <dst id="ATLAng">1011.2</dst>
            <dst id="CHINng">152.397333333333</dst>
            <dst id="DNVRng">4431.78133333333</dst>
            <dst id="HSTNng">36.6746666666667</dst>
            <dst id="IPLSng">544.042666666667</dst>
            <dst id="KSCYng">0</dst>
            <dst id="LOSAng">8666.86666666666</dst>
            <dst id="NYCMng">28.472</dst>
            <dst id="SNVAng">6830.92266666667</dst>
            <dst id="STTLng">26133.1173333333</dst>
            <dst id="WASHng">26.6666666666667</dst>
        </src>
        <src id="STTLng">
            <dst id="ATLA-M5">754.712</dst>
            <dst id="ATLAng">24241.656</dst>
            <dst id="CHINng">42748.272</dst>
            <dst id="DNVRng">24113.8613333333</dst>
            <dst id="HSTNng">10637.576</dst>
            <dst id="IPLSng">43331.488</dst>
            <dst id="KSCYng">23758.8826666667</dst>
            <dst id="LOSAng">47478.1093333333</dst>
            <dst id="NYCMng">11329.2133333333</dst>
            <dst id="SNVAng">5993.73866666667</dst>
            <dst id="STTLng">32786.8026666667</dst>
            <dst id="WASHng">39564.856</dst>
        </src>
        <src id="WASHng">
            <dst id="ATLA-M5">2090.62666666667</dst>
            <dst id="ATLAng">68020.9893333333</dst>
            <dst id="CHINng">560623.52</dst>
            <dst id="DNVRng">65443.96</dst>
            <dst id="HSTNng">26642.8266666667</dst>
            <dst id="IPLSng">74242.6266666667</dst>
            <dst id="KSCYng">25093.7413333333</dst>
            <dst id="LOSAng">74458.9573333333</dst>
            <dst id="NYCMng">207623.533333333</dst>
            <dst id="SNVAng">17812.496</dst>
            <dst id="STTLng">56271.5253333333</dst>
            <dst id="WASHng">658481.226666667</dst>
        </src>
    </IntraTM>
</TrafficMatrixFile>
