<?xml version="1.0" encoding="ISO-8859-1" standalone="yes"?>
<TrafficMatrixFile xsi:noNamespaceSchemaLocation="http://totem.run.montefiore.ulg.ac.be/Schema/TrafficMatrix-v1_2.xsd" xmlns:xsi="http://www.w3.org/2001/XMLSchema-instance">
    <IntraTM ASID="11537">
        <src id="ATLA-M5">
            <dst id="ATLA-M5">0</dst>
            <dst id="ATLAng">375.197333333333</dst>
            <dst id="CHINng">862.354666666667</dst>
            <dst id="DNVRng">0</dst>
            <dst id="HSTNng">26.6666666666667</dst>
            <dst id="IPLSng">480.456</dst>
            <dst id="KSCYng">183.461333333333</dst>
            <dst id="LOSAng">13.532</dst>
            <dst id="NYCMng">1660.29333333333</dst>
            <dst id="SNVAng">13.532</dst>
            <dst id="STTLng">323.52</dst>
            <dst id="WASHng">1100.28266666667</dst>
        </src>
        <src id="ATLAng">
            <dst id="ATLA-M5">369.416</dst>
            <dst id="ATLAng">39385.9546666667</dst>
            <dst id="CHINng">12805.912</dst>
            <dst id="DNVRng">6299.52</dst>
            <dst id="HSTNng">17346.608</dst>
            <dst id="IPLSng">12480.3066666667</dst>
            <dst id="KSCYng">2073.85066666667</dst>
            <dst id="LOSAng">12872.7</dst>
            <dst id="NYCMng">7324.43466666667</dst>
            <dst id="SNVAng">596.028</dst>
            <dst id="STTLng">6942.91466666667</dst>
            <dst id="WASHng">37321.44</dst>
        </src>
        <src id="CHINng">
            <dst id="ATLA-M5">94.68</dst>
            <dst id="ATLAng">15793.1493333333</dst>
            <dst id="CHINng">184525.357333333</dst>
            <dst id="DNVRng">6746.52533333333</dst>
            <dst id="HSTNng">7231.29333333333</dst>
            <dst id="IPLSng">47431.8293333333</dst>
            <dst id="KSCYng">17747.6186666667</dst>
            <dst id="LOSAng">28799.8746666667</dst>
            <dst id="NYCMng">12480.2</dst>
            <dst id="SNVAng">4366.70933333333</dst>
            <dst id="STTLng">15672.3946666667</dst>
            <dst id="WASHng">15872.1226666667</dst>
        </src>
        <src id="DNVRng">
            <dst id="ATLA-M5">260.042666666667</dst>
            <dst id="ATLAng">7728.82133333334</dst>
            <dst id="CHINng">55825.7973333333</dst>
            <dst id="DNVRng">18826.9973333333</dst>
            <dst id="HSTNng">14343.8746666667</dst>
            <dst id="IPLSng">8249.21866666667</dst>
            <dst id="KSCYng">26425.5493333333</dst>
            <dst id="LOSAng">6011.36533333333</dst>
            <dst id="NYCMng">5979.63733333333</dst>
            <dst id="SNVAng">8155.88533333333</dst>
            <dst id="STTLng">13676.8773333333</dst>
            <dst id="WASHng">22112.8746666667</dst>
        </src>
        <src id="HSTNng">
            <dst id="ATLA-M5">1126.53866666667</dst>
            <dst id="ATLAng">5490.41866666667</dst>
            <dst id="CHINng">21464.0506666667</dst>
            <dst id="DNVRng">948.92</dst>
            <dst id="HSTNng">17591.6746666667</dst>
            <dst id="IPLSng">2809.56266666667</dst>
            <dst id="KSCYng">10572.472</dst>
            <dst id="LOSAng">3085.22666666667</dst>
            <dst id="NYCMng">4428.352</dst>
            <dst id="SNVAng">26.6666666666667</dst>
            <dst id="STTLng">4183.264</dst>
            <dst id="WASHng">9354.67466666667</dst>
        </src>
        <src id="IPLSng">
            <dst id="ATLA-M5">101.762666666667</dst>
            <dst id="ATLAng">4577.95466666667</dst>
            <dst id="CHINng">58757.6986666667</dst>
            <dst id="DNVRng">4586.552</dst>
            <dst id="HSTNng">1232.192</dst>
            <dst id="IPLSng">7884.54133333333</dst>
            <dst id="KSCYng">9063.33333333334</dst>
            <dst id="LOSAng">12336.7706666667</dst>
            <dst id="NYCMng">4788.84266666667</dst>
            <dst id="SNVAng">830.752</dst>
            <dst id="STTLng">17632.24</dst>
            <dst id="WASHng">16358.2053333333</dst>
        </src>
        <src id="KSCYng">
            <dst id="ATLA-M5">406.096</dst>
            <dst id="ATLAng">4334.624</dst>
            <dst id="CHINng">27458.256</dst>
            <dst id="DNVRng">8479.26133333333</dst>
            <dst id="HSTNng">3235.70666666667</dst>
            <dst id="IPLSng">14968.1573333333</dst>
            <dst id="KSCYng">13579.792</dst>
            <dst id="LOSAng">4500.224</dst>
            <dst id="NYCMng">3828.94133333333</dst>
            <dst id="SNVAng">2174.12</dst>
            <dst id="STTLng">13253.44</dst>
            <dst id="WASHng">11109.4346666667</dst>
        </src>
        <src id="LOSAng">
            <dst id="ATLA-M5">26.6666666666667</dst>
            <dst id="ATLAng">6905.13866666667</dst>
            <dst id="CHINng">93595.6293333333</dst>
            <dst id="DNVRng">8630.62933333333</dst>
            <dst id="HSTNng">1649.75733333333</dst>
            <dst id="IPLSng">21661.976</dst>
            <dst id="KSCYng">2397.472</dst>
            <dst id="LOSAng">10418.6746666667</dst>
            <dst id="NYCMng">25614.968</dst>
            <dst id="SNVAng">27703.4053333333</dst>
            <dst id="STTLng">42664.888</dst>
            <dst id="WASHng">35041.2426666667</dst>
        </src>
        <src id="NYCMng">
            <dst id="ATLA-M5">1112.40266666667</dst>
            <dst id="ATLAng">28963.3333333333</dst>
            <dst id="CHINng">28734.1493333333</dst>
            <dst id="DNVRng">12718.9253333333</dst>
            <dst id="HSTNng">8974.18666666667</dst>
            <dst id="IPLSng">14679.5653333333</dst>
            <dst id="KSCYng">11226.2</dst>
            <dst id="LOSAng">40388.1653333333</dst>
            <dst id="NYCMng">95258.0266666667</dst>
            <dst id="SNVAng">3277.152</dst>
            <dst id="STTLng">17798.392</dst>
            <dst id="WASHng">46513.7813333333</dst>
        </src>
        <src id="SNVAng">
            <dst id="ATLA-M5">0</dst>
            <dst id="ATLAng">26.6666666666667</dst>
            <dst id="CHINng">138.666666666667</dst>
            <dst id="DNVRng">1490.57066666667</dst>
            <dst id="HSTNng">77.5466666666667</dst>
            <dst id="IPLSng">279.432</dst>
            <dst id="KSCYng">0</dst>
            <dst id="LOSAng">3938.86133333333</dst>
            <dst id="NYCMng">195.853333333333</dst>
            <dst id="SNVAng">6642.64533333333</dst>
            <dst id="STTLng">16116.6266666667</dst>
            <dst id="WASHng">92.576</dst>
        </src>
        <src id="STTLng">
            <dst id="ATLA-M5">205.765333333333</dst>
            <dst id="ATLAng">9411.59466666667</dst>
            <dst id="CHINng">29926.2533333333</dst>
            <dst id="DNVRng">4562.984</dst>
            <dst id="HSTNng">2072.20533333333</dst>
            <dst id="IPLSng">6371.65333333333</dst>
            <dst id="KSCYng">3216.46133333333</dst>
            <dst id="LOSAng">29392.3706666667</dst>
            <dst id="NYCMng">7033.92533333333</dst>
            <dst id="SNVAng">2233.19733333333</dst>
            <dst id="STTLng">24222.7013333333</dst>
            <dst id="WASHng">7446.26133333333</dst>
        </src>
        <src id="WASHng">
            <dst id="ATLA-M5">173.6</dst>
            <dst id="ATLAng">104945.52</dst>
            <dst id="CHINng">78271.256</dst>
            <dst id="DNVRng">57863.8426666667</dst>
            <dst id="HSTNng">25860.4773333333</dst>
            <dst id="IPLSng">33540.48</dst>
            <dst id="KSCYng">19059.2906666667</dst>
            <dst id="LOSAng">87430.8266666667</dst>
            <dst id="NYCMng">147507.925333333</dst>
            <dst id="SNVAng">5301.88533333333</dst>
            <dst id="STTLng">36413.6026666667</dst>
            <dst id="WASHng">267247.253333333</dst>
        </src>
    </IntraTM>
</TrafficMatrixFile>
