<?xml version="1.0" encoding="ISO-8859-1" standalone="yes"?>
<TrafficMatrixFile xsi:noNamespaceSchemaLocation="http://totem.run.montefiore.ulg.ac.be/Schema/TrafficMatrix-v1_2.xsd" xmlns:xsi="http://www.w3.org/2001/XMLSchema-instance">
    <IntraTM ASID="11537">
        <src id="ATLA-M5">
            <dst id="ATLA-M5">80.6026666666667</dst>
            <dst id="ATLAng">1457.20533333333</dst>
            <dst id="CHINng">1334.69866666667</dst>
            <dst id="DNVRng">153.88</dst>
            <dst id="HSTNng">247.192</dst>
            <dst id="IPLSng">1346.76266666667</dst>
            <dst id="KSCYng">358.896</dst>
            <dst id="LOSAng">148.501333333333</dst>
            <dst id="NYCMng">1576.28266666667</dst>
            <dst id="SNVAng">136.026666666667</dst>
            <dst id="STTLng">1042.88</dst>
            <dst id="WASHng">2483.384</dst>
        </src>
        <src id="ATLAng">
            <dst id="ATLA-M5">1143.10133333333</dst>
            <dst id="ATLAng">29503.2533333333</dst>
            <dst id="CHINng">19035.2453333333</dst>
            <dst id="DNVRng">7495.22666666667</dst>
            <dst id="HSTNng">20646.7626666667</dst>
            <dst id="IPLSng">33524.0106666667</dst>
            <dst id="KSCYng">10924.0133333333</dst>
            <dst id="LOSAng">11338.6493333333</dst>
            <dst id="NYCMng">27115.04</dst>
            <dst id="SNVAng">1373.012</dst>
            <dst id="STTLng">24090.3573333333</dst>
            <dst id="WASHng">53229.56</dst>
        </src>
        <src id="CHINng">
            <dst id="ATLA-M5">1104.74133333333</dst>
            <dst id="ATLAng">25036.5253333333</dst>
            <dst id="CHINng">129821.738666667</dst>
            <dst id="DNVRng">22302.1626666667</dst>
            <dst id="HSTNng">16823.256</dst>
            <dst id="IPLSng">69434.4426666667</dst>
            <dst id="KSCYng">31955.2533333333</dst>
            <dst id="LOSAng">57502.3093333334</dst>
            <dst id="NYCMng">26024.1626666667</dst>
            <dst id="SNVAng">3123.624</dst>
            <dst id="STTLng">41821.6186666667</dst>
            <dst id="WASHng">54896.9253333333</dst>
        </src>
        <src id="DNVRng">
            <dst id="ATLA-M5">262.458666666667</dst>
            <dst id="ATLAng">10405.976</dst>
            <dst id="CHINng">41619.6506666667</dst>
            <dst id="DNVRng">12964.2586666667</dst>
            <dst id="HSTNng">13194.6293333333</dst>
            <dst id="IPLSng">18426.7493333333</dst>
            <dst id="KSCYng">28041.56</dst>
            <dst id="LOSAng">23915.2693333333</dst>
            <dst id="NYCMng">8965.15466666667</dst>
            <dst id="SNVAng">27856.9306666667</dst>
            <dst id="STTLng">49178.4026666667</dst>
            <dst id="WASHng">48234.2986666667</dst>
        </src>
        <src id="HSTNng">
            <dst id="ATLA-M5">2086.096</dst>
            <dst id="ATLAng">9091.97866666667</dst>
            <dst id="CHINng">19373.9013333333</dst>
            <dst id="DNVRng">3116.38133333333</dst>
            <dst id="HSTNng">14477.8266666667</dst>
            <dst id="IPLSng">6643.57066666667</dst>
            <dst id="KSCYng">13499.1973333333</dst>
            <dst id="LOSAng">61535.8666666667</dst>
            <dst id="NYCMng">11045.88</dst>
            <dst id="SNVAng">186.869333333333</dst>
            <dst id="STTLng">13098.6346666667</dst>
            <dst id="WASHng">8617.08</dst>
        </src>
        <src id="IPLSng">
            <dst id="ATLA-M5">819.256</dst>
            <dst id="ATLAng">24631.3573333333</dst>
            <dst id="CHINng">101080.994666667</dst>
            <dst id="DNVRng">10671.2133333333</dst>
            <dst id="HSTNng">8949.62666666667</dst>
            <dst id="IPLSng">55896.6293333333</dst>
            <dst id="KSCYng">28895.376</dst>
            <dst id="LOSAng">26089.6026666667</dst>
            <dst id="NYCMng">18359.44</dst>
            <dst id="SNVAng">4598.12</dst>
            <dst id="STTLng">34109.8906666667</dst>
            <dst id="WASHng">46866.5626666667</dst>
        </src>
        <src id="KSCYng">
            <dst id="ATLA-M5">205.178666666667</dst>
            <dst id="ATLAng">12912.4666666667</dst>
            <dst id="CHINng">31999.992</dst>
            <dst id="DNVRng">11882.632</dst>
            <dst id="HSTNng">5210.728</dst>
            <dst id="IPLSng">19364.0133333333</dst>
            <dst id="KSCYng">13664.5386666667</dst>
            <dst id="LOSAng">6617.224</dst>
            <dst id="NYCMng">8491.12</dst>
            <dst id="SNVAng">2282.52</dst>
            <dst id="STTLng">15477.7466666667</dst>
            <dst id="WASHng">10954.1173333333</dst>
        </src>
        <src id="LOSAng">
            <dst id="ATLA-M5">153.789333333333</dst>
            <dst id="ATLAng">11309.264</dst>
            <dst id="CHINng">81275.224</dst>
            <dst id="DNVRng">24168.9573333333</dst>
            <dst id="HSTNng">11600.968</dst>
            <dst id="IPLSng">37429.8853333333</dst>
            <dst id="KSCYng">5908.168</dst>
            <dst id="LOSAng">25925.0426666667</dst>
            <dst id="NYCMng">40156.6506666667</dst>
            <dst id="SNVAng">24586.1466666667</dst>
            <dst id="STTLng">72300.4026666667</dst>
            <dst id="WASHng">65623.968</dst>
        </src>
        <src id="NYCMng">
            <dst id="ATLA-M5">4667.28266666667</dst>
            <dst id="ATLAng">47283.1173333333</dst>
            <dst id="CHINng">48880.3626666667</dst>
            <dst id="DNVRng">26125.4746666667</dst>
            <dst id="HSTNng">15859.936</dst>
            <dst id="IPLSng">62608.376</dst>
            <dst id="KSCYng">20107.7466666667</dst>
            <dst id="LOSAng">58616.544</dst>
            <dst id="NYCMng">192218.837333333</dst>
            <dst id="SNVAng">9463.144</dst>
            <dst id="STTLng">20653.0373333333</dst>
            <dst id="WASHng">134000.229333333</dst>
        </src>
        <src id="SNVAng">
            <dst id="ATLA-M5">0</dst>
            <dst id="ATLAng">150.933333333333</dst>
            <dst id="CHINng">164.92</dst>
            <dst id="DNVRng">4614.384</dst>
            <dst id="HSTNng">189.613333333333</dst>
            <dst id="IPLSng">1119.50133333333</dst>
            <dst id="KSCYng">80</dst>
            <dst id="LOSAng">7638.85333333333</dst>
            <dst id="NYCMng">46.7866666666667</dst>
            <dst id="SNVAng">10471.2586666667</dst>
            <dst id="STTLng">20973.8053333333</dst>
            <dst id="WASHng">475.445333333333</dst>
        </src>
        <src id="STTLng">
            <dst id="ATLA-M5">3964.14666666667</dst>
            <dst id="ATLAng">60351.4506666667</dst>
            <dst id="CHINng">134120.016</dst>
            <dst id="DNVRng">46888.7733333333</dst>
            <dst id="HSTNng">28349.576</dst>
            <dst id="IPLSng">93166.128</dst>
            <dst id="KSCYng">61530.0213333333</dst>
            <dst id="LOSAng">13075.2933333333</dst>
            <dst id="NYCMng">30321.9173333333</dst>
            <dst id="SNVAng">8649.46933333333</dst>
            <dst id="STTLng">36921.4986666667</dst>
            <dst id="WASHng">106652.869333333</dst>
        </src>
        <src id="WASHng">
            <dst id="ATLA-M5">1799.856</dst>
            <dst id="ATLAng">107495.312</dst>
            <dst id="CHINng">77606.5093333333</dst>
            <dst id="DNVRng">59008.4453333333</dst>
            <dst id="HSTNng">38182.752</dst>
            <dst id="IPLSng">118502.16</dst>
            <dst id="KSCYng">22032.8586666667</dst>
            <dst id="LOSAng">86005.568</dst>
            <dst id="NYCMng">299637.84</dst>
            <dst id="SNVAng">8561.304</dst>
            <dst id="STTLng">79564.6053333333</dst>
            <dst id="WASHng">301247.386666667</dst>
        </src>
    </IntraTM>
</TrafficMatrixFile>
