<?xml version="1.0" encoding="ISO-8859-1" standalone="yes"?>
<TrafficMatrixFile xsi:noNamespaceSchemaLocation="http://totem.run.montefiore.ulg.ac.be/Schema/TrafficMatrix-v1_2.xsd" xmlns:xsi="http://www.w3.org/2001/XMLSchema-instance">
    <IntraTM ASID="11537">
        <src id="ATLA-M5">
            <dst id="ATLA-M5">26.6666666666667</dst>
            <dst id="ATLAng">790.125333333334</dst>
            <dst id="CHINng">602.976</dst>
            <dst id="DNVRng">473.829333333333</dst>
            <dst id="HSTNng">209.970666666667</dst>
            <dst id="IPLSng">1032.86133333333</dst>
            <dst id="KSCYng">722.016</dst>
            <dst id="LOSAng">122.750666666667</dst>
            <dst id="NYCMng">1214.48266666667</dst>
            <dst id="SNVAng">119.908</dst>
            <dst id="STTLng">712.378666666667</dst>
            <dst id="WASHng">1750.936</dst>
        </src>
        <src id="ATLAng">
            <dst id="ATLA-M5">534.586666666667</dst>
            <dst id="ATLAng">36079.008</dst>
            <dst id="CHINng">26944.2426666667</dst>
            <dst id="DNVRng">4677.77333333333</dst>
            <dst id="HSTNng">3594.05066666667</dst>
            <dst id="IPLSng">21823.5333333333</dst>
            <dst id="KSCYng">6785.18133333333</dst>
            <dst id="LOSAng">27814.6906666667</dst>
            <dst id="NYCMng">12207.0266666667</dst>
            <dst id="SNVAng">987.650666666667</dst>
            <dst id="STTLng">11740.7493333333</dst>
            <dst id="WASHng">45283.0293333333</dst>
        </src>
        <src id="CHINng">
            <dst id="ATLA-M5">1131.24</dst>
            <dst id="ATLAng">235664.509333333</dst>
            <dst id="CHINng">84283.7786666667</dst>
            <dst id="DNVRng">18114.168</dst>
            <dst id="HSTNng">16254.48</dst>
            <dst id="IPLSng">54578.2426666667</dst>
            <dst id="KSCYng">15589.6906666667</dst>
            <dst id="LOSAng">46076.184</dst>
            <dst id="NYCMng">14199.36</dst>
            <dst id="SNVAng">5422.76533333333</dst>
            <dst id="STTLng">29501.1946666667</dst>
            <dst id="WASHng">40075.2693333333</dst>
        </src>
        <src id="DNVRng">
            <dst id="ATLA-M5">253.336</dst>
            <dst id="ATLAng">5869.71466666667</dst>
            <dst id="CHINng">39790.8746666667</dst>
            <dst id="DNVRng">40864.0266666667</dst>
            <dst id="HSTNng">13539.3813333333</dst>
            <dst id="IPLSng">12343.736</dst>
            <dst id="KSCYng">25401.0346666667</dst>
            <dst id="LOSAng">18866.9333333333</dst>
            <dst id="NYCMng">14359.5413333333</dst>
            <dst id="SNVAng">8744.89333333334</dst>
            <dst id="STTLng">25209.3866666667</dst>
            <dst id="WASHng">26402.6106666667</dst>
        </src>
        <src id="HSTNng">
            <dst id="ATLA-M5">2662.85066666667</dst>
            <dst id="ATLAng">6296.81333333333</dst>
            <dst id="CHINng">14465.36</dst>
            <dst id="DNVRng">1678.47733333333</dst>
            <dst id="HSTNng">14297.1813333333</dst>
            <dst id="IPLSng">5325.296</dst>
            <dst id="KSCYng">9879.38666666667</dst>
            <dst id="LOSAng">6905.17066666667</dst>
            <dst id="NYCMng">2765.31733333333</dst>
            <dst id="SNVAng">114.005333333333</dst>
            <dst id="STTLng">9102.17066666667</dst>
            <dst id="WASHng">16550.528</dst>
        </src>
        <src id="IPLSng">
            <dst id="ATLA-M5">634.949333333333</dst>
            <dst id="ATLAng">12880.3226666667</dst>
            <dst id="CHINng">41737.64</dst>
            <dst id="DNVRng">9029.16266666667</dst>
            <dst id="HSTNng">1961.14133333333</dst>
            <dst id="IPLSng">11166.6613333333</dst>
            <dst id="KSCYng">17812.4533333333</dst>
            <dst id="LOSAng">16165.936</dst>
            <dst id="NYCMng">5827.776</dst>
            <dst id="SNVAng">1666.27733333333</dst>
            <dst id="STTLng">34809.208</dst>
            <dst id="WASHng">19664.0373333333</dst>
        </src>
        <src id="KSCYng">
            <dst id="ATLA-M5">326.792</dst>
            <dst id="ATLAng">8948.36</dst>
            <dst id="CHINng">19322.9066666667</dst>
            <dst id="DNVRng">10130.4026666667</dst>
            <dst id="HSTNng">5040.128</dst>
            <dst id="IPLSng">21168.1493333333</dst>
            <dst id="KSCYng">15275.2053333333</dst>
            <dst id="LOSAng">5984.67466666667</dst>
            <dst id="NYCMng">6051.29333333333</dst>
            <dst id="SNVAng">3437.84</dst>
            <dst id="STTLng">11657.6133333333</dst>
            <dst id="WASHng">14164.1973333333</dst>
        </src>
        <src id="LOSAng">
            <dst id="ATLA-M5">1001.44266666667</dst>
            <dst id="ATLAng">15701.192</dst>
            <dst id="CHINng">6299141.06666666</dst>
            <dst id="DNVRng">17001.0426666667</dst>
            <dst id="HSTNng">7036.07733333333</dst>
            <dst id="IPLSng">25300.816</dst>
            <dst id="KSCYng">8576.072</dst>
            <dst id="LOSAng">16806.72</dst>
            <dst id="NYCMng">46623.6293333333</dst>
            <dst id="SNVAng">19956.072</dst>
            <dst id="STTLng">60596.5413333333</dst>
            <dst id="WASHng">51618.608</dst>
        </src>
        <src id="NYCMng">
            <dst id="ATLA-M5">622.608</dst>
            <dst id="ATLAng">55634.4533333333</dst>
            <dst id="CHINng">33486.864</dst>
            <dst id="DNVRng">20771.296</dst>
            <dst id="HSTNng">26547.8666666667</dst>
            <dst id="IPLSng">34953.3413333333</dst>
            <dst id="KSCYng">15156.7866666667</dst>
            <dst id="LOSAng">72050.9866666667</dst>
            <dst id="NYCMng">101311.112</dst>
            <dst id="SNVAng">4382.39733333333</dst>
            <dst id="STTLng">33740.3973333333</dst>
            <dst id="WASHng">109045.338666667</dst>
        </src>
        <src id="SNVAng">
            <dst id="ATLA-M5">0</dst>
            <dst id="ATLAng">0</dst>
            <dst id="CHINng">163.965333333333</dst>
            <dst id="DNVRng">1351.03466666667</dst>
            <dst id="HSTNng">0</dst>
            <dst id="IPLSng">3410.56</dst>
            <dst id="KSCYng">0</dst>
            <dst id="LOSAng">8124.61333333333</dst>
            <dst id="NYCMng">347.76</dst>
            <dst id="SNVAng">8412.89333333333</dst>
            <dst id="STTLng">23673.3386666667</dst>
            <dst id="WASHng">162.586666666667</dst>
        </src>
        <src id="STTLng">
            <dst id="ATLA-M5">1606.96</dst>
            <dst id="ATLAng">26022.88</dst>
            <dst id="CHINng">49783.4453333333</dst>
            <dst id="DNVRng">17246.464</dst>
            <dst id="HSTNng">8754.29333333333</dst>
            <dst id="IPLSng">39206.1386666667</dst>
            <dst id="KSCYng">24278.8293333333</dst>
            <dst id="LOSAng">46569.5093333333</dst>
            <dst id="NYCMng">11999.008</dst>
            <dst id="SNVAng">2786.91466666667</dst>
            <dst id="STTLng">32036.5973333333</dst>
            <dst id="WASHng">43874.9573333333</dst>
        </src>
        <src id="WASHng">
            <dst id="ATLA-M5">1417.832</dst>
            <dst id="ATLAng">117183.68</dst>
            <dst id="CHINng">73840.4</dst>
            <dst id="DNVRng">65794.3093333333</dst>
            <dst id="HSTNng">33496.4186666667</dst>
            <dst id="IPLSng">46004.84</dst>
            <dst id="KSCYng">18835.776</dst>
            <dst id="LOSAng">84909.7386666667</dst>
            <dst id="NYCMng">230708.005333333</dst>
            <dst id="SNVAng">5176.13866666667</dst>
            <dst id="STTLng">53278.4346666667</dst>
            <dst id="WASHng">302837.84</dst>
        </src>
    </IntraTM>
</TrafficMatrixFile>
