<?xml version="1.0" encoding="ISO-8859-1" standalone="yes"?>
<TrafficMatrixFile xsi:noNamespaceSchemaLocation="http://totem.run.montefiore.ulg.ac.be/Schema/TrafficMatrix-v1_2.xsd" xmlns:xsi="http://www.w3.org/2001/XMLSchema-instance">
    <IntraTM ASID="11537">
        <src id="ATLA-M5">
            <dst id="ATLA-M5">0</dst>
            <dst id="ATLAng">257.525333333333</dst>
            <dst id="CHINng">239.76</dst>
            <dst id="DNVRng">80</dst>
            <dst id="HSTNng">100.754666666667</dst>
            <dst id="IPLSng">1346.63733333333</dst>
            <dst id="KSCYng">159.221333333333</dst>
            <dst id="LOSAng">57.5266666666667</dst>
            <dst id="NYCMng">1283.04</dst>
            <dst id="SNVAng">30.86</dst>
            <dst id="STTLng">395.928</dst>
            <dst id="WASHng">924.362666666667</dst>
        </src>
        <src id="ATLAng">
            <dst id="ATLA-M5">190.029333333333</dst>
            <dst id="ATLAng">51103.6266666667</dst>
            <dst id="CHINng">12088.6106666667</dst>
            <dst id="DNVRng">5241.24533333333</dst>
            <dst id="HSTNng">1592.48533333333</dst>
            <dst id="IPLSng">17289.288</dst>
            <dst id="KSCYng">1624.64</dst>
            <dst id="LOSAng">12019.108</dst>
            <dst id="NYCMng">8545.984</dst>
            <dst id="SNVAng">7037.76133333333</dst>
            <dst id="STTLng">12613.8293333333</dst>
            <dst id="WASHng">45196.432</dst>
        </src>
        <src id="CHINng">
            <dst id="ATLA-M5">326.709333333333</dst>
            <dst id="ATLAng">167725.592</dst>
            <dst id="CHINng">127788.506666667</dst>
            <dst id="DNVRng">9725.08533333333</dst>
            <dst id="HSTNng">5958.248</dst>
            <dst id="IPLSng">101095.216</dst>
            <dst id="KSCYng">10658.576</dst>
            <dst id="LOSAng">27861.7226666667</dst>
            <dst id="NYCMng">10146.0213333333</dst>
            <dst id="SNVAng">3232.68266666667</dst>
            <dst id="STTLng">18698.6266666667</dst>
            <dst id="WASHng">15475.144</dst>
        </src>
        <src id="DNVRng">
            <dst id="ATLA-M5">259.757333333333</dst>
            <dst id="ATLAng">4155.29866666667</dst>
            <dst id="CHINng">44924.1466666667</dst>
            <dst id="DNVRng">8071.128</dst>
            <dst id="HSTNng">8101.936</dst>
            <dst id="IPLSng">8542.6</dst>
            <dst id="KSCYng">8974.12</dst>
            <dst id="LOSAng">4631.73333333333</dst>
            <dst id="NYCMng">17542.5706666667</dst>
            <dst id="SNVAng">30903.5546666667</dst>
            <dst id="STTLng">6975.336</dst>
            <dst id="WASHng">25683.488</dst>
        </src>
        <src id="HSTNng">
            <dst id="ATLA-M5">1757.44</dst>
            <dst id="ATLAng">2005.01066666667</dst>
            <dst id="CHINng">21066.368</dst>
            <dst id="DNVRng">2097.744</dst>
            <dst id="HSTNng">9496.58666666667</dst>
            <dst id="IPLSng">2304.90933333333</dst>
            <dst id="KSCYng">5007.60266666667</dst>
            <dst id="LOSAng">5109.77066666667</dst>
            <dst id="NYCMng">3905.55466666667</dst>
            <dst id="SNVAng">0</dst>
            <dst id="STTLng">5211.064</dst>
            <dst id="WASHng">10938.5493333333</dst>
        </src>
        <src id="IPLSng">
            <dst id="ATLA-M5">129.621333333333</dst>
            <dst id="ATLAng">6493.368</dst>
            <dst id="CHINng">62836.272</dst>
            <dst id="DNVRng">10726.808</dst>
            <dst id="HSTNng">684.514666666667</dst>
            <dst id="IPLSng">15951.456</dst>
            <dst id="KSCYng">3156.51466666667</dst>
            <dst id="LOSAng">18814.2213333333</dst>
            <dst id="NYCMng">15361.072</dst>
            <dst id="SNVAng">471.664</dst>
            <dst id="STTLng">20828.0133333333</dst>
            <dst id="WASHng">24470.472</dst>
        </src>
        <src id="KSCYng">
            <dst id="ATLA-M5">160.882666666667</dst>
            <dst id="ATLAng">5501.61333333333</dst>
            <dst id="CHINng">25734.0986666667</dst>
            <dst id="DNVRng">8259.39733333333</dst>
            <dst id="HSTNng">2457.43733333333</dst>
            <dst id="IPLSng">11493.112</dst>
            <dst id="KSCYng">4248.49866666667</dst>
            <dst id="LOSAng">3358.79466666667</dst>
            <dst id="NYCMng">7097.69866666667</dst>
            <dst id="SNVAng">1643.50933333333</dst>
            <dst id="STTLng">10237.7226666667</dst>
            <dst id="WASHng">11525.3413333333</dst>
        </src>
        <src id="LOSAng">
            <dst id="ATLA-M5">565.333333333333</dst>
            <dst id="ATLAng">11087.8586666667</dst>
            <dst id="CHINng">76375.0373333333</dst>
            <dst id="DNVRng">6651.56266666667</dst>
            <dst id="HSTNng">1863.704</dst>
            <dst id="IPLSng">13150.656</dst>
            <dst id="KSCYng">1803.61333333333</dst>
            <dst id="LOSAng">9691.736</dst>
            <dst id="NYCMng">31400.2</dst>
            <dst id="SNVAng">19028.0826666667</dst>
            <dst id="STTLng">45585.5306666667</dst>
            <dst id="WASHng">36181.192</dst>
        </src>
        <src id="NYCMng">
            <dst id="ATLA-M5">217.269333333333</dst>
            <dst id="ATLAng">31619.5493333333</dst>
            <dst id="CHINng">39857.296</dst>
            <dst id="DNVRng">24431.5226666667</dst>
            <dst id="HSTNng">6817.61333333333</dst>
            <dst id="IPLSng">19680.5733333333</dst>
            <dst id="KSCYng">9770.24533333333</dst>
            <dst id="LOSAng">40221.1466666667</dst>
            <dst id="NYCMng">95686.3893333333</dst>
            <dst id="SNVAng">2226.072</dst>
            <dst id="STTLng">18349.6986666667</dst>
            <dst id="WASHng">69508.592</dst>
        </src>
        <src id="SNVAng">
            <dst id="ATLA-M5">0</dst>
            <dst id="ATLAng">0</dst>
            <dst id="CHINng">53.3333333333333</dst>
            <dst id="DNVRng">1508.59733333333</dst>
            <dst id="HSTNng">90.6666666666667</dst>
            <dst id="IPLSng">292.28</dst>
            <dst id="KSCYng">0</dst>
            <dst id="LOSAng">4349.672</dst>
            <dst id="NYCMng">138.232</dst>
            <dst id="SNVAng">6260.23733333333</dst>
            <dst id="STTLng">14668.0426666667</dst>
            <dst id="WASHng">82.2533333333333</dst>
        </src>
        <src id="STTLng">
            <dst id="ATLA-M5">1810.784</dst>
            <dst id="ATLAng">31459.8693333333</dst>
            <dst id="CHINng">46536.464</dst>
            <dst id="DNVRng">2448.77866666667</dst>
            <dst id="HSTNng">4531.104</dst>
            <dst id="IPLSng">28910.5733333333</dst>
            <dst id="KSCYng">11580.712</dst>
            <dst id="LOSAng">24723.56</dst>
            <dst id="NYCMng">19233.8666666667</dst>
            <dst id="SNVAng">1018.456</dst>
            <dst id="STTLng">13467.8773333333</dst>
            <dst id="WASHng">55398.7146666667</dst>
        </src>
        <src id="WASHng">
            <dst id="ATLA-M5">2784.22133333333</dst>
            <dst id="ATLAng">102283.893333333</dst>
            <dst id="CHINng">75665.6186666666</dst>
            <dst id="DNVRng">87691.9146666666</dst>
            <dst id="HSTNng">24652.0933333333</dst>
            <dst id="IPLSng">41181.5653333333</dst>
            <dst id="KSCYng">13035.2533333333</dst>
            <dst id="LOSAng">78358.616</dst>
            <dst id="NYCMng">106417.581333333</dst>
            <dst id="SNVAng">4047.64</dst>
            <dst id="STTLng">45822.0853333333</dst>
            <dst id="WASHng">385050.106666667</dst>
        </src>
    </IntraTM>
</TrafficMatrixFile>
