<?xml version="1.0" encoding="ISO-8859-1" standalone="yes"?>
<TrafficMatrixFile xsi:noNamespaceSchemaLocation="http://totem.run.montefiore.ulg.ac.be/Schema/TrafficMatrix-v1_2.xsd" xmlns:xsi="http://www.w3.org/2001/XMLSchema-instance">
    <IntraTM ASID="11537">
        <src id="ATLA-M5">
            <dst id="ATLA-M5">0</dst>
            <dst id="ATLAng">1214.272</dst>
            <dst id="CHINng">417.917333333333</dst>
            <dst id="DNVRng">60.8666666666667</dst>
            <dst id="HSTNng">107.112</dst>
            <dst id="IPLSng">492.650666666667</dst>
            <dst id="KSCYng">206.498666666667</dst>
            <dst id="LOSAng">434.352</dst>
            <dst id="NYCMng">1433.43466666667</dst>
            <dst id="SNVAng">27.0213333333333</dst>
            <dst id="STTLng">406.589333333333</dst>
            <dst id="WASHng">1114.67733333333</dst>
        </src>
        <src id="ATLAng">
            <dst id="ATLA-M5">109.149333333333</dst>
            <dst id="ATLAng">41948.192</dst>
            <dst id="CHINng">15822.248</dst>
            <dst id="DNVRng">3742.43466666667</dst>
            <dst id="HSTNng">15131.8426666667</dst>
            <dst id="IPLSng">12992.536</dst>
            <dst id="KSCYng">2739.58933333333</dst>
            <dst id="LOSAng">15746.8853333333</dst>
            <dst id="NYCMng">5657.47466666667</dst>
            <dst id="SNVAng">4201.304</dst>
            <dst id="STTLng">10137.3173333333</dst>
            <dst id="WASHng">52890.4453333333</dst>
        </src>
        <src id="CHINng">
            <dst id="ATLA-M5">274.362666666667</dst>
            <dst id="ATLAng">23726.64</dst>
            <dst id="CHINng">106320.925333333</dst>
            <dst id="DNVRng">11330.7253333333</dst>
            <dst id="HSTNng">11071.0106666667</dst>
            <dst id="IPLSng">76075.664</dst>
            <dst id="KSCYng">22053.0506666667</dst>
            <dst id="LOSAng">32944.4853333333</dst>
            <dst id="NYCMng">26436.1546666667</dst>
            <dst id="SNVAng">3654.952</dst>
            <dst id="STTLng">19692.368</dst>
            <dst id="WASHng">19167.9706666667</dst>
        </src>
        <src id="DNVRng">
            <dst id="ATLA-M5">145.333333333333</dst>
            <dst id="ATLAng">2827.232</dst>
            <dst id="CHINng">64341.3493333333</dst>
            <dst id="DNVRng">14056.0933333333</dst>
            <dst id="HSTNng">11701.4293333333</dst>
            <dst id="IPLSng">20933.3306666667</dst>
            <dst id="KSCYng">19179.728</dst>
            <dst id="LOSAng">7530.66933333333</dst>
            <dst id="NYCMng">8071.352</dst>
            <dst id="SNVAng">9064.22666666667</dst>
            <dst id="STTLng">14062.9626666667</dst>
            <dst id="WASHng">24303.824</dst>
        </src>
        <src id="HSTNng">
            <dst id="ATLA-M5">3879.304</dst>
            <dst id="ATLAng">3340.624</dst>
            <dst id="CHINng">16209.7013333333</dst>
            <dst id="DNVRng">2101.06133333333</dst>
            <dst id="HSTNng">17357.808</dst>
            <dst id="IPLSng">6367.17866666667</dst>
            <dst id="KSCYng">10915.2213333333</dst>
            <dst id="LOSAng">3313.39466666667</dst>
            <dst id="NYCMng">3028.94933333333</dst>
            <dst id="SNVAng">36.9946666666667</dst>
            <dst id="STTLng">4063.744</dst>
            <dst id="WASHng">11175.9546666667</dst>
        </src>
        <src id="IPLSng">
            <dst id="ATLA-M5">497.818666666667</dst>
            <dst id="ATLAng">7526.456</dst>
            <dst id="CHINng">77657.864</dst>
            <dst id="DNVRng">15933.1226666667</dst>
            <dst id="HSTNng">1531.13333333333</dst>
            <dst id="IPLSng">28550.6053333333</dst>
            <dst id="KSCYng">3112.85333333333</dst>
            <dst id="LOSAng">17809.2933333333</dst>
            <dst id="NYCMng">10541.4933333333</dst>
            <dst id="SNVAng">1460.33066666667</dst>
            <dst id="STTLng">19504.0986666667</dst>
            <dst id="WASHng">33456.216</dst>
        </src>
        <src id="KSCYng">
            <dst id="ATLA-M5">284.984</dst>
            <dst id="ATLAng">4102.01066666667</dst>
            <dst id="CHINng">30001.872</dst>
            <dst id="DNVRng">7923.72533333333</dst>
            <dst id="HSTNng">2841.44</dst>
            <dst id="IPLSng">17398.784</dst>
            <dst id="KSCYng">15748.0666666667</dst>
            <dst id="LOSAng">4742.44</dst>
            <dst id="NYCMng">7342.12533333333</dst>
            <dst id="SNVAng">2219.79466666667</dst>
            <dst id="STTLng">12092.3893333333</dst>
            <dst id="WASHng">9530.79733333333</dst>
        </src>
        <src id="LOSAng">
            <dst id="ATLA-M5">53.3333333333333</dst>
            <dst id="ATLAng">8347.35733333334</dst>
            <dst id="CHINng">84141.8373333333</dst>
            <dst id="DNVRng">8354.82133333334</dst>
            <dst id="HSTNng">1828.42666666667</dst>
            <dst id="IPLSng">15260.9733333333</dst>
            <dst id="KSCYng">2908.74133333333</dst>
            <dst id="LOSAng">12117.408</dst>
            <dst id="NYCMng">32689.52</dst>
            <dst id="SNVAng">22681.1573333333</dst>
            <dst id="STTLng">43246.8826666667</dst>
            <dst id="WASHng">43767.6986666667</dst>
        </src>
        <src id="NYCMng">
            <dst id="ATLA-M5">2404.57066666667</dst>
            <dst id="ATLAng">21369.656</dst>
            <dst id="CHINng">33220.2746666667</dst>
            <dst id="DNVRng">16643.7466666667</dst>
            <dst id="HSTNng">7600.88533333333</dst>
            <dst id="IPLSng">18039.0613333333</dst>
            <dst id="KSCYng">9712.35733333333</dst>
            <dst id="LOSAng">47862.4986666667</dst>
            <dst id="NYCMng">117653.130666667</dst>
            <dst id="SNVAng">4920.53333333333</dst>
            <dst id="STTLng">19459.4826666667</dst>
            <dst id="WASHng">66774.6</dst>
        </src>
        <src id="SNVAng">
            <dst id="ATLA-M5">0</dst>
            <dst id="ATLAng">53.3333333333333</dst>
            <dst id="CHINng">26.6666666666667</dst>
            <dst id="DNVRng">2883.76</dst>
            <dst id="HSTNng">40.32</dst>
            <dst id="IPLSng">317.224</dst>
            <dst id="KSCYng">44</dst>
            <dst id="LOSAng">7609.28266666667</dst>
            <dst id="NYCMng">230.786666666667</dst>
            <dst id="SNVAng">6895.30666666667</dst>
            <dst id="STTLng">23235.8586666667</dst>
            <dst id="WASHng">5826.56</dst>
        </src>
        <src id="STTLng">
            <dst id="ATLA-M5">211.789333333333</dst>
            <dst id="ATLAng">10161.0986666667</dst>
            <dst id="CHINng">32059.1226666667</dst>
            <dst id="DNVRng">4460.52533333333</dst>
            <dst id="HSTNng">2273.10666666667</dst>
            <dst id="IPLSng">6961.808</dst>
            <dst id="KSCYng">3189.77066666667</dst>
            <dst id="LOSAng">65673.9066666667</dst>
            <dst id="NYCMng">8226.72533333333</dst>
            <dst id="SNVAng">2386.54666666667</dst>
            <dst id="STTLng">24520.344</dst>
            <dst id="WASHng">11044.6586666667</dst>
        </src>
        <src id="WASHng">
            <dst id="ATLA-M5">438.338666666667</dst>
            <dst id="ATLAng">121718.242666667</dst>
            <dst id="CHINng">85489.9173333333</dst>
            <dst id="DNVRng">62980.6773333333</dst>
            <dst id="HSTNng">23211.9706666667</dst>
            <dst id="IPLSng">33034.9386666667</dst>
            <dst id="KSCYng">26357.208</dst>
            <dst id="LOSAng">87706.4506666667</dst>
            <dst id="NYCMng">107178.877333333</dst>
            <dst id="SNVAng">10789.7253333333</dst>
            <dst id="STTLng">42518.5866666667</dst>
            <dst id="WASHng">286931.386666667</dst>
        </src>
    </IntraTM>
</TrafficMatrixFile>
