<?xml version="1.0" encoding="ISO-8859-1" standalone="yes"?>
<TrafficMatrixFile xsi:noNamespaceSchemaLocation="http://totem.run.montefiore.ulg.ac.be/Schema/TrafficMatrix-v1_2.xsd" xmlns:xsi="http://www.w3.org/2001/XMLSchema-instance">
    <IntraTM ASID="11537">
        <src id="ATLA-M5">
            <dst id="ATLA-M5">26.6666666666667</dst>
            <dst id="ATLAng">1645.224</dst>
            <dst id="CHINng">24433.224</dst>
            <dst id="DNVRng">213.338666666667</dst>
            <dst id="HSTNng">328.229333333333</dst>
            <dst id="IPLSng">2180.896</dst>
            <dst id="KSCYng">221.258666666667</dst>
            <dst id="LOSAng">133.397333333333</dst>
            <dst id="NYCMng">3026.416</dst>
            <dst id="SNVAng">0</dst>
            <dst id="STTLng">626.805333333333</dst>
            <dst id="WASHng">29194.2453333333</dst>
        </src>
        <src id="ATLAng">
            <dst id="ATLA-M5">867.592</dst>
            <dst id="ATLAng">69550.3493333333</dst>
            <dst id="CHINng">19441.1013333333</dst>
            <dst id="DNVRng">6772.048</dst>
            <dst id="HSTNng">4489.016</dst>
            <dst id="IPLSng">21160.392</dst>
            <dst id="KSCYng">6740.45066666667</dst>
            <dst id="LOSAng">20371.2413333333</dst>
            <dst id="NYCMng">14668.2506666667</dst>
            <dst id="SNVAng">1653.42</dst>
            <dst id="STTLng">13990.0613333333</dst>
            <dst id="WASHng">39160.8906666667</dst>
        </src>
        <src id="CHINng">
            <dst id="ATLA-M5">1084.76266666667</dst>
            <dst id="ATLAng">159296.256</dst>
            <dst id="CHINng">126568.04</dst>
            <dst id="DNVRng">24448.056</dst>
            <dst id="HSTNng">15319.5653333333</dst>
            <dst id="IPLSng">63706.5306666667</dst>
            <dst id="KSCYng">20649.1786666667</dst>
            <dst id="LOSAng">46986.832</dst>
            <dst id="NYCMng">19419.768</dst>
            <dst id="SNVAng">5374.55733333333</dst>
            <dst id="STTLng">26764.2506666667</dst>
            <dst id="WASHng">29343.4426666667</dst>
        </src>
        <src id="DNVRng">
            <dst id="ATLA-M5">436.378666666667</dst>
            <dst id="ATLAng">8363.66666666667</dst>
            <dst id="CHINng">37212.6586666667</dst>
            <dst id="DNVRng">13033.544</dst>
            <dst id="HSTNng">17666.3866666667</dst>
            <dst id="IPLSng">12745.224</dst>
            <dst id="KSCYng">21153.944</dst>
            <dst id="LOSAng">12593.3813333333</dst>
            <dst id="NYCMng">9157.056</dst>
            <dst id="SNVAng">18158.8053333333</dst>
            <dst id="STTLng">60384.9706666667</dst>
            <dst id="WASHng">23890.5333333333</dst>
        </src>
        <src id="HSTNng">
            <dst id="ATLA-M5">471.285333333333</dst>
            <dst id="ATLAng">3582.792</dst>
            <dst id="CHINng">101214.754666667</dst>
            <dst id="DNVRng">2098.72</dst>
            <dst id="HSTNng">16599.696</dst>
            <dst id="IPLSng">5803.97866666667</dst>
            <dst id="KSCYng">10916.8106666667</dst>
            <dst id="LOSAng">6781.416</dst>
            <dst id="NYCMng">3498.47466666667</dst>
            <dst id="SNVAng">34.9386666666667</dst>
            <dst id="STTLng">8100.00533333333</dst>
            <dst id="WASHng">21143.184</dst>
        </src>
        <src id="IPLSng">
            <dst id="ATLA-M5">389.685333333333</dst>
            <dst id="ATLAng">14248.6</dst>
            <dst id="CHINng">58616.544</dst>
            <dst id="DNVRng">6712.93066666667</dst>
            <dst id="HSTNng">4161.53066666667</dst>
            <dst id="IPLSng">12345.6266666667</dst>
            <dst id="KSCYng">6583.42666666667</dst>
            <dst id="LOSAng">20607.2986666667</dst>
            <dst id="NYCMng">10935.0266666667</dst>
            <dst id="SNVAng">2040.70933333333</dst>
            <dst id="STTLng">28471.5733333333</dst>
            <dst id="WASHng">16752.5013333333</dst>
        </src>
        <src id="KSCYng">
            <dst id="ATLA-M5">428.250666666667</dst>
            <dst id="ATLAng">7516.41066666667</dst>
            <dst id="CHINng">31628.5013333333</dst>
            <dst id="DNVRng">7429.14933333333</dst>
            <dst id="HSTNng">7235.888</dst>
            <dst id="IPLSng">25353.928</dst>
            <dst id="KSCYng">18043.4213333333</dst>
            <dst id="LOSAng">10171.656</dst>
            <dst id="NYCMng">5151.92</dst>
            <dst id="SNVAng">2391.24266666667</dst>
            <dst id="STTLng">15449.3733333333</dst>
            <dst id="WASHng">14405.1866666667</dst>
        </src>
        <src id="LOSAng">
            <dst id="ATLA-M5">452.856</dst>
            <dst id="ATLAng">12165.768</dst>
            <dst id="CHINng">131336.416</dst>
            <dst id="DNVRng">41233.4106666667</dst>
            <dst id="HSTNng">12386.7706666667</dst>
            <dst id="IPLSng">45030.376</dst>
            <dst id="KSCYng">11090.936</dst>
            <dst id="LOSAng">12646.0693333333</dst>
            <dst id="NYCMng">40969.864</dst>
            <dst id="SNVAng">26229.1333333333</dst>
            <dst id="STTLng">65261.008</dst>
            <dst id="WASHng">60675.0373333333</dst>
        </src>
        <src id="NYCMng">
            <dst id="ATLA-M5">2117.68533333333</dst>
            <dst id="ATLAng">29806.9626666667</dst>
            <dst id="CHINng">52037.08</dst>
            <dst id="DNVRng">22217.72</dst>
            <dst id="HSTNng">9989.448</dst>
            <dst id="IPLSng">29997.3066666667</dst>
            <dst id="KSCYng">11460.9066666667</dst>
            <dst id="LOSAng">64911.72</dst>
            <dst id="NYCMng">100353.784</dst>
            <dst id="SNVAng">4221.664</dst>
            <dst id="STTLng">30588.4026666667</dst>
            <dst id="WASHng">91074.352</dst>
        </src>
        <src id="SNVAng">
            <dst id="ATLA-M5">106.202666666667</dst>
            <dst id="ATLAng">729.394666666667</dst>
            <dst id="CHINng">26.6666666666667</dst>
            <dst id="DNVRng">1683.34666666667</dst>
            <dst id="HSTNng">0</dst>
            <dst id="IPLSng">535.653333333333</dst>
            <dst id="KSCYng">0</dst>
            <dst id="LOSAng">7480.45066666667</dst>
            <dst id="NYCMng">413.693333333333</dst>
            <dst id="SNVAng">7576.59466666667</dst>
            <dst id="STTLng">17958.672</dst>
            <dst id="WASHng">26.6666666666667</dst>
        </src>
        <src id="STTLng">
            <dst id="ATLA-M5">848.917333333333</dst>
            <dst id="ATLAng">22094.7066666667</dst>
            <dst id="CHINng">38742.6426666667</dst>
            <dst id="DNVRng">19014.08</dst>
            <dst id="HSTNng">19978.2</dst>
            <dst id="IPLSng">39799.9653333333</dst>
            <dst id="KSCYng">20678.624</dst>
            <dst id="LOSAng">43603.7253333333</dst>
            <dst id="NYCMng">15260.824</dst>
            <dst id="SNVAng">5862.56266666667</dst>
            <dst id="STTLng">30201.72</dst>
            <dst id="WASHng">33626.424</dst>
        </src>
        <src id="WASHng">
            <dst id="ATLA-M5">2072.43733333333</dst>
            <dst id="ATLAng">105558.528</dst>
            <dst id="CHINng">424088.48</dst>
            <dst id="DNVRng">63320.8666666667</dst>
            <dst id="HSTNng">20897.2746666667</dst>
            <dst id="IPLSng">73398.4</dst>
            <dst id="KSCYng">29422.0986666667</dst>
            <dst id="LOSAng">98016.3893333333</dst>
            <dst id="NYCMng">174425.901333333</dst>
            <dst id="SNVAng">11523.1226666667</dst>
            <dst id="STTLng">51012.272</dst>
            <dst id="WASHng">716799.36</dst>
        </src>
    </IntraTM>
</TrafficMatrixFile>
