<?xml version="1.0" encoding="ISO-8859-1" standalone="yes"?>
<TrafficMatrixFile xsi:noNamespaceSchemaLocation="http://totem.run.montefiore.ulg.ac.be/Schema/TrafficMatrix-v1_2.xsd" xmlns:xsi="http://www.w3.org/2001/XMLSchema-instance">
    <IntraTM ASID="11537">
        <src id="ATLA-M5">
            <dst id="ATLA-M5">0</dst>
            <dst id="ATLAng">106.666666666667</dst>
            <dst id="CHINng">503.581333333333</dst>
            <dst id="DNVRng">37.7653333333333</dst>
            <dst id="HSTNng">532.52</dst>
            <dst id="IPLSng">1438.176</dst>
            <dst id="KSCYng">110.026666666667</dst>
            <dst id="LOSAng">0</dst>
            <dst id="NYCMng">80</dst>
            <dst id="SNVAng">0</dst>
            <dst id="STTLng">497.768</dst>
            <dst id="WASHng">2095.224</dst>
        </src>
        <src id="ATLAng">
            <dst id="ATLA-M5">263.872</dst>
            <dst id="ATLAng">32590.6293333333</dst>
            <dst id="CHINng">13127.2586666667</dst>
            <dst id="DNVRng">1323.976</dst>
            <dst id="HSTNng">2128.75733333333</dst>
            <dst id="IPLSng">16707.5146666667</dst>
            <dst id="KSCYng">2052.57066666667</dst>
            <dst id="LOSAng">32180.7626666667</dst>
            <dst id="NYCMng">6965.99733333333</dst>
            <dst id="SNVAng">979.216</dst>
            <dst id="STTLng">15894.5333333333</dst>
            <dst id="WASHng">48932.0133333333</dst>
        </src>
        <src id="CHINng">
            <dst id="ATLA-M5">788.672</dst>
            <dst id="ATLAng">22640.3466666667</dst>
            <dst id="CHINng">117166.453333333</dst>
            <dst id="DNVRng">8990.61866666667</dst>
            <dst id="HSTNng">9816.98666666667</dst>
            <dst id="IPLSng">69873.2133333333</dst>
            <dst id="KSCYng">17098.344</dst>
            <dst id="LOSAng">28121.2026666667</dst>
            <dst id="NYCMng">18361.5066666667</dst>
            <dst id="SNVAng">2177.36</dst>
            <dst id="STTLng">23454.352</dst>
            <dst id="WASHng">22167.6266666667</dst>
        </src>
        <src id="DNVRng">
            <dst id="ATLA-M5">112.202666666667</dst>
            <dst id="ATLAng">6470.31733333333</dst>
            <dst id="CHINng">63032.8853333333</dst>
            <dst id="DNVRng">7965.14666666667</dst>
            <dst id="HSTNng">9502.01066666667</dst>
            <dst id="IPLSng">20561.5253333333</dst>
            <dst id="KSCYng">11811.2586666667</dst>
            <dst id="LOSAng">7810.608</dst>
            <dst id="NYCMng">22204.7546666667</dst>
            <dst id="SNVAng">6160.22933333333</dst>
            <dst id="STTLng">11244.4506666667</dst>
            <dst id="WASHng">16418.1653333333</dst>
        </src>
        <src id="HSTNng">
            <dst id="ATLA-M5">2404.96</dst>
            <dst id="ATLAng">4212.22933333333</dst>
            <dst id="CHINng">19972.2506666667</dst>
            <dst id="DNVRng">1085.86666666667</dst>
            <dst id="HSTNng">12366.5466666667</dst>
            <dst id="IPLSng">2677.46666666667</dst>
            <dst id="KSCYng">3853.44266666667</dst>
            <dst id="LOSAng">4656.62933333333</dst>
            <dst id="NYCMng">3800.17333333333</dst>
            <dst id="SNVAng">212.314666666667</dst>
            <dst id="STTLng">5710.66933333333</dst>
            <dst id="WASHng">3184.99466666667</dst>
        </src>
        <src id="IPLSng">
            <dst id="ATLA-M5">119.333333333333</dst>
            <dst id="ATLAng">14421.192</dst>
            <dst id="CHINng">90640.3893333334</dst>
            <dst id="DNVRng">14079.672</dst>
            <dst id="HSTNng">1700.736</dst>
            <dst id="IPLSng">8342.48533333333</dst>
            <dst id="KSCYng">8813.19733333333</dst>
            <dst id="LOSAng">13736.4853333333</dst>
            <dst id="NYCMng">9668.81333333333</dst>
            <dst id="SNVAng">418.512</dst>
            <dst id="STTLng">32600.5306666667</dst>
            <dst id="WASHng">26182.7253333333</dst>
        </src>
        <src id="KSCYng">
            <dst id="ATLA-M5">139.565333333333</dst>
            <dst id="ATLAng">8325.472</dst>
            <dst id="CHINng">27535.6826666667</dst>
            <dst id="DNVRng">7786.32</dst>
            <dst id="HSTNng">2417.79466666667</dst>
            <dst id="IPLSng">10303.8746666667</dst>
            <dst id="KSCYng">6367.76266666667</dst>
            <dst id="LOSAng">3090.78666666667</dst>
            <dst id="NYCMng">5021.656</dst>
            <dst id="SNVAng">1991.05066666667</dst>
            <dst id="STTLng">9648.83466666667</dst>
            <dst id="WASHng">11569.9573333333</dst>
        </src>
        <src id="LOSAng">
            <dst id="ATLA-M5">26.6666666666667</dst>
            <dst id="ATLAng">16244.7066666667</dst>
            <dst id="CHINng">120348.376</dst>
            <dst id="DNVRng">12313.4506666667</dst>
            <dst id="HSTNng">5658.09066666667</dst>
            <dst id="IPLSng">9672.088</dst>
            <dst id="KSCYng">2188.824</dst>
            <dst id="LOSAng">9294.54666666667</dst>
            <dst id="NYCMng">52753.32</dst>
            <dst id="SNVAng">18737.9653333333</dst>
            <dst id="STTLng">48749.0773333333</dst>
            <dst id="WASHng">69379.9013333333</dst>
        </src>
        <src id="NYCMng">
            <dst id="ATLA-M5">1047.816</dst>
            <dst id="ATLAng">45077.7573333333</dst>
            <dst id="CHINng">28720.1466666667</dst>
            <dst id="DNVRng">16649.4693333333</dst>
            <dst id="HSTNng">4142.41066666667</dst>
            <dst id="IPLSng">22801.8906666667</dst>
            <dst id="KSCYng">7297.928</dst>
            <dst id="LOSAng">54581.3786666667</dst>
            <dst id="NYCMng">90175.208</dst>
            <dst id="SNVAng">757.192</dst>
            <dst id="STTLng">24665.48</dst>
            <dst id="WASHng">75465.56</dst>
        </src>
        <src id="SNVAng">
            <dst id="ATLA-M5">0</dst>
            <dst id="ATLAng">481.664</dst>
            <dst id="CHINng">193.8</dst>
            <dst id="DNVRng">610.568</dst>
            <dst id="HSTNng">53.3333333333333</dst>
            <dst id="IPLSng">412.629333333333</dst>
            <dst id="KSCYng">53.4106666666667</dst>
            <dst id="LOSAng">6599.968</dst>
            <dst id="NYCMng">164.762666666667</dst>
            <dst id="SNVAng">7935.768</dst>
            <dst id="STTLng">17459.5333333333</dst>
            <dst id="WASHng">53.3333333333333</dst>
        </src>
        <src id="STTLng">
            <dst id="ATLA-M5">970.405333333333</dst>
            <dst id="ATLAng">45434.4</dst>
            <dst id="CHINng">61413.6106666667</dst>
            <dst id="DNVRng">2669.38666666667</dst>
            <dst id="HSTNng">12253.6933333333</dst>
            <dst id="IPLSng">48415.488</dst>
            <dst id="KSCYng">19587.8266666667</dst>
            <dst id="LOSAng">33538.8746666667</dst>
            <dst id="NYCMng">21099.7413333333</dst>
            <dst id="SNVAng">1398.25066666667</dst>
            <dst id="STTLng">16496.552</dst>
            <dst id="WASHng">75472.288</dst>
        </src>
        <src id="WASHng">
            <dst id="ATLA-M5">630.554666666667</dst>
            <dst id="ATLAng">132169.253333333</dst>
            <dst id="CHINng">54829.44</dst>
            <dst id="DNVRng">51210.4826666667</dst>
            <dst id="HSTNng">26450.5253333333</dst>
            <dst id="IPLSng">34735.424</dst>
            <dst id="KSCYng">16012.376</dst>
            <dst id="LOSAng">63857.576</dst>
            <dst id="NYCMng">117585.557333333</dst>
            <dst id="SNVAng">996.645333333333</dst>
            <dst id="STTLng">75993.1466666667</dst>
            <dst id="WASHng">311615.306666667</dst>
        </src>
    </IntraTM>
</TrafficMatrixFile>
