<?xml version="1.0" encoding="ISO-8859-1" standalone="yes"?>
<TrafficMatrixFile xsi:noNamespaceSchemaLocation="http://totem.run.montefiore.ulg.ac.be/Schema/TrafficMatrix-v1_2.xsd" xmlns:xsi="http://www.w3.org/2001/XMLSchema-instance">
    <IntraTM ASID="11537">
        <src id="ATLA-M5">
            <dst id="ATLA-M5">0</dst>
            <dst id="ATLAng">243.541333333333</dst>
            <dst id="CHINng">335.016</dst>
            <dst id="DNVRng">26.6666666666667</dst>
            <dst id="HSTNng">85.9893333333333</dst>
            <dst id="IPLSng">336.178666666667</dst>
            <dst id="KSCYng">431.749333333333</dst>
            <dst id="LOSAng">40</dst>
            <dst id="NYCMng">1437.224</dst>
            <dst id="SNVAng">13.3333333333333</dst>
            <dst id="STTLng">324.96</dst>
            <dst id="WASHng">1226.77066666667</dst>
        </src>
        <src id="ATLAng">
            <dst id="ATLA-M5">537.482666666667</dst>
            <dst id="ATLAng">36813.088</dst>
            <dst id="CHINng">11441.4053333333</dst>
            <dst id="DNVRng">8601.336</dst>
            <dst id="HSTNng">23581.7333333333</dst>
            <dst id="IPLSng">12771.7253333333</dst>
            <dst id="KSCYng">1994.82933333333</dst>
            <dst id="LOSAng">20978.332</dst>
            <dst id="NYCMng">6952.44</dst>
            <dst id="SNVAng">521.134666666667</dst>
            <dst id="STTLng">8052.144</dst>
            <dst id="WASHng">37522.3333333333</dst>
        </src>
        <src id="CHINng">
            <dst id="ATLA-M5">777.325333333334</dst>
            <dst id="ATLAng">12841.984</dst>
            <dst id="CHINng">249698.944</dst>
            <dst id="DNVRng">6687.328</dst>
            <dst id="HSTNng">6934.78933333333</dst>
            <dst id="IPLSng">41182.9253333333</dst>
            <dst id="KSCYng">19704.84</dst>
            <dst id="LOSAng">26052.4853333333</dst>
            <dst id="NYCMng">12355.1013333333</dst>
            <dst id="SNVAng">4373.66933333333</dst>
            <dst id="STTLng">13448.92</dst>
            <dst id="WASHng">15292.576</dst>
        </src>
        <src id="DNVRng">
            <dst id="ATLA-M5">90.88</dst>
            <dst id="ATLAng">8689.67733333333</dst>
            <dst id="CHINng">43590.2373333333</dst>
            <dst id="DNVRng">17692.4026666667</dst>
            <dst id="HSTNng">14826.088</dst>
            <dst id="IPLSng">8399.72533333333</dst>
            <dst id="KSCYng">22673.2613333333</dst>
            <dst id="LOSAng">9522.232</dst>
            <dst id="NYCMng">8726.928</dst>
            <dst id="SNVAng">8347.96</dst>
            <dst id="STTLng">13066.8613333333</dst>
            <dst id="WASHng">20989.4506666667</dst>
        </src>
        <src id="HSTNng">
            <dst id="ATLA-M5">3729.02666666667</dst>
            <dst id="ATLAng">5385.01866666667</dst>
            <dst id="CHINng">23032.2613333333</dst>
            <dst id="DNVRng">982.64</dst>
            <dst id="HSTNng">20161.4346666667</dst>
            <dst id="IPLSng">2635.28</dst>
            <dst id="KSCYng">10206.4933333333</dst>
            <dst id="LOSAng">2692.52533333333</dst>
            <dst id="NYCMng">3849.00266666667</dst>
            <dst id="SNVAng">0</dst>
            <dst id="STTLng">4455.784</dst>
            <dst id="WASHng">8392.984</dst>
        </src>
        <src id="IPLSng">
            <dst id="ATLA-M5">105.525333333333</dst>
            <dst id="ATLAng">4793.49333333333</dst>
            <dst id="CHINng">67328.5813333333</dst>
            <dst id="DNVRng">4832.288</dst>
            <dst id="HSTNng">1235.78933333333</dst>
            <dst id="IPLSng">7739.20533333333</dst>
            <dst id="KSCYng">10629.4773333333</dst>
            <dst id="LOSAng">13461.7093333333</dst>
            <dst id="NYCMng">5427.35733333333</dst>
            <dst id="SNVAng">726.624</dst>
            <dst id="STTLng">13349.424</dst>
            <dst id="WASHng">12080.4133333333</dst>
        </src>
        <src id="KSCYng">
            <dst id="ATLA-M5">348.234666666667</dst>
            <dst id="ATLAng">4975.23733333333</dst>
            <dst id="CHINng">27052.5013333333</dst>
            <dst id="DNVRng">7921.01333333333</dst>
            <dst id="HSTNng">3080.42666666667</dst>
            <dst id="IPLSng">15734.5306666667</dst>
            <dst id="KSCYng">16510.792</dst>
            <dst id="LOSAng">4044.71466666667</dst>
            <dst id="NYCMng">3643.55733333333</dst>
            <dst id="SNVAng">2235.98133333333</dst>
            <dst id="STTLng">13444.6</dst>
            <dst id="WASHng">12662.1653333333</dst>
        </src>
        <src id="LOSAng">
            <dst id="ATLA-M5">0</dst>
            <dst id="ATLAng">8116.58133333333</dst>
            <dst id="CHINng">91664.6666666667</dst>
            <dst id="DNVRng">9079.576</dst>
            <dst id="HSTNng">2110.06666666667</dst>
            <dst id="IPLSng">22899.2773333333</dst>
            <dst id="KSCYng">2367.27733333333</dst>
            <dst id="LOSAng">9880.008</dst>
            <dst id="NYCMng">29443.464</dst>
            <dst id="SNVAng">24985.264</dst>
            <dst id="STTLng">40094.0853333333</dst>
            <dst id="WASHng">37602.0186666667</dst>
        </src>
        <src id="NYCMng">
            <dst id="ATLA-M5">1068.90666666667</dst>
            <dst id="ATLAng">28065.504</dst>
            <dst id="CHINng">29479.072</dst>
            <dst id="DNVRng">14867.168</dst>
            <dst id="HSTNng">9221.93333333333</dst>
            <dst id="IPLSng">14509.3546666667</dst>
            <dst id="KSCYng">10962.7573333333</dst>
            <dst id="LOSAng">40086.76</dst>
            <dst id="NYCMng">106877.613333333</dst>
            <dst id="SNVAng">3015.52533333333</dst>
            <dst id="STTLng">14577.536</dst>
            <dst id="WASHng">52085.3946666667</dst>
        </src>
        <src id="SNVAng">
            <dst id="ATLA-M5">0</dst>
            <dst id="ATLAng">0</dst>
            <dst id="CHINng">0</dst>
            <dst id="DNVRng">1076.43466666667</dst>
            <dst id="HSTNng">34.24</dst>
            <dst id="IPLSng">318.832</dst>
            <dst id="KSCYng">0</dst>
            <dst id="LOSAng">5299.984</dst>
            <dst id="NYCMng">182.469333333333</dst>
            <dst id="SNVAng">6133.18933333333</dst>
            <dst id="STTLng">16416.9706666667</dst>
            <dst id="WASHng">53.3333333333333</dst>
        </src>
        <src id="STTLng">
            <dst id="ATLA-M5">308.072</dst>
            <dst id="ATLAng">9212.38933333333</dst>
            <dst id="CHINng">29214.8053333333</dst>
            <dst id="DNVRng">5067.21866666667</dst>
            <dst id="HSTNng">2174.79733333333</dst>
            <dst id="IPLSng">7287.14933333333</dst>
            <dst id="KSCYng">3114.632</dst>
            <dst id="LOSAng">32532.9226666667</dst>
            <dst id="NYCMng">6245.672</dst>
            <dst id="SNVAng">1418.26666666667</dst>
            <dst id="STTLng">22385.832</dst>
            <dst id="WASHng">7357.45333333333</dst>
        </src>
        <src id="WASHng">
            <dst id="ATLA-M5">393.453333333333</dst>
            <dst id="ATLAng">99708.4693333333</dst>
            <dst id="CHINng">86036.3573333333</dst>
            <dst id="DNVRng">60838.6666666667</dst>
            <dst id="HSTNng">21431.3333333333</dst>
            <dst id="IPLSng">29353.6773333333</dst>
            <dst id="KSCYng">23029</dst>
            <dst id="LOSAng">96686.0266666667</dst>
            <dst id="NYCMng">151159.224</dst>
            <dst id="SNVAng">5074.232</dst>
            <dst id="STTLng">30209.8133333333</dst>
            <dst id="WASHng">257712.218666667</dst>
        </src>
    </IntraTM>
</TrafficMatrixFile>
