<?xml version="1.0" encoding="ISO-8859-1" standalone="yes"?>
<TrafficMatrixFile xsi:noNamespaceSchemaLocation="http://totem.run.montefiore.ulg.ac.be/Schema/TrafficMatrix-v1_2.xsd" xmlns:xsi="http://www.w3.org/2001/XMLSchema-instance">
    <IntraTM ASID="11537">
        <src id="ATLA-M5">
            <dst id="ATLA-M5">26.6666666666667</dst>
            <dst id="ATLAng">1335.42933333333</dst>
            <dst id="CHINng">1362.784</dst>
            <dst id="DNVRng">216.314666666667</dst>
            <dst id="HSTNng">188.629333333333</dst>
            <dst id="IPLSng">522.288</dst>
            <dst id="KSCYng">174.797333333333</dst>
            <dst id="LOSAng">141.672</dst>
            <dst id="NYCMng">1126.88533333333</dst>
            <dst id="SNVAng">0</dst>
            <dst id="STTLng">591.344</dst>
            <dst id="WASHng">996.965333333334</dst>
        </src>
        <src id="ATLAng">
            <dst id="ATLA-M5">1136.59466666667</dst>
            <dst id="ATLAng">40311.288</dst>
            <dst id="CHINng">37059.1013333333</dst>
            <dst id="DNVRng">7127.81866666667</dst>
            <dst id="HSTNng">6989.88266666667</dst>
            <dst id="IPLSng">20109.664</dst>
            <dst id="KSCYng">7659.24533333333</dst>
            <dst id="LOSAng">16486.3773333333</dst>
            <dst id="NYCMng">10283.5306666667</dst>
            <dst id="SNVAng">1061.97733333333</dst>
            <dst id="STTLng">10788.9653333333</dst>
            <dst id="WASHng">32155.536</dst>
        </src>
        <src id="CHINng">
            <dst id="ATLA-M5">2527.34133333333</dst>
            <dst id="ATLAng">30296.168</dst>
            <dst id="CHINng">179249.133333333</dst>
            <dst id="DNVRng">29976.6746666667</dst>
            <dst id="HSTNng">12876.4213333333</dst>
            <dst id="IPLSng">48361.488</dst>
            <dst id="KSCYng">21580.392</dst>
            <dst id="LOSAng">59882.5733333333</dst>
            <dst id="NYCMng">17157.704</dst>
            <dst id="SNVAng">5095.92266666667</dst>
            <dst id="STTLng">26439.3066666667</dst>
            <dst id="WASHng">31008.4</dst>
        </src>
        <src id="DNVRng">
            <dst id="ATLA-M5">776.077333333333</dst>
            <dst id="ATLAng">6007.64</dst>
            <dst id="CHINng">34809.8213333333</dst>
            <dst id="DNVRng">12663.8426666667</dst>
            <dst id="HSTNng">16102.056</dst>
            <dst id="IPLSng">14244.176</dst>
            <dst id="KSCYng">48561.936</dst>
            <dst id="LOSAng">20672.856</dst>
            <dst id="NYCMng">8065.47466666667</dst>
            <dst id="SNVAng">38163.7466666667</dst>
            <dst id="STTLng">36082.8053333333</dst>
            <dst id="WASHng">31917.8346666667</dst>
        </src>
        <src id="HSTNng">
            <dst id="ATLA-M5">593.106666666667</dst>
            <dst id="ATLAng">3864.59466666667</dst>
            <dst id="CHINng">16489.1946666667</dst>
            <dst id="DNVRng">10119.4533333333</dst>
            <dst id="HSTNng">12366.552</dst>
            <dst id="IPLSng">5981.976</dst>
            <dst id="KSCYng">13237.152</dst>
            <dst id="LOSAng">59538.08</dst>
            <dst id="NYCMng">3751.01066666667</dst>
            <dst id="SNVAng">26.6666666666667</dst>
            <dst id="STTLng">7829.70933333333</dst>
            <dst id="WASHng">15095.5546666667</dst>
        </src>
        <src id="IPLSng">
            <dst id="ATLA-M5">677.922666666667</dst>
            <dst id="ATLAng">13375.9546666667</dst>
            <dst id="CHINng">34737.464</dst>
            <dst id="DNVRng">6968.51466666667</dst>
            <dst id="HSTNng">5187.33866666667</dst>
            <dst id="IPLSng">10147.248</dst>
            <dst id="KSCYng">19863.4426666667</dst>
            <dst id="LOSAng">16757.9386666667</dst>
            <dst id="NYCMng">10399.9226666667</dst>
            <dst id="SNVAng">1623.95733333333</dst>
            <dst id="STTLng">31470.0906666667</dst>
            <dst id="WASHng">19858.1733333333</dst>
        </src>
        <src id="KSCYng">
            <dst id="ATLA-M5">335.117333333333</dst>
            <dst id="ATLAng">7145.376</dst>
            <dst id="CHINng">23741.7493333333</dst>
            <dst id="DNVRng">8716.05066666667</dst>
            <dst id="HSTNng">3610.10133333333</dst>
            <dst id="IPLSng">17277.8453333333</dst>
            <dst id="KSCYng">14926.4373333333</dst>
            <dst id="LOSAng">5339.58933333333</dst>
            <dst id="NYCMng">11273.9893333333</dst>
            <dst id="SNVAng">2463.94933333333</dst>
            <dst id="STTLng">11363.976</dst>
            <dst id="WASHng">16088.8053333333</dst>
        </src>
        <src id="LOSAng">
            <dst id="ATLA-M5">886.042666666667</dst>
            <dst id="ATLAng">13483.5786666667</dst>
            <dst id="CHINng">79836.6613333333</dst>
            <dst id="DNVRng">29535.6746666667</dst>
            <dst id="HSTNng">5110.17066666667</dst>
            <dst id="IPLSng">35644.1306666667</dst>
            <dst id="KSCYng">8197.14666666667</dst>
            <dst id="LOSAng">15747.4693333333</dst>
            <dst id="NYCMng">34817.5573333333</dst>
            <dst id="SNVAng">18197.7146666667</dst>
            <dst id="STTLng">60721.2693333333</dst>
            <dst id="WASHng">65468.312</dst>
        </src>
        <src id="NYCMng">
            <dst id="ATLA-M5">1701.01066666667</dst>
            <dst id="ATLAng">29757.9626666667</dst>
            <dst id="CHINng">34027.8933333333</dst>
            <dst id="DNVRng">26117.2106666667</dst>
            <dst id="HSTNng">13802.7066666667</dst>
            <dst id="IPLSng">26434.84</dst>
            <dst id="KSCYng">10689.44</dst>
            <dst id="LOSAng">64448.6106666667</dst>
            <dst id="NYCMng">88205.784</dst>
            <dst id="SNVAng">2486.62133333333</dst>
            <dst id="STTLng">25986.7413333333</dst>
            <dst id="WASHng">84899.7253333333</dst>
        </src>
        <src id="SNVAng">
            <dst id="ATLA-M5">0</dst>
            <dst id="ATLAng">532.309333333333</dst>
            <dst id="CHINng">26.6666666666667</dst>
            <dst id="DNVRng">6868.088</dst>
            <dst id="HSTNng">26.6666666666667</dst>
            <dst id="IPLSng">370.069333333333</dst>
            <dst id="KSCYng">0</dst>
            <dst id="LOSAng">8774.008</dst>
            <dst id="NYCMng">219.213333333333</dst>
            <dst id="SNVAng">7002.13066666667</dst>
            <dst id="STTLng">17230.2986666667</dst>
            <dst id="WASHng">80</dst>
        </src>
        <src id="STTLng">
            <dst id="ATLA-M5">985.784</dst>
            <dst id="ATLAng">16848.024</dst>
            <dst id="CHINng">24744.112</dst>
            <dst id="DNVRng">16600.7413333333</dst>
            <dst id="HSTNng">8685.64533333333</dst>
            <dst id="IPLSng">34394.2986666667</dst>
            <dst id="KSCYng">22723.256</dst>
            <dst id="LOSAng">44270.9893333333</dst>
            <dst id="NYCMng">8092.62666666667</dst>
            <dst id="SNVAng">5240.096</dst>
            <dst id="STTLng">28701.4053333333</dst>
            <dst id="WASHng">38924.9226666667</dst>
        </src>
        <src id="WASHng">
            <dst id="ATLA-M5">2075.01066666667</dst>
            <dst id="ATLAng">105166.109333333</dst>
            <dst id="CHINng">91348.2266666667</dst>
            <dst id="DNVRng">58656.6133333333</dst>
            <dst id="HSTNng">33759.3413333333</dst>
            <dst id="IPLSng">50761.3413333333</dst>
            <dst id="KSCYng">34959.0666666667</dst>
            <dst id="LOSAng">71528.7146666667</dst>
            <dst id="NYCMng">163820.874666667</dst>
            <dst id="SNVAng">6308.464</dst>
            <dst id="STTLng">54751.6</dst>
            <dst id="WASHng">268611.2</dst>
        </src>
    </IntraTM>
</TrafficMatrixFile>
