<?xml version="1.0" encoding="ISO-8859-1" standalone="yes"?>
<TrafficMatrixFile xsi:noNamespaceSchemaLocation="http://totem.run.montefiore.ulg.ac.be/Schema/TrafficMatrix-v1_2.xsd" xmlns:xsi="http://www.w3.org/2001/XMLSchema-instance">
    <IntraTM ASID="11537">
        <src id="ATLA-M5">
            <dst id="ATLA-M5">26.6666666666667</dst>
            <dst id="ATLAng">733.096</dst>
            <dst id="CHINng">1084.09866666667</dst>
            <dst id="DNVRng">26.6666666666667</dst>
            <dst id="HSTNng">65.728</dst>
            <dst id="IPLSng">350.528</dst>
            <dst id="KSCYng">197.032</dst>
            <dst id="LOSAng">82.4293333333333</dst>
            <dst id="NYCMng">3223.048</dst>
            <dst id="SNVAng">29.096</dst>
            <dst id="STTLng">738.610666666667</dst>
            <dst id="WASHng">1508.48</dst>
        </src>
        <src id="ATLAng">
            <dst id="ATLA-M5">93.5226666666667</dst>
            <dst id="ATLAng">37257.3333333333</dst>
            <dst id="CHINng">14784.3653333333</dst>
            <dst id="DNVRng">7245.15733333333</dst>
            <dst id="HSTNng">13257.4213333333</dst>
            <dst id="IPLSng">14494.1066666667</dst>
            <dst id="KSCYng">2113.51733333333</dst>
            <dst id="LOSAng">19523.868</dst>
            <dst id="NYCMng">5533.64533333333</dst>
            <dst id="SNVAng">314.412</dst>
            <dst id="STTLng">8080.47466666667</dst>
            <dst id="WASHng">45542.8053333333</dst>
        </src>
        <src id="CHINng">
            <dst id="ATLA-M5">637.882666666667</dst>
            <dst id="ATLAng">11062.096</dst>
            <dst id="CHINng">125832.850666667</dst>
            <dst id="DNVRng">8260.13866666667</dst>
            <dst id="HSTNng">9983.65333333333</dst>
            <dst id="IPLSng">54906.664</dst>
            <dst id="KSCYng">22617.6826666667</dst>
            <dst id="LOSAng">35887.0986666667</dst>
            <dst id="NYCMng">15700.0506666667</dst>
            <dst id="SNVAng">3081.536</dst>
            <dst id="STTLng">18662.984</dst>
            <dst id="WASHng">15608.592</dst>
        </src>
        <src id="DNVRng">
            <dst id="ATLA-M5">128.586666666667</dst>
            <dst id="ATLAng">3395.096</dst>
            <dst id="CHINng">52359.8053333333</dst>
            <dst id="DNVRng">10882.6133333333</dst>
            <dst id="HSTNng">8893.328</dst>
            <dst id="IPLSng">11470.376</dst>
            <dst id="KSCYng">17128.6773333333</dst>
            <dst id="LOSAng">6615.07733333333</dst>
            <dst id="NYCMng">9612.89066666667</dst>
            <dst id="SNVAng">8197.92266666667</dst>
            <dst id="STTLng">11853.3333333333</dst>
            <dst id="WASHng">22752.592</dst>
        </src>
        <src id="HSTNng">
            <dst id="ATLA-M5">2536.84533333333</dst>
            <dst id="ATLAng">2997.30933333333</dst>
            <dst id="CHINng">21180.648</dst>
            <dst id="DNVRng">1396.76266666667</dst>
            <dst id="HSTNng">19520.952</dst>
            <dst id="IPLSng">1632.16266666667</dst>
            <dst id="KSCYng">9271.24533333333</dst>
            <dst id="LOSAng">2832.46933333333</dst>
            <dst id="NYCMng">3674.63466666667</dst>
            <dst id="SNVAng">48.7386666666667</dst>
            <dst id="STTLng">4221.57333333333</dst>
            <dst id="WASHng">6434.61866666667</dst>
        </src>
        <src id="IPLSng">
            <dst id="ATLA-M5">275.813333333333</dst>
            <dst id="ATLAng">6295.432</dst>
            <dst id="CHINng">83299.024</dst>
            <dst id="DNVRng">4787.91466666667</dst>
            <dst id="HSTNng">1518.91733333333</dst>
            <dst id="IPLSng">5175.05333333333</dst>
            <dst id="KSCYng">3007.016</dst>
            <dst id="LOSAng">17629.936</dst>
            <dst id="NYCMng">8763.53333333333</dst>
            <dst id="SNVAng">1217.77866666667</dst>
            <dst id="STTLng">18653.96</dst>
            <dst id="WASHng">26642.096</dst>
        </src>
        <src id="KSCYng">
            <dst id="ATLA-M5">396.186666666667</dst>
            <dst id="ATLAng">3901.61866666667</dst>
            <dst id="CHINng">30708.6933333333</dst>
            <dst id="DNVRng">9238.20266666667</dst>
            <dst id="HSTNng">2490.10933333333</dst>
            <dst id="IPLSng">14514.5386666667</dst>
            <dst id="KSCYng">12102.544</dst>
            <dst id="LOSAng">5625.20266666667</dst>
            <dst id="NYCMng">6015.216</dst>
            <dst id="SNVAng">2717.77066666667</dst>
            <dst id="STTLng">13712.792</dst>
            <dst id="WASHng">10909.4186666667</dst>
        </src>
        <src id="LOSAng">
            <dst id="ATLA-M5">60.9866666666667</dst>
            <dst id="ATLAng">7273.13333333333</dst>
            <dst id="CHINng">86698.0373333333</dst>
            <dst id="DNVRng">11380.7893333333</dst>
            <dst id="HSTNng">1807.592</dst>
            <dst id="IPLSng">25047.0693333333</dst>
            <dst id="KSCYng">2622.69866666667</dst>
            <dst id="LOSAng">14559.0586666667</dst>
            <dst id="NYCMng">27593.2</dst>
            <dst id="SNVAng">22213.7733333333</dst>
            <dst id="STTLng">41200.28</dst>
            <dst id="WASHng">37368.312</dst>
        </src>
        <src id="NYCMng">
            <dst id="ATLA-M5">1863.632</dst>
            <dst id="ATLAng">26354.5973333333</dst>
            <dst id="CHINng">38342.136</dst>
            <dst id="DNVRng">15649.1733333333</dst>
            <dst id="HSTNng">7454.66133333333</dst>
            <dst id="IPLSng">27835.3386666667</dst>
            <dst id="KSCYng">7424.488</dst>
            <dst id="LOSAng">56713.856</dst>
            <dst id="NYCMng">91465.1093333333</dst>
            <dst id="SNVAng">6193.13333333333</dst>
            <dst id="STTLng">20484.968</dst>
            <dst id="WASHng">55023.9733333333</dst>
        </src>
        <src id="SNVAng">
            <dst id="ATLA-M5">0</dst>
            <dst id="ATLAng">0</dst>
            <dst id="CHINng">26.6666666666667</dst>
            <dst id="DNVRng">1457.02933333333</dst>
            <dst id="HSTNng">122.133333333333</dst>
            <dst id="IPLSng">3457.024</dst>
            <dst id="KSCYng">0</dst>
            <dst id="LOSAng">5340.78666666667</dst>
            <dst id="NYCMng">182.717333333333</dst>
            <dst id="SNVAng">6185.07466666667</dst>
            <dst id="STTLng">21378.8053333333</dst>
            <dst id="WASHng">26.6666666666667</dst>
        </src>
        <src id="STTLng">
            <dst id="ATLA-M5">913.949333333333</dst>
            <dst id="ATLAng">11108.112</dst>
            <dst id="CHINng">37429.936</dst>
            <dst id="DNVRng">9762.86666666667</dst>
            <dst id="HSTNng">3000.94666666667</dst>
            <dst id="IPLSng">9577.25066666667</dst>
            <dst id="KSCYng">5440.59733333333</dst>
            <dst id="LOSAng">48731.1973333333</dst>
            <dst id="NYCMng">7464.256</dst>
            <dst id="SNVAng">2503.81866666667</dst>
            <dst id="STTLng">19731.8533333333</dst>
            <dst id="WASHng">12469.0266666667</dst>
        </src>
        <src id="WASHng">
            <dst id="ATLA-M5">412.277333333333</dst>
            <dst id="ATLAng">98330.4346666667</dst>
            <dst id="CHINng">78701.5226666667</dst>
            <dst id="DNVRng">39873.3893333333</dst>
            <dst id="HSTNng">30249.12</dst>
            <dst id="IPLSng">39996.328</dst>
            <dst id="KSCYng">18449.2293333333</dst>
            <dst id="LOSAng">81395.8266666667</dst>
            <dst id="NYCMng">133101.776</dst>
            <dst id="SNVAng">11157.4506666667</dst>
            <dst id="STTLng">33877.3706666667</dst>
            <dst id="WASHng">264696.909333333</dst>
        </src>
    </IntraTM>
</TrafficMatrixFile>
