<?xml version="1.0" encoding="ISO-8859-1" standalone="yes"?>
<TrafficMatrixFile xsi:noNamespaceSchemaLocation="http://totem.run.montefiore.ulg.ac.be/Schema/TrafficMatrix-v1_2.xsd" xmlns:xsi="http://www.w3.org/2001/XMLSchema-instance">
    <IntraTM ASID="11537">
        <src id="ATLA-M5">
            <dst id="ATLA-M5">0</dst>
            <dst id="ATLAng">1430.73066666667</dst>
            <dst id="CHINng">505.68</dst>
            <dst id="DNVRng">245.037333333333</dst>
            <dst id="HSTNng">313.144</dst>
            <dst id="IPLSng">1641.84533333333</dst>
            <dst id="KSCYng">1339.65066666667</dst>
            <dst id="LOSAng">1207.856</dst>
            <dst id="NYCMng">1326.02133333333</dst>
            <dst id="SNVAng">0</dst>
            <dst id="STTLng">444.482666666667</dst>
            <dst id="WASHng">1363.24533333333</dst>
        </src>
        <src id="ATLAng">
            <dst id="ATLA-M5">614.736</dst>
            <dst id="ATLAng">60072.5893333333</dst>
            <dst id="CHINng">22987.128</dst>
            <dst id="DNVRng">11365.8693333333</dst>
            <dst id="HSTNng">9046.24</dst>
            <dst id="IPLSng">24323.28</dst>
            <dst id="KSCYng">6787.46666666667</dst>
            <dst id="LOSAng">29643.9146666667</dst>
            <dst id="NYCMng">15973.112</dst>
            <dst id="SNVAng">709.996</dst>
            <dst id="STTLng">15554.3866666667</dst>
            <dst id="WASHng">34960.24</dst>
        </src>
        <src id="CHINng">
            <dst id="ATLA-M5">927.898666666667</dst>
            <dst id="ATLAng">33303.1866666667</dst>
            <dst id="CHINng">100173.16</dst>
            <dst id="DNVRng">16300.1493333333</dst>
            <dst id="HSTNng">11881.976</dst>
            <dst id="IPLSng">70514.792</dst>
            <dst id="KSCYng">13446.6426666667</dst>
            <dst id="LOSAng">36765.648</dst>
            <dst id="NYCMng">12010.3626666667</dst>
            <dst id="SNVAng">7277.68266666667</dst>
            <dst id="STTLng">22881.2053333333</dst>
            <dst id="WASHng">34450.728</dst>
        </src>
        <src id="DNVRng">
            <dst id="ATLA-M5">581.568</dst>
            <dst id="ATLAng">5307.37333333333</dst>
            <dst id="CHINng">39886.5866666667</dst>
            <dst id="DNVRng">4947.83733333333</dst>
            <dst id="HSTNng">13073.952</dst>
            <dst id="IPLSng">10861.9226666667</dst>
            <dst id="KSCYng">20711.808</dst>
            <dst id="LOSAng">10914.0586666667</dst>
            <dst id="NYCMng">9060.05066666666</dst>
            <dst id="SNVAng">12594.4346666667</dst>
            <dst id="STTLng">62439.4133333333</dst>
            <dst id="WASHng">22463.9653333333</dst>
        </src>
        <src id="HSTNng">
            <dst id="ATLA-M5">2034.34933333333</dst>
            <dst id="ATLAng">5497.90933333333</dst>
            <dst id="CHINng">15730.4613333333</dst>
            <dst id="DNVRng">1766.85066666667</dst>
            <dst id="HSTNng">19125.3893333333</dst>
            <dst id="IPLSng">4222.65066666667</dst>
            <dst id="KSCYng">5792.16533333333</dst>
            <dst id="LOSAng">8375.23733333333</dst>
            <dst id="NYCMng">3200.71733333333</dst>
            <dst id="SNVAng">138.461333333333</dst>
            <dst id="STTLng">8107.79733333333</dst>
            <dst id="WASHng">7545.928</dst>
        </src>
        <src id="IPLSng">
            <dst id="ATLA-M5">532.152</dst>
            <dst id="ATLAng">20210.1466666667</dst>
            <dst id="CHINng">52775.1893333333</dst>
            <dst id="DNVRng">9993.53866666667</dst>
            <dst id="HSTNng">2940.10133333333</dst>
            <dst id="IPLSng">47777.3866666667</dst>
            <dst id="KSCYng">16304.392</dst>
            <dst id="LOSAng">16587.7733333333</dst>
            <dst id="NYCMng">12148.8</dst>
            <dst id="SNVAng">2133.13333333333</dst>
            <dst id="STTLng">35202.6506666667</dst>
            <dst id="WASHng">37819.2106666667</dst>
        </src>
        <src id="KSCYng">
            <dst id="ATLA-M5">471.344</dst>
            <dst id="ATLAng">7378.28266666667</dst>
            <dst id="CHINng">27041.2026666667</dst>
            <dst id="DNVRng">7835.26133333333</dst>
            <dst id="HSTNng">5451.528</dst>
            <dst id="IPLSng">15211.8906666667</dst>
            <dst id="KSCYng">8019.816</dst>
            <dst id="LOSAng">9999.56533333333</dst>
            <dst id="NYCMng">5476.52</dst>
            <dst id="SNVAng">2595.62666666667</dst>
            <dst id="STTLng">10703.4026666667</dst>
            <dst id="WASHng">10355.6426666667</dst>
        </src>
        <src id="LOSAng">
            <dst id="ATLA-M5">829.728</dst>
            <dst id="ATLAng">13841.0826666667</dst>
            <dst id="CHINng">96552.44</dst>
            <dst id="DNVRng">18853.1093333333</dst>
            <dst id="HSTNng">14112.2346666667</dst>
            <dst id="IPLSng">39207.88</dst>
            <dst id="KSCYng">4763.00266666667</dst>
            <dst id="LOSAng">10685.536</dst>
            <dst id="NYCMng">38213.7973333333</dst>
            <dst id="SNVAng">21423.968</dst>
            <dst id="STTLng">61502.624</dst>
            <dst id="WASHng">69166.3066666667</dst>
        </src>
        <src id="NYCMng">
            <dst id="ATLA-M5">1404.37066666667</dst>
            <dst id="ATLAng">40433.2186666667</dst>
            <dst id="CHINng">28666.4773333333</dst>
            <dst id="DNVRng">25840.5733333333</dst>
            <dst id="HSTNng">25218.3226666667</dst>
            <dst id="IPLSng">42755.1173333333</dst>
            <dst id="KSCYng">12730.4986666667</dst>
            <dst id="LOSAng">67764.152</dst>
            <dst id="NYCMng">108221.6</dst>
            <dst id="SNVAng">7137.672</dst>
            <dst id="STTLng">21495.376</dst>
            <dst id="WASHng">98231.7093333334</dst>
        </src>
        <src id="SNVAng">
            <dst id="ATLA-M5">0</dst>
            <dst id="ATLAng">909.413333333333</dst>
            <dst id="CHINng">30.0853333333333</dst>
            <dst id="DNVRng">4488.22666666667</dst>
            <dst id="HSTNng">228.032</dst>
            <dst id="IPLSng">466.533333333333</dst>
            <dst id="KSCYng">26.6666666666667</dst>
            <dst id="LOSAng">8336.06666666666</dst>
            <dst id="NYCMng">139.784</dst>
            <dst id="SNVAng">7536.34666666667</dst>
            <dst id="STTLng">16579.6053333333</dst>
            <dst id="WASHng">204.117333333333</dst>
        </src>
        <src id="STTLng">
            <dst id="ATLA-M5">1324.54666666667</dst>
            <dst id="ATLAng">34082.448</dst>
            <dst id="CHINng">55885.448</dst>
            <dst id="DNVRng">27644.808</dst>
            <dst id="HSTNng">24888.5626666667</dst>
            <dst id="IPLSng">39657.9973333333</dst>
            <dst id="KSCYng">29155.9786666667</dst>
            <dst id="LOSAng">38746.528</dst>
            <dst id="NYCMng">21637.8826666667</dst>
            <dst id="SNVAng">12423.792</dst>
            <dst id="STTLng">41881.9413333333</dst>
            <dst id="WASHng">56286.6586666667</dst>
        </src>
        <src id="WASHng">
            <dst id="ATLA-M5">2402.38133333333</dst>
            <dst id="ATLAng">98385.4586666667</dst>
            <dst id="CHINng">93306.2613333333</dst>
            <dst id="DNVRng">97596.3493333333</dst>
            <dst id="HSTNng">26214.7573333333</dst>
            <dst id="IPLSng">68940.7946666667</dst>
            <dst id="KSCYng">25683.696</dst>
            <dst id="LOSAng">76898.112</dst>
            <dst id="NYCMng">183640.021333333</dst>
            <dst id="SNVAng">19883.496</dst>
            <dst id="STTLng">70882.4586666667</dst>
            <dst id="WASHng">191961.12</dst>
        </src>
    </IntraTM>
</TrafficMatrixFile>
