<?xml version="1.0" encoding="ISO-8859-1" standalone="yes"?>
<TrafficMatrixFile xsi:noNamespaceSchemaLocation="http://totem.run.montefiore.ulg.ac.be/Schema/TrafficMatrix-v1_2.xsd" xmlns:xsi="http://www.w3.org/2001/XMLSchema-instance">
    <IntraTM ASID="11537">
        <src id="ATLA-M5">
            <dst id="ATLA-M5">0</dst>
            <dst id="ATLAng">898.269333333334</dst>
            <dst id="CHINng">504.272</dst>
            <dst id="DNVRng">467.170666666667</dst>
            <dst id="HSTNng">246.656</dst>
            <dst id="IPLSng">1547.34666666667</dst>
            <dst id="KSCYng">286.301333333333</dst>
            <dst id="LOSAng">386.577333333333</dst>
            <dst id="NYCMng">1351.112</dst>
            <dst id="SNVAng">77.7906666666667</dst>
            <dst id="STTLng">259.845333333333</dst>
            <dst id="WASHng">669.805333333333</dst>
        </src>
        <src id="ATLAng">
            <dst id="ATLA-M5">726.933333333333</dst>
            <dst id="ATLAng">65325.768</dst>
            <dst id="CHINng">13014.512</dst>
            <dst id="DNVRng">9945.792</dst>
            <dst id="HSTNng">2659.36533333333</dst>
            <dst id="IPLSng">20495.88</dst>
            <dst id="KSCYng">4604.84533333333</dst>
            <dst id="LOSAng">23556.2666666667</dst>
            <dst id="NYCMng">9002.64</dst>
            <dst id="SNVAng">774.872</dst>
            <dst id="STTLng">9371.776</dst>
            <dst id="WASHng">35007.096</dst>
        </src>
        <src id="CHINng">
            <dst id="ATLA-M5">1867.472</dst>
            <dst id="ATLAng">23538.3866666667</dst>
            <dst id="CHINng">98943.584</dst>
            <dst id="DNVRng">23903.456</dst>
            <dst id="HSTNng">14353.24</dst>
            <dst id="IPLSng">90079.584</dst>
            <dst id="KSCYng">13773.072</dst>
            <dst id="LOSAng">41662.72</dst>
            <dst id="NYCMng">13170.7733333333</dst>
            <dst id="SNVAng">4632.40266666667</dst>
            <dst id="STTLng">16143.6933333333</dst>
            <dst id="WASHng">18568.2373333333</dst>
        </src>
        <src id="DNVRng">
            <dst id="ATLA-M5">192.213333333333</dst>
            <dst id="ATLAng">12093.7466666667</dst>
            <dst id="CHINng">62687.3146666667</dst>
            <dst id="DNVRng">20641.6613333333</dst>
            <dst id="HSTNng">13561.136</dst>
            <dst id="IPLSng">9416.70666666667</dst>
            <dst id="KSCYng">17671.464</dst>
            <dst id="LOSAng">16129.4266666667</dst>
            <dst id="NYCMng">8900.568</dst>
            <dst id="SNVAng">13203.0533333333</dst>
            <dst id="STTLng">22410.632</dst>
            <dst id="WASHng">17935.6746666667</dst>
        </src>
        <src id="HSTNng">
            <dst id="ATLA-M5">2076.376</dst>
            <dst id="ATLAng">3319.73333333333</dst>
            <dst id="CHINng">19153.0213333333</dst>
            <dst id="DNVRng">2061.62133333333</dst>
            <dst id="HSTNng">17396.9146666667</dst>
            <dst id="IPLSng">4126.08266666667</dst>
            <dst id="KSCYng">8879.13866666667</dst>
            <dst id="LOSAng">9392.192</dst>
            <dst id="NYCMng">1658.53333333333</dst>
            <dst id="SNVAng">423.584</dst>
            <dst id="STTLng">4818.59466666667</dst>
            <dst id="WASHng">4799.06666666667</dst>
        </src>
        <src id="IPLSng">
            <dst id="ATLA-M5">389.586666666667</dst>
            <dst id="ATLAng">19268.576</dst>
            <dst id="CHINng">57827.0453333333</dst>
            <dst id="DNVRng">6624.56</dst>
            <dst id="HSTNng">887.674666666667</dst>
            <dst id="IPLSng">14493.4533333333</dst>
            <dst id="KSCYng">13827.472</dst>
            <dst id="LOSAng">15937.4533333333</dst>
            <dst id="NYCMng">3969.56533333333</dst>
            <dst id="SNVAng">1359.79466666667</dst>
            <dst id="STTLng">24700.6533333333</dst>
            <dst id="WASHng">11547.3013333333</dst>
        </src>
        <src id="KSCYng">
            <dst id="ATLA-M5">215.042666666667</dst>
            <dst id="ATLAng">6643.84533333333</dst>
            <dst id="CHINng">20805.4266666667</dst>
            <dst id="DNVRng">7741.33066666666</dst>
            <dst id="HSTNng">3786.432</dst>
            <dst id="IPLSng">17466.824</dst>
            <dst id="KSCYng">13389.856</dst>
            <dst id="LOSAng">6262.224</dst>
            <dst id="NYCMng">2597.62133333333</dst>
            <dst id="SNVAng">2173.128</dst>
            <dst id="STTLng">7076.224</dst>
            <dst id="WASHng">10640.536</dst>
        </src>
        <src id="LOSAng">
            <dst id="ATLA-M5">144.578666666667</dst>
            <dst id="ATLAng">7355.03733333333</dst>
            <dst id="CHINng">6379902.4</dst>
            <dst id="DNVRng">22259.008</dst>
            <dst id="HSTNng">5740.616</dst>
            <dst id="IPLSng">14152.12</dst>
            <dst id="KSCYng">5199.30933333333</dst>
            <dst id="LOSAng">17909.8373333333</dst>
            <dst id="NYCMng">46933.3466666667</dst>
            <dst id="SNVAng">18569.1306666667</dst>
            <dst id="STTLng">61937.424</dst>
            <dst id="WASHng">45713.7066666667</dst>
        </src>
        <src id="NYCMng">
            <dst id="ATLA-M5">934.328</dst>
            <dst id="ATLAng">16148.8373333333</dst>
            <dst id="CHINng">29400.6213333333</dst>
            <dst id="DNVRng">12327.1013333333</dst>
            <dst id="HSTNng">11973.9386666667</dst>
            <dst id="IPLSng">15580.8906666667</dst>
            <dst id="KSCYng">10690.2506666667</dst>
            <dst id="LOSAng">66120.4906666667</dst>
            <dst id="NYCMng">96284.9813333333</dst>
            <dst id="SNVAng">1637.80266666667</dst>
            <dst id="STTLng">25037.1893333333</dst>
            <dst id="WASHng">65815.024</dst>
        </src>
        <src id="SNVAng">
            <dst id="ATLA-M5">0</dst>
            <dst id="ATLAng">372.336</dst>
            <dst id="CHINng">53.3333333333333</dst>
            <dst id="DNVRng">1461.71466666667</dst>
            <dst id="HSTNng">0</dst>
            <dst id="IPLSng">366.306666666667</dst>
            <dst id="KSCYng">35.816</dst>
            <dst id="LOSAng">17373.3146666667</dst>
            <dst id="NYCMng">80</dst>
            <dst id="SNVAng">8095.26133333333</dst>
            <dst id="STTLng">16595.2933333333</dst>
            <dst id="WASHng">26.6666666666667</dst>
        </src>
        <src id="STTLng">
            <dst id="ATLA-M5">655.24</dst>
            <dst id="ATLAng">13809.2853333333</dst>
            <dst id="CHINng">32991.1146666667</dst>
            <dst id="DNVRng">6281.87733333333</dst>
            <dst id="HSTNng">4879.10133333333</dst>
            <dst id="IPLSng">12531.8213333333</dst>
            <dst id="KSCYng">8041.59733333333</dst>
            <dst id="LOSAng">47429.5946666667</dst>
            <dst id="NYCMng">8369.10666666667</dst>
            <dst id="SNVAng">3180.99466666667</dst>
            <dst id="STTLng">24587.344</dst>
            <dst id="WASHng">20657.3973333333</dst>
        </src>
        <src id="WASHng">
            <dst id="ATLA-M5">1593.40533333333</dst>
            <dst id="ATLAng">86769.6</dst>
            <dst id="CHINng">74808.6</dst>
            <dst id="DNVRng">50704.8346666667</dst>
            <dst id="HSTNng">16311.736</dst>
            <dst id="IPLSng">56181.9253333333</dst>
            <dst id="KSCYng">22776.0853333333</dst>
            <dst id="LOSAng">87880.9466666667</dst>
            <dst id="NYCMng">163798.242666667</dst>
            <dst id="SNVAng">4602.94133333333</dst>
            <dst id="STTLng">58528.8426666667</dst>
            <dst id="WASHng">188240.016</dst>
        </src>
    </IntraTM>
</TrafficMatrixFile>
