<?xml version="1.0" encoding="ISO-8859-1" standalone="yes"?>
<TrafficMatrixFile xsi:noNamespaceSchemaLocation="http://totem.run.montefiore.ulg.ac.be/Schema/TrafficMatrix-v1_2.xsd" xmlns:xsi="http://www.w3.org/2001/XMLSchema-instance">
    <IntraTM ASID="11537">
        <src id="ATLA-M5">
            <dst id="ATLA-M5">0</dst>
            <dst id="ATLAng">0</dst>
            <dst id="CHINng">1155.608</dst>
            <dst id="DNVRng">0</dst>
            <dst id="HSTNng">116.434666666667</dst>
            <dst id="IPLSng">1329.36533333333</dst>
            <dst id="KSCYng">198.013333333333</dst>
            <dst id="LOSAng">62.9733333333333</dst>
            <dst id="NYCMng">53.3333333333333</dst>
            <dst id="SNVAng">0</dst>
            <dst id="STTLng">294.853333333333</dst>
            <dst id="WASHng">1370.24533333333</dst>
        </src>
        <src id="ATLAng">
            <dst id="ATLA-M5">311.258666666667</dst>
            <dst id="ATLAng">36358.672</dst>
            <dst id="CHINng">10095.3546666667</dst>
            <dst id="DNVRng">2556.84266666667</dst>
            <dst id="HSTNng">1250.592</dst>
            <dst id="IPLSng">18954.376</dst>
            <dst id="KSCYng">1752.152</dst>
            <dst id="LOSAng">20181.3506666667</dst>
            <dst id="NYCMng">5795.31733333333</dst>
            <dst id="SNVAng">1110.652</dst>
            <dst id="STTLng">8202.98133333333</dst>
            <dst id="WASHng">57480.872</dst>
        </src>
        <src id="CHINng">
            <dst id="ATLA-M5">803.226666666667</dst>
            <dst id="ATLAng">16556.5306666667</dst>
            <dst id="CHINng">102150.965333333</dst>
            <dst id="DNVRng">12242.4266666667</dst>
            <dst id="HSTNng">7062.04533333333</dst>
            <dst id="IPLSng">34640.9573333333</dst>
            <dst id="KSCYng">8420.616</dst>
            <dst id="LOSAng">28687.4106666667</dst>
            <dst id="NYCMng">8837.32</dst>
            <dst id="SNVAng">3159.48</dst>
            <dst id="STTLng">13499.5573333333</dst>
            <dst id="WASHng">12575.4746666667</dst>
        </src>
        <src id="DNVRng">
            <dst id="ATLA-M5">184.693333333333</dst>
            <dst id="ATLAng">4509.87733333333</dst>
            <dst id="CHINng">42680.936</dst>
            <dst id="DNVRng">12173.88</dst>
            <dst id="HSTNng">12696.208</dst>
            <dst id="IPLSng">28045.1333333333</dst>
            <dst id="KSCYng">20727.4746666667</dst>
            <dst id="LOSAng">36120.1626666667</dst>
            <dst id="NYCMng">7601.75733333333</dst>
            <dst id="SNVAng">11703.6133333333</dst>
            <dst id="STTLng">14469.0906666667</dst>
            <dst id="WASHng">16732.6</dst>
        </src>
        <src id="HSTNng">
            <dst id="ATLA-M5">3626.424</dst>
            <dst id="ATLAng">3634.45866666667</dst>
            <dst id="CHINng">14599.7946666667</dst>
            <dst id="DNVRng">932.672</dst>
            <dst id="HSTNng">5186.48533333333</dst>
            <dst id="IPLSng">1482.35466666667</dst>
            <dst id="KSCYng">6450.688</dst>
            <dst id="LOSAng">2306.43733333333</dst>
            <dst id="NYCMng">1716.568</dst>
            <dst id="SNVAng">553.450666666667</dst>
            <dst id="STTLng">2573.552</dst>
            <dst id="WASHng">2395.70133333333</dst>
        </src>
        <src id="IPLSng">
            <dst id="ATLA-M5">199.650666666667</dst>
            <dst id="ATLAng">6481.31466666667</dst>
            <dst id="CHINng">78906.864</dst>
            <dst id="DNVRng">7402.112</dst>
            <dst id="HSTNng">412.010666666667</dst>
            <dst id="IPLSng">26620.1626666667</dst>
            <dst id="KSCYng">9684.808</dst>
            <dst id="LOSAng">10819.5013333333</dst>
            <dst id="NYCMng">5366.91733333333</dst>
            <dst id="SNVAng">389.533333333333</dst>
            <dst id="STTLng">24381.112</dst>
            <dst id="WASHng">13543.7973333333</dst>
        </src>
        <src id="KSCYng">
            <dst id="ATLA-M5">81.7466666666667</dst>
            <dst id="ATLAng">5321.36266666667</dst>
            <dst id="CHINng">18495.2666666667</dst>
            <dst id="DNVRng">7402.65866666667</dst>
            <dst id="HSTNng">5663.344</dst>
            <dst id="IPLSng">13939.6213333333</dst>
            <dst id="KSCYng">11148.3653333333</dst>
            <dst id="LOSAng">5766.08533333333</dst>
            <dst id="NYCMng">3143.064</dst>
            <dst id="SNVAng">2226.30133333333</dst>
            <dst id="STTLng">5397.504</dst>
            <dst id="WASHng">10140.3653333333</dst>
        </src>
        <src id="LOSAng">
            <dst id="ATLA-M5">233.837333333333</dst>
            <dst id="ATLAng">10640.4426666667</dst>
            <dst id="CHINng">111444.837333333</dst>
            <dst id="DNVRng">6645.12266666667</dst>
            <dst id="HSTNng">3783.45866666667</dst>
            <dst id="IPLSng">15214.352</dst>
            <dst id="KSCYng">1964.98666666667</dst>
            <dst id="LOSAng">9362.552</dst>
            <dst id="NYCMng">44784.512</dst>
            <dst id="SNVAng">27428.12</dst>
            <dst id="STTLng">52243.6933333333</dst>
            <dst id="WASHng">80933.144</dst>
        </src>
        <src id="NYCMng">
            <dst id="ATLA-M5">367.354666666667</dst>
            <dst id="ATLAng">32498.968</dst>
            <dst id="CHINng">24617.5573333333</dst>
            <dst id="DNVRng">9961.58933333334</dst>
            <dst id="HSTNng">3446.98666666667</dst>
            <dst id="IPLSng">14421.0613333333</dst>
            <dst id="KSCYng">4100.87733333333</dst>
            <dst id="LOSAng">59230.744</dst>
            <dst id="NYCMng">94316.8453333333</dst>
            <dst id="SNVAng">1904.84</dst>
            <dst id="STTLng">32721.328</dst>
            <dst id="WASHng">46413.8213333333</dst>
        </src>
        <src id="SNVAng">
            <dst id="ATLA-M5">0</dst>
            <dst id="ATLAng">423.477333333333</dst>
            <dst id="CHINng">80</dst>
            <dst id="DNVRng">2718.872</dst>
            <dst id="HSTNng">26.6666666666667</dst>
            <dst id="IPLSng">304.645333333333</dst>
            <dst id="KSCYng">26.6666666666667</dst>
            <dst id="LOSAng">6963.952</dst>
            <dst id="NYCMng">0</dst>
            <dst id="SNVAng">9973.128</dst>
            <dst id="STTLng">12577.376</dst>
            <dst id="WASHng">65.2453333333333</dst>
        </src>
        <src id="STTLng">
            <dst id="ATLA-M5">272.04</dst>
            <dst id="ATLAng">13210.864</dst>
            <dst id="CHINng">34535.6666666667</dst>
            <dst id="DNVRng">3322.13066666667</dst>
            <dst id="HSTNng">2204.77866666667</dst>
            <dst id="IPLSng">10342.8666666667</dst>
            <dst id="KSCYng">9437.92533333333</dst>
            <dst id="LOSAng">29367.2106666667</dst>
            <dst id="NYCMng">9658.60533333333</dst>
            <dst id="SNVAng">8759.54933333333</dst>
            <dst id="STTLng">20531.3146666667</dst>
            <dst id="WASHng">11426.3653333333</dst>
        </src>
        <src id="WASHng">
            <dst id="ATLA-M5">290.472</dst>
            <dst id="ATLAng">101792.248</dst>
            <dst id="CHINng">62477.464</dst>
            <dst id="DNVRng">57686.44</dst>
            <dst id="HSTNng">14260.2053333333</dst>
            <dst id="IPLSng">30701.6906666667</dst>
            <dst id="KSCYng">21423.4026666667</dst>
            <dst id="LOSAng">61816.32</dst>
            <dst id="NYCMng">168187.296</dst>
            <dst id="SNVAng">3916.62133333333</dst>
            <dst id="STTLng">41249.2346666667</dst>
            <dst id="WASHng">233613.194666667</dst>
        </src>
    </IntraTM>
</TrafficMatrixFile>
