<?xml version="1.0" encoding="ISO-8859-1" standalone="yes"?>
<TrafficMatrixFile xsi:noNamespaceSchemaLocation="http://totem.run.montefiore.ulg.ac.be/Schema/TrafficMatrix-v1_2.xsd" xmlns:xsi="http://www.w3.org/2001/XMLSchema-instance">
    <IntraTM ASID="11537">
        <src id="ATLA-M5">
            <dst id="ATLA-M5">26.6666666666667</dst>
            <dst id="ATLAng">2636.78666666667</dst>
            <dst id="CHINng">940.770666666667</dst>
            <dst id="DNVRng">380.906666666667</dst>
            <dst id="HSTNng">204.744</dst>
            <dst id="IPLSng">866.549333333333</dst>
            <dst id="KSCYng">1016.03466666667</dst>
            <dst id="LOSAng">288.425333333333</dst>
            <dst id="NYCMng">1904.272</dst>
            <dst id="SNVAng">76.3106666666667</dst>
            <dst id="STTLng">959.002666666667</dst>
            <dst id="WASHng">955.656</dst>
        </src>
        <src id="ATLAng">
            <dst id="ATLA-M5">892.106666666667</dst>
            <dst id="ATLAng">42350.4053333333</dst>
            <dst id="CHINng">17659.7573333333</dst>
            <dst id="DNVRng">7398.55466666667</dst>
            <dst id="HSTNng">25189.888</dst>
            <dst id="IPLSng">25027.616</dst>
            <dst id="KSCYng">8204.36266666667</dst>
            <dst id="LOSAng">32633.9893333333</dst>
            <dst id="NYCMng">21914.536</dst>
            <dst id="SNVAng">1436.77733333333</dst>
            <dst id="STTLng">12097.6746666667</dst>
            <dst id="WASHng">42545.32</dst>
        </src>
        <src id="CHINng">
            <dst id="ATLA-M5">2647.02133333333</dst>
            <dst id="ATLAng">23124.1813333333</dst>
            <dst id="CHINng">75864.9893333333</dst>
            <dst id="DNVRng">21821.4906666667</dst>
            <dst id="HSTNng">18324.72</dst>
            <dst id="IPLSng">85690.3333333333</dst>
            <dst id="KSCYng">14836.352</dst>
            <dst id="LOSAng">52779.8613333333</dst>
            <dst id="NYCMng">43818.0666666667</dst>
            <dst id="SNVAng">3955.23733333333</dst>
            <dst id="STTLng">24821.7226666667</dst>
            <dst id="WASHng">45522.0106666667</dst>
        </src>
        <src id="DNVRng">
            <dst id="ATLA-M5">383.432</dst>
            <dst id="ATLAng">9562.65866666667</dst>
            <dst id="CHINng">31960.016</dst>
            <dst id="DNVRng">11875.6773333333</dst>
            <dst id="HSTNng">11051.9386666667</dst>
            <dst id="IPLSng">16819.416</dst>
            <dst id="KSCYng">16183.608</dst>
            <dst id="LOSAng">8875.13866666667</dst>
            <dst id="NYCMng">20413.9306666667</dst>
            <dst id="SNVAng">11457.7173333333</dst>
            <dst id="STTLng">26385.2053333333</dst>
            <dst id="WASHng">30151.3146666667</dst>
        </src>
        <src id="HSTNng">
            <dst id="ATLA-M5">3421.31466666667</dst>
            <dst id="ATLAng">10053.3013333333</dst>
            <dst id="CHINng">20577.3573333333</dst>
            <dst id="DNVRng">2435.968</dst>
            <dst id="HSTNng">16391.7493333333</dst>
            <dst id="IPLSng">5275.79733333333</dst>
            <dst id="KSCYng">6959.69866666667</dst>
            <dst id="LOSAng">48754.3013333333</dst>
            <dst id="NYCMng">2200.25066666667</dst>
            <dst id="SNVAng">200.794666666667</dst>
            <dst id="STTLng">6544.97333333333</dst>
            <dst id="WASHng">6436.352</dst>
        </src>
        <src id="IPLSng">
            <dst id="ATLA-M5">1044.576</dst>
            <dst id="ATLAng">19658</dst>
            <dst id="CHINng">53521.5866666667</dst>
            <dst id="DNVRng">16164.3013333333</dst>
            <dst id="HSTNng">2938.37066666667</dst>
            <dst id="IPLSng">35108.9813333333</dst>
            <dst id="KSCYng">10052.7013333333</dst>
            <dst id="LOSAng">29674.8746666667</dst>
            <dst id="NYCMng">16467.2453333333</dst>
            <dst id="SNVAng">2954.24266666667</dst>
            <dst id="STTLng">43000.5946666667</dst>
            <dst id="WASHng">34629.896</dst>
        </src>
        <src id="KSCYng">
            <dst id="ATLA-M5">495.821333333333</dst>
            <dst id="ATLAng">14341.0773333333</dst>
            <dst id="CHINng">26812.6293333333</dst>
            <dst id="DNVRng">9368.512</dst>
            <dst id="HSTNng">5460.34666666667</dst>
            <dst id="IPLSng">14653.5813333333</dst>
            <dst id="KSCYng">8258.38933333334</dst>
            <dst id="LOSAng">6793.672</dst>
            <dst id="NYCMng">5849.144</dst>
            <dst id="SNVAng">2359.33066666667</dst>
            <dst id="STTLng">9223.78133333333</dst>
            <dst id="WASHng">14068.6933333333</dst>
        </src>
        <src id="LOSAng">
            <dst id="ATLA-M5">472.429333333333</dst>
            <dst id="ATLAng">16008.7893333333</dst>
            <dst id="CHINng">6447948</dst>
            <dst id="DNVRng">13958.4</dst>
            <dst id="HSTNng">8690.88266666667</dst>
            <dst id="IPLSng">27428.2826666667</dst>
            <dst id="KSCYng">7646.55733333333</dst>
            <dst id="LOSAng">10576.992</dst>
            <dst id="NYCMng">38971.3786666667</dst>
            <dst id="SNVAng">25529.6773333333</dst>
            <dst id="STTLng">92342.032</dst>
            <dst id="WASHng">64560.3626666667</dst>
        </src>
        <src id="NYCMng">
            <dst id="ATLA-M5">3826.91466666667</dst>
            <dst id="ATLAng">34683.5013333333</dst>
            <dst id="CHINng">30858.2</dst>
            <dst id="DNVRng">25878.0586666667</dst>
            <dst id="HSTNng">11760.248</dst>
            <dst id="IPLSng">37231.6826666667</dst>
            <dst id="KSCYng">20393.768</dst>
            <dst id="LOSAng">82770.8346666666</dst>
            <dst id="NYCMng">135419.666666667</dst>
            <dst id="SNVAng">2752.776</dst>
            <dst id="STTLng">25546.416</dst>
            <dst id="WASHng">106911.152</dst>
        </src>
        <src id="SNVAng">
            <dst id="ATLA-M5">0</dst>
            <dst id="ATLAng">0</dst>
            <dst id="CHINng">87.376</dst>
            <dst id="DNVRng">5069.208</dst>
            <dst id="HSTNng">53.3333333333333</dst>
            <dst id="IPLSng">447.296</dst>
            <dst id="KSCYng">71.304</dst>
            <dst id="LOSAng">9352.672</dst>
            <dst id="NYCMng">116.514666666667</dst>
            <dst id="SNVAng">9888.74666666667</dst>
            <dst id="STTLng">23277.616</dst>
            <dst id="WASHng">2466.44533333333</dst>
        </src>
        <src id="STTLng">
            <dst id="ATLA-M5">1676.86933333333</dst>
            <dst id="ATLAng">29857.4666666667</dst>
            <dst id="CHINng">53360.368</dst>
            <dst id="DNVRng">28419.6906666667</dst>
            <dst id="HSTNng">16196.104</dst>
            <dst id="IPLSng">42674.4053333333</dst>
            <dst id="KSCYng">27821.9253333333</dst>
            <dst id="LOSAng">53406.1093333333</dst>
            <dst id="NYCMng">14207.432</dst>
            <dst id="SNVAng">11731.3306666667</dst>
            <dst id="STTLng">31476.4986666667</dst>
            <dst id="WASHng">46225.7973333333</dst>
        </src>
        <src id="WASHng">
            <dst id="ATLA-M5">1582.84533333333</dst>
            <dst id="ATLAng">113059.154666667</dst>
            <dst id="CHINng">77272.832</dst>
            <dst id="DNVRng">77677.792</dst>
            <dst id="HSTNng">28159.8666666667</dst>
            <dst id="IPLSng">52394.728</dst>
            <dst id="KSCYng">35158.2346666667</dst>
            <dst id="LOSAng">122411.669333333</dst>
            <dst id="NYCMng">162118.725333333</dst>
            <dst id="SNVAng">10101.232</dst>
            <dst id="STTLng">54425.88</dst>
            <dst id="WASHng">235958.826666667</dst>
        </src>
    </IntraTM>
</TrafficMatrixFile>
