<?xml version="1.0" encoding="ISO-8859-1" standalone="yes"?>
<TrafficMatrixFile xsi:noNamespaceSchemaLocation="http://totem.run.montefiore.ulg.ac.be/Schema/TrafficMatrix-v1_2.xsd" xmlns:xsi="http://www.w3.org/2001/XMLSchema-instance">
    <IntraTM ASID="11537">
        <src id="ATLA-M5">
            <dst id="ATLA-M5">412.717333333333</dst>
            <dst id="ATLAng">1541.62933333333</dst>
            <dst id="CHINng">915.661333333333</dst>
            <dst id="DNVRng">133.333333333333</dst>
            <dst id="HSTNng">1033.05866666667</dst>
            <dst id="IPLSng">3510.17866666667</dst>
            <dst id="KSCYng">686.896</dst>
            <dst id="LOSAng">118.838666666667</dst>
            <dst id="NYCMng">6093.032</dst>
            <dst id="SNVAng">38.8386666666667</dst>
            <dst id="STTLng">980.744</dst>
            <dst id="WASHng">3001.224</dst>
        </src>
        <src id="ATLAng">
            <dst id="ATLA-M5">1169.136</dst>
            <dst id="ATLAng">42970.4746666667</dst>
            <dst id="CHINng">41343.2506666667</dst>
            <dst id="DNVRng">10275.072</dst>
            <dst id="HSTNng">30116.4</dst>
            <dst id="IPLSng">27048.752</dst>
            <dst id="KSCYng">13998.9493333333</dst>
            <dst id="LOSAng">20585.436</dst>
            <dst id="NYCMng">19433.7626666667</dst>
            <dst id="SNVAng">1462.12133333333</dst>
            <dst id="STTLng">19577.2346666667</dst>
            <dst id="WASHng">51700.232</dst>
        </src>
        <src id="CHINng">
            <dst id="ATLA-M5">1507.73333333333</dst>
            <dst id="ATLAng">136887.757333333</dst>
            <dst id="CHINng">128010.328</dst>
            <dst id="DNVRng">17253.4373333333</dst>
            <dst id="HSTNng">25090.4293333333</dst>
            <dst id="IPLSng">82510.72</dst>
            <dst id="KSCYng">23417.2826666667</dst>
            <dst id="LOSAng">35211.3253333333</dst>
            <dst id="NYCMng">26335.056</dst>
            <dst id="SNVAng">7810.344</dst>
            <dst id="STTLng">36143.3386666667</dst>
            <dst id="WASHng">49890.832</dst>
        </src>
        <src id="DNVRng">
            <dst id="ATLA-M5">199.314666666667</dst>
            <dst id="ATLAng">23151.84</dst>
            <dst id="CHINng">44160.3146666667</dst>
            <dst id="DNVRng">20737.0773333333</dst>
            <dst id="HSTNng">21818.8906666667</dst>
            <dst id="IPLSng">23405.5786666667</dst>
            <dst id="KSCYng">30646.792</dst>
            <dst id="LOSAng">16423.4613333333</dst>
            <dst id="NYCMng">9251.05333333334</dst>
            <dst id="SNVAng">25368.992</dst>
            <dst id="STTLng">49284.7066666667</dst>
            <dst id="WASHng">34291</dst>
        </src>
        <src id="HSTNng">
            <dst id="ATLA-M5">3470.816</dst>
            <dst id="ATLAng">8251.696</dst>
            <dst id="CHINng">20998.2853333333</dst>
            <dst id="DNVRng">6450.23733333333</dst>
            <dst id="HSTNng">22517.72</dst>
            <dst id="IPLSng">11243.776</dst>
            <dst id="KSCYng">11935.352</dst>
            <dst id="LOSAng">4470.424</dst>
            <dst id="NYCMng">6015.05066666667</dst>
            <dst id="SNVAng">683.16</dst>
            <dst id="STTLng">14397.352</dst>
            <dst id="WASHng">30047.7013333333</dst>
        </src>
        <src id="IPLSng">
            <dst id="ATLA-M5">4217.08</dst>
            <dst id="ATLAng">22069.1466666667</dst>
            <dst id="CHINng">87691.1413333334</dst>
            <dst id="DNVRng">38144.3306666667</dst>
            <dst id="HSTNng">23589.5493333333</dst>
            <dst id="IPLSng">27452.088</dst>
            <dst id="KSCYng">23870.4373333333</dst>
            <dst id="LOSAng">16718.0986666667</dst>
            <dst id="NYCMng">17232.4133333333</dst>
            <dst id="SNVAng">5103.92</dst>
            <dst id="STTLng">27168.728</dst>
            <dst id="WASHng">65885.5386666667</dst>
        </src>
        <src id="KSCYng">
            <dst id="ATLA-M5">720.029333333333</dst>
            <dst id="ATLAng">10865.0293333333</dst>
            <dst id="CHINng">33469.0586666667</dst>
            <dst id="DNVRng">10981.2693333333</dst>
            <dst id="HSTNng">4943.208</dst>
            <dst id="IPLSng">29496.4506666667</dst>
            <dst id="KSCYng">22098.024</dst>
            <dst id="LOSAng">6898.576</dst>
            <dst id="NYCMng">12409.888</dst>
            <dst id="SNVAng">3566.91733333333</dst>
            <dst id="STTLng">15527.4506666667</dst>
            <dst id="WASHng">16543.1706666667</dst>
        </src>
        <src id="LOSAng">
            <dst id="ATLA-M5">219.826666666667</dst>
            <dst id="ATLAng">43974.3413333333</dst>
            <dst id="CHINng">104737.242666667</dst>
            <dst id="DNVRng">59920.088</dst>
            <dst id="HSTNng">17637.36</dst>
            <dst id="IPLSng">41173.4213333333</dst>
            <dst id="KSCYng">16574.2666666667</dst>
            <dst id="LOSAng">11675.8346666667</dst>
            <dst id="NYCMng">59511.6026666667</dst>
            <dst id="SNVAng">19651.896</dst>
            <dst id="STTLng">51655.9653333333</dst>
            <dst id="WASHng">82461.824</dst>
        </src>
        <src id="NYCMng">
            <dst id="ATLA-M5">2254.824</dst>
            <dst id="ATLAng">49598.232</dst>
            <dst id="CHINng">39151.6373333333</dst>
            <dst id="DNVRng">33125.024</dst>
            <dst id="HSTNng">25178.168</dst>
            <dst id="IPLSng">51067.5226666667</dst>
            <dst id="KSCYng">20527.8826666667</dst>
            <dst id="LOSAng">63189.7813333333</dst>
            <dst id="NYCMng">142263.541333333</dst>
            <dst id="SNVAng">5188.06133333333</dst>
            <dst id="STTLng">31136.7093333333</dst>
            <dst id="WASHng">169913.256</dst>
        </src>
        <src id="SNVAng">
            <dst id="ATLA-M5">0</dst>
            <dst id="ATLAng">231.978666666667</dst>
            <dst id="CHINng">80.088</dst>
            <dst id="DNVRng">14848.8613333333</dst>
            <dst id="HSTNng">80</dst>
            <dst id="IPLSng">641.138666666667</dst>
            <dst id="KSCYng">175.168</dst>
            <dst id="LOSAng">10361.7253333333</dst>
            <dst id="NYCMng">88.6746666666667</dst>
            <dst id="SNVAng">14589.0506666667</dst>
            <dst id="STTLng">29114.1626666667</dst>
            <dst id="WASHng">238.802666666667</dst>
        </src>
        <src id="STTLng">
            <dst id="ATLA-M5">6145.13066666667</dst>
            <dst id="ATLAng">75607.224</dst>
            <dst id="CHINng">109933.757333333</dst>
            <dst id="DNVRng">53692.9733333333</dst>
            <dst id="HSTNng">42079.9146666667</dst>
            <dst id="IPLSng">112423.112</dst>
            <dst id="KSCYng">67181.552</dst>
            <dst id="LOSAng">12436.704</dst>
            <dst id="NYCMng">29492.5386666667</dst>
            <dst id="SNVAng">15012.48</dst>
            <dst id="STTLng">48672.2666666667</dst>
            <dst id="WASHng">105136.952</dst>
        </src>
        <src id="WASHng">
            <dst id="ATLA-M5">8080.44266666667</dst>
            <dst id="ATLAng">165742.2</dst>
            <dst id="CHINng">115540.925333333</dst>
            <dst id="DNVRng">103896.138666667</dst>
            <dst id="HSTNng">51651.8106666667</dst>
            <dst id="IPLSng">97405.5946666667</dst>
            <dst id="KSCYng">26047.032</dst>
            <dst id="LOSAng">94247.7653333333</dst>
            <dst id="NYCMng">285384.266666667</dst>
            <dst id="SNVAng">12927.8586666667</dst>
            <dst id="STTLng">54456.3253333333</dst>
            <dst id="WASHng">319618.506666667</dst>
        </src>
    </IntraTM>
</TrafficMatrixFile>
