<?xml version="1.0" encoding="ISO-8859-1" standalone="yes"?>
<TrafficMatrixFile xsi:noNamespaceSchemaLocation="http://totem.run.montefiore.ulg.ac.be/Schema/TrafficMatrix-v1_2.xsd" xmlns:xsi="http://www.w3.org/2001/XMLSchema-instance">
    <IntraTM ASID="11537">
        <src id="ATLA-M5">
            <dst id="ATLA-M5">208.410666666667</dst>
            <dst id="ATLAng">5373.792</dst>
            <dst id="CHINng">1396.05066666667</dst>
            <dst id="DNVRng">166.426666666667</dst>
            <dst id="HSTNng">379.461333333333</dst>
            <dst id="IPLSng">1756.024</dst>
            <dst id="KSCYng">224.618666666667</dst>
            <dst id="LOSAng">259.498666666667</dst>
            <dst id="NYCMng">2729.12266666667</dst>
            <dst id="SNVAng">40</dst>
            <dst id="STTLng">884.872</dst>
            <dst id="WASHng">1846.78133333333</dst>
        </src>
        <src id="ATLAng">
            <dst id="ATLA-M5">1523.21066666667</dst>
            <dst id="ATLAng">69212.296</dst>
            <dst id="CHINng">23796.688</dst>
            <dst id="DNVRng">4982.92533333333</dst>
            <dst id="HSTNng">22018.272</dst>
            <dst id="IPLSng">38569.4373333333</dst>
            <dst id="KSCYng">14969.4506666667</dst>
            <dst id="LOSAng">14847.0053333333</dst>
            <dst id="NYCMng">10628.088</dst>
            <dst id="SNVAng">1905.97866666667</dst>
            <dst id="STTLng">20051.7893333333</dst>
            <dst id="WASHng">62766.472</dst>
        </src>
        <src id="CHINng">
            <dst id="ATLA-M5">2287.39733333333</dst>
            <dst id="ATLAng">29793.752</dst>
            <dst id="CHINng">118330.88</dst>
            <dst id="DNVRng">20454.2266666667</dst>
            <dst id="HSTNng">22717.7413333333</dst>
            <dst id="IPLSng">79364.1493333333</dst>
            <dst id="KSCYng">25758.5573333333</dst>
            <dst id="LOSAng">43234.112</dst>
            <dst id="NYCMng">18012.0373333333</dst>
            <dst id="SNVAng">5347.67733333333</dst>
            <dst id="STTLng">42045.088</dst>
            <dst id="WASHng">50034.9013333333</dst>
        </src>
        <src id="DNVRng">
            <dst id="ATLA-M5">358.952</dst>
            <dst id="ATLAng">24655.8586666667</dst>
            <dst id="CHINng">39950.6453333333</dst>
            <dst id="DNVRng">18105.4746666667</dst>
            <dst id="HSTNng">22091.576</dst>
            <dst id="IPLSng">14977.6026666667</dst>
            <dst id="KSCYng">27171.0133333333</dst>
            <dst id="LOSAng">15322.8693333333</dst>
            <dst id="NYCMng">17998.488</dst>
            <dst id="SNVAng">33141.8213333333</dst>
            <dst id="STTLng">39739.5386666667</dst>
            <dst id="WASHng">33741.8613333333</dst>
        </src>
        <src id="HSTNng">
            <dst id="ATLA-M5">2247.10933333333</dst>
            <dst id="ATLAng">8116.75733333333</dst>
            <dst id="CHINng">23331.4853333333</dst>
            <dst id="DNVRng">9578.61333333333</dst>
            <dst id="HSTNng">18657.8826666667</dst>
            <dst id="IPLSng">5740.97066666667</dst>
            <dst id="KSCYng">11725.0906666667</dst>
            <dst id="LOSAng">3735.37333333333</dst>
            <dst id="NYCMng">4390.44533333333</dst>
            <dst id="SNVAng">1037.48533333333</dst>
            <dst id="STTLng">11424.8666666667</dst>
            <dst id="WASHng">17738.264</dst>
        </src>
        <src id="IPLSng">
            <dst id="ATLA-M5">4250.35466666667</dst>
            <dst id="ATLAng">16592.5173333333</dst>
            <dst id="CHINng">118063.770666667</dst>
            <dst id="DNVRng">17035.4373333333</dst>
            <dst id="HSTNng">5244.87466666667</dst>
            <dst id="IPLSng">22689.1866666667</dst>
            <dst id="KSCYng">22284.6133333333</dst>
            <dst id="LOSAng">19721.2106666667</dst>
            <dst id="NYCMng">11275.056</dst>
            <dst id="SNVAng">3061.936</dst>
            <dst id="STTLng">34998.928</dst>
            <dst id="WASHng">46437.488</dst>
        </src>
        <src id="KSCYng">
            <dst id="ATLA-M5">202.538666666667</dst>
            <dst id="ATLAng">8132.12533333333</dst>
            <dst id="CHINng">30690.5306666667</dst>
            <dst id="DNVRng">10820.888</dst>
            <dst id="HSTNng">4153.83733333333</dst>
            <dst id="IPLSng">28956.5893333333</dst>
            <dst id="KSCYng">20639.4826666667</dst>
            <dst id="LOSAng">4534.03733333333</dst>
            <dst id="NYCMng">7881.168</dst>
            <dst id="SNVAng">3638.30666666667</dst>
            <dst id="STTLng">15253.8906666667</dst>
            <dst id="WASHng">16786.4346666667</dst>
        </src>
        <src id="LOSAng">
            <dst id="ATLA-M5">336.776</dst>
            <dst id="ATLAng">54009.1786666667</dst>
            <dst id="CHINng">102547.682666667</dst>
            <dst id="DNVRng">51251.1813333333</dst>
            <dst id="HSTNng">20102.984</dst>
            <dst id="IPLSng">51062.352</dst>
            <dst id="KSCYng">16288.2266666667</dst>
            <dst id="LOSAng">11962.0266666667</dst>
            <dst id="NYCMng">58583.408</dst>
            <dst id="SNVAng">28197.7946666667</dst>
            <dst id="STTLng">52596.128</dst>
            <dst id="WASHng">75418.744</dst>
        </src>
        <src id="NYCMng">
            <dst id="ATLA-M5">2269.38933333333</dst>
            <dst id="ATLAng">41589.528</dst>
            <dst id="CHINng">35668.7893333333</dst>
            <dst id="DNVRng">29522.2906666667</dst>
            <dst id="HSTNng">17159.224</dst>
            <dst id="IPLSng">54788.776</dst>
            <dst id="KSCYng">21360.024</dst>
            <dst id="LOSAng">64946.3253333333</dst>
            <dst id="NYCMng">185019.298666667</dst>
            <dst id="SNVAng">6240.25333333333</dst>
            <dst id="STTLng">32927.528</dst>
            <dst id="WASHng">157177.930666667</dst>
        </src>
        <src id="SNVAng">
            <dst id="ATLA-M5">0</dst>
            <dst id="ATLAng">168.368</dst>
            <dst id="CHINng">238.650666666667</dst>
            <dst id="DNVRng">14365.296</dst>
            <dst id="HSTNng">541.245333333333</dst>
            <dst id="IPLSng">716.794666666667</dst>
            <dst id="KSCYng">185.853333333333</dst>
            <dst id="LOSAng">11481.0213333333</dst>
            <dst id="NYCMng">123.728</dst>
            <dst id="SNVAng">10914.4373333333</dst>
            <dst id="STTLng">19889.7146666667</dst>
            <dst id="WASHng">153.938666666667</dst>
        </src>
        <src id="STTLng">
            <dst id="ATLA-M5">2387.344</dst>
            <dst id="ATLAng">78201.0746666667</dst>
            <dst id="CHINng">115659.010666667</dst>
            <dst id="DNVRng">50574.9386666667</dst>
            <dst id="HSTNng">40855.936</dst>
            <dst id="IPLSng">92458.6373333333</dst>
            <dst id="KSCYng">64356.928</dst>
            <dst id="LOSAng">13967.0106666667</dst>
            <dst id="NYCMng">23577.744</dst>
            <dst id="SNVAng">8912.52</dst>
            <dst id="STTLng">51986.792</dst>
            <dst id="WASHng">114833.242666667</dst>
        </src>
        <src id="WASHng">
            <dst id="ATLA-M5">6155.95466666667</dst>
            <dst id="ATLAng">109458.744</dst>
            <dst id="CHINng">127853.501333333</dst>
            <dst id="DNVRng">105840.530666667</dst>
            <dst id="HSTNng">36204.7466666667</dst>
            <dst id="IPLSng">103375.536</dst>
            <dst id="KSCYng">25440.4373333333</dst>
            <dst id="LOSAng">83837.4053333333</dst>
            <dst id="NYCMng">262053.586666667</dst>
            <dst id="SNVAng">12635.2</dst>
            <dst id="STTLng">57697.4666666667</dst>
            <dst id="WASHng">311089.253333333</dst>
        </src>
    </IntraTM>
</TrafficMatrixFile>
