<?xml version="1.0" encoding="ISO-8859-1" standalone="yes"?>
<TrafficMatrixFile xsi:noNamespaceSchemaLocation="http://totem.run.montefiore.ulg.ac.be/Schema/TrafficMatrix-v1_2.xsd" xmlns:xsi="http://www.w3.org/2001/XMLSchema-instance">
    <IntraTM ASID="11537">
        <src id="ATLA-M5">
            <dst id="ATLA-M5">0</dst>
            <dst id="ATLAng">447.730666666667</dst>
            <dst id="CHINng">241.957333333333</dst>
            <dst id="DNVRng">80</dst>
            <dst id="HSTNng">79.2746666666667</dst>
            <dst id="IPLSng">263.045333333333</dst>
            <dst id="KSCYng">156.637333333333</dst>
            <dst id="LOSAng">66.6666666666667</dst>
            <dst id="NYCMng">1482.49066666667</dst>
            <dst id="SNVAng">13.3333333333333</dst>
            <dst id="STTLng">512.549333333333</dst>
            <dst id="WASHng">897.733333333333</dst>
        </src>
        <src id="ATLAng">
            <dst id="ATLA-M5">289.917333333333</dst>
            <dst id="ATLAng">25500.4906666667</dst>
            <dst id="CHINng">12174.1946666667</dst>
            <dst id="DNVRng">5758.17066666667</dst>
            <dst id="HSTNng">1301.35733333333</dst>
            <dst id="IPLSng">17840.0453333333</dst>
            <dst id="KSCYng">2909.688</dst>
            <dst id="LOSAng">14297.3186666667</dst>
            <dst id="NYCMng">9836.008</dst>
            <dst id="SNVAng">496.42</dst>
            <dst id="STTLng">15215.9226666667</dst>
            <dst id="WASHng">64487.3946666667</dst>
        </src>
        <src id="CHINng">
            <dst id="ATLA-M5">564.128</dst>
            <dst id="ATLAng">31208.1466666667</dst>
            <dst id="CHINng">124332.706666667</dst>
            <dst id="DNVRng">6847.032</dst>
            <dst id="HSTNng">6140.712</dst>
            <dst id="IPLSng">119297.722666667</dst>
            <dst id="KSCYng">11266.112</dst>
            <dst id="LOSAng">30509.44</dst>
            <dst id="NYCMng">14256.5226666667</dst>
            <dst id="SNVAng">3341.11466666667</dst>
            <dst id="STTLng">19793.576</dst>
            <dst id="WASHng">15277.0853333333</dst>
        </src>
        <src id="DNVRng">
            <dst id="ATLA-M5">161.312</dst>
            <dst id="ATLAng">4018.78933333333</dst>
            <dst id="CHINng">48502.2373333333</dst>
            <dst id="DNVRng">2452.344</dst>
            <dst id="HSTNng">8864.97866666667</dst>
            <dst id="IPLSng">9097.56533333333</dst>
            <dst id="KSCYng">9315.68</dst>
            <dst id="LOSAng">4598.81866666667</dst>
            <dst id="NYCMng">13514.4746666667</dst>
            <dst id="SNVAng">4540.568</dst>
            <dst id="STTLng">5294.016</dst>
            <dst id="WASHng">29862.0266666667</dst>
        </src>
        <src id="HSTNng">
            <dst id="ATLA-M5">2680.85866666667</dst>
            <dst id="ATLAng">2112.99733333333</dst>
            <dst id="CHINng">15742.3546666667</dst>
            <dst id="DNVRng">766.498666666667</dst>
            <dst id="HSTNng">9394.84266666667</dst>
            <dst id="IPLSng">2984.78133333333</dst>
            <dst id="KSCYng">4063.00533333333</dst>
            <dst id="LOSAng">6181.48266666667</dst>
            <dst id="NYCMng">6746.632</dst>
            <dst id="SNVAng">26.6666666666667</dst>
            <dst id="STTLng">5198.56266666667</dst>
            <dst id="WASHng">7944.13066666667</dst>
        </src>
        <src id="IPLSng">
            <dst id="ATLA-M5">123.776</dst>
            <dst id="ATLAng">7993.50133333333</dst>
            <dst id="CHINng">77600.4773333333</dst>
            <dst id="DNVRng">4097.824</dst>
            <dst id="HSTNng">798.858666666667</dst>
            <dst id="IPLSng">28817.9306666667</dst>
            <dst id="KSCYng">3325.656</dst>
            <dst id="LOSAng">20601.2106666667</dst>
            <dst id="NYCMng">8096.36266666667</dst>
            <dst id="SNVAng">612.970666666667</dst>
            <dst id="STTLng">23139.4613333333</dst>
            <dst id="WASHng">21788.76</dst>
        </src>
        <src id="KSCYng">
            <dst id="ATLA-M5">158.186666666667</dst>
            <dst id="ATLAng">8494.29066666667</dst>
            <dst id="CHINng">28604.792</dst>
            <dst id="DNVRng">9020.328</dst>
            <dst id="HSTNng">2122.176</dst>
            <dst id="IPLSng">10228.504</dst>
            <dst id="KSCYng">6661.47466666667</dst>
            <dst id="LOSAng">3109.48533333333</dst>
            <dst id="NYCMng">4312.24266666667</dst>
            <dst id="SNVAng">1719.52533333333</dst>
            <dst id="STTLng">18493.24</dst>
            <dst id="WASHng">10000.7493333333</dst>
        </src>
        <src id="LOSAng">
            <dst id="ATLA-M5">32.3013333333333</dst>
            <dst id="ATLAng">6579.41333333333</dst>
            <dst id="CHINng">78082.288</dst>
            <dst id="DNVRng">6808.488</dst>
            <dst id="HSTNng">1844.256</dst>
            <dst id="IPLSng">15491.3386666667</dst>
            <dst id="KSCYng">1541.80266666667</dst>
            <dst id="LOSAng">9342.97866666667</dst>
            <dst id="NYCMng">32100.48</dst>
            <dst id="SNVAng">28530.0346666667</dst>
            <dst id="STTLng">41516.944</dst>
            <dst id="WASHng">38643.7706666667</dst>
        </src>
        <src id="NYCMng">
            <dst id="ATLA-M5">403.821333333333</dst>
            <dst id="ATLAng">27373.048</dst>
            <dst id="CHINng">41190.768</dst>
            <dst id="DNVRng">21082.3813333333</dst>
            <dst id="HSTNng">8044.49066666667</dst>
            <dst id="IPLSng">16165.5306666667</dst>
            <dst id="KSCYng">5997.85333333333</dst>
            <dst id="LOSAng">39241.2</dst>
            <dst id="NYCMng">126617.76</dst>
            <dst id="SNVAng">1550.95466666667</dst>
            <dst id="STTLng">18095.3786666667</dst>
            <dst id="WASHng">51755.96</dst>
        </src>
        <src id="SNVAng">
            <dst id="ATLA-M5">0</dst>
            <dst id="ATLAng">0</dst>
            <dst id="CHINng">196.4</dst>
            <dst id="DNVRng">1914.87733333333</dst>
            <dst id="HSTNng">54.4</dst>
            <dst id="IPLSng">304.381333333333</dst>
            <dst id="KSCYng">0</dst>
            <dst id="LOSAng">5241.056</dst>
            <dst id="NYCMng">36.7253333333333</dst>
            <dst id="SNVAng">7280.94133333333</dst>
            <dst id="STTLng">17285.0853333333</dst>
            <dst id="WASHng">53.3333333333333</dst>
        </src>
        <src id="STTLng">
            <dst id="ATLA-M5">2137.66133333333</dst>
            <dst id="ATLAng">36793.7226666667</dst>
            <dst id="CHINng">53785.992</dst>
            <dst id="DNVRng">2744.816</dst>
            <dst id="HSTNng">6814.52533333333</dst>
            <dst id="IPLSng">47266.4746666667</dst>
            <dst id="KSCYng">17541.0293333333</dst>
            <dst id="LOSAng">24743.7093333333</dst>
            <dst id="NYCMng">15973.2266666667</dst>
            <dst id="SNVAng">1414.19466666667</dst>
            <dst id="STTLng">11888.5386666667</dst>
            <dst id="WASHng">58524.8693333333</dst>
        </src>
        <src id="WASHng">
            <dst id="ATLA-M5">1007.36</dst>
            <dst id="ATLAng">77036.3493333333</dst>
            <dst id="CHINng">65443.3013333333</dst>
            <dst id="DNVRng">68578.3146666667</dst>
            <dst id="HSTNng">21759.9253333333</dst>
            <dst id="IPLSng">44237.336</dst>
            <dst id="KSCYng">8603.832</dst>
            <dst id="LOSAng">82728.5706666667</dst>
            <dst id="NYCMng">123312.946666667</dst>
            <dst id="SNVAng">4482.89866666667</dst>
            <dst id="STTLng">49233.992</dst>
            <dst id="WASHng">278029.573333333</dst>
        </src>
    </IntraTM>
</TrafficMatrixFile>
