<?xml version="1.0" encoding="ISO-8859-1" standalone="yes"?>
<TrafficMatrixFile xsi:noNamespaceSchemaLocation="http://totem.run.montefiore.ulg.ac.be/Schema/TrafficMatrix-v1_2.xsd" xmlns:xsi="http://www.w3.org/2001/XMLSchema-instance">
    <IntraTM ASID="11537">
        <src id="ATLA-M5">
            <dst id="ATLA-M5">0</dst>
            <dst id="ATLAng">673.106666666667</dst>
            <dst id="CHINng">1495.65333333333</dst>
            <dst id="DNVRng">834.690666666667</dst>
            <dst id="HSTNng">169.845333333333</dst>
            <dst id="IPLSng">1473.408</dst>
            <dst id="KSCYng">409.96</dst>
            <dst id="LOSAng">211.722666666667</dst>
            <dst id="NYCMng">1232.28266666667</dst>
            <dst id="SNVAng">47.264</dst>
            <dst id="STTLng">590.792</dst>
            <dst id="WASHng">1672.448</dst>
        </src>
        <src id="ATLAng">
            <dst id="ATLA-M5">897.610666666667</dst>
            <dst id="ATLAng">40525.016</dst>
            <dst id="CHINng">18733.312</dst>
            <dst id="DNVRng">4399.096</dst>
            <dst id="HSTNng">8526.89333333333</dst>
            <dst id="IPLSng">18375.6826666667</dst>
            <dst id="KSCYng">5861.21866666667</dst>
            <dst id="LOSAng">20940.8133333333</dst>
            <dst id="NYCMng">9528.78133333334</dst>
            <dst id="SNVAng">651.909333333333</dst>
            <dst id="STTLng">15372.16</dst>
            <dst id="WASHng">45621.3173333333</dst>
        </src>
        <src id="CHINng">
            <dst id="ATLA-M5">2746.57866666667</dst>
            <dst id="ATLAng">28921.0826666667</dst>
            <dst id="CHINng">94058.848</dst>
            <dst id="DNVRng">14205.832</dst>
            <dst id="HSTNng">16580.0986666667</dst>
            <dst id="IPLSng">47613.8426666666</dst>
            <dst id="KSCYng">13304.8213333333</dst>
            <dst id="LOSAng">48514.6213333333</dst>
            <dst id="NYCMng">13036.6826666667</dst>
            <dst id="SNVAng">5305.592</dst>
            <dst id="STTLng">22341.9066666667</dst>
            <dst id="WASHng">40477.664</dst>
        </src>
        <src id="DNVRng">
            <dst id="ATLA-M5">448.264</dst>
            <dst id="ATLAng">8348.46933333333</dst>
            <dst id="CHINng">42732.5733333333</dst>
            <dst id="DNVRng">10192.4053333333</dst>
            <dst id="HSTNng">15707.7413333333</dst>
            <dst id="IPLSng">11939.2506666667</dst>
            <dst id="KSCYng">16433.8373333333</dst>
            <dst id="LOSAng">11899.3626666667</dst>
            <dst id="NYCMng">16024.1146666667</dst>
            <dst id="SNVAng">11945.792</dst>
            <dst id="STTLng">29840.48</dst>
            <dst id="WASHng">24300.3573333333</dst>
        </src>
        <src id="HSTNng">
            <dst id="ATLA-M5">878.024</dst>
            <dst id="ATLAng">10881.9386666667</dst>
            <dst id="CHINng">15393.6773333333</dst>
            <dst id="DNVRng">2452.42666666667</dst>
            <dst id="HSTNng">21487.8773333333</dst>
            <dst id="IPLSng">6189.47466666667</dst>
            <dst id="KSCYng">12731.7626666667</dst>
            <dst id="LOSAng">10411.1973333333</dst>
            <dst id="NYCMng">3559.22666666667</dst>
            <dst id="SNVAng">155.285333333333</dst>
            <dst id="STTLng">6688.98666666666</dst>
            <dst id="WASHng">9093.17866666667</dst>
        </src>
        <src id="IPLSng">
            <dst id="ATLA-M5">715.426666666667</dst>
            <dst id="ATLAng">11278.1573333333</dst>
            <dst id="CHINng">46694.464</dst>
            <dst id="DNVRng">14797.728</dst>
            <dst id="HSTNng">6575.67466666667</dst>
            <dst id="IPLSng">18440.5733333333</dst>
            <dst id="KSCYng">14519.2506666667</dst>
            <dst id="LOSAng">14685.6933333333</dst>
            <dst id="NYCMng">10949.192</dst>
            <dst id="SNVAng">2487.30666666667</dst>
            <dst id="STTLng">33881.448</dst>
            <dst id="WASHng">19984.6853333333</dst>
        </src>
        <src id="KSCYng">
            <dst id="ATLA-M5">464.552</dst>
            <dst id="ATLAng">9315.80266666667</dst>
            <dst id="CHINng">19692.3786666667</dst>
            <dst id="DNVRng">8867.25333333333</dst>
            <dst id="HSTNng">4614.4</dst>
            <dst id="IPLSng">19556.2506666667</dst>
            <dst id="KSCYng">8454.008</dst>
            <dst id="LOSAng">4048.70133333333</dst>
            <dst id="NYCMng">8488.46133333333</dst>
            <dst id="SNVAng">2802.16533333333</dst>
            <dst id="STTLng">10092.8426666667</dst>
            <dst id="WASHng">21663.208</dst>
        </src>
        <src id="LOSAng">
            <dst id="ATLA-M5">259.52</dst>
            <dst id="ATLAng">11355.0826666667</dst>
            <dst id="CHINng">6111985.6</dst>
            <dst id="DNVRng">16848.5733333333</dst>
            <dst id="HSTNng">9511.76266666667</dst>
            <dst id="IPLSng">29407.8213333333</dst>
            <dst id="KSCYng">7325.53066666667</dst>
            <dst id="LOSAng">12852.0453333333</dst>
            <dst id="NYCMng">51518.744</dst>
            <dst id="SNVAng">28236.84</dst>
            <dst id="STTLng">75485.1093333334</dst>
            <dst id="WASHng">57028.8746666667</dst>
        </src>
        <src id="NYCMng">
            <dst id="ATLA-M5">3649.81333333333</dst>
            <dst id="ATLAng">33697.016</dst>
            <dst id="CHINng">32788.5466666667</dst>
            <dst id="DNVRng">21706.7573333333</dst>
            <dst id="HSTNng">12972.0293333333</dst>
            <dst id="IPLSng">36289.9733333333</dst>
            <dst id="KSCYng">10984.2906666667</dst>
            <dst id="LOSAng">68734.2613333334</dst>
            <dst id="NYCMng">106288.202666667</dst>
            <dst id="SNVAng">4968.90133333333</dst>
            <dst id="STTLng">32754.1706666667</dst>
            <dst id="WASHng">104753.888</dst>
        </src>
        <src id="SNVAng">
            <dst id="ATLA-M5">0</dst>
            <dst id="ATLAng">53.3333333333333</dst>
            <dst id="CHINng">85.3333333333333</dst>
            <dst id="DNVRng">2852.61866666667</dst>
            <dst id="HSTNng">26.6666666666667</dst>
            <dst id="IPLSng">614.32</dst>
            <dst id="KSCYng">0</dst>
            <dst id="LOSAng">9490.80266666667</dst>
            <dst id="NYCMng">60.544</dst>
            <dst id="SNVAng">30292.4506666667</dst>
            <dst id="STTLng">27458.0346666667</dst>
            <dst id="WASHng">56.3733333333333</dst>
        </src>
        <src id="STTLng">
            <dst id="ATLA-M5">2793.448</dst>
            <dst id="ATLAng">25389.424</dst>
            <dst id="CHINng">46764.1546666667</dst>
            <dst id="DNVRng">13829.9173333333</dst>
            <dst id="HSTNng">13380.96</dst>
            <dst id="IPLSng">34279.2853333333</dst>
            <dst id="KSCYng">31191.8373333333</dst>
            <dst id="LOSAng">51674.2053333333</dst>
            <dst id="NYCMng">14867.864</dst>
            <dst id="SNVAng">5947.41066666667</dst>
            <dst id="STTLng">35799.9013333333</dst>
            <dst id="WASHng">41892.3973333333</dst>
        </src>
        <src id="WASHng">
            <dst id="ATLA-M5">4482.456</dst>
            <dst id="ATLAng">124780.224</dst>
            <dst id="CHINng">76624.7306666667</dst>
            <dst id="DNVRng">72262.0693333334</dst>
            <dst id="HSTNng">33772.3093333333</dst>
            <dst id="IPLSng">40477.792</dst>
            <dst id="KSCYng">20126.968</dst>
            <dst id="LOSAng">97147.472</dst>
            <dst id="NYCMng">180896.789333333</dst>
            <dst id="SNVAng">4676.43733333333</dst>
            <dst id="STTLng">59420.5013333333</dst>
            <dst id="WASHng">206798.250666667</dst>
        </src>
    </IntraTM>
</TrafficMatrixFile>
