<?xml version="1.0" encoding="ISO-8859-1" standalone="yes"?>
<TrafficMatrixFile xsi:noNamespaceSchemaLocation="http://totem.run.montefiore.ulg.ac.be/Schema/TrafficMatrix-v1_2.xsd" xmlns:xsi="http://www.w3.org/2001/XMLSchema-instance">
    <IntraTM ASID="11537">
        <src id="ATLA-M5">
            <dst id="ATLA-M5">62.768</dst>
            <dst id="ATLAng">1345.28266666667</dst>
            <dst id="CHINng">3144.47733333333</dst>
            <dst id="DNVRng">353.333333333333</dst>
            <dst id="HSTNng">776.682666666666</dst>
            <dst id="IPLSng">567.701333333333</dst>
            <dst id="KSCYng">276.314666666667</dst>
            <dst id="LOSAng">131.605333333333</dst>
            <dst id="NYCMng">1036.344</dst>
            <dst id="SNVAng">47.376</dst>
            <dst id="STTLng">693.76</dst>
            <dst id="WASHng">1267.48</dst>
        </src>
        <src id="ATLAng">
            <dst id="ATLA-M5">243.901333333333</dst>
            <dst id="ATLAng">41735.912</dst>
            <dst id="CHINng">16570.7653333333</dst>
            <dst id="DNVRng">4859.76533333333</dst>
            <dst id="HSTNng">4635.616</dst>
            <dst id="IPLSng">22901.2826666667</dst>
            <dst id="KSCYng">8238.55733333333</dst>
            <dst id="LOSAng">16688.456</dst>
            <dst id="NYCMng">12930.656</dst>
            <dst id="SNVAng">1131.38933333333</dst>
            <dst id="STTLng">14616.0906666667</dst>
            <dst id="WASHng">42732.632</dst>
        </src>
        <src id="CHINng">
            <dst id="ATLA-M5">1361.74133333333</dst>
            <dst id="ATLAng">31782.4293333333</dst>
            <dst id="CHINng">59980.1093333333</dst>
            <dst id="DNVRng">25236.2906666667</dst>
            <dst id="HSTNng">10563.3466666667</dst>
            <dst id="IPLSng">78374.7093333333</dst>
            <dst id="KSCYng">17244.9706666667</dst>
            <dst id="LOSAng">44669.3226666667</dst>
            <dst id="NYCMng">10389.864</dst>
            <dst id="SNVAng">3387.97866666667</dst>
            <dst id="STTLng">20954.1653333333</dst>
            <dst id="WASHng">28843.096</dst>
        </src>
        <src id="DNVRng">
            <dst id="ATLA-M5">478.205333333333</dst>
            <dst id="ATLAng">4759.41066666667</dst>
            <dst id="CHINng">42889.6266666667</dst>
            <dst id="DNVRng">5032.58933333333</dst>
            <dst id="HSTNng">6272.968</dst>
            <dst id="IPLSng">10860.0186666667</dst>
            <dst id="KSCYng">7730.77866666667</dst>
            <dst id="LOSAng">11969.936</dst>
            <dst id="NYCMng">6264.15466666666</dst>
            <dst id="SNVAng">5491.03733333333</dst>
            <dst id="STTLng">22835.232</dst>
            <dst id="WASHng">22241.4186666667</dst>
        </src>
        <src id="HSTNng">
            <dst id="ATLA-M5">2504.17333333333</dst>
            <dst id="ATLAng">4519.52</dst>
            <dst id="CHINng">10738.2613333333</dst>
            <dst id="DNVRng">1462.904</dst>
            <dst id="HSTNng">14665.0613333333</dst>
            <dst id="IPLSng">4638.48</dst>
            <dst id="KSCYng">5746.89333333333</dst>
            <dst id="LOSAng">3278.64266666667</dst>
            <dst id="NYCMng">1905.37333333333</dst>
            <dst id="SNVAng">430.861333333333</dst>
            <dst id="STTLng">5533.53333333333</dst>
            <dst id="WASHng">6077.768</dst>
        </src>
        <src id="IPLSng">
            <dst id="ATLA-M5">340.965333333333</dst>
            <dst id="ATLAng">17811.704</dst>
            <dst id="CHINng">55733.0853333333</dst>
            <dst id="DNVRng">6633.064</dst>
            <dst id="HSTNng">4137.384</dst>
            <dst id="IPLSng">33121.008</dst>
            <dst id="KSCYng">8383.632</dst>
            <dst id="LOSAng">45626.9893333333</dst>
            <dst id="NYCMng">6797.90666666667</dst>
            <dst id="SNVAng">624.693333333333</dst>
            <dst id="STTLng">24479.4453333333</dst>
            <dst id="WASHng">16204.7813333333</dst>
        </src>
        <src id="KSCYng">
            <dst id="ATLA-M5">294.237333333333</dst>
            <dst id="ATLAng">8272.2</dst>
            <dst id="CHINng">21826.576</dst>
            <dst id="DNVRng">7839.42933333333</dst>
            <dst id="HSTNng">6799.16</dst>
            <dst id="IPLSng">16355.2613333333</dst>
            <dst id="KSCYng">7869.72533333334</dst>
            <dst id="LOSAng">6389.81333333333</dst>
            <dst id="NYCMng">6471.288</dst>
            <dst id="SNVAng">3748.136</dst>
            <dst id="STTLng">8478.02933333333</dst>
            <dst id="WASHng">14305.1493333333</dst>
        </src>
        <src id="LOSAng">
            <dst id="ATLA-M5">552.232</dst>
            <dst id="ATLAng">14359.0746666667</dst>
            <dst id="CHINng">6249038.66666667</dst>
            <dst id="DNVRng">17332.0906666667</dst>
            <dst id="HSTNng">4490.792</dst>
            <dst id="IPLSng">35320.976</dst>
            <dst id="KSCYng">12608.5413333333</dst>
            <dst id="LOSAng">15160.3626666667</dst>
            <dst id="NYCMng">50714.6666666667</dst>
            <dst id="SNVAng">20847.4773333333</dst>
            <dst id="STTLng">63407.568</dst>
            <dst id="WASHng">49954.424</dst>
        </src>
        <src id="NYCMng">
            <dst id="ATLA-M5">814.605333333333</dst>
            <dst id="ATLAng">29508.9573333333</dst>
            <dst id="CHINng">28694.5786666667</dst>
            <dst id="DNVRng">17564.5786666667</dst>
            <dst id="HSTNng">17674.6053333333</dst>
            <dst id="IPLSng">17326.4906666667</dst>
            <dst id="KSCYng">14796.816</dst>
            <dst id="LOSAng">61846.5066666667</dst>
            <dst id="NYCMng">92397.1813333333</dst>
            <dst id="SNVAng">2238.95733333333</dst>
            <dst id="STTLng">43871.9253333333</dst>
            <dst id="WASHng">85550.5093333333</dst>
        </src>
        <src id="SNVAng">
            <dst id="ATLA-M5">0</dst>
            <dst id="ATLAng">381.874666666667</dst>
            <dst id="CHINng">26.6666666666667</dst>
            <dst id="DNVRng">4044.344</dst>
            <dst id="HSTNng">382.957333333333</dst>
            <dst id="IPLSng">385.696</dst>
            <dst id="KSCYng">67.0426666666666</dst>
            <dst id="LOSAng">18487.4346666667</dst>
            <dst id="NYCMng">53.3333333333333</dst>
            <dst id="SNVAng">8733.07733333333</dst>
            <dst id="STTLng">16940.0906666667</dst>
            <dst id="WASHng">80</dst>
        </src>
        <src id="STTLng">
            <dst id="ATLA-M5">827.130666666667</dst>
            <dst id="ATLAng">25526.8186666667</dst>
            <dst id="CHINng">31362.128</dst>
            <dst id="DNVRng">9160.62133333333</dst>
            <dst id="HSTNng">6291.28533333333</dst>
            <dst id="IPLSng">25162.512</dst>
            <dst id="KSCYng">11793.128</dst>
            <dst id="LOSAng">40703.3786666667</dst>
            <dst id="NYCMng">12857.12</dst>
            <dst id="SNVAng">3641.57866666667</dst>
            <dst id="STTLng">21569.4106666667</dst>
            <dst id="WASHng">29387.3626666667</dst>
        </src>
        <src id="WASHng">
            <dst id="ATLA-M5">6368.84266666667</dst>
            <dst id="ATLAng">67777.7253333333</dst>
            <dst id="CHINng">73623.1573333333</dst>
            <dst id="DNVRng">53845.1946666667</dst>
            <dst id="HSTNng">40380.2773333333</dst>
            <dst id="IPLSng">46988.6373333333</dst>
            <dst id="KSCYng">19731.9226666667</dst>
            <dst id="LOSAng">98810.256</dst>
            <dst id="NYCMng">160427.786666667</dst>
            <dst id="SNVAng">2889.04533333333</dst>
            <dst id="STTLng">57798.7733333333</dst>
            <dst id="WASHng">172460.661333333</dst>
        </src>
    </IntraTM>
</TrafficMatrixFile>
