<?xml version="1.0" encoding="ISO-8859-1" standalone="yes"?>
<TrafficMatrixFile xsi:noNamespaceSchemaLocation="http://totem.run.montefiore.ulg.ac.be/Schema/TrafficMatrix-v1_2.xsd" xmlns:xsi="http://www.w3.org/2001/XMLSchema-instance">
    <IntraTM ASID="11537">
        <src id="ATLA-M5">
            <dst id="ATLA-M5">130.922666666667</dst>
            <dst id="ATLAng">1252.92266666667</dst>
            <dst id="CHINng">1809.77066666667</dst>
            <dst id="DNVRng">203.984</dst>
            <dst id="HSTNng">1871.792</dst>
            <dst id="IPLSng">1000.90933333333</dst>
            <dst id="KSCYng">216.354666666667</dst>
            <dst id="LOSAng">133.333333333333</dst>
            <dst id="NYCMng">1826.96</dst>
            <dst id="SNVAng">627.296</dst>
            <dst id="STTLng">1174.45066666667</dst>
            <dst id="WASHng">2497.712</dst>
        </src>
        <src id="ATLAng">
            <dst id="ATLA-M5">2006.024</dst>
            <dst id="ATLAng">44331.504</dst>
            <dst id="CHINng">25107.2026666667</dst>
            <dst id="DNVRng">4750.24266666667</dst>
            <dst id="HSTNng">24059.2506666667</dst>
            <dst id="IPLSng">24212.1946666667</dst>
            <dst id="KSCYng">8540.136</dst>
            <dst id="LOSAng">19154.7333333333</dst>
            <dst id="NYCMng">33703.2746666667</dst>
            <dst id="SNVAng">1908.28266666667</dst>
            <dst id="STTLng">22426.8533333333</dst>
            <dst id="WASHng">56610.304</dst>
        </src>
        <src id="CHINng">
            <dst id="ATLA-M5">1300.56533333333</dst>
            <dst id="ATLAng">26513.896</dst>
            <dst id="CHINng">204696.218666667</dst>
            <dst id="DNVRng">14608.9093333333</dst>
            <dst id="HSTNng">29988.5546666667</dst>
            <dst id="IPLSng">78661.272</dst>
            <dst id="KSCYng">22575.3306666667</dst>
            <dst id="LOSAng">45986.9146666667</dst>
            <dst id="NYCMng">20079.904</dst>
            <dst id="SNVAng">6604.12</dst>
            <dst id="STTLng">39547.528</dst>
            <dst id="WASHng">40187.8586666667</dst>
        </src>
        <src id="DNVRng">
            <dst id="ATLA-M5">195.245333333333</dst>
            <dst id="ATLAng">10720.6586666667</dst>
            <dst id="CHINng">42145.7306666667</dst>
            <dst id="DNVRng">18034.368</dst>
            <dst id="HSTNng">25327.52</dst>
            <dst id="IPLSng">23186.1546666667</dst>
            <dst id="KSCYng">25088.12</dst>
            <dst id="LOSAng">20720.4133333333</dst>
            <dst id="NYCMng">6913.75733333333</dst>
            <dst id="SNVAng">16860.8586666667</dst>
            <dst id="STTLng">34228.048</dst>
            <dst id="WASHng">22461.8186666667</dst>
        </src>
        <src id="HSTNng">
            <dst id="ATLA-M5">846.952</dst>
            <dst id="ATLAng">18238.344</dst>
            <dst id="CHINng">21801.8106666667</dst>
            <dst id="DNVRng">4286.89333333333</dst>
            <dst id="HSTNng">22872.6186666667</dst>
            <dst id="IPLSng">6668.06133333333</dst>
            <dst id="KSCYng">12059.384</dst>
            <dst id="LOSAng">4101.65866666667</dst>
            <dst id="NYCMng">3585.34133333333</dst>
            <dst id="SNVAng">461.946666666667</dst>
            <dst id="STTLng">15157.6213333333</dst>
            <dst id="WASHng">7795.736</dst>
        </src>
        <src id="IPLSng">
            <dst id="ATLA-M5">310.581333333333</dst>
            <dst id="ATLAng">15447.904</dst>
            <dst id="CHINng">100797.674666667</dst>
            <dst id="DNVRng">12341.0666666667</dst>
            <dst id="HSTNng">14590.4453333333</dst>
            <dst id="IPLSng">21792.256</dst>
            <dst id="KSCYng">17267.8933333333</dst>
            <dst id="LOSAng">23307.4746666667</dst>
            <dst id="NYCMng">19444.272</dst>
            <dst id="SNVAng">5162.58666666667</dst>
            <dst id="STTLng">38529.6853333333</dst>
            <dst id="WASHng">53472.8613333333</dst>
        </src>
        <src id="KSCYng">
            <dst id="ATLA-M5">725.594666666667</dst>
            <dst id="ATLAng">10614.1626666667</dst>
            <dst id="CHINng">29920.328</dst>
            <dst id="DNVRng">9643.584</dst>
            <dst id="HSTNng">5161.10133333333</dst>
            <dst id="IPLSng">31303.1146666667</dst>
            <dst id="KSCYng">16213.84</dst>
            <dst id="LOSAng">8026.49333333333</dst>
            <dst id="NYCMng">11012.456</dst>
            <dst id="SNVAng">3157.416</dst>
            <dst id="STTLng">15653.4586666667</dst>
            <dst id="WASHng">17123.4213333333</dst>
        </src>
        <src id="LOSAng">
            <dst id="ATLA-M5">187.666666666667</dst>
            <dst id="ATLAng">22234.7893333333</dst>
            <dst id="CHINng">128727.968</dst>
            <dst id="DNVRng">14143.992</dst>
            <dst id="HSTNng">16225.0453333333</dst>
            <dst id="IPLSng">19052.9013333333</dst>
            <dst id="KSCYng">14634.0026666667</dst>
            <dst id="LOSAng">7536.73866666667</dst>
            <dst id="NYCMng">35501.7733333333</dst>
            <dst id="SNVAng">24029.4906666667</dst>
            <dst id="STTLng">68900.2346666667</dst>
            <dst id="WASHng">93575.5786666667</dst>
        </src>
        <src id="NYCMng">
            <dst id="ATLA-M5">1497.10133333333</dst>
            <dst id="ATLAng">57321.1306666667</dst>
            <dst id="CHINng">45190.4773333333</dst>
            <dst id="DNVRng">21195.7813333333</dst>
            <dst id="HSTNng">27165.072</dst>
            <dst id="IPLSng">58242.3733333333</dst>
            <dst id="KSCYng">24645.96</dst>
            <dst id="LOSAng">65498.8533333333</dst>
            <dst id="NYCMng">151663.698666667</dst>
            <dst id="SNVAng">10358.3733333333</dst>
            <dst id="STTLng">22903.4693333333</dst>
            <dst id="WASHng">110936.042666667</dst>
        </src>
        <src id="SNVAng">
            <dst id="ATLA-M5">54.4853333333333</dst>
            <dst id="ATLAng">323.541333333333</dst>
            <dst id="CHINng">1114.58933333333</dst>
            <dst id="DNVRng">5752.89333333333</dst>
            <dst id="HSTNng">140.250666666667</dst>
            <dst id="IPLSng">657.504</dst>
            <dst id="KSCYng">402.6</dst>
            <dst id="LOSAng">8546.384</dst>
            <dst id="NYCMng">85.6533333333334</dst>
            <dst id="SNVAng">9716.984</dst>
            <dst id="STTLng">25376.4826666667</dst>
            <dst id="WASHng">80</dst>
        </src>
        <src id="STTLng">
            <dst id="ATLA-M5">3080.144</dst>
            <dst id="ATLAng">77843.088</dst>
            <dst id="CHINng">120722.397333333</dst>
            <dst id="DNVRng">46837.704</dst>
            <dst id="HSTNng">44244.136</dst>
            <dst id="IPLSng">93412.712</dst>
            <dst id="KSCYng">74181.592</dst>
            <dst id="LOSAng">16884.8826666667</dst>
            <dst id="NYCMng">32840.048</dst>
            <dst id="SNVAng">13837.2826666667</dst>
            <dst id="STTLng">34745.696</dst>
            <dst id="WASHng">115988.818666667</dst>
        </src>
        <src id="WASHng">
            <dst id="ATLA-M5">8450.17066666667</dst>
            <dst id="ATLAng">110079.28</dst>
            <dst id="CHINng">123976.848</dst>
            <dst id="DNVRng">76441.3386666667</dst>
            <dst id="HSTNng">49820.5973333333</dst>
            <dst id="IPLSng">104880.733333333</dst>
            <dst id="KSCYng">24739.6426666667</dst>
            <dst id="LOSAng">92459.9386666667</dst>
            <dst id="NYCMng">227469.730666667</dst>
            <dst id="SNVAng">5652.688</dst>
            <dst id="STTLng">64660.9333333333</dst>
            <dst id="WASHng">341680.746666667</dst>
        </src>
    </IntraTM>
</TrafficMatrixFile>
