<?xml version="1.0" encoding="ISO-8859-1" standalone="yes"?>
<TrafficMatrixFile xsi:noNamespaceSchemaLocation="http://totem.run.montefiore.ulg.ac.be/Schema/TrafficMatrix-v1_2.xsd" xmlns:xsi="http://www.w3.org/2001/XMLSchema-instance">
    <IntraTM ASID="11537">
        <src id="ATLA-M5">
            <dst id="ATLA-M5">38.656</dst>
            <dst id="ATLAng">1015.01866666667</dst>
            <dst id="CHINng">3563.12533333333</dst>
            <dst id="DNVRng">156.378666666667</dst>
            <dst id="HSTNng">758.832</dst>
            <dst id="IPLSng">1612.496</dst>
            <dst id="KSCYng">206.632</dst>
            <dst id="LOSAng">50.5573333333333</dst>
            <dst id="NYCMng">2780.832</dst>
            <dst id="SNVAng">109.650666666667</dst>
            <dst id="STTLng">825.693333333333</dst>
            <dst id="WASHng">1078.37866666667</dst>
        </src>
        <src id="ATLAng">
            <dst id="ATLA-M5">486.714666666667</dst>
            <dst id="ATLAng">37026.888</dst>
            <dst id="CHINng">22504.4986666667</dst>
            <dst id="DNVRng">4235.112</dst>
            <dst id="HSTNng">3653.776</dst>
            <dst id="IPLSng">17160.2026666667</dst>
            <dst id="KSCYng">7656.62933333333</dst>
            <dst id="LOSAng">17918.024</dst>
            <dst id="NYCMng">12432.456</dst>
            <dst id="SNVAng">2524.952</dst>
            <dst id="STTLng">8170.15466666667</dst>
            <dst id="WASHng">42823.3493333333</dst>
        </src>
        <src id="CHINng">
            <dst id="ATLA-M5">1277.20266666667</dst>
            <dst id="ATLAng">20134.4666666667</dst>
            <dst id="CHINng">105134.144</dst>
            <dst id="DNVRng">16405.6373333333</dst>
            <dst id="HSTNng">14100.6373333333</dst>
            <dst id="IPLSng">58181.6106666667</dst>
            <dst id="KSCYng">17113.328</dst>
            <dst id="LOSAng">68312.9013333333</dst>
            <dst id="NYCMng">17551.752</dst>
            <dst id="SNVAng">3420.816</dst>
            <dst id="STTLng">22086.8453333333</dst>
            <dst id="WASHng">22919.8453333333</dst>
        </src>
        <src id="DNVRng">
            <dst id="ATLA-M5">184.672</dst>
            <dst id="ATLAng">5337.512</dst>
            <dst id="CHINng">32108.144</dst>
            <dst id="DNVRng">16290.9786666667</dst>
            <dst id="HSTNng">14106.6853333333</dst>
            <dst id="IPLSng">12213.7386666667</dst>
            <dst id="KSCYng">38731.92</dst>
            <dst id="LOSAng">9957.09866666666</dst>
            <dst id="NYCMng">5871.32533333333</dst>
            <dst id="SNVAng">22146.384</dst>
            <dst id="STTLng">42645.7573333333</dst>
            <dst id="WASHng">22083.2453333333</dst>
        </src>
        <src id="HSTNng">
            <dst id="ATLA-M5">6102.82666666667</dst>
            <dst id="ATLAng">5523.68</dst>
            <dst id="CHINng">9729.88</dst>
            <dst id="DNVRng">1452.4</dst>
            <dst id="HSTNng">15657.4133333333</dst>
            <dst id="IPLSng">6930.08533333333</dst>
            <dst id="KSCYng">11016.72</dst>
            <dst id="LOSAng">4405.70133333333</dst>
            <dst id="NYCMng">3686.632</dst>
            <dst id="SNVAng">26.6666666666667</dst>
            <dst id="STTLng">4545.09066666667</dst>
            <dst id="WASHng">15990.4373333333</dst>
        </src>
        <src id="IPLSng">
            <dst id="ATLA-M5">579.322666666667</dst>
            <dst id="ATLAng">9711.072</dst>
            <dst id="CHINng">45388.6826666667</dst>
            <dst id="DNVRng">7888.792</dst>
            <dst id="HSTNng">5413.64533333333</dst>
            <dst id="IPLSng">43646.952</dst>
            <dst id="KSCYng">5691.90133333333</dst>
            <dst id="LOSAng">13712.2373333333</dst>
            <dst id="NYCMng">6019.38933333333</dst>
            <dst id="SNVAng">859</dst>
            <dst id="STTLng">20350.16</dst>
            <dst id="WASHng">11983.3173333333</dst>
        </src>
        <src id="KSCYng">
            <dst id="ATLA-M5">330.032</dst>
            <dst id="ATLAng">6890.16266666667</dst>
            <dst id="CHINng">25031.992</dst>
            <dst id="DNVRng">8996.76533333333</dst>
            <dst id="HSTNng">4117.2</dst>
            <dst id="IPLSng">15442.9226666667</dst>
            <dst id="KSCYng">12919.8666666667</dst>
            <dst id="LOSAng">5555.20533333334</dst>
            <dst id="NYCMng">8116.03466666667</dst>
            <dst id="SNVAng">2440.75733333333</dst>
            <dst id="STTLng">10397.7946666667</dst>
            <dst id="WASHng">12509.8613333333</dst>
        </src>
        <src id="LOSAng">
            <dst id="ATLA-M5">145.896</dst>
            <dst id="ATLAng">17987.184</dst>
            <dst id="CHINng">70449.5333333333</dst>
            <dst id="DNVRng">26296.576</dst>
            <dst id="HSTNng">4983.73066666667</dst>
            <dst id="IPLSng">34556.6986666667</dst>
            <dst id="KSCYng">9555.952</dst>
            <dst id="LOSAng">11726.848</dst>
            <dst id="NYCMng">31775.2266666667</dst>
            <dst id="SNVAng">17606.952</dst>
            <dst id="STTLng">50751.6666666667</dst>
            <dst id="WASHng">56488.248</dst>
        </src>
        <src id="NYCMng">
            <dst id="ATLA-M5">2043.73866666667</dst>
            <dst id="ATLAng">30787.9306666667</dst>
            <dst id="CHINng">38089.192</dst>
            <dst id="DNVRng">19482.4586666667</dst>
            <dst id="HSTNng">10461.8906666667</dst>
            <dst id="IPLSng">29093.6453333333</dst>
            <dst id="KSCYng">9722.656</dst>
            <dst id="LOSAng">62652.76</dst>
            <dst id="NYCMng">73987.184</dst>
            <dst id="SNVAng">1908.22133333333</dst>
            <dst id="STTLng">26919.432</dst>
            <dst id="WASHng">58339.4906666667</dst>
        </src>
        <src id="SNVAng">
            <dst id="ATLA-M5">0</dst>
            <dst id="ATLAng">679.725333333333</dst>
            <dst id="CHINng">26.6666666666667</dst>
            <dst id="DNVRng">5676.55733333333</dst>
            <dst id="HSTNng">0</dst>
            <dst id="IPLSng">346.624</dst>
            <dst id="KSCYng">26.6666666666667</dst>
            <dst id="LOSAng">10377.008</dst>
            <dst id="NYCMng">221.602666666667</dst>
            <dst id="SNVAng">7190.648</dst>
            <dst id="STTLng">18655.088</dst>
            <dst id="WASHng">26.6666666666667</dst>
        </src>
        <src id="STTLng">
            <dst id="ATLA-M5">472.298666666667</dst>
            <dst id="ATLAng">19470.2</dst>
            <dst id="CHINng">20763.8</dst>
            <dst id="DNVRng">16668.72</dst>
            <dst id="HSTNng">7689.98666666666</dst>
            <dst id="IPLSng">15801.7466666667</dst>
            <dst id="KSCYng">20360.016</dst>
            <dst id="LOSAng">37795.7173333333</dst>
            <dst id="NYCMng">9212.38933333333</dst>
            <dst id="SNVAng">3979.04533333333</dst>
            <dst id="STTLng">26481.7413333333</dst>
            <dst id="WASHng">15527.896</dst>
        </src>
        <src id="WASHng">
            <dst id="ATLA-M5">1879.64533333333</dst>
            <dst id="ATLAng">88970.9653333333</dst>
            <dst id="CHINng">104462.210666667</dst>
            <dst id="DNVRng">61255.5973333333</dst>
            <dst id="HSTNng">28047.5093333333</dst>
            <dst id="IPLSng">43960.888</dst>
            <dst id="KSCYng">25564.9893333333</dst>
            <dst id="LOSAng">71539.9546666667</dst>
            <dst id="NYCMng">119786.389333333</dst>
            <dst id="SNVAng">7988.344</dst>
            <dst id="STTLng">51694.36</dst>
            <dst id="WASHng">225779.378666667</dst>
        </src>
    </IntraTM>
</TrafficMatrixFile>
