<?xml version="1.0" encoding="ISO-8859-1" standalone="yes"?>
<TrafficMatrixFile xsi:noNamespaceSchemaLocation="http://totem.run.montefiore.ulg.ac.be/Schema/TrafficMatrix-v1_2.xsd" xmlns:xsi="http://www.w3.org/2001/XMLSchema-instance">
    <IntraTM ASID="11537">
        <src id="ATLA-M5">
            <dst id="ATLA-M5">53.3333333333333</dst>
            <dst id="ATLAng">640.474666666667</dst>
            <dst id="CHINng">1585.30933333333</dst>
            <dst id="DNVRng">417.024</dst>
            <dst id="HSTNng">329.792</dst>
            <dst id="IPLSng">2538.29066666667</dst>
            <dst id="KSCYng">470.677333333333</dst>
            <dst id="LOSAng">76.1066666666667</dst>
            <dst id="NYCMng">1143.208</dst>
            <dst id="SNVAng">13.3333333333333</dst>
            <dst id="STTLng">433.96</dst>
            <dst id="WASHng">407.773333333333</dst>
        </src>
        <src id="ATLAng">
            <dst id="ATLA-M5">939.432</dst>
            <dst id="ATLAng">38265.1066666667</dst>
            <dst id="CHINng">18954.4106666667</dst>
            <dst id="DNVRng">4362.47733333333</dst>
            <dst id="HSTNng">3270.704</dst>
            <dst id="IPLSng">27134.528</dst>
            <dst id="KSCYng">4897.624</dst>
            <dst id="LOSAng">18954.3693333333</dst>
            <dst id="NYCMng">13102.5333333333</dst>
            <dst id="SNVAng">1218.91333333333</dst>
            <dst id="STTLng">9533.17066666667</dst>
            <dst id="WASHng">39368.928</dst>
        </src>
        <src id="CHINng">
            <dst id="ATLA-M5">1160.152</dst>
            <dst id="ATLAng">21588.616</dst>
            <dst id="CHINng">69474.1493333333</dst>
            <dst id="DNVRng">28644.4213333333</dst>
            <dst id="HSTNng">17939.5946666667</dst>
            <dst id="IPLSng">76257.9413333333</dst>
            <dst id="KSCYng">15451.2826666667</dst>
            <dst id="LOSAng">49670.7226666667</dst>
            <dst id="NYCMng">9333.38666666667</dst>
            <dst id="SNVAng">3043.568</dst>
            <dst id="STTLng">17674.9226666667</dst>
            <dst id="WASHng">20527.896</dst>
        </src>
        <src id="DNVRng">
            <dst id="ATLA-M5">278.456</dst>
            <dst id="ATLAng">4548.792</dst>
            <dst id="CHINng">109052.266666667</dst>
            <dst id="DNVRng">11929.9093333333</dst>
            <dst id="HSTNng">9603.024</dst>
            <dst id="IPLSng">11617.7573333333</dst>
            <dst id="KSCYng">15732.9573333333</dst>
            <dst id="LOSAng">14429.6453333333</dst>
            <dst id="NYCMng">11970.616</dst>
            <dst id="SNVAng">13657.6186666667</dst>
            <dst id="STTLng">25708.464</dst>
            <dst id="WASHng">17869.4133333333</dst>
        </src>
        <src id="HSTNng">
            <dst id="ATLA-M5">4503.608</dst>
            <dst id="ATLAng">7614.44</dst>
            <dst id="CHINng">16322.8026666667</dst>
            <dst id="DNVRng">1439.016</dst>
            <dst id="HSTNng">13366.576</dst>
            <dst id="IPLSng">3785.72266666667</dst>
            <dst id="KSCYng">8366.104</dst>
            <dst id="LOSAng">3384.09066666667</dst>
            <dst id="NYCMng">2394.74933333333</dst>
            <dst id="SNVAng">139.546666666667</dst>
            <dst id="STTLng">4578.59466666667</dst>
            <dst id="WASHng">4770.408</dst>
        </src>
        <src id="IPLSng">
            <dst id="ATLA-M5">551.405333333333</dst>
            <dst id="ATLAng">10796.784</dst>
            <dst id="CHINng">46993.4266666667</dst>
            <dst id="DNVRng">7809.53866666667</dst>
            <dst id="HSTNng">2627.16533333333</dst>
            <dst id="IPLSng">37791.352</dst>
            <dst id="KSCYng">11271.5013333333</dst>
            <dst id="LOSAng">16108.72</dst>
            <dst id="NYCMng">4975.25333333333</dst>
            <dst id="SNVAng">1797.464</dst>
            <dst id="STTLng">29660.9813333333</dst>
            <dst id="WASHng">16576.1413333333</dst>
        </src>
        <src id="KSCYng">
            <dst id="ATLA-M5">217.197333333333</dst>
            <dst id="ATLAng">4820.33866666667</dst>
            <dst id="CHINng">19970.464</dst>
            <dst id="DNVRng">7930.22133333333</dst>
            <dst id="HSTNng">6177.30933333333</dst>
            <dst id="IPLSng">14083.0026666667</dst>
            <dst id="KSCYng">8432.85866666667</dst>
            <dst id="LOSAng">6876.36266666667</dst>
            <dst id="NYCMng">4279.69066666667</dst>
            <dst id="SNVAng">2598.26666666667</dst>
            <dst id="STTLng">7339.84266666667</dst>
            <dst id="WASHng">13090.2426666667</dst>
        </src>
        <src id="LOSAng">
            <dst id="ATLA-M5">242.901333333333</dst>
            <dst id="ATLAng">10768.9333333333</dst>
            <dst id="CHINng">6291773.86666667</dst>
            <dst id="DNVRng">31022.0053333333</dst>
            <dst id="HSTNng">4201.672</dst>
            <dst id="IPLSng">21025.5013333333</dst>
            <dst id="KSCYng">8189.83733333333</dst>
            <dst id="LOSAng">13189.2533333333</dst>
            <dst id="NYCMng">45757.8853333333</dst>
            <dst id="SNVAng">19988.808</dst>
            <dst id="STTLng">63365.9493333333</dst>
            <dst id="WASHng">56377.4026666667</dst>
        </src>
        <src id="NYCMng">
            <dst id="ATLA-M5">538.994666666667</dst>
            <dst id="ATLAng">18316.3226666667</dst>
            <dst id="CHINng">35068.5706666667</dst>
            <dst id="DNVRng">15393.256</dst>
            <dst id="HSTNng">15396.3306666667</dst>
            <dst id="IPLSng">16033.768</dst>
            <dst id="KSCYng">15927.072</dst>
            <dst id="LOSAng">64026.912</dst>
            <dst id="NYCMng">95125.072</dst>
            <dst id="SNVAng">1502.25333333333</dst>
            <dst id="STTLng">35037.7813333333</dst>
            <dst id="WASHng">57087.7306666667</dst>
        </src>
        <src id="SNVAng">
            <dst id="ATLA-M5">0</dst>
            <dst id="ATLAng">430.069333333333</dst>
            <dst id="CHINng">80</dst>
            <dst id="DNVRng">317.928</dst>
            <dst id="HSTNng">0</dst>
            <dst id="IPLSng">318.162666666667</dst>
            <dst id="KSCYng">26.6666666666667</dst>
            <dst id="LOSAng">7576.73333333333</dst>
            <dst id="NYCMng">28.4533333333333</dst>
            <dst id="SNVAng">8523.432</dst>
            <dst id="STTLng">17622.5093333333</dst>
            <dst id="WASHng">26.6666666666667</dst>
        </src>
        <src id="STTLng">
            <dst id="ATLA-M5">1044.6</dst>
            <dst id="ATLAng">17480.5386666667</dst>
            <dst id="CHINng">27342.9333333333</dst>
            <dst id="DNVRng">10033.4693333333</dst>
            <dst id="HSTNng">6199.37066666667</dst>
            <dst id="IPLSng">22457.1493333333</dst>
            <dst id="KSCYng">14932.2</dst>
            <dst id="LOSAng">40234.4906666667</dst>
            <dst id="NYCMng">11283.592</dst>
            <dst id="SNVAng">3675.82933333333</dst>
            <dst id="STTLng">26256.08</dst>
            <dst id="WASHng">14950.0186666667</dst>
        </src>
        <src id="WASHng">
            <dst id="ATLA-M5">2203.224</dst>
            <dst id="ATLAng">134310.706666667</dst>
            <dst id="CHINng">71412.928</dst>
            <dst id="DNVRng">60547.1786666667</dst>
            <dst id="HSTNng">33745.2586666667</dst>
            <dst id="IPLSng">44987.3306666667</dst>
            <dst id="KSCYng">27635.6053333333</dst>
            <dst id="LOSAng">87864.9973333333</dst>
            <dst id="NYCMng">159013.554666667</dst>
            <dst id="SNVAng">4051.43466666667</dst>
            <dst id="STTLng">45590.6586666667</dst>
            <dst id="WASHng">164423.304</dst>
        </src>
    </IntraTM>
</TrafficMatrixFile>
