<?xml version="1.0" encoding="ISO-8859-1" standalone="yes"?>
<TrafficMatrixFile xsi:noNamespaceSchemaLocation="http://totem.run.montefiore.ulg.ac.be/Schema/TrafficMatrix-v1_2.xsd" xmlns:xsi="http://www.w3.org/2001/XMLSchema-instance">
    <IntraTM ASID="11537">
        <src id="ATLA-M5">
            <dst id="ATLA-M5">0</dst>
            <dst id="ATLAng">160.136</dst>
            <dst id="CHINng">982.32</dst>
            <dst id="DNVRng">0</dst>
            <dst id="HSTNng">150.754666666667</dst>
            <dst id="IPLSng">402.277333333333</dst>
            <dst id="KSCYng">144.037333333333</dst>
            <dst id="LOSAng">80.0306666666667</dst>
            <dst id="NYCMng">1296.208</dst>
            <dst id="SNVAng">14.7053333333333</dst>
            <dst id="STTLng">380.002666666667</dst>
            <dst id="WASHng">1452.68533333333</dst>
        </src>
        <src id="ATLAng">
            <dst id="ATLA-M5">156.861333333333</dst>
            <dst id="ATLAng">53063.6213333333</dst>
            <dst id="CHINng">10296.48</dst>
            <dst id="DNVRng">11537.536</dst>
            <dst id="HSTNng">1312.056</dst>
            <dst id="IPLSng">16795.7493333333</dst>
            <dst id="KSCYng">4941.48533333333</dst>
            <dst id="LOSAng">14415.6133333333</dst>
            <dst id="NYCMng">5189.192</dst>
            <dst id="SNVAng">501.944</dst>
            <dst id="STTLng">8187.69866666667</dst>
            <dst id="WASHng">35425.688</dst>
        </src>
        <src id="CHINng">
            <dst id="ATLA-M5">242.986666666667</dst>
            <dst id="ATLAng">12758.936</dst>
            <dst id="CHINng">103705.762666667</dst>
            <dst id="DNVRng">8602.89333333333</dst>
            <dst id="HSTNng">4729.208</dst>
            <dst id="IPLSng">26096.192</dst>
            <dst id="KSCYng">10359.856</dst>
            <dst id="LOSAng">26492.5413333333</dst>
            <dst id="NYCMng">9706.408</dst>
            <dst id="SNVAng">2592.93866666667</dst>
            <dst id="STTLng">12963.376</dst>
            <dst id="WASHng">12893.7413333333</dst>
        </src>
        <src id="DNVRng">
            <dst id="ATLA-M5">154.88</dst>
            <dst id="ATLAng">6579.32</dst>
            <dst id="CHINng">36767.7093333333</dst>
            <dst id="DNVRng">7371.97066666667</dst>
            <dst id="HSTNng">9669.54133333333</dst>
            <dst id="IPLSng">8191.24266666667</dst>
            <dst id="KSCYng">9371.50666666666</dst>
            <dst id="LOSAng">4161.84</dst>
            <dst id="NYCMng">11271.232</dst>
            <dst id="SNVAng">4940.98933333333</dst>
            <dst id="STTLng">6884.75733333333</dst>
            <dst id="WASHng">23394.672</dst>
        </src>
        <src id="HSTNng">
            <dst id="ATLA-M5">2959.22133333333</dst>
            <dst id="ATLAng">2011.17066666667</dst>
            <dst id="CHINng">17423.048</dst>
            <dst id="DNVRng">1960.23466666667</dst>
            <dst id="HSTNng">13624.624</dst>
            <dst id="IPLSng">2772.20266666667</dst>
            <dst id="KSCYng">5997.66133333333</dst>
            <dst id="LOSAng">2045.816</dst>
            <dst id="NYCMng">4399.84533333333</dst>
            <dst id="SNVAng">0</dst>
            <dst id="STTLng">4733.47466666667</dst>
            <dst id="WASHng">6708.528</dst>
        </src>
        <src id="IPLSng">
            <dst id="ATLA-M5">145.464</dst>
            <dst id="ATLAng">5266.21866666667</dst>
            <dst id="CHINng">53452.7386666667</dst>
            <dst id="DNVRng">7473.81066666667</dst>
            <dst id="HSTNng">918.952</dst>
            <dst id="IPLSng">4148.34133333333</dst>
            <dst id="KSCYng">5904.552</dst>
            <dst id="LOSAng">14247.2533333333</dst>
            <dst id="NYCMng">4460.784</dst>
            <dst id="SNVAng">741.346666666667</dst>
            <dst id="STTLng">14973.984</dst>
            <dst id="WASHng">22548.024</dst>
        </src>
        <src id="KSCYng">
            <dst id="ATLA-M5">191.165333333333</dst>
            <dst id="ATLAng">5566.488</dst>
            <dst id="CHINng">25898.6426666667</dst>
            <dst id="DNVRng">8523.72</dst>
            <dst id="HSTNng">2371.57333333333</dst>
            <dst id="IPLSng">12593.9253333333</dst>
            <dst id="KSCYng">5716.28533333333</dst>
            <dst id="LOSAng">3563.53866666667</dst>
            <dst id="NYCMng">2203.89066666667</dst>
            <dst id="SNVAng">1753.90133333333</dst>
            <dst id="STTLng">11059.0346666667</dst>
            <dst id="WASHng">10377.8106666667</dst>
        </src>
        <src id="LOSAng">
            <dst id="ATLA-M5">26.6666666666667</dst>
            <dst id="ATLAng">8904.77333333333</dst>
            <dst id="CHINng">90597.808</dst>
            <dst id="DNVRng">6338.28266666667</dst>
            <dst id="HSTNng">1454.52</dst>
            <dst id="IPLSng">8699.02933333333</dst>
            <dst id="KSCYng">2215.16533333333</dst>
            <dst id="LOSAng">10862.8746666667</dst>
            <dst id="NYCMng">27069.6</dst>
            <dst id="SNVAng">25128.096</dst>
            <dst id="STTLng">49853.9093333333</dst>
            <dst id="WASHng">39687.5946666667</dst>
        </src>
        <src id="NYCMng">
            <dst id="ATLA-M5">99.872</dst>
            <dst id="ATLAng">20778.1946666667</dst>
            <dst id="CHINng">26878.0826666667</dst>
            <dst id="DNVRng">19218.2906666667</dst>
            <dst id="HSTNng">7857.97866666667</dst>
            <dst id="IPLSng">24379.5386666667</dst>
            <dst id="KSCYng">6376.66933333334</dst>
            <dst id="LOSAng">37465.9893333333</dst>
            <dst id="NYCMng">78843.9493333333</dst>
            <dst id="SNVAng">856.538666666667</dst>
            <dst id="STTLng">12589.2986666667</dst>
            <dst id="WASHng">40112.3066666667</dst>
        </src>
        <src id="SNVAng">
            <dst id="ATLA-M5">0</dst>
            <dst id="ATLAng">26.6666666666667</dst>
            <dst id="CHINng">26.6666666666667</dst>
            <dst id="DNVRng">2681.84266666667</dst>
            <dst id="HSTNng">56.4266666666667</dst>
            <dst id="IPLSng">321.610666666667</dst>
            <dst id="KSCYng">26.6666666666667</dst>
            <dst id="LOSAng">4351.66133333333</dst>
            <dst id="NYCMng">162.746666666667</dst>
            <dst id="SNVAng">6509.35466666667</dst>
            <dst id="STTLng">24318.0933333333</dst>
            <dst id="WASHng">80</dst>
        </src>
        <src id="STTLng">
            <dst id="ATLA-M5">1916.13333333333</dst>
            <dst id="ATLAng">14336.4693333333</dst>
            <dst id="CHINng">31344.2426666667</dst>
            <dst id="DNVRng">1657.96266666667</dst>
            <dst id="HSTNng">2722.37066666667</dst>
            <dst id="IPLSng">9478.15733333333</dst>
            <dst id="KSCYng">4123.35733333333</dst>
            <dst id="LOSAng">23126.5733333333</dst>
            <dst id="NYCMng">13943.9013333333</dst>
            <dst id="SNVAng">1631.86666666667</dst>
            <dst id="STTLng">13471.104</dst>
            <dst id="WASHng">18546.0746666667</dst>
        </src>
        <src id="WASHng">
            <dst id="ATLA-M5">317.322666666667</dst>
            <dst id="ATLAng">79144.6453333333</dst>
            <dst id="CHINng">56013.8026666667</dst>
            <dst id="DNVRng">41759.4986666667</dst>
            <dst id="HSTNng">28663.4613333333</dst>
            <dst id="IPLSng">35451.672</dst>
            <dst id="KSCYng">9498.72266666667</dst>
            <dst id="LOSAng">95646.568</dst>
            <dst id="NYCMng">132018.253333333</dst>
            <dst id="SNVAng">5497.66666666667</dst>
            <dst id="STTLng">29044.8266666667</dst>
            <dst id="WASHng">267388.16</dst>
        </src>
    </IntraTM>
</TrafficMatrixFile>
