<?xml version="1.0" encoding="ISO-8859-1" standalone="yes"?>
<TrafficMatrixFile xsi:noNamespaceSchemaLocation="http://totem.run.montefiore.ulg.ac.be/Schema/TrafficMatrix-v1_2.xsd" xmlns:xsi="http://www.w3.org/2001/XMLSchema-instance">
    <IntraTM ASID="11537">
        <src id="ATLA-M5">
            <dst id="ATLA-M5">39.6986666666667</dst>
            <dst id="ATLAng">1050.68</dst>
            <dst id="CHINng">687.192</dst>
            <dst id="DNVRng">347.664</dst>
            <dst id="HSTNng">467.584</dst>
            <dst id="IPLSng">1068.74933333333</dst>
            <dst id="KSCYng">1076.808</dst>
            <dst id="LOSAng">316.021333333333</dst>
            <dst id="NYCMng">1279.13066666667</dst>
            <dst id="SNVAng">40</dst>
            <dst id="STTLng">786.781333333333</dst>
            <dst id="WASHng">2219.10933333333</dst>
        </src>
        <src id="ATLAng">
            <dst id="ATLA-M5">439.693333333333</dst>
            <dst id="ATLAng">36611.7653333333</dst>
            <dst id="CHINng">17476.5306666667</dst>
            <dst id="DNVRng">7130.88</dst>
            <dst id="HSTNng">6570.74133333333</dst>
            <dst id="IPLSng">21406.232</dst>
            <dst id="KSCYng">5558.44</dst>
            <dst id="LOSAng">20697.708</dst>
            <dst id="NYCMng">18484.0346666667</dst>
            <dst id="SNVAng">799.038666666667</dst>
            <dst id="STTLng">13092.0533333333</dst>
            <dst id="WASHng">44748.7973333333</dst>
        </src>
        <src id="CHINng">
            <dst id="ATLA-M5">1173.70666666667</dst>
            <dst id="ATLAng">33527.5706666667</dst>
            <dst id="CHINng">109416.850666667</dst>
            <dst id="DNVRng">20077.8346666667</dst>
            <dst id="HSTNng">12283.552</dst>
            <dst id="IPLSng">61118.8426666667</dst>
            <dst id="KSCYng">19691.0346666667</dst>
            <dst id="LOSAng">39492.8613333333</dst>
            <dst id="NYCMng">15657.848</dst>
            <dst id="SNVAng">4886.60266666667</dst>
            <dst id="STTLng">24053.1146666667</dst>
            <dst id="WASHng">37954.1386666667</dst>
        </src>
        <src id="DNVRng">
            <dst id="ATLA-M5">284.925333333333</dst>
            <dst id="ATLAng">8518.224</dst>
            <dst id="CHINng">29530.136</dst>
            <dst id="DNVRng">4871.50133333333</dst>
            <dst id="HSTNng">14791.8533333333</dst>
            <dst id="IPLSng">19575.9013333333</dst>
            <dst id="KSCYng">21579.768</dst>
            <dst id="LOSAng">5196.048</dst>
            <dst id="NYCMng">9847.62666666667</dst>
            <dst id="SNVAng">10786.456</dst>
            <dst id="STTLng">70525.9333333333</dst>
            <dst id="WASHng">20423.3013333333</dst>
        </src>
        <src id="HSTNng">
            <dst id="ATLA-M5">3197.78133333333</dst>
            <dst id="ATLAng">4151.93066666667</dst>
            <dst id="CHINng">9470.56266666667</dst>
            <dst id="DNVRng">2623.928</dst>
            <dst id="HSTNng">15303.816</dst>
            <dst id="IPLSng">3471.552</dst>
            <dst id="KSCYng">4949.85066666667</dst>
            <dst id="LOSAng">9252.65066666667</dst>
            <dst id="NYCMng">3022.49333333333</dst>
            <dst id="SNVAng">222.341333333333</dst>
            <dst id="STTLng">7563.072</dst>
            <dst id="WASHng">24946.024</dst>
        </src>
        <src id="IPLSng">
            <dst id="ATLA-M5">1009.61866666667</dst>
            <dst id="ATLAng">11888.7546666667</dst>
            <dst id="CHINng">67735.4613333333</dst>
            <dst id="DNVRng">8594.22133333333</dst>
            <dst id="HSTNng">3439.68266666667</dst>
            <dst id="IPLSng">14161.056</dst>
            <dst id="KSCYng">39915.4613333333</dst>
            <dst id="LOSAng">37163.1813333333</dst>
            <dst id="NYCMng">9646.80533333334</dst>
            <dst id="SNVAng">4667.08533333333</dst>
            <dst id="STTLng">30915.424</dst>
            <dst id="WASHng">21211.784</dst>
        </src>
        <src id="KSCYng">
            <dst id="ATLA-M5">281.698666666667</dst>
            <dst id="ATLAng">8470.664</dst>
            <dst id="CHINng">20478.928</dst>
            <dst id="DNVRng">8600.97866666667</dst>
            <dst id="HSTNng">5859.80266666667</dst>
            <dst id="IPLSng">19432.5653333333</dst>
            <dst id="KSCYng">7455.296</dst>
            <dst id="LOSAng">8888.032</dst>
            <dst id="NYCMng">10700.0586666667</dst>
            <dst id="SNVAng">2703.632</dst>
            <dst id="STTLng">10360.1253333333</dst>
            <dst id="WASHng">13702.6613333333</dst>
        </src>
        <src id="LOSAng">
            <dst id="ATLA-M5">243.458666666667</dst>
            <dst id="ATLAng">13152.0133333333</dst>
            <dst id="CHINng">99965.208</dst>
            <dst id="DNVRng">21077.28</dst>
            <dst id="HSTNng">17727.648</dst>
            <dst id="IPLSng">44062.6346666667</dst>
            <dst id="KSCYng">12574.4133333333</dst>
            <dst id="LOSAng">13307.1066666667</dst>
            <dst id="NYCMng">38884.8826666667</dst>
            <dst id="SNVAng">21883.3386666667</dst>
            <dst id="STTLng">71906.624</dst>
            <dst id="WASHng">108891.648</dst>
        </src>
        <src id="NYCMng">
            <dst id="ATLA-M5">1316.34133333333</dst>
            <dst id="ATLAng">32083.4533333333</dst>
            <dst id="CHINng">29763.6853333333</dst>
            <dst id="DNVRng">24938.4426666667</dst>
            <dst id="HSTNng">9979.14933333333</dst>
            <dst id="IPLSng">32321.3653333333</dst>
            <dst id="KSCYng">14746.9893333333</dst>
            <dst id="LOSAng">69986.16</dst>
            <dst id="NYCMng">84175.152</dst>
            <dst id="SNVAng">4205.08</dst>
            <dst id="STTLng">32402.528</dst>
            <dst id="WASHng">134142.978666667</dst>
        </src>
        <src id="SNVAng">
            <dst id="ATLA-M5">0</dst>
            <dst id="ATLAng">1027.176</dst>
            <dst id="CHINng">90.112</dst>
            <dst id="DNVRng">1802.44266666667</dst>
            <dst id="HSTNng">0</dst>
            <dst id="IPLSng">468.098666666667</dst>
            <dst id="KSCYng">0</dst>
            <dst id="LOSAng">8806.69333333333</dst>
            <dst id="NYCMng">47.8746666666667</dst>
            <dst id="SNVAng">8468.952</dst>
            <dst id="STTLng">17836.2506666667</dst>
            <dst id="WASHng">80</dst>
        </src>
        <src id="STTLng">
            <dst id="ATLA-M5">595.045333333333</dst>
            <dst id="ATLAng">25178.9253333333</dst>
            <dst id="CHINng">54072.2586666667</dst>
            <dst id="DNVRng">31216.3813333333</dst>
            <dst id="HSTNng">22883.7946666667</dst>
            <dst id="IPLSng">44581.432</dst>
            <dst id="KSCYng">22430.64</dst>
            <dst id="LOSAng">53133.8</dst>
            <dst id="NYCMng">23194.5413333333</dst>
            <dst id="SNVAng">9479.376</dst>
            <dst id="STTLng">35904.4133333333</dst>
            <dst id="WASHng">36309.8426666667</dst>
        </src>
        <src id="WASHng">
            <dst id="ATLA-M5">2496.312</dst>
            <dst id="ATLAng">59185.2053333333</dst>
            <dst id="CHINng">90168.952</dst>
            <dst id="DNVRng">51506.6026666667</dst>
            <dst id="HSTNng">23758.6933333333</dst>
            <dst id="IPLSng">71512.6213333333</dst>
            <dst id="KSCYng">22313.7306666667</dst>
            <dst id="LOSAng">77267.9333333333</dst>
            <dst id="NYCMng">193744.28</dst>
            <dst id="SNVAng">14147.624</dst>
            <dst id="STTLng">52795.416</dst>
            <dst id="WASHng">236861.44</dst>
        </src>
    </IntraTM>
</TrafficMatrixFile>
