<?xml version="1.0" encoding="ISO-8859-1" standalone="yes"?>
<TrafficMatrixFile xsi:noNamespaceSchemaLocation="http://totem.run.montefiore.ulg.ac.be/Schema/TrafficMatrix-v1_2.xsd" xmlns:xsi="http://www.w3.org/2001/XMLSchema-instance">
    <IntraTM ASID="11537">
        <src id="ATLA-M5">
            <dst id="ATLA-M5">457.538666666667</dst>
            <dst id="ATLAng">926.576</dst>
            <dst id="CHINng">641.656</dst>
            <dst id="DNVRng">471.608</dst>
            <dst id="HSTNng">211.877333333333</dst>
            <dst id="IPLSng">1348.728</dst>
            <dst id="KSCYng">273.877333333333</dst>
            <dst id="LOSAng">112.208</dst>
            <dst id="NYCMng">1327.76533333333</dst>
            <dst id="SNVAng">66.9066666666667</dst>
            <dst id="STTLng">613.936</dst>
            <dst id="WASHng">1435.36266666667</dst>
        </src>
        <src id="ATLAng">
            <dst id="ATLA-M5">1753.29066666667</dst>
            <dst id="ATLAng">51340.3333333333</dst>
            <dst id="CHINng">33554.4826666667</dst>
            <dst id="DNVRng">8258.41066666667</dst>
            <dst id="HSTNng">6970.32</dst>
            <dst id="IPLSng">49931.2933333333</dst>
            <dst id="KSCYng">6631.77866666667</dst>
            <dst id="LOSAng">27802.1653333333</dst>
            <dst id="NYCMng">15202.8266666667</dst>
            <dst id="SNVAng">649.082666666667</dst>
            <dst id="STTLng">16067.96</dst>
            <dst id="WASHng">48181.6346666667</dst>
        </src>
        <src id="CHINng">
            <dst id="ATLA-M5">1639.408</dst>
            <dst id="ATLAng">36734.6186666667</dst>
            <dst id="CHINng">74462.4346666667</dst>
            <dst id="DNVRng">26659.5093333333</dst>
            <dst id="HSTNng">19653.1253333333</dst>
            <dst id="IPLSng">64943.7306666667</dst>
            <dst id="KSCYng">19085.92</dst>
            <dst id="LOSAng">92436.8506666667</dst>
            <dst id="NYCMng">12891.92</dst>
            <dst id="SNVAng">5053.14666666667</dst>
            <dst id="STTLng">21388.3626666667</dst>
            <dst id="WASHng">54203.2293333333</dst>
        </src>
        <src id="DNVRng">
            <dst id="ATLA-M5">269.346666666667</dst>
            <dst id="ATLAng">7957.34666666667</dst>
            <dst id="CHINng">39055.5066666667</dst>
            <dst id="DNVRng">17526.8853333333</dst>
            <dst id="HSTNng">16734.664</dst>
            <dst id="IPLSng">10210.8853333333</dst>
            <dst id="KSCYng">23510.1093333333</dst>
            <dst id="LOSAng">13946.928</dst>
            <dst id="NYCMng">18782.3706666667</dst>
            <dst id="SNVAng">16908.52</dst>
            <dst id="STTLng">27703.4906666667</dst>
            <dst id="WASHng">33551.3466666667</dst>
        </src>
        <src id="HSTNng">
            <dst id="ATLA-M5">892.442666666667</dst>
            <dst id="ATLAng">3385.26933333333</dst>
            <dst id="CHINng">10433.376</dst>
            <dst id="DNVRng">1282.34133333333</dst>
            <dst id="HSTNng">15347.4613333333</dst>
            <dst id="IPLSng">8596.05333333333</dst>
            <dst id="KSCYng">10109.9653333333</dst>
            <dst id="LOSAng">94362.7893333333</dst>
            <dst id="NYCMng">2435.072</dst>
            <dst id="SNVAng">306.762666666667</dst>
            <dst id="STTLng">5413.38933333333</dst>
            <dst id="WASHng">15788.4453333333</dst>
        </src>
        <src id="IPLSng">
            <dst id="ATLA-M5">593.922666666667</dst>
            <dst id="ATLAng">15621.7066666667</dst>
            <dst id="CHINng">57137.2373333333</dst>
            <dst id="DNVRng">15710.168</dst>
            <dst id="HSTNng">3790.072</dst>
            <dst id="IPLSng">15730.7466666667</dst>
            <dst id="KSCYng">13062.6693333333</dst>
            <dst id="LOSAng">15987.9413333333</dst>
            <dst id="NYCMng">10174.9653333333</dst>
            <dst id="SNVAng">2718.12</dst>
            <dst id="STTLng">37251.5706666667</dst>
            <dst id="WASHng">26967.176</dst>
        </src>
        <src id="KSCYng">
            <dst id="ATLA-M5">313.626666666667</dst>
            <dst id="ATLAng">13434.0373333333</dst>
            <dst id="CHINng">27728.7653333333</dst>
            <dst id="DNVRng">7482.94933333334</dst>
            <dst id="HSTNng">5075.45333333333</dst>
            <dst id="IPLSng">21264.7893333333</dst>
            <dst id="KSCYng">10590.08</dst>
            <dst id="LOSAng">4473.56533333333</dst>
            <dst id="NYCMng">6859.90666666667</dst>
            <dst id="SNVAng">2912.92533333333</dst>
            <dst id="STTLng">14718.04</dst>
            <dst id="WASHng">15840.4906666667</dst>
        </src>
        <src id="LOSAng">
            <dst id="ATLA-M5">649.056</dst>
            <dst id="ATLAng">17694.3946666667</dst>
            <dst id="CHINng">6287382.4</dst>
            <dst id="DNVRng">20591.3653333333</dst>
            <dst id="HSTNng">7452.96533333333</dst>
            <dst id="IPLSng">41133.8213333333</dst>
            <dst id="KSCYng">7811.43733333333</dst>
            <dst id="LOSAng">15576.7626666667</dst>
            <dst id="NYCMng">48993.5066666667</dst>
            <dst id="SNVAng">21889.912</dst>
            <dst id="STTLng">66207.528</dst>
            <dst id="WASHng">57373.968</dst>
        </src>
        <src id="NYCMng">
            <dst id="ATLA-M5">4592.87733333333</dst>
            <dst id="ATLAng">33632.2</dst>
            <dst id="CHINng">28106.7013333333</dst>
            <dst id="DNVRng">21180.8213333333</dst>
            <dst id="HSTNng">11430.648</dst>
            <dst id="IPLSng">38897</dst>
            <dst id="KSCYng">14316.808</dst>
            <dst id="LOSAng">76535.1573333333</dst>
            <dst id="NYCMng">93753.9173333333</dst>
            <dst id="SNVAng">3611.896</dst>
            <dst id="STTLng">30502.9146666667</dst>
            <dst id="WASHng">139420.394666667</dst>
        </src>
        <src id="SNVAng">
            <dst id="ATLA-M5">0</dst>
            <dst id="ATLAng">26.6666666666667</dst>
            <dst id="CHINng">57.0053333333333</dst>
            <dst id="DNVRng">6026.69866666667</dst>
            <dst id="HSTNng">0</dst>
            <dst id="IPLSng">489.16</dst>
            <dst id="KSCYng">0</dst>
            <dst id="LOSAng">11428.832</dst>
            <dst id="NYCMng">57.3226666666667</dst>
            <dst id="SNVAng">10220.9786666667</dst>
            <dst id="STTLng">24431.1573333333</dst>
            <dst id="WASHng">53.3333333333333</dst>
        </src>
        <src id="STTLng">
            <dst id="ATLA-M5">1884.99466666667</dst>
            <dst id="ATLAng">28118.1413333333</dst>
            <dst id="CHINng">59814.216</dst>
            <dst id="DNVRng">17342.3173333333</dst>
            <dst id="HSTNng">8931.59733333333</dst>
            <dst id="IPLSng">52251.3466666667</dst>
            <dst id="KSCYng">25069.3226666667</dst>
            <dst id="LOSAng">46598.544</dst>
            <dst id="NYCMng">11608.952</dst>
            <dst id="SNVAng">4636.03733333333</dst>
            <dst id="STTLng">33391.5653333333</dst>
            <dst id="WASHng">47828.7173333333</dst>
        </src>
        <src id="WASHng">
            <dst id="ATLA-M5">4528.816</dst>
            <dst id="ATLAng">97064.9226666667</dst>
            <dst id="CHINng">74779.5093333333</dst>
            <dst id="DNVRng">62750.68</dst>
            <dst id="HSTNng">31421.0106666667</dst>
            <dst id="IPLSng">56636.736</dst>
            <dst id="KSCYng">22494.0106666667</dst>
            <dst id="LOSAng">115832.92</dst>
            <dst id="NYCMng">180409.442666667</dst>
            <dst id="SNVAng">4498.272</dst>
            <dst id="STTLng">55976.944</dst>
            <dst id="WASHng">293482.64</dst>
        </src>
    </IntraTM>
</TrafficMatrixFile>
