<?xml version="1.0" encoding="ISO-8859-1" standalone="yes"?>
<TrafficMatrixFile xsi:noNamespaceSchemaLocation="http://totem.run.montefiore.ulg.ac.be/Schema/TrafficMatrix-v1_2.xsd" xmlns:xsi="http://www.w3.org/2001/XMLSchema-instance">
    <IntraTM ASID="11537">
        <src id="ATLA-M5">
            <dst id="ATLA-M5">186.728</dst>
            <dst id="ATLAng">767.216</dst>
            <dst id="CHINng">1200.37066666667</dst>
            <dst id="DNVRng">211.498666666667</dst>
            <dst id="HSTNng">211.424</dst>
            <dst id="IPLSng">416.082666666667</dst>
            <dst id="KSCYng">600.410666666667</dst>
            <dst id="LOSAng">271.222666666667</dst>
            <dst id="NYCMng">256.509333333333</dst>
            <dst id="SNVAng">35.988</dst>
            <dst id="STTLng">1425.776</dst>
            <dst id="WASHng">5055.87733333333</dst>
        </src>
        <src id="ATLAng">
            <dst id="ATLA-M5">577.816</dst>
            <dst id="ATLAng">46917.9546666667</dst>
            <dst id="CHINng">27798.352</dst>
            <dst id="DNVRng">4697.904</dst>
            <dst id="HSTNng">18199.8293333333</dst>
            <dst id="IPLSng">20504.8826666667</dst>
            <dst id="KSCYng">6711.50933333333</dst>
            <dst id="LOSAng">15432.3866666667</dst>
            <dst id="NYCMng">19440.112</dst>
            <dst id="SNVAng">983.994666666667</dst>
            <dst id="STTLng">21658.248</dst>
            <dst id="WASHng">72662.1573333333</dst>
        </src>
        <src id="CHINng">
            <dst id="ATLA-M5">1033.81866666667</dst>
            <dst id="ATLAng">25858.2506666667</dst>
            <dst id="CHINng">117552.621333333</dst>
            <dst id="DNVRng">14327.856</dst>
            <dst id="HSTNng">30393.32</dst>
            <dst id="IPLSng">90529.6053333333</dst>
            <dst id="KSCYng">15740.4933333333</dst>
            <dst id="LOSAng">40689.5786666667</dst>
            <dst id="NYCMng">36330.1733333333</dst>
            <dst id="SNVAng">7239.45866666666</dst>
            <dst id="STTLng">41861.1066666667</dst>
            <dst id="WASHng">35170.76</dst>
        </src>
        <src id="DNVRng">
            <dst id="ATLA-M5">2518.02133333333</dst>
            <dst id="ATLAng">12334.4533333333</dst>
            <dst id="CHINng">103858.690666667</dst>
            <dst id="DNVRng">16316.728</dst>
            <dst id="HSTNng">23424.5893333333</dst>
            <dst id="IPLSng">29849.92</dst>
            <dst id="KSCYng">28338.9706666667</dst>
            <dst id="LOSAng">17648.16</dst>
            <dst id="NYCMng">8777.464</dst>
            <dst id="SNVAng">20392.448</dst>
            <dst id="STTLng">39887.8053333333</dst>
            <dst id="WASHng">25549.8933333333</dst>
        </src>
        <src id="HSTNng">
            <dst id="ATLA-M5">512.064</dst>
            <dst id="ATLAng">13167.5413333333</dst>
            <dst id="CHINng">15719.2693333333</dst>
            <dst id="DNVRng">3414.39733333333</dst>
            <dst id="HSTNng">20162.256</dst>
            <dst id="IPLSng">5180.056</dst>
            <dst id="KSCYng">9709.15733333333</dst>
            <dst id="LOSAng">3412.424</dst>
            <dst id="NYCMng">4268.52</dst>
            <dst id="SNVAng">388.949333333333</dst>
            <dst id="STTLng">14254.944</dst>
            <dst id="WASHng">10312.8373333333</dst>
        </src>
        <src id="IPLSng">
            <dst id="ATLA-M5">719.082666666667</dst>
            <dst id="ATLAng">15683.5893333333</dst>
            <dst id="CHINng">86336.3626666667</dst>
            <dst id="DNVRng">10632.152</dst>
            <dst id="HSTNng">16018.2773333333</dst>
            <dst id="IPLSng">28748.8373333333</dst>
            <dst id="KSCYng">14586.2613333333</dst>
            <dst id="LOSAng">23971.488</dst>
            <dst id="NYCMng">20261.6053333333</dst>
            <dst id="SNVAng">4465.152</dst>
            <dst id="STTLng">30347.1653333333</dst>
            <dst id="WASHng">39806.4293333333</dst>
        </src>
        <src id="KSCYng">
            <dst id="ATLA-M5">615.293333333333</dst>
            <dst id="ATLAng">7213.384</dst>
            <dst id="CHINng">36241.3973333333</dst>
            <dst id="DNVRng">10559.7706666667</dst>
            <dst id="HSTNng">4598.89333333333</dst>
            <dst id="IPLSng">24878.0293333333</dst>
            <dst id="KSCYng">15475.64</dst>
            <dst id="LOSAng">4217.98933333333</dst>
            <dst id="NYCMng">8397.34933333333</dst>
            <dst id="SNVAng">3154.77066666667</dst>
            <dst id="STTLng">16406.6666666667</dst>
            <dst id="WASHng">16817.488</dst>
        </src>
        <src id="LOSAng">
            <dst id="ATLA-M5">307.32</dst>
            <dst id="ATLAng">19082.9013333333</dst>
            <dst id="CHINng">124427.328</dst>
            <dst id="DNVRng">15165.1973333333</dst>
            <dst id="HSTNng">14136.0106666667</dst>
            <dst id="IPLSng">32426.5786666667</dst>
            <dst id="KSCYng">19680.304</dst>
            <dst id="LOSAng">14751.624</dst>
            <dst id="NYCMng">39213.2666666667</dst>
            <dst id="SNVAng">19521.2213333333</dst>
            <dst id="STTLng">72294.8693333333</dst>
            <dst id="WASHng">61742.0213333334</dst>
        </src>
        <src id="NYCMng">
            <dst id="ATLA-M5">1662.87466666667</dst>
            <dst id="ATLAng">61953.8373333333</dst>
            <dst id="CHINng">41419.44</dst>
            <dst id="DNVRng">16851.4533333333</dst>
            <dst id="HSTNng">25067.6933333333</dst>
            <dst id="IPLSng">54593.136</dst>
            <dst id="KSCYng">19046.8</dst>
            <dst id="LOSAng">59694.4053333333</dst>
            <dst id="NYCMng">135808.125333333</dst>
            <dst id="SNVAng">8419.91733333333</dst>
            <dst id="STTLng">26310.2373333333</dst>
            <dst id="WASHng">117361.92</dst>
        </src>
        <src id="SNVAng">
            <dst id="ATLA-M5">0</dst>
            <dst id="ATLAng">53.3333333333333</dst>
            <dst id="CHINng">53.3333333333333</dst>
            <dst id="DNVRng">53798.9706666667</dst>
            <dst id="HSTNng">26.6666666666667</dst>
            <dst id="IPLSng">741.197333333333</dst>
            <dst id="KSCYng">435.218666666667</dst>
            <dst id="LOSAng">11630.9653333333</dst>
            <dst id="NYCMng">61.632</dst>
            <dst id="SNVAng">10997.592</dst>
            <dst id="STTLng">19854.792</dst>
            <dst id="WASHng">236.765333333333</dst>
        </src>
        <src id="STTLng">
            <dst id="ATLA-M5">5354.41866666667</dst>
            <dst id="ATLAng">75199.856</dst>
            <dst id="CHINng">127922.053333333</dst>
            <dst id="DNVRng">43934.3573333333</dst>
            <dst id="HSTNng">48083.4506666667</dst>
            <dst id="IPLSng">105272.104</dst>
            <dst id="KSCYng">68855.576</dst>
            <dst id="LOSAng">20593.6586666667</dst>
            <dst id="NYCMng">32055.0986666667</dst>
            <dst id="SNVAng">8543.97866666667</dst>
            <dst id="STTLng">34625.9626666667</dst>
            <dst id="WASHng">118829.554666667</dst>
        </src>
        <src id="WASHng">
            <dst id="ATLA-M5">7526.94933333334</dst>
            <dst id="ATLAng">151847.285333333</dst>
            <dst id="CHINng">132153.442666667</dst>
            <dst id="DNVRng">86611.6506666667</dst>
            <dst id="HSTNng">38380.3626666667</dst>
            <dst id="IPLSng">87593.5466666667</dst>
            <dst id="KSCYng">22638.1546666667</dst>
            <dst id="LOSAng">71117.7786666667</dst>
            <dst id="NYCMng">232768.645333333</dst>
            <dst id="SNVAng">4110.736</dst>
            <dst id="STTLng">56722.816</dst>
            <dst id="WASHng">306339.333333333</dst>
        </src>
    </IntraTM>
</TrafficMatrixFile>
