<?xml version="1.0" encoding="ISO-8859-1" standalone="yes"?>
<TrafficMatrixFile xsi:noNamespaceSchemaLocation="http://totem.run.montefiore.ulg.ac.be/Schema/TrafficMatrix-v1_2.xsd" xmlns:xsi="http://www.w3.org/2001/XMLSchema-instance">
    <IntraTM ASID="11537">
        <src id="ATLA-M5">
            <dst id="ATLA-M5">26.6666666666667</dst>
            <dst id="ATLAng">492.296</dst>
            <dst id="CHINng">824.154666666667</dst>
            <dst id="DNVRng">389.352</dst>
            <dst id="HSTNng">401.429333333333</dst>
            <dst id="IPLSng">1258.96</dst>
            <dst id="KSCYng">389.293333333333</dst>
            <dst id="LOSAng">454.026666666667</dst>
            <dst id="NYCMng">1481.21866666667</dst>
            <dst id="SNVAng">38.3306666666667</dst>
            <dst id="STTLng">747.64</dst>
            <dst id="WASHng">765.522666666667</dst>
        </src>
        <src id="ATLAng">
            <dst id="ATLA-M5">472.453333333333</dst>
            <dst id="ATLAng">43403.464</dst>
            <dst id="CHINng">19614.7973333333</dst>
            <dst id="DNVRng">4599.65333333333</dst>
            <dst id="HSTNng">5458.07466666667</dst>
            <dst id="IPLSng">21753.624</dst>
            <dst id="KSCYng">7273.50933333333</dst>
            <dst id="LOSAng">16077.2</dst>
            <dst id="NYCMng">11011.744</dst>
            <dst id="SNVAng">724.554666666667</dst>
            <dst id="STTLng">13556.7466666667</dst>
            <dst id="WASHng">39994.4053333333</dst>
        </src>
        <src id="CHINng">
            <dst id="ATLA-M5">1223.328</dst>
            <dst id="ATLAng">20781.5946666667</dst>
            <dst id="CHINng">60387.944</dst>
            <dst id="DNVRng">14215.0373333333</dst>
            <dst id="HSTNng">13530.36</dst>
            <dst id="IPLSng">76532.136</dst>
            <dst id="KSCYng">18739.4666666667</dst>
            <dst id="LOSAng">38549.0586666667</dst>
            <dst id="NYCMng">11907.1893333333</dst>
            <dst id="SNVAng">3911.944</dst>
            <dst id="STTLng">27369.4266666667</dst>
            <dst id="WASHng">26973.2853333333</dst>
        </src>
        <src id="DNVRng">
            <dst id="ATLA-M5">298.818666666667</dst>
            <dst id="ATLAng">4987.46133333333</dst>
            <dst id="CHINng">30955.6</dst>
            <dst id="DNVRng">18137.84</dst>
            <dst id="HSTNng">9788.70666666667</dst>
            <dst id="IPLSng">8508.152</dst>
            <dst id="KSCYng">22715.5813333333</dst>
            <dst id="LOSAng">15037.0826666667</dst>
            <dst id="NYCMng">7053.95466666667</dst>
            <dst id="SNVAng">12355.512</dst>
            <dst id="STTLng">25702.616</dst>
            <dst id="WASHng">31744.3626666667</dst>
        </src>
        <src id="HSTNng">
            <dst id="ATLA-M5">3627.57333333333</dst>
            <dst id="ATLAng">4280.752</dst>
            <dst id="CHINng">16883.448</dst>
            <dst id="DNVRng">2123.65066666667</dst>
            <dst id="HSTNng">11929.4266666667</dst>
            <dst id="IPLSng">5672.64533333333</dst>
            <dst id="KSCYng">10817.2213333333</dst>
            <dst id="LOSAng">3317.80533333333</dst>
            <dst id="NYCMng">1881.55733333333</dst>
            <dst id="SNVAng">266.592</dst>
            <dst id="STTLng">8697.96</dst>
            <dst id="WASHng">5826.85066666667</dst>
        </src>
        <src id="IPLSng">
            <dst id="ATLA-M5">590.389333333333</dst>
            <dst id="ATLAng">10932.8506666667</dst>
            <dst id="CHINng">53591.6373333333</dst>
            <dst id="DNVRng">6569.20533333334</dst>
            <dst id="HSTNng">6475.768</dst>
            <dst id="IPLSng">30662.8453333333</dst>
            <dst id="KSCYng">9631.6</dst>
            <dst id="LOSAng">23762.704</dst>
            <dst id="NYCMng">13079.2613333333</dst>
            <dst id="SNVAng">1229.58133333333</dst>
            <dst id="STTLng">40018.68</dst>
            <dst id="WASHng">22097.6986666667</dst>
        </src>
        <src id="KSCYng">
            <dst id="ATLA-M5">233.272</dst>
            <dst id="ATLAng">5606.568</dst>
            <dst id="CHINng">19150.352</dst>
            <dst id="DNVRng">8989.86666666667</dst>
            <dst id="HSTNng">6173.22133333333</dst>
            <dst id="IPLSng">15111.2026666667</dst>
            <dst id="KSCYng">11421.6693333333</dst>
            <dst id="LOSAng">6770.90666666667</dst>
            <dst id="NYCMng">7007.93066666667</dst>
            <dst id="SNVAng">3641.232</dst>
            <dst id="STTLng">9024.53066666667</dst>
            <dst id="WASHng">14142.1013333333</dst>
        </src>
        <src id="LOSAng">
            <dst id="ATLA-M5">157.213333333333</dst>
            <dst id="ATLAng">12146.688</dst>
            <dst id="CHINng">6348855.73333333</dst>
            <dst id="DNVRng">15161.4106666667</dst>
            <dst id="HSTNng">4749.168</dst>
            <dst id="IPLSng">19122.52</dst>
            <dst id="KSCYng">12842.3573333333</dst>
            <dst id="LOSAng">19779.7626666667</dst>
            <dst id="NYCMng">48310.5626666667</dst>
            <dst id="SNVAng">19188.0586666667</dst>
            <dst id="STTLng">56966.7626666667</dst>
            <dst id="WASHng">52733.432</dst>
        </src>
        <src id="NYCMng">
            <dst id="ATLA-M5">1386.48</dst>
            <dst id="ATLAng">29827.0133333333</dst>
            <dst id="CHINng">33399.984</dst>
            <dst id="DNVRng">20192.9493333333</dst>
            <dst id="HSTNng">21254.4213333333</dst>
            <dst id="IPLSng">20161.984</dst>
            <dst id="KSCYng">16127.0506666667</dst>
            <dst id="LOSAng">58904.5253333333</dst>
            <dst id="NYCMng">107141.752</dst>
            <dst id="SNVAng">2887.89066666667</dst>
            <dst id="STTLng">38899.408</dst>
            <dst id="WASHng">94609.272</dst>
        </src>
        <src id="SNVAng">
            <dst id="ATLA-M5">0</dst>
            <dst id="ATLAng">345.344</dst>
            <dst id="CHINng">26.6666666666667</dst>
            <dst id="DNVRng">7851.48</dst>
            <dst id="HSTNng">53.3333333333333</dst>
            <dst id="IPLSng">422.850666666667</dst>
            <dst id="KSCYng">28.128</dst>
            <dst id="LOSAng">9447.41066666667</dst>
            <dst id="NYCMng">347.56</dst>
            <dst id="SNVAng">7707.71466666667</dst>
            <dst id="STTLng">18734.056</dst>
            <dst id="WASHng">80</dst>
        </src>
        <src id="STTLng">
            <dst id="ATLA-M5">2716.944</dst>
            <dst id="ATLAng">26815.6906666667</dst>
            <dst id="CHINng">34378.0506666667</dst>
            <dst id="DNVRng">11544.896</dst>
            <dst id="HSTNng">6826.26933333333</dst>
            <dst id="IPLSng">24068.4373333333</dst>
            <dst id="KSCYng">19613.7813333333</dst>
            <dst id="LOSAng">42536.9253333333</dst>
            <dst id="NYCMng">15657.544</dst>
            <dst id="SNVAng">3864.49866666667</dst>
            <dst id="STTLng">24288.704</dst>
            <dst id="WASHng">26930.0986666667</dst>
        </src>
        <src id="WASHng">
            <dst id="ATLA-M5">8668.48266666667</dst>
            <dst id="ATLAng">110604.021333333</dst>
            <dst id="CHINng">81091.4186666667</dst>
            <dst id="DNVRng">59990.832</dst>
            <dst id="HSTNng">53577.9813333333</dst>
            <dst id="IPLSng">50399.52</dst>
            <dst id="KSCYng">22598.2186666667</dst>
            <dst id="LOSAng">92332.9546666667</dst>
            <dst id="NYCMng">205762.245333333</dst>
            <dst id="SNVAng">2041.784</dst>
            <dst id="STTLng">56399.008</dst>
            <dst id="WASHng">268871.12</dst>
        </src>
    </IntraTM>
</TrafficMatrixFile>
