<?xml version="1.0" encoding="ISO-8859-1" standalone="yes"?>
<TrafficMatrixFile xsi:noNamespaceSchemaLocation="http://totem.run.montefiore.ulg.ac.be/Schema/TrafficMatrix-v1_2.xsd" xmlns:xsi="http://www.w3.org/2001/XMLSchema-instance">
    <IntraTM ASID="11537">
        <src id="ATLA-M5">
            <dst id="ATLA-M5">0</dst>
            <dst id="ATLAng">1085.78666666667</dst>
            <dst id="CHINng">2875.06133333333</dst>
            <dst id="DNVRng">83.248</dst>
            <dst id="HSTNng">453.226666666667</dst>
            <dst id="IPLSng">760.176</dst>
            <dst id="KSCYng">375.429333333333</dst>
            <dst id="LOSAng">215.965333333333</dst>
            <dst id="NYCMng">1314.14133333333</dst>
            <dst id="SNVAng">54.4133333333333</dst>
            <dst id="STTLng">701.317333333333</dst>
            <dst id="WASHng">2262.25066666667</dst>
        </src>
        <src id="ATLAng">
            <dst id="ATLA-M5">1185.664</dst>
            <dst id="ATLAng">77721.632</dst>
            <dst id="CHINng">30793.784</dst>
            <dst id="DNVRng">6527.688</dst>
            <dst id="HSTNng">8770.096</dst>
            <dst id="IPLSng">25639.856</dst>
            <dst id="KSCYng">7493.87466666667</dst>
            <dst id="LOSAng">20057.4213333333</dst>
            <dst id="NYCMng">13982.312</dst>
            <dst id="SNVAng">2041.304</dst>
            <dst id="STTLng">12230.4266666667</dst>
            <dst id="WASHng">27631.9066666667</dst>
        </src>
        <src id="CHINng">
            <dst id="ATLA-M5">1555.94133333333</dst>
            <dst id="ATLAng">167278.005333333</dst>
            <dst id="CHINng">112928.106666667</dst>
            <dst id="DNVRng">21733.9013333333</dst>
            <dst id="HSTNng">12090.7733333333</dst>
            <dst id="IPLSng">59607.7866666667</dst>
            <dst id="KSCYng">17490.76</dst>
            <dst id="LOSAng">41743.56</dst>
            <dst id="NYCMng">40582.7226666667</dst>
            <dst id="SNVAng">4202.97066666667</dst>
            <dst id="STTLng">27089.7653333333</dst>
            <dst id="WASHng">39649.4373333333</dst>
        </src>
        <src id="DNVRng">
            <dst id="ATLA-M5">399.146666666667</dst>
            <dst id="ATLAng">6395.17333333333</dst>
            <dst id="CHINng">27084.6533333333</dst>
            <dst id="DNVRng">10782.7813333333</dst>
            <dst id="HSTNng">13057.6266666667</dst>
            <dst id="IPLSng">13082.4586666667</dst>
            <dst id="KSCYng">25931.6186666667</dst>
            <dst id="LOSAng">17653.4933333333</dst>
            <dst id="NYCMng">7688.40266666667</dst>
            <dst id="SNVAng">9025.51466666667</dst>
            <dst id="STTLng">48635.664</dst>
            <dst id="WASHng">24898.68</dst>
        </src>
        <src id="HSTNng">
            <dst id="ATLA-M5">2207.752</dst>
            <dst id="ATLAng">5281.48266666667</dst>
            <dst id="CHINng">13735.5066666667</dst>
            <dst id="DNVRng">3132.54933333333</dst>
            <dst id="HSTNng">16859.5626666667</dst>
            <dst id="IPLSng">6720.61333333334</dst>
            <dst id="KSCYng">8766.61333333333</dst>
            <dst id="LOSAng">9207.16533333333</dst>
            <dst id="NYCMng">3528.392</dst>
            <dst id="SNVAng">34.9626666666667</dst>
            <dst id="STTLng">7631.168</dst>
            <dst id="WASHng">14192.712</dst>
        </src>
        <src id="IPLSng">
            <dst id="ATLA-M5">275.338666666667</dst>
            <dst id="ATLAng">12465.9386666667</dst>
            <dst id="CHINng">86156.64</dst>
            <dst id="DNVRng">12034.7413333333</dst>
            <dst id="HSTNng">4067.304</dst>
            <dst id="IPLSng">14743.472</dst>
            <dst id="KSCYng">12058.4533333333</dst>
            <dst id="LOSAng">26282.6346666667</dst>
            <dst id="NYCMng">13611.6853333333</dst>
            <dst id="SNVAng">2434.69866666667</dst>
            <dst id="STTLng">37612.504</dst>
            <dst id="WASHng">23990.44</dst>
        </src>
        <src id="KSCYng">
            <dst id="ATLA-M5">409.725333333333</dst>
            <dst id="ATLAng">7404.37866666667</dst>
            <dst id="CHINng">26814.928</dst>
            <dst id="DNVRng">8264.8</dst>
            <dst id="HSTNng">6206.42666666667</dst>
            <dst id="IPLSng">19346.024</dst>
            <dst id="KSCYng">11121.7786666667</dst>
            <dst id="LOSAng">10809.824</dst>
            <dst id="NYCMng">8478.44266666667</dst>
            <dst id="SNVAng">3306.26933333333</dst>
            <dst id="STTLng">11342.016</dst>
            <dst id="WASHng">15119.936</dst>
        </src>
        <src id="LOSAng">
            <dst id="ATLA-M5">328.290666666667</dst>
            <dst id="ATLAng">26006.5306666667</dst>
            <dst id="CHINng">85187.952</dst>
            <dst id="DNVRng">27522.3573333333</dst>
            <dst id="HSTNng">10257.7946666667</dst>
            <dst id="IPLSng">38633.0373333333</dst>
            <dst id="KSCYng">7564.34933333333</dst>
            <dst id="LOSAng">15558.0693333333</dst>
            <dst id="NYCMng">44249.8933333333</dst>
            <dst id="SNVAng">19684.6986666667</dst>
            <dst id="STTLng">65430.0026666667</dst>
            <dst id="WASHng">60282.496</dst>
        </src>
        <src id="NYCMng">
            <dst id="ATLA-M5">3180.53866666667</dst>
            <dst id="ATLAng">35766.808</dst>
            <dst id="CHINng">41189.408</dst>
            <dst id="DNVRng">26995.7786666667</dst>
            <dst id="HSTNng">12319.3706666667</dst>
            <dst id="IPLSng">25497.2586666667</dst>
            <dst id="KSCYng">12647.1546666667</dst>
            <dst id="LOSAng">69390.2986666667</dst>
            <dst id="NYCMng">108047.429333333</dst>
            <dst id="SNVAng">4617.072</dst>
            <dst id="STTLng">27967.1733333333</dst>
            <dst id="WASHng">96526.8453333333</dst>
        </src>
        <src id="SNVAng">
            <dst id="ATLA-M5">29.7813333333333</dst>
            <dst id="ATLAng">678.176</dst>
            <dst id="CHINng">104.810666666667</dst>
            <dst id="DNVRng">947.304</dst>
            <dst id="HSTNng">0</dst>
            <dst id="IPLSng">559.704</dst>
            <dst id="KSCYng">26.6666666666667</dst>
            <dst id="LOSAng">10188.3546666667</dst>
            <dst id="NYCMng">459.058666666667</dst>
            <dst id="SNVAng">7114.17066666666</dst>
            <dst id="STTLng">19422.9893333333</dst>
            <dst id="WASHng">91.6586666666667</dst>
        </src>
        <src id="STTLng">
            <dst id="ATLA-M5">993.032</dst>
            <dst id="ATLAng">29792.28</dst>
            <dst id="CHINng">37300.064</dst>
            <dst id="DNVRng">19895.696</dst>
            <dst id="HSTNng">19958.0586666667</dst>
            <dst id="IPLSng">37956.4693333333</dst>
            <dst id="KSCYng">23098.4613333333</dst>
            <dst id="LOSAng">50673.3146666667</dst>
            <dst id="NYCMng">12848.7386666667</dst>
            <dst id="SNVAng">6567.91466666667</dst>
            <dst id="STTLng">30303.6266666667</dst>
            <dst id="WASHng">32425.952</dst>
        </src>
        <src id="WASHng">
            <dst id="ATLA-M5">1898.27466666667</dst>
            <dst id="ATLAng">73887.2533333333</dst>
            <dst id="CHINng">67694.752</dst>
            <dst id="DNVRng">52151.128</dst>
            <dst id="HSTNng">34067.432</dst>
            <dst id="IPLSng">51506.744</dst>
            <dst id="KSCYng">27882.0453333333</dst>
            <dst id="LOSAng">81039.1946666667</dst>
            <dst id="NYCMng">162088.488</dst>
            <dst id="SNVAng">7661.65866666667</dst>
            <dst id="STTLng">48289.544</dst>
            <dst id="WASHng">197604.141333333</dst>
        </src>
    </IntraTM>
</TrafficMatrixFile>
