<?xml version="1.0" encoding="ISO-8859-1" standalone="yes"?>
<TrafficMatrixFile xsi:noNamespaceSchemaLocation="http://totem.run.montefiore.ulg.ac.be/Schema/TrafficMatrix-v1_2.xsd" xmlns:xsi="http://www.w3.org/2001/XMLSchema-instance">
    <IntraTM ASID="11537">
        <src id="ATLA-M5">
            <dst id="ATLA-M5">0</dst>
            <dst id="ATLAng">1032.64</dst>
            <dst id="CHINng">2124.37066666667</dst>
            <dst id="DNVRng">109.88</dst>
            <dst id="HSTNng">736.885333333333</dst>
            <dst id="IPLSng">808.538666666667</dst>
            <dst id="KSCYng">484.488</dst>
            <dst id="LOSAng">53.3333333333333</dst>
            <dst id="NYCMng">1276.104</dst>
            <dst id="SNVAng">0</dst>
            <dst id="STTLng">637.656</dst>
            <dst id="WASHng">1796.24266666667</dst>
        </src>
        <src id="ATLAng">
            <dst id="ATLA-M5">2103.55466666667</dst>
            <dst id="ATLAng">52141.9253333333</dst>
            <dst id="CHINng">33214.056</dst>
            <dst id="DNVRng">9002.992</dst>
            <dst id="HSTNng">8678.25866666667</dst>
            <dst id="IPLSng">29013.3146666667</dst>
            <dst id="KSCYng">9066.89333333333</dst>
            <dst id="LOSAng">21924.9946666667</dst>
            <dst id="NYCMng">7588.13866666667</dst>
            <dst id="SNVAng">2256.248</dst>
            <dst id="STTLng">11832.9493333333</dst>
            <dst id="WASHng">35462.432</dst>
        </src>
        <src id="CHINng">
            <dst id="ATLA-M5">1542.34933333333</dst>
            <dst id="ATLAng">98830.632</dst>
            <dst id="CHINng">97102.2773333333</dst>
            <dst id="DNVRng">17760.4933333333</dst>
            <dst id="HSTNng">11855.4426666667</dst>
            <dst id="IPLSng">59532.1946666667</dst>
            <dst id="KSCYng">20007.064</dst>
            <dst id="LOSAng">51438.5173333333</dst>
            <dst id="NYCMng">21230.048</dst>
            <dst id="SNVAng">5786.68266666667</dst>
            <dst id="STTLng">24320.008</dst>
            <dst id="WASHng">44283.84</dst>
        </src>
        <src id="DNVRng">
            <dst id="ATLA-M5">844.098666666667</dst>
            <dst id="ATLAng">8088.96</dst>
            <dst id="CHINng">21536.9786666667</dst>
            <dst id="DNVRng">8052.38933333333</dst>
            <dst id="HSTNng">12811.9653333333</dst>
            <dst id="IPLSng">12293.48</dst>
            <dst id="KSCYng">15014.2053333333</dst>
            <dst id="LOSAng">14004.8906666667</dst>
            <dst id="NYCMng">7756.78933333333</dst>
            <dst id="SNVAng">4616.24266666667</dst>
            <dst id="STTLng">49995.4</dst>
            <dst id="WASHng">36568.4933333333</dst>
        </src>
        <src id="HSTNng">
            <dst id="ATLA-M5">667.68</dst>
            <dst id="ATLAng">7607.632</dst>
            <dst id="CHINng">12301.912</dst>
            <dst id="DNVRng">1397.71466666667</dst>
            <dst id="HSTNng">17982.5013333333</dst>
            <dst id="IPLSng">6640.76533333333</dst>
            <dst id="KSCYng">10379.488</dst>
            <dst id="LOSAng">63079.3466666667</dst>
            <dst id="NYCMng">3272.272</dst>
            <dst id="SNVAng">0</dst>
            <dst id="STTLng">7764.52266666667</dst>
            <dst id="WASHng">17882.7866666667</dst>
        </src>
        <src id="IPLSng">
            <dst id="ATLA-M5">521.853333333333</dst>
            <dst id="ATLAng">14656.3013333333</dst>
            <dst id="CHINng">63025.6453333333</dst>
            <dst id="DNVRng">7442.87733333333</dst>
            <dst id="HSTNng">4807.752</dst>
            <dst id="IPLSng">12358.6533333333</dst>
            <dst id="KSCYng">8467.144</dst>
            <dst id="LOSAng">23066.1386666667</dst>
            <dst id="NYCMng">12000.9706666667</dst>
            <dst id="SNVAng">2422.064</dst>
            <dst id="STTLng">32912.3146666667</dst>
            <dst id="WASHng">20805.1493333333</dst>
        </src>
        <src id="KSCYng">
            <dst id="ATLA-M5">406.997333333333</dst>
            <dst id="ATLAng">15394.92</dst>
            <dst id="CHINng">23454.2533333333</dst>
            <dst id="DNVRng">9965.82933333333</dst>
            <dst id="HSTNng">5864.56</dst>
            <dst id="IPLSng">22731.64</dst>
            <dst id="KSCYng">16284.3146666667</dst>
            <dst id="LOSAng">7751.064</dst>
            <dst id="NYCMng">9299.30133333333</dst>
            <dst id="SNVAng">2992.832</dst>
            <dst id="STTLng">10988.128</dst>
            <dst id="WASHng">14630.136</dst>
        </src>
        <src id="LOSAng">
            <dst id="ATLA-M5">104.317333333333</dst>
            <dst id="ATLAng">14203.296</dst>
            <dst id="CHINng">85201.384</dst>
            <dst id="DNVRng">31321.5893333333</dst>
            <dst id="HSTNng">12760.5573333333</dst>
            <dst id="IPLSng">33500.472</dst>
            <dst id="KSCYng">8074.84</dst>
            <dst id="LOSAng">15337.6906666667</dst>
            <dst id="NYCMng">39602.5333333333</dst>
            <dst id="SNVAng">18401.368</dst>
            <dst id="STTLng">62811.7626666667</dst>
            <dst id="WASHng">64264.4746666667</dst>
        </src>
        <src id="NYCMng">
            <dst id="ATLA-M5">1784.71733333333</dst>
            <dst id="ATLAng">33445.024</dst>
            <dst id="CHINng">31313.3813333333</dst>
            <dst id="DNVRng">25879.808</dst>
            <dst id="HSTNng">12587.5333333333</dst>
            <dst id="IPLSng">27236.3786666667</dst>
            <dst id="KSCYng">11546.384</dst>
            <dst id="LOSAng">63202.216</dst>
            <dst id="NYCMng">76362.1813333333</dst>
            <dst id="SNVAng">3052.576</dst>
            <dst id="STTLng">26720.032</dst>
            <dst id="WASHng">97863.536</dst>
        </src>
        <src id="SNVAng">
            <dst id="ATLA-M5">0</dst>
            <dst id="ATLAng">582.469333333333</dst>
            <dst id="CHINng">53.3333333333333</dst>
            <dst id="DNVRng">1695.37333333333</dst>
            <dst id="HSTNng">0</dst>
            <dst id="IPLSng">369.394666666667</dst>
            <dst id="KSCYng">26.6666666666667</dst>
            <dst id="LOSAng">9499.33066666666</dst>
            <dst id="NYCMng">348.394666666667</dst>
            <dst id="SNVAng">6742.728</dst>
            <dst id="STTLng">18163.576</dst>
            <dst id="WASHng">251.848</dst>
        </src>
        <src id="STTLng">
            <dst id="ATLA-M5">821.026666666667</dst>
            <dst id="ATLAng">29401.744</dst>
            <dst id="CHINng">32445.9173333333</dst>
            <dst id="DNVRng">20068.4586666667</dst>
            <dst id="HSTNng">9512.81333333333</dst>
            <dst id="IPLSng">42144.0746666667</dst>
            <dst id="KSCYng">24332.9146666667</dst>
            <dst id="LOSAng">44557.0506666667</dst>
            <dst id="NYCMng">14080.992</dst>
            <dst id="SNVAng">5167.90666666667</dst>
            <dst id="STTLng">30379.0826666667</dst>
            <dst id="WASHng">40142.528</dst>
        </src>
        <src id="WASHng">
            <dst id="ATLA-M5">2008.45866666667</dst>
            <dst id="ATLAng">94507.2186666667</dst>
            <dst id="CHINng">80422.0426666667</dst>
            <dst id="DNVRng">59525.456</dst>
            <dst id="HSTNng">33804.3093333333</dst>
            <dst id="IPLSng">46271.3333333333</dst>
            <dst id="KSCYng">24362.3333333333</dst>
            <dst id="LOSAng">85523.5946666667</dst>
            <dst id="NYCMng">220013.005333333</dst>
            <dst id="SNVAng">7895.416</dst>
            <dst id="STTLng">55212.6906666666</dst>
            <dst id="WASHng">231785.181333333</dst>
        </src>
    </IntraTM>
</TrafficMatrixFile>
