<?xml version="1.0" encoding="ISO-8859-1" standalone="yes"?>
<TrafficMatrixFile xsi:noNamespaceSchemaLocation="http://totem.run.montefiore.ulg.ac.be/Schema/TrafficMatrix-v1_2.xsd" xmlns:xsi="http://www.w3.org/2001/XMLSchema-instance">
    <IntraTM ASID="11537">
        <src id="ATLA-M5">
            <dst id="ATLA-M5">155.698666666667</dst>
            <dst id="ATLAng">1421.45333333333</dst>
            <dst id="CHINng">885.002666666667</dst>
            <dst id="DNVRng">53.3333333333333</dst>
            <dst id="HSTNng">122.458666666667</dst>
            <dst id="IPLSng">850.186666666667</dst>
            <dst id="KSCYng">1256.392</dst>
            <dst id="LOSAng">211.426666666667</dst>
            <dst id="NYCMng">1905.01866666667</dst>
            <dst id="SNVAng">0</dst>
            <dst id="STTLng">1013</dst>
            <dst id="WASHng">2420.104</dst>
        </src>
        <src id="ATLAng">
            <dst id="ATLA-M5">1170.72533333333</dst>
            <dst id="ATLAng">45127.8613333333</dst>
            <dst id="CHINng">16639.656</dst>
            <dst id="DNVRng">4981.90933333333</dst>
            <dst id="HSTNng">9869.024</dst>
            <dst id="IPLSng">15222.5013333333</dst>
            <dst id="KSCYng">10897.2613333333</dst>
            <dst id="LOSAng">8637.972</dst>
            <dst id="NYCMng">10301.96</dst>
            <dst id="SNVAng">648.510666666667</dst>
            <dst id="STTLng">18744.5733333333</dst>
            <dst id="WASHng">68350.3706666667</dst>
        </src>
        <src id="CHINng">
            <dst id="ATLA-M5">407.949333333333</dst>
            <dst id="ATLAng">19085.7893333333</dst>
            <dst id="CHINng">150518.005333333</dst>
            <dst id="DNVRng">11164.6026666667</dst>
            <dst id="HSTNng">12833.8586666667</dst>
            <dst id="IPLSng">76810.5146666667</dst>
            <dst id="KSCYng">14484.664</dst>
            <dst id="LOSAng">34038.8826666667</dst>
            <dst id="NYCMng">32129.4586666667</dst>
            <dst id="SNVAng">5564.664</dst>
            <dst id="STTLng">33239.352</dst>
            <dst id="WASHng">36470.3973333333</dst>
        </src>
        <src id="DNVRng">
            <dst id="ATLA-M5">144.213333333333</dst>
            <dst id="ATLAng">11503.3946666667</dst>
            <dst id="CHINng">81752.7253333333</dst>
            <dst id="DNVRng">9638.22933333333</dst>
            <dst id="HSTNng">18657.32</dst>
            <dst id="IPLSng">14904.016</dst>
            <dst id="KSCYng">15402.9786666667</dst>
            <dst id="LOSAng">13158.6666666667</dst>
            <dst id="NYCMng">7608.56533333333</dst>
            <dst id="SNVAng">22404.7146666667</dst>
            <dst id="STTLng">24384.2506666667</dst>
            <dst id="WASHng">28977.232</dst>
        </src>
        <src id="HSTNng">
            <dst id="ATLA-M5">3772.544</dst>
            <dst id="ATLAng">5902.94133333333</dst>
            <dst id="CHINng">23223.5626666667</dst>
            <dst id="DNVRng">1207.81066666667</dst>
            <dst id="HSTNng">14043.6666666667</dst>
            <dst id="IPLSng">4595.43733333333</dst>
            <dst id="KSCYng">8787.736</dst>
            <dst id="LOSAng">3078.11733333333</dst>
            <dst id="NYCMng">3868.89333333333</dst>
            <dst id="SNVAng">2132.42933333333</dst>
            <dst id="STTLng">11879.8986666667</dst>
            <dst id="WASHng">15471.2186666667</dst>
        </src>
        <src id="IPLSng">
            <dst id="ATLA-M5">298.872</dst>
            <dst id="ATLAng">11036.952</dst>
            <dst id="CHINng">99031.2</dst>
            <dst id="DNVRng">4893.872</dst>
            <dst id="HSTNng">6369.672</dst>
            <dst id="IPLSng">108470.917333333</dst>
            <dst id="KSCYng">11812.9813333333</dst>
            <dst id="LOSAng">20255.7973333333</dst>
            <dst id="NYCMng">19598.52</dst>
            <dst id="SNVAng">1014.56266666667</dst>
            <dst id="STTLng">39199.1093333333</dst>
            <dst id="WASHng">72588.208</dst>
        </src>
        <src id="KSCYng">
            <dst id="ATLA-M5">500.405333333333</dst>
            <dst id="ATLAng">7827.33866666667</dst>
            <dst id="CHINng">34665.5386666667</dst>
            <dst id="DNVRng">9773.47733333333</dst>
            <dst id="HSTNng">4214.336</dst>
            <dst id="IPLSng">20854.2666666667</dst>
            <dst id="KSCYng">18587.9786666667</dst>
            <dst id="LOSAng">3518.89066666667</dst>
            <dst id="NYCMng">10613.096</dst>
            <dst id="SNVAng">2137.192</dst>
            <dst id="STTLng">18688.912</dst>
            <dst id="WASHng">12490.6773333333</dst>
        </src>
        <src id="LOSAng">
            <dst id="ATLA-M5">60.7466666666667</dst>
            <dst id="ATLAng">18453.4906666667</dst>
            <dst id="CHINng">105730.602666667</dst>
            <dst id="DNVRng">8875.056</dst>
            <dst id="HSTNng">2317.528</dst>
            <dst id="IPLSng">18799.0426666667</dst>
            <dst id="KSCYng">5786.61866666667</dst>
            <dst id="LOSAng">7986.82133333334</dst>
            <dst id="NYCMng">33854.28</dst>
            <dst id="SNVAng">22730.4213333333</dst>
            <dst id="STTLng">52984.7146666667</dst>
            <dst id="WASHng">43489.216</dst>
        </src>
        <src id="NYCMng">
            <dst id="ATLA-M5">4959.18933333333</dst>
            <dst id="ATLAng">37958.2853333333</dst>
            <dst id="CHINng">38418.5093333333</dst>
            <dst id="DNVRng">19133.872</dst>
            <dst id="HSTNng">18422.0506666667</dst>
            <dst id="IPLSng">28504.88</dst>
            <dst id="KSCYng">12070.6266666667</dst>
            <dst id="LOSAng">42065.8906666667</dst>
            <dst id="NYCMng">137758.88</dst>
            <dst id="SNVAng">2794.15733333333</dst>
            <dst id="STTLng">20058.2826666667</dst>
            <dst id="WASHng">106050.754666667</dst>
        </src>
        <src id="SNVAng">
            <dst id="ATLA-M5">0</dst>
            <dst id="ATLAng">53.3333333333333</dst>
            <dst id="CHINng">156.037333333333</dst>
            <dst id="DNVRng">6031.01333333333</dst>
            <dst id="HSTNng">271.952</dst>
            <dst id="IPLSng">454.890666666667</dst>
            <dst id="KSCYng">26.6666666666667</dst>
            <dst id="LOSAng">7092.296</dst>
            <dst id="NYCMng">108.232</dst>
            <dst id="SNVAng">6607.58666666667</dst>
            <dst id="STTLng">18334.3226666667</dst>
            <dst id="WASHng">54.9093333333333</dst>
        </src>
        <src id="STTLng">
            <dst id="ATLA-M5">3643.032</dst>
            <dst id="ATLAng">54110.0533333333</dst>
            <dst id="CHINng">118549.84</dst>
            <dst id="DNVRng">26604.1813333333</dst>
            <dst id="HSTNng">30843.9466666667</dst>
            <dst id="IPLSng">81994.1386666667</dst>
            <dst id="KSCYng">61454.4026666667</dst>
            <dst id="LOSAng">16450.6826666667</dst>
            <dst id="NYCMng">26747.8773333333</dst>
            <dst id="SNVAng">3209.25866666667</dst>
            <dst id="STTLng">18786.9893333333</dst>
            <dst id="WASHng">105637.429333333</dst>
        </src>
        <src id="WASHng">
            <dst id="ATLA-M5">4684.06666666667</dst>
            <dst id="ATLAng">90342.1733333333</dst>
            <dst id="CHINng">82762.1946666667</dst>
            <dst id="DNVRng">58815.7066666667</dst>
            <dst id="HSTNng">25781.4853333333</dst>
            <dst id="IPLSng">109504.128</dst>
            <dst id="KSCYng">26010.6826666667</dst>
            <dst id="LOSAng">73919.9733333333</dst>
            <dst id="NYCMng">183410.042666667</dst>
            <dst id="SNVAng">4842.744</dst>
            <dst id="STTLng">68546.5626666667</dst>
            <dst id="WASHng">324230.693333333</dst>
        </src>
    </IntraTM>
</TrafficMatrixFile>
