<?xml version="1.0" encoding="ISO-8859-1" standalone="yes"?>
<TrafficMatrixFile xsi:noNamespaceSchemaLocation="http://totem.run.montefiore.ulg.ac.be/Schema/TrafficMatrix-v1_2.xsd" xmlns:xsi="http://www.w3.org/2001/XMLSchema-instance">
    <IntraTM ASID="11537">
        <src id="ATLA-M5">
            <dst id="ATLA-M5">463.082666666667</dst>
            <dst id="ATLAng">1389.54933333333</dst>
            <dst id="CHINng">1478.45066666667</dst>
            <dst id="DNVRng">195.282666666667</dst>
            <dst id="HSTNng">466.813333333333</dst>
            <dst id="IPLSng">766.256</dst>
            <dst id="KSCYng">771.104</dst>
            <dst id="LOSAng">164.037333333333</dst>
            <dst id="NYCMng">1254.75466666667</dst>
            <dst id="SNVAng">13.3333333333333</dst>
            <dst id="STTLng">995.221333333333</dst>
            <dst id="WASHng">1917.03466666667</dst>
        </src>
        <src id="ATLAng">
            <dst id="ATLA-M5">838.069333333333</dst>
            <dst id="ATLAng">41656.1013333333</dst>
            <dst id="CHINng">18374.736</dst>
            <dst id="DNVRng">10709.64</dst>
            <dst id="HSTNng">12407.0053333333</dst>
            <dst id="IPLSng">22020.7013333333</dst>
            <dst id="KSCYng">7513.47466666667</dst>
            <dst id="LOSAng">19311.0786666667</dst>
            <dst id="NYCMng">12266.92</dst>
            <dst id="SNVAng">2577.73466666667</dst>
            <dst id="STTLng">16792.7733333333</dst>
            <dst id="WASHng">58192.4346666667</dst>
        </src>
        <src id="CHINng">
            <dst id="ATLA-M5">898.258666666667</dst>
            <dst id="ATLAng">30866.216</dst>
            <dst id="CHINng">98672.6453333333</dst>
            <dst id="DNVRng">19479.536</dst>
            <dst id="HSTNng">17797.1493333333</dst>
            <dst id="IPLSng">75291.7706666667</dst>
            <dst id="KSCYng">18972.8613333333</dst>
            <dst id="LOSAng">34801.5333333333</dst>
            <dst id="NYCMng">16267.5653333333</dst>
            <dst id="SNVAng">5993.11466666667</dst>
            <dst id="STTLng">31097.872</dst>
            <dst id="WASHng">43747.9653333333</dst>
        </src>
        <src id="DNVRng">
            <dst id="ATLA-M5">597.810666666667</dst>
            <dst id="ATLAng">9746.656</dst>
            <dst id="CHINng">60792.672</dst>
            <dst id="DNVRng">20951.368</dst>
            <dst id="HSTNng">18323.504</dst>
            <dst id="IPLSng">18914.9386666667</dst>
            <dst id="KSCYng">34051.8666666667</dst>
            <dst id="LOSAng">21045.2</dst>
            <dst id="NYCMng">8681.032</dst>
            <dst id="SNVAng">23980.2933333333</dst>
            <dst id="STTLng">80800.1653333333</dst>
            <dst id="WASHng">27259.12</dst>
        </src>
        <src id="HSTNng">
            <dst id="ATLA-M5">2696.70933333333</dst>
            <dst id="ATLAng">9232.256</dst>
            <dst id="CHINng">15971.3253333333</dst>
            <dst id="DNVRng">5250.03466666667</dst>
            <dst id="HSTNng">16969.632</dst>
            <dst id="IPLSng">6543.064</dst>
            <dst id="KSCYng">14255.952</dst>
            <dst id="LOSAng">6867.50933333333</dst>
            <dst id="NYCMng">7758.13066666667</dst>
            <dst id="SNVAng">323.706666666667</dst>
            <dst id="STTLng">11349.7013333333</dst>
            <dst id="WASHng">22679.6773333333</dst>
        </src>
        <src id="IPLSng">
            <dst id="ATLA-M5">1730.528</dst>
            <dst id="ATLAng">17546.4053333333</dst>
            <dst id="CHINng">85104.4293333333</dst>
            <dst id="DNVRng">23541.088</dst>
            <dst id="HSTNng">6180.808</dst>
            <dst id="IPLSng">22542.9173333333</dst>
            <dst id="KSCYng">12827.1893333333</dst>
            <dst id="LOSAng">20217.5146666667</dst>
            <dst id="NYCMng">10727.1733333333</dst>
            <dst id="SNVAng">6456.14933333333</dst>
            <dst id="STTLng">28009.416</dst>
            <dst id="WASHng">26361.3093333333</dst>
        </src>
        <src id="KSCYng">
            <dst id="ATLA-M5">740.746666666666</dst>
            <dst id="ATLAng">9321.088</dst>
            <dst id="CHINng">33087.896</dst>
            <dst id="DNVRng">13849.5093333333</dst>
            <dst id="HSTNng">11513.6773333333</dst>
            <dst id="IPLSng">23142.144</dst>
            <dst id="KSCYng">16013.9173333333</dst>
            <dst id="LOSAng">5337.81333333333</dst>
            <dst id="NYCMng">6022.85866666667</dst>
            <dst id="SNVAng">3770.76266666667</dst>
            <dst id="STTLng">17371.8</dst>
            <dst id="WASHng">14069.5226666667</dst>
        </src>
        <src id="LOSAng">
            <dst id="ATLA-M5">1387.55733333333</dst>
            <dst id="ATLAng">16115.1253333333</dst>
            <dst id="CHINng">84222.5733333333</dst>
            <dst id="DNVRng">46109.44</dst>
            <dst id="HSTNng">25875.6933333333</dst>
            <dst id="IPLSng">57835.576</dst>
            <dst id="KSCYng">8839.84</dst>
            <dst id="LOSAng">18059.0613333333</dst>
            <dst id="NYCMng">56816.456</dst>
            <dst id="SNVAng">20556.9546666667</dst>
            <dst id="STTLng">61812.2053333333</dst>
            <dst id="WASHng">88221.5706666667</dst>
        </src>
        <src id="NYCMng">
            <dst id="ATLA-M5">2953.872</dst>
            <dst id="ATLAng">43011.7493333333</dst>
            <dst id="CHINng">33184.1626666667</dst>
            <dst id="DNVRng">37341.2933333333</dst>
            <dst id="HSTNng">16150.264</dst>
            <dst id="IPLSng">43249.872</dst>
            <dst id="KSCYng">17524.6346666667</dst>
            <dst id="LOSAng">77493.24</dst>
            <dst id="NYCMng">111150.365333333</dst>
            <dst id="SNVAng">8624.86133333333</dst>
            <dst id="STTLng">28101.8346666667</dst>
            <dst id="WASHng">147795.493333333</dst>
        </src>
        <src id="SNVAng">
            <dst id="ATLA-M5">26.6666666666667</dst>
            <dst id="ATLAng">26.6666666666667</dst>
            <dst id="CHINng">147.16</dst>
            <dst id="DNVRng">8807.26133333333</dst>
            <dst id="HSTNng">192.728</dst>
            <dst id="IPLSng">525.522666666667</dst>
            <dst id="KSCYng">0</dst>
            <dst id="LOSAng">9654.344</dst>
            <dst id="NYCMng">88.976</dst>
            <dst id="SNVAng">9269.952</dst>
            <dst id="STTLng">18447.544</dst>
            <dst id="WASHng">186.666666666667</dst>
        </src>
        <src id="STTLng">
            <dst id="ATLA-M5">3298.064</dst>
            <dst id="ATLAng">54379.3333333333</dst>
            <dst id="CHINng">74135.776</dst>
            <dst id="DNVRng">50517.8853333333</dst>
            <dst id="HSTNng">48843.176</dst>
            <dst id="IPLSng">53811.448</dst>
            <dst id="KSCYng">55454.0186666667</dst>
            <dst id="LOSAng">17802.56</dst>
            <dst id="NYCMng">17193.6586666667</dst>
            <dst id="SNVAng">9195.09333333333</dst>
            <dst id="STTLng">62152.7333333333</dst>
            <dst id="WASHng">67434.1226666667</dst>
        </src>
        <src id="WASHng">
            <dst id="ATLA-M5">8082.952</dst>
            <dst id="ATLAng">160692.157333333</dst>
            <dst id="CHINng">133926.621333333</dst>
            <dst id="DNVRng">87214.9706666667</dst>
            <dst id="HSTNng">40873.8053333333</dst>
            <dst id="IPLSng">72185.68</dst>
            <dst id="KSCYng">52950.752</dst>
            <dst id="LOSAng">84184.3973333333</dst>
            <dst id="NYCMng">219381.192</dst>
            <dst id="SNVAng">14388.408</dst>
            <dst id="STTLng">66977.6293333334</dst>
            <dst id="WASHng">266128.464</dst>
        </src>
    </IntraTM>
</TrafficMatrixFile>
