<?xml version="1.0" encoding="ISO-8859-1" standalone="yes"?>
<TrafficMatrixFile xsi:noNamespaceSchemaLocation="http://totem.run.montefiore.ulg.ac.be/Schema/TrafficMatrix-v1_2.xsd" xmlns:xsi="http://www.w3.org/2001/XMLSchema-instance">
    <IntraTM ASID="11537">
        <src id="ATLA-M5">
            <dst id="ATLA-M5">0</dst>
            <dst id="ATLAng">1598.66666666667</dst>
            <dst id="CHINng">780.242666666667</dst>
            <dst id="DNVRng">107.426666666667</dst>
            <dst id="HSTNng">80</dst>
            <dst id="IPLSng">570.309333333333</dst>
            <dst id="KSCYng">0</dst>
            <dst id="LOSAng">123.521333333333</dst>
            <dst id="NYCMng">106.666666666667</dst>
            <dst id="SNVAng">96.8546666666667</dst>
            <dst id="STTLng">233.704</dst>
            <dst id="WASHng">2195.76266666667</dst>
        </src>
        <src id="ATLAng">
            <dst id="ATLA-M5">316.866666666667</dst>
            <dst id="ATLAng">33360.0213333333</dst>
            <dst id="CHINng">10720.0826666667</dst>
            <dst id="DNVRng">1444.424</dst>
            <dst id="HSTNng">1955.15466666667</dst>
            <dst id="IPLSng">15947.9866666667</dst>
            <dst id="KSCYng">2135.55466666667</dst>
            <dst id="LOSAng">19007.56</dst>
            <dst id="NYCMng">8438.28533333333</dst>
            <dst id="SNVAng">741.981333333333</dst>
            <dst id="STTLng">8301.544</dst>
            <dst id="WASHng">50921.4533333333</dst>
        </src>
        <src id="CHINng">
            <dst id="ATLA-M5">756.682666666666</dst>
            <dst id="ATLAng">14611.0213333333</dst>
            <dst id="CHINng">105829.130666667</dst>
            <dst id="DNVRng">14431.656</dst>
            <dst id="HSTNng">7129.78933333333</dst>
            <dst id="IPLSng">74587.44</dst>
            <dst id="KSCYng">9676.23466666667</dst>
            <dst id="LOSAng">28832.3973333333</dst>
            <dst id="NYCMng">8351.864</dst>
            <dst id="SNVAng">5168.936</dst>
            <dst id="STTLng">16766.008</dst>
            <dst id="WASHng">15530.8826666667</dst>
        </src>
        <src id="DNVRng">
            <dst id="ATLA-M5">147.253333333333</dst>
            <dst id="ATLAng">2217.44533333333</dst>
            <dst id="CHINng">51635.1013333333</dst>
            <dst id="DNVRng">9351.13333333333</dst>
            <dst id="HSTNng">14739.5226666667</dst>
            <dst id="IPLSng">11222.1226666667</dst>
            <dst id="KSCYng">14150.384</dst>
            <dst id="LOSAng">11988.6293333333</dst>
            <dst id="NYCMng">6071.53333333333</dst>
            <dst id="SNVAng">11280.7573333333</dst>
            <dst id="STTLng">17688.7626666667</dst>
            <dst id="WASHng">18226.7813333333</dst>
        </src>
        <src id="HSTNng">
            <dst id="ATLA-M5">3525.04</dst>
            <dst id="ATLAng">7795.57333333333</dst>
            <dst id="CHINng">25444.5733333333</dst>
            <dst id="DNVRng">1098.64</dst>
            <dst id="HSTNng">17757.1013333333</dst>
            <dst id="IPLSng">2357.75466666667</dst>
            <dst id="KSCYng">8717.72266666667</dst>
            <dst id="LOSAng">4768.66666666667</dst>
            <dst id="NYCMng">2118.592</dst>
            <dst id="SNVAng">458.485333333333</dst>
            <dst id="STTLng">4132.90666666667</dst>
            <dst id="WASHng">3617.19733333333</dst>
        </src>
        <src id="IPLSng">
            <dst id="ATLA-M5">537.466666666667</dst>
            <dst id="ATLAng">5192.33333333333</dst>
            <dst id="CHINng">60783.8106666667</dst>
            <dst id="DNVRng">7526.58666666667</dst>
            <dst id="HSTNng">691.018666666667</dst>
            <dst id="IPLSng">11314.3546666667</dst>
            <dst id="KSCYng">5565.28</dst>
            <dst id="LOSAng">13515.3813333333</dst>
            <dst id="NYCMng">13856.0133333333</dst>
            <dst id="SNVAng">389.408</dst>
            <dst id="STTLng">20315.456</dst>
            <dst id="WASHng">12327.0693333333</dst>
        </src>
        <src id="KSCYng">
            <dst id="ATLA-M5">257.424</dst>
            <dst id="ATLAng">3850.89866666667</dst>
            <dst id="CHINng">27968.0693333333</dst>
            <dst id="DNVRng">7211.17333333333</dst>
            <dst id="HSTNng">3369.66133333333</dst>
            <dst id="IPLSng">14287.792</dst>
            <dst id="KSCYng">12123.152</dst>
            <dst id="LOSAng">4824.032</dst>
            <dst id="NYCMng">5745.84533333333</dst>
            <dst id="SNVAng">2831.73866666667</dst>
            <dst id="STTLng">5093.20533333333</dst>
            <dst id="WASHng">10211.6186666667</dst>
        </src>
        <src id="LOSAng">
            <dst id="ATLA-M5">185.528</dst>
            <dst id="ATLAng">8250.23733333333</dst>
            <dst id="CHINng">6531017.6</dst>
            <dst id="DNVRng">14726.832</dst>
            <dst id="HSTNng">3750.128</dst>
            <dst id="IPLSng">15143.4746666667</dst>
            <dst id="KSCYng">2874.97333333333</dst>
            <dst id="LOSAng">10266.9466666667</dst>
            <dst id="NYCMng">47256.408</dst>
            <dst id="SNVAng">19370.9093333333</dst>
            <dst id="STTLng">47386.6506666667</dst>
            <dst id="WASHng">42299.8133333333</dst>
        </src>
        <src id="NYCMng">
            <dst id="ATLA-M5">2125.688</dst>
            <dst id="ATLAng">26933.2853333333</dst>
            <dst id="CHINng">28126.2693333333</dst>
            <dst id="DNVRng">15882.7653333333</dst>
            <dst id="HSTNng">3521.32266666667</dst>
            <dst id="IPLSng">13934.992</dst>
            <dst id="KSCYng">5901.47733333333</dst>
            <dst id="LOSAng">50810.8586666667</dst>
            <dst id="NYCMng">99925.16</dst>
            <dst id="SNVAng">412.208</dst>
            <dst id="STTLng">25880.8026666667</dst>
            <dst id="WASHng">36083.1333333333</dst>
        </src>
        <src id="SNVAng">
            <dst id="ATLA-M5">0</dst>
            <dst id="ATLAng">322.117333333333</dst>
            <dst id="CHINng">53.3333333333333</dst>
            <dst id="DNVRng">634.893333333333</dst>
            <dst id="HSTNng">26.6666666666667</dst>
            <dst id="IPLSng">320.869333333333</dst>
            <dst id="KSCYng">26.6666666666667</dst>
            <dst id="LOSAng">7306.42933333333</dst>
            <dst id="NYCMng">0</dst>
            <dst id="SNVAng">8728.328</dst>
            <dst id="STTLng">17746.4906666667</dst>
            <dst id="WASHng">26.6666666666667</dst>
        </src>
        <src id="STTLng">
            <dst id="ATLA-M5">331.912</dst>
            <dst id="ATLAng">11491.064</dst>
            <dst id="CHINng">34416.0453333333</dst>
            <dst id="DNVRng">2248.19733333333</dst>
            <dst id="HSTNng">2557.312</dst>
            <dst id="IPLSng">9217.47466666667</dst>
            <dst id="KSCYng">3330.09066666667</dst>
            <dst id="LOSAng">42915.1466666667</dst>
            <dst id="NYCMng">10657.0853333333</dst>
            <dst id="SNVAng">1250.82133333333</dst>
            <dst id="STTLng">19422.952</dst>
            <dst id="WASHng">7650.82133333334</dst>
        </src>
        <src id="WASHng">
            <dst id="ATLA-M5">1362.80266666667</dst>
            <dst id="ATLAng">83842.52</dst>
            <dst id="CHINng">73741.616</dst>
            <dst id="DNVRng">54767.336</dst>
            <dst id="HSTNng">35544.9866666667</dst>
            <dst id="IPLSng">34015.544</dst>
            <dst id="KSCYng">23344.9653333333</dst>
            <dst id="LOSAng">61125.5973333333</dst>
            <dst id="NYCMng">114960.496</dst>
            <dst id="SNVAng">1184.864</dst>
            <dst id="STTLng">40457.672</dst>
            <dst id="WASHng">323889.76</dst>
        </src>
    </IntraTM>
</TrafficMatrixFile>
