<?xml version="1.0" encoding="ISO-8859-1" standalone="yes"?>
<TrafficMatrixFile xsi:noNamespaceSchemaLocation="http://totem.run.montefiore.ulg.ac.be/Schema/TrafficMatrix-v1_2.xsd" xmlns:xsi="http://www.w3.org/2001/XMLSchema-instance">
    <IntraTM ASID="11537">
        <src id="ATLA-M5">
            <dst id="ATLA-M5">447.584</dst>
            <dst id="ATLAng">808.877333333333</dst>
            <dst id="CHINng">2819.32266666667</dst>
            <dst id="DNVRng">53.3333333333333</dst>
            <dst id="HSTNng">516.512</dst>
            <dst id="IPLSng">959.848</dst>
            <dst id="KSCYng">681.082666666667</dst>
            <dst id="LOSAng">108.357333333333</dst>
            <dst id="NYCMng">1411.65333333333</dst>
            <dst id="SNVAng">28.3573333333333</dst>
            <dst id="STTLng">978.728</dst>
            <dst id="WASHng">2399.09866666667</dst>
        </src>
        <src id="ATLAng">
            <dst id="ATLA-M5">2207.16</dst>
            <dst id="ATLAng">51366.4106666667</dst>
            <dst id="CHINng">35125.6426666667</dst>
            <dst id="DNVRng">8328.52266666667</dst>
            <dst id="HSTNng">9049.51466666667</dst>
            <dst id="IPLSng">25940.888</dst>
            <dst id="KSCYng">9297.68266666667</dst>
            <dst id="LOSAng">23697.5733333333</dst>
            <dst id="NYCMng">7981.37066666667</dst>
            <dst id="SNVAng">2330.35733333333</dst>
            <dst id="STTLng">11423.4986666667</dst>
            <dst id="WASHng">40588.688</dst>
        </src>
        <src id="CHINng">
            <dst id="ATLA-M5">1459.424</dst>
            <dst id="ATLAng">76560.1786666667</dst>
            <dst id="CHINng">96799.2053333333</dst>
            <dst id="DNVRng">19139.3253333333</dst>
            <dst id="HSTNng">10225.7333333333</dst>
            <dst id="IPLSng">57071.232</dst>
            <dst id="KSCYng">17422.1733333333</dst>
            <dst id="LOSAng">43015.3226666667</dst>
            <dst id="NYCMng">20363.8773333333</dst>
            <dst id="SNVAng">6075.6</dst>
            <dst id="STTLng">23636.608</dst>
            <dst id="WASHng">41501.568</dst>
        </src>
        <src id="DNVRng">
            <dst id="ATLA-M5">411.112</dst>
            <dst id="ATLAng">4912.712</dst>
            <dst id="CHINng">23839.456</dst>
            <dst id="DNVRng">8036.536</dst>
            <dst id="HSTNng">11738.6853333333</dst>
            <dst id="IPLSng">12634.056</dst>
            <dst id="KSCYng">14441.848</dst>
            <dst id="LOSAng">15384.16</dst>
            <dst id="NYCMng">6692.01866666667</dst>
            <dst id="SNVAng">5573.47466666667</dst>
            <dst id="STTLng">50014.376</dst>
            <dst id="WASHng">28656.968</dst>
        </src>
        <src id="HSTNng">
            <dst id="ATLA-M5">2356.78133333333</dst>
            <dst id="ATLAng">6243.64533333333</dst>
            <dst id="CHINng">12527.2213333333</dst>
            <dst id="DNVRng">1469.53866666667</dst>
            <dst id="HSTNng">17691.7493333333</dst>
            <dst id="IPLSng">5188.71733333333</dst>
            <dst id="KSCYng">7854.448</dst>
            <dst id="LOSAng">11266.3093333333</dst>
            <dst id="NYCMng">3837.62933333333</dst>
            <dst id="SNVAng">53.3333333333333</dst>
            <dst id="STTLng">7643.952</dst>
            <dst id="WASHng">11822.4133333333</dst>
        </src>
        <src id="IPLSng">
            <dst id="ATLA-M5">842.936</dst>
            <dst id="ATLAng">11138.712</dst>
            <dst id="CHINng">63704.3866666667</dst>
            <dst id="DNVRng">7921.29066666667</dst>
            <dst id="HSTNng">4088.984</dst>
            <dst id="IPLSng">11106.1413333333</dst>
            <dst id="KSCYng">9889.49066666667</dst>
            <dst id="LOSAng">21899.304</dst>
            <dst id="NYCMng">11960.384</dst>
            <dst id="SNVAng">2003.86666666667</dst>
            <dst id="STTLng">35376.7386666667</dst>
            <dst id="WASHng">21011.9093333333</dst>
        </src>
        <src id="KSCYng">
            <dst id="ATLA-M5">504.189333333333</dst>
            <dst id="ATLAng">16548.312</dst>
            <dst id="CHINng">25448.7493333333</dst>
            <dst id="DNVRng">8365.81066666667</dst>
            <dst id="HSTNng">5552.79733333333</dst>
            <dst id="IPLSng">18881.24</dst>
            <dst id="KSCYng">11375.2186666667</dst>
            <dst id="LOSAng">8085.30133333333</dst>
            <dst id="NYCMng">9770.65333333333</dst>
            <dst id="SNVAng">3628.75466666667</dst>
            <dst id="STTLng">12401.848</dst>
            <dst id="WASHng">15294.5466666667</dst>
        </src>
        <src id="LOSAng">
            <dst id="ATLA-M5">232.464</dst>
            <dst id="ATLAng">16150.5146666667</dst>
            <dst id="CHINng">87236.6293333333</dst>
            <dst id="DNVRng">28294.6613333333</dst>
            <dst id="HSTNng">8103.23733333333</dst>
            <dst id="IPLSng">34727.1386666667</dst>
            <dst id="KSCYng">7504.368</dst>
            <dst id="LOSAng">14035.8586666667</dst>
            <dst id="NYCMng">41147.872</dst>
            <dst id="SNVAng">19034.944</dst>
            <dst id="STTLng">62649.2266666667</dst>
            <dst id="WASHng">62108.2586666667</dst>
        </src>
        <src id="NYCMng">
            <dst id="ATLA-M5">3724.176</dst>
            <dst id="ATLAng">34078.632</dst>
            <dst id="CHINng">38314.3813333333</dst>
            <dst id="DNVRng">27238.512</dst>
            <dst id="HSTNng">11721.4853333333</dst>
            <dst id="IPLSng">29839.7733333333</dst>
            <dst id="KSCYng">13196.8453333333</dst>
            <dst id="LOSAng">67604.344</dst>
            <dst id="NYCMng">79444.9626666667</dst>
            <dst id="SNVAng">3767.58133333333</dst>
            <dst id="STTLng">28076.32</dst>
            <dst id="WASHng">102033.098666667</dst>
        </src>
        <src id="SNVAng">
            <dst id="ATLA-M5">0</dst>
            <dst id="ATLAng">618.816</dst>
            <dst id="CHINng">80</dst>
            <dst id="DNVRng">776.242666666667</dst>
            <dst id="HSTNng">0</dst>
            <dst id="IPLSng">3155.336</dst>
            <dst id="KSCYng">26.6666666666667</dst>
            <dst id="LOSAng">9084.44533333333</dst>
            <dst id="NYCMng">266.066666666667</dst>
            <dst id="SNVAng">6713.49333333333</dst>
            <dst id="STTLng">18451.6746666667</dst>
            <dst id="WASHng">35.3866666666667</dst>
        </src>
        <src id="STTLng">
            <dst id="ATLA-M5">1194.61866666667</dst>
            <dst id="ATLAng">29289.2746666667</dst>
            <dst id="CHINng">31113.4293333333</dst>
            <dst id="DNVRng">17380.9973333333</dst>
            <dst id="HSTNng">12989.4666666667</dst>
            <dst id="IPLSng">39309.3786666667</dst>
            <dst id="KSCYng">26014.0266666667</dst>
            <dst id="LOSAng">43069.336</dst>
            <dst id="NYCMng">17184.0933333333</dst>
            <dst id="SNVAng">4407.71733333333</dst>
            <dst id="STTLng">29400.7653333333</dst>
            <dst id="WASHng">31286.3066666667</dst>
        </src>
        <src id="WASHng">
            <dst id="ATLA-M5">2211.424</dst>
            <dst id="ATLAng">119188.890666667</dst>
            <dst id="CHINng">71528.5573333333</dst>
            <dst id="DNVRng">59518.592</dst>
            <dst id="HSTNng">34040.6026666667</dst>
            <dst id="IPLSng">46243.6106666667</dst>
            <dst id="KSCYng">23906.872</dst>
            <dst id="LOSAng">89391.696</dst>
            <dst id="NYCMng">163604.789333333</dst>
            <dst id="SNVAng">7317.80533333333</dst>
            <dst id="STTLng">52055.72</dst>
            <dst id="WASHng">207170.592</dst>
        </src>
    </IntraTM>
</TrafficMatrixFile>
