<?xml version="1.0" encoding="ISO-8859-1" standalone="yes"?>
<TrafficMatrixFile xsi:noNamespaceSchemaLocation="http://totem.run.montefiore.ulg.ac.be/Schema/TrafficMatrix-v1_2.xsd" xmlns:xsi="http://www.w3.org/2001/XMLSchema-instance">
    <IntraTM ASID="11537">
        <src id="ATLA-M5">
            <dst id="ATLA-M5">117.394666666667</dst>
            <dst id="ATLAng">864.957333333333</dst>
            <dst id="CHINng">1138.032</dst>
            <dst id="DNVRng">163.613333333333</dst>
            <dst id="HSTNng">233.922666666667</dst>
            <dst id="IPLSng">1471.192</dst>
            <dst id="KSCYng">693.306666666667</dst>
            <dst id="LOSAng">167.24</dst>
            <dst id="NYCMng">392.546666666667</dst>
            <dst id="SNVAng">13.3333333333333</dst>
            <dst id="STTLng">1168.09066666667</dst>
            <dst id="WASHng">4548.66933333333</dst>
        </src>
        <src id="ATLAng">
            <dst id="ATLA-M5">1948.24266666667</dst>
            <dst id="ATLAng">49297.8933333333</dst>
            <dst id="CHINng">21915.176</dst>
            <dst id="DNVRng">5353.272</dst>
            <dst id="HSTNng">11197.816</dst>
            <dst id="IPLSng">21099.7093333333</dst>
            <dst id="KSCYng">8222.56</dst>
            <dst id="LOSAng">14230.752</dst>
            <dst id="NYCMng">16161.9146666667</dst>
            <dst id="SNVAng">1773.01866666667</dst>
            <dst id="STTLng">22400.2826666667</dst>
            <dst id="WASHng">58919.1013333333</dst>
        </src>
        <src id="CHINng">
            <dst id="ATLA-M5">1063.55733333333</dst>
            <dst id="ATLAng">155894.597333333</dst>
            <dst id="CHINng">115682.528</dst>
            <dst id="DNVRng">12326.9173333333</dst>
            <dst id="HSTNng">40202.9946666667</dst>
            <dst id="IPLSng">137360.728</dst>
            <dst id="KSCYng">22621.7146666667</dst>
            <dst id="LOSAng">223070.122666667</dst>
            <dst id="NYCMng">45983.6746666667</dst>
            <dst id="SNVAng">4861.576</dst>
            <dst id="STTLng">37035.9066666667</dst>
            <dst id="WASHng">33017.2293333333</dst>
        </src>
        <src id="DNVRng">
            <dst id="ATLA-M5">634.621333333333</dst>
            <dst id="ATLAng">14236.616</dst>
            <dst id="CHINng">125255.517333333</dst>
            <dst id="DNVRng">25867.6933333333</dst>
            <dst id="HSTNng">18546.504</dst>
            <dst id="IPLSng">24522.864</dst>
            <dst id="KSCYng">18773</dst>
            <dst id="LOSAng">17075.8426666667</dst>
            <dst id="NYCMng">8512.96266666667</dst>
            <dst id="SNVAng">18915.28</dst>
            <dst id="STTLng">26524.0426666667</dst>
            <dst id="WASHng">24530.5333333333</dst>
        </src>
        <src id="HSTNng">
            <dst id="ATLA-M5">940.2</dst>
            <dst id="ATLAng">5466.048</dst>
            <dst id="CHINng">20163.7706666667</dst>
            <dst id="DNVRng">3101.05866666667</dst>
            <dst id="HSTNng">20813.152</dst>
            <dst id="IPLSng">5746.376</dst>
            <dst id="KSCYng">9444.70933333333</dst>
            <dst id="LOSAng">3069.45066666667</dst>
            <dst id="NYCMng">14132.784</dst>
            <dst id="SNVAng">946.357333333333</dst>
            <dst id="STTLng">13947.3626666667</dst>
            <dst id="WASHng">11283.6053333333</dst>
        </src>
        <src id="IPLSng">
            <dst id="ATLA-M5">1250.856</dst>
            <dst id="ATLAng">20366.6373333333</dst>
            <dst id="CHINng">90606.9946666667</dst>
            <dst id="DNVRng">27531.3946666667</dst>
            <dst id="HSTNng">6009.67733333333</dst>
            <dst id="IPLSng">28799.2106666667</dst>
            <dst id="KSCYng">15315.52</dst>
            <dst id="LOSAng">34075.592</dst>
            <dst id="NYCMng">16426.5493333333</dst>
            <dst id="SNVAng">1193.40266666667</dst>
            <dst id="STTLng">34038.5546666667</dst>
            <dst id="WASHng">44617.6746666667</dst>
        </src>
        <src id="KSCYng">
            <dst id="ATLA-M5">729.709333333333</dst>
            <dst id="ATLAng">8136.74133333333</dst>
            <dst id="CHINng">26924.8106666667</dst>
            <dst id="DNVRng">11355.0586666667</dst>
            <dst id="HSTNng">17050.968</dst>
            <dst id="IPLSng">33060.7866666667</dst>
            <dst id="KSCYng">20723.9973333333</dst>
            <dst id="LOSAng">4249.64266666667</dst>
            <dst id="NYCMng">7292.99466666667</dst>
            <dst id="SNVAng">2433.112</dst>
            <dst id="STTLng">13969.6133333333</dst>
            <dst id="WASHng">13476.0373333333</dst>
        </src>
        <src id="LOSAng">
            <dst id="ATLA-M5">343.866666666667</dst>
            <dst id="ATLAng">18702.1093333333</dst>
            <dst id="CHINng">140630.176</dst>
            <dst id="DNVRng">17601.6053333333</dst>
            <dst id="HSTNng">13258.9306666667</dst>
            <dst id="IPLSng">25948.5706666667</dst>
            <dst id="KSCYng">7538.44266666667</dst>
            <dst id="LOSAng">6781.28266666667</dst>
            <dst id="NYCMng">45084.4533333333</dst>
            <dst id="SNVAng">20499.968</dst>
            <dst id="STTLng">68802.8826666667</dst>
            <dst id="WASHng">62089.5226666667</dst>
        </src>
        <src id="NYCMng">
            <dst id="ATLA-M5">1634.10666666667</dst>
            <dst id="ATLAng">44628.72</dst>
            <dst id="CHINng">38505.6453333333</dst>
            <dst id="DNVRng">22199.5226666667</dst>
            <dst id="HSTNng">16771.0906666667</dst>
            <dst id="IPLSng">51392.304</dst>
            <dst id="KSCYng">13544.3893333333</dst>
            <dst id="LOSAng">69981.864</dst>
            <dst id="NYCMng">129914.445333333</dst>
            <dst id="SNVAng">2173.896</dst>
            <dst id="STTLng">24779.9973333333</dst>
            <dst id="WASHng">105610.272</dst>
        </src>
        <src id="SNVAng">
            <dst id="ATLA-M5">0</dst>
            <dst id="ATLAng">301.706666666667</dst>
            <dst id="CHINng">80</dst>
            <dst id="DNVRng">4765.88</dst>
            <dst id="HSTNng">203.261333333333</dst>
            <dst id="IPLSng">525.493333333333</dst>
            <dst id="KSCYng">340.16</dst>
            <dst id="LOSAng">7520.37866666667</dst>
            <dst id="NYCMng">170.76</dst>
            <dst id="SNVAng">10316.144</dst>
            <dst id="STTLng">19893.368</dst>
            <dst id="WASHng">211.261333333333</dst>
        </src>
        <src id="STTLng">
            <dst id="ATLA-M5">4357.60266666667</dst>
            <dst id="ATLAng">71538.1573333333</dst>
            <dst id="CHINng">138213.186666667</dst>
            <dst id="DNVRng">39001.9226666667</dst>
            <dst id="HSTNng">51033.9413333333</dst>
            <dst id="IPLSng">96657.8346666667</dst>
            <dst id="KSCYng">57346.4933333333</dst>
            <dst id="LOSAng">25514.7706666667</dst>
            <dst id="NYCMng">35440.2</dst>
            <dst id="SNVAng">7740.49866666667</dst>
            <dst id="STTLng">31022.7173333333</dst>
            <dst id="WASHng">120981.282666667</dst>
        </src>
        <src id="WASHng">
            <dst id="ATLA-M5">3475.80533333333</dst>
            <dst id="ATLAng">141516.986666667</dst>
            <dst id="CHINng">110066.992</dst>
            <dst id="DNVRng">57867.5626666667</dst>
            <dst id="HSTNng">40767.0533333333</dst>
            <dst id="IPLSng">67290.5466666666</dst>
            <dst id="KSCYng">29487.9733333333</dst>
            <dst id="LOSAng">65718.2026666667</dst>
            <dst id="NYCMng">233446.24</dst>
            <dst id="SNVAng">5411.544</dst>
            <dst id="STTLng">54244.5546666667</dst>
            <dst id="WASHng">384686.08</dst>
        </src>
    </IntraTM>
</TrafficMatrixFile>
