<?xml version="1.0" encoding="ISO-8859-1" standalone="yes"?>
<TrafficMatrixFile xsi:noNamespaceSchemaLocation="http://totem.run.montefiore.ulg.ac.be/Schema/TrafficMatrix-v1_2.xsd" xmlns:xsi="http://www.w3.org/2001/XMLSchema-instance">
    <IntraTM ASID="11537">
        <src id="ATLA-M5">
            <dst id="ATLA-M5">53.3333333333333</dst>
            <dst id="ATLAng">1423.504</dst>
            <dst id="CHINng">2644.096</dst>
            <dst id="DNVRng">713.602666666667</dst>
            <dst id="HSTNng">442.602666666667</dst>
            <dst id="IPLSng">827.544</dst>
            <dst id="KSCYng">478.696</dst>
            <dst id="LOSAng">335.845333333333</dst>
            <dst id="NYCMng">1249.82933333333</dst>
            <dst id="SNVAng">0</dst>
            <dst id="STTLng">985.144</dst>
            <dst id="WASHng">2075.13066666667</dst>
        </src>
        <src id="ATLAng">
            <dst id="ATLA-M5">483.328</dst>
            <dst id="ATLAng">52861.52</dst>
            <dst id="CHINng">22622.8106666667</dst>
            <dst id="DNVRng">4600.73866666667</dst>
            <dst id="HSTNng">6733.79733333333</dst>
            <dst id="IPLSng">24215.856</dst>
            <dst id="KSCYng">7135.22133333333</dst>
            <dst id="LOSAng">19368.924</dst>
            <dst id="NYCMng">11251.5653333333</dst>
            <dst id="SNVAng">379.230666666667</dst>
            <dst id="STTLng">12234.184</dst>
            <dst id="WASHng">37433.36</dst>
        </src>
        <src id="CHINng">
            <dst id="ATLA-M5">2289.63733333333</dst>
            <dst id="ATLAng">23678.6266666667</dst>
            <dst id="CHINng">319707.146666667</dst>
            <dst id="DNVRng">11484.0693333333</dst>
            <dst id="HSTNng">12487.7466666667</dst>
            <dst id="IPLSng">50125.4826666667</dst>
            <dst id="KSCYng">16136.304</dst>
            <dst id="LOSAng">44247.6346666667</dst>
            <dst id="NYCMng">13027.6666666667</dst>
            <dst id="SNVAng">3868.368</dst>
            <dst id="STTLng">22226.4213333333</dst>
            <dst id="WASHng">28821.6746666667</dst>
        </src>
        <src id="DNVRng">
            <dst id="ATLA-M5">852.362666666667</dst>
            <dst id="ATLAng">6486.416</dst>
            <dst id="CHINng">44970.2853333333</dst>
            <dst id="DNVRng">16322.656</dst>
            <dst id="HSTNng">13205.9546666667</dst>
            <dst id="IPLSng">11138.3093333333</dst>
            <dst id="KSCYng">21478.4986666667</dst>
            <dst id="LOSAng">14568.7733333333</dst>
            <dst id="NYCMng">11472.1546666667</dst>
            <dst id="SNVAng">13568.5386666667</dst>
            <dst id="STTLng">29162.3866666667</dst>
            <dst id="WASHng">26033.608</dst>
        </src>
        <src id="HSTNng">
            <dst id="ATLA-M5">1579.79466666667</dst>
            <dst id="ATLAng">5323.67466666667</dst>
            <dst id="CHINng">19495.9413333333</dst>
            <dst id="DNVRng">3137.192</dst>
            <dst id="HSTNng">19212.9146666667</dst>
            <dst id="IPLSng">5452.60533333333</dst>
            <dst id="KSCYng">11261.0266666667</dst>
            <dst id="LOSAng">5000.26133333333</dst>
            <dst id="NYCMng">3017.23466666667</dst>
            <dst id="SNVAng">173.021333333333</dst>
            <dst id="STTLng">6669.112</dst>
            <dst id="WASHng">5185.75466666667</dst>
        </src>
        <src id="IPLSng">
            <dst id="ATLA-M5">688.578666666667</dst>
            <dst id="ATLAng">11818.3093333333</dst>
            <dst id="CHINng">53122.968</dst>
            <dst id="DNVRng">6641.816</dst>
            <dst id="HSTNng">5900.44533333333</dst>
            <dst id="IPLSng">11365.528</dst>
            <dst id="KSCYng">9111.18666666667</dst>
            <dst id="LOSAng">16451.48</dst>
            <dst id="NYCMng">9131.93866666667</dst>
            <dst id="SNVAng">844.672</dst>
            <dst id="STTLng">37970.0373333333</dst>
            <dst id="WASHng">19413.512</dst>
        </src>
        <src id="KSCYng">
            <dst id="ATLA-M5">645.658666666667</dst>
            <dst id="ATLAng">6669.488</dst>
            <dst id="CHINng">24587.7146666667</dst>
            <dst id="DNVRng">8736.4</dst>
            <dst id="HSTNng">6441.552</dst>
            <dst id="IPLSng">19776.4666666667</dst>
            <dst id="KSCYng">16237.7786666667</dst>
            <dst id="LOSAng">6741.02666666667</dst>
            <dst id="NYCMng">5047.368</dst>
            <dst id="SNVAng">2860.936</dst>
            <dst id="STTLng">9160.46133333333</dst>
            <dst id="WASHng">15351.4213333333</dst>
        </src>
        <src id="LOSAng">
            <dst id="ATLA-M5">229.992</dst>
            <dst id="ATLAng">14296.6106666667</dst>
            <dst id="CHINng">6288405.06666667</dst>
            <dst id="DNVRng">20855.888</dst>
            <dst id="HSTNng">4213.85333333333</dst>
            <dst id="IPLSng">29652.752</dst>
            <dst id="KSCYng">12843.7946666667</dst>
            <dst id="LOSAng">17059.8826666667</dst>
            <dst id="NYCMng">46441.4773333333</dst>
            <dst id="SNVAng">20065.32</dst>
            <dst id="STTLng">64843.7893333333</dst>
            <dst id="WASHng">54388.784</dst>
        </src>
        <src id="NYCMng">
            <dst id="ATLA-M5">258.754666666667</dst>
            <dst id="ATLAng">40719.0506666667</dst>
            <dst id="CHINng">34815.368</dst>
            <dst id="DNVRng">20259.68</dst>
            <dst id="HSTNng">14541.8506666667</dst>
            <dst id="IPLSng">30307.0026666667</dst>
            <dst id="KSCYng">13660.2373333333</dst>
            <dst id="LOSAng">68131.7386666667</dst>
            <dst id="NYCMng">99718.8186666667</dst>
            <dst id="SNVAng">4870.81333333333</dst>
            <dst id="STTLng">25173.0746666667</dst>
            <dst id="WASHng">108895.165333333</dst>
        </src>
        <src id="SNVAng">
            <dst id="ATLA-M5">0</dst>
            <dst id="ATLAng">0</dst>
            <dst id="CHINng">26.6666666666667</dst>
            <dst id="DNVRng">1324.41066666667</dst>
            <dst id="HSTNng">0</dst>
            <dst id="IPLSng">369.690666666667</dst>
            <dst id="KSCYng">0</dst>
            <dst id="LOSAng">8405.184</dst>
            <dst id="NYCMng">190.68</dst>
            <dst id="SNVAng">7520.77333333333</dst>
            <dst id="STTLng">17270.592</dst>
            <dst id="WASHng">53.3333333333333</dst>
        </src>
        <src id="STTLng">
            <dst id="ATLA-M5">1123.05333333333</dst>
            <dst id="ATLAng">29242.8426666667</dst>
            <dst id="CHINng">37631.52</dst>
            <dst id="DNVRng">36947.512</dst>
            <dst id="HSTNng">12780.3386666667</dst>
            <dst id="IPLSng">37200.5493333333</dst>
            <dst id="KSCYng">16644.384</dst>
            <dst id="LOSAng">43219.8613333333</dst>
            <dst id="NYCMng">11425.3626666667</dst>
            <dst id="SNVAng">3307.77866666667</dst>
            <dst id="STTLng">27663.992</dst>
            <dst id="WASHng">39049.1306666667</dst>
        </src>
        <src id="WASHng">
            <dst id="ATLA-M5">1394.44266666667</dst>
            <dst id="ATLAng">112465.741333333</dst>
            <dst id="CHINng">89420.9546666667</dst>
            <dst id="DNVRng">65774.2293333333</dst>
            <dst id="HSTNng">32916.6186666667</dst>
            <dst id="IPLSng">80308.688</dst>
            <dst id="KSCYng">27889.7173333333</dst>
            <dst id="LOSAng">73508.1786666667</dst>
            <dst id="NYCMng">252764.469333333</dst>
            <dst id="SNVAng">3228.81066666667</dst>
            <dst id="STTLng">53882.7893333333</dst>
            <dst id="WASHng">204387.344</dst>
        </src>
    </IntraTM>
</TrafficMatrixFile>
