<?xml version="1.0" encoding="ISO-8859-1" standalone="yes"?>
<TrafficMatrixFile xsi:noNamespaceSchemaLocation="http://totem.run.montefiore.ulg.ac.be/Schema/TrafficMatrix-v1_2.xsd" xmlns:xsi="http://www.w3.org/2001/XMLSchema-instance">
    <IntraTM ASID="11537">
        <src id="ATLA-M5">
            <dst id="ATLA-M5">26.6666666666667</dst>
            <dst id="ATLAng">0</dst>
            <dst id="CHINng">879.130666666666</dst>
            <dst id="DNVRng">104.717333333333</dst>
            <dst id="HSTNng">67.2453333333333</dst>
            <dst id="IPLSng">451.728</dst>
            <dst id="KSCYng">114.341333333333</dst>
            <dst id="LOSAng">93.3333333333333</dst>
            <dst id="NYCMng">26.6666666666667</dst>
            <dst id="SNVAng">13.3333333333333</dst>
            <dst id="STTLng">214.554666666667</dst>
            <dst id="WASHng">3312.32266666667</dst>
        </src>
        <src id="ATLAng">
            <dst id="ATLA-M5">179.752</dst>
            <dst id="ATLAng">30011.6826666667</dst>
            <dst id="CHINng">8806.232</dst>
            <dst id="DNVRng">1082</dst>
            <dst id="HSTNng">1359.99733333333</dst>
            <dst id="IPLSng">13211.1333333333</dst>
            <dst id="KSCYng">4700.79733333333</dst>
            <dst id="LOSAng">18918.024</dst>
            <dst id="NYCMng">6971.53066666667</dst>
            <dst id="SNVAng">792.210666666667</dst>
            <dst id="STTLng">8342.944</dst>
            <dst id="WASHng">57261.8533333333</dst>
        </src>
        <src id="CHINng">
            <dst id="ATLA-M5">663.88</dst>
            <dst id="ATLAng">15819.32</dst>
            <dst id="CHINng">94081.6266666667</dst>
            <dst id="DNVRng">14877.9866666667</dst>
            <dst id="HSTNng">6053.288</dst>
            <dst id="IPLSng">37278.1466666667</dst>
            <dst id="KSCYng">9718.13866666667</dst>
            <dst id="LOSAng">35534.192</dst>
            <dst id="NYCMng">16989.712</dst>
            <dst id="SNVAng">2449.16</dst>
            <dst id="STTLng">14958.9066666667</dst>
            <dst id="WASHng">14294.5386666667</dst>
        </src>
        <src id="DNVRng">
            <dst id="ATLA-M5">84.288</dst>
            <dst id="ATLAng">2717.34666666667</dst>
            <dst id="CHINng">31978.0666666667</dst>
            <dst id="DNVRng">6955.05866666667</dst>
            <dst id="HSTNng">12079.8026666667</dst>
            <dst id="IPLSng">29560.2666666667</dst>
            <dst id="KSCYng">9874.89066666667</dst>
            <dst id="LOSAng">7184.16266666667</dst>
            <dst id="NYCMng">3517.48533333333</dst>
            <dst id="SNVAng">5137.34133333333</dst>
            <dst id="STTLng">15725.0506666667</dst>
            <dst id="WASHng">16065.9173333333</dst>
        </src>
        <src id="HSTNng">
            <dst id="ATLA-M5">3736.75733333333</dst>
            <dst id="ATLAng">3650.61066666667</dst>
            <dst id="CHINng">15571.5626666667</dst>
            <dst id="DNVRng">719.632</dst>
            <dst id="HSTNng">22979.6133333333</dst>
            <dst id="IPLSng">1265.88266666667</dst>
            <dst id="KSCYng">4365.496</dst>
            <dst id="LOSAng">3587.81066666667</dst>
            <dst id="NYCMng">3049.20266666667</dst>
            <dst id="SNVAng">109.744</dst>
            <dst id="STTLng">3468.98933333333</dst>
            <dst id="WASHng">2607.97333333333</dst>
        </src>
        <src id="IPLSng">
            <dst id="ATLA-M5">256.442666666667</dst>
            <dst id="ATLAng">6562.152</dst>
            <dst id="CHINng">84660.064</dst>
            <dst id="DNVRng">6743.50666666667</dst>
            <dst id="HSTNng">568.170666666667</dst>
            <dst id="IPLSng">55680.9066666667</dst>
            <dst id="KSCYng">9129.83466666667</dst>
            <dst id="LOSAng">17620.0906666667</dst>
            <dst id="NYCMng">8820.81066666667</dst>
            <dst id="SNVAng">230.568</dst>
            <dst id="STTLng">26553.4453333333</dst>
            <dst id="WASHng">17985.5173333333</dst>
        </src>
        <src id="KSCYng">
            <dst id="ATLA-M5">27.6106666666667</dst>
            <dst id="ATLAng">5532.69866666667</dst>
            <dst id="CHINng">19505.976</dst>
            <dst id="DNVRng">8055.33866666667</dst>
            <dst id="HSTNng">11386.7093333333</dst>
            <dst id="IPLSng">15877.6026666667</dst>
            <dst id="KSCYng">7739.008</dst>
            <dst id="LOSAng">5395.34933333333</dst>
            <dst id="NYCMng">2674.48533333333</dst>
            <dst id="SNVAng">2365.65066666667</dst>
            <dst id="STTLng">5782.49866666667</dst>
            <dst id="WASHng">9881.86933333333</dst>
        </src>
        <src id="LOSAng">
            <dst id="ATLA-M5">505.216</dst>
            <dst id="ATLAng">9400.864</dst>
            <dst id="CHINng">109734.944</dst>
            <dst id="DNVRng">17630.816</dst>
            <dst id="HSTNng">3046.77066666667</dst>
            <dst id="IPLSng">7081.45866666667</dst>
            <dst id="KSCYng">2516.32</dst>
            <dst id="LOSAng">8554.70933333333</dst>
            <dst id="NYCMng">44484.792</dst>
            <dst id="SNVAng">17590.7466666667</dst>
            <dst id="STTLng">47792.9786666667</dst>
            <dst id="WASHng">42072.08</dst>
        </src>
        <src id="NYCMng">
            <dst id="ATLA-M5">324.229333333333</dst>
            <dst id="ATLAng">35295.9573333333</dst>
            <dst id="CHINng">33933.808</dst>
            <dst id="DNVRng">15288.768</dst>
            <dst id="HSTNng">4753.88266666667</dst>
            <dst id="IPLSng">12876.792</dst>
            <dst id="KSCYng">3479.36</dst>
            <dst id="LOSAng">54720.9386666667</dst>
            <dst id="NYCMng">83830.5653333333</dst>
            <dst id="SNVAng">653.141333333333</dst>
            <dst id="STTLng">35911.9573333333</dst>
            <dst id="WASHng">44452.0826666667</dst>
        </src>
        <src id="SNVAng">
            <dst id="ATLA-M5">0</dst>
            <dst id="ATLAng">336.970666666667</dst>
            <dst id="CHINng">26.6666666666667</dst>
            <dst id="DNVRng">532.397333333333</dst>
            <dst id="HSTNng">0</dst>
            <dst id="IPLSng">312.565333333333</dst>
            <dst id="KSCYng">0</dst>
            <dst id="LOSAng">9868.088</dst>
            <dst id="NYCMng">80</dst>
            <dst id="SNVAng">8374.664</dst>
            <dst id="STTLng">14945.248</dst>
            <dst id="WASHng">53.3333333333333</dst>
        </src>
        <src id="STTLng">
            <dst id="ATLA-M5">159.578666666667</dst>
            <dst id="ATLAng">14610.5253333333</dst>
            <dst id="CHINng">38552.9813333333</dst>
            <dst id="DNVRng">2719.49866666667</dst>
            <dst id="HSTNng">2853.72</dst>
            <dst id="IPLSng">15310.408</dst>
            <dst id="KSCYng">5635.77066666667</dst>
            <dst id="LOSAng">33616.3093333333</dst>
            <dst id="NYCMng">9109.11733333333</dst>
            <dst id="SNVAng">1161.992</dst>
            <dst id="STTLng">12389.4773333333</dst>
            <dst id="WASHng">19295.2826666667</dst>
        </src>
        <src id="WASHng">
            <dst id="ATLA-M5">2787.328</dst>
            <dst id="ATLAng">93647.96</dst>
            <dst id="CHINng">50297.576</dst>
            <dst id="DNVRng">59409.0293333333</dst>
            <dst id="HSTNng">27948.416</dst>
            <dst id="IPLSng">30194.7973333333</dst>
            <dst id="KSCYng">22090.784</dst>
            <dst id="LOSAng">74063.5466666667</dst>
            <dst id="NYCMng">100290.554666667</dst>
            <dst id="SNVAng">1442.64266666667</dst>
            <dst id="STTLng">42152.84</dst>
            <dst id="WASHng">282881.68</dst>
        </src>
    </IntraTM>
</TrafficMatrixFile>
