<?xml version="1.0" encoding="ISO-8859-1" standalone="yes"?>
<TrafficMatrixFile xsi:noNamespaceSchemaLocation="http://totem.run.montefiore.ulg.ac.be/Schema/TrafficMatrix-v1_2.xsd" xmlns:xsi="http://www.w3.org/2001/XMLSchema-instance">
    <IntraTM ASID="11537">
        <src id="ATLA-M5">
            <dst id="ATLA-M5">0</dst>
            <dst id="ATLAng">314.554666666667</dst>
            <dst id="CHINng">575.877333333333</dst>
            <dst id="DNVRng">390.842666666667</dst>
            <dst id="HSTNng">388.12</dst>
            <dst id="IPLSng">741.717333333333</dst>
            <dst id="KSCYng">415.984</dst>
            <dst id="LOSAng">660.362666666667</dst>
            <dst id="NYCMng">1316.79733333333</dst>
            <dst id="SNVAng">129.314666666667</dst>
            <dst id="STTLng">342.986666666667</dst>
            <dst id="WASHng">660.029333333333</dst>
        </src>
        <src id="ATLAng">
            <dst id="ATLA-M5">1138.49866666667</dst>
            <dst id="ATLAng">35706.7226666667</dst>
            <dst id="CHINng">12513.984</dst>
            <dst id="DNVRng">11352.5573333333</dst>
            <dst id="HSTNng">2377.49866666667</dst>
            <dst id="IPLSng">19996.3146666667</dst>
            <dst id="KSCYng">2834.872</dst>
            <dst id="LOSAng">26746.9493333333</dst>
            <dst id="NYCMng">9080.936</dst>
            <dst id="SNVAng">702.412</dst>
            <dst id="STTLng">9608.376</dst>
            <dst id="WASHng">37077.8506666667</dst>
        </src>
        <src id="CHINng">
            <dst id="ATLA-M5">1798.30133333333</dst>
            <dst id="ATLAng">21304.7866666667</dst>
            <dst id="CHINng">108390.802666667</dst>
            <dst id="DNVRng">20574.536</dst>
            <dst id="HSTNng">12821.9813333333</dst>
            <dst id="IPLSng">88195.736</dst>
            <dst id="KSCYng">14912.6053333333</dst>
            <dst id="LOSAng">44241.1413333333</dst>
            <dst id="NYCMng">8464.31733333334</dst>
            <dst id="SNVAng">3768.36533333333</dst>
            <dst id="STTLng">18673.7173333333</dst>
            <dst id="WASHng">18515.176</dst>
        </src>
        <src id="DNVRng">
            <dst id="ATLA-M5">236.522666666667</dst>
            <dst id="ATLAng">16854.5466666667</dst>
            <dst id="CHINng">59592.9973333333</dst>
            <dst id="DNVRng">17551.8426666667</dst>
            <dst id="HSTNng">13513.5146666667</dst>
            <dst id="IPLSng">10086.9226666667</dst>
            <dst id="KSCYng">15257.3626666667</dst>
            <dst id="LOSAng">14463.7466666667</dst>
            <dst id="NYCMng">6705.04533333333</dst>
            <dst id="SNVAng">12276.9626666667</dst>
            <dst id="STTLng">25028.6293333333</dst>
            <dst id="WASHng">21362.0266666667</dst>
        </src>
        <src id="HSTNng">
            <dst id="ATLA-M5">2651.32</dst>
            <dst id="ATLAng">5793.464</dst>
            <dst id="CHINng">12804.4133333333</dst>
            <dst id="DNVRng">1350.81333333333</dst>
            <dst id="HSTNng">24518.336</dst>
            <dst id="IPLSng">3321.51466666667</dst>
            <dst id="KSCYng">7715.696</dst>
            <dst id="LOSAng">10151.816</dst>
            <dst id="NYCMng">1975.97333333333</dst>
            <dst id="SNVAng">235.362666666667</dst>
            <dst id="STTLng">5319.41866666667</dst>
            <dst id="WASHng">4924.328</dst>
        </src>
        <src id="IPLSng">
            <dst id="ATLA-M5">275.912</dst>
            <dst id="ATLAng">17210.1786666667</dst>
            <dst id="CHINng">54813.3706666667</dst>
            <dst id="DNVRng">6779.48533333333</dst>
            <dst id="HSTNng">1000.6</dst>
            <dst id="IPLSng">25451.896</dst>
            <dst id="KSCYng">11896.504</dst>
            <dst id="LOSAng">18574.6453333333</dst>
            <dst id="NYCMng">4649.31733333333</dst>
            <dst id="SNVAng">1271.584</dst>
            <dst id="STTLng">26184.544</dst>
            <dst id="WASHng">10849.248</dst>
        </src>
        <src id="KSCYng">
            <dst id="ATLA-M5">367.229333333333</dst>
            <dst id="ATLAng">8476.60266666667</dst>
            <dst id="CHINng">25199.6106666667</dst>
            <dst id="DNVRng">6441</dst>
            <dst id="HSTNng">4509.63466666667</dst>
            <dst id="IPLSng">18865.6666666667</dst>
            <dst id="KSCYng">15839.8426666667</dst>
            <dst id="LOSAng">7745.64266666667</dst>
            <dst id="NYCMng">3063.06933333333</dst>
            <dst id="SNVAng">2583.984</dst>
            <dst id="STTLng">6951.44</dst>
            <dst id="WASHng">11325.872</dst>
        </src>
        <src id="LOSAng">
            <dst id="ATLA-M5">140.821333333333</dst>
            <dst id="ATLAng">7337.216</dst>
            <dst id="CHINng">6417824.26666667</dst>
            <dst id="DNVRng">21800.816</dst>
            <dst id="HSTNng">6355.384</dst>
            <dst id="IPLSng">20569.3706666667</dst>
            <dst id="KSCYng">4256.09066666667</dst>
            <dst id="LOSAng">25590.2346666667</dst>
            <dst id="NYCMng">46811.8506666667</dst>
            <dst id="SNVAng">19372.0933333333</dst>
            <dst id="STTLng">62470.0346666667</dst>
            <dst id="WASHng">45550.6293333333</dst>
        </src>
        <src id="NYCMng">
            <dst id="ATLA-M5">751.181333333333</dst>
            <dst id="ATLAng">16065.7546666667</dst>
            <dst id="CHINng">30778.5946666667</dst>
            <dst id="DNVRng">12214.2933333333</dst>
            <dst id="HSTNng">12551.5813333333</dst>
            <dst id="IPLSng">15133.5786666667</dst>
            <dst id="KSCYng">10764.0373333333</dst>
            <dst id="LOSAng">64588.5813333333</dst>
            <dst id="NYCMng">90051.8613333333</dst>
            <dst id="SNVAng">2092.296</dst>
            <dst id="STTLng">23985.2773333333</dst>
            <dst id="WASHng">62673.496</dst>
        </src>
        <src id="SNVAng">
            <dst id="ATLA-M5">0</dst>
            <dst id="ATLAng">299.272</dst>
            <dst id="CHINng">53.3333333333333</dst>
            <dst id="DNVRng">796.376</dst>
            <dst id="HSTNng">0</dst>
            <dst id="IPLSng">431.808</dst>
            <dst id="KSCYng">0</dst>
            <dst id="LOSAng">7294.096</dst>
            <dst id="NYCMng">53.3333333333333</dst>
            <dst id="SNVAng">8720.96266666667</dst>
            <dst id="STTLng">16092.0986666667</dst>
            <dst id="WASHng">0</dst>
        </src>
        <src id="STTLng">
            <dst id="ATLA-M5">737.637333333333</dst>
            <dst id="ATLAng">14340.2986666667</dst>
            <dst id="CHINng">32240.7226666667</dst>
            <dst id="DNVRng">8621.62133333333</dst>
            <dst id="HSTNng">5959.16533333333</dst>
            <dst id="IPLSng">9970.016</dst>
            <dst id="KSCYng">7414.672</dst>
            <dst id="LOSAng">45097.736</dst>
            <dst id="NYCMng">8121.42933333333</dst>
            <dst id="SNVAng">3046.424</dst>
            <dst id="STTLng">22243.7066666667</dst>
            <dst id="WASHng">12236.9546666667</dst>
        </src>
        <src id="WASHng">
            <dst id="ATLA-M5">1666.83733333333</dst>
            <dst id="ATLAng">132958.290666667</dst>
            <dst id="CHINng">80359.464</dst>
            <dst id="DNVRng">50453.8853333333</dst>
            <dst id="HSTNng">21806.6826666667</dst>
            <dst id="IPLSng">50883</dst>
            <dst id="KSCYng">22824.4266666667</dst>
            <dst id="LOSAng">82332.9973333333</dst>
            <dst id="NYCMng">177013.168</dst>
            <dst id="SNVAng">1894.87466666667</dst>
            <dst id="STTLng">62631.344</dst>
            <dst id="WASHng">174553.994666667</dst>
        </src>
    </IntraTM>
</TrafficMatrixFile>
