<?xml version="1.0" encoding="ISO-8859-1" standalone="yes"?>
<TrafficMatrixFile xsi:noNamespaceSchemaLocation="http://totem.run.montefiore.ulg.ac.be/Schema/TrafficMatrix-v1_2.xsd" xmlns:xsi="http://www.w3.org/2001/XMLSchema-instance">
    <IntraTM ASID="11537">
        <src id="ATLA-M5">
            <dst id="ATLA-M5">299.12</dst>
            <dst id="ATLAng">1446.97866666667</dst>
            <dst id="CHINng">1252.85066666667</dst>
            <dst id="DNVRng">244.816</dst>
            <dst id="HSTNng">334.416</dst>
            <dst id="IPLSng">1066.432</dst>
            <dst id="KSCYng">202</dst>
            <dst id="LOSAng">564.384</dst>
            <dst id="NYCMng">1592.184</dst>
            <dst id="SNVAng">40</dst>
            <dst id="STTLng">1114.304</dst>
            <dst id="WASHng">1992.63733333333</dst>
        </src>
        <src id="ATLAng">
            <dst id="ATLA-M5">437.962666666667</dst>
            <dst id="ATLAng">46187.0986666667</dst>
            <dst id="CHINng">31100.7786666667</dst>
            <dst id="DNVRng">6189.05333333333</dst>
            <dst id="HSTNng">16193.3946666667</dst>
            <dst id="IPLSng">27394.568</dst>
            <dst id="KSCYng">10625.8346666667</dst>
            <dst id="LOSAng">20040.832</dst>
            <dst id="NYCMng">10601.8533333333</dst>
            <dst id="SNVAng">1817.79733333333</dst>
            <dst id="STTLng">25690.0986666667</dst>
            <dst id="WASHng">59242.5013333333</dst>
        </src>
        <src id="CHINng">
            <dst id="ATLA-M5">1230.42666666667</dst>
            <dst id="ATLAng">55660.6453333333</dst>
            <dst id="CHINng">120935.752</dst>
            <dst id="DNVRng">20663.752</dst>
            <dst id="HSTNng">20658.4666666667</dst>
            <dst id="IPLSng">99442.8426666667</dst>
            <dst id="KSCYng">20430.5226666667</dst>
            <dst id="LOSAng">45405.88</dst>
            <dst id="NYCMng">18990.3466666667</dst>
            <dst id="SNVAng">5933.04</dst>
            <dst id="STTLng">40552.6426666667</dst>
            <dst id="WASHng">42488.208</dst>
        </src>
        <src id="DNVRng">
            <dst id="ATLA-M5">227.445333333333</dst>
            <dst id="ATLAng">13995.3973333333</dst>
            <dst id="CHINng">43725.104</dst>
            <dst id="DNVRng">18102.704</dst>
            <dst id="HSTNng">19400.8586666667</dst>
            <dst id="IPLSng">20877.6773333333</dst>
            <dst id="KSCYng">19774.8506666667</dst>
            <dst id="LOSAng">28936.1226666667</dst>
            <dst id="NYCMng">13761.2186666667</dst>
            <dst id="SNVAng">41422.536</dst>
            <dst id="STTLng">40061.176</dst>
            <dst id="WASHng">27840.6186666667</dst>
        </src>
        <src id="HSTNng">
            <dst id="ATLA-M5">3096.336</dst>
            <dst id="ATLAng">13574.2586666667</dst>
            <dst id="CHINng">18552.8426666667</dst>
            <dst id="DNVRng">4568.99733333333</dst>
            <dst id="HSTNng">14959.568</dst>
            <dst id="IPLSng">8849.21866666667</dst>
            <dst id="KSCYng">10562.5706666667</dst>
            <dst id="LOSAng">8493.15733333333</dst>
            <dst id="NYCMng">6770.97866666667</dst>
            <dst id="SNVAng">457.834666666667</dst>
            <dst id="STTLng">13924.7066666667</dst>
            <dst id="WASHng">18850.824</dst>
        </src>
        <src id="IPLSng">
            <dst id="ATLA-M5">609.354666666667</dst>
            <dst id="ATLAng">21438.072</dst>
            <dst id="CHINng">92342.3093333334</dst>
            <dst id="DNVRng">24622.2106666667</dst>
            <dst id="HSTNng">11183.1546666667</dst>
            <dst id="IPLSng">23581.7173333333</dst>
            <dst id="KSCYng">12503.048</dst>
            <dst id="LOSAng">21806.5653333333</dst>
            <dst id="NYCMng">25906.3946666667</dst>
            <dst id="SNVAng">6334.82933333333</dst>
            <dst id="STTLng">34770.8346666667</dst>
            <dst id="WASHng">70389.5573333333</dst>
        </src>
        <src id="KSCYng">
            <dst id="ATLA-M5">1148.36533333333</dst>
            <dst id="ATLAng">8730.512</dst>
            <dst id="CHINng">32915.3226666667</dst>
            <dst id="DNVRng">8474.41066666666</dst>
            <dst id="HSTNng">5599.64266666667</dst>
            <dst id="IPLSng">19645.0053333333</dst>
            <dst id="KSCYng">9715.98933333333</dst>
            <dst id="LOSAng">6058.01333333334</dst>
            <dst id="NYCMng">5747.4</dst>
            <dst id="SNVAng">3227.97866666667</dst>
            <dst id="STTLng">14359.792</dst>
            <dst id="WASHng">17569.1733333333</dst>
        </src>
        <src id="LOSAng">
            <dst id="ATLA-M5">182.445333333333</dst>
            <dst id="ATLAng">26298.1786666667</dst>
            <dst id="CHINng">105868.357333333</dst>
            <dst id="DNVRng">71028.6773333333</dst>
            <dst id="HSTNng">23396.3466666667</dst>
            <dst id="IPLSng">43247.1333333333</dst>
            <dst id="KSCYng">5198.248</dst>
            <dst id="LOSAng">18229.3786666667</dst>
            <dst id="NYCMng">52784.6293333333</dst>
            <dst id="SNVAng">24972.936</dst>
            <dst id="STTLng">65250.1466666667</dst>
            <dst id="WASHng">122692.901333333</dst>
        </src>
        <src id="NYCMng">
            <dst id="ATLA-M5">1278.66133333333</dst>
            <dst id="ATLAng">68161.7226666667</dst>
            <dst id="CHINng">50510.0666666667</dst>
            <dst id="DNVRng">34799.0293333333</dst>
            <dst id="HSTNng">26745.1733333333</dst>
            <dst id="IPLSng">47689.96</dst>
            <dst id="KSCYng">25052.5386666667</dst>
            <dst id="LOSAng">72609.968</dst>
            <dst id="NYCMng">149409.04</dst>
            <dst id="SNVAng">6640.784</dst>
            <dst id="STTLng">23541.9386666667</dst>
            <dst id="WASHng">172618.706666667</dst>
        </src>
        <src id="SNVAng">
            <dst id="ATLA-M5">0</dst>
            <dst id="ATLAng">517.981333333333</dst>
            <dst id="CHINng">353.293333333333</dst>
            <dst id="DNVRng">14755.8026666667</dst>
            <dst id="HSTNng">113.946666666667</dst>
            <dst id="IPLSng">897.050666666667</dst>
            <dst id="KSCYng">255.613333333333</dst>
            <dst id="LOSAng">8937.16</dst>
            <dst id="NYCMng">134.064</dst>
            <dst id="SNVAng">9803.184</dst>
            <dst id="STTLng">19551.816</dst>
            <dst id="WASHng">646.570666666667</dst>
        </src>
        <src id="STTLng">
            <dst id="ATLA-M5">3560.29866666667</dst>
            <dst id="ATLAng">81561.8666666667</dst>
            <dst id="CHINng">118144.061333333</dst>
            <dst id="DNVRng">49468.8506666667</dst>
            <dst id="HSTNng">48317.52</dst>
            <dst id="IPLSng">92093.336</dst>
            <dst id="KSCYng">60959.024</dst>
            <dst id="LOSAng">16529.7866666667</dst>
            <dst id="NYCMng">29687.952</dst>
            <dst id="SNVAng">9426.68266666667</dst>
            <dst id="STTLng">54872.5066666667</dst>
            <dst id="WASHng">113594.269333333</dst>
        </src>
        <src id="WASHng">
            <dst id="ATLA-M5">12557.0746666667</dst>
            <dst id="ATLAng">131536.794666667</dst>
            <dst id="CHINng">126469.661333333</dst>
            <dst id="DNVRng">87490.8693333333</dst>
            <dst id="HSTNng">24770.5573333333</dst>
            <dst id="IPLSng">125400.362666667</dst>
            <dst id="KSCYng">22777.224</dst>
            <dst id="LOSAng">105706.410666667</dst>
            <dst id="NYCMng">300024.293333333</dst>
            <dst id="SNVAng">16873.6026666667</dst>
            <dst id="STTLng">55747.9626666667</dst>
            <dst id="WASHng">265573.730666667</dst>
        </src>
    </IntraTM>
</TrafficMatrixFile>
