<?xml version="1.0" encoding="ISO-8859-1" standalone="yes"?>
<TrafficMatrixFile xsi:noNamespaceSchemaLocation="http://totem.run.montefiore.ulg.ac.be/Schema/TrafficMatrix-v1_2.xsd" xmlns:xsi="http://www.w3.org/2001/XMLSchema-instance">
    <IntraTM ASID="11537">
        <src id="ATLA-M5">
            <dst id="ATLA-M5">26.6666666666667</dst>
            <dst id="ATLAng">53.3333333333333</dst>
            <dst id="CHINng">232.146666666667</dst>
            <dst id="DNVRng">53.3333333333333</dst>
            <dst id="HSTNng">97.5253333333333</dst>
            <dst id="IPLSng">682.858666666667</dst>
            <dst id="KSCYng">203.397333333333</dst>
            <dst id="LOSAng">26.6666666666667</dst>
            <dst id="NYCMng">2655.36</dst>
            <dst id="SNVAng">0</dst>
            <dst id="STTLng">533.189333333333</dst>
            <dst id="WASHng">888.349333333333</dst>
        </src>
        <src id="ATLAng">
            <dst id="ATLA-M5">183.869333333333</dst>
            <dst id="ATLAng">21013.2906666667</dst>
            <dst id="CHINng">12134.4586666667</dst>
            <dst id="DNVRng">5567.728</dst>
            <dst id="HSTNng">1910.104</dst>
            <dst id="IPLSng">14606.3813333333</dst>
            <dst id="KSCYng">1896.144</dst>
            <dst id="LOSAng">12999.5786666667</dst>
            <dst id="NYCMng">9771.92</dst>
            <dst id="SNVAng">2007.59466666667</dst>
            <dst id="STTLng">13893.3306666667</dst>
            <dst id="WASHng">58814.696</dst>
        </src>
        <src id="CHINng">
            <dst id="ATLA-M5">410.32</dst>
            <dst id="ATLAng">31429.232</dst>
            <dst id="CHINng">114903.72</dst>
            <dst id="DNVRng">6110.576</dst>
            <dst id="HSTNng">5527.20533333333</dst>
            <dst id="IPLSng">118870.461333333</dst>
            <dst id="KSCYng">7720.352</dst>
            <dst id="LOSAng">31861.3093333333</dst>
            <dst id="NYCMng">10648.304</dst>
            <dst id="SNVAng">3242.96533333333</dst>
            <dst id="STTLng">19142.904</dst>
            <dst id="WASHng">12925.1866666667</dst>
        </src>
        <src id="DNVRng">
            <dst id="ATLA-M5">90.88</dst>
            <dst id="ATLAng">4143.232</dst>
            <dst id="CHINng">44859.9173333333</dst>
            <dst id="DNVRng">4962.04266666667</dst>
            <dst id="HSTNng">8325.63466666667</dst>
            <dst id="IPLSng">9009.04</dst>
            <dst id="KSCYng">9926.19733333333</dst>
            <dst id="LOSAng">4029.6</dst>
            <dst id="NYCMng">15988.9946666667</dst>
            <dst id="SNVAng">6647.90666666667</dst>
            <dst id="STTLng">5869.336</dst>
            <dst id="WASHng">26435.6613333333</dst>
        </src>
        <src id="HSTNng">
            <dst id="ATLA-M5">1246.888</dst>
            <dst id="ATLAng">2130.78666666667</dst>
            <dst id="CHINng">18109.0293333333</dst>
            <dst id="DNVRng">873.474666666667</dst>
            <dst id="HSTNng">9631.792</dst>
            <dst id="IPLSng">2375.77866666667</dst>
            <dst id="KSCYng">4881.21066666667</dst>
            <dst id="LOSAng">5143.14133333333</dst>
            <dst id="NYCMng">3803.672</dst>
            <dst id="SNVAng">26.6666666666667</dst>
            <dst id="STTLng">4601.98933333333</dst>
            <dst id="WASHng">9444.61866666667</dst>
        </src>
        <src id="IPLSng">
            <dst id="ATLA-M5">129.458666666667</dst>
            <dst id="ATLAng">6679.48533333333</dst>
            <dst id="CHINng">58996.8106666667</dst>
            <dst id="DNVRng">6916.78666666667</dst>
            <dst id="HSTNng">1045.256</dst>
            <dst id="IPLSng">13407.1973333333</dst>
            <dst id="KSCYng">3039.056</dst>
            <dst id="LOSAng">17113.856</dst>
            <dst id="NYCMng">16751.664</dst>
            <dst id="SNVAng">396.605333333334</dst>
            <dst id="STTLng">20565.1066666667</dst>
            <dst id="WASHng">28834.6666666667</dst>
        </src>
        <src id="KSCYng">
            <dst id="ATLA-M5">126.746666666667</dst>
            <dst id="ATLAng">5915.31466666667</dst>
            <dst id="CHINng">27755.1146666667</dst>
            <dst id="DNVRng">9744.51733333333</dst>
            <dst id="HSTNng">2326.176</dst>
            <dst id="IPLSng">13663.976</dst>
            <dst id="KSCYng">4918.37066666667</dst>
            <dst id="LOSAng">3113.616</dst>
            <dst id="NYCMng">6946.09333333333</dst>
            <dst id="SNVAng">1714.45333333333</dst>
            <dst id="STTLng">11716.0613333333</dst>
            <dst id="WASHng">14194.5253333333</dst>
        </src>
        <src id="LOSAng">
            <dst id="ATLA-M5">152</dst>
            <dst id="ATLAng">4885.89066666667</dst>
            <dst id="CHINng">69657.7866666667</dst>
            <dst id="DNVRng">6978.45333333333</dst>
            <dst id="HSTNng">2113.68</dst>
            <dst id="IPLSng">13362.7626666667</dst>
            <dst id="KSCYng">1457.09066666667</dst>
            <dst id="LOSAng">12431.9146666667</dst>
            <dst id="NYCMng">29626.9786666667</dst>
            <dst id="SNVAng">18894.48</dst>
            <dst id="STTLng">47996.8906666667</dst>
            <dst id="WASHng">34639.216</dst>
        </src>
        <src id="NYCMng">
            <dst id="ATLA-M5">298.461333333333</dst>
            <dst id="ATLAng">25982.632</dst>
            <dst id="CHINng">41128.0746666667</dst>
            <dst id="DNVRng">22041.888</dst>
            <dst id="HSTNng">7356.10933333333</dst>
            <dst id="IPLSng">17633.0826666667</dst>
            <dst id="KSCYng">6359.83466666667</dst>
            <dst id="LOSAng">40373.8613333333</dst>
            <dst id="NYCMng">102761.864</dst>
            <dst id="SNVAng">1769.84</dst>
            <dst id="STTLng">18076.5253333333</dst>
            <dst id="WASHng">72074.4986666667</dst>
        </src>
        <src id="SNVAng">
            <dst id="ATLA-M5">0</dst>
            <dst id="ATLAng">0</dst>
            <dst id="CHINng">53.3333333333333</dst>
            <dst id="DNVRng">999.144</dst>
            <dst id="HSTNng">63.68</dst>
            <dst id="IPLSng">303.346666666667</dst>
            <dst id="KSCYng">0</dst>
            <dst id="LOSAng">4968.30666666667</dst>
            <dst id="NYCMng">130.242666666667</dst>
            <dst id="SNVAng">6275.23466666667</dst>
            <dst id="STTLng">14430.0373333333</dst>
            <dst id="WASHng">80</dst>
        </src>
        <src id="STTLng">
            <dst id="ATLA-M5">2106.70933333333</dst>
            <dst id="ATLAng">29200.2373333333</dst>
            <dst id="CHINng">53284.68</dst>
            <dst id="DNVRng">2665.664</dst>
            <dst id="HSTNng">5106.29066666667</dst>
            <dst id="IPLSng">34438.0106666667</dst>
            <dst id="KSCYng">11822.2293333333</dst>
            <dst id="LOSAng">26379.2533333333</dst>
            <dst id="NYCMng">16149.2266666667</dst>
            <dst id="SNVAng">915.253333333333</dst>
            <dst id="STTLng">13069.024</dst>
            <dst id="WASHng">55909.096</dst>
        </src>
        <src id="WASHng">
            <dst id="ATLA-M5">2116.91466666667</dst>
            <dst id="ATLAng">98506.0933333334</dst>
            <dst id="CHINng">62216.8826666667</dst>
            <dst id="DNVRng">70174.4853333333</dst>
            <dst id="HSTNng">25550.2293333333</dst>
            <dst id="IPLSng">44738.2186666667</dst>
            <dst id="KSCYng">14512.5733333333</dst>
            <dst id="LOSAng">82136.3573333333</dst>
            <dst id="NYCMng">102774.618666667</dst>
            <dst id="SNVAng">3996.62933333333</dst>
            <dst id="STTLng">45292.7973333333</dst>
            <dst id="WASHng">239653.568</dst>
        </src>
    </IntraTM>
</TrafficMatrixFile>
