<?xml version="1.0" encoding="ISO-8859-1" standalone="yes"?>
<TrafficMatrixFile xsi:noNamespaceSchemaLocation="http://totem.run.montefiore.ulg.ac.be/Schema/TrafficMatrix-v1_2.xsd" xmlns:xsi="http://www.w3.org/2001/XMLSchema-instance">
    <IntraTM ASID="11537">
        <src id="ATLA-M5">
            <dst id="ATLA-M5">53.3333333333333</dst>
            <dst id="ATLAng">1025.72266666667</dst>
            <dst id="CHINng">2155.80266666667</dst>
            <dst id="DNVRng">148.304</dst>
            <dst id="HSTNng">879.602666666666</dst>
            <dst id="IPLSng">1054.64266666667</dst>
            <dst id="KSCYng">1407.59466666667</dst>
            <dst id="LOSAng">247.653333333333</dst>
            <dst id="NYCMng">1910.424</dst>
            <dst id="SNVAng">71.792</dst>
            <dst id="STTLng">584.061333333333</dst>
            <dst id="WASHng">1832.072</dst>
        </src>
        <src id="ATLAng">
            <dst id="ATLA-M5">988.917333333334</dst>
            <dst id="ATLAng">51018.5333333333</dst>
            <dst id="CHINng">18611.3413333333</dst>
            <dst id="DNVRng">4197.77066666667</dst>
            <dst id="HSTNng">8491.592</dst>
            <dst id="IPLSng">29161.0266666667</dst>
            <dst id="KSCYng">4787.416</dst>
            <dst id="LOSAng">33660.0826666667</dst>
            <dst id="NYCMng">12770.056</dst>
            <dst id="SNVAng">1651.46666666667</dst>
            <dst id="STTLng">16466.4613333333</dst>
            <dst id="WASHng">47559.6293333333</dst>
        </src>
        <src id="CHINng">
            <dst id="ATLA-M5">1709.41333333333</dst>
            <dst id="ATLAng">101332.672</dst>
            <dst id="CHINng">88702.0266666667</dst>
            <dst id="DNVRng">12538.5493333333</dst>
            <dst id="HSTNng">11486.496</dst>
            <dst id="IPLSng">66808.4426666667</dst>
            <dst id="KSCYng">18410.1786666667</dst>
            <dst id="LOSAng">34002.3226666667</dst>
            <dst id="NYCMng">11302.5733333333</dst>
            <dst id="SNVAng">5966.46933333333</dst>
            <dst id="STTLng">30647.7173333333</dst>
            <dst id="WASHng">27099.2026666667</dst>
        </src>
        <src id="DNVRng">
            <dst id="ATLA-M5">816.378666666667</dst>
            <dst id="ATLAng">7573.31733333334</dst>
            <dst id="CHINng">25280.2826666667</dst>
            <dst id="DNVRng">9121.49066666667</dst>
            <dst id="HSTNng">14359.9173333333</dst>
            <dst id="IPLSng">11680.4666666667</dst>
            <dst id="KSCYng">10190.4106666667</dst>
            <dst id="LOSAng">13241.6106666667</dst>
            <dst id="NYCMng">7706.39733333333</dst>
            <dst id="SNVAng">14794.5626666667</dst>
            <dst id="STTLng">50909.664</dst>
            <dst id="WASHng">25383.336</dst>
        </src>
        <src id="HSTNng">
            <dst id="ATLA-M5">507.293333333333</dst>
            <dst id="ATLAng">3677.94666666667</dst>
            <dst id="CHINng">28092.4186666667</dst>
            <dst id="DNVRng">2100.59733333333</dst>
            <dst id="HSTNng">15776.6186666667</dst>
            <dst id="IPLSng">5110.18666666667</dst>
            <dst id="KSCYng">10338.8053333333</dst>
            <dst id="LOSAng">5808.73066666667</dst>
            <dst id="NYCMng">2636.97333333333</dst>
            <dst id="SNVAng">744.165333333333</dst>
            <dst id="STTLng">8952.216</dst>
            <dst id="WASHng">17885.8373333333</dst>
        </src>
        <src id="IPLSng">
            <dst id="ATLA-M5">806.322666666667</dst>
            <dst id="ATLAng">14215.9546666667</dst>
            <dst id="CHINng">53157.0853333333</dst>
            <dst id="DNVRng">11316.9973333333</dst>
            <dst id="HSTNng">4007.08266666667</dst>
            <dst id="IPLSng">70534.6613333333</dst>
            <dst id="KSCYng">14822.1866666667</dst>
            <dst id="LOSAng">33402.4506666667</dst>
            <dst id="NYCMng">10906.2026666667</dst>
            <dst id="SNVAng">6368.944</dst>
            <dst id="STTLng">23952.1786666667</dst>
            <dst id="WASHng">33108.2133333333</dst>
        </src>
        <src id="KSCYng">
            <dst id="ATLA-M5">635.306666666667</dst>
            <dst id="ATLAng">7487.03466666667</dst>
            <dst id="CHINng">30372.144</dst>
            <dst id="DNVRng">9010.12533333333</dst>
            <dst id="HSTNng">6729.43733333333</dst>
            <dst id="IPLSng">15630.5973333333</dst>
            <dst id="KSCYng">9195.32</dst>
            <dst id="LOSAng">4956.192</dst>
            <dst id="NYCMng">6322.15733333333</dst>
            <dst id="SNVAng">2225.71733333333</dst>
            <dst id="STTLng">10549.28</dst>
            <dst id="WASHng">10604.9946666667</dst>
        </src>
        <src id="LOSAng">
            <dst id="ATLA-M5">266.010666666667</dst>
            <dst id="ATLAng">15574.4266666667</dst>
            <dst id="CHINng">111366.312</dst>
            <dst id="DNVRng">17348.776</dst>
            <dst id="HSTNng">25161.5973333333</dst>
            <dst id="IPLSng">41810.9493333333</dst>
            <dst id="KSCYng">7249.352</dst>
            <dst id="LOSAng">14931.8746666667</dst>
            <dst id="NYCMng">42056.1626666667</dst>
            <dst id="SNVAng">27084.4693333333</dst>
            <dst id="STTLng">61919.2426666667</dst>
            <dst id="WASHng">71032.16</dst>
        </src>
        <src id="NYCMng">
            <dst id="ATLA-M5">2873.50666666667</dst>
            <dst id="ATLAng">33453.928</dst>
            <dst id="CHINng">29182.9253333333</dst>
            <dst id="DNVRng">32683.6453333333</dst>
            <dst id="HSTNng">30007.1946666667</dst>
            <dst id="IPLSng">42501.8906666667</dst>
            <dst id="KSCYng">13503.5226666667</dst>
            <dst id="LOSAng">73668.7813333333</dst>
            <dst id="NYCMng">103252.629333333</dst>
            <dst id="SNVAng">5708.45866666667</dst>
            <dst id="STTLng">22317.0533333333</dst>
            <dst id="WASHng">126678.656</dst>
        </src>
        <src id="SNVAng">
            <dst id="ATLA-M5">0</dst>
            <dst id="ATLAng">163.509333333333</dst>
            <dst id="CHINng">80</dst>
            <dst id="DNVRng">6833.27466666667</dst>
            <dst id="HSTNng">440.525333333333</dst>
            <dst id="IPLSng">546.837333333333</dst>
            <dst id="KSCYng">198.442666666667</dst>
            <dst id="LOSAng">10001.5653333333</dst>
            <dst id="NYCMng">38.5493333333333</dst>
            <dst id="SNVAng">9014.57866666667</dst>
            <dst id="STTLng">19077.032</dst>
            <dst id="WASHng">63.6186666666667</dst>
        </src>
        <src id="STTLng">
            <dst id="ATLA-M5">1105.936</dst>
            <dst id="ATLAng">35887.0693333333</dst>
            <dst id="CHINng">60497.1706666667</dst>
            <dst id="DNVRng">31943.2133333333</dst>
            <dst id="HSTNng">29002.168</dst>
            <dst id="IPLSng">51461.4</dst>
            <dst id="KSCYng">26221.7786666667</dst>
            <dst id="LOSAng">19304.4133333333</dst>
            <dst id="NYCMng">23818.784</dst>
            <dst id="SNVAng">15390.544</dst>
            <dst id="STTLng">40009.4933333333</dst>
            <dst id="WASHng">50126.328</dst>
        </src>
        <src id="WASHng">
            <dst id="ATLA-M5">9084.33866666667</dst>
            <dst id="ATLAng">169130.218666667</dst>
            <dst id="CHINng">85355.8133333333</dst>
            <dst id="DNVRng">103371.493333333</dst>
            <dst id="HSTNng">26150.6133333333</dst>
            <dst id="IPLSng">61193.2426666666</dst>
            <dst id="KSCYng">23879.408</dst>
            <dst id="LOSAng">86869.5813333333</dst>
            <dst id="NYCMng">177917.250666667</dst>
            <dst id="SNVAng">12309.2746666667</dst>
            <dst id="STTLng">65118.1093333333</dst>
            <dst id="WASHng">332651.653333333</dst>
        </src>
    </IntraTM>
</TrafficMatrixFile>
