<?xml version="1.0" encoding="ISO-8859-1" standalone="yes"?>
<TrafficMatrixFile xsi:noNamespaceSchemaLocation="http://totem.run.montefiore.ulg.ac.be/Schema/TrafficMatrix-v1_2.xsd" xmlns:xsi="http://www.w3.org/2001/XMLSchema-instance">
    <IntraTM ASID="11537">
        <src id="ATLA-M5">
            <dst id="ATLA-M5">539.045333333333</dst>
            <dst id="ATLAng">763.6</dst>
            <dst id="CHINng">1629.96</dst>
            <dst id="DNVRng">353.541333333333</dst>
            <dst id="HSTNng">225.349333333333</dst>
            <dst id="IPLSng">1458.76533333333</dst>
            <dst id="KSCYng">429.597333333333</dst>
            <dst id="LOSAng">503.328</dst>
            <dst id="NYCMng">1224.66933333333</dst>
            <dst id="SNVAng">33.8053333333333</dst>
            <dst id="STTLng">1532.32</dst>
            <dst id="WASHng">2583.29333333333</dst>
        </src>
        <src id="ATLAng">
            <dst id="ATLA-M5">546.312</dst>
            <dst id="ATLAng">52381.9093333333</dst>
            <dst id="CHINng">34506.584</dst>
            <dst id="DNVRng">5774.02933333333</dst>
            <dst id="HSTNng">24875.224</dst>
            <dst id="IPLSng">20778.5413333333</dst>
            <dst id="KSCYng">11851.8426666667</dst>
            <dst id="LOSAng">16461.3013333333</dst>
            <dst id="NYCMng">11224.2373333333</dst>
            <dst id="SNVAng">2685.38933333333</dst>
            <dst id="STTLng">24399.048</dst>
            <dst id="WASHng">58952.872</dst>
        </src>
        <src id="CHINng">
            <dst id="ATLA-M5">1575.44266666667</dst>
            <dst id="ATLAng">51612.2133333333</dst>
            <dst id="CHINng">114520.301333333</dst>
            <dst id="DNVRng">32319.1706666667</dst>
            <dst id="HSTNng">21848.0613333333</dst>
            <dst id="IPLSng">103442.466666667</dst>
            <dst id="KSCYng">23632.1413333333</dst>
            <dst id="LOSAng">106575.125333333</dst>
            <dst id="NYCMng">14303.0213333333</dst>
            <dst id="SNVAng">4935.656</dst>
            <dst id="STTLng">39469.7066666667</dst>
            <dst id="WASHng">45263.344</dst>
        </src>
        <src id="DNVRng">
            <dst id="ATLA-M5">394.490666666667</dst>
            <dst id="ATLAng">11707.8106666667</dst>
            <dst id="CHINng">46415.3333333333</dst>
            <dst id="DNVRng">16815.352</dst>
            <dst id="HSTNng">20647.4186666667</dst>
            <dst id="IPLSng">16445.8506666667</dst>
            <dst id="KSCYng">18707.1173333333</dst>
            <dst id="LOSAng">28330.8373333333</dst>
            <dst id="NYCMng">12565.7493333333</dst>
            <dst id="SNVAng">38796.304</dst>
            <dst id="STTLng">36569.744</dst>
            <dst id="WASHng">29213.752</dst>
        </src>
        <src id="HSTNng">
            <dst id="ATLA-M5">683.042666666667</dst>
            <dst id="ATLAng">16525.784</dst>
            <dst id="CHINng">16719.1093333333</dst>
            <dst id="DNVRng">4521.968</dst>
            <dst id="HSTNng">15680.024</dst>
            <dst id="IPLSng">8780.92</dst>
            <dst id="KSCYng">10802.784</dst>
            <dst id="LOSAng">9323.58666666667</dst>
            <dst id="NYCMng">7133.47733333333</dst>
            <dst id="SNVAng">889.488</dst>
            <dst id="STTLng">13246.8026666667</dst>
            <dst id="WASHng">22050.4</dst>
        </src>
        <src id="IPLSng">
            <dst id="ATLA-M5">1205.53333333333</dst>
            <dst id="ATLAng">25604.28</dst>
            <dst id="CHINng">90676.176</dst>
            <dst id="DNVRng">24525.8586666667</dst>
            <dst id="HSTNng">16400.552</dst>
            <dst id="IPLSng">25827.384</dst>
            <dst id="KSCYng">12887.2933333333</dst>
            <dst id="LOSAng">22377.0746666667</dst>
            <dst id="NYCMng">29175.56</dst>
            <dst id="SNVAng">3931.10666666667</dst>
            <dst id="STTLng">31280.2826666667</dst>
            <dst id="WASHng">73957.184</dst>
        </src>
        <src id="KSCYng">
            <dst id="ATLA-M5">1591.29866666667</dst>
            <dst id="ATLAng">10766.4533333333</dst>
            <dst id="CHINng">32763.1706666667</dst>
            <dst id="DNVRng">9179.75466666667</dst>
            <dst id="HSTNng">3906.936</dst>
            <dst id="IPLSng">20479.3866666667</dst>
            <dst id="KSCYng">11189.8</dst>
            <dst id="LOSAng">6467.93333333333</dst>
            <dst id="NYCMng">5487.608</dst>
            <dst id="SNVAng">2898.43733333333</dst>
            <dst id="STTLng">15859.4666666667</dst>
            <dst id="WASHng">16671.6293333333</dst>
        </src>
        <src id="LOSAng">
            <dst id="ATLA-M5">225.725333333333</dst>
            <dst id="ATLAng">25809.768</dst>
            <dst id="CHINng">97048.2773333333</dst>
            <dst id="DNVRng">73400.896</dst>
            <dst id="HSTNng">18071</dst>
            <dst id="IPLSng">44178.608</dst>
            <dst id="KSCYng">6188.66666666667</dst>
            <dst id="LOSAng">14223.536</dst>
            <dst id="NYCMng">47958.528</dst>
            <dst id="SNVAng">25639.496</dst>
            <dst id="STTLng">66543.04</dst>
            <dst id="WASHng">88052.776</dst>
        </src>
        <src id="NYCMng">
            <dst id="ATLA-M5">1284.78666666667</dst>
            <dst id="ATLAng">66940.1813333333</dst>
            <dst id="CHINng">48161.4533333333</dst>
            <dst id="DNVRng">39306.9226666667</dst>
            <dst id="HSTNng">27910.1893333333</dst>
            <dst id="IPLSng">56589.3546666667</dst>
            <dst id="KSCYng">26544.2613333333</dst>
            <dst id="LOSAng">71959.4853333333</dst>
            <dst id="NYCMng">139090.621333333</dst>
            <dst id="SNVAng">7665.984</dst>
            <dst id="STTLng">23942.896</dst>
            <dst id="WASHng">185130.946666667</dst>
        </src>
        <src id="SNVAng">
            <dst id="ATLA-M5">0</dst>
            <dst id="ATLAng">919.136</dst>
            <dst id="CHINng">1993.09866666667</dst>
            <dst id="DNVRng">6879.34133333333</dst>
            <dst id="HSTNng">275.338666666667</dst>
            <dst id="IPLSng">751.216</dst>
            <dst id="KSCYng">377.597333333333</dst>
            <dst id="LOSAng">9494.056</dst>
            <dst id="NYCMng">535.28</dst>
            <dst id="SNVAng">10265.368</dst>
            <dst id="STTLng">20128.7146666667</dst>
            <dst id="WASHng">437.050666666667</dst>
        </src>
        <src id="STTLng">
            <dst id="ATLA-M5">4492.584</dst>
            <dst id="ATLAng">75198.3546666667</dst>
            <dst id="CHINng">116497.84</dst>
            <dst id="DNVRng">47015.536</dst>
            <dst id="HSTNng">46451.2933333333</dst>
            <dst id="IPLSng">99600.888</dst>
            <dst id="KSCYng">70907.6853333333</dst>
            <dst id="LOSAng">13950.4666666667</dst>
            <dst id="NYCMng">35385.6026666667</dst>
            <dst id="SNVAng">12298.344</dst>
            <dst id="STTLng">52306.2293333333</dst>
            <dst id="WASHng">108249.109333333</dst>
        </src>
        <src id="WASHng">
            <dst id="ATLA-M5">14567.6</dst>
            <dst id="ATLAng">119182.794666667</dst>
            <dst id="CHINng">115040.237333333</dst>
            <dst id="DNVRng">104008.962666667</dst>
            <dst id="HSTNng">21969.168</dst>
            <dst id="IPLSng">115046.525333333</dst>
            <dst id="KSCYng">23272.08</dst>
            <dst id="LOSAng">92736.952</dst>
            <dst id="NYCMng">283940.586666667</dst>
            <dst id="SNVAng">17496.3813333333</dst>
            <dst id="STTLng">56385.7413333333</dst>
            <dst id="WASHng">298223.92</dst>
        </src>
    </IntraTM>
</TrafficMatrixFile>
