<?xml version="1.0" encoding="ISO-8859-1" standalone="yes"?>
<TrafficMatrixFile xsi:noNamespaceSchemaLocation="http://totem.run.montefiore.ulg.ac.be/Schema/TrafficMatrix-v1_2.xsd" xmlns:xsi="http://www.w3.org/2001/XMLSchema-instance">
    <IntraTM ASID="11537">
        <src id="ATLA-M5">
            <dst id="ATLA-M5">547.650666666667</dst>
            <dst id="ATLAng">1360.528</dst>
            <dst id="CHINng">1515.872</dst>
            <dst id="DNVRng">264.24</dst>
            <dst id="HSTNng">155.738666666667</dst>
            <dst id="IPLSng">1131.76</dst>
            <dst id="KSCYng">278.525333333333</dst>
            <dst id="LOSAng">53.3333333333333</dst>
            <dst id="NYCMng">667.442666666667</dst>
            <dst id="SNVAng">62.4853333333333</dst>
            <dst id="STTLng">997.925333333333</dst>
            <dst id="WASHng">1389.29866666667</dst>
        </src>
        <src id="ATLAng">
            <dst id="ATLA-M5">681.021333333333</dst>
            <dst id="ATLAng">35397.7706666667</dst>
            <dst id="CHINng">21089.4853333333</dst>
            <dst id="DNVRng">5894.71466666667</dst>
            <dst id="HSTNng">22567.4826666667</dst>
            <dst id="IPLSng">25454.1706666667</dst>
            <dst id="KSCYng">9961.89333333333</dst>
            <dst id="LOSAng">10905.4813333333</dst>
            <dst id="NYCMng">11835.6613333333</dst>
            <dst id="SNVAng">853.036</dst>
            <dst id="STTLng">22076.584</dst>
            <dst id="WASHng">73165.8</dst>
        </src>
        <src id="CHINng">
            <dst id="ATLA-M5">862.72</dst>
            <dst id="ATLAng">35294.3546666667</dst>
            <dst id="CHINng">165477.978666667</dst>
            <dst id="DNVRng">17938.0453333333</dst>
            <dst id="HSTNng">23717.2613333333</dst>
            <dst id="IPLSng">45419.9626666667</dst>
            <dst id="KSCYng">34175.1413333333</dst>
            <dst id="LOSAng">44514.8773333333</dst>
            <dst id="NYCMng">44757.3973333333</dst>
            <dst id="SNVAng">4999.43466666667</dst>
            <dst id="STTLng">34895.2746666667</dst>
            <dst id="WASHng">37990.1093333333</dst>
        </src>
        <src id="DNVRng">
            <dst id="ATLA-M5">218.178666666667</dst>
            <dst id="ATLAng">11622.6826666667</dst>
            <dst id="CHINng">46257.0426666667</dst>
            <dst id="DNVRng">12863.272</dst>
            <dst id="HSTNng">15631.76</dst>
            <dst id="IPLSng">24876.9626666667</dst>
            <dst id="KSCYng">15386.216</dst>
            <dst id="LOSAng">9707.72</dst>
            <dst id="NYCMng">8904.24533333333</dst>
            <dst id="SNVAng">31971.7013333333</dst>
            <dst id="STTLng">25525.8373333333</dst>
            <dst id="WASHng">34656.4773333333</dst>
        </src>
        <src id="HSTNng">
            <dst id="ATLA-M5">2292.19466666667</dst>
            <dst id="ATLAng">5361.25333333333</dst>
            <dst id="CHINng">21127.9066666667</dst>
            <dst id="DNVRng">1720.63733333333</dst>
            <dst id="HSTNng">20796.7973333333</dst>
            <dst id="IPLSng">5218.53866666667</dst>
            <dst id="KSCYng">11146.008</dst>
            <dst id="LOSAng">2905.32266666667</dst>
            <dst id="NYCMng">5803.128</dst>
            <dst id="SNVAng">2290.96533333333</dst>
            <dst id="STTLng">13368.0186666667</dst>
            <dst id="WASHng">17168.384</dst>
        </src>
        <src id="IPLSng">
            <dst id="ATLA-M5">856.536</dst>
            <dst id="ATLAng">23014.8186666667</dst>
            <dst id="CHINng">103175.944</dst>
            <dst id="DNVRng">22054.464</dst>
            <dst id="HSTNng">7306.23733333333</dst>
            <dst id="IPLSng">60139.3093333333</dst>
            <dst id="KSCYng">6485.192</dst>
            <dst id="LOSAng">29500.3733333333</dst>
            <dst id="NYCMng">22805.5066666667</dst>
            <dst id="SNVAng">2592.69066666667</dst>
            <dst id="STTLng">48691.6186666667</dst>
            <dst id="WASHng">67659.072</dst>
        </src>
        <src id="KSCYng">
            <dst id="ATLA-M5">1604.45066666667</dst>
            <dst id="ATLAng">7802.504</dst>
            <dst id="CHINng">33950.8213333333</dst>
            <dst id="DNVRng">11651.9786666667</dst>
            <dst id="HSTNng">4546.39733333333</dst>
            <dst id="IPLSng">17992.9626666667</dst>
            <dst id="KSCYng">16369.4693333333</dst>
            <dst id="LOSAng">3264.77333333333</dst>
            <dst id="NYCMng">10575.2133333333</dst>
            <dst id="SNVAng">2230.00533333333</dst>
            <dst id="STTLng">16111.192</dst>
            <dst id="WASHng">13432.8106666667</dst>
        </src>
        <src id="LOSAng">
            <dst id="ATLA-M5">60.6826666666667</dst>
            <dst id="ATLAng">20437.0133333333</dst>
            <dst id="CHINng">93341.304</dst>
            <dst id="DNVRng">31398.6</dst>
            <dst id="HSTNng">3480.25866666667</dst>
            <dst id="IPLSng">16723.8346666667</dst>
            <dst id="KSCYng">15838.7226666667</dst>
            <dst id="LOSAng">10390.856</dst>
            <dst id="NYCMng">33245.312</dst>
            <dst id="SNVAng">31143.0266666667</dst>
            <dst id="STTLng">71941.416</dst>
            <dst id="WASHng">64637.9093333333</dst>
        </src>
        <src id="NYCMng">
            <dst id="ATLA-M5">2036.81333333333</dst>
            <dst id="ATLAng">36738.6933333333</dst>
            <dst id="CHINng">49605.4373333333</dst>
            <dst id="DNVRng">27890.8586666667</dst>
            <dst id="HSTNng">12511.3973333333</dst>
            <dst id="IPLSng">32126.6533333333</dst>
            <dst id="KSCYng">24117.8373333333</dst>
            <dst id="LOSAng">52597.592</dst>
            <dst id="NYCMng">197950.776</dst>
            <dst id="SNVAng">3172.216</dst>
            <dst id="STTLng">20042.512</dst>
            <dst id="WASHng">147054.84</dst>
        </src>
        <src id="SNVAng">
            <dst id="ATLA-M5">1126.55733333333</dst>
            <dst id="ATLAng">0</dst>
            <dst id="CHINng">157.877333333333</dst>
            <dst id="DNVRng">3720.46933333333</dst>
            <dst id="HSTNng">220.96</dst>
            <dst id="IPLSng">554.426666666667</dst>
            <dst id="KSCYng">53.3333333333333</dst>
            <dst id="LOSAng">3836.62133333333</dst>
            <dst id="NYCMng">80</dst>
            <dst id="SNVAng">11123.3066666667</dst>
            <dst id="STTLng">40353.7653333333</dst>
            <dst id="WASHng">133.333333333333</dst>
        </src>
        <src id="STTLng">
            <dst id="ATLA-M5">3615.328</dst>
            <dst id="ATLAng">64233.0293333333</dst>
            <dst id="CHINng">140089.816</dst>
            <dst id="DNVRng">38751.144</dst>
            <dst id="HSTNng">35667.0213333333</dst>
            <dst id="IPLSng">102831.221333333</dst>
            <dst id="KSCYng">66778.1946666667</dst>
            <dst id="LOSAng">17223.224</dst>
            <dst id="NYCMng">30420.9573333333</dst>
            <dst id="SNVAng">9819.336</dst>
            <dst id="STTLng">23329.4586666667</dst>
            <dst id="WASHng">113890.416</dst>
        </src>
        <src id="WASHng">
            <dst id="ATLA-M5">3842.15733333333</dst>
            <dst id="ATLAng">108074.712</dst>
            <dst id="CHINng">79699.4906666667</dst>
            <dst id="DNVRng">54277.392</dst>
            <dst id="HSTNng">37247.6053333333</dst>
            <dst id="IPLSng">100864.744</dst>
            <dst id="KSCYng">23268.4213333333</dst>
            <dst id="LOSAng">79272.1706666666</dst>
            <dst id="NYCMng">228367.506666667</dst>
            <dst id="SNVAng">6239.176</dst>
            <dst id="STTLng">57871.336</dst>
            <dst id="WASHng">314129.813333333</dst>
        </src>
    </IntraTM>
</TrafficMatrixFile>
