<?xml version="1.0" encoding="ISO-8859-1" standalone="yes"?>
<TrafficMatrixFile xsi:noNamespaceSchemaLocation="http://totem.run.montefiore.ulg.ac.be/Schema/TrafficMatrix-v1_2.xsd" xmlns:xsi="http://www.w3.org/2001/XMLSchema-instance">
    <IntraTM ASID="11537">
        <src id="ATLA-M5">
            <dst id="ATLA-M5">0</dst>
            <dst id="ATLAng">920.354666666667</dst>
            <dst id="CHINng">591.813333333333</dst>
            <dst id="DNVRng">80</dst>
            <dst id="HSTNng">103.976</dst>
            <dst id="IPLSng">248.306666666667</dst>
            <dst id="KSCYng">139.485333333333</dst>
            <dst id="LOSAng">204.869333333333</dst>
            <dst id="NYCMng">1471.08</dst>
            <dst id="SNVAng">27.7573333333333</dst>
            <dst id="STTLng">1206.192</dst>
            <dst id="WASHng">1395.17866666667</dst>
        </src>
        <src id="ATLAng">
            <dst id="ATLA-M5">287.733333333333</dst>
            <dst id="ATLAng">50235.0346666667</dst>
            <dst id="CHINng">13082.616</dst>
            <dst id="DNVRng">5614.73333333333</dst>
            <dst id="HSTNng">16112.0986666667</dst>
            <dst id="IPLSng">21701.7546666667</dst>
            <dst id="KSCYng">1850.48533333333</dst>
            <dst id="LOSAng">13096.888</dst>
            <dst id="NYCMng">17426.6773333333</dst>
            <dst id="SNVAng">419.168</dst>
            <dst id="STTLng">18924.9173333333</dst>
            <dst id="WASHng">83609.944</dst>
        </src>
        <src id="CHINng">
            <dst id="ATLA-M5">415.522666666667</dst>
            <dst id="ATLAng">21690.8346666667</dst>
            <dst id="CHINng">132620.109333333</dst>
            <dst id="DNVRng">15735.408</dst>
            <dst id="HSTNng">6295.832</dst>
            <dst id="IPLSng">52269.1226666667</dst>
            <dst id="KSCYng">10893.768</dst>
            <dst id="LOSAng">38402.2293333333</dst>
            <dst id="NYCMng">25521.2986666667</dst>
            <dst id="SNVAng">3609.35466666667</dst>
            <dst id="STTLng">29363.7653333333</dst>
            <dst id="WASHng">18740.9413333333</dst>
        </src>
        <src id="DNVRng">
            <dst id="ATLA-M5">338.645333333333</dst>
            <dst id="ATLAng">6480.832</dst>
            <dst id="CHINng">28483.6826666667</dst>
            <dst id="DNVRng">4191.21333333333</dst>
            <dst id="HSTNng">10541.2746666667</dst>
            <dst id="IPLSng">10725.9573333333</dst>
            <dst id="KSCYng">10387.736</dst>
            <dst id="LOSAng">7457.55466666667</dst>
            <dst id="NYCMng">17579.0133333333</dst>
            <dst id="SNVAng">4735.06933333333</dst>
            <dst id="STTLng">7267.58666666667</dst>
            <dst id="WASHng">20800.7306666667</dst>
        </src>
        <src id="HSTNng">
            <dst id="ATLA-M5">1139.432</dst>
            <dst id="ATLAng">4517.73066666667</dst>
            <dst id="CHINng">21775.2133333333</dst>
            <dst id="DNVRng">9669.85333333333</dst>
            <dst id="HSTNng">8851.94666666666</dst>
            <dst id="IPLSng">2326.66933333333</dst>
            <dst id="KSCYng">6261.94666666667</dst>
            <dst id="LOSAng">2055.17333333333</dst>
            <dst id="NYCMng">4842.968</dst>
            <dst id="SNVAng">2090.856</dst>
            <dst id="STTLng">8547.35733333334</dst>
            <dst id="WASHng">9131.808</dst>
        </src>
        <src id="IPLSng">
            <dst id="ATLA-M5">4124.55466666667</dst>
            <dst id="ATLAng">10283.4026666667</dst>
            <dst id="CHINng">78602.5253333333</dst>
            <dst id="DNVRng">3941.44</dst>
            <dst id="HSTNng">9145.13066666667</dst>
            <dst id="IPLSng">52340.648</dst>
            <dst id="KSCYng">7597.216</dst>
            <dst id="LOSAng">21437.8</dst>
            <dst id="NYCMng">8068.42133333333</dst>
            <dst id="SNVAng">389.669333333333</dst>
            <dst id="STTLng">28927.36</dst>
            <dst id="WASHng">27363.4693333333</dst>
        </src>
        <src id="KSCYng">
            <dst id="ATLA-M5">176.157333333333</dst>
            <dst id="ATLAng">6337.94133333333</dst>
            <dst id="CHINng">32689.6826666667</dst>
            <dst id="DNVRng">8967.96266666667</dst>
            <dst id="HSTNng">5582.6</dst>
            <dst id="IPLSng">10329.1546666667</dst>
            <dst id="KSCYng">7127.40533333333</dst>
            <dst id="LOSAng">3842.31466666667</dst>
            <dst id="NYCMng">5018.98933333333</dst>
            <dst id="SNVAng">1584.488</dst>
            <dst id="STTLng">21008.7066666667</dst>
            <dst id="WASHng">8470.65066666667</dst>
        </src>
        <src id="LOSAng">
            <dst id="ATLA-M5">54.864</dst>
            <dst id="ATLAng">14696.2666666667</dst>
            <dst id="CHINng">88141.096</dst>
            <dst id="DNVRng">5926.04266666667</dst>
            <dst id="HSTNng">2111.00266666667</dst>
            <dst id="IPLSng">6626.184</dst>
            <dst id="KSCYng">3855.95733333333</dst>
            <dst id="LOSAng">8313.33866666667</dst>
            <dst id="NYCMng">34339.5653333333</dst>
            <dst id="SNVAng">19928.832</dst>
            <dst id="STTLng">40658.9146666667</dst>
            <dst id="WASHng">45551.3866666667</dst>
        </src>
        <src id="NYCMng">
            <dst id="ATLA-M5">486.664</dst>
            <dst id="ATLAng">37840.9146666667</dst>
            <dst id="CHINng">33418.9413333334</dst>
            <dst id="DNVRng">19590.8693333333</dst>
            <dst id="HSTNng">12028.5386666667</dst>
            <dst id="IPLSng">20088.1066666667</dst>
            <dst id="KSCYng">12125.488</dst>
            <dst id="LOSAng">40282.368</dst>
            <dst id="NYCMng">121260.930666667</dst>
            <dst id="SNVAng">1908.47733333333</dst>
            <dst id="STTLng">22277.3973333333</dst>
            <dst id="WASHng">64304.816</dst>
        </src>
        <src id="SNVAng">
            <dst id="ATLA-M5">0</dst>
            <dst id="ATLAng">0</dst>
            <dst id="CHINng">538.690666666667</dst>
            <dst id="DNVRng">4242.99466666667</dst>
            <dst id="HSTNng">254.224</dst>
            <dst id="IPLSng">547.136</dst>
            <dst id="KSCYng">72.976</dst>
            <dst id="LOSAng">5985.30133333333</dst>
            <dst id="NYCMng">239.888</dst>
            <dst id="SNVAng">5893.304</dst>
            <dst id="STTLng">17905.68</dst>
            <dst id="WASHng">443.165333333333</dst>
        </src>
        <src id="STTLng">
            <dst id="ATLA-M5">3193.93066666667</dst>
            <dst id="ATLAng">47073.5466666667</dst>
            <dst id="CHINng">92932.7066666667</dst>
            <dst id="DNVRng">6079.87733333333</dst>
            <dst id="HSTNng">17103.0986666667</dst>
            <dst id="IPLSng">74108.4106666667</dst>
            <dst id="KSCYng">46222.1146666667</dst>
            <dst id="LOSAng">21131.8133333333</dst>
            <dst id="NYCMng">26965.8186666667</dst>
            <dst id="SNVAng">1494.57866666667</dst>
            <dst id="STTLng">14294.1013333333</dst>
            <dst id="WASHng">85759.152</dst>
        </src>
        <src id="WASHng">
            <dst id="ATLA-M5">2601.408</dst>
            <dst id="ATLAng">84628.4373333333</dst>
            <dst id="CHINng">65400.0693333333</dst>
            <dst id="DNVRng">33266.96</dst>
            <dst id="HSTNng">25632.4586666667</dst>
            <dst id="IPLSng">57384.8133333333</dst>
            <dst id="KSCYng">10277.856</dst>
            <dst id="LOSAng">71632.584</dst>
            <dst id="NYCMng">133913.037333333</dst>
            <dst id="SNVAng">4353.22933333333</dst>
            <dst id="STTLng">53207.48</dst>
            <dst id="WASHng">312291.52</dst>
        </src>
    </IntraTM>
</TrafficMatrixFile>
