<?xml version="1.0" encoding="ISO-8859-1" standalone="yes"?>
<TrafficMatrixFile xsi:noNamespaceSchemaLocation="http://totem.run.montefiore.ulg.ac.be/Schema/TrafficMatrix-v1_2.xsd" xmlns:xsi="http://www.w3.org/2001/XMLSchema-instance">
    <IntraTM ASID="11537">
        <src id="ATLA-M5">
            <dst id="ATLA-M5">117.946666666667</dst>
            <dst id="ATLAng">1405.21866666667</dst>
            <dst id="CHINng">2345.01066666667</dst>
            <dst id="DNVRng">92.328</dst>
            <dst id="HSTNng">232.661333333333</dst>
            <dst id="IPLSng">2686.58933333333</dst>
            <dst id="KSCYng">449.84</dst>
            <dst id="LOSAng">187.890666666667</dst>
            <dst id="NYCMng">779.410666666667</dst>
            <dst id="SNVAng">40</dst>
            <dst id="STTLng">1076.75466666667</dst>
            <dst id="WASHng">1261.392</dst>
        </src>
        <src id="ATLAng">
            <dst id="ATLA-M5">531.629333333333</dst>
            <dst id="ATLAng">60547.352</dst>
            <dst id="CHINng">26513.2373333333</dst>
            <dst id="DNVRng">10485.0266666667</dst>
            <dst id="HSTNng">50319.4426666667</dst>
            <dst id="IPLSng">28671.2026666667</dst>
            <dst id="KSCYng">5928.56533333333</dst>
            <dst id="LOSAng">8645.40266666667</dst>
            <dst id="NYCMng">11489.304</dst>
            <dst id="SNVAng">2164.38933333333</dst>
            <dst id="STTLng">22330.4106666667</dst>
            <dst id="WASHng">60940.2106666667</dst>
        </src>
        <src id="CHINng">
            <dst id="ATLA-M5">607.013333333333</dst>
            <dst id="ATLAng">27682.5306666667</dst>
            <dst id="CHINng">351190.693333333</dst>
            <dst id="DNVRng">24008.1013333333</dst>
            <dst id="HSTNng">6030.94933333333</dst>
            <dst id="IPLSng">84648.8346666667</dst>
            <dst id="KSCYng">35831.4346666667</dst>
            <dst id="LOSAng">46138.9306666667</dst>
            <dst id="NYCMng">32357.4586666667</dst>
            <dst id="SNVAng">4069.76533333333</dst>
            <dst id="STTLng">32887.7466666667</dst>
            <dst id="WASHng">36311.296</dst>
        </src>
        <src id="DNVRng">
            <dst id="ATLA-M5">282.805333333333</dst>
            <dst id="ATLAng">13427.152</dst>
            <dst id="CHINng">59202.5093333333</dst>
            <dst id="DNVRng">15277.0213333333</dst>
            <dst id="HSTNng">17878.152</dst>
            <dst id="IPLSng">25562.7173333333</dst>
            <dst id="KSCYng">39907.2106666667</dst>
            <dst id="LOSAng">22871.968</dst>
            <dst id="NYCMng">11587.0293333333</dst>
            <dst id="SNVAng">18265.6586666667</dst>
            <dst id="STTLng">23303.1413333333</dst>
            <dst id="WASHng">26165.9733333333</dst>
        </src>
        <src id="HSTNng">
            <dst id="ATLA-M5">1188.59733333333</dst>
            <dst id="ATLAng">6604.016</dst>
            <dst id="CHINng">13939.6506666667</dst>
            <dst id="DNVRng">3222.18933333333</dst>
            <dst id="HSTNng">21373.9413333333</dst>
            <dst id="IPLSng">8565.368</dst>
            <dst id="KSCYng">10879.8426666667</dst>
            <dst id="LOSAng">3936.69866666667</dst>
            <dst id="NYCMng">4438.392</dst>
            <dst id="SNVAng">3683.29066666667</dst>
            <dst id="STTLng">14147.904</dst>
            <dst id="WASHng">9234.88533333333</dst>
        </src>
        <src id="IPLSng">
            <dst id="ATLA-M5">570.016</dst>
            <dst id="ATLAng">24647.1253333333</dst>
            <dst id="CHINng">112292.549333333</dst>
            <dst id="DNVRng">9564.256</dst>
            <dst id="HSTNng">6868.98133333333</dst>
            <dst id="IPLSng">16549.408</dst>
            <dst id="KSCYng">12065.8773333333</dst>
            <dst id="LOSAng">25256.6373333333</dst>
            <dst id="NYCMng">14433.776</dst>
            <dst id="SNVAng">4439.28</dst>
            <dst id="STTLng">37467.56</dst>
            <dst id="WASHng">33830.2533333333</dst>
        </src>
        <src id="KSCYng">
            <dst id="ATLA-M5">1105.18666666667</dst>
            <dst id="ATLAng">9116.512</dst>
            <dst id="CHINng">27310.416</dst>
            <dst id="DNVRng">13420.5093333333</dst>
            <dst id="HSTNng">3622.30666666667</dst>
            <dst id="IPLSng">14062.3306666667</dst>
            <dst id="KSCYng">12528.7333333333</dst>
            <dst id="LOSAng">5812.69066666667</dst>
            <dst id="NYCMng">7896.40266666667</dst>
            <dst id="SNVAng">1808.456</dst>
            <dst id="STTLng">17472.4826666667</dst>
            <dst id="WASHng">19581.8346666667</dst>
        </src>
        <src id="LOSAng">
            <dst id="ATLA-M5">224.421333333333</dst>
            <dst id="ATLAng">14689.2613333333</dst>
            <dst id="CHINng">134795.432</dst>
            <dst id="DNVRng">32186.9013333333</dst>
            <dst id="HSTNng">10256.5786666667</dst>
            <dst id="IPLSng">24156.728</dst>
            <dst id="KSCYng">14037.784</dst>
            <dst id="LOSAng">12282.896</dst>
            <dst id="NYCMng">43707.6853333333</dst>
            <dst id="SNVAng">26436.216</dst>
            <dst id="STTLng">69385.9173333333</dst>
            <dst id="WASHng">67598.8613333333</dst>
        </src>
        <src id="NYCMng">
            <dst id="ATLA-M5">1688.544</dst>
            <dst id="ATLAng">46581.7973333333</dst>
            <dst id="CHINng">46276.7733333333</dst>
            <dst id="DNVRng">30808.2133333333</dst>
            <dst id="HSTNng">14871.72</dst>
            <dst id="IPLSng">30485.4746666667</dst>
            <dst id="KSCYng">19066.2746666667</dst>
            <dst id="LOSAng">63184.8053333333</dst>
            <dst id="NYCMng">221507.384</dst>
            <dst id="SNVAng">5832.68266666667</dst>
            <dst id="STTLng">21852.8853333333</dst>
            <dst id="WASHng">178366.52</dst>
        </src>
        <src id="SNVAng">
            <dst id="ATLA-M5">0</dst>
            <dst id="ATLAng">53.3333333333333</dst>
            <dst id="CHINng">170.008</dst>
            <dst id="DNVRng">8961.504</dst>
            <dst id="HSTNng">5588.736</dst>
            <dst id="IPLSng">624.464</dst>
            <dst id="KSCYng">53.3333333333333</dst>
            <dst id="LOSAng">9729.03733333333</dst>
            <dst id="NYCMng">131.805333333333</dst>
            <dst id="SNVAng">10030.616</dst>
            <dst id="STTLng">18842.6506666667</dst>
            <dst id="WASHng">257.584</dst>
        </src>
        <src id="STTLng">
            <dst id="ATLA-M5">3479.976</dst>
            <dst id="ATLAng">57561.3413333333</dst>
            <dst id="CHINng">121010.093333333</dst>
            <dst id="DNVRng">43033.4586666667</dst>
            <dst id="HSTNng">32536.8</dst>
            <dst id="IPLSng">89581.6053333333</dst>
            <dst id="KSCYng">82314.3146666667</dst>
            <dst id="LOSAng">30606.392</dst>
            <dst id="NYCMng">31855.3546666667</dst>
            <dst id="SNVAng">11445.7253333333</dst>
            <dst id="STTLng">26279.4106666667</dst>
            <dst id="WASHng">109291.981333333</dst>
        </src>
        <src id="WASHng">
            <dst id="ATLA-M5">3743.99733333333</dst>
            <dst id="ATLAng">102957.965333333</dst>
            <dst id="CHINng">89558.6933333334</dst>
            <dst id="DNVRng">55282.5786666667</dst>
            <dst id="HSTNng">44973.04</dst>
            <dst id="IPLSng">84456.912</dst>
            <dst id="KSCYng">25990.9813333333</dst>
            <dst id="LOSAng">91883.464</dst>
            <dst id="NYCMng">206254.704</dst>
            <dst id="SNVAng">3174.00533333333</dst>
            <dst id="STTLng">67045.672</dst>
            <dst id="WASHng">297593.253333333</dst>
        </src>
    </IntraTM>
</TrafficMatrixFile>
