<?xml version="1.0" encoding="ISO-8859-1" standalone="yes"?>
<TrafficMatrixFile xsi:noNamespaceSchemaLocation="http://totem.run.montefiore.ulg.ac.be/Schema/TrafficMatrix-v1_2.xsd" xmlns:xsi="http://www.w3.org/2001/XMLSchema-instance">
    <IntraTM ASID="11537">
        <src id="ATLA-M5">
            <dst id="ATLA-M5">26.6666666666667</dst>
            <dst id="ATLAng">238.490666666667</dst>
            <dst id="CHINng">504.44</dst>
            <dst id="DNVRng">26.6666666666667</dst>
            <dst id="HSTNng">53.3333333333333</dst>
            <dst id="IPLSng">1504.52533333333</dst>
            <dst id="KSCYng">95.2213333333333</dst>
            <dst id="LOSAng">113.333333333333</dst>
            <dst id="NYCMng">116.674666666667</dst>
            <dst id="SNVAng">0</dst>
            <dst id="STTLng">416.872</dst>
            <dst id="WASHng">5781.832</dst>
        </src>
        <src id="ATLAng">
            <dst id="ATLA-M5">279.650666666667</dst>
            <dst id="ATLAng">30228.2346666667</dst>
            <dst id="CHINng">10309.2853333333</dst>
            <dst id="DNVRng">1071.58666666667</dst>
            <dst id="HSTNng">1701.2</dst>
            <dst id="IPLSng">22028.1546666667</dst>
            <dst id="KSCYng">1244.39733333333</dst>
            <dst id="LOSAng">23473.2146666667</dst>
            <dst id="NYCMng">7877.24533333333</dst>
            <dst id="SNVAng">844.249333333333</dst>
            <dst id="STTLng">12473.704</dst>
            <dst id="WASHng">49884.9493333333</dst>
        </src>
        <src id="CHINng">
            <dst id="ATLA-M5">699.357333333333</dst>
            <dst id="ATLAng">18905.1413333333</dst>
            <dst id="CHINng">94885.8853333334</dst>
            <dst id="DNVRng">8176.86666666667</dst>
            <dst id="HSTNng">6363.11733333333</dst>
            <dst id="IPLSng">55185.8933333333</dst>
            <dst id="KSCYng">6244.16266666667</dst>
            <dst id="LOSAng">29636.3786666667</dst>
            <dst id="NYCMng">11303.784</dst>
            <dst id="SNVAng">2625.98133333333</dst>
            <dst id="STTLng">24494.8426666667</dst>
            <dst id="WASHng">14941.6853333333</dst>
        </src>
        <src id="DNVRng">
            <dst id="ATLA-M5">237.92</dst>
            <dst id="ATLAng">6219.60266666667</dst>
            <dst id="CHINng">51530.9493333333</dst>
            <dst id="DNVRng">6938.02133333333</dst>
            <dst id="HSTNng">11559.472</dst>
            <dst id="IPLSng">12979.624</dst>
            <dst id="KSCYng">9982.49333333333</dst>
            <dst id="LOSAng">42952.824</dst>
            <dst id="NYCMng">4211.14133333333</dst>
            <dst id="SNVAng">7814.92533333333</dst>
            <dst id="STTLng">11251.8986666667</dst>
            <dst id="WASHng">20194.3546666667</dst>
        </src>
        <src id="HSTNng">
            <dst id="ATLA-M5">1306.96</dst>
            <dst id="ATLAng">3842.008</dst>
            <dst id="CHINng">12464.7973333333</dst>
            <dst id="DNVRng">986.496</dst>
            <dst id="HSTNng">14122.0453333333</dst>
            <dst id="IPLSng">1807.90933333333</dst>
            <dst id="KSCYng">6607.376</dst>
            <dst id="LOSAng">5158.67733333333</dst>
            <dst id="NYCMng">1919.54133333333</dst>
            <dst id="SNVAng">213.989333333333</dst>
            <dst id="STTLng">3263.24533333333</dst>
            <dst id="WASHng">3722.34933333333</dst>
        </src>
        <src id="IPLSng">
            <dst id="ATLA-M5">219.146666666667</dst>
            <dst id="ATLAng">11401.336</dst>
            <dst id="CHINng">69471.912</dst>
            <dst id="DNVRng">3839.54133333333</dst>
            <dst id="HSTNng">1879.872</dst>
            <dst id="IPLSng">9736.288</dst>
            <dst id="KSCYng">6909.41333333333</dst>
            <dst id="LOSAng">16402.9653333333</dst>
            <dst id="NYCMng">13514.864</dst>
            <dst id="SNVAng">378.005333333333</dst>
            <dst id="STTLng">27378.1226666667</dst>
            <dst id="WASHng">23276.144</dst>
        </src>
        <src id="KSCYng">
            <dst id="ATLA-M5">262.125333333333</dst>
            <dst id="ATLAng">6885.376</dst>
            <dst id="CHINng">24743.7013333333</dst>
            <dst id="DNVRng">8391.832</dst>
            <dst id="HSTNng">15810.0773333333</dst>
            <dst id="IPLSng">15037.344</dst>
            <dst id="KSCYng">10271.816</dst>
            <dst id="LOSAng">5125.82133333333</dst>
            <dst id="NYCMng">2993.43466666667</dst>
            <dst id="SNVAng">1886.40266666667</dst>
            <dst id="STTLng">11635.1573333333</dst>
            <dst id="WASHng">10575.9813333333</dst>
        </src>
        <src id="LOSAng">
            <dst id="ATLA-M5">127.64</dst>
            <dst id="ATLAng">10309.552</dst>
            <dst id="CHINng">111460.424</dst>
            <dst id="DNVRng">7861.216</dst>
            <dst id="HSTNng">3488.352</dst>
            <dst id="IPLSng">12967.4373333333</dst>
            <dst id="KSCYng">1704.984</dst>
            <dst id="LOSAng">9487.008</dst>
            <dst id="NYCMng">45105.2213333333</dst>
            <dst id="SNVAng">24315.0986666667</dst>
            <dst id="STTLng">56975.184</dst>
            <dst id="WASHng">43372.816</dst>
        </src>
        <src id="NYCMng">
            <dst id="ATLA-M5">360.386666666667</dst>
            <dst id="ATLAng">27910.68</dst>
            <dst id="CHINng">31671.336</dst>
            <dst id="DNVRng">11520.3546666667</dst>
            <dst id="HSTNng">3087.78933333333</dst>
            <dst id="IPLSng">12481.3706666667</dst>
            <dst id="KSCYng">6988.336</dst>
            <dst id="LOSAng">50803.3333333333</dst>
            <dst id="NYCMng">81922.344</dst>
            <dst id="SNVAng">731.749333333333</dst>
            <dst id="STTLng">26376.0506666667</dst>
            <dst id="WASHng">62111.9946666667</dst>
        </src>
        <src id="SNVAng">
            <dst id="ATLA-M5">0</dst>
            <dst id="ATLAng">75.1466666666667</dst>
            <dst id="CHINng">26.6666666666667</dst>
            <dst id="DNVRng">1328.97066666667</dst>
            <dst id="HSTNng">53.3333333333333</dst>
            <dst id="IPLSng">380.448</dst>
            <dst id="KSCYng">96.9413333333333</dst>
            <dst id="LOSAng">10788.3306666667</dst>
            <dst id="NYCMng">33.0426666666667</dst>
            <dst id="SNVAng">9250.528</dst>
            <dst id="STTLng">16487.8186666667</dst>
            <dst id="WASHng">116.589333333333</dst>
        </src>
        <src id="STTLng">
            <dst id="ATLA-M5">311.568</dst>
            <dst id="ATLAng">23486.864</dst>
            <dst id="CHINng">39235.5253333333</dst>
            <dst id="DNVRng">2684.73866666667</dst>
            <dst id="HSTNng">7267.144</dst>
            <dst id="IPLSng">30151.5946666667</dst>
            <dst id="KSCYng">7602.376</dst>
            <dst id="LOSAng">31113.8853333333</dst>
            <dst id="NYCMng">13924.6426666667</dst>
            <dst id="SNVAng">1035.248</dst>
            <dst id="STTLng">15277.8426666667</dst>
            <dst id="WASHng">38642.8613333333</dst>
        </src>
        <src id="WASHng">
            <dst id="ATLA-M5">752.253333333333</dst>
            <dst id="ATLAng">101184.546666667</dst>
            <dst id="CHINng">61037.6266666667</dst>
            <dst id="DNVRng">64556.6986666667</dst>
            <dst id="HSTNng">24110.8</dst>
            <dst id="IPLSng">38645.512</dst>
            <dst id="KSCYng">28334.144</dst>
            <dst id="LOSAng">63926.336</dst>
            <dst id="NYCMng">136453.669333333</dst>
            <dst id="SNVAng">1193.48</dst>
            <dst id="STTLng">57857.0906666667</dst>
            <dst id="WASHng">272711.36</dst>
        </src>
    </IntraTM>
</TrafficMatrixFile>
