<?xml version="1.0" encoding="ISO-8859-1" standalone="yes"?>
<TrafficMatrixFile xsi:noNamespaceSchemaLocation="http://totem.run.montefiore.ulg.ac.be/Schema/TrafficMatrix-v1_2.xsd" xmlns:xsi="http://www.w3.org/2001/XMLSchema-instance">
    <IntraTM ASID="11537">
        <src id="ATLA-M5">
            <dst id="ATLA-M5">375.384</dst>
            <dst id="ATLAng">1978.60533333333</dst>
            <dst id="CHINng">1536.448</dst>
            <dst id="DNVRng">276.610666666667</dst>
            <dst id="HSTNng">307.146666666667</dst>
            <dst id="IPLSng">749.68</dst>
            <dst id="KSCYng">425.912</dst>
            <dst id="LOSAng">193.674666666667</dst>
            <dst id="NYCMng">1995.99733333333</dst>
            <dst id="SNVAng">0</dst>
            <dst id="STTLng">959.098666666667</dst>
            <dst id="WASHng">2001.17333333333</dst>
        </src>
        <src id="ATLAng">
            <dst id="ATLA-M5">754.098666666667</dst>
            <dst id="ATLAng">59801.4666666667</dst>
            <dst id="CHINng">27096.36</dst>
            <dst id="DNVRng">9417.38133333333</dst>
            <dst id="HSTNng">12168.1893333333</dst>
            <dst id="IPLSng">28160.0293333333</dst>
            <dst id="KSCYng">5394.65333333333</dst>
            <dst id="LOSAng">21799.38</dst>
            <dst id="NYCMng">11528.6693333333</dst>
            <dst id="SNVAng">2126.772</dst>
            <dst id="STTLng">17080.5093333333</dst>
            <dst id="WASHng">60243.9626666667</dst>
        </src>
        <src id="CHINng">
            <dst id="ATLA-M5">1239.048</dst>
            <dst id="ATLAng">200924.085333333</dst>
            <dst id="CHINng">113340.546666667</dst>
            <dst id="DNVRng">24773.2453333333</dst>
            <dst id="HSTNng">18909.096</dst>
            <dst id="IPLSng">69598.3946666667</dst>
            <dst id="KSCYng">21463.032</dst>
            <dst id="LOSAng">36556.496</dst>
            <dst id="NYCMng">17455.368</dst>
            <dst id="SNVAng">6529.288</dst>
            <dst id="STTLng">31123.432</dst>
            <dst id="WASHng">41762.6613333333</dst>
        </src>
        <src id="DNVRng">
            <dst id="ATLA-M5">897.573333333333</dst>
            <dst id="ATLAng">8370.368</dst>
            <dst id="CHINng">59849.0506666667</dst>
            <dst id="DNVRng">17158.472</dst>
            <dst id="HSTNng">19050.168</dst>
            <dst id="IPLSng">27657.9866666667</dst>
            <dst id="KSCYng">43098.0986666667</dst>
            <dst id="LOSAng">29086.968</dst>
            <dst id="NYCMng">9486.69066666667</dst>
            <dst id="SNVAng">22674.728</dst>
            <dst id="STTLng">79167.3466666667</dst>
            <dst id="WASHng">31370.0026666667</dst>
        </src>
        <src id="HSTNng">
            <dst id="ATLA-M5">2218.36266666667</dst>
            <dst id="ATLAng">5278.73866666667</dst>
            <dst id="CHINng">14479.848</dst>
            <dst id="DNVRng">6241.832</dst>
            <dst id="HSTNng">15044.0053333333</dst>
            <dst id="IPLSng">4575.128</dst>
            <dst id="KSCYng">15986.1253333333</dst>
            <dst id="LOSAng">6179.87733333333</dst>
            <dst id="NYCMng">6956.51733333333</dst>
            <dst id="SNVAng">167.770666666667</dst>
            <dst id="STTLng">10213.1226666667</dst>
            <dst id="WASHng">21650.488</dst>
        </src>
        <src id="IPLSng">
            <dst id="ATLA-M5">694.64</dst>
            <dst id="ATLAng">14615.4106666667</dst>
            <dst id="CHINng">72780.6986666667</dst>
            <dst id="DNVRng">27264.7706666667</dst>
            <dst id="HSTNng">5541.42666666667</dst>
            <dst id="IPLSng">28827.7306666667</dst>
            <dst id="KSCYng">11473.2746666667</dst>
            <dst id="LOSAng">21447.9706666667</dst>
            <dst id="NYCMng">10624.656</dst>
            <dst id="SNVAng">3949.42666666667</dst>
            <dst id="STTLng">32620.344</dst>
            <dst id="WASHng">25420.12</dst>
        </src>
        <src id="KSCYng">
            <dst id="ATLA-M5">358.106666666667</dst>
            <dst id="ATLAng">6718.54133333333</dst>
            <dst id="CHINng">38742.112</dst>
            <dst id="DNVRng">10854.8506666667</dst>
            <dst id="HSTNng">8300.288</dst>
            <dst id="IPLSng">24674.144</dst>
            <dst id="KSCYng">15751.024</dst>
            <dst id="LOSAng">5184.55466666667</dst>
            <dst id="NYCMng">6620.736</dst>
            <dst id="SNVAng">3977.36</dst>
            <dst id="STTLng">15708.8773333333</dst>
            <dst id="WASHng">13138</dst>
        </src>
        <src id="LOSAng">
            <dst id="ATLA-M5">1587.76</dst>
            <dst id="ATLAng">22837.336</dst>
            <dst id="CHINng">91401.2613333333</dst>
            <dst id="DNVRng">43927.4826666667</dst>
            <dst id="HSTNng">33105.9573333333</dst>
            <dst id="IPLSng">61162.1706666667</dst>
            <dst id="KSCYng">8117.08266666666</dst>
            <dst id="LOSAng">11788.2506666667</dst>
            <dst id="NYCMng">60154.984</dst>
            <dst id="SNVAng">24596.496</dst>
            <dst id="STTLng">61935</dst>
            <dst id="WASHng">81510.3386666667</dst>
        </src>
        <src id="NYCMng">
            <dst id="ATLA-M5">2637.688</dst>
            <dst id="ATLAng">37708.4693333333</dst>
            <dst id="CHINng">31889.408</dst>
            <dst id="DNVRng">35085.9386666667</dst>
            <dst id="HSTNng">21838.312</dst>
            <dst id="IPLSng">36661.3386666667</dst>
            <dst id="KSCYng">19407.5066666667</dst>
            <dst id="LOSAng">78092.4106666667</dst>
            <dst id="NYCMng">108423.914666667</dst>
            <dst id="SNVAng">7028.38933333333</dst>
            <dst id="STTLng">31101.8666666667</dst>
            <dst id="WASHng">161124.813333333</dst>
        </src>
        <src id="SNVAng">
            <dst id="ATLA-M5">378.085333333333</dst>
            <dst id="ATLAng">106.666666666667</dst>
            <dst id="CHINng">163.586666666667</dst>
            <dst id="DNVRng">7958.01066666667</dst>
            <dst id="HSTNng">53.3333333333333</dst>
            <dst id="IPLSng">657.722666666667</dst>
            <dst id="KSCYng">26.6666666666667</dst>
            <dst id="LOSAng">8650.06933333333</dst>
            <dst id="NYCMng">99.4613333333333</dst>
            <dst id="SNVAng">9095.94133333333</dst>
            <dst id="STTLng">18858.3253333333</dst>
            <dst id="WASHng">106.901333333333</dst>
        </src>
        <src id="STTLng">
            <dst id="ATLA-M5">3084.904</dst>
            <dst id="ATLAng">51543.2213333333</dst>
            <dst id="CHINng">70182.704</dst>
            <dst id="DNVRng">53135.2053333333</dst>
            <dst id="HSTNng">43092.792</dst>
            <dst id="IPLSng">50986.1466666667</dst>
            <dst id="KSCYng">46891.9626666667</dst>
            <dst id="LOSAng">19667.6213333333</dst>
            <dst id="NYCMng">21631.5066666667</dst>
            <dst id="SNVAng">14132</dst>
            <dst id="STTLng">61328.5813333333</dst>
            <dst id="WASHng">62461.7306666667</dst>
        </src>
        <src id="WASHng">
            <dst id="ATLA-M5">8478.11466666667</dst>
            <dst id="ATLAng">137583.888</dst>
            <dst id="CHINng">129376.672</dst>
            <dst id="DNVRng">86609.4773333333</dst>
            <dst id="HSTNng">31971.472</dst>
            <dst id="IPLSng">85724.704</dst>
            <dst id="KSCYng">44504.712</dst>
            <dst id="LOSAng">88698.2986666667</dst>
            <dst id="NYCMng">254532.098666667</dst>
            <dst id="SNVAng">12781.0506666667</dst>
            <dst id="STTLng">59460.0186666667</dst>
            <dst id="WASHng">288400.053333333</dst>
        </src>
    </IntraTM>
</TrafficMatrixFile>
