<?xml version="1.0" encoding="ISO-8859-1" standalone="yes"?>
<TrafficMatrixFile xsi:noNamespaceSchemaLocation="http://totem.run.montefiore.ulg.ac.be/Schema/TrafficMatrix-v1_2.xsd" xmlns:xsi="http://www.w3.org/2001/XMLSchema-instance">
    <IntraTM ASID="11537">
        <src id="ATLA-M5">
            <dst id="ATLA-M5">96.3013333333333</dst>
            <dst id="ATLAng">4554.30666666667</dst>
            <dst id="CHINng">726.498666666667</dst>
            <dst id="DNVRng">216.16</dst>
            <dst id="HSTNng">357.130666666667</dst>
            <dst id="IPLSng">729.338666666667</dst>
            <dst id="KSCYng">578.602666666667</dst>
            <dst id="LOSAng">134.8</dst>
            <dst id="NYCMng">1462.16</dst>
            <dst id="SNVAng">108.133333333333</dst>
            <dst id="STTLng">1278.03733333333</dst>
            <dst id="WASHng">2381.032</dst>
        </src>
        <src id="ATLAng">
            <dst id="ATLA-M5">3930.416</dst>
            <dst id="ATLAng">80118.72</dst>
            <dst id="CHINng">22174.8586666667</dst>
            <dst id="DNVRng">3777.04533333333</dst>
            <dst id="HSTNng">21736.152</dst>
            <dst id="IPLSng">25573.0586666667</dst>
            <dst id="KSCYng">6585.96533333333</dst>
            <dst id="LOSAng">20188.8506666667</dst>
            <dst id="NYCMng">20406.8506666667</dst>
            <dst id="SNVAng">1734.85866666667</dst>
            <dst id="STTLng">21958.6293333333</dst>
            <dst id="WASHng">62324.2453333333</dst>
        </src>
        <src id="CHINng">
            <dst id="ATLA-M5">1700.25866666667</dst>
            <dst id="ATLAng">27421.6613333333</dst>
            <dst id="CHINng">115881.602666667</dst>
            <dst id="DNVRng">13213.52</dst>
            <dst id="HSTNng">18563.112</dst>
            <dst id="IPLSng">106954.234666667</dst>
            <dst id="KSCYng">25137.1546666667</dst>
            <dst id="LOSAng">53856.9946666667</dst>
            <dst id="NYCMng">20696.4346666667</dst>
            <dst id="SNVAng">6108.26933333333</dst>
            <dst id="STTLng">44408.392</dst>
            <dst id="WASHng">33809.9973333333</dst>
        </src>
        <src id="DNVRng">
            <dst id="ATLA-M5">1217.17333333333</dst>
            <dst id="ATLAng">11540.2773333333</dst>
            <dst id="CHINng">50800.9333333333</dst>
            <dst id="DNVRng">19155.8</dst>
            <dst id="HSTNng">23742.9813333333</dst>
            <dst id="IPLSng">20686.544</dst>
            <dst id="KSCYng">28277.9413333333</dst>
            <dst id="LOSAng">19015.4186666667</dst>
            <dst id="NYCMng">8107.29866666667</dst>
            <dst id="SNVAng">15341.7466666667</dst>
            <dst id="STTLng">30812.712</dst>
            <dst id="WASHng">27535.2426666667</dst>
        </src>
        <src id="HSTNng">
            <dst id="ATLA-M5">977.408</dst>
            <dst id="ATLAng">12188.5173333333</dst>
            <dst id="CHINng">28929.5093333333</dst>
            <dst id="DNVRng">2842.00266666667</dst>
            <dst id="HSTNng">23113.4426666667</dst>
            <dst id="IPLSng">8751.46133333334</dst>
            <dst id="KSCYng">9936.58933333333</dst>
            <dst id="LOSAng">5874.52</dst>
            <dst id="NYCMng">4340.70133333333</dst>
            <dst id="SNVAng">1364.68533333333</dst>
            <dst id="STTLng">15092.9573333333</dst>
            <dst id="WASHng">24264.4426666667</dst>
        </src>
        <src id="IPLSng">
            <dst id="ATLA-M5">1597.34133333333</dst>
            <dst id="ATLAng">18836.2933333333</dst>
            <dst id="CHINng">145504.050666667</dst>
            <dst id="DNVRng">10732.616</dst>
            <dst id="HSTNng">8166.98666666666</dst>
            <dst id="IPLSng">16728.5466666667</dst>
            <dst id="KSCYng">10961.1173333333</dst>
            <dst id="LOSAng">24555.9493333333</dst>
            <dst id="NYCMng">16349.4693333333</dst>
            <dst id="SNVAng">7949.232</dst>
            <dst id="STTLng">31440.672</dst>
            <dst id="WASHng">41630.544</dst>
        </src>
        <src id="KSCYng">
            <dst id="ATLA-M5">551.162666666667</dst>
            <dst id="ATLAng">7085.88</dst>
            <dst id="CHINng">33901.6746666667</dst>
            <dst id="DNVRng">8766.392</dst>
            <dst id="HSTNng">3944.58666666667</dst>
            <dst id="IPLSng">22875.6133333333</dst>
            <dst id="KSCYng">13733.264</dst>
            <dst id="LOSAng">8967.06133333333</dst>
            <dst id="NYCMng">9477.18133333333</dst>
            <dst id="SNVAng">3102.32266666667</dst>
            <dst id="STTLng">15623.112</dst>
            <dst id="WASHng">15357.7173333333</dst>
        </src>
        <src id="LOSAng">
            <dst id="ATLA-M5">588.768</dst>
            <dst id="ATLAng">21014.344</dst>
            <dst id="CHINng">110699.437333333</dst>
            <dst id="DNVRng">15500.632</dst>
            <dst id="HSTNng">9433.55466666667</dst>
            <dst id="IPLSng">23474.4533333333</dst>
            <dst id="KSCYng">8049.55733333333</dst>
            <dst id="LOSAng">8615.00266666667</dst>
            <dst id="NYCMng">43536.6053333333</dst>
            <dst id="SNVAng">23575.9733333333</dst>
            <dst id="STTLng">68820.6266666667</dst>
            <dst id="WASHng">90568.9146666667</dst>
        </src>
        <src id="NYCMng">
            <dst id="ATLA-M5">1625.94133333333</dst>
            <dst id="ATLAng">48798.6373333333</dst>
            <dst id="CHINng">38220.8933333333</dst>
            <dst id="DNVRng">25037.0533333333</dst>
            <dst id="HSTNng">28051.5173333333</dst>
            <dst id="IPLSng">60497.7786666667</dst>
            <dst id="KSCYng">22898.384</dst>
            <dst id="LOSAng">70570.9786666666</dst>
            <dst id="NYCMng">183222.024</dst>
            <dst id="SNVAng">11765.52</dst>
            <dst id="STTLng">21300.224</dst>
            <dst id="WASHng">111346.645333333</dst>
        </src>
        <src id="SNVAng">
            <dst id="ATLA-M5">0</dst>
            <dst id="ATLAng">26.6666666666667</dst>
            <dst id="CHINng">90.224</dst>
            <dst id="DNVRng">3893.496</dst>
            <dst id="HSTNng">376.432</dst>
            <dst id="IPLSng">721.117333333333</dst>
            <dst id="KSCYng">443.458666666667</dst>
            <dst id="LOSAng">7643.816</dst>
            <dst id="NYCMng">127.917333333333</dst>
            <dst id="SNVAng">9417.03466666667</dst>
            <dst id="STTLng">21695.144</dst>
            <dst id="WASHng">133.333333333333</dst>
        </src>
        <src id="STTLng">
            <dst id="ATLA-M5">4603.41066666667</dst>
            <dst id="ATLAng">83176.2026666666</dst>
            <dst id="CHINng">120980.946666667</dst>
            <dst id="DNVRng">42995.2746666667</dst>
            <dst id="HSTNng">45837.1546666667</dst>
            <dst id="IPLSng">113324.093333333</dst>
            <dst id="KSCYng">82380.7333333333</dst>
            <dst id="LOSAng">18127.6906666667</dst>
            <dst id="NYCMng">33852.1226666667</dst>
            <dst id="SNVAng">12218.0213333333</dst>
            <dst id="STTLng">34020.9253333333</dst>
            <dst id="WASHng">119230.642666667</dst>
        </src>
        <src id="WASHng">
            <dst id="ATLA-M5">8416.74666666667</dst>
            <dst id="ATLAng">135159.624</dst>
            <dst id="CHINng">101829.448</dst>
            <dst id="DNVRng">103094.181333333</dst>
            <dst id="HSTNng">40657.136</dst>
            <dst id="IPLSng">104002.290666667</dst>
            <dst id="KSCYng">24977.3093333333</dst>
            <dst id="LOSAng">87772.5893333333</dst>
            <dst id="NYCMng">267561.866666667</dst>
            <dst id="SNVAng">4148.224</dst>
            <dst id="STTLng">69584.1493333333</dst>
            <dst id="WASHng">320200.373333333</dst>
        </src>
    </IntraTM>
</TrafficMatrixFile>
