<?xml version="1.0" encoding="ISO-8859-1" standalone="yes"?>
<TrafficMatrixFile xsi:noNamespaceSchemaLocation="http://totem.run.montefiore.ulg.ac.be/Schema/TrafficMatrix-v1_2.xsd" xmlns:xsi="http://www.w3.org/2001/XMLSchema-instance">
    <IntraTM ASID="11537">
        <src id="ATLA-M5">
            <dst id="ATLA-M5">184.250666666667</dst>
            <dst id="ATLAng">655.010666666667</dst>
            <dst id="CHINng">730.792</dst>
            <dst id="DNVRng">204.512</dst>
            <dst id="HSTNng">576.256</dst>
            <dst id="IPLSng">1726.72533333333</dst>
            <dst id="KSCYng">572.32</dst>
            <dst id="LOSAng">233.482666666667</dst>
            <dst id="NYCMng">904.093333333333</dst>
            <dst id="SNVAng">62.392</dst>
            <dst id="STTLng">904.562666666667</dst>
            <dst id="WASHng">3737.83733333333</dst>
        </src>
        <src id="ATLAng">
            <dst id="ATLA-M5">1162.10933333333</dst>
            <dst id="ATLAng">34843.7306666667</dst>
            <dst id="CHINng">26854.856</dst>
            <dst id="DNVRng">9854.01333333333</dst>
            <dst id="HSTNng">36294.928</dst>
            <dst id="IPLSng">27412.2133333333</dst>
            <dst id="KSCYng">21948.52</dst>
            <dst id="LOSAng">13851.3693333333</dst>
            <dst id="NYCMng">15226.7013333333</dst>
            <dst id="SNVAng">1155.33733333333</dst>
            <dst id="STTLng">24166.776</dst>
            <dst id="WASHng">69389.4133333333</dst>
        </src>
        <src id="CHINng">
            <dst id="ATLA-M5">1302.22133333333</dst>
            <dst id="ATLAng">27670.3306666667</dst>
            <dst id="CHINng">111255.826666667</dst>
            <dst id="DNVRng">29103.992</dst>
            <dst id="HSTNng">15847.064</dst>
            <dst id="IPLSng">101424.146666667</dst>
            <dst id="KSCYng">36061.1573333333</dst>
            <dst id="LOSAng">56905.5546666667</dst>
            <dst id="NYCMng">31570.7546666667</dst>
            <dst id="SNVAng">3284.67466666667</dst>
            <dst id="STTLng">37899.0293333333</dst>
            <dst id="WASHng">64521.7066666667</dst>
        </src>
        <src id="DNVRng">
            <dst id="ATLA-M5">397.672</dst>
            <dst id="ATLAng">10446.1733333333</dst>
            <dst id="CHINng">42044.28</dst>
            <dst id="DNVRng">18774.0746666667</dst>
            <dst id="HSTNng">24862.0186666667</dst>
            <dst id="IPLSng">13607.208</dst>
            <dst id="KSCYng">29421.5493333333</dst>
            <dst id="LOSAng">10382.328</dst>
            <dst id="NYCMng">7104.328</dst>
            <dst id="SNVAng">18724.7386666667</dst>
            <dst id="STTLng">59398.0666666667</dst>
            <dst id="WASHng">34917.0933333333</dst>
        </src>
        <src id="HSTNng">
            <dst id="ATLA-M5">3659.86666666667</dst>
            <dst id="ATLAng">8596.29066666667</dst>
            <dst id="CHINng">20002.3813333333</dst>
            <dst id="DNVRng">3251.032</dst>
            <dst id="HSTNng">19411.8453333333</dst>
            <dst id="IPLSng">11683.056</dst>
            <dst id="KSCYng">16406.7466666667</dst>
            <dst id="LOSAng">8717.672</dst>
            <dst id="NYCMng">9683.46933333333</dst>
            <dst id="SNVAng">588.834666666667</dst>
            <dst id="STTLng">13130.1066666667</dst>
            <dst id="WASHng">10377.144</dst>
        </src>
        <src id="IPLSng">
            <dst id="ATLA-M5">845.666666666667</dst>
            <dst id="ATLAng">32233.0666666667</dst>
            <dst id="CHINng">74484.872</dst>
            <dst id="DNVRng">9912.44533333333</dst>
            <dst id="HSTNng">11119.4533333333</dst>
            <dst id="IPLSng">19010.9946666667</dst>
            <dst id="KSCYng">25312.4186666667</dst>
            <dst id="LOSAng">18009.2053333333</dst>
            <dst id="NYCMng">17420.6133333333</dst>
            <dst id="SNVAng">6353.53866666667</dst>
            <dst id="STTLng">35189.496</dst>
            <dst id="WASHng">36441.9653333333</dst>
        </src>
        <src id="KSCYng">
            <dst id="ATLA-M5">617.378666666667</dst>
            <dst id="ATLAng">13749.2613333333</dst>
            <dst id="CHINng">33986.8853333333</dst>
            <dst id="DNVRng">10462.8346666667</dst>
            <dst id="HSTNng">3323.82666666667</dst>
            <dst id="IPLSng">20623.1226666667</dst>
            <dst id="KSCYng">16861.112</dst>
            <dst id="LOSAng">5938.64533333333</dst>
            <dst id="NYCMng">8008.93866666667</dst>
            <dst id="SNVAng">2222.48</dst>
            <dst id="STTLng">15995.592</dst>
            <dst id="WASHng">16737.76</dst>
        </src>
        <src id="LOSAng">
            <dst id="ATLA-M5">557.221333333333</dst>
            <dst id="ATLAng">12270.1066666667</dst>
            <dst id="CHINng">89092.0026666667</dst>
            <dst id="DNVRng">24411.3626666667</dst>
            <dst id="HSTNng">8862.00266666667</dst>
            <dst id="IPLSng">36949.7226666667</dst>
            <dst id="KSCYng">6521.88533333333</dst>
            <dst id="LOSAng">27592.9333333333</dst>
            <dst id="NYCMng">37070.808</dst>
            <dst id="SNVAng">23467.2986666667</dst>
            <dst id="STTLng">71725.064</dst>
            <dst id="WASHng">109118.522666667</dst>
        </src>
        <src id="NYCMng">
            <dst id="ATLA-M5">5050.992</dst>
            <dst id="ATLAng">44558.424</dst>
            <dst id="CHINng">48350.128</dst>
            <dst id="DNVRng">27491.456</dst>
            <dst id="HSTNng">15745.3146666667</dst>
            <dst id="IPLSng">42493.4426666667</dst>
            <dst id="KSCYng">17138.6533333333</dst>
            <dst id="LOSAng">55627.2613333333</dst>
            <dst id="NYCMng">265028.914666667</dst>
            <dst id="SNVAng">10550.768</dst>
            <dst id="STTLng">23335.0586666667</dst>
            <dst id="WASHng">133331.493333333</dst>
        </src>
        <src id="SNVAng">
            <dst id="ATLA-M5">0</dst>
            <dst id="ATLAng">170.309333333333</dst>
            <dst id="CHINng">270.877333333333</dst>
            <dst id="DNVRng">9021.17866666667</dst>
            <dst id="HSTNng">1137.592</dst>
            <dst id="IPLSng">640.210666666667</dst>
            <dst id="KSCYng">113.922666666667</dst>
            <dst id="LOSAng">5817.86933333333</dst>
            <dst id="NYCMng">123.642666666667</dst>
            <dst id="SNVAng">9692.29866666667</dst>
            <dst id="STTLng">18097.6266666667</dst>
            <dst id="WASHng">654.597333333333</dst>
        </src>
        <src id="STTLng">
            <dst id="ATLA-M5">4394.01866666667</dst>
            <dst id="ATLAng">58792.0986666667</dst>
            <dst id="CHINng">124671.106666667</dst>
            <dst id="DNVRng">44230.2106666667</dst>
            <dst id="HSTNng">28995.8346666667</dst>
            <dst id="IPLSng">82270.9786666666</dst>
            <dst id="KSCYng">61863.4986666667</dst>
            <dst id="LOSAng">13854.8666666667</dst>
            <dst id="NYCMng">30032.096</dst>
            <dst id="SNVAng">8636.87466666666</dst>
            <dst id="STTLng">37528.8853333333</dst>
            <dst id="WASHng">95897.1226666667</dst>
        </src>
        <src id="WASHng">
            <dst id="ATLA-M5">1528.10933333333</dst>
            <dst id="ATLAng">165639.965333333</dst>
            <dst id="CHINng">78932.3493333333</dst>
            <dst id="DNVRng">56993.5466666667</dst>
            <dst id="HSTNng">37749.984</dst>
            <dst id="IPLSng">92479.4746666667</dst>
            <dst id="KSCYng">39227.792</dst>
            <dst id="LOSAng">82672.7413333333</dst>
            <dst id="NYCMng">298058.64</dst>
            <dst id="SNVAng">10986.9013333333</dst>
            <dst id="STTLng">69791.5333333333</dst>
            <dst id="WASHng">423115.573333333</dst>
        </src>
    </IntraTM>
</TrafficMatrixFile>
