<?xml version="1.0" encoding="ISO-8859-1" standalone="yes"?>
<TrafficMatrixFile xsi:noNamespaceSchemaLocation="http://totem.run.montefiore.ulg.ac.be/Schema/TrafficMatrix-v1_2.xsd" xmlns:xsi="http://www.w3.org/2001/XMLSchema-instance">
    <IntraTM ASID="11537">
        <src id="ATLA-M5">
            <dst id="ATLA-M5">0</dst>
            <dst id="ATLAng">139.029333333333</dst>
            <dst id="CHINng">149.450666666667</dst>
            <dst id="DNVRng">0</dst>
            <dst id="HSTNng">85.8693333333333</dst>
            <dst id="IPLSng">384.949333333333</dst>
            <dst id="KSCYng">901.781333333333</dst>
            <dst id="LOSAng">40</dst>
            <dst id="NYCMng">1456.47733333333</dst>
            <dst id="SNVAng">13.3333333333333</dst>
            <dst id="STTLng">319.186666666667</dst>
            <dst id="WASHng">1242.58133333333</dst>
        </src>
        <src id="ATLAng">
            <dst id="ATLA-M5">432.538666666667</dst>
            <dst id="ATLAng">28717.1226666667</dst>
            <dst id="CHINng">10690.912</dst>
            <dst id="DNVRng">5245.648</dst>
            <dst id="HSTNng">1246.33066666667</dst>
            <dst id="IPLSng">15589.4853333333</dst>
            <dst id="KSCYng">2268.03733333333</dst>
            <dst id="LOSAng">10375.1746666667</dst>
            <dst id="NYCMng">4848.23466666667</dst>
            <dst id="SNVAng">265.42</dst>
            <dst id="STTLng">10203.5146666667</dst>
            <dst id="WASHng">45556.0586666667</dst>
        </src>
        <src id="CHINng">
            <dst id="ATLA-M5">289.152</dst>
            <dst id="ATLAng">67618.712</dst>
            <dst id="CHINng">126059.250666667</dst>
            <dst id="DNVRng">12303.768</dst>
            <dst id="HSTNng">6342.89066666667</dst>
            <dst id="IPLSng">32149.0426666667</dst>
            <dst id="KSCYng">10218.4533333333</dst>
            <dst id="LOSAng">26568.5173333333</dst>
            <dst id="NYCMng">22458.5893333333</dst>
            <dst id="SNVAng">4468.76</dst>
            <dst id="STTLng">15523.6106666667</dst>
            <dst id="WASHng">13895.5546666667</dst>
        </src>
        <src id="DNVRng">
            <dst id="ATLA-M5">165.941333333333</dst>
            <dst id="ATLAng">4566.31733333333</dst>
            <dst id="CHINng">50237.944</dst>
            <dst id="DNVRng">23268.9973333333</dst>
            <dst id="HSTNng">14424.4346666667</dst>
            <dst id="IPLSng">8548.21333333333</dst>
            <dst id="KSCYng">31709.296</dst>
            <dst id="LOSAng">5909.22933333333</dst>
            <dst id="NYCMng">5785.472</dst>
            <dst id="SNVAng">10579.4</dst>
            <dst id="STTLng">17731.248</dst>
            <dst id="WASHng">21726.0853333333</dst>
        </src>
        <src id="HSTNng">
            <dst id="ATLA-M5">2903.21866666667</dst>
            <dst id="ATLAng">1696.82933333333</dst>
            <dst id="CHINng">18123.416</dst>
            <dst id="DNVRng">1366.11466666667</dst>
            <dst id="HSTNng">14764.048</dst>
            <dst id="IPLSng">2999.8</dst>
            <dst id="KSCYng">10007.496</dst>
            <dst id="LOSAng">4774.08266666667</dst>
            <dst id="NYCMng">3500.576</dst>
            <dst id="SNVAng">0</dst>
            <dst id="STTLng">4413.12533333333</dst>
            <dst id="WASHng">12500.2746666667</dst>
        </src>
        <src id="IPLSng">
            <dst id="ATLA-M5">89.3333333333333</dst>
            <dst id="ATLAng">5951.65333333333</dst>
            <dst id="CHINng">60434.712</dst>
            <dst id="DNVRng">6714.48</dst>
            <dst id="HSTNng">795.826666666667</dst>
            <dst id="IPLSng">7835.168</dst>
            <dst id="KSCYng">3103.05333333333</dst>
            <dst id="LOSAng">16752.4693333333</dst>
            <dst id="NYCMng">5904.98666666666</dst>
            <dst id="SNVAng">552.725333333333</dst>
            <dst id="STTLng">18619.272</dst>
            <dst id="WASHng">13479.7413333333</dst>
        </src>
        <src id="KSCYng">
            <dst id="ATLA-M5">190.930666666667</dst>
            <dst id="ATLAng">4718.49066666667</dst>
            <dst id="CHINng">26501.1813333333</dst>
            <dst id="DNVRng">9068.16</dst>
            <dst id="HSTNng">3290.82133333333</dst>
            <dst id="IPLSng">12923.1626666667</dst>
            <dst id="KSCYng">15539.168</dst>
            <dst id="LOSAng">3037.78666666667</dst>
            <dst id="NYCMng">3895.096</dst>
            <dst id="SNVAng">1668.03466666667</dst>
            <dst id="STTLng">11052.1733333333</dst>
            <dst id="WASHng">10892.9226666667</dst>
        </src>
        <src id="LOSAng">
            <dst id="ATLA-M5">0</dst>
            <dst id="ATLAng">6085.728</dst>
            <dst id="CHINng">81331.92</dst>
            <dst id="DNVRng">6779.472</dst>
            <dst id="HSTNng">1881.57333333333</dst>
            <dst id="IPLSng">12158.9066666667</dst>
            <dst id="KSCYng">1323.85333333333</dst>
            <dst id="LOSAng">10271.704</dst>
            <dst id="NYCMng">29237.7066666667</dst>
            <dst id="SNVAng">19639.52</dst>
            <dst id="STTLng">41687.9306666667</dst>
            <dst id="WASHng">34271.232</dst>
        </src>
        <src id="NYCMng">
            <dst id="ATLA-M5">956.013333333333</dst>
            <dst id="ATLAng">20413.5306666667</dst>
            <dst id="CHINng">32478.096</dst>
            <dst id="DNVRng">20459.832</dst>
            <dst id="HSTNng">7435.83733333333</dst>
            <dst id="IPLSng">15581.6666666667</dst>
            <dst id="KSCYng">23464.5146666667</dst>
            <dst id="LOSAng">40859.1573333333</dst>
            <dst id="NYCMng">83285.592</dst>
            <dst id="SNVAng">1589.088</dst>
            <dst id="STTLng">15799.0106666667</dst>
            <dst id="WASHng">45821.9786666667</dst>
        </src>
        <src id="SNVAng">
            <dst id="ATLA-M5">0</dst>
            <dst id="ATLAng">0</dst>
            <dst id="CHINng">0</dst>
            <dst id="DNVRng">2519.94133333333</dst>
            <dst id="HSTNng">32.32</dst>
            <dst id="IPLSng">321.898666666667</dst>
            <dst id="KSCYng">26.6666666666667</dst>
            <dst id="LOSAng">4246.21866666667</dst>
            <dst id="NYCMng">2094.89066666667</dst>
            <dst id="SNVAng">6309.74933333334</dst>
            <dst id="STTLng">16170.9573333333</dst>
            <dst id="WASHng">141.570666666667</dst>
        </src>
        <src id="STTLng">
            <dst id="ATLA-M5">1336.33333333333</dst>
            <dst id="ATLAng">22297.536</dst>
            <dst id="CHINng">43349.952</dst>
            <dst id="DNVRng">3324.54666666667</dst>
            <dst id="HSTNng">4480.51733333333</dst>
            <dst id="IPLSng">21677.6853333333</dst>
            <dst id="KSCYng">6600.21066666667</dst>
            <dst id="LOSAng">25240.104</dst>
            <dst id="NYCMng">16559.728</dst>
            <dst id="SNVAng">859.522666666667</dst>
            <dst id="STTLng">23004.16</dst>
            <dst id="WASHng">35594.912</dst>
        </src>
        <src id="WASHng">
            <dst id="ATLA-M5">2145.42933333333</dst>
            <dst id="ATLAng">92946.984</dst>
            <dst id="CHINng">78908.4666666667</dst>
            <dst id="DNVRng">82070.8666666667</dst>
            <dst id="HSTNng">30333.8266666667</dst>
            <dst id="IPLSng">38923.5066666667</dst>
            <dst id="KSCYng">10657.4746666667</dst>
            <dst id="LOSAng">81385.0133333333</dst>
            <dst id="NYCMng">135262.973333333</dst>
            <dst id="SNVAng">4566.408</dst>
            <dst id="STTLng">40371.4506666667</dst>
            <dst id="WASHng">275226.32</dst>
        </src>
    </IntraTM>
</TrafficMatrixFile>
