<?xml version="1.0" encoding="ISO-8859-1" standalone="yes"?>
<TrafficMatrixFile xsi:noNamespaceSchemaLocation="http://totem.run.montefiore.ulg.ac.be/Schema/TrafficMatrix-v1_2.xsd" xmlns:xsi="http://www.w3.org/2001/XMLSchema-instance">
    <IntraTM ASID="11537">
        <src id="ATLA-M5">
            <dst id="ATLA-M5">124.602666666667</dst>
            <dst id="ATLAng">378.277333333333</dst>
            <dst id="CHINng">861.674666666666</dst>
            <dst id="DNVRng">54.8266666666667</dst>
            <dst id="HSTNng">163.168</dst>
            <dst id="IPLSng">583.058666666667</dst>
            <dst id="KSCYng">82.552</dst>
            <dst id="LOSAng">441.592</dst>
            <dst id="NYCMng">81.5893333333333</dst>
            <dst id="SNVAng">334.968</dst>
            <dst id="STTLng">211.685333333333</dst>
            <dst id="WASHng">1860.59733333333</dst>
        </src>
        <src id="ATLAng">
            <dst id="ATLA-M5">285.792</dst>
            <dst id="ATLAng">39687.296</dst>
            <dst id="CHINng">11629.2373333333</dst>
            <dst id="DNVRng">1198.304</dst>
            <dst id="HSTNng">1082.05333333333</dst>
            <dst id="IPLSng">17887.5626666667</dst>
            <dst id="KSCYng">2520.59733333333</dst>
            <dst id="LOSAng">21448.904</dst>
            <dst id="NYCMng">9089.29866666667</dst>
            <dst id="SNVAng">700.850666666667</dst>
            <dst id="STTLng">10896.656</dst>
            <dst id="WASHng">56778.8613333333</dst>
        </src>
        <src id="CHINng">
            <dst id="ATLA-M5">441.082666666667</dst>
            <dst id="ATLAng">13029.3866666667</dst>
            <dst id="CHINng">91012.0186666667</dst>
            <dst id="DNVRng">22306.576</dst>
            <dst id="HSTNng">6665.74933333333</dst>
            <dst id="IPLSng">39848.5653333333</dst>
            <dst id="KSCYng">12603.6346666667</dst>
            <dst id="LOSAng">35687.112</dst>
            <dst id="NYCMng">9434.67466666667</dst>
            <dst id="SNVAng">4867.144</dst>
            <dst id="STTLng">16307.008</dst>
            <dst id="WASHng">16345.8426666667</dst>
        </src>
        <src id="DNVRng">
            <dst id="ATLA-M5">100.226666666667</dst>
            <dst id="ATLAng">1914.84</dst>
            <dst id="CHINng">57375.9466666667</dst>
            <dst id="DNVRng">9665.616</dst>
            <dst id="HSTNng">8452.79466666667</dst>
            <dst id="IPLSng">10586.104</dst>
            <dst id="KSCYng">13530.5333333333</dst>
            <dst id="LOSAng">4610.224</dst>
            <dst id="NYCMng">10068.856</dst>
            <dst id="SNVAng">9992.864</dst>
            <dst id="STTLng">19489.1226666667</dst>
            <dst id="WASHng">20483.2906666667</dst>
        </src>
        <src id="HSTNng">
            <dst id="ATLA-M5">3450.512</dst>
            <dst id="ATLAng">4711.56</dst>
            <dst id="CHINng">22577.1413333333</dst>
            <dst id="DNVRng">1018.44533333333</dst>
            <dst id="HSTNng">17670.9653333333</dst>
            <dst id="IPLSng">1971.50666666667</dst>
            <dst id="KSCYng">6214.784</dst>
            <dst id="LOSAng">5008.608</dst>
            <dst id="NYCMng">2846.376</dst>
            <dst id="SNVAng">376.373333333333</dst>
            <dst id="STTLng">3415.744</dst>
            <dst id="WASHng">5130.136</dst>
        </src>
        <src id="IPLSng">
            <dst id="ATLA-M5">527.549333333333</dst>
            <dst id="ATLAng">6003.09333333333</dst>
            <dst id="CHINng">58146.416</dst>
            <dst id="DNVRng">12885.6986666667</dst>
            <dst id="HSTNng">579.456</dst>
            <dst id="IPLSng">13151.9333333333</dst>
            <dst id="KSCYng">5822.52</dst>
            <dst id="LOSAng">12265.232</dst>
            <dst id="NYCMng">12216.688</dst>
            <dst id="SNVAng">287.917333333333</dst>
            <dst id="STTLng">17620.5653333333</dst>
            <dst id="WASHng">8977.74666666667</dst>
        </src>
        <src id="KSCYng">
            <dst id="ATLA-M5">84.0906666666667</dst>
            <dst id="ATLAng">3711.30933333333</dst>
            <dst id="CHINng">25370.472</dst>
            <dst id="DNVRng">7921.48266666667</dst>
            <dst id="HSTNng">3249.14933333333</dst>
            <dst id="IPLSng">12622.6533333333</dst>
            <dst id="KSCYng">7934.776</dst>
            <dst id="LOSAng">4638.66666666667</dst>
            <dst id="NYCMng">4325.17066666667</dst>
            <dst id="SNVAng">3086.80533333333</dst>
            <dst id="STTLng">5461.04266666667</dst>
            <dst id="WASHng">10884.3893333333</dst>
        </src>
        <src id="LOSAng">
            <dst id="ATLA-M5">168.986666666667</dst>
            <dst id="ATLAng">8063.18133333333</dst>
            <dst id="CHINng">6484259.73333333</dst>
            <dst id="DNVRng">9939.71733333333</dst>
            <dst id="HSTNng">5406.73866666667</dst>
            <dst id="IPLSng">14280.0346666667</dst>
            <dst id="KSCYng">3277.80533333333</dst>
            <dst id="LOSAng">12554.4506666667</dst>
            <dst id="NYCMng">51654.1013333333</dst>
            <dst id="SNVAng">19096.5466666667</dst>
            <dst id="STTLng">50669.3706666667</dst>
            <dst id="WASHng">39198.8773333333</dst>
        </src>
        <src id="NYCMng">
            <dst id="ATLA-M5">875.149333333333</dst>
            <dst id="ATLAng">26932.7466666667</dst>
            <dst id="CHINng">33157.8293333333</dst>
            <dst id="DNVRng">21457.472</dst>
            <dst id="HSTNng">3501.74666666667</dst>
            <dst id="IPLSng">18557.0773333333</dst>
            <dst id="KSCYng">4951.88266666667</dst>
            <dst id="LOSAng">57973.6906666666</dst>
            <dst id="NYCMng">109622.210666667</dst>
            <dst id="SNVAng">706.693333333333</dst>
            <dst id="STTLng">25857.256</dst>
            <dst id="WASHng">73300.736</dst>
        </src>
        <src id="SNVAng">
            <dst id="ATLA-M5">0</dst>
            <dst id="ATLAng">105.946666666667</dst>
            <dst id="CHINng">0</dst>
            <dst id="DNVRng">7434.41333333333</dst>
            <dst id="HSTNng">0</dst>
            <dst id="IPLSng">286.901333333333</dst>
            <dst id="KSCYng">0</dst>
            <dst id="LOSAng">10480.2373333333</dst>
            <dst id="NYCMng">0</dst>
            <dst id="SNVAng">8920.54666666667</dst>
            <dst id="STTLng">19420.856</dst>
            <dst id="WASHng">26.6666666666667</dst>
        </src>
        <src id="STTLng">
            <dst id="ATLA-M5">135.546666666667</dst>
            <dst id="ATLAng">11253.1813333333</dst>
            <dst id="CHINng">40253.744</dst>
            <dst id="DNVRng">3920.33866666667</dst>
            <dst id="HSTNng">4020.18933333333</dst>
            <dst id="IPLSng">12487.0053333333</dst>
            <dst id="KSCYng">3109.38933333333</dst>
            <dst id="LOSAng">42045.3573333333</dst>
            <dst id="NYCMng">8877.87733333333</dst>
            <dst id="SNVAng">1887.80266666667</dst>
            <dst id="STTLng">17680.9546666667</dst>
            <dst id="WASHng">10303.9626666667</dst>
        </src>
        <src id="WASHng">
            <dst id="ATLA-M5">991.072</dst>
            <dst id="ATLAng">83212.624</dst>
            <dst id="CHINng">75155.448</dst>
            <dst id="DNVRng">51835.7626666667</dst>
            <dst id="HSTNng">37357.4453333333</dst>
            <dst id="IPLSng">33173.792</dst>
            <dst id="KSCYng">25140.7333333333</dst>
            <dst id="LOSAng">60907.6053333333</dst>
            <dst id="NYCMng">125527</dst>
            <dst id="SNVAng">1088.01333333333</dst>
            <dst id="STTLng">35465.8773333333</dst>
            <dst id="WASHng">256586.096</dst>
        </src>
    </IntraTM>
</TrafficMatrixFile>
