<?xml version="1.0" encoding="ISO-8859-1" standalone="yes"?>
<TrafficMatrixFile xsi:noNamespaceSchemaLocation="http://totem.run.montefiore.ulg.ac.be/Schema/TrafficMatrix-v1_2.xsd" xmlns:xsi="http://www.w3.org/2001/XMLSchema-instance">
    <IntraTM ASID="11537">
        <src id="ATLA-M5">
            <dst id="ATLA-M5">817.106666666667</dst>
            <dst id="ATLAng">441.653333333333</dst>
            <dst id="CHINng">1490.34933333333</dst>
            <dst id="DNVRng">218.221333333333</dst>
            <dst id="HSTNng">123.834666666667</dst>
            <dst id="IPLSng">1203.65866666667</dst>
            <dst id="KSCYng">296.325333333333</dst>
            <dst id="LOSAng">187.268</dst>
            <dst id="NYCMng">814.554666666667</dst>
            <dst id="SNVAng">39.0573333333333</dst>
            <dst id="STTLng">1201.48533333333</dst>
            <dst id="WASHng">1600.55466666667</dst>
        </src>
        <src id="ATLAng">
            <dst id="ATLA-M5">1070.90133333333</dst>
            <dst id="ATLAng">45906.2426666667</dst>
            <dst id="CHINng">21593.1253333333</dst>
            <dst id="DNVRng">6958.39733333333</dst>
            <dst id="HSTNng">12357.544</dst>
            <dst id="IPLSng">28781.2213333333</dst>
            <dst id="KSCYng">8622.84533333333</dst>
            <dst id="LOSAng">11128.0013333333</dst>
            <dst id="NYCMng">11792.336</dst>
            <dst id="SNVAng">2932.79333333333</dst>
            <dst id="STTLng">24768.536</dst>
            <dst id="WASHng">55769.9626666667</dst>
        </src>
        <src id="CHINng">
            <dst id="ATLA-M5">497.44</dst>
            <dst id="ATLAng">28856.7066666667</dst>
            <dst id="CHINng">230479.309333333</dst>
            <dst id="DNVRng">15593.4373333333</dst>
            <dst id="HSTNng">6712.34666666667</dst>
            <dst id="IPLSng">79783.12</dst>
            <dst id="KSCYng">44056.6</dst>
            <dst id="LOSAng">53780.3733333333</dst>
            <dst id="NYCMng">30265.7386666667</dst>
            <dst id="SNVAng">4140.89866666667</dst>
            <dst id="STTLng">35677.024</dst>
            <dst id="WASHng">44023.7626666667</dst>
        </src>
        <src id="DNVRng">
            <dst id="ATLA-M5">337.669333333333</dst>
            <dst id="ATLAng">13380.6026666667</dst>
            <dst id="CHINng">37995.2586666667</dst>
            <dst id="DNVRng">25055.8373333333</dst>
            <dst id="HSTNng">9984.36</dst>
            <dst id="IPLSng">16911.8133333333</dst>
            <dst id="KSCYng">27207.424</dst>
            <dst id="LOSAng">26005.6426666667</dst>
            <dst id="NYCMng">19696.0826666667</dst>
            <dst id="SNVAng">23447.344</dst>
            <dst id="STTLng">31413.1146666667</dst>
            <dst id="WASHng">36704.0266666667</dst>
        </src>
        <src id="HSTNng">
            <dst id="ATLA-M5">374.08</dst>
            <dst id="ATLAng">5835.31466666667</dst>
            <dst id="CHINng">16072.184</dst>
            <dst id="DNVRng">1765.552</dst>
            <dst id="HSTNng">16698.304</dst>
            <dst id="IPLSng">6587.39733333333</dst>
            <dst id="KSCYng">11875.7413333333</dst>
            <dst id="LOSAng">9886.05333333333</dst>
            <dst id="NYCMng">5678.104</dst>
            <dst id="SNVAng">2081.89333333333</dst>
            <dst id="STTLng">13043.048</dst>
            <dst id="WASHng">10456.328</dst>
        </src>
        <src id="IPLSng">
            <dst id="ATLA-M5">1294.06933333333</dst>
            <dst id="ATLAng">25101.7893333333</dst>
            <dst id="CHINng">96029.888</dst>
            <dst id="DNVRng">10423.1786666667</dst>
            <dst id="HSTNng">6655.83466666667</dst>
            <dst id="IPLSng">16788.496</dst>
            <dst id="KSCYng">15775.6506666667</dst>
            <dst id="LOSAng">27831.8666666667</dst>
            <dst id="NYCMng">18545.0746666667</dst>
            <dst id="SNVAng">6712.64266666667</dst>
            <dst id="STTLng">37002.896</dst>
            <dst id="WASHng">32145.304</dst>
        </src>
        <src id="KSCYng">
            <dst id="ATLA-M5">550.005333333333</dst>
            <dst id="ATLAng">12824.896</dst>
            <dst id="CHINng">28100.3733333333</dst>
            <dst id="DNVRng">13948.896</dst>
            <dst id="HSTNng">4692.93333333333</dst>
            <dst id="IPLSng">18855.232</dst>
            <dst id="KSCYng">18960.2693333333</dst>
            <dst id="LOSAng">5512.92</dst>
            <dst id="NYCMng">7836.37866666667</dst>
            <dst id="SNVAng">2065.968</dst>
            <dst id="STTLng">14726.6666666667</dst>
            <dst id="WASHng">18230.7733333333</dst>
        </src>
        <src id="LOSAng">
            <dst id="ATLA-M5">198.650666666667</dst>
            <dst id="ATLAng">14178.3573333333</dst>
            <dst id="CHINng">121029.328</dst>
            <dst id="DNVRng">32143.312</dst>
            <dst id="HSTNng">11744.752</dst>
            <dst id="IPLSng">22115.5493333333</dst>
            <dst id="KSCYng">14957.968</dst>
            <dst id="LOSAng">8849.49333333333</dst>
            <dst id="NYCMng">41379.064</dst>
            <dst id="SNVAng">30031.5146666667</dst>
            <dst id="STTLng">80366.9146666667</dst>
            <dst id="WASHng">66988.184</dst>
        </src>
        <src id="NYCMng">
            <dst id="ATLA-M5">1876.952</dst>
            <dst id="ATLAng">49463.2906666667</dst>
            <dst id="CHINng">43719.28</dst>
            <dst id="DNVRng">29964.056</dst>
            <dst id="HSTNng">14538.9386666667</dst>
            <dst id="IPLSng">31784.9893333333</dst>
            <dst id="KSCYng">21716.2426666667</dst>
            <dst id="LOSAng">61520.1146666667</dst>
            <dst id="NYCMng">234996.202666667</dst>
            <dst id="SNVAng">5534.49866666667</dst>
            <dst id="STTLng">25873.1973333333</dst>
            <dst id="WASHng">176942.026666667</dst>
        </src>
        <src id="SNVAng">
            <dst id="ATLA-M5">0</dst>
            <dst id="ATLAng">62.6666666666667</dst>
            <dst id="CHINng">196.117333333333</dst>
            <dst id="DNVRng">20380.7733333333</dst>
            <dst id="HSTNng">6414.16533333333</dst>
            <dst id="IPLSng">648.669333333333</dst>
            <dst id="KSCYng">53.3333333333333</dst>
            <dst id="LOSAng">7405.184</dst>
            <dst id="NYCMng">125.584</dst>
            <dst id="SNVAng">9934.12266666667</dst>
            <dst id="STTLng">20003.7173333333</dst>
            <dst id="WASHng">123.554666666667</dst>
        </src>
        <src id="STTLng">
            <dst id="ATLA-M5">3770.688</dst>
            <dst id="ATLAng">62704.568</dst>
            <dst id="CHINng">115477.061333333</dst>
            <dst id="DNVRng">49769.5653333333</dst>
            <dst id="HSTNng">31520.7733333333</dst>
            <dst id="IPLSng">87129.7893333333</dst>
            <dst id="KSCYng">65345.0426666667</dst>
            <dst id="LOSAng">18727.3653333333</dst>
            <dst id="NYCMng">30054.1733333333</dst>
            <dst id="SNVAng">8345.49866666667</dst>
            <dst id="STTLng">26278.752</dst>
            <dst id="WASHng">98359.88</dst>
        </src>
        <src id="WASHng">
            <dst id="ATLA-M5">3073.28266666667</dst>
            <dst id="ATLAng">120326.909333333</dst>
            <dst id="CHINng">118535.341333333</dst>
            <dst id="DNVRng">69686.792</dst>
            <dst id="HSTNng">38061.56</dst>
            <dst id="IPLSng">92168.8106666666</dst>
            <dst id="KSCYng">31808.312</dst>
            <dst id="LOSAng">85723.672</dst>
            <dst id="NYCMng">233493.197333333</dst>
            <dst id="SNVAng">5324.79733333333</dst>
            <dst id="STTLng">68448.2026666667</dst>
            <dst id="WASHng">341491.28</dst>
        </src>
    </IntraTM>
</TrafficMatrixFile>
