<?xml version="1.0" encoding="ISO-8859-1" standalone="yes"?>
<TrafficMatrixFile xsi:noNamespaceSchemaLocation="http://totem.run.montefiore.ulg.ac.be/Schema/TrafficMatrix-v1_2.xsd" xmlns:xsi="http://www.w3.org/2001/XMLSchema-instance">
    <IntraTM ASID="11537">
        <src id="ATLA-M5">
            <dst id="ATLA-M5">0</dst>
            <dst id="ATLAng">304.616</dst>
            <dst id="CHINng">1248.29866666667</dst>
            <dst id="DNVRng">53.3333333333333</dst>
            <dst id="HSTNng">114.378666666667</dst>
            <dst id="IPLSng">582.170666666667</dst>
            <dst id="KSCYng">29.8533333333333</dst>
            <dst id="LOSAng">0</dst>
            <dst id="NYCMng">0</dst>
            <dst id="SNVAng">0</dst>
            <dst id="STTLng">236.421333333333</dst>
            <dst id="WASHng">3459.37066666667</dst>
        </src>
        <src id="ATLAng">
            <dst id="ATLA-M5">223.408</dst>
            <dst id="ATLAng">28566.328</dst>
            <dst id="CHINng">9495.74666666667</dst>
            <dst id="DNVRng">2533.36266666667</dst>
            <dst id="HSTNng">1255.352</dst>
            <dst id="IPLSng">13484.6373333333</dst>
            <dst id="KSCYng">2895.42666666667</dst>
            <dst id="LOSAng">18749.0053333333</dst>
            <dst id="NYCMng">6208.4</dst>
            <dst id="SNVAng">435.736</dst>
            <dst id="STTLng">9105.16266666667</dst>
            <dst id="WASHng">46600.672</dst>
        </src>
        <src id="CHINng">
            <dst id="ATLA-M5">622.789333333333</dst>
            <dst id="ATLAng">18777.7146666667</dst>
            <dst id="CHINng">101891.378666667</dst>
            <dst id="DNVRng">14637.8186666667</dst>
            <dst id="HSTNng">5431.12266666667</dst>
            <dst id="IPLSng">48501.7946666667</dst>
            <dst id="KSCYng">9044.36533333333</dst>
            <dst id="LOSAng">37696.7946666667</dst>
            <dst id="NYCMng">22329.992</dst>
            <dst id="SNVAng">3111.84533333333</dst>
            <dst id="STTLng">17775.2186666667</dst>
            <dst id="WASHng">17342.896</dst>
        </src>
        <src id="DNVRng">
            <dst id="ATLA-M5">123.466666666667</dst>
            <dst id="ATLAng">4809.656</dst>
            <dst id="CHINng">38308.1093333333</dst>
            <dst id="DNVRng">7275.92266666667</dst>
            <dst id="HSTNng">10428.352</dst>
            <dst id="IPLSng">28955.8693333333</dst>
            <dst id="KSCYng">11591.3866666667</dst>
            <dst id="LOSAng">8929.928</dst>
            <dst id="NYCMng">4077.296</dst>
            <dst id="SNVAng">7353.72533333333</dst>
            <dst id="STTLng">16690.072</dst>
            <dst id="WASHng">24727.384</dst>
        </src>
        <src id="HSTNng">
            <dst id="ATLA-M5">1528.59733333333</dst>
            <dst id="ATLAng">5526.84533333333</dst>
            <dst id="CHINng">13836.416</dst>
            <dst id="DNVRng">805.8</dst>
            <dst id="HSTNng">21998.528</dst>
            <dst id="IPLSng">2790.85066666667</dst>
            <dst id="KSCYng">4512.76266666667</dst>
            <dst id="LOSAng">33269.6266666667</dst>
            <dst id="NYCMng">3485.34933333333</dst>
            <dst id="SNVAng">159.032</dst>
            <dst id="STTLng">3573.85866666667</dst>
            <dst id="WASHng">2384.65866666667</dst>
        </src>
        <src id="IPLSng">
            <dst id="ATLA-M5">273.410666666667</dst>
            <dst id="ATLAng">8001.84533333333</dst>
            <dst id="CHINng">81015.2533333333</dst>
            <dst id="DNVRng">5765.8</dst>
            <dst id="HSTNng">902.045333333333</dst>
            <dst id="IPLSng">53959.1973333333</dst>
            <dst id="KSCYng">10171.8106666667</dst>
            <dst id="LOSAng">35285.5626666667</dst>
            <dst id="NYCMng">7785.10933333333</dst>
            <dst id="SNVAng">453.250666666667</dst>
            <dst id="STTLng">26094.1413333333</dst>
            <dst id="WASHng">20623.7946666667</dst>
        </src>
        <src id="KSCYng">
            <dst id="ATLA-M5">53.3333333333333</dst>
            <dst id="ATLAng">4904.21866666667</dst>
            <dst id="CHINng">20232.552</dst>
            <dst id="DNVRng">6034.76266666667</dst>
            <dst id="HSTNng">14782.304</dst>
            <dst id="IPLSng">16002.4906666667</dst>
            <dst id="KSCYng">10805.6026666667</dst>
            <dst id="LOSAng">4946.97066666667</dst>
            <dst id="NYCMng">3046.80266666667</dst>
            <dst id="SNVAng">2156.48533333333</dst>
            <dst id="STTLng">6606.096</dst>
            <dst id="WASHng">10035.712</dst>
        </src>
        <src id="LOSAng">
            <dst id="ATLA-M5">191.789333333333</dst>
            <dst id="ATLAng">7149.744</dst>
            <dst id="CHINng">115694.234666667</dst>
            <dst id="DNVRng">13968.0453333333</dst>
            <dst id="HSTNng">14764.0826666667</dst>
            <dst id="IPLSng">8022.44533333333</dst>
            <dst id="KSCYng">2602.76</dst>
            <dst id="LOSAng">9937.34933333333</dst>
            <dst id="NYCMng">43308.6746666667</dst>
            <dst id="SNVAng">19144.8906666667</dst>
            <dst id="STTLng">48760.9626666667</dst>
            <dst id="WASHng">44228.9893333333</dst>
        </src>
        <src id="NYCMng">
            <dst id="ATLA-M5">223.832</dst>
            <dst id="ATLAng">35615.0666666667</dst>
            <dst id="CHINng">29386.6533333333</dst>
            <dst id="DNVRng">8594.46933333333</dst>
            <dst id="HSTNng">3328.088</dst>
            <dst id="IPLSng">12174.52</dst>
            <dst id="KSCYng">3668.45066666667</dst>
            <dst id="LOSAng">50326.6586666667</dst>
            <dst id="NYCMng">87966.216</dst>
            <dst id="SNVAng">588.762666666667</dst>
            <dst id="STTLng">32327.5013333333</dst>
            <dst id="WASHng">48549.3386666667</dst>
        </src>
        <src id="SNVAng">
            <dst id="ATLA-M5">0</dst>
            <dst id="ATLAng">285.402666666667</dst>
            <dst id="CHINng">0</dst>
            <dst id="DNVRng">2711.08266666667</dst>
            <dst id="HSTNng">0</dst>
            <dst id="IPLSng">350.186666666667</dst>
            <dst id="KSCYng">0</dst>
            <dst id="LOSAng">8092.528</dst>
            <dst id="NYCMng">61.3466666666667</dst>
            <dst id="SNVAng">8315.14666666667</dst>
            <dst id="STTLng">15145.3066666667</dst>
            <dst id="WASHng">26.6666666666667</dst>
        </src>
        <src id="STTLng">
            <dst id="ATLA-M5">471.528</dst>
            <dst id="ATLAng">16162.0213333333</dst>
            <dst id="CHINng">35810.568</dst>
            <dst id="DNVRng">2465.73866666667</dst>
            <dst id="HSTNng">3126.06133333333</dst>
            <dst id="IPLSng">17169.6666666667</dst>
            <dst id="KSCYng">5883.18933333333</dst>
            <dst id="LOSAng">29884.2666666667</dst>
            <dst id="NYCMng">9481.49333333333</dst>
            <dst id="SNVAng">994.405333333333</dst>
            <dst id="STTLng">13969.2986666667</dst>
            <dst id="WASHng">23316.6453333333</dst>
        </src>
        <src id="WASHng">
            <dst id="ATLA-M5">2480.77333333333</dst>
            <dst id="ATLAng">76013.7973333334</dst>
            <dst id="CHINng">52581.6213333333</dst>
            <dst id="DNVRng">45691.8853333333</dst>
            <dst id="HSTNng">24448.6453333333</dst>
            <dst id="IPLSng">31671.1306666667</dst>
            <dst id="KSCYng">25512.7493333333</dst>
            <dst id="LOSAng">67580.6933333333</dst>
            <dst id="NYCMng">173966.061333333</dst>
            <dst id="SNVAng">1125.056</dst>
            <dst id="STTLng">47088.8213333333</dst>
            <dst id="WASHng">362984.106666667</dst>
        </src>
    </IntraTM>
</TrafficMatrixFile>
