<?xml version="1.0" encoding="ISO-8859-1" standalone="yes"?>
<TrafficMatrixFile xsi:noNamespaceSchemaLocation="http://totem.run.montefiore.ulg.ac.be/Schema/TrafficMatrix-v1_2.xsd" xmlns:xsi="http://www.w3.org/2001/XMLSchema-instance">
    <IntraTM ASID="11537">
        <src id="ATLA-M5">
            <dst id="ATLA-M5">137.314666666667</dst>
            <dst id="ATLAng">1587.57333333333</dst>
            <dst id="CHINng">1982.66666666667</dst>
            <dst id="DNVRng">53.3333333333333</dst>
            <dst id="HSTNng">930.917333333334</dst>
            <dst id="IPLSng">1704.19733333333</dst>
            <dst id="KSCYng">616.016</dst>
            <dst id="LOSAng">213.121333333333</dst>
            <dst id="NYCMng">5454.18133333333</dst>
            <dst id="SNVAng">103.292</dst>
            <dst id="STTLng">607.856</dst>
            <dst id="WASHng">1833.992</dst>
        </src>
        <src id="ATLAng">
            <dst id="ATLA-M5">492.056</dst>
            <dst id="ATLAng">100204.378666667</dst>
            <dst id="CHINng">17455.3706666667</dst>
            <dst id="DNVRng">5253.53066666667</dst>
            <dst id="HSTNng">11368.2773333333</dst>
            <dst id="IPLSng">23067.4533333333</dst>
            <dst id="KSCYng">5016.048</dst>
            <dst id="LOSAng">45559.1946666667</dst>
            <dst id="NYCMng">12490.6213333333</dst>
            <dst id="SNVAng">1726.776</dst>
            <dst id="STTLng">15554.6693333333</dst>
            <dst id="WASHng">47646.408</dst>
        </src>
        <src id="CHINng">
            <dst id="ATLA-M5">1418.76</dst>
            <dst id="ATLAng">32498.9973333333</dst>
            <dst id="CHINng">108803.92</dst>
            <dst id="DNVRng">19988.184</dst>
            <dst id="HSTNng">11734.84</dst>
            <dst id="IPLSng">100320.477333333</dst>
            <dst id="KSCYng">18571.6933333333</dst>
            <dst id="LOSAng">32247.944</dst>
            <dst id="NYCMng">15663.5173333333</dst>
            <dst id="SNVAng">4010.736</dst>
            <dst id="STTLng">25673.968</dst>
            <dst id="WASHng">40982.6053333333</dst>
        </src>
        <src id="DNVRng">
            <dst id="ATLA-M5">247.717333333333</dst>
            <dst id="ATLAng">6516.824</dst>
            <dst id="CHINng">39222.984</dst>
            <dst id="DNVRng">7108.58666666667</dst>
            <dst id="HSTNng">13500.4693333333</dst>
            <dst id="IPLSng">14730.24</dst>
            <dst id="KSCYng">13093.0586666667</dst>
            <dst id="LOSAng">14061.3626666667</dst>
            <dst id="NYCMng">7677.24533333333</dst>
            <dst id="SNVAng">22252.5493333333</dst>
            <dst id="STTLng">60475.8346666667</dst>
            <dst id="WASHng">32173.7333333333</dst>
        </src>
        <src id="HSTNng">
            <dst id="ATLA-M5">2098.54133333333</dst>
            <dst id="ATLAng">3486.09866666667</dst>
            <dst id="CHINng">16909.1066666667</dst>
            <dst id="DNVRng">3685.55466666667</dst>
            <dst id="HSTNng">17572.1653333333</dst>
            <dst id="IPLSng">4376.256</dst>
            <dst id="KSCYng">12360.1706666667</dst>
            <dst id="LOSAng">7199.32</dst>
            <dst id="NYCMng">6037.17066666667</dst>
            <dst id="SNVAng">265.277333333333</dst>
            <dst id="STTLng">16313.1946666667</dst>
            <dst id="WASHng">9220.54133333333</dst>
        </src>
        <src id="IPLSng">
            <dst id="ATLA-M5">1395.47733333333</dst>
            <dst id="ATLAng">13515.992</dst>
            <dst id="CHINng">122392.528</dst>
            <dst id="DNVRng">11028.3973333333</dst>
            <dst id="HSTNng">3047.16533333333</dst>
            <dst id="IPLSng">53894.9066666667</dst>
            <dst id="KSCYng">6054.128</dst>
            <dst id="LOSAng">26364.6453333333</dst>
            <dst id="NYCMng">12378.9066666667</dst>
            <dst id="SNVAng">3828.744</dst>
            <dst id="STTLng">23486.2746666667</dst>
            <dst id="WASHng">27586.7466666667</dst>
        </src>
        <src id="KSCYng">
            <dst id="ATLA-M5">421.378666666667</dst>
            <dst id="ATLAng">7211.66933333333</dst>
            <dst id="CHINng">29556.9546666667</dst>
            <dst id="DNVRng">9833.49333333333</dst>
            <dst id="HSTNng">6677.528</dst>
            <dst id="IPLSng">19358.0266666667</dst>
            <dst id="KSCYng">17670.144</dst>
            <dst id="LOSAng">4377.184</dst>
            <dst id="NYCMng">6671.112</dst>
            <dst id="SNVAng">2631.79466666667</dst>
            <dst id="STTLng">11347.0613333333</dst>
            <dst id="WASHng">12538.792</dst>
        </src>
        <src id="LOSAng">
            <dst id="ATLA-M5">333.152</dst>
            <dst id="ATLAng">49205.44</dst>
            <dst id="CHINng">116267.8</dst>
            <dst id="DNVRng">22112.0853333333</dst>
            <dst id="HSTNng">10590.0533333333</dst>
            <dst id="IPLSng">46473.1253333333</dst>
            <dst id="KSCYng">9928.78133333333</dst>
            <dst id="LOSAng">13785</dst>
            <dst id="NYCMng">45977.864</dst>
            <dst id="SNVAng">25826.5786666667</dst>
            <dst id="STTLng">63724.9013333333</dst>
            <dst id="WASHng">69192.392</dst>
        </src>
        <src id="NYCMng">
            <dst id="ATLA-M5">2834.38933333333</dst>
            <dst id="ATLAng">57435.48</dst>
            <dst id="CHINng">32306.1706666667</dst>
            <dst id="DNVRng">27436.2213333333</dst>
            <dst id="HSTNng">28515.2346666667</dst>
            <dst id="IPLSng">42598.9493333333</dst>
            <dst id="KSCYng">18783.9306666667</dst>
            <dst id="LOSAng">64991.2346666667</dst>
            <dst id="NYCMng">97690.9706666667</dst>
            <dst id="SNVAng">5624.01866666667</dst>
            <dst id="STTLng">26020.512</dst>
            <dst id="WASHng">138815.797333333</dst>
        </src>
        <src id="SNVAng">
            <dst id="ATLA-M5">0</dst>
            <dst id="ATLAng">32.4293333333333</dst>
            <dst id="CHINng">115.528</dst>
            <dst id="DNVRng">9330.07466666667</dst>
            <dst id="HSTNng">238.098666666667</dst>
            <dst id="IPLSng">718.989333333333</dst>
            <dst id="KSCYng">53.3333333333333</dst>
            <dst id="LOSAng">8635.50933333333</dst>
            <dst id="NYCMng">84.0266666666667</dst>
            <dst id="SNVAng">9199.94666666667</dst>
            <dst id="STTLng">18749.8186666667</dst>
            <dst id="WASHng">80</dst>
        </src>
        <src id="STTLng">
            <dst id="ATLA-M5">3188.29066666667</dst>
            <dst id="ATLAng">36115.064</dst>
            <dst id="CHINng">59361.928</dst>
            <dst id="DNVRng">32714.064</dst>
            <dst id="HSTNng">31320.3413333333</dst>
            <dst id="IPLSng">45046.296</dst>
            <dst id="KSCYng">37480.064</dst>
            <dst id="LOSAng">16062.0666666667</dst>
            <dst id="NYCMng">21264.744</dst>
            <dst id="SNVAng">11992.544</dst>
            <dst id="STTLng">42076.7653333333</dst>
            <dst id="WASHng">47587.0426666667</dst>
        </src>
        <src id="WASHng">
            <dst id="ATLA-M5">8628.08266666667</dst>
            <dst id="ATLAng">97768.48</dst>
            <dst id="CHINng">81571.1013333333</dst>
            <dst id="DNVRng">105756.365333333</dst>
            <dst id="HSTNng">28198.2613333333</dst>
            <dst id="IPLSng">58303.208</dst>
            <dst id="KSCYng">30288.512</dst>
            <dst id="LOSAng">94159.8693333333</dst>
            <dst id="NYCMng">166956.744</dst>
            <dst id="SNVAng">10935.664</dst>
            <dst id="STTLng">63793.1786666667</dst>
            <dst id="WASHng">204433.685333333</dst>
        </src>
    </IntraTM>
</TrafficMatrixFile>
