<?xml version="1.0" encoding="ISO-8859-1" standalone="yes"?>
<TrafficMatrixFile xsi:noNamespaceSchemaLocation="http://totem.run.montefiore.ulg.ac.be/Schema/TrafficMatrix-v1_2.xsd" xmlns:xsi="http://www.w3.org/2001/XMLSchema-instance">
    <IntraTM ASID="11537">
        <src id="ATLA-M5">
            <dst id="ATLA-M5">53.3333333333333</dst>
            <dst id="ATLAng">671.557333333333</dst>
            <dst id="CHINng">1410.256</dst>
            <dst id="DNVRng">80</dst>
            <dst id="HSTNng">239.754666666667</dst>
            <dst id="IPLSng">653.077333333333</dst>
            <dst id="KSCYng">101.904</dst>
            <dst id="LOSAng">66.6666666666667</dst>
            <dst id="NYCMng">84.584</dst>
            <dst id="SNVAng">40</dst>
            <dst id="STTLng">887.794666666667</dst>
            <dst id="WASHng">1312.88266666667</dst>
        </src>
        <src id="ATLAng">
            <dst id="ATLA-M5">273.44</dst>
            <dst id="ATLAng">30811.056</dst>
            <dst id="CHINng">23598.9573333333</dst>
            <dst id="DNVRng">2538.896</dst>
            <dst id="HSTNng">3222.41066666667</dst>
            <dst id="IPLSng">25135.5706666667</dst>
            <dst id="KSCYng">3160.944</dst>
            <dst id="LOSAng">25305.4906666667</dst>
            <dst id="NYCMng">8624.928</dst>
            <dst id="SNVAng">4151.98133333333</dst>
            <dst id="STTLng">21387.584</dst>
            <dst id="WASHng">58197.704</dst>
        </src>
        <src id="CHINng">
            <dst id="ATLA-M5">948.362666666667</dst>
            <dst id="ATLAng">166043.597333333</dst>
            <dst id="CHINng">99399.496</dst>
            <dst id="DNVRng">7582.84266666667</dst>
            <dst id="HSTNng">19546.3786666667</dst>
            <dst id="IPLSng">54878.3226666667</dst>
            <dst id="KSCYng">25434.744</dst>
            <dst id="LOSAng">24277.0053333333</dst>
            <dst id="NYCMng">10551.9653333333</dst>
            <dst id="SNVAng">3532.59733333333</dst>
            <dst id="STTLng">30588.208</dst>
            <dst id="WASHng">28423.0506666667</dst>
        </src>
        <src id="DNVRng">
            <dst id="ATLA-M5">313.76</dst>
            <dst id="ATLAng">9615.01066666667</dst>
            <dst id="CHINng">60547.1893333333</dst>
            <dst id="DNVRng">10217.312</dst>
            <dst id="HSTNng">15578.4026666667</dst>
            <dst id="IPLSng">15295.288</dst>
            <dst id="KSCYng">25448.5866666667</dst>
            <dst id="LOSAng">7298.256</dst>
            <dst id="NYCMng">9579.16533333333</dst>
            <dst id="SNVAng">11377.0986666667</dst>
            <dst id="STTLng">19104.064</dst>
            <dst id="WASHng">29331.2373333333</dst>
        </src>
        <src id="HSTNng">
            <dst id="ATLA-M5">689.813333333333</dst>
            <dst id="ATLAng">7148.176</dst>
            <dst id="CHINng">18506.8</dst>
            <dst id="DNVRng">2770.368</dst>
            <dst id="HSTNng">16732.1306666667</dst>
            <dst id="IPLSng">2825.72</dst>
            <dst id="KSCYng">8219.06933333333</dst>
            <dst id="LOSAng">2261.43466666667</dst>
            <dst id="NYCMng">3112</dst>
            <dst id="SNVAng">474.218666666667</dst>
            <dst id="STTLng">12029.6853333333</dst>
            <dst id="WASHng">4071.94133333333</dst>
        </src>
        <src id="IPLSng">
            <dst id="ATLA-M5">170.477333333333</dst>
            <dst id="ATLAng">15836.8586666667</dst>
            <dst id="CHINng">86666.8853333333</dst>
            <dst id="DNVRng">3506.35733333333</dst>
            <dst id="HSTNng">2039</dst>
            <dst id="IPLSng">16868.3066666667</dst>
            <dst id="KSCYng">12896.6906666667</dst>
            <dst id="LOSAng">17940.7066666667</dst>
            <dst id="NYCMng">20143.3546666667</dst>
            <dst id="SNVAng">713.421333333333</dst>
            <dst id="STTLng">39861.5653333333</dst>
            <dst id="WASHng">45201.176</dst>
        </src>
        <src id="KSCYng">
            <dst id="ATLA-M5">282.173333333333</dst>
            <dst id="ATLAng">6699.32266666667</dst>
            <dst id="CHINng">28417.9333333333</dst>
            <dst id="DNVRng">9103.23466666667</dst>
            <dst id="HSTNng">3406.344</dst>
            <dst id="IPLSng">14072.3093333333</dst>
            <dst id="KSCYng">12019.624</dst>
            <dst id="LOSAng">3520.968</dst>
            <dst id="NYCMng">4991.992</dst>
            <dst id="SNVAng">2515.376</dst>
            <dst id="STTLng">14836.5546666667</dst>
            <dst id="WASHng">9471.976</dst>
        </src>
        <src id="LOSAng">
            <dst id="ATLA-M5">709.725333333333</dst>
            <dst id="ATLAng">14303.2586666667</dst>
            <dst id="CHINng">126952.512</dst>
            <dst id="DNVRng">12287.592</dst>
            <dst id="HSTNng">11711.096</dst>
            <dst id="IPLSng">24645.984</dst>
            <dst id="KSCYng">3928.34666666667</dst>
            <dst id="LOSAng">8989.89866666667</dst>
            <dst id="NYCMng">55472.376</dst>
            <dst id="SNVAng">21080.6586666667</dst>
            <dst id="STTLng">51681.1173333333</dst>
            <dst id="WASHng">50615.4373333333</dst>
        </src>
        <src id="NYCMng">
            <dst id="ATLA-M5">2138.12</dst>
            <dst id="ATLAng">50942.3466666667</dst>
            <dst id="CHINng">24058.4426666667</dst>
            <dst id="DNVRng">16832.9786666667</dst>
            <dst id="HSTNng">7382.512</dst>
            <dst id="IPLSng">26331.8053333333</dst>
            <dst id="KSCYng">9102.512</dst>
            <dst id="LOSAng">48627.8106666667</dst>
            <dst id="NYCMng">112632.762666667</dst>
            <dst id="SNVAng">1024.384</dst>
            <dst id="STTLng">29375.9386666667</dst>
            <dst id="WASHng">78332.2133333333</dst>
        </src>
        <src id="SNVAng">
            <dst id="ATLA-M5">0</dst>
            <dst id="ATLAng">329.68</dst>
            <dst id="CHINng">151.168</dst>
            <dst id="DNVRng">18161.984</dst>
            <dst id="HSTNng">26.6666666666667</dst>
            <dst id="IPLSng">532.586666666667</dst>
            <dst id="KSCYng">134.709333333333</dst>
            <dst id="LOSAng">8369.85333333333</dst>
            <dst id="NYCMng">57.9306666666667</dst>
            <dst id="SNVAng">10053.488</dst>
            <dst id="STTLng">19482.504</dst>
            <dst id="WASHng">106.666666666667</dst>
        </src>
        <src id="STTLng">
            <dst id="ATLA-M5">2612.94133333333</dst>
            <dst id="ATLAng">72873.3226666667</dst>
            <dst id="CHINng">122640.557333333</dst>
            <dst id="DNVRng">9073.248</dst>
            <dst id="HSTNng">27192.1226666667</dst>
            <dst id="IPLSng">69983.4533333333</dst>
            <dst id="KSCYng">50318.304</dst>
            <dst id="LOSAng">26713.3946666667</dst>
            <dst id="NYCMng">27139.8373333333</dst>
            <dst id="SNVAng">1552.22666666667</dst>
            <dst id="STTLng">17315.376</dst>
            <dst id="WASHng">87529.0026666667</dst>
        </src>
        <src id="WASHng">
            <dst id="ATLA-M5">472.453333333333</dst>
            <dst id="ATLAng">114062.061333333</dst>
            <dst id="CHINng">101078.194666667</dst>
            <dst id="DNVRng">59759.7573333333</dst>
            <dst id="HSTNng">21417.664</dst>
            <dst id="IPLSng">45266.36</dst>
            <dst id="KSCYng">14008.064</dst>
            <dst id="LOSAng">71886.08</dst>
            <dst id="NYCMng">146249.016</dst>
            <dst id="SNVAng">2840.52533333333</dst>
            <dst id="STTLng">60900.3866666667</dst>
            <dst id="WASHng">391260.96</dst>
        </src>
    </IntraTM>
</TrafficMatrixFile>
