<?xml version="1.0" encoding="ISO-8859-1" standalone="yes"?>
<TrafficMatrixFile xsi:noNamespaceSchemaLocation="http://totem.run.montefiore.ulg.ac.be/Schema/TrafficMatrix-v1_2.xsd" xmlns:xsi="http://www.w3.org/2001/XMLSchema-instance">
    <IntraTM ASID="11537">
        <src id="ATLA-M5">
            <dst id="ATLA-M5">386.645333333333</dst>
            <dst id="ATLAng">1668.32266666667</dst>
            <dst id="CHINng">1960.96533333333</dst>
            <dst id="DNVRng">650.946666666667</dst>
            <dst id="HSTNng">775.021333333333</dst>
            <dst id="IPLSng">793.688</dst>
            <dst id="KSCYng">229.48</dst>
            <dst id="LOSAng">331.542666666667</dst>
            <dst id="NYCMng">1521.31466666667</dst>
            <dst id="SNVAng">54.2093333333333</dst>
            <dst id="STTLng">1382.86933333333</dst>
            <dst id="WASHng">1425.77066666667</dst>
        </src>
        <src id="ATLAng">
            <dst id="ATLA-M5">1020.152</dst>
            <dst id="ATLAng">33982.4773333333</dst>
            <dst id="CHINng">18892.5893333333</dst>
            <dst id="DNVRng">4161.78133333333</dst>
            <dst id="HSTNng">25156.9066666667</dst>
            <dst id="IPLSng">23312.8213333333</dst>
            <dst id="KSCYng">7756.216</dst>
            <dst id="LOSAng">18912.7</dst>
            <dst id="NYCMng">10511.392</dst>
            <dst id="SNVAng">1320.012</dst>
            <dst id="STTLng">24207.208</dst>
            <dst id="WASHng">69229.2053333333</dst>
        </src>
        <src id="CHINng">
            <dst id="ATLA-M5">1132.07733333333</dst>
            <dst id="ATLAng">25764.0426666667</dst>
            <dst id="CHINng">103978.434666667</dst>
            <dst id="DNVRng">14648.3706666667</dst>
            <dst id="HSTNng">23506.4773333333</dst>
            <dst id="IPLSng">120044.272</dst>
            <dst id="KSCYng">20343.7253333333</dst>
            <dst id="LOSAng">99433.4373333333</dst>
            <dst id="NYCMng">20271.8293333333</dst>
            <dst id="SNVAng">5854.616</dst>
            <dst id="STTLng">40519.728</dst>
            <dst id="WASHng">33502.168</dst>
        </src>
        <src id="DNVRng">
            <dst id="ATLA-M5">215.4</dst>
            <dst id="ATLAng">9412.856</dst>
            <dst id="CHINng">62809.0933333333</dst>
            <dst id="DNVRng">12640.1306666667</dst>
            <dst id="HSTNng">18647.7546666667</dst>
            <dst id="IPLSng">14528.2613333333</dst>
            <dst id="KSCYng">23582.5413333333</dst>
            <dst id="LOSAng">14364.5306666667</dst>
            <dst id="NYCMng">10905.1253333333</dst>
            <dst id="SNVAng">15267.6426666667</dst>
            <dst id="STTLng">27771.7573333333</dst>
            <dst id="WASHng">20900.44</dst>
        </src>
        <src id="HSTNng">
            <dst id="ATLA-M5">2153.07466666667</dst>
            <dst id="ATLAng">10628.2373333333</dst>
            <dst id="CHINng">18608.2026666667</dst>
            <dst id="DNVRng">3663.056</dst>
            <dst id="HSTNng">20729.6586666667</dst>
            <dst id="IPLSng">6660.29333333333</dst>
            <dst id="KSCYng">10718.472</dst>
            <dst id="LOSAng">32420.1386666667</dst>
            <dst id="NYCMng">6353.976</dst>
            <dst id="SNVAng">1263.68</dst>
            <dst id="STTLng">14124.0453333333</dst>
            <dst id="WASHng">24569.216</dst>
        </src>
        <src id="IPLSng">
            <dst id="ATLA-M5">556.52</dst>
            <dst id="ATLAng">15169.7813333333</dst>
            <dst id="CHINng">147031.557333333</dst>
            <dst id="DNVRng">9390.704</dst>
            <dst id="HSTNng">10381.6106666667</dst>
            <dst id="IPLSng">33225.5893333333</dst>
            <dst id="KSCYng">10991.2933333333</dst>
            <dst id="LOSAng">15428.9333333333</dst>
            <dst id="NYCMng">21567.1066666667</dst>
            <dst id="SNVAng">6011.17333333333</dst>
            <dst id="STTLng">37826.8373333333</dst>
            <dst id="WASHng">53948.9813333333</dst>
        </src>
        <src id="KSCYng">
            <dst id="ATLA-M5">612.474666666667</dst>
            <dst id="ATLAng">12932.864</dst>
            <dst id="CHINng">34709.3066666667</dst>
            <dst id="DNVRng">8754.45333333333</dst>
            <dst id="HSTNng">3886.85066666667</dst>
            <dst id="IPLSng">20873.984</dst>
            <dst id="KSCYng">12144.0746666667</dst>
            <dst id="LOSAng">8752.54133333333</dst>
            <dst id="NYCMng">8135.36266666667</dst>
            <dst id="SNVAng">2885.23466666667</dst>
            <dst id="STTLng">15684.5546666667</dst>
            <dst id="WASHng">14702.6613333333</dst>
        </src>
        <src id="LOSAng">
            <dst id="ATLA-M5">1426.688</dst>
            <dst id="ATLAng">26876.456</dst>
            <dst id="CHINng">106514.701333333</dst>
            <dst id="DNVRng">25074.8053333333</dst>
            <dst id="HSTNng">7818.81333333333</dst>
            <dst id="IPLSng">28874.904</dst>
            <dst id="KSCYng">15173.32</dst>
            <dst id="LOSAng">8491.456</dst>
            <dst id="NYCMng">48318.6826666667</dst>
            <dst id="SNVAng">10974.1893333333</dst>
            <dst id="STTLng">61058.2826666667</dst>
            <dst id="WASHng">80212.008</dst>
        </src>
        <src id="NYCMng">
            <dst id="ATLA-M5">1366.28533333333</dst>
            <dst id="ATLAng">45379.8106666667</dst>
            <dst id="CHINng">36507.6746666667</dst>
            <dst id="DNVRng">22755.8533333333</dst>
            <dst id="HSTNng">33867.448</dst>
            <dst id="IPLSng">61329.6026666667</dst>
            <dst id="KSCYng">16794.2906666667</dst>
            <dst id="LOSAng">68184.3866666667</dst>
            <dst id="NYCMng">161908.472</dst>
            <dst id="SNVAng">8613.4</dst>
            <dst id="STTLng">21719.0133333333</dst>
            <dst id="WASHng">128542.704</dst>
        </src>
        <src id="SNVAng">
            <dst id="ATLA-M5">0</dst>
            <dst id="ATLAng">237.688</dst>
            <dst id="CHINng">83.848</dst>
            <dst id="DNVRng">4136.57066666667</dst>
            <dst id="HSTNng">414.621333333333</dst>
            <dst id="IPLSng">495.826666666667</dst>
            <dst id="KSCYng">385.869333333333</dst>
            <dst id="LOSAng">7509.23733333333</dst>
            <dst id="NYCMng">136.370666666667</dst>
            <dst id="SNVAng">6341.56266666667</dst>
            <dst id="STTLng">13040.0186666667</dst>
            <dst id="WASHng">195.626666666667</dst>
        </src>
        <src id="STTLng">
            <dst id="ATLA-M5">5346.53866666667</dst>
            <dst id="ATLAng">75058.672</dst>
            <dst id="CHINng">109094.944</dst>
            <dst id="DNVRng">43373.224</dst>
            <dst id="HSTNng">38695.9253333333</dst>
            <dst id="IPLSng">101885.317333333</dst>
            <dst id="KSCYng">72885.2986666667</dst>
            <dst id="LOSAng">16289.8426666667</dst>
            <dst id="NYCMng">28940.3786666667</dst>
            <dst id="SNVAng">10731.2133333333</dst>
            <dst id="STTLng">39469.3733333333</dst>
            <dst id="WASHng">108887.330666667</dst>
        </src>
        <src id="WASHng">
            <dst id="ATLA-M5">7229.96</dst>
            <dst id="ATLAng">128176.701333333</dst>
            <dst id="CHINng">89688.3653333333</dst>
            <dst id="DNVRng">88148.2186666667</dst>
            <dst id="HSTNng">32655.0106666667</dst>
            <dst id="IPLSng">98442.9466666667</dst>
            <dst id="KSCYng">21905.8426666667</dst>
            <dst id="LOSAng">91750.8133333333</dst>
            <dst id="NYCMng">253803.914666667</dst>
            <dst id="SNVAng">6289.25866666667</dst>
            <dst id="STTLng">61826.1626666667</dst>
            <dst id="WASHng">306373.386666667</dst>
        </src>
    </IntraTM>
</TrafficMatrixFile>
