<?xml version="1.0" encoding="ISO-8859-1" standalone="yes"?>
<TrafficMatrixFile xsi:noNamespaceSchemaLocation="http://totem.run.montefiore.ulg.ac.be/Schema/TrafficMatrix-v1_2.xsd" xmlns:xsi="http://www.w3.org/2001/XMLSchema-instance">
    <IntraTM ASID="11537">
        <src id="ATLA-M5">
            <dst id="ATLA-M5">105.805333333333</dst>
            <dst id="ATLAng">2496.48266666667</dst>
            <dst id="CHINng">1196.80533333333</dst>
            <dst id="DNVRng">301.506666666667</dst>
            <dst id="HSTNng">565.461333333333</dst>
            <dst id="IPLSng">589.210666666667</dst>
            <dst id="KSCYng">552.018666666667</dst>
            <dst id="LOSAng">252.332</dst>
            <dst id="NYCMng">4468.248</dst>
            <dst id="SNVAng">48.9026666666667</dst>
            <dst id="STTLng">1000.26666666667</dst>
            <dst id="WASHng">1840.36266666667</dst>
        </src>
        <src id="ATLAng">
            <dst id="ATLA-M5">1107.192</dst>
            <dst id="ATLAng">41986.5173333333</dst>
            <dst id="CHINng">16723.408</dst>
            <dst id="DNVRng">7296.37066666667</dst>
            <dst id="HSTNng">36373.7306666667</dst>
            <dst id="IPLSng">24103.7253333333</dst>
            <dst id="KSCYng">7684.87466666667</dst>
            <dst id="LOSAng">35028.2453333333</dst>
            <dst id="NYCMng">22673.816</dst>
            <dst id="SNVAng">787.512</dst>
            <dst id="STTLng">13382.8986666667</dst>
            <dst id="WASHng">44019.8693333333</dst>
        </src>
        <src id="CHINng">
            <dst id="ATLA-M5">2513.256</dst>
            <dst id="ATLAng">29544.0186666667</dst>
            <dst id="CHINng">83508.0613333333</dst>
            <dst id="DNVRng">23304.1573333333</dst>
            <dst id="HSTNng">17072.504</dst>
            <dst id="IPLSng">96601.4346666667</dst>
            <dst id="KSCYng">13988.032</dst>
            <dst id="LOSAng">48425.024</dst>
            <dst id="NYCMng">28157.3573333333</dst>
            <dst id="SNVAng">4128.77066666667</dst>
            <dst id="STTLng">23100.4613333333</dst>
            <dst id="WASHng">43477.96</dst>
        </src>
        <src id="DNVRng">
            <dst id="ATLA-M5">434.586666666667</dst>
            <dst id="ATLAng">19818.152</dst>
            <dst id="CHINng">27868.6853333333</dst>
            <dst id="DNVRng">7039.088</dst>
            <dst id="HSTNng">10805.5493333333</dst>
            <dst id="IPLSng">20928.8506666667</dst>
            <dst id="KSCYng">10509.3866666667</dst>
            <dst id="LOSAng">8306.06933333333</dst>
            <dst id="NYCMng">20244.9066666667</dst>
            <dst id="SNVAng">9054.40533333333</dst>
            <dst id="STTLng">24020.2133333333</dst>
            <dst id="WASHng">22529.688</dst>
        </src>
        <src id="HSTNng">
            <dst id="ATLA-M5">2760.056</dst>
            <dst id="ATLAng">7153.70933333333</dst>
            <dst id="CHINng">23013.824</dst>
            <dst id="DNVRng">2339.73866666667</dst>
            <dst id="HSTNng">15507.248</dst>
            <dst id="IPLSng">4509.12533333333</dst>
            <dst id="KSCYng">8267.8</dst>
            <dst id="LOSAng">43589.248</dst>
            <dst id="NYCMng">4137.304</dst>
            <dst id="SNVAng">196.634666666667</dst>
            <dst id="STTLng">7524.976</dst>
            <dst id="WASHng">6280.31733333333</dst>
        </src>
        <src id="IPLSng">
            <dst id="ATLA-M5">849.290666666667</dst>
            <dst id="ATLAng">20137.8053333333</dst>
            <dst id="CHINng">49709.0346666667</dst>
            <dst id="DNVRng">15957.1466666667</dst>
            <dst id="HSTNng">3522.33866666667</dst>
            <dst id="IPLSng">24578.3466666667</dst>
            <dst id="KSCYng">8344.256</dst>
            <dst id="LOSAng">34583.2746666667</dst>
            <dst id="NYCMng">15712.8346666667</dst>
            <dst id="SNVAng">4010.104</dst>
            <dst id="STTLng">40092.6213333333</dst>
            <dst id="WASHng">34706.864</dst>
        </src>
        <src id="KSCYng">
            <dst id="ATLA-M5">380.648</dst>
            <dst id="ATLAng">13364.6906666667</dst>
            <dst id="CHINng">23933.2053333333</dst>
            <dst id="DNVRng">10427.816</dst>
            <dst id="HSTNng">7106.85066666667</dst>
            <dst id="IPLSng">12960.3173333333</dst>
            <dst id="KSCYng">7235.816</dst>
            <dst id="LOSAng">7016.58133333333</dst>
            <dst id="NYCMng">5141.136</dst>
            <dst id="SNVAng">2898.85066666667</dst>
            <dst id="STTLng">10327.8986666667</dst>
            <dst id="WASHng">14116.4533333333</dst>
        </src>
        <src id="LOSAng">
            <dst id="ATLA-M5">332.682666666667</dst>
            <dst id="ATLAng">16381.2453333333</dst>
            <dst id="CHINng">6384699.46666667</dst>
            <dst id="DNVRng">13147.0613333333</dst>
            <dst id="HSTNng">9337.776</dst>
            <dst id="IPLSng">22640.9146666667</dst>
            <dst id="KSCYng">6439.21866666667</dst>
            <dst id="LOSAng">13597.1333333333</dst>
            <dst id="NYCMng">39326.952</dst>
            <dst id="SNVAng">25491.9573333333</dst>
            <dst id="STTLng">86225.6</dst>
            <dst id="WASHng">104436.773333333</dst>
        </src>
        <src id="NYCMng">
            <dst id="ATLA-M5">4158.112</dst>
            <dst id="ATLAng">34949.5013333333</dst>
            <dst id="CHINng">29416.9813333333</dst>
            <dst id="DNVRng">24492.3866666667</dst>
            <dst id="HSTNng">18248.5973333333</dst>
            <dst id="IPLSng">40843.0373333333</dst>
            <dst id="KSCYng">19678.584</dst>
            <dst id="LOSAng">81125.896</dst>
            <dst id="NYCMng">146324.285333333</dst>
            <dst id="SNVAng">2540.71733333333</dst>
            <dst id="STTLng">24111.8346666667</dst>
            <dst id="WASHng">104051.408</dst>
        </src>
        <src id="SNVAng">
            <dst id="ATLA-M5">0</dst>
            <dst id="ATLAng">368.704</dst>
            <dst id="CHINng">270.136</dst>
            <dst id="DNVRng">7901.888</dst>
            <dst id="HSTNng">0</dst>
            <dst id="IPLSng">435.701333333333</dst>
            <dst id="KSCYng">26.6666666666667</dst>
            <dst id="LOSAng">19558.6026666667</dst>
            <dst id="NYCMng">57.2933333333333</dst>
            <dst id="SNVAng">9312.39733333333</dst>
            <dst id="STTLng">23878.328</dst>
            <dst id="WASHng">2083.72</dst>
        </src>
        <src id="STTLng">
            <dst id="ATLA-M5">3412.93333333333</dst>
            <dst id="ATLAng">28401.344</dst>
            <dst id="CHINng">47774.848</dst>
            <dst id="DNVRng">24238.4293333333</dst>
            <dst id="HSTNng">18535.8133333333</dst>
            <dst id="IPLSng">40330.2746666667</dst>
            <dst id="KSCYng">27927.8053333333</dst>
            <dst id="LOSAng">50134.7013333333</dst>
            <dst id="NYCMng">12823.5573333333</dst>
            <dst id="SNVAng">4686.01066666667</dst>
            <dst id="STTLng">33953.5013333333</dst>
            <dst id="WASHng">51509.112</dst>
        </src>
        <src id="WASHng">
            <dst id="ATLA-M5">2092.70133333333</dst>
            <dst id="ATLAng">81235.1546666667</dst>
            <dst id="CHINng">75998.7493333334</dst>
            <dst id="DNVRng">69535.048</dst>
            <dst id="HSTNng">24693.4426666667</dst>
            <dst id="IPLSng">51473.056</dst>
            <dst id="KSCYng">36949.272</dst>
            <dst id="LOSAng">128781.488</dst>
            <dst id="NYCMng">151053.216</dst>
            <dst id="SNVAng">19220.9813333333</dst>
            <dst id="STTLng">46698.4666666667</dst>
            <dst id="WASHng">217492.154666667</dst>
        </src>
    </IntraTM>
</TrafficMatrixFile>
