<?xml version="1.0" encoding="ISO-8859-1" standalone="yes"?>
<TrafficMatrixFile xsi:noNamespaceSchemaLocation="http://totem.run.montefiore.ulg.ac.be/Schema/TrafficMatrix-v1_2.xsd" xmlns:xsi="http://www.w3.org/2001/XMLSchema-instance">
    <IntraTM ASID="11537">
        <src id="ATLA-M5">
            <dst id="ATLA-M5">658.229333333333</dst>
            <dst id="ATLAng">686.912</dst>
            <dst id="CHINng">1792.912</dst>
            <dst id="DNVRng">504.68</dst>
            <dst id="HSTNng">918.778666666667</dst>
            <dst id="IPLSng">2221.792</dst>
            <dst id="KSCYng">425.970666666667</dst>
            <dst id="LOSAng">93.3333333333333</dst>
            <dst id="NYCMng">1396.128</dst>
            <dst id="SNVAng">13.3333333333333</dst>
            <dst id="STTLng">793.282666666667</dst>
            <dst id="WASHng">2821.72533333333</dst>
        </src>
        <src id="ATLAng">
            <dst id="ATLA-M5">531.405333333333</dst>
            <dst id="ATLAng">35089.3653333333</dst>
            <dst id="CHINng">24318.9573333333</dst>
            <dst id="DNVRng">4164.11466666667</dst>
            <dst id="HSTNng">7997.35733333333</dst>
            <dst id="IPLSng">25801.344</dst>
            <dst id="KSCYng">3714.304</dst>
            <dst id="LOSAng">19334.3693333333</dst>
            <dst id="NYCMng">11782.464</dst>
            <dst id="SNVAng">514.606666666667</dst>
            <dst id="STTLng">12845.9626666667</dst>
            <dst id="WASHng">50435.9973333333</dst>
        </src>
        <src id="CHINng">
            <dst id="ATLA-M5">1472.448</dst>
            <dst id="ATLAng">22998.9706666667</dst>
            <dst id="CHINng">621308.053333333</dst>
            <dst id="DNVRng">10908.7226666667</dst>
            <dst id="HSTNng">18645.792</dst>
            <dst id="IPLSng">63070.7333333333</dst>
            <dst id="KSCYng">18251.04</dst>
            <dst id="LOSAng">45718.2586666667</dst>
            <dst id="NYCMng">12878.176</dst>
            <dst id="SNVAng">4992.232</dst>
            <dst id="STTLng">22276.8053333333</dst>
            <dst id="WASHng">38237.2453333333</dst>
        </src>
        <src id="DNVRng">
            <dst id="ATLA-M5">242.069333333333</dst>
            <dst id="ATLAng">4666.744</dst>
            <dst id="CHINng">48467.7786666667</dst>
            <dst id="DNVRng">15354.6373333333</dst>
            <dst id="HSTNng">13166.808</dst>
            <dst id="IPLSng">10302.4613333333</dst>
            <dst id="KSCYng">25308.4986666667</dst>
            <dst id="LOSAng">11725.8506666667</dst>
            <dst id="NYCMng">5484.44533333333</dst>
            <dst id="SNVAng">15403.1733333333</dst>
            <dst id="STTLng">31194.1626666667</dst>
            <dst id="WASHng">23393.7813333333</dst>
        </src>
        <src id="HSTNng">
            <dst id="ATLA-M5">2446.55733333333</dst>
            <dst id="ATLAng">5287.44533333333</dst>
            <dst id="CHINng">16101.0293333333</dst>
            <dst id="DNVRng">1809.68533333333</dst>
            <dst id="HSTNng">20876.1706666667</dst>
            <dst id="IPLSng">5288.776</dst>
            <dst id="KSCYng">10217.9386666667</dst>
            <dst id="LOSAng">9353.58933333334</dst>
            <dst id="NYCMng">1896.13066666667</dst>
            <dst id="SNVAng">529.568</dst>
            <dst id="STTLng">6160.496</dst>
            <dst id="WASHng">9613.42666666667</dst>
        </src>
        <src id="IPLSng">
            <dst id="ATLA-M5">951.234666666667</dst>
            <dst id="ATLAng">11964.592</dst>
            <dst id="CHINng">52203.24</dst>
            <dst id="DNVRng">10356.0186666667</dst>
            <dst id="HSTNng">4631.32266666667</dst>
            <dst id="IPLSng">11995.664</dst>
            <dst id="KSCYng">7717.112</dst>
            <dst id="LOSAng">17429.8293333333</dst>
            <dst id="NYCMng">8504.66666666666</dst>
            <dst id="SNVAng">819.530666666667</dst>
            <dst id="STTLng">40805.84</dst>
            <dst id="WASHng">16880.736</dst>
        </src>
        <src id="KSCYng">
            <dst id="ATLA-M5">353.752</dst>
            <dst id="ATLAng">6474.78666666667</dst>
            <dst id="CHINng">21909.16</dst>
            <dst id="DNVRng">7730.06133333333</dst>
            <dst id="HSTNng">5134.34133333333</dst>
            <dst id="IPLSng">22504.4773333333</dst>
            <dst id="KSCYng">20051.792</dst>
            <dst id="LOSAng">6236.95466666667</dst>
            <dst id="NYCMng">5303.728</dst>
            <dst id="SNVAng">3061.27466666667</dst>
            <dst id="STTLng">9972.704</dst>
            <dst id="WASHng">16046.112</dst>
        </src>
        <src id="LOSAng">
            <dst id="ATLA-M5">351.421333333333</dst>
            <dst id="ATLAng">10908.576</dst>
            <dst id="CHINng">6258507.73333333</dst>
            <dst id="DNVRng">12757.976</dst>
            <dst id="HSTNng">4195.53866666667</dst>
            <dst id="IPLSng">27448.224</dst>
            <dst id="KSCYng">13690.4186666667</dst>
            <dst id="LOSAng">17432.5306666667</dst>
            <dst id="NYCMng">43824.7226666667</dst>
            <dst id="SNVAng">18884.1813333333</dst>
            <dst id="STTLng">81887.8853333333</dst>
            <dst id="WASHng">54492.1946666667</dst>
        </src>
        <src id="NYCMng">
            <dst id="ATLA-M5">749.141333333333</dst>
            <dst id="ATLAng">38896.248</dst>
            <dst id="CHINng">32713.2746666667</dst>
            <dst id="DNVRng">20053.1893333333</dst>
            <dst id="HSTNng">14667.5653333333</dst>
            <dst id="IPLSng">45405.9626666667</dst>
            <dst id="KSCYng">13815.4266666667</dst>
            <dst id="LOSAng">63122.5466666667</dst>
            <dst id="NYCMng">102417.365333333</dst>
            <dst id="SNVAng">4623.216</dst>
            <dst id="STTLng">25773.584</dst>
            <dst id="WASHng">90812.7626666667</dst>
        </src>
        <src id="SNVAng">
            <dst id="ATLA-M5">0</dst>
            <dst id="ATLAng">0</dst>
            <dst id="CHINng">80</dst>
            <dst id="DNVRng">1174.22133333333</dst>
            <dst id="HSTNng">80</dst>
            <dst id="IPLSng">497.6</dst>
            <dst id="KSCYng">53.3333333333333</dst>
            <dst id="LOSAng">9702.952</dst>
            <dst id="NYCMng">202.453333333333</dst>
            <dst id="SNVAng">8016.58666666667</dst>
            <dst id="STTLng">18188.8666666667</dst>
            <dst id="WASHng">80</dst>
        </src>
        <src id="STTLng">
            <dst id="ATLA-M5">1027.62666666667</dst>
            <dst id="ATLAng">24461.5306666667</dst>
            <dst id="CHINng">37226.5013333333</dst>
            <dst id="DNVRng">14703.3573333333</dst>
            <dst id="HSTNng">8548.216</dst>
            <dst id="IPLSng">39850.56</dst>
            <dst id="KSCYng">19514.7146666667</dst>
            <dst id="LOSAng">41336.84</dst>
            <dst id="NYCMng">12303.8266666667</dst>
            <dst id="SNVAng">3957.208</dst>
            <dst id="STTLng">26869.3413333333</dst>
            <dst id="WASHng">37882.5733333333</dst>
        </src>
        <src id="WASHng">
            <dst id="ATLA-M5">1610.73066666667</dst>
            <dst id="ATLAng">164441.645333333</dst>
            <dst id="CHINng">81731.128</dst>
            <dst id="DNVRng">66957.5733333333</dst>
            <dst id="HSTNng">38453.4213333333</dst>
            <dst id="IPLSng">57272.7626666667</dst>
            <dst id="KSCYng">19917.1173333333</dst>
            <dst id="LOSAng">80048.688</dst>
            <dst id="NYCMng">150613.034666667</dst>
            <dst id="SNVAng">3071.32533333333</dst>
            <dst id="STTLng">52844.5573333333</dst>
            <dst id="WASHng">184675.736</dst>
        </src>
    </IntraTM>
</TrafficMatrixFile>
