<?xml version="1.0" encoding="ISO-8859-1" standalone="yes"?>
<TrafficMatrixFile xsi:noNamespaceSchemaLocation="http://totem.run.montefiore.ulg.ac.be/Schema/TrafficMatrix-v1_2.xsd" xmlns:xsi="http://www.w3.org/2001/XMLSchema-instance">
    <IntraTM ASID="11537">
        <src id="ATLA-M5">
            <dst id="ATLA-M5">126.381333333333</dst>
            <dst id="ATLAng">985.789333333334</dst>
            <dst id="CHINng">1168.96</dst>
            <dst id="DNVRng">219.306666666667</dst>
            <dst id="HSTNng">183.901333333333</dst>
            <dst id="IPLSng">770.354666666667</dst>
            <dst id="KSCYng">595.656</dst>
            <dst id="LOSAng">265.957333333333</dst>
            <dst id="NYCMng">2391.31466666667</dst>
            <dst id="SNVAng">165.394666666667</dst>
            <dst id="STTLng">1125.70133333333</dst>
            <dst id="WASHng">2661.64</dst>
        </src>
        <src id="ATLAng">
            <dst id="ATLA-M5">1046.912</dst>
            <dst id="ATLAng">41032.0586666667</dst>
            <dst id="CHINng">14429.4693333333</dst>
            <dst id="DNVRng">4798.808</dst>
            <dst id="HSTNng">11767.0053333333</dst>
            <dst id="IPLSng">24242.352</dst>
            <dst id="KSCYng">9428.928</dst>
            <dst id="LOSAng">33612.9733333333</dst>
            <dst id="NYCMng">20786.088</dst>
            <dst id="SNVAng">1219.432</dst>
            <dst id="STTLng">13687.6773333333</dst>
            <dst id="WASHng">46530.184</dst>
        </src>
        <src id="CHINng">
            <dst id="ATLA-M5">2210.736</dst>
            <dst id="ATLAng">27890.2266666667</dst>
            <dst id="CHINng">76754.1013333333</dst>
            <dst id="DNVRng">9662.848</dst>
            <dst id="HSTNng">16285.9573333333</dst>
            <dst id="IPLSng">55820.744</dst>
            <dst id="KSCYng">14097.64</dst>
            <dst id="LOSAng">49758.3413333333</dst>
            <dst id="NYCMng">14936.4533333333</dst>
            <dst id="SNVAng">4339.69066666667</dst>
            <dst id="STTLng">23968.0026666667</dst>
            <dst id="WASHng">40807.2106666667</dst>
        </src>
        <src id="DNVRng">
            <dst id="ATLA-M5">278.362666666667</dst>
            <dst id="ATLAng">9149.60266666667</dst>
            <dst id="CHINng">23718.0453333333</dst>
            <dst id="DNVRng">6945.17866666667</dst>
            <dst id="HSTNng">10929.3786666667</dst>
            <dst id="IPLSng">20025.8826666667</dst>
            <dst id="KSCYng">12256.224</dst>
            <dst id="LOSAng">9326.66666666667</dst>
            <dst id="NYCMng">18454.8826666667</dst>
            <dst id="SNVAng">11965.1066666667</dst>
            <dst id="STTLng">28158.912</dst>
            <dst id="WASHng">20832.5626666667</dst>
        </src>
        <src id="HSTNng">
            <dst id="ATLA-M5">729.368</dst>
            <dst id="ATLAng">11725.8666666667</dst>
            <dst id="CHINng">18896.7413333333</dst>
            <dst id="DNVRng">3005.82933333333</dst>
            <dst id="HSTNng">15917.1653333333</dst>
            <dst id="IPLSng">6857.23466666667</dst>
            <dst id="KSCYng">9346.14666666667</dst>
            <dst id="LOSAng">43987.752</dst>
            <dst id="NYCMng">4553.904</dst>
            <dst id="SNVAng">239.613333333333</dst>
            <dst id="STTLng">7744.53066666667</dst>
            <dst id="WASHng">5843.336</dst>
        </src>
        <src id="IPLSng">
            <dst id="ATLA-M5">1373.05066666667</dst>
            <dst id="ATLAng">18092.768</dst>
            <dst id="CHINng">51818.216</dst>
            <dst id="DNVRng">18087.0693333333</dst>
            <dst id="HSTNng">3320.424</dst>
            <dst id="IPLSng">22436.2853333333</dst>
            <dst id="KSCYng">7843.10133333333</dst>
            <dst id="LOSAng">35982.472</dst>
            <dst id="NYCMng">17231.544</dst>
            <dst id="SNVAng">5525.62933333333</dst>
            <dst id="STTLng">41867.5226666667</dst>
            <dst id="WASHng">41188.6586666667</dst>
        </src>
        <src id="KSCYng">
            <dst id="ATLA-M5">294.522666666667</dst>
            <dst id="ATLAng">13433.5386666667</dst>
            <dst id="CHINng">26772.5653333333</dst>
            <dst id="DNVRng">11767.088</dst>
            <dst id="HSTNng">5865.12533333333</dst>
            <dst id="IPLSng">14076.8746666667</dst>
            <dst id="KSCYng">8606.84533333333</dst>
            <dst id="LOSAng">6966.20266666667</dst>
            <dst id="NYCMng">5995.74666666667</dst>
            <dst id="SNVAng">2506.98666666667</dst>
            <dst id="STTLng">10222.472</dst>
            <dst id="WASHng">15022.0666666667</dst>
        </src>
        <src id="LOSAng">
            <dst id="ATLA-M5">626.845333333333</dst>
            <dst id="ATLAng">15462.5946666667</dst>
            <dst id="CHINng">6374152.26666667</dst>
            <dst id="DNVRng">12773.4933333333</dst>
            <dst id="HSTNng">9696.81333333333</dst>
            <dst id="IPLSng">24631.2346666667</dst>
            <dst id="KSCYng">6653.48266666667</dst>
            <dst id="LOSAng">14747.696</dst>
            <dst id="NYCMng">38129.0106666667</dst>
            <dst id="SNVAng">27143.952</dst>
            <dst id="STTLng">86489.712</dst>
            <dst id="WASHng">62678.1573333333</dst>
        </src>
        <src id="NYCMng">
            <dst id="ATLA-M5">3490.43733333333</dst>
            <dst id="ATLAng">35689.5946666667</dst>
            <dst id="CHINng">27215.8373333333</dst>
            <dst id="DNVRng">23183.3786666667</dst>
            <dst id="HSTNng">15718.3706666667</dst>
            <dst id="IPLSng">45377.1866666667</dst>
            <dst id="KSCYng">18242.944</dst>
            <dst id="LOSAng">85404.5946666667</dst>
            <dst id="NYCMng">139111.589333333</dst>
            <dst id="SNVAng">4384.94933333333</dst>
            <dst id="STTLng">28699.0533333333</dst>
            <dst id="WASHng">113772.277333333</dst>
        </src>
        <src id="SNVAng">
            <dst id="ATLA-M5">26.6666666666667</dst>
            <dst id="ATLAng">28.504</dst>
            <dst id="CHINng">193.786666666667</dst>
            <dst id="DNVRng">7658.98666666667</dst>
            <dst id="HSTNng">26.6666666666667</dst>
            <dst id="IPLSng">423.898666666667</dst>
            <dst id="KSCYng">0</dst>
            <dst id="LOSAng">13434.1146666667</dst>
            <dst id="NYCMng">31.432</dst>
            <dst id="SNVAng">9528.49066666667</dst>
            <dst id="STTLng">22688.7386666667</dst>
            <dst id="WASHng">1004.14933333333</dst>
        </src>
        <src id="STTLng">
            <dst id="ATLA-M5">2970.91733333333</dst>
            <dst id="ATLAng">33581.3173333333</dst>
            <dst id="CHINng">46659.528</dst>
            <dst id="DNVRng">22924.2506666667</dst>
            <dst id="HSTNng">18900.224</dst>
            <dst id="IPLSng">36450.0506666667</dst>
            <dst id="KSCYng">22497.768</dst>
            <dst id="LOSAng">51162.3866666667</dst>
            <dst id="NYCMng">12867.24</dst>
            <dst id="SNVAng">5512.26133333333</dst>
            <dst id="STTLng">37828.9546666667</dst>
            <dst id="WASHng">47207.3466666667</dst>
        </src>
        <src id="WASHng">
            <dst id="ATLA-M5">1908.69866666667</dst>
            <dst id="ATLAng">79473.9946666667</dst>
            <dst id="CHINng">78125.992</dst>
            <dst id="DNVRng">69850.2853333333</dst>
            <dst id="HSTNng">27515.8346666667</dst>
            <dst id="IPLSng">55117.568</dst>
            <dst id="KSCYng">31778.0266666667</dst>
            <dst id="LOSAng">103787.656</dst>
            <dst id="NYCMng">155402.306666667</dst>
            <dst id="SNVAng">11068.784</dst>
            <dst id="STTLng">50537.4346666667</dst>
            <dst id="WASHng">279169.066666667</dst>
        </src>
    </IntraTM>
</TrafficMatrixFile>
