<?xml version="1.0" encoding="ISO-8859-1" standalone="yes"?>
<TrafficMatrixFile xsi:noNamespaceSchemaLocation="http://totem.run.montefiore.ulg.ac.be/Schema/TrafficMatrix-v1_2.xsd" xmlns:xsi="http://www.w3.org/2001/XMLSchema-instance">
    <IntraTM ASID="11537">
        <src id="ATLA-M5">
            <dst id="ATLA-M5">0</dst>
            <dst id="ATLAng">1574.29866666667</dst>
            <dst id="CHINng">2109.70666666667</dst>
            <dst id="DNVRng">268.853333333333</dst>
            <dst id="HSTNng">502.653333333333</dst>
            <dst id="IPLSng">1101.928</dst>
            <dst id="KSCYng">718.352</dst>
            <dst id="LOSAng">182.205333333333</dst>
            <dst id="NYCMng">1468.86133333333</dst>
            <dst id="SNVAng">53.3333333333333</dst>
            <dst id="STTLng">741.517333333333</dst>
            <dst id="WASHng">1551.544</dst>
        </src>
        <src id="ATLAng">
            <dst id="ATLA-M5">538.416</dst>
            <dst id="ATLAng">44326.264</dst>
            <dst id="CHINng">17651.7066666667</dst>
            <dst id="DNVRng">10012.4</dst>
            <dst id="HSTNng">10910.1573333333</dst>
            <dst id="IPLSng">24987.4586666667</dst>
            <dst id="KSCYng">4638.88266666667</dst>
            <dst id="LOSAng">36381.056</dst>
            <dst id="NYCMng">16222.24</dst>
            <dst id="SNVAng">1847.936</dst>
            <dst id="STTLng">18667.0133333333</dst>
            <dst id="WASHng">53317.6213333333</dst>
        </src>
        <src id="CHINng">
            <dst id="ATLA-M5">1758.62666666667</dst>
            <dst id="ATLAng">25199.1733333333</dst>
            <dst id="CHINng">158518.101333333</dst>
            <dst id="DNVRng">20395.0266666667</dst>
            <dst id="HSTNng">14879.5653333333</dst>
            <dst id="IPLSng">92928.5946666667</dst>
            <dst id="KSCYng">18523.776</dst>
            <dst id="LOSAng">38881.368</dst>
            <dst id="NYCMng">14430.712</dst>
            <dst id="SNVAng">4711.50133333333</dst>
            <dst id="STTLng">31885.992</dst>
            <dst id="WASHng">48582.2106666667</dst>
        </src>
        <src id="DNVRng">
            <dst id="ATLA-M5">338.506666666667</dst>
            <dst id="ATLAng">6825.504</dst>
            <dst id="CHINng">57756.704</dst>
            <dst id="DNVRng">12874.6106666667</dst>
            <dst id="HSTNng">16728.9866666667</dst>
            <dst id="IPLSng">18005.728</dst>
            <dst id="KSCYng">22864.368</dst>
            <dst id="LOSAng">15871.568</dst>
            <dst id="NYCMng">6647.75466666667</dst>
            <dst id="SNVAng">42892.72</dst>
            <dst id="STTLng">66817.9546666667</dst>
            <dst id="WASHng">29846.2453333333</dst>
        </src>
        <src id="HSTNng">
            <dst id="ATLA-M5">2009.096</dst>
            <dst id="ATLAng">4181.38666666667</dst>
            <dst id="CHINng">16252.3146666667</dst>
            <dst id="DNVRng">4791.82933333333</dst>
            <dst id="HSTNng">14960.7946666667</dst>
            <dst id="IPLSng">4627.55466666667</dst>
            <dst id="KSCYng">13044.7733333333</dst>
            <dst id="LOSAng">8677.01333333333</dst>
            <dst id="NYCMng">5697.288</dst>
            <dst id="SNVAng">546.482666666667</dst>
            <dst id="STTLng">9014.08266666667</dst>
            <dst id="WASHng">21179.472</dst>
        </src>
        <src id="IPLSng">
            <dst id="ATLA-M5">623.885333333333</dst>
            <dst id="ATLAng">20522.2933333333</dst>
            <dst id="CHINng">71216.2266666667</dst>
            <dst id="DNVRng">12378.2533333333</dst>
            <dst id="HSTNng">8355.73333333333</dst>
            <dst id="IPLSng">26192.424</dst>
            <dst id="KSCYng">7083.296</dst>
            <dst id="LOSAng">18383.0506666667</dst>
            <dst id="NYCMng">12483.7973333333</dst>
            <dst id="SNVAng">4527.568</dst>
            <dst id="STTLng">22346.8426666667</dst>
            <dst id="WASHng">34133.0106666667</dst>
        </src>
        <src id="KSCYng">
            <dst id="ATLA-M5">587.12</dst>
            <dst id="ATLAng">10254.1946666667</dst>
            <dst id="CHINng">30734.7573333333</dst>
            <dst id="DNVRng">11829.0693333333</dst>
            <dst id="HSTNng">9854.81866666666</dst>
            <dst id="IPLSng">15273.1333333333</dst>
            <dst id="KSCYng">12459.0106666667</dst>
            <dst id="LOSAng">5656.328</dst>
            <dst id="NYCMng">5333.128</dst>
            <dst id="SNVAng">3612.22666666667</dst>
            <dst id="STTLng">13580.2773333333</dst>
            <dst id="WASHng">12498.6426666667</dst>
        </src>
        <src id="LOSAng">
            <dst id="ATLA-M5">371.949333333333</dst>
            <dst id="ATLAng">17549.4853333333</dst>
            <dst id="CHINng">112036.642666667</dst>
            <dst id="DNVRng">35687.1413333333</dst>
            <dst id="HSTNng">17348.8533333333</dst>
            <dst id="IPLSng">43703.6773333333</dst>
            <dst id="KSCYng">7553.224</dst>
            <dst id="LOSAng">12804.0613333333</dst>
            <dst id="NYCMng">43384.864</dst>
            <dst id="SNVAng">19284.8293333333</dst>
            <dst id="STTLng">63277.768</dst>
            <dst id="WASHng">68911.8693333333</dst>
        </src>
        <src id="NYCMng">
            <dst id="ATLA-M5">1830.08533333333</dst>
            <dst id="ATLAng">55092.2746666667</dst>
            <dst id="CHINng">34789.0746666667</dst>
            <dst id="DNVRng">35373.7733333333</dst>
            <dst id="HSTNng">20440.2</dst>
            <dst id="IPLSng">43675.032</dst>
            <dst id="KSCYng">23802.568</dst>
            <dst id="LOSAng">68754.7413333333</dst>
            <dst id="NYCMng">112282.301333333</dst>
            <dst id="SNVAng">13041.0586666667</dst>
            <dst id="STTLng">22460.9173333333</dst>
            <dst id="WASHng">112492.186666667</dst>
        </src>
        <src id="SNVAng">
            <dst id="ATLA-M5">26.6666666666667</dst>
            <dst id="ATLAng">53.3333333333333</dst>
            <dst id="CHINng">198.672</dst>
            <dst id="DNVRng">9182.28266666667</dst>
            <dst id="HSTNng">0</dst>
            <dst id="IPLSng">3411.17866666667</dst>
            <dst id="KSCYng">26.6666666666667</dst>
            <dst id="LOSAng">8647.79466666667</dst>
            <dst id="NYCMng">71.5093333333333</dst>
            <dst id="SNVAng">8432.34666666667</dst>
            <dst id="STTLng">21839.5173333333</dst>
            <dst id="WASHng">80</dst>
        </src>
        <src id="STTLng">
            <dst id="ATLA-M5">1210.25333333333</dst>
            <dst id="ATLAng">41114.7946666667</dst>
            <dst id="CHINng">61275.6933333333</dst>
            <dst id="DNVRng">33493.1786666667</dst>
            <dst id="HSTNng">36869.8666666667</dst>
            <dst id="IPLSng">50045.936</dst>
            <dst id="KSCYng">29701.904</dst>
            <dst id="LOSAng">14771.2266666667</dst>
            <dst id="NYCMng">21497.488</dst>
            <dst id="SNVAng">8932.13333333333</dst>
            <dst id="STTLng">47176.16</dst>
            <dst id="WASHng">52186.3226666667</dst>
        </src>
        <src id="WASHng">
            <dst id="ATLA-M5">8471.456</dst>
            <dst id="ATLAng">133633.762666667</dst>
            <dst id="CHINng">105886.744</dst>
            <dst id="DNVRng">107785.776</dst>
            <dst id="HSTNng">33191.28</dst>
            <dst id="IPLSng">80913.304</dst>
            <dst id="KSCYng">28285.8773333333</dst>
            <dst id="LOSAng">110041.978666667</dst>
            <dst id="NYCMng">189860.4</dst>
            <dst id="SNVAng">12050.104</dst>
            <dst id="STTLng">73345.5893333333</dst>
            <dst id="WASHng">221775.709333333</dst>
        </src>
    </IntraTM>
</TrafficMatrixFile>
