<?xml version="1.0" encoding="ISO-8859-1" standalone="yes"?>
<TrafficMatrixFile xsi:noNamespaceSchemaLocation="http://totem.run.montefiore.ulg.ac.be/Schema/TrafficMatrix-v1_2.xsd" xmlns:xsi="http://www.w3.org/2001/XMLSchema-instance">
    <IntraTM ASID="11537">
        <src id="ATLA-M5">
            <dst id="ATLA-M5">26.6666666666667</dst>
            <dst id="ATLAng">813.005333333334</dst>
            <dst id="CHINng">1230.15466666667</dst>
            <dst id="DNVRng">1239.336</dst>
            <dst id="HSTNng">505.221333333333</dst>
            <dst id="IPLSng">1628.23466666667</dst>
            <dst id="KSCYng">504.106666666667</dst>
            <dst id="LOSAng">136.349333333333</dst>
            <dst id="NYCMng">1308.208</dst>
            <dst id="SNVAng">26.6666666666667</dst>
            <dst id="STTLng">637.416</dst>
            <dst id="WASHng">1242.352</dst>
        </src>
        <src id="ATLAng">
            <dst id="ATLA-M5">1586.44</dst>
            <dst id="ATLAng">72619.88</dst>
            <dst id="CHINng">15702.4586666667</dst>
            <dst id="DNVRng">7797.84</dst>
            <dst id="HSTNng">8017.87466666667</dst>
            <dst id="IPLSng">22564.6053333333</dst>
            <dst id="KSCYng">6131.096</dst>
            <dst id="LOSAng">22687.568</dst>
            <dst id="NYCMng">19655.496</dst>
            <dst id="SNVAng">629.992</dst>
            <dst id="STTLng">12339.576</dst>
            <dst id="WASHng">34379.3573333333</dst>
        </src>
        <src id="CHINng">
            <dst id="ATLA-M5">2254.61333333333</dst>
            <dst id="ATLAng">19883.4346666667</dst>
            <dst id="CHINng">86863.4533333333</dst>
            <dst id="DNVRng">21722.44</dst>
            <dst id="HSTNng">15723.6266666667</dst>
            <dst id="IPLSng">70091.3946666666</dst>
            <dst id="KSCYng">13658.6293333333</dst>
            <dst id="LOSAng">51678.4293333334</dst>
            <dst id="NYCMng">11944.2293333333</dst>
            <dst id="SNVAng">12659.912</dst>
            <dst id="STTLng">21993.416</dst>
            <dst id="WASHng">41050.088</dst>
        </src>
        <src id="DNVRng">
            <dst id="ATLA-M5">904.829333333333</dst>
            <dst id="ATLAng">6961.67733333333</dst>
            <dst id="CHINng">32678.1626666667</dst>
            <dst id="DNVRng">10967.544</dst>
            <dst id="HSTNng">11011.2506666667</dst>
            <dst id="IPLSng">15469.7733333333</dst>
            <dst id="KSCYng">9735.31733333333</dst>
            <dst id="LOSAng">18057.2186666667</dst>
            <dst id="NYCMng">18895.7173333333</dst>
            <dst id="SNVAng">11550.5626666667</dst>
            <dst id="STTLng">24147.0026666667</dst>
            <dst id="WASHng">20583.856</dst>
        </src>
        <src id="HSTNng">
            <dst id="ATLA-M5">1844.48533333333</dst>
            <dst id="ATLAng">4647.02133333333</dst>
            <dst id="CHINng">12046.6</dst>
            <dst id="DNVRng">2750.888</dst>
            <dst id="HSTNng">14428.848</dst>
            <dst id="IPLSng">7007.72533333334</dst>
            <dst id="KSCYng">6718.60533333333</dst>
            <dst id="LOSAng">2113.54933333333</dst>
            <dst id="NYCMng">2619.632</dst>
            <dst id="SNVAng">246.784</dst>
            <dst id="STTLng">6051.61333333333</dst>
            <dst id="WASHng">14241.9333333333</dst>
        </src>
        <src id="IPLSng">
            <dst id="ATLA-M5">750.266666666667</dst>
            <dst id="ATLAng">17411.192</dst>
            <dst id="CHINng">62189.632</dst>
            <dst id="DNVRng">11728.304</dst>
            <dst id="HSTNng">4651.21066666667</dst>
            <dst id="IPLSng">13492.9786666667</dst>
            <dst id="KSCYng">14355.8773333333</dst>
            <dst id="LOSAng">18958.8586666667</dst>
            <dst id="NYCMng">11048.8906666667</dst>
            <dst id="SNVAng">1826.8</dst>
            <dst id="STTLng">35274.9573333333</dst>
            <dst id="WASHng">29314.5813333333</dst>
        </src>
        <src id="KSCYng">
            <dst id="ATLA-M5">239.989333333333</dst>
            <dst id="ATLAng">15599.0426666667</dst>
            <dst id="CHINng">28012.9013333333</dst>
            <dst id="DNVRng">9256.33333333333</dst>
            <dst id="HSTNng">4310.93866666667</dst>
            <dst id="IPLSng">17259.784</dst>
            <dst id="KSCYng">5196.87733333333</dst>
            <dst id="LOSAng">4932.26666666667</dst>
            <dst id="NYCMng">8102.024</dst>
            <dst id="SNVAng">2614.888</dst>
            <dst id="STTLng">14024.216</dst>
            <dst id="WASHng">14739.4933333333</dst>
        </src>
        <src id="LOSAng">
            <dst id="ATLA-M5">264.424</dst>
            <dst id="ATLAng">17096.5466666667</dst>
            <dst id="CHINng">6434562.93333333</dst>
            <dst id="DNVRng">8341.33866666667</dst>
            <dst id="HSTNng">5453.33866666667</dst>
            <dst id="IPLSng">45126.0586666667</dst>
            <dst id="KSCYng">7674.45333333333</dst>
            <dst id="LOSAng">13643.5066666667</dst>
            <dst id="NYCMng">48980.3253333333</dst>
            <dst id="SNVAng">21224.2106666667</dst>
            <dst id="STTLng">65738.2773333333</dst>
            <dst id="WASHng">58180.5413333333</dst>
        </src>
        <src id="NYCMng">
            <dst id="ATLA-M5">6458.74133333333</dst>
            <dst id="ATLAng">33728.0373333333</dst>
            <dst id="CHINng">26806</dst>
            <dst id="DNVRng">18852.5333333333</dst>
            <dst id="HSTNng">10340.1173333333</dst>
            <dst id="IPLSng">47915.7733333333</dst>
            <dst id="KSCYng">14990.6853333333</dst>
            <dst id="LOSAng">72710.408</dst>
            <dst id="NYCMng">97988.3866666666</dst>
            <dst id="SNVAng">3515.28266666667</dst>
            <dst id="STTLng">29985.368</dst>
            <dst id="WASHng">138161.648</dst>
        </src>
        <src id="SNVAng">
            <dst id="ATLA-M5">0</dst>
            <dst id="ATLAng">26.6666666666667</dst>
            <dst id="CHINng">53.3333333333333</dst>
            <dst id="DNVRng">10381.1626666667</dst>
            <dst id="HSTNng">0</dst>
            <dst id="IPLSng">599.376</dst>
            <dst id="KSCYng">151.76</dst>
            <dst id="LOSAng">12590.448</dst>
            <dst id="NYCMng">152.744</dst>
            <dst id="SNVAng">8941.192</dst>
            <dst id="STTLng">24386.3146666667</dst>
            <dst id="WASHng">2559.73333333333</dst>
        </src>
        <src id="STTLng">
            <dst id="ATLA-M5">1237.552</dst>
            <dst id="ATLAng">30690.5866666667</dst>
            <dst id="CHINng">54577.6533333333</dst>
            <dst id="DNVRng">23669.752</dst>
            <dst id="HSTNng">10415.7626666667</dst>
            <dst id="IPLSng">42788.2106666667</dst>
            <dst id="KSCYng">30773.5306666667</dst>
            <dst id="LOSAng">48030.376</dst>
            <dst id="NYCMng">11120.32</dst>
            <dst id="SNVAng">4842.808</dst>
            <dst id="STTLng">31198.376</dst>
            <dst id="WASHng">50387.8133333333</dst>
        </src>
        <src id="WASHng">
            <dst id="ATLA-M5">3703.71466666667</dst>
            <dst id="ATLAng">104749.778666667</dst>
            <dst id="CHINng">69212.1546666667</dst>
            <dst id="DNVRng">53398.9333333333</dst>
            <dst id="HSTNng">29946.6373333333</dst>
            <dst id="IPLSng">51315.888</dst>
            <dst id="KSCYng">25166.5493333333</dst>
            <dst id="LOSAng">114824.810666667</dst>
            <dst id="NYCMng">168818.194666667</dst>
            <dst id="SNVAng">4274.04266666667</dst>
            <dst id="STTLng">44359.5386666667</dst>
            <dst id="WASHng">228942.666666667</dst>
        </src>
    </IntraTM>
</TrafficMatrixFile>
