<?xml version="1.0" encoding="ISO-8859-1" standalone="yes"?>
<TrafficMatrixFile xsi:noNamespaceSchemaLocation="http://totem.run.montefiore.ulg.ac.be/Schema/TrafficMatrix-v1_2.xsd" xmlns:xsi="http://www.w3.org/2001/XMLSchema-instance">
    <IntraTM ASID="11537">
        <src id="ATLA-M5">
            <dst id="ATLA-M5">107.866666666667</dst>
            <dst id="ATLAng">2254.87466666667</dst>
            <dst id="CHINng">1687.39733333333</dst>
            <dst id="DNVRng">1088.336</dst>
            <dst id="HSTNng">646.213333333333</dst>
            <dst id="IPLSng">1147.99466666667</dst>
            <dst id="KSCYng">802.941333333333</dst>
            <dst id="LOSAng">165.670666666667</dst>
            <dst id="NYCMng">2003.576</dst>
            <dst id="SNVAng">43.1</dst>
            <dst id="STTLng">1790.46933333333</dst>
            <dst id="WASHng">3132.07466666667</dst>
        </src>
        <src id="ATLAng">
            <dst id="ATLA-M5">2637.77333333333</dst>
            <dst id="ATLAng">73295.2373333333</dst>
            <dst id="CHINng">20294.5866666667</dst>
            <dst id="DNVRng">5576.46666666667</dst>
            <dst id="HSTNng">21372.5706666667</dst>
            <dst id="IPLSng">26993.4613333333</dst>
            <dst id="KSCYng">8307.992</dst>
            <dst id="LOSAng">14428.9173333333</dst>
            <dst id="NYCMng">10809.7973333333</dst>
            <dst id="SNVAng">1627.16533333333</dst>
            <dst id="STTLng">21536.584</dst>
            <dst id="WASHng">68812.168</dst>
        </src>
        <src id="CHINng">
            <dst id="ATLA-M5">1679.18933333333</dst>
            <dst id="ATLAng">183909.645333333</dst>
            <dst id="CHINng">330500.426666667</dst>
            <dst id="DNVRng">20291.28</dst>
            <dst id="HSTNng">16915.7573333333</dst>
            <dst id="IPLSng">93576.96</dst>
            <dst id="KSCYng">25211.0106666667</dst>
            <dst id="LOSAng">43360.488</dst>
            <dst id="NYCMng">17228.4986666667</dst>
            <dst id="SNVAng">5946.10133333333</dst>
            <dst id="STTLng">35239.704</dst>
            <dst id="WASHng">39122.608</dst>
        </src>
        <src id="DNVRng">
            <dst id="ATLA-M5">657.808</dst>
            <dst id="ATLAng">8180.85333333333</dst>
            <dst id="CHINng">33758.2586666667</dst>
            <dst id="DNVRng">10110.4426666667</dst>
            <dst id="HSTNng">15518.416</dst>
            <dst id="IPLSng">13202.6906666667</dst>
            <dst id="KSCYng">16630.376</dst>
            <dst id="LOSAng">8116.976</dst>
            <dst id="NYCMng">14659.664</dst>
            <dst id="SNVAng">20156.8986666667</dst>
            <dst id="STTLng">69421.7306666667</dst>
            <dst id="WASHng">33643.5653333333</dst>
        </src>
        <src id="HSTNng">
            <dst id="ATLA-M5">2533.76533333333</dst>
            <dst id="ATLAng">6952.984</dst>
            <dst id="CHINng">15306.824</dst>
            <dst id="DNVRng">4474.48266666667</dst>
            <dst id="HSTNng">20458.0666666667</dst>
            <dst id="IPLSng">7328.04266666667</dst>
            <dst id="KSCYng">9358.37066666667</dst>
            <dst id="LOSAng">8339.33333333333</dst>
            <dst id="NYCMng">5998.208</dst>
            <dst id="SNVAng">659.042666666667</dst>
            <dst id="STTLng">13186.016</dst>
            <dst id="WASHng">25362.648</dst>
        </src>
        <src id="IPLSng">
            <dst id="ATLA-M5">516.322666666667</dst>
            <dst id="ATLAng">18278.4373333333</dst>
            <dst id="CHINng">109946.861333333</dst>
            <dst id="DNVRng">12887.3173333333</dst>
            <dst id="HSTNng">7825.77333333333</dst>
            <dst id="IPLSng">20909.7146666667</dst>
            <dst id="KSCYng">14489.664</dst>
            <dst id="LOSAng">15403.4506666667</dst>
            <dst id="NYCMng">12735.808</dst>
            <dst id="SNVAng">6625.85066666667</dst>
            <dst id="STTLng">30405.0133333333</dst>
            <dst id="WASHng">20012.5146666667</dst>
        </src>
        <src id="KSCYng">
            <dst id="ATLA-M5">596.197333333333</dst>
            <dst id="ATLAng">8887.68533333333</dst>
            <dst id="CHINng">28194.4133333333</dst>
            <dst id="DNVRng">10519.2906666667</dst>
            <dst id="HSTNng">5657.232</dst>
            <dst id="IPLSng">24771.88</dst>
            <dst id="KSCYng">10739.6933333333</dst>
            <dst id="LOSAng">3860.176</dst>
            <dst id="NYCMng">6594.68266666667</dst>
            <dst id="SNVAng">2978.83733333333</dst>
            <dst id="STTLng">16818.336</dst>
            <dst id="WASHng">13761.9333333333</dst>
        </src>
        <src id="LOSAng">
            <dst id="ATLA-M5">265.138666666667</dst>
            <dst id="ATLAng">21925.7093333333</dst>
            <dst id="CHINng">103667.816</dst>
            <dst id="DNVRng">44113.2293333333</dst>
            <dst id="HSTNng">12208.904</dst>
            <dst id="IPLSng">55804.6453333333</dst>
            <dst id="KSCYng">8146.78933333333</dst>
            <dst id="LOSAng">9776.016</dst>
            <dst id="NYCMng">60124.856</dst>
            <dst id="SNVAng">20913.2933333333</dst>
            <dst id="STTLng">71788.9226666667</dst>
            <dst id="WASHng">78541.1173333333</dst>
        </src>
        <src id="NYCMng">
            <dst id="ATLA-M5">2775.928</dst>
            <dst id="ATLAng">40360.984</dst>
            <dst id="CHINng">29796.9893333333</dst>
            <dst id="DNVRng">24752.6133333333</dst>
            <dst id="HSTNng">26856.9466666667</dst>
            <dst id="IPLSng">49347.7386666667</dst>
            <dst id="KSCYng">18156.032</dst>
            <dst id="LOSAng">72456.024</dst>
            <dst id="NYCMng">121591.077333333</dst>
            <dst id="SNVAng">6067.064</dst>
            <dst id="STTLng">29911.4986666667</dst>
            <dst id="WASHng">130202.2</dst>
        </src>
        <src id="SNVAng">
            <dst id="ATLA-M5">0</dst>
            <dst id="ATLAng">61.344</dst>
            <dst id="CHINng">1106.824</dst>
            <dst id="DNVRng">19983.264</dst>
            <dst id="HSTNng">360.530666666667</dst>
            <dst id="IPLSng">723.706666666667</dst>
            <dst id="KSCYng">93.1013333333333</dst>
            <dst id="LOSAng">10975.4026666667</dst>
            <dst id="NYCMng">142.48</dst>
            <dst id="SNVAng">9995.76533333334</dst>
            <dst id="STTLng">19102.88</dst>
            <dst id="WASHng">160</dst>
        </src>
        <src id="STTLng">
            <dst id="ATLA-M5">3176.30133333333</dst>
            <dst id="ATLAng">60250.5306666667</dst>
            <dst id="CHINng">95026.6773333333</dst>
            <dst id="DNVRng">56741.1733333333</dst>
            <dst id="HSTNng">47671.5093333333</dst>
            <dst id="IPLSng">71991.464</dst>
            <dst id="KSCYng">62410.6186666667</dst>
            <dst id="LOSAng">11491.3653333333</dst>
            <dst id="NYCMng">24117.4293333333</dst>
            <dst id="SNVAng">12192.2053333333</dst>
            <dst id="STTLng">56361.416</dst>
            <dst id="WASHng">83262.7493333334</dst>
        </src>
        <src id="WASHng">
            <dst id="ATLA-M5">7828.49333333333</dst>
            <dst id="ATLAng">99805.9333333333</dst>
            <dst id="CHINng">79658.0586666667</dst>
            <dst id="DNVRng">77208.208</dst>
            <dst id="HSTNng">38605.4133333333</dst>
            <dst id="IPLSng">88063.9466666667</dst>
            <dst id="KSCYng">27745.984</dst>
            <dst id="LOSAng">82422.5253333333</dst>
            <dst id="NYCMng">222023.194666667</dst>
            <dst id="SNVAng">11387.528</dst>
            <dst id="STTLng">60865.8853333333</dst>
            <dst id="WASHng">366175.68</dst>
        </src>
    </IntraTM>
</TrafficMatrixFile>
