<?xml version="1.0" encoding="ISO-8859-1" standalone="yes"?>
<TrafficMatrixFile xsi:noNamespaceSchemaLocation="http://totem.run.montefiore.ulg.ac.be/Schema/TrafficMatrix-v1_2.xsd" xmlns:xsi="http://www.w3.org/2001/XMLSchema-instance">
    <IntraTM ASID="11537">
        <src id="ATLA-M5">
            <dst id="ATLA-M5">169.528</dst>
            <dst id="ATLAng">1942.79733333333</dst>
            <dst id="CHINng">2033.28266666667</dst>
            <dst id="DNVRng">188.296</dst>
            <dst id="HSTNng">907.901333333333</dst>
            <dst id="IPLSng">727.757333333333</dst>
            <dst id="KSCYng">846.034666666666</dst>
            <dst id="LOSAng">217.237333333333</dst>
            <dst id="NYCMng">756.424</dst>
            <dst id="SNVAng">373.674666666667</dst>
            <dst id="STTLng">1074.80533333333</dst>
            <dst id="WASHng">2698.63466666667</dst>
        </src>
        <src id="ATLAng">
            <dst id="ATLA-M5">2969.56533333333</dst>
            <dst id="ATLAng">65131.4</dst>
            <dst id="CHINng">25324.7146666667</dst>
            <dst id="DNVRng">3954.78133333333</dst>
            <dst id="HSTNng">21243.5973333333</dst>
            <dst id="IPLSng">22176.4533333333</dst>
            <dst id="KSCYng">10144.2213333333</dst>
            <dst id="LOSAng">19443.1573333333</dst>
            <dst id="NYCMng">21780.7653333333</dst>
            <dst id="SNVAng">1969.61333333333</dst>
            <dst id="STTLng">21708.5013333333</dst>
            <dst id="WASHng">56958.52</dst>
        </src>
        <src id="CHINng">
            <dst id="ATLA-M5">2395.62666666667</dst>
            <dst id="ATLAng">37477.1546666667</dst>
            <dst id="CHINng">100959.562666667</dst>
            <dst id="DNVRng">12459.2106666667</dst>
            <dst id="HSTNng">33233.3146666667</dst>
            <dst id="IPLSng">80740.5333333333</dst>
            <dst id="KSCYng">30861.5413333333</dst>
            <dst id="LOSAng">48205.5226666667</dst>
            <dst id="NYCMng">14857.952</dst>
            <dst id="SNVAng">6371.67733333333</dst>
            <dst id="STTLng">42283.7546666667</dst>
            <dst id="WASHng">41908.2933333333</dst>
        </src>
        <src id="DNVRng">
            <dst id="ATLA-M5">441.688</dst>
            <dst id="ATLAng">8349.64266666666</dst>
            <dst id="CHINng">49650.7226666667</dst>
            <dst id="DNVRng">16651.6986666667</dst>
            <dst id="HSTNng">21071.6933333333</dst>
            <dst id="IPLSng">25127.52</dst>
            <dst id="KSCYng">25855.392</dst>
            <dst id="LOSAng">18862.784</dst>
            <dst id="NYCMng">7590.05333333333</dst>
            <dst id="SNVAng">16891.152</dst>
            <dst id="STTLng">32793.6666666667</dst>
            <dst id="WASHng">25382.44</dst>
        </src>
        <src id="HSTNng">
            <dst id="ATLA-M5">346.981333333333</dst>
            <dst id="ATLAng">11093.9013333333</dst>
            <dst id="CHINng">22555.0053333333</dst>
            <dst id="DNVRng">5443.928</dst>
            <dst id="HSTNng">22194.664</dst>
            <dst id="IPLSng">4953.304</dst>
            <dst id="KSCYng">12287.8906666667</dst>
            <dst id="LOSAng">4038.82133333333</dst>
            <dst id="NYCMng">5130.76533333333</dst>
            <dst id="SNVAng">962.930666666667</dst>
            <dst id="STTLng">14678.6506666667</dst>
            <dst id="WASHng">8707.32533333333</dst>
        </src>
        <src id="IPLSng">
            <dst id="ATLA-M5">569.509333333333</dst>
            <dst id="ATLAng">17844.3626666667</dst>
            <dst id="CHINng">105769.109333333</dst>
            <dst id="DNVRng">16866.2</dst>
            <dst id="HSTNng">13310.8106666667</dst>
            <dst id="IPLSng">30955.5546666667</dst>
            <dst id="KSCYng">16773.9786666667</dst>
            <dst id="LOSAng">21639.5813333333</dst>
            <dst id="NYCMng">24997.7573333333</dst>
            <dst id="SNVAng">6271.09066666667</dst>
            <dst id="STTLng">40844.6133333333</dst>
            <dst id="WASHng">58471.6026666667</dst>
        </src>
        <src id="KSCYng">
            <dst id="ATLA-M5">637.693333333333</dst>
            <dst id="ATLAng">8763.61333333333</dst>
            <dst id="CHINng">33628.472</dst>
            <dst id="DNVRng">8318.11466666667</dst>
            <dst id="HSTNng">4801.56</dst>
            <dst id="IPLSng">23398.288</dst>
            <dst id="KSCYng">22599.0986666667</dst>
            <dst id="LOSAng">5632.78666666667</dst>
            <dst id="NYCMng">12087.1786666667</dst>
            <dst id="SNVAng">3680.72266666667</dst>
            <dst id="STTLng">15874.4773333333</dst>
            <dst id="WASHng">17434.2453333333</dst>
        </src>
        <src id="LOSAng">
            <dst id="ATLA-M5">368.469333333333</dst>
            <dst id="ATLAng">30555.048</dst>
            <dst id="CHINng">126445.728</dst>
            <dst id="DNVRng">12579.7493333333</dst>
            <dst id="HSTNng">12080.5226666667</dst>
            <dst id="IPLSng">19311.8</dst>
            <dst id="KSCYng">18534.0666666667</dst>
            <dst id="LOSAng">6416.24533333334</dst>
            <dst id="NYCMng">42808.4</dst>
            <dst id="SNVAng">26397.0853333333</dst>
            <dst id="STTLng">71489.776</dst>
            <dst id="WASHng">97443.712</dst>
        </src>
        <src id="NYCMng">
            <dst id="ATLA-M5">2662.93066666667</dst>
            <dst id="ATLAng">47665.576</dst>
            <dst id="CHINng">40800.568</dst>
            <dst id="DNVRng">22131.3013333333</dst>
            <dst id="HSTNng">26686.472</dst>
            <dst id="IPLSng">60838.7573333333</dst>
            <dst id="KSCYng">19608.856</dst>
            <dst id="LOSAng">65650.3653333333</dst>
            <dst id="NYCMng">183084.322666667</dst>
            <dst id="SNVAng">10048.5253333333</dst>
            <dst id="STTLng">20026.272</dst>
            <dst id="WASHng">135196.248</dst>
        </src>
        <src id="SNVAng">
            <dst id="ATLA-M5">0</dst>
            <dst id="ATLAng">147.696</dst>
            <dst id="CHINng">262.76</dst>
            <dst id="DNVRng">7310.10133333333</dst>
            <dst id="HSTNng">146.045333333333</dst>
            <dst id="IPLSng">665.026666666667</dst>
            <dst id="KSCYng">409.16</dst>
            <dst id="LOSAng">8983.45066666667</dst>
            <dst id="NYCMng">116.045333333333</dst>
            <dst id="SNVAng">10489.1146666667</dst>
            <dst id="STTLng">24156.376</dst>
            <dst id="WASHng">569.16</dst>
        </src>
        <src id="STTLng">
            <dst id="ATLA-M5">3411.78666666667</dst>
            <dst id="ATLAng">79866.9733333333</dst>
            <dst id="CHINng">104584.290666667</dst>
            <dst id="DNVRng">42703.9573333333</dst>
            <dst id="HSTNng">47805.72</dst>
            <dst id="IPLSng">94281.736</dst>
            <dst id="KSCYng">71880.176</dst>
            <dst id="LOSAng">19046.3626666667</dst>
            <dst id="NYCMng">33282.312</dst>
            <dst id="SNVAng">10986.016</dst>
            <dst id="STTLng">33438.7626666667</dst>
            <dst id="WASHng">109339.936</dst>
        </src>
        <src id="WASHng">
            <dst id="ATLA-M5">11605.6773333333</dst>
            <dst id="ATLAng">118292.64</dst>
            <dst id="CHINng">118218.461333333</dst>
            <dst id="DNVRng">105245.232</dst>
            <dst id="HSTNng">48725.2053333333</dst>
            <dst id="IPLSng">119727.173333333</dst>
            <dst id="KSCYng">24836.0266666667</dst>
            <dst id="LOSAng">76427.8906666666</dst>
            <dst id="NYCMng">221207.376</dst>
            <dst id="SNVAng">6704.58666666667</dst>
            <dst id="STTLng">69069.8853333333</dst>
            <dst id="WASHng">323716.56</dst>
        </src>
    </IntraTM>
</TrafficMatrixFile>
