<?xml version="1.0" encoding="ISO-8859-1" standalone="yes"?>
<TrafficMatrixFile xsi:noNamespaceSchemaLocation="http://totem.run.montefiore.ulg.ac.be/Schema/TrafficMatrix-v1_2.xsd" xmlns:xsi="http://www.w3.org/2001/XMLSchema-instance">
    <IntraTM ASID="11537">
        <src id="ATLA-M5">
            <dst id="ATLA-M5">242.861333333333</dst>
            <dst id="ATLAng">761.88</dst>
            <dst id="CHINng">1723.98666666667</dst>
            <dst id="DNVRng">132.610666666667</dst>
            <dst id="HSTNng">133.344</dst>
            <dst id="IPLSng">789.941333333333</dst>
            <dst id="KSCYng">584.666666666667</dst>
            <dst id="LOSAng">26.6666666666667</dst>
            <dst id="NYCMng">1952.10133333333</dst>
            <dst id="SNVAng">0</dst>
            <dst id="STTLng">682.693333333333</dst>
            <dst id="WASHng">859.778666666667</dst>
        </src>
        <src id="ATLAng">
            <dst id="ATLA-M5">400.194666666667</dst>
            <dst id="ATLAng">50006</dst>
            <dst id="CHINng">42037.6213333333</dst>
            <dst id="DNVRng">6186.71466666667</dst>
            <dst id="HSTNng">5671.64533333333</dst>
            <dst id="IPLSng">18247.2533333333</dst>
            <dst id="KSCYng">20248.064</dst>
            <dst id="LOSAng">17924.4653333333</dst>
            <dst id="NYCMng">8161.41866666667</dst>
            <dst id="SNVAng">1818.70533333333</dst>
            <dst id="STTLng">9307.17066666667</dst>
            <dst id="WASHng">43256.344</dst>
        </src>
        <src id="CHINng">
            <dst id="ATLA-M5">1372.46933333333</dst>
            <dst id="ATLAng">127311.389333333</dst>
            <dst id="CHINng">117782.856</dst>
            <dst id="DNVRng">22278.3066666667</dst>
            <dst id="HSTNng">11449.7306666667</dst>
            <dst id="IPLSng">53937.712</dst>
            <dst id="KSCYng">22269.3386666667</dst>
            <dst id="LOSAng">50760.8533333333</dst>
            <dst id="NYCMng">17046.9893333333</dst>
            <dst id="SNVAng">3540.136</dst>
            <dst id="STTLng">21207.3173333333</dst>
            <dst id="WASHng">22775.1253333333</dst>
        </src>
        <src id="DNVRng">
            <dst id="ATLA-M5">348.832</dst>
            <dst id="ATLAng">5755.91733333333</dst>
            <dst id="CHINng">30221.2453333333</dst>
            <dst id="DNVRng">17159.9866666667</dst>
            <dst id="HSTNng">16496.44</dst>
            <dst id="IPLSng">13382.9173333333</dst>
            <dst id="KSCYng">11600.7733333333</dst>
            <dst id="LOSAng">5838.888</dst>
            <dst id="NYCMng">7256.80533333333</dst>
            <dst id="SNVAng">5699.19733333333</dst>
            <dst id="STTLng">30510.008</dst>
            <dst id="WASHng">20104.672</dst>
        </src>
        <src id="HSTNng">
            <dst id="ATLA-M5">219.2</dst>
            <dst id="ATLAng">5335.92533333333</dst>
            <dst id="CHINng">11496.5786666667</dst>
            <dst id="DNVRng">3196.944</dst>
            <dst id="HSTNng">21555.288</dst>
            <dst id="IPLSng">3742.58133333333</dst>
            <dst id="KSCYng">6762.27733333333</dst>
            <dst id="LOSAng">3923.08266666667</dst>
            <dst id="NYCMng">3633.53066666667</dst>
            <dst id="SNVAng">26.6666666666667</dst>
            <dst id="STTLng">4571.744</dst>
            <dst id="WASHng">5684.672</dst>
        </src>
        <src id="IPLSng">
            <dst id="ATLA-M5">466.117333333333</dst>
            <dst id="ATLAng">11110.4533333333</dst>
            <dst id="CHINng">44564.328</dst>
            <dst id="DNVRng">9229.576</dst>
            <dst id="HSTNng">3785.11733333333</dst>
            <dst id="IPLSng">42934.576</dst>
            <dst id="KSCYng">5695.59733333333</dst>
            <dst id="LOSAng">14761.1573333333</dst>
            <dst id="NYCMng">8211.34666666667</dst>
            <dst id="SNVAng">1828.55733333333</dst>
            <dst id="STTLng">20119.6613333333</dst>
            <dst id="WASHng">14403.08</dst>
        </src>
        <src id="KSCYng">
            <dst id="ATLA-M5">246.016</dst>
            <dst id="ATLAng">13830.6693333333</dst>
            <dst id="CHINng">23988.4453333333</dst>
            <dst id="DNVRng">8201.592</dst>
            <dst id="HSTNng">4047.00533333333</dst>
            <dst id="IPLSng">17833.072</dst>
            <dst id="KSCYng">5689.104</dst>
            <dst id="LOSAng">5835.37866666667</dst>
            <dst id="NYCMng">6689.96533333333</dst>
            <dst id="SNVAng">2379.20533333333</dst>
            <dst id="STTLng">8938.224</dst>
            <dst id="WASHng">13053.2453333333</dst>
        </src>
        <src id="LOSAng">
            <dst id="ATLA-M5">320.488</dst>
            <dst id="ATLAng">11654.9733333333</dst>
            <dst id="CHINng">72885.0586666667</dst>
            <dst id="DNVRng">25319.592</dst>
            <dst id="HSTNng">6994.504</dst>
            <dst id="IPLSng">44699.4213333333</dst>
            <dst id="KSCYng">7836.664</dst>
            <dst id="LOSAng">13569.216</dst>
            <dst id="NYCMng">34743.976</dst>
            <dst id="SNVAng">18904.2186666667</dst>
            <dst id="STTLng">57127.032</dst>
            <dst id="WASHng">58961.1173333333</dst>
        </src>
        <src id="NYCMng">
            <dst id="ATLA-M5">3316.93866666667</dst>
            <dst id="ATLAng">31218.92</dst>
            <dst id="CHINng">37564.4213333333</dst>
            <dst id="DNVRng">18421.0853333333</dst>
            <dst id="HSTNng">10646.256</dst>
            <dst id="IPLSng">34195.816</dst>
            <dst id="KSCYng">10309.648</dst>
            <dst id="LOSAng">75519.48</dst>
            <dst id="NYCMng">75837.184</dst>
            <dst id="SNVAng">3698.48533333333</dst>
            <dst id="STTLng">24974.4133333333</dst>
            <dst id="WASHng">71966.0346666667</dst>
        </src>
        <src id="SNVAng">
            <dst id="ATLA-M5">0</dst>
            <dst id="ATLAng">653.098666666667</dst>
            <dst id="CHINng">26.6666666666667</dst>
            <dst id="DNVRng">2308.85333333333</dst>
            <dst id="HSTNng">26.6666666666667</dst>
            <dst id="IPLSng">403.626666666667</dst>
            <dst id="KSCYng">42.0426666666667</dst>
            <dst id="LOSAng">10890.1333333333</dst>
            <dst id="NYCMng">227.826666666667</dst>
            <dst id="SNVAng">6619.34133333333</dst>
            <dst id="STTLng">20115.5466666667</dst>
            <dst id="WASHng">225.149333333333</dst>
        </src>
        <src id="STTLng">
            <dst id="ATLA-M5">1673.016</dst>
            <dst id="ATLAng">17644.448</dst>
            <dst id="CHINng">58168.0666666667</dst>
            <dst id="DNVRng">13962.048</dst>
            <dst id="HSTNng">6633.48266666667</dst>
            <dst id="IPLSng">19931.2613333333</dst>
            <dst id="KSCYng">11176.9733333333</dst>
            <dst id="LOSAng">45595.5946666667</dst>
            <dst id="NYCMng">12294.736</dst>
            <dst id="SNVAng">10416.7333333333</dst>
            <dst id="STTLng">20080.2986666667</dst>
            <dst id="WASHng">32839.2186666667</dst>
        </src>
        <src id="WASHng">
            <dst id="ATLA-M5">3513.97333333333</dst>
            <dst id="ATLAng">111755.714666667</dst>
            <dst id="CHINng">59754.76</dst>
            <dst id="DNVRng">47750.352</dst>
            <dst id="HSTNng">36726.9706666667</dst>
            <dst id="IPLSng">44654.5733333333</dst>
            <dst id="KSCYng">20299.848</dst>
            <dst id="LOSAng">69435.336</dst>
            <dst id="NYCMng">117314.52</dst>
            <dst id="SNVAng">7260.22666666667</dst>
            <dst id="STTLng">53793.464</dst>
            <dst id="WASHng">278798.48</dst>
        </src>
    </IntraTM>
</TrafficMatrixFile>
