<?xml version="1.0" encoding="ISO-8859-1" standalone="yes"?>
<TrafficMatrixFile xsi:noNamespaceSchemaLocation="http://totem.run.montefiore.ulg.ac.be/Schema/TrafficMatrix-v1_2.xsd" xmlns:xsi="http://www.w3.org/2001/XMLSchema-instance">
    <IntraTM ASID="11537">
        <src id="ATLA-M5">
            <dst id="ATLA-M5">26.6666666666667</dst>
            <dst id="ATLAng">360.64</dst>
            <dst id="CHINng">1359.85066666667</dst>
            <dst id="DNVRng">80.7733333333333</dst>
            <dst id="HSTNng">338.232</dst>
            <dst id="IPLSng">2126.03466666667</dst>
            <dst id="KSCYng">259.330666666667</dst>
            <dst id="LOSAng">580.538666666667</dst>
            <dst id="NYCMng">1221.28533333333</dst>
            <dst id="SNVAng">116.392</dst>
            <dst id="STTLng">290.112</dst>
            <dst id="WASHng">706.392</dst>
        </src>
        <src id="ATLAng">
            <dst id="ATLA-M5">2264.768</dst>
            <dst id="ATLAng">36392.3066666667</dst>
            <dst id="CHINng">20741.264</dst>
            <dst id="DNVRng">3734.152</dst>
            <dst id="HSTNng">2694.66666666667</dst>
            <dst id="IPLSng">20216.0133333333</dst>
            <dst id="KSCYng">3302.14133333333</dst>
            <dst id="LOSAng">20435.9786666667</dst>
            <dst id="NYCMng">9639.48266666667</dst>
            <dst id="SNVAng">395.84</dst>
            <dst id="STTLng">9213.92266666667</dst>
            <dst id="WASHng">35223.9413333333</dst>
        </src>
        <src id="CHINng">
            <dst id="ATLA-M5">1258.38666666667</dst>
            <dst id="ATLAng">24030.768</dst>
            <dst id="CHINng">80609.0586666667</dst>
            <dst id="DNVRng">22941.688</dst>
            <dst id="HSTNng">15860.5706666667</dst>
            <dst id="IPLSng">88934.784</dst>
            <dst id="KSCYng">15914.5066666667</dst>
            <dst id="LOSAng">37894.1946666667</dst>
            <dst id="NYCMng">11220.6826666667</dst>
            <dst id="SNVAng">7602.15733333333</dst>
            <dst id="STTLng">15873.48</dst>
            <dst id="WASHng">23604.8293333333</dst>
        </src>
        <src id="DNVRng">
            <dst id="ATLA-M5">305.152</dst>
            <dst id="ATLAng">9309.08</dst>
            <dst id="CHINng">100740.770666667</dst>
            <dst id="DNVRng">11587.9146666667</dst>
            <dst id="HSTNng">12155.7066666667</dst>
            <dst id="IPLSng">12061.9546666667</dst>
            <dst id="KSCYng">16572.1813333333</dst>
            <dst id="LOSAng">13469.5253333333</dst>
            <dst id="NYCMng">7933.52</dst>
            <dst id="SNVAng">14070.6746666667</dst>
            <dst id="STTLng">24872.496</dst>
            <dst id="WASHng">18066.0213333333</dst>
        </src>
        <src id="HSTNng">
            <dst id="ATLA-M5">2876.18666666667</dst>
            <dst id="ATLAng">11518.3306666667</dst>
            <dst id="CHINng">16905.128</dst>
            <dst id="DNVRng">1264.02666666667</dst>
            <dst id="HSTNng">13504.9466666667</dst>
            <dst id="IPLSng">2702.73333333333</dst>
            <dst id="KSCYng">8647.824</dst>
            <dst id="LOSAng">5958.33066666666</dst>
            <dst id="NYCMng">1608.06933333333</dst>
            <dst id="SNVAng">181.2</dst>
            <dst id="STTLng">4458.98133333333</dst>
            <dst id="WASHng">5600.38133333333</dst>
        </src>
        <src id="IPLSng">
            <dst id="ATLA-M5">435.098666666667</dst>
            <dst id="ATLAng">18882.816</dst>
            <dst id="CHINng">46501.6773333333</dst>
            <dst id="DNVRng">7461.79733333333</dst>
            <dst id="HSTNng">1144.57066666667</dst>
            <dst id="IPLSng">41219.76</dst>
            <dst id="KSCYng">10436.8986666667</dst>
            <dst id="LOSAng">19584.2746666667</dst>
            <dst id="NYCMng">11876.528</dst>
            <dst id="SNVAng">1156.62133333333</dst>
            <dst id="STTLng">25061.9253333333</dst>
            <dst id="WASHng">16838.1653333333</dst>
        </src>
        <src id="KSCYng">
            <dst id="ATLA-M5">184.077333333333</dst>
            <dst id="ATLAng">4903.41066666667</dst>
            <dst id="CHINng">23998.4746666667</dst>
            <dst id="DNVRng">8743.05866666667</dst>
            <dst id="HSTNng">4238.15466666667</dst>
            <dst id="IPLSng">14949.6986666667</dst>
            <dst id="KSCYng">11348.0133333333</dst>
            <dst id="LOSAng">8106.512</dst>
            <dst id="NYCMng">4117.49066666667</dst>
            <dst id="SNVAng">2299.98933333333</dst>
            <dst id="STTLng">7509.224</dst>
            <dst id="WASHng">10966.088</dst>
        </src>
        <src id="LOSAng">
            <dst id="ATLA-M5">335.109333333333</dst>
            <dst id="ATLAng">8736.24533333333</dst>
            <dst id="CHINng">6310426.13333333</dst>
            <dst id="DNVRng">20655.7093333333</dst>
            <dst id="HSTNng">5185.61866666667</dst>
            <dst id="IPLSng">20995.408</dst>
            <dst id="KSCYng">4297.73866666667</dst>
            <dst id="LOSAng">16761.9786666667</dst>
            <dst id="NYCMng">46447.6133333333</dst>
            <dst id="SNVAng">19905.4026666667</dst>
            <dst id="STTLng">62119.2533333333</dst>
            <dst id="WASHng">43577.9893333333</dst>
        </src>
        <src id="NYCMng">
            <dst id="ATLA-M5">1056.29333333333</dst>
            <dst id="ATLAng">21744.336</dst>
            <dst id="CHINng">34922.9813333333</dst>
            <dst id="DNVRng">15099.9386666667</dst>
            <dst id="HSTNng">14196.6506666667</dst>
            <dst id="IPLSng">16131.0053333333</dst>
            <dst id="KSCYng">11545.5946666667</dst>
            <dst id="LOSAng">70613.1066666667</dst>
            <dst id="NYCMng">82342.48</dst>
            <dst id="SNVAng">2609.69333333333</dst>
            <dst id="STTLng">35913.032</dst>
            <dst id="WASHng">57382.528</dst>
        </src>
        <src id="SNVAng">
            <dst id="ATLA-M5">0</dst>
            <dst id="ATLAng">355.338666666667</dst>
            <dst id="CHINng">53.3333333333333</dst>
            <dst id="DNVRng">403.701333333333</dst>
            <dst id="HSTNng">26.6666666666667</dst>
            <dst id="IPLSng">425.618666666667</dst>
            <dst id="KSCYng">53.3333333333333</dst>
            <dst id="LOSAng">7621.84266666667</dst>
            <dst id="NYCMng">57.5946666666667</dst>
            <dst id="SNVAng">9063.13066666667</dst>
            <dst id="STTLng">17576.448</dst>
            <dst id="WASHng">80</dst>
        </src>
        <src id="STTLng">
            <dst id="ATLA-M5">798.653333333333</dst>
            <dst id="ATLAng">14992.3733333333</dst>
            <dst id="CHINng">32204.6906666667</dst>
            <dst id="DNVRng">11265.2666666667</dst>
            <dst id="HSTNng">6567.41866666667</dst>
            <dst id="IPLSng">13198.112</dst>
            <dst id="KSCYng">7833.25866666667</dst>
            <dst id="LOSAng">43241.192</dst>
            <dst id="NYCMng">8671.90933333333</dst>
            <dst id="SNVAng">2245.23466666667</dst>
            <dst id="STTLng">20196.7413333333</dst>
            <dst id="WASHng">10773.176</dst>
        </src>
        <src id="WASHng">
            <dst id="ATLA-M5">1626.01333333333</dst>
            <dst id="ATLAng">111683.509333333</dst>
            <dst id="CHINng">71449.6933333333</dst>
            <dst id="DNVRng">63826.4986666667</dst>
            <dst id="HSTNng">25277.1386666667</dst>
            <dst id="IPLSng">52480.7013333333</dst>
            <dst id="KSCYng">21446.7306666667</dst>
            <dst id="LOSAng">77972.624</dst>
            <dst id="NYCMng">185411.394666667</dst>
            <dst id="SNVAng">1416.79466666667</dst>
            <dst id="STTLng">53895.4586666667</dst>
            <dst id="WASHng">232046.050666667</dst>
        </src>
    </IntraTM>
</TrafficMatrixFile>
