<?xml version="1.0" encoding="ISO-8859-1" standalone="yes"?>
<TrafficMatrixFile xsi:noNamespaceSchemaLocation="http://totem.run.montefiore.ulg.ac.be/Schema/TrafficMatrix-v1_2.xsd" xmlns:xsi="http://www.w3.org/2001/XMLSchema-instance">
    <IntraTM ASID="11537">
        <src id="ATLA-M5">
            <dst id="ATLA-M5">74.6853333333333</dst>
            <dst id="ATLAng">1730.8</dst>
            <dst id="CHINng">1366.87466666667</dst>
            <dst id="DNVRng">55.3573333333333</dst>
            <dst id="HSTNng">457.778666666667</dst>
            <dst id="IPLSng">779.152</dst>
            <dst id="KSCYng">1101.344</dst>
            <dst id="LOSAng">146.666666666667</dst>
            <dst id="NYCMng">1198.90666666667</dst>
            <dst id="SNVAng">13.3333333333333</dst>
            <dst id="STTLng">782.496</dst>
            <dst id="WASHng">900.890666666667</dst>
        </src>
        <src id="ATLAng">
            <dst id="ATLA-M5">654.306666666667</dst>
            <dst id="ATLAng">37019.2106666667</dst>
            <dst id="CHINng">35513.488</dst>
            <dst id="DNVRng">8390.76533333333</dst>
            <dst id="HSTNng">9407.85866666667</dst>
            <dst id="IPLSng">23033.0293333333</dst>
            <dst id="KSCYng">6566.81866666667</dst>
            <dst id="LOSAng">19505.8333333333</dst>
            <dst id="NYCMng">9280.23466666667</dst>
            <dst id="SNVAng">678.622666666667</dst>
            <dst id="STTLng">11545.7866666667</dst>
            <dst id="WASHng">27431.944</dst>
        </src>
        <src id="CHINng">
            <dst id="ATLA-M5">2436.4</dst>
            <dst id="ATLAng">28414.808</dst>
            <dst id="CHINng">228680.104</dst>
            <dst id="DNVRng">21469.0186666667</dst>
            <dst id="HSTNng">13857.9466666667</dst>
            <dst id="IPLSng">44497.96</dst>
            <dst id="KSCYng">17848.3066666667</dst>
            <dst id="LOSAng">59427.5973333333</dst>
            <dst id="NYCMng">17929.8506666667</dst>
            <dst id="SNVAng">6825.83466666667</dst>
            <dst id="STTLng">25304.008</dst>
            <dst id="WASHng">34167.936</dst>
        </src>
        <src id="DNVRng">
            <dst id="ATLA-M5">495.634666666667</dst>
            <dst id="ATLAng">5238.99466666667</dst>
            <dst id="CHINng">28802.6533333333</dst>
            <dst id="DNVRng">14800.312</dst>
            <dst id="HSTNng">16207.736</dst>
            <dst id="IPLSng">11990.9706666667</dst>
            <dst id="KSCYng">40186.5226666667</dst>
            <dst id="LOSAng">17039.2373333333</dst>
            <dst id="NYCMng">7501.008</dst>
            <dst id="SNVAng">13714.5093333333</dst>
            <dst id="STTLng">36723.8826666667</dst>
            <dst id="WASHng">22420.3493333333</dst>
        </src>
        <src id="HSTNng">
            <dst id="ATLA-M5">3122.57866666667</dst>
            <dst id="ATLAng">4129.10133333333</dst>
            <dst id="CHINng">14551.7973333333</dst>
            <dst id="DNVRng">2102.464</dst>
            <dst id="HSTNng">14071.3546666667</dst>
            <dst id="IPLSng">5626.184</dst>
            <dst id="KSCYng">11975.504</dst>
            <dst id="LOSAng">8560.44533333333</dst>
            <dst id="NYCMng">3305.33866666667</dst>
            <dst id="SNVAng">53.3333333333333</dst>
            <dst id="STTLng">7676.70666666667</dst>
            <dst id="WASHng">7782.57066666667</dst>
        </src>
        <src id="IPLSng">
            <dst id="ATLA-M5">246.688</dst>
            <dst id="ATLAng">15278.144</dst>
            <dst id="CHINng">45606.864</dst>
            <dst id="DNVRng">11779.2906666667</dst>
            <dst id="HSTNng">3566.98933333333</dst>
            <dst id="IPLSng">10695.76</dst>
            <dst id="KSCYng">8373.976</dst>
            <dst id="LOSAng">14185.0373333333</dst>
            <dst id="NYCMng">12205.3626666667</dst>
            <dst id="SNVAng">1551.07733333333</dst>
            <dst id="STTLng">31979.5226666667</dst>
            <dst id="WASHng">18436.6</dst>
        </src>
        <src id="KSCYng">
            <dst id="ATLA-M5">321.733333333333</dst>
            <dst id="ATLAng">6431.83466666667</dst>
            <dst id="CHINng">20045.4933333333</dst>
            <dst id="DNVRng">9499.28</dst>
            <dst id="HSTNng">5349.83466666667</dst>
            <dst id="IPLSng">22319.728</dst>
            <dst id="KSCYng">15775.288</dst>
            <dst id="LOSAng">5137.232</dst>
            <dst id="NYCMng">12163.976</dst>
            <dst id="SNVAng">2786.376</dst>
            <dst id="STTLng">11616.0746666667</dst>
            <dst id="WASHng">18158.5386666667</dst>
        </src>
        <src id="LOSAng">
            <dst id="ATLA-M5">951.114666666666</dst>
            <dst id="ATLAng">12649.104</dst>
            <dst id="CHINng">78036.4746666667</dst>
            <dst id="DNVRng">34256.896</dst>
            <dst id="HSTNng">11811.0293333333</dst>
            <dst id="IPLSng">40458.7653333333</dst>
            <dst id="KSCYng">7585.584</dst>
            <dst id="LOSAng">17326.0906666667</dst>
            <dst id="NYCMng">37606.8506666667</dst>
            <dst id="SNVAng">19272.92</dst>
            <dst id="STTLng">61662.9866666667</dst>
            <dst id="WASHng">60438.3653333333</dst>
        </src>
        <src id="NYCMng">
            <dst id="ATLA-M5">1666.91466666667</dst>
            <dst id="ATLAng">30787.9253333333</dst>
            <dst id="CHINng">31734.9573333333</dst>
            <dst id="DNVRng">22528.9813333333</dst>
            <dst id="HSTNng">12687.4693333333</dst>
            <dst id="IPLSng">32826.816</dst>
            <dst id="KSCYng">10994.9226666667</dst>
            <dst id="LOSAng">69918.84</dst>
            <dst id="NYCMng">88626.2746666667</dst>
            <dst id="SNVAng">3462.984</dst>
            <dst id="STTLng">30510.7066666667</dst>
            <dst id="WASHng">78322.5893333333</dst>
        </src>
        <src id="SNVAng">
            <dst id="ATLA-M5">0</dst>
            <dst id="ATLAng">623.626666666667</dst>
            <dst id="CHINng">53.3333333333333</dst>
            <dst id="DNVRng">1713.25866666667</dst>
            <dst id="HSTNng">26.6666666666667</dst>
            <dst id="IPLSng">492.405333333333</dst>
            <dst id="KSCYng">0</dst>
            <dst id="LOSAng">10142.3413333333</dst>
            <dst id="NYCMng">389.784</dst>
            <dst id="SNVAng">7131.296</dst>
            <dst id="STTLng">18736.9333333333</dst>
            <dst id="WASHng">173.338666666667</dst>
        </src>
        <src id="STTLng">
            <dst id="ATLA-M5">2486.02133333333</dst>
            <dst id="ATLAng">21304.2506666667</dst>
            <dst id="CHINng">31651.4373333333</dst>
            <dst id="DNVRng">20895.1573333333</dst>
            <dst id="HSTNng">8029.92266666667</dst>
            <dst id="IPLSng">47415.256</dst>
            <dst id="KSCYng">21659.7946666667</dst>
            <dst id="LOSAng">52865.3813333333</dst>
            <dst id="NYCMng">11650.4826666667</dst>
            <dst id="SNVAng">4877.592</dst>
            <dst id="STTLng">34055.288</dst>
            <dst id="WASHng">32418.344</dst>
        </src>
        <src id="WASHng">
            <dst id="ATLA-M5">1275.392</dst>
            <dst id="ATLAng">103102.722666667</dst>
            <dst id="CHINng">87105.9866666667</dst>
            <dst id="DNVRng">70107.168</dst>
            <dst id="HSTNng">36941.4453333333</dst>
            <dst id="IPLSng">46818.048</dst>
            <dst id="KSCYng">26116.1253333333</dst>
            <dst id="LOSAng">81735.6293333333</dst>
            <dst id="NYCMng">180746.557333333</dst>
            <dst id="SNVAng">6836.81866666667</dst>
            <dst id="STTLng">55086.4426666667</dst>
            <dst id="WASHng">207123.36</dst>
        </src>
    </IntraTM>
</TrafficMatrixFile>
