<?xml version="1.0" encoding="ISO-8859-1" standalone="yes"?>
<TrafficMatrixFile xsi:noNamespaceSchemaLocation="http://totem.run.montefiore.ulg.ac.be/Schema/TrafficMatrix-v1_2.xsd" xmlns:xsi="http://www.w3.org/2001/XMLSchema-instance">
    <IntraTM ASID="11537">
        <src id="ATLA-M5">
            <dst id="ATLA-M5">0</dst>
            <dst id="ATLAng">215.805333333333</dst>
            <dst id="CHINng">2082.00266666667</dst>
            <dst id="DNVRng">71.4666666666667</dst>
            <dst id="HSTNng">30.7173333333333</dst>
            <dst id="IPLSng">775.104</dst>
            <dst id="KSCYng">95.1706666666667</dst>
            <dst id="LOSAng">51.4146666666667</dst>
            <dst id="NYCMng">106.666666666667</dst>
            <dst id="SNVAng">23.4146666666667</dst>
            <dst id="STTLng">284.248</dst>
            <dst id="WASHng">1515.064</dst>
        </src>
        <src id="ATLAng">
            <dst id="ATLA-M5">857.904</dst>
            <dst id="ATLAng">38999.7573333333</dst>
            <dst id="CHINng">11495.6506666667</dst>
            <dst id="DNVRng">2895.38133333333</dst>
            <dst id="HSTNng">765.541333333333</dst>
            <dst id="IPLSng">18470.3013333333</dst>
            <dst id="KSCYng">2772.456</dst>
            <dst id="LOSAng">20574.0413333333</dst>
            <dst id="NYCMng">9645.80533333333</dst>
            <dst id="SNVAng">545.052</dst>
            <dst id="STTLng">9376.544</dst>
            <dst id="WASHng">57979.816</dst>
        </src>
        <src id="CHINng">
            <dst id="ATLA-M5">783.389333333333</dst>
            <dst id="ATLAng">14293.5733333333</dst>
            <dst id="CHINng">95333.2986666667</dst>
            <dst id="DNVRng">14476.8293333333</dst>
            <dst id="HSTNng">6613.69333333333</dst>
            <dst id="IPLSng">41167.96</dst>
            <dst id="KSCYng">10656.832</dst>
            <dst id="LOSAng">34873.1413333333</dst>
            <dst id="NYCMng">10977.808</dst>
            <dst id="SNVAng">4517.048</dst>
            <dst id="STTLng">14522.7253333333</dst>
            <dst id="WASHng">16945.848</dst>
        </src>
        <src id="DNVRng">
            <dst id="ATLA-M5">187.594666666667</dst>
            <dst id="ATLAng">3467.78933333333</dst>
            <dst id="CHINng">89008.6746666667</dst>
            <dst id="DNVRng">11675.208</dst>
            <dst id="HSTNng">11079.8346666667</dst>
            <dst id="IPLSng">9918.36</dst>
            <dst id="KSCYng">15338.832</dst>
            <dst id="LOSAng">6957.672</dst>
            <dst id="NYCMng">9289.39466666667</dst>
            <dst id="SNVAng">11951.0853333333</dst>
            <dst id="STTLng">19229.528</dst>
            <dst id="WASHng">20189.7946666667</dst>
        </src>
        <src id="HSTNng">
            <dst id="ATLA-M5">2453.22666666667</dst>
            <dst id="ATLAng">4049.04533333333</dst>
            <dst id="CHINng">20160.4266666667</dst>
            <dst id="DNVRng">909.424</dst>
            <dst id="HSTNng">14370.4933333333</dst>
            <dst id="IPLSng">2519.696</dst>
            <dst id="KSCYng">6786.624</dst>
            <dst id="LOSAng">4967.76266666667</dst>
            <dst id="NYCMng">1691.53333333333</dst>
            <dst id="SNVAng">329.882666666667</dst>
            <dst id="STTLng">3739.48533333333</dst>
            <dst id="WASHng">4477.58933333333</dst>
        </src>
        <src id="IPLSng">
            <dst id="ATLA-M5">585.181333333333</dst>
            <dst id="ATLAng">5949.2</dst>
            <dst id="CHINng">55732.4346666667</dst>
            <dst id="DNVRng">17651.7173333333</dst>
            <dst id="HSTNng">437.546666666667</dst>
            <dst id="IPLSng">15073.6613333333</dst>
            <dst id="KSCYng">6111.68266666667</dst>
            <dst id="LOSAng">16414.2933333333</dst>
            <dst id="NYCMng">10633.3093333333</dst>
            <dst id="SNVAng">449.098666666667</dst>
            <dst id="STTLng">17419.0426666667</dst>
            <dst id="WASHng">10713.4693333333</dst>
        </src>
        <src id="KSCYng">
            <dst id="ATLA-M5">115.282666666667</dst>
            <dst id="ATLAng">3832.60266666667</dst>
            <dst id="CHINng">18250.0506666667</dst>
            <dst id="DNVRng">8956.30666666667</dst>
            <dst id="HSTNng">3308.49866666667</dst>
            <dst id="IPLSng">16562.56</dst>
            <dst id="KSCYng">14867.1306666667</dst>
            <dst id="LOSAng">4426.66933333333</dst>
            <dst id="NYCMng">5614.67466666667</dst>
            <dst id="SNVAng">2909.28533333333</dst>
            <dst id="STTLng">5642.42133333333</dst>
            <dst id="WASHng">11696.7946666667</dst>
        </src>
        <src id="LOSAng">
            <dst id="ATLA-M5">147.330666666667</dst>
            <dst id="ATLAng">7456.65066666667</dst>
            <dst id="CHINng">6515060.8</dst>
            <dst id="DNVRng">20221.9573333333</dst>
            <dst id="HSTNng">4027.53866666667</dst>
            <dst id="IPLSng">7560.64266666667</dst>
            <dst id="KSCYng">3818.22933333333</dst>
            <dst id="LOSAng">16477.7573333333</dst>
            <dst id="NYCMng">50192.0693333333</dst>
            <dst id="SNVAng">20439.0186666667</dst>
            <dst id="STTLng">54354.0453333333</dst>
            <dst id="WASHng">38608.088</dst>
        </src>
        <src id="NYCMng">
            <dst id="ATLA-M5">922.176</dst>
            <dst id="ATLAng">17046.4133333333</dst>
            <dst id="CHINng">32089.896</dst>
            <dst id="DNVRng">16582.8933333333</dst>
            <dst id="HSTNng">8940.728</dst>
            <dst id="IPLSng">13949.464</dst>
            <dst id="KSCYng">6492.61066666667</dst>
            <dst id="LOSAng">54412.5146666667</dst>
            <dst id="NYCMng">113138.045333333</dst>
            <dst id="SNVAng">1839.87466666667</dst>
            <dst id="STTLng">23759.8773333333</dst>
            <dst id="WASHng">56844.2213333333</dst>
        </src>
        <src id="SNVAng">
            <dst id="ATLA-M5">0</dst>
            <dst id="ATLAng">176.389333333333</dst>
            <dst id="CHINng">110.176</dst>
            <dst id="DNVRng">11020.3866666667</dst>
            <dst id="HSTNng">0</dst>
            <dst id="IPLSng">3889.44</dst>
            <dst id="KSCYng">26.6666666666667</dst>
            <dst id="LOSAng">8785.11733333333</dst>
            <dst id="NYCMng">26.6666666666667</dst>
            <dst id="SNVAng">9201.104</dst>
            <dst id="STTLng">19578.4026666667</dst>
            <dst id="WASHng">53.3333333333333</dst>
        </src>
        <src id="STTLng">
            <dst id="ATLA-M5">204.874666666667</dst>
            <dst id="ATLAng">11510.3386666667</dst>
            <dst id="CHINng">35880.7093333333</dst>
            <dst id="DNVRng">7296.77866666667</dst>
            <dst id="HSTNng">4474.064</dst>
            <dst id="IPLSng">13730.2906666667</dst>
            <dst id="KSCYng">4045.46133333333</dst>
            <dst id="LOSAng">36150.6986666667</dst>
            <dst id="NYCMng">7816.24</dst>
            <dst id="SNVAng">1415.60266666667</dst>
            <dst id="STTLng">21675.0533333333</dst>
            <dst id="WASHng">8450.62666666667</dst>
        </src>
        <src id="WASHng">
            <dst id="ATLA-M5">973.992</dst>
            <dst id="ATLAng">106595.357333333</dst>
            <dst id="CHINng">82286.656</dst>
            <dst id="DNVRng">65232.9573333333</dst>
            <dst id="HSTNng">30447.2106666667</dst>
            <dst id="IPLSng">38965.4426666667</dst>
            <dst id="KSCYng">23668.624</dst>
            <dst id="LOSAng">61924.8693333333</dst>
            <dst id="NYCMng">154556.498666667</dst>
            <dst id="SNVAng">1020.93066666667</dst>
            <dst id="STTLng">38082.048</dst>
            <dst id="WASHng">274186.453333333</dst>
        </src>
    </IntraTM>
</TrafficMatrixFile>
