<?xml version="1.0" encoding="ISO-8859-1" standalone="yes"?>
<TrafficMatrixFile xsi:noNamespaceSchemaLocation="http://totem.run.montefiore.ulg.ac.be/Schema/TrafficMatrix-v1_2.xsd" xmlns:xsi="http://www.w3.org/2001/XMLSchema-instance">
    <IntraTM ASID="11537">
        <src id="ATLA-M5">
            <dst id="ATLA-M5">26.6666666666667</dst>
            <dst id="ATLAng">731.082666666667</dst>
            <dst id="CHINng">29836.5813333333</dst>
            <dst id="DNVRng">53.3333333333333</dst>
            <dst id="HSTNng">232.674666666667</dst>
            <dst id="IPLSng">2243.78933333333</dst>
            <dst id="KSCYng">551.136</dst>
            <dst id="LOSAng">0</dst>
            <dst id="NYCMng">1400.72</dst>
            <dst id="SNVAng">0</dst>
            <dst id="STTLng">712.36</dst>
            <dst id="WASHng">23763.648</dst>
        </src>
        <src id="ATLAng">
            <dst id="ATLA-M5">160.773333333333</dst>
            <dst id="ATLAng">41492.896</dst>
            <dst id="CHINng">19904.3386666667</dst>
            <dst id="DNVRng">9781.14666666667</dst>
            <dst id="HSTNng">7582.62933333333</dst>
            <dst id="IPLSng">26744.0986666667</dst>
            <dst id="KSCYng">6095.51733333333</dst>
            <dst id="LOSAng">13413.1706666667</dst>
            <dst id="NYCMng">10542.608</dst>
            <dst id="SNVAng">2191.296</dst>
            <dst id="STTLng">12418.7946666667</dst>
            <dst id="WASHng">41867.904</dst>
        </src>
        <src id="CHINng">
            <dst id="ATLA-M5">1051.44533333333</dst>
            <dst id="ATLAng">34816.0346666667</dst>
            <dst id="CHINng">178490.816</dst>
            <dst id="DNVRng">16101.0773333333</dst>
            <dst id="HSTNng">20389.9706666667</dst>
            <dst id="IPLSng">61499.6853333333</dst>
            <dst id="KSCYng">21762.9493333333</dst>
            <dst id="LOSAng">45239.1573333333</dst>
            <dst id="NYCMng">18366.0826666667</dst>
            <dst id="SNVAng">5046.41866666667</dst>
            <dst id="STTLng">29686.1626666667</dst>
            <dst id="WASHng">38920.2586666667</dst>
        </src>
        <src id="DNVRng">
            <dst id="ATLA-M5">644.602666666667</dst>
            <dst id="ATLAng">8225.50133333333</dst>
            <dst id="CHINng">33028.9066666667</dst>
            <dst id="DNVRng">15224.8746666667</dst>
            <dst id="HSTNng">16853.6106666667</dst>
            <dst id="IPLSng">12168.4</dst>
            <dst id="KSCYng">29706.3253333333</dst>
            <dst id="LOSAng">11883.7146666667</dst>
            <dst id="NYCMng">10415.9173333333</dst>
            <dst id="SNVAng">21000.408</dst>
            <dst id="STTLng">57959.7333333334</dst>
            <dst id="WASHng">25869.6133333333</dst>
        </src>
        <src id="HSTNng">
            <dst id="ATLA-M5">3292.296</dst>
            <dst id="ATLAng">4822.34133333333</dst>
            <dst id="CHINng">27809.392</dst>
            <dst id="DNVRng">2018.88</dst>
            <dst id="HSTNng">16264.352</dst>
            <dst id="IPLSng">5722.80266666667</dst>
            <dst id="KSCYng">11034.2053333333</dst>
            <dst id="LOSAng">7928.91733333333</dst>
            <dst id="NYCMng">2514.92533333333</dst>
            <dst id="SNVAng">53.3333333333333</dst>
            <dst id="STTLng">8153.99733333333</dst>
            <dst id="WASHng">14536.1093333333</dst>
        </src>
        <src id="IPLSng">
            <dst id="ATLA-M5">546.512</dst>
            <dst id="ATLAng">16555.784</dst>
            <dst id="CHINng">57599.3493333333</dst>
            <dst id="DNVRng">8663.32533333333</dst>
            <dst id="HSTNng">4619.272</dst>
            <dst id="IPLSng">14627.648</dst>
            <dst id="KSCYng">9160.49066666667</dst>
            <dst id="LOSAng">24679.704</dst>
            <dst id="NYCMng">9012.95466666667</dst>
            <dst id="SNVAng">4750.51733333333</dst>
            <dst id="STTLng">25668.8853333333</dst>
            <dst id="WASHng">20246.832</dst>
        </src>
        <src id="KSCYng">
            <dst id="ATLA-M5">782.882666666667</dst>
            <dst id="ATLAng">7649.13066666667</dst>
            <dst id="CHINng">27100.1173333333</dst>
            <dst id="DNVRng">9803.34666666667</dst>
            <dst id="HSTNng">6703.4</dst>
            <dst id="IPLSng">24503.64</dst>
            <dst id="KSCYng">20127.4613333333</dst>
            <dst id="LOSAng">10930.936</dst>
            <dst id="NYCMng">4712.85066666667</dst>
            <dst id="SNVAng">3050.05866666667</dst>
            <dst id="STTLng">13077.2986666667</dst>
            <dst id="WASHng">14123.424</dst>
        </src>
        <src id="LOSAng">
            <dst id="ATLA-M5">403.592</dst>
            <dst id="ATLAng">12407.9626666667</dst>
            <dst id="CHINng">123237.168</dst>
            <dst id="DNVRng">35916.1306666667</dst>
            <dst id="HSTNng">7821.768</dst>
            <dst id="IPLSng">42297.0266666667</dst>
            <dst id="KSCYng">12244.6186666667</dst>
            <dst id="LOSAng">20051.0346666667</dst>
            <dst id="NYCMng">42361.1413333333</dst>
            <dst id="SNVAng">19004.104</dst>
            <dst id="STTLng">63853.0906666667</dst>
            <dst id="WASHng">57909.968</dst>
        </src>
        <src id="NYCMng">
            <dst id="ATLA-M5">2404.34666666667</dst>
            <dst id="ATLAng">34403.7333333333</dst>
            <dst id="CHINng">38090.6266666667</dst>
            <dst id="DNVRng">22787.5493333333</dst>
            <dst id="HSTNng">10257.08</dst>
            <dst id="IPLSng">28571.2773333333</dst>
            <dst id="KSCYng">9357.48266666667</dst>
            <dst id="LOSAng">67848.9733333333</dst>
            <dst id="NYCMng">77316.2933333333</dst>
            <dst id="SNVAng">6512.176</dst>
            <dst id="STTLng">26292.5866666667</dst>
            <dst id="WASHng">108588.672</dst>
        </src>
        <src id="SNVAng">
            <dst id="ATLA-M5">28</dst>
            <dst id="ATLAng">688.234666666667</dst>
            <dst id="CHINng">80</dst>
            <dst id="DNVRng">5700.824</dst>
            <dst id="HSTNng">32.7626666666667</dst>
            <dst id="IPLSng">430.618666666667</dst>
            <dst id="KSCYng">53.3333333333333</dst>
            <dst id="LOSAng">6978.82666666667</dst>
            <dst id="NYCMng">412.293333333333</dst>
            <dst id="SNVAng">7268.78933333333</dst>
            <dst id="STTLng">18649.1946666667</dst>
            <dst id="WASHng">53.3333333333333</dst>
        </src>
        <src id="STTLng">
            <dst id="ATLA-M5">2066.73066666667</dst>
            <dst id="ATLAng">27323.7706666667</dst>
            <dst id="CHINng">34237.808</dst>
            <dst id="DNVRng">19917.0666666667</dst>
            <dst id="HSTNng">15529.7093333333</dst>
            <dst id="IPLSng">33745.296</dst>
            <dst id="KSCYng">20784.136</dst>
            <dst id="LOSAng">46177.056</dst>
            <dst id="NYCMng">12793.3413333333</dst>
            <dst id="SNVAng">4591.25866666667</dst>
            <dst id="STTLng">27388.816</dst>
            <dst id="WASHng">39814.2906666667</dst>
        </src>
        <src id="WASHng">
            <dst id="ATLA-M5">2862.92533333333</dst>
            <dst id="ATLAng">75783.4266666667</dst>
            <dst id="CHINng">442019.573333333</dst>
            <dst id="DNVRng">78995.9733333333</dst>
            <dst id="HSTNng">23142.1813333333</dst>
            <dst id="IPLSng">60474.1226666667</dst>
            <dst id="KSCYng">36140.9226666667</dst>
            <dst id="LOSAng">75710.3466666667</dst>
            <dst id="NYCMng">181355.325333333</dst>
            <dst id="SNVAng">9014.808</dst>
            <dst id="STTLng">62333.1466666667</dst>
            <dst id="WASHng">477954.826666667</dst>
        </src>
    </IntraTM>
</TrafficMatrixFile>
