<?xml version="1.0" encoding="ISO-8859-1" standalone="yes"?>
<TrafficMatrixFile xsi:noNamespaceSchemaLocation="http://totem.run.montefiore.ulg.ac.be/Schema/TrafficMatrix-v1_2.xsd" xmlns:xsi="http://www.w3.org/2001/XMLSchema-instance">
    <IntraTM ASID="11537">
        <src id="ATLA-M5">
            <dst id="ATLA-M5">0</dst>
            <dst id="ATLAng">172.474666666667</dst>
            <dst id="CHINng">428.714666666667</dst>
            <dst id="DNVRng">26.6666666666667</dst>
            <dst id="HSTNng">93.9413333333333</dst>
            <dst id="IPLSng">334.216</dst>
            <dst id="KSCYng">53.3333333333333</dst>
            <dst id="LOSAng">0</dst>
            <dst id="NYCMng">80</dst>
            <dst id="SNVAng">26.6666666666667</dst>
            <dst id="STTLng">312.44</dst>
            <dst id="WASHng">2010.23733333333</dst>
        </src>
        <src id="ATLAng">
            <dst id="ATLA-M5">259.04</dst>
            <dst id="ATLAng">31465.4266666667</dst>
            <dst id="CHINng">8551.65066666667</dst>
            <dst id="DNVRng">965.013333333333</dst>
            <dst id="HSTNng">1348.77066666667</dst>
            <dst id="IPLSng">16576.5413333333</dst>
            <dst id="KSCYng">1787.19466666667</dst>
            <dst id="LOSAng">11270.94</dst>
            <dst id="NYCMng">5488.62666666667</dst>
            <dst id="SNVAng">952.457333333333</dst>
            <dst id="STTLng">9428.14666666667</dst>
            <dst id="WASHng">37920.88</dst>
        </src>
        <src id="CHINng">
            <dst id="ATLA-M5">399.826666666667</dst>
            <dst id="ATLAng">18018.48</dst>
            <dst id="CHINng">92176.3706666667</dst>
            <dst id="DNVRng">21178.7546666667</dst>
            <dst id="HSTNng">8889.48</dst>
            <dst id="IPLSng">43328.5653333333</dst>
            <dst id="KSCYng">6577.04266666667</dst>
            <dst id="LOSAng">33351.4906666667</dst>
            <dst id="NYCMng">8520.56</dst>
            <dst id="SNVAng">3709.23466666667</dst>
            <dst id="STTLng">18481.208</dst>
            <dst id="WASHng">22735.528</dst>
        </src>
        <src id="DNVRng">
            <dst id="ATLA-M5">159.253333333333</dst>
            <dst id="ATLAng">2307.472</dst>
            <dst id="CHINng">29759.4986666667</dst>
            <dst id="DNVRng">7103.58133333333</dst>
            <dst id="HSTNng">8350.38933333334</dst>
            <dst id="IPLSng">27701.7653333333</dst>
            <dst id="KSCYng">10516.3093333333</dst>
            <dst id="LOSAng">45409.4693333333</dst>
            <dst id="NYCMng">4591.15733333333</dst>
            <dst id="SNVAng">4634.18133333333</dst>
            <dst id="STTLng">12482.7413333333</dst>
            <dst id="WASHng">16922.9466666667</dst>
        </src>
        <src id="HSTNng">
            <dst id="ATLA-M5">5328.34133333333</dst>
            <dst id="ATLAng">2933.8</dst>
            <dst id="CHINng">12844.6773333333</dst>
            <dst id="DNVRng">700.194666666666</dst>
            <dst id="HSTNng">17809.7493333333</dst>
            <dst id="IPLSng">2261.43466666667</dst>
            <dst id="KSCYng">5618.81866666667</dst>
            <dst id="LOSAng">5362.89866666667</dst>
            <dst id="NYCMng">2950.58133333333</dst>
            <dst id="SNVAng">176.629333333333</dst>
            <dst id="STTLng">3597.00533333333</dst>
            <dst id="WASHng">2860.424</dst>
        </src>
        <src id="IPLSng">
            <dst id="ATLA-M5">320.853333333333</dst>
            <dst id="ATLAng">9349.73066666667</dst>
            <dst id="CHINng">78727.6666666667</dst>
            <dst id="DNVRng">4681.36533333333</dst>
            <dst id="HSTNng">874.52</dst>
            <dst id="IPLSng">21151.04</dst>
            <dst id="KSCYng">11974.52</dst>
            <dst id="LOSAng">55560.904</dst>
            <dst id="NYCMng">10595.16</dst>
            <dst id="SNVAng">245.013333333333</dst>
            <dst id="STTLng">27577.288</dst>
            <dst id="WASHng">22009.568</dst>
        </src>
        <src id="KSCYng">
            <dst id="ATLA-M5">26.6666666666667</dst>
            <dst id="ATLAng">5809.33333333333</dst>
            <dst id="CHINng">25041.64</dst>
            <dst id="DNVRng">6286.91733333333</dst>
            <dst id="HSTNng">14793.0693333333</dst>
            <dst id="IPLSng">13213.8506666667</dst>
            <dst id="KSCYng">10826.4746666667</dst>
            <dst id="LOSAng">4891.18933333333</dst>
            <dst id="NYCMng">2692.35733333333</dst>
            <dst id="SNVAng">2247.81066666667</dst>
            <dst id="STTLng">5846.58133333333</dst>
            <dst id="WASHng">10871.6293333333</dst>
        </src>
        <src id="LOSAng">
            <dst id="ATLA-M5">251.328</dst>
            <dst id="ATLAng">5403.064</dst>
            <dst id="CHINng">113323.432</dst>
            <dst id="DNVRng">6784.68266666667</dst>
            <dst id="HSTNng">3739.74666666667</dst>
            <dst id="IPLSng">10580.3013333333</dst>
            <dst id="KSCYng">2286.72266666667</dst>
            <dst id="LOSAng">17631.0826666667</dst>
            <dst id="NYCMng">44574.4453333333</dst>
            <dst id="SNVAng">17985.0373333333</dst>
            <dst id="STTLng">51281.3653333333</dst>
            <dst id="WASHng">44996.112</dst>
        </src>
        <src id="NYCMng">
            <dst id="ATLA-M5">349.330666666667</dst>
            <dst id="ATLAng">36413.3013333333</dst>
            <dst id="CHINng">35407.9173333333</dst>
            <dst id="DNVRng">8683.912</dst>
            <dst id="HSTNng">3283.016</dst>
            <dst id="IPLSng">12923.752</dst>
            <dst id="KSCYng">3813.90933333333</dst>
            <dst id="LOSAng">50409.32</dst>
            <dst id="NYCMng">82621.736</dst>
            <dst id="SNVAng">1640.10133333333</dst>
            <dst id="STTLng">28889.2853333333</dst>
            <dst id="WASHng">48356.2613333333</dst>
        </src>
        <src id="SNVAng">
            <dst id="ATLA-M5">0</dst>
            <dst id="ATLAng">335.848</dst>
            <dst id="CHINng">26.6666666666667</dst>
            <dst id="DNVRng">662.978666666667</dst>
            <dst id="HSTNng">0</dst>
            <dst id="IPLSng">319.909333333333</dst>
            <dst id="KSCYng">0</dst>
            <dst id="LOSAng">9548.60533333333</dst>
            <dst id="NYCMng">36.8266666666667</dst>
            <dst id="SNVAng">7728.568</dst>
            <dst id="STTLng">13480.384</dst>
            <dst id="WASHng">80</dst>
        </src>
        <src id="STTLng">
            <dst id="ATLA-M5">284.184</dst>
            <dst id="ATLAng">18253.5866666667</dst>
            <dst id="CHINng">34750.4933333333</dst>
            <dst id="DNVRng">2315.94133333333</dst>
            <dst id="HSTNng">2834.86933333333</dst>
            <dst id="IPLSng">18523.3333333333</dst>
            <dst id="KSCYng">6549.53866666667</dst>
            <dst id="LOSAng">32932.488</dst>
            <dst id="NYCMng">15390.536</dst>
            <dst id="SNVAng">1036.25866666667</dst>
            <dst id="STTLng">17999.8773333333</dst>
            <dst id="WASHng">29000.8666666667</dst>
        </src>
        <src id="WASHng">
            <dst id="ATLA-M5">301.218666666667</dst>
            <dst id="ATLAng">113819.837333333</dst>
            <dst id="CHINng">52828.2933333333</dst>
            <dst id="DNVRng">58020.92</dst>
            <dst id="HSTNng">30573.24</dst>
            <dst id="IPLSng">31273.6053333333</dst>
            <dst id="KSCYng">29708.9253333333</dst>
            <dst id="LOSAng">66661.7333333333</dst>
            <dst id="NYCMng">108198.378666667</dst>
            <dst id="SNVAng">887.533333333333</dst>
            <dst id="STTLng">48979.8933333333</dst>
            <dst id="WASHng">276364.24</dst>
        </src>
    </IntraTM>
</TrafficMatrixFile>
