<?xml version="1.0" encoding="ISO-8859-1" standalone="yes"?>
<TrafficMatrixFile xsi:noNamespaceSchemaLocation="http://totem.run.montefiore.ulg.ac.be/Schema/TrafficMatrix-v1_2.xsd" xmlns:xsi="http://www.w3.org/2001/XMLSchema-instance">
    <IntraTM ASID="11537">
        <src id="ATLA-M5">
            <dst id="ATLA-M5">73.6346666666667</dst>
            <dst id="ATLAng">631.616</dst>
            <dst id="CHINng">1099.536</dst>
            <dst id="DNVRng">351.936</dst>
            <dst id="HSTNng">421.968</dst>
            <dst id="IPLSng">2856.54933333333</dst>
            <dst id="KSCYng">800.210666666667</dst>
            <dst id="LOSAng">236.149333333333</dst>
            <dst id="NYCMng">2160.53866666667</dst>
            <dst id="SNVAng">33.9386666666667</dst>
            <dst id="STTLng">596.384</dst>
            <dst id="WASHng">2798.344</dst>
        </src>
        <src id="ATLAng">
            <dst id="ATLA-M5">373.306666666667</dst>
            <dst id="ATLAng">46154.4693333333</dst>
            <dst id="CHINng">22365.0266666667</dst>
            <dst id="DNVRng">4897.112</dst>
            <dst id="HSTNng">6019.264</dst>
            <dst id="IPLSng">18089.0586666667</dst>
            <dst id="KSCYng">5872.58133333333</dst>
            <dst id="LOSAng">17723.236</dst>
            <dst id="NYCMng">9100.656</dst>
            <dst id="SNVAng">881.361333333333</dst>
            <dst id="STTLng">15341</dst>
            <dst id="WASHng">30301.664</dst>
        </src>
        <src id="CHINng">
            <dst id="ATLA-M5">2711.88266666667</dst>
            <dst id="ATLAng">612492.293333333</dst>
            <dst id="CHINng">93434.3333333333</dst>
            <dst id="DNVRng">18236.1573333333</dst>
            <dst id="HSTNng">20085.32</dst>
            <dst id="IPLSng">50372.5413333333</dst>
            <dst id="KSCYng">17000.9733333333</dst>
            <dst id="LOSAng">50943.8613333333</dst>
            <dst id="NYCMng">17583.1946666667</dst>
            <dst id="SNVAng">6409.66933333333</dst>
            <dst id="STTLng">21748.2453333333</dst>
            <dst id="WASHng">48895.6693333333</dst>
        </src>
        <src id="DNVRng">
            <dst id="ATLA-M5">258.749333333333</dst>
            <dst id="ATLAng">8205.53333333333</dst>
            <dst id="CHINng">70358.1866666667</dst>
            <dst id="DNVRng">33254.6746666667</dst>
            <dst id="HSTNng">17993.7173333333</dst>
            <dst id="IPLSng">21521.3386666667</dst>
            <dst id="KSCYng">23729.04</dst>
            <dst id="LOSAng">18126.352</dst>
            <dst id="NYCMng">18138.864</dst>
            <dst id="SNVAng">15699.296</dst>
            <dst id="STTLng">35842.8346666667</dst>
            <dst id="WASHng">22886.72</dst>
        </src>
        <src id="HSTNng">
            <dst id="ATLA-M5">3143.51466666667</dst>
            <dst id="ATLAng">9048.904</dst>
            <dst id="CHINng">15322.7333333333</dst>
            <dst id="DNVRng">1696.85333333333</dst>
            <dst id="HSTNng">20470.776</dst>
            <dst id="IPLSng">11728.3306666667</dst>
            <dst id="KSCYng">13834.9466666667</dst>
            <dst id="LOSAng">7422.75733333333</dst>
            <dst id="NYCMng">3245.45866666667</dst>
            <dst id="SNVAng">228.578666666667</dst>
            <dst id="STTLng">6728.30933333333</dst>
            <dst id="WASHng">30144.1946666667</dst>
        </src>
        <src id="IPLSng">
            <dst id="ATLA-M5">487.077333333333</dst>
            <dst id="ATLAng">13796.5546666667</dst>
            <dst id="CHINng">48324.456</dst>
            <dst id="DNVRng">9066.48266666667</dst>
            <dst id="HSTNng">4652.30133333333</dst>
            <dst id="IPLSng">11340.4933333333</dst>
            <dst id="KSCYng">12104.4533333333</dst>
            <dst id="LOSAng">17731.136</dst>
            <dst id="NYCMng">8411.09333333333</dst>
            <dst id="SNVAng">811.285333333333</dst>
            <dst id="STTLng">32131.984</dst>
            <dst id="WASHng">20736.9973333333</dst>
        </src>
        <src id="KSCYng">
            <dst id="ATLA-M5">638.154666666667</dst>
            <dst id="ATLAng">7763.384</dst>
            <dst id="CHINng">24704.984</dst>
            <dst id="DNVRng">9151.20533333334</dst>
            <dst id="HSTNng">5025.67733333333</dst>
            <dst id="IPLSng">25529.6346666667</dst>
            <dst id="KSCYng">23040.2586666667</dst>
            <dst id="LOSAng">5123.50933333333</dst>
            <dst id="NYCMng">6230.552</dst>
            <dst id="SNVAng">3818.25866666667</dst>
            <dst id="STTLng">12956.8693333333</dst>
            <dst id="WASHng">20586.7466666667</dst>
        </src>
        <src id="LOSAng">
            <dst id="ATLA-M5">233.970666666667</dst>
            <dst id="ATLAng">14865.0826666667</dst>
            <dst id="CHINng">6472626.13333333</dst>
            <dst id="DNVRng">29239.2613333333</dst>
            <dst id="HSTNng">10633.0986666667</dst>
            <dst id="IPLSng">31092.976</dst>
            <dst id="KSCYng">5475.32266666667</dst>
            <dst id="LOSAng">14069.7146666667</dst>
            <dst id="NYCMng">47822.2373333333</dst>
            <dst id="SNVAng">19220.1946666667</dst>
            <dst id="STTLng">65674.056</dst>
            <dst id="WASHng">57459.136</dst>
        </src>
        <src id="NYCMng">
            <dst id="ATLA-M5">1098.63466666667</dst>
            <dst id="ATLAng">25385.3493333333</dst>
            <dst id="CHINng">26964.9973333333</dst>
            <dst id="DNVRng">18162.5893333333</dst>
            <dst id="HSTNng">19536.3306666667</dst>
            <dst id="IPLSng">26804.8933333333</dst>
            <dst id="KSCYng">10230.4693333333</dst>
            <dst id="LOSAng">73548.0026666667</dst>
            <dst id="NYCMng">75843.8346666667</dst>
            <dst id="SNVAng">4093.86133333333</dst>
            <dst id="STTLng">22797.1893333333</dst>
            <dst id="WASHng">86256.4</dst>
        </src>
        <src id="SNVAng">
            <dst id="ATLA-M5">26.6666666666667</dst>
            <dst id="ATLAng">26.6666666666667</dst>
            <dst id="CHINng">0</dst>
            <dst id="DNVRng">3820.89866666667</dst>
            <dst id="HSTNng">26.6666666666667</dst>
            <dst id="IPLSng">472.610666666667</dst>
            <dst id="KSCYng">0</dst>
            <dst id="LOSAng">9549.63733333333</dst>
            <dst id="NYCMng">346.485333333333</dst>
            <dst id="SNVAng">9700.63466666667</dst>
            <dst id="STTLng">23491.088</dst>
            <dst id="WASHng">125.082666666667</dst>
        </src>
        <src id="STTLng">
            <dst id="ATLA-M5">1297.83466666667</dst>
            <dst id="ATLAng">27367.3386666667</dst>
            <dst id="CHINng">39723.3813333333</dst>
            <dst id="DNVRng">18938.0346666667</dst>
            <dst id="HSTNng">16577.936</dst>
            <dst id="IPLSng">37962.4426666667</dst>
            <dst id="KSCYng">22806.664</dst>
            <dst id="LOSAng">43398.2053333333</dst>
            <dst id="NYCMng">12702.9626666667</dst>
            <dst id="SNVAng">5746.93866666667</dst>
            <dst id="STTLng">26297.5466666667</dst>
            <dst id="WASHng">47133.7173333333</dst>
        </src>
        <src id="WASHng">
            <dst id="ATLA-M5">599.672</dst>
            <dst id="ATLAng">99436.8266666667</dst>
            <dst id="CHINng">85224.1893333333</dst>
            <dst id="DNVRng">56939.392</dst>
            <dst id="HSTNng">24524.3653333333</dst>
            <dst id="IPLSng">52740.1626666666</dst>
            <dst id="KSCYng">29281.336</dst>
            <dst id="LOSAng">99517.4026666667</dst>
            <dst id="NYCMng">212920.152</dst>
            <dst id="SNVAng">4559.22666666667</dst>
            <dst id="STTLng">56053.1173333333</dst>
            <dst id="WASHng">242777.365333333</dst>
        </src>
    </IntraTM>
</TrafficMatrixFile>
