<?xml version="1.0" encoding="ISO-8859-1" standalone="yes"?>
<TrafficMatrixFile xsi:noNamespaceSchemaLocation="http://totem.run.montefiore.ulg.ac.be/Schema/TrafficMatrix-v1_2.xsd" xmlns:xsi="http://www.w3.org/2001/XMLSchema-instance">
    <IntraTM ASID="11537">
        <src id="ATLA-M5">
            <dst id="ATLA-M5">0</dst>
            <dst id="ATLAng">383.858666666667</dst>
            <dst id="CHINng">2382.592</dst>
            <dst id="DNVRng">239.56</dst>
            <dst id="HSTNng">226.36</dst>
            <dst id="IPLSng">454.613333333333</dst>
            <dst id="KSCYng">1213.93333333333</dst>
            <dst id="LOSAng">463.033333333333</dst>
            <dst id="NYCMng">1529.68</dst>
            <dst id="SNVAng">32.4973333333333</dst>
            <dst id="STTLng">381.666666666667</dst>
            <dst id="WASHng">1513.312</dst>
        </src>
        <src id="ATLAng">
            <dst id="ATLA-M5">148.976</dst>
            <dst id="ATLAng">36181.0613333333</dst>
            <dst id="CHINng">20309.808</dst>
            <dst id="DNVRng">7156.232</dst>
            <dst id="HSTNng">7392.28266666667</dst>
            <dst id="IPLSng">21536.064</dst>
            <dst id="KSCYng">6775.00533333333</dst>
            <dst id="LOSAng">9517.09866666666</dst>
            <dst id="NYCMng">11705.3253333333</dst>
            <dst id="SNVAng">1614.08266666667</dst>
            <dst id="STTLng">8240.4</dst>
            <dst id="WASHng">47800.0746666667</dst>
        </src>
        <src id="CHINng">
            <dst id="ATLA-M5">1942.07466666667</dst>
            <dst id="ATLAng">18636.3573333333</dst>
            <dst id="CHINng">212163.8</dst>
            <dst id="DNVRng">12878.1706666667</dst>
            <dst id="HSTNng">16559.1653333333</dst>
            <dst id="IPLSng">48851.0133333333</dst>
            <dst id="KSCYng">13434.9893333333</dst>
            <dst id="LOSAng">37570.608</dst>
            <dst id="NYCMng">24321.9706666667</dst>
            <dst id="SNVAng">4346.63466666667</dst>
            <dst id="STTLng">19500.4746666667</dst>
            <dst id="WASHng">23771.1253333333</dst>
        </src>
        <src id="DNVRng">
            <dst id="ATLA-M5">93.5466666666666</dst>
            <dst id="ATLAng">4642.048</dst>
            <dst id="CHINng">38403.6613333333</dst>
            <dst id="DNVRng">9345.54133333333</dst>
            <dst id="HSTNng">15456.9146666667</dst>
            <dst id="IPLSng">9210.01333333333</dst>
            <dst id="KSCYng">17329.4906666667</dst>
            <dst id="LOSAng">7085.81866666667</dst>
            <dst id="NYCMng">11190.2293333333</dst>
            <dst id="SNVAng">10003.0613333333</dst>
            <dst id="STTLng">29002.7973333333</dst>
            <dst id="WASHng">29939.1173333333</dst>
        </src>
        <src id="HSTNng">
            <dst id="ATLA-M5">1017.376</dst>
            <dst id="ATLAng">2254.808</dst>
            <dst id="CHINng">18965.168</dst>
            <dst id="DNVRng">1056.84533333333</dst>
            <dst id="HSTNng">8264.01333333333</dst>
            <dst id="IPLSng">3244.43733333333</dst>
            <dst id="KSCYng">8184.432</dst>
            <dst id="LOSAng">56778.848</dst>
            <dst id="NYCMng">3708.42666666667</dst>
            <dst id="SNVAng">160.290666666667</dst>
            <dst id="STTLng">4380.10933333333</dst>
            <dst id="WASHng">9151.05066666667</dst>
        </src>
        <src id="IPLSng">
            <dst id="ATLA-M5">248.826666666667</dst>
            <dst id="ATLAng">10084.4266666667</dst>
            <dst id="CHINng">63048.808</dst>
            <dst id="DNVRng">6885.38666666667</dst>
            <dst id="HSTNng">2289.20533333333</dst>
            <dst id="IPLSng">17628.6533333333</dst>
            <dst id="KSCYng">5199.97866666667</dst>
            <dst id="LOSAng">12612.3653333333</dst>
            <dst id="NYCMng">13588.2266666667</dst>
            <dst id="SNVAng">1632.976</dst>
            <dst id="STTLng">20720.6693333333</dst>
            <dst id="WASHng">11208.136</dst>
        </src>
        <src id="KSCYng">
            <dst id="ATLA-M5">356.269333333333</dst>
            <dst id="ATLAng">6292.93866666667</dst>
            <dst id="CHINng">34380.3066666667</dst>
            <dst id="DNVRng">8232.64266666666</dst>
            <dst id="HSTNng">3710.62933333333</dst>
            <dst id="IPLSng">13950.096</dst>
            <dst id="KSCYng">6886.39733333333</dst>
            <dst id="LOSAng">5591.88533333333</dst>
            <dst id="NYCMng">16144.488</dst>
            <dst id="SNVAng">2404.52533333333</dst>
            <dst id="STTLng">16621.3653333333</dst>
            <dst id="WASHng">10734.7493333333</dst>
        </src>
        <src id="LOSAng">
            <dst id="ATLA-M5">204.618666666667</dst>
            <dst id="ATLAng">9047.66933333334</dst>
            <dst id="CHINng">79021.968</dst>
            <dst id="DNVRng">8970.24</dst>
            <dst id="HSTNng">2718.8</dst>
            <dst id="IPLSng">21582.7866666667</dst>
            <dst id="KSCYng">4792.97066666667</dst>
            <dst id="LOSAng">11859.6</dst>
            <dst id="NYCMng">26429.592</dst>
            <dst id="SNVAng">17932.7813333333</dst>
            <dst id="STTLng">46035.6693333333</dst>
            <dst id="WASHng">37533.0693333333</dst>
        </src>
        <src id="NYCMng">
            <dst id="ATLA-M5">3469.77866666667</dst>
            <dst id="ATLAng">22255.16</dst>
            <dst id="CHINng">31150.8426666667</dst>
            <dst id="DNVRng">19938.1626666667</dst>
            <dst id="HSTNng">9603.592</dst>
            <dst id="IPLSng">17940.8666666667</dst>
            <dst id="KSCYng">13139.5493333333</dst>
            <dst id="LOSAng">50705.8506666667</dst>
            <dst id="NYCMng">71794.5253333333</dst>
            <dst id="SNVAng">1112.34133333333</dst>
            <dst id="STTLng">23591.696</dst>
            <dst id="WASHng">53722.9946666667</dst>
        </src>
        <src id="SNVAng">
            <dst id="ATLA-M5">0</dst>
            <dst id="ATLAng">0</dst>
            <dst id="CHINng">53.3333333333333</dst>
            <dst id="DNVRng">2261.55466666667</dst>
            <dst id="HSTNng">0</dst>
            <dst id="IPLSng">245.162666666667</dst>
            <dst id="KSCYng">0</dst>
            <dst id="LOSAng">4774.11733333333</dst>
            <dst id="NYCMng">187.013333333333</dst>
            <dst id="SNVAng">5611.36266666667</dst>
            <dst id="STTLng">18516.0746666667</dst>
            <dst id="WASHng">5529.728</dst>
        </src>
        <src id="STTLng">
            <dst id="ATLA-M5">345.802666666667</dst>
            <dst id="ATLAng">11214.184</dst>
            <dst id="CHINng">27212.7146666667</dst>
            <dst id="DNVRng">6971.06133333333</dst>
            <dst id="HSTNng">3264.67733333333</dst>
            <dst id="IPLSng">24093.4693333333</dst>
            <dst id="KSCYng">4792.608</dst>
            <dst id="LOSAng">36671.6586666667</dst>
            <dst id="NYCMng">8716.944</dst>
            <dst id="SNVAng">1789.896</dst>
            <dst id="STTLng">18862.504</dst>
            <dst id="WASHng">18582.0826666667</dst>
        </src>
        <src id="WASHng">
            <dst id="ATLA-M5">3108.25866666667</dst>
            <dst id="ATLAng">92708.8293333333</dst>
            <dst id="CHINng">72327.1413333333</dst>
            <dst id="DNVRng">53027.704</dst>
            <dst id="HSTNng">20864.36</dst>
            <dst id="IPLSng">36582.16</dst>
            <dst id="KSCYng">22820.56</dst>
            <dst id="LOSAng">73774.5306666667</dst>
            <dst id="NYCMng">128268.074666667</dst>
            <dst id="SNVAng">5767.17866666667</dst>
            <dst id="STTLng">63207.5493333333</dst>
            <dst id="WASHng">399617.573333333</dst>
        </src>
    </IntraTM>
</TrafficMatrixFile>
