<?xml version="1.0" encoding="ISO-8859-1" standalone="yes"?>
<TrafficMatrixFile xsi:noNamespaceSchemaLocation="http://totem.run.montefiore.ulg.ac.be/Schema/TrafficMatrix-v1_2.xsd" xmlns:xsi="http://www.w3.org/2001/XMLSchema-instance">
    <IntraTM ASID="11537">
        <src id="ATLA-M5">
            <dst id="ATLA-M5">26.6666666666667</dst>
            <dst id="ATLAng">1077.02666666667</dst>
            <dst id="CHINng">757.341333333333</dst>
            <dst id="DNVRng">404.221333333333</dst>
            <dst id="HSTNng">442.32</dst>
            <dst id="IPLSng">769.272</dst>
            <dst id="KSCYng">1262.35466666667</dst>
            <dst id="LOSAng">1035.41333333333</dst>
            <dst id="NYCMng">1584.94666666667</dst>
            <dst id="SNVAng">75.968</dst>
            <dst id="STTLng">503.322666666667</dst>
            <dst id="WASHng">1369.112</dst>
        </src>
        <src id="ATLAng">
            <dst id="ATLA-M5">482.450666666667</dst>
            <dst id="ATLAng">57800.2933333333</dst>
            <dst id="CHINng">19128.648</dst>
            <dst id="DNVRng">8619.45866666667</dst>
            <dst id="HSTNng">9341.83733333333</dst>
            <dst id="IPLSng">21198.0666666667</dst>
            <dst id="KSCYng">6431.34666666667</dst>
            <dst id="LOSAng">31037.76</dst>
            <dst id="NYCMng">14192.472</dst>
            <dst id="SNVAng">1216.884</dst>
            <dst id="STTLng">14180.624</dst>
            <dst id="WASHng">45757.544</dst>
        </src>
        <src id="CHINng">
            <dst id="ATLA-M5">1948.24</dst>
            <dst id="ATLAng">23792.8426666667</dst>
            <dst id="CHINng">114203.072</dst>
            <dst id="DNVRng">16673.2666666667</dst>
            <dst id="HSTNng">13663.496</dst>
            <dst id="IPLSng">67639.2853333333</dst>
            <dst id="KSCYng">23835.7573333333</dst>
            <dst id="LOSAng">37780.648</dst>
            <dst id="NYCMng">12236.5386666667</dst>
            <dst id="SNVAng">6033.56533333333</dst>
            <dst id="STTLng">22025.7466666667</dst>
            <dst id="WASHng">33327.832</dst>
        </src>
        <src id="DNVRng">
            <dst id="ATLA-M5">372.042666666667</dst>
            <dst id="ATLAng">15371.7973333333</dst>
            <dst id="CHINng">43052.7173333333</dst>
            <dst id="DNVRng">7877.21866666667</dst>
            <dst id="HSTNng">15090.0266666667</dst>
            <dst id="IPLSng">10573.3013333333</dst>
            <dst id="KSCYng">20572.6906666667</dst>
            <dst id="LOSAng">11577.9813333333</dst>
            <dst id="NYCMng">9551.27733333333</dst>
            <dst id="SNVAng">13580.6</dst>
            <dst id="STTLng">57718.168</dst>
            <dst id="WASHng">20321.8586666667</dst>
        </src>
        <src id="HSTNng">
            <dst id="ATLA-M5">2925.98666666667</dst>
            <dst id="ATLAng">3941.728</dst>
            <dst id="CHINng">12674.4</dst>
            <dst id="DNVRng">1607.52533333333</dst>
            <dst id="HSTNng">21010.304</dst>
            <dst id="IPLSng">4607.55466666667</dst>
            <dst id="KSCYng">4840.73066666667</dst>
            <dst id="LOSAng">8785.712</dst>
            <dst id="NYCMng">3217.67733333333</dst>
            <dst id="SNVAng">1251.98133333333</dst>
            <dst id="STTLng">9357.696</dst>
            <dst id="WASHng">10266.848</dst>
        </src>
        <src id="IPLSng">
            <dst id="ATLA-M5">850.437333333333</dst>
            <dst id="ATLAng">11800.696</dst>
            <dst id="CHINng">58070.5973333333</dst>
            <dst id="DNVRng">9422.22666666667</dst>
            <dst id="HSTNng">2829.82933333333</dst>
            <dst id="IPLSng">44669.928</dst>
            <dst id="KSCYng">19228.816</dst>
            <dst id="LOSAng">18246.296</dst>
            <dst id="NYCMng">6699.06133333333</dst>
            <dst id="SNVAng">1911.89066666667</dst>
            <dst id="STTLng">30593.448</dst>
            <dst id="WASHng">49177.7733333333</dst>
        </src>
        <src id="KSCYng">
            <dst id="ATLA-M5">513.869333333333</dst>
            <dst id="ATLAng">6848.04</dst>
            <dst id="CHINng">23430.712</dst>
            <dst id="DNVRng">6918.94666666667</dst>
            <dst id="HSTNng">5236.104</dst>
            <dst id="IPLSng">16123</dst>
            <dst id="KSCYng">8671.752</dst>
            <dst id="LOSAng">11472.112</dst>
            <dst id="NYCMng">4346.12</dst>
            <dst id="SNVAng">2510.74933333333</dst>
            <dst id="STTLng">10257.2426666667</dst>
            <dst id="WASHng">10625.9173333333</dst>
        </src>
        <src id="LOSAng">
            <dst id="ATLA-M5">819.794666666667</dst>
            <dst id="ATLAng">48028.9813333333</dst>
            <dst id="CHINng">97265.288</dst>
            <dst id="DNVRng">18535.6746666667</dst>
            <dst id="HSTNng">27238.984</dst>
            <dst id="IPLSng">42284.3066666667</dst>
            <dst id="KSCYng">4985.17866666667</dst>
            <dst id="LOSAng">11074.392</dst>
            <dst id="NYCMng">38989.12</dst>
            <dst id="SNVAng">28728.072</dst>
            <dst id="STTLng">65179.0933333333</dst>
            <dst id="WASHng">65854.2213333333</dst>
        </src>
        <src id="NYCMng">
            <dst id="ATLA-M5">1735.97866666667</dst>
            <dst id="ATLAng">38137.416</dst>
            <dst id="CHINng">26450.1626666667</dst>
            <dst id="DNVRng">31813.704</dst>
            <dst id="HSTNng">25634.312</dst>
            <dst id="IPLSng">40814.76</dst>
            <dst id="KSCYng">12774.3306666667</dst>
            <dst id="LOSAng">61422.5866666667</dst>
            <dst id="NYCMng">108824.445333333</dst>
            <dst id="SNVAng">6734.92</dst>
            <dst id="STTLng">23902.7946666667</dst>
            <dst id="WASHng">96244.4986666667</dst>
        </src>
        <src id="SNVAng">
            <dst id="ATLA-M5">0</dst>
            <dst id="ATLAng">1076.02666666667</dst>
            <dst id="CHINng">156.288</dst>
            <dst id="DNVRng">4925.48</dst>
            <dst id="HSTNng">261.128</dst>
            <dst id="IPLSng">520.72</dst>
            <dst id="KSCYng">31.2586666666667</dst>
            <dst id="LOSAng">8540.02933333333</dst>
            <dst id="NYCMng">44.8</dst>
            <dst id="SNVAng">8468.944</dst>
            <dst id="STTLng">17500.776</dst>
            <dst id="WASHng">276.002666666667</dst>
        </src>
        <src id="STTLng">
            <dst id="ATLA-M5">899.077333333333</dst>
            <dst id="ATLAng">33411.616</dst>
            <dst id="CHINng">62360.8906666667</dst>
            <dst id="DNVRng">32839.72</dst>
            <dst id="HSTNng">22431.8053333333</dst>
            <dst id="IPLSng">44460.2826666667</dst>
            <dst id="KSCYng">29858.6506666667</dst>
            <dst id="LOSAng">33307.192</dst>
            <dst id="NYCMng">21569.5493333333</dst>
            <dst id="SNVAng">8352.616</dst>
            <dst id="STTLng">43905.3173333333</dst>
            <dst id="WASHng">42912.424</dst>
        </src>
        <src id="WASHng">
            <dst id="ATLA-M5">2078.26133333333</dst>
            <dst id="ATLAng">133753.709333333</dst>
            <dst id="CHINng">82048.4213333333</dst>
            <dst id="DNVRng">92454.9866666666</dst>
            <dst id="HSTNng">22231.9493333333</dst>
            <dst id="IPLSng">74520.4106666667</dst>
            <dst id="KSCYng">24870.7946666667</dst>
            <dst id="LOSAng">81125.2426666667</dst>
            <dst id="NYCMng">221925.802666667</dst>
            <dst id="SNVAng">19010.3333333333</dst>
            <dst id="STTLng">70751.592</dst>
            <dst id="WASHng">199220.573333333</dst>
        </src>
    </IntraTM>
</TrafficMatrixFile>
