<?xml version="1.0" encoding="ISO-8859-1" standalone="yes"?>
<TrafficMatrixFile xsi:noNamespaceSchemaLocation="http://totem.run.montefiore.ulg.ac.be/Schema/TrafficMatrix-v1_2.xsd" xmlns:xsi="http://www.w3.org/2001/XMLSchema-instance">
    <IntraTM ASID="11537">
        <src id="ATLA-M5">
            <dst id="ATLA-M5">801.341333333333</dst>
            <dst id="ATLAng">262.184</dst>
            <dst id="CHINng">852.621333333333</dst>
            <dst id="DNVRng">76.848</dst>
            <dst id="HSTNng">125.744</dst>
            <dst id="IPLSng">1139.656</dst>
            <dst id="KSCYng">141.464</dst>
            <dst id="LOSAng">161.594666666667</dst>
            <dst id="NYCMng">3045.12533333333</dst>
            <dst id="SNVAng">31.4826666666667</dst>
            <dst id="STTLng">889.258666666667</dst>
            <dst id="WASHng">1881.07733333333</dst>
        </src>
        <src id="ATLAng">
            <dst id="ATLA-M5">441.688</dst>
            <dst id="ATLAng">45793.8826666667</dst>
            <dst id="CHINng">17422.2453333333</dst>
            <dst id="DNVRng">5805.97866666667</dst>
            <dst id="HSTNng">2825.25866666667</dst>
            <dst id="IPLSng">23902.2346666667</dst>
            <dst id="KSCYng">2620.23733333333</dst>
            <dst id="LOSAng">20506.356</dst>
            <dst id="NYCMng">9107.976</dst>
            <dst id="SNVAng">660.001333333333</dst>
            <dst id="STTLng">21417.0826666667</dst>
            <dst id="WASHng">57813.272</dst>
        </src>
        <src id="CHINng">
            <dst id="ATLA-M5">217.8</dst>
            <dst id="ATLAng">19561.8666666667</dst>
            <dst id="CHINng">169092.32</dst>
            <dst id="DNVRng">13796.0666666667</dst>
            <dst id="HSTNng">8506.568</dst>
            <dst id="IPLSng">49159.1146666667</dst>
            <dst id="KSCYng">13499.9813333333</dst>
            <dst id="LOSAng">20613.6133333333</dst>
            <dst id="NYCMng">15616.2293333333</dst>
            <dst id="SNVAng">3348.728</dst>
            <dst id="STTLng">29580.304</dst>
            <dst id="WASHng">24026.8773333333</dst>
        </src>
        <src id="DNVRng">
            <dst id="ATLA-M5">305.237333333333</dst>
            <dst id="ATLAng">6841.31466666667</dst>
            <dst id="CHINng">36644.176</dst>
            <dst id="DNVRng">8461.27466666667</dst>
            <dst id="HSTNng">13910.9173333333</dst>
            <dst id="IPLSng">14441.4533333333</dst>
            <dst id="KSCYng">35105.656</dst>
            <dst id="LOSAng">6888.656</dst>
            <dst id="NYCMng">8275.64</dst>
            <dst id="SNVAng">30105.168</dst>
            <dst id="STTLng">11919.2906666667</dst>
            <dst id="WASHng">24176.56</dst>
        </src>
        <src id="HSTNng">
            <dst id="ATLA-M5">2375.59466666667</dst>
            <dst id="ATLAng">4206.33333333333</dst>
            <dst id="CHINng">18929.8373333333</dst>
            <dst id="DNVRng">4085.024</dst>
            <dst id="HSTNng">11900.3973333333</dst>
            <dst id="IPLSng">4602.744</dst>
            <dst id="KSCYng">10738.152</dst>
            <dst id="LOSAng">1967.95733333333</dst>
            <dst id="NYCMng">2742.18133333333</dst>
            <dst id="SNVAng">1031.69066666667</dst>
            <dst id="STTLng">10549.024</dst>
            <dst id="WASHng">7129.09066666667</dst>
        </src>
        <src id="IPLSng">
            <dst id="ATLA-M5">282.458666666667</dst>
            <dst id="ATLAng">9091.944</dst>
            <dst id="CHINng">84199.664</dst>
            <dst id="DNVRng">5572.064</dst>
            <dst id="HSTNng">2658.104</dst>
            <dst id="IPLSng">40110.568</dst>
            <dst id="KSCYng">6228.70666666667</dst>
            <dst id="LOSAng">20438.36</dst>
            <dst id="NYCMng">11557.9706666667</dst>
            <dst id="SNVAng">474.981333333333</dst>
            <dst id="STTLng">30332.3146666667</dst>
            <dst id="WASHng">23309.2586666667</dst>
        </src>
        <src id="KSCYng">
            <dst id="ATLA-M5">97.0373333333334</dst>
            <dst id="ATLAng">6008.95733333333</dst>
            <dst id="CHINng">30767.872</dst>
            <dst id="DNVRng">9956.184</dst>
            <dst id="HSTNng">4822.816</dst>
            <dst id="IPLSng">24312.2506666667</dst>
            <dst id="KSCYng">11563.2746666667</dst>
            <dst id="LOSAng">3241.33333333333</dst>
            <dst id="NYCMng">5175.968</dst>
            <dst id="SNVAng">1863.32</dst>
            <dst id="STTLng">23161.4346666667</dst>
            <dst id="WASHng">11592.0746666667</dst>
        </src>
        <src id="LOSAng">
            <dst id="ATLA-M5">53.3333333333333</dst>
            <dst id="ATLAng">18268.4293333333</dst>
            <dst id="CHINng">91064.312</dst>
            <dst id="DNVRng">5021.33866666667</dst>
            <dst id="HSTNng">4346.66666666667</dst>
            <dst id="IPLSng">20094.2346666667</dst>
            <dst id="KSCYng">10610.1493333333</dst>
            <dst id="LOSAng">8941.15466666667</dst>
            <dst id="NYCMng">34213.976</dst>
            <dst id="SNVAng">20023.1386666667</dst>
            <dst id="STTLng">45496.904</dst>
            <dst id="WASHng">38595.784</dst>
        </src>
        <src id="NYCMng">
            <dst id="ATLA-M5">846.338666666667</dst>
            <dst id="ATLAng">33823.504</dst>
            <dst id="CHINng">34727.7653333333</dst>
            <dst id="DNVRng">20032.1973333333</dst>
            <dst id="HSTNng">14295.3653333333</dst>
            <dst id="IPLSng">21554.9253333333</dst>
            <dst id="KSCYng">16671.8773333333</dst>
            <dst id="LOSAng">41256.016</dst>
            <dst id="NYCMng">132329.472</dst>
            <dst id="SNVAng">3194.09866666667</dst>
            <dst id="STTLng">20171.0906666667</dst>
            <dst id="WASHng">67999.488</dst>
        </src>
        <src id="SNVAng">
            <dst id="ATLA-M5">0</dst>
            <dst id="ATLAng">0</dst>
            <dst id="CHINng">242.597333333333</dst>
            <dst id="DNVRng">4868.76</dst>
            <dst id="HSTNng">505.629333333333</dst>
            <dst id="IPLSng">512.221333333333</dst>
            <dst id="KSCYng">53.3333333333333</dst>
            <dst id="LOSAng">8437.96533333333</dst>
            <dst id="NYCMng">76.704</dst>
            <dst id="SNVAng">6226.36266666667</dst>
            <dst id="STTLng">18120.2426666667</dst>
            <dst id="WASHng">106.666666666667</dst>
        </src>
        <src id="STTLng">
            <dst id="ATLA-M5">3193.64533333333</dst>
            <dst id="ATLAng">57991.224</dst>
            <dst id="CHINng">106426.290666667</dst>
            <dst id="DNVRng">13020.5333333333</dst>
            <dst id="HSTNng">25724.9866666667</dst>
            <dst id="IPLSng">72143.5866666667</dst>
            <dst id="KSCYng">50911.304</dst>
            <dst id="LOSAng">19795.5413333333</dst>
            <dst id="NYCMng">26566.8213333333</dst>
            <dst id="SNVAng">1612.09066666667</dst>
            <dst id="STTLng">17139.0693333333</dst>
            <dst id="WASHng">98690.0266666667</dst>
        </src>
        <src id="WASHng">
            <dst id="ATLA-M5">4131.58933333333</dst>
            <dst id="ATLAng">124997.272</dst>
            <dst id="CHINng">82950.2533333333</dst>
            <dst id="DNVRng">45508.9093333333</dst>
            <dst id="HSTNng">26760.1466666667</dst>
            <dst id="IPLSng">57786.6026666667</dst>
            <dst id="KSCYng">17149.76</dst>
            <dst id="LOSAng">72289.0266666667</dst>
            <dst id="NYCMng">155789.317333333</dst>
            <dst id="SNVAng">4530.57333333333</dst>
            <dst id="STTLng">61881.152</dst>
            <dst id="WASHng">344383.413333333</dst>
        </src>
    </IntraTM>
</TrafficMatrixFile>
