<?xml version="1.0" encoding="ISO-8859-1" standalone="yes"?>
<TrafficMatrixFile xsi:noNamespaceSchemaLocation="http://totem.run.montefiore.ulg.ac.be/Schema/TrafficMatrix-v1_2.xsd" xmlns:xsi="http://www.w3.org/2001/XMLSchema-instance">
    <IntraTM ASID="11537">
        <src id="ATLA-M5">
            <dst id="ATLA-M5">792.658666666667</dst>
            <dst id="ATLAng">2754.22133333333</dst>
            <dst id="CHINng">1394.04266666667</dst>
            <dst id="DNVRng">868.965333333333</dst>
            <dst id="HSTNng">523.424</dst>
            <dst id="IPLSng">853.397333333333</dst>
            <dst id="KSCYng">918.029333333334</dst>
            <dst id="LOSAng">283.406666666667</dst>
            <dst id="NYCMng">1903.79733333333</dst>
            <dst id="SNVAng">31.276</dst>
            <dst id="STTLng">1301.95733333333</dst>
            <dst id="WASHng">3427.776</dst>
        </src>
        <src id="ATLAng">
            <dst id="ATLA-M5">1994.74666666667</dst>
            <dst id="ATLAng">43984.3946666667</dst>
            <dst id="CHINng">19588.728</dst>
            <dst id="DNVRng">4734.28533333333</dst>
            <dst id="HSTNng">26153.7093333333</dst>
            <dst id="IPLSng">27529.28</dst>
            <dst id="KSCYng">13345.1946666667</dst>
            <dst id="LOSAng">16118.164</dst>
            <dst id="NYCMng">8944.112</dst>
            <dst id="SNVAng">2064.02266666667</dst>
            <dst id="STTLng">22840.5946666667</dst>
            <dst id="WASHng">66728.192</dst>
        </src>
        <src id="CHINng">
            <dst id="ATLA-M5">1600.78933333333</dst>
            <dst id="ATLAng">46514.0906666667</dst>
            <dst id="CHINng">358928.88</dst>
            <dst id="DNVRng">19628.8133333333</dst>
            <dst id="HSTNng">15150.848</dst>
            <dst id="IPLSng">84124.2133333333</dst>
            <dst id="KSCYng">17509.0506666667</dst>
            <dst id="LOSAng">34886.8346666667</dst>
            <dst id="NYCMng">18219.0746666667</dst>
            <dst id="SNVAng">5175.656</dst>
            <dst id="STTLng">33278.944</dst>
            <dst id="WASHng">37343.7706666667</dst>
        </src>
        <src id="DNVRng">
            <dst id="ATLA-M5">409.952</dst>
            <dst id="ATLAng">7493.37333333333</dst>
            <dst id="CHINng">35050.584</dst>
            <dst id="DNVRng">13556.7733333333</dst>
            <dst id="HSTNng">17422.2053333333</dst>
            <dst id="IPLSng">16013.8533333333</dst>
            <dst id="KSCYng">21035.1466666667</dst>
            <dst id="LOSAng">10930.4266666667</dst>
            <dst id="NYCMng">13461.6586666667</dst>
            <dst id="SNVAng">22046.1573333333</dst>
            <dst id="STTLng">66972.1813333333</dst>
            <dst id="WASHng">32570.2933333333</dst>
        </src>
        <src id="HSTNng">
            <dst id="ATLA-M5">3282.264</dst>
            <dst id="ATLAng">6468.50133333333</dst>
            <dst id="CHINng">15470.1893333333</dst>
            <dst id="DNVRng">4752.21866666667</dst>
            <dst id="HSTNng">20772.9653333333</dst>
            <dst id="IPLSng">6012.45866666666</dst>
            <dst id="KSCYng">9402.32533333333</dst>
            <dst id="LOSAng">8689.84533333333</dst>
            <dst id="NYCMng">5786.87733333333</dst>
            <dst id="SNVAng">1048.496</dst>
            <dst id="STTLng">13733.0266666667</dst>
            <dst id="WASHng">18828.048</dst>
        </src>
        <src id="IPLSng">
            <dst id="ATLA-M5">620.298666666667</dst>
            <dst id="ATLAng">19097.6266666667</dst>
            <dst id="CHINng">102810.877333333</dst>
            <dst id="DNVRng">16845.9173333333</dst>
            <dst id="HSTNng">5661.76266666667</dst>
            <dst id="IPLSng">24813.504</dst>
            <dst id="KSCYng">12150.5146666667</dst>
            <dst id="LOSAng">17303.56</dst>
            <dst id="NYCMng">14983.6986666667</dst>
            <dst id="SNVAng">5701.56533333333</dst>
            <dst id="STTLng">29963.8506666667</dst>
            <dst id="WASHng">31333.8293333333</dst>
        </src>
        <src id="KSCYng">
            <dst id="ATLA-M5">5829.12533333333</dst>
            <dst id="ATLAng">8072.23466666667</dst>
            <dst id="CHINng">27388.2906666667</dst>
            <dst id="DNVRng">9790.09066666667</dst>
            <dst id="HSTNng">4503.46666666667</dst>
            <dst id="IPLSng">17701.2613333333</dst>
            <dst id="KSCYng">12421.2666666667</dst>
            <dst id="LOSAng">4600.28533333333</dst>
            <dst id="NYCMng">7301.256</dst>
            <dst id="SNVAng">2888.02933333333</dst>
            <dst id="STTLng">16318.1786666667</dst>
            <dst id="WASHng">12194.2666666667</dst>
        </src>
        <src id="LOSAng">
            <dst id="ATLA-M5">373.989333333333</dst>
            <dst id="ATLAng">22428.6213333333</dst>
            <dst id="CHINng">101978.568</dst>
            <dst id="DNVRng">48582.6773333333</dst>
            <dst id="HSTNng">24194.2053333333</dst>
            <dst id="IPLSng">56312.896</dst>
            <dst id="KSCYng">7265.98666666667</dst>
            <dst id="LOSAng">8792.32266666667</dst>
            <dst id="NYCMng">56200.9306666667</dst>
            <dst id="SNVAng">25358.6933333333</dst>
            <dst id="STTLng">66496.5893333333</dst>
            <dst id="WASHng">79279.456</dst>
        </src>
        <src id="NYCMng">
            <dst id="ATLA-M5">2193.25333333333</dst>
            <dst id="ATLAng">41637.7386666667</dst>
            <dst id="CHINng">28975.9786666667</dst>
            <dst id="DNVRng">27626.832</dst>
            <dst id="HSTNng">27447.352</dst>
            <dst id="IPLSng">50830.1866666667</dst>
            <dst id="KSCYng">18000.3146666667</dst>
            <dst id="LOSAng">67674.296</dst>
            <dst id="NYCMng">119639.304</dst>
            <dst id="SNVAng">5817.728</dst>
            <dst id="STTLng">30443.7893333333</dst>
            <dst id="WASHng">118527.058666667</dst>
        </src>
        <src id="SNVAng">
            <dst id="ATLA-M5">0</dst>
            <dst id="ATLAng">26.6666666666667</dst>
            <dst id="CHINng">1115.728</dst>
            <dst id="DNVRng">19577.8106666667</dst>
            <dst id="HSTNng">249.277333333333</dst>
            <dst id="IPLSng">3203.144</dst>
            <dst id="KSCYng">125.157333333333</dst>
            <dst id="LOSAng">10449.4613333333</dst>
            <dst id="NYCMng">72.8026666666667</dst>
            <dst id="SNVAng">9249.55466666667</dst>
            <dst id="STTLng">18965.0266666667</dst>
            <dst id="WASHng">53.3333333333333</dst>
        </src>
        <src id="STTLng">
            <dst id="ATLA-M5">2003.13866666667</dst>
            <dst id="ATLAng">58658.648</dst>
            <dst id="CHINng">105980.461333333</dst>
            <dst id="DNVRng">57210.6</dst>
            <dst id="HSTNng">43006.7973333333</dst>
            <dst id="IPLSng">75017.9546666667</dst>
            <dst id="KSCYng">61249.752</dst>
            <dst id="LOSAng">11836.4373333333</dst>
            <dst id="NYCMng">23752.7386666667</dst>
            <dst id="SNVAng">13081.7066666667</dst>
            <dst id="STTLng">56604.664</dst>
            <dst id="WASHng">91937.016</dst>
        </src>
        <src id="WASHng">
            <dst id="ATLA-M5">8742.83733333333</dst>
            <dst id="ATLAng">139419.154666667</dst>
            <dst id="CHINng">103605.181333333</dst>
            <dst id="DNVRng">81175.2666666667</dst>
            <dst id="HSTNng">41208.1813333333</dst>
            <dst id="IPLSng">84571.3466666667</dst>
            <dst id="KSCYng">26152.512</dst>
            <dst id="LOSAng">89272.5733333333</dst>
            <dst id="NYCMng">222911.733333333</dst>
            <dst id="SNVAng">11167.3066666667</dst>
            <dst id="STTLng">68909.104</dst>
            <dst id="WASHng">366343.333333333</dst>
        </src>
    </IntraTM>
</TrafficMatrixFile>
