<?xml version="1.0" encoding="ISO-8859-1" standalone="yes"?>
<TrafficMatrixFile xsi:noNamespaceSchemaLocation="http://totem.run.montefiore.ulg.ac.be/Schema/TrafficMatrix-v1_2.xsd" xmlns:xsi="http://www.w3.org/2001/XMLSchema-instance">
    <IntraTM ASID="11537">
        <src id="ATLA-M5">
            <dst id="ATLA-M5">0</dst>
            <dst id="ATLAng">265.770666666667</dst>
            <dst id="CHINng">2063.90133333333</dst>
            <dst id="DNVRng">409.466666666667</dst>
            <dst id="HSTNng">73.7733333333333</dst>
            <dst id="IPLSng">855.872</dst>
            <dst id="KSCYng">267.506666666667</dst>
            <dst id="LOSAng">361.128</dst>
            <dst id="NYCMng">1055.58133333333</dst>
            <dst id="SNVAng">126.034666666667</dst>
            <dst id="STTLng">463.557333333333</dst>
            <dst id="WASHng">954.117333333333</dst>
        </src>
        <src id="ATLAng">
            <dst id="ATLA-M5">1219.64</dst>
            <dst id="ATLAng">35740.1146666667</dst>
            <dst id="CHINng">14546.672</dst>
            <dst id="DNVRng">5136.88266666667</dst>
            <dst id="HSTNng">2882.09066666667</dst>
            <dst id="IPLSng">20959.152</dst>
            <dst id="KSCYng">3425.696</dst>
            <dst id="LOSAng">29210.784</dst>
            <dst id="NYCMng">9082.568</dst>
            <dst id="SNVAng">1185.724</dst>
            <dst id="STTLng">9225.70666666667</dst>
            <dst id="WASHng">39771.368</dst>
        </src>
        <src id="CHINng">
            <dst id="ATLA-M5">866.021333333333</dst>
            <dst id="ATLAng">20422.4666666667</dst>
            <dst id="CHINng">78030.56</dst>
            <dst id="DNVRng">23052.24</dst>
            <dst id="HSTNng">12147.304</dst>
            <dst id="IPLSng">79421.744</dst>
            <dst id="KSCYng">17278.5093333333</dst>
            <dst id="LOSAng">40943.1733333333</dst>
            <dst id="NYCMng">10735.9146666667</dst>
            <dst id="SNVAng">3229.31466666667</dst>
            <dst id="STTLng">19843.4986666667</dst>
            <dst id="WASHng">19870.7333333333</dst>
        </src>
        <src id="DNVRng">
            <dst id="ATLA-M5">302.909333333333</dst>
            <dst id="ATLAng">8183.88</dst>
            <dst id="CHINng">61550.5146666667</dst>
            <dst id="DNVRng">9511.65866666667</dst>
            <dst id="HSTNng">10881.9786666667</dst>
            <dst id="IPLSng">9028.888</dst>
            <dst id="KSCYng">13623.8106666667</dst>
            <dst id="LOSAng">13063.904</dst>
            <dst id="NYCMng">6599.73866666667</dst>
            <dst id="SNVAng">7558.35733333333</dst>
            <dst id="STTLng">24244.808</dst>
            <dst id="WASHng">19865.8506666667</dst>
        </src>
        <src id="HSTNng">
            <dst id="ATLA-M5">1571.23466666667</dst>
            <dst id="ATLAng">6102.44</dst>
            <dst id="CHINng">17753.3706666667</dst>
            <dst id="DNVRng">1527.36266666667</dst>
            <dst id="HSTNng">21113.3946666667</dst>
            <dst id="IPLSng">3874.69333333333</dst>
            <dst id="KSCYng">6933.41066666667</dst>
            <dst id="LOSAng">8887.68</dst>
            <dst id="NYCMng">1415.41066666667</dst>
            <dst id="SNVAng">102.112</dst>
            <dst id="STTLng">4133.664</dst>
            <dst id="WASHng">4469.76</dst>
        </src>
        <src id="IPLSng">
            <dst id="ATLA-M5">382.077333333333</dst>
            <dst id="ATLAng">17580.8826666667</dst>
            <dst id="CHINng">45597.768</dst>
            <dst id="DNVRng">7175.58666666667</dst>
            <dst id="HSTNng">879.317333333334</dst>
            <dst id="IPLSng">25434.832</dst>
            <dst id="KSCYng">10473.4586666667</dst>
            <dst id="LOSAng">19364.5866666667</dst>
            <dst id="NYCMng">4787.93333333333</dst>
            <dst id="SNVAng">1229.584</dst>
            <dst id="STTLng">25073.6933333333</dst>
            <dst id="WASHng">11701.8026666667</dst>
        </src>
        <src id="KSCYng">
            <dst id="ATLA-M5">322.442666666667</dst>
            <dst id="ATLAng">9277.19466666666</dst>
            <dst id="CHINng">20562.736</dst>
            <dst id="DNVRng">9168.45866666667</dst>
            <dst id="HSTNng">3817.992</dst>
            <dst id="IPLSng">17331.312</dst>
            <dst id="KSCYng">13593.168</dst>
            <dst id="LOSAng">10683.648</dst>
            <dst id="NYCMng">2425.25333333333</dst>
            <dst id="SNVAng">2237.68266666667</dst>
            <dst id="STTLng">6372.24533333333</dst>
            <dst id="WASHng">12593.96</dst>
        </src>
        <src id="LOSAng">
            <dst id="ATLA-M5">169.208</dst>
            <dst id="ATLAng">7625.8</dst>
            <dst id="CHINng">6371734.4</dst>
            <dst id="DNVRng">23150.2</dst>
            <dst id="HSTNng">5698.84266666667</dst>
            <dst id="IPLSng">19894.7813333333</dst>
            <dst id="KSCYng">5118.36266666667</dst>
            <dst id="LOSAng">19540.0293333333</dst>
            <dst id="NYCMng">45378.7146666667</dst>
            <dst id="SNVAng">22381.432</dst>
            <dst id="STTLng">63963.04</dst>
            <dst id="WASHng">47133.056</dst>
        </src>
        <src id="NYCMng">
            <dst id="ATLA-M5">791.146666666667</dst>
            <dst id="ATLAng">16523.944</dst>
            <dst id="CHINng">32707.5893333333</dst>
            <dst id="DNVRng">15770.224</dst>
            <dst id="HSTNng">9996.744</dst>
            <dst id="IPLSng">15863.6426666667</dst>
            <dst id="KSCYng">11082.784</dst>
            <dst id="LOSAng">70946.3333333333</dst>
            <dst id="NYCMng">88002.464</dst>
            <dst id="SNVAng">1998.98133333333</dst>
            <dst id="STTLng">23803.2293333333</dst>
            <dst id="WASHng">67295.8026666667</dst>
        </src>
        <src id="SNVAng">
            <dst id="ATLA-M5">0</dst>
            <dst id="ATLAng">313.16</dst>
            <dst id="CHINng">160</dst>
            <dst id="DNVRng">2002.27733333333</dst>
            <dst id="HSTNng">0</dst>
            <dst id="IPLSng">341.330666666667</dst>
            <dst id="KSCYng">53.3333333333333</dst>
            <dst id="LOSAng">8155.25333333333</dst>
            <dst id="NYCMng">0</dst>
            <dst id="SNVAng">8623.69333333333</dst>
            <dst id="STTLng">16411.592</dst>
            <dst id="WASHng">26.6666666666667</dst>
        </src>
        <src id="STTLng">
            <dst id="ATLA-M5">300.349333333333</dst>
            <dst id="ATLAng">14701.04</dst>
            <dst id="CHINng">31531.344</dst>
            <dst id="DNVRng">4638.23733333333</dst>
            <dst id="HSTNng">6893.44266666667</dst>
            <dst id="IPLSng">9451.416</dst>
            <dst id="KSCYng">7709.07733333333</dst>
            <dst id="LOSAng">41835.9653333333</dst>
            <dst id="NYCMng">8896.35733333333</dst>
            <dst id="SNVAng">2488.448</dst>
            <dst id="STTLng">20503.688</dst>
            <dst id="WASHng">15714.608</dst>
        </src>
        <src id="WASHng">
            <dst id="ATLA-M5">1614.92533333333</dst>
            <dst id="ATLAng">112960.696</dst>
            <dst id="CHINng">71870.8213333333</dst>
            <dst id="DNVRng">44464.624</dst>
            <dst id="HSTNng">17393.704</dst>
            <dst id="IPLSng">43966.9413333333</dst>
            <dst id="KSCYng">19586.3893333333</dst>
            <dst id="LOSAng">91704.8133333334</dst>
            <dst id="NYCMng">137597.357333333</dst>
            <dst id="SNVAng">1862.58133333333</dst>
            <dst id="STTLng">63889.5653333333</dst>
            <dst id="WASHng">172573.749333333</dst>
        </src>
    </IntraTM>
</TrafficMatrixFile>
