<?xml version="1.0" encoding="ISO-8859-1" standalone="yes"?>
<TrafficMatrixFile xsi:noNamespaceSchemaLocation="http://totem.run.montefiore.ulg.ac.be/Schema/TrafficMatrix-v1_2.xsd" xmlns:xsi="http://www.w3.org/2001/XMLSchema-instance">
    <IntraTM ASID="11537">
        <src id="ATLA-M5">
            <dst id="ATLA-M5">0</dst>
            <dst id="ATLAng">80</dst>
            <dst id="CHINng">1062.24533333333</dst>
            <dst id="DNVRng">0</dst>
            <dst id="HSTNng">80</dst>
            <dst id="IPLSng">421.32</dst>
            <dst id="KSCYng">73.576</dst>
            <dst id="LOSAng">86.016</dst>
            <dst id="NYCMng">80</dst>
            <dst id="SNVAng">13.3333333333333</dst>
            <dst id="STTLng">344.901333333333</dst>
            <dst id="WASHng">1070.136</dst>
        </src>
        <src id="ATLAng">
            <dst id="ATLA-M5">237.645333333333</dst>
            <dst id="ATLAng">36553.4373333333</dst>
            <dst id="CHINng">11063.3893333333</dst>
            <dst id="DNVRng">1151.12</dst>
            <dst id="HSTNng">1276.84266666667</dst>
            <dst id="IPLSng">14756.7733333333</dst>
            <dst id="KSCYng">1806.34133333333</dst>
            <dst id="LOSAng">18195.8826666667</dst>
            <dst id="NYCMng">13052.3733333333</dst>
            <dst id="SNVAng">742.541333333333</dst>
            <dst id="STTLng">7336.13866666667</dst>
            <dst id="WASHng">51109.4266666667</dst>
        </src>
        <src id="CHINng">
            <dst id="ATLA-M5">611.088</dst>
            <dst id="ATLAng">25710.872</dst>
            <dst id="CHINng">107920.226666667</dst>
            <dst id="DNVRng">17292.32</dst>
            <dst id="HSTNng">6864.10666666667</dst>
            <dst id="IPLSng">34697.944</dst>
            <dst id="KSCYng">9891.85866666667</dst>
            <dst id="LOSAng">31463.3706666667</dst>
            <dst id="NYCMng">9716.89333333333</dst>
            <dst id="SNVAng">5055.64</dst>
            <dst id="STTLng">15308.5706666667</dst>
            <dst id="WASHng">15439.4133333333</dst>
        </src>
        <src id="DNVRng">
            <dst id="ATLA-M5">84.1226666666667</dst>
            <dst id="ATLAng">3397.78133333333</dst>
            <dst id="CHINng">43604.1386666667</dst>
            <dst id="DNVRng">15557.5493333333</dst>
            <dst id="HSTNng">13381.0453333333</dst>
            <dst id="IPLSng">7829.344</dst>
            <dst id="KSCYng">22832.1226666667</dst>
            <dst id="LOSAng">61500.6373333333</dst>
            <dst id="NYCMng">6542.68533333333</dst>
            <dst id="SNVAng">12075.784</dst>
            <dst id="STTLng">17365.7253333333</dst>
            <dst id="WASHng">16798.3173333333</dst>
        </src>
        <src id="HSTNng">
            <dst id="ATLA-M5">2943.26933333333</dst>
            <dst id="ATLAng">3035.02133333333</dst>
            <dst id="CHINng">18590.0613333333</dst>
            <dst id="DNVRng">917.136</dst>
            <dst id="HSTNng">13387.832</dst>
            <dst id="IPLSng">2545.456</dst>
            <dst id="KSCYng">9960.29333333333</dst>
            <dst id="LOSAng">3404.45333333333</dst>
            <dst id="NYCMng">2894.936</dst>
            <dst id="SNVAng">238.664</dst>
            <dst id="STTLng">2883.88266666667</dst>
            <dst id="WASHng">2675.25333333333</dst>
        </src>
        <src id="IPLSng">
            <dst id="ATLA-M5">468.074666666666</dst>
            <dst id="ATLAng">5495.28</dst>
            <dst id="CHINng">87321.4986666667</dst>
            <dst id="DNVRng">8505.55466666667</dst>
            <dst id="HSTNng">556.136</dst>
            <dst id="IPLSng">9417.68266666667</dst>
            <dst id="KSCYng">7025.768</dst>
            <dst id="LOSAng">12263.9626666667</dst>
            <dst id="NYCMng">6353.112</dst>
            <dst id="SNVAng">169.712</dst>
            <dst id="STTLng">16862.616</dst>
            <dst id="WASHng">14658.2986666667</dst>
        </src>
        <src id="KSCYng">
            <dst id="ATLA-M5">436.2</dst>
            <dst id="ATLAng">5129.93066666667</dst>
            <dst id="CHINng">27924.592</dst>
            <dst id="DNVRng">6196.26666666666</dst>
            <dst id="HSTNng">10471.7386666667</dst>
            <dst id="IPLSng">16120.0826666667</dst>
            <dst id="KSCYng">18585.5146666667</dst>
            <dst id="LOSAng">4996.968</dst>
            <dst id="NYCMng">7650.65866666667</dst>
            <dst id="SNVAng">2464.2</dst>
            <dst id="STTLng">5726.79466666667</dst>
            <dst id="WASHng">10679.4</dst>
        </src>
        <src id="LOSAng">
            <dst id="ATLA-M5">137.402666666667</dst>
            <dst id="ATLAng">8572.85333333333</dst>
            <dst id="CHINng">4820702.4</dst>
            <dst id="DNVRng">7658.47733333333</dst>
            <dst id="HSTNng">4565.89066666667</dst>
            <dst id="IPLSng">14902.384</dst>
            <dst id="KSCYng">2375.968</dst>
            <dst id="LOSAng">9904.54933333333</dst>
            <dst id="NYCMng">45460.232</dst>
            <dst id="SNVAng">13301.5893333333</dst>
            <dst id="STTLng">47905.8826666667</dst>
            <dst id="WASHng">40929.088</dst>
        </src>
        <src id="NYCMng">
            <dst id="ATLA-M5">722.472</dst>
            <dst id="ATLAng">31038.488</dst>
            <dst id="CHINng">27809.3653333333</dst>
            <dst id="DNVRng">10110.7386666667</dst>
            <dst id="HSTNng">6823.576</dst>
            <dst id="IPLSng">15509.3386666667</dst>
            <dst id="KSCYng">5082.93066666667</dst>
            <dst id="LOSAng">57107.992</dst>
            <dst id="NYCMng">87485.864</dst>
            <dst id="SNVAng">665.693333333333</dst>
            <dst id="STTLng">28571.2613333333</dst>
            <dst id="WASHng">42162.184</dst>
        </src>
        <src id="SNVAng">
            <dst id="ATLA-M5">0</dst>
            <dst id="ATLAng">287.698666666667</dst>
            <dst id="CHINng">26.6666666666667</dst>
            <dst id="DNVRng">1838.63733333333</dst>
            <dst id="HSTNng">0</dst>
            <dst id="IPLSng">292.437333333333</dst>
            <dst id="KSCYng">0</dst>
            <dst id="LOSAng">6469.53333333333</dst>
            <dst id="NYCMng">53.3333333333333</dst>
            <dst id="SNVAng">7552.176</dst>
            <dst id="STTLng">10362.648</dst>
            <dst id="WASHng">141.018666666667</dst>
        </src>
        <src id="STTLng">
            <dst id="ATLA-M5">526.293333333333</dst>
            <dst id="ATLAng">14372.84</dst>
            <dst id="CHINng">31158.896</dst>
            <dst id="DNVRng">4023.81066666667</dst>
            <dst id="HSTNng">3123.66133333333</dst>
            <dst id="IPLSng">15807.2106666667</dst>
            <dst id="KSCYng">4176.872</dst>
            <dst id="LOSAng">35784.6906666667</dst>
            <dst id="NYCMng">10542.688</dst>
            <dst id="SNVAng">2645.06933333333</dst>
            <dst id="STTLng">17515.288</dst>
            <dst id="WASHng">9297.048</dst>
        </src>
        <src id="WASHng">
            <dst id="ATLA-M5">263.029333333333</dst>
            <dst id="ATLAng">138548.317333333</dst>
            <dst id="CHINng">53631.68</dst>
            <dst id="DNVRng">78953.3573333333</dst>
            <dst id="HSTNng">26018.7226666667</dst>
            <dst id="IPLSng">34163.5493333333</dst>
            <dst id="KSCYng">30624.8266666667</dst>
            <dst id="LOSAng">54986.744</dst>
            <dst id="NYCMng">187009.306666667</dst>
            <dst id="SNVAng">1202.66666666667</dst>
            <dst id="STTLng">48688.2906666667</dst>
            <dst id="WASHng">287629.013333333</dst>
        </src>
    </IntraTM>
</TrafficMatrixFile>
