<?xml version="1.0" encoding="ISO-8859-1" standalone="yes"?>
<TrafficMatrixFile xsi:noNamespaceSchemaLocation="http://totem.run.montefiore.ulg.ac.be/Schema/TrafficMatrix-v1_2.xsd" xmlns:xsi="http://www.w3.org/2001/XMLSchema-instance">
    <IntraTM ASID="11537">
        <src id="ATLA-M5">
            <dst id="ATLA-M5">286.106666666667</dst>
            <dst id="ATLAng">643.202666666667</dst>
            <dst id="CHINng">2331.848</dst>
            <dst id="DNVRng">57.5413333333333</dst>
            <dst id="HSTNng">200.122666666667</dst>
            <dst id="IPLSng">1061.15733333333</dst>
            <dst id="KSCYng">454.312</dst>
            <dst id="LOSAng">41.184</dst>
            <dst id="NYCMng">1677.12533333333</dst>
            <dst id="SNVAng">14.5173333333333</dst>
            <dst id="STTLng">1488.78133333333</dst>
            <dst id="WASHng">2217.85333333333</dst>
        </src>
        <src id="ATLAng">
            <dst id="ATLA-M5">506.237333333333</dst>
            <dst id="ATLAng">37188.2693333333</dst>
            <dst id="CHINng">22277.2</dst>
            <dst id="DNVRng">4888.86133333333</dst>
            <dst id="HSTNng">14743.136</dst>
            <dst id="IPLSng">36702.9813333333</dst>
            <dst id="KSCYng">7447.10666666667</dst>
            <dst id="LOSAng">11129.0333333333</dst>
            <dst id="NYCMng">20178.576</dst>
            <dst id="SNVAng">2314.108</dst>
            <dst id="STTLng">24783.5386666667</dst>
            <dst id="WASHng">64432.0293333333</dst>
        </src>
        <src id="CHINng">
            <dst id="ATLA-M5">700.802666666667</dst>
            <dst id="ATLAng">31799.9173333333</dst>
            <dst id="CHINng">243048.2</dst>
            <dst id="DNVRng">17830.744</dst>
            <dst id="HSTNng">5802.19733333333</dst>
            <dst id="IPLSng">86909.0506666667</dst>
            <dst id="KSCYng">39557.4533333333</dst>
            <dst id="LOSAng">49539.864</dst>
            <dst id="NYCMng">33005.488</dst>
            <dst id="SNVAng">4175.352</dst>
            <dst id="STTLng">35603.5786666667</dst>
            <dst id="WASHng">41613.0026666667</dst>
        </src>
        <src id="DNVRng">
            <dst id="ATLA-M5">209.397333333333</dst>
            <dst id="ATLAng">12090.5653333333</dst>
            <dst id="CHINng">50968.9146666667</dst>
            <dst id="DNVRng">39851.248</dst>
            <dst id="HSTNng">13174.6</dst>
            <dst id="IPLSng">15882.8826666667</dst>
            <dst id="KSCYng">38235.2026666667</dst>
            <dst id="LOSAng">26985.7573333333</dst>
            <dst id="NYCMng">19106.5146666667</dst>
            <dst id="SNVAng">18752.1093333333</dst>
            <dst id="STTLng">25089.048</dst>
            <dst id="WASHng">44247.4613333333</dst>
        </src>
        <src id="HSTNng">
            <dst id="ATLA-M5">975.906666666667</dst>
            <dst id="ATLAng">7336.04533333333</dst>
            <dst id="CHINng">16802.6133333333</dst>
            <dst id="DNVRng">1800.384</dst>
            <dst id="HSTNng">19973.376</dst>
            <dst id="IPLSng">8449.01866666667</dst>
            <dst id="KSCYng">12032.5653333333</dst>
            <dst id="LOSAng">17147.8213333333</dst>
            <dst id="NYCMng">5811.51733333333</dst>
            <dst id="SNVAng">3251.89333333333</dst>
            <dst id="STTLng">13529.4186666667</dst>
            <dst id="WASHng">9438.472</dst>
        </src>
        <src id="IPLSng">
            <dst id="ATLA-M5">1140.264</dst>
            <dst id="ATLAng">25519.5253333333</dst>
            <dst id="CHINng">87503</dst>
            <dst id="DNVRng">9099.46933333333</dst>
            <dst id="HSTNng">3623.144</dst>
            <dst id="IPLSng">18639.592</dst>
            <dst id="KSCYng">13397.6133333333</dst>
            <dst id="LOSAng">29028.9786666667</dst>
            <dst id="NYCMng">18124.7546666667</dst>
            <dst id="SNVAng">3558.048</dst>
            <dst id="STTLng">34423.6373333333</dst>
            <dst id="WASHng">34747.3786666667</dst>
        </src>
        <src id="KSCYng">
            <dst id="ATLA-M5">1166.70666666667</dst>
            <dst id="ATLAng">13736.376</dst>
            <dst id="CHINng">30886.5386666667</dst>
            <dst id="DNVRng">15585.0133333333</dst>
            <dst id="HSTNng">5865.27733333333</dst>
            <dst id="IPLSng">19880.6133333333</dst>
            <dst id="KSCYng">15432.3466666667</dst>
            <dst id="LOSAng">8575.136</dst>
            <dst id="NYCMng">7426.41866666667</dst>
            <dst id="SNVAng">2026.152</dst>
            <dst id="STTLng">15409.8693333333</dst>
            <dst id="WASHng">19858.896</dst>
        </src>
        <src id="LOSAng">
            <dst id="ATLA-M5">381.666666666667</dst>
            <dst id="ATLAng">13937.8613333333</dst>
            <dst id="CHINng">134849.234666667</dst>
            <dst id="DNVRng">32032.8586666667</dst>
            <dst id="HSTNng">13154.488</dst>
            <dst id="IPLSng">24246.304</dst>
            <dst id="KSCYng">16028.9413333333</dst>
            <dst id="LOSAng">10941.1226666667</dst>
            <dst id="NYCMng">44586.8426666667</dst>
            <dst id="SNVAng">34987.0506666667</dst>
            <dst id="STTLng">82438.1866666667</dst>
            <dst id="WASHng">69917.2746666667</dst>
        </src>
        <src id="NYCMng">
            <dst id="ATLA-M5">2031.01066666667</dst>
            <dst id="ATLAng">59538.9173333333</dst>
            <dst id="CHINng">38899.5093333333</dst>
            <dst id="DNVRng">28920.6186666667</dst>
            <dst id="HSTNng">13418.024</dst>
            <dst id="IPLSng">31361.528</dst>
            <dst id="KSCYng">25159.9626666667</dst>
            <dst id="LOSAng">63247.7573333333</dst>
            <dst id="NYCMng">207485.592</dst>
            <dst id="SNVAng">5034.25333333333</dst>
            <dst id="STTLng">23145.6053333333</dst>
            <dst id="WASHng">184021.213333333</dst>
        </src>
        <src id="SNVAng">
            <dst id="ATLA-M5">0</dst>
            <dst id="ATLAng">86.4053333333333</dst>
            <dst id="CHINng">120.613333333333</dst>
            <dst id="DNVRng">17227.0053333333</dst>
            <dst id="HSTNng">6137.896</dst>
            <dst id="IPLSng">592.544</dst>
            <dst id="KSCYng">61.344</dst>
            <dst id="LOSAng">7261.04266666667</dst>
            <dst id="NYCMng">124.170666666667</dst>
            <dst id="SNVAng">9862.08266666667</dst>
            <dst id="STTLng">15859.4346666667</dst>
            <dst id="WASHng">219.586666666667</dst>
        </src>
        <src id="STTLng">
            <dst id="ATLA-M5">4094.81866666667</dst>
            <dst id="ATLAng">74246.1653333333</dst>
            <dst id="CHINng">124583.28</dst>
            <dst id="DNVRng">48620.8773333333</dst>
            <dst id="HSTNng">35818.552</dst>
            <dst id="IPLSng">90566.4106666666</dst>
            <dst id="KSCYng">59480.0373333333</dst>
            <dst id="LOSAng">22140.1573333333</dst>
            <dst id="NYCMng">30584.0266666667</dst>
            <dst id="SNVAng">10839.448</dst>
            <dst id="STTLng">25271.1866666667</dst>
            <dst id="WASHng">107014.869333333</dst>
        </src>
        <src id="WASHng">
            <dst id="ATLA-M5">4040.32</dst>
            <dst id="ATLAng">97795.0026666667</dst>
            <dst id="CHINng">110199.930666667</dst>
            <dst id="DNVRng">53223.44</dst>
            <dst id="HSTNng">36218.8373333333</dst>
            <dst id="IPLSng">80886.1706666667</dst>
            <dst id="KSCYng">31694.2506666667</dst>
            <dst id="LOSAng">91631.9546666667</dst>
            <dst id="NYCMng">247475.32</dst>
            <dst id="SNVAng">3567.81066666667</dst>
            <dst id="STTLng">68837.376</dst>
            <dst id="WASHng">305102.96</dst>
        </src>
    </IntraTM>
</TrafficMatrixFile>
