<?xml version="1.0" encoding="ISO-8859-1" standalone="yes"?>
<TrafficMatrixFile xsi:noNamespaceSchemaLocation="http://totem.run.montefiore.ulg.ac.be/Schema/TrafficMatrix-v1_2.xsd" xmlns:xsi="http://www.w3.org/2001/XMLSchema-instance">
    <IntraTM ASID="11537">
        <src id="ATLA-M5">
            <dst id="ATLA-M5">45.0373333333333</dst>
            <dst id="ATLAng">225.408</dst>
            <dst id="CHINng">3425.096</dst>
            <dst id="DNVRng">0</dst>
            <dst id="HSTNng">227.253333333333</dst>
            <dst id="IPLSng">221.213333333333</dst>
            <dst id="KSCYng">0</dst>
            <dst id="LOSAng">0</dst>
            <dst id="NYCMng">1904.80533333333</dst>
            <dst id="SNVAng">0</dst>
            <dst id="STTLng">0</dst>
            <dst id="WASHng">2500.61066666667</dst>
        </src>
        <src id="ATLAng">
            <dst id="ATLA-M5">0</dst>
            <dst id="ATLAng">25737.1306666667</dst>
            <dst id="CHINng">49878.7226666667</dst>
            <dst id="DNVRng">0</dst>
            <dst id="HSTNng">27840.2586666667</dst>
            <dst id="IPLSng">30012.9626666667</dst>
            <dst id="KSCYng">0</dst>
            <dst id="LOSAng">53.3333333333333</dst>
            <dst id="NYCMng">65098.552</dst>
            <dst id="SNVAng">0</dst>
            <dst id="STTLng">1742.99733333333</dst>
            <dst id="WASHng">42837.1173333333</dst>
        </src>
        <src id="CHINng">
            <dst id="ATLA-M5">0</dst>
            <dst id="ATLAng">36905.456</dst>
            <dst id="CHINng">37283.032</dst>
            <dst id="DNVRng">0</dst>
            <dst id="HSTNng">22722.088</dst>
            <dst id="IPLSng">90715.3546666667</dst>
            <dst id="KSCYng">176.608</dst>
            <dst id="LOSAng">80.1253333333333</dst>
            <dst id="NYCMng">223098.205333333</dst>
            <dst id="SNVAng">53.3333333333333</dst>
            <dst id="STTLng">146.261333333333</dst>
            <dst id="WASHng">50056.9493333333</dst>
        </src>
        <src id="DNVRng">
            <dst id="ATLA-M5">0</dst>
            <dst id="ATLAng">7716.07733333333</dst>
            <dst id="CHINng">47008.0533333333</dst>
            <dst id="DNVRng">3982.904</dst>
            <dst id="HSTNng">72000.5066666667</dst>
            <dst id="IPLSng">27244.12</dst>
            <dst id="KSCYng">12121.5653333333</dst>
            <dst id="LOSAng">26.6666666666667</dst>
            <dst id="NYCMng">35000.2826666667</dst>
            <dst id="SNVAng">13563.0053333333</dst>
            <dst id="STTLng">211.597333333333</dst>
            <dst id="WASHng">43208.1253333333</dst>
        </src>
        <src id="HSTNng">
            <dst id="ATLA-M5">0</dst>
            <dst id="ATLAng">52205.7173333333</dst>
            <dst id="CHINng">2609.92</dst>
            <dst id="DNVRng">177.52</dst>
            <dst id="HSTNng">146673.362666667</dst>
            <dst id="IPLSng">190.176</dst>
            <dst id="KSCYng">0</dst>
            <dst id="LOSAng">0</dst>
            <dst id="NYCMng">6940.61066666666</dst>
            <dst id="SNVAng">106.666666666667</dst>
            <dst id="STTLng">66.7733333333333</dst>
            <dst id="WASHng">128400.797333333</dst>
        </src>
        <src id="IPLSng">
            <dst id="ATLA-M5">0</dst>
            <dst id="ATLAng">17293.0746666667</dst>
            <dst id="CHINng">107654.04</dst>
            <dst id="DNVRng">0</dst>
            <dst id="HSTNng">16751.8373333333</dst>
            <dst id="IPLSng">26796.76</dst>
            <dst id="KSCYng">20308.8186666667</dst>
            <dst id="LOSAng">488.16</dst>
            <dst id="NYCMng">263585.189333333</dst>
            <dst id="SNVAng">53.3333333333333</dst>
            <dst id="STTLng">834.813333333333</dst>
            <dst id="WASHng">34447.7253333333</dst>
        </src>
        <src id="KSCYng">
            <dst id="ATLA-M5">0</dst>
            <dst id="ATLAng">8764.88266666667</dst>
            <dst id="CHINng">17193.8293333333</dst>
            <dst id="DNVRng">20913.1173333333</dst>
            <dst id="HSTNng">21290.2933333333</dst>
            <dst id="IPLSng">12112.0373333333</dst>
            <dst id="KSCYng">16437.6266666667</dst>
            <dst id="LOSAng">26.6666666666667</dst>
            <dst id="NYCMng">26415.3973333333</dst>
            <dst id="SNVAng">0</dst>
            <dst id="STTLng">0</dst>
            <dst id="WASHng">18101.7413333333</dst>
        </src>
        <src id="LOSAng">
            <dst id="ATLA-M5">0</dst>
            <dst id="ATLAng">47640.9866666667</dst>
            <dst id="CHINng">4588.17866666667</dst>
            <dst id="DNVRng">28546.6426666667</dst>
            <dst id="HSTNng">147751.413333333</dst>
            <dst id="IPLSng">431.698666666667</dst>
            <dst id="KSCYng">874.218666666667</dst>
            <dst id="LOSAng">13702.3573333333</dst>
            <dst id="NYCMng">75397.312</dst>
            <dst id="SNVAng">20102.944</dst>
            <dst id="STTLng">20381.1573333333</dst>
            <dst id="WASHng">103336.92</dst>
        </src>
        <src id="NYCMng">
            <dst id="ATLA-M5">0</dst>
            <dst id="ATLAng">42066.0133333333</dst>
            <dst id="CHINng">802.986666666667</dst>
            <dst id="DNVRng">0</dst>
            <dst id="HSTNng">24609.8906666667</dst>
            <dst id="IPLSng">216.026666666667</dst>
            <dst id="KSCYng">134.914666666667</dst>
            <dst id="LOSAng">196.344</dst>
            <dst id="NYCMng">997661.493333333</dst>
            <dst id="SNVAng">53.3333333333333</dst>
            <dst id="STTLng">106.666666666667</dst>
            <dst id="WASHng">343074.853333333</dst>
        </src>
        <src id="SNVAng">
            <dst id="ATLA-M5">0</dst>
            <dst id="ATLAng">1181.73333333333</dst>
            <dst id="CHINng">595.253333333333</dst>
            <dst id="DNVRng">1280.992</dst>
            <dst id="HSTNng">5253.656</dst>
            <dst id="IPLSng">0</dst>
            <dst id="KSCYng">1441.096</dst>
            <dst id="LOSAng">42402.1626666667</dst>
            <dst id="NYCMng">7079.97066666667</dst>
            <dst id="SNVAng">17595.8666666667</dst>
            <dst id="STTLng">66069.1706666667</dst>
            <dst id="WASHng">5267.76533333333</dst>
        </src>
        <src id="STTLng">
            <dst id="ATLA-M5">0</dst>
            <dst id="ATLAng">14570.1493333333</dst>
            <dst id="CHINng">1426.36266666667</dst>
            <dst id="DNVRng">7662.26133333333</dst>
            <dst id="HSTNng">21983.392</dst>
            <dst id="IPLSng">369.728</dst>
            <dst id="KSCYng">6771.176</dst>
            <dst id="LOSAng">41907.296</dst>
            <dst id="NYCMng">46342.5146666667</dst>
            <dst id="SNVAng">10669.448</dst>
            <dst id="STTLng">2472.48266666667</dst>
            <dst id="WASHng">37544.336</dst>
        </src>
        <src id="WASHng">
            <dst id="ATLA-M5">0</dst>
            <dst id="ATLAng">148348.250666667</dst>
            <dst id="CHINng">705.093333333333</dst>
            <dst id="DNVRng">0</dst>
            <dst id="HSTNng">98358.1413333333</dst>
            <dst id="IPLSng">129.077333333333</dst>
            <dst id="KSCYng">115.261333333333</dst>
            <dst id="LOSAng">53.3333333333333</dst>
            <dst id="NYCMng">638720.826666667</dst>
            <dst id="SNVAng">169.328</dst>
            <dst id="STTLng">72.4053333333333</dst>
            <dst id="WASHng">279764.506666667</dst>
        </src>
    </IntraTM>
</TrafficMatrixFile>
