<?xml version="1.0" encoding="ISO-8859-1" standalone="yes"?>
<TrafficMatrixFile xsi:noNamespaceSchemaLocation="http://totem.run.montefiore.ulg.ac.be/Schema/TrafficMatrix-v1_2.xsd" xmlns:xsi="http://www.w3.org/2001/XMLSchema-instance">
    <IntraTM ASID="11537">
        <src id="ATLA-M5">
            <dst id="ATLA-M5">0</dst>
            <dst id="ATLAng">320.669333333333</dst>
            <dst id="CHINng">802.514666666667</dst>
            <dst id="DNVRng">0</dst>
            <dst id="HSTNng">295.576</dst>
            <dst id="IPLSng">4291.22133333333</dst>
            <dst id="KSCYng">0</dst>
            <dst id="LOSAng">0</dst>
            <dst id="NYCMng">2817.13333333333</dst>
            <dst id="SNVAng">0</dst>
            <dst id="STTLng">0</dst>
            <dst id="WASHng">1298.54133333333</dst>
        </src>
        <src id="ATLAng">
            <dst id="ATLA-M5">0</dst>
            <dst id="ATLAng">46957.9493333333</dst>
            <dst id="CHINng">45926.7973333333</dst>
            <dst id="DNVRng">0</dst>
            <dst id="HSTNng">3950.32</dst>
            <dst id="IPLSng">34855.9573333333</dst>
            <dst id="KSCYng">0</dst>
            <dst id="LOSAng">0</dst>
            <dst id="NYCMng">55329.7946666667</dst>
            <dst id="SNVAng">0</dst>
            <dst id="STTLng">26.6666666666667</dst>
            <dst id="WASHng">52406.4293333333</dst>
        </src>
        <src id="CHINng">
            <dst id="ATLA-M5">0</dst>
            <dst id="ATLAng">38808.9946666667</dst>
            <dst id="CHINng">32097.0586666667</dst>
            <dst id="DNVRng">0</dst>
            <dst id="HSTNng">22311.4986666667</dst>
            <dst id="IPLSng">85276.3013333333</dst>
            <dst id="KSCYng">84.4293333333333</dst>
            <dst id="LOSAng">108.309333333333</dst>
            <dst id="NYCMng">214131.437333333</dst>
            <dst id="SNVAng">0</dst>
            <dst id="STTLng">336.357333333333</dst>
            <dst id="WASHng">47831.9733333333</dst>
        </src>
        <src id="DNVRng">
            <dst id="ATLA-M5">0</dst>
            <dst id="ATLAng">6643.50666666667</dst>
            <dst id="CHINng">42179.416</dst>
            <dst id="DNVRng">4956.63466666667</dst>
            <dst id="HSTNng">33741.4693333333</dst>
            <dst id="IPLSng">29984.3466666667</dst>
            <dst id="KSCYng">10283.0346666667</dst>
            <dst id="LOSAng">0</dst>
            <dst id="NYCMng">32430.072</dst>
            <dst id="SNVAng">9600.728</dst>
            <dst id="STTLng">1828.25866666667</dst>
            <dst id="WASHng">36651.912</dst>
        </src>
        <src id="HSTNng">
            <dst id="ATLA-M5">0</dst>
            <dst id="ATLAng">30412.7466666667</dst>
            <dst id="CHINng">368.768</dst>
            <dst id="DNVRng">26.6666666666667</dst>
            <dst id="HSTNng">121191.184</dst>
            <dst id="IPLSng">0</dst>
            <dst id="KSCYng">0</dst>
            <dst id="LOSAng">0</dst>
            <dst id="NYCMng">6785.50933333333</dst>
            <dst id="SNVAng">0</dst>
            <dst id="STTLng">0</dst>
            <dst id="WASHng">119113.301333333</dst>
        </src>
        <src id="IPLSng">
            <dst id="ATLA-M5">0</dst>
            <dst id="ATLAng">27229.6026666667</dst>
            <dst id="CHINng">128874.069333333</dst>
            <dst id="DNVRng">0</dst>
            <dst id="HSTNng">10980.0213333333</dst>
            <dst id="IPLSng">33312.9813333333</dst>
            <dst id="KSCYng">38499.5093333333</dst>
            <dst id="LOSAng">0</dst>
            <dst id="NYCMng">195742.914666667</dst>
            <dst id="SNVAng">343.466666666667</dst>
            <dst id="STTLng">26.6666666666667</dst>
            <dst id="WASHng">32326.2986666667</dst>
        </src>
        <src id="KSCYng">
            <dst id="ATLA-M5">0</dst>
            <dst id="ATLAng">4466.45066666667</dst>
            <dst id="CHINng">21272.1946666667</dst>
            <dst id="DNVRng">12814.12</dst>
            <dst id="HSTNng">18322.5733333333</dst>
            <dst id="IPLSng">14939.2</dst>
            <dst id="KSCYng">4673.69866666667</dst>
            <dst id="LOSAng">0</dst>
            <dst id="NYCMng">62499.2026666667</dst>
            <dst id="SNVAng">53.3333333333333</dst>
            <dst id="STTLng">26.6666666666667</dst>
            <dst id="WASHng">12456.848</dst>
        </src>
        <src id="LOSAng">
            <dst id="ATLA-M5">0</dst>
            <dst id="ATLAng">26106.832</dst>
            <dst id="CHINng">2392.624</dst>
            <dst id="DNVRng">25865.0746666667</dst>
            <dst id="HSTNng">124737.045333333</dst>
            <dst id="IPLSng">294.325333333333</dst>
            <dst id="KSCYng">89.3973333333333</dst>
            <dst id="LOSAng">23812.3733333333</dst>
            <dst id="NYCMng">61494.8586666667</dst>
            <dst id="SNVAng">11882.6746666667</dst>
            <dst id="STTLng">24569.1066666667</dst>
            <dst id="WASHng">98151.0266666667</dst>
        </src>
        <src id="NYCMng">
            <dst id="ATLA-M5">0</dst>
            <dst id="ATLAng">44967.7866666667</dst>
            <dst id="CHINng">566.378666666667</dst>
            <dst id="DNVRng">0</dst>
            <dst id="HSTNng">25367.4933333333</dst>
            <dst id="IPLSng">53.3333333333333</dst>
            <dst id="KSCYng">129.450666666667</dst>
            <dst id="LOSAng">80</dst>
            <dst id="NYCMng">536200.16</dst>
            <dst id="SNVAng">0</dst>
            <dst id="STTLng">191.192</dst>
            <dst id="WASHng">109728.048</dst>
        </src>
        <src id="SNVAng">
            <dst id="ATLA-M5">0</dst>
            <dst id="ATLAng">850.808</dst>
            <dst id="CHINng">247.76</dst>
            <dst id="DNVRng">8845.21066666666</dst>
            <dst id="HSTNng">20093.04</dst>
            <dst id="IPLSng">0</dst>
            <dst id="KSCYng">446.178666666667</dst>
            <dst id="LOSAng">37817.016</dst>
            <dst id="NYCMng">5057.408</dst>
            <dst id="SNVAng">16116.7813333333</dst>
            <dst id="STTLng">52302.5226666667</dst>
            <dst id="WASHng">1528.69066666667</dst>
        </src>
        <src id="STTLng">
            <dst id="ATLA-M5">0</dst>
            <dst id="ATLAng">7778.66133333333</dst>
            <dst id="CHINng">1317.58933333333</dst>
            <dst id="DNVRng">7008.77866666667</dst>
            <dst id="HSTNng">22236.4026666667</dst>
            <dst id="IPLSng">507.272</dst>
            <dst id="KSCYng">4550.33866666667</dst>
            <dst id="LOSAng">20302.2693333333</dst>
            <dst id="NYCMng">45381.8613333333</dst>
            <dst id="SNVAng">5354.91733333333</dst>
            <dst id="STTLng">7226.85066666667</dst>
            <dst id="WASHng">32024.52</dst>
        </src>
        <src id="WASHng">
            <dst id="ATLA-M5">0</dst>
            <dst id="ATLAng">115570.813333333</dst>
            <dst id="CHINng">1080.06133333333</dst>
            <dst id="DNVRng">0</dst>
            <dst id="HSTNng">73014.1093333333</dst>
            <dst id="IPLSng">53.3333333333333</dst>
            <dst id="KSCYng">53.3333333333333</dst>
            <dst id="LOSAng">76.5013333333333</dst>
            <dst id="NYCMng">509800.746666667</dst>
            <dst id="SNVAng">26.6666666666667</dst>
            <dst id="STTLng">53.3333333333333</dst>
            <dst id="WASHng">225188.224</dst>
        </src>
    </IntraTM>
</TrafficMatrixFile>
