<?xml version="1.0" encoding="ISO-8859-1" standalone="yes"?>
<TrafficMatrixFile xsi:noNamespaceSchemaLocation="http://totem.run.montefiore.ulg.ac.be/Schema/TrafficMatrix-v1_2.xsd" xmlns:xsi="http://www.w3.org/2001/XMLSchema-instance">
    <IntraTM ASID="11537">
        <src id="ATLA-M5">
            <dst id="ATLA-M5">182.402666666667</dst>
            <dst id="ATLAng">513.290666666667</dst>
            <dst id="CHINng">977.298666666667</dst>
            <dst id="DNVRng">0</dst>
            <dst id="HSTNng">204.96</dst>
            <dst id="IPLSng">576.026666666667</dst>
            <dst id="KSCYng">0</dst>
            <dst id="LOSAng">0</dst>
            <dst id="NYCMng">2649.232</dst>
            <dst id="SNVAng">0</dst>
            <dst id="STTLng">0</dst>
            <dst id="WASHng">5347.12533333333</dst>
        </src>
        <src id="ATLAng">
            <dst id="ATLA-M5">0</dst>
            <dst id="ATLAng">22182.0746666667</dst>
            <dst id="CHINng">58191.8746666667</dst>
            <dst id="DNVRng">0</dst>
            <dst id="HSTNng">12855.5226666667</dst>
            <dst id="IPLSng">27406.232</dst>
            <dst id="KSCYng">34.08</dst>
            <dst id="LOSAng">0</dst>
            <dst id="NYCMng">71994.9253333333</dst>
            <dst id="SNVAng">61.1466666666667</dst>
            <dst id="STTLng">29.4746666666667</dst>
            <dst id="WASHng">55877.608</dst>
        </src>
        <src id="CHINng">
            <dst id="ATLA-M5">0</dst>
            <dst id="ATLAng">28145.3626666667</dst>
            <dst id="CHINng">45620.4666666667</dst>
            <dst id="DNVRng">0</dst>
            <dst id="HSTNng">23928.4</dst>
            <dst id="IPLSng">56687.328</dst>
            <dst id="KSCYng">405.461333333333</dst>
            <dst id="LOSAng">166.272</dst>
            <dst id="NYCMng">220716.613333333</dst>
            <dst id="SNVAng">0</dst>
            <dst id="STTLng">40.784</dst>
            <dst id="WASHng">43537.3013333333</dst>
        </src>
        <src id="DNVRng">
            <dst id="ATLA-M5">0</dst>
            <dst id="ATLAng">7955.14133333333</dst>
            <dst id="CHINng">39469.1253333333</dst>
            <dst id="DNVRng">13755.3546666667</dst>
            <dst id="HSTNng">51089.032</dst>
            <dst id="IPLSng">33563.4426666667</dst>
            <dst id="KSCYng">24404.1653333333</dst>
            <dst id="LOSAng">26.6666666666667</dst>
            <dst id="NYCMng">33006.7786666667</dst>
            <dst id="SNVAng">23578.7466666667</dst>
            <dst id="STTLng">186.730666666667</dst>
            <dst id="WASHng">58621.4293333333</dst>
        </src>
        <src id="HSTNng">
            <dst id="ATLA-M5">0</dst>
            <dst id="ATLAng">41840.6026666667</dst>
            <dst id="CHINng">2410.19466666667</dst>
            <dst id="DNVRng">0</dst>
            <dst id="HSTNng">334397.786666667</dst>
            <dst id="IPLSng">70.7093333333333</dst>
            <dst id="KSCYng">59.008</dst>
            <dst id="LOSAng">0</dst>
            <dst id="NYCMng">6447.53333333333</dst>
            <dst id="SNVAng">26.6666666666667</dst>
            <dst id="STTLng">0</dst>
            <dst id="WASHng">118445.954666667</dst>
        </src>
        <src id="IPLSng">
            <dst id="ATLA-M5">0</dst>
            <dst id="ATLAng">15294.7786666667</dst>
            <dst id="CHINng">103443.306666667</dst>
            <dst id="DNVRng">0</dst>
            <dst id="HSTNng">14089.3386666667</dst>
            <dst id="IPLSng">25645.216</dst>
            <dst id="KSCYng">24442.7306666667</dst>
            <dst id="LOSAng">26.6666666666667</dst>
            <dst id="NYCMng">239000.405333333</dst>
            <dst id="SNVAng">274.186666666667</dst>
            <dst id="STTLng">1900</dst>
            <dst id="WASHng">33433.4293333333</dst>
        </src>
        <src id="KSCYng">
            <dst id="ATLA-M5">0</dst>
            <dst id="ATLAng">5165.36533333333</dst>
            <dst id="CHINng">20467.6453333333</dst>
            <dst id="DNVRng">17741.104</dst>
            <dst id="HSTNng">23250.0933333333</dst>
            <dst id="IPLSng">12251.8133333333</dst>
            <dst id="KSCYng">6351.984</dst>
            <dst id="LOSAng">0</dst>
            <dst id="NYCMng">23661.7226666667</dst>
            <dst id="SNVAng">0</dst>
            <dst id="STTLng">26.6666666666667</dst>
            <dst id="WASHng">14602.1946666667</dst>
        </src>
        <src id="LOSAng">
            <dst id="ATLA-M5">0</dst>
            <dst id="ATLAng">33867.9786666667</dst>
            <dst id="CHINng">3650.22933333333</dst>
            <dst id="DNVRng">30428.6106666667</dst>
            <dst id="HSTNng">218696.496</dst>
            <dst id="IPLSng">1293.94133333333</dst>
            <dst id="KSCYng">917.293333333333</dst>
            <dst id="LOSAng">18548.5306666667</dst>
            <dst id="NYCMng">78556.2133333333</dst>
            <dst id="SNVAng">13201.3386666667</dst>
            <dst id="STTLng">21376.376</dst>
            <dst id="WASHng">94714.352</dst>
        </src>
        <src id="NYCMng">
            <dst id="ATLA-M5">0</dst>
            <dst id="ATLAng">46529.8906666667</dst>
            <dst id="CHINng">949.256</dst>
            <dst id="DNVRng">0</dst>
            <dst id="HSTNng">22986.2346666667</dst>
            <dst id="IPLSng">28.9493333333333</dst>
            <dst id="KSCYng">130.672</dst>
            <dst id="LOSAng">169.688</dst>
            <dst id="NYCMng">962883.04</dst>
            <dst id="SNVAng">26.6666666666667</dst>
            <dst id="STTLng">122.106666666667</dst>
            <dst id="WASHng">300654.266666667</dst>
        </src>
        <src id="SNVAng">
            <dst id="ATLA-M5">0</dst>
            <dst id="ATLAng">1042.94666666667</dst>
            <dst id="CHINng">148.152</dst>
            <dst id="DNVRng">1829.02933333333</dst>
            <dst id="HSTNng">4718.83733333333</dst>
            <dst id="IPLSng">0</dst>
            <dst id="KSCYng">252.781333333333</dst>
            <dst id="LOSAng">37823.4933333333</dst>
            <dst id="NYCMng">8520.62933333333</dst>
            <dst id="SNVAng">16807.7546666667</dst>
            <dst id="STTLng">58974.584</dst>
            <dst id="WASHng">1009.74933333333</dst>
        </src>
        <src id="STTLng">
            <dst id="ATLA-M5">0</dst>
            <dst id="ATLAng">15288.928</dst>
            <dst id="CHINng">1544.888</dst>
            <dst id="DNVRng">8202.25866666666</dst>
            <dst id="HSTNng">21878.552</dst>
            <dst id="IPLSng">316.725333333333</dst>
            <dst id="KSCYng">6419.92266666667</dst>
            <dst id="LOSAng">28840.6346666667</dst>
            <dst id="NYCMng">47123.392</dst>
            <dst id="SNVAng">9801.50133333333</dst>
            <dst id="STTLng">5572.84533333333</dst>
            <dst id="WASHng">29591.5626666667</dst>
        </src>
        <src id="WASHng">
            <dst id="ATLA-M5">0</dst>
            <dst id="ATLAng">182051.714666667</dst>
            <dst id="CHINng">920.789333333334</dst>
            <dst id="DNVRng">0</dst>
            <dst id="HSTNng">89610.7306666666</dst>
            <dst id="IPLSng">186.421333333333</dst>
            <dst id="KSCYng">231.802666666667</dst>
            <dst id="LOSAng">1328.608</dst>
            <dst id="NYCMng">615009.066666667</dst>
            <dst id="SNVAng">152.469333333333</dst>
            <dst id="STTLng">257.173333333333</dst>
            <dst id="WASHng">297922.213333333</dst>
        </src>
    </IntraTM>
</TrafficMatrixFile>
