<?xml version="1.0" encoding="ISO-8859-1" standalone="yes"?>
<TrafficMatrixFile xsi:noNamespaceSchemaLocation="http://totem.run.montefiore.ulg.ac.be/Schema/TrafficMatrix-v1_2.xsd" xmlns:xsi="http://www.w3.org/2001/XMLSchema-instance">
    <IntraTM ASID="11537">
        <src id="ATLA-M5">
            <dst id="ATLA-M5">1348.85066666667</dst>
            <dst id="ATLAng">163.957333333333</dst>
            <dst id="CHINng">961.936</dst>
            <dst id="DNVRng">0</dst>
            <dst id="HSTNng">0</dst>
            <dst id="IPLSng">448.216</dst>
            <dst id="KSCYng">0</dst>
            <dst id="LOSAng">0</dst>
            <dst id="NYCMng">769.610666666667</dst>
            <dst id="SNVAng">0</dst>
            <dst id="STTLng">26.6666666666667</dst>
            <dst id="WASHng">1435.67466666667</dst>
        </src>
        <src id="ATLAng">
            <dst id="ATLA-M5">0</dst>
            <dst id="ATLAng">48302.3653333333</dst>
            <dst id="CHINng">16986.088</dst>
            <dst id="DNVRng">0</dst>
            <dst id="HSTNng">4177.29333333333</dst>
            <dst id="IPLSng">40902.2186666667</dst>
            <dst id="KSCYng">60.5226666666667</dst>
            <dst id="LOSAng">26.6666666666667</dst>
            <dst id="NYCMng">43113.3733333333</dst>
            <dst id="SNVAng">26.6666666666667</dst>
            <dst id="STTLng">26.6666666666667</dst>
            <dst id="WASHng">53061.6106666667</dst>
        </src>
        <src id="CHINng">
            <dst id="ATLA-M5">0</dst>
            <dst id="ATLAng">24664.816</dst>
            <dst id="CHINng">25460.3893333333</dst>
            <dst id="DNVRng">0</dst>
            <dst id="HSTNng">20112.9786666667</dst>
            <dst id="IPLSng">54198.3866666667</dst>
            <dst id="KSCYng">133.333333333333</dst>
            <dst id="LOSAng">26.6666666666667</dst>
            <dst id="NYCMng">174942.466666667</dst>
            <dst id="SNVAng">57.4293333333333</dst>
            <dst id="STTLng">486.114666666667</dst>
            <dst id="WASHng">33384.6613333333</dst>
        </src>
        <src id="DNVRng">
            <dst id="ATLA-M5">0</dst>
            <dst id="ATLAng">5608.25333333333</dst>
            <dst id="CHINng">25057.5573333333</dst>
            <dst id="DNVRng">8589.51466666667</dst>
            <dst id="HSTNng">36138.1893333333</dst>
            <dst id="IPLSng">25290.68</dst>
            <dst id="KSCYng">15662.0186666667</dst>
            <dst id="LOSAng">0</dst>
            <dst id="NYCMng">33554.0106666667</dst>
            <dst id="SNVAng">8575.67733333333</dst>
            <dst id="STTLng">141.178666666667</dst>
            <dst id="WASHng">41384.008</dst>
        </src>
        <src id="HSTNng">
            <dst id="ATLA-M5">0</dst>
            <dst id="ATLAng">23805.9413333333</dst>
            <dst id="CHINng">573.050666666667</dst>
            <dst id="DNVRng">26.6666666666667</dst>
            <dst id="HSTNng">118284.925333333</dst>
            <dst id="IPLSng">26.6666666666667</dst>
            <dst id="KSCYng">0</dst>
            <dst id="LOSAng">0</dst>
            <dst id="NYCMng">5194.64</dst>
            <dst id="SNVAng">0</dst>
            <dst id="STTLng">0</dst>
            <dst id="WASHng">80799.1973333333</dst>
        </src>
        <src id="IPLSng">
            <dst id="ATLA-M5">0</dst>
            <dst id="ATLAng">25824.9546666667</dst>
            <dst id="CHINng">88239.2773333333</dst>
            <dst id="DNVRng">0</dst>
            <dst id="HSTNng">16083.536</dst>
            <dst id="IPLSng">23409.3706666667</dst>
            <dst id="KSCYng">17579.3786666667</dst>
            <dst id="LOSAng">0</dst>
            <dst id="NYCMng">137550.490666667</dst>
            <dst id="SNVAng">299.328</dst>
            <dst id="STTLng">182.613333333333</dst>
            <dst id="WASHng">37195.7813333333</dst>
        </src>
        <src id="KSCYng">
            <dst id="ATLA-M5">0</dst>
            <dst id="ATLAng">11348.2266666667</dst>
            <dst id="CHINng">15849.2506666667</dst>
            <dst id="DNVRng">5457.512</dst>
            <dst id="HSTNng">9427.78933333334</dst>
            <dst id="IPLSng">23354.6186666667</dst>
            <dst id="KSCYng">7148.99733333333</dst>
            <dst id="LOSAng">0</dst>
            <dst id="NYCMng">22528.0773333333</dst>
            <dst id="SNVAng">80</dst>
            <dst id="STTLng">0</dst>
            <dst id="WASHng">16102.1626666667</dst>
        </src>
        <src id="LOSAng">
            <dst id="ATLA-M5">0</dst>
            <dst id="ATLAng">20420.8213333333</dst>
            <dst id="CHINng">3028.85066666667</dst>
            <dst id="DNVRng">13951.6586666667</dst>
            <dst id="HSTNng">123088.496</dst>
            <dst id="IPLSng">607.421333333333</dst>
            <dst id="KSCYng">400.304</dst>
            <dst id="LOSAng">15873.4106666667</dst>
            <dst id="NYCMng">111031.898666667</dst>
            <dst id="SNVAng">8408.35733333334</dst>
            <dst id="STTLng">17875.3546666667</dst>
            <dst id="WASHng">66315.4586666667</dst>
        </src>
        <src id="NYCMng">
            <dst id="ATLA-M5">0</dst>
            <dst id="ATLAng">43472.7386666667</dst>
            <dst id="CHINng">1792.72266666667</dst>
            <dst id="DNVRng">0</dst>
            <dst id="HSTNng">18609.6053333333</dst>
            <dst id="IPLSng">63.9786666666667</dst>
            <dst id="KSCYng">168.138666666667</dst>
            <dst id="LOSAng">904.216</dst>
            <dst id="NYCMng">455823.226666667</dst>
            <dst id="SNVAng">26.6666666666667</dst>
            <dst id="STTLng">26.6666666666667</dst>
            <dst id="WASHng">107424.293333333</dst>
        </src>
        <src id="SNVAng">
            <dst id="ATLA-M5">0</dst>
            <dst id="ATLAng">726.869333333333</dst>
            <dst id="CHINng">0</dst>
            <dst id="DNVRng">3035.856</dst>
            <dst id="HSTNng">13838.2426666667</dst>
            <dst id="IPLSng">104.618666666667</dst>
            <dst id="KSCYng">236.130666666667</dst>
            <dst id="LOSAng">34654.6373333333</dst>
            <dst id="NYCMng">9143.38933333333</dst>
            <dst id="SNVAng">11898.072</dst>
            <dst id="STTLng">45833.1066666667</dst>
            <dst id="WASHng">473.056</dst>
        </src>
        <src id="STTLng">
            <dst id="ATLA-M5">0</dst>
            <dst id="ATLAng">8561.26133333333</dst>
            <dst id="CHINng">983.488</dst>
            <dst id="DNVRng">5125.96533333333</dst>
            <dst id="HSTNng">21235.2826666667</dst>
            <dst id="IPLSng">237.490666666667</dst>
            <dst id="KSCYng">3276.11733333333</dst>
            <dst id="LOSAng">13873.9466666667</dst>
            <dst id="NYCMng">42171.816</dst>
            <dst id="SNVAng">4910.04</dst>
            <dst id="STTLng">2940.17333333333</dst>
            <dst id="WASHng">29899.568</dst>
        </src>
        <src id="WASHng">
            <dst id="ATLA-M5">0</dst>
            <dst id="ATLAng">111430.693333333</dst>
            <dst id="CHINng">1898.41866666667</dst>
            <dst id="DNVRng">0</dst>
            <dst id="HSTNng">85476.2213333333</dst>
            <dst id="IPLSng">80</dst>
            <dst id="KSCYng">469.146666666667</dst>
            <dst id="LOSAng">26.6666666666667</dst>
            <dst id="NYCMng">464235.84</dst>
            <dst id="SNVAng">106.666666666667</dst>
            <dst id="STTLng">837.12</dst>
            <dst id="WASHng">264482.026666667</dst>
        </src>
    </IntraTM>
</TrafficMatrixFile>
