<?xml version="1.0" encoding="ISO-8859-1" standalone="yes"?>
<TrafficMatrixFile xsi:noNamespaceSchemaLocation="http://totem.run.montefiore.ulg.ac.be/Schema/TrafficMatrix-v1_2.xsd" xmlns:xsi="http://www.w3.org/2001/XMLSchema-instance">
    <IntraTM ASID="11537">
        <src id="ATLA-M5">
            <dst id="ATLA-M5">0</dst>
            <dst id="ATLAng">159.304</dst>
            <dst id="CHINng">839.786666666667</dst>
            <dst id="DNVRng">0</dst>
            <dst id="HSTNng">103.149333333333</dst>
            <dst id="IPLSng">982.154666666667</dst>
            <dst id="KSCYng">0</dst>
            <dst id="LOSAng">0</dst>
            <dst id="NYCMng">1522.25866666667</dst>
            <dst id="SNVAng">0</dst>
            <dst id="STTLng">0</dst>
            <dst id="WASHng">2167.224</dst>
        </src>
        <src id="ATLAng">
            <dst id="ATLA-M5">0</dst>
            <dst id="ATLAng">27732.5973333333</dst>
            <dst id="CHINng">39119.7946666667</dst>
            <dst id="DNVRng">0</dst>
            <dst id="HSTNng">12081.9066666667</dst>
            <dst id="IPLSng">34847.552</dst>
            <dst id="KSCYng">69.904</dst>
            <dst id="LOSAng">36.7466666666667</dst>
            <dst id="NYCMng">70868.4373333333</dst>
            <dst id="SNVAng">0</dst>
            <dst id="STTLng">1957.112</dst>
            <dst id="WASHng">57670.4053333333</dst>
        </src>
        <src id="CHINng">
            <dst id="ATLA-M5">0</dst>
            <dst id="ATLAng">34808.048</dst>
            <dst id="CHINng">35438.968</dst>
            <dst id="DNVRng">0</dst>
            <dst id="HSTNng">24429.568</dst>
            <dst id="IPLSng">87480.9626666667</dst>
            <dst id="KSCYng">53.3333333333333</dst>
            <dst id="LOSAng">133.898666666667</dst>
            <dst id="NYCMng">228081.093333333</dst>
            <dst id="SNVAng">26.6666666666667</dst>
            <dst id="STTLng">55.9626666666667</dst>
            <dst id="WASHng">31870.1946666667</dst>
        </src>
        <src id="DNVRng">
            <dst id="ATLA-M5">0</dst>
            <dst id="ATLAng">7132.65066666667</dst>
            <dst id="CHINng">40067.8373333333</dst>
            <dst id="DNVRng">4938.17333333333</dst>
            <dst id="HSTNng">62048.9573333333</dst>
            <dst id="IPLSng">31778.6453333333</dst>
            <dst id="KSCYng">9444.88</dst>
            <dst id="LOSAng">0</dst>
            <dst id="NYCMng">41771.6826666667</dst>
            <dst id="SNVAng">14071.1253333333</dst>
            <dst id="STTLng">252.914666666667</dst>
            <dst id="WASHng">46483.1893333333</dst>
        </src>
        <src id="HSTNng">
            <dst id="ATLA-M5">0</dst>
            <dst id="ATLAng">30308.304</dst>
            <dst id="CHINng">1290.17066666667</dst>
            <dst id="DNVRng">29.5893333333333</dst>
            <dst id="HSTNng">143060.530666667</dst>
            <dst id="IPLSng">68.3093333333333</dst>
            <dst id="KSCYng">82.656</dst>
            <dst id="LOSAng">26.6666666666667</dst>
            <dst id="NYCMng">9117.14933333333</dst>
            <dst id="SNVAng">53.3333333333333</dst>
            <dst id="STTLng">26.6666666666667</dst>
            <dst id="WASHng">130263.938666667</dst>
        </src>
        <src id="IPLSng">
            <dst id="ATLA-M5">0</dst>
            <dst id="ATLAng">17862.9706666667</dst>
            <dst id="CHINng">130821.768</dst>
            <dst id="DNVRng">0</dst>
            <dst id="HSTNng">17619.3733333333</dst>
            <dst id="IPLSng">22962.3973333333</dst>
            <dst id="KSCYng">22776.3573333333</dst>
            <dst id="LOSAng">504.821333333333</dst>
            <dst id="NYCMng">311692.106666667</dst>
            <dst id="SNVAng">426.114666666667</dst>
            <dst id="STTLng">918.090666666667</dst>
            <dst id="WASHng">36342.6586666666</dst>
        </src>
        <src id="KSCYng">
            <dst id="ATLA-M5">0</dst>
            <dst id="ATLAng">8702.19466666667</dst>
            <dst id="CHINng">22130.4053333333</dst>
            <dst id="DNVRng">22426.0213333333</dst>
            <dst id="HSTNng">24900.7546666667</dst>
            <dst id="IPLSng">14721.328</dst>
            <dst id="KSCYng">4474.28266666667</dst>
            <dst id="LOSAng">0</dst>
            <dst id="NYCMng">28676.2133333333</dst>
            <dst id="SNVAng">26.6666666666667</dst>
            <dst id="STTLng">48.1866666666667</dst>
            <dst id="WASHng">14359.8</dst>
        </src>
        <src id="LOSAng">
            <dst id="ATLA-M5">0</dst>
            <dst id="ATLAng">23733.5253333333</dst>
            <dst id="CHINng">3631.32533333333</dst>
            <dst id="DNVRng">24958.3626666667</dst>
            <dst id="HSTNng">147176.424</dst>
            <dst id="IPLSng">748.234666666667</dst>
            <dst id="KSCYng">995.101333333333</dst>
            <dst id="LOSAng">20575.2826666667</dst>
            <dst id="NYCMng">74581.976</dst>
            <dst id="SNVAng">11767.8053333333</dst>
            <dst id="STTLng">21547.2133333333</dst>
            <dst id="WASHng">106666.853333333</dst>
        </src>
        <src id="NYCMng">
            <dst id="ATLA-M5">0</dst>
            <dst id="ATLAng">38370.9493333333</dst>
            <dst id="CHINng">1991.888</dst>
            <dst id="DNVRng">0</dst>
            <dst id="HSTNng">24181.9333333333</dst>
            <dst id="IPLSng">221.752</dst>
            <dst id="KSCYng">313.424</dst>
            <dst id="LOSAng">228.986666666667</dst>
            <dst id="NYCMng">1086189.78666667</dst>
            <dst id="SNVAng">133.333333333333</dst>
            <dst id="STTLng">26.6666666666667</dst>
            <dst id="WASHng">322607.28</dst>
        </src>
        <src id="SNVAng">
            <dst id="ATLA-M5">0</dst>
            <dst id="ATLAng">1514.24266666667</dst>
            <dst id="CHINng">27.0133333333333</dst>
            <dst id="DNVRng">17640.2746666667</dst>
            <dst id="HSTNng">6013.008</dst>
            <dst id="IPLSng">81.5146666666667</dst>
            <dst id="KSCYng">1673.71466666667</dst>
            <dst id="LOSAng">46603.1786666667</dst>
            <dst id="NYCMng">7742.86133333333</dst>
            <dst id="SNVAng">18906.9066666667</dst>
            <dst id="STTLng">57510.1813333333</dst>
            <dst id="WASHng">1557.97066666667</dst>
        </src>
        <src id="STTLng">
            <dst id="ATLA-M5">0</dst>
            <dst id="ATLAng">12390.016</dst>
            <dst id="CHINng">2083.68266666667</dst>
            <dst id="DNVRng">7755.74666666667</dst>
            <dst id="HSTNng">24598.4293333333</dst>
            <dst id="IPLSng">170.834666666667</dst>
            <dst id="KSCYng">6520.14133333333</dst>
            <dst id="LOSAng">32810.1146666667</dst>
            <dst id="NYCMng">47200.896</dst>
            <dst id="SNVAng">7774.17866666666</dst>
            <dst id="STTLng">1652.23733333333</dst>
            <dst id="WASHng">38845.8506666667</dst>
        </src>
        <src id="WASHng">
            <dst id="ATLA-M5">0</dst>
            <dst id="ATLAng">119414.6</dst>
            <dst id="CHINng">637.728</dst>
            <dst id="DNVRng">0</dst>
            <dst id="HSTNng">86305.5386666667</dst>
            <dst id="IPLSng">106.666666666667</dst>
            <dst id="KSCYng">149.328</dst>
            <dst id="LOSAng">187.688</dst>
            <dst id="NYCMng">586711.413333333</dst>
            <dst id="SNVAng">80</dst>
            <dst id="STTLng">162.530666666667</dst>
            <dst id="WASHng">284882.56</dst>
        </src>
    </IntraTM>
</TrafficMatrixFile>
