<?xml version="1.0" encoding="ISO-8859-1" standalone="yes"?>
<TrafficMatrixFile xsi:noNamespaceSchemaLocation="http://totem.run.montefiore.ulg.ac.be/Schema/TrafficMatrix-v1_2.xsd" xmlns:xsi="http://www.w3.org/2001/XMLSchema-instance">
    <IntraTM ASID="11537">
        <src id="ATLA-M5">
            <dst id="ATLA-M5">676.032</dst>
            <dst id="ATLAng">583.474666666667</dst>
            <dst id="CHINng">984.013333333333</dst>
            <dst id="DNVRng">0</dst>
            <dst id="HSTNng">125.157333333333</dst>
            <dst id="IPLSng">1577.45333333333</dst>
            <dst id="KSCYng">0</dst>
            <dst id="LOSAng">0</dst>
            <dst id="NYCMng">3781.29066666667</dst>
            <dst id="SNVAng">0</dst>
            <dst id="STTLng">28.3946666666667</dst>
            <dst id="WASHng">922.461333333333</dst>
        </src>
        <src id="ATLAng">
            <dst id="ATLA-M5">0</dst>
            <dst id="ATLAng">35356.5813333333</dst>
            <dst id="CHINng">34099.2746666667</dst>
            <dst id="DNVRng">0</dst>
            <dst id="HSTNng">2559.96</dst>
            <dst id="IPLSng">31137.688</dst>
            <dst id="KSCYng">60.608</dst>
            <dst id="LOSAng">26.6666666666667</dst>
            <dst id="NYCMng">66114.0053333333</dst>
            <dst id="SNVAng">26.6666666666667</dst>
            <dst id="STTLng">26.6666666666667</dst>
            <dst id="WASHng">41722.1546666667</dst>
        </src>
        <src id="CHINng">
            <dst id="ATLA-M5">0</dst>
            <dst id="ATLAng">34077.9466666667</dst>
            <dst id="CHINng">29359.0986666667</dst>
            <dst id="DNVRng">0</dst>
            <dst id="HSTNng">17626.5413333333</dst>
            <dst id="IPLSng">65700.784</dst>
            <dst id="KSCYng">336.928</dst>
            <dst id="LOSAng">26.6666666666667</dst>
            <dst id="NYCMng">217422.701333333</dst>
            <dst id="SNVAng">0</dst>
            <dst id="STTLng">0</dst>
            <dst id="WASHng">41282.1093333333</dst>
        </src>
        <src id="DNVRng">
            <dst id="ATLA-M5">0</dst>
            <dst id="ATLAng">10676.0533333333</dst>
            <dst id="CHINng">45683.2986666667</dst>
            <dst id="DNVRng">8303.48266666667</dst>
            <dst id="HSTNng">37408.0666666667</dst>
            <dst id="IPLSng">34516.5093333333</dst>
            <dst id="KSCYng">14940.2826666667</dst>
            <dst id="LOSAng">26.6666666666667</dst>
            <dst id="NYCMng">33301.5546666667</dst>
            <dst id="SNVAng">13022.096</dst>
            <dst id="STTLng">415.581333333333</dst>
            <dst id="WASHng">43299.3226666667</dst>
        </src>
        <src id="HSTNng">
            <dst id="ATLA-M5">0</dst>
            <dst id="ATLAng">37484.536</dst>
            <dst id="CHINng">1139.16533333333</dst>
            <dst id="DNVRng">26.6666666666667</dst>
            <dst id="HSTNng">128574.301333333</dst>
            <dst id="IPLSng">0</dst>
            <dst id="KSCYng">0</dst>
            <dst id="LOSAng">0</dst>
            <dst id="NYCMng">5203.56</dst>
            <dst id="SNVAng">0</dst>
            <dst id="STTLng">36.9173333333333</dst>
            <dst id="WASHng">114332.597333333</dst>
        </src>
        <src id="IPLSng">
            <dst id="ATLA-M5">0</dst>
            <dst id="ATLAng">14179.896</dst>
            <dst id="CHINng">103718.858666667</dst>
            <dst id="DNVRng">0</dst>
            <dst id="HSTNng">11790.768</dst>
            <dst id="IPLSng">37214.232</dst>
            <dst id="KSCYng">22437.3466666667</dst>
            <dst id="LOSAng">40.288</dst>
            <dst id="NYCMng">198374.493333333</dst>
            <dst id="SNVAng">26.6666666666667</dst>
            <dst id="STTLng">53.3333333333333</dst>
            <dst id="WASHng">35802.7066666667</dst>
        </src>
        <src id="KSCYng">
            <dst id="ATLA-M5">0</dst>
            <dst id="ATLAng">5821.23466666667</dst>
            <dst id="CHINng">25160.032</dst>
            <dst id="DNVRng">15922.728</dst>
            <dst id="HSTNng">17820.072</dst>
            <dst id="IPLSng">11918.3413333333</dst>
            <dst id="KSCYng">6367.74666666667</dst>
            <dst id="LOSAng">0</dst>
            <dst id="NYCMng">56394.3866666667</dst>
            <dst id="SNVAng">0</dst>
            <dst id="STTLng">29.1173333333333</dst>
            <dst id="WASHng">14816.2933333333</dst>
        </src>
        <src id="LOSAng">
            <dst id="ATLA-M5">0</dst>
            <dst id="ATLAng">32249.848</dst>
            <dst id="CHINng">1985.48533333333</dst>
            <dst id="DNVRng">22936.44</dst>
            <dst id="HSTNng">125166.034666667</dst>
            <dst id="IPLSng">2621.63466666667</dst>
            <dst id="KSCYng">272.066666666667</dst>
            <dst id="LOSAng">24063.9066666667</dst>
            <dst id="NYCMng">70864.6346666667</dst>
            <dst id="SNVAng">15514.0826666667</dst>
            <dst id="STTLng">25181.096</dst>
            <dst id="WASHng">94996.8613333333</dst>
        </src>
        <src id="NYCMng">
            <dst id="ATLA-M5">0</dst>
            <dst id="ATLAng">42808.6053333333</dst>
            <dst id="CHINng">1585.24266666667</dst>
            <dst id="DNVRng">0</dst>
            <dst id="HSTNng">24725.3226666667</dst>
            <dst id="IPLSng">170.165333333333</dst>
            <dst id="KSCYng">214.424</dst>
            <dst id="LOSAng">106.666666666667</dst>
            <dst id="NYCMng">565285.92</dst>
            <dst id="SNVAng">210.197333333333</dst>
            <dst id="STTLng">80</dst>
            <dst id="WASHng">116121.664</dst>
        </src>
        <src id="SNVAng">
            <dst id="ATLA-M5">0</dst>
            <dst id="ATLAng">1053.912</dst>
            <dst id="CHINng">181.44</dst>
            <dst id="DNVRng">8933.78133333333</dst>
            <dst id="HSTNng">4017.22133333333</dst>
            <dst id="IPLSng">0</dst>
            <dst id="KSCYng">402.565333333333</dst>
            <dst id="LOSAng">38663.976</dst>
            <dst id="NYCMng">14815.5066666667</dst>
            <dst id="SNVAng">17342.4</dst>
            <dst id="STTLng">58188.7386666666</dst>
            <dst id="WASHng">531.325333333334</dst>
        </src>
        <src id="STTLng">
            <dst id="ATLA-M5">0</dst>
            <dst id="ATLAng">8393.496</dst>
            <dst id="CHINng">602.109333333333</dst>
            <dst id="DNVRng">5846.65066666667</dst>
            <dst id="HSTNng">24438.4186666667</dst>
            <dst id="IPLSng">277.746666666667</dst>
            <dst id="KSCYng">4209.58666666667</dst>
            <dst id="LOSAng">23705.8213333333</dst>
            <dst id="NYCMng">50308.936</dst>
            <dst id="SNVAng">7896.79733333333</dst>
            <dst id="STTLng">7766.864</dst>
            <dst id="WASHng">30683.9413333333</dst>
        </src>
        <src id="WASHng">
            <dst id="ATLA-M5">0</dst>
            <dst id="ATLAng">110513.821333333</dst>
            <dst id="CHINng">230.266666666667</dst>
            <dst id="DNVRng">0</dst>
            <dst id="HSTNng">84720.7706666666</dst>
            <dst id="IPLSng">53.3333333333333</dst>
            <dst id="KSCYng">53.3333333333333</dst>
            <dst id="LOSAng">26.6666666666667</dst>
            <dst id="NYCMng">584153.306666667</dst>
            <dst id="SNVAng">71.6746666666667</dst>
            <dst id="STTLng">158.376</dst>
            <dst id="WASHng">302170.213333333</dst>
        </src>
    </IntraTM>
</TrafficMatrixFile>
