<?xml version="1.0" encoding="ISO-8859-1" standalone="yes"?>
<TrafficMatrixFile xsi:noNamespaceSchemaLocation="http://totem.run.montefiore.ulg.ac.be/Schema/TrafficMatrix-v1_2.xsd" xmlns:xsi="http://www.w3.org/2001/XMLSchema-instance">
    <IntraTM ASID="11537">
        <src id="ATLA-M5">
            <dst id="ATLA-M5">57.68</dst>
            <dst id="ATLAng">153.936</dst>
            <dst id="CHINng">931.794666666667</dst>
            <dst id="DNVRng">0</dst>
            <dst id="HSTNng">857.4</dst>
            <dst id="IPLSng">170.858666666667</dst>
            <dst id="KSCYng">113.141333333333</dst>
            <dst id="LOSAng">0</dst>
            <dst id="NYCMng">218.373333333333</dst>
            <dst id="SNVAng">0</dst>
            <dst id="STTLng">0</dst>
            <dst id="WASHng">2204.35466666667</dst>
        </src>
        <src id="ATLAng">
            <dst id="ATLA-M5">0</dst>
            <dst id="ATLAng">27848.048</dst>
            <dst id="CHINng">20327.2346666667</dst>
            <dst id="DNVRng">123.114666666667</dst>
            <dst id="HSTNng">36008.056</dst>
            <dst id="IPLSng">151618.584</dst>
            <dst id="KSCYng">5074.87733333333</dst>
            <dst id="LOSAng">200.309333333333</dst>
            <dst id="NYCMng">28671.5226666667</dst>
            <dst id="SNVAng">36.2613333333333</dst>
            <dst id="STTLng">155.424</dst>
            <dst id="WASHng">79956.5706666667</dst>
        </src>
        <src id="CHINng">
            <dst id="ATLA-M5">0</dst>
            <dst id="ATLAng">36317.3546666667</dst>
            <dst id="CHINng">142071.442666667</dst>
            <dst id="DNVRng">18697.1413333333</dst>
            <dst id="HSTNng">114966.8</dst>
            <dst id="IPLSng">58973.7013333333</dst>
            <dst id="KSCYng">17010.4933333333</dst>
            <dst id="LOSAng">688.709333333333</dst>
            <dst id="NYCMng">46772.1493333334</dst>
            <dst id="SNVAng">0</dst>
            <dst id="STTLng">873.634666666667</dst>
            <dst id="WASHng">41781.176</dst>
        </src>
        <src id="DNVRng">
            <dst id="ATLA-M5">0</dst>
            <dst id="ATLAng">7011.648</dst>
            <dst id="CHINng">73692.0853333333</dst>
            <dst id="DNVRng">8343.93333333334</dst>
            <dst id="HSTNng">71640.5066666667</dst>
            <dst id="IPLSng">27205.488</dst>
            <dst id="KSCYng">12060.16</dst>
            <dst id="LOSAng">43.6613333333333</dst>
            <dst id="NYCMng">30383.8293333333</dst>
            <dst id="SNVAng">8032.61333333333</dst>
            <dst id="STTLng">133.333333333333</dst>
            <dst id="WASHng">30705.0933333333</dst>
        </src>
        <src id="HSTNng">
            <dst id="ATLA-M5">0</dst>
            <dst id="ATLAng">32716.4826666667</dst>
            <dst id="CHINng">2343.944</dst>
            <dst id="DNVRng">26.6666666666667</dst>
            <dst id="HSTNng">160446.098666667</dst>
            <dst id="IPLSng">102.874666666667</dst>
            <dst id="KSCYng">0</dst>
            <dst id="LOSAng">183.514666666667</dst>
            <dst id="NYCMng">8599.87466666667</dst>
            <dst id="SNVAng">80</dst>
            <dst id="STTLng">95.3733333333333</dst>
            <dst id="WASHng">98992.1893333334</dst>
        </src>
        <src id="IPLSng">
            <dst id="ATLA-M5">0</dst>
            <dst id="ATLAng">84775.3306666667</dst>
            <dst id="CHINng">168323.013333333</dst>
            <dst id="DNVRng">12387.1733333333</dst>
            <dst id="HSTNng">77237.032</dst>
            <dst id="IPLSng">44627.704</dst>
            <dst id="KSCYng">19026.1093333333</dst>
            <dst id="LOSAng">131.312</dst>
            <dst id="NYCMng">43168.264</dst>
            <dst id="SNVAng">33.624</dst>
            <dst id="STTLng">374.730666666667</dst>
            <dst id="WASHng">23851.8666666667</dst>
        </src>
        <src id="KSCYng">
            <dst id="ATLA-M5">0</dst>
            <dst id="ATLAng">6239.41333333333</dst>
            <dst id="CHINng">33936.7893333333</dst>
            <dst id="DNVRng">8026.76</dst>
            <dst id="HSTNng">21997.616</dst>
            <dst id="IPLSng">13899.4533333333</dst>
            <dst id="KSCYng">5564.176</dst>
            <dst id="LOSAng">0</dst>
            <dst id="NYCMng">9183.13333333333</dst>
            <dst id="SNVAng">26.6666666666667</dst>
            <dst id="STTLng">80</dst>
            <dst id="WASHng">11686.6666666667</dst>
        </src>
        <src id="LOSAng">
            <dst id="ATLA-M5">0</dst>
            <dst id="ATLAng">25482.2426666667</dst>
            <dst id="CHINng">14326.5146666667</dst>
            <dst id="DNVRng">9573.35466666667</dst>
            <dst id="HSTNng">191444.650666667</dst>
            <dst id="IPLSng">373.658666666667</dst>
            <dst id="KSCYng">71.9653333333333</dst>
            <dst id="LOSAng">56129.7386666666</dst>
            <dst id="NYCMng">62476.0133333333</dst>
            <dst id="SNVAng">10531.4</dst>
            <dst id="STTLng">31738.152</dst>
            <dst id="WASHng">90975.76</dst>
        </src>
        <src id="NYCMng">
            <dst id="ATLA-M5">0</dst>
            <dst id="ATLAng">38263.3253333333</dst>
            <dst id="CHINng">76806.5333333333</dst>
            <dst id="DNVRng">36465.352</dst>
            <dst id="HSTNng">150492.677333333</dst>
            <dst id="IPLSng">58399.8293333333</dst>
            <dst id="KSCYng">26007.1866666667</dst>
            <dst id="LOSAng">281.229333333333</dst>
            <dst id="NYCMng">238575.605333333</dst>
            <dst id="SNVAng">26.6666666666667</dst>
            <dst id="STTLng">6727.896</dst>
            <dst id="WASHng">108139.429333333</dst>
        </src>
        <src id="SNVAng">
            <dst id="ATLA-M5">0</dst>
            <dst id="ATLAng">1974.856</dst>
            <dst id="CHINng">516.490666666667</dst>
            <dst id="DNVRng">3180.432</dst>
            <dst id="HSTNng">4989.76266666667</dst>
            <dst id="IPLSng">30.3146666666667</dst>
            <dst id="KSCYng">708.773333333333</dst>
            <dst id="LOSAng">34656.28</dst>
            <dst id="NYCMng">5028.48</dst>
            <dst id="SNVAng">12794.4773333333</dst>
            <dst id="STTLng">50814.4933333333</dst>
            <dst id="WASHng">759.061333333333</dst>
        </src>
        <src id="STTLng">
            <dst id="ATLA-M5">0</dst>
            <dst id="ATLAng">11472.736</dst>
            <dst id="CHINng">23877.8666666667</dst>
            <dst id="DNVRng">6537.22133333333</dst>
            <dst id="HSTNng">55291.8933333333</dst>
            <dst id="IPLSng">387.314666666667</dst>
            <dst id="KSCYng">2328.952</dst>
            <dst id="LOSAng">28011.856</dst>
            <dst id="NYCMng">18537.576</dst>
            <dst id="SNVAng">7405.64</dst>
            <dst id="STTLng">6033.92533333333</dst>
            <dst id="WASHng">27338.7546666667</dst>
        </src>
        <src id="WASHng">
            <dst id="ATLA-M5">0</dst>
            <dst id="ATLAng">110909.032</dst>
            <dst id="CHINng">89025.688</dst>
            <dst id="DNVRng">4024.488</dst>
            <dst id="HSTNng">301831.306666667</dst>
            <dst id="IPLSng">53551.6746666667</dst>
            <dst id="KSCYng">25964.08</dst>
            <dst id="LOSAng">143.234666666667</dst>
            <dst id="NYCMng">151311.488</dst>
            <dst id="SNVAng">315.082666666667</dst>
            <dst id="STTLng">7286.032</dst>
            <dst id="WASHng">423538.026666667</dst>
        </src>
    </IntraTM>
</TrafficMatrixFile>
