<?xml version="1.0" encoding="ISO-8859-1" standalone="yes"?>
<TrafficMatrixFile xsi:noNamespaceSchemaLocation="http://totem.run.montefiore.ulg.ac.be/Schema/TrafficMatrix-v1_2.xsd" xmlns:xsi="http://www.w3.org/2001/XMLSchema-instance">
    <IntraTM ASID="11537">
        <src id="ATLA-M5">
            <dst id="ATLA-M5">158.544</dst>
            <dst id="ATLAng">2029.61866666667</dst>
            <dst id="CHINng">1499.19466666667</dst>
            <dst id="DNVRng">0</dst>
            <dst id="HSTNng">1556.48533333333</dst>
            <dst id="IPLSng">943.181333333333</dst>
            <dst id="KSCYng">784.533333333333</dst>
            <dst id="LOSAng">0</dst>
            <dst id="NYCMng">413.6</dst>
            <dst id="SNVAng">0</dst>
            <dst id="STTLng">0</dst>
            <dst id="WASHng">2601.048</dst>
        </src>
        <src id="ATLAng">
            <dst id="ATLA-M5">0</dst>
            <dst id="ATLAng">31493.584</dst>
            <dst id="CHINng">38140.2186666667</dst>
            <dst id="DNVRng">138.717333333333</dst>
            <dst id="HSTNng">73081.2133333333</dst>
            <dst id="IPLSng">45102.2773333333</dst>
            <dst id="KSCYng">5947.65866666667</dst>
            <dst id="LOSAng">128.045333333333</dst>
            <dst id="NYCMng">18474.84</dst>
            <dst id="SNVAng">94.7786666666667</dst>
            <dst id="STTLng">977.472</dst>
            <dst id="WASHng">66364.2133333333</dst>
        </src>
        <src id="CHINng">
            <dst id="ATLA-M5">0</dst>
            <dst id="ATLAng">38597.6986666667</dst>
            <dst id="CHINng">110784.397333333</dst>
            <dst id="DNVRng">27111.4026666667</dst>
            <dst id="HSTNng">115355.365333333</dst>
            <dst id="IPLSng">77708.9493333333</dst>
            <dst id="KSCYng">18239.1626666667</dst>
            <dst id="LOSAng">271.36</dst>
            <dst id="NYCMng">47432.976</dst>
            <dst id="SNVAng">107.912</dst>
            <dst id="STTLng">873.808</dst>
            <dst id="WASHng">55510.2053333333</dst>
        </src>
        <src id="DNVRng">
            <dst id="ATLA-M5">0</dst>
            <dst id="ATLAng">24486.36</dst>
            <dst id="CHINng">65812.4346666667</dst>
            <dst id="DNVRng">17150.4373333333</dst>
            <dst id="HSTNng">63841.2533333333</dst>
            <dst id="IPLSng">55375.8133333333</dst>
            <dst id="KSCYng">26225.6986666667</dst>
            <dst id="LOSAng">26.6666666666667</dst>
            <dst id="NYCMng">21780.52</dst>
            <dst id="SNVAng">25531.4053333333</dst>
            <dst id="STTLng">311.525333333333</dst>
            <dst id="WASHng">51698.096</dst>
        </src>
        <src id="HSTNng">
            <dst id="ATLA-M5">0</dst>
            <dst id="ATLAng">40589.9706666667</dst>
            <dst id="CHINng">4320.82133333333</dst>
            <dst id="DNVRng">143.805333333333</dst>
            <dst id="HSTNng">191490.005333333</dst>
            <dst id="IPLSng">120</dst>
            <dst id="KSCYng">1034.31466666667</dst>
            <dst id="LOSAng">26.6666666666667</dst>
            <dst id="NYCMng">11873.128</dst>
            <dst id="SNVAng">58.656</dst>
            <dst id="STTLng">154.453333333333</dst>
            <dst id="WASHng">132344.109333333</dst>
        </src>
        <src id="IPLSng">
            <dst id="ATLA-M5">0</dst>
            <dst id="ATLAng">36380.4133333333</dst>
            <dst id="CHINng">108314.992</dst>
            <dst id="DNVRng">19040.2213333333</dst>
            <dst id="HSTNng">137349.138666667</dst>
            <dst id="IPLSng">42280.0666666667</dst>
            <dst id="KSCYng">45492.768</dst>
            <dst id="LOSAng">0</dst>
            <dst id="NYCMng">64088.0453333333</dst>
            <dst id="SNVAng">5568.472</dst>
            <dst id="STTLng">592.642666666667</dst>
            <dst id="WASHng">77469.88</dst>
        </src>
        <src id="KSCYng">
            <dst id="ATLA-M5">0</dst>
            <dst id="ATLAng">8280.392</dst>
            <dst id="CHINng">33902.4373333333</dst>
            <dst id="DNVRng">23141.0906666667</dst>
            <dst id="HSTNng">17277.112</dst>
            <dst id="IPLSng">35665.2826666667</dst>
            <dst id="KSCYng">8090.68</dst>
            <dst id="LOSAng">26.6666666666667</dst>
            <dst id="NYCMng">11492.7813333333</dst>
            <dst id="SNVAng">53.3333333333333</dst>
            <dst id="STTLng">106.437333333333</dst>
            <dst id="WASHng">13801.5653333333</dst>
        </src>
        <src id="LOSAng">
            <dst id="ATLA-M5">0</dst>
            <dst id="ATLAng">31553.9546666667</dst>
            <dst id="CHINng">6561.432</dst>
            <dst id="DNVRng">27122.168</dst>
            <dst id="HSTNng">166888.133333333</dst>
            <dst id="IPLSng">1294.232</dst>
            <dst id="KSCYng">570.746666666667</dst>
            <dst id="LOSAng">14239.1546666667</dst>
            <dst id="NYCMng">70171.6106666667</dst>
            <dst id="SNVAng">14167.4133333333</dst>
            <dst id="STTLng">30770</dst>
            <dst id="WASHng">109936.784</dst>
        </src>
        <src id="NYCMng">
            <dst id="ATLA-M5">0</dst>
            <dst id="ATLAng">61150.8453333333</dst>
            <dst id="CHINng">86183.4773333333</dst>
            <dst id="DNVRng">45674.488</dst>
            <dst id="HSTNng">160519.272</dst>
            <dst id="IPLSng">106883.498666667</dst>
            <dst id="KSCYng">32166.7733333333</dst>
            <dst id="LOSAng">91.032</dst>
            <dst id="NYCMng">286980.266666667</dst>
            <dst id="SNVAng">498.392</dst>
            <dst id="STTLng">1361.19466666667</dst>
            <dst id="WASHng">190978.053333333</dst>
        </src>
        <src id="SNVAng">
            <dst id="ATLA-M5">0</dst>
            <dst id="ATLAng">2658.8</dst>
            <dst id="CHINng">1072.08533333333</dst>
            <dst id="DNVRng">9634.58933333333</dst>
            <dst id="HSTNng">11933.248</dst>
            <dst id="IPLSng">0</dst>
            <dst id="KSCYng">2473.53866666667</dst>
            <dst id="LOSAng">46441.0373333333</dst>
            <dst id="NYCMng">9144.52533333333</dst>
            <dst id="SNVAng">19146.7013333333</dst>
            <dst id="STTLng">56484.0746666667</dst>
            <dst id="WASHng">1607.904</dst>
        </src>
        <src id="STTLng">
            <dst id="ATLA-M5">0</dst>
            <dst id="ATLAng">20113.12</dst>
            <dst id="CHINng">23668.592</dst>
            <dst id="DNVRng">13611.2053333333</dst>
            <dst id="HSTNng">53557.9493333333</dst>
            <dst id="IPLSng">468.096</dst>
            <dst id="KSCYng">7305.91733333333</dst>
            <dst id="LOSAng">29681.248</dst>
            <dst id="NYCMng">17883</dst>
            <dst id="SNVAng">12041.2053333333</dst>
            <dst id="STTLng">7914.37066666667</dst>
            <dst id="WASHng">37288.2693333333</dst>
        </src>
        <src id="WASHng">
            <dst id="ATLA-M5">0</dst>
            <dst id="ATLAng">93287.224</dst>
            <dst id="CHINng">115818.461333333</dst>
            <dst id="DNVRng">4195.42666666667</dst>
            <dst id="HSTNng">375041.6</dst>
            <dst id="IPLSng">104965.76</dst>
            <dst id="KSCYng">28357.6773333333</dst>
            <dst id="LOSAng">519.306666666667</dst>
            <dst id="NYCMng">219686.746666667</dst>
            <dst id="SNVAng">657.818666666667</dst>
            <dst id="STTLng">4731.37066666667</dst>
            <dst id="WASHng">310199.573333333</dst>
        </src>
    </IntraTM>
</TrafficMatrixFile>
