<?xml version="1.0" encoding="ISO-8859-1" standalone="yes"?>
<TrafficMatrixFile xsi:noNamespaceSchemaLocation="http://totem.run.montefiore.ulg.ac.be/Schema/TrafficMatrix-v1_2.xsd" xmlns:xsi="http://www.w3.org/2001/XMLSchema-instance">
    <IntraTM ASID="11537">
        <src id="ATLA-M5">
            <dst id="ATLA-M5">0</dst>
            <dst id="ATLAng">175.925333333333</dst>
            <dst id="CHINng">826.266666666667</dst>
            <dst id="DNVRng">0</dst>
            <dst id="HSTNng">26.6666666666667</dst>
            <dst id="IPLSng">391.405333333333</dst>
            <dst id="KSCYng">0</dst>
            <dst id="LOSAng">0</dst>
            <dst id="NYCMng">1546.86933333333</dst>
            <dst id="SNVAng">0</dst>
            <dst id="STTLng">0</dst>
            <dst id="WASHng">2553.872</dst>
        </src>
        <src id="ATLAng">
            <dst id="ATLA-M5">0</dst>
            <dst id="ATLAng">52130.8933333333</dst>
            <dst id="CHINng">16072</dst>
            <dst id="DNVRng">0</dst>
            <dst id="HSTNng">1978.95733333333</dst>
            <dst id="IPLSng">23699.5653333333</dst>
            <dst id="KSCYng">0</dst>
            <dst id="LOSAng">145.221333333333</dst>
            <dst id="NYCMng">40958.176</dst>
            <dst id="SNVAng">0</dst>
            <dst id="STTLng">26.6666666666667</dst>
            <dst id="WASHng">49792.9253333333</dst>
        </src>
        <src id="CHINng">
            <dst id="ATLA-M5">0</dst>
            <dst id="ATLAng">19772.312</dst>
            <dst id="CHINng">20085.4453333333</dst>
            <dst id="DNVRng">0</dst>
            <dst id="HSTNng">12682.4586666667</dst>
            <dst id="IPLSng">24926.9733333333</dst>
            <dst id="KSCYng">53.3333333333333</dst>
            <dst id="LOSAng">80</dst>
            <dst id="NYCMng">187575.749333333</dst>
            <dst id="SNVAng">26.6666666666667</dst>
            <dst id="STTLng">1910.66666666667</dst>
            <dst id="WASHng">25456.9093333333</dst>
        </src>
        <src id="DNVRng">
            <dst id="ATLA-M5">0</dst>
            <dst id="ATLAng">8923.01333333333</dst>
            <dst id="CHINng">25860.08</dst>
            <dst id="DNVRng">11093.688</dst>
            <dst id="HSTNng">27772.2586666667</dst>
            <dst id="IPLSng">24356.7333333333</dst>
            <dst id="KSCYng">21437.584</dst>
            <dst id="LOSAng">0</dst>
            <dst id="NYCMng">42025.12</dst>
            <dst id="SNVAng">12376.344</dst>
            <dst id="STTLng">2227.088</dst>
            <dst id="WASHng">38597.152</dst>
        </src>
        <src id="HSTNng">
            <dst id="ATLA-M5">0</dst>
            <dst id="ATLAng">23791.456</dst>
            <dst id="CHINng">158.573333333333</dst>
            <dst id="DNVRng">0</dst>
            <dst id="HSTNng">77849.9786666666</dst>
            <dst id="IPLSng">0</dst>
            <dst id="KSCYng">0</dst>
            <dst id="LOSAng">0</dst>
            <dst id="NYCMng">5476.69066666667</dst>
            <dst id="SNVAng">0</dst>
            <dst id="STTLng">0</dst>
            <dst id="WASHng">104564.312</dst>
        </src>
        <src id="IPLSng">
            <dst id="ATLA-M5">0</dst>
            <dst id="ATLAng">25593.064</dst>
            <dst id="CHINng">57013.7386666666</dst>
            <dst id="DNVRng">0</dst>
            <dst id="HSTNng">10848.144</dst>
            <dst id="IPLSng">21251.0213333333</dst>
            <dst id="KSCYng">17492.7413333333</dst>
            <dst id="LOSAng">219.658666666667</dst>
            <dst id="NYCMng">102700.893333333</dst>
            <dst id="SNVAng">152.885333333333</dst>
            <dst id="STTLng">72.5866666666667</dst>
            <dst id="WASHng">16057.136</dst>
        </src>
        <src id="KSCYng">
            <dst id="ATLA-M5">0</dst>
            <dst id="ATLAng">4952.792</dst>
            <dst id="CHINng">14647.6426666667</dst>
            <dst id="DNVRng">6960.016</dst>
            <dst id="HSTNng">13274.2693333333</dst>
            <dst id="IPLSng">12756.0666666667</dst>
            <dst id="KSCYng">5955.09333333333</dst>
            <dst id="LOSAng">0</dst>
            <dst id="NYCMng">21439.72</dst>
            <dst id="SNVAng">0</dst>
            <dst id="STTLng">0</dst>
            <dst id="WASHng">7567.54666666667</dst>
        </src>
        <src id="LOSAng">
            <dst id="ATLA-M5">0</dst>
            <dst id="ATLAng">18844.3626666667</dst>
            <dst id="CHINng">1427.056</dst>
            <dst id="DNVRng">6591.76</dst>
            <dst id="HSTNng">80220.6773333333</dst>
            <dst id="IPLSng">673.938666666667</dst>
            <dst id="KSCYng">123.570666666667</dst>
            <dst id="LOSAng">17137.088</dst>
            <dst id="NYCMng">63734.6826666667</dst>
            <dst id="SNVAng">9028.048</dst>
            <dst id="STTLng">15717.0106666667</dst>
            <dst id="WASHng">94169.2586666667</dst>
        </src>
        <src id="NYCMng">
            <dst id="ATLA-M5">0</dst>
            <dst id="ATLAng">22390.7093333333</dst>
            <dst id="CHINng">858.048</dst>
            <dst id="DNVRng">0</dst>
            <dst id="HSTNng">11185.328</dst>
            <dst id="IPLSng">26.6666666666667</dst>
            <dst id="KSCYng">84.8906666666667</dst>
            <dst id="LOSAng">53.3333333333333</dst>
            <dst id="NYCMng">335224.08</dst>
            <dst id="SNVAng">26.6666666666667</dst>
            <dst id="STTLng">640.106666666667</dst>
            <dst id="WASHng">80937.856</dst>
        </src>
        <src id="SNVAng">
            <dst id="ATLA-M5">0</dst>
            <dst id="ATLAng">686.013333333333</dst>
            <dst id="CHINng">0</dst>
            <dst id="DNVRng">3021.86933333333</dst>
            <dst id="HSTNng">9851.08266666667</dst>
            <dst id="IPLSng">271.498666666667</dst>
            <dst id="KSCYng">137.624</dst>
            <dst id="LOSAng">35055.16</dst>
            <dst id="NYCMng">3859.38933333333</dst>
            <dst id="SNVAng">13827.9173333333</dst>
            <dst id="STTLng">47319.6533333333</dst>
            <dst id="WASHng">295.981333333333</dst>
        </src>
        <src id="STTLng">
            <dst id="ATLA-M5">0</dst>
            <dst id="ATLAng">6115.29866666667</dst>
            <dst id="CHINng">853.690666666667</dst>
            <dst id="DNVRng">4527.152</dst>
            <dst id="HSTNng">11578.1733333333</dst>
            <dst id="IPLSng">296.688</dst>
            <dst id="KSCYng">2332.94933333333</dst>
            <dst id="LOSAng">17926.416</dst>
            <dst id="NYCMng">43200.616</dst>
            <dst id="SNVAng">3517.62666666667</dst>
            <dst id="STTLng">4585.8</dst>
            <dst id="WASHng">25364.04</dst>
        </src>
        <src id="WASHng">
            <dst id="ATLA-M5">0</dst>
            <dst id="ATLAng">126206.602666667</dst>
            <dst id="CHINng">1231.49333333333</dst>
            <dst id="DNVRng">0</dst>
            <dst id="HSTNng">66148.2133333333</dst>
            <dst id="IPLSng">159.76</dst>
            <dst id="KSCYng">104.613333333333</dst>
            <dst id="LOSAng">134.666666666667</dst>
            <dst id="NYCMng">460976.106666667</dst>
            <dst id="SNVAng">106.666666666667</dst>
            <dst id="STTLng">0</dst>
            <dst id="WASHng">285080.586666667</dst>
        </src>
    </IntraTM>
</TrafficMatrixFile>
