<?xml version="1.0" encoding="ISO-8859-1" standalone="yes"?>
<TrafficMatrixFile xsi:noNamespaceSchemaLocation="http://totem.run.montefiore.ulg.ac.be/Schema/TrafficMatrix-v1_2.xsd" xmlns:xsi="http://www.w3.org/2001/XMLSchema-instance">
    <IntraTM ASID="11537">
        <src id="ATLA-M5">
            <dst id="ATLA-M5">0</dst>
            <dst id="ATLAng">132.890666666667</dst>
            <dst id="CHINng">454.709333333333</dst>
            <dst id="DNVRng">0</dst>
            <dst id="HSTNng">238.826666666667</dst>
            <dst id="IPLSng">313.250666666667</dst>
            <dst id="KSCYng">0</dst>
            <dst id="LOSAng">0</dst>
            <dst id="NYCMng">1100.25866666667</dst>
            <dst id="SNVAng">0</dst>
            <dst id="STTLng">0</dst>
            <dst id="WASHng">1546.73066666667</dst>
        </src>
        <src id="ATLAng">
            <dst id="ATLA-M5">0</dst>
            <dst id="ATLAng">29345.1093333333</dst>
            <dst id="CHINng">15376.1893333333</dst>
            <dst id="DNVRng">0</dst>
            <dst id="HSTNng">2959.49333333333</dst>
            <dst id="IPLSng">23932.4373333333</dst>
            <dst id="KSCYng">153.402666666667</dst>
            <dst id="LOSAng">0</dst>
            <dst id="NYCMng">40739.728</dst>
            <dst id="SNVAng">0</dst>
            <dst id="STTLng">123.253333333333</dst>
            <dst id="WASHng">44379.504</dst>
        </src>
        <src id="CHINng">
            <dst id="ATLA-M5">0</dst>
            <dst id="ATLAng">21022.6213333333</dst>
            <dst id="CHINng">22145.1226666667</dst>
            <dst id="DNVRng">0</dst>
            <dst id="HSTNng">9664.848</dst>
            <dst id="IPLSng">31384.44</dst>
            <dst id="KSCYng">103.197333333333</dst>
            <dst id="LOSAng">58.32</dst>
            <dst id="NYCMng">190241.698666667</dst>
            <dst id="SNVAng">0</dst>
            <dst id="STTLng">920.421333333333</dst>
            <dst id="WASHng">26845.0826666667</dst>
        </src>
        <src id="DNVRng">
            <dst id="ATLA-M5">0</dst>
            <dst id="ATLAng">6148.94133333333</dst>
            <dst id="CHINng">29579.2773333333</dst>
            <dst id="DNVRng">3198.77333333333</dst>
            <dst id="HSTNng">21055.904</dst>
            <dst id="IPLSng">24659.5733333333</dst>
            <dst id="KSCYng">9134.35733333333</dst>
            <dst id="LOSAng">0</dst>
            <dst id="NYCMng">32175.6613333333</dst>
            <dst id="SNVAng">6456.91733333333</dst>
            <dst id="STTLng">2230.528</dst>
            <dst id="WASHng">33619.2826666667</dst>
        </src>
        <src id="HSTNng">
            <dst id="ATLA-M5">0</dst>
            <dst id="ATLAng">17852.0773333333</dst>
            <dst id="CHINng">166.445333333333</dst>
            <dst id="DNVRng">0</dst>
            <dst id="HSTNng">71165.64</dst>
            <dst id="IPLSng">53.3333333333333</dst>
            <dst id="KSCYng">0</dst>
            <dst id="LOSAng">0</dst>
            <dst id="NYCMng">2296.09066666667</dst>
            <dst id="SNVAng">0</dst>
            <dst id="STTLng">0</dst>
            <dst id="WASHng">104747.576</dst>
        </src>
        <src id="IPLSng">
            <dst id="ATLA-M5">0</dst>
            <dst id="ATLAng">15770.1786666667</dst>
            <dst id="CHINng">69645.4266666667</dst>
            <dst id="DNVRng">0</dst>
            <dst id="HSTNng">9673.90933333333</dst>
            <dst id="IPLSng">24930.096</dst>
            <dst id="KSCYng">17141.2373333333</dst>
            <dst id="LOSAng">0</dst>
            <dst id="NYCMng">126725.256</dst>
            <dst id="SNVAng">26.6666666666667</dst>
            <dst id="STTLng">0</dst>
            <dst id="WASHng">19425.312</dst>
        </src>
        <src id="KSCYng">
            <dst id="ATLA-M5">0</dst>
            <dst id="ATLAng">5440.75733333333</dst>
            <dst id="CHINng">13038.2453333333</dst>
            <dst id="DNVRng">6039.36266666667</dst>
            <dst id="HSTNng">17983.6213333333</dst>
            <dst id="IPLSng">10061.3893333333</dst>
            <dst id="KSCYng">7877.50933333333</dst>
            <dst id="LOSAng">0</dst>
            <dst id="NYCMng">25808.5813333333</dst>
            <dst id="SNVAng">26.6666666666667</dst>
            <dst id="STTLng">0</dst>
            <dst id="WASHng">8722.6</dst>
        </src>
        <src id="LOSAng">
            <dst id="ATLA-M5">0</dst>
            <dst id="ATLAng">12698.24</dst>
            <dst id="CHINng">2380.87733333333</dst>
            <dst id="DNVRng">8113.01333333333</dst>
            <dst id="HSTNng">97476.6533333333</dst>
            <dst id="IPLSng">1106.82666666667</dst>
            <dst id="KSCYng">82.9626666666667</dst>
            <dst id="LOSAng">23413.3306666667</dst>
            <dst id="NYCMng">54411.9653333333</dst>
            <dst id="SNVAng">10595.3813333333</dst>
            <dst id="STTLng">18252.3946666667</dst>
            <dst id="WASHng">91861.912</dst>
        </src>
        <src id="NYCMng">
            <dst id="ATLA-M5">0</dst>
            <dst id="ATLAng">27883.9973333333</dst>
            <dst id="CHINng">959.021333333333</dst>
            <dst id="DNVRng">0</dst>
            <dst id="HSTNng">15720.7626666667</dst>
            <dst id="IPLSng">0</dst>
            <dst id="KSCYng">26.6666666666667</dst>
            <dst id="LOSAng">89.6773333333333</dst>
            <dst id="NYCMng">361095.546666667</dst>
            <dst id="SNVAng">53.3333333333333</dst>
            <dst id="STTLng">632.853333333333</dst>
            <dst id="WASHng">77216.1226666667</dst>
        </src>
        <src id="SNVAng">
            <dst id="ATLA-M5">0</dst>
            <dst id="ATLAng">530.448</dst>
            <dst id="CHINng">53.3333333333333</dst>
            <dst id="DNVRng">5855.89066666667</dst>
            <dst id="HSTNng">3633.45066666667</dst>
            <dst id="IPLSng">310.677333333333</dst>
            <dst id="KSCYng">517.074666666667</dst>
            <dst id="LOSAng">34886.8426666667</dst>
            <dst id="NYCMng">4634.112</dst>
            <dst id="SNVAng">13602.4826666667</dst>
            <dst id="STTLng">53619.04</dst>
            <dst id="WASHng">1093.03466666667</dst>
        </src>
        <src id="STTLng">
            <dst id="ATLA-M5">0</dst>
            <dst id="ATLAng">6547.632</dst>
            <dst id="CHINng">641.570666666667</dst>
            <dst id="DNVRng">4570.86666666667</dst>
            <dst id="HSTNng">14455.5626666667</dst>
            <dst id="IPLSng">116.288</dst>
            <dst id="KSCYng">2399.87466666667</dst>
            <dst id="LOSAng">18363.264</dst>
            <dst id="NYCMng">44202.4826666667</dst>
            <dst id="SNVAng">3209.87466666667</dst>
            <dst id="STTLng">954.248</dst>
            <dst id="WASHng">24755.272</dst>
        </src>
        <src id="WASHng">
            <dst id="ATLA-M5">0</dst>
            <dst id="ATLAng">114765.36</dst>
            <dst id="CHINng">831.989333333333</dst>
            <dst id="DNVRng">0</dst>
            <dst id="HSTNng">66582.6346666667</dst>
            <dst id="IPLSng">86.7386666666667</dst>
            <dst id="KSCYng">373.002666666667</dst>
            <dst id="LOSAng">55.4666666666667</dst>
            <dst id="NYCMng">481431.52</dst>
            <dst id="SNVAng">144.802666666667</dst>
            <dst id="STTLng">26.6666666666667</dst>
            <dst id="WASHng">313171.946666667</dst>
        </src>
    </IntraTM>
</TrafficMatrixFile>
