<?xml version="1.0" encoding="ISO-8859-1" standalone="yes"?>
<TrafficMatrixFile xsi:noNamespaceSchemaLocation="http://totem.run.montefiore.ulg.ac.be/Schema/TrafficMatrix-v1_2.xsd" xmlns:xsi="http://www.w3.org/2001/XMLSchema-instance">
    <IntraTM ASID="11537">
        <src id="ATLA-M5">
            <dst id="ATLA-M5">53.3333333333333</dst>
            <dst id="ATLAng">80</dst>
            <dst id="CHINng">974.981333333333</dst>
            <dst id="DNVRng">0</dst>
            <dst id="HSTNng">3634.87733333333</dst>
            <dst id="IPLSng">1367.68</dst>
            <dst id="KSCYng">0</dst>
            <dst id="LOSAng">0</dst>
            <dst id="NYCMng">5500.81333333333</dst>
            <dst id="SNVAng">0</dst>
            <dst id="STTLng">0</dst>
            <dst id="WASHng">577.810666666667</dst>
        </src>
        <src id="ATLAng">
            <dst id="ATLA-M5">0</dst>
            <dst id="ATLAng">27198.112</dst>
            <dst id="CHINng">33176.168</dst>
            <dst id="DNVRng">0</dst>
            <dst id="HSTNng">15034.248</dst>
            <dst id="IPLSng">32242.2053333333</dst>
            <dst id="KSCYng">0</dst>
            <dst id="LOSAng">0</dst>
            <dst id="NYCMng">58110.2026666667</dst>
            <dst id="SNVAng">26.6666666666667</dst>
            <dst id="STTLng">126.421333333333</dst>
            <dst id="WASHng">41103.7946666667</dst>
        </src>
        <src id="CHINng">
            <dst id="ATLA-M5">0</dst>
            <dst id="ATLAng">28898.632</dst>
            <dst id="CHINng">33500.3786666667</dst>
            <dst id="DNVRng">0</dst>
            <dst id="HSTNng">17603.4826666667</dst>
            <dst id="IPLSng">77802.2026666666</dst>
            <dst id="KSCYng">266.293333333333</dst>
            <dst id="LOSAng">83.6666666666667</dst>
            <dst id="NYCMng">213861.933333333</dst>
            <dst id="SNVAng">26.6666666666667</dst>
            <dst id="STTLng">26.6666666666667</dst>
            <dst id="WASHng">53678.7333333333</dst>
        </src>
        <src id="DNVRng">
            <dst id="ATLA-M5">0</dst>
            <dst id="ATLAng">9302.616</dst>
            <dst id="CHINng">92815.5066666667</dst>
            <dst id="DNVRng">15108.4053333333</dst>
            <dst id="HSTNng">51546.24</dst>
            <dst id="IPLSng">30380.7226666667</dst>
            <dst id="KSCYng">22581.992</dst>
            <dst id="LOSAng">40.7733333333333</dst>
            <dst id="NYCMng">39328.9653333333</dst>
            <dst id="SNVAng">18731.4026666667</dst>
            <dst id="STTLng">1553.56533333333</dst>
            <dst id="WASHng">44779.3386666667</dst>
        </src>
        <src id="HSTNng">
            <dst id="ATLA-M5">0</dst>
            <dst id="ATLAng">42998.7546666667</dst>
            <dst id="CHINng">2150.54933333333</dst>
            <dst id="DNVRng">0</dst>
            <dst id="HSTNng">127107.704</dst>
            <dst id="IPLSng">68.32</dst>
            <dst id="KSCYng">56.8</dst>
            <dst id="LOSAng">26.6666666666667</dst>
            <dst id="NYCMng">5435.94666666667</dst>
            <dst id="SNVAng">26.6666666666667</dst>
            <dst id="STTLng">0</dst>
            <dst id="WASHng">119392.573333333</dst>
        </src>
        <src id="IPLSng">
            <dst id="ATLA-M5">0</dst>
            <dst id="ATLAng">14172.512</dst>
            <dst id="CHINng">106897.973333333</dst>
            <dst id="DNVRng">0</dst>
            <dst id="HSTNng">11074.6346666667</dst>
            <dst id="IPLSng">23355.6053333333</dst>
            <dst id="KSCYng">19614.0933333333</dst>
            <dst id="LOSAng">26.6666666666667</dst>
            <dst id="NYCMng">264157.114666667</dst>
            <dst id="SNVAng">26.6666666666667</dst>
            <dst id="STTLng">26.6666666666667</dst>
            <dst id="WASHng">43323.256</dst>
        </src>
        <src id="KSCYng">
            <dst id="ATLA-M5">0</dst>
            <dst id="ATLAng">4385.47466666666</dst>
            <dst id="CHINng">16995.12</dst>
            <dst id="DNVRng">18257.1146666667</dst>
            <dst id="HSTNng">15587.128</dst>
            <dst id="IPLSng">12710.6426666667</dst>
            <dst id="KSCYng">12396.3146666667</dst>
            <dst id="LOSAng">0</dst>
            <dst id="NYCMng">17577.9066666667</dst>
            <dst id="SNVAng">0</dst>
            <dst id="STTLng">0</dst>
            <dst id="WASHng">11565.3946666667</dst>
        </src>
        <src id="LOSAng">
            <dst id="ATLA-M5">0</dst>
            <dst id="ATLAng">31447.088</dst>
            <dst id="CHINng">2177.60533333333</dst>
            <dst id="DNVRng">28539.512</dst>
            <dst id="HSTNng">113661.101333333</dst>
            <dst id="IPLSng">2186.168</dst>
            <dst id="KSCYng">82.7786666666667</dst>
            <dst id="LOSAng">19194.448</dst>
            <dst id="NYCMng">74806.6693333333</dst>
            <dst id="SNVAng">16137.5466666667</dst>
            <dst id="STTLng">29945.488</dst>
            <dst id="WASHng">97766.8266666667</dst>
        </src>
        <src id="NYCMng">
            <dst id="ATLA-M5">0</dst>
            <dst id="ATLAng">32838.4293333333</dst>
            <dst id="CHINng">1199.448</dst>
            <dst id="DNVRng">0</dst>
            <dst id="HSTNng">24262.712</dst>
            <dst id="IPLSng">149.053333333333</dst>
            <dst id="KSCYng">123.52</dst>
            <dst id="LOSAng">465.837333333333</dst>
            <dst id="NYCMng">952646.32</dst>
            <dst id="SNVAng">172.736</dst>
            <dst id="STTLng">293.08</dst>
            <dst id="WASHng">299104.4</dst>
        </src>
        <src id="SNVAng">
            <dst id="ATLA-M5">0</dst>
            <dst id="ATLAng">1016.05333333333</dst>
            <dst id="CHINng">152.416</dst>
            <dst id="DNVRng">4185.832</dst>
            <dst id="HSTNng">4442.864</dst>
            <dst id="IPLSng">0</dst>
            <dst id="KSCYng">516.904</dst>
            <dst id="LOSAng">38827.296</dst>
            <dst id="NYCMng">15276.0773333333</dst>
            <dst id="SNVAng">15887.96</dst>
            <dst id="STTLng">55102.976</dst>
            <dst id="WASHng">870.621333333333</dst>
        </src>
        <src id="STTLng">
            <dst id="ATLA-M5">0</dst>
            <dst id="ATLAng">8128.26666666667</dst>
            <dst id="CHINng">603.733333333333</dst>
            <dst id="DNVRng">5834.95466666667</dst>
            <dst id="HSTNng">23984.4293333333</dst>
            <dst id="IPLSng">268.378666666667</dst>
            <dst id="KSCYng">5773.97866666667</dst>
            <dst id="LOSAng">27462.5706666667</dst>
            <dst id="NYCMng">46523.5173333333</dst>
            <dst id="SNVAng">8501.22133333333</dst>
            <dst id="STTLng">9561.296</dst>
            <dst id="WASHng">31110.1573333333</dst>
        </src>
        <src id="WASHng">
            <dst id="ATLA-M5">0</dst>
            <dst id="ATLAng">115366.773333333</dst>
            <dst id="CHINng">305.898666666667</dst>
            <dst id="DNVRng">0</dst>
            <dst id="HSTNng">71454.2293333333</dst>
            <dst id="IPLSng">53.3333333333333</dst>
            <dst id="KSCYng">26.6666666666667</dst>
            <dst id="LOSAng">80.2666666666667</dst>
            <dst id="NYCMng">660332.773333333</dst>
            <dst id="SNVAng">90.8853333333333</dst>
            <dst id="STTLng">78.3466666666667</dst>
            <dst id="WASHng">282581.093333333</dst>
        </src>
    </IntraTM>
</TrafficMatrixFile>
