<?xml version="1.0" encoding="ISO-8859-1" standalone="yes"?>
<TrafficMatrixFile xsi:noNamespaceSchemaLocation="http://totem.run.montefiore.ulg.ac.be/Schema/TrafficMatrix-v1_2.xsd" xmlns:xsi="http://www.w3.org/2001/XMLSchema-instance">
    <IntraTM ASID="11537">
        <src id="ATLA-M5">
            <dst id="ATLA-M5">0</dst>
            <dst id="ATLAng">240</dst>
            <dst id="CHINng">695.978666666667</dst>
            <dst id="DNVRng">26.6666666666667</dst>
            <dst id="HSTNng">1601.15466666667</dst>
            <dst id="IPLSng">159.298666666667</dst>
            <dst id="KSCYng">157</dst>
            <dst id="LOSAng">0</dst>
            <dst id="NYCMng">239.944</dst>
            <dst id="SNVAng">0</dst>
            <dst id="STTLng">0</dst>
            <dst id="WASHng">590.472</dst>
        </src>
        <src id="ATLAng">
            <dst id="ATLA-M5">0</dst>
            <dst id="ATLAng">23025.0133333333</dst>
            <dst id="CHINng">22208.144</dst>
            <dst id="DNVRng">53.3333333333333</dst>
            <dst id="HSTNng">305936</dst>
            <dst id="IPLSng">33371.1733333333</dst>
            <dst id="KSCYng">5148.032</dst>
            <dst id="LOSAng">86.3253333333334</dst>
            <dst id="NYCMng">23746.464</dst>
            <dst id="SNVAng">0</dst>
            <dst id="STTLng">598.802666666667</dst>
            <dst id="WASHng">75657.968</dst>
        </src>
        <src id="CHINng">
            <dst id="ATLA-M5">0</dst>
            <dst id="ATLAng">26752.4266666667</dst>
            <dst id="CHINng">147985.482666667</dst>
            <dst id="DNVRng">26217.2533333333</dst>
            <dst id="HSTNng">114838.629333333</dst>
            <dst id="IPLSng">60835.4586666667</dst>
            <dst id="KSCYng">15346.0533333333</dst>
            <dst id="LOSAng">867.658666666667</dst>
            <dst id="NYCMng">33986.832</dst>
            <dst id="SNVAng">80</dst>
            <dst id="STTLng">844.613333333333</dst>
            <dst id="WASHng">38546.896</dst>
        </src>
        <src id="DNVRng">
            <dst id="ATLA-M5">0</dst>
            <dst id="ATLAng">7002.37866666667</dst>
            <dst id="CHINng">68417.888</dst>
            <dst id="DNVRng">8737.672</dst>
            <dst id="HSTNng">53425.5413333333</dst>
            <dst id="IPLSng">27544.3146666667</dst>
            <dst id="KSCYng">14263.544</dst>
            <dst id="LOSAng">0</dst>
            <dst id="NYCMng">26520.4613333333</dst>
            <dst id="SNVAng">10173.7066666667</dst>
            <dst id="STTLng">81.344</dst>
            <dst id="WASHng">43629.8906666667</dst>
        </src>
        <src id="HSTNng">
            <dst id="ATLA-M5">0</dst>
            <dst id="ATLAng">24128.096</dst>
            <dst id="CHINng">2474.14933333333</dst>
            <dst id="DNVRng">0</dst>
            <dst id="HSTNng">256974.074666667</dst>
            <dst id="IPLSng">97.3493333333333</dst>
            <dst id="KSCYng">0</dst>
            <dst id="LOSAng">0</dst>
            <dst id="NYCMng">7498.07466666667</dst>
            <dst id="SNVAng">0</dst>
            <dst id="STTLng">80</dst>
            <dst id="WASHng">95474.24</dst>
        </src>
        <src id="IPLSng">
            <dst id="ATLA-M5">0</dst>
            <dst id="ATLAng">12008.872</dst>
            <dst id="CHINng">160879.765333333</dst>
            <dst id="DNVRng">11589.7226666667</dst>
            <dst id="HSTNng">116192.336</dst>
            <dst id="IPLSng">15102.6746666667</dst>
            <dst id="KSCYng">19908.2666666667</dst>
            <dst id="LOSAng">914.677333333333</dst>
            <dst id="NYCMng">44653.1333333333</dst>
            <dst id="SNVAng">145.344</dst>
            <dst id="STTLng">372.184</dst>
            <dst id="WASHng">23997.832</dst>
        </src>
        <src id="KSCYng">
            <dst id="ATLA-M5">0</dst>
            <dst id="ATLAng">8035.93333333334</dst>
            <dst id="CHINng">37058.7653333333</dst>
            <dst id="DNVRng">10255.3493333333</dst>
            <dst id="HSTNng">14676.1466666667</dst>
            <dst id="IPLSng">13200.8773333333</dst>
            <dst id="KSCYng">6996.32266666667</dst>
            <dst id="LOSAng">26.6666666666667</dst>
            <dst id="NYCMng">8054.736</dst>
            <dst id="SNVAng">0</dst>
            <dst id="STTLng">195.36</dst>
            <dst id="WASHng">10809.4986666667</dst>
        </src>
        <src id="LOSAng">
            <dst id="ATLA-M5">0</dst>
            <dst id="ATLAng">14353.056</dst>
            <dst id="CHINng">12318.3973333333</dst>
            <dst id="DNVRng">7257.50133333333</dst>
            <dst id="HSTNng">219126.072</dst>
            <dst id="IPLSng">603.469333333333</dst>
            <dst id="KSCYng">106.666666666667</dst>
            <dst id="LOSAng">49867.272</dst>
            <dst id="NYCMng">55300.528</dst>
            <dst id="SNVAng">8275.13333333333</dst>
            <dst id="STTLng">27291.6266666667</dst>
            <dst id="WASHng">87370.288</dst>
        </src>
        <src id="NYCMng">
            <dst id="ATLA-M5">0</dst>
            <dst id="ATLAng">38882.4933333333</dst>
            <dst id="CHINng">80923.3386666667</dst>
            <dst id="DNVRng">33268.3546666667</dst>
            <dst id="HSTNng">122939.045333333</dst>
            <dst id="IPLSng">57258.2693333333</dst>
            <dst id="KSCYng">20569.3626666667</dst>
            <dst id="LOSAng">248.314666666667</dst>
            <dst id="NYCMng">241499.418666667</dst>
            <dst id="SNVAng">53.3333333333333</dst>
            <dst id="STTLng">12567.232</dst>
            <dst id="WASHng">96835.864</dst>
        </src>
        <src id="SNVAng">
            <dst id="ATLA-M5">0</dst>
            <dst id="ATLAng">430.368</dst>
            <dst id="CHINng">597.269333333333</dst>
            <dst id="DNVRng">8116</dst>
            <dst id="HSTNng">7983.33066666667</dst>
            <dst id="IPLSng">0</dst>
            <dst id="KSCYng">391.448</dst>
            <dst id="LOSAng">33203.7013333333</dst>
            <dst id="NYCMng">6267.30133333333</dst>
            <dst id="SNVAng">13811.0826666667</dst>
            <dst id="STTLng">46748.5653333333</dst>
            <dst id="WASHng">645.706666666667</dst>
        </src>
        <src id="STTLng">
            <dst id="ATLA-M5">0</dst>
            <dst id="ATLAng">10100.2133333333</dst>
            <dst id="CHINng">23707.4826666667</dst>
            <dst id="DNVRng">5019.144</dst>
            <dst id="HSTNng">48689.9493333333</dst>
            <dst id="IPLSng">317.712</dst>
            <dst id="KSCYng">2259.176</dst>
            <dst id="LOSAng">30436.744</dst>
            <dst id="NYCMng">16986.9813333333</dst>
            <dst id="SNVAng">6957.12533333333</dst>
            <dst id="STTLng">3603.11466666667</dst>
            <dst id="WASHng">28479.2133333333</dst>
        </src>
        <src id="WASHng">
            <dst id="ATLA-M5">0</dst>
            <dst id="ATLAng">74744.424</dst>
            <dst id="CHINng">97004.352</dst>
            <dst id="DNVRng">7040.528</dst>
            <dst id="HSTNng">325389.493333333</dst>
            <dst id="IPLSng">51014.3333333333</dst>
            <dst id="KSCYng">19556.408</dst>
            <dst id="LOSAng">78.944</dst>
            <dst id="NYCMng">152451.474666667</dst>
            <dst id="SNVAng">155.168</dst>
            <dst id="STTLng">8489.48</dst>
            <dst id="WASHng">380132.426666667</dst>
        </src>
    </IntraTM>
</TrafficMatrixFile>
