<?xml version="1.0" encoding="ISO-8859-1" standalone="yes"?>
<TrafficMatrixFile xsi:noNamespaceSchemaLocation="http://totem.run.montefiore.ulg.ac.be/Schema/TrafficMatrix-v1_2.xsd" xmlns:xsi="http://www.w3.org/2001/XMLSchema-instance">
    <IntraTM ASID="11537">
        <src id="ATLA-M5">
            <dst id="ATLA-M5">123.085333333333</dst>
            <dst id="ATLAng">447.768</dst>
            <dst id="CHINng">2073.592</dst>
            <dst id="DNVRng">0</dst>
            <dst id="HSTNng">2648.544</dst>
            <dst id="IPLSng">965.88</dst>
            <dst id="KSCYng">2050.18933333333</dst>
            <dst id="LOSAng">0</dst>
            <dst id="NYCMng">1009.10133333333</dst>
            <dst id="SNVAng">55.0506666666667</dst>
            <dst id="STTLng">0</dst>
            <dst id="WASHng">995.506666666667</dst>
        </src>
        <src id="ATLAng">
            <dst id="ATLA-M5">0</dst>
            <dst id="ATLAng">49244.0186666667</dst>
            <dst id="CHINng">40907.4586666667</dst>
            <dst id="DNVRng">193.970666666667</dst>
            <dst id="HSTNng">63578.24</dst>
            <dst id="IPLSng">36108.656</dst>
            <dst id="KSCYng">6748.78666666667</dst>
            <dst id="LOSAng">27.5466666666667</dst>
            <dst id="NYCMng">16818.44</dst>
            <dst id="SNVAng">311.989333333333</dst>
            <dst id="STTLng">133.333333333333</dst>
            <dst id="WASHng">82193.6213333333</dst>
        </src>
        <src id="CHINng">
            <dst id="ATLA-M5">0</dst>
            <dst id="ATLAng">34941.4053333333</dst>
            <dst id="CHINng">127899.514666667</dst>
            <dst id="DNVRng">19307.9013333333</dst>
            <dst id="HSTNng">89366.3013333333</dst>
            <dst id="IPLSng">96583.6186666667</dst>
            <dst id="KSCYng">17460.296</dst>
            <dst id="LOSAng">364.141333333333</dst>
            <dst id="NYCMng">37409.7173333333</dst>
            <dst id="SNVAng">669.381333333333</dst>
            <dst id="STTLng">2158.25866666667</dst>
            <dst id="WASHng">56074.2186666667</dst>
        </src>
        <src id="DNVRng">
            <dst id="ATLA-M5">0</dst>
            <dst id="ATLAng">14430.9306666667</dst>
            <dst id="CHINng">71101.6986666667</dst>
            <dst id="DNVRng">31694.984</dst>
            <dst id="HSTNng">63167.5973333333</dst>
            <dst id="IPLSng">38535.3493333333</dst>
            <dst id="KSCYng">31044.0133333333</dst>
            <dst id="LOSAng">27.12</dst>
            <dst id="NYCMng">19062.6186666667</dst>
            <dst id="SNVAng">28158.92</dst>
            <dst id="STTLng">226.872</dst>
            <dst id="WASHng">49425.7973333333</dst>
        </src>
        <src id="HSTNng">
            <dst id="ATLA-M5">0</dst>
            <dst id="ATLAng">44130.5413333333</dst>
            <dst id="CHINng">2998.58933333333</dst>
            <dst id="DNVRng">116.989333333333</dst>
            <dst id="HSTNng">192029.626666667</dst>
            <dst id="IPLSng">140.586666666667</dst>
            <dst id="KSCYng">53.904</dst>
            <dst id="LOSAng">26.6666666666667</dst>
            <dst id="NYCMng">8225.62133333333</dst>
            <dst id="SNVAng">55.3973333333333</dst>
            <dst id="STTLng">0</dst>
            <dst id="WASHng">123936.328</dst>
        </src>
        <src id="IPLSng">
            <dst id="ATLA-M5">0</dst>
            <dst id="ATLAng">28326.4266666667</dst>
            <dst id="CHINng">207346.085333333</dst>
            <dst id="DNVRng">16297.0533333333</dst>
            <dst id="HSTNng">66742.792</dst>
            <dst id="IPLSng">45737.8746666667</dst>
            <dst id="KSCYng">33551.216</dst>
            <dst id="LOSAng">204.693333333333</dst>
            <dst id="NYCMng">68648.2853333333</dst>
            <dst id="SNVAng">3538.08</dst>
            <dst id="STTLng">676.194666666667</dst>
            <dst id="WASHng">40400.4986666667</dst>
        </src>
        <src id="KSCYng">
            <dst id="ATLA-M5">0</dst>
            <dst id="ATLAng">4678.232</dst>
            <dst id="CHINng">33288.8693333333</dst>
            <dst id="DNVRng">18494.368</dst>
            <dst id="HSTNng">22834.9866666667</dst>
            <dst id="IPLSng">32284.0106666667</dst>
            <dst id="KSCYng">11067.4853333333</dst>
            <dst id="LOSAng">53.3333333333333</dst>
            <dst id="NYCMng">10463.0346666667</dst>
            <dst id="SNVAng">206.021333333333</dst>
            <dst id="STTLng">213.333333333333</dst>
            <dst id="WASHng">13352</dst>
        </src>
        <src id="LOSAng">
            <dst id="ATLA-M5">0</dst>
            <dst id="ATLAng">32667.52</dst>
            <dst id="CHINng">8943.072</dst>
            <dst id="DNVRng">29242.2293333333</dst>
            <dst id="HSTNng">203353.834666667</dst>
            <dst id="IPLSng">1493.056</dst>
            <dst id="KSCYng">2423.144</dst>
            <dst id="LOSAng">23124.7946666667</dst>
            <dst id="NYCMng">56564.112</dst>
            <dst id="SNVAng">19776.1786666667</dst>
            <dst id="STTLng">30634.7653333333</dst>
            <dst id="WASHng">108089.264</dst>
        </src>
        <src id="NYCMng">
            <dst id="ATLA-M5">0</dst>
            <dst id="ATLAng">65389.784</dst>
            <dst id="CHINng">100679.96</dst>
            <dst id="DNVRng">47641.304</dst>
            <dst id="HSTNng">142753.517333333</dst>
            <dst id="IPLSng">87903.2986666667</dst>
            <dst id="KSCYng">29958.0533333333</dst>
            <dst id="LOSAng">191.616</dst>
            <dst id="NYCMng">245676.213333333</dst>
            <dst id="SNVAng">226.802666666667</dst>
            <dst id="STTLng">2707.49333333333</dst>
            <dst id="WASHng">159426.837333333</dst>
        </src>
        <src id="SNVAng">
            <dst id="ATLA-M5">0</dst>
            <dst id="ATLAng">683.093333333333</dst>
            <dst id="CHINng">2641.64266666667</dst>
            <dst id="DNVRng">10564.4106666667</dst>
            <dst id="HSTNng">10689.1093333333</dst>
            <dst id="IPLSng">34.672</dst>
            <dst id="KSCYng">1973.112</dst>
            <dst id="LOSAng">41826.4053333333</dst>
            <dst id="NYCMng">6454.76533333333</dst>
            <dst id="SNVAng">22340.2373333333</dst>
            <dst id="STTLng">57236.376</dst>
            <dst id="WASHng">3449.064</dst>
        </src>
        <src id="STTLng">
            <dst id="ATLA-M5">0</dst>
            <dst id="ATLAng">14451.68</dst>
            <dst id="CHINng">24431.5546666667</dst>
            <dst id="DNVRng">9977.28533333333</dst>
            <dst id="HSTNng">60374.5733333333</dst>
            <dst id="IPLSng">647.936</dst>
            <dst id="KSCYng">5227.34666666667</dst>
            <dst id="LOSAng">25223.4533333333</dst>
            <dst id="NYCMng">13357.3546666667</dst>
            <dst id="SNVAng">12978.304</dst>
            <dst id="STTLng">7354.79466666666</dst>
            <dst id="WASHng">42673.664</dst>
        </src>
        <src id="WASHng">
            <dst id="ATLA-M5">0</dst>
            <dst id="ATLAng">190268.576</dst>
            <dst id="CHINng">139222.162666667</dst>
            <dst id="DNVRng">5875.984</dst>
            <dst id="HSTNng">345153.573333333</dst>
            <dst id="IPLSng">95328.7733333333</dst>
            <dst id="KSCYng">24424.864</dst>
            <dst id="LOSAng">200.538666666667</dst>
            <dst id="NYCMng">219135.461333333</dst>
            <dst id="SNVAng">782.893333333333</dst>
            <dst id="STTLng">5109.432</dst>
            <dst id="WASHng">410066.88</dst>
        </src>
    </IntraTM>
</TrafficMatrixFile>
