<?xml version="1.0" encoding="ISO-8859-1" standalone="yes"?>
<TrafficMatrixFile xsi:noNamespaceSchemaLocation="http://totem.run.montefiore.ulg.ac.be/Schema/TrafficMatrix-v1_2.xsd" xmlns:xsi="http://www.w3.org/2001/XMLSchema-instance">
    <IntraTM ASID="11537">
        <src id="ATLA-M5">
            <dst id="ATLA-M5">0</dst>
            <dst id="ATLAng">400.341333333333</dst>
            <dst id="CHINng">1695.512</dst>
            <dst id="DNVRng">0</dst>
            <dst id="HSTNng">2726.12533333333</dst>
            <dst id="IPLSng">638.429333333333</dst>
            <dst id="KSCYng">109.874666666667</dst>
            <dst id="LOSAng">0</dst>
            <dst id="NYCMng">543.08</dst>
            <dst id="SNVAng">0</dst>
            <dst id="STTLng">0</dst>
            <dst id="WASHng">1467.424</dst>
        </src>
        <src id="ATLAng">
            <dst id="ATLA-M5">0</dst>
            <dst id="ATLAng">27827.6906666667</dst>
            <dst id="CHINng">26661.7946666667</dst>
            <dst id="DNVRng">68.096</dst>
            <dst id="HSTNng">41611.0213333333</dst>
            <dst id="IPLSng">36551.1413333333</dst>
            <dst id="KSCYng">5828.25866666667</dst>
            <dst id="LOSAng">0</dst>
            <dst id="NYCMng">19733.4133333333</dst>
            <dst id="SNVAng">0</dst>
            <dst id="STTLng">150.901333333333</dst>
            <dst id="WASHng">55750.32</dst>
        </src>
        <src id="CHINng">
            <dst id="ATLA-M5">0</dst>
            <dst id="ATLAng">36792.0293333333</dst>
            <dst id="CHINng">109405.338666667</dst>
            <dst id="DNVRng">25947.696</dst>
            <dst id="HSTNng">129949.282666667</dst>
            <dst id="IPLSng">90466.368</dst>
            <dst id="KSCYng">24030.9013333333</dst>
            <dst id="LOSAng">385.413333333333</dst>
            <dst id="NYCMng">40056.2693333333</dst>
            <dst id="SNVAng">26.6666666666667</dst>
            <dst id="STTLng">855.589333333333</dst>
            <dst id="WASHng">46236.7706666667</dst>
        </src>
        <src id="DNVRng">
            <dst id="ATLA-M5">0</dst>
            <dst id="ATLAng">8048.104</dst>
            <dst id="CHINng">50688.7813333333</dst>
            <dst id="DNVRng">16307.4213333333</dst>
            <dst id="HSTNng">52935.7253333333</dst>
            <dst id="IPLSng">29725.384</dst>
            <dst id="KSCYng">27153.0453333333</dst>
            <dst id="LOSAng">0</dst>
            <dst id="NYCMng">28765.7973333333</dst>
            <dst id="SNVAng">14009.8773333333</dst>
            <dst id="STTLng">1293.89333333333</dst>
            <dst id="WASHng">48054.6746666667</dst>
        </src>
        <src id="HSTNng">
            <dst id="ATLA-M5">0</dst>
            <dst id="ATLAng">39063.2266666667</dst>
            <dst id="CHINng">1912.23733333333</dst>
            <dst id="DNVRng">0</dst>
            <dst id="HSTNng">156353.837333333</dst>
            <dst id="IPLSng">227.114666666667</dst>
            <dst id="KSCYng">0</dst>
            <dst id="LOSAng">0</dst>
            <dst id="NYCMng">10755.952</dst>
            <dst id="SNVAng">0</dst>
            <dst id="STTLng">192.845333333333</dst>
            <dst id="WASHng">118572.416</dst>
        </src>
        <src id="IPLSng">
            <dst id="ATLA-M5">0</dst>
            <dst id="ATLAng">27665.576</dst>
            <dst id="CHINng">139528.248</dst>
            <dst id="DNVRng">11970.5066666667</dst>
            <dst id="HSTNng">88551.4853333333</dst>
            <dst id="IPLSng">47291.8933333333</dst>
            <dst id="KSCYng">27380.9493333333</dst>
            <dst id="LOSAng">26.6666666666667</dst>
            <dst id="NYCMng">61958.7466666667</dst>
            <dst id="SNVAng">216.362666666667</dst>
            <dst id="STTLng">622.045333333333</dst>
            <dst id="WASHng">44040.6906666667</dst>
        </src>
        <src id="KSCYng">
            <dst id="ATLA-M5">0</dst>
            <dst id="ATLAng">6003.616</dst>
            <dst id="CHINng">33121.2906666667</dst>
            <dst id="DNVRng">7198.32266666667</dst>
            <dst id="HSTNng">19802.2986666667</dst>
            <dst id="IPLSng">20337.96</dst>
            <dst id="KSCYng">8959.65866666667</dst>
            <dst id="LOSAng">0</dst>
            <dst id="NYCMng">13251.6026666667</dst>
            <dst id="SNVAng">0</dst>
            <dst id="STTLng">40.1733333333333</dst>
            <dst id="WASHng">16533.576</dst>
        </src>
        <src id="LOSAng">
            <dst id="ATLA-M5">0</dst>
            <dst id="ATLAng">27529.4453333333</dst>
            <dst id="CHINng">4687.296</dst>
            <dst id="DNVRng">32730.7866666667</dst>
            <dst id="HSTNng">186218.373333333</dst>
            <dst id="IPLSng">577.464</dst>
            <dst id="KSCYng">144.688</dst>
            <dst id="LOSAng">15171.8746666667</dst>
            <dst id="NYCMng">78434.904</dst>
            <dst id="SNVAng">16805.928</dst>
            <dst id="STTLng">29404.6186666667</dst>
            <dst id="WASHng">106846.184</dst>
        </src>
        <src id="NYCMng">
            <dst id="ATLA-M5">0</dst>
            <dst id="ATLAng">35809.2026666667</dst>
            <dst id="CHINng">85628.0133333333</dst>
            <dst id="DNVRng">46018.0906666667</dst>
            <dst id="HSTNng">165594.341333333</dst>
            <dst id="IPLSng">82067.5706666667</dst>
            <dst id="KSCYng">32179.2346666667</dst>
            <dst id="LOSAng">555.912</dst>
            <dst id="NYCMng">240574.936</dst>
            <dst id="SNVAng">53.3333333333333</dst>
            <dst id="STTLng">3795.096</dst>
            <dst id="WASHng">144982.872</dst>
        </src>
        <src id="SNVAng">
            <dst id="ATLA-M5">0</dst>
            <dst id="ATLAng">2080</dst>
            <dst id="CHINng">482.165333333333</dst>
            <dst id="DNVRng">20015.1093333333</dst>
            <dst id="HSTNng">6650.47466666667</dst>
            <dst id="IPLSng">0</dst>
            <dst id="KSCYng">347.741333333333</dst>
            <dst id="LOSAng">38684.0293333333</dst>
            <dst id="NYCMng">6193.36533333333</dst>
            <dst id="SNVAng">17159.696</dst>
            <dst id="STTLng">52834.9013333333</dst>
            <dst id="WASHng">1259.00533333333</dst>
        </src>
        <src id="STTLng">
            <dst id="ATLA-M5">0</dst>
            <dst id="ATLAng">11146.8533333333</dst>
            <dst id="CHINng">21886.008</dst>
            <dst id="DNVRng">7738.61866666667</dst>
            <dst id="HSTNng">42472.1626666667</dst>
            <dst id="IPLSng">374.482666666667</dst>
            <dst id="KSCYng">5733.16</dst>
            <dst id="LOSAng">27616.048</dst>
            <dst id="NYCMng">19833.416</dst>
            <dst id="SNVAng">7250.19733333333</dst>
            <dst id="STTLng">8451.48266666667</dst>
            <dst id="WASHng">31213.8826666667</dst>
        </src>
        <src id="WASHng">
            <dst id="ATLA-M5">0</dst>
            <dst id="ATLAng">127612.594666667</dst>
            <dst id="CHINng">93507.6906666666</dst>
            <dst id="DNVRng">2502.40533333333</dst>
            <dst id="HSTNng">320240.186666667</dst>
            <dst id="IPLSng">67371.464</dst>
            <dst id="KSCYng">19397.9146666667</dst>
            <dst id="LOSAng">216.325333333333</dst>
            <dst id="NYCMng">239616.928</dst>
            <dst id="SNVAng">350.245333333333</dst>
            <dst id="STTLng">3716.19466666667</dst>
            <dst id="WASHng">292051.386666667</dst>
        </src>
    </IntraTM>
</TrafficMatrixFile>
