<?xml version="1.0" encoding="ISO-8859-1" standalone="yes"?>
<TrafficMatrixFile xsi:noNamespaceSchemaLocation="http://totem.run.montefiore.ulg.ac.be/Schema/TrafficMatrix-v1_2.xsd" xmlns:xsi="http://www.w3.org/2001/XMLSchema-instance">
    <IntraTM ASID="11537">
        <src id="ATLA-M5">
            <dst id="ATLA-M5">1664.304</dst>
            <dst id="ATLAng">2207.832</dst>
            <dst id="CHINng">1158.08</dst>
            <dst id="DNVRng">0</dst>
            <dst id="HSTNng">111.848</dst>
            <dst id="IPLSng">212.464</dst>
            <dst id="KSCYng">0</dst>
            <dst id="LOSAng">0</dst>
            <dst id="NYCMng">540.152</dst>
            <dst id="SNVAng">0</dst>
            <dst id="STTLng">0</dst>
            <dst id="WASHng">2215.48266666667</dst>
        </src>
        <src id="ATLAng">
            <dst id="ATLA-M5">0</dst>
            <dst id="ATLAng">30100.448</dst>
            <dst id="CHINng">22078.6266666667</dst>
            <dst id="DNVRng">0</dst>
            <dst id="HSTNng">3973.336</dst>
            <dst id="IPLSng">28976.6026666667</dst>
            <dst id="KSCYng">53.3333333333333</dst>
            <dst id="LOSAng">0</dst>
            <dst id="NYCMng">35014.784</dst>
            <dst id="SNVAng">60.1893333333333</dst>
            <dst id="STTLng">26.6666666666667</dst>
            <dst id="WASHng">44195.9413333333</dst>
        </src>
        <src id="CHINng">
            <dst id="ATLA-M5">0</dst>
            <dst id="ATLAng">19722.912</dst>
            <dst id="CHINng">25334.68</dst>
            <dst id="DNVRng">0</dst>
            <dst id="HSTNng">11074.1333333333</dst>
            <dst id="IPLSng">46591.432</dst>
            <dst id="KSCYng">0</dst>
            <dst id="LOSAng">0</dst>
            <dst id="NYCMng">166215.930666667</dst>
            <dst id="SNVAng">0</dst>
            <dst id="STTLng">1032</dst>
            <dst id="WASHng">33317.9573333333</dst>
        </src>
        <src id="DNVRng">
            <dst id="ATLA-M5">0</dst>
            <dst id="ATLAng">6114.18666666667</dst>
            <dst id="CHINng">27638.024</dst>
            <dst id="DNVRng">10481.4</dst>
            <dst id="HSTNng">26645.632</dst>
            <dst id="IPLSng">24270.2853333333</dst>
            <dst id="KSCYng">15702.1573333333</dst>
            <dst id="LOSAng">0</dst>
            <dst id="NYCMng">34169.1013333333</dst>
            <dst id="SNVAng">11201.5546666667</dst>
            <dst id="STTLng">2397.94133333333</dst>
            <dst id="WASHng">39918.816</dst>
        </src>
        <src id="HSTNng">
            <dst id="ATLA-M5">0</dst>
            <dst id="ATLAng">29140.3173333333</dst>
            <dst id="CHINng">1658.55733333333</dst>
            <dst id="DNVRng">118.24</dst>
            <dst id="HSTNng">96522.904</dst>
            <dst id="IPLSng">26.6666666666667</dst>
            <dst id="KSCYng">0</dst>
            <dst id="LOSAng">0</dst>
            <dst id="NYCMng">3287.48266666667</dst>
            <dst id="SNVAng">53.3333333333333</dst>
            <dst id="STTLng">32</dst>
            <dst id="WASHng">87206.944</dst>
        </src>
        <src id="IPLSng">
            <dst id="ATLA-M5">0</dst>
            <dst id="ATLAng">21842.8373333333</dst>
            <dst id="CHINng">72063.3253333333</dst>
            <dst id="DNVRng">0</dst>
            <dst id="HSTNng">13034.7626666667</dst>
            <dst id="IPLSng">25576.4293333333</dst>
            <dst id="KSCYng">20939.1013333333</dst>
            <dst id="LOSAng">0</dst>
            <dst id="NYCMng">132176.562666667</dst>
            <dst id="SNVAng">53.3333333333333</dst>
            <dst id="STTLng">53.3333333333333</dst>
            <dst id="WASHng">26308.0773333333</dst>
        </src>
        <src id="KSCYng">
            <dst id="ATLA-M5">0</dst>
            <dst id="ATLAng">7995.66933333334</dst>
            <dst id="CHINng">13408.8133333333</dst>
            <dst id="DNVRng">8453.98933333333</dst>
            <dst id="HSTNng">9354.648</dst>
            <dst id="IPLSng">22376.3066666667</dst>
            <dst id="KSCYng">7033.824</dst>
            <dst id="LOSAng">0</dst>
            <dst id="NYCMng">21200.152</dst>
            <dst id="SNVAng">26.6666666666667</dst>
            <dst id="STTLng">26.6666666666667</dst>
            <dst id="WASHng">12833.7973333333</dst>
        </src>
        <src id="LOSAng">
            <dst id="ATLA-M5">0</dst>
            <dst id="ATLAng">24590.8026666667</dst>
            <dst id="CHINng">2702.568</dst>
            <dst id="DNVRng">7965.67733333333</dst>
            <dst id="HSTNng">112922.186666667</dst>
            <dst id="IPLSng">1216.18666666667</dst>
            <dst id="KSCYng">263.962666666667</dst>
            <dst id="LOSAng">26647.1466666667</dst>
            <dst id="NYCMng">79731.032</dst>
            <dst id="SNVAng">8473.40533333333</dst>
            <dst id="STTLng">15545.8906666667</dst>
            <dst id="WASHng">68468.136</dst>
        </src>
        <src id="NYCMng">
            <dst id="ATLA-M5">0</dst>
            <dst id="ATLAng">27249.3946666667</dst>
            <dst id="CHINng">1459.15466666667</dst>
            <dst id="DNVRng">0</dst>
            <dst id="HSTNng">13009.088</dst>
            <dst id="IPLSng">30.8906666666667</dst>
            <dst id="KSCYng">160</dst>
            <dst id="LOSAng">275.896</dst>
            <dst id="NYCMng">432261.173333333</dst>
            <dst id="SNVAng">219.808</dst>
            <dst id="STTLng">763.88</dst>
            <dst id="WASHng">107364.314666667</dst>
        </src>
        <src id="SNVAng">
            <dst id="ATLA-M5">0</dst>
            <dst id="ATLAng">522.941333333333</dst>
            <dst id="CHINng">79.8266666666667</dst>
            <dst id="DNVRng">4168.57066666667</dst>
            <dst id="HSTNng">3046.31466666667</dst>
            <dst id="IPLSng">0</dst>
            <dst id="KSCYng">339.802666666667</dst>
            <dst id="LOSAng">33144.904</dst>
            <dst id="NYCMng">14873.2053333333</dst>
            <dst id="SNVAng">15215.9573333333</dst>
            <dst id="STTLng">51460.7893333333</dst>
            <dst id="WASHng">217.098666666667</dst>
        </src>
        <src id="STTLng">
            <dst id="ATLA-M5">0</dst>
            <dst id="ATLAng">8004.44</dst>
            <dst id="CHINng">555.453333333333</dst>
            <dst id="DNVRng">4791.232</dst>
            <dst id="HSTNng">13032.784</dst>
            <dst id="IPLSng">328.288</dst>
            <dst id="KSCYng">4495.00533333333</dst>
            <dst id="LOSAng">13125.76</dst>
            <dst id="NYCMng">43335.5546666667</dst>
            <dst id="SNVAng">5283.77066666667</dst>
            <dst id="STTLng">4154.37333333333</dst>
            <dst id="WASHng">32209.3573333333</dst>
        </src>
        <src id="WASHng">
            <dst id="ATLA-M5">0</dst>
            <dst id="ATLAng">180487.037333333</dst>
            <dst id="CHINng">949.005333333333</dst>
            <dst id="DNVRng">0</dst>
            <dst id="HSTNng">75081.4053333333</dst>
            <dst id="IPLSng">204.178666666667</dst>
            <dst id="KSCYng">53.3333333333333</dst>
            <dst id="LOSAng">0</dst>
            <dst id="NYCMng">464669.866666667</dst>
            <dst id="SNVAng">85.176</dst>
            <dst id="STTLng">53.3333333333333</dst>
            <dst id="WASHng">267296.373333333</dst>
        </src>
    </IntraTM>
</TrafficMatrixFile>
