<?xml version="1.0" encoding="ISO-8859-1" standalone="yes"?>
<TrafficMatrixFile xsi:noNamespaceSchemaLocation="http://totem.run.montefiore.ulg.ac.be/Schema/TrafficMatrix-v1_2.xsd" xmlns:xsi="http://www.w3.org/2001/XMLSchema-instance">
    <IntraTM ASID="11537">
        <src id="ATLA-M5">
            <dst id="ATLA-M5">1507.22133333333</dst>
            <dst id="ATLAng">956.789333333333</dst>
            <dst id="CHINng">1324.97333333333</dst>
            <dst id="DNVRng">0</dst>
            <dst id="HSTNng">220.762666666667</dst>
            <dst id="IPLSng">524.448</dst>
            <dst id="KSCYng">0</dst>
            <dst id="LOSAng">0</dst>
            <dst id="NYCMng">620.266666666667</dst>
            <dst id="SNVAng">26.6666666666667</dst>
            <dst id="STTLng">0</dst>
            <dst id="WASHng">2389.04</dst>
        </src>
        <src id="ATLAng">
            <dst id="ATLA-M5">0</dst>
            <dst id="ATLAng">27778.056</dst>
            <dst id="CHINng">15636.6533333333</dst>
            <dst id="DNVRng">0</dst>
            <dst id="HSTNng">6117.112</dst>
            <dst id="IPLSng">25007.5413333333</dst>
            <dst id="KSCYng">28.2693333333333</dst>
            <dst id="LOSAng">53.3333333333333</dst>
            <dst id="NYCMng">40435.104</dst>
            <dst id="SNVAng">53.3333333333333</dst>
            <dst id="STTLng">58.3146666666666</dst>
            <dst id="WASHng">44875.5733333333</dst>
        </src>
        <src id="CHINng">
            <dst id="ATLA-M5">0</dst>
            <dst id="ATLAng">19963.1786666667</dst>
            <dst id="CHINng">25979.8213333333</dst>
            <dst id="DNVRng">0</dst>
            <dst id="HSTNng">10888.0853333333</dst>
            <dst id="IPLSng">43332.3253333333</dst>
            <dst id="KSCYng">248.106666666667</dst>
            <dst id="LOSAng">0</dst>
            <dst id="NYCMng">171204.906666667</dst>
            <dst id="SNVAng">0</dst>
            <dst id="STTLng">2143.104</dst>
            <dst id="WASHng">24205.168</dst>
        </src>
        <src id="DNVRng">
            <dst id="ATLA-M5">0</dst>
            <dst id="ATLAng">6093.70133333333</dst>
            <dst id="CHINng">29727.8506666667</dst>
            <dst id="DNVRng">9785.49333333334</dst>
            <dst id="HSTNng">26271.2533333333</dst>
            <dst id="IPLSng">38435.2026666667</dst>
            <dst id="KSCYng">16496.2133333333</dst>
            <dst id="LOSAng">0</dst>
            <dst id="NYCMng">34266.976</dst>
            <dst id="SNVAng">9745.71466666667</dst>
            <dst id="STTLng">2120.768</dst>
            <dst id="WASHng">48261.6213333333</dst>
        </src>
        <src id="HSTNng">
            <dst id="ATLA-M5">0</dst>
            <dst id="ATLAng">31215.56</dst>
            <dst id="CHINng">2076.22933333333</dst>
            <dst id="DNVRng">0</dst>
            <dst id="HSTNng">102204.725333333</dst>
            <dst id="IPLSng">53.3333333333333</dst>
            <dst id="KSCYng">0</dst>
            <dst id="LOSAng">0</dst>
            <dst id="NYCMng">4402.93866666667</dst>
            <dst id="SNVAng">26.6666666666667</dst>
            <dst id="STTLng">0</dst>
            <dst id="WASHng">85539.2426666667</dst>
        </src>
        <src id="IPLSng">
            <dst id="ATLA-M5">0</dst>
            <dst id="ATLAng">22525.4986666667</dst>
            <dst id="CHINng">70469.4826666666</dst>
            <dst id="DNVRng">0</dst>
            <dst id="HSTNng">11876.7306666667</dst>
            <dst id="IPLSng">55648.872</dst>
            <dst id="KSCYng">17640.6106666667</dst>
            <dst id="LOSAng">0</dst>
            <dst id="NYCMng">144990.117333333</dst>
            <dst id="SNVAng">80</dst>
            <dst id="STTLng">34.88</dst>
            <dst id="WASHng">32745.2186666667</dst>
        </src>
        <src id="KSCYng">
            <dst id="ATLA-M5">0</dst>
            <dst id="ATLAng">6005.10666666667</dst>
            <dst id="CHINng">17097.584</dst>
            <dst id="DNVRng">7359.75466666667</dst>
            <dst id="HSTNng">13614.5786666667</dst>
            <dst id="IPLSng">12470.7573333333</dst>
            <dst id="KSCYng">14220.8106666667</dst>
            <dst id="LOSAng">0</dst>
            <dst id="NYCMng">19559.0906666667</dst>
            <dst id="SNVAng">0</dst>
            <dst id="STTLng">0</dst>
            <dst id="WASHng">9011.23466666667</dst>
        </src>
        <src id="LOSAng">
            <dst id="ATLA-M5">0</dst>
            <dst id="ATLAng">27369.3066666667</dst>
            <dst id="CHINng">2233.92</dst>
            <dst id="DNVRng">13148.6933333333</dst>
            <dst id="HSTNng">107868.696</dst>
            <dst id="IPLSng">812.634666666667</dst>
            <dst id="KSCYng">128.914666666667</dst>
            <dst id="LOSAng">24263.6506666667</dst>
            <dst id="NYCMng">73925.048</dst>
            <dst id="SNVAng">10226.12</dst>
            <dst id="STTLng">22025.5013333333</dst>
            <dst id="WASHng">72292.7893333333</dst>
        </src>
        <src id="NYCMng">
            <dst id="ATLA-M5">0</dst>
            <dst id="ATLAng">27209.6186666667</dst>
            <dst id="CHINng">1020.2</dst>
            <dst id="DNVRng">0</dst>
            <dst id="HSTNng">12397.6426666667</dst>
            <dst id="IPLSng">180.813333333333</dst>
            <dst id="KSCYng">133.333333333333</dst>
            <dst id="LOSAng">217.722666666667</dst>
            <dst id="NYCMng">419998.8</dst>
            <dst id="SNVAng">53.3333333333333</dst>
            <dst id="STTLng">618.941333333333</dst>
            <dst id="WASHng">113084.546666667</dst>
        </src>
        <src id="SNVAng">
            <dst id="ATLA-M5">0</dst>
            <dst id="ATLAng">792.277333333333</dst>
            <dst id="CHINng">0</dst>
            <dst id="DNVRng">4719.21066666667</dst>
            <dst id="HSTNng">2789.592</dst>
            <dst id="IPLSng">26.6666666666667</dst>
            <dst id="KSCYng">422.765333333333</dst>
            <dst id="LOSAng">35222.1946666667</dst>
            <dst id="NYCMng">4457.87466666667</dst>
            <dst id="SNVAng">14704.08</dst>
            <dst id="STTLng">55009.696</dst>
            <dst id="WASHng">351.994666666667</dst>
        </src>
        <src id="STTLng">
            <dst id="ATLA-M5">0</dst>
            <dst id="ATLAng">8602.17066666667</dst>
            <dst id="CHINng">841.176</dst>
            <dst id="DNVRng">4740.91466666667</dst>
            <dst id="HSTNng">14223.88</dst>
            <dst id="IPLSng">141.565333333333</dst>
            <dst id="KSCYng">5247.41066666667</dst>
            <dst id="LOSAng">13769.5573333333</dst>
            <dst id="NYCMng">45811.6853333333</dst>
            <dst id="SNVAng">5828.12266666667</dst>
            <dst id="STTLng">3898.97333333333</dst>
            <dst id="WASHng">32186.3066666667</dst>
        </src>
        <src id="WASHng">
            <dst id="ATLA-M5">0</dst>
            <dst id="ATLAng">152443.706666667</dst>
            <dst id="CHINng">770.466666666667</dst>
            <dst id="DNVRng">0</dst>
            <dst id="HSTNng">79289.4053333333</dst>
            <dst id="IPLSng">250.186666666667</dst>
            <dst id="KSCYng">79.936</dst>
            <dst id="LOSAng">53.3333333333333</dst>
            <dst id="NYCMng">478969.466666667</dst>
            <dst id="SNVAng">64.136</dst>
            <dst id="STTLng">53.3333333333333</dst>
            <dst id="WASHng">337474.773333333</dst>
        </src>
    </IntraTM>
</TrafficMatrixFile>
