<?xml version="1.0" encoding="ISO-8859-1" standalone="yes"?>
<TrafficMatrixFile xsi:noNamespaceSchemaLocation="http://totem.run.montefiore.ulg.ac.be/Schema/TrafficMatrix-v1_2.xsd" xmlns:xsi="http://www.w3.org/2001/XMLSchema-instance">
    <IntraTM ASID="11537">
        <src id="ATLA-M5">
            <dst id="ATLA-M5">0</dst>
            <dst id="ATLAng">469.626666666667</dst>
            <dst id="CHINng">532.312</dst>
            <dst id="DNVRng">0</dst>
            <dst id="HSTNng">265.789333333333</dst>
            <dst id="IPLSng">2733.51466666667</dst>
            <dst id="KSCYng">0</dst>
            <dst id="LOSAng">0</dst>
            <dst id="NYCMng">4267.65866666667</dst>
            <dst id="SNVAng">0</dst>
            <dst id="STTLng">0</dst>
            <dst id="WASHng">2339.16533333333</dst>
        </src>
        <src id="ATLAng">
            <dst id="ATLA-M5">0</dst>
            <dst id="ATLAng">28329.2933333333</dst>
            <dst id="CHINng">52131.568</dst>
            <dst id="DNVRng">0</dst>
            <dst id="HSTNng">11687.1493333333</dst>
            <dst id="IPLSng">33174.416</dst>
            <dst id="KSCYng">48.0266666666667</dst>
            <dst id="LOSAng">0</dst>
            <dst id="NYCMng">65806.0186666667</dst>
            <dst id="SNVAng">0</dst>
            <dst id="STTLng">145.325333333333</dst>
            <dst id="WASHng">44535.336</dst>
        </src>
        <src id="CHINng">
            <dst id="ATLA-M5">0</dst>
            <dst id="ATLAng">41731.8</dst>
            <dst id="CHINng">33180.3386666667</dst>
            <dst id="DNVRng">0</dst>
            <dst id="HSTNng">26448.248</dst>
            <dst id="IPLSng">64656.3573333333</dst>
            <dst id="KSCYng">58.9226666666667</dst>
            <dst id="LOSAng">133.333333333333</dst>
            <dst id="NYCMng">225870.424</dst>
            <dst id="SNVAng">52.9706666666667</dst>
            <dst id="STTLng">0</dst>
            <dst id="WASHng">37083.256</dst>
        </src>
        <src id="DNVRng">
            <dst id="ATLA-M5">0</dst>
            <dst id="ATLAng">6695.43466666667</dst>
            <dst id="CHINng">39041.1786666667</dst>
            <dst id="DNVRng">13912.9546666667</dst>
            <dst id="HSTNng">54045.8453333333</dst>
            <dst id="IPLSng">31850.2186666667</dst>
            <dst id="KSCYng">21124.3226666667</dst>
            <dst id="LOSAng">26.6666666666667</dst>
            <dst id="NYCMng">36120.2053333333</dst>
            <dst id="SNVAng">12848.28</dst>
            <dst id="STTLng">88.2346666666667</dst>
            <dst id="WASHng">42599.488</dst>
        </src>
        <src id="HSTNng">
            <dst id="ATLA-M5">0</dst>
            <dst id="ATLAng">40298.1706666667</dst>
            <dst id="CHINng">1364.85066666667</dst>
            <dst id="DNVRng">0</dst>
            <dst id="HSTNng">149773.488</dst>
            <dst id="IPLSng">26.6666666666667</dst>
            <dst id="KSCYng">0</dst>
            <dst id="LOSAng">0</dst>
            <dst id="NYCMng">7527.70933333333</dst>
            <dst id="SNVAng">53.3333333333333</dst>
            <dst id="STTLng">0</dst>
            <dst id="WASHng">125179.178666667</dst>
        </src>
        <src id="IPLSng">
            <dst id="ATLA-M5">0</dst>
            <dst id="ATLAng">15227.2106666667</dst>
            <dst id="CHINng">142458.533333333</dst>
            <dst id="DNVRng">0</dst>
            <dst id="HSTNng">9404.26133333333</dst>
            <dst id="IPLSng">24217.6426666667</dst>
            <dst id="KSCYng">26238.1733333333</dst>
            <dst id="LOSAng">0</dst>
            <dst id="NYCMng">159626.693333333</dst>
            <dst id="SNVAng">80</dst>
            <dst id="STTLng">26.6666666666667</dst>
            <dst id="WASHng">38885.7306666667</dst>
        </src>
        <src id="KSCYng">
            <dst id="ATLA-M5">0</dst>
            <dst id="ATLAng">5784.37066666667</dst>
            <dst id="CHINng">21673.696</dst>
            <dst id="DNVRng">19525.3413333333</dst>
            <dst id="HSTNng">15679.0453333333</dst>
            <dst id="IPLSng">22519.28</dst>
            <dst id="KSCYng">10143.4213333333</dst>
            <dst id="LOSAng">0</dst>
            <dst id="NYCMng">18697.9466666667</dst>
            <dst id="SNVAng">26.6666666666667</dst>
            <dst id="STTLng">0</dst>
            <dst id="WASHng">11434.3306666667</dst>
        </src>
        <src id="LOSAng">
            <dst id="ATLA-M5">0</dst>
            <dst id="ATLAng">35967.04</dst>
            <dst id="CHINng">2540.112</dst>
            <dst id="DNVRng">30647.704</dst>
            <dst id="HSTNng">127654.109333333</dst>
            <dst id="IPLSng">528.189333333333</dst>
            <dst id="KSCYng">230.184</dst>
            <dst id="LOSAng">18353.3466666667</dst>
            <dst id="NYCMng">76782.9653333333</dst>
            <dst id="SNVAng">18826.848</dst>
            <dst id="STTLng">20720.568</dst>
            <dst id="WASHng">105121.821333333</dst>
        </src>
        <src id="NYCMng">
            <dst id="ATLA-M5">0</dst>
            <dst id="ATLAng">36337.6266666667</dst>
            <dst id="CHINng">757.061333333333</dst>
            <dst id="DNVRng">0</dst>
            <dst id="HSTNng">19237.8186666667</dst>
            <dst id="IPLSng">110.312</dst>
            <dst id="KSCYng">195.570666666667</dst>
            <dst id="LOSAng">107.765333333333</dst>
            <dst id="NYCMng">934074.586666667</dst>
            <dst id="SNVAng">0</dst>
            <dst id="STTLng">97.144</dst>
            <dst id="WASHng">289717.893333333</dst>
        </src>
        <src id="SNVAng">
            <dst id="ATLA-M5">0</dst>
            <dst id="ATLAng">897.76</dst>
            <dst id="CHINng">53.3333333333333</dst>
            <dst id="DNVRng">11711.4826666667</dst>
            <dst id="HSTNng">5052.624</dst>
            <dst id="IPLSng">0</dst>
            <dst id="KSCYng">334.938666666667</dst>
            <dst id="LOSAng">35647.36</dst>
            <dst id="NYCMng">5684.92266666667</dst>
            <dst id="SNVAng">15918.4453333333</dst>
            <dst id="STTLng">55598.7386666667</dst>
            <dst id="WASHng">682.016</dst>
        </src>
        <src id="STTLng">
            <dst id="ATLA-M5">0</dst>
            <dst id="ATLAng">8311.41333333333</dst>
            <dst id="CHINng">3870.66666666667</dst>
            <dst id="DNVRng">9304.144</dst>
            <dst id="HSTNng">26193.4506666667</dst>
            <dst id="IPLSng">203.706666666667</dst>
            <dst id="KSCYng">2677.68</dst>
            <dst id="LOSAng">29435.1306666667</dst>
            <dst id="NYCMng">50180.9386666667</dst>
            <dst id="SNVAng">7989.52</dst>
            <dst id="STTLng">5820.91733333333</dst>
            <dst id="WASHng">32922.8266666667</dst>
        </src>
        <src id="WASHng">
            <dst id="ATLA-M5">0</dst>
            <dst id="ATLAng">128933.125333333</dst>
            <dst id="CHINng">482.973333333333</dst>
            <dst id="DNVRng">0</dst>
            <dst id="HSTNng">93000.8453333333</dst>
            <dst id="IPLSng">0</dst>
            <dst id="KSCYng">97.4613333333333</dst>
            <dst id="LOSAng">166.666666666667</dst>
            <dst id="NYCMng">615576.053333333</dst>
            <dst id="SNVAng">0</dst>
            <dst id="STTLng">26.6666666666667</dst>
            <dst id="WASHng">276674.08</dst>
        </src>
    </IntraTM>
</TrafficMatrixFile>
