<?xml version="1.0" encoding="ISO-8859-1" standalone="yes"?>
<TrafficMatrixFile xsi:noNamespaceSchemaLocation="http://totem.run.montefiore.ulg.ac.be/Schema/TrafficMatrix-v1_2.xsd" xmlns:xsi="http://www.w3.org/2001/XMLSchema-instance">
    <IntraTM ASID="11537">
        <src id="ATLA-M5">
            <dst id="ATLA-M5">26.6666666666667</dst>
            <dst id="ATLAng">190.608</dst>
            <dst id="CHINng">1767.50666666667</dst>
            <dst id="DNVRng">0</dst>
            <dst id="HSTNng">3744.448</dst>
            <dst id="IPLSng">2024.10933333333</dst>
            <dst id="KSCYng">0</dst>
            <dst id="LOSAng">0</dst>
            <dst id="NYCMng">3256.96266666667</dst>
            <dst id="SNVAng">0</dst>
            <dst id="STTLng">0</dst>
            <dst id="WASHng">884.074666666667</dst>
        </src>
        <src id="ATLAng">
            <dst id="ATLA-M5">0</dst>
            <dst id="ATLAng">36218.8933333333</dst>
            <dst id="CHINng">44153.6506666667</dst>
            <dst id="DNVRng">0</dst>
            <dst id="HSTNng">16046.3306666667</dst>
            <dst id="IPLSng">30670.9813333333</dst>
            <dst id="KSCYng">70.128</dst>
            <dst id="LOSAng">100.8</dst>
            <dst id="NYCMng">49067.6773333333</dst>
            <dst id="SNVAng">26.6666666666667</dst>
            <dst id="STTLng">0</dst>
            <dst id="WASHng">43391.2373333333</dst>
        </src>
        <src id="CHINng">
            <dst id="ATLA-M5">0</dst>
            <dst id="ATLAng">23455</dst>
            <dst id="CHINng">37613.624</dst>
            <dst id="DNVRng">0</dst>
            <dst id="HSTNng">19985.2</dst>
            <dst id="IPLSng">63341.192</dst>
            <dst id="KSCYng">155.557333333333</dst>
            <dst id="LOSAng">124.224</dst>
            <dst id="NYCMng">219594.013333333</dst>
            <dst id="SNVAng">53.3333333333333</dst>
            <dst id="STTLng">80</dst>
            <dst id="WASHng">60741.6106666667</dst>
        </src>
        <src id="DNVRng">
            <dst id="ATLA-M5">0</dst>
            <dst id="ATLAng">7922.22666666667</dst>
            <dst id="CHINng">93119.968</dst>
            <dst id="DNVRng">13639.984</dst>
            <dst id="HSTNng">53461.5226666667</dst>
            <dst id="IPLSng">31355.4613333333</dst>
            <dst id="KSCYng">24816.488</dst>
            <dst id="LOSAng">26.6666666666667</dst>
            <dst id="NYCMng">34461.992</dst>
            <dst id="SNVAng">18324.1866666667</dst>
            <dst id="STTLng">1384.49066666667</dst>
            <dst id="WASHng">42586.808</dst>
        </src>
        <src id="HSTNng">
            <dst id="ATLA-M5">0</dst>
            <dst id="ATLAng">27471.272</dst>
            <dst id="CHINng">501.722666666667</dst>
            <dst id="DNVRng">0</dst>
            <dst id="HSTNng">156188.941333333</dst>
            <dst id="IPLSng">53.3333333333333</dst>
            <dst id="KSCYng">0</dst>
            <dst id="LOSAng">26.6666666666667</dst>
            <dst id="NYCMng">5705.952</dst>
            <dst id="SNVAng">0</dst>
            <dst id="STTLng">0</dst>
            <dst id="WASHng">117092.88</dst>
        </src>
        <src id="IPLSng">
            <dst id="ATLA-M5">0</dst>
            <dst id="ATLAng">12459.2533333333</dst>
            <dst id="CHINng">118217.68</dst>
            <dst id="DNVRng">0</dst>
            <dst id="HSTNng">8316.96533333333</dst>
            <dst id="IPLSng">36617.3493333333</dst>
            <dst id="KSCYng">20952.328</dst>
            <dst id="LOSAng">26.6666666666667</dst>
            <dst id="NYCMng">273404.64</dst>
            <dst id="SNVAng">106.666666666667</dst>
            <dst id="STTLng">59.6266666666667</dst>
            <dst id="WASHng">29521.76</dst>
        </src>
        <src id="KSCYng">
            <dst id="ATLA-M5">0</dst>
            <dst id="ATLAng">4502.34666666667</dst>
            <dst id="CHINng">21882.752</dst>
            <dst id="DNVRng">18369.0613333333</dst>
            <dst id="HSTNng">12877.6826666667</dst>
            <dst id="IPLSng">9481.88</dst>
            <dst id="KSCYng">7995.168</dst>
            <dst id="LOSAng">0</dst>
            <dst id="NYCMng">63676.2666666667</dst>
            <dst id="SNVAng">53.3333333333333</dst>
            <dst id="STTLng">0</dst>
            <dst id="WASHng">12482.1466666667</dst>
        </src>
        <src id="LOSAng">
            <dst id="ATLA-M5">0</dst>
            <dst id="ATLAng">18774.352</dst>
            <dst id="CHINng">1745.77866666667</dst>
            <dst id="DNVRng">23267.7333333333</dst>
            <dst id="HSTNng">98401.3786666667</dst>
            <dst id="IPLSng">2340.99466666667</dst>
            <dst id="KSCYng">110.661333333333</dst>
            <dst id="LOSAng">14299.584</dst>
            <dst id="NYCMng">65377.248</dst>
            <dst id="SNVAng">9385.28533333333</dst>
            <dst id="STTLng">25613.44</dst>
            <dst id="WASHng">94647.2106666667</dst>
        </src>
        <src id="NYCMng">
            <dst id="ATLA-M5">0</dst>
            <dst id="ATLAng">36497.5173333333</dst>
            <dst id="CHINng">1859.632</dst>
            <dst id="DNVRng">0</dst>
            <dst id="HSTNng">19531.6</dst>
            <dst id="IPLSng">80.5173333333334</dst>
            <dst id="KSCYng">98.912</dst>
            <dst id="LOSAng">209.877333333333</dst>
            <dst id="NYCMng">543917.866666667</dst>
            <dst id="SNVAng">26.6666666666667</dst>
            <dst id="STTLng">205.856</dst>
            <dst id="WASHng">58717.6293333333</dst>
        </src>
        <src id="SNVAng">
            <dst id="ATLA-M5">0</dst>
            <dst id="ATLAng">1050.45866666667</dst>
            <dst id="CHINng">0</dst>
            <dst id="DNVRng">9143.61866666667</dst>
            <dst id="HSTNng">5842.07466666667</dst>
            <dst id="IPLSng">0</dst>
            <dst id="KSCYng">291.76</dst>
            <dst id="LOSAng">37527.7173333333</dst>
            <dst id="NYCMng">5929.78666666667</dst>
            <dst id="SNVAng">15996.928</dst>
            <dst id="STTLng">54028.4693333333</dst>
            <dst id="WASHng">1652.44266666667</dst>
        </src>
        <src id="STTLng">
            <dst id="ATLA-M5">0</dst>
            <dst id="ATLAng">8806.28</dst>
            <dst id="CHINng">1058.464</dst>
            <dst id="DNVRng">6303.05066666667</dst>
            <dst id="HSTNng">23352.7226666667</dst>
            <dst id="IPLSng">287.749333333333</dst>
            <dst id="KSCYng">3259.512</dst>
            <dst id="LOSAng">23706.8906666667</dst>
            <dst id="NYCMng">52191.6906666666</dst>
            <dst id="SNVAng">7348.75733333333</dst>
            <dst id="STTLng">8157.592</dst>
            <dst id="WASHng">30326.6426666667</dst>
        </src>
        <src id="WASHng">
            <dst id="ATLA-M5">0</dst>
            <dst id="ATLAng">120360.456</dst>
            <dst id="CHINng">1174.53333333333</dst>
            <dst id="DNVRng">0</dst>
            <dst id="HSTNng">82618.6906666666</dst>
            <dst id="IPLSng">80</dst>
            <dst id="KSCYng">26.6666666666667</dst>
            <dst id="LOSAng">26.6666666666667</dst>
            <dst id="NYCMng">598357.28</dst>
            <dst id="SNVAng">48.6933333333333</dst>
            <dst id="STTLng">110.72</dst>
            <dst id="WASHng">329013.813333333</dst>
        </src>
    </IntraTM>
</TrafficMatrixFile>
