<?xml version="1.0" encoding="ISO-8859-1" standalone="yes"?>
<TrafficMatrixFile xsi:noNamespaceSchemaLocation="http://totem.run.montefiore.ulg.ac.be/Schema/TrafficMatrix-v1_2.xsd" xmlns:xsi="http://www.w3.org/2001/XMLSchema-instance">
    <IntraTM ASID="11537">
        <src id="ATLA-M5">
            <dst id="ATLA-M5">0</dst>
            <dst id="ATLAng">53.3333333333333</dst>
            <dst id="CHINng">849.384</dst>
            <dst id="DNVRng">0</dst>
            <dst id="HSTNng">459.514666666667</dst>
            <dst id="IPLSng">263.093333333333</dst>
            <dst id="KSCYng">85.616</dst>
            <dst id="LOSAng">0</dst>
            <dst id="NYCMng">485.013333333333</dst>
            <dst id="SNVAng">0</dst>
            <dst id="STTLng">0</dst>
            <dst id="WASHng">1373.024</dst>
        </src>
        <src id="ATLAng">
            <dst id="ATLA-M5">0</dst>
            <dst id="ATLAng">28310.0133333333</dst>
            <dst id="CHINng">21571.5333333333</dst>
            <dst id="DNVRng">118.872</dst>
            <dst id="HSTNng">934773.333333333</dst>
            <dst id="IPLSng">39613.2773333333</dst>
            <dst id="KSCYng">5565.30933333333</dst>
            <dst id="LOSAng">26.6666666666667</dst>
            <dst id="NYCMng">21137.5413333333</dst>
            <dst id="SNVAng">0</dst>
            <dst id="STTLng">211.045333333333</dst>
            <dst id="WASHng">68467.848</dst>
        </src>
        <src id="CHINng">
            <dst id="ATLA-M5">0</dst>
            <dst id="ATLAng">33565.288</dst>
            <dst id="CHINng">146996.293333333</dst>
            <dst id="DNVRng">18217.0533333333</dst>
            <dst id="HSTNng">119534.68</dst>
            <dst id="IPLSng">68166.6506666667</dst>
            <dst id="KSCYng">18362.1466666667</dst>
            <dst id="LOSAng">1254.216</dst>
            <dst id="NYCMng">45869.3306666667</dst>
            <dst id="SNVAng">113.792</dst>
            <dst id="STTLng">1127.03733333333</dst>
            <dst id="WASHng">36944.4613333333</dst>
        </src>
        <src id="DNVRng">
            <dst id="ATLA-M5">0</dst>
            <dst id="ATLAng">7345.46933333333</dst>
            <dst id="CHINng">74395.104</dst>
            <dst id="DNVRng">18102.1733333333</dst>
            <dst id="HSTNng">75280.0373333333</dst>
            <dst id="IPLSng">29496.192</dst>
            <dst id="KSCYng">22422.5253333333</dst>
            <dst id="LOSAng">35.8346666666667</dst>
            <dst id="NYCMng">34243.016</dst>
            <dst id="SNVAng">9183.864</dst>
            <dst id="STTLng">106.666666666667</dst>
            <dst id="WASHng">34454.4266666667</dst>
        </src>
        <src id="HSTNng">
            <dst id="ATLA-M5">0</dst>
            <dst id="ATLAng">24590.7946666667</dst>
            <dst id="CHINng">2848.89333333333</dst>
            <dst id="DNVRng">26.6666666666667</dst>
            <dst id="HSTNng">146556.688</dst>
            <dst id="IPLSng">211.008</dst>
            <dst id="KSCYng">26.6666666666667</dst>
            <dst id="LOSAng">132.037333333333</dst>
            <dst id="NYCMng">8163.45333333333</dst>
            <dst id="SNVAng">0</dst>
            <dst id="STTLng">53.3333333333333</dst>
            <dst id="WASHng">105656.197333333</dst>
        </src>
        <src id="IPLSng">
            <dst id="ATLA-M5">0</dst>
            <dst id="ATLAng">13387.456</dst>
            <dst id="CHINng">171934.210666667</dst>
            <dst id="DNVRng">11502.072</dst>
            <dst id="HSTNng">68238.928</dst>
            <dst id="IPLSng">38891.2933333333</dst>
            <dst id="KSCYng">20017.448</dst>
            <dst id="LOSAng">26.6666666666667</dst>
            <dst id="NYCMng">43623.792</dst>
            <dst id="SNVAng">50.0053333333333</dst>
            <dst id="STTLng">285.586666666667</dst>
            <dst id="WASHng">23844.4746666667</dst>
        </src>
        <src id="KSCYng">
            <dst id="ATLA-M5">0</dst>
            <dst id="ATLAng">6259.59466666667</dst>
            <dst id="CHINng">36981.4373333333</dst>
            <dst id="DNVRng">7968.42933333333</dst>
            <dst id="HSTNng">20487.8293333333</dst>
            <dst id="IPLSng">34566.7786666667</dst>
            <dst id="KSCYng">12775.4026666667</dst>
            <dst id="LOSAng">0</dst>
            <dst id="NYCMng">14041.032</dst>
            <dst id="SNVAng">0</dst>
            <dst id="STTLng">106.666666666667</dst>
            <dst id="WASHng">14174.4133333333</dst>
        </src>
        <src id="LOSAng">
            <dst id="ATLA-M5">0</dst>
            <dst id="ATLAng">15549.1573333333</dst>
            <dst id="CHINng">15978.3093333333</dst>
            <dst id="DNVRng">9612.28</dst>
            <dst id="HSTNng">203438.861333333</dst>
            <dst id="IPLSng">446.634666666667</dst>
            <dst id="KSCYng">53.3333333333333</dst>
            <dst id="LOSAng">38603.9333333333</dst>
            <dst id="NYCMng">60272.544</dst>
            <dst id="SNVAng">9495.62933333333</dst>
            <dst id="STTLng">31217.3146666667</dst>
            <dst id="WASHng">95840.9706666667</dst>
        </src>
        <src id="NYCMng">
            <dst id="ATLA-M5">0</dst>
            <dst id="ATLAng">38563.3306666667</dst>
            <dst id="CHINng">89218.5013333333</dst>
            <dst id="DNVRng">36569.608</dst>
            <dst id="HSTNng">156048.354666667</dst>
            <dst id="IPLSng">60543.7306666667</dst>
            <dst id="KSCYng">22980.4986666667</dst>
            <dst id="LOSAng">501.141333333333</dst>
            <dst id="NYCMng">243870.296</dst>
            <dst id="SNVAng">26.6666666666667</dst>
            <dst id="STTLng">8468.76533333333</dst>
            <dst id="WASHng">129300.304</dst>
        </src>
        <src id="SNVAng">
            <dst id="ATLA-M5">0</dst>
            <dst id="ATLAng">1944.89333333333</dst>
            <dst id="CHINng">778.170666666667</dst>
            <dst id="DNVRng">13260.8773333333</dst>
            <dst id="HSTNng">4888.48266666667</dst>
            <dst id="IPLSng">26.6666666666667</dst>
            <dst id="KSCYng">589.36</dst>
            <dst id="LOSAng">33442.64</dst>
            <dst id="NYCMng">5679.488</dst>
            <dst id="SNVAng">13454.088</dst>
            <dst id="STTLng">49234.5946666667</dst>
            <dst id="WASHng">616.346666666667</dst>
        </src>
        <src id="STTLng">
            <dst id="ATLA-M5">0</dst>
            <dst id="ATLAng">11235.9733333333</dst>
            <dst id="CHINng">25358.3493333333</dst>
            <dst id="DNVRng">5132.696</dst>
            <dst id="HSTNng">49274.3733333333</dst>
            <dst id="IPLSng">287.277333333333</dst>
            <dst id="KSCYng">2542.70133333333</dst>
            <dst id="LOSAng">33517.6533333333</dst>
            <dst id="NYCMng">18598.4053333333</dst>
            <dst id="SNVAng">7564.33333333333</dst>
            <dst id="STTLng">8796.42133333333</dst>
            <dst id="WASHng">29356.016</dst>
        </src>
        <src id="WASHng">
            <dst id="ATLA-M5">0</dst>
            <dst id="ATLAng">126141.389333333</dst>
            <dst id="CHINng">101364.461333333</dst>
            <dst id="DNVRng">5791.23733333333</dst>
            <dst id="HSTNng">297179.28</dst>
            <dst id="IPLSng">57398.9413333333</dst>
            <dst id="KSCYng">24816.3973333333</dst>
            <dst id="LOSAng">0</dst>
            <dst id="NYCMng">169116.152</dst>
            <dst id="SNVAng">251.061333333333</dst>
            <dst id="STTLng">7654.47733333333</dst>
            <dst id="WASHng">397004.08</dst>
        </src>
    </IntraTM>
</TrafficMatrixFile>
