<?xml version="1.0" encoding="ISO-8859-1" standalone="yes"?>
<TrafficMatrixFile xsi:noNamespaceSchemaLocation="http://totem.run.montefiore.ulg.ac.be/Schema/TrafficMatrix-v1_2.xsd" xmlns:xsi="http://www.w3.org/2001/XMLSchema-instance">
    <IntraTM ASID="11537">
        <src id="ATLA-M5">
            <dst id="ATLA-M5">80</dst>
            <dst id="ATLAng">1016.36</dst>
            <dst id="CHINng">1039</dst>
            <dst id="DNVRng">26.6666666666667</dst>
            <dst id="HSTNng">2370.768</dst>
            <dst id="IPLSng">434.629333333333</dst>
            <dst id="KSCYng">768.234666666667</dst>
            <dst id="LOSAng">0</dst>
            <dst id="NYCMng">812.914666666667</dst>
            <dst id="SNVAng">0</dst>
            <dst id="STTLng">0</dst>
            <dst id="WASHng">1588.992</dst>
        </src>
        <src id="ATLAng">
            <dst id="ATLA-M5">0</dst>
            <dst id="ATLAng">25999.616</dst>
            <dst id="CHINng">26237.6426666667</dst>
            <dst id="DNVRng">103.2</dst>
            <dst id="HSTNng">108021.352</dst>
            <dst id="IPLSng">37607.7893333333</dst>
            <dst id="KSCYng">6038.67466666667</dst>
            <dst id="LOSAng">0</dst>
            <dst id="NYCMng">21400.384</dst>
            <dst id="SNVAng">1318.56</dst>
            <dst id="STTLng">347.181333333333</dst>
            <dst id="WASHng">79721.7866666667</dst>
        </src>
        <src id="CHINng">
            <dst id="ATLA-M5">0</dst>
            <dst id="ATLAng">30191.688</dst>
            <dst id="CHINng">100455.602666667</dst>
            <dst id="DNVRng">27431.784</dst>
            <dst id="HSTNng">118344.714666667</dst>
            <dst id="IPLSng">72596.6453333333</dst>
            <dst id="KSCYng">23565.8613333333</dst>
            <dst id="LOSAng">659.586666666667</dst>
            <dst id="NYCMng">40417.136</dst>
            <dst id="SNVAng">26.6666666666667</dst>
            <dst id="STTLng">1180.12266666667</dst>
            <dst id="WASHng">42606.3626666667</dst>
        </src>
        <src id="DNVRng">
            <dst id="ATLA-M5">0</dst>
            <dst id="ATLAng">8771.74666666667</dst>
            <dst id="CHINng">47335.6773333333</dst>
            <dst id="DNVRng">16164.0266666667</dst>
            <dst id="HSTNng">48130.7866666667</dst>
            <dst id="IPLSng">29181.0906666667</dst>
            <dst id="KSCYng">23693.072</dst>
            <dst id="LOSAng">0</dst>
            <dst id="NYCMng">19826.4053333333</dst>
            <dst id="SNVAng">12622.9333333333</dst>
            <dst id="STTLng">1216.96</dst>
            <dst id="WASHng">56421.2746666667</dst>
        </src>
        <src id="HSTNng">
            <dst id="ATLA-M5">0</dst>
            <dst id="ATLAng">35408.096</dst>
            <dst id="CHINng">1732.672</dst>
            <dst id="DNVRng">26.6666666666667</dst>
            <dst id="HSTNng">313448.613333333</dst>
            <dst id="IPLSng">171.794666666667</dst>
            <dst id="KSCYng">0</dst>
            <dst id="LOSAng">0</dst>
            <dst id="NYCMng">10444.5813333333</dst>
            <dst id="SNVAng">26.6666666666667</dst>
            <dst id="STTLng">379.810666666667</dst>
            <dst id="WASHng">136830.541333333</dst>
        </src>
        <src id="IPLSng">
            <dst id="ATLA-M5">0</dst>
            <dst id="ATLAng">28651.8266666667</dst>
            <dst id="CHINng">114263.698666667</dst>
            <dst id="DNVRng">9215.472</dst>
            <dst id="HSTNng">67698.7466666667</dst>
            <dst id="IPLSng">73389.232</dst>
            <dst id="KSCYng">23420.5173333333</dst>
            <dst id="LOSAng">0</dst>
            <dst id="NYCMng">73019.6266666667</dst>
            <dst id="SNVAng">2357.72</dst>
            <dst id="STTLng">777.549333333333</dst>
            <dst id="WASHng">39814.832</dst>
        </src>
        <src id="KSCYng">
            <dst id="ATLA-M5">0</dst>
            <dst id="ATLAng">5733.82933333333</dst>
            <dst id="CHINng">27275.8346666667</dst>
            <dst id="DNVRng">8863.464</dst>
            <dst id="HSTNng">20786.6346666667</dst>
            <dst id="IPLSng">23636.512</dst>
            <dst id="KSCYng">11465.784</dst>
            <dst id="LOSAng">0</dst>
            <dst id="NYCMng">8239.736</dst>
            <dst id="SNVAng">26.6666666666667</dst>
            <dst id="STTLng">136.64</dst>
            <dst id="WASHng">18655.808</dst>
        </src>
        <src id="LOSAng">
            <dst id="ATLA-M5">0</dst>
            <dst id="ATLAng">24229.2986666667</dst>
            <dst id="CHINng">3212.856</dst>
            <dst id="DNVRng">20046.2106666667</dst>
            <dst id="HSTNng">255633.013333333</dst>
            <dst id="IPLSng">357.698666666667</dst>
            <dst id="KSCYng">109.88</dst>
            <dst id="LOSAng">15880.9413333333</dst>
            <dst id="NYCMng">70157.4453333334</dst>
            <dst id="SNVAng">15238.6533333333</dst>
            <dst id="STTLng">38050.304</dst>
            <dst id="WASHng">103722.029333333</dst>
        </src>
        <src id="NYCMng">
            <dst id="ATLA-M5">0</dst>
            <dst id="ATLAng">36852.8586666667</dst>
            <dst id="CHINng">89701.3146666667</dst>
            <dst id="DNVRng">41316.4613333333</dst>
            <dst id="HSTNng">153031.573333333</dst>
            <dst id="IPLSng">83737.5066666667</dst>
            <dst id="KSCYng">23708.7253333333</dst>
            <dst id="LOSAng">1077.63466666667</dst>
            <dst id="NYCMng">254552.872</dst>
            <dst id="SNVAng">26.6666666666667</dst>
            <dst id="STTLng">5622.13333333333</dst>
            <dst id="WASHng">167692.744</dst>
        </src>
        <src id="SNVAng">
            <dst id="ATLA-M5">0</dst>
            <dst id="ATLAng">675.136</dst>
            <dst id="CHINng">387.069333333333</dst>
            <dst id="DNVRng">17374.4826666667</dst>
            <dst id="HSTNng">5690.416</dst>
            <dst id="IPLSng">63.504</dst>
            <dst id="KSCYng">463.194666666667</dst>
            <dst id="LOSAng">40004.1813333333</dst>
            <dst id="NYCMng">6707.59466666667</dst>
            <dst id="SNVAng">16546.0533333333</dst>
            <dst id="STTLng">53454.1946666667</dst>
            <dst id="WASHng">995.301333333333</dst>
        </src>
        <src id="STTLng">
            <dst id="ATLA-M5">0</dst>
            <dst id="ATLAng">13456.032</dst>
            <dst id="CHINng">22816.2826666667</dst>
            <dst id="DNVRng">6992.49066666667</dst>
            <dst id="HSTNng">39156.9546666667</dst>
            <dst id="IPLSng">286.76</dst>
            <dst id="KSCYng">4686.66133333333</dst>
            <dst id="LOSAng">25755.7013333333</dst>
            <dst id="NYCMng">18023.5466666667</dst>
            <dst id="SNVAng">6871.384</dst>
            <dst id="STTLng">7448.096</dst>
            <dst id="WASHng">33282.008</dst>
        </src>
        <src id="WASHng">
            <dst id="ATLA-M5">0</dst>
            <dst id="ATLAng">108473.101333333</dst>
            <dst id="CHINng">96979.7226666667</dst>
            <dst id="DNVRng">1951.24</dst>
            <dst id="HSTNng">352658.96</dst>
            <dst id="IPLSng">77464.8506666667</dst>
            <dst id="KSCYng">15344.9066666667</dst>
            <dst id="LOSAng">29.536</dst>
            <dst id="NYCMng">213168.517333333</dst>
            <dst id="SNVAng">204.810666666667</dst>
            <dst id="STTLng">4065.50933333333</dst>
            <dst id="WASHng">310514.586666667</dst>
        </src>
    </IntraTM>
</TrafficMatrixFile>
