<?xml version="1.0" encoding="ISO-8859-1" standalone="yes"?>
<TrafficMatrixFile xsi:noNamespaceSchemaLocation="http://totem.run.montefiore.ulg.ac.be/Schema/TrafficMatrix-v1_2.xsd" xmlns:xsi="http://www.w3.org/2001/XMLSchema-instance">
    <IntraTM ASID="11537">
        <src id="ATLA-M5">
            <dst id="ATLA-M5">53.3333333333333</dst>
            <dst id="ATLAng">515.653333333333</dst>
            <dst id="CHINng">817.682666666666</dst>
            <dst id="DNVRng">0</dst>
            <dst id="HSTNng">1714.888</dst>
            <dst id="IPLSng">538.266666666667</dst>
            <dst id="KSCYng">381.109333333333</dst>
            <dst id="LOSAng">0</dst>
            <dst id="NYCMng">818.504</dst>
            <dst id="SNVAng">0</dst>
            <dst id="STTLng">0</dst>
            <dst id="WASHng">1357.336</dst>
        </src>
        <src id="ATLAng">
            <dst id="ATLA-M5">0</dst>
            <dst id="ATLAng">25580.2026666667</dst>
            <dst id="CHINng">25061.2</dst>
            <dst id="DNVRng">96.0853333333334</dst>
            <dst id="HSTNng">108597.4</dst>
            <dst id="IPLSng">36356.1466666667</dst>
            <dst id="KSCYng">5648.96</dst>
            <dst id="LOSAng">0</dst>
            <dst id="NYCMng">20046.0026666667</dst>
            <dst id="SNVAng">381.501333333333</dst>
            <dst id="STTLng">267.749333333333</dst>
            <dst id="WASHng">77863.7333333333</dst>
        </src>
        <src id="CHINng">
            <dst id="ATLA-M5">0</dst>
            <dst id="ATLAng">29845.056</dst>
            <dst id="CHINng">103811.538666667</dst>
            <dst id="DNVRng">22659.9173333333</dst>
            <dst id="HSTNng">119021.936</dst>
            <dst id="IPLSng">72255.2346666667</dst>
            <dst id="KSCYng">24862.0613333333</dst>
            <dst id="LOSAng">163.589333333333</dst>
            <dst id="NYCMng">41477.4986666667</dst>
            <dst id="SNVAng">26.6666666666667</dst>
            <dst id="STTLng">1479.87733333333</dst>
            <dst id="WASHng">44862.328</dst>
        </src>
        <src id="DNVRng">
            <dst id="ATLA-M5">0</dst>
            <dst id="ATLAng">8268.90933333333</dst>
            <dst id="CHINng">47709.9706666667</dst>
            <dst id="DNVRng">15523.456</dst>
            <dst id="HSTNng">45173.28</dst>
            <dst id="IPLSng">36549.32</dst>
            <dst id="KSCYng">25646.1733333333</dst>
            <dst id="LOSAng">26.6666666666667</dst>
            <dst id="NYCMng">19515.8</dst>
            <dst id="SNVAng">13353.8106666667</dst>
            <dst id="STTLng">1377.64266666667</dst>
            <dst id="WASHng">47339.8773333333</dst>
        </src>
        <src id="HSTNng">
            <dst id="ATLA-M5">0</dst>
            <dst id="ATLAng">31457.7093333333</dst>
            <dst id="CHINng">1553.848</dst>
            <dst id="DNVRng">0</dst>
            <dst id="HSTNng">161986.954666667</dst>
            <dst id="IPLSng">267.477333333333</dst>
            <dst id="KSCYng">26.6666666666667</dst>
            <dst id="LOSAng">0</dst>
            <dst id="NYCMng">12860.6693333333</dst>
            <dst id="SNVAng">26.6666666666667</dst>
            <dst id="STTLng">239.114666666667</dst>
            <dst id="WASHng">139883.28</dst>
        </src>
        <src id="IPLSng">
            <dst id="ATLA-M5">0</dst>
            <dst id="ATLAng">29194.704</dst>
            <dst id="CHINng">135656.712</dst>
            <dst id="DNVRng">8078.168</dst>
            <dst id="HSTNng">71016.456</dst>
            <dst id="IPLSng">56316.5893333333</dst>
            <dst id="KSCYng">21124.7226666667</dst>
            <dst id="LOSAng">164.330666666667</dst>
            <dst id="NYCMng">73129.3226666667</dst>
            <dst id="SNVAng">1795.54933333333</dst>
            <dst id="STTLng">1065.272</dst>
            <dst id="WASHng">32787.9866666667</dst>
        </src>
        <src id="KSCYng">
            <dst id="ATLA-M5">0</dst>
            <dst id="ATLAng">5336.05066666667</dst>
            <dst id="CHINng">27433.592</dst>
            <dst id="DNVRng">8737.47466666667</dst>
            <dst id="HSTNng">20693.3093333333</dst>
            <dst id="IPLSng">23367.2666666667</dst>
            <dst id="KSCYng">9694.58666666667</dst>
            <dst id="LOSAng">0</dst>
            <dst id="NYCMng">8378.84</dst>
            <dst id="SNVAng">26.6666666666667</dst>
            <dst id="STTLng">78.2186666666667</dst>
            <dst id="WASHng">18181.5333333333</dst>
        </src>
        <src id="LOSAng">
            <dst id="ATLA-M5">0</dst>
            <dst id="ATLAng">24450.064</dst>
            <dst id="CHINng">3230.61333333333</dst>
            <dst id="DNVRng">20001.6133333333</dst>
            <dst id="HSTNng">177175.706666667</dst>
            <dst id="IPLSng">486.013333333333</dst>
            <dst id="KSCYng">91.8773333333333</dst>
            <dst id="LOSAng">15524.984</dst>
            <dst id="NYCMng">75977.536</dst>
            <dst id="SNVAng">19864.6746666667</dst>
            <dst id="STTLng">47438.56</dst>
            <dst id="WASHng">104537.504</dst>
        </src>
        <src id="NYCMng">
            <dst id="ATLA-M5">0</dst>
            <dst id="ATLAng">35823.656</dst>
            <dst id="CHINng">93979.2586666667</dst>
            <dst id="DNVRng">43352.224</dst>
            <dst id="HSTNng">158243.229333333</dst>
            <dst id="IPLSng">75543.6853333333</dst>
            <dst id="KSCYng">21252.5786666667</dst>
            <dst id="LOSAng">1320.02133333333</dst>
            <dst id="NYCMng">244497.997333333</dst>
            <dst id="SNVAng">53.3333333333333</dst>
            <dst id="STTLng">5846.224</dst>
            <dst id="WASHng">152926.973333333</dst>
        </src>
        <src id="SNVAng">
            <dst id="ATLA-M5">0</dst>
            <dst id="ATLAng">683.618666666667</dst>
            <dst id="CHINng">421.242666666667</dst>
            <dst id="DNVRng">20713.8906666667</dst>
            <dst id="HSTNng">4121.01333333333</dst>
            <dst id="IPLSng">26.6666666666667</dst>
            <dst id="KSCYng">270.536</dst>
            <dst id="LOSAng">39186.376</dst>
            <dst id="NYCMng">4363.13333333333</dst>
            <dst id="SNVAng">16782.4453333333</dst>
            <dst id="STTLng">55340.648</dst>
            <dst id="WASHng">1058.33066666667</dst>
        </src>
        <src id="STTLng">
            <dst id="ATLA-M5">0</dst>
            <dst id="ATLAng">12447</dst>
            <dst id="CHINng">22756.7813333333</dst>
            <dst id="DNVRng">7681.26933333333</dst>
            <dst id="HSTNng">35783.9466666667</dst>
            <dst id="IPLSng">312.941333333333</dst>
            <dst id="KSCYng">5690.96266666667</dst>
            <dst id="LOSAng">30061.144</dst>
            <dst id="NYCMng">17072.3786666667</dst>
            <dst id="SNVAng">5061.24533333333</dst>
            <dst id="STTLng">7606.35733333333</dst>
            <dst id="WASHng">33569.6186666667</dst>
        </src>
        <src id="WASHng">
            <dst id="ATLA-M5">0</dst>
            <dst id="ATLAng">132950.592</dst>
            <dst id="CHINng">102340.261333333</dst>
            <dst id="DNVRng">2628.69333333333</dst>
            <dst id="HSTNng">346567.226666667</dst>
            <dst id="IPLSng">60645.392</dst>
            <dst id="KSCYng">17689.9146666667</dst>
            <dst id="LOSAng">139.144</dst>
            <dst id="NYCMng">198215.84</dst>
            <dst id="SNVAng">336.365333333333</dst>
            <dst id="STTLng">5227.71733333333</dst>
            <dst id="WASHng">294186.986666667</dst>
        </src>
    </IntraTM>
</TrafficMatrixFile>
