<?xml version="1.0" encoding="ISO-8859-1" standalone="yes"?>
<TrafficMatrixFile xsi:noNamespaceSchemaLocation="http://totem.run.montefiore.ulg.ac.be/Schema/TrafficMatrix-v1_2.xsd" xmlns:xsi="http://www.w3.org/2001/XMLSchema-instance">
    <IntraTM ASID="11537">
        <src id="ATLA-M5">
            <dst id="ATLA-M5">53.3333333333333</dst>
            <dst id="ATLAng">226.688</dst>
            <dst id="CHINng">670.352</dst>
            <dst id="DNVRng">0</dst>
            <dst id="HSTNng">172.832</dst>
            <dst id="IPLSng">2672.57866666667</dst>
            <dst id="KSCYng">0</dst>
            <dst id="LOSAng">0</dst>
            <dst id="NYCMng">2605.37333333333</dst>
            <dst id="SNVAng">0</dst>
            <dst id="STTLng">0</dst>
            <dst id="WASHng">771.816</dst>
        </src>
        <src id="ATLAng">
            <dst id="ATLA-M5">0</dst>
            <dst id="ATLAng">33294.6613333333</dst>
            <dst id="CHINng">55588.6453333333</dst>
            <dst id="DNVRng">0</dst>
            <dst id="HSTNng">11430.4746666667</dst>
            <dst id="IPLSng">34147.4293333333</dst>
            <dst id="KSCYng">26.6666666666667</dst>
            <dst id="LOSAng">0</dst>
            <dst id="NYCMng">56699.616</dst>
            <dst id="SNVAng">0</dst>
            <dst id="STTLng">0</dst>
            <dst id="WASHng">49928.4213333333</dst>
        </src>
        <src id="CHINng">
            <dst id="ATLA-M5">0</dst>
            <dst id="ATLAng">34756.88</dst>
            <dst id="CHINng">40006.0293333333</dst>
            <dst id="DNVRng">0</dst>
            <dst id="HSTNng">22895.3013333333</dst>
            <dst id="IPLSng">70722.5546666666</dst>
            <dst id="KSCYng">180.909333333333</dst>
            <dst id="LOSAng">107.552</dst>
            <dst id="NYCMng">217462.56</dst>
            <dst id="SNVAng">26.6666666666667</dst>
            <dst id="STTLng">26.6666666666667</dst>
            <dst id="WASHng">32365.8533333333</dst>
        </src>
        <src id="DNVRng">
            <dst id="ATLA-M5">0</dst>
            <dst id="ATLAng">12120.2346666667</dst>
            <dst id="CHINng">39231.3653333333</dst>
            <dst id="DNVRng">12123.648</dst>
            <dst id="HSTNng">52082.9973333333</dst>
            <dst id="IPLSng">31599.3306666667</dst>
            <dst id="KSCYng">15514.9173333333</dst>
            <dst id="LOSAng">61.16</dst>
            <dst id="NYCMng">32575.2346666667</dst>
            <dst id="SNVAng">16637.824</dst>
            <dst id="STTLng">1252.744</dst>
            <dst id="WASHng">50123.9333333333</dst>
        </src>
        <src id="HSTNng">
            <dst id="ATLA-M5">0</dst>
            <dst id="ATLAng">49723.312</dst>
            <dst id="CHINng">1635.66666666667</dst>
            <dst id="DNVRng">0</dst>
            <dst id="HSTNng">148151.037333333</dst>
            <dst id="IPLSng">26.6666666666667</dst>
            <dst id="KSCYng">53.3333333333333</dst>
            <dst id="LOSAng">41.6</dst>
            <dst id="NYCMng">5613.50933333333</dst>
            <dst id="SNVAng">26.6666666666667</dst>
            <dst id="STTLng">0</dst>
            <dst id="WASHng">129761.269333333</dst>
        </src>
        <src id="IPLSng">
            <dst id="ATLA-M5">0</dst>
            <dst id="ATLAng">18313.0986666667</dst>
            <dst id="CHINng">140293.325333333</dst>
            <dst id="DNVRng">0</dst>
            <dst id="HSTNng">10512.2</dst>
            <dst id="IPLSng">21206.7733333333</dst>
            <dst id="KSCYng">22616.0586666667</dst>
            <dst id="LOSAng">26.6666666666667</dst>
            <dst id="NYCMng">228173.325333333</dst>
            <dst id="SNVAng">106.666666666667</dst>
            <dst id="STTLng">0</dst>
            <dst id="WASHng">47442.8613333333</dst>
        </src>
        <src id="KSCYng">
            <dst id="ATLA-M5">0</dst>
            <dst id="ATLAng">4579.24</dst>
            <dst id="CHINng">19274.944</dst>
            <dst id="DNVRng">18765.3866666667</dst>
            <dst id="HSTNng">14356.352</dst>
            <dst id="IPLSng">14243.1653333333</dst>
            <dst id="KSCYng">12930.0426666667</dst>
            <dst id="LOSAng">0</dst>
            <dst id="NYCMng">17814.0746666667</dst>
            <dst id="SNVAng">0</dst>
            <dst id="STTLng">26.6666666666667</dst>
            <dst id="WASHng">13690.9413333333</dst>
        </src>
        <src id="LOSAng">
            <dst id="ATLA-M5">0</dst>
            <dst id="ATLAng">42456.6426666667</dst>
            <dst id="CHINng">2352.416</dst>
            <dst id="DNVRng">32287.4213333333</dst>
            <dst id="HSTNng">122547.792</dst>
            <dst id="IPLSng">383.392</dst>
            <dst id="KSCYng">153.898666666667</dst>
            <dst id="LOSAng">27845.2666666667</dst>
            <dst id="NYCMng">66310.4213333333</dst>
            <dst id="SNVAng">22519.3813333333</dst>
            <dst id="STTLng">26989.896</dst>
            <dst id="WASHng">106710.168</dst>
        </src>
        <src id="NYCMng">
            <dst id="ATLA-M5">0</dst>
            <dst id="ATLAng">38804.728</dst>
            <dst id="CHINng">1095.03466666667</dst>
            <dst id="DNVRng">0</dst>
            <dst id="HSTNng">35845.9333333333</dst>
            <dst id="IPLSng">173.114666666667</dst>
            <dst id="KSCYng">84.2613333333333</dst>
            <dst id="LOSAng">57.3653333333333</dst>
            <dst id="NYCMng">877017.146666666</dst>
            <dst id="SNVAng">26.6666666666667</dst>
            <dst id="STTLng">80.608</dst>
            <dst id="WASHng">298407.04</dst>
        </src>
        <src id="SNVAng">
            <dst id="ATLA-M5">0</dst>
            <dst id="ATLAng">1037.46133333333</dst>
            <dst id="CHINng">53.3333333333333</dst>
            <dst id="DNVRng">2551.50666666667</dst>
            <dst id="HSTNng">3709.008</dst>
            <dst id="IPLSng">0</dst>
            <dst id="KSCYng">613.861333333333</dst>
            <dst id="LOSAng">36631.8426666667</dst>
            <dst id="NYCMng">6562.056</dst>
            <dst id="SNVAng">14954.7546666667</dst>
            <dst id="STTLng">54238.736</dst>
            <dst id="WASHng">489.138666666667</dst>
        </src>
        <src id="STTLng">
            <dst id="ATLA-M5">0</dst>
            <dst id="ATLAng">9304.712</dst>
            <dst id="CHINng">774.301333333333</dst>
            <dst id="DNVRng">5366.99733333333</dst>
            <dst id="HSTNng">24154.8506666667</dst>
            <dst id="IPLSng">510.933333333333</dst>
            <dst id="KSCYng">5681.63733333333</dst>
            <dst id="LOSAng">33605.1386666667</dst>
            <dst id="NYCMng">43361.568</dst>
            <dst id="SNVAng">7361.30933333333</dst>
            <dst id="STTLng">10611.9413333333</dst>
            <dst id="WASHng">30831.9813333333</dst>
        </src>
        <src id="WASHng">
            <dst id="ATLA-M5">0</dst>
            <dst id="ATLAng">79317.48</dst>
            <dst id="CHINng">759.352</dst>
            <dst id="DNVRng">0</dst>
            <dst id="HSTNng">81469.9173333333</dst>
            <dst id="IPLSng">53.3333333333333</dst>
            <dst id="KSCYng">94.9866666666667</dst>
            <dst id="LOSAng">46.2933333333333</dst>
            <dst id="NYCMng">632006.48</dst>
            <dst id="SNVAng">53.3333333333333</dst>
            <dst id="STTLng">26.6666666666667</dst>
            <dst id="WASHng">291872.16</dst>
        </src>
    </IntraTM>
</TrafficMatrixFile>
