<?xml version="1.0" encoding="ISO-8859-1" standalone="yes"?>
<TrafficMatrixFile xsi:noNamespaceSchemaLocation="http://totem.run.montefiore.ulg.ac.be/Schema/TrafficMatrix-v1_2.xsd" xmlns:xsi="http://www.w3.org/2001/XMLSchema-instance">
    <IntraTM ASID="11537">
        <src id="ATLA-M5">
            <dst id="ATLA-M5">26.6666666666667</dst>
            <dst id="ATLAng">241.688</dst>
            <dst id="CHINng">992.376</dst>
            <dst id="DNVRng">0</dst>
            <dst id="HSTNng">651.626666666667</dst>
            <dst id="IPLSng">696.898666666667</dst>
            <dst id="KSCYng">0</dst>
            <dst id="LOSAng">0</dst>
            <dst id="NYCMng">1882.848</dst>
            <dst id="SNVAng">0</dst>
            <dst id="STTLng">0</dst>
            <dst id="WASHng">2034.68533333333</dst>
        </src>
        <src id="ATLAng">
            <dst id="ATLA-M5">0</dst>
            <dst id="ATLAng">30397.5466666667</dst>
            <dst id="CHINng">51106.304</dst>
            <dst id="DNVRng">0</dst>
            <dst id="HSTNng">17954.552</dst>
            <dst id="IPLSng">38323.096</dst>
            <dst id="KSCYng">53.3333333333333</dst>
            <dst id="LOSAng">53.3333333333333</dst>
            <dst id="NYCMng">65330.5546666667</dst>
            <dst id="SNVAng">26.6666666666667</dst>
            <dst id="STTLng">2032.512</dst>
            <dst id="WASHng">51598.952</dst>
        </src>
        <src id="CHINng">
            <dst id="ATLA-M5">0</dst>
            <dst id="ATLAng">32097.184</dst>
            <dst id="CHINng">45891.0106666667</dst>
            <dst id="DNVRng">0</dst>
            <dst id="HSTNng">27798.4613333333</dst>
            <dst id="IPLSng">79543.864</dst>
            <dst id="KSCYng">53.3333333333333</dst>
            <dst id="LOSAng">26.6666666666667</dst>
            <dst id="NYCMng">218514.285333333</dst>
            <dst id="SNVAng">82.2133333333333</dst>
            <dst id="STTLng">121.181333333333</dst>
            <dst id="WASHng">36953.8773333333</dst>
        </src>
        <src id="DNVRng">
            <dst id="ATLA-M5">0</dst>
            <dst id="ATLAng">7385.41866666667</dst>
            <dst id="CHINng">41367.3093333333</dst>
            <dst id="DNVRng">5190.984</dst>
            <dst id="HSTNng">60872.4053333333</dst>
            <dst id="IPLSng">33476.536</dst>
            <dst id="KSCYng">10658.6853333333</dst>
            <dst id="LOSAng">26.6666666666667</dst>
            <dst id="NYCMng">35116.2426666667</dst>
            <dst id="SNVAng">20958.5466666667</dst>
            <dst id="STTLng">216.501333333333</dst>
            <dst id="WASHng">59132.6773333333</dst>
        </src>
        <src id="HSTNng">
            <dst id="ATLA-M5">0</dst>
            <dst id="ATLAng">27942.6373333333</dst>
            <dst id="CHINng">2770.864</dst>
            <dst id="DNVRng">26.6666666666667</dst>
            <dst id="HSTNng">336091.946666667</dst>
            <dst id="IPLSng">133.333333333333</dst>
            <dst id="KSCYng">80</dst>
            <dst id="LOSAng">53.3333333333333</dst>
            <dst id="NYCMng">8963.392</dst>
            <dst id="SNVAng">53.3333333333333</dst>
            <dst id="STTLng">246.986666666667</dst>
            <dst id="WASHng">134722.730666667</dst>
        </src>
        <src id="IPLSng">
            <dst id="ATLA-M5">0</dst>
            <dst id="ATLAng">16743.8346666667</dst>
            <dst id="CHINng">139119.245333333</dst>
            <dst id="DNVRng">0</dst>
            <dst id="HSTNng">16626.6026666667</dst>
            <dst id="IPLSng">19356.6746666667</dst>
            <dst id="KSCYng">29892.6773333333</dst>
            <dst id="LOSAng">408.437333333333</dst>
            <dst id="NYCMng">252885.677333333</dst>
            <dst id="SNVAng">316.448</dst>
            <dst id="STTLng">828.917333333333</dst>
            <dst id="WASHng">36157.1226666667</dst>
        </src>
        <src id="KSCYng">
            <dst id="ATLA-M5">0</dst>
            <dst id="ATLAng">6995.14666666667</dst>
            <dst id="CHINng">21273.0266666667</dst>
            <dst id="DNVRng">23096.1173333333</dst>
            <dst id="HSTNng">24597.6346666667</dst>
            <dst id="IPLSng">14270.6</dst>
            <dst id="KSCYng">8625.98933333333</dst>
            <dst id="LOSAng">0</dst>
            <dst id="NYCMng">24266.24</dst>
            <dst id="SNVAng">26.6666666666667</dst>
            <dst id="STTLng">86.648</dst>
            <dst id="WASHng">14047.84</dst>
        </src>
        <src id="LOSAng">
            <dst id="ATLA-M5">0</dst>
            <dst id="ATLAng">23283.936</dst>
            <dst id="CHINng">2392.432</dst>
            <dst id="DNVRng">26831.7733333333</dst>
            <dst id="HSTNng">214035.674666667</dst>
            <dst id="IPLSng">766.08</dst>
            <dst id="KSCYng">842.421333333333</dst>
            <dst id="LOSAng">14188.744</dst>
            <dst id="NYCMng">77342.3066666667</dst>
            <dst id="SNVAng">12492.1946666667</dst>
            <dst id="STTLng">21221.712</dst>
            <dst id="WASHng">107792.765333333</dst>
        </src>
        <src id="NYCMng">
            <dst id="ATLA-M5">0</dst>
            <dst id="ATLAng">38195.0053333333</dst>
            <dst id="CHINng">1871.91466666667</dst>
            <dst id="DNVRng">0</dst>
            <dst id="HSTNng">26409.7173333333</dst>
            <dst id="IPLSng">66.792</dst>
            <dst id="KSCYng">273.994666666667</dst>
            <dst id="LOSAng">235.090666666667</dst>
            <dst id="NYCMng">1026843.84</dst>
            <dst id="SNVAng">90.4133333333333</dst>
            <dst id="STTLng">38.272</dst>
            <dst id="WASHng">351034.293333333</dst>
        </src>
        <src id="SNVAng">
            <dst id="ATLA-M5">0</dst>
            <dst id="ATLAng">1129.58666666667</dst>
            <dst id="CHINng">81.3653333333333</dst>
            <dst id="DNVRng">16903.184</dst>
            <dst id="HSTNng">5748.512</dst>
            <dst id="IPLSng">0</dst>
            <dst id="KSCYng">1836.19733333333</dst>
            <dst id="LOSAng">50467.1493333333</dst>
            <dst id="NYCMng">6781.37333333333</dst>
            <dst id="SNVAng">19116.688</dst>
            <dst id="STTLng">53397.5146666667</dst>
            <dst id="WASHng">3126.84266666667</dst>
        </src>
        <src id="STTLng">
            <dst id="ATLA-M5">0</dst>
            <dst id="ATLAng">10321.72</dst>
            <dst id="CHINng">2023.29066666667</dst>
            <dst id="DNVRng">8915.91733333333</dst>
            <dst id="HSTNng">27946.856</dst>
            <dst id="IPLSng">461.165333333333</dst>
            <dst id="KSCYng">6111.78666666667</dst>
            <dst id="LOSAng">31264.352</dst>
            <dst id="NYCMng">47066.2026666667</dst>
            <dst id="SNVAng">8580.54666666667</dst>
            <dst id="STTLng">1997.57333333333</dst>
            <dst id="WASHng">34568.7626666667</dst>
        </src>
        <src id="WASHng">
            <dst id="ATLA-M5">0</dst>
            <dst id="ATLAng">141322.586666667</dst>
            <dst id="CHINng">603.877333333333</dst>
            <dst id="DNVRng">0</dst>
            <dst id="HSTNng">78178.6773333333</dst>
            <dst id="IPLSng">139.418666666667</dst>
            <dst id="KSCYng">141.016</dst>
            <dst id="LOSAng">234.88</dst>
            <dst id="NYCMng">593245.786666667</dst>
            <dst id="SNVAng">80</dst>
            <dst id="STTLng">110.421333333333</dst>
            <dst id="WASHng">309572</dst>
        </src>
    </IntraTM>
</TrafficMatrixFile>
