<?xml version="1.0" encoding="ISO-8859-1" standalone="yes"?>
<TrafficMatrixFile xsi:noNamespaceSchemaLocation="http://totem.run.montefiore.ulg.ac.be/Schema/TrafficMatrix-v1_2.xsd" xmlns:xsi="http://www.w3.org/2001/XMLSchema-instance">
    <IntraTM ASID="11537">
        <src id="ATLA-M5">
            <dst id="ATLA-M5">0</dst>
            <dst id="ATLAng">143.024</dst>
            <dst id="CHINng">528.477333333333</dst>
            <dst id="DNVRng">0</dst>
            <dst id="HSTNng">357.490666666667</dst>
            <dst id="IPLSng">185.208</dst>
            <dst id="KSCYng">0</dst>
            <dst id="LOSAng">0</dst>
            <dst id="NYCMng">1407.496</dst>
            <dst id="SNVAng">0</dst>
            <dst id="STTLng">0</dst>
            <dst id="WASHng">1225.01866666667</dst>
        </src>
        <src id="ATLAng">
            <dst id="ATLA-M5">0</dst>
            <dst id="ATLAng">26455.1493333333</dst>
            <dst id="CHINng">20623.6746666667</dst>
            <dst id="DNVRng">0</dst>
            <dst id="HSTNng">3645.96533333333</dst>
            <dst id="IPLSng">25944.64</dst>
            <dst id="KSCYng">0</dst>
            <dst id="LOSAng">0</dst>
            <dst id="NYCMng">39864.9493333333</dst>
            <dst id="SNVAng">26.6666666666667</dst>
            <dst id="STTLng">26.6666666666667</dst>
            <dst id="WASHng">42551.1813333333</dst>
        </src>
        <src id="CHINng">
            <dst id="ATLA-M5">0</dst>
            <dst id="ATLAng">20908.064</dst>
            <dst id="CHINng">24148.32</dst>
            <dst id="DNVRng">0</dst>
            <dst id="HSTNng">9683.39466666667</dst>
            <dst id="IPLSng">36425.224</dst>
            <dst id="KSCYng">53.3333333333333</dst>
            <dst id="LOSAng">80</dst>
            <dst id="NYCMng">177591.757333333</dst>
            <dst id="SNVAng">81.9333333333333</dst>
            <dst id="STTLng">1503.90666666667</dst>
            <dst id="WASHng">33480.68</dst>
        </src>
        <src id="DNVRng">
            <dst id="ATLA-M5">0</dst>
            <dst id="ATLAng">6928.296</dst>
            <dst id="CHINng">30031.024</dst>
            <dst id="DNVRng">13036.456</dst>
            <dst id="HSTNng">32090.8293333333</dst>
            <dst id="IPLSng">24689.6666666667</dst>
            <dst id="KSCYng">22833.5866666667</dst>
            <dst id="LOSAng">0</dst>
            <dst id="NYCMng">33476.9813333333</dst>
            <dst id="SNVAng">12037.5413333333</dst>
            <dst id="STTLng">5568.29066666667</dst>
            <dst id="WASHng">42517.4773333333</dst>
        </src>
        <src id="HSTNng">
            <dst id="ATLA-M5">0</dst>
            <dst id="ATLAng">14854.4666666667</dst>
            <dst id="CHINng">135.952</dst>
            <dst id="DNVRng">26.6666666666667</dst>
            <dst id="HSTNng">92744.4453333334</dst>
            <dst id="IPLSng">0</dst>
            <dst id="KSCYng">0</dst>
            <dst id="LOSAng">0</dst>
            <dst id="NYCMng">3036.632</dst>
            <dst id="SNVAng">0</dst>
            <dst id="STTLng">0</dst>
            <dst id="WASHng">107774.6</dst>
        </src>
        <src id="IPLSng">
            <dst id="ATLA-M5">0</dst>
            <dst id="ATLAng">14425.8773333333</dst>
            <dst id="CHINng">94916.3786666667</dst>
            <dst id="DNVRng">0</dst>
            <dst id="HSTNng">8445.50933333333</dst>
            <dst id="IPLSng">18865.4053333333</dst>
            <dst id="KSCYng">17712.072</dst>
            <dst id="LOSAng">26.6666666666667</dst>
            <dst id="NYCMng">187424.304</dst>
            <dst id="SNVAng">53.3333333333333</dst>
            <dst id="STTLng">69.0133333333333</dst>
            <dst id="WASHng">22151.9573333333</dst>
        </src>
        <src id="KSCYng">
            <dst id="ATLA-M5">0</dst>
            <dst id="ATLAng">7391.65066666667</dst>
            <dst id="CHINng">22254.192</dst>
            <dst id="DNVRng">7234.02133333333</dst>
            <dst id="HSTNng">17006.1706666667</dst>
            <dst id="IPLSng">10343.6853333333</dst>
            <dst id="KSCYng">9208.37066666667</dst>
            <dst id="LOSAng">0</dst>
            <dst id="NYCMng">27373.4773333333</dst>
            <dst id="SNVAng">0</dst>
            <dst id="STTLng">0</dst>
            <dst id="WASHng">8658.14133333333</dst>
        </src>
        <src id="LOSAng">
            <dst id="ATLA-M5">0</dst>
            <dst id="ATLAng">13898.992</dst>
            <dst id="CHINng">1905.22666666667</dst>
            <dst id="DNVRng">17809.3706666667</dst>
            <dst id="HSTNng">91158.2693333333</dst>
            <dst id="IPLSng">1960.792</dst>
            <dst id="KSCYng">26.6666666666667</dst>
            <dst id="LOSAng">20627.9386666667</dst>
            <dst id="NYCMng">61436.92</dst>
            <dst id="SNVAng">7872.872</dst>
            <dst id="STTLng">24904.656</dst>
            <dst id="WASHng">95827.2026666667</dst>
        </src>
        <src id="NYCMng">
            <dst id="ATLA-M5">0</dst>
            <dst id="ATLAng">23361.9573333333</dst>
            <dst id="CHINng">418.293333333333</dst>
            <dst id="DNVRng">0</dst>
            <dst id="HSTNng">12560.2906666667</dst>
            <dst id="IPLSng">0</dst>
            <dst id="KSCYng">0</dst>
            <dst id="LOSAng">112.152</dst>
            <dst id="NYCMng">377511.226666667</dst>
            <dst id="SNVAng">26.6666666666667</dst>
            <dst id="STTLng">661.173333333333</dst>
            <dst id="WASHng">74965.6106666667</dst>
        </src>
        <src id="SNVAng">
            <dst id="ATLA-M5">0</dst>
            <dst id="ATLAng">587.701333333333</dst>
            <dst id="CHINng">26.6666666666667</dst>
            <dst id="DNVRng">13127.3546666667</dst>
            <dst id="HSTNng">4428.65866666667</dst>
            <dst id="IPLSng">268.970666666667</dst>
            <dst id="KSCYng">628.077333333333</dst>
            <dst id="LOSAng">38236.9786666667</dst>
            <dst id="NYCMng">4631.584</dst>
            <dst id="SNVAng">16856.128</dst>
            <dst id="STTLng">61188.8826666667</dst>
            <dst id="WASHng">753.856</dst>
        </src>
        <src id="STTLng">
            <dst id="ATLA-M5">0</dst>
            <dst id="ATLAng">6284.73066666667</dst>
            <dst id="CHINng">578.288</dst>
            <dst id="DNVRng">5052.56266666667</dst>
            <dst id="HSTNng">12906.9173333333</dst>
            <dst id="IPLSng">424.224</dst>
            <dst id="KSCYng">3204.89866666667</dst>
            <dst id="LOSAng">16613.6613333333</dst>
            <dst id="NYCMng">46696.7573333333</dst>
            <dst id="SNVAng">13649.1706666667</dst>
            <dst id="STTLng">5886.056</dst>
            <dst id="WASHng">27654.6453333333</dst>
        </src>
        <src id="WASHng">
            <dst id="ATLA-M5">0</dst>
            <dst id="ATLAng">122563.986666667</dst>
            <dst id="CHINng">732.392</dst>
            <dst id="DNVRng">0</dst>
            <dst id="HSTNng">98297.6613333334</dst>
            <dst id="IPLSng">190.693333333333</dst>
            <dst id="KSCYng">121.525333333333</dst>
            <dst id="LOSAng">94.3466666666666</dst>
            <dst id="NYCMng">526930.986666667</dst>
            <dst id="SNVAng">100.042666666667</dst>
            <dst id="STTLng">1278.528</dst>
            <dst id="WASHng">278100.186666667</dst>
        </src>
    </IntraTM>
</TrafficMatrixFile>
