<?xml version="1.0" encoding="ISO-8859-1" standalone="yes"?>
<TrafficMatrixFile xsi:noNamespaceSchemaLocation="http://totem.run.montefiore.ulg.ac.be/Schema/TrafficMatrix-v1_2.xsd" xmlns:xsi="http://www.w3.org/2001/XMLSchema-instance">
    <IntraTM ASID="11537">
        <src id="ATLA-M5">
            <dst id="ATLA-M5">0</dst>
            <dst id="ATLAng">621.082666666667</dst>
            <dst id="CHINng">1084.27733333333</dst>
            <dst id="DNVRng">0</dst>
            <dst id="HSTNng">1858.65066666667</dst>
            <dst id="IPLSng">424.576</dst>
            <dst id="KSCYng">146.954666666667</dst>
            <dst id="LOSAng">0</dst>
            <dst id="NYCMng">345.92</dst>
            <dst id="SNVAng">0</dst>
            <dst id="STTLng">26.6666666666667</dst>
            <dst id="WASHng">1471.83733333333</dst>
        </src>
        <src id="ATLAng">
            <dst id="ATLA-M5">0</dst>
            <dst id="ATLAng">25954.776</dst>
            <dst id="CHINng">33499.9733333333</dst>
            <dst id="DNVRng">26.6666666666667</dst>
            <dst id="HSTNng">50158.1653333333</dst>
            <dst id="IPLSng">41090.8053333333</dst>
            <dst id="KSCYng">7433.14133333333</dst>
            <dst id="LOSAng">0</dst>
            <dst id="NYCMng">24575.344</dst>
            <dst id="SNVAng">26.6666666666667</dst>
            <dst id="STTLng">243.226666666667</dst>
            <dst id="WASHng">73006.8693333333</dst>
        </src>
        <src id="CHINng">
            <dst id="ATLA-M5">0</dst>
            <dst id="ATLAng">34017.176</dst>
            <dst id="CHINng">105225.610666667</dst>
            <dst id="DNVRng">29898.7706666667</dst>
            <dst id="HSTNng">142252.869333333</dst>
            <dst id="IPLSng">79133.504</dst>
            <dst id="KSCYng">16507.7946666667</dst>
            <dst id="LOSAng">373.168</dst>
            <dst id="NYCMng">57408.2826666667</dst>
            <dst id="SNVAng">0</dst>
            <dst id="STTLng">1828.89866666667</dst>
            <dst id="WASHng">58054.3866666667</dst>
        </src>
        <src id="DNVRng">
            <dst id="ATLA-M5">0</dst>
            <dst id="ATLAng">10879.2133333333</dst>
            <dst id="CHINng">115629.525333333</dst>
            <dst id="DNVRng">15127.728</dst>
            <dst id="HSTNng">84459.5413333333</dst>
            <dst id="IPLSng">30667.4693333333</dst>
            <dst id="KSCYng">20235.3733333333</dst>
            <dst id="LOSAng">26.6666666666667</dst>
            <dst id="NYCMng">23426.1946666667</dst>
            <dst id="SNVAng">15581.76</dst>
            <dst id="STTLng">248.490666666667</dst>
            <dst id="WASHng">52327.952</dst>
        </src>
        <src id="HSTNng">
            <dst id="ATLA-M5">0</dst>
            <dst id="ATLAng">33941.072</dst>
            <dst id="CHINng">3759.728</dst>
            <dst id="DNVRng">26.6666666666667</dst>
            <dst id="HSTNng">168180.754666667</dst>
            <dst id="IPLSng">0</dst>
            <dst id="KSCYng">0</dst>
            <dst id="LOSAng">37.9146666666667</dst>
            <dst id="NYCMng">9980.86933333333</dst>
            <dst id="SNVAng">53.3333333333333</dst>
            <dst id="STTLng">106.666666666667</dst>
            <dst id="WASHng">120392.168</dst>
        </src>
        <src id="IPLSng">
            <dst id="ATLA-M5">0</dst>
            <dst id="ATLAng">35650.84</dst>
            <dst id="CHINng">125229.594666667</dst>
            <dst id="DNVRng">13452.5813333333</dst>
            <dst id="HSTNng">118228.154666667</dst>
            <dst id="IPLSng">33133.5493333333</dst>
            <dst id="KSCYng">23467.3973333333</dst>
            <dst id="LOSAng">26.6666666666667</dst>
            <dst id="NYCMng">76862.9173333333</dst>
            <dst id="SNVAng">98.488</dst>
            <dst id="STTLng">757.765333333333</dst>
            <dst id="WASHng">35557.4933333333</dst>
        </src>
        <src id="KSCYng">
            <dst id="ATLA-M5">0</dst>
            <dst id="ATLAng">8087.58133333333</dst>
            <dst id="CHINng">28461.3653333333</dst>
            <dst id="DNVRng">9085.86666666667</dst>
            <dst id="HSTNng">16029.616</dst>
            <dst id="IPLSng">23739.4373333333</dst>
            <dst id="KSCYng">12275.4106666667</dst>
            <dst id="LOSAng">0</dst>
            <dst id="NYCMng">13239.2906666667</dst>
            <dst id="SNVAng">57.8373333333333</dst>
            <dst id="STTLng">348.826666666667</dst>
            <dst id="WASHng">18279.4693333333</dst>
        </src>
        <src id="LOSAng">
            <dst id="ATLA-M5">0</dst>
            <dst id="ATLAng">23101.4453333333</dst>
            <dst id="CHINng">3853.984</dst>
            <dst id="DNVRng">19135.592</dst>
            <dst id="HSTNng">203988.925333333</dst>
            <dst id="IPLSng">205.258666666667</dst>
            <dst id="KSCYng">176.450666666667</dst>
            <dst id="LOSAng">24033.6506666667</dst>
            <dst id="NYCMng">79144.472</dst>
            <dst id="SNVAng">18803.4346666667</dst>
            <dst id="STTLng">53413.6293333333</dst>
            <dst id="WASHng">102354.861333333</dst>
        </src>
        <src id="NYCMng">
            <dst id="ATLA-M5">0</dst>
            <dst id="ATLAng">65579.3626666667</dst>
            <dst id="CHINng">94461.7973333333</dst>
            <dst id="DNVRng">34773.64</dst>
            <dst id="HSTNng">162270.877333333</dst>
            <dst id="IPLSng">79529.8</dst>
            <dst id="KSCYng">24889.6826666667</dst>
            <dst id="LOSAng">376.24</dst>
            <dst id="NYCMng">274186.48</dst>
            <dst id="SNVAng">100.597333333333</dst>
            <dst id="STTLng">6308.48</dst>
            <dst id="WASHng">164367.418666667</dst>
        </src>
        <src id="SNVAng">
            <dst id="ATLA-M5">0</dst>
            <dst id="ATLAng">1084.50133333333</dst>
            <dst id="CHINng">500.085333333333</dst>
            <dst id="DNVRng">8593.176</dst>
            <dst id="HSTNng">7762.85866666667</dst>
            <dst id="IPLSng">26.6666666666667</dst>
            <dst id="KSCYng">370.610666666667</dst>
            <dst id="LOSAng">38882.4266666667</dst>
            <dst id="NYCMng">8645.624</dst>
            <dst id="SNVAng">18421.5653333333</dst>
            <dst id="STTLng">54675.6346666667</dst>
            <dst id="WASHng">2765.70666666667</dst>
        </src>
        <src id="STTLng">
            <dst id="ATLA-M5">0</dst>
            <dst id="ATLAng">11253.8026666667</dst>
            <dst id="CHINng">23387.0266666667</dst>
            <dst id="DNVRng">7364.34933333333</dst>
            <dst id="HSTNng">39308.8426666667</dst>
            <dst id="IPLSng">340.314666666667</dst>
            <dst id="KSCYng">4087.00266666667</dst>
            <dst id="LOSAng">30426.592</dst>
            <dst id="NYCMng">13255.4533333333</dst>
            <dst id="SNVAng">6939.46933333333</dst>
            <dst id="STTLng">7998.71466666667</dst>
            <dst id="WASHng">35691.4533333333</dst>
        </src>
        <src id="WASHng">
            <dst id="ATLA-M5">0</dst>
            <dst id="ATLAng">97802.2533333333</dst>
            <dst id="CHINng">97993.088</dst>
            <dst id="DNVRng">2315.00533333333</dst>
            <dst id="HSTNng">338502.32</dst>
            <dst id="IPLSng">80653.5866666667</dst>
            <dst id="KSCYng">22694.6426666667</dst>
            <dst id="LOSAng">181.088</dst>
            <dst id="NYCMng">243208.512</dst>
            <dst id="SNVAng">310.402666666667</dst>
            <dst id="STTLng">6420.624</dst>
            <dst id="WASHng">290281.04</dst>
        </src>
    </IntraTM>
</TrafficMatrixFile>
