<?xml version="1.0" encoding="ISO-8859-1" standalone="yes"?>
<TrafficMatrixFile xsi:noNamespaceSchemaLocation="http://totem.run.montefiore.ulg.ac.be/Schema/TrafficMatrix-v1_2.xsd" xmlns:xsi="http://www.w3.org/2001/XMLSchema-instance">
    <IntraTM ASID="11537">
        <src id="ATLA-M5">
            <dst id="ATLA-M5">0</dst>
            <dst id="ATLAng">184.397333333333</dst>
            <dst id="CHINng">507.181333333333</dst>
            <dst id="DNVRng">0</dst>
            <dst id="HSTNng">249.789333333333</dst>
            <dst id="IPLSng">2760.08</dst>
            <dst id="KSCYng">0</dst>
            <dst id="LOSAng">0</dst>
            <dst id="NYCMng">2294.02666666667</dst>
            <dst id="SNVAng">0</dst>
            <dst id="STTLng">0</dst>
            <dst id="WASHng">983.002666666667</dst>
        </src>
        <src id="ATLAng">
            <dst id="ATLA-M5">0</dst>
            <dst id="ATLAng">24612.4693333333</dst>
            <dst id="CHINng">45388.4666666667</dst>
            <dst id="DNVRng">0</dst>
            <dst id="HSTNng">11773.44</dst>
            <dst id="IPLSng">29186.352</dst>
            <dst id="KSCYng">0</dst>
            <dst id="LOSAng">37.3253333333333</dst>
            <dst id="NYCMng">55339.8106666667</dst>
            <dst id="SNVAng">26.6666666666667</dst>
            <dst id="STTLng">0</dst>
            <dst id="WASHng">43113.256</dst>
        </src>
        <src id="CHINng">
            <dst id="ATLA-M5">0</dst>
            <dst id="ATLAng">46426.9733333333</dst>
            <dst id="CHINng">32713.3973333333</dst>
            <dst id="DNVRng">0</dst>
            <dst id="HSTNng">22017.6026666667</dst>
            <dst id="IPLSng">72281.3866666667</dst>
            <dst id="KSCYng">193.850666666667</dst>
            <dst id="LOSAng">26.6666666666667</dst>
            <dst id="NYCMng">202210.216</dst>
            <dst id="SNVAng">42.112</dst>
            <dst id="STTLng">26.6666666666667</dst>
            <dst id="WASHng">36432.696</dst>
        </src>
        <src id="DNVRng">
            <dst id="ATLA-M5">0</dst>
            <dst id="ATLAng">11186.4453333333</dst>
            <dst id="CHINng">38744.0906666667</dst>
            <dst id="DNVRng">7985.432</dst>
            <dst id="HSTNng">44979.632</dst>
            <dst id="IPLSng">33272.4906666667</dst>
            <dst id="KSCYng">15850.5333333333</dst>
            <dst id="LOSAng">48.1866666666667</dst>
            <dst id="NYCMng">31887.3306666667</dst>
            <dst id="SNVAng">14937.768</dst>
            <dst id="STTLng">80</dst>
            <dst id="WASHng">42778.5093333333</dst>
        </src>
        <src id="HSTNng">
            <dst id="ATLA-M5">0</dst>
            <dst id="ATLAng">61898.3626666667</dst>
            <dst id="CHINng">1480.68533333333</dst>
            <dst id="DNVRng">0</dst>
            <dst id="HSTNng">142192.173333333</dst>
            <dst id="IPLSng">26.6666666666667</dst>
            <dst id="KSCYng">26.6666666666667</dst>
            <dst id="LOSAng">26.6666666666667</dst>
            <dst id="NYCMng">6760.51733333333</dst>
            <dst id="SNVAng">0</dst>
            <dst id="STTLng">0</dst>
            <dst id="WASHng">126833.298666667</dst>
        </src>
        <src id="IPLSng">
            <dst id="ATLA-M5">0</dst>
            <dst id="ATLAng">16141.704</dst>
            <dst id="CHINng">123249.984</dst>
            <dst id="DNVRng">0</dst>
            <dst id="HSTNng">12380.1173333333</dst>
            <dst id="IPLSng">23117.2053333333</dst>
            <dst id="KSCYng">20080.6666666667</dst>
            <dst id="LOSAng">26.6666666666667</dst>
            <dst id="NYCMng">216879.824</dst>
            <dst id="SNVAng">53.3333333333333</dst>
            <dst id="STTLng">0</dst>
            <dst id="WASHng">38421.1226666667</dst>
        </src>
        <src id="KSCYng">
            <dst id="ATLA-M5">0</dst>
            <dst id="ATLAng">5757.65066666667</dst>
            <dst id="CHINng">20470.6133333333</dst>
            <dst id="DNVRng">20544.6453333333</dst>
            <dst id="HSTNng">17250.752</dst>
            <dst id="IPLSng">12976.528</dst>
            <dst id="KSCYng">7149.24</dst>
            <dst id="LOSAng">0</dst>
            <dst id="NYCMng">20323.32</dst>
            <dst id="SNVAng">26.6666666666667</dst>
            <dst id="STTLng">0</dst>
            <dst id="WASHng">13296.504</dst>
        </src>
        <src id="LOSAng">
            <dst id="ATLA-M5">0</dst>
            <dst id="ATLAng">54541.664</dst>
            <dst id="CHINng">2049.968</dst>
            <dst id="DNVRng">31297.0133333333</dst>
            <dst id="HSTNng">121181.346666667</dst>
            <dst id="IPLSng">875.978666666667</dst>
            <dst id="KSCYng">200.874666666667</dst>
            <dst id="LOSAng">24193.1413333333</dst>
            <dst id="NYCMng">69629.28</dst>
            <dst id="SNVAng">12758.856</dst>
            <dst id="STTLng">25184.3946666667</dst>
            <dst id="WASHng">101932.621333333</dst>
        </src>
        <src id="NYCMng">
            <dst id="ATLA-M5">0</dst>
            <dst id="ATLAng">37643.6746666667</dst>
            <dst id="CHINng">751.24</dst>
            <dst id="DNVRng">0</dst>
            <dst id="HSTNng">21915.8186666667</dst>
            <dst id="IPLSng">96.3466666666667</dst>
            <dst id="KSCYng">80</dst>
            <dst id="LOSAng">111.64</dst>
            <dst id="NYCMng">904141.52</dst>
            <dst id="SNVAng">53.3333333333333</dst>
            <dst id="STTLng">52.856</dst>
            <dst id="WASHng">282098.4</dst>
        </src>
        <src id="SNVAng">
            <dst id="ATLA-M5">0</dst>
            <dst id="ATLAng">1008.96266666667</dst>
            <dst id="CHINng">0</dst>
            <dst id="DNVRng">9151.35466666667</dst>
            <dst id="HSTNng">4307.74933333333</dst>
            <dst id="IPLSng">0</dst>
            <dst id="KSCYng">362.144</dst>
            <dst id="LOSAng">34414.1066666667</dst>
            <dst id="NYCMng">5860.024</dst>
            <dst id="SNVAng">14824.5253333333</dst>
            <dst id="STTLng">50810.6026666667</dst>
            <dst id="WASHng">689.616</dst>
        </src>
        <src id="STTLng">
            <dst id="ATLA-M5">0</dst>
            <dst id="ATLAng">10517.7493333333</dst>
            <dst id="CHINng">868.68</dst>
            <dst id="DNVRng">6126.51466666667</dst>
            <dst id="HSTNng">24743.752</dst>
            <dst id="IPLSng">107.84</dst>
            <dst id="KSCYng">3410.456</dst>
            <dst id="LOSAng">26659.3546666667</dst>
            <dst id="NYCMng">54514.056</dst>
            <dst id="SNVAng">5557.18133333333</dst>
            <dst id="STTLng">3240.89333333333</dst>
            <dst id="WASHng">29418.3253333333</dst>
        </src>
        <src id="WASHng">
            <dst id="ATLA-M5">0</dst>
            <dst id="ATLAng">88456.2213333333</dst>
            <dst id="CHINng">196.12</dst>
            <dst id="DNVRng">0</dst>
            <dst id="HSTNng">99662.544</dst>
            <dst id="IPLSng">54.912</dst>
            <dst id="KSCYng">133.333333333333</dst>
            <dst id="LOSAng">401.538666666667</dst>
            <dst id="NYCMng">580617.173333333</dst>
            <dst id="SNVAng">80</dst>
            <dst id="STTLng">80</dst>
            <dst id="WASHng">269867.573333333</dst>
        </src>
    </IntraTM>
</TrafficMatrixFile>
