<?xml version="1.0" encoding="ISO-8859-1" standalone="yes"?>
<TrafficMatrixFile xsi:noNamespaceSchemaLocation="http://totem.run.montefiore.ulg.ac.be/Schema/TrafficMatrix-v1_2.xsd" xmlns:xsi="http://www.w3.org/2001/XMLSchema-instance">
    <IntraTM ASID="11537">
        <src id="ATLA-M5">
            <dst id="ATLA-M5">0</dst>
            <dst id="ATLAng">235.562666666667</dst>
            <dst id="CHINng">721.413333333333</dst>
            <dst id="DNVRng">0</dst>
            <dst id="HSTNng">512.072</dst>
            <dst id="IPLSng">2981.792</dst>
            <dst id="KSCYng">0</dst>
            <dst id="LOSAng">26.6666666666667</dst>
            <dst id="NYCMng">2942.168</dst>
            <dst id="SNVAng">0</dst>
            <dst id="STTLng">0</dst>
            <dst id="WASHng">1634.38133333333</dst>
        </src>
        <src id="ATLAng">
            <dst id="ATLA-M5">0</dst>
            <dst id="ATLAng">46274.848</dst>
            <dst id="CHINng">58717.6586666667</dst>
            <dst id="DNVRng">0</dst>
            <dst id="HSTNng">14543.0533333333</dst>
            <dst id="IPLSng">33054.48</dst>
            <dst id="KSCYng">26.6666666666667</dst>
            <dst id="LOSAng">0</dst>
            <dst id="NYCMng">61000.8186666667</dst>
            <dst id="SNVAng">0</dst>
            <dst id="STTLng">26.6666666666667</dst>
            <dst id="WASHng">41229.1946666667</dst>
        </src>
        <src id="CHINng">
            <dst id="ATLA-M5">0</dst>
            <dst id="ATLAng">36963.2346666667</dst>
            <dst id="CHINng">33008.7333333333</dst>
            <dst id="DNVRng">0</dst>
            <dst id="HSTNng">25760.7253333333</dst>
            <dst id="IPLSng">85469.0853333333</dst>
            <dst id="KSCYng">124.594666666667</dst>
            <dst id="LOSAng">53.3333333333333</dst>
            <dst id="NYCMng">203269.650666667</dst>
            <dst id="SNVAng">0</dst>
            <dst id="STTLng">26.6666666666667</dst>
            <dst id="WASHng">39872.7973333333</dst>
        </src>
        <src id="DNVRng">
            <dst id="ATLA-M5">0</dst>
            <dst id="ATLAng">8087.40533333333</dst>
            <dst id="CHINng">45805.512</dst>
            <dst id="DNVRng">12328.136</dst>
            <dst id="HSTNng">48530.9706666667</dst>
            <dst id="IPLSng">33790.344</dst>
            <dst id="KSCYng">18017.0533333333</dst>
            <dst id="LOSAng">38.92</dst>
            <dst id="NYCMng">32963.2693333333</dst>
            <dst id="SNVAng">15706.712</dst>
            <dst id="STTLng">314.866666666667</dst>
            <dst id="WASHng">43527.0106666667</dst>
        </src>
        <src id="HSTNng">
            <dst id="ATLA-M5">0</dst>
            <dst id="ATLAng">43950.9226666667</dst>
            <dst id="CHINng">1301.944</dst>
            <dst id="DNVRng">26.6666666666667</dst>
            <dst id="HSTNng">222115.072</dst>
            <dst id="IPLSng">53.3333333333333</dst>
            <dst id="KSCYng">126.992</dst>
            <dst id="LOSAng">64.8</dst>
            <dst id="NYCMng">7409.6</dst>
            <dst id="SNVAng">0</dst>
            <dst id="STTLng">26.6666666666667</dst>
            <dst id="WASHng">127262.122666667</dst>
        </src>
        <src id="IPLSng">
            <dst id="ATLA-M5">0</dst>
            <dst id="ATLAng">16792.8693333333</dst>
            <dst id="CHINng">130589.336</dst>
            <dst id="DNVRng">0</dst>
            <dst id="HSTNng">11984.4293333333</dst>
            <dst id="IPLSng">31442.8106666667</dst>
            <dst id="KSCYng">21191.112</dst>
            <dst id="LOSAng">26.6666666666667</dst>
            <dst id="NYCMng">220164.077333333</dst>
            <dst id="SNVAng">53.3333333333333</dst>
            <dst id="STTLng">26.6666666666667</dst>
            <dst id="WASHng">40557.1386666667</dst>
        </src>
        <src id="KSCYng">
            <dst id="ATLA-M5">0</dst>
            <dst id="ATLAng">4882.832</dst>
            <dst id="CHINng">19633.4906666667</dst>
            <dst id="DNVRng">18482.4186666667</dst>
            <dst id="HSTNng">18455.5786666667</dst>
            <dst id="IPLSng">11501.7946666667</dst>
            <dst id="KSCYng">10689.368</dst>
            <dst id="LOSAng">0</dst>
            <dst id="NYCMng">20151.5626666667</dst>
            <dst id="SNVAng">0</dst>
            <dst id="STTLng">0</dst>
            <dst id="WASHng">12291.5893333333</dst>
        </src>
        <src id="LOSAng">
            <dst id="ATLA-M5">0</dst>
            <dst id="ATLAng">38440.5786666667</dst>
            <dst id="CHINng">2213.896</dst>
            <dst id="DNVRng">43747.384</dst>
            <dst id="HSTNng">117452.634666667</dst>
            <dst id="IPLSng">623.362666666667</dst>
            <dst id="KSCYng">192.517333333333</dst>
            <dst id="LOSAng">23205</dst>
            <dst id="NYCMng">67994.152</dst>
            <dst id="SNVAng">18993.3546666667</dst>
            <dst id="STTLng">24535.7626666667</dst>
            <dst id="WASHng">100037.981333333</dst>
        </src>
        <src id="NYCMng">
            <dst id="ATLA-M5">0</dst>
            <dst id="ATLAng">40180.3226666667</dst>
            <dst id="CHINng">731.413333333333</dst>
            <dst id="DNVRng">0</dst>
            <dst id="HSTNng">25771.896</dst>
            <dst id="IPLSng">213.426666666667</dst>
            <dst id="KSCYng">136.922666666667</dst>
            <dst id="LOSAng">96.688</dst>
            <dst id="NYCMng">886965.466666667</dst>
            <dst id="SNVAng">26.6666666666667</dst>
            <dst id="STTLng">134.237333333333</dst>
            <dst id="WASHng">303083.12</dst>
        </src>
        <src id="SNVAng">
            <dst id="ATLA-M5">0</dst>
            <dst id="ATLAng">811.610666666667</dst>
            <dst id="CHINng">53.3333333333333</dst>
            <dst id="DNVRng">6331.62933333333</dst>
            <dst id="HSTNng">3585.90933333333</dst>
            <dst id="IPLSng">26.6666666666667</dst>
            <dst id="KSCYng">310.346666666667</dst>
            <dst id="LOSAng">35031.6586666667</dst>
            <dst id="NYCMng">6446.448</dst>
            <dst id="SNVAng">14944.2506666667</dst>
            <dst id="STTLng">47630.4026666667</dst>
            <dst id="WASHng">853.504</dst>
        </src>
        <src id="STTLng">
            <dst id="ATLA-M5">0</dst>
            <dst id="ATLAng">10347.952</dst>
            <dst id="CHINng">771.546666666667</dst>
            <dst id="DNVRng">5876.56</dst>
            <dst id="HSTNng">27187.2986666667</dst>
            <dst id="IPLSng">142.842666666667</dst>
            <dst id="KSCYng">4854.76266666667</dst>
            <dst id="LOSAng">26807</dst>
            <dst id="NYCMng">53978.2426666667</dst>
            <dst id="SNVAng">8603.152</dst>
            <dst id="STTLng">3674.80266666667</dst>
            <dst id="WASHng">28545.296</dst>
        </src>
        <src id="WASHng">
            <dst id="ATLA-M5">0</dst>
            <dst id="ATLAng">82255.096</dst>
            <dst id="CHINng">3026.94666666667</dst>
            <dst id="DNVRng">0</dst>
            <dst id="HSTNng">79955.64</dst>
            <dst id="IPLSng">164.789333333333</dst>
            <dst id="KSCYng">26.6666666666667</dst>
            <dst id="LOSAng">549.090666666667</dst>
            <dst id="NYCMng">597895.626666667</dst>
            <dst id="SNVAng">27.5093333333333</dst>
            <dst id="STTLng">32.3386666666667</dst>
            <dst id="WASHng">286957.333333333</dst>
        </src>
    </IntraTM>
</TrafficMatrixFile>
