<?xml version="1.0" encoding="ISO-8859-1" standalone="yes"?>
<TrafficMatrixFile xsi:noNamespaceSchemaLocation="http://totem.run.montefiore.ulg.ac.be/Schema/TrafficMatrix-v1_2.xsd" xmlns:xsi="http://www.w3.org/2001/XMLSchema-instance">
    <IntraTM ASID="11537">
        <src id="ATLA-M5">
            <dst id="ATLA-M5">80</dst>
            <dst id="ATLAng">156.466666666667</dst>
            <dst id="CHINng">384.213333333333</dst>
            <dst id="DNVRng">0</dst>
            <dst id="HSTNng">106.666666666667</dst>
            <dst id="IPLSng">1312.41866666667</dst>
            <dst id="KSCYng">0</dst>
            <dst id="LOSAng">0</dst>
            <dst id="NYCMng">4629.856</dst>
            <dst id="SNVAng">0</dst>
            <dst id="STTLng">0</dst>
            <dst id="WASHng">629.034666666667</dst>
        </src>
        <src id="ATLAng">
            <dst id="ATLA-M5">0</dst>
            <dst id="ATLAng">44756.6453333333</dst>
            <dst id="CHINng">43146.624</dst>
            <dst id="DNVRng">0</dst>
            <dst id="HSTNng">25134.3973333333</dst>
            <dst id="IPLSng">33417.648</dst>
            <dst id="KSCYng">26.6666666666667</dst>
            <dst id="LOSAng">53.3333333333333</dst>
            <dst id="NYCMng">60215.224</dst>
            <dst id="SNVAng">0</dst>
            <dst id="STTLng">0</dst>
            <dst id="WASHng">36654.048</dst>
        </src>
        <src id="CHINng">
            <dst id="ATLA-M5">0</dst>
            <dst id="ATLAng">33400</dst>
            <dst id="CHINng">28515.944</dst>
            <dst id="DNVRng">0</dst>
            <dst id="HSTNng">19840.088</dst>
            <dst id="IPLSng">65336.784</dst>
            <dst id="KSCYng">193.568</dst>
            <dst id="LOSAng">26.6666666666667</dst>
            <dst id="NYCMng">211823.122666667</dst>
            <dst id="SNVAng">0</dst>
            <dst id="STTLng">136</dst>
            <dst id="WASHng">45678.312</dst>
        </src>
        <src id="DNVRng">
            <dst id="ATLA-M5">0</dst>
            <dst id="ATLAng">14102.0933333333</dst>
            <dst id="CHINng">44277.8746666667</dst>
            <dst id="DNVRng">13625.5813333333</dst>
            <dst id="HSTNng">39900.256</dst>
            <dst id="IPLSng">49894.9626666667</dst>
            <dst id="KSCYng">24308.1733333333</dst>
            <dst id="LOSAng">0</dst>
            <dst id="NYCMng">41431.8346666667</dst>
            <dst id="SNVAng">16290.1786666667</dst>
            <dst id="STTLng">1126.384</dst>
            <dst id="WASHng">40509.696</dst>
        </src>
        <src id="HSTNng">
            <dst id="ATLA-M5">0</dst>
            <dst id="ATLAng">36778.936</dst>
            <dst id="CHINng">1294.424</dst>
            <dst id="DNVRng">35.3973333333333</dst>
            <dst id="HSTNng">228603.368</dst>
            <dst id="IPLSng">53.3333333333333</dst>
            <dst id="KSCYng">0</dst>
            <dst id="LOSAng">0</dst>
            <dst id="NYCMng">5937.968</dst>
            <dst id="SNVAng">0</dst>
            <dst id="STTLng">0</dst>
            <dst id="WASHng">130488.706666667</dst>
        </src>
        <src id="IPLSng">
            <dst id="ATLA-M5">0</dst>
            <dst id="ATLAng">18305.7093333333</dst>
            <dst id="CHINng">118992.048</dst>
            <dst id="DNVRng">0</dst>
            <dst id="HSTNng">13047.52</dst>
            <dst id="IPLSng">34102.6453333333</dst>
            <dst id="KSCYng">23781.3786666667</dst>
            <dst id="LOSAng">26.6666666666667</dst>
            <dst id="NYCMng">194636.32</dst>
            <dst id="SNVAng">26.6666666666667</dst>
            <dst id="STTLng">26.6666666666667</dst>
            <dst id="WASHng">31288.7493333333</dst>
        </src>
        <src id="KSCYng">
            <dst id="ATLA-M5">0</dst>
            <dst id="ATLAng">7115.416</dst>
            <dst id="CHINng">20771.656</dst>
            <dst id="DNVRng">15877.0346666667</dst>
            <dst id="HSTNng">18381.4693333333</dst>
            <dst id="IPLSng">12146.0186666667</dst>
            <dst id="KSCYng">6845.69866666667</dst>
            <dst id="LOSAng">0</dst>
            <dst id="NYCMng">59266.1733333333</dst>
            <dst id="SNVAng">26.6666666666667</dst>
            <dst id="STTLng">26.6666666666667</dst>
            <dst id="WASHng">14920.1413333333</dst>
        </src>
        <src id="LOSAng">
            <dst id="ATLA-M5">0</dst>
            <dst id="ATLAng">33813.4426666667</dst>
            <dst id="CHINng">3586.62933333333</dst>
            <dst id="DNVRng">23836.4506666667</dst>
            <dst id="HSTNng">122110.728</dst>
            <dst id="IPLSng">2320.824</dst>
            <dst id="KSCYng">244.570666666667</dst>
            <dst id="LOSAng">18349.88</dst>
            <dst id="NYCMng">72202.664</dst>
            <dst id="SNVAng">19547.9573333333</dst>
            <dst id="STTLng">25058.6613333333</dst>
            <dst id="WASHng">108289.053333333</dst>
        </src>
        <src id="NYCMng">
            <dst id="ATLA-M5">0</dst>
            <dst id="ATLAng">42347.1733333333</dst>
            <dst id="CHINng">418.373333333333</dst>
            <dst id="DNVRng">0</dst>
            <dst id="HSTNng">26094.2986666667</dst>
            <dst id="IPLSng">159.474666666667</dst>
            <dst id="KSCYng">97.0026666666667</dst>
            <dst id="LOSAng">0</dst>
            <dst id="NYCMng">562263.226666667</dst>
            <dst id="SNVAng">40.576</dst>
            <dst id="STTLng">101.784</dst>
            <dst id="WASHng">108648.818666667</dst>
        </src>
        <src id="SNVAng">
            <dst id="ATLA-M5">0</dst>
            <dst id="ATLAng">995.378666666667</dst>
            <dst id="CHINng">53.3333333333333</dst>
            <dst id="DNVRng">10214.2293333333</dst>
            <dst id="HSTNng">3554.85066666667</dst>
            <dst id="IPLSng">0</dst>
            <dst id="KSCYng">194.8</dst>
            <dst id="LOSAng">40897.0373333333</dst>
            <dst id="NYCMng">7930.98933333333</dst>
            <dst id="SNVAng">17091.6373333333</dst>
            <dst id="STTLng">55741.8453333333</dst>
            <dst id="WASHng">484.965333333333</dst>
        </src>
        <src id="STTLng">
            <dst id="ATLA-M5">0</dst>
            <dst id="ATLAng">7558.08533333333</dst>
            <dst id="CHINng">670.450666666667</dst>
            <dst id="DNVRng">5642.24</dst>
            <dst id="HSTNng">23597.7706666667</dst>
            <dst id="IPLSng">168.482666666667</dst>
            <dst id="KSCYng">4910.98133333333</dst>
            <dst id="LOSAng">22502.344</dst>
            <dst id="NYCMng">48624.6666666667</dst>
            <dst id="SNVAng">5544.976</dst>
            <dst id="STTLng">11878.8453333333</dst>
            <dst id="WASHng">31785.2666666667</dst>
        </src>
        <src id="WASHng">
            <dst id="ATLA-M5">0</dst>
            <dst id="ATLAng">130814.256</dst>
            <dst id="CHINng">439.664</dst>
            <dst id="DNVRng">0</dst>
            <dst id="HSTNng">74380.512</dst>
            <dst id="IPLSng">53.3333333333333</dst>
            <dst id="KSCYng">26.6666666666667</dst>
            <dst id="LOSAng">53.3333333333333</dst>
            <dst id="NYCMng">628944.426666667</dst>
            <dst id="SNVAng">53.3333333333333</dst>
            <dst id="STTLng">89.2506666666667</dst>
            <dst id="WASHng">276533.546666667</dst>
        </src>
    </IntraTM>
</TrafficMatrixFile>
