<?xml version="1.0" encoding="ISO-8859-1" standalone="yes"?>
<TrafficMatrixFile xsi:noNamespaceSchemaLocation="http://totem.run.montefiore.ulg.ac.be/Schema/TrafficMatrix-v1_2.xsd" xmlns:xsi="http://www.w3.org/2001/XMLSchema-instance">
    <IntraTM ASID="11537">
        <src id="ATLA-M5">
            <dst id="ATLA-M5">1727.25333333333</dst>
            <dst id="ATLAng">566.845333333333</dst>
            <dst id="CHINng">947.669333333333</dst>
            <dst id="DNVRng">0</dst>
            <dst id="HSTNng">981.418666666667</dst>
            <dst id="IPLSng">445.741333333333</dst>
            <dst id="KSCYng">270.949333333333</dst>
            <dst id="LOSAng">0</dst>
            <dst id="NYCMng">479.293333333333</dst>
            <dst id="SNVAng">0</dst>
            <dst id="STTLng">26.6666666666667</dst>
            <dst id="WASHng">2741.26933333333</dst>
        </src>
        <src id="ATLAng">
            <dst id="ATLA-M5">0</dst>
            <dst id="ATLAng">51578.8746666667</dst>
            <dst id="CHINng">30999.856</dst>
            <dst id="DNVRng">80.672</dst>
            <dst id="HSTNng">55607.8293333333</dst>
            <dst id="IPLSng">40093.4693333333</dst>
            <dst id="KSCYng">5771.056</dst>
            <dst id="LOSAng">53.3333333333333</dst>
            <dst id="NYCMng">16021.1893333333</dst>
            <dst id="SNVAng">984.626666666667</dst>
            <dst id="STTLng">119.357333333333</dst>
            <dst id="WASHng">82928.08</dst>
        </src>
        <src id="CHINng">
            <dst id="ATLA-M5">0</dst>
            <dst id="ATLAng">61044.704</dst>
            <dst id="CHINng">137363.013333333</dst>
            <dst id="DNVRng">20398.1093333333</dst>
            <dst id="HSTNng">72308.3066666667</dst>
            <dst id="IPLSng">82174.0266666667</dst>
            <dst id="KSCYng">23702.152</dst>
            <dst id="LOSAng">174.944</dst>
            <dst id="NYCMng">26481.6586666667</dst>
            <dst id="SNVAng">170.029333333333</dst>
            <dst id="STTLng">496.570666666667</dst>
            <dst id="WASHng">46250.616</dst>
        </src>
        <src id="DNVRng">
            <dst id="ATLA-M5">0</dst>
            <dst id="ATLAng">9893.39733333333</dst>
            <dst id="CHINng">71609.1653333333</dst>
            <dst id="DNVRng">14915.608</dst>
            <dst id="HSTNng">56495.2106666667</dst>
            <dst id="IPLSng">32551.456</dst>
            <dst id="KSCYng">21988.5786666667</dst>
            <dst id="LOSAng">57.0666666666667</dst>
            <dst id="NYCMng">14997.2746666667</dst>
            <dst id="SNVAng">14054.408</dst>
            <dst id="STTLng">173.565333333333</dst>
            <dst id="WASHng">49567.6266666667</dst>
        </src>
        <src id="HSTNng">
            <dst id="ATLA-M5">0</dst>
            <dst id="ATLAng">32906.3813333333</dst>
            <dst id="CHINng">3661.73066666667</dst>
            <dst id="DNVRng">62.952</dst>
            <dst id="HSTNng">277072.96</dst>
            <dst id="IPLSng">458.384</dst>
            <dst id="KSCYng">0</dst>
            <dst id="LOSAng">232.437333333333</dst>
            <dst id="NYCMng">6199.63733333333</dst>
            <dst id="SNVAng">178.773333333333</dst>
            <dst id="STTLng">143.626666666667</dst>
            <dst id="WASHng">111914.693333333</dst>
        </src>
        <src id="IPLSng">
            <dst id="ATLA-M5">0</dst>
            <dst id="ATLAng">16739.352</dst>
            <dst id="CHINng">166734.034666667</dst>
            <dst id="DNVRng">18693.704</dst>
            <dst id="HSTNng">113361.104</dst>
            <dst id="IPLSng">68422.0506666667</dst>
            <dst id="KSCYng">41221.568</dst>
            <dst id="LOSAng">53.3333333333333</dst>
            <dst id="NYCMng">42846.288</dst>
            <dst id="SNVAng">1955.088</dst>
            <dst id="STTLng">958.416</dst>
            <dst id="WASHng">43378.8693333333</dst>
        </src>
        <src id="KSCYng">
            <dst id="ATLA-M5">0</dst>
            <dst id="ATLAng">8978.53333333333</dst>
            <dst id="CHINng">39813.0053333333</dst>
            <dst id="DNVRng">17948.8933333333</dst>
            <dst id="HSTNng">15314.696</dst>
            <dst id="IPLSng">19367.0693333333</dst>
            <dst id="KSCYng">10712.6133333333</dst>
            <dst id="LOSAng">0</dst>
            <dst id="NYCMng">8729.248</dst>
            <dst id="SNVAng">155.130666666667</dst>
            <dst id="STTLng">209.802666666667</dst>
            <dst id="WASHng">14690.168</dst>
        </src>
        <src id="LOSAng">
            <dst id="ATLA-M5">0</dst>
            <dst id="ATLAng">24873.0026666667</dst>
            <dst id="CHINng">8875.77866666667</dst>
            <dst id="DNVRng">16420.576</dst>
            <dst id="HSTNng">204327.712</dst>
            <dst id="IPLSng">1734.376</dst>
            <dst id="KSCYng">869.962666666667</dst>
            <dst id="LOSAng">12836.6346666667</dst>
            <dst id="NYCMng">59996.248</dst>
            <dst id="SNVAng">14915.3653333333</dst>
            <dst id="STTLng">23304.272</dst>
            <dst id="WASHng">103381.968</dst>
        </src>
        <src id="NYCMng">
            <dst id="ATLA-M5">0</dst>
            <dst id="ATLAng">51058.712</dst>
            <dst id="CHINng">84511.6373333333</dst>
            <dst id="DNVRng">30820.48</dst>
            <dst id="HSTNng">91058.536</dst>
            <dst id="IPLSng">75346.6586666667</dst>
            <dst id="KSCYng">22179.3653333333</dst>
            <dst id="LOSAng">140.912</dst>
            <dst id="NYCMng">250111.498666667</dst>
            <dst id="SNVAng">475.973333333333</dst>
            <dst id="STTLng">2373.192</dst>
            <dst id="WASHng">119720.493333333</dst>
        </src>
        <src id="SNVAng">
            <dst id="ATLA-M5">0</dst>
            <dst id="ATLAng">5405.344</dst>
            <dst id="CHINng">265.522666666667</dst>
            <dst id="DNVRng">11082.4</dst>
            <dst id="HSTNng">10820.9306666667</dst>
            <dst id="IPLSng">0</dst>
            <dst id="KSCYng">1271.904</dst>
            <dst id="LOSAng">35729.4293333333</dst>
            <dst id="NYCMng">4891.40533333333</dst>
            <dst id="SNVAng">16426.4373333333</dst>
            <dst id="STTLng">50707.6053333333</dst>
            <dst id="WASHng">2779.28266666667</dst>
        </src>
        <src id="STTLng">
            <dst id="ATLA-M5">0</dst>
            <dst id="ATLAng">15978.464</dst>
            <dst id="CHINng">24677.4826666667</dst>
            <dst id="DNVRng">5905.94666666667</dst>
            <dst id="HSTNng">59337.0906666667</dst>
            <dst id="IPLSng">936.397333333333</dst>
            <dst id="KSCYng">9500.33333333333</dst>
            <dst id="LOSAng">36168.1493333333</dst>
            <dst id="NYCMng">11782.6826666667</dst>
            <dst id="SNVAng">7991.04</dst>
            <dst id="STTLng">4056.70666666667</dst>
            <dst id="WASHng">36985.04</dst>
        </src>
        <src id="WASHng">
            <dst id="ATLA-M5">0</dst>
            <dst id="ATLAng">125541.536</dst>
            <dst id="CHINng">104731.450666667</dst>
            <dst id="DNVRng">2876.776</dst>
            <dst id="HSTNng">288979.12</dst>
            <dst id="IPLSng">88974.808</dst>
            <dst id="KSCYng">21312.3786666667</dst>
            <dst id="LOSAng">151.146666666667</dst>
            <dst id="NYCMng">159305.656</dst>
            <dst id="SNVAng">527.261333333333</dst>
            <dst id="STTLng">3508.8</dst>
            <dst id="WASHng">444760.4</dst>
        </src>
    </IntraTM>
</TrafficMatrixFile>
