<?xml version="1.0" encoding="ISO-8859-1" standalone="yes"?>
<TrafficMatrixFile xsi:noNamespaceSchemaLocation="http://totem.run.montefiore.ulg.ac.be/Schema/TrafficMatrix-v1_2.xsd" xmlns:xsi="http://www.w3.org/2001/XMLSchema-instance">
    <IntraTM ASID="11537">
        <src id="ATLA-M5">
            <dst id="ATLA-M5">0</dst>
            <dst id="ATLAng">92.1306666666667</dst>
            <dst id="CHINng">733.386666666667</dst>
            <dst id="DNVRng">0</dst>
            <dst id="HSTNng">285.802666666667</dst>
            <dst id="IPLSng">475.997333333333</dst>
            <dst id="KSCYng">0</dst>
            <dst id="LOSAng">0</dst>
            <dst id="NYCMng">1332.41333333333</dst>
            <dst id="SNVAng">0</dst>
            <dst id="STTLng">0</dst>
            <dst id="WASHng">1215.81333333333</dst>
        </src>
        <src id="ATLAng">
            <dst id="ATLA-M5">0</dst>
            <dst id="ATLAng">25277.2933333333</dst>
            <dst id="CHINng">21230.6373333333</dst>
            <dst id="DNVRng">0</dst>
            <dst id="HSTNng">26558.1573333333</dst>
            <dst id="IPLSng">25611.784</dst>
            <dst id="KSCYng">26.6666666666667</dst>
            <dst id="LOSAng">26.6666666666667</dst>
            <dst id="NYCMng">39170.7973333333</dst>
            <dst id="SNVAng">26.6666666666667</dst>
            <dst id="STTLng">0</dst>
            <dst id="WASHng">43843.224</dst>
        </src>
        <src id="CHINng">
            <dst id="ATLA-M5">0</dst>
            <dst id="ATLAng">20939.4186666667</dst>
            <dst id="CHINng">23071.4133333333</dst>
            <dst id="DNVRng">0</dst>
            <dst id="HSTNng">10419.2346666667</dst>
            <dst id="IPLSng">35929.3386666667</dst>
            <dst id="KSCYng">80</dst>
            <dst id="LOSAng">26.6666666666667</dst>
            <dst id="NYCMng">192918.032</dst>
            <dst id="SNVAng">26.6666666666667</dst>
            <dst id="STTLng">2050.66666666667</dst>
            <dst id="WASHng">36792.5973333333</dst>
        </src>
        <src id="DNVRng">
            <dst id="ATLA-M5">0</dst>
            <dst id="ATLAng">6356.78133333333</dst>
            <dst id="CHINng">28370.184</dst>
            <dst id="DNVRng">9685.46133333333</dst>
            <dst id="HSTNng">26496.9946666667</dst>
            <dst id="IPLSng">23993.896</dst>
            <dst id="KSCYng">18715.4853333333</dst>
            <dst id="LOSAng">0</dst>
            <dst id="NYCMng">35380.408</dst>
            <dst id="SNVAng">8997.43466666667</dst>
            <dst id="STTLng">2071.24266666667</dst>
            <dst id="WASHng">42079.5333333333</dst>
        </src>
        <src id="HSTNng">
            <dst id="ATLA-M5">0</dst>
            <dst id="ATLAng">15072.392</dst>
            <dst id="CHINng">162.005333333333</dst>
            <dst id="DNVRng">0</dst>
            <dst id="HSTNng">81074.1626666667</dst>
            <dst id="IPLSng">26.6666666666667</dst>
            <dst id="KSCYng">0</dst>
            <dst id="LOSAng">0</dst>
            <dst id="NYCMng">3219.64533333333</dst>
            <dst id="SNVAng">0</dst>
            <dst id="STTLng">0</dst>
            <dst id="WASHng">102716.413333333</dst>
        </src>
        <src id="IPLSng">
            <dst id="ATLA-M5">0</dst>
            <dst id="ATLAng">16957.52</dst>
            <dst id="CHINng">77942.8133333333</dst>
            <dst id="DNVRng">0</dst>
            <dst id="HSTNng">8893.73333333333</dst>
            <dst id="IPLSng">16082.912</dst>
            <dst id="KSCYng">16939.2186666667</dst>
            <dst id="LOSAng">0</dst>
            <dst id="NYCMng">203546.629333333</dst>
            <dst id="SNVAng">53.3333333333333</dst>
            <dst id="STTLng">80</dst>
            <dst id="WASHng">18136.9413333333</dst>
        </src>
        <src id="KSCYng">
            <dst id="ATLA-M5">0</dst>
            <dst id="ATLAng">7498.304</dst>
            <dst id="CHINng">19224.6133333333</dst>
            <dst id="DNVRng">7034.096</dst>
            <dst id="HSTNng">15445.536</dst>
            <dst id="IPLSng">9113.792</dst>
            <dst id="KSCYng">8047.40533333333</dst>
            <dst id="LOSAng">0</dst>
            <dst id="NYCMng">25955.1173333333</dst>
            <dst id="SNVAng">0</dst>
            <dst id="STTLng">26.6666666666667</dst>
            <dst id="WASHng">8751.56</dst>
        </src>
        <src id="LOSAng">
            <dst id="ATLA-M5">0</dst>
            <dst id="ATLAng">13539.0773333333</dst>
            <dst id="CHINng">9284.96266666667</dst>
            <dst id="DNVRng">8532.576</dst>
            <dst id="HSTNng">86544.08</dst>
            <dst id="IPLSng">1073.48266666667</dst>
            <dst id="KSCYng">80</dst>
            <dst id="LOSAng">20593.2586666667</dst>
            <dst id="NYCMng">53674.768</dst>
            <dst id="SNVAng">8657.62133333333</dst>
            <dst id="STTLng">24079.584</dst>
            <dst id="WASHng">90389.2666666667</dst>
        </src>
        <src id="NYCMng">
            <dst id="ATLA-M5">0</dst>
            <dst id="ATLAng">22923.336</dst>
            <dst id="CHINng">524.901333333333</dst>
            <dst id="DNVRng">0</dst>
            <dst id="HSTNng">9342.58133333333</dst>
            <dst id="IPLSng">0</dst>
            <dst id="KSCYng">26.6666666666667</dst>
            <dst id="LOSAng">207.765333333333</dst>
            <dst id="NYCMng">379862.453333333</dst>
            <dst id="SNVAng">26.6666666666667</dst>
            <dst id="STTLng">685.096</dst>
            <dst id="WASHng">72656.2106666667</dst>
        </src>
        <src id="SNVAng">
            <dst id="ATLA-M5">0</dst>
            <dst id="ATLAng">583.896</dst>
            <dst id="CHINng">80</dst>
            <dst id="DNVRng">14835.5066666667</dst>
            <dst id="HSTNng">4256.43466666667</dst>
            <dst id="IPLSng">226.016</dst>
            <dst id="KSCYng">624.949333333333</dst>
            <dst id="LOSAng">32504.3093333333</dst>
            <dst id="NYCMng">5101.14666666667</dst>
            <dst id="SNVAng">17256.5893333333</dst>
            <dst id="STTLng">64304.6026666667</dst>
            <dst id="WASHng">593.013333333333</dst>
        </src>
        <src id="STTLng">
            <dst id="ATLA-M5">0</dst>
            <dst id="ATLAng">6175.86133333333</dst>
            <dst id="CHINng">555.96</dst>
            <dst id="DNVRng">4733.648</dst>
            <dst id="HSTNng">13085.344</dst>
            <dst id="IPLSng">143.242666666667</dst>
            <dst id="KSCYng">3060.55466666667</dst>
            <dst id="LOSAng">18058.232</dst>
            <dst id="NYCMng">46558.7546666667</dst>
            <dst id="SNVAng">11519.1573333333</dst>
            <dst id="STTLng">3212.68266666667</dst>
            <dst id="WASHng">25785.9413333333</dst>
        </src>
        <src id="WASHng">
            <dst id="ATLA-M5">0</dst>
            <dst id="ATLAng">174142.584</dst>
            <dst id="CHINng">697.312</dst>
            <dst id="DNVRng">0</dst>
            <dst id="HSTNng">101043.258666667</dst>
            <dst id="IPLSng">70.8266666666667</dst>
            <dst id="KSCYng">295.285333333333</dst>
            <dst id="LOSAng">173.002666666667</dst>
            <dst id="NYCMng">533747.76</dst>
            <dst id="SNVAng">26.6666666666667</dst>
            <dst id="STTLng">1917.33333333333</dst>
            <dst id="WASHng">263639.928</dst>
        </src>
    </IntraTM>
</TrafficMatrixFile>
