<?xml version="1.0" encoding="ISO-8859-1" standalone="yes"?>
<TrafficMatrixFile xsi:noNamespaceSchemaLocation="http://totem.run.montefiore.ulg.ac.be/Schema/TrafficMatrix-v1_2.xsd" xmlns:xsi="http://www.w3.org/2001/XMLSchema-instance">
    <IntraTM ASID="11537">
        <src id="ATLA-M5">
            <dst id="ATLA-M5">53.3333333333333</dst>
            <dst id="ATLAng">161.736</dst>
            <dst id="CHINng">2309.10133333333</dst>
            <dst id="DNVRng">26.6666666666667</dst>
            <dst id="HSTNng">1225.50933333333</dst>
            <dst id="IPLSng">1152.02133333333</dst>
            <dst id="KSCYng">481.976</dst>
            <dst id="LOSAng">0</dst>
            <dst id="NYCMng">1058.30933333333</dst>
            <dst id="SNVAng">0</dst>
            <dst id="STTLng">0</dst>
            <dst id="WASHng">3340.712</dst>
        </src>
        <src id="ATLAng">
            <dst id="ATLA-M5">0</dst>
            <dst id="ATLAng">32431.7226666667</dst>
            <dst id="CHINng">30362.08</dst>
            <dst id="DNVRng">26.6666666666667</dst>
            <dst id="HSTNng">68852.0613333333</dst>
            <dst id="IPLSng">31188.264</dst>
            <dst id="KSCYng">8728.88</dst>
            <dst id="LOSAng">464.533333333333</dst>
            <dst id="NYCMng">24078.5813333333</dst>
            <dst id="SNVAng">54.6666666666667</dst>
            <dst id="STTLng">255.962666666667</dst>
            <dst id="WASHng">84768.1146666667</dst>
        </src>
        <src id="CHINng">
            <dst id="ATLA-M5">0</dst>
            <dst id="ATLAng">39091.3813333333</dst>
            <dst id="CHINng">130078.533333333</dst>
            <dst id="DNVRng">25406.2666666667</dst>
            <dst id="HSTNng">111598.845333333</dst>
            <dst id="IPLSng">85999.568</dst>
            <dst id="KSCYng">18323.5386666667</dst>
            <dst id="LOSAng">404.061333333333</dst>
            <dst id="NYCMng">46265.872</dst>
            <dst id="SNVAng">65.9786666666667</dst>
            <dst id="STTLng">1076.18666666667</dst>
            <dst id="WASHng">55481.128</dst>
        </src>
        <src id="DNVRng">
            <dst id="ATLA-M5">0</dst>
            <dst id="ATLAng">23787.1226666667</dst>
            <dst id="CHINng">68679.4186666667</dst>
            <dst id="DNVRng">11471.5066666667</dst>
            <dst id="HSTNng">49941.912</dst>
            <dst id="IPLSng">26534.1626666667</dst>
            <dst id="KSCYng">18538.504</dst>
            <dst id="LOSAng">26.6666666666667</dst>
            <dst id="NYCMng">21312.24</dst>
            <dst id="SNVAng">27904.056</dst>
            <dst id="STTLng">438.666666666667</dst>
            <dst id="WASHng">50577.6266666667</dst>
        </src>
        <src id="HSTNng">
            <dst id="ATLA-M5">0</dst>
            <dst id="ATLAng">40941.8693333333</dst>
            <dst id="CHINng">2988.464</dst>
            <dst id="DNVRng">53.3333333333333</dst>
            <dst id="HSTNng">157904.832</dst>
            <dst id="IPLSng">53.3333333333333</dst>
            <dst id="KSCYng">26.6666666666667</dst>
            <dst id="LOSAng">0</dst>
            <dst id="NYCMng">6824.49333333333</dst>
            <dst id="SNVAng">26.6666666666667</dst>
            <dst id="STTLng">350.669333333333</dst>
            <dst id="WASHng">133837.373333333</dst>
        </src>
        <src id="IPLSng">
            <dst id="ATLA-M5">0</dst>
            <dst id="ATLAng">66727.1333333333</dst>
            <dst id="CHINng">135610.858666667</dst>
            <dst id="DNVRng">24512.112</dst>
            <dst id="HSTNng">71574.6213333333</dst>
            <dst id="IPLSng">35575.9413333333</dst>
            <dst id="KSCYng">35920.1893333333</dst>
            <dst id="LOSAng">58.8266666666667</dst>
            <dst id="NYCMng">73122.568</dst>
            <dst id="SNVAng">79.0853333333333</dst>
            <dst id="STTLng">849.362666666667</dst>
            <dst id="WASHng">53485.864</dst>
        </src>
        <src id="KSCYng">
            <dst id="ATLA-M5">0</dst>
            <dst id="ATLAng">5540.88</dst>
            <dst id="CHINng">35238.144</dst>
            <dst id="DNVRng">7917.70133333333</dst>
            <dst id="HSTNng">16417.0053333333</dst>
            <dst id="IPLSng">15945.9386666667</dst>
            <dst id="KSCYng">11814.7066666667</dst>
            <dst id="LOSAng">0</dst>
            <dst id="NYCMng">10418.928</dst>
            <dst id="SNVAng">0</dst>
            <dst id="STTLng">218.362666666667</dst>
            <dst id="WASHng">15315.1013333333</dst>
        </src>
        <src id="LOSAng">
            <dst id="ATLA-M5">0</dst>
            <dst id="ATLAng">29820.0533333333</dst>
            <dst id="CHINng">5001.376</dst>
            <dst id="DNVRng">29661.952</dst>
            <dst id="HSTNng">191196.717333333</dst>
            <dst id="IPLSng">2078.432</dst>
            <dst id="KSCYng">211.650666666667</dst>
            <dst id="LOSAng">16764.9546666667</dst>
            <dst id="NYCMng">75443.7493333334</dst>
            <dst id="SNVAng">19722.5013333333</dst>
            <dst id="STTLng">33284.7466666667</dst>
            <dst id="WASHng">116146.821333333</dst>
        </src>
        <src id="NYCMng">
            <dst id="ATLA-M5">0</dst>
            <dst id="ATLAng">48277.568</dst>
            <dst id="CHINng">94056.4586666667</dst>
            <dst id="DNVRng">40461.9093333333</dst>
            <dst id="HSTNng">156338.714666667</dst>
            <dst id="IPLSng">97616.608</dst>
            <dst id="KSCYng">27162.0586666667</dst>
            <dst id="LOSAng">547.437333333333</dst>
            <dst id="NYCMng">267145.6</dst>
            <dst id="SNVAng">156.608</dst>
            <dst id="STTLng">4429.12</dst>
            <dst id="WASHng">184277.4</dst>
        </src>
        <src id="SNVAng">
            <dst id="ATLA-M5">0</dst>
            <dst id="ATLAng">1617.83466666667</dst>
            <dst id="CHINng">565.597333333333</dst>
            <dst id="DNVRng">13556.64</dst>
            <dst id="HSTNng">10772.624</dst>
            <dst id="IPLSng">0</dst>
            <dst id="KSCYng">1353.28266666667</dst>
            <dst id="LOSAng">51766.32</dst>
            <dst id="NYCMng">9331.71466666667</dst>
            <dst id="SNVAng">15909.0026666667</dst>
            <dst id="STTLng">59857.8986666667</dst>
            <dst id="WASHng">1879.88266666667</dst>
        </src>
        <src id="STTLng">
            <dst id="ATLA-M5">0</dst>
            <dst id="ATLAng">12095.1333333333</dst>
            <dst id="CHINng">22157.7413333333</dst>
            <dst id="DNVRng">9103.77066666667</dst>
            <dst id="HSTNng">50331.832</dst>
            <dst id="IPLSng">342.992</dst>
            <dst id="KSCYng">3420.36533333333</dst>
            <dst id="LOSAng">32995.4693333333</dst>
            <dst id="NYCMng">15532.352</dst>
            <dst id="SNVAng">19485.8586666667</dst>
            <dst id="STTLng">10905.3493333333</dst>
            <dst id="WASHng">36748.0293333333</dst>
        </src>
        <src id="WASHng">
            <dst id="ATLA-M5">0</dst>
            <dst id="ATLAng">89323.352</dst>
            <dst id="CHINng">86195.32</dst>
            <dst id="DNVRng">3036.71466666667</dst>
            <dst id="HSTNng">328080.48</dst>
            <dst id="IPLSng">86973.04</dst>
            <dst id="KSCYng">18684.064</dst>
            <dst id="LOSAng">109.173333333333</dst>
            <dst id="NYCMng">215966.245333333</dst>
            <dst id="SNVAng">268.586666666667</dst>
            <dst id="STTLng">5627.32533333333</dst>
            <dst id="WASHng">269076.106666667</dst>
        </src>
    </IntraTM>
</TrafficMatrixFile>
