<?xml version="1.0" encoding="ISO-8859-1" standalone="yes"?>
<TrafficMatrixFile xsi:noNamespaceSchemaLocation="http://totem.run.montefiore.ulg.ac.be/Schema/TrafficMatrix-v1_2.xsd" xmlns:xsi="http://www.w3.org/2001/XMLSchema-instance">
    <IntraTM ASID="11537">
        <src id="ATLA-M5">
            <dst id="ATLA-M5">306.741333333333</dst>
            <dst id="ATLAng">1171.38133333333</dst>
            <dst id="CHINng">479.866666666667</dst>
            <dst id="DNVRng">0</dst>
            <dst id="HSTNng">705.053333333333</dst>
            <dst id="IPLSng">501.72</dst>
            <dst id="KSCYng">1031.63466666667</dst>
            <dst id="LOSAng">0</dst>
            <dst id="NYCMng">319.746666666667</dst>
            <dst id="SNVAng">0</dst>
            <dst id="STTLng">0</dst>
            <dst id="WASHng">1228.73066666667</dst>
        </src>
        <src id="ATLAng">
            <dst id="ATLA-M5">0</dst>
            <dst id="ATLAng">38341.4133333333</dst>
            <dst id="CHINng">28666.272</dst>
            <dst id="DNVRng">197.376</dst>
            <dst id="HSTNng">61054.2133333333</dst>
            <dst id="IPLSng">47081.3813333333</dst>
            <dst id="KSCYng">6111.89866666667</dst>
            <dst id="LOSAng">51.7973333333333</dst>
            <dst id="NYCMng">18377.8613333333</dst>
            <dst id="SNVAng">133.688</dst>
            <dst id="STTLng">989.424</dst>
            <dst id="WASHng">61408.368</dst>
        </src>
        <src id="CHINng">
            <dst id="ATLA-M5">0</dst>
            <dst id="ATLAng">44653.1093333333</dst>
            <dst id="CHINng">113604.557333333</dst>
            <dst id="DNVRng">30601.2</dst>
            <dst id="HSTNng">118011.536</dst>
            <dst id="IPLSng">77988.24</dst>
            <dst id="KSCYng">17213.6506666667</dst>
            <dst id="LOSAng">163.378666666667</dst>
            <dst id="NYCMng">49165.8453333333</dst>
            <dst id="SNVAng">134.805333333333</dst>
            <dst id="STTLng">1697.6</dst>
            <dst id="WASHng">48446.264</dst>
        </src>
        <src id="DNVRng">
            <dst id="ATLA-M5">0</dst>
            <dst id="ATLAng">22690.0746666667</dst>
            <dst id="CHINng">80915.8693333333</dst>
            <dst id="DNVRng">19723.0053333333</dst>
            <dst id="HSTNng">60240.9946666667</dst>
            <dst id="IPLSng">64523.9093333333</dst>
            <dst id="KSCYng">23358.336</dst>
            <dst id="LOSAng">60.8213333333333</dst>
            <dst id="NYCMng">25240.9066666667</dst>
            <dst id="SNVAng">18609.2106666667</dst>
            <dst id="STTLng">292.424</dst>
            <dst id="WASHng">61490.624</dst>
        </src>
        <src id="HSTNng">
            <dst id="ATLA-M5">0</dst>
            <dst id="ATLAng">48884.496</dst>
            <dst id="CHINng">4496.632</dst>
            <dst id="DNVRng">100.256</dst>
            <dst id="HSTNng">188571.394666667</dst>
            <dst id="IPLSng">0</dst>
            <dst id="KSCYng">0</dst>
            <dst id="LOSAng">39.872</dst>
            <dst id="NYCMng">12856.1413333333</dst>
            <dst id="SNVAng">144.477333333333</dst>
            <dst id="STTLng">159.253333333333</dst>
            <dst id="WASHng">122983.546666667</dst>
        </src>
        <src id="IPLSng">
            <dst id="ATLA-M5">0</dst>
            <dst id="ATLAng">55908.568</dst>
            <dst id="CHINng">116108.146666667</dst>
            <dst id="DNVRng">20007.184</dst>
            <dst id="HSTNng">61381.7066666667</dst>
            <dst id="IPLSng">26128.6053333333</dst>
            <dst id="KSCYng">26346.4106666667</dst>
            <dst id="LOSAng">128.557333333333</dst>
            <dst id="NYCMng">58836.9626666667</dst>
            <dst id="SNVAng">6085.80533333333</dst>
            <dst id="STTLng">209.704</dst>
            <dst id="WASHng">67399.24</dst>
        </src>
        <src id="KSCYng">
            <dst id="ATLA-M5">0</dst>
            <dst id="ATLAng">6118.10666666667</dst>
            <dst id="CHINng">35635.4186666667</dst>
            <dst id="DNVRng">22449.2346666667</dst>
            <dst id="HSTNng">20930.7893333333</dst>
            <dst id="IPLSng">31665.048</dst>
            <dst id="KSCYng">10190.504</dst>
            <dst id="LOSAng">40.2666666666667</dst>
            <dst id="NYCMng">15175.6906666667</dst>
            <dst id="SNVAng">80</dst>
            <dst id="STTLng">97.7733333333333</dst>
            <dst id="WASHng">14019.32</dst>
        </src>
        <src id="LOSAng">
            <dst id="ATLA-M5">0</dst>
            <dst id="ATLAng">38448.952</dst>
            <dst id="CHINng">6747.952</dst>
            <dst id="DNVRng">28663.504</dst>
            <dst id="HSTNng">172117.802666667</dst>
            <dst id="IPLSng">1306.448</dst>
            <dst id="KSCYng">410.296</dst>
            <dst id="LOSAng">14023.8693333333</dst>
            <dst id="NYCMng">63999.7573333333</dst>
            <dst id="SNVAng">17870.1013333333</dst>
            <dst id="STTLng">24640.3706666667</dst>
            <dst id="WASHng">105488.642666667</dst>
        </src>
        <src id="NYCMng">
            <dst id="ATLA-M5">0</dst>
            <dst id="ATLAng">70184.08</dst>
            <dst id="CHINng">80729.944</dst>
            <dst id="DNVRng">46961.4506666667</dst>
            <dst id="HSTNng">160390.629333333</dst>
            <dst id="IPLSng">111432.266666667</dst>
            <dst id="KSCYng">34916.0053333333</dst>
            <dst id="LOSAng">84.1813333333333</dst>
            <dst id="NYCMng">269584.533333333</dst>
            <dst id="SNVAng">292.194666666667</dst>
            <dst id="STTLng">1306.86933333333</dst>
            <dst id="WASHng">186968.88</dst>
        </src>
        <src id="SNVAng">
            <dst id="ATLA-M5">0</dst>
            <dst id="ATLAng">1503.14133333333</dst>
            <dst id="CHINng">1160.77866666667</dst>
            <dst id="DNVRng">8311.93066666667</dst>
            <dst id="HSTNng">16850.272</dst>
            <dst id="IPLSng">0</dst>
            <dst id="KSCYng">2466.77333333333</dst>
            <dst id="LOSAng">44853.2053333333</dst>
            <dst id="NYCMng">8221.09066666667</dst>
            <dst id="SNVAng">18481.6</dst>
            <dst id="STTLng">55236.0986666667</dst>
            <dst id="WASHng">1974.904</dst>
        </src>
        <src id="STTLng">
            <dst id="ATLA-M5">0</dst>
            <dst id="ATLAng">16347.576</dst>
            <dst id="CHINng">23839.352</dst>
            <dst id="DNVRng">13153.9173333333</dst>
            <dst id="HSTNng">51838.448</dst>
            <dst id="IPLSng">581.085333333333</dst>
            <dst id="KSCYng">8377.81333333333</dst>
            <dst id="LOSAng">29057.744</dst>
            <dst id="NYCMng">20435.88</dst>
            <dst id="SNVAng">11520.7173333333</dst>
            <dst id="STTLng">7027.73866666667</dst>
            <dst id="WASHng">37297.656</dst>
        </src>
        <src id="WASHng">
            <dst id="ATLA-M5">0</dst>
            <dst id="ATLAng">94552.4346666667</dst>
            <dst id="CHINng">101603.682666667</dst>
            <dst id="DNVRng">6623.93866666667</dst>
            <dst id="HSTNng">361279.893333333</dst>
            <dst id="IPLSng">93449.672</dst>
            <dst id="KSCYng">26915.0053333333</dst>
            <dst id="LOSAng">167.04</dst>
            <dst id="NYCMng">298482.666666667</dst>
            <dst id="SNVAng">743.146666666667</dst>
            <dst id="STTLng">3969.11733333333</dst>
            <dst id="WASHng">325372.586666667</dst>
        </src>
    </IntraTM>
</TrafficMatrixFile>
