<?xml version="1.0" encoding="ISO-8859-1" standalone="yes"?>
<TrafficMatrixFile xsi:noNamespaceSchemaLocation="http://totem.run.montefiore.ulg.ac.be/Schema/TrafficMatrix-v1_2.xsd" xmlns:xsi="http://www.w3.org/2001/XMLSchema-instance">
    <IntraTM ASID="11537">
        <src id="ATLA-M5">
            <dst id="ATLA-M5">0</dst>
            <dst id="ATLAng">145.4</dst>
            <dst id="CHINng">397.101333333333</dst>
            <dst id="DNVRng">0</dst>
            <dst id="HSTNng">969.544</dst>
            <dst id="IPLSng">82.9653333333333</dst>
            <dst id="KSCYng">0</dst>
            <dst id="LOSAng">0</dst>
            <dst id="NYCMng">449.029333333333</dst>
            <dst id="SNVAng">0</dst>
            <dst id="STTLng">0</dst>
            <dst id="WASHng">2142.29866666667</dst>
        </src>
        <src id="ATLAng">
            <dst id="ATLA-M5">0</dst>
            <dst id="ATLAng">25027.88</dst>
            <dst id="CHINng">15967.288</dst>
            <dst id="DNVRng">26.6666666666667</dst>
            <dst id="HSTNng">35586.344</dst>
            <dst id="IPLSng">23189.456</dst>
            <dst id="KSCYng">2286.46666666667</dst>
            <dst id="LOSAng">147.168</dst>
            <dst id="NYCMng">22849.104</dst>
            <dst id="SNVAng">0</dst>
            <dst id="STTLng">1477.14133333333</dst>
            <dst id="WASHng">71593.2026666667</dst>
        </src>
        <src id="CHINng">
            <dst id="ATLA-M5">0</dst>
            <dst id="ATLAng">22149.12</dst>
            <dst id="CHINng">139873.405333333</dst>
            <dst id="DNVRng">16510.7066666667</dst>
            <dst id="HSTNng">96449.2133333334</dst>
            <dst id="IPLSng">36679.9893333333</dst>
            <dst id="KSCYng">13209.7146666667</dst>
            <dst id="LOSAng">305.824</dst>
            <dst id="NYCMng">24988.776</dst>
            <dst id="SNVAng">26.6666666666667</dst>
            <dst id="STTLng">1396.61066666667</dst>
            <dst id="WASHng">37852.6533333333</dst>
        </src>
        <src id="DNVRng">
            <dst id="ATLA-M5">0</dst>
            <dst id="ATLAng">5412.21066666667</dst>
            <dst id="CHINng">62117.9013333333</dst>
            <dst id="DNVRng">4228.52533333333</dst>
            <dst id="HSTNng">24154.752</dst>
            <dst id="IPLSng">32682.0186666667</dst>
            <dst id="KSCYng">7197.50133333333</dst>
            <dst id="LOSAng">0</dst>
            <dst id="NYCMng">18714.688</dst>
            <dst id="SNVAng">8820.088</dst>
            <dst id="STTLng">26.6666666666667</dst>
            <dst id="WASHng">36194.3973333333</dst>
        </src>
        <src id="HSTNng">
            <dst id="ATLA-M5">0</dst>
            <dst id="ATLAng">21794.2346666667</dst>
            <dst id="CHINng">3907.46666666667</dst>
            <dst id="DNVRng">26.6666666666667</dst>
            <dst id="HSTNng">124676.445333333</dst>
            <dst id="IPLSng">26.6666666666667</dst>
            <dst id="KSCYng">0</dst>
            <dst id="LOSAng">0</dst>
            <dst id="NYCMng">7080.57866666667</dst>
            <dst id="SNVAng">0</dst>
            <dst id="STTLng">102.4</dst>
            <dst id="WASHng">123296.098666667</dst>
        </src>
        <src id="IPLSng">
            <dst id="ATLA-M5">0</dst>
            <dst id="ATLAng">19418.9013333333</dst>
            <dst id="CHINng">162701.042666667</dst>
            <dst id="DNVRng">9202.92</dst>
            <dst id="HSTNng">120748.162666667</dst>
            <dst id="IPLSng">39875.952</dst>
            <dst id="KSCYng">20777.7626666667</dst>
            <dst id="LOSAng">26.6666666666667</dst>
            <dst id="NYCMng">28574.7146666667</dst>
            <dst id="SNVAng">118.757333333333</dst>
            <dst id="STTLng">213.461333333333</dst>
            <dst id="WASHng">35722.2773333333</dst>
        </src>
        <src id="KSCYng">
            <dst id="ATLA-M5">0</dst>
            <dst id="ATLAng">5683.608</dst>
            <dst id="CHINng">35255.1946666667</dst>
            <dst id="DNVRng">8971.67466666667</dst>
            <dst id="HSTNng">16832.3653333333</dst>
            <dst id="IPLSng">11851.6986666667</dst>
            <dst id="KSCYng">6707.37866666667</dst>
            <dst id="LOSAng">26.6666666666667</dst>
            <dst id="NYCMng">9553.30133333333</dst>
            <dst id="SNVAng">0</dst>
            <dst id="STTLng">0</dst>
            <dst id="WASHng">12356.832</dst>
        </src>
        <src id="LOSAng">
            <dst id="ATLA-M5">0</dst>
            <dst id="ATLAng">17692.4666666667</dst>
            <dst id="CHINng">8521.21066666667</dst>
            <dst id="DNVRng">6196.96266666667</dst>
            <dst id="HSTNng">155243.058666667</dst>
            <dst id="IPLSng">811.242666666667</dst>
            <dst id="KSCYng">53.3333333333333</dst>
            <dst id="LOSAng">25597.8213333333</dst>
            <dst id="NYCMng">50036.056</dst>
            <dst id="SNVAng">14452.8826666667</dst>
            <dst id="STTLng">24086.44</dst>
            <dst id="WASHng">117136.264</dst>
        </src>
        <src id="NYCMng">
            <dst id="ATLA-M5">0</dst>
            <dst id="ATLAng">33119.3573333333</dst>
            <dst id="CHINng">71932.992</dst>
            <dst id="DNVRng">37696.3653333333</dst>
            <dst id="HSTNng">101656.064</dst>
            <dst id="IPLSng">60189.4053333333</dst>
            <dst id="KSCYng">16640.664</dst>
            <dst id="LOSAng">90.344</dst>
            <dst id="NYCMng">216965.248</dst>
            <dst id="SNVAng">158.368</dst>
            <dst id="STTLng">4066.22666666667</dst>
            <dst id="WASHng">79323.6773333333</dst>
        </src>
        <src id="SNVAng">
            <dst id="ATLA-M5">0</dst>
            <dst id="ATLAng">382.285333333333</dst>
            <dst id="CHINng">700.376</dst>
            <dst id="DNVRng">4844.71466666667</dst>
            <dst id="HSTNng">5320.15466666667</dst>
            <dst id="IPLSng">0</dst>
            <dst id="KSCYng">505.613333333333</dst>
            <dst id="LOSAng">28721.232</dst>
            <dst id="NYCMng">12193.96</dst>
            <dst id="SNVAng">14435.7253333333</dst>
            <dst id="STTLng">47857.8426666667</dst>
            <dst id="WASHng">473.818666666667</dst>
        </src>
        <src id="STTLng">
            <dst id="ATLA-M5">0</dst>
            <dst id="ATLAng">8679.424</dst>
            <dst id="CHINng">23785.4666666667</dst>
            <dst id="DNVRng">4297.216</dst>
            <dst id="HSTNng">42866.088</dst>
            <dst id="IPLSng">337.242666666667</dst>
            <dst id="KSCYng">2261.78933333333</dst>
            <dst id="LOSAng">17582.0986666667</dst>
            <dst id="NYCMng">14332.896</dst>
            <dst id="SNVAng">6967.10666666666</dst>
            <dst id="STTLng">2408.384</dst>
            <dst id="WASHng">29026.0026666667</dst>
        </src>
        <src id="WASHng">
            <dst id="ATLA-M5">0</dst>
            <dst id="ATLAng">163367.56</dst>
            <dst id="CHINng">56131.9253333333</dst>
            <dst id="DNVRng">3255.376</dst>
            <dst id="HSTNng">288467.76</dst>
            <dst id="IPLSng">46283.5786666667</dst>
            <dst id="KSCYng">10359.464</dst>
            <dst id="LOSAng">26.6666666666667</dst>
            <dst id="NYCMng">153358.994666667</dst>
            <dst id="SNVAng">191.269333333333</dst>
            <dst id="STTLng">5877.128</dst>
            <dst id="WASHng">386681.573333333</dst>
        </src>
    </IntraTM>
</TrafficMatrixFile>
