<?xml version="1.0" encoding="ISO-8859-1" standalone="yes"?>
<TrafficMatrixFile xsi:noNamespaceSchemaLocation="http://totem.run.montefiore.ulg.ac.be/Schema/TrafficMatrix-v1_2.xsd" xmlns:xsi="http://www.w3.org/2001/XMLSchema-instance">
    <IntraTM ASID="11537">
        <src id="ATLA-M5">
            <dst id="ATLA-M5">26.6666666666667</dst>
            <dst id="ATLAng">106.666666666667</dst>
            <dst id="CHINng">164.952</dst>
            <dst id="DNVRng">0</dst>
            <dst id="HSTNng">305.381333333333</dst>
            <dst id="IPLSng">137.106666666667</dst>
            <dst id="KSCYng">42.2133333333333</dst>
            <dst id="LOSAng">0</dst>
            <dst id="NYCMng">293.224</dst>
            <dst id="SNVAng">0</dst>
            <dst id="STTLng">0</dst>
            <dst id="WASHng">1830.92266666667</dst>
        </src>
        <src id="ATLAng">
            <dst id="ATLA-M5">0</dst>
            <dst id="ATLAng">39417.7893333333</dst>
            <dst id="CHINng">19689.136</dst>
            <dst id="DNVRng">53.3333333333333</dst>
            <dst id="HSTNng">39032.488</dst>
            <dst id="IPLSng">27145.3466666667</dst>
            <dst id="KSCYng">2692.68266666667</dst>
            <dst id="LOSAng">54.624</dst>
            <dst id="NYCMng">18893.2186666667</dst>
            <dst id="SNVAng">369.669333333333</dst>
            <dst id="STTLng">909.850666666667</dst>
            <dst id="WASHng">65546.8186666667</dst>
        </src>
        <src id="CHINng">
            <dst id="ATLA-M5">0</dst>
            <dst id="ATLAng">21157.0186666667</dst>
            <dst id="CHINng">157938.650666667</dst>
            <dst id="DNVRng">9832.39733333333</dst>
            <dst id="HSTNng">82859.7226666667</dst>
            <dst id="IPLSng">44402.4533333333</dst>
            <dst id="KSCYng">13806.12</dst>
            <dst id="LOSAng">395.645333333333</dst>
            <dst id="NYCMng">27010</dst>
            <dst id="SNVAng">0</dst>
            <dst id="STTLng">2254.82133333333</dst>
            <dst id="WASHng">29860.5626666667</dst>
        </src>
        <src id="DNVRng">
            <dst id="ATLA-M5">0</dst>
            <dst id="ATLAng">8716.77333333333</dst>
            <dst id="CHINng">67004.0613333333</dst>
            <dst id="DNVRng">3520.86666666667</dst>
            <dst id="HSTNng">27831.328</dst>
            <dst id="IPLSng">25131.6133333333</dst>
            <dst id="KSCYng">21968.3226666667</dst>
            <dst id="LOSAng">53.3333333333333</dst>
            <dst id="NYCMng">20054.6693333333</dst>
            <dst id="SNVAng">8003.66933333334</dst>
            <dst id="STTLng">26.6666666666667</dst>
            <dst id="WASHng">41372.2266666667</dst>
        </src>
        <src id="HSTNng">
            <dst id="ATLA-M5">0</dst>
            <dst id="ATLAng">28636.9653333333</dst>
            <dst id="CHINng">4000.32</dst>
            <dst id="DNVRng">26.6666666666667</dst>
            <dst id="HSTNng">207574.213333333</dst>
            <dst id="IPLSng">26.6666666666667</dst>
            <dst id="KSCYng">26.6666666666667</dst>
            <dst id="LOSAng">0</dst>
            <dst id="NYCMng">4904.82666666667</dst>
            <dst id="SNVAng">0</dst>
            <dst id="STTLng">79.68</dst>
            <dst id="WASHng">103149.397333333</dst>
        </src>
        <src id="IPLSng">
            <dst id="ATLA-M5">0</dst>
            <dst id="ATLAng">10032.2026666667</dst>
            <dst id="CHINng">156528.944</dst>
            <dst id="DNVRng">10499.8666666667</dst>
            <dst id="HSTNng">38592.7653333333</dst>
            <dst id="IPLSng">30766.7386666667</dst>
            <dst id="KSCYng">16752.8506666667</dst>
            <dst id="LOSAng">26.6666666666667</dst>
            <dst id="NYCMng">42335.0106666667</dst>
            <dst id="SNVAng">99.9866666666667</dst>
            <dst id="STTLng">186.666666666667</dst>
            <dst id="WASHng">15633.792</dst>
        </src>
        <src id="KSCYng">
            <dst id="ATLA-M5">0</dst>
            <dst id="ATLAng">6733.41333333333</dst>
            <dst id="CHINng">39546.3786666667</dst>
            <dst id="DNVRng">7769.60266666667</dst>
            <dst id="HSTNng">13450.5733333333</dst>
            <dst id="IPLSng">10586.648</dst>
            <dst id="KSCYng">23601.688</dst>
            <dst id="LOSAng">0</dst>
            <dst id="NYCMng">9003.26933333333</dst>
            <dst id="SNVAng">53.3333333333333</dst>
            <dst id="STTLng">26.6666666666667</dst>
            <dst id="WASHng">10333.408</dst>
        </src>
        <src id="LOSAng">
            <dst id="ATLA-M5">0</dst>
            <dst id="ATLAng">23225.7626666667</dst>
            <dst id="CHINng">13799.416</dst>
            <dst id="DNVRng">4618.03733333333</dst>
            <dst id="HSTNng">170027.629333333</dst>
            <dst id="IPLSng">2949.01066666667</dst>
            <dst id="KSCYng">702.144</dst>
            <dst id="LOSAng">23329.1093333333</dst>
            <dst id="NYCMng">53484.08</dst>
            <dst id="SNVAng">18595.5466666667</dst>
            <dst id="STTLng">18978.5573333333</dst>
            <dst id="WASHng">98829.0213333333</dst>
        </src>
        <src id="NYCMng">
            <dst id="ATLA-M5">0</dst>
            <dst id="ATLAng">48419.9146666667</dst>
            <dst id="CHINng">61102.936</dst>
            <dst id="DNVRng">40099.6213333333</dst>
            <dst id="HSTNng">102079.632</dst>
            <dst id="IPLSng">38470.6426666667</dst>
            <dst id="KSCYng">14721.0693333333</dst>
            <dst id="LOSAng">30.8933333333333</dst>
            <dst id="NYCMng">217463.570666667</dst>
            <dst id="SNVAng">88.736</dst>
            <dst id="STTLng">2784.83733333333</dst>
            <dst id="WASHng">87096.1866666667</dst>
        </src>
        <src id="SNVAng">
            <dst id="ATLA-M5">0</dst>
            <dst id="ATLAng">297.152</dst>
            <dst id="CHINng">338.749333333333</dst>
            <dst id="DNVRng">754.874666666666</dst>
            <dst id="HSTNng">3753.864</dst>
            <dst id="IPLSng">26.6666666666667</dst>
            <dst id="KSCYng">230.266666666667</dst>
            <dst id="LOSAng">20221.4773333333</dst>
            <dst id="NYCMng">3154.25866666667</dst>
            <dst id="SNVAng">16228.9866666667</dst>
            <dst id="STTLng">48661.3066666667</dst>
            <dst id="WASHng">325.730666666667</dst>
        </src>
        <src id="STTLng">
            <dst id="ATLA-M5">0</dst>
            <dst id="ATLAng">10194.9706666667</dst>
            <dst id="CHINng">26647.8426666667</dst>
            <dst id="DNVRng">5033.58933333333</dst>
            <dst id="HSTNng">47478.6</dst>
            <dst id="IPLSng">288.922666666667</dst>
            <dst id="KSCYng">2181.51466666667</dst>
            <dst id="LOSAng">21180.904</dst>
            <dst id="NYCMng">13268.288</dst>
            <dst id="SNVAng">4843.94933333333</dst>
            <dst id="STTLng">1371.35466666667</dst>
            <dst id="WASHng">27793.296</dst>
        </src>
        <src id="WASHng">
            <dst id="ATLA-M5">0</dst>
            <dst id="ATLAng">116460.48</dst>
            <dst id="CHINng">71856.4693333334</dst>
            <dst id="DNVRng">13302.904</dst>
            <dst id="HSTNng">281108</dst>
            <dst id="IPLSng">63332.1866666667</dst>
            <dst id="KSCYng">7293.872</dst>
            <dst id="LOSAng">26.6666666666667</dst>
            <dst id="NYCMng">186598.346666667</dst>
            <dst id="SNVAng">255.722666666667</dst>
            <dst id="STTLng">3378.92266666667</dst>
            <dst id="WASHng">360701.36</dst>
        </src>
    </IntraTM>
</TrafficMatrixFile>
