<?xml version="1.0" encoding="ISO-8859-1" standalone="yes"?>
<TrafficMatrixFile xsi:noNamespaceSchemaLocation="http://totem.run.montefiore.ulg.ac.be/Schema/TrafficMatrix-v1_2.xsd" xmlns:xsi="http://www.w3.org/2001/XMLSchema-instance">
    <IntraTM ASID="11537">
        <src id="ATLA-M5">
            <dst id="ATLA-M5">183.816</dst>
            <dst id="ATLAng">1307.52266666667</dst>
            <dst id="CHINng">962.853333333333</dst>
            <dst id="DNVRng">0</dst>
            <dst id="HSTNng">2390.584</dst>
            <dst id="IPLSng">747.616</dst>
            <dst id="KSCYng">1130.09866666667</dst>
            <dst id="LOSAng">26.6666666666667</dst>
            <dst id="NYCMng">464.194666666667</dst>
            <dst id="SNVAng">26.6666666666667</dst>
            <dst id="STTLng">53.3333333333333</dst>
            <dst id="WASHng">3009.86133333333</dst>
        </src>
        <src id="ATLAng">
            <dst id="ATLA-M5">0</dst>
            <dst id="ATLAng">53824.4266666667</dst>
            <dst id="CHINng">37325.3493333333</dst>
            <dst id="DNVRng">80</dst>
            <dst id="HSTNng">69644.2773333333</dst>
            <dst id="IPLSng">121337.304</dst>
            <dst id="KSCYng">13353.1066666667</dst>
            <dst id="LOSAng">40.472</dst>
            <dst id="NYCMng">19034.2453333333</dst>
            <dst id="SNVAng">668.666666666667</dst>
            <dst id="STTLng">168.664</dst>
            <dst id="WASHng">90044.2533333333</dst>
        </src>
        <src id="CHINng">
            <dst id="ATLA-M5">0</dst>
            <dst id="ATLAng">41965.4026666667</dst>
            <dst id="CHINng">132858.733333333</dst>
            <dst id="DNVRng">17637.336</dst>
            <dst id="HSTNng">130660.757333333</dst>
            <dst id="IPLSng">104007.392</dst>
            <dst id="KSCYng">19277.5706666667</dst>
            <dst id="LOSAng">589.376</dst>
            <dst id="NYCMng">50448.072</dst>
            <dst id="SNVAng">772.992</dst>
            <dst id="STTLng">950.336</dst>
            <dst id="WASHng">61063.9866666667</dst>
        </src>
        <src id="DNVRng">
            <dst id="ATLA-M5">0</dst>
            <dst id="ATLAng">33786.3493333333</dst>
            <dst id="CHINng">67956.96</dst>
            <dst id="DNVRng">18263.1813333333</dst>
            <dst id="HSTNng">56938.3786666667</dst>
            <dst id="IPLSng">40540.9733333333</dst>
            <dst id="KSCYng">15693.6133333333</dst>
            <dst id="LOSAng">26.6666666666667</dst>
            <dst id="NYCMng">28213.4933333333</dst>
            <dst id="SNVAng">11631.3626666667</dst>
            <dst id="STTLng">299.056</dst>
            <dst id="WASHng">52714.816</dst>
        </src>
        <src id="HSTNng">
            <dst id="ATLA-M5">0</dst>
            <dst id="ATLAng">47440.0133333333</dst>
            <dst id="CHINng">4001.00266666667</dst>
            <dst id="DNVRng">108.698666666667</dst>
            <dst id="HSTNng">231953.448</dst>
            <dst id="IPLSng">139.418666666667</dst>
            <dst id="KSCYng">100.250666666667</dst>
            <dst id="LOSAng">0</dst>
            <dst id="NYCMng">10628.7813333333</dst>
            <dst id="SNVAng">107.357333333333</dst>
            <dst id="STTLng">81.7066666666667</dst>
            <dst id="WASHng">129087.314666667</dst>
        </src>
        <src id="IPLSng">
            <dst id="ATLA-M5">0</dst>
            <dst id="ATLAng">97014</dst>
            <dst id="CHINng">149855.117333333</dst>
            <dst id="DNVRng">21001.6026666667</dst>
            <dst id="HSTNng">117798.482666667</dst>
            <dst id="IPLSng">46734.7253333333</dst>
            <dst id="KSCYng">31673.0986666667</dst>
            <dst id="LOSAng">174.349333333333</dst>
            <dst id="NYCMng">54606.0586666667</dst>
            <dst id="SNVAng">5482.82666666667</dst>
            <dst id="STTLng">80.0826666666667</dst>
            <dst id="WASHng">46562.8026666667</dst>
        </src>
        <src id="KSCYng">
            <dst id="ATLA-M5">0</dst>
            <dst id="ATLAng">5148.12266666667</dst>
            <dst id="CHINng">39776.592</dst>
            <dst id="DNVRng">21401.544</dst>
            <dst id="HSTNng">21091.592</dst>
            <dst id="IPLSng">38366.848</dst>
            <dst id="KSCYng">12338.3466666667</dst>
            <dst id="LOSAng">26.6666666666667</dst>
            <dst id="NYCMng">12269.5973333333</dst>
            <dst id="SNVAng">626.453333333333</dst>
            <dst id="STTLng">206.925333333333</dst>
            <dst id="WASHng">13090.3813333333</dst>
        </src>
        <src id="LOSAng">
            <dst id="ATLA-M5">0</dst>
            <dst id="ATLAng">31400.952</dst>
            <dst id="CHINng">7956.65066666667</dst>
            <dst id="DNVRng">36237.5946666667</dst>
            <dst id="HSTNng">180819.314666667</dst>
            <dst id="IPLSng">2601.25066666667</dst>
            <dst id="KSCYng">4598.384</dst>
            <dst id="LOSAng">20953.7253333333</dst>
            <dst id="NYCMng">67782.1253333333</dst>
            <dst id="SNVAng">14994.2106666667</dst>
            <dst id="STTLng">29410.72</dst>
            <dst id="WASHng">116571.586666667</dst>
        </src>
        <src id="NYCMng">
            <dst id="ATLA-M5">0</dst>
            <dst id="ATLAng">65442.7786666667</dst>
            <dst id="CHINng">112466.866666667</dst>
            <dst id="DNVRng">42212.1466666667</dst>
            <dst id="HSTNng">163969.018666667</dst>
            <dst id="IPLSng">91554.5013333333</dst>
            <dst id="KSCYng">30191.5893333333</dst>
            <dst id="LOSAng">201.432</dst>
            <dst id="NYCMng">271953.066666667</dst>
            <dst id="SNVAng">539.418666666667</dst>
            <dst id="STTLng">1923.92266666667</dst>
            <dst id="WASHng">221593.709333333</dst>
        </src>
        <src id="SNVAng">
            <dst id="ATLA-M5">0</dst>
            <dst id="ATLAng">3445.33066666667</dst>
            <dst id="CHINng">722.226666666667</dst>
            <dst id="DNVRng">11512.552</dst>
            <dst id="HSTNng">7389.47733333333</dst>
            <dst id="IPLSng">131.274666666667</dst>
            <dst id="KSCYng">3683.03466666667</dst>
            <dst id="LOSAng">37555.1306666667</dst>
            <dst id="NYCMng">8426.33066666666</dst>
            <dst id="SNVAng">14707.8373333333</dst>
            <dst id="STTLng">54548.4666666667</dst>
            <dst id="WASHng">1428.45066666667</dst>
        </src>
        <src id="STTLng">
            <dst id="ATLA-M5">0</dst>
            <dst id="ATLAng">20197.1253333333</dst>
            <dst id="CHINng">25227.4453333333</dst>
            <dst id="DNVRng">21231.4026666667</dst>
            <dst id="HSTNng">64505.5146666667</dst>
            <dst id="IPLSng">767.661333333333</dst>
            <dst id="KSCYng">8512.64533333333</dst>
            <dst id="LOSAng">28964.48</dst>
            <dst id="NYCMng">20302.2026666667</dst>
            <dst id="SNVAng">13822.2186666667</dst>
            <dst id="STTLng">4606.984</dst>
            <dst id="WASHng">39523.976</dst>
        </src>
        <src id="WASHng">
            <dst id="ATLA-M5">0</dst>
            <dst id="ATLAng">142320.962666667</dst>
            <dst id="CHINng">114438.829333333</dst>
            <dst id="DNVRng">7537.744</dst>
            <dst id="HSTNng">351589.706666667</dst>
            <dst id="IPLSng">85804.6986666667</dst>
            <dst id="KSCYng">32367.1653333333</dst>
            <dst id="LOSAng">234.232</dst>
            <dst id="NYCMng">230750.48</dst>
            <dst id="SNVAng">486.693333333333</dst>
            <dst id="STTLng">5166.73866666667</dst>
            <dst id="WASHng">323411.413333333</dst>
        </src>
    </IntraTM>
</TrafficMatrixFile>
