<?xml version="1.0" encoding="ISO-8859-1" standalone="yes"?>
<TrafficMatrixFile xsi:noNamespaceSchemaLocation="http://totem.run.montefiore.ulg.ac.be/Schema/TrafficMatrix-v1_2.xsd" xmlns:xsi="http://www.w3.org/2001/XMLSchema-instance">
    <IntraTM ASID="11537">
        <src id="ATLA-M5">
            <dst id="ATLA-M5">0</dst>
            <dst id="ATLAng">77.8853333333333</dst>
            <dst id="CHINng">535.546666666667</dst>
            <dst id="DNVRng">0</dst>
            <dst id="HSTNng">319.637333333333</dst>
            <dst id="IPLSng">382.296</dst>
            <dst id="KSCYng">0</dst>
            <dst id="LOSAng">0</dst>
            <dst id="NYCMng">1612.6</dst>
            <dst id="SNVAng">0</dst>
            <dst id="STTLng">0</dst>
            <dst id="WASHng">1458.08</dst>
        </src>
        <src id="ATLAng">
            <dst id="ATLA-M5">0</dst>
            <dst id="ATLAng">41329.3946666667</dst>
            <dst id="CHINng">16270.7813333333</dst>
            <dst id="DNVRng">0</dst>
            <dst id="HSTNng">2196.728</dst>
            <dst id="IPLSng">24676.6133333333</dst>
            <dst id="KSCYng">2801.12533333333</dst>
            <dst id="LOSAng">0</dst>
            <dst id="NYCMng">44240.2026666667</dst>
            <dst id="SNVAng">0</dst>
            <dst id="STTLng">26.6666666666667</dst>
            <dst id="WASHng">37018.0346666667</dst>
        </src>
        <src id="CHINng">
            <dst id="ATLA-M5">0</dst>
            <dst id="ATLAng">21956.4373333333</dst>
            <dst id="CHINng">24903.2</dst>
            <dst id="DNVRng">0</dst>
            <dst id="HSTNng">9289.072</dst>
            <dst id="IPLSng">30399.0693333333</dst>
            <dst id="KSCYng">83.9653333333333</dst>
            <dst id="LOSAng">53.3333333333333</dst>
            <dst id="NYCMng">199033.381333333</dst>
            <dst id="SNVAng">53.3333333333333</dst>
            <dst id="STTLng">778.149333333333</dst>
            <dst id="WASHng">33844.1626666667</dst>
        </src>
        <src id="DNVRng">
            <dst id="ATLA-M5">0</dst>
            <dst id="ATLAng">5986.93333333333</dst>
            <dst id="CHINng">30907.2746666667</dst>
            <dst id="DNVRng">2275.66933333333</dst>
            <dst id="HSTNng">20995.856</dst>
            <dst id="IPLSng">25901.36</dst>
            <dst id="KSCYng">8605.55733333333</dst>
            <dst id="LOSAng">0</dst>
            <dst id="NYCMng">41252.016</dst>
            <dst id="SNVAng">8171.792</dst>
            <dst id="STTLng">2263.40266666667</dst>
            <dst id="WASHng">37169.5066666667</dst>
        </src>
        <src id="HSTNng">
            <dst id="ATLA-M5">0</dst>
            <dst id="ATLAng">23822.736</dst>
            <dst id="CHINng">684.224</dst>
            <dst id="DNVRng">0</dst>
            <dst id="HSTNng">124672.032</dst>
            <dst id="IPLSng">26.6666666666667</dst>
            <dst id="KSCYng">0</dst>
            <dst id="LOSAng">26.6666666666667</dst>
            <dst id="NYCMng">1643.50133333333</dst>
            <dst id="SNVAng">0</dst>
            <dst id="STTLng">0</dst>
            <dst id="WASHng">101038.477333333</dst>
        </src>
        <src id="IPLSng">
            <dst id="ATLA-M5">0</dst>
            <dst id="ATLAng">12842.4586666667</dst>
            <dst id="CHINng">83333.2693333333</dst>
            <dst id="DNVRng">0</dst>
            <dst id="HSTNng">9422.304</dst>
            <dst id="IPLSng">24661.2906666667</dst>
            <dst id="KSCYng">17087.8986666667</dst>
            <dst id="LOSAng">232.949333333333</dst>
            <dst id="NYCMng">187884.384</dst>
            <dst id="SNVAng">0</dst>
            <dst id="STTLng">80</dst>
            <dst id="WASHng">20744.5946666667</dst>
        </src>
        <src id="KSCYng">
            <dst id="ATLA-M5">0</dst>
            <dst id="ATLAng">5573.96</dst>
            <dst id="CHINng">14950.1146666667</dst>
            <dst id="DNVRng">6464.47466666667</dst>
            <dst id="HSTNng">17552.6666666667</dst>
            <dst id="IPLSng">8739.58933333333</dst>
            <dst id="KSCYng">5742.54133333333</dst>
            <dst id="LOSAng">0</dst>
            <dst id="NYCMng">24393.328</dst>
            <dst id="SNVAng">0</dst>
            <dst id="STTLng">0</dst>
            <dst id="WASHng">8418.56266666667</dst>
        </src>
        <src id="LOSAng">
            <dst id="ATLA-M5">0</dst>
            <dst id="ATLAng">18405.6373333333</dst>
            <dst id="CHINng">2150.832</dst>
            <dst id="DNVRng">14573.8106666667</dst>
            <dst id="HSTNng">99954.848</dst>
            <dst id="IPLSng">1498.62666666667</dst>
            <dst id="KSCYng">261.808</dst>
            <dst id="LOSAng">28943.3493333333</dst>
            <dst id="NYCMng">54289.7066666667</dst>
            <dst id="SNVAng">14769.2826666667</dst>
            <dst id="STTLng">19244.816</dst>
            <dst id="WASHng">90223.7173333333</dst>
        </src>
        <src id="NYCMng">
            <dst id="ATLA-M5">0</dst>
            <dst id="ATLAng">24096.4826666667</dst>
            <dst id="CHINng">1245.60533333333</dst>
            <dst id="DNVRng">0</dst>
            <dst id="HSTNng">16163.2053333333</dst>
            <dst id="IPLSng">80</dst>
            <dst id="KSCYng">53.3333333333333</dst>
            <dst id="LOSAng">0</dst>
            <dst id="NYCMng">341097.84</dst>
            <dst id="SNVAng">0</dst>
            <dst id="STTLng">575.573333333333</dst>
            <dst id="WASHng">79327.584</dst>
        </src>
        <src id="SNVAng">
            <dst id="ATLA-M5">0</dst>
            <dst id="ATLAng">449.976</dst>
            <dst id="CHINng">26.6666666666667</dst>
            <dst id="DNVRng">8833.06133333333</dst>
            <dst id="HSTNng">3394.00533333333</dst>
            <dst id="IPLSng">276.133333333333</dst>
            <dst id="KSCYng">652.061333333333</dst>
            <dst id="LOSAng">24825.1066666667</dst>
            <dst id="NYCMng">3054.85066666667</dst>
            <dst id="SNVAng">14849.6693333333</dst>
            <dst id="STTLng">58747.4506666667</dst>
            <dst id="WASHng">377.784</dst>
        </src>
        <src id="STTLng">
            <dst id="ATLA-M5">0</dst>
            <dst id="ATLAng">6335.96266666667</dst>
            <dst id="CHINng">595.677333333333</dst>
            <dst id="DNVRng">4657.032</dst>
            <dst id="HSTNng">13284.4586666667</dst>
            <dst id="IPLSng">129.997333333333</dst>
            <dst id="KSCYng">1806.87733333333</dst>
            <dst id="LOSAng">17253.712</dst>
            <dst id="NYCMng">43646.0773333333</dst>
            <dst id="SNVAng">7231.41066666667</dst>
            <dst id="STTLng">493.706666666667</dst>
            <dst id="WASHng">25578.8426666667</dst>
        </src>
        <src id="WASHng">
            <dst id="ATLA-M5">0</dst>
            <dst id="ATLAng">126294.528</dst>
            <dst id="CHINng">662.498666666667</dst>
            <dst id="DNVRng">0</dst>
            <dst id="HSTNng">68819.7973333333</dst>
            <dst id="IPLSng">53.3333333333333</dst>
            <dst id="KSCYng">455.605333333333</dst>
            <dst id="LOSAng">66.08</dst>
            <dst id="NYCMng">468135.6</dst>
            <dst id="SNVAng">26.6666666666667</dst>
            <dst id="STTLng">1707.66133333333</dst>
            <dst id="WASHng">280371.466666667</dst>
        </src>
    </IntraTM>
</TrafficMatrixFile>
