<?xml version="1.0" encoding="ISO-8859-1" standalone="yes"?>
<TrafficMatrixFile xsi:noNamespaceSchemaLocation="http://totem.run.montefiore.ulg.ac.be/Schema/TrafficMatrix-v1_2.xsd" xmlns:xsi="http://www.w3.org/2001/XMLSchema-instance">
    <IntraTM ASID="11537">
        <src id="ATLA-M5">
            <dst id="ATLA-M5">26.6666666666667</dst>
            <dst id="ATLAng">681.866666666667</dst>
            <dst id="CHINng">927.824</dst>
            <dst id="DNVRng">0</dst>
            <dst id="HSTNng">112.741333333333</dst>
            <dst id="IPLSng">335.328</dst>
            <dst id="KSCYng">0</dst>
            <dst id="LOSAng">0</dst>
            <dst id="NYCMng">3551.13333333333</dst>
            <dst id="SNVAng">0</dst>
            <dst id="STTLng">0</dst>
            <dst id="WASHng">3485.60533333333</dst>
        </src>
        <src id="ATLAng">
            <dst id="ATLA-M5">0</dst>
            <dst id="ATLAng">44442.9386666667</dst>
            <dst id="CHINng">64588.8613333333</dst>
            <dst id="DNVRng">0</dst>
            <dst id="HSTNng">13804.0373333333</dst>
            <dst id="IPLSng">25896.136</dst>
            <dst id="KSCYng">0</dst>
            <dst id="LOSAng">0</dst>
            <dst id="NYCMng">69695.6666666667</dst>
            <dst id="SNVAng">102.877333333333</dst>
            <dst id="STTLng">0</dst>
            <dst id="WASHng">50098.048</dst>
        </src>
        <src id="CHINng">
            <dst id="ATLA-M5">0</dst>
            <dst id="ATLAng">28286.5413333333</dst>
            <dst id="CHINng">44314.6906666667</dst>
            <dst id="DNVRng">0</dst>
            <dst id="HSTNng">21633.3306666667</dst>
            <dst id="IPLSng">57678.7093333333</dst>
            <dst id="KSCYng">215.221333333333</dst>
            <dst id="LOSAng">81.744</dst>
            <dst id="NYCMng">217113.050666667</dst>
            <dst id="SNVAng">26.6666666666667</dst>
            <dst id="STTLng">150.76</dst>
            <dst id="WASHng">42842.0746666667</dst>
        </src>
        <src id="DNVRng">
            <dst id="ATLA-M5">0</dst>
            <dst id="ATLAng">6719.07466666667</dst>
            <dst id="CHINng">42157.1093333333</dst>
            <dst id="DNVRng">4173.08</dst>
            <dst id="HSTNng">62695.536</dst>
            <dst id="IPLSng">30052.8053333333</dst>
            <dst id="KSCYng">10043.352</dst>
            <dst id="LOSAng">26.6666666666667</dst>
            <dst id="NYCMng">33490.7146666667</dst>
            <dst id="SNVAng">11846.7413333333</dst>
            <dst id="STTLng">201.434666666667</dst>
            <dst id="WASHng">44420.2293333333</dst>
        </src>
        <src id="HSTNng">
            <dst id="ATLA-M5">0</dst>
            <dst id="ATLAng">37126.368</dst>
            <dst id="CHINng">3355.784</dst>
            <dst id="DNVRng">107.064</dst>
            <dst id="HSTNng">232386.445333333</dst>
            <dst id="IPLSng">93.3333333333333</dst>
            <dst id="KSCYng">0</dst>
            <dst id="LOSAng">0</dst>
            <dst id="NYCMng">6674.46933333333</dst>
            <dst id="SNVAng">0</dst>
            <dst id="STTLng">35.904</dst>
            <dst id="WASHng">125174.525333333</dst>
        </src>
        <src id="IPLSng">
            <dst id="ATLA-M5">0</dst>
            <dst id="ATLAng">14619.0213333333</dst>
            <dst id="CHINng">95917.2986666667</dst>
            <dst id="DNVRng">0</dst>
            <dst id="HSTNng">15378.1546666667</dst>
            <dst id="IPLSng">28630.6613333333</dst>
            <dst id="KSCYng">21348.5973333333</dst>
            <dst id="LOSAng">156.490666666667</dst>
            <dst id="NYCMng">185405.162666667</dst>
            <dst id="SNVAng">125.461333333333</dst>
            <dst id="STTLng">1017.04533333333</dst>
            <dst id="WASHng">30777.5146666667</dst>
        </src>
        <src id="KSCYng">
            <dst id="ATLA-M5">0</dst>
            <dst id="ATLAng">7885.09333333333</dst>
            <dst id="CHINng">18383.992</dst>
            <dst id="DNVRng">20566.8453333333</dst>
            <dst id="HSTNng">20280.728</dst>
            <dst id="IPLSng">10385.56</dst>
            <dst id="KSCYng">6579.512</dst>
            <dst id="LOSAng">0</dst>
            <dst id="NYCMng">24527.1733333333</dst>
            <dst id="SNVAng">26.6666666666667</dst>
            <dst id="STTLng">26.6666666666667</dst>
            <dst id="WASHng">14999.9066666667</dst>
        </src>
        <src id="LOSAng">
            <dst id="ATLA-M5">0</dst>
            <dst id="ATLAng">33415.8026666667</dst>
            <dst id="CHINng">5473.78133333333</dst>
            <dst id="DNVRng">27636.656</dst>
            <dst id="HSTNng">130107.226666667</dst>
            <dst id="IPLSng">541.893333333333</dst>
            <dst id="KSCYng">658.885333333333</dst>
            <dst id="LOSAng">19858.7946666667</dst>
            <dst id="NYCMng">78529.6426666667</dst>
            <dst id="SNVAng">18419.856</dst>
            <dst id="STTLng">20971.7653333333</dst>
            <dst id="WASHng">106012.528</dst>
        </src>
        <src id="NYCMng">
            <dst id="ATLA-M5">0</dst>
            <dst id="ATLAng">42154.5973333333</dst>
            <dst id="CHINng">662.818666666667</dst>
            <dst id="DNVRng">0</dst>
            <dst id="HSTNng">26488.3413333333</dst>
            <dst id="IPLSng">243.082666666667</dst>
            <dst id="KSCYng">100.64</dst>
            <dst id="LOSAng">292.76</dst>
            <dst id="NYCMng">967353.973333333</dst>
            <dst id="SNVAng">0</dst>
            <dst id="STTLng">160</dst>
            <dst id="WASHng">311643.413333333</dst>
        </src>
        <src id="SNVAng">
            <dst id="ATLA-M5">0</dst>
            <dst id="ATLAng">1351.07466666667</dst>
            <dst id="CHINng">573.136</dst>
            <dst id="DNVRng">10479.024</dst>
            <dst id="HSTNng">5365.592</dst>
            <dst id="IPLSng">0</dst>
            <dst id="KSCYng">436.765333333333</dst>
            <dst id="LOSAng">36791.9333333333</dst>
            <dst id="NYCMng">7042.8</dst>
            <dst id="SNVAng">16989.1253333333</dst>
            <dst id="STTLng">58004.3786666667</dst>
            <dst id="WASHng">2091</dst>
        </src>
        <src id="STTLng">
            <dst id="ATLA-M5">0</dst>
            <dst id="ATLAng">13454.1173333333</dst>
            <dst id="CHINng">1540.58933333333</dst>
            <dst id="DNVRng">8239.28266666667</dst>
            <dst id="HSTNng">26273.9493333333</dst>
            <dst id="IPLSng">373.568</dst>
            <dst id="KSCYng">5635.336</dst>
            <dst id="LOSAng">32562.864</dst>
            <dst id="NYCMng">48164.176</dst>
            <dst id="SNVAng">7818.45866666667</dst>
            <dst id="STTLng">2181.72533333333</dst>
            <dst id="WASHng">37587.376</dst>
        </src>
        <src id="WASHng">
            <dst id="ATLA-M5">0</dst>
            <dst id="ATLAng">173979.386666667</dst>
            <dst id="CHINng">851.037333333333</dst>
            <dst id="DNVRng">0</dst>
            <dst id="HSTNng">85366.952</dst>
            <dst id="IPLSng">194.674666666667</dst>
            <dst id="KSCYng">80</dst>
            <dst id="LOSAng">572.768</dst>
            <dst id="NYCMng">603206.426666667</dst>
            <dst id="SNVAng">135.12</dst>
            <dst id="STTLng">106.666666666667</dst>
            <dst id="WASHng">275182.4</dst>
        </src>
    </IntraTM>
</TrafficMatrixFile>
