<?xml version="1.0" encoding="ISO-8859-1" standalone="yes"?>
<TrafficMatrixFile xsi:noNamespaceSchemaLocation="http://totem.run.montefiore.ulg.ac.be/Schema/TrafficMatrix-v1_2.xsd" xmlns:xsi="http://www.w3.org/2001/XMLSchema-instance">
    <IntraTM ASID="11537">
        <src id="ATLA-M5">
            <dst id="ATLA-M5">0</dst>
            <dst id="ATLAng">309.128</dst>
            <dst id="CHINng">1206.384</dst>
            <dst id="DNVRng">0</dst>
            <dst id="HSTNng">842.781333333333</dst>
            <dst id="IPLSng">1062.00266666667</dst>
            <dst id="KSCYng">0</dst>
            <dst id="LOSAng">0</dst>
            <dst id="NYCMng">1107.6</dst>
            <dst id="SNVAng">0</dst>
            <dst id="STTLng">0</dst>
            <dst id="WASHng">1166.87733333333</dst>
        </src>
        <src id="ATLAng">
            <dst id="ATLA-M5">0</dst>
            <dst id="ATLAng">27781.088</dst>
            <dst id="CHINng">31496.2053333333</dst>
            <dst id="DNVRng">0</dst>
            <dst id="HSTNng">4011.79466666667</dst>
            <dst id="IPLSng">26527.112</dst>
            <dst id="KSCYng">26.6666666666667</dst>
            <dst id="LOSAng">0</dst>
            <dst id="NYCMng">45782.328</dst>
            <dst id="SNVAng">43.7253333333333</dst>
            <dst id="STTLng">26.6666666666667</dst>
            <dst id="WASHng">40497.4426666667</dst>
        </src>
        <src id="CHINng">
            <dst id="ATLA-M5">0</dst>
            <dst id="ATLAng">30078.3893333333</dst>
            <dst id="CHINng">43851.5973333333</dst>
            <dst id="DNVRng">0</dst>
            <dst id="HSTNng">17801.984</dst>
            <dst id="IPLSng">65437.4666666667</dst>
            <dst id="KSCYng">26.6666666666667</dst>
            <dst id="LOSAng">58.6666666666667</dst>
            <dst id="NYCMng">219090.928</dst>
            <dst id="SNVAng">26.6666666666667</dst>
            <dst id="STTLng">76.5546666666666</dst>
            <dst id="WASHng">37332.8826666667</dst>
        </src>
        <src id="DNVRng">
            <dst id="ATLA-M5">0</dst>
            <dst id="ATLAng">7517.048</dst>
            <dst id="CHINng">33291.28</dst>
            <dst id="DNVRng">7277.28533333333</dst>
            <dst id="HSTNng">33291.1786666667</dst>
            <dst id="IPLSng">26181.7093333333</dst>
            <dst id="KSCYng">20304.712</dst>
            <dst id="LOSAng">26.6666666666667</dst>
            <dst id="NYCMng">32852.0293333333</dst>
            <dst id="SNVAng">9206.88266666667</dst>
            <dst id="STTLng">106.722666666667</dst>
            <dst id="WASHng">38399.2506666667</dst>
        </src>
        <src id="HSTNng">
            <dst id="ATLA-M5">0</dst>
            <dst id="ATLAng">28220.6906666667</dst>
            <dst id="CHINng">1278.27466666667</dst>
            <dst id="DNVRng">0</dst>
            <dst id="HSTNng">125614.109333333</dst>
            <dst id="IPLSng">0</dst>
            <dst id="KSCYng">0</dst>
            <dst id="LOSAng">0</dst>
            <dst id="NYCMng">4686.12</dst>
            <dst id="SNVAng">0</dst>
            <dst id="STTLng">0</dst>
            <dst id="WASHng">130641.874666667</dst>
        </src>
        <src id="IPLSng">
            <dst id="ATLA-M5">0</dst>
            <dst id="ATLAng">23193.808</dst>
            <dst id="CHINng">94837.9226666667</dst>
            <dst id="DNVRng">0</dst>
            <dst id="HSTNng">11217.488</dst>
            <dst id="IPLSng">33995.1146666667</dst>
            <dst id="KSCYng">27083.64</dst>
            <dst id="LOSAng">1488.91733333333</dst>
            <dst id="NYCMng">153882.546666667</dst>
            <dst id="SNVAng">26.6666666666667</dst>
            <dst id="STTLng">53.3333333333333</dst>
            <dst id="WASHng">22004.8373333333</dst>
        </src>
        <src id="KSCYng">
            <dst id="ATLA-M5">0</dst>
            <dst id="ATLAng">4269.56</dst>
            <dst id="CHINng">23093.1813333333</dst>
            <dst id="DNVRng">7360.568</dst>
            <dst id="HSTNng">12806.552</dst>
            <dst id="IPLSng">10734.7466666667</dst>
            <dst id="KSCYng">4979.90933333333</dst>
            <dst id="LOSAng">0</dst>
            <dst id="NYCMng">23530.12</dst>
            <dst id="SNVAng">0</dst>
            <dst id="STTLng">0</dst>
            <dst id="WASHng">13796.5626666667</dst>
        </src>
        <src id="LOSAng">
            <dst id="ATLA-M5">0</dst>
            <dst id="ATLAng">25905.872</dst>
            <dst id="CHINng">1742.15466666667</dst>
            <dst id="DNVRng">10193.8906666667</dst>
            <dst id="HSTNng">112604.728</dst>
            <dst id="IPLSng">1260.656</dst>
            <dst id="KSCYng">133.333333333333</dst>
            <dst id="LOSAng">23025.9546666667</dst>
            <dst id="NYCMng">55915.584</dst>
            <dst id="SNVAng">9898.11466666667</dst>
            <dst id="STTLng">20355.968</dst>
            <dst id="WASHng">114119.912</dst>
        </src>
        <src id="NYCMng">
            <dst id="ATLA-M5">0</dst>
            <dst id="ATLAng">29054.0106666667</dst>
            <dst id="CHINng">1141.94666666667</dst>
            <dst id="DNVRng">0</dst>
            <dst id="HSTNng">23933.312</dst>
            <dst id="IPLSng">26.6666666666667</dst>
            <dst id="KSCYng">96</dst>
            <dst id="LOSAng">26.6666666666667</dst>
            <dst id="NYCMng">480509.68</dst>
            <dst id="SNVAng">180.405333333333</dst>
            <dst id="STTLng">688.437333333333</dst>
            <dst id="WASHng">117682.941333333</dst>
        </src>
        <src id="SNVAng">
            <dst id="ATLA-M5">0</dst>
            <dst id="ATLAng">634.4</dst>
            <dst id="CHINng">53.3333333333333</dst>
            <dst id="DNVRng">10456.9466666667</dst>
            <dst id="HSTNng">4928.72266666667</dst>
            <dst id="IPLSng">0</dst>
            <dst id="KSCYng">430.301333333333</dst>
            <dst id="LOSAng">35221.6346666667</dst>
            <dst id="NYCMng">13795.3333333333</dst>
            <dst id="SNVAng">13229.44</dst>
            <dst id="STTLng">53452.576</dst>
            <dst id="WASHng">787.709333333333</dst>
        </src>
        <src id="STTLng">
            <dst id="ATLA-M5">0</dst>
            <dst id="ATLAng">7661.90666666667</dst>
            <dst id="CHINng">884.221333333333</dst>
            <dst id="DNVRng">13087.8586666667</dst>
            <dst id="HSTNng">19030.9813333333</dst>
            <dst id="IPLSng">290.290666666667</dst>
            <dst id="KSCYng">4461.936</dst>
            <dst id="LOSAng">18847.4586666667</dst>
            <dst id="NYCMng">51120.7493333333</dst>
            <dst id="SNVAng">4284.392</dst>
            <dst id="STTLng">3283.616</dst>
            <dst id="WASHng">33060.048</dst>
        </src>
        <src id="WASHng">
            <dst id="ATLA-M5">0</dst>
            <dst id="ATLAng">124122.325333333</dst>
            <dst id="CHINng">6373.792</dst>
            <dst id="DNVRng">0</dst>
            <dst id="HSTNng">72369.3626666667</dst>
            <dst id="IPLSng">80</dst>
            <dst id="KSCYng">80</dst>
            <dst id="LOSAng">26.6666666666667</dst>
            <dst id="NYCMng">597635.893333333</dst>
            <dst id="SNVAng">56.4373333333333</dst>
            <dst id="STTLng">2866.8</dst>
            <dst id="WASHng">267467.066666667</dst>
        </src>
    </IntraTM>
</TrafficMatrixFile>
