<?xml version="1.0" encoding="ISO-8859-1" standalone="yes"?>
<TrafficMatrixFile xsi:noNamespaceSchemaLocation="http://totem.run.montefiore.ulg.ac.be/Schema/TrafficMatrix-v1_2.xsd" xmlns:xsi="http://www.w3.org/2001/XMLSchema-instance">
    <IntraTM ASID="11537">
        <src id="ATLA-M5">
            <dst id="ATLA-M5">728.530666666667</dst>
            <dst id="ATLAng">684.474666666667</dst>
            <dst id="CHINng">1084.59733333333</dst>
            <dst id="DNVRng">0</dst>
            <dst id="HSTNng">1597.328</dst>
            <dst id="IPLSng">947.136</dst>
            <dst id="KSCYng">428.114666666667</dst>
            <dst id="LOSAng">0</dst>
            <dst id="NYCMng">2038.96266666667</dst>
            <dst id="SNVAng">37.4613333333333</dst>
            <dst id="STTLng">0</dst>
            <dst id="WASHng">3403.50133333333</dst>
        </src>
        <src id="ATLAng">
            <dst id="ATLA-M5">0</dst>
            <dst id="ATLAng">43118.0293333333</dst>
            <dst id="CHINng">39685.5466666667</dst>
            <dst id="DNVRng">186.666666666667</dst>
            <dst id="HSTNng">62884.5413333333</dst>
            <dst id="IPLSng">131579.533333333</dst>
            <dst id="KSCYng">9794.672</dst>
            <dst id="LOSAng">92.52</dst>
            <dst id="NYCMng">28682.7546666667</dst>
            <dst id="SNVAng">773.725333333333</dst>
            <dst id="STTLng">264.221333333333</dst>
            <dst id="WASHng">92648.8026666667</dst>
        </src>
        <src id="CHINng">
            <dst id="ATLA-M5">0</dst>
            <dst id="ATLAng">29982.2506666667</dst>
            <dst id="CHINng">114059.205333333</dst>
            <dst id="DNVRng">25854.1866666667</dst>
            <dst id="HSTNng">113632.250666667</dst>
            <dst id="IPLSng">95427.4933333333</dst>
            <dst id="KSCYng">21993.168</dst>
            <dst id="LOSAng">117.834666666667</dst>
            <dst id="NYCMng">58220.4266666667</dst>
            <dst id="SNVAng">139.114666666667</dst>
            <dst id="STTLng">1167.13066666667</dst>
            <dst id="WASHng">58197.9253333333</dst>
        </src>
        <src id="DNVRng">
            <dst id="ATLA-M5">0</dst>
            <dst id="ATLAng">27366.3333333333</dst>
            <dst id="CHINng">78632.0533333334</dst>
            <dst id="DNVRng">23806.4773333333</dst>
            <dst id="HSTNng">83732.2</dst>
            <dst id="IPLSng">44144.6106666667</dst>
            <dst id="KSCYng">36095.8213333333</dst>
            <dst id="LOSAng">26.6666666666667</dst>
            <dst id="NYCMng">31109.88</dst>
            <dst id="SNVAng">21129.2853333333</dst>
            <dst id="STTLng">236.624</dst>
            <dst id="WASHng">53555.208</dst>
        </src>
        <src id="HSTNng">
            <dst id="ATLA-M5">0</dst>
            <dst id="ATLAng">38816.6693333333</dst>
            <dst id="CHINng">5446.42666666667</dst>
            <dst id="DNVRng">117.874666666667</dst>
            <dst id="HSTNng">227426.458666667</dst>
            <dst id="IPLSng">164.704</dst>
            <dst id="KSCYng">151.674666666667</dst>
            <dst id="LOSAng">0</dst>
            <dst id="NYCMng">9610.73333333334</dst>
            <dst id="SNVAng">146.914666666667</dst>
            <dst id="STTLng">390.912</dst>
            <dst id="WASHng">140104.648</dst>
        </src>
        <src id="IPLSng">
            <dst id="ATLA-M5">0</dst>
            <dst id="ATLAng">116522.333333333</dst>
            <dst id="CHINng">153458.122666667</dst>
            <dst id="DNVRng">20402.536</dst>
            <dst id="HSTNng">86095.1386666667</dst>
            <dst id="IPLSng">38619.6853333333</dst>
            <dst id="KSCYng">33647.9306666667</dst>
            <dst id="LOSAng">87.4213333333334</dst>
            <dst id="NYCMng">56764.5306666667</dst>
            <dst id="SNVAng">5169.05333333333</dst>
            <dst id="STTLng">688.197333333333</dst>
            <dst id="WASHng">45599.6133333333</dst>
        </src>
        <src id="KSCYng">
            <dst id="ATLA-M5">0</dst>
            <dst id="ATLAng">5617.56533333333</dst>
            <dst id="CHINng">47299.288</dst>
            <dst id="DNVRng">24047.7093333333</dst>
            <dst id="HSTNng">19429.2186666667</dst>
            <dst id="IPLSng">31403.0986666667</dst>
            <dst id="KSCYng">13973.0746666667</dst>
            <dst id="LOSAng">26.6666666666667</dst>
            <dst id="NYCMng">13725.8986666667</dst>
            <dst id="SNVAng">144.354666666667</dst>
            <dst id="STTLng">304.941333333333</dst>
            <dst id="WASHng">15003.6106666667</dst>
        </src>
        <src id="LOSAng">
            <dst id="ATLA-M5">0</dst>
            <dst id="ATLAng">29787.6346666667</dst>
            <dst id="CHINng">6755.58666666667</dst>
            <dst id="DNVRng">24402.8506666667</dst>
            <dst id="HSTNng">175353.12</dst>
            <dst id="IPLSng">1715.04266666667</dst>
            <dst id="KSCYng">1992.38666666667</dst>
            <dst id="LOSAng">13969.328</dst>
            <dst id="NYCMng">69375.4986666667</dst>
            <dst id="SNVAng">16120.6133333333</dst>
            <dst id="STTLng">25432.56</dst>
            <dst id="WASHng">120491.482666667</dst>
        </src>
        <src id="NYCMng">
            <dst id="ATLA-M5">0</dst>
            <dst id="ATLAng">81128.9706666667</dst>
            <dst id="CHINng">117018.837333333</dst>
            <dst id="DNVRng">46309.976</dst>
            <dst id="HSTNng">168587.44</dst>
            <dst id="IPLSng">90852.3626666667</dst>
            <dst id="KSCYng">31772.4346666667</dst>
            <dst id="LOSAng">80</dst>
            <dst id="NYCMng">281156.48</dst>
            <dst id="SNVAng">392.493333333333</dst>
            <dst id="STTLng">2590.24266666667</dst>
            <dst id="WASHng">253877.909333333</dst>
        </src>
        <src id="SNVAng">
            <dst id="ATLA-M5">0</dst>
            <dst id="ATLAng">3287.584</dst>
            <dst id="CHINng">649.472</dst>
            <dst id="DNVRng">3612.456</dst>
            <dst id="HSTNng">10533.88</dst>
            <dst id="IPLSng">26.6666666666667</dst>
            <dst id="KSCYng">2026.68</dst>
            <dst id="LOSAng">38189.7706666667</dst>
            <dst id="NYCMng">8021.13866666667</dst>
            <dst id="SNVAng">15147.624</dst>
            <dst id="STTLng">52942.776</dst>
            <dst id="WASHng">1609.776</dst>
        </src>
        <src id="STTLng">
            <dst id="ATLA-M5">0</dst>
            <dst id="ATLAng">15187.3146666667</dst>
            <dst id="CHINng">24514.9386666667</dst>
            <dst id="DNVRng">15993.2506666667</dst>
            <dst id="HSTNng">60867.496</dst>
            <dst id="IPLSng">699.421333333333</dst>
            <dst id="KSCYng">8430.90666666667</dst>
            <dst id="LOSAng">33614.8186666667</dst>
            <dst id="NYCMng">22157.2373333333</dst>
            <dst id="SNVAng">14486.104</dst>
            <dst id="STTLng">7718.85066666667</dst>
            <dst id="WASHng">37938.896</dst>
        </src>
        <src id="WASHng">
            <dst id="ATLA-M5">0</dst>
            <dst id="ATLAng">134732.845333333</dst>
            <dst id="CHINng">141321.877333333</dst>
            <dst id="DNVRng">9298.06933333333</dst>
            <dst id="HSTNng">392335.84</dst>
            <dst id="IPLSng">70262.6506666667</dst>
            <dst id="KSCYng">33193.8</dst>
            <dst id="LOSAng">135.941333333333</dst>
            <dst id="NYCMng">243832.032</dst>
            <dst id="SNVAng">416.008</dst>
            <dst id="STTLng">5667.376</dst>
            <dst id="WASHng">359977.173333333</dst>
        </src>
    </IntraTM>
</TrafficMatrixFile>
