<?xml version="1.0" encoding="ISO-8859-1" standalone="yes"?>
<TrafficMatrixFile xsi:noNamespaceSchemaLocation="http://totem.run.montefiore.ulg.ac.be/Schema/TrafficMatrix-v1_2.xsd" xmlns:xsi="http://www.w3.org/2001/XMLSchema-instance">
    <IntraTM ASID="11537">
        <src id="ATLA-M5">
            <dst id="ATLA-M5">53.3333333333333</dst>
            <dst id="ATLAng">349.749333333333</dst>
            <dst id="CHINng">875.045333333333</dst>
            <dst id="DNVRng">30.4</dst>
            <dst id="HSTNng">576.517333333333</dst>
            <dst id="IPLSng">257.021333333333</dst>
            <dst id="KSCYng">118.368</dst>
            <dst id="LOSAng">0</dst>
            <dst id="NYCMng">1539.368</dst>
            <dst id="SNVAng">0</dst>
            <dst id="STTLng">0</dst>
            <dst id="WASHng">5463.624</dst>
        </src>
        <src id="ATLAng">
            <dst id="ATLA-M5">0</dst>
            <dst id="ATLAng">44297.5786666667</dst>
            <dst id="CHINng">28948.8613333333</dst>
            <dst id="DNVRng">54.1573333333333</dst>
            <dst id="HSTNng">53861.2053333333</dst>
            <dst id="IPLSng">34669.4346666667</dst>
            <dst id="KSCYng">9725.86666666667</dst>
            <dst id="LOSAng">0</dst>
            <dst id="NYCMng">27562.024</dst>
            <dst id="SNVAng">0</dst>
            <dst id="STTLng">315.098666666667</dst>
            <dst id="WASHng">88597.208</dst>
        </src>
        <src id="CHINng">
            <dst id="ATLA-M5">0</dst>
            <dst id="ATLAng">42439.6026666667</dst>
            <dst id="CHINng">107743.781333333</dst>
            <dst id="DNVRng">19604.1866666667</dst>
            <dst id="HSTNng">112072.418666667</dst>
            <dst id="IPLSng">73871.944</dst>
            <dst id="KSCYng">19069.5226666667</dst>
            <dst id="LOSAng">482.464</dst>
            <dst id="NYCMng">64462.6026666667</dst>
            <dst id="SNVAng">62.0506666666667</dst>
            <dst id="STTLng">1677.37866666667</dst>
            <dst id="WASHng">61833.032</dst>
        </src>
        <src id="DNVRng">
            <dst id="ATLA-M5">0</dst>
            <dst id="ATLAng">22043.6533333333</dst>
            <dst id="CHINng">63068.84</dst>
            <dst id="DNVRng">15585.392</dst>
            <dst id="HSTNng">59541.0933333333</dst>
            <dst id="IPLSng">29911.9466666667</dst>
            <dst id="KSCYng">23386.2746666667</dst>
            <dst id="LOSAng">306.005333333333</dst>
            <dst id="NYCMng">16210.8266666667</dst>
            <dst id="SNVAng">20102.8906666667</dst>
            <dst id="STTLng">609.866666666667</dst>
            <dst id="WASHng">59200.28</dst>
        </src>
        <src id="HSTNng">
            <dst id="ATLA-M5">0</dst>
            <dst id="ATLAng">35930.304</dst>
            <dst id="CHINng">3110.616</dst>
            <dst id="DNVRng">53.3333333333333</dst>
            <dst id="HSTNng">170486.725333333</dst>
            <dst id="IPLSng">91.2666666666667</dst>
            <dst id="KSCYng">35.8133333333333</dst>
            <dst id="LOSAng">0</dst>
            <dst id="NYCMng">10091.5973333333</dst>
            <dst id="SNVAng">53.3333333333333</dst>
            <dst id="STTLng">127.858666666667</dst>
            <dst id="WASHng">123571.882666667</dst>
        </src>
        <src id="IPLSng">
            <dst id="ATLA-M5">0</dst>
            <dst id="ATLAng">14805.32</dst>
            <dst id="CHINng">155670.018666667</dst>
            <dst id="DNVRng">12136.064</dst>
            <dst id="HSTNng">76860.1973333333</dst>
            <dst id="IPLSng">39763.4586666667</dst>
            <dst id="KSCYng">35466.0213333333</dst>
            <dst id="LOSAng">80</dst>
            <dst id="NYCMng">63906.272</dst>
            <dst id="SNVAng">323.736</dst>
            <dst id="STTLng">1616.824</dst>
            <dst id="WASHng">47001.4213333333</dst>
        </src>
        <src id="KSCYng">
            <dst id="ATLA-M5">0</dst>
            <dst id="ATLAng">7750.30933333333</dst>
            <dst id="CHINng">34985.9066666667</dst>
            <dst id="DNVRng">9320.888</dst>
            <dst id="HSTNng">14270.3893333333</dst>
            <dst id="IPLSng">25900.9546666667</dst>
            <dst id="KSCYng">15989.92</dst>
            <dst id="LOSAng">70.7413333333333</dst>
            <dst id="NYCMng">14930.6746666667</dst>
            <dst id="SNVAng">0</dst>
            <dst id="STTLng">470.154666666667</dst>
            <dst id="WASHng">16945.896</dst>
        </src>
        <src id="LOSAng">
            <dst id="ATLA-M5">0</dst>
            <dst id="ATLAng">27810.3066666667</dst>
            <dst id="CHINng">4101.80266666667</dst>
            <dst id="DNVRng">23494.3626666667</dst>
            <dst id="HSTNng">204487.978666667</dst>
            <dst id="IPLSng">582.994666666667</dst>
            <dst id="KSCYng">122.498666666667</dst>
            <dst id="LOSAng">17877.1973333333</dst>
            <dst id="NYCMng">75837.0213333333</dst>
            <dst id="SNVAng">18306.424</dst>
            <dst id="STTLng">32771.0773333333</dst>
            <dst id="WASHng">106507.813333333</dst>
        </src>
        <src id="NYCMng">
            <dst id="ATLA-M5">0</dst>
            <dst id="ATLAng">45450.8026666667</dst>
            <dst id="CHINng">103441.333333333</dst>
            <dst id="DNVRng">35797.9706666667</dst>
            <dst id="HSTNng">170872.352</dst>
            <dst id="IPLSng">86050.608</dst>
            <dst id="KSCYng">28458.3493333333</dst>
            <dst id="LOSAng">1103.12533333333</dst>
            <dst id="NYCMng">263634.562666667</dst>
            <dst id="SNVAng">53.3333333333333</dst>
            <dst id="STTLng">6073.99466666667</dst>
            <dst id="WASHng">160135.016</dst>
        </src>
        <src id="SNVAng">
            <dst id="ATLA-M5">0</dst>
            <dst id="ATLAng">988.298666666667</dst>
            <dst id="CHINng">931.437333333333</dst>
            <dst id="DNVRng">13973.464</dst>
            <dst id="HSTNng">13502.504</dst>
            <dst id="IPLSng">0</dst>
            <dst id="KSCYng">1173.44</dst>
            <dst id="LOSAng">39336.5333333333</dst>
            <dst id="NYCMng">6985.392</dst>
            <dst id="SNVAng">18030.1066666667</dst>
            <dst id="STTLng">50076.304</dst>
            <dst id="WASHng">2059.176</dst>
        </src>
        <src id="STTLng">
            <dst id="ATLA-M5">0</dst>
            <dst id="ATLAng">12115.376</dst>
            <dst id="CHINng">22904.6826666667</dst>
            <dst id="DNVRng">6675.336</dst>
            <dst id="HSTNng">49770.4</dst>
            <dst id="IPLSng">297.914666666667</dst>
            <dst id="KSCYng">4612.232</dst>
            <dst id="LOSAng">28488.6186666667</dst>
            <dst id="NYCMng">15640.3466666667</dst>
            <dst id="SNVAng">14256.3413333333</dst>
            <dst id="STTLng">12604.6106666667</dst>
            <dst id="WASHng">32390.4373333333</dst>
        </src>
        <src id="WASHng">
            <dst id="ATLA-M5">0</dst>
            <dst id="ATLAng">91076.36</dst>
            <dst id="CHINng">100099.197333333</dst>
            <dst id="DNVRng">2548.32</dst>
            <dst id="HSTNng">375001.573333333</dst>
            <dst id="IPLSng">96058.6746666667</dst>
            <dst id="KSCYng">31399.7786666667</dst>
            <dst id="LOSAng">244.058666666667</dst>
            <dst id="NYCMng">260889.765333333</dst>
            <dst id="SNVAng">303.541333333333</dst>
            <dst id="STTLng">5106.56533333333</dst>
            <dst id="WASHng">309231.493333333</dst>
        </src>
    </IntraTM>
</TrafficMatrixFile>
