<?xml version="1.0" encoding="ISO-8859-1" standalone="yes"?>
<TrafficMatrixFile xsi:noNamespaceSchemaLocation="http://totem.run.montefiore.ulg.ac.be/Schema/TrafficMatrix-v1_2.xsd" xmlns:xsi="http://www.w3.org/2001/XMLSchema-instance">
    <IntraTM ASID="11537">
        <src id="ATLA-M5">
            <dst id="ATLA-M5">0</dst>
            <dst id="ATLAng">26.6666666666667</dst>
            <dst id="CHINng">264.168</dst>
            <dst id="DNVRng">0</dst>
            <dst id="HSTNng">536.896</dst>
            <dst id="IPLSng">186.666666666667</dst>
            <dst id="KSCYng">26.6666666666667</dst>
            <dst id="LOSAng">0</dst>
            <dst id="NYCMng">547.84</dst>
            <dst id="SNVAng">0</dst>
            <dst id="STTLng">26.6666666666667</dst>
            <dst id="WASHng">1403.79733333333</dst>
        </src>
        <src id="ATLAng">
            <dst id="ATLA-M5">0</dst>
            <dst id="ATLAng">48212.5253333333</dst>
            <dst id="CHINng">18001.9866666667</dst>
            <dst id="DNVRng">130.245333333333</dst>
            <dst id="HSTNng">35105.2293333333</dst>
            <dst id="IPLSng">40325.1466666667</dst>
            <dst id="KSCYng">3603.69866666667</dst>
            <dst id="LOSAng">65.7173333333333</dst>
            <dst id="NYCMng">21245.9733333333</dst>
            <dst id="SNVAng">100.250666666667</dst>
            <dst id="STTLng">1208.76266666667</dst>
            <dst id="WASHng">95475.104</dst>
        </src>
        <src id="CHINng">
            <dst id="ATLA-M5">0</dst>
            <dst id="ATLAng">22357.0373333333</dst>
            <dst id="CHINng">150266.405333333</dst>
            <dst id="DNVRng">16872.9466666667</dst>
            <dst id="HSTNng">79120.6853333333</dst>
            <dst id="IPLSng">35142.688</dst>
            <dst id="KSCYng">16008.064</dst>
            <dst id="LOSAng">272.818666666667</dst>
            <dst id="NYCMng">29872.184</dst>
            <dst id="SNVAng">26.6666666666667</dst>
            <dst id="STTLng">2718.016</dst>
            <dst id="WASHng">27350.9973333333</dst>
        </src>
        <src id="DNVRng">
            <dst id="ATLA-M5">0</dst>
            <dst id="ATLAng">8101.01066666667</dst>
            <dst id="CHINng">73822.5946666667</dst>
            <dst id="DNVRng">9750.06666666667</dst>
            <dst id="HSTNng">34536.584</dst>
            <dst id="IPLSng">24274.9546666667</dst>
            <dst id="KSCYng">17187.976</dst>
            <dst id="LOSAng">0</dst>
            <dst id="NYCMng">16824.9386666667</dst>
            <dst id="SNVAng">12084.7653333333</dst>
            <dst id="STTLng">166.666666666667</dst>
            <dst id="WASHng">61358.5866666667</dst>
        </src>
        <src id="HSTNng">
            <dst id="ATLA-M5">0</dst>
            <dst id="ATLAng">49341.4986666667</dst>
            <dst id="CHINng">2218.41066666667</dst>
            <dst id="DNVRng">26.6666666666667</dst>
            <dst id="HSTNng">112604.853333333</dst>
            <dst id="IPLSng">53.3333333333333</dst>
            <dst id="KSCYng">26.6666666666667</dst>
            <dst id="LOSAng">0</dst>
            <dst id="NYCMng">4297.824</dst>
            <dst id="SNVAng">0</dst>
            <dst id="STTLng">53.3333333333333</dst>
            <dst id="WASHng">108650.728</dst>
        </src>
        <src id="IPLSng">
            <dst id="ATLA-M5">0</dst>
            <dst id="ATLAng">23706.4773333333</dst>
            <dst id="CHINng">148118.717333333</dst>
            <dst id="DNVRng">14965.5973333333</dst>
            <dst id="HSTNng">70691.592</dst>
            <dst id="IPLSng">30276.7626666667</dst>
            <dst id="KSCYng">20611.8506666667</dst>
            <dst id="LOSAng">26.6666666666667</dst>
            <dst id="NYCMng">41454.392</dst>
            <dst id="SNVAng">199.368</dst>
            <dst id="STTLng">495.325333333334</dst>
            <dst id="WASHng">21920.88</dst>
        </src>
        <src id="KSCYng">
            <dst id="ATLA-M5">0</dst>
            <dst id="ATLAng">7721.768</dst>
            <dst id="CHINng">32475.7626666667</dst>
            <dst id="DNVRng">7484.12</dst>
            <dst id="HSTNng">11690.632</dst>
            <dst id="IPLSng">13049.0773333333</dst>
            <dst id="KSCYng">10119.5946666667</dst>
            <dst id="LOSAng">0</dst>
            <dst id="NYCMng">8949.25866666667</dst>
            <dst id="SNVAng">37.6746666666667</dst>
            <dst id="STTLng">41.312</dst>
            <dst id="WASHng">13970.6906666667</dst>
        </src>
        <src id="LOSAng">
            <dst id="ATLA-M5">0</dst>
            <dst id="ATLAng">45800.896</dst>
            <dst id="CHINng">15167.1306666667</dst>
            <dst id="DNVRng">6817.26933333333</dst>
            <dst id="HSTNng">174245.149333333</dst>
            <dst id="IPLSng">1800.224</dst>
            <dst id="KSCYng">398.056</dst>
            <dst id="LOSAng">26299.0933333333</dst>
            <dst id="NYCMng">54528.0266666667</dst>
            <dst id="SNVAng">12749.592</dst>
            <dst id="STTLng">17083.1306666667</dst>
            <dst id="WASHng">99797.56</dst>
        </src>
        <src id="NYCMng">
            <dst id="ATLA-M5">0</dst>
            <dst id="ATLAng">55676.456</dst>
            <dst id="CHINng">70796.8906666666</dst>
            <dst id="DNVRng">30852.96</dst>
            <dst id="HSTNng">90202.64</dst>
            <dst id="IPLSng">39768.8373333333</dst>
            <dst id="KSCYng">15263.4906666667</dst>
            <dst id="LOSAng">68.4293333333333</dst>
            <dst id="NYCMng">222260.258666667</dst>
            <dst id="SNVAng">80</dst>
            <dst id="STTLng">2691.84533333333</dst>
            <dst id="WASHng">98772.9173333333</dst>
        </src>
        <src id="SNVAng">
            <dst id="ATLA-M5">0</dst>
            <dst id="ATLAng">232.853333333333</dst>
            <dst id="CHINng">184.008</dst>
            <dst id="DNVRng">5969.86666666667</dst>
            <dst id="HSTNng">8567.29066666667</dst>
            <dst id="IPLSng">0</dst>
            <dst id="KSCYng">222.773333333333</dst>
            <dst id="LOSAng">34130.2053333333</dst>
            <dst id="NYCMng">4603.944</dst>
            <dst id="SNVAng">16268.3813333333</dst>
            <dst id="STTLng">46765.6533333333</dst>
            <dst id="WASHng">455.056</dst>
        </src>
        <src id="STTLng">
            <dst id="ATLA-M5">0</dst>
            <dst id="ATLAng">11071.9733333333</dst>
            <dst id="CHINng">27392.4746666667</dst>
            <dst id="DNVRng">5059.97333333333</dst>
            <dst id="HSTNng">58091.6213333333</dst>
            <dst id="IPLSng">531.992</dst>
            <dst id="KSCYng">2375.28533333333</dst>
            <dst id="LOSAng">21401.9893333333</dst>
            <dst id="NYCMng">12804.808</dst>
            <dst id="SNVAng">5520.048</dst>
            <dst id="STTLng">4874.192</dst>
            <dst id="WASHng">31099.1866666667</dst>
        </src>
        <src id="WASHng">
            <dst id="ATLA-M5">0</dst>
            <dst id="ATLAng">181110.109333333</dst>
            <dst id="CHINng">63193.536</dst>
            <dst id="DNVRng">1899.30133333333</dst>
            <dst id="HSTNng">287819.093333333</dst>
            <dst id="IPLSng">68198.8346666667</dst>
            <dst id="KSCYng">9029.21333333333</dst>
            <dst id="LOSAng">26.6666666666667</dst>
            <dst id="NYCMng">189445.386666667</dst>
            <dst id="SNVAng">270.165333333333</dst>
            <dst id="STTLng">3178.128</dst>
            <dst id="WASHng">399459.36</dst>
        </src>
    </IntraTM>
</TrafficMatrixFile>
