<?xml version="1.0" encoding="ISO-8859-1" standalone="yes"?>
<TrafficMatrixFile xsi:noNamespaceSchemaLocation="http://totem.run.montefiore.ulg.ac.be/Schema/TrafficMatrix-v1_2.xsd" xmlns:xsi="http://www.w3.org/2001/XMLSchema-instance">
    <IntraTM ASID="11537">
        <src id="ATLA-M5">
            <dst id="ATLA-M5">53.3333333333333</dst>
            <dst id="ATLAng">411.112</dst>
            <dst id="CHINng">847.458666666667</dst>
            <dst id="DNVRng">0</dst>
            <dst id="HSTNng">1729.44</dst>
            <dst id="IPLSng">800.117333333333</dst>
            <dst id="KSCYng">1491.488</dst>
            <dst id="LOSAng">0</dst>
            <dst id="NYCMng">1409.47466666667</dst>
            <dst id="SNVAng">0</dst>
            <dst id="STTLng">26.6666666666667</dst>
            <dst id="WASHng">1496.92266666667</dst>
        </src>
        <src id="ATLAng">
            <dst id="ATLA-M5">0</dst>
            <dst id="ATLAng">26794.5013333333</dst>
            <dst id="CHINng">21836.0773333333</dst>
            <dst id="DNVRng">26.6666666666667</dst>
            <dst id="HSTNng">58890.4453333333</dst>
            <dst id="IPLSng">33458.0586666667</dst>
            <dst id="KSCYng">5402.93066666667</dst>
            <dst id="LOSAng">0</dst>
            <dst id="NYCMng">25634.688</dst>
            <dst id="SNVAng">26.6666666666667</dst>
            <dst id="STTLng">442.594666666667</dst>
            <dst id="WASHng">69422.3306666667</dst>
        </src>
        <src id="CHINng">
            <dst id="ATLA-M5">0</dst>
            <dst id="ATLAng">39635.3146666667</dst>
            <dst id="CHINng">109632.106666667</dst>
            <dst id="DNVRng">28470.5013333333</dst>
            <dst id="HSTNng">139103.213333333</dst>
            <dst id="IPLSng">81887.5973333333</dst>
            <dst id="KSCYng">20248.5253333333</dst>
            <dst id="LOSAng">312.504</dst>
            <dst id="NYCMng">45026.0453333333</dst>
            <dst id="SNVAng">26.6666666666667</dst>
            <dst id="STTLng">1031.93333333333</dst>
            <dst id="WASHng">46197.9066666667</dst>
        </src>
        <src id="DNVRng">
            <dst id="ATLA-M5">0</dst>
            <dst id="ATLAng">11643.5626666667</dst>
            <dst id="CHINng">55251.216</dst>
            <dst id="DNVRng">13541.6346666667</dst>
            <dst id="HSTNng">40573.2213333333</dst>
            <dst id="IPLSng">28155.1493333333</dst>
            <dst id="KSCYng">19533.4133333333</dst>
            <dst id="LOSAng">60</dst>
            <dst id="NYCMng">23939.9733333333</dst>
            <dst id="SNVAng">14084.064</dst>
            <dst id="STTLng">3220.32</dst>
            <dst id="WASHng">52243.552</dst>
        </src>
        <src id="HSTNng">
            <dst id="ATLA-M5">0</dst>
            <dst id="ATLAng">29018.6453333333</dst>
            <dst id="CHINng">1441.28</dst>
            <dst id="DNVRng">0</dst>
            <dst id="HSTNng">175191.994666667</dst>
            <dst id="IPLSng">80</dst>
            <dst id="KSCYng">26.6666666666667</dst>
            <dst id="LOSAng">0</dst>
            <dst id="NYCMng">84502.2106666667</dst>
            <dst id="SNVAng">26.6666666666667</dst>
            <dst id="STTLng">213.333333333333</dst>
            <dst id="WASHng">128477.482666667</dst>
        </src>
        <src id="IPLSng">
            <dst id="ATLA-M5">0</dst>
            <dst id="ATLAng">30389.1866666667</dst>
            <dst id="CHINng">140828.690666667</dst>
            <dst id="DNVRng">11279.4053333333</dst>
            <dst id="HSTNng">71778.3226666667</dst>
            <dst id="IPLSng">42916.0853333333</dst>
            <dst id="KSCYng">26268.2853333333</dst>
            <dst id="LOSAng">0</dst>
            <dst id="NYCMng">68562.3866666667</dst>
            <dst id="SNVAng">122.88</dst>
            <dst id="STTLng">712.069333333333</dst>
            <dst id="WASHng">36848.576</dst>
        </src>
        <src id="KSCYng">
            <dst id="ATLA-M5">0</dst>
            <dst id="ATLAng">7303.528</dst>
            <dst id="CHINng">29014.5946666667</dst>
            <dst id="DNVRng">9335.06133333333</dst>
            <dst id="HSTNng">17030.5173333333</dst>
            <dst id="IPLSng">23387.528</dst>
            <dst id="KSCYng">7360.37866666667</dst>
            <dst id="LOSAng">0</dst>
            <dst id="NYCMng">10648.9706666667</dst>
            <dst id="SNVAng">53.3333333333333</dst>
            <dst id="STTLng">122.12</dst>
            <dst id="WASHng">20548.296</dst>
        </src>
        <src id="LOSAng">
            <dst id="ATLA-M5">0</dst>
            <dst id="ATLAng">21339.4986666667</dst>
            <dst id="CHINng">5856.18933333333</dst>
            <dst id="DNVRng">23213.296</dst>
            <dst id="HSTNng">187063.336</dst>
            <dst id="IPLSng">288.933333333333</dst>
            <dst id="KSCYng">172.085333333333</dst>
            <dst id="LOSAng">18053.7253333333</dst>
            <dst id="NYCMng">74512.2986666667</dst>
            <dst id="SNVAng">23317.7146666667</dst>
            <dst id="STTLng">43743.12</dst>
            <dst id="WASHng">105316.437333333</dst>
        </src>
        <src id="NYCMng">
            <dst id="ATLA-M5">0</dst>
            <dst id="ATLAng">43943.3866666667</dst>
            <dst id="CHINng">93524.368</dst>
            <dst id="DNVRng">37915.6586666667</dst>
            <dst id="HSTNng">159215.8</dst>
            <dst id="IPLSng">77821.3386666667</dst>
            <dst id="KSCYng">22123.5146666667</dst>
            <dst id="LOSAng">105.642666666667</dst>
            <dst id="NYCMng">224614.405333333</dst>
            <dst id="SNVAng">80</dst>
            <dst id="STTLng">5254.17866666667</dst>
            <dst id="WASHng">150075.234666667</dst>
        </src>
        <src id="SNVAng">
            <dst id="ATLA-M5">0</dst>
            <dst id="ATLAng">790.6</dst>
            <dst id="CHINng">504.234666666667</dst>
            <dst id="DNVRng">16700.3226666667</dst>
            <dst id="HSTNng">5760.49333333333</dst>
            <dst id="IPLSng">26.6666666666667</dst>
            <dst id="KSCYng">261.402666666667</dst>
            <dst id="LOSAng">39467.816</dst>
            <dst id="NYCMng">5754.36533333333</dst>
            <dst id="SNVAng">18159.8693333333</dst>
            <dst id="STTLng">55452.416</dst>
            <dst id="WASHng">1568.01066666667</dst>
        </src>
        <src id="STTLng">
            <dst id="ATLA-M5">0</dst>
            <dst id="ATLAng">13709.1866666667</dst>
            <dst id="CHINng">22075.1653333333</dst>
            <dst id="DNVRng">7884.04266666667</dst>
            <dst id="HSTNng">41805.5653333333</dst>
            <dst id="IPLSng">379.186666666667</dst>
            <dst id="KSCYng">5311.656</dst>
            <dst id="LOSAng">27823.3973333333</dst>
            <dst id="NYCMng">16955.0133333333</dst>
            <dst id="SNVAng">5809.08</dst>
            <dst id="STTLng">6038.29333333333</dst>
            <dst id="WASHng">32639.3146666667</dst>
        </src>
        <src id="WASHng">
            <dst id="ATLA-M5">0</dst>
            <dst id="ATLAng">133702.293333333</dst>
            <dst id="CHINng">98909.6053333333</dst>
            <dst id="DNVRng">2189.24533333333</dst>
            <dst id="HSTNng">331216.32</dst>
            <dst id="IPLSng">72364.3866666667</dst>
            <dst id="KSCYng">23877.0533333333</dst>
            <dst id="LOSAng">351.722666666667</dst>
            <dst id="NYCMng">232804.002666667</dst>
            <dst id="SNVAng">368.746666666667</dst>
            <dst id="STTLng">4327.80266666667</dst>
            <dst id="WASHng">308078.026666667</dst>
        </src>
    </IntraTM>
</TrafficMatrixFile>
