<?xml version="1.0" encoding="ISO-8859-1" standalone="yes"?>
<TrafficMatrixFile xsi:noNamespaceSchemaLocation="http://totem.run.montefiore.ulg.ac.be/Schema/TrafficMatrix-v1_2.xsd" xmlns:xsi="http://www.w3.org/2001/XMLSchema-instance">
    <IntraTM ASID="11537">
        <src id="ATLA-M5">
            <dst id="ATLA-M5">26.6666666666667</dst>
            <dst id="ATLAng">882.109333333334</dst>
            <dst id="CHINng">286.664</dst>
            <dst id="DNVRng">0</dst>
            <dst id="HSTNng">137.981333333333</dst>
            <dst id="IPLSng">3273.57066666667</dst>
            <dst id="KSCYng">0</dst>
            <dst id="LOSAng">0</dst>
            <dst id="NYCMng">2113.27733333333</dst>
            <dst id="SNVAng">0</dst>
            <dst id="STTLng">0</dst>
            <dst id="WASHng">1096.07466666667</dst>
        </src>
        <src id="ATLAng">
            <dst id="ATLA-M5">0</dst>
            <dst id="ATLAng">27874.832</dst>
            <dst id="CHINng">53132.0426666667</dst>
            <dst id="DNVRng">0</dst>
            <dst id="HSTNng">5664.64266666667</dst>
            <dst id="IPLSng">32798.8586666667</dst>
            <dst id="KSCYng">0</dst>
            <dst id="LOSAng">26.6666666666667</dst>
            <dst id="NYCMng">56301.5306666667</dst>
            <dst id="SNVAng">0</dst>
            <dst id="STTLng">26.6666666666667</dst>
            <dst id="WASHng">37033.7066666667</dst>
        </src>
        <src id="CHINng">
            <dst id="ATLA-M5">0</dst>
            <dst id="ATLAng">36978.7866666667</dst>
            <dst id="CHINng">44265.4746666667</dst>
            <dst id="DNVRng">0</dst>
            <dst id="HSTNng">15960.0826666667</dst>
            <dst id="IPLSng">64981.12</dst>
            <dst id="KSCYng">142.466666666667</dst>
            <dst id="LOSAng">64.8213333333333</dst>
            <dst id="NYCMng">224877.637333333</dst>
            <dst id="SNVAng">0</dst>
            <dst id="STTLng">199.237333333333</dst>
            <dst id="WASHng">38425.376</dst>
        </src>
        <src id="DNVRng">
            <dst id="ATLA-M5">0</dst>
            <dst id="ATLAng">9131.944</dst>
            <dst id="CHINng">39888.1973333333</dst>
            <dst id="DNVRng">6289.05066666667</dst>
            <dst id="HSTNng">27458.344</dst>
            <dst id="IPLSng">28384.616</dst>
            <dst id="KSCYng">11883.9786666667</dst>
            <dst id="LOSAng">0</dst>
            <dst id="NYCMng">35164.5706666667</dst>
            <dst id="SNVAng">7732.304</dst>
            <dst id="STTLng">1393.75733333333</dst>
            <dst id="WASHng">40950.984</dst>
        </src>
        <src id="HSTNng">
            <dst id="ATLA-M5">0</dst>
            <dst id="ATLAng">39099.8426666667</dst>
            <dst id="CHINng">930.117333333334</dst>
            <dst id="DNVRng">0</dst>
            <dst id="HSTNng">125031.818666667</dst>
            <dst id="IPLSng">26.6666666666667</dst>
            <dst id="KSCYng">0</dst>
            <dst id="LOSAng">0</dst>
            <dst id="NYCMng">4749.21333333333</dst>
            <dst id="SNVAng">0</dst>
            <dst id="STTLng">0</dst>
            <dst id="WASHng">119247.557333333</dst>
        </src>
        <src id="IPLSng">
            <dst id="ATLA-M5">0</dst>
            <dst id="ATLAng">15780.552</dst>
            <dst id="CHINng">118278.218666667</dst>
            <dst id="DNVRng">0</dst>
            <dst id="HSTNng">12847.976</dst>
            <dst id="IPLSng">39138.128</dst>
            <dst id="KSCYng">20279.112</dst>
            <dst id="LOSAng">0</dst>
            <dst id="NYCMng">161567.309333333</dst>
            <dst id="SNVAng">53.3333333333333</dst>
            <dst id="STTLng">53.3333333333333</dst>
            <dst id="WASHng">36834.2933333333</dst>
        </src>
        <src id="KSCYng">
            <dst id="ATLA-M5">0</dst>
            <dst id="ATLAng">3753.84</dst>
            <dst id="CHINng">19511.0426666667</dst>
            <dst id="DNVRng">17586.512</dst>
            <dst id="HSTNng">18685.0106666667</dst>
            <dst id="IPLSng">12791.3226666667</dst>
            <dst id="KSCYng">4161.44266666667</dst>
            <dst id="LOSAng">0</dst>
            <dst id="NYCMng">56948.352</dst>
            <dst id="SNVAng">0</dst>
            <dst id="STTLng">0</dst>
            <dst id="WASHng">12814.6106666667</dst>
        </src>
        <src id="LOSAng">
            <dst id="ATLA-M5">0</dst>
            <dst id="ATLAng">32602.2773333333</dst>
            <dst id="CHINng">3207.70666666667</dst>
            <dst id="DNVRng">25088.0906666667</dst>
            <dst id="HSTNng">115774.208</dst>
            <dst id="IPLSng">371.178666666667</dst>
            <dst id="KSCYng">169.421333333333</dst>
            <dst id="LOSAng">22077.928</dst>
            <dst id="NYCMng">65594.7706666666</dst>
            <dst id="SNVAng">12908.7013333333</dst>
            <dst id="STTLng">26343.9653333333</dst>
            <dst id="WASHng">99852.616</dst>
        </src>
        <src id="NYCMng">
            <dst id="ATLA-M5">0</dst>
            <dst id="ATLAng">41215.7893333333</dst>
            <dst id="CHINng">911.616</dst>
            <dst id="DNVRng">0</dst>
            <dst id="HSTNng">22114.6746666667</dst>
            <dst id="IPLSng">53.3333333333333</dst>
            <dst id="KSCYng">53.3333333333333</dst>
            <dst id="LOSAng">80</dst>
            <dst id="NYCMng">562965.333333333</dst>
            <dst id="SNVAng">53.3333333333333</dst>
            <dst id="STTLng">80</dst>
            <dst id="WASHng">90323.8533333333</dst>
        </src>
        <src id="SNVAng">
            <dst id="ATLA-M5">0</dst>
            <dst id="ATLAng">1446.94933333333</dst>
            <dst id="CHINng">423.842666666667</dst>
            <dst id="DNVRng">4290.352</dst>
            <dst id="HSTNng">5337.736</dst>
            <dst id="IPLSng">0</dst>
            <dst id="KSCYng">498.266666666667</dst>
            <dst id="LOSAng">36999.0106666667</dst>
            <dst id="NYCMng">5978.328</dst>
            <dst id="SNVAng">16824.0746666667</dst>
            <dst id="STTLng">58712.664</dst>
            <dst id="WASHng">656.405333333333</dst>
        </src>
        <src id="STTLng">
            <dst id="ATLA-M5">0</dst>
            <dst id="ATLAng">8038.336</dst>
            <dst id="CHINng">854.722666666667</dst>
            <dst id="DNVRng">6450.016</dst>
            <dst id="HSTNng">27806.28</dst>
            <dst id="IPLSng">207.552</dst>
            <dst id="KSCYng">3795.18133333333</dst>
            <dst id="LOSAng">23662.856</dst>
            <dst id="NYCMng">47600.4826666667</dst>
            <dst id="SNVAng">6193.33066666667</dst>
            <dst id="STTLng">6892.42133333333</dst>
            <dst id="WASHng">29158.8746666667</dst>
        </src>
        <src id="WASHng">
            <dst id="ATLA-M5">0</dst>
            <dst id="ATLAng">82650.064</dst>
            <dst id="CHINng">479.749333333333</dst>
            <dst id="DNVRng">0</dst>
            <dst id="HSTNng">71193.5813333333</dst>
            <dst id="IPLSng">80</dst>
            <dst id="KSCYng">0</dst>
            <dst id="LOSAng">53.3333333333333</dst>
            <dst id="NYCMng">555138.24</dst>
            <dst id="SNVAng">26.696</dst>
            <dst id="STTLng">75.336</dst>
            <dst id="WASHng">304708.64</dst>
        </src>
    </IntraTM>
</TrafficMatrixFile>
