<?xml version="1.0" encoding="ISO-8859-1" standalone="yes"?>
<TrafficMatrixFile xsi:noNamespaceSchemaLocation="http://totem.run.montefiore.ulg.ac.be/Schema/TrafficMatrix-v1_2.xsd" xmlns:xsi="http://www.w3.org/2001/XMLSchema-instance">
    <IntraTM ASID="11537">
        <src id="ATLA-M5">
            <dst id="ATLA-M5">192.466666666667</dst>
            <dst id="ATLAng">2671.312</dst>
            <dst id="CHINng">954.456</dst>
            <dst id="DNVRng">0</dst>
            <dst id="HSTNng">2273.69333333333</dst>
            <dst id="IPLSng">794.728</dst>
            <dst id="KSCYng">53.3333333333333</dst>
            <dst id="LOSAng">0</dst>
            <dst id="NYCMng">378.122666666667</dst>
            <dst id="SNVAng">0</dst>
            <dst id="STTLng">0</dst>
            <dst id="WASHng">1533.81066666667</dst>
        </src>
        <src id="ATLAng">
            <dst id="ATLA-M5">0</dst>
            <dst id="ATLAng">26654.3946666667</dst>
            <dst id="CHINng">22417.704</dst>
            <dst id="DNVRng">121.208</dst>
            <dst id="HSTNng">100941.829333333</dst>
            <dst id="IPLSng">39202.64</dst>
            <dst id="KSCYng">7479.69066666667</dst>
            <dst id="LOSAng">0</dst>
            <dst id="NYCMng">19805.624</dst>
            <dst id="SNVAng">26.6666666666667</dst>
            <dst id="STTLng">268.808</dst>
            <dst id="WASHng">57320.3173333333</dst>
        </src>
        <src id="CHINng">
            <dst id="ATLA-M5">0</dst>
            <dst id="ATLAng">38753.544</dst>
            <dst id="CHINng">107101.216</dst>
            <dst id="DNVRng">28777.712</dst>
            <dst id="HSTNng">127215.618666667</dst>
            <dst id="IPLSng">84368.6773333333</dst>
            <dst id="KSCYng">20220.064</dst>
            <dst id="LOSAng">239.264</dst>
            <dst id="NYCMng">42381.8373333333</dst>
            <dst id="SNVAng">80</dst>
            <dst id="STTLng">2092.632</dst>
            <dst id="WASHng">32816.9333333333</dst>
        </src>
        <src id="DNVRng">
            <dst id="ATLA-M5">0</dst>
            <dst id="ATLAng">12281.536</dst>
            <dst id="CHINng">47565.272</dst>
            <dst id="DNVRng">5041.82133333333</dst>
            <dst id="HSTNng">37180.3253333333</dst>
            <dst id="IPLSng">29400.024</dst>
            <dst id="KSCYng">11459.8746666667</dst>
            <dst id="LOSAng">0</dst>
            <dst id="NYCMng">21596.544</dst>
            <dst id="SNVAng">8863.90666666667</dst>
            <dst id="STTLng">1169.20533333333</dst>
            <dst id="WASHng">44202.9413333333</dst>
        </src>
        <src id="HSTNng">
            <dst id="ATLA-M5">0</dst>
            <dst id="ATLAng">42577.7466666667</dst>
            <dst id="CHINng">1557.28</dst>
            <dst id="DNVRng">80</dst>
            <dst id="HSTNng">147862.117333333</dst>
            <dst id="IPLSng">172.069333333333</dst>
            <dst id="KSCYng">0</dst>
            <dst id="LOSAng">55.6693333333333</dst>
            <dst id="NYCMng">8405.312</dst>
            <dst id="SNVAng">26.6666666666667</dst>
            <dst id="STTLng">441.904</dst>
            <dst id="WASHng">112504.434666667</dst>
        </src>
        <src id="IPLSng">
            <dst id="ATLA-M5">0</dst>
            <dst id="ATLAng">44513.4186666667</dst>
            <dst id="CHINng">125329.24</dst>
            <dst id="DNVRng">12916.9093333333</dst>
            <dst id="HSTNng">93875.968</dst>
            <dst id="IPLSng">47950.5333333333</dst>
            <dst id="KSCYng">24443.4853333333</dst>
            <dst id="LOSAng">26.6666666666667</dst>
            <dst id="NYCMng">73577.6133333333</dst>
            <dst id="SNVAng">218.245333333333</dst>
            <dst id="STTLng">445.498666666667</dst>
            <dst id="WASHng">34766.9466666667</dst>
        </src>
        <src id="KSCYng">
            <dst id="ATLA-M5">0</dst>
            <dst id="ATLAng">6571.2</dst>
            <dst id="CHINng">27506.1706666667</dst>
            <dst id="DNVRng">7692.648</dst>
            <dst id="HSTNng">18679.496</dst>
            <dst id="IPLSng">23581.8693333333</dst>
            <dst id="KSCYng">6679.82933333333</dst>
            <dst id="LOSAng">26.6666666666667</dst>
            <dst id="NYCMng">10785.9466666667</dst>
            <dst id="SNVAng">0</dst>
            <dst id="STTLng">150.346666666667</dst>
            <dst id="WASHng">16466.0506666667</dst>
        </src>
        <src id="LOSAng">
            <dst id="ATLA-M5">0</dst>
            <dst id="ATLAng">35321.5066666667</dst>
            <dst id="CHINng">4209.632</dst>
            <dst id="DNVRng">14779.664</dst>
            <dst id="HSTNng">183749.856</dst>
            <dst id="IPLSng">197.984</dst>
            <dst id="KSCYng">169.208</dst>
            <dst id="LOSAng">15274.9946666667</dst>
            <dst id="NYCMng">73668.2293333334</dst>
            <dst id="SNVAng">17448.7573333333</dst>
            <dst id="STTLng">31309.336</dst>
            <dst id="WASHng">101536.248</dst>
        </src>
        <src id="NYCMng">
            <dst id="ATLA-M5">0</dst>
            <dst id="ATLAng">40505.4906666667</dst>
            <dst id="CHINng">94895.0453333333</dst>
            <dst id="DNVRng">44858.7546666667</dst>
            <dst id="HSTNng">158364.954666667</dst>
            <dst id="IPLSng">87770.5546666666</dst>
            <dst id="KSCYng">24377.0666666667</dst>
            <dst id="LOSAng">745.010666666667</dst>
            <dst id="NYCMng">258885.864</dst>
            <dst id="SNVAng">26.6666666666667</dst>
            <dst id="STTLng">5596.78133333333</dst>
            <dst id="WASHng">153939.146666667</dst>
        </src>
        <src id="SNVAng">
            <dst id="ATLA-M5">0</dst>
            <dst id="ATLAng">1898.49333333333</dst>
            <dst id="CHINng">573.730666666667</dst>
            <dst id="DNVRng">19790.4426666667</dst>
            <dst id="HSTNng">6670.12266666667</dst>
            <dst id="IPLSng">0</dst>
            <dst id="KSCYng">593.682666666666</dst>
            <dst id="LOSAng">37240.6533333333</dst>
            <dst id="NYCMng">6500.17066666667</dst>
            <dst id="SNVAng">15782.3493333333</dst>
            <dst id="STTLng">52135.2986666667</dst>
            <dst id="WASHng">1363.25866666667</dst>
        </src>
        <src id="STTLng">
            <dst id="ATLA-M5">0</dst>
            <dst id="ATLAng">12216.8746666667</dst>
            <dst id="CHINng">22261.392</dst>
            <dst id="DNVRng">6371.008</dst>
            <dst id="HSTNng">41868.8053333333</dst>
            <dst id="IPLSng">339.266666666667</dst>
            <dst id="KSCYng">6436.59466666667</dst>
            <dst id="LOSAng">26482.6826666667</dst>
            <dst id="NYCMng">17580.952</dst>
            <dst id="SNVAng">6407.6</dst>
            <dst id="STTLng">1627.76266666667</dst>
            <dst id="WASHng">32718.24</dst>
        </src>
        <src id="WASHng">
            <dst id="ATLA-M5">0</dst>
            <dst id="ATLAng">128176.541333333</dst>
            <dst id="CHINng">82180.8586666667</dst>
            <dst id="DNVRng">5323.58666666667</dst>
            <dst id="HSTNng">333620.026666667</dst>
            <dst id="IPLSng">76912.3813333333</dst>
            <dst id="KSCYng">12834.9946666667</dst>
            <dst id="LOSAng">458.336</dst>
            <dst id="NYCMng">221553.658666667</dst>
            <dst id="SNVAng">240.6</dst>
            <dst id="STTLng">4425.984</dst>
            <dst id="WASHng">319462.666666667</dst>
        </src>
    </IntraTM>
</TrafficMatrixFile>
