<?xml version="1.0" encoding="ISO-8859-1" standalone="yes"?>
<TrafficMatrixFile xsi:noNamespaceSchemaLocation="http://totem.run.montefiore.ulg.ac.be/Schema/TrafficMatrix-v1_2.xsd" xmlns:xsi="http://www.w3.org/2001/XMLSchema-instance">
    <IntraTM ASID="11537">
        <src id="ATLA-M5">
            <dst id="ATLA-M5">43.288</dst>
            <dst id="ATLAng">126.912</dst>
            <dst id="CHINng">1735.096</dst>
            <dst id="DNVRng">0</dst>
            <dst id="HSTNng">2849.14666666667</dst>
            <dst id="IPLSng">2110.144</dst>
            <dst id="KSCYng">0</dst>
            <dst id="LOSAng">0</dst>
            <dst id="NYCMng">1694.648</dst>
            <dst id="SNVAng">0</dst>
            <dst id="STTLng">0</dst>
            <dst id="WASHng">1016.71466666667</dst>
        </src>
        <src id="ATLAng">
            <dst id="ATLA-M5">0</dst>
            <dst id="ATLAng">42972.5386666667</dst>
            <dst id="CHINng">49963.7493333333</dst>
            <dst id="DNVRng">0</dst>
            <dst id="HSTNng">16062.584</dst>
            <dst id="IPLSng">29841.368</dst>
            <dst id="KSCYng">69.1893333333333</dst>
            <dst id="LOSAng">53.3333333333333</dst>
            <dst id="NYCMng">54649.6506666667</dst>
            <dst id="SNVAng">32.336</dst>
            <dst id="STTLng">0</dst>
            <dst id="WASHng">42479.3573333333</dst>
        </src>
        <src id="CHINng">
            <dst id="ATLA-M5">0</dst>
            <dst id="ATLAng">24625.5413333333</dst>
            <dst id="CHINng">42739.6693333333</dst>
            <dst id="DNVRng">0</dst>
            <dst id="HSTNng">17780.5306666667</dst>
            <dst id="IPLSng">59051.7226666667</dst>
            <dst id="KSCYng">199.570666666667</dst>
            <dst id="LOSAng">129.461333333333</dst>
            <dst id="NYCMng">208133.706666667</dst>
            <dst id="SNVAng">53.3333333333333</dst>
            <dst id="STTLng">142.378666666667</dst>
            <dst id="WASHng">52902.92</dst>
        </src>
        <src id="DNVRng">
            <dst id="ATLA-M5">0</dst>
            <dst id="ATLAng">7396.04533333333</dst>
            <dst id="CHINng">98768.288</dst>
            <dst id="DNVRng">13487.7813333333</dst>
            <dst id="HSTNng">59860.3573333333</dst>
            <dst id="IPLSng">30407.5733333333</dst>
            <dst id="KSCYng">21511.904</dst>
            <dst id="LOSAng">0</dst>
            <dst id="NYCMng">34525.3093333333</dst>
            <dst id="SNVAng">18290.6506666667</dst>
            <dst id="STTLng">1203.09866666667</dst>
            <dst id="WASHng">44527.064</dst>
        </src>
        <src id="HSTNng">
            <dst id="ATLA-M5">0</dst>
            <dst id="ATLAng">30864.3946666667</dst>
            <dst id="CHINng">744.904</dst>
            <dst id="DNVRng">26.6666666666667</dst>
            <dst id="HSTNng">132828.744</dst>
            <dst id="IPLSng">34.1226666666667</dst>
            <dst id="KSCYng">0</dst>
            <dst id="LOSAng">0</dst>
            <dst id="NYCMng">6535.58933333333</dst>
            <dst id="SNVAng">26.6666666666667</dst>
            <dst id="STTLng">26.6666666666667</dst>
            <dst id="WASHng">140559.402666667</dst>
        </src>
        <src id="IPLSng">
            <dst id="ATLA-M5">0</dst>
            <dst id="ATLAng">12655.3066666667</dst>
            <dst id="CHINng">114777.242666667</dst>
            <dst id="DNVRng">0</dst>
            <dst id="HSTNng">10026.0826666667</dst>
            <dst id="IPLSng">43233.8666666667</dst>
            <dst id="KSCYng">23804.2373333333</dst>
            <dst id="LOSAng">28.2986666666667</dst>
            <dst id="NYCMng">244079.778666667</dst>
            <dst id="SNVAng">80</dst>
            <dst id="STTLng">0</dst>
            <dst id="WASHng">33146.2</dst>
        </src>
        <src id="KSCYng">
            <dst id="ATLA-M5">0</dst>
            <dst id="ATLAng">4089.44266666667</dst>
            <dst id="CHINng">24657.2773333333</dst>
            <dst id="DNVRng">16251.2853333333</dst>
            <dst id="HSTNng">16241.6986666667</dst>
            <dst id="IPLSng">10099.4106666667</dst>
            <dst id="KSCYng">8586.94133333333</dst>
            <dst id="LOSAng">0</dst>
            <dst id="NYCMng">59894.208</dst>
            <dst id="SNVAng">26.6666666666667</dst>
            <dst id="STTLng">0</dst>
            <dst id="WASHng">13611.928</dst>
        </src>
        <src id="LOSAng">
            <dst id="ATLA-M5">0</dst>
            <dst id="ATLAng">20092.2826666667</dst>
            <dst id="CHINng">2238.67466666667</dst>
            <dst id="DNVRng">27319.9946666667</dst>
            <dst id="HSTNng">107753.552</dst>
            <dst id="IPLSng">2429.10133333333</dst>
            <dst id="KSCYng">161.677333333333</dst>
            <dst id="LOSAng">14985.1013333333</dst>
            <dst id="NYCMng">66382.5813333333</dst>
            <dst id="SNVAng">9867.624</dst>
            <dst id="STTLng">25340.9786666667</dst>
            <dst id="WASHng">118454.064</dst>
        </src>
        <src id="NYCMng">
            <dst id="ATLA-M5">0</dst>
            <dst id="ATLAng">39598.9413333333</dst>
            <dst id="CHINng">2055.856</dst>
            <dst id="DNVRng">0</dst>
            <dst id="HSTNng">23502.176</dst>
            <dst id="IPLSng">151.650666666667</dst>
            <dst id="KSCYng">339.317333333333</dst>
            <dst id="LOSAng">81.3253333333333</dst>
            <dst id="NYCMng">532773.626666667</dst>
            <dst id="SNVAng">53.3333333333333</dst>
            <dst id="STTLng">422.914666666667</dst>
            <dst id="WASHng">87653.688</dst>
        </src>
        <src id="SNVAng">
            <dst id="ATLA-M5">0</dst>
            <dst id="ATLAng">1036.19733333333</dst>
            <dst id="CHINng">0</dst>
            <dst id="DNVRng">8714.8</dst>
            <dst id="HSTNng">5525.64533333333</dst>
            <dst id="IPLSng">0</dst>
            <dst id="KSCYng">292.445333333333</dst>
            <dst id="LOSAng">38186.3626666667</dst>
            <dst id="NYCMng">7360.20266666667</dst>
            <dst id="SNVAng">16640.888</dst>
            <dst id="STTLng">53682.3973333333</dst>
            <dst id="WASHng">846.826666666667</dst>
        </src>
        <src id="STTLng">
            <dst id="ATLA-M5">0</dst>
            <dst id="ATLAng">8723.8</dst>
            <dst id="CHINng">1101.54133333333</dst>
            <dst id="DNVRng">5671.90666666667</dst>
            <dst id="HSTNng">24674.7866666667</dst>
            <dst id="IPLSng">328.229333333333</dst>
            <dst id="KSCYng">3561.13866666667</dst>
            <dst id="LOSAng">25721.9946666667</dst>
            <dst id="NYCMng">53308.9333333333</dst>
            <dst id="SNVAng">8650.24266666667</dst>
            <dst id="STTLng">9217.456</dst>
            <dst id="WASHng">32362.8213333333</dst>
        </src>
        <src id="WASHng">
            <dst id="ATLA-M5">0</dst>
            <dst id="ATLAng">131692.938666667</dst>
            <dst id="CHINng">643.253333333333</dst>
            <dst id="DNVRng">0</dst>
            <dst id="HSTNng">79512.4213333333</dst>
            <dst id="IPLSng">198.784</dst>
            <dst id="KSCYng">53.3333333333333</dst>
            <dst id="LOSAng">53.3333333333333</dst>
            <dst id="NYCMng">646078.746666667</dst>
            <dst id="SNVAng">0</dst>
            <dst id="STTLng">151.424</dst>
            <dst id="WASHng">283112.586666667</dst>
        </src>
    </IntraTM>
</TrafficMatrixFile>
