<?xml version="1.0" encoding="ISO-8859-1" standalone="yes"?>
<TrafficMatrixFile xsi:noNamespaceSchemaLocation="http://totem.run.montefiore.ulg.ac.be/Schema/TrafficMatrix-v1_2.xsd" xmlns:xsi="http://www.w3.org/2001/XMLSchema-instance">
    <IntraTM ASID="11537">
        <src id="ATLA-M5">
            <dst id="ATLA-M5">1657.88</dst>
            <dst id="ATLAng">1110.17333333333</dst>
            <dst id="CHINng">1064.30133333333</dst>
            <dst id="DNVRng">0</dst>
            <dst id="HSTNng">142.853333333333</dst>
            <dst id="IPLSng">184.290666666667</dst>
            <dst id="KSCYng">0</dst>
            <dst id="LOSAng">0</dst>
            <dst id="NYCMng">973.317333333334</dst>
            <dst id="SNVAng">0</dst>
            <dst id="STTLng">0</dst>
            <dst id="WASHng">3352.128</dst>
        </src>
        <src id="ATLAng">
            <dst id="ATLA-M5">0</dst>
            <dst id="ATLAng">31369.7973333333</dst>
            <dst id="CHINng">25977.4106666667</dst>
            <dst id="DNVRng">0</dst>
            <dst id="HSTNng">3320.04533333333</dst>
            <dst id="IPLSng">28808.3626666667</dst>
            <dst id="KSCYng">26.6666666666667</dst>
            <dst id="LOSAng">0</dst>
            <dst id="NYCMng">37035.4533333333</dst>
            <dst id="SNVAng">137.429333333333</dst>
            <dst id="STTLng">53.3333333333333</dst>
            <dst id="WASHng">43984.5386666667</dst>
        </src>
        <src id="CHINng">
            <dst id="ATLA-M5">0</dst>
            <dst id="ATLAng">33906.784</dst>
            <dst id="CHINng">37605.5733333333</dst>
            <dst id="DNVRng">0</dst>
            <dst id="HSTNng">11590.72</dst>
            <dst id="IPLSng">43123.2933333333</dst>
            <dst id="KSCYng">105.76</dst>
            <dst id="LOSAng">26.6666666666667</dst>
            <dst id="NYCMng">175823.405333333</dst>
            <dst id="SNVAng">0</dst>
            <dst id="STTLng">1876</dst>
            <dst id="WASHng">36989.12</dst>
        </src>
        <src id="DNVRng">
            <dst id="ATLA-M5">0</dst>
            <dst id="ATLAng">7878.592</dst>
            <dst id="CHINng">30974.6186666667</dst>
            <dst id="DNVRng">12076.0106666667</dst>
            <dst id="HSTNng">36976.864</dst>
            <dst id="IPLSng">24428.0586666667</dst>
            <dst id="KSCYng">16834.6426666667</dst>
            <dst id="LOSAng">0</dst>
            <dst id="NYCMng">32904.9573333333</dst>
            <dst id="SNVAng">12709.0293333333</dst>
            <dst id="STTLng">2021.65066666667</dst>
            <dst id="WASHng">40292.1573333333</dst>
        </src>
        <src id="HSTNng">
            <dst id="ATLA-M5">0</dst>
            <dst id="ATLAng">33955.8986666667</dst>
            <dst id="CHINng">1074.27733333333</dst>
            <dst id="DNVRng">0</dst>
            <dst id="HSTNng">145785.589333333</dst>
            <dst id="IPLSng">143.434666666667</dst>
            <dst id="KSCYng">0</dst>
            <dst id="LOSAng">0</dst>
            <dst id="NYCMng">4460.656</dst>
            <dst id="SNVAng">53.3333333333333</dst>
            <dst id="STTLng">0</dst>
            <dst id="WASHng">97535.7013333333</dst>
        </src>
        <src id="IPLSng">
            <dst id="ATLA-M5">0</dst>
            <dst id="ATLAng">11885.6746666667</dst>
            <dst id="CHINng">76392.5066666667</dst>
            <dst id="DNVRng">0</dst>
            <dst id="HSTNng">24493.5066666667</dst>
            <dst id="IPLSng">25104.8293333333</dst>
            <dst id="KSCYng">18997.2266666667</dst>
            <dst id="LOSAng">26.6666666666667</dst>
            <dst id="NYCMng">165698.802666667</dst>
            <dst id="SNVAng">53.3333333333333</dst>
            <dst id="STTLng">80</dst>
            <dst id="WASHng">28191.8</dst>
        </src>
        <src id="KSCYng">
            <dst id="ATLA-M5">0</dst>
            <dst id="ATLAng">6738.15733333333</dst>
            <dst id="CHINng">14400.3413333333</dst>
            <dst id="DNVRng">8016.65866666667</dst>
            <dst id="HSTNng">11077.824</dst>
            <dst id="IPLSng">24501.0986666667</dst>
            <dst id="KSCYng">10765.9253333333</dst>
            <dst id="LOSAng">0</dst>
            <dst id="NYCMng">15243.5973333333</dst>
            <dst id="SNVAng">0</dst>
            <dst id="STTLng">0</dst>
            <dst id="WASHng">7529.44</dst>
        </src>
        <src id="LOSAng">
            <dst id="ATLA-M5">0</dst>
            <dst id="ATLAng">25480.056</dst>
            <dst id="CHINng">3839.60533333333</dst>
            <dst id="DNVRng">12176.5546666667</dst>
            <dst id="HSTNng">110309.074666667</dst>
            <dst id="IPLSng">542.693333333333</dst>
            <dst id="KSCYng">162.093333333333</dst>
            <dst id="LOSAng">15511.304</dst>
            <dst id="NYCMng">83450.6</dst>
            <dst id="SNVAng">9119.256</dst>
            <dst id="STTLng">16245.6266666667</dst>
            <dst id="WASHng">82155.1946666667</dst>
        </src>
        <src id="NYCMng">
            <dst id="ATLA-M5">0</dst>
            <dst id="ATLAng">32954.32</dst>
            <dst id="CHINng">2101.41333333333</dst>
            <dst id="DNVRng">0</dst>
            <dst id="HSTNng">13735.8213333333</dst>
            <dst id="IPLSng">55.1893333333333</dst>
            <dst id="KSCYng">133.328</dst>
            <dst id="LOSAng">53.3333333333333</dst>
            <dst id="NYCMng">408807.226666667</dst>
            <dst id="SNVAng">57.72</dst>
            <dst id="STTLng">782.944</dst>
            <dst id="WASHng">87955.296</dst>
        </src>
        <src id="SNVAng">
            <dst id="ATLA-M5">0</dst>
            <dst id="ATLAng">1110.25066666667</dst>
            <dst id="CHINng">26.6666666666667</dst>
            <dst id="DNVRng">11691.16</dst>
            <dst id="HSTNng">3495.19733333333</dst>
            <dst id="IPLSng">72.112</dst>
            <dst id="KSCYng">252.664</dst>
            <dst id="LOSAng">33610.2746666667</dst>
            <dst id="NYCMng">16555.3653333333</dst>
            <dst id="SNVAng">13589.5306666667</dst>
            <dst id="STTLng">48567.5226666667</dst>
            <dst id="WASHng">541.712</dst>
        </src>
        <src id="STTLng">
            <dst id="ATLA-M5">0</dst>
            <dst id="ATLAng">7022.12266666667</dst>
            <dst id="CHINng">552.621333333333</dst>
            <dst id="DNVRng">5569.13066666667</dst>
            <dst id="HSTNng">15836.7466666667</dst>
            <dst id="IPLSng">268.392</dst>
            <dst id="KSCYng">5220.31466666667</dst>
            <dst id="LOSAng">12852.3733333333</dst>
            <dst id="NYCMng">46096.832</dst>
            <dst id="SNVAng">6320.07466666667</dst>
            <dst id="STTLng">4842.664</dst>
            <dst id="WASHng">29798.3306666667</dst>
        </src>
        <src id="WASHng">
            <dst id="ATLA-M5">0</dst>
            <dst id="ATLAng">120307.458666667</dst>
            <dst id="CHINng">873.008</dst>
            <dst id="DNVRng">0</dst>
            <dst id="HSTNng">82589.808</dst>
            <dst id="IPLSng">277.312</dst>
            <dst id="KSCYng">274.016</dst>
            <dst id="LOSAng">0</dst>
            <dst id="NYCMng">508352.32</dst>
            <dst id="SNVAng">187.277333333333</dst>
            <dst id="STTLng">53.3333333333333</dst>
            <dst id="WASHng">320774.506666667</dst>
        </src>
    </IntraTM>
</TrafficMatrixFile>
