<?xml version="1.0" encoding="ISO-8859-1" standalone="yes"?>
<TrafficMatrixFile xsi:noNamespaceSchemaLocation="http://totem.run.montefiore.ulg.ac.be/Schema/TrafficMatrix-v1_2.xsd" xmlns:xsi="http://www.w3.org/2001/XMLSchema-instance">
    <IntraTM ASID="11537">
        <src id="ATLA-M5">
            <dst id="ATLA-M5">159.626666666667</dst>
            <dst id="ATLAng">626.162666666667</dst>
            <dst id="CHINng">1221.19466666667</dst>
            <dst id="DNVRng">26.6666666666667</dst>
            <dst id="HSTNng">1299.248</dst>
            <dst id="IPLSng">1390.01333333333</dst>
            <dst id="KSCYng">611.922666666667</dst>
            <dst id="LOSAng">26.6666666666667</dst>
            <dst id="NYCMng">2091.64533333333</dst>
            <dst id="SNVAng">26.6666666666667</dst>
            <dst id="STTLng">0</dst>
            <dst id="WASHng">3920.46133333333</dst>
        </src>
        <src id="ATLAng">
            <dst id="ATLA-M5">0</dst>
            <dst id="ATLAng">43266.096</dst>
            <dst id="CHINng">53568.5893333333</dst>
            <dst id="DNVRng">218.690666666667</dst>
            <dst id="HSTNng">79748.488</dst>
            <dst id="IPLSng">105609.296</dst>
            <dst id="KSCYng">8212.26133333333</dst>
            <dst id="LOSAng">78.9653333333333</dst>
            <dst id="NYCMng">27893.5653333333</dst>
            <dst id="SNVAng">1354.23466666667</dst>
            <dst id="STTLng">261.568</dst>
            <dst id="WASHng">98282.5173333334</dst>
        </src>
        <src id="CHINng">
            <dst id="ATLA-M5">0</dst>
            <dst id="ATLAng">26795.6106666667</dst>
            <dst id="CHINng">123978.301333333</dst>
            <dst id="DNVRng">31614.6773333333</dst>
            <dst id="HSTNng">98561.168</dst>
            <dst id="IPLSng">82052.2506666666</dst>
            <dst id="KSCYng">20153.848</dst>
            <dst id="LOSAng">181.909333333333</dst>
            <dst id="NYCMng">40864.2426666667</dst>
            <dst id="SNVAng">152.746666666667</dst>
            <dst id="STTLng">1156.14133333333</dst>
            <dst id="WASHng">58819.9466666667</dst>
        </src>
        <src id="DNVRng">
            <dst id="ATLA-M5">0</dst>
            <dst id="ATLAng">9705.05866666667</dst>
            <dst id="CHINng">76948.152</dst>
            <dst id="DNVRng">22593.9626666667</dst>
            <dst id="HSTNng">44540.4506666667</dst>
            <dst id="IPLSng">45390.5413333333</dst>
            <dst id="KSCYng">24324.4666666667</dst>
            <dst id="LOSAng">133.333333333333</dst>
            <dst id="NYCMng">23526.3333333333</dst>
            <dst id="SNVAng">25260.3813333333</dst>
            <dst id="STTLng">344.701333333333</dst>
            <dst id="WASHng">57808.792</dst>
        </src>
        <src id="HSTNng">
            <dst id="ATLA-M5">0</dst>
            <dst id="ATLAng">34972.0186666667</dst>
            <dst id="CHINng">3784.70666666667</dst>
            <dst id="DNVRng">279</dst>
            <dst id="HSTNng">178518.56</dst>
            <dst id="IPLSng">158.365333333333</dst>
            <dst id="KSCYng">26.6666666666667</dst>
            <dst id="LOSAng">0</dst>
            <dst id="NYCMng">11658.6853333333</dst>
            <dst id="SNVAng">80</dst>
            <dst id="STTLng">53.3333333333333</dst>
            <dst id="WASHng">127087.949333333</dst>
        </src>
        <src id="IPLSng">
            <dst id="ATLA-M5">0</dst>
            <dst id="ATLAng">105230.736</dst>
            <dst id="CHINng">143003.456</dst>
            <dst id="DNVRng">25291.832</dst>
            <dst id="HSTNng">123144.154666667</dst>
            <dst id="IPLSng">61422.2773333333</dst>
            <dst id="KSCYng">31315.72</dst>
            <dst id="LOSAng">287.058666666667</dst>
            <dst id="NYCMng">54429.648</dst>
            <dst id="SNVAng">5368.09066666667</dst>
            <dst id="STTLng">201.962666666667</dst>
            <dst id="WASHng">41726.2933333333</dst>
        </src>
        <src id="KSCYng">
            <dst id="ATLA-M5">0</dst>
            <dst id="ATLAng">8352.184</dst>
            <dst id="CHINng">58095.8826666667</dst>
            <dst id="DNVRng">23306.664</dst>
            <dst id="HSTNng">16997.3306666667</dst>
            <dst id="IPLSng">29957.4293333333</dst>
            <dst id="KSCYng">6518.88</dst>
            <dst id="LOSAng">26.6666666666667</dst>
            <dst id="NYCMng">16484.064</dst>
            <dst id="SNVAng">312.712</dst>
            <dst id="STTLng">160.12</dst>
            <dst id="WASHng">14494.6586666667</dst>
        </src>
        <src id="LOSAng">
            <dst id="ATLA-M5">0</dst>
            <dst id="ATLAng">28411.6053333333</dst>
            <dst id="CHINng">14879.6426666667</dst>
            <dst id="DNVRng">16929.2186666667</dst>
            <dst id="HSTNng">389720.106666667</dst>
            <dst id="IPLSng">1503.94133333333</dst>
            <dst id="KSCYng">689.250666666667</dst>
            <dst id="LOSAng">16714.0293333333</dst>
            <dst id="NYCMng">74108.4746666667</dst>
            <dst id="SNVAng">19191.6906666667</dst>
            <dst id="STTLng">24682.0853333333</dst>
            <dst id="WASHng">112879.954666667</dst>
        </src>
        <src id="NYCMng">
            <dst id="ATLA-M5">0</dst>
            <dst id="ATLAng">68340.344</dst>
            <dst id="CHINng">94595.6106666667</dst>
            <dst id="DNVRng">51256.7466666667</dst>
            <dst id="HSTNng">151457.888</dst>
            <dst id="IPLSng">102569.101333333</dst>
            <dst id="KSCYng">30489.9173333333</dst>
            <dst id="LOSAng">161.522666666667</dst>
            <dst id="NYCMng">240017.912</dst>
            <dst id="SNVAng">268.578666666667</dst>
            <dst id="STTLng">1726.216</dst>
            <dst id="WASHng">217704.557333333</dst>
        </src>
        <src id="SNVAng">
            <dst id="ATLA-M5">0</dst>
            <dst id="ATLAng">2114.29866666667</dst>
            <dst id="CHINng">2705.84266666667</dst>
            <dst id="DNVRng">20809.9093333333</dst>
            <dst id="HSTNng">16970.9493333333</dst>
            <dst id="IPLSng">38.5973333333333</dst>
            <dst id="KSCYng">903.314666666667</dst>
            <dst id="LOSAng">29782.4266666667</dst>
            <dst id="NYCMng">10871.2346666667</dst>
            <dst id="SNVAng">16183.1733333333</dst>
            <dst id="STTLng">59498.432</dst>
            <dst id="WASHng">3058.98933333333</dst>
        </src>
        <src id="STTLng">
            <dst id="ATLA-M5">0</dst>
            <dst id="ATLAng">17414.064</dst>
            <dst id="CHINng">24006.312</dst>
            <dst id="DNVRng">12659.7466666667</dst>
            <dst id="HSTNng">66664.4346666667</dst>
            <dst id="IPLSng">840.778666666667</dst>
            <dst id="KSCYng">7435.992</dst>
            <dst id="LOSAng">26992.1866666667</dst>
            <dst id="NYCMng">31405.2026666667</dst>
            <dst id="SNVAng">13397.9893333333</dst>
            <dst id="STTLng">1761.27733333333</dst>
            <dst id="WASHng">43883.824</dst>
        </src>
        <src id="WASHng">
            <dst id="ATLA-M5">0</dst>
            <dst id="ATLAng">116252.645333333</dst>
            <dst id="CHINng">108391.762666667</dst>
            <dst id="DNVRng">6027.50933333333</dst>
            <dst id="HSTNng">347943.706666667</dst>
            <dst id="IPLSng">66575.8213333333</dst>
            <dst id="KSCYng">26767.5466666667</dst>
            <dst id="LOSAng">237.946666666667</dst>
            <dst id="NYCMng">216240.810666667</dst>
            <dst id="SNVAng">709.954666666667</dst>
            <dst id="STTLng">4962.86133333333</dst>
            <dst id="WASHng">361022.346666667</dst>
        </src>
    </IntraTM>
</TrafficMatrixFile>
