<?xml version="1.0" encoding="ISO-8859-1" standalone="yes"?>
<TrafficMatrixFile xsi:noNamespaceSchemaLocation="http://totem.run.montefiore.ulg.ac.be/Schema/TrafficMatrix-v1_2.xsd" xmlns:xsi="http://www.w3.org/2001/XMLSchema-instance">
    <IntraTM ASID="11537">
        <src id="ATLA-M5">
            <dst id="ATLA-M5">81.6293333333333</dst>
            <dst id="ATLAng">1115.21066666667</dst>
            <dst id="CHINng">1253.88533333333</dst>
            <dst id="DNVRng">0</dst>
            <dst id="HSTNng">1043.24266666667</dst>
            <dst id="IPLSng">541.869333333333</dst>
            <dst id="KSCYng">611.386666666667</dst>
            <dst id="LOSAng">0</dst>
            <dst id="NYCMng">1019.19466666667</dst>
            <dst id="SNVAng">53.3333333333333</dst>
            <dst id="STTLng">0</dst>
            <dst id="WASHng">974.957333333333</dst>
        </src>
        <src id="ATLAng">
            <dst id="ATLA-M5">0</dst>
            <dst id="ATLAng">44761.784</dst>
            <dst id="CHINng">46535.3813333333</dst>
            <dst id="DNVRng">221.349333333333</dst>
            <dst id="HSTNng">94032.6666666667</dst>
            <dst id="IPLSng">97842.232</dst>
            <dst id="KSCYng">6362.696</dst>
            <dst id="LOSAng">95.0906666666667</dst>
            <dst id="NYCMng">17907.6506666667</dst>
            <dst id="SNVAng">892.749333333333</dst>
            <dst id="STTLng">232.976</dst>
            <dst id="WASHng">96547.8906666667</dst>
        </src>
        <src id="CHINng">
            <dst id="ATLA-M5">0</dst>
            <dst id="ATLAng">29606.504</dst>
            <dst id="CHINng">119498.954666667</dst>
            <dst id="DNVRng">23616.5306666667</dst>
            <dst id="HSTNng">98174.8773333333</dst>
            <dst id="IPLSng">100584.749333333</dst>
            <dst id="KSCYng">20604.784</dst>
            <dst id="LOSAng">144.330666666667</dst>
            <dst id="NYCMng">42488.248</dst>
            <dst id="SNVAng">261.4</dst>
            <dst id="STTLng">863.648</dst>
            <dst id="WASHng">56533.1333333333</dst>
        </src>
        <src id="DNVRng">
            <dst id="ATLA-M5">0</dst>
            <dst id="ATLAng">11806.3146666667</dst>
            <dst id="CHINng">75109.6666666667</dst>
            <dst id="DNVRng">28548.8266666667</dst>
            <dst id="HSTNng">66352.4106666667</dst>
            <dst id="IPLSng">53664.0666666667</dst>
            <dst id="KSCYng">38093.5413333333</dst>
            <dst id="LOSAng">61.4746666666667</dst>
            <dst id="NYCMng">21537.4933333333</dst>
            <dst id="SNVAng">18309.9813333333</dst>
            <dst id="STTLng">290.328</dst>
            <dst id="WASHng">56709.5893333333</dst>
        </src>
        <src id="HSTNng">
            <dst id="ATLA-M5">0</dst>
            <dst id="ATLAng">32254.64</dst>
            <dst id="CHINng">3815.41066666667</dst>
            <dst id="DNVRng">126.456</dst>
            <dst id="HSTNng">172869.368</dst>
            <dst id="IPLSng">26.6666666666667</dst>
            <dst id="KSCYng">53.3333333333333</dst>
            <dst id="LOSAng">0</dst>
            <dst id="NYCMng">10150.304</dst>
            <dst id="SNVAng">128.898666666667</dst>
            <dst id="STTLng">30.5706666666667</dst>
            <dst id="WASHng">121830.024</dst>
        </src>
        <src id="IPLSng">
            <dst id="ATLA-M5">0</dst>
            <dst id="ATLAng">93233.1466666667</dst>
            <dst id="CHINng">166521.528</dst>
            <dst id="DNVRng">26403.0426666667</dst>
            <dst id="HSTNng">139484.037333333</dst>
            <dst id="IPLSng">91749.448</dst>
            <dst id="KSCYng">25973.376</dst>
            <dst id="LOSAng">269.373333333333</dst>
            <dst id="NYCMng">57227.5706666667</dst>
            <dst id="SNVAng">6239.784</dst>
            <dst id="STTLng">469.784</dst>
            <dst id="WASHng">54786.56</dst>
        </src>
        <src id="KSCYng">
            <dst id="ATLA-M5">0</dst>
            <dst id="ATLAng">9216.84533333333</dst>
            <dst id="CHINng">41885.0106666667</dst>
            <dst id="DNVRng">11127.3146666667</dst>
            <dst id="HSTNng">21734.512</dst>
            <dst id="IPLSng">29153.3546666667</dst>
            <dst id="KSCYng">10783.624</dst>
            <dst id="LOSAng">26.6666666666667</dst>
            <dst id="NYCMng">10592.7786666667</dst>
            <dst id="SNVAng">111.298666666667</dst>
            <dst id="STTLng">144.453333333333</dst>
            <dst id="WASHng">12489.3306666667</dst>
        </src>
        <src id="LOSAng">
            <dst id="ATLA-M5">0</dst>
            <dst id="ATLAng">23016.544</dst>
            <dst id="CHINng">6086.4</dst>
            <dst id="DNVRng">22590.7493333333</dst>
            <dst id="HSTNng">151110.416</dst>
            <dst id="IPLSng">1237.34666666667</dst>
            <dst id="KSCYng">672.058666666667</dst>
            <dst id="LOSAng">14749.4053333333</dst>
            <dst id="NYCMng">61706.0266666667</dst>
            <dst id="SNVAng">24225.4853333333</dst>
            <dst id="STTLng">23598.68</dst>
            <dst id="WASHng">105534.570666667</dst>
        </src>
        <src id="NYCMng">
            <dst id="ATLA-M5">0</dst>
            <dst id="ATLAng">65779.2373333333</dst>
            <dst id="CHINng">85205.464</dst>
            <dst id="DNVRng">40891.2453333333</dst>
            <dst id="HSTNng">145738.282666667</dst>
            <dst id="IPLSng">107524.573333333</dst>
            <dst id="KSCYng">27562.448</dst>
            <dst id="LOSAng">242.96</dst>
            <dst id="NYCMng">258490.026666667</dst>
            <dst id="SNVAng">333.581333333333</dst>
            <dst id="STTLng">1995.18933333333</dst>
            <dst id="WASHng">198301.872</dst>
        </src>
        <src id="SNVAng">
            <dst id="ATLA-M5">0</dst>
            <dst id="ATLAng">814.418666666667</dst>
            <dst id="CHINng">3804.71733333333</dst>
            <dst id="DNVRng">4218.50133333333</dst>
            <dst id="HSTNng">9876.976</dst>
            <dst id="IPLSng">2134.21866666667</dst>
            <dst id="KSCYng">645.506666666667</dst>
            <dst id="LOSAng">49058.7013333333</dst>
            <dst id="NYCMng">8192.65333333333</dst>
            <dst id="SNVAng">13104.6506666667</dst>
            <dst id="STTLng">54694.7893333333</dst>
            <dst id="WASHng">3438.19733333333</dst>
        </src>
        <src id="STTLng">
            <dst id="ATLA-M5">0</dst>
            <dst id="ATLAng">17241.488</dst>
            <dst id="CHINng">24195.2533333333</dst>
            <dst id="DNVRng">14951.2266666667</dst>
            <dst id="HSTNng">60678.4693333333</dst>
            <dst id="IPLSng">1043.8</dst>
            <dst id="KSCYng">6244.42133333333</dst>
            <dst id="LOSAng">23984.4426666667</dst>
            <dst id="NYCMng">15386.68</dst>
            <dst id="SNVAng">13080.2293333333</dst>
            <dst id="STTLng">6442.08</dst>
            <dst id="WASHng">45235.0213333333</dst>
        </src>
        <src id="WASHng">
            <dst id="ATLA-M5">0</dst>
            <dst id="ATLAng">116178.152</dst>
            <dst id="CHINng">124384.370666667</dst>
            <dst id="DNVRng">10616.4533333333</dst>
            <dst id="HSTNng">358985.84</dst>
            <dst id="IPLSng">98247.496</dst>
            <dst id="KSCYng">30474.8906666667</dst>
            <dst id="LOSAng">263.373333333333</dst>
            <dst id="NYCMng">220354.389333333</dst>
            <dst id="SNVAng">998.829333333333</dst>
            <dst id="STTLng">7215.88533333333</dst>
            <dst id="WASHng">374458.16</dst>
        </src>
    </IntraTM>
</TrafficMatrixFile>
