<?xml version="1.0" encoding="ISO-8859-1" standalone="yes"?>
<TrafficMatrixFile xsi:noNamespaceSchemaLocation="http://totem.run.montefiore.ulg.ac.be/Schema/TrafficMatrix-v1_2.xsd" xmlns:xsi="http://www.w3.org/2001/XMLSchema-instance">
    <IntraTM ASID="11537">
        <src id="ATLA-M5">
            <dst id="ATLA-M5">0</dst>
            <dst id="ATLAng">313.933333333333</dst>
            <dst id="CHINng">1369.19466666667</dst>
            <dst id="DNVRng">0</dst>
            <dst id="HSTNng">155.082666666667</dst>
            <dst id="IPLSng">491.589333333333</dst>
            <dst id="KSCYng">0</dst>
            <dst id="LOSAng">0</dst>
            <dst id="NYCMng">1845.73333333333</dst>
            <dst id="SNVAng">0</dst>
            <dst id="STTLng">0</dst>
            <dst id="WASHng">2108.096</dst>
        </src>
        <src id="ATLAng">
            <dst id="ATLA-M5">0</dst>
            <dst id="ATLAng">28406.9386666667</dst>
            <dst id="CHINng">60980.6133333333</dst>
            <dst id="DNVRng">0</dst>
            <dst id="HSTNng">13634.736</dst>
            <dst id="IPLSng">26686.1466666667</dst>
            <dst id="KSCYng">0</dst>
            <dst id="LOSAng">132.509333333333</dst>
            <dst id="NYCMng">68500.464</dst>
            <dst id="SNVAng">134.144</dst>
            <dst id="STTLng">26.6666666666667</dst>
            <dst id="WASHng">45817.4186666667</dst>
        </src>
        <src id="CHINng">
            <dst id="ATLA-M5">0</dst>
            <dst id="ATLAng">35057.7253333333</dst>
            <dst id="CHINng">43695.9146666667</dst>
            <dst id="DNVRng">0</dst>
            <dst id="HSTNng">21136.6933333333</dst>
            <dst id="IPLSng">60957.1306666667</dst>
            <dst id="KSCYng">213.365333333333</dst>
            <dst id="LOSAng">178.125333333333</dst>
            <dst id="NYCMng">231021.296</dst>
            <dst id="SNVAng">26.6666666666667</dst>
            <dst id="STTLng">79.1866666666667</dst>
            <dst id="WASHng">33141.664</dst>
        </src>
        <src id="DNVRng">
            <dst id="ATLA-M5">0</dst>
            <dst id="ATLAng">7643.51466666667</dst>
            <dst id="CHINng">45267.464</dst>
            <dst id="DNVRng">4696.94666666667</dst>
            <dst id="HSTNng">75087.6053333333</dst>
            <dst id="IPLSng">30015.0906666667</dst>
            <dst id="KSCYng">11484.2773333333</dst>
            <dst id="LOSAng">0</dst>
            <dst id="NYCMng">32882.368</dst>
            <dst id="SNVAng">13501.9626666667</dst>
            <dst id="STTLng">80</dst>
            <dst id="WASHng">45937.8</dst>
        </src>
        <src id="HSTNng">
            <dst id="ATLA-M5">0</dst>
            <dst id="ATLAng">48189.5413333333</dst>
            <dst id="CHINng">1698.456</dst>
            <dst id="DNVRng">300.968</dst>
            <dst id="HSTNng">147231.333333333</dst>
            <dst id="IPLSng">125.354666666667</dst>
            <dst id="KSCYng">26.6666666666667</dst>
            <dst id="LOSAng">0</dst>
            <dst id="NYCMng">6513.88533333333</dst>
            <dst id="SNVAng">0</dst>
            <dst id="STTLng">194.645333333333</dst>
            <dst id="WASHng">129173.186666667</dst>
        </src>
        <src id="IPLSng">
            <dst id="ATLA-M5">0</dst>
            <dst id="ATLAng">17670.8213333333</dst>
            <dst id="CHINng">89209.1733333333</dst>
            <dst id="DNVRng">0</dst>
            <dst id="HSTNng">16616.4026666667</dst>
            <dst id="IPLSng">22721.1013333333</dst>
            <dst id="KSCYng">21625.432</dst>
            <dst id="LOSAng">441.653333333333</dst>
            <dst id="NYCMng">186347.258666667</dst>
            <dst id="SNVAng">86.3733333333333</dst>
            <dst id="STTLng">895.792</dst>
            <dst id="WASHng">26772.976</dst>
        </src>
        <src id="KSCYng">
            <dst id="ATLA-M5">0</dst>
            <dst id="ATLAng">9610.83466666667</dst>
            <dst id="CHINng">21374.0666666667</dst>
            <dst id="DNVRng">18981.2933333333</dst>
            <dst id="HSTNng">19385.032</dst>
            <dst id="IPLSng">10984.816</dst>
            <dst id="KSCYng">8641.04</dst>
            <dst id="LOSAng">0</dst>
            <dst id="NYCMng">27765.8693333333</dst>
            <dst id="SNVAng">26.6666666666667</dst>
            <dst id="STTLng">26.6666666666667</dst>
            <dst id="WASHng">14175.3013333333</dst>
        </src>
        <src id="LOSAng">
            <dst id="ATLA-M5">0</dst>
            <dst id="ATLAng">41470.256</dst>
            <dst id="CHINng">4280.93066666667</dst>
            <dst id="DNVRng">26029.2</dst>
            <dst id="HSTNng">133918.218666667</dst>
            <dst id="IPLSng">602.408</dst>
            <dst id="KSCYng">675.490666666667</dst>
            <dst id="LOSAng">14119.1733333333</dst>
            <dst id="NYCMng">84531</dst>
            <dst id="SNVAng">13787.2773333333</dst>
            <dst id="STTLng">19600.264</dst>
            <dst id="WASHng">105183.042666667</dst>
        </src>
        <src id="NYCMng">
            <dst id="ATLA-M5">0</dst>
            <dst id="ATLAng">38854.336</dst>
            <dst id="CHINng">591.656</dst>
            <dst id="DNVRng">0</dst>
            <dst id="HSTNng">26549.768</dst>
            <dst id="IPLSng">194.442666666667</dst>
            <dst id="KSCYng">111.186666666667</dst>
            <dst id="LOSAng">149.018666666667</dst>
            <dst id="NYCMng">994705.706666667</dst>
            <dst id="SNVAng">80</dst>
            <dst id="STTLng">85.496</dst>
            <dst id="WASHng">315092.48</dst>
        </src>
        <src id="SNVAng">
            <dst id="ATLA-M5">0</dst>
            <dst id="ATLAng">1461.76266666667</dst>
            <dst id="CHINng">654.133333333333</dst>
            <dst id="DNVRng">2060.768</dst>
            <dst id="HSTNng">5145.24533333333</dst>
            <dst id="IPLSng">0</dst>
            <dst id="KSCYng">1014.18666666667</dst>
            <dst id="LOSAng">36509.5226666667</dst>
            <dst id="NYCMng">6785.112</dst>
            <dst id="SNVAng">15916.968</dst>
            <dst id="STTLng">57929.2906666667</dst>
            <dst id="WASHng">1952.54666666667</dst>
        </src>
        <src id="STTLng">
            <dst id="ATLA-M5">0</dst>
            <dst id="ATLAng">13679.664</dst>
            <dst id="CHINng">1472.904</dst>
            <dst id="DNVRng">8172.59733333333</dst>
            <dst id="HSTNng">24782.392</dst>
            <dst id="IPLSng">303.309333333333</dst>
            <dst id="KSCYng">5825.456</dst>
            <dst id="LOSAng">36279.312</dst>
            <dst id="NYCMng">47441.5093333333</dst>
            <dst id="SNVAng">7924.936</dst>
            <dst id="STTLng">2363.34666666667</dst>
            <dst id="WASHng">36639.1866666667</dst>
        </src>
        <src id="WASHng">
            <dst id="ATLA-M5">0</dst>
            <dst id="ATLAng">178957.357333333</dst>
            <dst id="CHINng">1138.08533333333</dst>
            <dst id="DNVRng">0</dst>
            <dst id="HSTNng">85424.6453333333</dst>
            <dst id="IPLSng">137.474666666667</dst>
            <dst id="KSCYng">80</dst>
            <dst id="LOSAng">618.605333333333</dst>
            <dst id="NYCMng">624197.413333334</dst>
            <dst id="SNVAng">132.416</dst>
            <dst id="STTLng">165.933333333333</dst>
            <dst id="WASHng">273504.266666667</dst>
        </src>
    </IntraTM>
</TrafficMatrixFile>
