<?xml version="1.0" encoding="ISO-8859-1" standalone="yes"?>
<TrafficMatrixFile xsi:noNamespaceSchemaLocation="http://totem.run.montefiore.ulg.ac.be/Schema/TrafficMatrix-v1_2.xsd" xmlns:xsi="http://www.w3.org/2001/XMLSchema-instance">
    <IntraTM ASID="11537">
        <src id="ATLA-M5">
            <dst id="ATLA-M5">1544.136</dst>
            <dst id="ATLAng">2252.336</dst>
            <dst id="CHINng">708.066666666667</dst>
            <dst id="DNVRng">0</dst>
            <dst id="HSTNng">106.666666666667</dst>
            <dst id="IPLSng">148.008</dst>
            <dst id="KSCYng">26.6666666666667</dst>
            <dst id="LOSAng">0</dst>
            <dst id="NYCMng">712.941333333333</dst>
            <dst id="SNVAng">0</dst>
            <dst id="STTLng">0</dst>
            <dst id="WASHng">2437.64533333333</dst>
        </src>
        <src id="ATLAng">
            <dst id="ATLA-M5">0</dst>
            <dst id="ATLAng">30124.6133333333</dst>
            <dst id="CHINng">23655.6826666667</dst>
            <dst id="DNVRng">0</dst>
            <dst id="HSTNng">3078.52</dst>
            <dst id="IPLSng">28528.2426666667</dst>
            <dst id="KSCYng">26.6666666666667</dst>
            <dst id="LOSAng">0</dst>
            <dst id="NYCMng">32166.5813333333</dst>
            <dst id="SNVAng">92.9706666666667</dst>
            <dst id="STTLng">0</dst>
            <dst id="WASHng">40982.352</dst>
        </src>
        <src id="CHINng">
            <dst id="ATLA-M5">0</dst>
            <dst id="ATLAng">19170.24</dst>
            <dst id="CHINng">26203.3866666667</dst>
            <dst id="DNVRng">0</dst>
            <dst id="HSTNng">12257.4293333333</dst>
            <dst id="IPLSng">47526.552</dst>
            <dst id="KSCYng">80</dst>
            <dst id="LOSAng">0</dst>
            <dst id="NYCMng">164056.109333333</dst>
            <dst id="SNVAng">26.6666666666667</dst>
            <dst id="STTLng">988.202666666667</dst>
            <dst id="WASHng">32245</dst>
        </src>
        <src id="DNVRng">
            <dst id="ATLA-M5">0</dst>
            <dst id="ATLAng">6891.88266666667</dst>
            <dst id="CHINng">33827.424</dst>
            <dst id="DNVRng">14509.3493333333</dst>
            <dst id="HSTNng">33399.6106666667</dst>
            <dst id="IPLSng">25358.0906666667</dst>
            <dst id="KSCYng">20093.7253333333</dst>
            <dst id="LOSAng">0</dst>
            <dst id="NYCMng">36399.384</dst>
            <dst id="SNVAng">12760.872</dst>
            <dst id="STTLng">2353.19466666667</dst>
            <dst id="WASHng">41939.2613333333</dst>
        </src>
        <src id="HSTNng">
            <dst id="ATLA-M5">0</dst>
            <dst id="ATLAng">47067.296</dst>
            <dst id="CHINng">2521.016</dst>
            <dst id="DNVRng">0</dst>
            <dst id="HSTNng">100570.029333333</dst>
            <dst id="IPLSng">26.6666666666667</dst>
            <dst id="KSCYng">26.6666666666667</dst>
            <dst id="LOSAng">0</dst>
            <dst id="NYCMng">4210.08</dst>
            <dst id="SNVAng">26.6666666666667</dst>
            <dst id="STTLng">0</dst>
            <dst id="WASHng">82979.3866666667</dst>
        </src>
        <src id="IPLSng">
            <dst id="ATLA-M5">0</dst>
            <dst id="ATLAng">22879.0826666667</dst>
            <dst id="CHINng">75221.5786666667</dst>
            <dst id="DNVRng">0</dst>
            <dst id="HSTNng">10074.784</dst>
            <dst id="IPLSng">31571.0026666667</dst>
            <dst id="KSCYng">23672.1493333333</dst>
            <dst id="LOSAng">26.6666666666667</dst>
            <dst id="NYCMng">135447.792</dst>
            <dst id="SNVAng">0</dst>
            <dst id="STTLng">89.04</dst>
            <dst id="WASHng">28248.352</dst>
        </src>
        <src id="KSCYng">
            <dst id="ATLA-M5">0</dst>
            <dst id="ATLAng">7264.904</dst>
            <dst id="CHINng">13610.8506666667</dst>
            <dst id="DNVRng">8145.32266666667</dst>
            <dst id="HSTNng">10091.7226666667</dst>
            <dst id="IPLSng">24655.92</dst>
            <dst id="KSCYng">10585.1306666667</dst>
            <dst id="LOSAng">0</dst>
            <dst id="NYCMng">21941.7413333333</dst>
            <dst id="SNVAng">80</dst>
            <dst id="STTLng">0</dst>
            <dst id="WASHng">11123.488</dst>
        </src>
        <src id="LOSAng">
            <dst id="ATLA-M5">0</dst>
            <dst id="ATLAng">44796.064</dst>
            <dst id="CHINng">2345.208</dst>
            <dst id="DNVRng">12270.5413333333</dst>
            <dst id="HSTNng">105987.576</dst>
            <dst id="IPLSng">700.042666666667</dst>
            <dst id="KSCYng">164.197333333333</dst>
            <dst id="LOSAng">23257.7893333333</dst>
            <dst id="NYCMng">77529.72</dst>
            <dst id="SNVAng">15545.728</dst>
            <dst id="STTLng">18731.4613333333</dst>
            <dst id="WASHng">67514.632</dst>
        </src>
        <src id="NYCMng">
            <dst id="ATLA-M5">0</dst>
            <dst id="ATLAng">28835.1973333333</dst>
            <dst id="CHINng">2921.944</dst>
            <dst id="DNVRng">0</dst>
            <dst id="HSTNng">11984.896</dst>
            <dst id="IPLSng">26.6666666666667</dst>
            <dst id="KSCYng">137.706666666667</dst>
            <dst id="LOSAng">211.613333333333</dst>
            <dst id="NYCMng">450681.093333333</dst>
            <dst id="SNVAng">80</dst>
            <dst id="STTLng">660.069333333333</dst>
            <dst id="WASHng">112553.858666667</dst>
        </src>
        <src id="SNVAng">
            <dst id="ATLA-M5">0</dst>
            <dst id="ATLAng">402.970666666667</dst>
            <dst id="CHINng">53.3333333333333</dst>
            <dst id="DNVRng">5179.04533333333</dst>
            <dst id="HSTNng">3110.92266666667</dst>
            <dst id="IPLSng">0</dst>
            <dst id="KSCYng">283.613333333333</dst>
            <dst id="LOSAng">33075.344</dst>
            <dst id="NYCMng">5487.81866666667</dst>
            <dst id="SNVAng">16162.7866666667</dst>
            <dst id="STTLng">51959.264</dst>
            <dst id="WASHng">378.453333333333</dst>
        </src>
        <src id="STTLng">
            <dst id="ATLA-M5">0</dst>
            <dst id="ATLAng">6866.15733333333</dst>
            <dst id="CHINng">523.098666666667</dst>
            <dst id="DNVRng">5113.07733333333</dst>
            <dst id="HSTNng">13323.5493333333</dst>
            <dst id="IPLSng">182.624</dst>
            <dst id="KSCYng">4477.792</dst>
            <dst id="LOSAng">13888.4373333333</dst>
            <dst id="NYCMng">43161.456</dst>
            <dst id="SNVAng">6608.632</dst>
            <dst id="STTLng">6028.864</dst>
            <dst id="WASHng">31927.2666666667</dst>
        </src>
        <src id="WASHng">
            <dst id="ATLA-M5">0</dst>
            <dst id="ATLAng">146162.44</dst>
            <dst id="CHINng">748.592</dst>
            <dst id="DNVRng">0</dst>
            <dst id="HSTNng">74015.2773333333</dst>
            <dst id="IPLSng">88.968</dst>
            <dst id="KSCYng">80</dst>
            <dst id="LOSAng">0</dst>
            <dst id="NYCMng">484218.293333333</dst>
            <dst id="SNVAng">53.6346666666667</dst>
            <dst id="STTLng">53.3333333333333</dst>
            <dst id="WASHng">268269.066666667</dst>
        </src>
    </IntraTM>
</TrafficMatrixFile>
