<?xml version="1.0" encoding="ISO-8859-1" standalone="yes"?>
<TrafficMatrixFile xsi:noNamespaceSchemaLocation="http://totem.run.montefiore.ulg.ac.be/Schema/TrafficMatrix-v1_2.xsd" xmlns:xsi="http://www.w3.org/2001/XMLSchema-instance">
    <IntraTM ASID="11537">
        <src id="ATLA-M5">
            <dst id="ATLA-M5">0</dst>
            <dst id="ATLAng">131.082666666667</dst>
            <dst id="CHINng">512.568</dst>
            <dst id="DNVRng">0</dst>
            <dst id="HSTNng">1645.58666666667</dst>
            <dst id="IPLSng">198.557333333333</dst>
            <dst id="KSCYng">69.7173333333333</dst>
            <dst id="LOSAng">0</dst>
            <dst id="NYCMng">2151.69866666667</dst>
            <dst id="SNVAng">0</dst>
            <dst id="STTLng">0</dst>
            <dst id="WASHng">2450.65066666667</dst>
        </src>
        <src id="ATLAng">
            <dst id="ATLA-M5">0</dst>
            <dst id="ATLAng">21297.2426666667</dst>
            <dst id="CHINng">12961.1653333333</dst>
            <dst id="DNVRng">53.3333333333333</dst>
            <dst id="HSTNng">38707.0933333333</dst>
            <dst id="IPLSng">32003.4693333333</dst>
            <dst id="KSCYng">6936.4</dst>
            <dst id="LOSAng">0</dst>
            <dst id="NYCMng">23505.8</dst>
            <dst id="SNVAng">26.6666666666667</dst>
            <dst id="STTLng">184.202666666667</dst>
            <dst id="WASHng">78607.8293333333</dst>
        </src>
        <src id="CHINng">
            <dst id="ATLA-M5">0</dst>
            <dst id="ATLAng">33467.232</dst>
            <dst id="CHINng">147639.298666667</dst>
            <dst id="DNVRng">27138.496</dst>
            <dst id="HSTNng">113101.408</dst>
            <dst id="IPLSng">57935.0346666667</dst>
            <dst id="KSCYng">15303.6853333333</dst>
            <dst id="LOSAng">481.154666666667</dst>
            <dst id="NYCMng">25759.824</dst>
            <dst id="SNVAng">0</dst>
            <dst id="STTLng">2823.28533333333</dst>
            <dst id="WASHng">33050.6266666667</dst>
        </src>
        <src id="DNVRng">
            <dst id="ATLA-M5">0</dst>
            <dst id="ATLAng">7137.4</dst>
            <dst id="CHINng">72047.88</dst>
            <dst id="DNVRng">13708.064</dst>
            <dst id="HSTNng">54954.632</dst>
            <dst id="IPLSng">24311.0693333333</dst>
            <dst id="KSCYng">24432.9813333333</dst>
            <dst id="LOSAng">0</dst>
            <dst id="NYCMng">29883.176</dst>
            <dst id="SNVAng">13919.6293333333</dst>
            <dst id="STTLng">0</dst>
            <dst id="WASHng">33442.9626666667</dst>
        </src>
        <src id="HSTNng">
            <dst id="ATLA-M5">0</dst>
            <dst id="ATLAng">19341.368</dst>
            <dst id="CHINng">1665.96266666667</dst>
            <dst id="DNVRng">0</dst>
            <dst id="HSTNng">180177.221333333</dst>
            <dst id="IPLSng">129.101333333333</dst>
            <dst id="KSCYng">0</dst>
            <dst id="LOSAng">0</dst>
            <dst id="NYCMng">6168.472</dst>
            <dst id="SNVAng">26.6666666666667</dst>
            <dst id="STTLng">80</dst>
            <dst id="WASHng">91862.7573333333</dst>
        </src>
        <src id="IPLSng">
            <dst id="ATLA-M5">0</dst>
            <dst id="ATLAng">18044.184</dst>
            <dst id="CHINng">156052.130666667</dst>
            <dst id="DNVRng">11309.3226666667</dst>
            <dst id="HSTNng">61794.152</dst>
            <dst id="IPLSng">30608.512</dst>
            <dst id="KSCYng">23385.2186666667</dst>
            <dst id="LOSAng">44</dst>
            <dst id="NYCMng">37349.0613333333</dst>
            <dst id="SNVAng">111.389333333333</dst>
            <dst id="STTLng">181.952</dst>
            <dst id="WASHng">25905.6053333333</dst>
        </src>
        <src id="KSCYng">
            <dst id="ATLA-M5">0</dst>
            <dst id="ATLAng">4443.656</dst>
            <dst id="CHINng">37482.0426666667</dst>
            <dst id="DNVRng">8228.56266666667</dst>
            <dst id="HSTNng">20383.1093333333</dst>
            <dst id="IPLSng">21334.264</dst>
            <dst id="KSCYng">7756.04266666667</dst>
            <dst id="LOSAng">0</dst>
            <dst id="NYCMng">10264.1146666667</dst>
            <dst id="SNVAng">80</dst>
            <dst id="STTLng">130.373333333333</dst>
            <dst id="WASHng">11020.1866666667</dst>
        </src>
        <src id="LOSAng">
            <dst id="ATLA-M5">0</dst>
            <dst id="ATLAng">12747.7173333333</dst>
            <dst id="CHINng">12931.7173333333</dst>
            <dst id="DNVRng">6866.88266666667</dst>
            <dst id="HSTNng">195990.074666667</dst>
            <dst id="IPLSng">120.650666666667</dst>
            <dst id="KSCYng">343.554666666667</dst>
            <dst id="LOSAng">25552.6213333333</dst>
            <dst id="NYCMng">51991.248</dst>
            <dst id="SNVAng">13709.5573333333</dst>
            <dst id="STTLng">33811.232</dst>
            <dst id="WASHng">81827.656</dst>
        </src>
        <src id="NYCMng">
            <dst id="ATLA-M5">0</dst>
            <dst id="ATLAng">27016.512</dst>
            <dst id="CHINng">72908.3146666667</dst>
            <dst id="DNVRng">43164.616</dst>
            <dst id="HSTNng">129534.261333333</dst>
            <dst id="IPLSng">55156.4586666667</dst>
            <dst id="KSCYng">14962.2586666667</dst>
            <dst id="LOSAng">250.133333333333</dst>
            <dst id="NYCMng">225542.653333333</dst>
            <dst id="SNVAng">80</dst>
            <dst id="STTLng">5089.696</dst>
            <dst id="WASHng">94362.1706666666</dst>
        </src>
        <src id="SNVAng">
            <dst id="ATLA-M5">0</dst>
            <dst id="ATLAng">272.309333333333</dst>
            <dst id="CHINng">719.618666666667</dst>
            <dst id="DNVRng">3636.13866666667</dst>
            <dst id="HSTNng">6346.36266666667</dst>
            <dst id="IPLSng">0</dst>
            <dst id="KSCYng">531.106666666667</dst>
            <dst id="LOSAng">32781.6186666667</dst>
            <dst id="NYCMng">4740.528</dst>
            <dst id="SNVAng">13123.4453333333</dst>
            <dst id="STTLng">55961.3893333333</dst>
            <dst id="WASHng">502.650666666667</dst>
        </src>
        <src id="STTLng">
            <dst id="ATLA-M5">0</dst>
            <dst id="ATLAng">9587.70933333333</dst>
            <dst id="CHINng">24111.7066666667</dst>
            <dst id="DNVRng">3982.23733333333</dst>
            <dst id="HSTNng">44616.6693333333</dst>
            <dst id="IPLSng">262.181333333333</dst>
            <dst id="KSCYng">2358.776</dst>
            <dst id="LOSAng">22813.76</dst>
            <dst id="NYCMng">16863.1653333333</dst>
            <dst id="SNVAng">6460.16266666667</dst>
            <dst id="STTLng">7151.07466666667</dst>
            <dst id="WASHng">26686.232</dst>
        </src>
        <src id="WASHng">
            <dst id="ATLA-M5">0</dst>
            <dst id="ATLAng">130270.736</dst>
            <dst id="CHINng">96644.3493333333</dst>
            <dst id="DNVRng">2519.23733333333</dst>
            <dst id="HSTNng">301406.053333333</dst>
            <dst id="IPLSng">66603.32</dst>
            <dst id="KSCYng">28514.5333333333</dst>
            <dst id="LOSAng">135.344</dst>
            <dst id="NYCMng">153905.301333333</dst>
            <dst id="SNVAng">232.6</dst>
            <dst id="STTLng">6034.97333333333</dst>
            <dst id="WASHng">452233.893333333</dst>
        </src>
    </IntraTM>
</TrafficMatrixFile>
