<?xml version="1.0" encoding="ISO-8859-1" standalone="yes"?>
<TrafficMatrixFile xsi:noNamespaceSchemaLocation="http://totem.run.montefiore.ulg.ac.be/Schema/TrafficMatrix-v1_2.xsd" xmlns:xsi="http://www.w3.org/2001/XMLSchema-instance">
    <IntraTM ASID="11537">
        <src id="ATLA-M5">
            <dst id="ATLA-M5">80</dst>
            <dst id="ATLAng">715.656</dst>
            <dst id="CHINng">2256.336</dst>
            <dst id="DNVRng">0</dst>
            <dst id="HSTNng">1592.28</dst>
            <dst id="IPLSng">627.176</dst>
            <dst id="KSCYng">262.048</dst>
            <dst id="LOSAng">0</dst>
            <dst id="NYCMng">656.538666666667</dst>
            <dst id="SNVAng">0</dst>
            <dst id="STTLng">98.304</dst>
            <dst id="WASHng">842.554666666667</dst>
        </src>
        <src id="ATLAng">
            <dst id="ATLA-M5">0</dst>
            <dst id="ATLAng">40900.0106666667</dst>
            <dst id="CHINng">25878.92</dst>
            <dst id="DNVRng">160.170666666667</dst>
            <dst id="HSTNng">41013.312</dst>
            <dst id="IPLSng">38021.064</dst>
            <dst id="KSCYng">8769.088</dst>
            <dst id="LOSAng">42.6453333333333</dst>
            <dst id="NYCMng">21705.0693333333</dst>
            <dst id="SNVAng">26.6666666666667</dst>
            <dst id="STTLng">245.04</dst>
            <dst id="WASHng">51955.112</dst>
        </src>
        <src id="CHINng">
            <dst id="ATLA-M5">0</dst>
            <dst id="ATLAng">36601.1706666667</dst>
            <dst id="CHINng">108762.922666667</dst>
            <dst id="DNVRng">21992.08</dst>
            <dst id="HSTNng">129620.117333333</dst>
            <dst id="IPLSng">86532.256</dst>
            <dst id="KSCYng">22807.8613333333</dst>
            <dst id="LOSAng">409.112</dst>
            <dst id="NYCMng">42114.056</dst>
            <dst id="SNVAng">0</dst>
            <dst id="STTLng">935.074666666667</dst>
            <dst id="WASHng">41574.5733333333</dst>
        </src>
        <src id="DNVRng">
            <dst id="ATLA-M5">0</dst>
            <dst id="ATLAng">10725.6106666667</dst>
            <dst id="CHINng">50669.056</dst>
            <dst id="DNVRng">9869.58666666667</dst>
            <dst id="HSTNng">44028.488</dst>
            <dst id="IPLSng">30556.3253333333</dst>
            <dst id="KSCYng">19745.2506666667</dst>
            <dst id="LOSAng">0</dst>
            <dst id="NYCMng">22178.072</dst>
            <dst id="SNVAng">10940.2266666667</dst>
            <dst id="STTLng">1237.41866666667</dst>
            <dst id="WASHng">47177.9146666667</dst>
        </src>
        <src id="HSTNng">
            <dst id="ATLA-M5">0</dst>
            <dst id="ATLAng">31469.5013333333</dst>
            <dst id="CHINng">1946.464</dst>
            <dst id="DNVRng">106.666666666667</dst>
            <dst id="HSTNng">150821.002666667</dst>
            <dst id="IPLSng">57.7626666666667</dst>
            <dst id="KSCYng">0</dst>
            <dst id="LOSAng">0</dst>
            <dst id="NYCMng">9457.88266666667</dst>
            <dst id="SNVAng">53.3333333333333</dst>
            <dst id="STTLng">135.578666666667</dst>
            <dst id="WASHng">117883.464</dst>
        </src>
        <src id="IPLSng">
            <dst id="ATLA-M5">0</dst>
            <dst id="ATLAng">34652.4026666667</dst>
            <dst id="CHINng">130797.08</dst>
            <dst id="DNVRng">13539.6826666667</dst>
            <dst id="HSTNng">52733.4</dst>
            <dst id="IPLSng">46228.7493333333</dst>
            <dst id="KSCYng">22368.3946666667</dst>
            <dst id="LOSAng">26.6666666666667</dst>
            <dst id="NYCMng">67418.8213333333</dst>
            <dst id="SNVAng">356.592</dst>
            <dst id="STTLng">635.781333333333</dst>
            <dst id="WASHng">38430.1493333333</dst>
        </src>
        <src id="KSCYng">
            <dst id="ATLA-M5">0</dst>
            <dst id="ATLAng">7737.08533333333</dst>
            <dst id="CHINng">30948.7306666667</dst>
            <dst id="DNVRng">7448.24533333334</dst>
            <dst id="HSTNng">19966.0586666667</dst>
            <dst id="IPLSng">23141.3786666667</dst>
            <dst id="KSCYng">6971.01066666667</dst>
            <dst id="LOSAng">0</dst>
            <dst id="NYCMng">10495.232</dst>
            <dst id="SNVAng">26.6666666666667</dst>
            <dst id="STTLng">53.3333333333333</dst>
            <dst id="WASHng">16109.9733333333</dst>
        </src>
        <src id="LOSAng">
            <dst id="ATLA-M5">0</dst>
            <dst id="ATLAng">23501.472</dst>
            <dst id="CHINng">8357.368</dst>
            <dst id="DNVRng">18502.5466666667</dst>
            <dst id="HSTNng">181230.773333333</dst>
            <dst id="IPLSng">369.474666666667</dst>
            <dst id="KSCYng">196.021333333333</dst>
            <dst id="LOSAng">16133.8106666667</dst>
            <dst id="NYCMng">77025.6826666667</dst>
            <dst id="SNVAng">17081.7733333333</dst>
            <dst id="STTLng">31229.848</dst>
            <dst id="WASHng">106822.677333333</dst>
        </src>
        <src id="NYCMng">
            <dst id="ATLA-M5">0</dst>
            <dst id="ATLAng">34887.024</dst>
            <dst id="CHINng">95187.68</dst>
            <dst id="DNVRng">47847.496</dst>
            <dst id="HSTNng">156700.856</dst>
            <dst id="IPLSng">86141.4186666667</dst>
            <dst id="KSCYng">32137.5733333333</dst>
            <dst id="LOSAng">462.013333333333</dst>
            <dst id="NYCMng">250877.36</dst>
            <dst id="SNVAng">53.3333333333333</dst>
            <dst id="STTLng">5767.63466666667</dst>
            <dst id="WASHng">151804.154666667</dst>
        </src>
        <src id="SNVAng">
            <dst id="ATLA-M5">0</dst>
            <dst id="ATLAng">1744.68</dst>
            <dst id="CHINng">541.386666666667</dst>
            <dst id="DNVRng">19949.3573333333</dst>
            <dst id="HSTNng">17002.704</dst>
            <dst id="IPLSng">32.1013333333333</dst>
            <dst id="KSCYng">1109.11466666667</dst>
            <dst id="LOSAng">37899.8853333333</dst>
            <dst id="NYCMng">6256.09333333333</dst>
            <dst id="SNVAng">18040.4906666667</dst>
            <dst id="STTLng">48202.1946666667</dst>
            <dst id="WASHng">1111.592</dst>
        </src>
        <src id="STTLng">
            <dst id="ATLA-M5">0</dst>
            <dst id="ATLAng">11391.7226666667</dst>
            <dst id="CHINng">22867.7306666667</dst>
            <dst id="DNVRng">7075.26666666667</dst>
            <dst id="HSTNng">44815.5493333333</dst>
            <dst id="IPLSng">332.469333333333</dst>
            <dst id="KSCYng">5714.62666666667</dst>
            <dst id="LOSAng">26738.4693333333</dst>
            <dst id="NYCMng">16540.7066666667</dst>
            <dst id="SNVAng">6735.216</dst>
            <dst id="STTLng">4243.94666666667</dst>
            <dst id="WASHng">32017.3386666667</dst>
        </src>
        <src id="WASHng">
            <dst id="ATLA-M5">0</dst>
            <dst id="ATLAng">129792.722666667</dst>
            <dst id="CHINng">91983.3653333333</dst>
            <dst id="DNVRng">2422.69333333333</dst>
            <dst id="HSTNng">323579.706666667</dst>
            <dst id="IPLSng">90185.592</dst>
            <dst id="KSCYng">13456.3813333333</dst>
            <dst id="LOSAng">291.858666666667</dst>
            <dst id="NYCMng">237725.229333333</dst>
            <dst id="SNVAng">377.797333333333</dst>
            <dst id="STTLng">4581.33066666667</dst>
            <dst id="WASHng">297439.226666667</dst>
        </src>
    </IntraTM>
</TrafficMatrixFile>
