<?xml version="1.0" encoding="ISO-8859-1" standalone="yes"?>
<TrafficMatrixFile xsi:noNamespaceSchemaLocation="http://totem.run.montefiore.ulg.ac.be/Schema/TrafficMatrix-v1_2.xsd" xmlns:xsi="http://www.w3.org/2001/XMLSchema-instance">
    <IntraTM ASID="11537">
        <src id="ATLA-M5">
            <dst id="ATLA-M5">62.3706666666667</dst>
            <dst id="ATLAng">314.194666666667</dst>
            <dst id="CHINng">264.104</dst>
            <dst id="DNVRng">0</dst>
            <dst id="HSTNng">1312.56533333333</dst>
            <dst id="IPLSng">2065.58133333333</dst>
            <dst id="KSCYng">1941.23733333333</dst>
            <dst id="LOSAng">0</dst>
            <dst id="NYCMng">1209.84533333333</dst>
            <dst id="SNVAng">0</dst>
            <dst id="STTLng">0</dst>
            <dst id="WASHng">806.568</dst>
        </src>
        <src id="ATLAng">
            <dst id="ATLA-M5">0</dst>
            <dst id="ATLAng">34504.112</dst>
            <dst id="CHINng">21110.8666666667</dst>
            <dst id="DNVRng">53.6933333333333</dst>
            <dst id="HSTNng">237529.042666667</dst>
            <dst id="IPLSng">34132.8506666667</dst>
            <dst id="KSCYng">6634.52</dst>
            <dst id="LOSAng">122.522666666667</dst>
            <dst id="NYCMng">18839.296</dst>
            <dst id="SNVAng">30.2773333333333</dst>
            <dst id="STTLng">187.218666666667</dst>
            <dst id="WASHng">73371.4586666667</dst>
        </src>
        <src id="CHINng">
            <dst id="ATLA-M5">0</dst>
            <dst id="ATLAng">39681.384</dst>
            <dst id="CHINng">113564.781333333</dst>
            <dst id="DNVRng">25728.9786666667</dst>
            <dst id="HSTNng">139566.506666667</dst>
            <dst id="IPLSng">73564.5066666667</dst>
            <dst id="KSCYng">13281.424</dst>
            <dst id="LOSAng">536.925333333333</dst>
            <dst id="NYCMng">40311.5306666667</dst>
            <dst id="SNVAng">0</dst>
            <dst id="STTLng">976.573333333333</dst>
            <dst id="WASHng">44321.4373333333</dst>
        </src>
        <src id="DNVRng">
            <dst id="ATLA-M5">0</dst>
            <dst id="ATLAng">8382.90933333333</dst>
            <dst id="CHINng">60608.216</dst>
            <dst id="DNVRng">7794.69333333333</dst>
            <dst id="HSTNng">65638.04</dst>
            <dst id="IPLSng">26717.2346666667</dst>
            <dst id="KSCYng">10326.952</dst>
            <dst id="LOSAng">0</dst>
            <dst id="NYCMng">25324.3653333333</dst>
            <dst id="SNVAng">8826</dst>
            <dst id="STTLng">134.666666666667</dst>
            <dst id="WASHng">36518.056</dst>
        </src>
        <src id="HSTNng">
            <dst id="ATLA-M5">0</dst>
            <dst id="ATLAng">27306.7386666667</dst>
            <dst id="CHINng">1961.92266666667</dst>
            <dst id="DNVRng">26.6666666666667</dst>
            <dst id="HSTNng">187270.277333333</dst>
            <dst id="IPLSng">26.6666666666667</dst>
            <dst id="KSCYng">0</dst>
            <dst id="LOSAng">0</dst>
            <dst id="NYCMng">8600.30133333333</dst>
            <dst id="SNVAng">53.3333333333333</dst>
            <dst id="STTLng">26.6666666666667</dst>
            <dst id="WASHng">105727.552</dst>
        </src>
        <src id="IPLSng">
            <dst id="ATLA-M5">0</dst>
            <dst id="ATLAng">32539.784</dst>
            <dst id="CHINng">151567.173333333</dst>
            <dst id="DNVRng">12303.456</dst>
            <dst id="HSTNng">61809.368</dst>
            <dst id="IPLSng">50175.624</dst>
            <dst id="KSCYng">21112.032</dst>
            <dst id="LOSAng">277.472</dst>
            <dst id="NYCMng">60654.04</dst>
            <dst id="SNVAng">48.5466666666667</dst>
            <dst id="STTLng">264.370666666667</dst>
            <dst id="WASHng">32043.5946666667</dst>
        </src>
        <src id="KSCYng">
            <dst id="ATLA-M5">0</dst>
            <dst id="ATLAng">10389.8133333333</dst>
            <dst id="CHINng">34521.4933333333</dst>
            <dst id="DNVRng">8318.232</dst>
            <dst id="HSTNng">24255.3946666667</dst>
            <dst id="IPLSng">14834.9386666667</dst>
            <dst id="KSCYng">5738.376</dst>
            <dst id="LOSAng">159.850666666667</dst>
            <dst id="NYCMng">14253.288</dst>
            <dst id="SNVAng">0</dst>
            <dst id="STTLng">224.994666666667</dst>
            <dst id="WASHng">12285.3946666667</dst>
        </src>
        <src id="LOSAng">
            <dst id="ATLA-M5">0</dst>
            <dst id="ATLAng">17409.5493333333</dst>
            <dst id="CHINng">9920.088</dst>
            <dst id="DNVRng">10858.264</dst>
            <dst id="HSTNng">174512.589333333</dst>
            <dst id="IPLSng">162.661333333333</dst>
            <dst id="KSCYng">26.6666666666667</dst>
            <dst id="LOSAng">77724.7306666667</dst>
            <dst id="NYCMng">72156.3786666667</dst>
            <dst id="SNVAng">24424.224</dst>
            <dst id="STTLng">29171.0346666667</dst>
            <dst id="WASHng">96286.7093333333</dst>
        </src>
        <src id="NYCMng">
            <dst id="ATLA-M5">0</dst>
            <dst id="ATLAng">41126.5413333333</dst>
            <dst id="CHINng">84713.432</dst>
            <dst id="DNVRng">32757.176</dst>
            <dst id="HSTNng">150179.296</dst>
            <dst id="IPLSng">82734.2026666667</dst>
            <dst id="KSCYng">26600.6746666667</dst>
            <dst id="LOSAng">169.330666666667</dst>
            <dst id="NYCMng">262924.637333333</dst>
            <dst id="SNVAng">136.8</dst>
            <dst id="STTLng">4537.03733333333</dst>
            <dst id="WASHng">134822.8</dst>
        </src>
        <src id="SNVAng">
            <dst id="ATLA-M5">0</dst>
            <dst id="ATLAng">1738.04</dst>
            <dst id="CHINng">1232.78666666667</dst>
            <dst id="DNVRng">3278.00266666667</dst>
            <dst id="HSTNng">8239.78666666667</dst>
            <dst id="IPLSng">87.8506666666667</dst>
            <dst id="KSCYng">393.453333333333</dst>
            <dst id="LOSAng">38835.0453333333</dst>
            <dst id="NYCMng">5439.33333333333</dst>
            <dst id="SNVAng">15802.8746666667</dst>
            <dst id="STTLng">53010.1973333333</dst>
            <dst id="WASHng">1193.45866666667</dst>
        </src>
        <src id="STTLng">
            <dst id="ATLA-M5">0</dst>
            <dst id="ATLAng">18196.296</dst>
            <dst id="CHINng">23397.4773333333</dst>
            <dst id="DNVRng">6367.41333333333</dst>
            <dst id="HSTNng">42822.0026666667</dst>
            <dst id="IPLSng">280.277333333333</dst>
            <dst id="KSCYng">4897.69333333333</dst>
            <dst id="LOSAng">33048.3626666667</dst>
            <dst id="NYCMng">15151.4506666667</dst>
            <dst id="SNVAng">6262.77866666667</dst>
            <dst id="STTLng">3030.22933333333</dst>
            <dst id="WASHng">29552.1786666667</dst>
        </src>
        <src id="WASHng">
            <dst id="ATLA-M5">0</dst>
            <dst id="ATLAng">101691.021333333</dst>
            <dst id="CHINng">91241.8693333333</dst>
            <dst id="DNVRng">7156.50666666667</dst>
            <dst id="HSTNng">302701.386666667</dst>
            <dst id="IPLSng">101503.074666667</dst>
            <dst id="KSCYng">29396.5626666667</dst>
            <dst id="LOSAng">187.042666666667</dst>
            <dst id="NYCMng">159087.384</dst>
            <dst id="SNVAng">272.389333333333</dst>
            <dst id="STTLng">3595.70133333333</dst>
            <dst id="WASHng">360256.906666667</dst>
        </src>
    </IntraTM>
</TrafficMatrixFile>
