<?xml version="1.0" encoding="ISO-8859-1" standalone="yes"?>
<TrafficMatrixFile xsi:noNamespaceSchemaLocation="http://totem.run.montefiore.ulg.ac.be/Schema/TrafficMatrix-v1_2.xsd" xmlns:xsi="http://www.w3.org/2001/XMLSchema-instance">
    <IntraTM ASID="11537">
        <src id="ATLA-M5">
            <dst id="ATLA-M5">26.6666666666667</dst>
            <dst id="ATLAng">344.261333333333</dst>
            <dst id="CHINng">529.533333333333</dst>
            <dst id="DNVRng">0</dst>
            <dst id="HSTNng">128.234666666667</dst>
            <dst id="IPLSng">337.890666666667</dst>
            <dst id="KSCYng">0</dst>
            <dst id="LOSAng">0</dst>
            <dst id="NYCMng">1245.304</dst>
            <dst id="SNVAng">0</dst>
            <dst id="STTLng">0</dst>
            <dst id="WASHng">823.794666666667</dst>
        </src>
        <src id="ATLAng">
            <dst id="ATLA-M5">0</dst>
            <dst id="ATLAng">43598.1866666667</dst>
            <dst id="CHINng">20258.7173333333</dst>
            <dst id="DNVRng">0</dst>
            <dst id="HSTNng">23238.7546666667</dst>
            <dst id="IPLSng">25757.288</dst>
            <dst id="KSCYng">0</dst>
            <dst id="LOSAng">56.1066666666667</dst>
            <dst id="NYCMng">42200.888</dst>
            <dst id="SNVAng">26.6666666666667</dst>
            <dst id="STTLng">26.6666666666667</dst>
            <dst id="WASHng">39645.0826666667</dst>
        </src>
        <src id="CHINng">
            <dst id="ATLA-M5">0</dst>
            <dst id="ATLAng">20066.1946666667</dst>
            <dst id="CHINng">24288.008</dst>
            <dst id="DNVRng">0</dst>
            <dst id="HSTNng">9387.16</dst>
            <dst id="IPLSng">34415.448</dst>
            <dst id="KSCYng">26.6666666666667</dst>
            <dst id="LOSAng">85.48</dst>
            <dst id="NYCMng">194179.146666667</dst>
            <dst id="SNVAng">53.3333333333333</dst>
            <dst id="STTLng">1753.33333333333</dst>
            <dst id="WASHng">35275.2853333333</dst>
        </src>
        <src id="DNVRng">
            <dst id="ATLA-M5">0</dst>
            <dst id="ATLAng">5592.90666666667</dst>
            <dst id="CHINng">27743.6853333333</dst>
            <dst id="DNVRng">8852.95466666666</dst>
            <dst id="HSTNng">25639.6266666667</dst>
            <dst id="IPLSng">25554.728</dst>
            <dst id="KSCYng">16572.448</dst>
            <dst id="LOSAng">0</dst>
            <dst id="NYCMng">33349.7466666667</dst>
            <dst id="SNVAng">8264.56533333333</dst>
            <dst id="STTLng">1266.736</dst>
            <dst id="WASHng">38129.2506666667</dst>
        </src>
        <src id="HSTNng">
            <dst id="ATLA-M5">0</dst>
            <dst id="ATLAng">15883.7973333333</dst>
            <dst id="CHINng">212.722666666667</dst>
            <dst id="DNVRng">0</dst>
            <dst id="HSTNng">83981.2986666667</dst>
            <dst id="IPLSng">26.6666666666667</dst>
            <dst id="KSCYng">0</dst>
            <dst id="LOSAng">0</dst>
            <dst id="NYCMng">3211.13866666667</dst>
            <dst id="SNVAng">0</dst>
            <dst id="STTLng">0</dst>
            <dst id="WASHng">106422.162666667</dst>
        </src>
        <src id="IPLSng">
            <dst id="ATLA-M5">0</dst>
            <dst id="ATLAng">15765.9733333333</dst>
            <dst id="CHINng">73819.4986666667</dst>
            <dst id="DNVRng">0</dst>
            <dst id="HSTNng">6864.69866666667</dst>
            <dst id="IPLSng">16963.656</dst>
            <dst id="KSCYng">17993.096</dst>
            <dst id="LOSAng">0</dst>
            <dst id="NYCMng">137206.021333333</dst>
            <dst id="SNVAng">291.776</dst>
            <dst id="STTLng">80</dst>
            <dst id="WASHng">17103.1306666667</dst>
        </src>
        <src id="KSCYng">
            <dst id="ATLA-M5">0</dst>
            <dst id="ATLAng">11881.5306666667</dst>
            <dst id="CHINng">19161.544</dst>
            <dst id="DNVRng">7592.93333333334</dst>
            <dst id="HSTNng">16822.584</dst>
            <dst id="IPLSng">9614.25066666667</dst>
            <dst id="KSCYng">8242.67733333333</dst>
            <dst id="LOSAng">0</dst>
            <dst id="NYCMng">26308.5653333333</dst>
            <dst id="SNVAng">0</dst>
            <dst id="STTLng">0</dst>
            <dst id="WASHng">9791.77066666667</dst>
        </src>
        <src id="LOSAng">
            <dst id="ATLA-M5">0</dst>
            <dst id="ATLAng">15362.4346666667</dst>
            <dst id="CHINng">3835.32266666667</dst>
            <dst id="DNVRng">7832.352</dst>
            <dst id="HSTNng">88196.2933333333</dst>
            <dst id="IPLSng">2162.96266666667</dst>
            <dst id="KSCYng">106.666666666667</dst>
            <dst id="LOSAng">18201.944</dst>
            <dst id="NYCMng">56242.3813333333</dst>
            <dst id="SNVAng">8023.57333333333</dst>
            <dst id="STTLng">25628.6426666667</dst>
            <dst id="WASHng">95712.4906666667</dst>
        </src>
        <src id="NYCMng">
            <dst id="ATLA-M5">0</dst>
            <dst id="ATLAng">23922.3733333333</dst>
            <dst id="CHINng">683.645333333333</dst>
            <dst id="DNVRng">0</dst>
            <dst id="HSTNng">10748.624</dst>
            <dst id="IPLSng">80</dst>
            <dst id="KSCYng">26.6666666666667</dst>
            <dst id="LOSAng">264.68</dst>
            <dst id="NYCMng">391351.306666667</dst>
            <dst id="SNVAng">53.3333333333333</dst>
            <dst id="STTLng">127.392</dst>
            <dst id="WASHng">72492.096</dst>
        </src>
        <src id="SNVAng">
            <dst id="ATLA-M5">0</dst>
            <dst id="ATLAng">661.744</dst>
            <dst id="CHINng">26.6666666666667</dst>
            <dst id="DNVRng">15678.0053333333</dst>
            <dst id="HSTNng">14249.408</dst>
            <dst id="IPLSng">220.821333333333</dst>
            <dst id="KSCYng">530.557333333333</dst>
            <dst id="LOSAng">32928.1413333333</dst>
            <dst id="NYCMng">4899.448</dst>
            <dst id="SNVAng">16434.4613333333</dst>
            <dst id="STTLng">59147.4773333333</dst>
            <dst id="WASHng">491.392</dst>
        </src>
        <src id="STTLng">
            <dst id="ATLA-M5">0</dst>
            <dst id="ATLAng">5766.896</dst>
            <dst id="CHINng">623.064</dst>
            <dst id="DNVRng">5488.06133333333</dst>
            <dst id="HSTNng">13751.6133333333</dst>
            <dst id="IPLSng">130.610666666667</dst>
            <dst id="KSCYng">2968.648</dst>
            <dst id="LOSAng">17757.304</dst>
            <dst id="NYCMng">46790.288</dst>
            <dst id="SNVAng">5130.71466666667</dst>
            <dst id="STTLng">4162.58933333333</dst>
            <dst id="WASHng">25907.6613333333</dst>
        </src>
        <src id="WASHng">
            <dst id="ATLA-M5">0</dst>
            <dst id="ATLAng">151386.352</dst>
            <dst id="CHINng">1780.784</dst>
            <dst id="DNVRng">0</dst>
            <dst id="HSTNng">76995.728</dst>
            <dst id="IPLSng">171.386666666667</dst>
            <dst id="KSCYng">240.408</dst>
            <dst id="LOSAng">145.882666666667</dst>
            <dst id="NYCMng">505155.12</dst>
            <dst id="SNVAng">26.6666666666667</dst>
            <dst id="STTLng">2158.16533333333</dst>
            <dst id="WASHng">253486.869333333</dst>
        </src>
    </IntraTM>
</TrafficMatrixFile>
