<?xml version="1.0" encoding="ISO-8859-1" standalone="yes"?>
<TrafficMatrixFile xsi:noNamespaceSchemaLocation="http://totem.run.montefiore.ulg.ac.be/Schema/TrafficMatrix-v1_2.xsd" xmlns:xsi="http://www.w3.org/2001/XMLSchema-instance">
    <IntraTM ASID="11537">
        <src id="ATLA-M5">
            <dst id="ATLA-M5">26.6666666666667</dst>
            <dst id="ATLAng">296.584</dst>
            <dst id="CHINng">2283.11733333333</dst>
            <dst id="DNVRng">0</dst>
            <dst id="HSTNng">3415.688</dst>
            <dst id="IPLSng">873.56</dst>
            <dst id="KSCYng">0</dst>
            <dst id="LOSAng">0</dst>
            <dst id="NYCMng">8462.896</dst>
            <dst id="SNVAng">0</dst>
            <dst id="STTLng">0</dst>
            <dst id="WASHng">812.92</dst>
        </src>
        <src id="ATLAng">
            <dst id="ATLA-M5">0</dst>
            <dst id="ATLAng">28812.9066666667</dst>
            <dst id="CHINng">51950.232</dst>
            <dst id="DNVRng">0</dst>
            <dst id="HSTNng">15815.6506666667</dst>
            <dst id="IPLSng">31647.784</dst>
            <dst id="KSCYng">53.3333333333333</dst>
            <dst id="LOSAng">26.6666666666667</dst>
            <dst id="NYCMng">56403.976</dst>
            <dst id="SNVAng">26.6666666666667</dst>
            <dst id="STTLng">0</dst>
            <dst id="WASHng">41055.328</dst>
        </src>
        <src id="CHINng">
            <dst id="ATLA-M5">0</dst>
            <dst id="ATLAng">29204.8586666667</dst>
            <dst id="CHINng">36040.08</dst>
            <dst id="DNVRng">0</dst>
            <dst id="HSTNng">19188.6026666667</dst>
            <dst id="IPLSng">68075.0533333333</dst>
            <dst id="KSCYng">254.432</dst>
            <dst id="LOSAng">259.893333333333</dst>
            <dst id="NYCMng">214489.208</dst>
            <dst id="SNVAng">0</dst>
            <dst id="STTLng">53.3333333333333</dst>
            <dst id="WASHng">42918.2106666667</dst>
        </src>
        <src id="DNVRng">
            <dst id="ATLA-M5">0</dst>
            <dst id="ATLAng">8188.32533333333</dst>
            <dst id="CHINng">92563.9466666667</dst>
            <dst id="DNVRng">11851.5226666667</dst>
            <dst id="HSTNng">45069.0586666667</dst>
            <dst id="IPLSng">34218.5626666667</dst>
            <dst id="KSCYng">21055.976</dst>
            <dst id="LOSAng">99.6666666666667</dst>
            <dst id="NYCMng">40649.3306666667</dst>
            <dst id="SNVAng">18115.4266666667</dst>
            <dst id="STTLng">1316.06133333333</dst>
            <dst id="WASHng">44248.56</dst>
        </src>
        <src id="HSTNng">
            <dst id="ATLA-M5">0</dst>
            <dst id="ATLAng">50289</dst>
            <dst id="CHINng">1212.81333333333</dst>
            <dst id="DNVRng">0</dst>
            <dst id="HSTNng">131366.853333333</dst>
            <dst id="IPLSng">162.237333333333</dst>
            <dst id="KSCYng">26.6666666666667</dst>
            <dst id="LOSAng">26.6666666666667</dst>
            <dst id="NYCMng">6536.67733333333</dst>
            <dst id="SNVAng">26.6666666666667</dst>
            <dst id="STTLng">0</dst>
            <dst id="WASHng">119562.349333333</dst>
        </src>
        <src id="IPLSng">
            <dst id="ATLA-M5">0</dst>
            <dst id="ATLAng">13823.1066666667</dst>
            <dst id="CHINng">98678.4373333333</dst>
            <dst id="DNVRng">0</dst>
            <dst id="HSTNng">8223.98133333333</dst>
            <dst id="IPLSng">18754.5466666667</dst>
            <dst id="KSCYng">20000.776</dst>
            <dst id="LOSAng">0</dst>
            <dst id="NYCMng">212835.930666667</dst>
            <dst id="SNVAng">80</dst>
            <dst id="STTLng">26.6666666666667</dst>
            <dst id="WASHng">40330.616</dst>
        </src>
        <src id="KSCYng">
            <dst id="ATLA-M5">0</dst>
            <dst id="ATLAng">3030.31466666667</dst>
            <dst id="CHINng">18406.912</dst>
            <dst id="DNVRng">18841.6693333333</dst>
            <dst id="HSTNng">16137.032</dst>
            <dst id="IPLSng">9640.14666666667</dst>
            <dst id="KSCYng">9391.384</dst>
            <dst id="LOSAng">0</dst>
            <dst id="NYCMng">16703.304</dst>
            <dst id="SNVAng">216.981333333333</dst>
            <dst id="STTLng">0</dst>
            <dst id="WASHng">11490.4053333333</dst>
        </src>
        <src id="LOSAng">
            <dst id="ATLA-M5">0</dst>
            <dst id="ATLAng">41713.5226666667</dst>
            <dst id="CHINng">2934.42133333333</dst>
            <dst id="DNVRng">29237.096</dst>
            <dst id="HSTNng">107412.173333333</dst>
            <dst id="IPLSng">2255.32266666667</dst>
            <dst id="KSCYng">106.666666666667</dst>
            <dst id="LOSAng">18022.264</dst>
            <dst id="NYCMng">69282.464</dst>
            <dst id="SNVAng">14019.4693333333</dst>
            <dst id="STTLng">27752.032</dst>
            <dst id="WASHng">99267.5173333334</dst>
        </src>
        <src id="NYCMng">
            <dst id="ATLA-M5">0</dst>
            <dst id="ATLAng">37957.8693333333</dst>
            <dst id="CHINng">1188.696</dst>
            <dst id="DNVRng">0</dst>
            <dst id="HSTNng">25700.5866666667</dst>
            <dst id="IPLSng">225.752</dst>
            <dst id="KSCYng">115.16</dst>
            <dst id="LOSAng">211.042666666667</dst>
            <dst id="NYCMng">922578.56</dst>
            <dst id="SNVAng">53.3333333333333</dst>
            <dst id="STTLng">154.016</dst>
            <dst id="WASHng">288154.293333333</dst>
        </src>
        <src id="SNVAng">
            <dst id="ATLA-M5">0</dst>
            <dst id="ATLAng">1039.8</dst>
            <dst id="CHINng">236.458666666667</dst>
            <dst id="DNVRng">3519.72533333333</dst>
            <dst id="HSTNng">4721.25333333333</dst>
            <dst id="IPLSng">0</dst>
            <dst id="KSCYng">666.52</dst>
            <dst id="LOSAng">38564.088</dst>
            <dst id="NYCMng">7116.416</dst>
            <dst id="SNVAng">15837.9413333333</dst>
            <dst id="STTLng">53783.4533333333</dst>
            <dst id="WASHng">1541.88</dst>
        </src>
        <src id="STTLng">
            <dst id="ATLA-M5">0</dst>
            <dst id="ATLAng">9136.6</dst>
            <dst id="CHINng">844.048</dst>
            <dst id="DNVRng">6670.12</dst>
            <dst id="HSTNng">23196.536</dst>
            <dst id="IPLSng">286.317333333333</dst>
            <dst id="KSCYng">5077.66933333333</dst>
            <dst id="LOSAng">21291.7413333333</dst>
            <dst id="NYCMng">47012.1333333333</dst>
            <dst id="SNVAng">7583.58133333333</dst>
            <dst id="STTLng">5828.45066666667</dst>
            <dst id="WASHng">28437.536</dst>
        </src>
        <src id="WASHng">
            <dst id="ATLA-M5">0</dst>
            <dst id="ATLAng">162950.389333333</dst>
            <dst id="CHINng">482.957333333333</dst>
            <dst id="DNVRng">0</dst>
            <dst id="HSTNng">74884.4506666667</dst>
            <dst id="IPLSng">53.3333333333333</dst>
            <dst id="KSCYng">26.6666666666667</dst>
            <dst id="LOSAng">26.6666666666667</dst>
            <dst id="NYCMng">664369.92</dst>
            <dst id="SNVAng">53.3333333333333</dst>
            <dst id="STTLng">0</dst>
            <dst id="WASHng">269269.2</dst>
        </src>
    </IntraTM>
</TrafficMatrixFile>
