<?xml version="1.0" encoding="ISO-8859-1" standalone="yes"?>
<TrafficMatrixFile xsi:noNamespaceSchemaLocation="http://totem.run.montefiore.ulg.ac.be/Schema/TrafficMatrix-v1_2.xsd" xmlns:xsi="http://www.w3.org/2001/XMLSchema-instance">
    <IntraTM ASID="11537">
        <src id="ATLA-M5">
            <dst id="ATLA-M5">0</dst>
            <dst id="ATLAng">173.317333333333</dst>
            <dst id="CHINng">658.512</dst>
            <dst id="DNVRng">0</dst>
            <dst id="HSTNng">26.6666666666667</dst>
            <dst id="IPLSng">317.082666666667</dst>
            <dst id="KSCYng">0</dst>
            <dst id="LOSAng">0</dst>
            <dst id="NYCMng">1182.26666666667</dst>
            <dst id="SNVAng">0</dst>
            <dst id="STTLng">0</dst>
            <dst id="WASHng">963.416</dst>
        </src>
        <src id="ATLAng">
            <dst id="ATLA-M5">0</dst>
            <dst id="ATLAng">30287.864</dst>
            <dst id="CHINng">15711.0586666667</dst>
            <dst id="DNVRng">0</dst>
            <dst id="HSTNng">1882.77066666667</dst>
            <dst id="IPLSng">23444.2453333333</dst>
            <dst id="KSCYng">0</dst>
            <dst id="LOSAng">0</dst>
            <dst id="NYCMng">41690.0906666667</dst>
            <dst id="SNVAng">0</dst>
            <dst id="STTLng">257.653333333333</dst>
            <dst id="WASHng">42424.1893333333</dst>
        </src>
        <src id="CHINng">
            <dst id="ATLA-M5">0</dst>
            <dst id="ATLAng">19116.072</dst>
            <dst id="CHINng">27876.5573333333</dst>
            <dst id="DNVRng">0</dst>
            <dst id="HSTNng">11218.496</dst>
            <dst id="IPLSng">30799.8586666667</dst>
            <dst id="KSCYng">80</dst>
            <dst id="LOSAng">162.253333333333</dst>
            <dst id="NYCMng">199786.757333333</dst>
            <dst id="SNVAng">0</dst>
            <dst id="STTLng">794.226666666667</dst>
            <dst id="WASHng">27238.6533333333</dst>
        </src>
        <src id="DNVRng">
            <dst id="ATLA-M5">0</dst>
            <dst id="ATLAng">8275.81333333333</dst>
            <dst id="CHINng">30571.3173333333</dst>
            <dst id="DNVRng">2654.96533333333</dst>
            <dst id="HSTNng">21611.5253333333</dst>
            <dst id="IPLSng">23807.9893333333</dst>
            <dst id="KSCYng">8388.94933333333</dst>
            <dst id="LOSAng">0</dst>
            <dst id="NYCMng">34283.136</dst>
            <dst id="SNVAng">7512.75466666667</dst>
            <dst id="STTLng">2004.48</dst>
            <dst id="WASHng">38685.4933333333</dst>
        </src>
        <src id="HSTNng">
            <dst id="ATLA-M5">0</dst>
            <dst id="ATLAng">20027.6826666667</dst>
            <dst id="CHINng">385.906666666667</dst>
            <dst id="DNVRng">0</dst>
            <dst id="HSTNng">75197.536</dst>
            <dst id="IPLSng">0</dst>
            <dst id="KSCYng">0</dst>
            <dst id="LOSAng">0</dst>
            <dst id="NYCMng">2543.32266666667</dst>
            <dst id="SNVAng">0</dst>
            <dst id="STTLng">0</dst>
            <dst id="WASHng">101182.112</dst>
        </src>
        <src id="IPLSng">
            <dst id="ATLA-M5">0</dst>
            <dst id="ATLAng">15077.3226666667</dst>
            <dst id="CHINng">66579.0613333333</dst>
            <dst id="DNVRng">0</dst>
            <dst id="HSTNng">9006.21066666667</dst>
            <dst id="IPLSng">23563.5786666667</dst>
            <dst id="KSCYng">16534.144</dst>
            <dst id="LOSAng">0</dst>
            <dst id="NYCMng">129128.786666667</dst>
            <dst id="SNVAng">0</dst>
            <dst id="STTLng">82.56</dst>
            <dst id="WASHng">21439.4986666667</dst>
        </src>
        <src id="KSCYng">
            <dst id="ATLA-M5">0</dst>
            <dst id="ATLAng">5016.264</dst>
            <dst id="CHINng">12747.856</dst>
            <dst id="DNVRng">5629.34133333333</dst>
            <dst id="HSTNng">17303.2106666667</dst>
            <dst id="IPLSng">10148.2346666667</dst>
            <dst id="KSCYng">6800.12266666667</dst>
            <dst id="LOSAng">0</dst>
            <dst id="NYCMng">22680.1413333333</dst>
            <dst id="SNVAng">0</dst>
            <dst id="STTLng">0</dst>
            <dst id="WASHng">8553.16533333333</dst>
        </src>
        <src id="LOSAng">
            <dst id="ATLA-M5">0</dst>
            <dst id="ATLAng">16268.1946666667</dst>
            <dst id="CHINng">2546.75733333333</dst>
            <dst id="DNVRng">7344.016</dst>
            <dst id="HSTNng">107529.885333333</dst>
            <dst id="IPLSng">1020.19733333333</dst>
            <dst id="KSCYng">53.3333333333333</dst>
            <dst id="LOSAng">30810.32</dst>
            <dst id="NYCMng">58947.176</dst>
            <dst id="SNVAng">8622.82666666667</dst>
            <dst id="STTLng">17528.9546666667</dst>
            <dst id="WASHng">89551.408</dst>
        </src>
        <src id="NYCMng">
            <dst id="ATLA-M5">0</dst>
            <dst id="ATLAng">27760.3946666667</dst>
            <dst id="CHINng">685.674666666666</dst>
            <dst id="DNVRng">0</dst>
            <dst id="HSTNng">13715.9333333333</dst>
            <dst id="IPLSng">0</dst>
            <dst id="KSCYng">53.3333333333333</dst>
            <dst id="LOSAng">384.557333333333</dst>
            <dst id="NYCMng">363960.48</dst>
            <dst id="SNVAng">53.3333333333333</dst>
            <dst id="STTLng">733.72</dst>
            <dst id="WASHng">76747.2266666667</dst>
        </src>
        <src id="SNVAng">
            <dst id="ATLA-M5">0</dst>
            <dst id="ATLAng">548.48</dst>
            <dst id="CHINng">53.3333333333333</dst>
            <dst id="DNVRng">3890.57066666667</dst>
            <dst id="HSTNng">3723.432</dst>
            <dst id="IPLSng">400.490666666667</dst>
            <dst id="KSCYng">461.376</dst>
            <dst id="LOSAng">35494.6533333333</dst>
            <dst id="NYCMng">4450.73066666667</dst>
            <dst id="SNVAng">16033.1866666667</dst>
            <dst id="STTLng">56150.4133333333</dst>
            <dst id="WASHng">1121.056</dst>
        </src>
        <src id="STTLng">
            <dst id="ATLA-M5">0</dst>
            <dst id="ATLAng">6256.42133333333</dst>
            <dst id="CHINng">518.76</dst>
            <dst id="DNVRng">4594.09333333333</dst>
            <dst id="HSTNng">14302.8</dst>
            <dst id="IPLSng">98.1866666666667</dst>
            <dst id="KSCYng">2212.24533333333</dst>
            <dst id="LOSAng">19929.4053333333</dst>
            <dst id="NYCMng">43356.8213333333</dst>
            <dst id="SNVAng">3577.73866666667</dst>
            <dst id="STTLng">725.157333333333</dst>
            <dst id="WASHng">24855.9706666667</dst>
        </src>
        <src id="WASHng">
            <dst id="ATLA-M5">0</dst>
            <dst id="ATLAng">129572.957333333</dst>
            <dst id="CHINng">777.282666666667</dst>
            <dst id="DNVRng">0</dst>
            <dst id="HSTNng">72411.2746666667</dst>
            <dst id="IPLSng">117.749333333333</dst>
            <dst id="KSCYng">499.648</dst>
            <dst id="LOSAng">75.52</dst>
            <dst id="NYCMng">500263.28</dst>
            <dst id="SNVAng">53.3333333333333</dst>
            <dst id="STTLng">26.6666666666667</dst>
            <dst id="WASHng">265372.789333333</dst>
        </src>
    </IntraTM>
</TrafficMatrixFile>
