<?xml version="1.0" encoding="ISO-8859-1" standalone="yes"?>
<TrafficMatrixFile xsi:noNamespaceSchemaLocation="http://totem.run.montefiore.ulg.ac.be/Schema/TrafficMatrix-v1_2.xsd" xmlns:xsi="http://www.w3.org/2001/XMLSchema-instance">
    <IntraTM ASID="11537">
        <src id="ATLA-M5">
            <dst id="ATLA-M5">122.816</dst>
            <dst id="ATLAng">426.685333333333</dst>
            <dst id="CHINng">753.813333333333</dst>
            <dst id="DNVRng">0</dst>
            <dst id="HSTNng">437.130666666667</dst>
            <dst id="IPLSng">204.261333333333</dst>
            <dst id="KSCYng">0</dst>
            <dst id="LOSAng">0</dst>
            <dst id="NYCMng">3621.912</dst>
            <dst id="SNVAng">0</dst>
            <dst id="STTLng">0</dst>
            <dst id="WASHng">848.544</dst>
        </src>
        <src id="ATLAng">
            <dst id="ATLA-M5">0</dst>
            <dst id="ATLAng">18224.1173333333</dst>
            <dst id="CHINng">38914.8933333333</dst>
            <dst id="DNVRng">0</dst>
            <dst id="HSTNng">6182.39733333333</dst>
            <dst id="IPLSng">27018.7866666667</dst>
            <dst id="KSCYng">261.104</dst>
            <dst id="LOSAng">0</dst>
            <dst id="NYCMng">40606.008</dst>
            <dst id="SNVAng">0</dst>
            <dst id="STTLng">0</dst>
            <dst id="WASHng">34199.4586666667</dst>
        </src>
        <src id="CHINng">
            <dst id="ATLA-M5">0</dst>
            <dst id="ATLAng">22429.7386666667</dst>
            <dst id="CHINng">36918.9466666667</dst>
            <dst id="DNVRng">0</dst>
            <dst id="HSTNng">18427.9573333333</dst>
            <dst id="IPLSng">40910.6826666667</dst>
            <dst id="KSCYng">26.6666666666667</dst>
            <dst id="LOSAng">26.6666666666667</dst>
            <dst id="NYCMng">209813.029333333</dst>
            <dst id="SNVAng">0</dst>
            <dst id="STTLng">974.096</dst>
            <dst id="WASHng">33512.616</dst>
        </src>
        <src id="DNVRng">
            <dst id="ATLA-M5">0</dst>
            <dst id="ATLAng">7159.08266666667</dst>
            <dst id="CHINng">36494.1706666667</dst>
            <dst id="DNVRng">14912.232</dst>
            <dst id="HSTNng">41396.2186666667</dst>
            <dst id="IPLSng">30186.768</dst>
            <dst id="KSCYng">20476.3653333333</dst>
            <dst id="LOSAng">26.6666666666667</dst>
            <dst id="NYCMng">39804.744</dst>
            <dst id="SNVAng">14745.264</dst>
            <dst id="STTLng">2255.29866666667</dst>
            <dst id="WASHng">46653.96</dst>
        </src>
        <src id="HSTNng">
            <dst id="ATLA-M5">0</dst>
            <dst id="ATLAng">19905.1653333333</dst>
            <dst id="CHINng">719.368</dst>
            <dst id="DNVRng">0</dst>
            <dst id="HSTNng">256085.738666667</dst>
            <dst id="IPLSng">106.666666666667</dst>
            <dst id="KSCYng">0</dst>
            <dst id="LOSAng">0</dst>
            <dst id="NYCMng">3966.86666666667</dst>
            <dst id="SNVAng">26.6666666666667</dst>
            <dst id="STTLng">0</dst>
            <dst id="WASHng">105602.661333333</dst>
        </src>
        <src id="IPLSng">
            <dst id="ATLA-M5">0</dst>
            <dst id="ATLAng">13625.9466666667</dst>
            <dst id="CHINng">94704.352</dst>
            <dst id="DNVRng">0</dst>
            <dst id="HSTNng">8129.85066666667</dst>
            <dst id="IPLSng">30777.2453333333</dst>
            <dst id="KSCYng">26501.3146666667</dst>
            <dst id="LOSAng">0</dst>
            <dst id="NYCMng">137120.186666667</dst>
            <dst id="SNVAng">26.6666666666667</dst>
            <dst id="STTLng">0</dst>
            <dst id="WASHng">17830.5173333333</dst>
        </src>
        <src id="KSCYng">
            <dst id="ATLA-M5">0</dst>
            <dst id="ATLAng">2775.51466666667</dst>
            <dst id="CHINng">16596.7333333333</dst>
            <dst id="DNVRng">7249.24533333333</dst>
            <dst id="HSTNng">18470.1013333333</dst>
            <dst id="IPLSng">20255.6986666667</dst>
            <dst id="KSCYng">7150.504</dst>
            <dst id="LOSAng">0</dst>
            <dst id="NYCMng">17779.0933333333</dst>
            <dst id="SNVAng">0</dst>
            <dst id="STTLng">0</dst>
            <dst id="WASHng">9212.872</dst>
        </src>
        <src id="LOSAng">
            <dst id="ATLA-M5">0</dst>
            <dst id="ATLAng">14417.8106666667</dst>
            <dst id="CHINng">1563.776</dst>
            <dst id="DNVRng">15295.784</dst>
            <dst id="HSTNng">175583.162666667</dst>
            <dst id="IPLSng">1293.40266666667</dst>
            <dst id="KSCYng">106.666666666667</dst>
            <dst id="LOSAng">12521.552</dst>
            <dst id="NYCMng">68319.88</dst>
            <dst id="SNVAng">12342.3173333333</dst>
            <dst id="STTLng">18680.1386666667</dst>
            <dst id="WASHng">88766.792</dst>
        </src>
        <src id="NYCMng">
            <dst id="ATLA-M5">0</dst>
            <dst id="ATLAng">33339.472</dst>
            <dst id="CHINng">1399.78933333333</dst>
            <dst id="DNVRng">0</dst>
            <dst id="HSTNng">18059.3626666667</dst>
            <dst id="IPLSng">53.3333333333333</dst>
            <dst id="KSCYng">121.333333333333</dst>
            <dst id="LOSAng">122.402666666667</dst>
            <dst id="NYCMng">434321.626666667</dst>
            <dst id="SNVAng">26.6666666666667</dst>
            <dst id="STTLng">636.221333333333</dst>
            <dst id="WASHng">95173.808</dst>
        </src>
        <src id="SNVAng">
            <dst id="ATLA-M5">0</dst>
            <dst id="ATLAng">360.178666666667</dst>
            <dst id="CHINng">53.3333333333333</dst>
            <dst id="DNVRng">3378.32266666667</dst>
            <dst id="HSTNng">3720.06133333333</dst>
            <dst id="IPLSng">80.3946666666667</dst>
            <dst id="KSCYng">914.512</dst>
            <dst id="LOSAng">35031.9653333333</dst>
            <dst id="NYCMng">7248.424</dst>
            <dst id="SNVAng">16143.1893333333</dst>
            <dst id="STTLng">58965.6826666667</dst>
            <dst id="WASHng">653.650666666667</dst>
        </src>
        <src id="STTLng">
            <dst id="ATLA-M5">0</dst>
            <dst id="ATLAng">6907.936</dst>
            <dst id="CHINng">553.184</dst>
            <dst id="DNVRng">9368.592</dst>
            <dst id="HSTNng">16317.0133333333</dst>
            <dst id="IPLSng">234.328</dst>
            <dst id="KSCYng">3130.07733333333</dst>
            <dst id="LOSAng">19336.536</dst>
            <dst id="NYCMng">52992.8106666667</dst>
            <dst id="SNVAng">10370.368</dst>
            <dst id="STTLng">6654.62133333333</dst>
            <dst id="WASHng">28287.8773333333</dst>
        </src>
        <src id="WASHng">
            <dst id="ATLA-M5">0</dst>
            <dst id="ATLAng">130029.133333333</dst>
            <dst id="CHINng">2172.99466666667</dst>
            <dst id="DNVRng">0</dst>
            <dst id="HSTNng">68531.8586666667</dst>
            <dst id="IPLSng">87.7786666666667</dst>
            <dst id="KSCYng">0</dst>
            <dst id="LOSAng">106.186666666667</dst>
            <dst id="NYCMng">507623.653333333</dst>
            <dst id="SNVAng">26.6666666666667</dst>
            <dst id="STTLng">1959.952</dst>
            <dst id="WASHng">284374.48</dst>
        </src>
    </IntraTM>
</TrafficMatrixFile>
