<?xml version="1.0" encoding="ISO-8859-1" standalone="yes"?>
<TrafficMatrixFile xsi:noNamespaceSchemaLocation="http://totem.run.montefiore.ulg.ac.be/Schema/TrafficMatrix-v1_2.xsd" xmlns:xsi="http://www.w3.org/2001/XMLSchema-instance">
    <IntraTM ASID="11537">
        <src id="ATLA-M5">
            <dst id="ATLA-M5">0</dst>
            <dst id="ATLAng">80</dst>
            <dst id="CHINng">359.357333333333</dst>
            <dst id="DNVRng">26.6666666666667</dst>
            <dst id="HSTNng">481.946666666667</dst>
            <dst id="IPLSng">151.997333333333</dst>
            <dst id="KSCYng">78.9653333333333</dst>
            <dst id="LOSAng">0</dst>
            <dst id="NYCMng">362.970666666667</dst>
            <dst id="SNVAng">0</dst>
            <dst id="STTLng">62.6773333333333</dst>
            <dst id="WASHng">1673.26933333333</dst>
        </src>
        <src id="ATLAng">
            <dst id="ATLA-M5">0</dst>
            <dst id="ATLAng">44915.896</dst>
            <dst id="CHINng">17429.7546666667</dst>
            <dst id="DNVRng">0</dst>
            <dst id="HSTNng">31431.8026666667</dst>
            <dst id="IPLSng">25553.496</dst>
            <dst id="KSCYng">2356.86933333333</dst>
            <dst id="LOSAng">76.6133333333334</dst>
            <dst id="NYCMng">21442.5253333333</dst>
            <dst id="SNVAng">74.5093333333333</dst>
            <dst id="STTLng">1182.752</dst>
            <dst id="WASHng">76403.4533333333</dst>
        </src>
        <src id="CHINng">
            <dst id="ATLA-M5">0</dst>
            <dst id="ATLAng">23971.808</dst>
            <dst id="CHINng">147628.909333333</dst>
            <dst id="DNVRng">10721.1653333333</dst>
            <dst id="HSTNng">81908.2586666667</dst>
            <dst id="IPLSng">60939.2773333333</dst>
            <dst id="KSCYng">11787.4346666667</dst>
            <dst id="LOSAng">436.322666666667</dst>
            <dst id="NYCMng">27660.968</dst>
            <dst id="SNVAng">26.6666666666667</dst>
            <dst id="STTLng">2391.91466666667</dst>
            <dst id="WASHng">32768.3226666667</dst>
        </src>
        <src id="DNVRng">
            <dst id="ATLA-M5">0</dst>
            <dst id="ATLAng">9241.216</dst>
            <dst id="CHINng">68218.2533333333</dst>
            <dst id="DNVRng">3502.79733333333</dst>
            <dst id="HSTNng">27975.2533333333</dst>
            <dst id="IPLSng">25457.4746666667</dst>
            <dst id="KSCYng">7737.43466666667</dst>
            <dst id="LOSAng">0</dst>
            <dst id="NYCMng">16457.0826666667</dst>
            <dst id="SNVAng">8478.208</dst>
            <dst id="STTLng">53.3333333333333</dst>
            <dst id="WASHng">37513.6426666667</dst>
        </src>
        <src id="HSTNng">
            <dst id="ATLA-M5">0</dst>
            <dst id="ATLAng">28116.3493333333</dst>
            <dst id="CHINng">3587.04</dst>
            <dst id="DNVRng">26.6666666666667</dst>
            <dst id="HSTNng">117897.8</dst>
            <dst id="IPLSng">26.8373333333333</dst>
            <dst id="KSCYng">26.6666666666667</dst>
            <dst id="LOSAng">0</dst>
            <dst id="NYCMng">7796.544</dst>
            <dst id="SNVAng">26.6666666666667</dst>
            <dst id="STTLng">181.92</dst>
            <dst id="WASHng">116585.448</dst>
        </src>
        <src id="IPLSng">
            <dst id="ATLA-M5">0</dst>
            <dst id="ATLAng">13736.832</dst>
            <dst id="CHINng">144976.24</dst>
            <dst id="DNVRng">10654.7786666667</dst>
            <dst id="HSTNng">45266.3706666667</dst>
            <dst id="IPLSng">37645.6613333333</dst>
            <dst id="KSCYng">17652.2906666667</dst>
            <dst id="LOSAng">0</dst>
            <dst id="NYCMng">41696.824</dst>
            <dst id="SNVAng">409.512</dst>
            <dst id="STTLng">290.672</dst>
            <dst id="WASHng">30909.024</dst>
        </src>
        <src id="KSCYng">
            <dst id="ATLA-M5">0</dst>
            <dst id="ATLAng">5439.47466666667</dst>
            <dst id="CHINng">35057.6773333333</dst>
            <dst id="DNVRng">7771.81866666667</dst>
            <dst id="HSTNng">14378.768</dst>
            <dst id="IPLSng">13090.288</dst>
            <dst id="KSCYng">6995.94666666667</dst>
            <dst id="LOSAng">26.6666666666667</dst>
            <dst id="NYCMng">7584.22666666667</dst>
            <dst id="SNVAng">26.6666666666667</dst>
            <dst id="STTLng">44.8</dst>
            <dst id="WASHng">13377.7706666667</dst>
        </src>
        <src id="LOSAng">
            <dst id="ATLA-M5">0</dst>
            <dst id="ATLAng">20895.856</dst>
            <dst id="CHINng">14221.1946666667</dst>
            <dst id="DNVRng">11488.3866666667</dst>
            <dst id="HSTNng">167401.557333333</dst>
            <dst id="IPLSng">1129.68</dst>
            <dst id="KSCYng">72.7173333333333</dst>
            <dst id="LOSAng">22849.36</dst>
            <dst id="NYCMng">54250.1306666666</dst>
            <dst id="SNVAng">19400.616</dst>
            <dst id="STTLng">20387.4586666667</dst>
            <dst id="WASHng">111385.050666667</dst>
        </src>
        <src id="NYCMng">
            <dst id="ATLA-M5">0</dst>
            <dst id="ATLAng">40978.976</dst>
            <dst id="CHINng">72799.6826666667</dst>
            <dst id="DNVRng">38004.9386666667</dst>
            <dst id="HSTNng">100643.448</dst>
            <dst id="IPLSng">61403.944</dst>
            <dst id="KSCYng">16357.2373333333</dst>
            <dst id="LOSAng">26.6666666666667</dst>
            <dst id="NYCMng">230177.285333333</dst>
            <dst id="SNVAng">70.5386666666667</dst>
            <dst id="STTLng">3699.312</dst>
            <dst id="WASHng">76920.7706666666</dst>
        </src>
        <src id="SNVAng">
            <dst id="ATLA-M5">0</dst>
            <dst id="ATLAng">377.005333333333</dst>
            <dst id="CHINng">214.666666666667</dst>
            <dst id="DNVRng">7208.02666666667</dst>
            <dst id="HSTNng">13818.9413333333</dst>
            <dst id="IPLSng">26.6666666666667</dst>
            <dst id="KSCYng">313.48</dst>
            <dst id="LOSAng">36754.5973333333</dst>
            <dst id="NYCMng">4726.45866666667</dst>
            <dst id="SNVAng">14851.872</dst>
            <dst id="STTLng">44322.7653333333</dst>
            <dst id="WASHng">411.130666666667</dst>
        </src>
        <src id="STTLng">
            <dst id="ATLA-M5">0</dst>
            <dst id="ATLAng">8392.13066666667</dst>
            <dst id="CHINng">27829.7573333333</dst>
            <dst id="DNVRng">4446.01333333333</dst>
            <dst id="HSTNng">48659.344</dst>
            <dst id="IPLSng">380.386666666667</dst>
            <dst id="KSCYng">2545.63733333333</dst>
            <dst id="LOSAng">19293.8693333333</dst>
            <dst id="NYCMng">12216.9493333333</dst>
            <dst id="SNVAng">5280.632</dst>
            <dst id="STTLng">1553.13866666667</dst>
            <dst id="WASHng">29286.8693333333</dst>
        </src>
        <src id="WASHng">
            <dst id="ATLA-M5">0</dst>
            <dst id="ATLAng">116954.248</dst>
            <dst id="CHINng">60992.3546666667</dst>
            <dst id="DNVRng">3455.536</dst>
            <dst id="HSTNng">279842.373333333</dst>
            <dst id="IPLSng">67293.656</dst>
            <dst id="KSCYng">7282.01066666667</dst>
            <dst id="LOSAng">80</dst>
            <dst id="NYCMng">155486.410666667</dst>
            <dst id="SNVAng">258.544</dst>
            <dst id="STTLng">5769.128</dst>
            <dst id="WASHng">364349.386666667</dst>
        </src>
    </IntraTM>
</TrafficMatrixFile>
