<?xml version="1.0" encoding="ISO-8859-1" standalone="yes"?>
<TrafficMatrixFile xsi:noNamespaceSchemaLocation="http://totem.run.montefiore.ulg.ac.be/Schema/TrafficMatrix-v1_2.xsd" xmlns:xsi="http://www.w3.org/2001/XMLSchema-instance">
    <IntraTM ASID="11537">
        <src id="ATLA-M5">
            <dst id="ATLA-M5">53.3333333333333</dst>
            <dst id="ATLAng">255.178666666667</dst>
            <dst id="CHINng">670.970666666667</dst>
            <dst id="DNVRng">0</dst>
            <dst id="HSTNng">1062.21866666667</dst>
            <dst id="IPLSng">1889.95466666667</dst>
            <dst id="KSCYng">411.893333333333</dst>
            <dst id="LOSAng">0</dst>
            <dst id="NYCMng">334.432</dst>
            <dst id="SNVAng">0</dst>
            <dst id="STTLng">0</dst>
            <dst id="WASHng">2380.90666666667</dst>
        </src>
        <src id="ATLAng">
            <dst id="ATLA-M5">0</dst>
            <dst id="ATLAng">45380.2213333333</dst>
            <dst id="CHINng">53218.904</dst>
            <dst id="DNVRng">26.6666666666667</dst>
            <dst id="HSTNng">54884.2693333333</dst>
            <dst id="IPLSng">38717.5653333333</dst>
            <dst id="KSCYng">4368.24533333333</dst>
            <dst id="LOSAng">89.3333333333333</dst>
            <dst id="NYCMng">17872.5706666667</dst>
            <dst id="SNVAng">106.666666666667</dst>
            <dst id="STTLng">2751.39733333333</dst>
            <dst id="WASHng">51245.2693333333</dst>
        </src>
        <src id="CHINng">
            <dst id="ATLA-M5">0</dst>
            <dst id="ATLAng">37316.4693333333</dst>
            <dst id="CHINng">95853.6053333334</dst>
            <dst id="DNVRng">15909.7733333333</dst>
            <dst id="HSTNng">120070.925333333</dst>
            <dst id="IPLSng">74798.04</dst>
            <dst id="KSCYng">15541.552</dst>
            <dst id="LOSAng">80</dst>
            <dst id="NYCMng">42735.4346666667</dst>
            <dst id="SNVAng">111.946666666667</dst>
            <dst id="STTLng">686.226666666667</dst>
            <dst id="WASHng">34207.2746666667</dst>
        </src>
        <src id="DNVRng">
            <dst id="ATLA-M5">0</dst>
            <dst id="ATLAng">7254.66933333334</dst>
            <dst id="CHINng">65325.7573333334</dst>
            <dst id="DNVRng">6518.14133333333</dst>
            <dst id="HSTNng">76786.3946666667</dst>
            <dst id="IPLSng">38978.144</dst>
            <dst id="KSCYng">9644.70666666667</dst>
            <dst id="LOSAng">53.3333333333333</dst>
            <dst id="NYCMng">19829.392</dst>
            <dst id="SNVAng">14787.8853333333</dst>
            <dst id="STTLng">1310.016</dst>
            <dst id="WASHng">47908.9866666667</dst>
        </src>
        <src id="HSTNng">
            <dst id="ATLA-M5">0</dst>
            <dst id="ATLAng">27260.8986666667</dst>
            <dst id="CHINng">2594.432</dst>
            <dst id="DNVRng">53.3333333333333</dst>
            <dst id="HSTNng">172079.085333333</dst>
            <dst id="IPLSng">26.6666666666667</dst>
            <dst id="KSCYng">83.5733333333333</dst>
            <dst id="LOSAng">0</dst>
            <dst id="NYCMng">8359.66133333333</dst>
            <dst id="SNVAng">80</dst>
            <dst id="STTLng">361.536</dst>
            <dst id="WASHng">120451.298666667</dst>
        </src>
        <src id="IPLSng">
            <dst id="ATLA-M5">0</dst>
            <dst id="ATLAng">25324.1893333333</dst>
            <dst id="CHINng">169261.418666667</dst>
            <dst id="DNVRng">17997.88</dst>
            <dst id="HSTNng">76610.2933333333</dst>
            <dst id="IPLSng">25853.272</dst>
            <dst id="KSCYng">24658.5333333333</dst>
            <dst id="LOSAng">1033.056</dst>
            <dst id="NYCMng">112577.072</dst>
            <dst id="SNVAng">101.106666666667</dst>
            <dst id="STTLng">403.192</dst>
            <dst id="WASHng">40099.9066666667</dst>
        </src>
        <src id="KSCYng">
            <dst id="ATLA-M5">0</dst>
            <dst id="ATLAng">7079.90666666667</dst>
            <dst id="CHINng">32192.7706666667</dst>
            <dst id="DNVRng">23906.264</dst>
            <dst id="HSTNng">24743.3093333333</dst>
            <dst id="IPLSng">13361.3146666667</dst>
            <dst id="KSCYng">7822.56</dst>
            <dst id="LOSAng">26.6666666666667</dst>
            <dst id="NYCMng">10995.0746666667</dst>
            <dst id="SNVAng">130.386666666667</dst>
            <dst id="STTLng">98.5306666666666</dst>
            <dst id="WASHng">14721.1386666667</dst>
        </src>
        <src id="LOSAng">
            <dst id="ATLA-M5">0</dst>
            <dst id="ATLAng">23445.3066666667</dst>
            <dst id="CHINng">7494.92533333333</dst>
            <dst id="DNVRng">28291.1626666667</dst>
            <dst id="HSTNng">180359.010666667</dst>
            <dst id="IPLSng">520.013333333333</dst>
            <dst id="KSCYng">342.888</dst>
            <dst id="LOSAng">15668.3573333333</dst>
            <dst id="NYCMng">36837.9093333333</dst>
            <dst id="SNVAng">17104.9813333333</dst>
            <dst id="STTLng">19536.272</dst>
            <dst id="WASHng">105506.157333333</dst>
        </src>
        <src id="NYCMng">
            <dst id="ATLA-M5">0</dst>
            <dst id="ATLAng">54474.1306666667</dst>
            <dst id="CHINng">90236.2773333333</dst>
            <dst id="DNVRng">45280.5813333333</dst>
            <dst id="HSTNng">154591.96</dst>
            <dst id="IPLSng">82460.2346666667</dst>
            <dst id="KSCYng">25701.048</dst>
            <dst id="LOSAng">117.333333333333</dst>
            <dst id="NYCMng">266155.266666667</dst>
            <dst id="SNVAng">182.741333333333</dst>
            <dst id="STTLng">2646.52</dst>
            <dst id="WASHng">159023.32</dst>
        </src>
        <src id="SNVAng">
            <dst id="ATLA-M5">0</dst>
            <dst id="ATLAng">1679.90133333333</dst>
            <dst id="CHINng">133.333333333333</dst>
            <dst id="DNVRng">9232.93866666667</dst>
            <dst id="HSTNng">8302.56</dst>
            <dst id="IPLSng">0</dst>
            <dst id="KSCYng">1656.69866666667</dst>
            <dst id="LOSAng">43863.8933333333</dst>
            <dst id="NYCMng">5339.256</dst>
            <dst id="SNVAng">19810.136</dst>
            <dst id="STTLng">70345.576</dst>
            <dst id="WASHng">2105.056</dst>
        </src>
        <src id="STTLng">
            <dst id="ATLA-M5">0</dst>
            <dst id="ATLAng">10676.576</dst>
            <dst id="CHINng">21986.8266666667</dst>
            <dst id="DNVRng">9701.22933333333</dst>
            <dst id="HSTNng">41595.8373333333</dst>
            <dst id="IPLSng">134.293333333333</dst>
            <dst id="KSCYng">6901.72533333333</dst>
            <dst id="LOSAng">30575.712</dst>
            <dst id="NYCMng">14982.0906666667</dst>
            <dst id="SNVAng">9525.808</dst>
            <dst id="STTLng">4244.384</dst>
            <dst id="WASHng">35987.2986666667</dst>
        </src>
        <src id="WASHng">
            <dst id="ATLA-M5">0</dst>
            <dst id="ATLAng">140279.474666667</dst>
            <dst id="CHINng">93844.336</dst>
            <dst id="DNVRng">3607.52533333333</dst>
            <dst id="HSTNng">360227.866666667</dst>
            <dst id="IPLSng">64263.6773333334</dst>
            <dst id="KSCYng">15474.2213333333</dst>
            <dst id="LOSAng">356</dst>
            <dst id="NYCMng">222576.576</dst>
            <dst id="SNVAng">3833.176</dst>
            <dst id="STTLng">3188.39733333333</dst>
            <dst id="WASHng">295799.92</dst>
        </src>
    </IntraTM>
</TrafficMatrixFile>
