<?xml version="1.0" encoding="ISO-8859-1" standalone="yes"?>
<TrafficMatrixFile xsi:noNamespaceSchemaLocation="http://totem.run.montefiore.ulg.ac.be/Schema/TrafficMatrix-v1_2.xsd" xmlns:xsi="http://www.w3.org/2001/XMLSchema-instance">
    <IntraTM ASID="11537">
        <src id="ATLA-M5">
            <dst id="ATLA-M5">56.6186666666667</dst>
            <dst id="ATLAng">1023.75733333333</dst>
            <dst id="CHINng">418.805333333333</dst>
            <dst id="DNVRng">0</dst>
            <dst id="HSTNng">739.754666666667</dst>
            <dst id="IPLSng">778.405333333333</dst>
            <dst id="KSCYng">259.285333333333</dst>
            <dst id="LOSAng">0</dst>
            <dst id="NYCMng">483.429333333333</dst>
            <dst id="SNVAng">26.6666666666667</dst>
            <dst id="STTLng">26.6666666666667</dst>
            <dst id="WASHng">2389.81333333333</dst>
        </src>
        <src id="ATLAng">
            <dst id="ATLA-M5">0</dst>
            <dst id="ATLAng">41112.2746666667</dst>
            <dst id="CHINng">34187.2853333333</dst>
            <dst id="DNVRng">26.6666666666667</dst>
            <dst id="HSTNng">41334.4613333333</dst>
            <dst id="IPLSng">30505.3573333333</dst>
            <dst id="KSCYng">4656.18666666667</dst>
            <dst id="LOSAng">0</dst>
            <dst id="NYCMng">21273.7333333333</dst>
            <dst id="SNVAng">3397.14133333333</dst>
            <dst id="STTLng">1755.19466666667</dst>
            <dst id="WASHng">89999.464</dst>
        </src>
        <src id="CHINng">
            <dst id="ATLA-M5">0</dst>
            <dst id="ATLAng">28388.8</dst>
            <dst id="CHINng">210297.629333333</dst>
            <dst id="DNVRng">28154.152</dst>
            <dst id="HSTNng">85014.9013333333</dst>
            <dst id="IPLSng">55268.2453333333</dst>
            <dst id="KSCYng">23594.3093333333</dst>
            <dst id="LOSAng">246.058666666667</dst>
            <dst id="NYCMng">36840.92</dst>
            <dst id="SNVAng">80.3813333333333</dst>
            <dst id="STTLng">1281.49866666667</dst>
            <dst id="WASHng">50285.8213333333</dst>
        </src>
        <src id="DNVRng">
            <dst id="ATLA-M5">0</dst>
            <dst id="ATLAng">17187.3546666667</dst>
            <dst id="CHINng">117661.330666667</dst>
            <dst id="DNVRng">9461.16</dst>
            <dst id="HSTNng">39874.3333333333</dst>
            <dst id="IPLSng">27303.4826666667</dst>
            <dst id="KSCYng">14067.7546666667</dst>
            <dst id="LOSAng">28.384</dst>
            <dst id="NYCMng">17688.8853333333</dst>
            <dst id="SNVAng">11433.2</dst>
            <dst id="STTLng">925.957333333333</dst>
            <dst id="WASHng">51041.6026666667</dst>
        </src>
        <src id="HSTNng">
            <dst id="ATLA-M5">0</dst>
            <dst id="ATLAng">32020.8426666667</dst>
            <dst id="CHINng">4519.984</dst>
            <dst id="DNVRng">58.6666666666667</dst>
            <dst id="HSTNng">334761.68</dst>
            <dst id="IPLSng">26.6666666666667</dst>
            <dst id="KSCYng">53.3333333333333</dst>
            <dst id="LOSAng">0</dst>
            <dst id="NYCMng">7423.37866666667</dst>
            <dst id="SNVAng">26.6666666666667</dst>
            <dst id="STTLng">53.3333333333333</dst>
            <dst id="WASHng">119695.818666667</dst>
        </src>
        <src id="IPLSng">
            <dst id="ATLA-M5">0</dst>
            <dst id="ATLAng">17349.2426666667</dst>
            <dst id="CHINng">163956.528</dst>
            <dst id="DNVRng">8726.99466666666</dst>
            <dst id="HSTNng">105067.458666667</dst>
            <dst id="IPLSng">49454.696</dst>
            <dst id="KSCYng">24387.2613333333</dst>
            <dst id="LOSAng">26.6666666666667</dst>
            <dst id="NYCMng">51098.6026666667</dst>
            <dst id="SNVAng">254.741333333333</dst>
            <dst id="STTLng">225.904</dst>
            <dst id="WASHng">56871.5413333333</dst>
        </src>
        <src id="KSCYng">
            <dst id="ATLA-M5">0</dst>
            <dst id="ATLAng">7517.45866666667</dst>
            <dst id="CHINng">35399.9813333333</dst>
            <dst id="DNVRng">13446.3733333333</dst>
            <dst id="HSTNng">16372.8613333333</dst>
            <dst id="IPLSng">13450.648</dst>
            <dst id="KSCYng">11602.512</dst>
            <dst id="LOSAng">0</dst>
            <dst id="NYCMng">11544.5413333333</dst>
            <dst id="SNVAng">61.9546666666667</dst>
            <dst id="STTLng">88.5253333333333</dst>
            <dst id="WASHng">15976.904</dst>
        </src>
        <src id="LOSAng">
            <dst id="ATLA-M5">0</dst>
            <dst id="ATLAng">24339.4773333333</dst>
            <dst id="CHINng">8955.61066666667</dst>
            <dst id="DNVRng">18371.1866666667</dst>
            <dst id="HSTNng">283223.893333333</dst>
            <dst id="IPLSng">1782.13866666667</dst>
            <dst id="KSCYng">879.013333333333</dst>
            <dst id="LOSAng">17452.5653333333</dst>
            <dst id="NYCMng">58608.272</dst>
            <dst id="SNVAng">12863.1973333333</dst>
            <dst id="STTLng">22226.5173333333</dst>
            <dst id="WASHng">108951.6</dst>
        </src>
        <src id="NYCMng">
            <dst id="ATLA-M5">0</dst>
            <dst id="ATLAng">43695.424</dst>
            <dst id="CHINng">106843.330666667</dst>
            <dst id="DNVRng">26429.8533333333</dst>
            <dst id="HSTNng">98435.6933333333</dst>
            <dst id="IPLSng">71602.496</dst>
            <dst id="KSCYng">18445.288</dst>
            <dst id="LOSAng">26.6666666666667</dst>
            <dst id="NYCMng">227714.338666667</dst>
            <dst id="SNVAng">106.666666666667</dst>
            <dst id="STTLng">2518.416</dst>
            <dst id="WASHng">135047.376</dst>
        </src>
        <src id="SNVAng">
            <dst id="ATLA-M5">0</dst>
            <dst id="ATLAng">1295.37866666667</dst>
            <dst id="CHINng">652.218666666667</dst>
            <dst id="DNVRng">2875.02666666667</dst>
            <dst id="HSTNng">12769.7786666667</dst>
            <dst id="IPLSng">0</dst>
            <dst id="KSCYng">3837.42666666667</dst>
            <dst id="LOSAng">36056.1013333333</dst>
            <dst id="NYCMng">4761.28533333333</dst>
            <dst id="SNVAng">15475.0426666667</dst>
            <dst id="STTLng">54027.1813333333</dst>
            <dst id="WASHng">1924.63466666667</dst>
        </src>
        <src id="STTLng">
            <dst id="ATLA-M5">0</dst>
            <dst id="ATLAng">15089.6533333333</dst>
            <dst id="CHINng">36046.944</dst>
            <dst id="DNVRng">5907.80533333333</dst>
            <dst id="HSTNng">60390.5413333333</dst>
            <dst id="IPLSng">1009.88266666667</dst>
            <dst id="KSCYng">9501.27733333333</dst>
            <dst id="LOSAng">16348.44</dst>
            <dst id="NYCMng">14926.6106666667</dst>
            <dst id="SNVAng">6417.176</dst>
            <dst id="STTLng">3268.81066666667</dst>
            <dst id="WASHng">38865.3253333333</dst>
        </src>
        <src id="WASHng">
            <dst id="ATLA-M5">0</dst>
            <dst id="ATLAng">141221.930666667</dst>
            <dst id="CHINng">96909.584</dst>
            <dst id="DNVRng">762.754666666666</dst>
            <dst id="HSTNng">296043.013333333</dst>
            <dst id="IPLSng">97067.2586666667</dst>
            <dst id="KSCYng">22142.6613333333</dst>
            <dst id="LOSAng">163.197333333333</dst>
            <dst id="NYCMng">215395.618666667</dst>
            <dst id="SNVAng">649.138666666667</dst>
            <dst id="STTLng">3673.28533333333</dst>
            <dst id="WASHng">457777.013333333</dst>
        </src>
    </IntraTM>
</TrafficMatrixFile>
