<?xml version="1.0" encoding="ISO-8859-1" standalone="yes"?>
<TrafficMatrixFile xsi:noNamespaceSchemaLocation="http://totem.run.montefiore.ulg.ac.be/Schema/TrafficMatrix-v1_2.xsd" xmlns:xsi="http://www.w3.org/2001/XMLSchema-instance">
    <IntraTM ASID="11537">
        <src id="ATLA-M5">
            <dst id="ATLA-M5">0</dst>
            <dst id="ATLAng">322.738666666667</dst>
            <dst id="CHINng">646.736</dst>
            <dst id="DNVRng">0</dst>
            <dst id="HSTNng">302.858666666667</dst>
            <dst id="IPLSng">243.64</dst>
            <dst id="KSCYng">0</dst>
            <dst id="LOSAng">0</dst>
            <dst id="NYCMng">750.784</dst>
            <dst id="SNVAng">0</dst>
            <dst id="STTLng">0</dst>
            <dst id="WASHng">1022.35466666667</dst>
        </src>
        <src id="ATLAng">
            <dst id="ATLA-M5">0</dst>
            <dst id="ATLAng">26345.7546666667</dst>
            <dst id="CHINng">23913.4293333333</dst>
            <dst id="DNVRng">0</dst>
            <dst id="HSTNng">3105.60266666667</dst>
            <dst id="IPLSng">25885.2666666667</dst>
            <dst id="KSCYng">0</dst>
            <dst id="LOSAng">26.6666666666667</dst>
            <dst id="NYCMng">39822.56</dst>
            <dst id="SNVAng">26.6666666666667</dst>
            <dst id="STTLng">26.6666666666667</dst>
            <dst id="WASHng">35966.9786666667</dst>
        </src>
        <src id="CHINng">
            <dst id="ATLA-M5">0</dst>
            <dst id="ATLAng">22383.7173333333</dst>
            <dst id="CHINng">25185.9413333333</dst>
            <dst id="DNVRng">0</dst>
            <dst id="HSTNng">8844.82133333333</dst>
            <dst id="IPLSng">40133.2693333333</dst>
            <dst id="KSCYng">26.6666666666667</dst>
            <dst id="LOSAng">53.3333333333333</dst>
            <dst id="NYCMng">203304.826666667</dst>
            <dst id="SNVAng">0</dst>
            <dst id="STTLng">2244.00533333333</dst>
            <dst id="WASHng">30326.8613333333</dst>
        </src>
        <src id="DNVRng">
            <dst id="ATLA-M5">0</dst>
            <dst id="ATLAng">5410.896</dst>
            <dst id="CHINng">27814.7733333333</dst>
            <dst id="DNVRng">3823.34933333333</dst>
            <dst id="HSTNng">18548.064</dst>
            <dst id="IPLSng">27192.2346666667</dst>
            <dst id="KSCYng">9731.07466666667</dst>
            <dst id="LOSAng">0</dst>
            <dst id="NYCMng">33782.4426666667</dst>
            <dst id="SNVAng">5762.288</dst>
            <dst id="STTLng">2071.92</dst>
            <dst id="WASHng">32037.1813333333</dst>
        </src>
        <src id="HSTNng">
            <dst id="ATLA-M5">0</dst>
            <dst id="ATLAng">35649.1973333333</dst>
            <dst id="CHINng">323.301333333333</dst>
            <dst id="DNVRng">0</dst>
            <dst id="HSTNng">85263.2693333333</dst>
            <dst id="IPLSng">26.6666666666667</dst>
            <dst id="KSCYng">26.6666666666667</dst>
            <dst id="LOSAng">0</dst>
            <dst id="NYCMng">2739.87466666667</dst>
            <dst id="SNVAng">26.6666666666667</dst>
            <dst id="STTLng">0</dst>
            <dst id="WASHng">102652.101333333</dst>
        </src>
        <src id="IPLSng">
            <dst id="ATLA-M5">0</dst>
            <dst id="ATLAng">12772.9813333333</dst>
            <dst id="CHINng">78898.768</dst>
            <dst id="DNVRng">0</dst>
            <dst id="HSTNng">8371.86666666667</dst>
            <dst id="IPLSng">15080.376</dst>
            <dst id="KSCYng">23980.232</dst>
            <dst id="LOSAng">0</dst>
            <dst id="NYCMng">196894.378666667</dst>
            <dst id="SNVAng">106.666666666667</dst>
            <dst id="STTLng">53.3333333333333</dst>
            <dst id="WASHng">15199.544</dst>
        </src>
        <src id="KSCYng">
            <dst id="ATLA-M5">0</dst>
            <dst id="ATLAng">5982.94933333333</dst>
            <dst id="CHINng">24414.72</dst>
            <dst id="DNVRng">8147.78133333333</dst>
            <dst id="HSTNng">19465.1413333333</dst>
            <dst id="IPLSng">9469.8</dst>
            <dst id="KSCYng">5328.02666666667</dst>
            <dst id="LOSAng">0</dst>
            <dst id="NYCMng">19574.1146666667</dst>
            <dst id="SNVAng">0</dst>
            <dst id="STTLng">0</dst>
            <dst id="WASHng">15517.056</dst>
        </src>
        <src id="LOSAng">
            <dst id="ATLA-M5">0</dst>
            <dst id="ATLAng">33540.6986666667</dst>
            <dst id="CHINng">3785.74933333333</dst>
            <dst id="DNVRng">7737.06933333333</dst>
            <dst id="HSTNng">84075.4666666666</dst>
            <dst id="IPLSng">1177.18666666667</dst>
            <dst id="KSCYng">53.3333333333333</dst>
            <dst id="LOSAng">13790.9573333333</dst>
            <dst id="NYCMng">55840.3413333333</dst>
            <dst id="SNVAng">8720.68266666667</dst>
            <dst id="STTLng">21918.6853333333</dst>
            <dst id="WASHng">92423.472</dst>
        </src>
        <src id="NYCMng">
            <dst id="ATLA-M5">0</dst>
            <dst id="ATLAng">26114.9146666667</dst>
            <dst id="CHINng">1523.552</dst>
            <dst id="DNVRng">0</dst>
            <dst id="HSTNng">10164.752</dst>
            <dst id="IPLSng">90.24</dst>
            <dst id="KSCYng">53.3333333333333</dst>
            <dst id="LOSAng">156.506666666667</dst>
            <dst id="NYCMng">393279.626666667</dst>
            <dst id="SNVAng">0</dst>
            <dst id="STTLng">175.490666666667</dst>
            <dst id="WASHng">77784.712</dst>
        </src>
        <src id="SNVAng">
            <dst id="ATLA-M5">0</dst>
            <dst id="ATLAng">849.442666666667</dst>
            <dst id="CHINng">64.384</dst>
            <dst id="DNVRng">5158.64</dst>
            <dst id="HSTNng">4864.39733333333</dst>
            <dst id="IPLSng">163.056</dst>
            <dst id="KSCYng">484.952</dst>
            <dst id="LOSAng">36825.6026666667</dst>
            <dst id="NYCMng">4030.96</dst>
            <dst id="SNVAng">16637.352</dst>
            <dst id="STTLng">59795.0693333333</dst>
            <dst id="WASHng">583.856</dst>
        </src>
        <src id="STTLng">
            <dst id="ATLA-M5">0</dst>
            <dst id="ATLAng">6237.07466666667</dst>
            <dst id="CHINng">665.112</dst>
            <dst id="DNVRng">4138.32</dst>
            <dst id="HSTNng">13062.8853333333</dst>
            <dst id="IPLSng">177.157333333333</dst>
            <dst id="KSCYng">4173.41066666667</dst>
            <dst id="LOSAng">17474.12</dst>
            <dst id="NYCMng">45157.7093333333</dst>
            <dst id="SNVAng">14569.2133333333</dst>
            <dst id="STTLng">1021.736</dst>
            <dst id="WASHng">27865.304</dst>
        </src>
        <src id="WASHng">
            <dst id="ATLA-M5">0</dst>
            <dst id="ATLAng">142172.253333333</dst>
            <dst id="CHINng">727.861333333333</dst>
            <dst id="DNVRng">0</dst>
            <dst id="HSTNng">68974.248</dst>
            <dst id="IPLSng">102.688</dst>
            <dst id="KSCYng">26.6666666666667</dst>
            <dst id="LOSAng">102.026666666667</dst>
            <dst id="NYCMng">458386.4</dst>
            <dst id="SNVAng">77.0186666666667</dst>
            <dst id="STTLng">2269.84533333333</dst>
            <dst id="WASHng">270839.653333333</dst>
        </src>
    </IntraTM>
</TrafficMatrixFile>
