<?xml version="1.0" encoding="ISO-8859-1" standalone="yes"?>
<TrafficMatrixFile xsi:noNamespaceSchemaLocation="http://totem.run.montefiore.ulg.ac.be/Schema/TrafficMatrix-v1_2.xsd" xmlns:xsi="http://www.w3.org/2001/XMLSchema-instance">
    <IntraTM ASID="11537">
        <src id="ATLA-M5">
            <dst id="ATLA-M5">29.8986666666667</dst>
            <dst id="ATLAng">199.453333333333</dst>
            <dst id="CHINng">504.517333333333</dst>
            <dst id="DNVRng">0</dst>
            <dst id="HSTNng">101.848</dst>
            <dst id="IPLSng">1167.95466666667</dst>
            <dst id="KSCYng">0</dst>
            <dst id="LOSAng">0</dst>
            <dst id="NYCMng">1715.14933333333</dst>
            <dst id="SNVAng">0</dst>
            <dst id="STTLng">0</dst>
            <dst id="WASHng">1912.29066666667</dst>
        </src>
        <src id="ATLAng">
            <dst id="ATLA-M5">0</dst>
            <dst id="ATLAng">31859.1786666667</dst>
            <dst id="CHINng">50081.5146666667</dst>
            <dst id="DNVRng">0</dst>
            <dst id="HSTNng">11726.3333333333</dst>
            <dst id="IPLSng">27912.2106666667</dst>
            <dst id="KSCYng">0</dst>
            <dst id="LOSAng">0</dst>
            <dst id="NYCMng">69403.76</dst>
            <dst id="SNVAng">72.5706666666667</dst>
            <dst id="STTLng">26.6666666666667</dst>
            <dst id="WASHng">47752.3973333333</dst>
        </src>
        <src id="CHINng">
            <dst id="ATLA-M5">0</dst>
            <dst id="ATLAng">42454.3013333333</dst>
            <dst id="CHINng">34826.304</dst>
            <dst id="DNVRng">0</dst>
            <dst id="HSTNng">24801.7013333333</dst>
            <dst id="IPLSng">74537.232</dst>
            <dst id="KSCYng">106.666666666667</dst>
            <dst id="LOSAng">53.9946666666667</dst>
            <dst id="NYCMng">237955.568</dst>
            <dst id="SNVAng">0</dst>
            <dst id="STTLng">135.952</dst>
            <dst id="WASHng">45692.824</dst>
        </src>
        <src id="DNVRng">
            <dst id="ATLA-M5">0</dst>
            <dst id="ATLAng">7945.87733333333</dst>
            <dst id="CHINng">37428.3173333333</dst>
            <dst id="DNVRng">11526.96</dst>
            <dst id="HSTNng">46627.928</dst>
            <dst id="IPLSng">38159.2186666667</dst>
            <dst id="KSCYng">16730.4746666667</dst>
            <dst id="LOSAng">26.6666666666667</dst>
            <dst id="NYCMng">29212.5413333333</dst>
            <dst id="SNVAng">13690.888</dst>
            <dst id="STTLng">173.176</dst>
            <dst id="WASHng">43322.496</dst>
        </src>
        <src id="HSTNng">
            <dst id="ATLA-M5">0</dst>
            <dst id="ATLAng">45571.1173333333</dst>
            <dst id="CHINng">2291.75466666667</dst>
            <dst id="DNVRng">53.3333333333333</dst>
            <dst id="HSTNng">142976.290666667</dst>
            <dst id="IPLSng">260.042666666667</dst>
            <dst id="KSCYng">0</dst>
            <dst id="LOSAng">0</dst>
            <dst id="NYCMng">8811.98133333333</dst>
            <dst id="SNVAng">26.6666666666667</dst>
            <dst id="STTLng">26.6666666666667</dst>
            <dst id="WASHng">135765.218666667</dst>
        </src>
        <src id="IPLSng">
            <dst id="ATLA-M5">0</dst>
            <dst id="ATLAng">13883.2613333333</dst>
            <dst id="CHINng">131222.757333333</dst>
            <dst id="DNVRng">0</dst>
            <dst id="HSTNng">12401.9546666667</dst>
            <dst id="IPLSng">19971.6</dst>
            <dst id="KSCYng">28020.8026666667</dst>
            <dst id="LOSAng">78.56</dst>
            <dst id="NYCMng">156419.738666667</dst>
            <dst id="SNVAng">186.666666666667</dst>
            <dst id="STTLng">80</dst>
            <dst id="WASHng">29019.8426666667</dst>
        </src>
        <src id="KSCYng">
            <dst id="ATLA-M5">0</dst>
            <dst id="ATLAng">4500.99466666667</dst>
            <dst id="CHINng">19926.2293333333</dst>
            <dst id="DNVRng">18049.5546666667</dst>
            <dst id="HSTNng">16856.184</dst>
            <dst id="IPLSng">13670.496</dst>
            <dst id="KSCYng">14936.6266666667</dst>
            <dst id="LOSAng">0</dst>
            <dst id="NYCMng">25790.784</dst>
            <dst id="SNVAng">0</dst>
            <dst id="STTLng">0</dst>
            <dst id="WASHng">11274.1973333333</dst>
        </src>
        <src id="LOSAng">
            <dst id="ATLA-M5">0</dst>
            <dst id="ATLAng">38168.7893333333</dst>
            <dst id="CHINng">2633.92</dst>
            <dst id="DNVRng">24535.92</dst>
            <dst id="HSTNng">122419.754666667</dst>
            <dst id="IPLSng">1009.32266666667</dst>
            <dst id="KSCYng">1445.736</dst>
            <dst id="LOSAng">20972.6906666667</dst>
            <dst id="NYCMng">74479.096</dst>
            <dst id="SNVAng">18998.7093333333</dst>
            <dst id="STTLng">19591.9253333333</dst>
            <dst id="WASHng">112093.114666667</dst>
        </src>
        <src id="NYCMng">
            <dst id="ATLA-M5">0</dst>
            <dst id="ATLAng">50230.5386666667</dst>
            <dst id="CHINng">1001.78666666667</dst>
            <dst id="DNVRng">0</dst>
            <dst id="HSTNng">18274.3813333333</dst>
            <dst id="IPLSng">53.3333333333333</dst>
            <dst id="KSCYng">90.9893333333333</dst>
            <dst id="LOSAng">0</dst>
            <dst id="NYCMng">929996.88</dst>
            <dst id="SNVAng">53.3333333333333</dst>
            <dst id="STTLng">80</dst>
            <dst id="WASHng">300122.186666667</dst>
        </src>
        <src id="SNVAng">
            <dst id="ATLA-M5">0</dst>
            <dst id="ATLAng">4348.90133333333</dst>
            <dst id="CHINng">55.744</dst>
            <dst id="DNVRng">1956.68266666667</dst>
            <dst id="HSTNng">4604.296</dst>
            <dst id="IPLSng">0</dst>
            <dst id="KSCYng">549</dst>
            <dst id="LOSAng">34817.264</dst>
            <dst id="NYCMng">6593.36</dst>
            <dst id="SNVAng">14196.0373333333</dst>
            <dst id="STTLng">55336.7946666667</dst>
            <dst id="WASHng">848.52</dst>
        </src>
        <src id="STTLng">
            <dst id="ATLA-M5">0</dst>
            <dst id="ATLAng">11707.8053333333</dst>
            <dst id="CHINng">3431.18933333333</dst>
            <dst id="DNVRng">10436.5466666667</dst>
            <dst id="HSTNng">24213.4826666667</dst>
            <dst id="IPLSng">203.450666666667</dst>
            <dst id="KSCYng">4516.96</dst>
            <dst id="LOSAng">29891.712</dst>
            <dst id="NYCMng">49792.1786666667</dst>
            <dst id="SNVAng">10135.5173333333</dst>
            <dst id="STTLng">4404.99733333333</dst>
            <dst id="WASHng">29889.3893333333</dst>
        </src>
        <src id="WASHng">
            <dst id="ATLA-M5">0</dst>
            <dst id="ATLAng">106280.842666667</dst>
            <dst id="CHINng">408.984</dst>
            <dst id="DNVRng">0</dst>
            <dst id="HSTNng">90820.9946666667</dst>
            <dst id="IPLSng">160</dst>
            <dst id="KSCYng">107.144</dst>
            <dst id="LOSAng">118.666666666667</dst>
            <dst id="NYCMng">600242.533333333</dst>
            <dst id="SNVAng">26.6666666666667</dst>
            <dst id="STTLng">26.6666666666667</dst>
            <dst id="WASHng">286194.933333333</dst>
        </src>
    </IntraTM>
</TrafficMatrixFile>
