<?xml version="1.0" encoding="ISO-8859-1" standalone="yes"?>
<TrafficMatrixFile xsi:noNamespaceSchemaLocation="http://totem.run.montefiore.ulg.ac.be/Schema/TrafficMatrix-v1_2.xsd" xmlns:xsi="http://www.w3.org/2001/XMLSchema-instance">
    <IntraTM ASID="11537">
        <src id="ATLA-M5">
            <dst id="ATLA-M5">170.008</dst>
            <dst id="ATLAng">160</dst>
            <dst id="CHINng">1797.79733333333</dst>
            <dst id="DNVRng">0</dst>
            <dst id="HSTNng">1316.304</dst>
            <dst id="IPLSng">975.712</dst>
            <dst id="KSCYng">377.773333333333</dst>
            <dst id="LOSAng">0</dst>
            <dst id="NYCMng">638.845333333333</dst>
            <dst id="SNVAng">0</dst>
            <dst id="STTLng">0</dst>
            <dst id="WASHng">2061.33333333333</dst>
        </src>
        <src id="ATLAng">
            <dst id="ATLA-M5">0</dst>
            <dst id="ATLAng">26490.7573333333</dst>
            <dst id="CHINng">19714.9573333333</dst>
            <dst id="DNVRng">80</dst>
            <dst id="HSTNng">65994.6026666667</dst>
            <dst id="IPLSng">31233.0426666667</dst>
            <dst id="KSCYng">10813.8293333333</dst>
            <dst id="LOSAng">0</dst>
            <dst id="NYCMng">20571.6853333333</dst>
            <dst id="SNVAng">53.3333333333333</dst>
            <dst id="STTLng">300.770666666667</dst>
            <dst id="WASHng">77963.832</dst>
        </src>
        <src id="CHINng">
            <dst id="ATLA-M5">0</dst>
            <dst id="ATLAng">40630.6906666667</dst>
            <dst id="CHINng">137491.301333333</dst>
            <dst id="DNVRng">18814.648</dst>
            <dst id="HSTNng">117579.181333333</dst>
            <dst id="IPLSng">89341.5733333333</dst>
            <dst id="KSCYng">18755.24</dst>
            <dst id="LOSAng">379.613333333333</dst>
            <dst id="NYCMng">48576.5706666667</dst>
            <dst id="SNVAng">61.1093333333333</dst>
            <dst id="STTLng">1351.61866666667</dst>
            <dst id="WASHng">55309.8666666667</dst>
        </src>
        <src id="DNVRng">
            <dst id="ATLA-M5">0</dst>
            <dst id="ATLAng">21775.32</dst>
            <dst id="CHINng">75168.3573333333</dst>
            <dst id="DNVRng">11619.2746666667</dst>
            <dst id="HSTNng">47863.9866666667</dst>
            <dst id="IPLSng">27839.592</dst>
            <dst id="KSCYng">14724.2053333333</dst>
            <dst id="LOSAng">0</dst>
            <dst id="NYCMng">20379.8693333333</dst>
            <dst id="SNVAng">28298.9573333333</dst>
            <dst id="STTLng">708.122666666667</dst>
            <dst id="WASHng">53414.7493333333</dst>
        </src>
        <src id="HSTNng">
            <dst id="ATLA-M5">0</dst>
            <dst id="ATLAng">39114.5173333333</dst>
            <dst id="CHINng">3228.43733333333</dst>
            <dst id="DNVRng">26.6666666666667</dst>
            <dst id="HSTNng">166600.482666667</dst>
            <dst id="IPLSng">26.6666666666667</dst>
            <dst id="KSCYng">26.6666666666667</dst>
            <dst id="LOSAng">0</dst>
            <dst id="NYCMng">7664.48533333333</dst>
            <dst id="SNVAng">0</dst>
            <dst id="STTLng">639.098666666667</dst>
            <dst id="WASHng">124337</dst>
        </src>
        <src id="IPLSng">
            <dst id="ATLA-M5">0</dst>
            <dst id="ATLAng">22859.0693333333</dst>
            <dst id="CHINng">124053.810666667</dst>
            <dst id="DNVRng">21292.192</dst>
            <dst id="HSTNng">141511.786666667</dst>
            <dst id="IPLSng">29281.6373333333</dst>
            <dst id="KSCYng">37927.7946666667</dst>
            <dst id="LOSAng">80</dst>
            <dst id="NYCMng">73078.288</dst>
            <dst id="SNVAng">3364.6</dst>
            <dst id="STTLng">1098.42133333333</dst>
            <dst id="WASHng">46256.152</dst>
        </src>
        <src id="KSCYng">
            <dst id="ATLA-M5">0</dst>
            <dst id="ATLAng">7241.24266666667</dst>
            <dst id="CHINng">39151.0106666667</dst>
            <dst id="DNVRng">8365.80533333333</dst>
            <dst id="HSTNng">21487.328</dst>
            <dst id="IPLSng">17754.88</dst>
            <dst id="KSCYng">9610.824</dst>
            <dst id="LOSAng">98.7706666666667</dst>
            <dst id="NYCMng">11762.816</dst>
            <dst id="SNVAng">0</dst>
            <dst id="STTLng">193.696</dst>
            <dst id="WASHng">15893.76</dst>
        </src>
        <src id="LOSAng">
            <dst id="ATLA-M5">0</dst>
            <dst id="ATLAng">26757.0053333333</dst>
            <dst id="CHINng">5635.78133333333</dst>
            <dst id="DNVRng">18326.1066666667</dst>
            <dst id="HSTNng">205087.909333333</dst>
            <dst id="IPLSng">284.018666666667</dst>
            <dst id="KSCYng">131.768</dst>
            <dst id="LOSAng">20997.848</dst>
            <dst id="NYCMng">85196.5013333333</dst>
            <dst id="SNVAng">22141.6026666667</dst>
            <dst id="STTLng">32107.8453333333</dst>
            <dst id="WASHng">110859.6</dst>
        </src>
        <src id="NYCMng">
            <dst id="ATLA-M5">0</dst>
            <dst id="ATLAng">46190.1946666667</dst>
            <dst id="CHINng">93765.864</dst>
            <dst id="DNVRng">39373.72</dst>
            <dst id="HSTNng">163261.549333333</dst>
            <dst id="IPLSng">98000.7306666667</dst>
            <dst id="KSCYng">22291.576</dst>
            <dst id="LOSAng">324.344</dst>
            <dst id="NYCMng">265035.045333333</dst>
            <dst id="SNVAng">313.402666666667</dst>
            <dst id="STTLng">5881.072</dst>
            <dst id="WASHng">181501.434666667</dst>
        </src>
        <src id="SNVAng">
            <dst id="ATLA-M5">0</dst>
            <dst id="ATLAng">1550.648</dst>
            <dst id="CHINng">431.936</dst>
            <dst id="DNVRng">8132.52266666667</dst>
            <dst id="HSTNng">13717.232</dst>
            <dst id="IPLSng">0</dst>
            <dst id="KSCYng">1418.74133333333</dst>
            <dst id="LOSAng">59210.9413333333</dst>
            <dst id="NYCMng">17898.1466666667</dst>
            <dst id="SNVAng">16204.6293333333</dst>
            <dst id="STTLng">50126.9066666667</dst>
            <dst id="WASHng">2409.12</dst>
        </src>
        <src id="STTLng">
            <dst id="ATLA-M5">0</dst>
            <dst id="ATLAng">11998.224</dst>
            <dst id="CHINng">22268.6133333333</dst>
            <dst id="DNVRng">6991.69866666667</dst>
            <dst id="HSTNng">54303.08</dst>
            <dst id="IPLSng">285.693333333333</dst>
            <dst id="KSCYng">3638.90666666667</dst>
            <dst id="LOSAng">32605.8186666667</dst>
            <dst id="NYCMng">18536.8666666667</dst>
            <dst id="SNVAng">6803.96533333333</dst>
            <dst id="STTLng">9879.06666666667</dst>
            <dst id="WASHng">36334.744</dst>
        </src>
        <src id="WASHng">
            <dst id="ATLA-M5">0</dst>
            <dst id="ATLAng">109457.224</dst>
            <dst id="CHINng">87114.9653333333</dst>
            <dst id="DNVRng">4676.104</dst>
            <dst id="HSTNng">326198.933333333</dst>
            <dst id="IPLSng">88443.4026666666</dst>
            <dst id="KSCYng">22154.8506666667</dst>
            <dst id="LOSAng">323.373333333333</dst>
            <dst id="NYCMng">222363.525333333</dst>
            <dst id="SNVAng">485.744</dst>
            <dst id="STTLng">6186.76533333333</dst>
            <dst id="WASHng">285978.666666667</dst>
        </src>
    </IntraTM>
</TrafficMatrixFile>
