<?xml version="1.0" encoding="ISO-8859-1" standalone="yes"?>
<TrafficMatrixFile xsi:noNamespaceSchemaLocation="http://totem.run.montefiore.ulg.ac.be/Schema/TrafficMatrix-v1_2.xsd" xmlns:xsi="http://www.w3.org/2001/XMLSchema-instance">
    <IntraTM ASID="11537">
        <src id="ATLA-M5">
            <dst id="ATLA-M5">116.248</dst>
            <dst id="ATLAng">603.656</dst>
            <dst id="CHINng">857.117333333333</dst>
            <dst id="DNVRng">26.6666666666667</dst>
            <dst id="HSTNng">2107.62133333333</dst>
            <dst id="IPLSng">232.250666666667</dst>
            <dst id="KSCYng">580.274666666667</dst>
            <dst id="LOSAng">0</dst>
            <dst id="NYCMng">519.176</dst>
            <dst id="SNVAng">0</dst>
            <dst id="STTLng">26.6666666666667</dst>
            <dst id="WASHng">3195.648</dst>
        </src>
        <src id="ATLAng">
            <dst id="ATLA-M5">0</dst>
            <dst id="ATLAng">34203.5893333333</dst>
            <dst id="CHINng">30688.424</dst>
            <dst id="DNVRng">79.7226666666667</dst>
            <dst id="HSTNng">48126.92</dst>
            <dst id="IPLSng">40323.8346666667</dst>
            <dst id="KSCYng">8456.50133333333</dst>
            <dst id="LOSAng">26.6666666666667</dst>
            <dst id="NYCMng">25739.9173333333</dst>
            <dst id="SNVAng">663.437333333333</dst>
            <dst id="STTLng">188.698666666667</dst>
            <dst id="WASHng">101152.197333333</dst>
        </src>
        <src id="CHINng">
            <dst id="ATLA-M5">0</dst>
            <dst id="ATLAng">43652.0906666667</dst>
            <dst id="CHINng">113684.986666667</dst>
            <dst id="DNVRng">20753.2986666667</dst>
            <dst id="HSTNng">76868.968</dst>
            <dst id="IPLSng">81283.2693333333</dst>
            <dst id="KSCYng">20786.6933333333</dst>
            <dst id="LOSAng">83.4</dst>
            <dst id="NYCMng">26778.2666666667</dst>
            <dst id="SNVAng">248.744</dst>
            <dst id="STTLng">882.170666666667</dst>
            <dst id="WASHng">52155.9626666667</dst>
        </src>
        <src id="DNVRng">
            <dst id="ATLA-M5">0</dst>
            <dst id="ATLAng">14356.752</dst>
            <dst id="CHINng">63143.6826666667</dst>
            <dst id="DNVRng">13419.752</dst>
            <dst id="HSTNng">59759.2666666667</dst>
            <dst id="IPLSng">35700.1413333333</dst>
            <dst id="KSCYng">18387.6186666667</dst>
            <dst id="LOSAng">0</dst>
            <dst id="NYCMng">23078.576</dst>
            <dst id="SNVAng">14585.3786666667</dst>
            <dst id="STTLng">284.717333333333</dst>
            <dst id="WASHng">52789.8586666667</dst>
        </src>
        <src id="HSTNng">
            <dst id="ATLA-M5">0</dst>
            <dst id="ATLAng">34867.1946666667</dst>
            <dst id="CHINng">6755.49066666667</dst>
            <dst id="DNVRng">140.525333333333</dst>
            <dst id="HSTNng">187296.402666667</dst>
            <dst id="IPLSng">122.088</dst>
            <dst id="KSCYng">53.3333333333333</dst>
            <dst id="LOSAng">0</dst>
            <dst id="NYCMng">10165.832</dst>
            <dst id="SNVAng">38.44</dst>
            <dst id="STTLng">89.3333333333333</dst>
            <dst id="WASHng">119387.528</dst>
        </src>
        <src id="IPLSng">
            <dst id="ATLA-M5">0</dst>
            <dst id="ATLAng">28031.0293333333</dst>
            <dst id="CHINng">178344.189333333</dst>
            <dst id="DNVRng">19069.5866666667</dst>
            <dst id="HSTNng">87630.888</dst>
            <dst id="IPLSng">66555.984</dst>
            <dst id="KSCYng">41238.704</dst>
            <dst id="LOSAng">26.6666666666667</dst>
            <dst id="NYCMng">41042.416</dst>
            <dst id="SNVAng">1448.06133333333</dst>
            <dst id="STTLng">688.165333333333</dst>
            <dst id="WASHng">41133.1946666667</dst>
        </src>
        <src id="KSCYng">
            <dst id="ATLA-M5">0</dst>
            <dst id="ATLAng">8542.33866666667</dst>
            <dst id="CHINng">38824.112</dst>
            <dst id="DNVRng">21187.4026666667</dst>
            <dst id="HSTNng">15687.7493333333</dst>
            <dst id="IPLSng">18422.9653333333</dst>
            <dst id="KSCYng">11105.28</dst>
            <dst id="LOSAng">26.6666666666667</dst>
            <dst id="NYCMng">8504.31733333333</dst>
            <dst id="SNVAng">101.194666666667</dst>
            <dst id="STTLng">192.352</dst>
            <dst id="WASHng">13644.3493333333</dst>
        </src>
        <src id="LOSAng">
            <dst id="ATLA-M5">0</dst>
            <dst id="ATLAng">27965.0506666667</dst>
            <dst id="CHINng">14748.9733333333</dst>
            <dst id="DNVRng">11275.8053333333</dst>
            <dst id="HSTNng">189571.992</dst>
            <dst id="IPLSng">1659.50133333333</dst>
            <dst id="KSCYng">2412.30666666667</dst>
            <dst id="LOSAng">16578.0373333333</dst>
            <dst id="NYCMng">53413.3813333333</dst>
            <dst id="SNVAng">13093.248</dst>
            <dst id="STTLng">22961.9386666667</dst>
            <dst id="WASHng">106845.112</dst>
        </src>
        <src id="NYCMng">
            <dst id="ATLA-M5">0</dst>
            <dst id="ATLAng">75664.6986666667</dst>
            <dst id="CHINng">82726.4533333333</dst>
            <dst id="DNVRng">47935.6</dst>
            <dst id="HSTNng">105299.146666667</dst>
            <dst id="IPLSng">74030.5466666667</dst>
            <dst id="KSCYng">28283.6053333333</dst>
            <dst id="LOSAng">239.258666666667</dst>
            <dst id="NYCMng">247052.421333333</dst>
            <dst id="SNVAng">1527.552</dst>
            <dst id="STTLng">2196.464</dst>
            <dst id="WASHng">162227.610666667</dst>
        </src>
        <src id="SNVAng">
            <dst id="ATLA-M5">0</dst>
            <dst id="ATLAng">1665.91466666667</dst>
            <dst id="CHINng">714.976</dst>
            <dst id="DNVRng">8170.94133333333</dst>
            <dst id="HSTNng">9290.62666666667</dst>
            <dst id="IPLSng">54.0986666666667</dst>
            <dst id="KSCYng">2094.17866666667</dst>
            <dst id="LOSAng">37394.9306666667</dst>
            <dst id="NYCMng">5341.79733333333</dst>
            <dst id="SNVAng">16955.8346666667</dst>
            <dst id="STTLng">49998.5786666667</dst>
            <dst id="WASHng">1473.552</dst>
        </src>
        <src id="STTLng">
            <dst id="ATLA-M5">0</dst>
            <dst id="ATLAng">14559.368</dst>
            <dst id="CHINng">23650.4986666667</dst>
            <dst id="DNVRng">12386.168</dst>
            <dst id="HSTNng">68178.328</dst>
            <dst id="IPLSng">946.096</dst>
            <dst id="KSCYng">6762.08</dst>
            <dst id="LOSAng">18617.688</dst>
            <dst id="NYCMng">12455.7093333333</dst>
            <dst id="SNVAng">12305.7573333333</dst>
            <dst id="STTLng">2889.07466666667</dst>
            <dst id="WASHng">39564.048</dst>
        </src>
        <src id="WASHng">
            <dst id="ATLA-M5">0</dst>
            <dst id="ATLAng">172592.952</dst>
            <dst id="CHINng">130780.842666667</dst>
            <dst id="DNVRng">7080.58933333334</dst>
            <dst id="HSTNng">313127.973333333</dst>
            <dst id="IPLSng">100772.408</dst>
            <dst id="KSCYng">23246.8293333333</dst>
            <dst id="LOSAng">80</dst>
            <dst id="NYCMng">176328.776</dst>
            <dst id="SNVAng">680.637333333333</dst>
            <dst id="STTLng">4843.38933333333</dst>
            <dst id="WASHng">496179.546666667</dst>
        </src>
    </IntraTM>
</TrafficMatrixFile>
