<?xml version="1.0" encoding="ISO-8859-1" standalone="yes"?>
<TrafficMatrixFile xsi:noNamespaceSchemaLocation="http://totem.run.montefiore.ulg.ac.be/Schema/TrafficMatrix-v1_2.xsd" xmlns:xsi="http://www.w3.org/2001/XMLSchema-instance">
    <IntraTM ASID="11537">
        <src id="ATLA-M5">
            <dst id="ATLA-M5">26.6666666666667</dst>
            <dst id="ATLAng">160</dst>
            <dst id="CHINng">1618.84266666667</dst>
            <dst id="DNVRng">0</dst>
            <dst id="HSTNng">1180.46133333333</dst>
            <dst id="IPLSng">1213.416</dst>
            <dst id="KSCYng">363.853333333333</dst>
            <dst id="LOSAng">0</dst>
            <dst id="NYCMng">740.498666666667</dst>
            <dst id="SNVAng">0</dst>
            <dst id="STTLng">0</dst>
            <dst id="WASHng">2230.67466666667</dst>
        </src>
        <src id="ATLAng">
            <dst id="ATLA-M5">0</dst>
            <dst id="ATLAng">44381.2293333333</dst>
            <dst id="CHINng">41924.8666666667</dst>
            <dst id="DNVRng">53.3333333333333</dst>
            <dst id="HSTNng">71940.04</dst>
            <dst id="IPLSng">32939.264</dst>
            <dst id="KSCYng">8184.976</dst>
            <dst id="LOSAng">463.008</dst>
            <dst id="NYCMng">22583.6986666667</dst>
            <dst id="SNVAng">53.3333333333333</dst>
            <dst id="STTLng">471.973333333333</dst>
            <dst id="WASHng">105573.349333333</dst>
        </src>
        <src id="CHINng">
            <dst id="ATLA-M5">0</dst>
            <dst id="ATLAng">38614.232</dst>
            <dst id="CHINng">132634.44</dst>
            <dst id="DNVRng">28041.2453333333</dst>
            <dst id="HSTNng">106725.952</dst>
            <dst id="IPLSng">85488.4106666667</dst>
            <dst id="KSCYng">19463.7013333333</dst>
            <dst id="LOSAng">315.344</dst>
            <dst id="NYCMng">53343.0053333333</dst>
            <dst id="SNVAng">0</dst>
            <dst id="STTLng">1655.72</dst>
            <dst id="WASHng">53227.52</dst>
        </src>
        <src id="DNVRng">
            <dst id="ATLA-M5">0</dst>
            <dst id="ATLAng">24826.0746666667</dst>
            <dst id="CHINng">74562.04</dst>
            <dst id="DNVRng">12846.9093333333</dst>
            <dst id="HSTNng">54106.7386666667</dst>
            <dst id="IPLSng">27741.096</dst>
            <dst id="KSCYng">22343.1893333333</dst>
            <dst id="LOSAng">0</dst>
            <dst id="NYCMng">20918.2453333333</dst>
            <dst id="SNVAng">29265.1386666667</dst>
            <dst id="STTLng">554.677333333333</dst>
            <dst id="WASHng">47475.4506666667</dst>
        </src>
        <src id="HSTNng">
            <dst id="ATLA-M5">0</dst>
            <dst id="ATLAng">37143.8026666667</dst>
            <dst id="CHINng">3247.16266666667</dst>
            <dst id="DNVRng">0</dst>
            <dst id="HSTNng">163387.802666667</dst>
            <dst id="IPLSng">53.3333333333333</dst>
            <dst id="KSCYng">0</dst>
            <dst id="LOSAng">0</dst>
            <dst id="NYCMng">7871.02666666667</dst>
            <dst id="SNVAng">26.6666666666667</dst>
            <dst id="STTLng">210.528</dst>
            <dst id="WASHng">133677.154666667</dst>
        </src>
        <src id="IPLSng">
            <dst id="ATLA-M5">0</dst>
            <dst id="ATLAng">48792.3626666667</dst>
            <dst id="CHINng">145802.197333333</dst>
            <dst id="DNVRng">25937.2693333333</dst>
            <dst id="HSTNng">115251.146666667</dst>
            <dst id="IPLSng">40038.2</dst>
            <dst id="KSCYng">32424.4026666667</dst>
            <dst id="LOSAng">226.666666666667</dst>
            <dst id="NYCMng">71184.824</dst>
            <dst id="SNVAng">383.829333333333</dst>
            <dst id="STTLng">490.368</dst>
            <dst id="WASHng">50826.592</dst>
        </src>
        <src id="KSCYng">
            <dst id="ATLA-M5">0</dst>
            <dst id="ATLAng">6045.44266666667</dst>
            <dst id="CHINng">35802.5173333333</dst>
            <dst id="DNVRng">7911.72533333333</dst>
            <dst id="HSTNng">18790.3813333333</dst>
            <dst id="IPLSng">18810.216</dst>
            <dst id="KSCYng">12137.728</dst>
            <dst id="LOSAng">0</dst>
            <dst id="NYCMng">9195.66133333333</dst>
            <dst id="SNVAng">0</dst>
            <dst id="STTLng">384.021333333333</dst>
            <dst id="WASHng">13931.1706666667</dst>
        </src>
        <src id="LOSAng">
            <dst id="ATLA-M5">0</dst>
            <dst id="ATLAng">28241.576</dst>
            <dst id="CHINng">10329.672</dst>
            <dst id="DNVRng">25014.9706666667</dst>
            <dst id="HSTNng">179409.282666667</dst>
            <dst id="IPLSng">312.528</dst>
            <dst id="KSCYng">331.744</dst>
            <dst id="LOSAng">15736.6666666667</dst>
            <dst id="NYCMng">75127.2266666667</dst>
            <dst id="SNVAng">21804.0746666667</dst>
            <dst id="STTLng">31753.8906666667</dst>
            <dst id="WASHng">118315.362666667</dst>
        </src>
        <src id="NYCMng">
            <dst id="ATLA-M5">0</dst>
            <dst id="ATLAng">44246.648</dst>
            <dst id="CHINng">92739.792</dst>
            <dst id="DNVRng">38368.1946666667</dst>
            <dst id="HSTNng">164585.829333333</dst>
            <dst id="IPLSng">87652.68</dst>
            <dst id="KSCYng">26054.5733333333</dst>
            <dst id="LOSAng">572.426666666667</dst>
            <dst id="NYCMng">275468.693333333</dst>
            <dst id="SNVAng">123.842666666667</dst>
            <dst id="STTLng">5000.81866666667</dst>
            <dst id="WASHng">184582.536</dst>
        </src>
        <src id="SNVAng">
            <dst id="ATLA-M5">0</dst>
            <dst id="ATLAng">3068.65866666667</dst>
            <dst id="CHINng">400.205333333333</dst>
            <dst id="DNVRng">8753.384</dst>
            <dst id="HSTNng">18769.528</dst>
            <dst id="IPLSng">26.6666666666667</dst>
            <dst id="KSCYng">1615.35466666667</dst>
            <dst id="LOSAng">48229.3226666667</dst>
            <dst id="NYCMng">8729.05333333333</dst>
            <dst id="SNVAng">16486.5226666667</dst>
            <dst id="STTLng">53958.7573333333</dst>
            <dst id="WASHng">1898.464</dst>
        </src>
        <src id="STTLng">
            <dst id="ATLA-M5">0</dst>
            <dst id="ATLAng">13519.4853333333</dst>
            <dst id="CHINng">22896.4293333333</dst>
            <dst id="DNVRng">9327.27466666667</dst>
            <dst id="HSTNng">52528.384</dst>
            <dst id="IPLSng">281.984</dst>
            <dst id="KSCYng">3392.976</dst>
            <dst id="LOSAng">39020.2693333333</dst>
            <dst id="NYCMng">15207.9466666667</dst>
            <dst id="SNVAng">10959.9546666667</dst>
            <dst id="STTLng">13871.616</dst>
            <dst id="WASHng">37162.2133333333</dst>
        </src>
        <src id="WASHng">
            <dst id="ATLA-M5">0</dst>
            <dst id="ATLAng">87876.0906666667</dst>
            <dst id="CHINng">98115.8426666667</dst>
            <dst id="DNVRng">2415.12</dst>
            <dst id="HSTNng">339093.12</dst>
            <dst id="IPLSng">79352.3893333333</dst>
            <dst id="KSCYng">20357.504</dst>
            <dst id="LOSAng">243.645333333333</dst>
            <dst id="NYCMng">218641.429333333</dst>
            <dst id="SNVAng">348.896</dst>
            <dst id="STTLng">6141.03733333333</dst>
            <dst id="WASHng">261307.648</dst>
        </src>
    </IntraTM>
</TrafficMatrixFile>
