<?xml version="1.0" encoding="ISO-8859-1" standalone="yes"?>
<TrafficMatrixFile xsi:noNamespaceSchemaLocation="http://totem.run.montefiore.ulg.ac.be/Schema/TrafficMatrix-v1_2.xsd" xmlns:xsi="http://www.w3.org/2001/XMLSchema-instance">
    <IntraTM ASID="11537">
        <src id="ATLA-M5">
            <dst id="ATLA-M5">100.778666666667</dst>
            <dst id="ATLAng">861.501333333333</dst>
            <dst id="CHINng">609.706666666667</dst>
            <dst id="DNVRng">26.6666666666667</dst>
            <dst id="HSTNng">1801.09066666667</dst>
            <dst id="IPLSng">242.52</dst>
            <dst id="KSCYng">242.296</dst>
            <dst id="LOSAng">0</dst>
            <dst id="NYCMng">1382.01866666667</dst>
            <dst id="SNVAng">192.266666666667</dst>
            <dst id="STTLng">0</dst>
            <dst id="WASHng">761.026666666667</dst>
        </src>
        <src id="ATLAng">
            <dst id="ATLA-M5">0</dst>
            <dst id="ATLAng">26933.864</dst>
            <dst id="CHINng">37805.7093333333</dst>
            <dst id="DNVRng">603.021333333333</dst>
            <dst id="HSTNng">55740.072</dst>
            <dst id="IPLSng">42854.808</dst>
            <dst id="KSCYng">4309.24266666667</dst>
            <dst id="LOSAng">33.616</dst>
            <dst id="NYCMng">22316.408</dst>
            <dst id="SNVAng">345.728</dst>
            <dst id="STTLng">192</dst>
            <dst id="WASHng">56334.8693333333</dst>
        </src>
        <src id="CHINng">
            <dst id="ATLA-M5">0</dst>
            <dst id="ATLAng">35672.3093333333</dst>
            <dst id="CHINng">126873.88</dst>
            <dst id="DNVRng">27359.832</dst>
            <dst id="HSTNng">119208.226666667</dst>
            <dst id="IPLSng">78624.3786666667</dst>
            <dst id="KSCYng">19655.4533333333</dst>
            <dst id="LOSAng">278.429333333333</dst>
            <dst id="NYCMng">45658.6213333333</dst>
            <dst id="SNVAng">135.68</dst>
            <dst id="STTLng">1445.568</dst>
            <dst id="WASHng">52164.3173333333</dst>
        </src>
        <src id="DNVRng">
            <dst id="ATLA-M5">0</dst>
            <dst id="ATLAng">12016.368</dst>
            <dst id="CHINng">87879.024</dst>
            <dst id="DNVRng">26686.5173333333</dst>
            <dst id="HSTNng">60676.0826666667</dst>
            <dst id="IPLSng">30741.3146666667</dst>
            <dst id="KSCYng">27450.5466666667</dst>
            <dst id="LOSAng">0</dst>
            <dst id="NYCMng">24704.0026666667</dst>
            <dst id="SNVAng">16771.9493333333</dst>
            <dst id="STTLng">401.629333333333</dst>
            <dst id="WASHng">47216.5786666667</dst>
        </src>
        <src id="HSTNng">
            <dst id="ATLA-M5">0</dst>
            <dst id="ATLAng">31756.3653333333</dst>
            <dst id="CHINng">3891.23733333333</dst>
            <dst id="DNVRng">149.349333333333</dst>
            <dst id="HSTNng">192099.722666667</dst>
            <dst id="IPLSng">50.2186666666667</dst>
            <dst id="KSCYng">53.3333333333333</dst>
            <dst id="LOSAng">96.448</dst>
            <dst id="NYCMng">13198.84</dst>
            <dst id="SNVAng">1603.05333333333</dst>
            <dst id="STTLng">322.730666666667</dst>
            <dst id="WASHng">125785.765333333</dst>
        </src>
        <src id="IPLSng">
            <dst id="ATLA-M5">0</dst>
            <dst id="ATLAng">35885.3946666667</dst>
            <dst id="CHINng">115279.141333333</dst>
            <dst id="DNVRng">20942.52</dst>
            <dst id="HSTNng">92011.584</dst>
            <dst id="IPLSng">32342.6</dst>
            <dst id="KSCYng">23549.3493333333</dst>
            <dst id="LOSAng">782.128</dst>
            <dst id="NYCMng">60267.6346666667</dst>
            <dst id="SNVAng">5837.04533333333</dst>
            <dst id="STTLng">213.333333333333</dst>
            <dst id="WASHng">49258.4106666667</dst>
        </src>
        <src id="KSCYng">
            <dst id="ATLA-M5">0</dst>
            <dst id="ATLAng">5587.10133333333</dst>
            <dst id="CHINng">32646.0053333333</dst>
            <dst id="DNVRng">24106.4053333333</dst>
            <dst id="HSTNng">22004.0133333333</dst>
            <dst id="IPLSng">39159.76</dst>
            <dst id="KSCYng">5823.08266666667</dst>
            <dst id="LOSAng">0</dst>
            <dst id="NYCMng">10924.712</dst>
            <dst id="SNVAng">91.5733333333334</dst>
            <dst id="STTLng">108.208</dst>
            <dst id="WASHng">17494.6613333333</dst>
        </src>
        <src id="LOSAng">
            <dst id="ATLA-M5">0</dst>
            <dst id="ATLAng">26342.1733333333</dst>
            <dst id="CHINng">6684.27733333333</dst>
            <dst id="DNVRng">20718.6853333333</dst>
            <dst id="HSTNng">182358.890666667</dst>
            <dst id="IPLSng">988.733333333333</dst>
            <dst id="KSCYng">702.434666666667</dst>
            <dst id="LOSAng">17245.7466666667</dst>
            <dst id="NYCMng">71272.0586666667</dst>
            <dst id="SNVAng">17383.5226666667</dst>
            <dst id="STTLng">26192.0053333333</dst>
            <dst id="WASHng">108016.109333333</dst>
        </src>
        <src id="NYCMng">
            <dst id="ATLA-M5">0</dst>
            <dst id="ATLAng">56010.1466666667</dst>
            <dst id="CHINng">94341.0346666666</dst>
            <dst id="DNVRng">49193.4906666667</dst>
            <dst id="HSTNng">155358.608</dst>
            <dst id="IPLSng">86437.208</dst>
            <dst id="KSCYng">30015.4266666667</dst>
            <dst id="LOSAng">53.3333333333333</dst>
            <dst id="NYCMng">284934.08</dst>
            <dst id="SNVAng">292.933333333333</dst>
            <dst id="STTLng">1537.944</dst>
            <dst id="WASHng">194717.4</dst>
        </src>
        <src id="SNVAng">
            <dst id="ATLA-M5">0</dst>
            <dst id="ATLAng">848.504</dst>
            <dst id="CHINng">1778.01333333333</dst>
            <dst id="DNVRng">15562.376</dst>
            <dst id="HSTNng">11045.5946666667</dst>
            <dst id="IPLSng">0</dst>
            <dst id="KSCYng">4642.048</dst>
            <dst id="LOSAng">50173.8426666667</dst>
            <dst id="NYCMng">8272.384</dst>
            <dst id="SNVAng">16839.424</dst>
            <dst id="STTLng">61421.1493333333</dst>
            <dst id="WASHng">2867.14666666667</dst>
        </src>
        <src id="STTLng">
            <dst id="ATLA-M5">0</dst>
            <dst id="ATLAng">12703.5333333333</dst>
            <dst id="CHINng">22411.8773333333</dst>
            <dst id="DNVRng">11274.5066666667</dst>
            <dst id="HSTNng">57451.376</dst>
            <dst id="IPLSng">380.410666666667</dst>
            <dst id="KSCYng">5973.37333333333</dst>
            <dst id="LOSAng">27914.5946666667</dst>
            <dst id="NYCMng">20524.4933333333</dst>
            <dst id="SNVAng">9758.68533333333</dst>
            <dst id="STTLng">6620.28533333333</dst>
            <dst id="WASHng">34570.216</dst>
        </src>
        <src id="WASHng">
            <dst id="ATLA-M5">0</dst>
            <dst id="ATLAng">78567.8</dst>
            <dst id="CHINng">113862.656</dst>
            <dst id="DNVRng">4302.38933333333</dst>
            <dst id="HSTNng">339625.306666667</dst>
            <dst id="IPLSng">100609.221333333</dst>
            <dst id="KSCYng">34583.968</dst>
            <dst id="LOSAng">144.928</dst>
            <dst id="NYCMng">264330.650666667</dst>
            <dst id="SNVAng">666.736</dst>
            <dst id="STTLng">4042.904</dst>
            <dst id="WASHng">358785.653333333</dst>
        </src>
    </IntraTM>
</TrafficMatrixFile>
