<?xml version="1.0" encoding="ISO-8859-1" standalone="yes"?>
<TrafficMatrixFile xsi:noNamespaceSchemaLocation="http://totem.run.montefiore.ulg.ac.be/Schema/TrafficMatrix-v1_2.xsd" xmlns:xsi="http://www.w3.org/2001/XMLSchema-instance">
    <IntraTM ASID="11537">
        <src id="ATLA-M5">
            <dst id="ATLA-M5">230.026666666667</dst>
            <dst id="ATLAng">620.568</dst>
            <dst id="CHINng">902.608</dst>
            <dst id="DNVRng">0</dst>
            <dst id="HSTNng">736.085333333334</dst>
            <dst id="IPLSng">269.106666666667</dst>
            <dst id="KSCYng">559.68</dst>
            <dst id="LOSAng">0</dst>
            <dst id="NYCMng">490.349333333334</dst>
            <dst id="SNVAng">26.6666666666667</dst>
            <dst id="STTLng">26.6666666666667</dst>
            <dst id="WASHng">1100.28</dst>
        </src>
        <src id="ATLAng">
            <dst id="ATLA-M5">0</dst>
            <dst id="ATLAng">40372.2213333333</dst>
            <dst id="CHINng">45843.04</dst>
            <dst id="DNVRng">88.0666666666667</dst>
            <dst id="HSTNng">68412.1173333333</dst>
            <dst id="IPLSng">36074.3306666667</dst>
            <dst id="KSCYng">5853.31466666667</dst>
            <dst id="LOSAng">28.08</dst>
            <dst id="NYCMng">14536.8133333333</dst>
            <dst id="SNVAng">264.618666666667</dst>
            <dst id="STTLng">492.178666666667</dst>
            <dst id="WASHng">102470.624</dst>
        </src>
        <src id="CHINng">
            <dst id="ATLA-M5">0</dst>
            <dst id="ATLAng">50547.3226666667</dst>
            <dst id="CHINng">121415.944</dst>
            <dst id="DNVRng">20073.568</dst>
            <dst id="HSTNng">77466.76</dst>
            <dst id="IPLSng">79463.7706666667</dst>
            <dst id="KSCYng">24446.5253333333</dst>
            <dst id="LOSAng">59.8826666666667</dst>
            <dst id="NYCMng">52310.9573333333</dst>
            <dst id="SNVAng">299.621333333333</dst>
            <dst id="STTLng">730.36</dst>
            <dst id="WASHng">62381.92</dst>
        </src>
        <src id="DNVRng">
            <dst id="ATLA-M5">0</dst>
            <dst id="ATLAng">12726.192</dst>
            <dst id="CHINng">75119.7546666667</dst>
            <dst id="DNVRng">15720.2853333333</dst>
            <dst id="HSTNng">56846.76</dst>
            <dst id="IPLSng">28705.7626666667</dst>
            <dst id="KSCYng">18351.52</dst>
            <dst id="LOSAng">26.6666666666667</dst>
            <dst id="NYCMng">17807.4906666667</dst>
            <dst id="SNVAng">12915.4266666667</dst>
            <dst id="STTLng">116.533333333333</dst>
            <dst id="WASHng">58707.8773333333</dst>
        </src>
        <src id="HSTNng">
            <dst id="ATLA-M5">0</dst>
            <dst id="ATLAng">31818.816</dst>
            <dst id="CHINng">3477.224</dst>
            <dst id="DNVRng">115</dst>
            <dst id="HSTNng">170426.165333333</dst>
            <dst id="IPLSng">66.6346666666667</dst>
            <dst id="KSCYng">106.666666666667</dst>
            <dst id="LOSAng">0</dst>
            <dst id="NYCMng">10583.048</dst>
            <dst id="SNVAng">80</dst>
            <dst id="STTLng">133.333333333333</dst>
            <dst id="WASHng">126466.762666667</dst>
        </src>
        <src id="IPLSng">
            <dst id="ATLA-M5">0</dst>
            <dst id="ATLAng">18591.3466666667</dst>
            <dst id="CHINng">164950.837333333</dst>
            <dst id="DNVRng">14512.6453333333</dst>
            <dst id="HSTNng">53651.4453333333</dst>
            <dst id="IPLSng">47778.3333333334</dst>
            <dst id="KSCYng">41948.4</dst>
            <dst id="LOSAng">53.3333333333333</dst>
            <dst id="NYCMng">47023.0373333333</dst>
            <dst id="SNVAng">6269.856</dst>
            <dst id="STTLng">344.344</dst>
            <dst id="WASHng">38610.9866666667</dst>
        </src>
        <src id="KSCYng">
            <dst id="ATLA-M5">0</dst>
            <dst id="ATLAng">8236.54666666667</dst>
            <dst id="CHINng">42686.1333333333</dst>
            <dst id="DNVRng">26425.464</dst>
            <dst id="HSTNng">19578.328</dst>
            <dst id="IPLSng">24859.112</dst>
            <dst id="KSCYng">12897.8426666667</dst>
            <dst id="LOSAng">284.058666666667</dst>
            <dst id="NYCMng">17574.728</dst>
            <dst id="SNVAng">194.517333333333</dst>
            <dst id="STTLng">133.333333333333</dst>
            <dst id="WASHng">15114.8533333333</dst>
        </src>
        <src id="LOSAng">
            <dst id="ATLA-M5">0</dst>
            <dst id="ATLAng">26340.3306666667</dst>
            <dst id="CHINng">8260.48</dst>
            <dst id="DNVRng">12670.7866666667</dst>
            <dst id="HSTNng">180892.488</dst>
            <dst id="IPLSng">1734.98133333333</dst>
            <dst id="KSCYng">1495.94933333333</dst>
            <dst id="LOSAng">18081.568</dst>
            <dst id="NYCMng">55756.5573333333</dst>
            <dst id="SNVAng">14872.712</dst>
            <dst id="STTLng">22627.8106666667</dst>
            <dst id="WASHng">112905.213333333</dst>
        </src>
        <src id="NYCMng">
            <dst id="ATLA-M5">0</dst>
            <dst id="ATLAng">58259.4373333333</dst>
            <dst id="CHINng">89411.3733333333</dst>
            <dst id="DNVRng">42014.1786666667</dst>
            <dst id="HSTNng">137772.568</dst>
            <dst id="IPLSng">77523.9226666667</dst>
            <dst id="KSCYng">33316.712</dst>
            <dst id="LOSAng">625.984</dst>
            <dst id="NYCMng">269069.546666667</dst>
            <dst id="SNVAng">226.386666666667</dst>
            <dst id="STTLng">2261.752</dst>
            <dst id="WASHng">156342.626666667</dst>
        </src>
        <src id="SNVAng">
            <dst id="ATLA-M5">0</dst>
            <dst id="ATLAng">1460.584</dst>
            <dst id="CHINng">3498.89333333333</dst>
            <dst id="DNVRng">12165.4053333333</dst>
            <dst id="HSTNng">8469.456</dst>
            <dst id="IPLSng">0</dst>
            <dst id="KSCYng">799.973333333333</dst>
            <dst id="LOSAng">36239.5653333333</dst>
            <dst id="NYCMng">4960.616</dst>
            <dst id="SNVAng">23422.2906666667</dst>
            <dst id="STTLng">53863.3493333333</dst>
            <dst id="WASHng">3219.71733333333</dst>
        </src>
        <src id="STTLng">
            <dst id="ATLA-M5">0</dst>
            <dst id="ATLAng">18775.2026666667</dst>
            <dst id="CHINng">23511.6773333333</dst>
            <dst id="DNVRng">9918.48266666667</dst>
            <dst id="HSTNng">62874.7946666667</dst>
            <dst id="IPLSng">1167.66933333333</dst>
            <dst id="KSCYng">5950.656</dst>
            <dst id="LOSAng">24226.936</dst>
            <dst id="NYCMng">22777.3066666667</dst>
            <dst id="SNVAng">11357.1813333333</dst>
            <dst id="STTLng">3384.14133333333</dst>
            <dst id="WASHng">42161.464</dst>
        </src>
        <src id="WASHng">
            <dst id="ATLA-M5">0</dst>
            <dst id="ATLAng">155090.322666667</dst>
            <dst id="CHINng">102030.968</dst>
            <dst id="DNVRng">5629.40533333333</dst>
            <dst id="HSTNng">338135.866666667</dst>
            <dst id="IPLSng">91043.0906666667</dst>
            <dst id="KSCYng">34280.5413333333</dst>
            <dst id="LOSAng">26.6666666666667</dst>
            <dst id="NYCMng">165573.994666667</dst>
            <dst id="SNVAng">1009.22133333333</dst>
            <dst id="STTLng">5673.568</dst>
            <dst id="WASHng">433672</dst>
        </src>
    </IntraTM>
</TrafficMatrixFile>
