<?xml version="1.0" encoding="ISO-8859-1" standalone="yes"?>
<TrafficMatrixFile xsi:noNamespaceSchemaLocation="http://totem.run.montefiore.ulg.ac.be/Schema/TrafficMatrix-v1_2.xsd" xmlns:xsi="http://www.w3.org/2001/XMLSchema-instance">
    <IntraTM ASID="11537">
        <src id="ATLA-M5">
            <dst id="ATLA-M5">34.744</dst>
            <dst id="ATLAng">1047.33066666667</dst>
            <dst id="CHINng">670.861333333333</dst>
            <dst id="DNVRng">0</dst>
            <dst id="HSTNng">1876.34933333333</dst>
            <dst id="IPLSng">351.258666666667</dst>
            <dst id="KSCYng">138.888</dst>
            <dst id="LOSAng">0</dst>
            <dst id="NYCMng">926.325333333333</dst>
            <dst id="SNVAng">0</dst>
            <dst id="STTLng">0</dst>
            <dst id="WASHng">1042.90933333333</dst>
        </src>
        <src id="ATLAng">
            <dst id="ATLA-M5">0</dst>
            <dst id="ATLAng">26930.312</dst>
            <dst id="CHINng">22524.4026666667</dst>
            <dst id="DNVRng">0</dst>
            <dst id="HSTNng">123033.464</dst>
            <dst id="IPLSng">38298.16</dst>
            <dst id="KSCYng">4191.10933333333</dst>
            <dst id="LOSAng">53.3333333333333</dst>
            <dst id="NYCMng">20467.9386666667</dst>
            <dst id="SNVAng">548.957333333333</dst>
            <dst id="STTLng">160.309333333333</dst>
            <dst id="WASHng">70992.0773333333</dst>
        </src>
        <src id="CHINng">
            <dst id="ATLA-M5">0</dst>
            <dst id="ATLAng">33184.992</dst>
            <dst id="CHINng">110891.528</dst>
            <dst id="DNVRng">31868.464</dst>
            <dst id="HSTNng">122780.698666667</dst>
            <dst id="IPLSng">94949.1626666667</dst>
            <dst id="KSCYng">20774.4586666667</dst>
            <dst id="LOSAng">191.946666666667</dst>
            <dst id="NYCMng">41684.5333333333</dst>
            <dst id="SNVAng">0</dst>
            <dst id="STTLng">878.856</dst>
            <dst id="WASHng">52225.8106666667</dst>
        </src>
        <src id="DNVRng">
            <dst id="ATLA-M5">0</dst>
            <dst id="ATLAng">9807.55733333333</dst>
            <dst id="CHINng">56872.9093333333</dst>
            <dst id="DNVRng">17519.9626666667</dst>
            <dst id="HSTNng">50303.2213333333</dst>
            <dst id="IPLSng">29937.1306666667</dst>
            <dst id="KSCYng">20272.3306666667</dst>
            <dst id="LOSAng">0</dst>
            <dst id="NYCMng">22154.88</dst>
            <dst id="SNVAng">15765.4986666667</dst>
            <dst id="STTLng">1328.08533333333</dst>
            <dst id="WASHng">53031.76</dst>
        </src>
        <src id="HSTNng">
            <dst id="ATLA-M5">0</dst>
            <dst id="ATLAng">32053.6053333333</dst>
            <dst id="CHINng">1843.88533333333</dst>
            <dst id="DNVRng">26.6666666666667</dst>
            <dst id="HSTNng">180596.501333333</dst>
            <dst id="IPLSng">84.9173333333333</dst>
            <dst id="KSCYng">26.6666666666667</dst>
            <dst id="LOSAng">26.6666666666667</dst>
            <dst id="NYCMng">83081.696</dst>
            <dst id="SNVAng">0</dst>
            <dst id="STTLng">328.405333333333</dst>
            <dst id="WASHng">142486.544</dst>
        </src>
        <src id="IPLSng">
            <dst id="ATLA-M5">0</dst>
            <dst id="ATLAng">29590.064</dst>
            <dst id="CHINng">137476.056</dst>
            <dst id="DNVRng">10622.544</dst>
            <dst id="HSTNng">66860.776</dst>
            <dst id="IPLSng">44559.1626666667</dst>
            <dst id="KSCYng">22342.0773333333</dst>
            <dst id="LOSAng">80</dst>
            <dst id="NYCMng">65990.8186666667</dst>
            <dst id="SNVAng">112.290666666667</dst>
            <dst id="STTLng">1273.584</dst>
            <dst id="WASHng">33837.7333333333</dst>
        </src>
        <src id="KSCYng">
            <dst id="ATLA-M5">0</dst>
            <dst id="ATLAng">7604.46933333333</dst>
            <dst id="CHINng">26444.6746666667</dst>
            <dst id="DNVRng">7965.48533333333</dst>
            <dst id="HSTNng">19157.6746666667</dst>
            <dst id="IPLSng">19810.4053333333</dst>
            <dst id="KSCYng">8493.97866666667</dst>
            <dst id="LOSAng">26.6666666666667</dst>
            <dst id="NYCMng">11672.5306666667</dst>
            <dst id="SNVAng">0</dst>
            <dst id="STTLng">699.730666666667</dst>
            <dst id="WASHng">19336.9733333333</dst>
        </src>
        <src id="LOSAng">
            <dst id="ATLA-M5">0</dst>
            <dst id="ATLAng">25064.9226666667</dst>
            <dst id="CHINng">4744.76</dst>
            <dst id="DNVRng">18867.5226666667</dst>
            <dst id="HSTNng">194711.242666667</dst>
            <dst id="IPLSng">121.949333333333</dst>
            <dst id="KSCYng">367.381333333333</dst>
            <dst id="LOSAng">17510.32</dst>
            <dst id="NYCMng">75739.1813333333</dst>
            <dst id="SNVAng">19284.8746666667</dst>
            <dst id="STTLng">40138.056</dst>
            <dst id="WASHng">125553.616</dst>
        </src>
        <src id="NYCMng">
            <dst id="ATLA-M5">0</dst>
            <dst id="ATLAng">48668.616</dst>
            <dst id="CHINng">90268.1173333333</dst>
            <dst id="DNVRng">34043.072</dst>
            <dst id="HSTNng">154190.730666667</dst>
            <dst id="IPLSng">75933.808</dst>
            <dst id="KSCYng">25977.6533333333</dst>
            <dst id="LOSAng">474.378666666667</dst>
            <dst id="NYCMng">244120.464</dst>
            <dst id="SNVAng">53.3333333333333</dst>
            <dst id="STTLng">3898.64</dst>
            <dst id="WASHng">154005.464</dst>
        </src>
        <src id="SNVAng">
            <dst id="ATLA-M5">0</dst>
            <dst id="ATLAng">2088.68533333333</dst>
            <dst id="CHINng">350.666666666667</dst>
            <dst id="DNVRng">13039.8</dst>
            <dst id="HSTNng">8163.49333333333</dst>
            <dst id="IPLSng">0</dst>
            <dst id="KSCYng">591.064</dst>
            <dst id="LOSAng">39104.2133333333</dst>
            <dst id="NYCMng">7529.264</dst>
            <dst id="SNVAng">17483.712</dst>
            <dst id="STTLng">55430.0293333333</dst>
            <dst id="WASHng">2462.14933333333</dst>
        </src>
        <src id="STTLng">
            <dst id="ATLA-M5">0</dst>
            <dst id="ATLAng">10442.16</dst>
            <dst id="CHINng">22110.1973333333</dst>
            <dst id="DNVRng">8175.53866666667</dst>
            <dst id="HSTNng">42465.2506666667</dst>
            <dst id="IPLSng">428.768</dst>
            <dst id="KSCYng">3173.55466666667</dst>
            <dst id="LOSAng">31342.712</dst>
            <dst id="NYCMng">17681.088</dst>
            <dst id="SNVAng">7201.13066666667</dst>
            <dst id="STTLng">7675.456</dst>
            <dst id="WASHng">32780.528</dst>
        </src>
        <src id="WASHng">
            <dst id="ATLA-M5">0</dst>
            <dst id="ATLAng">119671.565333333</dst>
            <dst id="CHINng">101506.658666667</dst>
            <dst id="DNVRng">1258.88533333333</dst>
            <dst id="HSTNng">353066.773333333</dst>
            <dst id="IPLSng">72398.0373333333</dst>
            <dst id="KSCYng">23262.1093333333</dst>
            <dst id="LOSAng">180.650666666667</dst>
            <dst id="NYCMng">231452.432</dst>
            <dst id="SNVAng">446.301333333333</dst>
            <dst id="STTLng">3329.97866666667</dst>
            <dst id="WASHng">286250.906666667</dst>
        </src>
    </IntraTM>
</TrafficMatrixFile>
