<?xml version="1.0" encoding="ISO-8859-1" standalone="yes"?>
<TrafficMatrixFile xsi:noNamespaceSchemaLocation="http://totem.run.montefiore.ulg.ac.be/Schema/TrafficMatrix-v1_2.xsd" xmlns:xsi="http://www.w3.org/2001/XMLSchema-instance">
    <IntraTM ASID="11537">
        <src id="ATLA-M5">
            <dst id="ATLA-M5">0</dst>
            <dst id="ATLAng">241.024</dst>
            <dst id="CHINng">798.085333333333</dst>
            <dst id="DNVRng">0</dst>
            <dst id="HSTNng">1120.91733333333</dst>
            <dst id="IPLSng">663.464</dst>
            <dst id="KSCYng">96.76</dst>
            <dst id="LOSAng">0</dst>
            <dst id="NYCMng">1383.38933333333</dst>
            <dst id="SNVAng">0</dst>
            <dst id="STTLng">0</dst>
            <dst id="WASHng">2461.42133333333</dst>
        </src>
        <src id="ATLAng">
            <dst id="ATLA-M5">0</dst>
            <dst id="ATLAng">25243.608</dst>
            <dst id="CHINng">25579.952</dst>
            <dst id="DNVRng">53.3333333333333</dst>
            <dst id="HSTNng">55932.224</dst>
            <dst id="IPLSng">41963.072</dst>
            <dst id="KSCYng">11663.64</dst>
            <dst id="LOSAng">53.3333333333333</dst>
            <dst id="NYCMng">30450.9093333333</dst>
            <dst id="SNVAng">0</dst>
            <dst id="STTLng">259.456</dst>
            <dst id="WASHng">86987.5253333333</dst>
        </src>
        <src id="CHINng">
            <dst id="ATLA-M5">0</dst>
            <dst id="ATLAng">38195.9733333333</dst>
            <dst id="CHINng">115009.32</dst>
            <dst id="DNVRng">22295.6906666667</dst>
            <dst id="HSTNng">117336.077333333</dst>
            <dst id="IPLSng">68712.232</dst>
            <dst id="KSCYng">21498.288</dst>
            <dst id="LOSAng">678.341333333333</dst>
            <dst id="NYCMng">63568.1493333333</dst>
            <dst id="SNVAng">83.7013333333333</dst>
            <dst id="STTLng">1449.68</dst>
            <dst id="WASHng">54607.9333333333</dst>
        </src>
        <src id="DNVRng">
            <dst id="ATLA-M5">0</dst>
            <dst id="ATLAng">20345.7013333333</dst>
            <dst id="CHINng">68312.1226666667</dst>
            <dst id="DNVRng">11654.552</dst>
            <dst id="HSTNng">52680.0586666667</dst>
            <dst id="IPLSng">29000.2053333333</dst>
            <dst id="KSCYng">17452.3013333333</dst>
            <dst id="LOSAng">0</dst>
            <dst id="NYCMng">17584.4826666667</dst>
            <dst id="SNVAng">27088.8293333333</dst>
            <dst id="STTLng">1060.312</dst>
            <dst id="WASHng">56189.936</dst>
        </src>
        <src id="HSTNng">
            <dst id="ATLA-M5">0</dst>
            <dst id="ATLAng">47823.4373333333</dst>
            <dst id="CHINng">4826.392</dst>
            <dst id="DNVRng">26.6666666666667</dst>
            <dst id="HSTNng">174296.661333333</dst>
            <dst id="IPLSng">80</dst>
            <dst id="KSCYng">221.389333333333</dst>
            <dst id="LOSAng">26.6666666666667</dst>
            <dst id="NYCMng">7880.256</dst>
            <dst id="SNVAng">129.650666666667</dst>
            <dst id="STTLng">346.352</dst>
            <dst id="WASHng">115000.64</dst>
        </src>
        <src id="IPLSng">
            <dst id="ATLA-M5">0</dst>
            <dst id="ATLAng">15765.6586666667</dst>
            <dst id="CHINng">139971.312</dst>
            <dst id="DNVRng">9188.928</dst>
            <dst id="HSTNng">129874.722666667</dst>
            <dst id="IPLSng">29118.232</dst>
            <dst id="KSCYng">37326.7493333333</dst>
            <dst id="LOSAng">65.168</dst>
            <dst id="NYCMng">74847.1333333333</dst>
            <dst id="SNVAng">4766.344</dst>
            <dst id="STTLng">802.701333333333</dst>
            <dst id="WASHng">48372.176</dst>
        </src>
        <src id="KSCYng">
            <dst id="ATLA-M5">0</dst>
            <dst id="ATLAng">7506.27466666667</dst>
            <dst id="CHINng">41913.0213333333</dst>
            <dst id="DNVRng">9224.68266666667</dst>
            <dst id="HSTNng">22023.8106666667</dst>
            <dst id="IPLSng">22543.3066666667</dst>
            <dst id="KSCYng">14104.3973333333</dst>
            <dst id="LOSAng">283.498666666667</dst>
            <dst id="NYCMng">11142.4533333333</dst>
            <dst id="SNVAng">0</dst>
            <dst id="STTLng">340.906666666667</dst>
            <dst id="WASHng">24618.848</dst>
        </src>
        <src id="LOSAng">
            <dst id="ATLA-M5">0</dst>
            <dst id="ATLAng">38343.5413333333</dst>
            <dst id="CHINng">4873.51733333333</dst>
            <dst id="DNVRng">21154.288</dst>
            <dst id="HSTNng">203907.136</dst>
            <dst id="IPLSng">280.696</dst>
            <dst id="KSCYng">203.437333333333</dst>
            <dst id="LOSAng">14676.088</dst>
            <dst id="NYCMng">78240.8826666667</dst>
            <dst id="SNVAng">19718.7893333333</dst>
            <dst id="STTLng">31965.6533333333</dst>
            <dst id="WASHng">103551.565333333</dst>
        </src>
        <src id="NYCMng">
            <dst id="ATLA-M5">0</dst>
            <dst id="ATLAng">45964.2506666667</dst>
            <dst id="CHINng">99502.9786666667</dst>
            <dst id="DNVRng">37046.168</dst>
            <dst id="HSTNng">166315.909333333</dst>
            <dst id="IPLSng">89658.696</dst>
            <dst id="KSCYng">22258.4426666667</dst>
            <dst id="LOSAng">106.112</dst>
            <dst id="NYCMng">273865.84</dst>
            <dst id="SNVAng">26.6666666666667</dst>
            <dst id="STTLng">5620.75733333333</dst>
            <dst id="WASHng">188452.845333333</dst>
        </src>
        <src id="SNVAng">
            <dst id="ATLA-M5">0</dst>
            <dst id="ATLAng">1221.10666666667</dst>
            <dst id="CHINng">806.496</dst>
            <dst id="DNVRng">10507.648</dst>
            <dst id="HSTNng">9307.36</dst>
            <dst id="IPLSng">0</dst>
            <dst id="KSCYng">816.882666666667</dst>
            <dst id="LOSAng">43516.0666666667</dst>
            <dst id="NYCMng">6410.62933333333</dst>
            <dst id="SNVAng">16793.4293333333</dst>
            <dst id="STTLng">53796.0213333333</dst>
            <dst id="WASHng">2081.08533333333</dst>
        </src>
        <src id="STTLng">
            <dst id="ATLA-M5">0</dst>
            <dst id="ATLAng">14961.152</dst>
            <dst id="CHINng">27437.5706666667</dst>
            <dst id="DNVRng">6235.24533333333</dst>
            <dst id="HSTNng">53961.2853333333</dst>
            <dst id="IPLSng">291.104</dst>
            <dst id="KSCYng">4185.05333333333</dst>
            <dst id="LOSAng">32309.792</dst>
            <dst id="NYCMng">14582.9813333333</dst>
            <dst id="SNVAng">11236.0213333333</dst>
            <dst id="STTLng">6865.44</dst>
            <dst id="WASHng">35389.016</dst>
        </src>
        <src id="WASHng">
            <dst id="ATLA-M5">0</dst>
            <dst id="ATLAng">85911.6533333333</dst>
            <dst id="CHINng">96176.7413333333</dst>
            <dst id="DNVRng">2623.032</dst>
            <dst id="HSTNng">344414.773333333</dst>
            <dst id="IPLSng">89530.2826666667</dst>
            <dst id="KSCYng">30419.6026666667</dst>
            <dst id="LOSAng">149.178666666667</dst>
            <dst id="NYCMng">270802.106666667</dst>
            <dst id="SNVAng">356.410666666667</dst>
            <dst id="STTLng">6637.25333333333</dst>
            <dst id="WASHng">371501.6</dst>
        </src>
    </IntraTM>
</TrafficMatrixFile>
