<?xml version="1.0" encoding="ISO-8859-1" standalone="yes"?>
<TrafficMatrixFile xsi:noNamespaceSchemaLocation="http://totem.run.montefiore.ulg.ac.be/Schema/TrafficMatrix-v1_2.xsd" xmlns:xsi="http://www.w3.org/2001/XMLSchema-instance">
    <IntraTM ASID="11537">
        <src id="ATLA-M5">
            <dst id="ATLA-M5">53.3333333333333</dst>
            <dst id="ATLAng">292.28</dst>
            <dst id="CHINng">1128.85866666667</dst>
            <dst id="DNVRng">0</dst>
            <dst id="HSTNng">669.506666666667</dst>
            <dst id="IPLSng">1350.30933333333</dst>
            <dst id="KSCYng">262.181333333333</dst>
            <dst id="LOSAng">0</dst>
            <dst id="NYCMng">801.266666666667</dst>
            <dst id="SNVAng">0</dst>
            <dst id="STTLng">0</dst>
            <dst id="WASHng">2202.22133333333</dst>
        </src>
        <src id="ATLAng">
            <dst id="ATLA-M5">0</dst>
            <dst id="ATLAng">48552.92</dst>
            <dst id="CHINng">50668.5306666667</dst>
            <dst id="DNVRng">28</dst>
            <dst id="HSTNng">52304.2426666667</dst>
            <dst id="IPLSng">39021.6186666667</dst>
            <dst id="KSCYng">3471.16</dst>
            <dst id="LOSAng">28.24</dst>
            <dst id="NYCMng">17234.2453333333</dst>
            <dst id="SNVAng">26.6666666666667</dst>
            <dst id="STTLng">1286.58933333333</dst>
            <dst id="WASHng">47947.9013333333</dst>
        </src>
        <src id="CHINng">
            <dst id="ATLA-M5">0</dst>
            <dst id="ATLAng">32910.2906666667</dst>
            <dst id="CHINng">86881.9546666667</dst>
            <dst id="DNVRng">16910.2106666667</dst>
            <dst id="HSTNng">107134.32</dst>
            <dst id="IPLSng">73772.8853333333</dst>
            <dst id="KSCYng">16142.264</dst>
            <dst id="LOSAng">26.6666666666667</dst>
            <dst id="NYCMng">45742.3626666667</dst>
            <dst id="SNVAng">53.3333333333333</dst>
            <dst id="STTLng">733.456</dst>
            <dst id="WASHng">36243.1066666667</dst>
        </src>
        <src id="DNVRng">
            <dst id="ATLA-M5">0</dst>
            <dst id="ATLAng">7150.86133333333</dst>
            <dst id="CHINng">62843.808</dst>
            <dst id="DNVRng">5423.52266666667</dst>
            <dst id="HSTNng">60738.3653333333</dst>
            <dst id="IPLSng">36650.288</dst>
            <dst id="KSCYng">9876.26666666667</dst>
            <dst id="LOSAng">0</dst>
            <dst id="NYCMng">17278.624</dst>
            <dst id="SNVAng">16108.776</dst>
            <dst id="STTLng">186.666666666667</dst>
            <dst id="WASHng">50388.296</dst>
        </src>
        <src id="HSTNng">
            <dst id="ATLA-M5">0</dst>
            <dst id="ATLAng">32735.7973333333</dst>
            <dst id="CHINng">3438.99733333333</dst>
            <dst id="DNVRng">0</dst>
            <dst id="HSTNng">161862.925333333</dst>
            <dst id="IPLSng">26.6666666666667</dst>
            <dst id="KSCYng">26.6666666666667</dst>
            <dst id="LOSAng">26.6666666666667</dst>
            <dst id="NYCMng">8668.432</dst>
            <dst id="SNVAng">26.6666666666667</dst>
            <dst id="STTLng">472</dst>
            <dst id="WASHng">143033.970666667</dst>
        </src>
        <src id="IPLSng">
            <dst id="ATLA-M5">0</dst>
            <dst id="ATLAng">18626.432</dst>
            <dst id="CHINng">179368.949333333</dst>
            <dst id="DNVRng">17729.864</dst>
            <dst id="HSTNng">133381.741333333</dst>
            <dst id="IPLSng">24068.4906666667</dst>
            <dst id="KSCYng">25148.3466666667</dst>
            <dst id="LOSAng">1086.656</dst>
            <dst id="NYCMng">123789.352</dst>
            <dst id="SNVAng">101.477333333333</dst>
            <dst id="STTLng">311.664</dst>
            <dst id="WASHng">41460.192</dst>
        </src>
        <src id="KSCYng">
            <dst id="ATLA-M5">0</dst>
            <dst id="ATLAng">5206.616</dst>
            <dst id="CHINng">29184.088</dst>
            <dst id="DNVRng">22035.1093333333</dst>
            <dst id="HSTNng">24396.168</dst>
            <dst id="IPLSng">14315.4373333333</dst>
            <dst id="KSCYng">6494.83466666667</dst>
            <dst id="LOSAng">0</dst>
            <dst id="NYCMng">12438.4826666667</dst>
            <dst id="SNVAng">26.6666666666667</dst>
            <dst id="STTLng">148.210666666667</dst>
            <dst id="WASHng">13667.24</dst>
        </src>
        <src id="LOSAng">
            <dst id="ATLA-M5">0</dst>
            <dst id="ATLAng">26152.08</dst>
            <dst id="CHINng">7832.19733333333</dst>
            <dst id="DNVRng">26253.9093333333</dst>
            <dst id="HSTNng">171047.698666667</dst>
            <dst id="IPLSng">604.464</dst>
            <dst id="KSCYng">247.64</dst>
            <dst id="LOSAng">14040.104</dst>
            <dst id="NYCMng">39514.0506666667</dst>
            <dst id="SNVAng">12795.3626666667</dst>
            <dst id="STTLng">19979.5626666667</dst>
            <dst id="WASHng">122984.504</dst>
        </src>
        <src id="NYCMng">
            <dst id="ATLA-M5">0</dst>
            <dst id="ATLAng">41448.5226666667</dst>
            <dst id="CHINng">93643.576</dst>
            <dst id="DNVRng">50142.5413333333</dst>
            <dst id="HSTNng">154426.362666667</dst>
            <dst id="IPLSng">85904.8586666667</dst>
            <dst id="KSCYng">25845.608</dst>
            <dst id="LOSAng">106.666666666667</dst>
            <dst id="NYCMng">246009.52</dst>
            <dst id="SNVAng">313.058666666667</dst>
            <dst id="STTLng">2577.98666666667</dst>
            <dst id="WASHng">169640.632</dst>
        </src>
        <src id="SNVAng">
            <dst id="ATLA-M5">0</dst>
            <dst id="ATLAng">1755.44266666667</dst>
            <dst id="CHINng">26.6666666666667</dst>
            <dst id="DNVRng">14688.68</dst>
            <dst id="HSTNng">6708.11733333333</dst>
            <dst id="IPLSng">26.6666666666667</dst>
            <dst id="KSCYng">1525.36533333333</dst>
            <dst id="LOSAng">44781.0346666667</dst>
            <dst id="NYCMng">13122.6453333333</dst>
            <dst id="SNVAng">18344.7466666667</dst>
            <dst id="STTLng">67153.2506666667</dst>
            <dst id="WASHng">2919.304</dst>
        </src>
        <src id="STTLng">
            <dst id="ATLA-M5">0</dst>
            <dst id="ATLAng">10608.3893333333</dst>
            <dst id="CHINng">22022.7893333333</dst>
            <dst id="DNVRng">8592.68266666667</dst>
            <dst id="HSTNng">39916.8186666667</dst>
            <dst id="IPLSng">192.821333333333</dst>
            <dst id="KSCYng">8537.09066666667</dst>
            <dst id="LOSAng">27820.5493333333</dst>
            <dst id="NYCMng">16169.968</dst>
            <dst id="SNVAng">8584.72266666667</dst>
            <dst id="STTLng">1606</dst>
            <dst id="WASHng">32261.056</dst>
        </src>
        <src id="WASHng">
            <dst id="ATLA-M5">0</dst>
            <dst id="ATLAng">147462.448</dst>
            <dst id="CHINng">98082.1893333334</dst>
            <dst id="DNVRng">1782.69333333333</dst>
            <dst id="HSTNng">359893.76</dst>
            <dst id="IPLSng">60564.2746666667</dst>
            <dst id="KSCYng">15601.4853333333</dst>
            <dst id="LOSAng">321.581333333333</dst>
            <dst id="NYCMng">184372.346666667</dst>
            <dst id="SNVAng">3956.94666666667</dst>
            <dst id="STTLng">3260.89066666667</dst>
            <dst id="WASHng">297042.8</dst>
        </src>
    </IntraTM>
</TrafficMatrixFile>
