<?xml version="1.0" encoding="ISO-8859-1" standalone="yes"?>
<TrafficMatrixFile xsi:noNamespaceSchemaLocation="http://totem.run.montefiore.ulg.ac.be/Schema/TrafficMatrix-v1_2.xsd" xmlns:xsi="http://www.w3.org/2001/XMLSchema-instance">
    <IntraTM ASID="11537">
        <src id="ATLA-M5">
            <dst id="ATLA-M5">1231.60266666667</dst>
            <dst id="ATLAng">137.397333333333</dst>
            <dst id="CHINng">1627.472</dst>
            <dst id="DNVRng">0</dst>
            <dst id="HSTNng">26.6666666666667</dst>
            <dst id="IPLSng">537.256</dst>
            <dst id="KSCYng">0</dst>
            <dst id="LOSAng">0</dst>
            <dst id="NYCMng">454.341333333333</dst>
            <dst id="SNVAng">0</dst>
            <dst id="STTLng">0</dst>
            <dst id="WASHng">1134.44266666667</dst>
        </src>
        <src id="ATLAng">
            <dst id="ATLA-M5">0</dst>
            <dst id="ATLAng">25300.3813333333</dst>
            <dst id="CHINng">26228.856</dst>
            <dst id="DNVRng">0</dst>
            <dst id="HSTNng">4144.54666666667</dst>
            <dst id="IPLSng">26851.2933333333</dst>
            <dst id="KSCYng">26.6666666666667</dst>
            <dst id="LOSAng">0</dst>
            <dst id="NYCMng">38915.8746666667</dst>
            <dst id="SNVAng">26.6666666666667</dst>
            <dst id="STTLng">0</dst>
            <dst id="WASHng">43569.0506666667</dst>
        </src>
        <src id="CHINng">
            <dst id="ATLA-M5">0</dst>
            <dst id="ATLAng">21878.9333333333</dst>
            <dst id="CHINng">25353.432</dst>
            <dst id="DNVRng">0</dst>
            <dst id="HSTNng">14670.688</dst>
            <dst id="IPLSng">31089.848</dst>
            <dst id="KSCYng">26.6666666666667</dst>
            <dst id="LOSAng">80</dst>
            <dst id="NYCMng">171053.968</dst>
            <dst id="SNVAng">0</dst>
            <dst id="STTLng">1468.23733333333</dst>
            <dst id="WASHng">26886.5786666667</dst>
        </src>
        <src id="DNVRng">
            <dst id="ATLA-M5">0</dst>
            <dst id="ATLAng">6064.97333333333</dst>
            <dst id="CHINng">29814.352</dst>
            <dst id="DNVRng">9826.13333333333</dst>
            <dst id="HSTNng">31364.8773333333</dst>
            <dst id="IPLSng">24739.4</dst>
            <dst id="KSCYng">16199.6933333333</dst>
            <dst id="LOSAng">0</dst>
            <dst id="NYCMng">36071.7253333333</dst>
            <dst id="SNVAng">9375.54933333333</dst>
            <dst id="STTLng">2300.8</dst>
            <dst id="WASHng">54869.0933333333</dst>
        </src>
        <src id="HSTNng">
            <dst id="ATLA-M5">0</dst>
            <dst id="ATLAng">24503.2853333333</dst>
            <dst id="CHINng">431.184</dst>
            <dst id="DNVRng">0</dst>
            <dst id="HSTNng">270123.093333333</dst>
            <dst id="IPLSng">53.3333333333333</dst>
            <dst id="KSCYng">0</dst>
            <dst id="LOSAng">0</dst>
            <dst id="NYCMng">3219.2</dst>
            <dst id="SNVAng">0</dst>
            <dst id="STTLng">0</dst>
            <dst id="WASHng">70218.3306666667</dst>
        </src>
        <src id="IPLSng">
            <dst id="ATLA-M5">0</dst>
            <dst id="ATLAng">9045.20533333334</dst>
            <dst id="CHINng">62740.7946666667</dst>
            <dst id="DNVRng">0</dst>
            <dst id="HSTNng">13259.0506666667</dst>
            <dst id="IPLSng">22170.5306666667</dst>
            <dst id="KSCYng">17193.8506666667</dst>
            <dst id="LOSAng">48.7306666666667</dst>
            <dst id="NYCMng">175343.768</dst>
            <dst id="SNVAng">26.6666666666667</dst>
            <dst id="STTLng">80</dst>
            <dst id="WASHng">29796.264</dst>
        </src>
        <src id="KSCYng">
            <dst id="ATLA-M5">0</dst>
            <dst id="ATLAng">6530.52266666667</dst>
            <dst id="CHINng">12808.4533333333</dst>
            <dst id="DNVRng">5190.45333333333</dst>
            <dst id="HSTNng">14606.6266666667</dst>
            <dst id="IPLSng">9944.59466666667</dst>
            <dst id="KSCYng">11186.1813333333</dst>
            <dst id="LOSAng">0</dst>
            <dst id="NYCMng">22023.3893333333</dst>
            <dst id="SNVAng">0</dst>
            <dst id="STTLng">26.6666666666667</dst>
            <dst id="WASHng">10126.4506666667</dst>
        </src>
        <src id="LOSAng">
            <dst id="ATLA-M5">0</dst>
            <dst id="ATLAng">22224.728</dst>
            <dst id="CHINng">1935.49333333333</dst>
            <dst id="DNVRng">11699.0586666667</dst>
            <dst id="HSTNng">166689.928</dst>
            <dst id="IPLSng">866.661333333333</dst>
            <dst id="KSCYng">160.269333333333</dst>
            <dst id="LOSAng">29400.5173333333</dst>
            <dst id="NYCMng">82602.0293333333</dst>
            <dst id="SNVAng">10184.0293333333</dst>
            <dst id="STTLng">18366.4133333333</dst>
            <dst id="WASHng">58127.472</dst>
        </src>
        <src id="NYCMng">
            <dst id="ATLA-M5">0</dst>
            <dst id="ATLAng">23595.928</dst>
            <dst id="CHINng">1575.53866666667</dst>
            <dst id="DNVRng">0</dst>
            <dst id="HSTNng">11896.5093333333</dst>
            <dst id="IPLSng">26.6666666666667</dst>
            <dst id="KSCYng">84.224</dst>
            <dst id="LOSAng">901.666666666667</dst>
            <dst id="NYCMng">332338</dst>
            <dst id="SNVAng">53.3333333333333</dst>
            <dst id="STTLng">625.44</dst>
            <dst id="WASHng">74878.448</dst>
        </src>
        <src id="SNVAng">
            <dst id="ATLA-M5">0</dst>
            <dst id="ATLAng">683.770666666667</dst>
            <dst id="CHINng">53.3333333333333</dst>
            <dst id="DNVRng">2836.72533333333</dst>
            <dst id="HSTNng">2547.16266666667</dst>
            <dst id="IPLSng">26.6666666666667</dst>
            <dst id="KSCYng">153.573333333333</dst>
            <dst id="LOSAng">32659.8933333333</dst>
            <dst id="NYCMng">6204.89333333333</dst>
            <dst id="SNVAng">14236.584</dst>
            <dst id="STTLng">53633.44</dst>
            <dst id="WASHng">183.981333333333</dst>
        </src>
        <src id="STTLng">
            <dst id="ATLA-M5">0</dst>
            <dst id="ATLAng">6128.032</dst>
            <dst id="CHINng">1156.66133333333</dst>
            <dst id="DNVRng">3899.672</dst>
            <dst id="HSTNng">12405.2293333333</dst>
            <dst id="IPLSng">275.069333333333</dst>
            <dst id="KSCYng">1928.32</dst>
            <dst id="LOSAng">16579.848</dst>
            <dst id="NYCMng">43554.1013333333</dst>
            <dst id="SNVAng">5208.60533333333</dst>
            <dst id="STTLng">3511.94933333333</dst>
            <dst id="WASHng">27738.128</dst>
        </src>
        <src id="WASHng">
            <dst id="ATLA-M5">0</dst>
            <dst id="ATLAng">114223.450666667</dst>
            <dst id="CHINng">713.173333333333</dst>
            <dst id="DNVRng">0</dst>
            <dst id="HSTNng">64726.1146666667</dst>
            <dst id="IPLSng">131.808</dst>
            <dst id="KSCYng">0</dst>
            <dst id="LOSAng">26.6666666666667</dst>
            <dst id="NYCMng">456078.8</dst>
            <dst id="SNVAng">26.6666666666667</dst>
            <dst id="STTLng">174.549333333333</dst>
            <dst id="WASHng">282024.8</dst>
        </src>
    </IntraTM>
</TrafficMatrixFile>
