<?xml version="1.0" encoding="ISO-8859-1" standalone="yes"?>
<TrafficMatrixFile xsi:noNamespaceSchemaLocation="http://totem.run.montefiore.ulg.ac.be/Schema/TrafficMatrix-v1_2.xsd" xmlns:xsi="http://www.w3.org/2001/XMLSchema-instance">
    <IntraTM ASID="11537">
        <src id="ATLA-M5">
            <dst id="ATLA-M5">115.429333333333</dst>
            <dst id="ATLAng">762.765333333333</dst>
            <dst id="CHINng">2038.112</dst>
            <dst id="DNVRng">0</dst>
            <dst id="HSTNng">1790.58933333333</dst>
            <dst id="IPLSng">624.525333333333</dst>
            <dst id="KSCYng">265.573333333333</dst>
            <dst id="LOSAng">0</dst>
            <dst id="NYCMng">1698.30666666667</dst>
            <dst id="SNVAng">0</dst>
            <dst id="STTLng">95.072</dst>
            <dst id="WASHng">2376.52</dst>
        </src>
        <src id="ATLAng">
            <dst id="ATLA-M5">0</dst>
            <dst id="ATLAng">31813.8613333333</dst>
            <dst id="CHINng">46554</dst>
            <dst id="DNVRng">106.666666666667</dst>
            <dst id="HSTNng">61490.184</dst>
            <dst id="IPLSng">76908.6906666666</dst>
            <dst id="KSCYng">7128.30933333333</dst>
            <dst id="LOSAng">72.12</dst>
            <dst id="NYCMng">18891.1173333333</dst>
            <dst id="SNVAng">490.312</dst>
            <dst id="STTLng">2575.08266666667</dst>
            <dst id="WASHng">68978.6666666667</dst>
        </src>
        <src id="CHINng">
            <dst id="ATLA-M5">0</dst>
            <dst id="ATLAng">42945.0586666667</dst>
            <dst id="CHINng">129604.477333333</dst>
            <dst id="DNVRng">38232.512</dst>
            <dst id="HSTNng">135731.789333333</dst>
            <dst id="IPLSng">69579.336</dst>
            <dst id="KSCYng">27075.6426666667</dst>
            <dst id="LOSAng">133.696</dst>
            <dst id="NYCMng">51095.1626666667</dst>
            <dst id="SNVAng">1383.72266666667</dst>
            <dst id="STTLng">966.786666666667</dst>
            <dst id="WASHng">62131.4026666667</dst>
        </src>
        <src id="DNVRng">
            <dst id="ATLA-M5">0</dst>
            <dst id="ATLAng">20261.912</dst>
            <dst id="CHINng">64591.96</dst>
            <dst id="DNVRng">17636.176</dst>
            <dst id="HSTNng">72188.0826666667</dst>
            <dst id="IPLSng">34793.8933333333</dst>
            <dst id="KSCYng">32032.2453333333</dst>
            <dst id="LOSAng">97.3333333333333</dst>
            <dst id="NYCMng">38365.3173333333</dst>
            <dst id="SNVAng">19482.9226666667</dst>
            <dst id="STTLng">267.6</dst>
            <dst id="WASHng">52834.024</dst>
        </src>
        <src id="HSTNng">
            <dst id="ATLA-M5">0</dst>
            <dst id="ATLAng">51148.7493333333</dst>
            <dst id="CHINng">4906.248</dst>
            <dst id="DNVRng">122.741333333333</dst>
            <dst id="HSTNng">209808.76</dst>
            <dst id="IPLSng">26.6666666666667</dst>
            <dst id="KSCYng">85.0613333333333</dst>
            <dst id="LOSAng">74.6213333333333</dst>
            <dst id="NYCMng">11130.336</dst>
            <dst id="SNVAng">270.634666666667</dst>
            <dst id="STTLng">80</dst>
            <dst id="WASHng">141667.301333333</dst>
        </src>
        <src id="IPLSng">
            <dst id="ATLA-M5">0</dst>
            <dst id="ATLAng">47604.0453333333</dst>
            <dst id="CHINng">159631.384</dst>
            <dst id="DNVRng">19367.8746666667</dst>
            <dst id="HSTNng">64741.6133333333</dst>
            <dst id="IPLSng">76183.6293333334</dst>
            <dst id="KSCYng">31253.6</dst>
            <dst id="LOSAng">105.162666666667</dst>
            <dst id="NYCMng">49962.4986666667</dst>
            <dst id="SNVAng">5160.42133333333</dst>
            <dst id="STTLng">133.333333333333</dst>
            <dst id="WASHng">51369.256</dst>
        </src>
        <src id="KSCYng">
            <dst id="ATLA-M5">0</dst>
            <dst id="ATLAng">6107.152</dst>
            <dst id="CHINng">40948.5813333333</dst>
            <dst id="DNVRng">36109.3146666667</dst>
            <dst id="HSTNng">20165.9413333333</dst>
            <dst id="IPLSng">46450.712</dst>
            <dst id="KSCYng">16780.5253333333</dst>
            <dst id="LOSAng">26.6666666666667</dst>
            <dst id="NYCMng">12792.192</dst>
            <dst id="SNVAng">257.208</dst>
            <dst id="STTLng">178.586666666667</dst>
            <dst id="WASHng">12906.6506666667</dst>
        </src>
        <src id="LOSAng">
            <dst id="ATLA-M5">0</dst>
            <dst id="ATLAng">40839.4773333333</dst>
            <dst id="CHINng">7310.34666666667</dst>
            <dst id="DNVRng">45242.5066666667</dst>
            <dst id="HSTNng">215336.741333333</dst>
            <dst id="IPLSng">1740.768</dst>
            <dst id="KSCYng">1234.928</dst>
            <dst id="LOSAng">19880.9066666667</dst>
            <dst id="NYCMng">73080.5306666666</dst>
            <dst id="SNVAng">16806.696</dst>
            <dst id="STTLng">27800.6373333333</dst>
            <dst id="WASHng">123195.581333333</dst>
        </src>
        <src id="NYCMng">
            <dst id="ATLA-M5">0</dst>
            <dst id="ATLAng">72205.4026666667</dst>
            <dst id="CHINng">113869.733333333</dst>
            <dst id="DNVRng">56277.816</dst>
            <dst id="HSTNng">169812.690666667</dst>
            <dst id="IPLSng">93275.5706666667</dst>
            <dst id="KSCYng">31306.0266666667</dst>
            <dst id="LOSAng">114.634666666667</dst>
            <dst id="NYCMng">260923.845333333</dst>
            <dst id="SNVAng">1003.62133333333</dst>
            <dst id="STTLng">2054.184</dst>
            <dst id="WASHng">251615.629333333</dst>
        </src>
        <src id="SNVAng">
            <dst id="ATLA-M5">0</dst>
            <dst id="ATLAng">2277.01333333333</dst>
            <dst id="CHINng">133.333333333333</dst>
            <dst id="DNVRng">13388.1466666667</dst>
            <dst id="HSTNng">7437.328</dst>
            <dst id="IPLSng">0</dst>
            <dst id="KSCYng">3831.00533333333</dst>
            <dst id="LOSAng">39695.1386666667</dst>
            <dst id="NYCMng">9751.60533333333</dst>
            <dst id="SNVAng">17381.3813333333</dst>
            <dst id="STTLng">57083.664</dst>
            <dst id="WASHng">4138.32266666667</dst>
        </src>
        <src id="STTLng">
            <dst id="ATLA-M5">0</dst>
            <dst id="ATLAng">15708.376</dst>
            <dst id="CHINng">23882.6586666667</dst>
            <dst id="DNVRng">12743.9466666667</dst>
            <dst id="HSTNng">65895.3093333333</dst>
            <dst id="IPLSng">606.408</dst>
            <dst id="KSCYng">9188.02666666667</dst>
            <dst id="LOSAng">34729.848</dst>
            <dst id="NYCMng">20840.9653333333</dst>
            <dst id="SNVAng">14281.2826666667</dst>
            <dst id="STTLng">8692.62933333333</dst>
            <dst id="WASHng">40105.7573333333</dst>
        </src>
        <src id="WASHng">
            <dst id="ATLA-M5">0</dst>
            <dst id="ATLAng">125082.808</dst>
            <dst id="CHINng">99686.0026666667</dst>
            <dst id="DNVRng">3288.36533333333</dst>
            <dst id="HSTNng">372774.64</dst>
            <dst id="IPLSng">104666.549333333</dst>
            <dst id="KSCYng">30472.1333333333</dst>
            <dst id="LOSAng">143.013333333333</dst>
            <dst id="NYCMng">203611.205333333</dst>
            <dst id="SNVAng">610.474666666667</dst>
            <dst id="STTLng">3855.70666666667</dst>
            <dst id="WASHng">354928</dst>
        </src>
    </IntraTM>
</TrafficMatrixFile>
