<?xml version="1.0" encoding="ISO-8859-1" standalone="yes"?>
<TrafficMatrixFile xsi:noNamespaceSchemaLocation="http://totem.run.montefiore.ulg.ac.be/Schema/TrafficMatrix-v1_2.xsd" xmlns:xsi="http://www.w3.org/2001/XMLSchema-instance">
    <IntraTM ASID="11537">
        <src id="ATLA-M5">
            <dst id="ATLA-M5">96.3013333333333</dst>
            <dst id="ATLAng">2266.69333333333</dst>
            <dst id="CHINng">404.882666666667</dst>
            <dst id="DNVRng">0</dst>
            <dst id="HSTNng">1002.648</dst>
            <dst id="IPLSng">1319.53333333333</dst>
            <dst id="KSCYng">156.205333333333</dst>
            <dst id="LOSAng">0</dst>
            <dst id="NYCMng">311.893333333333</dst>
            <dst id="SNVAng">28.3946666666667</dst>
            <dst id="STTLng">0</dst>
            <dst id="WASHng">1541.944</dst>
        </src>
        <src id="ATLAng">
            <dst id="ATLA-M5">0</dst>
            <dst id="ATLAng">42621.2853333333</dst>
            <dst id="CHINng">33163.8693333333</dst>
            <dst id="DNVRng">108.296</dst>
            <dst id="HSTNng">46058.472</dst>
            <dst id="IPLSng">38660.424</dst>
            <dst id="KSCYng">4618.10133333333</dst>
            <dst id="LOSAng">53.3333333333333</dst>
            <dst id="NYCMng">22790.36</dst>
            <dst id="SNVAng">828.037333333333</dst>
            <dst id="STTLng">286.042666666667</dst>
            <dst id="WASHng">76140.36</dst>
        </src>
        <src id="CHINng">
            <dst id="ATLA-M5">0</dst>
            <dst id="ATLAng">33447.256</dst>
            <dst id="CHINng">162796.578666667</dst>
            <dst id="DNVRng">20633.96</dst>
            <dst id="HSTNng">83770.1866666667</dst>
            <dst id="IPLSng">81313.92</dst>
            <dst id="KSCYng">27443.5626666667</dst>
            <dst id="LOSAng">210.109333333333</dst>
            <dst id="NYCMng">34688.6</dst>
            <dst id="SNVAng">220.344</dst>
            <dst id="STTLng">916.712</dst>
            <dst id="WASHng">51073.584</dst>
        </src>
        <src id="DNVRng">
            <dst id="ATLA-M5">0</dst>
            <dst id="ATLAng">9218.464</dst>
            <dst id="CHINng">77088.4826666667</dst>
            <dst id="DNVRng">15200.4293333333</dst>
            <dst id="HSTNng">50406.6906666667</dst>
            <dst id="IPLSng">28685.1466666667</dst>
            <dst id="KSCYng">26318.576</dst>
            <dst id="LOSAng">26.6666666666667</dst>
            <dst id="NYCMng">21982.3813333333</dst>
            <dst id="SNVAng">18578.0773333333</dst>
            <dst id="STTLng">101.162666666667</dst>
            <dst id="WASHng">53335.9493333333</dst>
        </src>
        <src id="HSTNng">
            <dst id="ATLA-M5">0</dst>
            <dst id="ATLAng">37106.784</dst>
            <dst id="CHINng">4719.128</dst>
            <dst id="DNVRng">26.6666666666667</dst>
            <dst id="HSTNng">159036.392</dst>
            <dst id="IPLSng">0</dst>
            <dst id="KSCYng">26.6666666666667</dst>
            <dst id="LOSAng">26.6666666666667</dst>
            <dst id="NYCMng">7061.16533333334</dst>
            <dst id="SNVAng">53.3333333333333</dst>
            <dst id="STTLng">163.466666666667</dst>
            <dst id="WASHng">116801.741333333</dst>
        </src>
        <src id="IPLSng">
            <dst id="ATLA-M5">0</dst>
            <dst id="ATLAng">18078.7386666667</dst>
            <dst id="CHINng">175995.410666667</dst>
            <dst id="DNVRng">9373.224</dst>
            <dst id="HSTNng">110531.986666667</dst>
            <dst id="IPLSng">47689.92</dst>
            <dst id="KSCYng">36883.8266666667</dst>
            <dst id="LOSAng">26.6666666666667</dst>
            <dst id="NYCMng">39876.7226666667</dst>
            <dst id="SNVAng">912.994666666667</dst>
            <dst id="STTLng">604.746666666667</dst>
            <dst id="WASHng">44227.5466666667</dst>
        </src>
        <src id="KSCYng">
            <dst id="ATLA-M5">0</dst>
            <dst id="ATLAng">9427.928</dst>
            <dst id="CHINng">49209.5333333333</dst>
            <dst id="DNVRng">20947.5733333333</dst>
            <dst id="HSTNng">14550.9013333333</dst>
            <dst id="IPLSng">21908.4186666667</dst>
            <dst id="KSCYng">11694.0453333333</dst>
            <dst id="LOSAng">0</dst>
            <dst id="NYCMng">9516.65333333333</dst>
            <dst id="SNVAng">99.7573333333333</dst>
            <dst id="STTLng">83.1573333333333</dst>
            <dst id="WASHng">14021.8106666667</dst>
        </src>
        <src id="LOSAng">
            <dst id="ATLA-M5">0</dst>
            <dst id="ATLAng">25020.7333333333</dst>
            <dst id="CHINng">9390.86933333333</dst>
            <dst id="DNVRng">16121.688</dst>
            <dst id="HSTNng">199283.584</dst>
            <dst id="IPLSng">1967.632</dst>
            <dst id="KSCYng">1121.55466666667</dst>
            <dst id="LOSAng">21189.2426666667</dst>
            <dst id="NYCMng">62662.6506666667</dst>
            <dst id="SNVAng">15736.8666666667</dst>
            <dst id="STTLng">23963.8133333333</dst>
            <dst id="WASHng">105128.717333333</dst>
        </src>
        <src id="NYCMng">
            <dst id="ATLA-M5">0</dst>
            <dst id="ATLAng">54705.7706666667</dst>
            <dst id="CHINng">86132.144</dst>
            <dst id="DNVRng">30199.768</dst>
            <dst id="HSTNng">103324.432</dst>
            <dst id="IPLSng">70409.5066666667</dst>
            <dst id="KSCYng">21419.1173333333</dst>
            <dst id="LOSAng">53.3333333333333</dst>
            <dst id="NYCMng">215773.202666667</dst>
            <dst id="SNVAng">150.256</dst>
            <dst id="STTLng">2901.34133333333</dst>
            <dst id="WASHng">134740.690666667</dst>
        </src>
        <src id="SNVAng">
            <dst id="ATLA-M5">0</dst>
            <dst id="ATLAng">2049</dst>
            <dst id="CHINng">746.834666666667</dst>
            <dst id="DNVRng">6558.25866666667</dst>
            <dst id="HSTNng">7834.91466666667</dst>
            <dst id="IPLSng">77.7626666666667</dst>
            <dst id="KSCYng">443.434666666667</dst>
            <dst id="LOSAng">40228.9866666667</dst>
            <dst id="NYCMng">6001.8</dst>
            <dst id="SNVAng">16097.3413333333</dst>
            <dst id="STTLng">49940.984</dst>
            <dst id="WASHng">6526.12533333333</dst>
        </src>
        <src id="STTLng">
            <dst id="ATLA-M5">0</dst>
            <dst id="ATLAng">16273.0613333333</dst>
            <dst id="CHINng">39182.7146666667</dst>
            <dst id="DNVRng">8281</dst>
            <dst id="HSTNng">55591.84</dst>
            <dst id="IPLSng">954.808</dst>
            <dst id="KSCYng">8911.16533333333</dst>
            <dst id="LOSAng">18066.152</dst>
            <dst id="NYCMng">13814.2106666667</dst>
            <dst id="SNVAng">8945.94133333333</dst>
            <dst id="STTLng">6746.52</dst>
            <dst id="WASHng">36303.5066666667</dst>
        </src>
        <src id="WASHng">
            <dst id="ATLA-M5">0</dst>
            <dst id="ATLAng">158913.202666667</dst>
            <dst id="CHINng">104098.464</dst>
            <dst id="DNVRng">1798.48</dst>
            <dst id="HSTNng">302090.613333333</dst>
            <dst id="IPLSng">85582.376</dst>
            <dst id="KSCYng">31142.0986666667</dst>
            <dst id="LOSAng">26.6666666666667</dst>
            <dst id="NYCMng">177582.896</dst>
            <dst id="SNVAng">842.749333333333</dst>
            <dst id="STTLng">4181.528</dst>
            <dst id="WASHng">460470.106666667</dst>
        </src>
    </IntraTM>
</TrafficMatrixFile>
