<?xml version="1.0" encoding="ISO-8859-1" standalone="yes"?>
<TrafficMatrixFile xsi:noNamespaceSchemaLocation="http://totem.run.montefiore.ulg.ac.be/Schema/TrafficMatrix-v1_2.xsd" xmlns:xsi="http://www.w3.org/2001/XMLSchema-instance">
    <IntraTM ASID="11537">
        <src id="ATLA-M5">
            <dst id="ATLA-M5">26.6666666666667</dst>
            <dst id="ATLAng">1617.31733333333</dst>
            <dst id="CHINng">1308.80533333333</dst>
            <dst id="DNVRng">0</dst>
            <dst id="HSTNng">3251.728</dst>
            <dst id="IPLSng">616.552</dst>
            <dst id="KSCYng">59.832</dst>
            <dst id="LOSAng">0</dst>
            <dst id="NYCMng">343.733333333333</dst>
            <dst id="SNVAng">0</dst>
            <dst id="STTLng">0</dst>
            <dst id="WASHng">644.269333333333</dst>
        </src>
        <src id="ATLAng">
            <dst id="ATLA-M5">0</dst>
            <dst id="ATLAng">26491.928</dst>
            <dst id="CHINng">23916.3066666667</dst>
            <dst id="DNVRng">26.6666666666667</dst>
            <dst id="HSTNng">102795.221333333</dst>
            <dst id="IPLSng">42932.1146666667</dst>
            <dst id="KSCYng">6093.92533333333</dst>
            <dst id="LOSAng">0</dst>
            <dst id="NYCMng">22895.744</dst>
            <dst id="SNVAng">26.6666666666667</dst>
            <dst id="STTLng">105.656</dst>
            <dst id="WASHng">55443.496</dst>
        </src>
        <src id="CHINng">
            <dst id="ATLA-M5">0</dst>
            <dst id="ATLAng">38307.5546666667</dst>
            <dst id="CHINng">103475.386666667</dst>
            <dst id="DNVRng">28318.4026666667</dst>
            <dst id="HSTNng">116873.106666667</dst>
            <dst id="IPLSng">79564.248</dst>
            <dst id="KSCYng">21364.6346666667</dst>
            <dst id="LOSAng">276.298666666667</dst>
            <dst id="NYCMng">39974.0666666667</dst>
            <dst id="SNVAng">26.6666666666667</dst>
            <dst id="STTLng">929.557333333334</dst>
            <dst id="WASHng">41933.3333333333</dst>
        </src>
        <src id="DNVRng">
            <dst id="ATLA-M5">0</dst>
            <dst id="ATLAng">9046.22666666667</dst>
            <dst id="CHINng">48189.2853333333</dst>
            <dst id="DNVRng">9829.88266666667</dst>
            <dst id="HSTNng">42608.424</dst>
            <dst id="IPLSng">28225.8346666667</dst>
            <dst id="KSCYng">17348.016</dst>
            <dst id="LOSAng">0</dst>
            <dst id="NYCMng">19717.5573333333</dst>
            <dst id="SNVAng">11567.392</dst>
            <dst id="STTLng">1566.00266666667</dst>
            <dst id="WASHng">46454.1813333333</dst>
        </src>
        <src id="HSTNng">
            <dst id="ATLA-M5">0</dst>
            <dst id="ATLAng">54840.1333333333</dst>
            <dst id="CHINng">1760.65066666667</dst>
            <dst id="DNVRng">26.6666666666667</dst>
            <dst id="HSTNng">155953.930666667</dst>
            <dst id="IPLSng">26.6666666666667</dst>
            <dst id="KSCYng">0</dst>
            <dst id="LOSAng">0</dst>
            <dst id="NYCMng">8800.736</dst>
            <dst id="SNVAng">26.6666666666667</dst>
            <dst id="STTLng">147.453333333333</dst>
            <dst id="WASHng">114935.909333333</dst>
        </src>
        <src id="IPLSng">
            <dst id="ATLA-M5">0</dst>
            <dst id="ATLAng">39465.8666666667</dst>
            <dst id="CHINng">131196.989333333</dst>
            <dst id="DNVRng">9678.73066666667</dst>
            <dst id="HSTNng">103886.824</dst>
            <dst id="IPLSng">51222.0666666667</dst>
            <dst id="KSCYng">23903.4293333333</dst>
            <dst id="LOSAng">53.3333333333333</dst>
            <dst id="NYCMng">73650.6853333333</dst>
            <dst id="SNVAng">1822.08</dst>
            <dst id="STTLng">814.098666666667</dst>
            <dst id="WASHng">35524.288</dst>
        </src>
        <src id="KSCYng">
            <dst id="ATLA-M5">0</dst>
            <dst id="ATLAng">5400.576</dst>
            <dst id="CHINng">26542.192</dst>
            <dst id="DNVRng">7337.352</dst>
            <dst id="HSTNng">19614.752</dst>
            <dst id="IPLSng">35988.0266666667</dst>
            <dst id="KSCYng">7035.47733333333</dst>
            <dst id="LOSAng">0</dst>
            <dst id="NYCMng">10722.9546666667</dst>
            <dst id="SNVAng">53.3333333333333</dst>
            <dst id="STTLng">312.96</dst>
            <dst id="WASHng">18739.9226666667</dst>
        </src>
        <src id="LOSAng">
            <dst id="ATLA-M5">0</dst>
            <dst id="ATLAng">46122.528</dst>
            <dst id="CHINng">4087.38133333333</dst>
            <dst id="DNVRng">19811.4186666667</dst>
            <dst id="HSTNng">174105.837333333</dst>
            <dst id="IPLSng">340.621333333333</dst>
            <dst id="KSCYng">121.461333333333</dst>
            <dst id="LOSAng">15471.3173333333</dst>
            <dst id="NYCMng">70579.7866666667</dst>
            <dst id="SNVAng">16910.736</dst>
            <dst id="STTLng">31799.4453333333</dst>
            <dst id="WASHng">101535.533333333</dst>
        </src>
        <src id="NYCMng">
            <dst id="ATLA-M5">0</dst>
            <dst id="ATLAng">41335.2</dst>
            <dst id="CHINng">95819.7253333333</dst>
            <dst id="DNVRng">44374.5893333333</dst>
            <dst id="HSTNng">157752.045333333</dst>
            <dst id="IPLSng">83901.4266666667</dst>
            <dst id="KSCYng">25928.8426666667</dst>
            <dst id="LOSAng">563.461333333333</dst>
            <dst id="NYCMng">265750.904</dst>
            <dst id="SNVAng">26.6666666666667</dst>
            <dst id="STTLng">5442.82666666667</dst>
            <dst id="WASHng">176038.845333333</dst>
        </src>
        <src id="SNVAng">
            <dst id="ATLA-M5">0</dst>
            <dst id="ATLAng">515.290666666667</dst>
            <dst id="CHINng">626.064</dst>
            <dst id="DNVRng">14330.36</dst>
            <dst id="HSTNng">5250.248</dst>
            <dst id="IPLSng">0</dst>
            <dst id="KSCYng">439.504</dst>
            <dst id="LOSAng">43182.1386666667</dst>
            <dst id="NYCMng">5649.35733333333</dst>
            <dst id="SNVAng">18219.5706666667</dst>
            <dst id="STTLng">55663.872</dst>
            <dst id="WASHng">1097.87466666667</dst>
        </src>
        <src id="STTLng">
            <dst id="ATLA-M5">0</dst>
            <dst id="ATLAng">13434.7146666667</dst>
            <dst id="CHINng">22700.5413333333</dst>
            <dst id="DNVRng">6878.728</dst>
            <dst id="HSTNng">39828.84</dst>
            <dst id="IPLSng">262.757333333333</dst>
            <dst id="KSCYng">6361.63733333333</dst>
            <dst id="LOSAng">26814.9253333333</dst>
            <dst id="NYCMng">15382.9786666667</dst>
            <dst id="SNVAng">7316.168</dst>
            <dst id="STTLng">3662.92</dst>
            <dst id="WASHng">32360.1626666667</dst>
        </src>
        <src id="WASHng">
            <dst id="ATLA-M5">0</dst>
            <dst id="ATLAng">107975.730666667</dst>
            <dst id="CHINng">106693.138666667</dst>
            <dst id="DNVRng">2957.16266666667</dst>
            <dst id="HSTNng">338657.466666667</dst>
            <dst id="IPLSng">87839.1786666667</dst>
            <dst id="KSCYng">14184.2</dst>
            <dst id="LOSAng">142.346666666667</dst>
            <dst id="NYCMng">212205.36</dst>
            <dst id="SNVAng">379.949333333333</dst>
            <dst id="STTLng">6282.18933333333</dst>
            <dst id="WASHng">350870.133333333</dst>
        </src>
    </IntraTM>
</TrafficMatrixFile>
