<?xml version="1.0" encoding="ISO-8859-1" standalone="yes"?>
<TrafficMatrixFile xsi:noNamespaceSchemaLocation="http://totem.run.montefiore.ulg.ac.be/Schema/TrafficMatrix-v1_2.xsd" xmlns:xsi="http://www.w3.org/2001/XMLSchema-instance">
    <IntraTM ASID="11537">
        <src id="ATLA-M5">
            <dst id="ATLA-M5">0</dst>
            <dst id="ATLAng">459.181333333333</dst>
            <dst id="CHINng">900.266666666667</dst>
            <dst id="DNVRng">0</dst>
            <dst id="HSTNng">137.669333333333</dst>
            <dst id="IPLSng">165.109333333333</dst>
            <dst id="KSCYng">0</dst>
            <dst id="LOSAng">0</dst>
            <dst id="NYCMng">1728.424</dst>
            <dst id="SNVAng">0</dst>
            <dst id="STTLng">0</dst>
            <dst id="WASHng">978.805333333333</dst>
        </src>
        <src id="ATLAng">
            <dst id="ATLA-M5">0</dst>
            <dst id="ATLAng">23955.7573333333</dst>
            <dst id="CHINng">33237.0453333333</dst>
            <dst id="DNVRng">0</dst>
            <dst id="HSTNng">2160.95733333333</dst>
            <dst id="IPLSng">25088.16</dst>
            <dst id="KSCYng">0</dst>
            <dst id="LOSAng">41.6346666666667</dst>
            <dst id="NYCMng">41539.008</dst>
            <dst id="SNVAng">234.773333333333</dst>
            <dst id="STTLng">0</dst>
            <dst id="WASHng">43079.5493333333</dst>
        </src>
        <src id="CHINng">
            <dst id="ATLA-M5">0</dst>
            <dst id="ATLAng">27650.4693333333</dst>
            <dst id="CHINng">37526.568</dst>
            <dst id="DNVRng">0</dst>
            <dst id="HSTNng">12359.08</dst>
            <dst id="IPLSng">41049.9253333333</dst>
            <dst id="KSCYng">80</dst>
            <dst id="LOSAng">53.3333333333333</dst>
            <dst id="NYCMng">197606.192</dst>
            <dst id="SNVAng">0</dst>
            <dst id="STTLng">189.605333333333</dst>
            <dst id="WASHng">30467.736</dst>
        </src>
        <src id="DNVRng">
            <dst id="ATLA-M5">0</dst>
            <dst id="ATLAng">6776.936</dst>
            <dst id="CHINng">32586.48</dst>
            <dst id="DNVRng">6261.088</dst>
            <dst id="HSTNng">23591.5546666667</dst>
            <dst id="IPLSng">27475.4426666667</dst>
            <dst id="KSCYng">11007.368</dst>
            <dst id="LOSAng">0</dst>
            <dst id="NYCMng">35592.1093333333</dst>
            <dst id="SNVAng">8023.95466666667</dst>
            <dst id="STTLng">2500.21333333333</dst>
            <dst id="WASHng">44848.712</dst>
        </src>
        <src id="HSTNng">
            <dst id="ATLA-M5">0</dst>
            <dst id="ATLAng">17229.1546666667</dst>
            <dst id="CHINng">1019.03466666667</dst>
            <dst id="DNVRng">0</dst>
            <dst id="HSTNng">94366.1626666667</dst>
            <dst id="IPLSng">53.3333333333333</dst>
            <dst id="KSCYng">0</dst>
            <dst id="LOSAng">26.6666666666667</dst>
            <dst id="NYCMng">2549.472</dst>
            <dst id="SNVAng">0</dst>
            <dst id="STTLng">0</dst>
            <dst id="WASHng">105081.466666667</dst>
        </src>
        <src id="IPLSng">
            <dst id="ATLA-M5">0</dst>
            <dst id="ATLAng">15428.824</dst>
            <dst id="CHINng">124668.216</dst>
            <dst id="DNVRng">0</dst>
            <dst id="HSTNng">8530.70933333333</dst>
            <dst id="IPLSng">17271.832</dst>
            <dst id="KSCYng">18182.9013333333</dst>
            <dst id="LOSAng">0</dst>
            <dst id="NYCMng">189129.002666667</dst>
            <dst id="SNVAng">0</dst>
            <dst id="STTLng">26.6666666666667</dst>
            <dst id="WASHng">16110.608</dst>
        </src>
        <src id="KSCYng">
            <dst id="ATLA-M5">0</dst>
            <dst id="ATLAng">5365.21866666667</dst>
            <dst id="CHINng">18014.6053333333</dst>
            <dst id="DNVRng">7917.44</dst>
            <dst id="HSTNng">20739.7706666667</dst>
            <dst id="IPLSng">13285.9573333333</dst>
            <dst id="KSCYng">5602.77866666667</dst>
            <dst id="LOSAng">0</dst>
            <dst id="NYCMng">23123.3413333333</dst>
            <dst id="SNVAng">26.6666666666667</dst>
            <dst id="STTLng">0</dst>
            <dst id="WASHng">15525.624</dst>
        </src>
        <src id="LOSAng">
            <dst id="ATLA-M5">0</dst>
            <dst id="ATLAng">14314.136</dst>
            <dst id="CHINng">2779.992</dst>
            <dst id="DNVRng">8503.66666666667</dst>
            <dst id="HSTNng">92619.936</dst>
            <dst id="IPLSng">985.234666666667</dst>
            <dst id="KSCYng">53.3333333333333</dst>
            <dst id="LOSAng">25654.176</dst>
            <dst id="NYCMng">53200.256</dst>
            <dst id="SNVAng">9496.57333333333</dst>
            <dst id="STTLng">21427.744</dst>
            <dst id="WASHng">89029.1813333333</dst>
        </src>
        <src id="NYCMng">
            <dst id="ATLA-M5">0</dst>
            <dst id="ATLAng">29166.6053333333</dst>
            <dst id="CHINng">764.570666666667</dst>
            <dst id="DNVRng">0</dst>
            <dst id="HSTNng">14350.9573333333</dst>
            <dst id="IPLSng">0</dst>
            <dst id="KSCYng">80</dst>
            <dst id="LOSAng">130.058666666667</dst>
            <dst id="NYCMng">402342.48</dst>
            <dst id="SNVAng">179.232</dst>
            <dst id="STTLng">127.058666666667</dst>
            <dst id="WASHng">87645.152</dst>
        </src>
        <src id="SNVAng">
            <dst id="ATLA-M5">0</dst>
            <dst id="ATLAng">687.826666666667</dst>
            <dst id="CHINng">0</dst>
            <dst id="DNVRng">2811.88533333333</dst>
            <dst id="HSTNng">3613.65066666667</dst>
            <dst id="IPLSng">195.141333333333</dst>
            <dst id="KSCYng">561.984</dst>
            <dst id="LOSAng">36451.2293333333</dst>
            <dst id="NYCMng">13614.136</dst>
            <dst id="SNVAng">15732.4586666667</dst>
            <dst id="STTLng">58107.1173333333</dst>
            <dst id="WASHng">732.893333333333</dst>
        </src>
        <src id="STTLng">
            <dst id="ATLA-M5">0</dst>
            <dst id="ATLAng">6812.84</dst>
            <dst id="CHINng">503.797333333333</dst>
            <dst id="DNVRng">8779.86933333333</dst>
            <dst id="HSTNng">17131.2586666667</dst>
            <dst id="IPLSng">171.125333333333</dst>
            <dst id="KSCYng">3726.90666666667</dst>
            <dst id="LOSAng">24448.8186666667</dst>
            <dst id="NYCMng">44703.2533333333</dst>
            <dst id="SNVAng">9855.17866666667</dst>
            <dst id="STTLng">941.413333333333</dst>
            <dst id="WASHng">26413.4053333333</dst>
        </src>
        <src id="WASHng">
            <dst id="ATLA-M5">0</dst>
            <dst id="ATLAng">128254.557333333</dst>
            <dst id="CHINng">452.608</dst>
            <dst id="DNVRng">0</dst>
            <dst id="HSTNng">72470.7333333333</dst>
            <dst id="IPLSng">133.04</dst>
            <dst id="KSCYng">192.458666666667</dst>
            <dst id="LOSAng">89.7066666666667</dst>
            <dst id="NYCMng">491450.72</dst>
            <dst id="SNVAng">83.9546666666667</dst>
            <dst id="STTLng">1749.952</dst>
            <dst id="WASHng">271191.333333333</dst>
        </src>
    </IntraTM>
</TrafficMatrixFile>
