<?xml version="1.0" encoding="ISO-8859-1" standalone="yes"?>
<TrafficMatrixFile xsi:noNamespaceSchemaLocation="http://totem.run.montefiore.ulg.ac.be/Schema/TrafficMatrix-v1_2.xsd" xmlns:xsi="http://www.w3.org/2001/XMLSchema-instance">
    <IntraTM ASID="11537">
        <src id="ATLA-M5">
            <dst id="ATLA-M5">494.498666666667</dst>
            <dst id="ATLAng">744.986666666667</dst>
            <dst id="CHINng">1846.536</dst>
            <dst id="DNVRng">0</dst>
            <dst id="HSTNng">922.616</dst>
            <dst id="IPLSng">725.544</dst>
            <dst id="KSCYng">336.898666666667</dst>
            <dst id="LOSAng">26.6666666666667</dst>
            <dst id="NYCMng">2125.744</dst>
            <dst id="SNVAng">53.3333333333333</dst>
            <dst id="STTLng">0</dst>
            <dst id="WASHng">3705.992</dst>
        </src>
        <src id="ATLAng">
            <dst id="ATLA-M5">0</dst>
            <dst id="ATLAng">46515.8693333333</dst>
            <dst id="CHINng">46954.4453333333</dst>
            <dst id="DNVRng">84.2133333333333</dst>
            <dst id="HSTNng">75560.2506666667</dst>
            <dst id="IPLSng">106986.645333333</dst>
            <dst id="KSCYng">6163.008</dst>
            <dst id="LOSAng">195.032</dst>
            <dst id="NYCMng">29437.152</dst>
            <dst id="SNVAng">924.64</dst>
            <dst id="STTLng">214.224</dst>
            <dst id="WASHng">95237.6346666667</dst>
        </src>
        <src id="CHINng">
            <dst id="ATLA-M5">0</dst>
            <dst id="ATLAng">31307.3333333333</dst>
            <dst id="CHINng">117947.613333333</dst>
            <dst id="DNVRng">19189.04</dst>
            <dst id="HSTNng">91982.8453333333</dst>
            <dst id="IPLSng">80372.224</dst>
            <dst id="KSCYng">23116.6533333333</dst>
            <dst id="LOSAng">190.421333333333</dst>
            <dst id="NYCMng">44462.264</dst>
            <dst id="SNVAng">149.576</dst>
            <dst id="STTLng">1080.97066666667</dst>
            <dst id="WASHng">50016.5733333333</dst>
        </src>
        <src id="DNVRng">
            <dst id="ATLA-M5">0</dst>
            <dst id="ATLAng">12030.8</dst>
            <dst id="CHINng">74447.8133333333</dst>
            <dst id="DNVRng">9082.74133333333</dst>
            <dst id="HSTNng">57592.1013333333</dst>
            <dst id="IPLSng">68257.608</dst>
            <dst id="KSCYng">29174.4773333333</dst>
            <dst id="LOSAng">26.6666666666667</dst>
            <dst id="NYCMng">22443.9546666667</dst>
            <dst id="SNVAng">29232.824</dst>
            <dst id="STTLng">324.576</dst>
            <dst id="WASHng">56760.8986666667</dst>
        </src>
        <src id="HSTNng">
            <dst id="ATLA-M5">0</dst>
            <dst id="ATLAng">55578.2213333333</dst>
            <dst id="CHINng">4010.72</dst>
            <dst id="DNVRng">138.466666666667</dst>
            <dst id="HSTNng">157519.032</dst>
            <dst id="IPLSng">57.296</dst>
            <dst id="KSCYng">0</dst>
            <dst id="LOSAng">80</dst>
            <dst id="NYCMng">11335.0346666667</dst>
            <dst id="SNVAng">71.136</dst>
            <dst id="STTLng">124</dst>
            <dst id="WASHng">124851.32</dst>
        </src>
        <src id="IPLSng">
            <dst id="ATLA-M5">0</dst>
            <dst id="ATLAng">104361.210666667</dst>
            <dst id="CHINng">161824.736</dst>
            <dst id="DNVRng">26488.928</dst>
            <dst id="HSTNng">62578.1466666667</dst>
            <dst id="IPLSng">89731.848</dst>
            <dst id="KSCYng">26220.0693333333</dst>
            <dst id="LOSAng">306.666666666667</dst>
            <dst id="NYCMng">54773.152</dst>
            <dst id="SNVAng">5110.95733333333</dst>
            <dst id="STTLng">391.338666666667</dst>
            <dst id="WASHng">55414.304</dst>
        </src>
        <src id="KSCYng">
            <dst id="ATLA-M5">0</dst>
            <dst id="ATLAng">6979.37866666667</dst>
            <dst id="CHINng">55844.6613333333</dst>
            <dst id="DNVRng">19753.8853333333</dst>
            <dst id="HSTNng">22752.3253333333</dst>
            <dst id="IPLSng">24255.664</dst>
            <dst id="KSCYng">7894.184</dst>
            <dst id="LOSAng">26.6666666666667</dst>
            <dst id="NYCMng">11092.168</dst>
            <dst id="SNVAng">106.666666666667</dst>
            <dst id="STTLng">171.501333333333</dst>
            <dst id="WASHng">12354.872</dst>
        </src>
        <src id="LOSAng">
            <dst id="ATLA-M5">0</dst>
            <dst id="ATLAng">44491.7146666667</dst>
            <dst id="CHINng">12004.872</dst>
            <dst id="DNVRng">17551.6426666667</dst>
            <dst id="HSTNng">165710.338666667</dst>
            <dst id="IPLSng">1486.07733333333</dst>
            <dst id="KSCYng">1465.37866666667</dst>
            <dst id="LOSAng">17780.008</dst>
            <dst id="NYCMng">63674.392</dst>
            <dst id="SNVAng">19573.64</dst>
            <dst id="STTLng">23535.7706666667</dst>
            <dst id="WASHng">111484.776</dst>
        </src>
        <src id="NYCMng">
            <dst id="ATLA-M5">0</dst>
            <dst id="ATLAng">71601.576</dst>
            <dst id="CHINng">96701.6133333334</dst>
            <dst id="DNVRng">45591.1733333333</dst>
            <dst id="HSTNng">137580.506666667</dst>
            <dst id="IPLSng">99495.2133333334</dst>
            <dst id="KSCYng">27566.2</dst>
            <dst id="LOSAng">324.181333333333</dst>
            <dst id="NYCMng">246334.32</dst>
            <dst id="SNVAng">621.978666666667</dst>
            <dst id="STTLng">1716.048</dst>
            <dst id="WASHng">245093.586666667</dst>
        </src>
        <src id="SNVAng">
            <dst id="ATLA-M5">0</dst>
            <dst id="ATLAng">1714.05066666667</dst>
            <dst id="CHINng">4045.97333333333</dst>
            <dst id="DNVRng">13470.288</dst>
            <dst id="HSTNng">15272.656</dst>
            <dst id="IPLSng">47.96</dst>
            <dst id="KSCYng">742.069333333333</dst>
            <dst id="LOSAng">45428.544</dst>
            <dst id="NYCMng">11227.36</dst>
            <dst id="SNVAng">16472.6933333333</dst>
            <dst id="STTLng">56985.032</dst>
            <dst id="WASHng">1915.92266666667</dst>
        </src>
        <src id="STTLng">
            <dst id="ATLA-M5">0</dst>
            <dst id="ATLAng">16339.256</dst>
            <dst id="CHINng">26786.416</dst>
            <dst id="DNVRng">11035.024</dst>
            <dst id="HSTNng">62962.4453333333</dst>
            <dst id="IPLSng">1022.36</dst>
            <dst id="KSCYng">6370.02933333333</dst>
            <dst id="LOSAng">26235.9786666667</dst>
            <dst id="NYCMng">17335.224</dst>
            <dst id="SNVAng">12059.3973333333</dst>
            <dst id="STTLng">3293.032</dst>
            <dst id="WASHng">41434.824</dst>
        </src>
        <src id="WASHng">
            <dst id="ATLA-M5">0</dst>
            <dst id="ATLAng">128941.368</dst>
            <dst id="CHINng">114124.850666667</dst>
            <dst id="DNVRng">8067.648</dst>
            <dst id="HSTNng">394405.013333333</dst>
            <dst id="IPLSng">72259.264</dst>
            <dst id="KSCYng">24988.392</dst>
            <dst id="LOSAng">126.666666666667</dst>
            <dst id="NYCMng">224620.330666667</dst>
            <dst id="SNVAng">729.656</dst>
            <dst id="STTLng">6007.464</dst>
            <dst id="WASHng">360949.813333333</dst>
        </src>
    </IntraTM>
</TrafficMatrixFile>
