<?xml version="1.0" encoding="ISO-8859-1" standalone="yes"?>
<TrafficMatrixFile xsi:noNamespaceSchemaLocation="http://totem.run.montefiore.ulg.ac.be/Schema/TrafficMatrix-v1_2.xsd" xmlns:xsi="http://www.w3.org/2001/XMLSchema-instance">
    <IntraTM ASID="11537">
        <src id="ATLA-M5">
            <dst id="ATLA-M5">0</dst>
            <dst id="ATLAng">1436.568</dst>
            <dst id="CHINng">555.981333333333</dst>
            <dst id="DNVRng">0</dst>
            <dst id="HSTNng">177.386666666667</dst>
            <dst id="IPLSng">599.506666666667</dst>
            <dst id="KSCYng">0</dst>
            <dst id="LOSAng">0</dst>
            <dst id="NYCMng">1619.20533333333</dst>
            <dst id="SNVAng">0</dst>
            <dst id="STTLng">0</dst>
            <dst id="WASHng">2682.02666666667</dst>
        </src>
        <src id="ATLAng">
            <dst id="ATLA-M5">0</dst>
            <dst id="ATLAng">25107.3946666667</dst>
            <dst id="CHINng">49541.0026666667</dst>
            <dst id="DNVRng">0</dst>
            <dst id="HSTNng">11300.1093333333</dst>
            <dst id="IPLSng">27978.3466666667</dst>
            <dst id="KSCYng">26.6666666666667</dst>
            <dst id="LOSAng">0</dst>
            <dst id="NYCMng">64544.664</dst>
            <dst id="SNVAng">32.7946666666667</dst>
            <dst id="STTLng">0</dst>
            <dst id="WASHng">44012.0586666667</dst>
        </src>
        <src id="CHINng">
            <dst id="ATLA-M5">0</dst>
            <dst id="ATLAng">36452.592</dst>
            <dst id="CHINng">29348.1013333333</dst>
            <dst id="DNVRng">0</dst>
            <dst id="HSTNng">21595.344</dst>
            <dst id="IPLSng">65556.6933333333</dst>
            <dst id="KSCYng">26.6666666666667</dst>
            <dst id="LOSAng">948.088</dst>
            <dst id="NYCMng">245953.826666667</dst>
            <dst id="SNVAng">28.6053333333333</dst>
            <dst id="STTLng">26.6666666666667</dst>
            <dst id="WASHng">44291.3573333333</dst>
        </src>
        <src id="DNVRng">
            <dst id="ATLA-M5">0</dst>
            <dst id="ATLAng">6926.32533333333</dst>
            <dst id="CHINng">37180.408</dst>
            <dst id="DNVRng">7242.36266666667</dst>
            <dst id="HSTNng">41362.9493333333</dst>
            <dst id="IPLSng">35659.4853333333</dst>
            <dst id="KSCYng">11448.8666666667</dst>
            <dst id="LOSAng">0</dst>
            <dst id="NYCMng">25561.7413333333</dst>
            <dst id="SNVAng">13602.7226666667</dst>
            <dst id="STTLng">26.6666666666667</dst>
            <dst id="WASHng">39116.584</dst>
        </src>
        <src id="HSTNng">
            <dst id="ATLA-M5">0</dst>
            <dst id="ATLAng">41529.248</dst>
            <dst id="CHINng">997.648</dst>
            <dst id="DNVRng">35.448</dst>
            <dst id="HSTNng">130474.365333333</dst>
            <dst id="IPLSng">26.6666666666667</dst>
            <dst id="KSCYng">30.464</dst>
            <dst id="LOSAng">26.6666666666667</dst>
            <dst id="NYCMng">5319.99733333333</dst>
            <dst id="SNVAng">0</dst>
            <dst id="STTLng">0</dst>
            <dst id="WASHng">121558.624</dst>
        </src>
        <src id="IPLSng">
            <dst id="ATLA-M5">0</dst>
            <dst id="ATLAng">15150.6666666667</dst>
            <dst id="CHINng">104075.754666667</dst>
            <dst id="DNVRng">0</dst>
            <dst id="HSTNng">17490.3226666667</dst>
            <dst id="IPLSng">24093.8853333333</dst>
            <dst id="KSCYng">27109.6666666667</dst>
            <dst id="LOSAng">121.906666666667</dst>
            <dst id="NYCMng">172450.005333333</dst>
            <dst id="SNVAng">80</dst>
            <dst id="STTLng">106.666666666667</dst>
            <dst id="WASHng">30801.608</dst>
        </src>
        <src id="KSCYng">
            <dst id="ATLA-M5">0</dst>
            <dst id="ATLAng">8097.09066666667</dst>
            <dst id="CHINng">19645.7946666667</dst>
            <dst id="DNVRng">18577.4773333333</dst>
            <dst id="HSTNng">17291.0773333333</dst>
            <dst id="IPLSng">14070.0053333333</dst>
            <dst id="KSCYng">7698.632</dst>
            <dst id="LOSAng">0</dst>
            <dst id="NYCMng">29307.0293333333</dst>
            <dst id="SNVAng">43.56</dst>
            <dst id="STTLng">0</dst>
            <dst id="WASHng">11861.7893333333</dst>
        </src>
        <src id="LOSAng">
            <dst id="ATLA-M5">0</dst>
            <dst id="ATLAng">36714.48</dst>
            <dst id="CHINng">2866.91733333333</dst>
            <dst id="DNVRng">22364.024</dst>
            <dst id="HSTNng">133543.68</dst>
            <dst id="IPLSng">437.44</dst>
            <dst id="KSCYng">708.677333333333</dst>
            <dst id="LOSAng">29917.3333333333</dst>
            <dst id="NYCMng">74264.4853333333</dst>
            <dst id="SNVAng">12164.824</dst>
            <dst id="STTLng">18144.1466666667</dst>
            <dst id="WASHng">99785.6213333334</dst>
        </src>
        <src id="NYCMng">
            <dst id="ATLA-M5">0</dst>
            <dst id="ATLAng">40845.6666666667</dst>
            <dst id="CHINng">699.013333333333</dst>
            <dst id="DNVRng">0</dst>
            <dst id="HSTNng">15626.3013333333</dst>
            <dst id="IPLSng">109.610666666667</dst>
            <dst id="KSCYng">183.528</dst>
            <dst id="LOSAng">127.152</dst>
            <dst id="NYCMng">930117.573333333</dst>
            <dst id="SNVAng">205.472</dst>
            <dst id="STTLng">127.581333333333</dst>
            <dst id="WASHng">286267.013333333</dst>
        </src>
        <src id="SNVAng">
            <dst id="ATLA-M5">0</dst>
            <dst id="ATLAng">1030.416</dst>
            <dst id="CHINng">26.6666666666667</dst>
            <dst id="DNVRng">2114.264</dst>
            <dst id="HSTNng">5130.00533333333</dst>
            <dst id="IPLSng">26.6666666666667</dst>
            <dst id="KSCYng">449.285333333333</dst>
            <dst id="LOSAng">45168.3333333333</dst>
            <dst id="NYCMng">14680.2853333333</dst>
            <dst id="SNVAng">16191.7413333333</dst>
            <dst id="STTLng">54517.0266666667</dst>
            <dst id="WASHng">946.381333333333</dst>
        </src>
        <src id="STTLng">
            <dst id="ATLA-M5">0</dst>
            <dst id="ATLAng">11953.5333333333</dst>
            <dst id="CHINng">1086.86666666667</dst>
            <dst id="DNVRng">7215.06133333333</dst>
            <dst id="HSTNng">20016.1626666667</dst>
            <dst id="IPLSng">228.624</dst>
            <dst id="KSCYng">3601.34133333333</dst>
            <dst id="LOSAng">33240.6906666667</dst>
            <dst id="NYCMng">53515.0133333333</dst>
            <dst id="SNVAng">5901.43466666667</dst>
            <dst id="STTLng">4069.96</dst>
            <dst id="WASHng">30355.5866666667</dst>
        </src>
        <src id="WASHng">
            <dst id="ATLA-M5">0</dst>
            <dst id="ATLAng">121745.629333333</dst>
            <dst id="CHINng">647.208</dst>
            <dst id="DNVRng">0</dst>
            <dst id="HSTNng">80798.4186666667</dst>
            <dst id="IPLSng">165.768</dst>
            <dst id="KSCYng">80</dst>
            <dst id="LOSAng">80</dst>
            <dst id="NYCMng">582862.48</dst>
            <dst id="SNVAng">210.912</dst>
            <dst id="STTLng">73.5226666666667</dst>
            <dst id="WASHng">280448.026666667</dst>
        </src>
    </IntraTM>
</TrafficMatrixFile>
