<?xml version="1.0" encoding="ISO-8859-1" standalone="yes"?>
<TrafficMatrixFile xsi:noNamespaceSchemaLocation="http://totem.run.montefiore.ulg.ac.be/Schema/TrafficMatrix-v1_2.xsd" xmlns:xsi="http://www.w3.org/2001/XMLSchema-instance">
    <IntraTM ASID="11537">
        <src id="ATLA-M5">
            <dst id="ATLA-M5">146.389333333333</dst>
            <dst id="ATLAng">643.253333333333</dst>
            <dst id="CHINng">996.784</dst>
            <dst id="DNVRng">0</dst>
            <dst id="HSTNng">2268.64533333333</dst>
            <dst id="IPLSng">1705.264</dst>
            <dst id="KSCYng">360.616</dst>
            <dst id="LOSAng">0</dst>
            <dst id="NYCMng">790.045333333333</dst>
            <dst id="SNVAng">28.5066666666667</dst>
            <dst id="STTLng">26.6666666666667</dst>
            <dst id="WASHng">2861.87466666667</dst>
        </src>
        <src id="ATLAng">
            <dst id="ATLA-M5">0</dst>
            <dst id="ATLAng">32051.3466666667</dst>
            <dst id="CHINng">43140.4133333333</dst>
            <dst id="DNVRng">176.856</dst>
            <dst id="HSTNng">73389.096</dst>
            <dst id="IPLSng">112211.973333333</dst>
            <dst id="KSCYng">14153.6826666667</dst>
            <dst id="LOSAng">70.8</dst>
            <dst id="NYCMng">18839.4533333333</dst>
            <dst id="SNVAng">999.064</dst>
            <dst id="STTLng">256.837333333333</dst>
            <dst id="WASHng">85694.3146666667</dst>
        </src>
        <src id="CHINng">
            <dst id="ATLA-M5">0</dst>
            <dst id="ATLAng">34587.5706666667</dst>
            <dst id="CHINng">123137.981333333</dst>
            <dst id="DNVRng">23123.208</dst>
            <dst id="HSTNng">123328.450666667</dst>
            <dst id="IPLSng">89629.4186666667</dst>
            <dst id="KSCYng">18942.408</dst>
            <dst id="LOSAng">614.848</dst>
            <dst id="NYCMng">49947.8666666667</dst>
            <dst id="SNVAng">1034.89066666667</dst>
            <dst id="STTLng">793.229333333333</dst>
            <dst id="WASHng">64648.1813333333</dst>
        </src>
        <src id="DNVRng">
            <dst id="ATLA-M5">0</dst>
            <dst id="ATLAng">31425.544</dst>
            <dst id="CHINng">69426.0506666667</dst>
            <dst id="DNVRng">21196.8773333333</dst>
            <dst id="HSTNng">54080.7946666667</dst>
            <dst id="IPLSng">42397.4986666667</dst>
            <dst id="KSCYng">21458.0933333333</dst>
            <dst id="LOSAng">53.3333333333333</dst>
            <dst id="NYCMng">27335.4773333333</dst>
            <dst id="SNVAng">13047.504</dst>
            <dst id="STTLng">271.597333333333</dst>
            <dst id="WASHng">54626.584</dst>
        </src>
        <src id="HSTNng">
            <dst id="ATLA-M5">0</dst>
            <dst id="ATLAng">44524.728</dst>
            <dst id="CHINng">4406.136</dst>
            <dst id="DNVRng">53.3333333333333</dst>
            <dst id="HSTNng">193641.061333333</dst>
            <dst id="IPLSng">99.3946666666667</dst>
            <dst id="KSCYng">67.608</dst>
            <dst id="LOSAng">0</dst>
            <dst id="NYCMng">10330.008</dst>
            <dst id="SNVAng">281.149333333333</dst>
            <dst id="STTLng">53.3333333333333</dst>
            <dst id="WASHng">130736.112</dst>
        </src>
        <src id="IPLSng">
            <dst id="ATLA-M5">0</dst>
            <dst id="ATLAng">78282.5306666667</dst>
            <dst id="CHINng">155059.04</dst>
            <dst id="DNVRng">20113.3946666667</dst>
            <dst id="HSTNng">87672.8293333333</dst>
            <dst id="IPLSng">46688.064</dst>
            <dst id="KSCYng">32555.5386666667</dst>
            <dst id="LOSAng">278.992</dst>
            <dst id="NYCMng">52276.6613333333</dst>
            <dst id="SNVAng">5225.00533333333</dst>
            <dst id="STTLng">349.506666666667</dst>
            <dst id="WASHng">39854.8853333333</dst>
        </src>
        <src id="KSCYng">
            <dst id="ATLA-M5">0</dst>
            <dst id="ATLAng">5314.592</dst>
            <dst id="CHINng">38341.144</dst>
            <dst id="DNVRng">20511.7706666667</dst>
            <dst id="HSTNng">21629.696</dst>
            <dst id="IPLSng">41440.1093333333</dst>
            <dst id="KSCYng">15570.6106666667</dst>
            <dst id="LOSAng">26.6666666666667</dst>
            <dst id="NYCMng">11287.496</dst>
            <dst id="SNVAng">224.469333333333</dst>
            <dst id="STTLng">193.066666666667</dst>
            <dst id="WASHng">13639.0533333333</dst>
        </src>
        <src id="LOSAng">
            <dst id="ATLA-M5">0</dst>
            <dst id="ATLAng">31542.0506666667</dst>
            <dst id="CHINng">7125.88</dst>
            <dst id="DNVRng">41701.3946666667</dst>
            <dst id="HSTNng">161213.490666667</dst>
            <dst id="IPLSng">2138.85866666667</dst>
            <dst id="KSCYng">4022.48</dst>
            <dst id="LOSAng">17048.8613333333</dst>
            <dst id="NYCMng">62408.16</dst>
            <dst id="SNVAng">13525.4133333333</dst>
            <dst id="STTLng">39920.048</dst>
            <dst id="WASHng">117050.24</dst>
        </src>
        <src id="NYCMng">
            <dst id="ATLA-M5">0</dst>
            <dst id="ATLAng">64099.7466666667</dst>
            <dst id="CHINng">125172.242666667</dst>
            <dst id="DNVRng">45089.52</dst>
            <dst id="HSTNng">165210.597333333</dst>
            <dst id="IPLSng">95746.136</dst>
            <dst id="KSCYng">29337.04</dst>
            <dst id="LOSAng">85.3066666666667</dst>
            <dst id="NYCMng">281299.36</dst>
            <dst id="SNVAng">184.141333333333</dst>
            <dst id="STTLng">2065.38133333333</dst>
            <dst id="WASHng">231848.029333333</dst>
        </src>
        <src id="SNVAng">
            <dst id="ATLA-M5">0</dst>
            <dst id="ATLAng">3006.75733333333</dst>
            <dst id="CHINng">201.354666666667</dst>
            <dst id="DNVRng">5289.75466666667</dst>
            <dst id="HSTNng">7060.05333333333</dst>
            <dst id="IPLSng">198.122666666667</dst>
            <dst id="KSCYng">1625.55733333333</dst>
            <dst id="LOSAng">38019.9653333333</dst>
            <dst id="NYCMng">8395.93866666667</dst>
            <dst id="SNVAng">17296.7333333333</dst>
            <dst id="STTLng">58257.616</dst>
            <dst id="WASHng">1719.112</dst>
        </src>
        <src id="STTLng">
            <dst id="ATLA-M5">0</dst>
            <dst id="ATLAng">17070.088</dst>
            <dst id="CHINng">23404.808</dst>
            <dst id="DNVRng">21380.6133333333</dst>
            <dst id="HSTNng">66746.9893333333</dst>
            <dst id="IPLSng">885.888</dst>
            <dst id="KSCYng">7803.848</dst>
            <dst id="LOSAng">30780.4426666667</dst>
            <dst id="NYCMng">24079.4346666667</dst>
            <dst id="SNVAng">14232.4506666667</dst>
            <dst id="STTLng">5850.11733333333</dst>
            <dst id="WASHng">39204.7093333333</dst>
        </src>
        <src id="WASHng">
            <dst id="ATLA-M5">0</dst>
            <dst id="ATLAng">152486.296</dst>
            <dst id="CHINng">133137.994666667</dst>
            <dst id="DNVRng">5677.52</dst>
            <dst id="HSTNng">353642.453333333</dst>
            <dst id="IPLSng">80761.128</dst>
            <dst id="KSCYng">40388.504</dst>
            <dst id="LOSAng">224.112</dst>
            <dst id="NYCMng">228776.096</dst>
            <dst id="SNVAng">388.56</dst>
            <dst id="STTLng">8856.65333333333</dst>
            <dst id="WASHng">355664.88</dst>
        </src>
    </IntraTM>
</TrafficMatrixFile>
