<?xml version="1.0" encoding="ISO-8859-1" standalone="yes"?>
<TrafficMatrixFile xsi:noNamespaceSchemaLocation="http://totem.run.montefiore.ulg.ac.be/Schema/TrafficMatrix-v1_2.xsd" xmlns:xsi="http://www.w3.org/2001/XMLSchema-instance">
    <IntraTM ASID="11537">
        <src id="ATLA-M5">
            <dst id="ATLA-M5">26.6666666666667</dst>
            <dst id="ATLAng">153.656</dst>
            <dst id="CHINng">656.712</dst>
            <dst id="DNVRng">0</dst>
            <dst id="HSTNng">1623.40266666667</dst>
            <dst id="IPLSng">130.168</dst>
            <dst id="KSCYng">111.136</dst>
            <dst id="LOSAng">0</dst>
            <dst id="NYCMng">456.250666666667</dst>
            <dst id="SNVAng">0</dst>
            <dst id="STTLng">0</dst>
            <dst id="WASHng">1090.96266666667</dst>
        </src>
        <src id="ATLAng">
            <dst id="ATLA-M5">0</dst>
            <dst id="ATLAng">27430.968</dst>
            <dst id="CHINng">19931.0186666667</dst>
            <dst id="DNVRng">0</dst>
            <dst id="HSTNng">884523.066666667</dst>
            <dst id="IPLSng">33016.8746666667</dst>
            <dst id="KSCYng">5208.77333333333</dst>
            <dst id="LOSAng">0</dst>
            <dst id="NYCMng">24681.8106666667</dst>
            <dst id="SNVAng">26.6666666666667</dst>
            <dst id="STTLng">304.765333333333</dst>
            <dst id="WASHng">66359.8986666667</dst>
        </src>
        <src id="CHINng">
            <dst id="ATLA-M5">0</dst>
            <dst id="ATLAng">29331.096</dst>
            <dst id="CHINng">142751.4</dst>
            <dst id="DNVRng">20252.68</dst>
            <dst id="HSTNng">114341.709333333</dst>
            <dst id="IPLSng">77310.5253333333</dst>
            <dst id="KSCYng">16234.5626666667</dst>
            <dst id="LOSAng">983.581333333333</dst>
            <dst id="NYCMng">39761.6666666667</dst>
            <dst id="SNVAng">53.3333333333333</dst>
            <dst id="STTLng">1330.056</dst>
            <dst id="WASHng">38708.176</dst>
        </src>
        <src id="DNVRng">
            <dst id="ATLA-M5">0</dst>
            <dst id="ATLAng">8287.136</dst>
            <dst id="CHINng">76275.1653333333</dst>
            <dst id="DNVRng">5758.12533333333</dst>
            <dst id="HSTNng">49835.0266666667</dst>
            <dst id="IPLSng">27019.128</dst>
            <dst id="KSCYng">10656.4026666667</dst>
            <dst id="LOSAng">30.0426666666667</dst>
            <dst id="NYCMng">29087.824</dst>
            <dst id="SNVAng">8449.22133333333</dst>
            <dst id="STTLng">106.666666666667</dst>
            <dst id="WASHng">31627.3546666667</dst>
        </src>
        <src id="HSTNng">
            <dst id="ATLA-M5">0</dst>
            <dst id="ATLAng">25108.8346666667</dst>
            <dst id="CHINng">1976.18933333333</dst>
            <dst id="DNVRng">0</dst>
            <dst id="HSTNng">152196.994666667</dst>
            <dst id="IPLSng">348.973333333333</dst>
            <dst id="KSCYng">0</dst>
            <dst id="LOSAng">0</dst>
            <dst id="NYCMng">8754.824</dst>
            <dst id="SNVAng">53.3333333333333</dst>
            <dst id="STTLng">133.333333333333</dst>
            <dst id="WASHng">95447.5786666667</dst>
        </src>
        <src id="IPLSng">
            <dst id="ATLA-M5">0</dst>
            <dst id="ATLAng">12043.6266666667</dst>
            <dst id="CHINng">170236.952</dst>
            <dst id="DNVRng">11958.952</dst>
            <dst id="HSTNng">78641.84</dst>
            <dst id="IPLSng">23671.1386666667</dst>
            <dst id="KSCYng">21102.0026666667</dst>
            <dst id="LOSAng">26.6666666666667</dst>
            <dst id="NYCMng">55103.6906666667</dst>
            <dst id="SNVAng">78.2986666666667</dst>
            <dst id="STTLng">574.328</dst>
            <dst id="WASHng">20037.4133333333</dst>
        </src>
        <src id="KSCYng">
            <dst id="ATLA-M5">0</dst>
            <dst id="ATLAng">8120.21866666667</dst>
            <dst id="CHINng">37834.3546666667</dst>
            <dst id="DNVRng">8583.02666666667</dst>
            <dst id="HSTNng">16601.0533333333</dst>
            <dst id="IPLSng">12818.3573333333</dst>
            <dst id="KSCYng">7600.664</dst>
            <dst id="LOSAng">0</dst>
            <dst id="NYCMng">12002.1946666667</dst>
            <dst id="SNVAng">26.6666666666667</dst>
            <dst id="STTLng">228.618666666667</dst>
            <dst id="WASHng">11420.736</dst>
        </src>
        <src id="LOSAng">
            <dst id="ATLA-M5">0</dst>
            <dst id="ATLAng">17378.6266666667</dst>
            <dst id="CHINng">17840.3573333333</dst>
            <dst id="DNVRng">6786.90133333333</dst>
            <dst id="HSTNng">190141.448</dst>
            <dst id="IPLSng">260.085333333333</dst>
            <dst id="KSCYng">80</dst>
            <dst id="LOSAng">43135.304</dst>
            <dst id="NYCMng">60325.944</dst>
            <dst id="SNVAng">9445.22133333333</dst>
            <dst id="STTLng">29093.4986666667</dst>
            <dst id="WASHng">88082.8586666666</dst>
        </src>
        <src id="NYCMng">
            <dst id="ATLA-M5">0</dst>
            <dst id="ATLAng">38347.8</dst>
            <dst id="CHINng">90094.3946666666</dst>
            <dst id="DNVRng">37936.3386666667</dst>
            <dst id="HSTNng">128510.341333333</dst>
            <dst id="IPLSng">65375.2906666667</dst>
            <dst id="KSCYng">24936.9973333333</dst>
            <dst id="LOSAng">291.141333333333</dst>
            <dst id="NYCMng">250097.805333333</dst>
            <dst id="SNVAng">53.3333333333333</dst>
            <dst id="STTLng">10495.624</dst>
            <dst id="WASHng">91404.5146666667</dst>
        </src>
        <src id="SNVAng">
            <dst id="ATLA-M5">0</dst>
            <dst id="ATLAng">647.333333333333</dst>
            <dst id="CHINng">574.064</dst>
            <dst id="DNVRng">7144.42933333333</dst>
            <dst id="HSTNng">4864.656</dst>
            <dst id="IPLSng">0</dst>
            <dst id="KSCYng">486.122666666667</dst>
            <dst id="LOSAng">38166.1493333333</dst>
            <dst id="NYCMng">5029.57066666666</dst>
            <dst id="SNVAng">12949.7066666667</dst>
            <dst id="STTLng">47777.2906666667</dst>
            <dst id="WASHng">609.338666666667</dst>
        </src>
        <src id="STTLng">
            <dst id="ATLA-M5">0</dst>
            <dst id="ATLAng">12819.6506666667</dst>
            <dst id="CHINng">24206.408</dst>
            <dst id="DNVRng">5184.93066666667</dst>
            <dst id="HSTNng">49648.5093333333</dst>
            <dst id="IPLSng">280.405333333333</dst>
            <dst id="KSCYng">2858.632</dst>
            <dst id="LOSAng">36330.5786666667</dst>
            <dst id="NYCMng">18427.4</dst>
            <dst id="SNVAng">7705.472</dst>
            <dst id="STTLng">3261.2</dst>
            <dst id="WASHng">29186.5253333333</dst>
        </src>
        <src id="WASHng">
            <dst id="ATLA-M5">0</dst>
            <dst id="ATLAng">101928.893333333</dst>
            <dst id="CHINng">98236.656</dst>
            <dst id="DNVRng">6471.968</dst>
            <dst id="HSTNng">294590.72</dst>
            <dst id="IPLSng">51846.2106666667</dst>
            <dst id="KSCYng">20225.224</dst>
            <dst id="LOSAng">133.333333333333</dst>
            <dst id="NYCMng">143820.941333333</dst>
            <dst id="SNVAng">305.661333333333</dst>
            <dst id="STTLng">7612.112</dst>
            <dst id="WASHng">411747.066666667</dst>
        </src>
    </IntraTM>
</TrafficMatrixFile>
