<?xml version="1.0" encoding="ISO-8859-1" standalone="yes"?>
<TrafficMatrixFile xsi:noNamespaceSchemaLocation="http://totem.run.montefiore.ulg.ac.be/Schema/TrafficMatrix-v1_2.xsd" xmlns:xsi="http://www.w3.org/2001/XMLSchema-instance">
    <IntraTM ASID="11537">
        <src id="ATLA-M5">
            <dst id="ATLA-M5">0</dst>
            <dst id="ATLAng">145.026666666667</dst>
            <dst id="CHINng">1303.48266666667</dst>
            <dst id="DNVRng">0</dst>
            <dst id="HSTNng">71.1386666666667</dst>
            <dst id="IPLSng">1439.152</dst>
            <dst id="KSCYng">0</dst>
            <dst id="LOSAng">0</dst>
            <dst id="NYCMng">1237.03466666667</dst>
            <dst id="SNVAng">0</dst>
            <dst id="STTLng">0</dst>
            <dst id="WASHng">1640.10666666667</dst>
        </src>
        <src id="ATLAng">
            <dst id="ATLA-M5">0</dst>
            <dst id="ATLAng">23961.7306666667</dst>
            <dst id="CHINng">46591.408</dst>
            <dst id="DNVRng">0</dst>
            <dst id="HSTNng">2692.824</dst>
            <dst id="IPLSng">29392.9733333333</dst>
            <dst id="KSCYng">0</dst>
            <dst id="LOSAng">0</dst>
            <dst id="NYCMng">45453.512</dst>
            <dst id="SNVAng">0</dst>
            <dst id="STTLng">0</dst>
            <dst id="WASHng">37873.7786666667</dst>
        </src>
        <src id="CHINng">
            <dst id="ATLA-M5">0</dst>
            <dst id="ATLAng">37089.2</dst>
            <dst id="CHINng">30768.512</dst>
            <dst id="DNVRng">0</dst>
            <dst id="HSTNng">28286.8133333333</dst>
            <dst id="IPLSng">60766.904</dst>
            <dst id="KSCYng">0</dst>
            <dst id="LOSAng">0</dst>
            <dst id="NYCMng">223137.538666667</dst>
            <dst id="SNVAng">0</dst>
            <dst id="STTLng">1490.54666666667</dst>
            <dst id="WASHng">37317.4613333333</dst>
        </src>
        <src id="DNVRng">
            <dst id="ATLA-M5">0</dst>
            <dst id="ATLAng">6131.47733333333</dst>
            <dst id="CHINng">32679.28</dst>
            <dst id="DNVRng">6143.30666666667</dst>
            <dst id="HSTNng">36602.816</dst>
            <dst id="IPLSng">34077.6293333333</dst>
            <dst id="KSCYng">11490.0853333333</dst>
            <dst id="LOSAng">0</dst>
            <dst id="NYCMng">33034.8346666667</dst>
            <dst id="SNVAng">9575.49333333333</dst>
            <dst id="STTLng">133.333333333333</dst>
            <dst id="WASHng">43243.6506666667</dst>
        </src>
        <src id="HSTNng">
            <dst id="ATLA-M5">0</dst>
            <dst id="ATLAng">27844.4373333333</dst>
            <dst id="CHINng">470.72</dst>
            <dst id="DNVRng">26.6666666666667</dst>
            <dst id="HSTNng">150972.386666667</dst>
            <dst id="IPLSng">80</dst>
            <dst id="KSCYng">44</dst>
            <dst id="LOSAng">0</dst>
            <dst id="NYCMng">9458.74933333333</dst>
            <dst id="SNVAng">26.6666666666667</dst>
            <dst id="STTLng">0</dst>
            <dst id="WASHng">119548.493333333</dst>
        </src>
        <src id="IPLSng">
            <dst id="ATLA-M5">0</dst>
            <dst id="ATLAng">21706.6453333333</dst>
            <dst id="CHINng">159203.296</dst>
            <dst id="DNVRng">0</dst>
            <dst id="HSTNng">11143.736</dst>
            <dst id="IPLSng">38768.7786666667</dst>
            <dst id="KSCYng">27160.7013333333</dst>
            <dst id="LOSAng">0</dst>
            <dst id="NYCMng">180216.877333333</dst>
            <dst id="SNVAng">0</dst>
            <dst id="STTLng">98.6133333333333</dst>
            <dst id="WASHng">31930.9493333333</dst>
        </src>
        <src id="KSCYng">
            <dst id="ATLA-M5">0</dst>
            <dst id="ATLAng">5897.61866666667</dst>
            <dst id="CHINng">17105.3333333333</dst>
            <dst id="DNVRng">7387.808</dst>
            <dst id="HSTNng">17112.4826666667</dst>
            <dst id="IPLSng">13053.0026666667</dst>
            <dst id="KSCYng">4700.14933333333</dst>
            <dst id="LOSAng">0</dst>
            <dst id="NYCMng">17869.3733333333</dst>
            <dst id="SNVAng">0</dst>
            <dst id="STTLng">0</dst>
            <dst id="WASHng">11236.584</dst>
        </src>
        <src id="LOSAng">
            <dst id="ATLA-M5">0</dst>
            <dst id="ATLAng">25183.72</dst>
            <dst id="CHINng">2974.57333333333</dst>
            <dst id="DNVRng">24076.336</dst>
            <dst id="HSTNng">124130.330666667</dst>
            <dst id="IPLSng">181.509333333333</dst>
            <dst id="KSCYng">72.888</dst>
            <dst id="LOSAng">26141.9493333333</dst>
            <dst id="NYCMng">59072.944</dst>
            <dst id="SNVAng">8625.248</dst>
            <dst id="STTLng">22254.8106666667</dst>
            <dst id="WASHng">102356.274666667</dst>
        </src>
        <src id="NYCMng">
            <dst id="ATLA-M5">0</dst>
            <dst id="ATLAng">40936.6213333333</dst>
            <dst id="CHINng">1258.42666666667</dst>
            <dst id="DNVRng">0</dst>
            <dst id="HSTNng">30685.952</dst>
            <dst id="IPLSng">80</dst>
            <dst id="KSCYng">177.528</dst>
            <dst id="LOSAng">1321.73866666667</dst>
            <dst id="NYCMng">552823.52</dst>
            <dst id="SNVAng">26.6666666666667</dst>
            <dst id="STTLng">53.9573333333334</dst>
            <dst id="WASHng">106709.296</dst>
        </src>
        <src id="SNVAng">
            <dst id="ATLA-M5">0</dst>
            <dst id="ATLAng">702.197333333333</dst>
            <dst id="CHINng">0</dst>
            <dst id="DNVRng">2659.432</dst>
            <dst id="HSTNng">7956.88</dst>
            <dst id="IPLSng">0</dst>
            <dst id="KSCYng">136.84</dst>
            <dst id="LOSAng">37314.6746666667</dst>
            <dst id="NYCMng">5342.2</dst>
            <dst id="SNVAng">13162.096</dst>
            <dst id="STTLng">54664.3973333333</dst>
            <dst id="WASHng">934.546666666667</dst>
        </src>
        <src id="STTLng">
            <dst id="ATLA-M5">0</dst>
            <dst id="ATLAng">10231.456</dst>
            <dst id="CHINng">1364.888</dst>
            <dst id="DNVRng">6696.56533333333</dst>
            <dst id="HSTNng">28497.2106666667</dst>
            <dst id="IPLSng">407</dst>
            <dst id="KSCYng">4732.744</dst>
            <dst id="LOSAng">19445.4933333333</dst>
            <dst id="NYCMng">48189.5626666667</dst>
            <dst id="SNVAng">5529.91733333333</dst>
            <dst id="STTLng">5530.504</dst>
            <dst id="WASHng">33365.4693333333</dst>
        </src>
        <src id="WASHng">
            <dst id="ATLA-M5">0</dst>
            <dst id="ATLAng">103840.624</dst>
            <dst id="CHINng">3729.68</dst>
            <dst id="DNVRng">0</dst>
            <dst id="HSTNng">87069.848</dst>
            <dst id="IPLSng">181.746666666667</dst>
            <dst id="KSCYng">5327.072</dst>
            <dst id="LOSAng">53.3333333333333</dst>
            <dst id="NYCMng">559879.706666667</dst>
            <dst id="SNVAng">80</dst>
            <dst id="STTLng">26.6666666666667</dst>
            <dst id="WASHng">292710.666666667</dst>
        </src>
    </IntraTM>
</TrafficMatrixFile>
