<?xml version="1.0" encoding="ISO-8859-1" standalone="yes"?>
<TrafficMatrixFile xsi:noNamespaceSchemaLocation="http://totem.run.montefiore.ulg.ac.be/Schema/TrafficMatrix-v1_2.xsd" xmlns:xsi="http://www.w3.org/2001/XMLSchema-instance">
    <IntraTM ASID="11537">
        <src id="ATLA-M5">
            <dst id="ATLA-M5">26.6666666666667</dst>
            <dst id="ATLAng">106.666666666667</dst>
            <dst id="CHINng">1139.50133333333</dst>
            <dst id="DNVRng">0</dst>
            <dst id="HSTNng">777.946666666667</dst>
            <dst id="IPLSng">202.882666666667</dst>
            <dst id="KSCYng">176.858666666667</dst>
            <dst id="LOSAng">0</dst>
            <dst id="NYCMng">355.44</dst>
            <dst id="SNVAng">0</dst>
            <dst id="STTLng">0</dst>
            <dst id="WASHng">1394.24266666667</dst>
        </src>
        <src id="ATLAng">
            <dst id="ATLA-M5">0</dst>
            <dst id="ATLAng">26518.616</dst>
            <dst id="CHINng">18986.6666666667</dst>
            <dst id="DNVRng">53.3333333333333</dst>
            <dst id="HSTNng">171472.701333333</dst>
            <dst id="IPLSng">38036.8533333333</dst>
            <dst id="KSCYng">4535.94133333333</dst>
            <dst id="LOSAng">26.6666666666667</dst>
            <dst id="NYCMng">20543.0186666667</dst>
            <dst id="SNVAng">26.6666666666667</dst>
            <dst id="STTLng">564.426666666667</dst>
            <dst id="WASHng">72656.2986666667</dst>
        </src>
        <src id="CHINng">
            <dst id="ATLA-M5">0</dst>
            <dst id="ATLAng">29811.56</dst>
            <dst id="CHINng">143269.562666667</dst>
            <dst id="DNVRng">22045.264</dst>
            <dst id="HSTNng">126432.562666667</dst>
            <dst id="IPLSng">70331.512</dst>
            <dst id="KSCYng">17615.3973333333</dst>
            <dst id="LOSAng">970.658666666667</dst>
            <dst id="NYCMng">43513.7946666667</dst>
            <dst id="SNVAng">26.6666666666667</dst>
            <dst id="STTLng">644.76</dst>
            <dst id="WASHng">33923.7813333333</dst>
        </src>
        <src id="DNVRng">
            <dst id="ATLA-M5">0</dst>
            <dst id="ATLAng">8095.656</dst>
            <dst id="CHINng">74450.7333333333</dst>
            <dst id="DNVRng">17399.9946666667</dst>
            <dst id="HSTNng">73115.608</dst>
            <dst id="IPLSng">29509.8586666667</dst>
            <dst id="KSCYng">19548.1493333333</dst>
            <dst id="LOSAng">131.853333333333</dst>
            <dst id="NYCMng">36654.8026666667</dst>
            <dst id="SNVAng">14803.2293333333</dst>
            <dst id="STTLng">129.658666666667</dst>
            <dst id="WASHng">36693.1866666667</dst>
        </src>
        <src id="HSTNng">
            <dst id="ATLA-M5">0</dst>
            <dst id="ATLAng">25851.592</dst>
            <dst id="CHINng">3425.97333333333</dst>
            <dst id="DNVRng">0</dst>
            <dst id="HSTNng">145226.061333333</dst>
            <dst id="IPLSng">191.682666666667</dst>
            <dst id="KSCYng">0</dst>
            <dst id="LOSAng">142.370666666667</dst>
            <dst id="NYCMng">8944.8</dst>
            <dst id="SNVAng">26.6666666666667</dst>
            <dst id="STTLng">86.3733333333333</dst>
            <dst id="WASHng">102835.272</dst>
        </src>
        <src id="IPLSng">
            <dst id="ATLA-M5">0</dst>
            <dst id="ATLAng">13195.6506666667</dst>
            <dst id="CHINng">172249.578666667</dst>
            <dst id="DNVRng">12166.9893333333</dst>
            <dst id="HSTNng">72208.496</dst>
            <dst id="IPLSng">31296.344</dst>
            <dst id="KSCYng">19225.3493333333</dst>
            <dst id="LOSAng">0</dst>
            <dst id="NYCMng">40074.4826666667</dst>
            <dst id="SNVAng">90.248</dst>
            <dst id="STTLng">335.288</dst>
            <dst id="WASHng">24457.4266666667</dst>
        </src>
        <src id="KSCYng">
            <dst id="ATLA-M5">0</dst>
            <dst id="ATLAng">6391.232</dst>
            <dst id="CHINng">38147.7706666667</dst>
            <dst id="DNVRng">7861.11466666667</dst>
            <dst id="HSTNng">18559.232</dst>
            <dst id="IPLSng">16901.3546666667</dst>
            <dst id="KSCYng">13722.3173333333</dst>
            <dst id="LOSAng">53.3333333333333</dst>
            <dst id="NYCMng">16181.5626666667</dst>
            <dst id="SNVAng">0</dst>
            <dst id="STTLng">160</dst>
            <dst id="WASHng">13494.6346666667</dst>
        </src>
        <src id="LOSAng">
            <dst id="ATLA-M5">0</dst>
            <dst id="ATLAng">16494.9306666667</dst>
            <dst id="CHINng">20805.1973333333</dst>
            <dst id="DNVRng">16467.08</dst>
            <dst id="HSTNng">199648.514666667</dst>
            <dst id="IPLSng">453.261333333333</dst>
            <dst id="KSCYng">26.6666666666667</dst>
            <dst id="LOSAng">39385.9333333333</dst>
            <dst id="NYCMng">60314.752</dst>
            <dst id="SNVAng">8600.71466666667</dst>
            <dst id="STTLng">32190.0373333333</dst>
            <dst id="WASHng">94700.6986666667</dst>
        </src>
        <src id="NYCMng">
            <dst id="ATLA-M5">0</dst>
            <dst id="ATLAng">41437.544</dst>
            <dst id="CHINng">88152.2426666667</dst>
            <dst id="DNVRng">38178.8533333333</dst>
            <dst id="HSTNng">151317.253333333</dst>
            <dst id="IPLSng">60950.9253333333</dst>
            <dst id="KSCYng">23072.504</dst>
            <dst id="LOSAng">294.309333333333</dst>
            <dst id="NYCMng">246739.805333333</dst>
            <dst id="SNVAng">53.3333333333333</dst>
            <dst id="STTLng">8280.03733333334</dst>
            <dst id="WASHng">123716.557333333</dst>
        </src>
        <src id="SNVAng">
            <dst id="ATLA-M5">0</dst>
            <dst id="ATLAng">1872.936</dst>
            <dst id="CHINng">503.549333333333</dst>
            <dst id="DNVRng">9069.06933333333</dst>
            <dst id="HSTNng">5504.024</dst>
            <dst id="IPLSng">26.6666666666667</dst>
            <dst id="KSCYng">572.144</dst>
            <dst id="LOSAng">37320.5093333333</dst>
            <dst id="NYCMng">4907.41066666667</dst>
            <dst id="SNVAng">12920.1413333333</dst>
            <dst id="STTLng">50977.1786666667</dst>
            <dst id="WASHng">642.762666666667</dst>
        </src>
        <src id="STTLng">
            <dst id="ATLA-M5">0</dst>
            <dst id="ATLAng">10902.8666666667</dst>
            <dst id="CHINng">24930.2986666667</dst>
            <dst id="DNVRng">5563.88</dst>
            <dst id="HSTNng">44617.3146666667</dst>
            <dst id="IPLSng">311.704</dst>
            <dst id="KSCYng">2444.88266666667</dst>
            <dst id="LOSAng">34482.6213333333</dst>
            <dst id="NYCMng">20992.6826666667</dst>
            <dst id="SNVAng">9340.50933333333</dst>
            <dst id="STTLng">8040.59733333333</dst>
            <dst id="WASHng">28469.376</dst>
        </src>
        <src id="WASHng">
            <dst id="ATLA-M5">0</dst>
            <dst id="ATLAng">120644.736</dst>
            <dst id="CHINng">114536.866666667</dst>
            <dst id="DNVRng">4654.816</dst>
            <dst id="HSTNng">300187.733333333</dst>
            <dst id="IPLSng">57371.4106666666</dst>
            <dst id="KSCYng">23411.344</dst>
            <dst id="LOSAng">26.6666666666667</dst>
            <dst id="NYCMng">165220.570666667</dst>
            <dst id="SNVAng">249.402666666667</dst>
            <dst id="STTLng">6904.71466666667</dst>
            <dst id="WASHng">413118.453333333</dst>
        </src>
    </IntraTM>
</TrafficMatrixFile>
