<?xml version="1.0" encoding="ISO-8859-1" standalone="yes"?>
<TrafficMatrixFile xsi:noNamespaceSchemaLocation="http://totem.run.montefiore.ulg.ac.be/Schema/TrafficMatrix-v1_2.xsd" xmlns:xsi="http://www.w3.org/2001/XMLSchema-instance">
    <IntraTM ASID="11537">
        <src id="ATLA-M5">
            <dst id="ATLA-M5">58.4133333333333</dst>
            <dst id="ATLAng">26.6666666666667</dst>
            <dst id="CHINng">766.552</dst>
            <dst id="DNVRng">0</dst>
            <dst id="HSTNng">3307.85066666667</dst>
            <dst id="IPLSng">1089.26666666667</dst>
            <dst id="KSCYng">0</dst>
            <dst id="LOSAng">0</dst>
            <dst id="NYCMng">4843.07466666667</dst>
            <dst id="SNVAng">0</dst>
            <dst id="STTLng">0</dst>
            <dst id="WASHng">1296.66933333333</dst>
        </src>
        <src id="ATLAng">
            <dst id="ATLA-M5">0</dst>
            <dst id="ATLAng">28574.3306666667</dst>
            <dst id="CHINng">47844.128</dst>
            <dst id="DNVRng">0</dst>
            <dst id="HSTNng">14516.12</dst>
            <dst id="IPLSng">35726.0373333333</dst>
            <dst id="KSCYng">96.696</dst>
            <dst id="LOSAng">53.3333333333333</dst>
            <dst id="NYCMng">59978.2933333333</dst>
            <dst id="SNVAng">26.6666666666667</dst>
            <dst id="STTLng">0</dst>
            <dst id="WASHng">45089.048</dst>
        </src>
        <src id="CHINng">
            <dst id="ATLA-M5">0</dst>
            <dst id="ATLAng">35027.96</dst>
            <dst id="CHINng">35905.4293333333</dst>
            <dst id="DNVRng">0</dst>
            <dst id="HSTNng">17911.3013333333</dst>
            <dst id="IPLSng">63495.008</dst>
            <dst id="KSCYng">169.845333333333</dst>
            <dst id="LOSAng">124.973333333333</dst>
            <dst id="NYCMng">202357.322666667</dst>
            <dst id="SNVAng">53.3333333333333</dst>
            <dst id="STTLng">26.6666666666667</dst>
            <dst id="WASHng">57678.7866666667</dst>
        </src>
        <src id="DNVRng">
            <dst id="ATLA-M5">0</dst>
            <dst id="ATLAng">8087.896</dst>
            <dst id="CHINng">91724.1706666667</dst>
            <dst id="DNVRng">16158.528</dst>
            <dst id="HSTNng">54391.1386666667</dst>
            <dst id="IPLSng">30294.6533333333</dst>
            <dst id="KSCYng">26871.368</dst>
            <dst id="LOSAng">53.3333333333333</dst>
            <dst id="NYCMng">38824.2826666667</dst>
            <dst id="SNVAng">19684.2266666667</dst>
            <dst id="STTLng">1355.62666666667</dst>
            <dst id="WASHng">44415.0986666667</dst>
        </src>
        <src id="HSTNng">
            <dst id="ATLA-M5">0</dst>
            <dst id="ATLAng">65927.176</dst>
            <dst id="CHINng">1820.62133333333</dst>
            <dst id="DNVRng">0</dst>
            <dst id="HSTNng">126841.296</dst>
            <dst id="IPLSng">75.776</dst>
            <dst id="KSCYng">0</dst>
            <dst id="LOSAng">0</dst>
            <dst id="NYCMng">6000.616</dst>
            <dst id="SNVAng">0</dst>
            <dst id="STTLng">26.6666666666667</dst>
            <dst id="WASHng">124820.901333333</dst>
        </src>
        <src id="IPLSng">
            <dst id="ATLA-M5">0</dst>
            <dst id="ATLAng">13533.2693333333</dst>
            <dst id="CHINng">116349.461333333</dst>
            <dst id="DNVRng">0</dst>
            <dst id="HSTNng">8347.424</dst>
            <dst id="IPLSng">20667.3973333333</dst>
            <dst id="KSCYng">20606.6106666667</dst>
            <dst id="LOSAng">28</dst>
            <dst id="NYCMng">266344.6</dst>
            <dst id="SNVAng">80</dst>
            <dst id="STTLng">26.6666666666667</dst>
            <dst id="WASHng">41559.6213333333</dst>
        </src>
        <src id="KSCYng">
            <dst id="ATLA-M5">0</dst>
            <dst id="ATLAng">4482.89333333333</dst>
            <dst id="CHINng">15326.512</dst>
            <dst id="DNVRng">18603.4586666667</dst>
            <dst id="HSTNng">16086.816</dst>
            <dst id="IPLSng">12154.376</dst>
            <dst id="KSCYng">11938.0906666667</dst>
            <dst id="LOSAng">0</dst>
            <dst id="NYCMng">16968.7253333333</dst>
            <dst id="SNVAng">0</dst>
            <dst id="STTLng">0</dst>
            <dst id="WASHng">11321.3733333333</dst>
        </src>
        <src id="LOSAng">
            <dst id="ATLA-M5">0</dst>
            <dst id="ATLAng">56553.0053333333</dst>
            <dst id="CHINng">1616.00266666667</dst>
            <dst id="DNVRng">27514.6933333333</dst>
            <dst id="HSTNng">115110.117333333</dst>
            <dst id="IPLSng">2340.416</dst>
            <dst id="KSCYng">196.474666666667</dst>
            <dst id="LOSAng">18141.424</dst>
            <dst id="NYCMng">64924.488</dst>
            <dst id="SNVAng">21819.872</dst>
            <dst id="STTLng">28087.1946666667</dst>
            <dst id="WASHng">104817.746666667</dst>
        </src>
        <src id="NYCMng">
            <dst id="ATLA-M5">0</dst>
            <dst id="ATLAng">31098.8773333333</dst>
            <dst id="CHINng">2557.99466666667</dst>
            <dst id="DNVRng">0</dst>
            <dst id="HSTNng">24590.6586666667</dst>
            <dst id="IPLSng">102.050666666667</dst>
            <dst id="KSCYng">282.808</dst>
            <dst id="LOSAng">195.536</dst>
            <dst id="NYCMng">932314.773333333</dst>
            <dst id="SNVAng">26.6666666666667</dst>
            <dst id="STTLng">113.856</dst>
            <dst id="WASHng">287563.333333333</dst>
        </src>
        <src id="SNVAng">
            <dst id="ATLA-M5">0</dst>
            <dst id="ATLAng">962.274666666667</dst>
            <dst id="CHINng">53.3333333333333</dst>
            <dst id="DNVRng">3031.12533333333</dst>
            <dst id="HSTNng">3727.92533333333</dst>
            <dst id="IPLSng">0</dst>
            <dst id="KSCYng">654.714666666667</dst>
            <dst id="LOSAng">38205.8986666667</dst>
            <dst id="NYCMng">6864.74133333333</dst>
            <dst id="SNVAng">15760.3493333333</dst>
            <dst id="STTLng">55639.6426666667</dst>
            <dst id="WASHng">647.976</dst>
        </src>
        <src id="STTLng">
            <dst id="ATLA-M5">0</dst>
            <dst id="ATLAng">8861.69333333333</dst>
            <dst id="CHINng">510.997333333333</dst>
            <dst id="DNVRng">5527.29866666667</dst>
            <dst id="HSTNng">25122.032</dst>
            <dst id="IPLSng">300.608</dst>
            <dst id="KSCYng">5895.656</dst>
            <dst id="LOSAng">27936.88</dst>
            <dst id="NYCMng">45092.0026666667</dst>
            <dst id="SNVAng">9359.128</dst>
            <dst id="STTLng">12582.024</dst>
            <dst id="WASHng">31272.2106666667</dst>
        </src>
        <src id="WASHng">
            <dst id="ATLA-M5">0</dst>
            <dst id="ATLAng">122169.626666667</dst>
            <dst id="CHINng">304.965333333333</dst>
            <dst id="DNVRng">0</dst>
            <dst id="HSTNng">79483.6986666667</dst>
            <dst id="IPLSng">106.666666666667</dst>
            <dst id="KSCYng">53.3333333333333</dst>
            <dst id="LOSAng">39.1333333333333</dst>
            <dst id="NYCMng">645873.013333333</dst>
            <dst id="SNVAng">53.3333333333333</dst>
            <dst id="STTLng">72.2453333333333</dst>
            <dst id="WASHng">281086.826666667</dst>
        </src>
    </IntraTM>
</TrafficMatrixFile>
