<?xml version="1.0" encoding="ISO-8859-1" standalone="yes"?>
<TrafficMatrixFile xsi:noNamespaceSchemaLocation="http://totem.run.montefiore.ulg.ac.be/Schema/TrafficMatrix-v1_2.xsd" xmlns:xsi="http://www.w3.org/2001/XMLSchema-instance">
    <IntraTM ASID="11537">
        <src id="ATLA-M5">
            <dst id="ATLA-M5">99.792</dst>
            <dst id="ATLAng">933.208</dst>
            <dst id="CHINng">1699.86133333333</dst>
            <dst id="DNVRng">0</dst>
            <dst id="HSTNng">1470.504</dst>
            <dst id="IPLSng">2721.76266666667</dst>
            <dst id="KSCYng">362.458666666667</dst>
            <dst id="LOSAng">0</dst>
            <dst id="NYCMng">360.64</dst>
            <dst id="SNVAng">26.6666666666667</dst>
            <dst id="STTLng">0</dst>
            <dst id="WASHng">2310.856</dst>
        </src>
        <src id="ATLAng">
            <dst id="ATLA-M5">0</dst>
            <dst id="ATLAng">50543.208</dst>
            <dst id="CHINng">41391.9173333333</dst>
            <dst id="DNVRng">200.944</dst>
            <dst id="HSTNng">59534.2106666667</dst>
            <dst id="IPLSng">48195.552</dst>
            <dst id="KSCYng">5908.53333333333</dst>
            <dst id="LOSAng">88.768</dst>
            <dst id="NYCMng">17137.312</dst>
            <dst id="SNVAng">336.677333333333</dst>
            <dst id="STTLng">861.237333333333</dst>
            <dst id="WASHng">72933.2613333333</dst>
        </src>
        <src id="CHINng">
            <dst id="ATLA-M5">0</dst>
            <dst id="ATLAng">42386.5173333333</dst>
            <dst id="CHINng">108578.861333333</dst>
            <dst id="DNVRng">25685.752</dst>
            <dst id="HSTNng">131270.781333333</dst>
            <dst id="IPLSng">72578.3866666667</dst>
            <dst id="KSCYng">18698.5093333333</dst>
            <dst id="LOSAng">26.6666666666667</dst>
            <dst id="NYCMng">54789.1386666667</dst>
            <dst id="SNVAng">115.912</dst>
            <dst id="STTLng">730.762666666667</dst>
            <dst id="WASHng">66168.7333333333</dst>
        </src>
        <src id="DNVRng">
            <dst id="ATLA-M5">0</dst>
            <dst id="ATLAng">17544.1386666667</dst>
            <dst id="CHINng">64506.5093333333</dst>
            <dst id="DNVRng">14075.5973333333</dst>
            <dst id="HSTNng">75500.2426666667</dst>
            <dst id="IPLSng">33211.4533333333</dst>
            <dst id="KSCYng">21210.1786666667</dst>
            <dst id="LOSAng">26.6666666666667</dst>
            <dst id="NYCMng">19569.408</dst>
            <dst id="SNVAng">20903.1653333333</dst>
            <dst id="STTLng">300.378666666667</dst>
            <dst id="WASHng">57657.168</dst>
        </src>
        <src id="HSTNng">
            <dst id="ATLA-M5">0</dst>
            <dst id="ATLAng">38806.5013333333</dst>
            <dst id="CHINng">3470.61066666667</dst>
            <dst id="DNVRng">133.333333333333</dst>
            <dst id="HSTNng">210962.072</dst>
            <dst id="IPLSng">29.4613333333333</dst>
            <dst id="KSCYng">80</dst>
            <dst id="LOSAng">26.6666666666667</dst>
            <dst id="NYCMng">14135.016</dst>
            <dst id="SNVAng">111.154666666667</dst>
            <dst id="STTLng">256.48</dst>
            <dst id="WASHng">140256.426666667</dst>
        </src>
        <src id="IPLSng">
            <dst id="ATLA-M5">0</dst>
            <dst id="ATLAng">53625.6053333333</dst>
            <dst id="CHINng">92803.856</dst>
            <dst id="DNVRng">26196.9626666667</dst>
            <dst id="HSTNng">86022.6373333333</dst>
            <dst id="IPLSng">49539.112</dst>
            <dst id="KSCYng">43761.8746666667</dst>
            <dst id="LOSAng">26.6666666666667</dst>
            <dst id="NYCMng">53135.1466666667</dst>
            <dst id="SNVAng">5508.62933333333</dst>
            <dst id="STTLng">313.176</dst>
            <dst id="WASHng">49056.2426666667</dst>
        </src>
        <src id="KSCYng">
            <dst id="ATLA-M5">0</dst>
            <dst id="ATLAng">7240.11466666667</dst>
            <dst id="CHINng">42671.7146666667</dst>
            <dst id="DNVRng">23931.016</dst>
            <dst id="HSTNng">16090.92</dst>
            <dst id="IPLSng">32355.0186666667</dst>
            <dst id="KSCYng">8774.41866666667</dst>
            <dst id="LOSAng">0</dst>
            <dst id="NYCMng">14206.7946666667</dst>
            <dst id="SNVAng">213.914666666667</dst>
            <dst id="STTLng">85.008</dst>
            <dst id="WASHng">15543.3866666667</dst>
        </src>
        <src id="LOSAng">
            <dst id="ATLA-M5">0</dst>
            <dst id="ATLAng">32895.1066666667</dst>
            <dst id="CHINng">17696.1253333333</dst>
            <dst id="DNVRng">24229.984</dst>
            <dst id="HSTNng">171485.469333333</dst>
            <dst id="IPLSng">1189.05333333333</dst>
            <dst id="KSCYng">1840.70133333333</dst>
            <dst id="LOSAng">15282.7946666667</dst>
            <dst id="NYCMng">71781.568</dst>
            <dst id="SNVAng">19262.968</dst>
            <dst id="STTLng">23382.8506666667</dst>
            <dst id="WASHng">114438.912</dst>
        </src>
        <src id="NYCMng">
            <dst id="ATLA-M5">0</dst>
            <dst id="ATLAng">63864.552</dst>
            <dst id="CHINng">100474.101333333</dst>
            <dst id="DNVRng">47898.1946666667</dst>
            <dst id="HSTNng">146147.450666667</dst>
            <dst id="IPLSng">117556.893333333</dst>
            <dst id="KSCYng">29287.3813333333</dst>
            <dst id="LOSAng">255.138666666667</dst>
            <dst id="NYCMng">267099.866666667</dst>
            <dst id="SNVAng">170.36</dst>
            <dst id="STTLng">1464.85866666667</dst>
            <dst id="WASHng">193593.341333333</dst>
        </src>
        <src id="SNVAng">
            <dst id="ATLA-M5">0</dst>
            <dst id="ATLAng">1440.73066666667</dst>
            <dst id="CHINng">1165.18933333333</dst>
            <dst id="DNVRng">9868.91466666667</dst>
            <dst id="HSTNng">24695.328</dst>
            <dst id="IPLSng">0</dst>
            <dst id="KSCYng">1375.54933333333</dst>
            <dst id="LOSAng">40672.392</dst>
            <dst id="NYCMng">9189.76</dst>
            <dst id="SNVAng">17325.0533333333</dst>
            <dst id="STTLng">55700.0533333333</dst>
            <dst id="WASHng">2278.46666666667</dst>
        </src>
        <src id="STTLng">
            <dst id="ATLA-M5">0</dst>
            <dst id="ATLAng">15521.7226666667</dst>
            <dst id="CHINng">23778.5893333333</dst>
            <dst id="DNVRng">9609.12</dst>
            <dst id="HSTNng">65859.1386666667</dst>
            <dst id="IPLSng">602.432</dst>
            <dst id="KSCYng">11385.5173333333</dst>
            <dst id="LOSAng">27674.184</dst>
            <dst id="NYCMng">19362.4373333333</dst>
            <dst id="SNVAng">11423.752</dst>
            <dst id="STTLng">5194.81866666667</dst>
            <dst id="WASHng">39592.5973333333</dst>
        </src>
        <src id="WASHng">
            <dst id="ATLA-M5">0</dst>
            <dst id="ATLAng">102401.84</dst>
            <dst id="CHINng">121643.970666667</dst>
            <dst id="DNVRng">4268.77333333333</dst>
            <dst id="HSTNng">379485.466666667</dst>
            <dst id="IPLSng">114112.565333333</dst>
            <dst id="KSCYng">32613.6906666667</dst>
            <dst id="LOSAng">114.602666666667</dst>
            <dst id="NYCMng">255673.581333333</dst>
            <dst id="SNVAng">511.090666666667</dst>
            <dst id="STTLng">4764.77333333333</dst>
            <dst id="WASHng">311875.84</dst>
        </src>
    </IntraTM>
</TrafficMatrixFile>
