<?xml version="1.0" encoding="ISO-8859-1" standalone="yes"?>
<TrafficMatrixFile xsi:noNamespaceSchemaLocation="http://totem.run.montefiore.ulg.ac.be/Schema/TrafficMatrix-v1_2.xsd" xmlns:xsi="http://www.w3.org/2001/XMLSchema-instance">
    <IntraTM ASID="11537">
        <src id="ATLA-M5">
            <dst id="ATLA-M5">0</dst>
            <dst id="ATLAng">562.632</dst>
            <dst id="CHINng">1507.63466666667</dst>
            <dst id="DNVRng">0</dst>
            <dst id="HSTNng">193.181333333333</dst>
            <dst id="IPLSng">482.682666666667</dst>
            <dst id="KSCYng">0</dst>
            <dst id="LOSAng">0</dst>
            <dst id="NYCMng">1046.096</dst>
            <dst id="SNVAng">0</dst>
            <dst id="STTLng">0</dst>
            <dst id="WASHng">815.429333333333</dst>
        </src>
        <src id="ATLAng">
            <dst id="ATLA-M5">0</dst>
            <dst id="ATLAng">29532.896</dst>
            <dst id="CHINng">37700</dst>
            <dst id="DNVRng">0</dst>
            <dst id="HSTNng">2853.78933333333</dst>
            <dst id="IPLSng">27476.9413333333</dst>
            <dst id="KSCYng">26.6666666666667</dst>
            <dst id="LOSAng">26.6666666666667</dst>
            <dst id="NYCMng">47322.4986666667</dst>
            <dst id="SNVAng">0</dst>
            <dst id="STTLng">0</dst>
            <dst id="WASHng">48151.8586666667</dst>
        </src>
        <src id="CHINng">
            <dst id="ATLA-M5">0</dst>
            <dst id="ATLAng">39094.3733333333</dst>
            <dst id="CHINng">39707.6906666667</dst>
            <dst id="DNVRng">0</dst>
            <dst id="HSTNng">18468.312</dst>
            <dst id="IPLSng">68753.8666666667</dst>
            <dst id="KSCYng">26.6666666666667</dst>
            <dst id="LOSAng">26.6666666666667</dst>
            <dst id="NYCMng">214612.936</dst>
            <dst id="SNVAng">26.6666666666667</dst>
            <dst id="STTLng">94.3706666666667</dst>
            <dst id="WASHng">33716.736</dst>
        </src>
        <src id="DNVRng">
            <dst id="ATLA-M5">0</dst>
            <dst id="ATLAng">8335.28533333333</dst>
            <dst id="CHINng">34966.864</dst>
            <dst id="DNVRng">11896.6693333333</dst>
            <dst id="HSTNng">36601.48</dst>
            <dst id="IPLSng">25973.3466666667</dst>
            <dst id="KSCYng">25124.1786666667</dst>
            <dst id="LOSAng">0</dst>
            <dst id="NYCMng">36586.2106666667</dst>
            <dst id="SNVAng">9200.66666666667</dst>
            <dst id="STTLng">53.3333333333333</dst>
            <dst id="WASHng">39495.8</dst>
        </src>
        <src id="HSTNng">
            <dst id="ATLA-M5">0</dst>
            <dst id="ATLAng">28804.2986666667</dst>
            <dst id="CHINng">1344.78133333333</dst>
            <dst id="DNVRng">0</dst>
            <dst id="HSTNng">132503.733333333</dst>
            <dst id="IPLSng">0</dst>
            <dst id="KSCYng">0</dst>
            <dst id="LOSAng">0</dst>
            <dst id="NYCMng">5245.152</dst>
            <dst id="SNVAng">0</dst>
            <dst id="STTLng">0</dst>
            <dst id="WASHng">108260.818666667</dst>
        </src>
        <src id="IPLSng">
            <dst id="ATLA-M5">0</dst>
            <dst id="ATLAng">14472.504</dst>
            <dst id="CHINng">168513.056</dst>
            <dst id="DNVRng">0</dst>
            <dst id="HSTNng">11330.312</dst>
            <dst id="IPLSng">27621.04</dst>
            <dst id="KSCYng">29860.7413333333</dst>
            <dst id="LOSAng">1621.056</dst>
            <dst id="NYCMng">201601.770666667</dst>
            <dst id="SNVAng">26.6666666666667</dst>
            <dst id="STTLng">53.3333333333333</dst>
            <dst id="WASHng">30211.9066666667</dst>
        </src>
        <src id="KSCYng">
            <dst id="ATLA-M5">0</dst>
            <dst id="ATLAng">4360.62666666667</dst>
            <dst id="CHINng">14336.552</dst>
            <dst id="DNVRng">6542.32</dst>
            <dst id="HSTNng">13963.8026666667</dst>
            <dst id="IPLSng">22742.0186666667</dst>
            <dst id="KSCYng">10388.8346666667</dst>
            <dst id="LOSAng">0</dst>
            <dst id="NYCMng">23064.8053333333</dst>
            <dst id="SNVAng">61.0026666666667</dst>
            <dst id="STTLng">26.6666666666667</dst>
            <dst id="WASHng">12147.0533333333</dst>
        </src>
        <src id="LOSAng">
            <dst id="ATLA-M5">0</dst>
            <dst id="ATLAng">25864.16</dst>
            <dst id="CHINng">1853.416</dst>
            <dst id="DNVRng">13612.9653333333</dst>
            <dst id="HSTNng">126954.226666667</dst>
            <dst id="IPLSng">1245.22933333333</dst>
            <dst id="KSCYng">26.6666666666667</dst>
            <dst id="LOSAng">22046.9493333333</dst>
            <dst id="NYCMng">55508.512</dst>
            <dst id="SNVAng">9799.24533333333</dst>
            <dst id="STTLng">21368.584</dst>
            <dst id="WASHng">94798.8986666667</dst>
        </src>
        <src id="NYCMng">
            <dst id="ATLA-M5">0</dst>
            <dst id="ATLAng">41349.8906666667</dst>
            <dst id="CHINng">1366.656</dst>
            <dst id="DNVRng">0</dst>
            <dst id="HSTNng">24049.6666666667</dst>
            <dst id="IPLSng">80</dst>
            <dst id="KSCYng">121.952</dst>
            <dst id="LOSAng">120.768</dst>
            <dst id="NYCMng">474113.973333333</dst>
            <dst id="SNVAng">26.6666666666667</dst>
            <dst id="STTLng">513.242666666667</dst>
            <dst id="WASHng">103318.768</dst>
        </src>
        <src id="SNVAng">
            <dst id="ATLA-M5">0</dst>
            <dst id="ATLAng">719.04</dst>
            <dst id="CHINng">53.3333333333333</dst>
            <dst id="DNVRng">14719.1866666667</dst>
            <dst id="HSTNng">4022.24533333333</dst>
            <dst id="IPLSng">0</dst>
            <dst id="KSCYng">462.192</dst>
            <dst id="LOSAng">37512.12</dst>
            <dst id="NYCMng">5353.35733333333</dst>
            <dst id="SNVAng">15395.8906666667</dst>
            <dst id="STTLng">57882.4346666667</dst>
            <dst id="WASHng">247.8</dst>
        </src>
        <src id="STTLng">
            <dst id="ATLA-M5">0</dst>
            <dst id="ATLAng">7230.94933333333</dst>
            <dst id="CHINng">760.352</dst>
            <dst id="DNVRng">11146.776</dst>
            <dst id="HSTNng">18952.7866666667</dst>
            <dst id="IPLSng">193.386666666667</dst>
            <dst id="KSCYng">4230.84533333333</dst>
            <dst id="LOSAng">20156.1626666667</dst>
            <dst id="NYCMng">50567.808</dst>
            <dst id="SNVAng">6372.71733333333</dst>
            <dst id="STTLng">4062.696</dst>
            <dst id="WASHng">34774.048</dst>
        </src>
        <src id="WASHng">
            <dst id="ATLA-M5">0</dst>
            <dst id="ATLAng">67130.1493333333</dst>
            <dst id="CHINng">6047.37066666667</dst>
            <dst id="DNVRng">0</dst>
            <dst id="HSTNng">73984.3626666667</dst>
            <dst id="IPLSng">112.117333333333</dst>
            <dst id="KSCYng">80</dst>
            <dst id="LOSAng">26.6666666666667</dst>
            <dst id="NYCMng">577508.853333333</dst>
            <dst id="SNVAng">26.6666666666667</dst>
            <dst id="STTLng">2929.15466666667</dst>
            <dst id="WASHng">268009.306666667</dst>
        </src>
    </IntraTM>
</TrafficMatrixFile>
