<?xml version="1.0" encoding="ISO-8859-1" standalone="yes"?>
<TrafficMatrixFile xsi:noNamespaceSchemaLocation="http://totem.run.montefiore.ulg.ac.be/Schema/TrafficMatrix-v1_2.xsd" xmlns:xsi="http://www.w3.org/2001/XMLSchema-instance">
    <IntraTM ASID="11537">
        <src id="ATLA-M5">
            <dst id="ATLA-M5">548.504</dst>
            <dst id="ATLAng">135.042666666667</dst>
            <dst id="CHINng">1616.76533333333</dst>
            <dst id="DNVRng">0</dst>
            <dst id="HSTNng">58.6773333333333</dst>
            <dst id="IPLSng">581.589333333333</dst>
            <dst id="KSCYng">0</dst>
            <dst id="LOSAng">0</dst>
            <dst id="NYCMng">498.997333333333</dst>
            <dst id="SNVAng">26.6666666666667</dst>
            <dst id="STTLng">0</dst>
            <dst id="WASHng">3390.11466666667</dst>
        </src>
        <src id="ATLAng">
            <dst id="ATLA-M5">0</dst>
            <dst id="ATLAng">44869.248</dst>
            <dst id="CHINng">16939.848</dst>
            <dst id="DNVRng">0</dst>
            <dst id="HSTNng">1443.10666666667</dst>
            <dst id="IPLSng">25760.0186666667</dst>
            <dst id="KSCYng">26.6666666666667</dst>
            <dst id="LOSAng">0</dst>
            <dst id="NYCMng">35671.408</dst>
            <dst id="SNVAng">26.6666666666667</dst>
            <dst id="STTLng">0</dst>
            <dst id="WASHng">35808.4666666667</dst>
        </src>
        <src id="CHINng">
            <dst id="ATLA-M5">0</dst>
            <dst id="ATLAng">16359.7893333333</dst>
            <dst id="CHINng">26871.088</dst>
            <dst id="DNVRng">0</dst>
            <dst id="HSTNng">19335.816</dst>
            <dst id="IPLSng">26240.696</dst>
            <dst id="KSCYng">0</dst>
            <dst id="LOSAng">26.6666666666667</dst>
            <dst id="NYCMng">182542.517333333</dst>
            <dst id="SNVAng">26.6666666666667</dst>
            <dst id="STTLng">1109.72533333333</dst>
            <dst id="WASHng">24901.6506666667</dst>
        </src>
        <src id="DNVRng">
            <dst id="ATLA-M5">0</dst>
            <dst id="ATLAng">7728.83733333333</dst>
            <dst id="CHINng">26685.5493333333</dst>
            <dst id="DNVRng">10882.2933333333</dst>
            <dst id="HSTNng">32880.4906666667</dst>
            <dst id="IPLSng">24219.8026666667</dst>
            <dst id="KSCYng">17058.8053333333</dst>
            <dst id="LOSAng">0</dst>
            <dst id="NYCMng">47185.5333333333</dst>
            <dst id="SNVAng">9927.70666666667</dst>
            <dst id="STTLng">3059.09866666667</dst>
            <dst id="WASHng">43279.768</dst>
        </src>
        <src id="HSTNng">
            <dst id="ATLA-M5">0</dst>
            <dst id="ATLAng">23174.664</dst>
            <dst id="CHINng">683.970666666667</dst>
            <dst id="DNVRng">0</dst>
            <dst id="HSTNng">188616.696</dst>
            <dst id="IPLSng">26.6666666666667</dst>
            <dst id="KSCYng">0</dst>
            <dst id="LOSAng">0</dst>
            <dst id="NYCMng">3669.568</dst>
            <dst id="SNVAng">0</dst>
            <dst id="STTLng">0</dst>
            <dst id="WASHng">72132.3893333333</dst>
        </src>
        <src id="IPLSng">
            <dst id="ATLA-M5">0</dst>
            <dst id="ATLAng">9381.104</dst>
            <dst id="CHINng">69610.728</dst>
            <dst id="DNVRng">0</dst>
            <dst id="HSTNng">11420.9706666667</dst>
            <dst id="IPLSng">22524.544</dst>
            <dst id="KSCYng">16349.536</dst>
            <dst id="LOSAng">194.397333333333</dst>
            <dst id="NYCMng">102120.117333333</dst>
            <dst id="SNVAng">80</dst>
            <dst id="STTLng">86.08</dst>
            <dst id="WASHng">26552.288</dst>
        </src>
        <src id="KSCYng">
            <dst id="ATLA-M5">0</dst>
            <dst id="ATLAng">7639.97333333333</dst>
            <dst id="CHINng">10601.288</dst>
            <dst id="DNVRng">5122.53333333333</dst>
            <dst id="HSTNng">14637.7253333333</dst>
            <dst id="IPLSng">9611.90133333334</dst>
            <dst id="KSCYng">11425.1253333333</dst>
            <dst id="LOSAng">0</dst>
            <dst id="NYCMng">20862.008</dst>
            <dst id="SNVAng">26.6666666666667</dst>
            <dst id="STTLng">0</dst>
            <dst id="WASHng">10158.8506666667</dst>
        </src>
        <src id="LOSAng">
            <dst id="ATLA-M5">0</dst>
            <dst id="ATLAng">21742.128</dst>
            <dst id="CHINng">1793.63466666667</dst>
            <dst id="DNVRng">14508.5413333333</dst>
            <dst id="HSTNng">85218.504</dst>
            <dst id="IPLSng">609.016</dst>
            <dst id="KSCYng">360.88</dst>
            <dst id="LOSAng">25536.3146666667</dst>
            <dst id="NYCMng">79223.2053333333</dst>
            <dst id="SNVAng">9736.91733333333</dst>
            <dst id="STTLng">17286.4186666667</dst>
            <dst id="WASHng">57497.7786666667</dst>
        </src>
        <src id="NYCMng">
            <dst id="ATLA-M5">0</dst>
            <dst id="ATLAng">24428.2186666667</dst>
            <dst id="CHINng">1513.06666666667</dst>
            <dst id="DNVRng">0</dst>
            <dst id="HSTNng">15520.64</dst>
            <dst id="IPLSng">53.3333333333333</dst>
            <dst id="KSCYng">26.6666666666667</dst>
            <dst id="LOSAng">53.3333333333333</dst>
            <dst id="NYCMng">338481.04</dst>
            <dst id="SNVAng">80</dst>
            <dst id="STTLng">619.36</dst>
            <dst id="WASHng">85250.688</dst>
        </src>
        <src id="SNVAng">
            <dst id="ATLA-M5">0</dst>
            <dst id="ATLAng">551.722666666667</dst>
            <dst id="CHINng">0</dst>
            <dst id="DNVRng">3062.25866666667</dst>
            <dst id="HSTNng">2943.50133333333</dst>
            <dst id="IPLSng">0</dst>
            <dst id="KSCYng">197.085333333333</dst>
            <dst id="LOSAng">33393.2826666667</dst>
            <dst id="NYCMng">3682.03466666667</dst>
            <dst id="SNVAng">15829.864</dst>
            <dst id="STTLng">54712.6933333333</dst>
            <dst id="WASHng">166.490666666667</dst>
        </src>
        <src id="STTLng">
            <dst id="ATLA-M5">0</dst>
            <dst id="ATLAng">6311.17333333333</dst>
            <dst id="CHINng">1282.54933333333</dst>
            <dst id="DNVRng">3975.05866666667</dst>
            <dst id="HSTNng">15166.4693333333</dst>
            <dst id="IPLSng">167.981333333333</dst>
            <dst id="KSCYng">2078.26133333333</dst>
            <dst id="LOSAng">16366.5333333333</dst>
            <dst id="NYCMng">44746.6453333333</dst>
            <dst id="SNVAng">4743.78666666667</dst>
            <dst id="STTLng">4443.008</dst>
            <dst id="WASHng">27695.4586666667</dst>
        </src>
        <src id="WASHng">
            <dst id="ATLA-M5">0</dst>
            <dst id="ATLAng">69466.1786666667</dst>
            <dst id="CHINng">580.066666666667</dst>
            <dst id="DNVRng">0</dst>
            <dst id="HSTNng">68454.432</dst>
            <dst id="IPLSng">129.792</dst>
            <dst id="KSCYng">53.3333333333333</dst>
            <dst id="LOSAng">0</dst>
            <dst id="NYCMng">458953.893333333</dst>
            <dst id="SNVAng">53.3333333333333</dst>
            <dst id="STTLng">53.3333333333333</dst>
            <dst id="WASHng">282186.106666667</dst>
        </src>
    </IntraTM>
</TrafficMatrixFile>
