<?xml version="1.0" encoding="ISO-8859-1" standalone="yes"?>
<TrafficMatrixFile xsi:noNamespaceSchemaLocation="http://totem.run.montefiore.ulg.ac.be/Schema/TrafficMatrix-v1_2.xsd" xmlns:xsi="http://www.w3.org/2001/XMLSchema-instance">
    <IntraTM ASID="11537">
        <src id="ATLA-M5">
            <dst id="ATLA-M5">298.456</dst>
            <dst id="ATLAng">572.264</dst>
            <dst id="CHINng">3251.25866666667</dst>
            <dst id="DNVRng">26.6666666666667</dst>
            <dst id="HSTNng">7232.61066666666</dst>
            <dst id="IPLSng">985.088</dst>
            <dst id="KSCYng">248.96</dst>
            <dst id="LOSAng">0</dst>
            <dst id="NYCMng">599.456</dst>
            <dst id="SNVAng">36.208</dst>
            <dst id="STTLng">26.6666666666667</dst>
            <dst id="WASHng">3392.608</dst>
        </src>
        <src id="ATLAng">
            <dst id="ATLA-M5">0</dst>
            <dst id="ATLAng">41523.6</dst>
            <dst id="CHINng">32501.6613333333</dst>
            <dst id="DNVRng">88.432</dst>
            <dst id="HSTNng">66027.048</dst>
            <dst id="IPLSng">33174.9013333333</dst>
            <dst id="KSCYng">6401.344</dst>
            <dst id="LOSAng">53.3333333333333</dst>
            <dst id="NYCMng">18009.7413333333</dst>
            <dst id="SNVAng">733.104</dst>
            <dst id="STTLng">170.018666666667</dst>
            <dst id="WASHng">87176.008</dst>
        </src>
        <src id="CHINng">
            <dst id="ATLA-M5">0</dst>
            <dst id="ATLAng">36023.8853333333</dst>
            <dst id="CHINng">120478.090666667</dst>
            <dst id="DNVRng">31636.368</dst>
            <dst id="HSTNng">88136.6426666667</dst>
            <dst id="IPLSng">81223.6986666667</dst>
            <dst id="KSCYng">17406.0933333333</dst>
            <dst id="LOSAng">300.928</dst>
            <dst id="NYCMng">39556.8</dst>
            <dst id="SNVAng">140.122666666667</dst>
            <dst id="STTLng">658.232</dst>
            <dst id="WASHng">48905.6906666667</dst>
        </src>
        <src id="DNVRng">
            <dst id="ATLA-M5">0</dst>
            <dst id="ATLAng">10924.8853333333</dst>
            <dst id="CHINng">64660.8613333333</dst>
            <dst id="DNVRng">14768.584</dst>
            <dst id="HSTNng">43134.7253333333</dst>
            <dst id="IPLSng">35314.6026666667</dst>
            <dst id="KSCYng">11138.5066666667</dst>
            <dst id="LOSAng">0</dst>
            <dst id="NYCMng">15650.832</dst>
            <dst id="SNVAng">25113.8346666667</dst>
            <dst id="STTLng">187.594666666667</dst>
            <dst id="WASHng">49762.4613333333</dst>
        </src>
        <src id="HSTNng">
            <dst id="ATLA-M5">0</dst>
            <dst id="ATLAng">38612.6133333333</dst>
            <dst id="CHINng">4201.36533333333</dst>
            <dst id="DNVRng">117.770666666667</dst>
            <dst id="HSTNng">174750.997333333</dst>
            <dst id="IPLSng">80</dst>
            <dst id="KSCYng">496.290666666667</dst>
            <dst id="LOSAng">0</dst>
            <dst id="NYCMng">10012.9333333333</dst>
            <dst id="SNVAng">44.384</dst>
            <dst id="STTLng">53.3333333333333</dst>
            <dst id="WASHng">118449.893333333</dst>
        </src>
        <src id="IPLSng">
            <dst id="ATLA-M5">0</dst>
            <dst id="ATLAng">26613.1893333333</dst>
            <dst id="CHINng">176564.576</dst>
            <dst id="DNVRng">22893.1066666667</dst>
            <dst id="HSTNng">141664.410666667</dst>
            <dst id="IPLSng">43636.424</dst>
            <dst id="KSCYng">38248.5386666667</dst>
            <dst id="LOSAng">148.397333333333</dst>
            <dst id="NYCMng">66503.64</dst>
            <dst id="SNVAng">4907.064</dst>
            <dst id="STTLng">709.354666666667</dst>
            <dst id="WASHng">38334.5946666667</dst>
        </src>
        <src id="KSCYng">
            <dst id="ATLA-M5">0</dst>
            <dst id="ATLAng">5173.34933333333</dst>
            <dst id="CHINng">34246.0293333333</dst>
            <dst id="DNVRng">21439.424</dst>
            <dst id="HSTNng">22681.7493333333</dst>
            <dst id="IPLSng">24970.944</dst>
            <dst id="KSCYng">7012.02133333333</dst>
            <dst id="LOSAng">26.6666666666667</dst>
            <dst id="NYCMng">11497.264</dst>
            <dst id="SNVAng">185.528</dst>
            <dst id="STTLng">80</dst>
            <dst id="WASHng">12371.256</dst>
        </src>
        <src id="LOSAng">
            <dst id="ATLA-M5">0</dst>
            <dst id="ATLAng">30108.3946666667</dst>
            <dst id="CHINng">8060.112</dst>
            <dst id="DNVRng">18273.0826666667</dst>
            <dst id="HSTNng">186835.866666667</dst>
            <dst id="IPLSng">1403.768</dst>
            <dst id="KSCYng">1277.42933333333</dst>
            <dst id="LOSAng">20459.8053333333</dst>
            <dst id="NYCMng">58688.7466666667</dst>
            <dst id="SNVAng">18516.9866666667</dst>
            <dst id="STTLng">25144.4266666667</dst>
            <dst id="WASHng">102418.573333333</dst>
        </src>
        <src id="NYCMng">
            <dst id="ATLA-M5">0</dst>
            <dst id="ATLAng">63078.8773333333</dst>
            <dst id="CHINng">104951.264</dst>
            <dst id="DNVRng">50833.04</dst>
            <dst id="HSTNng">131726.906666667</dst>
            <dst id="IPLSng">91871.16</dst>
            <dst id="KSCYng">33839.024</dst>
            <dst id="LOSAng">498.685333333333</dst>
            <dst id="NYCMng">256196.48</dst>
            <dst id="SNVAng">335.024</dst>
            <dst id="STTLng">1888.34666666667</dst>
            <dst id="WASHng">169480.778666667</dst>
        </src>
        <src id="SNVAng">
            <dst id="ATLA-M5">0</dst>
            <dst id="ATLAng">628.122666666667</dst>
            <dst id="CHINng">2901.03466666667</dst>
            <dst id="DNVRng">4462.79466666667</dst>
            <dst id="HSTNng">11166.2533333333</dst>
            <dst id="IPLSng">70.56</dst>
            <dst id="KSCYng">2260.84266666667</dst>
            <dst id="LOSAng">38710.096</dst>
            <dst id="NYCMng">15548.2373333333</dst>
            <dst id="SNVAng">20773.6266666667</dst>
            <dst id="STTLng">54742.0133333333</dst>
            <dst id="WASHng">2709.04</dst>
        </src>
        <src id="STTLng">
            <dst id="ATLA-M5">0</dst>
            <dst id="ATLAng">17067.8986666667</dst>
            <dst id="CHINng">24370.1146666667</dst>
            <dst id="DNVRng">13326.6826666667</dst>
            <dst id="HSTNng">59839.1626666667</dst>
            <dst id="IPLSng">598.704</dst>
            <dst id="KSCYng">5075.96533333333</dst>
            <dst id="LOSAng">28851.4373333333</dst>
            <dst id="NYCMng">15743.0586666667</dst>
            <dst id="SNVAng">11554.9013333333</dst>
            <dst id="STTLng">1180.776</dst>
            <dst id="WASHng">45275.6986666667</dst>
        </src>
        <src id="WASHng">
            <dst id="ATLA-M5">0</dst>
            <dst id="ATLAng">157910.824</dst>
            <dst id="CHINng">120337.173333333</dst>
            <dst id="DNVRng">4609.29066666667</dst>
            <dst id="HSTNng">345798.72</dst>
            <dst id="IPLSng">83257.6826666667</dst>
            <dst id="KSCYng">23750.7813333333</dst>
            <dst id="LOSAng">134.976</dst>
            <dst id="NYCMng">215121.904</dst>
            <dst id="SNVAng">506.013333333333</dst>
            <dst id="STTLng">7024.37333333333</dst>
            <dst id="WASHng">390257.626666667</dst>
        </src>
    </IntraTM>
</TrafficMatrixFile>
