<?xml version="1.0" encoding="ISO-8859-1" standalone="yes"?>
<TrafficMatrixFile xsi:noNamespaceSchemaLocation="http://totem.run.montefiore.ulg.ac.be/Schema/TrafficMatrix-v1_2.xsd" xmlns:xsi="http://www.w3.org/2001/XMLSchema-instance">
    <IntraTM ASID="11537">
        <src id="ATLA-M5">
            <dst id="ATLA-M5">26.6666666666667</dst>
            <dst id="ATLAng">311.165333333333</dst>
            <dst id="CHINng">580.194666666667</dst>
            <dst id="DNVRng">26.6666666666667</dst>
            <dst id="HSTNng">687.376</dst>
            <dst id="IPLSng">797.605333333333</dst>
            <dst id="KSCYng">805.501333333333</dst>
            <dst id="LOSAng">0</dst>
            <dst id="NYCMng">503.874666666667</dst>
            <dst id="SNVAng">0</dst>
            <dst id="STTLng">26.6666666666667</dst>
            <dst id="WASHng">900.557333333333</dst>
        </src>
        <src id="ATLAng">
            <dst id="ATLA-M5">0</dst>
            <dst id="ATLAng">29802.7786666667</dst>
            <dst id="CHINng">25096.816</dst>
            <dst id="DNVRng">111.386666666667</dst>
            <dst id="HSTNng">35006.9013333333</dst>
            <dst id="IPLSng">31760.704</dst>
            <dst id="KSCYng">4705.74933333333</dst>
            <dst id="LOSAng">0</dst>
            <dst id="NYCMng">19374.0933333333</dst>
            <dst id="SNVAng">817.538666666667</dst>
            <dst id="STTLng">1197.05866666667</dst>
            <dst id="WASHng">85829.832</dst>
        </src>
        <src id="CHINng">
            <dst id="ATLA-M5">0</dst>
            <dst id="ATLAng">24754.232</dst>
            <dst id="CHINng">170048.893333333</dst>
            <dst id="DNVRng">24314.3626666667</dst>
            <dst id="HSTNng">75768.392</dst>
            <dst id="IPLSng">84205.9226666667</dst>
            <dst id="KSCYng">29032.9893333333</dst>
            <dst id="LOSAng">238.730666666667</dst>
            <dst id="NYCMng">29259.6186666667</dst>
            <dst id="SNVAng">26.6666666666667</dst>
            <dst id="STTLng">843.952</dst>
            <dst id="WASHng">32192.9813333333</dst>
        </src>
        <src id="DNVRng">
            <dst id="ATLA-M5">0</dst>
            <dst id="ATLAng">10218.6133333333</dst>
            <dst id="CHINng">78575.0826666667</dst>
            <dst id="DNVRng">12705.2693333333</dst>
            <dst id="HSTNng">37522.5573333333</dst>
            <dst id="IPLSng">26961.6986666667</dst>
            <dst id="KSCYng">19526.936</dst>
            <dst id="LOSAng">0</dst>
            <dst id="NYCMng">17479.112</dst>
            <dst id="SNVAng">8945.30666666667</dst>
            <dst id="STTLng">26.6666666666667</dst>
            <dst id="WASHng">40390.2133333333</dst>
        </src>
        <src id="HSTNng">
            <dst id="ATLA-M5">0</dst>
            <dst id="ATLAng">57781.144</dst>
            <dst id="CHINng">3879.70666666667</dst>
            <dst id="DNVRng">26.6666666666667</dst>
            <dst id="HSTNng">137078.696</dst>
            <dst id="IPLSng">106.666666666667</dst>
            <dst id="KSCYng">64.3733333333333</dst>
            <dst id="LOSAng">0</dst>
            <dst id="NYCMng">4802.16</dst>
            <dst id="SNVAng">0</dst>
            <dst id="STTLng">26.6666666666667</dst>
            <dst id="WASHng">111991.493333333</dst>
        </src>
        <src id="IPLSng">
            <dst id="ATLA-M5">0</dst>
            <dst id="ATLAng">21208.7146666667</dst>
            <dst id="CHINng">168531.224</dst>
            <dst id="DNVRng">6453.29333333333</dst>
            <dst id="HSTNng">53218</dst>
            <dst id="IPLSng">17227.888</dst>
            <dst id="KSCYng">23864.688</dst>
            <dst id="LOSAng">26.6666666666667</dst>
            <dst id="NYCMng">34676.848</dst>
            <dst id="SNVAng">74.136</dst>
            <dst id="STTLng">170.165333333333</dst>
            <dst id="WASHng">31167.488</dst>
        </src>
        <src id="KSCYng">
            <dst id="ATLA-M5">0</dst>
            <dst id="ATLAng">5937.14666666667</dst>
            <dst id="CHINng">35754.6</dst>
            <dst id="DNVRng">8384.68</dst>
            <dst id="HSTNng">15022.1413333333</dst>
            <dst id="IPLSng">17380.7253333333</dst>
            <dst id="KSCYng">14955.904</dst>
            <dst id="LOSAng">0</dst>
            <dst id="NYCMng">12789.6133333333</dst>
            <dst id="SNVAng">153.944</dst>
            <dst id="STTLng">133.013333333333</dst>
            <dst id="WASHng">12000.0613333333</dst>
        </src>
        <src id="LOSAng">
            <dst id="ATLA-M5">0</dst>
            <dst id="ATLAng">49671.4533333333</dst>
            <dst id="CHINng">16486.0453333333</dst>
            <dst id="DNVRng">9491.824</dst>
            <dst id="HSTNng">213748.402666667</dst>
            <dst id="IPLSng">1977.36533333333</dst>
            <dst id="KSCYng">1697.13866666667</dst>
            <dst id="LOSAng">20572.7146666667</dst>
            <dst id="NYCMng">54522.784</dst>
            <dst id="SNVAng">12683.4746666667</dst>
            <dst id="STTLng">16423.816</dst>
            <dst id="WASHng">99669.4</dst>
        </src>
        <src id="NYCMng">
            <dst id="ATLA-M5">0</dst>
            <dst id="ATLAng">54612.5066666667</dst>
            <dst id="CHINng">85630.2453333333</dst>
            <dst id="DNVRng">25495.4773333333</dst>
            <dst id="HSTNng">88257.4133333333</dst>
            <dst id="IPLSng">57639.8533333333</dst>
            <dst id="KSCYng">19555.424</dst>
            <dst id="LOSAng">135.224</dst>
            <dst id="NYCMng">237316.090666667</dst>
            <dst id="SNVAng">66.904</dst>
            <dst id="STTLng">2185.632</dst>
            <dst id="WASHng">114376.938666667</dst>
        </src>
        <src id="SNVAng">
            <dst id="ATLA-M5">0</dst>
            <dst id="ATLAng">840.330666666667</dst>
            <dst id="CHINng">1966.64266666667</dst>
            <dst id="DNVRng">4654.89333333333</dst>
            <dst id="HSTNng">4565.78933333333</dst>
            <dst id="IPLSng">26.6666666666667</dst>
            <dst id="KSCYng">979.093333333333</dst>
            <dst id="LOSAng">35277.2933333333</dst>
            <dst id="NYCMng">7479.984</dst>
            <dst id="SNVAng">18267.2266666667</dst>
            <dst id="STTLng">51222.0613333333</dst>
            <dst id="WASHng">2060.056</dst>
        </src>
        <src id="STTLng">
            <dst id="ATLA-M5">0</dst>
            <dst id="ATLAng">11845.4213333333</dst>
            <dst id="CHINng">38051.4986666667</dst>
            <dst id="DNVRng">4254.02133333333</dst>
            <dst id="HSTNng">52232.8586666667</dst>
            <dst id="IPLSng">829.378666666667</dst>
            <dst id="KSCYng">4260.33333333333</dst>
            <dst id="LOSAng">16396.16</dst>
            <dst id="NYCMng">13794.192</dst>
            <dst id="SNVAng">6597.592</dst>
            <dst id="STTLng">3745.01866666667</dst>
            <dst id="WASHng">33389.1946666667</dst>
        </src>
        <src id="WASHng">
            <dst id="ATLA-M5">0</dst>
            <dst id="ATLAng">117913.546666667</dst>
            <dst id="CHINng">91050.7813333333</dst>
            <dst id="DNVRng">2832.264</dst>
            <dst id="HSTNng">281980.906666667</dst>
            <dst id="IPLSng">65797.2693333333</dst>
            <dst id="KSCYng">15085.3786666667</dst>
            <dst id="LOSAng">34.08</dst>
            <dst id="NYCMng">174714.610666667</dst>
            <dst id="SNVAng">264.026666666667</dst>
            <dst id="STTLng">3248.664</dst>
            <dst id="WASHng">487341.066666667</dst>
        </src>
    </IntraTM>
</TrafficMatrixFile>
