<?xml version="1.0" encoding="ISO-8859-1" standalone="yes"?>
<TrafficMatrixFile xsi:noNamespaceSchemaLocation="http://totem.run.montefiore.ulg.ac.be/Schema/TrafficMatrix-v1_2.xsd" xmlns:xsi="http://www.w3.org/2001/XMLSchema-instance">
    <IntraTM ASID="11537">
        <src id="ATLA-M5">
            <dst id="ATLA-M5">34.2</dst>
            <dst id="ATLAng">408.181333333333</dst>
            <dst id="CHINng">1643.78933333333</dst>
            <dst id="DNVRng">0</dst>
            <dst id="HSTNng">240.32</dst>
            <dst id="IPLSng">2172.25333333333</dst>
            <dst id="KSCYng">0</dst>
            <dst id="LOSAng">0</dst>
            <dst id="NYCMng">2543.224</dst>
            <dst id="SNVAng">0</dst>
            <dst id="STTLng">0</dst>
            <dst id="WASHng">1226.064</dst>
        </src>
        <src id="ATLAng">
            <dst id="ATLA-M5">0</dst>
            <dst id="ATLAng">29992.28</dst>
            <dst id="CHINng">41830.0746666667</dst>
            <dst id="DNVRng">0</dst>
            <dst id="HSTNng">2974.41333333333</dst>
            <dst id="IPLSng">29658.3413333333</dst>
            <dst id="KSCYng">0</dst>
            <dst id="LOSAng">0</dst>
            <dst id="NYCMng">64987.8533333333</dst>
            <dst id="SNVAng">26.6666666666667</dst>
            <dst id="STTLng">26.6666666666667</dst>
            <dst id="WASHng">36816.6853333333</dst>
        </src>
        <src id="CHINng">
            <dst id="ATLA-M5">0</dst>
            <dst id="ATLAng">41121.4613333333</dst>
            <dst id="CHINng">29783.76</dst>
            <dst id="DNVRng">0</dst>
            <dst id="HSTNng">24801.6506666667</dst>
            <dst id="IPLSng">84471.9866666666</dst>
            <dst id="KSCYng">83.0506666666667</dst>
            <dst id="LOSAng">80</dst>
            <dst id="NYCMng">200154.717333333</dst>
            <dst id="SNVAng">26.6666666666667</dst>
            <dst id="STTLng">283.848</dst>
            <dst id="WASHng">48875.76</dst>
        </src>
        <src id="DNVRng">
            <dst id="ATLA-M5">0</dst>
            <dst id="ATLAng">8756.52266666667</dst>
            <dst id="CHINng">39215.856</dst>
            <dst id="DNVRng">14024.8426666667</dst>
            <dst id="HSTNng">39908.9946666667</dst>
            <dst id="IPLSng">36592.584</dst>
            <dst id="KSCYng">25196.8213333333</dst>
            <dst id="LOSAng">0</dst>
            <dst id="NYCMng">36938.3253333333</dst>
            <dst id="SNVAng">14094.6213333333</dst>
            <dst id="STTLng">5018.712</dst>
            <dst id="WASHng">43756.744</dst>
        </src>
        <src id="HSTNng">
            <dst id="ATLA-M5">0</dst>
            <dst id="ATLAng">33159.7946666667</dst>
            <dst id="CHINng">513.152</dst>
            <dst id="DNVRng">0</dst>
            <dst id="HSTNng">135278.066666667</dst>
            <dst id="IPLSng">53.3333333333333</dst>
            <dst id="KSCYng">126.666666666667</dst>
            <dst id="LOSAng">0</dst>
            <dst id="NYCMng">6376.05333333333</dst>
            <dst id="SNVAng">0</dst>
            <dst id="STTLng">0</dst>
            <dst id="WASHng">124110.725333333</dst>
        </src>
        <src id="IPLSng">
            <dst id="ATLA-M5">0</dst>
            <dst id="ATLAng">20368.5946666667</dst>
            <dst id="CHINng">140693.725333333</dst>
            <dst id="DNVRng">0</dst>
            <dst id="HSTNng">9665.50666666667</dst>
            <dst id="IPLSng">30705.3333333333</dst>
            <dst id="KSCYng">39762.9813333333</dst>
            <dst id="LOSAng">26.6666666666667</dst>
            <dst id="NYCMng">166900.704</dst>
            <dst id="SNVAng">53.3333333333333</dst>
            <dst id="STTLng">42.96</dst>
            <dst id="WASHng">29372.4346666667</dst>
        </src>
        <src id="KSCYng">
            <dst id="ATLA-M5">0</dst>
            <dst id="ATLAng">5956.49866666667</dst>
            <dst id="CHINng">20179.4453333333</dst>
            <dst id="DNVRng">12201.2666666667</dst>
            <dst id="HSTNng">24930.9946666667</dst>
            <dst id="IPLSng">13169.4373333333</dst>
            <dst id="KSCYng">7591.73866666667</dst>
            <dst id="LOSAng">0</dst>
            <dst id="NYCMng">60258.3093333334</dst>
            <dst id="SNVAng">53.3333333333333</dst>
            <dst id="STTLng">0</dst>
            <dst id="WASHng">12245.9253333333</dst>
        </src>
        <src id="LOSAng">
            <dst id="ATLA-M5">0</dst>
            <dst id="ATLAng">25692.384</dst>
            <dst id="CHINng">2405.90933333333</dst>
            <dst id="DNVRng">24494.376</dst>
            <dst id="HSTNng">118837.074666667</dst>
            <dst id="IPLSng">280.664</dst>
            <dst id="KSCYng">114.621333333333</dst>
            <dst id="LOSAng">26609.2186666667</dst>
            <dst id="NYCMng">54099.304</dst>
            <dst id="SNVAng">11511.712</dst>
            <dst id="STTLng">24339.3066666667</dst>
            <dst id="WASHng">99099.6533333334</dst>
        </src>
        <src id="NYCMng">
            <dst id="ATLA-M5">0</dst>
            <dst id="ATLAng">43391.8266666667</dst>
            <dst id="CHINng">774.88</dst>
            <dst id="DNVRng">0</dst>
            <dst id="HSTNng">27252.7013333333</dst>
            <dst id="IPLSng">80</dst>
            <dst id="KSCYng">113.333333333333</dst>
            <dst id="LOSAng">48</dst>
            <dst id="NYCMng">561639.146666666</dst>
            <dst id="SNVAng">26.6666666666667</dst>
            <dst id="STTLng">57.976</dst>
            <dst id="WASHng">101495.704</dst>
        </src>
        <src id="SNVAng">
            <dst id="ATLA-M5">0</dst>
            <dst id="ATLAng">1155.928</dst>
            <dst id="CHINng">273.032</dst>
            <dst id="DNVRng">4368.75733333333</dst>
            <dst id="HSTNng">8613.74933333333</dst>
            <dst id="IPLSng">26.6666666666667</dst>
            <dst id="KSCYng">500.648</dst>
            <dst id="LOSAng">41159.4746666667</dst>
            <dst id="NYCMng">4959.05066666667</dst>
            <dst id="SNVAng">17398.92</dst>
            <dst id="STTLng">61185.4986666667</dst>
            <dst id="WASHng">1629.94133333333</dst>
        </src>
        <src id="STTLng">
            <dst id="ATLA-M5">0</dst>
            <dst id="ATLAng">8588.46933333333</dst>
            <dst id="CHINng">1162.02933333333</dst>
            <dst id="DNVRng">5208.392</dst>
            <dst id="HSTNng">19814.0133333333</dst>
            <dst id="IPLSng">235.885333333333</dst>
            <dst id="KSCYng">4497.82933333333</dst>
            <dst id="LOSAng">24043.7333333333</dst>
            <dst id="NYCMng">45424.7226666667</dst>
            <dst id="SNVAng">5458.69333333333</dst>
            <dst id="STTLng">14051.896</dst>
            <dst id="WASHng">29535.1866666667</dst>
        </src>
        <src id="WASHng">
            <dst id="ATLA-M5">0</dst>
            <dst id="ATLAng">96559.4373333333</dst>
            <dst id="CHINng">429.802666666667</dst>
            <dst id="DNVRng">0</dst>
            <dst id="HSTNng">71739.4186666667</dst>
            <dst id="IPLSng">53.3333333333333</dst>
            <dst id="KSCYng">80</dst>
            <dst id="LOSAng">26.6666666666667</dst>
            <dst id="NYCMng">544729.866666667</dst>
            <dst id="SNVAng">53.3333333333333</dst>
            <dst id="STTLng">53.3333333333333</dst>
            <dst id="WASHng">253356.842666667</dst>
        </src>
    </IntraTM>
</TrafficMatrixFile>
