<?xml version="1.0" encoding="ISO-8859-1" standalone="yes"?>
<TrafficMatrixFile xsi:noNamespaceSchemaLocation="http://totem.run.montefiore.ulg.ac.be/Schema/TrafficMatrix-v1_2.xsd" xmlns:xsi="http://www.w3.org/2001/XMLSchema-instance">
    <IntraTM ASID="11537">
        <src id="ATLA-M5">
            <dst id="ATLA-M5">1469.32266666667</dst>
            <dst id="ATLAng">1349.34133333333</dst>
            <dst id="CHINng">860.794666666667</dst>
            <dst id="DNVRng">0</dst>
            <dst id="HSTNng">483.546666666667</dst>
            <dst id="IPLSng">158.768</dst>
            <dst id="KSCYng">26.6666666666667</dst>
            <dst id="LOSAng">0</dst>
            <dst id="NYCMng">1091.63466666667</dst>
            <dst id="SNVAng">0</dst>
            <dst id="STTLng">53.3333333333333</dst>
            <dst id="WASHng">1569.12266666667</dst>
        </src>
        <src id="ATLAng">
            <dst id="ATLA-M5">0</dst>
            <dst id="ATLAng">35210.2746666667</dst>
            <dst id="CHINng">33215.6133333333</dst>
            <dst id="DNVRng">0</dst>
            <dst id="HSTNng">23158.5626666667</dst>
            <dst id="IPLSng">31843.5626666667</dst>
            <dst id="KSCYng">0</dst>
            <dst id="LOSAng">0</dst>
            <dst id="NYCMng">40325.1306666667</dst>
            <dst id="SNVAng">43.1786666666667</dst>
            <dst id="STTLng">0</dst>
            <dst id="WASHng">44593.2826666667</dst>
        </src>
        <src id="CHINng">
            <dst id="ATLA-M5">0</dst>
            <dst id="ATLAng">27399.7733333333</dst>
            <dst id="CHINng">26568.2666666667</dst>
            <dst id="DNVRng">0</dst>
            <dst id="HSTNng">10961.464</dst>
            <dst id="IPLSng">31904.5386666667</dst>
            <dst id="KSCYng">53.3333333333333</dst>
            <dst id="LOSAng">53.3333333333333</dst>
            <dst id="NYCMng">145851.530666667</dst>
            <dst id="SNVAng">0</dst>
            <dst id="STTLng">2145.44</dst>
            <dst id="WASHng">32353.392</dst>
        </src>
        <src id="DNVRng">
            <dst id="ATLA-M5">0</dst>
            <dst id="ATLAng">5576.92533333333</dst>
            <dst id="CHINng">31649.608</dst>
            <dst id="DNVRng">10392.3653333333</dst>
            <dst id="HSTNng">29762.3706666667</dst>
            <dst id="IPLSng">28079.608</dst>
            <dst id="KSCYng">17364.6666666667</dst>
            <dst id="LOSAng">0</dst>
            <dst id="NYCMng">42958.3493333333</dst>
            <dst id="SNVAng">9891.56533333333</dst>
            <dst id="STTLng">2015.176</dst>
            <dst id="WASHng">43993.7653333333</dst>
        </src>
        <src id="HSTNng">
            <dst id="ATLA-M5">0</dst>
            <dst id="ATLAng">28562.7786666667</dst>
            <dst id="CHINng">1279.568</dst>
            <dst id="DNVRng">0</dst>
            <dst id="HSTNng">101770.986666667</dst>
            <dst id="IPLSng">26.72</dst>
            <dst id="KSCYng">0</dst>
            <dst id="LOSAng">0</dst>
            <dst id="NYCMng">4621.84533333333</dst>
            <dst id="SNVAng">26.6666666666667</dst>
            <dst id="STTLng">0</dst>
            <dst id="WASHng">82718.904</dst>
        </src>
        <src id="IPLSng">
            <dst id="ATLA-M5">0</dst>
            <dst id="ATLAng">23165.6266666667</dst>
            <dst id="CHINng">76713.3413333333</dst>
            <dst id="DNVRng">0</dst>
            <dst id="HSTNng">13511.3733333333</dst>
            <dst id="IPLSng">17498.4986666667</dst>
            <dst id="KSCYng">18770.6986666667</dst>
            <dst id="LOSAng">26.6666666666667</dst>
            <dst id="NYCMng">176608.850666667</dst>
            <dst id="SNVAng">53.3333333333333</dst>
            <dst id="STTLng">41.2</dst>
            <dst id="WASHng">35819.2106666667</dst>
        </src>
        <src id="KSCYng">
            <dst id="ATLA-M5">0</dst>
            <dst id="ATLAng">6256.89333333333</dst>
            <dst id="CHINng">12641.0666666667</dst>
            <dst id="DNVRng">8261.64266666666</dst>
            <dst id="HSTNng">9295.216</dst>
            <dst id="IPLSng">13377.264</dst>
            <dst id="KSCYng">8738.752</dst>
            <dst id="LOSAng">0</dst>
            <dst id="NYCMng">18376.5813333333</dst>
            <dst id="SNVAng">53.3333333333333</dst>
            <dst id="STTLng">26.6666666666667</dst>
            <dst id="WASHng">7631.45333333333</dst>
        </src>
        <src id="LOSAng">
            <dst id="ATLA-M5">0</dst>
            <dst id="ATLAng">24435.6186666667</dst>
            <dst id="CHINng">3651.57333333333</dst>
            <dst id="DNVRng">12010.776</dst>
            <dst id="HSTNng">104878.053333333</dst>
            <dst id="IPLSng">915.522666666667</dst>
            <dst id="KSCYng">181.808</dst>
            <dst id="LOSAng">22017.7813333333</dst>
            <dst id="NYCMng">70659.8586666667</dst>
            <dst id="SNVAng">8375.248</dst>
            <dst id="STTLng">20021.7146666667</dst>
            <dst id="WASHng">68590.8986666667</dst>
        </src>
        <src id="NYCMng">
            <dst id="ATLA-M5">0</dst>
            <dst id="ATLAng">30643.2106666667</dst>
            <dst id="CHINng">1294.00266666667</dst>
            <dst id="DNVRng">0</dst>
            <dst id="HSTNng">15735.8506666667</dst>
            <dst id="IPLSng">26.6666666666667</dst>
            <dst id="KSCYng">259.874666666667</dst>
            <dst id="LOSAng">106.666666666667</dst>
            <dst id="NYCMng">442882.24</dst>
            <dst id="SNVAng">233.114666666667</dst>
            <dst id="STTLng">624.96</dst>
            <dst id="WASHng">93148.8293333333</dst>
        </src>
        <src id="SNVAng">
            <dst id="ATLA-M5">0</dst>
            <dst id="ATLAng">771.682666666667</dst>
            <dst id="CHINng">0</dst>
            <dst id="DNVRng">3858.936</dst>
            <dst id="HSTNng">2804.90133333333</dst>
            <dst id="IPLSng">26.6666666666667</dst>
            <dst id="KSCYng">414.322666666667</dst>
            <dst id="LOSAng">33495.4986666667</dst>
            <dst id="NYCMng">17656.1146666667</dst>
            <dst id="SNVAng">13623.5146666667</dst>
            <dst id="STTLng">49655.5466666667</dst>
            <dst id="WASHng">652.088</dst>
        </src>
        <src id="STTLng">
            <dst id="ATLA-M5">0</dst>
            <dst id="ATLAng">11456.9733333333</dst>
            <dst id="CHINng">3253.15733333333</dst>
            <dst id="DNVRng">4599.74133333333</dst>
            <dst id="HSTNng">25028.304</dst>
            <dst id="IPLSng">227.981333333333</dst>
            <dst id="KSCYng">3837.936</dst>
            <dst id="LOSAng">14562.344</dst>
            <dst id="NYCMng">56642.6053333333</dst>
            <dst id="SNVAng">9916.17066666667</dst>
            <dst id="STTLng">3754.832</dst>
            <dst id="WASHng">30112.2053333333</dst>
        </src>
        <src id="WASHng">
            <dst id="ATLA-M5">0</dst>
            <dst id="ATLAng">127965.344</dst>
            <dst id="CHINng">644.986666666667</dst>
            <dst id="DNVRng">0</dst>
            <dst id="HSTNng">86327.552</dst>
            <dst id="IPLSng">191.589333333333</dst>
            <dst id="KSCYng">354.626666666667</dst>
            <dst id="LOSAng">26.6666666666667</dst>
            <dst id="NYCMng">501952.666666667</dst>
            <dst id="SNVAng">172.584</dst>
            <dst id="STTLng">788.909333333333</dst>
            <dst id="WASHng">273761.813333333</dst>
        </src>
    </IntraTM>
</TrafficMatrixFile>
