<?xml version="1.0" encoding="ISO-8859-1" standalone="yes"?>
<TrafficMatrixFile xsi:noNamespaceSchemaLocation="http://totem.run.montefiore.ulg.ac.be/Schema/TrafficMatrix-v1_2.xsd" xmlns:xsi="http://www.w3.org/2001/XMLSchema-instance">
    <IntraTM ASID="11537">
        <src id="ATLA-M5">
            <dst id="ATLA-M5">0</dst>
            <dst id="ATLAng">622.221333333333</dst>
            <dst id="CHINng">976.216</dst>
            <dst id="DNVRng">0</dst>
            <dst id="HSTNng">1465.19466666667</dst>
            <dst id="IPLSng">1023.536</dst>
            <dst id="KSCYng">433.437333333333</dst>
            <dst id="LOSAng">0</dst>
            <dst id="NYCMng">881.370666666667</dst>
            <dst id="SNVAng">0</dst>
            <dst id="STTLng">53.3333333333333</dst>
            <dst id="WASHng">1328.95466666667</dst>
        </src>
        <src id="ATLAng">
            <dst id="ATLA-M5">0</dst>
            <dst id="ATLAng">27612.1226666667</dst>
            <dst id="CHINng">23758.7306666667</dst>
            <dst id="DNVRng">0</dst>
            <dst id="HSTNng">65217.5146666667</dst>
            <dst id="IPLSng">37122.176</dst>
            <dst id="KSCYng">7271.048</dst>
            <dst id="LOSAng">0</dst>
            <dst id="NYCMng">28585.192</dst>
            <dst id="SNVAng">53.3333333333333</dst>
            <dst id="STTLng">342.088</dst>
            <dst id="WASHng">76145.4773333333</dst>
        </src>
        <src id="CHINng">
            <dst id="ATLA-M5">0</dst>
            <dst id="ATLAng">35699.56</dst>
            <dst id="CHINng">120547.925333333</dst>
            <dst id="DNVRng">23161.1413333333</dst>
            <dst id="HSTNng">113062.32</dst>
            <dst id="IPLSng">84044.8586666667</dst>
            <dst id="KSCYng">16583.2453333333</dst>
            <dst id="LOSAng">227.482666666667</dst>
            <dst id="NYCMng">48574.3733333333</dst>
            <dst id="SNVAng">26.6666666666667</dst>
            <dst id="STTLng">1660.608</dst>
            <dst id="WASHng">54281.8186666667</dst>
        </src>
        <src id="DNVRng">
            <dst id="ATLA-M5">0</dst>
            <dst id="ATLAng">23638.464</dst>
            <dst id="CHINng">78435.5493333333</dst>
            <dst id="DNVRng">4296.50933333333</dst>
            <dst id="HSTNng">53688.2613333333</dst>
            <dst id="IPLSng">28293.1493333333</dst>
            <dst id="KSCYng">15389.64</dst>
            <dst id="LOSAng">26.6666666666667</dst>
            <dst id="NYCMng">21079.8666666667</dst>
            <dst id="SNVAng">33555.4773333333</dst>
            <dst id="STTLng">540.202666666667</dst>
            <dst id="WASHng">46457.0426666667</dst>
        </src>
        <src id="HSTNng">
            <dst id="ATLA-M5">0</dst>
            <dst id="ATLAng">35311.3733333333</dst>
            <dst id="CHINng">1718.03733333333</dst>
            <dst id="DNVRng">26.6666666666667</dst>
            <dst id="HSTNng">174928.837333333</dst>
            <dst id="IPLSng">99.952</dst>
            <dst id="KSCYng">53.3333333333333</dst>
            <dst id="LOSAng">132.714666666667</dst>
            <dst id="NYCMng">9339.21333333333</dst>
            <dst id="SNVAng">53.3333333333333</dst>
            <dst id="STTLng">426.666666666667</dst>
            <dst id="WASHng">122206.445333333</dst>
        </src>
        <src id="IPLSng">
            <dst id="ATLA-M5">0</dst>
            <dst id="ATLAng">25082.544</dst>
            <dst id="CHINng">175651.666666667</dst>
            <dst id="DNVRng">11634.6693333333</dst>
            <dst id="HSTNng">88986.0853333333</dst>
            <dst id="IPLSng">34285.9306666667</dst>
            <dst id="KSCYng">37045.2186666667</dst>
            <dst id="LOSAng">0</dst>
            <dst id="NYCMng">95959.152</dst>
            <dst id="SNVAng">244.882666666667</dst>
            <dst id="STTLng">586.949333333333</dst>
            <dst id="WASHng">46015.1573333333</dst>
        </src>
        <src id="KSCYng">
            <dst id="ATLA-M5">0</dst>
            <dst id="ATLAng">5740.89066666666</dst>
            <dst id="CHINng">50195.456</dst>
            <dst id="DNVRng">12372.032</dst>
            <dst id="HSTNng">19219.5146666667</dst>
            <dst id="IPLSng">17282.6453333333</dst>
            <dst id="KSCYng">7448.25066666667</dst>
            <dst id="LOSAng">26.6666666666667</dst>
            <dst id="NYCMng">12044.5466666667</dst>
            <dst id="SNVAng">111.856</dst>
            <dst id="STTLng">180.877333333333</dst>
            <dst id="WASHng">14302.3466666667</dst>
        </src>
        <src id="LOSAng">
            <dst id="ATLA-M5">0</dst>
            <dst id="ATLAng">26019.9786666667</dst>
            <dst id="CHINng">3379.27733333333</dst>
            <dst id="DNVRng">20379.9146666667</dst>
            <dst id="HSTNng">155632.085333333</dst>
            <dst id="IPLSng">486.045333333333</dst>
            <dst id="KSCYng">849.818666666667</dst>
            <dst id="LOSAng">15678.1653333333</dst>
            <dst id="NYCMng">66145.1653333333</dst>
            <dst id="SNVAng">24383.6266666667</dst>
            <dst id="STTLng">33252.0826666667</dst>
            <dst id="WASHng">107870.437333333</dst>
        </src>
        <src id="NYCMng">
            <dst id="ATLA-M5">0</dst>
            <dst id="ATLAng">55218.5733333333</dst>
            <dst id="CHINng">82765.3893333333</dst>
            <dst id="DNVRng">40667.48</dst>
            <dst id="HSTNng">155284.730666667</dst>
            <dst id="IPLSng">88834.936</dst>
            <dst id="KSCYng">26746.3653333333</dst>
            <dst id="LOSAng">328.426666666667</dst>
            <dst id="NYCMng">266248.864</dst>
            <dst id="SNVAng">370.2</dst>
            <dst id="STTLng">3517.016</dst>
            <dst id="WASHng">163517.194666667</dst>
        </src>
        <src id="SNVAng">
            <dst id="ATLA-M5">0</dst>
            <dst id="ATLAng">985.629333333333</dst>
            <dst id="CHINng">2043.576</dst>
            <dst id="DNVRng">13873.4186666667</dst>
            <dst id="HSTNng">16951.4693333333</dst>
            <dst id="IPLSng">0</dst>
            <dst id="KSCYng">1269.86133333333</dst>
            <dst id="LOSAng">49986.224</dst>
            <dst id="NYCMng">19117.4053333333</dst>
            <dst id="SNVAng">16283.2133333333</dst>
            <dst id="STTLng">51755.8</dst>
            <dst id="WASHng">2423.30666666667</dst>
        </src>
        <src id="STTLng">
            <dst id="ATLA-M5">0</dst>
            <dst id="ATLAng">13179.3893333333</dst>
            <dst id="CHINng">24889.1733333333</dst>
            <dst id="DNVRng">10409.9786666667</dst>
            <dst id="HSTNng">46326.048</dst>
            <dst id="IPLSng">402.666666666667</dst>
            <dst id="KSCYng">4142.03733333333</dst>
            <dst id="LOSAng">41486.6693333333</dst>
            <dst id="NYCMng">20430.6826666667</dst>
            <dst id="SNVAng">15400.576</dst>
            <dst id="STTLng">4119.21866666667</dst>
            <dst id="WASHng">35785.8613333333</dst>
        </src>
        <src id="WASHng">
            <dst id="ATLA-M5">0</dst>
            <dst id="ATLAng">116379.221333333</dst>
            <dst id="CHINng">70035.384</dst>
            <dst id="DNVRng">1970.448</dst>
            <dst id="HSTNng">348078.96</dst>
            <dst id="IPLSng">70574.9093333333</dst>
            <dst id="KSCYng">17938.0453333333</dst>
            <dst id="LOSAng">79.888</dst>
            <dst id="NYCMng">208493.96</dst>
            <dst id="SNVAng">296.042666666667</dst>
            <dst id="STTLng">5602.24533333333</dst>
            <dst id="WASHng">278767.973333333</dst>
        </src>
    </IntraTM>
</TrafficMatrixFile>
