<?xml version="1.0" encoding="ISO-8859-1" standalone="yes"?>
<TrafficMatrixFile xsi:noNamespaceSchemaLocation="http://totem.run.montefiore.ulg.ac.be/Schema/TrafficMatrix-v1_2.xsd" xmlns:xsi="http://www.w3.org/2001/XMLSchema-instance">
    <IntraTM ASID="11537">
        <src id="ATLA-M5">
            <dst id="ATLA-M5">144.256</dst>
            <dst id="ATLAng">152.208</dst>
            <dst id="CHINng">1583.38133333333</dst>
            <dst id="DNVRng">0</dst>
            <dst id="HSTNng">1333.36266666667</dst>
            <dst id="IPLSng">1251.45066666667</dst>
            <dst id="KSCYng">252.114666666667</dst>
            <dst id="LOSAng">0</dst>
            <dst id="NYCMng">674.957333333333</dst>
            <dst id="SNVAng">0</dst>
            <dst id="STTLng">0</dst>
            <dst id="WASHng">2024.96533333333</dst>
        </src>
        <src id="ATLAng">
            <dst id="ATLA-M5">0</dst>
            <dst id="ATLAng">55956.8426666667</dst>
            <dst id="CHINng">28021.4666666667</dst>
            <dst id="DNVRng">0</dst>
            <dst id="HSTNng">60903.2853333333</dst>
            <dst id="IPLSng">35525.448</dst>
            <dst id="KSCYng">13216.6053333333</dst>
            <dst id="LOSAng">26.6666666666667</dst>
            <dst id="NYCMng">20061.5946666667</dst>
            <dst id="SNVAng">53.3333333333333</dst>
            <dst id="STTLng">267.069333333333</dst>
            <dst id="WASHng">82186.9093333333</dst>
        </src>
        <src id="CHINng">
            <dst id="ATLA-M5">0</dst>
            <dst id="ATLAng">43425.576</dst>
            <dst id="CHINng">129144.138666667</dst>
            <dst id="DNVRng">17647.56</dst>
            <dst id="HSTNng">123074.829333333</dst>
            <dst id="IPLSng">79777.96</dst>
            <dst id="KSCYng">22248.888</dst>
            <dst id="LOSAng">534.736</dst>
            <dst id="NYCMng">52245.4933333333</dst>
            <dst id="SNVAng">26.6666666666667</dst>
            <dst id="STTLng">956.933333333333</dst>
            <dst id="WASHng">58724.0826666667</dst>
        </src>
        <src id="DNVRng">
            <dst id="ATLA-M5">0</dst>
            <dst id="ATLAng">21375.1786666667</dst>
            <dst id="CHINng">84172.2693333333</dst>
            <dst id="DNVRng">12196.112</dst>
            <dst id="HSTNng">51042.008</dst>
            <dst id="IPLSng">28329.52</dst>
            <dst id="KSCYng">17857.7893333333</dst>
            <dst id="LOSAng">0</dst>
            <dst id="NYCMng">19603.56</dst>
            <dst id="SNVAng">28050.584</dst>
            <dst id="STTLng">628.072</dst>
            <dst id="WASHng">49981.0426666667</dst>
        </src>
        <src id="HSTNng">
            <dst id="ATLA-M5">0</dst>
            <dst id="ATLAng">33240.72</dst>
            <dst id="CHINng">4480.304</dst>
            <dst id="DNVRng">86.4106666666667</dst>
            <dst id="HSTNng">267967.093333333</dst>
            <dst id="IPLSng">0</dst>
            <dst id="KSCYng">34.0986666666667</dst>
            <dst id="LOSAng">0</dst>
            <dst id="NYCMng">9049.71733333333</dst>
            <dst id="SNVAng">0</dst>
            <dst id="STTLng">287.808</dst>
            <dst id="WASHng">128386.4</dst>
        </src>
        <src id="IPLSng">
            <dst id="ATLA-M5">0</dst>
            <dst id="ATLAng">23969.2826666667</dst>
            <dst id="CHINng">135167.346666667</dst>
            <dst id="DNVRng">16547.528</dst>
            <dst id="HSTNng">78508.376</dst>
            <dst id="IPLSng">32341.6986666667</dst>
            <dst id="KSCYng">38838.5866666667</dst>
            <dst id="LOSAng">70.4533333333333</dst>
            <dst id="NYCMng">78656.2613333334</dst>
            <dst id="SNVAng">69.4453333333334</dst>
            <dst id="STTLng">1251.25333333333</dst>
            <dst id="WASHng">52878.5893333333</dst>
        </src>
        <src id="KSCYng">
            <dst id="ATLA-M5">0</dst>
            <dst id="ATLAng">8376.544</dst>
            <dst id="CHINng">40276.6453333333</dst>
            <dst id="DNVRng">8990.10666666667</dst>
            <dst id="HSTNng">22145.1146666667</dst>
            <dst id="IPLSng">20017.0213333333</dst>
            <dst id="KSCYng">13252.4506666667</dst>
            <dst id="LOSAng">343.157333333333</dst>
            <dst id="NYCMng">10735.584</dst>
            <dst id="SNVAng">26.6666666666667</dst>
            <dst id="STTLng">194.088</dst>
            <dst id="WASHng">16270.6933333333</dst>
        </src>
        <src id="LOSAng">
            <dst id="ATLA-M5">0</dst>
            <dst id="ATLAng">27060.8613333333</dst>
            <dst id="CHINng">5503.76266666667</dst>
            <dst id="DNVRng">21274.1973333333</dst>
            <dst id="HSTNng">206772.184</dst>
            <dst id="IPLSng">1186.12266666667</dst>
            <dst id="KSCYng">468.994666666667</dst>
            <dst id="LOSAng">16685.3626666667</dst>
            <dst id="NYCMng">80536.6026666667</dst>
            <dst id="SNVAng">19115.4053333333</dst>
            <dst id="STTLng">30176.5093333333</dst>
            <dst id="WASHng">110385.525333333</dst>
        </src>
        <src id="NYCMng">
            <dst id="ATLA-M5">0</dst>
            <dst id="ATLAng">42233.0133333333</dst>
            <dst id="CHINng">96693.504</dst>
            <dst id="DNVRng">33390.936</dst>
            <dst id="HSTNng">175271.101333333</dst>
            <dst id="IPLSng">91342.088</dst>
            <dst id="KSCYng">20691.8293333333</dst>
            <dst id="LOSAng">611.16</dst>
            <dst id="NYCMng">273767.706666667</dst>
            <dst id="SNVAng">53.3333333333333</dst>
            <dst id="STTLng">5357.536</dst>
            <dst id="WASHng">170278.765333333</dst>
        </src>
        <src id="SNVAng">
            <dst id="ATLA-M5">0</dst>
            <dst id="ATLAng">1373.952</dst>
            <dst id="CHINng">792.490666666667</dst>
            <dst id="DNVRng">10386.3973333333</dst>
            <dst id="HSTNng">6466.632</dst>
            <dst id="IPLSng">26.6666666666667</dst>
            <dst id="KSCYng">1317.648</dst>
            <dst id="LOSAng">47597.7013333333</dst>
            <dst id="NYCMng">8900.22133333333</dst>
            <dst id="SNVAng">15741.5013333333</dst>
            <dst id="STTLng">50315.0586666667</dst>
            <dst id="WASHng">2239.73066666667</dst>
        </src>
        <src id="STTLng">
            <dst id="ATLA-M5">0</dst>
            <dst id="ATLAng">12842.8826666667</dst>
            <dst id="CHINng">23598.4613333333</dst>
            <dst id="DNVRng">6378.22133333333</dst>
            <dst id="HSTNng">52787.6053333333</dst>
            <dst id="IPLSng">325.005333333333</dst>
            <dst id="KSCYng">3261.20533333333</dst>
            <dst id="LOSAng">37191.76</dst>
            <dst id="NYCMng">14094.3333333333</dst>
            <dst id="SNVAng">25491.5386666667</dst>
            <dst id="STTLng">8500.81866666667</dst>
            <dst id="WASHng">37036.8426666667</dst>
        </src>
        <src id="WASHng">
            <dst id="ATLA-M5">0</dst>
            <dst id="ATLAng">84729.9066666667</dst>
            <dst id="CHINng">96983.8853333333</dst>
            <dst id="DNVRng">5616.70666666667</dst>
            <dst id="HSTNng">328108.586666667</dst>
            <dst id="IPLSng">92979.944</dst>
            <dst id="KSCYng">30229.744</dst>
            <dst id="LOSAng">134.186666666667</dst>
            <dst id="NYCMng">304852.4</dst>
            <dst id="SNVAng">519.490666666667</dst>
            <dst id="STTLng">6229.14933333333</dst>
            <dst id="WASHng">303021.466666667</dst>
        </src>
    </IntraTM>
</TrafficMatrixFile>
