<?xml version="1.0" encoding="ISO-8859-1" standalone="yes"?>
<TrafficMatrixFile xsi:noNamespaceSchemaLocation="http://totem.run.montefiore.ulg.ac.be/Schema/TrafficMatrix-v1_2.xsd" xmlns:xsi="http://www.w3.org/2001/XMLSchema-instance">
    <IntraTM ASID="11537">
        <src id="ATLA-M5">
            <dst id="ATLA-M5">0</dst>
            <dst id="ATLAng">137.368</dst>
            <dst id="CHINng">1037.93066666667</dst>
            <dst id="DNVRng">0</dst>
            <dst id="HSTNng">2672.328</dst>
            <dst id="IPLSng">365.717333333333</dst>
            <dst id="KSCYng">0</dst>
            <dst id="LOSAng">0</dst>
            <dst id="NYCMng">2889.896</dst>
            <dst id="SNVAng">0</dst>
            <dst id="STTLng">0</dst>
            <dst id="WASHng">2979.77333333333</dst>
        </src>
        <src id="ATLAng">
            <dst id="ATLA-M5">0</dst>
            <dst id="ATLAng">30520.4186666667</dst>
            <dst id="CHINng">34359.888</dst>
            <dst id="DNVRng">0</dst>
            <dst id="HSTNng">5962.18666666667</dst>
            <dst id="IPLSng">24961.1093333333</dst>
            <dst id="KSCYng">26.6666666666667</dst>
            <dst id="LOSAng">53.3333333333333</dst>
            <dst id="NYCMng">52714.68</dst>
            <dst id="SNVAng">26.6666666666667</dst>
            <dst id="STTLng">0</dst>
            <dst id="WASHng">41365.6133333333</dst>
        </src>
        <src id="CHINng">
            <dst id="ATLA-M5">0</dst>
            <dst id="ATLAng">35244.1386666667</dst>
            <dst id="CHINng">30571.6853333333</dst>
            <dst id="DNVRng">0</dst>
            <dst id="HSTNng">15614.6266666667</dst>
            <dst id="IPLSng">49334.7146666667</dst>
            <dst id="KSCYng">0</dst>
            <dst id="LOSAng">160</dst>
            <dst id="NYCMng">214674.082666667</dst>
            <dst id="SNVAng">1447.81333333333</dst>
            <dst id="STTLng">121.794666666667</dst>
            <dst id="WASHng">41513.696</dst>
        </src>
        <src id="DNVRng">
            <dst id="ATLA-M5">0</dst>
            <dst id="ATLAng">7081.08</dst>
            <dst id="CHINng">37913.248</dst>
            <dst id="DNVRng">6835.14933333333</dst>
            <dst id="HSTNng">28307.2933333333</dst>
            <dst id="IPLSng">29873.6293333333</dst>
            <dst id="KSCYng">18366.5093333333</dst>
            <dst id="LOSAng">0</dst>
            <dst id="NYCMng">32466.44</dst>
            <dst id="SNVAng">10003.072</dst>
            <dst id="STTLng">80</dst>
            <dst id="WASHng">47288.1813333333</dst>
        </src>
        <src id="HSTNng">
            <dst id="ATLA-M5">0</dst>
            <dst id="ATLAng">32243.584</dst>
            <dst id="CHINng">972.674666666667</dst>
            <dst id="DNVRng">26.6666666666667</dst>
            <dst id="HSTNng">234995.992</dst>
            <dst id="IPLSng">80</dst>
            <dst id="KSCYng">0</dst>
            <dst id="LOSAng">0</dst>
            <dst id="NYCMng">4855.42933333333</dst>
            <dst id="SNVAng">0</dst>
            <dst id="STTLng">0</dst>
            <dst id="WASHng">113109.416</dst>
        </src>
        <src id="IPLSng">
            <dst id="ATLA-M5">0</dst>
            <dst id="ATLAng">24870.144</dst>
            <dst id="CHINng">132119.362666667</dst>
            <dst id="DNVRng">0</dst>
            <dst id="HSTNng">9411.03466666667</dst>
            <dst id="IPLSng">29494.504</dst>
            <dst id="KSCYng">26625.3653333333</dst>
            <dst id="LOSAng">1493.52533333333</dst>
            <dst id="NYCMng">136764.128</dst>
            <dst id="SNVAng">26.6666666666667</dst>
            <dst id="STTLng">53.3333333333333</dst>
            <dst id="WASHng">28401.3173333333</dst>
        </src>
        <src id="KSCYng">
            <dst id="ATLA-M5">0</dst>
            <dst id="ATLAng">3655.168</dst>
            <dst id="CHINng">20340.096</dst>
            <dst id="DNVRng">6784.11733333333</dst>
            <dst id="HSTNng">13339.1653333333</dst>
            <dst id="IPLSng">13389.6746666667</dst>
            <dst id="KSCYng">6153.65066666667</dst>
            <dst id="LOSAng">26.6666666666667</dst>
            <dst id="NYCMng">24698.168</dst>
            <dst id="SNVAng">26.6666666666667</dst>
            <dst id="STTLng">0</dst>
            <dst id="WASHng">11497.1866666667</dst>
        </src>
        <src id="LOSAng">
            <dst id="ATLA-M5">0</dst>
            <dst id="ATLAng">22947.776</dst>
            <dst id="CHINng">1600.85333333333</dst>
            <dst id="DNVRng">12640.8746666667</dst>
            <dst id="HSTNng">165536.8</dst>
            <dst id="IPLSng">1339.16533333333</dst>
            <dst id="KSCYng">80</dst>
            <dst id="LOSAng">24102.4346666667</dst>
            <dst id="NYCMng">52281.176</dst>
            <dst id="SNVAng">10438.192</dst>
            <dst id="STTLng">18438.4133333333</dst>
            <dst id="WASHng">93743.088</dst>
        </src>
        <src id="NYCMng">
            <dst id="ATLA-M5">0</dst>
            <dst id="ATLAng">27841.416</dst>
            <dst id="CHINng">335.728</dst>
            <dst id="DNVRng">0</dst>
            <dst id="HSTNng">24598.1413333333</dst>
            <dst id="IPLSng">186.696</dst>
            <dst id="KSCYng">178.56</dst>
            <dst id="LOSAng">112.92</dst>
            <dst id="NYCMng">487433.76</dst>
            <dst id="SNVAng">74.6613333333333</dst>
            <dst id="STTLng">574.986666666667</dst>
            <dst id="WASHng">105082.930666667</dst>
        </src>
        <src id="SNVAng">
            <dst id="ATLA-M5">0</dst>
            <dst id="ATLAng">593.541333333333</dst>
            <dst id="CHINng">53.3333333333333</dst>
            <dst id="DNVRng">3587.50933333333</dst>
            <dst id="HSTNng">9940.83466666667</dst>
            <dst id="IPLSng">26.6666666666667</dst>
            <dst id="KSCYng">519.874666666667</dst>
            <dst id="LOSAng">45487.0053333333</dst>
            <dst id="NYCMng">10765.776</dst>
            <dst id="SNVAng">13992.544</dst>
            <dst id="STTLng">54641.0933333333</dst>
            <dst id="WASHng">661.712</dst>
        </src>
        <src id="STTLng">
            <dst id="ATLA-M5">0</dst>
            <dst id="ATLAng">7208.352</dst>
            <dst id="CHINng">430.362666666667</dst>
            <dst id="DNVRng">7931.03733333333</dst>
            <dst id="HSTNng">22353.5226666667</dst>
            <dst id="IPLSng">376.36</dst>
            <dst id="KSCYng">3508.45866666667</dst>
            <dst id="LOSAng">21509.8693333333</dst>
            <dst id="NYCMng">46394.0746666667</dst>
            <dst id="SNVAng">5524.62133333333</dst>
            <dst id="STTLng">2533.82666666667</dst>
            <dst id="WASHng">33050.528</dst>
        </src>
        <src id="WASHng">
            <dst id="ATLA-M5">0</dst>
            <dst id="ATLAng">131773.402666667</dst>
            <dst id="CHINng">1307.61333333333</dst>
            <dst id="DNVRng">0</dst>
            <dst id="HSTNng">68480.3973333333</dst>
            <dst id="IPLSng">80</dst>
            <dst id="KSCYng">26.6666666666667</dst>
            <dst id="LOSAng">26.6666666666667</dst>
            <dst id="NYCMng">538268.64</dst>
            <dst id="SNVAng">26.6666666666667</dst>
            <dst id="STTLng">3870.68533333333</dst>
            <dst id="WASHng">260739.050666667</dst>
        </src>
    </IntraTM>
</TrafficMatrixFile>
