<?xml version="1.0" encoding="ISO-8859-1" standalone="yes"?>
<TrafficMatrixFile xsi:noNamespaceSchemaLocation="http://totem.run.montefiore.ulg.ac.be/Schema/TrafficMatrix-v1_2.xsd" xmlns:xsi="http://www.w3.org/2001/XMLSchema-instance">
    <IntraTM ASID="11537">
        <src id="ATLA-M5">
            <dst id="ATLA-M5">0</dst>
            <dst id="ATLAng">156.141333333333</dst>
            <dst id="CHINng">417.026666666667</dst>
            <dst id="DNVRng">0</dst>
            <dst id="HSTNng">86.624</dst>
            <dst id="IPLSng">460.069333333333</dst>
            <dst id="KSCYng">0</dst>
            <dst id="LOSAng">0</dst>
            <dst id="NYCMng">1387.704</dst>
            <dst id="SNVAng">0</dst>
            <dst id="STTLng">0</dst>
            <dst id="WASHng">2453.10666666667</dst>
        </src>
        <src id="ATLAng">
            <dst id="ATLA-M5">0</dst>
            <dst id="ATLAng">28115.92</dst>
            <dst id="CHINng">16128.8533333333</dst>
            <dst id="DNVRng">0</dst>
            <dst id="HSTNng">1771.584</dst>
            <dst id="IPLSng">24043.1546666667</dst>
            <dst id="KSCYng">185.474666666667</dst>
            <dst id="LOSAng">177.504</dst>
            <dst id="NYCMng">41285.5333333333</dst>
            <dst id="SNVAng">0</dst>
            <dst id="STTLng">26.6666666666667</dst>
            <dst id="WASHng">40534.6853333333</dst>
        </src>
        <src id="CHINng">
            <dst id="ATLA-M5">0</dst>
            <dst id="ATLAng">20622.68</dst>
            <dst id="CHINng">21425.5893333333</dst>
            <dst id="DNVRng">0</dst>
            <dst id="HSTNng">14333.9306666667</dst>
            <dst id="IPLSng">24453.4213333333</dst>
            <dst id="KSCYng">26.6666666666667</dst>
            <dst id="LOSAng">0</dst>
            <dst id="NYCMng">174018.978666667</dst>
            <dst id="SNVAng">0</dst>
            <dst id="STTLng">2028.14933333333</dst>
            <dst id="WASHng">27327.4133333333</dst>
        </src>
        <src id="DNVRng">
            <dst id="ATLA-M5">0</dst>
            <dst id="ATLAng">7841.66666666667</dst>
            <dst id="CHINng">24010.928</dst>
            <dst id="DNVRng">9518.67466666667</dst>
            <dst id="HSTNng">25887.0693333333</dst>
            <dst id="IPLSng">23854.3733333333</dst>
            <dst id="KSCYng">17853.7786666667</dst>
            <dst id="LOSAng">0</dst>
            <dst id="NYCMng">40791.144</dst>
            <dst id="SNVAng">9409.232</dst>
            <dst id="STTLng">2260.37333333333</dst>
            <dst id="WASHng">38112.5973333333</dst>
        </src>
        <src id="HSTNng">
            <dst id="ATLA-M5">0</dst>
            <dst id="ATLAng">23373.9653333333</dst>
            <dst id="CHINng">147.648</dst>
            <dst id="DNVRng">0</dst>
            <dst id="HSTNng">77701.1013333334</dst>
            <dst id="IPLSng">219.925333333333</dst>
            <dst id="KSCYng">0</dst>
            <dst id="LOSAng">0</dst>
            <dst id="NYCMng">3975.33333333333</dst>
            <dst id="SNVAng">0</dst>
            <dst id="STTLng">0</dst>
            <dst id="WASHng">74558.1706666667</dst>
        </src>
        <src id="IPLSng">
            <dst id="ATLA-M5">0</dst>
            <dst id="ATLAng">24355.9893333333</dst>
            <dst id="CHINng">57077.9733333333</dst>
            <dst id="DNVRng">0</dst>
            <dst id="HSTNng">11539.3653333333</dst>
            <dst id="IPLSng">19999.7173333333</dst>
            <dst id="KSCYng">16452.2506666667</dst>
            <dst id="LOSAng">157.162666666667</dst>
            <dst id="NYCMng">102352.664</dst>
            <dst id="SNVAng">0</dst>
            <dst id="STTLng">53.3333333333333</dst>
            <dst id="WASHng">21711.2053333333</dst>
        </src>
        <src id="KSCYng">
            <dst id="ATLA-M5">0</dst>
            <dst id="ATLAng">4850.944</dst>
            <dst id="CHINng">16549.5733333333</dst>
            <dst id="DNVRng">7169.81066666667</dst>
            <dst id="HSTNng">12991.5813333333</dst>
            <dst id="IPLSng">10686.136</dst>
            <dst id="KSCYng">6096.61066666667</dst>
            <dst id="LOSAng">0</dst>
            <dst id="NYCMng">20138.7813333333</dst>
            <dst id="SNVAng">0</dst>
            <dst id="STTLng">0</dst>
            <dst id="WASHng">7444.45866666667</dst>
        </src>
        <src id="LOSAng">
            <dst id="ATLA-M5">0</dst>
            <dst id="ATLAng">18064.6186666667</dst>
            <dst id="CHINng">1509.56533333333</dst>
            <dst id="DNVRng">6267.30133333333</dst>
            <dst id="HSTNng">78214.1973333333</dst>
            <dst id="IPLSng">644.549333333333</dst>
            <dst id="KSCYng">59.6346666666667</dst>
            <dst id="LOSAng">14819.2906666667</dst>
            <dst id="NYCMng">66417.9013333333</dst>
            <dst id="SNVAng">10247.448</dst>
            <dst id="STTLng">16859.0773333333</dst>
            <dst id="WASHng">62407.9306666667</dst>
        </src>
        <src id="NYCMng">
            <dst id="ATLA-M5">0</dst>
            <dst id="ATLAng">22313.4906666667</dst>
            <dst id="CHINng">679.176</dst>
            <dst id="DNVRng">0</dst>
            <dst id="HSTNng">11042.8453333333</dst>
            <dst id="IPLSng">57.5173333333333</dst>
            <dst id="KSCYng">56.4666666666667</dst>
            <dst id="LOSAng">26.6666666666667</dst>
            <dst id="NYCMng">339066.586666667</dst>
            <dst id="SNVAng">53.3333333333333</dst>
            <dst id="STTLng">638.773333333333</dst>
            <dst id="WASHng">83820.768</dst>
        </src>
        <src id="SNVAng">
            <dst id="ATLA-M5">0</dst>
            <dst id="ATLAng">494.301333333333</dst>
            <dst id="CHINng">26.6666666666667</dst>
            <dst id="DNVRng">7933.08533333333</dst>
            <dst id="HSTNng">3307.65066666667</dst>
            <dst id="IPLSng">255.221333333333</dst>
            <dst id="KSCYng">163.448</dst>
            <dst id="LOSAng">32264.8346666667</dst>
            <dst id="NYCMng">5114.376</dst>
            <dst id="SNVAng">12150.2533333333</dst>
            <dst id="STTLng">50449.8213333333</dst>
            <dst id="WASHng">289.16</dst>
        </src>
        <src id="STTLng">
            <dst id="ATLA-M5">0</dst>
            <dst id="ATLAng">6827.53066666667</dst>
            <dst id="CHINng">1143.168</dst>
            <dst id="DNVRng">4430.90933333333</dst>
            <dst id="HSTNng">11393.4746666667</dst>
            <dst id="IPLSng">225.909333333333</dst>
            <dst id="KSCYng">2488.04533333333</dst>
            <dst id="LOSAng">16494.7973333333</dst>
            <dst id="NYCMng">44425.576</dst>
            <dst id="SNVAng">3606.94133333333</dst>
            <dst id="STTLng">4258.82133333333</dst>
            <dst id="WASHng">25167.8666666667</dst>
        </src>
        <src id="WASHng">
            <dst id="ATLA-M5">0</dst>
            <dst id="ATLAng">109190.821333333</dst>
            <dst id="CHINng">602.061333333333</dst>
            <dst id="DNVRng">0</dst>
            <dst id="HSTNng">63809.3413333333</dst>
            <dst id="IPLSng">87.9573333333334</dst>
            <dst id="KSCYng">76.2693333333333</dst>
            <dst id="LOSAng">26.6666666666667</dst>
            <dst id="NYCMng">470865.52</dst>
            <dst id="SNVAng">53.3333333333333</dst>
            <dst id="STTLng">0</dst>
            <dst id="WASHng">271251.12</dst>
        </src>
    </IntraTM>
</TrafficMatrixFile>
