<?xml version="1.0" encoding="ISO-8859-1" standalone="yes"?>
<TrafficMatrixFile xsi:noNamespaceSchemaLocation="http://totem.run.montefiore.ulg.ac.be/Schema/TrafficMatrix-v1_2.xsd" xmlns:xsi="http://www.w3.org/2001/XMLSchema-instance">
    <IntraTM ASID="11537">
        <src id="ATLA-M5">
            <dst id="ATLA-M5">26.6666666666667</dst>
            <dst id="ATLAng">261.717333333333</dst>
            <dst id="CHINng">1706.46933333333</dst>
            <dst id="DNVRng">0</dst>
            <dst id="HSTNng">266.605333333333</dst>
            <dst id="IPLSng">245.490666666667</dst>
            <dst id="KSCYng">0</dst>
            <dst id="LOSAng">0</dst>
            <dst id="NYCMng">1336.68</dst>
            <dst id="SNVAng">0</dst>
            <dst id="STTLng">0</dst>
            <dst id="WASHng">1312.456</dst>
        </src>
        <src id="ATLAng">
            <dst id="ATLA-M5">0</dst>
            <dst id="ATLAng">24061.4826666667</dst>
            <dst id="CHINng">39136.2293333333</dst>
            <dst id="DNVRng">0</dst>
            <dst id="HSTNng">3303.54133333333</dst>
            <dst id="IPLSng">42601.8746666667</dst>
            <dst id="KSCYng">53.3333333333333</dst>
            <dst id="LOSAng">0</dst>
            <dst id="NYCMng">47417.1786666667</dst>
            <dst id="SNVAng">26.6666666666667</dst>
            <dst id="STTLng">0</dst>
            <dst id="WASHng">55391.3946666666</dst>
        </src>
        <src id="CHINng">
            <dst id="ATLA-M5">0</dst>
            <dst id="ATLAng">38286.8746666667</dst>
            <dst id="CHINng">35071.1573333333</dst>
            <dst id="DNVRng">0</dst>
            <dst id="HSTNng">16166.6693333333</dst>
            <dst id="IPLSng">64915.1626666667</dst>
            <dst id="KSCYng">80</dst>
            <dst id="LOSAng">57.4933333333333</dst>
            <dst id="NYCMng">227362.072</dst>
            <dst id="SNVAng">0</dst>
            <dst id="STTLng">65.8853333333333</dst>
            <dst id="WASHng">33693.5173333333</dst>
        </src>
        <src id="DNVRng">
            <dst id="ATLA-M5">0</dst>
            <dst id="ATLAng">8913.672</dst>
            <dst id="CHINng">33404.8453333333</dst>
            <dst id="DNVRng">10962.4773333333</dst>
            <dst id="HSTNng">39503.9253333333</dst>
            <dst id="IPLSng">30646.5546666667</dst>
            <dst id="KSCYng">17656.2533333333</dst>
            <dst id="LOSAng">0</dst>
            <dst id="NYCMng">34262.984</dst>
            <dst id="SNVAng">8514.616</dst>
            <dst id="STTLng">53.3333333333333</dst>
            <dst id="WASHng">36988.704</dst>
        </src>
        <src id="HSTNng">
            <dst id="ATLA-M5">0</dst>
            <dst id="ATLAng">28857.9146666667</dst>
            <dst id="CHINng">1252.66666666667</dst>
            <dst id="DNVRng">0</dst>
            <dst id="HSTNng">135803.594666667</dst>
            <dst id="IPLSng">120.224</dst>
            <dst id="KSCYng">0</dst>
            <dst id="LOSAng">0</dst>
            <dst id="NYCMng">4759.77333333333</dst>
            <dst id="SNVAng">26.6666666666667</dst>
            <dst id="STTLng">0</dst>
            <dst id="WASHng">110365.570666667</dst>
        </src>
        <src id="IPLSng">
            <dst id="ATLA-M5">0</dst>
            <dst id="ATLAng">18314.8293333333</dst>
            <dst id="CHINng">163772.416</dst>
            <dst id="DNVRng">0</dst>
            <dst id="HSTNng">10916.0266666667</dst>
            <dst id="IPLSng">25244.168</dst>
            <dst id="KSCYng">43154.4373333333</dst>
            <dst id="LOSAng">176.949333333333</dst>
            <dst id="NYCMng">186590.448</dst>
            <dst id="SNVAng">53.3333333333333</dst>
            <dst id="STTLng">32.96</dst>
            <dst id="WASHng">35907.8453333333</dst>
        </src>
        <src id="KSCYng">
            <dst id="ATLA-M5">0</dst>
            <dst id="ATLAng">3869.42133333333</dst>
            <dst id="CHINng">17520.7946666667</dst>
            <dst id="DNVRng">6226.81866666667</dst>
            <dst id="HSTNng">16511.5013333333</dst>
            <dst id="IPLSng">13695.784</dst>
            <dst id="KSCYng">9194.09066666667</dst>
            <dst id="LOSAng">0</dst>
            <dst id="NYCMng">17754.44</dst>
            <dst id="SNVAng">53.3333333333333</dst>
            <dst id="STTLng">0</dst>
            <dst id="WASHng">17386.8906666667</dst>
        </src>
        <src id="LOSAng">
            <dst id="ATLA-M5">0</dst>
            <dst id="ATLAng">20228.0746666667</dst>
            <dst id="CHINng">2982.08266666667</dst>
            <dst id="DNVRng">26334.176</dst>
            <dst id="HSTNng">118456.794666667</dst>
            <dst id="IPLSng">1458.42666666667</dst>
            <dst id="KSCYng">80.9093333333333</dst>
            <dst id="LOSAng">21277.584</dst>
            <dst id="NYCMng">61891.568</dst>
            <dst id="SNVAng">9089.936</dst>
            <dst id="STTLng">23913.7973333333</dst>
            <dst id="WASHng">95716.9973333333</dst>
        </src>
        <src id="NYCMng">
            <dst id="ATLA-M5">0</dst>
            <dst id="ATLAng">44741.2346666667</dst>
            <dst id="CHINng">540.784</dst>
            <dst id="DNVRng">0</dst>
            <dst id="HSTNng">18589.2613333333</dst>
            <dst id="IPLSng">80</dst>
            <dst id="KSCYng">97.792</dst>
            <dst id="LOSAng">53.3333333333333</dst>
            <dst id="NYCMng">471129.786666667</dst>
            <dst id="SNVAng">0</dst>
            <dst id="STTLng">211.754666666667</dst>
            <dst id="WASHng">104928.469333333</dst>
        </src>
        <src id="SNVAng">
            <dst id="ATLA-M5">0</dst>
            <dst id="ATLAng">535.856</dst>
            <dst id="CHINng">26.6666666666667</dst>
            <dst id="DNVRng">4514.86133333333</dst>
            <dst id="HSTNng">6865.31733333333</dst>
            <dst id="IPLSng">26.6666666666667</dst>
            <dst id="KSCYng">508.962666666667</dst>
            <dst id="LOSAng">36169.7653333333</dst>
            <dst id="NYCMng">4656.41066666667</dst>
            <dst id="SNVAng">13109.0826666667</dst>
            <dst id="STTLng">54031.5493333333</dst>
            <dst id="WASHng">932.066666666667</dst>
        </src>
        <src id="STTLng">
            <dst id="ATLA-M5">0</dst>
            <dst id="ATLAng">8057.672</dst>
            <dst id="CHINng">907.344</dst>
            <dst id="DNVRng">7446.92266666667</dst>
            <dst id="HSTNng">21397.7946666667</dst>
            <dst id="IPLSng">286.717333333333</dst>
            <dst id="KSCYng">5167.46933333333</dst>
            <dst id="LOSAng">20725.5493333333</dst>
            <dst id="NYCMng">49665.8373333333</dst>
            <dst id="SNVAng">6660.824</dst>
            <dst id="STTLng">8676.36</dst>
            <dst id="WASHng">33983.5226666667</dst>
        </src>
        <src id="WASHng">
            <dst id="ATLA-M5">0</dst>
            <dst id="ATLAng">121544.314666667</dst>
            <dst id="CHINng">7322.616</dst>
            <dst id="DNVRng">0</dst>
            <dst id="HSTNng">71940.1466666667</dst>
            <dst id="IPLSng">126.250666666667</dst>
            <dst id="KSCYng">53.3333333333333</dst>
            <dst id="LOSAng">130.061333333333</dst>
            <dst id="NYCMng">565844.826666667</dst>
            <dst id="SNVAng">100.005333333333</dst>
            <dst id="STTLng">1008.43466666667</dst>
            <dst id="WASHng">324628.613333333</dst>
        </src>
    </IntraTM>
</TrafficMatrixFile>
