<?xml version="1.0" encoding="ISO-8859-1" standalone="yes"?>
<TrafficMatrixFile xsi:noNamespaceSchemaLocation="http://totem.run.montefiore.ulg.ac.be/Schema/TrafficMatrix-v1_2.xsd" xmlns:xsi="http://www.w3.org/2001/XMLSchema-instance">
    <IntraTM ASID="11537">
        <src id="ATLA-M5">
            <dst id="ATLA-M5">53.3333333333333</dst>
            <dst id="ATLAng">996.186666666667</dst>
            <dst id="CHINng">998.832</dst>
            <dst id="DNVRng">0</dst>
            <dst id="HSTNng">835.410666666667</dst>
            <dst id="IPLSng">479.994666666667</dst>
            <dst id="KSCYng">152.738666666667</dst>
            <dst id="LOSAng">0</dst>
            <dst id="NYCMng">1490.66133333333</dst>
            <dst id="SNVAng">31.2266666666667</dst>
            <dst id="STTLng">26.6666666666667</dst>
            <dst id="WASHng">2329.77333333333</dst>
        </src>
        <src id="ATLAng">
            <dst id="ATLA-M5">0</dst>
            <dst id="ATLAng">42615.624</dst>
            <dst id="CHINng">31674.512</dst>
            <dst id="DNVRng">80</dst>
            <dst id="HSTNng">39466.0346666667</dst>
            <dst id="IPLSng">30079.8026666667</dst>
            <dst id="KSCYng">4094.472</dst>
            <dst id="LOSAng">0</dst>
            <dst id="NYCMng">20071.1653333333</dst>
            <dst id="SNVAng">2574.52533333333</dst>
            <dst id="STTLng">1264.02133333333</dst>
            <dst id="WASHng">95488.1146666667</dst>
        </src>
        <src id="CHINng">
            <dst id="ATLA-M5">0</dst>
            <dst id="ATLAng">25455.024</dst>
            <dst id="CHINng">207893.941333333</dst>
            <dst id="DNVRng">28177.784</dst>
            <dst id="HSTNng">76727.2053333333</dst>
            <dst id="IPLSng">54867.416</dst>
            <dst id="KSCYng">21244.24</dst>
            <dst id="LOSAng">361.056</dst>
            <dst id="NYCMng">29961.5546666667</dst>
            <dst id="SNVAng">281.432</dst>
            <dst id="STTLng">869.64</dst>
            <dst id="WASHng">44029.512</dst>
        </src>
        <src id="DNVRng">
            <dst id="ATLA-M5">0</dst>
            <dst id="ATLAng">9359.02933333333</dst>
            <dst id="CHINng">118649.032</dst>
            <dst id="DNVRng">9304.99733333333</dst>
            <dst id="HSTNng">37196.5653333333</dst>
            <dst id="IPLSng">34544.76</dst>
            <dst id="KSCYng">13710.2</dst>
            <dst id="LOSAng">26.6666666666667</dst>
            <dst id="NYCMng">15514.9813333333</dst>
            <dst id="SNVAng">11216.992</dst>
            <dst id="STTLng">80</dst>
            <dst id="WASHng">47185.2693333333</dst>
        </src>
        <src id="HSTNng">
            <dst id="ATLA-M5">0</dst>
            <dst id="ATLAng">34839.6426666667</dst>
            <dst id="CHINng">3976.336</dst>
            <dst id="DNVRng">26.6666666666667</dst>
            <dst id="HSTNng">156690.538666667</dst>
            <dst id="IPLSng">195.218666666667</dst>
            <dst id="KSCYng">271.72</dst>
            <dst id="LOSAng">0</dst>
            <dst id="NYCMng">8467.34933333334</dst>
            <dst id="SNVAng">26.6666666666667</dst>
            <dst id="STTLng">53.3333333333333</dst>
            <dst id="WASHng">119764.512</dst>
        </src>
        <src id="IPLSng">
            <dst id="ATLA-M5">0</dst>
            <dst id="ATLAng">21082.664</dst>
            <dst id="CHINng">167642.141333333</dst>
            <dst id="DNVRng">10905.64</dst>
            <dst id="HSTNng">68383.936</dst>
            <dst id="IPLSng">45630.3013333333</dst>
            <dst id="KSCYng">23591.9866666667</dst>
            <dst id="LOSAng">26.6666666666667</dst>
            <dst id="NYCMng">38950.6213333333</dst>
            <dst id="SNVAng">137.008</dst>
            <dst id="STTLng">275.04</dst>
            <dst id="WASHng">53147.8506666667</dst>
        </src>
        <src id="KSCYng">
            <dst id="ATLA-M5">0</dst>
            <dst id="ATLAng">8562.76533333333</dst>
            <dst id="CHINng">37784.1573333333</dst>
            <dst id="DNVRng">10128.0853333333</dst>
            <dst id="HSTNng">15691.6586666667</dst>
            <dst id="IPLSng">11025.7946666667</dst>
            <dst id="KSCYng">11117.5253333333</dst>
            <dst id="LOSAng">0</dst>
            <dst id="NYCMng">11496.1946666667</dst>
            <dst id="SNVAng">151.536</dst>
            <dst id="STTLng">158.821333333333</dst>
            <dst id="WASHng">14462.3653333333</dst>
        </src>
        <src id="LOSAng">
            <dst id="ATLA-M5">0</dst>
            <dst id="ATLAng">27172.3733333333</dst>
            <dst id="CHINng">9913.952</dst>
            <dst id="DNVRng">16622</dst>
            <dst id="HSTNng">201712.210666667</dst>
            <dst id="IPLSng">1761.616</dst>
            <dst id="KSCYng">784.106666666667</dst>
            <dst id="LOSAng">17273.6213333333</dst>
            <dst id="NYCMng">55678.12</dst>
            <dst id="SNVAng">15498.8053333333</dst>
            <dst id="STTLng">21694.6666666667</dst>
            <dst id="WASHng">109140.208</dst>
        </src>
        <src id="NYCMng">
            <dst id="ATLA-M5">0</dst>
            <dst id="ATLAng">48594.768</dst>
            <dst id="CHINng">100291.986666667</dst>
            <dst id="DNVRng">28107.048</dst>
            <dst id="HSTNng">100577.378666667</dst>
            <dst id="IPLSng">70452.1946666667</dst>
            <dst id="KSCYng">20438.9653333333</dst>
            <dst id="LOSAng">53.3333333333333</dst>
            <dst id="NYCMng">245796.824</dst>
            <dst id="SNVAng">80</dst>
            <dst id="STTLng">2611.26933333333</dst>
            <dst id="WASHng">141475.584</dst>
        </src>
        <src id="SNVAng">
            <dst id="ATLA-M5">0</dst>
            <dst id="ATLAng">1239.18666666667</dst>
            <dst id="CHINng">406.346666666667</dst>
            <dst id="DNVRng">4661.02933333333</dst>
            <dst id="HSTNng">11554.256</dst>
            <dst id="IPLSng">0</dst>
            <dst id="KSCYng">1381.26133333333</dst>
            <dst id="LOSAng">35673.8213333333</dst>
            <dst id="NYCMng">5373.36</dst>
            <dst id="SNVAng">16366.4293333333</dst>
            <dst id="STTLng">53245.1653333333</dst>
            <dst id="WASHng">1603.21066666667</dst>
        </src>
        <src id="STTLng">
            <dst id="ATLA-M5">0</dst>
            <dst id="ATLAng">13711.7866666667</dst>
            <dst id="CHINng">36516.0266666667</dst>
            <dst id="DNVRng">6187.69866666667</dst>
            <dst id="HSTNng">57998.824</dst>
            <dst id="IPLSng">979.096</dst>
            <dst id="KSCYng">8906.97866666667</dst>
            <dst id="LOSAng">17508.1626666667</dst>
            <dst id="NYCMng">14558.456</dst>
            <dst id="SNVAng">6507.272</dst>
            <dst id="STTLng">3096.608</dst>
            <dst id="WASHng">38444.5093333333</dst>
        </src>
        <src id="WASHng">
            <dst id="ATLA-M5">0</dst>
            <dst id="ATLAng">157602.109333333</dst>
            <dst id="CHINng">96673.08</dst>
            <dst id="DNVRng">2369.192</dst>
            <dst id="HSTNng">278345.04</dst>
            <dst id="IPLSng">88284.7733333333</dst>
            <dst id="KSCYng">26789.6826666667</dst>
            <dst id="LOSAng">127.626666666667</dst>
            <dst id="NYCMng">206441.624</dst>
            <dst id="SNVAng">752.776</dst>
            <dst id="STTLng">3465.57066666667</dst>
            <dst id="WASHng">451539.28</dst>
        </src>
    </IntraTM>
</TrafficMatrixFile>
