<?xml version="1.0" encoding="ISO-8859-1" standalone="yes"?>
<TrafficMatrixFile xsi:noNamespaceSchemaLocation="http://totem.run.montefiore.ulg.ac.be/Schema/TrafficMatrix-v1_2.xsd" xmlns:xsi="http://www.w3.org/2001/XMLSchema-instance">
    <IntraTM ASID="11537">
        <src id="ATLA-M5">
            <dst id="ATLA-M5">0</dst>
            <dst id="ATLAng">153.592</dst>
            <dst id="CHINng">575.861333333333</dst>
            <dst id="DNVRng">0</dst>
            <dst id="HSTNng">912.957333333333</dst>
            <dst id="IPLSng">1913.81066666667</dst>
            <dst id="KSCYng">264.424</dst>
            <dst id="LOSAng">0</dst>
            <dst id="NYCMng">731.061333333333</dst>
            <dst id="SNVAng">26.6666666666667</dst>
            <dst id="STTLng">0</dst>
            <dst id="WASHng">2141.512</dst>
        </src>
        <src id="ATLAng">
            <dst id="ATLA-M5">0</dst>
            <dst id="ATLAng">44255.9066666667</dst>
            <dst id="CHINng">44687.7466666667</dst>
            <dst id="DNVRng">26.6666666666667</dst>
            <dst id="HSTNng">54854.9946666667</dst>
            <dst id="IPLSng">43209.2666666667</dst>
            <dst id="KSCYng">4057.10666666667</dst>
            <dst id="LOSAng">0</dst>
            <dst id="NYCMng">17811.848</dst>
            <dst id="SNVAng">53.3333333333333</dst>
            <dst id="STTLng">1527.984</dst>
            <dst id="WASHng">46421.216</dst>
        </src>
        <src id="CHINng">
            <dst id="ATLA-M5">0</dst>
            <dst id="ATLAng">43249.2026666667</dst>
            <dst id="CHINng">87194.264</dst>
            <dst id="DNVRng">15280.2506666667</dst>
            <dst id="HSTNng">109237.376</dst>
            <dst id="IPLSng">67568.1466666667</dst>
            <dst id="KSCYng">15903.2986666667</dst>
            <dst id="LOSAng">81.2266666666667</dst>
            <dst id="NYCMng">42861.0586666666</dst>
            <dst id="SNVAng">53.3333333333333</dst>
            <dst id="STTLng">702.864</dst>
            <dst id="WASHng">30493.288</dst>
        </src>
        <src id="DNVRng">
            <dst id="ATLA-M5">0</dst>
            <dst id="ATLAng">6836.64</dst>
            <dst id="CHINng">59641.9493333333</dst>
            <dst id="DNVRng">4153.632</dst>
            <dst id="HSTNng">66427.4666666667</dst>
            <dst id="IPLSng">34986.144</dst>
            <dst id="KSCYng">11025.8133333333</dst>
            <dst id="LOSAng">0</dst>
            <dst id="NYCMng">16170.9146666667</dst>
            <dst id="SNVAng">18195.208</dst>
            <dst id="STTLng">126.221333333333</dst>
            <dst id="WASHng">50559.0266666667</dst>
        </src>
        <src id="HSTNng">
            <dst id="ATLA-M5">0</dst>
            <dst id="ATLAng">47228.2933333333</dst>
            <dst id="CHINng">3226.37066666667</dst>
            <dst id="DNVRng">0</dst>
            <dst id="HSTNng">180775.458666667</dst>
            <dst id="IPLSng">26.6666666666667</dst>
            <dst id="KSCYng">222.72</dst>
            <dst id="LOSAng">106.666666666667</dst>
            <dst id="NYCMng">7249.89866666667</dst>
            <dst id="SNVAng">53.3333333333333</dst>
            <dst id="STTLng">412.485333333333</dst>
            <dst id="WASHng">127370.922666667</dst>
        </src>
        <src id="IPLSng">
            <dst id="ATLA-M5">0</dst>
            <dst id="ATLAng">20521.928</dst>
            <dst id="CHINng">172478.32</dst>
            <dst id="DNVRng">17361.8773333333</dst>
            <dst id="HSTNng">131258.576</dst>
            <dst id="IPLSng">18845.3573333333</dst>
            <dst id="KSCYng">23093.1626666667</dst>
            <dst id="LOSAng">914.4</dst>
            <dst id="NYCMng">120662.093333333</dst>
            <dst id="SNVAng">62.2133333333333</dst>
            <dst id="STTLng">349.117333333333</dst>
            <dst id="WASHng">40908.8613333333</dst>
        </src>
        <src id="KSCYng">
            <dst id="ATLA-M5">0</dst>
            <dst id="ATLAng">6595.464</dst>
            <dst id="CHINng">33842.5413333333</dst>
            <dst id="DNVRng">21458.9066666667</dst>
            <dst id="HSTNng">22643.5413333333</dst>
            <dst id="IPLSng">13928.216</dst>
            <dst id="KSCYng">6234.73333333333</dst>
            <dst id="LOSAng">0</dst>
            <dst id="NYCMng">9965.05866666667</dst>
            <dst id="SNVAng">26.6666666666667</dst>
            <dst id="STTLng">193.352</dst>
            <dst id="WASHng">14922.736</dst>
        </src>
        <src id="LOSAng">
            <dst id="ATLA-M5">0</dst>
            <dst id="ATLAng">39296.7093333333</dst>
            <dst id="CHINng">13112.4266666667</dst>
            <dst id="DNVRng">28384.6933333333</dst>
            <dst id="HSTNng">172172.008</dst>
            <dst id="IPLSng">552.176</dst>
            <dst id="KSCYng">192.112</dst>
            <dst id="LOSAng">13642.856</dst>
            <dst id="NYCMng">37329.4266666667</dst>
            <dst id="SNVAng">14987.1946666667</dst>
            <dst id="STTLng">22580.76</dst>
            <dst id="WASHng">106770.013333333</dst>
        </src>
        <src id="NYCMng">
            <dst id="ATLA-M5">0</dst>
            <dst id="ATLAng">37969.0826666667</dst>
            <dst id="CHINng">97891.5413333333</dst>
            <dst id="DNVRng">49090.5626666667</dst>
            <dst id="HSTNng">154082.517333333</dst>
            <dst id="IPLSng">91105.5466666667</dst>
            <dst id="KSCYng">25286.3813333333</dst>
            <dst id="LOSAng">80</dst>
            <dst id="NYCMng">240775.704</dst>
            <dst id="SNVAng">300.301333333333</dst>
            <dst id="STTLng">1842.63466666667</dst>
            <dst id="WASHng">167092.917333333</dst>
        </src>
        <src id="SNVAng">
            <dst id="ATLA-M5">0</dst>
            <dst id="ATLAng">1351.824</dst>
            <dst id="CHINng">121.973333333333</dst>
            <dst id="DNVRng">21609.7013333333</dst>
            <dst id="HSTNng">9655.35733333334</dst>
            <dst id="IPLSng">26.6666666666667</dst>
            <dst id="KSCYng">1261.70666666667</dst>
            <dst id="LOSAng">50325.272</dst>
            <dst id="NYCMng">5000.69333333333</dst>
            <dst id="SNVAng">22116.8213333333</dst>
            <dst id="STTLng">58771.2853333333</dst>
            <dst id="WASHng">2538.16533333333</dst>
        </src>
        <src id="STTLng">
            <dst id="ATLA-M5">0</dst>
            <dst id="ATLAng">12461.8986666667</dst>
            <dst id="CHINng">22421.6906666667</dst>
            <dst id="DNVRng">8367.61066666666</dst>
            <dst id="HSTNng">42371.512</dst>
            <dst id="IPLSng">206.04</dst>
            <dst id="KSCYng">8018.51466666667</dst>
            <dst id="LOSAng">30481.632</dst>
            <dst id="NYCMng">14154.728</dst>
            <dst id="SNVAng">7950.09066666667</dst>
            <dst id="STTLng">1654.544</dst>
            <dst id="WASHng">32454.8506666667</dst>
        </src>
        <src id="WASHng">
            <dst id="ATLA-M5">0</dst>
            <dst id="ATLAng">116690.370666667</dst>
            <dst id="CHINng">109197.424</dst>
            <dst id="DNVRng">5017.62133333333</dst>
            <dst id="HSTNng">343421.386666667</dst>
            <dst id="IPLSng">60809.2346666667</dst>
            <dst id="KSCYng">16261.9546666667</dst>
            <dst id="LOSAng">0</dst>
            <dst id="NYCMng">178944.584</dst>
            <dst id="SNVAng">3736.65866666667</dst>
            <dst id="STTLng">4393.888</dst>
            <dst id="WASHng">284395.413333333</dst>
        </src>
    </IntraTM>
</TrafficMatrixFile>
