<?xml version="1.0" encoding="ISO-8859-1" standalone="yes"?>
<TrafficMatrixFile xsi:noNamespaceSchemaLocation="http://totem.run.montefiore.ulg.ac.be/Schema/TrafficMatrix-v1_2.xsd" xmlns:xsi="http://www.w3.org/2001/XMLSchema-instance">
    <IntraTM ASID="11537">
        <src id="ATLA-M5">
            <dst id="ATLA-M5">0</dst>
            <dst id="ATLAng">80.4266666666667</dst>
            <dst id="CHINng">159.384</dst>
            <dst id="DNVRng">0</dst>
            <dst id="HSTNng">750.602666666667</dst>
            <dst id="IPLSng">374.093333333333</dst>
            <dst id="KSCYng">0</dst>
            <dst id="LOSAng">0</dst>
            <dst id="NYCMng">272.730666666667</dst>
            <dst id="SNVAng">0</dst>
            <dst id="STTLng">0</dst>
            <dst id="WASHng">2281.45333333333</dst>
        </src>
        <src id="ATLAng">
            <dst id="ATLA-M5">0</dst>
            <dst id="ATLAng">25804.7653333333</dst>
            <dst id="CHINng">19982.5306666667</dst>
            <dst id="DNVRng">0</dst>
            <dst id="HSTNng">33311.5173333333</dst>
            <dst id="IPLSng">28554.8826666667</dst>
            <dst id="KSCYng">2237.13333333333</dst>
            <dst id="LOSAng">26.6666666666667</dst>
            <dst id="NYCMng">21705.2026666667</dst>
            <dst id="SNVAng">117.101333333333</dst>
            <dst id="STTLng">1074.66666666667</dst>
            <dst id="WASHng">75733.5546666666</dst>
        </src>
        <src id="CHINng">
            <dst id="ATLA-M5">0</dst>
            <dst id="ATLAng">24291.848</dst>
            <dst id="CHINng">143999.128</dst>
            <dst id="DNVRng">12154.4666666667</dst>
            <dst id="HSTNng">80601.872</dst>
            <dst id="IPLSng">55816.8213333333</dst>
            <dst id="KSCYng">10225.6426666667</dst>
            <dst id="LOSAng">370.773333333333</dst>
            <dst id="NYCMng">24458.264</dst>
            <dst id="SNVAng">26.6666666666667</dst>
            <dst id="STTLng">631.024</dst>
            <dst id="WASHng">30905.6933333333</dst>
        </src>
        <src id="DNVRng">
            <dst id="ATLA-M5">0</dst>
            <dst id="ATLAng">5886.13333333333</dst>
            <dst id="CHINng">65434.9386666667</dst>
            <dst id="DNVRng">3374.88266666667</dst>
            <dst id="HSTNng">23740.976</dst>
            <dst id="IPLSng">25983.8266666667</dst>
            <dst id="KSCYng">7728.376</dst>
            <dst id="LOSAng">0</dst>
            <dst id="NYCMng">18978.0773333333</dst>
            <dst id="SNVAng">7825.95733333333</dst>
            <dst id="STTLng">0</dst>
            <dst id="WASHng">37284.5253333333</dst>
        </src>
        <src id="HSTNng">
            <dst id="ATLA-M5">0</dst>
            <dst id="ATLAng">32200.72</dst>
            <dst id="CHINng">2750.08266666667</dst>
            <dst id="DNVRng">26.6666666666667</dst>
            <dst id="HSTNng">108020.354666667</dst>
            <dst id="IPLSng">0</dst>
            <dst id="KSCYng">0</dst>
            <dst id="LOSAng">0</dst>
            <dst id="NYCMng">5915.152</dst>
            <dst id="SNVAng">26.6666666666667</dst>
            <dst id="STTLng">113.92</dst>
            <dst id="WASHng">97956.2933333333</dst>
        </src>
        <src id="IPLSng">
            <dst id="ATLA-M5">0</dst>
            <dst id="ATLAng">13861.0053333333</dst>
            <dst id="CHINng">150881.282666667</dst>
            <dst id="DNVRng">8671.54133333333</dst>
            <dst id="HSTNng">99779.552</dst>
            <dst id="IPLSng">26284.808</dst>
            <dst id="KSCYng">21431.4586666667</dst>
            <dst id="LOSAng">0</dst>
            <dst id="NYCMng">30366.152</dst>
            <dst id="SNVAng">136.277333333333</dst>
            <dst id="STTLng">60.7466666666667</dst>
            <dst id="WASHng">35523.12</dst>
        </src>
        <src id="KSCYng">
            <dst id="ATLA-M5">0</dst>
            <dst id="ATLAng">4717.304</dst>
            <dst id="CHINng">32899.696</dst>
            <dst id="DNVRng">9604.14666666667</dst>
            <dst id="HSTNng">15141.8293333333</dst>
            <dst id="IPLSng">11298.9573333333</dst>
            <dst id="KSCYng">7399.57333333333</dst>
            <dst id="LOSAng">0</dst>
            <dst id="NYCMng">8215.99733333333</dst>
            <dst id="SNVAng">26.6666666666667</dst>
            <dst id="STTLng">0</dst>
            <dst id="WASHng">12688.216</dst>
        </src>
        <src id="LOSAng">
            <dst id="ATLA-M5">0</dst>
            <dst id="ATLAng">23867.312</dst>
            <dst id="CHINng">11222.272</dst>
            <dst id="DNVRng">9486.28</dst>
            <dst id="HSTNng">158645.106666667</dst>
            <dst id="IPLSng">1665.62133333333</dst>
            <dst id="KSCYng">26.6666666666667</dst>
            <dst id="LOSAng">21617.0506666667</dst>
            <dst id="NYCMng">58148.9706666667</dst>
            <dst id="SNVAng">19110.6186666667</dst>
            <dst id="STTLng">20529.0213333333</dst>
            <dst id="WASHng">93115.64</dst>
        </src>
        <src id="NYCMng">
            <dst id="ATLA-M5">0</dst>
            <dst id="ATLAng">32426.8053333333</dst>
            <dst id="CHINng">70270.0213333334</dst>
            <dst id="DNVRng">37233.064</dst>
            <dst id="HSTNng">95264.976</dst>
            <dst id="IPLSng">57481.2293333333</dst>
            <dst id="KSCYng">16786.7493333333</dst>
            <dst id="LOSAng">189.709333333333</dst>
            <dst id="NYCMng">223450.813333333</dst>
            <dst id="SNVAng">67.68</dst>
            <dst id="STTLng">3658.72266666667</dst>
            <dst id="WASHng">79239.944</dst>
        </src>
        <src id="SNVAng">
            <dst id="ATLA-M5">0</dst>
            <dst id="ATLAng">186.906666666667</dst>
            <dst id="CHINng">430.386666666667</dst>
            <dst id="DNVRng">6729.36533333333</dst>
            <dst id="HSTNng">4507.22933333333</dst>
            <dst id="IPLSng">0</dst>
            <dst id="KSCYng">192.309333333333</dst>
            <dst id="LOSAng">34971.0266666667</dst>
            <dst id="NYCMng">4369.63466666667</dst>
            <dst id="SNVAng">16421.9013333333</dst>
            <dst id="STTLng">46845.7733333333</dst>
            <dst id="WASHng">2359.088</dst>
        </src>
        <src id="STTLng">
            <dst id="ATLA-M5">0</dst>
            <dst id="ATLAng">8810.264</dst>
            <dst id="CHINng">27773.9733333333</dst>
            <dst id="DNVRng">4152.76</dst>
            <dst id="HSTNng">45797.792</dst>
            <dst id="IPLSng">356.421333333333</dst>
            <dst id="KSCYng">2167.448</dst>
            <dst id="LOSAng">20006.4346666667</dst>
            <dst id="NYCMng">13147.4773333333</dst>
            <dst id="SNVAng">5840.34666666667</dst>
            <dst id="STTLng">1216.512</dst>
            <dst id="WASHng">29227.6373333333</dst>
        </src>
        <src id="WASHng">
            <dst id="ATLA-M5">0</dst>
            <dst id="ATLAng">133696.314666667</dst>
            <dst id="CHINng">83596.1493333333</dst>
            <dst id="DNVRng">17434.8666666667</dst>
            <dst id="HSTNng">285413.653333333</dst>
            <dst id="IPLSng">58474.384</dst>
            <dst id="KSCYng">7337.168</dst>
            <dst id="LOSAng">175.637333333333</dst>
            <dst id="NYCMng">143042.253333333</dst>
            <dst id="SNVAng">398.226666666667</dst>
            <dst id="STTLng">6800.41333333333</dst>
            <dst id="WASHng">439423.893333333</dst>
        </src>
    </IntraTM>
</TrafficMatrixFile>
