<?xml version="1.0" encoding="ISO-8859-1" standalone="yes"?>
<TrafficMatrixFile xsi:noNamespaceSchemaLocation="http://totem.run.montefiore.ulg.ac.be/Schema/TrafficMatrix-v1_2.xsd" xmlns:xsi="http://www.w3.org/2001/XMLSchema-instance">
    <IntraTM ASID="11537">
        <src id="ATLA-M5">
            <dst id="ATLA-M5">53.3333333333333</dst>
            <dst id="ATLAng">155.776</dst>
            <dst id="CHINng">1040.41866666667</dst>
            <dst id="DNVRng">0</dst>
            <dst id="HSTNng">2193.976</dst>
            <dst id="IPLSng">1233.53333333333</dst>
            <dst id="KSCYng">262.093333333333</dst>
            <dst id="LOSAng">0</dst>
            <dst id="NYCMng">1236.08</dst>
            <dst id="SNVAng">0</dst>
            <dst id="STTLng">26.6666666666667</dst>
            <dst id="WASHng">1773.744</dst>
        </src>
        <src id="ATLAng">
            <dst id="ATLA-M5">0</dst>
            <dst id="ATLAng">35852.6986666667</dst>
            <dst id="CHINng">27272.5466666667</dst>
            <dst id="DNVRng">26.6666666666667</dst>
            <dst id="HSTNng">99574.6426666667</dst>
            <dst id="IPLSng">44321.48</dst>
            <dst id="KSCYng">9094.57866666667</dst>
            <dst id="LOSAng">0</dst>
            <dst id="NYCMng">17172.3946666667</dst>
            <dst id="SNVAng">80</dst>
            <dst id="STTLng">407.682666666667</dst>
            <dst id="WASHng">85685.7626666667</dst>
        </src>
        <src id="CHINng">
            <dst id="ATLA-M5">0</dst>
            <dst id="ATLAng">35986.2933333333</dst>
            <dst id="CHINng">113756.776</dst>
            <dst id="DNVRng">27094.9333333333</dst>
            <dst id="HSTNng">122825.466666667</dst>
            <dst id="IPLSng">84901.5466666666</dst>
            <dst id="KSCYng">18837.864</dst>
            <dst id="LOSAng">106.666666666667</dst>
            <dst id="NYCMng">42679.8426666667</dst>
            <dst id="SNVAng">26.6666666666667</dst>
            <dst id="STTLng">3586.472</dst>
            <dst id="WASHng">56297.248</dst>
        </src>
        <src id="DNVRng">
            <dst id="ATLA-M5">0</dst>
            <dst id="ATLAng">17317.0986666667</dst>
            <dst id="CHINng">74203.3813333333</dst>
            <dst id="DNVRng">4696.97333333333</dst>
            <dst id="HSTNng">46373.4746666667</dst>
            <dst id="IPLSng">31784.1813333333</dst>
            <dst id="KSCYng">10823.056</dst>
            <dst id="LOSAng">0</dst>
            <dst id="NYCMng">16752.464</dst>
            <dst id="SNVAng">29103.3813333333</dst>
            <dst id="STTLng">363.552</dst>
            <dst id="WASHng">50904.992</dst>
        </src>
        <src id="HSTNng">
            <dst id="ATLA-M5">0</dst>
            <dst id="ATLAng">39835.1493333333</dst>
            <dst id="CHINng">1685.15733333333</dst>
            <dst id="DNVRng">107.904</dst>
            <dst id="HSTNng">164865.402666667</dst>
            <dst id="IPLSng">0</dst>
            <dst id="KSCYng">80</dst>
            <dst id="LOSAng">0</dst>
            <dst id="NYCMng">10069.1013333333</dst>
            <dst id="SNVAng">58.248</dst>
            <dst id="STTLng">91.4293333333333</dst>
            <dst id="WASHng">144432.493333333</dst>
        </src>
        <src id="IPLSng">
            <dst id="ATLA-M5">0</dst>
            <dst id="ATLAng">33877.856</dst>
            <dst id="CHINng">166749.056</dst>
            <dst id="DNVRng">19895.624</dst>
            <dst id="HSTNng">127781.498666667</dst>
            <dst id="IPLSng">32451.8133333333</dst>
            <dst id="KSCYng">34338.8373333333</dst>
            <dst id="LOSAng">1274.66666666667</dst>
            <dst id="NYCMng">90181.6</dst>
            <dst id="SNVAng">442.464</dst>
            <dst id="STTLng">1826.472</dst>
            <dst id="WASHng">47113.096</dst>
        </src>
        <src id="KSCYng">
            <dst id="ATLA-M5">0</dst>
            <dst id="ATLAng">9943.608</dst>
            <dst id="CHINng">37959.6266666667</dst>
            <dst id="DNVRng">9487.88</dst>
            <dst id="HSTNng">20415.6186666667</dst>
            <dst id="IPLSng">16914.7733333333</dst>
            <dst id="KSCYng">7920.096</dst>
            <dst id="LOSAng">0</dst>
            <dst id="NYCMng">12329.192</dst>
            <dst id="SNVAng">128.397333333333</dst>
            <dst id="STTLng">144.8</dst>
            <dst id="WASHng">15717.1786666667</dst>
        </src>
        <src id="LOSAng">
            <dst id="ATLA-M5">0</dst>
            <dst id="ATLAng">29344.7173333333</dst>
            <dst id="CHINng">10403.7786666667</dst>
            <dst id="DNVRng">25664.424</dst>
            <dst id="HSTNng">168175.661333333</dst>
            <dst id="IPLSng">842.034666666667</dst>
            <dst id="KSCYng">727.341333333333</dst>
            <dst id="LOSAng">7793.33866666667</dst>
            <dst id="NYCMng">56541.1093333333</dst>
            <dst id="SNVAng">16284.0426666667</dst>
            <dst id="STTLng">27576.752</dst>
            <dst id="WASHng">126263.101333333</dst>
        </src>
        <src id="NYCMng">
            <dst id="ATLA-M5">0</dst>
            <dst id="ATLAng">47216.6933333333</dst>
            <dst id="CHINng">85510.7786666667</dst>
            <dst id="DNVRng">35980.592</dst>
            <dst id="HSTNng">148979.485333333</dst>
            <dst id="IPLSng">101200.133333333</dst>
            <dst id="KSCYng">23049.032</dst>
            <dst id="LOSAng">174.909333333333</dst>
            <dst id="NYCMng">260949.096</dst>
            <dst id="SNVAng">203.52</dst>
            <dst id="STTLng">3202.58666666667</dst>
            <dst id="WASHng">152872.32</dst>
        </src>
        <src id="SNVAng">
            <dst id="ATLA-M5">0</dst>
            <dst id="ATLAng">1910.352</dst>
            <dst id="CHINng">1546.784</dst>
            <dst id="DNVRng">16793.4826666667</dst>
            <dst id="HSTNng">16242.4986666667</dst>
            <dst id="IPLSng">0</dst>
            <dst id="KSCYng">1436.31733333333</dst>
            <dst id="LOSAng">38661.4186666667</dst>
            <dst id="NYCMng">8589.784</dst>
            <dst id="SNVAng">17548.7573333333</dst>
            <dst id="STTLng">55629.9733333333</dst>
            <dst id="WASHng">2084.96266666667</dst>
        </src>
        <src id="STTLng">
            <dst id="ATLA-M5">0</dst>
            <dst id="ATLAng">13305.4373333333</dst>
            <dst id="CHINng">23508.7413333333</dst>
            <dst id="DNVRng">14647.96</dst>
            <dst id="HSTNng">50223.6</dst>
            <dst id="IPLSng">293.717333333333</dst>
            <dst id="KSCYng">4529.42933333333</dst>
            <dst id="LOSAng">41599.6533333333</dst>
            <dst id="NYCMng">16972.8453333333</dst>
            <dst id="SNVAng">11583.736</dst>
            <dst id="STTLng">3698.33333333333</dst>
            <dst id="WASHng">33009.8426666667</dst>
        </src>
        <src id="WASHng">
            <dst id="ATLA-M5">0</dst>
            <dst id="ATLAng">86157.0506666667</dst>
            <dst id="CHINng">77297.1146666667</dst>
            <dst id="DNVRng">3442.14666666667</dst>
            <dst id="HSTNng">352229.146666667</dst>
            <dst id="IPLSng">91035.7706666667</dst>
            <dst id="KSCYng">18703.5146666667</dst>
            <dst id="LOSAng">80</dst>
            <dst id="NYCMng">191607.210666667</dst>
            <dst id="SNVAng">385.381333333333</dst>
            <dst id="STTLng">4515.488</dst>
            <dst id="WASHng">265947.045333333</dst>
        </src>
    </IntraTM>
</TrafficMatrixFile>
