<?xml version="1.0" encoding="ISO-8859-1" standalone="yes"?>
<TrafficMatrixFile xsi:noNamespaceSchemaLocation="http://totem.run.montefiore.ulg.ac.be/Schema/TrafficMatrix-v1_2.xsd" xmlns:xsi="http://www.w3.org/2001/XMLSchema-instance">
    <IntraTM ASID="11537">
        <src id="ATLA-M5">
            <dst id="ATLA-M5">0</dst>
            <dst id="ATLAng">495.181333333333</dst>
            <dst id="CHINng">836.290666666667</dst>
            <dst id="DNVRng">0</dst>
            <dst id="HSTNng">129.653333333333</dst>
            <dst id="IPLSng">1082.82933333333</dst>
            <dst id="KSCYng">0</dst>
            <dst id="LOSAng">0</dst>
            <dst id="NYCMng">2465</dst>
            <dst id="SNVAng">0</dst>
            <dst id="STTLng">0</dst>
            <dst id="WASHng">1061.59466666667</dst>
        </src>
        <src id="ATLAng">
            <dst id="ATLA-M5">0</dst>
            <dst id="ATLAng">26243.4773333333</dst>
            <dst id="CHINng">51364.6106666667</dst>
            <dst id="DNVRng">0</dst>
            <dst id="HSTNng">11987.4453333333</dst>
            <dst id="IPLSng">28232.488</dst>
            <dst id="KSCYng">54.152</dst>
            <dst id="LOSAng">0</dst>
            <dst id="NYCMng">69224.3733333333</dst>
            <dst id="SNVAng">0</dst>
            <dst id="STTLng">0</dst>
            <dst id="WASHng">44407.768</dst>
        </src>
        <src id="CHINng">
            <dst id="ATLA-M5">0</dst>
            <dst id="ATLAng">41653.0826666666</dst>
            <dst id="CHINng">36101.3546666667</dst>
            <dst id="DNVRng">0</dst>
            <dst id="HSTNng">27368.9893333333</dst>
            <dst id="IPLSng">73402.5813333333</dst>
            <dst id="KSCYng">26.6666666666667</dst>
            <dst id="LOSAng">237.634666666667</dst>
            <dst id="NYCMng">228720.162666667</dst>
            <dst id="SNVAng">26.6666666666667</dst>
            <dst id="STTLng">80</dst>
            <dst id="WASHng">47406.768</dst>
        </src>
        <src id="DNVRng">
            <dst id="ATLA-M5">0</dst>
            <dst id="ATLAng">7548.87733333333</dst>
            <dst id="CHINng">41416.4106666667</dst>
            <dst id="DNVRng">15462.84</dst>
            <dst id="HSTNng">52897.384</dst>
            <dst id="IPLSng">31707.7973333333</dst>
            <dst id="KSCYng">18184.2746666667</dst>
            <dst id="LOSAng">50.04</dst>
            <dst id="NYCMng">34819.424</dst>
            <dst id="SNVAng">14118.648</dst>
            <dst id="STTLng">208.376</dst>
            <dst id="WASHng">41702.4933333333</dst>
        </src>
        <src id="HSTNng">
            <dst id="ATLA-M5">0</dst>
            <dst id="ATLAng">39287.8186666667</dst>
            <dst id="CHINng">2240.15733333333</dst>
            <dst id="DNVRng">55.4666666666667</dst>
            <dst id="HSTNng">157435.010666667</dst>
            <dst id="IPLSng">53.3333333333333</dst>
            <dst id="KSCYng">0</dst>
            <dst id="LOSAng">26.6666666666667</dst>
            <dst id="NYCMng">7539.26133333333</dst>
            <dst id="SNVAng">0</dst>
            <dst id="STTLng">0</dst>
            <dst id="WASHng">127890.797333333</dst>
        </src>
        <src id="IPLSng">
            <dst id="ATLA-M5">0</dst>
            <dst id="ATLAng">13536.9226666667</dst>
            <dst id="CHINng">135065.093333333</dst>
            <dst id="DNVRng">0</dst>
            <dst id="HSTNng">10163.3333333333</dst>
            <dst id="IPLSng">20831.4213333333</dst>
            <dst id="KSCYng">23677.8053333333</dst>
            <dst id="LOSAng">0</dst>
            <dst id="NYCMng">205447.834666667</dst>
            <dst id="SNVAng">106.666666666667</dst>
            <dst id="STTLng">53.3333333333333</dst>
            <dst id="WASHng">33957.9093333333</dst>
        </src>
        <src id="KSCYng">
            <dst id="ATLA-M5">0</dst>
            <dst id="ATLAng">5820.392</dst>
            <dst id="CHINng">20531.6586666667</dst>
            <dst id="DNVRng">20265.9546666667</dst>
            <dst id="HSTNng">15207.7893333333</dst>
            <dst id="IPLSng">26086.7946666667</dst>
            <dst id="KSCYng">14272.2613333333</dst>
            <dst id="LOSAng">0</dst>
            <dst id="NYCMng">17821.1866666667</dst>
            <dst id="SNVAng">0</dst>
            <dst id="STTLng">0</dst>
            <dst id="WASHng">11048.7626666667</dst>
        </src>
        <src id="LOSAng">
            <dst id="ATLA-M5">0</dst>
            <dst id="ATLAng">33897.472</dst>
            <dst id="CHINng">9752.93866666667</dst>
            <dst id="DNVRng">37887.5546666667</dst>
            <dst id="HSTNng">115909.056</dst>
            <dst id="IPLSng">808.984</dst>
            <dst id="KSCYng">186.458666666667</dst>
            <dst id="LOSAng">21373.0533333333</dst>
            <dst id="NYCMng">82157.8266666667</dst>
            <dst id="SNVAng">14483.2853333333</dst>
            <dst id="STTLng">23819.288</dst>
            <dst id="WASHng">102859.08</dst>
        </src>
        <src id="NYCMng">
            <dst id="ATLA-M5">0</dst>
            <dst id="ATLAng">40554.704</dst>
            <dst id="CHINng">436.674666666667</dst>
            <dst id="DNVRng">0</dst>
            <dst id="HSTNng">18237.8426666667</dst>
            <dst id="IPLSng">192.928</dst>
            <dst id="KSCYng">133.333333333333</dst>
            <dst id="LOSAng">102.666666666667</dst>
            <dst id="NYCMng">919440.773333333</dst>
            <dst id="SNVAng">26.6666666666667</dst>
            <dst id="STTLng">106.666666666667</dst>
            <dst id="WASHng">300395.546666667</dst>
        </src>
        <src id="SNVAng">
            <dst id="ATLA-M5">0</dst>
            <dst id="ATLAng">1015.84</dst>
            <dst id="CHINng">26.6666666666667</dst>
            <dst id="DNVRng">17354.8266666667</dst>
            <dst id="HSTNng">4930.01866666667</dst>
            <dst id="IPLSng">0</dst>
            <dst id="KSCYng">399.826666666667</dst>
            <dst id="LOSAng">35628.2106666667</dst>
            <dst id="NYCMng">5598.432</dst>
            <dst id="SNVAng">15036.5786666667</dst>
            <dst id="STTLng">56393.3093333334</dst>
            <dst id="WASHng">1018.112</dst>
        </src>
        <src id="STTLng">
            <dst id="ATLA-M5">0</dst>
            <dst id="ATLAng">8594.952</dst>
            <dst id="CHINng">3506.896</dst>
            <dst id="DNVRng">8903.936</dst>
            <dst id="HSTNng">27856.8</dst>
            <dst id="IPLSng">41.5173333333333</dst>
            <dst id="KSCYng">3826.072</dst>
            <dst id="LOSAng">34385.4186666667</dst>
            <dst id="NYCMng">49478.5573333333</dst>
            <dst id="SNVAng">11068.1013333333</dst>
            <dst id="STTLng">6030.984</dst>
            <dst id="WASHng">35173.256</dst>
        </src>
        <src id="WASHng">
            <dst id="ATLA-M5">0</dst>
            <dst id="ATLAng">105191.925333333</dst>
            <dst id="CHINng">1162.85066666667</dst>
            <dst id="DNVRng">0</dst>
            <dst id="HSTNng">90527.8613333333</dst>
            <dst id="IPLSng">83.0506666666667</dst>
            <dst id="KSCYng">68.416</dst>
            <dst id="LOSAng">104.981333333333</dst>
            <dst id="NYCMng">601930.426666667</dst>
            <dst id="SNVAng">80</dst>
            <dst id="STTLng">26.6666666666667</dst>
            <dst id="WASHng">292368.64</dst>
        </src>
    </IntraTM>
</TrafficMatrixFile>
