<?xml version="1.0" encoding="ISO-8859-1" standalone="yes"?>
<TrafficMatrixFile xsi:noNamespaceSchemaLocation="http://totem.run.montefiore.ulg.ac.be/Schema/TrafficMatrix-v1_2.xsd" xmlns:xsi="http://www.w3.org/2001/XMLSchema-instance">
    <IntraTM ASID="11537">
        <src id="ATLA-M5">
            <dst id="ATLA-M5">0</dst>
            <dst id="ATLAng">1187.24266666667</dst>
            <dst id="CHINng">761.613333333333</dst>
            <dst id="DNVRng">0</dst>
            <dst id="HSTNng">1350.61866666667</dst>
            <dst id="IPLSng">139.426666666667</dst>
            <dst id="KSCYng">81.3573333333333</dst>
            <dst id="LOSAng">0</dst>
            <dst id="NYCMng">1654.52533333333</dst>
            <dst id="SNVAng">0</dst>
            <dst id="STTLng">0</dst>
            <dst id="WASHng">1489.376</dst>
        </src>
        <src id="ATLAng">
            <dst id="ATLA-M5">0</dst>
            <dst id="ATLAng">23630.2346666667</dst>
            <dst id="CHINng">24940.5173333333</dst>
            <dst id="DNVRng">0</dst>
            <dst id="HSTNng">80263.0826666667</dst>
            <dst id="IPLSng">38844.032</dst>
            <dst id="KSCYng">7130.44533333333</dst>
            <dst id="LOSAng">0</dst>
            <dst id="NYCMng">22201.0506666667</dst>
            <dst id="SNVAng">175.074666666667</dst>
            <dst id="STTLng">317.152</dst>
            <dst id="WASHng">78497.6666666667</dst>
        </src>
        <src id="CHINng">
            <dst id="ATLA-M5">0</dst>
            <dst id="ATLAng">35965.376</dst>
            <dst id="CHINng">107840.082666667</dst>
            <dst id="DNVRng">30480.6586666667</dst>
            <dst id="HSTNng">122668.088</dst>
            <dst id="IPLSng">76528.1333333333</dst>
            <dst id="KSCYng">20209.8693333333</dst>
            <dst id="LOSAng">205.898666666667</dst>
            <dst id="NYCMng">48746.5013333333</dst>
            <dst id="SNVAng">53.3333333333333</dst>
            <dst id="STTLng">1309.21066666667</dst>
            <dst id="WASHng">41182.8586666667</dst>
        </src>
        <src id="DNVRng">
            <dst id="ATLA-M5">0</dst>
            <dst id="ATLAng">10428.4826666667</dst>
            <dst id="CHINng">56930.3733333333</dst>
            <dst id="DNVRng">13560.7973333333</dst>
            <dst id="HSTNng">53353.0346666667</dst>
            <dst id="IPLSng">31228.3093333333</dst>
            <dst id="KSCYng">20391.8906666667</dst>
            <dst id="LOSAng">0</dst>
            <dst id="NYCMng">23615.8106666667</dst>
            <dst id="SNVAng">16109.1306666667</dst>
            <dst id="STTLng">1457.2</dst>
            <dst id="WASHng">61532.784</dst>
        </src>
        <src id="HSTNng">
            <dst id="ATLA-M5">0</dst>
            <dst id="ATLAng">38348.144</dst>
            <dst id="CHINng">2315.264</dst>
            <dst id="DNVRng">53.3333333333333</dst>
            <dst id="HSTNng">340654.88</dst>
            <dst id="IPLSng">0</dst>
            <dst id="KSCYng">0</dst>
            <dst id="LOSAng">0</dst>
            <dst id="NYCMng">89119.4746666667</dst>
            <dst id="SNVAng">0</dst>
            <dst id="STTLng">242.893333333333</dst>
            <dst id="WASHng">121521.333333333</dst>
        </src>
        <src id="IPLSng">
            <dst id="ATLA-M5">0</dst>
            <dst id="ATLAng">27737.2906666667</dst>
            <dst id="CHINng">122015.490666667</dst>
            <dst id="DNVRng">10157.016</dst>
            <dst id="HSTNng">66036.6346666667</dst>
            <dst id="IPLSng">46160.472</dst>
            <dst id="KSCYng">22776.9093333333</dst>
            <dst id="LOSAng">26.6666666666667</dst>
            <dst id="NYCMng">73171.3893333333</dst>
            <dst id="SNVAng">135.504</dst>
            <dst id="STTLng">1120.41066666667</dst>
            <dst id="WASHng">34384.944</dst>
        </src>
        <src id="KSCYng">
            <dst id="ATLA-M5">0</dst>
            <dst id="ATLAng">7734.65066666667</dst>
            <dst id="CHINng">28600.4106666667</dst>
            <dst id="DNVRng">9576.408</dst>
            <dst id="HSTNng">19963.496</dst>
            <dst id="IPLSng">18344.7733333333</dst>
            <dst id="KSCYng">8283.97066666667</dst>
            <dst id="LOSAng">0</dst>
            <dst id="NYCMng">11715.064</dst>
            <dst id="SNVAng">26.6666666666667</dst>
            <dst id="STTLng">328.202666666667</dst>
            <dst id="WASHng">15203.2506666667</dst>
        </src>
        <src id="LOSAng">
            <dst id="ATLA-M5">0</dst>
            <dst id="ATLAng">30214.3413333333</dst>
            <dst id="CHINng">4434.392</dst>
            <dst id="DNVRng">28976.3306666667</dst>
            <dst id="HSTNng">255081.109333333</dst>
            <dst id="IPLSng">245.477333333333</dst>
            <dst id="KSCYng">164.216</dst>
            <dst id="LOSAng">16794.9386666667</dst>
            <dst id="NYCMng">81172.0693333333</dst>
            <dst id="SNVAng">18909.1306666667</dst>
            <dst id="STTLng">40655.2373333333</dst>
            <dst id="WASHng">102680.64</dst>
        </src>
        <src id="NYCMng">
            <dst id="ATLA-M5">0</dst>
            <dst id="ATLAng">49135.8053333333</dst>
            <dst id="CHINng">98283.016</dst>
            <dst id="DNVRng">34257.72</dst>
            <dst id="HSTNng">163202.776</dst>
            <dst id="IPLSng">77045.8613333333</dst>
            <dst id="KSCYng">26281.8</dst>
            <dst id="LOSAng">98.304</dst>
            <dst id="NYCMng">265261.293333333</dst>
            <dst id="SNVAng">80</dst>
            <dst id="STTLng">3604.33333333333</dst>
            <dst id="WASHng">159494.394666667</dst>
        </src>
        <src id="SNVAng">
            <dst id="ATLA-M5">0</dst>
            <dst id="ATLAng">3757.40266666667</dst>
            <dst id="CHINng">313.706666666667</dst>
            <dst id="DNVRng">13269.1786666667</dst>
            <dst id="HSTNng">6573.472</dst>
            <dst id="IPLSng">42.84</dst>
            <dst id="KSCYng">408.994666666667</dst>
            <dst id="LOSAng">38242.688</dst>
            <dst id="NYCMng">8657.93333333334</dst>
            <dst id="SNVAng">16929.9413333333</dst>
            <dst id="STTLng">53802.7093333333</dst>
            <dst id="WASHng">1319.184</dst>
        </src>
        <src id="STTLng">
            <dst id="ATLA-M5">0</dst>
            <dst id="ATLAng">11792.1546666667</dst>
            <dst id="CHINng">22628.7733333333</dst>
            <dst id="DNVRng">7511.37866666667</dst>
            <dst id="HSTNng">45923.152</dst>
            <dst id="IPLSng">365.496</dst>
            <dst id="KSCYng">3608.78666666667</dst>
            <dst id="LOSAng">27915.9866666667</dst>
            <dst id="NYCMng">16610.632</dst>
            <dst id="SNVAng">7913.256</dst>
            <dst id="STTLng">8067.528</dst>
            <dst id="WASHng">32819.0506666667</dst>
        </src>
        <src id="WASHng">
            <dst id="ATLA-M5">0</dst>
            <dst id="ATLAng">92211.7386666667</dst>
            <dst id="CHINng">113490.224</dst>
            <dst id="DNVRng">2899.888</dst>
            <dst id="HSTNng">342699.653333333</dst>
            <dst id="IPLSng">78651.496</dst>
            <dst id="KSCYng">25069.2613333333</dst>
            <dst id="LOSAng">206.88</dst>
            <dst id="NYCMng">234010.144</dst>
            <dst id="SNVAng">439.696</dst>
            <dst id="STTLng">4594.71466666667</dst>
            <dst id="WASHng">298238.586666667</dst>
        </src>
    </IntraTM>
</TrafficMatrixFile>
