<?xml version="1.0" encoding="ISO-8859-1" standalone="yes"?>
<TrafficMatrixFile xsi:noNamespaceSchemaLocation="http://totem.run.montefiore.ulg.ac.be/Schema/TrafficMatrix-v1_2.xsd" xmlns:xsi="http://www.w3.org/2001/XMLSchema-instance">
    <IntraTM ASID="11537">
        <src id="ATLA-M5">
            <dst id="ATLA-M5">1069.808</dst>
            <dst id="ATLAng">67.7973333333334</dst>
            <dst id="CHINng">1039.192</dst>
            <dst id="DNVRng">0</dst>
            <dst id="HSTNng">0</dst>
            <dst id="IPLSng">391.357333333333</dst>
            <dst id="KSCYng">0</dst>
            <dst id="LOSAng">0</dst>
            <dst id="NYCMng">905.226666666667</dst>
            <dst id="SNVAng">0</dst>
            <dst id="STTLng">0</dst>
            <dst id="WASHng">3622.75733333333</dst>
        </src>
        <src id="ATLAng">
            <dst id="ATLA-M5">0</dst>
            <dst id="ATLAng">27047.456</dst>
            <dst id="CHINng">23928.3146666667</dst>
            <dst id="DNVRng">0</dst>
            <dst id="HSTNng">4241.85333333333</dst>
            <dst id="IPLSng">27307.9706666667</dst>
            <dst id="KSCYng">26.6666666666667</dst>
            <dst id="LOSAng">0</dst>
            <dst id="NYCMng">40077.7733333333</dst>
            <dst id="SNVAng">0</dst>
            <dst id="STTLng">26.6666666666667</dst>
            <dst id="WASHng">43430.6293333333</dst>
        </src>
        <src id="CHINng">
            <dst id="ATLA-M5">0</dst>
            <dst id="ATLAng">32691.8586666667</dst>
            <dst id="CHINng">22069.7733333333</dst>
            <dst id="DNVRng">0</dst>
            <dst id="HSTNng">13689.904</dst>
            <dst id="IPLSng">53840.544</dst>
            <dst id="KSCYng">80</dst>
            <dst id="LOSAng">401.333333333333</dst>
            <dst id="NYCMng">170413.306666667</dst>
            <dst id="SNVAng">0</dst>
            <dst id="STTLng">1497.33333333333</dst>
            <dst id="WASHng">25104.424</dst>
        </src>
        <src id="DNVRng">
            <dst id="ATLA-M5">0</dst>
            <dst id="ATLAng">7094.23733333333</dst>
            <dst id="CHINng">28286.392</dst>
            <dst id="DNVRng">8334.09333333333</dst>
            <dst id="HSTNng">31701.5546666667</dst>
            <dst id="IPLSng">24259.008</dst>
            <dst id="KSCYng">15217.2346666667</dst>
            <dst id="LOSAng">0</dst>
            <dst id="NYCMng">36926.44</dst>
            <dst id="SNVAng">8256.304</dst>
            <dst id="STTLng">2303.88266666667</dst>
            <dst id="WASHng">41068.7546666667</dst>
        </src>
        <src id="HSTNng">
            <dst id="ATLA-M5">0</dst>
            <dst id="ATLAng">33827.9493333333</dst>
            <dst id="CHINng">315.725333333333</dst>
            <dst id="DNVRng">0</dst>
            <dst id="HSTNng">79045.9813333333</dst>
            <dst id="IPLSng">80</dst>
            <dst id="KSCYng">0</dst>
            <dst id="LOSAng">53.3333333333333</dst>
            <dst id="NYCMng">4761.992</dst>
            <dst id="SNVAng">26.6666666666667</dst>
            <dst id="STTLng">26.6666666666667</dst>
            <dst id="WASHng">68333.6746666667</dst>
        </src>
        <src id="IPLSng">
            <dst id="ATLA-M5">0</dst>
            <dst id="ATLAng">21656.576</dst>
            <dst id="CHINng">53987.168</dst>
            <dst id="DNVRng">0</dst>
            <dst id="HSTNng">12146.376</dst>
            <dst id="IPLSng">24241.3733333333</dst>
            <dst id="KSCYng">16608.352</dst>
            <dst id="LOSAng">106.570666666667</dst>
            <dst id="NYCMng">120858.157333333</dst>
            <dst id="SNVAng">53.3333333333333</dst>
            <dst id="STTLng">34.72</dst>
            <dst id="WASHng">27181.136</dst>
        </src>
        <src id="KSCYng">
            <dst id="ATLA-M5">0</dst>
            <dst id="ATLAng">7171.272</dst>
            <dst id="CHINng">15114.1013333333</dst>
            <dst id="DNVRng">5469.93333333333</dst>
            <dst id="HSTNng">16815.7093333333</dst>
            <dst id="IPLSng">7036.86933333333</dst>
            <dst id="KSCYng">9294.35466666667</dst>
            <dst id="LOSAng">0</dst>
            <dst id="NYCMng">21334.2533333333</dst>
            <dst id="SNVAng">26.6666666666667</dst>
            <dst id="STTLng">0</dst>
            <dst id="WASHng">7686.576</dst>
        </src>
        <src id="LOSAng">
            <dst id="ATLA-M5">0</dst>
            <dst id="ATLAng">32815.2373333333</dst>
            <dst id="CHINng">1916.79733333333</dst>
            <dst id="DNVRng">8197.176</dst>
            <dst id="HSTNng">84467.312</dst>
            <dst id="IPLSng">815.181333333333</dst>
            <dst id="KSCYng">194.557333333333</dst>
            <dst id="LOSAng">21688.5813333333</dst>
            <dst id="NYCMng">72548.288</dst>
            <dst id="SNVAng">10243.3493333333</dst>
            <dst id="STTLng">18836.0346666667</dst>
            <dst id="WASHng">56151.6666666667</dst>
        </src>
        <src id="NYCMng">
            <dst id="ATLA-M5">0</dst>
            <dst id="ATLAng">24252.0186666667</dst>
            <dst id="CHINng">899.48</dst>
            <dst id="DNVRng">0</dst>
            <dst id="HSTNng">14793.3573333333</dst>
            <dst id="IPLSng">109.288</dst>
            <dst id="KSCYng">275.629333333333</dst>
            <dst id="LOSAng">53.3333333333333</dst>
            <dst id="NYCMng">362288.72</dst>
            <dst id="SNVAng">249.821333333333</dst>
            <dst id="STTLng">720.106666666667</dst>
            <dst id="WASHng">87608.4666666667</dst>
        </src>
        <src id="SNVAng">
            <dst id="ATLA-M5">0</dst>
            <dst id="ATLAng">855.509333333333</dst>
            <dst id="CHINng">53.3333333333333</dst>
            <dst id="DNVRng">10693.104</dst>
            <dst id="HSTNng">2882.208</dst>
            <dst id="IPLSng">0</dst>
            <dst id="KSCYng">195.922666666667</dst>
            <dst id="LOSAng">33408.5706666667</dst>
            <dst id="NYCMng">4302.75733333333</dst>
            <dst id="SNVAng">15549.0053333333</dst>
            <dst id="STTLng">53778.9546666667</dst>
            <dst id="WASHng">159.002666666667</dst>
        </src>
        <src id="STTLng">
            <dst id="ATLA-M5">0</dst>
            <dst id="ATLAng">6104.91466666667</dst>
            <dst id="CHINng">1123.41066666667</dst>
            <dst id="DNVRng">3908.64</dst>
            <dst id="HSTNng">17047.6373333333</dst>
            <dst id="IPLSng">308.346666666667</dst>
            <dst id="KSCYng">1456.88266666667</dst>
            <dst id="LOSAng">16588.736</dst>
            <dst id="NYCMng">41977.5946666667</dst>
            <dst id="SNVAng">4628.62666666667</dst>
            <dst id="STTLng">3391.06933333333</dst>
            <dst id="WASHng">30078.5626666667</dst>
        </src>
        <src id="WASHng">
            <dst id="ATLA-M5">0</dst>
            <dst id="ATLAng">105356.656</dst>
            <dst id="CHINng">780.714666666667</dst>
            <dst id="DNVRng">0</dst>
            <dst id="HSTNng">81166.4586666667</dst>
            <dst id="IPLSng">341.810666666667</dst>
            <dst id="KSCYng">53.3333333333333</dst>
            <dst id="LOSAng">0</dst>
            <dst id="NYCMng">478213.36</dst>
            <dst id="SNVAng">26.6666666666667</dst>
            <dst id="STTLng">0</dst>
            <dst id="WASHng">320371.893333333</dst>
        </src>
    </IntraTM>
</TrafficMatrixFile>
