<?xml version="1.0" encoding="ISO-8859-1" standalone="yes"?>
<TrafficMatrixFile xsi:noNamespaceSchemaLocation="http://totem.run.montefiore.ulg.ac.be/Schema/TrafficMatrix-v1_2.xsd" xmlns:xsi="http://www.w3.org/2001/XMLSchema-instance">
    <IntraTM ASID="11537">
        <src id="ATLA-M5">
            <dst id="ATLA-M5">0</dst>
            <dst id="ATLAng">80.1866666666667</dst>
            <dst id="CHINng">459.829333333333</dst>
            <dst id="DNVRng">0</dst>
            <dst id="HSTNng">1697.744</dst>
            <dst id="IPLSng">131.608</dst>
            <dst id="KSCYng">79.6426666666667</dst>
            <dst id="LOSAng">0</dst>
            <dst id="NYCMng">442.018666666667</dst>
            <dst id="SNVAng">0</dst>
            <dst id="STTLng">0</dst>
            <dst id="WASHng">2078.76266666667</dst>
        </src>
        <src id="ATLAng">
            <dst id="ATLA-M5">0</dst>
            <dst id="ATLAng">24739.384</dst>
            <dst id="CHINng">16822.672</dst>
            <dst id="DNVRng">26.6666666666667</dst>
            <dst id="HSTNng">33386.9946666667</dst>
            <dst id="IPLSng">27146.104</dst>
            <dst id="KSCYng">6824.97066666667</dst>
            <dst id="LOSAng">0</dst>
            <dst id="NYCMng">21600.5413333333</dst>
            <dst id="SNVAng">26.6666666666667</dst>
            <dst id="STTLng">53.3333333333333</dst>
            <dst id="WASHng">81611.752</dst>
        </src>
        <src id="CHINng">
            <dst id="ATLA-M5">0</dst>
            <dst id="ATLAng">24299.8346666667</dst>
            <dst id="CHINng">166772.44</dst>
            <dst id="DNVRng">27033.7253333333</dst>
            <dst id="HSTNng">123217.901333333</dst>
            <dst id="IPLSng">44588.392</dst>
            <dst id="KSCYng">18058.24</dst>
            <dst id="LOSAng">376.96</dst>
            <dst id="NYCMng">25958.4133333333</dst>
            <dst id="SNVAng">26.6666666666667</dst>
            <dst id="STTLng">2919.12533333333</dst>
            <dst id="WASHng">31955.0613333333</dst>
        </src>
        <src id="DNVRng">
            <dst id="ATLA-M5">0</dst>
            <dst id="ATLAng">7519.56266666667</dst>
            <dst id="CHINng">64941.264</dst>
            <dst id="DNVRng">5299.87466666667</dst>
            <dst id="HSTNng">36514.5706666667</dst>
            <dst id="IPLSng">27229.7253333333</dst>
            <dst id="KSCYng">7679.21333333333</dst>
            <dst id="LOSAng">0</dst>
            <dst id="NYCMng">24358.6053333333</dst>
            <dst id="SNVAng">8034.27733333333</dst>
            <dst id="STTLng">0</dst>
            <dst id="WASHng">32353.9653333333</dst>
        </src>
        <src id="HSTNng">
            <dst id="ATLA-M5">0</dst>
            <dst id="ATLAng">23277.9733333333</dst>
            <dst id="CHINng">2463.90133333333</dst>
            <dst id="DNVRng">53.3333333333333</dst>
            <dst id="HSTNng">122138.44</dst>
            <dst id="IPLSng">129.696</dst>
            <dst id="KSCYng">53.3333333333333</dst>
            <dst id="LOSAng">0</dst>
            <dst id="NYCMng">3956.264</dst>
            <dst id="SNVAng">0</dst>
            <dst id="STTLng">26.6666666666667</dst>
            <dst id="WASHng">87116.1466666667</dst>
        </src>
        <src id="IPLSng">
            <dst id="ATLA-M5">0</dst>
            <dst id="ATLAng">13370.1973333333</dst>
            <dst id="CHINng">151288.576</dst>
            <dst id="DNVRng">12160.456</dst>
            <dst id="HSTNng">52571.9253333333</dst>
            <dst id="IPLSng">17276.3866666667</dst>
            <dst id="KSCYng">30642.5093333333</dst>
            <dst id="LOSAng">0</dst>
            <dst id="NYCMng">29370.5893333333</dst>
            <dst id="SNVAng">93.8853333333333</dst>
            <dst id="STTLng">0</dst>
            <dst id="WASHng">22236.6746666667</dst>
        </src>
        <src id="KSCYng">
            <dst id="ATLA-M5">0</dst>
            <dst id="ATLAng">4832.46666666667</dst>
            <dst id="CHINng">40165.2373333333</dst>
            <dst id="DNVRng">6956.33333333333</dst>
            <dst id="HSTNng">15765.2373333333</dst>
            <dst id="IPLSng">13290.92</dst>
            <dst id="KSCYng">8004.78133333333</dst>
            <dst id="LOSAng">0</dst>
            <dst id="NYCMng">8689.09333333333</dst>
            <dst id="SNVAng">0</dst>
            <dst id="STTLng">80</dst>
            <dst id="WASHng">10498.1653333333</dst>
        </src>
        <src id="LOSAng">
            <dst id="ATLA-M5">0</dst>
            <dst id="ATLAng">16374.512</dst>
            <dst id="CHINng">12430.1813333333</dst>
            <dst id="DNVRng">6266.13866666667</dst>
            <dst id="HSTNng">170553.341333333</dst>
            <dst id="IPLSng">503.669333333333</dst>
            <dst id="KSCYng">139.645333333333</dst>
            <dst id="LOSAng">28798.6746666667</dst>
            <dst id="NYCMng">49911.8106666667</dst>
            <dst id="SNVAng">10957.9226666667</dst>
            <dst id="STTLng">26556.68</dst>
            <dst id="WASHng">80653.688</dst>
        </src>
        <src id="NYCMng">
            <dst id="ATLA-M5">0</dst>
            <dst id="ATLAng">21973.5786666667</dst>
            <dst id="CHINng">66867.8026666667</dst>
            <dst id="DNVRng">32284.68</dst>
            <dst id="HSTNng">111788.349333333</dst>
            <dst id="IPLSng">49994.3253333333</dst>
            <dst id="KSCYng">16716.992</dst>
            <dst id="LOSAng">204.72</dst>
            <dst id="NYCMng">217645.474666667</dst>
            <dst id="SNVAng">187.818666666667</dst>
            <dst id="STTLng">3682.70666666667</dst>
            <dst id="WASHng">74294.312</dst>
        </src>
        <src id="SNVAng">
            <dst id="ATLA-M5">0</dst>
            <dst id="ATLAng">244.346666666667</dst>
            <dst id="CHINng">453.432</dst>
            <dst id="DNVRng">588.842666666667</dst>
            <dst id="HSTNng">3737.72</dst>
            <dst id="IPLSng">0</dst>
            <dst id="KSCYng">328.016</dst>
            <dst id="LOSAng">34932.592</dst>
            <dst id="NYCMng">12941.5333333333</dst>
            <dst id="SNVAng">14363.2613333333</dst>
            <dst id="STTLng">52550.6106666667</dst>
            <dst id="WASHng">1475.29866666667</dst>
        </src>
        <src id="STTLng">
            <dst id="ATLA-M5">0</dst>
            <dst id="ATLAng">7731.56</dst>
            <dst id="CHINng">24039.6906666667</dst>
            <dst id="DNVRng">4133.98933333333</dst>
            <dst id="HSTNng">39487.4906666667</dst>
            <dst id="IPLSng">313.32</dst>
            <dst id="KSCYng">2333.07733333333</dst>
            <dst id="LOSAng">22221.1253333333</dst>
            <dst id="NYCMng">13505.9786666667</dst>
            <dst id="SNVAng">6005.448</dst>
            <dst id="STTLng">2381.32266666667</dst>
            <dst id="WASHng">32814.2106666667</dst>
        </src>
        <src id="WASHng">
            <dst id="ATLA-M5">0</dst>
            <dst id="ATLAng">120979.962666667</dst>
            <dst id="CHINng">76093.9413333333</dst>
            <dst id="DNVRng">3341.45066666667</dst>
            <dst id="HSTNng">293965.386666667</dst>
            <dst id="IPLSng">39666.528</dst>
            <dst id="KSCYng">20734.6346666667</dst>
            <dst id="LOSAng">26.6666666666667</dst>
            <dst id="NYCMng">156227.541333333</dst>
            <dst id="SNVAng">203.317333333333</dst>
            <dst id="STTLng">6191.57333333333</dst>
            <dst id="WASHng">444058.346666667</dst>
        </src>
    </IntraTM>
</TrafficMatrixFile>
