<?xml version="1.0" encoding="ISO-8859-1" standalone="yes"?>
<TrafficMatrixFile xsi:noNamespaceSchemaLocation="http://totem.run.montefiore.ulg.ac.be/Schema/TrafficMatrix-v1_2.xsd" xmlns:xsi="http://www.w3.org/2001/XMLSchema-instance">
    <IntraTM ASID="11537">
        <src id="ATLA-M5">
            <dst id="ATLA-M5">89.4346666666667</dst>
            <dst id="ATLAng">1477.02666666667</dst>
            <dst id="CHINng">794.682666666666</dst>
            <dst id="DNVRng">0</dst>
            <dst id="HSTNng">2101.33333333333</dst>
            <dst id="IPLSng">681.541333333333</dst>
            <dst id="KSCYng">1670.872</dst>
            <dst id="LOSAng">0</dst>
            <dst id="NYCMng">1571.088</dst>
            <dst id="SNVAng">63.0613333333333</dst>
            <dst id="STTLng">0</dst>
            <dst id="WASHng">2842.736</dst>
        </src>
        <src id="ATLAng">
            <dst id="ATLA-M5">0</dst>
            <dst id="ATLAng">30442.6666666667</dst>
            <dst id="CHINng">41427.4533333333</dst>
            <dst id="DNVRng">161.322666666667</dst>
            <dst id="HSTNng">70332.128</dst>
            <dst id="IPLSng">119179.261333333</dst>
            <dst id="KSCYng">10278.616</dst>
            <dst id="LOSAng">70.104</dst>
            <dst id="NYCMng">18475.4</dst>
            <dst id="SNVAng">650.837333333333</dst>
            <dst id="STTLng">189.002666666667</dst>
            <dst id="WASHng">87391.9946666667</dst>
        </src>
        <src id="CHINng">
            <dst id="ATLA-M5">0</dst>
            <dst id="ATLAng">34988.1413333333</dst>
            <dst id="CHINng">125112.626666667</dst>
            <dst id="DNVRng">20714.2746666667</dst>
            <dst id="HSTNng">126316.256</dst>
            <dst id="IPLSng">90008.0986666667</dst>
            <dst id="KSCYng">19412.5573333333</dst>
            <dst id="LOSAng">470.226666666667</dst>
            <dst id="NYCMng">57771.568</dst>
            <dst id="SNVAng">912.829333333333</dst>
            <dst id="STTLng">663.248</dst>
            <dst id="WASHng">57026.168</dst>
        </src>
        <src id="DNVRng">
            <dst id="ATLA-M5">0</dst>
            <dst id="ATLAng">30387.6373333333</dst>
            <dst id="CHINng">67993.312</dst>
            <dst id="DNVRng">18627.4693333333</dst>
            <dst id="HSTNng">65521.6906666666</dst>
            <dst id="IPLSng">45108.2506666667</dst>
            <dst id="KSCYng">17618.9946666667</dst>
            <dst id="LOSAng">80</dst>
            <dst id="NYCMng">24334.4906666667</dst>
            <dst id="SNVAng">21588.2613333333</dst>
            <dst id="STTLng">337.994666666667</dst>
            <dst id="WASHng">55899.344</dst>
        </src>
        <src id="HSTNng">
            <dst id="ATLA-M5">0</dst>
            <dst id="ATLAng">46935.448</dst>
            <dst id="CHINng">4385.048</dst>
            <dst id="DNVRng">89.1146666666667</dst>
            <dst id="HSTNng">181488.626666667</dst>
            <dst id="IPLSng">106.666666666667</dst>
            <dst id="KSCYng">26.6666666666667</dst>
            <dst id="LOSAng">0</dst>
            <dst id="NYCMng">9649.464</dst>
            <dst id="SNVAng">90.48</dst>
            <dst id="STTLng">44.16</dst>
            <dst id="WASHng">132858.557333333</dst>
        </src>
        <src id="IPLSng">
            <dst id="ATLA-M5">0</dst>
            <dst id="ATLAng">95172.5253333333</dst>
            <dst id="CHINng">155968.578666667</dst>
            <dst id="DNVRng">26407.2986666667</dst>
            <dst id="HSTNng">120217.154666667</dst>
            <dst id="IPLSng">45621.832</dst>
            <dst id="KSCYng">32582.192</dst>
            <dst id="LOSAng">239.2</dst>
            <dst id="NYCMng">53180.8746666667</dst>
            <dst id="SNVAng">5261.89866666667</dst>
            <dst id="STTLng">364.36</dst>
            <dst id="WASHng">58213.4933333333</dst>
        </src>
        <src id="KSCYng">
            <dst id="ATLA-M5">0</dst>
            <dst id="ATLAng">4811.856</dst>
            <dst id="CHINng">44515.1546666667</dst>
            <dst id="DNVRng">25864.776</dst>
            <dst id="HSTNng">20176.9813333333</dst>
            <dst id="IPLSng">34569.2746666667</dst>
            <dst id="KSCYng">9120.26133333333</dst>
            <dst id="LOSAng">0</dst>
            <dst id="NYCMng">11377.3386666667</dst>
            <dst id="SNVAng">186.322666666667</dst>
            <dst id="STTLng">278.954666666667</dst>
            <dst id="WASHng">12297.3653333333</dst>
        </src>
        <src id="LOSAng">
            <dst id="ATLA-M5">0</dst>
            <dst id="ATLAng">31482.192</dst>
            <dst id="CHINng">6719.34933333333</dst>
            <dst id="DNVRng">32350.4373333333</dst>
            <dst id="HSTNng">199414.322666667</dst>
            <dst id="IPLSng">2381.62666666667</dst>
            <dst id="KSCYng">1504.84533333333</dst>
            <dst id="LOSAng">16811.2986666667</dst>
            <dst id="NYCMng">77894.8453333333</dst>
            <dst id="SNVAng">15643.2933333333</dst>
            <dst id="STTLng">24284.3573333333</dst>
            <dst id="WASHng">114604.357333333</dst>
        </src>
        <src id="NYCMng">
            <dst id="ATLA-M5">0</dst>
            <dst id="ATLAng">80501.6986666666</dst>
            <dst id="CHINng">122878.629333333</dst>
            <dst id="DNVRng">45207.6533333333</dst>
            <dst id="HSTNng">172204.288</dst>
            <dst id="IPLSng">85252.0026666667</dst>
            <dst id="KSCYng">30241.3626666667</dst>
            <dst id="LOSAng">53.3333333333333</dst>
            <dst id="NYCMng">254510.192</dst>
            <dst id="SNVAng">337.650666666667</dst>
            <dst id="STTLng">2198.09066666667</dst>
            <dst id="WASHng">239435.973333333</dst>
        </src>
        <src id="SNVAng">
            <dst id="ATLA-M5">0</dst>
            <dst id="ATLAng">2600.49066666667</dst>
            <dst id="CHINng">480.293333333333</dst>
            <dst id="DNVRng">9800.60533333333</dst>
            <dst id="HSTNng">10199.416</dst>
            <dst id="IPLSng">26.6666666666667</dst>
            <dst id="KSCYng">1648.53066666667</dst>
            <dst id="LOSAng">36082.0026666667</dst>
            <dst id="NYCMng">8314.39466666667</dst>
            <dst id="SNVAng">16744.992</dst>
            <dst id="STTLng">55426.2213333333</dst>
            <dst id="WASHng">1470.208</dst>
        </src>
        <src id="STTLng">
            <dst id="ATLA-M5">0</dst>
            <dst id="ATLAng">17273.8293333333</dst>
            <dst id="CHINng">25195.8506666667</dst>
            <dst id="DNVRng">10218.7653333333</dst>
            <dst id="HSTNng">63712.5333333333</dst>
            <dst id="IPLSng">768.074666666667</dst>
            <dst id="KSCYng">9038.136</dst>
            <dst id="LOSAng">29648.6933333333</dst>
            <dst id="NYCMng">19034.992</dst>
            <dst id="SNVAng">12816.36</dst>
            <dst id="STTLng">4429.288</dst>
            <dst id="WASHng">39587.544</dst>
        </src>
        <src id="WASHng">
            <dst id="ATLA-M5">0</dst>
            <dst id="ATLAng">129975.410666667</dst>
            <dst id="CHINng">112193.818666667</dst>
            <dst id="DNVRng">9261.17333333333</dst>
            <dst id="HSTNng">348342.88</dst>
            <dst id="IPLSng">80705.9706666667</dst>
            <dst id="KSCYng">31928.7653333333</dst>
            <dst id="LOSAng">345.890666666667</dst>
            <dst id="NYCMng">245534.298666667</dst>
            <dst id="SNVAng">1027.792</dst>
            <dst id="STTLng">4789.136</dst>
            <dst id="WASHng">326168.72</dst>
        </src>
    </IntraTM>
</TrafficMatrixFile>
