<?xml version="1.0" encoding="ISO-8859-1" standalone="yes"?>
<TrafficMatrixFile xsi:noNamespaceSchemaLocation="http://totem.run.montefiore.ulg.ac.be/Schema/TrafficMatrix-v1_2.xsd" xmlns:xsi="http://www.w3.org/2001/XMLSchema-instance">
    <IntraTM ASID="11537">
        <src id="ATLA-M5">
            <dst id="ATLA-M5">26.6666666666667</dst>
            <dst id="ATLAng">204.522666666667</dst>
            <dst id="CHINng">610.074666666667</dst>
            <dst id="DNVRng">0</dst>
            <dst id="HSTNng">309.354666666667</dst>
            <dst id="IPLSng">176.989333333333</dst>
            <dst id="KSCYng">0</dst>
            <dst id="LOSAng">0</dst>
            <dst id="NYCMng">1690.752</dst>
            <dst id="SNVAng">0</dst>
            <dst id="STTLng">0</dst>
            <dst id="WASHng">817.026666666667</dst>
        </src>
        <src id="ATLAng">
            <dst id="ATLA-M5">0</dst>
            <dst id="ATLAng">27313.032</dst>
            <dst id="CHINng">19957.512</dst>
            <dst id="DNVRng">0</dst>
            <dst id="HSTNng">1859.984</dst>
            <dst id="IPLSng">26338.296</dst>
            <dst id="KSCYng">0</dst>
            <dst id="LOSAng">0</dst>
            <dst id="NYCMng">39853.6453333333</dst>
            <dst id="SNVAng">0</dst>
            <dst id="STTLng">26.6666666666667</dst>
            <dst id="WASHng">40236.2986666667</dst>
        </src>
        <src id="CHINng">
            <dst id="ATLA-M5">0</dst>
            <dst id="ATLAng">20957.128</dst>
            <dst id="CHINng">23391.8693333333</dst>
            <dst id="DNVRng">0</dst>
            <dst id="HSTNng">11376.0053333333</dst>
            <dst id="IPLSng">34896.8026666667</dst>
            <dst id="KSCYng">53.3333333333333</dst>
            <dst id="LOSAng">26.6666666666667</dst>
            <dst id="NYCMng">192388.557333333</dst>
            <dst id="SNVAng">26.6666666666667</dst>
            <dst id="STTLng">1171.73066666667</dst>
            <dst id="WASHng">32159.0026666667</dst>
        </src>
        <src id="DNVRng">
            <dst id="ATLA-M5">0</dst>
            <dst id="ATLAng">6164.17333333333</dst>
            <dst id="CHINng">27574.4533333333</dst>
            <dst id="DNVRng">2753.752</dst>
            <dst id="HSTNng">21088.7653333333</dst>
            <dst id="IPLSng">24322.1893333333</dst>
            <dst id="KSCYng">9125.79466666667</dst>
            <dst id="LOSAng">0</dst>
            <dst id="NYCMng">34233.4346666667</dst>
            <dst id="SNVAng">8555.112</dst>
            <dst id="STTLng">2171.45333333333</dst>
            <dst id="WASHng">42985.0106666667</dst>
        </src>
        <src id="HSTNng">
            <dst id="ATLA-M5">0</dst>
            <dst id="ATLAng">15922.2586666667</dst>
            <dst id="CHINng">705.805333333334</dst>
            <dst id="DNVRng">0</dst>
            <dst id="HSTNng">81980.4666666667</dst>
            <dst id="IPLSng">0</dst>
            <dst id="KSCYng">0</dst>
            <dst id="LOSAng">0</dst>
            <dst id="NYCMng">1848.94933333333</dst>
            <dst id="SNVAng">26.6666666666667</dst>
            <dst id="STTLng">0</dst>
            <dst id="WASHng">123069.021333333</dst>
        </src>
        <src id="IPLSng">
            <dst id="ATLA-M5">0</dst>
            <dst id="ATLAng">14039.3066666667</dst>
            <dst id="CHINng">63495.6266666667</dst>
            <dst id="DNVRng">0</dst>
            <dst id="HSTNng">10069.5386666667</dst>
            <dst id="IPLSng">22059.7386666667</dst>
            <dst id="KSCYng">17671.0693333333</dst>
            <dst id="LOSAng">26.6666666666667</dst>
            <dst id="NYCMng">125043.690666667</dst>
            <dst id="SNVAng">26.6666666666667</dst>
            <dst id="STTLng">0</dst>
            <dst id="WASHng">17293.4826666667</dst>
        </src>
        <src id="KSCYng">
            <dst id="ATLA-M5">0</dst>
            <dst id="ATLAng">4749.02933333333</dst>
            <dst id="CHINng">16397.5653333333</dst>
            <dst id="DNVRng">6410.49066666667</dst>
            <dst id="HSTNng">17206.8746666667</dst>
            <dst id="IPLSng">9452.20266666667</dst>
            <dst id="KSCYng">6596.928</dst>
            <dst id="LOSAng">0</dst>
            <dst id="NYCMng">25175.4453333333</dst>
            <dst id="SNVAng">26.6666666666667</dst>
            <dst id="STTLng">0</dst>
            <dst id="WASHng">8389.98133333333</dst>
        </src>
        <src id="LOSAng">
            <dst id="ATLA-M5">0</dst>
            <dst id="ATLAng">14767.4346666667</dst>
            <dst id="CHINng">1930.96</dst>
            <dst id="DNVRng">7188.55466666667</dst>
            <dst id="HSTNng">74730.6506666667</dst>
            <dst id="IPLSng">1306.87733333333</dst>
            <dst id="KSCYng">80</dst>
            <dst id="LOSAng">24704.5866666667</dst>
            <dst id="NYCMng">61596.5493333333</dst>
            <dst id="SNVAng">9742.89866666667</dst>
            <dst id="STTLng">22178.2426666667</dst>
            <dst id="WASHng">112371.296</dst>
        </src>
        <src id="NYCMng">
            <dst id="ATLA-M5">0</dst>
            <dst id="ATLAng">23891.4746666667</dst>
            <dst id="CHINng">524.138666666667</dst>
            <dst id="DNVRng">0</dst>
            <dst id="HSTNng">14237.2933333333</dst>
            <dst id="IPLSng">106.666666666667</dst>
            <dst id="KSCYng">53.3333333333333</dst>
            <dst id="LOSAng">150.229333333333</dst>
            <dst id="NYCMng">355663.04</dst>
            <dst id="SNVAng">171.765333333333</dst>
            <dst id="STTLng">609.653333333333</dst>
            <dst id="WASHng">78649.6613333333</dst>
        </src>
        <src id="SNVAng">
            <dst id="ATLA-M5">0</dst>
            <dst id="ATLAng">701.832</dst>
            <dst id="CHINng">26.6666666666667</dst>
            <dst id="DNVRng">10180.3013333333</dst>
            <dst id="HSTNng">4301.52</dst>
            <dst id="IPLSng">269.730666666667</dst>
            <dst id="KSCYng">466.632</dst>
            <dst id="LOSAng">33308.1466666667</dst>
            <dst id="NYCMng">12594.1093333333</dst>
            <dst id="SNVAng">15396.9946666667</dst>
            <dst id="STTLng">58802.2293333333</dst>
            <dst id="WASHng">1406.536</dst>
        </src>
        <src id="STTLng">
            <dst id="ATLA-M5">0</dst>
            <dst id="ATLAng">5784.44533333333</dst>
            <dst id="CHINng">593.373333333333</dst>
            <dst id="DNVRng">4939.96</dst>
            <dst id="HSTNng">12745.3973333333</dst>
            <dst id="IPLSng">146.981333333333</dst>
            <dst id="KSCYng">1637.016</dst>
            <dst id="LOSAng">18295.7546666667</dst>
            <dst id="NYCMng">46729.7413333333</dst>
            <dst id="SNVAng">11372.6</dst>
            <dst id="STTLng">552.717333333333</dst>
            <dst id="WASHng">27510.1253333333</dst>
        </src>
        <src id="WASHng">
            <dst id="ATLA-M5">0</dst>
            <dst id="ATLAng">143627.496</dst>
            <dst id="CHINng">666.501333333333</dst>
            <dst id="DNVRng">0</dst>
            <dst id="HSTNng">99775.5946666667</dst>
            <dst id="IPLSng">149.845333333333</dst>
            <dst id="KSCYng">73.2</dst>
            <dst id="LOSAng">37.8666666666667</dst>
            <dst id="NYCMng">468510.453333333</dst>
            <dst id="SNVAng">94.3706666666667</dst>
            <dst id="STTLng">1697.016</dst>
            <dst id="WASHng">258258.568</dst>
        </src>
    </IntraTM>
</TrafficMatrixFile>
