<?xml version="1.0" encoding="ISO-8859-1" standalone="yes"?>
<TrafficMatrixFile xsi:noNamespaceSchemaLocation="http://totem.run.montefiore.ulg.ac.be/Schema/TrafficMatrix-v1_2.xsd" xmlns:xsi="http://www.w3.org/2001/XMLSchema-instance">
    <IntraTM ASID="11537">
        <src id="ATLA-M5">
            <dst id="ATLA-M5">130.776</dst>
            <dst id="ATLAng">620.789333333333</dst>
            <dst id="CHINng">1335.144</dst>
            <dst id="DNVRng">0</dst>
            <dst id="HSTNng">1533.22666666667</dst>
            <dst id="IPLSng">3743.48533333333</dst>
            <dst id="KSCYng">543.037333333333</dst>
            <dst id="LOSAng">0</dst>
            <dst id="NYCMng">785.224</dst>
            <dst id="SNVAng">26.6666666666667</dst>
            <dst id="STTLng">0</dst>
            <dst id="WASHng">2686.328</dst>
        </src>
        <src id="ATLAng">
            <dst id="ATLA-M5">0</dst>
            <dst id="ATLAng">27427.2853333333</dst>
            <dst id="CHINng">38376.2213333333</dst>
            <dst id="DNVRng">188.888</dst>
            <dst id="HSTNng">74557.4986666667</dst>
            <dst id="IPLSng">61801.4506666667</dst>
            <dst id="KSCYng">6812.136</dst>
            <dst id="LOSAng">130.456</dst>
            <dst id="NYCMng">20406.768</dst>
            <dst id="SNVAng">254.378666666667</dst>
            <dst id="STTLng">80</dst>
            <dst id="WASHng">83909.384</dst>
        </src>
        <src id="CHINng">
            <dst id="ATLA-M5">0</dst>
            <dst id="ATLAng">42334.2613333333</dst>
            <dst id="CHINng">129467.029333333</dst>
            <dst id="DNVRng">21950.8773333333</dst>
            <dst id="HSTNng">130219.498666667</dst>
            <dst id="IPLSng">82101.4106666667</dst>
            <dst id="KSCYng">18307.2213333333</dst>
            <dst id="LOSAng">121.045333333333</dst>
            <dst id="NYCMng">42073.8933333333</dst>
            <dst id="SNVAng">376.362666666667</dst>
            <dst id="STTLng">637.274666666667</dst>
            <dst id="WASHng">66220.8853333333</dst>
        </src>
        <src id="DNVRng">
            <dst id="ATLA-M5">0</dst>
            <dst id="ATLAng">13376.4</dst>
            <dst id="CHINng">73279.5386666667</dst>
            <dst id="DNVRng">16227.424</dst>
            <dst id="HSTNng">80869.5146666667</dst>
            <dst id="IPLSng">36615.9893333333</dst>
            <dst id="KSCYng">19780.7253333333</dst>
            <dst id="LOSAng">0</dst>
            <dst id="NYCMng">23869.664</dst>
            <dst id="SNVAng">13019.68</dst>
            <dst id="STTLng">273.616</dst>
            <dst id="WASHng">48190.7973333333</dst>
        </src>
        <src id="HSTNng">
            <dst id="ATLA-M5">0</dst>
            <dst id="ATLAng">45092.784</dst>
            <dst id="CHINng">4731.072</dst>
            <dst id="DNVRng">176.736</dst>
            <dst id="HSTNng">207676.992</dst>
            <dst id="IPLSng">53.3333333333333</dst>
            <dst id="KSCYng">80</dst>
            <dst id="LOSAng">0</dst>
            <dst id="NYCMng">12003.0586666667</dst>
            <dst id="SNVAng">144.858666666667</dst>
            <dst id="STTLng">129.226666666667</dst>
            <dst id="WASHng">145775.117333333</dst>
        </src>
        <src id="IPLSng">
            <dst id="ATLA-M5">0</dst>
            <dst id="ATLAng">47248.824</dst>
            <dst id="CHINng">119421.36</dst>
            <dst id="DNVRng">25445.4106666667</dst>
            <dst id="HSTNng">140619.170666667</dst>
            <dst id="IPLSng">56472.4586666667</dst>
            <dst id="KSCYng">31227.4986666667</dst>
            <dst id="LOSAng">26.6666666666667</dst>
            <dst id="NYCMng">53754.1066666667</dst>
            <dst id="SNVAng">5174.68533333333</dst>
            <dst id="STTLng">248.344</dst>
            <dst id="WASHng">57881.4186666667</dst>
        </src>
        <src id="KSCYng">
            <dst id="ATLA-M5">0</dst>
            <dst id="ATLAng">6318.48533333333</dst>
            <dst id="CHINng">36910.7813333333</dst>
            <dst id="DNVRng">23344.768</dst>
            <dst id="HSTNng">21136.5813333333</dst>
            <dst id="IPLSng">33695.016</dst>
            <dst id="KSCYng">13540.3093333333</dst>
            <dst id="LOSAng">0</dst>
            <dst id="NYCMng">9956.736</dst>
            <dst id="SNVAng">53.3333333333333</dst>
            <dst id="STTLng">133.333333333333</dst>
            <dst id="WASHng">13059.768</dst>
        </src>
        <src id="LOSAng">
            <dst id="ATLA-M5">0</dst>
            <dst id="ATLAng">37126.4506666667</dst>
            <dst id="CHINng">9068.87733333333</dst>
            <dst id="DNVRng">24123.8186666667</dst>
            <dst id="HSTNng">174424.378666667</dst>
            <dst id="IPLSng">1296.59466666667</dst>
            <dst id="KSCYng">1172.49066666667</dst>
            <dst id="LOSAng">15359.8426666667</dst>
            <dst id="NYCMng">75693.4266666667</dst>
            <dst id="SNVAng">14760.632</dst>
            <dst id="STTLng">28926.8</dst>
            <dst id="WASHng">120851.770666667</dst>
        </src>
        <src id="NYCMng">
            <dst id="ATLA-M5">0</dst>
            <dst id="ATLAng">54300.8533333333</dst>
            <dst id="CHINng">93356.3226666667</dst>
            <dst id="DNVRng">58819.344</dst>
            <dst id="HSTNng">147755.250666667</dst>
            <dst id="IPLSng">115399.922666667</dst>
            <dst id="KSCYng">32070.1733333333</dst>
            <dst id="LOSAng">90.1226666666667</dst>
            <dst id="NYCMng">279990.186666667</dst>
            <dst id="SNVAng">388.976</dst>
            <dst id="STTLng">1255.33333333333</dst>
            <dst id="WASHng">238947.896</dst>
        </src>
        <src id="SNVAng">
            <dst id="ATLA-M5">0</dst>
            <dst id="ATLAng">1731.8</dst>
            <dst id="CHINng">1050.86933333333</dst>
            <dst id="DNVRng">8039.55466666667</dst>
            <dst id="HSTNng">14854.4293333333</dst>
            <dst id="IPLSng">146.141333333333</dst>
            <dst id="KSCYng">3211.752</dst>
            <dst id="LOSAng">41195.1973333333</dst>
            <dst id="NYCMng">8971.28</dst>
            <dst id="SNVAng">18762.2133333333</dst>
            <dst id="STTLng">59975.9973333333</dst>
            <dst id="WASHng">1107.864</dst>
        </src>
        <src id="STTLng">
            <dst id="ATLA-M5">0</dst>
            <dst id="ATLAng">15656.0186666667</dst>
            <dst id="CHINng">23867.2533333333</dst>
            <dst id="DNVRng">10565.4293333333</dst>
            <dst id="HSTNng">60973.8106666667</dst>
            <dst id="IPLSng">513.197333333333</dst>
            <dst id="KSCYng">9277.984</dst>
            <dst id="LOSAng">28242.784</dst>
            <dst id="NYCMng">21459.7946666667</dst>
            <dst id="SNVAng">12772.7653333333</dst>
            <dst id="STTLng">2568.54666666667</dst>
            <dst id="WASHng">40631.5733333333</dst>
        </src>
        <src id="WASHng">
            <dst id="ATLA-M5">0</dst>
            <dst id="ATLAng">109922.088</dst>
            <dst id="CHINng">111972.210666667</dst>
            <dst id="DNVRng">5179.76266666667</dst>
            <dst id="HSTNng">387644.373333333</dst>
            <dst id="IPLSng">101218.8</dst>
            <dst id="KSCYng">27566.2</dst>
            <dst id="LOSAng">55.1253333333333</dst>
            <dst id="NYCMng">232537.162666667</dst>
            <dst id="SNVAng">521.362666666667</dst>
            <dst id="STTLng">4786.45866666667</dst>
            <dst id="WASHng">364801.68</dst>
        </src>
    </IntraTM>
</TrafficMatrixFile>
