<?xml version="1.0" encoding="ISO-8859-1" standalone="yes"?>
<TrafficMatrixFile xsi:noNamespaceSchemaLocation="http://totem.run.montefiore.ulg.ac.be/Schema/TrafficMatrix-v1_2.xsd" xmlns:xsi="http://www.w3.org/2001/XMLSchema-instance">
    <IntraTM ASID="11537">
        <src id="ATLA-M5">
            <dst id="ATLA-M5">0</dst>
            <dst id="ATLAng">1034.58133333333</dst>
            <dst id="CHINng">521.162666666667</dst>
            <dst id="DNVRng">0</dst>
            <dst id="HSTNng">295.712</dst>
            <dst id="IPLSng">473.149333333334</dst>
            <dst id="KSCYng">0</dst>
            <dst id="LOSAng">0</dst>
            <dst id="NYCMng">2887.50933333333</dst>
            <dst id="SNVAng">0</dst>
            <dst id="STTLng">0</dst>
            <dst id="WASHng">5789.93333333333</dst>
        </src>
        <src id="ATLAng">
            <dst id="ATLA-M5">0</dst>
            <dst id="ATLAng">19266.232</dst>
            <dst id="CHINng">60388.5066666667</dst>
            <dst id="DNVRng">0</dst>
            <dst id="HSTNng">13676.2933333333</dst>
            <dst id="IPLSng">24894.7093333333</dst>
            <dst id="KSCYng">0</dst>
            <dst id="LOSAng">26.6666666666667</dst>
            <dst id="NYCMng">63675.9546666667</dst>
            <dst id="SNVAng">53.3333333333333</dst>
            <dst id="STTLng">53.3333333333333</dst>
            <dst id="WASHng">54871.4506666667</dst>
        </src>
        <src id="CHINng">
            <dst id="ATLA-M5">0</dst>
            <dst id="ATLAng">30697.7546666667</dst>
            <dst id="CHINng">40552.5066666667</dst>
            <dst id="DNVRng">0</dst>
            <dst id="HSTNng">22243.5973333333</dst>
            <dst id="IPLSng">58581.4133333333</dst>
            <dst id="KSCYng">80</dst>
            <dst id="LOSAng">179.882666666667</dst>
            <dst id="NYCMng">219317.117333333</dst>
            <dst id="SNVAng">36.736</dst>
            <dst id="STTLng">315.341333333333</dst>
            <dst id="WASHng">44366.5306666667</dst>
        </src>
        <src id="DNVRng">
            <dst id="ATLA-M5">0</dst>
            <dst id="ATLAng">6694.78666666667</dst>
            <dst id="CHINng">33893.2373333333</dst>
            <dst id="DNVRng">9354.832</dst>
            <dst id="HSTNng">52686.936</dst>
            <dst id="IPLSng">42361.1813333333</dst>
            <dst id="KSCYng">17757.0293333333</dst>
            <dst id="LOSAng">26.6666666666667</dst>
            <dst id="NYCMng">30773.72</dst>
            <dst id="SNVAng">17040.8693333333</dst>
            <dst id="STTLng">80</dst>
            <dst id="WASHng">40491.568</dst>
        </src>
        <src id="HSTNng">
            <dst id="ATLA-M5">0</dst>
            <dst id="ATLAng">46877.408</dst>
            <dst id="CHINng">2313.44266666667</dst>
            <dst id="DNVRng">0</dst>
            <dst id="HSTNng">154548.194666667</dst>
            <dst id="IPLSng">76.0746666666667</dst>
            <dst id="KSCYng">60.5866666666667</dst>
            <dst id="LOSAng">0</dst>
            <dst id="NYCMng">3284.264</dst>
            <dst id="SNVAng">26.6666666666667</dst>
            <dst id="STTLng">88.064</dst>
            <dst id="WASHng">147628.736</dst>
        </src>
        <src id="IPLSng">
            <dst id="ATLA-M5">0</dst>
            <dst id="ATLAng">15592.8186666667</dst>
            <dst id="CHINng">107283.501333333</dst>
            <dst id="DNVRng">0</dst>
            <dst id="HSTNng">13596.0053333333</dst>
            <dst id="IPLSng">22131.5386666667</dst>
            <dst id="KSCYng">25622.5813333333</dst>
            <dst id="LOSAng">64.4266666666667</dst>
            <dst id="NYCMng">180331.861333333</dst>
            <dst id="SNVAng">186.666666666667</dst>
            <dst id="STTLng">2636.10133333333</dst>
            <dst id="WASHng">31225.3573333333</dst>
        </src>
        <src id="KSCYng">
            <dst id="ATLA-M5">0</dst>
            <dst id="ATLAng">6059.15466666667</dst>
            <dst id="CHINng">20094.8293333333</dst>
            <dst id="DNVRng">18546.5173333333</dst>
            <dst id="HSTNng">23817.4666666667</dst>
            <dst id="IPLSng">11011.7653333333</dst>
            <dst id="KSCYng">6791.62933333333</dst>
            <dst id="LOSAng">0</dst>
            <dst id="NYCMng">23234.416</dst>
            <dst id="SNVAng">0</dst>
            <dst id="STTLng">53.3333333333333</dst>
            <dst id="WASHng">14298.872</dst>
        </src>
        <src id="LOSAng">
            <dst id="ATLA-M5">0</dst>
            <dst id="ATLAng">39326.7093333333</dst>
            <dst id="CHINng">4020.12266666667</dst>
            <dst id="DNVRng">21239.416</dst>
            <dst id="HSTNng">128650.418666667</dst>
            <dst id="IPLSng">383.885333333333</dst>
            <dst id="KSCYng">646.621333333333</dst>
            <dst id="LOSAng">22012.6373333333</dst>
            <dst id="NYCMng">80705.6506666667</dst>
            <dst id="SNVAng">14978.304</dst>
            <dst id="STTLng">24217.168</dst>
            <dst id="WASHng">127222.301333333</dst>
        </src>
        <src id="NYCMng">
            <dst id="ATLA-M5">0</dst>
            <dst id="ATLAng">43411.5893333333</dst>
            <dst id="CHINng">999.152</dst>
            <dst id="DNVRng">0</dst>
            <dst id="HSTNng">28560.3226666667</dst>
            <dst id="IPLSng">26.6666666666667</dst>
            <dst id="KSCYng">26.6666666666667</dst>
            <dst id="LOSAng">89.504</dst>
            <dst id="NYCMng">948222.133333334</dst>
            <dst id="SNVAng">53.3333333333333</dst>
            <dst id="STTLng">128.730666666667</dst>
            <dst id="WASHng">287759.493333333</dst>
        </src>
        <src id="SNVAng">
            <dst id="ATLA-M5">0</dst>
            <dst id="ATLAng">1581.77066666667</dst>
            <dst id="CHINng">26.6666666666667</dst>
            <dst id="DNVRng">1462.94933333333</dst>
            <dst id="HSTNng">4521.17066666667</dst>
            <dst id="IPLSng">0</dst>
            <dst id="KSCYng">467.32</dst>
            <dst id="LOSAng">36800.7706666667</dst>
            <dst id="NYCMng">6095.68</dst>
            <dst id="SNVAng">17294.7226666667</dst>
            <dst id="STTLng">60611.5466666667</dst>
            <dst id="WASHng">1101.376</dst>
        </src>
        <src id="STTLng">
            <dst id="ATLA-M5">0</dst>
            <dst id="ATLAng">13886.8906666667</dst>
            <dst id="CHINng">1004.23466666667</dst>
            <dst id="DNVRng">9034.712</dst>
            <dst id="HSTNng">23361.1013333333</dst>
            <dst id="IPLSng">299.24</dst>
            <dst id="KSCYng">5552.64266666667</dst>
            <dst id="LOSAng">30791.7066666667</dst>
            <dst id="NYCMng">53822.0986666667</dst>
            <dst id="SNVAng">5990.912</dst>
            <dst id="STTLng">4445.71466666667</dst>
            <dst id="WASHng">30337.2213333333</dst>
        </src>
        <src id="WASHng">
            <dst id="ATLA-M5">0</dst>
            <dst id="ATLAng">90015.3146666666</dst>
            <dst id="CHINng">1008.39733333333</dst>
            <dst id="DNVRng">0</dst>
            <dst id="HSTNng">80223.024</dst>
            <dst id="IPLSng">140.864</dst>
            <dst id="KSCYng">53.3333333333333</dst>
            <dst id="LOSAng">171.821333333333</dst>
            <dst id="NYCMng">648483.946666667</dst>
            <dst id="SNVAng">168.064</dst>
            <dst id="STTLng">106.586666666667</dst>
            <dst id="WASHng">277818.853333333</dst>
        </src>
    </IntraTM>
</TrafficMatrixFile>
