<?xml version="1.0" encoding="ISO-8859-1" standalone="yes"?>
<TrafficMatrixFile xsi:noNamespaceSchemaLocation="http://totem.run.montefiore.ulg.ac.be/Schema/TrafficMatrix-v1_2.xsd" xmlns:xsi="http://www.w3.org/2001/XMLSchema-instance">
    <IntraTM ASID="11537">
        <src id="ATLA-M5">
            <dst id="ATLA-M5">0</dst>
            <dst id="ATLAng">321.202666666667</dst>
            <dst id="CHINng">680.314666666667</dst>
            <dst id="DNVRng">0</dst>
            <dst id="HSTNng">104.186666666667</dst>
            <dst id="IPLSng">380.997333333333</dst>
            <dst id="KSCYng">0</dst>
            <dst id="LOSAng">0</dst>
            <dst id="NYCMng">1331.92533333333</dst>
            <dst id="SNVAng">0</dst>
            <dst id="STTLng">0</dst>
            <dst id="WASHng">2214.88533333333</dst>
        </src>
        <src id="ATLAng">
            <dst id="ATLA-M5">0</dst>
            <dst id="ATLAng">26209.6453333333</dst>
            <dst id="CHINng">54877.2373333333</dst>
            <dst id="DNVRng">0</dst>
            <dst id="HSTNng">12653.8506666667</dst>
            <dst id="IPLSng">35161.296</dst>
            <dst id="KSCYng">0</dst>
            <dst id="LOSAng">69.4613333333333</dst>
            <dst id="NYCMng">73713.248</dst>
            <dst id="SNVAng">28.5386666666667</dst>
            <dst id="STTLng">1821.29066666667</dst>
            <dst id="WASHng">56413.3466666667</dst>
        </src>
        <src id="CHINng">
            <dst id="ATLA-M5">0</dst>
            <dst id="ATLAng">34052.36</dst>
            <dst id="CHINng">34853.5706666667</dst>
            <dst id="DNVRng">0</dst>
            <dst id="HSTNng">23451.0213333333</dst>
            <dst id="IPLSng">81499.232</dst>
            <dst id="KSCYng">53.3333333333333</dst>
            <dst id="LOSAng">26.6666666666667</dst>
            <dst id="NYCMng">240484.386666667</dst>
            <dst id="SNVAng">124.754666666667</dst>
            <dst id="STTLng">88.2266666666667</dst>
            <dst id="WASHng">38245.7173333333</dst>
        </src>
        <src id="DNVRng">
            <dst id="ATLA-M5">0</dst>
            <dst id="ATLAng">10052.8773333333</dst>
            <dst id="CHINng">42869.7626666667</dst>
            <dst id="DNVRng">5798.30666666667</dst>
            <dst id="HSTNng">53788.944</dst>
            <dst id="IPLSng">35085.936</dst>
            <dst id="KSCYng">10883.416</dst>
            <dst id="LOSAng">0</dst>
            <dst id="NYCMng">37304.4746666667</dst>
            <dst id="SNVAng">16309.5493333333</dst>
            <dst id="STTLng">266.666666666667</dst>
            <dst id="WASHng">43332.6026666667</dst>
        </src>
        <src id="HSTNng">
            <dst id="ATLA-M5">0</dst>
            <dst id="ATLAng">30650.4</dst>
            <dst id="CHINng">1317.216</dst>
            <dst id="DNVRng">66.9013333333333</dst>
            <dst id="HSTNng">139030.664</dst>
            <dst id="IPLSng">26.6666666666667</dst>
            <dst id="KSCYng">26.6666666666667</dst>
            <dst id="LOSAng">0</dst>
            <dst id="NYCMng">9016.21066666667</dst>
            <dst id="SNVAng">0</dst>
            <dst id="STTLng">258.485333333333</dst>
            <dst id="WASHng">129060.594666667</dst>
        </src>
        <src id="IPLSng">
            <dst id="ATLA-M5">0</dst>
            <dst id="ATLAng">16834.072</dst>
            <dst id="CHINng">126435.221333333</dst>
            <dst id="DNVRng">0</dst>
            <dst id="HSTNng">17230.1946666667</dst>
            <dst id="IPLSng">28181.4106666667</dst>
            <dst id="KSCYng">20462.7093333333</dst>
            <dst id="LOSAng">1031.37066666667</dst>
            <dst id="NYCMng">293577.6</dst>
            <dst id="SNVAng">90.1333333333333</dst>
            <dst id="STTLng">729.994666666667</dst>
            <dst id="WASHng">32650.464</dst>
        </src>
        <src id="KSCYng">
            <dst id="ATLA-M5">0</dst>
            <dst id="ATLAng">10988.5546666667</dst>
            <dst id="CHINng">19544.3306666667</dst>
            <dst id="DNVRng">22633.1626666667</dst>
            <dst id="HSTNng">22746.488</dst>
            <dst id="IPLSng">17122.8293333333</dst>
            <dst id="KSCYng">5624.94933333333</dst>
            <dst id="LOSAng">0</dst>
            <dst id="NYCMng">28597.048</dst>
            <dst id="SNVAng">0</dst>
            <dst id="STTLng">37.488</dst>
            <dst id="WASHng">17627.4746666667</dst>
        </src>
        <src id="LOSAng">
            <dst id="ATLA-M5">0</dst>
            <dst id="ATLAng">25254.6266666667</dst>
            <dst id="CHINng">4998.52</dst>
            <dst id="DNVRng">24460.8506666667</dst>
            <dst id="HSTNng">138893.744</dst>
            <dst id="IPLSng">667.213333333333</dst>
            <dst id="KSCYng">1031.224</dst>
            <dst id="LOSAng">13584.5066666667</dst>
            <dst id="NYCMng">85186.2373333333</dst>
            <dst id="SNVAng">16699.7386666667</dst>
            <dst id="STTLng">23990.7893333333</dst>
            <dst id="WASHng">104024.461333333</dst>
        </src>
        <src id="NYCMng">
            <dst id="ATLA-M5">0</dst>
            <dst id="ATLAng">38980.0133333333</dst>
            <dst id="CHINng">1374.09066666667</dst>
            <dst id="DNVRng">0</dst>
            <dst id="HSTNng">24256.3386666667</dst>
            <dst id="IPLSng">337.386666666667</dst>
            <dst id="KSCYng">534.546666666667</dst>
            <dst id="LOSAng">532.336</dst>
            <dst id="NYCMng">1121285.41333333</dst>
            <dst id="SNVAng">80</dst>
            <dst id="STTLng">90.7813333333333</dst>
            <dst id="WASHng">342723.333333333</dst>
        </src>
        <src id="SNVAng">
            <dst id="ATLA-M5">0</dst>
            <dst id="ATLAng">1190.57066666667</dst>
            <dst id="CHINng">80</dst>
            <dst id="DNVRng">16614.0346666667</dst>
            <dst id="HSTNng">6528.984</dst>
            <dst id="IPLSng">42.4293333333333</dst>
            <dst id="KSCYng">1057.33066666667</dst>
            <dst id="LOSAng">45887.5333333333</dst>
            <dst id="NYCMng">7824.224</dst>
            <dst id="SNVAng">18933.024</dst>
            <dst id="STTLng">63714.5306666667</dst>
            <dst id="WASHng">1888.416</dst>
        </src>
        <src id="STTLng">
            <dst id="ATLA-M5">0</dst>
            <dst id="ATLAng">11150.832</dst>
            <dst id="CHINng">1727.84533333333</dst>
            <dst id="DNVRng">8025.656</dst>
            <dst id="HSTNng">26219.912</dst>
            <dst id="IPLSng">182.104</dst>
            <dst id="KSCYng">7277.92</dst>
            <dst id="LOSAng">38313.2826666667</dst>
            <dst id="NYCMng">48058.816</dst>
            <dst id="SNVAng">9869.81066666667</dst>
            <dst id="STTLng">2235.16266666667</dst>
            <dst id="WASHng">38496.5306666667</dst>
        </src>
        <src id="WASHng">
            <dst id="ATLA-M5">0</dst>
            <dst id="ATLAng">125931.450666667</dst>
            <dst id="CHINng">985.202666666667</dst>
            <dst id="DNVRng">0</dst>
            <dst id="HSTNng">99650.2986666667</dst>
            <dst id="IPLSng">266.122666666667</dst>
            <dst id="KSCYng">208.746666666667</dst>
            <dst id="LOSAng">248.405333333333</dst>
            <dst id="NYCMng">578692.826666667</dst>
            <dst id="SNVAng">124.76</dst>
            <dst id="STTLng">224.301333333333</dst>
            <dst id="WASHng">316099.093333333</dst>
        </src>
    </IntraTM>
</TrafficMatrixFile>
