<?xml version="1.0" encoding="ISO-8859-1" standalone="yes"?>
<TrafficMatrixFile xsi:noNamespaceSchemaLocation="http://totem.run.montefiore.ulg.ac.be/Schema/TrafficMatrix-v1_2.xsd" xmlns:xsi="http://www.w3.org/2001/XMLSchema-instance">
    <IntraTM ASID="11537">
        <src id="ATLA-M5">
            <dst id="ATLA-M5">107.864</dst>
            <dst id="ATLAng">209.736</dst>
            <dst id="CHINng">1756.20266666667</dst>
            <dst id="DNVRng">0</dst>
            <dst id="HSTNng">889.869333333334</dst>
            <dst id="IPLSng">1061.69066666667</dst>
            <dst id="KSCYng">241.757333333333</dst>
            <dst id="LOSAng">0</dst>
            <dst id="NYCMng">326.824</dst>
            <dst id="SNVAng">0</dst>
            <dst id="STTLng">26.6666666666667</dst>
            <dst id="WASHng">2088.78133333333</dst>
        </src>
        <src id="ATLAng">
            <dst id="ATLA-M5">0</dst>
            <dst id="ATLAng">43165.088</dst>
            <dst id="CHINng">59270.232</dst>
            <dst id="DNVRng">53.3333333333333</dst>
            <dst id="HSTNng">72824.2906666667</dst>
            <dst id="IPLSng">29794.672</dst>
            <dst id="KSCYng">5133.336</dst>
            <dst id="LOSAng">26.6666666666667</dst>
            <dst id="NYCMng">14223.8933333333</dst>
            <dst id="SNVAng">26.6666666666667</dst>
            <dst id="STTLng">160</dst>
            <dst id="WASHng">47556.0906666667</dst>
        </src>
        <src id="CHINng">
            <dst id="ATLA-M5">0</dst>
            <dst id="ATLAng">38140.6213333333</dst>
            <dst id="CHINng">95276.0133333333</dst>
            <dst id="DNVRng">26671.9066666667</dst>
            <dst id="HSTNng">122558.797333333</dst>
            <dst id="IPLSng">61322.2906666667</dst>
            <dst id="KSCYng">14620.416</dst>
            <dst id="LOSAng">53.3333333333333</dst>
            <dst id="NYCMng">41493.056</dst>
            <dst id="SNVAng">80</dst>
            <dst id="STTLng">1400.41866666667</dst>
            <dst id="WASHng">48709.064</dst>
        </src>
        <src id="DNVRng">
            <dst id="ATLA-M5">0</dst>
            <dst id="ATLAng">8743.53066666667</dst>
            <dst id="CHINng">70206.0533333333</dst>
            <dst id="DNVRng">12241.9146666667</dst>
            <dst id="HSTNng">84923.5306666667</dst>
            <dst id="IPLSng">31572.7066666667</dst>
            <dst id="KSCYng">17800.9146666667</dst>
            <dst id="LOSAng">0</dst>
            <dst id="NYCMng">20399.9493333333</dst>
            <dst id="SNVAng">16750.6293333333</dst>
            <dst id="STTLng">1429.02666666667</dst>
            <dst id="WASHng">48290.816</dst>
        </src>
        <src id="HSTNng">
            <dst id="ATLA-M5">0</dst>
            <dst id="ATLAng">34103.0933333333</dst>
            <dst id="CHINng">2550.02933333333</dst>
            <dst id="DNVRng">53.3333333333333</dst>
            <dst id="HSTNng">196416.154666667</dst>
            <dst id="IPLSng">26.6666666666667</dst>
            <dst id="KSCYng">0</dst>
            <dst id="LOSAng">31.2426666666667</dst>
            <dst id="NYCMng">7319.35733333333</dst>
            <dst id="SNVAng">26.6666666666667</dst>
            <dst id="STTLng">275.168</dst>
            <dst id="WASHng">124157.170666667</dst>
        </src>
        <src id="IPLSng">
            <dst id="ATLA-M5">0</dst>
            <dst id="ATLAng">19307.6506666667</dst>
            <dst id="CHINng">109183.184</dst>
            <dst id="DNVRng">20407.4453333333</dst>
            <dst id="HSTNng">74253.92</dst>
            <dst id="IPLSng">29816.6053333333</dst>
            <dst id="KSCYng">22634.6373333333</dst>
            <dst id="LOSAng">1097.712</dst>
            <dst id="NYCMng">66780.84</dst>
            <dst id="SNVAng">222.552</dst>
            <dst id="STTLng">457.546666666667</dst>
            <dst id="WASHng">30049.0986666667</dst>
        </src>
        <src id="KSCYng">
            <dst id="ATLA-M5">0</dst>
            <dst id="ATLAng">4371.504</dst>
            <dst id="CHINng">29661.5653333333</dst>
            <dst id="DNVRng">23097.4586666667</dst>
            <dst id="HSTNng">23621.2746666667</dst>
            <dst id="IPLSng">15363.952</dst>
            <dst id="KSCYng">5881.36533333333</dst>
            <dst id="LOSAng">0</dst>
            <dst id="NYCMng">10923.232</dst>
            <dst id="SNVAng">53.3333333333333</dst>
            <dst id="STTLng">170.864</dst>
            <dst id="WASHng">15613.216</dst>
        </src>
        <src id="LOSAng">
            <dst id="ATLA-M5">0</dst>
            <dst id="ATLAng">31134.7893333333</dst>
            <dst id="CHINng">15362.16</dst>
            <dst id="DNVRng">36001.944</dst>
            <dst id="HSTNng">175348.341333333</dst>
            <dst id="IPLSng">364.362666666667</dst>
            <dst id="KSCYng">1032.68266666667</dst>
            <dst id="LOSAng">12740.2853333333</dst>
            <dst id="NYCMng">41601.1893333333</dst>
            <dst id="SNVAng">15261.464</dst>
            <dst id="STTLng">21890.944</dst>
            <dst id="WASHng">106504.408</dst>
        </src>
        <src id="NYCMng">
            <dst id="ATLA-M5">0</dst>
            <dst id="ATLAng">48239.7546666667</dst>
            <dst id="CHINng">74035.3306666667</dst>
            <dst id="DNVRng">52011.0506666667</dst>
            <dst id="HSTNng">159135.370666667</dst>
            <dst id="IPLSng">78083.4693333333</dst>
            <dst id="KSCYng">24954.9226666667</dst>
            <dst id="LOSAng">26.6666666666667</dst>
            <dst id="NYCMng">257998.093333333</dst>
            <dst id="SNVAng">129.333333333333</dst>
            <dst id="STTLng">2502.81066666667</dst>
            <dst id="WASHng">188705.170666667</dst>
        </src>
        <src id="SNVAng">
            <dst id="ATLA-M5">0</dst>
            <dst id="ATLAng">2571.27466666667</dst>
            <dst id="CHINng">106.666666666667</dst>
            <dst id="DNVRng">11493.6133333333</dst>
            <dst id="HSTNng">9652.39733333333</dst>
            <dst id="IPLSng">0</dst>
            <dst id="KSCYng">1816.26933333333</dst>
            <dst id="LOSAng">41862.176</dst>
            <dst id="NYCMng">4280.17866666667</dst>
            <dst id="SNVAng">16429.736</dst>
            <dst id="STTLng">67174.8506666667</dst>
            <dst id="WASHng">3497.88533333333</dst>
        </src>
        <src id="STTLng">
            <dst id="ATLA-M5">0</dst>
            <dst id="ATLAng">10235.648</dst>
            <dst id="CHINng">21636.5973333333</dst>
            <dst id="DNVRng">9552.456</dst>
            <dst id="HSTNng">40021.2266666667</dst>
            <dst id="IPLSng">402.085333333333</dst>
            <dst id="KSCYng">6476.744</dst>
            <dst id="LOSAng">29145.088</dst>
            <dst id="NYCMng">14224.3093333333</dst>
            <dst id="SNVAng">9516.864</dst>
            <dst id="STTLng">5356.74933333333</dst>
            <dst id="WASHng">36786.496</dst>
        </src>
        <src id="WASHng">
            <dst id="ATLA-M5">0</dst>
            <dst id="ATLAng">121206.52</dst>
            <dst id="CHINng">95173.2666666667</dst>
            <dst id="DNVRng">4769.17866666667</dst>
            <dst id="HSTNng">336343.2</dst>
            <dst id="IPLSng">73818.2906666667</dst>
            <dst id="KSCYng">27106.2613333333</dst>
            <dst id="LOSAng">282.666666666667</dst>
            <dst id="NYCMng">198654.336</dst>
            <dst id="SNVAng">3441.97333333333</dst>
            <dst id="STTLng">3605.616</dst>
            <dst id="WASHng">267640.213333333</dst>
        </src>
    </IntraTM>
</TrafficMatrixFile>
