<?xml version="1.0" encoding="ISO-8859-1" standalone="yes"?>
<TrafficMatrixFile xsi:noNamespaceSchemaLocation="http://totem.run.montefiore.ulg.ac.be/Schema/TrafficMatrix-v1_2.xsd" xmlns:xsi="http://www.w3.org/2001/XMLSchema-instance">
    <IntraTM ASID="11537">
        <src id="ATLA-M5">
            <dst id="ATLA-M5">103.904</dst>
            <dst id="ATLAng">114.186666666667</dst>
            <dst id="CHINng">389.821333333333</dst>
            <dst id="DNVRng">0</dst>
            <dst id="HSTNng">797.226666666667</dst>
            <dst id="IPLSng">1563.52533333333</dst>
            <dst id="KSCYng">256.213333333333</dst>
            <dst id="LOSAng">0</dst>
            <dst id="NYCMng">1281.09866666667</dst>
            <dst id="SNVAng">0</dst>
            <dst id="STTLng">0</dst>
            <dst id="WASHng">438.496</dst>
        </src>
        <src id="ATLAng">
            <dst id="ATLA-M5">0</dst>
            <dst id="ATLAng">23564.3253333333</dst>
            <dst id="CHINng">19829.72</dst>
            <dst id="DNVRng">82.9573333333334</dst>
            <dst id="HSTNng">33725.232</dst>
            <dst id="IPLSng">32933.6426666667</dst>
            <dst id="KSCYng">5168.312</dst>
            <dst id="LOSAng">77.8266666666667</dst>
            <dst id="NYCMng">20029.0213333333</dst>
            <dst id="SNVAng">80</dst>
            <dst id="STTLng">355.434666666667</dst>
            <dst id="WASHng">71353.1413333333</dst>
        </src>
        <src id="CHINng">
            <dst id="ATLA-M5">0</dst>
            <dst id="ATLAng">29236.488</dst>
            <dst id="CHINng">131252.309333333</dst>
            <dst id="DNVRng">20206.568</dst>
            <dst id="HSTNng">122462.346666667</dst>
            <dst id="IPLSng">67772.6533333333</dst>
            <dst id="KSCYng">16523.928</dst>
            <dst id="LOSAng">508.384</dst>
            <dst id="NYCMng">39119.0373333333</dst>
            <dst id="SNVAng">26.6666666666667</dst>
            <dst id="STTLng">1289.38933333333</dst>
            <dst id="WASHng">41595.1573333333</dst>
        </src>
        <src id="DNVRng">
            <dst id="ATLA-M5">0</dst>
            <dst id="ATLAng">9792.25333333333</dst>
            <dst id="CHINng">64139.4933333333</dst>
            <dst id="DNVRng">8552.64533333333</dst>
            <dst id="HSTNng">74796.6346666667</dst>
            <dst id="IPLSng">29142.0346666667</dst>
            <dst id="KSCYng">11078.64</dst>
            <dst id="LOSAng">46.0853333333333</dst>
            <dst id="NYCMng">28462.024</dst>
            <dst id="SNVAng">10729.472</dst>
            <dst id="STTLng">106.666666666667</dst>
            <dst id="WASHng">36917.1173333333</dst>
        </src>
        <src id="HSTNng">
            <dst id="ATLA-M5">0</dst>
            <dst id="ATLAng">32811.7306666667</dst>
            <dst id="CHINng">1951.69066666667</dst>
            <dst id="DNVRng">0</dst>
            <dst id="HSTNng">182559.141333333</dst>
            <dst id="IPLSng">72.768</dst>
            <dst id="KSCYng">26.6666666666667</dst>
            <dst id="LOSAng">53.3333333333333</dst>
            <dst id="NYCMng">8522.728</dst>
            <dst id="SNVAng">123.136</dst>
            <dst id="STTLng">106.666666666667</dst>
            <dst id="WASHng">105046.365333333</dst>
        </src>
        <src id="IPLSng">
            <dst id="ATLA-M5">0</dst>
            <dst id="ATLAng">30130.7066666667</dst>
            <dst id="CHINng">153898.509333333</dst>
            <dst id="DNVRng">11306.272</dst>
            <dst id="HSTNng">112933.946666667</dst>
            <dst id="IPLSng">49001.2026666667</dst>
            <dst id="KSCYng">20434.6746666667</dst>
            <dst id="LOSAng">0</dst>
            <dst id="NYCMng">68357.5946666667</dst>
            <dst id="SNVAng">111.069333333333</dst>
            <dst id="STTLng">160</dst>
            <dst id="WASHng">33416.7493333333</dst>
        </src>
        <src id="KSCYng">
            <dst id="ATLA-M5">0</dst>
            <dst id="ATLAng">8582.34133333334</dst>
            <dst id="CHINng">31347.7733333333</dst>
            <dst id="DNVRng">7456.90133333333</dst>
            <dst id="HSTNng">26270.144</dst>
            <dst id="IPLSng">13344.8826666667</dst>
            <dst id="KSCYng">5540.872</dst>
            <dst id="LOSAng">229.216</dst>
            <dst id="NYCMng">12575.2906666667</dst>
            <dst id="SNVAng">26.6666666666667</dst>
            <dst id="STTLng">273.856</dst>
            <dst id="WASHng">14877.4026666667</dst>
        </src>
        <src id="LOSAng">
            <dst id="ATLA-M5">0</dst>
            <dst id="ATLAng">20170.752</dst>
            <dst id="CHINng">16094.6373333333</dst>
            <dst id="DNVRng">11263.1546666667</dst>
            <dst id="HSTNng">178431.389333333</dst>
            <dst id="IPLSng">363.584</dst>
            <dst id="KSCYng">65</dst>
            <dst id="LOSAng">64814.9093333333</dst>
            <dst id="NYCMng">67308.0346666667</dst>
            <dst id="SNVAng">9598.848</dst>
            <dst id="STTLng">27223.7413333333</dst>
            <dst id="WASHng">97329.6266666667</dst>
        </src>
        <src id="NYCMng">
            <dst id="ATLA-M5">0</dst>
            <dst id="ATLAng">35053.1946666667</dst>
            <dst id="CHINng">89493.8346666667</dst>
            <dst id="DNVRng">33139.4826666667</dst>
            <dst id="HSTNng">157037.538666667</dst>
            <dst id="IPLSng">78256.072</dst>
            <dst id="KSCYng">23655.2693333333</dst>
            <dst id="LOSAng">158.205333333333</dst>
            <dst id="NYCMng">264106.162666667</dst>
            <dst id="SNVAng">53.3333333333333</dst>
            <dst id="STTLng">5656.92533333333</dst>
            <dst id="WASHng">122805.077333333</dst>
        </src>
        <src id="SNVAng">
            <dst id="ATLA-M5">0</dst>
            <dst id="ATLAng">1978.52266666667</dst>
            <dst id="CHINng">723.138666666667</dst>
            <dst id="DNVRng">1488.70666666667</dst>
            <dst id="HSTNng">8804.70933333333</dst>
            <dst id="IPLSng">27.8186666666667</dst>
            <dst id="KSCYng">384.08</dst>
            <dst id="LOSAng">36241.8</dst>
            <dst id="NYCMng">5542.10933333334</dst>
            <dst id="SNVAng">15415.3946666667</dst>
            <dst id="STTLng">51112.2586666667</dst>
            <dst id="WASHng">916.874666666666</dst>
        </src>
        <src id="STTLng">
            <dst id="ATLA-M5">0</dst>
            <dst id="ATLAng">16150.1253333333</dst>
            <dst id="CHINng">21976.472</dst>
            <dst id="DNVRng">6820.74133333333</dst>
            <dst id="HSTNng">47878.2186666667</dst>
            <dst id="IPLSng">302.026666666667</dst>
            <dst id="KSCYng">5505.16</dst>
            <dst id="LOSAng">33055.7573333333</dst>
            <dst id="NYCMng">18020.8613333333</dst>
            <dst id="SNVAng">4550.44</dst>
            <dst id="STTLng">2787.264</dst>
            <dst id="WASHng">31469.9493333333</dst>
        </src>
        <src id="WASHng">
            <dst id="ATLA-M5">0</dst>
            <dst id="ATLAng">93909.0906666667</dst>
            <dst id="CHINng">82342.6906666666</dst>
            <dst id="DNVRng">7136.904</dst>
            <dst id="HSTNng">324124.346666667</dst>
            <dst id="IPLSng">98604.1866666667</dst>
            <dst id="KSCYng">26568.024</dst>
            <dst id="LOSAng">288.061333333333</dst>
            <dst id="NYCMng">171281.837333333</dst>
            <dst id="SNVAng">278.645333333333</dst>
            <dst id="STTLng">6764.72</dst>
            <dst id="WASHng">334671.2</dst>
        </src>
    </IntraTM>
</TrafficMatrixFile>
