<?xml version="1.0" encoding="ISO-8859-1" standalone="yes"?>
<TrafficMatrixFile xsi:noNamespaceSchemaLocation="http://totem.run.montefiore.ulg.ac.be/Schema/TrafficMatrix-v1_2.xsd" xmlns:xsi="http://www.w3.org/2001/XMLSchema-instance">
    <IntraTM ASID="11537">
        <src id="ATLA-M5">
            <dst id="ATLA-M5">26.6666666666667</dst>
            <dst id="ATLAng">814.48</dst>
            <dst id="CHINng">2000.58933333333</dst>
            <dst id="DNVRng">0</dst>
            <dst id="HSTNng">1518.58133333333</dst>
            <dst id="IPLSng">767.786666666667</dst>
            <dst id="KSCYng">162.608</dst>
            <dst id="LOSAng">0</dst>
            <dst id="NYCMng">664.002666666667</dst>
            <dst id="SNVAng">0</dst>
            <dst id="STTLng">53.3333333333333</dst>
            <dst id="WASHng">3350.088</dst>
        </src>
        <src id="ATLAng">
            <dst id="ATLA-M5">0</dst>
            <dst id="ATLAng">38929.336</dst>
            <dst id="CHINng">43681.8506666667</dst>
            <dst id="DNVRng">189.24</dst>
            <dst id="HSTNng">70829.5706666667</dst>
            <dst id="IPLSng">56348.0426666667</dst>
            <dst id="KSCYng">3877.78133333333</dst>
            <dst id="LOSAng">26.6666666666667</dst>
            <dst id="NYCMng">17146.128</dst>
            <dst id="SNVAng">425.482666666667</dst>
            <dst id="STTLng">142.941333333333</dst>
            <dst id="WASHng">84185.9626666667</dst>
        </src>
        <src id="CHINng">
            <dst id="ATLA-M5">0</dst>
            <dst id="ATLAng">32713.528</dst>
            <dst id="CHINng">129881.888</dst>
            <dst id="DNVRng">21645.712</dst>
            <dst id="HSTNng">96156.6746666667</dst>
            <dst id="IPLSng">77450.8106666667</dst>
            <dst id="KSCYng">18888.6533333333</dst>
            <dst id="LOSAng">28.0826666666667</dst>
            <dst id="NYCMng">38882.8213333333</dst>
            <dst id="SNVAng">205.968</dst>
            <dst id="STTLng">738.002666666667</dst>
            <dst id="WASHng">51324.88</dst>
        </src>
        <src id="DNVRng">
            <dst id="ATLA-M5">0</dst>
            <dst id="ATLAng">13968.0693333333</dst>
            <dst id="CHINng">73199.2773333333</dst>
            <dst id="DNVRng">18662.912</dst>
            <dst id="HSTNng">47865.0373333333</dst>
            <dst id="IPLSng">42428.8933333333</dst>
            <dst id="KSCYng">30249.2826666667</dst>
            <dst id="LOSAng">36.944</dst>
            <dst id="NYCMng">15138.192</dst>
            <dst id="SNVAng">24034.7066666667</dst>
            <dst id="STTLng">154.794666666667</dst>
            <dst id="WASHng">55058.9733333333</dst>
        </src>
        <src id="HSTNng">
            <dst id="ATLA-M5">0</dst>
            <dst id="ATLAng">47415.2373333333</dst>
            <dst id="CHINng">3842.264</dst>
            <dst id="DNVRng">179.389333333333</dst>
            <dst id="HSTNng">357538.293333333</dst>
            <dst id="IPLSng">80</dst>
            <dst id="KSCYng">106.666666666667</dst>
            <dst id="LOSAng">0</dst>
            <dst id="NYCMng">8256.02933333333</dst>
            <dst id="SNVAng">78.376</dst>
            <dst id="STTLng">146.666666666667</dst>
            <dst id="WASHng">119758.018666667</dst>
        </src>
        <src id="IPLSng">
            <dst id="ATLA-M5">0</dst>
            <dst id="ATLAng">34806.7973333333</dst>
            <dst id="CHINng">201797.674666667</dst>
            <dst id="DNVRng">26698.776</dst>
            <dst id="HSTNng">131193.944</dst>
            <dst id="IPLSng">51320.512</dst>
            <dst id="KSCYng">38182.1146666667</dst>
            <dst id="LOSAng">344.048</dst>
            <dst id="NYCMng">83067.6106666667</dst>
            <dst id="SNVAng">1035.45866666667</dst>
            <dst id="STTLng">398.96</dst>
            <dst id="WASHng">53646.7973333333</dst>
        </src>
        <src id="KSCYng">
            <dst id="ATLA-M5">0</dst>
            <dst id="ATLAng">7104.49066666667</dst>
            <dst id="CHINng">32518.9466666667</dst>
            <dst id="DNVRng">13946.984</dst>
            <dst id="HSTNng">23215.264</dst>
            <dst id="IPLSng">26343.6826666667</dst>
            <dst id="KSCYng">10429.4453333333</dst>
            <dst id="LOSAng">0</dst>
            <dst id="NYCMng">12765.952</dst>
            <dst id="SNVAng">193.168</dst>
            <dst id="STTLng">86.576</dst>
            <dst id="WASHng">13858.3733333333</dst>
        </src>
        <src id="LOSAng">
            <dst id="ATLA-M5">0</dst>
            <dst id="ATLAng">38442.6746666667</dst>
            <dst id="CHINng">9206.18133333334</dst>
            <dst id="DNVRng">24035.4986666667</dst>
            <dst id="HSTNng">286120.346666667</dst>
            <dst id="IPLSng">1847.85333333333</dst>
            <dst id="KSCYng">2870.552</dst>
            <dst id="LOSAng">20385.3226666667</dst>
            <dst id="NYCMng">60865.2053333333</dst>
            <dst id="SNVAng">17684.8933333333</dst>
            <dst id="STTLng">26731.7493333333</dst>
            <dst id="WASHng">105578.770666667</dst>
        </src>
        <src id="NYCMng">
            <dst id="ATLA-M5">0</dst>
            <dst id="ATLAng">62065.7706666667</dst>
            <dst id="CHINng">99015.088</dst>
            <dst id="DNVRng">46082.6373333333</dst>
            <dst id="HSTNng">134579.421333333</dst>
            <dst id="IPLSng">98235.296</dst>
            <dst id="KSCYng">32525.792</dst>
            <dst id="LOSAng">256.285333333333</dst>
            <dst id="NYCMng">241344.424</dst>
            <dst id="SNVAng">429.162666666667</dst>
            <dst id="STTLng">2575.14666666667</dst>
            <dst id="WASHng">172731.176</dst>
        </src>
        <src id="SNVAng">
            <dst id="ATLA-M5">0</dst>
            <dst id="ATLAng">902.133333333333</dst>
            <dst id="CHINng">2056.176</dst>
            <dst id="DNVRng">4808.608</dst>
            <dst id="HSTNng">13963.7733333333</dst>
            <dst id="IPLSng">0</dst>
            <dst id="KSCYng">1150.27733333333</dst>
            <dst id="LOSAng">41237.5253333333</dst>
            <dst id="NYCMng">12508.3333333333</dst>
            <dst id="SNVAng">16691.4986666667</dst>
            <dst id="STTLng">57335.6533333333</dst>
            <dst id="WASHng">2887.6</dst>
        </src>
        <src id="STTLng">
            <dst id="ATLA-M5">0</dst>
            <dst id="ATLAng">14717.2346666667</dst>
            <dst id="CHINng">23194.2026666667</dst>
            <dst id="DNVRng">12377.4346666667</dst>
            <dst id="HSTNng">59783.8826666667</dst>
            <dst id="IPLSng">739.149333333333</dst>
            <dst id="KSCYng">5331.56</dst>
            <dst id="LOSAng">32158.7413333333</dst>
            <dst id="NYCMng">13525.3786666667</dst>
            <dst id="SNVAng">13388.8373333333</dst>
            <dst id="STTLng">4644.992</dst>
            <dst id="WASHng">45535.904</dst>
        </src>
        <src id="WASHng">
            <dst id="ATLA-M5">0</dst>
            <dst id="ATLAng">176739.237333333</dst>
            <dst id="CHINng">132961.976</dst>
            <dst id="DNVRng">5535.28</dst>
            <dst id="HSTNng">358997.2</dst>
            <dst id="IPLSng">97259.5973333334</dst>
            <dst id="KSCYng">25131.192</dst>
            <dst id="LOSAng">242.056</dst>
            <dst id="NYCMng">243912.221333333</dst>
            <dst id="SNVAng">603.410666666667</dst>
            <dst id="STTLng">8630.88533333333</dst>
            <dst id="WASHng">386331.253333333</dst>
        </src>
    </IntraTM>
</TrafficMatrixFile>
