<?xml version="1.0" encoding="ISO-8859-1" standalone="yes"?>
<TrafficMatrixFile xsi:noNamespaceSchemaLocation="http://totem.run.montefiore.ulg.ac.be/Schema/TrafficMatrix-v1_2.xsd" xmlns:xsi="http://www.w3.org/2001/XMLSchema-instance">
    <IntraTM ASID="11537">
        <src id="ATLA-M5">
            <dst id="ATLA-M5">1658.22133333333</dst>
            <dst id="ATLAng">1972.26666666667</dst>
            <dst id="CHINng">1081.768</dst>
            <dst id="DNVRng">0</dst>
            <dst id="HSTNng">117.768</dst>
            <dst id="IPLSng">332.242666666667</dst>
            <dst id="KSCYng">0</dst>
            <dst id="LOSAng">0</dst>
            <dst id="NYCMng">648.712</dst>
            <dst id="SNVAng">0</dst>
            <dst id="STTLng">0</dst>
            <dst id="WASHng">2809.08</dst>
        </src>
        <src id="ATLAng">
            <dst id="ATLA-M5">0</dst>
            <dst id="ATLAng">30025.3013333333</dst>
            <dst id="CHINng">19129.7973333333</dst>
            <dst id="DNVRng">0</dst>
            <dst id="HSTNng">2327.15466666667</dst>
            <dst id="IPLSng">25608.688</dst>
            <dst id="KSCYng">53.3333333333333</dst>
            <dst id="LOSAng">0</dst>
            <dst id="NYCMng">34085.984</dst>
            <dst id="SNVAng">111.738666666667</dst>
            <dst id="STTLng">26.6666666666667</dst>
            <dst id="WASHng">41015.6906666667</dst>
        </src>
        <src id="CHINng">
            <dst id="ATLA-M5">0</dst>
            <dst id="ATLAng">21798.8426666667</dst>
            <dst id="CHINng">23418.2373333333</dst>
            <dst id="DNVRng">0</dst>
            <dst id="HSTNng">9989.32533333333</dst>
            <dst id="IPLSng">46216.7786666667</dst>
            <dst id="KSCYng">26.6666666666667</dst>
            <dst id="LOSAng">26.6666666666667</dst>
            <dst id="NYCMng">160458.856</dst>
            <dst id="SNVAng">40.0346666666667</dst>
            <dst id="STTLng">1959.024</dst>
            <dst id="WASHng">28780.5093333333</dst>
        </src>
        <src id="DNVRng">
            <dst id="ATLA-M5">0</dst>
            <dst id="ATLAng">5956.46666666667</dst>
            <dst id="CHINng">28603.6533333333</dst>
            <dst id="DNVRng">11968.032</dst>
            <dst id="HSTNng">30180.408</dst>
            <dst id="IPLSng">25605.9973333333</dst>
            <dst id="KSCYng">17834.864</dst>
            <dst id="LOSAng">0</dst>
            <dst id="NYCMng">38059.32</dst>
            <dst id="SNVAng">11601.2</dst>
            <dst id="STTLng">2005.29866666667</dst>
            <dst id="WASHng">38628.8213333333</dst>
        </src>
        <src id="HSTNng">
            <dst id="ATLA-M5">0</dst>
            <dst id="ATLAng">30573.4826666667</dst>
            <dst id="CHINng">1484.272</dst>
            <dst id="DNVRng">26.6666666666667</dst>
            <dst id="HSTNng">89112.3466666666</dst>
            <dst id="IPLSng">166.802666666667</dst>
            <dst id="KSCYng">26.6666666666667</dst>
            <dst id="LOSAng">0</dst>
            <dst id="NYCMng">7549.752</dst>
            <dst id="SNVAng">0</dst>
            <dst id="STTLng">0</dst>
            <dst id="WASHng">79396.6853333333</dst>
        </src>
        <src id="IPLSng">
            <dst id="ATLA-M5">0</dst>
            <dst id="ATLAng">20674.4453333333</dst>
            <dst id="CHINng">65708.6586666667</dst>
            <dst id="DNVRng">0</dst>
            <dst id="HSTNng">11946.9973333333</dst>
            <dst id="IPLSng">62878.0266666667</dst>
            <dst id="KSCYng">19696.1706666667</dst>
            <dst id="LOSAng">80.3893333333333</dst>
            <dst id="NYCMng">187466.037333333</dst>
            <dst id="SNVAng">26.6666666666667</dst>
            <dst id="STTLng">26.6666666666667</dst>
            <dst id="WASHng">31119.36</dst>
        </src>
        <src id="KSCYng">
            <dst id="ATLA-M5">0</dst>
            <dst id="ATLAng">7980.344</dst>
            <dst id="CHINng">14986.1733333333</dst>
            <dst id="DNVRng">8266.87733333333</dst>
            <dst id="HSTNng">9732.81333333333</dst>
            <dst id="IPLSng">21745.496</dst>
            <dst id="KSCYng">8541.26133333333</dst>
            <dst id="LOSAng">0</dst>
            <dst id="NYCMng">19271.2053333333</dst>
            <dst id="SNVAng">26.6666666666667</dst>
            <dst id="STTLng">26.6666666666667</dst>
            <dst id="WASHng">9396.384</dst>
        </src>
        <src id="LOSAng">
            <dst id="ATLA-M5">0</dst>
            <dst id="ATLAng">26641.9013333333</dst>
            <dst id="CHINng">1962.17866666667</dst>
            <dst id="DNVRng">7286.06666666666</dst>
            <dst id="HSTNng">100097.290666667</dst>
            <dst id="IPLSng">717.365333333333</dst>
            <dst id="KSCYng">186.762666666667</dst>
            <dst id="LOSAng">23515.688</dst>
            <dst id="NYCMng">81561.928</dst>
            <dst id="SNVAng">12569.5706666667</dst>
            <dst id="STTLng">18581.9733333333</dst>
            <dst id="WASHng">66696.1466666667</dst>
        </src>
        <src id="NYCMng">
            <dst id="ATLA-M5">0</dst>
            <dst id="ATLAng">26147.6186666667</dst>
            <dst id="CHINng">2459.61333333333</dst>
            <dst id="DNVRng">0</dst>
            <dst id="HSTNng">10184.1546666667</dst>
            <dst id="IPLSng">0</dst>
            <dst id="KSCYng">59.216</dst>
            <dst id="LOSAng">71.0853333333334</dst>
            <dst id="NYCMng">435293.546666667</dst>
            <dst id="SNVAng">80</dst>
            <dst id="STTLng">767.36</dst>
            <dst id="WASHng">125160.266666667</dst>
        </src>
        <src id="SNVAng">
            <dst id="ATLA-M5">0</dst>
            <dst id="ATLAng">599.672</dst>
            <dst id="CHINng">26.6666666666667</dst>
            <dst id="DNVRng">7144.856</dst>
            <dst id="HSTNng">2540.35466666667</dst>
            <dst id="IPLSng">0</dst>
            <dst id="KSCYng">176.845333333333</dst>
            <dst id="LOSAng">32225.6293333333</dst>
            <dst id="NYCMng">5255.2</dst>
            <dst id="SNVAng">14669.464</dst>
            <dst id="STTLng">48172.616</dst>
            <dst id="WASHng">620.24</dst>
        </src>
        <src id="STTLng">
            <dst id="ATLA-M5">0</dst>
            <dst id="ATLAng">7678.54666666667</dst>
            <dst id="CHINng">364.218666666667</dst>
            <dst id="DNVRng">4638.87466666667</dst>
            <dst id="HSTNng">13929.2426666667</dst>
            <dst id="IPLSng">130.362666666667</dst>
            <dst id="KSCYng">4189.82666666667</dst>
            <dst id="LOSAng">13966.736</dst>
            <dst id="NYCMng">42838.3973333333</dst>
            <dst id="SNVAng">8646.50933333333</dst>
            <dst id="STTLng">4614.38133333333</dst>
            <dst id="WASHng">28542.1973333333</dst>
        </src>
        <src id="WASHng">
            <dst id="ATLA-M5">0</dst>
            <dst id="ATLAng">168843.978666667</dst>
            <dst id="CHINng">818.922666666667</dst>
            <dst id="DNVRng">0</dst>
            <dst id="HSTNng">77196.8826666667</dst>
            <dst id="IPLSng">297.509333333333</dst>
            <dst id="KSCYng">26.6666666666667</dst>
            <dst id="LOSAng">0</dst>
            <dst id="NYCMng">449083.36</dst>
            <dst id="SNVAng">89.0293333333333</dst>
            <dst id="STTLng">53.3333333333333</dst>
            <dst id="WASHng">268208.72</dst>
        </src>
    </IntraTM>
</TrafficMatrixFile>
