<?xml version="1.0" encoding="ISO-8859-1" standalone="yes"?>
<TrafficMatrixFile xsi:noNamespaceSchemaLocation="http://totem.run.montefiore.ulg.ac.be/Schema/TrafficMatrix-v1_2.xsd" xmlns:xsi="http://www.w3.org/2001/XMLSchema-instance">
    <IntraTM ASID="11537">
        <src id="ATLA-M5">
            <dst id="ATLA-M5">182.210666666667</dst>
            <dst id="ATLAng">181.44</dst>
            <dst id="CHINng">610.104</dst>
            <dst id="DNVRng">0</dst>
            <dst id="HSTNng">253.288</dst>
            <dst id="IPLSng">1632.512</dst>
            <dst id="KSCYng">0</dst>
            <dst id="LOSAng">0</dst>
            <dst id="NYCMng">1761.02666666667</dst>
            <dst id="SNVAng">0</dst>
            <dst id="STTLng">0</dst>
            <dst id="WASHng">2064.26933333333</dst>
        </src>
        <src id="ATLAng">
            <dst id="ATLA-M5">0</dst>
            <dst id="ATLAng">23713.3413333333</dst>
            <dst id="CHINng">56546.0106666667</dst>
            <dst id="DNVRng">0</dst>
            <dst id="HSTNng">22112.9626666667</dst>
            <dst id="IPLSng">38281.5146666667</dst>
            <dst id="KSCYng">0</dst>
            <dst id="LOSAng">26.6666666666667</dst>
            <dst id="NYCMng">65417.4693333333</dst>
            <dst id="SNVAng">80</dst>
            <dst id="STTLng">3923.616</dst>
            <dst id="WASHng">57996.2293333333</dst>
        </src>
        <src id="CHINng">
            <dst id="ATLA-M5">0</dst>
            <dst id="ATLAng">36406.6853333333</dst>
            <dst id="CHINng">31774.568</dst>
            <dst id="DNVRng">0</dst>
            <dst id="HSTNng">27736.3093333333</dst>
            <dst id="IPLSng">67734.3493333333</dst>
            <dst id="KSCYng">26.6666666666667</dst>
            <dst id="LOSAng">59.76</dst>
            <dst id="NYCMng">203218.341333333</dst>
            <dst id="SNVAng">53.3333333333333</dst>
            <dst id="STTLng">118.16</dst>
            <dst id="WASHng">35156.6346666667</dst>
        </src>
        <src id="DNVRng">
            <dst id="ATLA-M5">0</dst>
            <dst id="ATLAng">7669.992</dst>
            <dst id="CHINng">39187.4746666667</dst>
            <dst id="DNVRng">4947.00533333333</dst>
            <dst id="HSTNng">44432.176</dst>
            <dst id="IPLSng">32994.584</dst>
            <dst id="KSCYng">9945.43733333333</dst>
            <dst id="LOSAng">0</dst>
            <dst id="NYCMng">33723.2746666667</dst>
            <dst id="SNVAng">16503.6933333333</dst>
            <dst id="STTLng">325.522666666667</dst>
            <dst id="WASHng">52591.2</dst>
        </src>
        <src id="HSTNng">
            <dst id="ATLA-M5">0</dst>
            <dst id="ATLAng">27666.2293333333</dst>
            <dst id="CHINng">2295.50666666667</dst>
            <dst id="DNVRng">0</dst>
            <dst id="HSTNng">159132.384</dst>
            <dst id="IPLSng">89.3333333333333</dst>
            <dst id="KSCYng">26.6666666666667</dst>
            <dst id="LOSAng">58.56</dst>
            <dst id="NYCMng">10798.568</dst>
            <dst id="SNVAng">202.154666666667</dst>
            <dst id="STTLng">184.576</dst>
            <dst id="WASHng">135611.568</dst>
        </src>
        <src id="IPLSng">
            <dst id="ATLA-M5">0</dst>
            <dst id="ATLAng">15258.528</dst>
            <dst id="CHINng">135837.594666667</dst>
            <dst id="DNVRng">0</dst>
            <dst id="HSTNng">15916.1226666667</dst>
            <dst id="IPLSng">17008.048</dst>
            <dst id="KSCYng">26700.3013333333</dst>
            <dst id="LOSAng">469.493333333333</dst>
            <dst id="NYCMng">235659.141333333</dst>
            <dst id="SNVAng">26.6666666666667</dst>
            <dst id="STTLng">1130.07733333333</dst>
            <dst id="WASHng">37197.768</dst>
        </src>
        <src id="KSCYng">
            <dst id="ATLA-M5">0</dst>
            <dst id="ATLAng">6505.03466666667</dst>
            <dst id="CHINng">20206.9066666667</dst>
            <dst id="DNVRng">22245.584</dst>
            <dst id="HSTNng">22873.1306666667</dst>
            <dst id="IPLSng">12465.3973333333</dst>
            <dst id="KSCYng">7013.104</dst>
            <dst id="LOSAng">26.6666666666667</dst>
            <dst id="NYCMng">28024.8773333333</dst>
            <dst id="SNVAng">110.336</dst>
            <dst id="STTLng">67.9866666666667</dst>
            <dst id="WASHng">15811.6266666667</dst>
        </src>
        <src id="LOSAng">
            <dst id="ATLA-M5">0</dst>
            <dst id="ATLAng">21145.5333333333</dst>
            <dst id="CHINng">2835.13066666667</dst>
            <dst id="DNVRng">25514.1066666667</dst>
            <dst id="HSTNng">122200.685333333</dst>
            <dst id="IPLSng">976.629333333334</dst>
            <dst id="KSCYng">512.757333333333</dst>
            <dst id="LOSAng">13992.5866666667</dst>
            <dst id="NYCMng">79286.8693333333</dst>
            <dst id="SNVAng">12112.104</dst>
            <dst id="STTLng">19723.5706666667</dst>
            <dst id="WASHng">110325.288</dst>
        </src>
        <src id="NYCMng">
            <dst id="ATLA-M5">0</dst>
            <dst id="ATLAng">37931.0853333333</dst>
            <dst id="CHINng">1540.14933333333</dst>
            <dst id="DNVRng">0</dst>
            <dst id="HSTNng">24027.3813333333</dst>
            <dst id="IPLSng">133.333333333333</dst>
            <dst id="KSCYng">175.738666666667</dst>
            <dst id="LOSAng">216.893333333333</dst>
            <dst id="NYCMng">1057818.24</dst>
            <dst id="SNVAng">0</dst>
            <dst id="STTLng">156.738666666667</dst>
            <dst id="WASHng">356294.666666667</dst>
        </src>
        <src id="SNVAng">
            <dst id="ATLA-M5">0</dst>
            <dst id="ATLAng">733.952</dst>
            <dst id="CHINng">53.3333333333333</dst>
            <dst id="DNVRng">15492.0346666667</dst>
            <dst id="HSTNng">5587.16533333333</dst>
            <dst id="IPLSng">0</dst>
            <dst id="KSCYng">1688.31466666667</dst>
            <dst id="LOSAng">42914.8133333333</dst>
            <dst id="NYCMng">5468.616</dst>
            <dst id="SNVAng">18899.6613333333</dst>
            <dst id="STTLng">55932.2266666667</dst>
            <dst id="WASHng">2039.136</dst>
        </src>
        <src id="STTLng">
            <dst id="ATLA-M5">0</dst>
            <dst id="ATLAng">10040.16</dst>
            <dst id="CHINng">1787.512</dst>
            <dst id="DNVRng">7647.00533333333</dst>
            <dst id="HSTNng">26667.9946666667</dst>
            <dst id="IPLSng">422.072</dst>
            <dst id="KSCYng">6375.18133333333</dst>
            <dst id="LOSAng">31985.6906666667</dst>
            <dst id="NYCMng">46864.368</dst>
            <dst id="SNVAng">8203.2</dst>
            <dst id="STTLng">1541.25333333333</dst>
            <dst id="WASHng">33649.536</dst>
        </src>
        <src id="WASHng">
            <dst id="ATLA-M5">0</dst>
            <dst id="ATLAng">129405.032</dst>
            <dst id="CHINng">576.984</dst>
            <dst id="DNVRng">0</dst>
            <dst id="HSTNng">77923.5253333333</dst>
            <dst id="IPLSng">55.8186666666667</dst>
            <dst id="KSCYng">418.642666666667</dst>
            <dst id="LOSAng">144.157333333333</dst>
            <dst id="NYCMng">587684.693333333</dst>
            <dst id="SNVAng">80.6533333333333</dst>
            <dst id="STTLng">155.013333333333</dst>
            <dst id="WASHng">309953.866666667</dst>
        </src>
    </IntraTM>
</TrafficMatrixFile>
