<?xml version="1.0" encoding="ISO-8859-1" standalone="yes"?>
<TrafficMatrixFile xsi:noNamespaceSchemaLocation="http://totem.run.montefiore.ulg.ac.be/Schema/TrafficMatrix-v1_2.xsd" xmlns:xsi="http://www.w3.org/2001/XMLSchema-instance">
    <IntraTM ASID="11537">
        <src id="ATLA-M5">
            <dst id="ATLA-M5">26.6666666666667</dst>
            <dst id="ATLAng">444.578666666667</dst>
            <dst id="CHINng">1195.75733333333</dst>
            <dst id="DNVRng">0</dst>
            <dst id="HSTNng">1457.98933333333</dst>
            <dst id="IPLSng">867.517333333333</dst>
            <dst id="KSCYng">122.218666666667</dst>
            <dst id="LOSAng">0</dst>
            <dst id="NYCMng">1690.41066666667</dst>
            <dst id="SNVAng">0</dst>
            <dst id="STTLng">26.6666666666667</dst>
            <dst id="WASHng">1109.824</dst>
        </src>
        <src id="ATLAng">
            <dst id="ATLA-M5">0</dst>
            <dst id="ATLAng">19854.3733333333</dst>
            <dst id="CHINng">22446.6026666667</dst>
            <dst id="DNVRng">26.6666666666667</dst>
            <dst id="HSTNng">108767.8</dst>
            <dst id="IPLSng">33711.2666666667</dst>
            <dst id="KSCYng">3689.73866666667</dst>
            <dst id="LOSAng">54.6666666666667</dst>
            <dst id="NYCMng">22256.3066666667</dst>
            <dst id="SNVAng">1090.256</dst>
            <dst id="STTLng">214.589333333333</dst>
            <dst id="WASHng">72698.7013333333</dst>
        </src>
        <src id="CHINng">
            <dst id="ATLA-M5">0</dst>
            <dst id="ATLAng">38230.9226666667</dst>
            <dst id="CHINng">113474.84</dst>
            <dst id="DNVRng">29139.9146666667</dst>
            <dst id="HSTNng">120125.253333333</dst>
            <dst id="IPLSng">94087.7466666667</dst>
            <dst id="KSCYng">21037.5146666667</dst>
            <dst id="LOSAng">271.872</dst>
            <dst id="NYCMng">41029.064</dst>
            <dst id="SNVAng">0</dst>
            <dst id="STTLng">914.482666666667</dst>
            <dst id="WASHng">50772.3413333333</dst>
        </src>
        <src id="DNVRng">
            <dst id="ATLA-M5">0</dst>
            <dst id="ATLAng">11355.2986666667</dst>
            <dst id="CHINng">58813.4213333333</dst>
            <dst id="DNVRng">17963.4746666667</dst>
            <dst id="HSTNng">50921.768</dst>
            <dst id="IPLSng">29374.024</dst>
            <dst id="KSCYng">17933.7066666667</dst>
            <dst id="LOSAng">26.6666666666667</dst>
            <dst id="NYCMng">23461.208</dst>
            <dst id="SNVAng">17085.5946666667</dst>
            <dst id="STTLng">1342.98666666667</dst>
            <dst id="WASHng">51828.6373333333</dst>
        </src>
        <src id="HSTNng">
            <dst id="ATLA-M5">0</dst>
            <dst id="ATLAng">38937.72</dst>
            <dst id="CHINng">1931.968</dst>
            <dst id="DNVRng">80</dst>
            <dst id="HSTNng">188086.448</dst>
            <dst id="IPLSng">349.013333333333</dst>
            <dst id="KSCYng">26.6666666666667</dst>
            <dst id="LOSAng">0</dst>
            <dst id="NYCMng">83408.984</dst>
            <dst id="SNVAng">26.6666666666667</dst>
            <dst id="STTLng">177.394666666667</dst>
            <dst id="WASHng">115694.378666667</dst>
        </src>
        <src id="IPLSng">
            <dst id="ATLA-M5">0</dst>
            <dst id="ATLAng">29185.9066666667</dst>
            <dst id="CHINng">141507.330666667</dst>
            <dst id="DNVRng">11551.7546666667</dst>
            <dst id="HSTNng">128054.018666667</dst>
            <dst id="IPLSng">41120.504</dst>
            <dst id="KSCYng">24461.3066666667</dst>
            <dst id="LOSAng">26.6666666666667</dst>
            <dst id="NYCMng">65273.096</dst>
            <dst id="SNVAng">162.498666666667</dst>
            <dst id="STTLng">1255.69333333333</dst>
            <dst id="WASHng">31634.104</dst>
        </src>
        <src id="KSCYng">
            <dst id="ATLA-M5">0</dst>
            <dst id="ATLAng">5847.09333333333</dst>
            <dst id="CHINng">26902.9413333333</dst>
            <dst id="DNVRng">10358.5013333333</dst>
            <dst id="HSTNng">19761.3306666667</dst>
            <dst id="IPLSng">19483.8666666667</dst>
            <dst id="KSCYng">10446.104</dst>
            <dst id="LOSAng">132.528</dst>
            <dst id="NYCMng">10068.8266666667</dst>
            <dst id="SNVAng">53.3333333333333</dst>
            <dst id="STTLng">170.712</dst>
            <dst id="WASHng">19565.456</dst>
        </src>
        <src id="LOSAng">
            <dst id="ATLA-M5">0</dst>
            <dst id="ATLAng">29550.5973333333</dst>
            <dst id="CHINng">4058.41066666667</dst>
            <dst id="DNVRng">18680.016</dst>
            <dst id="HSTNng">200791.432</dst>
            <dst id="IPLSng">175.170666666667</dst>
            <dst id="KSCYng">235.802666666667</dst>
            <dst id="LOSAng">19262.4933333333</dst>
            <dst id="NYCMng">74618.208</dst>
            <dst id="SNVAng">21621.8693333333</dst>
            <dst id="STTLng">44890.56</dst>
            <dst id="WASHng">101470.762666667</dst>
        </src>
        <src id="NYCMng">
            <dst id="ATLA-M5">0</dst>
            <dst id="ATLAng">46260.7013333333</dst>
            <dst id="CHINng">90008.7786666667</dst>
            <dst id="DNVRng">35621.2053333333</dst>
            <dst id="HSTNng">156725.389333333</dst>
            <dst id="IPLSng">79263.1946666667</dst>
            <dst id="KSCYng">28339.864</dst>
            <dst id="LOSAng">377.901333333333</dst>
            <dst id="NYCMng">243022.56</dst>
            <dst id="SNVAng">53.3333333333333</dst>
            <dst id="STTLng">4418.85333333333</dst>
            <dst id="WASHng">148217.109333333</dst>
        </src>
        <src id="SNVAng">
            <dst id="ATLA-M5">0</dst>
            <dst id="ATLAng">768.208</dst>
            <dst id="CHINng">631.205333333333</dst>
            <dst id="DNVRng">13105.664</dst>
            <dst id="HSTNng">7683.01333333334</dst>
            <dst id="IPLSng">26.6666666666667</dst>
            <dst id="KSCYng">425.517333333333</dst>
            <dst id="LOSAng">36185.7493333333</dst>
            <dst id="NYCMng">6806.52266666667</dst>
            <dst id="SNVAng">17721.88</dst>
            <dst id="STTLng">52743.0746666667</dst>
            <dst id="WASHng">2208.04</dst>
        </src>
        <src id="STTLng">
            <dst id="ATLA-M5">0</dst>
            <dst id="ATLAng">11148.776</dst>
            <dst id="CHINng">22349.8026666667</dst>
            <dst id="DNVRng">8898.41066666666</dst>
            <dst id="HSTNng">43639.7413333333</dst>
            <dst id="IPLSng">329.984</dst>
            <dst id="KSCYng">5263.216</dst>
            <dst id="LOSAng">31238.4346666667</dst>
            <dst id="NYCMng">16987.8</dst>
            <dst id="SNVAng">7274.05333333333</dst>
            <dst id="STTLng">6032.76</dst>
            <dst id="WASHng">33459.0186666667</dst>
        </src>
        <src id="WASHng">
            <dst id="ATLA-M5">0</dst>
            <dst id="ATLAng">98203.808</dst>
            <dst id="CHINng">92006.3813333333</dst>
            <dst id="DNVRng">3159.864</dst>
            <dst id="HSTNng">341322.186666667</dst>
            <dst id="IPLSng">70118.9706666667</dst>
            <dst id="KSCYng">27937.312</dst>
            <dst id="LOSAng">322.186666666667</dst>
            <dst id="NYCMng">217893.762666667</dst>
            <dst id="SNVAng">454.608</dst>
            <dst id="STTLng">3339.07466666667</dst>
            <dst id="WASHng">306379.733333333</dst>
        </src>
    </IntraTM>
</TrafficMatrixFile>
