<?xml version="1.0" encoding="ISO-8859-1" standalone="yes"?>
<TrafficMatrixFile xsi:noNamespaceSchemaLocation="http://totem.run.montefiore.ulg.ac.be/Schema/TrafficMatrix-v1_2.xsd" xmlns:xsi="http://www.w3.org/2001/XMLSchema-instance">
    <IntraTM ASID="11537">
        <src id="ATLA-M5">
            <dst id="ATLA-M5">56.696</dst>
            <dst id="ATLAng">746.042666666667</dst>
            <dst id="CHINng">1515.73866666667</dst>
            <dst id="DNVRng">0</dst>
            <dst id="HSTNng">1933.11466666667</dst>
            <dst id="IPLSng">306.448</dst>
            <dst id="KSCYng">441.072</dst>
            <dst id="LOSAng">0</dst>
            <dst id="NYCMng">1531.672</dst>
            <dst id="SNVAng">26.6666666666667</dst>
            <dst id="STTLng">0</dst>
            <dst id="WASHng">2481.328</dst>
        </src>
        <src id="ATLAng">
            <dst id="ATLA-M5">0</dst>
            <dst id="ATLAng">46894.3306666667</dst>
            <dst id="CHINng">47367.4826666667</dst>
            <dst id="DNVRng">145.301333333333</dst>
            <dst id="HSTNng">66952.2373333333</dst>
            <dst id="IPLSng">130428.458666667</dst>
            <dst id="KSCYng">9436.66933333333</dst>
            <dst id="LOSAng">82.32</dst>
            <dst id="NYCMng">32069.1493333333</dst>
            <dst id="SNVAng">868.634666666667</dst>
            <dst id="STTLng">138.992</dst>
            <dst id="WASHng">103926.277333333</dst>
        </src>
        <src id="CHINng">
            <dst id="ATLA-M5">0</dst>
            <dst id="ATLAng">35025.384</dst>
            <dst id="CHINng">115360.458666667</dst>
            <dst id="DNVRng">21286.712</dst>
            <dst id="HSTNng">115262.946666667</dst>
            <dst id="IPLSng">106320.429333333</dst>
            <dst id="KSCYng">21638.448</dst>
            <dst id="LOSAng">128.618666666667</dst>
            <dst id="NYCMng">54078.9813333333</dst>
            <dst id="SNVAng">689.578666666667</dst>
            <dst id="STTLng">1006.608</dst>
            <dst id="WASHng">56488.9733333333</dst>
        </src>
        <src id="DNVRng">
            <dst id="ATLA-M5">0</dst>
            <dst id="ATLAng">26897.7733333333</dst>
            <dst id="CHINng">76259.8826666667</dst>
            <dst id="DNVRng">22750.152</dst>
            <dst id="HSTNng">86110.3573333333</dst>
            <dst id="IPLSng">50252.92</dst>
            <dst id="KSCYng">37532.0293333333</dst>
            <dst id="LOSAng">26.6666666666667</dst>
            <dst id="NYCMng">29747.0133333333</dst>
            <dst id="SNVAng">23468.736</dst>
            <dst id="STTLng">306.626666666667</dst>
            <dst id="WASHng">55518.136</dst>
        </src>
        <src id="HSTNng">
            <dst id="ATLA-M5">0</dst>
            <dst id="ATLAng">38074.4373333333</dst>
            <dst id="CHINng">4309.656</dst>
            <dst id="DNVRng">53.3333333333333</dst>
            <dst id="HSTNng">226239.930666667</dst>
            <dst id="IPLSng">181.514666666667</dst>
            <dst id="KSCYng">106.741333333333</dst>
            <dst id="LOSAng">80</dst>
            <dst id="NYCMng">10097.6266666667</dst>
            <dst id="SNVAng">138.349333333333</dst>
            <dst id="STTLng">273.84</dst>
            <dst id="WASHng">135298.221333333</dst>
        </src>
        <src id="IPLSng">
            <dst id="ATLA-M5">0</dst>
            <dst id="ATLAng">115580.744</dst>
            <dst id="CHINng">147821.458666667</dst>
            <dst id="DNVRng">20052.9466666667</dst>
            <dst id="HSTNng">153032.92</dst>
            <dst id="IPLSng">41466.5733333333</dst>
            <dst id="KSCYng">32920.2933333333</dst>
            <dst id="LOSAng">142.336</dst>
            <dst id="NYCMng">61196.9253333333</dst>
            <dst id="SNVAng">5265.816</dst>
            <dst id="STTLng">279.656</dst>
            <dst id="WASHng">45128.104</dst>
        </src>
        <src id="KSCYng">
            <dst id="ATLA-M5">0</dst>
            <dst id="ATLAng">7536.20266666667</dst>
            <dst id="CHINng">42827.504</dst>
            <dst id="DNVRng">26002.224</dst>
            <dst id="HSTNng">18622.632</dst>
            <dst id="IPLSng">41433.0986666667</dst>
            <dst id="KSCYng">16301.9813333333</dst>
            <dst id="LOSAng">26.6666666666667</dst>
            <dst id="NYCMng">19879.608</dst>
            <dst id="SNVAng">145.858666666667</dst>
            <dst id="STTLng">210.709333333333</dst>
            <dst id="WASHng">12228.832</dst>
        </src>
        <src id="LOSAng">
            <dst id="ATLA-M5">0</dst>
            <dst id="ATLAng">29829.4773333333</dst>
            <dst id="CHINng">9177.93333333333</dst>
            <dst id="DNVRng">19878.04</dst>
            <dst id="HSTNng">172236.978666667</dst>
            <dst id="IPLSng">2032.32</dst>
            <dst id="KSCYng">1143.264</dst>
            <dst id="LOSAng">14870.2293333333</dst>
            <dst id="NYCMng">73693.3893333333</dst>
            <dst id="SNVAng">17823.6266666667</dst>
            <dst id="STTLng">23374.8906666667</dst>
            <dst id="WASHng">118340.621333333</dst>
        </src>
        <src id="NYCMng">
            <dst id="ATLA-M5">0</dst>
            <dst id="ATLAng">78088.616</dst>
            <dst id="CHINng">108953.608</dst>
            <dst id="DNVRng">46177.9093333333</dst>
            <dst id="HSTNng">156835.741333333</dst>
            <dst id="IPLSng">90870.1813333333</dst>
            <dst id="KSCYng">30478.2613333333</dst>
            <dst id="LOSAng">359.434666666667</dst>
            <dst id="NYCMng">274695.36</dst>
            <dst id="SNVAng">296.984</dst>
            <dst id="STTLng">2991.65066666667</dst>
            <dst id="WASHng">256505.472</dst>
        </src>
        <src id="SNVAng">
            <dst id="ATLA-M5">0</dst>
            <dst id="ATLAng">3027.336</dst>
            <dst id="CHINng">493.757333333333</dst>
            <dst id="DNVRng">7151.37066666666</dst>
            <dst id="HSTNng">11351.6133333333</dst>
            <dst id="IPLSng">26.6666666666667</dst>
            <dst id="KSCYng">2275.33333333333</dst>
            <dst id="LOSAng">37055.648</dst>
            <dst id="NYCMng">8173.528</dst>
            <dst id="SNVAng">17777.3973333333</dst>
            <dst id="STTLng">55410.8693333333</dst>
            <dst id="WASHng">3865.72</dst>
        </src>
        <src id="STTLng">
            <dst id="ATLA-M5">0</dst>
            <dst id="ATLAng">15431.48</dst>
            <dst id="CHINng">24723.8186666667</dst>
            <dst id="DNVRng">12567.7946666667</dst>
            <dst id="HSTNng">58480.6453333333</dst>
            <dst id="IPLSng">739.624</dst>
            <dst id="KSCYng">10211.5706666667</dst>
            <dst id="LOSAng">36189.4346666667</dst>
            <dst id="NYCMng">21382.488</dst>
            <dst id="SNVAng">16757.8133333333</dst>
            <dst id="STTLng">6340.288</dst>
            <dst id="WASHng">40115.0053333333</dst>
        </src>
        <src id="WASHng">
            <dst id="ATLA-M5">0</dst>
            <dst id="ATLAng">148380.170666667</dst>
            <dst id="CHINng">126498.882666667</dst>
            <dst id="DNVRng">7788.728</dst>
            <dst id="HSTNng">399322.613333333</dst>
            <dst id="IPLSng">78459.5253333333</dst>
            <dst id="KSCYng">29987.656</dst>
            <dst id="LOSAng">53.3333333333333</dst>
            <dst id="NYCMng">252593.848</dst>
            <dst id="SNVAng">679.072</dst>
            <dst id="STTLng">5625.50666666667</dst>
            <dst id="WASHng">346305.653333333</dst>
        </src>
    </IntraTM>
</TrafficMatrixFile>
