<?xml version="1.0" encoding="ISO-8859-1" standalone="yes"?>
<TrafficMatrixFile xsi:noNamespaceSchemaLocation="http://totem.run.montefiore.ulg.ac.be/Schema/TrafficMatrix-v1_2.xsd" xmlns:xsi="http://www.w3.org/2001/XMLSchema-instance">
    <IntraTM ASID="11537">
        <src id="ATLA-M5">
            <dst id="ATLA-M5">131.888</dst>
            <dst id="ATLAng">819.037333333333</dst>
            <dst id="CHINng">1535.35466666667</dst>
            <dst id="DNVRng">0</dst>
            <dst id="HSTNng">1159.58133333333</dst>
            <dst id="IPLSng">1148.35466666667</dst>
            <dst id="KSCYng">431.288</dst>
            <dst id="LOSAng">0</dst>
            <dst id="NYCMng">340.344</dst>
            <dst id="SNVAng">26.6666666666667</dst>
            <dst id="STTLng">0</dst>
            <dst id="WASHng">1886.43733333333</dst>
        </src>
        <src id="ATLAng">
            <dst id="ATLA-M5">0</dst>
            <dst id="ATLAng">27376.4826666667</dst>
            <dst id="CHINng">37453.3706666667</dst>
            <dst id="DNVRng">117.504</dst>
            <dst id="HSTNng">61448.0693333333</dst>
            <dst id="IPLSng">42466.5786666667</dst>
            <dst id="KSCYng">6468.36266666667</dst>
            <dst id="LOSAng">56.8693333333333</dst>
            <dst id="NYCMng">17812.0933333333</dst>
            <dst id="SNVAng">117.821333333333</dst>
            <dst id="STTLng">1012.752</dst>
            <dst id="WASHng">67003.6586666667</dst>
        </src>
        <src id="CHINng">
            <dst id="ATLA-M5">0</dst>
            <dst id="ATLAng">34819.184</dst>
            <dst id="CHINng">108480.565333333</dst>
            <dst id="DNVRng">26873.6453333333</dst>
            <dst id="HSTNng">131090.357333333</dst>
            <dst id="IPLSng">80609.6533333333</dst>
            <dst id="KSCYng">17276.8986666667</dst>
            <dst id="LOSAng">26.6666666666667</dst>
            <dst id="NYCMng">45190.8826666667</dst>
            <dst id="SNVAng">224.970666666667</dst>
            <dst id="STTLng">1648.18933333333</dst>
            <dst id="WASHng">53148.352</dst>
        </src>
        <src id="DNVRng">
            <dst id="ATLA-M5">0</dst>
            <dst id="ATLAng">25390.9093333333</dst>
            <dst id="CHINng">64954.1466666667</dst>
            <dst id="DNVRng">19212.0773333333</dst>
            <dst id="HSTNng">54863.9733333333</dst>
            <dst id="IPLSng">34777.776</dst>
            <dst id="KSCYng">23176.6746666667</dst>
            <dst id="LOSAng">0</dst>
            <dst id="NYCMng">20762.6453333333</dst>
            <dst id="SNVAng">21873.1306666667</dst>
            <dst id="STTLng">351.92</dst>
            <dst id="WASHng">55252.4693333333</dst>
        </src>
        <src id="HSTNng">
            <dst id="ATLA-M5">0</dst>
            <dst id="ATLAng">37396.7973333333</dst>
            <dst id="CHINng">4149.84533333333</dst>
            <dst id="DNVRng">275.557333333333</dst>
            <dst id="HSTNng">197040.458666667</dst>
            <dst id="IPLSng">33.888</dst>
            <dst id="KSCYng">1102.056</dst>
            <dst id="LOSAng">0</dst>
            <dst id="NYCMng">12598.1386666667</dst>
            <dst id="SNVAng">97.368</dst>
            <dst id="STTLng">235.786666666667</dst>
            <dst id="WASHng">136856.474666667</dst>
        </src>
        <src id="IPLSng">
            <dst id="ATLA-M5">0</dst>
            <dst id="ATLAng">47753.96</dst>
            <dst id="CHINng">113278.768</dst>
            <dst id="DNVRng">26679.776</dst>
            <dst id="HSTNng">80207.2586666667</dst>
            <dst id="IPLSng">79956.7546666667</dst>
            <dst id="KSCYng">46484.784</dst>
            <dst id="LOSAng">121.024</dst>
            <dst id="NYCMng">72137.8133333333</dst>
            <dst id="SNVAng">7647.2</dst>
            <dst id="STTLng">411.325333333333</dst>
            <dst id="WASHng">57511.736</dst>
        </src>
        <src id="KSCYng">
            <dst id="ATLA-M5">0</dst>
            <dst id="ATLAng">8736.89333333333</dst>
            <dst id="CHINng">33044.1173333333</dst>
            <dst id="DNVRng">24626.8026666667</dst>
            <dst id="HSTNng">16983.088</dst>
            <dst id="IPLSng">33643.2933333333</dst>
            <dst id="KSCYng">7878.34933333333</dst>
            <dst id="LOSAng">0</dst>
            <dst id="NYCMng">13648.9013333333</dst>
            <dst id="SNVAng">120</dst>
            <dst id="STTLng">141.330666666667</dst>
            <dst id="WASHng">16423.424</dst>
        </src>
        <src id="LOSAng">
            <dst id="ATLA-M5">0</dst>
            <dst id="ATLAng">30813.1786666667</dst>
            <dst id="CHINng">7578.23466666667</dst>
            <dst id="DNVRng">24646.5626666667</dst>
            <dst id="HSTNng">183561.898666667</dst>
            <dst id="IPLSng">1552.36</dst>
            <dst id="KSCYng">1260.168</dst>
            <dst id="LOSAng">14765.0933333333</dst>
            <dst id="NYCMng">72555.0693333333</dst>
            <dst id="SNVAng">16221.8666666667</dst>
            <dst id="STTLng">28197.3173333333</dst>
            <dst id="WASHng">115070.968</dst>
        </src>
        <src id="NYCMng">
            <dst id="ATLA-M5">0</dst>
            <dst id="ATLAng">66430.568</dst>
            <dst id="CHINng">95813.28</dst>
            <dst id="DNVRng">47607.992</dst>
            <dst id="HSTNng">144813.861333333</dst>
            <dst id="IPLSng">119392.477333333</dst>
            <dst id="KSCYng">29644.3733333333</dst>
            <dst id="LOSAng">291.384</dst>
            <dst id="NYCMng">290862.533333333</dst>
            <dst id="SNVAng">433.621333333333</dst>
            <dst id="STTLng">1210.41066666667</dst>
            <dst id="WASHng">198245.504</dst>
        </src>
        <src id="SNVAng">
            <dst id="ATLA-M5">0</dst>
            <dst id="ATLAng">1622.616</dst>
            <dst id="CHINng">1093.50133333333</dst>
            <dst id="DNVRng">15400.2346666667</dst>
            <dst id="HSTNng">14057.3253333333</dst>
            <dst id="IPLSng">0</dst>
            <dst id="KSCYng">1524.03466666667</dst>
            <dst id="LOSAng">45137.3466666667</dst>
            <dst id="NYCMng">8841.416</dst>
            <dst id="SNVAng">18650.7226666667</dst>
            <dst id="STTLng">58082.76</dst>
            <dst id="WASHng">1679.872</dst>
        </src>
        <src id="STTLng">
            <dst id="ATLA-M5">0</dst>
            <dst id="ATLAng">15212.04</dst>
            <dst id="CHINng">23868.8933333333</dst>
            <dst id="DNVRng">10485.232</dst>
            <dst id="HSTNng">61923.7706666667</dst>
            <dst id="IPLSng">499.448</dst>
            <dst id="KSCYng">10740.0666666667</dst>
            <dst id="LOSAng">26565.7653333333</dst>
            <dst id="NYCMng">19750.7093333333</dst>
            <dst id="SNVAng">11461.3733333333</dst>
            <dst id="STTLng">7803.784</dst>
            <dst id="WASHng">40829.4853333333</dst>
        </src>
        <src id="WASHng">
            <dst id="ATLA-M5">0</dst>
            <dst id="ATLAng">98666.0346666667</dst>
            <dst id="CHINng">119480.698666667</dst>
            <dst id="DNVRng">3311.96</dst>
            <dst id="HSTNng">378352.16</dst>
            <dst id="IPLSng">107784.496</dst>
            <dst id="KSCYng">33103.44</dst>
            <dst id="LOSAng">197.472</dst>
            <dst id="NYCMng">239012.917333333</dst>
            <dst id="SNVAng">519.290666666667</dst>
            <dst id="STTLng">4982.328</dst>
            <dst id="WASHng">315790.96</dst>
        </src>
    </IntraTM>
</TrafficMatrixFile>
