<?xml version="1.0" encoding="ISO-8859-1" standalone="yes"?>
<TrafficMatrixFile xsi:noNamespaceSchemaLocation="http://totem.run.montefiore.ulg.ac.be/Schema/TrafficMatrix-v1_2.xsd" xmlns:xsi="http://www.w3.org/2001/XMLSchema-instance">
    <IntraTM ASID="11537">
        <src id="ATLA-M5">
            <dst id="ATLA-M5">26.6666666666667</dst>
            <dst id="ATLAng">587.834666666667</dst>
            <dst id="CHINng">721.098666666667</dst>
            <dst id="DNVRng">0</dst>
            <dst id="HSTNng">785.501333333333</dst>
            <dst id="IPLSng">267.853333333333</dst>
            <dst id="KSCYng">191.986666666667</dst>
            <dst id="LOSAng">0</dst>
            <dst id="NYCMng">892.866666666667</dst>
            <dst id="SNVAng">26.6666666666667</dst>
            <dst id="STTLng">26.6666666666667</dst>
            <dst id="WASHng">942.781333333333</dst>
        </src>
        <src id="ATLAng">
            <dst id="ATLA-M5">0</dst>
            <dst id="ATLAng">46563.552</dst>
            <dst id="CHINng">21159.7973333333</dst>
            <dst id="DNVRng">239.669333333333</dst>
            <dst id="HSTNng">34534.6026666667</dst>
            <dst id="IPLSng">28957.7226666667</dst>
            <dst id="KSCYng">4213.76533333333</dst>
            <dst id="LOSAng">0</dst>
            <dst id="NYCMng">18787.6266666667</dst>
            <dst id="SNVAng">891.28</dst>
            <dst id="STTLng">1973.72</dst>
            <dst id="WASHng">83197.096</dst>
        </src>
        <src id="CHINng">
            <dst id="ATLA-M5">0</dst>
            <dst id="ATLAng">27039.6986666667</dst>
            <dst id="CHINng">175319.133333333</dst>
            <dst id="DNVRng">27928.2186666667</dst>
            <dst id="HSTNng">77633.1013333333</dst>
            <dst id="IPLSng">47667.2693333333</dst>
            <dst id="KSCYng">20416.2826666667</dst>
            <dst id="LOSAng">256.490666666667</dst>
            <dst id="NYCMng">32900.112</dst>
            <dst id="SNVAng">53.3333333333333</dst>
            <dst id="STTLng">1021.76</dst>
            <dst id="WASHng">37614.8186666667</dst>
        </src>
        <src id="DNVRng">
            <dst id="ATLA-M5">0</dst>
            <dst id="ATLAng">10329.256</dst>
            <dst id="CHINng">121170.789333333</dst>
            <dst id="DNVRng">11174.5813333333</dst>
            <dst id="HSTNng">32184.896</dst>
            <dst id="IPLSng">27667.1973333333</dst>
            <dst id="KSCYng">13419.3146666667</dst>
            <dst id="LOSAng">0</dst>
            <dst id="NYCMng">15675.5093333333</dst>
            <dst id="SNVAng">12769.616</dst>
            <dst id="STTLng">291.325333333333</dst>
            <dst id="WASHng">43120.9573333333</dst>
        </src>
        <src id="HSTNng">
            <dst id="ATLA-M5">0</dst>
            <dst id="ATLAng">41819.368</dst>
            <dst id="CHINng">4276.8</dst>
            <dst id="DNVRng">26.6666666666667</dst>
            <dst id="HSTNng">149913.789333333</dst>
            <dst id="IPLSng">145.573333333333</dst>
            <dst id="KSCYng">85.344</dst>
            <dst id="LOSAng">0</dst>
            <dst id="NYCMng">5791.848</dst>
            <dst id="SNVAng">53.3333333333333</dst>
            <dst id="STTLng">106.666666666667</dst>
            <dst id="WASHng">107966.858666667</dst>
        </src>
        <src id="IPLSng">
            <dst id="ATLA-M5">0</dst>
            <dst id="ATLAng">21823.3893333333</dst>
            <dst id="CHINng">166485.376</dst>
            <dst id="DNVRng">8577.54666666667</dst>
            <dst id="HSTNng">88272.3466666666</dst>
            <dst id="IPLSng">48716.616</dst>
            <dst id="KSCYng">21058.0106666667</dst>
            <dst id="LOSAng">26.6666666666667</dst>
            <dst id="NYCMng">53817.0213333333</dst>
            <dst id="SNVAng">247.725333333333</dst>
            <dst id="STTLng">199.090666666667</dst>
            <dst id="WASHng">31422.1386666667</dst>
        </src>
        <src id="KSCYng">
            <dst id="ATLA-M5">0</dst>
            <dst id="ATLAng">9476.336</dst>
            <dst id="CHINng">33553.184</dst>
            <dst id="DNVRng">7343.20533333334</dst>
            <dst id="HSTNng">15657.7093333333</dst>
            <dst id="IPLSng">10182.976</dst>
            <dst id="KSCYng">9552.70133333333</dst>
            <dst id="LOSAng">0</dst>
            <dst id="NYCMng">11741.7386666667</dst>
            <dst id="SNVAng">86.216</dst>
            <dst id="STTLng">116.296</dst>
            <dst id="WASHng">16724.016</dst>
        </src>
        <src id="LOSAng">
            <dst id="ATLA-M5">0</dst>
            <dst id="ATLAng">35241.2293333333</dst>
            <dst id="CHINng">15249.2373333333</dst>
            <dst id="DNVRng">11023.5173333333</dst>
            <dst id="HSTNng">189332.504</dst>
            <dst id="IPLSng">1946.328</dst>
            <dst id="KSCYng">1365.47733333333</dst>
            <dst id="LOSAng">21310.192</dst>
            <dst id="NYCMng">62391.4933333333</dst>
            <dst id="SNVAng">13589.16</dst>
            <dst id="STTLng">21122.44</dst>
            <dst id="WASHng">98143.7786666667</dst>
        </src>
        <src id="NYCMng">
            <dst id="ATLA-M5">0</dst>
            <dst id="ATLAng">69054.728</dst>
            <dst id="CHINng">94995.624</dst>
            <dst id="DNVRng">29128.8293333333</dst>
            <dst id="HSTNng">90924.7493333334</dst>
            <dst id="IPLSng">71203.4853333333</dst>
            <dst id="KSCYng">19282.3573333333</dst>
            <dst id="LOSAng">212.157333333333</dst>
            <dst id="NYCMng">261133.605333333</dst>
            <dst id="SNVAng">288.557333333333</dst>
            <dst id="STTLng">2175.368</dst>
            <dst id="WASHng">126825.344</dst>
        </src>
        <src id="SNVAng">
            <dst id="ATLA-M5">0</dst>
            <dst id="ATLAng">1140.84266666667</dst>
            <dst id="CHINng">535.658666666667</dst>
            <dst id="DNVRng">881.989333333333</dst>
            <dst id="HSTNng">10332.2506666667</dst>
            <dst id="IPLSng">53.3333333333333</dst>
            <dst id="KSCYng">1466.45866666667</dst>
            <dst id="LOSAng">34050.2906666667</dst>
            <dst id="NYCMng">12711.272</dst>
            <dst id="SNVAng">15018.264</dst>
            <dst id="STTLng">48617.408</dst>
            <dst id="WASHng">2946.88266666667</dst>
        </src>
        <src id="STTLng">
            <dst id="ATLA-M5">0</dst>
            <dst id="ATLAng">13633.8906666667</dst>
            <dst id="CHINng">34879.12</dst>
            <dst id="DNVRng">5124.46666666667</dst>
            <dst id="HSTNng">62157.2986666667</dst>
            <dst id="IPLSng">864.325333333333</dst>
            <dst id="KSCYng">9288.63733333334</dst>
            <dst id="LOSAng">17435.752</dst>
            <dst id="NYCMng">12674.864</dst>
            <dst id="SNVAng">5485.608</dst>
            <dst id="STTLng">3549.77866666667</dst>
            <dst id="WASHng">34656.3626666667</dst>
        </src>
        <src id="WASHng">
            <dst id="ATLA-M5">0</dst>
            <dst id="ATLAng">176179.978666667</dst>
            <dst id="CHINng">95776.4693333333</dst>
            <dst id="DNVRng">1120.28266666667</dst>
            <dst id="HSTNng">281272.746666667</dst>
            <dst id="IPLSng">77101.2773333333</dst>
            <dst id="KSCYng">20255.6986666667</dst>
            <dst id="LOSAng">0</dst>
            <dst id="NYCMng">183466.864</dst>
            <dst id="SNVAng">747.586666666667</dst>
            <dst id="STTLng">4658.10133333333</dst>
            <dst id="WASHng">459893.84</dst>
        </src>
    </IntraTM>
</TrafficMatrixFile>
