<?xml version="1.0" encoding="ISO-8859-1" standalone="yes"?>
<TrafficMatrixFile xsi:noNamespaceSchemaLocation="http://totem.run.montefiore.ulg.ac.be/Schema/TrafficMatrix-v1_2.xsd" xmlns:xsi="http://www.w3.org/2001/XMLSchema-instance">
    <IntraTM ASID="11537">
        <src id="ATLA-M5">
            <dst id="ATLA-M5">0</dst>
            <dst id="ATLAng">226.056</dst>
            <dst id="CHINng">760.749333333333</dst>
            <dst id="DNVRng">0</dst>
            <dst id="HSTNng">1125.41066666667</dst>
            <dst id="IPLSng">762.186666666667</dst>
            <dst id="KSCYng">148.541333333333</dst>
            <dst id="LOSAng">0</dst>
            <dst id="NYCMng">754.208</dst>
            <dst id="SNVAng">0</dst>
            <dst id="STTLng">0</dst>
            <dst id="WASHng">1339.07733333333</dst>
        </src>
        <src id="ATLAng">
            <dst id="ATLA-M5">0</dst>
            <dst id="ATLAng">39384.7093333333</dst>
            <dst id="CHINng">16823.6506666667</dst>
            <dst id="DNVRng">53.3333333333333</dst>
            <dst id="HSTNng">43588.3733333333</dst>
            <dst id="IPLSng">37418.8773333333</dst>
            <dst id="KSCYng">4923.07733333333</dst>
            <dst id="LOSAng">26.6666666666667</dst>
            <dst id="NYCMng">21392.7306666667</dst>
            <dst id="SNVAng">0</dst>
            <dst id="STTLng">906.968</dst>
            <dst id="WASHng">69395.9306666666</dst>
        </src>
        <src id="CHINng">
            <dst id="ATLA-M5">0</dst>
            <dst id="ATLAng">30125.256</dst>
            <dst id="CHINng">151544.224</dst>
            <dst id="DNVRng">19426.4213333333</dst>
            <dst id="HSTNng">111093.216</dst>
            <dst id="IPLSng">47883.4933333333</dst>
            <dst id="KSCYng">14057.4826666667</dst>
            <dst id="LOSAng">875.722666666667</dst>
            <dst id="NYCMng">35778.2586666667</dst>
            <dst id="SNVAng">26.6666666666667</dst>
            <dst id="STTLng">449.312</dst>
            <dst id="WASHng">39867.7306666667</dst>
        </src>
        <src id="DNVRng">
            <dst id="ATLA-M5">0</dst>
            <dst id="ATLAng">9249.30933333333</dst>
            <dst id="CHINng">83946.4613333333</dst>
            <dst id="DNVRng">13611.3306666667</dst>
            <dst id="HSTNng">57710.8853333333</dst>
            <dst id="IPLSng">25736.5013333333</dst>
            <dst id="KSCYng">17560.1786666667</dst>
            <dst id="LOSAng">0</dst>
            <dst id="NYCMng">31638.1253333333</dst>
            <dst id="SNVAng">14967.368</dst>
            <dst id="STTLng">53.3333333333333</dst>
            <dst id="WASHng">34125.528</dst>
        </src>
        <src id="HSTNng">
            <dst id="ATLA-M5">0</dst>
            <dst id="ATLAng">24215.6346666667</dst>
            <dst id="CHINng">2438.98133333333</dst>
            <dst id="DNVRng">0</dst>
            <dst id="HSTNng">164990.536</dst>
            <dst id="IPLSng">114.794666666667</dst>
            <dst id="KSCYng">60.8213333333333</dst>
            <dst id="LOSAng">0</dst>
            <dst id="NYCMng">6761.744</dst>
            <dst id="SNVAng">26.6666666666667</dst>
            <dst id="STTLng">26.6666666666667</dst>
            <dst id="WASHng">92836.456</dst>
        </src>
        <src id="IPLSng">
            <dst id="ATLA-M5">0</dst>
            <dst id="ATLAng">14485.872</dst>
            <dst id="CHINng">141986.330666667</dst>
            <dst id="DNVRng">21535.8506666667</dst>
            <dst id="HSTNng">64347.1813333333</dst>
            <dst id="IPLSng">29256.4213333333</dst>
            <dst id="KSCYng">29115.7493333333</dst>
            <dst id="LOSAng">607.672</dst>
            <dst id="NYCMng">49237.472</dst>
            <dst id="SNVAng">173.570666666667</dst>
            <dst id="STTLng">419.146666666667</dst>
            <dst id="WASHng">27970.1306666667</dst>
        </src>
        <src id="KSCYng">
            <dst id="ATLA-M5">0</dst>
            <dst id="ATLAng">6449.68</dst>
            <dst id="CHINng">37895.8533333333</dst>
            <dst id="DNVRng">6957.77066666667</dst>
            <dst id="HSTNng">13566.9893333333</dst>
            <dst id="IPLSng">16030.176</dst>
            <dst id="KSCYng">9084.96266666667</dst>
            <dst id="LOSAng">26.6666666666667</dst>
            <dst id="NYCMng">7559.46933333333</dst>
            <dst id="SNVAng">26.6666666666667</dst>
            <dst id="STTLng">106.269333333333</dst>
            <dst id="WASHng">9270.89333333333</dst>
        </src>
        <src id="LOSAng">
            <dst id="ATLA-M5">0</dst>
            <dst id="ATLAng">16223.1893333333</dst>
            <dst id="CHINng">11779.8986666667</dst>
            <dst id="DNVRng">8430.832</dst>
            <dst id="HSTNng">173589.165333333</dst>
            <dst id="IPLSng">210.192</dst>
            <dst id="KSCYng">53.3333333333333</dst>
            <dst id="LOSAng">45292.064</dst>
            <dst id="NYCMng">53797.1386666667</dst>
            <dst id="SNVAng">9144.04266666667</dst>
            <dst id="STTLng">26927.8</dst>
            <dst id="WASHng">85282.8186666667</dst>
        </src>
        <src id="NYCMng">
            <dst id="ATLA-M5">0</dst>
            <dst id="ATLAng">29579.536</dst>
            <dst id="CHINng">76117.9306666666</dst>
            <dst id="DNVRng">39189.9573333333</dst>
            <dst id="HSTNng">141159.650666667</dst>
            <dst id="IPLSng">56998.056</dst>
            <dst id="KSCYng">22366.4373333333</dst>
            <dst id="LOSAng">205.44</dst>
            <dst id="NYCMng">236614.445333333</dst>
            <dst id="SNVAng">26.6666666666667</dst>
            <dst id="STTLng">3838.98666666667</dst>
            <dst id="WASHng">85505.4586666667</dst>
        </src>
        <src id="SNVAng">
            <dst id="ATLA-M5">0</dst>
            <dst id="ATLAng">237.429333333333</dst>
            <dst id="CHINng">414.645333333333</dst>
            <dst id="DNVRng">1952.008</dst>
            <dst id="HSTNng">10162.576</dst>
            <dst id="IPLSng">0</dst>
            <dst id="KSCYng">498.157333333333</dst>
            <dst id="LOSAng">32705.4186666667</dst>
            <dst id="NYCMng">5880.08</dst>
            <dst id="SNVAng">13522.208</dst>
            <dst id="STTLng">44584.944</dst>
            <dst id="WASHng">616.306666666667</dst>
        </src>
        <src id="STTLng">
            <dst id="ATLA-M5">0</dst>
            <dst id="ATLAng">8464.26933333333</dst>
            <dst id="CHINng">23538.576</dst>
            <dst id="DNVRng">4777.37866666667</dst>
            <dst id="HSTNng">44408.8666666667</dst>
            <dst id="IPLSng">285.909333333333</dst>
            <dst id="KSCYng">2624.70933333333</dst>
            <dst id="LOSAng">32665.9493333333</dst>
            <dst id="NYCMng">18818.2026666667</dst>
            <dst id="SNVAng">7968.184</dst>
            <dst id="STTLng">5337.29066666667</dst>
            <dst id="WASHng">27210.1253333333</dst>
        </src>
        <src id="WASHng">
            <dst id="ATLA-M5">0</dst>
            <dst id="ATLAng">172456.624</dst>
            <dst id="CHINng">97115.5253333333</dst>
            <dst id="DNVRng">8018.56266666667</dst>
            <dst id="HSTNng">313216.96</dst>
            <dst id="IPLSng">57080.3653333333</dst>
            <dst id="KSCYng">15143.28</dst>
            <dst id="LOSAng">55.6506666666667</dst>
            <dst id="NYCMng">153500.770666667</dst>
            <dst id="SNVAng">76.4773333333333</dst>
            <dst id="STTLng">6622.02133333333</dst>
            <dst id="WASHng">407167.52</dst>
        </src>
    </IntraTM>
</TrafficMatrixFile>
