<?xml version="1.0" encoding="ISO-8859-1" standalone="yes"?>
<TrafficMatrixFile xsi:noNamespaceSchemaLocation="http://totem.run.montefiore.ulg.ac.be/Schema/TrafficMatrix-v1_2.xsd" xmlns:xsi="http://www.w3.org/2001/XMLSchema-instance">
    <IntraTM ASID="11537">
        <src id="ATLA-M5">
            <dst id="ATLA-M5">163.333333333333</dst>
            <dst id="ATLAng">864.829333333333</dst>
            <dst id="CHINng">1552.416</dst>
            <dst id="DNVRng">0</dst>
            <dst id="HSTNng">565.597333333333</dst>
            <dst id="IPLSng">484.765333333333</dst>
            <dst id="KSCYng">153.629333333333</dst>
            <dst id="LOSAng">0</dst>
            <dst id="NYCMng">815.536</dst>
            <dst id="SNVAng">0</dst>
            <dst id="STTLng">0</dst>
            <dst id="WASHng">1835.70666666667</dst>
        </src>
        <src id="ATLAng">
            <dst id="ATLA-M5">0</dst>
            <dst id="ATLAng">34834.4933333333</dst>
            <dst id="CHINng">30172.2506666667</dst>
            <dst id="DNVRng">80</dst>
            <dst id="HSTNng">116662.84</dst>
            <dst id="IPLSng">36032.9626666667</dst>
            <dst id="KSCYng">9693.66933333334</dst>
            <dst id="LOSAng">53.3333333333333</dst>
            <dst id="NYCMng">25180.3013333333</dst>
            <dst id="SNVAng">26.6666666666667</dst>
            <dst id="STTLng">254.72</dst>
            <dst id="WASHng">78715.8853333333</dst>
        </src>
        <src id="CHINng">
            <dst id="ATLA-M5">0</dst>
            <dst id="ATLAng">33401.6746666667</dst>
            <dst id="CHINng">105786.429333333</dst>
            <dst id="DNVRng">22678.5066666667</dst>
            <dst id="HSTNng">128301.44</dst>
            <dst id="IPLSng">88343.616</dst>
            <dst id="KSCYng">19326.9973333333</dst>
            <dst id="LOSAng">531.997333333333</dst>
            <dst id="NYCMng">46410.0373333333</dst>
            <dst id="SNVAng">53.3333333333333</dst>
            <dst id="STTLng">1652.77333333333</dst>
            <dst id="WASHng">54205.864</dst>
        </src>
        <src id="DNVRng">
            <dst id="ATLA-M5">0</dst>
            <dst id="ATLAng">9584.904</dst>
            <dst id="CHINng">122456.589333333</dst>
            <dst id="DNVRng">12895.3146666667</dst>
            <dst id="HSTNng">59223.5733333333</dst>
            <dst id="IPLSng">31423.1733333333</dst>
            <dst id="KSCYng">16860.2026666667</dst>
            <dst id="LOSAng">0</dst>
            <dst id="NYCMng">14292.5786666667</dst>
            <dst id="SNVAng">16408.176</dst>
            <dst id="STTLng">80</dst>
            <dst id="WASHng">46710.8693333333</dst>
        </src>
        <src id="HSTNng">
            <dst id="ATLA-M5">0</dst>
            <dst id="ATLAng">27446.128</dst>
            <dst id="CHINng">2327.88533333333</dst>
            <dst id="DNVRng">53.3333333333333</dst>
            <dst id="HSTNng">197032.661333333</dst>
            <dst id="IPLSng">26.6666666666667</dst>
            <dst id="KSCYng">0</dst>
            <dst id="LOSAng">0</dst>
            <dst id="NYCMng">8042.544</dst>
            <dst id="SNVAng">0</dst>
            <dst id="STTLng">80</dst>
            <dst id="WASHng">116875.757333333</dst>
        </src>
        <src id="IPLSng">
            <dst id="ATLA-M5">0</dst>
            <dst id="ATLAng">23930.872</dst>
            <dst id="CHINng">140516.8</dst>
            <dst id="DNVRng">9980.75733333333</dst>
            <dst id="HSTNng">66014.0986666667</dst>
            <dst id="IPLSng">39416.328</dst>
            <dst id="KSCYng">32315.4293333333</dst>
            <dst id="LOSAng">62.2826666666667</dst>
            <dst id="NYCMng">73908.8586666667</dst>
            <dst id="SNVAng">4689.28266666667</dst>
            <dst id="STTLng">635.413333333333</dst>
            <dst id="WASHng">48859.4213333333</dst>
        </src>
        <src id="KSCYng">
            <dst id="ATLA-M5">0</dst>
            <dst id="ATLAng">9596.87733333333</dst>
            <dst id="CHINng">41514.6426666667</dst>
            <dst id="DNVRng">9065.224</dst>
            <dst id="HSTNng">15767.9066666667</dst>
            <dst id="IPLSng">18696.04</dst>
            <dst id="KSCYng">14093.872</dst>
            <dst id="LOSAng">0</dst>
            <dst id="NYCMng">19165.52</dst>
            <dst id="SNVAng">0</dst>
            <dst id="STTLng">227.68</dst>
            <dst id="WASHng">17061.2346666667</dst>
        </src>
        <src id="LOSAng">
            <dst id="ATLA-M5">0</dst>
            <dst id="ATLAng">20525.4986666667</dst>
            <dst id="CHINng">8742.112</dst>
            <dst id="DNVRng">19705.2933333333</dst>
            <dst id="HSTNng">218421.512</dst>
            <dst id="IPLSng">191.101333333333</dst>
            <dst id="KSCYng">514.88</dst>
            <dst id="LOSAng">19521.4053333333</dst>
            <dst id="NYCMng">76033.6293333333</dst>
            <dst id="SNVAng">19847.9653333333</dst>
            <dst id="STTLng">38620.9786666667</dst>
            <dst id="WASHng">98528.328</dst>
        </src>
        <src id="NYCMng">
            <dst id="ATLA-M5">0</dst>
            <dst id="ATLAng">54464.872</dst>
            <dst id="CHINng">87926</dst>
            <dst id="DNVRng">34583.4613333333</dst>
            <dst id="HSTNng">160383.592</dst>
            <dst id="IPLSng">78904.744</dst>
            <dst id="KSCYng">24200.8746666667</dst>
            <dst id="LOSAng">143.274666666667</dst>
            <dst id="NYCMng">258580.792</dst>
            <dst id="SNVAng">53.3333333333333</dst>
            <dst id="STTLng">5511.47733333333</dst>
            <dst id="WASHng">176074.597333333</dst>
        </src>
        <src id="SNVAng">
            <dst id="ATLA-M5">0</dst>
            <dst id="ATLAng">1080.90666666667</dst>
            <dst id="CHINng">622.186666666667</dst>
            <dst id="DNVRng">9205.92533333333</dst>
            <dst id="HSTNng">6824.66933333334</dst>
            <dst id="IPLSng">0</dst>
            <dst id="KSCYng">646.797333333333</dst>
            <dst id="LOSAng">35975.7786666667</dst>
            <dst id="NYCMng">7826.53066666667</dst>
            <dst id="SNVAng">14893.84</dst>
            <dst id="STTLng">51763.5333333333</dst>
            <dst id="WASHng">2832.84533333333</dst>
        </src>
        <src id="STTLng">
            <dst id="ATLA-M5">0</dst>
            <dst id="ATLAng">12892.0053333333</dst>
            <dst id="CHINng">22112.464</dst>
            <dst id="DNVRng">9340.552</dst>
            <dst id="HSTNng">39466.416</dst>
            <dst id="IPLSng">373.576</dst>
            <dst id="KSCYng">4545.90133333333</dst>
            <dst id="LOSAng">31869.0373333333</dst>
            <dst id="NYCMng">14163.3786666667</dst>
            <dst id="SNVAng">5625.624</dst>
            <dst id="STTLng">7227.57066666667</dst>
            <dst id="WASHng">30055.5226666667</dst>
        </src>
        <src id="WASHng">
            <dst id="ATLA-M5">0</dst>
            <dst id="ATLAng">109648.717333333</dst>
            <dst id="CHINng">81764.456</dst>
            <dst id="DNVRng">4396.62133333333</dst>
            <dst id="HSTNng">345270</dst>
            <dst id="IPLSng">79892.2586666667</dst>
            <dst id="KSCYng">26989.1386666667</dst>
            <dst id="LOSAng">121.6</dst>
            <dst id="NYCMng">267245.706666667</dst>
            <dst id="SNVAng">332.002666666667</dst>
            <dst id="STTLng">5913.34666666667</dst>
            <dst id="WASHng">314969.946666667</dst>
        </src>
    </IntraTM>
</TrafficMatrixFile>
