<?xml version="1.0" encoding="ISO-8859-1" standalone="yes"?>
<TrafficMatrixFile xsi:noNamespaceSchemaLocation="http://totem.run.montefiore.ulg.ac.be/Schema/TrafficMatrix-v1_2.xsd" xmlns:xsi="http://www.w3.org/2001/XMLSchema-instance">
    <IntraTM ASID="11537">
        <src id="ATLA-M5">
            <dst id="ATLA-M5">86.6426666666667</dst>
            <dst id="ATLAng">497</dst>
            <dst id="CHINng">1193.70666666667</dst>
            <dst id="DNVRng">0</dst>
            <dst id="HSTNng">1427.92</dst>
            <dst id="IPLSng">1748.08266666667</dst>
            <dst id="KSCYng">2511.856</dst>
            <dst id="LOSAng">0</dst>
            <dst id="NYCMng">1792.25066666667</dst>
            <dst id="SNVAng">26.6666666666667</dst>
            <dst id="STTLng">0</dst>
            <dst id="WASHng">1738.91466666667</dst>
        </src>
        <src id="ATLAng">
            <dst id="ATLA-M5">0</dst>
            <dst id="ATLAng">49080.6986666667</dst>
            <dst id="CHINng">64160.3226666667</dst>
            <dst id="DNVRng">387.088</dst>
            <dst id="HSTNng">59173.5893333333</dst>
            <dst id="IPLSng">40349.4213333333</dst>
            <dst id="KSCYng">5821.496</dst>
            <dst id="LOSAng">26.6666666666667</dst>
            <dst id="NYCMng">19884.28</dst>
            <dst id="SNVAng">54.912</dst>
            <dst id="STTLng">823.36</dst>
            <dst id="WASHng">113730.898666667</dst>
        </src>
        <src id="CHINng">
            <dst id="ATLA-M5">0</dst>
            <dst id="ATLAng">41294.9226666667</dst>
            <dst id="CHINng">101919.810666667</dst>
            <dst id="DNVRng">24475.7093333333</dst>
            <dst id="HSTNng">135772.210666667</dst>
            <dst id="IPLSng">73494.4506666667</dst>
            <dst id="KSCYng">18035.712</dst>
            <dst id="LOSAng">188.824</dst>
            <dst id="NYCMng">48896.0186666667</dst>
            <dst id="SNVAng">155.637333333333</dst>
            <dst id="STTLng">730.541333333333</dst>
            <dst id="WASHng">43966.688</dst>
        </src>
        <src id="DNVRng">
            <dst id="ATLA-M5">0</dst>
            <dst id="ATLAng">9447.912</dst>
            <dst id="CHINng">69357.7173333333</dst>
            <dst id="DNVRng">6350.41866666667</dst>
            <dst id="HSTNng">44487.6213333333</dst>
            <dst id="IPLSng">29319.2826666667</dst>
            <dst id="KSCYng">11108.9466666667</dst>
            <dst id="LOSAng">0</dst>
            <dst id="NYCMng">16363.6746666667</dst>
            <dst id="SNVAng">13725.0426666667</dst>
            <dst id="STTLng">49.6</dst>
            <dst id="WASHng">45468.1066666667</dst>
        </src>
        <src id="HSTNng">
            <dst id="ATLA-M5">0</dst>
            <dst id="ATLAng">47254.5893333333</dst>
            <dst id="CHINng">4208.416</dst>
            <dst id="DNVRng">80</dst>
            <dst id="HSTNng">171209.76</dst>
            <dst id="IPLSng">171.917333333333</dst>
            <dst id="KSCYng">665.610666666667</dst>
            <dst id="LOSAng">0</dst>
            <dst id="NYCMng">11414.4906666667</dst>
            <dst id="SNVAng">26.6666666666667</dst>
            <dst id="STTLng">232.853333333333</dst>
            <dst id="WASHng">113668.96</dst>
        </src>
        <src id="IPLSng">
            <dst id="ATLA-M5">0</dst>
            <dst id="ATLAng">38560.472</dst>
            <dst id="CHINng">122100.717333333</dst>
            <dst id="DNVRng">16907.6293333333</dst>
            <dst id="HSTNng">125485.154666667</dst>
            <dst id="IPLSng">35980.7573333333</dst>
            <dst id="KSCYng">22022.7093333333</dst>
            <dst id="LOSAng">648.565333333333</dst>
            <dst id="NYCMng">59106.792</dst>
            <dst id="SNVAng">835.981333333333</dst>
            <dst id="STTLng">226.018666666667</dst>
            <dst id="WASHng">31663.032</dst>
        </src>
        <src id="KSCYng">
            <dst id="ATLA-M5">0</dst>
            <dst id="ATLAng">6024.54133333333</dst>
            <dst id="CHINng">42764.968</dst>
            <dst id="DNVRng">34449.4933333333</dst>
            <dst id="HSTNng">24087.5493333333</dst>
            <dst id="IPLSng">24768.6826666667</dst>
            <dst id="KSCYng">6478.29066666667</dst>
            <dst id="LOSAng">26.6666666666667</dst>
            <dst id="NYCMng">9153.76266666667</dst>
            <dst id="SNVAng">53.3333333333333</dst>
            <dst id="STTLng">212.104</dst>
            <dst id="WASHng">16996.792</dst>
        </src>
        <src id="LOSAng">
            <dst id="ATLA-M5">0</dst>
            <dst id="ATLAng">38557.656</dst>
            <dst id="CHINng">5316.58666666667</dst>
            <dst id="DNVRng">35295.36</dst>
            <dst id="HSTNng">179466.042666667</dst>
            <dst id="IPLSng">1617.27733333333</dst>
            <dst id="KSCYng">637.122666666667</dst>
            <dst id="LOSAng">12799.1173333333</dst>
            <dst id="NYCMng">44476.3146666667</dst>
            <dst id="SNVAng">16630.5493333333</dst>
            <dst id="STTLng">22590.968</dst>
            <dst id="WASHng">96396.9146666666</dst>
        </src>
        <src id="NYCMng">
            <dst id="ATLA-M5">0</dst>
            <dst id="ATLAng">55184.8</dst>
            <dst id="CHINng">79039.8986666667</dst>
            <dst id="DNVRng">45773.3066666667</dst>
            <dst id="HSTNng">163246.496</dst>
            <dst id="IPLSng">64676.2373333333</dst>
            <dst id="KSCYng">27937.0586666667</dst>
            <dst id="LOSAng">134.642666666667</dst>
            <dst id="NYCMng">264944.802666667</dst>
            <dst id="SNVAng">355.2</dst>
            <dst id="STTLng">1544.86933333333</dst>
            <dst id="WASHng">198701.114666667</dst>
        </src>
        <src id="SNVAng">
            <dst id="ATLA-M5">0</dst>
            <dst id="ATLAng">2857.52</dst>
            <dst id="CHINng">133.333333333333</dst>
            <dst id="DNVRng">23227.9653333333</dst>
            <dst id="HSTNng">14506.9226666667</dst>
            <dst id="IPLSng">26.6666666666667</dst>
            <dst id="KSCYng">4870.71733333333</dst>
            <dst id="LOSAng">37302.6213333333</dst>
            <dst id="NYCMng">4421.97333333333</dst>
            <dst id="SNVAng">15132.9226666667</dst>
            <dst id="STTLng">59536.5733333333</dst>
            <dst id="WASHng">3174.84266666667</dst>
        </src>
        <src id="STTLng">
            <dst id="ATLA-M5">0</dst>
            <dst id="ATLAng">14466.4586666667</dst>
            <dst id="CHINng">21991.9893333333</dst>
            <dst id="DNVRng">12857.7306666667</dst>
            <dst id="HSTNng">42045.768</dst>
            <dst id="IPLSng">365.397333333333</dst>
            <dst id="KSCYng">5014.616</dst>
            <dst id="LOSAng">26601.9786666667</dst>
            <dst id="NYCMng">13614.6213333333</dst>
            <dst id="SNVAng">9160.92533333334</dst>
            <dst id="STTLng">1497.056</dst>
            <dst id="WASHng">33498.6266666667</dst>
        </src>
        <src id="WASHng">
            <dst id="ATLA-M5">0</dst>
            <dst id="ATLAng">96212.848</dst>
            <dst id="CHINng">101714.904</dst>
            <dst id="DNVRng">3049.27733333333</dst>
            <dst id="HSTNng">351254.133333333</dst>
            <dst id="IPLSng">76372.864</dst>
            <dst id="KSCYng">17763.6053333333</dst>
            <dst id="LOSAng">91.3493333333333</dst>
            <dst id="NYCMng">215002.32</dst>
            <dst id="SNVAng">286.346666666667</dst>
            <dst id="STTLng">3382.70133333333</dst>
            <dst id="WASHng">274191.333333333</dst>
        </src>
    </IntraTM>
</TrafficMatrixFile>
