<?xml version="1.0" encoding="ISO-8859-1" standalone="yes"?>
<TrafficMatrixFile xsi:noNamespaceSchemaLocation="http://totem.run.montefiore.ulg.ac.be/Schema/TrafficMatrix-v1_2.xsd" xmlns:xsi="http://www.w3.org/2001/XMLSchema-instance">
    <IntraTM ASID="11537">
        <src id="ATLA-M5">
            <dst id="ATLA-M5">1005.16</dst>
            <dst id="ATLAng">1923.128</dst>
            <dst id="CHINng">1588.52533333333</dst>
            <dst id="DNVRng">0</dst>
            <dst id="HSTNng">2048.432</dst>
            <dst id="IPLSng">368.133333333333</dst>
            <dst id="KSCYng">617.829333333333</dst>
            <dst id="LOSAng">0</dst>
            <dst id="NYCMng">1526.136</dst>
            <dst id="SNVAng">0</dst>
            <dst id="STTLng">80</dst>
            <dst id="WASHng">3028.90933333333</dst>
        </src>
        <src id="ATLAng">
            <dst id="ATLA-M5">0</dst>
            <dst id="ATLAng">32729.232</dst>
            <dst id="CHINng">44396.104</dst>
            <dst id="DNVRng">75.848</dst>
            <dst id="HSTNng">65426.8453333333</dst>
            <dst id="IPLSng">104087.509333333</dst>
            <dst id="KSCYng">7344.27466666667</dst>
            <dst id="LOSAng">86.5733333333333</dst>
            <dst id="NYCMng">19424.0746666667</dst>
            <dst id="SNVAng">1155.53066666667</dst>
            <dst id="STTLng">220.925333333333</dst>
            <dst id="WASHng">87776.752</dst>
        </src>
        <src id="CHINng">
            <dst id="ATLA-M5">0</dst>
            <dst id="ATLAng">31493.1733333333</dst>
            <dst id="CHINng">122365.544</dst>
            <dst id="DNVRng">25597.1893333333</dst>
            <dst id="HSTNng">108840.176</dst>
            <dst id="IPLSng">85613.368</dst>
            <dst id="KSCYng">21687.9466666667</dst>
            <dst id="LOSAng">232.154666666667</dst>
            <dst id="NYCMng">47182.8826666667</dst>
            <dst id="SNVAng">218.032</dst>
            <dst id="STTLng">815.488</dst>
            <dst id="WASHng">58817.5386666667</dst>
        </src>
        <src id="DNVRng">
            <dst id="ATLA-M5">0</dst>
            <dst id="ATLAng">29479.2106666667</dst>
            <dst id="CHINng">77013.9573333333</dst>
            <dst id="DNVRng">24576.5626666667</dst>
            <dst id="HSTNng">75053.7973333334</dst>
            <dst id="IPLSng">43286.2693333333</dst>
            <dst id="KSCYng">27806.7706666667</dst>
            <dst id="LOSAng">26.6666666666667</dst>
            <dst id="NYCMng">26640.0693333333</dst>
            <dst id="SNVAng">33875.9413333333</dst>
            <dst id="STTLng">289.938666666667</dst>
            <dst id="WASHng">54139.2613333333</dst>
        </src>
        <src id="HSTNng">
            <dst id="ATLA-M5">0</dst>
            <dst id="ATLAng">40102.4346666667</dst>
            <dst id="CHINng">4717.99466666667</dst>
            <dst id="DNVRng">260.941333333333</dst>
            <dst id="HSTNng">202104.304</dst>
            <dst id="IPLSng">296.448</dst>
            <dst id="KSCYng">164.565333333333</dst>
            <dst id="LOSAng">0</dst>
            <dst id="NYCMng">10024.7253333333</dst>
            <dst id="SNVAng">92.2266666666667</dst>
            <dst id="STTLng">135.818666666667</dst>
            <dst id="WASHng">135146.810666667</dst>
        </src>
        <src id="IPLSng">
            <dst id="ATLA-M5">0</dst>
            <dst id="ATLAng">89570.0426666667</dst>
            <dst id="CHINng">140784.685333333</dst>
            <dst id="DNVRng">22417.984</dst>
            <dst id="HSTNng">69924.9413333333</dst>
            <dst id="IPLSng">44122.4773333333</dst>
            <dst id="KSCYng">33581.5013333333</dst>
            <dst id="LOSAng">261.656</dst>
            <dst id="NYCMng">59503.6853333333</dst>
            <dst id="SNVAng">5725.38666666667</dst>
            <dst id="STTLng">250.133333333333</dst>
            <dst id="WASHng">52503.6826666667</dst>
        </src>
        <src id="KSCYng">
            <dst id="ATLA-M5">0</dst>
            <dst id="ATLAng">5820.53866666666</dst>
            <dst id="CHINng">38328.7866666667</dst>
            <dst id="DNVRng">26703.6533333333</dst>
            <dst id="HSTNng">23001.04</dst>
            <dst id="IPLSng">36201.1653333333</dst>
            <dst id="KSCYng">16527.4906666667</dst>
            <dst id="LOSAng">0</dst>
            <dst id="NYCMng">10046.6053333333</dst>
            <dst id="SNVAng">123.373333333333</dst>
            <dst id="STTLng">159.834666666667</dst>
            <dst id="WASHng">17133.824</dst>
        </src>
        <src id="LOSAng">
            <dst id="ATLA-M5">0</dst>
            <dst id="ATLAng">29971.52</dst>
            <dst id="CHINng">8391.688</dst>
            <dst id="DNVRng">33307.84</dst>
            <dst id="HSTNng">200338.384</dst>
            <dst id="IPLSng">1865.39466666667</dst>
            <dst id="KSCYng">671.36</dst>
            <dst id="LOSAng">23450.3466666667</dst>
            <dst id="NYCMng">69888.8906666667</dst>
            <dst id="SNVAng">17362.384</dst>
            <dst id="STTLng">25981.832</dst>
            <dst id="WASHng">114831.856</dst>
        </src>
        <src id="NYCMng">
            <dst id="ATLA-M5">0</dst>
            <dst id="ATLAng">89804.936</dst>
            <dst id="CHINng">115398.749333333</dst>
            <dst id="DNVRng">46900.656</dst>
            <dst id="HSTNng">177594.770666667</dst>
            <dst id="IPLSng">78626.3546666667</dst>
            <dst id="KSCYng">31215.048</dst>
            <dst id="LOSAng">106.666666666667</dst>
            <dst id="NYCMng">275527.653333333</dst>
            <dst id="SNVAng">304.474666666667</dst>
            <dst id="STTLng">1982.728</dst>
            <dst id="WASHng">214442.418666667</dst>
        </src>
        <src id="SNVAng">
            <dst id="ATLA-M5">0</dst>
            <dst id="ATLAng">3173.84266666667</dst>
            <dst id="CHINng">292.021333333333</dst>
            <dst id="DNVRng">11727.5013333333</dst>
            <dst id="HSTNng">14562.816</dst>
            <dst id="IPLSng">0</dst>
            <dst id="KSCYng">2629.936</dst>
            <dst id="LOSAng">39622.5146666667</dst>
            <dst id="NYCMng">15336.8586666667</dst>
            <dst id="SNVAng">16320.6773333333</dst>
            <dst id="STTLng">54142.2933333333</dst>
            <dst id="WASHng">1235.744</dst>
        </src>
        <src id="STTLng">
            <dst id="ATLA-M5">0</dst>
            <dst id="ATLAng">16502.736</dst>
            <dst id="CHINng">24928.1013333333</dst>
            <dst id="DNVRng">9399.77333333333</dst>
            <dst id="HSTNng">61531.672</dst>
            <dst id="IPLSng">789.293333333333</dst>
            <dst id="KSCYng">8408.17866666666</dst>
            <dst id="LOSAng">30286.4613333333</dst>
            <dst id="NYCMng">23239.4213333333</dst>
            <dst id="SNVAng">14533.0613333333</dst>
            <dst id="STTLng">5510.89066666667</dst>
            <dst id="WASHng">39714.448</dst>
        </src>
        <src id="WASHng">
            <dst id="ATLA-M5">0</dst>
            <dst id="ATLAng">161168.165333333</dst>
            <dst id="CHINng">124189.2</dst>
            <dst id="DNVRng">6737.696</dst>
            <dst id="HSTNng">371789.226666667</dst>
            <dst id="IPLSng">75584.264</dst>
            <dst id="KSCYng">31611.1146666667</dst>
            <dst id="LOSAng">105.085333333333</dst>
            <dst id="NYCMng">238145.312</dst>
            <dst id="SNVAng">423.522666666667</dst>
            <dst id="STTLng">4539.18666666667</dst>
            <dst id="WASHng">357081.546666667</dst>
        </src>
    </IntraTM>
</TrafficMatrixFile>
