<?xml version="1.0" encoding="ISO-8859-1" standalone="yes"?>
<TrafficMatrixFile xsi:noNamespaceSchemaLocation="http://totem.run.montefiore.ulg.ac.be/Schema/TrafficMatrix-v1_2.xsd" xmlns:xsi="http://www.w3.org/2001/XMLSchema-instance">
    <IntraTM ASID="11537">
        <src id="ATLA-M5">
            <dst id="ATLA-M5">451.304</dst>
            <dst id="ATLAng">492.042666666667</dst>
            <dst id="CHINng">633.514666666667</dst>
            <dst id="DNVRng">0</dst>
            <dst id="HSTNng">2738.51466666667</dst>
            <dst id="IPLSng">1021.952</dst>
            <dst id="KSCYng">2290.69066666667</dst>
            <dst id="LOSAng">0</dst>
            <dst id="NYCMng">3059.11733333333</dst>
            <dst id="SNVAng">0</dst>
            <dst id="STTLng">0</dst>
            <dst id="WASHng">778.968</dst>
        </src>
        <src id="ATLAng">
            <dst id="ATLA-M5">0</dst>
            <dst id="ATLAng">27078.84</dst>
            <dst id="CHINng">63296.4853333333</dst>
            <dst id="DNVRng">147.624</dst>
            <dst id="HSTNng">77952.1013333333</dst>
            <dst id="IPLSng">43620.944</dst>
            <dst id="KSCYng">7339.00533333334</dst>
            <dst id="LOSAng">0</dst>
            <dst id="NYCMng">25625.3733333333</dst>
            <dst id="SNVAng">640.144</dst>
            <dst id="STTLng">645.226666666667</dst>
            <dst id="WASHng">59596.152</dst>
        </src>
        <src id="CHINng">
            <dst id="ATLA-M5">0</dst>
            <dst id="ATLAng">49914.3813333333</dst>
            <dst id="CHINng">120844.392</dst>
            <dst id="DNVRng">26492.7866666667</dst>
            <dst id="HSTNng">125917.261333333</dst>
            <dst id="IPLSng">69555.016</dst>
            <dst id="KSCYng">21357.2</dst>
            <dst id="LOSAng">134.624</dst>
            <dst id="NYCMng">48338.6106666667</dst>
            <dst id="SNVAng">166.794666666667</dst>
            <dst id="STTLng">648.445333333333</dst>
            <dst id="WASHng">49759.0293333333</dst>
        </src>
        <src id="DNVRng">
            <dst id="ATLA-M5">0</dst>
            <dst id="ATLAng">10318.9466666667</dst>
            <dst id="CHINng">87133.5466666667</dst>
            <dst id="DNVRng">13887.0213333333</dst>
            <dst id="HSTNng">42361.5653333333</dst>
            <dst id="IPLSng">28626.3866666667</dst>
            <dst id="KSCYng">17504.1466666667</dst>
            <dst id="LOSAng">26.6666666666667</dst>
            <dst id="NYCMng">23834.832</dst>
            <dst id="SNVAng">21621.776</dst>
            <dst id="STTLng">238.362666666667</dst>
            <dst id="WASHng">45047.872</dst>
        </src>
        <src id="HSTNng">
            <dst id="ATLA-M5">0</dst>
            <dst id="ATLAng">46852.4773333333</dst>
            <dst id="CHINng">3736.09866666667</dst>
            <dst id="DNVRng">0</dst>
            <dst id="HSTNng">194443.16</dst>
            <dst id="IPLSng">26.6666666666667</dst>
            <dst id="KSCYng">44.632</dst>
            <dst id="LOSAng">0</dst>
            <dst id="NYCMng">7815.92533333334</dst>
            <dst id="SNVAng">0</dst>
            <dst id="STTLng">178.397333333333</dst>
            <dst id="WASHng">123590.426666667</dst>
        </src>
        <src id="IPLSng">
            <dst id="ATLA-M5">0</dst>
            <dst id="ATLAng">40739.248</dst>
            <dst id="CHINng">105876.498666667</dst>
            <dst id="DNVRng">39391.2853333333</dst>
            <dst id="HSTNng">120964.608</dst>
            <dst id="IPLSng">45830.9733333333</dst>
            <dst id="KSCYng">22572.3573333333</dst>
            <dst id="LOSAng">1215.61066666667</dst>
            <dst id="NYCMng">46665.144</dst>
            <dst id="SNVAng">1904.304</dst>
            <dst id="STTLng">226.802666666667</dst>
            <dst id="WASHng">33838.7066666667</dst>
        </src>
        <src id="KSCYng">
            <dst id="ATLA-M5">0</dst>
            <dst id="ATLAng">4719.50133333333</dst>
            <dst id="CHINng">32982.632</dst>
            <dst id="DNVRng">40531.4133333333</dst>
            <dst id="HSTNng">22282.3146666667</dst>
            <dst id="IPLSng">25967.8453333333</dst>
            <dst id="KSCYng">8552.65333333333</dst>
            <dst id="LOSAng">114.749333333333</dst>
            <dst id="NYCMng">10776.6613333333</dst>
            <dst id="SNVAng">26.6666666666667</dst>
            <dst id="STTLng">172.768</dst>
            <dst id="WASHng">19106.6426666667</dst>
        </src>
        <src id="LOSAng">
            <dst id="ATLA-M5">0</dst>
            <dst id="ATLAng">37332.248</dst>
            <dst id="CHINng">5741.83733333333</dst>
            <dst id="DNVRng">23572.1306666667</dst>
            <dst id="HSTNng">177884.906666667</dst>
            <dst id="IPLSng">1797.14133333333</dst>
            <dst id="KSCYng">1736.55733333333</dst>
            <dst id="LOSAng">12601.8453333333</dst>
            <dst id="NYCMng">65060.9573333333</dst>
            <dst id="SNVAng">17056.7173333333</dst>
            <dst id="STTLng">34899.0133333333</dst>
            <dst id="WASHng">103984.016</dst>
        </src>
        <src id="NYCMng">
            <dst id="ATLA-M5">0</dst>
            <dst id="ATLAng">59857.3546666667</dst>
            <dst id="CHINng">100067.962666667</dst>
            <dst id="DNVRng">50527.208</dst>
            <dst id="HSTNng">152915.226666667</dst>
            <dst id="IPLSng">82214.368</dst>
            <dst id="KSCYng">33116.808</dst>
            <dst id="LOSAng">52</dst>
            <dst id="NYCMng">245042.866666667</dst>
            <dst id="SNVAng">224.04</dst>
            <dst id="STTLng">1667.728</dst>
            <dst id="WASHng">208776.298666667</dst>
        </src>
        <src id="SNVAng">
            <dst id="ATLA-M5">0</dst>
            <dst id="ATLAng">2240.528</dst>
            <dst id="CHINng">273.722666666667</dst>
            <dst id="DNVRng">15642.2933333333</dst>
            <dst id="HSTNng">12497.4746666667</dst>
            <dst id="IPLSng">0</dst>
            <dst id="KSCYng">4181.34666666667</dst>
            <dst id="LOSAng">40469.376</dst>
            <dst id="NYCMng">10022.6426666667</dst>
            <dst id="SNVAng">23504.504</dst>
            <dst id="STTLng">50271.088</dst>
            <dst id="WASHng">2758.88533333333</dst>
        </src>
        <src id="STTLng">
            <dst id="ATLA-M5">0</dst>
            <dst id="ATLAng">13343.4906666667</dst>
            <dst id="CHINng">22741.96</dst>
            <dst id="DNVRng">15504.968</dst>
            <dst id="HSTNng">49123.0906666667</dst>
            <dst id="IPLSng">451.072</dst>
            <dst id="KSCYng">6829.416</dst>
            <dst id="LOSAng">31954.0373333333</dst>
            <dst id="NYCMng">17219.304</dst>
            <dst id="SNVAng">9008.73866666667</dst>
            <dst id="STTLng">4494.41066666667</dst>
            <dst id="WASHng">39692.6613333333</dst>
        </src>
        <src id="WASHng">
            <dst id="ATLA-M5">0</dst>
            <dst id="ATLAng">71993.4746666667</dst>
            <dst id="CHINng">123340.413333333</dst>
            <dst id="DNVRng">2084.26933333333</dst>
            <dst id="HSTNng">327460.64</dst>
            <dst id="IPLSng">99058.0053333333</dst>
            <dst id="KSCYng">26692.272</dst>
            <dst id="LOSAng">80.7466666666667</dst>
            <dst id="NYCMng">200052.096</dst>
            <dst id="SNVAng">299.776</dst>
            <dst id="STTLng">3350.584</dst>
            <dst id="WASHng">301570.986666667</dst>
        </src>
    </IntraTM>
</TrafficMatrixFile>
