<?xml version="1.0" encoding="ISO-8859-1" standalone="yes"?>
<TrafficMatrixFile xsi:noNamespaceSchemaLocation="http://totem.run.montefiore.ulg.ac.be/Schema/TrafficMatrix-v1_2.xsd" xmlns:xsi="http://www.w3.org/2001/XMLSchema-instance">
    <IntraTM ASID="11537">
        <src id="ATLA-M5">
            <dst id="ATLA-M5">0</dst>
            <dst id="ATLAng">328.48</dst>
            <dst id="CHINng">276.722666666667</dst>
            <dst id="DNVRng">0</dst>
            <dst id="HSTNng">147.445333333333</dst>
            <dst id="IPLSng">886.237333333333</dst>
            <dst id="KSCYng">0</dst>
            <dst id="LOSAng">0</dst>
            <dst id="NYCMng">2345.57866666667</dst>
            <dst id="SNVAng">0</dst>
            <dst id="STTLng">26.9866666666667</dst>
            <dst id="WASHng">392.666666666667</dst>
        </src>
        <src id="ATLAng">
            <dst id="ATLA-M5">0</dst>
            <dst id="ATLAng">27094.4</dst>
            <dst id="CHINng">38487.944</dst>
            <dst id="DNVRng">0</dst>
            <dst id="HSTNng">10335.6506666667</dst>
            <dst id="IPLSng">30256.1946666667</dst>
            <dst id="KSCYng">26.6666666666667</dst>
            <dst id="LOSAng">166.909333333333</dst>
            <dst id="NYCMng">63985.6266666667</dst>
            <dst id="SNVAng">80</dst>
            <dst id="STTLng">26.6666666666667</dst>
            <dst id="WASHng">38049.424</dst>
        </src>
        <src id="CHINng">
            <dst id="ATLA-M5">0</dst>
            <dst id="ATLAng">27087.728</dst>
            <dst id="CHINng">39465.9413333334</dst>
            <dst id="DNVRng">0</dst>
            <dst id="HSTNng">17915.2186666667</dst>
            <dst id="IPLSng">58807.3573333333</dst>
            <dst id="KSCYng">452.754666666667</dst>
            <dst id="LOSAng">26.6666666666667</dst>
            <dst id="NYCMng">224144.205333333</dst>
            <dst id="SNVAng">53.3333333333333</dst>
            <dst id="STTLng">324.661333333333</dst>
            <dst id="WASHng">48243.9013333333</dst>
        </src>
        <src id="DNVRng">
            <dst id="ATLA-M5">0</dst>
            <dst id="ATLAng">7788.06666666667</dst>
            <dst id="CHINng">99659.9866666667</dst>
            <dst id="DNVRng">13959.8346666667</dst>
            <dst id="HSTNng">46998.4053333333</dst>
            <dst id="IPLSng">34344.024</dst>
            <dst id="KSCYng">20982.176</dst>
            <dst id="LOSAng">0</dst>
            <dst id="NYCMng">36030.0826666667</dst>
            <dst id="SNVAng">22102.832</dst>
            <dst id="STTLng">4071.59466666667</dst>
            <dst id="WASHng">47955.344</dst>
        </src>
        <src id="HSTNng">
            <dst id="ATLA-M5">0</dst>
            <dst id="ATLAng">38577.6666666667</dst>
            <dst id="CHINng">506.024</dst>
            <dst id="DNVRng">26.6666666666667</dst>
            <dst id="HSTNng">135625.533333333</dst>
            <dst id="IPLSng">80</dst>
            <dst id="KSCYng">153.834666666667</dst>
            <dst id="LOSAng">0</dst>
            <dst id="NYCMng">7871.23733333333</dst>
            <dst id="SNVAng">0</dst>
            <dst id="STTLng">0</dst>
            <dst id="WASHng">124403.181333333</dst>
        </src>
        <src id="IPLSng">
            <dst id="ATLA-M5">0</dst>
            <dst id="ATLAng">17288.0853333333</dst>
            <dst id="CHINng">110757.885333333</dst>
            <dst id="DNVRng">0</dst>
            <dst id="HSTNng">8457.77333333333</dst>
            <dst id="IPLSng">35041.424</dst>
            <dst id="KSCYng">21408.328</dst>
            <dst id="LOSAng">0</dst>
            <dst id="NYCMng">246529.912</dst>
            <dst id="SNVAng">160</dst>
            <dst id="STTLng">76.32</dst>
            <dst id="WASHng">36123.4426666667</dst>
        </src>
        <src id="KSCYng">
            <dst id="ATLA-M5">0</dst>
            <dst id="ATLAng">5329.952</dst>
            <dst id="CHINng">22781.7653333333</dst>
            <dst id="DNVRng">14956.52</dst>
            <dst id="HSTNng">17167.344</dst>
            <dst id="IPLSng">14153.9146666667</dst>
            <dst id="KSCYng">6706.384</dst>
            <dst id="LOSAng">0</dst>
            <dst id="NYCMng">57420.984</dst>
            <dst id="SNVAng">26.6666666666667</dst>
            <dst id="STTLng">26.6666666666667</dst>
            <dst id="WASHng">12463.8853333333</dst>
        </src>
        <src id="LOSAng">
            <dst id="ATLA-M5">0</dst>
            <dst id="ATLAng">28769.152</dst>
            <dst id="CHINng">2264.40266666667</dst>
            <dst id="DNVRng">25018.8906666667</dst>
            <dst id="HSTNng">138585.269333333</dst>
            <dst id="IPLSng">2335.65333333333</dst>
            <dst id="KSCYng">106.666666666667</dst>
            <dst id="LOSAng">18881.672</dst>
            <dst id="NYCMng">67403.6666666667</dst>
            <dst id="SNVAng">11888.3173333333</dst>
            <dst id="STTLng">25450.968</dst>
            <dst id="WASHng">102728.941333333</dst>
        </src>
        <src id="NYCMng">
            <dst id="ATLA-M5">0</dst>
            <dst id="ATLAng">41157.3546666667</dst>
            <dst id="CHINng">1753.88</dst>
            <dst id="DNVRng">0</dst>
            <dst id="HSTNng">22849.2933333333</dst>
            <dst id="IPLSng">122.584</dst>
            <dst id="KSCYng">117.333333333333</dst>
            <dst id="LOSAng">26.6666666666667</dst>
            <dst id="NYCMng">556947.626666667</dst>
            <dst id="SNVAng">26.6666666666667</dst>
            <dst id="STTLng">144.917333333333</dst>
            <dst id="WASHng">109386.677333333</dst>
        </src>
        <src id="SNVAng">
            <dst id="ATLA-M5">0</dst>
            <dst id="ATLAng">1187.88266666667</dst>
            <dst id="CHINng">157.632</dst>
            <dst id="DNVRng">11366.9813333333</dst>
            <dst id="HSTNng">3635.28266666667</dst>
            <dst id="IPLSng">0</dst>
            <dst id="KSCYng">342.442666666667</dst>
            <dst id="LOSAng">41125.4906666667</dst>
            <dst id="NYCMng">5545.85333333333</dst>
            <dst id="SNVAng">15400.4586666667</dst>
            <dst id="STTLng">56203.2266666667</dst>
            <dst id="WASHng">1575.35733333333</dst>
        </src>
        <src id="STTLng">
            <dst id="ATLA-M5">0</dst>
            <dst id="ATLAng">9028.552</dst>
            <dst id="CHINng">671.157333333333</dst>
            <dst id="DNVRng">5786.49333333333</dst>
            <dst id="HSTNng">24599.504</dst>
            <dst id="IPLSng">248.229333333333</dst>
            <dst id="KSCYng">3958.98133333333</dst>
            <dst id="LOSAng">25090.9253333333</dst>
            <dst id="NYCMng">51684.6426666667</dst>
            <dst id="SNVAng">9631.27733333333</dst>
            <dst id="STTLng">11338.104</dst>
            <dst id="WASHng">29589.32</dst>
        </src>
        <src id="WASHng">
            <dst id="ATLA-M5">0</dst>
            <dst id="ATLAng">127291.642666667</dst>
            <dst id="CHINng">591.045333333333</dst>
            <dst id="DNVRng">0</dst>
            <dst id="HSTNng">111610.634666667</dst>
            <dst id="IPLSng">80</dst>
            <dst id="KSCYng">133.333333333333</dst>
            <dst id="LOSAng">26.6666666666667</dst>
            <dst id="NYCMng">644960.346666667</dst>
            <dst id="SNVAng">106.666666666667</dst>
            <dst id="STTLng">114.053333333333</dst>
            <dst id="WASHng">288454.293333333</dst>
        </src>
    </IntraTM>
</TrafficMatrixFile>
