<?xml version="1.0" encoding="ISO-8859-1" standalone="yes"?>
<TrafficMatrixFile xsi:noNamespaceSchemaLocation="http://totem.run.montefiore.ulg.ac.be/Schema/TrafficMatrix-v1_2.xsd" xmlns:xsi="http://www.w3.org/2001/XMLSchema-instance">
    <IntraTM ASID="11537">
        <src id="ATLA-M5">
            <dst id="ATLA-M5">0</dst>
            <dst id="ATLAng">130.088</dst>
            <dst id="CHINng">1408.288</dst>
            <dst id="DNVRng">0</dst>
            <dst id="HSTNng">266.237333333333</dst>
            <dst id="IPLSng">379.704</dst>
            <dst id="KSCYng">0</dst>
            <dst id="LOSAng">0</dst>
            <dst id="NYCMng">288.92</dst>
            <dst id="SNVAng">0</dst>
            <dst id="STTLng">0</dst>
            <dst id="WASHng">2518.62933333333</dst>
        </src>
        <src id="ATLAng">
            <dst id="ATLA-M5">0</dst>
            <dst id="ATLAng">25840.5786666667</dst>
            <dst id="CHINng">21497.3866666667</dst>
            <dst id="DNVRng">0</dst>
            <dst id="HSTNng">2326.63733333333</dst>
            <dst id="IPLSng">23623.4453333333</dst>
            <dst id="KSCYng">0</dst>
            <dst id="LOSAng">76.1066666666667</dst>
            <dst id="NYCMng">38973.2906666667</dst>
            <dst id="SNVAng">26.6666666666667</dst>
            <dst id="STTLng">26.6666666666667</dst>
            <dst id="WASHng">36200.1733333333</dst>
        </src>
        <src id="CHINng">
            <dst id="ATLA-M5">0</dst>
            <dst id="ATLAng">17365.1333333333</dst>
            <dst id="CHINng">20397.3413333333</dst>
            <dst id="DNVRng">0</dst>
            <dst id="HSTNng">16099.408</dst>
            <dst id="IPLSng">23280.04</dst>
            <dst id="KSCYng">53.3333333333333</dst>
            <dst id="LOSAng">0</dst>
            <dst id="NYCMng">180614.688</dst>
            <dst id="SNVAng">26.6666666666667</dst>
            <dst id="STTLng">1620.10666666667</dst>
            <dst id="WASHng">21540.624</dst>
        </src>
        <src id="DNVRng">
            <dst id="ATLA-M5">0</dst>
            <dst id="ATLAng">10896.2933333333</dst>
            <dst id="CHINng">25787.7973333333</dst>
            <dst id="DNVRng">10611.336</dst>
            <dst id="HSTNng">29039.7013333333</dst>
            <dst id="IPLSng">24201.096</dst>
            <dst id="KSCYng">17770.5386666667</dst>
            <dst id="LOSAng">0</dst>
            <dst id="NYCMng">36747.856</dst>
            <dst id="SNVAng">10614.1306666667</dst>
            <dst id="STTLng">2151.552</dst>
            <dst id="WASHng">45233.5013333333</dst>
        </src>
        <src id="HSTNng">
            <dst id="ATLA-M5">0</dst>
            <dst id="ATLAng">20102.4853333333</dst>
            <dst id="CHINng">420.802666666667</dst>
            <dst id="DNVRng">0</dst>
            <dst id="HSTNng">96114.3493333333</dst>
            <dst id="IPLSng">53.3333333333333</dst>
            <dst id="KSCYng">0</dst>
            <dst id="LOSAng">0</dst>
            <dst id="NYCMng">4557.55466666667</dst>
            <dst id="SNVAng">26.6666666666667</dst>
            <dst id="STTLng">0</dst>
            <dst id="WASHng">74939.392</dst>
        </src>
        <src id="IPLSng">
            <dst id="ATLA-M5">0</dst>
            <dst id="ATLAng">10289.704</dst>
            <dst id="CHINng">52339.408</dst>
            <dst id="DNVRng">0</dst>
            <dst id="HSTNng">11518.7146666667</dst>
            <dst id="IPLSng">20848.3466666667</dst>
            <dst id="KSCYng">16722.568</dst>
            <dst id="LOSAng">227.552</dst>
            <dst id="NYCMng">179349.309333333</dst>
            <dst id="SNVAng">53.3333333333333</dst>
            <dst id="STTLng">53.3333333333333</dst>
            <dst id="WASHng">20524.8133333333</dst>
        </src>
        <src id="KSCYng">
            <dst id="ATLA-M5">0</dst>
            <dst id="ATLAng">4691.928</dst>
            <dst id="CHINng">10927.8346666667</dst>
            <dst id="DNVRng">5389.976</dst>
            <dst id="HSTNng">13080.4266666667</dst>
            <dst id="IPLSng">7775.56</dst>
            <dst id="KSCYng">5884.80533333333</dst>
            <dst id="LOSAng">0</dst>
            <dst id="NYCMng">19482.8026666667</dst>
            <dst id="SNVAng">0</dst>
            <dst id="STTLng">0</dst>
            <dst id="WASHng">9589.208</dst>
        </src>
        <src id="LOSAng">
            <dst id="ATLA-M5">0</dst>
            <dst id="ATLAng">15947.912</dst>
            <dst id="CHINng">1408.42133333333</dst>
            <dst id="DNVRng">6078.05333333333</dst>
            <dst id="HSTNng">89132.84</dst>
            <dst id="IPLSng">624.690666666667</dst>
            <dst id="KSCYng">98.8293333333333</dst>
            <dst id="LOSAng">19784.496</dst>
            <dst id="NYCMng">60383.8266666667</dst>
            <dst id="SNVAng">16782.7786666667</dst>
            <dst id="STTLng">17175.5866666667</dst>
            <dst id="WASHng">60675.1466666667</dst>
        </src>
        <src id="NYCMng">
            <dst id="ATLA-M5">0</dst>
            <dst id="ATLAng">21880.9546666667</dst>
            <dst id="CHINng">736.354666666667</dst>
            <dst id="DNVRng">0</dst>
            <dst id="HSTNng">11797.5253333333</dst>
            <dst id="IPLSng">65.7493333333333</dst>
            <dst id="KSCYng">53.3333333333333</dst>
            <dst id="LOSAng">298.026666666667</dst>
            <dst id="NYCMng">335081.28</dst>
            <dst id="SNVAng">63.2933333333333</dst>
            <dst id="STTLng">573.165333333333</dst>
            <dst id="WASHng">83454.9226666667</dst>
        </src>
        <src id="SNVAng">
            <dst id="ATLA-M5">0</dst>
            <dst id="ATLAng">491.056</dst>
            <dst id="CHINng">0</dst>
            <dst id="DNVRng">2572.71466666667</dst>
            <dst id="HSTNng">3427.28533333333</dst>
            <dst id="IPLSng">0</dst>
            <dst id="KSCYng">132.768</dst>
            <dst id="LOSAng">32650.0826666667</dst>
            <dst id="NYCMng">4395.50933333333</dst>
            <dst id="SNVAng">14206.1893333333</dst>
            <dst id="STTLng">53375.8586666667</dst>
            <dst id="WASHng">221.938666666667</dst>
        </src>
        <src id="STTLng">
            <dst id="ATLA-M5">0</dst>
            <dst id="ATLAng">6470.77066666667</dst>
            <dst id="CHINng">1439.2</dst>
            <dst id="DNVRng">4100.95466666667</dst>
            <dst id="HSTNng">15771.4773333333</dst>
            <dst id="IPLSng">201.061333333333</dst>
            <dst id="KSCYng">2557.80533333333</dst>
            <dst id="LOSAng">15738.44</dst>
            <dst id="NYCMng">43073.4853333333</dst>
            <dst id="SNVAng">3713.20533333333</dst>
            <dst id="STTLng">4417.95733333333</dst>
            <dst id="WASHng">27298.1653333333</dst>
        </src>
        <src id="WASHng">
            <dst id="ATLA-M5">0</dst>
            <dst id="ATLAng">136791.864</dst>
            <dst id="CHINng">657.690666666667</dst>
            <dst id="DNVRng">0</dst>
            <dst id="HSTNng">65766.1573333333</dst>
            <dst id="IPLSng">56.7626666666667</dst>
            <dst id="KSCYng">53.3333333333333</dst>
            <dst id="LOSAng">0</dst>
            <dst id="NYCMng">522122.4</dst>
            <dst id="SNVAng">0</dst>
            <dst id="STTLng">26.6666666666667</dst>
            <dst id="WASHng">281250.32</dst>
        </src>
    </IntraTM>
</TrafficMatrixFile>
