<?xml version="1.0" encoding="ISO-8859-1" standalone="yes"?>
<TrafficMatrixFile xsi:noNamespaceSchemaLocation="http://totem.run.montefiore.ulg.ac.be/Schema/TrafficMatrix-v1_2.xsd" xmlns:xsi="http://www.w3.org/2001/XMLSchema-instance">
    <IntraTM ASID="11537">
        <src id="ATLA-M5">
            <dst id="ATLA-M5">90.7866666666667</dst>
            <dst id="ATLAng">752.6</dst>
            <dst id="CHINng">924.792</dst>
            <dst id="DNVRng">0</dst>
            <dst id="HSTNng">867.666666666667</dst>
            <dst id="IPLSng">343.338666666667</dst>
            <dst id="KSCYng">127.026666666667</dst>
            <dst id="LOSAng">0</dst>
            <dst id="NYCMng">576.581333333333</dst>
            <dst id="SNVAng">29.328</dst>
            <dst id="STTLng">0</dst>
            <dst id="WASHng">1817.56</dst>
        </src>
        <src id="ATLAng">
            <dst id="ATLA-M5">0</dst>
            <dst id="ATLAng">37914.6773333333</dst>
            <dst id="CHINng">45130.8933333333</dst>
            <dst id="DNVRng">199.573333333333</dst>
            <dst id="HSTNng">68956.872</dst>
            <dst id="IPLSng">37047.4586666667</dst>
            <dst id="KSCYng">6415.12266666667</dst>
            <dst id="LOSAng">53.3333333333333</dst>
            <dst id="NYCMng">18358.4133333333</dst>
            <dst id="SNVAng">397.834666666667</dst>
            <dst id="STTLng">366.322666666667</dst>
            <dst id="WASHng">104369.642666667</dst>
        </src>
        <src id="CHINng">
            <dst id="ATLA-M5">0</dst>
            <dst id="ATLAng">41668.4053333333</dst>
            <dst id="CHINng">139941.912</dst>
            <dst id="DNVRng">20412.0506666667</dst>
            <dst id="HSTNng">83368.728</dst>
            <dst id="IPLSng">112618.32</dst>
            <dst id="KSCYng">15467.1093333333</dst>
            <dst id="LOSAng">106.666666666667</dst>
            <dst id="NYCMng">41967.7546666667</dst>
            <dst id="SNVAng">299.557333333333</dst>
            <dst id="STTLng">302.136</dst>
            <dst id="WASHng">47925.3013333333</dst>
        </src>
        <src id="DNVRng">
            <dst id="ATLA-M5">0</dst>
            <dst id="ATLAng">10960.6666666667</dst>
            <dst id="CHINng">71059.6106666667</dst>
            <dst id="DNVRng">28378.4373333333</dst>
            <dst id="HSTNng">70837.9653333333</dst>
            <dst id="IPLSng">26647.8773333333</dst>
            <dst id="KSCYng">27329.744</dst>
            <dst id="LOSAng">26.6666666666667</dst>
            <dst id="NYCMng">19807.4293333333</dst>
            <dst id="SNVAng">17813.9066666667</dst>
            <dst id="STTLng">158.133333333333</dst>
            <dst id="WASHng">69257.9813333333</dst>
        </src>
        <src id="HSTNng">
            <dst id="ATLA-M5">0</dst>
            <dst id="ATLAng">62173.5413333333</dst>
            <dst id="CHINng">2872.70933333333</dst>
            <dst id="DNVRng">141.688</dst>
            <dst id="HSTNng">189450.208</dst>
            <dst id="IPLSng">191.018666666667</dst>
            <dst id="KSCYng">0</dst>
            <dst id="LOSAng">26.6666666666667</dst>
            <dst id="NYCMng">9670.89066666667</dst>
            <dst id="SNVAng">105.946666666667</dst>
            <dst id="STTLng">53.3333333333333</dst>
            <dst id="WASHng">125003.8</dst>
        </src>
        <src id="IPLSng">
            <dst id="ATLA-M5">0</dst>
            <dst id="ATLAng">20867.3946666667</dst>
            <dst id="CHINng">173393.946666667</dst>
            <dst id="DNVRng">13234.576</dst>
            <dst id="HSTNng">71435.2453333333</dst>
            <dst id="IPLSng">37531.96</dst>
            <dst id="KSCYng">37186.84</dst>
            <dst id="LOSAng">87.008</dst>
            <dst id="NYCMng">47825.6746666667</dst>
            <dst id="SNVAng">8953.81866666666</dst>
            <dst id="STTLng">715.24</dst>
            <dst id="WASHng">46271.1093333333</dst>
        </src>
        <src id="KSCYng">
            <dst id="ATLA-M5">0</dst>
            <dst id="ATLAng">7154.62133333333</dst>
            <dst id="CHINng">43627.5786666667</dst>
            <dst id="DNVRng">24252.024</dst>
            <dst id="HSTNng">17098.6426666667</dst>
            <dst id="IPLSng">21741.2426666667</dst>
            <dst id="KSCYng">11907.4026666667</dst>
            <dst id="LOSAng">0</dst>
            <dst id="NYCMng">18802.3946666667</dst>
            <dst id="SNVAng">177.754666666667</dst>
            <dst id="STTLng">121.792</dst>
            <dst id="WASHng">14676.0453333333</dst>
        </src>
        <src id="LOSAng">
            <dst id="ATLA-M5">0</dst>
            <dst id="ATLAng">54030.504</dst>
            <dst id="CHINng">8268.20266666667</dst>
            <dst id="DNVRng">23910.216</dst>
            <dst id="HSTNng">181734.792</dst>
            <dst id="IPLSng">1857.79733333333</dst>
            <dst id="KSCYng">1587.85066666667</dst>
            <dst id="LOSAng">19847.0506666667</dst>
            <dst id="NYCMng">58041.4746666667</dst>
            <dst id="SNVAng">16223.552</dst>
            <dst id="STTLng">36036.2106666667</dst>
            <dst id="WASHng">107239.429333333</dst>
        </src>
        <src id="NYCMng">
            <dst id="ATLA-M5">0</dst>
            <dst id="ATLAng">59546.9066666667</dst>
            <dst id="CHINng">86777.1253333333</dst>
            <dst id="DNVRng">46503.4506666667</dst>
            <dst id="HSTNng">142114.978666667</dst>
            <dst id="IPLSng">87541.5626666667</dst>
            <dst id="KSCYng">30608.4213333333</dst>
            <dst id="LOSAng">675.261333333333</dst>
            <dst id="NYCMng">265600.618666667</dst>
            <dst id="SNVAng">141.088</dst>
            <dst id="STTLng">1307.168</dst>
            <dst id="WASHng">171348.634666667</dst>
        </src>
        <src id="SNVAng">
            <dst id="ATLA-M5">0</dst>
            <dst id="ATLAng">4046.992</dst>
            <dst id="CHINng">3203.672</dst>
            <dst id="DNVRng">20057.2826666667</dst>
            <dst id="HSTNng">10581.144</dst>
            <dst id="IPLSng">53.3333333333333</dst>
            <dst id="KSCYng">1712.072</dst>
            <dst id="LOSAng">44051.736</dst>
            <dst id="NYCMng">4964.68533333333</dst>
            <dst id="SNVAng">24955.56</dst>
            <dst id="STTLng">60135.3093333333</dst>
            <dst id="WASHng">2897.14666666667</dst>
        </src>
        <src id="STTLng">
            <dst id="ATLA-M5">0</dst>
            <dst id="ATLAng">15338.1866666667</dst>
            <dst id="CHINng">23257.1946666667</dst>
            <dst id="DNVRng">9753.82933333333</dst>
            <dst id="HSTNng">64782.5733333333</dst>
            <dst id="IPLSng">847.392</dst>
            <dst id="KSCYng">5377.936</dst>
            <dst id="LOSAng">24695.552</dst>
            <dst id="NYCMng">13253.8186666667</dst>
            <dst id="SNVAng">11852.336</dst>
            <dst id="STTLng">7199.58666666667</dst>
            <dst id="WASHng">40264.2533333333</dst>
        </src>
        <src id="WASHng">
            <dst id="ATLA-M5">0</dst>
            <dst id="ATLAng">161811.584</dst>
            <dst id="CHINng">114616.026666667</dst>
            <dst id="DNVRng">6121.568</dst>
            <dst id="HSTNng">336248.266666667</dst>
            <dst id="IPLSng">95949.2533333333</dst>
            <dst id="KSCYng">38489.264</dst>
            <dst id="LOSAng">300.186666666667</dst>
            <dst id="NYCMng">182495.288</dst>
            <dst id="SNVAng">664.965333333333</dst>
            <dst id="STTLng">6751.41866666667</dst>
            <dst id="WASHng">459783.146666667</dst>
        </src>
    </IntraTM>
</TrafficMatrixFile>
