<?xml version="1.0" encoding="ISO-8859-1" standalone="yes"?>
<TrafficMatrixFile xsi:noNamespaceSchemaLocation="http://totem.run.montefiore.ulg.ac.be/Schema/TrafficMatrix-v1_2.xsd" xmlns:xsi="http://www.w3.org/2001/XMLSchema-instance">
    <IntraTM ASID="11537">
        <src id="ATLA-M5">
            <dst id="ATLA-M5">0</dst>
            <dst id="ATLAng">53.3333333333333</dst>
            <dst id="CHINng">165.330666666667</dst>
            <dst id="DNVRng">0</dst>
            <dst id="HSTNng">470.514666666667</dst>
            <dst id="IPLSng">1036.21866666667</dst>
            <dst id="KSCYng">55.08</dst>
            <dst id="LOSAng">0</dst>
            <dst id="NYCMng">960.48</dst>
            <dst id="SNVAng">0</dst>
            <dst id="STTLng">0</dst>
            <dst id="WASHng">1317.75733333333</dst>
        </src>
        <src id="ATLAng">
            <dst id="ATLA-M5">0</dst>
            <dst id="ATLAng">25851.1466666667</dst>
            <dst id="CHINng">17733.4133333333</dst>
            <dst id="DNVRng">0</dst>
            <dst id="HSTNng">36512.84</dst>
            <dst id="IPLSng">27151.0026666667</dst>
            <dst id="KSCYng">2307.656</dst>
            <dst id="LOSAng">0</dst>
            <dst id="NYCMng">21160.3786666667</dst>
            <dst id="SNVAng">39.5706666666667</dst>
            <dst id="STTLng">954.312</dst>
            <dst id="WASHng">73384.9253333333</dst>
        </src>
        <src id="CHINng">
            <dst id="ATLA-M5">0</dst>
            <dst id="ATLAng">26968.8506666667</dst>
            <dst id="CHINng">144149.541333333</dst>
            <dst id="DNVRng">11365.7066666667</dst>
            <dst id="HSTNng">87103.76</dst>
            <dst id="IPLSng">43410.8693333333</dst>
            <dst id="KSCYng">10690.2373333333</dst>
            <dst id="LOSAng">330.168</dst>
            <dst id="NYCMng">22442.24</dst>
            <dst id="SNVAng">80</dst>
            <dst id="STTLng">2596.97066666667</dst>
            <dst id="WASHng">31448.376</dst>
        </src>
        <src id="DNVRng">
            <dst id="ATLA-M5">0</dst>
            <dst id="ATLAng">5907.496</dst>
            <dst id="CHINng">63783.928</dst>
            <dst id="DNVRng">3126.19466666667</dst>
            <dst id="HSTNng">23183.344</dst>
            <dst id="IPLSng">25762.9146666667</dst>
            <dst id="KSCYng">7558.36</dst>
            <dst id="LOSAng">0</dst>
            <dst id="NYCMng">18020.2266666667</dst>
            <dst id="SNVAng">8000.87733333333</dst>
            <dst id="STTLng">26.6666666666667</dst>
            <dst id="WASHng">35740.48</dst>
        </src>
        <src id="HSTNng">
            <dst id="ATLA-M5">0</dst>
            <dst id="ATLAng">31383.7626666667</dst>
            <dst id="CHINng">3573.87733333333</dst>
            <dst id="DNVRng">26.6666666666667</dst>
            <dst id="HSTNng">109195.968</dst>
            <dst id="IPLSng">26.6666666666667</dst>
            <dst id="KSCYng">0</dst>
            <dst id="LOSAng">0</dst>
            <dst id="NYCMng">5988.10666666667</dst>
            <dst id="SNVAng">26.6666666666667</dst>
            <dst id="STTLng">102.4</dst>
            <dst id="WASHng">102771.664</dst>
        </src>
        <src id="IPLSng">
            <dst id="ATLA-M5">0</dst>
            <dst id="ATLAng">14216.7493333333</dst>
            <dst id="CHINng">148187.730666667</dst>
            <dst id="DNVRng">11300.496</dst>
            <dst id="HSTNng">116892.637333333</dst>
            <dst id="IPLSng">27020.2666666667</dst>
            <dst id="KSCYng">21539.1093333333</dst>
            <dst id="LOSAng">0</dst>
            <dst id="NYCMng">43394.344</dst>
            <dst id="SNVAng">142.261333333333</dst>
            <dst id="STTLng">80</dst>
            <dst id="WASHng">51573.392</dst>
        </src>
        <src id="KSCYng">
            <dst id="ATLA-M5">0</dst>
            <dst id="ATLAng">4515.648</dst>
            <dst id="CHINng">35428.28</dst>
            <dst id="DNVRng">7938.65866666667</dst>
            <dst id="HSTNng">15563.5973333333</dst>
            <dst id="IPLSng">12869.0586666667</dst>
            <dst id="KSCYng">7214.46933333333</dst>
            <dst id="LOSAng">0</dst>
            <dst id="NYCMng">7397.22933333333</dst>
            <dst id="SNVAng">26.6666666666667</dst>
            <dst id="STTLng">26.6666666666667</dst>
            <dst id="WASHng">11332.6613333333</dst>
        </src>
        <src id="LOSAng">
            <dst id="ATLA-M5">0</dst>
            <dst id="ATLAng">25017.0186666667</dst>
            <dst id="CHINng">11512.0773333333</dst>
            <dst id="DNVRng">9834.152</dst>
            <dst id="HSTNng">181684.357333333</dst>
            <dst id="IPLSng">1094.944</dst>
            <dst id="KSCYng">80</dst>
            <dst id="LOSAng">26016.7893333333</dst>
            <dst id="NYCMng">56171.0533333333</dst>
            <dst id="SNVAng">19350.2853333333</dst>
            <dst id="STTLng">19375.3786666667</dst>
            <dst id="WASHng">97881.3013333333</dst>
        </src>
        <src id="NYCMng">
            <dst id="ATLA-M5">0</dst>
            <dst id="ATLAng">37876.464</dst>
            <dst id="CHINng">65559.3413333333</dst>
            <dst id="DNVRng">40731.8</dst>
            <dst id="HSTNng">95274.0133333334</dst>
            <dst id="IPLSng">59720.12</dst>
            <dst id="KSCYng">16232.1866666667</dst>
            <dst id="LOSAng">55.44</dst>
            <dst id="NYCMng">225271.765333333</dst>
            <dst id="SNVAng">42.088</dst>
            <dst id="STTLng">3945.11466666667</dst>
            <dst id="WASHng">74013.7013333333</dst>
        </src>
        <src id="SNVAng">
            <dst id="ATLA-M5">0</dst>
            <dst id="ATLAng">218.714666666667</dst>
            <dst id="CHINng">522.656</dst>
            <dst id="DNVRng">6399.46933333333</dst>
            <dst id="HSTNng">4561.416</dst>
            <dst id="IPLSng">26.6666666666667</dst>
            <dst id="KSCYng">225.6</dst>
            <dst id="LOSAng">36023.1973333333</dst>
            <dst id="NYCMng">4753.37866666667</dst>
            <dst id="SNVAng">15959.4213333333</dst>
            <dst id="STTLng">46639.9093333333</dst>
            <dst id="WASHng">674.178666666667</dst>
        </src>
        <src id="STTLng">
            <dst id="ATLA-M5">0</dst>
            <dst id="ATLAng">8392.904</dst>
            <dst id="CHINng">28202.4853333333</dst>
            <dst id="DNVRng">4590.06133333333</dst>
            <dst id="HSTNng">48172.9333333333</dst>
            <dst id="IPLSng">450.776</dst>
            <dst id="KSCYng">2338.82933333333</dst>
            <dst id="LOSAng">20161.4586666667</dst>
            <dst id="NYCMng">13706.1573333333</dst>
            <dst id="SNVAng">5620.58133333333</dst>
            <dst id="STTLng">1089.23733333333</dst>
            <dst id="WASHng">29263.432</dst>
        </src>
        <src id="WASHng">
            <dst id="ATLA-M5">0</dst>
            <dst id="ATLAng">142226.968</dst>
            <dst id="CHINng">63100.8586666667</dst>
            <dst id="DNVRng">13679.16</dst>
            <dst id="HSTNng">283196.213333333</dst>
            <dst id="IPLSng">56023.3866666667</dst>
            <dst id="KSCYng">7448.072</dst>
            <dst id="LOSAng">531.744</dst>
            <dst id="NYCMng">156008.826666667</dst>
            <dst id="SNVAng">254.72</dst>
            <dst id="STTLng">7346.104</dst>
            <dst id="WASHng">397525.68</dst>
        </src>
    </IntraTM>
</TrafficMatrixFile>
