<?xml version="1.0" encoding="ISO-8859-1" standalone="yes"?>
<TrafficMatrixFile xsi:noNamespaceSchemaLocation="http://totem.run.montefiore.ulg.ac.be/Schema/TrafficMatrix-v1_2.xsd" xmlns:xsi="http://www.w3.org/2001/XMLSchema-instance">
    <IntraTM ASID="11537">
        <src id="ATLA-M5">
            <dst id="ATLA-M5">196.674666666667</dst>
            <dst id="ATLAng">847.853333333333</dst>
            <dst id="CHINng">758.845333333333</dst>
            <dst id="DNVRng">0</dst>
            <dst id="HSTNng">818.832</dst>
            <dst id="IPLSng">918.408</dst>
            <dst id="KSCYng">294.954666666667</dst>
            <dst id="LOSAng">0</dst>
            <dst id="NYCMng">333.733333333333</dst>
            <dst id="SNVAng">34.08</dst>
            <dst id="STTLng">53.3333333333333</dst>
            <dst id="WASHng">2166.864</dst>
        </src>
        <src id="ATLAng">
            <dst id="ATLA-M5">0</dst>
            <dst id="ATLAng">32855.5653333333</dst>
            <dst id="CHINng">26873.656</dst>
            <dst id="DNVRng">90.5546666666667</dst>
            <dst id="HSTNng">52268.0613333333</dst>
            <dst id="IPLSng">34391.3786666667</dst>
            <dst id="KSCYng">5933.61866666667</dst>
            <dst id="LOSAng">89.7813333333333</dst>
            <dst id="NYCMng">15208.7573333333</dst>
            <dst id="SNVAng">944.434666666667</dst>
            <dst id="STTLng">219.237333333333</dst>
            <dst id="WASHng">86136.472</dst>
        </src>
        <src id="CHINng">
            <dst id="ATLA-M5">0</dst>
            <dst id="ATLAng">50130.496</dst>
            <dst id="CHINng">159976.048</dst>
            <dst id="DNVRng">18959.1626666667</dst>
            <dst id="HSTNng">77391.6293333333</dst>
            <dst id="IPLSng">88020.0266666667</dst>
            <dst id="KSCYng">19338.5146666667</dst>
            <dst id="LOSAng">700.509333333333</dst>
            <dst id="NYCMng">24666.7306666667</dst>
            <dst id="SNVAng">227.162666666667</dst>
            <dst id="STTLng">485.149333333334</dst>
            <dst id="WASHng">44559.5946666667</dst>
        </src>
        <src id="DNVRng">
            <dst id="ATLA-M5">0</dst>
            <dst id="ATLAng">13754.608</dst>
            <dst id="CHINng">62819.3226666667</dst>
            <dst id="DNVRng">11707.688</dst>
            <dst id="HSTNng">53160.296</dst>
            <dst id="IPLSng">52259.3093333333</dst>
            <dst id="KSCYng">21704.736</dst>
            <dst id="LOSAng">28.9973333333333</dst>
            <dst id="NYCMng">14520.72</dst>
            <dst id="SNVAng">14448.3226666667</dst>
            <dst id="STTLng">80.8933333333333</dst>
            <dst id="WASHng">47727.896</dst>
        </src>
        <src id="HSTNng">
            <dst id="ATLA-M5">0</dst>
            <dst id="ATLAng">44812.368</dst>
            <dst id="CHINng">3593.69866666667</dst>
            <dst id="DNVRng">80</dst>
            <dst id="HSTNng">155861.997333333</dst>
            <dst id="IPLSng">53.3333333333333</dst>
            <dst id="KSCYng">0</dst>
            <dst id="LOSAng">355.658666666667</dst>
            <dst id="NYCMng">7514.08533333333</dst>
            <dst id="SNVAng">0</dst>
            <dst id="STTLng">227.136</dst>
            <dst id="WASHng">109009.786666667</dst>
        </src>
        <src id="IPLSng">
            <dst id="ATLA-M5">0</dst>
            <dst id="ATLAng">22525.3893333333</dst>
            <dst id="CHINng">154333.018666667</dst>
            <dst id="DNVRng">17698.0906666667</dst>
            <dst id="HSTNng">45120.7413333333</dst>
            <dst id="IPLSng">52013.3973333333</dst>
            <dst id="KSCYng">37755.7333333333</dst>
            <dst id="LOSAng">87.3706666666667</dst>
            <dst id="NYCMng">44066.24</dst>
            <dst id="SNVAng">1465.10133333333</dst>
            <dst id="STTLng">705.264</dst>
            <dst id="WASHng">46145.496</dst>
        </src>
        <src id="KSCYng">
            <dst id="ATLA-M5">0</dst>
            <dst id="ATLAng">9421.57333333333</dst>
            <dst id="CHINng">41193.192</dst>
            <dst id="DNVRng">16673.592</dst>
            <dst id="HSTNng">15037.432</dst>
            <dst id="IPLSng">18378</dst>
            <dst id="KSCYng">8381.016</dst>
            <dst id="LOSAng">0</dst>
            <dst id="NYCMng">11279.712</dst>
            <dst id="SNVAng">172.152</dst>
            <dst id="STTLng">198.176</dst>
            <dst id="WASHng">12604.9493333333</dst>
        </src>
        <src id="LOSAng">
            <dst id="ATLA-M5">0</dst>
            <dst id="ATLAng">37489.496</dst>
            <dst id="CHINng">12362.1973333333</dst>
            <dst id="DNVRng">13924.9466666667</dst>
            <dst id="HSTNng">188676</dst>
            <dst id="IPLSng">2275.80266666667</dst>
            <dst id="KSCYng">5198.128</dst>
            <dst id="LOSAng">11931.48</dst>
            <dst id="NYCMng">53101.6533333333</dst>
            <dst id="SNVAng">13355.4346666667</dst>
            <dst id="STTLng">23897.536</dst>
            <dst id="WASHng">99560.5226666667</dst>
        </src>
        <src id="NYCMng">
            <dst id="ATLA-M5">0</dst>
            <dst id="ATLAng">51193.6693333333</dst>
            <dst id="CHINng">85590.664</dst>
            <dst id="DNVRng">32364.152</dst>
            <dst id="HSTNng">89058.7546666667</dst>
            <dst id="IPLSng">77494.6026666667</dst>
            <dst id="KSCYng">22331.8826666667</dst>
            <dst id="LOSAng">26.6666666666667</dst>
            <dst id="NYCMng">220728.466666667</dst>
            <dst id="SNVAng">133.333333333333</dst>
            <dst id="STTLng">2488.85866666667</dst>
            <dst id="WASHng">125693.613333333</dst>
        </src>
        <src id="SNVAng">
            <dst id="ATLA-M5">0</dst>
            <dst id="ATLAng">6762.42666666667</dst>
            <dst id="CHINng">262.378666666667</dst>
            <dst id="DNVRng">6860.67466666667</dst>
            <dst id="HSTNng">9624.31733333333</dst>
            <dst id="IPLSng">29.904</dst>
            <dst id="KSCYng">1224.50933333333</dst>
            <dst id="LOSAng">41424.0853333333</dst>
            <dst id="NYCMng">5490.73866666667</dst>
            <dst id="SNVAng">14842.1093333333</dst>
            <dst id="STTLng">49871.8266666667</dst>
            <dst id="WASHng">4034.08533333333</dst>
        </src>
        <src id="STTLng">
            <dst id="ATLA-M5">0</dst>
            <dst id="ATLAng">15930.9866666667</dst>
            <dst id="CHINng">30344.304</dst>
            <dst id="DNVRng">5763.46133333333</dst>
            <dst id="HSTNng">56911.9626666667</dst>
            <dst id="IPLSng">856.450666666667</dst>
            <dst id="KSCYng">10112.6906666667</dst>
            <dst id="LOSAng">17143.128</dst>
            <dst id="NYCMng">11960.0613333333</dst>
            <dst id="SNVAng">7049.384</dst>
            <dst id="STTLng">3511.88533333333</dst>
            <dst id="WASHng">38527.04</dst>
        </src>
        <src id="WASHng">
            <dst id="ATLA-M5">0</dst>
            <dst id="ATLAng">148038.064</dst>
            <dst id="CHINng">111084.981333333</dst>
            <dst id="DNVRng">5743.09866666667</dst>
            <dst id="HSTNng">310742.666666667</dst>
            <dst id="IPLSng">83034.8853333333</dst>
            <dst id="KSCYng">27659.4293333333</dst>
            <dst id="LOSAng">121.653333333333</dst>
            <dst id="NYCMng">167752.493333333</dst>
            <dst id="SNVAng">698.957333333333</dst>
            <dst id="STTLng">4196.27466666667</dst>
            <dst id="WASHng">453757.84</dst>
        </src>
    </IntraTM>
</TrafficMatrixFile>
