<?xml version="1.0" encoding="ISO-8859-1" standalone="yes"?>
<TrafficMatrixFile xsi:noNamespaceSchemaLocation="http://totem.run.montefiore.ulg.ac.be/Schema/TrafficMatrix-v1_2.xsd" xmlns:xsi="http://www.w3.org/2001/XMLSchema-instance">
    <IntraTM ASID="11537">
        <src id="ATLA-M5">
            <dst id="ATLA-M5">29.0773333333333</dst>
            <dst id="ATLAng">138.797333333333</dst>
            <dst id="CHINng">824.613333333333</dst>
            <dst id="DNVRng">0</dst>
            <dst id="HSTNng">1354.98133333333</dst>
            <dst id="IPLSng">88.824</dst>
            <dst id="KSCYng">149.658666666667</dst>
            <dst id="LOSAng">0</dst>
            <dst id="NYCMng">376.133333333333</dst>
            <dst id="SNVAng">0</dst>
            <dst id="STTLng">0</dst>
            <dst id="WASHng">2213.832</dst>
        </src>
        <src id="ATLAng">
            <dst id="ATLA-M5">0</dst>
            <dst id="ATLAng">28091.1813333333</dst>
            <dst id="CHINng">20884.2773333333</dst>
            <dst id="DNVRng">53.3333333333333</dst>
            <dst id="HSTNng">580486.666666667</dst>
            <dst id="IPLSng">33794.6986666667</dst>
            <dst id="KSCYng">3931.52266666667</dst>
            <dst id="LOSAng">0</dst>
            <dst id="NYCMng">22018.048</dst>
            <dst id="SNVAng">26.6666666666667</dst>
            <dst id="STTLng">966.522666666667</dst>
            <dst id="WASHng">71101.2373333333</dst>
        </src>
        <src id="CHINng">
            <dst id="ATLA-M5">0</dst>
            <dst id="ATLAng">34100.248</dst>
            <dst id="CHINng">138805.165333333</dst>
            <dst id="DNVRng">21635.7546666667</dst>
            <dst id="HSTNng">123376.488</dst>
            <dst id="IPLSng">70622.4826666667</dst>
            <dst id="KSCYng">19132.1413333333</dst>
            <dst id="LOSAng">964.512</dst>
            <dst id="NYCMng">40129.4906666667</dst>
            <dst id="SNVAng">82.6666666666667</dst>
            <dst id="STTLng">825.210666666667</dst>
            <dst id="WASHng">35660.344</dst>
        </src>
        <src id="DNVRng">
            <dst id="ATLA-M5">0</dst>
            <dst id="ATLAng">7896.824</dst>
            <dst id="CHINng">80563.7413333333</dst>
            <dst id="DNVRng">11999.2773333333</dst>
            <dst id="HSTNng">53078.272</dst>
            <dst id="IPLSng">27835.944</dst>
            <dst id="KSCYng">15390.496</dst>
            <dst id="LOSAng">38.48</dst>
            <dst id="NYCMng">31290.7093333333</dst>
            <dst id="SNVAng">8478.45866666667</dst>
            <dst id="STTLng">85.3333333333333</dst>
            <dst id="WASHng">32450.968</dst>
        </src>
        <src id="HSTNng">
            <dst id="ATLA-M5">0</dst>
            <dst id="ATLAng">23657.2666666667</dst>
            <dst id="CHINng">2835.46133333333</dst>
            <dst id="DNVRng">0</dst>
            <dst id="HSTNng">144563.872</dst>
            <dst id="IPLSng">203.402666666667</dst>
            <dst id="KSCYng">0</dst>
            <dst id="LOSAng">181.186666666667</dst>
            <dst id="NYCMng">8990.792</dst>
            <dst id="SNVAng">0</dst>
            <dst id="STTLng">186.917333333333</dst>
            <dst id="WASHng">97979.1306666667</dst>
        </src>
        <src id="IPLSng">
            <dst id="ATLA-M5">0</dst>
            <dst id="ATLAng">12706.0106666667</dst>
            <dst id="CHINng">171911.946666667</dst>
            <dst id="DNVRng">11772.6213333333</dst>
            <dst id="HSTNng">131604.816</dst>
            <dst id="IPLSng">25492.728</dst>
            <dst id="KSCYng">20588.1386666667</dst>
            <dst id="LOSAng">26.6666666666667</dst>
            <dst id="NYCMng">40231.024</dst>
            <dst id="SNVAng">99.4773333333333</dst>
            <dst id="STTLng">369.621333333333</dst>
            <dst id="WASHng">21980.016</dst>
        </src>
        <src id="KSCYng">
            <dst id="ATLA-M5">0</dst>
            <dst id="ATLAng">7942.88533333333</dst>
            <dst id="CHINng">37223.9946666667</dst>
            <dst id="DNVRng">7723.38933333334</dst>
            <dst id="HSTNng">17644.8426666667</dst>
            <dst id="IPLSng">15656.776</dst>
            <dst id="KSCYng">8600.40266666667</dst>
            <dst id="LOSAng">0</dst>
            <dst id="NYCMng">15345.4106666667</dst>
            <dst id="SNVAng">0</dst>
            <dst id="STTLng">182.176</dst>
            <dst id="WASHng">12353.7786666667</dst>
        </src>
        <src id="LOSAng">
            <dst id="ATLA-M5">0</dst>
            <dst id="ATLAng">16627.128</dst>
            <dst id="CHINng">12100.5546666667</dst>
            <dst id="DNVRng">7364.128</dst>
            <dst id="HSTNng">207815.072</dst>
            <dst id="IPLSng">349.904</dst>
            <dst id="KSCYng">26.6666666666667</dst>
            <dst id="LOSAng">38805.288</dst>
            <dst id="NYCMng">60471.1466666667</dst>
            <dst id="SNVAng">14195.816</dst>
            <dst id="STTLng">31143.6586666667</dst>
            <dst id="WASHng">89773.2186666667</dst>
        </src>
        <src id="NYCMng">
            <dst id="ATLA-M5">0</dst>
            <dst id="ATLAng">38166.544</dst>
            <dst id="CHINng">85663.5866666667</dst>
            <dst id="DNVRng">39039.6186666667</dst>
            <dst id="HSTNng">148225.752</dst>
            <dst id="IPLSng">59597.7146666667</dst>
            <dst id="KSCYng">23440.664</dst>
            <dst id="LOSAng">168.522666666667</dst>
            <dst id="NYCMng">243273.269333333</dst>
            <dst id="SNVAng">26.6666666666667</dst>
            <dst id="STTLng">8834.56533333333</dst>
            <dst id="WASHng">123138.501333333</dst>
        </src>
        <src id="SNVAng">
            <dst id="ATLA-M5">0</dst>
            <dst id="ATLAng">1910.744</dst>
            <dst id="CHINng">594.165333333333</dst>
            <dst id="DNVRng">7425.22133333333</dst>
            <dst id="HSTNng">5406.42666666667</dst>
            <dst id="IPLSng">0</dst>
            <dst id="KSCYng">581.744</dst>
            <dst id="LOSAng">34272.5706666667</dst>
            <dst id="NYCMng">5156.37066666667</dst>
            <dst id="SNVAng">13374.2</dst>
            <dst id="STTLng">50362.0933333333</dst>
            <dst id="WASHng">548.866666666667</dst>
        </src>
        <src id="STTLng">
            <dst id="ATLA-M5">0</dst>
            <dst id="ATLAng">12292.432</dst>
            <dst id="CHINng">23900.592</dst>
            <dst id="DNVRng">4558.61866666667</dst>
            <dst id="HSTNng">47888.0133333333</dst>
            <dst id="IPLSng">325.128</dst>
            <dst id="KSCYng">2488.736</dst>
            <dst id="LOSAng">36812.888</dst>
            <dst id="NYCMng">20368.8053333333</dst>
            <dst id="SNVAng">6916.99466666667</dst>
            <dst id="STTLng">5248.288</dst>
            <dst id="WASHng">28671.6053333333</dst>
        </src>
        <src id="WASHng">
            <dst id="ATLA-M5">0</dst>
            <dst id="ATLAng">109426.432</dst>
            <dst id="CHINng">103576.728</dst>
            <dst id="DNVRng">6113.97066666667</dst>
            <dst id="HSTNng">308673.893333333</dst>
            <dst id="IPLSng">54169.1546666667</dst>
            <dst id="KSCYng">20238.0213333333</dst>
            <dst id="LOSAng">111.338666666667</dst>
            <dst id="NYCMng">163788.16</dst>
            <dst id="SNVAng">251.098666666667</dst>
            <dst id="STTLng">7120.14133333333</dst>
            <dst id="WASHng">384864.48</dst>
        </src>
    </IntraTM>
</TrafficMatrixFile>
