<?xml version="1.0" encoding="ISO-8859-1" standalone="yes"?>
<TrafficMatrixFile xsi:noNamespaceSchemaLocation="http://totem.run.montefiore.ulg.ac.be/Schema/TrafficMatrix-v1_2.xsd" xmlns:xsi="http://www.w3.org/2001/XMLSchema-instance">
    <IntraTM ASID="11537">
        <src id="ATLA-M5">
            <dst id="ATLA-M5">26.6666666666667</dst>
            <dst id="ATLAng">488.253333333333</dst>
            <dst id="CHINng">3065.81866666667</dst>
            <dst id="DNVRng">26.6666666666667</dst>
            <dst id="HSTNng">1804.624</dst>
            <dst id="IPLSng">451.717333333333</dst>
            <dst id="KSCYng">1343.448</dst>
            <dst id="LOSAng">26.6666666666667</dst>
            <dst id="NYCMng">436.528</dst>
            <dst id="SNVAng">0</dst>
            <dst id="STTLng">0</dst>
            <dst id="WASHng">1261.96533333333</dst>
        </src>
        <src id="ATLAng">
            <dst id="ATLA-M5">0</dst>
            <dst id="ATLAng">24885.3333333333</dst>
            <dst id="CHINng">23482.1866666667</dst>
            <dst id="DNVRng">26.6666666666667</dst>
            <dst id="HSTNng">47696.6293333333</dst>
            <dst id="IPLSng">33208.8693333333</dst>
            <dst id="KSCYng">7865.768</dst>
            <dst id="LOSAng">26.6666666666667</dst>
            <dst id="NYCMng">19033.64</dst>
            <dst id="SNVAng">53.3333333333333</dst>
            <dst id="STTLng">409.216</dst>
            <dst id="WASHng">58978.176</dst>
        </src>
        <src id="CHINng">
            <dst id="ATLA-M5">0</dst>
            <dst id="ATLAng">34350.3493333333</dst>
            <dst id="CHINng">105866.341333333</dst>
            <dst id="DNVRng">34215.248</dst>
            <dst id="HSTNng">151682.112</dst>
            <dst id="IPLSng">81311.7786666667</dst>
            <dst id="KSCYng">21807.456</dst>
            <dst id="LOSAng">280.504</dst>
            <dst id="NYCMng">41474.7653333333</dst>
            <dst id="SNVAng">26.6666666666667</dst>
            <dst id="STTLng">793.674666666666</dst>
            <dst id="WASHng">46475.3306666667</dst>
        </src>
        <src id="DNVRng">
            <dst id="ATLA-M5">0</dst>
            <dst id="ATLAng">8932.85066666667</dst>
            <dst id="CHINng">50920.6586666667</dst>
            <dst id="DNVRng">14893.6533333333</dst>
            <dst id="HSTNng">54723.0293333333</dst>
            <dst id="IPLSng">27590.184</dst>
            <dst id="KSCYng">17960.9253333333</dst>
            <dst id="LOSAng">53.3333333333333</dst>
            <dst id="NYCMng">25091.7253333333</dst>
            <dst id="SNVAng">12980.088</dst>
            <dst id="STTLng">872.008</dst>
            <dst id="WASHng">50930.064</dst>
        </src>
        <src id="HSTNng">
            <dst id="ATLA-M5">0</dst>
            <dst id="ATLAng">36409.8693333333</dst>
            <dst id="CHINng">2057.05866666667</dst>
            <dst id="DNVRng">0</dst>
            <dst id="HSTNng">155961.632</dst>
            <dst id="IPLSng">105.578666666667</dst>
            <dst id="KSCYng">0</dst>
            <dst id="LOSAng">0</dst>
            <dst id="NYCMng">8700.424</dst>
            <dst id="SNVAng">26.6666666666667</dst>
            <dst id="STTLng">178.48</dst>
            <dst id="WASHng">143789.56</dst>
        </src>
        <src id="IPLSng">
            <dst id="ATLA-M5">0</dst>
            <dst id="ATLAng">26891.368</dst>
            <dst id="CHINng">122498.501333333</dst>
            <dst id="DNVRng">10303.968</dst>
            <dst id="HSTNng">103871.922666667</dst>
            <dst id="IPLSng">63250.3173333333</dst>
            <dst id="KSCYng">22051.336</dst>
            <dst id="LOSAng">34.5066666666667</dst>
            <dst id="NYCMng">56522.4266666667</dst>
            <dst id="SNVAng">127.84</dst>
            <dst id="STTLng">344.632</dst>
            <dst id="WASHng">36580.1493333333</dst>
        </src>
        <src id="KSCYng">
            <dst id="ATLA-M5">0</dst>
            <dst id="ATLAng">7130.74933333333</dst>
            <dst id="CHINng">28295.0053333333</dst>
            <dst id="DNVRng">7586.672</dst>
            <dst id="HSTNng">28376.6106666667</dst>
            <dst id="IPLSng">13734.7626666667</dst>
            <dst id="KSCYng">6419.64533333333</dst>
            <dst id="LOSAng">26.6666666666667</dst>
            <dst id="NYCMng">14582.1173333333</dst>
            <dst id="SNVAng">0</dst>
            <dst id="STTLng">183.661333333333</dst>
            <dst id="WASHng">15822.392</dst>
        </src>
        <src id="LOSAng">
            <dst id="ATLA-M5">0</dst>
            <dst id="ATLAng">26881.904</dst>
            <dst id="CHINng">8478.53066666667</dst>
            <dst id="DNVRng">17026.3813333333</dst>
            <dst id="HSTNng">196126.138666667</dst>
            <dst id="IPLSng">308.416</dst>
            <dst id="KSCYng">366.133333333333</dst>
            <dst id="LOSAng">50058.64</dst>
            <dst id="NYCMng">75720.0826666667</dst>
            <dst id="SNVAng">18369.3333333333</dst>
            <dst id="STTLng">29096.3733333333</dst>
            <dst id="WASHng">130382.546666667</dst>
        </src>
        <src id="NYCMng">
            <dst id="ATLA-M5">0</dst>
            <dst id="ATLAng">39342.0213333333</dst>
            <dst id="CHINng">94675.736</dst>
            <dst id="DNVRng">52713.5306666667</dst>
            <dst id="HSTNng">171654.768</dst>
            <dst id="IPLSng">69115.6506666667</dst>
            <dst id="KSCYng">32693.9466666667</dst>
            <dst id="LOSAng">605.226666666667</dst>
            <dst id="NYCMng">257482.197333333</dst>
            <dst id="SNVAng">244.149333333333</dst>
            <dst id="STTLng">4257.304</dst>
            <dst id="WASHng">133309.293333333</dst>
        </src>
        <src id="SNVAng">
            <dst id="ATLA-M5">0</dst>
            <dst id="ATLAng">1880.98933333333</dst>
            <dst id="CHINng">2408.02933333333</dst>
            <dst id="DNVRng">20064.3946666667</dst>
            <dst id="HSTNng">6776.976</dst>
            <dst id="IPLSng">0</dst>
            <dst id="KSCYng">574.133333333333</dst>
            <dst id="LOSAng">37560.384</dst>
            <dst id="NYCMng">14625.968</dst>
            <dst id="SNVAng">16499.848</dst>
            <dst id="STTLng">52041.9066666667</dst>
            <dst id="WASHng">3000.6</dst>
        </src>
        <src id="STTLng">
            <dst id="ATLA-M5">0</dst>
            <dst id="ATLAng">11823.096</dst>
            <dst id="CHINng">23140.136</dst>
            <dst id="DNVRng">6135.28266666667</dst>
            <dst id="HSTNng">40589.2293333333</dst>
            <dst id="IPLSng">381.704</dst>
            <dst id="KSCYng">4917.416</dst>
            <dst id="LOSAng">35687.952</dst>
            <dst id="NYCMng">21723.9093333333</dst>
            <dst id="SNVAng">6709.54133333333</dst>
            <dst id="STTLng">6001.89866666667</dst>
            <dst id="WASHng">33649.2933333333</dst>
        </src>
        <src id="WASHng">
            <dst id="ATLA-M5">0</dst>
            <dst id="ATLAng">155706.410666667</dst>
            <dst id="CHINng">91859.7013333333</dst>
            <dst id="DNVRng">2897.20266666667</dst>
            <dst id="HSTNng">319588.586666667</dst>
            <dst id="IPLSng">66159.7946666667</dst>
            <dst id="KSCYng">14392.5573333333</dst>
            <dst id="LOSAng">164.352</dst>
            <dst id="NYCMng">213465.304</dst>
            <dst id="SNVAng">365.397333333333</dst>
            <dst id="STTLng">4441.64266666667</dst>
            <dst id="WASHng">288643.946666667</dst>
        </src>
    </IntraTM>
</TrafficMatrixFile>
