<?xml version="1.0" encoding="ISO-8859-1" standalone="yes"?>
<TrafficMatrixFile xsi:noNamespaceSchemaLocation="http://totem.run.montefiore.ulg.ac.be/Schema/TrafficMatrix-v1_2.xsd" xmlns:xsi="http://www.w3.org/2001/XMLSchema-instance">
    <IntraTM ASID="11537">
        <src id="ATLA-M5">
            <dst id="ATLA-M5">26.6666666666667</dst>
            <dst id="ATLAng">291.344</dst>
            <dst id="CHINng">2013.76533333333</dst>
            <dst id="DNVRng">0</dst>
            <dst id="HSTNng">370.706666666667</dst>
            <dst id="IPLSng">985.653333333333</dst>
            <dst id="KSCYng">0</dst>
            <dst id="LOSAng">0</dst>
            <dst id="NYCMng">1837.26933333333</dst>
            <dst id="SNVAng">0</dst>
            <dst id="STTLng">0</dst>
            <dst id="WASHng">397.858666666667</dst>
        </src>
        <src id="ATLAng">
            <dst id="ATLA-M5">0</dst>
            <dst id="ATLAng">47973.6186666667</dst>
            <dst id="CHINng">34475.9013333333</dst>
            <dst id="DNVRng">0</dst>
            <dst id="HSTNng">3172.49066666667</dst>
            <dst id="IPLSng">37306.8133333333</dst>
            <dst id="KSCYng">26.6666666666667</dst>
            <dst id="LOSAng">0</dst>
            <dst id="NYCMng">62903.264</dst>
            <dst id="SNVAng">0</dst>
            <dst id="STTLng">26.6666666666667</dst>
            <dst id="WASHng">44729.4053333333</dst>
        </src>
        <src id="CHINng">
            <dst id="ATLA-M5">0</dst>
            <dst id="ATLAng">37175.0293333333</dst>
            <dst id="CHINng">35959.3093333333</dst>
            <dst id="DNVRng">0</dst>
            <dst id="HSTNng">20821.3733333333</dst>
            <dst id="IPLSng">62771.576</dst>
            <dst id="KSCYng">0</dst>
            <dst id="LOSAng">106.666666666667</dst>
            <dst id="NYCMng">226194.968</dst>
            <dst id="SNVAng">0</dst>
            <dst id="STTLng">235.933333333333</dst>
            <dst id="WASHng">47668.744</dst>
        </src>
        <src id="DNVRng">
            <dst id="ATLA-M5">0</dst>
            <dst id="ATLAng">9146.37066666667</dst>
            <dst id="CHINng">37276.5413333333</dst>
            <dst id="DNVRng">13098.0986666667</dst>
            <dst id="HSTNng">32709.3306666667</dst>
            <dst id="IPLSng">30045.0906666667</dst>
            <dst id="KSCYng">15612.9706666667</dst>
            <dst id="LOSAng">0</dst>
            <dst id="NYCMng">35628.8933333333</dst>
            <dst id="SNVAng">9555.424</dst>
            <dst id="STTLng">1964.40533333333</dst>
            <dst id="WASHng">40913.4373333333</dst>
        </src>
        <src id="HSTNng">
            <dst id="ATLA-M5">0</dst>
            <dst id="ATLAng">27507.1706666667</dst>
            <dst id="CHINng">1930.74933333333</dst>
            <dst id="DNVRng">59.432</dst>
            <dst id="HSTNng">199461.237333333</dst>
            <dst id="IPLSng">80</dst>
            <dst id="KSCYng">0</dst>
            <dst id="LOSAng">0</dst>
            <dst id="NYCMng">4729.752</dst>
            <dst id="SNVAng">26.6666666666667</dst>
            <dst id="STTLng">0</dst>
            <dst id="WASHng">121502.490666667</dst>
        </src>
        <src id="IPLSng">
            <dst id="ATLA-M5">0</dst>
            <dst id="ATLAng">21615.5973333333</dst>
            <dst id="CHINng">131183.688</dst>
            <dst id="DNVRng">0</dst>
            <dst id="HSTNng">10842.6106666667</dst>
            <dst id="IPLSng">27624.0586666667</dst>
            <dst id="KSCYng">32873.112</dst>
            <dst id="LOSAng">134.677333333333</dst>
            <dst id="NYCMng">156861.442666667</dst>
            <dst id="SNVAng">148.613333333333</dst>
            <dst id="STTLng">57.168</dst>
            <dst id="WASHng">30424.1946666667</dst>
        </src>
        <src id="KSCYng">
            <dst id="ATLA-M5">0</dst>
            <dst id="ATLAng">4738.328</dst>
            <dst id="CHINng">16720.9706666667</dst>
            <dst id="DNVRng">5395.48533333333</dst>
            <dst id="HSTNng">17562.08</dst>
            <dst id="IPLSng">15470.928</dst>
            <dst id="KSCYng">10649.104</dst>
            <dst id="LOSAng">0</dst>
            <dst id="NYCMng">16153.184</dst>
            <dst id="SNVAng">0</dst>
            <dst id="STTLng">26.6666666666667</dst>
            <dst id="WASHng">11688.304</dst>
        </src>
        <src id="LOSAng">
            <dst id="ATLA-M5">0</dst>
            <dst id="ATLAng">20070.0533333333</dst>
            <dst id="CHINng">3802.22933333333</dst>
            <dst id="DNVRng">27242.5626666667</dst>
            <dst id="HSTNng">129402.962666667</dst>
            <dst id="IPLSng">706.346666666667</dst>
            <dst id="KSCYng">233.52</dst>
            <dst id="LOSAng">20539.584</dst>
            <dst id="NYCMng">62051.44</dst>
            <dst id="SNVAng">17415.9706666667</dst>
            <dst id="STTLng">23293.7093333333</dst>
            <dst id="WASHng">105157.632</dst>
        </src>
        <src id="NYCMng">
            <dst id="ATLA-M5">0</dst>
            <dst id="ATLAng">41620.0773333333</dst>
            <dst id="CHINng">1350.208</dst>
            <dst id="DNVRng">0</dst>
            <dst id="HSTNng">21117.32</dst>
            <dst id="IPLSng">53.3333333333333</dst>
            <dst id="KSCYng">97.3546666666667</dst>
            <dst id="LOSAng">249.482666666667</dst>
            <dst id="NYCMng">501801.04</dst>
            <dst id="SNVAng">53.3333333333333</dst>
            <dst id="STTLng">1157.13333333333</dst>
            <dst id="WASHng">96926.3386666667</dst>
        </src>
        <src id="SNVAng">
            <dst id="ATLA-M5">0</dst>
            <dst id="ATLAng">559.064</dst>
            <dst id="CHINng">26.6666666666667</dst>
            <dst id="DNVRng">4972.83466666667</dst>
            <dst id="HSTNng">12424.7013333333</dst>
            <dst id="IPLSng">0</dst>
            <dst id="KSCYng">713.301333333333</dst>
            <dst id="LOSAng">38684.7013333333</dst>
            <dst id="NYCMng">4425.992</dst>
            <dst id="SNVAng">15751.008</dst>
            <dst id="STTLng">58025.9146666667</dst>
            <dst id="WASHng">443.352</dst>
        </src>
        <src id="STTLng">
            <dst id="ATLA-M5">0</dst>
            <dst id="ATLAng">7948.128</dst>
            <dst id="CHINng">1330.90666666667</dst>
            <dst id="DNVRng">7542.77866666667</dst>
            <dst id="HSTNng">19643.8213333333</dst>
            <dst id="IPLSng">190.114666666667</dst>
            <dst id="KSCYng">4869.208</dst>
            <dst id="LOSAng">24721.264</dst>
            <dst id="NYCMng">50826.3066666667</dst>
            <dst id="SNVAng">6986.39466666667</dst>
            <dst id="STTLng">8378.76266666667</dst>
            <dst id="WASHng">34476.3226666667</dst>
        </src>
        <src id="WASHng">
            <dst id="ATLA-M5">0</dst>
            <dst id="ATLAng">108563.296</dst>
            <dst id="CHINng">18597.904</dst>
            <dst id="DNVRng">0</dst>
            <dst id="HSTNng">72174.1626666667</dst>
            <dst id="IPLSng">221.290666666667</dst>
            <dst id="KSCYng">5059.264</dst>
            <dst id="LOSAng">133.333333333333</dst>
            <dst id="NYCMng">562661.28</dst>
            <dst id="SNVAng">83.864</dst>
            <dst id="STTLng">80</dst>
            <dst id="WASHng">283029.12</dst>
        </src>
    </IntraTM>
</TrafficMatrixFile>
