<?xml version="1.0" encoding="ISO-8859-1" standalone="yes"?>
<TrafficMatrixFile xsi:noNamespaceSchemaLocation="http://totem.run.montefiore.ulg.ac.be/Schema/TrafficMatrix-v1_2.xsd" xmlns:xsi="http://www.w3.org/2001/XMLSchema-instance">
    <IntraTM ASID="11537">
        <src id="ATLA-M5">
            <dst id="ATLA-M5">26.6666666666667</dst>
            <dst id="ATLAng">334.954666666667</dst>
            <dst id="CHINng">508.789333333333</dst>
            <dst id="DNVRng">26.6666666666667</dst>
            <dst id="HSTNng">1922.36533333333</dst>
            <dst id="IPLSng">158.469333333333</dst>
            <dst id="KSCYng">531.944</dst>
            <dst id="LOSAng">0</dst>
            <dst id="NYCMng">903.293333333333</dst>
            <dst id="SNVAng">0</dst>
            <dst id="STTLng">26.6666666666667</dst>
            <dst id="WASHng">1006.95733333333</dst>
        </src>
        <src id="ATLAng">
            <dst id="ATLA-M5">0</dst>
            <dst id="ATLAng">21009.8853333333</dst>
            <dst id="CHINng">15960.144</dst>
            <dst id="DNVRng">53.3333333333333</dst>
            <dst id="HSTNng">38134.9973333333</dst>
            <dst id="IPLSng">32929.5226666667</dst>
            <dst id="KSCYng">5182.128</dst>
            <dst id="LOSAng">29.3653333333333</dst>
            <dst id="NYCMng">23452.6453333333</dst>
            <dst id="SNVAng">26.6666666666667</dst>
            <dst id="STTLng">920.624</dst>
            <dst id="WASHng">69468.3573333333</dst>
        </src>
        <src id="CHINng">
            <dst id="ATLA-M5">0</dst>
            <dst id="ATLAng">27441.2</dst>
            <dst id="CHINng">158338.397333333</dst>
            <dst id="DNVRng">19737.5546666667</dst>
            <dst id="HSTNng">125231.688</dst>
            <dst id="IPLSng">52433.576</dst>
            <dst id="KSCYng">13356.2026666667</dst>
            <dst id="LOSAng">795.72</dst>
            <dst id="NYCMng">36296.0906666667</dst>
            <dst id="SNVAng">26.6666666666667</dst>
            <dst id="STTLng">430.536</dst>
            <dst id="WASHng">33729.1386666667</dst>
        </src>
        <src id="DNVRng">
            <dst id="ATLA-M5">0</dst>
            <dst id="ATLAng">7405.33066666667</dst>
            <dst id="CHINng">70159.2133333333</dst>
            <dst id="DNVRng">8741.17866666667</dst>
            <dst id="HSTNng">54032.3866666667</dst>
            <dst id="IPLSng">26621.312</dst>
            <dst id="KSCYng">11424.8906666667</dst>
            <dst id="LOSAng">0</dst>
            <dst id="NYCMng">25882.192</dst>
            <dst id="SNVAng">12260.864</dst>
            <dst id="STTLng">81.1466666666667</dst>
            <dst id="WASHng">33894.4186666667</dst>
        </src>
        <src id="HSTNng">
            <dst id="ATLA-M5">0</dst>
            <dst id="ATLAng">23085.128</dst>
            <dst id="CHINng">4345.36</dst>
            <dst id="DNVRng">0</dst>
            <dst id="HSTNng">176424.338666667</dst>
            <dst id="IPLSng">85.344</dst>
            <dst id="KSCYng">0</dst>
            <dst id="LOSAng">0</dst>
            <dst id="NYCMng">8347.41333333333</dst>
            <dst id="SNVAng">0</dst>
            <dst id="STTLng">26.6666666666667</dst>
            <dst id="WASHng">90878.8746666666</dst>
        </src>
        <src id="IPLSng">
            <dst id="ATLA-M5">0</dst>
            <dst id="ATLAng">12124.1626666667</dst>
            <dst id="CHINng">158858.882666667</dst>
            <dst id="DNVRng">23348.0746666667</dst>
            <dst id="HSTNng">99720.264</dst>
            <dst id="IPLSng">13542.8906666667</dst>
            <dst id="KSCYng">27135.6293333333</dst>
            <dst id="LOSAng">837.173333333333</dst>
            <dst id="NYCMng">47110.5253333333</dst>
            <dst id="SNVAng">131.949333333333</dst>
            <dst id="STTLng">352.616</dst>
            <dst id="WASHng">22278.272</dst>
        </src>
        <src id="KSCYng">
            <dst id="ATLA-M5">0</dst>
            <dst id="ATLAng">8286.86666666667</dst>
            <dst id="CHINng">38455.888</dst>
            <dst id="DNVRng">8839.288</dst>
            <dst id="HSTNng">13670.0346666667</dst>
            <dst id="IPLSng">12852.3946666667</dst>
            <dst id="KSCYng">5200.39733333333</dst>
            <dst id="LOSAng">26.6666666666667</dst>
            <dst id="NYCMng">9908.16</dst>
            <dst id="SNVAng">0</dst>
            <dst id="STTLng">160.498666666667</dst>
            <dst id="WASHng">9309.69866666667</dst>
        </src>
        <src id="LOSAng">
            <dst id="ATLA-M5">0</dst>
            <dst id="ATLAng">14809.7653333333</dst>
            <dst id="CHINng">14037.392</dst>
            <dst id="DNVRng">7454.71466666667</dst>
            <dst id="HSTNng">184855.328</dst>
            <dst id="IPLSng">331.874666666667</dst>
            <dst id="KSCYng">182.573333333333</dst>
            <dst id="LOSAng">55136.864</dst>
            <dst id="NYCMng">56894.9413333333</dst>
            <dst id="SNVAng">11329.6666666667</dst>
            <dst id="STTLng">25973.0853333333</dst>
            <dst id="WASHng">82893.048</dst>
        </src>
        <src id="NYCMng">
            <dst id="ATLA-M5">0</dst>
            <dst id="ATLAng">35097.32</dst>
            <dst id="CHINng">76361.1973333333</dst>
            <dst id="DNVRng">35405.3386666667</dst>
            <dst id="HSTNng">128426.984</dst>
            <dst id="IPLSng">58138.0133333333</dst>
            <dst id="KSCYng">20660.5066666667</dst>
            <dst id="LOSAng">1037.104</dst>
            <dst id="NYCMng">228993.256</dst>
            <dst id="SNVAng">26.6666666666667</dst>
            <dst id="STTLng">10519.3893333333</dst>
            <dst id="WASHng">96537.9333333333</dst>
        </src>
        <src id="SNVAng">
            <dst id="ATLA-M5">0</dst>
            <dst id="ATLAng">160.184</dst>
            <dst id="CHINng">591.48</dst>
            <dst id="DNVRng">1598.36533333333</dst>
            <dst id="HSTNng">5274.224</dst>
            <dst id="IPLSng">0</dst>
            <dst id="KSCYng">503.402666666667</dst>
            <dst id="LOSAng">39157.6666666667</dst>
            <dst id="NYCMng">5874.11733333333</dst>
            <dst id="SNVAng">13393.032</dst>
            <dst id="STTLng">50476.904</dst>
            <dst id="WASHng">756.317333333334</dst>
        </src>
        <src id="STTLng">
            <dst id="ATLA-M5">0</dst>
            <dst id="ATLAng">9458.248</dst>
            <dst id="CHINng">23531.5786666667</dst>
            <dst id="DNVRng">4421.46666666667</dst>
            <dst id="HSTNng">41011.7173333333</dst>
            <dst id="IPLSng">274.266666666667</dst>
            <dst id="KSCYng">2356.53066666667</dst>
            <dst id="LOSAng">31722.4773333333</dst>
            <dst id="NYCMng">20527.4133333333</dst>
            <dst id="SNVAng">6698.744</dst>
            <dst id="STTLng">4010.35466666667</dst>
            <dst id="WASHng">26366.512</dst>
        </src>
        <src id="WASHng">
            <dst id="ATLA-M5">0</dst>
            <dst id="ATLAng">85600.688</dst>
            <dst id="CHINng">93384.912</dst>
            <dst id="DNVRng">6735.24533333333</dst>
            <dst id="HSTNng">314241.626666667</dst>
            <dst id="IPLSng">42848.216</dst>
            <dst id="KSCYng">16331.4506666667</dst>
            <dst id="LOSAng">329.189333333333</dst>
            <dst id="NYCMng">151843.530666667</dst>
            <dst id="SNVAng">165.84</dst>
            <dst id="STTLng">7180.07466666667</dst>
            <dst id="WASHng">393324.533333333</dst>
        </src>
    </IntraTM>
</TrafficMatrixFile>
