<?xml version="1.0" encoding="ISO-8859-1" standalone="yes"?>
<TrafficMatrixFile xsi:noNamespaceSchemaLocation="http://totem.run.montefiore.ulg.ac.be/Schema/TrafficMatrix-v1_2.xsd" xmlns:xsi="http://www.w3.org/2001/XMLSchema-instance">
    <IntraTM ASID="11537">
        <src id="ATLA-M5">
            <dst id="ATLA-M5">0</dst>
            <dst id="ATLAng">274.872</dst>
            <dst id="CHINng">595.850666666667</dst>
            <dst id="DNVRng">0</dst>
            <dst id="HSTNng">2272.088</dst>
            <dst id="IPLSng">2360.472</dst>
            <dst id="KSCYng">353.144</dst>
            <dst id="LOSAng">0</dst>
            <dst id="NYCMng">1528.81333333333</dst>
            <dst id="SNVAng">0</dst>
            <dst id="STTLng">0</dst>
            <dst id="WASHng">1753.66133333333</dst>
        </src>
        <src id="ATLAng">
            <dst id="ATLA-M5">0</dst>
            <dst id="ATLAng">52014.856</dst>
            <dst id="CHINng">23644.8506666667</dst>
            <dst id="DNVRng">54.6666666666667</dst>
            <dst id="HSTNng">38724.208</dst>
            <dst id="IPLSng">32897.3786666667</dst>
            <dst id="KSCYng">6536.552</dst>
            <dst id="LOSAng">54.8453333333333</dst>
            <dst id="NYCMng">19994.7546666667</dst>
            <dst id="SNVAng">28</dst>
            <dst id="STTLng">184.714666666667</dst>
            <dst id="WASHng">79929.536</dst>
        </src>
        <src id="CHINng">
            <dst id="ATLA-M5">0</dst>
            <dst id="ATLAng">45186.6666666667</dst>
            <dst id="CHINng">113195.349333333</dst>
            <dst id="DNVRng">22068.6933333333</dst>
            <dst id="HSTNng">122358.594666667</dst>
            <dst id="IPLSng">70375.192</dst>
            <dst id="KSCYng">16913.3146666667</dst>
            <dst id="LOSAng">416.098666666667</dst>
            <dst id="NYCMng">34470.88</dst>
            <dst id="SNVAng">0</dst>
            <dst id="STTLng">1137.00533333333</dst>
            <dst id="WASHng">49284.9413333333</dst>
        </src>
        <src id="DNVRng">
            <dst id="ATLA-M5">0</dst>
            <dst id="ATLAng">11710.2986666667</dst>
            <dst id="CHINng">56233.528</dst>
            <dst id="DNVRng">4585.09866666667</dst>
            <dst id="HSTNng">50474.6986666667</dst>
            <dst id="IPLSng">26030.4026666667</dst>
            <dst id="KSCYng">9030.02133333333</dst>
            <dst id="LOSAng">0</dst>
            <dst id="NYCMng">24607.376</dst>
            <dst id="SNVAng">8646.56</dst>
            <dst id="STTLng">80</dst>
            <dst id="WASHng">37009.12</dst>
        </src>
        <src id="HSTNng">
            <dst id="ATLA-M5">0</dst>
            <dst id="ATLAng">28464.8933333333</dst>
            <dst id="CHINng">1736.87466666667</dst>
            <dst id="DNVRng">0</dst>
            <dst id="HSTNng">149114.746666667</dst>
            <dst id="IPLSng">113.824</dst>
            <dst id="KSCYng">26.6666666666667</dst>
            <dst id="LOSAng">0</dst>
            <dst id="NYCMng">9323.832</dst>
            <dst id="SNVAng">0</dst>
            <dst id="STTLng">136.896</dst>
            <dst id="WASHng">102210.296</dst>
        </src>
        <src id="IPLSng">
            <dst id="ATLA-M5">0</dst>
            <dst id="ATLAng">36796.8293333333</dst>
            <dst id="CHINng">147292.696</dst>
            <dst id="DNVRng">11349.7253333333</dst>
            <dst id="HSTNng">119388.394666667</dst>
            <dst id="IPLSng">40062.9653333333</dst>
            <dst id="KSCYng">19811.5306666667</dst>
            <dst id="LOSAng">316.085333333333</dst>
            <dst id="NYCMng">60421.9573333333</dst>
            <dst id="SNVAng">205.952</dst>
            <dst id="STTLng">213.4</dst>
            <dst id="WASHng">31329.6933333333</dst>
        </src>
        <src id="KSCYng">
            <dst id="ATLA-M5">0</dst>
            <dst id="ATLAng">8287.35466666667</dst>
            <dst id="CHINng">30338.2826666667</dst>
            <dst id="DNVRng">9448.88533333334</dst>
            <dst id="HSTNng">22773.584</dst>
            <dst id="IPLSng">13764.4453333333</dst>
            <dst id="KSCYng">12270.7973333333</dst>
            <dst id="LOSAng">53.3333333333333</dst>
            <dst id="NYCMng">12816.984</dst>
            <dst id="SNVAng">0</dst>
            <dst id="STTLng">133.333333333333</dst>
            <dst id="WASHng">12430.1573333333</dst>
        </src>
        <src id="LOSAng">
            <dst id="ATLA-M5">0</dst>
            <dst id="ATLAng">18949.8533333333</dst>
            <dst id="CHINng">19789.8346666667</dst>
            <dst id="DNVRng">12544.4106666667</dst>
            <dst id="HSTNng">183479.837333333</dst>
            <dst id="IPLSng">326.424</dst>
            <dst id="KSCYng">136.258666666667</dst>
            <dst id="LOSAng">69539.0373333333</dst>
            <dst id="NYCMng">70604.8613333333</dst>
            <dst id="SNVAng">21307.56</dst>
            <dst id="STTLng">29246.4266666667</dst>
            <dst id="WASHng">96905.6906666666</dst>
        </src>
        <src id="NYCMng">
            <dst id="ATLA-M5">0</dst>
            <dst id="ATLAng">41666.9333333333</dst>
            <dst id="CHINng">87929.1706666667</dst>
            <dst id="DNVRng">27909.9493333333</dst>
            <dst id="HSTNng">140695.706666667</dst>
            <dst id="IPLSng">75878.104</dst>
            <dst id="KSCYng">24107.8933333333</dst>
            <dst id="LOSAng">153.386666666667</dst>
            <dst id="NYCMng">273185.333333333</dst>
            <dst id="SNVAng">0</dst>
            <dst id="STTLng">4564.80266666667</dst>
            <dst id="WASHng">124830.341333333</dst>
        </src>
        <src id="SNVAng">
            <dst id="ATLA-M5">0</dst>
            <dst id="ATLAng">1842.52266666667</dst>
            <dst id="CHINng">1210.89866666667</dst>
            <dst id="DNVRng">3764.2</dst>
            <dst id="HSTNng">9314.49066666667</dst>
            <dst id="IPLSng">90.304</dst>
            <dst id="KSCYng">431.002666666667</dst>
            <dst id="LOSAng">37009.624</dst>
            <dst id="NYCMng">5698.93866666667</dst>
            <dst id="SNVAng">16033.4826666667</dst>
            <dst id="STTLng">50328.8986666667</dst>
            <dst id="WASHng">1219.44</dst>
        </src>
        <src id="STTLng">
            <dst id="ATLA-M5">0</dst>
            <dst id="ATLAng">688809.653333333</dst>
            <dst id="CHINng">24426.7226666667</dst>
            <dst id="DNVRng">5593.512</dst>
            <dst id="HSTNng">41247.648</dst>
            <dst id="IPLSng">277.629333333333</dst>
            <dst id="KSCYng">6125.104</dst>
            <dst id="LOSAng">32251.888</dst>
            <dst id="NYCMng">15893.032</dst>
            <dst id="SNVAng">6777.87733333333</dst>
            <dst id="STTLng">3063.72533333333</dst>
            <dst id="WASHng">30302.5946666667</dst>
        </src>
        <src id="WASHng">
            <dst id="ATLA-M5">0</dst>
            <dst id="ATLAng">115693.381333333</dst>
            <dst id="CHINng">79906.0506666667</dst>
            <dst id="DNVRng">8357.27466666666</dst>
            <dst id="HSTNng">287439.386666667</dst>
            <dst id="IPLSng">83857.136</dst>
            <dst id="KSCYng">17083.1546666667</dst>
            <dst id="LOSAng">161.946666666667</dst>
            <dst id="NYCMng">194565.394666667</dst>
            <dst id="SNVAng">436.229333333333</dst>
            <dst id="STTLng">3683.20266666667</dst>
            <dst id="WASHng">309115.146666667</dst>
        </src>
    </IntraTM>
</TrafficMatrixFile>
