<?xml version="1.0" encoding="ISO-8859-1" standalone="yes"?>
<TrafficMatrixFile xsi:noNamespaceSchemaLocation="http://totem.run.montefiore.ulg.ac.be/Schema/TrafficMatrix-v1_2.xsd" xmlns:xsi="http://www.w3.org/2001/XMLSchema-instance">
    <IntraTM ASID="11537">
        <src id="ATLA-M5">
            <dst id="ATLA-M5">0</dst>
            <dst id="ATLAng">302.632</dst>
            <dst id="CHINng">1104.33066666667</dst>
            <dst id="DNVRng">0</dst>
            <dst id="HSTNng">352.554666666667</dst>
            <dst id="IPLSng">251.218666666667</dst>
            <dst id="KSCYng">0</dst>
            <dst id="LOSAng">0</dst>
            <dst id="NYCMng">3178.94666666667</dst>
            <dst id="SNVAng">0</dst>
            <dst id="STTLng">0</dst>
            <dst id="WASHng">817.733333333333</dst>
        </src>
        <src id="ATLAng">
            <dst id="ATLA-M5">0</dst>
            <dst id="ATLAng">48340.704</dst>
            <dst id="CHINng">37751.9706666667</dst>
            <dst id="DNVRng">0</dst>
            <dst id="HSTNng">3366.41066666667</dst>
            <dst id="IPLSng">24536.9733333333</dst>
            <dst id="KSCYng">0</dst>
            <dst id="LOSAng">120.050666666667</dst>
            <dst id="NYCMng">42319.0533333333</dst>
            <dst id="SNVAng">26.6666666666667</dst>
            <dst id="STTLng">0</dst>
            <dst id="WASHng">37119.0693333333</dst>
        </src>
        <src id="CHINng">
            <dst id="ATLA-M5">0</dst>
            <dst id="ATLAng">35427.912</dst>
            <dst id="CHINng">29329.52</dst>
            <dst id="DNVRng">0</dst>
            <dst id="HSTNng">11731.9146666667</dst>
            <dst id="IPLSng">39618.576</dst>
            <dst id="KSCYng">26.6666666666667</dst>
            <dst id="LOSAng">125.6</dst>
            <dst id="NYCMng">201586.76</dst>
            <dst id="SNVAng">26.6666666666667</dst>
            <dst id="STTLng">1124.43466666667</dst>
            <dst id="WASHng">40897.112</dst>
        </src>
        <src id="DNVRng">
            <dst id="ATLA-M5">0</dst>
            <dst id="ATLAng">5945.688</dst>
            <dst id="CHINng">30662.112</dst>
            <dst id="DNVRng">8988.736</dst>
            <dst id="HSTNng">27881.368</dst>
            <dst id="IPLSng">27624.0906666667</dst>
            <dst id="KSCYng">17951.792</dst>
            <dst id="LOSAng">0</dst>
            <dst id="NYCMng">37270.224</dst>
            <dst id="SNVAng">12841.6133333333</dst>
            <dst id="STTLng">2363.88266666667</dst>
            <dst id="WASHng">34914.9093333333</dst>
        </src>
        <src id="HSTNng">
            <dst id="ATLA-M5">0</dst>
            <dst id="ATLAng">15918.7173333333</dst>
            <dst id="CHINng">660.032</dst>
            <dst id="DNVRng">0</dst>
            <dst id="HSTNng">96017.304</dst>
            <dst id="IPLSng">53.3333333333333</dst>
            <dst id="KSCYng">0</dst>
            <dst id="LOSAng">0</dst>
            <dst id="NYCMng">5359.78666666667</dst>
            <dst id="SNVAng">0</dst>
            <dst id="STTLng">0</dst>
            <dst id="WASHng">120157.085333333</dst>
        </src>
        <src id="IPLSng">
            <dst id="ATLA-M5">0</dst>
            <dst id="ATLAng">16031.624</dst>
            <dst id="CHINng">126072.44</dst>
            <dst id="DNVRng">0</dst>
            <dst id="HSTNng">10028.168</dst>
            <dst id="IPLSng">14037.6026666667</dst>
            <dst id="KSCYng">18009.2346666667</dst>
            <dst id="LOSAng">0</dst>
            <dst id="NYCMng">138216.562666667</dst>
            <dst id="SNVAng">261.290666666667</dst>
            <dst id="STTLng">86.2933333333333</dst>
            <dst id="WASHng">24024.808</dst>
        </src>
        <src id="KSCYng">
            <dst id="ATLA-M5">0</dst>
            <dst id="ATLAng">2442.56533333333</dst>
            <dst id="CHINng">23788.1013333333</dst>
            <dst id="DNVRng">8558.696</dst>
            <dst id="HSTNng">19099.528</dst>
            <dst id="IPLSng">14004.7706666667</dst>
            <dst id="KSCYng">5777.69066666667</dst>
            <dst id="LOSAng">0</dst>
            <dst id="NYCMng">18016.9253333333</dst>
            <dst id="SNVAng">26.6666666666667</dst>
            <dst id="STTLng">0</dst>
            <dst id="WASHng">10557.6693333333</dst>
        </src>
        <src id="LOSAng">
            <dst id="ATLA-M5">0</dst>
            <dst id="ATLAng">13972.2906666667</dst>
            <dst id="CHINng">1864.28533333333</dst>
            <dst id="DNVRng">7493.664</dst>
            <dst id="HSTNng">80936.864</dst>
            <dst id="IPLSng">928.690666666667</dst>
            <dst id="KSCYng">94.3973333333333</dst>
            <dst id="LOSAng">16973.624</dst>
            <dst id="NYCMng">57572.5226666667</dst>
            <dst id="SNVAng">10153.4053333333</dst>
            <dst id="STTLng">21575.024</dst>
            <dst id="WASHng">98071.448</dst>
        </src>
        <src id="NYCMng">
            <dst id="ATLA-M5">0</dst>
            <dst id="ATLAng">40722.5493333333</dst>
            <dst id="CHINng">1533.40266666667</dst>
            <dst id="DNVRng">0</dst>
            <dst id="HSTNng">16136.0826666667</dst>
            <dst id="IPLSng">27.5866666666667</dst>
            <dst id="KSCYng">178.549333333333</dst>
            <dst id="LOSAng">142.426666666667</dst>
            <dst id="NYCMng">405457.626666667</dst>
            <dst id="SNVAng">81.736</dst>
            <dst id="STTLng">761.912</dst>
            <dst id="WASHng">116342.994666667</dst>
        </src>
        <src id="SNVAng">
            <dst id="ATLA-M5">0</dst>
            <dst id="ATLAng">545.922666666667</dst>
            <dst id="CHINng">0</dst>
            <dst id="DNVRng">8412.416</dst>
            <dst id="HSTNng">14469.6186666667</dst>
            <dst id="IPLSng">184.128</dst>
            <dst id="KSCYng">615.464</dst>
            <dst id="LOSAng">36997.0106666667</dst>
            <dst id="NYCMng">4322.58133333333</dst>
            <dst id="SNVAng">15201.7253333333</dst>
            <dst id="STTLng">56654.944</dst>
            <dst id="WASHng">534.234666666667</dst>
        </src>
        <src id="STTLng">
            <dst id="ATLA-M5">0</dst>
            <dst id="ATLAng">7409.62133333333</dst>
            <dst id="CHINng">613.453333333333</dst>
            <dst id="DNVRng">8635.14133333333</dst>
            <dst id="HSTNng">17276.2293333333</dst>
            <dst id="IPLSng">288.432</dst>
            <dst id="KSCYng">2835.82133333333</dst>
            <dst id="LOSAng">22976.5066666667</dst>
            <dst id="NYCMng">50404.9973333333</dst>
            <dst id="SNVAng">11641.336</dst>
            <dst id="STTLng">3025.77066666667</dst>
            <dst id="WASHng">28296.256</dst>
        </src>
        <src id="WASHng">
            <dst id="ATLA-M5">0</dst>
            <dst id="ATLAng">98229.9253333333</dst>
            <dst id="CHINng">1074.128</dst>
            <dst id="DNVRng">0</dst>
            <dst id="HSTNng">72545.256</dst>
            <dst id="IPLSng">151.616</dst>
            <dst id="KSCYng">0</dst>
            <dst id="LOSAng">84.6933333333333</dst>
            <dst id="NYCMng">469148.853333333</dst>
            <dst id="SNVAng">106.666666666667</dst>
            <dst id="STTLng">1378.2</dst>
            <dst id="WASHng">286269.813333333</dst>
        </src>
    </IntraTM>
</TrafficMatrixFile>
