<?xml version="1.0" encoding="ISO-8859-1" standalone="yes"?>
<TrafficMatrixFile xsi:noNamespaceSchemaLocation="http://totem.run.montefiore.ulg.ac.be/Schema/TrafficMatrix-v1_2.xsd" xmlns:xsi="http://www.w3.org/2001/XMLSchema-instance">
    <IntraTM ASID="11537">
        <src id="ATLA-M5">
            <dst id="ATLA-M5">0</dst>
            <dst id="ATLAng">220.637333333333</dst>
            <dst id="CHINng">1150.11466666667</dst>
            <dst id="DNVRng">0</dst>
            <dst id="HSTNng">564.674666666666</dst>
            <dst id="IPLSng">1480.76</dst>
            <dst id="KSCYng">86.8586666666667</dst>
            <dst id="LOSAng">0</dst>
            <dst id="NYCMng">564.197333333333</dst>
            <dst id="SNVAng">0</dst>
            <dst id="STTLng">114.677333333333</dst>
            <dst id="WASHng">5703.50933333333</dst>
        </src>
        <src id="ATLAng">
            <dst id="ATLA-M5">0</dst>
            <dst id="ATLAng">26413.768</dst>
            <dst id="CHINng">29507.9306666667</dst>
            <dst id="DNVRng">0</dst>
            <dst id="HSTNng">52611.1866666667</dst>
            <dst id="IPLSng">35741.4186666667</dst>
            <dst id="KSCYng">9348.35733333333</dst>
            <dst id="LOSAng">0</dst>
            <dst id="NYCMng">29877.5973333333</dst>
            <dst id="SNVAng">26.6666666666667</dst>
            <dst id="STTLng">131.52</dst>
            <dst id="WASHng">88829.4026666666</dst>
        </src>
        <src id="CHINng">
            <dst id="ATLA-M5">0</dst>
            <dst id="ATLAng">38025.9546666667</dst>
            <dst id="CHINng">105382.138666667</dst>
            <dst id="DNVRng">19376.912</dst>
            <dst id="HSTNng">105366.648</dst>
            <dst id="IPLSng">79237.3893333333</dst>
            <dst id="KSCYng">15929.7013333333</dst>
            <dst id="LOSAng">565.173333333333</dst>
            <dst id="NYCMng">53485.704</dst>
            <dst id="SNVAng">80</dst>
            <dst id="STTLng">1244.84</dst>
            <dst id="WASHng">52418.9306666667</dst>
        </src>
        <src id="DNVRng">
            <dst id="ATLA-M5">0</dst>
            <dst id="ATLAng">21289.288</dst>
            <dst id="CHINng">58945.816</dst>
            <dst id="DNVRng">6466.69333333333</dst>
            <dst id="HSTNng">50499.08</dst>
            <dst id="IPLSng">30888.6453333333</dst>
            <dst id="KSCYng">13471.488</dst>
            <dst id="LOSAng">185.834666666667</dst>
            <dst id="NYCMng">16870.624</dst>
            <dst id="SNVAng">23297.4426666667</dst>
            <dst id="STTLng">911.682666666666</dst>
            <dst id="WASHng">56616.672</dst>
        </src>
        <src id="HSTNng">
            <dst id="ATLA-M5">0</dst>
            <dst id="ATLAng">51975.5333333333</dst>
            <dst id="CHINng">2527.10666666667</dst>
            <dst id="DNVRng">0</dst>
            <dst id="HSTNng">155855.682666667</dst>
            <dst id="IPLSng">0</dst>
            <dst id="KSCYng">0</dst>
            <dst id="LOSAng">0</dst>
            <dst id="NYCMng">12243.4133333333</dst>
            <dst id="SNVAng">0</dst>
            <dst id="STTLng">331.648</dst>
            <dst id="WASHng">122613.344</dst>
        </src>
        <src id="IPLSng">
            <dst id="ATLA-M5">0</dst>
            <dst id="ATLAng">14916.0106666667</dst>
            <dst id="CHINng">155711.072</dst>
            <dst id="DNVRng">10601.4</dst>
            <dst id="HSTNng">73936.8</dst>
            <dst id="IPLSng">30325.104</dst>
            <dst id="KSCYng">42250.1973333333</dst>
            <dst id="LOSAng">0</dst>
            <dst id="NYCMng">69346.3253333333</dst>
            <dst id="SNVAng">125.218666666667</dst>
            <dst id="STTLng">1527.17066666667</dst>
            <dst id="WASHng">45950.7413333333</dst>
        </src>
        <src id="KSCYng">
            <dst id="ATLA-M5">0</dst>
            <dst id="ATLAng">6925.06666666667</dst>
            <dst id="CHINng">37674.9093333333</dst>
            <dst id="DNVRng">8886.168</dst>
            <dst id="HSTNng">14733.824</dst>
            <dst id="IPLSng">16033.6186666667</dst>
            <dst id="KSCYng">6338.752</dst>
            <dst id="LOSAng">0</dst>
            <dst id="NYCMng">11712.464</dst>
            <dst id="SNVAng">0</dst>
            <dst id="STTLng">253.904</dst>
            <dst id="WASHng">29346.2773333333</dst>
        </src>
        <src id="LOSAng">
            <dst id="ATLA-M5">0</dst>
            <dst id="ATLAng">44700.9573333333</dst>
            <dst id="CHINng">4680.54666666667</dst>
            <dst id="DNVRng">19408.6346666667</dst>
            <dst id="HSTNng">207302.901333333</dst>
            <dst id="IPLSng">334.362666666667</dst>
            <dst id="KSCYng">184.488</dst>
            <dst id="LOSAng">16515.768</dst>
            <dst id="NYCMng">77787.7733333333</dst>
            <dst id="SNVAng">19693.3893333333</dst>
            <dst id="STTLng">36301.864</dst>
            <dst id="WASHng">107033.090666667</dst>
        </src>
        <src id="NYCMng">
            <dst id="ATLA-M5">0</dst>
            <dst id="ATLAng">44047.0346666667</dst>
            <dst id="CHINng">103917.850666667</dst>
            <dst id="DNVRng">39466.6106666667</dst>
            <dst id="HSTNng">175435.301333333</dst>
            <dst id="IPLSng">85353.1386666667</dst>
            <dst id="KSCYng">27624.208</dst>
            <dst id="LOSAng">121.258666666667</dst>
            <dst id="NYCMng">271119.173333333</dst>
            <dst id="SNVAng">26.6666666666667</dst>
            <dst id="STTLng">5964.94133333333</dst>
            <dst id="WASHng">173841.546666667</dst>
        </src>
        <src id="SNVAng">
            <dst id="ATLA-M5">0</dst>
            <dst id="ATLAng">1110.78133333333</dst>
            <dst id="CHINng">837.698666666667</dst>
            <dst id="DNVRng">9078.64</dst>
            <dst id="HSTNng">7899.17866666666</dst>
            <dst id="IPLSng">26.848</dst>
            <dst id="KSCYng">1064.296</dst>
            <dst id="LOSAng">42886.088</dst>
            <dst id="NYCMng">6405.29066666667</dst>
            <dst id="SNVAng">17713.312</dst>
            <dst id="STTLng">48417.968</dst>
            <dst id="WASHng">1700.736</dst>
        </src>
        <src id="STTLng">
            <dst id="ATLA-M5">0</dst>
            <dst id="ATLAng">12936.6266666667</dst>
            <dst id="CHINng">25038.248</dst>
            <dst id="DNVRng">6318.728</dst>
            <dst id="HSTNng">49522.0533333333</dst>
            <dst id="IPLSng">368.184</dst>
            <dst id="KSCYng">4140.816</dst>
            <dst id="LOSAng">28934.6746666667</dst>
            <dst id="NYCMng">14947.4693333333</dst>
            <dst id="SNVAng">5744.79733333333</dst>
            <dst id="STTLng">9291.6</dst>
            <dst id="WASHng">34814.92</dst>
        </src>
        <src id="WASHng">
            <dst id="ATLA-M5">0</dst>
            <dst id="ATLAng">92592.128</dst>
            <dst id="CHINng">85814.1733333333</dst>
            <dst id="DNVRng">4340.976</dst>
            <dst id="HSTNng">355737.306666667</dst>
            <dst id="IPLSng">86551.2053333333</dst>
            <dst id="KSCYng">34321.312</dst>
            <dst id="LOSAng">122.52</dst>
            <dst id="NYCMng">254106.490666667</dst>
            <dst id="SNVAng">290.226666666667</dst>
            <dst id="STTLng">4690.42933333333</dst>
            <dst id="WASHng">338507.893333333</dst>
        </src>
    </IntraTM>
</TrafficMatrixFile>
