<?xml version="1.0" encoding="ISO-8859-1" standalone="yes"?>
<TrafficMatrixFile xsi:noNamespaceSchemaLocation="http://totem.run.montefiore.ulg.ac.be/Schema/TrafficMatrix-v1_2.xsd" xmlns:xsi="http://www.w3.org/2001/XMLSchema-instance">
    <IntraTM ASID="11537">
        <src id="ATLA-M5">
            <dst id="ATLA-M5">0</dst>
            <dst id="ATLAng">53.3333333333333</dst>
            <dst id="CHINng">337.965333333333</dst>
            <dst id="DNVRng">0</dst>
            <dst id="HSTNng">449.373333333333</dst>
            <dst id="IPLSng">82.4426666666667</dst>
            <dst id="KSCYng">26.6666666666667</dst>
            <dst id="LOSAng">0</dst>
            <dst id="NYCMng">243.432</dst>
            <dst id="SNVAng">0</dst>
            <dst id="STTLng">28.2773333333333</dst>
            <dst id="WASHng">2255.22933333333</dst>
        </src>
        <src id="ATLAng">
            <dst id="ATLA-M5">0</dst>
            <dst id="ATLAng">25773.0453333333</dst>
            <dst id="CHINng">20115.168</dst>
            <dst id="DNVRng">26.6666666666667</dst>
            <dst id="HSTNng">36336.352</dst>
            <dst id="IPLSng">22921.9013333333</dst>
            <dst id="KSCYng">2760.09866666667</dst>
            <dst id="LOSAng">44.552</dst>
            <dst id="NYCMng">23309</dst>
            <dst id="SNVAng">54.5866666666667</dst>
            <dst id="STTLng">1262.016</dst>
            <dst id="WASHng">77494.9786666667</dst>
        </src>
        <src id="CHINng">
            <dst id="ATLA-M5">0</dst>
            <dst id="ATLAng">27533.7013333333</dst>
            <dst id="CHINng">142810.024</dst>
            <dst id="DNVRng">14444.8053333333</dst>
            <dst id="HSTNng">89277.0586666667</dst>
            <dst id="IPLSng">44741.1146666667</dst>
            <dst id="KSCYng">16162.6773333333</dst>
            <dst id="LOSAng">475.690666666667</dst>
            <dst id="NYCMng">27253.9173333333</dst>
            <dst id="SNVAng">115.461333333333</dst>
            <dst id="STTLng">317.776</dst>
            <dst id="WASHng">34089.0053333333</dst>
        </src>
        <src id="DNVRng">
            <dst id="ATLA-M5">0</dst>
            <dst id="ATLAng">11394.9253333333</dst>
            <dst id="CHINng">65824.816</dst>
            <dst id="DNVRng">2960.65066666667</dst>
            <dst id="HSTNng">24910.2213333333</dst>
            <dst id="IPLSng">24704.0906666667</dst>
            <dst id="KSCYng">19766.472</dst>
            <dst id="LOSAng">0</dst>
            <dst id="NYCMng">18681.4186666667</dst>
            <dst id="SNVAng">7527.87733333333</dst>
            <dst id="STTLng">0</dst>
            <dst id="WASHng">36940.1413333333</dst>
        </src>
        <src id="HSTNng">
            <dst id="ATLA-M5">0</dst>
            <dst id="ATLAng">26728.3626666667</dst>
            <dst id="CHINng">2433.87733333333</dst>
            <dst id="DNVRng">0</dst>
            <dst id="HSTNng">114781.002666667</dst>
            <dst id="IPLSng">53.3333333333333</dst>
            <dst id="KSCYng">26.6666666666667</dst>
            <dst id="LOSAng">0</dst>
            <dst id="NYCMng">6690.33066666667</dst>
            <dst id="SNVAng">0</dst>
            <dst id="STTLng">64.3733333333333</dst>
            <dst id="WASHng">101642.858666667</dst>
        </src>
        <src id="IPLSng">
            <dst id="ATLA-M5">0</dst>
            <dst id="ATLAng">14711.608</dst>
            <dst id="CHINng">155951.197333333</dst>
            <dst id="DNVRng">10615.3066666667</dst>
            <dst id="HSTNng">51288.5626666667</dst>
            <dst id="IPLSng">12742.496</dst>
            <dst id="KSCYng">17343.8746666667</dst>
            <dst id="LOSAng">28.4</dst>
            <dst id="NYCMng">29033.4986666667</dst>
            <dst id="SNVAng">132.714666666667</dst>
            <dst id="STTLng">204.632</dst>
            <dst id="WASHng">14622.2853333333</dst>
        </src>
        <src id="KSCYng">
            <dst id="ATLA-M5">0</dst>
            <dst id="ATLAng">6729.04533333333</dst>
            <dst id="CHINng">38474.8586666667</dst>
            <dst id="DNVRng">8874.94133333333</dst>
            <dst id="HSTNng">14040.0026666667</dst>
            <dst id="IPLSng">9801.10666666667</dst>
            <dst id="KSCYng">6841.45866666667</dst>
            <dst id="LOSAng">26.6666666666667</dst>
            <dst id="NYCMng">9652.56266666667</dst>
            <dst id="SNVAng">0</dst>
            <dst id="STTLng">53.3333333333333</dst>
            <dst id="WASHng">11482.3866666667</dst>
        </src>
        <src id="LOSAng">
            <dst id="ATLA-M5">0</dst>
            <dst id="ATLAng">21812.9546666667</dst>
            <dst id="CHINng">13060.4666666667</dst>
            <dst id="DNVRng">4820.90666666667</dst>
            <dst id="HSTNng">172639.309333333</dst>
            <dst id="IPLSng">2797.45333333333</dst>
            <dst id="KSCYng">155.493333333333</dst>
            <dst id="LOSAng">22937.1546666667</dst>
            <dst id="NYCMng">53970.16</dst>
            <dst id="SNVAng">18848.192</dst>
            <dst id="STTLng">18926.4906666667</dst>
            <dst id="WASHng">96346.5226666667</dst>
        </src>
        <src id="NYCMng">
            <dst id="ATLA-M5">0</dst>
            <dst id="ATLAng">50367.1813333333</dst>
            <dst id="CHINng">63190.9786666667</dst>
            <dst id="DNVRng">39093.3706666667</dst>
            <dst id="HSTNng">92614.5546666666</dst>
            <dst id="IPLSng">37044.9786666667</dst>
            <dst id="KSCYng">16631.6906666667</dst>
            <dst id="LOSAng">0</dst>
            <dst id="NYCMng">233639.192</dst>
            <dst id="SNVAng">227.850666666667</dst>
            <dst id="STTLng">2485.752</dst>
            <dst id="WASHng">74263.368</dst>
        </src>
        <src id="SNVAng">
            <dst id="ATLA-M5">0</dst>
            <dst id="ATLAng">244.370666666667</dst>
            <dst id="CHINng">225.016</dst>
            <dst id="DNVRng">460.029333333333</dst>
            <dst id="HSTNng">3470.34666666667</dst>
            <dst id="IPLSng">0</dst>
            <dst id="KSCYng">155.384</dst>
            <dst id="LOSAng">24665.8106666667</dst>
            <dst id="NYCMng">10725.9733333333</dst>
            <dst id="SNVAng">16855.016</dst>
            <dst id="STTLng">45267.128</dst>
            <dst id="WASHng">395.290666666667</dst>
        </src>
        <src id="STTLng">
            <dst id="ATLA-M5">0</dst>
            <dst id="ATLAng">8946.20266666667</dst>
            <dst id="CHINng">26405.6373333333</dst>
            <dst id="DNVRng">4519.488</dst>
            <dst id="HSTNng">49036.136</dst>
            <dst id="IPLSng">334.304</dst>
            <dst id="KSCYng">2879.31466666667</dst>
            <dst id="LOSAng">19689.872</dst>
            <dst id="NYCMng">14156.088</dst>
            <dst id="SNVAng">4218.05866666667</dst>
            <dst id="STTLng">851.722666666667</dst>
            <dst id="WASHng">26240.0133333333</dst>
        </src>
        <src id="WASHng">
            <dst id="ATLA-M5">0</dst>
            <dst id="ATLAng">137005.034666667</dst>
            <dst id="CHINng">69399.224</dst>
            <dst id="DNVRng">4690.352</dst>
            <dst id="HSTNng">277794.48</dst>
            <dst id="IPLSng">39593.144</dst>
            <dst id="KSCYng">6872.272</dst>
            <dst id="LOSAng">0</dst>
            <dst id="NYCMng">147820.624</dst>
            <dst id="SNVAng">277.738666666667</dst>
            <dst id="STTLng">3281.27466666667</dst>
            <dst id="WASHng">365732.613333333</dst>
        </src>
    </IntraTM>
</TrafficMatrixFile>
