<?xml version="1.0" encoding="ISO-8859-1" standalone="yes"?>
<TrafficMatrixFile xsi:noNamespaceSchemaLocation="http://totem.run.montefiore.ulg.ac.be/Schema/TrafficMatrix-v1_2.xsd" xmlns:xsi="http://www.w3.org/2001/XMLSchema-instance">
    <IntraTM ASID="11537">
        <src id="ATLA-M5">
            <dst id="ATLA-M5">0</dst>
            <dst id="ATLAng">211.570666666667</dst>
            <dst id="CHINng">396.794666666667</dst>
            <dst id="DNVRng">0</dst>
            <dst id="HSTNng">412.914666666667</dst>
            <dst id="IPLSng">197.592</dst>
            <dst id="KSCYng">0</dst>
            <dst id="LOSAng">0</dst>
            <dst id="NYCMng">1565.26666666667</dst>
            <dst id="SNVAng">35.152</dst>
            <dst id="STTLng">0</dst>
            <dst id="WASHng">1279.16533333333</dst>
        </src>
        <src id="ATLAng">
            <dst id="ATLA-M5">0</dst>
            <dst id="ATLAng">30790.6693333333</dst>
            <dst id="CHINng">15392.6906666667</dst>
            <dst id="DNVRng">0</dst>
            <dst id="HSTNng">2982.85333333333</dst>
            <dst id="IPLSng">24116.0346666667</dst>
            <dst id="KSCYng">32.4826666666667</dst>
            <dst id="LOSAng">0</dst>
            <dst id="NYCMng">41977.1146666667</dst>
            <dst id="SNVAng">31.3173333333333</dst>
            <dst id="STTLng">57.6373333333333</dst>
            <dst id="WASHng">46922.3706666667</dst>
        </src>
        <src id="CHINng">
            <dst id="ATLA-M5">0</dst>
            <dst id="ATLAng">20620.032</dst>
            <dst id="CHINng">27220.3946666667</dst>
            <dst id="DNVRng">0</dst>
            <dst id="HSTNng">8804.06133333333</dst>
            <dst id="IPLSng">31929.2853333333</dst>
            <dst id="KSCYng">72.6586666666667</dst>
            <dst id="LOSAng">891.221333333333</dst>
            <dst id="NYCMng">199557.973333333</dst>
            <dst id="SNVAng">0</dst>
            <dst id="STTLng">813.618666666667</dst>
            <dst id="WASHng">32690.8693333333</dst>
        </src>
        <src id="DNVRng">
            <dst id="ATLA-M5">0</dst>
            <dst id="ATLAng">5482.304</dst>
            <dst id="CHINng">28950.5093333333</dst>
            <dst id="DNVRng">4007.50933333333</dst>
            <dst id="HSTNng">24764.1786666667</dst>
            <dst id="IPLSng">25626.304</dst>
            <dst id="KSCYng">11125.72</dst>
            <dst id="LOSAng">0</dst>
            <dst id="NYCMng">31854.7013333333</dst>
            <dst id="SNVAng">9227.61066666667</dst>
            <dst id="STTLng">2133.78133333333</dst>
            <dst id="WASHng">46761.8506666667</dst>
        </src>
        <src id="HSTNng">
            <dst id="ATLA-M5">0</dst>
            <dst id="ATLAng">16730.912</dst>
            <dst id="CHINng">401.874666666667</dst>
            <dst id="DNVRng">26.6666666666667</dst>
            <dst id="HSTNng">250544.994666667</dst>
            <dst id="IPLSng">26.6666666666667</dst>
            <dst id="KSCYng">26.6666666666667</dst>
            <dst id="LOSAng">0</dst>
            <dst id="NYCMng">2332.984</dst>
            <dst id="SNVAng">0</dst>
            <dst id="STTLng">0</dst>
            <dst id="WASHng">101780.874666667</dst>
        </src>
        <src id="IPLSng">
            <dst id="ATLA-M5">0</dst>
            <dst id="ATLAng">13867.856</dst>
            <dst id="CHINng">66665.9226666667</dst>
            <dst id="DNVRng">0</dst>
            <dst id="HSTNng">9957.50933333333</dst>
            <dst id="IPLSng">25461.832</dst>
            <dst id="KSCYng">16374.2026666667</dst>
            <dst id="LOSAng">27.4453333333333</dst>
            <dst id="NYCMng">155668.989333333</dst>
            <dst id="SNVAng">80</dst>
            <dst id="STTLng">53.3333333333333</dst>
            <dst id="WASHng">17091.104</dst>
        </src>
        <src id="KSCYng">
            <dst id="ATLA-M5">0</dst>
            <dst id="ATLAng">5731.78933333333</dst>
            <dst id="CHINng">19058.704</dst>
            <dst id="DNVRng">7548.01333333333</dst>
            <dst id="HSTNng">16927.0346666667</dst>
            <dst id="IPLSng">9614.41866666667</dst>
            <dst id="KSCYng">7349.27733333333</dst>
            <dst id="LOSAng">0</dst>
            <dst id="NYCMng">25071.3946666667</dst>
            <dst id="SNVAng">53.3333333333333</dst>
            <dst id="STTLng">26.6666666666667</dst>
            <dst id="WASHng">8731.30933333333</dst>
        </src>
        <src id="LOSAng">
            <dst id="ATLA-M5">0</dst>
            <dst id="ATLAng">11707.6933333333</dst>
            <dst id="CHINng">2275.81066666667</dst>
            <dst id="DNVRng">9178.888</dst>
            <dst id="HSTNng">182996.074666667</dst>
            <dst id="IPLSng">1420.13333333333</dst>
            <dst id="KSCYng">80</dst>
            <dst id="LOSAng">26670.3653333333</dst>
            <dst id="NYCMng">54356.984</dst>
            <dst id="SNVAng">6930.224</dst>
            <dst id="STTLng">18955.992</dst>
            <dst id="WASHng">90435.152</dst>
        </src>
        <src id="NYCMng">
            <dst id="ATLA-M5">0</dst>
            <dst id="ATLAng">25463.096</dst>
            <dst id="CHINng">228.429333333333</dst>
            <dst id="DNVRng">0</dst>
            <dst id="HSTNng">15286.312</dst>
            <dst id="IPLSng">80</dst>
            <dst id="KSCYng">53.3333333333333</dst>
            <dst id="LOSAng">80</dst>
            <dst id="NYCMng">351803.066666667</dst>
            <dst id="SNVAng">0</dst>
            <dst id="STTLng">623.424</dst>
            <dst id="WASHng">81470</dst>
        </src>
        <src id="SNVAng">
            <dst id="ATLA-M5">0</dst>
            <dst id="ATLAng">522.048</dst>
            <dst id="CHINng">0</dst>
            <dst id="DNVRng">4414.13866666667</dst>
            <dst id="HSTNng">3610.816</dst>
            <dst id="IPLSng">343.242666666667</dst>
            <dst id="KSCYng">610.090666666667</dst>
            <dst id="LOSAng">35242.3733333333</dst>
            <dst id="NYCMng">6033.59466666667</dst>
            <dst id="SNVAng">14653.976</dst>
            <dst id="STTLng">54704.4666666667</dst>
            <dst id="WASHng">513.042666666667</dst>
        </src>
        <src id="STTLng">
            <dst id="ATLA-M5">0</dst>
            <dst id="ATLAng">6407.792</dst>
            <dst id="CHINng">1099.53866666667</dst>
            <dst id="DNVRng">5095.8</dst>
            <dst id="HSTNng">15350.312</dst>
            <dst id="IPLSng">157.944</dst>
            <dst id="KSCYng">2193.904</dst>
            <dst id="LOSAng">19233.8053333333</dst>
            <dst id="NYCMng">44185.3173333333</dst>
            <dst id="SNVAng">4953.544</dst>
            <dst id="STTLng">1228.848</dst>
            <dst id="WASHng">24459.7306666667</dst>
        </src>
        <src id="WASHng">
            <dst id="ATLA-M5">0</dst>
            <dst id="ATLAng">127697.32</dst>
            <dst id="CHINng">746.749333333333</dst>
            <dst id="DNVRng">0</dst>
            <dst id="HSTNng">65452.7066666667</dst>
            <dst id="IPLSng">128.682666666667</dst>
            <dst id="KSCYng">431.149333333333</dst>
            <dst id="LOSAng">138.986666666667</dst>
            <dst id="NYCMng">476907.626666667</dst>
            <dst id="SNVAng">0</dst>
            <dst id="STTLng">2204.272</dst>
            <dst id="WASHng">295383.173333333</dst>
        </src>
    </IntraTM>
</TrafficMatrixFile>
