<?xml version="1.0" encoding="ISO-8859-1" standalone="yes"?>
<TrafficMatrixFile xsi:noNamespaceSchemaLocation="http://totem.run.montefiore.ulg.ac.be/Schema/TrafficMatrix-v1_2.xsd" xmlns:xsi="http://www.w3.org/2001/XMLSchema-instance">
    <IntraTM ASID="11537">
        <src id="ATLA-M5">
            <dst id="ATLA-M5">1208.376</dst>
            <dst id="ATLAng">963.128</dst>
            <dst id="CHINng">715.613333333333</dst>
            <dst id="DNVRng">0</dst>
            <dst id="HSTNng">164.733333333333</dst>
            <dst id="IPLSng">419.413333333333</dst>
            <dst id="KSCYng">0</dst>
            <dst id="LOSAng">0</dst>
            <dst id="NYCMng">542.328</dst>
            <dst id="SNVAng">0</dst>
            <dst id="STTLng">0</dst>
            <dst id="WASHng">2728.28</dst>
        </src>
        <src id="ATLAng">
            <dst id="ATLA-M5">0</dst>
            <dst id="ATLAng">26335.32</dst>
            <dst id="CHINng">15147.7146666667</dst>
            <dst id="DNVRng">0</dst>
            <dst id="HSTNng">6266.77066666667</dst>
            <dst id="IPLSng">23664.8666666667</dst>
            <dst id="KSCYng">26.6666666666667</dst>
            <dst id="LOSAng">0</dst>
            <dst id="NYCMng">45935.2986666667</dst>
            <dst id="SNVAng">0</dst>
            <dst id="STTLng">60.6613333333333</dst>
            <dst id="WASHng">46533.136</dst>
        </src>
        <src id="CHINng">
            <dst id="ATLA-M5">0</dst>
            <dst id="ATLAng">19355.928</dst>
            <dst id="CHINng">24288.9466666667</dst>
            <dst id="DNVRng">0</dst>
            <dst id="HSTNng">10310.7066666667</dst>
            <dst id="IPLSng">36094.136</dst>
            <dst id="KSCYng">53.3333333333333</dst>
            <dst id="LOSAng">53.3333333333333</dst>
            <dst id="NYCMng">156373.290666667</dst>
            <dst id="SNVAng">26.6666666666667</dst>
            <dst id="STTLng">2099.06133333333</dst>
            <dst id="WASHng">26736.6266666667</dst>
        </src>
        <src id="DNVRng">
            <dst id="ATLA-M5">0</dst>
            <dst id="ATLAng">5524.60266666667</dst>
            <dst id="CHINng">36417.7893333333</dst>
            <dst id="DNVRng">12011.472</dst>
            <dst id="HSTNng">30438.8266666667</dst>
            <dst id="IPLSng">36742.7653333333</dst>
            <dst id="KSCYng">16147.1786666667</dst>
            <dst id="LOSAng">0</dst>
            <dst id="NYCMng">44223.9333333333</dst>
            <dst id="SNVAng">12378.656</dst>
            <dst id="STTLng">2348.59733333333</dst>
            <dst id="WASHng">46199.9653333333</dst>
        </src>
        <src id="HSTNng">
            <dst id="ATLA-M5">0</dst>
            <dst id="ATLAng">31383.8906666667</dst>
            <dst id="CHINng">1749.29866666667</dst>
            <dst id="DNVRng">0</dst>
            <dst id="HSTNng">84379.4853333333</dst>
            <dst id="IPLSng">137.248</dst>
            <dst id="KSCYng">26.6666666666667</dst>
            <dst id="LOSAng">34.08</dst>
            <dst id="NYCMng">3901.09866666667</dst>
            <dst id="SNVAng">53.3333333333333</dst>
            <dst id="STTLng">0</dst>
            <dst id="WASHng">79422.5386666667</dst>
        </src>
        <src id="IPLSng">
            <dst id="ATLA-M5">0</dst>
            <dst id="ATLAng">21774.5573333333</dst>
            <dst id="CHINng">81287.9573333333</dst>
            <dst id="DNVRng">0</dst>
            <dst id="HSTNng">12340.784</dst>
            <dst id="IPLSng">67635.3226666667</dst>
            <dst id="KSCYng">18000.0906666667</dst>
            <dst id="LOSAng">30.36</dst>
            <dst id="NYCMng">132843.013333333</dst>
            <dst id="SNVAng">53.3333333333333</dst>
            <dst id="STTLng">26.6666666666667</dst>
            <dst id="WASHng">41358.4666666667</dst>
        </src>
        <src id="KSCYng">
            <dst id="ATLA-M5">0</dst>
            <dst id="ATLAng">6550.008</dst>
            <dst id="CHINng">16130.472</dst>
            <dst id="DNVRng">8319.816</dst>
            <dst id="HSTNng">13768.8026666667</dst>
            <dst id="IPLSng">11586.416</dst>
            <dst id="KSCYng">11989.9093333333</dst>
            <dst id="LOSAng">0</dst>
            <dst id="NYCMng">19761.5466666667</dst>
            <dst id="SNVAng">0</dst>
            <dst id="STTLng">0</dst>
            <dst id="WASHng">8594.32266666667</dst>
        </src>
        <src id="LOSAng">
            <dst id="ATLA-M5">0</dst>
            <dst id="ATLAng">28090</dst>
            <dst id="CHINng">2412.22133333333</dst>
            <dst id="DNVRng">9523.064</dst>
            <dst id="HSTNng">112377.642666667</dst>
            <dst id="IPLSng">708.944</dst>
            <dst id="KSCYng">420.168</dst>
            <dst id="LOSAng">29773.344</dst>
            <dst id="NYCMng">68470.5253333333</dst>
            <dst id="SNVAng">8641.152</dst>
            <dst id="STTLng">19051.3973333333</dst>
            <dst id="WASHng">67422.4133333333</dst>
        </src>
        <src id="NYCMng">
            <dst id="ATLA-M5">0</dst>
            <dst id="ATLAng">27279.024</dst>
            <dst id="CHINng">1336.07733333333</dst>
            <dst id="DNVRng">0</dst>
            <dst id="HSTNng">11614.608</dst>
            <dst id="IPLSng">53.3333333333333</dst>
            <dst id="KSCYng">90.552</dst>
            <dst id="LOSAng">91.3413333333333</dst>
            <dst id="NYCMng">427123.44</dst>
            <dst id="SNVAng">26.6666666666667</dst>
            <dst id="STTLng">765.226666666667</dst>
            <dst id="WASHng">97836</dst>
        </src>
        <src id="SNVAng">
            <dst id="ATLA-M5">0</dst>
            <dst id="ATLAng">939.277333333333</dst>
            <dst id="CHINng">53.3333333333333</dst>
            <dst id="DNVRng">2572.06133333333</dst>
            <dst id="HSTNng">2849.536</dst>
            <dst id="IPLSng">26.6666666666667</dst>
            <dst id="KSCYng">161.914666666667</dst>
            <dst id="LOSAng">38840.4506666667</dst>
            <dst id="NYCMng">5100.65066666667</dst>
            <dst id="SNVAng">14367.8186666667</dst>
            <dst id="STTLng">52162.3333333333</dst>
            <dst id="WASHng">365.784</dst>
        </src>
        <src id="STTLng">
            <dst id="ATLA-M5">0</dst>
            <dst id="ATLAng">7847.44</dst>
            <dst id="CHINng">653.122666666667</dst>
            <dst id="DNVRng">4740.02666666667</dst>
            <dst id="HSTNng">14766.9413333333</dst>
            <dst id="IPLSng">130.368</dst>
            <dst id="KSCYng">5199.056</dst>
            <dst id="LOSAng">14488.6906666667</dst>
            <dst id="NYCMng">46879.1493333333</dst>
            <dst id="SNVAng">5518.40533333333</dst>
            <dst id="STTLng">4401.52</dst>
            <dst id="WASHng">28868.416</dst>
        </src>
        <src id="WASHng">
            <dst id="ATLA-M5">0</dst>
            <dst id="ATLAng">144327.989333333</dst>
            <dst id="CHINng">892.616</dst>
            <dst id="DNVRng">0</dst>
            <dst id="HSTNng">73271.64</dst>
            <dst id="IPLSng">182.954666666667</dst>
            <dst id="KSCYng">53.3333333333333</dst>
            <dst id="LOSAng">0</dst>
            <dst id="NYCMng">474464.426666667</dst>
            <dst id="SNVAng">81.4293333333333</dst>
            <dst id="STTLng">108</dst>
            <dst id="WASHng">278660.826666667</dst>
        </src>
    </IntraTM>
</TrafficMatrixFile>
