<?xml version="1.0" encoding="ISO-8859-1" standalone="yes"?>
<TrafficMatrixFile xsi:noNamespaceSchemaLocation="http://totem.run.montefiore.ulg.ac.be/Schema/TrafficMatrix-v1_2.xsd" xmlns:xsi="http://www.w3.org/2001/XMLSchema-instance">
    <IntraTM ASID="11537">
        <src id="ATLA-M5">
            <dst id="ATLA-M5">0</dst>
            <dst id="ATLAng">106.666666666667</dst>
            <dst id="CHINng">352.12</dst>
            <dst id="DNVRng">0</dst>
            <dst id="HSTNng">411.44</dst>
            <dst id="IPLSng">162.096</dst>
            <dst id="KSCYng">0</dst>
            <dst id="LOSAng">0</dst>
            <dst id="NYCMng">189.418666666667</dst>
            <dst id="SNVAng">0</dst>
            <dst id="STTLng">0</dst>
            <dst id="WASHng">1588.16</dst>
        </src>
        <src id="ATLAng">
            <dst id="ATLA-M5">0</dst>
            <dst id="ATLAng">30916.7973333333</dst>
            <dst id="CHINng">19898.816</dst>
            <dst id="DNVRng">26.6666666666667</dst>
            <dst id="HSTNng">35822.6986666667</dst>
            <dst id="IPLSng">33019.2506666667</dst>
            <dst id="KSCYng">2870.00266666667</dst>
            <dst id="LOSAng">45.976</dst>
            <dst id="NYCMng">20979.9253333333</dst>
            <dst id="SNVAng">80</dst>
            <dst id="STTLng">1218.70666666667</dst>
            <dst id="WASHng">86115.9093333333</dst>
        </src>
        <src id="CHINng">
            <dst id="ATLA-M5">0</dst>
            <dst id="ATLAng">23407.2826666667</dst>
            <dst id="CHINng">156345.72</dst>
            <dst id="DNVRng">17168</dst>
            <dst id="HSTNng">84658.6746666667</dst>
            <dst id="IPLSng">35383.616</dst>
            <dst id="KSCYng">15841.752</dst>
            <dst id="LOSAng">303.272</dst>
            <dst id="NYCMng">23769.0533333333</dst>
            <dst id="SNVAng">53.3333333333333</dst>
            <dst id="STTLng">1917.776</dst>
            <dst id="WASHng">31203.7306666667</dst>
        </src>
        <src id="DNVRng">
            <dst id="ATLA-M5">0</dst>
            <dst id="ATLAng">7527.616</dst>
            <dst id="CHINng">69646.6106666667</dst>
            <dst id="DNVRng">9134.38666666667</dst>
            <dst id="HSTNng">32583.3306666667</dst>
            <dst id="IPLSng">25463.8906666667</dst>
            <dst id="KSCYng">28542.52</dst>
            <dst id="LOSAng">0</dst>
            <dst id="NYCMng">18069.5653333333</dst>
            <dst id="SNVAng">10886.6693333333</dst>
            <dst id="STTLng">53.3333333333333</dst>
            <dst id="WASHng">41926.8773333333</dst>
        </src>
        <src id="HSTNng">
            <dst id="ATLA-M5">0</dst>
            <dst id="ATLAng">26290.656</dst>
            <dst id="CHINng">2985.68533333333</dst>
            <dst id="DNVRng">26.6666666666667</dst>
            <dst id="HSTNng">120797.024</dst>
            <dst id="IPLSng">26.6666666666667</dst>
            <dst id="KSCYng">26.6666666666667</dst>
            <dst id="LOSAng">0</dst>
            <dst id="NYCMng">3937.904</dst>
            <dst id="SNVAng">26.6666666666667</dst>
            <dst id="STTLng">159.36</dst>
            <dst id="WASHng">104717.066666667</dst>
        </src>
        <src id="IPLSng">
            <dst id="ATLA-M5">0</dst>
            <dst id="ATLAng">13052.4053333333</dst>
            <dst id="CHINng">133447.330666667</dst>
            <dst id="DNVRng">10023.6373333333</dst>
            <dst id="HSTNng">69086.9813333333</dst>
            <dst id="IPLSng">38537.0346666667</dst>
            <dst id="KSCYng">16988.2773333333</dst>
            <dst id="LOSAng">26.6666666666667</dst>
            <dst id="NYCMng">38716.1093333333</dst>
            <dst id="SNVAng">179.736</dst>
            <dst id="STTLng">262.104</dst>
            <dst id="WASHng">17966.2213333333</dst>
        </src>
        <src id="KSCYng">
            <dst id="ATLA-M5">0</dst>
            <dst id="ATLAng">7114.85866666667</dst>
            <dst id="CHINng">38611.16</dst>
            <dst id="DNVRng">9531.53333333333</dst>
            <dst id="HSTNng">12096.256</dst>
            <dst id="IPLSng">12084.4106666667</dst>
            <dst id="KSCYng">8159.04</dst>
            <dst id="LOSAng">0</dst>
            <dst id="NYCMng">9279.816</dst>
            <dst id="SNVAng">0</dst>
            <dst id="STTLng">140.12</dst>
            <dst id="WASHng">11026.9146666667</dst>
        </src>
        <src id="LOSAng">
            <dst id="ATLA-M5">0</dst>
            <dst id="ATLAng">22766.488</dst>
            <dst id="CHINng">18193.088</dst>
            <dst id="DNVRng">6599.016</dst>
            <dst id="HSTNng">152044.8</dst>
            <dst id="IPLSng">1811.85333333333</dst>
            <dst id="KSCYng">282.906666666667</dst>
            <dst id="LOSAng">20473.4666666667</dst>
            <dst id="NYCMng">55995.5946666667</dst>
            <dst id="SNVAng">13649.9946666667</dst>
            <dst id="STTLng">17187.744</dst>
            <dst id="WASHng">97727.5733333333</dst>
        </src>
        <src id="NYCMng">
            <dst id="ATLA-M5">0</dst>
            <dst id="ATLAng">42074.5466666667</dst>
            <dst id="CHINng">65887.48</dst>
            <dst id="DNVRng">36396.7413333333</dst>
            <dst id="HSTNng">95134.4346666667</dst>
            <dst id="IPLSng">51065.672</dst>
            <dst id="KSCYng">15300.9813333333</dst>
            <dst id="LOSAng">131.842666666667</dst>
            <dst id="NYCMng">219989.701333333</dst>
            <dst id="SNVAng">54.216</dst>
            <dst id="STTLng">2558.168</dst>
            <dst id="WASHng">106024.730666667</dst>
        </src>
        <src id="SNVAng">
            <dst id="ATLA-M5">0</dst>
            <dst id="ATLAng">481.258666666667</dst>
            <dst id="CHINng">579.264</dst>
            <dst id="DNVRng">1935.62133333333</dst>
            <dst id="HSTNng">3901.312</dst>
            <dst id="IPLSng">0</dst>
            <dst id="KSCYng">121.386666666667</dst>
            <dst id="LOSAng">38960.704</dst>
            <dst id="NYCMng">3757.26933333333</dst>
            <dst id="SNVAng">15538.9253333333</dst>
            <dst id="STTLng">47630.0746666667</dst>
            <dst id="WASHng">295.202666666667</dst>
        </src>
        <src id="STTLng">
            <dst id="ATLA-M5">0</dst>
            <dst id="ATLAng">10310.7146666667</dst>
            <dst id="CHINng">28315.6906666667</dst>
            <dst id="DNVRng">4540.544</dst>
            <dst id="HSTNng">50941.448</dst>
            <dst id="IPLSng">498.296</dst>
            <dst id="KSCYng">2301.83466666667</dst>
            <dst id="LOSAng">20678.3866666667</dst>
            <dst id="NYCMng">12082.984</dst>
            <dst id="SNVAng">4868.50933333333</dst>
            <dst id="STTLng">3315.336</dst>
            <dst id="WASHng">28423.8426666667</dst>
        </src>
        <src id="WASHng">
            <dst id="ATLA-M5">0</dst>
            <dst id="ATLAng">103935.496</dst>
            <dst id="CHINng">77627.6213333333</dst>
            <dst id="DNVRng">11742.0533333333</dst>
            <dst id="HSTNng">285106.293333333</dst>
            <dst id="IPLSng">67922.68</dst>
            <dst id="KSCYng">8320.29866666667</dst>
            <dst id="LOSAng">53.3333333333333</dst>
            <dst id="NYCMng">189455.669333333</dst>
            <dst id="SNVAng">338.152</dst>
            <dst id="STTLng">3063.336</dst>
            <dst id="WASHng">449354.133333333</dst>
        </src>
    </IntraTM>
</TrafficMatrixFile>
