<?xml version="1.0" encoding="ISO-8859-1" standalone="yes"?>
<TrafficMatrixFile xsi:noNamespaceSchemaLocation="http://totem.run.montefiore.ulg.ac.be/Schema/TrafficMatrix-v1_2.xsd" xmlns:xsi="http://www.w3.org/2001/XMLSchema-instance">
    <IntraTM ASID="11537">
        <src id="ATLA-M5">
            <dst id="ATLA-M5">346.341333333333</dst>
            <dst id="ATLAng">1146.32</dst>
            <dst id="CHINng">664.12</dst>
            <dst id="DNVRng">0</dst>
            <dst id="HSTNng">892.069333333333</dst>
            <dst id="IPLSng">2186.47733333333</dst>
            <dst id="KSCYng">395.130666666667</dst>
            <dst id="LOSAng">0</dst>
            <dst id="NYCMng">693.701333333333</dst>
            <dst id="SNVAng">38.8</dst>
            <dst id="STTLng">0</dst>
            <dst id="WASHng">2781.38666666667</dst>
        </src>
        <src id="ATLAng">
            <dst id="ATLA-M5">0</dst>
            <dst id="ATLAng">40360.616</dst>
            <dst id="CHINng">28070.0746666667</dst>
            <dst id="DNVRng">542.517333333333</dst>
            <dst id="HSTNng">42283.8746666667</dst>
            <dst id="IPLSng">38501.4746666667</dst>
            <dst id="KSCYng">5025.97866666667</dst>
            <dst id="LOSAng">0</dst>
            <dst id="NYCMng">22831.0853333333</dst>
            <dst id="SNVAng">704.650666666667</dst>
            <dst id="STTLng">581.517333333333</dst>
            <dst id="WASHng">76539.4133333333</dst>
        </src>
        <src id="CHINng">
            <dst id="ATLA-M5">0</dst>
            <dst id="ATLAng">31231.1653333333</dst>
            <dst id="CHINng">188910.981333333</dst>
            <dst id="DNVRng">18032.32</dst>
            <dst id="HSTNng">90755.608</dst>
            <dst id="IPLSng">76244.2533333333</dst>
            <dst id="KSCYng">23637.0453333333</dst>
            <dst id="LOSAng">190.549333333333</dst>
            <dst id="NYCMng">40352.4773333333</dst>
            <dst id="SNVAng">144.653333333333</dst>
            <dst id="STTLng">1083.91733333333</dst>
            <dst id="WASHng">48630.7706666667</dst>
        </src>
        <src id="DNVRng">
            <dst id="ATLA-M5">0</dst>
            <dst id="ATLAng">10357.9946666667</dst>
            <dst id="CHINng">120387.725333333</dst>
            <dst id="DNVRng">11918.504</dst>
            <dst id="HSTNng">36262.1626666667</dst>
            <dst id="IPLSng">33906.1866666667</dst>
            <dst id="KSCYng">14212.7066666667</dst>
            <dst id="LOSAng">53.3333333333333</dst>
            <dst id="NYCMng">17406.9626666667</dst>
            <dst id="SNVAng">13059.9813333333</dst>
            <dst id="STTLng">138.272</dst>
            <dst id="WASHng">45541.9093333333</dst>
        </src>
        <src id="HSTNng">
            <dst id="ATLA-M5">0</dst>
            <dst id="ATLAng">34987.9333333333</dst>
            <dst id="CHINng">4813.63466666667</dst>
            <dst id="DNVRng">26.6666666666667</dst>
            <dst id="HSTNng">184809.482666667</dst>
            <dst id="IPLSng">174.232</dst>
            <dst id="KSCYng">113.434666666667</dst>
            <dst id="LOSAng">0</dst>
            <dst id="NYCMng">5888.50666666667</dst>
            <dst id="SNVAng">26.6666666666667</dst>
            <dst id="STTLng">26.6666666666667</dst>
            <dst id="WASHng">111326.872</dst>
        </src>
        <src id="IPLSng">
            <dst id="ATLA-M5">0</dst>
            <dst id="ATLAng">17431.9413333333</dst>
            <dst id="CHINng">164570.773333333</dst>
            <dst id="DNVRng">19248.184</dst>
            <dst id="HSTNng">48458</dst>
            <dst id="IPLSng">51289.52</dst>
            <dst id="KSCYng">27011.688</dst>
            <dst id="LOSAng">62.7653333333333</dst>
            <dst id="NYCMng">36000.792</dst>
            <dst id="SNVAng">255.125333333333</dst>
            <dst id="STTLng">522.522666666667</dst>
            <dst id="WASHng">37877.408</dst>
        </src>
        <src id="KSCYng">
            <dst id="ATLA-M5">0</dst>
            <dst id="ATLAng">6142.264</dst>
            <dst id="CHINng">41509.0026666667</dst>
            <dst id="DNVRng">18434.5066666667</dst>
            <dst id="HSTNng">15374.472</dst>
            <dst id="IPLSng">16637.24</dst>
            <dst id="KSCYng">12691.6266666667</dst>
            <dst id="LOSAng">0</dst>
            <dst id="NYCMng">13704.4053333333</dst>
            <dst id="SNVAng">160.272</dst>
            <dst id="STTLng">118.978666666667</dst>
            <dst id="WASHng">14151.7413333333</dst>
        </src>
        <src id="LOSAng">
            <dst id="ATLA-M5">0</dst>
            <dst id="ATLAng">29584.4773333333</dst>
            <dst id="CHINng">10023.3866666667</dst>
            <dst id="DNVRng">15441.2506666667</dst>
            <dst id="HSTNng">216983.904</dst>
            <dst id="IPLSng">1923.184</dst>
            <dst id="KSCYng">596.925333333333</dst>
            <dst id="LOSAng">17857.4346666667</dst>
            <dst id="NYCMng">61156.44</dst>
            <dst id="SNVAng">14401.544</dst>
            <dst id="STTLng">20374.304</dst>
            <dst id="WASHng">104010.197333333</dst>
        </src>
        <src id="NYCMng">
            <dst id="ATLA-M5">0</dst>
            <dst id="ATLAng">43073.504</dst>
            <dst id="CHINng">101061.757333333</dst>
            <dst id="DNVRng">28461.9626666667</dst>
            <dst id="HSTNng">108377.762666667</dst>
            <dst id="IPLSng">73278.872</dst>
            <dst id="KSCYng">22136.7493333333</dst>
            <dst id="LOSAng">26.6666666666667</dst>
            <dst id="NYCMng">251614.592</dst>
            <dst id="SNVAng">106.666666666667</dst>
            <dst id="STTLng">3950.81866666667</dst>
            <dst id="WASHng">125569.928</dst>
        </src>
        <src id="SNVAng">
            <dst id="ATLA-M5">0</dst>
            <dst id="ATLAng">1104.94933333333</dst>
            <dst id="CHINng">590.314666666667</dst>
            <dst id="DNVRng">6597.28</dst>
            <dst id="HSTNng">14430.0293333333</dst>
            <dst id="IPLSng">40.1066666666667</dst>
            <dst id="KSCYng">585.549333333333</dst>
            <dst id="LOSAng">37919.0453333333</dst>
            <dst id="NYCMng">4684.52533333333</dst>
            <dst id="SNVAng">16314.8293333333</dst>
            <dst id="STTLng">49736.0746666667</dst>
            <dst id="WASHng">1728.09066666667</dst>
        </src>
        <src id="STTLng">
            <dst id="ATLA-M5">0</dst>
            <dst id="ATLAng">17713.5653333333</dst>
            <dst id="CHINng">42563.8266666667</dst>
            <dst id="DNVRng">5216.77066666667</dst>
            <dst id="HSTNng">61769.6186666667</dst>
            <dst id="IPLSng">916.784</dst>
            <dst id="KSCYng">7536.88533333333</dst>
            <dst id="LOSAng">16335.688</dst>
            <dst id="NYCMng">17086.6453333333</dst>
            <dst id="SNVAng">6978.528</dst>
            <dst id="STTLng">2091.69866666667</dst>
            <dst id="WASHng">40213.3226666667</dst>
        </src>
        <src id="WASHng">
            <dst id="ATLA-M5">0</dst>
            <dst id="ATLAng">147573.986666667</dst>
            <dst id="CHINng">87538.176</dst>
            <dst id="DNVRng">1429.976</dst>
            <dst id="HSTNng">301136.506666667</dst>
            <dst id="IPLSng">103294.248</dst>
            <dst id="KSCYng">20356.3013333333</dst>
            <dst id="LOSAng">26.6666666666667</dst>
            <dst id="NYCMng">182387.645333333</dst>
            <dst id="SNVAng">637.941333333333</dst>
            <dst id="STTLng">4044.848</dst>
            <dst id="WASHng">439222</dst>
        </src>
    </IntraTM>
</TrafficMatrixFile>
