<?xml version="1.0" encoding="ISO-8859-1" standalone="yes"?>
<TrafficMatrixFile xsi:noNamespaceSchemaLocation="http://totem.run.montefiore.ulg.ac.be/Schema/TrafficMatrix-v1_2.xsd" xmlns:xsi="http://www.w3.org/2001/XMLSchema-instance">
    <IntraTM ASID="11537">
        <src id="ATLA-M5">
            <dst id="ATLA-M5">0</dst>
            <dst id="ATLAng">250.621333333333</dst>
            <dst id="CHINng">1207.21866666667</dst>
            <dst id="DNVRng">0</dst>
            <dst id="HSTNng">2600.02133333333</dst>
            <dst id="IPLSng">533.344</dst>
            <dst id="KSCYng">0</dst>
            <dst id="LOSAng">0</dst>
            <dst id="NYCMng">971.365333333333</dst>
            <dst id="SNVAng">0</dst>
            <dst id="STTLng">0</dst>
            <dst id="WASHng">2181.31466666667</dst>
        </src>
        <src id="ATLAng">
            <dst id="ATLA-M5">0</dst>
            <dst id="ATLAng">40962.3626666667</dst>
            <dst id="CHINng">38250.288</dst>
            <dst id="DNVRng">0</dst>
            <dst id="HSTNng">5453.62133333333</dst>
            <dst id="IPLSng">28314.5546666667</dst>
            <dst id="KSCYng">0</dst>
            <dst id="LOSAng">70.5173333333334</dst>
            <dst id="NYCMng">56694.312</dst>
            <dst id="SNVAng">0</dst>
            <dst id="STTLng">0</dst>
            <dst id="WASHng">41742.8293333333</dst>
        </src>
        <src id="CHINng">
            <dst id="ATLA-M5">0</dst>
            <dst id="ATLAng">34725.6426666667</dst>
            <dst id="CHINng">36720.616</dst>
            <dst id="DNVRng">0</dst>
            <dst id="HSTNng">15667.8453333333</dst>
            <dst id="IPLSng">50781.408</dst>
            <dst id="KSCYng">26.6666666666667</dst>
            <dst id="LOSAng">160.048</dst>
            <dst id="NYCMng">208255.637333333</dst>
            <dst id="SNVAng">0</dst>
            <dst id="STTLng">475.722666666667</dst>
            <dst id="WASHng">36882.3173333333</dst>
        </src>
        <src id="DNVRng">
            <dst id="ATLA-M5">0</dst>
            <dst id="ATLAng">6660.66933333334</dst>
            <dst id="CHINng">31858.3893333333</dst>
            <dst id="DNVRng">6103.136</dst>
            <dst id="HSTNng">29692.2933333333</dst>
            <dst id="IPLSng">32412.3866666667</dst>
            <dst id="KSCYng">12587.6613333333</dst>
            <dst id="LOSAng">0</dst>
            <dst id="NYCMng">32731.4506666667</dst>
            <dst id="SNVAng">9181.728</dst>
            <dst id="STTLng">106.666666666667</dst>
            <dst id="WASHng">37051.3173333333</dst>
        </src>
        <src id="HSTNng">
            <dst id="ATLA-M5">0</dst>
            <dst id="ATLAng">52346.8186666667</dst>
            <dst id="CHINng">1045.02933333333</dst>
            <dst id="DNVRng">73.0213333333333</dst>
            <dst id="HSTNng">164755.365333333</dst>
            <dst id="IPLSng">26.6666666666667</dst>
            <dst id="KSCYng">0</dst>
            <dst id="LOSAng">0</dst>
            <dst id="NYCMng">4188.94666666667</dst>
            <dst id="SNVAng">0</dst>
            <dst id="STTLng">0</dst>
            <dst id="WASHng">107895.893333333</dst>
        </src>
        <src id="IPLSng">
            <dst id="ATLA-M5">0</dst>
            <dst id="ATLAng">15000.8213333333</dst>
            <dst id="CHINng">121799.354666667</dst>
            <dst id="DNVRng">0</dst>
            <dst id="HSTNng">8048.57866666667</dst>
            <dst id="IPLSng">30420.1706666667</dst>
            <dst id="KSCYng">35436.2986666667</dst>
            <dst id="LOSAng">1841.032</dst>
            <dst id="NYCMng">214014.224</dst>
            <dst id="SNVAng">86.6666666666667</dst>
            <dst id="STTLng">26.6666666666667</dst>
            <dst id="WASHng">21271.488</dst>
        </src>
        <src id="KSCYng">
            <dst id="ATLA-M5">0</dst>
            <dst id="ATLAng">3582.61866666667</dst>
            <dst id="CHINng">20928.8613333333</dst>
            <dst id="DNVRng">6538.83733333333</dst>
            <dst id="HSTNng">13366.936</dst>
            <dst id="IPLSng">9313.488</dst>
            <dst id="KSCYng">5301.32533333333</dst>
            <dst id="LOSAng">0</dst>
            <dst id="NYCMng">25721.2853333333</dst>
            <dst id="SNVAng">0</dst>
            <dst id="STTLng">53.3333333333333</dst>
            <dst id="WASHng">14033.936</dst>
        </src>
        <src id="LOSAng">
            <dst id="ATLA-M5">0</dst>
            <dst id="ATLAng">49104.312</dst>
            <dst id="CHINng">1952.77866666667</dst>
            <dst id="DNVRng">9098.424</dst>
            <dst id="HSTNng">123230.501333333</dst>
            <dst id="IPLSng">1127.72533333333</dst>
            <dst id="KSCYng">392.210666666667</dst>
            <dst id="LOSAng">24434.9893333333</dst>
            <dst id="NYCMng">69918.8906666667</dst>
            <dst id="SNVAng">14843.4133333333</dst>
            <dst id="STTLng">20071.8826666667</dst>
            <dst id="WASHng">93878.0693333333</dst>
        </src>
        <src id="NYCMng">
            <dst id="ATLA-M5">0</dst>
            <dst id="ATLAng">31871.84</dst>
            <dst id="CHINng">740.456</dst>
            <dst id="DNVRng">0</dst>
            <dst id="HSTNng">21271.9626666667</dst>
            <dst id="IPLSng">53.3333333333333</dst>
            <dst id="KSCYng">75.5626666666667</dst>
            <dst id="LOSAng">160.088</dst>
            <dst id="NYCMng">497973.253333333</dst>
            <dst id="SNVAng">80</dst>
            <dst id="STTLng">617.336</dst>
            <dst id="WASHng">103851.085333333</dst>
        </src>
        <src id="SNVAng">
            <dst id="ATLA-M5">0</dst>
            <dst id="ATLAng">689.781333333333</dst>
            <dst id="CHINng">53.3333333333333</dst>
            <dst id="DNVRng">6695.52266666667</dst>
            <dst id="HSTNng">6912.19466666667</dst>
            <dst id="IPLSng">0</dst>
            <dst id="KSCYng">558.6</dst>
            <dst id="LOSAng">37393.8053333333</dst>
            <dst id="NYCMng">5954.34933333333</dst>
            <dst id="SNVAng">13840.5946666667</dst>
            <dst id="STTLng">57377.2293333333</dst>
            <dst id="WASHng">546.32</dst>
        </src>
        <src id="STTLng">
            <dst id="ATLA-M5">0</dst>
            <dst id="ATLAng">5608.74933333333</dst>
            <dst id="CHINng">850.653333333333</dst>
            <dst id="DNVRng">11534.9893333333</dst>
            <dst id="HSTNng">17720.4746666667</dst>
            <dst id="IPLSng">296.416</dst>
            <dst id="KSCYng">3602.03733333333</dst>
            <dst id="LOSAng">17212.9653333333</dst>
            <dst id="NYCMng">45231.1146666667</dst>
            <dst id="SNVAng">4955.84</dst>
            <dst id="STTLng">2012.93333333333</dst>
            <dst id="WASHng">31311.4853333333</dst>
        </src>
        <src id="WASHng">
            <dst id="ATLA-M5">0</dst>
            <dst id="ATLAng">114377.293333333</dst>
            <dst id="CHINng">5383.06133333333</dst>
            <dst id="DNVRng">0</dst>
            <dst id="HSTNng">75339.3413333333</dst>
            <dst id="IPLSng">106.666666666667</dst>
            <dst id="KSCYng">55.6933333333333</dst>
            <dst id="LOSAng">26.6666666666667</dst>
            <dst id="NYCMng">538597.653333333</dst>
            <dst id="SNVAng">53.3333333333333</dst>
            <dst id="STTLng">3284.17066666667</dst>
            <dst id="WASHng">273753.173333333</dst>
        </src>
    </IntraTM>
</TrafficMatrixFile>
