<?xml version="1.0" encoding="ISO-8859-1" standalone="yes"?>
<TrafficMatrixFile xsi:noNamespaceSchemaLocation="http://totem.run.montefiore.ulg.ac.be/Schema/TrafficMatrix-v1_2.xsd" xmlns:xsi="http://www.w3.org/2001/XMLSchema-instance">
    <IntraTM ASID="11537">
        <src id="ATLA-M5">
            <dst id="ATLA-M5">0</dst>
            <dst id="ATLAng">106.666666666667</dst>
            <dst id="CHINng">920.002666666667</dst>
            <dst id="DNVRng">26.6666666666667</dst>
            <dst id="HSTNng">1820.18933333333</dst>
            <dst id="IPLSng">756.810666666667</dst>
            <dst id="KSCYng">53.3333333333333</dst>
            <dst id="LOSAng">0</dst>
            <dst id="NYCMng">1792.60533333333</dst>
            <dst id="SNVAng">0</dst>
            <dst id="STTLng">0</dst>
            <dst id="WASHng">1560.26933333333</dst>
        </src>
        <src id="ATLAng">
            <dst id="ATLA-M5">0</dst>
            <dst id="ATLAng">23347.3546666667</dst>
            <dst id="CHINng">17291.2293333333</dst>
            <dst id="DNVRng">53.3333333333333</dst>
            <dst id="HSTNng">40508.7493333333</dst>
            <dst id="IPLSng">35999.2773333333</dst>
            <dst id="KSCYng">4311.97066666667</dst>
            <dst id="LOSAng">59.6506666666667</dst>
            <dst id="NYCMng">24149.5493333333</dst>
            <dst id="SNVAng">26.6666666666667</dst>
            <dst id="STTLng">745.309333333333</dst>
            <dst id="WASHng">69809.088</dst>
        </src>
        <src id="CHINng">
            <dst id="ATLA-M5">0</dst>
            <dst id="ATLAng">28533.64</dst>
            <dst id="CHINng">149486.464</dst>
            <dst id="DNVRng">20299.3466666667</dst>
            <dst id="HSTNng">112819</dst>
            <dst id="IPLSng">49566.8213333333</dst>
            <dst id="KSCYng">16005.5306666667</dst>
            <dst id="LOSAng">922.786666666667</dst>
            <dst id="NYCMng">33914.0186666667</dst>
            <dst id="SNVAng">0</dst>
            <dst id="STTLng">423.445333333333</dst>
            <dst id="WASHng">38177.9546666667</dst>
        </src>
        <src id="DNVRng">
            <dst id="ATLA-M5">0</dst>
            <dst id="ATLAng">7433.56</dst>
            <dst id="CHINng">77265.92</dst>
            <dst id="DNVRng">9633.06666666667</dst>
            <dst id="HSTNng">56077.7626666667</dst>
            <dst id="IPLSng">25664.92</dst>
            <dst id="KSCYng">12635.9973333333</dst>
            <dst id="LOSAng">0</dst>
            <dst id="NYCMng">29304.368</dst>
            <dst id="SNVAng">13295.2853333333</dst>
            <dst id="STTLng">80</dst>
            <dst id="WASHng">35491.9013333333</dst>
        </src>
        <src id="HSTNng">
            <dst id="ATLA-M5">0</dst>
            <dst id="ATLAng">26393.1573333333</dst>
            <dst id="CHINng">6008.58666666667</dst>
            <dst id="DNVRng">53.3333333333333</dst>
            <dst id="HSTNng">161989.725333333</dst>
            <dst id="IPLSng">121.568</dst>
            <dst id="KSCYng">0</dst>
            <dst id="LOSAng">0</dst>
            <dst id="NYCMng">7219.63466666667</dst>
            <dst id="SNVAng">0</dst>
            <dst id="STTLng">0</dst>
            <dst id="WASHng">90213.0186666667</dst>
        </src>
        <src id="IPLSng">
            <dst id="ATLA-M5">0</dst>
            <dst id="ATLAng">13854.624</dst>
            <dst id="CHINng">150561.256</dst>
            <dst id="DNVRng">27632.3386666667</dst>
            <dst id="HSTNng">62167.544</dst>
            <dst id="IPLSng">14523.56</dst>
            <dst id="KSCYng">27656.8133333333</dst>
            <dst id="LOSAng">1297.61066666667</dst>
            <dst id="NYCMng">45618.144</dst>
            <dst id="SNVAng">105.861333333333</dst>
            <dst id="STTLng">264.634666666667</dst>
            <dst id="WASHng">19923.9386666667</dst>
        </src>
        <src id="KSCYng">
            <dst id="ATLA-M5">0</dst>
            <dst id="ATLAng">7378.56</dst>
            <dst id="CHINng">36962.208</dst>
            <dst id="DNVRng">8802.33866666667</dst>
            <dst id="HSTNng">16427.3626666667</dst>
            <dst id="IPLSng">13027.2266666667</dst>
            <dst id="KSCYng">5002.424</dst>
            <dst id="LOSAng">0</dst>
            <dst id="NYCMng">9379.46933333333</dst>
            <dst id="SNVAng">0</dst>
            <dst id="STTLng">129</dst>
            <dst id="WASHng">9236.07733333333</dst>
        </src>
        <src id="LOSAng">
            <dst id="ATLA-M5">0</dst>
            <dst id="ATLAng">16617.0186666667</dst>
            <dst id="CHINng">12561.2613333333</dst>
            <dst id="DNVRng">8253.42133333334</dst>
            <dst id="HSTNng">163641.288</dst>
            <dst id="IPLSng">256.792</dst>
            <dst id="KSCYng">100.2</dst>
            <dst id="LOSAng">45437.7626666667</dst>
            <dst id="NYCMng">59523.904</dst>
            <dst id="SNVAng">8583.74933333333</dst>
            <dst id="STTLng">27366.024</dst>
            <dst id="WASHng">83150.24</dst>
        </src>
        <src id="NYCMng">
            <dst id="ATLA-M5">0</dst>
            <dst id="ATLAng">32028.7786666667</dst>
            <dst id="CHINng">73109.0693333333</dst>
            <dst id="DNVRng">40213.7466666667</dst>
            <dst id="HSTNng">131600.576</dst>
            <dst id="IPLSng">56873.896</dst>
            <dst id="KSCYng">22371.5546666667</dst>
            <dst id="LOSAng">570.506666666667</dst>
            <dst id="NYCMng">234863.914666667</dst>
            <dst id="SNVAng">80</dst>
            <dst id="STTLng">3435.81066666667</dst>
            <dst id="WASHng">89203.832</dst>
        </src>
        <src id="SNVAng">
            <dst id="ATLA-M5">0</dst>
            <dst id="ATLAng">202.608</dst>
            <dst id="CHINng">698.858666666667</dst>
            <dst id="DNVRng">2456.82933333333</dst>
            <dst id="HSTNng">5082.776</dst>
            <dst id="IPLSng">0</dst>
            <dst id="KSCYng">547.029333333333</dst>
            <dst id="LOSAng">42601.1866666667</dst>
            <dst id="NYCMng">6382.73866666667</dst>
            <dst id="SNVAng">12978.0933333333</dst>
            <dst id="STTLng">48212.656</dst>
            <dst id="WASHng">725.629333333333</dst>
        </src>
        <src id="STTLng">
            <dst id="ATLA-M5">0</dst>
            <dst id="ATLAng">8899.8</dst>
            <dst id="CHINng">23702.7573333333</dst>
            <dst id="DNVRng">4452.144</dst>
            <dst id="HSTNng">43255.4373333333</dst>
            <dst id="IPLSng">382.194666666667</dst>
            <dst id="KSCYng">2510.06133333333</dst>
            <dst id="LOSAng">32975.808</dst>
            <dst id="NYCMng">18417.736</dst>
            <dst id="SNVAng">6694.888</dst>
            <dst id="STTLng">4561.136</dst>
            <dst id="WASHng">26681.8453333333</dst>
        </src>
        <src id="WASHng">
            <dst id="ATLA-M5">0</dst>
            <dst id="ATLAng">146761.346666667</dst>
            <dst id="CHINng">95205.4373333333</dst>
            <dst id="DNVRng">7715.16266666667</dst>
            <dst id="HSTNng">298541.493333333</dst>
            <dst id="IPLSng">49552.3813333333</dst>
            <dst id="KSCYng">16793.176</dst>
            <dst id="LOSAng">42.6826666666667</dst>
            <dst id="NYCMng">156233.802666667</dst>
            <dst id="SNVAng">142.306666666667</dst>
            <dst id="STTLng">7950.736</dst>
            <dst id="WASHng">419313.866666667</dst>
        </src>
    </IntraTM>
</TrafficMatrixFile>
