<?xml version="1.0" encoding="ISO-8859-1" standalone="yes"?>
<TrafficMatrixFile xsi:noNamespaceSchemaLocation="http://totem.run.montefiore.ulg.ac.be/Schema/TrafficMatrix-v1_2.xsd" xmlns:xsi="http://www.w3.org/2001/XMLSchema-instance">
    <IntraTM ASID="11537">
        <src id="ATLA-M5">
            <dst id="ATLA-M5">0</dst>
            <dst id="ATLAng">160</dst>
            <dst id="CHINng">438.474666666667</dst>
            <dst id="DNVRng">0</dst>
            <dst id="HSTNng">1980.632</dst>
            <dst id="IPLSng">165.834666666667</dst>
            <dst id="KSCYng">200.392</dst>
            <dst id="LOSAng">0</dst>
            <dst id="NYCMng">613.448</dst>
            <dst id="SNVAng">0</dst>
            <dst id="STTLng">0</dst>
            <dst id="WASHng">947.538666666667</dst>
        </src>
        <src id="ATLAng">
            <dst id="ATLA-M5">0</dst>
            <dst id="ATLAng">20812.2826666667</dst>
            <dst id="CHINng">17245.3173333333</dst>
            <dst id="DNVRng">53.3333333333333</dst>
            <dst id="HSTNng">43917.6613333333</dst>
            <dst id="IPLSng">33526.2026666667</dst>
            <dst id="KSCYng">5203.67466666667</dst>
            <dst id="LOSAng">80</dst>
            <dst id="NYCMng">24272.9653333333</dst>
            <dst id="SNVAng">26.6666666666667</dst>
            <dst id="STTLng">893.261333333333</dst>
            <dst id="WASHng">70212.5253333333</dst>
        </src>
        <src id="CHINng">
            <dst id="ATLA-M5">0</dst>
            <dst id="ATLAng">28797.224</dst>
            <dst id="CHINng">143679.042666667</dst>
            <dst id="DNVRng">24813.6533333333</dst>
            <dst id="HSTNng">115701.416</dst>
            <dst id="IPLSng">59713.344</dst>
            <dst id="KSCYng">17775.3493333333</dst>
            <dst id="LOSAng">886.168</dst>
            <dst id="NYCMng">37721.8693333333</dst>
            <dst id="SNVAng">0</dst>
            <dst id="STTLng">288.864</dst>
            <dst id="WASHng">36299.608</dst>
        </src>
        <src id="DNVRng">
            <dst id="ATLA-M5">0</dst>
            <dst id="ATLAng">7605.288</dst>
            <dst id="CHINng">74410.1013333333</dst>
            <dst id="DNVRng">6577.23466666667</dst>
            <dst id="HSTNng">53544.6053333333</dst>
            <dst id="IPLSng">29159.2266666667</dst>
            <dst id="KSCYng">9678.29333333333</dst>
            <dst id="LOSAng">0</dst>
            <dst id="NYCMng">29863.6266666667</dst>
            <dst id="SNVAng">8654.89333333333</dst>
            <dst id="STTLng">30.9706666666667</dst>
            <dst id="WASHng">34584.3226666667</dst>
        </src>
        <src id="HSTNng">
            <dst id="ATLA-M5">0</dst>
            <dst id="ATLAng">22288.3386666667</dst>
            <dst id="CHINng">3023.76</dst>
            <dst id="DNVRng">0</dst>
            <dst id="HSTNng">160600.088</dst>
            <dst id="IPLSng">110.053333333333</dst>
            <dst id="KSCYng">0</dst>
            <dst id="LOSAng">0</dst>
            <dst id="NYCMng">7452.95733333333</dst>
            <dst id="SNVAng">0</dst>
            <dst id="STTLng">131.432</dst>
            <dst id="WASHng">91548.1066666667</dst>
        </src>
        <src id="IPLSng">
            <dst id="ATLA-M5">0</dst>
            <dst id="ATLAng">11603.896</dst>
            <dst id="CHINng">160041.981333333</dst>
            <dst id="DNVRng">10594.1573333333</dst>
            <dst id="HSTNng">129464.978666667</dst>
            <dst id="IPLSng">13558.072</dst>
            <dst id="KSCYng">23892.728</dst>
            <dst id="LOSAng">703.84</dst>
            <dst id="NYCMng">42918.5813333333</dst>
            <dst id="SNVAng">102.778666666667</dst>
            <dst id="STTLng">459.741333333333</dst>
            <dst id="WASHng">22683.2266666667</dst>
        </src>
        <src id="KSCYng">
            <dst id="ATLA-M5">0</dst>
            <dst id="ATLAng">9080.088</dst>
            <dst id="CHINng">38847.2506666667</dst>
            <dst id="DNVRng">9930.46133333333</dst>
            <dst id="HSTNng">16104.728</dst>
            <dst id="IPLSng">15321.6</dst>
            <dst id="KSCYng">9735.76266666667</dst>
            <dst id="LOSAng">53.3333333333333</dst>
            <dst id="NYCMng">8745.272</dst>
            <dst id="SNVAng">0</dst>
            <dst id="STTLng">176.757333333333</dst>
            <dst id="WASHng">10728.2133333333</dst>
        </src>
        <src id="LOSAng">
            <dst id="ATLA-M5">0</dst>
            <dst id="ATLAng">13798.0533333333</dst>
            <dst id="CHINng">13505.1173333333</dst>
            <dst id="DNVRng">8769</dst>
            <dst id="HSTNng">179818.112</dst>
            <dst id="IPLSng">411.029333333333</dst>
            <dst id="KSCYng">120.986666666667</dst>
            <dst id="LOSAng">51659.8826666667</dst>
            <dst id="NYCMng">58363.0586666667</dst>
            <dst id="SNVAng">13188.1013333333</dst>
            <dst id="STTLng">27422.4666666667</dst>
            <dst id="WASHng">85134.0133333333</dst>
        </src>
        <src id="NYCMng">
            <dst id="ATLA-M5">0</dst>
            <dst id="ATLAng">40252.5226666667</dst>
            <dst id="CHINng">77718.9413333333</dst>
            <dst id="DNVRng">34024.8586666667</dst>
            <dst id="HSTNng">128988.237333333</dst>
            <dst id="IPLSng">61567.56</dst>
            <dst id="KSCYng">19976.704</dst>
            <dst id="LOSAng">119.168</dst>
            <dst id="NYCMng">245899.013333333</dst>
            <dst id="SNVAng">26.6666666666667</dst>
            <dst id="STTLng">11748.408</dst>
            <dst id="WASHng">100129.568</dst>
        </src>
        <src id="SNVAng">
            <dst id="ATLA-M5">0</dst>
            <dst id="ATLAng">239.925333333333</dst>
            <dst id="CHINng">624.266666666667</dst>
            <dst id="DNVRng">2989.336</dst>
            <dst id="HSTNng">4644.28</dst>
            <dst id="IPLSng">0</dst>
            <dst id="KSCYng">458.106666666667</dst>
            <dst id="LOSAng">32700.2266666667</dst>
            <dst id="NYCMng">5538.8</dst>
            <dst id="SNVAng">13134.1493333333</dst>
            <dst id="STTLng">47447.432</dst>
            <dst id="WASHng">859.466666666667</dst>
        </src>
        <src id="STTLng">
            <dst id="ATLA-M5">0</dst>
            <dst id="ATLAng">9549.38666666667</dst>
            <dst id="CHINng">23449.632</dst>
            <dst id="DNVRng">4485.20533333333</dst>
            <dst id="HSTNng">50948.256</dst>
            <dst id="IPLSng">329.746666666667</dst>
            <dst id="KSCYng">2523.46933333333</dst>
            <dst id="LOSAng">31392.264</dst>
            <dst id="NYCMng">18034.6</dst>
            <dst id="SNVAng">9176.22666666667</dst>
            <dst id="STTLng">3192.09333333333</dst>
            <dst id="WASHng">27589.664</dst>
        </src>
        <src id="WASHng">
            <dst id="ATLA-M5">0</dst>
            <dst id="ATLAng">74067.7893333333</dst>
            <dst id="CHINng">103197.205333333</dst>
            <dst id="DNVRng">7097.77866666667</dst>
            <dst id="HSTNng">322859.04</dst>
            <dst id="IPLSng">46539.5306666667</dst>
            <dst id="KSCYng">14218.3733333333</dst>
            <dst id="LOSAng">171.930666666667</dst>
            <dst id="NYCMng">153369.813333333</dst>
            <dst id="SNVAng">178.277333333333</dst>
            <dst id="STTLng">8639.38666666667</dst>
            <dst id="WASHng">433557.733333333</dst>
        </src>
    </IntraTM>
</TrafficMatrixFile>
