<?xml version="1.0" encoding="ISO-8859-1" standalone="yes"?>
<TrafficMatrixFile xsi:noNamespaceSchemaLocation="http://totem.run.montefiore.ulg.ac.be/Schema/TrafficMatrix-v1_2.xsd" xmlns:xsi="http://www.w3.org/2001/XMLSchema-instance">
    <IntraTM ASID="11537">
        <src id="ATLA-M5">
            <dst id="ATLA-M5">53.3333333333333</dst>
            <dst id="ATLAng">371.890666666667</dst>
            <dst id="CHINng">1261.6</dst>
            <dst id="DNVRng">0</dst>
            <dst id="HSTNng">1625.25866666667</dst>
            <dst id="IPLSng">177.264</dst>
            <dst id="KSCYng">44.792</dst>
            <dst id="LOSAng">0</dst>
            <dst id="NYCMng">233.045333333333</dst>
            <dst id="SNVAng">0</dst>
            <dst id="STTLng">0</dst>
            <dst id="WASHng">1340.112</dst>
        </src>
        <src id="ATLAng">
            <dst id="ATLA-M5">0</dst>
            <dst id="ATLAng">22543.2986666667</dst>
            <dst id="CHINng">27500.36</dst>
            <dst id="DNVRng">81.4613333333333</dst>
            <dst id="HSTNng">114955.546666667</dst>
            <dst id="IPLSng">35133.576</dst>
            <dst id="KSCYng">4302.46933333333</dst>
            <dst id="LOSAng">26.6666666666667</dst>
            <dst id="NYCMng">18139.7093333333</dst>
            <dst id="SNVAng">63.3973333333333</dst>
            <dst id="STTLng">308.933333333333</dst>
            <dst id="WASHng">67444.048</dst>
        </src>
        <src id="CHINng">
            <dst id="ATLA-M5">0</dst>
            <dst id="ATLAng">30036.3173333333</dst>
            <dst id="CHINng">101431.024</dst>
            <dst id="DNVRng">25417.408</dst>
            <dst id="HSTNng">128520.098666667</dst>
            <dst id="IPLSng">76079.408</dst>
            <dst id="KSCYng">20493.5653333333</dst>
            <dst id="LOSAng">372.704</dst>
            <dst id="NYCMng">47900.9093333333</dst>
            <dst id="SNVAng">26.6666666666667</dst>
            <dst id="STTLng">854.858666666667</dst>
            <dst id="WASHng">46932.9946666667</dst>
        </src>
        <src id="DNVRng">
            <dst id="ATLA-M5">0</dst>
            <dst id="ATLAng">9586.24266666667</dst>
            <dst id="CHINng">52994.3466666667</dst>
            <dst id="DNVRng">17186.8666666667</dst>
            <dst id="HSTNng">40660.824</dst>
            <dst id="IPLSng">29864.672</dst>
            <dst id="KSCYng">20738.0453333333</dst>
            <dst id="LOSAng">0</dst>
            <dst id="NYCMng">20028.3653333333</dst>
            <dst id="SNVAng">12818.7226666667</dst>
            <dst id="STTLng">1354.96533333333</dst>
            <dst id="WASHng">43363.384</dst>
        </src>
        <src id="HSTNng">
            <dst id="ATLA-M5">0</dst>
            <dst id="ATLAng">38428.16</dst>
            <dst id="CHINng">1664.73333333333</dst>
            <dst id="DNVRng">26.6666666666667</dst>
            <dst id="HSTNng">156587.712</dst>
            <dst id="IPLSng">26.6666666666667</dst>
            <dst id="KSCYng">0</dst>
            <dst id="LOSAng">0</dst>
            <dst id="NYCMng">11974.6</dst>
            <dst id="SNVAng">106.666666666667</dst>
            <dst id="STTLng">157.754666666667</dst>
            <dst id="WASHng">130820.376</dst>
        </src>
        <src id="IPLSng">
            <dst id="ATLA-M5">0</dst>
            <dst id="ATLAng">26972.928</dst>
            <dst id="CHINng">138766.216</dst>
            <dst id="DNVRng">9396.38666666667</dst>
            <dst id="HSTNng">133235.173333333</dst>
            <dst id="IPLSng">48776.0426666667</dst>
            <dst id="KSCYng">25924.3706666667</dst>
            <dst id="LOSAng">53.3333333333333</dst>
            <dst id="NYCMng">87220.3653333333</dst>
            <dst id="SNVAng">153.472</dst>
            <dst id="STTLng">1099.73066666667</dst>
            <dst id="WASHng">41237.672</dst>
        </src>
        <src id="KSCYng">
            <dst id="ATLA-M5">0</dst>
            <dst id="ATLAng">5712.2</dst>
            <dst id="CHINng">26595.8</dst>
            <dst id="DNVRng">6546.34133333333</dst>
            <dst id="HSTNng">14348.432</dst>
            <dst id="IPLSng">21419.6693333333</dst>
            <dst id="KSCYng">8748.744</dst>
            <dst id="LOSAng">0</dst>
            <dst id="NYCMng">9033.69066666667</dst>
            <dst id="SNVAng">0</dst>
            <dst id="STTLng">26.6666666666667</dst>
            <dst id="WASHng">19018.1893333333</dst>
        </src>
        <src id="LOSAng">
            <dst id="ATLA-M5">0</dst>
            <dst id="ATLAng">26416.992</dst>
            <dst id="CHINng">4241.10133333333</dst>
            <dst id="DNVRng">17979.2906666667</dst>
            <dst id="HSTNng">165274.213333333</dst>
            <dst id="IPLSng">260.869333333333</dst>
            <dst id="KSCYng">237.152</dst>
            <dst id="LOSAng">22787.88</dst>
            <dst id="NYCMng">64830.1386666667</dst>
            <dst id="SNVAng">17250.6826666667</dst>
            <dst id="STTLng">44890.2693333333</dst>
            <dst id="WASHng">96724</dst>
        </src>
        <src id="NYCMng">
            <dst id="ATLA-M5">0</dst>
            <dst id="ATLAng">39006.2506666667</dst>
            <dst id="CHINng">85949.3093333334</dst>
            <dst id="DNVRng">37128.6053333333</dst>
            <dst id="HSTNng">160822.402666667</dst>
            <dst id="IPLSng">77758.5573333334</dst>
            <dst id="KSCYng">22299.3733333333</dst>
            <dst id="LOSAng">1066.752</dst>
            <dst id="NYCMng">266847.946666667</dst>
            <dst id="SNVAng">106.666666666667</dst>
            <dst id="STTLng">5229.45866666667</dst>
            <dst id="WASHng">160405.053333333</dst>
        </src>
        <src id="SNVAng">
            <dst id="ATLA-M5">0</dst>
            <dst id="ATLAng">850.741333333333</dst>
            <dst id="CHINng">398.250666666667</dst>
            <dst id="DNVRng">12185.3066666667</dst>
            <dst id="HSTNng">4647.112</dst>
            <dst id="IPLSng">0</dst>
            <dst id="KSCYng">765.338666666667</dst>
            <dst id="LOSAng">37790.3733333333</dst>
            <dst id="NYCMng">5710.71466666667</dst>
            <dst id="SNVAng">15395.0773333333</dst>
            <dst id="STTLng">54525.64</dst>
            <dst id="WASHng">1925.056</dst>
        </src>
        <src id="STTLng">
            <dst id="ATLA-M5">0</dst>
            <dst id="ATLAng">9246.16533333334</dst>
            <dst id="CHINng">22949.9146666667</dst>
            <dst id="DNVRng">8204.11466666667</dst>
            <dst id="HSTNng">38064.4933333333</dst>
            <dst id="IPLSng">360.797333333333</dst>
            <dst id="KSCYng">5426.62933333333</dst>
            <dst id="LOSAng">29400.776</dst>
            <dst id="NYCMng">19736.5546666667</dst>
            <dst id="SNVAng">7109.84266666667</dst>
            <dst id="STTLng">7243.26933333333</dst>
            <dst id="WASHng">32179.048</dst>
        </src>
        <src id="WASHng">
            <dst id="ATLA-M5">0</dst>
            <dst id="ATLAng">121478.656</dst>
            <dst id="CHINng">93377.7013333333</dst>
            <dst id="DNVRng">4085.74666666667</dst>
            <dst id="HSTNng">351298.346666667</dst>
            <dst id="IPLSng">74533.4266666667</dst>
            <dst id="KSCYng">19004.9546666667</dst>
            <dst id="LOSAng">282.453333333333</dst>
            <dst id="NYCMng">208670.877333333</dst>
            <dst id="SNVAng">450.922666666667</dst>
            <dst id="STTLng">4135.208</dst>
            <dst id="WASHng">283174.586666667</dst>
        </src>
    </IntraTM>
</TrafficMatrixFile>
