<?xml version="1.0" encoding="ISO-8859-1" standalone="yes"?>
<TrafficMatrixFile xsi:noNamespaceSchemaLocation="http://totem.run.montefiore.ulg.ac.be/Schema/TrafficMatrix-v1_2.xsd" xmlns:xsi="http://www.w3.org/2001/XMLSchema-instance">
    <IntraTM ASID="11537">
        <src id="ATLA-M5">
            <dst id="ATLA-M5">1480.89866666667</dst>
            <dst id="ATLAng">1742.42933333333</dst>
            <dst id="CHINng">903.341333333333</dst>
            <dst id="DNVRng">0</dst>
            <dst id="HSTNng">173.864</dst>
            <dst id="IPLSng">449.464</dst>
            <dst id="KSCYng">0</dst>
            <dst id="LOSAng">0</dst>
            <dst id="NYCMng">431.56</dst>
            <dst id="SNVAng">0</dst>
            <dst id="STTLng">0</dst>
            <dst id="WASHng">2834.58133333333</dst>
        </src>
        <src id="ATLAng">
            <dst id="ATLA-M5">0</dst>
            <dst id="ATLAng">31125.4506666667</dst>
            <dst id="CHINng">14717.6053333333</dst>
            <dst id="DNVRng">0</dst>
            <dst id="HSTNng">6933.512</dst>
            <dst id="IPLSng">25473.3866666667</dst>
            <dst id="KSCYng">28.4186666666667</dst>
            <dst id="LOSAng">112.16</dst>
            <dst id="NYCMng">45900.4693333333</dst>
            <dst id="SNVAng">97.1413333333333</dst>
            <dst id="STTLng">26.6666666666667</dst>
            <dst id="WASHng">45696.2346666667</dst>
        </src>
        <src id="CHINng">
            <dst id="ATLA-M5">0</dst>
            <dst id="ATLAng">21546.5733333333</dst>
            <dst id="CHINng">22229.2053333333</dst>
            <dst id="DNVRng">0</dst>
            <dst id="HSTNng">19989.264</dst>
            <dst id="IPLSng">39271.4186666667</dst>
            <dst id="KSCYng">0</dst>
            <dst id="LOSAng">0</dst>
            <dst id="NYCMng">154149.909333333</dst>
            <dst id="SNVAng">0</dst>
            <dst id="STTLng">2168.48</dst>
            <dst id="WASHng">30531.8853333333</dst>
        </src>
        <src id="DNVRng">
            <dst id="ATLA-M5">0</dst>
            <dst id="ATLAng">5245.872</dst>
            <dst id="CHINng">29122.9333333333</dst>
            <dst id="DNVRng">11871.6026666667</dst>
            <dst id="HSTNng">34316.744</dst>
            <dst id="IPLSng">33377.368</dst>
            <dst id="KSCYng">17656.168</dst>
            <dst id="LOSAng">0</dst>
            <dst id="NYCMng">40968.1546666667</dst>
            <dst id="SNVAng">12258.7493333333</dst>
            <dst id="STTLng">2214.40266666667</dst>
            <dst id="WASHng">43144.464</dst>
        </src>
        <src id="HSTNng">
            <dst id="ATLA-M5">0</dst>
            <dst id="ATLAng">27156.728</dst>
            <dst id="CHINng">1564.89066666667</dst>
            <dst id="DNVRng">26.6666666666667</dst>
            <dst id="HSTNng">96196.368</dst>
            <dst id="IPLSng">108.994666666667</dst>
            <dst id="KSCYng">85.504</dst>
            <dst id="LOSAng">0</dst>
            <dst id="NYCMng">6215.75733333333</dst>
            <dst id="SNVAng">0</dst>
            <dst id="STTLng">0</dst>
            <dst id="WASHng">76785.328</dst>
        </src>
        <src id="IPLSng">
            <dst id="ATLA-M5">0</dst>
            <dst id="ATLAng">22078.312</dst>
            <dst id="CHINng">60040.0773333333</dst>
            <dst id="DNVRng">0</dst>
            <dst id="HSTNng">12267.712</dst>
            <dst id="IPLSng">58466.2853333333</dst>
            <dst id="KSCYng">20025.5306666667</dst>
            <dst id="LOSAng">121.786666666667</dst>
            <dst id="NYCMng">118190.858666667</dst>
            <dst id="SNVAng">0</dst>
            <dst id="STTLng">56.88</dst>
            <dst id="WASHng">38438.824</dst>
        </src>
        <src id="KSCYng">
            <dst id="ATLA-M5">0</dst>
            <dst id="ATLAng">7043.97333333333</dst>
            <dst id="CHINng">16566.8</dst>
            <dst id="DNVRng">7598.28533333333</dst>
            <dst id="HSTNng">9717.256</dst>
            <dst id="IPLSng">13948.216</dst>
            <dst id="KSCYng">8842.03466666667</dst>
            <dst id="LOSAng">0</dst>
            <dst id="NYCMng">22295.6453333333</dst>
            <dst id="SNVAng">0</dst>
            <dst id="STTLng">0</dst>
            <dst id="WASHng">7717.30933333333</dst>
        </src>
        <src id="LOSAng">
            <dst id="ATLA-M5">0</dst>
            <dst id="ATLAng">26189.7493333333</dst>
            <dst id="CHINng">2606.016</dst>
            <dst id="DNVRng">9373.136</dst>
            <dst id="HSTNng">100685.64</dst>
            <dst id="IPLSng">860.234666666667</dst>
            <dst id="KSCYng">442.117333333333</dst>
            <dst id="LOSAng">23969.4693333333</dst>
            <dst id="NYCMng">64543.9386666667</dst>
            <dst id="SNVAng">8329.24266666667</dst>
            <dst id="STTLng">15963.1706666667</dst>
            <dst id="WASHng">64116.6</dst>
        </src>
        <src id="NYCMng">
            <dst id="ATLA-M5">0</dst>
            <dst id="ATLAng">25182.1866666667</dst>
            <dst id="CHINng">1536.768</dst>
            <dst id="DNVRng">0</dst>
            <dst id="HSTNng">10823.3386666667</dst>
            <dst id="IPLSng">0</dst>
            <dst id="KSCYng">117.637333333333</dst>
            <dst id="LOSAng">148.290666666667</dst>
            <dst id="NYCMng">420709.12</dst>
            <dst id="SNVAng">80.48</dst>
            <dst id="STTLng">666.933333333333</dst>
            <dst id="WASHng">109869.565333333</dst>
        </src>
        <src id="SNVAng">
            <dst id="ATLA-M5">0</dst>
            <dst id="ATLAng">498.514666666667</dst>
            <dst id="CHINng">26.6666666666667</dst>
            <dst id="DNVRng">2850.472</dst>
            <dst id="HSTNng">2654.63733333333</dst>
            <dst id="IPLSng">83.896</dst>
            <dst id="KSCYng">386.061333333333</dst>
            <dst id="LOSAng">36366.4293333333</dst>
            <dst id="NYCMng">5330.40266666667</dst>
            <dst id="SNVAng">14623.0693333333</dst>
            <dst id="STTLng">50086.144</dst>
            <dst id="WASHng">240.576</dst>
        </src>
        <src id="STTLng">
            <dst id="ATLA-M5">0</dst>
            <dst id="ATLAng">7957.176</dst>
            <dst id="CHINng">505.549333333333</dst>
            <dst id="DNVRng">4783.64</dst>
            <dst id="HSTNng">19140.6586666667</dst>
            <dst id="IPLSng">166.037333333333</dst>
            <dst id="KSCYng">4982.824</dst>
            <dst id="LOSAng">12862.816</dst>
            <dst id="NYCMng">41990.7093333333</dst>
            <dst id="SNVAng">5147.49333333333</dst>
            <dst id="STTLng">5074.18933333333</dst>
            <dst id="WASHng">29397.8293333333</dst>
        </src>
        <src id="WASHng">
            <dst id="ATLA-M5">0</dst>
            <dst id="ATLAng">175971.496</dst>
            <dst id="CHINng">1049.12</dst>
            <dst id="DNVRng">0</dst>
            <dst id="HSTNng">81597.2746666667</dst>
            <dst id="IPLSng">183.525333333333</dst>
            <dst id="KSCYng">0</dst>
            <dst id="LOSAng">0</dst>
            <dst id="NYCMng">454853.626666667</dst>
            <dst id="SNVAng">53.3333333333333</dst>
            <dst id="STTLng">106.666666666667</dst>
            <dst id="WASHng">318202.986666667</dst>
        </src>
    </IntraTM>
</TrafficMatrixFile>
