<?xml version="1.0" encoding="ISO-8859-1" standalone="yes"?>
<TrafficMatrixFile xsi:noNamespaceSchemaLocation="http://totem.run.montefiore.ulg.ac.be/Schema/TrafficMatrix-v1_2.xsd" xmlns:xsi="http://www.w3.org/2001/XMLSchema-instance">
    <IntraTM ASID="11537">
        <src id="ATLA-M5">
            <dst id="ATLA-M5">135.157333333333</dst>
            <dst id="ATLAng">110.978666666667</dst>
            <dst id="CHINng">950.234666666667</dst>
            <dst id="DNVRng">0</dst>
            <dst id="HSTNng">683.861333333333</dst>
            <dst id="IPLSng">443.752</dst>
            <dst id="KSCYng">151.525333333333</dst>
            <dst id="LOSAng">0</dst>
            <dst id="NYCMng">316.285333333333</dst>
            <dst id="SNVAng">0</dst>
            <dst id="STTLng">0</dst>
            <dst id="WASHng">1583.592</dst>
        </src>
        <src id="ATLAng">
            <dst id="ATLA-M5">0</dst>
            <dst id="ATLAng">26505.2746666667</dst>
            <dst id="CHINng">31199.6506666667</dst>
            <dst id="DNVRng">53.3333333333333</dst>
            <dst id="HSTNng">114678.666666667</dst>
            <dst id="IPLSng">39355.408</dst>
            <dst id="KSCYng">9153.54666666667</dst>
            <dst id="LOSAng">58.7733333333333</dst>
            <dst id="NYCMng">21718.664</dst>
            <dst id="SNVAng">26.6666666666667</dst>
            <dst id="STTLng">328</dst>
            <dst id="WASHng">79950.3493333333</dst>
        </src>
        <src id="CHINng">
            <dst id="ATLA-M5">0</dst>
            <dst id="ATLAng">33499.0293333333</dst>
            <dst id="CHINng">103439.208</dst>
            <dst id="DNVRng">20017.136</dst>
            <dst id="HSTNng">125612.872</dst>
            <dst id="IPLSng">91869.048</dst>
            <dst id="KSCYng">22962.48</dst>
            <dst id="LOSAng">569.762666666667</dst>
            <dst id="NYCMng">54174.3333333334</dst>
            <dst id="SNVAng">26.6666666666667</dst>
            <dst id="STTLng">2042.73333333333</dst>
            <dst id="WASHng">52025.6533333333</dst>
        </src>
        <src id="DNVRng">
            <dst id="ATLA-M5">0</dst>
            <dst id="ATLAng">10187.848</dst>
            <dst id="CHINng">120153.186666667</dst>
            <dst id="DNVRng">11728.936</dst>
            <dst id="HSTNng">58784.6426666667</dst>
            <dst id="IPLSng">30506.7973333333</dst>
            <dst id="KSCYng">18216.6666666667</dst>
            <dst id="LOSAng">0</dst>
            <dst id="NYCMng">15104.528</dst>
            <dst id="SNVAng">16319.12</dst>
            <dst id="STTLng">305.44</dst>
            <dst id="WASHng">47224.216</dst>
        </src>
        <src id="HSTNng">
            <dst id="ATLA-M5">0</dst>
            <dst id="ATLAng">33044.2373333333</dst>
            <dst id="CHINng">2545.14666666667</dst>
            <dst id="DNVRng">80</dst>
            <dst id="HSTNng">176437.349333333</dst>
            <dst id="IPLSng">26.6666666666667</dst>
            <dst id="KSCYng">0</dst>
            <dst id="LOSAng">0</dst>
            <dst id="NYCMng">7202.77333333333</dst>
            <dst id="SNVAng">26.6666666666667</dst>
            <dst id="STTLng">65.3786666666667</dst>
            <dst id="WASHng">115954.354666667</dst>
        </src>
        <src id="IPLSng">
            <dst id="ATLA-M5">0</dst>
            <dst id="ATLAng">22467.92</dst>
            <dst id="CHINng">130726.186666667</dst>
            <dst id="DNVRng">10043.4933333333</dst>
            <dst id="HSTNng">65674.3866666667</dst>
            <dst id="IPLSng">37913.5493333333</dst>
            <dst id="KSCYng">32116.28</dst>
            <dst id="LOSAng">26.6666666666667</dst>
            <dst id="NYCMng">70324.888</dst>
            <dst id="SNVAng">5345.45866666667</dst>
            <dst id="STTLng">319.672</dst>
            <dst id="WASHng">50449.112</dst>
        </src>
        <src id="KSCYng">
            <dst id="ATLA-M5">0</dst>
            <dst id="ATLAng">10181.3253333333</dst>
            <dst id="CHINng">47341.1493333333</dst>
            <dst id="DNVRng">9679.70666666667</dst>
            <dst id="HSTNng">13971.7786666667</dst>
            <dst id="IPLSng">20064.3813333333</dst>
            <dst id="KSCYng">12812.2746666667</dst>
            <dst id="LOSAng">0</dst>
            <dst id="NYCMng">17450.5306666667</dst>
            <dst id="SNVAng">26.6666666666667</dst>
            <dst id="STTLng">174.666666666667</dst>
            <dst id="WASHng">17961.4773333333</dst>
        </src>
        <src id="LOSAng">
            <dst id="ATLA-M5">0</dst>
            <dst id="ATLAng">22593.1013333333</dst>
            <dst id="CHINng">4394.80266666667</dst>
            <dst id="DNVRng">22820.6693333333</dst>
            <dst id="HSTNng">228077.277333333</dst>
            <dst id="IPLSng">212.994666666667</dst>
            <dst id="KSCYng">221.221333333333</dst>
            <dst id="LOSAng">29439.6346666667</dst>
            <dst id="NYCMng">78264.704</dst>
            <dst id="SNVAng">18982.712</dst>
            <dst id="STTLng">35444.9626666667</dst>
            <dst id="WASHng">96710.68</dst>
        </src>
        <src id="NYCMng">
            <dst id="ATLA-M5">0</dst>
            <dst id="ATLAng">57219.0906666666</dst>
            <dst id="CHINng">87885.3466666667</dst>
            <dst id="DNVRng">35902.6133333333</dst>
            <dst id="HSTNng">150292.32</dst>
            <dst id="IPLSng">83252.2373333333</dst>
            <dst id="KSCYng">25371.3653333333</dst>
            <dst id="LOSAng">186.869333333333</dst>
            <dst id="NYCMng">268708.453333333</dst>
            <dst id="SNVAng">53.3333333333333</dst>
            <dst id="STTLng">5401.856</dst>
            <dst id="WASHng">165605.797333333</dst>
        </src>
        <src id="SNVAng">
            <dst id="ATLA-M5">0</dst>
            <dst id="ATLAng">985.904</dst>
            <dst id="CHINng">761.938666666667</dst>
            <dst id="DNVRng">8761.13333333333</dst>
            <dst id="HSTNng">7639.77866666667</dst>
            <dst id="IPLSng">39.5653333333333</dst>
            <dst id="KSCYng">905.021333333333</dst>
            <dst id="LOSAng">37513.1013333333</dst>
            <dst id="NYCMng">7279.448</dst>
            <dst id="SNVAng">17568.848</dst>
            <dst id="STTLng">51793.5253333333</dst>
            <dst id="WASHng">3144.552</dst>
        </src>
        <src id="STTLng">
            <dst id="ATLA-M5">0</dst>
            <dst id="ATLAng">12880.1413333333</dst>
            <dst id="CHINng">22243.3306666667</dst>
            <dst id="DNVRng">8966.03466666667</dst>
            <dst id="HSTNng">37711.5093333333</dst>
            <dst id="IPLSng">334.88</dst>
            <dst id="KSCYng">3857.81066666667</dst>
            <dst id="LOSAng">33818.2746666667</dst>
            <dst id="NYCMng">14322.8213333333</dst>
            <dst id="SNVAng">5856.89866666667</dst>
            <dst id="STTLng">8416.37066666667</dst>
            <dst id="WASHng">31067.8133333333</dst>
        </src>
        <src id="WASHng">
            <dst id="ATLA-M5">0</dst>
            <dst id="ATLAng">109660.784</dst>
            <dst id="CHINng">81895.2186666667</dst>
            <dst id="DNVRng">1281.928</dst>
            <dst id="HSTNng">354697.013333333</dst>
            <dst id="IPLSng">80390.0213333333</dst>
            <dst id="KSCYng">27020.848</dst>
            <dst id="LOSAng">192.64</dst>
            <dst id="NYCMng">258323.682666667</dst>
            <dst id="SNVAng">357.912</dst>
            <dst id="STTLng">5394.64</dst>
            <dst id="WASHng">292564.186666667</dst>
        </src>
    </IntraTM>
</TrafficMatrixFile>
