<?xml version="1.0" encoding="ISO-8859-1" standalone="yes"?>
<TrafficMatrixFile xsi:noNamespaceSchemaLocation="http://totem.run.montefiore.ulg.ac.be/Schema/TrafficMatrix-v1_2.xsd" xmlns:xsi="http://www.w3.org/2001/XMLSchema-instance">
    <IntraTM ASID="11537">
        <src id="ATLA-M5">
            <dst id="ATLA-M5">70.9786666666667</dst>
            <dst id="ATLAng">2422.18666666667</dst>
            <dst id="CHINng">1215.38666666667</dst>
            <dst id="DNVRng">0</dst>
            <dst id="HSTNng">2084.12266666667</dst>
            <dst id="IPLSng">971.205333333333</dst>
            <dst id="KSCYng">369.216</dst>
            <dst id="LOSAng">0</dst>
            <dst id="NYCMng">1348.256</dst>
            <dst id="SNVAng">37.736</dst>
            <dst id="STTLng">0</dst>
            <dst id="WASHng">2814.928</dst>
        </src>
        <src id="ATLAng">
            <dst id="ATLA-M5">0</dst>
            <dst id="ATLAng">41161.9813333333</dst>
            <dst id="CHINng">41176.832</dst>
            <dst id="DNVRng">112.224</dst>
            <dst id="HSTNng">64886.9626666667</dst>
            <dst id="IPLSng">116250.066666667</dst>
            <dst id="KSCYng">7806.02666666667</dst>
            <dst id="LOSAng">95.056</dst>
            <dst id="NYCMng">22318.9706666667</dst>
            <dst id="SNVAng">849.266666666667</dst>
            <dst id="STTLng">208.058666666667</dst>
            <dst id="WASHng">89837.5466666666</dst>
        </src>
        <src id="CHINng">
            <dst id="ATLA-M5">0</dst>
            <dst id="ATLAng">35291.9946666667</dst>
            <dst id="CHINng">111985.738666667</dst>
            <dst id="DNVRng">31153.7813333333</dst>
            <dst id="HSTNng">121464.224</dst>
            <dst id="IPLSng">95394.8426666667</dst>
            <dst id="KSCYng">21196.8106666667</dst>
            <dst id="LOSAng">144.373333333333</dst>
            <dst id="NYCMng">55853.1093333333</dst>
            <dst id="SNVAng">169.778666666667</dst>
            <dst id="STTLng">883.834666666667</dst>
            <dst id="WASHng">58807.8053333333</dst>
        </src>
        <src id="DNVRng">
            <dst id="ATLA-M5">0</dst>
            <dst id="ATLAng">26915.9706666667</dst>
            <dst id="CHINng">73018.912</dst>
            <dst id="DNVRng">24728.112</dst>
            <dst id="HSTNng">74017.5386666667</dst>
            <dst id="IPLSng">41838.192</dst>
            <dst id="KSCYng">31732.2986666667</dst>
            <dst id="LOSAng">80</dst>
            <dst id="NYCMng">26691.8773333333</dst>
            <dst id="SNVAng">24074.152</dst>
            <dst id="STTLng">321.4</dst>
            <dst id="WASHng">47574.5866666667</dst>
        </src>
        <src id="HSTNng">
            <dst id="ATLA-M5">0</dst>
            <dst id="ATLAng">42732.1626666667</dst>
            <dst id="CHINng">4136.11733333333</dst>
            <dst id="DNVRng">247.264</dst>
            <dst id="HSTNng">208214.992</dst>
            <dst id="IPLSng">122.098666666667</dst>
            <dst id="KSCYng">164.229333333333</dst>
            <dst id="LOSAng">0</dst>
            <dst id="NYCMng">10224.2</dst>
            <dst id="SNVAng">110.258666666667</dst>
            <dst id="STTLng">53.3333333333333</dst>
            <dst id="WASHng">141079.269333333</dst>
        </src>
        <src id="IPLSng">
            <dst id="ATLA-M5">0</dst>
            <dst id="ATLAng">101567.829333333</dst>
            <dst id="CHINng">145973.517333333</dst>
            <dst id="DNVRng">21636.0026666667</dst>
            <dst id="HSTNng">77164.9493333333</dst>
            <dst id="IPLSng">47032.3226666667</dst>
            <dst id="KSCYng">31788.5946666667</dst>
            <dst id="LOSAng">178.408</dst>
            <dst id="NYCMng">57159.592</dst>
            <dst id="SNVAng">5608.30133333333</dst>
            <dst id="STTLng">425.701333333333</dst>
            <dst id="WASHng">48823.128</dst>
        </src>
        <src id="KSCYng">
            <dst id="ATLA-M5">0</dst>
            <dst id="ATLAng">4617.688</dst>
            <dst id="CHINng">39759.9626666667</dst>
            <dst id="DNVRng">26264.976</dst>
            <dst id="HSTNng">18893.1813333333</dst>
            <dst id="IPLSng">28842.624</dst>
            <dst id="KSCYng">11845.056</dst>
            <dst id="LOSAng">72.1813333333333</dst>
            <dst id="NYCMng">9128.93866666667</dst>
            <dst id="SNVAng">179.304</dst>
            <dst id="STTLng">226.370666666667</dst>
            <dst id="WASHng">11635.72</dst>
        </src>
        <src id="LOSAng">
            <dst id="ATLA-M5">0</dst>
            <dst id="ATLAng">27571.7413333333</dst>
            <dst id="CHINng">7709.192</dst>
            <dst id="DNVRng">33901.1013333333</dst>
            <dst id="HSTNng">187669.530666667</dst>
            <dst id="IPLSng">1899.544</dst>
            <dst id="KSCYng">675.917333333333</dst>
            <dst id="LOSAng">16049.7173333333</dst>
            <dst id="NYCMng">64854.8586666667</dst>
            <dst id="SNVAng">23147.36</dst>
            <dst id="STTLng">24612.9333333333</dst>
            <dst id="WASHng">124173.989333333</dst>
        </src>
        <src id="NYCMng">
            <dst id="ATLA-M5">0</dst>
            <dst id="ATLAng">81813.76</dst>
            <dst id="CHINng">118112.848</dst>
            <dst id="DNVRng">45146.7706666667</dst>
            <dst id="HSTNng">174074.016</dst>
            <dst id="IPLSng">84049.9813333333</dst>
            <dst id="KSCYng">29877.0693333333</dst>
            <dst id="LOSAng">81.152</dst>
            <dst id="NYCMng">277591.706666667</dst>
            <dst id="SNVAng">508.549333333333</dst>
            <dst id="STTLng">2028.03733333333</dst>
            <dst id="WASHng">235703.762666667</dst>
        </src>
        <src id="SNVAng">
            <dst id="ATLA-M5">0</dst>
            <dst id="ATLAng">4067.10933333333</dst>
            <dst id="CHINng">501.333333333333</dst>
            <dst id="DNVRng">10473.8746666667</dst>
            <dst id="HSTNng">13105.7786666667</dst>
            <dst id="IPLSng">26.6666666666667</dst>
            <dst id="KSCYng">2390.16</dst>
            <dst id="LOSAng">37004.8293333333</dst>
            <dst id="NYCMng">9855.704</dst>
            <dst id="SNVAng">16621.5866666667</dst>
            <dst id="STTLng">55020.264</dst>
            <dst id="WASHng">1337.77333333333</dst>
        </src>
        <src id="STTLng">
            <dst id="ATLA-M5">0</dst>
            <dst id="ATLAng">15403.3813333333</dst>
            <dst id="CHINng">24245.3733333333</dst>
            <dst id="DNVRng">12399.4693333333</dst>
            <dst id="HSTNng">63632.2266666667</dst>
            <dst id="IPLSng">719.824</dst>
            <dst id="KSCYng">8789.208</dst>
            <dst id="LOSAng">31981.0293333333</dst>
            <dst id="NYCMng">22278.2906666667</dst>
            <dst id="SNVAng">14161.5653333333</dst>
            <dst id="STTLng">6365.37333333333</dst>
            <dst id="WASHng">38158.7386666667</dst>
        </src>
        <src id="WASHng">
            <dst id="ATLA-M5">0</dst>
            <dst id="ATLAng">143377.333333333</dst>
            <dst id="CHINng">125366.330666667</dst>
            <dst id="DNVRng">8491.296</dst>
            <dst id="HSTNng">379361.386666667</dst>
            <dst id="IPLSng">72757.3093333334</dst>
            <dst id="KSCYng">30963.776</dst>
            <dst id="LOSAng">80.5226666666667</dst>
            <dst id="NYCMng">246247.762666667</dst>
            <dst id="SNVAng">433.517333333333</dst>
            <dst id="STTLng">3601.00266666667</dst>
            <dst id="WASHng">363032</dst>
        </src>
    </IntraTM>
</TrafficMatrixFile>
