<?xml version="1.0" encoding="ISO-8859-1" standalone="yes"?>
<TrafficMatrixFile xsi:noNamespaceSchemaLocation="http://totem.run.montefiore.ulg.ac.be/Schema/TrafficMatrix-v1_2.xsd" xmlns:xsi="http://www.w3.org/2001/XMLSchema-instance">
    <IntraTM ASID="11537">
        <src id="ATLA-M5">
            <dst id="ATLA-M5">26.6666666666667</dst>
            <dst id="ATLAng">196.266666666667</dst>
            <dst id="CHINng">1480.12</dst>
            <dst id="DNVRng">0</dst>
            <dst id="HSTNng">216.170666666667</dst>
            <dst id="IPLSng">1230.71733333333</dst>
            <dst id="KSCYng">0</dst>
            <dst id="LOSAng">26.6666666666667</dst>
            <dst id="NYCMng">2383.75466666667</dst>
            <dst id="SNVAng">0</dst>
            <dst id="STTLng">0</dst>
            <dst id="WASHng">961.336</dst>
        </src>
        <src id="ATLAng">
            <dst id="ATLA-M5">0</dst>
            <dst id="ATLAng">21038.5386666667</dst>
            <dst id="CHINng">41333.0613333333</dst>
            <dst id="DNVRng">0</dst>
            <dst id="HSTNng">2502.56533333333</dst>
            <dst id="IPLSng">31789.008</dst>
            <dst id="KSCYng">26.6666666666667</dst>
            <dst id="LOSAng">26.6666666666667</dst>
            <dst id="NYCMng">49358.1386666667</dst>
            <dst id="SNVAng">53.664</dst>
            <dst id="STTLng">26.6666666666667</dst>
            <dst id="WASHng">43276.6506666667</dst>
        </src>
        <src id="CHINng">
            <dst id="ATLA-M5">0</dst>
            <dst id="ATLAng">35533.3626666667</dst>
            <dst id="CHINng">30221.5413333333</dst>
            <dst id="DNVRng">0</dst>
            <dst id="HSTNng">20381.1813333333</dst>
            <dst id="IPLSng">57914.6613333333</dst>
            <dst id="KSCYng">53.3333333333333</dst>
            <dst id="LOSAng">122.666666666667</dst>
            <dst id="NYCMng">223355.954666667</dst>
            <dst id="SNVAng">26.6666666666667</dst>
            <dst id="STTLng">1501.40533333333</dst>
            <dst id="WASHng">35693.3413333333</dst>
        </src>
        <src id="DNVRng">
            <dst id="ATLA-M5">0</dst>
            <dst id="ATLAng">8313.97333333333</dst>
            <dst id="CHINng">32563.936</dst>
            <dst id="DNVRng">16458.2533333333</dst>
            <dst id="HSTNng">44677.2986666667</dst>
            <dst id="IPLSng">28498.2533333333</dst>
            <dst id="KSCYng">22514.8053333333</dst>
            <dst id="LOSAng">0</dst>
            <dst id="NYCMng">36999.1573333333</dst>
            <dst id="SNVAng">12610.3733333333</dst>
            <dst id="STTLng">106.666666666667</dst>
            <dst id="WASHng">38922.2213333333</dst>
        </src>
        <src id="HSTNng">
            <dst id="ATLA-M5">0</dst>
            <dst id="ATLAng">25022.44</dst>
            <dst id="CHINng">1019.91733333333</dst>
            <dst id="DNVRng">0</dst>
            <dst id="HSTNng">153466.72</dst>
            <dst id="IPLSng">0</dst>
            <dst id="KSCYng">0</dst>
            <dst id="LOSAng">0</dst>
            <dst id="NYCMng">5260.152</dst>
            <dst id="SNVAng">0</dst>
            <dst id="STTLng">0</dst>
            <dst id="WASHng">120973.378666667</dst>
        </src>
        <src id="IPLSng">
            <dst id="ATLA-M5">0</dst>
            <dst id="ATLAng">24458.6293333333</dst>
            <dst id="CHINng">168876.965333333</dst>
            <dst id="DNVRng">0</dst>
            <dst id="HSTNng">11097.8906666667</dst>
            <dst id="IPLSng">32108.0453333333</dst>
            <dst id="KSCYng">34120.376</dst>
            <dst id="LOSAng">26.6666666666667</dst>
            <dst id="NYCMng">216002.674666667</dst>
            <dst id="SNVAng">90.6186666666667</dst>
            <dst id="STTLng">34.1386666666667</dst>
            <dst id="WASHng">29992.1226666667</dst>
        </src>
        <src id="KSCYng">
            <dst id="ATLA-M5">0</dst>
            <dst id="ATLAng">6712.576</dst>
            <dst id="CHINng">20646.3466666667</dst>
            <dst id="DNVRng">5205.36266666667</dst>
            <dst id="HSTNng">15959.8213333333</dst>
            <dst id="IPLSng">16388.4853333333</dst>
            <dst id="KSCYng">9203.63466666667</dst>
            <dst id="LOSAng">26.6666666666667</dst>
            <dst id="NYCMng">14626.8053333333</dst>
            <dst id="SNVAng">0</dst>
            <dst id="STTLng">0</dst>
            <dst id="WASHng">11175.6666666667</dst>
        </src>
        <src id="LOSAng">
            <dst id="ATLA-M5">0</dst>
            <dst id="ATLAng">20621.768</dst>
            <dst id="CHINng">3186.21866666667</dst>
            <dst id="DNVRng">25715.8666666667</dst>
            <dst id="HSTNng">147452.058666667</dst>
            <dst id="IPLSng">468.76</dst>
            <dst id="KSCYng">134.354666666667</dst>
            <dst id="LOSAng">23394.8613333333</dst>
            <dst id="NYCMng">58099.2693333333</dst>
            <dst id="SNVAng">17055.4986666667</dst>
            <dst id="STTLng">23392.5946666667</dst>
            <dst id="WASHng">98797.4346666667</dst>
        </src>
        <src id="NYCMng">
            <dst id="ATLA-M5">0</dst>
            <dst id="ATLAng">39851.2506666667</dst>
            <dst id="CHINng">980.736</dst>
            <dst id="DNVRng">0</dst>
            <dst id="HSTNng">23498.4266666667</dst>
            <dst id="IPLSng">26.6666666666667</dst>
            <dst id="KSCYng">96.896</dst>
            <dst id="LOSAng">53.3333333333333</dst>
            <dst id="NYCMng">510518.186666667</dst>
            <dst id="SNVAng">0</dst>
            <dst id="STTLng">124.954666666667</dst>
            <dst id="WASHng">106528.162666667</dst>
        </src>
        <src id="SNVAng">
            <dst id="ATLA-M5">0</dst>
            <dst id="ATLAng">892.034666666667</dst>
            <dst id="CHINng">97.8826666666667</dst>
            <dst id="DNVRng">2045.45333333333</dst>
            <dst id="HSTNng">12457.04</dst>
            <dst id="IPLSng">0</dst>
            <dst id="KSCYng">241.944</dst>
            <dst id="LOSAng">38465.736</dst>
            <dst id="NYCMng">5124.82666666667</dst>
            <dst id="SNVAng">15182.664</dst>
            <dst id="STTLng">56506.4853333333</dst>
            <dst id="WASHng">328.256</dst>
        </src>
        <src id="STTLng">
            <dst id="ATLA-M5">0</dst>
            <dst id="ATLAng">9451.23466666667</dst>
            <dst id="CHINng">1008.22933333333</dst>
            <dst id="DNVRng">9121.18133333334</dst>
            <dst id="HSTNng">21091.2906666667</dst>
            <dst id="IPLSng">175.68</dst>
            <dst id="KSCYng">3897.984</dst>
            <dst id="LOSAng">22435.5626666667</dst>
            <dst id="NYCMng">47552.7333333333</dst>
            <dst id="SNVAng">6169.688</dst>
            <dst id="STTLng">9831.88533333334</dst>
            <dst id="WASHng">32988.8</dst>
        </src>
        <src id="WASHng">
            <dst id="ATLA-M5">0</dst>
            <dst id="ATLAng">109964.541333333</dst>
            <dst id="CHINng">8193.86666666667</dst>
            <dst id="DNVRng">0</dst>
            <dst id="HSTNng">76244.168</dst>
            <dst id="IPLSng">188.608</dst>
            <dst id="KSCYng">5228.40533333333</dst>
            <dst id="LOSAng">80.9813333333333</dst>
            <dst id="NYCMng">603937.813333333</dst>
            <dst id="SNVAng">53.3333333333333</dst>
            <dst id="STTLng">453.002666666667</dst>
            <dst id="WASHng">264647.424</dst>
        </src>
    </IntraTM>
</TrafficMatrixFile>
