<?xml version="1.0" encoding="ISO-8859-1" standalone="yes"?>
<TrafficMatrixFile xsi:noNamespaceSchemaLocation="http://totem.run.montefiore.ulg.ac.be/Schema/TrafficMatrix-v1_2.xsd" xmlns:xsi="http://www.w3.org/2001/XMLSchema-instance">
    <IntraTM ASID="11537">
        <src id="ATLA-M5">
            <dst id="ATLA-M5">211.261333333333</dst>
            <dst id="ATLAng">1265.85066666667</dst>
            <dst id="CHINng">446.392</dst>
            <dst id="DNVRng">0</dst>
            <dst id="HSTNng">774.368</dst>
            <dst id="IPLSng">2819.29866666667</dst>
            <dst id="KSCYng">80</dst>
            <dst id="LOSAng">0</dst>
            <dst id="NYCMng">388.746666666667</dst>
            <dst id="SNVAng">26.6666666666667</dst>
            <dst id="STTLng">0</dst>
            <dst id="WASHng">1589.97866666667</dst>
        </src>
        <src id="ATLAng">
            <dst id="ATLA-M5">0</dst>
            <dst id="ATLAng">59436.144</dst>
            <dst id="CHINng">29758.7066666667</dst>
            <dst id="DNVRng">136.026666666667</dst>
            <dst id="HSTNng">47263.0853333333</dst>
            <dst id="IPLSng">39221.5226666667</dst>
            <dst id="KSCYng">5031.58933333333</dst>
            <dst id="LOSAng">0</dst>
            <dst id="NYCMng">23553.0053333333</dst>
            <dst id="SNVAng">909.018666666667</dst>
            <dst id="STTLng">85.92</dst>
            <dst id="WASHng">76883.7306666667</dst>
        </src>
        <src id="CHINng">
            <dst id="ATLA-M5">0</dst>
            <dst id="ATLAng">31710.864</dst>
            <dst id="CHINng">166979.773333333</dst>
            <dst id="DNVRng">18733.152</dst>
            <dst id="HSTNng">91743.768</dst>
            <dst id="IPLSng">73953.672</dst>
            <dst id="KSCYng">25298.528</dst>
            <dst id="LOSAng">172.744</dst>
            <dst id="NYCMng">36540.208</dst>
            <dst id="SNVAng">80</dst>
            <dst id="STTLng">1108.31466666667</dst>
            <dst id="WASHng">48848.216</dst>
        </src>
        <src id="DNVRng">
            <dst id="ATLA-M5">0</dst>
            <dst id="ATLAng">9109.32266666667</dst>
            <dst id="CHINng">92691.2746666667</dst>
            <dst id="DNVRng">13065.712</dst>
            <dst id="HSTNng">39817.5813333333</dst>
            <dst id="IPLSng">27864.1733333333</dst>
            <dst id="KSCYng">23383</dst>
            <dst id="LOSAng">26.6666666666667</dst>
            <dst id="NYCMng">21136.1973333333</dst>
            <dst id="SNVAng">14447.3706666667</dst>
            <dst id="STTLng">277.226666666667</dst>
            <dst id="WASHng">47777.7973333333</dst>
        </src>
        <src id="HSTNng">
            <dst id="ATLA-M5">0</dst>
            <dst id="ATLAng">35099.088</dst>
            <dst id="CHINng">4701.23466666667</dst>
            <dst id="DNVRng">53.3333333333333</dst>
            <dst id="HSTNng">168935.784</dst>
            <dst id="IPLSng">106.666666666667</dst>
            <dst id="KSCYng">0</dst>
            <dst id="LOSAng">0</dst>
            <dst id="NYCMng">7089.04266666667</dst>
            <dst id="SNVAng">53.3333333333333</dst>
            <dst id="STTLng">80</dst>
            <dst id="WASHng">111300.802666667</dst>
        </src>
        <src id="IPLSng">
            <dst id="ATLA-M5">0</dst>
            <dst id="ATLAng">28877.728</dst>
            <dst id="CHINng">171347.637333333</dst>
            <dst id="DNVRng">11953.104</dst>
            <dst id="HSTNng">105697.232</dst>
            <dst id="IPLSng">38616.496</dst>
            <dst id="KSCYng">34496.0373333333</dst>
            <dst id="LOSAng">75.84</dst>
            <dst id="NYCMng">40889.4453333333</dst>
            <dst id="SNVAng">278.693333333333</dst>
            <dst id="STTLng">830.192</dst>
            <dst id="WASHng">42280.2426666667</dst>
        </src>
        <src id="KSCYng">
            <dst id="ATLA-M5">0</dst>
            <dst id="ATLAng">7977.95733333333</dst>
            <dst id="CHINng">38514.9893333333</dst>
            <dst id="DNVRng">16842.4613333333</dst>
            <dst id="HSTNng">14160.2293333333</dst>
            <dst id="IPLSng">20283.8666666667</dst>
            <dst id="KSCYng">10906.3626666667</dst>
            <dst id="LOSAng">0</dst>
            <dst id="NYCMng">12149.5573333333</dst>
            <dst id="SNVAng">93.408</dst>
            <dst id="STTLng">209.330666666667</dst>
            <dst id="WASHng">15415.7973333333</dst>
        </src>
        <src id="LOSAng">
            <dst id="ATLA-M5">0</dst>
            <dst id="ATLAng">24531.128</dst>
            <dst id="CHINng">9104.192</dst>
            <dst id="DNVRng">17003.1306666667</dst>
            <dst id="HSTNng">192161.642666667</dst>
            <dst id="IPLSng">2048.488</dst>
            <dst id="KSCYng">930.92</dst>
            <dst id="LOSAng">21338.552</dst>
            <dst id="NYCMng">59777.4506666667</dst>
            <dst id="SNVAng">14911.4293333333</dst>
            <dst id="STTLng">19654</dst>
            <dst id="WASHng">101884.141333333</dst>
        </src>
        <src id="NYCMng">
            <dst id="ATLA-M5">0</dst>
            <dst id="ATLAng">47847.3173333333</dst>
            <dst id="CHINng">102846.528</dst>
            <dst id="DNVRng">33098.5146666667</dst>
            <dst id="HSTNng">104386.709333333</dst>
            <dst id="IPLSng">68057.5066666667</dst>
            <dst id="KSCYng">19889.144</dst>
            <dst id="LOSAng">113.941333333333</dst>
            <dst id="NYCMng">236820.456</dst>
            <dst id="SNVAng">234.88</dst>
            <dst id="STTLng">3186.38133333333</dst>
            <dst id="WASHng">131127.728</dst>
        </src>
        <src id="SNVAng">
            <dst id="ATLA-M5">0</dst>
            <dst id="ATLAng">1550.57866666667</dst>
            <dst id="CHINng">446.234666666667</dst>
            <dst id="DNVRng">7457.192</dst>
            <dst id="HSTNng">10513.632</dst>
            <dst id="IPLSng">0</dst>
            <dst id="KSCYng">541.042666666667</dst>
            <dst id="LOSAng">43435.1466666667</dst>
            <dst id="NYCMng">5298.15466666667</dst>
            <dst id="SNVAng">16054.3626666667</dst>
            <dst id="STTLng">50137.064</dst>
            <dst id="WASHng">3107.08266666667</dst>
        </src>
        <src id="STTLng">
            <dst id="ATLA-M5">0</dst>
            <dst id="ATLAng">15475.568</dst>
            <dst id="CHINng">44518.888</dst>
            <dst id="DNVRng">6659.416</dst>
            <dst id="HSTNng">60551.528</dst>
            <dst id="IPLSng">989.093333333333</dst>
            <dst id="KSCYng">8013.14133333333</dst>
            <dst id="LOSAng">18051.6426666667</dst>
            <dst id="NYCMng">15659.0666666667</dst>
            <dst id="SNVAng">11313.9066666667</dst>
            <dst id="STTLng">4069.14933333333</dst>
            <dst id="WASHng">37858.416</dst>
        </src>
        <src id="WASHng">
            <dst id="ATLA-M5">0</dst>
            <dst id="ATLAng">144779.688</dst>
            <dst id="CHINng">102045.437333333</dst>
            <dst id="DNVRng">2162.944</dst>
            <dst id="HSTNng">303497.013333333</dst>
            <dst id="IPLSng">88040.9493333333</dst>
            <dst id="KSCYng">23287.264</dst>
            <dst id="LOSAng">53.3333333333333</dst>
            <dst id="NYCMng">180565.493333333</dst>
            <dst id="SNVAng">628.813333333333</dst>
            <dst id="STTLng">3627.09066666667</dst>
            <dst id="WASHng">442717.706666667</dst>
        </src>
    </IntraTM>
</TrafficMatrixFile>
