<?xml version="1.0" encoding="ISO-8859-1" standalone="yes"?>
<TrafficMatrixFile xsi:noNamespaceSchemaLocation="http://totem.run.montefiore.ulg.ac.be/Schema/TrafficMatrix-v1_2.xsd" xmlns:xsi="http://www.w3.org/2001/XMLSchema-instance">
    <IntraTM ASID="11537">
        <src id="ATLA-M5">
            <dst id="ATLA-M5">139.050666666667</dst>
            <dst id="ATLAng">848.045333333333</dst>
            <dst id="CHINng">1409.01866666667</dst>
            <dst id="DNVRng">0</dst>
            <dst id="HSTNng">2277.416</dst>
            <dst id="IPLSng">1294.312</dst>
            <dst id="KSCYng">533.365333333333</dst>
            <dst id="LOSAng">0</dst>
            <dst id="NYCMng">1068.84533333333</dst>
            <dst id="SNVAng">26.6666666666667</dst>
            <dst id="STTLng">0</dst>
            <dst id="WASHng">1892.952</dst>
        </src>
        <src id="ATLAng">
            <dst id="ATLA-M5">0</dst>
            <dst id="ATLAng">31341.8293333333</dst>
            <dst id="CHINng">49047.9653333333</dst>
            <dst id="DNVRng">106.666666666667</dst>
            <dst id="HSTNng">70332.28</dst>
            <dst id="IPLSng">90348.3413333333</dst>
            <dst id="KSCYng">14753.5973333333</dst>
            <dst id="LOSAng">67.1733333333333</dst>
            <dst id="NYCMng">21149.9146666667</dst>
            <dst id="SNVAng">509.045333333333</dst>
            <dst id="STTLng">1324.52533333333</dst>
            <dst id="WASHng">85490.8586666667</dst>
        </src>
        <src id="CHINng">
            <dst id="ATLA-M5">0</dst>
            <dst id="ATLAng">35878.5546666667</dst>
            <dst id="CHINng">123707.496</dst>
            <dst id="DNVRng">43932.1653333333</dst>
            <dst id="HSTNng">114596.045333333</dst>
            <dst id="IPLSng">90420.1866666666</dst>
            <dst id="KSCYng">22486.3706666667</dst>
            <dst id="LOSAng">652.144</dst>
            <dst id="NYCMng">46963.6426666667</dst>
            <dst id="SNVAng">1610.09333333333</dst>
            <dst id="STTLng">1748.72533333333</dst>
            <dst id="WASHng">60151.0746666667</dst>
        </src>
        <src id="DNVRng">
            <dst id="ATLA-M5">0</dst>
            <dst id="ATLAng">31952.1786666667</dst>
            <dst id="CHINng">67041.48</dst>
            <dst id="DNVRng">16138.696</dst>
            <dst id="HSTNng">53320.1493333333</dst>
            <dst id="IPLSng">41066.904</dst>
            <dst id="KSCYng">17196.1173333333</dst>
            <dst id="LOSAng">56.0053333333333</dst>
            <dst id="NYCMng">33191.832</dst>
            <dst id="SNVAng">11669.7626666667</dst>
            <dst id="STTLng">328.72</dst>
            <dst id="WASHng">57441.616</dst>
        </src>
        <src id="HSTNng">
            <dst id="ATLA-M5">0</dst>
            <dst id="ATLAng">62190.8693333333</dst>
            <dst id="CHINng">5291.184</dst>
            <dst id="DNVRng">128.850666666667</dst>
            <dst id="HSTNng">179614.928</dst>
            <dst id="IPLSng">201.925333333333</dst>
            <dst id="KSCYng">53.3333333333333</dst>
            <dst id="LOSAng">28.3413333333333</dst>
            <dst id="NYCMng">10109.4373333333</dst>
            <dst id="SNVAng">106.312</dst>
            <dst id="STTLng">106.666666666667</dst>
            <dst id="WASHng">135278.722666667</dst>
        </src>
        <src id="IPLSng">
            <dst id="ATLA-M5">0</dst>
            <dst id="ATLAng">63750.184</dst>
            <dst id="CHINng">155146.712</dst>
            <dst id="DNVRng">21345.8346666667</dst>
            <dst id="HSTNng">67673.5493333333</dst>
            <dst id="IPLSng">47032.7413333333</dst>
            <dst id="KSCYng">32985.0186666667</dst>
            <dst id="LOSAng">362.357333333333</dst>
            <dst id="NYCMng">56017.7093333333</dst>
            <dst id="SNVAng">5035.70133333333</dst>
            <dst id="STTLng">1932.536</dst>
            <dst id="WASHng">52325.952</dst>
        </src>
        <src id="KSCYng">
            <dst id="ATLA-M5">0</dst>
            <dst id="ATLAng">7833.42133333333</dst>
            <dst id="CHINng">39728.1306666667</dst>
            <dst id="DNVRng">22660.752</dst>
            <dst id="HSTNng">18001.5146666667</dst>
            <dst id="IPLSng">30075.456</dst>
            <dst id="KSCYng">13863.2586666667</dst>
            <dst id="LOSAng">0</dst>
            <dst id="NYCMng">8849.59466666667</dst>
            <dst id="SNVAng">180.141333333333</dst>
            <dst id="STTLng">81.8</dst>
            <dst id="WASHng">14429.8906666667</dst>
        </src>
        <src id="LOSAng">
            <dst id="ATLA-M5">0</dst>
            <dst id="ATLAng">49497.5573333333</dst>
            <dst id="CHINng">8216.536</dst>
            <dst id="DNVRng">38089.488</dst>
            <dst id="HSTNng">173340.210666667</dst>
            <dst id="IPLSng">1855.752</dst>
            <dst id="KSCYng">2547.95733333333</dst>
            <dst id="LOSAng">16357.7493333333</dst>
            <dst id="NYCMng">71159.2266666667</dst>
            <dst id="SNVAng">14764.704</dst>
            <dst id="STTLng">34053.3546666667</dst>
            <dst id="WASHng">123240.144</dst>
        </src>
        <src id="NYCMng">
            <dst id="ATLA-M5">0</dst>
            <dst id="ATLAng">79289.5173333333</dst>
            <dst id="CHINng">107593.893333333</dst>
            <dst id="DNVRng">53741.7306666667</dst>
            <dst id="HSTNng">168634.656</dst>
            <dst id="IPLSng">94030.888</dst>
            <dst id="KSCYng">29778.4053333333</dst>
            <dst id="LOSAng">158.037333333333</dst>
            <dst id="NYCMng">273545.36</dst>
            <dst id="SNVAng">837.978666666667</dst>
            <dst id="STTLng">2658.248</dst>
            <dst id="WASHng">252158.042666667</dst>
        </src>
        <src id="SNVAng">
            <dst id="ATLA-M5">0</dst>
            <dst id="ATLAng">1667.40266666667</dst>
            <dst id="CHINng">106.666666666667</dst>
            <dst id="DNVRng">7522.18933333333</dst>
            <dst id="HSTNng">7010.31733333333</dst>
            <dst id="IPLSng">53.3333333333333</dst>
            <dst id="KSCYng">1143.32</dst>
            <dst id="LOSAng">36771.3413333333</dst>
            <dst id="NYCMng">9125.456</dst>
            <dst id="SNVAng">18255.0586666667</dst>
            <dst id="STTLng">55672.416</dst>
            <dst id="WASHng">2687.224</dst>
        </src>
        <src id="STTLng">
            <dst id="ATLA-M5">0</dst>
            <dst id="ATLAng">17782.2186666667</dst>
            <dst id="CHINng">22676.3893333333</dst>
            <dst id="DNVRng">11380.8826666667</dst>
            <dst id="HSTNng">75207.6453333333</dst>
            <dst id="IPLSng">635.493333333333</dst>
            <dst id="KSCYng">9800.47733333333</dst>
            <dst id="LOSAng">29540.312</dst>
            <dst id="NYCMng">30119.5386666667</dst>
            <dst id="SNVAng">12463.8026666667</dst>
            <dst id="STTLng">4718.60533333333</dst>
            <dst id="WASHng">39058.8933333333</dst>
        </src>
        <src id="WASHng">
            <dst id="ATLA-M5">0</dst>
            <dst id="ATLAng">130369.528</dst>
            <dst id="CHINng">117402.32</dst>
            <dst id="DNVRng">5828.93866666667</dst>
            <dst id="HSTNng">344045.813333333</dst>
            <dst id="IPLSng">90449.6773333334</dst>
            <dst id="KSCYng">38114.8106666667</dst>
            <dst id="LOSAng">142.272</dst>
            <dst id="NYCMng">222947.168</dst>
            <dst id="SNVAng">586.808</dst>
            <dst id="STTLng">9357.896</dst>
            <dst id="WASHng">378550.293333333</dst>
        </src>
    </IntraTM>
</TrafficMatrixFile>
