<?xml version="1.0" encoding="ISO-8859-1" standalone="yes"?>
<TrafficMatrixFile xsi:noNamespaceSchemaLocation="http://totem.run.montefiore.ulg.ac.be/Schema/TrafficMatrix-v1_2.xsd" xmlns:xsi="http://www.w3.org/2001/XMLSchema-instance">
    <IntraTM ASID="11537">
        <src id="ATLA-M5">
            <dst id="ATLA-M5">127.744</dst>
            <dst id="ATLAng">405.016</dst>
            <dst id="CHINng">845.261333333333</dst>
            <dst id="DNVRng">0</dst>
            <dst id="HSTNng">313.170666666667</dst>
            <dst id="IPLSng">239.645333333333</dst>
            <dst id="KSCYng">0</dst>
            <dst id="LOSAng">0</dst>
            <dst id="NYCMng">2949.408</dst>
            <dst id="SNVAng">0</dst>
            <dst id="STTLng">0</dst>
            <dst id="WASHng">869.792</dst>
        </src>
        <src id="ATLAng">
            <dst id="ATLA-M5">0</dst>
            <dst id="ATLAng">20102.8</dst>
            <dst id="CHINng">35420.3973333333</dst>
            <dst id="DNVRng">0</dst>
            <dst id="HSTNng">7297.224</dst>
            <dst id="IPLSng">26889.168</dst>
            <dst id="KSCYng">164.602666666667</dst>
            <dst id="LOSAng">0</dst>
            <dst id="NYCMng">42133.504</dst>
            <dst id="SNVAng">26.6666666666667</dst>
            <dst id="STTLng">0</dst>
            <dst id="WASHng">32871.4</dst>
        </src>
        <src id="CHINng">
            <dst id="ATLA-M5">0</dst>
            <dst id="ATLAng">20441.6533333333</dst>
            <dst id="CHINng">36005.9066666667</dst>
            <dst id="DNVRng">0</dst>
            <dst id="HSTNng">18719.5386666667</dst>
            <dst id="IPLSng">40133.3146666667</dst>
            <dst id="KSCYng">26.6666666666667</dst>
            <dst id="LOSAng">80.9173333333333</dst>
            <dst id="NYCMng">213429.848</dst>
            <dst id="SNVAng">26.6666666666667</dst>
            <dst id="STTLng">1216.69066666667</dst>
            <dst id="WASHng">35288.5253333333</dst>
        </src>
        <src id="DNVRng">
            <dst id="ATLA-M5">0</dst>
            <dst id="ATLAng">8847.09333333333</dst>
            <dst id="CHINng">35650.3893333333</dst>
            <dst id="DNVRng">15729.7813333333</dst>
            <dst id="HSTNng">41537.6506666667</dst>
            <dst id="IPLSng">28199.5146666667</dst>
            <dst id="KSCYng">20557.0533333333</dst>
            <dst id="LOSAng">26.6666666666667</dst>
            <dst id="NYCMng">39022.1706666667</dst>
            <dst id="SNVAng">14863.4773333333</dst>
            <dst id="STTLng">2106.41066666667</dst>
            <dst id="WASHng">37130.992</dst>
        </src>
        <src id="HSTNng">
            <dst id="ATLA-M5">0</dst>
            <dst id="ATLAng">16650.0106666667</dst>
            <dst id="CHINng">1203.98133333333</dst>
            <dst id="DNVRng">26.6666666666667</dst>
            <dst id="HSTNng">110195.765333333</dst>
            <dst id="IPLSng">26.6666666666667</dst>
            <dst id="KSCYng">0</dst>
            <dst id="LOSAng">0</dst>
            <dst id="NYCMng">4917.07466666667</dst>
            <dst id="SNVAng">26.6666666666667</dst>
            <dst id="STTLng">0</dst>
            <dst id="WASHng">114566.602666667</dst>
        </src>
        <src id="IPLSng">
            <dst id="ATLA-M5">0</dst>
            <dst id="ATLAng">15072.928</dst>
            <dst id="CHINng">108246.4</dst>
            <dst id="DNVRng">0</dst>
            <dst id="HSTNng">9653.84266666667</dst>
            <dst id="IPLSng">19125.088</dst>
            <dst id="KSCYng">24576.4426666667</dst>
            <dst id="LOSAng">0</dst>
            <dst id="NYCMng">190250.850666667</dst>
            <dst id="SNVAng">26.6666666666667</dst>
            <dst id="STTLng">112.96</dst>
            <dst id="WASHng">18680.88</dst>
        </src>
        <src id="KSCYng">
            <dst id="ATLA-M5">0</dst>
            <dst id="ATLAng">2178.77333333333</dst>
            <dst id="CHINng">18419.3013333333</dst>
            <dst id="DNVRng">6965.83466666667</dst>
            <dst id="HSTNng">20262.3706666667</dst>
            <dst id="IPLSng">11814.328</dst>
            <dst id="KSCYng">8920.69866666667</dst>
            <dst id="LOSAng">0</dst>
            <dst id="NYCMng">19969.1466666667</dst>
            <dst id="SNVAng">53.3333333333333</dst>
            <dst id="STTLng">0</dst>
            <dst id="WASHng">11434.544</dst>
        </src>
        <src id="LOSAng">
            <dst id="ATLA-M5">0</dst>
            <dst id="ATLAng">14054.3946666667</dst>
            <dst id="CHINng">1623.928</dst>
            <dst id="DNVRng">9474.52533333333</dst>
            <dst id="HSTNng">95916.1973333333</dst>
            <dst id="IPLSng">1529.91733333333</dst>
            <dst id="KSCYng">26.6666666666667</dst>
            <dst id="LOSAng">13689.608</dst>
            <dst id="NYCMng">55721.888</dst>
            <dst id="SNVAng">9693.496</dst>
            <dst id="STTLng">19058.1733333333</dst>
            <dst id="WASHng">95673.24</dst>
        </src>
        <src id="NYCMng">
            <dst id="ATLA-M5">0</dst>
            <dst id="ATLAng">38988.1626666667</dst>
            <dst id="CHINng">1263.088</dst>
            <dst id="DNVRng">0</dst>
            <dst id="HSTNng">17223.6266666667</dst>
            <dst id="IPLSng">53.3333333333333</dst>
            <dst id="KSCYng">110.666666666667</dst>
            <dst id="LOSAng">147.077333333333</dst>
            <dst id="NYCMng">425877.013333333</dst>
            <dst id="SNVAng">53.3333333333333</dst>
            <dst id="STTLng">721.184</dst>
            <dst id="WASHng">118481.381333333</dst>
        </src>
        <src id="SNVAng">
            <dst id="ATLA-M5">0</dst>
            <dst id="ATLAng">363.821333333333</dst>
            <dst id="CHINng">26.6666666666667</dst>
            <dst id="DNVRng">6580.432</dst>
            <dst id="HSTNng">3742.21866666667</dst>
            <dst id="IPLSng">114.496</dst>
            <dst id="KSCYng">883.402666666667</dst>
            <dst id="LOSAng">37139.6346666667</dst>
            <dst id="NYCMng">3984.44</dst>
            <dst id="SNVAng">16459.7653333333</dst>
            <dst id="STTLng">60922.728</dst>
            <dst id="WASHng">512.205333333333</dst>
        </src>
        <src id="STTLng">
            <dst id="ATLA-M5">0</dst>
            <dst id="ATLAng">7092.20533333334</dst>
            <dst id="CHINng">451.389333333333</dst>
            <dst id="DNVRng">8686.056</dst>
            <dst id="HSTNng">15482.768</dst>
            <dst id="IPLSng">281.901333333333</dst>
            <dst id="KSCYng">3323.016</dst>
            <dst id="LOSAng">18335.408</dst>
            <dst id="NYCMng">52683.6186666667</dst>
            <dst id="SNVAng">11397.6826666667</dst>
            <dst id="STTLng">6713.99733333333</dst>
            <dst id="WASHng">27748.1706666667</dst>
        </src>
        <src id="WASHng">
            <dst id="ATLA-M5">0</dst>
            <dst id="ATLAng">102550.018666667</dst>
            <dst id="CHINng">381.936</dst>
            <dst id="DNVRng">0</dst>
            <dst id="HSTNng">71142.4026666666</dst>
            <dst id="IPLSng">125.44</dst>
            <dst id="KSCYng">26.6666666666667</dst>
            <dst id="LOSAng">62.8533333333333</dst>
            <dst id="NYCMng">492209.066666667</dst>
            <dst id="SNVAng">53.3333333333333</dst>
            <dst id="STTLng">1716.48533333333</dst>
            <dst id="WASHng">323773.253333333</dst>
        </src>
    </IntraTM>
</TrafficMatrixFile>
