<?xml version="1.0" encoding="ISO-8859-1" standalone="yes"?>
<TrafficMatrixFile xsi:noNamespaceSchemaLocation="http://totem.run.montefiore.ulg.ac.be/Schema/TrafficMatrix-v1_2.xsd" xmlns:xsi="http://www.w3.org/2001/XMLSchema-instance">
    <IntraTM ASID="11537">
        <src id="ATLA-M5">
            <dst id="ATLA-M5">0</dst>
            <dst id="ATLAng">122.352</dst>
            <dst id="CHINng">1879.74133333333</dst>
            <dst id="DNVRng">26.6666666666667</dst>
            <dst id="HSTNng">880.562666666667</dst>
            <dst id="IPLSng">1104.89866666667</dst>
            <dst id="KSCYng">575.016</dst>
            <dst id="LOSAng">0</dst>
            <dst id="NYCMng">1858.09066666667</dst>
            <dst id="SNVAng">0</dst>
            <dst id="STTLng">0</dst>
            <dst id="WASHng">2932.17866666667</dst>
        </src>
        <src id="ATLAng">
            <dst id="ATLA-M5">0</dst>
            <dst id="ATLAng">28470.872</dst>
            <dst id="CHINng">26840.3306666667</dst>
            <dst id="DNVRng">53.3333333333333</dst>
            <dst id="HSTNng">64312.1066666667</dst>
            <dst id="IPLSng">32734.448</dst>
            <dst id="KSCYng">7526.664</dst>
            <dst id="LOSAng">0</dst>
            <dst id="NYCMng">22290.7946666667</dst>
            <dst id="SNVAng">57.776</dst>
            <dst id="STTLng">229.586666666667</dst>
            <dst id="WASHng">80341.944</dst>
        </src>
        <src id="CHINng">
            <dst id="ATLA-M5">0</dst>
            <dst id="ATLAng">43196.672</dst>
            <dst id="CHINng">135603.562666667</dst>
            <dst id="DNVRng">20930.112</dst>
            <dst id="HSTNng">108626.216</dst>
            <dst id="IPLSng">81084.6053333333</dst>
            <dst id="KSCYng">18434.6346666667</dst>
            <dst id="LOSAng">445.117333333333</dst>
            <dst id="NYCMng">43711.4826666667</dst>
            <dst id="SNVAng">111.336</dst>
            <dst id="STTLng">1437.00266666667</dst>
            <dst id="WASHng">54490.4533333333</dst>
        </src>
        <src id="DNVRng">
            <dst id="ATLA-M5">0</dst>
            <dst id="ATLAng">21885.1066666667</dst>
            <dst id="CHINng">73212.3573333334</dst>
            <dst id="DNVRng">13980.3786666667</dst>
            <dst id="HSTNng">47915.5973333333</dst>
            <dst id="IPLSng">28183.3573333333</dst>
            <dst id="KSCYng">19250.2586666667</dst>
            <dst id="LOSAng">56.96</dst>
            <dst id="NYCMng">20797.8026666667</dst>
            <dst id="SNVAng">21021.8826666667</dst>
            <dst id="STTLng">293.333333333333</dst>
            <dst id="WASHng">51440.4906666667</dst>
        </src>
        <src id="HSTNng">
            <dst id="ATLA-M5">0</dst>
            <dst id="ATLAng">38596.2986666667</dst>
            <dst id="CHINng">3050.91466666667</dst>
            <dst id="DNVRng">0</dst>
            <dst id="HSTNng">165002.085333333</dst>
            <dst id="IPLSng">26.6666666666667</dst>
            <dst id="KSCYng">26.6666666666667</dst>
            <dst id="LOSAng">0</dst>
            <dst id="NYCMng">6801.01333333334</dst>
            <dst id="SNVAng">0</dst>
            <dst id="STTLng">632.645333333333</dst>
            <dst id="WASHng">127664.36</dst>
        </src>
        <src id="IPLSng">
            <dst id="ATLA-M5">0</dst>
            <dst id="ATLAng">22778.3573333333</dst>
            <dst id="CHINng">127423.872</dst>
            <dst id="DNVRng">22914.4133333333</dst>
            <dst id="HSTNng">106285.157333333</dst>
            <dst id="IPLSng">41506.8586666667</dst>
            <dst id="KSCYng">42419.616</dst>
            <dst id="LOSAng">204.682666666667</dst>
            <dst id="NYCMng">72380.9866666667</dst>
            <dst id="SNVAng">164.205333333333</dst>
            <dst id="STTLng">1358.52533333333</dst>
            <dst id="WASHng">50943.6853333333</dst>
        </src>
        <src id="KSCYng">
            <dst id="ATLA-M5">0</dst>
            <dst id="ATLAng">7574.112</dst>
            <dst id="CHINng">36716.0026666667</dst>
            <dst id="DNVRng">8878.28533333333</dst>
            <dst id="HSTNng">21771.6933333333</dst>
            <dst id="IPLSng">17551.6853333333</dst>
            <dst id="KSCYng">8895.472</dst>
            <dst id="LOSAng">26.6666666666667</dst>
            <dst id="NYCMng">12498.536</dst>
            <dst id="SNVAng">0</dst>
            <dst id="STTLng">210.52</dst>
            <dst id="WASHng">15870.8293333333</dst>
        </src>
        <src id="LOSAng">
            <dst id="ATLA-M5">0</dst>
            <dst id="ATLAng">26574.7786666667</dst>
            <dst id="CHINng">4823.47466666667</dst>
            <dst id="DNVRng">26851.2586666667</dst>
            <dst id="HSTNng">198236.656</dst>
            <dst id="IPLSng">641.912</dst>
            <dst id="KSCYng">238.989333333333</dst>
            <dst id="LOSAng">15821.7973333333</dst>
            <dst id="NYCMng">78582.1573333333</dst>
            <dst id="SNVAng">22044.0533333333</dst>
            <dst id="STTLng">29279.5066666667</dst>
            <dst id="WASHng">114231.650666667</dst>
        </src>
        <src id="NYCMng">
            <dst id="ATLA-M5">0</dst>
            <dst id="ATLAng">48494.16</dst>
            <dst id="CHINng">90820.3573333333</dst>
            <dst id="DNVRng">42216.7733333333</dst>
            <dst id="HSTNng">160052.565333333</dst>
            <dst id="IPLSng">85989.0986666667</dst>
            <dst id="KSCYng">23907.92</dst>
            <dst id="LOSAng">332.442666666667</dst>
            <dst id="NYCMng">271581.6</dst>
            <dst id="SNVAng">80</dst>
            <dst id="STTLng">4943.70933333333</dst>
            <dst id="WASHng">177035.090666667</dst>
        </src>
        <src id="SNVAng">
            <dst id="ATLA-M5">0</dst>
            <dst id="ATLAng">1435.70666666667</dst>
            <dst id="CHINng">380.890666666667</dst>
            <dst id="DNVRng">8526.41866666667</dst>
            <dst id="HSTNng">11944.4586666667</dst>
            <dst id="IPLSng">0</dst>
            <dst id="KSCYng">1550.68533333333</dst>
            <dst id="LOSAng">49921.5733333333</dst>
            <dst id="NYCMng">9305.72533333333</dst>
            <dst id="SNVAng">15937.4746666667</dst>
            <dst id="STTLng">54380.712</dst>
            <dst id="WASHng">2298.64533333333</dst>
        </src>
        <src id="STTLng">
            <dst id="ATLA-M5">0</dst>
            <dst id="ATLAng">11986.5653333333</dst>
            <dst id="CHINng">22403.568</dst>
            <dst id="DNVRng">7195.11733333333</dst>
            <dst id="HSTNng">54123.1493333333</dst>
            <dst id="IPLSng">292.477333333333</dst>
            <dst id="KSCYng">3808.77333333333</dst>
            <dst id="LOSAng">30616.7466666667</dst>
            <dst id="NYCMng">15465.6106666667</dst>
            <dst id="SNVAng">7448.456</dst>
            <dst id="STTLng">12503.1093333333</dst>
            <dst id="WASHng">35307.8026666667</dst>
        </src>
        <src id="WASHng">
            <dst id="ATLA-M5">0</dst>
            <dst id="ATLAng">94877.2506666667</dst>
            <dst id="CHINng">95479.2933333333</dst>
            <dst id="DNVRng">4350.66133333333</dst>
            <dst id="HSTNng">345858.24</dst>
            <dst id="IPLSng">87047.4266666667</dst>
            <dst id="KSCYng">19072.5013333333</dst>
            <dst id="LOSAng">80</dst>
            <dst id="NYCMng">227670.528</dst>
            <dst id="SNVAng">428.256</dst>
            <dst id="STTLng">6011.97066666667</dst>
            <dst id="WASHng">282366.533333333</dst>
        </src>
    </IntraTM>
</TrafficMatrixFile>
