<?xml version="1.0" encoding="ISO-8859-1" standalone="yes"?>
<TrafficMatrixFile xsi:noNamespaceSchemaLocation="http://totem.run.montefiore.ulg.ac.be/Schema/TrafficMatrix-v1_2.xsd" xmlns:xsi="http://www.w3.org/2001/XMLSchema-instance">
    <IntraTM ASID="11537">
        <src id="ATLA-M5">
            <dst id="ATLA-M5">26.6666666666667</dst>
            <dst id="ATLAng">1026.82933333333</dst>
            <dst id="CHINng">1010.344</dst>
            <dst id="DNVRng">0</dst>
            <dst id="HSTNng">104.482666666667</dst>
            <dst id="IPLSng">87.296</dst>
            <dst id="KSCYng">0</dst>
            <dst id="LOSAng">0</dst>
            <dst id="NYCMng">2231.92266666667</dst>
            <dst id="SNVAng">0</dst>
            <dst id="STTLng">26.6666666666667</dst>
            <dst id="WASHng">2253.864</dst>
        </src>
        <src id="ATLAng">
            <dst id="ATLA-M5">0</dst>
            <dst id="ATLAng">21381.3226666667</dst>
            <dst id="CHINng">31183.6666666667</dst>
            <dst id="DNVRng">0</dst>
            <dst id="HSTNng">2499.88</dst>
            <dst id="IPLSng">25301.2826666667</dst>
            <dst id="KSCYng">26.6666666666667</dst>
            <dst id="LOSAng">0</dst>
            <dst id="NYCMng">41971.528</dst>
            <dst id="SNVAng">26.6666666666667</dst>
            <dst id="STTLng">0</dst>
            <dst id="WASHng">46282.8986666667</dst>
        </src>
        <src id="CHINng">
            <dst id="ATLA-M5">0</dst>
            <dst id="ATLAng">32196.4453333333</dst>
            <dst id="CHINng">30782.304</dst>
            <dst id="DNVRng">0</dst>
            <dst id="HSTNng">15198.5146666667</dst>
            <dst id="IPLSng">44345.4533333333</dst>
            <dst id="KSCYng">0</dst>
            <dst id="LOSAng">26.6666666666667</dst>
            <dst id="NYCMng">203483.789333333</dst>
            <dst id="SNVAng">0</dst>
            <dst id="STTLng">1537.216</dst>
            <dst id="WASHng">35898.1946666667</dst>
        </src>
        <src id="DNVRng">
            <dst id="ATLA-M5">0</dst>
            <dst id="ATLAng">6300.944</dst>
            <dst id="CHINng">35103.7973333333</dst>
            <dst id="DNVRng">14324.008</dst>
            <dst id="HSTNng">38567.6426666667</dst>
            <dst id="IPLSng">39247.2266666667</dst>
            <dst id="KSCYng">18995.2293333333</dst>
            <dst id="LOSAng">0</dst>
            <dst id="NYCMng">44332.616</dst>
            <dst id="SNVAng">13432.9866666667</dst>
            <dst id="STTLng">107.136</dst>
            <dst id="WASHng">29435.736</dst>
        </src>
        <src id="HSTNng">
            <dst id="ATLA-M5">0</dst>
            <dst id="ATLAng">20209.8293333333</dst>
            <dst id="CHINng">746.090666666667</dst>
            <dst id="DNVRng">0</dst>
            <dst id="HSTNng">124060.168</dst>
            <dst id="IPLSng">26.6666666666667</dst>
            <dst id="KSCYng">0</dst>
            <dst id="LOSAng">0</dst>
            <dst id="NYCMng">4056.584</dst>
            <dst id="SNVAng">0</dst>
            <dst id="STTLng">0</dst>
            <dst id="WASHng">110845.738666667</dst>
        </src>
        <src id="IPLSng">
            <dst id="ATLA-M5">0</dst>
            <dst id="ATLAng">17185.8986666667</dst>
            <dst id="CHINng">106240.357333333</dst>
            <dst id="DNVRng">0</dst>
            <dst id="HSTNng">14640.7226666667</dst>
            <dst id="IPLSng">23428.1333333333</dst>
            <dst id="KSCYng">37276.0906666667</dst>
            <dst id="LOSAng">1404.52266666667</dst>
            <dst id="NYCMng">152955.250666667</dst>
            <dst id="SNVAng">26.6666666666667</dst>
            <dst id="STTLng">53.3333333333333</dst>
            <dst id="WASHng">35819.5706666667</dst>
        </src>
        <src id="KSCYng">
            <dst id="ATLA-M5">0</dst>
            <dst id="ATLAng">6832.744</dst>
            <dst id="CHINng">18307.4693333333</dst>
            <dst id="DNVRng">6542.21866666667</dst>
            <dst id="HSTNng">18084.0213333333</dst>
            <dst id="IPLSng">11968.2373333333</dst>
            <dst id="KSCYng">8989.32266666667</dst>
            <dst id="LOSAng">0</dst>
            <dst id="NYCMng">21427.4453333333</dst>
            <dst id="SNVAng">0</dst>
            <dst id="STTLng">0</dst>
            <dst id="WASHng">9857.072</dst>
        </src>
        <src id="LOSAng">
            <dst id="ATLA-M5">0</dst>
            <dst id="ATLAng">13937.52</dst>
            <dst id="CHINng">2111.656</dst>
            <dst id="DNVRng">16202.9413333333</dst>
            <dst id="HSTNng">96885.144</dst>
            <dst id="IPLSng">852.309333333333</dst>
            <dst id="KSCYng">75.432</dst>
            <dst id="LOSAng">19936.544</dst>
            <dst id="NYCMng">55121.76</dst>
            <dst id="SNVAng">8467.592</dst>
            <dst id="STTLng">18151.4346666667</dst>
            <dst id="WASHng">91619.984</dst>
        </src>
        <src id="NYCMng">
            <dst id="ATLA-M5">0</dst>
            <dst id="ATLAng">28800.32</dst>
            <dst id="CHINng">786.330666666667</dst>
            <dst id="DNVRng">0</dst>
            <dst id="HSTNng">24292.144</dst>
            <dst id="IPLSng">94.9866666666667</dst>
            <dst id="KSCYng">160.896</dst>
            <dst id="LOSAng">1070.97333333333</dst>
            <dst id="NYCMng">429218.64</dst>
            <dst id="SNVAng">26.6666666666667</dst>
            <dst id="STTLng">652.938666666667</dst>
            <dst id="WASHng">91522.0933333334</dst>
        </src>
        <src id="SNVAng">
            <dst id="ATLA-M5">0</dst>
            <dst id="ATLAng">711.693333333333</dst>
            <dst id="CHINng">26.6666666666667</dst>
            <dst id="DNVRng">7343.18666666667</dst>
            <dst id="HSTNng">9780.17333333334</dst>
            <dst id="IPLSng">80.5333333333333</dst>
            <dst id="KSCYng">505.578666666667</dst>
            <dst id="LOSAng">34542.136</dst>
            <dst id="NYCMng">4730.40533333333</dst>
            <dst id="SNVAng">14144.8773333333</dst>
            <dst id="STTLng">54538.2906666667</dst>
            <dst id="WASHng">640.186666666667</dst>
        </src>
        <src id="STTLng">
            <dst id="ATLA-M5">0</dst>
            <dst id="ATLAng">10177.6266666667</dst>
            <dst id="CHINng">492.357333333333</dst>
            <dst id="DNVRng">10434.216</dst>
            <dst id="HSTNng">15815.384</dst>
            <dst id="IPLSng">226.378666666667</dst>
            <dst id="KSCYng">4409.728</dst>
            <dst id="LOSAng">17101.688</dst>
            <dst id="NYCMng">46907.4506666667</dst>
            <dst id="SNVAng">6771.17066666667</dst>
            <dst id="STTLng">6772.61066666666</dst>
            <dst id="WASHng">28803.2373333333</dst>
        </src>
        <src id="WASHng">
            <dst id="ATLA-M5">0</dst>
            <dst id="ATLAng">68232.7653333333</dst>
            <dst id="CHINng">436.581333333333</dst>
            <dst id="DNVRng">0</dst>
            <dst id="HSTNng">69652.8186666667</dst>
            <dst id="IPLSng">110.293333333333</dst>
            <dst id="KSCYng">26.6666666666667</dst>
            <dst id="LOSAng">26.6666666666667</dst>
            <dst id="NYCMng">480008.88</dst>
            <dst id="SNVAng">53.3333333333333</dst>
            <dst id="STTLng">2465.49066666667</dst>
            <dst id="WASHng">256543.464</dst>
        </src>
    </IntraTM>
</TrafficMatrixFile>
