<?xml version="1.0" encoding="ISO-8859-1" standalone="yes"?>
<TrafficMatrixFile xsi:noNamespaceSchemaLocation="http://totem.run.montefiore.ulg.ac.be/Schema/TrafficMatrix-v1_2.xsd" xmlns:xsi="http://www.w3.org/2001/XMLSchema-instance">
    <IntraTM ASID="11537">
        <src id="ATLA-M5">
            <dst id="ATLA-M5">26.6666666666667</dst>
            <dst id="ATLAng">493.722666666667</dst>
            <dst id="CHINng">1206.76</dst>
            <dst id="DNVRng">0</dst>
            <dst id="HSTNng">195.776</dst>
            <dst id="IPLSng">2997.05066666667</dst>
            <dst id="KSCYng">0</dst>
            <dst id="LOSAng">0</dst>
            <dst id="NYCMng">3447.37866666667</dst>
            <dst id="SNVAng">0</dst>
            <dst id="STTLng">26.6666666666667</dst>
            <dst id="WASHng">1360.984</dst>
        </src>
        <src id="ATLAng">
            <dst id="ATLA-M5">0</dst>
            <dst id="ATLAng">28763.384</dst>
            <dst id="CHINng">68460.5893333333</dst>
            <dst id="DNVRng">0</dst>
            <dst id="HSTNng">13266.408</dst>
            <dst id="IPLSng">40949.3786666667</dst>
            <dst id="KSCYng">26.6666666666667</dst>
            <dst id="LOSAng">28</dst>
            <dst id="NYCMng">59688.496</dst>
            <dst id="SNVAng">66.376</dst>
            <dst id="STTLng">80</dst>
            <dst id="WASHng">48924.2266666667</dst>
        </src>
        <src id="CHINng">
            <dst id="ATLA-M5">0</dst>
            <dst id="ATLAng">31849.3466666667</dst>
            <dst id="CHINng">47874.256</dst>
            <dst id="DNVRng">0</dst>
            <dst id="HSTNng">27217.9173333333</dst>
            <dst id="IPLSng">80869.1306666666</dst>
            <dst id="KSCYng">101.344</dst>
            <dst id="LOSAng">0</dst>
            <dst id="NYCMng">196061.610666667</dst>
            <dst id="SNVAng">0</dst>
            <dst id="STTLng">0</dst>
            <dst id="WASHng">45806.296</dst>
        </src>
        <src id="DNVRng">
            <dst id="ATLA-M5">0</dst>
            <dst id="ATLAng">8193.12</dst>
            <dst id="CHINng">39531.928</dst>
            <dst id="DNVRng">8876.67733333333</dst>
            <dst id="HSTNng">50486.4773333333</dst>
            <dst id="IPLSng">34995.416</dst>
            <dst id="KSCYng">12630.3733333333</dst>
            <dst id="LOSAng">26.6666666666667</dst>
            <dst id="NYCMng">30346.4106666667</dst>
            <dst id="SNVAng">13802.664</dst>
            <dst id="STTLng">1226.96533333333</dst>
            <dst id="WASHng">44077.6666666667</dst>
        </src>
        <src id="HSTNng">
            <dst id="ATLA-M5">0</dst>
            <dst id="ATLAng">41162.792</dst>
            <dst id="CHINng">2007.17866666667</dst>
            <dst id="DNVRng">26.6666666666667</dst>
            <dst id="HSTNng">156068.386666667</dst>
            <dst id="IPLSng">26.6666666666667</dst>
            <dst id="KSCYng">0</dst>
            <dst id="LOSAng">26.6666666666667</dst>
            <dst id="NYCMng">7045.25333333333</dst>
            <dst id="SNVAng">0</dst>
            <dst id="STTLng">0</dst>
            <dst id="WASHng">123876.717333333</dst>
        </src>
        <src id="IPLSng">
            <dst id="ATLA-M5">0</dst>
            <dst id="ATLAng">17802.872</dst>
            <dst id="CHINng">143195.021333333</dst>
            <dst id="DNVRng">0</dst>
            <dst id="HSTNng">10543.032</dst>
            <dst id="IPLSng">23367.0266666667</dst>
            <dst id="KSCYng">20591.664</dst>
            <dst id="LOSAng">53.3333333333333</dst>
            <dst id="NYCMng">169426.477333333</dst>
            <dst id="SNVAng">160</dst>
            <dst id="STTLng">65.28</dst>
            <dst id="WASHng">50305.328</dst>
        </src>
        <src id="KSCYng">
            <dst id="ATLA-M5">0</dst>
            <dst id="ATLAng">5551.416</dst>
            <dst id="CHINng">18180.8853333333</dst>
            <dst id="DNVRng">16867.7173333333</dst>
            <dst id="HSTNng">17732.512</dst>
            <dst id="IPLSng">14961.7386666667</dst>
            <dst id="KSCYng">15377.9546666667</dst>
            <dst id="LOSAng">0</dst>
            <dst id="NYCMng">19919.0906666667</dst>
            <dst id="SNVAng">0</dst>
            <dst id="STTLng">0</dst>
            <dst id="WASHng">12136.4186666667</dst>
        </src>
        <src id="LOSAng">
            <dst id="ATLA-M5">0</dst>
            <dst id="ATLAng">34556.5146666667</dst>
            <dst id="CHINng">2739.072</dst>
            <dst id="DNVRng">35879.6026666667</dst>
            <dst id="HSTNng">112594.893333333</dst>
            <dst id="IPLSng">482.672</dst>
            <dst id="KSCYng">118.376</dst>
            <dst id="LOSAng">22626.744</dst>
            <dst id="NYCMng">73721.9946666667</dst>
            <dst id="SNVAng">12644.208</dst>
            <dst id="STTLng">30648.4426666667</dst>
            <dst id="WASHng">99357.608</dst>
        </src>
        <src id="NYCMng">
            <dst id="ATLA-M5">0</dst>
            <dst id="ATLAng">39306.1093333333</dst>
            <dst id="CHINng">1548.81333333333</dst>
            <dst id="DNVRng">0</dst>
            <dst id="HSTNng">39522.9946666667</dst>
            <dst id="IPLSng">90.552</dst>
            <dst id="KSCYng">85.656</dst>
            <dst id="LOSAng">216.381333333333</dst>
            <dst id="NYCMng">908748.426666667</dst>
            <dst id="SNVAng">53.3333333333333</dst>
            <dst id="STTLng">98.6746666666667</dst>
            <dst id="WASHng">333029.226666667</dst>
        </src>
        <src id="SNVAng">
            <dst id="ATLA-M5">0</dst>
            <dst id="ATLAng">1415.744</dst>
            <dst id="CHINng">0</dst>
            <dst id="DNVRng">3280.76</dst>
            <dst id="HSTNng">3486.14133333333</dst>
            <dst id="IPLSng">0</dst>
            <dst id="KSCYng">388.130666666667</dst>
            <dst id="LOSAng">34993.2533333333</dst>
            <dst id="NYCMng">6855.64533333333</dst>
            <dst id="SNVAng">13175.7226666667</dst>
            <dst id="STTLng">47163.9893333333</dst>
            <dst id="WASHng">744.813333333333</dst>
        </src>
        <src id="STTLng">
            <dst id="ATLA-M5">0</dst>
            <dst id="ATLAng">10235.2613333333</dst>
            <dst id="CHINng">1037.45066666667</dst>
            <dst id="DNVRng">8703.55733333333</dst>
            <dst id="HSTNng">23234.1466666667</dst>
            <dst id="IPLSng">73.8613333333333</dst>
            <dst id="KSCYng">5762.89333333333</dst>
            <dst id="LOSAng">28023.6426666667</dst>
            <dst id="NYCMng">48597.0773333333</dst>
            <dst id="SNVAng">8777.59733333333</dst>
            <dst id="STTLng">3402.88266666667</dst>
            <dst id="WASHng">30965.3093333333</dst>
        </src>
        <src id="WASHng">
            <dst id="ATLA-M5">0</dst>
            <dst id="ATLAng">121488.629333333</dst>
            <dst id="CHINng">254.138666666667</dst>
            <dst id="DNVRng">0</dst>
            <dst id="HSTNng">79281.472</dst>
            <dst id="IPLSng">59.1946666666667</dst>
            <dst id="KSCYng">53.3333333333333</dst>
            <dst id="LOSAng">53.3333333333333</dst>
            <dst id="NYCMng">556995.36</dst>
            <dst id="SNVAng">108.133333333333</dst>
            <dst id="STTLng">106.666666666667</dst>
            <dst id="WASHng">293286.426666667</dst>
        </src>
    </IntraTM>
</TrafficMatrixFile>
