<?xml version="1.0" encoding="ISO-8859-1" standalone="yes"?>
<TrafficMatrixFile xsi:noNamespaceSchemaLocation="http://totem.run.montefiore.ulg.ac.be/Schema/TrafficMatrix-v1_2.xsd" xmlns:xsi="http://www.w3.org/2001/XMLSchema-instance">
    <IntraTM ASID="11537">
        <src id="ATLA-M5">
            <dst id="ATLA-M5">0</dst>
            <dst id="ATLAng">406.989333333333</dst>
            <dst id="CHINng">1490.68533333333</dst>
            <dst id="DNVRng">0</dst>
            <dst id="HSTNng">1341.26133333333</dst>
            <dst id="IPLSng">84.1226666666667</dst>
            <dst id="KSCYng">381.216</dst>
            <dst id="LOSAng">0</dst>
            <dst id="NYCMng">662.797333333333</dst>
            <dst id="SNVAng">0</dst>
            <dst id="STTLng">0</dst>
            <dst id="WASHng">5766.06133333333</dst>
        </src>
        <src id="ATLAng">
            <dst id="ATLA-M5">0</dst>
            <dst id="ATLAng">25074.9306666667</dst>
            <dst id="CHINng">23756.4933333333</dst>
            <dst id="DNVRng">26.6666666666667</dst>
            <dst id="HSTNng">48258.6906666667</dst>
            <dst id="IPLSng">32776.3173333333</dst>
            <dst id="KSCYng">6282.24533333333</dst>
            <dst id="LOSAng">0</dst>
            <dst id="NYCMng">22385.52</dst>
            <dst id="SNVAng">53.3333333333333</dst>
            <dst id="STTLng">182.989333333333</dst>
            <dst id="WASHng">80119.0773333333</dst>
        </src>
        <src id="CHINng">
            <dst id="ATLA-M5">0</dst>
            <dst id="ATLAng">40072.5733333333</dst>
            <dst id="CHINng">102158.944</dst>
            <dst id="DNVRng">23828.608</dst>
            <dst id="HSTNng">125130.901333333</dst>
            <dst id="IPLSng">76173.128</dst>
            <dst id="KSCYng">23478.448</dst>
            <dst id="LOSAng">450.029333333333</dst>
            <dst id="NYCMng">53664.0266666667</dst>
            <dst id="SNVAng">106.666666666667</dst>
            <dst id="STTLng">1704.104</dst>
            <dst id="WASHng">56332.7866666667</dst>
        </src>
        <src id="DNVRng">
            <dst id="ATLA-M5">0</dst>
            <dst id="ATLAng">21190.6533333333</dst>
            <dst id="CHINng">74304.2293333333</dst>
            <dst id="DNVRng">16318.0613333333</dst>
            <dst id="HSTNng">64212.8106666667</dst>
            <dst id="IPLSng">31116.6586666667</dst>
            <dst id="KSCYng">27498.6</dst>
            <dst id="LOSAng">26.6666666666667</dst>
            <dst id="NYCMng">19384.0613333333</dst>
            <dst id="SNVAng">15645.5173333333</dst>
            <dst id="STTLng">209.088</dst>
            <dst id="WASHng">50178.4853333333</dst>
        </src>
        <src id="HSTNng">
            <dst id="ATLA-M5">0</dst>
            <dst id="ATLAng">38562.4053333333</dst>
            <dst id="CHINng">2710.80533333333</dst>
            <dst id="DNVRng">26.6666666666667</dst>
            <dst id="HSTNng">193057.717333333</dst>
            <dst id="IPLSng">468.989333333333</dst>
            <dst id="KSCYng">53.3333333333333</dst>
            <dst id="LOSAng">0</dst>
            <dst id="NYCMng">7897.00533333333</dst>
            <dst id="SNVAng">26.6666666666667</dst>
            <dst id="STTLng">164.053333333333</dst>
            <dst id="WASHng">125335.16</dst>
        </src>
        <src id="IPLSng">
            <dst id="ATLA-M5">0</dst>
            <dst id="ATLAng">17418.824</dst>
            <dst id="CHINng">147717.325333333</dst>
            <dst id="DNVRng">11009.64</dst>
            <dst id="HSTNng">151184.76</dst>
            <dst id="IPLSng">33569.9706666667</dst>
            <dst id="KSCYng">35243.6213333333</dst>
            <dst id="LOSAng">0</dst>
            <dst id="NYCMng">62770.1466666667</dst>
            <dst id="SNVAng">97.896</dst>
            <dst id="STTLng">1445.14933333333</dst>
            <dst id="WASHng">44333.0186666667</dst>
        </src>
        <src id="KSCYng">
            <dst id="ATLA-M5">0</dst>
            <dst id="ATLAng">5547.64533333333</dst>
            <dst id="CHINng">39386.6106666667</dst>
            <dst id="DNVRng">9142.01333333333</dst>
            <dst id="HSTNng">15450.9253333333</dst>
            <dst id="IPLSng">18349.5893333333</dst>
            <dst id="KSCYng">8747.91733333333</dst>
            <dst id="LOSAng">26.6666666666667</dst>
            <dst id="NYCMng">14043.6666666667</dst>
            <dst id="SNVAng">0</dst>
            <dst id="STTLng">363.394666666667</dst>
            <dst id="WASHng">20922.2906666667</dst>
        </src>
        <src id="LOSAng">
            <dst id="ATLA-M5">0</dst>
            <dst id="ATLAng">28146.28</dst>
            <dst id="CHINng">4881.856</dst>
            <dst id="DNVRng">21983.5466666667</dst>
            <dst id="HSTNng">228085.474666667</dst>
            <dst id="IPLSng">127.536</dst>
            <dst id="KSCYng">107.237333333333</dst>
            <dst id="LOSAng">18184.512</dst>
            <dst id="NYCMng">74984.6053333333</dst>
            <dst id="SNVAng">16026.656</dst>
            <dst id="STTLng">30283.7946666667</dst>
            <dst id="WASHng">109650.64</dst>
        </src>
        <src id="NYCMng">
            <dst id="ATLA-M5">0</dst>
            <dst id="ATLAng">50801.2933333333</dst>
            <dst id="CHINng">103780.021333333</dst>
            <dst id="DNVRng">39233.2986666667</dst>
            <dst id="HSTNng">182617.496</dst>
            <dst id="IPLSng">86261.0186666667</dst>
            <dst id="KSCYng">28775.3333333333</dst>
            <dst id="LOSAng">654.922666666667</dst>
            <dst id="NYCMng">248818.536</dst>
            <dst id="SNVAng">106.666666666667</dst>
            <dst id="STTLng">4915.09866666667</dst>
            <dst id="WASHng">183177.653333333</dst>
        </src>
        <src id="SNVAng">
            <dst id="ATLA-M5">0</dst>
            <dst id="ATLAng">1245.37066666667</dst>
            <dst id="CHINng">788.44</dst>
            <dst id="DNVRng">17748.2773333333</dst>
            <dst id="HSTNng">7087.68</dst>
            <dst id="IPLSng">0</dst>
            <dst id="KSCYng">807.994666666667</dst>
            <dst id="LOSAng">39898.216</dst>
            <dst id="NYCMng">7106.18133333333</dst>
            <dst id="SNVAng">17422.8</dst>
            <dst id="STTLng">52128.4</dst>
            <dst id="WASHng">1584.53866666667</dst>
        </src>
        <src id="STTLng">
            <dst id="ATLA-M5">0</dst>
            <dst id="ATLAng">12273.5173333333</dst>
            <dst id="CHINng">22575.064</dst>
            <dst id="DNVRng">6585.50133333333</dst>
            <dst id="HSTNng">44713.6533333333</dst>
            <dst id="IPLSng">266.541333333333</dst>
            <dst id="KSCYng">5417.52266666667</dst>
            <dst id="LOSAng">29215.48</dst>
            <dst id="NYCMng">14634.368</dst>
            <dst id="SNVAng">13231.2666666667</dst>
            <dst id="STTLng">13512.6666666667</dst>
            <dst id="WASHng">32011.9573333333</dst>
        </src>
        <src id="WASHng">
            <dst id="ATLA-M5">0</dst>
            <dst id="ATLAng">74282.456</dst>
            <dst id="CHINng">111138.008</dst>
            <dst id="DNVRng">5772.016</dst>
            <dst id="HSTNng">383173.76</dst>
            <dst id="IPLSng">84088.0506666667</dst>
            <dst id="KSCYng">33178.048</dst>
            <dst id="LOSAng">207.293333333333</dst>
            <dst id="NYCMng">245449.845333333</dst>
            <dst id="SNVAng">234.304</dst>
            <dst id="STTLng">5993.18133333333</dst>
            <dst id="WASHng">284554.88</dst>
        </src>
    </IntraTM>
</TrafficMatrixFile>
