<?xml version="1.0" encoding="ISO-8859-1" standalone="yes"?>
<TrafficMatrixFile xsi:noNamespaceSchemaLocation="http://totem.run.montefiore.ulg.ac.be/Schema/TrafficMatrix-v1_2.xsd" xmlns:xsi="http://www.w3.org/2001/XMLSchema-instance">
    <IntraTM ASID="11537">
        <src id="ATLA-M5">
            <dst id="ATLA-M5">0</dst>
            <dst id="ATLAng">80</dst>
            <dst id="CHINng">840.141333333333</dst>
            <dst id="DNVRng">0</dst>
            <dst id="HSTNng">1363.86666666667</dst>
            <dst id="IPLSng">293.858666666667</dst>
            <dst id="KSCYng">107.306666666667</dst>
            <dst id="LOSAng">0</dst>
            <dst id="NYCMng">565.629333333333</dst>
            <dst id="SNVAng">0</dst>
            <dst id="STTLng">0</dst>
            <dst id="WASHng">659.901333333333</dst>
        </src>
        <src id="ATLAng">
            <dst id="ATLA-M5">0</dst>
            <dst id="ATLAng">24325.8933333333</dst>
            <dst id="CHINng">19666.1786666667</dst>
            <dst id="DNVRng">53.3333333333333</dst>
            <dst id="HSTNng">787829.466666667</dst>
            <dst id="IPLSng">31579.8213333333</dst>
            <dst id="KSCYng">5552.22666666667</dst>
            <dst id="LOSAng">0</dst>
            <dst id="NYCMng">24444.0826666667</dst>
            <dst id="SNVAng">26.6666666666667</dst>
            <dst id="STTLng">178.357333333333</dst>
            <dst id="WASHng">78711.1146666667</dst>
        </src>
        <src id="CHINng">
            <dst id="ATLA-M5">0</dst>
            <dst id="ATLAng">25625.4746666667</dst>
            <dst id="CHINng">147610.594666667</dst>
            <dst id="DNVRng">23818.5146666667</dst>
            <dst id="HSTNng">114028.352</dst>
            <dst id="IPLSng">58154.8373333333</dst>
            <dst id="KSCYng">17506.2826666667</dst>
            <dst id="LOSAng">1021.02133333333</dst>
            <dst id="NYCMng">35535.9573333333</dst>
            <dst id="SNVAng">0</dst>
            <dst id="STTLng">1843.30666666667</dst>
            <dst id="WASHng">41230.4853333333</dst>
        </src>
        <src id="DNVRng">
            <dst id="ATLA-M5">0</dst>
            <dst id="ATLAng">7039.34933333333</dst>
            <dst id="CHINng">70189.8346666667</dst>
            <dst id="DNVRng">7132.664</dst>
            <dst id="HSTNng">53106.4026666667</dst>
            <dst id="IPLSng">26967.1146666667</dst>
            <dst id="KSCYng">11109.9386666667</dst>
            <dst id="LOSAng">0</dst>
            <dst id="NYCMng">27964.1653333333</dst>
            <dst id="SNVAng">8384.77866666667</dst>
            <dst id="STTLng">46.7093333333333</dst>
            <dst id="WASHng">33448.4853333333</dst>
        </src>
        <src id="HSTNng">
            <dst id="ATLA-M5">0</dst>
            <dst id="ATLAng">22988.1573333333</dst>
            <dst id="CHINng">3522.32</dst>
            <dst id="DNVRng">0</dst>
            <dst id="HSTNng">152543.389333333</dst>
            <dst id="IPLSng">82.6986666666667</dst>
            <dst id="KSCYng">26.6666666666667</dst>
            <dst id="LOSAng">0</dst>
            <dst id="NYCMng">8362.41866666667</dst>
            <dst id="SNVAng">26.6666666666667</dst>
            <dst id="STTLng">106.666666666667</dst>
            <dst id="WASHng">97656.2613333333</dst>
        </src>
        <src id="IPLSng">
            <dst id="ATLA-M5">0</dst>
            <dst id="ATLAng">11185.8426666667</dst>
            <dst id="CHINng">154625.658666667</dst>
            <dst id="DNVRng">11178.9173333333</dst>
            <dst id="HSTNng">69877.1386666667</dst>
            <dst id="IPLSng">22147.0533333333</dst>
            <dst id="KSCYng">19984.1813333333</dst>
            <dst id="LOSAng">115.866666666667</dst>
            <dst id="NYCMng">48950.208</dst>
            <dst id="SNVAng">207.370666666667</dst>
            <dst id="STTLng">371.221333333333</dst>
            <dst id="WASHng">24044.4746666667</dst>
        </src>
        <src id="KSCYng">
            <dst id="ATLA-M5">0</dst>
            <dst id="ATLAng">7926.112</dst>
            <dst id="CHINng">37241.0133333333</dst>
            <dst id="DNVRng">10718.0906666667</dst>
            <dst id="HSTNng">14708.72</dst>
            <dst id="IPLSng">14829.44</dst>
            <dst id="KSCYng">6019.62133333333</dst>
            <dst id="LOSAng">0</dst>
            <dst id="NYCMng">6679.91466666667</dst>
            <dst id="SNVAng">26.6666666666667</dst>
            <dst id="STTLng">381.56</dst>
            <dst id="WASHng">10313.296</dst>
        </src>
        <src id="LOSAng">
            <dst id="ATLA-M5">0</dst>
            <dst id="ATLAng">16208.584</dst>
            <dst id="CHINng">13262.336</dst>
            <dst id="DNVRng">8510.06666666667</dst>
            <dst id="HSTNng">182444.074666667</dst>
            <dst id="IPLSng">396.837333333333</dst>
            <dst id="KSCYng">80</dst>
            <dst id="LOSAng">44150.664</dst>
            <dst id="NYCMng">56975.1386666667</dst>
            <dst id="SNVAng">9225.34133333333</dst>
            <dst id="STTLng">28578.9013333333</dst>
            <dst id="WASHng">90025.256</dst>
        </src>
        <src id="NYCMng">
            <dst id="ATLA-M5">0</dst>
            <dst id="ATLAng">40504.864</dst>
            <dst id="CHINng">80691.2666666667</dst>
            <dst id="DNVRng">34634.136</dst>
            <dst id="HSTNng">125670.192</dst>
            <dst id="IPLSng">63263.9573333333</dst>
            <dst id="KSCYng">22298.856</dst>
            <dst id="LOSAng">272</dst>
            <dst id="NYCMng">241913.696</dst>
            <dst id="SNVAng">26.6666666666667</dst>
            <dst id="STTLng">13744.9653333333</dst>
            <dst id="WASHng">94435.3546666667</dst>
        </src>
        <src id="SNVAng">
            <dst id="ATLA-M5">0</dst>
            <dst id="ATLAng">1014.09066666667</dst>
            <dst id="CHINng">731.96</dst>
            <dst id="DNVRng">8898.48533333334</dst>
            <dst id="HSTNng">9880.65866666667</dst>
            <dst id="IPLSng">0</dst>
            <dst id="KSCYng">481.416</dst>
            <dst id="LOSAng">33133.232</dst>
            <dst id="NYCMng">5329.35466666667</dst>
            <dst id="SNVAng">13083.2346666667</dst>
            <dst id="STTLng">49002.6106666667</dst>
            <dst id="WASHng">635.949333333333</dst>
        </src>
        <src id="STTLng">
            <dst id="ATLA-M5">0</dst>
            <dst id="ATLAng">10393.9146666667</dst>
            <dst id="CHINng">23126.776</dst>
            <dst id="DNVRng">4668.71466666667</dst>
            <dst id="HSTNng">51365.136</dst>
            <dst id="IPLSng">271.397333333333</dst>
            <dst id="KSCYng">2212.544</dst>
            <dst id="LOSAng">34091.4266666667</dst>
            <dst id="NYCMng">18248.336</dst>
            <dst id="SNVAng">8126.87466666666</dst>
            <dst id="STTLng">3908.71733333333</dst>
            <dst id="WASHng">28861.6373333333</dst>
        </src>
        <src id="WASHng">
            <dst id="ATLA-M5">0</dst>
            <dst id="ATLAng">91607.6826666667</dst>
            <dst id="CHINng">105205.365333333</dst>
            <dst id="DNVRng">7542.77333333333</dst>
            <dst id="HSTNng">283589.093333333</dst>
            <dst id="IPLSng">51715.2026666667</dst>
            <dst id="KSCYng">18920.128</dst>
            <dst id="LOSAng">26.6666666666667</dst>
            <dst id="NYCMng">138142.077333333</dst>
            <dst id="SNVAng">590.773333333333</dst>
            <dst id="STTLng">8640.99466666666</dst>
            <dst id="WASHng">373891.28</dst>
        </src>
    </IntraTM>
</TrafficMatrixFile>
