<?xml version="1.0" encoding="ISO-8859-1" standalone="yes"?>
<TrafficMatrixFile xsi:noNamespaceSchemaLocation="http://totem.run.montefiore.ulg.ac.be/Schema/TrafficMatrix-v1_2.xsd" xmlns:xsi="http://www.w3.org/2001/XMLSchema-instance">
    <IntraTM ASID="11537">
        <src id="ATLA-M5">
            <dst id="ATLA-M5">0</dst>
            <dst id="ATLAng">228.789333333333</dst>
            <dst id="CHINng">1663.33866666667</dst>
            <dst id="DNVRng">0</dst>
            <dst id="HSTNng">283.765333333333</dst>
            <dst id="IPLSng">380.546666666667</dst>
            <dst id="KSCYng">0</dst>
            <dst id="LOSAng">0</dst>
            <dst id="NYCMng">1339.33333333333</dst>
            <dst id="SNVAng">0</dst>
            <dst id="STTLng">0</dst>
            <dst id="WASHng">2616.25866666667</dst>
        </src>
        <src id="ATLAng">
            <dst id="ATLA-M5">0</dst>
            <dst id="ATLAng">29308.5653333333</dst>
            <dst id="CHINng">15349.768</dst>
            <dst id="DNVRng">0</dst>
            <dst id="HSTNng">2260.25866666667</dst>
            <dst id="IPLSng">45316.8693333333</dst>
            <dst id="KSCYng">26.6666666666667</dst>
            <dst id="LOSAng">0</dst>
            <dst id="NYCMng">85436.1386666667</dst>
            <dst id="SNVAng">0</dst>
            <dst id="STTLng">26.6666666666667</dst>
            <dst id="WASHng">38584.88</dst>
        </src>
        <src id="CHINng">
            <dst id="ATLA-M5">0</dst>
            <dst id="ATLAng">16845.6266666667</dst>
            <dst id="CHINng">21447.32</dst>
            <dst id="DNVRng">0</dst>
            <dst id="HSTNng">17243.3093333333</dst>
            <dst id="IPLSng">26853.3066666667</dst>
            <dst id="KSCYng">53.3333333333333</dst>
            <dst id="LOSAng">26.6666666666667</dst>
            <dst id="NYCMng">191496.658666667</dst>
            <dst id="SNVAng">53.3333333333333</dst>
            <dst id="STTLng">809.333333333333</dst>
            <dst id="WASHng">25548.224</dst>
        </src>
        <src id="DNVRng">
            <dst id="ATLA-M5">0</dst>
            <dst id="ATLAng">7445.432</dst>
            <dst id="CHINng">26635.4746666667</dst>
            <dst id="DNVRng">2197.18133333333</dst>
            <dst id="HSTNng">23516.7013333333</dst>
            <dst id="IPLSng">24219.4906666667</dst>
            <dst id="KSCYng">9410.112</dst>
            <dst id="LOSAng">0</dst>
            <dst id="NYCMng">31530.2506666667</dst>
            <dst id="SNVAng">8522.94133333333</dst>
            <dst id="STTLng">2207.58133333333</dst>
            <dst id="WASHng">38974.8986666667</dst>
        </src>
        <src id="HSTNng">
            <dst id="ATLA-M5">0</dst>
            <dst id="ATLAng">33404.8</dst>
            <dst id="CHINng">683.885333333333</dst>
            <dst id="DNVRng">0</dst>
            <dst id="HSTNng">79194.3013333333</dst>
            <dst id="IPLSng">53.3333333333333</dst>
            <dst id="KSCYng">0</dst>
            <dst id="LOSAng">0</dst>
            <dst id="NYCMng">3950.768</dst>
            <dst id="SNVAng">0</dst>
            <dst id="STTLng">0</dst>
            <dst id="WASHng">102869.376</dst>
        </src>
        <src id="IPLSng">
            <dst id="ATLA-M5">0</dst>
            <dst id="ATLAng">13550.5626666667</dst>
            <dst id="CHINng">55040.2933333333</dst>
            <dst id="DNVRng">0</dst>
            <dst id="HSTNng">8458.328</dst>
            <dst id="IPLSng">24745.7093333333</dst>
            <dst id="KSCYng">17053.3253333333</dst>
            <dst id="LOSAng">0</dst>
            <dst id="NYCMng">198087.618666667</dst>
            <dst id="SNVAng">26.6666666666667</dst>
            <dst id="STTLng">64.1333333333333</dst>
            <dst id="WASHng">15947.4133333333</dst>
        </src>
        <src id="KSCYng">
            <dst id="ATLA-M5">0</dst>
            <dst id="ATLAng">4422.84533333333</dst>
            <dst id="CHINng">15014.2613333333</dst>
            <dst id="DNVRng">7512.39466666666</dst>
            <dst id="HSTNng">13875.488</dst>
            <dst id="IPLSng">9638.09333333333</dst>
            <dst id="KSCYng">5738.22133333333</dst>
            <dst id="LOSAng">0</dst>
            <dst id="NYCMng">28281.728</dst>
            <dst id="SNVAng">0</dst>
            <dst id="STTLng">26.6666666666667</dst>
            <dst id="WASHng">10607.088</dst>
        </src>
        <src id="LOSAng">
            <dst id="ATLA-M5">0</dst>
            <dst id="ATLAng">28107.1946666667</dst>
            <dst id="CHINng">1600.27733333333</dst>
            <dst id="DNVRng">6715.408</dst>
            <dst id="HSTNng">66960.536</dst>
            <dst id="IPLSng">1668.50133333333</dst>
            <dst id="KSCYng">80</dst>
            <dst id="LOSAng">24565.552</dst>
            <dst id="NYCMng">59660.8373333333</dst>
            <dst id="SNVAng">9059.53333333333</dst>
            <dst id="STTLng">17518.9946666667</dst>
            <dst id="WASHng">90546.3066666666</dst>
        </src>
        <src id="NYCMng">
            <dst id="ATLA-M5">0</dst>
            <dst id="ATLAng">23231.0693333333</dst>
            <dst id="CHINng">718.989333333333</dst>
            <dst id="DNVRng">0</dst>
            <dst id="HSTNng">12862.0106666667</dst>
            <dst id="IPLSng">53.3333333333333</dst>
            <dst id="KSCYng">26.6666666666667</dst>
            <dst id="LOSAng">26.6666666666667</dst>
            <dst id="NYCMng">331593.44</dst>
            <dst id="SNVAng">80</dst>
            <dst id="STTLng">774.336</dst>
            <dst id="WASHng">78964.8186666667</dst>
        </src>
        <src id="SNVAng">
            <dst id="ATLA-M5">0</dst>
            <dst id="ATLAng">736.512</dst>
            <dst id="CHINng">26.6666666666667</dst>
            <dst id="DNVRng">2468.57866666667</dst>
            <dst id="HSTNng">2798.46666666667</dst>
            <dst id="IPLSng">411.765333333333</dst>
            <dst id="KSCYng">423.234666666667</dst>
            <dst id="LOSAng">22598.4693333333</dst>
            <dst id="NYCMng">4317.512</dst>
            <dst id="SNVAng">13488.4666666667</dst>
            <dst id="STTLng">53423.8</dst>
            <dst id="WASHng">351.309333333333</dst>
        </src>
        <src id="STTLng">
            <dst id="ATLA-M5">0</dst>
            <dst id="ATLAng">6357.00266666667</dst>
            <dst id="CHINng">803.773333333333</dst>
            <dst id="DNVRng">4419.728</dst>
            <dst id="HSTNng">13073.2266666667</dst>
            <dst id="IPLSng">261.970666666667</dst>
            <dst id="KSCYng">1853.29333333333</dst>
            <dst id="LOSAng">17681.672</dst>
            <dst id="NYCMng">44132.9093333333</dst>
            <dst id="SNVAng">2854.50133333333</dst>
            <dst id="STTLng">666.192</dst>
            <dst id="WASHng">25565.9066666667</dst>
        </src>
        <src id="WASHng">
            <dst id="ATLA-M5">0</dst>
            <dst id="ATLAng">135512.757333333</dst>
            <dst id="CHINng">495.818666666667</dst>
            <dst id="DNVRng">0</dst>
            <dst id="HSTNng">66026.9413333333</dst>
            <dst id="IPLSng">143.090666666667</dst>
            <dst id="KSCYng">0</dst>
            <dst id="LOSAng">161.4</dst>
            <dst id="NYCMng">475120.8</dst>
            <dst id="SNVAng">53.3333333333333</dst>
            <dst id="STTLng">1124.832</dst>
            <dst id="WASHng">253703.130666667</dst>
        </src>
    </IntraTM>
</TrafficMatrixFile>
