<?xml version="1.0" encoding="ISO-8859-1" standalone="yes"?>
<TrafficMatrixFile xsi:noNamespaceSchemaLocation="http://totem.run.montefiore.ulg.ac.be/Schema/TrafficMatrix-v1_2.xsd" xmlns:xsi="http://www.w3.org/2001/XMLSchema-instance">
    <IntraTM ASID="11537">
        <src id="ATLA-M5">
            <dst id="ATLA-M5">30.1626666666667</dst>
            <dst id="ATLAng">223.557333333333</dst>
            <dst id="CHINng">613.746666666667</dst>
            <dst id="DNVRng">0</dst>
            <dst id="HSTNng">1677.61866666667</dst>
            <dst id="IPLSng">138.458666666667</dst>
            <dst id="KSCYng">96.7093333333333</dst>
            <dst id="LOSAng">0</dst>
            <dst id="NYCMng">470.450666666667</dst>
            <dst id="SNVAng">0</dst>
            <dst id="STTLng">0</dst>
            <dst id="WASHng">722</dst>
        </src>
        <src id="ATLAng">
            <dst id="ATLA-M5">0</dst>
            <dst id="ATLAng">43199.112</dst>
            <dst id="CHINng">19631.3653333333</dst>
            <dst id="DNVRng">57.2186666666667</dst>
            <dst id="HSTNng">519558.506666667</dst>
            <dst id="IPLSng">35503.3093333333</dst>
            <dst id="KSCYng">5677.352</dst>
            <dst id="LOSAng">53.3333333333333</dst>
            <dst id="NYCMng">24061.1866666667</dst>
            <dst id="SNVAng">53.3333333333333</dst>
            <dst id="STTLng">138.685333333333</dst>
            <dst id="WASHng">67260.4293333333</dst>
        </src>
        <src id="CHINng">
            <dst id="ATLA-M5">0</dst>
            <dst id="ATLAng">39166.608</dst>
            <dst id="CHINng">149373.869333333</dst>
            <dst id="DNVRng">26074.16</dst>
            <dst id="HSTNng">113011.146666667</dst>
            <dst id="IPLSng">64242.0133333333</dst>
            <dst id="KSCYng">17329.2693333333</dst>
            <dst id="LOSAng">876.672</dst>
            <dst id="NYCMng">37497.784</dst>
            <dst id="SNVAng">0</dst>
            <dst id="STTLng">1590.09066666667</dst>
            <dst id="WASHng">38570.6186666667</dst>
        </src>
        <src id="DNVRng">
            <dst id="ATLA-M5">0</dst>
            <dst id="ATLAng">7757.336</dst>
            <dst id="CHINng">77855.4346666667</dst>
            <dst id="DNVRng">6241.32</dst>
            <dst id="HSTNng">49320.7946666667</dst>
            <dst id="IPLSng">27960.5333333333</dst>
            <dst id="KSCYng">10031.7733333333</dst>
            <dst id="LOSAng">38.4506666666667</dst>
            <dst id="NYCMng">31387.0826666667</dst>
            <dst id="SNVAng">9708.30666666667</dst>
            <dst id="STTLng">40.032</dst>
            <dst id="WASHng">31580.288</dst>
        </src>
        <src id="HSTNng">
            <dst id="ATLA-M5">0</dst>
            <dst id="ATLAng">34931.056</dst>
            <dst id="CHINng">2461.92</dst>
            <dst id="DNVRng">61.7653333333333</dst>
            <dst id="HSTNng">238904.216</dst>
            <dst id="IPLSng">213.104</dst>
            <dst id="KSCYng">0</dst>
            <dst id="LOSAng">0</dst>
            <dst id="NYCMng">6938.12</dst>
            <dst id="SNVAng">0</dst>
            <dst id="STTLng">98.0373333333334</dst>
            <dst id="WASHng">96139.584</dst>
        </src>
        <src id="IPLSng">
            <dst id="ATLA-M5">0</dst>
            <dst id="ATLAng">11955.5706666667</dst>
            <dst id="CHINng">161831.208</dst>
            <dst id="DNVRng">11764.4</dst>
            <dst id="HSTNng">67207.7066666667</dst>
            <dst id="IPLSng">23400.36</dst>
            <dst id="KSCYng">22272.4746666667</dst>
            <dst id="LOSAng">0</dst>
            <dst id="NYCMng">53668.416</dst>
            <dst id="SNVAng">240.584</dst>
            <dst id="STTLng">486.178666666667</dst>
            <dst id="WASHng">17956.4026666667</dst>
        </src>
        <src id="KSCYng">
            <dst id="ATLA-M5">0</dst>
            <dst id="ATLAng">9241.85866666667</dst>
            <dst id="CHINng">35494.1946666667</dst>
            <dst id="DNVRng">7544.328</dst>
            <dst id="HSTNng">15782.264</dst>
            <dst id="IPLSng">15577.5733333333</dst>
            <dst id="KSCYng">5637.44266666667</dst>
            <dst id="LOSAng">0</dst>
            <dst id="NYCMng">6791.528</dst>
            <dst id="SNVAng">26.6666666666667</dst>
            <dst id="STTLng">261.538666666667</dst>
            <dst id="WASHng">10456.232</dst>
        </src>
        <src id="LOSAng">
            <dst id="ATLA-M5">0</dst>
            <dst id="ATLAng">28366.2293333333</dst>
            <dst id="CHINng">12372.3093333333</dst>
            <dst id="DNVRng">7895.96266666667</dst>
            <dst id="HSTNng">193472.386666667</dst>
            <dst id="IPLSng">1434.368</dst>
            <dst id="KSCYng">155.058666666667</dst>
            <dst id="LOSAng">42440.0613333333</dst>
            <dst id="NYCMng">62996.848</dst>
            <dst id="SNVAng">12014.3146666667</dst>
            <dst id="STTLng">26318.5253333333</dst>
            <dst id="WASHng">88169.3173333333</dst>
        </src>
        <src id="NYCMng">
            <dst id="ATLA-M5">0</dst>
            <dst id="ATLAng">35987.5253333333</dst>
            <dst id="CHINng">84110.688</dst>
            <dst id="DNVRng">32653.8933333333</dst>
            <dst id="HSTNng">130175.541333333</dst>
            <dst id="IPLSng">70979.144</dst>
            <dst id="KSCYng">22601.0213333333</dst>
            <dst id="LOSAng">602.008</dst>
            <dst id="NYCMng">246240.136</dst>
            <dst id="SNVAng">0</dst>
            <dst id="STTLng">10786.4533333333</dst>
            <dst id="WASHng">95998.2613333333</dst>
        </src>
        <src id="SNVAng">
            <dst id="ATLA-M5">0</dst>
            <dst id="ATLAng">813.709333333333</dst>
            <dst id="CHINng">607.312</dst>
            <dst id="DNVRng">7796.38933333333</dst>
            <dst id="HSTNng">4801.856</dst>
            <dst id="IPLSng">0</dst>
            <dst id="KSCYng">552.637333333333</dst>
            <dst id="LOSAng">32328.2373333333</dst>
            <dst id="NYCMng">5270.97866666667</dst>
            <dst id="SNVAng">12953.8453333333</dst>
            <dst id="STTLng">46392.1333333333</dst>
            <dst id="WASHng">605.837333333333</dst>
        </src>
        <src id="STTLng">
            <dst id="ATLA-M5">0</dst>
            <dst id="ATLAng">11725.6106666667</dst>
            <dst id="CHINng">23052.7013333333</dst>
            <dst id="DNVRng">4793.34933333333</dst>
            <dst id="HSTNng">55651.2586666667</dst>
            <dst id="IPLSng">281.997333333333</dst>
            <dst id="KSCYng">2485.40533333333</dst>
            <dst id="LOSAng">34764.56</dst>
            <dst id="NYCMng">18296.2453333333</dst>
            <dst id="SNVAng">7394.28266666667</dst>
            <dst id="STTLng">3215.416</dst>
            <dst id="WASHng">28207.9786666667</dst>
        </src>
        <src id="WASHng">
            <dst id="ATLA-M5">0</dst>
            <dst id="ATLAng">95853.1786666667</dst>
            <dst id="CHINng">102646.6</dst>
            <dst id="DNVRng">6333.90933333333</dst>
            <dst id="HSTNng">286843.413333333</dst>
            <dst id="IPLSng">56453.128</dst>
            <dst id="KSCYng">16566.976</dst>
            <dst id="LOSAng">445.696</dst>
            <dst id="NYCMng">152043.946666667</dst>
            <dst id="SNVAng">254.061333333333</dst>
            <dst id="STTLng">7553.69866666667</dst>
            <dst id="WASHng">406408.08</dst>
        </src>
    </IntraTM>
</TrafficMatrixFile>
