<?xml version="1.0" encoding="ISO-8859-1" standalone="yes"?>
<TrafficMatrixFile xsi:noNamespaceSchemaLocation="http://totem.run.montefiore.ulg.ac.be/Schema/TrafficMatrix-v1_2.xsd" xmlns:xsi="http://www.w3.org/2001/XMLSchema-instance">
    <IntraTM ASID="11537">
        <src id="ATLA-M5">
            <dst id="ATLA-M5">0</dst>
            <dst id="ATLAng">227.253333333333</dst>
            <dst id="CHINng">744.418666666667</dst>
            <dst id="DNVRng">0</dst>
            <dst id="HSTNng">139.952</dst>
            <dst id="IPLSng">3443.64</dst>
            <dst id="KSCYng">0</dst>
            <dst id="LOSAng">0</dst>
            <dst id="NYCMng">3702.224</dst>
            <dst id="SNVAng">0</dst>
            <dst id="STTLng">0</dst>
            <dst id="WASHng">901.813333333333</dst>
        </src>
        <src id="ATLAng">
            <dst id="ATLA-M5">0</dst>
            <dst id="ATLAng">30976.0026666667</dst>
            <dst id="CHINng">46920.7466666667</dst>
            <dst id="DNVRng">0</dst>
            <dst id="HSTNng">3626.336</dst>
            <dst id="IPLSng">46522.5226666667</dst>
            <dst id="KSCYng">26.6666666666667</dst>
            <dst id="LOSAng">0</dst>
            <dst id="NYCMng">54330.0133333333</dst>
            <dst id="SNVAng">26.6666666666667</dst>
            <dst id="STTLng">0</dst>
            <dst id="WASHng">52971.4746666667</dst>
        </src>
        <src id="CHINng">
            <dst id="ATLA-M5">0</dst>
            <dst id="ATLAng">36533.2346666667</dst>
            <dst id="CHINng">37856.176</dst>
            <dst id="DNVRng">0</dst>
            <dst id="HSTNng">24591.7493333333</dst>
            <dst id="IPLSng">70025.3706666667</dst>
            <dst id="KSCYng">106.666666666667</dst>
            <dst id="LOSAng">133.941333333333</dst>
            <dst id="NYCMng">205984.181333333</dst>
            <dst id="SNVAng">0</dst>
            <dst id="STTLng">251.050666666667</dst>
            <dst id="WASHng">41726.912</dst>
        </src>
        <src id="DNVRng">
            <dst id="ATLA-M5">0</dst>
            <dst id="ATLAng">13224.3013333333</dst>
            <dst id="CHINng">43819.2906666667</dst>
            <dst id="DNVRng">10535.344</dst>
            <dst id="HSTNng">36078.456</dst>
            <dst id="IPLSng">30379.984</dst>
            <dst id="KSCYng">14814.7866666667</dst>
            <dst id="LOSAng">0</dst>
            <dst id="NYCMng">33698.4826666667</dst>
            <dst id="SNVAng">11247.1306666667</dst>
            <dst id="STTLng">1427.50133333333</dst>
            <dst id="WASHng">33634.592</dst>
        </src>
        <src id="HSTNng">
            <dst id="ATLA-M5">0</dst>
            <dst id="ATLAng">36084.1733333333</dst>
            <dst id="CHINng">833.994666666667</dst>
            <dst id="DNVRng">0</dst>
            <dst id="HSTNng">130795.56</dst>
            <dst id="IPLSng">161.077333333333</dst>
            <dst id="KSCYng">0</dst>
            <dst id="LOSAng">0</dst>
            <dst id="NYCMng">7433.71733333333</dst>
            <dst id="SNVAng">26.6666666666667</dst>
            <dst id="STTLng">26.6666666666667</dst>
            <dst id="WASHng">123615.810666667</dst>
        </src>
        <src id="IPLSng">
            <dst id="ATLA-M5">0</dst>
            <dst id="ATLAng">38336.176</dst>
            <dst id="CHINng">138932.930666667</dst>
            <dst id="DNVRng">0</dst>
            <dst id="HSTNng">10431.6266666667</dst>
            <dst id="IPLSng">35768.8506666667</dst>
            <dst id="KSCYng">30208.552</dst>
            <dst id="LOSAng">53.3333333333333</dst>
            <dst id="NYCMng">189950.885333333</dst>
            <dst id="SNVAng">106.666666666667</dst>
            <dst id="STTLng">26.6666666666667</dst>
            <dst id="WASHng">29922.952</dst>
        </src>
        <src id="KSCYng">
            <dst id="ATLA-M5">0</dst>
            <dst id="ATLAng">4940.27733333333</dst>
            <dst id="CHINng">21416.1333333333</dst>
            <dst id="DNVRng">7069.28266666667</dst>
            <dst id="HSTNng">27925.432</dst>
            <dst id="IPLSng">21258.9706666667</dst>
            <dst id="KSCYng">7227.65866666667</dst>
            <dst id="LOSAng">26.6666666666667</dst>
            <dst id="NYCMng">61330.608</dst>
            <dst id="SNVAng">26.6666666666667</dst>
            <dst id="STTLng">0</dst>
            <dst id="WASHng">13092.8133333333</dst>
        </src>
        <src id="LOSAng">
            <dst id="ATLA-M5">0</dst>
            <dst id="ATLAng">26597.192</dst>
            <dst id="CHINng">3456.35466666667</dst>
            <dst id="DNVRng">25965.6106666667</dst>
            <dst id="HSTNng">130854.045333333</dst>
            <dst id="IPLSng">391.922666666667</dst>
            <dst id="KSCYng">153.269333333333</dst>
            <dst id="LOSAng">32841.312</dst>
            <dst id="NYCMng">58728.2586666667</dst>
            <dst id="SNVAng">11988.056</dst>
            <dst id="STTLng">25194.36</dst>
            <dst id="WASHng">102114.218666667</dst>
        </src>
        <src id="NYCMng">
            <dst id="ATLA-M5">0</dst>
            <dst id="ATLAng">46340.8666666667</dst>
            <dst id="CHINng">785.690666666667</dst>
            <dst id="DNVRng">0</dst>
            <dst id="HSTNng">23244.5306666667</dst>
            <dst id="IPLSng">53.3333333333333</dst>
            <dst id="KSCYng">142.306666666667</dst>
            <dst id="LOSAng">90.976</dst>
            <dst id="NYCMng">553544.32</dst>
            <dst id="SNVAng">80</dst>
            <dst id="STTLng">59.9573333333334</dst>
            <dst id="WASHng">106688.706666667</dst>
        </src>
        <src id="SNVAng">
            <dst id="ATLA-M5">0</dst>
            <dst id="ATLAng">974.122666666667</dst>
            <dst id="CHINng">153.616</dst>
            <dst id="DNVRng">2280.77066666667</dst>
            <dst id="HSTNng">9965.264</dst>
            <dst id="IPLSng">0</dst>
            <dst id="KSCYng">705.994666666667</dst>
            <dst id="LOSAng">36726.208</dst>
            <dst id="NYCMng">4588.8</dst>
            <dst id="SNVAng">15223.6533333333</dst>
            <dst id="STTLng">51755.1866666667</dst>
            <dst id="WASHng">1740.384</dst>
        </src>
        <src id="STTLng">
            <dst id="ATLA-M5">0</dst>
            <dst id="ATLAng">8792.01333333333</dst>
            <dst id="CHINng">1075.93866666667</dst>
            <dst id="DNVRng">6172.62133333333</dst>
            <dst id="HSTNng">21896.5813333333</dst>
            <dst id="IPLSng">0</dst>
            <dst id="KSCYng">4426.70666666667</dst>
            <dst id="LOSAng">20381.2</dst>
            <dst id="NYCMng">46331.592</dst>
            <dst id="SNVAng">5724.12</dst>
            <dst id="STTLng">10664.1706666667</dst>
            <dst id="WASHng">33314.3626666667</dst>
        </src>
        <src id="WASHng">
            <dst id="ATLA-M5">0</dst>
            <dst id="ATLAng">114459.674666667</dst>
            <dst id="CHINng">1123.768</dst>
            <dst id="DNVRng">0</dst>
            <dst id="HSTNng">72070.5253333333</dst>
            <dst id="IPLSng">144.448</dst>
            <dst id="KSCYng">26.6666666666667</dst>
            <dst id="LOSAng">26.6666666666667</dst>
            <dst id="NYCMng">546354.453333333</dst>
            <dst id="SNVAng">0</dst>
            <dst id="STTLng">103.826666666667</dst>
            <dst id="WASHng">226043.365333333</dst>
        </src>
    </IntraTM>
</TrafficMatrixFile>
