<?xml version="1.0" encoding="ISO-8859-1" standalone="yes"?>
<TrafficMatrixFile xsi:noNamespaceSchemaLocation="http://totem.run.montefiore.ulg.ac.be/Schema/TrafficMatrix-v1_2.xsd" xmlns:xsi="http://www.w3.org/2001/XMLSchema-instance">
    <IntraTM ASID="11537">
        <src id="ATLA-M5">
            <dst id="ATLA-M5">26.6666666666667</dst>
            <dst id="ATLAng">1639.76533333333</dst>
            <dst id="CHINng">940.274666666667</dst>
            <dst id="DNVRng">0</dst>
            <dst id="HSTNng">2905.72533333333</dst>
            <dst id="IPLSng">308.549333333333</dst>
            <dst id="KSCYng">53.3333333333333</dst>
            <dst id="LOSAng">0</dst>
            <dst id="NYCMng">600.552</dst>
            <dst id="SNVAng">0</dst>
            <dst id="STTLng">0</dst>
            <dst id="WASHng">1262.408</dst>
        </src>
        <src id="ATLAng">
            <dst id="ATLA-M5">0</dst>
            <dst id="ATLAng">28365.328</dst>
            <dst id="CHINng">27983.7493333333</dst>
            <dst id="DNVRng">26.6666666666667</dst>
            <dst id="HSTNng">109029.32</dst>
            <dst id="IPLSng">38644.4533333333</dst>
            <dst id="KSCYng">6235.936</dst>
            <dst id="LOSAng">0</dst>
            <dst id="NYCMng">19994.3226666667</dst>
            <dst id="SNVAng">340.578666666667</dst>
            <dst id="STTLng">154.813333333333</dst>
            <dst id="WASHng">72932.7813333333</dst>
        </src>
        <src id="CHINng">
            <dst id="ATLA-M5">0</dst>
            <dst id="ATLAng">32042.2186666667</dst>
            <dst id="CHINng">111644.181333333</dst>
            <dst id="DNVRng">30286.5253333333</dst>
            <dst id="HSTNng">122654.856</dst>
            <dst id="IPLSng">77369.704</dst>
            <dst id="KSCYng">20601.352</dst>
            <dst id="LOSAng">263.645333333333</dst>
            <dst id="NYCMng">46071.024</dst>
            <dst id="SNVAng">26.6666666666667</dst>
            <dst id="STTLng">1202.064</dst>
            <dst id="WASHng">46256.3386666667</dst>
        </src>
        <src id="DNVRng">
            <dst id="ATLA-M5">0</dst>
            <dst id="ATLAng">10507.6026666667</dst>
            <dst id="CHINng">57201.976</dst>
            <dst id="DNVRng">13577.8506666667</dst>
            <dst id="HSTNng">51121.6053333333</dst>
            <dst id="IPLSng">29839.872</dst>
            <dst id="KSCYng">20834.8026666667</dst>
            <dst id="LOSAng">0</dst>
            <dst id="NYCMng">23959.1573333333</dst>
            <dst id="SNVAng">16292.5973333333</dst>
            <dst id="STTLng">1295.744</dst>
            <dst id="WASHng">51815.4453333333</dst>
        </src>
        <src id="HSTNng">
            <dst id="ATLA-M5">0</dst>
            <dst id="ATLAng">33737.208</dst>
            <dst id="CHINng">2006.73866666667</dst>
            <dst id="DNVRng">26.6666666666667</dst>
            <dst id="HSTNng">182883.178666667</dst>
            <dst id="IPLSng">26.6666666666667</dst>
            <dst id="KSCYng">26.6666666666667</dst>
            <dst id="LOSAng">26.6666666666667</dst>
            <dst id="NYCMng">88882.552</dst>
            <dst id="SNVAng">26.6666666666667</dst>
            <dst id="STTLng">231.746666666667</dst>
            <dst id="WASHng">115427.858666667</dst>
        </src>
        <src id="IPLSng">
            <dst id="ATLA-M5">0</dst>
            <dst id="ATLAng">24616.952</dst>
            <dst id="CHINng">144563.664</dst>
            <dst id="DNVRng">10734.7946666667</dst>
            <dst id="HSTNng">66414.1146666667</dst>
            <dst id="IPLSng">48256.5226666667</dst>
            <dst id="KSCYng">21376.936</dst>
            <dst id="LOSAng">81.3333333333333</dst>
            <dst id="NYCMng">70222.0133333334</dst>
            <dst id="SNVAng">108.749333333333</dst>
            <dst id="STTLng">926.482666666667</dst>
            <dst id="WASHng">33300.8346666667</dst>
        </src>
        <src id="KSCYng">
            <dst id="ATLA-M5">0</dst>
            <dst id="ATLAng">8239.496</dst>
            <dst id="CHINng">26769.232</dst>
            <dst id="DNVRng">8691.43466666667</dst>
            <dst id="HSTNng">21734.9013333333</dst>
            <dst id="IPLSng">20448.3493333333</dst>
            <dst id="KSCYng">8215.752</dst>
            <dst id="LOSAng">0</dst>
            <dst id="NYCMng">12273.016</dst>
            <dst id="SNVAng">0</dst>
            <dst id="STTLng">202.688</dst>
            <dst id="WASHng">15964.2106666667</dst>
        </src>
        <src id="LOSAng">
            <dst id="ATLA-M5">0</dst>
            <dst id="ATLAng">26651.4586666667</dst>
            <dst id="CHINng">5010.232</dst>
            <dst id="DNVRng">19313.6693333333</dst>
            <dst id="HSTNng">187856.074666667</dst>
            <dst id="IPLSng">162.184</dst>
            <dst id="KSCYng">206.264</dst>
            <dst id="LOSAng">18616.1093333333</dst>
            <dst id="NYCMng">81514.312</dst>
            <dst id="SNVAng">16496.4533333333</dst>
            <dst id="STTLng">41165.464</dst>
            <dst id="WASHng">98848.392</dst>
        </src>
        <src id="NYCMng">
            <dst id="ATLA-M5">0</dst>
            <dst id="ATLAng">51400.696</dst>
            <dst id="CHINng">96603.0986666667</dst>
            <dst id="DNVRng">32037.56</dst>
            <dst id="HSTNng">161766.677333333</dst>
            <dst id="IPLSng">80966.592</dst>
            <dst id="KSCYng">22913.264</dst>
            <dst id="LOSAng">152.842666666667</dst>
            <dst id="NYCMng">253472.874666667</dst>
            <dst id="SNVAng">54.5066666666667</dst>
            <dst id="STTLng">3563.48</dst>
            <dst id="WASHng">155072.949333333</dst>
        </src>
        <src id="SNVAng">
            <dst id="ATLA-M5">0</dst>
            <dst id="ATLAng">1113.11466666667</dst>
            <dst id="CHINng">344.637333333333</dst>
            <dst id="DNVRng">14005.304</dst>
            <dst id="HSTNng">6657.35466666667</dst>
            <dst id="IPLSng">0</dst>
            <dst id="KSCYng">372.704</dst>
            <dst id="LOSAng">38457.4586666667</dst>
            <dst id="NYCMng">6677.592</dst>
            <dst id="SNVAng">18397.4053333333</dst>
            <dst id="STTLng">54046.2986666667</dst>
            <dst id="WASHng">1408.384</dst>
        </src>
        <src id="STTLng">
            <dst id="ATLA-M5">0</dst>
            <dst id="ATLAng">11195.648</dst>
            <dst id="CHINng">21958.6693333333</dst>
            <dst id="DNVRng">8322.704</dst>
            <dst id="HSTNng">44695.7146666667</dst>
            <dst id="IPLSng">382.426666666667</dst>
            <dst id="KSCYng">3462.01066666667</dst>
            <dst id="LOSAng">31579.6133333333</dst>
            <dst id="NYCMng">16362.5066666667</dst>
            <dst id="SNVAng">6923.77066666667</dst>
            <dst id="STTLng">7877.328</dst>
            <dst id="WASHng">32521.6373333333</dst>
        </src>
        <src id="WASHng">
            <dst id="ATLA-M5">0</dst>
            <dst id="ATLAng">103682.202666667</dst>
            <dst id="CHINng">116386.466666667</dst>
            <dst id="DNVRng">2618.01866666667</dst>
            <dst id="HSTNng">332242.24</dst>
            <dst id="IPLSng">72449.0666666667</dst>
            <dst id="KSCYng">24489.8266666667</dst>
            <dst id="LOSAng">440.976</dst>
            <dst id="NYCMng">239386.901333333</dst>
            <dst id="SNVAng">509.197333333333</dst>
            <dst id="STTLng">3554.21333333333</dst>
            <dst id="WASHng">340833.546666667</dst>
        </src>
    </IntraTM>
</TrafficMatrixFile>
