<?xml version="1.0" encoding="ISO-8859-1" standalone="yes"?>
<TrafficMatrixFile xsi:noNamespaceSchemaLocation="http://totem.run.montefiore.ulg.ac.be/Schema/TrafficMatrix-v1_2.xsd" xmlns:xsi="http://www.w3.org/2001/XMLSchema-instance">
    <IntraTM ASID="11537">
        <src id="ATLA-M5">
            <dst id="ATLA-M5">26.6666666666667</dst>
            <dst id="ATLAng">326.336</dst>
            <dst id="CHINng">663.32</dst>
            <dst id="DNVRng">0</dst>
            <dst id="HSTNng">53.3333333333333</dst>
            <dst id="IPLSng">3345.89333333333</dst>
            <dst id="KSCYng">0</dst>
            <dst id="LOSAng">0</dst>
            <dst id="NYCMng">3334.184</dst>
            <dst id="SNVAng">26.6666666666667</dst>
            <dst id="STTLng">0</dst>
            <dst id="WASHng">852.312</dst>
        </src>
        <src id="ATLAng">
            <dst id="ATLA-M5">0</dst>
            <dst id="ATLAng">49943.4373333333</dst>
            <dst id="CHINng">55376.7653333334</dst>
            <dst id="DNVRng">0</dst>
            <dst id="HSTNng">11698.6426666667</dst>
            <dst id="IPLSng">38157.736</dst>
            <dst id="KSCYng">264.917333333333</dst>
            <dst id="LOSAng">26.6666666666667</dst>
            <dst id="NYCMng">60400.136</dst>
            <dst id="SNVAng">0</dst>
            <dst id="STTLng">0</dst>
            <dst id="WASHng">45297.632</dst>
        </src>
        <src id="CHINng">
            <dst id="ATLA-M5">0</dst>
            <dst id="ATLAng">29589.6426666667</dst>
            <dst id="CHINng">41708.0186666667</dst>
            <dst id="DNVRng">0</dst>
            <dst id="HSTNng">24917.0346666667</dst>
            <dst id="IPLSng">64262.0586666667</dst>
            <dst id="KSCYng">143.8</dst>
            <dst id="LOSAng">35.424</dst>
            <dst id="NYCMng">208627.621333333</dst>
            <dst id="SNVAng">0</dst>
            <dst id="STTLng">26.6666666666667</dst>
            <dst id="WASHng">48105.664</dst>
        </src>
        <src id="DNVRng">
            <dst id="ATLA-M5">0</dst>
            <dst id="ATLAng">10950.6</dst>
            <dst id="CHINng">51281.264</dst>
            <dst id="DNVRng">15653.2693333333</dst>
            <dst id="HSTNng">54575.792</dst>
            <dst id="IPLSng">29081.9146666667</dst>
            <dst id="KSCYng">20189.4853333333</dst>
            <dst id="LOSAng">38.92</dst>
            <dst id="NYCMng">33756.9813333333</dst>
            <dst id="SNVAng">19214.5973333333</dst>
            <dst id="STTLng">1340.42933333333</dst>
            <dst id="WASHng">43116.68</dst>
        </src>
        <src id="HSTNng">
            <dst id="ATLA-M5">0</dst>
            <dst id="ATLAng">41484.0506666667</dst>
            <dst id="CHINng">1626.49866666667</dst>
            <dst id="DNVRng">26.6666666666667</dst>
            <dst id="HSTNng">148005.085333333</dst>
            <dst id="IPLSng">156.010666666667</dst>
            <dst id="KSCYng">0</dst>
            <dst id="LOSAng">0</dst>
            <dst id="NYCMng">5482.384</dst>
            <dst id="SNVAng">26.6666666666667</dst>
            <dst id="STTLng">0</dst>
            <dst id="WASHng">124567.72</dst>
        </src>
        <src id="IPLSng">
            <dst id="ATLA-M5">0</dst>
            <dst id="ATLAng">15981.5893333333</dst>
            <dst id="CHINng">131798.570666667</dst>
            <dst id="DNVRng">0</dst>
            <dst id="HSTNng">10861.8453333333</dst>
            <dst id="IPLSng">20407.512</dst>
            <dst id="KSCYng">23457.4053333333</dst>
            <dst id="LOSAng">31.5093333333333</dst>
            <dst id="NYCMng">185631.541333333</dst>
            <dst id="SNVAng">347.2</dst>
            <dst id="STTLng">53.7173333333333</dst>
            <dst id="WASHng">47844.4346666667</dst>
        </src>
        <src id="KSCYng">
            <dst id="ATLA-M5">0</dst>
            <dst id="ATLAng">4612.216</dst>
            <dst id="CHINng">16865.0453333333</dst>
            <dst id="DNVRng">18005.2666666667</dst>
            <dst id="HSTNng">14854.3573333333</dst>
            <dst id="IPLSng">13501.3706666667</dst>
            <dst id="KSCYng">12343.648</dst>
            <dst id="LOSAng">0</dst>
            <dst id="NYCMng">17129.272</dst>
            <dst id="SNVAng">26.6666666666667</dst>
            <dst id="STTLng">0</dst>
            <dst id="WASHng">14792.0453333333</dst>
        </src>
        <src id="LOSAng">
            <dst id="ATLA-M5">0</dst>
            <dst id="ATLAng">36229.6746666667</dst>
            <dst id="CHINng">2312.35733333333</dst>
            <dst id="DNVRng">28733.3173333333</dst>
            <dst id="HSTNng">115942.024</dst>
            <dst id="IPLSng">2135.88266666667</dst>
            <dst id="KSCYng">255.768</dst>
            <dst id="LOSAng">18524.0933333333</dst>
            <dst id="NYCMng">69895.5146666667</dst>
            <dst id="SNVAng">21661.008</dst>
            <dst id="STTLng">38989.8213333333</dst>
            <dst id="WASHng">103002.04</dst>
        </src>
        <src id="NYCMng">
            <dst id="ATLA-M5">0</dst>
            <dst id="ATLAng">32045.4026666667</dst>
            <dst id="CHINng">1590.94933333333</dst>
            <dst id="DNVRng">0</dst>
            <dst id="HSTNng">35842.9413333333</dst>
            <dst id="IPLSng">220.624</dst>
            <dst id="KSCYng">173.901333333333</dst>
            <dst id="LOSAng">81.264</dst>
            <dst id="NYCMng">929596.266666667</dst>
            <dst id="SNVAng">0</dst>
            <dst id="STTLng">80</dst>
            <dst id="WASHng">298770.453333333</dst>
        </src>
        <src id="SNVAng">
            <dst id="ATLA-M5">0</dst>
            <dst id="ATLAng">1005.17066666667</dst>
            <dst id="CHINng">26.6666666666667</dst>
            <dst id="DNVRng">3595.56533333333</dst>
            <dst id="HSTNng">12183.408</dst>
            <dst id="IPLSng">26.6666666666667</dst>
            <dst id="KSCYng">440.104</dst>
            <dst id="LOSAng">37176.024</dst>
            <dst id="NYCMng">6951.64</dst>
            <dst id="SNVAng">14149.9546666667</dst>
            <dst id="STTLng">48385.7333333333</dst>
            <dst id="WASHng">422.845333333333</dst>
        </src>
        <src id="STTLng">
            <dst id="ATLA-M5">0</dst>
            <dst id="ATLAng">10006.9333333333</dst>
            <dst id="CHINng">522.229333333333</dst>
            <dst id="DNVRng">10727.5093333333</dst>
            <dst id="HSTNng">31038.7973333333</dst>
            <dst id="IPLSng">748.229333333333</dst>
            <dst id="KSCYng">5936.57066666667</dst>
            <dst id="LOSAng">34209.9093333333</dst>
            <dst id="NYCMng">46287.4453333333</dst>
            <dst id="SNVAng">7730.49333333333</dst>
            <dst id="STTLng">11843.8</dst>
            <dst id="WASHng">29963.192</dst>
        </src>
        <src id="WASHng">
            <dst id="ATLA-M5">0</dst>
            <dst id="ATLAng">113239.202666667</dst>
            <dst id="CHINng">1037.00533333333</dst>
            <dst id="DNVRng">0</dst>
            <dst id="HSTNng">79061.784</dst>
            <dst id="IPLSng">241.813333333333</dst>
            <dst id="KSCYng">138.698666666667</dst>
            <dst id="LOSAng">100.053333333333</dst>
            <dst id="NYCMng">611511.84</dst>
            <dst id="SNVAng">80</dst>
            <dst id="STTLng">222.549333333333</dst>
            <dst id="WASHng">329266.986666667</dst>
        </src>
    </IntraTM>
</TrafficMatrixFile>
