<?xml version="1.0" encoding="ISO-8859-1" standalone="yes"?>
<TrafficMatrixFile xsi:noNamespaceSchemaLocation="http://totem.run.montefiore.ulg.ac.be/Schema/TrafficMatrix-v1_2.xsd" xmlns:xsi="http://www.w3.org/2001/XMLSchema-instance">
    <IntraTM ASID="11537">
        <src id="ATLA-M5">
            <dst id="ATLA-M5">0</dst>
            <dst id="ATLAng">186.474666666667</dst>
            <dst id="CHINng">393.349333333333</dst>
            <dst id="DNVRng">0</dst>
            <dst id="HSTNng">1310.57066666667</dst>
            <dst id="IPLSng">1346.41866666667</dst>
            <dst id="KSCYng">0</dst>
            <dst id="LOSAng">0</dst>
            <dst id="NYCMng">2156.92</dst>
            <dst id="SNVAng">0</dst>
            <dst id="STTLng">0</dst>
            <dst id="WASHng">673.376</dst>
        </src>
        <src id="ATLAng">
            <dst id="ATLA-M5">0</dst>
            <dst id="ATLAng">30349.9173333333</dst>
            <dst id="CHINng">43225.0773333333</dst>
            <dst id="DNVRng">0</dst>
            <dst id="HSTNng">6388.6</dst>
            <dst id="IPLSng">33372.296</dst>
            <dst id="KSCYng">0</dst>
            <dst id="LOSAng">0</dst>
            <dst id="NYCMng">68984.96</dst>
            <dst id="SNVAng">28.536</dst>
            <dst id="STTLng">144</dst>
            <dst id="WASHng">48615.8133333333</dst>
        </src>
        <src id="CHINng">
            <dst id="ATLA-M5">0</dst>
            <dst id="ATLAng">33552.2506666667</dst>
            <dst id="CHINng">37006.1466666667</dst>
            <dst id="DNVRng">0</dst>
            <dst id="HSTNng">29705.584</dst>
            <dst id="IPLSng">74305.7333333333</dst>
            <dst id="KSCYng">270.688</dst>
            <dst id="LOSAng">278.186666666667</dst>
            <dst id="NYCMng">197780.333333333</dst>
            <dst id="SNVAng">26.6666666666667</dst>
            <dst id="STTLng">26.6666666666667</dst>
            <dst id="WASHng">38311.5333333333</dst>
        </src>
        <src id="DNVRng">
            <dst id="ATLA-M5">0</dst>
            <dst id="ATLAng">6216.58666666667</dst>
            <dst id="CHINng">41016.168</dst>
            <dst id="DNVRng">14194.4506666667</dst>
            <dst id="HSTNng">37273.5813333333</dst>
            <dst id="IPLSng">31076.3626666667</dst>
            <dst id="KSCYng">19281.048</dst>
            <dst id="LOSAng">53.3333333333333</dst>
            <dst id="NYCMng">36060.7546666667</dst>
            <dst id="SNVAng">13933.824</dst>
            <dst id="STTLng">1294.28</dst>
            <dst id="WASHng">42246.2773333333</dst>
        </src>
        <src id="HSTNng">
            <dst id="ATLA-M5">0</dst>
            <dst id="ATLAng">34394.8453333333</dst>
            <dst id="CHINng">662.2</dst>
            <dst id="DNVRng">0</dst>
            <dst id="HSTNng">309114.906666667</dst>
            <dst id="IPLSng">84.648</dst>
            <dst id="KSCYng">0</dst>
            <dst id="LOSAng">33.9706666666667</dst>
            <dst id="NYCMng">6035.30133333333</dst>
            <dst id="SNVAng">53.3333333333333</dst>
            <dst id="STTLng">0</dst>
            <dst id="WASHng">121720.994666667</dst>
        </src>
        <src id="IPLSng">
            <dst id="ATLA-M5">0</dst>
            <dst id="ATLAng">22914.84</dst>
            <dst id="CHINng">131859.381333333</dst>
            <dst id="DNVRng">0</dst>
            <dst id="HSTNng">10245.3466666667</dst>
            <dst id="IPLSng">34157.1946666667</dst>
            <dst id="KSCYng">28962.9866666667</dst>
            <dst id="LOSAng">26.6666666666667</dst>
            <dst id="NYCMng">157077.261333333</dst>
            <dst id="SNVAng">106.666666666667</dst>
            <dst id="STTLng">26.6666666666667</dst>
            <dst id="WASHng">28096.688</dst>
        </src>
        <src id="KSCYng">
            <dst id="ATLA-M5">0</dst>
            <dst id="ATLAng">3821.37866666667</dst>
            <dst id="CHINng">23945.352</dst>
            <dst id="DNVRng">7713.088</dst>
            <dst id="HSTNng">28975.9066666667</dst>
            <dst id="IPLSng">17413.368</dst>
            <dst id="KSCYng">6936.43733333333</dst>
            <dst id="LOSAng">0</dst>
            <dst id="NYCMng">57357.2373333334</dst>
            <dst id="SNVAng">0</dst>
            <dst id="STTLng">0</dst>
            <dst id="WASHng">12726.6613333333</dst>
        </src>
        <src id="LOSAng">
            <dst id="ATLA-M5">0</dst>
            <dst id="ATLAng">28213.28</dst>
            <dst id="CHINng">2775.64</dst>
            <dst id="DNVRng">25509.1146666667</dst>
            <dst id="HSTNng">205057.490666667</dst>
            <dst id="IPLSng">198.584</dst>
            <dst id="KSCYng">378.173333333333</dst>
            <dst id="LOSAng">23693.912</dst>
            <dst id="NYCMng">67262.5226666667</dst>
            <dst id="SNVAng">10221.032</dst>
            <dst id="STTLng">23718.2026666667</dst>
            <dst id="WASHng">99086.1093333333</dst>
        </src>
        <src id="NYCMng">
            <dst id="ATLA-M5">0</dst>
            <dst id="ATLAng">50947.8</dst>
            <dst id="CHINng">614.997333333333</dst>
            <dst id="DNVRng">0</dst>
            <dst id="HSTNng">22900.0426666667</dst>
            <dst id="IPLSng">148.808</dst>
            <dst id="KSCYng">159.008</dst>
            <dst id="LOSAng">337.909333333333</dst>
            <dst id="NYCMng">538560.453333333</dst>
            <dst id="SNVAng">26.6666666666667</dst>
            <dst id="STTLng">148.832</dst>
            <dst id="WASHng">116539.28</dst>
        </src>
        <src id="SNVAng">
            <dst id="ATLA-M5">0</dst>
            <dst id="ATLAng">964.066666666667</dst>
            <dst id="CHINng">126.653333333333</dst>
            <dst id="DNVRng">2844.37066666667</dst>
            <dst id="HSTNng">9474.56266666667</dst>
            <dst id="IPLSng">0</dst>
            <dst id="KSCYng">560.666666666667</dst>
            <dst id="LOSAng">37053.6293333333</dst>
            <dst id="NYCMng">6802.136</dst>
            <dst id="SNVAng">14278.5306666667</dst>
            <dst id="STTLng">50840.0533333333</dst>
            <dst id="WASHng">1752.832</dst>
        </src>
        <src id="STTLng">
            <dst id="ATLA-M5">0</dst>
            <dst id="ATLAng">8723.35733333334</dst>
            <dst id="CHINng">879.824</dst>
            <dst id="DNVRng">5195.94133333333</dst>
            <dst id="HSTNng">19087.1146666667</dst>
            <dst id="IPLSng">55.6506666666667</dst>
            <dst id="KSCYng">4296.17333333333</dst>
            <dst id="LOSAng">19817.2106666667</dst>
            <dst id="NYCMng">46567.272</dst>
            <dst id="SNVAng">5302.112</dst>
            <dst id="STTLng">10066.44</dst>
            <dst id="WASHng">33359.8533333333</dst>
        </src>
        <src id="WASHng">
            <dst id="ATLA-M5">0</dst>
            <dst id="ATLAng">78681.688</dst>
            <dst id="CHINng">829.725333333333</dst>
            <dst id="DNVRng">0</dst>
            <dst id="HSTNng">65751.7333333333</dst>
            <dst id="IPLSng">5703.49866666667</dst>
            <dst id="KSCYng">145.285333333333</dst>
            <dst id="LOSAng">26.6666666666667</dst>
            <dst id="NYCMng">531381.146666667</dst>
            <dst id="SNVAng">53.3333333333333</dst>
            <dst id="STTLng">205.162666666667</dst>
            <dst id="WASHng">227037.333333333</dst>
        </src>
    </IntraTM>
</TrafficMatrixFile>
