<?xml version="1.0" encoding="ISO-8859-1" standalone="yes"?>
<TrafficMatrixFile xsi:noNamespaceSchemaLocation="http://totem.run.montefiore.ulg.ac.be/Schema/TrafficMatrix-v1_2.xsd" xmlns:xsi="http://www.w3.org/2001/XMLSchema-instance">
    <IntraTM ASID="11537">
        <src id="ATLA-M5">
            <dst id="ATLA-M5">223.541333333333</dst>
            <dst id="ATLAng">853.536</dst>
            <dst id="CHINng">1741</dst>
            <dst id="DNVRng">0</dst>
            <dst id="HSTNng">1270.408</dst>
            <dst id="IPLSng">3733.19466666667</dst>
            <dst id="KSCYng">419.821333333333</dst>
            <dst id="LOSAng">0</dst>
            <dst id="NYCMng">502.64</dst>
            <dst id="SNVAng">53.3333333333333</dst>
            <dst id="STTLng">0</dst>
            <dst id="WASHng">2839.78933333333</dst>
        </src>
        <src id="ATLAng">
            <dst id="ATLA-M5">0</dst>
            <dst id="ATLAng">26211.5146666667</dst>
            <dst id="CHINng">36588.5333333333</dst>
            <dst id="DNVRng">106.146666666667</dst>
            <dst id="HSTNng">71056.3733333333</dst>
            <dst id="IPLSng">47967.7093333333</dst>
            <dst id="KSCYng">5862.032</dst>
            <dst id="LOSAng">63.2266666666667</dst>
            <dst id="NYCMng">23695.688</dst>
            <dst id="SNVAng">192.928</dst>
            <dst id="STTLng">746.229333333333</dst>
            <dst id="WASHng">73300.4613333333</dst>
        </src>
        <src id="CHINng">
            <dst id="ATLA-M5">0</dst>
            <dst id="ATLAng">39525.496</dst>
            <dst id="CHINng">124435.144</dst>
            <dst id="DNVRng">24846.1493333333</dst>
            <dst id="HSTNng">132026.861333333</dst>
            <dst id="IPLSng">78263.12</dst>
            <dst id="KSCYng">19661.1333333333</dst>
            <dst id="LOSAng">245.421333333333</dst>
            <dst id="NYCMng">48905.8213333333</dst>
            <dst id="SNVAng">144.714666666667</dst>
            <dst id="STTLng">916.434666666667</dst>
            <dst id="WASHng">57555.8453333333</dst>
        </src>
        <src id="DNVRng">
            <dst id="ATLA-M5">0</dst>
            <dst id="ATLAng">15108.2586666667</dst>
            <dst id="CHINng">67736.824</dst>
            <dst id="DNVRng">16724.4453333333</dst>
            <dst id="HSTNng">86092.168</dst>
            <dst id="IPLSng">32036.312</dst>
            <dst id="KSCYng">20801.6213333333</dst>
            <dst id="LOSAng">0</dst>
            <dst id="NYCMng">24497.0293333333</dst>
            <dst id="SNVAng">19747.592</dst>
            <dst id="STTLng">377.202666666667</dst>
            <dst id="WASHng">53383.952</dst>
        </src>
        <src id="HSTNng">
            <dst id="ATLA-M5">0</dst>
            <dst id="ATLAng">41204.8666666667</dst>
            <dst id="CHINng">3493.88</dst>
            <dst id="DNVRng">53.3333333333333</dst>
            <dst id="HSTNng">214539.530666667</dst>
            <dst id="IPLSng">226.901333333333</dst>
            <dst id="KSCYng">26.6666666666667</dst>
            <dst id="LOSAng">0</dst>
            <dst id="NYCMng">11129.7653333333</dst>
            <dst id="SNVAng">40.608</dst>
            <dst id="STTLng">181.824</dst>
            <dst id="WASHng">141885.928</dst>
        </src>
        <src id="IPLSng">
            <dst id="ATLA-M5">0</dst>
            <dst id="ATLAng">50330.4133333333</dst>
            <dst id="CHINng">114866.301333333</dst>
            <dst id="DNVRng">26977.6613333333</dst>
            <dst id="HSTNng">146966.912</dst>
            <dst id="IPLSng">55746.3306666667</dst>
            <dst id="KSCYng">32779.9146666667</dst>
            <dst id="LOSAng">59.6266666666667</dst>
            <dst id="NYCMng">59500.3866666667</dst>
            <dst id="SNVAng">5413.448</dst>
            <dst id="STTLng">200.504</dst>
            <dst id="WASHng">59462.944</dst>
        </src>
        <src id="KSCYng">
            <dst id="ATLA-M5">0</dst>
            <dst id="ATLAng">8290.62666666667</dst>
            <dst id="CHINng">35859.776</dst>
            <dst id="DNVRng">23401.9493333333</dst>
            <dst id="HSTNng">20142.1333333333</dst>
            <dst id="IPLSng">29890.4613333333</dst>
            <dst id="KSCYng">8150.52</dst>
            <dst id="LOSAng">0</dst>
            <dst id="NYCMng">13725.2266666667</dst>
            <dst id="SNVAng">141.154666666667</dst>
            <dst id="STTLng">85.152</dst>
            <dst id="WASHng">14126.6293333333</dst>
        </src>
        <src id="LOSAng">
            <dst id="ATLA-M5">0</dst>
            <dst id="ATLAng">30650.5226666667</dst>
            <dst id="CHINng">11151.8666666667</dst>
            <dst id="DNVRng">31307.2746666667</dst>
            <dst id="HSTNng">171947.202666667</dst>
            <dst id="IPLSng">1031.784</dst>
            <dst id="KSCYng">2343.99466666667</dst>
            <dst id="LOSAng">22724.584</dst>
            <dst id="NYCMng">76879.8026666667</dst>
            <dst id="SNVAng">18496.6693333333</dst>
            <dst id="STTLng">21599.4373333333</dst>
            <dst id="WASHng">117400.421333333</dst>
        </src>
        <src id="NYCMng">
            <dst id="ATLA-M5">0</dst>
            <dst id="ATLAng">55178.776</dst>
            <dst id="CHINng">99283.4186666667</dst>
            <dst id="DNVRng">58493.0933333333</dst>
            <dst id="HSTNng">150045.418666667</dst>
            <dst id="IPLSng">110012.885333333</dst>
            <dst id="KSCYng">34305.384</dst>
            <dst id="LOSAng">143.637333333333</dst>
            <dst id="NYCMng">287368.506666667</dst>
            <dst id="SNVAng">211.389333333333</dst>
            <dst id="STTLng">1245.64533333333</dst>
            <dst id="WASHng">227716.701333333</dst>
        </src>
        <src id="SNVAng">
            <dst id="ATLA-M5">0</dst>
            <dst id="ATLAng">1301.29333333333</dst>
            <dst id="CHINng">1119.61866666667</dst>
            <dst id="DNVRng">6106.808</dst>
            <dst id="HSTNng">11567.8746666667</dst>
            <dst id="IPLSng">0</dst>
            <dst id="KSCYng">1632.49066666667</dst>
            <dst id="LOSAng">40290.536</dst>
            <dst id="NYCMng">8731.23733333333</dst>
            <dst id="SNVAng">19957.488</dst>
            <dst id="STTLng">61384.4106666667</dst>
            <dst id="WASHng">1652.62666666667</dst>
        </src>
        <src id="STTLng">
            <dst id="ATLA-M5">0</dst>
            <dst id="ATLAng">13740.0213333333</dst>
            <dst id="CHINng">24002.664</dst>
            <dst id="DNVRng">11606.8133333333</dst>
            <dst id="HSTNng">60484.176</dst>
            <dst id="IPLSng">441.648</dst>
            <dst id="KSCYng">11211.064</dst>
            <dst id="LOSAng">28837.5093333333</dst>
            <dst id="NYCMng">20892.3493333333</dst>
            <dst id="SNVAng">11262.9893333333</dst>
            <dst id="STTLng">4278.64</dst>
            <dst id="WASHng">40764.7573333333</dst>
        </src>
        <src id="WASHng">
            <dst id="ATLA-M5">0</dst>
            <dst id="ATLAng">109198.621333333</dst>
            <dst id="CHINng">103777.248</dst>
            <dst id="DNVRng">3325.41066666667</dst>
            <dst id="HSTNng">400854.346666667</dst>
            <dst id="IPLSng">101369.490666667</dst>
            <dst id="KSCYng">32059.6293333333</dst>
            <dst id="LOSAng">94.1066666666667</dst>
            <dst id="NYCMng">231143.885333333</dst>
            <dst id="SNVAng">436.368</dst>
            <dst id="STTLng">3554.69866666667</dst>
            <dst id="WASHng">300035.84</dst>
        </src>
    </IntraTM>
</TrafficMatrixFile>
