<?xml version="1.0" encoding="ISO-8859-1" standalone="yes"?>
<TrafficMatrixFile xsi:noNamespaceSchemaLocation="http://totem.run.montefiore.ulg.ac.be/Schema/TrafficMatrix-v1_2.xsd" xmlns:xsi="http://www.w3.org/2001/XMLSchema-instance">
    <IntraTM ASID="11537">
        <src id="ATLA-M5">
            <dst id="ATLA-M5">436.909333333333</dst>
            <dst id="ATLAng">778.6</dst>
            <dst id="CHINng">619.045333333333</dst>
            <dst id="DNVRng">26.6666666666667</dst>
            <dst id="HSTNng">1265.736</dst>
            <dst id="IPLSng">274.472</dst>
            <dst id="KSCYng">637.613333333333</dst>
            <dst id="LOSAng">0</dst>
            <dst id="NYCMng">818.021333333333</dst>
            <dst id="SNVAng">0</dst>
            <dst id="STTLng">0</dst>
            <dst id="WASHng">1176.928</dst>
        </src>
        <src id="ATLAng">
            <dst id="ATLA-M5">0</dst>
            <dst id="ATLAng">45875.8346666667</dst>
            <dst id="CHINng">41678.9173333333</dst>
            <dst id="DNVRng">53.4293333333333</dst>
            <dst id="HSTNng">63385.9653333333</dst>
            <dst id="IPLSng">47635.9466666667</dst>
            <dst id="KSCYng">5842.50666666667</dst>
            <dst id="LOSAng">0</dst>
            <dst id="NYCMng">17693.2186666667</dst>
            <dst id="SNVAng">106.666666666667</dst>
            <dst id="STTLng">346.912</dst>
            <dst id="WASHng">57289.328</dst>
        </src>
        <src id="CHINng">
            <dst id="ATLA-M5">0</dst>
            <dst id="ATLAng">47029.48</dst>
            <dst id="CHINng">109807.112</dst>
            <dst id="DNVRng">30814.4693333333</dst>
            <dst id="HSTNng">118187.781333333</dst>
            <dst id="IPLSng">74625.76</dst>
            <dst id="KSCYng">20531.2186666667</dst>
            <dst id="LOSAng">160</dst>
            <dst id="NYCMng">44041.5173333333</dst>
            <dst id="SNVAng">252.362666666667</dst>
            <dst id="STTLng">2488.84266666667</dst>
            <dst id="WASHng">47183.5226666667</dst>
        </src>
        <src id="DNVRng">
            <dst id="ATLA-M5">0</dst>
            <dst id="ATLAng">19698.3013333333</dst>
            <dst id="CHINng">87337.1173333333</dst>
            <dst id="DNVRng">24458.4826666667</dst>
            <dst id="HSTNng">59396.5413333333</dst>
            <dst id="IPLSng">52507.3893333333</dst>
            <dst id="KSCYng">25765.4213333333</dst>
            <dst id="LOSAng">128.981333333333</dst>
            <dst id="NYCMng">24991.1093333333</dst>
            <dst id="SNVAng">20173.6613333333</dst>
            <dst id="STTLng">399.005333333333</dst>
            <dst id="WASHng">60194.36</dst>
        </src>
        <src id="HSTNng">
            <dst id="ATLA-M5">0</dst>
            <dst id="ATLAng">36202.5866666667</dst>
            <dst id="CHINng">3615.09866666667</dst>
            <dst id="DNVRng">148.258666666667</dst>
            <dst id="HSTNng">264514.725333333</dst>
            <dst id="IPLSng">53.3333333333333</dst>
            <dst id="KSCYng">57.624</dst>
            <dst id="LOSAng">84.904</dst>
            <dst id="NYCMng">10947.4533333333</dst>
            <dst id="SNVAng">36.8213333333333</dst>
            <dst id="STTLng">201.76</dst>
            <dst id="WASHng">117378.92</dst>
        </src>
        <src id="IPLSng">
            <dst id="ATLA-M5">0</dst>
            <dst id="ATLAng">52375.2906666667</dst>
            <dst id="CHINng">116294.712</dst>
            <dst id="DNVRng">22540.9493333333</dst>
            <dst id="HSTNng">68900.9093333333</dst>
            <dst id="IPLSng">30321.3546666667</dst>
            <dst id="KSCYng">33022.664</dst>
            <dst id="LOSAng">84.848</dst>
            <dst id="NYCMng">70540.3546666667</dst>
            <dst id="SNVAng">5374.31733333333</dst>
            <dst id="STTLng">106.666666666667</dst>
            <dst id="WASHng">55706.024</dst>
        </src>
        <src id="KSCYng">
            <dst id="ATLA-M5">0</dst>
            <dst id="ATLAng">7004.52</dst>
            <dst id="CHINng">34402.12</dst>
            <dst id="DNVRng">23265.3093333333</dst>
            <dst id="HSTNng">17945.8053333333</dst>
            <dst id="IPLSng">32486.2613333333</dst>
            <dst id="KSCYng">11053.7466666667</dst>
            <dst id="LOSAng">26.6666666666667</dst>
            <dst id="NYCMng">17432.5066666667</dst>
            <dst id="SNVAng">61.2986666666667</dst>
            <dst id="STTLng">69.8266666666667</dst>
            <dst id="WASHng">14226.224</dst>
        </src>
        <src id="LOSAng">
            <dst id="ATLA-M5">0</dst>
            <dst id="ATLAng">28423.2266666667</dst>
            <dst id="CHINng">12815.7946666667</dst>
            <dst id="DNVRng">30990.344</dst>
            <dst id="HSTNng">172479.426666667</dst>
            <dst id="IPLSng">1261.624</dst>
            <dst id="KSCYng">771.309333333333</dst>
            <dst id="LOSAng">16176.24</dst>
            <dst id="NYCMng">70776.2026666666</dst>
            <dst id="SNVAng">16842.0933333333</dst>
            <dst id="STTLng">33478.2746666667</dst>
            <dst id="WASHng">102346.634666667</dst>
        </src>
        <src id="NYCMng">
            <dst id="ATLA-M5">0</dst>
            <dst id="ATLAng">75480.5146666667</dst>
            <dst id="CHINng">83447.392</dst>
            <dst id="DNVRng">48766.9466666667</dst>
            <dst id="HSTNng">166280.133333333</dst>
            <dst id="IPLSng">107662.616</dst>
            <dst id="KSCYng">37200.6826666667</dst>
            <dst id="LOSAng">26.6666666666667</dst>
            <dst id="NYCMng">271916.773333333</dst>
            <dst id="SNVAng">157.44</dst>
            <dst id="STTLng">1199.352</dst>
            <dst id="WASHng">185240.325333333</dst>
        </src>
        <src id="SNVAng">
            <dst id="ATLA-M5">0</dst>
            <dst id="ATLAng">1307.144</dst>
            <dst id="CHINng">1011.104</dst>
            <dst id="DNVRng">12716.0426666667</dst>
            <dst id="HSTNng">17304.1253333333</dst>
            <dst id="IPLSng">26.6666666666667</dst>
            <dst id="KSCYng">3723.02133333333</dst>
            <dst id="LOSAng">48338.1066666667</dst>
            <dst id="NYCMng">7741.496</dst>
            <dst id="SNVAng">16641.2293333333</dst>
            <dst id="STTLng">55105.3946666667</dst>
            <dst id="WASHng">2745.20266666667</dst>
        </src>
        <src id="STTLng">
            <dst id="ATLA-M5">0</dst>
            <dst id="ATLAng">15491.248</dst>
            <dst id="CHINng">23043.424</dst>
            <dst id="DNVRng">12256.0426666667</dst>
            <dst id="HSTNng">51739.8053333333</dst>
            <dst id="IPLSng">435.573333333333</dst>
            <dst id="KSCYng">6085.04266666667</dst>
            <dst id="LOSAng">28631.5173333333</dst>
            <dst id="NYCMng">17570.2666666667</dst>
            <dst id="SNVAng">14862.1253333333</dst>
            <dst id="STTLng">8038.824</dst>
            <dst id="WASHng">36257.6693333333</dst>
        </src>
        <src id="WASHng">
            <dst id="ATLA-M5">0</dst>
            <dst id="ATLAng">86187.752</dst>
            <dst id="CHINng">98516.8906666667</dst>
            <dst id="DNVRng">4766.19733333333</dst>
            <dst id="HSTNng">353600.186666667</dst>
            <dst id="IPLSng">101118.658666667</dst>
            <dst id="KSCYng">28178.144</dst>
            <dst id="LOSAng">156.808</dst>
            <dst id="NYCMng">294249.973333333</dst>
            <dst id="SNVAng">549.144</dst>
            <dst id="STTLng">4671.07466666667</dst>
            <dst id="WASHng">325458.293333333</dst>
        </src>
    </IntraTM>
</TrafficMatrixFile>
