<?xml version="1.0" encoding="ISO-8859-1" standalone="yes"?>
<TrafficMatrixFile xsi:noNamespaceSchemaLocation="http://totem.run.montefiore.ulg.ac.be/Schema/TrafficMatrix-v1_2.xsd" xmlns:xsi="http://www.w3.org/2001/XMLSchema-instance">
    <IntraTM ASID="11537">
        <src id="ATLA-M5">
            <dst id="ATLA-M5">177.029333333333</dst>
            <dst id="ATLAng">1809.664</dst>
            <dst id="CHINng">1884.09066666667</dst>
            <dst id="DNVRng">26.6666666666667</dst>
            <dst id="HSTNng">1108.14133333333</dst>
            <dst id="IPLSng">371.538666666667</dst>
            <dst id="KSCYng">285.741333333333</dst>
            <dst id="LOSAng">26.6666666666667</dst>
            <dst id="NYCMng">671.072</dst>
            <dst id="SNVAng">26.6666666666667</dst>
            <dst id="STTLng">26.6666666666667</dst>
            <dst id="WASHng">1603.25066666667</dst>
        </src>
        <src id="ATLAng">
            <dst id="ATLA-M5">0</dst>
            <dst id="ATLAng">45773.192</dst>
            <dst id="CHINng">61383.136</dst>
            <dst id="DNVRng">196.269333333333</dst>
            <dst id="HSTNng">66189.8106666667</dst>
            <dst id="IPLSng">90569.4186666667</dst>
            <dst id="KSCYng">4313.82933333333</dst>
            <dst id="LOSAng">109.021333333333</dst>
            <dst id="NYCMng">19545.2266666667</dst>
            <dst id="SNVAng">965.050666666667</dst>
            <dst id="STTLng">143.68</dst>
            <dst id="WASHng">92620.8533333333</dst>
        </src>
        <src id="CHINng">
            <dst id="ATLA-M5">0</dst>
            <dst id="ATLAng">30170.5386666667</dst>
            <dst id="CHINng">143433.498666667</dst>
            <dst id="DNVRng">16892.912</dst>
            <dst id="HSTNng">94675.264</dst>
            <dst id="IPLSng">111944.632</dst>
            <dst id="KSCYng">21581.8213333333</dst>
            <dst id="LOSAng">26.6666666666667</dst>
            <dst id="NYCMng">37565.5546666667</dst>
            <dst id="SNVAng">269.034666666667</dst>
            <dst id="STTLng">916.104</dst>
            <dst id="WASHng">54628.6266666667</dst>
        </src>
        <src id="DNVRng">
            <dst id="ATLA-M5">0</dst>
            <dst id="ATLAng">16024.8826666667</dst>
            <dst id="CHINng">72870.432</dst>
            <dst id="DNVRng">19774.1786666667</dst>
            <dst id="HSTNng">45266.9893333333</dst>
            <dst id="IPLSng">47095.2133333333</dst>
            <dst id="KSCYng">24255.1173333333</dst>
            <dst id="LOSAng">26.6666666666667</dst>
            <dst id="NYCMng">15150.512</dst>
            <dst id="SNVAng">14331.672</dst>
            <dst id="STTLng">376.744</dst>
            <dst id="WASHng">49822.3786666667</dst>
        </src>
        <src id="HSTNng">
            <dst id="ATLA-M5">0</dst>
            <dst id="ATLAng">47172.008</dst>
            <dst id="CHINng">2290.72</dst>
            <dst id="DNVRng">28.88</dst>
            <dst id="HSTNng">172597.848</dst>
            <dst id="IPLSng">26.6666666666667</dst>
            <dst id="KSCYng">26.6666666666667</dst>
            <dst id="LOSAng">0</dst>
            <dst id="NYCMng">8303.056</dst>
            <dst id="SNVAng">80</dst>
            <dst id="STTLng">114.829333333333</dst>
            <dst id="WASHng">119754.368</dst>
        </src>
        <src id="IPLSng">
            <dst id="ATLA-M5">0</dst>
            <dst id="ATLAng">62386.4</dst>
            <dst id="CHINng">162562.533333333</dst>
            <dst id="DNVRng">26769.9306666667</dst>
            <dst id="HSTNng">73015.8026666667</dst>
            <dst id="IPLSng">77990.8933333333</dst>
            <dst id="KSCYng">38050.7866666667</dst>
            <dst id="LOSAng">127.376</dst>
            <dst id="NYCMng">79804.568</dst>
            <dst id="SNVAng">1979.16</dst>
            <dst id="STTLng">2396.49333333333</dst>
            <dst id="WASHng">40451.0533333333</dst>
        </src>
        <src id="KSCYng">
            <dst id="ATLA-M5">0</dst>
            <dst id="ATLAng">5996.168</dst>
            <dst id="CHINng">36635.096</dst>
            <dst id="DNVRng">11036.128</dst>
            <dst id="HSTNng">28063.9573333333</dst>
            <dst id="IPLSng">27861.7146666667</dst>
            <dst id="KSCYng">9930.87466666667</dst>
            <dst id="LOSAng">0</dst>
            <dst id="NYCMng">10888.8746666667</dst>
            <dst id="SNVAng">237.437333333333</dst>
            <dst id="STTLng">174.557333333333</dst>
            <dst id="WASHng">13542.7013333333</dst>
        </src>
        <src id="LOSAng">
            <dst id="ATLA-M5">0</dst>
            <dst id="ATLAng">37263.2933333333</dst>
            <dst id="CHINng">12919.44</dst>
            <dst id="DNVRng">23664.2</dst>
            <dst id="HSTNng">177610.490666667</dst>
            <dst id="IPLSng">1973.296</dst>
            <dst id="KSCYng">955.784</dst>
            <dst id="LOSAng">19057.2906666667</dst>
            <dst id="NYCMng">62892.992</dst>
            <dst id="SNVAng">22723.1253333333</dst>
            <dst id="STTLng">28556.5333333333</dst>
            <dst id="WASHng">106539.341333333</dst>
        </src>
        <src id="NYCMng">
            <dst id="ATLA-M5">0</dst>
            <dst id="ATLAng">63226.2693333333</dst>
            <dst id="CHINng">100968.762666667</dst>
            <dst id="DNVRng">42907.776</dst>
            <dst id="HSTNng">142946.549333333</dst>
            <dst id="IPLSng">93770.0986666667</dst>
            <dst id="KSCYng">27862.56</dst>
            <dst id="LOSAng">80</dst>
            <dst id="NYCMng">269819.92</dst>
            <dst id="SNVAng">431.674666666667</dst>
            <dst id="STTLng">1993.448</dst>
            <dst id="WASHng">166391.418666667</dst>
        </src>
        <src id="SNVAng">
            <dst id="ATLA-M5">0</dst>
            <dst id="ATLAng">803.648</dst>
            <dst id="CHINng">3739.30666666667</dst>
            <dst id="DNVRng">12247.4986666667</dst>
            <dst id="HSTNng">12214.1146666667</dst>
            <dst id="IPLSng">80</dst>
            <dst id="KSCYng">1432.68533333333</dst>
            <dst id="LOSAng">42868.6426666667</dst>
            <dst id="NYCMng">9287.376</dst>
            <dst id="SNVAng">13970.8906666667</dst>
            <dst id="STTLng">59913.2826666667</dst>
            <dst id="WASHng">1827.58666666667</dst>
        </src>
        <src id="STTLng">
            <dst id="ATLA-M5">0</dst>
            <dst id="ATLAng">13066.5306666667</dst>
            <dst id="CHINng">23679.4906666667</dst>
            <dst id="DNVRng">14121.5893333333</dst>
            <dst id="HSTNng">65540.4613333333</dst>
            <dst id="IPLSng">749.818666666667</dst>
            <dst id="KSCYng">6494.936</dst>
            <dst id="LOSAng">25065.7493333333</dst>
            <dst id="NYCMng">14476.8906666667</dst>
            <dst id="SNVAng">13039.8133333333</dst>
            <dst id="STTLng">4027.616</dst>
            <dst id="WASHng">47182.1066666667</dst>
        </src>
        <src id="WASHng">
            <dst id="ATLA-M5">0</dst>
            <dst id="ATLAng">126573.437333333</dst>
            <dst id="CHINng">119362.602666667</dst>
            <dst id="DNVRng">8272.06933333333</dst>
            <dst id="HSTNng">359806.186666667</dst>
            <dst id="IPLSng">97338.8933333333</dst>
            <dst id="KSCYng">26258.096</dst>
            <dst id="LOSAng">282.84</dst>
            <dst id="NYCMng">211618.301333333</dst>
            <dst id="SNVAng">875.085333333333</dst>
            <dst id="STTLng">5709.49866666667</dst>
            <dst id="WASHng">391090</dst>
        </src>
    </IntraTM>
</TrafficMatrixFile>
