<?xml version="1.0" encoding="ISO-8859-1" standalone="yes"?>
<TrafficMatrixFile xsi:noNamespaceSchemaLocation="http://totem.run.montefiore.ulg.ac.be/Schema/TrafficMatrix-v1_2.xsd" xmlns:xsi="http://www.w3.org/2001/XMLSchema-instance">
    <IntraTM ASID="11537">
        <src id="ATLA-M5">
            <dst id="ATLA-M5">1106.024</dst>
            <dst id="ATLAng">155.816</dst>
            <dst id="CHINng">1518.93066666667</dst>
            <dst id="DNVRng">0</dst>
            <dst id="HSTNng">26.6666666666667</dst>
            <dst id="IPLSng">346.978666666667</dst>
            <dst id="KSCYng">26.6666666666667</dst>
            <dst id="LOSAng">0</dst>
            <dst id="NYCMng">1288.032</dst>
            <dst id="SNVAng">0</dst>
            <dst id="STTLng">0</dst>
            <dst id="WASHng">2223.296</dst>
        </src>
        <src id="ATLAng">
            <dst id="ATLA-M5">0</dst>
            <dst id="ATLAng">45294.8506666667</dst>
            <dst id="CHINng">23899.6373333333</dst>
            <dst id="DNVRng">0</dst>
            <dst id="HSTNng">4459.22933333333</dst>
            <dst id="IPLSng">28596.0693333333</dst>
            <dst id="KSCYng">26.6666666666667</dst>
            <dst id="LOSAng">0</dst>
            <dst id="NYCMng">42253.6533333333</dst>
            <dst id="SNVAng">53.3333333333333</dst>
            <dst id="STTLng">26.6666666666667</dst>
            <dst id="WASHng">42768.9946666667</dst>
        </src>
        <src id="CHINng">
            <dst id="ATLA-M5">0</dst>
            <dst id="ATLAng">34366.632</dst>
            <dst id="CHINng">23169.4053333333</dst>
            <dst id="DNVRng">0</dst>
            <dst id="HSTNng">13361.1253333333</dst>
            <dst id="IPLSng">63689.544</dst>
            <dst id="KSCYng">80</dst>
            <dst id="LOSAng">236.205333333333</dst>
            <dst id="NYCMng">161872.458666667</dst>
            <dst id="SNVAng">133.333333333333</dst>
            <dst id="STTLng">1056.34666666667</dst>
            <dst id="WASHng">31310.8133333333</dst>
        </src>
        <src id="DNVRng">
            <dst id="ATLA-M5">0</dst>
            <dst id="ATLAng">7218.24</dst>
            <dst id="CHINng">28548.608</dst>
            <dst id="DNVRng">12568.928</dst>
            <dst id="HSTNng">35151.24</dst>
            <dst id="IPLSng">25824.888</dst>
            <dst id="KSCYng">16978.5893333333</dst>
            <dst id="LOSAng">0</dst>
            <dst id="NYCMng">43848.6693333333</dst>
            <dst id="SNVAng">8541.50933333334</dst>
            <dst id="STTLng">2237.648</dst>
            <dst id="WASHng">43314.048</dst>
        </src>
        <src id="HSTNng">
            <dst id="ATLA-M5">0</dst>
            <dst id="ATLAng">20442.776</dst>
            <dst id="CHINng">301.456</dst>
            <dst id="DNVRng">26.6666666666667</dst>
            <dst id="HSTNng">82137.6826666667</dst>
            <dst id="IPLSng">26.6666666666667</dst>
            <dst id="KSCYng">26.6666666666667</dst>
            <dst id="LOSAng">0</dst>
            <dst id="NYCMng">6966.67466666667</dst>
            <dst id="SNVAng">26.6666666666667</dst>
            <dst id="STTLng">0</dst>
            <dst id="WASHng">73059.184</dst>
        </src>
        <src id="IPLSng">
            <dst id="ATLA-M5">0</dst>
            <dst id="ATLAng">15594.7466666667</dst>
            <dst id="CHINng">52394.8106666667</dst>
            <dst id="DNVRng">0</dst>
            <dst id="HSTNng">11640.1893333333</dst>
            <dst id="IPLSng">24682.0746666667</dst>
            <dst id="KSCYng">17250.1546666667</dst>
            <dst id="LOSAng">34.1413333333333</dst>
            <dst id="NYCMng">117369.154666667</dst>
            <dst id="SNVAng">299.509333333333</dst>
            <dst id="STTLng">0</dst>
            <dst id="WASHng">30190.28</dst>
        </src>
        <src id="KSCYng">
            <dst id="ATLA-M5">0</dst>
            <dst id="ATLAng">7355.41333333333</dst>
            <dst id="CHINng">10373.2826666667</dst>
            <dst id="DNVRng">4552.15466666667</dst>
            <dst id="HSTNng">18309.0213333333</dst>
            <dst id="IPLSng">13576.752</dst>
            <dst id="KSCYng">15683.328</dst>
            <dst id="LOSAng">0</dst>
            <dst id="NYCMng">21828.824</dst>
            <dst id="SNVAng">26.6666666666667</dst>
            <dst id="STTLng">0</dst>
            <dst id="WASHng">8684.94666666667</dst>
        </src>
        <src id="LOSAng">
            <dst id="ATLA-M5">0</dst>
            <dst id="ATLAng">19207.0026666667</dst>
            <dst id="CHINng">1976.83733333333</dst>
            <dst id="DNVRng">12224.8773333333</dst>
            <dst id="HSTNng">88631.3946666667</dst>
            <dst id="IPLSng">477.613333333333</dst>
            <dst id="KSCYng">217.738666666667</dst>
            <dst id="LOSAng">18537.9013333333</dst>
            <dst id="NYCMng">68057.5253333333</dst>
            <dst id="SNVAng">7526.12533333333</dst>
            <dst id="STTLng">20506.856</dst>
            <dst id="WASHng">60458.44</dst>
        </src>
        <src id="NYCMng">
            <dst id="ATLA-M5">0</dst>
            <dst id="ATLAng">25279.7573333333</dst>
            <dst id="CHINng">833.776</dst>
            <dst id="DNVRng">0</dst>
            <dst id="HSTNng">14350.6666666667</dst>
            <dst id="IPLSng">80</dst>
            <dst id="KSCYng">0</dst>
            <dst id="LOSAng">109.272</dst>
            <dst id="NYCMng">385039.92</dst>
            <dst id="SNVAng">26.6666666666667</dst>
            <dst id="STTLng">579.52</dst>
            <dst id="WASHng">88582.392</dst>
        </src>
        <src id="SNVAng">
            <dst id="ATLA-M5">0</dst>
            <dst id="ATLAng">897.965333333334</dst>
            <dst id="CHINng">80</dst>
            <dst id="DNVRng">9404.13866666667</dst>
            <dst id="HSTNng">12362.9146666667</dst>
            <dst id="IPLSng">0</dst>
            <dst id="KSCYng">216.248</dst>
            <dst id="LOSAng">32470.0106666667</dst>
            <dst id="NYCMng">4282.81866666667</dst>
            <dst id="SNVAng">15312.3493333333</dst>
            <dst id="STTLng">50932.9173333333</dst>
            <dst id="WASHng">151.728</dst>
        </src>
        <src id="STTLng">
            <dst id="ATLA-M5">0</dst>
            <dst id="ATLAng">6395.66666666667</dst>
            <dst id="CHINng">1326.728</dst>
            <dst id="DNVRng">4433.30933333333</dst>
            <dst id="HSTNng">17917.3173333333</dst>
            <dst id="IPLSng">279.76</dst>
            <dst id="KSCYng">1799.53066666667</dst>
            <dst id="LOSAng">16518.7706666667</dst>
            <dst id="NYCMng">41969.9973333333</dst>
            <dst id="SNVAng">6626.256</dst>
            <dst id="STTLng">5052.69066666667</dst>
            <dst id="WASHng">29922.288</dst>
        </src>
        <src id="WASHng">
            <dst id="ATLA-M5">0</dst>
            <dst id="ATLAng">110398.786666667</dst>
            <dst id="CHINng">1626.74666666667</dst>
            <dst id="DNVRng">0</dst>
            <dst id="HSTNng">74327.7973333334</dst>
            <dst id="IPLSng">144.738666666667</dst>
            <dst id="KSCYng">26.6666666666667</dst>
            <dst id="LOSAng">26.6666666666667</dst>
            <dst id="NYCMng">477100.533333333</dst>
            <dst id="SNVAng">53.3333333333333</dst>
            <dst id="STTLng">53.3333333333333</dst>
            <dst id="WASHng">300747.173333333</dst>
        </src>
    </IntraTM>
</TrafficMatrixFile>
