<?xml version="1.0" encoding="ISO-8859-1" standalone="yes"?>
<TrafficMatrixFile xsi:noNamespaceSchemaLocation="http://totem.run.montefiore.ulg.ac.be/Schema/TrafficMatrix-v1_2.xsd" xmlns:xsi="http://www.w3.org/2001/XMLSchema-instance">
    <IntraTM ASID="11537">
        <src id="ATLA-M5">
            <dst id="ATLA-M5">1365.05066666667</dst>
            <dst id="ATLAng">907.946666666667</dst>
            <dst id="CHINng">1890.28266666667</dst>
            <dst id="DNVRng">0</dst>
            <dst id="HSTNng">984.893333333333</dst>
            <dst id="IPLSng">363.32</dst>
            <dst id="KSCYng">347.176</dst>
            <dst id="LOSAng">48.272</dst>
            <dst id="NYCMng">1344.10933333333</dst>
            <dst id="SNVAng">0</dst>
            <dst id="STTLng">26.6666666666667</dst>
            <dst id="WASHng">3414.06133333333</dst>
        </src>
        <src id="ATLAng">
            <dst id="ATLA-M5">0</dst>
            <dst id="ATLAng">45717.0053333333</dst>
            <dst id="CHINng">44186.9893333333</dst>
            <dst id="DNVRng">155.229333333333</dst>
            <dst id="HSTNng">80376.864</dst>
            <dst id="IPLSng">93488.7413333333</dst>
            <dst id="KSCYng">7086.064</dst>
            <dst id="LOSAng">138.12</dst>
            <dst id="NYCMng">27208.2613333333</dst>
            <dst id="SNVAng">1002.06666666667</dst>
            <dst id="STTLng">252.512</dst>
            <dst id="WASHng">87918.112</dst>
        </src>
        <src id="CHINng">
            <dst id="ATLA-M5">0</dst>
            <dst id="ATLAng">32135.0186666667</dst>
            <dst id="CHINng">126730.301333333</dst>
            <dst id="DNVRng">29494.7146666667</dst>
            <dst id="HSTNng">103199.738666667</dst>
            <dst id="IPLSng">95253.384</dst>
            <dst id="KSCYng">19971.2533333333</dst>
            <dst id="LOSAng">106.666666666667</dst>
            <dst id="NYCMng">39290.5413333333</dst>
            <dst id="SNVAng">580.218666666667</dst>
            <dst id="STTLng">836.770666666667</dst>
            <dst id="WASHng">50658.4</dst>
        </src>
        <src id="DNVRng">
            <dst id="ATLA-M5">0</dst>
            <dst id="ATLAng">26866.384</dst>
            <dst id="CHINng">76011.28</dst>
            <dst id="DNVRng">11690.616</dst>
            <dst id="HSTNng">60466.1946666667</dst>
            <dst id="IPLSng">43597.8746666667</dst>
            <dst id="KSCYng">28636.3386666667</dst>
            <dst id="LOSAng">80</dst>
            <dst id="NYCMng">29236.592</dst>
            <dst id="SNVAng">27544.0746666667</dst>
            <dst id="STTLng">190.965333333333</dst>
            <dst id="WASHng">48246.3093333333</dst>
        </src>
        <src id="HSTNng">
            <dst id="ATLA-M5">0</dst>
            <dst id="ATLAng">46742.8506666667</dst>
            <dst id="CHINng">3919.14133333333</dst>
            <dst id="DNVRng">53.3333333333333</dst>
            <dst id="HSTNng">180733.792</dst>
            <dst id="IPLSng">160</dst>
            <dst id="KSCYng">80</dst>
            <dst id="LOSAng">80</dst>
            <dst id="NYCMng">10321.3146666667</dst>
            <dst id="SNVAng">133.333333333333</dst>
            <dst id="STTLng">84.8773333333333</dst>
            <dst id="WASHng">137673.938666667</dst>
        </src>
        <src id="IPLSng">
            <dst id="ATLA-M5">0</dst>
            <dst id="ATLAng">100816.917333333</dst>
            <dst id="CHINng">153904.773333333</dst>
            <dst id="DNVRng">29859.528</dst>
            <dst id="HSTNng">72274.056</dst>
            <dst id="IPLSng">41706.7973333333</dst>
            <dst id="KSCYng">32264.1386666667</dst>
            <dst id="LOSAng">215.101333333333</dst>
            <dst id="NYCMng">57622.1013333333</dst>
            <dst id="SNVAng">5002.26933333333</dst>
            <dst id="STTLng">429.434666666667</dst>
            <dst id="WASHng">57123.3626666667</dst>
        </src>
        <src id="KSCYng">
            <dst id="ATLA-M5">0</dst>
            <dst id="ATLAng">8750.53066666667</dst>
            <dst id="CHINng">40801.4853333333</dst>
            <dst id="DNVRng">30068.0293333333</dst>
            <dst id="HSTNng">19887.168</dst>
            <dst id="IPLSng">25731.0453333333</dst>
            <dst id="KSCYng">8598.368</dst>
            <dst id="LOSAng">26.6666666666667</dst>
            <dst id="NYCMng">18401.2933333333</dst>
            <dst id="SNVAng">210.818666666667</dst>
            <dst id="STTLng">186.928</dst>
            <dst id="WASHng">12769.1173333333</dst>
        </src>
        <src id="LOSAng">
            <dst id="ATLA-M5">0</dst>
            <dst id="ATLAng">36988.08</dst>
            <dst id="CHINng">6993.53866666667</dst>
            <dst id="DNVRng">17994.2186666667</dst>
            <dst id="HSTNng">197912.208</dst>
            <dst id="IPLSng">1582.448</dst>
            <dst id="KSCYng">1655.16</dst>
            <dst id="LOSAng">13696.3226666667</dst>
            <dst id="NYCMng">70758.0373333333</dst>
            <dst id="SNVAng">15998.1946666667</dst>
            <dst id="STTLng">27931.56</dst>
            <dst id="WASHng">121534.28</dst>
        </src>
        <src id="NYCMng">
            <dst id="ATLA-M5">0</dst>
            <dst id="ATLAng">70769.4533333333</dst>
            <dst id="CHINng">100271.576</dst>
            <dst id="DNVRng">47234.6053333333</dst>
            <dst id="HSTNng">164092.914666667</dst>
            <dst id="IPLSng">108244.709333333</dst>
            <dst id="KSCYng">30503.5146666667</dst>
            <dst id="LOSAng">190.442666666667</dst>
            <dst id="NYCMng">254195.629333333</dst>
            <dst id="SNVAng">269.632</dst>
            <dst id="STTLng">1988.056</dst>
            <dst id="WASHng">230505.698666667</dst>
        </src>
        <src id="SNVAng">
            <dst id="ATLA-M5">0</dst>
            <dst id="ATLAng">3142.32</dst>
            <dst id="CHINng">1123.74933333333</dst>
            <dst id="DNVRng">17460.9573333333</dst>
            <dst id="HSTNng">15577.5386666667</dst>
            <dst id="IPLSng">0</dst>
            <dst id="KSCYng">1392.61333333333</dst>
            <dst id="LOSAng">40719.0773333333</dst>
            <dst id="NYCMng">10191.5333333333</dst>
            <dst id="SNVAng">15860.8</dst>
            <dst id="STTLng">54108.696</dst>
            <dst id="WASHng">1408.82133333333</dst>
        </src>
        <src id="STTLng">
            <dst id="ATLA-M5">0</dst>
            <dst id="ATLAng">18780.4426666667</dst>
            <dst id="CHINng">23850.1226666667</dst>
            <dst id="DNVRng">13063.1653333333</dst>
            <dst id="HSTNng">60639.0666666667</dst>
            <dst id="IPLSng">899.808</dst>
            <dst id="KSCYng">7800.84533333333</dst>
            <dst id="LOSAng">30433.2906666667</dst>
            <dst id="NYCMng">21020.9333333333</dst>
            <dst id="SNVAng">11331.36</dst>
            <dst id="STTLng">2796.22133333333</dst>
            <dst id="WASHng">43965.6266666667</dst>
        </src>
        <src id="WASHng">
            <dst id="ATLA-M5">0</dst>
            <dst id="ATLAng">127041.389333333</dst>
            <dst id="CHINng">125572.077333333</dst>
            <dst id="DNVRng">5875.85866666667</dst>
            <dst id="HSTNng">349715.52</dst>
            <dst id="IPLSng">76623.9866666667</dst>
            <dst id="KSCYng">29580.7546666667</dst>
            <dst id="LOSAng">149.941333333333</dst>
            <dst id="NYCMng">218636.021333333</dst>
            <dst id="SNVAng">409.568</dst>
            <dst id="STTLng">5643.704</dst>
            <dst id="WASHng">367307.52</dst>
        </src>
    </IntraTM>
</TrafficMatrixFile>
