<?xml version="1.0" encoding="ISO-8859-1" standalone="yes"?>
<TrafficMatrixFile xsi:noNamespaceSchemaLocation="http://totem.run.montefiore.ulg.ac.be/Schema/TrafficMatrix-v1_2.xsd" xmlns:xsi="http://www.w3.org/2001/XMLSchema-instance">
    <IntraTM ASID="11537">
        <src id="ATLA-M5">
            <dst id="ATLA-M5">0</dst>
            <dst id="ATLAng">53.3333333333333</dst>
            <dst id="CHINng">211.68</dst>
            <dst id="DNVRng">0</dst>
            <dst id="HSTNng">1264.64266666667</dst>
            <dst id="IPLSng">126.290666666667</dst>
            <dst id="KSCYng">138.688</dst>
            <dst id="LOSAng">0</dst>
            <dst id="NYCMng">411.901333333333</dst>
            <dst id="SNVAng">0</dst>
            <dst id="STTLng">0</dst>
            <dst id="WASHng">2462.38933333333</dst>
        </src>
        <src id="ATLAng">
            <dst id="ATLA-M5">0</dst>
            <dst id="ATLAng">25177.6906666667</dst>
            <dst id="CHINng">13716.7653333333</dst>
            <dst id="DNVRng">40.352</dst>
            <dst id="HSTNng">37016.8133333333</dst>
            <dst id="IPLSng">31308.8666666667</dst>
            <dst id="KSCYng">5336.93333333333</dst>
            <dst id="LOSAng">26.6666666666667</dst>
            <dst id="NYCMng">22492.4613333333</dst>
            <dst id="SNVAng">0</dst>
            <dst id="STTLng">70.6666666666667</dst>
            <dst id="WASHng">69059.544</dst>
        </src>
        <src id="CHINng">
            <dst id="ATLA-M5">0</dst>
            <dst id="ATLAng">20825.9253333333</dst>
            <dst id="CHINng">178103.157333333</dst>
            <dst id="DNVRng">20935.8266666667</dst>
            <dst id="HSTNng">118803.288</dst>
            <dst id="IPLSng">51880.8506666667</dst>
            <dst id="KSCYng">11262.0453333333</dst>
            <dst id="LOSAng">379.690666666667</dst>
            <dst id="NYCMng">25508.568</dst>
            <dst id="SNVAng">53.3333333333333</dst>
            <dst id="STTLng">3447.36</dst>
            <dst id="WASHng">35034.616</dst>
        </src>
        <src id="DNVRng">
            <dst id="ATLA-M5">0</dst>
            <dst id="ATLAng">9138.43466666667</dst>
            <dst id="CHINng">73164.7413333333</dst>
            <dst id="DNVRng">13095.6506666667</dst>
            <dst id="HSTNng">51770.568</dst>
            <dst id="IPLSng">23785.448</dst>
            <dst id="KSCYng">24188.8426666667</dst>
            <dst id="LOSAng">0</dst>
            <dst id="NYCMng">29326.3546666667</dst>
            <dst id="SNVAng">13024.448</dst>
            <dst id="STTLng">151.957333333333</dst>
            <dst id="WASHng">32484.8613333333</dst>
        </src>
        <src id="HSTNng">
            <dst id="ATLA-M5">0</dst>
            <dst id="ATLAng">22810.4586666667</dst>
            <dst id="CHINng">2196.81066666667</dst>
            <dst id="DNVRng">26.6666666666667</dst>
            <dst id="HSTNng">137756.301333333</dst>
            <dst id="IPLSng">359.128</dst>
            <dst id="KSCYng">0</dst>
            <dst id="LOSAng">26.6666666666667</dst>
            <dst id="NYCMng">5993.70133333333</dst>
            <dst id="SNVAng">0</dst>
            <dst id="STTLng">106.666666666667</dst>
            <dst id="WASHng">91638.7733333333</dst>
        </src>
        <src id="IPLSng">
            <dst id="ATLA-M5">0</dst>
            <dst id="ATLAng">15622.6906666667</dst>
            <dst id="CHINng">148811.312</dst>
            <dst id="DNVRng">9821.29333333333</dst>
            <dst id="HSTNng">70213.224</dst>
            <dst id="IPLSng">24417.864</dst>
            <dst id="KSCYng">30303.9093333333</dst>
            <dst id="LOSAng">53.3333333333333</dst>
            <dst id="NYCMng">29465.8906666667</dst>
            <dst id="SNVAng">48.336</dst>
            <dst id="STTLng">53.3333333333333</dst>
            <dst id="WASHng">22388.6933333333</dst>
        </src>
        <src id="KSCYng">
            <dst id="ATLA-M5">0</dst>
            <dst id="ATLAng">4490.22933333333</dst>
            <dst id="CHINng">36672.1866666667</dst>
            <dst id="DNVRng">9255.53066666667</dst>
            <dst id="HSTNng">16233.0773333333</dst>
            <dst id="IPLSng">14942.376</dst>
            <dst id="KSCYng">8470.376</dst>
            <dst id="LOSAng">0</dst>
            <dst id="NYCMng">10469.6613333333</dst>
            <dst id="SNVAng">0</dst>
            <dst id="STTLng">53.3333333333333</dst>
            <dst id="WASHng">10704.48</dst>
        </src>
        <src id="LOSAng">
            <dst id="ATLA-M5">0</dst>
            <dst id="ATLAng">14387.6533333333</dst>
            <dst id="CHINng">13234.3333333333</dst>
            <dst id="DNVRng">12133.0346666667</dst>
            <dst id="HSTNng">174428.301333333</dst>
            <dst id="IPLSng">765.872</dst>
            <dst id="KSCYng">80</dst>
            <dst id="LOSAng">29366.2453333333</dst>
            <dst id="NYCMng">48242.072</dst>
            <dst id="SNVAng">8813.19466666667</dst>
            <dst id="STTLng">26867.1306666667</dst>
            <dst id="WASHng">84039.72</dst>
        </src>
        <src id="NYCMng">
            <dst id="ATLA-M5">0</dst>
            <dst id="ATLAng">22803.744</dst>
            <dst id="CHINng">65308.72</dst>
            <dst id="DNVRng">32594.1973333333</dst>
            <dst id="HSTNng">123162.149333333</dst>
            <dst id="IPLSng">48597.2906666667</dst>
            <dst id="KSCYng">18689.16</dst>
            <dst id="LOSAng">165.714666666667</dst>
            <dst id="NYCMng">227852.536</dst>
            <dst id="SNVAng">53.3333333333333</dst>
            <dst id="STTLng">3466.89866666667</dst>
            <dst id="WASHng">81565.568</dst>
        </src>
        <src id="SNVAng">
            <dst id="ATLA-M5">0</dst>
            <dst id="ATLAng">295.458666666667</dst>
            <dst id="CHINng">559.528</dst>
            <dst id="DNVRng">5447.20266666667</dst>
            <dst id="HSTNng">6435.04</dst>
            <dst id="IPLSng">0</dst>
            <dst id="KSCYng">702.605333333333</dst>
            <dst id="LOSAng">37712.2373333333</dst>
            <dst id="NYCMng">4127.47466666667</dst>
            <dst id="SNVAng">14267.1893333333</dst>
            <dst id="STTLng">51386.8506666667</dst>
            <dst id="WASHng">683.122666666667</dst>
        </src>
        <src id="STTLng">
            <dst id="ATLA-M5">0</dst>
            <dst id="ATLAng">7507.96533333334</dst>
            <dst id="CHINng">24382.5946666667</dst>
            <dst id="DNVRng">3956.65066666667</dst>
            <dst id="HSTNng">44827.6186666667</dst>
            <dst id="IPLSng">272.976</dst>
            <dst id="KSCYng">1609.232</dst>
            <dst id="LOSAng">20917.7706666667</dst>
            <dst id="NYCMng">12763.8666666667</dst>
            <dst id="SNVAng">6789.512</dst>
            <dst id="STTLng">6838.90933333333</dst>
            <dst id="WASHng">32362.3146666667</dst>
        </src>
        <src id="WASHng">
            <dst id="ATLA-M5">0</dst>
            <dst id="ATLAng">96209.784</dst>
            <dst id="CHINng">86996.6026666667</dst>
            <dst id="DNVRng">2818.16</dst>
            <dst id="HSTNng">278704.053333333</dst>
            <dst id="IPLSng">49099.8746666667</dst>
            <dst id="KSCYng">15723.0693333333</dst>
            <dst id="LOSAng">88.096</dst>
            <dst id="NYCMng">166868.834666667</dst>
            <dst id="SNVAng">1299.86933333333</dst>
            <dst id="STTLng">5457.13333333333</dst>
            <dst id="WASHng">401198.4</dst>
        </src>
    </IntraTM>
</TrafficMatrixFile>
