<?xml version="1.0" encoding="ISO-8859-1" standalone="yes"?>
<TrafficMatrixFile xsi:noNamespaceSchemaLocation="http://totem.run.montefiore.ulg.ac.be/Schema/TrafficMatrix-v1_2.xsd" xmlns:xsi="http://www.w3.org/2001/XMLSchema-instance">
    <IntraTM ASID="11537">
        <src id="ATLA-M5">
            <dst id="ATLA-M5">0</dst>
            <dst id="ATLAng">440.773333333333</dst>
            <dst id="CHINng">1470.70133333333</dst>
            <dst id="DNVRng">0</dst>
            <dst id="HSTNng">262.698666666667</dst>
            <dst id="IPLSng">373.48</dst>
            <dst id="KSCYng">0</dst>
            <dst id="LOSAng">0</dst>
            <dst id="NYCMng">1436.312</dst>
            <dst id="SNVAng">0</dst>
            <dst id="STTLng">0</dst>
            <dst id="WASHng">2232.57333333333</dst>
        </src>
        <src id="ATLAng">
            <dst id="ATLA-M5">0</dst>
            <dst id="ATLAng">43619.0746666667</dst>
            <dst id="CHINng">16421.9733333333</dst>
            <dst id="DNVRng">0</dst>
            <dst id="HSTNng">2259.48</dst>
            <dst id="IPLSng">28402.672</dst>
            <dst id="KSCYng">53.3333333333333</dst>
            <dst id="LOSAng">0</dst>
            <dst id="NYCMng">64788.7626666667</dst>
            <dst id="SNVAng">26.6666666666667</dst>
            <dst id="STTLng">26.6666666666667</dst>
            <dst id="WASHng">35112.712</dst>
        </src>
        <src id="CHINng">
            <dst id="ATLA-M5">0</dst>
            <dst id="ATLAng">17380.5733333333</dst>
            <dst id="CHINng">20624.232</dst>
            <dst id="DNVRng">0</dst>
            <dst id="HSTNng">17799.5466666667</dst>
            <dst id="IPLSng">21015.864</dst>
            <dst id="KSCYng">0</dst>
            <dst id="LOSAng">55.4133333333333</dst>
            <dst id="NYCMng">178545.016</dst>
            <dst id="SNVAng">0</dst>
            <dst id="STTLng">658.986666666667</dst>
            <dst id="WASHng">25203.552</dst>
        </src>
        <src id="DNVRng">
            <dst id="ATLA-M5">0</dst>
            <dst id="ATLAng">9709.976</dst>
            <dst id="CHINng">29751.2266666667</dst>
            <dst id="DNVRng">2821.87466666667</dst>
            <dst id="HSTNng">23448.568</dst>
            <dst id="IPLSng">24426.7466666667</dst>
            <dst id="KSCYng">8915.24266666667</dst>
            <dst id="LOSAng">26.6666666666667</dst>
            <dst id="NYCMng">41009.264</dst>
            <dst id="SNVAng">6785.50933333333</dst>
            <dst id="STTLng">2247.41333333333</dst>
            <dst id="WASHng">37009.024</dst>
        </src>
        <src id="HSTNng">
            <dst id="ATLA-M5">0</dst>
            <dst id="ATLAng">20728.36</dst>
            <dst id="CHINng">490.216</dst>
            <dst id="DNVRng">0</dst>
            <dst id="HSTNng">174197.290666667</dst>
            <dst id="IPLSng">26.6666666666667</dst>
            <dst id="KSCYng">0</dst>
            <dst id="LOSAng">0</dst>
            <dst id="NYCMng">3297.624</dst>
            <dst id="SNVAng">26.6666666666667</dst>
            <dst id="STTLng">0</dst>
            <dst id="WASHng">104496.888</dst>
        </src>
        <src id="IPLSng">
            <dst id="ATLA-M5">0</dst>
            <dst id="ATLAng">13908.4106666667</dst>
            <dst id="CHINng">55528.984</dst>
            <dst id="DNVRng">0</dst>
            <dst id="HSTNng">9551.95733333333</dst>
            <dst id="IPLSng">25444.368</dst>
            <dst id="KSCYng">16923.384</dst>
            <dst id="LOSAng">193.152</dst>
            <dst id="NYCMng">192937.578666667</dst>
            <dst id="SNVAng">80</dst>
            <dst id="STTLng">26.6666666666667</dst>
            <dst id="WASHng">15358.832</dst>
        </src>
        <src id="KSCYng">
            <dst id="ATLA-M5">0</dst>
            <dst id="ATLAng">4224.95466666667</dst>
            <dst id="CHINng">12954.552</dst>
            <dst id="DNVRng">6303.144</dst>
            <dst id="HSTNng">14686.072</dst>
            <dst id="IPLSng">6331.19466666667</dst>
            <dst id="KSCYng">5574.91733333333</dst>
            <dst id="LOSAng">0</dst>
            <dst id="NYCMng">28421.024</dst>
            <dst id="SNVAng">26.6666666666667</dst>
            <dst id="STTLng">26.6666666666667</dst>
            <dst id="WASHng">8860.47733333333</dst>
        </src>
        <src id="LOSAng">
            <dst id="ATLA-M5">0</dst>
            <dst id="ATLAng">16373.6053333333</dst>
            <dst id="CHINng">3377.272</dst>
            <dst id="DNVRng">6832.984</dst>
            <dst id="HSTNng">73238.48</dst>
            <dst id="IPLSng">976.024</dst>
            <dst id="KSCYng">263.269333333333</dst>
            <dst id="LOSAng">21945.976</dst>
            <dst id="NYCMng">65085.904</dst>
            <dst id="SNVAng">8215.73866666667</dst>
            <dst id="STTLng">17750.0293333333</dst>
            <dst id="WASHng">92363.2506666667</dst>
        </src>
        <src id="NYCMng">
            <dst id="ATLA-M5">0</dst>
            <dst id="ATLAng">19786.1093333333</dst>
            <dst id="CHINng">477.138666666667</dst>
            <dst id="DNVRng">0</dst>
            <dst id="HSTNng">13297.6853333333</dst>
            <dst id="IPLSng">53.3333333333333</dst>
            <dst id="KSCYng">80</dst>
            <dst id="LOSAng">26.6666666666667</dst>
            <dst id="NYCMng">321682.826666667</dst>
            <dst id="SNVAng">26.6666666666667</dst>
            <dst id="STTLng">640.426666666667</dst>
            <dst id="WASHng">77816.7146666667</dst>
        </src>
        <src id="SNVAng">
            <dst id="ATLA-M5">0</dst>
            <dst id="ATLAng">833.362666666667</dst>
            <dst id="CHINng">0</dst>
            <dst id="DNVRng">6976.95466666667</dst>
            <dst id="HSTNng">2620.01333333333</dst>
            <dst id="IPLSng">428.437333333333</dst>
            <dst id="KSCYng">397.106666666667</dst>
            <dst id="LOSAng">23333.192</dst>
            <dst id="NYCMng">4294.60533333333</dst>
            <dst id="SNVAng">14243.408</dst>
            <dst id="STTLng">49605.9546666667</dst>
            <dst id="WASHng">218.024</dst>
        </src>
        <src id="STTLng">
            <dst id="ATLA-M5">0</dst>
            <dst id="ATLAng">6421.776</dst>
            <dst id="CHINng">1560.88266666667</dst>
            <dst id="DNVRng">4929.03733333333</dst>
            <dst id="HSTNng">14995.576</dst>
            <dst id="IPLSng">191.84</dst>
            <dst id="KSCYng">2574.632</dst>
            <dst id="LOSAng">18903.0133333333</dst>
            <dst id="NYCMng">47192.7386666667</dst>
            <dst id="SNVAng">3159.288</dst>
            <dst id="STTLng">1187.376</dst>
            <dst id="WASHng">31700.3066666667</dst>
        </src>
        <src id="WASHng">
            <dst id="ATLA-M5">0</dst>
            <dst id="ATLAng">127639.914666667</dst>
            <dst id="CHINng">622.976</dst>
            <dst id="DNVRng">0</dst>
            <dst id="HSTNng">67919.4906666667</dst>
            <dst id="IPLSng">236.024</dst>
            <dst id="KSCYng">80</dst>
            <dst id="LOSAng">61.7733333333333</dst>
            <dst id="NYCMng">443137.546666667</dst>
            <dst id="SNVAng">98.7893333333333</dst>
            <dst id="STTLng">26.6666666666667</dst>
            <dst id="WASHng">288933.466666667</dst>
        </src>
    </IntraTM>
</TrafficMatrixFile>
