<?xml version="1.0" encoding="ISO-8859-1" standalone="yes"?>
<TrafficMatrixFile xsi:noNamespaceSchemaLocation="http://totem.run.montefiore.ulg.ac.be/Schema/TrafficMatrix-v1_2.xsd" xmlns:xsi="http://www.w3.org/2001/XMLSchema-instance">
    <IntraTM ASID="11537">
        <src id="ATLA-M5">
            <dst id="ATLA-M5">390.077333333333</dst>
            <dst id="ATLAng">450.133333333333</dst>
            <dst id="CHINng">1817.66133333333</dst>
            <dst id="DNVRng">0</dst>
            <dst id="HSTNng">1772.28</dst>
            <dst id="IPLSng">2123.34666666667</dst>
            <dst id="KSCYng">456</dst>
            <dst id="LOSAng">0</dst>
            <dst id="NYCMng">1207.18666666667</dst>
            <dst id="SNVAng">0</dst>
            <dst id="STTLng">0</dst>
            <dst id="WASHng">1431.75466666667</dst>
        </src>
        <src id="ATLAng">
            <dst id="ATLA-M5">0</dst>
            <dst id="ATLAng">51476.056</dst>
            <dst id="CHINng">21439.1333333333</dst>
            <dst id="DNVRng">0</dst>
            <dst id="HSTNng">96679.0453333333</dst>
            <dst id="IPLSng">59359.048</dst>
            <dst id="KSCYng">7798.62133333333</dst>
            <dst id="LOSAng">80</dst>
            <dst id="NYCMng">24447.1333333333</dst>
            <dst id="SNVAng">0</dst>
            <dst id="STTLng">404.768</dst>
            <dst id="WASHng">84745.728</dst>
        </src>
        <src id="CHINng">
            <dst id="ATLA-M5">0</dst>
            <dst id="ATLAng">41166.8106666667</dst>
            <dst id="CHINng">120199.237333333</dst>
            <dst id="DNVRng">24707.0293333333</dst>
            <dst id="HSTNng">111220.544</dst>
            <dst id="IPLSng">73777.4693333333</dst>
            <dst id="KSCYng">17119.488</dst>
            <dst id="LOSAng">95.9626666666666</dst>
            <dst id="NYCMng">58078.488</dst>
            <dst id="SNVAng">26.6666666666667</dst>
            <dst id="STTLng">1309.224</dst>
            <dst id="WASHng">53226.248</dst>
        </src>
        <src id="DNVRng">
            <dst id="ATLA-M5">0</dst>
            <dst id="ATLAng">20840.1493333333</dst>
            <dst id="CHINng">79593.696</dst>
            <dst id="DNVRng">6571.152</dst>
            <dst id="HSTNng">40926.8693333333</dst>
            <dst id="IPLSng">29536.5226666667</dst>
            <dst id="KSCYng">11348.7733333333</dst>
            <dst id="LOSAng">29.5173333333333</dst>
            <dst id="NYCMng">19009.8133333333</dst>
            <dst id="SNVAng">28827.7733333333</dst>
            <dst id="STTLng">425.709333333333</dst>
            <dst id="WASHng">53435.3413333333</dst>
        </src>
        <src id="HSTNng">
            <dst id="ATLA-M5">0</dst>
            <dst id="ATLAng">41169.04</dst>
            <dst id="CHINng">1364.77066666667</dst>
            <dst id="DNVRng">26.6666666666667</dst>
            <dst id="HSTNng">161150.218666667</dst>
            <dst id="IPLSng">53.3333333333333</dst>
            <dst id="KSCYng">26.6666666666667</dst>
            <dst id="LOSAng">53.3333333333333</dst>
            <dst id="NYCMng">9340.77866666667</dst>
            <dst id="SNVAng">0</dst>
            <dst id="STTLng">84.1386666666667</dst>
            <dst id="WASHng">131217.290666667</dst>
        </src>
        <src id="IPLSng">
            <dst id="ATLA-M5">0</dst>
            <dst id="ATLAng">22788.3146666667</dst>
            <dst id="CHINng">157774.506666667</dst>
            <dst id="DNVRng">13368.7413333333</dst>
            <dst id="HSTNng">151122.077333333</dst>
            <dst id="IPLSng">41918.6906666667</dst>
            <dst id="KSCYng">39288.4853333333</dst>
            <dst id="LOSAng">1397.81066666667</dst>
            <dst id="NYCMng">84844.6266666667</dst>
            <dst id="SNVAng">489.141333333333</dst>
            <dst id="STTLng">1170.49866666667</dst>
            <dst id="WASHng">45156.7573333333</dst>
        </src>
        <src id="KSCYng">
            <dst id="ATLA-M5">0</dst>
            <dst id="ATLAng">8143.18933333333</dst>
            <dst id="CHINng">34623.3306666667</dst>
            <dst id="DNVRng">27859.3386666667</dst>
            <dst id="HSTNng">17484.896</dst>
            <dst id="IPLSng">16371.5306666667</dst>
            <dst id="KSCYng">6091.31733333334</dst>
            <dst id="LOSAng">26.6666666666667</dst>
            <dst id="NYCMng">16166.5706666667</dst>
            <dst id="SNVAng">0</dst>
            <dst id="STTLng">152.688</dst>
            <dst id="WASHng">18802.312</dst>
        </src>
        <src id="LOSAng">
            <dst id="ATLA-M5">0</dst>
            <dst id="ATLAng">29959.1946666667</dst>
            <dst id="CHINng">12071.9946666667</dst>
            <dst id="DNVRng">28326.0666666667</dst>
            <dst id="HSTNng">170453.082666667</dst>
            <dst id="IPLSng">888.552</dst>
            <dst id="KSCYng">310.136</dst>
            <dst id="LOSAng">14974.2</dst>
            <dst id="NYCMng">62787.04</dst>
            <dst id="SNVAng">17000.3386666667</dst>
            <dst id="STTLng">30361.5146666667</dst>
            <dst id="WASHng">115049.12</dst>
        </src>
        <src id="NYCMng">
            <dst id="ATLA-M5">0</dst>
            <dst id="ATLAng">45311.7386666667</dst>
            <dst id="CHINng">81228.4026666667</dst>
            <dst id="DNVRng">44168.696</dst>
            <dst id="HSTNng">169928.485333333</dst>
            <dst id="IPLSng">93314.4346666667</dst>
            <dst id="KSCYng">26704.384</dst>
            <dst id="LOSAng">147.330666666667</dst>
            <dst id="NYCMng">251791.192</dst>
            <dst id="SNVAng">76.096</dst>
            <dst id="STTLng">3256.25866666667</dst>
            <dst id="WASHng">175865.32</dst>
        </src>
        <src id="SNVAng">
            <dst id="ATLA-M5">0</dst>
            <dst id="ATLAng">1811.048</dst>
            <dst id="CHINng">1814.09066666667</dst>
            <dst id="DNVRng">10249.5466666667</dst>
            <dst id="HSTNng">23644.2533333333</dst>
            <dst id="IPLSng">0</dst>
            <dst id="KSCYng">1292.34666666667</dst>
            <dst id="LOSAng">41051.304</dst>
            <dst id="NYCMng">9913.344</dst>
            <dst id="SNVAng">16463.552</dst>
            <dst id="STTLng">50981.9146666667</dst>
            <dst id="WASHng">2880.43733333333</dst>
        </src>
        <src id="STTLng">
            <dst id="ATLA-M5">0</dst>
            <dst id="ATLAng">13744.5653333333</dst>
            <dst id="CHINng">22974.936</dst>
            <dst id="DNVRng">10111.784</dst>
            <dst id="HSTNng">53040.3653333333</dst>
            <dst id="IPLSng">280.077333333333</dst>
            <dst id="KSCYng">4102.51733333333</dst>
            <dst id="LOSAng">34377.44</dst>
            <dst id="NYCMng">16740.5173333333</dst>
            <dst id="SNVAng">8912.128</dst>
            <dst id="STTLng">3874.48</dst>
            <dst id="WASHng">36539.1706666667</dst>
        </src>
        <src id="WASHng">
            <dst id="ATLA-M5">0</dst>
            <dst id="ATLAng">81689.2746666667</dst>
            <dst id="CHINng">84314.0453333333</dst>
            <dst id="DNVRng">2233.64533333333</dst>
            <dst id="HSTNng">342007.893333333</dst>
            <dst id="IPLSng">81471.304</dst>
            <dst id="KSCYng">17507.8426666667</dst>
            <dst id="LOSAng">97.792</dst>
            <dst id="NYCMng">210749.341333333</dst>
            <dst id="SNVAng">341.368</dst>
            <dst id="STTLng">6341.13066666667</dst>
            <dst id="WASHng">262567.218666667</dst>
        </src>
    </IntraTM>
</TrafficMatrixFile>
