<?xml version="1.0" encoding="ISO-8859-1" standalone="yes"?>
<TrafficMatrixFile xsi:noNamespaceSchemaLocation="http://totem.run.montefiore.ulg.ac.be/Schema/TrafficMatrix-v1_2.xsd" xmlns:xsi="http://www.w3.org/2001/XMLSchema-instance">
    <IntraTM ASID="11537">
        <src id="ATLA-M5">
            <dst id="ATLA-M5">0</dst>
            <dst id="ATLAng">262.418666666667</dst>
            <dst id="CHINng">1528.93333333333</dst>
            <dst id="DNVRng">0</dst>
            <dst id="HSTNng">72.4213333333334</dst>
            <dst id="IPLSng">918.045333333333</dst>
            <dst id="KSCYng">0</dst>
            <dst id="LOSAng">0</dst>
            <dst id="NYCMng">2967.192</dst>
            <dst id="SNVAng">0</dst>
            <dst id="STTLng">0</dst>
            <dst id="WASHng">1202.36533333333</dst>
        </src>
        <src id="ATLAng">
            <dst id="ATLA-M5">0</dst>
            <dst id="ATLAng">24770.936</dst>
            <dst id="CHINng">28853.9546666667</dst>
            <dst id="DNVRng">0</dst>
            <dst id="HSTNng">2404.98933333333</dst>
            <dst id="IPLSng">24968.1333333333</dst>
            <dst id="KSCYng">0</dst>
            <dst id="LOSAng">108.384</dst>
            <dst id="NYCMng">44634.6586666667</dst>
            <dst id="SNVAng">0</dst>
            <dst id="STTLng">0</dst>
            <dst id="WASHng">42021.968</dst>
        </src>
        <src id="CHINng">
            <dst id="ATLA-M5">0</dst>
            <dst id="ATLAng">25050.368</dst>
            <dst id="CHINng">27774.496</dst>
            <dst id="DNVRng">0</dst>
            <dst id="HSTNng">11304.2826666667</dst>
            <dst id="IPLSng">41340.8506666667</dst>
            <dst id="KSCYng">80</dst>
            <dst id="LOSAng">82.936</dst>
            <dst id="NYCMng">208262.461333333</dst>
            <dst id="SNVAng">0</dst>
            <dst id="STTLng">1052.77333333333</dst>
            <dst id="WASHng">34967.1573333333</dst>
        </src>
        <src id="DNVRng">
            <dst id="ATLA-M5">0</dst>
            <dst id="ATLAng">6257.496</dst>
            <dst id="CHINng">32956.272</dst>
            <dst id="DNVRng">11380.944</dst>
            <dst id="HSTNng">28987.8693333333</dst>
            <dst id="IPLSng">28486.7146666667</dst>
            <dst id="KSCYng">18713.9413333333</dst>
            <dst id="LOSAng">26.6666666666667</dst>
            <dst id="NYCMng">40577.7813333333</dst>
            <dst id="SNVAng">11994.4053333333</dst>
            <dst id="STTLng">2148.72266666667</dst>
            <dst id="WASHng">37116.8</dst>
        </src>
        <src id="HSTNng">
            <dst id="ATLA-M5">0</dst>
            <dst id="ATLAng">13835.688</dst>
            <dst id="CHINng">548.802666666667</dst>
            <dst id="DNVRng">0</dst>
            <dst id="HSTNng">97974.4533333333</dst>
            <dst id="IPLSng">26.6666666666667</dst>
            <dst id="KSCYng">0</dst>
            <dst id="LOSAng">0</dst>
            <dst id="NYCMng">4131.83733333333</dst>
            <dst id="SNVAng">0</dst>
            <dst id="STTLng">0</dst>
            <dst id="WASHng">116477.064</dst>
        </src>
        <src id="IPLSng">
            <dst id="ATLA-M5">0</dst>
            <dst id="ATLAng">15058.3146666667</dst>
            <dst id="CHINng">109733.381333333</dst>
            <dst id="DNVRng">0</dst>
            <dst id="HSTNng">9661.08266666667</dst>
            <dst id="IPLSng">16081.5066666667</dst>
            <dst id="KSCYng">17818.024</dst>
            <dst id="LOSAng">0</dst>
            <dst id="NYCMng">141143.562666667</dst>
            <dst id="SNVAng">53.3333333333333</dst>
            <dst id="STTLng">26.6666666666667</dst>
            <dst id="WASHng">17081.488</dst>
        </src>
        <src id="KSCYng">
            <dst id="ATLA-M5">0</dst>
            <dst id="ATLAng">3569.312</dst>
            <dst id="CHINng">23431.7573333333</dst>
            <dst id="DNVRng">7608.512</dst>
            <dst id="HSTNng">18979.0053333333</dst>
            <dst id="IPLSng">14661.496</dst>
            <dst id="KSCYng">6315.336</dst>
            <dst id="LOSAng">0</dst>
            <dst id="NYCMng">20312.84</dst>
            <dst id="SNVAng">26.6666666666667</dst>
            <dst id="STTLng">0</dst>
            <dst id="WASHng">13681.6186666667</dst>
        </src>
        <src id="LOSAng">
            <dst id="ATLA-M5">0</dst>
            <dst id="ATLAng">10374.816</dst>
            <dst id="CHINng">2167.68</dst>
            <dst id="DNVRng">7869.66666666667</dst>
            <dst id="HSTNng">82673.8533333333</dst>
            <dst id="IPLSng">904.024</dst>
            <dst id="KSCYng">100.130666666667</dst>
            <dst id="LOSAng">17526.7546666667</dst>
            <dst id="NYCMng">67940.1306666667</dst>
            <dst id="SNVAng">11032.072</dst>
            <dst id="STTLng">22605.1546666667</dst>
            <dst id="WASHng">98946.216</dst>
        </src>
        <src id="NYCMng">
            <dst id="ATLA-M5">0</dst>
            <dst id="ATLAng">37450.2693333333</dst>
            <dst id="CHINng">1573.40266666667</dst>
            <dst id="DNVRng">0</dst>
            <dst id="HSTNng">13863.896</dst>
            <dst id="IPLSng">0</dst>
            <dst id="KSCYng">53.3333333333333</dst>
            <dst id="LOSAng">188.725333333333</dst>
            <dst id="NYCMng">406628.506666667</dst>
            <dst id="SNVAng">26.6666666666667</dst>
            <dst id="STTLng">806.485333333333</dst>
            <dst id="WASHng">112104</dst>
        </src>
        <src id="SNVAng">
            <dst id="ATLA-M5">0</dst>
            <dst id="ATLAng">490.189333333333</dst>
            <dst id="CHINng">0</dst>
            <dst id="DNVRng">12774.5706666667</dst>
            <dst id="HSTNng">4659.93866666667</dst>
            <dst id="IPLSng">219.226666666667</dst>
            <dst id="KSCYng">499.117333333333</dst>
            <dst id="LOSAng">36079.1306666667</dst>
            <dst id="NYCMng">4856.59466666667</dst>
            <dst id="SNVAng">15450</dst>
            <dst id="STTLng">60168.28</dst>
            <dst id="WASHng">615.624</dst>
        </src>
        <src id="STTLng">
            <dst id="ATLA-M5">0</dst>
            <dst id="ATLAng">7147.07733333333</dst>
            <dst id="CHINng">527.882666666667</dst>
            <dst id="DNVRng">9311.69866666667</dst>
            <dst id="HSTNng">16596.2586666667</dst>
            <dst id="IPLSng">218.565333333333</dst>
            <dst id="KSCYng">3564.39733333333</dst>
            <dst id="LOSAng">23495.6613333333</dst>
            <dst id="NYCMng">46800.1333333333</dst>
            <dst id="SNVAng">14839.3386666667</dst>
            <dst id="STTLng">4599.67466666667</dst>
            <dst id="WASHng">28233.6106666667</dst>
        </src>
        <src id="WASHng">
            <dst id="ATLA-M5">0</dst>
            <dst id="ATLAng">105777.021333333</dst>
            <dst id="CHINng">597.413333333333</dst>
            <dst id="DNVRng">0</dst>
            <dst id="HSTNng">70035.8506666667</dst>
            <dst id="IPLSng">140.965333333333</dst>
            <dst id="KSCYng">26.6666666666667</dst>
            <dst id="LOSAng">125.685333333333</dst>
            <dst id="NYCMng">488783.173333333</dst>
            <dst id="SNVAng">113.477333333333</dst>
            <dst id="STTLng">1644.17066666667</dst>
            <dst id="WASHng">286109.653333333</dst>
        </src>
    </IntraTM>
</TrafficMatrixFile>
