<?xml version="1.0" encoding="ISO-8859-1" standalone="yes"?>
<TrafficMatrixFile xsi:noNamespaceSchemaLocation="http://totem.run.montefiore.ulg.ac.be/Schema/TrafficMatrix-v1_2.xsd" xmlns:xsi="http://www.w3.org/2001/XMLSchema-instance">
    <IntraTM ASID="11537">
        <src id="ATLA-M5">
            <dst id="ATLA-M5">0</dst>
            <dst id="ATLAng">1125.53866666667</dst>
            <dst id="CHINng">1202.37333333333</dst>
            <dst id="DNVRng">26.6666666666667</dst>
            <dst id="HSTNng">1883.416</dst>
            <dst id="IPLSng">548.96</dst>
            <dst id="KSCYng">52.2773333333333</dst>
            <dst id="LOSAng">0</dst>
            <dst id="NYCMng">495.066666666667</dst>
            <dst id="SNVAng">0</dst>
            <dst id="STTLng">26.6666666666667</dst>
            <dst id="WASHng">1272.136</dst>
        </src>
        <src id="ATLAng">
            <dst id="ATLA-M5">0</dst>
            <dst id="ATLAng">25531.28</dst>
            <dst id="CHINng">24774.04</dst>
            <dst id="DNVRng">118.970666666667</dst>
            <dst id="HSTNng">38598.8826666667</dst>
            <dst id="IPLSng">36902.2933333333</dst>
            <dst id="KSCYng">7275.376</dst>
            <dst id="LOSAng">0</dst>
            <dst id="NYCMng">22301.8133333333</dst>
            <dst id="SNVAng">53.9493333333333</dst>
            <dst id="STTLng">305.032</dst>
            <dst id="WASHng">58930.0293333333</dst>
        </src>
        <src id="CHINng">
            <dst id="ATLA-M5">0</dst>
            <dst id="ATLAng">35331.512</dst>
            <dst id="CHINng">109909.032</dst>
            <dst id="DNVRng">25655.824</dst>
            <dst id="HSTNng">129547.016</dst>
            <dst id="IPLSng">90128.3893333333</dst>
            <dst id="KSCYng">19575.1893333333</dst>
            <dst id="LOSAng">169.325333333333</dst>
            <dst id="NYCMng">38707.4933333333</dst>
            <dst id="SNVAng">53.3333333333333</dst>
            <dst id="STTLng">893.930666666667</dst>
            <dst id="WASHng">47464.584</dst>
        </src>
        <src id="DNVRng">
            <dst id="ATLA-M5">0</dst>
            <dst id="ATLAng">7586.41866666667</dst>
            <dst id="CHINng">49854.416</dst>
            <dst id="DNVRng">9775.91466666667</dst>
            <dst id="HSTNng">43662.3546666667</dst>
            <dst id="IPLSng">29600.5066666667</dst>
            <dst id="KSCYng">19917.3093333333</dst>
            <dst id="LOSAng">0</dst>
            <dst id="NYCMng">30499.432</dst>
            <dst id="SNVAng">10959.5626666667</dst>
            <dst id="STTLng">1147.44533333333</dst>
            <dst id="WASHng">46363.9786666667</dst>
        </src>
        <src id="HSTNng">
            <dst id="ATLA-M5">0</dst>
            <dst id="ATLAng">35438.0746666667</dst>
            <dst id="CHINng">1356.71733333333</dst>
            <dst id="DNVRng">0</dst>
            <dst id="HSTNng">152186.296</dst>
            <dst id="IPLSng">26.6666666666667</dst>
            <dst id="KSCYng">0</dst>
            <dst id="LOSAng">0</dst>
            <dst id="NYCMng">9455.82133333333</dst>
            <dst id="SNVAng">0</dst>
            <dst id="STTLng">83.1866666666667</dst>
            <dst id="WASHng">120801.968</dst>
        </src>
        <src id="IPLSng">
            <dst id="ATLA-M5">0</dst>
            <dst id="ATLAng">26528.056</dst>
            <dst id="CHINng">127742.197333333</dst>
            <dst id="DNVRng">14236.92</dst>
            <dst id="HSTNng">59383.0053333333</dst>
            <dst id="IPLSng">45337.872</dst>
            <dst id="KSCYng">28529.0506666667</dst>
            <dst id="LOSAng">26.6666666666667</dst>
            <dst id="NYCMng">61893.424</dst>
            <dst id="SNVAng">176.749333333333</dst>
            <dst id="STTLng">783.874666666666</dst>
            <dst id="WASHng">41866.0506666667</dst>
        </src>
        <src id="KSCYng">
            <dst id="ATLA-M5">0</dst>
            <dst id="ATLAng">6826.312</dst>
            <dst id="CHINng">34289.872</dst>
            <dst id="DNVRng">7848.776</dst>
            <dst id="HSTNng">21582</dst>
            <dst id="IPLSng">25548.0666666667</dst>
            <dst id="KSCYng">7631.18666666667</dst>
            <dst id="LOSAng">0</dst>
            <dst id="NYCMng">12706.368</dst>
            <dst id="SNVAng">26.6666666666667</dst>
            <dst id="STTLng">224.082666666667</dst>
            <dst id="WASHng">16616.4026666667</dst>
        </src>
        <src id="LOSAng">
            <dst id="ATLA-M5">0</dst>
            <dst id="ATLAng">26053.0906666667</dst>
            <dst id="CHINng">10867.1973333333</dst>
            <dst id="DNVRng">23645.696</dst>
            <dst id="HSTNng">165370.112</dst>
            <dst id="IPLSng">525.826666666667</dst>
            <dst id="KSCYng">134.165333333333</dst>
            <dst id="LOSAng">15210.7413333333</dst>
            <dst id="NYCMng">72322.832</dst>
            <dst id="SNVAng">16703.0346666667</dst>
            <dst id="STTLng">29495.936</dst>
            <dst id="WASHng">107131.557333333</dst>
        </src>
        <src id="NYCMng">
            <dst id="ATLA-M5">0</dst>
            <dst id="ATLAng">35724.7973333333</dst>
            <dst id="CHINng">94200.8773333333</dst>
            <dst id="DNVRng">49775.4453333333</dst>
            <dst id="HSTNng">158613.992</dst>
            <dst id="IPLSng">79275.616</dst>
            <dst id="KSCYng">30051.3546666667</dst>
            <dst id="LOSAng">462.890666666667</dst>
            <dst id="NYCMng">239298.368</dst>
            <dst id="SNVAng">28.32</dst>
            <dst id="STTLng">4747.88533333333</dst>
            <dst id="WASHng">147893.293333333</dst>
        </src>
        <src id="SNVAng">
            <dst id="ATLA-M5">0</dst>
            <dst id="ATLAng">1676.34933333333</dst>
            <dst id="CHINng">512.669333333333</dst>
            <dst id="DNVRng">24527.008</dst>
            <dst id="HSTNng">9834.15733333333</dst>
            <dst id="IPLSng">0</dst>
            <dst id="KSCYng">607.330666666667</dst>
            <dst id="LOSAng">39347.9146666667</dst>
            <dst id="NYCMng">7382.42666666667</dst>
            <dst id="SNVAng">17019.88</dst>
            <dst id="STTLng">53316.7306666667</dst>
            <dst id="WASHng">1195.256</dst>
        </src>
        <src id="STTLng">
            <dst id="ATLA-M5">0</dst>
            <dst id="ATLAng">10693.664</dst>
            <dst id="CHINng">22457.8586666667</dst>
            <dst id="DNVRng">6237.432</dst>
            <dst id="HSTNng">43010.2826666667</dst>
            <dst id="IPLSng">369.504</dst>
            <dst id="KSCYng">5389.10933333333</dst>
            <dst id="LOSAng">26479.008</dst>
            <dst id="NYCMng">17045.4533333333</dst>
            <dst id="SNVAng">7026.32533333333</dst>
            <dst id="STTLng">5215.768</dst>
            <dst id="WASHng">32107.12</dst>
        </src>
        <src id="WASHng">
            <dst id="ATLA-M5">0</dst>
            <dst id="ATLAng">125783.24</dst>
            <dst id="CHINng">86367.8533333333</dst>
            <dst id="DNVRng">2493.06666666667</dst>
            <dst id="HSTNng">318835.973333333</dst>
            <dst id="IPLSng">72788.7226666667</dst>
            <dst id="KSCYng">14015.6213333333</dst>
            <dst id="LOSAng">128</dst>
            <dst id="NYCMng">236970.309333333</dst>
            <dst id="SNVAng">258.413333333333</dst>
            <dst id="STTLng">3830.67466666667</dst>
            <dst id="WASHng">282096.8</dst>
        </src>
    </IntraTM>
</TrafficMatrixFile>
