<?xml version="1.0" encoding="ISO-8859-1" standalone="yes"?>
<TrafficMatrixFile xsi:noNamespaceSchemaLocation="http://totem.run.montefiore.ulg.ac.be/Schema/TrafficMatrix-v1_2.xsd" xmlns:xsi="http://www.w3.org/2001/XMLSchema-instance">
    <IntraTM ASID="11537">
        <src id="ATLA-M5">
            <dst id="ATLA-M5">115.776</dst>
            <dst id="ATLAng">323.376</dst>
            <dst id="CHINng">1715.22666666667</dst>
            <dst id="DNVRng">0</dst>
            <dst id="HSTNng">26.6666666666667</dst>
            <dst id="IPLSng">2534.50133333333</dst>
            <dst id="KSCYng">0</dst>
            <dst id="LOSAng">0</dst>
            <dst id="NYCMng">1723.64266666667</dst>
            <dst id="SNVAng">0</dst>
            <dst id="STTLng">0</dst>
            <dst id="WASHng">944.488</dst>
        </src>
        <src id="ATLAng">
            <dst id="ATLA-M5">0</dst>
            <dst id="ATLAng">39022.9866666667</dst>
            <dst id="CHINng">47426.696</dst>
            <dst id="DNVRng">0</dst>
            <dst id="HSTNng">9824</dst>
            <dst id="IPLSng">30697.1333333333</dst>
            <dst id="KSCYng">0</dst>
            <dst id="LOSAng">26.6666666666667</dst>
            <dst id="NYCMng">54370.68</dst>
            <dst id="SNVAng">53.3333333333333</dst>
            <dst id="STTLng">26.6666666666667</dst>
            <dst id="WASHng">45551.8</dst>
        </src>
        <src id="CHINng">
            <dst id="ATLA-M5">0</dst>
            <dst id="ATLAng">21459.76</dst>
            <dst id="CHINng">45548.064</dst>
            <dst id="DNVRng">0</dst>
            <dst id="HSTNng">18558.8666666667</dst>
            <dst id="IPLSng">63016.6693333333</dst>
            <dst id="KSCYng">125.362666666667</dst>
            <dst id="LOSAng">80</dst>
            <dst id="NYCMng">230727.461333333</dst>
            <dst id="SNVAng">53.3333333333333</dst>
            <dst id="STTLng">53.3333333333333</dst>
            <dst id="WASHng">45493.6693333333</dst>
        </src>
        <src id="DNVRng">
            <dst id="ATLA-M5">0</dst>
            <dst id="ATLAng">6657.92533333333</dst>
            <dst id="CHINng">102031.424</dst>
            <dst id="DNVRng">14679.488</dst>
            <dst id="HSTNng">59010.0266666667</dst>
            <dst id="IPLSng">33216.056</dst>
            <dst id="KSCYng">21968.168</dst>
            <dst id="LOSAng">0</dst>
            <dst id="NYCMng">32673.6613333333</dst>
            <dst id="SNVAng">14888.7386666667</dst>
            <dst id="STTLng">1226.29333333333</dst>
            <dst id="WASHng">47827.0666666667</dst>
        </src>
        <src id="HSTNng">
            <dst id="ATLA-M5">0</dst>
            <dst id="ATLAng">54564.4053333333</dst>
            <dst id="CHINng">1030.07466666667</dst>
            <dst id="DNVRng">26.6666666666667</dst>
            <dst id="HSTNng">125691.418666667</dst>
            <dst id="IPLSng">26.6666666666667</dst>
            <dst id="KSCYng">0</dst>
            <dst id="LOSAng">0</dst>
            <dst id="NYCMng">7125.37333333333</dst>
            <dst id="SNVAng">26.6666666666667</dst>
            <dst id="STTLng">104.538666666667</dst>
            <dst id="WASHng">117905.557333333</dst>
        </src>
        <src id="IPLSng">
            <dst id="ATLA-M5">0</dst>
            <dst id="ATLAng">13563.1546666667</dst>
            <dst id="CHINng">112866.872</dst>
            <dst id="DNVRng">0</dst>
            <dst id="HSTNng">10000.3626666667</dst>
            <dst id="IPLSng">45110.7813333333</dst>
            <dst id="KSCYng">21676.368</dst>
            <dst id="LOSAng">26.6666666666667</dst>
            <dst id="NYCMng">182068.154666667</dst>
            <dst id="SNVAng">80</dst>
            <dst id="STTLng">26.6666666666667</dst>
            <dst id="WASHng">34680.0453333333</dst>
        </src>
        <src id="KSCYng">
            <dst id="ATLA-M5">0</dst>
            <dst id="ATLAng">3473.27733333333</dst>
            <dst id="CHINng">24074.8266666667</dst>
            <dst id="DNVRng">15628.5546666667</dst>
            <dst id="HSTNng">17240.64</dst>
            <dst id="IPLSng">13728.7946666667</dst>
            <dst id="KSCYng">9737.37333333333</dst>
            <dst id="LOSAng">120.138666666667</dst>
            <dst id="NYCMng">56779.7786666667</dst>
            <dst id="SNVAng">0</dst>
            <dst id="STTLng">0</dst>
            <dst id="WASHng">14640.512</dst>
        </src>
        <src id="LOSAng">
            <dst id="ATLA-M5">0</dst>
            <dst id="ATLAng">46312.9493333333</dst>
            <dst id="CHINng">2290.888</dst>
            <dst id="DNVRng">27581.8533333333</dst>
            <dst id="HSTNng">100908.264</dst>
            <dst id="IPLSng">2319.54666666667</dst>
            <dst id="KSCYng">140.965333333333</dst>
            <dst id="LOSAng">17365.4826666667</dst>
            <dst id="NYCMng">72961.504</dst>
            <dst id="SNVAng">10200.1093333333</dst>
            <dst id="STTLng">25301.6586666667</dst>
            <dst id="WASHng">97406.4533333333</dst>
        </src>
        <src id="NYCMng">
            <dst id="ATLA-M5">0</dst>
            <dst id="ATLAng">39002.7813333333</dst>
            <dst id="CHINng">1883.43466666667</dst>
            <dst id="DNVRng">0</dst>
            <dst id="HSTNng">21289.2266666667</dst>
            <dst id="IPLSng">214.32</dst>
            <dst id="KSCYng">183.04</dst>
            <dst id="LOSAng">132.864</dst>
            <dst id="NYCMng">546161.6</dst>
            <dst id="SNVAng">26.6666666666667</dst>
            <dst id="STTLng">177.757333333333</dst>
            <dst id="WASHng">97096.2373333333</dst>
        </src>
        <src id="SNVAng">
            <dst id="ATLA-M5">0</dst>
            <dst id="ATLAng">1179.69066666667</dst>
            <dst id="CHINng">0</dst>
            <dst id="DNVRng">10268.392</dst>
            <dst id="HSTNng">4987.136</dst>
            <dst id="IPLSng">0</dst>
            <dst id="KSCYng">382.253333333333</dst>
            <dst id="LOSAng">38354.3173333333</dst>
            <dst id="NYCMng">6314.816</dst>
            <dst id="SNVAng">16411.2026666667</dst>
            <dst id="STTLng">54707.6826666667</dst>
            <dst id="WASHng">533.330666666667</dst>
        </src>
        <src id="STTLng">
            <dst id="ATLA-M5">0</dst>
            <dst id="ATLAng">8844.80533333334</dst>
            <dst id="CHINng">1229.728</dst>
            <dst id="DNVRng">5832.89333333333</dst>
            <dst id="HSTNng">23463.2693333333</dst>
            <dst id="IPLSng">205.464</dst>
            <dst id="KSCYng">3742.53333333333</dst>
            <dst id="LOSAng">24300.3333333333</dst>
            <dst id="NYCMng">51462.9493333333</dst>
            <dst id="SNVAng">8973.12</dst>
            <dst id="STTLng">10796.008</dst>
            <dst id="WASHng">32058.944</dst>
        </src>
        <src id="WASHng">
            <dst id="ATLA-M5">0</dst>
            <dst id="ATLAng">107743.506666667</dst>
            <dst id="CHINng">686.269333333334</dst>
            <dst id="DNVRng">0</dst>
            <dst id="HSTNng">93587.1946666667</dst>
            <dst id="IPLSng">53.3333333333333</dst>
            <dst id="KSCYng">133.597333333333</dst>
            <dst id="LOSAng">0</dst>
            <dst id="NYCMng">622828.373333333</dst>
            <dst id="SNVAng">53.3333333333333</dst>
            <dst id="STTLng">80</dst>
            <dst id="WASHng">315119.973333333</dst>
        </src>
    </IntraTM>
</TrafficMatrixFile>
