<?xml version="1.0" encoding="ISO-8859-1" standalone="yes"?>
<TrafficMatrixFile xsi:noNamespaceSchemaLocation="http://totem.run.montefiore.ulg.ac.be/Schema/TrafficMatrix-v1_2.xsd" xmlns:xsi="http://www.w3.org/2001/XMLSchema-instance">
    <IntraTM ASID="11537">
        <src id="ATLA-M5">
            <dst id="ATLA-M5">120.106666666667</dst>
            <dst id="ATLAng">934.266666666667</dst>
            <dst id="CHINng">1403.22933333333</dst>
            <dst id="DNVRng">75.3733333333333</dst>
            <dst id="HSTNng">1287.472</dst>
            <dst id="IPLSng">571.677333333333</dst>
            <dst id="KSCYng">693.890666666667</dst>
            <dst id="LOSAng">26.6666666666667</dst>
            <dst id="NYCMng">1192.03733333333</dst>
            <dst id="SNVAng">30.9226666666667</dst>
            <dst id="STTLng">53.3333333333333</dst>
            <dst id="WASHng">2682.672</dst>
        </src>
        <src id="ATLAng">
            <dst id="ATLA-M5">0</dst>
            <dst id="ATLAng">47198.3413333333</dst>
            <dst id="CHINng">45024.2</dst>
            <dst id="DNVRng">175.637333333333</dst>
            <dst id="HSTNng">90462.4826666666</dst>
            <dst id="IPLSng">107298.957333333</dst>
            <dst id="KSCYng">5341.70666666667</dst>
            <dst id="LOSAng">179.133333333333</dst>
            <dst id="NYCMng">17692.6746666667</dst>
            <dst id="SNVAng">1099.41066666667</dst>
            <dst id="STTLng">314.288</dst>
            <dst id="WASHng">85154.368</dst>
        </src>
        <src id="CHINng">
            <dst id="ATLA-M5">0</dst>
            <dst id="ATLAng">30107</dst>
            <dst id="CHINng">116801.104</dst>
            <dst id="DNVRng">19965.3306666667</dst>
            <dst id="HSTNng">100851.301333333</dst>
            <dst id="IPLSng">79962.1893333333</dst>
            <dst id="KSCYng">18937.6346666667</dst>
            <dst id="LOSAng">148.938666666667</dst>
            <dst id="NYCMng">39446.92</dst>
            <dst id="SNVAng">266.16</dst>
            <dst id="STTLng">834.858666666667</dst>
            <dst id="WASHng">54870.368</dst>
        </src>
        <src id="DNVRng">
            <dst id="ATLA-M5">0</dst>
            <dst id="ATLAng">11222.7573333333</dst>
            <dst id="CHINng">76622.216</dst>
            <dst id="DNVRng">36663.9386666667</dst>
            <dst id="HSTNng">50626.912</dst>
            <dst id="IPLSng">60361.7386666667</dst>
            <dst id="KSCYng">31252.9786666667</dst>
            <dst id="LOSAng">80</dst>
            <dst id="NYCMng">16913.6613333333</dst>
            <dst id="SNVAng">13051.1626666667</dst>
            <dst id="STTLng">437.266666666667</dst>
            <dst id="WASHng">53604.6453333333</dst>
        </src>
        <src id="HSTNng">
            <dst id="ATLA-M5">0</dst>
            <dst id="ATLAng">53078.736</dst>
            <dst id="CHINng">4056.88</dst>
            <dst id="DNVRng">398.696</dst>
            <dst id="HSTNng">161409.752</dst>
            <dst id="IPLSng">133.333333333333</dst>
            <dst id="KSCYng">36</dst>
            <dst id="LOSAng">26.6666666666667</dst>
            <dst id="NYCMng">9456.104</dst>
            <dst id="SNVAng">110.096</dst>
            <dst id="STTLng">53.3333333333333</dst>
            <dst id="WASHng">123403.789333333</dst>
        </src>
        <src id="IPLSng">
            <dst id="ATLA-M5">0</dst>
            <dst id="ATLAng">88291.8266666667</dst>
            <dst id="CHINng">151238.306666667</dst>
            <dst id="DNVRng">22207.664</dst>
            <dst id="HSTNng">112709.621333333</dst>
            <dst id="IPLSng">87292.5573333333</dst>
            <dst id="KSCYng">25717.4533333333</dst>
            <dst id="LOSAng">372.08</dst>
            <dst id="NYCMng">60356.9226666667</dst>
            <dst id="SNVAng">6311.68266666666</dst>
            <dst id="STTLng">493.818666666667</dst>
            <dst id="WASHng">56692.808</dst>
        </src>
        <src id="KSCYng">
            <dst id="ATLA-M5">0</dst>
            <dst id="ATLAng">7678.312</dst>
            <dst id="CHINng">38987.192</dst>
            <dst id="DNVRng">11338.216</dst>
            <dst id="HSTNng">21490.3893333333</dst>
            <dst id="IPLSng">28647.008</dst>
            <dst id="KSCYng">9185.216</dst>
            <dst id="LOSAng">67.5093333333333</dst>
            <dst id="NYCMng">10379.7813333333</dst>
            <dst id="SNVAng">137.512</dst>
            <dst id="STTLng">107.914666666667</dst>
            <dst id="WASHng">11972.4826666667</dst>
        </src>
        <src id="LOSAng">
            <dst id="ATLA-M5">0</dst>
            <dst id="ATLAng">44671.688</dst>
            <dst id="CHINng">5702.248</dst>
            <dst id="DNVRng">19407.3733333333</dst>
            <dst id="HSTNng">157201.861333333</dst>
            <dst id="IPLSng">1598.01066666667</dst>
            <dst id="KSCYng">730.717333333333</dst>
            <dst id="LOSAng">15073.2106666667</dst>
            <dst id="NYCMng">61151.168</dst>
            <dst id="SNVAng">34133.7093333333</dst>
            <dst id="STTLng">22628.0426666667</dst>
            <dst id="WASHng">108128.272</dst>
        </src>
        <src id="NYCMng">
            <dst id="ATLA-M5">0</dst>
            <dst id="ATLAng">69487.4933333333</dst>
            <dst id="CHINng">87558.6666666667</dst>
            <dst id="DNVRng">54028.464</dst>
            <dst id="HSTNng">144741.130666667</dst>
            <dst id="IPLSng">100223.376</dst>
            <dst id="KSCYng">27629.888</dst>
            <dst id="LOSAng">286.848</dst>
            <dst id="NYCMng">255972.893333333</dst>
            <dst id="SNVAng">586.696</dst>
            <dst id="STTLng">1807.09333333333</dst>
            <dst id="WASHng">240351.272</dst>
        </src>
        <src id="SNVAng">
            <dst id="ATLA-M5">0</dst>
            <dst id="ATLAng">782.557333333333</dst>
            <dst id="CHINng">5172.89866666667</dst>
            <dst id="DNVRng">3056.66666666667</dst>
            <dst id="HSTNng">8994.85066666667</dst>
            <dst id="IPLSng">0</dst>
            <dst id="KSCYng">866.944</dst>
            <dst id="LOSAng">46880.512</dst>
            <dst id="NYCMng">8666.168</dst>
            <dst id="SNVAng">15892.3066666667</dst>
            <dst id="STTLng">60714.288</dst>
            <dst id="WASHng">2237.49333333333</dst>
        </src>
        <src id="STTLng">
            <dst id="ATLA-M5">0</dst>
            <dst id="ATLAng">16825.3306666667</dst>
            <dst id="CHINng">23876.52</dst>
            <dst id="DNVRng">16299.28</dst>
            <dst id="HSTNng">63107.624</dst>
            <dst id="IPLSng">1068.93333333333</dst>
            <dst id="KSCYng">5682.62133333333</dst>
            <dst id="LOSAng">23541.7173333333</dst>
            <dst id="NYCMng">13165.696</dst>
            <dst id="SNVAng">12143.472</dst>
            <dst id="STTLng">3932.064</dst>
            <dst id="WASHng">44192.7306666667</dst>
        </src>
        <src id="WASHng">
            <dst id="ATLA-M5">0</dst>
            <dst id="ATLAng">120147.757333333</dst>
            <dst id="CHINng">127116.669333333</dst>
            <dst id="DNVRng">7143.264</dst>
            <dst id="HSTNng">388265.146666667</dst>
            <dst id="IPLSng">96862.352</dst>
            <dst id="KSCYng">25696.1733333333</dst>
            <dst id="LOSAng">233.888</dst>
            <dst id="NYCMng">230452.296</dst>
            <dst id="SNVAng">563.528</dst>
            <dst id="STTLng">7380.808</dst>
            <dst id="WASHng">364898.373333333</dst>
        </src>
    </IntraTM>
</TrafficMatrixFile>
