<?xml version="1.0" encoding="ISO-8859-1" standalone="yes"?>
<TrafficMatrixFile xsi:noNamespaceSchemaLocation="http://totem.run.montefiore.ulg.ac.be/Schema/TrafficMatrix-v1_2.xsd" xmlns:xsi="http://www.w3.org/2001/XMLSchema-instance">
    <IntraTM ASID="11537">
        <src id="ATLA-M5">
            <dst id="ATLA-M5">28.648</dst>
            <dst id="ATLAng">683.576</dst>
            <dst id="CHINng">853.728</dst>
            <dst id="DNVRng">0</dst>
            <dst id="HSTNng">269.152</dst>
            <dst id="IPLSng">1187.272</dst>
            <dst id="KSCYng">0</dst>
            <dst id="LOSAng">0</dst>
            <dst id="NYCMng">3162.04533333333</dst>
            <dst id="SNVAng">0</dst>
            <dst id="STTLng">0</dst>
            <dst id="WASHng">1820.35466666667</dst>
        </src>
        <src id="ATLAng">
            <dst id="ATLA-M5">0</dst>
            <dst id="ATLAng">28138.4293333333</dst>
            <dst id="CHINng">52531.696</dst>
            <dst id="DNVRng">0</dst>
            <dst id="HSTNng">12596.8586666667</dst>
            <dst id="IPLSng">25589.0693333333</dst>
            <dst id="KSCYng">82.3253333333333</dst>
            <dst id="LOSAng">0</dst>
            <dst id="NYCMng">65280.256</dst>
            <dst id="SNVAng">0</dst>
            <dst id="STTLng">0</dst>
            <dst id="WASHng">45622.6666666667</dst>
        </src>
        <src id="CHINng">
            <dst id="ATLA-M5">0</dst>
            <dst id="ATLAng">33726.976</dst>
            <dst id="CHINng">31647.032</dst>
            <dst id="DNVRng">0</dst>
            <dst id="HSTNng">22809.7573333333</dst>
            <dst id="IPLSng">68599.376</dst>
            <dst id="KSCYng">80</dst>
            <dst id="LOSAng">223.776</dst>
            <dst id="NYCMng">282226.346666667</dst>
            <dst id="SNVAng">53.3333333333333</dst>
            <dst id="STTLng">105.221333333333</dst>
            <dst id="WASHng">53597.8773333333</dst>
        </src>
        <src id="DNVRng">
            <dst id="ATLA-M5">0</dst>
            <dst id="ATLAng">9391.056</dst>
            <dst id="CHINng">38592.776</dst>
            <dst id="DNVRng">14046.0106666667</dst>
            <dst id="HSTNng">51357.0186666667</dst>
            <dst id="IPLSng">42728.16</dst>
            <dst id="KSCYng">24988.7573333333</dst>
            <dst id="LOSAng">0</dst>
            <dst id="NYCMng">36675.424</dst>
            <dst id="SNVAng">19874.4933333333</dst>
            <dst id="STTLng">3996.68266666667</dst>
            <dst id="WASHng">42512.536</dst>
        </src>
        <src id="HSTNng">
            <dst id="ATLA-M5">0</dst>
            <dst id="ATLAng">35461.2986666667</dst>
            <dst id="CHINng">2389.544</dst>
            <dst id="DNVRng">26.6666666666667</dst>
            <dst id="HSTNng">140031.104</dst>
            <dst id="IPLSng">106.666666666667</dst>
            <dst id="KSCYng">53.3333333333333</dst>
            <dst id="LOSAng">26.6666666666667</dst>
            <dst id="NYCMng">6154.296</dst>
            <dst id="SNVAng">0</dst>
            <dst id="STTLng">392.181333333333</dst>
            <dst id="WASHng">124582.842666667</dst>
        </src>
        <src id="IPLSng">
            <dst id="ATLA-M5">0</dst>
            <dst id="ATLAng">17563.8853333333</dst>
            <dst id="CHINng">100754.586666667</dst>
            <dst id="DNVRng">0</dst>
            <dst id="HSTNng">9128.03733333333</dst>
            <dst id="IPLSng">20699.664</dst>
            <dst id="KSCYng">24467.736</dst>
            <dst id="LOSAng">85.9733333333333</dst>
            <dst id="NYCMng">241127.810666667</dst>
            <dst id="SNVAng">106.666666666667</dst>
            <dst id="STTLng">80</dst>
            <dst id="WASHng">33522.2453333333</dst>
        </src>
        <src id="KSCYng">
            <dst id="ATLA-M5">0</dst>
            <dst id="ATLAng">7633.36</dst>
            <dst id="CHINng">22486.4</dst>
            <dst id="DNVRng">17079.5226666667</dst>
            <dst id="HSTNng">17983.384</dst>
            <dst id="IPLSng">11731.6853333333</dst>
            <dst id="KSCYng">8674.04</dst>
            <dst id="LOSAng">0</dst>
            <dst id="NYCMng">29918.1146666667</dst>
            <dst id="SNVAng">0</dst>
            <dst id="STTLng">0</dst>
            <dst id="WASHng">12915.92</dst>
        </src>
        <src id="LOSAng">
            <dst id="ATLA-M5">0</dst>
            <dst id="ATLAng">29144.264</dst>
            <dst id="CHINng">4592.52533333333</dst>
            <dst id="DNVRng">24633.0853333333</dst>
            <dst id="HSTNng">129423.765333333</dst>
            <dst id="IPLSng">358.68</dst>
            <dst id="KSCYng">547.277333333333</dst>
            <dst id="LOSAng">24360.9306666667</dst>
            <dst id="NYCMng">80497.728</dst>
            <dst id="SNVAng">12566.6293333333</dst>
            <dst id="STTLng">21534.9653333333</dst>
            <dst id="WASHng">100560.304</dst>
        </src>
        <src id="NYCMng">
            <dst id="ATLA-M5">0</dst>
            <dst id="ATLAng">35879.7386666667</dst>
            <dst id="CHINng">2239.52533333333</dst>
            <dst id="DNVRng">0</dst>
            <dst id="HSTNng">14587.5093333333</dst>
            <dst id="IPLSng">53.3333333333333</dst>
            <dst id="KSCYng">333.664</dst>
            <dst id="LOSAng">106.869333333333</dst>
            <dst id="NYCMng">921315.733333333</dst>
            <dst id="SNVAng">26.6666666666667</dst>
            <dst id="STTLng">186.08</dst>
            <dst id="WASHng">292073.333333333</dst>
        </src>
        <src id="SNVAng">
            <dst id="ATLA-M5">0</dst>
            <dst id="ATLAng">1098.49066666667</dst>
            <dst id="CHINng">26.6666666666667</dst>
            <dst id="DNVRng">3047.60533333333</dst>
            <dst id="HSTNng">4270.96</dst>
            <dst id="IPLSng">0</dst>
            <dst id="KSCYng">631.829333333333</dst>
            <dst id="LOSAng">42395.7626666667</dst>
            <dst id="NYCMng">5561.57333333333</dst>
            <dst id="SNVAng">15308.3466666667</dst>
            <dst id="STTLng">54404.968</dst>
            <dst id="WASHng">1587.30133333333</dst>
        </src>
        <src id="STTLng">
            <dst id="ATLA-M5">0</dst>
            <dst id="ATLAng">13319.232</dst>
            <dst id="CHINng">745.861333333333</dst>
            <dst id="DNVRng">9097.77066666667</dst>
            <dst id="HSTNng">22808.2106666667</dst>
            <dst id="IPLSng">310.346666666667</dst>
            <dst id="KSCYng">5421.63466666667</dst>
            <dst id="LOSAng">32697.5493333333</dst>
            <dst id="NYCMng">54305.4266666667</dst>
            <dst id="SNVAng">11572.7173333333</dst>
            <dst id="STTLng">7163.456</dst>
            <dst id="WASHng">28283.592</dst>
        </src>
        <src id="WASHng">
            <dst id="ATLA-M5">0</dst>
            <dst id="ATLAng">130207.264</dst>
            <dst id="CHINng">981.482666666667</dst>
            <dst id="DNVRng">0</dst>
            <dst id="HSTNng">80093.5866666667</dst>
            <dst id="IPLSng">155.264</dst>
            <dst id="KSCYng">26.6666666666667</dst>
            <dst id="LOSAng">53.3333333333333</dst>
            <dst id="NYCMng">637663.626666667</dst>
            <dst id="SNVAng">597.133333333333</dst>
            <dst id="STTLng">133.333333333333</dst>
            <dst id="WASHng">287415.013333333</dst>
        </src>
    </IntraTM>
</TrafficMatrixFile>
