<?xml version="1.0" encoding="ISO-8859-1" standalone="yes"?>
<TrafficMatrixFile xsi:noNamespaceSchemaLocation="http://totem.run.montefiore.ulg.ac.be/Schema/TrafficMatrix-v1_2.xsd" xmlns:xsi="http://www.w3.org/2001/XMLSchema-instance">
    <IntraTM ASID="11537">
        <src id="ATLA-M5">
            <dst id="ATLA-M5">123.666666666667</dst>
            <dst id="ATLAng">166.208</dst>
            <dst id="CHINng">467.752</dst>
            <dst id="DNVRng">0</dst>
            <dst id="HSTNng">1800.50666666667</dst>
            <dst id="IPLSng">96.552</dst>
            <dst id="KSCYng">105.688</dst>
            <dst id="LOSAng">0</dst>
            <dst id="NYCMng">2527.34933333333</dst>
            <dst id="SNVAng">0</dst>
            <dst id="STTLng">0</dst>
            <dst id="WASHng">2423.94133333333</dst>
        </src>
        <src id="ATLAng">
            <dst id="ATLA-M5">0</dst>
            <dst id="ATLAng">24789.456</dst>
            <dst id="CHINng">14293.9333333333</dst>
            <dst id="DNVRng">26.6666666666667</dst>
            <dst id="HSTNng">36519.4693333333</dst>
            <dst id="IPLSng">32152.1706666667</dst>
            <dst id="KSCYng">7135.784</dst>
            <dst id="LOSAng">0</dst>
            <dst id="NYCMng">22352.176</dst>
            <dst id="SNVAng">40.264</dst>
            <dst id="STTLng">128.197333333333</dst>
            <dst id="WASHng">79859.784</dst>
        </src>
        <src id="CHINng">
            <dst id="ATLA-M5">0</dst>
            <dst id="ATLAng">22921.4293333333</dst>
            <dst id="CHINng">148856.864</dst>
            <dst id="DNVRng">25684.7546666667</dst>
            <dst id="HSTNng">111621.68</dst>
            <dst id="IPLSng">53529.5013333333</dst>
            <dst id="KSCYng">13141.5626666667</dst>
            <dst id="LOSAng">749.978666666667</dst>
            <dst id="NYCMng">27858.0986666667</dst>
            <dst id="SNVAng">53.3333333333333</dst>
            <dst id="STTLng">3657.89866666667</dst>
            <dst id="WASHng">28329.8026666667</dst>
        </src>
        <src id="DNVRng">
            <dst id="ATLA-M5">0</dst>
            <dst id="ATLAng">6933</dst>
            <dst id="CHINng">75042.904</dst>
            <dst id="DNVRng">14651.0986666667</dst>
            <dst id="HSTNng">58162.8186666667</dst>
            <dst id="IPLSng">24054.4186666667</dst>
            <dst id="KSCYng">24978.1173333333</dst>
            <dst id="LOSAng">38.1013333333333</dst>
            <dst id="NYCMng">28058.5386666667</dst>
            <dst id="SNVAng">14484.7466666667</dst>
            <dst id="STTLng">53.3333333333333</dst>
            <dst id="WASHng">47630.512</dst>
        </src>
        <src id="HSTNng">
            <dst id="ATLA-M5">0</dst>
            <dst id="ATLAng">22414.304</dst>
            <dst id="CHINng">2267.024</dst>
            <dst id="DNVRng">26.6666666666667</dst>
            <dst id="HSTNng">302350.666666667</dst>
            <dst id="IPLSng">92.4373333333333</dst>
            <dst id="KSCYng">26.6666666666667</dst>
            <dst id="LOSAng">0</dst>
            <dst id="NYCMng">7222.68533333333</dst>
            <dst id="SNVAng">53.3333333333333</dst>
            <dst id="STTLng">108.64</dst>
            <dst id="WASHng">90935.864</dst>
        </src>
        <src id="IPLSng">
            <dst id="ATLA-M5">0</dst>
            <dst id="ATLAng">23735.192</dst>
            <dst id="CHINng">140957.173333333</dst>
            <dst id="DNVRng">9840.016</dst>
            <dst id="HSTNng">121342.210666667</dst>
            <dst id="IPLSng">46172.408</dst>
            <dst id="KSCYng">23501.744</dst>
            <dst id="LOSAng">0</dst>
            <dst id="NYCMng">35122.8693333333</dst>
            <dst id="SNVAng">68.5253333333333</dst>
            <dst id="STTLng">175.914666666667</dst>
            <dst id="WASHng">25683.6453333333</dst>
        </src>
        <src id="KSCYng">
            <dst id="ATLA-M5">0</dst>
            <dst id="ATLAng">4854.82666666667</dst>
            <dst id="CHINng">40050.896</dst>
            <dst id="DNVRng">6028.99466666667</dst>
            <dst id="HSTNng">20272.0746666667</dst>
            <dst id="IPLSng">18701.552</dst>
            <dst id="KSCYng">7464.84533333333</dst>
            <dst id="LOSAng">26.6666666666667</dst>
            <dst id="NYCMng">9373.33066666667</dst>
            <dst id="SNVAng">0</dst>
            <dst id="STTLng">80.5333333333333</dst>
            <dst id="WASHng">11817.8426666667</dst>
        </src>
        <src id="LOSAng">
            <dst id="ATLA-M5">0</dst>
            <dst id="ATLAng">12926.1946666667</dst>
            <dst id="CHINng">13136.0346666667</dst>
            <dst id="DNVRng">14626.4533333333</dst>
            <dst id="HSTNng">208621.781333333</dst>
            <dst id="IPLSng">185.290666666667</dst>
            <dst id="KSCYng">31.24</dst>
            <dst id="LOSAng">32548.3893333333</dst>
            <dst id="NYCMng">51600.1493333333</dst>
            <dst id="SNVAng">10062.3333333333</dst>
            <dst id="STTLng">32394.9413333333</dst>
            <dst id="WASHng">80317.392</dst>
        </src>
        <src id="NYCMng">
            <dst id="ATLA-M5">0</dst>
            <dst id="ATLAng">25440.408</dst>
            <dst id="CHINng">72224.5386666667</dst>
            <dst id="DNVRng">40403.8026666667</dst>
            <dst id="HSTNng">126046.504</dst>
            <dst id="IPLSng">53643.8213333333</dst>
            <dst id="KSCYng">16765.408</dst>
            <dst id="LOSAng">188.981333333333</dst>
            <dst id="NYCMng">224791.616</dst>
            <dst id="SNVAng">26.6666666666667</dst>
            <dst id="STTLng">7278.744</dst>
            <dst id="WASHng">98373.1866666667</dst>
        </src>
        <src id="SNVAng">
            <dst id="ATLA-M5">0</dst>
            <dst id="ATLAng">261.797333333333</dst>
            <dst id="CHINng">560.450666666667</dst>
            <dst id="DNVRng">1832.54666666667</dst>
            <dst id="HSTNng">5411.75733333333</dst>
            <dst id="IPLSng">0</dst>
            <dst id="KSCYng">473.949333333333</dst>
            <dst id="LOSAng">31990.544</dst>
            <dst id="NYCMng">6527.80266666667</dst>
            <dst id="SNVAng">13062.4853333333</dst>
            <dst id="STTLng">51971.5653333333</dst>
            <dst id="WASHng">332.029333333333</dst>
        </src>
        <src id="STTLng">
            <dst id="ATLA-M5">0</dst>
            <dst id="ATLAng">9936.59466666667</dst>
            <dst id="CHINng">25108.4666666667</dst>
            <dst id="DNVRng">4332.12533333333</dst>
            <dst id="HSTNng">43666.9573333333</dst>
            <dst id="IPLSng">279.485333333333</dst>
            <dst id="KSCYng">2707.568</dst>
            <dst id="LOSAng">20769.3653333333</dst>
            <dst id="NYCMng">16047.9893333333</dst>
            <dst id="SNVAng">6216.416</dst>
            <dst id="STTLng">7418.73866666667</dst>
            <dst id="WASHng">27575.4213333333</dst>
        </src>
        <src id="WASHng">
            <dst id="ATLA-M5">0</dst>
            <dst id="ATLAng">132526.114666667</dst>
            <dst id="CHINng">87008.3973333333</dst>
            <dst id="DNVRng">1790.17066666667</dst>
            <dst id="HSTNng">311080.213333333</dst>
            <dst id="IPLSng">83799.84</dst>
            <dst id="KSCYng">28770.144</dst>
            <dst id="LOSAng">198.722666666667</dst>
            <dst id="NYCMng">161663.317333333</dst>
            <dst id="SNVAng">166.757333333333</dst>
            <dst id="STTLng">6011.05866666667</dst>
            <dst id="WASHng">423643.306666667</dst>
        </src>
    </IntraTM>
</TrafficMatrixFile>
