<?xml version="1.0" encoding="ISO-8859-1" standalone="yes"?>
<TrafficMatrixFile xsi:noNamespaceSchemaLocation="http://totem.run.montefiore.ulg.ac.be/Schema/TrafficMatrix-v1_2.xsd" xmlns:xsi="http://www.w3.org/2001/XMLSchema-instance">
    <IntraTM ASID="11537">
        <src id="ATLA-M5">
            <dst id="ATLA-M5">0</dst>
            <dst id="ATLAng">150.666666666667</dst>
            <dst id="CHINng">309.952</dst>
            <dst id="DNVRng">0</dst>
            <dst id="HSTNng">1083.32266666667</dst>
            <dst id="IPLSng">145.469333333333</dst>
            <dst id="KSCYng">26.6666666666667</dst>
            <dst id="LOSAng">0</dst>
            <dst id="NYCMng">593.058666666667</dst>
            <dst id="SNVAng">0</dst>
            <dst id="STTLng">0</dst>
            <dst id="WASHng">1831.19466666667</dst>
        </src>
        <src id="ATLAng">
            <dst id="ATLA-M5">0</dst>
            <dst id="ATLAng">26388.4746666667</dst>
            <dst id="CHINng">11149.1893333333</dst>
            <dst id="DNVRng">26.6666666666667</dst>
            <dst id="HSTNng">38485.2053333333</dst>
            <dst id="IPLSng">27174.5413333333</dst>
            <dst id="KSCYng">3965</dst>
            <dst id="LOSAng">0</dst>
            <dst id="NYCMng">24945.7893333333</dst>
            <dst id="SNVAng">26.6666666666667</dst>
            <dst id="STTLng">26.6666666666667</dst>
            <dst id="WASHng">73268.08</dst>
        </src>
        <src id="CHINng">
            <dst id="ATLA-M5">0</dst>
            <dst id="ATLAng">22151.1626666667</dst>
            <dst id="CHINng">145761.874666667</dst>
            <dst id="DNVRng">23400.6266666667</dst>
            <dst id="HSTNng">111518.504</dst>
            <dst id="IPLSng">45334.952</dst>
            <dst id="KSCYng">10374.032</dst>
            <dst id="LOSAng">343.309333333333</dst>
            <dst id="NYCMng">23735.7973333333</dst>
            <dst id="SNVAng">0</dst>
            <dst id="STTLng">1330.86133333333</dst>
            <dst id="WASHng">33692.856</dst>
        </src>
        <src id="DNVRng">
            <dst id="ATLA-M5">0</dst>
            <dst id="ATLAng">7040.68266666667</dst>
            <dst id="CHINng">64674.344</dst>
            <dst id="DNVRng">4473.36</dst>
            <dst id="HSTNng">27482.6506666667</dst>
            <dst id="IPLSng">33095.1573333333</dst>
            <dst id="KSCYng">8921.61066666667</dst>
            <dst id="LOSAng">0</dst>
            <dst id="NYCMng">24364.8373333333</dst>
            <dst id="SNVAng">7496.00533333333</dst>
            <dst id="STTLng">53.3333333333333</dst>
            <dst id="WASHng">38125.656</dst>
        </src>
        <src id="HSTNng">
            <dst id="ATLA-M5">0</dst>
            <dst id="ATLAng">34819.5253333333</dst>
            <dst id="CHINng">2231.95466666667</dst>
            <dst id="DNVRng">26.6666666666667</dst>
            <dst id="HSTNng">123027.688</dst>
            <dst id="IPLSng">80</dst>
            <dst id="KSCYng">26.6666666666667</dst>
            <dst id="LOSAng">0</dst>
            <dst id="NYCMng">5320.49333333333</dst>
            <dst id="SNVAng">26.6666666666667</dst>
            <dst id="STTLng">26.6666666666667</dst>
            <dst id="WASHng">88717.6693333333</dst>
        </src>
        <src id="IPLSng">
            <dst id="ATLA-M5">0</dst>
            <dst id="ATLAng">15322.5066666667</dst>
            <dst id="CHINng">165454.666666667</dst>
            <dst id="DNVRng">9907.46933333333</dst>
            <dst id="HSTNng">117808.202666667</dst>
            <dst id="IPLSng">15434.5813333333</dst>
            <dst id="KSCYng">28575.928</dst>
            <dst id="LOSAng">0</dst>
            <dst id="NYCMng">22969.44</dst>
            <dst id="SNVAng">128.802666666667</dst>
            <dst id="STTLng">53.3333333333333</dst>
            <dst id="WASHng">12881.1946666667</dst>
        </src>
        <src id="KSCYng">
            <dst id="ATLA-M5">0</dst>
            <dst id="ATLAng">6040.56</dst>
            <dst id="CHINng">35985.6586666667</dst>
            <dst id="DNVRng">8537.768</dst>
            <dst id="HSTNng">23145.9706666667</dst>
            <dst id="IPLSng">13627.0933333333</dst>
            <dst id="KSCYng">6120.368</dst>
            <dst id="LOSAng">0</dst>
            <dst id="NYCMng">7609.97333333333</dst>
            <dst id="SNVAng">0</dst>
            <dst id="STTLng">53.3333333333333</dst>
            <dst id="WASHng">9322.77066666667</dst>
        </src>
        <src id="LOSAng">
            <dst id="ATLA-M5">0</dst>
            <dst id="ATLAng">30354.632</dst>
            <dst id="CHINng">18457.1306666667</dst>
            <dst id="DNVRng">6182.43733333333</dst>
            <dst id="HSTNng">165403.149333333</dst>
            <dst id="IPLSng">685.938666666667</dst>
            <dst id="KSCYng">89.7493333333333</dst>
            <dst id="LOSAng">37296.992</dst>
            <dst id="NYCMng">48668.5733333333</dst>
            <dst id="SNVAng">9906.528</dst>
            <dst id="STTLng">25360.7466666667</dst>
            <dst id="WASHng">83711.504</dst>
        </src>
        <src id="NYCMng">
            <dst id="ATLA-M5">0</dst>
            <dst id="ATLAng">25584.088</dst>
            <dst id="CHINng">70933.7653333333</dst>
            <dst id="DNVRng">39761.1946666667</dst>
            <dst id="HSTNng">100859.754666667</dst>
            <dst id="IPLSng">49621.6106666667</dst>
            <dst id="KSCYng">15619.456</dst>
            <dst id="LOSAng">220.650666666667</dst>
            <dst id="NYCMng">222577.208</dst>
            <dst id="SNVAng">54.3733333333333</dst>
            <dst id="STTLng">4260.14666666667</dst>
            <dst id="WASHng">83789.2826666667</dst>
        </src>
        <src id="SNVAng">
            <dst id="ATLA-M5">0</dst>
            <dst id="ATLAng">167.392</dst>
            <dst id="CHINng">537.117333333333</dst>
            <dst id="DNVRng">1157.25066666667</dst>
            <dst id="HSTNng">4217.02933333333</dst>
            <dst id="IPLSng">0</dst>
            <dst id="KSCYng">381.784</dst>
            <dst id="LOSAng">31054.408</dst>
            <dst id="NYCMng">3060.49333333333</dst>
            <dst id="SNVAng">16467.8933333333</dst>
            <dst id="STTLng">53355.2666666667</dst>
            <dst id="WASHng">377.834666666667</dst>
        </src>
        <src id="STTLng">
            <dst id="ATLA-M5">0</dst>
            <dst id="ATLAng">9062.256</dst>
            <dst id="CHINng">25672.8933333333</dst>
            <dst id="DNVRng">5584.23466666667</dst>
            <dst id="HSTNng">43874.952</dst>
            <dst id="IPLSng">288.472</dst>
            <dst id="KSCYng">2482.976</dst>
            <dst id="LOSAng">19786.5093333333</dst>
            <dst id="NYCMng">11201.0666666667</dst>
            <dst id="SNVAng">4814.85333333333</dst>
            <dst id="STTLng">2678.14133333333</dst>
            <dst id="WASHng">36713.832</dst>
        </src>
        <src id="WASHng">
            <dst id="ATLA-M5">0</dst>
            <dst id="ATLAng">153888.738666667</dst>
            <dst id="CHINng">82231.7173333333</dst>
            <dst id="DNVRng">5868.06666666667</dst>
            <dst id="HSTNng">308719.946666667</dst>
            <dst id="IPLSng">38092.0773333333</dst>
            <dst id="KSCYng">16737.1733333333</dst>
            <dst id="LOSAng">0</dst>
            <dst id="NYCMng">187870.341333333</dst>
            <dst id="SNVAng">267.912</dst>
            <dst id="STTLng">6719.072</dst>
            <dst id="WASHng">436158.933333333</dst>
        </src>
    </IntraTM>
</TrafficMatrixFile>
