<?xml version="1.0" encoding="ISO-8859-1" standalone="yes"?>
<TrafficMatrixFile xsi:noNamespaceSchemaLocation="http://totem.run.montefiore.ulg.ac.be/Schema/TrafficMatrix-v1_2.xsd" xmlns:xsi="http://www.w3.org/2001/XMLSchema-instance">
    <IntraTM ASID="11537">
        <src id="ATLA-M5">
            <dst id="ATLA-M5">603.173333333333</dst>
            <dst id="ATLAng">1723.82666666667</dst>
            <dst id="CHINng">421.458666666667</dst>
            <dst id="DNVRng">53.3333333333333</dst>
            <dst id="HSTNng">1478.296</dst>
            <dst id="IPLSng">1419.35466666667</dst>
            <dst id="KSCYng">2000.68533333333</dst>
            <dst id="LOSAng">0</dst>
            <dst id="NYCMng">266.506666666667</dst>
            <dst id="SNVAng">53.3333333333333</dst>
            <dst id="STTLng">0</dst>
            <dst id="WASHng">2638.768</dst>
        </src>
        <src id="ATLAng">
            <dst id="ATLA-M5">0</dst>
            <dst id="ATLAng">26245.488</dst>
            <dst id="CHINng">58429.5306666667</dst>
            <dst id="DNVRng">157.584</dst>
            <dst id="HSTNng">59727.4986666667</dst>
            <dst id="IPLSng">45717.7973333333</dst>
            <dst id="KSCYng">6559.12533333333</dst>
            <dst id="LOSAng">438.666666666667</dst>
            <dst id="NYCMng">19209.7546666667</dst>
            <dst id="SNVAng">119.208</dst>
            <dst id="STTLng">720.362666666667</dst>
            <dst id="WASHng">55585.3013333333</dst>
        </src>
        <src id="CHINng">
            <dst id="ATLA-M5">0</dst>
            <dst id="ATLAng">48585.9706666667</dst>
            <dst id="CHINng">104970.693333333</dst>
            <dst id="DNVRng">24895.7973333333</dst>
            <dst id="HSTNng">121607.045333333</dst>
            <dst id="IPLSng">73330.696</dst>
            <dst id="KSCYng">19634.1706666667</dst>
            <dst id="LOSAng">158.890666666667</dst>
            <dst id="NYCMng">56913.3333333333</dst>
            <dst id="SNVAng">106.666666666667</dst>
            <dst id="STTLng">883.298666666667</dst>
            <dst id="WASHng">47288.8613333333</dst>
        </src>
        <src id="DNVRng">
            <dst id="ATLA-M5">0</dst>
            <dst id="ATLAng">9488.93333333333</dst>
            <dst id="CHINng">101004.448</dst>
            <dst id="DNVRng">7669.84266666667</dst>
            <dst id="HSTNng">45222.904</dst>
            <dst id="IPLSng">28689.6613333333</dst>
            <dst id="KSCYng">10852.0346666667</dst>
            <dst id="LOSAng">26.6666666666667</dst>
            <dst id="NYCMng">18171.6933333333</dst>
            <dst id="SNVAng">18518.3946666667</dst>
            <dst id="STTLng">308.341333333333</dst>
            <dst id="WASHng">52898.6293333333</dst>
        </src>
        <src id="HSTNng">
            <dst id="ATLA-M5">0</dst>
            <dst id="ATLAng">52832.456</dst>
            <dst id="CHINng">5069.952</dst>
            <dst id="DNVRng">53.3333333333333</dst>
            <dst id="HSTNng">172853.413333333</dst>
            <dst id="IPLSng">53.3333333333333</dst>
            <dst id="KSCYng">201.530666666667</dst>
            <dst id="LOSAng">54.1893333333333</dst>
            <dst id="NYCMng">8527.504</dst>
            <dst id="SNVAng">0</dst>
            <dst id="STTLng">284.288</dst>
            <dst id="WASHng">110018.384</dst>
        </src>
        <src id="IPLSng">
            <dst id="ATLA-M5">0</dst>
            <dst id="ATLAng">38288.3013333333</dst>
            <dst id="CHINng">104472.352</dst>
            <dst id="DNVRng">38640.9866666667</dst>
            <dst id="HSTNng">82887.1626666667</dst>
            <dst id="IPLSng">33197.2933333333</dst>
            <dst id="KSCYng">23724.52</dst>
            <dst id="LOSAng">765.936</dst>
            <dst id="NYCMng">53690.488</dst>
            <dst id="SNVAng">879.048</dst>
            <dst id="STTLng">644.786666666667</dst>
            <dst id="WASHng">35938.1466666667</dst>
        </src>
        <src id="KSCYng">
            <dst id="ATLA-M5">0</dst>
            <dst id="ATLAng">4623.92266666667</dst>
            <dst id="CHINng">35513.7946666667</dst>
            <dst id="DNVRng">32953.9866666667</dst>
            <dst id="HSTNng">22372.5413333333</dst>
            <dst id="IPLSng">25184.096</dst>
            <dst id="KSCYng">6486.256</dst>
            <dst id="LOSAng">0</dst>
            <dst id="NYCMng">10207.2906666667</dst>
            <dst id="SNVAng">53.3333333333333</dst>
            <dst id="STTLng">126.688</dst>
            <dst id="WASHng">17578.0746666667</dst>
        </src>
        <src id="LOSAng">
            <dst id="ATLA-M5">0</dst>
            <dst id="ATLAng">41182.3653333333</dst>
            <dst id="CHINng">5696</dst>
            <dst id="DNVRng">33503.6533333333</dst>
            <dst id="HSTNng">196213.517333333</dst>
            <dst id="IPLSng">1078.28266666667</dst>
            <dst id="KSCYng">577.397333333333</dst>
            <dst id="LOSAng">12439.1973333333</dst>
            <dst id="NYCMng">40133.448</dst>
            <dst id="SNVAng">17299.392</dst>
            <dst id="STTLng">25263.1253333333</dst>
            <dst id="WASHng">97533.4986666667</dst>
        </src>
        <src id="NYCMng">
            <dst id="ATLA-M5">0</dst>
            <dst id="ATLAng">58727.7146666667</dst>
            <dst id="CHINng">77448.5013333333</dst>
            <dst id="DNVRng">47942.984</dst>
            <dst id="HSTNng">142139.648</dst>
            <dst id="IPLSng">72850.5973333333</dst>
            <dst id="KSCYng">33189.104</dst>
            <dst id="LOSAng">106.813333333333</dst>
            <dst id="NYCMng">276635.973333333</dst>
            <dst id="SNVAng">126.266666666667</dst>
            <dst id="STTLng">1944.744</dst>
            <dst id="WASHng">188960.024</dst>
        </src>
        <src id="SNVAng">
            <dst id="ATLA-M5">0</dst>
            <dst id="ATLAng">2764.33333333333</dst>
            <dst id="CHINng">133.333333333333</dst>
            <dst id="DNVRng">6714.47733333333</dst>
            <dst id="HSTNng">10771.88</dst>
            <dst id="IPLSng">0</dst>
            <dst id="KSCYng">4694.34133333333</dst>
            <dst id="LOSAng">36495.6426666667</dst>
            <dst id="NYCMng">9366.72266666667</dst>
            <dst id="SNVAng">15662.0106666667</dst>
            <dst id="STTLng">54010.0933333333</dst>
            <dst id="WASHng">3528.32533333333</dst>
        </src>
        <src id="STTLng">
            <dst id="ATLA-M5">0</dst>
            <dst id="ATLAng">14753.456</dst>
            <dst id="CHINng">22712.5066666667</dst>
            <dst id="DNVRng">12941.8533333333</dst>
            <dst id="HSTNng">50317.3786666667</dst>
            <dst id="IPLSng">319.592</dst>
            <dst id="KSCYng">5902.99733333333</dst>
            <dst id="LOSAng">29817.136</dst>
            <dst id="NYCMng">16295.5333333333</dst>
            <dst id="SNVAng">10269.504</dst>
            <dst id="STTLng">2161.02933333333</dst>
            <dst id="WASHng">35139.1866666667</dst>
        </src>
        <src id="WASHng">
            <dst id="ATLA-M5">0</dst>
            <dst id="ATLAng">86809.5893333333</dst>
            <dst id="CHINng">93263.7413333333</dst>
            <dst id="DNVRng">5538.488</dst>
            <dst id="HSTNng">370958.106666667</dst>
            <dst id="IPLSng">75555.2053333333</dst>
            <dst id="KSCYng">21398.4506666667</dst>
            <dst id="LOSAng">160</dst>
            <dst id="NYCMng">236142.154666667</dst>
            <dst id="SNVAng">476.696</dst>
            <dst id="STTLng">3747.016</dst>
            <dst id="WASHng">262889.533333333</dst>
        </src>
    </IntraTM>
</TrafficMatrixFile>
