<?xml version="1.0" encoding="ISO-8859-1" standalone="yes"?>
<TrafficMatrixFile xsi:noNamespaceSchemaLocation="http://totem.run.montefiore.ulg.ac.be/Schema/TrafficMatrix-v1_2.xsd" xmlns:xsi="http://www.w3.org/2001/XMLSchema-instance">
    <IntraTM ASID="11537">
        <src id="ATLA-M5">
            <dst id="ATLA-M5">26.6666666666667</dst>
            <dst id="ATLAng">134.029333333333</dst>
            <dst id="CHINng">1176.632</dst>
            <dst id="DNVRng">0</dst>
            <dst id="HSTNng">0</dst>
            <dst id="IPLSng">263.16</dst>
            <dst id="KSCYng">0</dst>
            <dst id="LOSAng">0</dst>
            <dst id="NYCMng">576.965333333333</dst>
            <dst id="SNVAng">0</dst>
            <dst id="STTLng">0</dst>
            <dst id="WASHng">1978.43466666667</dst>
        </src>
        <src id="ATLAng">
            <dst id="ATLA-M5">0</dst>
            <dst id="ATLAng">26670.1546666667</dst>
            <dst id="CHINng">22243.2133333333</dst>
            <dst id="DNVRng">0</dst>
            <dst id="HSTNng">1119.68</dst>
            <dst id="IPLSng">25616.1493333333</dst>
            <dst id="KSCYng">0</dst>
            <dst id="LOSAng">0</dst>
            <dst id="NYCMng">37600.7573333333</dst>
            <dst id="SNVAng">0</dst>
            <dst id="STTLng">0</dst>
            <dst id="WASHng">34681.416</dst>
        </src>
        <src id="CHINng">
            <dst id="ATLA-M5">0</dst>
            <dst id="ATLAng">14908.2266666667</dst>
            <dst id="CHINng">21324.3306666667</dst>
            <dst id="DNVRng">0</dst>
            <dst id="HSTNng">18752.664</dst>
            <dst id="IPLSng">24420.84</dst>
            <dst id="KSCYng">53.3333333333333</dst>
            <dst id="LOSAng">53.3333333333333</dst>
            <dst id="NYCMng">178907.394666667</dst>
            <dst id="SNVAng">0</dst>
            <dst id="STTLng">1141.33333333333</dst>
            <dst id="WASHng">19366.8666666667</dst>
        </src>
        <src id="DNVRng">
            <dst id="ATLA-M5">0</dst>
            <dst id="ATLAng">6475.68266666667</dst>
            <dst id="CHINng">27767.12</dst>
            <dst id="DNVRng">5303.152</dst>
            <dst id="HSTNng">26037.5653333333</dst>
            <dst id="IPLSng">29641.6346666667</dst>
            <dst id="KSCYng">11139.3706666667</dst>
            <dst id="LOSAng">0</dst>
            <dst id="NYCMng">40315.9146666667</dst>
            <dst id="SNVAng">11263.464</dst>
            <dst id="STTLng">2110.624</dst>
            <dst id="WASHng">43792.0906666667</dst>
        </src>
        <src id="HSTNng">
            <dst id="ATLA-M5">0</dst>
            <dst id="ATLAng">16391.144</dst>
            <dst id="CHINng">527.346666666667</dst>
            <dst id="DNVRng">0</dst>
            <dst id="HSTNng">98125.28</dst>
            <dst id="IPLSng">53.3333333333333</dst>
            <dst id="KSCYng">0</dst>
            <dst id="LOSAng">0</dst>
            <dst id="NYCMng">3962.952</dst>
            <dst id="SNVAng">0</dst>
            <dst id="STTLng">0</dst>
            <dst id="WASHng">76286.3546666667</dst>
        </src>
        <src id="IPLSng">
            <dst id="ATLA-M5">0</dst>
            <dst id="ATLAng">19673.5546666667</dst>
            <dst id="CHINng">64050.0133333333</dst>
            <dst id="DNVRng">0</dst>
            <dst id="HSTNng">9598.568</dst>
            <dst id="IPLSng">27126.992</dst>
            <dst id="KSCYng">17058.6426666667</dst>
            <dst id="LOSAng">233.216</dst>
            <dst id="NYCMng">133269.674666667</dst>
            <dst id="SNVAng">0</dst>
            <dst id="STTLng">26.6666666666667</dst>
            <dst id="WASHng">21149.0613333333</dst>
        </src>
        <src id="KSCYng">
            <dst id="ATLA-M5">0</dst>
            <dst id="ATLAng">6265.54933333333</dst>
            <dst id="CHINng">12559.3386666667</dst>
            <dst id="DNVRng">5340.984</dst>
            <dst id="HSTNng">13935.1546666667</dst>
            <dst id="IPLSng">5414.28</dst>
            <dst id="KSCYng">6120.52</dst>
            <dst id="LOSAng">92.384</dst>
            <dst id="NYCMng">22342.552</dst>
            <dst id="SNVAng">26.6666666666667</dst>
            <dst id="STTLng">0</dst>
            <dst id="WASHng">9701.984</dst>
        </src>
        <src id="LOSAng">
            <dst id="ATLA-M5">0</dst>
            <dst id="ATLAng">14742.0906666667</dst>
            <dst id="CHINng">1517.97066666667</dst>
            <dst id="DNVRng">8800.44533333333</dst>
            <dst id="HSTNng">79453.0506666667</dst>
            <dst id="IPLSng">911.861333333333</dst>
            <dst id="KSCYng">205.794666666667</dst>
            <dst id="LOSAng">25101.792</dst>
            <dst id="NYCMng">62625.0613333333</dst>
            <dst id="SNVAng">8381.70133333333</dst>
            <dst id="STTLng">16270.7546666667</dst>
            <dst id="WASHng">63412.3573333333</dst>
        </src>
        <src id="NYCMng">
            <dst id="ATLA-M5">0</dst>
            <dst id="ATLAng">23242.128</dst>
            <dst id="CHINng">535.306666666667</dst>
            <dst id="DNVRng">0</dst>
            <dst id="HSTNng">14175.5013333333</dst>
            <dst id="IPLSng">26.6666666666667</dst>
            <dst id="KSCYng">53.3333333333333</dst>
            <dst id="LOSAng">411.544</dst>
            <dst id="NYCMng">330883.093333333</dst>
            <dst id="SNVAng">80</dst>
            <dst id="STTLng">664.96</dst>
            <dst id="WASHng">74819.2453333333</dst>
        </src>
        <src id="SNVAng">
            <dst id="ATLA-M5">0</dst>
            <dst id="ATLAng">543.032</dst>
            <dst id="CHINng">63.672</dst>
            <dst id="DNVRng">2444.86666666667</dst>
            <dst id="HSTNng">2974.16</dst>
            <dst id="IPLSng">26.6666666666667</dst>
            <dst id="KSCYng">394.941333333333</dst>
            <dst id="LOSAng">33257.4906666667</dst>
            <dst id="NYCMng">3787.75733333333</dst>
            <dst id="SNVAng">14577.3173333333</dst>
            <dst id="STTLng">52597.5253333333</dst>
            <dst id="WASHng">852.589333333333</dst>
        </src>
        <src id="STTLng">
            <dst id="ATLA-M5">0</dst>
            <dst id="ATLAng">6613.54133333333</dst>
            <dst id="CHINng">1467.65333333333</dst>
            <dst id="DNVRng">3991.42133333333</dst>
            <dst id="HSTNng">14092.4133333333</dst>
            <dst id="IPLSng">291.256</dst>
            <dst id="KSCYng">2313.96533333333</dst>
            <dst id="LOSAng">16891.992</dst>
            <dst id="NYCMng">45911.9653333333</dst>
            <dst id="SNVAng">3089.888</dst>
            <dst id="STTLng">1735.45866666667</dst>
            <dst id="WASHng">27773.3706666667</dst>
        </src>
        <src id="WASHng">
            <dst id="ATLA-M5">0</dst>
            <dst id="ATLAng">105611.770666667</dst>
            <dst id="CHINng">797.968</dst>
            <dst id="DNVRng">0</dst>
            <dst id="HSTNng">64474.1066666667</dst>
            <dst id="IPLSng">107.36</dst>
            <dst id="KSCYng">26.6666666666667</dst>
            <dst id="LOSAng">86.6133333333334</dst>
            <dst id="NYCMng">441016.426666667</dst>
            <dst id="SNVAng">55.232</dst>
            <dst id="STTLng">26.6666666666667</dst>
            <dst id="WASHng">260516.970666667</dst>
        </src>
    </IntraTM>
</TrafficMatrixFile>
