<?xml version="1.0" encoding="ISO-8859-1" standalone="yes"?>
<TrafficMatrixFile xsi:noNamespaceSchemaLocation="http://totem.run.montefiore.ulg.ac.be/Schema/TrafficMatrix-v1_2.xsd" xmlns:xsi="http://www.w3.org/2001/XMLSchema-instance">
    <IntraTM ASID="11537">
        <src id="ATLA-M5">
            <dst id="ATLA-M5">150.061333333333</dst>
            <dst id="ATLAng">580.472</dst>
            <dst id="CHINng">1189.248</dst>
            <dst id="DNVRng">0</dst>
            <dst id="HSTNng">240.269333333333</dst>
            <dst id="IPLSng">935.573333333333</dst>
            <dst id="KSCYng">0</dst>
            <dst id="LOSAng">0</dst>
            <dst id="NYCMng">2707.44</dst>
            <dst id="SNVAng">0</dst>
            <dst id="STTLng">0</dst>
            <dst id="WASHng">2036.04266666667</dst>
        </src>
        <src id="ATLAng">
            <dst id="ATLA-M5">0</dst>
            <dst id="ATLAng">28499.3573333333</dst>
            <dst id="CHINng">56088.824</dst>
            <dst id="DNVRng">0</dst>
            <dst id="HSTNng">12572.9093333333</dst>
            <dst id="IPLSng">23591.0693333333</dst>
            <dst id="KSCYng">36.5946666666667</dst>
            <dst id="LOSAng">0</dst>
            <dst id="NYCMng">59918.5786666667</dst>
            <dst id="SNVAng">88.544</dst>
            <dst id="STTLng">211.621333333333</dst>
            <dst id="WASHng">48977.4746666667</dst>
        </src>
        <src id="CHINng">
            <dst id="ATLA-M5">0</dst>
            <dst id="ATLAng">34904.7493333333</dst>
            <dst id="CHINng">34442.664</dst>
            <dst id="DNVRng">0</dst>
            <dst id="HSTNng">23129.488</dst>
            <dst id="IPLSng">63492.4453333333</dst>
            <dst id="KSCYng">53.3333333333333</dst>
            <dst id="LOSAng">336.893333333333</dst>
            <dst id="NYCMng">249882.176</dst>
            <dst id="SNVAng">26.6666666666667</dst>
            <dst id="STTLng">0</dst>
            <dst id="WASHng">44341.304</dst>
        </src>
        <src id="DNVRng">
            <dst id="ATLA-M5">0</dst>
            <dst id="ATLAng">9470.73066666667</dst>
            <dst id="CHINng">35783.8346666667</dst>
            <dst id="DNVRng">14379.0186666667</dst>
            <dst id="HSTNng">44158.0293333333</dst>
            <dst id="IPLSng">40563.12</dst>
            <dst id="KSCYng">26323.376</dst>
            <dst id="LOSAng">0</dst>
            <dst id="NYCMng">34899.0746666667</dst>
            <dst id="SNVAng">19742.4346666667</dst>
            <dst id="STTLng">308.464</dst>
            <dst id="WASHng">39826.6213333333</dst>
        </src>
        <src id="HSTNng">
            <dst id="ATLA-M5">0</dst>
            <dst id="ATLAng">38630.3413333333</dst>
            <dst id="CHINng">3191.25066666667</dst>
            <dst id="DNVRng">38.4106666666667</dst>
            <dst id="HSTNng">148518.208</dst>
            <dst id="IPLSng">0</dst>
            <dst id="KSCYng">26.6666666666667</dst>
            <dst id="LOSAng">32.2346666666667</dst>
            <dst id="NYCMng">4588.37866666667</dst>
            <dst id="SNVAng">53.3333333333333</dst>
            <dst id="STTLng">473.610666666667</dst>
            <dst id="WASHng">118902.658666667</dst>
        </src>
        <src id="IPLSng">
            <dst id="ATLA-M5">0</dst>
            <dst id="ATLAng">17323.752</dst>
            <dst id="CHINng">98355.312</dst>
            <dst id="DNVRng">0</dst>
            <dst id="HSTNng">14012.0373333333</dst>
            <dst id="IPLSng">23300.1333333333</dst>
            <dst id="KSCYng">20482.9093333333</dst>
            <dst id="LOSAng">26.6666666666667</dst>
            <dst id="NYCMng">266140.776</dst>
            <dst id="SNVAng">80</dst>
            <dst id="STTLng">133.333333333333</dst>
            <dst id="WASHng">30164.4586666667</dst>
        </src>
        <src id="KSCYng">
            <dst id="ATLA-M5">0</dst>
            <dst id="ATLAng">9187.008</dst>
            <dst id="CHINng">21577.9573333333</dst>
            <dst id="DNVRng">17221.528</dst>
            <dst id="HSTNng">17394.9466666667</dst>
            <dst id="IPLSng">9584.57066666667</dst>
            <dst id="KSCYng">7820.72</dst>
            <dst id="LOSAng">28</dst>
            <dst id="NYCMng">28835.88</dst>
            <dst id="SNVAng">26.6666666666667</dst>
            <dst id="STTLng">0</dst>
            <dst id="WASHng">14261.4186666667</dst>
        </src>
        <src id="LOSAng">
            <dst id="ATLA-M5">0</dst>
            <dst id="ATLAng">33870.5013333333</dst>
            <dst id="CHINng">4339.2</dst>
            <dst id="DNVRng">17089.152</dst>
            <dst id="HSTNng">124298.426666667</dst>
            <dst id="IPLSng">1309.54933333333</dst>
            <dst id="KSCYng">400.730666666667</dst>
            <dst id="LOSAng">27324.2026666667</dst>
            <dst id="NYCMng">74505.2106666667</dst>
            <dst id="SNVAng">13330.1893333333</dst>
            <dst id="STTLng">18873.3493333333</dst>
            <dst id="WASHng">97919.8373333333</dst>
        </src>
        <src id="NYCMng">
            <dst id="ATLA-M5">0</dst>
            <dst id="ATLAng">37462.0373333333</dst>
            <dst id="CHINng">1591.4</dst>
            <dst id="DNVRng">0</dst>
            <dst id="HSTNng">16815.6266666667</dst>
            <dst id="IPLSng">26.6666666666667</dst>
            <dst id="KSCYng">195.690666666667</dst>
            <dst id="LOSAng">199.509333333333</dst>
            <dst id="NYCMng">911330.32</dst>
            <dst id="SNVAng">26.6666666666667</dst>
            <dst id="STTLng">153.986666666667</dst>
            <dst id="WASHng">270714.96</dst>
        </src>
        <src id="SNVAng">
            <dst id="ATLA-M5">0</dst>
            <dst id="ATLAng">1041.77066666667</dst>
            <dst id="CHINng">0</dst>
            <dst id="DNVRng">6176.30666666667</dst>
            <dst id="HSTNng">4614.296</dst>
            <dst id="IPLSng">26.6666666666667</dst>
            <dst id="KSCYng">390.768</dst>
            <dst id="LOSAng">34194.544</dst>
            <dst id="NYCMng">6421.35466666667</dst>
            <dst id="SNVAng">14610.8453333333</dst>
            <dst id="STTLng">56837.8666666667</dst>
            <dst id="WASHng">1948.02133333333</dst>
        </src>
        <src id="STTLng">
            <dst id="ATLA-M5">0</dst>
            <dst id="ATLAng">15948.2853333333</dst>
            <dst id="CHINng">991.112</dst>
            <dst id="DNVRng">9146.95466666667</dst>
            <dst id="HSTNng">30196.9626666667</dst>
            <dst id="IPLSng">256.557333333333</dst>
            <dst id="KSCYng">5662.10666666667</dst>
            <dst id="LOSAng">33168.1733333333</dst>
            <dst id="NYCMng">53542.584</dst>
            <dst id="SNVAng">14359.104</dst>
            <dst id="STTLng">6768.18666666667</dst>
            <dst id="WASHng">29371.6053333333</dst>
        </src>
        <src id="WASHng">
            <dst id="ATLA-M5">0</dst>
            <dst id="ATLAng">141704.288</dst>
            <dst id="CHINng">1225.976</dst>
            <dst id="DNVRng">0</dst>
            <dst id="HSTNng">86247.68</dst>
            <dst id="IPLSng">106.666666666667</dst>
            <dst id="KSCYng">26.6666666666667</dst>
            <dst id="LOSAng">0</dst>
            <dst id="NYCMng">618206.373333333</dst>
            <dst id="SNVAng">131.141333333333</dst>
            <dst id="STTLng">94.496</dst>
            <dst id="WASHng">285388.773333333</dst>
        </src>
    </IntraTM>
</TrafficMatrixFile>
