<?xml version="1.0" encoding="ISO-8859-1" standalone="yes"?>
<TrafficMatrixFile xsi:noNamespaceSchemaLocation="http://totem.run.montefiore.ulg.ac.be/Schema/TrafficMatrix-v1_2.xsd" xmlns:xsi="http://www.w3.org/2001/XMLSchema-instance">
    <IntraTM ASID="11537">
        <src id="ATLA-M5">
            <dst id="ATLA-M5">0</dst>
            <dst id="ATLAng">80</dst>
            <dst id="CHINng">1410.32266666667</dst>
            <dst id="DNVRng">0</dst>
            <dst id="HSTNng">1609.90666666667</dst>
            <dst id="IPLSng">170.592</dst>
            <dst id="KSCYng">87.68</dst>
            <dst id="LOSAng">0</dst>
            <dst id="NYCMng">734.634666666667</dst>
            <dst id="SNVAng">0</dst>
            <dst id="STTLng">0</dst>
            <dst id="WASHng">2003.056</dst>
        </src>
        <src id="ATLAng">
            <dst id="ATLA-M5">0</dst>
            <dst id="ATLAng">23007.2186666667</dst>
            <dst id="CHINng">22262.2586666667</dst>
            <dst id="DNVRng">80.1866666666667</dst>
            <dst id="HSTNng">38544.2346666667</dst>
            <dst id="IPLSng">35463.9066666667</dst>
            <dst id="KSCYng">5026.79466666667</dst>
            <dst id="LOSAng">0</dst>
            <dst id="NYCMng">19520.536</dst>
            <dst id="SNVAng">26.6666666666667</dst>
            <dst id="STTLng">129.397333333333</dst>
            <dst id="WASHng">72917.144</dst>
        </src>
        <src id="CHINng">
            <dst id="ATLA-M5">0</dst>
            <dst id="ATLAng">32495.4213333333</dst>
            <dst id="CHINng">145501.437333333</dst>
            <dst id="DNVRng">21578.7093333333</dst>
            <dst id="HSTNng">111470.912</dst>
            <dst id="IPLSng">58616.384</dst>
            <dst id="KSCYng">14152.8026666667</dst>
            <dst id="LOSAng">962.754666666666</dst>
            <dst id="NYCMng">31954.6666666667</dst>
            <dst id="SNVAng">0</dst>
            <dst id="STTLng">418.832</dst>
            <dst id="WASHng">32524.9386666667</dst>
        </src>
        <src id="DNVRng">
            <dst id="ATLA-M5">0</dst>
            <dst id="ATLAng">7826.88266666667</dst>
            <dst id="CHINng">78965.6586666667</dst>
            <dst id="DNVRng">15854.176</dst>
            <dst id="HSTNng">66273.2186666666</dst>
            <dst id="IPLSng">24884.0293333333</dst>
            <dst id="KSCYng">22754.8773333333</dst>
            <dst id="LOSAng">0</dst>
            <dst id="NYCMng">30088.592</dst>
            <dst id="SNVAng">15522.8426666667</dst>
            <dst id="STTLng">174.794666666667</dst>
            <dst id="WASHng">35315.312</dst>
        </src>
        <src id="HSTNng">
            <dst id="ATLA-M5">0</dst>
            <dst id="ATLAng">20986.464</dst>
            <dst id="CHINng">2502.8</dst>
            <dst id="DNVRng">26.6666666666667</dst>
            <dst id="HSTNng">165709.450666667</dst>
            <dst id="IPLSng">119.616</dst>
            <dst id="KSCYng">0</dst>
            <dst id="LOSAng">26.6666666666667</dst>
            <dst id="NYCMng">8021.16533333333</dst>
            <dst id="SNVAng">26.6666666666667</dst>
            <dst id="STTLng">140.632</dst>
            <dst id="WASHng">90054.7813333333</dst>
        </src>
        <src id="IPLSng">
            <dst id="ATLA-M5">0</dst>
            <dst id="ATLAng">18713.9173333333</dst>
            <dst id="CHINng">150347.234666667</dst>
            <dst id="DNVRng">21272.392</dst>
            <dst id="HSTNng">125207.168</dst>
            <dst id="IPLSng">21877.6106666667</dst>
            <dst id="KSCYng">27289.4666666667</dst>
            <dst id="LOSAng">28</dst>
            <dst id="NYCMng">47373.264</dst>
            <dst id="SNVAng">104.112</dst>
            <dst id="STTLng">163.706666666667</dst>
            <dst id="WASHng">23704.4213333333</dst>
        </src>
        <src id="KSCYng">
            <dst id="ATLA-M5">0</dst>
            <dst id="ATLAng">4770.912</dst>
            <dst id="CHINng">39833.224</dst>
            <dst id="DNVRng">9777.312</dst>
            <dst id="HSTNng">19583.384</dst>
            <dst id="IPLSng">16027.3813333333</dst>
            <dst id="KSCYng">9323.89066666667</dst>
            <dst id="LOSAng">26.6666666666667</dst>
            <dst id="NYCMng">7778.45866666667</dst>
            <dst id="SNVAng">0</dst>
            <dst id="STTLng">87.4133333333333</dst>
            <dst id="WASHng">10561.56</dst>
        </src>
        <src id="LOSAng">
            <dst id="ATLA-M5">0</dst>
            <dst id="ATLAng">12461.3466666667</dst>
            <dst id="CHINng">11249.312</dst>
            <dst id="DNVRng">8421.096</dst>
            <dst id="HSTNng">167116.232</dst>
            <dst id="IPLSng">299.4</dst>
            <dst id="KSCYng">106.666666666667</dst>
            <dst id="LOSAng">46331.4613333333</dst>
            <dst id="NYCMng">51885.3813333333</dst>
            <dst id="SNVAng">8384.44266666667</dst>
            <dst id="STTLng">25124.5546666667</dst>
            <dst id="WASHng">80594.7626666667</dst>
        </src>
        <src id="NYCMng">
            <dst id="ATLA-M5">0</dst>
            <dst id="ATLAng">33995.5146666667</dst>
            <dst id="CHINng">73501.6026666667</dst>
            <dst id="DNVRng">40416.2053333333</dst>
            <dst id="HSTNng">133519.712</dst>
            <dst id="IPLSng">48643.4773333333</dst>
            <dst id="KSCYng">24791.3066666667</dst>
            <dst id="LOSAng">236.68</dst>
            <dst id="NYCMng">231969.944</dst>
            <dst id="SNVAng">53.3333333333333</dst>
            <dst id="STTLng">3931.73066666667</dst>
            <dst id="WASHng">88715.5786666666</dst>
        </src>
        <src id="SNVAng">
            <dst id="ATLA-M5">0</dst>
            <dst id="ATLAng">932.821333333333</dst>
            <dst id="CHINng">451.946666666667</dst>
            <dst id="DNVRng">1117.70933333333</dst>
            <dst id="HSTNng">4471.70933333333</dst>
            <dst id="IPLSng">0</dst>
            <dst id="KSCYng">457.989333333333</dst>
            <dst id="LOSAng">34534.5146666667</dst>
            <dst id="NYCMng">6076.21333333333</dst>
            <dst id="SNVAng">13148.672</dst>
            <dst id="STTLng">45965.9626666667</dst>
            <dst id="WASHng">555.789333333333</dst>
        </src>
        <src id="STTLng">
            <dst id="ATLA-M5">0</dst>
            <dst id="ATLAng">8888.17333333333</dst>
            <dst id="CHINng">23078.2586666667</dst>
            <dst id="DNVRng">5270.30666666667</dst>
            <dst id="HSTNng">47294.976</dst>
            <dst id="IPLSng">272.104</dst>
            <dst id="KSCYng">2748.41333333333</dst>
            <dst id="LOSAng">28155.7626666667</dst>
            <dst id="NYCMng">17288.9146666667</dst>
            <dst id="SNVAng">9750.24266666667</dst>
            <dst id="STTLng">7404.46666666667</dst>
            <dst id="WASHng">26602.4906666667</dst>
        </src>
        <src id="WASHng">
            <dst id="ATLA-M5">0</dst>
            <dst id="ATLAng">125685.021333333</dst>
            <dst id="CHINng">97713.4986666667</dst>
            <dst id="DNVRng">7440.20533333334</dst>
            <dst id="HSTNng">316021.386666667</dst>
            <dst id="IPLSng">73853.6906666667</dst>
            <dst id="KSCYng">15110.696</dst>
            <dst id="LOSAng">113.706666666667</dst>
            <dst id="NYCMng">162855.602666667</dst>
            <dst id="SNVAng">223.050666666667</dst>
            <dst id="STTLng">6261.392</dst>
            <dst id="WASHng">420411.12</dst>
        </src>
    </IntraTM>
</TrafficMatrixFile>
