<?xml version="1.0" encoding="ISO-8859-1" standalone="yes"?>
<TrafficMatrixFile xsi:noNamespaceSchemaLocation="http://totem.run.montefiore.ulg.ac.be/Schema/TrafficMatrix-v1_2.xsd" xmlns:xsi="http://www.w3.org/2001/XMLSchema-instance">
    <IntraTM ASID="11537">
        <src id="ATLA-M5">
            <dst id="ATLA-M5">26.6666666666667</dst>
            <dst id="ATLAng">198.277333333333</dst>
            <dst id="CHINng">945.717333333333</dst>
            <dst id="DNVRng">0</dst>
            <dst id="HSTNng">544.656</dst>
            <dst id="IPLSng">199.072</dst>
            <dst id="KSCYng">0</dst>
            <dst id="LOSAng">0</dst>
            <dst id="NYCMng">992.186666666667</dst>
            <dst id="SNVAng">0</dst>
            <dst id="STTLng">0</dst>
            <dst id="WASHng">1952.472</dst>
        </src>
        <src id="ATLAng">
            <dst id="ATLA-M5">0</dst>
            <dst id="ATLAng">25429.6426666667</dst>
            <dst id="CHINng">27653.0773333333</dst>
            <dst id="DNVRng">0</dst>
            <dst id="HSTNng">2848.49333333333</dst>
            <dst id="IPLSng">26021.0586666667</dst>
            <dst id="KSCYng">0</dst>
            <dst id="LOSAng">145.456</dst>
            <dst id="NYCMng">41410.4453333333</dst>
            <dst id="SNVAng">0</dst>
            <dst id="STTLng">0</dst>
            <dst id="WASHng">39415.7146666667</dst>
        </src>
        <src id="CHINng">
            <dst id="ATLA-M5">0</dst>
            <dst id="ATLAng">19176.584</dst>
            <dst id="CHINng">25860.2773333333</dst>
            <dst id="DNVRng">0</dst>
            <dst id="HSTNng">11968.168</dst>
            <dst id="IPLSng">40946.552</dst>
            <dst id="KSCYng">87</dst>
            <dst id="LOSAng">0</dst>
            <dst id="NYCMng">181916.28</dst>
            <dst id="SNVAng">0</dst>
            <dst id="STTLng">1539.18933333333</dst>
            <dst id="WASHng">36477.8746666667</dst>
        </src>
        <src id="DNVRng">
            <dst id="ATLA-M5">0</dst>
            <dst id="ATLAng">5909.29333333333</dst>
            <dst id="CHINng">29279.688</dst>
            <dst id="DNVRng">4501.00533333333</dst>
            <dst id="HSTNng">21764.9733333333</dst>
            <dst id="IPLSng">25313.4773333333</dst>
            <dst id="KSCYng">11301.264</dst>
            <dst id="LOSAng">0</dst>
            <dst id="NYCMng">35476.5813333333</dst>
            <dst id="SNVAng">6260.32533333333</dst>
            <dst id="STTLng">2321.45866666667</dst>
            <dst id="WASHng">35996.7706666667</dst>
        </src>
        <src id="HSTNng">
            <dst id="ATLA-M5">0</dst>
            <dst id="ATLAng">18131.3626666667</dst>
            <dst id="CHINng">596.037333333333</dst>
            <dst id="DNVRng">0</dst>
            <dst id="HSTNng">84201.496</dst>
            <dst id="IPLSng">26.6666666666667</dst>
            <dst id="KSCYng">0</dst>
            <dst id="LOSAng">0</dst>
            <dst id="NYCMng">3959.88533333333</dst>
            <dst id="SNVAng">0</dst>
            <dst id="STTLng">0</dst>
            <dst id="WASHng">102318.832</dst>
        </src>
        <src id="IPLSng">
            <dst id="ATLA-M5">0</dst>
            <dst id="ATLAng">15960.024</dst>
            <dst id="CHINng">92470.6986666667</dst>
            <dst id="DNVRng">0</dst>
            <dst id="HSTNng">8942.24</dst>
            <dst id="IPLSng">16182.3893333333</dst>
            <dst id="KSCYng">22228.6746666667</dst>
            <dst id="LOSAng">0</dst>
            <dst id="NYCMng">148080.202666667</dst>
            <dst id="SNVAng">0</dst>
            <dst id="STTLng">26.6666666666667</dst>
            <dst id="WASHng">13403.872</dst>
        </src>
        <src id="KSCYng">
            <dst id="ATLA-M5">0</dst>
            <dst id="ATLAng">6635.192</dst>
            <dst id="CHINng">17026.112</dst>
            <dst id="DNVRng">7721.09066666667</dst>
            <dst id="HSTNng">19228.7813333333</dst>
            <dst id="IPLSng">11300.728</dst>
            <dst id="KSCYng">6898.30933333333</dst>
            <dst id="LOSAng">0</dst>
            <dst id="NYCMng">20768.6</dst>
            <dst id="SNVAng">26.6666666666667</dst>
            <dst id="STTLng">0</dst>
            <dst id="WASHng">16210.56</dst>
        </src>
        <src id="LOSAng">
            <dst id="ATLA-M5">0</dst>
            <dst id="ATLAng">17210.2426666667</dst>
            <dst id="CHINng">3998.75466666667</dst>
            <dst id="DNVRng">9896.98933333333</dst>
            <dst id="HSTNng">83049.8613333333</dst>
            <dst id="IPLSng">992.978666666667</dst>
            <dst id="KSCYng">68.0586666666667</dst>
            <dst id="LOSAng">15249.0826666667</dst>
            <dst id="NYCMng">52478.2266666667</dst>
            <dst id="SNVAng">10949.5546666667</dst>
            <dst id="STTLng">21431.928</dst>
            <dst id="WASHng">92031.8</dst>
        </src>
        <src id="NYCMng">
            <dst id="ATLA-M5">0</dst>
            <dst id="ATLAng">28022.7946666667</dst>
            <dst id="CHINng">388.504</dst>
            <dst id="DNVRng">0</dst>
            <dst id="HSTNng">10285.1546666667</dst>
            <dst id="IPLSng">53.3333333333333</dst>
            <dst id="KSCYng">106.666666666667</dst>
            <dst id="LOSAng">201.712</dst>
            <dst id="NYCMng">399062.026666667</dst>
            <dst id="SNVAng">26.6666666666667</dst>
            <dst id="STTLng">133.333333333333</dst>
            <dst id="WASHng">74254.968</dst>
        </src>
        <src id="SNVAng">
            <dst id="ATLA-M5">0</dst>
            <dst id="ATLAng">956.04</dst>
            <dst id="CHINng">26.6666666666667</dst>
            <dst id="DNVRng">5801.36266666667</dst>
            <dst id="HSTNng">3746.2</dst>
            <dst id="IPLSng">206.562666666667</dst>
            <dst id="KSCYng">616.248</dst>
            <dst id="LOSAng">35080.3706666667</dst>
            <dst id="NYCMng">5150.70133333333</dst>
            <dst id="SNVAng">14668.016</dst>
            <dst id="STTLng">57177.1466666667</dst>
            <dst id="WASHng">576.098666666667</dst>
        </src>
        <src id="STTLng">
            <dst id="ATLA-M5">0</dst>
            <dst id="ATLAng">6388.936</dst>
            <dst id="CHINng">660.170666666667</dst>
            <dst id="DNVRng">6569.38933333334</dst>
            <dst id="HSTNng">17241.672</dst>
            <dst id="IPLSng">143.909333333333</dst>
            <dst id="KSCYng">3321.04</dst>
            <dst id="LOSAng">20329.192</dst>
            <dst id="NYCMng">44072.768</dst>
            <dst id="SNVAng">15371.536</dst>
            <dst id="STTLng">1153.63466666667</dst>
            <dst id="WASHng">29765.5226666667</dst>
        </src>
        <src id="WASHng">
            <dst id="ATLA-M5">0</dst>
            <dst id="ATLAng">112423.874666667</dst>
            <dst id="CHINng">388.477333333333</dst>
            <dst id="DNVRng">0</dst>
            <dst id="HSTNng">67212.9466666667</dst>
            <dst id="IPLSng">123.52</dst>
            <dst id="KSCYng">352</dst>
            <dst id="LOSAng">121.76</dst>
            <dst id="NYCMng">403720.373333333</dst>
            <dst id="SNVAng">26.6666666666667</dst>
            <dst id="STTLng">1641.55733333333</dst>
            <dst id="WASHng">235325.92</dst>
        </src>
    </IntraTM>
</TrafficMatrixFile>
