<?xml version="1.0" encoding="ISO-8859-1" standalone="yes"?>
<TrafficMatrixFile xsi:noNamespaceSchemaLocation="http://totem.run.montefiore.ulg.ac.be/Schema/TrafficMatrix-v1_2.xsd" xmlns:xsi="http://www.w3.org/2001/XMLSchema-instance">
    <IntraTM ASID="11537">
        <src id="ATLA-M5">
            <dst id="ATLA-M5">0</dst>
            <dst id="ATLAng">80</dst>
            <dst id="CHINng">239.504</dst>
            <dst id="DNVRng">0</dst>
            <dst id="HSTNng">517.818666666667</dst>
            <dst id="IPLSng">97.8746666666667</dst>
            <dst id="KSCYng">84.752</dst>
            <dst id="LOSAng">0</dst>
            <dst id="NYCMng">526.816</dst>
            <dst id="SNVAng">0</dst>
            <dst id="STTLng">26.6666666666667</dst>
            <dst id="WASHng">2167.14933333333</dst>
        </src>
        <src id="ATLAng">
            <dst id="ATLA-M5">0</dst>
            <dst id="ATLAng">28487.104</dst>
            <dst id="CHINng">19065.1786666667</dst>
            <dst id="DNVRng">39.1146666666667</dst>
            <dst id="HSTNng">41508.992</dst>
            <dst id="IPLSng">29334.4453333333</dst>
            <dst id="KSCYng">2718.44266666667</dst>
            <dst id="LOSAng">59.2186666666667</dst>
            <dst id="NYCMng">19890.24</dst>
            <dst id="SNVAng">86.448</dst>
            <dst id="STTLng">1258.976</dst>
            <dst id="WASHng">95641.6</dst>
        </src>
        <src id="CHINng">
            <dst id="ATLA-M5">0</dst>
            <dst id="ATLAng">24002.8986666667</dst>
            <dst id="CHINng">168282.906666667</dst>
            <dst id="DNVRng">17288.976</dst>
            <dst id="HSTNng">83781.3546666667</dst>
            <dst id="IPLSng">29900.8453333333</dst>
            <dst id="KSCYng">16581.8453333333</dst>
            <dst id="LOSAng">205.445333333333</dst>
            <dst id="NYCMng">25471.5546666667</dst>
            <dst id="SNVAng">68.32</dst>
            <dst id="STTLng">1897.04</dst>
            <dst id="WASHng">27356.312</dst>
        </src>
        <src id="DNVRng">
            <dst id="ATLA-M5">0</dst>
            <dst id="ATLAng">8978.6</dst>
            <dst id="CHINng">70223.768</dst>
            <dst id="DNVRng">8252.288</dst>
            <dst id="HSTNng">35095.5386666667</dst>
            <dst id="IPLSng">24561.5973333333</dst>
            <dst id="KSCYng">16032.7466666667</dst>
            <dst id="LOSAng">0</dst>
            <dst id="NYCMng">19439.4</dst>
            <dst id="SNVAng">12757.816</dst>
            <dst id="STTLng">0</dst>
            <dst id="WASHng">59135.0533333333</dst>
        </src>
        <src id="HSTNng">
            <dst id="ATLA-M5">0</dst>
            <dst id="ATLAng">30798.6133333333</dst>
            <dst id="CHINng">2561.45066666667</dst>
            <dst id="DNVRng">26.6666666666667</dst>
            <dst id="HSTNng">114325.784</dst>
            <dst id="IPLSng">36.896</dst>
            <dst id="KSCYng">0</dst>
            <dst id="LOSAng">0</dst>
            <dst id="NYCMng">3773.09066666667</dst>
            <dst id="SNVAng">26.6666666666667</dst>
            <dst id="STTLng">113.92</dst>
            <dst id="WASHng">108949.152</dst>
        </src>
        <src id="IPLSng">
            <dst id="ATLA-M5">0</dst>
            <dst id="ATLAng">27747.2293333333</dst>
            <dst id="CHINng">137609.168</dst>
            <dst id="DNVRng">10102.52</dst>
            <dst id="HSTNng">38773.4266666667</dst>
            <dst id="IPLSng">37486.064</dst>
            <dst id="KSCYng">19279.2613333333</dst>
            <dst id="LOSAng">0</dst>
            <dst id="NYCMng">42601.752</dst>
            <dst id="SNVAng">156.402666666667</dst>
            <dst id="STTLng">106.666666666667</dst>
            <dst id="WASHng">18867.0826666667</dst>
        </src>
        <src id="KSCYng">
            <dst id="ATLA-M5">0</dst>
            <dst id="ATLAng">5556.50933333333</dst>
            <dst id="CHINng">37504.6266666667</dst>
            <dst id="DNVRng">7580.12533333333</dst>
            <dst id="HSTNng">12710.2426666667</dst>
            <dst id="IPLSng">15122.4453333333</dst>
            <dst id="KSCYng">7784.44</dst>
            <dst id="LOSAng">0</dst>
            <dst id="NYCMng">10728.752</dst>
            <dst id="SNVAng">42.4773333333333</dst>
            <dst id="STTLng">124.213333333333</dst>
            <dst id="WASHng">14472.2693333333</dst>
        </src>
        <src id="LOSAng">
            <dst id="ATLA-M5">0</dst>
            <dst id="ATLAng">25812.9253333333</dst>
            <dst id="CHINng">15417.2773333333</dst>
            <dst id="DNVRng">6504.64</dst>
            <dst id="HSTNng">158896.754666667</dst>
            <dst id="IPLSng">1933.37066666667</dst>
            <dst id="KSCYng">457.778666666667</dst>
            <dst id="LOSAng">26137.2506666667</dst>
            <dst id="NYCMng">55518.4053333333</dst>
            <dst id="SNVAng">12794.776</dst>
            <dst id="STTLng">17615.408</dst>
            <dst id="WASHng">99253.8346666667</dst>
        </src>
        <src id="NYCMng">
            <dst id="ATLA-M5">0</dst>
            <dst id="ATLAng">52140.512</dst>
            <dst id="CHINng">66798.4906666667</dst>
            <dst id="DNVRng">32608.7306666667</dst>
            <dst id="HSTNng">90550.3066666667</dst>
            <dst id="IPLSng">36603.432</dst>
            <dst id="KSCYng">15621.616</dst>
            <dst id="LOSAng">135.36</dst>
            <dst id="NYCMng">209894.357333333</dst>
            <dst id="SNVAng">106.666666666667</dst>
            <dst id="STTLng">2936.80266666667</dst>
            <dst id="WASHng">94686.3946666667</dst>
        </src>
        <src id="SNVAng">
            <dst id="ATLA-M5">0</dst>
            <dst id="ATLAng">186.666666666667</dst>
            <dst id="CHINng">271.074666666667</dst>
            <dst id="DNVRng">1587.38133333333</dst>
            <dst id="HSTNng">3167.328</dst>
            <dst id="IPLSng">0</dst>
            <dst id="KSCYng">70.464</dst>
            <dst id="LOSAng">37218.24</dst>
            <dst id="NYCMng">3053.12266666667</dst>
            <dst id="SNVAng">15363.08</dst>
            <dst id="STTLng">50006.96</dst>
            <dst id="WASHng">452.130666666667</dst>
        </src>
        <src id="STTLng">
            <dst id="ATLA-M5">0</dst>
            <dst id="ATLAng">11356.3946666667</dst>
            <dst id="CHINng">29128.224</dst>
            <dst id="DNVRng">4818.80533333333</dst>
            <dst id="HSTNng">55905.016</dst>
            <dst id="IPLSng">589.101333333333</dst>
            <dst id="KSCYng">2139.89333333333</dst>
            <dst id="LOSAng">21575.8613333333</dst>
            <dst id="NYCMng">11596.1413333333</dst>
            <dst id="SNVAng">4930.47466666667</dst>
            <dst id="STTLng">3611.304</dst>
            <dst id="WASHng">28182.9733333333</dst>
        </src>
        <src id="WASHng">
            <dst id="ATLA-M5">0</dst>
            <dst id="ATLAng">153142.666666667</dst>
            <dst id="CHINng">64166.92</dst>
            <dst id="DNVRng">5367.93333333333</dst>
            <dst id="HSTNng">279159.466666667</dst>
            <dst id="IPLSng">56683.9706666667</dst>
            <dst id="KSCYng">9956.656</dst>
            <dst id="LOSAng">26.6666666666667</dst>
            <dst id="NYCMng">205812.616</dst>
            <dst id="SNVAng">332.616</dst>
            <dst id="STTLng">4363.76</dst>
            <dst id="WASHng">411967.253333333</dst>
        </src>
    </IntraTM>
</TrafficMatrixFile>
