<?xml version="1.0" encoding="ISO-8859-1" standalone="yes"?>
<TrafficMatrixFile xsi:noNamespaceSchemaLocation="http://totem.run.montefiore.ulg.ac.be/Schema/TrafficMatrix-v1_2.xsd" xmlns:xsi="http://www.w3.org/2001/XMLSchema-instance">
    <IntraTM ASID="11537">
        <src id="ATLA-M5">
            <dst id="ATLA-M5">334.304</dst>
            <dst id="ATLAng">510.466666666667</dst>
            <dst id="CHINng">1083.37866666667</dst>
            <dst id="DNVRng">26.6666666666667</dst>
            <dst id="HSTNng">794.064</dst>
            <dst id="IPLSng">522.64</dst>
            <dst id="KSCYng">309.208</dst>
            <dst id="LOSAng">0</dst>
            <dst id="NYCMng">809.034666666666</dst>
            <dst id="SNVAng">0</dst>
            <dst id="STTLng">26.6666666666667</dst>
            <dst id="WASHng">2645.60533333333</dst>
        </src>
        <src id="ATLAng">
            <dst id="ATLA-M5">0</dst>
            <dst id="ATLAng">37514.4746666667</dst>
            <dst id="CHINng">37035.152</dst>
            <dst id="DNVRng">84.5333333333333</dst>
            <dst id="HSTNng">53137.0426666667</dst>
            <dst id="IPLSng">40962.176</dst>
            <dst id="KSCYng">5243.488</dst>
            <dst id="LOSAng">74.6666666666667</dst>
            <dst id="NYCMng">18134.2666666667</dst>
            <dst id="SNVAng">795.117333333333</dst>
            <dst id="STTLng">167.482666666667</dst>
            <dst id="WASHng">94844.3866666666</dst>
        </src>
        <src id="CHINng">
            <dst id="ATLA-M5">0</dst>
            <dst id="ATLAng">43539.9786666667</dst>
            <dst id="CHINng">132757.632</dst>
            <dst id="DNVRng">30677.2346666667</dst>
            <dst id="HSTNng">84752.0026666667</dst>
            <dst id="IPLSng">82041.6533333333</dst>
            <dst id="KSCYng">24940.5893333333</dst>
            <dst id="LOSAng">111.125333333333</dst>
            <dst id="NYCMng">29956.272</dst>
            <dst id="SNVAng">388.885333333333</dst>
            <dst id="STTLng">467.688</dst>
            <dst id="WASHng">53188.816</dst>
        </src>
        <src id="DNVRng">
            <dst id="ATLA-M5">0</dst>
            <dst id="ATLAng">15218.368</dst>
            <dst id="CHINng">68389.56</dst>
            <dst id="DNVRng">10353.256</dst>
            <dst id="HSTNng">64466.8693333333</dst>
            <dst id="IPLSng">37410.8186666667</dst>
            <dst id="KSCYng">29415.0826666667</dst>
            <dst id="LOSAng">0</dst>
            <dst id="NYCMng">30891.128</dst>
            <dst id="SNVAng">19069.7146666667</dst>
            <dst id="STTLng">296.621333333333</dst>
            <dst id="WASHng">64586.6986666667</dst>
        </src>
        <src id="HSTNng">
            <dst id="ATLA-M5">0</dst>
            <dst id="ATLAng">37045.104</dst>
            <dst id="CHINng">4136.032</dst>
            <dst id="DNVRng">138.269333333333</dst>
            <dst id="HSTNng">301277.866666667</dst>
            <dst id="IPLSng">85.44</dst>
            <dst id="KSCYng">108</dst>
            <dst id="LOSAng">53.3333333333333</dst>
            <dst id="NYCMng">7947.24266666667</dst>
            <dst id="SNVAng">193.44</dst>
            <dst id="STTLng">186.666666666667</dst>
            <dst id="WASHng">118110.962666667</dst>
        </src>
        <src id="IPLSng">
            <dst id="ATLA-M5">0</dst>
            <dst id="ATLAng">38978.4613333333</dst>
            <dst id="CHINng">186746.605333333</dst>
            <dst id="DNVRng">16880.8453333333</dst>
            <dst id="HSTNng">69275.2026666667</dst>
            <dst id="IPLSng">62254.6533333333</dst>
            <dst id="KSCYng">38153.72</dst>
            <dst id="LOSAng">0</dst>
            <dst id="NYCMng">43345.912</dst>
            <dst id="SNVAng">1524.62666666667</dst>
            <dst id="STTLng">1090.86666666667</dst>
            <dst id="WASHng">52182.8586666667</dst>
        </src>
        <src id="KSCYng">
            <dst id="ATLA-M5">0</dst>
            <dst id="ATLAng">8087.93333333334</dst>
            <dst id="CHINng">42857.4933333333</dst>
            <dst id="DNVRng">20703.0186666667</dst>
            <dst id="HSTNng">15533.312</dst>
            <dst id="IPLSng">18605.8746666667</dst>
            <dst id="KSCYng">10021.2533333333</dst>
            <dst id="LOSAng">0</dst>
            <dst id="NYCMng">10583.9306666667</dst>
            <dst id="SNVAng">117.749333333333</dst>
            <dst id="STTLng">128.882666666667</dst>
            <dst id="WASHng">12445.4213333333</dst>
        </src>
        <src id="LOSAng">
            <dst id="ATLA-M5">0</dst>
            <dst id="ATLAng">27986.2133333333</dst>
            <dst id="CHINng">9668.984</dst>
            <dst id="DNVRng">24683.776</dst>
            <dst id="HSTNng">283727.253333333</dst>
            <dst id="IPLSng">2227.29866666667</dst>
            <dst id="KSCYng">1413.22933333333</dst>
            <dst id="LOSAng">12065.9626666667</dst>
            <dst id="NYCMng">53049.496</dst>
            <dst id="SNVAng">14843.7093333333</dst>
            <dst id="STTLng">25606.0853333333</dst>
            <dst id="WASHng">103844.658666667</dst>
        </src>
        <src id="NYCMng">
            <dst id="ATLA-M5">0</dst>
            <dst id="ATLAng">68548.8426666667</dst>
            <dst id="CHINng">83561.4533333333</dst>
            <dst id="DNVRng">34614.664</dst>
            <dst id="HSTNng">100800.994666667</dst>
            <dst id="IPLSng">77995.248</dst>
            <dst id="KSCYng">27114.4053333333</dst>
            <dst id="LOSAng">80.448</dst>
            <dst id="NYCMng">259721.576</dst>
            <dst id="SNVAng">297.482666666667</dst>
            <dst id="STTLng">2204.07733333333</dst>
            <dst id="WASHng">133075.810666667</dst>
        </src>
        <src id="SNVAng">
            <dst id="ATLA-M5">0</dst>
            <dst id="ATLAng">1283.33333333333</dst>
            <dst id="CHINng">484.165333333333</dst>
            <dst id="DNVRng">10409.3893333333</dst>
            <dst id="HSTNng">9483.92266666667</dst>
            <dst id="IPLSng">62.4453333333333</dst>
            <dst id="KSCYng">1348.26666666667</dst>
            <dst id="LOSAng">35484.2853333333</dst>
            <dst id="NYCMng">5718.144</dst>
            <dst id="SNVAng">16860.6266666667</dst>
            <dst id="STTLng">49853.8826666667</dst>
            <dst id="WASHng">2265.41866666667</dst>
        </src>
        <src id="STTLng">
            <dst id="ATLA-M5">0</dst>
            <dst id="ATLAng">15521.6773333333</dst>
            <dst id="CHINng">24390.296</dst>
            <dst id="DNVRng">6841.456</dst>
            <dst id="HSTNng">64956.8453333333</dst>
            <dst id="IPLSng">1032.504</dst>
            <dst id="KSCYng">8371.768</dst>
            <dst id="LOSAng">40331.032</dst>
            <dst id="NYCMng">12838.816</dst>
            <dst id="SNVAng">7102.984</dst>
            <dst id="STTLng">2679.696</dst>
            <dst id="WASHng">39503.832</dst>
        </src>
        <src id="WASHng">
            <dst id="ATLA-M5">0</dst>
            <dst id="ATLAng">141226.237333333</dst>
            <dst id="CHINng">99585.0293333333</dst>
            <dst id="DNVRng">1866.29333333333</dst>
            <dst id="HSTNng">308998.96</dst>
            <dst id="IPLSng">78381.5466666667</dst>
            <dst id="KSCYng">18912.7653333333</dst>
            <dst id="LOSAng">101.333333333333</dst>
            <dst id="NYCMng">185823.922666667</dst>
            <dst id="SNVAng">508.890666666667</dst>
            <dst id="STTLng">4743.89333333333</dst>
            <dst id="WASHng">441572.533333333</dst>
        </src>
    </IntraTM>
</TrafficMatrixFile>
