<?xml version="1.0" encoding="ISO-8859-1" standalone="yes"?>
<TrafficMatrixFile xsi:noNamespaceSchemaLocation="http://totem.run.montefiore.ulg.ac.be/Schema/TrafficMatrix-v1_2.xsd" xmlns:xsi="http://www.w3.org/2001/XMLSchema-instance">
    <IntraTM ASID="11537">
        <src id="ATLA-M5">
            <dst id="ATLA-M5">0</dst>
            <dst id="ATLAng">80</dst>
            <dst id="CHINng">266.554666666667</dst>
            <dst id="DNVRng">0</dst>
            <dst id="HSTNng">834.301333333333</dst>
            <dst id="IPLSng">499.512</dst>
            <dst id="KSCYng">26.6666666666667</dst>
            <dst id="LOSAng">0</dst>
            <dst id="NYCMng">533.045333333333</dst>
            <dst id="SNVAng">0</dst>
            <dst id="STTLng">0</dst>
            <dst id="WASHng">2217.18133333333</dst>
        </src>
        <src id="ATLAng">
            <dst id="ATLA-M5">0</dst>
            <dst id="ATLAng">29234.4773333333</dst>
            <dst id="CHINng">19856.6453333333</dst>
            <dst id="DNVRng">0</dst>
            <dst id="HSTNng">34121.552</dst>
            <dst id="IPLSng">26960.4773333333</dst>
            <dst id="KSCYng">4826.94133333333</dst>
            <dst id="LOSAng">26.6666666666667</dst>
            <dst id="NYCMng">20065.5733333333</dst>
            <dst id="SNVAng">128.341333333333</dst>
            <dst id="STTLng">1172.02133333333</dst>
            <dst id="WASHng">74650.8106666667</dst>
        </src>
        <src id="CHINng">
            <dst id="ATLA-M5">0</dst>
            <dst id="ATLAng">22991.7093333333</dst>
            <dst id="CHINng">145457.168</dst>
            <dst id="DNVRng">15723.4026666667</dst>
            <dst id="HSTNng">88553.8266666667</dst>
            <dst id="IPLSng">72816.888</dst>
            <dst id="KSCYng">11053.584</dst>
            <dst id="LOSAng">413.469333333333</dst>
            <dst id="NYCMng">24894.3413333333</dst>
            <dst id="SNVAng">53.3333333333333</dst>
            <dst id="STTLng">1194.44533333333</dst>
            <dst id="WASHng">38415.248</dst>
        </src>
        <src id="DNVRng">
            <dst id="ATLA-M5">0</dst>
            <dst id="ATLAng">5799.62666666667</dst>
            <dst id="CHINng">64407.1786666667</dst>
            <dst id="DNVRng">4315.07466666667</dst>
            <dst id="HSTNng">26234.3226666667</dst>
            <dst id="IPLSng">25156.368</dst>
            <dst id="KSCYng">10081.664</dst>
            <dst id="LOSAng">0</dst>
            <dst id="NYCMng">17095.4826666667</dst>
            <dst id="SNVAng">10086.936</dst>
            <dst id="STTLng">0</dst>
            <dst id="WASHng">55719.9253333333</dst>
        </src>
        <src id="HSTNng">
            <dst id="ATLA-M5">0</dst>
            <dst id="ATLAng">34538.5786666667</dst>
            <dst id="CHINng">2327.37066666667</dst>
            <dst id="DNVRng">53.3333333333333</dst>
            <dst id="HSTNng">291256.133333333</dst>
            <dst id="IPLSng">0</dst>
            <dst id="KSCYng">0</dst>
            <dst id="LOSAng">26.6666666666667</dst>
            <dst id="NYCMng">6411.13333333333</dst>
            <dst id="SNVAng">0</dst>
            <dst id="STTLng">163.306666666667</dst>
            <dst id="WASHng">93768.832</dst>
        </src>
        <src id="IPLSng">
            <dst id="ATLA-M5">0</dst>
            <dst id="ATLAng">12943.8426666667</dst>
            <dst id="CHINng">148138.44</dst>
            <dst id="DNVRng">9150.83733333333</dst>
            <dst id="HSTNng">56219.296</dst>
            <dst id="IPLSng">32584.5546666667</dst>
            <dst id="KSCYng">21953.3733333333</dst>
            <dst id="LOSAng">0</dst>
            <dst id="NYCMng">29603.5253333333</dst>
            <dst id="SNVAng">129.914666666667</dst>
            <dst id="STTLng">106.666666666667</dst>
            <dst id="WASHng">27956.4186666667</dst>
        </src>
        <src id="KSCYng">
            <dst id="ATLA-M5">0</dst>
            <dst id="ATLAng">6136.45066666667</dst>
            <dst id="CHINng">33689.56</dst>
            <dst id="DNVRng">8539.08266666667</dst>
            <dst id="HSTNng">17253.2773333333</dst>
            <dst id="IPLSng">12685.2533333333</dst>
            <dst id="KSCYng">7567.64</dst>
            <dst id="LOSAng">0</dst>
            <dst id="NYCMng">13809.7653333333</dst>
            <dst id="SNVAng">26.6666666666667</dst>
            <dst id="STTLng">26.6666666666667</dst>
            <dst id="WASHng">11422.5706666667</dst>
        </src>
        <src id="LOSAng">
            <dst id="ATLA-M5">0</dst>
            <dst id="ATLAng">25376.3626666667</dst>
            <dst id="CHINng">9770.02933333333</dst>
            <dst id="DNVRng">9348.13866666667</dst>
            <dst id="HSTNng">239492.850666667</dst>
            <dst id="IPLSng">1242.208</dst>
            <dst id="KSCYng">106.328</dst>
            <dst id="LOSAng">19674.6426666667</dst>
            <dst id="NYCMng">54844.0906666667</dst>
            <dst id="SNVAng">16125.784</dst>
            <dst id="STTLng">19458.5546666667</dst>
            <dst id="WASHng">90248.912</dst>
        </src>
        <src id="NYCMng">
            <dst id="ATLA-M5">0</dst>
            <dst id="ATLAng">33468.2826666667</dst>
            <dst id="CHINng">72541.0266666667</dst>
            <dst id="DNVRng">33285.3706666667</dst>
            <dst id="HSTNng">97584.3626666667</dst>
            <dst id="IPLSng">57742.5893333333</dst>
            <dst id="KSCYng">16278.1306666667</dst>
            <dst id="LOSAng">53.3333333333333</dst>
            <dst id="NYCMng">220734.469333333</dst>
            <dst id="SNVAng">53.3333333333333</dst>
            <dst id="STTLng">3415.14133333333</dst>
            <dst id="WASHng">77079.24</dst>
        </src>
        <src id="SNVAng">
            <dst id="ATLA-M5">0</dst>
            <dst id="ATLAng">347.714666666667</dst>
            <dst id="CHINng">492.464</dst>
            <dst id="DNVRng">6321.472</dst>
            <dst id="HSTNng">4410.44266666667</dst>
            <dst id="IPLSng">0</dst>
            <dst id="KSCYng">278.906666666667</dst>
            <dst id="LOSAng">33550.3893333333</dst>
            <dst id="NYCMng">7228.61866666667</dst>
            <dst id="SNVAng">13771.9306666667</dst>
            <dst id="STTLng">41548.0693333333</dst>
            <dst id="WASHng">538.88</dst>
        </src>
        <src id="STTLng">
            <dst id="ATLA-M5">0</dst>
            <dst id="ATLAng">8492.63466666667</dst>
            <dst id="CHINng">25306.488</dst>
            <dst id="DNVRng">4669.91733333333</dst>
            <dst id="HSTNng">46986.0373333333</dst>
            <dst id="IPLSng">264.829333333333</dst>
            <dst id="KSCYng">2402.12</dst>
            <dst id="LOSAng">18346.6213333333</dst>
            <dst id="NYCMng">12166.624</dst>
            <dst id="SNVAng">6463.73333333333</dst>
            <dst id="STTLng">2891.72266666667</dst>
            <dst id="WASHng">29007.1173333333</dst>
        </src>
        <src id="WASHng">
            <dst id="ATLA-M5">0</dst>
            <dst id="ATLAng">172886.605333333</dst>
            <dst id="CHINng">75894.0693333333</dst>
            <dst id="DNVRng">7384.768</dst>
            <dst id="HSTNng">279252.533333333</dst>
            <dst id="IPLSng">58799.5493333333</dst>
            <dst id="KSCYng">8827.464</dst>
            <dst id="LOSAng">55.36</dst>
            <dst id="NYCMng">169408.989333333</dst>
            <dst id="SNVAng">400.565333333333</dst>
            <dst id="STTLng">5399.71733333333</dst>
            <dst id="WASHng">378290.24</dst>
        </src>
    </IntraTM>
</TrafficMatrixFile>
