<?xml version="1.0" encoding="ISO-8859-1" standalone="yes"?>
<TrafficMatrixFile xsi:noNamespaceSchemaLocation="http://totem.run.montefiore.ulg.ac.be/Schema/TrafficMatrix-v1_2.xsd" xmlns:xsi="http://www.w3.org/2001/XMLSchema-instance">
    <IntraTM ASID="11537">
        <src id="ATLA-M5">
            <dst id="ATLA-M5">69.5466666666667</dst>
            <dst id="ATLAng">459.629333333333</dst>
            <dst id="CHINng">1062.24</dst>
            <dst id="DNVRng">0</dst>
            <dst id="HSTNng">2124.184</dst>
            <dst id="IPLSng">801.509333333333</dst>
            <dst id="KSCYng">0</dst>
            <dst id="LOSAng">0</dst>
            <dst id="NYCMng">817.432</dst>
            <dst id="SNVAng">0</dst>
            <dst id="STTLng">0</dst>
            <dst id="WASHng">1558.66933333333</dst>
        </src>
        <src id="ATLAng">
            <dst id="ATLA-M5">0</dst>
            <dst id="ATLAng">28531.512</dst>
            <dst id="CHINng">36522.968</dst>
            <dst id="DNVRng">0</dst>
            <dst id="HSTNng">4581.77333333333</dst>
            <dst id="IPLSng">27885.4506666667</dst>
            <dst id="KSCYng">26.6666666666667</dst>
            <dst id="LOSAng">0</dst>
            <dst id="NYCMng">46213.9333333333</dst>
            <dst id="SNVAng">53.3333333333333</dst>
            <dst id="STTLng">0</dst>
            <dst id="WASHng">40887.3146666667</dst>
        </src>
        <src id="CHINng">
            <dst id="ATLA-M5">0</dst>
            <dst id="ATLAng">31189.0506666667</dst>
            <dst id="CHINng">40815.4213333333</dst>
            <dst id="DNVRng">0</dst>
            <dst id="HSTNng">15244.1786666667</dst>
            <dst id="IPLSng">57128.72</dst>
            <dst id="KSCYng">53.3333333333333</dst>
            <dst id="LOSAng">106.666666666667</dst>
            <dst id="NYCMng">223692.869333333</dst>
            <dst id="SNVAng">26.6666666666667</dst>
            <dst id="STTLng">165.242666666667</dst>
            <dst id="WASHng">39006.9066666667</dst>
        </src>
        <src id="DNVRng">
            <dst id="ATLA-M5">0</dst>
            <dst id="ATLAng">6241.65333333333</dst>
            <dst id="CHINng">34839.704</dst>
            <dst id="DNVRng">6257.57866666667</dst>
            <dst id="HSTNng">32110.7893333333</dst>
            <dst id="IPLSng">26754.264</dst>
            <dst id="KSCYng">17289.0506666667</dst>
            <dst id="LOSAng">0</dst>
            <dst id="NYCMng">34993.7386666667</dst>
            <dst id="SNVAng">10920.9226666667</dst>
            <dst id="STTLng">26.6666666666667</dst>
            <dst id="WASHng">36891.6133333333</dst>
        </src>
        <src id="HSTNng">
            <dst id="ATLA-M5">0</dst>
            <dst id="ATLAng">35414.8666666667</dst>
            <dst id="CHINng">956.469333333333</dst>
            <dst id="DNVRng">0</dst>
            <dst id="HSTNng">123633.309333333</dst>
            <dst id="IPLSng">106.666666666667</dst>
            <dst id="KSCYng">0</dst>
            <dst id="LOSAng">26.6666666666667</dst>
            <dst id="NYCMng">4461.73333333333</dst>
            <dst id="SNVAng">0</dst>
            <dst id="STTLng">53.3333333333333</dst>
            <dst id="WASHng">106503.4</dst>
        </src>
        <src id="IPLSng">
            <dst id="ATLA-M5">0</dst>
            <dst id="ATLAng">18448.6906666667</dst>
            <dst id="CHINng">134954.362666667</dst>
            <dst id="DNVRng">0</dst>
            <dst id="HSTNng">12825.1866666667</dst>
            <dst id="IPLSng">32695.6693333333</dst>
            <dst id="KSCYng">26358.7626666667</dst>
            <dst id="LOSAng">1420.856</dst>
            <dst id="NYCMng">175632.378666667</dst>
            <dst id="SNVAng">0</dst>
            <dst id="STTLng">82.76</dst>
            <dst id="WASHng">18697.8773333333</dst>
        </src>
        <src id="KSCYng">
            <dst id="ATLA-M5">0</dst>
            <dst id="ATLAng">3608.25066666667</dst>
            <dst id="CHINng">26615.4373333333</dst>
            <dst id="DNVRng">7098.75466666667</dst>
            <dst id="HSTNng">13397.8133333333</dst>
            <dst id="IPLSng">10095.816</dst>
            <dst id="KSCYng">6899.312</dst>
            <dst id="LOSAng">0</dst>
            <dst id="NYCMng">23341.96</dst>
            <dst id="SNVAng">26.6666666666667</dst>
            <dst id="STTLng">0</dst>
            <dst id="WASHng">14006.7493333333</dst>
        </src>
        <src id="LOSAng">
            <dst id="ATLA-M5">0</dst>
            <dst id="ATLAng">29955.9253333333</dst>
            <dst id="CHINng">1638.03466666667</dst>
            <dst id="DNVRng">10612.4026666667</dst>
            <dst id="HSTNng">120377.386666667</dst>
            <dst id="IPLSng">1236.64</dst>
            <dst id="KSCYng">127.917333333333</dst>
            <dst id="LOSAng">21854.6746666667</dst>
            <dst id="NYCMng">55297.4613333333</dst>
            <dst id="SNVAng">9688.856</dst>
            <dst id="STTLng">21225.5253333333</dst>
            <dst id="WASHng">91458.0266666667</dst>
        </src>
        <src id="NYCMng">
            <dst id="ATLA-M5">0</dst>
            <dst id="ATLAng">30229.096</dst>
            <dst id="CHINng">330.594666666667</dst>
            <dst id="DNVRng">0</dst>
            <dst id="HSTNng">24129.168</dst>
            <dst id="IPLSng">53.3333333333333</dst>
            <dst id="KSCYng">137.333333333333</dst>
            <dst id="LOSAng">717.621333333333</dst>
            <dst id="NYCMng">486799.893333333</dst>
            <dst id="SNVAng">106.666666666667</dst>
            <dst id="STTLng">659.589333333333</dst>
            <dst id="WASHng">109342.493333333</dst>
        </src>
        <src id="SNVAng">
            <dst id="ATLA-M5">0</dst>
            <dst id="ATLAng">705.965333333334</dst>
            <dst id="CHINng">26.6666666666667</dst>
            <dst id="DNVRng">10980.416</dst>
            <dst id="HSTNng">4825.74666666667</dst>
            <dst id="IPLSng">0</dst>
            <dst id="KSCYng">486.914666666667</dst>
            <dst id="LOSAng">35534.432</dst>
            <dst id="NYCMng">5374.56266666667</dst>
            <dst id="SNVAng">12529.408</dst>
            <dst id="STTLng">54126.4266666667</dst>
            <dst id="WASHng">706.469333333333</dst>
        </src>
        <src id="STTLng">
            <dst id="ATLA-M5">0</dst>
            <dst id="ATLAng">7085.4</dst>
            <dst id="CHINng">820.114666666667</dst>
            <dst id="DNVRng">12567.4346666667</dst>
            <dst id="HSTNng">17515.4986666667</dst>
            <dst id="IPLSng">379.114666666667</dst>
            <dst id="KSCYng">4063.81333333333</dst>
            <dst id="LOSAng">19242.1733333333</dst>
            <dst id="NYCMng">49224.5333333333</dst>
            <dst id="SNVAng">4351.32266666667</dst>
            <dst id="STTLng">2009.424</dst>
            <dst id="WASHng">33320.0426666667</dst>
        </src>
        <src id="WASHng">
            <dst id="ATLA-M5">0</dst>
            <dst id="ATLAng">104093.010666667</dst>
            <dst id="CHINng">5823.568</dst>
            <dst id="DNVRng">0</dst>
            <dst id="HSTNng">74760.976</dst>
            <dst id="IPLSng">203.693333333333</dst>
            <dst id="KSCYng">227.946666666667</dst>
            <dst id="LOSAng">0</dst>
            <dst id="NYCMng">578286.346666667</dst>
            <dst id="SNVAng">53.3333333333333</dst>
            <dst id="STTLng">3312.74666666667</dst>
            <dst id="WASHng">274922.88</dst>
        </src>
    </IntraTM>
</TrafficMatrixFile>
