<?xml version="1.0" encoding="ISO-8859-1" standalone="yes"?>
<TrafficMatrixFile xsi:noNamespaceSchemaLocation="http://totem.run.montefiore.ulg.ac.be/Schema/TrafficMatrix-v1_2.xsd" xmlns:xsi="http://www.w3.org/2001/XMLSchema-instance">
    <IntraTM ASID="11537">
        <src id="ATLA-M5">
            <dst id="ATLA-M5">0</dst>
            <dst id="ATLAng">53.3333333333333</dst>
            <dst id="CHINng">411.434666666667</dst>
            <dst id="DNVRng">0</dst>
            <dst id="HSTNng">657.429333333333</dst>
            <dst id="IPLSng">112.189333333333</dst>
            <dst id="KSCYng">82.528</dst>
            <dst id="LOSAng">0</dst>
            <dst id="NYCMng">350.301333333333</dst>
            <dst id="SNVAng">0</dst>
            <dst id="STTLng">0</dst>
            <dst id="WASHng">2061.632</dst>
        </src>
        <src id="ATLAng">
            <dst id="ATLA-M5">0</dst>
            <dst id="ATLAng">24299.1093333333</dst>
            <dst id="CHINng">14492.9546666667</dst>
            <dst id="DNVRng">115.341333333333</dst>
            <dst id="HSTNng">39959.9653333333</dst>
            <dst id="IPLSng">29973.4026666667</dst>
            <dst id="KSCYng">6357.392</dst>
            <dst id="LOSAng">0</dst>
            <dst id="NYCMng">23139.8533333333</dst>
            <dst id="SNVAng">53.3333333333333</dst>
            <dst id="STTLng">0</dst>
            <dst id="WASHng">68745.616</dst>
        </src>
        <src id="CHINng">
            <dst id="ATLA-M5">0</dst>
            <dst id="ATLAng">22820.392</dst>
            <dst id="CHINng">157149.493333333</dst>
            <dst id="DNVRng">21972.3093333333</dst>
            <dst id="HSTNng">123370.269333333</dst>
            <dst id="IPLSng">50736.1546666667</dst>
            <dst id="KSCYng">14767.1573333333</dst>
            <dst id="LOSAng">470.552</dst>
            <dst id="NYCMng">26024.1973333333</dst>
            <dst id="SNVAng">26.6666666666667</dst>
            <dst id="STTLng">2969.256</dst>
            <dst id="WASHng">34983.968</dst>
        </src>
        <src id="DNVRng">
            <dst id="ATLA-M5">0</dst>
            <dst id="ATLAng">9166.79733333333</dst>
            <dst id="CHINng">69785.456</dst>
            <dst id="DNVRng">9377.49333333333</dst>
            <dst id="HSTNng">44516.1466666667</dst>
            <dst id="IPLSng">23038.3546666667</dst>
            <dst id="KSCYng">21470.4293333333</dst>
            <dst id="LOSAng">0</dst>
            <dst id="NYCMng">31519.0986666667</dst>
            <dst id="SNVAng">11485.536</dst>
            <dst id="STTLng">60</dst>
            <dst id="WASHng">30441.8986666667</dst>
        </src>
        <src id="HSTNng">
            <dst id="ATLA-M5">0</dst>
            <dst id="ATLAng">20247.7333333333</dst>
            <dst id="CHINng">1830.30933333333</dst>
            <dst id="DNVRng">0</dst>
            <dst id="HSTNng">126421.864</dst>
            <dst id="IPLSng">37.9973333333333</dst>
            <dst id="KSCYng">0</dst>
            <dst id="LOSAng">0</dst>
            <dst id="NYCMng">5148.50666666667</dst>
            <dst id="SNVAng">26.6666666666667</dst>
            <dst id="STTLng">53.3333333333333</dst>
            <dst id="WASHng">93708.088</dst>
        </src>
        <src id="IPLSng">
            <dst id="ATLA-M5">0</dst>
            <dst id="ATLAng">14708.576</dst>
            <dst id="CHINng">142017.442666667</dst>
            <dst id="DNVRng">13286.552</dst>
            <dst id="HSTNng">130239.661333333</dst>
            <dst id="IPLSng">22558.4026666667</dst>
            <dst id="KSCYng">28220.9893333333</dst>
            <dst id="LOSAng">26.6666666666667</dst>
            <dst id="NYCMng">31887.4373333333</dst>
            <dst id="SNVAng">91.344</dst>
            <dst id="STTLng">80</dst>
            <dst id="WASHng">24675.6986666667</dst>
        </src>
        <src id="KSCYng">
            <dst id="ATLA-M5">0</dst>
            <dst id="ATLAng">7087.47733333333</dst>
            <dst id="CHINng">39193.2346666667</dst>
            <dst id="DNVRng">9136.10666666667</dst>
            <dst id="HSTNng">19377.856</dst>
            <dst id="IPLSng">13657.936</dst>
            <dst id="KSCYng">4506.10666666667</dst>
            <dst id="LOSAng">0</dst>
            <dst id="NYCMng">11696.3973333333</dst>
            <dst id="SNVAng">0</dst>
            <dst id="STTLng">35.6426666666667</dst>
            <dst id="WASHng">10686.7653333333</dst>
        </src>
        <src id="LOSAng">
            <dst id="ATLA-M5">0</dst>
            <dst id="ATLAng">13950.6506666667</dst>
            <dst id="CHINng">12488.4533333333</dst>
            <dst id="DNVRng">11311.0853333333</dst>
            <dst id="HSTNng">167554.690666667</dst>
            <dst id="IPLSng">317.168</dst>
            <dst id="KSCYng">250.8</dst>
            <dst id="LOSAng">25148.048</dst>
            <dst id="NYCMng">52339.1653333333</dst>
            <dst id="SNVAng">10137.504</dst>
            <dst id="STTLng">29088.9173333333</dst>
            <dst id="WASHng">84638.2773333333</dst>
        </src>
        <src id="NYCMng">
            <dst id="ATLA-M5">0</dst>
            <dst id="ATLAng">23789.272</dst>
            <dst id="CHINng">69933.168</dst>
            <dst id="DNVRng">34210.4266666667</dst>
            <dst id="HSTNng">126527.138666667</dst>
            <dst id="IPLSng">49289.608</dst>
            <dst id="KSCYng">18482.8666666667</dst>
            <dst id="LOSAng">217.488</dst>
            <dst id="NYCMng">231147.48</dst>
            <dst id="SNVAng">26.6666666666667</dst>
            <dst id="STTLng">3215.38933333333</dst>
            <dst id="WASHng">93870.448</dst>
        </src>
        <src id="SNVAng">
            <dst id="ATLA-M5">0</dst>
            <dst id="ATLAng">164.133333333333</dst>
            <dst id="CHINng">514.736</dst>
            <dst id="DNVRng">12425.8106666667</dst>
            <dst id="HSTNng">6351.048</dst>
            <dst id="IPLSng">0</dst>
            <dst id="KSCYng">968.666666666666</dst>
            <dst id="LOSAng">35169.432</dst>
            <dst id="NYCMng">4009.112</dst>
            <dst id="SNVAng">12325.8933333333</dst>
            <dst id="STTLng">49323.344</dst>
            <dst id="WASHng">729.536</dst>
        </src>
        <src id="STTLng">
            <dst id="ATLA-M5">0</dst>
            <dst id="ATLAng">7598.816</dst>
            <dst id="CHINng">24189.7386666667</dst>
            <dst id="DNVRng">3832.91466666667</dst>
            <dst id="HSTNng">46420.5866666667</dst>
            <dst id="IPLSng">280.621333333333</dst>
            <dst id="KSCYng">2055.192</dst>
            <dst id="LOSAng">20025.888</dst>
            <dst id="NYCMng">12625.344</dst>
            <dst id="SNVAng">6464.39733333333</dst>
            <dst id="STTLng">5763.272</dst>
            <dst id="WASHng">29257.8533333333</dst>
        </src>
        <src id="WASHng">
            <dst id="ATLA-M5">0</dst>
            <dst id="ATLAng">138033.152</dst>
            <dst id="CHINng">79982.072</dst>
            <dst id="DNVRng">2722.95466666667</dst>
            <dst id="HSTNng">281832.533333333</dst>
            <dst id="IPLSng">52421.1973333333</dst>
            <dst id="KSCYng">18376.6453333333</dst>
            <dst id="LOSAng">144.848</dst>
            <dst id="NYCMng">185756.882666667</dst>
            <dst id="SNVAng">1186.86133333333</dst>
            <dst id="STTLng">5133.50666666667</dst>
            <dst id="WASHng">391903.573333333</dst>
        </src>
    </IntraTM>
</TrafficMatrixFile>
