<?xml version="1.0" encoding="ISO-8859-1" standalone="yes"?>
<TrafficMatrixFile xsi:noNamespaceSchemaLocation="http://totem.run.montefiore.ulg.ac.be/Schema/TrafficMatrix-v1_2.xsd" xmlns:xsi="http://www.w3.org/2001/XMLSchema-instance">
    <IntraTM ASID="11537">
        <src id="ATLA-M5">
            <dst id="ATLA-M5">570.216</dst>
            <dst id="ATLAng">514.272</dst>
            <dst id="CHINng">909.032</dst>
            <dst id="DNVRng">26.7306666666667</dst>
            <dst id="HSTNng">1494.736</dst>
            <dst id="IPLSng">880.392</dst>
            <dst id="KSCYng">892.293333333333</dst>
            <dst id="LOSAng">0</dst>
            <dst id="NYCMng">890.112</dst>
            <dst id="SNVAng">26.6666666666667</dst>
            <dst id="STTLng">0</dst>
            <dst id="WASHng">2861.53866666667</dst>
        </src>
        <src id="ATLAng">
            <dst id="ATLA-M5">0</dst>
            <dst id="ATLAng">30325.936</dst>
            <dst id="CHINng">46547.064</dst>
            <dst id="DNVRng">135.669333333333</dst>
            <dst id="HSTNng">73418.4186666667</dst>
            <dst id="IPLSng">107087.394666667</dst>
            <dst id="KSCYng">14167.1706666667</dst>
            <dst id="LOSAng">82.2853333333333</dst>
            <dst id="NYCMng">27191.9813333333</dst>
            <dst id="SNVAng">919.026666666667</dst>
            <dst id="STTLng">80</dst>
            <dst id="WASHng">82520.864</dst>
        </src>
        <src id="CHINng">
            <dst id="ATLA-M5">0</dst>
            <dst id="ATLAng">36308.4293333333</dst>
            <dst id="CHINng">129024.944</dst>
            <dst id="DNVRng">24807.2453333333</dst>
            <dst id="HSTNng">121584.992</dst>
            <dst id="IPLSng">94305.8506666667</dst>
            <dst id="KSCYng">20834.5306666667</dst>
            <dst id="LOSAng">480.618666666667</dst>
            <dst id="NYCMng">50730.5653333333</dst>
            <dst id="SNVAng">1216.70933333333</dst>
            <dst id="STTLng">917.952</dst>
            <dst id="WASHng">61952.7306666667</dst>
        </src>
        <src id="DNVRng">
            <dst id="ATLA-M5">0</dst>
            <dst id="ATLAng">32068.896</dst>
            <dst id="CHINng">68018.4133333333</dst>
            <dst id="DNVRng">14206.808</dst>
            <dst id="HSTNng">50376.048</dst>
            <dst id="IPLSng">40266.216</dst>
            <dst id="KSCYng">17346.6613333333</dst>
            <dst id="LOSAng">26.6666666666667</dst>
            <dst id="NYCMng">32308.5306666667</dst>
            <dst id="SNVAng">12313.6</dst>
            <dst id="STTLng">274.613333333333</dst>
            <dst id="WASHng">60900.5333333333</dst>
        </src>
        <src id="HSTNng">
            <dst id="ATLA-M5">0</dst>
            <dst id="ATLAng">44039.1306666667</dst>
            <dst id="CHINng">5072.45866666667</dst>
            <dst id="DNVRng">91.216</dst>
            <dst id="HSTNng">357863.573333333</dst>
            <dst id="IPLSng">26.6666666666667</dst>
            <dst id="KSCYng">87.9306666666667</dst>
            <dst id="LOSAng">0</dst>
            <dst id="NYCMng">10257.4933333333</dst>
            <dst id="SNVAng">143.413333333333</dst>
            <dst id="STTLng">26.6666666666667</dst>
            <dst id="WASHng">133124.954666667</dst>
        </src>
        <src id="IPLSng">
            <dst id="ATLA-M5">0</dst>
            <dst id="ATLAng">67298.7066666667</dst>
            <dst id="CHINng">156766.277333333</dst>
            <dst id="DNVRng">20131.7226666667</dst>
            <dst id="HSTNng">71141.2133333333</dst>
            <dst id="IPLSng">48125.2026666667</dst>
            <dst id="KSCYng">35393.9546666667</dst>
            <dst id="LOSAng">227.162666666667</dst>
            <dst id="NYCMng">49831.2266666667</dst>
            <dst id="SNVAng">5331.544</dst>
            <dst id="STTLng">1050.67466666667</dst>
            <dst id="WASHng">49745.4186666667</dst>
        </src>
        <src id="KSCYng">
            <dst id="ATLA-M5">0</dst>
            <dst id="ATLAng">5441.19466666667</dst>
            <dst id="CHINng">41239.872</dst>
            <dst id="DNVRng">19545.3973333333</dst>
            <dst id="HSTNng">20378.1946666667</dst>
            <dst id="IPLSng">32722.904</dst>
            <dst id="KSCYng">13666.992</dst>
            <dst id="LOSAng">0</dst>
            <dst id="NYCMng">9886.06933333333</dst>
            <dst id="SNVAng">123.898666666667</dst>
            <dst id="STTLng">140.138666666667</dst>
            <dst id="WASHng">13165.0533333333</dst>
        </src>
        <src id="LOSAng">
            <dst id="ATLA-M5">0</dst>
            <dst id="ATLAng">29645.168</dst>
            <dst id="CHINng">8142.55466666667</dst>
            <dst id="DNVRng">37243.6613333333</dst>
            <dst id="HSTNng">249462.357333333</dst>
            <dst id="IPLSng">2399.98933333333</dst>
            <dst id="KSCYng">2933.912</dst>
            <dst id="LOSAng">19104.3066666667</dst>
            <dst id="NYCMng">69832.2266666667</dst>
            <dst id="SNVAng">14475.44</dst>
            <dst id="STTLng">37275.856</dst>
            <dst id="WASHng">118452.656</dst>
        </src>
        <src id="NYCMng">
            <dst id="ATLA-M5">0</dst>
            <dst id="ATLAng">64149.224</dst>
            <dst id="CHINng">115634.522666667</dst>
            <dst id="DNVRng">44091.96</dst>
            <dst id="HSTNng">164986.525333333</dst>
            <dst id="IPLSng">89519.32</dst>
            <dst id="KSCYng">28967.0666666667</dst>
            <dst id="LOSAng">75.24</dst>
            <dst id="NYCMng">276158.16</dst>
            <dst id="SNVAng">124.658666666667</dst>
            <dst id="STTLng">2224.272</dst>
            <dst id="WASHng">228775.36</dst>
        </src>
        <src id="SNVAng">
            <dst id="ATLA-M5">0</dst>
            <dst id="ATLAng">3023.25066666667</dst>
            <dst id="CHINng">218.090666666667</dst>
            <dst id="DNVRng">7689.38133333333</dst>
            <dst id="HSTNng">6959.81866666667</dst>
            <dst id="IPLSng">26.6666666666667</dst>
            <dst id="KSCYng">1338.61066666667</dst>
            <dst id="LOSAng">34978.1013333333</dst>
            <dst id="NYCMng">9063.208</dst>
            <dst id="SNVAng">13877.768</dst>
            <dst id="STTLng">50837.9146666667</dst>
            <dst id="WASHng">2543.08533333333</dst>
        </src>
        <src id="STTLng">
            <dst id="ATLA-M5">0</dst>
            <dst id="ATLAng">17070.6933333333</dst>
            <dst id="CHINng">22987.2026666667</dst>
            <dst id="DNVRng">16930.12</dst>
            <dst id="HSTNng">69198.88</dst>
            <dst id="IPLSng">837.629333333333</dst>
            <dst id="KSCYng">10020.776</dst>
            <dst id="LOSAng">29673.9093333333</dst>
            <dst id="NYCMng">27254.392</dst>
            <dst id="SNVAng">11703.456</dst>
            <dst id="STTLng">3581.02133333333</dst>
            <dst id="WASHng">38375.9173333333</dst>
        </src>
        <src id="WASHng">
            <dst id="ATLA-M5">0</dst>
            <dst id="ATLAng">143727.784</dst>
            <dst id="CHINng">113952.045333333</dst>
            <dst id="DNVRng">5641.78666666667</dst>
            <dst id="HSTNng">352168.426666667</dst>
            <dst id="IPLSng">85567.5306666667</dst>
            <dst id="KSCYng">38670.072</dst>
            <dst id="LOSAng">158.077333333333</dst>
            <dst id="NYCMng">236689.157333333</dst>
            <dst id="SNVAng">593.872</dst>
            <dst id="STTLng">10128.9066666667</dst>
            <dst id="WASHng">331091.386666667</dst>
        </src>
    </IntraTM>
</TrafficMatrixFile>
