<?xml version="1.0" encoding="ISO-8859-1" standalone="yes"?>
<TrafficMatrixFile xsi:noNamespaceSchemaLocation="http://totem.run.montefiore.ulg.ac.be/Schema/TrafficMatrix-v1_2.xsd" xmlns:xsi="http://www.w3.org/2001/XMLSchema-instance">
    <IntraTM ASID="11537">
        <src id="ATLA-M5">
            <dst id="ATLA-M5">32.128</dst>
            <dst id="ATLAng">294.32</dst>
            <dst id="CHINng">3393.13333333333</dst>
            <dst id="DNVRng">0</dst>
            <dst id="HSTNng">397.405333333333</dst>
            <dst id="IPLSng">262.922666666667</dst>
            <dst id="KSCYng">0</dst>
            <dst id="LOSAng">0</dst>
            <dst id="NYCMng">1918.312</dst>
            <dst id="SNVAng">0</dst>
            <dst id="STTLng">0</dst>
            <dst id="WASHng">1755.832</dst>
        </src>
        <src id="ATLAng">
            <dst id="ATLA-M5">0</dst>
            <dst id="ATLAng">30248.4293333333</dst>
            <dst id="CHINng">52301.6506666667</dst>
            <dst id="DNVRng">0</dst>
            <dst id="HSTNng">22331.688</dst>
            <dst id="IPLSng">26605.592</dst>
            <dst id="KSCYng">0</dst>
            <dst id="LOSAng">53.3333333333333</dst>
            <dst id="NYCMng">70522.2826666667</dst>
            <dst id="SNVAng">26.6666666666667</dst>
            <dst id="STTLng">1777.64533333333</dst>
            <dst id="WASHng">44109.184</dst>
        </src>
        <src id="CHINng">
            <dst id="ATLA-M5">0</dst>
            <dst id="ATLAng">35938.7146666667</dst>
            <dst id="CHINng">34067.36</dst>
            <dst id="DNVRng">0</dst>
            <dst id="HSTNng">22268.888</dst>
            <dst id="IPLSng">61537.0826666667</dst>
            <dst id="KSCYng">26.6666666666667</dst>
            <dst id="LOSAng">163.016</dst>
            <dst id="NYCMng">227727.253333333</dst>
            <dst id="SNVAng">26.6666666666667</dst>
            <dst id="STTLng">70.0586666666667</dst>
            <dst id="WASHng">41463.2613333333</dst>
        </src>
        <src id="DNVRng">
            <dst id="ATLA-M5">0</dst>
            <dst id="ATLAng">7104.44</dst>
            <dst id="CHINng">43471.328</dst>
            <dst id="DNVRng">6031.76533333333</dst>
            <dst id="HSTNng">78068.992</dst>
            <dst id="IPLSng">28207.128</dst>
            <dst id="KSCYng">8737.81066666667</dst>
            <dst id="LOSAng">0</dst>
            <dst id="NYCMng">36766.056</dst>
            <dst id="SNVAng">13115.7013333333</dst>
            <dst id="STTLng">139.309333333333</dst>
            <dst id="WASHng">42735.9013333333</dst>
        </src>
        <src id="HSTNng">
            <dst id="ATLA-M5">0</dst>
            <dst id="ATLAng">38072.5093333333</dst>
            <dst id="CHINng">2353.08266666667</dst>
            <dst id="DNVRng">165.248</dst>
            <dst id="HSTNng">150862.952</dst>
            <dst id="IPLSng">164.042666666667</dst>
            <dst id="KSCYng">33.7386666666667</dst>
            <dst id="LOSAng">0</dst>
            <dst id="NYCMng">6304.81066666667</dst>
            <dst id="SNVAng">80</dst>
            <dst id="STTLng">395.061333333333</dst>
            <dst id="WASHng">130532.898666667</dst>
        </src>
        <src id="IPLSng">
            <dst id="ATLA-M5">0</dst>
            <dst id="ATLAng">17968.4693333333</dst>
            <dst id="CHINng">94799.08</dst>
            <dst id="DNVRng">0</dst>
            <dst id="HSTNng">16571.008</dst>
            <dst id="IPLSng">19438.8933333333</dst>
            <dst id="KSCYng">18589.296</dst>
            <dst id="LOSAng">509.298666666667</dst>
            <dst id="NYCMng">241797.488</dst>
            <dst id="SNVAng">0</dst>
            <dst id="STTLng">933.866666666666</dst>
            <dst id="WASHng">32595.4293333333</dst>
        </src>
        <src id="KSCYng">
            <dst id="ATLA-M5">0</dst>
            <dst id="ATLAng">7348.89066666667</dst>
            <dst id="CHINng">17232.9893333333</dst>
            <dst id="DNVRng">19772.616</dst>
            <dst id="HSTNng">20812.7226666667</dst>
            <dst id="IPLSng">9990.46933333333</dst>
            <dst id="KSCYng">15593.1226666667</dst>
            <dst id="LOSAng">0</dst>
            <dst id="NYCMng">26598.3413333333</dst>
            <dst id="SNVAng">0</dst>
            <dst id="STTLng">53.3333333333333</dst>
            <dst id="WASHng">16166.5653333333</dst>
        </src>
        <src id="LOSAng">
            <dst id="ATLA-M5">0</dst>
            <dst id="ATLAng">31100.9973333333</dst>
            <dst id="CHINng">4548.56266666667</dst>
            <dst id="DNVRng">28609.6693333333</dst>
            <dst id="HSTNng">143408.746666667</dst>
            <dst id="IPLSng">542.554666666667</dst>
            <dst id="KSCYng">454.861333333333</dst>
            <dst id="LOSAng">14840.816</dst>
            <dst id="NYCMng">75009.6133333333</dst>
            <dst id="SNVAng">14819.016</dst>
            <dst id="STTLng">19263.5786666667</dst>
            <dst id="WASHng">105157.816</dst>
        </src>
        <src id="NYCMng">
            <dst id="ATLA-M5">0</dst>
            <dst id="ATLAng">41537.6826666667</dst>
            <dst id="CHINng">799.213333333333</dst>
            <dst id="DNVRng">0</dst>
            <dst id="HSTNng">25717.808</dst>
            <dst id="IPLSng">53.3333333333333</dst>
            <dst id="KSCYng">152.824</dst>
            <dst id="LOSAng">262.701333333333</dst>
            <dst id="NYCMng">985110.693333333</dst>
            <dst id="SNVAng">272.056</dst>
            <dst id="STTLng">70.9066666666667</dst>
            <dst id="WASHng">339030.453333333</dst>
        </src>
        <src id="SNVAng">
            <dst id="ATLA-M5">0</dst>
            <dst id="ATLAng">1307.93866666667</dst>
            <dst id="CHINng">549.725333333333</dst>
            <dst id="DNVRng">1040.81066666667</dst>
            <dst id="HSTNng">5807.63466666667</dst>
            <dst id="IPLSng">0</dst>
            <dst id="KSCYng">1333.77866666667</dst>
            <dst id="LOSAng">36520.7173333333</dst>
            <dst id="NYCMng">15680.752</dst>
            <dst id="SNVAng">17388.544</dst>
            <dst id="STTLng">59059.7866666667</dst>
            <dst id="WASHng">1540.88266666667</dst>
        </src>
        <src id="STTLng">
            <dst id="ATLA-M5">0</dst>
            <dst id="ATLAng">15946.9226666667</dst>
            <dst id="CHINng">1461.22666666667</dst>
            <dst id="DNVRng">8502.29333333333</dst>
            <dst id="HSTNng">22358.3413333333</dst>
            <dst id="IPLSng">702.018666666667</dst>
            <dst id="KSCYng">5972.056</dst>
            <dst id="LOSAng">43516.1333333333</dst>
            <dst id="NYCMng">46504.9306666667</dst>
            <dst id="SNVAng">8615.688</dst>
            <dst id="STTLng">2152.40266666667</dst>
            <dst id="WASHng">36499.84</dst>
        </src>
        <src id="WASHng">
            <dst id="ATLA-M5">0</dst>
            <dst id="ATLAng">183476.189333333</dst>
            <dst id="CHINng">1010.26666666667</dst>
            <dst id="DNVRng">0</dst>
            <dst id="HSTNng">84576.6826666667</dst>
            <dst id="IPLSng">214.565333333333</dst>
            <dst id="KSCYng">106.666666666667</dst>
            <dst id="LOSAng">188.490666666667</dst>
            <dst id="NYCMng">627523.013333333</dst>
            <dst id="SNVAng">201.949333333333</dst>
            <dst id="STTLng">118.832</dst>
            <dst id="WASHng">271544.186666667</dst>
        </src>
    </IntraTM>
</TrafficMatrixFile>
