<?xml version="1.0" encoding="ISO-8859-1" standalone="yes"?>
<TrafficMatrixFile xsi:noNamespaceSchemaLocation="http://totem.run.montefiore.ulg.ac.be/Schema/TrafficMatrix-v1_2.xsd" xmlns:xsi="http://www.w3.org/2001/XMLSchema-instance">
    <IntraTM ASID="11537">
        <src id="ATLA-M5">
            <dst id="ATLA-M5">899.410666666667</dst>
            <dst id="ATLAng">201.418666666667</dst>
            <dst id="CHINng">500.650666666667</dst>
            <dst id="DNVRng">0</dst>
            <dst id="HSTNng">133.853333333333</dst>
            <dst id="IPLSng">417.712</dst>
            <dst id="KSCYng">0</dst>
            <dst id="LOSAng">0</dst>
            <dst id="NYCMng">624.741333333333</dst>
            <dst id="SNVAng">0</dst>
            <dst id="STTLng">0</dst>
            <dst id="WASHng">1200.77333333333</dst>
        </src>
        <src id="ATLAng">
            <dst id="ATLA-M5">0</dst>
            <dst id="ATLAng">30507.8213333333</dst>
            <dst id="CHINng">17084.4426666667</dst>
            <dst id="DNVRng">0</dst>
            <dst id="HSTNng">4081.768</dst>
            <dst id="IPLSng">28089.584</dst>
            <dst id="KSCYng">26.6666666666667</dst>
            <dst id="LOSAng">0</dst>
            <dst id="NYCMng">37838.8613333333</dst>
            <dst id="SNVAng">88.64</dst>
            <dst id="STTLng">0</dst>
            <dst id="WASHng">54782.6506666667</dst>
        </src>
        <src id="CHINng">
            <dst id="ATLA-M5">0</dst>
            <dst id="ATLAng">30593.152</dst>
            <dst id="CHINng">34245.6</dst>
            <dst id="DNVRng">0</dst>
            <dst id="HSTNng">17183.0293333333</dst>
            <dst id="IPLSng">51873.856</dst>
            <dst id="KSCYng">106.666666666667</dst>
            <dst id="LOSAng">0</dst>
            <dst id="NYCMng">161192.421333333</dst>
            <dst id="SNVAng">96.64</dst>
            <dst id="STTLng">26.6666666666667</dst>
            <dst id="WASHng">30742.3866666667</dst>
        </src>
        <src id="DNVRng">
            <dst id="ATLA-M5">0</dst>
            <dst id="ATLAng">5683.17333333333</dst>
            <dst id="CHINng">26788.904</dst>
            <dst id="DNVRng">4273.36533333333</dst>
            <dst id="HSTNng">26284.904</dst>
            <dst id="IPLSng">25417.488</dst>
            <dst id="KSCYng">8451.376</dst>
            <dst id="LOSAng">0</dst>
            <dst id="NYCMng">39028.848</dst>
            <dst id="SNVAng">6745.82133333333</dst>
            <dst id="STTLng">80</dst>
            <dst id="WASHng">41242.984</dst>
        </src>
        <src id="HSTNng">
            <dst id="ATLA-M5">0</dst>
            <dst id="ATLAng">23314.712</dst>
            <dst id="CHINng">260.44</dst>
            <dst id="DNVRng">26.6666666666667</dst>
            <dst id="HSTNng">103979.733333333</dst>
            <dst id="IPLSng">53.3333333333333</dst>
            <dst id="KSCYng">0</dst>
            <dst id="LOSAng">26.6666666666667</dst>
            <dst id="NYCMng">3862.328</dst>
            <dst id="SNVAng">53.3333333333333</dst>
            <dst id="STTLng">0</dst>
            <dst id="WASHng">78763.0666666667</dst>
        </src>
        <src id="IPLSng">
            <dst id="ATLA-M5">0</dst>
            <dst id="ATLAng">17617.5413333333</dst>
            <dst id="CHINng">84608.5226666667</dst>
            <dst id="DNVRng">0</dst>
            <dst id="HSTNng">15679.3626666667</dst>
            <dst id="IPLSng">21339.7706666667</dst>
            <dst id="KSCYng">20223.688</dst>
            <dst id="LOSAng">0</dst>
            <dst id="NYCMng">207708.464</dst>
            <dst id="SNVAng">53.3333333333333</dst>
            <dst id="STTLng">26.6666666666667</dst>
            <dst id="WASHng">30588.4053333333</dst>
        </src>
        <src id="KSCYng">
            <dst id="ATLA-M5">0</dst>
            <dst id="ATLAng">6995.18666666667</dst>
            <dst id="CHINng">13402.8426666667</dst>
            <dst id="DNVRng">6166.40266666667</dst>
            <dst id="HSTNng">11466.128</dst>
            <dst id="IPLSng">23323.9413333333</dst>
            <dst id="KSCYng">6658.832</dst>
            <dst id="LOSAng">0</dst>
            <dst id="NYCMng">20470.5226666667</dst>
            <dst id="SNVAng">26.6666666666667</dst>
            <dst id="STTLng">26.6666666666667</dst>
            <dst id="WASHng">16155.224</dst>
        </src>
        <src id="LOSAng">
            <dst id="ATLA-M5">0</dst>
            <dst id="ATLAng">18031.504</dst>
            <dst id="CHINng">2154.84266666667</dst>
            <dst id="DNVRng">10542.848</dst>
            <dst id="HSTNng">108993.522666667</dst>
            <dst id="IPLSng">600.298666666667</dst>
            <dst id="KSCYng">264.184</dst>
            <dst id="LOSAng">15277.592</dst>
            <dst id="NYCMng">94459.1733333333</dst>
            <dst id="SNVAng">8827.456</dst>
            <dst id="STTLng">16661.8586666667</dst>
            <dst id="WASHng">71406.3466666667</dst>
        </src>
        <src id="NYCMng">
            <dst id="ATLA-M5">0</dst>
            <dst id="ATLAng">42397.0773333333</dst>
            <dst id="CHINng">1148.52533333333</dst>
            <dst id="DNVRng">0</dst>
            <dst id="HSTNng">15409.1946666667</dst>
            <dst id="IPLSng">162.146666666667</dst>
            <dst id="KSCYng">185.552</dst>
            <dst id="LOSAng">696</dst>
            <dst id="NYCMng">425335.84</dst>
            <dst id="SNVAng">53.3333333333333</dst>
            <dst id="STTLng">53.3333333333333</dst>
            <dst id="WASHng">113681.485333333</dst>
        </src>
        <src id="SNVAng">
            <dst id="ATLA-M5">0</dst>
            <dst id="ATLAng">867.605333333333</dst>
            <dst id="CHINng">27.5466666666667</dst>
            <dst id="DNVRng">2396.20533333333</dst>
            <dst id="HSTNng">3159.48533333333</dst>
            <dst id="IPLSng">0</dst>
            <dst id="KSCYng">304.914666666667</dst>
            <dst id="LOSAng">34985.1146666667</dst>
            <dst id="NYCMng">8438.71466666667</dst>
            <dst id="SNVAng">15536.56</dst>
            <dst id="STTLng">53800.9546666667</dst>
            <dst id="WASHng">644.274666666667</dst>
        </src>
        <src id="STTLng">
            <dst id="ATLA-M5">0</dst>
            <dst id="ATLAng">8093.504</dst>
            <dst id="CHINng">1125.26933333333</dst>
            <dst id="DNVRng">4464.47733333333</dst>
            <dst id="HSTNng">20199.488</dst>
            <dst id="IPLSng">225.509333333333</dst>
            <dst id="KSCYng">3576.616</dst>
            <dst id="LOSAng">13536.9093333333</dst>
            <dst id="NYCMng">43168.6186666667</dst>
            <dst id="SNVAng">5770.448</dst>
            <dst id="STTLng">635.834666666667</dst>
            <dst id="WASHng">30490.9866666667</dst>
        </src>
        <src id="WASHng">
            <dst id="ATLA-M5">0</dst>
            <dst id="ATLAng">89771.976</dst>
            <dst id="CHINng">1525.51733333333</dst>
            <dst id="DNVRng">0</dst>
            <dst id="HSTNng">82014.6026666667</dst>
            <dst id="IPLSng">367.042666666667</dst>
            <dst id="KSCYng">361.754666666667</dst>
            <dst id="LOSAng">0</dst>
            <dst id="NYCMng">495810.853333333</dst>
            <dst id="SNVAng">26.6666666666667</dst>
            <dst id="STTLng">875.648</dst>
            <dst id="WASHng">263939.781333333</dst>
        </src>
    </IntraTM>
</TrafficMatrixFile>
