<?xml version="1.0" encoding="ISO-8859-1" standalone="yes"?>
<TrafficMatrixFile xsi:noNamespaceSchemaLocation="http://totem.run.montefiore.ulg.ac.be/Schema/TrafficMatrix-v1_2.xsd" xmlns:xsi="http://www.w3.org/2001/XMLSchema-instance">
    <IntraTM ASID="11537">
        <src id="ATLA-M5">
            <dst id="ATLA-M5">475.994666666667</dst>
            <dst id="ATLAng">868.077333333333</dst>
            <dst id="CHINng">433.432</dst>
            <dst id="DNVRng">0</dst>
            <dst id="HSTNng">106.666666666667</dst>
            <dst id="IPLSng">2877.144</dst>
            <dst id="KSCYng">0</dst>
            <dst id="LOSAng">0</dst>
            <dst id="NYCMng">2530.064</dst>
            <dst id="SNVAng">0</dst>
            <dst id="STTLng">26.6666666666667</dst>
            <dst id="WASHng">472.346666666667</dst>
        </src>
        <src id="ATLAng">
            <dst id="ATLA-M5">0</dst>
            <dst id="ATLAng">51958.2746666667</dst>
            <dst id="CHINng">41807.1386666667</dst>
            <dst id="DNVRng">0</dst>
            <dst id="HSTNng">9174.21066666666</dst>
            <dst id="IPLSng">37594.1866666667</dst>
            <dst id="KSCYng">0</dst>
            <dst id="LOSAng">26.6666666666667</dst>
            <dst id="NYCMng">66223.8506666667</dst>
            <dst id="SNVAng">34.7306666666667</dst>
            <dst id="STTLng">0</dst>
            <dst id="WASHng">41569.9226666667</dst>
        </src>
        <src id="CHINng">
            <dst id="ATLA-M5">0</dst>
            <dst id="ATLAng">37096.5573333333</dst>
            <dst id="CHINng">38028.568</dst>
            <dst id="DNVRng">0</dst>
            <dst id="HSTNng">18274.2133333333</dst>
            <dst id="IPLSng">62683.3386666667</dst>
            <dst id="KSCYng">134.466666666667</dst>
            <dst id="LOSAng">53.3333333333333</dst>
            <dst id="NYCMng">217941.597333333</dst>
            <dst id="SNVAng">0</dst>
            <dst id="STTLng">106.666666666667</dst>
            <dst id="WASHng">44583.3786666667</dst>
        </src>
        <src id="DNVRng">
            <dst id="ATLA-M5">0</dst>
            <dst id="ATLAng">9149.31466666667</dst>
            <dst id="CHINng">40271.9146666667</dst>
            <dst id="DNVRng">9097.30666666667</dst>
            <dst id="HSTNng">34633.8346666667</dst>
            <dst id="IPLSng">27362.5546666667</dst>
            <dst id="KSCYng">20781.872</dst>
            <dst id="LOSAng">0</dst>
            <dst id="NYCMng">40326.736</dst>
            <dst id="SNVAng">9948.30933333333</dst>
            <dst id="STTLng">1687.91733333333</dst>
            <dst id="WASHng">40774.8053333333</dst>
        </src>
        <src id="HSTNng">
            <dst id="ATLA-M5">0</dst>
            <dst id="ATLAng">36425.9733333333</dst>
            <dst id="CHINng">788.946666666667</dst>
            <dst id="DNVRng">26.6666666666667</dst>
            <dst id="HSTNng">124024.258666667</dst>
            <dst id="IPLSng">0</dst>
            <dst id="KSCYng">0</dst>
            <dst id="LOSAng">0</dst>
            <dst id="NYCMng">5394.32</dst>
            <dst id="SNVAng">0</dst>
            <dst id="STTLng">0</dst>
            <dst id="WASHng">125656.701333333</dst>
        </src>
        <src id="IPLSng">
            <dst id="ATLA-M5">0</dst>
            <dst id="ATLAng">18622.0746666667</dst>
            <dst id="CHINng">124286.656</dst>
            <dst id="DNVRng">0</dst>
            <dst id="HSTNng">10471.2266666667</dst>
            <dst id="IPLSng">39509.7946666667</dst>
            <dst id="KSCYng">21394.0186666667</dst>
            <dst id="LOSAng">0</dst>
            <dst id="NYCMng">220315.792</dst>
            <dst id="SNVAng">222.058666666667</dst>
            <dst id="STTLng">26.6666666666667</dst>
            <dst id="WASHng">32674.0906666667</dst>
        </src>
        <src id="KSCYng">
            <dst id="ATLA-M5">0</dst>
            <dst id="ATLAng">3464.38133333333</dst>
            <dst id="CHINng">18344.4</dst>
            <dst id="DNVRng">16796.096</dst>
            <dst id="HSTNng">17266.7093333333</dst>
            <dst id="IPLSng">10055.4346666667</dst>
            <dst id="KSCYng">7048.56</dst>
            <dst id="LOSAng">0</dst>
            <dst id="NYCMng">59800.3333333334</dst>
            <dst id="SNVAng">0</dst>
            <dst id="STTLng">0</dst>
            <dst id="WASHng">14106.3493333333</dst>
        </src>
        <src id="LOSAng">
            <dst id="ATLA-M5">0</dst>
            <dst id="ATLAng">32104.5066666667</dst>
            <dst id="CHINng">2346.43466666667</dst>
            <dst id="DNVRng">35550.6666666667</dst>
            <dst id="HSTNng">111328.994666667</dst>
            <dst id="IPLSng">290.618666666667</dst>
            <dst id="KSCYng">209.114666666667</dst>
            <dst id="LOSAng">25389.4453333333</dst>
            <dst id="NYCMng">83152.736</dst>
            <dst id="SNVAng">13060.4773333333</dst>
            <dst id="STTLng">26422.024</dst>
            <dst id="WASHng">100843.92</dst>
        </src>
        <src id="NYCMng">
            <dst id="ATLA-M5">0</dst>
            <dst id="ATLAng">36486.072</dst>
            <dst id="CHINng">786.885333333333</dst>
            <dst id="DNVRng">0</dst>
            <dst id="HSTNng">27483.8906666667</dst>
            <dst id="IPLSng">196.104</dst>
            <dst id="KSCYng">96.6026666666667</dst>
            <dst id="LOSAng">0</dst>
            <dst id="NYCMng">546702.56</dst>
            <dst id="SNVAng">80</dst>
            <dst id="STTLng">53.3333333333333</dst>
            <dst id="WASHng">98253.6</dst>
        </src>
        <src id="SNVAng">
            <dst id="ATLA-M5">0</dst>
            <dst id="ATLAng">1029.71466666667</dst>
            <dst id="CHINng">377.381333333333</dst>
            <dst id="DNVRng">10184.856</dst>
            <dst id="HSTNng">12962.5546666667</dst>
            <dst id="IPLSng">26.6666666666667</dst>
            <dst id="KSCYng">426.2</dst>
            <dst id="LOSAng">38414.56</dst>
            <dst id="NYCMng">5844.19733333333</dst>
            <dst id="SNVAng">18097.5253333333</dst>
            <dst id="STTLng">54539.704</dst>
            <dst id="WASHng">864.946666666667</dst>
        </src>
        <src id="STTLng">
            <dst id="ATLA-M5">0</dst>
            <dst id="ATLAng">8253.208</dst>
            <dst id="CHINng">489.690666666667</dst>
            <dst id="DNVRng">5474.38666666667</dst>
            <dst id="HSTNng">27037.7706666667</dst>
            <dst id="IPLSng">227.474666666667</dst>
            <dst id="KSCYng">3713.03466666667</dst>
            <dst id="LOSAng">21325.5866666667</dst>
            <dst id="NYCMng">44293.32</dst>
            <dst id="SNVAng">5108.74133333333</dst>
            <dst id="STTLng">11945.56</dst>
            <dst id="WASHng">30051.208</dst>
        </src>
        <src id="WASHng">
            <dst id="ATLA-M5">0</dst>
            <dst id="ATLAng">105690.794666667</dst>
            <dst id="CHINng">1166.352</dst>
            <dst id="DNVRng">0</dst>
            <dst id="HSTNng">76585.5226666667</dst>
            <dst id="IPLSng">133.333333333333</dst>
            <dst id="KSCYng">382.464</dst>
            <dst id="LOSAng">26.6666666666667</dst>
            <dst id="NYCMng">573693.36</dst>
            <dst id="SNVAng">53.3333333333333</dst>
            <dst id="STTLng">80</dst>
            <dst id="WASHng">301416.693333333</dst>
        </src>
    </IntraTM>
</TrafficMatrixFile>
