<?xml version="1.0" encoding="ISO-8859-1" standalone="yes"?>
<TrafficMatrixFile xsi:noNamespaceSchemaLocation="http://totem.run.montefiore.ulg.ac.be/Schema/TrafficMatrix-v1_2.xsd" xmlns:xsi="http://www.w3.org/2001/XMLSchema-instance">
    <IntraTM ASID="11537">
        <src id="ATLA-M5">
            <dst id="ATLA-M5">26.6666666666667</dst>
            <dst id="ATLAng">80</dst>
            <dst id="CHINng">427.549333333333</dst>
            <dst id="DNVRng">0</dst>
            <dst id="HSTNng">1198.208</dst>
            <dst id="IPLSng">154.008</dst>
            <dst id="KSCYng">0</dst>
            <dst id="LOSAng">0</dst>
            <dst id="NYCMng">207.173333333333</dst>
            <dst id="SNVAng">0</dst>
            <dst id="STTLng">0</dst>
            <dst id="WASHng">1957.06133333333</dst>
        </src>
        <src id="ATLAng">
            <dst id="ATLA-M5">0</dst>
            <dst id="ATLAng">25088.9626666667</dst>
            <dst id="CHINng">14825.2453333333</dst>
            <dst id="DNVRng">0</dst>
            <dst id="HSTNng">33448.0053333333</dst>
            <dst id="IPLSng">31490.8346666667</dst>
            <dst id="KSCYng">2464.288</dst>
            <dst id="LOSAng">197.834666666667</dst>
            <dst id="NYCMng">23549.7546666667</dst>
            <dst id="SNVAng">53.3333333333333</dst>
            <dst id="STTLng">1331.17866666667</dst>
            <dst id="WASHng">65293.104</dst>
        </src>
        <src id="CHINng">
            <dst id="ATLA-M5">0</dst>
            <dst id="ATLAng">23547.816</dst>
            <dst id="CHINng">139395.253333333</dst>
            <dst id="DNVRng">13050.424</dst>
            <dst id="HSTNng">99425.3253333333</dst>
            <dst id="IPLSng">32782.04</dst>
            <dst id="KSCYng">14285.472</dst>
            <dst id="LOSAng">361.248</dst>
            <dst id="NYCMng">23373.6613333333</dst>
            <dst id="SNVAng">53.3333333333333</dst>
            <dst id="STTLng">1478.192</dst>
            <dst id="WASHng">33242.1386666667</dst>
        </src>
        <src id="DNVRng">
            <dst id="ATLA-M5">0</dst>
            <dst id="ATLAng">5980.848</dst>
            <dst id="CHINng">63299.2453333333</dst>
            <dst id="DNVRng">4147.17866666667</dst>
            <dst id="HSTNng">24211.0293333333</dst>
            <dst id="IPLSng">31409.4186666667</dst>
            <dst id="KSCYng">7960.72</dst>
            <dst id="LOSAng">0</dst>
            <dst id="NYCMng">24384.7653333333</dst>
            <dst id="SNVAng">6448.44</dst>
            <dst id="STTLng">0</dst>
            <dst id="WASHng">38754.4746666667</dst>
        </src>
        <src id="HSTNng">
            <dst id="ATLA-M5">0</dst>
            <dst id="ATLAng">25835.84</dst>
            <dst id="CHINng">3304.488</dst>
            <dst id="DNVRng">26.6666666666667</dst>
            <dst id="HSTNng">122070.336</dst>
            <dst id="IPLSng">66.904</dst>
            <dst id="KSCYng">0</dst>
            <dst id="LOSAng">0</dst>
            <dst id="NYCMng">6309.28</dst>
            <dst id="SNVAng">72.7786666666667</dst>
            <dst id="STTLng">94.8266666666667</dst>
            <dst id="WASHng">98301.8533333333</dst>
        </src>
        <src id="IPLSng">
            <dst id="ATLA-M5">0</dst>
            <dst id="ATLAng">11940.952</dst>
            <dst id="CHINng">161827.421333333</dst>
            <dst id="DNVRng">8096.704</dst>
            <dst id="HSTNng">84381.5893333334</dst>
            <dst id="IPLSng">35416.6133333333</dst>
            <dst id="KSCYng">21310.0026666667</dst>
            <dst id="LOSAng">75.8933333333333</dst>
            <dst id="NYCMng">25969.1893333333</dst>
            <dst id="SNVAng">75.0026666666667</dst>
            <dst id="STTLng">80</dst>
            <dst id="WASHng">26656.9866666667</dst>
        </src>
        <src id="KSCYng">
            <dst id="ATLA-M5">0</dst>
            <dst id="ATLAng">5915.43733333333</dst>
            <dst id="CHINng">35171.0586666667</dst>
            <dst id="DNVRng">9077.896</dst>
            <dst id="HSTNng">20836.7173333333</dst>
            <dst id="IPLSng">16888.7893333333</dst>
            <dst id="KSCYng">6611.25333333333</dst>
            <dst id="LOSAng">0</dst>
            <dst id="NYCMng">11533.5786666667</dst>
            <dst id="SNVAng">0</dst>
            <dst id="STTLng">26.6666666666667</dst>
            <dst id="WASHng">12653.8106666667</dst>
        </src>
        <src id="LOSAng">
            <dst id="ATLA-M5">0</dst>
            <dst id="ATLAng">18752.8506666667</dst>
            <dst id="CHINng">13343.8986666667</dst>
            <dst id="DNVRng">9044.96</dst>
            <dst id="HSTNng">169976.608</dst>
            <dst id="IPLSng">888.741333333333</dst>
            <dst id="KSCYng">26.6666666666667</dst>
            <dst id="LOSAng">26839.1626666667</dst>
            <dst id="NYCMng">51351.32</dst>
            <dst id="SNVAng">18827.1253333333</dst>
            <dst id="STTLng">24097.576</dst>
            <dst id="WASHng">93114.8053333333</dst>
        </src>
        <src id="NYCMng">
            <dst id="ATLA-M5">0</dst>
            <dst id="ATLAng">32121.744</dst>
            <dst id="CHINng">70874.704</dst>
            <dst id="DNVRng">34346.48</dst>
            <dst id="HSTNng">107240.834666667</dst>
            <dst id="IPLSng">46060.6506666667</dst>
            <dst id="KSCYng">21260.504</dst>
            <dst id="LOSAng">88.0933333333333</dst>
            <dst id="NYCMng">205886.533333333</dst>
            <dst id="SNVAng">107.28</dst>
            <dst id="STTLng">3859.592</dst>
            <dst id="WASHng">73647.072</dst>
        </src>
        <src id="SNVAng">
            <dst id="ATLA-M5">0</dst>
            <dst id="ATLAng">287.157333333333</dst>
            <dst id="CHINng">620.053333333333</dst>
            <dst id="DNVRng">6541.65066666667</dst>
            <dst id="HSTNng">5191.26133333333</dst>
            <dst id="IPLSng">0</dst>
            <dst id="KSCYng">393.402666666667</dst>
            <dst id="LOSAng">32953.416</dst>
            <dst id="NYCMng">4338.26133333333</dst>
            <dst id="SNVAng">15177.5066666667</dst>
            <dst id="STTLng">52070.0213333333</dst>
            <dst id="WASHng">575.432</dst>
        </src>
        <src id="STTLng">
            <dst id="ATLA-M5">0</dst>
            <dst id="ATLAng">8203.656</dst>
            <dst id="CHINng">24692.6773333333</dst>
            <dst id="DNVRng">4120.72533333333</dst>
            <dst id="HSTNng">46491.216</dst>
            <dst id="IPLSng">290.352</dst>
            <dst id="KSCYng">1976.55466666667</dst>
            <dst id="LOSAng">19942.3226666667</dst>
            <dst id="NYCMng">12969.6293333333</dst>
            <dst id="SNVAng">5389.70666666667</dst>
            <dst id="STTLng">2474.95733333333</dst>
            <dst id="WASHng">28447.6693333333</dst>
        </src>
        <src id="WASHng">
            <dst id="ATLA-M5">0</dst>
            <dst id="ATLAng">127284.482666667</dst>
            <dst id="CHINng">59879.904</dst>
            <dst id="DNVRng">6371.184</dst>
            <dst id="HSTNng">304391.68</dst>
            <dst id="IPLSng">51477.3946666667</dst>
            <dst id="KSCYng">12973.976</dst>
            <dst id="LOSAng">56.664</dst>
            <dst id="NYCMng">165651.752</dst>
            <dst id="SNVAng">124.421333333333</dst>
            <dst id="STTLng">5558.74666666667</dst>
            <dst id="WASHng">399754.026666667</dst>
        </src>
    </IntraTM>
</TrafficMatrixFile>
