<?xml version="1.0" encoding="ISO-8859-1" standalone="yes"?>
<TrafficMatrixFile xsi:noNamespaceSchemaLocation="http://totem.run.montefiore.ulg.ac.be/Schema/TrafficMatrix-v1_2.xsd" xmlns:xsi="http://www.w3.org/2001/XMLSchema-instance">
    <IntraTM ASID="11537">
        <src id="ATLA-M5">
            <dst id="ATLA-M5">0</dst>
            <dst id="ATLAng">82.5093333333333</dst>
            <dst id="CHINng">332.554666666667</dst>
            <dst id="DNVRng">0</dst>
            <dst id="HSTNng">297.922666666667</dst>
            <dst id="IPLSng">278.474666666667</dst>
            <dst id="KSCYng">0</dst>
            <dst id="LOSAng">0</dst>
            <dst id="NYCMng">1158.256</dst>
            <dst id="SNVAng">0</dst>
            <dst id="STTLng">0</dst>
            <dst id="WASHng">971.024</dst>
        </src>
        <src id="ATLAng">
            <dst id="ATLA-M5">0</dst>
            <dst id="ATLAng">28394.4053333333</dst>
            <dst id="CHINng">15555.5413333333</dst>
            <dst id="DNVRng">0</dst>
            <dst id="HSTNng">2730.19733333333</dst>
            <dst id="IPLSng">24666.5946666667</dst>
            <dst id="KSCYng">1018.82666666667</dst>
            <dst id="LOSAng">0</dst>
            <dst id="NYCMng">41551.3893333333</dst>
            <dst id="SNVAng">0</dst>
            <dst id="STTLng">0</dst>
            <dst id="WASHng">49358.2426666667</dst>
        </src>
        <src id="CHINng">
            <dst id="ATLA-M5">0</dst>
            <dst id="ATLAng">18580.5066666667</dst>
            <dst id="CHINng">28162.928</dst>
            <dst id="DNVRng">0</dst>
            <dst id="HSTNng">8825.94666666667</dst>
            <dst id="IPLSng">31192.264</dst>
            <dst id="KSCYng">128.162666666667</dst>
            <dst id="LOSAng">26.6666666666667</dst>
            <dst id="NYCMng">186574.205333333</dst>
            <dst id="SNVAng">0</dst>
            <dst id="STTLng">874.064</dst>
            <dst id="WASHng">37012.9226666667</dst>
        </src>
        <src id="DNVRng">
            <dst id="ATLA-M5">0</dst>
            <dst id="ATLAng">6246.00533333333</dst>
            <dst id="CHINng">28875.5146666667</dst>
            <dst id="DNVRng">3441.26133333333</dst>
            <dst id="HSTNng">29270.7626666667</dst>
            <dst id="IPLSng">24422.1733333333</dst>
            <dst id="KSCYng">6632.50666666667</dst>
            <dst id="LOSAng">0</dst>
            <dst id="NYCMng">28893.7253333333</dst>
            <dst id="SNVAng">7784.54933333333</dst>
            <dst id="STTLng">2105.632</dst>
            <dst id="WASHng">35256.8</dst>
        </src>
        <src id="HSTNng">
            <dst id="ATLA-M5">0</dst>
            <dst id="ATLAng">17880.8853333333</dst>
            <dst id="CHINng">465.208</dst>
            <dst id="DNVRng">0</dst>
            <dst id="HSTNng">76682.432</dst>
            <dst id="IPLSng">53.3333333333333</dst>
            <dst id="KSCYng">0</dst>
            <dst id="LOSAng">0</dst>
            <dst id="NYCMng">3790.58933333333</dst>
            <dst id="SNVAng">26.6666666666667</dst>
            <dst id="STTLng">0</dst>
            <dst id="WASHng">94067.1413333333</dst>
        </src>
        <src id="IPLSng">
            <dst id="ATLA-M5">0</dst>
            <dst id="ATLAng">12557.7146666667</dst>
            <dst id="CHINng">76265.28</dst>
            <dst id="DNVRng">0</dst>
            <dst id="HSTNng">10103.5573333333</dst>
            <dst id="IPLSng">27210.792</dst>
            <dst id="KSCYng">16683.7333333333</dst>
            <dst id="LOSAng">0</dst>
            <dst id="NYCMng">202628.8</dst>
            <dst id="SNVAng">53.3333333333333</dst>
            <dst id="STTLng">26.6666666666667</dst>
            <dst id="WASHng">18986.1546666667</dst>
        </src>
        <src id="KSCYng">
            <dst id="ATLA-M5">0</dst>
            <dst id="ATLAng">5458.00266666667</dst>
            <dst id="CHINng">14941.3786666667</dst>
            <dst id="DNVRng">7622.70933333333</dst>
            <dst id="HSTNng">16169.4933333333</dst>
            <dst id="IPLSng">9431.40266666667</dst>
            <dst id="KSCYng">6324.94133333333</dst>
            <dst id="LOSAng">0</dst>
            <dst id="NYCMng">24814.9093333333</dst>
            <dst id="SNVAng">0</dst>
            <dst id="STTLng">0</dst>
            <dst id="WASHng">8503.33333333333</dst>
        </src>
        <src id="LOSAng">
            <dst id="ATLA-M5">0</dst>
            <dst id="ATLAng">12964.7306666667</dst>
            <dst id="CHINng">1983.33333333333</dst>
            <dst id="DNVRng">15388.2693333333</dst>
            <dst id="HSTNng">93129.648</dst>
            <dst id="IPLSng">979.642666666667</dst>
            <dst id="KSCYng">106.666666666667</dst>
            <dst id="LOSAng">28070.0213333333</dst>
            <dst id="NYCMng">57791.408</dst>
            <dst id="SNVAng">6603.00266666667</dst>
            <dst id="STTLng">20734.952</dst>
            <dst id="WASHng">82699.288</dst>
        </src>
        <src id="NYCMng">
            <dst id="ATLA-M5">0</dst>
            <dst id="ATLAng">26549.176</dst>
            <dst id="CHINng">818.808</dst>
            <dst id="DNVRng">0</dst>
            <dst id="HSTNng">17095.52</dst>
            <dst id="IPLSng">123.797333333333</dst>
            <dst id="KSCYng">0</dst>
            <dst id="LOSAng">106.597333333333</dst>
            <dst id="NYCMng">353407.36</dst>
            <dst id="SNVAng">26.6666666666667</dst>
            <dst id="STTLng">784.946666666667</dst>
            <dst id="WASHng">80963.9493333334</dst>
        </src>
        <src id="SNVAng">
            <dst id="ATLA-M5">0</dst>
            <dst id="ATLAng">641.357333333333</dst>
            <dst id="CHINng">53.3333333333333</dst>
            <dst id="DNVRng">10361.8853333333</dst>
            <dst id="HSTNng">3458.69866666667</dst>
            <dst id="IPLSng">323.584</dst>
            <dst id="KSCYng">486.176</dst>
            <dst id="LOSAng">32378.6506666667</dst>
            <dst id="NYCMng">3154.46933333333</dst>
            <dst id="SNVAng">13581.192</dst>
            <dst id="STTLng">49063.3066666667</dst>
            <dst id="WASHng">408.224</dst>
        </src>
        <src id="STTLng">
            <dst id="ATLA-M5">0</dst>
            <dst id="ATLAng">5786.984</dst>
            <dst id="CHINng">741.712</dst>
            <dst id="DNVRng">4791.75466666667</dst>
            <dst id="HSTNng">14664.8133333333</dst>
            <dst id="IPLSng">53.424</dst>
            <dst id="KSCYng">1895.192</dst>
            <dst id="LOSAng">19272.568</dst>
            <dst id="NYCMng">43460.1146666667</dst>
            <dst id="SNVAng">3629.90133333333</dst>
            <dst id="STTLng">726.112</dst>
            <dst id="WASHng">25701.8133333333</dst>
        </src>
        <src id="WASHng">
            <dst id="ATLA-M5">0</dst>
            <dst id="ATLAng">131711.853333333</dst>
            <dst id="CHINng">703.661333333333</dst>
            <dst id="DNVRng">0</dst>
            <dst id="HSTNng">75028.8213333333</dst>
            <dst id="IPLSng">76.5146666666667</dst>
            <dst id="KSCYng">519.797333333333</dst>
            <dst id="LOSAng">88.4266666666666</dst>
            <dst id="NYCMng">450176.853333333</dst>
            <dst id="SNVAng">0</dst>
            <dst id="STTLng">1985.752</dst>
            <dst id="WASHng">279578.026666667</dst>
        </src>
    </IntraTM>
</TrafficMatrixFile>
