<?xml version="1.0" encoding="ISO-8859-1" standalone="yes"?>
<TrafficMatrixFile xsi:noNamespaceSchemaLocation="http://totem.run.montefiore.ulg.ac.be/Schema/TrafficMatrix-v1_2.xsd" xmlns:xsi="http://www.w3.org/2001/XMLSchema-instance">
    <IntraTM ASID="11537">
        <src id="ATLA-M5">
            <dst id="ATLA-M5">0</dst>
            <dst id="ATLAng">1325.50933333333</dst>
            <dst id="CHINng">814.984</dst>
            <dst id="DNVRng">0</dst>
            <dst id="HSTNng">127.264</dst>
            <dst id="IPLSng">75.8666666666667</dst>
            <dst id="KSCYng">0</dst>
            <dst id="LOSAng">0</dst>
            <dst id="NYCMng">2447.408</dst>
            <dst id="SNVAng">0</dst>
            <dst id="STTLng">0</dst>
            <dst id="WASHng">2633.83733333333</dst>
        </src>
        <src id="ATLAng">
            <dst id="ATLA-M5">0</dst>
            <dst id="ATLAng">25369.864</dst>
            <dst id="CHINng">34318.8293333333</dst>
            <dst id="DNVRng">0</dst>
            <dst id="HSTNng">2921.51466666667</dst>
            <dst id="IPLSng">24749.568</dst>
            <dst id="KSCYng">0</dst>
            <dst id="LOSAng">26.6666666666667</dst>
            <dst id="NYCMng">40799.7653333333</dst>
            <dst id="SNVAng">26.6666666666667</dst>
            <dst id="STTLng">26.6666666666667</dst>
            <dst id="WASHng">47094.208</dst>
        </src>
        <src id="CHINng">
            <dst id="ATLA-M5">0</dst>
            <dst id="ATLAng">33350.5493333333</dst>
            <dst id="CHINng">29628.5573333333</dst>
            <dst id="DNVRng">0</dst>
            <dst id="HSTNng">13918.64</dst>
            <dst id="IPLSng">49315.064</dst>
            <dst id="KSCYng">53.3333333333333</dst>
            <dst id="LOSAng">26.6666666666667</dst>
            <dst id="NYCMng">214837.957333333</dst>
            <dst id="SNVAng">0</dst>
            <dst id="STTLng">2075.94666666667</dst>
            <dst id="WASHng">36386.408</dst>
        </src>
        <src id="DNVRng">
            <dst id="ATLA-M5">0</dst>
            <dst id="ATLAng">6451.152</dst>
            <dst id="CHINng">32709.2186666667</dst>
            <dst id="DNVRng">21714.6506666667</dst>
            <dst id="HSTNng">33650.44</dst>
            <dst id="IPLSng">39215.6133333333</dst>
            <dst id="KSCYng">23112</dst>
            <dst id="LOSAng">26.6666666666667</dst>
            <dst id="NYCMng">39011.896</dst>
            <dst id="SNVAng">14890.5706666667</dst>
            <dst id="STTLng">4239.328</dst>
            <dst id="WASHng">34005.072</dst>
        </src>
        <src id="HSTNng">
            <dst id="ATLA-M5">0</dst>
            <dst id="ATLAng">19900.2053333333</dst>
            <dst id="CHINng">886.378666666667</dst>
            <dst id="DNVRng">0</dst>
            <dst id="HSTNng">120858.653333333</dst>
            <dst id="IPLSng">53.3333333333333</dst>
            <dst id="KSCYng">0</dst>
            <dst id="LOSAng">0</dst>
            <dst id="NYCMng">4274.944</dst>
            <dst id="SNVAng">0</dst>
            <dst id="STTLng">0</dst>
            <dst id="WASHng">112086.898666667</dst>
        </src>
        <src id="IPLSng">
            <dst id="ATLA-M5">0</dst>
            <dst id="ATLAng">15236.2026666667</dst>
            <dst id="CHINng">91728.616</dst>
            <dst id="DNVRng">0</dst>
            <dst id="HSTNng">11564.848</dst>
            <dst id="IPLSng">22363.672</dst>
            <dst id="KSCYng">35358.8746666667</dst>
            <dst id="LOSAng">79.68</dst>
            <dst id="NYCMng">133061.986666667</dst>
            <dst id="SNVAng">0</dst>
            <dst id="STTLng">53.3333333333333</dst>
            <dst id="WASHng">32629.856</dst>
        </src>
        <src id="KSCYng">
            <dst id="ATLA-M5">0</dst>
            <dst id="ATLAng">2714.17866666667</dst>
            <dst id="CHINng">16656.288</dst>
            <dst id="DNVRng">6796.152</dst>
            <dst id="HSTNng">21029.032</dst>
            <dst id="IPLSng">10642.544</dst>
            <dst id="KSCYng">12464.936</dst>
            <dst id="LOSAng">0</dst>
            <dst id="NYCMng">18979.7466666667</dst>
            <dst id="SNVAng">0</dst>
            <dst id="STTLng">0</dst>
            <dst id="WASHng">9527.41333333333</dst>
        </src>
        <src id="LOSAng">
            <dst id="ATLA-M5">0</dst>
            <dst id="ATLAng">14287.72</dst>
            <dst id="CHINng">2489.70666666667</dst>
            <dst id="DNVRng">9323.41333333333</dst>
            <dst id="HSTNng">94355.1493333333</dst>
            <dst id="IPLSng">763.426666666667</dst>
            <dst id="KSCYng">81.2666666666667</dst>
            <dst id="LOSAng">20142.192</dst>
            <dst id="NYCMng">56373.5946666667</dst>
            <dst id="SNVAng">10507.3733333333</dst>
            <dst id="STTLng">20034.84</dst>
            <dst id="WASHng">93247.704</dst>
        </src>
        <src id="NYCMng">
            <dst id="ATLA-M5">0</dst>
            <dst id="ATLAng">29142.6693333333</dst>
            <dst id="CHINng">3585.096</dst>
            <dst id="DNVRng">0</dst>
            <dst id="HSTNng">22283.7653333333</dst>
            <dst id="IPLSng">53.3333333333333</dst>
            <dst id="KSCYng">116</dst>
            <dst id="LOSAng">86.4213333333334</dst>
            <dst id="NYCMng">437467.946666667</dst>
            <dst id="SNVAng">53.3333333333333</dst>
            <dst id="STTLng">646.109333333333</dst>
            <dst id="WASHng">84703.0986666667</dst>
        </src>
        <src id="SNVAng">
            <dst id="ATLA-M5">0</dst>
            <dst id="ATLAng">668.762666666667</dst>
            <dst id="CHINng">26.6666666666667</dst>
            <dst id="DNVRng">3076.85066666667</dst>
            <dst id="HSTNng">6979.69866666667</dst>
            <dst id="IPLSng">80.3093333333333</dst>
            <dst id="KSCYng">496.909333333333</dst>
            <dst id="LOSAng">38880.3813333333</dst>
            <dst id="NYCMng">4880.30133333333</dst>
            <dst id="SNVAng">14219.6266666667</dst>
            <dst id="STTLng">53272.4506666667</dst>
            <dst id="WASHng">796.405333333333</dst>
        </src>
        <src id="STTLng">
            <dst id="ATLA-M5">0</dst>
            <dst id="ATLAng">9173.72533333334</dst>
            <dst id="CHINng">460.885333333333</dst>
            <dst id="DNVRng">10135.0746666667</dst>
            <dst id="HSTNng">15410.9146666667</dst>
            <dst id="IPLSng">140.274666666667</dst>
            <dst id="KSCYng">3857.86133333333</dst>
            <dst id="LOSAng">18945.96</dst>
            <dst id="NYCMng">47740.5066666667</dst>
            <dst id="SNVAng">6597.22133333333</dst>
            <dst id="STTLng">6865.64266666667</dst>
            <dst id="WASHng">29743.5466666667</dst>
        </src>
        <src id="WASHng">
            <dst id="ATLA-M5">0</dst>
            <dst id="ATLAng">81513.056</dst>
            <dst id="CHINng">406.144</dst>
            <dst id="DNVRng">0</dst>
            <dst id="HSTNng">68648.3226666667</dst>
            <dst id="IPLSng">110.293333333333</dst>
            <dst id="KSCYng">26.6666666666667</dst>
            <dst id="LOSAng">131.52</dst>
            <dst id="NYCMng">487993.12</dst>
            <dst id="SNVAng">26.6666666666667</dst>
            <dst id="STTLng">2208.62133333333</dst>
            <dst id="WASHng">266868.746666667</dst>
        </src>
    </IntraTM>
</TrafficMatrixFile>
