<?xml version="1.0" encoding="ISO-8859-1" standalone="yes"?>
<TrafficMatrixFile xsi:noNamespaceSchemaLocation="http://totem.run.montefiore.ulg.ac.be/Schema/TrafficMatrix-v1_2.xsd" xmlns:xsi="http://www.w3.org/2001/XMLSchema-instance">
    <IntraTM ASID="11537">
        <src id="ATLA-M5">
            <dst id="ATLA-M5">800.544</dst>
            <dst id="ATLAng">900.850666666667</dst>
            <dst id="CHINng">682.253333333333</dst>
            <dst id="DNVRng">0</dst>
            <dst id="HSTNng">118.354666666667</dst>
            <dst id="IPLSng">148.442666666667</dst>
            <dst id="KSCYng">0</dst>
            <dst id="LOSAng">0</dst>
            <dst id="NYCMng">756.490666666667</dst>
            <dst id="SNVAng">0</dst>
            <dst id="STTLng">0</dst>
            <dst id="WASHng">1864.95466666667</dst>
        </src>
        <src id="ATLAng">
            <dst id="ATLA-M5">0</dst>
            <dst id="ATLAng">34510.7093333333</dst>
            <dst id="CHINng">23012.6053333333</dst>
            <dst id="DNVRng">0</dst>
            <dst id="HSTNng">21675.5573333333</dst>
            <dst id="IPLSng">31905.84</dst>
            <dst id="KSCYng">26.6666666666667</dst>
            <dst id="LOSAng">0</dst>
            <dst id="NYCMng">40515.4133333333</dst>
            <dst id="SNVAng">53.3333333333333</dst>
            <dst id="STTLng">0</dst>
            <dst id="WASHng">41736.4933333333</dst>
        </src>
        <src id="CHINng">
            <dst id="ATLA-M5">0</dst>
            <dst id="ATLAng">26504.256</dst>
            <dst id="CHINng">42904.5226666667</dst>
            <dst id="DNVRng">0</dst>
            <dst id="HSTNng">13080.968</dst>
            <dst id="IPLSng">54055.496</dst>
            <dst id="KSCYng">106.666666666667</dst>
            <dst id="LOSAng">0</dst>
            <dst id="NYCMng">147186.538666667</dst>
            <dst id="SNVAng">0</dst>
            <dst id="STTLng">2086.66666666667</dst>
            <dst id="WASHng">31089.424</dst>
        </src>
        <src id="DNVRng">
            <dst id="ATLA-M5">0</dst>
            <dst id="ATLAng">5892.22933333333</dst>
            <dst id="CHINng">26191.6933333333</dst>
            <dst id="DNVRng">13058.2133333333</dst>
            <dst id="HSTNng">49861.1386666667</dst>
            <dst id="IPLSng">23250.96</dst>
            <dst id="KSCYng">18485.3253333333</dst>
            <dst id="LOSAng">0</dst>
            <dst id="NYCMng">41369.6933333333</dst>
            <dst id="SNVAng">14851.3226666667</dst>
            <dst id="STTLng">2229.05333333333</dst>
            <dst id="WASHng">48500.84</dst>
        </src>
        <src id="HSTNng">
            <dst id="ATLA-M5">0</dst>
            <dst id="ATLAng">28947.184</dst>
            <dst id="CHINng">1026.8</dst>
            <dst id="DNVRng">0</dst>
            <dst id="HSTNng">93436.328</dst>
            <dst id="IPLSng">26.6666666666667</dst>
            <dst id="KSCYng">0</dst>
            <dst id="LOSAng">26.6666666666667</dst>
            <dst id="NYCMng">4225.56266666667</dst>
            <dst id="SNVAng">53.3333333333333</dst>
            <dst id="STTLng">0</dst>
            <dst id="WASHng">79337.208</dst>
        </src>
        <src id="IPLSng">
            <dst id="ATLA-M5">0</dst>
            <dst id="ATLAng">24842.4826666667</dst>
            <dst id="CHINng">76754.7253333333</dst>
            <dst id="DNVRng">0</dst>
            <dst id="HSTNng">12593.016</dst>
            <dst id="IPLSng">40718.1866666667</dst>
            <dst id="KSCYng">19770.4533333333</dst>
            <dst id="LOSAng">26.6666666666667</dst>
            <dst id="NYCMng">125178.906666667</dst>
            <dst id="SNVAng">80</dst>
            <dst id="STTLng">26.6666666666667</dst>
            <dst id="WASHng">43996.6986666667</dst>
        </src>
        <src id="KSCYng">
            <dst id="ATLA-M5">0</dst>
            <dst id="ATLAng">6582.91466666667</dst>
            <dst id="CHINng">14064.9706666667</dst>
            <dst id="DNVRng">8284.208</dst>
            <dst id="HSTNng">12204.576</dst>
            <dst id="IPLSng">25586.5733333333</dst>
            <dst id="KSCYng">7165.27733333333</dst>
            <dst id="LOSAng">0</dst>
            <dst id="NYCMng">14962.2426666667</dst>
            <dst id="SNVAng">80</dst>
            <dst id="STTLng">26.6666666666667</dst>
            <dst id="WASHng">9608.96533333333</dst>
        </src>
        <src id="LOSAng">
            <dst id="ATLA-M5">0</dst>
            <dst id="ATLAng">25329.5573333333</dst>
            <dst id="CHINng">3782.56533333333</dst>
            <dst id="DNVRng">24566.912</dst>
            <dst id="HSTNng">88785.1493333333</dst>
            <dst id="IPLSng">1149.12</dst>
            <dst id="KSCYng">198.917333333333</dst>
            <dst id="LOSAng">15492.6453333333</dst>
            <dst id="NYCMng">75217.056</dst>
            <dst id="SNVAng">8856.27733333333</dst>
            <dst id="STTLng">17158.7733333333</dst>
            <dst id="WASHng">66121.9546666667</dst>
        </src>
        <src id="NYCMng">
            <dst id="ATLA-M5">0</dst>
            <dst id="ATLAng">31098.3013333333</dst>
            <dst id="CHINng">967.925333333333</dst>
            <dst id="DNVRng">0</dst>
            <dst id="HSTNng">24170.416</dst>
            <dst id="IPLSng">172.669333333333</dst>
            <dst id="KSCYng">186.122666666667</dst>
            <dst id="LOSAng">136.122666666667</dst>
            <dst id="NYCMng">440485.84</dst>
            <dst id="SNVAng">67.856</dst>
            <dst id="STTLng">727.52</dst>
            <dst id="WASHng">115201.002666667</dst>
        </src>
        <src id="SNVAng">
            <dst id="ATLA-M5">0</dst>
            <dst id="ATLAng">1710.58933333333</dst>
            <dst id="CHINng">26.6666666666667</dst>
            <dst id="DNVRng">12236.816</dst>
            <dst id="HSTNng">4257.024</dst>
            <dst id="IPLSng">41.344</dst>
            <dst id="KSCYng">141.189333333333</dst>
            <dst id="LOSAng">33970.4933333333</dst>
            <dst id="NYCMng">33319.2693333333</dst>
            <dst id="SNVAng">14971.8346666667</dst>
            <dst id="STTLng">53517.9946666667</dst>
            <dst id="WASHng">582.152</dst>
        </src>
        <src id="STTLng">
            <dst id="ATLA-M5">0</dst>
            <dst id="ATLAng">10489.696</dst>
            <dst id="CHINng">3830.76266666667</dst>
            <dst id="DNVRng">5506.05333333333</dst>
            <dst id="HSTNng">21847.8853333333</dst>
            <dst id="IPLSng">196.477333333333</dst>
            <dst id="KSCYng">3712.224</dst>
            <dst id="LOSAng">14826.5653333333</dst>
            <dst id="NYCMng">56266.4266666667</dst>
            <dst id="SNVAng">5470.39733333333</dst>
            <dst id="STTLng">6027.392</dst>
            <dst id="WASHng">33270.888</dst>
        </src>
        <src id="WASHng">
            <dst id="ATLA-M5">0</dst>
            <dst id="ATLAng">102459.509333333</dst>
            <dst id="CHINng">695.506666666667</dst>
            <dst id="DNVRng">0</dst>
            <dst id="HSTNng">85711.472</dst>
            <dst id="IPLSng">191.005333333333</dst>
            <dst id="KSCYng">258.8</dst>
            <dst id="LOSAng">26.6666666666667</dst>
            <dst id="NYCMng">552536.88</dst>
            <dst id="SNVAng">138.786666666667</dst>
            <dst id="STTLng">838.624</dst>
            <dst id="WASHng">300784.053333333</dst>
        </src>
    </IntraTM>
</TrafficMatrixFile>
