<?xml version="1.0" encoding="ISO-8859-1" standalone="yes"?>
<TrafficMatrixFile xsi:noNamespaceSchemaLocation="http://totem.run.montefiore.ulg.ac.be/Schema/TrafficMatrix-v1_2.xsd" xmlns:xsi="http://www.w3.org/2001/XMLSchema-instance">
    <IntraTM ASID="11537">
        <src id="ATLA-M5">
            <dst id="ATLA-M5">26.6666666666667</dst>
            <dst id="ATLAng">257.824</dst>
            <dst id="CHINng">1386.712</dst>
            <dst id="DNVRng">0</dst>
            <dst id="HSTNng">2064.584</dst>
            <dst id="IPLSng">544.357333333333</dst>
            <dst id="KSCYng">372.565333333333</dst>
            <dst id="LOSAng">0</dst>
            <dst id="NYCMng">1435.59733333333</dst>
            <dst id="SNVAng">0</dst>
            <dst id="STTLng">0</dst>
            <dst id="WASHng">2448.14933333333</dst>
        </src>
        <src id="ATLAng">
            <dst id="ATLA-M5">0</dst>
            <dst id="ATLAng">27526.6426666667</dst>
            <dst id="CHINng">26564.624</dst>
            <dst id="DNVRng">26.6666666666667</dst>
            <dst id="HSTNng">70726.432</dst>
            <dst id="IPLSng">34083.5893333333</dst>
            <dst id="KSCYng">10152.3386666667</dst>
            <dst id="LOSAng">0</dst>
            <dst id="NYCMng">25042.9093333333</dst>
            <dst id="SNVAng">26.6666666666667</dst>
            <dst id="STTLng">430.250666666667</dst>
            <dst id="WASHng">90686.792</dst>
        </src>
        <src id="CHINng">
            <dst id="ATLA-M5">0</dst>
            <dst id="ATLAng">47008.7573333333</dst>
            <dst id="CHINng">130816.872</dst>
            <dst id="DNVRng">23302.936</dst>
            <dst id="HSTNng">119542.746666667</dst>
            <dst id="IPLSng">66856.024</dst>
            <dst id="KSCYng">27539.3066666667</dst>
            <dst id="LOSAng">584.538666666667</dst>
            <dst id="NYCMng">60178.224</dst>
            <dst id="SNVAng">53.3333333333333</dst>
            <dst id="STTLng">1024.06666666667</dst>
            <dst id="WASHng">59712.1093333333</dst>
        </src>
        <src id="DNVRng">
            <dst id="ATLA-M5">0</dst>
            <dst id="ATLAng">20225.6213333333</dst>
            <dst id="CHINng">70294.0506666667</dst>
            <dst id="DNVRng">9676.27733333333</dst>
            <dst id="HSTNng">53834.8</dst>
            <dst id="IPLSng">32352.16</dst>
            <dst id="KSCYng">17304.248</dst>
            <dst id="LOSAng">53.3333333333333</dst>
            <dst id="NYCMng">16593.2533333333</dst>
            <dst id="SNVAng">27297.0213333333</dst>
            <dst id="STTLng">111.877333333333</dst>
            <dst id="WASHng">62976.1546666667</dst>
        </src>
        <src id="HSTNng">
            <dst id="ATLA-M5">0</dst>
            <dst id="ATLAng">31948.7066666667</dst>
            <dst id="CHINng">3311.264</dst>
            <dst id="DNVRng">64</dst>
            <dst id="HSTNng">338731.573333333</dst>
            <dst id="IPLSng">116</dst>
            <dst id="KSCYng">111.792</dst>
            <dst id="LOSAng">0</dst>
            <dst id="NYCMng">8422.88266666667</dst>
            <dst id="SNVAng">80</dst>
            <dst id="STTLng">172.570666666667</dst>
            <dst id="WASHng">123542.285333333</dst>
        </src>
        <src id="IPLSng">
            <dst id="ATLA-M5">0</dst>
            <dst id="ATLAng">14346.3146666667</dst>
            <dst id="CHINng">126655.053333333</dst>
            <dst id="DNVRng">11028.792</dst>
            <dst id="HSTNng">86917.7546666667</dst>
            <dst id="IPLSng">27339.0933333333</dst>
            <dst id="KSCYng">39994.672</dst>
            <dst id="LOSAng">65.9893333333333</dst>
            <dst id="NYCMng">72932.864</dst>
            <dst id="SNVAng">5135</dst>
            <dst id="STTLng">620.285333333333</dst>
            <dst id="WASHng">57195.264</dst>
        </src>
        <src id="KSCYng">
            <dst id="ATLA-M5">0</dst>
            <dst id="ATLAng">7754.93333333334</dst>
            <dst id="CHINng">45349.8746666667</dst>
            <dst id="DNVRng">7785.416</dst>
            <dst id="HSTNng">18539.3226666667</dst>
            <dst id="IPLSng">20439.024</dst>
            <dst id="KSCYng">12430.608</dst>
            <dst id="LOSAng">390.773333333333</dst>
            <dst id="NYCMng">11634.5893333333</dst>
            <dst id="SNVAng">0</dst>
            <dst id="STTLng">232.672</dst>
            <dst id="WASHng">15614.384</dst>
        </src>
        <src id="LOSAng">
            <dst id="ATLA-M5">0</dst>
            <dst id="ATLAng">22688.672</dst>
            <dst id="CHINng">5660.42666666667</dst>
            <dst id="DNVRng">20535.0773333333</dst>
            <dst id="HSTNng">296021.173333333</dst>
            <dst id="IPLSng">771.213333333333</dst>
            <dst id="KSCYng">154.290666666667</dst>
            <dst id="LOSAng">15067.432</dst>
            <dst id="NYCMng">75603.8693333333</dst>
            <dst id="SNVAng">18159.1733333333</dst>
            <dst id="STTLng">32115.6746666667</dst>
            <dst id="WASHng">107061.173333333</dst>
        </src>
        <src id="NYCMng">
            <dst id="ATLA-M5">0</dst>
            <dst id="ATLAng">44415.6293333333</dst>
            <dst id="CHINng">95334.44</dst>
            <dst id="DNVRng">37326.6826666667</dst>
            <dst id="HSTNng">169036.8</dst>
            <dst id="IPLSng">83945.312</dst>
            <dst id="KSCYng">22181.0906666667</dst>
            <dst id="LOSAng">357.512</dst>
            <dst id="NYCMng">268812.933333333</dst>
            <dst id="SNVAng">80</dst>
            <dst id="STTLng">5334.30666666667</dst>
            <dst id="WASHng">189092.733333333</dst>
        </src>
        <src id="SNVAng">
            <dst id="ATLA-M5">0</dst>
            <dst id="ATLAng">1408.02933333333</dst>
            <dst id="CHINng">899.461333333333</dst>
            <dst id="DNVRng">10104.2186666667</dst>
            <dst id="HSTNng">5377.11733333333</dst>
            <dst id="IPLSng">0</dst>
            <dst id="KSCYng">991.768</dst>
            <dst id="LOSAng">43941.9333333333</dst>
            <dst id="NYCMng">8599.352</dst>
            <dst id="SNVAng">16668.704</dst>
            <dst id="STTLng">49932.864</dst>
            <dst id="WASHng">1935.94133333333</dst>
        </src>
        <src id="STTLng">
            <dst id="ATLA-M5">0</dst>
            <dst id="ATLAng">15445.8693333333</dst>
            <dst id="CHINng">27497.6533333333</dst>
            <dst id="DNVRng">6105.59733333333</dst>
            <dst id="HSTNng">50788.736</dst>
            <dst id="IPLSng">261.010666666667</dst>
            <dst id="KSCYng">4065.536</dst>
            <dst id="LOSAng">34448.1093333333</dst>
            <dst id="NYCMng">14342.952</dst>
            <dst id="SNVAng">7715.07733333333</dst>
            <dst id="STTLng">7123.65066666667</dst>
            <dst id="WASHng">34096.6533333333</dst>
        </src>
        <src id="WASHng">
            <dst id="ATLA-M5">0</dst>
            <dst id="ATLAng">88074.3066666667</dst>
            <dst id="CHINng">82790.4933333333</dst>
            <dst id="DNVRng">1610.57066666667</dst>
            <dst id="HSTNng">335173.36</dst>
            <dst id="IPLSng">80549.1946666667</dst>
            <dst id="KSCYng">30166.4666666667</dst>
            <dst id="LOSAng">96.3146666666667</dst>
            <dst id="NYCMng">302410.64</dst>
            <dst id="SNVAng">421.56</dst>
            <dst id="STTLng">6561.90933333333</dst>
            <dst id="WASHng">316839.653333333</dst>
        </src>
    </IntraTM>
</TrafficMatrixFile>
