<?xml version="1.0" encoding="ISO-8859-1" standalone="yes"?>
<TrafficMatrixFile xsi:noNamespaceSchemaLocation="http://totem.run.montefiore.ulg.ac.be/Schema/TrafficMatrix-v1_2.xsd" xmlns:xsi="http://www.w3.org/2001/XMLSchema-instance">
    <IntraTM ASID="11537">
        <src id="ATLA-M5">
            <dst id="ATLA-M5">114.144</dst>
            <dst id="ATLAng">724.586666666667</dst>
            <dst id="CHINng">848.544</dst>
            <dst id="DNVRng">0</dst>
            <dst id="HSTNng">2580.368</dst>
            <dst id="IPLSng">1025.86933333333</dst>
            <dst id="KSCYng">160.741333333333</dst>
            <dst id="LOSAng">0</dst>
            <dst id="NYCMng">703.765333333333</dst>
            <dst id="SNVAng">0</dst>
            <dst id="STTLng">0</dst>
            <dst id="WASHng">5043.83466666667</dst>
        </src>
        <src id="ATLAng">
            <dst id="ATLA-M5">0</dst>
            <dst id="ATLAng">52541.2213333333</dst>
            <dst id="CHINng">33623.3973333333</dst>
            <dst id="DNVRng">61.8933333333333</dst>
            <dst id="HSTNng">49460.824</dst>
            <dst id="IPLSng">40762.9813333333</dst>
            <dst id="KSCYng">8379.23733333333</dst>
            <dst id="LOSAng">72.1066666666667</dst>
            <dst id="NYCMng">35074.528</dst>
            <dst id="SNVAng">1512.57066666667</dst>
            <dst id="STTLng">221.514666666667</dst>
            <dst id="WASHng">94685.1466666667</dst>
        </src>
        <src id="CHINng">
            <dst id="ATLA-M5">0</dst>
            <dst id="ATLAng">43898.568</dst>
            <dst id="CHINng">124947.458666667</dst>
            <dst id="DNVRng">21067.1493333333</dst>
            <dst id="HSTNng">82446.0613333333</dst>
            <dst id="IPLSng">86644.68</dst>
            <dst id="KSCYng">21538.2746666667</dst>
            <dst id="LOSAng">88.1706666666667</dst>
            <dst id="NYCMng">29156.6533333333</dst>
            <dst id="SNVAng">29.44</dst>
            <dst id="STTLng">787.690666666667</dst>
            <dst id="WASHng">54214.8133333333</dst>
        </src>
        <src id="DNVRng">
            <dst id="ATLA-M5">0</dst>
            <dst id="ATLAng">12744.92</dst>
            <dst id="CHINng">66514.5733333333</dst>
            <dst id="DNVRng">30417.376</dst>
            <dst id="HSTNng">57299.552</dst>
            <dst id="IPLSng">43223.5973333333</dst>
            <dst id="KSCYng">19754.3546666667</dst>
            <dst id="LOSAng">113.461333333333</dst>
            <dst id="NYCMng">21601.5573333333</dst>
            <dst id="SNVAng">15887.1226666667</dst>
            <dst id="STTLng">124.114666666667</dst>
            <dst id="WASHng">50920.0346666667</dst>
        </src>
        <src id="HSTNng">
            <dst id="ATLA-M5">0</dst>
            <dst id="ATLAng">47663.5493333333</dst>
            <dst id="CHINng">6610.56266666667</dst>
            <dst id="DNVRng">129.170666666667</dst>
            <dst id="HSTNng">192414.994666667</dst>
            <dst id="IPLSng">169.568</dst>
            <dst id="KSCYng">26.6666666666667</dst>
            <dst id="LOSAng">26.6666666666667</dst>
            <dst id="NYCMng">10462.864</dst>
            <dst id="SNVAng">69.4293333333333</dst>
            <dst id="STTLng">56.6346666666667</dst>
            <dst id="WASHng">125189.224</dst>
        </src>
        <src id="IPLSng">
            <dst id="ATLA-M5">0</dst>
            <dst id="ATLAng">21079.408</dst>
            <dst id="CHINng">153457.48</dst>
            <dst id="DNVRng">20409.9866666667</dst>
            <dst id="HSTNng">105320.6</dst>
            <dst id="IPLSng">64638.5866666667</dst>
            <dst id="KSCYng">34749.0986666667</dst>
            <dst id="LOSAng">53.3333333333333</dst>
            <dst id="NYCMng">50516.432</dst>
            <dst id="SNVAng">1408.36533333333</dst>
            <dst id="STTLng">769.408</dst>
            <dst id="WASHng">42942.184</dst>
        </src>
        <src id="KSCYng">
            <dst id="ATLA-M5">0</dst>
            <dst id="ATLAng">6435.50933333333</dst>
            <dst id="CHINng">37852.2026666667</dst>
            <dst id="DNVRng">15106.448</dst>
            <dst id="HSTNng">15704.4933333333</dst>
            <dst id="IPLSng">21394.6</dst>
            <dst id="KSCYng">10002.0293333333</dst>
            <dst id="LOSAng">0</dst>
            <dst id="NYCMng">8154.976</dst>
            <dst id="SNVAng">121.306666666667</dst>
            <dst id="STTLng">189.717333333333</dst>
            <dst id="WASHng">13822.9333333333</dst>
        </src>
        <src id="LOSAng">
            <dst id="ATLA-M5">0</dst>
            <dst id="ATLAng">41344.2933333333</dst>
            <dst id="CHINng">9451</dst>
            <dst id="DNVRng">11911.3066666667</dst>
            <dst id="HSTNng">209044.114666667</dst>
            <dst id="IPLSng">1874.13333333333</dst>
            <dst id="KSCYng">1553.43466666667</dst>
            <dst id="LOSAng">19086.4693333333</dst>
            <dst id="NYCMng">60137.6213333333</dst>
            <dst id="SNVAng">12686.216</dst>
            <dst id="STTLng">21908.5413333333</dst>
            <dst id="WASHng">110932.922666667</dst>
        </src>
        <src id="NYCMng">
            <dst id="ATLA-M5">0</dst>
            <dst id="ATLAng">67790.6506666667</dst>
            <dst id="CHINng">82303.376</dst>
            <dst id="DNVRng">47911.4906666667</dst>
            <dst id="HSTNng">113172.354666667</dst>
            <dst id="IPLSng">73756.6746666667</dst>
            <dst id="KSCYng">31010.04</dst>
            <dst id="LOSAng">159.208</dst>
            <dst id="NYCMng">285123.866666667</dst>
            <dst id="SNVAng">1192.65066666667</dst>
            <dst id="STTLng">2327.12</dst>
            <dst id="WASHng">172695.250666667</dst>
        </src>
        <src id="SNVAng">
            <dst id="ATLA-M5">0</dst>
            <dst id="ATLAng">1356.88</dst>
            <dst id="CHINng">833.112</dst>
            <dst id="DNVRng">8880.584</dst>
            <dst id="HSTNng">14805.32</dst>
            <dst id="IPLSng">53.3333333333333</dst>
            <dst id="KSCYng">1090.44533333333</dst>
            <dst id="LOSAng">36453.1573333333</dst>
            <dst id="NYCMng">5584.49333333333</dst>
            <dst id="SNVAng">17975.6293333333</dst>
            <dst id="STTLng">47308.5466666667</dst>
            <dst id="WASHng">3145.032</dst>
        </src>
        <src id="STTLng">
            <dst id="ATLA-M5">0</dst>
            <dst id="ATLAng">15682.3146666667</dst>
            <dst id="CHINng">24154.1146666667</dst>
            <dst id="DNVRng">12398.5973333333</dst>
            <dst id="HSTNng">69539.0933333333</dst>
            <dst id="IPLSng">838.834666666667</dst>
            <dst id="KSCYng">7095.84533333333</dst>
            <dst id="LOSAng">19402.3973333333</dst>
            <dst id="NYCMng">12046.32</dst>
            <dst id="SNVAng">10896.1466666667</dst>
            <dst id="STTLng">4069.46133333333</dst>
            <dst id="WASHng">38748.096</dst>
        </src>
        <src id="WASHng">
            <dst id="ATLA-M5">0</dst>
            <dst id="ATLAng">138821.872</dst>
            <dst id="CHINng">124420.178666667</dst>
            <dst id="DNVRng">4913.83466666667</dst>
            <dst id="HSTNng">320680.32</dst>
            <dst id="IPLSng">109698.12</dst>
            <dst id="KSCYng">17975.4373333333</dst>
            <dst id="LOSAng">107.925333333333</dst>
            <dst id="NYCMng">179333.205333333</dst>
            <dst id="SNVAng">598.816</dst>
            <dst id="STTLng">4851.27466666667</dst>
            <dst id="WASHng">447176.186666667</dst>
        </src>
    </IntraTM>
</TrafficMatrixFile>
