<?xml version="1.0" encoding="ISO-8859-1" standalone="yes"?>
<TrafficMatrixFile xsi:noNamespaceSchemaLocation="http://totem.run.montefiore.ulg.ac.be/Schema/TrafficMatrix-v1_2.xsd" xmlns:xsi="http://www.w3.org/2001/XMLSchema-instance">
    <IntraTM ASID="11537">
        <src id="ATLA-M5">
            <dst id="ATLA-M5">26.6666666666667</dst>
            <dst id="ATLAng">152.090666666667</dst>
            <dst id="CHINng">658.824</dst>
            <dst id="DNVRng">0</dst>
            <dst id="HSTNng">184.853333333333</dst>
            <dst id="IPLSng">176.682666666667</dst>
            <dst id="KSCYng">0</dst>
            <dst id="LOSAng">0</dst>
            <dst id="NYCMng">1105.13333333333</dst>
            <dst id="SNVAng">0</dst>
            <dst id="STTLng">0</dst>
            <dst id="WASHng">1188.97066666667</dst>
        </src>
        <src id="ATLAng">
            <dst id="ATLA-M5">0</dst>
            <dst id="ATLAng">27166.1146666667</dst>
            <dst id="CHINng">20110.416</dst>
            <dst id="DNVRng">0</dst>
            <dst id="HSTNng">2130.20533333333</dst>
            <dst id="IPLSng">26409.1493333333</dst>
            <dst id="KSCYng">26.6666666666667</dst>
            <dst id="LOSAng">0</dst>
            <dst id="NYCMng">41277.2266666667</dst>
            <dst id="SNVAng">26.6666666666667</dst>
            <dst id="STTLng">26.6666666666667</dst>
            <dst id="WASHng">39284.5066666667</dst>
        </src>
        <src id="CHINng">
            <dst id="ATLA-M5">0</dst>
            <dst id="ATLAng">20446</dst>
            <dst id="CHINng">23820.1866666667</dst>
            <dst id="DNVRng">0</dst>
            <dst id="HSTNng">9595.34133333333</dst>
            <dst id="IPLSng">34197.608</dst>
            <dst id="KSCYng">31.528</dst>
            <dst id="LOSAng">53.3333333333333</dst>
            <dst id="NYCMng">190909.970666667</dst>
            <dst id="SNVAng">0</dst>
            <dst id="STTLng">681.576</dst>
            <dst id="WASHng">30708.4933333333</dst>
        </src>
        <src id="DNVRng">
            <dst id="ATLA-M5">0</dst>
            <dst id="ATLAng">5167</dst>
            <dst id="CHINng">29963.2506666667</dst>
            <dst id="DNVRng">2195.928</dst>
            <dst id="HSTNng">23205.4746666667</dst>
            <dst id="IPLSng">24816.5146666667</dst>
            <dst id="KSCYng">9724.03733333333</dst>
            <dst id="LOSAng">0</dst>
            <dst id="NYCMng">31246.7093333333</dst>
            <dst id="SNVAng">9094.34666666667</dst>
            <dst id="STTLng">2182.856</dst>
            <dst id="WASHng">43955.16</dst>
        </src>
        <src id="HSTNng">
            <dst id="ATLA-M5">0</dst>
            <dst id="ATLAng">33527.5306666667</dst>
            <dst id="CHINng">900.216</dst>
            <dst id="DNVRng">0</dst>
            <dst id="HSTNng">70641.6693333333</dst>
            <dst id="IPLSng">0</dst>
            <dst id="KSCYng">26.6666666666667</dst>
            <dst id="LOSAng">26.8106666666667</dst>
            <dst id="NYCMng">1614.10666666667</dst>
            <dst id="SNVAng">0</dst>
            <dst id="STTLng">26.6666666666667</dst>
            <dst id="WASHng">95735.8933333333</dst>
        </src>
        <src id="IPLSng">
            <dst id="ATLA-M5">0</dst>
            <dst id="ATLAng">14592.7786666667</dst>
            <dst id="CHINng">75308.528</dst>
            <dst id="DNVRng">0</dst>
            <dst id="HSTNng">9672.776</dst>
            <dst id="IPLSng">24076.24</dst>
            <dst id="KSCYng">17116.456</dst>
            <dst id="LOSAng">237.445333333333</dst>
            <dst id="NYCMng">127963.850666667</dst>
            <dst id="SNVAng">53.3333333333333</dst>
            <dst id="STTLng">53.3333333333333</dst>
            <dst id="WASHng">17950.0773333333</dst>
        </src>
        <src id="KSCYng">
            <dst id="ATLA-M5">0</dst>
            <dst id="ATLAng">5744.864</dst>
            <dst id="CHINng">17157.472</dst>
            <dst id="DNVRng">6591.31733333334</dst>
            <dst id="HSTNng">18414.536</dst>
            <dst id="IPLSng">9892.04266666667</dst>
            <dst id="KSCYng">7353.70933333333</dst>
            <dst id="LOSAng">0</dst>
            <dst id="NYCMng">24935.4106666667</dst>
            <dst id="SNVAng">26.6666666666667</dst>
            <dst id="STTLng">26.6666666666667</dst>
            <dst id="WASHng">9066.936</dst>
        </src>
        <src id="LOSAng">
            <dst id="ATLA-M5">0</dst>
            <dst id="ATLAng">31550.5706666667</dst>
            <dst id="CHINng">2435.52</dst>
            <dst id="DNVRng">9003.04</dst>
            <dst id="HSTNng">82713.48</dst>
            <dst id="IPLSng">1116.18133333333</dst>
            <dst id="KSCYng">86.0186666666667</dst>
            <dst id="LOSAng">24380.056</dst>
            <dst id="NYCMng">59709.8346666667</dst>
            <dst id="SNVAng">10878.8906666667</dst>
            <dst id="STTLng">20408.8933333333</dst>
            <dst id="WASHng">84654.28</dst>
        </src>
        <src id="NYCMng">
            <dst id="ATLA-M5">0</dst>
            <dst id="ATLAng">25238.5253333333</dst>
            <dst id="CHINng">488.173333333333</dst>
            <dst id="DNVRng">0</dst>
            <dst id="HSTNng">17553.7253333333</dst>
            <dst id="IPLSng">53.3333333333333</dst>
            <dst id="KSCYng">53.3333333333333</dst>
            <dst id="LOSAng">84.7066666666667</dst>
            <dst id="NYCMng">354332.213333333</dst>
            <dst id="SNVAng">53.3333333333333</dst>
            <dst id="STTLng">610.293333333333</dst>
            <dst id="WASHng">75724.3573333333</dst>
        </src>
        <src id="SNVAng">
            <dst id="ATLA-M5">0</dst>
            <dst id="ATLAng">429.533333333333</dst>
            <dst id="CHINng">26.6666666666667</dst>
            <dst id="DNVRng">6315.16533333333</dst>
            <dst id="HSTNng">3166.248</dst>
            <dst id="IPLSng">303.178666666667</dst>
            <dst id="KSCYng">451.416</dst>
            <dst id="LOSAng">31247.0533333333</dst>
            <dst id="NYCMng">4599.75466666667</dst>
            <dst id="SNVAng">14921.064</dst>
            <dst id="STTLng">62792.4266666667</dst>
            <dst id="WASHng">775.418666666667</dst>
        </src>
        <src id="STTLng">
            <dst id="ATLA-M5">0</dst>
            <dst id="ATLAng">6034.48533333333</dst>
            <dst id="CHINng">522.138666666667</dst>
            <dst id="DNVRng">4652.05066666667</dst>
            <dst id="HSTNng">13447.2053333333</dst>
            <dst id="IPLSng">128.6</dst>
            <dst id="KSCYng">1829.89333333333</dst>
            <dst id="LOSAng">16906.9973333333</dst>
            <dst id="NYCMng">46047</dst>
            <dst id="SNVAng">13930.6293333333</dst>
            <dst id="STTLng">656.72</dst>
            <dst id="WASHng">26549.8906666667</dst>
        </src>
        <src id="WASHng">
            <dst id="ATLA-M5">0</dst>
            <dst id="ATLAng">124908.432</dst>
            <dst id="CHINng">824.477333333333</dst>
            <dst id="DNVRng">0</dst>
            <dst id="HSTNng">66026.0773333333</dst>
            <dst id="IPLSng">141.722666666667</dst>
            <dst id="KSCYng">158.261333333333</dst>
            <dst id="LOSAng">150.293333333333</dst>
            <dst id="NYCMng">453818.32</dst>
            <dst id="SNVAng">0</dst>
            <dst id="STTLng">2615.41333333333</dst>
            <dst id="WASHng">257890.421333333</dst>
        </src>
    </IntraTM>
</TrafficMatrixFile>
