<?xml version="1.0" encoding="ISO-8859-1" standalone="yes"?>
<TrafficMatrixFile xsi:noNamespaceSchemaLocation="http://totem.run.montefiore.ulg.ac.be/Schema/TrafficMatrix-v1_2.xsd" xmlns:xsi="http://www.w3.org/2001/XMLSchema-instance">
    <IntraTM ASID="11537">
        <src id="ATLA-M5">
            <dst id="ATLA-M5">131.770666666667</dst>
            <dst id="ATLAng">218.381333333333</dst>
            <dst id="CHINng">1917.78933333333</dst>
            <dst id="DNVRng">0</dst>
            <dst id="HSTNng">2682.184</dst>
            <dst id="IPLSng">1521.048</dst>
            <dst id="KSCYng">380.274666666667</dst>
            <dst id="LOSAng">0</dst>
            <dst id="NYCMng">629.2</dst>
            <dst id="SNVAng">0</dst>
            <dst id="STTLng">275.029333333333</dst>
            <dst id="WASHng">1770.87733333333</dst>
        </src>
        <src id="ATLAng">
            <dst id="ATLA-M5">0</dst>
            <dst id="ATLAng">26487.992</dst>
            <dst id="CHINng">23413.1066666667</dst>
            <dst id="DNVRng">53.3333333333333</dst>
            <dst id="HSTNng">67938.1413333333</dst>
            <dst id="IPLSng">40866.3466666667</dst>
            <dst id="KSCYng">6665.04533333333</dst>
            <dst id="LOSAng">53.3333333333333</dst>
            <dst id="NYCMng">19604.6826666667</dst>
            <dst id="SNVAng">26.6666666666667</dst>
            <dst id="STTLng">662.642666666667</dst>
            <dst id="WASHng">80795.16</dst>
        </src>
        <src id="CHINng">
            <dst id="ATLA-M5">0</dst>
            <dst id="ATLAng">38810.2986666667</dst>
            <dst id="CHINng">140981.154666667</dst>
            <dst id="DNVRng">27897.9733333333</dst>
            <dst id="HSTNng">121485.458666667</dst>
            <dst id="IPLSng">112148.346666667</dst>
            <dst id="KSCYng">30749.4</dst>
            <dst id="LOSAng">244.122666666667</dst>
            <dst id="NYCMng">63740.1226666667</dst>
            <dst id="SNVAng">53.3333333333333</dst>
            <dst id="STTLng">6280.24</dst>
            <dst id="WASHng">55002.952</dst>
        </src>
        <src id="DNVRng">
            <dst id="ATLA-M5">0</dst>
            <dst id="ATLAng">24367.832</dst>
            <dst id="CHINng">74215.96</dst>
            <dst id="DNVRng">9806.152</dst>
            <dst id="HSTNng">50112.4133333333</dst>
            <dst id="IPLSng">32028.0133333333</dst>
            <dst id="KSCYng">17533.7573333333</dst>
            <dst id="LOSAng">0</dst>
            <dst id="NYCMng">19787.9946666667</dst>
            <dst id="SNVAng">28448.6453333333</dst>
            <dst id="STTLng">561.44</dst>
            <dst id="WASHng">47985.3546666667</dst>
        </src>
        <src id="HSTNng">
            <dst id="ATLA-M5">0</dst>
            <dst id="ATLAng">33371.368</dst>
            <dst id="CHINng">2233.384</dst>
            <dst id="DNVRng">26.6666666666667</dst>
            <dst id="HSTNng">184783.312</dst>
            <dst id="IPLSng">0</dst>
            <dst id="KSCYng">218.805333333333</dst>
            <dst id="LOSAng">0</dst>
            <dst id="NYCMng">8833.96</dst>
            <dst id="SNVAng">26.6666666666667</dst>
            <dst id="STTLng">516.965333333333</dst>
            <dst id="WASHng">154554.058666667</dst>
        </src>
        <src id="IPLSng">
            <dst id="ATLA-M5">0</dst>
            <dst id="ATLAng">26448.208</dst>
            <dst id="CHINng">142189.792</dst>
            <dst id="DNVRng">19612.3066666667</dst>
            <dst id="HSTNng">117969.248</dst>
            <dst id="IPLSng">39995.9786666667</dst>
            <dst id="KSCYng">34430.6426666667</dst>
            <dst id="LOSAng">80</dst>
            <dst id="NYCMng">70309.92</dst>
            <dst id="SNVAng">183.584</dst>
            <dst id="STTLng">401.922666666667</dst>
            <dst id="WASHng">49808.1733333333</dst>
        </src>
        <src id="KSCYng">
            <dst id="ATLA-M5">0</dst>
            <dst id="ATLAng">6122.45333333333</dst>
            <dst id="CHINng">35975.32</dst>
            <dst id="DNVRng">9413.37866666667</dst>
            <dst id="HSTNng">18405.5226666667</dst>
            <dst id="IPLSng">14300.0666666667</dst>
            <dst id="KSCYng">10157.448</dst>
            <dst id="LOSAng">0</dst>
            <dst id="NYCMng">9644.304</dst>
            <dst id="SNVAng">0</dst>
            <dst id="STTLng">181.56</dst>
            <dst id="WASHng">16111.6586666667</dst>
        </src>
        <src id="LOSAng">
            <dst id="ATLA-M5">0</dst>
            <dst id="ATLAng">23114.9573333333</dst>
            <dst id="CHINng">5030.57333333333</dst>
            <dst id="DNVRng">23751.592</dst>
            <dst id="HSTNng">165035.253333333</dst>
            <dst id="IPLSng">488.082666666667</dst>
            <dst id="KSCYng">265.16</dst>
            <dst id="LOSAng">14346.232</dst>
            <dst id="NYCMng">76832.7306666667</dst>
            <dst id="SNVAng">20811.2373333333</dst>
            <dst id="STTLng">32890.584</dst>
            <dst id="WASHng">138320.856</dst>
        </src>
        <src id="NYCMng">
            <dst id="ATLA-M5">0</dst>
            <dst id="ATLAng">41459.7253333333</dst>
            <dst id="CHINng">92588.032</dst>
            <dst id="DNVRng">35318.784</dst>
            <dst id="HSTNng">156954.4</dst>
            <dst id="IPLSng">91631.1173333333</dst>
            <dst id="KSCYng">25685.9386666667</dst>
            <dst id="LOSAng">280.176</dst>
            <dst id="NYCMng">278475.2</dst>
            <dst id="SNVAng">80</dst>
            <dst id="STTLng">4297.78666666667</dst>
            <dst id="WASHng">174046.493333333</dst>
        </src>
        <src id="SNVAng">
            <dst id="ATLA-M5">0</dst>
            <dst id="ATLAng">2079.88266666667</dst>
            <dst id="CHINng">664.584</dst>
            <dst id="DNVRng">11405.2853333333</dst>
            <dst id="HSTNng">11342.2666666667</dst>
            <dst id="IPLSng">0</dst>
            <dst id="KSCYng">1579.88533333333</dst>
            <dst id="LOSAng">46501.936</dst>
            <dst id="NYCMng">9443.94933333333</dst>
            <dst id="SNVAng">16431.4933333333</dst>
            <dst id="STTLng">55712.0693333333</dst>
            <dst id="WASHng">2054.74666666667</dst>
        </src>
        <src id="STTLng">
            <dst id="ATLA-M5">0</dst>
            <dst id="ATLAng">13477.3706666667</dst>
            <dst id="CHINng">24448.7973333333</dst>
            <dst id="DNVRng">9705.20533333334</dst>
            <dst id="HSTNng">50656.5546666667</dst>
            <dst id="IPLSng">291.904</dst>
            <dst id="KSCYng">3456.09866666667</dst>
            <dst id="LOSAng">41432.144</dst>
            <dst id="NYCMng">17275.0826666667</dst>
            <dst id="SNVAng">8294.848</dst>
            <dst id="STTLng">8100.34933333333</dst>
            <dst id="WASHng">36317.9253333333</dst>
        </src>
        <src id="WASHng">
            <dst id="ATLA-M5">0</dst>
            <dst id="ATLAng">103732.952</dst>
            <dst id="CHINng">88562.448</dst>
            <dst id="DNVRng">1950.79466666667</dst>
            <dst id="HSTNng">348200.106666667</dst>
            <dst id="IPLSng">83506.48</dst>
            <dst id="KSCYng">21074.088</dst>
            <dst id="LOSAng">221.242666666667</dst>
            <dst id="NYCMng">199290.904</dst>
            <dst id="SNVAng">388.818666666667</dst>
            <dst id="STTLng">5227.58133333333</dst>
            <dst id="WASHng">259354.792</dst>
        </src>
    </IntraTM>
</TrafficMatrixFile>
