<?xml version="1.0" encoding="ISO-8859-1" standalone="yes"?>
<TrafficMatrixFile xsi:noNamespaceSchemaLocation="http://totem.run.montefiore.ulg.ac.be/Schema/TrafficMatrix-v1_2.xsd" xmlns:xsi="http://www.w3.org/2001/XMLSchema-instance">
    <IntraTM ASID="11537">
        <src id="ATLA-M5">
            <dst id="ATLA-M5">26.6666666666667</dst>
            <dst id="ATLAng">257.397333333333</dst>
            <dst id="CHINng">1798.79733333333</dst>
            <dst id="DNVRng">0</dst>
            <dst id="HSTNng">166.784</dst>
            <dst id="IPLSng">853.397333333333</dst>
            <dst id="KSCYng">0</dst>
            <dst id="LOSAng">0</dst>
            <dst id="NYCMng">1272.17066666667</dst>
            <dst id="SNVAng">0</dst>
            <dst id="STTLng">0</dst>
            <dst id="WASHng">1114.504</dst>
        </src>
        <src id="ATLAng">
            <dst id="ATLA-M5">0</dst>
            <dst id="ATLAng">22467.6906666667</dst>
            <dst id="CHINng">34086.544</dst>
            <dst id="DNVRng">0</dst>
            <dst id="HSTNng">4021.776</dst>
            <dst id="IPLSng">36142.824</dst>
            <dst id="KSCYng">98.3066666666667</dst>
            <dst id="LOSAng">0</dst>
            <dst id="NYCMng">54559.7466666667</dst>
            <dst id="SNVAng">26.6666666666667</dst>
            <dst id="STTLng">26.6666666666667</dst>
            <dst id="WASHng">54175.9946666667</dst>
        </src>
        <src id="CHINng">
            <dst id="ATLA-M5">0</dst>
            <dst id="ATLAng">37861.1093333333</dst>
            <dst id="CHINng">35370.872</dst>
            <dst id="DNVRng">0</dst>
            <dst id="HSTNng">16490.9333333333</dst>
            <dst id="IPLSng">57721.8373333333</dst>
            <dst id="KSCYng">118.037333333333</dst>
            <dst id="LOSAng">53.3333333333333</dst>
            <dst id="NYCMng">227617.605333333</dst>
            <dst id="SNVAng">0</dst>
            <dst id="STTLng">65.904</dst>
            <dst id="WASHng">40818.4986666667</dst>
        </src>
        <src id="DNVRng">
            <dst id="ATLA-M5">0</dst>
            <dst id="ATLAng">9481.136</dst>
            <dst id="CHINng">32942.5066666667</dst>
            <dst id="DNVRng">7025.624</dst>
            <dst id="HSTNng">29554.2613333333</dst>
            <dst id="IPLSng">27930.9413333333</dst>
            <dst id="KSCYng">13496.1146666667</dst>
            <dst id="LOSAng">76</dst>
            <dst id="NYCMng">33013.672</dst>
            <dst id="SNVAng">7440.68533333334</dst>
            <dst id="STTLng">0</dst>
            <dst id="WASHng">44108.512</dst>
        </src>
        <src id="HSTNng">
            <dst id="ATLA-M5">0</dst>
            <dst id="ATLAng">21635.3626666667</dst>
            <dst id="CHINng">674.704</dst>
            <dst id="DNVRng">53.3333333333333</dst>
            <dst id="HSTNng">276086.88</dst>
            <dst id="IPLSng">53.3333333333333</dst>
            <dst id="KSCYng">0</dst>
            <dst id="LOSAng">0</dst>
            <dst id="NYCMng">4473.49333333333</dst>
            <dst id="SNVAng">0</dst>
            <dst id="STTLng">0</dst>
            <dst id="WASHng">109424.181333333</dst>
        </src>
        <src id="IPLSng">
            <dst id="ATLA-M5">0</dst>
            <dst id="ATLAng">18278.8533333333</dst>
            <dst id="CHINng">127620.458666667</dst>
            <dst id="DNVRng">0</dst>
            <dst id="HSTNng">12391.2986666667</dst>
            <dst id="IPLSng">27230.736</dst>
            <dst id="KSCYng">34633.768</dst>
            <dst id="LOSAng">59.1893333333333</dst>
            <dst id="NYCMng">218451.96</dst>
            <dst id="SNVAng">53.3333333333333</dst>
            <dst id="STTLng">53.3333333333333</dst>
            <dst id="WASHng">30550.8266666667</dst>
        </src>
        <src id="KSCYng">
            <dst id="ATLA-M5">0</dst>
            <dst id="ATLAng">3290.85333333333</dst>
            <dst id="CHINng">16597.0053333333</dst>
            <dst id="DNVRng">6241.4</dst>
            <dst id="HSTNng">18035.3573333333</dst>
            <dst id="IPLSng">12801.2346666667</dst>
            <dst id="KSCYng">5887.10666666667</dst>
            <dst id="LOSAng">26.6666666666667</dst>
            <dst id="NYCMng">17156.0906666667</dst>
            <dst id="SNVAng">26.6666666666667</dst>
            <dst id="STTLng">0</dst>
            <dst id="WASHng">13979.456</dst>
        </src>
        <src id="LOSAng">
            <dst id="ATLA-M5">0</dst>
            <dst id="ATLAng">16714.1813333333</dst>
            <dst id="CHINng">2295.89333333333</dst>
            <dst id="DNVRng">22785.424</dst>
            <dst id="HSTNng">198614.205333333</dst>
            <dst id="IPLSng">1189.25066666667</dst>
            <dst id="KSCYng">53.3333333333333</dst>
            <dst id="LOSAng">22736.4053333333</dst>
            <dst id="NYCMng">62622.9573333333</dst>
            <dst id="SNVAng">8450.48</dst>
            <dst id="STTLng">22693.0426666667</dst>
            <dst id="WASHng">92934.0693333333</dst>
        </src>
        <src id="NYCMng">
            <dst id="ATLA-M5">0</dst>
            <dst id="ATLAng">46279.6266666667</dst>
            <dst id="CHINng">699.56</dst>
            <dst id="DNVRng">0</dst>
            <dst id="HSTNng">17369.1333333333</dst>
            <dst id="IPLSng">53.3333333333333</dst>
            <dst id="KSCYng">159.562666666667</dst>
            <dst id="LOSAng">26.6666666666667</dst>
            <dst id="NYCMng">472590.133333333</dst>
            <dst id="SNVAng">0</dst>
            <dst id="STTLng">80</dst>
            <dst id="WASHng">85652.832</dst>
        </src>
        <src id="SNVAng">
            <dst id="ATLA-M5">0</dst>
            <dst id="ATLAng">674.6</dst>
            <dst id="CHINng">251.8</dst>
            <dst id="DNVRng">2742.47466666667</dst>
            <dst id="HSTNng">8880.24533333333</dst>
            <dst id="IPLSng">0</dst>
            <dst id="KSCYng">950.370666666667</dst>
            <dst id="LOSAng">36418.904</dst>
            <dst id="NYCMng">6856.62933333333</dst>
            <dst id="SNVAng">13226.8986666667</dst>
            <dst id="STTLng">55545.0933333333</dst>
            <dst id="WASHng">628.216</dst>
        </src>
        <src id="STTLng">
            <dst id="ATLA-M5">0</dst>
            <dst id="ATLAng">7105.28533333333</dst>
            <dst id="CHINng">1118.16</dst>
            <dst id="DNVRng">6117.184</dst>
            <dst id="HSTNng">24026.696</dst>
            <dst id="IPLSng">214.133333333333</dst>
            <dst id="KSCYng">4231.752</dst>
            <dst id="LOSAng">24050.8666666667</dst>
            <dst id="NYCMng">50542.5813333333</dst>
            <dst id="SNVAng">5841.00533333333</dst>
            <dst id="STTLng">7162.10666666667</dst>
            <dst id="WASHng">34912.1226666667</dst>
        </src>
        <src id="WASHng">
            <dst id="ATLA-M5">0</dst>
            <dst id="ATLAng">120428.418666667</dst>
            <dst id="CHINng">6634.79733333333</dst>
            <dst id="DNVRng">0</dst>
            <dst id="HSTNng">68651.8773333333</dst>
            <dst id="IPLSng">120.424</dst>
            <dst id="KSCYng">3989.33333333333</dst>
            <dst id="LOSAng">61.1093333333333</dst>
            <dst id="NYCMng">573599.12</dst>
            <dst id="SNVAng">80</dst>
            <dst id="STTLng">1026.656</dst>
            <dst id="WASHng">280932.746666667</dst>
        </src>
    </IntraTM>
</TrafficMatrixFile>
