<?xml version="1.0" encoding="ISO-8859-1" standalone="yes"?>
<TrafficMatrixFile xsi:noNamespaceSchemaLocation="http://totem.run.montefiore.ulg.ac.be/Schema/TrafficMatrix-v1_2.xsd" xmlns:xsi="http://www.w3.org/2001/XMLSchema-instance">
    <IntraTM ASID="11537">
        <src id="ATLA-M5">
            <dst id="ATLA-M5">0</dst>
            <dst id="ATLAng">1151.54933333333</dst>
            <dst id="CHINng">474.746666666667</dst>
            <dst id="DNVRng">0</dst>
            <dst id="HSTNng">91.488</dst>
            <dst id="IPLSng">849.802666666667</dst>
            <dst id="KSCYng">0</dst>
            <dst id="LOSAng">0</dst>
            <dst id="NYCMng">1837.70666666667</dst>
            <dst id="SNVAng">0</dst>
            <dst id="STTLng">0</dst>
            <dst id="WASHng">1237.704</dst>
        </src>
        <src id="ATLAng">
            <dst id="ATLA-M5">0</dst>
            <dst id="ATLAng">26164.3786666667</dst>
            <dst id="CHINng">63507.4373333333</dst>
            <dst id="DNVRng">0</dst>
            <dst id="HSTNng">12926.6586666667</dst>
            <dst id="IPLSng">26295.7786666667</dst>
            <dst id="KSCYng">26.6666666666667</dst>
            <dst id="LOSAng">27.1306666666667</dst>
            <dst id="NYCMng">63854.6106666667</dst>
            <dst id="SNVAng">0</dst>
            <dst id="STTLng">0</dst>
            <dst id="WASHng">47061.3573333333</dst>
        </src>
        <src id="CHINng">
            <dst id="ATLA-M5">0</dst>
            <dst id="ATLAng">42097.3546666667</dst>
            <dst id="CHINng">31966.6826666667</dst>
            <dst id="DNVRng">0</dst>
            <dst id="HSTNng">24952.8373333333</dst>
            <dst id="IPLSng">69433.3066666667</dst>
            <dst id="KSCYng">0</dst>
            <dst id="LOSAng">116.085333333333</dst>
            <dst id="NYCMng">214044.96</dst>
            <dst id="SNVAng">0</dst>
            <dst id="STTLng">106.666666666667</dst>
            <dst id="WASHng">56317.0026666667</dst>
        </src>
        <src id="DNVRng">
            <dst id="ATLA-M5">0</dst>
            <dst id="ATLAng">8239.29066666667</dst>
            <dst id="CHINng">38760.7386666667</dst>
            <dst id="DNVRng">12451.368</dst>
            <dst id="HSTNng">47466.4533333333</dst>
            <dst id="IPLSng">29682.312</dst>
            <dst id="KSCYng">15169.3146666667</dst>
            <dst id="LOSAng">0</dst>
            <dst id="NYCMng">28840.1813333333</dst>
            <dst id="SNVAng">14108.696</dst>
            <dst id="STTLng">106.666666666667</dst>
            <dst id="WASHng">39193.8693333333</dst>
        </src>
        <src id="HSTNng">
            <dst id="ATLA-M5">0</dst>
            <dst id="ATLAng">40927.7253333333</dst>
            <dst id="CHINng">1663.82666666667</dst>
            <dst id="DNVRng">0</dst>
            <dst id="HSTNng">129554.045333333</dst>
            <dst id="IPLSng">80</dst>
            <dst id="KSCYng">0</dst>
            <dst id="LOSAng">32</dst>
            <dst id="NYCMng">8018.65066666667</dst>
            <dst id="SNVAng">40.7146666666667</dst>
            <dst id="STTLng">26.6666666666667</dst>
            <dst id="WASHng">131879.328</dst>
        </src>
        <src id="IPLSng">
            <dst id="ATLA-M5">0</dst>
            <dst id="ATLAng">13337.84</dst>
            <dst id="CHINng">97349.3306666667</dst>
            <dst id="DNVRng">0</dst>
            <dst id="HSTNng">10798.4</dst>
            <dst id="IPLSng">24936.4693333333</dst>
            <dst id="KSCYng">30036.8746666667</dst>
            <dst id="LOSAng">31.6346666666667</dst>
            <dst id="NYCMng">220694.496</dst>
            <dst id="SNVAng">106.666666666667</dst>
            <dst id="STTLng">26.6666666666667</dst>
            <dst id="WASHng">27105.4773333333</dst>
        </src>
        <src id="KSCYng">
            <dst id="ATLA-M5">0</dst>
            <dst id="ATLAng">3738.224</dst>
            <dst id="CHINng">19351.08</dst>
            <dst id="DNVRng">17864.728</dst>
            <dst id="HSTNng">18330.9093333333</dst>
            <dst id="IPLSng">18063.9866666667</dst>
            <dst id="KSCYng">13899.2426666667</dst>
            <dst id="LOSAng">0</dst>
            <dst id="NYCMng">27964.5546666667</dst>
            <dst id="SNVAng">0</dst>
            <dst id="STTLng">0</dst>
            <dst id="WASHng">16668.656</dst>
        </src>
        <src id="LOSAng">
            <dst id="ATLA-M5">0</dst>
            <dst id="ATLAng">35529.592</dst>
            <dst id="CHINng">3072.48</dst>
            <dst id="DNVRng">31454.6133333333</dst>
            <dst id="HSTNng">122656.338666667</dst>
            <dst id="IPLSng">377.410666666667</dst>
            <dst id="KSCYng">674.354666666667</dst>
            <dst id="LOSAng">22618.872</dst>
            <dst id="NYCMng">90288.9946666667</dst>
            <dst id="SNVAng">8524.01333333333</dst>
            <dst id="STTLng">23721.7093333333</dst>
            <dst id="WASHng">108077.157333333</dst>
        </src>
        <src id="NYCMng">
            <dst id="ATLA-M5">0</dst>
            <dst id="ATLAng">40875.5973333333</dst>
            <dst id="CHINng">552.114666666667</dst>
            <dst id="DNVRng">0</dst>
            <dst id="HSTNng">15595.1093333333</dst>
            <dst id="IPLSng">85.696</dst>
            <dst id="KSCYng">89.7386666666667</dst>
            <dst id="LOSAng">220.864</dst>
            <dst id="NYCMng">913378.08</dst>
            <dst id="SNVAng">133.333333333333</dst>
            <dst id="STTLng">160</dst>
            <dst id="WASHng">320860.16</dst>
        </src>
        <src id="SNVAng">
            <dst id="ATLA-M5">0</dst>
            <dst id="ATLAng">1073.432</dst>
            <dst id="CHINng">26.6666666666667</dst>
            <dst id="DNVRng">5707.696</dst>
            <dst id="HSTNng">5265.072</dst>
            <dst id="IPLSng">0</dst>
            <dst id="KSCYng">945.314666666667</dst>
            <dst id="LOSAng">44142.408</dst>
            <dst id="NYCMng">6829.21066666667</dst>
            <dst id="SNVAng">17978.5253333333</dst>
            <dst id="STTLng">51222.6933333333</dst>
            <dst id="WASHng">2799.32266666667</dst>
        </src>
        <src id="STTLng">
            <dst id="ATLA-M5">0</dst>
            <dst id="ATLAng">14283.0586666667</dst>
            <dst id="CHINng">3209.06133333333</dst>
            <dst id="DNVRng">7453.20266666667</dst>
            <dst id="HSTNng">16911.256</dst>
            <dst id="IPLSng">178.344</dst>
            <dst id="KSCYng">4530.34133333333</dst>
            <dst id="LOSAng">31010.04</dst>
            <dst id="NYCMng">48610.5573333333</dst>
            <dst id="SNVAng">11386.2186666667</dst>
            <dst id="STTLng">5277.25333333333</dst>
            <dst id="WASHng">29942.4986666667</dst>
        </src>
        <src id="WASHng">
            <dst id="ATLA-M5">0</dst>
            <dst id="ATLAng">100471.941333333</dst>
            <dst id="CHINng">2072.448</dst>
            <dst id="DNVRng">0</dst>
            <dst id="HSTNng">88782.792</dst>
            <dst id="IPLSng">53.3333333333333</dst>
            <dst id="KSCYng">106.666666666667</dst>
            <dst id="LOSAng">119.192</dst>
            <dst id="NYCMng">632500.96</dst>
            <dst id="SNVAng">108.549333333333</dst>
            <dst id="STTLng">53.768</dst>
            <dst id="WASHng">265001.064</dst>
        </src>
    </IntraTM>
</TrafficMatrixFile>
