<?xml version="1.0" encoding="ISO-8859-1" standalone="yes"?>
<TrafficMatrixFile xsi:noNamespaceSchemaLocation="http://totem.run.montefiore.ulg.ac.be/Schema/TrafficMatrix-v1_2.xsd" xmlns:xsi="http://www.w3.org/2001/XMLSchema-instance">
    <IntraTM ASID="11537">
        <src id="ATLA-M5">
            <dst id="ATLA-M5">154.037333333333</dst>
            <dst id="ATLAng">848.618666666667</dst>
            <dst id="CHINng">574.194666666667</dst>
            <dst id="DNVRng">0</dst>
            <dst id="HSTNng">1114.29333333333</dst>
            <dst id="IPLSng">1245.78666666667</dst>
            <dst id="KSCYng">2021.27733333333</dst>
            <dst id="LOSAng">0</dst>
            <dst id="NYCMng">355.816</dst>
            <dst id="SNVAng">0</dst>
            <dst id="STTLng">0</dst>
            <dst id="WASHng">1706.32266666667</dst>
        </src>
        <src id="ATLAng">
            <dst id="ATLA-M5">0</dst>
            <dst id="ATLAng">62084.896</dst>
            <dst id="CHINng">61524.7386666667</dst>
            <dst id="DNVRng">1030.656</dst>
            <dst id="HSTNng">64969.2053333333</dst>
            <dst id="IPLSng">40600.3066666667</dst>
            <dst id="KSCYng">5788.98133333333</dst>
            <dst id="LOSAng">362.229333333333</dst>
            <dst id="NYCMng">16429.1493333333</dst>
            <dst id="SNVAng">82.0693333333333</dst>
            <dst id="STTLng">863.506666666667</dst>
            <dst id="WASHng">53505.704</dst>
        </src>
        <src id="CHINng">
            <dst id="ATLA-M5">0</dst>
            <dst id="ATLAng">51735.8586666667</dst>
            <dst id="CHINng">104600.146666667</dst>
            <dst id="DNVRng">24052.056</dst>
            <dst id="HSTNng">137244.813333333</dst>
            <dst id="IPLSng">79168.6613333333</dst>
            <dst id="KSCYng">22678.8986666667</dst>
            <dst id="LOSAng">53.3333333333333</dst>
            <dst id="NYCMng">51182.1946666667</dst>
            <dst id="SNVAng">87.592</dst>
            <dst id="STTLng">740.952</dst>
            <dst id="WASHng">49636.4346666667</dst>
        </src>
        <src id="DNVRng">
            <dst id="ATLA-M5">0</dst>
            <dst id="ATLAng">11262.6693333333</dst>
            <dst id="CHINng">77221.1653333333</dst>
            <dst id="DNVRng">7866.20266666667</dst>
            <dst id="HSTNng">50970.9733333333</dst>
            <dst id="IPLSng">30741.5893333333</dst>
            <dst id="KSCYng">11944.816</dst>
            <dst id="LOSAng">26.6666666666667</dst>
            <dst id="NYCMng">17707.248</dst>
            <dst id="SNVAng">14969.5573333333</dst>
            <dst id="STTLng">189.645333333333</dst>
            <dst id="WASHng">46950.4106666667</dst>
        </src>
        <src id="HSTNng">
            <dst id="ATLA-M5">0</dst>
            <dst id="ATLAng">49157.616</dst>
            <dst id="CHINng">4554.86666666667</dst>
            <dst id="DNVRng">88.3653333333333</dst>
            <dst id="HSTNng">268962.026666667</dst>
            <dst id="IPLSng">184.757333333333</dst>
            <dst id="KSCYng">168.554666666667</dst>
            <dst id="LOSAng">26.6666666666667</dst>
            <dst id="NYCMng">8346.13866666667</dst>
            <dst id="SNVAng">80</dst>
            <dst id="STTLng">274.88</dst>
            <dst id="WASHng">113405.344</dst>
        </src>
        <src id="IPLSng">
            <dst id="ATLA-M5">0</dst>
            <dst id="ATLAng">35667.4613333333</dst>
            <dst id="CHINng">135419.096</dst>
            <dst id="DNVRng">35043.3653333333</dst>
            <dst id="HSTNng">126678.813333333</dst>
            <dst id="IPLSng">32839.8613333333</dst>
            <dst id="KSCYng">22368.6986666667</dst>
            <dst id="LOSAng">1214.13866666667</dst>
            <dst id="NYCMng">56583.376</dst>
            <dst id="SNVAng">657.738666666667</dst>
            <dst id="STTLng">335.266666666667</dst>
            <dst id="WASHng">35084.7413333333</dst>
        </src>
        <src id="KSCYng">
            <dst id="ATLA-M5">0</dst>
            <dst id="ATLAng">5309.40266666667</dst>
            <dst id="CHINng">33543.1786666667</dst>
            <dst id="DNVRng">31168.2133333333</dst>
            <dst id="HSTNng">22958.5226666667</dst>
            <dst id="IPLSng">24987.2426666667</dst>
            <dst id="KSCYng">7637.57066666667</dst>
            <dst id="LOSAng">0</dst>
            <dst id="NYCMng">8218.432</dst>
            <dst id="SNVAng">30.2133333333333</dst>
            <dst id="STTLng">259.024</dst>
            <dst id="WASHng">17382.92</dst>
        </src>
        <src id="LOSAng">
            <dst id="ATLA-M5">0</dst>
            <dst id="ATLAng">39881.168</dst>
            <dst id="CHINng">5879</dst>
            <dst id="DNVRng">28317.7066666667</dst>
            <dst id="HSTNng">195143.605333333</dst>
            <dst id="IPLSng">1350.47466666667</dst>
            <dst id="KSCYng">350.413333333333</dst>
            <dst id="LOSAng">12922.0133333333</dst>
            <dst id="NYCMng">41435.728</dst>
            <dst id="SNVAng">14920.624</dst>
            <dst id="STTLng">23815.7093333333</dst>
            <dst id="WASHng">96413.8986666667</dst>
        </src>
        <src id="NYCMng">
            <dst id="ATLA-M5">0</dst>
            <dst id="ATLAng">56192.1146666666</dst>
            <dst id="CHINng">78591.736</dst>
            <dst id="DNVRng">47915.0773333333</dst>
            <dst id="HSTNng">156530.226666667</dst>
            <dst id="IPLSng">76506.08</dst>
            <dst id="KSCYng">26758.4506666667</dst>
            <dst id="LOSAng">129.333333333333</dst>
            <dst id="NYCMng">255082.528</dst>
            <dst id="SNVAng">113.296</dst>
            <dst id="STTLng">1674.568</dst>
            <dst id="WASHng">194936.056</dst>
        </src>
        <src id="SNVAng">
            <dst id="ATLA-M5">0</dst>
            <dst id="ATLAng">3370.76533333333</dst>
            <dst id="CHINng">106.666666666667</dst>
            <dst id="DNVRng">11727.8053333333</dst>
            <dst id="HSTNng">16254.8746666667</dst>
            <dst id="IPLSng">26.6666666666667</dst>
            <dst id="KSCYng">4855.472</dst>
            <dst id="LOSAng">39527.24</dst>
            <dst id="NYCMng">5193.97066666667</dst>
            <dst id="SNVAng">16304.3973333333</dst>
            <dst id="STTLng">52910.2666666667</dst>
            <dst id="WASHng">3130.536</dst>
        </src>
        <src id="STTLng">
            <dst id="ATLA-M5">0</dst>
            <dst id="ATLAng">15950.2933333333</dst>
            <dst id="CHINng">21726.2853333333</dst>
            <dst id="DNVRng">12884.4053333333</dst>
            <dst id="HSTNng">46542.9946666667</dst>
            <dst id="IPLSng">387.365333333333</dst>
            <dst id="KSCYng">5118.67466666667</dst>
            <dst id="LOSAng">28032.4373333333</dst>
            <dst id="NYCMng">15538.1413333333</dst>
            <dst id="SNVAng">10137.9893333333</dst>
            <dst id="STTLng">2874.36533333333</dst>
            <dst id="WASHng">33118.1893333333</dst>
        </src>
        <src id="WASHng">
            <dst id="ATLA-M5">0</dst>
            <dst id="ATLAng">93865.1573333333</dst>
            <dst id="CHINng">101344.829333333</dst>
            <dst id="DNVRng">3526.4</dst>
            <dst id="HSTNng">347069.44</dst>
            <dst id="IPLSng">90377.136</dst>
            <dst id="KSCYng">22903.1306666667</dst>
            <dst id="LOSAng">80</dst>
            <dst id="NYCMng">224313.784</dst>
            <dst id="SNVAng">341.552</dst>
            <dst id="STTLng">4880.464</dst>
            <dst id="WASHng">274748.8</dst>
        </src>
    </IntraTM>
</TrafficMatrixFile>
