<?xml version="1.0" encoding="ISO-8859-1" standalone="yes"?>
<TrafficMatrixFile xsi:noNamespaceSchemaLocation="http://totem.run.montefiore.ulg.ac.be/Schema/TrafficMatrix-v1_2.xsd" xmlns:xsi="http://www.w3.org/2001/XMLSchema-instance">
    <IntraTM ASID="11537">
        <src id="ATLA-M5">
            <dst id="ATLA-M5">87.3973333333333</dst>
            <dst id="ATLAng">994.698666666667</dst>
            <dst id="CHINng">2276.92</dst>
            <dst id="DNVRng">0</dst>
            <dst id="HSTNng">1409.58133333333</dst>
            <dst id="IPLSng">341.821333333333</dst>
            <dst id="KSCYng">354.248</dst>
            <dst id="LOSAng">0</dst>
            <dst id="NYCMng">1468.944</dst>
            <dst id="SNVAng">34.576</dst>
            <dst id="STTLng">0</dst>
            <dst id="WASHng">1864.968</dst>
        </src>
        <src id="ATLAng">
            <dst id="ATLA-M5">0</dst>
            <dst id="ATLAng">49001.824</dst>
            <dst id="CHINng">43466.2933333333</dst>
            <dst id="DNVRng">101.877333333333</dst>
            <dst id="HSTNng">75225.9866666667</dst>
            <dst id="IPLSng">110635.898666667</dst>
            <dst id="KSCYng">8484.67733333333</dst>
            <dst id="LOSAng">113.794666666667</dst>
            <dst id="NYCMng">33101.536</dst>
            <dst id="SNVAng">517.76</dst>
            <dst id="STTLng">161.077333333333</dst>
            <dst id="WASHng">97301.2853333334</dst>
        </src>
        <src id="CHINng">
            <dst id="ATLA-M5">0</dst>
            <dst id="ATLAng">32818.9706666667</dst>
            <dst id="CHINng">151116.210666667</dst>
            <dst id="DNVRng">27280.1866666667</dst>
            <dst id="HSTNng">107368.552</dst>
            <dst id="IPLSng">104539.301333333</dst>
            <dst id="KSCYng">22744.16</dst>
            <dst id="LOSAng">202.026666666667</dst>
            <dst id="NYCMng">45031.7733333333</dst>
            <dst id="SNVAng">105.469333333333</dst>
            <dst id="STTLng">1118.544</dst>
            <dst id="WASHng">55094.4666666667</dst>
        </src>
        <src id="DNVRng">
            <dst id="ATLA-M5">0</dst>
            <dst id="ATLAng">30681.7733333333</dst>
            <dst id="CHINng">76391.2133333333</dst>
            <dst id="DNVRng">9133.984</dst>
            <dst id="HSTNng">59682.9093333333</dst>
            <dst id="IPLSng">48531.208</dst>
            <dst id="KSCYng">28791.1226666667</dst>
            <dst id="LOSAng">26.6666666666667</dst>
            <dst id="NYCMng">25123.464</dst>
            <dst id="SNVAng">19479.416</dst>
            <dst id="STTLng">232.272</dst>
            <dst id="WASHng">55014.3893333333</dst>
        </src>
        <src id="HSTNng">
            <dst id="ATLA-M5">0</dst>
            <dst id="ATLAng">44786.192</dst>
            <dst id="CHINng">3839.14133333333</dst>
            <dst id="DNVRng">26.6666666666667</dst>
            <dst id="HSTNng">206648.056</dst>
            <dst id="IPLSng">152.792</dst>
            <dst id="KSCYng">106.666666666667</dst>
            <dst id="LOSAng">0</dst>
            <dst id="NYCMng">11558.0506666667</dst>
            <dst id="SNVAng">207.168</dst>
            <dst id="STTLng">80</dst>
            <dst id="WASHng">128836.864</dst>
        </src>
        <src id="IPLSng">
            <dst id="ATLA-M5">0</dst>
            <dst id="ATLAng">101473.477333333</dst>
            <dst id="CHINng">141869.493333333</dst>
            <dst id="DNVRng">31364.9973333333</dst>
            <dst id="HSTNng">91379.792</dst>
            <dst id="IPLSng">43753.6053333333</dst>
            <dst id="KSCYng">32667.872</dst>
            <dst id="LOSAng">141.605333333333</dst>
            <dst id="NYCMng">60747.3253333333</dst>
            <dst id="SNVAng">5821.91733333333</dst>
            <dst id="STTLng">283.282666666667</dst>
            <dst id="WASHng">57809.888</dst>
        </src>
        <src id="KSCYng">
            <dst id="ATLA-M5">0</dst>
            <dst id="ATLAng">6422.18133333333</dst>
            <dst id="CHINng">41161.4746666667</dst>
            <dst id="DNVRng">24948.96</dst>
            <dst id="HSTNng">19134.9813333333</dst>
            <dst id="IPLSng">28698.7813333333</dst>
            <dst id="KSCYng">8201.51466666667</dst>
            <dst id="LOSAng">26.6666666666667</dst>
            <dst id="NYCMng">18971.7413333333</dst>
            <dst id="SNVAng">124.52</dst>
            <dst id="STTLng">240.416</dst>
            <dst id="WASHng">14368.7306666667</dst>
        </src>
        <src id="LOSAng">
            <dst id="ATLA-M5">0</dst>
            <dst id="ATLAng">36385.9786666667</dst>
            <dst id="CHINng">7977.99733333333</dst>
            <dst id="DNVRng">17287.4426666667</dst>
            <dst id="HSTNng">158763.28</dst>
            <dst id="IPLSng">1767.86933333333</dst>
            <dst id="KSCYng">1918.14666666667</dst>
            <dst id="LOSAng">14787.8293333333</dst>
            <dst id="NYCMng">71416.2453333333</dst>
            <dst id="SNVAng">17802.768</dst>
            <dst id="STTLng">25614.2533333333</dst>
            <dst id="WASHng">113081.157333333</dst>
        </src>
        <src id="NYCMng">
            <dst id="ATLA-M5">0</dst>
            <dst id="ATLAng">68408.2053333334</dst>
            <dst id="CHINng">117188.501333333</dst>
            <dst id="DNVRng">44850.28</dst>
            <dst id="HSTNng">160434.442666667</dst>
            <dst id="IPLSng">99255.6746666667</dst>
            <dst id="KSCYng">32206.0213333333</dst>
            <dst id="LOSAng">291.106666666667</dst>
            <dst id="NYCMng">266219.501333333</dst>
            <dst id="SNVAng">263.418666666667</dst>
            <dst id="STTLng">1823.33866666667</dst>
            <dst id="WASHng">258195.733333333</dst>
        </src>
        <src id="SNVAng">
            <dst id="ATLA-M5">0</dst>
            <dst id="ATLAng">4378.09333333333</dst>
            <dst id="CHINng">327.008</dst>
            <dst id="DNVRng">17920.6026666667</dst>
            <dst id="HSTNng">13006.336</dst>
            <dst id="IPLSng">0</dst>
            <dst id="KSCYng">2006.64</dst>
            <dst id="LOSAng">37608.4346666667</dst>
            <dst id="NYCMng">9619.10133333333</dst>
            <dst id="SNVAng">13718.5146666667</dst>
            <dst id="STTLng">52070.544</dst>
            <dst id="WASHng">1373.08533333333</dst>
        </src>
        <src id="STTLng">
            <dst id="ATLA-M5">0</dst>
            <dst id="ATLAng">16297.7973333333</dst>
            <dst id="CHINng">23918.9786666667</dst>
            <dst id="DNVRng">12168.9733333333</dst>
            <dst id="HSTNng">60255.1813333333</dst>
            <dst id="IPLSng">793.866666666667</dst>
            <dst id="KSCYng">7399.104</dst>
            <dst id="LOSAng">31322.56</dst>
            <dst id="NYCMng">20823.4613333333</dst>
            <dst id="SNVAng">14280.544</dst>
            <dst id="STTLng">3105.704</dst>
            <dst id="WASHng">39702.3653333333</dst>
        </src>
        <src id="WASHng">
            <dst id="ATLA-M5">0</dst>
            <dst id="ATLAng">142255.269333333</dst>
            <dst id="CHINng">111410.672</dst>
            <dst id="DNVRng">8422.80533333333</dst>
            <dst id="HSTNng">395338.24</dst>
            <dst id="IPLSng">69374.0133333333</dst>
            <dst id="KSCYng">29827.736</dst>
            <dst id="LOSAng">110.210666666667</dst>
            <dst id="NYCMng">254345.538666667</dst>
            <dst id="SNVAng">829.072</dst>
            <dst id="STTLng">4818.63466666667</dst>
            <dst id="WASHng">355394.426666667</dst>
        </src>
    </IntraTM>
</TrafficMatrixFile>
