<?xml version="1.0" encoding="ISO-8859-1" standalone="yes"?>
<TrafficMatrixFile xsi:noNamespaceSchemaLocation="http://totem.run.montefiore.ulg.ac.be/Schema/TrafficMatrix-v1_2.xsd" xmlns:xsi="http://www.w3.org/2001/XMLSchema-instance">
    <IntraTM ASID="11537">
        <src id="ATLA-M5">
            <dst id="ATLA-M5">0</dst>
            <dst id="ATLAng">162.352</dst>
            <dst id="CHINng">627.850666666667</dst>
            <dst id="DNVRng">0</dst>
            <dst id="HSTNng">3402.38933333333</dst>
            <dst id="IPLSng">2159.45333333333</dst>
            <dst id="KSCYng">0</dst>
            <dst id="LOSAng">0</dst>
            <dst id="NYCMng">3801.78666666667</dst>
            <dst id="SNVAng">0</dst>
            <dst id="STTLng">0</dst>
            <dst id="WASHng">1513.38933333333</dst>
        </src>
        <src id="ATLAng">
            <dst id="ATLA-M5">0</dst>
            <dst id="ATLAng">28266.3413333333</dst>
            <dst id="CHINng">45259.032</dst>
            <dst id="DNVRng">0</dst>
            <dst id="HSTNng">14800.7893333333</dst>
            <dst id="IPLSng">36563.0346666667</dst>
            <dst id="KSCYng">74.0053333333333</dst>
            <dst id="LOSAng">0</dst>
            <dst id="NYCMng">56474.896</dst>
            <dst id="SNVAng">0</dst>
            <dst id="STTLng">0</dst>
            <dst id="WASHng">44653.184</dst>
        </src>
        <src id="CHINng">
            <dst id="ATLA-M5">0</dst>
            <dst id="ATLAng">31089.44</dst>
            <dst id="CHINng">42241.6053333333</dst>
            <dst id="DNVRng">0</dst>
            <dst id="HSTNng">21768.776</dst>
            <dst id="IPLSng">63455.744</dst>
            <dst id="KSCYng">178.245333333333</dst>
            <dst id="LOSAng">125.845333333333</dst>
            <dst id="NYCMng">205659.376</dst>
            <dst id="SNVAng">0</dst>
            <dst id="STTLng">80</dst>
            <dst id="WASHng">48548.5386666667</dst>
        </src>
        <src id="DNVRng">
            <dst id="ATLA-M5">0</dst>
            <dst id="ATLAng">8917.52</dst>
            <dst id="CHINng">91892.5413333333</dst>
            <dst id="DNVRng">12391.7813333333</dst>
            <dst id="HSTNng">46554.136</dst>
            <dst id="IPLSng">27463.992</dst>
            <dst id="KSCYng">18360.432</dst>
            <dst id="LOSAng">0</dst>
            <dst id="NYCMng">37201.1146666667</dst>
            <dst id="SNVAng">16409.944</dst>
            <dst id="STTLng">5612.064</dst>
            <dst id="WASHng">41998.208</dst>
        </src>
        <src id="HSTNng">
            <dst id="ATLA-M5">0</dst>
            <dst id="ATLAng">43019.248</dst>
            <dst id="CHINng">976.250666666667</dst>
            <dst id="DNVRng">26.6666666666667</dst>
            <dst id="HSTNng">137651.978666667</dst>
            <dst id="IPLSng">86.472</dst>
            <dst id="KSCYng">37.9093333333333</dst>
            <dst id="LOSAng">26.6666666666667</dst>
            <dst id="NYCMng">6621.112</dst>
            <dst id="SNVAng">0</dst>
            <dst id="STTLng">0</dst>
            <dst id="WASHng">125489.488</dst>
        </src>
        <src id="IPLSng">
            <dst id="ATLA-M5">0</dst>
            <dst id="ATLAng">15238.8906666667</dst>
            <dst id="CHINng">124938.106666667</dst>
            <dst id="DNVRng">0</dst>
            <dst id="HSTNng">9802.376</dst>
            <dst id="IPLSng">20747.784</dst>
            <dst id="KSCYng">20751.432</dst>
            <dst id="LOSAng">80</dst>
            <dst id="NYCMng">198938.661333333</dst>
            <dst id="SNVAng">80</dst>
            <dst id="STTLng">32.1866666666667</dst>
            <dst id="WASHng">43981.096</dst>
        </src>
        <src id="KSCYng">
            <dst id="ATLA-M5">0</dst>
            <dst id="ATLAng">4939.89866666667</dst>
            <dst id="CHINng">19242.816</dst>
            <dst id="DNVRng">19199.0373333333</dst>
            <dst id="HSTNng">18222.8773333333</dst>
            <dst id="IPLSng">10602.3706666667</dst>
            <dst id="KSCYng">9231.90666666667</dst>
            <dst id="LOSAng">0</dst>
            <dst id="NYCMng">19978.3893333333</dst>
            <dst id="SNVAng">53.3333333333333</dst>
            <dst id="STTLng">0</dst>
            <dst id="WASHng">12860.1093333333</dst>
        </src>
        <src id="LOSAng">
            <dst id="ATLA-M5">0</dst>
            <dst id="ATLAng">32850.496</dst>
            <dst id="CHINng">2528.248</dst>
            <dst id="DNVRng">24870.2773333333</dst>
            <dst id="HSTNng">123470.154666667</dst>
            <dst id="IPLSng">2342.728</dst>
            <dst id="KSCYng">186.666666666667</dst>
            <dst id="LOSAng">17472.768</dst>
            <dst id="NYCMng">67062.424</dst>
            <dst id="SNVAng">14652.8826666667</dst>
            <dst id="STTLng">30283.048</dst>
            <dst id="WASHng">103113.946666667</dst>
        </src>
        <src id="NYCMng">
            <dst id="ATLA-M5">0</dst>
            <dst id="ATLAng">31652.16</dst>
            <dst id="CHINng">2303.832</dst>
            <dst id="DNVRng">0</dst>
            <dst id="HSTNng">26343.1173333333</dst>
            <dst id="IPLSng">152.837333333333</dst>
            <dst id="KSCYng">238.232</dst>
            <dst id="LOSAng">229.082666666667</dst>
            <dst id="NYCMng">951477.653333334</dst>
            <dst id="SNVAng">53.3333333333333</dst>
            <dst id="STTLng">130.197333333333</dst>
            <dst id="WASHng">282668.906666667</dst>
        </src>
        <src id="SNVAng">
            <dst id="ATLA-M5">0</dst>
            <dst id="ATLAng">1022.02933333333</dst>
            <dst id="CHINng">53.3333333333333</dst>
            <dst id="DNVRng">4025.09333333333</dst>
            <dst id="HSTNng">4947.832</dst>
            <dst id="IPLSng">0</dst>
            <dst id="KSCYng">435.757333333333</dst>
            <dst id="LOSAng">40166.8773333333</dst>
            <dst id="NYCMng">6897.16266666667</dst>
            <dst id="SNVAng">15846.3413333333</dst>
            <dst id="STTLng">55423.408</dst>
            <dst id="WASHng">630.362666666667</dst>
        </src>
        <src id="STTLng">
            <dst id="ATLA-M5">0</dst>
            <dst id="ATLAng">9814.65066666666</dst>
            <dst id="CHINng">782.856</dst>
            <dst id="DNVRng">6115.944</dst>
            <dst id="HSTNng">24800.0586666667</dst>
            <dst id="IPLSng">377.149333333333</dst>
            <dst id="KSCYng">6145.288</dst>
            <dst id="LOSAng">31392.9733333333</dst>
            <dst id="NYCMng">46372.688</dst>
            <dst id="SNVAng">7345.87466666667</dst>
            <dst id="STTLng">9372.328</dst>
            <dst id="WASHng">30855.176</dst>
        </src>
        <src id="WASHng">
            <dst id="ATLA-M5">0</dst>
            <dst id="ATLAng">144248.8</dst>
            <dst id="CHINng">398.933333333333</dst>
            <dst id="DNVRng">0</dst>
            <dst id="HSTNng">76744.9893333333</dst>
            <dst id="IPLSng">80</dst>
            <dst id="KSCYng">132.184</dst>
            <dst id="LOSAng">108.32</dst>
            <dst id="NYCMng">643756.213333333</dst>
            <dst id="SNVAng">26.6666666666667</dst>
            <dst id="STTLng">80</dst>
            <dst id="WASHng">292965.333333333</dst>
        </src>
    </IntraTM>
</TrafficMatrixFile>
