<?xml version="1.0" encoding="ISO-8859-1" standalone="yes"?>
<TrafficMatrixFile xsi:noNamespaceSchemaLocation="http://totem.run.montefiore.ulg.ac.be/Schema/TrafficMatrix-v1_2.xsd" xmlns:xsi="http://www.w3.org/2001/XMLSchema-instance">
    <IntraTM ASID="11537">
        <src id="ATLA-M5">
            <dst id="ATLA-M5">194.325333333333</dst>
            <dst id="ATLAng">509.850666666666</dst>
            <dst id="CHINng">1738.496</dst>
            <dst id="DNVRng">26.6666666666667</dst>
            <dst id="HSTNng">2218.096</dst>
            <dst id="IPLSng">380.181333333333</dst>
            <dst id="KSCYng">643.442666666667</dst>
            <dst id="LOSAng">0</dst>
            <dst id="NYCMng">1772.10933333333</dst>
            <dst id="SNVAng">0</dst>
            <dst id="STTLng">74.304</dst>
            <dst id="WASHng">3143.60266666667</dst>
        </src>
        <src id="ATLAng">
            <dst id="ATLA-M5">0</dst>
            <dst id="ATLAng">31372.504</dst>
            <dst id="CHINng">52486.024</dst>
            <dst id="DNVRng">143.232</dst>
            <dst id="HSTNng">61739.4693333333</dst>
            <dst id="IPLSng">76155.6746666667</dst>
            <dst id="KSCYng">7030.44</dst>
            <dst id="LOSAng">64.7653333333333</dst>
            <dst id="NYCMng">23603.4133333333</dst>
            <dst id="SNVAng">396.384</dst>
            <dst id="STTLng">133.6</dst>
            <dst id="WASHng">68881.264</dst>
        </src>
        <src id="CHINng">
            <dst id="ATLA-M5">0</dst>
            <dst id="ATLAng">43100.1093333333</dst>
            <dst id="CHINng">138892.277333333</dst>
            <dst id="DNVRng">36142.2693333333</dst>
            <dst id="HSTNng">133008.312</dst>
            <dst id="IPLSng">74329.5733333333</dst>
            <dst id="KSCYng">27141.8533333333</dst>
            <dst id="LOSAng">193.373333333333</dst>
            <dst id="NYCMng">48911.4106666667</dst>
            <dst id="SNVAng">1127.85866666667</dst>
            <dst id="STTLng">809.250666666667</dst>
            <dst id="WASHng">63425.312</dst>
        </src>
        <src id="DNVRng">
            <dst id="ATLA-M5">0</dst>
            <dst id="ATLAng">16742.9706666667</dst>
            <dst id="CHINng">68288.5226666667</dst>
            <dst id="DNVRng">15762.9066666667</dst>
            <dst id="HSTNng">61201.7706666667</dst>
            <dst id="IPLSng">34916.336</dst>
            <dst id="KSCYng">27212.7413333333</dst>
            <dst id="LOSAng">26.6666666666667</dst>
            <dst id="NYCMng">46179.1333333333</dst>
            <dst id="SNVAng">12790.984</dst>
            <dst id="STTLng">269.72</dst>
            <dst id="WASHng">55640.1786666667</dst>
        </src>
        <src id="HSTNng">
            <dst id="ATLA-M5">0</dst>
            <dst id="ATLAng">48149.3706666667</dst>
            <dst id="CHINng">5080.58133333333</dst>
            <dst id="DNVRng">53.3333333333333</dst>
            <dst id="HSTNng">203348.797333333</dst>
            <dst id="IPLSng">0</dst>
            <dst id="KSCYng">108.013333333333</dst>
            <dst id="LOSAng">26.6666666666667</dst>
            <dst id="NYCMng">8962.40533333333</dst>
            <dst id="SNVAng">159.445333333333</dst>
            <dst id="STTLng">106.666666666667</dst>
            <dst id="WASHng">141965.130666667</dst>
        </src>
        <src id="IPLSng">
            <dst id="ATLA-M5">0</dst>
            <dst id="ATLAng">44531.64</dst>
            <dst id="CHINng">151628.154666667</dst>
            <dst id="DNVRng">21043.3173333333</dst>
            <dst id="HSTNng">60419.2693333333</dst>
            <dst id="IPLSng">86231.9333333333</dst>
            <dst id="KSCYng">32530.6506666667</dst>
            <dst id="LOSAng">160.114666666667</dst>
            <dst id="NYCMng">55563.6586666667</dst>
            <dst id="SNVAng">5161.06133333333</dst>
            <dst id="STTLng">226.154666666667</dst>
            <dst id="WASHng">50249.0266666667</dst>
        </src>
        <src id="KSCYng">
            <dst id="ATLA-M5">0</dst>
            <dst id="ATLAng">6172.232</dst>
            <dst id="CHINng">36092.2586666667</dst>
            <dst id="DNVRng">35460.568</dst>
            <dst id="HSTNng">19982.8693333333</dst>
            <dst id="IPLSng">48607.184</dst>
            <dst id="KSCYng">17419.0426666667</dst>
            <dst id="LOSAng">0</dst>
            <dst id="NYCMng">11526.632</dst>
            <dst id="SNVAng">1954.80533333333</dst>
            <dst id="STTLng">383.538666666667</dst>
            <dst id="WASHng">13666.208</dst>
        </src>
        <src id="LOSAng">
            <dst id="ATLA-M5">0</dst>
            <dst id="ATLAng">41152.8426666667</dst>
            <dst id="CHINng">14311.6106666667</dst>
            <dst id="DNVRng">39062.7546666667</dst>
            <dst id="HSTNng">190018.656</dst>
            <dst id="IPLSng">1710.74133333333</dst>
            <dst id="KSCYng">1304.55466666667</dst>
            <dst id="LOSAng">21149.7786666667</dst>
            <dst id="NYCMng">75543.0853333333</dst>
            <dst id="SNVAng">17541.1733333333</dst>
            <dst id="STTLng">25992.312</dst>
            <dst id="WASHng">117319.338666667</dst>
        </src>
        <src id="NYCMng">
            <dst id="ATLA-M5">0</dst>
            <dst id="ATLAng">70227.6106666667</dst>
            <dst id="CHINng">116648.768</dst>
            <dst id="DNVRng">50398.432</dst>
            <dst id="HSTNng">158807.981333333</dst>
            <dst id="IPLSng">102125.397333333</dst>
            <dst id="KSCYng">31079.048</dst>
            <dst id="LOSAng">178.898666666667</dst>
            <dst id="NYCMng">242156.192</dst>
            <dst id="SNVAng">727.170666666667</dst>
            <dst id="STTLng">1840.62666666667</dst>
            <dst id="WASHng">250374.685333333</dst>
        </src>
        <src id="SNVAng">
            <dst id="ATLA-M5">0</dst>
            <dst id="ATLAng">1814.25066666667</dst>
            <dst id="CHINng">80</dst>
            <dst id="DNVRng">17574.8</dst>
            <dst id="HSTNng">6510.96</dst>
            <dst id="IPLSng">0</dst>
            <dst id="KSCYng">2077.79466666667</dst>
            <dst id="LOSAng">35591.5573333333</dst>
            <dst id="NYCMng">9540.16266666667</dst>
            <dst id="SNVAng">18586.8853333333</dst>
            <dst id="STTLng">56877.1973333333</dst>
            <dst id="WASHng">5589.88</dst>
        </src>
        <src id="STTLng">
            <dst id="ATLA-M5">0</dst>
            <dst id="ATLAng">18344.416</dst>
            <dst id="CHINng">25139.2773333333</dst>
            <dst id="DNVRng">12463.8586666667</dst>
            <dst id="HSTNng">66023.04</dst>
            <dst id="IPLSng">622.957333333333</dst>
            <dst id="KSCYng">8079.30666666667</dst>
            <dst id="LOSAng">33634.9546666667</dst>
            <dst id="NYCMng">19831.76</dst>
            <dst id="SNVAng">12473.0693333333</dst>
            <dst id="STTLng">5818.40266666667</dst>
            <dst id="WASHng">40162.3226666667</dst>
        </src>
        <src id="WASHng">
            <dst id="ATLA-M5">0</dst>
            <dst id="ATLAng">135671.232</dst>
            <dst id="CHINng">103596.981333333</dst>
            <dst id="DNVRng">3930.22933333333</dst>
            <dst id="HSTNng">370287.306666667</dst>
            <dst id="IPLSng">100483.984</dst>
            <dst id="KSCYng">25492.7573333333</dst>
            <dst id="LOSAng">363.224</dst>
            <dst id="NYCMng">219585.850666667</dst>
            <dst id="SNVAng">673.752</dst>
            <dst id="STTLng">3111.88</dst>
            <dst id="WASHng">362386.426666667</dst>
        </src>
    </IntraTM>
</TrafficMatrixFile>
