<?xml version="1.0" encoding="ISO-8859-1" standalone="yes"?>
<TrafficMatrixFile xsi:noNamespaceSchemaLocation="http://totem.run.montefiore.ulg.ac.be/Schema/TrafficMatrix-v1_2.xsd" xmlns:xsi="http://www.w3.org/2001/XMLSchema-instance">
    <IntraTM ASID="11537">
        <src id="ATLA-M5">
            <dst id="ATLA-M5">0</dst>
            <dst id="ATLAng">211.68</dst>
            <dst id="CHINng">1500.512</dst>
            <dst id="DNVRng">0</dst>
            <dst id="HSTNng">2173.896</dst>
            <dst id="IPLSng">409.64</dst>
            <dst id="KSCYng">0</dst>
            <dst id="LOSAng">34.08</dst>
            <dst id="NYCMng">1944.392</dst>
            <dst id="SNVAng">0</dst>
            <dst id="STTLng">26.6666666666667</dst>
            <dst id="WASHng">2808.536</dst>
        </src>
        <src id="ATLAng">
            <dst id="ATLA-M5">0</dst>
            <dst id="ATLAng">20187.2666666667</dst>
            <dst id="CHINng">35199.5093333333</dst>
            <dst id="DNVRng">0</dst>
            <dst id="HSTNng">4769.28266666667</dst>
            <dst id="IPLSng">24992.7093333333</dst>
            <dst id="KSCYng">26.6666666666667</dst>
            <dst id="LOSAng">53.3333333333333</dst>
            <dst id="NYCMng">51098.4266666667</dst>
            <dst id="SNVAng">0</dst>
            <dst id="STTLng">0</dst>
            <dst id="WASHng">41806.0613333333</dst>
        </src>
        <src id="CHINng">
            <dst id="ATLA-M5">0</dst>
            <dst id="ATLAng">36157.344</dst>
            <dst id="CHINng">35059.1386666667</dst>
            <dst id="DNVRng">0</dst>
            <dst id="HSTNng">28266.792</dst>
            <dst id="IPLSng">41243.7493333333</dst>
            <dst id="KSCYng">106.666666666667</dst>
            <dst id="LOSAng">53.8133333333333</dst>
            <dst id="NYCMng">215782.818666667</dst>
            <dst id="SNVAng">53.3333333333333</dst>
            <dst id="STTLng">323.642666666667</dst>
            <dst id="WASHng">37114.6453333333</dst>
        </src>
        <src id="DNVRng">
            <dst id="ATLA-M5">0</dst>
            <dst id="ATLAng">6385.208</dst>
            <dst id="CHINng">35754.8453333333</dst>
            <dst id="DNVRng">11761.2453333333</dst>
            <dst id="HSTNng">33346.7333333333</dst>
            <dst id="IPLSng">31910.496</dst>
            <dst id="KSCYng">24063.4213333333</dst>
            <dst id="LOSAng">26.6666666666667</dst>
            <dst id="NYCMng">37218.4026666667</dst>
            <dst id="SNVAng">14124.784</dst>
            <dst id="STTLng">133.333333333333</dst>
            <dst id="WASHng">36010.6106666667</dst>
        </src>
        <src id="HSTNng">
            <dst id="ATLA-M5">0</dst>
            <dst id="ATLAng">23520.88</dst>
            <dst id="CHINng">780.88</dst>
            <dst id="DNVRng">80</dst>
            <dst id="HSTNng">145280.914666667</dst>
            <dst id="IPLSng">84.784</dst>
            <dst id="KSCYng">0</dst>
            <dst id="LOSAng">0</dst>
            <dst id="NYCMng">4743.63466666667</dst>
            <dst id="SNVAng">26.6666666666667</dst>
            <dst id="STTLng">0</dst>
            <dst id="WASHng">114260.888</dst>
        </src>
        <src id="IPLSng">
            <dst id="ATLA-M5">0</dst>
            <dst id="ATLAng">20818.6426666667</dst>
            <dst id="CHINng">174732.509333333</dst>
            <dst id="DNVRng">0</dst>
            <dst id="HSTNng">10545.9173333333</dst>
            <dst id="IPLSng">49219.5306666667</dst>
            <dst id="KSCYng">25203.3493333333</dst>
            <dst id="LOSAng">1712.992</dst>
            <dst id="NYCMng">221132.285333333</dst>
            <dst id="SNVAng">26.6666666666667</dst>
            <dst id="STTLng">80</dst>
            <dst id="WASHng">38085.144</dst>
        </src>
        <src id="KSCYng">
            <dst id="ATLA-M5">0</dst>
            <dst id="ATLAng">5048.22133333333</dst>
            <dst id="CHINng">18563.8213333333</dst>
            <dst id="DNVRng">6660.87733333333</dst>
            <dst id="HSTNng">16224.2826666667</dst>
            <dst id="IPLSng">9747.61066666667</dst>
            <dst id="KSCYng">7430.10666666667</dst>
            <dst id="LOSAng">0</dst>
            <dst id="NYCMng">20010.48</dst>
            <dst id="SNVAng">53.3333333333333</dst>
            <dst id="STTLng">0</dst>
            <dst id="WASHng">10607.32</dst>
        </src>
        <src id="LOSAng">
            <dst id="ATLA-M5">0</dst>
            <dst id="ATLAng">20299.504</dst>
            <dst id="CHINng">1633.73333333333</dst>
            <dst id="DNVRng">12181.248</dst>
            <dst id="HSTNng">100349.184</dst>
            <dst id="IPLSng">1302.976</dst>
            <dst id="KSCYng">97.5866666666667</dst>
            <dst id="LOSAng">24520.0666666667</dst>
            <dst id="NYCMng">71435.992</dst>
            <dst id="SNVAng">9819.45333333333</dst>
            <dst id="STTLng">16463.9973333333</dst>
            <dst id="WASHng">89764.592</dst>
        </src>
        <src id="NYCMng">
            <dst id="ATLA-M5">0</dst>
            <dst id="ATLAng">26800.528</dst>
            <dst id="CHINng">711.170666666667</dst>
            <dst id="DNVRng">0</dst>
            <dst id="HSTNng">25482.504</dst>
            <dst id="IPLSng">81.7493333333333</dst>
            <dst id="KSCYng">113.333333333333</dst>
            <dst id="LOSAng">132.189333333333</dst>
            <dst id="NYCMng">474298.96</dst>
            <dst id="SNVAng">53.3333333333333</dst>
            <dst id="STTLng">900.64</dst>
            <dst id="WASHng">91181.5093333333</dst>
        </src>
        <src id="SNVAng">
            <dst id="ATLA-M5">0</dst>
            <dst id="ATLAng">531.397333333333</dst>
            <dst id="CHINng">26.6666666666667</dst>
            <dst id="DNVRng">3847.62666666667</dst>
            <dst id="HSTNng">9449.408</dst>
            <dst id="IPLSng">0</dst>
            <dst id="KSCYng">636.477333333333</dst>
            <dst id="LOSAng">35077.6613333333</dst>
            <dst id="NYCMng">4859.096</dst>
            <dst id="SNVAng">15971.3626666667</dst>
            <dst id="STTLng">55305.4506666666</dst>
            <dst id="WASHng">792.274666666667</dst>
        </src>
        <src id="STTLng">
            <dst id="ATLA-M5">0</dst>
            <dst id="ATLAng">7740.456</dst>
            <dst id="CHINng">479.293333333333</dst>
            <dst id="DNVRng">11386.5093333333</dst>
            <dst id="HSTNng">16039.2026666667</dst>
            <dst id="IPLSng">458.304</dst>
            <dst id="KSCYng">4536.424</dst>
            <dst id="LOSAng">18069.6613333333</dst>
            <dst id="NYCMng">47110.832</dst>
            <dst id="SNVAng">5820.31733333333</dst>
            <dst id="STTLng">4458.08</dst>
            <dst id="WASHng">29061.1253333333</dst>
        </src>
        <src id="WASHng">
            <dst id="ATLA-M5">0</dst>
            <dst id="ATLAng">121427.602666667</dst>
            <dst id="CHINng">377.837333333333</dst>
            <dst id="DNVRng">0</dst>
            <dst id="HSTNng">79524.3066666667</dst>
            <dst id="IPLSng">171.474666666667</dst>
            <dst id="KSCYng">53.3333333333333</dst>
            <dst id="LOSAng">53.3333333333333</dst>
            <dst id="NYCMng">496050.4</dst>
            <dst id="SNVAng">53.3333333333333</dst>
            <dst id="STTLng">2914.336</dst>
            <dst id="WASHng">299358.746666667</dst>
        </src>
    </IntraTM>
</TrafficMatrixFile>
