<?xml version="1.0" encoding="ISO-8859-1" standalone="yes"?>
<TrafficMatrixFile xsi:noNamespaceSchemaLocation="http://totem.run.montefiore.ulg.ac.be/Schema/TrafficMatrix-v1_2.xsd" xmlns:xsi="http://www.w3.org/2001/XMLSchema-instance">
    <IntraTM ASID="11537">
        <src id="ATLA-M5">
            <dst id="ATLA-M5">0</dst>
            <dst id="ATLAng">53.3333333333333</dst>
            <dst id="CHINng">369.021333333333</dst>
            <dst id="DNVRng">26.6666666666667</dst>
            <dst id="HSTNng">2374.256</dst>
            <dst id="IPLSng">140.557333333333</dst>
            <dst id="KSCYng">143.282666666667</dst>
            <dst id="LOSAng">0</dst>
            <dst id="NYCMng">1085.01333333333</dst>
            <dst id="SNVAng">0</dst>
            <dst id="STTLng">0</dst>
            <dst id="WASHng">2182.03733333333</dst>
        </src>
        <src id="ATLAng">
            <dst id="ATLA-M5">0</dst>
            <dst id="ATLAng">25594.5093333333</dst>
            <dst id="CHINng">11364.4506666667</dst>
            <dst id="DNVRng">26.6666666666667</dst>
            <dst id="HSTNng">35594.2533333333</dst>
            <dst id="IPLSng">27089.5306666667</dst>
            <dst id="KSCYng">5261.55733333333</dst>
            <dst id="LOSAng">26.6666666666667</dst>
            <dst id="NYCMng">25387.6053333333</dst>
            <dst id="SNVAng">0</dst>
            <dst id="STTLng">26.6666666666667</dst>
            <dst id="WASHng">77002.0213333334</dst>
        </src>
        <src id="CHINng">
            <dst id="ATLA-M5">0</dst>
            <dst id="ATLAng">22821.6293333333</dst>
            <dst id="CHINng">148716.818666667</dst>
            <dst id="DNVRng">24715.792</dst>
            <dst id="HSTNng">123397.850666667</dst>
            <dst id="IPLSng">47297.0186666667</dst>
            <dst id="KSCYng">11088.5733333333</dst>
            <dst id="LOSAng">222.058666666667</dst>
            <dst id="NYCMng">22693.7066666667</dst>
            <dst id="SNVAng">26.6666666666667</dst>
            <dst id="STTLng">1492.90133333333</dst>
            <dst id="WASHng">31445.5866666667</dst>
        </src>
        <src id="DNVRng">
            <dst id="ATLA-M5">0</dst>
            <dst id="ATLAng">7180.336</dst>
            <dst id="CHINng">64706.6853333333</dst>
            <dst id="DNVRng">4533.44</dst>
            <dst id="HSTNng">25760.3386666667</dst>
            <dst id="IPLSng">32359.8613333333</dst>
            <dst id="KSCYng">8593.59466666667</dst>
            <dst id="LOSAng">0</dst>
            <dst id="NYCMng">23583.8026666667</dst>
            <dst id="SNVAng">8183.14133333333</dst>
            <dst id="STTLng">26.6666666666667</dst>
            <dst id="WASHng">36815.0933333333</dst>
        </src>
        <src id="HSTNng">
            <dst id="ATLA-M5">0</dst>
            <dst id="ATLAng">26664.832</dst>
            <dst id="CHINng">2163.6</dst>
            <dst id="DNVRng">53.3333333333333</dst>
            <dst id="HSTNng">142895.152</dst>
            <dst id="IPLSng">120.338666666667</dst>
            <dst id="KSCYng">0</dst>
            <dst id="LOSAng">0</dst>
            <dst id="NYCMng">6045.64533333333</dst>
            <dst id="SNVAng">53.3333333333333</dst>
            <dst id="STTLng">0</dst>
            <dst id="WASHng">90043.8426666666</dst>
        </src>
        <src id="IPLSng">
            <dst id="ATLA-M5">0</dst>
            <dst id="ATLAng">16904.168</dst>
            <dst id="CHINng">162417.2</dst>
            <dst id="DNVRng">9811.512</dst>
            <dst id="HSTNng">99567.232</dst>
            <dst id="IPLSng">16314.0613333333</dst>
            <dst id="KSCYng">30945.2826666667</dst>
            <dst id="LOSAng">0</dst>
            <dst id="NYCMng">25549.7253333333</dst>
            <dst id="SNVAng">67.0213333333333</dst>
            <dst id="STTLng">80</dst>
            <dst id="WASHng">14410.2106666667</dst>
        </src>
        <src id="KSCYng">
            <dst id="ATLA-M5">0</dst>
            <dst id="ATLAng">5727.136</dst>
            <dst id="CHINng">37296.88</dst>
            <dst id="DNVRng">7930.29333333333</dst>
            <dst id="HSTNng">19983.512</dst>
            <dst id="IPLSng">13216.5733333333</dst>
            <dst id="KSCYng">7427</dst>
            <dst id="LOSAng">0</dst>
            <dst id="NYCMng">8302.90133333334</dst>
            <dst id="SNVAng">0</dst>
            <dst id="STTLng">0</dst>
            <dst id="WASHng">9153.18933333333</dst>
        </src>
        <src id="LOSAng">
            <dst id="ATLA-M5">0</dst>
            <dst id="ATLAng">18564.4906666667</dst>
            <dst id="CHINng">13466.3493333333</dst>
            <dst id="DNVRng">6004.76533333333</dst>
            <dst id="HSTNng">159238.821333333</dst>
            <dst id="IPLSng">728.029333333333</dst>
            <dst id="KSCYng">80</dst>
            <dst id="LOSAng">30076.472</dst>
            <dst id="NYCMng">50437.0613333333</dst>
            <dst id="SNVAng">9040.45333333333</dst>
            <dst id="STTLng">24671.472</dst>
            <dst id="WASHng">85355.736</dst>
        </src>
        <src id="NYCMng">
            <dst id="ATLA-M5">0</dst>
            <dst id="ATLAng">24872.744</dst>
            <dst id="CHINng">69191.304</dst>
            <dst id="DNVRng">35542.5653333333</dst>
            <dst id="HSTNng">109166.696</dst>
            <dst id="IPLSng">50237.0453333333</dst>
            <dst id="KSCYng">17190.6453333333</dst>
            <dst id="LOSAng">214.872</dst>
            <dst id="NYCMng">226639.024</dst>
            <dst id="SNVAng">0</dst>
            <dst id="STTLng">3732.98666666667</dst>
            <dst id="WASHng">72850.4506666667</dst>
        </src>
        <src id="SNVAng">
            <dst id="ATLA-M5">0</dst>
            <dst id="ATLAng">244.466666666667</dst>
            <dst id="CHINng">443.333333333333</dst>
            <dst id="DNVRng">2129.42933333333</dst>
            <dst id="HSTNng">4867.31733333333</dst>
            <dst id="IPLSng">0</dst>
            <dst id="KSCYng">336.613333333333</dst>
            <dst id="LOSAng">34501.3893333333</dst>
            <dst id="NYCMng">3326.456</dst>
            <dst id="SNVAng">16737.0773333333</dst>
            <dst id="STTLng">54435.752</dst>
            <dst id="WASHng">397.312</dst>
        </src>
        <src id="STTLng">
            <dst id="ATLA-M5">0</dst>
            <dst id="ATLAng">8206.856</dst>
            <dst id="CHINng">25267.936</dst>
            <dst id="DNVRng">4819.48</dst>
            <dst id="HSTNng">43652.5813333333</dst>
            <dst id="IPLSng">284.509333333333</dst>
            <dst id="KSCYng">2007.864</dst>
            <dst id="LOSAng">20598.9013333333</dst>
            <dst id="NYCMng">11378.272</dst>
            <dst id="SNVAng">4942.19466666667</dst>
            <dst id="STTLng">2605.79466666667</dst>
            <dst id="WASHng">34758.3493333333</dst>
        </src>
        <src id="WASHng">
            <dst id="ATLA-M5">0</dst>
            <dst id="ATLAng">126500.933333333</dst>
            <dst id="CHINng">87832.024</dst>
            <dst id="DNVRng">3832.79733333333</dst>
            <dst id="HSTNng">315816.64</dst>
            <dst id="IPLSng">39119.992</dst>
            <dst id="KSCYng">13633.664</dst>
            <dst id="LOSAng">28.2773333333333</dst>
            <dst id="NYCMng">180318.346666667</dst>
            <dst id="SNVAng">158.914666666667</dst>
            <dst id="STTLng">5230.408</dst>
            <dst id="WASHng">390910.24</dst>
        </src>
    </IntraTM>
</TrafficMatrixFile>
