<?xml version="1.0" encoding="ISO-8859-1" standalone="yes"?>
<TrafficMatrixFile xsi:noNamespaceSchemaLocation="http://totem.run.montefiore.ulg.ac.be/Schema/TrafficMatrix-v1_2.xsd" xmlns:xsi="http://www.w3.org/2001/XMLSchema-instance">
    <IntraTM ASID="11537">
        <src id="ATLA-M5">
            <dst id="ATLA-M5">406.853333333333</dst>
            <dst id="ATLAng">705.765333333333</dst>
            <dst id="CHINng">1778.30933333333</dst>
            <dst id="DNVRng">0</dst>
            <dst id="HSTNng">1237.992</dst>
            <dst id="IPLSng">849.992</dst>
            <dst id="KSCYng">354.48</dst>
            <dst id="LOSAng">26.6666666666667</dst>
            <dst id="NYCMng">1842.97333333333</dst>
            <dst id="SNVAng">28.384</dst>
            <dst id="STTLng">0</dst>
            <dst id="WASHng">4414.864</dst>
        </src>
        <src id="ATLAng">
            <dst id="ATLA-M5">0</dst>
            <dst id="ATLAng">62720.8</dst>
            <dst id="CHINng">45297.3466666667</dst>
            <dst id="DNVRng">80</dst>
            <dst id="HSTNng">80056.2293333334</dst>
            <dst id="IPLSng">105600.808</dst>
            <dst id="KSCYng">6777.48533333333</dst>
            <dst id="LOSAng">163.482666666667</dst>
            <dst id="NYCMng">28335.4266666667</dst>
            <dst id="SNVAng">1000.97333333333</dst>
            <dst id="STTLng">232.96</dst>
            <dst id="WASHng">92201.7333333333</dst>
        </src>
        <src id="CHINng">
            <dst id="ATLA-M5">0</dst>
            <dst id="ATLAng">27123.0906666667</dst>
            <dst id="CHINng">120837.162666667</dst>
            <dst id="DNVRng">31465.256</dst>
            <dst id="HSTNng">93192.0453333333</dst>
            <dst id="IPLSng">71418.448</dst>
            <dst id="KSCYng">26077.4586666667</dst>
            <dst id="LOSAng">218.173333333333</dst>
            <dst id="NYCMng">46590.7493333333</dst>
            <dst id="SNVAng">189.829333333333</dst>
            <dst id="STTLng">815.205333333333</dst>
            <dst id="WASHng">52324.9413333333</dst>
        </src>
        <src id="DNVRng">
            <dst id="ATLA-M5">0</dst>
            <dst id="ATLAng">11090.8933333333</dst>
            <dst id="CHINng">71923.376</dst>
            <dst id="DNVRng">16098.0453333333</dst>
            <dst id="HSTNng">49257.064</dst>
            <dst id="IPLSng">68392.24</dst>
            <dst id="KSCYng">27365.232</dst>
            <dst id="LOSAng">53.3333333333333</dst>
            <dst id="NYCMng">23192.016</dst>
            <dst id="SNVAng">34515.5946666667</dst>
            <dst id="STTLng">283.205333333333</dst>
            <dst id="WASHng">52655.5973333333</dst>
        </src>
        <src id="HSTNng">
            <dst id="ATLA-M5">0</dst>
            <dst id="ATLAng">37931.7546666667</dst>
            <dst id="CHINng">3238.336</dst>
            <dst id="DNVRng">339.269333333333</dst>
            <dst id="HSTNng">229245.064</dst>
            <dst id="IPLSng">117.92</dst>
            <dst id="KSCYng">80</dst>
            <dst id="LOSAng">47.424</dst>
            <dst id="NYCMng">11747.192</dst>
            <dst id="SNVAng">118.192</dst>
            <dst id="STTLng">106.666666666667</dst>
            <dst id="WASHng">122528.962666667</dst>
        </src>
        <src id="IPLSng">
            <dst id="ATLA-M5">0</dst>
            <dst id="ATLAng">103582.496</dst>
            <dst id="CHINng">137258.776</dst>
            <dst id="DNVRng">27827.4853333333</dst>
            <dst id="HSTNng">93484.5306666667</dst>
            <dst id="IPLSng">80706.728</dst>
            <dst id="KSCYng">27550.488</dst>
            <dst id="LOSAng">217.072</dst>
            <dst id="NYCMng">54915.6346666667</dst>
            <dst id="SNVAng">5303.53066666667</dst>
            <dst id="STTLng">504.464</dst>
            <dst id="WASHng">44377.944</dst>
        </src>
        <src id="KSCYng">
            <dst id="ATLA-M5">0</dst>
            <dst id="ATLAng">7885.90133333333</dst>
            <dst id="CHINng">60412.4506666667</dst>
            <dst id="DNVRng">21435.584</dst>
            <dst id="HSTNng">19760.4453333333</dst>
            <dst id="IPLSng">26873.616</dst>
            <dst id="KSCYng">8715.78133333333</dst>
            <dst id="LOSAng">0</dst>
            <dst id="NYCMng">15776.8853333333</dst>
            <dst id="SNVAng">141.824</dst>
            <dst id="STTLng">260.437333333333</dst>
            <dst id="WASHng">13903.1093333333</dst>
        </src>
        <src id="LOSAng">
            <dst id="ATLA-M5">0</dst>
            <dst id="ATLAng">28328.344</dst>
            <dst id="CHINng">6410.45333333333</dst>
            <dst id="DNVRng">19556.152</dst>
            <dst id="HSTNng">196395.024</dst>
            <dst id="IPLSng">1924.296</dst>
            <dst id="KSCYng">823.677333333333</dst>
            <dst id="LOSAng">16702.4933333333</dst>
            <dst id="NYCMng">64550.5786666667</dst>
            <dst id="SNVAng">19222.5706666667</dst>
            <dst id="STTLng">24063.8933333333</dst>
            <dst id="WASHng">107579.44</dst>
        </src>
        <src id="NYCMng">
            <dst id="ATLA-M5">0</dst>
            <dst id="ATLAng">67305.1386666667</dst>
            <dst id="CHINng">95291.0586666667</dst>
            <dst id="DNVRng">46079.6</dst>
            <dst id="HSTNng">148782.92</dst>
            <dst id="IPLSng">102505.16</dst>
            <dst id="KSCYng">31272.0586666667</dst>
            <dst id="LOSAng">180.381333333333</dst>
            <dst id="NYCMng">245142.413333333</dst>
            <dst id="SNVAng">486.656</dst>
            <dst id="STTLng">1540.44266666667</dst>
            <dst id="WASHng">227744.930666667</dst>
        </src>
        <src id="SNVAng">
            <dst id="ATLA-M5">0</dst>
            <dst id="ATLAng">1136.58133333333</dst>
            <dst id="CHINng">3371.59466666667</dst>
            <dst id="DNVRng">22284.2586666667</dst>
            <dst id="HSTNng">18361.2293333333</dst>
            <dst id="IPLSng">44.7866666666667</dst>
            <dst id="KSCYng">886.048</dst>
            <dst id="LOSAng">36351.312</dst>
            <dst id="NYCMng">11445.6266666667</dst>
            <dst id="SNVAng">15477.5733333333</dst>
            <dst id="STTLng">51668.9706666667</dst>
            <dst id="WASHng">2525.168</dst>
        </src>
        <src id="STTLng">
            <dst id="ATLA-M5">0</dst>
            <dst id="ATLAng">18072.752</dst>
            <dst id="CHINng">24728.1306666667</dst>
            <dst id="DNVRng">10533.3546666667</dst>
            <dst id="HSTNng">66118.9733333333</dst>
            <dst id="IPLSng">913.365333333334</dst>
            <dst id="KSCYng">6427.824</dst>
            <dst id="LOSAng">25285.8506666667</dst>
            <dst id="NYCMng">22787.224</dst>
            <dst id="SNVAng">11349.9013333333</dst>
            <dst id="STTLng">4520.39466666667</dst>
            <dst id="WASHng">43383.9493333333</dst>
        </src>
        <src id="WASHng">
            <dst id="ATLA-M5">0</dst>
            <dst id="ATLAng">136284.245333333</dst>
            <dst id="CHINng">121893.925333333</dst>
            <dst id="DNVRng">6774.048</dst>
            <dst id="HSTNng">377183.813333333</dst>
            <dst id="IPLSng">75036.6133333333</dst>
            <dst id="KSCYng">30406.2053333333</dst>
            <dst id="LOSAng">90.912</dst>
            <dst id="NYCMng">214962.906666667</dst>
            <dst id="SNVAng">632.317333333333</dst>
            <dst id="STTLng">5080.80533333333</dst>
            <dst id="WASHng">365757.146666667</dst>
        </src>
    </IntraTM>
</TrafficMatrixFile>
