<?xml version="1.0" encoding="ISO-8859-1" standalone="yes"?>
<TrafficMatrixFile xsi:noNamespaceSchemaLocation="http://totem.run.montefiore.ulg.ac.be/Schema/TrafficMatrix-v1_2.xsd" xmlns:xsi="http://www.w3.org/2001/XMLSchema-instance">
    <IntraTM ASID="11537">
        <src id="ATLA-M5">
            <dst id="ATLA-M5">26.6666666666667</dst>
            <dst id="ATLAng">301.141333333333</dst>
            <dst id="CHINng">1357.09333333333</dst>
            <dst id="DNVRng">0</dst>
            <dst id="HSTNng">418.48</dst>
            <dst id="IPLSng">1596.42133333333</dst>
            <dst id="KSCYng">0</dst>
            <dst id="LOSAng">0</dst>
            <dst id="NYCMng">2192.16533333333</dst>
            <dst id="SNVAng">0</dst>
            <dst id="STTLng">0</dst>
            <dst id="WASHng">621.456</dst>
        </src>
        <src id="ATLAng">
            <dst id="ATLA-M5">0</dst>
            <dst id="ATLAng">49012.3866666667</dst>
            <dst id="CHINng">45501.6746666667</dst>
            <dst id="DNVRng">0</dst>
            <dst id="HSTNng">3435.024</dst>
            <dst id="IPLSng">29967.6746666667</dst>
            <dst id="KSCYng">0</dst>
            <dst id="LOSAng">26.6666666666667</dst>
            <dst id="NYCMng">53872.5626666667</dst>
            <dst id="SNVAng">0</dst>
            <dst id="STTLng">26.6666666666667</dst>
            <dst id="WASHng">35158.9093333333</dst>
        </src>
        <src id="CHINng">
            <dst id="ATLA-M5">0</dst>
            <dst id="ATLAng">33601.36</dst>
            <dst id="CHINng">36515.4506666667</dst>
            <dst id="DNVRng">0</dst>
            <dst id="HSTNng">23818.1653333333</dst>
            <dst id="IPLSng">78656.336</dst>
            <dst id="KSCYng">53.3333333333333</dst>
            <dst id="LOSAng">171.48</dst>
            <dst id="NYCMng">209251.106666667</dst>
            <dst id="SNVAng">0</dst>
            <dst id="STTLng">894.378666666667</dst>
            <dst id="WASHng">46848.9573333333</dst>
        </src>
        <src id="DNVRng">
            <dst id="ATLA-M5">0</dst>
            <dst id="ATLAng">6936.53866666667</dst>
            <dst id="CHINng">34253.1706666667</dst>
            <dst id="DNVRng">4361.98133333333</dst>
            <dst id="HSTNng">25238.4</dst>
            <dst id="IPLSng">32031.3893333333</dst>
            <dst id="KSCYng">10192.864</dst>
            <dst id="LOSAng">0</dst>
            <dst id="NYCMng">32468.984</dst>
            <dst id="SNVAng">9986.21866666667</dst>
            <dst id="STTLng">106.666666666667</dst>
            <dst id="WASHng">45187.7173333333</dst>
        </src>
        <src id="HSTNng">
            <dst id="ATLA-M5">0</dst>
            <dst id="ATLAng">28286.3466666667</dst>
            <dst id="CHINng">622.709333333333</dst>
            <dst id="DNVRng">0</dst>
            <dst id="HSTNng">294864.96</dst>
            <dst id="IPLSng">106.666666666667</dst>
            <dst id="KSCYng">40</dst>
            <dst id="LOSAng">0</dst>
            <dst id="NYCMng">8233.552</dst>
            <dst id="SNVAng">0</dst>
            <dst id="STTLng">30.56</dst>
            <dst id="WASHng">124388.354666667</dst>
        </src>
        <src id="IPLSng">
            <dst id="ATLA-M5">0</dst>
            <dst id="ATLAng">16212.96</dst>
            <dst id="CHINng">159688.872</dst>
            <dst id="DNVRng">0</dst>
            <dst id="HSTNng">9877.78933333334</dst>
            <dst id="IPLSng">28938.6853333333</dst>
            <dst id="KSCYng">27439.504</dst>
            <dst id="LOSAng">29.1626666666667</dst>
            <dst id="NYCMng">184134.442666667</dst>
            <dst id="SNVAng">152.469333333333</dst>
            <dst id="STTLng">26.6666666666667</dst>
            <dst id="WASHng">34292.3493333333</dst>
        </src>
        <src id="KSCYng">
            <dst id="ATLA-M5">0</dst>
            <dst id="ATLAng">3971.21333333333</dst>
            <dst id="CHINng">19336.3013333333</dst>
            <dst id="DNVRng">7358.784</dst>
            <dst id="HSTNng">20829.384</dst>
            <dst id="IPLSng">11835.416</dst>
            <dst id="KSCYng">5907.968</dst>
            <dst id="LOSAng">0</dst>
            <dst id="NYCMng">17572.9546666667</dst>
            <dst id="SNVAng">0</dst>
            <dst id="STTLng">0</dst>
            <dst id="WASHng">11028.6853333333</dst>
        </src>
        <src id="LOSAng">
            <dst id="ATLA-M5">0</dst>
            <dst id="ATLAng">20972.176</dst>
            <dst id="CHINng">2881.77866666667</dst>
            <dst id="DNVRng">31328.304</dst>
            <dst id="HSTNng">220365.938666667</dst>
            <dst id="IPLSng">289.176</dst>
            <dst id="KSCYng">157.773333333333</dst>
            <dst id="LOSAng">26431.768</dst>
            <dst id="NYCMng">60941.616</dst>
            <dst id="SNVAng">9921.208</dst>
            <dst id="STTLng">20749.6213333333</dst>
            <dst id="WASHng">102820.874666667</dst>
        </src>
        <src id="NYCMng">
            <dst id="ATLA-M5">0</dst>
            <dst id="ATLAng">43504.1786666667</dst>
            <dst id="CHINng">2400.192</dst>
            <dst id="DNVRng">0</dst>
            <dst id="HSTNng">25673.264</dst>
            <dst id="IPLSng">53.3333333333333</dst>
            <dst id="KSCYng">143.349333333333</dst>
            <dst id="LOSAng">26.6666666666667</dst>
            <dst id="NYCMng">534977.76</dst>
            <dst id="SNVAng">0</dst>
            <dst id="STTLng">486.290666666667</dst>
            <dst id="WASHng">100700.888</dst>
        </src>
        <src id="SNVAng">
            <dst id="ATLA-M5">0</dst>
            <dst id="ATLAng">610.768</dst>
            <dst id="CHINng">0</dst>
            <dst id="DNVRng">2481.63466666667</dst>
            <dst id="HSTNng">7585.08533333333</dst>
            <dst id="IPLSng">26.6666666666667</dst>
            <dst id="KSCYng">288.12</dst>
            <dst id="LOSAng">37154.3786666667</dst>
            <dst id="NYCMng">8995.90933333333</dst>
            <dst id="SNVAng">13703.7306666667</dst>
            <dst id="STTLng">55198.1386666667</dst>
            <dst id="WASHng">920.944</dst>
        </src>
        <src id="STTLng">
            <dst id="ATLA-M5">0</dst>
            <dst id="ATLAng">7531.01066666667</dst>
            <dst id="CHINng">1076.81333333333</dst>
            <dst id="DNVRng">5694.18666666667</dst>
            <dst id="HSTNng">23167.1653333333</dst>
            <dst id="IPLSng">358.792</dst>
            <dst id="KSCYng">4521.71733333333</dst>
            <dst id="LOSAng">18680.3386666667</dst>
            <dst id="NYCMng">48611.9493333333</dst>
            <dst id="SNVAng">6283.90133333333</dst>
            <dst id="STTLng">2001.888</dst>
            <dst id="WASHng">31814.128</dst>
        </src>
        <src id="WASHng">
            <dst id="ATLA-M5">0</dst>
            <dst id="ATLAng">99849.784</dst>
            <dst id="CHINng">1086.776</dst>
            <dst id="DNVRng">0</dst>
            <dst id="HSTNng">72520.8906666666</dst>
            <dst id="IPLSng">4759.21066666667</dst>
            <dst id="KSCYng">0</dst>
            <dst id="LOSAng">81.448</dst>
            <dst id="NYCMng">585088.64</dst>
            <dst id="SNVAng">80</dst>
            <dst id="STTLng">235.354666666667</dst>
            <dst id="WASHng">272488.293333333</dst>
        </src>
    </IntraTM>
</TrafficMatrixFile>
