<?xml version="1.0" encoding="ISO-8859-1" standalone="yes"?>
<TrafficMatrixFile xsi:noNamespaceSchemaLocation="http://totem.run.montefiore.ulg.ac.be/Schema/TrafficMatrix-v1_2.xsd" xmlns:xsi="http://www.w3.org/2001/XMLSchema-instance">
    <IntraTM ASID="11537">
        <src id="ATLA-M5">
            <dst id="ATLA-M5">0</dst>
            <dst id="ATLAng">310.232</dst>
            <dst id="CHINng">1067.208</dst>
            <dst id="DNVRng">0</dst>
            <dst id="HSTNng">418.504</dst>
            <dst id="IPLSng">703.181333333333</dst>
            <dst id="KSCYng">0</dst>
            <dst id="LOSAng">0</dst>
            <dst id="NYCMng">1705.73066666667</dst>
            <dst id="SNVAng">0</dst>
            <dst id="STTLng">0</dst>
            <dst id="WASHng">738.261333333333</dst>
        </src>
        <src id="ATLAng">
            <dst id="ATLA-M5">0</dst>
            <dst id="ATLAng">25275.6853333333</dst>
            <dst id="CHINng">47825.8426666667</dst>
            <dst id="DNVRng">0</dst>
            <dst id="HSTNng">3066.42933333333</dst>
            <dst id="IPLSng">35373.3306666667</dst>
            <dst id="KSCYng">0</dst>
            <dst id="LOSAng">0</dst>
            <dst id="NYCMng">47288.928</dst>
            <dst id="SNVAng">26.6666666666667</dst>
            <dst id="STTLng">53.3333333333333</dst>
            <dst id="WASHng">52006.9706666667</dst>
        </src>
        <src id="CHINng">
            <dst id="ATLA-M5">0</dst>
            <dst id="ATLAng">35567.7306666667</dst>
            <dst id="CHINng">34231.92</dst>
            <dst id="DNVRng">0</dst>
            <dst id="HSTNng">20752.6586666667</dst>
            <dst id="IPLSng">67176.752</dst>
            <dst id="KSCYng">26.6666666666667</dst>
            <dst id="LOSAng">108.322666666667</dst>
            <dst id="NYCMng">222365.096</dst>
            <dst id="SNVAng">0</dst>
            <dst id="STTLng">252.882666666667</dst>
            <dst id="WASHng">40530.4613333333</dst>
        </src>
        <src id="DNVRng">
            <dst id="ATLA-M5">0</dst>
            <dst id="ATLAng">8455.888</dst>
            <dst id="CHINng">46124.8106666667</dst>
            <dst id="DNVRng">10585.8986666667</dst>
            <dst id="HSTNng">32921.888</dst>
            <dst id="IPLSng">28066.3173333333</dst>
            <dst id="KSCYng">13493.7333333333</dst>
            <dst id="LOSAng">0</dst>
            <dst id="NYCMng">36246.576</dst>
            <dst id="SNVAng">8806.37066666666</dst>
            <dst id="STTLng">186.666666666667</dst>
            <dst id="WASHng">37083.304</dst>
        </src>
        <src id="HSTNng">
            <dst id="ATLA-M5">0</dst>
            <dst id="ATLAng">26450.9813333333</dst>
            <dst id="CHINng">1162.95466666667</dst>
            <dst id="DNVRng">26.6666666666667</dst>
            <dst id="HSTNng">146475.344</dst>
            <dst id="IPLSng">53.3333333333333</dst>
            <dst id="KSCYng">0</dst>
            <dst id="LOSAng">0</dst>
            <dst id="NYCMng">3323.808</dst>
            <dst id="SNVAng">0</dst>
            <dst id="STTLng">0</dst>
            <dst id="WASHng">117023.096</dst>
        </src>
        <src id="IPLSng">
            <dst id="ATLA-M5">0</dst>
            <dst id="ATLAng">24468.7946666667</dst>
            <dst id="CHINng">115091.029333333</dst>
            <dst id="DNVRng">0</dst>
            <dst id="HSTNng">10505.3413333333</dst>
            <dst id="IPLSng">27704.584</dst>
            <dst id="KSCYng">33520.832</dst>
            <dst id="LOSAng">26.6666666666667</dst>
            <dst id="NYCMng">155383.568</dst>
            <dst id="SNVAng">116.805333333333</dst>
            <dst id="STTLng">82.7733333333333</dst>
            <dst id="WASHng">30283.0293333333</dst>
        </src>
        <src id="KSCYng">
            <dst id="ATLA-M5">0</dst>
            <dst id="ATLAng">4919.44266666667</dst>
            <dst id="CHINng">17866.6533333333</dst>
            <dst id="DNVRng">5860.44533333333</dst>
            <dst id="HSTNng">17513.104</dst>
            <dst id="IPLSng">11741.1813333333</dst>
            <dst id="KSCYng">5448.4</dst>
            <dst id="LOSAng">0</dst>
            <dst id="NYCMng">15549.0106666667</dst>
            <dst id="SNVAng">26.6666666666667</dst>
            <dst id="STTLng">26.6666666666667</dst>
            <dst id="WASHng">11345.2773333333</dst>
        </src>
        <src id="LOSAng">
            <dst id="ATLA-M5">0</dst>
            <dst id="ATLAng">19086.44</dst>
            <dst id="CHINng">3562.74666666667</dst>
            <dst id="DNVRng">22383.008</dst>
            <dst id="HSTNng">124094.84</dst>
            <dst id="IPLSng">683.408</dst>
            <dst id="KSCYng">462.898666666667</dst>
            <dst id="LOSAng">17547.9226666667</dst>
            <dst id="NYCMng">54335.9466666667</dst>
            <dst id="SNVAng">11732.936</dst>
            <dst id="STTLng">22056.7573333333</dst>
            <dst id="WASHng">97387.48</dst>
        </src>
        <src id="NYCMng">
            <dst id="ATLA-M5">0</dst>
            <dst id="ATLAng">34911.8373333333</dst>
            <dst id="CHINng">394.602666666667</dst>
            <dst id="DNVRng">0</dst>
            <dst id="HSTNng">24458.2453333333</dst>
            <dst id="IPLSng">26.6666666666667</dst>
            <dst id="KSCYng">71.5626666666667</dst>
            <dst id="LOSAng">231.458666666667</dst>
            <dst id="NYCMng">518410.64</dst>
            <dst id="SNVAng">0</dst>
            <dst id="STTLng">127.072</dst>
            <dst id="WASHng">97182.9226666667</dst>
        </src>
        <src id="SNVAng">
            <dst id="ATLA-M5">0</dst>
            <dst id="ATLAng">683.536</dst>
            <dst id="CHINng">114.034666666667</dst>
            <dst id="DNVRng">2550.128</dst>
            <dst id="HSTNng">12994.536</dst>
            <dst id="IPLSng">0</dst>
            <dst id="KSCYng">250.994666666667</dst>
            <dst id="LOSAng">39139.6</dst>
            <dst id="NYCMng">4784.29866666667</dst>
            <dst id="SNVAng">15707.2826666667</dst>
            <dst id="STTLng">55694.24</dst>
            <dst id="WASHng">517.514666666667</dst>
        </src>
        <src id="STTLng">
            <dst id="ATLA-M5">0</dst>
            <dst id="ATLAng">8692.76</dst>
            <dst id="CHINng">1080.17066666667</dst>
            <dst id="DNVRng">10012.7946666667</dst>
            <dst id="HSTNng">20040.5493333333</dst>
            <dst id="IPLSng">162.621333333333</dst>
            <dst id="KSCYng">4237.76</dst>
            <dst id="LOSAng">21797.056</dst>
            <dst id="NYCMng">50488.3253333333</dst>
            <dst id="SNVAng">5128.728</dst>
            <dst id="STTLng">7497.17066666667</dst>
            <dst id="WASHng">34415.2506666667</dst>
        </src>
        <src id="WASHng">
            <dst id="ATLA-M5">0</dst>
            <dst id="ATLAng">100308.24</dst>
            <dst id="CHINng">8179.48533333333</dst>
            <dst id="DNVRng">0</dst>
            <dst id="HSTNng">72399.5333333333</dst>
            <dst id="IPLSng">174.613333333333</dst>
            <dst id="KSCYng">5243.808</dst>
            <dst id="LOSAng">0</dst>
            <dst id="NYCMng">546961.12</dst>
            <dst id="SNVAng">0</dst>
            <dst id="STTLng">336.776</dst>
            <dst id="WASHng">279324.72</dst>
        </src>
    </IntraTM>
</TrafficMatrixFile>
