<?xml version="1.0" encoding="ISO-8859-1" standalone="yes"?>
<TrafficMatrixFile xsi:noNamespaceSchemaLocation="http://totem.run.montefiore.ulg.ac.be/Schema/TrafficMatrix-v1_2.xsd" xmlns:xsi="http://www.w3.org/2001/XMLSchema-instance">
    <IntraTM ASID="11537">
        <src id="ATLA-M5">
            <dst id="ATLA-M5">0</dst>
            <dst id="ATLAng">1725.232</dst>
            <dst id="CHINng">876.832</dst>
            <dst id="DNVRng">0</dst>
            <dst id="HSTNng">120.296</dst>
            <dst id="IPLSng">151.8</dst>
            <dst id="KSCYng">0</dst>
            <dst id="LOSAng">0</dst>
            <dst id="NYCMng">2765.07733333333</dst>
            <dst id="SNVAng">0</dst>
            <dst id="STTLng">0</dst>
            <dst id="WASHng">2077.47733333333</dst>
        </src>
        <src id="ATLAng">
            <dst id="ATLA-M5">0</dst>
            <dst id="ATLAng">22210.52</dst>
            <dst id="CHINng">35224.9973333333</dst>
            <dst id="DNVRng">0</dst>
            <dst id="HSTNng">3494.34666666667</dst>
            <dst id="IPLSng">26666.1866666667</dst>
            <dst id="KSCYng">26.6666666666667</dst>
            <dst id="LOSAng">0</dst>
            <dst id="NYCMng">39005.264</dst>
            <dst id="SNVAng">0</dst>
            <dst id="STTLng">0</dst>
            <dst id="WASHng">43033.9093333333</dst>
        </src>
        <src id="CHINng">
            <dst id="ATLA-M5">0</dst>
            <dst id="ATLAng">34543.3386666667</dst>
            <dst id="CHINng">30173.632</dst>
            <dst id="DNVRng">0</dst>
            <dst id="HSTNng">12051.9893333333</dst>
            <dst id="IPLSng">46134.072</dst>
            <dst id="KSCYng">53.3333333333333</dst>
            <dst id="LOSAng">53.3333333333333</dst>
            <dst id="NYCMng">214268.152</dst>
            <dst id="SNVAng">0</dst>
            <dst id="STTLng">1914.85066666667</dst>
            <dst id="WASHng">35308.7733333333</dst>
        </src>
        <src id="DNVRng">
            <dst id="ATLA-M5">0</dst>
            <dst id="ATLAng">6234.984</dst>
            <dst id="CHINng">32830.304</dst>
            <dst id="DNVRng">18632.1733333333</dst>
            <dst id="HSTNng">35797.1226666667</dst>
            <dst id="IPLSng">32090.264</dst>
            <dst id="KSCYng">23137.1066666667</dst>
            <dst id="LOSAng">43.7946666666667</dst>
            <dst id="NYCMng">41060.7893333333</dst>
            <dst id="SNVAng">14122.4853333333</dst>
            <dst id="STTLng">80</dst>
            <dst id="WASHng">35959.592</dst>
        </src>
        <src id="HSTNng">
            <dst id="ATLA-M5">0</dst>
            <dst id="ATLAng">37645.9733333333</dst>
            <dst id="CHINng">1439.77333333333</dst>
            <dst id="DNVRng">53.3333333333333</dst>
            <dst id="HSTNng">114892.053333333</dst>
            <dst id="IPLSng">80</dst>
            <dst id="KSCYng">26.6666666666667</dst>
            <dst id="LOSAng">0</dst>
            <dst id="NYCMng">4182.18933333333</dst>
            <dst id="SNVAng">26.6666666666667</dst>
            <dst id="STTLng">0</dst>
            <dst id="WASHng">109273.101333333</dst>
        </src>
        <src id="IPLSng">
            <dst id="ATLA-M5">0</dst>
            <dst id="ATLAng">14307.64</dst>
            <dst id="CHINng">118342.336</dst>
            <dst id="DNVRng">0</dst>
            <dst id="HSTNng">11547.728</dst>
            <dst id="IPLSng">22050.2853333333</dst>
            <dst id="KSCYng">30830.6773333333</dst>
            <dst id="LOSAng">0</dst>
            <dst id="NYCMng">127769.712</dst>
            <dst id="SNVAng">53.3333333333333</dst>
            <dst id="STTLng">26.6666666666667</dst>
            <dst id="WASHng">31631.592</dst>
        </src>
        <src id="KSCYng">
            <dst id="ATLA-M5">0</dst>
            <dst id="ATLAng">2877.096</dst>
            <dst id="CHINng">15351.664</dst>
            <dst id="DNVRng">7747.42133333333</dst>
            <dst id="HSTNng">17944.776</dst>
            <dst id="IPLSng">10633.248</dst>
            <dst id="KSCYng">11002.192</dst>
            <dst id="LOSAng">0</dst>
            <dst id="NYCMng">20864.2853333333</dst>
            <dst id="SNVAng">0</dst>
            <dst id="STTLng">26.6666666666667</dst>
            <dst id="WASHng">10865.176</dst>
        </src>
        <src id="LOSAng">
            <dst id="ATLA-M5">0</dst>
            <dst id="ATLAng">31192.9066666667</dst>
            <dst id="CHINng">1903.37066666667</dst>
            <dst id="DNVRng">9250.704</dst>
            <dst id="HSTNng">88837</dst>
            <dst id="IPLSng">572.661333333333</dst>
            <dst id="KSCYng">180.144</dst>
            <dst id="LOSAng">18960.496</dst>
            <dst id="NYCMng">58736.576</dst>
            <dst id="SNVAng">16061.2106666667</dst>
            <dst id="STTLng">19495.7733333333</dst>
            <dst id="WASHng">89434.8453333333</dst>
        </src>
        <src id="NYCMng">
            <dst id="ATLA-M5">0</dst>
            <dst id="ATLAng">29045.784</dst>
            <dst id="CHINng">3414.23733333333</dst>
            <dst id="DNVRng">0</dst>
            <dst id="HSTNng">23034.992</dst>
            <dst id="IPLSng">120.48</dst>
            <dst id="KSCYng">166.365333333333</dst>
            <dst id="LOSAng">155.962666666667</dst>
            <dst id="NYCMng">441798.746666667</dst>
            <dst id="SNVAng">53.3333333333333</dst>
            <dst id="STTLng">756.213333333333</dst>
            <dst id="WASHng">86788.6053333333</dst>
        </src>
        <src id="SNVAng">
            <dst id="ATLA-M5">0</dst>
            <dst id="ATLAng">1062.008</dst>
            <dst id="CHINng">53.3333333333333</dst>
            <dst id="DNVRng">2321.86666666667</dst>
            <dst id="HSTNng">4163.30933333333</dst>
            <dst id="IPLSng">87.9013333333333</dst>
            <dst id="KSCYng">567.728</dst>
            <dst id="LOSAng">36869.9573333333</dst>
            <dst id="NYCMng">4541.896</dst>
            <dst id="SNVAng">15199.6453333333</dst>
            <dst id="STTLng">57911.912</dst>
            <dst id="WASHng">676.093333333333</dst>
        </src>
        <src id="STTLng">
            <dst id="ATLA-M5">0</dst>
            <dst id="ATLAng">8575.16266666667</dst>
            <dst id="CHINng">484.290666666667</dst>
            <dst id="DNVRng">9837.18933333333</dst>
            <dst id="HSTNng">16688.4746666667</dst>
            <dst id="IPLSng">237.253333333333</dst>
            <dst id="KSCYng">4093.176</dst>
            <dst id="LOSAng">20443.52</dst>
            <dst id="NYCMng">49548.984</dst>
            <dst id="SNVAng">6737.32266666667</dst>
            <dst id="STTLng">6362.624</dst>
            <dst id="WASHng">28227.2213333333</dst>
        </src>
        <src id="WASHng">
            <dst id="ATLA-M5">0</dst>
            <dst id="ATLAng">94610.68</dst>
            <dst id="CHINng">132.472</dst>
            <dst id="DNVRng">0</dst>
            <dst id="HSTNng">70789.7946666667</dst>
            <dst id="IPLSng">126.024</dst>
            <dst id="KSCYng">26.6666666666667</dst>
            <dst id="LOSAng">404.917333333333</dst>
            <dst id="NYCMng">492147.146666667</dst>
            <dst id="SNVAng">26.6666666666667</dst>
            <dst id="STTLng">1008</dst>
            <dst id="WASHng">262090.8</dst>
        </src>
    </IntraTM>
</TrafficMatrixFile>
