<?xml version="1.0" encoding="ISO-8859-1" standalone="yes"?>
<TrafficMatrixFile xsi:noNamespaceSchemaLocation="http://totem.run.montefiore.ulg.ac.be/Schema/TrafficMatrix-v1_2.xsd" xmlns:xsi="http://www.w3.org/2001/XMLSchema-instance">
    <IntraTM ASID="11537">
        <src id="ATLA-M5">
            <dst id="ATLA-M5">1810.552</dst>
            <dst id="ATLAng">250.130666666667</dst>
            <dst id="CHINng">1838.34933333333</dst>
            <dst id="DNVRng">0</dst>
            <dst id="HSTNng">173.701333333333</dst>
            <dst id="IPLSng">372.656</dst>
            <dst id="KSCYng">36</dst>
            <dst id="LOSAng">0</dst>
            <dst id="NYCMng">604.514666666667</dst>
            <dst id="SNVAng">0</dst>
            <dst id="STTLng">0</dst>
            <dst id="WASHng">2496.568</dst>
        </src>
        <src id="ATLAng">
            <dst id="ATLA-M5">0</dst>
            <dst id="ATLAng">47869.5226666667</dst>
            <dst id="CHINng">17230.8613333333</dst>
            <dst id="DNVRng">0</dst>
            <dst id="HSTNng">4958.95466666667</dst>
            <dst id="IPLSng">25329.9573333333</dst>
            <dst id="KSCYng">88.696</dst>
            <dst id="LOSAng">29.0666666666667</dst>
            <dst id="NYCMng">40761.5093333333</dst>
            <dst id="SNVAng">0</dst>
            <dst id="STTLng">26.6666666666667</dst>
            <dst id="WASHng">39127.48</dst>
        </src>
        <src id="CHINng">
            <dst id="ATLA-M5">0</dst>
            <dst id="ATLAng">20320.1733333333</dst>
            <dst id="CHINng">26121.4373333333</dst>
            <dst id="DNVRng">0</dst>
            <dst id="HSTNng">10628.9306666667</dst>
            <dst id="IPLSng">39304.7493333333</dst>
            <dst id="KSCYng">0</dst>
            <dst id="LOSAng">67.1706666666667</dst>
            <dst id="NYCMng">155786.746666667</dst>
            <dst id="SNVAng">0</dst>
            <dst id="STTLng">1192.208</dst>
            <dst id="WASHng">24830.8826666667</dst>
        </src>
        <src id="DNVRng">
            <dst id="ATLA-M5">0</dst>
            <dst id="ATLAng">7710.328</dst>
            <dst id="CHINng">28266.3226666667</dst>
            <dst id="DNVRng">15335.5946666667</dst>
            <dst id="HSTNng">30504.1093333333</dst>
            <dst id="IPLSng">41183.7386666667</dst>
            <dst id="KSCYng">14434.824</dst>
            <dst id="LOSAng">0</dst>
            <dst id="NYCMng">41163.4026666667</dst>
            <dst id="SNVAng">10255.8506666667</dst>
            <dst id="STTLng">2017.20533333333</dst>
            <dst id="WASHng">44838.4266666667</dst>
        </src>
        <src id="HSTNng">
            <dst id="ATLA-M5">0</dst>
            <dst id="ATLAng">44517.76</dst>
            <dst id="CHINng">2114.63733333333</dst>
            <dst id="DNVRng">66.1066666666667</dst>
            <dst id="HSTNng">187218.997333333</dst>
            <dst id="IPLSng">26.6666666666667</dst>
            <dst id="KSCYng">0</dst>
            <dst id="LOSAng">26.6666666666667</dst>
            <dst id="NYCMng">5248.352</dst>
            <dst id="SNVAng">80</dst>
            <dst id="STTLng">0</dst>
            <dst id="WASHng">83339.1466666667</dst>
        </src>
        <src id="IPLSng">
            <dst id="ATLA-M5">0</dst>
            <dst id="ATLAng">13449.7706666667</dst>
            <dst id="CHINng">86927.1946666667</dst>
            <dst id="DNVRng">0</dst>
            <dst id="HSTNng">9902.144</dst>
            <dst id="IPLSng">30957.2266666667</dst>
            <dst id="KSCYng">16969.0053333333</dst>
            <dst id="LOSAng">26.6666666666667</dst>
            <dst id="NYCMng">138288.341333333</dst>
            <dst id="SNVAng">0</dst>
            <dst id="STTLng">0</dst>
            <dst id="WASHng">39183.3386666667</dst>
        </src>
        <src id="KSCYng">
            <dst id="ATLA-M5">0</dst>
            <dst id="ATLAng">6282.33333333333</dst>
            <dst id="CHINng">16177.472</dst>
            <dst id="DNVRng">6967.89066666667</dst>
            <dst id="HSTNng">12449.4213333333</dst>
            <dst id="IPLSng">10236.3893333333</dst>
            <dst id="KSCYng">12748.1466666667</dst>
            <dst id="LOSAng">0</dst>
            <dst id="NYCMng">19956.6053333333</dst>
            <dst id="SNVAng">80</dst>
            <dst id="STTLng">0</dst>
            <dst id="WASHng">6858.70666666667</dst>
        </src>
        <src id="LOSAng">
            <dst id="ATLA-M5">0</dst>
            <dst id="ATLAng">42874.8453333333</dst>
            <dst id="CHINng">2375.368</dst>
            <dst id="DNVRng">11998.2933333333</dst>
            <dst id="HSTNng">88337.496</dst>
            <dst id="IPLSng">614.954666666667</dst>
            <dst id="KSCYng">220.277333333333</dst>
            <dst id="LOSAng">22208.968</dst>
            <dst id="NYCMng">72212.1146666667</dst>
            <dst id="SNVAng">9313.296</dst>
            <dst id="STTLng">19576.808</dst>
            <dst id="WASHng">67736.9466666667</dst>
        </src>
        <src id="NYCMng">
            <dst id="ATLA-M5">0</dst>
            <dst id="ATLAng">31228.808</dst>
            <dst id="CHINng">1434.88</dst>
            <dst id="DNVRng">0</dst>
            <dst id="HSTNng">9175.05066666666</dst>
            <dst id="IPLSng">107.074666666667</dst>
            <dst id="KSCYng">126.258666666667</dst>
            <dst id="LOSAng">859.245333333333</dst>
            <dst id="NYCMng">394168.88</dst>
            <dst id="SNVAng">53.3333333333333</dst>
            <dst id="STTLng">651.466666666667</dst>
            <dst id="WASHng">81706.544</dst>
        </src>
        <src id="SNVAng">
            <dst id="ATLA-M5">0</dst>
            <dst id="ATLAng">976.12</dst>
            <dst id="CHINng">26.6666666666667</dst>
            <dst id="DNVRng">7270.168</dst>
            <dst id="HSTNng">2000.26933333333</dst>
            <dst id="IPLSng">0</dst>
            <dst id="KSCYng">57.8213333333333</dst>
            <dst id="LOSAng">34135.4426666667</dst>
            <dst id="NYCMng">4573.056</dst>
            <dst id="SNVAng">16207.624</dst>
            <dst id="STTLng">53779.4213333333</dst>
            <dst id="WASHng">421.976</dst>
        </src>
        <src id="STTLng">
            <dst id="ATLA-M5">0</dst>
            <dst id="ATLAng">7252.95733333333</dst>
            <dst id="CHINng">540.448</dst>
            <dst id="DNVRng">4096.51466666667</dst>
            <dst id="HSTNng">19317.432</dst>
            <dst id="IPLSng">162.221333333333</dst>
            <dst id="KSCYng">4118</dst>
            <dst id="LOSAng">13091.328</dst>
            <dst id="NYCMng">44518.208</dst>
            <dst id="SNVAng">6677.544</dst>
            <dst id="STTLng">4477.064</dst>
            <dst id="WASHng">32601.8506666667</dst>
        </src>
        <src id="WASHng">
            <dst id="ATLA-M5">0</dst>
            <dst id="ATLAng">125061.861333333</dst>
            <dst id="CHINng">716.728</dst>
            <dst id="DNVRng">0</dst>
            <dst id="HSTNng">77215.808</dst>
            <dst id="IPLSng">194.506666666667</dst>
            <dst id="KSCYng">26.6666666666667</dst>
            <dst id="LOSAng">26.6666666666667</dst>
            <dst id="NYCMng">485376.506666667</dst>
            <dst id="SNVAng">26.6666666666667</dst>
            <dst id="STTLng">26.6666666666667</dst>
            <dst id="WASHng">291201.013333333</dst>
        </src>
    </IntraTM>
</TrafficMatrixFile>
