<?xml version="1.0" encoding="ISO-8859-1" standalone="yes"?>
<TrafficMatrixFile xsi:noNamespaceSchemaLocation="http://totem.run.montefiore.ulg.ac.be/Schema/TrafficMatrix-v1_2.xsd" xmlns:xsi="http://www.w3.org/2001/XMLSchema-instance">
    <IntraTM ASID="11537">
        <src id="ATLA-M5">
            <dst id="ATLA-M5">53.3333333333333</dst>
            <dst id="ATLAng">186.597333333333</dst>
            <dst id="CHINng">2530.672</dst>
            <dst id="DNVRng">0</dst>
            <dst id="HSTNng">2742.09066666667</dst>
            <dst id="IPLSng">661.648</dst>
            <dst id="KSCYng">1343.18933333333</dst>
            <dst id="LOSAng">0</dst>
            <dst id="NYCMng">617.330666666667</dst>
            <dst id="SNVAng">0</dst>
            <dst id="STTLng">53.3333333333333</dst>
            <dst id="WASHng">1099.04533333333</dst>
        </src>
        <src id="ATLAng">
            <dst id="ATLA-M5">0</dst>
            <dst id="ATLAng">24700.8746666667</dst>
            <dst id="CHINng">25607.776</dst>
            <dst id="DNVRng">62.664</dst>
            <dst id="HSTNng">66852.824</dst>
            <dst id="IPLSng">34537.7226666667</dst>
            <dst id="KSCYng">8398.77866666667</dst>
            <dst id="LOSAng">500.970666666667</dst>
            <dst id="NYCMng">25394.9973333333</dst>
            <dst id="SNVAng">26.6666666666667</dst>
            <dst id="STTLng">82.0906666666667</dst>
            <dst id="WASHng">51649.376</dst>
        </src>
        <src id="CHINng">
            <dst id="ATLA-M5">0</dst>
            <dst id="ATLAng">33309.72</dst>
            <dst id="CHINng">106570.293333333</dst>
            <dst id="DNVRng">26117.5653333333</dst>
            <dst id="HSTNng">151861.309333333</dst>
            <dst id="IPLSng">81487.136</dst>
            <dst id="KSCYng">20926.7786666667</dst>
            <dst id="LOSAng">187.856</dst>
            <dst id="NYCMng">41760.3093333333</dst>
            <dst id="SNVAng">0</dst>
            <dst id="STTLng">1230.392</dst>
            <dst id="WASHng">45335.112</dst>
        </src>
        <src id="DNVRng">
            <dst id="ATLA-M5">0</dst>
            <dst id="ATLAng">8941.72533333333</dst>
            <dst id="CHINng">50612.584</dst>
            <dst id="DNVRng">21317.2053333333</dst>
            <dst id="HSTNng">58689.296</dst>
            <dst id="IPLSng">28047.1626666667</dst>
            <dst id="KSCYng">20527.7866666667</dst>
            <dst id="LOSAng">0</dst>
            <dst id="NYCMng">23724.2666666667</dst>
            <dst id="SNVAng">14672.0666666667</dst>
            <dst id="STTLng">1842.21066666667</dst>
            <dst id="WASHng">49562.2613333333</dst>
        </src>
        <src id="HSTNng">
            <dst id="ATLA-M5">0</dst>
            <dst id="ATLAng">39732.9093333333</dst>
            <dst id="CHINng">2096.44</dst>
            <dst id="DNVRng">32</dst>
            <dst id="HSTNng">152692.485333333</dst>
            <dst id="IPLSng">26.6666666666667</dst>
            <dst id="KSCYng">26.6666666666667</dst>
            <dst id="LOSAng">26.6666666666667</dst>
            <dst id="NYCMng">7666.82666666667</dst>
            <dst id="SNVAng">0</dst>
            <dst id="STTLng">257.605333333333</dst>
            <dst id="WASHng">120984.090666667</dst>
        </src>
        <src id="IPLSng">
            <dst id="ATLA-M5">0</dst>
            <dst id="ATLAng">37278.28</dst>
            <dst id="CHINng">117980.888</dst>
            <dst id="DNVRng">10413.0933333333</dst>
            <dst id="HSTNng">59546.1653333333</dst>
            <dst id="IPLSng">48091.328</dst>
            <dst id="KSCYng">23182.1333333333</dst>
            <dst id="LOSAng">0</dst>
            <dst id="NYCMng">56876.512</dst>
            <dst id="SNVAng">142.808</dst>
            <dst id="STTLng">658.434666666667</dst>
            <dst id="WASHng">40329.1013333333</dst>
        </src>
        <src id="KSCYng">
            <dst id="ATLA-M5">0</dst>
            <dst id="ATLAng">7370.38666666667</dst>
            <dst id="CHINng">28147.6293333333</dst>
            <dst id="DNVRng">8591.65333333333</dst>
            <dst id="HSTNng">25634.424</dst>
            <dst id="IPLSng">12022.92</dst>
            <dst id="KSCYng">5408.768</dst>
            <dst id="LOSAng">0</dst>
            <dst id="NYCMng">15794.752</dst>
            <dst id="SNVAng">0</dst>
            <dst id="STTLng">287.237333333333</dst>
            <dst id="WASHng">15297.2933333333</dst>
        </src>
        <src id="LOSAng">
            <dst id="ATLA-M5">0</dst>
            <dst id="ATLAng">28514.7946666667</dst>
            <dst id="CHINng">8583.048</dst>
            <dst id="DNVRng">13766.016</dst>
            <dst id="HSTNng">185337.848</dst>
            <dst id="IPLSng">267.962666666667</dst>
            <dst id="KSCYng">158.258666666667</dst>
            <dst id="LOSAng">45366</dst>
            <dst id="NYCMng">74622.9253333333</dst>
            <dst id="SNVAng">17050.32</dst>
            <dst id="STTLng">28626.6</dst>
            <dst id="WASHng">105261.648</dst>
        </src>
        <src id="NYCMng">
            <dst id="ATLA-M5">0</dst>
            <dst id="ATLAng">39316.3626666667</dst>
            <dst id="CHINng">91391.4266666667</dst>
            <dst id="DNVRng">49529.3813333333</dst>
            <dst id="HSTNng">168853.541333333</dst>
            <dst id="IPLSng">73470.168</dst>
            <dst id="KSCYng">34623.6186666667</dst>
            <dst id="LOSAng">574.288</dst>
            <dst id="NYCMng">260886.573333333</dst>
            <dst id="SNVAng">53.3333333333333</dst>
            <dst id="STTLng">4004.42133333333</dst>
            <dst id="WASHng">132714.674666667</dst>
        </src>
        <src id="SNVAng">
            <dst id="ATLA-M5">0</dst>
            <dst id="ATLAng">1854.176</dst>
            <dst id="CHINng">2927.31466666667</dst>
            <dst id="DNVRng">14635.4773333333</dst>
            <dst id="HSTNng">7557.984</dst>
            <dst id="IPLSng">0</dst>
            <dst id="KSCYng">641.784</dst>
            <dst id="LOSAng">38404.8746666667</dst>
            <dst id="NYCMng">6778.136</dst>
            <dst id="SNVAng">16229.1413333333</dst>
            <dst id="STTLng">52179.1413333333</dst>
            <dst id="WASHng">1497.928</dst>
        </src>
        <src id="STTLng">
            <dst id="ATLA-M5">0</dst>
            <dst id="ATLAng">13310.9093333333</dst>
            <dst id="CHINng">22065.9893333333</dst>
            <dst id="DNVRng">6889.73866666667</dst>
            <dst id="HSTNng">38844.4613333333</dst>
            <dst id="IPLSng">350.290666666667</dst>
            <dst id="KSCYng">5267.12</dst>
            <dst id="LOSAng">34788.9786666667</dst>
            <dst id="NYCMng">22467.0453333333</dst>
            <dst id="SNVAng">6230.26933333333</dst>
            <dst id="STTLng">7889.17866666666</dst>
            <dst id="WASHng">37833.6373333333</dst>
        </src>
        <src id="WASHng">
            <dst id="ATLA-M5">0</dst>
            <dst id="ATLAng">152803.933333333</dst>
            <dst id="CHINng">101269.866666667</dst>
            <dst id="DNVRng">6939.84533333333</dst>
            <dst id="HSTNng">321250.186666667</dst>
            <dst id="IPLSng">66836.1253333333</dst>
            <dst id="KSCYng">18059.648</dst>
            <dst id="LOSAng">167.338666666667</dst>
            <dst id="NYCMng">213312.152</dst>
            <dst id="SNVAng">266.669333333333</dst>
            <dst id="STTLng">3583.74133333333</dst>
            <dst id="WASHng">291812.026666667</dst>
        </src>
    </IntraTM>
</TrafficMatrixFile>
