<?xml version="1.0" encoding="ISO-8859-1" standalone="yes"?>
<TrafficMatrixFile xsi:noNamespaceSchemaLocation="http://totem.run.montefiore.ulg.ac.be/Schema/TrafficMatrix-v1_2.xsd" xmlns:xsi="http://www.w3.org/2001/XMLSchema-instance">
    <IntraTM ASID="11537">
        <src id="ATLA-M5">
            <dst id="ATLA-M5">0</dst>
            <dst id="ATLAng">144.330666666667</dst>
            <dst id="CHINng">315.885333333333</dst>
            <dst id="DNVRng">0</dst>
            <dst id="HSTNng">1853.10133333333</dst>
            <dst id="IPLSng">372.565333333333</dst>
            <dst id="KSCYng">26.6666666666667</dst>
            <dst id="LOSAng">0</dst>
            <dst id="NYCMng">575.968</dst>
            <dst id="SNVAng">0</dst>
            <dst id="STTLng">0</dst>
            <dst id="WASHng">2314.54666666667</dst>
        </src>
        <src id="ATLAng">
            <dst id="ATLA-M5">0</dst>
            <dst id="ATLAng">31376.456</dst>
            <dst id="CHINng">18206.6293333333</dst>
            <dst id="DNVRng">26.6666666666667</dst>
            <dst id="HSTNng">35905.3093333333</dst>
            <dst id="IPLSng">20838.704</dst>
            <dst id="KSCYng">2879.55466666667</dst>
            <dst id="LOSAng">0</dst>
            <dst id="NYCMng">21971.0506666667</dst>
            <dst id="SNVAng">53.3333333333333</dst>
            <dst id="STTLng">1306.03733333333</dst>
            <dst id="WASHng">67332.0346666667</dst>
        </src>
        <src id="CHINng">
            <dst id="ATLA-M5">0</dst>
            <dst id="ATLAng">26356.312</dst>
            <dst id="CHINng">144150.402666667</dst>
            <dst id="DNVRng">14095.4693333333</dst>
            <dst id="HSTNng">100041.986666667</dst>
            <dst id="IPLSng">41704.0746666667</dst>
            <dst id="KSCYng">9052.776</dst>
            <dst id="LOSAng">382.010666666667</dst>
            <dst id="NYCMng">26424.3413333333</dst>
            <dst id="SNVAng">26.6666666666667</dst>
            <dst id="STTLng">1862.67733333333</dst>
            <dst id="WASHng">35639.552</dst>
        </src>
        <src id="DNVRng">
            <dst id="ATLA-M5">0</dst>
            <dst id="ATLAng">6314.91733333333</dst>
            <dst id="CHINng">62765.8693333333</dst>
            <dst id="DNVRng">2950.81066666667</dst>
            <dst id="HSTNng">26284.4133333333</dst>
            <dst id="IPLSng">26011.064</dst>
            <dst id="KSCYng">8510.97066666667</dst>
            <dst id="LOSAng">26.6666666666667</dst>
            <dst id="NYCMng">24508.4933333333</dst>
            <dst id="SNVAng">8445.64</dst>
            <dst id="STTLng">26.6666666666667</dst>
            <dst id="WASHng">40718.3626666667</dst>
        </src>
        <src id="HSTNng">
            <dst id="ATLA-M5">0</dst>
            <dst id="ATLAng">28419.5413333333</dst>
            <dst id="CHINng">3532.11733333333</dst>
            <dst id="DNVRng">0</dst>
            <dst id="HSTNng">120287.56</dst>
            <dst id="IPLSng">26.6666666666667</dst>
            <dst id="KSCYng">0</dst>
            <dst id="LOSAng">0</dst>
            <dst id="NYCMng">6288.59733333333</dst>
            <dst id="SNVAng">26.6666666666667</dst>
            <dst id="STTLng">125.44</dst>
            <dst id="WASHng">95382.272</dst>
        </src>
        <src id="IPLSng">
            <dst id="ATLA-M5">0</dst>
            <dst id="ATLAng">24759.1626666667</dst>
            <dst id="CHINng">159434.216</dst>
            <dst id="DNVRng">11100.544</dst>
            <dst id="HSTNng">117336.994666667</dst>
            <dst id="IPLSng">32560.464</dst>
            <dst id="KSCYng">20509.08</dst>
            <dst id="LOSAng">0</dst>
            <dst id="NYCMng">23560.5946666667</dst>
            <dst id="SNVAng">76.1013333333333</dst>
            <dst id="STTLng">167.68</dst>
            <dst id="WASHng">23236.3253333333</dst>
        </src>
        <src id="KSCYng">
            <dst id="ATLA-M5">0</dst>
            <dst id="ATLAng">5824.70133333333</dst>
            <dst id="CHINng">34516.8186666667</dst>
            <dst id="DNVRng">8370.856</dst>
            <dst id="HSTNng">18057.32</dst>
            <dst id="IPLSng">11442.6453333333</dst>
            <dst id="KSCYng">5731.53333333333</dst>
            <dst id="LOSAng">0</dst>
            <dst id="NYCMng">9930.50933333333</dst>
            <dst id="SNVAng">0</dst>
            <dst id="STTLng">0</dst>
            <dst id="WASHng">11923.8266666667</dst>
        </src>
        <src id="LOSAng">
            <dst id="ATLA-M5">0</dst>
            <dst id="ATLAng">20991.4106666667</dst>
            <dst id="CHINng">10299.1333333333</dst>
            <dst id="DNVRng">9005.01066666667</dst>
            <dst id="HSTNng">154451.373333333</dst>
            <dst id="IPLSng">741.784</dst>
            <dst id="KSCYng">80</dst>
            <dst id="LOSAng">25864.504</dst>
            <dst id="NYCMng">52065.5946666667</dst>
            <dst id="SNVAng">13456.8933333333</dst>
            <dst id="STTLng">25585.7786666667</dst>
            <dst id="WASHng">89621.752</dst>
        </src>
        <src id="NYCMng">
            <dst id="ATLA-M5">0</dst>
            <dst id="ATLAng">31814.6213333333</dst>
            <dst id="CHINng">73318.1866666667</dst>
            <dst id="DNVRng">35291.7466666667</dst>
            <dst id="HSTNng">95846.1013333333</dst>
            <dst id="IPLSng">65199.752</dst>
            <dst id="KSCYng">15294.6373333333</dst>
            <dst id="LOSAng">111.341333333333</dst>
            <dst id="NYCMng">215665.325333333</dst>
            <dst id="SNVAng">53.3333333333333</dst>
            <dst id="STTLng">4422.712</dst>
            <dst id="WASHng">78720.664</dst>
        </src>
        <src id="SNVAng">
            <dst id="ATLA-M5">0</dst>
            <dst id="ATLAng">160</dst>
            <dst id="CHINng">486.496</dst>
            <dst id="DNVRng">5285.55733333333</dst>
            <dst id="HSTNng">5239.76266666667</dst>
            <dst id="IPLSng">0</dst>
            <dst id="KSCYng">414.64</dst>
            <dst id="LOSAng">30083.5573333333</dst>
            <dst id="NYCMng">4256.776</dst>
            <dst id="SNVAng">15723.496</dst>
            <dst id="STTLng">51154.8133333333</dst>
            <dst id="WASHng">452.501333333333</dst>
        </src>
        <src id="STTLng">
            <dst id="ATLA-M5">0</dst>
            <dst id="ATLAng">8622.34133333334</dst>
            <dst id="CHINng">25197.8693333333</dst>
            <dst id="DNVRng">4431.6</dst>
            <dst id="HSTNng">43884.872</dst>
            <dst id="IPLSng">318.970666666667</dst>
            <dst id="KSCYng">2231.21333333333</dst>
            <dst id="LOSAng">17197.896</dst>
            <dst id="NYCMng">13331.0613333333</dst>
            <dst id="SNVAng">5780.52533333333</dst>
            <dst id="STTLng">2366.77333333333</dst>
            <dst id="WASHng">29649.28</dst>
        </src>
        <src id="WASHng">
            <dst id="ATLA-M5">0</dst>
            <dst id="ATLAng">158961.138666667</dst>
            <dst id="CHINng">60256.5466666667</dst>
            <dst id="DNVRng">4258.048</dst>
            <dst id="HSTNng">281435.066666667</dst>
            <dst id="IPLSng">51175.1093333333</dst>
            <dst id="KSCYng">12236.8666666667</dst>
            <dst id="LOSAng">57.1946666666667</dst>
            <dst id="NYCMng">169197.314666667</dst>
            <dst id="SNVAng">139.789333333333</dst>
            <dst id="STTLng">6906.16266666667</dst>
            <dst id="WASHng">374182.133333333</dst>
        </src>
    </IntraTM>
</TrafficMatrixFile>
