<?xml version="1.0" encoding="ISO-8859-1" standalone="yes"?>
<TrafficMatrixFile xsi:noNamespaceSchemaLocation="http://totem.run.montefiore.ulg.ac.be/Schema/TrafficMatrix-v1_2.xsd" xmlns:xsi="http://www.w3.org/2001/XMLSchema-instance">
    <IntraTM ASID="11537">
        <src id="ATLA-M5">
            <dst id="ATLA-M5">0</dst>
            <dst id="ATLAng">177.226666666667</dst>
            <dst id="CHINng">518.677333333333</dst>
            <dst id="DNVRng">0</dst>
            <dst id="HSTNng">326.805333333333</dst>
            <dst id="IPLSng">215.789333333333</dst>
            <dst id="KSCYng">0</dst>
            <dst id="LOSAng">0</dst>
            <dst id="NYCMng">1355.672</dst>
            <dst id="SNVAng">0</dst>
            <dst id="STTLng">0</dst>
            <dst id="WASHng">1202.008</dst>
        </src>
        <src id="ATLAng">
            <dst id="ATLA-M5">0</dst>
            <dst id="ATLAng">27710.848</dst>
            <dst id="CHINng">20276.9226666667</dst>
            <dst id="DNVRng">0</dst>
            <dst id="HSTNng">2085.46933333333</dst>
            <dst id="IPLSng">25990.24</dst>
            <dst id="KSCYng">0</dst>
            <dst id="LOSAng">0</dst>
            <dst id="NYCMng">39240.4746666667</dst>
            <dst id="SNVAng">26.6666666666667</dst>
            <dst id="STTLng">0</dst>
            <dst id="WASHng">40211.248</dst>
        </src>
        <src id="CHINng">
            <dst id="ATLA-M5">0</dst>
            <dst id="ATLAng">21283.1786666667</dst>
            <dst id="CHINng">24042.6906666667</dst>
            <dst id="DNVRng">0</dst>
            <dst id="HSTNng">11421.864</dst>
            <dst id="IPLSng">33806.256</dst>
            <dst id="KSCYng">26.6666666666667</dst>
            <dst id="LOSAng">26.6666666666667</dst>
            <dst id="NYCMng">184000.002666667</dst>
            <dst id="SNVAng">0</dst>
            <dst id="STTLng">1602.94933333333</dst>
            <dst id="WASHng">32393.2826666667</dst>
        </src>
        <src id="DNVRng">
            <dst id="ATLA-M5">0</dst>
            <dst id="ATLAng">5825.12533333333</dst>
            <dst id="CHINng">27650.84</dst>
            <dst id="DNVRng">3419.89866666667</dst>
            <dst id="HSTNng">20122.2666666667</dst>
            <dst id="IPLSng">24560.0906666667</dst>
            <dst id="KSCYng">9370.51466666667</dst>
            <dst id="LOSAng">0</dst>
            <dst id="NYCMng">41448.1653333333</dst>
            <dst id="SNVAng">6770.69866666667</dst>
            <dst id="STTLng">2058.72</dst>
            <dst id="WASHng">42737.9146666667</dst>
        </src>
        <src id="HSTNng">
            <dst id="ATLA-M5">0</dst>
            <dst id="ATLAng">15579.3173333333</dst>
            <dst id="CHINng">492.901333333333</dst>
            <dst id="DNVRng">26.6666666666667</dst>
            <dst id="HSTNng">74493.832</dst>
            <dst id="IPLSng">26.6666666666667</dst>
            <dst id="KSCYng">0</dst>
            <dst id="LOSAng">0</dst>
            <dst id="NYCMng">2137.55466666667</dst>
            <dst id="SNVAng">26.6666666666667</dst>
            <dst id="STTLng">0</dst>
            <dst id="WASHng">106867.634666667</dst>
        </src>
        <src id="IPLSng">
            <dst id="ATLA-M5">0</dst>
            <dst id="ATLAng">13841.0666666667</dst>
            <dst id="CHINng">77351.2</dst>
            <dst id="DNVRng">0</dst>
            <dst id="HSTNng">9045.544</dst>
            <dst id="IPLSng">21015.7493333333</dst>
            <dst id="KSCYng">17085.3733333333</dst>
            <dst id="LOSAng">0</dst>
            <dst id="NYCMng">138841.154666667</dst>
            <dst id="SNVAng">0</dst>
            <dst id="STTLng">26.6666666666667</dst>
            <dst id="WASHng">20278.3306666667</dst>
        </src>
        <src id="KSCYng">
            <dst id="ATLA-M5">0</dst>
            <dst id="ATLAng">5847.78933333333</dst>
            <dst id="CHINng">16045.6133333333</dst>
            <dst id="DNVRng">7156.05866666667</dst>
            <dst id="HSTNng">16563.0426666667</dst>
            <dst id="IPLSng">9128.17333333333</dst>
            <dst id="KSCYng">6522.81333333333</dst>
            <dst id="LOSAng">26.6666666666667</dst>
            <dst id="NYCMng">25589.6666666667</dst>
            <dst id="SNVAng">0</dst>
            <dst id="STTLng">0</dst>
            <dst id="WASHng">8057.392</dst>
        </src>
        <src id="LOSAng">
            <dst id="ATLA-M5">0</dst>
            <dst id="ATLAng">14272.4693333333</dst>
            <dst id="CHINng">2201.41066666667</dst>
            <dst id="DNVRng">7881.752</dst>
            <dst id="HSTNng">79081.2586666667</dst>
            <dst id="IPLSng">1032.84266666667</dst>
            <dst id="KSCYng">80</dst>
            <dst id="LOSAng">23551.0853333333</dst>
            <dst id="NYCMng">59723.12</dst>
            <dst id="SNVAng">15968.448</dst>
            <dst id="STTLng">22242.6506666667</dst>
            <dst id="WASHng">96355.0053333333</dst>
        </src>
        <src id="NYCMng">
            <dst id="ATLA-M5">0</dst>
            <dst id="ATLAng">23937.3893333333</dst>
            <dst id="CHINng">303.826666666667</dst>
            <dst id="DNVRng">0</dst>
            <dst id="HSTNng">13302.8693333333</dst>
            <dst id="IPLSng">136.493333333333</dst>
            <dst id="KSCYng">26.6666666666667</dst>
            <dst id="LOSAng">318.141333333333</dst>
            <dst id="NYCMng">364599.28</dst>
            <dst id="SNVAng">0</dst>
            <dst id="STTLng">727.32</dst>
            <dst id="WASHng">74723.7706666667</dst>
        </src>
        <src id="SNVAng">
            <dst id="ATLA-M5">0</dst>
            <dst id="ATLAng">988.624</dst>
            <dst id="CHINng">0</dst>
            <dst id="DNVRng">12172.312</dst>
            <dst id="HSTNng">4092.67466666667</dst>
            <dst id="IPLSng">251.498666666667</dst>
            <dst id="KSCYng">469.48</dst>
            <dst id="LOSAng">32969.5893333333</dst>
            <dst id="NYCMng">4254.336</dst>
            <dst id="SNVAng">16226.608</dst>
            <dst id="STTLng">60980.6346666667</dst>
            <dst id="WASHng">2213.568</dst>
        </src>
        <src id="STTLng">
            <dst id="ATLA-M5">0</dst>
            <dst id="ATLAng">6451.54666666667</dst>
            <dst id="CHINng">681.328</dst>
            <dst id="DNVRng">4439.58133333333</dst>
            <dst id="HSTNng">13263.6293333333</dst>
            <dst id="IPLSng">324.152</dst>
            <dst id="KSCYng">2886.616</dst>
            <dst id="LOSAng">16987.64</dst>
            <dst id="NYCMng">47442.5626666667</dst>
            <dst id="SNVAng">5916.72533333333</dst>
            <dst id="STTLng">829.312</dst>
            <dst id="WASHng">26580.16</dst>
        </src>
        <src id="WASHng">
            <dst id="ATLA-M5">0</dst>
            <dst id="ATLAng">150133.256</dst>
            <dst id="CHINng">766.744</dst>
            <dst id="DNVRng">0</dst>
            <dst id="HSTNng">98497.048</dst>
            <dst id="IPLSng">129.770666666667</dst>
            <dst id="KSCYng">215.189333333333</dst>
            <dst id="LOSAng">62.4</dst>
            <dst id="NYCMng">482164.16</dst>
            <dst id="SNVAng">26.6666666666667</dst>
            <dst id="STTLng">814.773333333333</dst>
            <dst id="WASHng">258393.912</dst>
        </src>
    </IntraTM>
</TrafficMatrixFile>
