<?xml version="1.0" encoding="ISO-8859-1" standalone="yes"?>
<TrafficMatrixFile xsi:noNamespaceSchemaLocation="http://totem.run.montefiore.ulg.ac.be/Schema/TrafficMatrix-v1_2.xsd" xmlns:xsi="http://www.w3.org/2001/XMLSchema-instance">
    <IntraTM ASID="11537">
        <src id="ATLA-M5">
            <dst id="ATLA-M5">26.6666666666667</dst>
            <dst id="ATLAng">80</dst>
            <dst id="CHINng">470.84</dst>
            <dst id="DNVRng">0</dst>
            <dst id="HSTNng">684.554666666667</dst>
            <dst id="IPLSng">252.525333333333</dst>
            <dst id="KSCYng">26.6666666666667</dst>
            <dst id="LOSAng">0</dst>
            <dst id="NYCMng">281.298666666667</dst>
            <dst id="SNVAng">0</dst>
            <dst id="STTLng">28.9813333333333</dst>
            <dst id="WASHng">1632.984</dst>
        </src>
        <src id="ATLAng">
            <dst id="ATLA-M5">0</dst>
            <dst id="ATLAng">24865.5546666667</dst>
            <dst id="CHINng">18407.312</dst>
            <dst id="DNVRng">26.6666666666667</dst>
            <dst id="HSTNng">41879.024</dst>
            <dst id="IPLSng">25943.8213333333</dst>
            <dst id="KSCYng">2813.43466666667</dst>
            <dst id="LOSAng">0</dst>
            <dst id="NYCMng">21953.3493333333</dst>
            <dst id="SNVAng">26.6666666666667</dst>
            <dst id="STTLng">1353.6</dst>
            <dst id="WASHng">68432.9386666667</dst>
        </src>
        <src id="CHINng">
            <dst id="ATLA-M5">0</dst>
            <dst id="ATLAng">22183.432</dst>
            <dst id="CHINng">145659.978666667</dst>
            <dst id="DNVRng">10354.2506666667</dst>
            <dst id="HSTNng">83719.616</dst>
            <dst id="IPLSng">44631.2666666667</dst>
            <dst id="KSCYng">16192.7733333333</dst>
            <dst id="LOSAng">478.330666666667</dst>
            <dst id="NYCMng">26636.3333333333</dst>
            <dst id="SNVAng">114.992</dst>
            <dst id="STTLng">366.274666666667</dst>
            <dst id="WASHng">33459.9653333333</dst>
        </src>
        <src id="DNVRng">
            <dst id="ATLA-M5">0</dst>
            <dst id="ATLAng">10591.1813333333</dst>
            <dst id="CHINng">69098.936</dst>
            <dst id="DNVRng">3079.936</dst>
            <dst id="HSTNng">26174.344</dst>
            <dst id="IPLSng">24471.2373333333</dst>
            <dst id="KSCYng">20239.584</dst>
            <dst id="LOSAng">0</dst>
            <dst id="NYCMng">16911.0746666667</dst>
            <dst id="SNVAng">7485.43466666667</dst>
            <dst id="STTLng">80</dst>
            <dst id="WASHng">36824.888</dst>
        </src>
        <src id="HSTNng">
            <dst id="ATLA-M5">0</dst>
            <dst id="ATLAng">48705.2853333333</dst>
            <dst id="CHINng">4668.808</dst>
            <dst id="DNVRng">53.3333333333333</dst>
            <dst id="HSTNng">119099.064</dst>
            <dst id="IPLSng">0</dst>
            <dst id="KSCYng">0</dst>
            <dst id="LOSAng">0</dst>
            <dst id="NYCMng">7665.336</dst>
            <dst id="SNVAng">26.6666666666667</dst>
            <dst id="STTLng">136.64</dst>
            <dst id="WASHng">113410.965333333</dst>
        </src>
        <src id="IPLSng">
            <dst id="ATLA-M5">0</dst>
            <dst id="ATLAng">13354.1946666667</dst>
            <dst id="CHINng">148025.885333333</dst>
            <dst id="DNVRng">11111.6906666667</dst>
            <dst id="HSTNng">84005.936</dst>
            <dst id="IPLSng">19405.9013333333</dst>
            <dst id="KSCYng">17566.7333333333</dst>
            <dst id="LOSAng">0</dst>
            <dst id="NYCMng">41983.7653333333</dst>
            <dst id="SNVAng">143.885333333333</dst>
            <dst id="STTLng">454.434666666667</dst>
            <dst id="WASHng">23074.8933333333</dst>
        </src>
        <src id="KSCYng">
            <dst id="ATLA-M5">0</dst>
            <dst id="ATLAng">7019.592</dst>
            <dst id="CHINng">37039.3333333333</dst>
            <dst id="DNVRng">7721.872</dst>
            <dst id="HSTNng">14028.184</dst>
            <dst id="IPLSng">10913.0613333333</dst>
            <dst id="KSCYng">7188.65066666667</dst>
            <dst id="LOSAng">0</dst>
            <dst id="NYCMng">9569.856</dst>
            <dst id="SNVAng">0</dst>
            <dst id="STTLng">53.3333333333333</dst>
            <dst id="WASHng">10991.0266666667</dst>
        </src>
        <src id="LOSAng">
            <dst id="ATLA-M5">0</dst>
            <dst id="ATLAng">42768.5626666667</dst>
            <dst id="CHINng">16221.5306666667</dst>
            <dst id="DNVRng">5486.52266666667</dst>
            <dst id="HSTNng">171806.213333333</dst>
            <dst id="IPLSng">1603.61066666667</dst>
            <dst id="KSCYng">146.194666666667</dst>
            <dst id="LOSAng">22324.216</dst>
            <dst id="NYCMng">55976.0133333333</dst>
            <dst id="SNVAng">26795.648</dst>
            <dst id="STTLng">20852.48</dst>
            <dst id="WASHng">107770.082666667</dst>
        </src>
        <src id="NYCMng">
            <dst id="ATLA-M5">0</dst>
            <dst id="ATLAng">44564.1253333333</dst>
            <dst id="CHINng">62478.7066666667</dst>
            <dst id="DNVRng">41473.2293333333</dst>
            <dst id="HSTNng">97250.3466666666</dst>
            <dst id="IPLSng">48917.0026666667</dst>
            <dst id="KSCYng">16376.8933333333</dst>
            <dst id="LOSAng">0</dst>
            <dst id="NYCMng">238438.122666667</dst>
            <dst id="SNVAng">106.666666666667</dst>
            <dst id="STTLng">3409.80266666667</dst>
            <dst id="WASHng">80871.7253333333</dst>
        </src>
        <src id="SNVAng">
            <dst id="ATLA-M5">0</dst>
            <dst id="ATLAng">279.384</dst>
            <dst id="CHINng">414.429333333333</dst>
            <dst id="DNVRng">542.869333333333</dst>
            <dst id="HSTNng">3648.70933333333</dst>
            <dst id="IPLSng">0</dst>
            <dst id="KSCYng">159.645333333333</dst>
            <dst id="LOSAng">34940.0533333333</dst>
            <dst id="NYCMng">3073.856</dst>
            <dst id="SNVAng">16124.4026666667</dst>
            <dst id="STTLng">50524.6826666667</dst>
            <dst id="WASHng">401.741333333333</dst>
        </src>
        <src id="STTLng">
            <dst id="ATLA-M5">0</dst>
            <dst id="ATLAng">9287.13866666667</dst>
            <dst id="CHINng">27915.6586666667</dst>
            <dst id="DNVRng">4419.65066666667</dst>
            <dst id="HSTNng">48628.6</dst>
            <dst id="IPLSng">354.946666666667</dst>
            <dst id="KSCYng">2650.37333333333</dst>
            <dst id="LOSAng">18821.176</dst>
            <dst id="NYCMng">14467.0053333333</dst>
            <dst id="SNVAng">4844.54133333333</dst>
            <dst id="STTLng">789.533333333333</dst>
            <dst id="WASHng">26269.6266666667</dst>
        </src>
        <src id="WASHng">
            <dst id="ATLA-M5">0</dst>
            <dst id="ATLAng">164518.173333333</dst>
            <dst id="CHINng">72191.064</dst>
            <dst id="DNVRng">8587.44</dst>
            <dst id="HSTNng">276761.546666667</dst>
            <dst id="IPLSng">57559.6106666667</dst>
            <dst id="KSCYng">7047.47466666667</dst>
            <dst id="LOSAng">26.6666666666667</dst>
            <dst id="NYCMng">148031.456</dst>
            <dst id="SNVAng">255.626666666667</dst>
            <dst id="STTLng">4964.28</dst>
            <dst id="WASHng">355124.56</dst>
        </src>
    </IntraTM>
</TrafficMatrixFile>
