<?xml version="1.0" encoding="ISO-8859-1" standalone="yes"?>
<TrafficMatrixFile xsi:noNamespaceSchemaLocation="http://totem.run.montefiore.ulg.ac.be/Schema/TrafficMatrix-v1_2.xsd" xmlns:xsi="http://www.w3.org/2001/XMLSchema-instance">
    <IntraTM ASID="11537">
        <src id="ATLA-M5">
            <dst id="ATLA-M5">68.64</dst>
            <dst id="ATLAng">434.421333333333</dst>
            <dst id="CHINng">1974.21333333333</dst>
            <dst id="DNVRng">0</dst>
            <dst id="HSTNng">2333.968</dst>
            <dst id="IPLSng">1807.39466666667</dst>
            <dst id="KSCYng">450.642666666667</dst>
            <dst id="LOSAng">0</dst>
            <dst id="NYCMng">1154.216</dst>
            <dst id="SNVAng">0</dst>
            <dst id="STTLng">26.6666666666667</dst>
            <dst id="WASHng">2403.83733333333</dst>
        </src>
        <src id="ATLAng">
            <dst id="ATLA-M5">0</dst>
            <dst id="ATLAng">34900.8826666667</dst>
            <dst id="CHINng">23712.168</dst>
            <dst id="DNVRng">53.3333333333333</dst>
            <dst id="HSTNng">85106.8613333333</dst>
            <dst id="IPLSng">44472.3733333333</dst>
            <dst id="KSCYng">6535.27466666667</dst>
            <dst id="LOSAng">56.4906666666667</dst>
            <dst id="NYCMng">30165.912</dst>
            <dst id="SNVAng">36.928</dst>
            <dst id="STTLng">500.752</dst>
            <dst id="WASHng">85937.7733333333</dst>
        </src>
        <src id="CHINng">
            <dst id="ATLA-M5">0</dst>
            <dst id="ATLAng">42500.9706666667</dst>
            <dst id="CHINng">133501.568</dst>
            <dst id="DNVRng">27393.632</dst>
            <dst id="HSTNng">108692.728</dst>
            <dst id="IPLSng">73083.9413333333</dst>
            <dst id="KSCYng">17693.6426666667</dst>
            <dst id="LOSAng">53.3333333333333</dst>
            <dst id="NYCMng">53034.6053333333</dst>
            <dst id="SNVAng">26.6666666666667</dst>
            <dst id="STTLng">1485.22666666667</dst>
            <dst id="WASHng">52133.08</dst>
        </src>
        <src id="DNVRng">
            <dst id="ATLA-M5">0</dst>
            <dst id="ATLAng">21949.744</dst>
            <dst id="CHINng">80910.64</dst>
            <dst id="DNVRng">5693.10933333334</dst>
            <dst id="HSTNng">51837.7893333333</dst>
            <dst id="IPLSng">28957.7333333333</dst>
            <dst id="KSCYng">11442.9226666667</dst>
            <dst id="LOSAng">0</dst>
            <dst id="NYCMng">20990.9626666667</dst>
            <dst id="SNVAng">28746.896</dst>
            <dst id="STTLng">342.506666666667</dst>
            <dst id="WASHng">52815.2373333333</dst>
        </src>
        <src id="HSTNng">
            <dst id="ATLA-M5">0</dst>
            <dst id="ATLAng">37931.9733333333</dst>
            <dst id="CHINng">1894.976</dst>
            <dst id="DNVRng">69.92</dst>
            <dst id="HSTNng">156831.378666667</dst>
            <dst id="IPLSng">53.3333333333333</dst>
            <dst id="KSCYng">80</dst>
            <dst id="LOSAng">26.6666666666667</dst>
            <dst id="NYCMng">7164.91466666667</dst>
            <dst id="SNVAng">0</dst>
            <dst id="STTLng">983.434666666667</dst>
            <dst id="WASHng">122822.941333333</dst>
        </src>
        <src id="IPLSng">
            <dst id="ATLA-M5">0</dst>
            <dst id="ATLAng">24814.9386666667</dst>
            <dst id="CHINng">148685.250666667</dst>
            <dst id="DNVRng">12705.1813333333</dst>
            <dst id="HSTNng">75384.904</dst>
            <dst id="IPLSng">47823.0453333333</dst>
            <dst id="KSCYng">43642.5946666667</dst>
            <dst id="LOSAng">1272</dst>
            <dst id="NYCMng">85751.6826666667</dst>
            <dst id="SNVAng">241.626666666667</dst>
            <dst id="STTLng">800.610666666667</dst>
            <dst id="WASHng">40800.1493333333</dst>
        </src>
        <src id="KSCYng">
            <dst id="ATLA-M5">0</dst>
            <dst id="ATLAng">7372.152</dst>
            <dst id="CHINng">38702.8586666667</dst>
            <dst id="DNVRng">17956.7706666667</dst>
            <dst id="HSTNng">20935.0026666667</dst>
            <dst id="IPLSng">15136.904</dst>
            <dst id="KSCYng">6998.57066666667</dst>
            <dst id="LOSAng">0</dst>
            <dst id="NYCMng">13638.9866666667</dst>
            <dst id="SNVAng">26.6666666666667</dst>
            <dst id="STTLng">452.352</dst>
            <dst id="WASHng">17933.576</dst>
        </src>
        <src id="LOSAng">
            <dst id="ATLA-M5">0</dst>
            <dst id="ATLAng">29910.1733333333</dst>
            <dst id="CHINng">10518.0746666667</dst>
            <dst id="DNVRng">28213.368</dst>
            <dst id="HSTNng">160732.330666667</dst>
            <dst id="IPLSng">715.976</dst>
            <dst id="KSCYng">366.357333333333</dst>
            <dst id="LOSAng">13694.264</dst>
            <dst id="NYCMng">64023.792</dst>
            <dst id="SNVAng">18096.992</dst>
            <dst id="STTLng">30820.1866666667</dst>
            <dst id="WASHng">107747.384</dst>
        </src>
        <src id="NYCMng">
            <dst id="ATLA-M5">0</dst>
            <dst id="ATLAng">52359.2586666667</dst>
            <dst id="CHINng">83924.2933333333</dst>
            <dst id="DNVRng">42297.7973333333</dst>
            <dst id="HSTNng">178137.650666667</dst>
            <dst id="IPLSng">92437.4746666666</dst>
            <dst id="KSCYng">27028.2933333333</dst>
            <dst id="LOSAng">365.229333333333</dst>
            <dst id="NYCMng">257241.448</dst>
            <dst id="SNVAng">80</dst>
            <dst id="STTLng">3220.06933333333</dst>
            <dst id="WASHng">166207.16</dst>
        </src>
        <src id="SNVAng">
            <dst id="ATLA-M5">0</dst>
            <dst id="ATLAng">2601.65333333333</dst>
            <dst id="CHINng">1417.82666666667</dst>
            <dst id="DNVRng">10021.6906666667</dst>
            <dst id="HSTNng">17063.0613333333</dst>
            <dst id="IPLSng">0</dst>
            <dst id="KSCYng">1943.29066666667</dst>
            <dst id="LOSAng">40483.12</dst>
            <dst id="NYCMng">10337.9093333333</dst>
            <dst id="SNVAng">19037.6373333333</dst>
            <dst id="STTLng">54323.68</dst>
            <dst id="WASHng">2391.816</dst>
        </src>
        <src id="STTLng">
            <dst id="ATLA-M5">0</dst>
            <dst id="ATLAng">13256.9866666667</dst>
            <dst id="CHINng">24234.888</dst>
            <dst id="DNVRng">16509.9466666667</dst>
            <dst id="HSTNng">52030.144</dst>
            <dst id="IPLSng">296.253333333333</dst>
            <dst id="KSCYng">4543.392</dst>
            <dst id="LOSAng">32881.712</dst>
            <dst id="NYCMng">16182.4213333333</dst>
            <dst id="SNVAng">9223.18933333334</dst>
            <dst id="STTLng">3708.20533333333</dst>
            <dst id="WASHng">34722.8986666667</dst>
        </src>
        <src id="WASHng">
            <dst id="ATLA-M5">0</dst>
            <dst id="ATLAng">78629.368</dst>
            <dst id="CHINng">85719.9813333333</dst>
            <dst id="DNVRng">4509.96</dst>
            <dst id="HSTNng">353630.96</dst>
            <dst id="IPLSng">73803.0746666667</dst>
            <dst id="KSCYng">17086.5786666667</dst>
            <dst id="LOSAng">141.290666666667</dst>
            <dst id="NYCMng">201879.456</dst>
            <dst id="SNVAng">364.392</dst>
            <dst id="STTLng">6638.096</dst>
            <dst id="WASHng">309496.826666667</dst>
        </src>
    </IntraTM>
</TrafficMatrixFile>
