<?xml version="1.0" encoding="ISO-8859-1" standalone="yes"?>
<TrafficMatrixFile xsi:noNamespaceSchemaLocation="http://totem.run.montefiore.ulg.ac.be/Schema/TrafficMatrix-v1_2.xsd" xmlns:xsi="http://www.w3.org/2001/XMLSchema-instance">
    <IntraTM ASID="11537">
        <src id="ATLA-M5">
            <dst id="ATLA-M5">0</dst>
            <dst id="ATLAng">57.0773333333333</dst>
            <dst id="CHINng">263.736</dst>
            <dst id="DNVRng">0</dst>
            <dst id="HSTNng">1832.19466666667</dst>
            <dst id="IPLSng">65.8026666666667</dst>
            <dst id="KSCYng">34.8373333333333</dst>
            <dst id="LOSAng">0</dst>
            <dst id="NYCMng">569.778666666667</dst>
            <dst id="SNVAng">0</dst>
            <dst id="STTLng">0</dst>
            <dst id="WASHng">1681.904</dst>
        </src>
        <src id="ATLAng">
            <dst id="ATLA-M5">0</dst>
            <dst id="ATLAng">25651.736</dst>
            <dst id="CHINng">11957.7306666667</dst>
            <dst id="DNVRng">26.6666666666667</dst>
            <dst id="HSTNng">36460.6746666667</dst>
            <dst id="IPLSng">27541.424</dst>
            <dst id="KSCYng">5367.36</dst>
            <dst id="LOSAng">0</dst>
            <dst id="NYCMng">21033.48</dst>
            <dst id="SNVAng">101.506666666667</dst>
            <dst id="STTLng">0</dst>
            <dst id="WASHng">84965.44</dst>
        </src>
        <src id="CHINng">
            <dst id="ATLA-M5">0</dst>
            <dst id="ATLAng">21469.5626666667</dst>
            <dst id="CHINng">154555.656</dst>
            <dst id="DNVRng">22611.3733333333</dst>
            <dst id="HSTNng">120019.024</dst>
            <dst id="IPLSng">40335.3733333333</dst>
            <dst id="KSCYng">12779.6533333333</dst>
            <dst id="LOSAng">416.309333333333</dst>
            <dst id="NYCMng">25389.5013333333</dst>
            <dst id="SNVAng">26.6666666666667</dst>
            <dst id="STTLng">2717.50666666667</dst>
            <dst id="WASHng">29410.9973333333</dst>
        </src>
        <src id="DNVRng">
            <dst id="ATLA-M5">0</dst>
            <dst id="ATLAng">6541.92533333333</dst>
            <dst id="CHINng">65187.1013333333</dst>
            <dst id="DNVRng">5714.14933333333</dst>
            <dst id="HSTNng">29952.8666666667</dst>
            <dst id="IPLSng">25614.312</dst>
            <dst id="KSCYng">10445.4773333333</dst>
            <dst id="LOSAng">0</dst>
            <dst id="NYCMng">26543.8026666667</dst>
            <dst id="SNVAng">8132.51466666667</dst>
            <dst id="STTLng">26.6666666666667</dst>
            <dst id="WASHng">49762.4426666667</dst>
        </src>
        <src id="HSTNng">
            <dst id="ATLA-M5">0</dst>
            <dst id="ATLAng">23074.984</dst>
            <dst id="CHINng">2654.56533333333</dst>
            <dst id="DNVRng">0</dst>
            <dst id="HSTNng">315155.306666667</dst>
            <dst id="IPLSng">0</dst>
            <dst id="KSCYng">0</dst>
            <dst id="LOSAng">0</dst>
            <dst id="NYCMng">5167.056</dst>
            <dst id="SNVAng">26.6666666666667</dst>
            <dst id="STTLng">26.6666666666667</dst>
            <dst id="WASHng">91370.36</dst>
        </src>
        <src id="IPLSng">
            <dst id="ATLA-M5">0</dst>
            <dst id="ATLAng">12907.5946666667</dst>
            <dst id="CHINng">189404.994666667</dst>
            <dst id="DNVRng">11195.056</dst>
            <dst id="HSTNng">53079.592</dst>
            <dst id="IPLSng">17034.0106666667</dst>
            <dst id="KSCYng">30714.7386666667</dst>
            <dst id="LOSAng">26.6666666666667</dst>
            <dst id="NYCMng">27215.76</dst>
            <dst id="SNVAng">119.594666666667</dst>
            <dst id="STTLng">234.666666666667</dst>
            <dst id="WASHng">17098.4346666667</dst>
        </src>
        <src id="KSCYng">
            <dst id="ATLA-M5">0</dst>
            <dst id="ATLAng">4555.424</dst>
            <dst id="CHINng">40967.2026666667</dst>
            <dst id="DNVRng">7274.39733333333</dst>
            <dst id="HSTNng">19834.344</dst>
            <dst id="IPLSng">13845.384</dst>
            <dst id="KSCYng">8652.06933333333</dst>
            <dst id="LOSAng">0</dst>
            <dst id="NYCMng">16697.3573333333</dst>
            <dst id="SNVAng">26.6666666666667</dst>
            <dst id="STTLng">117.824</dst>
            <dst id="WASHng">9647.69866666667</dst>
        </src>
        <src id="LOSAng">
            <dst id="ATLA-M5">0</dst>
            <dst id="ATLAng">15153.768</dst>
            <dst id="CHINng">13183.3066666667</dst>
            <dst id="DNVRng">6254.40266666667</dst>
            <dst id="HSTNng">231469.376</dst>
            <dst id="IPLSng">644.834666666667</dst>
            <dst id="KSCYng">80</dst>
            <dst id="LOSAng">27678.2266666667</dst>
            <dst id="NYCMng">51667.9813333333</dst>
            <dst id="SNVAng">10606.088</dst>
            <dst id="STTLng">25602.5226666667</dst>
            <dst id="WASHng">85897.8213333333</dst>
        </src>
        <src id="NYCMng">
            <dst id="ATLA-M5">0</dst>
            <dst id="ATLAng">22962.9146666667</dst>
            <dst id="CHINng">70037.44</dst>
            <dst id="DNVRng">34758.4266666667</dst>
            <dst id="HSTNng">113321.330666667</dst>
            <dst id="IPLSng">46688.968</dst>
            <dst id="KSCYng">15849.536</dst>
            <dst id="LOSAng">145.304</dst>
            <dst id="NYCMng">231404.349333333</dst>
            <dst id="SNVAng">53.3333333333333</dst>
            <dst id="STTLng">3549.26666666667</dst>
            <dst id="WASHng">70358.328</dst>
        </src>
        <src id="SNVAng">
            <dst id="ATLA-M5">0</dst>
            <dst id="ATLAng">240</dst>
            <dst id="CHINng">622.610666666667</dst>
            <dst id="DNVRng">4277.59466666667</dst>
            <dst id="HSTNng">4827.05333333333</dst>
            <dst id="IPLSng">0</dst>
            <dst id="KSCYng">324.104</dst>
            <dst id="LOSAng">33526.5893333333</dst>
            <dst id="NYCMng">7142.54933333333</dst>
            <dst id="SNVAng">16031.1946666667</dst>
            <dst id="STTLng">52564.9813333333</dst>
            <dst id="WASHng">466.757333333333</dst>
        </src>
        <src id="STTLng">
            <dst id="ATLA-M5">0</dst>
            <dst id="ATLAng">7927.4</dst>
            <dst id="CHINng">24908.3893333333</dst>
            <dst id="DNVRng">4112.15733333333</dst>
            <dst id="HSTNng">40428.5226666667</dst>
            <dst id="IPLSng">334.525333333333</dst>
            <dst id="KSCYng">1984.82133333333</dst>
            <dst id="LOSAng">21244.4053333333</dst>
            <dst id="NYCMng">13116.7653333333</dst>
            <dst id="SNVAng">6904.33333333333</dst>
            <dst id="STTLng">2908.032</dst>
            <dst id="WASHng">32276.5493333333</dst>
        </src>
        <src id="WASHng">
            <dst id="ATLA-M5">0</dst>
            <dst id="ATLAng">80994.0773333333</dst>
            <dst id="CHINng">80977.552</dst>
            <dst id="DNVRng">3784.83466666667</dst>
            <dst id="HSTNng">317275.2</dst>
            <dst id="IPLSng">53243.4613333333</dst>
            <dst id="KSCYng">14854.408</dst>
            <dst id="LOSAng">106.666666666667</dst>
            <dst id="NYCMng">181990.058666667</dst>
            <dst id="SNVAng">109.728</dst>
            <dst id="STTLng">5838.392</dst>
            <dst id="WASHng">384346.48</dst>
        </src>
    </IntraTM>
</TrafficMatrixFile>
