<?xml version="1.0" encoding="ISO-8859-1" standalone="yes"?>
<TrafficMatrixFile xsi:noNamespaceSchemaLocation="http://totem.run.montefiore.ulg.ac.be/Schema/TrafficMatrix-v1_2.xsd" xmlns:xsi="http://www.w3.org/2001/XMLSchema-instance">
    <IntraTM ASID="11537">
        <src id="ATLA-M5">
            <dst id="ATLA-M5">0</dst>
            <dst id="ATLAng">286.498666666667</dst>
            <dst id="CHINng">676.104</dst>
            <dst id="DNVRng">0</dst>
            <dst id="HSTNng">88.9653333333333</dst>
            <dst id="IPLSng">300.192</dst>
            <dst id="KSCYng">0</dst>
            <dst id="LOSAng">0</dst>
            <dst id="NYCMng">2154.50133333333</dst>
            <dst id="SNVAng">0</dst>
            <dst id="STTLng">0</dst>
            <dst id="WASHng">1084.15466666667</dst>
        </src>
        <src id="ATLAng">
            <dst id="ATLA-M5">0</dst>
            <dst id="ATLAng">24598.7813333333</dst>
            <dst id="CHINng">43270.7093333333</dst>
            <dst id="DNVRng">0</dst>
            <dst id="HSTNng">1901.584</dst>
            <dst id="IPLSng">26918.9386666667</dst>
            <dst id="KSCYng">26.6666666666667</dst>
            <dst id="LOSAng">59.12</dst>
            <dst id="NYCMng">40252.3386666667</dst>
            <dst id="SNVAng">26.6666666666667</dst>
            <dst id="STTLng">26.6666666666667</dst>
            <dst id="WASHng">38965.1733333333</dst>
        </src>
        <src id="CHINng">
            <dst id="ATLA-M5">0</dst>
            <dst id="ATLAng">28451.5866666667</dst>
            <dst id="CHINng">38679.0586666667</dst>
            <dst id="DNVRng">0</dst>
            <dst id="HSTNng">14253.4053333333</dst>
            <dst id="IPLSng">40204.4266666667</dst>
            <dst id="KSCYng">53.3333333333333</dst>
            <dst id="LOSAng">26.6666666666667</dst>
            <dst id="NYCMng">198682.824</dst>
            <dst id="SNVAng">0</dst>
            <dst id="STTLng">284.944</dst>
            <dst id="WASHng">38127.328</dst>
        </src>
        <src id="DNVRng">
            <dst id="ATLA-M5">0</dst>
            <dst id="ATLAng">5396.42933333333</dst>
            <dst id="CHINng">32120.8533333333</dst>
            <dst id="DNVRng">5596.19466666667</dst>
            <dst id="HSTNng">28170.2506666667</dst>
            <dst id="IPLSng">27706.1013333333</dst>
            <dst id="KSCYng">12014.912</dst>
            <dst id="LOSAng">0</dst>
            <dst id="NYCMng">37588.5386666667</dst>
            <dst id="SNVAng">11740.088</dst>
            <dst id="STTLng">2212.22666666667</dst>
            <dst id="WASHng">42234.2666666667</dst>
        </src>
        <src id="HSTNng">
            <dst id="ATLA-M5">0</dst>
            <dst id="ATLAng">17800.272</dst>
            <dst id="CHINng">857.194666666667</dst>
            <dst id="DNVRng">0</dst>
            <dst id="HSTNng">97015.112</dst>
            <dst id="IPLSng">26.6666666666667</dst>
            <dst id="KSCYng">26.6666666666667</dst>
            <dst id="LOSAng">0</dst>
            <dst id="NYCMng">2434.648</dst>
            <dst id="SNVAng">0</dst>
            <dst id="STTLng">0</dst>
            <dst id="WASHng">100662.762666667</dst>
        </src>
        <src id="IPLSng">
            <dst id="ATLA-M5">0</dst>
            <dst id="ATLAng">17803.2</dst>
            <dst id="CHINng">87278.5013333333</dst>
            <dst id="DNVRng">0</dst>
            <dst id="HSTNng">8585.10933333333</dst>
            <dst id="IPLSng">16496.8</dst>
            <dst id="KSCYng">17684</dst>
            <dst id="LOSAng">0</dst>
            <dst id="NYCMng">127072.784</dst>
            <dst id="SNVAng">0</dst>
            <dst id="STTLng">26.6666666666667</dst>
            <dst id="WASHng">15956.544</dst>
        </src>
        <src id="KSCYng">
            <dst id="ATLA-M5">0</dst>
            <dst id="ATLAng">5094.09066666667</dst>
            <dst id="CHINng">19422.5253333333</dst>
            <dst id="DNVRng">7998.168</dst>
            <dst id="HSTNng">21153.616</dst>
            <dst id="IPLSng">12416.696</dst>
            <dst id="KSCYng">6753.70933333333</dst>
            <dst id="LOSAng">0</dst>
            <dst id="NYCMng">22802.4933333333</dst>
            <dst id="SNVAng">26.6666666666667</dst>
            <dst id="STTLng">0</dst>
            <dst id="WASHng">14326.104</dst>
        </src>
        <src id="LOSAng">
            <dst id="ATLA-M5">0</dst>
            <dst id="ATLAng">13784.8</dst>
            <dst id="CHINng">3642.232</dst>
            <dst id="DNVRng">8125.42666666667</dst>
            <dst id="HSTNng">81133.528</dst>
            <dst id="IPLSng">1012.45066666667</dst>
            <dst id="KSCYng">142.152</dst>
            <dst id="LOSAng">14492.464</dst>
            <dst id="NYCMng">54114.984</dst>
            <dst id="SNVAng">9199.41333333333</dst>
            <dst id="STTLng">22231.5493333333</dst>
            <dst id="WASHng">85827.912</dst>
        </src>
        <src id="NYCMng">
            <dst id="ATLA-M5">0</dst>
            <dst id="ATLAng">26196.4826666667</dst>
            <dst id="CHINng">595.792</dst>
            <dst id="DNVRng">0</dst>
            <dst id="HSTNng">16983.5493333333</dst>
            <dst id="IPLSng">28.128</dst>
            <dst id="KSCYng">80</dst>
            <dst id="LOSAng">162.208</dst>
            <dst id="NYCMng">404737.76</dst>
            <dst id="SNVAng">53.3333333333333</dst>
            <dst id="STTLng">106.266666666667</dst>
            <dst id="WASHng">76362.3333333333</dst>
        </src>
        <src id="SNVAng">
            <dst id="ATLA-M5">0</dst>
            <dst id="ATLAng">794.178666666667</dst>
            <dst id="CHINng">26.6666666666667</dst>
            <dst id="DNVRng">2792.37066666667</dst>
            <dst id="HSTNng">4265.85866666667</dst>
            <dst id="IPLSng">190.794666666667</dst>
            <dst id="KSCYng">728.693333333333</dst>
            <dst id="LOSAng">33683.2373333333</dst>
            <dst id="NYCMng">5810.44</dst>
            <dst id="SNVAng">14109.304</dst>
            <dst id="STTLng">57336.8293333333</dst>
            <dst id="WASHng">620.261333333333</dst>
        </src>
        <src id="STTLng">
            <dst id="ATLA-M5">0</dst>
            <dst id="ATLAng">5993.09066666667</dst>
            <dst id="CHINng">710.933333333334</dst>
            <dst id="DNVRng">9008.032</dst>
            <dst id="HSTNng">17692.304</dst>
            <dst id="IPLSng">99.608</dst>
            <dst id="KSCYng">4031.144</dst>
            <dst id="LOSAng">24610.6853333333</dst>
            <dst id="NYCMng">44132.0133333333</dst>
            <dst id="SNVAng">15907.4533333333</dst>
            <dst id="STTLng">949.4</dst>
            <dst id="WASHng">27446.5013333333</dst>
        </src>
        <src id="WASHng">
            <dst id="ATLA-M5">0</dst>
            <dst id="ATLAng">126932.693333333</dst>
            <dst id="CHINng">500.090666666667</dst>
            <dst id="DNVRng">0</dst>
            <dst id="HSTNng">69797.1386666667</dst>
            <dst id="IPLSng">53.0693333333333</dst>
            <dst id="KSCYng">0</dst>
            <dst id="LOSAng">109.493333333333</dst>
            <dst id="NYCMng">446593.44</dst>
            <dst id="SNVAng">246.338666666667</dst>
            <dst id="STTLng">2026.58133333333</dst>
            <dst id="WASHng">247253.784</dst>
        </src>
    </IntraTM>
</TrafficMatrixFile>
