<?xml version="1.0" encoding="ISO-8859-1" standalone="yes"?>
<TrafficMatrixFile xsi:noNamespaceSchemaLocation="http://totem.run.montefiore.ulg.ac.be/Schema/TrafficMatrix-v1_2.xsd" xmlns:xsi="http://www.w3.org/2001/XMLSchema-instance">
    <IntraTM ASID="11537">
        <src id="ATLA-M5">
            <dst id="ATLA-M5">26.6666666666667</dst>
            <dst id="ATLAng">619.032</dst>
            <dst id="CHINng">525.162666666667</dst>
            <dst id="DNVRng">0</dst>
            <dst id="HSTNng">207.877333333333</dst>
            <dst id="IPLSng">688.389333333333</dst>
            <dst id="KSCYng">0</dst>
            <dst id="LOSAng">0</dst>
            <dst id="NYCMng">1733.98133333333</dst>
            <dst id="SNVAng">0</dst>
            <dst id="STTLng">0</dst>
            <dst id="WASHng">2311.03733333333</dst>
        </src>
        <src id="ATLAng">
            <dst id="ATLA-M5">0</dst>
            <dst id="ATLAng">46883.2506666667</dst>
            <dst id="CHINng">42666.3706666667</dst>
            <dst id="DNVRng">0</dst>
            <dst id="HSTNng">11773.4773333333</dst>
            <dst id="IPLSng">36159.984</dst>
            <dst id="KSCYng">26.6666666666667</dst>
            <dst id="LOSAng">193.834666666667</dst>
            <dst id="NYCMng">74209.6426666667</dst>
            <dst id="SNVAng">26.6666666666667</dst>
            <dst id="STTLng">2028.512</dst>
            <dst id="WASHng">46492.9306666667</dst>
        </src>
        <src id="CHINng">
            <dst id="ATLA-M5">0</dst>
            <dst id="ATLAng">30256.2213333333</dst>
            <dst id="CHINng">37510.0666666667</dst>
            <dst id="DNVRng">0</dst>
            <dst id="HSTNng">24220.552</dst>
            <dst id="IPLSng">76876.3013333333</dst>
            <dst id="KSCYng">108.248</dst>
            <dst id="LOSAng">131.296</dst>
            <dst id="NYCMng">230057.029333333</dst>
            <dst id="SNVAng">53.3333333333333</dst>
            <dst id="STTLng">87.768</dst>
            <dst id="WASHng">49370.792</dst>
        </src>
        <src id="DNVRng">
            <dst id="ATLA-M5">0</dst>
            <dst id="ATLAng">8084.408</dst>
            <dst id="CHINng">41743.7626666667</dst>
            <dst id="DNVRng">4623.61866666667</dst>
            <dst id="HSTNng">36400.9866666667</dst>
            <dst id="IPLSng">32299.552</dst>
            <dst id="KSCYng">10390.32</dst>
            <dst id="LOSAng">0</dst>
            <dst id="NYCMng">35499.92</dst>
            <dst id="SNVAng">15512.32</dst>
            <dst id="STTLng">161.093333333333</dst>
            <dst id="WASHng">43426.5706666667</dst>
        </src>
        <src id="HSTNng">
            <dst id="ATLA-M5">0</dst>
            <dst id="ATLAng">32068.512</dst>
            <dst id="CHINng">898.146666666667</dst>
            <dst id="DNVRng">0</dst>
            <dst id="HSTNng">131071.392</dst>
            <dst id="IPLSng">85.464</dst>
            <dst id="KSCYng">82.4613333333333</dst>
            <dst id="LOSAng">0</dst>
            <dst id="NYCMng">9039.28533333333</dst>
            <dst id="SNVAng">0</dst>
            <dst id="STTLng">129.133333333333</dst>
            <dst id="WASHng">132427.981333333</dst>
        </src>
        <src id="IPLSng">
            <dst id="ATLA-M5">0</dst>
            <dst id="ATLAng">15312.9146666667</dst>
            <dst id="CHINng">118727.885333333</dst>
            <dst id="DNVRng">0</dst>
            <dst id="HSTNng">15394.5066666667</dst>
            <dst id="IPLSng">32764.9866666667</dst>
            <dst id="KSCYng">24644.304</dst>
            <dst id="LOSAng">437.813333333333</dst>
            <dst id="NYCMng">239392.234666667</dst>
            <dst id="SNVAng">242.730666666667</dst>
            <dst id="STTLng">719.864</dst>
            <dst id="WASHng">34661.5813333333</dst>
        </src>
        <src id="KSCYng">
            <dst id="ATLA-M5">0</dst>
            <dst id="ATLAng">8408.53866666667</dst>
            <dst id="CHINng">21534.1493333333</dst>
            <dst id="DNVRng">24699.6293333333</dst>
            <dst id="HSTNng">21367.0373333333</dst>
            <dst id="IPLSng">13765.4186666667</dst>
            <dst id="KSCYng">7196.65333333333</dst>
            <dst id="LOSAng">0</dst>
            <dst id="NYCMng">27866.7546666667</dst>
            <dst id="SNVAng">0</dst>
            <dst id="STTLng">26.6666666666667</dst>
            <dst id="WASHng">17915.1466666667</dst>
        </src>
        <src id="LOSAng">
            <dst id="ATLA-M5">0</dst>
            <dst id="ATLAng">28024.4026666667</dst>
            <dst id="CHINng">5091.69333333333</dst>
            <dst id="DNVRng">32827.1173333333</dst>
            <dst id="HSTNng">131992.597333333</dst>
            <dst id="IPLSng">556.557333333333</dst>
            <dst id="KSCYng">1044.31466666667</dst>
            <dst id="LOSAng">14337.568</dst>
            <dst id="NYCMng">81400.5226666667</dst>
            <dst id="SNVAng">10566.3706666667</dst>
            <dst id="STTLng">21943.4186666667</dst>
            <dst id="WASHng">110758.64</dst>
        </src>
        <src id="NYCMng">
            <dst id="ATLA-M5">0</dst>
            <dst id="ATLAng">38538.824</dst>
            <dst id="CHINng">1244</dst>
            <dst id="DNVRng">0</dst>
            <dst id="HSTNng">20685.6746666667</dst>
            <dst id="IPLSng">80</dst>
            <dst id="KSCYng">751.525333333333</dst>
            <dst id="LOSAng">153.589333333333</dst>
            <dst id="NYCMng">1068728.13333333</dst>
            <dst id="SNVAng">53.3333333333333</dst>
            <dst id="STTLng">160.928</dst>
            <dst id="WASHng">361838.8</dst>
        </src>
        <src id="SNVAng">
            <dst id="ATLA-M5">0</dst>
            <dst id="ATLAng">1087.192</dst>
            <dst id="CHINng">115.616</dst>
            <dst id="DNVRng">20149.3253333333</dst>
            <dst id="HSTNng">14402.1706666667</dst>
            <dst id="IPLSng">0</dst>
            <dst id="KSCYng">1542.96266666667</dst>
            <dst id="LOSAng">39371.8613333333</dst>
            <dst id="NYCMng">8528.61066666667</dst>
            <dst id="SNVAng">20269.2053333333</dst>
            <dst id="STTLng">64313.072</dst>
            <dst id="WASHng">1652.15466666667</dst>
        </src>
        <src id="STTLng">
            <dst id="ATLA-M5">0</dst>
            <dst id="ATLAng">11410.5866666667</dst>
            <dst id="CHINng">1754.67466666667</dst>
            <dst id="DNVRng">7458.38133333333</dst>
            <dst id="HSTNng">26116.0586666667</dst>
            <dst id="IPLSng">174.368</dst>
            <dst id="KSCYng">7266.24</dst>
            <dst id="LOSAng">43667.4666666667</dst>
            <dst id="NYCMng">47526.7573333333</dst>
            <dst id="SNVAng">10820.808</dst>
            <dst id="STTLng">2244.768</dst>
            <dst id="WASHng">38835.6773333333</dst>
        </src>
        <src id="WASHng">
            <dst id="ATLA-M5">0</dst>
            <dst id="ATLAng">154054.890666667</dst>
            <dst id="CHINng">1520.368</dst>
            <dst id="DNVRng">0</dst>
            <dst id="HSTNng">92665.2373333333</dst>
            <dst id="IPLSng">171.250666666667</dst>
            <dst id="KSCYng">211.869333333333</dst>
            <dst id="LOSAng">259.562666666667</dst>
            <dst id="NYCMng">591982.586666667</dst>
            <dst id="SNVAng">120.813333333333</dst>
            <dst id="STTLng">161.797333333333</dst>
            <dst id="WASHng">287988.4</dst>
        </src>
    </IntraTM>
</TrafficMatrixFile>
