<?xml version="1.0" encoding="ISO-8859-1" standalone="yes"?>
<TrafficMatrixFile xsi:noNamespaceSchemaLocation="http://totem.run.montefiore.ulg.ac.be/Schema/TrafficMatrix-v1_2.xsd" xmlns:xsi="http://www.w3.org/2001/XMLSchema-instance">
    <IntraTM ASID="11537">
        <src id="ATLA-M5">
            <dst id="ATLA-M5">26.6666666666667</dst>
            <dst id="ATLAng">305.565333333333</dst>
            <dst id="CHINng">1421.096</dst>
            <dst id="DNVRng">0</dst>
            <dst id="HSTNng">439.733333333333</dst>
            <dst id="IPLSng">1045.93333333333</dst>
            <dst id="KSCYng">0</dst>
            <dst id="LOSAng">0</dst>
            <dst id="NYCMng">2497.912</dst>
            <dst id="SNVAng">0</dst>
            <dst id="STTLng">0</dst>
            <dst id="WASHng">852.84</dst>
        </src>
        <src id="ATLAng">
            <dst id="ATLA-M5">0</dst>
            <dst id="ATLAng">37922.84</dst>
            <dst id="CHINng">48156.5893333333</dst>
            <dst id="DNVRng">0</dst>
            <dst id="HSTNng">3901.36266666667</dst>
            <dst id="IPLSng">29070.4613333333</dst>
            <dst id="KSCYng">53.3333333333333</dst>
            <dst id="LOSAng">28.12</dst>
            <dst id="NYCMng">53228.976</dst>
            <dst id="SNVAng">26.6666666666667</dst>
            <dst id="STTLng">0</dst>
            <dst id="WASHng">37979</dst>
        </src>
        <src id="CHINng">
            <dst id="ATLA-M5">0</dst>
            <dst id="ATLAng">35538.488</dst>
            <dst id="CHINng">29234.5813333333</dst>
            <dst id="DNVRng">0</dst>
            <dst id="HSTNng">21751.896</dst>
            <dst id="IPLSng">72387.432</dst>
            <dst id="KSCYng">26.6666666666667</dst>
            <dst id="LOSAng">53.3333333333333</dst>
            <dst id="NYCMng">207380.170666667</dst>
            <dst id="SNVAng">0</dst>
            <dst id="STTLng">783.752</dst>
            <dst id="WASHng">39457.0026666667</dst>
        </src>
        <src id="DNVRng">
            <dst id="ATLA-M5">0</dst>
            <dst id="ATLAng">7913.67733333333</dst>
            <dst id="CHINng">35638.8213333333</dst>
            <dst id="DNVRng">7109.392</dst>
            <dst id="HSTNng">33999.4906666667</dst>
            <dst id="IPLSng">32231.12</dst>
            <dst id="KSCYng">12570.5386666667</dst>
            <dst id="LOSAng">0</dst>
            <dst id="NYCMng">37928.9546666667</dst>
            <dst id="SNVAng">9050.51733333333</dst>
            <dst id="STTLng">374.992</dst>
            <dst id="WASHng">39185.1466666667</dst>
        </src>
        <src id="HSTNng">
            <dst id="ATLA-M5">0</dst>
            <dst id="ATLAng">25501.9333333333</dst>
            <dst id="CHINng">566.954666666667</dst>
            <dst id="DNVRng">38.4853333333333</dst>
            <dst id="HSTNng">132442.368</dst>
            <dst id="IPLSng">53.3333333333333</dst>
            <dst id="KSCYng">52</dst>
            <dst id="LOSAng">0</dst>
            <dst id="NYCMng">9091.672</dst>
            <dst id="SNVAng">26.6666666666667</dst>
            <dst id="STTLng">0</dst>
            <dst id="WASHng">124542.626666667</dst>
        </src>
        <src id="IPLSng">
            <dst id="ATLA-M5">0</dst>
            <dst id="ATLAng">17499.12</dst>
            <dst id="CHINng">144490.856</dst>
            <dst id="DNVRng">0</dst>
            <dst id="HSTNng">9937.784</dst>
            <dst id="IPLSng">28683.8853333333</dst>
            <dst id="KSCYng">29110.504</dst>
            <dst id="LOSAng">0</dst>
            <dst id="NYCMng">248046.794666667</dst>
            <dst id="SNVAng">80</dst>
            <dst id="STTLng">26.6666666666667</dst>
            <dst id="WASHng">35921.056</dst>
        </src>
        <src id="KSCYng">
            <dst id="ATLA-M5">0</dst>
            <dst id="ATLAng">3528.03466666667</dst>
            <dst id="CHINng">18902.88</dst>
            <dst id="DNVRng">7394.15466666667</dst>
            <dst id="HSTNng">18409.6826666667</dst>
            <dst id="IPLSng">13876.1866666667</dst>
            <dst id="KSCYng">4523.33066666667</dst>
            <dst id="LOSAng">26.6666666666667</dst>
            <dst id="NYCMng">18149.208</dst>
            <dst id="SNVAng">0</dst>
            <dst id="STTLng">0</dst>
            <dst id="WASHng">11908.016</dst>
        </src>
        <src id="LOSAng">
            <dst id="ATLA-M5">0</dst>
            <dst id="ATLAng">22697.6693333333</dst>
            <dst id="CHINng">2872.94933333333</dst>
            <dst id="DNVRng">23383.52</dst>
            <dst id="HSTNng">129224.626666667</dst>
            <dst id="IPLSng">234.216</dst>
            <dst id="KSCYng">83.304</dst>
            <dst id="LOSAng">28312.176</dst>
            <dst id="NYCMng">57889.272</dst>
            <dst id="SNVAng">8758.81333333333</dst>
            <dst id="STTLng">19328.0106666667</dst>
            <dst id="WASHng">103093.952</dst>
        </src>
        <src id="NYCMng">
            <dst id="ATLA-M5">0</dst>
            <dst id="ATLAng">42733.3733333333</dst>
            <dst id="CHINng">2281.47733333333</dst>
            <dst id="DNVRng">0</dst>
            <dst id="HSTNng">21792.5386666667</dst>
            <dst id="IPLSng">80</dst>
            <dst id="KSCYng">133.44</dst>
            <dst id="LOSAng">31.5546666666667</dst>
            <dst id="NYCMng">534390.026666667</dst>
            <dst id="SNVAng">0</dst>
            <dst id="STTLng">373.949333333333</dst>
            <dst id="WASHng">106845.664</dst>
        </src>
        <src id="SNVAng">
            <dst id="ATLA-M5">0</dst>
            <dst id="ATLAng">868.864</dst>
            <dst id="CHINng">0</dst>
            <dst id="DNVRng">4142.208</dst>
            <dst id="HSTNng">9022.58933333333</dst>
            <dst id="IPLSng">26.6666666666667</dst>
            <dst id="KSCYng">536.253333333333</dst>
            <dst id="LOSAng">40229.128</dst>
            <dst id="NYCMng">7048.34133333333</dst>
            <dst id="SNVAng">14835.3573333333</dst>
            <dst id="STTLng">57144.9066666667</dst>
            <dst id="WASHng">963.597333333333</dst>
        </src>
        <src id="STTLng">
            <dst id="ATLA-M5">0</dst>
            <dst id="ATLAng">7767.65866666667</dst>
            <dst id="CHINng">1290.592</dst>
            <dst id="DNVRng">5576.96</dst>
            <dst id="HSTNng">26505.1306666667</dst>
            <dst id="IPLSng">260.029333333333</dst>
            <dst id="KSCYng">5093.59733333333</dst>
            <dst id="LOSAng">19362.632</dst>
            <dst id="NYCMng">52063.0506666667</dst>
            <dst id="SNVAng">6414.4</dst>
            <dst id="STTLng">4119.82933333333</dst>
            <dst id="WASHng">32916.296</dst>
        </src>
        <src id="WASHng">
            <dst id="ATLA-M5">0</dst>
            <dst id="ATLAng">101051.450666667</dst>
            <dst id="CHINng">954.808</dst>
            <dst id="DNVRng">0</dst>
            <dst id="HSTNng">79507.472</dst>
            <dst id="IPLSng">7980.72533333333</dst>
            <dst id="KSCYng">817.738666666667</dst>
            <dst id="LOSAng">53.3333333333333</dst>
            <dst id="NYCMng">547180.373333333</dst>
            <dst id="SNVAng">80</dst>
            <dst id="STTLng">53.3333333333333</dst>
            <dst id="WASHng">324307.36</dst>
        </src>
    </IntraTM>
</TrafficMatrixFile>
