<?xml version="1.0" encoding="ISO-8859-1" standalone="yes"?>
<TrafficMatrixFile xsi:noNamespaceSchemaLocation="http://totem.run.montefiore.ulg.ac.be/Schema/TrafficMatrix-v1_2.xsd" xmlns:xsi="http://www.w3.org/2001/XMLSchema-instance">
    <IntraTM ASID="11537">
        <src id="ATLA-M5">
            <dst id="ATLA-M5">188.757333333333</dst>
            <dst id="ATLAng">881.333333333334</dst>
            <dst id="CHINng">1327.46133333333</dst>
            <dst id="DNVRng">34.08</dst>
            <dst id="HSTNng">1987.40533333333</dst>
            <dst id="IPLSng">463.645333333333</dst>
            <dst id="KSCYng">544.565333333333</dst>
            <dst id="LOSAng">0</dst>
            <dst id="NYCMng">1231.37066666667</dst>
            <dst id="SNVAng">0</dst>
            <dst id="STTLng">0</dst>
            <dst id="WASHng">2241.072</dst>
        </src>
        <src id="ATLAng">
            <dst id="ATLA-M5">0</dst>
            <dst id="ATLAng">49020.952</dst>
            <dst id="CHINng">52627.5146666667</dst>
            <dst id="DNVRng">93.376</dst>
            <dst id="HSTNng">65139.3546666667</dst>
            <dst id="IPLSng">69219.224</dst>
            <dst id="KSCYng">9525.6</dst>
            <dst id="LOSAng">49.424</dst>
            <dst id="NYCMng">23411.4346666667</dst>
            <dst id="SNVAng">274.221333333333</dst>
            <dst id="STTLng">2766.74133333333</dst>
            <dst id="WASHng">73343.5626666667</dst>
        </src>
        <src id="CHINng">
            <dst id="ATLA-M5">0</dst>
            <dst id="ATLAng">40348.536</dst>
            <dst id="CHINng">142901.797333333</dst>
            <dst id="DNVRng">36549.5413333333</dst>
            <dst id="HSTNng">132451.906666667</dst>
            <dst id="IPLSng">85047.4266666667</dst>
            <dst id="KSCYng">29433.9653333333</dst>
            <dst id="LOSAng">83.7866666666667</dst>
            <dst id="NYCMng">52857.72</dst>
            <dst id="SNVAng">1584.15733333333</dst>
            <dst id="STTLng">561.864</dst>
            <dst id="WASHng">63325.576</dst>
        </src>
        <src id="DNVRng">
            <dst id="ATLA-M5">0</dst>
            <dst id="ATLAng">35050.7706666667</dst>
            <dst id="CHINng">63312.416</dst>
            <dst id="DNVRng">16924.1226666667</dst>
            <dst id="HSTNng">61478.3866666667</dst>
            <dst id="IPLSng">34013.9626666667</dst>
            <dst id="KSCYng">28624.8506666667</dst>
            <dst id="LOSAng">53.3333333333333</dst>
            <dst id="NYCMng">34649.3413333333</dst>
            <dst id="SNVAng">13892.3733333333</dst>
            <dst id="STTLng">226.818666666667</dst>
            <dst id="WASHng">64829.0826666667</dst>
        </src>
        <src id="HSTNng">
            <dst id="ATLA-M5">0</dst>
            <dst id="ATLAng">54286.9626666667</dst>
            <dst id="CHINng">4304.31466666667</dst>
            <dst id="DNVRng">26.6666666666667</dst>
            <dst id="HSTNng">199124.544</dst>
            <dst id="IPLSng">1073.75466666667</dst>
            <dst id="KSCYng">157.893333333333</dst>
            <dst id="LOSAng">30.7306666666667</dst>
            <dst id="NYCMng">9262.664</dst>
            <dst id="SNVAng">92.6</dst>
            <dst id="STTLng">351.605333333333</dst>
            <dst id="WASHng">141821.453333333</dst>
        </src>
        <src id="IPLSng">
            <dst id="ATLA-M5">0</dst>
            <dst id="ATLAng">31673.9813333333</dst>
            <dst id="CHINng">136423.082666667</dst>
            <dst id="DNVRng">20653.88</dst>
            <dst id="HSTNng">98380.9573333333</dst>
            <dst id="IPLSng">66811.416</dst>
            <dst id="KSCYng">28923.6986666667</dst>
            <dst id="LOSAng">202.384</dst>
            <dst id="NYCMng">58665.6533333333</dst>
            <dst id="SNVAng">4798.51466666667</dst>
            <dst id="STTLng">1183.552</dst>
            <dst id="WASHng">44995.768</dst>
        </src>
        <src id="KSCYng">
            <dst id="ATLA-M5">0</dst>
            <dst id="ATLAng">5932.65066666667</dst>
            <dst id="CHINng">36310.9733333333</dst>
            <dst id="DNVRng">21801.544</dst>
            <dst id="HSTNng">18026.888</dst>
            <dst id="IPLSng">35262.224</dst>
            <dst id="KSCYng">16984.232</dst>
            <dst id="LOSAng">0</dst>
            <dst id="NYCMng">10753.304</dst>
            <dst id="SNVAng">848.189333333333</dst>
            <dst id="STTLng">183.650666666667</dst>
            <dst id="WASHng">18703.4213333333</dst>
        </src>
        <src id="LOSAng">
            <dst id="ATLA-M5">0</dst>
            <dst id="ATLAng">46174.768</dst>
            <dst id="CHINng">9701.952</dst>
            <dst id="DNVRng">39089.432</dst>
            <dst id="HSTNng">198102.173333333</dst>
            <dst id="IPLSng">1956.312</dst>
            <dst id="KSCYng">697.301333333333</dst>
            <dst id="LOSAng">16235.016</dst>
            <dst id="NYCMng">73033.5866666667</dst>
            <dst id="SNVAng">15666.0453333333</dst>
            <dst id="STTLng">28441.2</dst>
            <dst id="WASHng">118416.066666667</dst>
        </src>
        <src id="NYCMng">
            <dst id="ATLA-M5">0</dst>
            <dst id="ATLAng">71719.9973333333</dst>
            <dst id="CHINng">108924.381333333</dst>
            <dst id="DNVRng">52783.736</dst>
            <dst id="HSTNng">166924.586666667</dst>
            <dst id="IPLSng">92932.176</dst>
            <dst id="KSCYng">27909.4906666667</dst>
            <dst id="LOSAng">154.557333333333</dst>
            <dst id="NYCMng">254934.674666667</dst>
            <dst id="SNVAng">1078.22933333333</dst>
            <dst id="STTLng">1607.49066666667</dst>
            <dst id="WASHng">226134.954666667</dst>
        </src>
        <src id="SNVAng">
            <dst id="ATLA-M5">0</dst>
            <dst id="ATLAng">2257.35466666667</dst>
            <dst id="CHINng">214.666666666667</dst>
            <dst id="DNVRng">12087.928</dst>
            <dst id="HSTNng">13827.1093333333</dst>
            <dst id="IPLSng">0</dst>
            <dst id="KSCYng">1985.92266666667</dst>
            <dst id="LOSAng">37608.4933333333</dst>
            <dst id="NYCMng">8901.328</dst>
            <dst id="SNVAng">19414.6186666667</dst>
            <dst id="STTLng">58720.016</dst>
            <dst id="WASHng">3238.20266666667</dst>
        </src>
        <src id="STTLng">
            <dst id="ATLA-M5">0</dst>
            <dst id="ATLAng">17996.3866666667</dst>
            <dst id="CHINng">24750.208</dst>
            <dst id="DNVRng">12520.3173333333</dst>
            <dst id="HSTNng">67289.5653333333</dst>
            <dst id="IPLSng">643.962666666667</dst>
            <dst id="KSCYng">7726.16266666667</dst>
            <dst id="LOSAng">29398.0826666667</dst>
            <dst id="NYCMng">20177.832</dst>
            <dst id="SNVAng">13163.2586666667</dst>
            <dst id="STTLng">6475.66933333334</dst>
            <dst id="WASHng">43406.96</dst>
        </src>
        <src id="WASHng">
            <dst id="ATLA-M5">0</dst>
            <dst id="ATLAng">136825.794666667</dst>
            <dst id="CHINng">126260.392</dst>
            <dst id="DNVRng">5816.304</dst>
            <dst id="HSTNng">362065.573333333</dst>
            <dst id="IPLSng">106884.693333333</dst>
            <dst id="KSCYng">30557.408</dst>
            <dst id="LOSAng">181.418666666667</dst>
            <dst id="NYCMng">203860.208</dst>
            <dst id="SNVAng">485.629333333333</dst>
            <dst id="STTLng">4116.68533333333</dst>
            <dst id="WASHng">361215.413333333</dst>
        </src>
    </IntraTM>
</TrafficMatrixFile>
