<?xml version="1.0" encoding="ISO-8859-1" standalone="yes"?>
<TrafficMatrixFile xsi:noNamespaceSchemaLocation="http://totem.run.montefiore.ulg.ac.be/Schema/TrafficMatrix-v1_2.xsd" xmlns:xsi="http://www.w3.org/2001/XMLSchema-instance">
    <IntraTM ASID="11537">
        <src id="ATLA-M5">
            <dst id="ATLA-M5">364.573333333333</dst>
            <dst id="ATLAng">442.485333333333</dst>
            <dst id="CHINng">1346.384</dst>
            <dst id="DNVRng">26.6666666666667</dst>
            <dst id="HSTNng">2594.72266666667</dst>
            <dst id="IPLSng">961.282666666667</dst>
            <dst id="KSCYng">475.946666666667</dst>
            <dst id="LOSAng">0</dst>
            <dst id="NYCMng">1313.48266666667</dst>
            <dst id="SNVAng">26.6666666666667</dst>
            <dst id="STTLng">0</dst>
            <dst id="WASHng">2223.336</dst>
        </src>
        <src id="ATLAng">
            <dst id="ATLA-M5">0</dst>
            <dst id="ATLAng">26569.6853333333</dst>
            <dst id="CHINng">51633.608</dst>
            <dst id="DNVRng">198.922666666667</dst>
            <dst id="HSTNng">66208.5653333333</dst>
            <dst id="IPLSng">66060.4693333333</dst>
            <dst id="KSCYng">8605.184</dst>
            <dst id="LOSAng">46.76</dst>
            <dst id="NYCMng">19580.592</dst>
            <dst id="SNVAng">270.466666666667</dst>
            <dst id="STTLng">5800.448</dst>
            <dst id="WASHng">82479.56</dst>
        </src>
        <src id="CHINng">
            <dst id="ATLA-M5">0</dst>
            <dst id="ATLAng">37822.7493333333</dst>
            <dst id="CHINng">130242.088</dst>
            <dst id="DNVRng">30546.7146666667</dst>
            <dst id="HSTNng">127896.485333333</dst>
            <dst id="IPLSng">83672.2826666667</dst>
            <dst id="KSCYng">27725.808</dst>
            <dst id="LOSAng">101.738666666667</dst>
            <dst id="NYCMng">42029.1386666667</dst>
            <dst id="SNVAng">1439.69866666667</dst>
            <dst id="STTLng">567.978666666667</dst>
            <dst id="WASHng">64621.232</dst>
        </src>
        <src id="DNVRng">
            <dst id="ATLA-M5">0</dst>
            <dst id="ATLAng">35054.1093333333</dst>
            <dst id="CHINng">65129.6213333333</dst>
            <dst id="DNVRng">13790.424</dst>
            <dst id="HSTNng">54434.1066666667</dst>
            <dst id="IPLSng">43438.08</dst>
            <dst id="KSCYng">20172.08</dst>
            <dst id="LOSAng">120.528</dst>
            <dst id="NYCMng">32702.5013333333</dst>
            <dst id="SNVAng">12077.4053333333</dst>
            <dst id="STTLng">342.253333333333</dst>
            <dst id="WASHng">64914.0933333333</dst>
        </src>
        <src id="HSTNng">
            <dst id="ATLA-M5">0</dst>
            <dst id="ATLAng">56205.5253333333</dst>
            <dst id="CHINng">4178.808</dst>
            <dst id="DNVRng">166.253333333333</dst>
            <dst id="HSTNng">199163.376</dst>
            <dst id="IPLSng">183.626666666667</dst>
            <dst id="KSCYng">111.36</dst>
            <dst id="LOSAng">29.7066666666667</dst>
            <dst id="NYCMng">8506.37866666667</dst>
            <dst id="SNVAng">162.168</dst>
            <dst id="STTLng">106.666666666667</dst>
            <dst id="WASHng">138631.776</dst>
        </src>
        <src id="IPLSng">
            <dst id="ATLA-M5">0</dst>
            <dst id="ATLAng">34140.6826666667</dst>
            <dst id="CHINng">137898.258666667</dst>
            <dst id="DNVRng">19052.7573333333</dst>
            <dst id="HSTNng">119065.664</dst>
            <dst id="IPLSng">49091.9386666667</dst>
            <dst id="KSCYng">28999.6266666667</dst>
            <dst id="LOSAng">220.781333333333</dst>
            <dst id="NYCMng">55037.5653333333</dst>
            <dst id="SNVAng">5464.192</dst>
            <dst id="STTLng">1744.24533333333</dst>
            <dst id="WASHng">45580.9306666667</dst>
        </src>
        <src id="KSCYng">
            <dst id="ATLA-M5">0</dst>
            <dst id="ATLAng">6032.87466666667</dst>
            <dst id="CHINng">41466.064</dst>
            <dst id="DNVRng">21658.8693333333</dst>
            <dst id="HSTNng">19192.9013333333</dst>
            <dst id="IPLSng">30900.3573333333</dst>
            <dst id="KSCYng">14546.5466666667</dst>
            <dst id="LOSAng">53.3333333333333</dst>
            <dst id="NYCMng">9180.728</dst>
            <dst id="SNVAng">127.629333333333</dst>
            <dst id="STTLng">146.32</dst>
            <dst id="WASHng">16414.2053333333</dst>
        </src>
        <src id="LOSAng">
            <dst id="ATLA-M5">0</dst>
            <dst id="ATLAng">47510.256</dst>
            <dst id="CHINng">8770.30666666667</dst>
            <dst id="DNVRng">38707.3786666667</dst>
            <dst id="HSTNng">189302.946666667</dst>
            <dst id="IPLSng">1537.688</dst>
            <dst id="KSCYng">780.546666666667</dst>
            <dst id="LOSAng">15856.6613333333</dst>
            <dst id="NYCMng">72983.056</dst>
            <dst id="SNVAng">14989.3253333333</dst>
            <dst id="STTLng">28072.704</dst>
            <dst id="WASHng">118403.114666667</dst>
        </src>
        <src id="NYCMng">
            <dst id="ATLA-M5">0</dst>
            <dst id="ATLAng">81820.2933333333</dst>
            <dst id="CHINng">105180.530666667</dst>
            <dst id="DNVRng">49619.6213333333</dst>
            <dst id="HSTNng">161222.970666667</dst>
            <dst id="IPLSng">96498.6266666667</dst>
            <dst id="KSCYng">29556.8693333333</dst>
            <dst id="LOSAng">224.304</dst>
            <dst id="NYCMng">264491.042666667</dst>
            <dst id="SNVAng">1702.78133333333</dst>
            <dst id="STTLng">1567.86933333333</dst>
            <dst id="WASHng">245176.602666667</dst>
        </src>
        <src id="SNVAng">
            <dst id="ATLA-M5">0</dst>
            <dst id="ATLAng">1536.14133333333</dst>
            <dst id="CHINng">133.333333333333</dst>
            <dst id="DNVRng">12353.3626666667</dst>
            <dst id="HSTNng">7700.6</dst>
            <dst id="IPLSng">53.3333333333333</dst>
            <dst id="KSCYng">3440.472</dst>
            <dst id="LOSAng">36335.5386666667</dst>
            <dst id="NYCMng">9459.136</dst>
            <dst id="SNVAng">17565.9786666667</dst>
            <dst id="STTLng">57111.5146666667</dst>
            <dst id="WASHng">3192.02933333333</dst>
        </src>
        <src id="STTLng">
            <dst id="ATLA-M5">0</dst>
            <dst id="ATLAng">19721.9466666667</dst>
            <dst id="CHINng">23893.6533333333</dst>
            <dst id="DNVRng">11470.3253333333</dst>
            <dst id="HSTNng">65830.6506666667</dst>
            <dst id="IPLSng">717.586666666667</dst>
            <dst id="KSCYng">11062.3386666667</dst>
            <dst id="LOSAng">27640.8373333333</dst>
            <dst id="NYCMng">21968.2826666667</dst>
            <dst id="SNVAng">12201.112</dst>
            <dst id="STTLng">4171.53066666667</dst>
            <dst id="WASHng">43535.0986666667</dst>
        </src>
        <src id="WASHng">
            <dst id="ATLA-M5">0</dst>
            <dst id="ATLAng">133090.904</dst>
            <dst id="CHINng">123084.557333333</dst>
            <dst id="DNVRng">6808.432</dst>
            <dst id="HSTNng">358564.746666667</dst>
            <dst id="IPLSng">98410.2693333333</dst>
            <dst id="KSCYng">37007.136</dst>
            <dst id="LOSAng">106.666666666667</dst>
            <dst id="NYCMng">234253.048</dst>
            <dst id="SNVAng">479.154666666667</dst>
            <dst id="STTLng">5322.36</dst>
            <dst id="WASHng">353003.52</dst>
        </src>
    </IntraTM>
</TrafficMatrixFile>
