<?xml version="1.0" encoding="ISO-8859-1" standalone="yes"?>
<TrafficMatrixFile xsi:noNamespaceSchemaLocation="http://totem.run.montefiore.ulg.ac.be/Schema/TrafficMatrix-v1_2.xsd" xmlns:xsi="http://www.w3.org/2001/XMLSchema-instance">
    <IntraTM ASID="11537">
        <src id="ATLA-M5">
            <dst id="ATLA-M5">26.6666666666667</dst>
            <dst id="ATLAng">679.368</dst>
            <dst id="CHINng">1145.112</dst>
            <dst id="DNVRng">0</dst>
            <dst id="HSTNng">1711.82933333333</dst>
            <dst id="IPLSng">551.192</dst>
            <dst id="KSCYng">151.437333333333</dst>
            <dst id="LOSAng">0</dst>
            <dst id="NYCMng">445.157333333333</dst>
            <dst id="SNVAng">0</dst>
            <dst id="STTLng">0</dst>
            <dst id="WASHng">947.898666666667</dst>
        </src>
        <src id="ATLAng">
            <dst id="ATLA-M5">0</dst>
            <dst id="ATLAng">42728.2106666667</dst>
            <dst id="CHINng">28333.92</dst>
            <dst id="DNVRng">26.6666666666667</dst>
            <dst id="HSTNng">110063.645333333</dst>
            <dst id="IPLSng">43317.3386666667</dst>
            <dst id="KSCYng">5167.62666666667</dst>
            <dst id="LOSAng">50.0506666666667</dst>
            <dst id="NYCMng">19239.408</dst>
            <dst id="SNVAng">0</dst>
            <dst id="STTLng">370.552</dst>
            <dst id="WASHng">65718.6853333334</dst>
        </src>
        <src id="CHINng">
            <dst id="ATLA-M5">0</dst>
            <dst id="ATLAng">32603.7733333333</dst>
            <dst id="CHINng">103422.658666667</dst>
            <dst id="DNVRng">22563.5466666667</dst>
            <dst id="HSTNng">120518.410666667</dst>
            <dst id="IPLSng">77192.08</dst>
            <dst id="KSCYng">22836.232</dst>
            <dst id="LOSAng">105.461333333333</dst>
            <dst id="NYCMng">44551.4533333333</dst>
            <dst id="SNVAng">53.3333333333333</dst>
            <dst id="STTLng">2645.41866666667</dst>
            <dst id="WASHng">45083.7013333333</dst>
        </src>
        <src id="DNVRng">
            <dst id="ATLA-M5">0</dst>
            <dst id="ATLAng">10020.1093333333</dst>
            <dst id="CHINng">52221.48</dst>
            <dst id="DNVRng">14988.84</dst>
            <dst id="HSTNng">42970.6426666667</dst>
            <dst id="IPLSng">29743.4106666667</dst>
            <dst id="KSCYng">22339.6773333333</dst>
            <dst id="LOSAng">53.3333333333333</dst>
            <dst id="NYCMng">20613.7013333333</dst>
            <dst id="SNVAng">13411.28</dst>
            <dst id="STTLng">1359.02133333333</dst>
            <dst id="WASHng">40503.0826666667</dst>
        </src>
        <src id="HSTNng">
            <dst id="ATLA-M5">0</dst>
            <dst id="ATLAng">31816.192</dst>
            <dst id="CHINng">2002.37066666667</dst>
            <dst id="DNVRng">77.6693333333333</dst>
            <dst id="HSTNng">188881.648</dst>
            <dst id="IPLSng">80</dst>
            <dst id="KSCYng">0</dst>
            <dst id="LOSAng">0</dst>
            <dst id="NYCMng">13624.6026666667</dst>
            <dst id="SNVAng">0</dst>
            <dst id="STTLng">106.666666666667</dst>
            <dst id="WASHng">133924.642666667</dst>
        </src>
        <src id="IPLSng">
            <dst id="ATLA-M5">0</dst>
            <dst id="ATLAng">25223.392</dst>
            <dst id="CHINng">148431.698666667</dst>
            <dst id="DNVRng">8713.664</dst>
            <dst id="HSTNng">93868.2666666667</dst>
            <dst id="IPLSng">45482.5893333333</dst>
            <dst id="KSCYng">23414.6373333333</dst>
            <dst id="LOSAng">54.9013333333333</dst>
            <dst id="NYCMng">81749.248</dst>
            <dst id="SNVAng">1118.70666666667</dst>
            <dst id="STTLng">1005.50133333333</dst>
            <dst id="WASHng">34782.088</dst>
        </src>
        <src id="KSCYng">
            <dst id="ATLA-M5">0</dst>
            <dst id="ATLAng">4687.68533333333</dst>
            <dst id="CHINng">30224.5066666667</dst>
            <dst id="DNVRng">7584.87466666667</dst>
            <dst id="HSTNng">17992.6613333333</dst>
            <dst id="IPLSng">24121.9333333333</dst>
            <dst id="KSCYng">7864.496</dst>
            <dst id="LOSAng">0</dst>
            <dst id="NYCMng">10660.1786666667</dst>
            <dst id="SNVAng">26.6666666666667</dst>
            <dst id="STTLng">53.3333333333333</dst>
            <dst id="WASHng">18259.9733333333</dst>
        </src>
        <src id="LOSAng">
            <dst id="ATLA-M5">0</dst>
            <dst id="ATLAng">24006.2853333333</dst>
            <dst id="CHINng">8188.264</dst>
            <dst id="DNVRng">18316.3093333333</dst>
            <dst id="HSTNng">171829.426666667</dst>
            <dst id="IPLSng">297.173333333333</dst>
            <dst id="KSCYng">198.24</dst>
            <dst id="LOSAng">15610.8506666667</dst>
            <dst id="NYCMng">73660.768</dst>
            <dst id="SNVAng">17735.2053333333</dst>
            <dst id="STTLng">40692.0773333333</dst>
            <dst id="WASHng">98211.4693333333</dst>
        </src>
        <src id="NYCMng">
            <dst id="ATLA-M5">0</dst>
            <dst id="ATLAng">38613.656</dst>
            <dst id="CHINng">95299.12</dst>
            <dst id="DNVRng">41410.2</dst>
            <dst id="HSTNng">166749.666666667</dst>
            <dst id="IPLSng">76900.1973333333</dst>
            <dst id="KSCYng">23465.8026666667</dst>
            <dst id="LOSAng">2134.744</dst>
            <dst id="NYCMng">238693.44</dst>
            <dst id="SNVAng">106.666666666667</dst>
            <dst id="STTLng">4129.95733333333</dst>
            <dst id="WASHng">147915.354666667</dst>
        </src>
        <src id="SNVAng">
            <dst id="ATLA-M5">0</dst>
            <dst id="ATLAng">712.504</dst>
            <dst id="CHINng">559.778666666667</dst>
            <dst id="DNVRng">18010.3306666667</dst>
            <dst id="HSTNng">5454.872</dst>
            <dst id="IPLSng">0</dst>
            <dst id="KSCYng">323.365333333333</dst>
            <dst id="LOSAng">38378.728</dst>
            <dst id="NYCMng">5047.05866666667</dst>
            <dst id="SNVAng">16714.392</dst>
            <dst id="STTLng">55267.448</dst>
            <dst id="WASHng">1161.22933333333</dst>
        </src>
        <src id="STTLng">
            <dst id="ATLA-M5">0</dst>
            <dst id="ATLAng">11325.3226666667</dst>
            <dst id="CHINng">22576.9173333333</dst>
            <dst id="DNVRng">8169.09066666667</dst>
            <dst id="HSTNng">39663.5493333333</dst>
            <dst id="IPLSng">339.962666666667</dst>
            <dst id="KSCYng">5685.12266666667</dst>
            <dst id="LOSAng">27652.1546666667</dst>
            <dst id="NYCMng">17257.5813333333</dst>
            <dst id="SNVAng">7200.08266666667</dst>
            <dst id="STTLng">6964.13066666667</dst>
            <dst id="WASHng">34213.1253333333</dst>
        </src>
        <src id="WASHng">
            <dst id="ATLA-M5">0</dst>
            <dst id="ATLAng">126419.336</dst>
            <dst id="CHINng">93439.08</dst>
            <dst id="DNVRng">3860.704</dst>
            <dst id="HSTNng">340402.586666667</dst>
            <dst id="IPLSng">79209.592</dst>
            <dst id="KSCYng">17182.4906666667</dst>
            <dst id="LOSAng">307.848</dst>
            <dst id="NYCMng">204078.749333333</dst>
            <dst id="SNVAng">322.885333333333</dst>
            <dst id="STTLng">4493.064</dst>
            <dst id="WASHng">274880.053333333</dst>
        </src>
    </IntraTM>
</TrafficMatrixFile>
