<?xml version="1.0" encoding="ISO-8859-1" standalone="yes"?>
<TrafficMatrixFile xsi:noNamespaceSchemaLocation="http://totem.run.montefiore.ulg.ac.be/Schema/TrafficMatrix-v1_2.xsd" xmlns:xsi="http://www.w3.org/2001/XMLSchema-instance">
    <IntraTM ASID="11537">
        <src id="ATLA-M5">
            <dst id="ATLA-M5">0</dst>
            <dst id="ATLAng">418.090666666667</dst>
            <dst id="CHINng">1472.82133333333</dst>
            <dst id="DNVRng">0</dst>
            <dst id="HSTNng">1569.35466666667</dst>
            <dst id="IPLSng">1545.24533333333</dst>
            <dst id="KSCYng">269.936</dst>
            <dst id="LOSAng">0</dst>
            <dst id="NYCMng">1260.13333333333</dst>
            <dst id="SNVAng">0</dst>
            <dst id="STTLng">26.6666666666667</dst>
            <dst id="WASHng">1389.52266666667</dst>
        </src>
        <src id="ATLAng">
            <dst id="ATLA-M5">0</dst>
            <dst id="ATLAng">27145.68</dst>
            <dst id="CHINng">27737.352</dst>
            <dst id="DNVRng">26.6666666666667</dst>
            <dst id="HSTNng">68785.4773333333</dst>
            <dst id="IPLSng">43533.6853333333</dst>
            <dst id="KSCYng">7682.152</dst>
            <dst id="LOSAng">84.5973333333333</dst>
            <dst id="NYCMng">28501.5626666667</dst>
            <dst id="SNVAng">26.6666666666667</dst>
            <dst id="STTLng">671.034666666667</dst>
            <dst id="WASHng">74388.768</dst>
        </src>
        <src id="CHINng">
            <dst id="ATLA-M5">0</dst>
            <dst id="ATLAng">36467.5066666667</dst>
            <dst id="CHINng">119969.850666667</dst>
            <dst id="DNVRng">20872.4373333333</dst>
            <dst id="HSTNng">121835.037333333</dst>
            <dst id="IPLSng">73997.0826666667</dst>
            <dst id="KSCYng">18817.9306666667</dst>
            <dst id="LOSAng">259.197333333333</dst>
            <dst id="NYCMng">51884.1733333333</dst>
            <dst id="SNVAng">98.9653333333333</dst>
            <dst id="STTLng">1572.77066666667</dst>
            <dst id="WASHng">54991.912</dst>
        </src>
        <src id="DNVRng">
            <dst id="ATLA-M5">0</dst>
            <dst id="ATLAng">23590.32</dst>
            <dst id="CHINng">71246.2986666667</dst>
            <dst id="DNVRng">3549.10133333333</dst>
            <dst id="HSTNng">53889.296</dst>
            <dst id="IPLSng">26992.424</dst>
            <dst id="KSCYng">16179.536</dst>
            <dst id="LOSAng">0</dst>
            <dst id="NYCMng">20416.7493333333</dst>
            <dst id="SNVAng">29733.8773333333</dst>
            <dst id="STTLng">193.389333333333</dst>
            <dst id="WASHng">46419.1946666667</dst>
        </src>
        <src id="HSTNng">
            <dst id="ATLA-M5">0</dst>
            <dst id="ATLAng">48045.9146666667</dst>
            <dst id="CHINng">1566.496</dst>
            <dst id="DNVRng">0</dst>
            <dst id="HSTNng">166004.154666667</dst>
            <dst id="IPLSng">28.1546666666667</dst>
            <dst id="KSCYng">131.114666666667</dst>
            <dst id="LOSAng">110.72</dst>
            <dst id="NYCMng">10471.3173333333</dst>
            <dst id="SNVAng">26.6666666666667</dst>
            <dst id="STTLng">1648.42666666667</dst>
            <dst id="WASHng">124941.186666667</dst>
        </src>
        <src id="IPLSng">
            <dst id="ATLA-M5">0</dst>
            <dst id="ATLAng">27611.7093333333</dst>
            <dst id="CHINng">170960.477333333</dst>
            <dst id="DNVRng">11801.0346666667</dst>
            <dst id="HSTNng">149378.133333333</dst>
            <dst id="IPLSng">56355.1573333333</dst>
            <dst id="KSCYng">36046.0346666667</dst>
            <dst id="LOSAng">96.9706666666667</dst>
            <dst id="NYCMng">89918.656</dst>
            <dst id="SNVAng">212.490666666667</dst>
            <dst id="STTLng">674.410666666667</dst>
            <dst id="WASHng">48036.672</dst>
        </src>
        <src id="KSCYng">
            <dst id="ATLA-M5">0</dst>
            <dst id="ATLAng">6510.50933333333</dst>
            <dst id="CHINng">56785.624</dst>
            <dst id="DNVRng">12197.8906666667</dst>
            <dst id="HSTNng">20594.9493333333</dst>
            <dst id="IPLSng">18273.728</dst>
            <dst id="KSCYng">7605.51733333333</dst>
            <dst id="LOSAng">53.3333333333333</dst>
            <dst id="NYCMng">13333.832</dst>
            <dst id="SNVAng">154.866666666667</dst>
            <dst id="STTLng">170.664</dst>
            <dst id="WASHng">14677.2266666667</dst>
        </src>
        <src id="LOSAng">
            <dst id="ATLA-M5">0</dst>
            <dst id="ATLAng">37576.1946666667</dst>
            <dst id="CHINng">3633.61866666667</dst>
            <dst id="DNVRng">19704.2026666667</dst>
            <dst id="HSTNng">147587.186666667</dst>
            <dst id="IPLSng">662.170666666667</dst>
            <dst id="KSCYng">376.336</dst>
            <dst id="LOSAng">15342.736</dst>
            <dst id="NYCMng">64077.528</dst>
            <dst id="SNVAng">18907.8906666667</dst>
            <dst id="STTLng">32007.5066666667</dst>
            <dst id="WASHng">109720.797333333</dst>
        </src>
        <src id="NYCMng">
            <dst id="ATLA-M5">0</dst>
            <dst id="ATLAng">57785.1066666667</dst>
            <dst id="CHINng">84546.3146666666</dst>
            <dst id="DNVRng">39917.6106666667</dst>
            <dst id="HSTNng">152472.4</dst>
            <dst id="IPLSng">93455.8106666666</dst>
            <dst id="KSCYng">24274.5626666667</dst>
            <dst id="LOSAng">83.232</dst>
            <dst id="NYCMng">253788.784</dst>
            <dst id="SNVAng">178.125333333333</dst>
            <dst id="STTLng">3431.13066666667</dst>
            <dst id="WASHng">167357.754666667</dst>
        </src>
        <src id="SNVAng">
            <dst id="ATLA-M5">0</dst>
            <dst id="ATLAng">1035.616</dst>
            <dst id="CHINng">2180.78133333333</dst>
            <dst id="DNVRng">7359.80533333333</dst>
            <dst id="HSTNng">13083.3146666667</dst>
            <dst id="IPLSng">0</dst>
            <dst id="KSCYng">1632.824</dst>
            <dst id="LOSAng">39094.2026666667</dst>
            <dst id="NYCMng">9730.34933333334</dst>
            <dst id="SNVAng">14828.7413333333</dst>
            <dst id="STTLng">73753.0773333333</dst>
            <dst id="WASHng">2882.232</dst>
        </src>
        <src id="STTLng">
            <dst id="ATLA-M5">0</dst>
            <dst id="ATLAng">14452.28</dst>
            <dst id="CHINng">25359.5226666667</dst>
            <dst id="DNVRng">11925.2506666667</dst>
            <dst id="HSTNng">44996.0373333333</dst>
            <dst id="IPLSng">344.986666666667</dst>
            <dst id="KSCYng">3712.13333333333</dst>
            <dst id="LOSAng">39121.048</dst>
            <dst id="NYCMng">21511.9493333333</dst>
            <dst id="SNVAng">14062.3706666667</dst>
            <dst id="STTLng">3783.05066666667</dst>
            <dst id="WASHng">39342.5146666667</dst>
        </src>
        <src id="WASHng">
            <dst id="ATLA-M5">0</dst>
            <dst id="ATLAng">101174.330666667</dst>
            <dst id="CHINng">78882.768</dst>
            <dst id="DNVRng">4040.42133333333</dst>
            <dst id="HSTNng">328951.04</dst>
            <dst id="IPLSng">72231.3973333333</dst>
            <dst id="KSCYng">15324.9066666667</dst>
            <dst id="LOSAng">166.786666666667</dst>
            <dst id="NYCMng">203844.752</dst>
            <dst id="SNVAng">509.189333333333</dst>
            <dst id="STTLng">6777.83466666667</dst>
            <dst id="WASHng">274476.773333333</dst>
        </src>
    </IntraTM>
</TrafficMatrixFile>
