<?xml version="1.0" encoding="ISO-8859-1" standalone="yes"?>
<TrafficMatrixFile xsi:noNamespaceSchemaLocation="http://totem.run.montefiore.ulg.ac.be/Schema/TrafficMatrix-v1_2.xsd" xmlns:xsi="http://www.w3.org/2001/XMLSchema-instance">
    <IntraTM ASID="11537">
        <src id="ATLA-M5">
            <dst id="ATLA-M5">124.957333333333</dst>
            <dst id="ATLAng">893.952</dst>
            <dst id="CHINng">1274.304</dst>
            <dst id="DNVRng">0</dst>
            <dst id="HSTNng">1865.53066666667</dst>
            <dst id="IPLSng">1230.71466666667</dst>
            <dst id="KSCYng">2854.54666666667</dst>
            <dst id="LOSAng">0</dst>
            <dst id="NYCMng">2068.60266666667</dst>
            <dst id="SNVAng">0</dst>
            <dst id="STTLng">26.6666666666667</dst>
            <dst id="WASHng">2133.65066666667</dst>
        </src>
        <src id="ATLAng">
            <dst id="ATLA-M5">0</dst>
            <dst id="ATLAng">52408.9573333333</dst>
            <dst id="CHINng">43155.3973333333</dst>
            <dst id="DNVRng">31.968</dst>
            <dst id="HSTNng">61161.7813333333</dst>
            <dst id="IPLSng">42843.6133333333</dst>
            <dst id="KSCYng">6770.744</dst>
            <dst id="LOSAng">26.6666666666667</dst>
            <dst id="NYCMng">24229.5493333333</dst>
            <dst id="SNVAng">53.5893333333333</dst>
            <dst id="STTLng">1040.09866666667</dst>
            <dst id="WASHng">215187.92</dst>
        </src>
        <src id="CHINng">
            <dst id="ATLA-M5">0</dst>
            <dst id="ATLAng">41987.9466666667</dst>
            <dst id="CHINng">91282.256</dst>
            <dst id="DNVRng">28186.3173333333</dst>
            <dst id="HSTNng">154017.197333333</dst>
            <dst id="IPLSng">69831.6853333333</dst>
            <dst id="KSCYng">17714.7946666667</dst>
            <dst id="LOSAng">53.3333333333333</dst>
            <dst id="NYCMng">51310.9413333333</dst>
            <dst id="SNVAng">3372.13866666667</dst>
            <dst id="STTLng">498.122666666667</dst>
            <dst id="WASHng">41410.7946666667</dst>
        </src>
        <src id="DNVRng">
            <dst id="ATLA-M5">0</dst>
            <dst id="ATLAng">8801.30666666667</dst>
            <dst id="CHINng">61750.752</dst>
            <dst id="DNVRng">10336.8346666667</dst>
            <dst id="HSTNng">49940.552</dst>
            <dst id="IPLSng">31616.6693333333</dst>
            <dst id="KSCYng">15880.512</dst>
            <dst id="LOSAng">0</dst>
            <dst id="NYCMng">16279.376</dst>
            <dst id="SNVAng">16007.2746666667</dst>
            <dst id="STTLng">396.490666666667</dst>
            <dst id="WASHng">56789.1493333333</dst>
        </src>
        <src id="HSTNng">
            <dst id="ATLA-M5">0</dst>
            <dst id="ATLAng">39620.5013333333</dst>
            <dst id="CHINng">3746.568</dst>
            <dst id="DNVRng">0</dst>
            <dst id="HSTNng">319122.72</dst>
            <dst id="IPLSng">28.88</dst>
            <dst id="KSCYng">1335.36</dst>
            <dst id="LOSAng">0</dst>
            <dst id="NYCMng">10293.344</dst>
            <dst id="SNVAng">30.2346666666667</dst>
            <dst id="STTLng">356.32</dst>
            <dst id="WASHng">113711.584</dst>
        </src>
        <src id="IPLSng">
            <dst id="ATLA-M5">0</dst>
            <dst id="ATLAng">39198.0213333333</dst>
            <dst id="CHINng">134636.106666667</dst>
            <dst id="DNVRng">16107.4346666667</dst>
            <dst id="HSTNng">63389.4586666667</dst>
            <dst id="IPLSng">59609.8373333333</dst>
            <dst id="KSCYng">24043.0666666667</dst>
            <dst id="LOSAng">944.736</dst>
            <dst id="NYCMng">56991.5626666667</dst>
            <dst id="SNVAng">130.141333333333</dst>
            <dst id="STTLng">166.234666666667</dst>
            <dst id="WASHng">31280.3973333333</dst>
        </src>
        <src id="KSCYng">
            <dst id="ATLA-M5">0</dst>
            <dst id="ATLAng">5687.58133333333</dst>
            <dst id="CHINng">44371.944</dst>
            <dst id="DNVRng">38180.6453333333</dst>
            <dst id="HSTNng">20849.8453333333</dst>
            <dst id="IPLSng">25212.0026666667</dst>
            <dst id="KSCYng">8164.872</dst>
            <dst id="LOSAng">0</dst>
            <dst id="NYCMng">9495.53866666667</dst>
            <dst id="SNVAng">26.6666666666667</dst>
            <dst id="STTLng">189.250666666667</dst>
            <dst id="WASHng">19357.088</dst>
        </src>
        <src id="LOSAng">
            <dst id="ATLA-M5">0</dst>
            <dst id="ATLAng">30416.792</dst>
            <dst id="CHINng">5120.23733333333</dst>
            <dst id="DNVRng">38882.2026666667</dst>
            <dst id="HSTNng">261632.248</dst>
            <dst id="IPLSng">2431.66133333333</dst>
            <dst id="KSCYng">288.997333333333</dst>
            <dst id="LOSAng">12192.5973333333</dst>
            <dst id="NYCMng">44012.4026666667</dst>
            <dst id="SNVAng">16143.368</dst>
            <dst id="STTLng">22913.28</dst>
            <dst id="WASHng">97604.1786666667</dst>
        </src>
        <src id="NYCMng">
            <dst id="ATLA-M5">0</dst>
            <dst id="ATLAng">55424.4</dst>
            <dst id="CHINng">78762.5973333333</dst>
            <dst id="DNVRng">49992.2613333333</dst>
            <dst id="HSTNng">160594.416</dst>
            <dst id="IPLSng">68223.0906666667</dst>
            <dst id="KSCYng">27796.0613333333</dst>
            <dst id="LOSAng">86.328</dst>
            <dst id="NYCMng">273166.08</dst>
            <dst id="SNVAng">889.069333333333</dst>
            <dst id="STTLng">1723.21333333333</dst>
            <dst id="WASHng">189200.882666667</dst>
        </src>
        <src id="SNVAng">
            <dst id="ATLA-M5">0</dst>
            <dst id="ATLAng">2297.41333333333</dst>
            <dst id="CHINng">53.3333333333333</dst>
            <dst id="DNVRng">6196.17333333333</dst>
            <dst id="HSTNng">10432.064</dst>
            <dst id="IPLSng">27.384</dst>
            <dst id="KSCYng">2216.80533333333</dst>
            <dst id="LOSAng">37466.696</dst>
            <dst id="NYCMng">6766.91466666667</dst>
            <dst id="SNVAng">16609.624</dst>
            <dst id="STTLng">58143.6106666667</dst>
            <dst id="WASHng">2707.76</dst>
        </src>
        <src id="STTLng">
            <dst id="ATLA-M5">0</dst>
            <dst id="ATLAng">13664.84</dst>
            <dst id="CHINng">22167.4053333333</dst>
            <dst id="DNVRng">12123.3013333333</dst>
            <dst id="HSTNng">42303.2213333333</dst>
            <dst id="IPLSng">360.624</dst>
            <dst id="KSCYng">5383.45333333333</dst>
            <dst id="LOSAng">26990.4</dst>
            <dst id="NYCMng">13126.9493333333</dst>
            <dst id="SNVAng">10551.2746666667</dst>
            <dst id="STTLng">2501.56</dst>
            <dst id="WASHng">33513.304</dst>
        </src>
        <src id="WASHng">
            <dst id="ATLA-M5">0</dst>
            <dst id="ATLAng">86658.6373333333</dst>
            <dst id="CHINng">93689.8666666667</dst>
            <dst id="DNVRng">2016.352</dst>
            <dst id="HSTNng">348132.24</dst>
            <dst id="IPLSng">80223.0506666667</dst>
            <dst id="KSCYng">16716.8826666667</dst>
            <dst id="LOSAng">133.669333333333</dst>
            <dst id="NYCMng">229778.928</dst>
            <dst id="SNVAng">581.36</dst>
            <dst id="STTLng">3028.02666666667</dst>
            <dst id="WASHng">285817.76</dst>
        </src>
    </IntraTM>
</TrafficMatrixFile>
