<?xml version="1.0" encoding="ISO-8859-1" standalone="yes"?>
<TrafficMatrixFile xsi:noNamespaceSchemaLocation="http://totem.run.montefiore.ulg.ac.be/Schema/TrafficMatrix-v1_2.xsd" xmlns:xsi="http://www.w3.org/2001/XMLSchema-instance">
    <IntraTM ASID="11537">
        <src id="ATLA-M5">
            <dst id="ATLA-M5">246.925333333333</dst>
            <dst id="ATLAng">1273.31466666667</dst>
            <dst id="CHINng">698.269333333334</dst>
            <dst id="DNVRng">0</dst>
            <dst id="HSTNng">987.898666666667</dst>
            <dst id="IPLSng">2840.728</dst>
            <dst id="KSCYng">528.250666666667</dst>
            <dst id="LOSAng">0</dst>
            <dst id="NYCMng">580.746666666667</dst>
            <dst id="SNVAng">26.6666666666667</dst>
            <dst id="STTLng">80</dst>
            <dst id="WASHng">2284.304</dst>
        </src>
        <src id="ATLAng">
            <dst id="ATLA-M5">0</dst>
            <dst id="ATLAng">68978.3573333333</dst>
            <dst id="CHINng">25210.6613333333</dst>
            <dst id="DNVRng">215.269333333333</dst>
            <dst id="HSTNng">45712.2186666667</dst>
            <dst id="IPLSng">37024.4106666667</dst>
            <dst id="KSCYng">5188.76</dst>
            <dst id="LOSAng">0</dst>
            <dst id="NYCMng">22458.752</dst>
            <dst id="SNVAng">1039.10666666667</dst>
            <dst id="STTLng">235.68</dst>
            <dst id="WASHng">80353.7226666667</dst>
        </src>
        <src id="CHINng">
            <dst id="ATLA-M5">0</dst>
            <dst id="ATLAng">30789.8346666667</dst>
            <dst id="CHINng">179421.84</dst>
            <dst id="DNVRng">20264.4186666667</dst>
            <dst id="HSTNng">87768.416</dst>
            <dst id="IPLSng">84317.0773333333</dst>
            <dst id="KSCYng">24652.4293333333</dst>
            <dst id="LOSAng">233.610666666667</dst>
            <dst id="NYCMng">35968.3146666667</dst>
            <dst id="SNVAng">215.874666666667</dst>
            <dst id="STTLng">766.24</dst>
            <dst id="WASHng">47053.5946666666</dst>
        </src>
        <src id="DNVRng">
            <dst id="ATLA-M5">0</dst>
            <dst id="ATLAng">15938.28</dst>
            <dst id="CHINng">129339.874666667</dst>
            <dst id="DNVRng">13535.5573333333</dst>
            <dst id="HSTNng">39138.792</dst>
            <dst id="IPLSng">35200.1786666667</dst>
            <dst id="KSCYng">18677.712</dst>
            <dst id="LOSAng">51.712</dst>
            <dst id="NYCMng">16725.528</dst>
            <dst id="SNVAng">14827.1013333333</dst>
            <dst id="STTLng">764.384</dst>
            <dst id="WASHng">47459.3066666667</dst>
        </src>
        <src id="HSTNng">
            <dst id="ATLA-M5">0</dst>
            <dst id="ATLAng">30221.872</dst>
            <dst id="CHINng">4124.62933333334</dst>
            <dst id="DNVRng">26.6666666666667</dst>
            <dst id="HSTNng">162538.290666667</dst>
            <dst id="IPLSng">270.2</dst>
            <dst id="KSCYng">0</dst>
            <dst id="LOSAng">0</dst>
            <dst id="NYCMng">7059.26666666667</dst>
            <dst id="SNVAng">53.3333333333333</dst>
            <dst id="STTLng">132.693333333333</dst>
            <dst id="WASHng">106043.56</dst>
        </src>
        <src id="IPLSng">
            <dst id="ATLA-M5">0</dst>
            <dst id="ATLAng">17170.2906666667</dst>
            <dst id="CHINng">163773.621333333</dst>
            <dst id="DNVRng">19497.344</dst>
            <dst id="HSTNng">44235.8986666667</dst>
            <dst id="IPLSng">41963.7173333333</dst>
            <dst id="KSCYng">23015.6666666667</dst>
            <dst id="LOSAng">53.3333333333333</dst>
            <dst id="NYCMng">42449.312</dst>
            <dst id="SNVAng">509.384</dst>
            <dst id="STTLng">429.024</dst>
            <dst id="WASHng">51981.576</dst>
        </src>
        <src id="KSCYng">
            <dst id="ATLA-M5">0</dst>
            <dst id="ATLAng">8389.06133333333</dst>
            <dst id="CHINng">38651.104</dst>
            <dst id="DNVRng">19465.5253333333</dst>
            <dst id="HSTNng">14111.2613333333</dst>
            <dst id="IPLSng">19859.3093333333</dst>
            <dst id="KSCYng">9618.04266666667</dst>
            <dst id="LOSAng">0</dst>
            <dst id="NYCMng">15843.768</dst>
            <dst id="SNVAng">82.9573333333334</dst>
            <dst id="STTLng">247.512</dst>
            <dst id="WASHng">14225.4133333333</dst>
        </src>
        <src id="LOSAng">
            <dst id="ATLA-M5">0</dst>
            <dst id="ATLAng">22782.392</dst>
            <dst id="CHINng">12660.0586666667</dst>
            <dst id="DNVRng">12669.2133333333</dst>
            <dst id="HSTNng">193110.861333333</dst>
            <dst id="IPLSng">2369.552</dst>
            <dst id="KSCYng">628.12</dst>
            <dst id="LOSAng">18747.968</dst>
            <dst id="NYCMng">59206.6853333333</dst>
            <dst id="SNVAng">13856.7493333333</dst>
            <dst id="STTLng">20469.064</dst>
            <dst id="WASHng">97174.344</dst>
        </src>
        <src id="NYCMng">
            <dst id="ATLA-M5">0</dst>
            <dst id="ATLAng">48207.16</dst>
            <dst id="CHINng">110520.018666667</dst>
            <dst id="DNVRng">27364.6586666667</dst>
            <dst id="HSTNng">109338.68</dst>
            <dst id="IPLSng">74386.4293333333</dst>
            <dst id="KSCYng">21828.6426666667</dst>
            <dst id="LOSAng">0</dst>
            <dst id="NYCMng">255977.173333333</dst>
            <dst id="SNVAng">306.888</dst>
            <dst id="STTLng">3387.39466666667</dst>
            <dst id="WASHng">131397.368</dst>
        </src>
        <src id="SNVAng">
            <dst id="ATLA-M5">0</dst>
            <dst id="ATLAng">1014.30933333333</dst>
            <dst id="CHINng">586.56</dst>
            <dst id="DNVRng">5071.13333333333</dst>
            <dst id="HSTNng">23070.68</dst>
            <dst id="IPLSng">145.504</dst>
            <dst id="KSCYng">1518.62933333333</dst>
            <dst id="LOSAng">35614.648</dst>
            <dst id="NYCMng">4538.74666666667</dst>
            <dst id="SNVAng">16098.8693333333</dst>
            <dst id="STTLng">48674.8266666667</dst>
            <dst id="WASHng">970.197333333334</dst>
        </src>
        <src id="STTLng">
            <dst id="ATLA-M5">0</dst>
            <dst id="ATLAng">17338.3013333333</dst>
            <dst id="CHINng">41433.008</dst>
            <dst id="DNVRng">8090.272</dst>
            <dst id="HSTNng">61943.176</dst>
            <dst id="IPLSng">886.810666666667</dst>
            <dst id="KSCYng">5874.73066666667</dst>
            <dst id="LOSAng">17098.2613333333</dst>
            <dst id="NYCMng">16466.1066666667</dst>
            <dst id="SNVAng">7831.79733333333</dst>
            <dst id="STTLng">5883.47733333333</dst>
            <dst id="WASHng">37812.752</dst>
        </src>
        <src id="WASHng">
            <dst id="ATLA-M5">0</dst>
            <dst id="ATLAng">157758.925333333</dst>
            <dst id="CHINng">106884.653333333</dst>
            <dst id="DNVRng">2417.86933333333</dst>
            <dst id="HSTNng">299496.453333333</dst>
            <dst id="IPLSng">110133.853333333</dst>
            <dst id="KSCYng">26733.5146666667</dst>
            <dst id="LOSAng">53.3333333333333</dst>
            <dst id="NYCMng">174107.970666667</dst>
            <dst id="SNVAng">520.624</dst>
            <dst id="STTLng">4553.84266666667</dst>
            <dst id="WASHng">455518.32</dst>
        </src>
    </IntraTM>
</TrafficMatrixFile>
