<?xml version="1.0" encoding="ISO-8859-1" standalone="yes"?>
<TrafficMatrixFile xsi:noNamespaceSchemaLocation="http://totem.run.montefiore.ulg.ac.be/Schema/TrafficMatrix-v1_2.xsd" xmlns:xsi="http://www.w3.org/2001/XMLSchema-instance">
    <IntraTM ASID="11537">
        <src id="ATLA-M5">
            <dst id="ATLA-M5">0</dst>
            <dst id="ATLAng">296.469333333333</dst>
            <dst id="CHINng">1088.792</dst>
            <dst id="DNVRng">0</dst>
            <dst id="HSTNng">53.3333333333333</dst>
            <dst id="IPLSng">1175.936</dst>
            <dst id="KSCYng">0</dst>
            <dst id="LOSAng">0</dst>
            <dst id="NYCMng">791.362666666667</dst>
            <dst id="SNVAng">0</dst>
            <dst id="STTLng">0</dst>
            <dst id="WASHng">2015.58933333333</dst>
        </src>
        <src id="ATLAng">
            <dst id="ATLA-M5">0</dst>
            <dst id="ATLAng">28920.4453333333</dst>
            <dst id="CHINng">51458.2346666667</dst>
            <dst id="DNVRng">0</dst>
            <dst id="HSTNng">2892.832</dst>
            <dst id="IPLSng">27635.944</dst>
            <dst id="KSCYng">0</dst>
            <dst id="LOSAng">26.6666666666667</dst>
            <dst id="NYCMng">45556.5493333333</dst>
            <dst id="SNVAng">26.6666666666667</dst>
            <dst id="STTLng">0</dst>
            <dst id="WASHng">43333.3493333333</dst>
        </src>
        <src id="CHINng">
            <dst id="ATLA-M5">0</dst>
            <dst id="ATLAng">31177.8586666667</dst>
            <dst id="CHINng">37009.7973333333</dst>
            <dst id="DNVRng">0</dst>
            <dst id="HSTNng">17919.896</dst>
            <dst id="IPLSng">60983.504</dst>
            <dst id="KSCYng">53.3333333333333</dst>
            <dst id="LOSAng">80</dst>
            <dst id="NYCMng">206539.290666667</dst>
            <dst id="SNVAng">0</dst>
            <dst id="STTLng">106.994666666667</dst>
            <dst id="WASHng">32208.392</dst>
        </src>
        <src id="DNVRng">
            <dst id="ATLA-M5">0</dst>
            <dst id="ATLAng">7013.65066666667</dst>
            <dst id="CHINng">32823.04</dst>
            <dst id="DNVRng">9071.816</dst>
            <dst id="HSTNng">35928.3706666667</dst>
            <dst id="IPLSng">31137.0373333333</dst>
            <dst id="KSCYng">24233.2453333333</dst>
            <dst id="LOSAng">0</dst>
            <dst id="NYCMng">36006.7413333333</dst>
            <dst id="SNVAng">9326.56533333333</dst>
            <dst id="STTLng">80</dst>
            <dst id="WASHng">38136.0053333333</dst>
        </src>
        <src id="HSTNng">
            <dst id="ATLA-M5">0</dst>
            <dst id="ATLAng">28363.2933333333</dst>
            <dst id="CHINng">518.461333333333</dst>
            <dst id="DNVRng">0</dst>
            <dst id="HSTNng">132632.893333333</dst>
            <dst id="IPLSng">0</dst>
            <dst id="KSCYng">0</dst>
            <dst id="LOSAng">0</dst>
            <dst id="NYCMng">4751.90133333333</dst>
            <dst id="SNVAng">26.6666666666667</dst>
            <dst id="STTLng">0</dst>
            <dst id="WASHng">104760.725333333</dst>
        </src>
        <src id="IPLSng">
            <dst id="ATLA-M5">0</dst>
            <dst id="ATLAng">19727.1306666667</dst>
            <dst id="CHINng">119212.136</dst>
            <dst id="DNVRng">0</dst>
            <dst id="HSTNng">10344.0426666667</dst>
            <dst id="IPLSng">29698.4266666667</dst>
            <dst id="KSCYng">27154.4613333333</dst>
            <dst id="LOSAng">1338.19733333333</dst>
            <dst id="NYCMng">156709.946666667</dst>
            <dst id="SNVAng">0</dst>
            <dst id="STTLng">83.4986666666667</dst>
            <dst id="WASHng">23964.2293333333</dst>
        </src>
        <src id="KSCYng">
            <dst id="ATLA-M5">0</dst>
            <dst id="ATLAng">4371.824</dst>
            <dst id="CHINng">20156.2986666667</dst>
            <dst id="DNVRng">7134.23733333333</dst>
            <dst id="HSTNng">13021.6906666667</dst>
            <dst id="IPLSng">10546.056</dst>
            <dst id="KSCYng">5225.79466666667</dst>
            <dst id="LOSAng">0</dst>
            <dst id="NYCMng">22891.128</dst>
            <dst id="SNVAng">53.3333333333333</dst>
            <dst id="STTLng">0</dst>
            <dst id="WASHng">12913.3706666667</dst>
        </src>
        <src id="LOSAng">
            <dst id="ATLA-M5">0</dst>
            <dst id="ATLAng">25459.928</dst>
            <dst id="CHINng">1996.94133333333</dst>
            <dst id="DNVRng">9881.70933333333</dst>
            <dst id="HSTNng">128787.384</dst>
            <dst id="IPLSng">1039.83733333333</dst>
            <dst id="KSCYng">103.264</dst>
            <dst id="LOSAng">23142.2293333333</dst>
            <dst id="NYCMng">54863.9146666666</dst>
            <dst id="SNVAng">15492.7946666667</dst>
            <dst id="STTLng">19745.4266666667</dst>
            <dst id="WASHng">90211.184</dst>
        </src>
        <src id="NYCMng">
            <dst id="ATLA-M5">0</dst>
            <dst id="ATLAng">30152.744</dst>
            <dst id="CHINng">615.232</dst>
            <dst id="DNVRng">0</dst>
            <dst id="HSTNng">23280.2373333333</dst>
            <dst id="IPLSng">53.3333333333333</dst>
            <dst id="KSCYng">86.6666666666667</dst>
            <dst id="LOSAng">124.701333333333</dst>
            <dst id="NYCMng">467037.706666667</dst>
            <dst id="SNVAng">26.6666666666667</dst>
            <dst id="STTLng">696.48</dst>
            <dst id="WASHng">124395.693333333</dst>
        </src>
        <src id="SNVAng">
            <dst id="ATLA-M5">0</dst>
            <dst id="ATLAng">647.992</dst>
            <dst id="CHINng">53.3333333333333</dst>
            <dst id="DNVRng">10703.3466666667</dst>
            <dst id="HSTNng">5130.32266666667</dst>
            <dst id="IPLSng">0</dst>
            <dst id="KSCYng">577.352</dst>
            <dst id="LOSAng">36242.4506666667</dst>
            <dst id="NYCMng">5477.584</dst>
            <dst id="SNVAng">13468.7146666667</dst>
            <dst id="STTLng">51493.608</dst>
            <dst id="WASHng">1810.33066666667</dst>
        </src>
        <src id="STTLng">
            <dst id="ATLA-M5">0</dst>
            <dst id="ATLAng">7753.07733333333</dst>
            <dst id="CHINng">662.464</dst>
            <dst id="DNVRng">11895.952</dst>
            <dst id="HSTNng">17767.5893333333</dst>
            <dst id="IPLSng">289.16</dst>
            <dst id="KSCYng">4082.25866666667</dst>
            <dst id="LOSAng">16661.0453333333</dst>
            <dst id="NYCMng">50736.7893333333</dst>
            <dst id="SNVAng">4558.88533333333</dst>
            <dst id="STTLng">4646.18933333333</dst>
            <dst id="WASHng">32997.3226666667</dst>
        </src>
        <src id="WASHng">
            <dst id="ATLA-M5">0</dst>
            <dst id="ATLAng">57650.936</dst>
            <dst id="CHINng">6348.936</dst>
            <dst id="DNVRng">0</dst>
            <dst id="HSTNng">74738.64</dst>
            <dst id="IPLSng">141.858666666667</dst>
            <dst id="KSCYng">96.176</dst>
            <dst id="LOSAng">80</dst>
            <dst id="NYCMng">581056.773333333</dst>
            <dst id="SNVAng">53.3333333333333</dst>
            <dst id="STTLng">2184.89866666667</dst>
            <dst id="WASHng">254363.469333333</dst>
        </src>
    </IntraTM>
</TrafficMatrixFile>
