<?xml version="1.0" encoding="ISO-8859-1" standalone="yes"?>
<TrafficMatrixFile xsi:noNamespaceSchemaLocation="http://totem.run.montefiore.ulg.ac.be/Schema/TrafficMatrix-v1_2.xsd" xmlns:xsi="http://www.w3.org/2001/XMLSchema-instance">
    <IntraTM ASID="11537">
        <src id="ATLA-M5">
            <dst id="ATLA-M5">229.402666666667</dst>
            <dst id="ATLAng">3855.056</dst>
            <dst id="CHINng">410.064</dst>
            <dst id="DNVRng">0</dst>
            <dst id="HSTNng">2114.83466666667</dst>
            <dst id="IPLSng">470.426666666667</dst>
            <dst id="KSCYng">220.842666666667</dst>
            <dst id="LOSAng">0</dst>
            <dst id="NYCMng">474.218666666667</dst>
            <dst id="SNVAng">26.6666666666667</dst>
            <dst id="STTLng">0</dst>
            <dst id="WASHng">2733.00533333333</dst>
        </src>
        <src id="ATLAng">
            <dst id="ATLA-M5">0</dst>
            <dst id="ATLAng">40148.52</dst>
            <dst id="CHINng">36688.704</dst>
            <dst id="DNVRng">59.9173333333333</dst>
            <dst id="HSTNng">48421.2586666667</dst>
            <dst id="IPLSng">33342.6586666666</dst>
            <dst id="KSCYng">9310.44</dst>
            <dst id="LOSAng">53.3333333333333</dst>
            <dst id="NYCMng">16088</dst>
            <dst id="SNVAng">765.618666666667</dst>
            <dst id="STTLng">233.282666666667</dst>
            <dst id="WASHng">92391.3093333333</dst>
        </src>
        <src id="CHINng">
            <dst id="ATLA-M5">0</dst>
            <dst id="ATLAng">36357.08</dst>
            <dst id="CHINng">127472.645333333</dst>
            <dst id="DNVRng">21677.8346666667</dst>
            <dst id="HSTNng">77126.016</dst>
            <dst id="IPLSng">78220.7653333333</dst>
            <dst id="KSCYng">20685.4186666667</dst>
            <dst id="LOSAng">98.7733333333333</dst>
            <dst id="NYCMng">37764.8</dst>
            <dst id="SNVAng">399.930666666667</dst>
            <dst id="STTLng">728.021333333333</dst>
            <dst id="WASHng">50352.8026666667</dst>
        </src>
        <src id="DNVRng">
            <dst id="ATLA-M5">0</dst>
            <dst id="ATLAng">14221.5813333333</dst>
            <dst id="CHINng">64676.0533333333</dst>
            <dst id="DNVRng">14327.2613333333</dst>
            <dst id="HSTNng">48243.4746666667</dst>
            <dst id="IPLSng">42066.6026666667</dst>
            <dst id="KSCYng">19695.3973333333</dst>
            <dst id="LOSAng">53.3333333333333</dst>
            <dst id="NYCMng">19076.3306666667</dst>
            <dst id="SNVAng">19473.0293333333</dst>
            <dst id="STTLng">907.850666666667</dst>
            <dst id="WASHng">51361.832</dst>
        </src>
        <src id="HSTNng">
            <dst id="ATLA-M5">0</dst>
            <dst id="ATLAng">36557.376</dst>
            <dst id="CHINng">2773.41333333333</dst>
            <dst id="DNVRng">91.3973333333333</dst>
            <dst id="HSTNng">184586.434666667</dst>
            <dst id="IPLSng">69</dst>
            <dst id="KSCYng">26.6666666666667</dst>
            <dst id="LOSAng">0</dst>
            <dst id="NYCMng">12045.5653333333</dst>
            <dst id="SNVAng">53.3333333333333</dst>
            <dst id="STTLng">154.218666666667</dst>
            <dst id="WASHng">124070</dst>
        </src>
        <src id="IPLSng">
            <dst id="ATLA-M5">0</dst>
            <dst id="ATLAng">28273.2106666667</dst>
            <dst id="CHINng">164474.690666667</dst>
            <dst id="DNVRng">15751.9466666667</dst>
            <dst id="HSTNng">51583.9333333333</dst>
            <dst id="IPLSng">61575.6826666667</dst>
            <dst id="KSCYng">29448.304</dst>
            <dst id="LOSAng">108.501333333333</dst>
            <dst id="NYCMng">47938.2906666667</dst>
            <dst id="SNVAng">1796.42133333333</dst>
            <dst id="STTLng">918.76</dst>
            <dst id="WASHng">45225.1573333333</dst>
        </src>
        <src id="KSCYng">
            <dst id="ATLA-M5">0</dst>
            <dst id="ATLAng">8386.39733333333</dst>
            <dst id="CHINng">52362.5466666667</dst>
            <dst id="DNVRng">13870.952</dst>
            <dst id="HSTNng">14130.2613333333</dst>
            <dst id="IPLSng">29145.7386666667</dst>
            <dst id="KSCYng">8812.17333333333</dst>
            <dst id="LOSAng">0</dst>
            <dst id="NYCMng">14225.2906666667</dst>
            <dst id="SNVAng">115.557333333333</dst>
            <dst id="STTLng">167.413333333333</dst>
            <dst id="WASHng">12928.592</dst>
        </src>
        <src id="LOSAng">
            <dst id="ATLA-M5">0</dst>
            <dst id="ATLAng">29433.64</dst>
            <dst id="CHINng">8454.12</dst>
            <dst id="DNVRng">15122.0373333333</dst>
            <dst id="HSTNng">228431.461333333</dst>
            <dst id="IPLSng">2176.408</dst>
            <dst id="KSCYng">1602.65866666667</dst>
            <dst id="LOSAng">19399.4586666667</dst>
            <dst id="NYCMng">55046.192</dst>
            <dst id="SNVAng">20529.8506666667</dst>
            <dst id="STTLng">28324.296</dst>
            <dst id="WASHng">108130.232</dst>
        </src>
        <src id="NYCMng">
            <dst id="ATLA-M5">0</dst>
            <dst id="ATLAng">66244.4826666667</dst>
            <dst id="CHINng">88255.112</dst>
            <dst id="DNVRng">37832.464</dst>
            <dst id="HSTNng">128283.986666667</dst>
            <dst id="IPLSng">77593.08</dst>
            <dst id="KSCYng">25689.4506666667</dst>
            <dst id="LOSAng">234.765333333333</dst>
            <dst id="NYCMng">253597.664</dst>
            <dst id="SNVAng">340.112</dst>
            <dst id="STTLng">1886.336</dst>
            <dst id="WASHng">177822.48</dst>
        </src>
        <src id="SNVAng">
            <dst id="ATLA-M5">0</dst>
            <dst id="ATLAng">1718.56266666667</dst>
            <dst id="CHINng">306.613333333333</dst>
            <dst id="DNVRng">12067.9946666667</dst>
            <dst id="HSTNng">7047.02933333333</dst>
            <dst id="IPLSng">80</dst>
            <dst id="KSCYng">1091.93333333333</dst>
            <dst id="LOSAng">38433.56</dst>
            <dst id="NYCMng">5438.82666666667</dst>
            <dst id="SNVAng">20070.6773333333</dst>
            <dst id="STTLng">54276.28</dst>
            <dst id="WASHng">1457.43733333333</dst>
        </src>
        <src id="STTLng">
            <dst id="ATLA-M5">0</dst>
            <dst id="ATLAng">17880.9573333333</dst>
            <dst id="CHINng">23884.784</dst>
            <dst id="DNVRng">11812.536</dst>
            <dst id="HSTNng">64407.8186666667</dst>
            <dst id="IPLSng">949.333333333333</dst>
            <dst id="KSCYng">7016.93066666667</dst>
            <dst id="LOSAng">23031.9093333333</dst>
            <dst id="NYCMng">12440.8053333333</dst>
            <dst id="SNVAng">7956.456</dst>
            <dst id="STTLng">2873.86666666667</dst>
            <dst id="WASHng">39471.3893333333</dst>
        </src>
        <src id="WASHng">
            <dst id="ATLA-M5">0</dst>
            <dst id="ATLAng">142929.442666667</dst>
            <dst id="CHINng">127187.656</dst>
            <dst id="DNVRng">5652.54133333333</dst>
            <dst id="HSTNng">340081.493333333</dst>
            <dst id="IPLSng">96314.2106666667</dst>
            <dst id="KSCYng">22994.1893333333</dst>
            <dst id="LOSAng">133.333333333333</dst>
            <dst id="NYCMng">182122.608</dst>
            <dst id="SNVAng">875.325333333333</dst>
            <dst id="STTLng">5241.54933333333</dst>
            <dst id="WASHng">417277.386666667</dst>
        </src>
    </IntraTM>
</TrafficMatrixFile>
