<?xml version="1.0" encoding="ISO-8859-1" standalone="yes"?>
<TrafficMatrixFile xsi:noNamespaceSchemaLocation="http://totem.run.montefiore.ulg.ac.be/Schema/TrafficMatrix-v1_2.xsd" xmlns:xsi="http://www.w3.org/2001/XMLSchema-instance">
    <IntraTM ASID="11537">
        <src id="ATLA-M5">
            <dst id="ATLA-M5">53.3333333333333</dst>
            <dst id="ATLAng">329.181333333333</dst>
            <dst id="CHINng">2167.53866666667</dst>
            <dst id="DNVRng">0</dst>
            <dst id="HSTNng">1037.832</dst>
            <dst id="IPLSng">1136.18666666667</dst>
            <dst id="KSCYng">541.848</dst>
            <dst id="LOSAng">0</dst>
            <dst id="NYCMng">1742.816</dst>
            <dst id="SNVAng">0</dst>
            <dst id="STTLng">0</dst>
            <dst id="WASHng">1242.46933333333</dst>
        </src>
        <src id="ATLAng">
            <dst id="ATLA-M5">0</dst>
            <dst id="ATLAng">28898.8453333333</dst>
            <dst id="CHINng">24220.7973333333</dst>
            <dst id="DNVRng">26.6666666666667</dst>
            <dst id="HSTNng">63756.2586666667</dst>
            <dst id="IPLSng">37705.936</dst>
            <dst id="KSCYng">6764.32</dst>
            <dst id="LOSAng">0</dst>
            <dst id="NYCMng">22294.6213333333</dst>
            <dst id="SNVAng">26.6666666666667</dst>
            <dst id="STTLng">377.994666666667</dst>
            <dst id="WASHng">87045.6266666667</dst>
        </src>
        <src id="CHINng">
            <dst id="ATLA-M5">0</dst>
            <dst id="ATLAng">38841.088</dst>
            <dst id="CHINng">132105.744</dst>
            <dst id="DNVRng">30214</dst>
            <dst id="HSTNng">104093.189333333</dst>
            <dst id="IPLSng">113159.632</dst>
            <dst id="KSCYng">18749.88</dst>
            <dst id="LOSAng">205.824</dst>
            <dst id="NYCMng">48534.8586666667</dst>
            <dst id="SNVAng">26.6666666666667</dst>
            <dst id="STTLng">1094.008</dst>
            <dst id="WASHng">58082.5253333333</dst>
        </src>
        <src id="DNVRng">
            <dst id="ATLA-M5">0</dst>
            <dst id="ATLAng">23394.3573333333</dst>
            <dst id="CHINng">74169.2826666667</dst>
            <dst id="DNVRng">14577.4</dst>
            <dst id="HSTNng">56921.4266666667</dst>
            <dst id="IPLSng">28280.2186666667</dst>
            <dst id="KSCYng">31146.416</dst>
            <dst id="LOSAng">50.144</dst>
            <dst id="NYCMng">21786.336</dst>
            <dst id="SNVAng">31968.832</dst>
            <dst id="STTLng">646.341333333333</dst>
            <dst id="WASHng">61027.7413333333</dst>
        </src>
        <src id="HSTNng">
            <dst id="ATLA-M5">0</dst>
            <dst id="ATLAng">38066.432</dst>
            <dst id="CHINng">2673.60533333333</dst>
            <dst id="DNVRng">0</dst>
            <dst id="HSTNng">307225.76</dst>
            <dst id="IPLSng">56.736</dst>
            <dst id="KSCYng">0</dst>
            <dst id="LOSAng">26.6666666666667</dst>
            <dst id="NYCMng">9969.66666666666</dst>
            <dst id="SNVAng">26.6666666666667</dst>
            <dst id="STTLng">493.501333333333</dst>
            <dst id="WASHng">124092.586666667</dst>
        </src>
        <src id="IPLSng">
            <dst id="ATLA-M5">0</dst>
            <dst id="ATLAng">32412.2746666667</dst>
            <dst id="CHINng">152900.861333333</dst>
            <dst id="DNVRng">20373.0266666667</dst>
            <dst id="HSTNng">72619.008</dst>
            <dst id="IPLSng">36962.832</dst>
            <dst id="KSCYng">37732.192</dst>
            <dst id="LOSAng">26.6666666666667</dst>
            <dst id="NYCMng">78052.1013333333</dst>
            <dst id="SNVAng">140.888</dst>
            <dst id="STTLng">832.616</dst>
            <dst id="WASHng">51661.9493333333</dst>
        </src>
        <src id="KSCYng">
            <dst id="ATLA-M5">0</dst>
            <dst id="ATLAng">4923.53066666667</dst>
            <dst id="CHINng">38513.2133333333</dst>
            <dst id="DNVRng">11500.9253333333</dst>
            <dst id="HSTNng">21159.296</dst>
            <dst id="IPLSng">17824.144</dst>
            <dst id="KSCYng">12551.1173333333</dst>
            <dst id="LOSAng">0</dst>
            <dst id="NYCMng">8431.50133333333</dst>
            <dst id="SNVAng">26.6666666666667</dst>
            <dst id="STTLng">135.074666666667</dst>
            <dst id="WASHng">16167.6906666667</dst>
        </src>
        <src id="LOSAng">
            <dst id="ATLA-M5">0</dst>
            <dst id="ATLAng">26423.6586666667</dst>
            <dst id="CHINng">5161.66933333333</dst>
            <dst id="DNVRng">31412.7813333333</dst>
            <dst id="HSTNng">257718.026666667</dst>
            <dst id="IPLSng">625.410666666667</dst>
            <dst id="KSCYng">533.104</dst>
            <dst id="LOSAng">17240.3253333333</dst>
            <dst id="NYCMng">67892.4026666667</dst>
            <dst id="SNVAng">19882.9146666667</dst>
            <dst id="STTLng">33951.184</dst>
            <dst id="WASHng">107819.624</dst>
        </src>
        <src id="NYCMng">
            <dst id="ATLA-M5">0</dst>
            <dst id="ATLAng">58789.9066666667</dst>
            <dst id="CHINng">92620.9226666667</dst>
            <dst id="DNVRng">34595.4186666667</dst>
            <dst id="HSTNng">160142.522666667</dst>
            <dst id="IPLSng">106208.333333333</dst>
            <dst id="KSCYng">26193.2613333333</dst>
            <dst id="LOSAng">120.949333333333</dst>
            <dst id="NYCMng">271819.893333333</dst>
            <dst id="SNVAng">29.296</dst>
            <dst id="STTLng">3957.51733333333</dst>
            <dst id="WASHng">179671.882666667</dst>
        </src>
        <src id="SNVAng">
            <dst id="ATLA-M5">0</dst>
            <dst id="ATLAng">1385.936</dst>
            <dst id="CHINng">727.176</dst>
            <dst id="DNVRng">13843.136</dst>
            <dst id="HSTNng">8963.35733333333</dst>
            <dst id="IPLSng">0</dst>
            <dst id="KSCYng">2267.264</dst>
            <dst id="LOSAng">44416.2346666667</dst>
            <dst id="NYCMng">11249.7946666667</dst>
            <dst id="SNVAng">15408.76</dst>
            <dst id="STTLng">74144.5973333333</dst>
            <dst id="WASHng">3541.01866666667</dst>
        </src>
        <src id="STTLng">
            <dst id="ATLA-M5">0</dst>
            <dst id="ATLAng">11569.568</dst>
            <dst id="CHINng">25541.5733333333</dst>
            <dst id="DNVRng">10274.824</dst>
            <dst id="HSTNng">48659.0693333333</dst>
            <dst id="IPLSng">284.213333333333</dst>
            <dst id="KSCYng">3995.512</dst>
            <dst id="LOSAng">46788.1333333333</dst>
            <dst id="NYCMng">18947.2186666667</dst>
            <dst id="SNVAng">7338.85333333333</dst>
            <dst id="STTLng">9741.66933333333</dst>
            <dst id="WASHng">39139.648</dst>
        </src>
        <src id="WASHng">
            <dst id="ATLA-M5">0</dst>
            <dst id="ATLAng">94403.7093333334</dst>
            <dst id="CHINng">86567.944</dst>
            <dst id="DNVRng">2685.31466666667</dst>
            <dst id="HSTNng">357426.506666667</dst>
            <dst id="IPLSng">87738.3386666667</dst>
            <dst id="KSCYng">24044.2906666667</dst>
            <dst id="LOSAng">91.8133333333333</dst>
            <dst id="NYCMng">204452.685333333</dst>
            <dst id="SNVAng">240.069333333333</dst>
            <dst id="STTLng">4272.16</dst>
            <dst id="WASHng">266678.506666667</dst>
        </src>
    </IntraTM>
</TrafficMatrixFile>
