<?xml version="1.0" encoding="ISO-8859-1" standalone="yes"?>
<TrafficMatrixFile xsi:noNamespaceSchemaLocation="http://totem.run.montefiore.ulg.ac.be/Schema/TrafficMatrix-v1_2.xsd" xmlns:xsi="http://www.w3.org/2001/XMLSchema-instance">
    <IntraTM ASID="11537">
        <src id="ATLA-M5">
            <dst id="ATLA-M5">0</dst>
            <dst id="ATLAng">601.269333333333</dst>
            <dst id="CHINng">3563.85333333333</dst>
            <dst id="DNVRng">0</dst>
            <dst id="HSTNng">2564.872</dst>
            <dst id="IPLSng">619.861333333333</dst>
            <dst id="KSCYng">300.898666666667</dst>
            <dst id="LOSAng">0</dst>
            <dst id="NYCMng">492.213333333333</dst>
            <dst id="SNVAng">0</dst>
            <dst id="STTLng">26.6666666666667</dst>
            <dst id="WASHng">1219.64533333333</dst>
        </src>
        <src id="ATLAng">
            <dst id="ATLA-M5">0</dst>
            <dst id="ATLAng">25616.16</dst>
            <dst id="CHINng">25294.728</dst>
            <dst id="DNVRng">174.765333333333</dst>
            <dst id="HSTNng">46876.656</dst>
            <dst id="IPLSng">35138.5386666667</dst>
            <dst id="KSCYng">6147.67466666667</dst>
            <dst id="LOSAng">0</dst>
            <dst id="NYCMng">19921.4773333333</dst>
            <dst id="SNVAng">0</dst>
            <dst id="STTLng">334.144</dst>
            <dst id="WASHng">55539.4</dst>
        </src>
        <src id="CHINng">
            <dst id="ATLA-M5">0</dst>
            <dst id="ATLAng">37582.0266666667</dst>
            <dst id="CHINng">110249.893333333</dst>
            <dst id="DNVRng">25494.1973333333</dst>
            <dst id="HSTNng">139499.544</dst>
            <dst id="IPLSng">86527.5333333334</dst>
            <dst id="KSCYng">21958.8186666667</dst>
            <dst id="LOSAng">315.309333333333</dst>
            <dst id="NYCMng">40941.2933333333</dst>
            <dst id="SNVAng">26.6666666666667</dst>
            <dst id="STTLng">1066.39733333333</dst>
            <dst id="WASHng">45688.32</dst>
        </src>
        <src id="DNVRng">
            <dst id="ATLA-M5">0</dst>
            <dst id="ATLAng">8392.424</dst>
            <dst id="CHINng">46727.5706666667</dst>
            <dst id="DNVRng">14715.0106666667</dst>
            <dst id="HSTNng">42589.6613333333</dst>
            <dst id="IPLSng">29515.288</dst>
            <dst id="KSCYng">12591.2426666667</dst>
            <dst id="LOSAng">0</dst>
            <dst id="NYCMng">27222.1226666667</dst>
            <dst id="SNVAng">8638.79466666666</dst>
            <dst id="STTLng">1277.848</dst>
            <dst id="WASHng">48120.248</dst>
        </src>
        <src id="HSTNng">
            <dst id="ATLA-M5">0</dst>
            <dst id="ATLAng">38612.4613333333</dst>
            <dst id="CHINng">1572.87733333333</dst>
            <dst id="DNVRng">0</dst>
            <dst id="HSTNng">147587.893333333</dst>
            <dst id="IPLSng">125.653333333333</dst>
            <dst id="KSCYng">26.6666666666667</dst>
            <dst id="LOSAng">0</dst>
            <dst id="NYCMng">9398.19466666666</dst>
            <dst id="SNVAng">0</dst>
            <dst id="STTLng">93.648</dst>
            <dst id="WASHng">121814.821333333</dst>
        </src>
        <src id="IPLSng">
            <dst id="ATLA-M5">0</dst>
            <dst id="ATLAng">23426.16</dst>
            <dst id="CHINng">130037.834666667</dst>
            <dst id="DNVRng">10808.2506666667</dst>
            <dst id="HSTNng">112127.077333333</dst>
            <dst id="IPLSng">49616.5653333333</dst>
            <dst id="KSCYng">24735.7093333333</dst>
            <dst id="LOSAng">26.6666666666667</dst>
            <dst id="NYCMng">57995.2986666667</dst>
            <dst id="SNVAng">106.44</dst>
            <dst id="STTLng">1396.49333333333</dst>
            <dst id="WASHng">40359.1866666667</dst>
        </src>
        <src id="KSCYng">
            <dst id="ATLA-M5">0</dst>
            <dst id="ATLAng">6757.28</dst>
            <dst id="CHINng">29222.168</dst>
            <dst id="DNVRng">6835.56533333333</dst>
            <dst id="HSTNng">21181.7173333333</dst>
            <dst id="IPLSng">19244.2933333333</dst>
            <dst id="KSCYng">8072.21866666667</dst>
            <dst id="LOSAng">0</dst>
            <dst id="NYCMng">13466.552</dst>
            <dst id="SNVAng">53.3333333333333</dst>
            <dst id="STTLng">186.666666666667</dst>
            <dst id="WASHng">17623.8426666667</dst>
        </src>
        <src id="LOSAng">
            <dst id="ATLA-M5">0</dst>
            <dst id="ATLAng">28165.032</dst>
            <dst id="CHINng">4623.40266666667</dst>
            <dst id="DNVRng">15884.0773333333</dst>
            <dst id="HSTNng">200041.546666667</dst>
            <dst id="IPLSng">408.445333333333</dst>
            <dst id="KSCYng">146.650666666667</dst>
            <dst id="LOSAng">26139.336</dst>
            <dst id="NYCMng">70718.5386666667</dst>
            <dst id="SNVAng">24420.9333333333</dst>
            <dst id="STTLng">29227.3546666667</dst>
            <dst id="WASHng">108631.522666667</dst>
        </src>
        <src id="NYCMng">
            <dst id="ATLA-M5">0</dst>
            <dst id="ATLAng">35049.4773333333</dst>
            <dst id="CHINng">86684.1733333333</dst>
            <dst id="DNVRng">50965.0053333333</dst>
            <dst id="HSTNng">159519.117333333</dst>
            <dst id="IPLSng">69720.056</dst>
            <dst id="KSCYng">32748.8186666667</dst>
            <dst id="LOSAng">579.186666666667</dst>
            <dst id="NYCMng">244363.976</dst>
            <dst id="SNVAng">26.6666666666667</dst>
            <dst id="STTLng">5511.10933333334</dst>
            <dst id="WASHng">138054.037333333</dst>
        </src>
        <src id="SNVAng">
            <dst id="ATLA-M5">0</dst>
            <dst id="ATLAng">1773.66133333333</dst>
            <dst id="CHINng">477.789333333333</dst>
            <dst id="DNVRng">19978.2346666667</dst>
            <dst id="HSTNng">7410.264</dst>
            <dst id="IPLSng">0</dst>
            <dst id="KSCYng">309.106666666667</dst>
            <dst id="LOSAng">39317.2586666667</dst>
            <dst id="NYCMng">5810.79466666666</dst>
            <dst id="SNVAng">16753.952</dst>
            <dst id="STTLng">53162.7893333333</dst>
            <dst id="WASHng">1185.33866666667</dst>
        </src>
        <src id="STTLng">
            <dst id="ATLA-M5">0</dst>
            <dst id="ATLAng">13414.008</dst>
            <dst id="CHINng">22367.1786666667</dst>
            <dst id="DNVRng">6182.104</dst>
            <dst id="HSTNng">41290.6266666667</dst>
            <dst id="IPLSng">342.04</dst>
            <dst id="KSCYng">6078.14933333333</dst>
            <dst id="LOSAng">29224.928</dst>
            <dst id="NYCMng">18144.8346666667</dst>
            <dst id="SNVAng">6215.536</dst>
            <dst id="STTLng">3521.60266666667</dst>
            <dst id="WASHng">32052.776</dst>
        </src>
        <src id="WASHng">
            <dst id="ATLA-M5">0</dst>
            <dst id="ATLAng">148105.922666667</dst>
            <dst id="CHINng">77804.9253333333</dst>
            <dst id="DNVRng">3917.54933333333</dst>
            <dst id="HSTNng">317672.853333333</dst>
            <dst id="IPLSng">61579.3573333333</dst>
            <dst id="KSCYng">15270.24</dst>
            <dst id="LOSAng">166.666666666667</dst>
            <dst id="NYCMng">231152.442666667</dst>
            <dst id="SNVAng">345.344</dst>
            <dst id="STTLng">3792.67733333333</dst>
            <dst id="WASHng">282859.013333333</dst>
        </src>
    </IntraTM>
</TrafficMatrixFile>
