<?xml version="1.0" encoding="ISO-8859-1" standalone="yes"?>
<TrafficMatrixFile xsi:noNamespaceSchemaLocation="http://totem.run.montefiore.ulg.ac.be/Schema/TrafficMatrix-v1_2.xsd" xmlns:xsi="http://www.w3.org/2001/XMLSchema-instance">
    <IntraTM ASID="11537">
        <src id="ATLA-M5">
            <dst id="ATLA-M5">1476.25066666667</dst>
            <dst id="ATLAng">2010.18933333333</dst>
            <dst id="CHINng">790.461333333333</dst>
            <dst id="DNVRng">0</dst>
            <dst id="HSTNng">201.586666666667</dst>
            <dst id="IPLSng">187.808</dst>
            <dst id="KSCYng">0</dst>
            <dst id="LOSAng">0</dst>
            <dst id="NYCMng">499.125333333333</dst>
            <dst id="SNVAng">0</dst>
            <dst id="STTLng">0</dst>
            <dst id="WASHng">2483.70933333333</dst>
        </src>
        <src id="ATLAng">
            <dst id="ATLA-M5">0</dst>
            <dst id="ATLAng">29794.648</dst>
            <dst id="CHINng">28067.4986666667</dst>
            <dst id="DNVRng">0</dst>
            <dst id="HSTNng">2796.504</dst>
            <dst id="IPLSng">25386.8586666667</dst>
            <dst id="KSCYng">0</dst>
            <dst id="LOSAng">0</dst>
            <dst id="NYCMng">33207.28</dst>
            <dst id="SNVAng">54.76</dst>
            <dst id="STTLng">26.6666666666667</dst>
            <dst id="WASHng">40210.6293333333</dst>
        </src>
        <src id="CHINng">
            <dst id="ATLA-M5">0</dst>
            <dst id="ATLAng">16669.5866666667</dst>
            <dst id="CHINng">26304.7013333333</dst>
            <dst id="DNVRng">0</dst>
            <dst id="HSTNng">11173.248</dst>
            <dst id="IPLSng">45480.3973333333</dst>
            <dst id="KSCYng">26.6666666666667</dst>
            <dst id="LOSAng">0</dst>
            <dst id="NYCMng">157476.792</dst>
            <dst id="SNVAng">26.6666666666667</dst>
            <dst id="STTLng">1124.21066666667</dst>
            <dst id="WASHng">33494.4106666667</dst>
        </src>
        <src id="DNVRng">
            <dst id="ATLA-M5">0</dst>
            <dst id="ATLAng">6830.08533333333</dst>
            <dst id="CHINng">34452.4106666667</dst>
            <dst id="DNVRng">10825.3893333333</dst>
            <dst id="HSTNng">32252.1013333333</dst>
            <dst id="IPLSng">25344.0293333333</dst>
            <dst id="KSCYng">18798.2853333333</dst>
            <dst id="LOSAng">0</dst>
            <dst id="NYCMng">36803.2133333333</dst>
            <dst id="SNVAng">12848.592</dst>
            <dst id="STTLng">6067.69333333333</dst>
            <dst id="WASHng">40819.904</dst>
        </src>
        <src id="HSTNng">
            <dst id="ATLA-M5">0</dst>
            <dst id="ATLAng">30040.168</dst>
            <dst id="CHINng">990.538666666667</dst>
            <dst id="DNVRng">26.6666666666667</dst>
            <dst id="HSTNng">93958.7866666667</dst>
            <dst id="IPLSng">225.546666666667</dst>
            <dst id="KSCYng">53.3333333333333</dst>
            <dst id="LOSAng">0</dst>
            <dst id="NYCMng">4169.312</dst>
            <dst id="SNVAng">0</dst>
            <dst id="STTLng">0</dst>
            <dst id="WASHng">79545.992</dst>
        </src>
        <src id="IPLSng">
            <dst id="ATLA-M5">0</dst>
            <dst id="ATLAng">22323.2826666667</dst>
            <dst id="CHINng">92539.8293333333</dst>
            <dst id="DNVRng">0</dst>
            <dst id="HSTNng">11372.064</dst>
            <dst id="IPLSng">34938.32</dst>
            <dst id="KSCYng">20362.408</dst>
            <dst id="LOSAng">26.6666666666667</dst>
            <dst id="NYCMng">146537.736</dst>
            <dst id="SNVAng">87.616</dst>
            <dst id="STTLng">106.666666666667</dst>
            <dst id="WASHng">32532.6346666667</dst>
        </src>
        <src id="KSCYng">
            <dst id="ATLA-M5">0</dst>
            <dst id="ATLAng">8127.128</dst>
            <dst id="CHINng">17056.4373333333</dst>
            <dst id="DNVRng">5154.17866666667</dst>
            <dst id="HSTNng">10451.6293333333</dst>
            <dst id="IPLSng">21063.608</dst>
            <dst id="KSCYng">8049.55466666667</dst>
            <dst id="LOSAng">0</dst>
            <dst id="NYCMng">22669.88</dst>
            <dst id="SNVAng">53.3333333333333</dst>
            <dst id="STTLng">26.6666666666667</dst>
            <dst id="WASHng">10134.9413333333</dst>
        </src>
        <src id="LOSAng">
            <dst id="ATLA-M5">0</dst>
            <dst id="ATLAng">26378.9093333333</dst>
            <dst id="CHINng">3173.152</dst>
            <dst id="DNVRng">11990.92</dst>
            <dst id="HSTNng">111541.184</dst>
            <dst id="IPLSng">941.397333333333</dst>
            <dst id="KSCYng">128.042666666667</dst>
            <dst id="LOSAng">23329.768</dst>
            <dst id="NYCMng">74930.3546666667</dst>
            <dst id="SNVAng">8905.30133333333</dst>
            <dst id="STTLng">16489.6853333333</dst>
            <dst id="WASHng">67232.2426666667</dst>
        </src>
        <src id="NYCMng">
            <dst id="ATLA-M5">0</dst>
            <dst id="ATLAng">24379.472</dst>
            <dst id="CHINng">2712.25333333333</dst>
            <dst id="DNVRng">0</dst>
            <dst id="HSTNng">11514.416</dst>
            <dst id="IPLSng">80.2933333333333</dst>
            <dst id="KSCYng">80</dst>
            <dst id="LOSAng">295.042666666667</dst>
            <dst id="NYCMng">438815.546666667</dst>
            <dst id="SNVAng">26.6666666666667</dst>
            <dst id="STTLng">708.266666666667</dst>
            <dst id="WASHng">111527.274666667</dst>
        </src>
        <src id="SNVAng">
            <dst id="ATLA-M5">0</dst>
            <dst id="ATLAng">549.786666666667</dst>
            <dst id="CHINng">0</dst>
            <dst id="DNVRng">3978.30666666667</dst>
            <dst id="HSTNng">2717.14666666667</dst>
            <dst id="IPLSng">0</dst>
            <dst id="KSCYng">270.528</dst>
            <dst id="LOSAng">33143.3386666667</dst>
            <dst id="NYCMng">5398.60266666667</dst>
            <dst id="SNVAng">13091.8026666667</dst>
            <dst id="STTLng">47721.456</dst>
            <dst id="WASHng">377.186666666667</dst>
        </src>
        <src id="STTLng">
            <dst id="ATLA-M5">0</dst>
            <dst id="ATLAng">7787.68266666667</dst>
            <dst id="CHINng">346.112</dst>
            <dst id="DNVRng">5200.09333333333</dst>
            <dst id="HSTNng">14057.8666666667</dst>
            <dst id="IPLSng">202.197333333333</dst>
            <dst id="KSCYng">4548.14933333333</dst>
            <dst id="LOSAng">14156.136</dst>
            <dst id="NYCMng">42513.6053333333</dst>
            <dst id="SNVAng">4232.232</dst>
            <dst id="STTLng">5429.848</dst>
            <dst id="WASHng">30155.592</dst>
        </src>
        <src id="WASHng">
            <dst id="ATLA-M5">0</dst>
            <dst id="ATLAng">134127.256</dst>
            <dst id="CHINng">651.021333333333</dst>
            <dst id="DNVRng">0</dst>
            <dst id="HSTNng">74290.5653333333</dst>
            <dst id="IPLSng">270.957333333333</dst>
            <dst id="KSCYng">53.3333333333333</dst>
            <dst id="LOSAng">26.6666666666667</dst>
            <dst id="NYCMng">456129.653333333</dst>
            <dst id="SNVAng">106.666666666667</dst>
            <dst id="STTLng">26.6666666666667</dst>
            <dst id="WASHng">269018.746666667</dst>
        </src>
    </IntraTM>
</TrafficMatrixFile>
