<?xml version="1.0" encoding="ISO-8859-1" standalone="yes"?>
<TrafficMatrixFile xsi:noNamespaceSchemaLocation="http://totem.run.montefiore.ulg.ac.be/Schema/TrafficMatrix-v1_2.xsd" xmlns:xsi="http://www.w3.org/2001/XMLSchema-instance">
    <IntraTM ASID="11537">
        <src id="ATLA-M5">
            <dst id="ATLA-M5">26.6666666666667</dst>
            <dst id="ATLAng">416.317333333333</dst>
            <dst id="CHINng">1194.14133333333</dst>
            <dst id="DNVRng">0</dst>
            <dst id="HSTNng">1308.928</dst>
            <dst id="IPLSng">3287.912</dst>
            <dst id="KSCYng">239.88</dst>
            <dst id="LOSAng">0</dst>
            <dst id="NYCMng">1048.62133333333</dst>
            <dst id="SNVAng">0</dst>
            <dst id="STTLng">26.6666666666667</dst>
            <dst id="WASHng">1232.73333333333</dst>
        </src>
        <src id="ATLAng">
            <dst id="ATLA-M5">0</dst>
            <dst id="ATLAng">33528.904</dst>
            <dst id="CHINng">28238.0266666667</dst>
            <dst id="DNVRng">62.6666666666667</dst>
            <dst id="HSTNng">79062.7013333333</dst>
            <dst id="IPLSng">44630.1946666667</dst>
            <dst id="KSCYng">6791.86933333333</dst>
            <dst id="LOSAng">26.6666666666667</dst>
            <dst id="NYCMng">29098.2533333333</dst>
            <dst id="SNVAng">53.3333333333333</dst>
            <dst id="STTLng">810.12</dst>
            <dst id="WASHng">82781.4586666667</dst>
        </src>
        <src id="CHINng">
            <dst id="ATLA-M5">0</dst>
            <dst id="ATLAng">43651.768</dst>
            <dst id="CHINng">127043.056</dst>
            <dst id="DNVRng">30247.7413333333</dst>
            <dst id="HSTNng">120905.416</dst>
            <dst id="IPLSng">84434.4053333333</dst>
            <dst id="KSCYng">18321.0666666667</dst>
            <dst id="LOSAng">217.042666666667</dst>
            <dst id="NYCMng">42456.1626666667</dst>
            <dst id="SNVAng">350.090666666667</dst>
            <dst id="STTLng">2962.14133333333</dst>
            <dst id="WASHng">45292.312</dst>
        </src>
        <src id="DNVRng">
            <dst id="ATLA-M5">0</dst>
            <dst id="ATLAng">19115.5653333333</dst>
            <dst id="CHINng">85472.824</dst>
            <dst id="DNVRng">5523.592</dst>
            <dst id="HSTNng">45886.76</dst>
            <dst id="IPLSng">30432.7466666667</dst>
            <dst id="KSCYng">9913.92266666667</dst>
            <dst id="LOSAng">236.72</dst>
            <dst id="NYCMng">18313.9173333333</dst>
            <dst id="SNVAng">23181.6933333333</dst>
            <dst id="STTLng">518.64</dst>
            <dst id="WASHng">53125.7706666667</dst>
        </src>
        <src id="HSTNng">
            <dst id="ATLA-M5">0</dst>
            <dst id="ATLAng">37474.9653333333</dst>
            <dst id="CHINng">1371.608</dst>
            <dst id="DNVRng">61.0613333333333</dst>
            <dst id="HSTNng">170768.52</dst>
            <dst id="IPLSng">106.666666666667</dst>
            <dst id="KSCYng">26.6666666666667</dst>
            <dst id="LOSAng">0</dst>
            <dst id="NYCMng">9965.71466666667</dst>
            <dst id="SNVAng">183.432</dst>
            <dst id="STTLng">53.3333333333333</dst>
            <dst id="WASHng">129826.525333333</dst>
        </src>
        <src id="IPLSng">
            <dst id="ATLA-M5">0</dst>
            <dst id="ATLAng">31487.8186666667</dst>
            <dst id="CHINng">161998.632</dst>
            <dst id="DNVRng">13180.9786666667</dst>
            <dst id="HSTNng">73166.3653333333</dst>
            <dst id="IPLSng">39193.1546666667</dst>
            <dst id="KSCYng">35276.6613333333</dst>
            <dst id="LOSAng">1122.66666666667</dst>
            <dst id="NYCMng">86852.3573333333</dst>
            <dst id="SNVAng">188.138666666667</dst>
            <dst id="STTLng">1639.83733333333</dst>
            <dst id="WASHng">48369.3253333333</dst>
        </src>
        <src id="KSCYng">
            <dst id="ATLA-M5">0</dst>
            <dst id="ATLAng">6931.41866666667</dst>
            <dst id="CHINng">38520.7706666667</dst>
            <dst id="DNVRng">10719.048</dst>
            <dst id="HSTNng">21103.8906666667</dst>
            <dst id="IPLSng">18308.3333333333</dst>
            <dst id="KSCYng">8106.496</dst>
            <dst id="LOSAng">26.6666666666667</dst>
            <dst id="NYCMng">14144.136</dst>
            <dst id="SNVAng">138.658666666667</dst>
            <dst id="STTLng">145.101333333333</dst>
            <dst id="WASHng">17881.9493333333</dst>
        </src>
        <src id="LOSAng">
            <dst id="ATLA-M5">0</dst>
            <dst id="ATLAng">27257.4053333333</dst>
            <dst id="CHINng">8918.256</dst>
            <dst id="DNVRng">26179.5786666667</dst>
            <dst id="HSTNng">165548.661333333</dst>
            <dst id="IPLSng">398.050666666667</dst>
            <dst id="KSCYng">424.661333333333</dst>
            <dst id="LOSAng">10617.0186666667</dst>
            <dst id="NYCMng">58566.3466666667</dst>
            <dst id="SNVAng">16621.6213333333</dst>
            <dst id="STTLng">29503.568</dst>
            <dst id="WASHng">111360.232</dst>
        </src>
        <src id="NYCMng">
            <dst id="ATLA-M5">0</dst>
            <dst id="ATLAng">52041.3066666667</dst>
            <dst id="CHINng">80789.6026666667</dst>
            <dst id="DNVRng">47292.688</dst>
            <dst id="HSTNng">163963.608</dst>
            <dst id="IPLSng">100994.592</dst>
            <dst id="KSCYng">22297.9013333333</dst>
            <dst id="LOSAng">182.504</dst>
            <dst id="NYCMng">261520.224</dst>
            <dst id="SNVAng">151.946666666667</dst>
            <dst id="STTLng">3291.52266666667</dst>
            <dst id="WASHng">157022.706666667</dst>
        </src>
        <src id="SNVAng">
            <dst id="ATLA-M5">0</dst>
            <dst id="ATLAng">2287.98933333333</dst>
            <dst id="CHINng">1721.53066666667</dst>
            <dst id="DNVRng">11710.592</dst>
            <dst id="HSTNng">21592.7626666667</dst>
            <dst id="IPLSng">0</dst>
            <dst id="KSCYng">1239.07733333333</dst>
            <dst id="LOSAng">41541.5893333333</dst>
            <dst id="NYCMng">9408.60266666667</dst>
            <dst id="SNVAng">17325.592</dst>
            <dst id="STTLng">55097.1813333333</dst>
            <dst id="WASHng">4355.09333333333</dst>
        </src>
        <src id="STTLng">
            <dst id="ATLA-M5">0</dst>
            <dst id="ATLAng">15209.552</dst>
            <dst id="CHINng">23116.0826666667</dst>
            <dst id="DNVRng">21413.7946666667</dst>
            <dst id="HSTNng">47661.688</dst>
            <dst id="IPLSng">368.141333333333</dst>
            <dst id="KSCYng">5184.12533333333</dst>
            <dst id="LOSAng">35027.0986666667</dst>
            <dst id="NYCMng">18560.264</dst>
            <dst id="SNVAng">9560.50133333334</dst>
            <dst id="STTLng">3871.456</dst>
            <dst id="WASHng">33346.0613333333</dst>
        </src>
        <src id="WASHng">
            <dst id="ATLA-M5">0</dst>
            <dst id="ATLAng">83522.888</dst>
            <dst id="CHINng">84421.776</dst>
            <dst id="DNVRng">3525.51466666667</dst>
            <dst id="HSTNng">358387.066666667</dst>
            <dst id="IPLSng">82414.576</dst>
            <dst id="KSCYng">19038.9786666667</dst>
            <dst id="LOSAng">53.3333333333333</dst>
            <dst id="NYCMng">200253.192</dst>
            <dst id="SNVAng">442.869333333333</dst>
            <dst id="STTLng">3700.03466666667</dst>
            <dst id="WASHng">319343.92</dst>
        </src>
    </IntraTM>
</TrafficMatrixFile>
