<?xml version="1.0" encoding="ISO-8859-1" standalone="yes"?>
<TrafficMatrixFile xsi:noNamespaceSchemaLocation="http://totem.run.montefiore.ulg.ac.be/Schema/TrafficMatrix-v1_2.xsd" xmlns:xsi="http://www.w3.org/2001/XMLSchema-instance">
    <IntraTM ASID="11537">
        <src id="ATLA-M5">
            <dst id="ATLA-M5">1125.47733333333</dst>
            <dst id="ATLAng">1094.77066666667</dst>
            <dst id="CHINng">517.568</dst>
            <dst id="DNVRng">0</dst>
            <dst id="HSTNng">412.405333333333</dst>
            <dst id="IPLSng">160.141333333333</dst>
            <dst id="KSCYng">0</dst>
            <dst id="LOSAng">0</dst>
            <dst id="NYCMng">3275.52533333333</dst>
            <dst id="SNVAng">0</dst>
            <dst id="STTLng">0</dst>
            <dst id="WASHng">1694.90666666667</dst>
        </src>
        <src id="ATLAng">
            <dst id="ATLA-M5">0</dst>
            <dst id="ATLAng">51923.624</dst>
            <dst id="CHINng">38210.5413333333</dst>
            <dst id="DNVRng">0</dst>
            <dst id="HSTNng">20003.648</dst>
            <dst id="IPLSng">30941.4613333333</dst>
            <dst id="KSCYng">0</dst>
            <dst id="LOSAng">26.6666666666667</dst>
            <dst id="NYCMng">40080.7813333333</dst>
            <dst id="SNVAng">92.8213333333333</dst>
            <dst id="STTLng">26.6666666666667</dst>
            <dst id="WASHng">45985.056</dst>
        </src>
        <src id="CHINng">
            <dst id="ATLA-M5">0</dst>
            <dst id="ATLAng">23069.2373333333</dst>
            <dst id="CHINng">27412.4986666667</dst>
            <dst id="DNVRng">0</dst>
            <dst id="HSTNng">13439.944</dst>
            <dst id="IPLSng">34148.6853333333</dst>
            <dst id="KSCYng">187.138666666667</dst>
            <dst id="LOSAng">0</dst>
            <dst id="NYCMng">159527.189333333</dst>
            <dst id="SNVAng">54.1706666666667</dst>
            <dst id="STTLng">2086.66666666667</dst>
            <dst id="WASHng">30434.248</dst>
        </src>
        <src id="DNVRng">
            <dst id="ATLA-M5">0</dst>
            <dst id="ATLAng">6320.936</dst>
            <dst id="CHINng">34282.904</dst>
            <dst id="DNVRng">6402.392</dst>
            <dst id="HSTNng">34016.1013333333</dst>
            <dst id="IPLSng">30893.656</dst>
            <dst id="KSCYng">13548.9546666667</dst>
            <dst id="LOSAng">0</dst>
            <dst id="NYCMng">39915.7866666667</dst>
            <dst id="SNVAng">7717.15733333333</dst>
            <dst id="STTLng">58.7173333333333</dst>
            <dst id="WASHng">42865.0853333333</dst>
        </src>
        <src id="HSTNng">
            <dst id="ATLA-M5">0</dst>
            <dst id="ATLAng">25211.5893333333</dst>
            <dst id="CHINng">1342.78666666667</dst>
            <dst id="DNVRng">59.9733333333333</dst>
            <dst id="HSTNng">200141.981333333</dst>
            <dst id="IPLSng">106.666666666667</dst>
            <dst id="KSCYng">26.6666666666667</dst>
            <dst id="LOSAng">0</dst>
            <dst id="NYCMng">4159.26666666667</dst>
            <dst id="SNVAng">128.778666666667</dst>
            <dst id="STTLng">0</dst>
            <dst id="WASHng">78655.336</dst>
        </src>
        <src id="IPLSng">
            <dst id="ATLA-M5">0</dst>
            <dst id="ATLAng">24543.2853333333</dst>
            <dst id="CHINng">100064.274666667</dst>
            <dst id="DNVRng">0</dst>
            <dst id="HSTNng">12555.0053333333</dst>
            <dst id="IPLSng">22165.656</dst>
            <dst id="KSCYng">17813.4133333333</dst>
            <dst id="LOSAng">0</dst>
            <dst id="NYCMng">143559.682666667</dst>
            <dst id="SNVAng">80</dst>
            <dst id="STTLng">53.92</dst>
            <dst id="WASHng">39756.8373333333</dst>
        </src>
        <src id="KSCYng">
            <dst id="ATLA-M5">0</dst>
            <dst id="ATLAng">5948.33866666667</dst>
            <dst id="CHINng">11606.3066666667</dst>
            <dst id="DNVRng">5872.33066666666</dst>
            <dst id="HSTNng">10091.704</dst>
            <dst id="IPLSng">14049.5333333333</dst>
            <dst id="KSCYng">9025.86666666667</dst>
            <dst id="LOSAng">0</dst>
            <dst id="NYCMng">20215.568</dst>
            <dst id="SNVAng">26.6666666666667</dst>
            <dst id="STTLng">0</dst>
            <dst id="WASHng">8120.624</dst>
        </src>
        <src id="LOSAng">
            <dst id="ATLA-M5">0</dst>
            <dst id="ATLAng">22632.6186666667</dst>
            <dst id="CHINng">4394.24</dst>
            <dst id="DNVRng">11210.096</dst>
            <dst id="HSTNng">111383.024</dst>
            <dst id="IPLSng">1372.89333333333</dst>
            <dst id="KSCYng">274.245333333333</dst>
            <dst id="LOSAng">16882.928</dst>
            <dst id="NYCMng">77691.888</dst>
            <dst id="SNVAng">9711.20266666667</dst>
            <dst id="STTLng">18903.3306666667</dst>
            <dst id="WASHng">66531.3706666667</dst>
        </src>
        <src id="NYCMng">
            <dst id="ATLA-M5">0</dst>
            <dst id="ATLAng">31953.9626666667</dst>
            <dst id="CHINng">881.736</dst>
            <dst id="DNVRng">0</dst>
            <dst id="HSTNng">16312.3813333333</dst>
            <dst id="IPLSng">53.3333333333333</dst>
            <dst id="KSCYng">250.861333333333</dst>
            <dst id="LOSAng">160</dst>
            <dst id="NYCMng">423036.053333333</dst>
            <dst id="SNVAng">53.3333333333333</dst>
            <dst id="STTLng">786.776</dst>
            <dst id="WASHng">98849.456</dst>
        </src>
        <src id="SNVAng">
            <dst id="ATLA-M5">0</dst>
            <dst id="ATLAng">788.061333333333</dst>
            <dst id="CHINng">0</dst>
            <dst id="DNVRng">8016.66666666667</dst>
            <dst id="HSTNng">4387.49066666667</dst>
            <dst id="IPLSng">0</dst>
            <dst id="KSCYng">225.101333333333</dst>
            <dst id="LOSAng">36175.528</dst>
            <dst id="NYCMng">5873.25066666667</dst>
            <dst id="SNVAng">13576.5253333333</dst>
            <dst id="STTLng">52306.2933333333</dst>
            <dst id="WASHng">764.994666666667</dst>
        </src>
        <src id="STTLng">
            <dst id="ATLA-M5">0</dst>
            <dst id="ATLAng">13556.032</dst>
            <dst id="CHINng">808.738666666667</dst>
            <dst id="DNVRng">5892.07733333333</dst>
            <dst id="HSTNng">28092.8186666667</dst>
            <dst id="IPLSng">134.2</dst>
            <dst id="KSCYng">3312.336</dst>
            <dst id="LOSAng">19231.0186666667</dst>
            <dst id="NYCMng">53007.2986666667</dst>
            <dst id="SNVAng">9859.73866666667</dst>
            <dst id="STTLng">2797.37066666667</dst>
            <dst id="WASHng">32031.0693333333</dst>
        </src>
        <src id="WASHng">
            <dst id="ATLA-M5">0</dst>
            <dst id="ATLAng">104059.616</dst>
            <dst id="CHINng">1477.01066666667</dst>
            <dst id="DNVRng">0</dst>
            <dst id="HSTNng">77868.304</dst>
            <dst id="IPLSng">228.893333333333</dst>
            <dst id="KSCYng">603.032</dst>
            <dst id="LOSAng">80</dst>
            <dst id="NYCMng">499819.333333333</dst>
            <dst id="SNVAng">26.6666666666667</dst>
            <dst id="STTLng">490.304</dst>
            <dst id="WASHng">279762.56</dst>
        </src>
    </IntraTM>
</TrafficMatrixFile>
