<?xml version="1.0" encoding="ISO-8859-1" standalone="yes"?>
<TrafficMatrixFile xsi:noNamespaceSchemaLocation="http://totem.run.montefiore.ulg.ac.be/Schema/TrafficMatrix-v1_2.xsd" xmlns:xsi="http://www.w3.org/2001/XMLSchema-instance">
    <IntraTM ASID="11537">
        <src id="ATLA-M5">
            <dst id="ATLA-M5">93.68</dst>
            <dst id="ATLAng">1079.17333333333</dst>
            <dst id="CHINng">1019.10666666667</dst>
            <dst id="DNVRng">0</dst>
            <dst id="HSTNng">729.309333333333</dst>
            <dst id="IPLSng">216.405333333333</dst>
            <dst id="KSCYng">314.896</dst>
            <dst id="LOSAng">0</dst>
            <dst id="NYCMng">521.762666666667</dst>
            <dst id="SNVAng">53.3333333333333</dst>
            <dst id="STTLng">53.3333333333333</dst>
            <dst id="WASHng">2106.57333333333</dst>
        </src>
        <src id="ATLAng">
            <dst id="ATLA-M5">0</dst>
            <dst id="ATLAng">37314.304</dst>
            <dst id="CHINng">45091.68</dst>
            <dst id="DNVRng">85.704</dst>
            <dst id="HSTNng">67710.7226666667</dst>
            <dst id="IPLSng">37887.7573333333</dst>
            <dst id="KSCYng">8870.02133333333</dst>
            <dst id="LOSAng">0</dst>
            <dst id="NYCMng">17911.7466666667</dst>
            <dst id="SNVAng">243.088</dst>
            <dst id="STTLng">240.890666666667</dst>
            <dst id="WASHng">105572.290666667</dst>
        </src>
        <src id="CHINng">
            <dst id="ATLA-M5">0</dst>
            <dst id="ATLAng">40146.856</dst>
            <dst id="CHINng">121103.661333333</dst>
            <dst id="DNVRng">18793.3813333333</dst>
            <dst id="HSTNng">76220.8133333333</dst>
            <dst id="IPLSng">103099.362666667</dst>
            <dst id="KSCYng">19315.864</dst>
            <dst id="LOSAng">141.949333333333</dst>
            <dst id="NYCMng">49493.976</dst>
            <dst id="SNVAng">192.256</dst>
            <dst id="STTLng">673.138666666667</dst>
            <dst id="WASHng">54078.9493333333</dst>
        </src>
        <src id="DNVRng">
            <dst id="ATLA-M5">0</dst>
            <dst id="ATLAng">14947.7866666667</dst>
            <dst id="CHINng">75420.832</dst>
            <dst id="DNVRng">17934.5973333333</dst>
            <dst id="HSTNng">61146.5333333333</dst>
            <dst id="IPLSng">28097.4106666667</dst>
            <dst id="KSCYng">18974.7413333333</dst>
            <dst id="LOSAng">80</dst>
            <dst id="NYCMng">21184.7893333333</dst>
            <dst id="SNVAng">14834.704</dst>
            <dst id="STTLng">309.477333333333</dst>
            <dst id="WASHng">76891.3546666667</dst>
        </src>
        <src id="HSTNng">
            <dst id="ATLA-M5">0</dst>
            <dst id="ATLAng">30200.8906666667</dst>
            <dst id="CHINng">2542.256</dst>
            <dst id="DNVRng">105.146666666667</dst>
            <dst id="HSTNng">313244.88</dst>
            <dst id="IPLSng">253.904</dst>
            <dst id="KSCYng">0</dst>
            <dst id="LOSAng">0</dst>
            <dst id="NYCMng">9976.512</dst>
            <dst id="SNVAng">26.6666666666667</dst>
            <dst id="STTLng">190.522666666667</dst>
            <dst id="WASHng">128858.522666667</dst>
        </src>
        <src id="IPLSng">
            <dst id="ATLA-M5">0</dst>
            <dst id="ATLAng">19375.8053333333</dst>
            <dst id="CHINng">160727.813333333</dst>
            <dst id="DNVRng">12682.4773333333</dst>
            <dst id="HSTNng">57131.0453333333</dst>
            <dst id="IPLSng">42945.9973333333</dst>
            <dst id="KSCYng">49620.424</dst>
            <dst id="LOSAng">53.3333333333333</dst>
            <dst id="NYCMng">42214.44</dst>
            <dst id="SNVAng">4181.31733333333</dst>
            <dst id="STTLng">399.432</dst>
            <dst id="WASHng">42968.7893333333</dst>
        </src>
        <src id="KSCYng">
            <dst id="ATLA-M5">0</dst>
            <dst id="ATLAng">8393.896</dst>
            <dst id="CHINng">45277.0186666667</dst>
            <dst id="DNVRng">18987.5973333333</dst>
            <dst id="HSTNng">18546.6</dst>
            <dst id="IPLSng">25729.8693333333</dst>
            <dst id="KSCYng">10801.36</dst>
            <dst id="LOSAng">26.6666666666667</dst>
            <dst id="NYCMng">18042.1013333333</dst>
            <dst id="SNVAng">80</dst>
            <dst id="STTLng">182.933333333333</dst>
            <dst id="WASHng">13977.304</dst>
        </src>
        <src id="LOSAng">
            <dst id="ATLA-M5">0</dst>
            <dst id="ATLAng">24600.5226666667</dst>
            <dst id="CHINng">8357.10933333333</dst>
            <dst id="DNVRng">16899.48</dst>
            <dst id="HSTNng">255887.632</dst>
            <dst id="IPLSng">2373.752</dst>
            <dst id="KSCYng">1005.504</dst>
            <dst id="LOSAng">19844.3333333333</dst>
            <dst id="NYCMng">51306.1146666667</dst>
            <dst id="SNVAng">15332.4613333333</dst>
            <dst id="STTLng">22853.7946666667</dst>
            <dst id="WASHng">112601.674666667</dst>
        </src>
        <src id="NYCMng">
            <dst id="ATLA-M5">0</dst>
            <dst id="ATLAng">55099.136</dst>
            <dst id="CHINng">89702.488</dst>
            <dst id="DNVRng">47840.5946666667</dst>
            <dst id="HSTNng">140636.490666667</dst>
            <dst id="IPLSng">77755.112</dst>
            <dst id="KSCYng">34217.8906666667</dst>
            <dst id="LOSAng">660.562666666667</dst>
            <dst id="NYCMng">278457.706666667</dst>
            <dst id="SNVAng">475.816</dst>
            <dst id="STTLng">1727.592</dst>
            <dst id="WASHng">169339.674666667</dst>
        </src>
        <src id="SNVAng">
            <dst id="ATLA-M5">0</dst>
            <dst id="ATLAng">3178.09866666667</dst>
            <dst id="CHINng">3105.68266666667</dst>
            <dst id="DNVRng">14968.8133333333</dst>
            <dst id="HSTNng">10587.232</dst>
            <dst id="IPLSng">80</dst>
            <dst id="KSCYng">1096.25866666667</dst>
            <dst id="LOSAng">41700.136</dst>
            <dst id="NYCMng">6170.49333333333</dst>
            <dst id="SNVAng">25244.9706666667</dst>
            <dst id="STTLng">55544.6666666666</dst>
            <dst id="WASHng">1383.688</dst>
        </src>
        <src id="STTLng">
            <dst id="ATLA-M5">0</dst>
            <dst id="ATLAng">14959.464</dst>
            <dst id="CHINng">23365.4986666667</dst>
            <dst id="DNVRng">10248.8693333333</dst>
            <dst id="HSTNng">66750.1226666667</dst>
            <dst id="IPLSng">1046.872</dst>
            <dst id="KSCYng">5715.55466666667</dst>
            <dst id="LOSAng">23390.5653333333</dst>
            <dst id="NYCMng">13746.9546666667</dst>
            <dst id="SNVAng">9371.61066666667</dst>
            <dst id="STTLng">3553.61066666667</dst>
            <dst id="WASHng">39626.9466666667</dst>
        </src>
        <src id="WASHng">
            <dst id="ATLA-M5">0</dst>
            <dst id="ATLAng">142214.952</dst>
            <dst id="CHINng">110706.346666667</dst>
            <dst id="DNVRng">5146.14666666667</dst>
            <dst id="HSTNng">344003.92</dst>
            <dst id="IPLSng">88612.744</dst>
            <dst id="KSCYng">39135.5306666667</dst>
            <dst id="LOSAng">106.666666666667</dst>
            <dst id="NYCMng">172565.325333333</dst>
            <dst id="SNVAng">511.634666666667</dst>
            <dst id="STTLng">6037.68</dst>
            <dst id="WASHng">435758.933333333</dst>
        </src>
    </IntraTM>
</TrafficMatrixFile>
