<?xml version="1.0" encoding="ISO-8859-1" standalone="yes"?>
<TrafficMatrixFile xsi:noNamespaceSchemaLocation="http://totem.run.montefiore.ulg.ac.be/Schema/TrafficMatrix-v1_2.xsd" xmlns:xsi="http://www.w3.org/2001/XMLSchema-instance">
    <IntraTM ASID="11537">
        <src id="ATLA-M5">
            <dst id="ATLA-M5">204.261333333333</dst>
            <dst id="ATLAng">1158.79733333333</dst>
            <dst id="CHINng">879.301333333333</dst>
            <dst id="DNVRng">0</dst>
            <dst id="HSTNng">2450.568</dst>
            <dst id="IPLSng">192.762666666667</dst>
            <dst id="KSCYng">365.413333333333</dst>
            <dst id="LOSAng">0</dst>
            <dst id="NYCMng">3310.79466666667</dst>
            <dst id="SNVAng">0</dst>
            <dst id="STTLng">0</dst>
            <dst id="WASHng">1087.21333333333</dst>
        </src>
        <src id="ATLAng">
            <dst id="ATLA-M5">0</dst>
            <dst id="ATLAng">27972.8106666667</dst>
            <dst id="CHINng">37183.7013333333</dst>
            <dst id="DNVRng">127.242666666667</dst>
            <dst id="HSTNng">72572.9386666667</dst>
            <dst id="IPLSng">42677.904</dst>
            <dst id="KSCYng">3965.77066666667</dst>
            <dst id="LOSAng">0</dst>
            <dst id="NYCMng">30761.528</dst>
            <dst id="SNVAng">124.426666666667</dst>
            <dst id="STTLng">80</dst>
            <dst id="WASHng">58883.8693333333</dst>
        </src>
        <src id="CHINng">
            <dst id="ATLA-M5">0</dst>
            <dst id="ATLAng">41174.064</dst>
            <dst id="CHINng">128934.8</dst>
            <dst id="DNVRng">28526.9893333333</dst>
            <dst id="HSTNng">116600.928</dst>
            <dst id="IPLSng">81724.3466666667</dst>
            <dst id="KSCYng">21435.648</dst>
            <dst id="LOSAng">227.808</dst>
            <dst id="NYCMng">45673.7866666667</dst>
            <dst id="SNVAng">63.1253333333333</dst>
            <dst id="STTLng">912.890666666667</dst>
            <dst id="WASHng">48538.176</dst>
        </src>
        <src id="DNVRng">
            <dst id="ATLA-M5">0</dst>
            <dst id="ATLAng">24108.056</dst>
            <dst id="CHINng">87376.9013333333</dst>
            <dst id="DNVRng">26212.3893333333</dst>
            <dst id="HSTNng">63790.4586666667</dst>
            <dst id="IPLSng">30748.296</dst>
            <dst id="KSCYng">26260.608</dst>
            <dst id="LOSAng">0</dst>
            <dst id="NYCMng">17530.8933333333</dst>
            <dst id="SNVAng">21506.3146666667</dst>
            <dst id="STTLng">432.064</dst>
            <dst id="WASHng">57623.248</dst>
        </src>
        <src id="HSTNng">
            <dst id="ATLA-M5">0</dst>
            <dst id="ATLAng">53431.4933333333</dst>
            <dst id="CHINng">4283.72</dst>
            <dst id="DNVRng">26.6666666666667</dst>
            <dst id="HSTNng">187352.872</dst>
            <dst id="IPLSng">0</dst>
            <dst id="KSCYng">26.6666666666667</dst>
            <dst id="LOSAng">26.6666666666667</dst>
            <dst id="NYCMng">9093.05333333334</dst>
            <dst id="SNVAng">92.8266666666667</dst>
            <dst id="STTLng">275.56</dst>
            <dst id="WASHng">127328.077333333</dst>
        </src>
        <src id="IPLSng">
            <dst id="ATLA-M5">0</dst>
            <dst id="ATLAng">36278.1573333333</dst>
            <dst id="CHINng">108662.573333333</dst>
            <dst id="DNVRng">24291.8053333333</dst>
            <dst id="HSTNng">55695.8986666667</dst>
            <dst id="IPLSng">28713.8586666667</dst>
            <dst id="KSCYng">25445.1573333333</dst>
            <dst id="LOSAng">1163.34933333333</dst>
            <dst id="NYCMng">59143.016</dst>
            <dst id="SNVAng">6085.70133333333</dst>
            <dst id="STTLng">312.898666666667</dst>
            <dst id="WASHng">42294.5573333333</dst>
        </src>
        <src id="KSCYng">
            <dst id="ATLA-M5">0</dst>
            <dst id="ATLAng">9726.56533333333</dst>
            <dst id="CHINng">40053.248</dst>
            <dst id="DNVRng">23439.4213333333</dst>
            <dst id="HSTNng">23258.9146666667</dst>
            <dst id="IPLSng">29174.8293333333</dst>
            <dst id="KSCYng">8356.72</dst>
            <dst id="LOSAng">0</dst>
            <dst id="NYCMng">14553.0826666667</dst>
            <dst id="SNVAng">103.2</dst>
            <dst id="STTLng">113.213333333333</dst>
            <dst id="WASHng">17439.2506666667</dst>
        </src>
        <src id="LOSAng">
            <dst id="ATLA-M5">0</dst>
            <dst id="ATLAng">42754.912</dst>
            <dst id="CHINng">14387.9493333333</dst>
            <dst id="DNVRng">25540.552</dst>
            <dst id="HSTNng">171237.461333333</dst>
            <dst id="IPLSng">1221.81066666667</dst>
            <dst id="KSCYng">850.029333333333</dst>
            <dst id="LOSAng">14178.3253333333</dst>
            <dst id="NYCMng">62401.7253333333</dst>
            <dst id="SNVAng">16308.68</dst>
            <dst id="STTLng">28389.8346666667</dst>
            <dst id="WASHng">108475.797333333</dst>
        </src>
        <src id="NYCMng">
            <dst id="ATLA-M5">0</dst>
            <dst id="ATLAng">62282.616</dst>
            <dst id="CHINng">84520.7013333333</dst>
            <dst id="DNVRng">50170.9626666667</dst>
            <dst id="HSTNng">145647.424</dst>
            <dst id="IPLSng">87334.1253333333</dst>
            <dst id="KSCYng">31278.8986666667</dst>
            <dst id="LOSAng">56.96</dst>
            <dst id="NYCMng">272453.253333333</dst>
            <dst id="SNVAng">921.248</dst>
            <dst id="STTLng">1677.53866666667</dst>
            <dst id="WASHng">191143.893333333</dst>
        </src>
        <src id="SNVAng">
            <dst id="ATLA-M5">0</dst>
            <dst id="ATLAng">1522.68533333333</dst>
            <dst id="CHINng">680.445333333333</dst>
            <dst id="DNVRng">15127.488</dst>
            <dst id="HSTNng">11192.9333333333</dst>
            <dst id="IPLSng">0</dst>
            <dst id="KSCYng">4375.70666666667</dst>
            <dst id="LOSAng">41219.704</dst>
            <dst id="NYCMng">8507.09866666666</dst>
            <dst id="SNVAng">18633.3706666667</dst>
            <dst id="STTLng">59857.144</dst>
            <dst id="WASHng">2182.056</dst>
        </src>
        <src id="STTLng">
            <dst id="ATLA-M5">0</dst>
            <dst id="ATLAng">13488.152</dst>
            <dst id="CHINng">21842.9333333333</dst>
            <dst id="DNVRng">16478.9546666667</dst>
            <dst id="HSTNng">50649.4026666667</dst>
            <dst id="IPLSng">435.325333333333</dst>
            <dst id="KSCYng">7556.22666666667</dst>
            <dst id="LOSAng">28903.4933333333</dst>
            <dst id="NYCMng">17934.4826666667</dst>
            <dst id="SNVAng">10347.5626666667</dst>
            <dst id="STTLng">7769.768</dst>
            <dst id="WASHng">41075.0506666667</dst>
        </src>
        <src id="WASHng">
            <dst id="ATLA-M5">0</dst>
            <dst id="ATLAng">80023.7173333333</dst>
            <dst id="CHINng">123211.725333333</dst>
            <dst id="DNVRng">6055.95733333333</dst>
            <dst id="HSTNng">340830.826666667</dst>
            <dst id="IPLSng">111079.597333333</dst>
            <dst id="KSCYng">32103.632</dst>
            <dst id="LOSAng">26.6666666666667</dst>
            <dst id="NYCMng">251966.709333333</dst>
            <dst id="SNVAng">502.301333333333</dst>
            <dst id="STTLng">3592.608</dst>
            <dst id="WASHng">325276.48</dst>
        </src>
    </IntraTM>
</TrafficMatrixFile>
