<?xml version="1.0" encoding="ISO-8859-1" standalone="yes"?>
<TrafficMatrixFile xsi:noNamespaceSchemaLocation="http://totem.run.montefiore.ulg.ac.be/Schema/TrafficMatrix-v1_2.xsd" xmlns:xsi="http://www.w3.org/2001/XMLSchema-instance">
    <IntraTM ASID="11537">
        <src id="ATLA-M5">
            <dst id="ATLA-M5">38.0693333333333</dst>
            <dst id="ATLAng">1058.19733333333</dst>
            <dst id="CHINng">1974.63466666667</dst>
            <dst id="DNVRng">26.6666666666667</dst>
            <dst id="HSTNng">873.848</dst>
            <dst id="IPLSng">441.952</dst>
            <dst id="KSCYng">223.669333333333</dst>
            <dst id="LOSAng">0</dst>
            <dst id="NYCMng">545.792</dst>
            <dst id="SNVAng">0</dst>
            <dst id="STTLng">0</dst>
            <dst id="WASHng">754.184</dst>
        </src>
        <src id="ATLAng">
            <dst id="ATLA-M5">0</dst>
            <dst id="ATLAng">24843.552</dst>
            <dst id="CHINng">23253.2026666667</dst>
            <dst id="DNVRng">53.3333333333333</dst>
            <dst id="HSTNng">466865.973333333</dst>
            <dst id="IPLSng">36462.8053333333</dst>
            <dst id="KSCYng">9076.67733333333</dst>
            <dst id="LOSAng">94.4373333333333</dst>
            <dst id="NYCMng">19225.2453333333</dst>
            <dst id="SNVAng">199.928</dst>
            <dst id="STTLng">525.210666666667</dst>
            <dst id="WASHng">59750.8213333333</dst>
        </src>
        <src id="CHINng">
            <dst id="ATLA-M5">0</dst>
            <dst id="ATLAng">32300.9813333333</dst>
            <dst id="CHINng">105691.645333333</dst>
            <dst id="DNVRng">25829.8053333333</dst>
            <dst id="HSTNng">140654.789333333</dst>
            <dst id="IPLSng">87306.0186666667</dst>
            <dst id="KSCYng">20074.2506666667</dst>
            <dst id="LOSAng">264.402666666667</dst>
            <dst id="NYCMng">42769.592</dst>
            <dst id="SNVAng">26.6666666666667</dst>
            <dst id="STTLng">1380.096</dst>
            <dst id="WASHng">42198.2746666667</dst>
        </src>
        <src id="DNVRng">
            <dst id="ATLA-M5">0</dst>
            <dst id="ATLAng">8929.38933333333</dst>
            <dst id="CHINng">53248.2773333333</dst>
            <dst id="DNVRng">14751.5573333333</dst>
            <dst id="HSTNng">60285.6906666667</dst>
            <dst id="IPLSng">40090.2</dst>
            <dst id="KSCYng">16390.752</dst>
            <dst id="LOSAng">0</dst>
            <dst id="NYCMng">27732.9626666667</dst>
            <dst id="SNVAng">13329.208</dst>
            <dst id="STTLng">53.3333333333333</dst>
            <dst id="WASHng">41337.232</dst>
        </src>
        <src id="HSTNng">
            <dst id="ATLA-M5">0</dst>
            <dst id="ATLAng">35848.9626666667</dst>
            <dst id="CHINng">1860.4</dst>
            <dst id="DNVRng">26.6666666666667</dst>
            <dst id="HSTNng">155342.090666667</dst>
            <dst id="IPLSng">26.6666666666667</dst>
            <dst id="KSCYng">26.6666666666667</dst>
            <dst id="LOSAng">0</dst>
            <dst id="NYCMng">9836.76</dst>
            <dst id="SNVAng">140.405333333333</dst>
            <dst id="STTLng">227.074666666667</dst>
            <dst id="WASHng">113128.690666667</dst>
        </src>
        <src id="IPLSng">
            <dst id="ATLA-M5">0</dst>
            <dst id="ATLAng">33613.1413333333</dst>
            <dst id="CHINng">126194.277333333</dst>
            <dst id="DNVRng">17219.0506666667</dst>
            <dst id="HSTNng">127957.837333333</dst>
            <dst id="IPLSng">51229.6666666666</dst>
            <dst id="KSCYng">21198.4746666667</dst>
            <dst id="LOSAng">0</dst>
            <dst id="NYCMng">68870.0506666667</dst>
            <dst id="SNVAng">98.4213333333334</dst>
            <dst id="STTLng">449.698666666667</dst>
            <dst id="WASHng">45590.5813333333</dst>
        </src>
        <src id="KSCYng">
            <dst id="ATLA-M5">0</dst>
            <dst id="ATLAng">6976.56</dst>
            <dst id="CHINng">31553.6533333333</dst>
            <dst id="DNVRng">8418.512</dst>
            <dst id="HSTNng">21622.1306666667</dst>
            <dst id="IPLSng">15540.3146666667</dst>
            <dst id="KSCYng">9883.33066666667</dst>
            <dst id="LOSAng">0</dst>
            <dst id="NYCMng">13796.9893333333</dst>
            <dst id="SNVAng">53.3333333333333</dst>
            <dst id="STTLng">95.1146666666667</dst>
            <dst id="WASHng">16674.736</dst>
        </src>
        <src id="LOSAng">
            <dst id="ATLA-M5">0</dst>
            <dst id="ATLAng">24959.9413333333</dst>
            <dst id="CHINng">7610.296</dst>
            <dst id="DNVRng">17776.6133333333</dst>
            <dst id="HSTNng">184193.693333333</dst>
            <dst id="IPLSng">233.96</dst>
            <dst id="KSCYng">157.512</dst>
            <dst id="LOSAng">43153.6213333333</dst>
            <dst id="NYCMng">70372.5306666667</dst>
            <dst id="SNVAng">13592.7866666667</dst>
            <dst id="STTLng">30810.4426666667</dst>
            <dst id="WASHng">102444.365333333</dst>
        </src>
        <src id="NYCMng">
            <dst id="ATLA-M5">0</dst>
            <dst id="ATLAng">41423.864</dst>
            <dst id="CHINng">96496.5866666667</dst>
            <dst id="DNVRng">38358.328</dst>
            <dst id="HSTNng">164645.653333333</dst>
            <dst id="IPLSng">68198.448</dst>
            <dst id="KSCYng">31317.8533333333</dst>
            <dst id="LOSAng">297.408</dst>
            <dst id="NYCMng">262428.568</dst>
            <dst id="SNVAng">0</dst>
            <dst id="STTLng">4884.024</dst>
            <dst id="WASHng">149634.136</dst>
        </src>
        <src id="SNVAng">
            <dst id="ATLA-M5">0</dst>
            <dst id="ATLAng">2063.71733333333</dst>
            <dst id="CHINng">2772.92</dst>
            <dst id="DNVRng">9146.528</dst>
            <dst id="HSTNng">11676.3146666667</dst>
            <dst id="IPLSng">26.6666666666667</dst>
            <dst id="KSCYng">547.229333333333</dst>
            <dst id="LOSAng">34737.9386666667</dst>
            <dst id="NYCMng">5919.64533333333</dst>
            <dst id="SNVAng">14506.6826666667</dst>
            <dst id="STTLng">55489.3173333333</dst>
            <dst id="WASHng">2012.53066666667</dst>
        </src>
        <src id="STTLng">
            <dst id="ATLA-M5">0</dst>
            <dst id="ATLAng">13382.9946666667</dst>
            <dst id="CHINng">21320.0266666667</dst>
            <dst id="DNVRng">7561.85866666667</dst>
            <dst id="HSTNng">44024.5786666667</dst>
            <dst id="IPLSng">290.872</dst>
            <dst id="KSCYng">6900.25866666667</dst>
            <dst id="LOSAng">31754.3653333333</dst>
            <dst id="NYCMng">17477.1893333333</dst>
            <dst id="SNVAng">7713.77333333333</dst>
            <dst id="STTLng">5739.80533333333</dst>
            <dst id="WASHng">30424.3866666667</dst>
        </src>
        <src id="WASHng">
            <dst id="ATLA-M5">0</dst>
            <dst id="ATLAng">89895.76</dst>
            <dst id="CHINng">116891.141333333</dst>
            <dst id="DNVRng">2619.92</dst>
            <dst id="HSTNng">295168.186666667</dst>
            <dst id="IPLSng">63012.064</dst>
            <dst id="KSCYng">15403.7413333333</dst>
            <dst id="LOSAng">205.277333333333</dst>
            <dst id="NYCMng">203771.637333333</dst>
            <dst id="SNVAng">309.114666666667</dst>
            <dst id="STTLng">2925.61333333333</dst>
            <dst id="WASHng">295795.44</dst>
        </src>
    </IntraTM>
</TrafficMatrixFile>
