<?xml version="1.0" encoding="ISO-8859-1" standalone="yes"?>
<TrafficMatrixFile xsi:noNamespaceSchemaLocation="http://totem.run.montefiore.ulg.ac.be/Schema/TrafficMatrix-v1_2.xsd" xmlns:xsi="http://www.w3.org/2001/XMLSchema-instance">
    <IntraTM ASID="11537">
        <src id="ATLA-M5">
            <dst id="ATLA-M5">26.6666666666667</dst>
            <dst id="ATLAng">107.578666666667</dst>
            <dst id="CHINng">915.077333333333</dst>
            <dst id="DNVRng">0</dst>
            <dst id="HSTNng">792.594666666667</dst>
            <dst id="IPLSng">137.12</dst>
            <dst id="KSCYng">85.544</dst>
            <dst id="LOSAng">0</dst>
            <dst id="NYCMng">464.234666666667</dst>
            <dst id="SNVAng">0</dst>
            <dst id="STTLng">0</dst>
            <dst id="WASHng">1870.19466666667</dst>
        </src>
        <src id="ATLAng">
            <dst id="ATLA-M5">0</dst>
            <dst id="ATLAng">28029.5546666667</dst>
            <dst id="CHINng">19844.1946666667</dst>
            <dst id="DNVRng">130.352</dst>
            <dst id="HSTNng">651452.213333333</dst>
            <dst id="IPLSng">77704.4426666667</dst>
            <dst id="KSCYng">3847.52533333333</dst>
            <dst id="LOSAng">263.52</dst>
            <dst id="NYCMng">27583.032</dst>
            <dst id="SNVAng">26.6666666666667</dst>
            <dst id="STTLng">203.114666666667</dst>
            <dst id="WASHng">80698.5893333334</dst>
        </src>
        <src id="CHINng">
            <dst id="ATLA-M5">0</dst>
            <dst id="ATLAng">33450.4026666667</dst>
            <dst id="CHINng">147012.077333333</dst>
            <dst id="DNVRng">19572.7466666667</dst>
            <dst id="HSTNng">112296.045333333</dst>
            <dst id="IPLSng">60154.2106666667</dst>
            <dst id="KSCYng">18383.28</dst>
            <dst id="LOSAng">399.861333333333</dst>
            <dst id="NYCMng">52011.288</dst>
            <dst id="SNVAng">0</dst>
            <dst id="STTLng">755.736</dst>
            <dst id="WASHng">52447.168</dst>
        </src>
        <src id="DNVRng">
            <dst id="ATLA-M5">0</dst>
            <dst id="ATLAng">7420.93066666667</dst>
            <dst id="CHINng">74016.184</dst>
            <dst id="DNVRng">12514.3386666667</dst>
            <dst id="HSTNng">72137.232</dst>
            <dst id="IPLSng">27871.776</dst>
            <dst id="KSCYng">13521.12</dst>
            <dst id="LOSAng">40.4346666666667</dst>
            <dst id="NYCMng">29079.4106666667</dst>
            <dst id="SNVAng">9117.00533333333</dst>
            <dst id="STTLng">186.666666666667</dst>
            <dst id="WASHng">44352.24</dst>
        </src>
        <src id="HSTNng">
            <dst id="ATLA-M5">0</dst>
            <dst id="ATLAng">33299.4933333333</dst>
            <dst id="CHINng">2557.60266666667</dst>
            <dst id="DNVRng">26.6666666666667</dst>
            <dst id="HSTNng">321277.866666667</dst>
            <dst id="IPLSng">107.306666666667</dst>
            <dst id="KSCYng">0</dst>
            <dst id="LOSAng">0</dst>
            <dst id="NYCMng">7247.59466666667</dst>
            <dst id="SNVAng">113.466666666667</dst>
            <dst id="STTLng">154.322666666667</dst>
            <dst id="WASHng">96501.752</dst>
        </src>
        <src id="IPLSng">
            <dst id="ATLA-M5">0</dst>
            <dst id="ATLAng">14578.1306666667</dst>
            <dst id="CHINng">174121.730666667</dst>
            <dst id="DNVRng">10924.912</dst>
            <dst id="HSTNng">73619.7013333333</dst>
            <dst id="IPLSng">41997.056</dst>
            <dst id="KSCYng">22437.0186666667</dst>
            <dst id="LOSAng">70.456</dst>
            <dst id="NYCMng">45594.5573333333</dst>
            <dst id="SNVAng">60.0133333333333</dst>
            <dst id="STTLng">570.410666666667</dst>
            <dst id="WASHng">25487.12</dst>
        </src>
        <src id="KSCYng">
            <dst id="ATLA-M5">0</dst>
            <dst id="ATLAng">6470.248</dst>
            <dst id="CHINng">39895.1306666667</dst>
            <dst id="DNVRng">7406.048</dst>
            <dst id="HSTNng">20794.7413333333</dst>
            <dst id="IPLSng">18144.8906666667</dst>
            <dst id="KSCYng">12125.608</dst>
            <dst id="LOSAng">0</dst>
            <dst id="NYCMng">9509.544</dst>
            <dst id="SNVAng">0</dst>
            <dst id="STTLng">53.3333333333333</dst>
            <dst id="WASHng">12247.24</dst>
        </src>
        <src id="LOSAng">
            <dst id="ATLA-M5">0</dst>
            <dst id="ATLAng">24572.3466666667</dst>
            <dst id="CHINng">10678.1306666667</dst>
            <dst id="DNVRng">12573.28</dst>
            <dst id="HSTNng">255821.037333333</dst>
            <dst id="IPLSng">389.693333333333</dst>
            <dst id="KSCYng">126.368</dst>
            <dst id="LOSAng">62305.824</dst>
            <dst id="NYCMng">64554.112</dst>
            <dst id="SNVAng">9093.23466666667</dst>
            <dst id="STTLng">32934.3413333333</dst>
            <dst id="WASHng">88497.048</dst>
        </src>
        <src id="NYCMng">
            <dst id="ATLA-M5">0</dst>
            <dst id="ATLAng">39508.9386666667</dst>
            <dst id="CHINng">76638.7706666667</dst>
            <dst id="DNVRng">35231.832</dst>
            <dst id="HSTNng">141127.92</dst>
            <dst id="IPLSng">61251.6506666667</dst>
            <dst id="KSCYng">25720.4213333333</dst>
            <dst id="LOSAng">253.44</dst>
            <dst id="NYCMng">222243.496</dst>
            <dst id="SNVAng">80</dst>
            <dst id="STTLng">6543.37066666667</dst>
            <dst id="WASHng">134617.32</dst>
        </src>
        <src id="SNVAng">
            <dst id="ATLA-M5">0</dst>
            <dst id="ATLAng">2006.696</dst>
            <dst id="CHINng">524.306666666667</dst>
            <dst id="DNVRng">2389.056</dst>
            <dst id="HSTNng">4526.424</dst>
            <dst id="IPLSng">0</dst>
            <dst id="KSCYng">530.890666666667</dst>
            <dst id="LOSAng">32540.472</dst>
            <dst id="NYCMng">7705.08266666667</dst>
            <dst id="SNVAng">12476.4773333333</dst>
            <dst id="STTLng">49055.4773333333</dst>
            <dst id="WASHng">615.448</dst>
        </src>
        <src id="STTLng">
            <dst id="ATLA-M5">0</dst>
            <dst id="ATLAng">12367.1733333333</dst>
            <dst id="CHINng">23315.712</dst>
            <dst id="DNVRng">7148.384</dst>
            <dst id="HSTNng">59488.8693333333</dst>
            <dst id="IPLSng">377.770666666667</dst>
            <dst id="KSCYng">2743.056</dst>
            <dst id="LOSAng">27746.784</dst>
            <dst id="NYCMng">18229.648</dst>
            <dst id="SNVAng">7083.52266666667</dst>
            <dst id="STTLng">5748.784</dst>
            <dst id="WASHng">28642.0026666667</dst>
        </src>
        <src id="WASHng">
            <dst id="ATLA-M5">0</dst>
            <dst id="ATLAng">120096.378666667</dst>
            <dst id="CHINng">78183.8826666667</dst>
            <dst id="DNVRng">3076.08266666667</dst>
            <dst id="HSTNng">305636.586666667</dst>
            <dst id="IPLSng">65278.192</dst>
            <dst id="KSCYng">17126.304</dst>
            <dst id="LOSAng">224.226666666667</dst>
            <dst id="NYCMng">165374.362666667</dst>
            <dst id="SNVAng">360.952</dst>
            <dst id="STTLng">4891.67466666667</dst>
            <dst id="WASHng">384073.013333333</dst>
        </src>
    </IntraTM>
</TrafficMatrixFile>
