<?xml version="1.0" encoding="ISO-8859-1" standalone="yes"?>
<TrafficMatrixFile xsi:noNamespaceSchemaLocation="http://totem.run.montefiore.ulg.ac.be/Schema/TrafficMatrix-v1_2.xsd" xmlns:xsi="http://www.w3.org/2001/XMLSchema-instance">
    <IntraTM ASID="11537">
        <src id="ATLA-M5">
            <dst id="ATLA-M5">0</dst>
            <dst id="ATLAng">186.666666666667</dst>
            <dst id="CHINng">512.565333333333</dst>
            <dst id="DNVRng">0</dst>
            <dst id="HSTNng">647.658666666667</dst>
            <dst id="IPLSng">119.237333333333</dst>
            <dst id="KSCYng">30.3466666666667</dst>
            <dst id="LOSAng">0</dst>
            <dst id="NYCMng">281.429333333333</dst>
            <dst id="SNVAng">0</dst>
            <dst id="STTLng">0</dst>
            <dst id="WASHng">1484.92266666667</dst>
        </src>
        <src id="ATLAng">
            <dst id="ATLA-M5">0</dst>
            <dst id="ATLAng">26662.4373333333</dst>
            <dst id="CHINng">22871.64</dst>
            <dst id="DNVRng">64.656</dst>
            <dst id="HSTNng">35578.3066666667</dst>
            <dst id="IPLSng">26840.2213333333</dst>
            <dst id="KSCYng">5332.78933333333</dst>
            <dst id="LOSAng">0</dst>
            <dst id="NYCMng">17285.9413333333</dst>
            <dst id="SNVAng">690.741333333333</dst>
            <dst id="STTLng">1303.17333333333</dst>
            <dst id="WASHng">75362.1813333333</dst>
        </src>
        <src id="CHINng">
            <dst id="ATLA-M5">0</dst>
            <dst id="ATLAng">22935.952</dst>
            <dst id="CHINng">148515.712</dst>
            <dst id="DNVRng">17064.32</dst>
            <dst id="HSTNng">81294.2613333333</dst>
            <dst id="IPLSng">48137.1173333333</dst>
            <dst id="KSCYng">28940.0213333333</dst>
            <dst id="LOSAng">362.336</dst>
            <dst id="NYCMng">30246.4693333333</dst>
            <dst id="SNVAng">85.6</dst>
            <dst id="STTLng">494.712</dst>
            <dst id="WASHng">28076.784</dst>
        </src>
        <src id="DNVRng">
            <dst id="ATLA-M5">0</dst>
            <dst id="ATLAng">6482.26133333333</dst>
            <dst id="CHINng">77088.72</dst>
            <dst id="DNVRng">8420.69066666667</dst>
            <dst id="HSTNng">36809.7146666667</dst>
            <dst id="IPLSng">27577.5386666667</dst>
            <dst id="KSCYng">11208.352</dst>
            <dst id="LOSAng">0</dst>
            <dst id="NYCMng">15954.8853333333</dst>
            <dst id="SNVAng">9501.45333333333</dst>
            <dst id="STTLng">106.666666666667</dst>
            <dst id="WASHng">42246.808</dst>
        </src>
        <src id="HSTNng">
            <dst id="ATLA-M5">0</dst>
            <dst id="ATLAng">33563.0826666667</dst>
            <dst id="CHINng">3189.51733333333</dst>
            <dst id="DNVRng">53.3333333333333</dst>
            <dst id="HSTNng">128806.533333333</dst>
            <dst id="IPLSng">26.6666666666667</dst>
            <dst id="KSCYng">0</dst>
            <dst id="LOSAng">0</dst>
            <dst id="NYCMng">4317.72533333333</dst>
            <dst id="SNVAng">0</dst>
            <dst id="STTLng">80</dst>
            <dst id="WASHng">106831.562666667</dst>
        </src>
        <src id="IPLSng">
            <dst id="ATLA-M5">0</dst>
            <dst id="ATLAng">16843.1626666667</dst>
            <dst id="CHINng">153005.405333333</dst>
            <dst id="DNVRng">7117.92</dst>
            <dst id="HSTNng">46296.832</dst>
            <dst id="IPLSng">25069.5733333333</dst>
            <dst id="KSCYng">25292.0533333333</dst>
            <dst id="LOSAng">0</dst>
            <dst id="NYCMng">49060.456</dst>
            <dst id="SNVAng">179.048</dst>
            <dst id="STTLng">617.946666666667</dst>
            <dst id="WASHng">26628.728</dst>
        </src>
        <src id="KSCYng">
            <dst id="ATLA-M5">0</dst>
            <dst id="ATLAng">7894.65066666667</dst>
            <dst id="CHINng">33165.8773333333</dst>
            <dst id="DNVRng">6932.504</dst>
            <dst id="HSTNng">11403.5866666667</dst>
            <dst id="IPLSng">10522.9973333333</dst>
            <dst id="KSCYng">8889.80266666667</dst>
            <dst id="LOSAng">0</dst>
            <dst id="NYCMng">9493.504</dst>
            <dst id="SNVAng">32.408</dst>
            <dst id="STTLng">100.512</dst>
            <dst id="WASHng">16835.552</dst>
        </src>
        <src id="LOSAng">
            <dst id="ATLA-M5">0</dst>
            <dst id="ATLAng">27195.0666666667</dst>
            <dst id="CHINng">15139.24</dst>
            <dst id="DNVRng">5034.544</dst>
            <dst id="HSTNng">165880.136</dst>
            <dst id="IPLSng">2395.62933333333</dst>
            <dst id="KSCYng">439.298666666667</dst>
            <dst id="LOSAng">30100.6266666667</dst>
            <dst id="NYCMng">55352.8773333333</dst>
            <dst id="SNVAng">12824.6506666667</dst>
            <dst id="STTLng">15302.24</dst>
            <dst id="WASHng">98015.0346666667</dst>
        </src>
        <src id="NYCMng">
            <dst id="ATLA-M5">0</dst>
            <dst id="ATLAng">49686.864</dst>
            <dst id="CHINng">76558.2106666667</dst>
            <dst id="DNVRng">33260.4693333333</dst>
            <dst id="HSTNng">90270.632</dst>
            <dst id="IPLSng">48476.4693333333</dst>
            <dst id="KSCYng">17563.1573333333</dst>
            <dst id="LOSAng">149.069333333333</dst>
            <dst id="NYCMng">195640.712</dst>
            <dst id="SNVAng">204.597333333333</dst>
            <dst id="STTLng">2238.63466666667</dst>
            <dst id="WASHng">100179.757333333</dst>
        </src>
        <src id="SNVAng">
            <dst id="ATLA-M5">0</dst>
            <dst id="ATLAng">511.010666666667</dst>
            <dst id="CHINng">269.162666666667</dst>
            <dst id="DNVRng">670.562666666667</dst>
            <dst id="HSTNng">4080.15733333333</dst>
            <dst id="IPLSng">0</dst>
            <dst id="KSCYng">109.592</dst>
            <dst id="LOSAng">34496.9253333333</dst>
            <dst id="NYCMng">11968.584</dst>
            <dst id="SNVAng">15354.9013333333</dst>
            <dst id="STTLng">48317.104</dst>
            <dst id="WASHng">391.853333333333</dst>
        </src>
        <src id="STTLng">
            <dst id="ATLA-M5">0</dst>
            <dst id="ATLAng">12809.5733333333</dst>
            <dst id="CHINng">26633.2586666667</dst>
            <dst id="DNVRng">4499.512</dst>
            <dst id="HSTNng">53577.072</dst>
            <dst id="IPLSng">718.933333333334</dst>
            <dst id="KSCYng">2474.38133333333</dst>
            <dst id="LOSAng">17822.72</dst>
            <dst id="NYCMng">29167.1573333333</dst>
            <dst id="SNVAng">5435.35733333333</dst>
            <dst id="STTLng">3823.54133333333</dst>
            <dst id="WASHng">30776.984</dst>
        </src>
        <src id="WASHng">
            <dst id="ATLA-M5">0</dst>
            <dst id="ATLAng">144338.685333333</dst>
            <dst id="CHINng">76570.368</dst>
            <dst id="DNVRng">4680.50133333333</dst>
            <dst id="HSTNng">274745.92</dst>
            <dst id="IPLSng">59168.9493333333</dst>
            <dst id="KSCYng">18910.9866666667</dst>
            <dst id="LOSAng">0</dst>
            <dst id="NYCMng">181975.68</dst>
            <dst id="SNVAng">342.096</dst>
            <dst id="STTLng">4245.47733333333</dst>
            <dst id="WASHng">418288</dst>
        </src>
    </IntraTM>
</TrafficMatrixFile>
