<?xml version="1.0" encoding="ISO-8859-1" standalone="yes"?>
<TrafficMatrixFile xsi:noNamespaceSchemaLocation="http://totem.run.montefiore.ulg.ac.be/Schema/TrafficMatrix-v1_2.xsd" xmlns:xsi="http://www.w3.org/2001/XMLSchema-instance">
    <IntraTM ASID="11537">
        <src id="ATLA-M5">
            <dst id="ATLA-M5">335.061333333333</dst>
            <dst id="ATLAng">951.061333333333</dst>
            <dst id="CHINng">1832.57333333333</dst>
            <dst id="DNVRng">0</dst>
            <dst id="HSTNng">1933.64533333333</dst>
            <dst id="IPLSng">571.058666666667</dst>
            <dst id="KSCYng">538.92</dst>
            <dst id="LOSAng">0</dst>
            <dst id="NYCMng">1815.85066666667</dst>
            <dst id="SNVAng">0</dst>
            <dst id="STTLng">53.3333333333333</dst>
            <dst id="WASHng">3003.88</dst>
        </src>
        <src id="ATLAng">
            <dst id="ATLA-M5">0</dst>
            <dst id="ATLAng">26847.1466666667</dst>
            <dst id="CHINng">46273.1013333333</dst>
            <dst id="DNVRng">104.936</dst>
            <dst id="HSTNng">63549.4</dst>
            <dst id="IPLSng">65775.0826666667</dst>
            <dst id="KSCYng">6182.26133333333</dst>
            <dst id="LOSAng">127.92</dst>
            <dst id="NYCMng">21641.792</dst>
            <dst id="SNVAng">152.256</dst>
            <dst id="STTLng">106.666666666667</dst>
            <dst id="WASHng">90079.224</dst>
        </src>
        <src id="CHINng">
            <dst id="ATLA-M5">0</dst>
            <dst id="ATLAng">45857.9626666667</dst>
            <dst id="CHINng">123772.490666667</dst>
            <dst id="DNVRng">23793.0906666667</dst>
            <dst id="HSTNng">137654.274666667</dst>
            <dst id="IPLSng">77282.3733333333</dst>
            <dst id="KSCYng">25501.64</dst>
            <dst id="LOSAng">297.461333333333</dst>
            <dst id="NYCMng">41177.7973333333</dst>
            <dst id="SNVAng">56.5626666666667</dst>
            <dst id="STTLng">683.176</dst>
            <dst id="WASHng">64618.9093333333</dst>
        </src>
        <src id="DNVRng">
            <dst id="ATLA-M5">0</dst>
            <dst id="ATLAng">18312.7333333333</dst>
            <dst id="CHINng">64310.552</dst>
            <dst id="DNVRng">12701.232</dst>
            <dst id="HSTNng">61574.9333333333</dst>
            <dst id="IPLSng">34377.32</dst>
            <dst id="KSCYng">19340.2213333333</dst>
            <dst id="LOSAng">0</dst>
            <dst id="NYCMng">24130.0586666667</dst>
            <dst id="SNVAng">13679.048</dst>
            <dst id="STTLng">271.749333333333</dst>
            <dst id="WASHng">51046.2666666667</dst>
        </src>
        <src id="HSTNng">
            <dst id="ATLA-M5">0</dst>
            <dst id="ATLAng">42927.0906666667</dst>
            <dst id="CHINng">4294.17066666667</dst>
            <dst id="DNVRng">26.6666666666667</dst>
            <dst id="HSTNng">199069.850666667</dst>
            <dst id="IPLSng">810.386666666667</dst>
            <dst id="KSCYng">26.6666666666667</dst>
            <dst id="LOSAng">0</dst>
            <dst id="NYCMng">12846.216</dst>
            <dst id="SNVAng">133.333333333333</dst>
            <dst id="STTLng">106.666666666667</dst>
            <dst id="WASHng">131169.824</dst>
        </src>
        <src id="IPLSng">
            <dst id="ATLA-M5">0</dst>
            <dst id="ATLAng">54775.7253333333</dst>
            <dst id="CHINng">123936.08</dst>
            <dst id="DNVRng">19743.984</dst>
            <dst id="HSTNng">74007.3893333333</dst>
            <dst id="IPLSng">47562.7786666667</dst>
            <dst id="KSCYng">29857.6453333333</dst>
            <dst id="LOSAng">341.381333333333</dst>
            <dst id="NYCMng">50527.992</dst>
            <dst id="SNVAng">6802.632</dst>
            <dst id="STTLng">189.645333333333</dst>
            <dst id="WASHng">54717.304</dst>
        </src>
        <src id="KSCYng">
            <dst id="ATLA-M5">0</dst>
            <dst id="ATLAng">8143.22133333333</dst>
            <dst id="CHINng">37751.2106666667</dst>
            <dst id="DNVRng">36976.5146666667</dst>
            <dst id="HSTNng">19956.6453333333</dst>
            <dst id="IPLSng">30026.8693333333</dst>
            <dst id="KSCYng">9620.496</dst>
            <dst id="LOSAng">0</dst>
            <dst id="NYCMng">11059.824</dst>
            <dst id="SNVAng">222.010666666667</dst>
            <dst id="STTLng">135.050666666667</dst>
            <dst id="WASHng">13208.8453333333</dst>
        </src>
        <src id="LOSAng">
            <dst id="ATLA-M5">0</dst>
            <dst id="ATLAng">36740.4026666667</dst>
            <dst id="CHINng">10356.928</dst>
            <dst id="DNVRng">39273.1173333333</dst>
            <dst id="HSTNng">177285.84</dst>
            <dst id="IPLSng">2160.416</dst>
            <dst id="KSCYng">589.269333333333</dst>
            <dst id="LOSAng">14747.96</dst>
            <dst id="NYCMng">72969.312</dst>
            <dst id="SNVAng">11477.1733333333</dst>
            <dst id="STTLng">27724.488</dst>
            <dst id="WASHng">113406.432</dst>
        </src>
        <src id="NYCMng">
            <dst id="ATLA-M5">0</dst>
            <dst id="ATLAng">63588.832</dst>
            <dst id="CHINng">103716.44</dst>
            <dst id="DNVRng">55245.7066666667</dst>
            <dst id="HSTNng">163198.232</dst>
            <dst id="IPLSng">110587.064</dst>
            <dst id="KSCYng">31932.408</dst>
            <dst id="LOSAng">53.3333333333333</dst>
            <dst id="NYCMng">285771.253333333</dst>
            <dst id="SNVAng">476.373333333333</dst>
            <dst id="STTLng">1479.82666666667</dst>
            <dst id="WASHng">236402.576</dst>
        </src>
        <src id="SNVAng">
            <dst id="ATLA-M5">0</dst>
            <dst id="ATLAng">1493.176</dst>
            <dst id="CHINng">2549.33066666667</dst>
            <dst id="DNVRng">4872.61866666667</dst>
            <dst id="HSTNng">28048.376</dst>
            <dst id="IPLSng">26.6666666666667</dst>
            <dst id="KSCYng">5143.11466666667</dst>
            <dst id="LOSAng">37707.024</dst>
            <dst id="NYCMng">7463.432</dst>
            <dst id="SNVAng">19565.7013333333</dst>
            <dst id="STTLng">56994.7733333333</dst>
            <dst id="WASHng">2916.26666666667</dst>
        </src>
        <src id="STTLng">
            <dst id="ATLA-M5">0</dst>
            <dst id="ATLAng">18926.3173333333</dst>
            <dst id="CHINng">25362.9093333333</dst>
            <dst id="DNVRng">13838.096</dst>
            <dst id="HSTNng">59952.12</dst>
            <dst id="IPLSng">540.442666666667</dst>
            <dst id="KSCYng">9754.60266666667</dst>
            <dst id="LOSAng">35840.952</dst>
            <dst id="NYCMng">21595.8213333333</dst>
            <dst id="SNVAng">11099.1466666667</dst>
            <dst id="STTLng">2902.53866666667</dst>
            <dst id="WASHng">40074.6773333333</dst>
        </src>
        <src id="WASHng">
            <dst id="ATLA-M5">0</dst>
            <dst id="ATLAng">110510.176</dst>
            <dst id="CHINng">118807.565333333</dst>
            <dst id="DNVRng">4058.52533333333</dst>
            <dst id="HSTNng">362948.026666667</dst>
            <dst id="IPLSng">100443.594666667</dst>
            <dst id="KSCYng">25472.7306666667</dst>
            <dst id="LOSAng">460.618666666667</dst>
            <dst id="NYCMng">230439.762666667</dst>
            <dst id="SNVAng">647.56</dst>
            <dst id="STTLng">5192.04266666667</dst>
            <dst id="WASHng">308893.146666667</dst>
        </src>
    </IntraTM>
</TrafficMatrixFile>
