<?xml version="1.0" encoding="ISO-8859-1" standalone="yes"?>
<TrafficMatrixFile xsi:noNamespaceSchemaLocation="http://totem.run.montefiore.ulg.ac.be/Schema/TrafficMatrix-v1_2.xsd" xmlns:xsi="http://www.w3.org/2001/XMLSchema-instance">
    <IntraTM ASID="11537">
        <src id="ATLA-M5">
            <dst id="ATLA-M5">56.9226666666667</dst>
            <dst id="ATLAng">758.909333333333</dst>
            <dst id="CHINng">1138.136</dst>
            <dst id="DNVRng">0</dst>
            <dst id="HSTNng">589.826666666667</dst>
            <dst id="IPLSng">112.192</dst>
            <dst id="KSCYng">261.208</dst>
            <dst id="LOSAng">0</dst>
            <dst id="NYCMng">1067.23466666667</dst>
            <dst id="SNVAng">26.6666666666667</dst>
            <dst id="STTLng">26.6666666666667</dst>
            <dst id="WASHng">1794.23733333333</dst>
        </src>
        <src id="ATLAng">
            <dst id="ATLA-M5">0</dst>
            <dst id="ATLAng">57254.1146666667</dst>
            <dst id="CHINng">26693.4186666667</dst>
            <dst id="DNVRng">278.466666666667</dst>
            <dst id="HSTNng">33395.1226666667</dst>
            <dst id="IPLSng">32992.232</dst>
            <dst id="KSCYng">3685.088</dst>
            <dst id="LOSAng">0</dst>
            <dst id="NYCMng">18373.0053333333</dst>
            <dst id="SNVAng">2243.16266666667</dst>
            <dst id="STTLng">1413.168</dst>
            <dst id="WASHng">81531.752</dst>
        </src>
        <src id="CHINng">
            <dst id="ATLA-M5">0</dst>
            <dst id="ATLAng">25653.0586666667</dst>
            <dst id="CHINng">174249.96</dst>
            <dst id="DNVRng">27013.3226666667</dst>
            <dst id="HSTNng">77680.6133333333</dst>
            <dst id="IPLSng">54487.5173333333</dst>
            <dst id="KSCYng">19747.176</dst>
            <dst id="LOSAng">339.586666666667</dst>
            <dst id="NYCMng">36895.024</dst>
            <dst id="SNVAng">53.3333333333333</dst>
            <dst id="STTLng">1528.992</dst>
            <dst id="WASHng">43782.848</dst>
        </src>
        <src id="DNVRng">
            <dst id="ATLA-M5">0</dst>
            <dst id="ATLAng">10415.8373333333</dst>
            <dst id="CHINng">125068.610666667</dst>
            <dst id="DNVRng">11094.3226666667</dst>
            <dst id="HSTNng">40770.312</dst>
            <dst id="IPLSng">28457.752</dst>
            <dst id="KSCYng">13743.328</dst>
            <dst id="LOSAng">0</dst>
            <dst id="NYCMng">14660.3626666667</dst>
            <dst id="SNVAng">9569.01333333333</dst>
            <dst id="STTLng">80</dst>
            <dst id="WASHng">45106.5413333333</dst>
        </src>
        <src id="HSTNng">
            <dst id="ATLA-M5">0</dst>
            <dst id="ATLAng">34955.0293333333</dst>
            <dst id="CHINng">5781.38666666667</dst>
            <dst id="DNVRng">77.6586666666667</dst>
            <dst id="HSTNng">265426.877333333</dst>
            <dst id="IPLSng">184.293333333333</dst>
            <dst id="KSCYng">26.6666666666667</dst>
            <dst id="LOSAng">0</dst>
            <dst id="NYCMng">6007.40266666667</dst>
            <dst id="SNVAng">0</dst>
            <dst id="STTLng">26.6666666666667</dst>
            <dst id="WASHng">114186.090666667</dst>
        </src>
        <src id="IPLSng">
            <dst id="ATLA-M5">0</dst>
            <dst id="ATLAng">15699.008</dst>
            <dst id="CHINng">157610.666666667</dst>
            <dst id="DNVRng">16439.52</dst>
            <dst id="HSTNng">51061.6746666667</dst>
            <dst id="IPLSng">53836.0773333333</dst>
            <dst id="KSCYng">22196.6373333333</dst>
            <dst id="LOSAng">0</dst>
            <dst id="NYCMng">38538.5306666667</dst>
            <dst id="SNVAng">223.184</dst>
            <dst id="STTLng">213.333333333333</dst>
            <dst id="WASHng">45408.8106666667</dst>
        </src>
        <src id="KSCYng">
            <dst id="ATLA-M5">0</dst>
            <dst id="ATLAng">8119.43733333333</dst>
            <dst id="CHINng">35908.0266666667</dst>
            <dst id="DNVRng">6419.848</dst>
            <dst id="HSTNng">15654.5573333333</dst>
            <dst id="IPLSng">14067.84</dst>
            <dst id="KSCYng">16982.9626666667</dst>
            <dst id="LOSAng">0</dst>
            <dst id="NYCMng">11798.5813333333</dst>
            <dst id="SNVAng">99.0693333333333</dst>
            <dst id="STTLng">177.946666666667</dst>
            <dst id="WASHng">15003.6373333333</dst>
        </src>
        <src id="LOSAng">
            <dst id="ATLA-M5">0</dst>
            <dst id="ATLAng">28911.2773333333</dst>
            <dst id="CHINng">17758.0266666667</dst>
            <dst id="DNVRng">13433.8426666667</dst>
            <dst id="HSTNng">189296.722666667</dst>
            <dst id="IPLSng">1931.112</dst>
            <dst id="KSCYng">737.845333333333</dst>
            <dst id="LOSAng">16364.1493333333</dst>
            <dst id="NYCMng">66989.1466666667</dst>
            <dst id="SNVAng">13898.3306666667</dst>
            <dst id="STTLng">20758.1813333333</dst>
            <dst id="WASHng">103270.586666667</dst>
        </src>
        <src id="NYCMng">
            <dst id="ATLA-M5">0</dst>
            <dst id="ATLAng">49540.4693333333</dst>
            <dst id="CHINng">97331.096</dst>
            <dst id="DNVRng">27843.408</dst>
            <dst id="HSTNng">97225.384</dst>
            <dst id="IPLSng">64592.248</dst>
            <dst id="KSCYng">18732.8666666667</dst>
            <dst id="LOSAng">0</dst>
            <dst id="NYCMng">251029.813333333</dst>
            <dst id="SNVAng">53.3333333333333</dst>
            <dst id="STTLng">2847.36266666667</dst>
            <dst id="WASHng">144486.029333333</dst>
        </src>
        <src id="SNVAng">
            <dst id="ATLA-M5">0</dst>
            <dst id="ATLAng">734.906666666667</dst>
            <dst id="CHINng">565.781333333333</dst>
            <dst id="DNVRng">6702.21066666667</dst>
            <dst id="HSTNng">13095.5306666667</dst>
            <dst id="IPLSng">53.3333333333333</dst>
            <dst id="KSCYng">1496.50666666667</dst>
            <dst id="LOSAng">35358.832</dst>
            <dst id="NYCMng">5603.02933333333</dst>
            <dst id="SNVAng">15647.296</dst>
            <dst id="STTLng">49623.896</dst>
            <dst id="WASHng">2716.01066666667</dst>
        </src>
        <src id="STTLng">
            <dst id="ATLA-M5">0</dst>
            <dst id="ATLAng">14412.056</dst>
            <dst id="CHINng">36512.9253333333</dst>
            <dst id="DNVRng">6037.69866666667</dst>
            <dst id="HSTNng">58131.6746666667</dst>
            <dst id="IPLSng">994.506666666667</dst>
            <dst id="KSCYng">9249.30666666667</dst>
            <dst id="LOSAng">18173.64</dst>
            <dst id="NYCMng">13816.184</dst>
            <dst id="SNVAng">7735.21066666667</dst>
            <dst id="STTLng">3763.52</dst>
            <dst id="WASHng">39594.6053333333</dst>
        </src>
        <src id="WASHng">
            <dst id="ATLA-M5">0</dst>
            <dst id="ATLAng">182663.741333333</dst>
            <dst id="CHINng">91855.3706666667</dst>
            <dst id="DNVRng">4314.46666666667</dst>
            <dst id="HSTNng">270722.64</dst>
            <dst id="IPLSng">90868.7706666666</dst>
            <dst id="KSCYng">31955.1893333333</dst>
            <dst id="LOSAng">0</dst>
            <dst id="NYCMng">192669.170666667</dst>
            <dst id="SNVAng">397.741333333333</dst>
            <dst id="STTLng">3340.05066666667</dst>
            <dst id="WASHng">451290.106666667</dst>
        </src>
    </IntraTM>
</TrafficMatrixFile>
