<?xml version="1.0" encoding="ISO-8859-1" standalone="yes"?>
<TrafficMatrixFile xsi:noNamespaceSchemaLocation="http://totem.run.montefiore.ulg.ac.be/Schema/TrafficMatrix-v1_2.xsd" xmlns:xsi="http://www.w3.org/2001/XMLSchema-instance">
    <IntraTM ASID="11537">
        <src id="ATLA-M5">
            <dst id="ATLA-M5">0</dst>
            <dst id="ATLAng">26.6666666666667</dst>
            <dst id="CHINng">209.309333333333</dst>
            <dst id="DNVRng">0</dst>
            <dst id="HSTNng">347.504</dst>
            <dst id="IPLSng">786.410666666667</dst>
            <dst id="KSCYng">26.6666666666667</dst>
            <dst id="LOSAng">0</dst>
            <dst id="NYCMng">1713.61333333333</dst>
            <dst id="SNVAng">0</dst>
            <dst id="STTLng">0</dst>
            <dst id="WASHng">1305.22133333333</dst>
        </src>
        <src id="ATLAng">
            <dst id="ATLA-M5">0</dst>
            <dst id="ATLAng">24538.2</dst>
            <dst id="CHINng">16764.4986666667</dst>
            <dst id="DNVRng">0</dst>
            <dst id="HSTNng">31198.7413333333</dst>
            <dst id="IPLSng">30173.8853333333</dst>
            <dst id="KSCYng">2246.32533333333</dst>
            <dst id="LOSAng">53.3333333333333</dst>
            <dst id="NYCMng">23968.5333333333</dst>
            <dst id="SNVAng">54.32</dst>
            <dst id="STTLng">968</dst>
            <dst id="WASHng">74020.84</dst>
        </src>
        <src id="CHINng">
            <dst id="ATLA-M5">0</dst>
            <dst id="ATLAng">22007.7786666667</dst>
            <dst id="CHINng">139908.149333333</dst>
            <dst id="DNVRng">10220.1306666667</dst>
            <dst id="HSTNng">86449.8746666667</dst>
            <dst id="IPLSng">66724.1786666667</dst>
            <dst id="KSCYng">10055.6746666667</dst>
            <dst id="LOSAng">335.538666666667</dst>
            <dst id="NYCMng">24421.72</dst>
            <dst id="SNVAng">0</dst>
            <dst id="STTLng">2541.12</dst>
            <dst id="WASHng">32236.8186666667</dst>
        </src>
        <src id="DNVRng">
            <dst id="ATLA-M5">0</dst>
            <dst id="ATLAng">6357.70133333333</dst>
            <dst id="CHINng">69769.2453333333</dst>
            <dst id="DNVRng">3131.66933333333</dst>
            <dst id="HSTNng">25804.7626666667</dst>
            <dst id="IPLSng">25573.7386666667</dst>
            <dst id="KSCYng">8269.296</dst>
            <dst id="LOSAng">0</dst>
            <dst id="NYCMng">23590.7813333333</dst>
            <dst id="SNVAng">8945.99733333333</dst>
            <dst id="STTLng">53.3333333333333</dst>
            <dst id="WASHng">40543.464</dst>
        </src>
        <src id="HSTNng">
            <dst id="ATLA-M5">0</dst>
            <dst id="ATLAng">31659.624</dst>
            <dst id="CHINng">3698.61066666667</dst>
            <dst id="DNVRng">0</dst>
            <dst id="HSTNng">111980.861333333</dst>
            <dst id="IPLSng">0</dst>
            <dst id="KSCYng">0</dst>
            <dst id="LOSAng">0</dst>
            <dst id="NYCMng">5396.928</dst>
            <dst id="SNVAng">53.3333333333333</dst>
            <dst id="STTLng">60.7466666666667</dst>
            <dst id="WASHng">109516.333333333</dst>
        </src>
        <src id="IPLSng">
            <dst id="ATLA-M5">0</dst>
            <dst id="ATLAng">15295.3226666667</dst>
            <dst id="CHINng">150831.752</dst>
            <dst id="DNVRng">10888.16</dst>
            <dst id="HSTNng">47334.7093333333</dst>
            <dst id="IPLSng">38951.2026666667</dst>
            <dst id="KSCYng">17902.6533333333</dst>
            <dst id="LOSAng">0</dst>
            <dst id="NYCMng">36282.776</dst>
            <dst id="SNVAng">1001.74666666667</dst>
            <dst id="STTLng">53.3333333333333</dst>
            <dst id="WASHng">36718.4533333333</dst>
        </src>
        <src id="KSCYng">
            <dst id="ATLA-M5">0</dst>
            <dst id="ATLAng">5332.36</dst>
            <dst id="CHINng">34769.7893333333</dst>
            <dst id="DNVRng">7984.93866666667</dst>
            <dst id="HSTNng">13033.6773333333</dst>
            <dst id="IPLSng">12448.3786666667</dst>
            <dst id="KSCYng">6334.55733333333</dst>
            <dst id="LOSAng">26.6666666666667</dst>
            <dst id="NYCMng">7818.58933333333</dst>
            <dst id="SNVAng">174.506666666667</dst>
            <dst id="STTLng">0</dst>
            <dst id="WASHng">13422.616</dst>
        </src>
        <src id="LOSAng">
            <dst id="ATLA-M5">0</dst>
            <dst id="ATLAng">23123.064</dst>
            <dst id="CHINng">18190.0293333333</dst>
            <dst id="DNVRng">10840.424</dst>
            <dst id="HSTNng">160574.728</dst>
            <dst id="IPLSng">1219.71733333333</dst>
            <dst id="KSCYng">89.48</dst>
            <dst id="LOSAng">26004.2853333333</dst>
            <dst id="NYCMng">57789.1386666667</dst>
            <dst id="SNVAng">21197.88</dst>
            <dst id="STTLng">21076.7893333333</dst>
            <dst id="WASHng">104641.626666667</dst>
        </src>
        <src id="NYCMng">
            <dst id="ATLA-M5">0</dst>
            <dst id="ATLAng">40213.7386666667</dst>
            <dst id="CHINng">72337.7626666667</dst>
            <dst id="DNVRng">39757.2106666667</dst>
            <dst id="HSTNng">96827.6293333333</dst>
            <dst id="IPLSng">67875.6053333333</dst>
            <dst id="KSCYng">16366.3413333333</dst>
            <dst id="LOSAng">0</dst>
            <dst id="NYCMng">246426.618666667</dst>
            <dst id="SNVAng">57.6</dst>
            <dst id="STTLng">3729.936</dst>
            <dst id="WASHng">73631.36</dst>
        </src>
        <src id="SNVAng">
            <dst id="ATLA-M5">0</dst>
            <dst id="ATLAng">203.157333333333</dst>
            <dst id="CHINng">320.490666666667</dst>
            <dst id="DNVRng">7112.18933333333</dst>
            <dst id="HSTNng">3740.264</dst>
            <dst id="IPLSng">0</dst>
            <dst id="KSCYng">257.181333333333</dst>
            <dst id="LOSAng">35327.9626666667</dst>
            <dst id="NYCMng">4663.424</dst>
            <dst id="SNVAng">16959.6906666667</dst>
            <dst id="STTLng">48331.08</dst>
            <dst id="WASHng">428.258666666667</dst>
        </src>
        <src id="STTLng">
            <dst id="ATLA-M5">0</dst>
            <dst id="ATLAng">8413.24533333333</dst>
            <dst id="CHINng">26789.1493333333</dst>
            <dst id="DNVRng">4072.36266666667</dst>
            <dst id="HSTNng">50524.368</dst>
            <dst id="IPLSng">376.845333333333</dst>
            <dst id="KSCYng">2181.54666666667</dst>
            <dst id="LOSAng">18472.4773333333</dst>
            <dst id="NYCMng">12521.9626666667</dst>
            <dst id="SNVAng">5611.57066666667</dst>
            <dst id="STTLng">1138.44533333333</dst>
            <dst id="WASHng">29196.576</dst>
        </src>
        <src id="WASHng">
            <dst id="ATLA-M5">0</dst>
            <dst id="ATLAng">135877.112</dst>
            <dst id="CHINng">64788.68</dst>
            <dst id="DNVRng">9858.78666666667</dst>
            <dst id="HSTNng">280192.666666667</dst>
            <dst id="IPLSng">57997.256</dst>
            <dst id="KSCYng">8341.53333333333</dst>
            <dst id="LOSAng">275.536</dst>
            <dst id="NYCMng">174740.392</dst>
            <dst id="SNVAng">270.32</dst>
            <dst id="STTLng">7939.78133333333</dst>
            <dst id="WASHng">403959.68</dst>
        </src>
    </IntraTM>
</TrafficMatrixFile>
