<?xml version="1.0" encoding="ISO-8859-1" standalone="yes"?>
<TrafficMatrixFile xsi:noNamespaceSchemaLocation="http://totem.run.montefiore.ulg.ac.be/Schema/TrafficMatrix-v1_2.xsd" xmlns:xsi="http://www.w3.org/2001/XMLSchema-instance">
    <IntraTM ASID="11537">
        <src id="ATLA-M5">
            <dst id="ATLA-M5">0</dst>
            <dst id="ATLAng">499.298666666667</dst>
            <dst id="CHINng">1241.49866666667</dst>
            <dst id="DNVRng">0</dst>
            <dst id="HSTNng">204.146666666667</dst>
            <dst id="IPLSng">265.528</dst>
            <dst id="KSCYng">0</dst>
            <dst id="LOSAng">0</dst>
            <dst id="NYCMng">3170.44</dst>
            <dst id="SNVAng">0</dst>
            <dst id="STTLng">0</dst>
            <dst id="WASHng">2687.536</dst>
        </src>
        <src id="ATLAng">
            <dst id="ATLA-M5">0</dst>
            <dst id="ATLAng">21953.8133333333</dst>
            <dst id="CHINng">30414.6773333333</dst>
            <dst id="DNVRng">0</dst>
            <dst id="HSTNng">3227.86666666667</dst>
            <dst id="IPLSng">33302.736</dst>
            <dst id="KSCYng">26.6666666666667</dst>
            <dst id="LOSAng">0</dst>
            <dst id="NYCMng">53338.968</dst>
            <dst id="SNVAng">26.6666666666667</dst>
            <dst id="STTLng">26.6666666666667</dst>
            <dst id="WASHng">47076.624</dst>
        </src>
        <src id="CHINng">
            <dst id="ATLA-M5">0</dst>
            <dst id="ATLAng">41289.8293333333</dst>
            <dst id="CHINng">48414.9946666667</dst>
            <dst id="DNVRng">0</dst>
            <dst id="HSTNng">17850.312</dst>
            <dst id="IPLSng">57762.0666666667</dst>
            <dst id="KSCYng">0</dst>
            <dst id="LOSAng">53.3333333333333</dst>
            <dst id="NYCMng">209992.821333333</dst>
            <dst id="SNVAng">0</dst>
            <dst id="STTLng">48.752</dst>
            <dst id="WASHng">35868.4</dst>
        </src>
        <src id="DNVRng">
            <dst id="ATLA-M5">0</dst>
            <dst id="ATLAng">9579.94933333334</dst>
            <dst id="CHINng">35303.1226666667</dst>
            <dst id="DNVRng">9990.26133333333</dst>
            <dst id="HSTNng">34366.0373333333</dst>
            <dst id="IPLSng">34347.4213333333</dst>
            <dst id="KSCYng">21593.432</dst>
            <dst id="LOSAng">0</dst>
            <dst id="NYCMng">34253.144</dst>
            <dst id="SNVAng">7651.592</dst>
            <dst id="STTLng">88.8053333333333</dst>
            <dst id="WASHng">33896.9386666667</dst>
        </src>
        <src id="HSTNng">
            <dst id="ATLA-M5">0</dst>
            <dst id="ATLAng">25564.464</dst>
            <dst id="CHINng">1311.16</dst>
            <dst id="DNVRng">80</dst>
            <dst id="HSTNng">133205.893333333</dst>
            <dst id="IPLSng">80</dst>
            <dst id="KSCYng">26.6666666666667</dst>
            <dst id="LOSAng">0</dst>
            <dst id="NYCMng">6637.37866666667</dst>
            <dst id="SNVAng">26.6666666666667</dst>
            <dst id="STTLng">0</dst>
            <dst id="WASHng">110069.733333333</dst>
        </src>
        <src id="IPLSng">
            <dst id="ATLA-M5">0</dst>
            <dst id="ATLAng">17605.9386666667</dst>
            <dst id="CHINng">166477.986666667</dst>
            <dst id="DNVRng">0</dst>
            <dst id="HSTNng">16738.16</dst>
            <dst id="IPLSng">33673.6613333333</dst>
            <dst id="KSCYng">33912.264</dst>
            <dst id="LOSAng">1653.51466666667</dst>
            <dst id="NYCMng">141301.672</dst>
            <dst id="SNVAng">122.978666666667</dst>
            <dst id="STTLng">26.6666666666667</dst>
            <dst id="WASHng">27947.1866666667</dst>
        </src>
        <src id="KSCYng">
            <dst id="ATLA-M5">0</dst>
            <dst id="ATLAng">2747.464</dst>
            <dst id="CHINng">15613.5786666667</dst>
            <dst id="DNVRng">6817.616</dst>
            <dst id="HSTNng">17807.1946666667</dst>
            <dst id="IPLSng">13453.4906666667</dst>
            <dst id="KSCYng">8274.28533333333</dst>
            <dst id="LOSAng">0</dst>
            <dst id="NYCMng">17591.96</dst>
            <dst id="SNVAng">26.6666666666667</dst>
            <dst id="STTLng">0</dst>
            <dst id="WASHng">14665.7626666667</dst>
        </src>
        <src id="LOSAng">
            <dst id="ATLA-M5">0</dst>
            <dst id="ATLAng">23835.8053333333</dst>
            <dst id="CHINng">1871.76533333333</dst>
            <dst id="DNVRng">12567.9413333333</dst>
            <dst id="HSTNng">128181.568</dst>
            <dst id="IPLSng">1418.09866666667</dst>
            <dst id="KSCYng">99.0266666666666</dst>
            <dst id="LOSAng">21140.2853333333</dst>
            <dst id="NYCMng">63946.6213333333</dst>
            <dst id="SNVAng">9747.43733333333</dst>
            <dst id="STTLng">23794.9866666667</dst>
            <dst id="WASHng">94704.1333333333</dst>
        </src>
        <src id="NYCMng">
            <dst id="ATLA-M5">0</dst>
            <dst id="ATLAng">44462.096</dst>
            <dst id="CHINng">299.874666666667</dst>
            <dst id="DNVRng">0</dst>
            <dst id="HSTNng">22825.8053333333</dst>
            <dst id="IPLSng">80</dst>
            <dst id="KSCYng">177.597333333333</dst>
            <dst id="LOSAng">26.6666666666667</dst>
            <dst id="NYCMng">494972.56</dst>
            <dst id="SNVAng">53.3333333333333</dst>
            <dst id="STTLng">84.6853333333333</dst>
            <dst id="WASHng">115573.922666667</dst>
        </src>
        <src id="SNVAng">
            <dst id="ATLA-M5">0</dst>
            <dst id="ATLAng">469.074666666667</dst>
            <dst id="CHINng">53.3333333333333</dst>
            <dst id="DNVRng">10632.32</dst>
            <dst id="HSTNng">4667.01333333333</dst>
            <dst id="IPLSng">0</dst>
            <dst id="KSCYng">521.882666666667</dst>
            <dst id="LOSAng">36204.3786666667</dst>
            <dst id="NYCMng">6257.30133333333</dst>
            <dst id="SNVAng">12171.4426666667</dst>
            <dst id="STTLng">54860.5013333333</dst>
            <dst id="WASHng">770.434666666667</dst>
        </src>
        <src id="STTLng">
            <dst id="ATLA-M5">0</dst>
            <dst id="ATLAng">7748.632</dst>
            <dst id="CHINng">946.077333333333</dst>
            <dst id="DNVRng">7967.352</dst>
            <dst id="HSTNng">21106.1893333333</dst>
            <dst id="IPLSng">244.778666666667</dst>
            <dst id="KSCYng">3909.51466666667</dst>
            <dst id="LOSAng">19931.6933333333</dst>
            <dst id="NYCMng">51254.5813333333</dst>
            <dst id="SNVAng">6250.84</dst>
            <dst id="STTLng">7697.376</dst>
            <dst id="WASHng">34200.3653333333</dst>
        </src>
        <src id="WASHng">
            <dst id="ATLA-M5">0</dst>
            <dst id="ATLAng">58167.728</dst>
            <dst id="CHINng">6111.82666666667</dst>
            <dst id="DNVRng">0</dst>
            <dst id="HSTNng">83283.0373333333</dst>
            <dst id="IPLSng">53.3333333333333</dst>
            <dst id="KSCYng">26.6666666666667</dst>
            <dst id="LOSAng">80</dst>
            <dst id="NYCMng">553214.186666667</dst>
            <dst id="SNVAng">53.3333333333333</dst>
            <dst id="STTLng">1578.29333333333</dst>
            <dst id="WASHng">287058.986666667</dst>
        </src>
    </IntraTM>
</TrafficMatrixFile>
