<?xml version="1.0" encoding="ISO-8859-1" standalone="yes"?>
<TrafficMatrixFile xsi:noNamespaceSchemaLocation="http://totem.run.montefiore.ulg.ac.be/Schema/TrafficMatrix-v1_2.xsd" xmlns:xsi="http://www.w3.org/2001/XMLSchema-instance">
    <IntraTM ASID="11537">
        <src id="ATLA-M5">
            <dst id="ATLA-M5">0</dst>
            <dst id="ATLAng">240.842666666667</dst>
            <dst id="CHINng">385.509333333333</dst>
            <dst id="DNVRng">0</dst>
            <dst id="HSTNng">26.6666666666667</dst>
            <dst id="IPLSng">2493.28533333333</dst>
            <dst id="KSCYng">0</dst>
            <dst id="LOSAng">0</dst>
            <dst id="NYCMng">3137.83733333333</dst>
            <dst id="SNVAng">0</dst>
            <dst id="STTLng">0</dst>
            <dst id="WASHng">1087.56</dst>
        </src>
        <src id="ATLAng">
            <dst id="ATLA-M5">0</dst>
            <dst id="ATLAng">39847.136</dst>
            <dst id="CHINng">54665.264</dst>
            <dst id="DNVRng">0</dst>
            <dst id="HSTNng">10453.3253333333</dst>
            <dst id="IPLSng">32547.4826666667</dst>
            <dst id="KSCYng">0</dst>
            <dst id="LOSAng">0</dst>
            <dst id="NYCMng">59865.1706666667</dst>
            <dst id="SNVAng">26.6666666666667</dst>
            <dst id="STTLng">26.6666666666667</dst>
            <dst id="WASHng">54678.352</dst>
        </src>
        <src id="CHINng">
            <dst id="ATLA-M5">0</dst>
            <dst id="ATLAng">32928.4613333333</dst>
            <dst id="CHINng">40928.608</dst>
            <dst id="DNVRng">0</dst>
            <dst id="HSTNng">35112.5466666667</dst>
            <dst id="IPLSng">62588.4773333333</dst>
            <dst id="KSCYng">234.962666666667</dst>
            <dst id="LOSAng">80</dst>
            <dst id="NYCMng">213726.338666667</dst>
            <dst id="SNVAng">0</dst>
            <dst id="STTLng">53.3333333333333</dst>
            <dst id="WASHng">48734.0346666667</dst>
        </src>
        <src id="DNVRng">
            <dst id="ATLA-M5">0</dst>
            <dst id="ATLAng">10780.3626666667</dst>
            <dst id="CHINng">37526.5146666667</dst>
            <dst id="DNVRng">14557.2453333333</dst>
            <dst id="HSTNng">56265.7226666667</dst>
            <dst id="IPLSng">31861.456</dst>
            <dst id="KSCYng">17235.7893333333</dst>
            <dst id="LOSAng">44.48</dst>
            <dst id="NYCMng">30475.48</dst>
            <dst id="SNVAng">17893.856</dst>
            <dst id="STTLng">1206.59733333333</dst>
            <dst id="WASHng">49354.7306666667</dst>
        </src>
        <src id="HSTNng">
            <dst id="ATLA-M5">0</dst>
            <dst id="ATLAng">43008.5786666667</dst>
            <dst id="CHINng">2177.29066666667</dst>
            <dst id="DNVRng">0</dst>
            <dst id="HSTNng">176425.210666667</dst>
            <dst id="IPLSng">61.376</dst>
            <dst id="KSCYng">0</dst>
            <dst id="LOSAng">0</dst>
            <dst id="NYCMng">5938.71466666667</dst>
            <dst id="SNVAng">0</dst>
            <dst id="STTLng">0</dst>
            <dst id="WASHng">127789.816</dst>
        </src>
        <src id="IPLSng">
            <dst id="ATLA-M5">0</dst>
            <dst id="ATLAng">15204.3626666667</dst>
            <dst id="CHINng">132207.141333333</dst>
            <dst id="DNVRng">0</dst>
            <dst id="HSTNng">9599.54133333333</dst>
            <dst id="IPLSng">19541.6</dst>
            <dst id="KSCYng">21860.704</dst>
            <dst id="LOSAng">94.88</dst>
            <dst id="NYCMng">243540.258666667</dst>
            <dst id="SNVAng">53.3333333333333</dst>
            <dst id="STTLng">54.1333333333333</dst>
            <dst id="WASHng">47855.0293333333</dst>
        </src>
        <src id="KSCYng">
            <dst id="ATLA-M5">0</dst>
            <dst id="ATLAng">4150.08</dst>
            <dst id="CHINng">17355.4026666667</dst>
            <dst id="DNVRng">17966.672</dst>
            <dst id="HSTNng">15355.6826666667</dst>
            <dst id="IPLSng">14480.2586666667</dst>
            <dst id="KSCYng">12184.9466666667</dst>
            <dst id="LOSAng">0</dst>
            <dst id="NYCMng">17280.904</dst>
            <dst id="SNVAng">0</dst>
            <dst id="STTLng">0</dst>
            <dst id="WASHng">12979.8613333333</dst>
        </src>
        <src id="LOSAng">
            <dst id="ATLA-M5">0</dst>
            <dst id="ATLAng">39865.432</dst>
            <dst id="CHINng">2420.18133333333</dst>
            <dst id="DNVRng">29793.3733333333</dst>
            <dst id="HSTNng">110373.210666667</dst>
            <dst id="IPLSng">388.077333333333</dst>
            <dst id="KSCYng">143.773333333333</dst>
            <dst id="LOSAng">18991.808</dst>
            <dst id="NYCMng">65494.8106666667</dst>
            <dst id="SNVAng">15870.536</dst>
            <dst id="STTLng">37272.76</dst>
            <dst id="WASHng">103520.370666667</dst>
        </src>
        <src id="NYCMng">
            <dst id="ATLA-M5">0</dst>
            <dst id="ATLAng">39003.6746666667</dst>
            <dst id="CHINng">1425.528</dst>
            <dst id="DNVRng">0</dst>
            <dst id="HSTNng">31340.928</dst>
            <dst id="IPLSng">132.168</dst>
            <dst id="KSCYng">69.216</dst>
            <dst id="LOSAng">53.3333333333333</dst>
            <dst id="NYCMng">897920.533333333</dst>
            <dst id="SNVAng">0</dst>
            <dst id="STTLng">147.84</dst>
            <dst id="WASHng">313925.466666667</dst>
        </src>
        <src id="SNVAng">
            <dst id="ATLA-M5">0</dst>
            <dst id="ATLAng">1061.03466666667</dst>
            <dst id="CHINng">80</dst>
            <dst id="DNVRng">3702.392</dst>
            <dst id="HSTNng">4531.75733333333</dst>
            <dst id="IPLSng">0</dst>
            <dst id="KSCYng">611.813333333333</dst>
            <dst id="LOSAng">38060.6586666667</dst>
            <dst id="NYCMng">6530.99733333333</dst>
            <dst id="SNVAng">15585.7733333333</dst>
            <dst id="STTLng">52587.2746666667</dst>
            <dst id="WASHng">600.048</dst>
        </src>
        <src id="STTLng">
            <dst id="ATLA-M5">0</dst>
            <dst id="ATLAng">10462.32</dst>
            <dst id="CHINng">415.808</dst>
            <dst id="DNVRng">8838.24266666667</dst>
            <dst id="HSTNng">22989.72</dst>
            <dst id="IPLSng">606.805333333333</dst>
            <dst id="KSCYng">5306.78666666667</dst>
            <dst id="LOSAng">29050.8586666667</dst>
            <dst id="NYCMng">42976.944</dst>
            <dst id="SNVAng">7378.90133333333</dst>
            <dst id="STTLng">10331.592</dst>
            <dst id="WASHng">30097.416</dst>
        </src>
        <src id="WASHng">
            <dst id="ATLA-M5">0</dst>
            <dst id="ATLAng">113001.888</dst>
            <dst id="CHINng">372.472</dst>
            <dst id="DNVRng">0</dst>
            <dst id="HSTNng">84067.552</dst>
            <dst id="IPLSng">106.666666666667</dst>
            <dst id="KSCYng">26.6666666666667</dst>
            <dst id="LOSAng">160.725333333333</dst>
            <dst id="NYCMng">614852.96</dst>
            <dst id="SNVAng">53.3333333333333</dst>
            <dst id="STTLng">142.517333333333</dst>
            <dst id="WASHng">319300.906666667</dst>
        </src>
    </IntraTM>
</TrafficMatrixFile>
