<?xml version="1.0" encoding="ISO-8859-1" standalone="yes"?>
<TrafficMatrixFile xsi:noNamespaceSchemaLocation="http://totem.run.montefiore.ulg.ac.be/Schema/TrafficMatrix-v1_2.xsd" xmlns:xsi="http://www.w3.org/2001/XMLSchema-instance">
    <IntraTM ASID="11537">
        <src id="ATLA-M5">
            <dst id="ATLA-M5">166.464</dst>
            <dst id="ATLAng">417.301333333333</dst>
            <dst id="CHINng">1356.49066666667</dst>
            <dst id="DNVRng">0</dst>
            <dst id="HSTNng">1317.336</dst>
            <dst id="IPLSng">118.730666666667</dst>
            <dst id="KSCYng">58.1306666666667</dst>
            <dst id="LOSAng">0</dst>
            <dst id="NYCMng">393.256</dst>
            <dst id="SNVAng">0</dst>
            <dst id="STTLng">30.8373333333333</dst>
            <dst id="WASHng">1160.92</dst>
        </src>
        <src id="ATLAng">
            <dst id="ATLA-M5">0</dst>
            <dst id="ATLAng">30301.2266666667</dst>
            <dst id="CHINng">25234.96</dst>
            <dst id="DNVRng">30.9013333333333</dst>
            <dst id="HSTNng">87107.176</dst>
            <dst id="IPLSng">37191.4853333333</dst>
            <dst id="KSCYng">4607.89333333333</dst>
            <dst id="LOSAng">0</dst>
            <dst id="NYCMng">23954.8506666667</dst>
            <dst id="SNVAng">26.6666666666667</dst>
            <dst id="STTLng">240.693333333333</dst>
            <dst id="WASHng">74007.736</dst>
        </src>
        <src id="CHINng">
            <dst id="ATLA-M5">0</dst>
            <dst id="ATLAng">31092.4453333333</dst>
            <dst id="CHINng">107929.826666667</dst>
            <dst id="DNVRng">24693.5973333333</dst>
            <dst id="HSTNng">132062.602666667</dst>
            <dst id="IPLSng">82162.7546666667</dst>
            <dst id="KSCYng">21445.2293333333</dst>
            <dst id="LOSAng">306.602666666667</dst>
            <dst id="NYCMng">48645.2986666667</dst>
            <dst id="SNVAng">26.6666666666667</dst>
            <dst id="STTLng">1150.24533333333</dst>
            <dst id="WASHng">41474.896</dst>
        </src>
        <src id="DNVRng">
            <dst id="ATLA-M5">0</dst>
            <dst id="ATLAng">10239.0133333333</dst>
            <dst id="CHINng">52646.3093333334</dst>
            <dst id="DNVRng">16969.4293333333</dst>
            <dst id="HSTNng">40770.9813333333</dst>
            <dst id="IPLSng">30192.64</dst>
            <dst id="KSCYng">21170.592</dst>
            <dst id="LOSAng">26.6666666666667</dst>
            <dst id="NYCMng">20208.848</dst>
            <dst id="SNVAng">12827.6666666667</dst>
            <dst id="STTLng">1454.02666666667</dst>
            <dst id="WASHng">42022.2133333333</dst>
        </src>
        <src id="HSTNng">
            <dst id="ATLA-M5">0</dst>
            <dst id="ATLAng">33769.8853333333</dst>
            <dst id="CHINng">1651.81066666667</dst>
            <dst id="DNVRng">26.6666666666667</dst>
            <dst id="HSTNng">154784.253333333</dst>
            <dst id="IPLSng">26.6666666666667</dst>
            <dst id="KSCYng">53.3333333333333</dst>
            <dst id="LOSAng">0</dst>
            <dst id="NYCMng">15328.144</dst>
            <dst id="SNVAng">53.3333333333333</dst>
            <dst id="STTLng">360.64</dst>
            <dst id="WASHng">133098.850666667</dst>
        </src>
        <src id="IPLSng">
            <dst id="ATLA-M5">0</dst>
            <dst id="ATLAng">27101.5466666667</dst>
            <dst id="CHINng">134568.76</dst>
            <dst id="DNVRng">9978.36</dst>
            <dst id="HSTNng">126986.477333333</dst>
            <dst id="IPLSng">43822.3413333334</dst>
            <dst id="KSCYng">24098.0026666667</dst>
            <dst id="LOSAng">53.3866666666667</dst>
            <dst id="NYCMng">80213.3733333333</dst>
            <dst id="SNVAng">89.032</dst>
            <dst id="STTLng">729.816</dst>
            <dst id="WASHng">32156.7466666667</dst>
        </src>
        <src id="KSCYng">
            <dst id="ATLA-M5">0</dst>
            <dst id="ATLAng">5280.57866666667</dst>
            <dst id="CHINng">26881.7866666667</dst>
            <dst id="DNVRng">9056.488</dst>
            <dst id="HSTNng">13104.2826666667</dst>
            <dst id="IPLSng">21432.264</dst>
            <dst id="KSCYng">8177.872</dst>
            <dst id="LOSAng">26.6666666666667</dst>
            <dst id="NYCMng">9178.984</dst>
            <dst id="SNVAng">53.3333333333333</dst>
            <dst id="STTLng">105.232</dst>
            <dst id="WASHng">20307.7946666667</dst>
        </src>
        <src id="LOSAng">
            <dst id="ATLA-M5">0</dst>
            <dst id="ATLAng">27739.1546666667</dst>
            <dst id="CHINng">4470.12533333333</dst>
            <dst id="DNVRng">17301.296</dst>
            <dst id="HSTNng">197428.578666667</dst>
            <dst id="IPLSng">329.642666666667</dst>
            <dst id="KSCYng">175.456</dst>
            <dst id="LOSAng">16834.016</dst>
            <dst id="NYCMng">71438.1813333333</dst>
            <dst id="SNVAng">21111.2453333333</dst>
            <dst id="STTLng">43634.3653333333</dst>
            <dst id="WASHng">99383.224</dst>
        </src>
        <src id="NYCMng">
            <dst id="ATLA-M5">0</dst>
            <dst id="ATLAng">35448.8</dst>
            <dst id="CHINng">86424.5866666667</dst>
            <dst id="DNVRng">30547.464</dst>
            <dst id="HSTNng">152592.613333333</dst>
            <dst id="IPLSng">76149.8533333333</dst>
            <dst id="KSCYng">22952.2533333333</dst>
            <dst id="LOSAng">200.976</dst>
            <dst id="NYCMng">240865.856</dst>
            <dst id="SNVAng">169.824</dst>
            <dst id="STTLng">4850.57066666667</dst>
            <dst id="WASHng">150459.616</dst>
        </src>
        <src id="SNVAng">
            <dst id="ATLA-M5">0</dst>
            <dst id="ATLAng">792.496</dst>
            <dst id="CHINng">345.213333333333</dst>
            <dst id="DNVRng">16441.336</dst>
            <dst id="HSTNng">3548.83466666667</dst>
            <dst id="IPLSng">59.9306666666667</dst>
            <dst id="KSCYng">558.682666666667</dst>
            <dst id="LOSAng">39104.7786666667</dst>
            <dst id="NYCMng">13477.872</dst>
            <dst id="SNVAng">16960.9653333333</dst>
            <dst id="STTLng">57207.5066666667</dst>
            <dst id="WASHng">2007.85866666667</dst>
        </src>
        <src id="STTLng">
            <dst id="ATLA-M5">0</dst>
            <dst id="ATLAng">10325.264</dst>
            <dst id="CHINng">22001.728</dst>
            <dst id="DNVRng">8560.79733333333</dst>
            <dst id="HSTNng">38209.1733333333</dst>
            <dst id="IPLSng">333.218666666667</dst>
            <dst id="KSCYng">5752.42933333333</dst>
            <dst id="LOSAng">29636.3093333333</dst>
            <dst id="NYCMng">19632.6666666667</dst>
            <dst id="SNVAng">7277.912</dst>
            <dst id="STTLng">5661.12</dst>
            <dst id="WASHng">32534.7973333333</dst>
        </src>
        <src id="WASHng">
            <dst id="ATLA-M5">0</dst>
            <dst id="ATLAng">146947.968</dst>
            <dst id="CHINng">103169.394666667</dst>
            <dst id="DNVRng">1680.312</dst>
            <dst id="HSTNng">353585.066666667</dst>
            <dst id="IPLSng">64100.4906666667</dst>
            <dst id="KSCYng">23207.6746666667</dst>
            <dst id="LOSAng">159.04</dst>
            <dst id="NYCMng">208006.781333333</dst>
            <dst id="SNVAng">459.616</dst>
            <dst id="STTLng">3895.06133333333</dst>
            <dst id="WASHng">273415.253333333</dst>
        </src>
    </IntraTM>
</TrafficMatrixFile>
