<?xml version="1.0" encoding="ISO-8859-1" standalone="yes"?>
<TrafficMatrixFile xsi:noNamespaceSchemaLocation="http://totem.run.montefiore.ulg.ac.be/Schema/TrafficMatrix-v1_2.xsd" xmlns:xsi="http://www.w3.org/2001/XMLSchema-instance">
    <IntraTM ASID="11537">
        <src id="ATLA-M5">
            <dst id="ATLA-M5">0</dst>
            <dst id="ATLAng">269.397333333333</dst>
            <dst id="CHINng">413.258666666667</dst>
            <dst id="DNVRng">0</dst>
            <dst id="HSTNng">1375.58133333333</dst>
            <dst id="IPLSng">500.381333333333</dst>
            <dst id="KSCYng">98.872</dst>
            <dst id="LOSAng">0</dst>
            <dst id="NYCMng">798.674666666666</dst>
            <dst id="SNVAng">0</dst>
            <dst id="STTLng">0</dst>
            <dst id="WASHng">2122.136</dst>
        </src>
        <src id="ATLAng">
            <dst id="ATLA-M5">0</dst>
            <dst id="ATLAng">48709.432</dst>
            <dst id="CHINng">17767.9573333333</dst>
            <dst id="DNVRng">80</dst>
            <dst id="HSTNng">34706.8453333333</dst>
            <dst id="IPLSng">25211.3786666667</dst>
            <dst id="KSCYng">5248.24</dst>
            <dst id="LOSAng">0</dst>
            <dst id="NYCMng">20476.1573333333</dst>
            <dst id="SNVAng">0</dst>
            <dst id="STTLng">1204.02133333333</dst>
            <dst id="WASHng">62926.608</dst>
        </src>
        <src id="CHINng">
            <dst id="ATLA-M5">0</dst>
            <dst id="ATLAng">23231.1466666667</dst>
            <dst id="CHINng">134504.533333333</dst>
            <dst id="DNVRng">12464.2906666667</dst>
            <dst id="HSTNng">92858.984</dst>
            <dst id="IPLSng">47078.184</dst>
            <dst id="KSCYng">9169.456</dst>
            <dst id="LOSAng">467.554666666667</dst>
            <dst id="NYCMng">24695.92</dst>
            <dst id="SNVAng">26.6666666666667</dst>
            <dst id="STTLng">1988.496</dst>
            <dst id="WASHng">33211.504</dst>
        </src>
        <src id="DNVRng">
            <dst id="ATLA-M5">0</dst>
            <dst id="ATLAng">6494.936</dst>
            <dst id="CHINng">70715.3733333333</dst>
            <dst id="DNVRng">3164.16533333333</dst>
            <dst id="HSTNng">22845.6293333333</dst>
            <dst id="IPLSng">25177.1093333333</dst>
            <dst id="KSCYng">7291.17066666667</dst>
            <dst id="LOSAng">0</dst>
            <dst id="NYCMng">20679.4906666667</dst>
            <dst id="SNVAng">9110.75466666666</dst>
            <dst id="STTLng">53.3333333333333</dst>
            <dst id="WASHng">40983.3893333333</dst>
        </src>
        <src id="HSTNng">
            <dst id="ATLA-M5">0</dst>
            <dst id="ATLAng">43169.9653333333</dst>
            <dst id="CHINng">3254.20533333333</dst>
            <dst id="DNVRng">72.5013333333333</dst>
            <dst id="HSTNng">208228.984</dst>
            <dst id="IPLSng">0</dst>
            <dst id="KSCYng">0</dst>
            <dst id="LOSAng">0</dst>
            <dst id="NYCMng">5029.12266666667</dst>
            <dst id="SNVAng">26.6666666666667</dst>
            <dst id="STTLng">60.7466666666667</dst>
            <dst id="WASHng">97887.792</dst>
        </src>
        <src id="IPLSng">
            <dst id="ATLA-M5">0</dst>
            <dst id="ATLAng">12423.4053333333</dst>
            <dst id="CHINng">151394.936</dst>
            <dst id="DNVRng">11017.3786666667</dst>
            <dst id="HSTNng">49925.0826666667</dst>
            <dst id="IPLSng">61591.7173333333</dst>
            <dst id="KSCYng">21207.6746666667</dst>
            <dst id="LOSAng">0</dst>
            <dst id="NYCMng">33194.7733333333</dst>
            <dst id="SNVAng">168.690666666667</dst>
            <dst id="STTLng">80</dst>
            <dst id="WASHng">19114.5093333333</dst>
        </src>
        <src id="KSCYng">
            <dst id="ATLA-M5">0</dst>
            <dst id="ATLAng">5975.56533333333</dst>
            <dst id="CHINng">36688.6373333333</dst>
            <dst id="DNVRng">6758.208</dst>
            <dst id="HSTNng">17116.6906666667</dst>
            <dst id="IPLSng">11623.8906666667</dst>
            <dst id="KSCYng">5512.55466666667</dst>
            <dst id="LOSAng">0</dst>
            <dst id="NYCMng">9283.46666666667</dst>
            <dst id="SNVAng">0</dst>
            <dst id="STTLng">46.6613333333333</dst>
            <dst id="WASHng">11157.552</dst>
        </src>
        <src id="LOSAng">
            <dst id="ATLA-M5">0</dst>
            <dst id="ATLAng">36222.5946666667</dst>
            <dst id="CHINng">14389.5093333333</dst>
            <dst id="DNVRng">9346.44533333333</dst>
            <dst id="HSTNng">152107.413333333</dst>
            <dst id="IPLSng">736.872</dst>
            <dst id="KSCYng">297.093333333333</dst>
            <dst id="LOSAng">25931.936</dst>
            <dst id="NYCMng">54927.3386666667</dst>
            <dst id="SNVAng">16341.2026666667</dst>
            <dst id="STTLng">22449.6453333333</dst>
            <dst id="WASHng">92623.944</dst>
        </src>
        <src id="NYCMng">
            <dst id="ATLA-M5">0</dst>
            <dst id="ATLAng">31565.9813333333</dst>
            <dst id="CHINng">68181.2853333333</dst>
            <dst id="DNVRng">34975.2053333333</dst>
            <dst id="HSTNng">99001.448</dst>
            <dst id="IPLSng">53675.304</dst>
            <dst id="KSCYng">16436.144</dst>
            <dst id="LOSAng">40.5066666666667</dst>
            <dst id="NYCMng">227080.685333333</dst>
            <dst id="SNVAng">56.6533333333333</dst>
            <dst id="STTLng">3484.17066666667</dst>
            <dst id="WASHng">73800.6346666667</dst>
        </src>
        <src id="SNVAng">
            <dst id="ATLA-M5">0</dst>
            <dst id="ATLAng">292.861333333333</dst>
            <dst id="CHINng">438.8</dst>
            <dst id="DNVRng">8645.05866666667</dst>
            <dst id="HSTNng">4938.17066666667</dst>
            <dst id="IPLSng">0</dst>
            <dst id="KSCYng">468.186666666667</dst>
            <dst id="LOSAng">25664.7893333333</dst>
            <dst id="NYCMng">3342.26666666667</dst>
            <dst id="SNVAng">14951.7893333333</dst>
            <dst id="STTLng">49064.768</dst>
            <dst id="WASHng">398.693333333333</dst>
        </src>
        <src id="STTLng">
            <dst id="ATLA-M5">0</dst>
            <dst id="ATLAng">8082.44266666667</dst>
            <dst id="CHINng">26722.12</dst>
            <dst id="DNVRng">4071.392</dst>
            <dst id="HSTNng">45476.1626666667</dst>
            <dst id="IPLSng">322.637333333333</dst>
            <dst id="KSCYng">2175.65866666667</dst>
            <dst id="LOSAng">17354.264</dst>
            <dst id="NYCMng">12651.2266666667</dst>
            <dst id="SNVAng">5246.24533333333</dst>
            <dst id="STTLng">2354.34933333333</dst>
            <dst id="WASHng">28439.6826666667</dst>
        </src>
        <src id="WASHng">
            <dst id="ATLA-M5">0</dst>
            <dst id="ATLAng">153258.562666667</dst>
            <dst id="CHINng">69221.9893333333</dst>
            <dst id="DNVRng">3026.01066666667</dst>
            <dst id="HSTNng">273378.266666667</dst>
            <dst id="IPLSng">54979.488</dst>
            <dst id="KSCYng">13378.8666666667</dst>
            <dst id="LOSAng">53.3333333333333</dst>
            <dst id="NYCMng">173849.706666667</dst>
            <dst id="SNVAng">189.976</dst>
            <dst id="STTLng">6241.304</dst>
            <dst id="WASHng">377732.533333333</dst>
        </src>
    </IntraTM>
</TrafficMatrixFile>
