<?xml version="1.0" encoding="ISO-8859-1" standalone="yes"?>
<TrafficMatrixFile xsi:noNamespaceSchemaLocation="http://totem.run.montefiore.ulg.ac.be/Schema/TrafficMatrix-v1_2.xsd" xmlns:xsi="http://www.w3.org/2001/XMLSchema-instance">
    <IntraTM ASID="11537">
        <src id="ATLA-M5">
            <dst id="ATLA-M5">0</dst>
            <dst id="ATLAng">114.08</dst>
            <dst id="CHINng">1045.51466666667</dst>
            <dst id="DNVRng">0</dst>
            <dst id="HSTNng">26.6666666666667</dst>
            <dst id="IPLSng">716.026666666667</dst>
            <dst id="KSCYng">0</dst>
            <dst id="LOSAng">0</dst>
            <dst id="NYCMng">602.917333333333</dst>
            <dst id="SNVAng">0</dst>
            <dst id="STTLng">0</dst>
            <dst id="WASHng">1873.60266666667</dst>
        </src>
        <src id="ATLAng">
            <dst id="ATLA-M5">0</dst>
            <dst id="ATLAng">26719.216</dst>
            <dst id="CHINng">17554.3306666667</dst>
            <dst id="DNVRng">0</dst>
            <dst id="HSTNng">1795.544</dst>
            <dst id="IPLSng">23619.7493333333</dst>
            <dst id="KSCYng">254.472</dst>
            <dst id="LOSAng">218.28</dst>
            <dst id="NYCMng">39285.1146666667</dst>
            <dst id="SNVAng">26.6666666666667</dst>
            <dst id="STTLng">0</dst>
            <dst id="WASHng">37260.856</dst>
        </src>
        <src id="CHINng">
            <dst id="ATLA-M5">0</dst>
            <dst id="ATLAng">19420.6426666667</dst>
            <dst id="CHINng">21237.0133333333</dst>
            <dst id="DNVRng">0</dst>
            <dst id="HSTNng">16146.592</dst>
            <dst id="IPLSng">23651.4293333333</dst>
            <dst id="KSCYng">26.6666666666667</dst>
            <dst id="LOSAng">26.6666666666667</dst>
            <dst id="NYCMng">177979.304</dst>
            <dst id="SNVAng">0</dst>
            <dst id="STTLng">1908.44266666667</dst>
            <dst id="WASHng">30752.5013333333</dst>
        </src>
        <src id="DNVRng">
            <dst id="ATLA-M5">0</dst>
            <dst id="ATLAng">7935.08266666667</dst>
            <dst id="CHINng">27387.544</dst>
            <dst id="DNVRng">11496.6533333333</dst>
            <dst id="HSTNng">31104.4106666667</dst>
            <dst id="IPLSng">24419.7786666667</dst>
            <dst id="KSCYng">20058.952</dst>
            <dst id="LOSAng">0</dst>
            <dst id="NYCMng">43284.6293333333</dst>
            <dst id="SNVAng">12009.6826666667</dst>
            <dst id="STTLng">6332.88</dst>
            <dst id="WASHng">39864.424</dst>
        </src>
        <src id="HSTNng">
            <dst id="ATLA-M5">0</dst>
            <dst id="ATLAng">22602.9706666667</dst>
            <dst id="CHINng">192.797333333333</dst>
            <dst id="DNVRng">26.6666666666667</dst>
            <dst id="HSTNng">88666.2026666666</dst>
            <dst id="IPLSng">53.3333333333333</dst>
            <dst id="KSCYng">0</dst>
            <dst id="LOSAng">0</dst>
            <dst id="NYCMng">5762.23733333333</dst>
            <dst id="SNVAng">0</dst>
            <dst id="STTLng">0</dst>
            <dst id="WASHng">71937.3253333333</dst>
        </src>
        <src id="IPLSng">
            <dst id="ATLA-M5">0</dst>
            <dst id="ATLAng">20259.3146666667</dst>
            <dst id="CHINng">50178.4533333333</dst>
            <dst id="DNVRng">0</dst>
            <dst id="HSTNng">11450.4</dst>
            <dst id="IPLSng">19817.8613333333</dst>
            <dst id="KSCYng">18811.3493333333</dst>
            <dst id="LOSAng">231.146666666667</dst>
            <dst id="NYCMng">104828.765333333</dst>
            <dst id="SNVAng">26.6666666666667</dst>
            <dst id="STTLng">53.3333333333333</dst>
            <dst id="WASHng">32435.616</dst>
        </src>
        <src id="KSCYng">
            <dst id="ATLA-M5">0</dst>
            <dst id="ATLAng">4780.824</dst>
            <dst id="CHINng">13625.8293333333</dst>
            <dst id="DNVRng">6147.984</dst>
            <dst id="HSTNng">13697.92</dst>
            <dst id="IPLSng">10805.864</dst>
            <dst id="KSCYng">7995.59733333333</dst>
            <dst id="LOSAng">0</dst>
            <dst id="NYCMng">19807.096</dst>
            <dst id="SNVAng">26.6666666666667</dst>
            <dst id="STTLng">0</dst>
            <dst id="WASHng">7828.38133333333</dst>
        </src>
        <src id="LOSAng">
            <dst id="ATLA-M5">0</dst>
            <dst id="ATLAng">17625.696</dst>
            <dst id="CHINng">1512.176</dst>
            <dst id="DNVRng">6578.92533333333</dst>
            <dst id="HSTNng">84806.328</dst>
            <dst id="IPLSng">607.901333333333</dst>
            <dst id="KSCYng">102.024</dst>
            <dst id="LOSAng">15369.1733333333</dst>
            <dst id="NYCMng">60226.4053333333</dst>
            <dst id="SNVAng">8468.10933333333</dst>
            <dst id="STTLng">16546.5893333333</dst>
            <dst id="WASHng">59807.3413333333</dst>
        </src>
        <src id="NYCMng">
            <dst id="ATLA-M5">0</dst>
            <dst id="ATLAng">25706.192</dst>
            <dst id="CHINng">593.050666666667</dst>
            <dst id="DNVRng">0</dst>
            <dst id="HSTNng">11735.856</dst>
            <dst id="IPLSng">133.333333333333</dst>
            <dst id="KSCYng">26.6666666666667</dst>
            <dst id="LOSAng">76.2906666666667</dst>
            <dst id="NYCMng">341547.44</dst>
            <dst id="SNVAng">26.6666666666667</dst>
            <dst id="STTLng">600.586666666667</dst>
            <dst id="WASHng">83866.864</dst>
        </src>
        <src id="SNVAng">
            <dst id="ATLA-M5">0</dst>
            <dst id="ATLAng">644.309333333333</dst>
            <dst id="CHINng">53.3333333333333</dst>
            <dst id="DNVRng">3227.69866666667</dst>
            <dst id="HSTNng">5925.016</dst>
            <dst id="IPLSng">203.712</dst>
            <dst id="KSCYng">108.954666666667</dst>
            <dst id="LOSAng">35866.0773333333</dst>
            <dst id="NYCMng">5355.92533333333</dst>
            <dst id="SNVAng">14561.2186666667</dst>
            <dst id="STTLng">60037.6266666667</dst>
            <dst id="WASHng">208.210666666667</dst>
        </src>
        <src id="STTLng">
            <dst id="ATLA-M5">0</dst>
            <dst id="ATLAng">6398.216</dst>
            <dst id="CHINng">1099.968</dst>
            <dst id="DNVRng">4431.84266666667</dst>
            <dst id="HSTNng">14259.2426666667</dst>
            <dst id="IPLSng">341.370666666667</dst>
            <dst id="KSCYng">2310.86666666667</dst>
            <dst id="LOSAng">16242.44</dst>
            <dst id="NYCMng">42066.8266666667</dst>
            <dst id="SNVAng">4038.78133333333</dst>
            <dst id="STTLng">5157.32</dst>
            <dst id="WASHng">26467.7946666667</dst>
        </src>
        <src id="WASHng">
            <dst id="ATLA-M5">0</dst>
            <dst id="ATLAng">108351.346666667</dst>
            <dst id="CHINng">1400.46133333333</dst>
            <dst id="DNVRng">0</dst>
            <dst id="HSTNng">64774.288</dst>
            <dst id="IPLSng">57.368</dst>
            <dst id="KSCYng">26.6666666666667</dst>
            <dst id="LOSAng">0</dst>
            <dst id="NYCMng">499288.72</dst>
            <dst id="SNVAng">26.6666666666667</dst>
            <dst id="STTLng">53.3333333333333</dst>
            <dst id="WASHng">284794.933333333</dst>
        </src>
    </IntraTM>
</TrafficMatrixFile>
