<?xml version="1.0" encoding="ISO-8859-1" standalone="yes"?>
<TrafficMatrixFile xsi:noNamespaceSchemaLocation="http://totem.run.montefiore.ulg.ac.be/Schema/TrafficMatrix-v1_2.xsd" xmlns:xsi="http://www.w3.org/2001/XMLSchema-instance">
    <IntraTM ASID="11537">
        <src id="ATLA-M5">
            <dst id="ATLA-M5">26.6666666666667</dst>
            <dst id="ATLAng">53.3333333333333</dst>
            <dst id="CHINng">303.149333333333</dst>
            <dst id="DNVRng">0</dst>
            <dst id="HSTNng">367.352</dst>
            <dst id="IPLSng">83.7173333333333</dst>
            <dst id="KSCYng">109.728</dst>
            <dst id="LOSAng">0</dst>
            <dst id="NYCMng">327.485333333333</dst>
            <dst id="SNVAng">0</dst>
            <dst id="STTLng">26.6666666666667</dst>
            <dst id="WASHng">1346.16</dst>
        </src>
        <src id="ATLAng">
            <dst id="ATLA-M5">0</dst>
            <dst id="ATLAng">25290.072</dst>
            <dst id="CHINng">17468.3546666667</dst>
            <dst id="DNVRng">26.6666666666667</dst>
            <dst id="HSTNng">39205.872</dst>
            <dst id="IPLSng">25685.7413333333</dst>
            <dst id="KSCYng">2452.10666666667</dst>
            <dst id="LOSAng">0</dst>
            <dst id="NYCMng">20581.6453333333</dst>
            <dst id="SNVAng">101.266666666667</dst>
            <dst id="STTLng">1358.66666666667</dst>
            <dst id="WASHng">66578.1013333333</dst>
        </src>
        <src id="CHINng">
            <dst id="ATLA-M5">0</dst>
            <dst id="ATLAng">20804.968</dst>
            <dst id="CHINng">141333.789333333</dst>
            <dst id="DNVRng">11160.824</dst>
            <dst id="HSTNng">82250.696</dst>
            <dst id="IPLSng">50291.0533333333</dst>
            <dst id="KSCYng">13148.2986666667</dst>
            <dst id="LOSAng">397.322666666667</dst>
            <dst id="NYCMng">27011.6586666667</dst>
            <dst id="SNVAng">26.6666666666667</dst>
            <dst id="STTLng">3196.96</dst>
            <dst id="WASHng">30739.0106666667</dst>
        </src>
        <src id="DNVRng">
            <dst id="ATLA-M5">0</dst>
            <dst id="ATLAng">10813.0133333333</dst>
            <dst id="CHINng">63361.4026666667</dst>
            <dst id="DNVRng">3448.704</dst>
            <dst id="HSTNng">27889.4773333333</dst>
            <dst id="IPLSng">27279.8746666667</dst>
            <dst id="KSCYng">8043.46133333333</dst>
            <dst id="LOSAng">0</dst>
            <dst id="NYCMng">22434.056</dst>
            <dst id="SNVAng">7571.16</dst>
            <dst id="STTLng">0</dst>
            <dst id="WASHng">35769.4666666667</dst>
        </src>
        <src id="HSTNng">
            <dst id="ATLA-M5">0</dst>
            <dst id="ATLAng">28471.384</dst>
            <dst id="CHINng">3179.47733333333</dst>
            <dst id="DNVRng">26.6666666666667</dst>
            <dst id="HSTNng">115366.037333333</dst>
            <dst id="IPLSng">53.3333333333333</dst>
            <dst id="KSCYng">26.6666666666667</dst>
            <dst id="LOSAng">26.6666666666667</dst>
            <dst id="NYCMng">6981.75733333333</dst>
            <dst id="SNVAng">0</dst>
            <dst id="STTLng">87.4133333333333</dst>
            <dst id="WASHng">113006.416</dst>
        </src>
        <src id="IPLSng">
            <dst id="ATLA-M5">0</dst>
            <dst id="ATLAng">12983.4346666667</dst>
            <dst id="CHINng">144822.653333333</dst>
            <dst id="DNVRng">13754.0506666667</dst>
            <dst id="HSTNng">42570.0106666667</dst>
            <dst id="IPLSng">19066.6986666667</dst>
            <dst id="KSCYng">17249.8026666667</dst>
            <dst id="LOSAng">0</dst>
            <dst id="NYCMng">35039.184</dst>
            <dst id="SNVAng">505.896</dst>
            <dst id="STTLng">53.3333333333333</dst>
            <dst id="WASHng">27127.4906666667</dst>
        </src>
        <src id="KSCYng">
            <dst id="ATLA-M5">0</dst>
            <dst id="ATLAng">6323.29066666667</dst>
            <dst id="CHINng">34861.4666666667</dst>
            <dst id="DNVRng">8310.032</dst>
            <dst id="HSTNng">14347.8373333333</dst>
            <dst id="IPLSng">10905.8426666667</dst>
            <dst id="KSCYng">8040.22133333333</dst>
            <dst id="LOSAng">26.6666666666667</dst>
            <dst id="NYCMng">6568.96266666667</dst>
            <dst id="SNVAng">0</dst>
            <dst id="STTLng">53.3333333333333</dst>
            <dst id="WASHng">12638.9146666667</dst>
        </src>
        <src id="LOSAng">
            <dst id="ATLA-M5">0</dst>
            <dst id="ATLAng">22643.624</dst>
            <dst id="CHINng">12125.1653333333</dst>
            <dst id="DNVRng">9641.46133333333</dst>
            <dst id="HSTNng">156820.405333333</dst>
            <dst id="IPLSng">1235.38133333333</dst>
            <dst id="KSCYng">216.650666666667</dst>
            <dst id="LOSAng">21595.688</dst>
            <dst id="NYCMng">55586.6506666667</dst>
            <dst id="SNVAng">20304.5413333333</dst>
            <dst id="STTLng">17447.3626666667</dst>
            <dst id="WASHng">108229.077333333</dst>
        </src>
        <src id="NYCMng">
            <dst id="ATLA-M5">0</dst>
            <dst id="ATLAng">48287.4213333333</dst>
            <dst id="CHINng">70821.296</dst>
            <dst id="DNVRng">38556.752</dst>
            <dst id="HSTNng">97704.784</dst>
            <dst id="IPLSng">62611.7893333333</dst>
            <dst id="KSCYng">16062.616</dst>
            <dst id="LOSAng">53.3333333333333</dst>
            <dst id="NYCMng">232259.650666667</dst>
            <dst id="SNVAng">80</dst>
            <dst id="STTLng">2972.35466666667</dst>
            <dst id="WASHng">84928.4613333333</dst>
        </src>
        <src id="SNVAng">
            <dst id="ATLA-M5">0</dst>
            <dst id="ATLAng">317.933333333333</dst>
            <dst id="CHINng">325.589333333333</dst>
            <dst id="DNVRng">11965.4693333333</dst>
            <dst id="HSTNng">3364.89333333333</dst>
            <dst id="IPLSng">0</dst>
            <dst id="KSCYng">230.152</dst>
            <dst id="LOSAng">37890.9626666667</dst>
            <dst id="NYCMng">4734.97866666667</dst>
            <dst id="SNVAng">16544.5973333333</dst>
            <dst id="STTLng">49202.2026666667</dst>
            <dst id="WASHng">282.234666666667</dst>
        </src>
        <src id="STTLng">
            <dst id="ATLA-M5">0</dst>
            <dst id="ATLAng">9095.024</dst>
            <dst id="CHINng">26009.4213333333</dst>
            <dst id="DNVRng">4417.344</dst>
            <dst id="HSTNng">47386.4293333333</dst>
            <dst id="IPLSng">372.173333333333</dst>
            <dst id="KSCYng">2321.568</dst>
            <dst id="LOSAng">17389.0106666667</dst>
            <dst id="NYCMng">11894.6373333333</dst>
            <dst id="SNVAng">5257.944</dst>
            <dst id="STTLng">1297.68533333333</dst>
            <dst id="WASHng">30520.0133333333</dst>
        </src>
        <src id="WASHng">
            <dst id="ATLA-M5">0</dst>
            <dst id="ATLAng">132872.544</dst>
            <dst id="CHINng">66663.312</dst>
            <dst id="DNVRng">5303.296</dst>
            <dst id="HSTNng">273768.053333333</dst>
            <dst id="IPLSng">57292.504</dst>
            <dst id="KSCYng">7374.848</dst>
            <dst id="LOSAng">26.6666666666667</dst>
            <dst id="NYCMng">152322.474666667</dst>
            <dst id="SNVAng">267.194666666667</dst>
            <dst id="STTLng">5764.19733333333</dst>
            <dst id="WASHng">348611.226666667</dst>
        </src>
    </IntraTM>
</TrafficMatrixFile>
