<?xml version="1.0" encoding="ISO-8859-1" standalone="yes"?>
<TrafficMatrixFile xsi:noNamespaceSchemaLocation="http://totem.run.montefiore.ulg.ac.be/Schema/TrafficMatrix-v1_2.xsd" xmlns:xsi="http://www.w3.org/2001/XMLSchema-instance">
    <IntraTM ASID="11537">
        <src id="ATLA-M5">
            <dst id="ATLA-M5">612.384</dst>
            <dst id="ATLAng">539.010666666667</dst>
            <dst id="CHINng">1549.54666666667</dst>
            <dst id="DNVRng">0</dst>
            <dst id="HSTNng">1126.128</dst>
            <dst id="IPLSng">570.810666666667</dst>
            <dst id="KSCYng">447.784</dst>
            <dst id="LOSAng">0</dst>
            <dst id="NYCMng">1162.288</dst>
            <dst id="SNVAng">0</dst>
            <dst id="STTLng">86.1973333333333</dst>
            <dst id="WASHng">2232.82666666667</dst>
        </src>
        <src id="ATLAng">
            <dst id="ATLA-M5">0</dst>
            <dst id="ATLAng">31524.4266666667</dst>
            <dst id="CHINng">48318.0586666667</dst>
            <dst id="DNVRng">53.3333333333333</dst>
            <dst id="HSTNng">58095.5573333333</dst>
            <dst id="IPLSng">55342.024</dst>
            <dst id="KSCYng">6809.45333333333</dst>
            <dst id="LOSAng">70.9253333333333</dst>
            <dst id="NYCMng">19505.6933333333</dst>
            <dst id="SNVAng">996.104</dst>
            <dst id="STTLng">3931.61333333333</dst>
            <dst id="WASHng">65381.2906666667</dst>
        </src>
        <src id="CHINng">
            <dst id="ATLA-M5">0</dst>
            <dst id="ATLAng">45463.3333333333</dst>
            <dst id="CHINng">114519.469333333</dst>
            <dst id="DNVRng">32300.4133333333</dst>
            <dst id="HSTNng">139683.029333333</dst>
            <dst id="IPLSng">63206.2586666667</dst>
            <dst id="KSCYng">26878.2293333333</dst>
            <dst id="LOSAng">73.2586666666667</dst>
            <dst id="NYCMng">48435.0986666667</dst>
            <dst id="SNVAng">1362.50133333333</dst>
            <dst id="STTLng">788.362666666667</dst>
            <dst id="WASHng">54025.208</dst>
        </src>
        <src id="DNVRng">
            <dst id="ATLA-M5">0</dst>
            <dst id="ATLAng">26630.9173333333</dst>
            <dst id="CHINng">62700.3813333333</dst>
            <dst id="DNVRng">15070.1573333333</dst>
            <dst id="HSTNng">54783.3546666667</dst>
            <dst id="IPLSng">34049.4586666667</dst>
            <dst id="KSCYng">29665.9066666667</dst>
            <dst id="LOSAng">81.016</dst>
            <dst id="NYCMng">33595.08</dst>
            <dst id="SNVAng">22794.456</dst>
            <dst id="STTLng">204.370666666667</dst>
            <dst id="WASHng">63938</dst>
        </src>
        <src id="HSTNng">
            <dst id="ATLA-M5">0</dst>
            <dst id="ATLAng">50096.5626666667</dst>
            <dst id="CHINng">4147.81066666667</dst>
            <dst id="DNVRng">53.3333333333333</dst>
            <dst id="HSTNng">189196.936</dst>
            <dst id="IPLSng">106.346666666667</dst>
            <dst id="KSCYng">109.293333333333</dst>
            <dst id="LOSAng">26.6666666666667</dst>
            <dst id="NYCMng">12371.368</dst>
            <dst id="SNVAng">89.176</dst>
            <dst id="STTLng">63.5973333333333</dst>
            <dst id="WASHng">139658.333333333</dst>
        </src>
        <src id="IPLSng">
            <dst id="ATLA-M5">0</dst>
            <dst id="ATLAng">51045</dst>
            <dst id="CHINng">157600.130666667</dst>
            <dst id="DNVRng">22652.792</dst>
            <dst id="HSTNng">90794.4506666667</dst>
            <dst id="IPLSng">79511.744</dst>
            <dst id="KSCYng">31659.4053333333</dst>
            <dst id="LOSAng">112.994666666667</dst>
            <dst id="NYCMng">55172.736</dst>
            <dst id="SNVAng">5795.46933333333</dst>
            <dst id="STTLng">240</dst>
            <dst id="WASHng">52476.576</dst>
        </src>
        <src id="KSCYng">
            <dst id="ATLA-M5">0</dst>
            <dst id="ATLAng">8199.392</dst>
            <dst id="CHINng">37722.12</dst>
            <dst id="DNVRng">35987.888</dst>
            <dst id="HSTNng">21847.072</dst>
            <dst id="IPLSng">33715.248</dst>
            <dst id="KSCYng">12681.4453333333</dst>
            <dst id="LOSAng">0</dst>
            <dst id="NYCMng">10988.0293333333</dst>
            <dst id="SNVAng">92.232</dst>
            <dst id="STTLng">146.448</dst>
            <dst id="WASHng">13478.0613333333</dst>
        </src>
        <src id="LOSAng">
            <dst id="ATLA-M5">0</dst>
            <dst id="ATLAng">41224.4906666667</dst>
            <dst id="CHINng">9775.46933333333</dst>
            <dst id="DNVRng">38605.8213333333</dst>
            <dst id="HSTNng">192903.042666667</dst>
            <dst id="IPLSng">2585.16</dst>
            <dst id="KSCYng">1748.29066666667</dst>
            <dst id="LOSAng">19921.8373333333</dst>
            <dst id="NYCMng">75159.5493333333</dst>
            <dst id="SNVAng">22811.5173333333</dst>
            <dst id="STTLng">27721.4</dst>
            <dst id="WASHng">114935.032</dst>
        </src>
        <src id="NYCMng">
            <dst id="ATLA-M5">0</dst>
            <dst id="ATLAng">72059.7173333333</dst>
            <dst id="CHINng">104387.24</dst>
            <dst id="DNVRng">57915.9386666667</dst>
            <dst id="HSTNng">170185.613333333</dst>
            <dst id="IPLSng">92971.3093333333</dst>
            <dst id="KSCYng">31540.4933333333</dst>
            <dst id="LOSAng">80.3946666666667</dst>
            <dst id="NYCMng">270038.133333333</dst>
            <dst id="SNVAng">824.674666666666</dst>
            <dst id="STTLng">2097.77066666667</dst>
            <dst id="WASHng">272864.106666667</dst>
        </src>
        <src id="SNVAng">
            <dst id="ATLA-M5">0</dst>
            <dst id="ATLAng">1938.688</dst>
            <dst id="CHINng">1207.72266666667</dst>
            <dst id="DNVRng">12625.4613333333</dst>
            <dst id="HSTNng">10740.232</dst>
            <dst id="IPLSng">26.6666666666667</dst>
            <dst id="KSCYng">3425.8</dst>
            <dst id="LOSAng">47469.152</dst>
            <dst id="NYCMng">9220.42133333333</dst>
            <dst id="SNVAng">20002.5866666667</dst>
            <dst id="STTLng">60846.6106666667</dst>
            <dst id="WASHng">1683.50666666667</dst>
        </src>
        <src id="STTLng">
            <dst id="ATLA-M5">0</dst>
            <dst id="ATLAng">16298.6186666667</dst>
            <dst id="CHINng">24219.1306666667</dst>
            <dst id="DNVRng">12375.512</dst>
            <dst id="HSTNng">61556.128</dst>
            <dst id="IPLSng">539.629333333333</dst>
            <dst id="KSCYng">8988.904</dst>
            <dst id="LOSAng">29229.096</dst>
            <dst id="NYCMng">19568.2213333333</dst>
            <dst id="SNVAng">15502.872</dst>
            <dst id="STTLng">6026.376</dst>
            <dst id="WASHng">40531.76</dst>
        </src>
        <src id="WASHng">
            <dst id="ATLA-M5">0</dst>
            <dst id="ATLAng">124363.104</dst>
            <dst id="CHINng">110867.117333333</dst>
            <dst id="DNVRng">4304.552</dst>
            <dst id="HSTNng">381979.573333333</dst>
            <dst id="IPLSng">102162.909333333</dst>
            <dst id="KSCYng">27709.8026666667</dst>
            <dst id="LOSAng">26.6666666666667</dst>
            <dst id="NYCMng">215734.586666667</dst>
            <dst id="SNVAng">491.722666666667</dst>
            <dst id="STTLng">3681.952</dst>
            <dst id="WASHng">366458.24</dst>
        </src>
    </IntraTM>
</TrafficMatrixFile>
