<?xml version="1.0" encoding="ISO-8859-1" standalone="yes"?>
<TrafficMatrixFile xsi:noNamespaceSchemaLocation="http://totem.run.montefiore.ulg.ac.be/Schema/TrafficMatrix-v1_2.xsd" xmlns:xsi="http://www.w3.org/2001/XMLSchema-instance">
    <IntraTM ASID="11537">
        <src id="ATLA-M5">
            <dst id="ATLA-M5">1324.07733333333</dst>
            <dst id="ATLAng">78.4986666666667</dst>
            <dst id="CHINng">1529.26133333333</dst>
            <dst id="DNVRng">0</dst>
            <dst id="HSTNng">62.0266666666667</dst>
            <dst id="IPLSng">742.688</dst>
            <dst id="KSCYng">0</dst>
            <dst id="LOSAng">0</dst>
            <dst id="NYCMng">619.192</dst>
            <dst id="SNVAng">0</dst>
            <dst id="STTLng">0</dst>
            <dst id="WASHng">1298.08266666667</dst>
        </src>
        <src id="ATLAng">
            <dst id="ATLA-M5">0</dst>
            <dst id="ATLAng">27741.952</dst>
            <dst id="CHINng">28784.552</dst>
            <dst id="DNVRng">0</dst>
            <dst id="HSTNng">4400.95733333333</dst>
            <dst id="IPLSng">26235.344</dst>
            <dst id="KSCYng">26.6666666666667</dst>
            <dst id="LOSAng">26.6666666666667</dst>
            <dst id="NYCMng">39883.4133333333</dst>
            <dst id="SNVAng">53.3333333333333</dst>
            <dst id="STTLng">26.6666666666667</dst>
            <dst id="WASHng">39881.9866666667</dst>
        </src>
        <src id="CHINng">
            <dst id="ATLA-M5">0</dst>
            <dst id="ATLAng">20706.3013333333</dst>
            <dst id="CHINng">26495.6186666667</dst>
            <dst id="DNVRng">0</dst>
            <dst id="HSTNng">15491.8693333333</dst>
            <dst id="IPLSng">44308.024</dst>
            <dst id="KSCYng">26.6666666666667</dst>
            <dst id="LOSAng">53.3333333333333</dst>
            <dst id="NYCMng">158594.773333333</dst>
            <dst id="SNVAng">26.6666666666667</dst>
            <dst id="STTLng">1896</dst>
            <dst id="WASHng">27719.6586666667</dst>
        </src>
        <src id="DNVRng">
            <dst id="ATLA-M5">0</dst>
            <dst id="ATLAng">6688.58666666667</dst>
            <dst id="CHINng">28199.7813333333</dst>
            <dst id="DNVRng">10383.9973333333</dst>
            <dst id="HSTNng">30273.008</dst>
            <dst id="IPLSng">24797.7386666667</dst>
            <dst id="KSCYng">16055.0853333333</dst>
            <dst id="LOSAng">0</dst>
            <dst id="NYCMng">34132.1493333333</dst>
            <dst id="SNVAng">7075.08266666667</dst>
            <dst id="STTLng">2202.58666666667</dst>
            <dst id="WASHng">40786.0586666667</dst>
        </src>
        <src id="HSTNng">
            <dst id="ATLA-M5">0</dst>
            <dst id="ATLAng">37645.9493333333</dst>
            <dst id="CHINng">970.504</dst>
            <dst id="DNVRng">26.6666666666667</dst>
            <dst id="HSTNng">79742.2666666667</dst>
            <dst id="IPLSng">0</dst>
            <dst id="KSCYng">26.6666666666667</dst>
            <dst id="LOSAng">0</dst>
            <dst id="NYCMng">3097.41066666667</dst>
            <dst id="SNVAng">26.6666666666667</dst>
            <dst id="STTLng">0</dst>
            <dst id="WASHng">73440.92</dst>
        </src>
        <src id="IPLSng">
            <dst id="ATLA-M5">0</dst>
            <dst id="ATLAng">17463.0906666667</dst>
            <dst id="CHINng">58393.64</dst>
            <dst id="DNVRng">0</dst>
            <dst id="HSTNng">8345.28533333333</dst>
            <dst id="IPLSng">22684.512</dst>
            <dst id="KSCYng">16781.1413333333</dst>
            <dst id="LOSAng">86.84</dst>
            <dst id="NYCMng">176631.864</dst>
            <dst id="SNVAng">53.3333333333333</dst>
            <dst id="STTLng">0</dst>
            <dst id="WASHng">29294.5466666667</dst>
        </src>
        <src id="KSCYng">
            <dst id="ATLA-M5">0</dst>
            <dst id="ATLAng">7164.07733333333</dst>
            <dst id="CHINng">10925</dst>
            <dst id="DNVRng">5248.48</dst>
            <dst id="HSTNng">14512.1733333333</dst>
            <dst id="IPLSng">11198.6426666667</dst>
            <dst id="KSCYng">12220.736</dst>
            <dst id="LOSAng">0</dst>
            <dst id="NYCMng">21793.656</dst>
            <dst id="SNVAng">53.3333333333333</dst>
            <dst id="STTLng">51.6693333333333</dst>
            <dst id="WASHng">7981.68</dst>
        </src>
        <src id="LOSAng">
            <dst id="ATLA-M5">0</dst>
            <dst id="ATLAng">35972.1066666667</dst>
            <dst id="CHINng">2277.29066666667</dst>
            <dst id="DNVRng">10284.8773333333</dst>
            <dst id="HSTNng">87529.4773333333</dst>
            <dst id="IPLSng">871.434666666667</dst>
            <dst id="KSCYng">225.530666666667</dst>
            <dst id="LOSAng">30384.9093333333</dst>
            <dst id="NYCMng">87158.016</dst>
            <dst id="SNVAng">8241.48</dst>
            <dst id="STTLng">19169.056</dst>
            <dst id="WASHng">59100.872</dst>
        </src>
        <src id="NYCMng">
            <dst id="ATLA-M5">0</dst>
            <dst id="ATLAng">23985.9493333333</dst>
            <dst id="CHINng">1326.144</dst>
            <dst id="DNVRng">0</dst>
            <dst id="HSTNng">11775.432</dst>
            <dst id="IPLSng">80</dst>
            <dst id="KSCYng">99.3706666666667</dst>
            <dst id="LOSAng">212.456</dst>
            <dst id="NYCMng">352692.986666667</dst>
            <dst id="SNVAng">26.6666666666667</dst>
            <dst id="STTLng">711.968</dst>
            <dst id="WASHng">80779.3226666667</dst>
        </src>
        <src id="SNVAng">
            <dst id="ATLA-M5">0</dst>
            <dst id="ATLAng">897.325333333333</dst>
            <dst id="CHINng">82.6666666666667</dst>
            <dst id="DNVRng">4330.416</dst>
            <dst id="HSTNng">2864.65333333333</dst>
            <dst id="IPLSng">0</dst>
            <dst id="KSCYng">198.432</dst>
            <dst id="LOSAng">33593.16</dst>
            <dst id="NYCMng">4199.40266666667</dst>
            <dst id="SNVAng">17863.3946666667</dst>
            <dst id="STTLng">54570.152</dst>
            <dst id="WASHng">428.093333333333</dst>
        </src>
        <src id="STTLng">
            <dst id="ATLA-M5">0</dst>
            <dst id="ATLAng">6365.6</dst>
            <dst id="CHINng">944.989333333333</dst>
            <dst id="DNVRng">3579.168</dst>
            <dst id="HSTNng">14106.6533333333</dst>
            <dst id="IPLSng">319.802666666667</dst>
            <dst id="KSCYng">1700.312</dst>
            <dst id="LOSAng">15475.264</dst>
            <dst id="NYCMng">45754.0506666667</dst>
            <dst id="SNVAng">6451.64266666667</dst>
            <dst id="STTLng">3733.50133333333</dst>
            <dst id="WASHng">29381.864</dst>
        </src>
        <src id="WASHng">
            <dst id="ATLA-M5">0</dst>
            <dst id="ATLAng">112918.088</dst>
            <dst id="CHINng">687.192</dst>
            <dst id="DNVRng">0</dst>
            <dst id="HSTNng">67884.808</dst>
            <dst id="IPLSng">126.32</dst>
            <dst id="KSCYng">26.6666666666667</dst>
            <dst id="LOSAng">26.6666666666667</dst>
            <dst id="NYCMng">455159.626666667</dst>
            <dst id="SNVAng">37.216</dst>
            <dst id="STTLng">26.6666666666667</dst>
            <dst id="WASHng">316969.013333333</dst>
        </src>
    </IntraTM>
</TrafficMatrixFile>
