<?xml version="1.0" encoding="ISO-8859-1" standalone="yes"?>
<TrafficMatrixFile xsi:noNamespaceSchemaLocation="http://totem.run.montefiore.ulg.ac.be/Schema/TrafficMatrix-v1_2.xsd" xmlns:xsi="http://www.w3.org/2001/XMLSchema-instance">
    <IntraTM ASID="11537">
        <src id="ATLA-M5">
            <dst id="ATLA-M5">46.0293333333333</dst>
            <dst id="ATLAng">533.194666666667</dst>
            <dst id="CHINng">2195.53066666667</dst>
            <dst id="DNVRng">0</dst>
            <dst id="HSTNng">196.872</dst>
            <dst id="IPLSng">1498.832</dst>
            <dst id="KSCYng">0</dst>
            <dst id="LOSAng">0</dst>
            <dst id="NYCMng">2849.49866666667</dst>
            <dst id="SNVAng">0</dst>
            <dst id="STTLng">0</dst>
            <dst id="WASHng">412.794666666667</dst>
        </src>
        <src id="ATLAng">
            <dst id="ATLA-M5">0</dst>
            <dst id="ATLAng">29583.704</dst>
            <dst id="CHINng">42692.7893333333</dst>
            <dst id="DNVRng">0</dst>
            <dst id="HSTNng">28060.464</dst>
            <dst id="IPLSng">29694.2773333333</dst>
            <dst id="KSCYng">26.6666666666667</dst>
            <dst id="LOSAng">0</dst>
            <dst id="NYCMng">60368.8053333333</dst>
            <dst id="SNVAng">0</dst>
            <dst id="STTLng">0</dst>
            <dst id="WASHng">42699.456</dst>
        </src>
        <src id="CHINng">
            <dst id="ATLA-M5">0</dst>
            <dst id="ATLAng">37974.384</dst>
            <dst id="CHINng">29828.2666666667</dst>
            <dst id="DNVRng">0</dst>
            <dst id="HSTNng">17150.728</dst>
            <dst id="IPLSng">66311.4133333333</dst>
            <dst id="KSCYng">184.317333333333</dst>
            <dst id="LOSAng">59.64</dst>
            <dst id="NYCMng">216066.928</dst>
            <dst id="SNVAng">26.6666666666667</dst>
            <dst id="STTLng">53.3333333333333</dst>
            <dst id="WASHng">44193.6586666667</dst>
        </src>
        <src id="DNVRng">
            <dst id="ATLA-M5">0</dst>
            <dst id="ATLAng">8972.03733333333</dst>
            <dst id="CHINng">43346</dst>
            <dst id="DNVRng">6384.86133333333</dst>
            <dst id="HSTNng">35146.544</dst>
            <dst id="IPLSng">31391.5573333333</dst>
            <dst id="KSCYng">14906.1093333333</dst>
            <dst id="LOSAng">0</dst>
            <dst id="NYCMng">36311.6533333333</dst>
            <dst id="SNVAng">11892.5946666667</dst>
            <dst id="STTLng">1584.376</dst>
            <dst id="WASHng">51018.704</dst>
        </src>
        <src id="HSTNng">
            <dst id="ATLA-M5">0</dst>
            <dst id="ATLAng">27634.744</dst>
            <dst id="CHINng">673.746666666667</dst>
            <dst id="DNVRng">0</dst>
            <dst id="HSTNng">307300.533333333</dst>
            <dst id="IPLSng">26.6666666666667</dst>
            <dst id="KSCYng">0</dst>
            <dst id="LOSAng">0</dst>
            <dst id="NYCMng">5196.51733333333</dst>
            <dst id="SNVAng">26.6666666666667</dst>
            <dst id="STTLng">0</dst>
            <dst id="WASHng">118613.84</dst>
        </src>
        <src id="IPLSng">
            <dst id="ATLA-M5">0</dst>
            <dst id="ATLAng">17267.6746666667</dst>
            <dst id="CHINng">125655.648</dst>
            <dst id="DNVRng">0</dst>
            <dst id="HSTNng">13281.5466666667</dst>
            <dst id="IPLSng">49579.9333333333</dst>
            <dst id="KSCYng">17942.9333333333</dst>
            <dst id="LOSAng">0</dst>
            <dst id="NYCMng">243020.058666667</dst>
            <dst id="SNVAng">133.333333333333</dst>
            <dst id="STTLng">115.232</dst>
            <dst id="WASHng">35437.7973333333</dst>
        </src>
        <src id="KSCYng">
            <dst id="ATLA-M5">0</dst>
            <dst id="ATLAng">8622.33866666667</dst>
            <dst id="CHINng">20659.9786666667</dst>
            <dst id="DNVRng">15415.6773333333</dst>
            <dst id="HSTNng">16672.144</dst>
            <dst id="IPLSng">22433.8933333333</dst>
            <dst id="KSCYng">6616.128</dst>
            <dst id="LOSAng">0</dst>
            <dst id="NYCMng">56466.5093333333</dst>
            <dst id="SNVAng">0</dst>
            <dst id="STTLng">0</dst>
            <dst id="WASHng">16859.104</dst>
        </src>
        <src id="LOSAng">
            <dst id="ATLA-M5">0</dst>
            <dst id="ATLAng">22001.7093333333</dst>
            <dst id="CHINng">2661.02666666667</dst>
            <dst id="DNVRng">15684.312</dst>
            <dst id="HSTNng">190233.229333333</dst>
            <dst id="IPLSng">2093.64</dst>
            <dst id="KSCYng">223.509333333333</dst>
            <dst id="LOSAng">17065.08</dst>
            <dst id="NYCMng">68056.6906666666</dst>
            <dst id="SNVAng">9837.56266666667</dst>
            <dst id="STTLng">25989.216</dst>
            <dst id="WASHng">95996.6853333333</dst>
        </src>
        <src id="NYCMng">
            <dst id="ATLA-M5">0</dst>
            <dst id="ATLAng">44325.2933333333</dst>
            <dst id="CHINng">1093.34133333333</dst>
            <dst id="DNVRng">0</dst>
            <dst id="HSTNng">29927.2186666667</dst>
            <dst id="IPLSng">133.773333333333</dst>
            <dst id="KSCYng">26.6666666666667</dst>
            <dst id="LOSAng">26.6666666666667</dst>
            <dst id="NYCMng">582836.693333333</dst>
            <dst id="SNVAng">53.3333333333333</dst>
            <dst id="STTLng">71.328</dst>
            <dst id="WASHng">92121.032</dst>
        </src>
        <src id="SNVAng">
            <dst id="ATLA-M5">0</dst>
            <dst id="ATLAng">1199.65066666667</dst>
            <dst id="CHINng">0</dst>
            <dst id="DNVRng">4176.208</dst>
            <dst id="HSTNng">3575.568</dst>
            <dst id="IPLSng">0</dst>
            <dst id="KSCYng">515.146666666667</dst>
            <dst id="LOSAng">40836.1173333333</dst>
            <dst id="NYCMng">8732.136</dst>
            <dst id="SNVAng">18099.5066666667</dst>
            <dst id="STTLng">57122.7333333333</dst>
            <dst id="WASHng">403.917333333333</dst>
        </src>
        <src id="STTLng">
            <dst id="ATLA-M5">0</dst>
            <dst id="ATLAng">7667.67733333333</dst>
            <dst id="CHINng">791.357333333333</dst>
            <dst id="DNVRng">5472.864</dst>
            <dst id="HSTNng">23584.9946666667</dst>
            <dst id="IPLSng">206.624</dst>
            <dst id="KSCYng">4153.65866666667</dst>
            <dst id="LOSAng">24297.0746666667</dst>
            <dst id="NYCMng">55174.8853333333</dst>
            <dst id="SNVAng">7011.864</dst>
            <dst id="STTLng">8242.37866666667</dst>
            <dst id="WASHng">29055.3066666667</dst>
        </src>
        <src id="WASHng">
            <dst id="ATLA-M5">0</dst>
            <dst id="ATLAng">171994.845333333</dst>
            <dst id="CHINng">831.298666666667</dst>
            <dst id="DNVRng">0</dst>
            <dst id="HSTNng">67611.824</dst>
            <dst id="IPLSng">53.3333333333333</dst>
            <dst id="KSCYng">0</dst>
            <dst id="LOSAng">97.0986666666667</dst>
            <dst id="NYCMng">593010.293333333</dst>
            <dst id="SNVAng">53.3333333333333</dst>
            <dst id="STTLng">250.837333333333</dst>
            <dst id="WASHng">307117.44</dst>
        </src>
    </IntraTM>
</TrafficMatrixFile>
