<?xml version="1.0" encoding="ISO-8859-1" standalone="yes"?>
<TrafficMatrixFile xsi:noNamespaceSchemaLocation="http://totem.run.montefiore.ulg.ac.be/Schema/TrafficMatrix-v1_2.xsd" xmlns:xsi="http://www.w3.org/2001/XMLSchema-instance">
    <IntraTM ASID="11537">
        <src id="ATLA-M5">
            <dst id="ATLA-M5">0</dst>
            <dst id="ATLAng">80</dst>
            <dst id="CHINng">454.797333333333</dst>
            <dst id="DNVRng">0</dst>
            <dst id="HSTNng">1005.09066666667</dst>
            <dst id="IPLSng">80</dst>
            <dst id="KSCYng">53.3333333333333</dst>
            <dst id="LOSAng">0</dst>
            <dst id="NYCMng">489.810666666667</dst>
            <dst id="SNVAng">0</dst>
            <dst id="STTLng">0</dst>
            <dst id="WASHng">1691.424</dst>
        </src>
        <src id="ATLAng">
            <dst id="ATLA-M5">0</dst>
            <dst id="ATLAng">43551.5093333333</dst>
            <dst id="CHINng">11417.7493333333</dst>
            <dst id="DNVRng">43.6266666666667</dst>
            <dst id="HSTNng">37397.56</dst>
            <dst id="IPLSng">26218.24</dst>
            <dst id="KSCYng">3584.31733333333</dst>
            <dst id="LOSAng">0</dst>
            <dst id="NYCMng">24491.5146666667</dst>
            <dst id="SNVAng">0</dst>
            <dst id="STTLng">1096.74666666667</dst>
            <dst id="WASHng">74248.2266666667</dst>
        </src>
        <src id="CHINng">
            <dst id="ATLA-M5">0</dst>
            <dst id="ATLAng">25880.7413333333</dst>
            <dst id="CHINng">150703.658666667</dst>
            <dst id="DNVRng">20340.8213333333</dst>
            <dst id="HSTNng">106292.317333333</dst>
            <dst id="IPLSng">46191.8186666667</dst>
            <dst id="KSCYng">10244.7093333333</dst>
            <dst id="LOSAng">338.976</dst>
            <dst id="NYCMng">25254.768</dst>
            <dst id="SNVAng">26.6666666666667</dst>
            <dst id="STTLng">1404.03466666667</dst>
            <dst id="WASHng">38444.792</dst>
        </src>
        <src id="DNVRng">
            <dst id="ATLA-M5">0</dst>
            <dst id="ATLAng">7948.184</dst>
            <dst id="CHINng">62626.728</dst>
            <dst id="DNVRng">9707.51466666667</dst>
            <dst id="HSTNng">31257.9093333333</dst>
            <dst id="IPLSng">33356.3226666667</dst>
            <dst id="KSCYng">15111.9466666667</dst>
            <dst id="LOSAng">0</dst>
            <dst id="NYCMng">21903.4693333333</dst>
            <dst id="SNVAng">8822.84266666667</dst>
            <dst id="STTLng">53.3333333333333</dst>
            <dst id="WASHng">38371.1626666667</dst>
        </src>
        <src id="HSTNng">
            <dst id="ATLA-M5">0</dst>
            <dst id="ATLAng">23437.664</dst>
            <dst id="CHINng">2883.35466666667</dst>
            <dst id="DNVRng">0</dst>
            <dst id="HSTNng">126094.805333333</dst>
            <dst id="IPLSng">74.024</dst>
            <dst id="KSCYng">26.6666666666667</dst>
            <dst id="LOSAng">0</dst>
            <dst id="NYCMng">5792.70933333333</dst>
            <dst id="SNVAng">0</dst>
            <dst id="STTLng">26.6666666666667</dst>
            <dst id="WASHng">97770.2373333333</dst>
        </src>
        <src id="IPLSng">
            <dst id="ATLA-M5">0</dst>
            <dst id="ATLAng">24001.544</dst>
            <dst id="CHINng">174109.026666667</dst>
            <dst id="DNVRng">9871.72</dst>
            <dst id="HSTNng">98671.8346666667</dst>
            <dst id="IPLSng">13679.0133333333</dst>
            <dst id="KSCYng">24235.6693333333</dst>
            <dst id="LOSAng">0</dst>
            <dst id="NYCMng">22289.8186666667</dst>
            <dst id="SNVAng">292.2</dst>
            <dst id="STTLng">115.256</dst>
            <dst id="WASHng">12701.16</dst>
        </src>
        <src id="KSCYng">
            <dst id="ATLA-M5">0</dst>
            <dst id="ATLAng">6025.71733333333</dst>
            <dst id="CHINng">33789.136</dst>
            <dst id="DNVRng">7689.34666666667</dst>
            <dst id="HSTNng">20116.512</dst>
            <dst id="IPLSng">15031.2533333333</dst>
            <dst id="KSCYng">8966.74933333333</dst>
            <dst id="LOSAng">0</dst>
            <dst id="NYCMng">12846.168</dst>
            <dst id="SNVAng">26.6666666666667</dst>
            <dst id="STTLng">80</dst>
            <dst id="WASHng">11202.5306666667</dst>
        </src>
        <src id="LOSAng">
            <dst id="ATLA-M5">0</dst>
            <dst id="ATLAng">17951.4506666667</dst>
            <dst id="CHINng">14394.1653333333</dst>
            <dst id="DNVRng">8848.536</dst>
            <dst id="HSTNng">170510.733333333</dst>
            <dst id="IPLSng">990.853333333333</dst>
            <dst id="KSCYng">86.8</dst>
            <dst id="LOSAng">38796.9013333333</dst>
            <dst id="NYCMng">48145.4</dst>
            <dst id="SNVAng">12482.2213333333</dst>
            <dst id="STTLng">24939.7866666667</dst>
            <dst id="WASHng">91595.7546666667</dst>
        </src>
        <src id="NYCMng">
            <dst id="ATLA-M5">0</dst>
            <dst id="ATLAng">25617.2453333333</dst>
            <dst id="CHINng">69188.4746666667</dst>
            <dst id="DNVRng">40000.3253333333</dst>
            <dst id="HSTNng">96581.176</dst>
            <dst id="IPLSng">51012.5786666667</dst>
            <dst id="KSCYng">15567.4746666667</dst>
            <dst id="LOSAng">85.984</dst>
            <dst id="NYCMng">211025.76</dst>
            <dst id="SNVAng">26.6666666666667</dst>
            <dst id="STTLng">3936.52266666667</dst>
            <dst id="WASHng">75675.6746666667</dst>
        </src>
        <src id="SNVAng">
            <dst id="ATLA-M5">0</dst>
            <dst id="ATLAng">186.666666666667</dst>
            <dst id="CHINng">732.298666666667</dst>
            <dst id="DNVRng">7889.50133333333</dst>
            <dst id="HSTNng">12034.9973333333</dst>
            <dst id="IPLSng">0</dst>
            <dst id="KSCYng">419.805333333333</dst>
            <dst id="LOSAng">30533.576</dst>
            <dst id="NYCMng">3764.88266666667</dst>
            <dst id="SNVAng">16804.848</dst>
            <dst id="STTLng">50223.1733333333</dst>
            <dst id="WASHng">422.186666666667</dst>
        </src>
        <src id="STTLng">
            <dst id="ATLA-M5">0</dst>
            <dst id="ATLAng">8407.99466666667</dst>
            <dst id="CHINng">25248.616</dst>
            <dst id="DNVRng">5671.95733333333</dst>
            <dst id="HSTNng">43698.3546666667</dst>
            <dst id="IPLSng">359.984</dst>
            <dst id="KSCYng">1992.97866666667</dst>
            <dst id="LOSAng">20791.464</dst>
            <dst id="NYCMng">11159.1946666667</dst>
            <dst id="SNVAng">4287.29066666667</dst>
            <dst id="STTLng">5702.36</dst>
            <dst id="WASHng">36256.1466666667</dst>
        </src>
        <src id="WASHng">
            <dst id="ATLA-M5">0</dst>
            <dst id="ATLAng">117886.781333333</dst>
            <dst id="CHINng">73380.9813333333</dst>
            <dst id="DNVRng">5022.40533333333</dst>
            <dst id="HSTNng">305219.786666667</dst>
            <dst id="IPLSng">48650.1546666667</dst>
            <dst id="KSCYng">14379.7866666667</dst>
            <dst id="LOSAng">0</dst>
            <dst id="NYCMng">181533.890666667</dst>
            <dst id="SNVAng">163.506666666667</dst>
            <dst id="STTLng">5978.624</dst>
            <dst id="WASHng">397587.52</dst>
        </src>
    </IntraTM>
</TrafficMatrixFile>
