<?xml version="1.0" encoding="ISO-8859-1" standalone="yes"?>
<TrafficMatrixFile xsi:noNamespaceSchemaLocation="http://totem.run.montefiore.ulg.ac.be/Schema/TrafficMatrix-v1_2.xsd" xmlns:xsi="http://www.w3.org/2001/XMLSchema-instance">
    <IntraTM ASID="11537">
        <src id="ATLA-M5">
            <dst id="ATLA-M5">53.3333333333333</dst>
            <dst id="ATLAng">118.992</dst>
            <dst id="CHINng">947.04</dst>
            <dst id="DNVRng">0</dst>
            <dst id="HSTNng">851.749333333333</dst>
            <dst id="IPLSng">446.341333333333</dst>
            <dst id="KSCYng">101.056</dst>
            <dst id="LOSAng">0</dst>
            <dst id="NYCMng">365.850666666667</dst>
            <dst id="SNVAng">0</dst>
            <dst id="STTLng">0</dst>
            <dst id="WASHng">1622.74666666667</dst>
        </src>
        <src id="ATLAng">
            <dst id="ATLA-M5">0</dst>
            <dst id="ATLAng">24990.0986666667</dst>
            <dst id="CHINng">20510.912</dst>
            <dst id="DNVRng">97.7226666666667</dst>
            <dst id="HSTNng">660800.586666667</dst>
            <dst id="IPLSng">39958.4373333333</dst>
            <dst id="KSCYng">4460.928</dst>
            <dst id="LOSAng">0</dst>
            <dst id="NYCMng">20768.488</dst>
            <dst id="SNVAng">26.6666666666667</dst>
            <dst id="STTLng">94.0933333333333</dst>
            <dst id="WASHng">77307.328</dst>
        </src>
        <src id="CHINng">
            <dst id="ATLA-M5">0</dst>
            <dst id="ATLAng">32569.9253333333</dst>
            <dst id="CHINng">141384.832</dst>
            <dst id="DNVRng">18471.544</dst>
            <dst id="HSTNng">123790.810666667</dst>
            <dst id="IPLSng">79930</dst>
            <dst id="KSCYng">17266.1546666667</dst>
            <dst id="LOSAng">500.437333333333</dst>
            <dst id="NYCMng">44444.0106666667</dst>
            <dst id="SNVAng">53.3333333333333</dst>
            <dst id="STTLng">636.162666666667</dst>
            <dst id="WASHng">40653.7253333333</dst>
        </src>
        <src id="DNVRng">
            <dst id="ATLA-M5">0</dst>
            <dst id="ATLAng">8245.06666666666</dst>
            <dst id="CHINng">79582.136</dst>
            <dst id="DNVRng">10685.08</dst>
            <dst id="HSTNng">74474.264</dst>
            <dst id="IPLSng">36382.5626666667</dst>
            <dst id="KSCYng">13011.0373333333</dst>
            <dst id="LOSAng">26.6666666666667</dst>
            <dst id="NYCMng">29143.2053333333</dst>
            <dst id="SNVAng">8973.456</dst>
            <dst id="STTLng">119.237333333333</dst>
            <dst id="WASHng">28966.7813333333</dst>
        </src>
        <src id="HSTNng">
            <dst id="ATLA-M5">0</dst>
            <dst id="ATLAng">34536.376</dst>
            <dst id="CHINng">2651.584</dst>
            <dst id="DNVRng">0</dst>
            <dst id="HSTNng">156119.914666667</dst>
            <dst id="IPLSng">137.186666666667</dst>
            <dst id="KSCYng">0</dst>
            <dst id="LOSAng">273.445333333333</dst>
            <dst id="NYCMng">7493.66133333333</dst>
            <dst id="SNVAng">53.3333333333333</dst>
            <dst id="STTLng">111.848</dst>
            <dst id="WASHng">96708.7786666667</dst>
        </src>
        <src id="IPLSng">
            <dst id="ATLA-M5">0</dst>
            <dst id="ATLAng">12868.2746666667</dst>
            <dst id="CHINng">167849.205333333</dst>
            <dst id="DNVRng">8418.70933333333</dst>
            <dst id="HSTNng">145447.84</dst>
            <dst id="IPLSng">34829.2533333333</dst>
            <dst id="KSCYng">21287.7146666667</dst>
            <dst id="LOSAng">52.9946666666667</dst>
            <dst id="NYCMng">38858.16</dst>
            <dst id="SNVAng">115.869333333333</dst>
            <dst id="STTLng">624.672</dst>
            <dst id="WASHng">28390.6906666667</dst>
        </src>
        <src id="KSCYng">
            <dst id="ATLA-M5">0</dst>
            <dst id="ATLAng">5578.37066666667</dst>
            <dst id="CHINng">34879.0186666667</dst>
            <dst id="DNVRng">7590.04533333333</dst>
            <dst id="HSTNng">21459.408</dst>
            <dst id="IPLSng">17587.0453333333</dst>
            <dst id="KSCYng">11164.0426666667</dst>
            <dst id="LOSAng">0</dst>
            <dst id="NYCMng">12346.5173333333</dst>
            <dst id="SNVAng">0</dst>
            <dst id="STTLng">58.9706666666667</dst>
            <dst id="WASHng">13717.6426666667</dst>
        </src>
        <src id="LOSAng">
            <dst id="ATLA-M5">0</dst>
            <dst id="ATLAng">27474.512</dst>
            <dst id="CHINng">20838.9466666667</dst>
            <dst id="DNVRng">11426.0666666667</dst>
            <dst id="HSTNng">198285.389333333</dst>
            <dst id="IPLSng">315.869333333333</dst>
            <dst id="KSCYng">92.3013333333333</dst>
            <dst id="LOSAng">47389.3386666667</dst>
            <dst id="NYCMng">57318.0133333333</dst>
            <dst id="SNVAng">11345.7733333333</dst>
            <dst id="STTLng">33976.368</dst>
            <dst id="WASHng">87881.5306666667</dst>
        </src>
        <src id="NYCMng">
            <dst id="ATLA-M5">0</dst>
            <dst id="ATLAng">38921.2506666667</dst>
            <dst id="CHINng">84729.4853333333</dst>
            <dst id="DNVRng">38156.6026666667</dst>
            <dst id="HSTNng">161604.664</dst>
            <dst id="IPLSng">64991.7866666667</dst>
            <dst id="KSCYng">24622.736</dst>
            <dst id="LOSAng">255.389333333333</dst>
            <dst id="NYCMng">228387.610666667</dst>
            <dst id="SNVAng">0</dst>
            <dst id="STTLng">9861.44</dst>
            <dst id="WASHng">104759.992</dst>
        </src>
        <src id="SNVAng">
            <dst id="ATLA-M5">0</dst>
            <dst id="ATLAng">1800.72</dst>
            <dst id="CHINng">749.362666666667</dst>
            <dst id="DNVRng">3770.00266666667</dst>
            <dst id="HSTNng">5037.05333333333</dst>
            <dst id="IPLSng">92</dst>
            <dst id="KSCYng">707.696</dst>
            <dst id="LOSAng">33383.8</dst>
            <dst id="NYCMng">5607.288</dst>
            <dst id="SNVAng">12831.1493333333</dst>
            <dst id="STTLng">50083.1226666667</dst>
            <dst id="WASHng">932.277333333333</dst>
        </src>
        <src id="STTLng">
            <dst id="ATLA-M5">0</dst>
            <dst id="ATLAng">11674.1706666667</dst>
            <dst id="CHINng">24915.0533333333</dst>
            <dst id="DNVRng">6103.59466666667</dst>
            <dst id="HSTNng">47840.2053333333</dst>
            <dst id="IPLSng">383.16</dst>
            <dst id="KSCYng">2884.41333333333</dst>
            <dst id="LOSAng">30316.0666666667</dst>
            <dst id="NYCMng">18597.8746666667</dst>
            <dst id="SNVAng">8967.27466666667</dst>
            <dst id="STTLng">6025.44266666667</dst>
            <dst id="WASHng">28504.784</dst>
        </src>
        <src id="WASHng">
            <dst id="ATLA-M5">0</dst>
            <dst id="ATLAng">99546.928</dst>
            <dst id="CHINng">92446.5813333333</dst>
            <dst id="DNVRng">6452.28266666667</dst>
            <dst id="HSTNng">291724.506666667</dst>
            <dst id="IPLSng">53094.9866666667</dst>
            <dst id="KSCYng">35183.6373333333</dst>
            <dst id="LOSAng">80</dst>
            <dst id="NYCMng">146746.586666667</dst>
            <dst id="SNVAng">295.274666666667</dst>
            <dst id="STTLng">6135.29066666667</dst>
            <dst id="WASHng">407573.146666667</dst>
        </src>
    </IntraTM>
</TrafficMatrixFile>
