<?xml version="1.0" encoding="ISO-8859-1" standalone="yes"?>
<TrafficMatrixFile xsi:noNamespaceSchemaLocation="http://totem.run.montefiore.ulg.ac.be/Schema/TrafficMatrix-v1_2.xsd" xmlns:xsi="http://www.w3.org/2001/XMLSchema-instance">
    <IntraTM ASID="11537">
        <src id="ATLA-M5">
            <dst id="ATLA-M5">26.6666666666667</dst>
            <dst id="ATLAng">761.501333333333</dst>
            <dst id="CHINng">1683.048</dst>
            <dst id="DNVRng">26.6666666666667</dst>
            <dst id="HSTNng">1213.408</dst>
            <dst id="IPLSng">275.168</dst>
            <dst id="KSCYng">625.930666666667</dst>
            <dst id="LOSAng">0</dst>
            <dst id="NYCMng">1473.616</dst>
            <dst id="SNVAng">0</dst>
            <dst id="STTLng">28.8</dst>
            <dst id="WASHng">1763.36</dst>
        </src>
        <src id="ATLAng">
            <dst id="ATLA-M5">0</dst>
            <dst id="ATLAng">30738.104</dst>
            <dst id="CHINng">21638.8666666667</dst>
            <dst id="DNVRng">80</dst>
            <dst id="HSTNng">39232.2373333333</dst>
            <dst id="IPLSng">33489.392</dst>
            <dst id="KSCYng">4429.88533333334</dst>
            <dst id="LOSAng">0</dst>
            <dst id="NYCMng">29601.832</dst>
            <dst id="SNVAng">26.6666666666667</dst>
            <dst id="STTLng">318.642666666667</dst>
            <dst id="WASHng">69921.1466666667</dst>
        </src>
        <src id="CHINng">
            <dst id="ATLA-M5">0</dst>
            <dst id="ATLAng">32586.64</dst>
            <dst id="CHINng">102035.736</dst>
            <dst id="DNVRng">24224.32</dst>
            <dst id="HSTNng">124740.013333333</dst>
            <dst id="IPLSng">75556.7626666667</dst>
            <dst id="KSCYng">23527.6106666667</dst>
            <dst id="LOSAng">307.824</dst>
            <dst id="NYCMng">45789.136</dst>
            <dst id="SNVAng">26.6666666666667</dst>
            <dst id="STTLng">1631.896</dst>
            <dst id="WASHng">50105.9573333333</dst>
        </src>
        <src id="DNVRng">
            <dst id="ATLA-M5">0</dst>
            <dst id="ATLAng">10045.0853333333</dst>
            <dst id="CHINng">52637.0746666667</dst>
            <dst id="DNVRng">15476.04</dst>
            <dst id="HSTNng">42422.5066666667</dst>
            <dst id="IPLSng">28173.5066666667</dst>
            <dst id="KSCYng">19382.8106666667</dst>
            <dst id="LOSAng">0</dst>
            <dst id="NYCMng">18583.112</dst>
            <dst id="SNVAng">12049.3146666667</dst>
            <dst id="STTLng">1206.74133333333</dst>
            <dst id="WASHng">43025.864</dst>
        </src>
        <src id="HSTNng">
            <dst id="ATLA-M5">0</dst>
            <dst id="ATLAng">33707.552</dst>
            <dst id="CHINng">1598.336</dst>
            <dst id="DNVRng">0</dst>
            <dst id="HSTNng">163360.082666667</dst>
            <dst id="IPLSng">83.3066666666667</dst>
            <dst id="KSCYng">26.6666666666667</dst>
            <dst id="LOSAng">0</dst>
            <dst id="NYCMng">80121.0026666667</dst>
            <dst id="SNVAng">26.6666666666667</dst>
            <dst id="STTLng">299.405333333333</dst>
            <dst id="WASHng">126282.074666667</dst>
        </src>
        <src id="IPLSng">
            <dst id="ATLA-M5">0</dst>
            <dst id="ATLAng">26965.8986666667</dst>
            <dst id="CHINng">141411.453333333</dst>
            <dst id="DNVRng">9851.96</dst>
            <dst id="HSTNng">61789.4693333333</dst>
            <dst id="IPLSng">41170.0106666667</dst>
            <dst id="KSCYng">22083.368</dst>
            <dst id="LOSAng">962.512</dst>
            <dst id="NYCMng">69376.3333333333</dst>
            <dst id="SNVAng">53.3333333333333</dst>
            <dst id="STTLng">771.469333333333</dst>
            <dst id="WASHng">41273.24</dst>
        </src>
        <src id="KSCYng">
            <dst id="ATLA-M5">0</dst>
            <dst id="ATLAng">4648.128</dst>
            <dst id="CHINng">25561.2933333333</dst>
            <dst id="DNVRng">8862.93066666667</dst>
            <dst id="HSTNng">16232.792</dst>
            <dst id="IPLSng">21588.048</dst>
            <dst id="KSCYng">5988.048</dst>
            <dst id="LOSAng">0</dst>
            <dst id="NYCMng">9322.85333333333</dst>
            <dst id="SNVAng">53.3333333333333</dst>
            <dst id="STTLng">127.194666666667</dst>
            <dst id="WASHng">20391.7866666667</dst>
        </src>
        <src id="LOSAng">
            <dst id="ATLA-M5">0</dst>
            <dst id="ATLAng">27140.376</dst>
            <dst id="CHINng">4590.37866666667</dst>
            <dst id="DNVRng">20063.336</dst>
            <dst id="HSTNng">176044.872</dst>
            <dst id="IPLSng">149.466666666667</dst>
            <dst id="KSCYng">306.208</dst>
            <dst id="LOSAng">17022.8133333333</dst>
            <dst id="NYCMng">70113.2666666667</dst>
            <dst id="SNVAng">22586.1013333333</dst>
            <dst id="STTLng">44981.8</dst>
            <dst id="WASHng">97605.0586666667</dst>
        </src>
        <src id="NYCMng">
            <dst id="ATLA-M5">0</dst>
            <dst id="ATLAng">47215.544</dst>
            <dst id="CHINng">90522.1893333334</dst>
            <dst id="DNVRng">34247.0613333333</dst>
            <dst id="HSTNng">168221.133333333</dst>
            <dst id="IPLSng">88332.1493333333</dst>
            <dst id="KSCYng">20145.2</dst>
            <dst id="LOSAng">260.48</dst>
            <dst id="NYCMng">229942.408</dst>
            <dst id="SNVAng">26.6666666666667</dst>
            <dst id="STTLng">5015.67733333333</dst>
            <dst id="WASHng">153240.872</dst>
        </src>
        <src id="SNVAng">
            <dst id="ATLA-M5">0</dst>
            <dst id="ATLAng">404.114666666667</dst>
            <dst id="CHINng">268.392</dst>
            <dst id="DNVRng">13446.6506666667</dst>
            <dst id="HSTNng">2880.864</dst>
            <dst id="IPLSng">0</dst>
            <dst id="KSCYng">358.261333333333</dst>
            <dst id="LOSAng">38362.5706666667</dst>
            <dst id="NYCMng">5794.352</dst>
            <dst id="SNVAng">15984.5626666667</dst>
            <dst id="STTLng">56912.4853333333</dst>
            <dst id="WASHng">1600.70666666667</dst>
        </src>
        <src id="STTLng">
            <dst id="ATLA-M5">0</dst>
            <dst id="ATLAng">12824.696</dst>
            <dst id="CHINng">21860.4826666667</dst>
            <dst id="DNVRng">7375.73866666667</dst>
            <dst id="HSTNng">41735.7626666667</dst>
            <dst id="IPLSng">232.56</dst>
            <dst id="KSCYng">5189.70933333333</dst>
            <dst id="LOSAng">25608.2853333333</dst>
            <dst id="NYCMng">19506</dst>
            <dst id="SNVAng">6119.66933333333</dst>
            <dst id="STTLng">5309.05066666667</dst>
            <dst id="WASHng">32530.4186666667</dst>
        </src>
        <src id="WASHng">
            <dst id="ATLA-M5">0</dst>
            <dst id="ATLAng">129102.589333333</dst>
            <dst id="CHINng">101453.098666667</dst>
            <dst id="DNVRng">3040.97866666667</dst>
            <dst id="HSTNng">331426.666666667</dst>
            <dst id="IPLSng">66010.0106666667</dst>
            <dst id="KSCYng">24283.128</dst>
            <dst id="LOSAng">217.493333333333</dst>
            <dst id="NYCMng">220980.677333333</dst>
            <dst id="SNVAng">1433.48</dst>
            <dst id="STTLng">4625.952</dst>
            <dst id="WASHng">273146.933333333</dst>
        </src>
    </IntraTM>
</TrafficMatrixFile>
