<?xml version="1.0" encoding="ISO-8859-1" standalone="yes"?>
<TrafficMatrixFile xsi:noNamespaceSchemaLocation="http://totem.run.montefiore.ulg.ac.be/Schema/TrafficMatrix-v1_2.xsd" xmlns:xsi="http://www.w3.org/2001/XMLSchema-instance">
    <IntraTM ASID="11537">
        <src id="ATLA-M5">
            <dst id="ATLA-M5">71.9466666666667</dst>
            <dst id="ATLAng">367.914666666667</dst>
            <dst id="CHINng">881.346666666667</dst>
            <dst id="DNVRng">0</dst>
            <dst id="HSTNng">2904.58933333333</dst>
            <dst id="IPLSng">2099.06133333333</dst>
            <dst id="KSCYng">233.629333333333</dst>
            <dst id="LOSAng">0</dst>
            <dst id="NYCMng">1568.672</dst>
            <dst id="SNVAng">0</dst>
            <dst id="STTLng">0</dst>
            <dst id="WASHng">929.72</dst>
        </src>
        <src id="ATLAng">
            <dst id="ATLA-M5">0</dst>
            <dst id="ATLAng">47737.3706666666</dst>
            <dst id="CHINng">25179.8053333333</dst>
            <dst id="DNVRng">53.3333333333333</dst>
            <dst id="HSTNng">39422.5226666667</dst>
            <dst id="IPLSng">33153.7093333333</dst>
            <dst id="KSCYng">8610.78666666667</dst>
            <dst id="LOSAng">81.12</dst>
            <dst id="NYCMng">23029.104</dst>
            <dst id="SNVAng">0</dst>
            <dst id="STTLng">199.650666666667</dst>
            <dst id="WASHng">64635.536</dst>
        </src>
        <src id="CHINng">
            <dst id="ATLA-M5">0</dst>
            <dst id="ATLAng">50288.2293333333</dst>
            <dst id="CHINng">121949.648</dst>
            <dst id="DNVRng">22583.7306666667</dst>
            <dst id="HSTNng">118557.210666667</dst>
            <dst id="IPLSng">70259.04</dst>
            <dst id="KSCYng">19387.7866666667</dst>
            <dst id="LOSAng">297.437333333333</dst>
            <dst id="NYCMng">37677.248</dst>
            <dst id="SNVAng">26.6666666666667</dst>
            <dst id="STTLng">1656.928</dst>
            <dst id="WASHng">42429.9973333333</dst>
        </src>
        <src id="DNVRng">
            <dst id="ATLA-M5">0</dst>
            <dst id="ATLAng">11391.6666666667</dst>
            <dst id="CHINng">62724.56</dst>
            <dst id="DNVRng">8396.90933333333</dst>
            <dst id="HSTNng">59893.912</dst>
            <dst id="IPLSng">27559.248</dst>
            <dst id="KSCYng">10490.5946666667</dst>
            <dst id="LOSAng">0</dst>
            <dst id="NYCMng">26630.976</dst>
            <dst id="SNVAng">9935.448</dst>
            <dst id="STTLng">98.6986666666667</dst>
            <dst id="WASHng">38653.728</dst>
        </src>
        <src id="HSTNng">
            <dst id="ATLA-M5">0</dst>
            <dst id="ATLAng">41695.1653333333</dst>
            <dst id="CHINng">2610.304</dst>
            <dst id="DNVRng">63.6213333333333</dst>
            <dst id="HSTNng">236909.733333333</dst>
            <dst id="IPLSng">0</dst>
            <dst id="KSCYng">0</dst>
            <dst id="LOSAng">80</dst>
            <dst id="NYCMng">8200.37066666667</dst>
            <dst id="SNVAng">0</dst>
            <dst id="STTLng">123.914666666667</dst>
            <dst id="WASHng">110311.6</dst>
        </src>
        <src id="IPLSng">
            <dst id="ATLA-M5">0</dst>
            <dst id="ATLAng">36456.0853333333</dst>
            <dst id="CHINng">150244.44</dst>
            <dst id="DNVRng">11898.456</dst>
            <dst id="HSTNng">113028.029333333</dst>
            <dst id="IPLSng">49086.5573333333</dst>
            <dst id="KSCYng">21212.0666666667</dst>
            <dst id="LOSAng">0</dst>
            <dst id="NYCMng">58070.6613333333</dst>
            <dst id="SNVAng">102.229333333333</dst>
            <dst id="STTLng">266.237333333333</dst>
            <dst id="WASHng">32275.2133333333</dst>
        </src>
        <src id="KSCYng">
            <dst id="ATLA-M5">0</dst>
            <dst id="ATLAng">9129.59466666667</dst>
            <dst id="CHINng">29204.12</dst>
            <dst id="DNVRng">7147.66933333334</dst>
            <dst id="HSTNng">21907.224</dst>
            <dst id="IPLSng">14026.3253333333</dst>
            <dst id="KSCYng">13600.8693333333</dst>
            <dst id="LOSAng">0</dst>
            <dst id="NYCMng">12640.7333333333</dst>
            <dst id="SNVAng">26.6666666666667</dst>
            <dst id="STTLng">160</dst>
            <dst id="WASHng">13568.768</dst>
        </src>
        <src id="LOSAng">
            <dst id="ATLA-M5">0</dst>
            <dst id="ATLAng">32512.408</dst>
            <dst id="CHINng">6573.152</dst>
            <dst id="DNVRng">12129.624</dst>
            <dst id="HSTNng">187120.122666667</dst>
            <dst id="IPLSng">279.104</dst>
            <dst id="KSCYng">1682.05333333333</dst>
            <dst id="LOSAng">66353.248</dst>
            <dst id="NYCMng">77515.9093333333</dst>
            <dst id="SNVAng">12203.848</dst>
            <dst id="STTLng">30493.392</dst>
            <dst id="WASHng">101504.989333333</dst>
        </src>
        <src id="NYCMng">
            <dst id="ATLA-M5">0</dst>
            <dst id="ATLAng">49831.7706666667</dst>
            <dst id="CHINng">92947.912</dst>
            <dst id="DNVRng">31807.896</dst>
            <dst id="HSTNng">152327.712</dst>
            <dst id="IPLSng">80211.8</dst>
            <dst id="KSCYng">30264.36</dst>
            <dst id="LOSAng">171.850666666667</dst>
            <dst id="NYCMng">280167.813333333</dst>
            <dst id="SNVAng">0</dst>
            <dst id="STTLng">4346.08266666667</dst>
            <dst id="WASHng">120196.189333333</dst>
        </src>
        <src id="SNVAng">
            <dst id="ATLA-M5">0</dst>
            <dst id="ATLAng">1814.69866666667</dst>
            <dst id="CHINng">1262.74666666667</dst>
            <dst id="DNVRng">1843.38933333333</dst>
            <dst id="HSTNng">12378.0426666667</dst>
            <dst id="IPLSng">34.464</dst>
            <dst id="KSCYng">479.949333333333</dst>
            <dst id="LOSAng">38159.6506666667</dst>
            <dst id="NYCMng">5157.896</dst>
            <dst id="SNVAng">17569.1706666667</dst>
            <dst id="STTLng">52705.8266666667</dst>
            <dst id="WASHng">939.178666666667</dst>
        </src>
        <src id="STTLng">
            <dst id="ATLA-M5">0</dst>
            <dst id="ATLAng">680465.226666667</dst>
            <dst id="CHINng">22946.208</dst>
            <dst id="DNVRng">6215.256</dst>
            <dst id="HSTNng">43713.472</dst>
            <dst id="IPLSng">306.866666666667</dst>
            <dst id="KSCYng">3854.904</dst>
            <dst id="LOSAng">33118.648</dst>
            <dst id="NYCMng">15643.8533333333</dst>
            <dst id="SNVAng">7820.90133333333</dst>
            <dst id="STTLng">3287.91733333333</dst>
            <dst id="WASHng">30580.208</dst>
        </src>
        <src id="WASHng">
            <dst id="ATLA-M5">0</dst>
            <dst id="ATLAng">120369.952</dst>
            <dst id="CHINng">82928.824</dst>
            <dst id="DNVRng">4088.2</dst>
            <dst id="HSTNng">300101.706666667</dst>
            <dst id="IPLSng">90478.5946666667</dst>
            <dst id="KSCYng">19034.9466666667</dst>
            <dst id="LOSAng">146.861333333333</dst>
            <dst id="NYCMng">216440.978666667</dst>
            <dst id="SNVAng">349.4</dst>
            <dst id="STTLng">4046.64533333333</dst>
            <dst id="WASHng">306769.173333333</dst>
        </src>
    </IntraTM>
</TrafficMatrixFile>
