<?xml version="1.0" encoding="ISO-8859-1" standalone="yes"?>
<TrafficMatrixFile xsi:noNamespaceSchemaLocation="http://totem.run.montefiore.ulg.ac.be/Schema/TrafficMatrix-v1_2.xsd" xmlns:xsi="http://www.w3.org/2001/XMLSchema-instance">
    <IntraTM ASID="11537">
        <src id="ATLA-M5">
            <dst id="ATLA-M5">53.3333333333333</dst>
            <dst id="ATLAng">83.7546666666667</dst>
            <dst id="CHINng">1270.032</dst>
            <dst id="DNVRng">26.6666666666667</dst>
            <dst id="HSTNng">703.117333333333</dst>
            <dst id="IPLSng">173.778666666667</dst>
            <dst id="KSCYng">59.7653333333333</dst>
            <dst id="LOSAng">0</dst>
            <dst id="NYCMng">434.357333333333</dst>
            <dst id="SNVAng">0</dst>
            <dst id="STTLng">0</dst>
            <dst id="WASHng">2055.95733333333</dst>
        </src>
        <src id="ATLAng">
            <dst id="ATLA-M5">0</dst>
            <dst id="ATLAng">26949.832</dst>
            <dst id="CHINng">19828.816</dst>
            <dst id="DNVRng">80.984</dst>
            <dst id="HSTNng">450719.706666667</dst>
            <dst id="IPLSng">141704.6</dst>
            <dst id="KSCYng">3980.74933333333</dst>
            <dst id="LOSAng">152.853333333333</dst>
            <dst id="NYCMng">28185.0426666667</dst>
            <dst id="SNVAng">26.6666666666667</dst>
            <dst id="STTLng">366.730666666667</dst>
            <dst id="WASHng">78609.912</dst>
        </src>
        <src id="CHINng">
            <dst id="ATLA-M5">0</dst>
            <dst id="ATLAng">30391.232</dst>
            <dst id="CHINng">161199.053333333</dst>
            <dst id="DNVRng">16809.36</dst>
            <dst id="HSTNng">113100.434666667</dst>
            <dst id="IPLSng">57452.632</dst>
            <dst id="KSCYng">17499.736</dst>
            <dst id="LOSAng">446.442666666667</dst>
            <dst id="NYCMng">53895.9813333333</dst>
            <dst id="SNVAng">26.6666666666667</dst>
            <dst id="STTLng">782.794666666667</dst>
            <dst id="WASHng">51969.1733333333</dst>
        </src>
        <src id="DNVRng">
            <dst id="ATLA-M5">0</dst>
            <dst id="ATLAng">7986.464</dst>
            <dst id="CHINng">74101.8213333334</dst>
            <dst id="DNVRng">14667.576</dst>
            <dst id="HSTNng">71421.1146666667</dst>
            <dst id="IPLSng">27037.6826666667</dst>
            <dst id="KSCYng">13542.0026666667</dst>
            <dst id="LOSAng">81.9866666666667</dst>
            <dst id="NYCMng">28039.0346666667</dst>
            <dst id="SNVAng">8727.00266666667</dst>
            <dst id="STTLng">53.3333333333333</dst>
            <dst id="WASHng">36808.9226666667</dst>
        </src>
        <src id="HSTNng">
            <dst id="ATLA-M5">0</dst>
            <dst id="ATLAng">35237.6586666667</dst>
            <dst id="CHINng">4325.21066666667</dst>
            <dst id="DNVRng">0</dst>
            <dst id="HSTNng">157090.68</dst>
            <dst id="IPLSng">191.125333333333</dst>
            <dst id="KSCYng">0</dst>
            <dst id="LOSAng">0</dst>
            <dst id="NYCMng">8762.704</dst>
            <dst id="SNVAng">27.264</dst>
            <dst id="STTLng">26.6666666666667</dst>
            <dst id="WASHng">101513.725333333</dst>
        </src>
        <src id="IPLSng">
            <dst id="ATLA-M5">0</dst>
            <dst id="ATLAng">15509.9946666667</dst>
            <dst id="CHINng">174732.413333333</dst>
            <dst id="DNVRng">13308.0533333333</dst>
            <dst id="HSTNng">76038.2213333333</dst>
            <dst id="IPLSng">33311.4693333333</dst>
            <dst id="KSCYng">24418.7813333333</dst>
            <dst id="LOSAng">177.818666666667</dst>
            <dst id="NYCMng">49620.072</dst>
            <dst id="SNVAng">198.413333333333</dst>
            <dst id="STTLng">312.554666666667</dst>
            <dst id="WASHng">26781.5493333333</dst>
        </src>
        <src id="KSCYng">
            <dst id="ATLA-M5">0</dst>
            <dst id="ATLAng">6613.81333333333</dst>
            <dst id="CHINng">38084.224</dst>
            <dst id="DNVRng">6707.07466666667</dst>
            <dst id="HSTNng">22272.824</dst>
            <dst id="IPLSng">18499.312</dst>
            <dst id="KSCYng">10955.7973333333</dst>
            <dst id="LOSAng">26.6666666666667</dst>
            <dst id="NYCMng">10717.6133333333</dst>
            <dst id="SNVAng">0</dst>
            <dst id="STTLng">229.861333333333</dst>
            <dst id="WASHng">11367.4826666667</dst>
        </src>
        <src id="LOSAng">
            <dst id="ATLA-M5">0</dst>
            <dst id="ATLAng">26636.3973333333</dst>
            <dst id="CHINng">15036.312</dst>
            <dst id="DNVRng">13148.2106666667</dst>
            <dst id="HSTNng">180065.109333333</dst>
            <dst id="IPLSng">357.445333333333</dst>
            <dst id="KSCYng">53.3333333333333</dst>
            <dst id="LOSAng">66253.3386666666</dst>
            <dst id="NYCMng">60400.816</dst>
            <dst id="SNVAng">11193.128</dst>
            <dst id="STTLng">31294.6746666667</dst>
            <dst id="WASHng">91830.7493333334</dst>
        </src>
        <src id="NYCMng">
            <dst id="ATLA-M5">0</dst>
            <dst id="ATLAng">41176.7466666667</dst>
            <dst id="CHINng">80219.1946666667</dst>
            <dst id="DNVRng">34368.9146666667</dst>
            <dst id="HSTNng">145463.754666667</dst>
            <dst id="IPLSng">66887.4</dst>
            <dst id="KSCYng">23348.3493333333</dst>
            <dst id="LOSAng">313.856</dst>
            <dst id="NYCMng">231658.226666667</dst>
            <dst id="SNVAng">53.3333333333333</dst>
            <dst id="STTLng">7751.92533333333</dst>
            <dst id="WASHng">126516.288</dst>
        </src>
        <src id="SNVAng">
            <dst id="ATLA-M5">0</dst>
            <dst id="ATLAng">1965.70666666667</dst>
            <dst id="CHINng">569.749333333333</dst>
            <dst id="DNVRng">3036.06933333333</dst>
            <dst id="HSTNng">4857.88</dst>
            <dst id="IPLSng">38.7786666666667</dst>
            <dst id="KSCYng">588.336</dst>
            <dst id="LOSAng">33012.4266666667</dst>
            <dst id="NYCMng">5546.70933333333</dst>
            <dst id="SNVAng">12273.9866666667</dst>
            <dst id="STTLng">50685.904</dst>
            <dst id="WASHng">690.290666666667</dst>
        </src>
        <src id="STTLng">
            <dst id="ATLA-M5">0</dst>
            <dst id="ATLAng">12723.36</dst>
            <dst id="CHINng">24000.4933333333</dst>
            <dst id="DNVRng">7044.46933333333</dst>
            <dst id="HSTNng">55332.456</dst>
            <dst id="IPLSng">421.925333333333</dst>
            <dst id="KSCYng">3125.27466666667</dst>
            <dst id="LOSAng">30431.936</dst>
            <dst id="NYCMng">18858.2533333333</dst>
            <dst id="SNVAng">8539.74666666667</dst>
            <dst id="STTLng">6255.06933333333</dst>
            <dst id="WASHng">28946.648</dst>
        </src>
        <src id="WASHng">
            <dst id="ATLA-M5">0</dst>
            <dst id="ATLAng">120558.784</dst>
            <dst id="CHINng">82799.6533333333</dst>
            <dst id="DNVRng">3150.41066666667</dst>
            <dst id="HSTNng">332660.026666667</dst>
            <dst id="IPLSng">66154.1253333333</dst>
            <dst id="KSCYng">19661.904</dst>
            <dst id="LOSAng">342.237333333333</dst>
            <dst id="NYCMng">181886.104</dst>
            <dst id="SNVAng">343.725333333333</dst>
            <dst id="STTLng">5675.256</dst>
            <dst id="WASHng">409598.8</dst>
        </src>
    </IntraTM>
</TrafficMatrixFile>
