<?xml version="1.0" encoding="ISO-8859-1" standalone="yes"?>
<TrafficMatrixFile xsi:noNamespaceSchemaLocation="http://totem.run.montefiore.ulg.ac.be/Schema/TrafficMatrix-v1_2.xsd" xmlns:xsi="http://www.w3.org/2001/XMLSchema-instance">
    <IntraTM ASID="11537">
        <src id="ATLA-M5">
            <dst id="ATLA-M5">1466.98933333333</dst>
            <dst id="ATLAng">2137.33866666667</dst>
            <dst id="CHINng">1237.488</dst>
            <dst id="DNVRng">0</dst>
            <dst id="HSTNng">197.928</dst>
            <dst id="IPLSng">149.237333333333</dst>
            <dst id="KSCYng">0</dst>
            <dst id="LOSAng">0</dst>
            <dst id="NYCMng">620.714666666667</dst>
            <dst id="SNVAng">0</dst>
            <dst id="STTLng">0</dst>
            <dst id="WASHng">2882.25066666667</dst>
        </src>
        <src id="ATLAng">
            <dst id="ATLA-M5">0</dst>
            <dst id="ATLAng">56209.712</dst>
            <dst id="CHINng">23251.656</dst>
            <dst id="DNVRng">0</dst>
            <dst id="HSTNng">3720.776</dst>
            <dst id="IPLSng">29504.424</dst>
            <dst id="KSCYng">53.3333333333333</dst>
            <dst id="LOSAng">26.6666666666667</dst>
            <dst id="NYCMng">35369.84</dst>
            <dst id="SNVAng">95.8186666666667</dst>
            <dst id="STTLng">0</dst>
            <dst id="WASHng">40216.072</dst>
        </src>
        <src id="CHINng">
            <dst id="ATLA-M5">0</dst>
            <dst id="ATLAng">26536.5573333333</dst>
            <dst id="CHINng">21845.512</dst>
            <dst id="DNVRng">0</dst>
            <dst id="HSTNng">10870.248</dst>
            <dst id="IPLSng">45052.3893333333</dst>
            <dst id="KSCYng">153.706666666667</dst>
            <dst id="LOSAng">80</dst>
            <dst id="NYCMng">165330.082666667</dst>
            <dst id="SNVAng">53.3333333333333</dst>
            <dst id="STTLng">1998.66666666667</dst>
            <dst id="WASHng">41323.8506666667</dst>
        </src>
        <src id="DNVRng">
            <dst id="ATLA-M5">0</dst>
            <dst id="ATLAng">8155.87733333333</dst>
            <dst id="CHINng">30271.616</dst>
            <dst id="DNVRng">14683.8133333333</dst>
            <dst id="HSTNng">35027.336</dst>
            <dst id="IPLSng">23671.6906666667</dst>
            <dst id="KSCYng">20696.2613333333</dst>
            <dst id="LOSAng">0</dst>
            <dst id="NYCMng">36501.3893333333</dst>
            <dst id="SNVAng">14869.984</dst>
            <dst id="STTLng">2145.58933333333</dst>
            <dst id="WASHng">45054.7573333333</dst>
        </src>
        <src id="HSTNng">
            <dst id="ATLA-M5">0</dst>
            <dst id="ATLAng">27001.4373333333</dst>
            <dst id="CHINng">1449.32</dst>
            <dst id="DNVRng">37.408</dst>
            <dst id="HSTNng">178598.205333333</dst>
            <dst id="IPLSng">0</dst>
            <dst id="KSCYng">26.6666666666667</dst>
            <dst id="LOSAng">0</dst>
            <dst id="NYCMng">7184.87466666667</dst>
            <dst id="SNVAng">26.6666666666667</dst>
            <dst id="STTLng">26.6666666666667</dst>
            <dst id="WASHng">83286.4666666667</dst>
        </src>
        <src id="IPLSng">
            <dst id="ATLA-M5">0</dst>
            <dst id="ATLAng">26175.592</dst>
            <dst id="CHINng">83684.952</dst>
            <dst id="DNVRng">0</dst>
            <dst id="HSTNng">11963.3866666667</dst>
            <dst id="IPLSng">17557.3493333333</dst>
            <dst id="KSCYng">20115.7146666667</dst>
            <dst id="LOSAng">0</dst>
            <dst id="NYCMng">187048.36</dst>
            <dst id="SNVAng">0</dst>
            <dst id="STTLng">53.3333333333333</dst>
            <dst id="WASHng">50219.6773333333</dst>
        </src>
        <src id="KSCYng">
            <dst id="ATLA-M5">0</dst>
            <dst id="ATLAng">8932.76533333333</dst>
            <dst id="CHINng">13867.832</dst>
            <dst id="DNVRng">7032.82666666667</dst>
            <dst id="HSTNng">10359.744</dst>
            <dst id="IPLSng">21824.1573333333</dst>
            <dst id="KSCYng">8799.64</dst>
            <dst id="LOSAng">0</dst>
            <dst id="NYCMng">18766.752</dst>
            <dst id="SNVAng">53.3333333333333</dst>
            <dst id="STTLng">0</dst>
            <dst id="WASHng">11948.0453333333</dst>
        </src>
        <src id="LOSAng">
            <dst id="ATLA-M5">0</dst>
            <dst id="ATLAng">22485.8133333333</dst>
            <dst id="CHINng">5321.696</dst>
            <dst id="DNVRng">12345.6826666667</dst>
            <dst id="HSTNng">109324.373333333</dst>
            <dst id="IPLSng">1123.232</dst>
            <dst id="KSCYng">361.250666666667</dst>
            <dst id="LOSAng">23297.4826666667</dst>
            <dst id="NYCMng">78999.1093333333</dst>
            <dst id="SNVAng">11202.3413333333</dst>
            <dst id="STTLng">16409.584</dst>
            <dst id="WASHng">66627.5626666667</dst>
        </src>
        <src id="NYCMng">
            <dst id="ATLA-M5">0</dst>
            <dst id="ATLAng">28145.1093333333</dst>
            <dst id="CHINng">2564.46666666667</dst>
            <dst id="DNVRng">0</dst>
            <dst id="HSTNng">14194.328</dst>
            <dst id="IPLSng">26.6666666666667</dst>
            <dst id="KSCYng">112.333333333333</dst>
            <dst id="LOSAng">80</dst>
            <dst id="NYCMng">445404.746666667</dst>
            <dst id="SNVAng">56.6933333333333</dst>
            <dst id="STTLng">628.906666666667</dst>
            <dst id="WASHng">110207.576</dst>
        </src>
        <src id="SNVAng">
            <dst id="ATLA-M5">0</dst>
            <dst id="ATLAng">555.616</dst>
            <dst id="CHINng">53.3333333333333</dst>
            <dst id="DNVRng">11344.632</dst>
            <dst id="HSTNng">3181.25866666667</dst>
            <dst id="IPLSng">0</dst>
            <dst id="KSCYng">367.762666666667</dst>
            <dst id="LOSAng">35724.6693333333</dst>
            <dst id="NYCMng">12566.4186666667</dst>
            <dst id="SNVAng">16558.84</dst>
            <dst id="STTLng">51522.696</dst>
            <dst id="WASHng">833.912</dst>
        </src>
        <src id="STTLng">
            <dst id="ATLA-M5">0</dst>
            <dst id="ATLAng">7089.792</dst>
            <dst id="CHINng">311.568</dst>
            <dst id="DNVRng">5317.60533333333</dst>
            <dst id="HSTNng">14970.6213333333</dst>
            <dst id="IPLSng">108.274666666667</dst>
            <dst id="KSCYng">5394.54133333333</dst>
            <dst id="LOSAng">14621.4</dst>
            <dst id="NYCMng">43932.4586666667</dst>
            <dst id="SNVAng">4780.248</dst>
            <dst id="STTLng">6321.29333333333</dst>
            <dst id="WASHng">29403.9253333333</dst>
        </src>
        <src id="WASHng">
            <dst id="ATLA-M5">0</dst>
            <dst id="ATLAng">123418.170666667</dst>
            <dst id="CHINng">605.725333333333</dst>
            <dst id="DNVRng">0</dst>
            <dst id="HSTNng">76126.816</dst>
            <dst id="IPLSng">246.549333333333</dst>
            <dst id="KSCYng">147.578666666667</dst>
            <dst id="LOSAng">45.3546666666667</dst>
            <dst id="NYCMng">513401.6</dst>
            <dst id="SNVAng">0</dst>
            <dst id="STTLng">26.6666666666667</dst>
            <dst id="WASHng">287882.906666667</dst>
        </src>
    </IntraTM>
</TrafficMatrixFile>
