<?xml version="1.0" encoding="ISO-8859-1" standalone="yes"?>
<TrafficMatrixFile xsi:noNamespaceSchemaLocation="http://totem.run.montefiore.ulg.ac.be/Schema/TrafficMatrix-v1_2.xsd" xmlns:xsi="http://www.w3.org/2001/XMLSchema-instance">
    <IntraTM ASID="11537">
        <src id="ATLA-M5">
            <dst id="ATLA-M5">130.786666666667</dst>
            <dst id="ATLAng">1336.38666666667</dst>
            <dst id="CHINng">1593.344</dst>
            <dst id="DNVRng">0</dst>
            <dst id="HSTNng">2581.672</dst>
            <dst id="IPLSng">626.189333333333</dst>
            <dst id="KSCYng">175.274666666667</dst>
            <dst id="LOSAng">26.6666666666667</dst>
            <dst id="NYCMng">1331.912</dst>
            <dst id="SNVAng">45.8453333333333</dst>
            <dst id="STTLng">0</dst>
            <dst id="WASHng">6166.896</dst>
        </src>
        <src id="ATLAng">
            <dst id="ATLA-M5">0</dst>
            <dst id="ATLAng">37508.9093333333</dst>
            <dst id="CHINng">54643.1733333333</dst>
            <dst id="DNVRng">185.328</dst>
            <dst id="HSTNng">68932.7866666667</dst>
            <dst id="IPLSng">88695.2986666667</dst>
            <dst id="KSCYng">4711.61066666667</dst>
            <dst id="LOSAng">26.6666666666667</dst>
            <dst id="NYCMng">19114.776</dst>
            <dst id="SNVAng">469.848</dst>
            <dst id="STTLng">137.589333333333</dst>
            <dst id="WASHng">89671.4693333333</dst>
        </src>
        <src id="CHINng">
            <dst id="ATLA-M5">0</dst>
            <dst id="ATLAng">28980.0746666667</dst>
            <dst id="CHINng">130361.426666667</dst>
            <dst id="DNVRng">23370.1093333333</dst>
            <dst id="HSTNng">92200.624</dst>
            <dst id="IPLSng">89635.8186666667</dst>
            <dst id="KSCYng">17652.7866666667</dst>
            <dst id="LOSAng">117.866666666667</dst>
            <dst id="NYCMng">34326.0853333333</dst>
            <dst id="SNVAng">107.92</dst>
            <dst id="STTLng">710.493333333334</dst>
            <dst id="WASHng">52544.2773333333</dst>
        </src>
        <src id="DNVRng">
            <dst id="ATLA-M5">0</dst>
            <dst id="ATLAng">14892.9386666667</dst>
            <dst id="CHINng">76654.544</dst>
            <dst id="DNVRng">19132.4773333333</dst>
            <dst id="HSTNng">47612.408</dst>
            <dst id="IPLSng">43171.72</dst>
            <dst id="KSCYng">30139.2026666667</dst>
            <dst id="LOSAng">26.6666666666667</dst>
            <dst id="NYCMng">13763.6426666667</dst>
            <dst id="SNVAng">17216.7493333333</dst>
            <dst id="STTLng">53.3333333333333</dst>
            <dst id="WASHng">52607.76</dst>
        </src>
        <src id="HSTNng">
            <dst id="ATLA-M5">0</dst>
            <dst id="ATLAng">47330.3786666667</dst>
            <dst id="CHINng">3400.80533333333</dst>
            <dst id="DNVRng">188.808</dst>
            <dst id="HSTNng">177857.466666667</dst>
            <dst id="IPLSng">80</dst>
            <dst id="KSCYng">65.7413333333333</dst>
            <dst id="LOSAng">0</dst>
            <dst id="NYCMng">8831.79733333333</dst>
            <dst id="SNVAng">80.3946666666667</dst>
            <dst id="STTLng">0</dst>
            <dst id="WASHng">128106.136</dst>
        </src>
        <src id="IPLSng">
            <dst id="ATLA-M5">0</dst>
            <dst id="ATLAng">56269.776</dst>
            <dst id="CHINng">191714.424</dst>
            <dst id="DNVRng">25099.816</dst>
            <dst id="HSTNng">125295.893333333</dst>
            <dst id="IPLSng">57256.312</dst>
            <dst id="KSCYng">37216.808</dst>
            <dst id="LOSAng">135.533333333333</dst>
            <dst id="NYCMng">80633.248</dst>
            <dst id="SNVAng">856.429333333333</dst>
            <dst id="STTLng">744.192</dst>
            <dst id="WASHng">54900.3093333333</dst>
        </src>
        <src id="KSCYng">
            <dst id="ATLA-M5">0</dst>
            <dst id="ATLAng">7944.42133333333</dst>
            <dst id="CHINng">36188.4293333333</dst>
            <dst id="DNVRng">16507.8613333333</dst>
            <dst id="HSTNng">26410.7333333333</dst>
            <dst id="IPLSng">25150.2693333333</dst>
            <dst id="KSCYng">9604.74666666667</dst>
            <dst id="LOSAng">0</dst>
            <dst id="NYCMng">11940.7626666667</dst>
            <dst id="SNVAng">146.224</dst>
            <dst id="STTLng">275.229333333333</dst>
            <dst id="WASHng">12701.4533333333</dst>
        </src>
        <src id="LOSAng">
            <dst id="ATLA-M5">0</dst>
            <dst id="ATLAng">35762.12</dst>
            <dst id="CHINng">9276.02133333333</dst>
            <dst id="DNVRng">24323.6853333333</dst>
            <dst id="HSTNng">196086.626666667</dst>
            <dst id="IPLSng">1764.78133333333</dst>
            <dst id="KSCYng">2051.12</dst>
            <dst id="LOSAng">16889.3066666667</dst>
            <dst id="NYCMng">66925.8906666667</dst>
            <dst id="SNVAng">22924.504</dst>
            <dst id="STTLng">27056.2106666667</dst>
            <dst id="WASHng">114787.712</dst>
        </src>
        <src id="NYCMng">
            <dst id="ATLA-M5">0</dst>
            <dst id="ATLAng">66299.1386666667</dst>
            <dst id="CHINng">103179.392</dst>
            <dst id="DNVRng">43032.016</dst>
            <dst id="HSTNng">134058.661333333</dst>
            <dst id="IPLSng">103831.656</dst>
            <dst id="KSCYng">28962.8986666667</dst>
            <dst id="LOSAng">245.802666666667</dst>
            <dst id="NYCMng">266896.32</dst>
            <dst id="SNVAng">558.597333333333</dst>
            <dst id="STTLng">2813.98933333333</dst>
            <dst id="WASHng">184182.586666667</dst>
        </src>
        <src id="SNVAng">
            <dst id="ATLA-M5">0</dst>
            <dst id="ATLAng">1238.50933333333</dst>
            <dst id="CHINng">3890.23466666667</dst>
            <dst id="DNVRng">9682.71733333334</dst>
            <dst id="HSTNng">12229.488</dst>
            <dst id="IPLSng">0</dst>
            <dst id="KSCYng">953.914666666666</dst>
            <dst id="LOSAng">37173.6453333333</dst>
            <dst id="NYCMng">10183.0053333333</dst>
            <dst id="SNVAng">18510.352</dst>
            <dst id="STTLng">61466.7573333333</dst>
            <dst id="WASHng">2698.91733333333</dst>
        </src>
        <src id="STTLng">
            <dst id="ATLA-M5">0</dst>
            <dst id="ATLAng">13626.1626666667</dst>
            <dst id="CHINng">23367.176</dst>
            <dst id="DNVRng">12415.1413333333</dst>
            <dst id="HSTNng">61727.5706666667</dst>
            <dst id="IPLSng">637.730666666667</dst>
            <dst id="KSCYng">6789.936</dst>
            <dst id="LOSAng">29083.6373333333</dst>
            <dst id="NYCMng">13051.12</dst>
            <dst id="SNVAng">12942.376</dst>
            <dst id="STTLng">5235.41866666667</dst>
            <dst id="WASHng">45246.8853333333</dst>
        </src>
        <src id="WASHng">
            <dst id="ATLA-M5">0</dst>
            <dst id="ATLAng">164439.413333333</dst>
            <dst id="CHINng">129723.789333333</dst>
            <dst id="DNVRng">6108.14133333333</dst>
            <dst id="HSTNng">355588</dst>
            <dst id="IPLSng">97978.6586666667</dst>
            <dst id="KSCYng">27010.2906666667</dst>
            <dst id="LOSAng">133.333333333333</dst>
            <dst id="NYCMng">200747.736</dst>
            <dst id="SNVAng">1046.192</dst>
            <dst id="STTLng">8838.24</dst>
            <dst id="WASHng">425638.053333333</dst>
        </src>
    </IntraTM>
</TrafficMatrixFile>
