<?xml version="1.0" encoding="ISO-8859-1" standalone="yes"?>
<TrafficMatrixFile xsi:noNamespaceSchemaLocation="http://totem.run.montefiore.ulg.ac.be/Schema/TrafficMatrix-v1_2.xsd" xmlns:xsi="http://www.w3.org/2001/XMLSchema-instance">
    <IntraTM ASID="11537">
        <src id="ATLA-M5">
            <dst id="ATLA-M5">75.84</dst>
            <dst id="ATLAng">106.666666666667</dst>
            <dst id="CHINng">825.682666666666</dst>
            <dst id="DNVRng">26.6666666666667</dst>
            <dst id="HSTNng">1234.496</dst>
            <dst id="IPLSng">186.981333333333</dst>
            <dst id="KSCYng">53.3333333333333</dst>
            <dst id="LOSAng">0</dst>
            <dst id="NYCMng">295.562666666667</dst>
            <dst id="SNVAng">0</dst>
            <dst id="STTLng">0</dst>
            <dst id="WASHng">1331.6</dst>
        </src>
        <src id="ATLAng">
            <dst id="ATLA-M5">0</dst>
            <dst id="ATLAng">22114.7653333333</dst>
            <dst id="CHINng">20687.5626666667</dst>
            <dst id="DNVRng">26.6666666666667</dst>
            <dst id="HSTNng">33740.112</dst>
            <dst id="IPLSng">43533.4613333333</dst>
            <dst id="KSCYng">7221.29066666667</dst>
            <dst id="LOSAng">260.466666666667</dst>
            <dst id="NYCMng">31451.6346666667</dst>
            <dst id="SNVAng">29.552</dst>
            <dst id="STTLng">211.533333333333</dst>
            <dst id="WASHng">72144.8613333333</dst>
        </src>
        <src id="CHINng">
            <dst id="ATLA-M5">0</dst>
            <dst id="ATLAng">32940.456</dst>
            <dst id="CHINng">127402.256</dst>
            <dst id="DNVRng">24174.544</dst>
            <dst id="HSTNng">115020.648</dst>
            <dst id="IPLSng">70848.648</dst>
            <dst id="KSCYng">16160.9546666667</dst>
            <dst id="LOSAng">305.717333333333</dst>
            <dst id="NYCMng">38864.0026666667</dst>
            <dst id="SNVAng">36.2986666666667</dst>
            <dst id="STTLng">1428.776</dst>
            <dst id="WASHng">47905.5466666667</dst>
        </src>
        <src id="DNVRng">
            <dst id="ATLA-M5">0</dst>
            <dst id="ATLAng">9057.57866666667</dst>
            <dst id="CHINng">77570.256</dst>
            <dst id="DNVRng">18109.816</dst>
            <dst id="HSTNng">76633.4293333333</dst>
            <dst id="IPLSng">28106.144</dst>
            <dst id="KSCYng">15485.1573333333</dst>
            <dst id="LOSAng">42.928</dst>
            <dst id="NYCMng">24447.1253333333</dst>
            <dst id="SNVAng">10692.4026666667</dst>
            <dst id="STTLng">330.666666666667</dst>
            <dst id="WASHng">37097.088</dst>
        </src>
        <src id="HSTNng">
            <dst id="ATLA-M5">0</dst>
            <dst id="ATLAng">32478.8586666667</dst>
            <dst id="CHINng">2529.23733333333</dst>
            <dst id="DNVRng">0</dst>
            <dst id="HSTNng">164212.912</dst>
            <dst id="IPLSng">38.6853333333333</dst>
            <dst id="KSCYng">0</dst>
            <dst id="LOSAng">0</dst>
            <dst id="NYCMng">10514.488</dst>
            <dst id="SNVAng">26.6666666666667</dst>
            <dst id="STTLng">108.066666666667</dst>
            <dst id="WASHng">94990.528</dst>
        </src>
        <src id="IPLSng">
            <dst id="ATLA-M5">0</dst>
            <dst id="ATLAng">18556.3333333333</dst>
            <dst id="CHINng">159020.325333333</dst>
            <dst id="DNVRng">11043.8906666667</dst>
            <dst id="HSTNng">95536.832</dst>
            <dst id="IPLSng">33047.2853333333</dst>
            <dst id="KSCYng">20067.3066666667</dst>
            <dst id="LOSAng">85.9653333333333</dst>
            <dst id="NYCMng">54337.6053333333</dst>
            <dst id="SNVAng">47.3146666666667</dst>
            <dst id="STTLng">358.112</dst>
            <dst id="WASHng">28850.9413333333</dst>
        </src>
        <src id="KSCYng">
            <dst id="ATLA-M5">0</dst>
            <dst id="ATLAng">6759.36533333333</dst>
            <dst id="CHINng">41717.064</dst>
            <dst id="DNVRng">6303.30133333333</dst>
            <dst id="HSTNng">21829.3493333333</dst>
            <dst id="IPLSng">16961.6613333333</dst>
            <dst id="KSCYng">12842.6106666667</dst>
            <dst id="LOSAng">68.3946666666667</dst>
            <dst id="NYCMng">13811.7866666667</dst>
            <dst id="SNVAng">26.6666666666667</dst>
            <dst id="STTLng">207.224</dst>
            <dst id="WASHng">15050.272</dst>
        </src>
        <src id="LOSAng">
            <dst id="ATLA-M5">0</dst>
            <dst id="ATLAng">18316.5413333333</dst>
            <dst id="CHINng">10101.6986666667</dst>
            <dst id="DNVRng">14304.576</dst>
            <dst id="HSTNng">195943.64</dst>
            <dst id="IPLSng">404.464</dst>
            <dst id="KSCYng">95.664</dst>
            <dst id="LOSAng">65304.4133333333</dst>
            <dst id="NYCMng">68019.176</dst>
            <dst id="SNVAng">11838.0586666667</dst>
            <dst id="STTLng">32202.808</dst>
            <dst id="WASHng">88858.5653333333</dst>
        </src>
        <src id="NYCMng">
            <dst id="ATLA-M5">0</dst>
            <dst id="ATLAng">43299.1146666667</dst>
            <dst id="CHINng">78952.376</dst>
            <dst id="DNVRng">40877.376</dst>
            <dst id="HSTNng">139565.082666667</dst>
            <dst id="IPLSng">65827.4026666666</dst>
            <dst id="KSCYng">28191.6026666667</dst>
            <dst id="LOSAng">240.368</dst>
            <dst id="NYCMng">264362.093333333</dst>
            <dst id="SNVAng">176.064</dst>
            <dst id="STTLng">7803.21333333333</dst>
            <dst id="WASHng">140766.173333333</dst>
        </src>
        <src id="SNVAng">
            <dst id="ATLA-M5">0</dst>
            <dst id="ATLAng">1800.50933333333</dst>
            <dst id="CHINng">942.496</dst>
            <dst id="DNVRng">2387.37866666667</dst>
            <dst id="HSTNng">6571.45866666667</dst>
            <dst id="IPLSng">26.6666666666667</dst>
            <dst id="KSCYng">498.509333333333</dst>
            <dst id="LOSAng">31794.3733333333</dst>
            <dst id="NYCMng">12842.5173333333</dst>
            <dst id="SNVAng">12788.2133333333</dst>
            <dst id="STTLng">50500.3333333333</dst>
            <dst id="WASHng">1097.41866666667</dst>
        </src>
        <src id="STTLng">
            <dst id="ATLA-M5">0</dst>
            <dst id="ATLAng">15753.9706666667</dst>
            <dst id="CHINng">23666.8666666667</dst>
            <dst id="DNVRng">7324.776</dst>
            <dst id="HSTNng">51579.216</dst>
            <dst id="IPLSng">328.213333333333</dst>
            <dst id="KSCYng">2706.336</dst>
            <dst id="LOSAng">28126.9653333333</dst>
            <dst id="NYCMng">21642.5493333333</dst>
            <dst id="SNVAng">8550.55466666667</dst>
            <dst id="STTLng">5808.26666666667</dst>
            <dst id="WASHng">29415.688</dst>
        </src>
        <src id="WASHng">
            <dst id="ATLA-M5">0</dst>
            <dst id="ATLAng">142231.069333333</dst>
            <dst id="CHINng">87854.8373333333</dst>
            <dst id="DNVRng">1619.05866666667</dst>
            <dst id="HSTNng">330973.466666667</dst>
            <dst id="IPLSng">54039.6533333333</dst>
            <dst id="KSCYng">20813.728</dst>
            <dst id="LOSAng">172.845333333333</dst>
            <dst id="NYCMng">178204.456</dst>
            <dst id="SNVAng">262.68</dst>
            <dst id="STTLng">4244.30133333333</dst>
            <dst id="WASHng">350523.653333333</dst>
        </src>
    </IntraTM>
</TrafficMatrixFile>
