<?xml version="1.0" encoding="ISO-8859-1" standalone="yes"?>
<TrafficMatrixFile xsi:noNamespaceSchemaLocation="http://totem.run.montefiore.ulg.ac.be/Schema/TrafficMatrix-v1_2.xsd" xmlns:xsi="http://www.w3.org/2001/XMLSchema-instance">
    <IntraTM ASID="11537">
        <src id="ATLA-M5">
            <dst id="ATLA-M5">0</dst>
            <dst id="ATLAng">1070.81333333333</dst>
            <dst id="CHINng">1203.968</dst>
            <dst id="DNVRng">0</dst>
            <dst id="HSTNng">1669.68</dst>
            <dst id="IPLSng">235.328</dst>
            <dst id="KSCYng">26.6666666666667</dst>
            <dst id="LOSAng">0</dst>
            <dst id="NYCMng">1198.736</dst>
            <dst id="SNVAng">0</dst>
            <dst id="STTLng">0</dst>
            <dst id="WASHng">433.498666666667</dst>
        </src>
        <src id="ATLAng">
            <dst id="ATLA-M5">0</dst>
            <dst id="ATLAng">23677.1946666667</dst>
            <dst id="CHINng">26503.9813333333</dst>
            <dst id="DNVRng">0</dst>
            <dst id="HSTNng">42906.6213333333</dst>
            <dst id="IPLSng">43716.8186666667</dst>
            <dst id="KSCYng">5886.31733333333</dst>
            <dst id="LOSAng">0</dst>
            <dst id="NYCMng">22356.6586666667</dst>
            <dst id="SNVAng">102.442666666667</dst>
            <dst id="STTLng">103.781333333333</dst>
            <dst id="WASHng">79379.6693333333</dst>
        </src>
        <src id="CHINng">
            <dst id="ATLA-M5">0</dst>
            <dst id="ATLAng">34195.752</dst>
            <dst id="CHINng">104637.568</dst>
            <dst id="DNVRng">24812.8533333333</dst>
            <dst id="HSTNng">122610.184</dst>
            <dst id="IPLSng">76722.944</dst>
            <dst id="KSCYng">22537.2613333333</dst>
            <dst id="LOSAng">149.477333333333</dst>
            <dst id="NYCMng">48160.4986666667</dst>
            <dst id="SNVAng">26.6666666666667</dst>
            <dst id="STTLng">2255.10933333333</dst>
            <dst id="WASHng">48945.056</dst>
        </src>
        <src id="DNVRng">
            <dst id="ATLA-M5">0</dst>
            <dst id="ATLAng">9792.87733333333</dst>
            <dst id="CHINng">54139.512</dst>
            <dst id="DNVRng">14195.7466666667</dst>
            <dst id="HSTNng">56240.1413333333</dst>
            <dst id="IPLSng">28590.1253333333</dst>
            <dst id="KSCYng">18843.0533333333</dst>
            <dst id="LOSAng">0</dst>
            <dst id="NYCMng">21403.88</dst>
            <dst id="SNVAng">16343.2533333333</dst>
            <dst id="STTLng">373.888</dst>
            <dst id="WASHng">46595.2746666667</dst>
        </src>
        <src id="HSTNng">
            <dst id="ATLA-M5">0</dst>
            <dst id="ATLAng">31798.6586666667</dst>
            <dst id="CHINng">1965.10933333333</dst>
            <dst id="DNVRng">26.6666666666667</dst>
            <dst id="HSTNng">214583.685333333</dst>
            <dst id="IPLSng">201.386666666667</dst>
            <dst id="KSCYng">0</dst>
            <dst id="LOSAng">0</dst>
            <dst id="NYCMng">73008.3813333333</dst>
            <dst id="SNVAng">53.3333333333333</dst>
            <dst id="STTLng">412.746666666667</dst>
            <dst id="WASHng">119010.618666667</dst>
        </src>
        <src id="IPLSng">
            <dst id="ATLA-M5">0</dst>
            <dst id="ATLAng">32161.2293333333</dst>
            <dst id="CHINng">116625.176</dst>
            <dst id="DNVRng">9076.432</dst>
            <dst id="HSTNng">130586.92</dst>
            <dst id="IPLSng">44254.2266666667</dst>
            <dst id="KSCYng">21407.9653333333</dst>
            <dst id="LOSAng">0</dst>
            <dst id="NYCMng">77749.36</dst>
            <dst id="SNVAng">217.474666666667</dst>
            <dst id="STTLng">1170.38933333333</dst>
            <dst id="WASHng">32997.4453333333</dst>
        </src>
        <src id="KSCYng">
            <dst id="ATLA-M5">0</dst>
            <dst id="ATLAng">8006.656</dst>
            <dst id="CHINng">27518.9466666667</dst>
            <dst id="DNVRng">8643.98666666667</dst>
            <dst id="HSTNng">19497.224</dst>
            <dst id="IPLSng">17151.8506666667</dst>
            <dst id="KSCYng">8496.73066666667</dst>
            <dst id="LOSAng">0</dst>
            <dst id="NYCMng">11975.1013333333</dst>
            <dst id="SNVAng">53.3333333333333</dst>
            <dst id="STTLng">213.856</dst>
            <dst id="WASHng">16080.6986666667</dst>
        </src>
        <src id="LOSAng">
            <dst id="ATLA-M5">0</dst>
            <dst id="ATLAng">24795.68</dst>
            <dst id="CHINng">11465.0373333333</dst>
            <dst id="DNVRng">26847.1093333333</dst>
            <dst id="HSTNng">188315.616</dst>
            <dst id="IPLSng">253.997333333333</dst>
            <dst id="KSCYng">88.416</dst>
            <dst id="LOSAng">18060.2</dst>
            <dst id="NYCMng">77321.9893333333</dst>
            <dst id="SNVAng">19729.8026666667</dst>
            <dst id="STTLng">40927.984</dst>
            <dst id="WASHng">101118.061333333</dst>
        </src>
        <src id="NYCMng">
            <dst id="ATLA-M5">0</dst>
            <dst id="ATLAng">51722.2213333333</dst>
            <dst id="CHINng">93627.5813333333</dst>
            <dst id="DNVRng">33588.2693333333</dst>
            <dst id="HSTNng">158322.101333333</dst>
            <dst id="IPLSng">73608.768</dst>
            <dst id="KSCYng">24754.464</dst>
            <dst id="LOSAng">59.8826666666667</dst>
            <dst id="NYCMng">250543.346666667</dst>
            <dst id="SNVAng">80</dst>
            <dst id="STTLng">4344.51466666667</dst>
            <dst id="WASHng">157876.328</dst>
        </src>
        <src id="SNVAng">
            <dst id="ATLA-M5">0</dst>
            <dst id="ATLAng">1218.928</dst>
            <dst id="CHINng">473.12</dst>
            <dst id="DNVRng">15775.8266666667</dst>
            <dst id="HSTNng">7611.60266666667</dst>
            <dst id="IPLSng">26.6666666666667</dst>
            <dst id="KSCYng">274.912</dst>
            <dst id="LOSAng">38107.112</dst>
            <dst id="NYCMng">7181.088</dst>
            <dst id="SNVAng">15814.9626666667</dst>
            <dst id="STTLng">52555.288</dst>
            <dst id="WASHng">1262.58933333333</dst>
        </src>
        <src id="STTLng">
            <dst id="ATLA-M5">0</dst>
            <dst id="ATLAng">12120.7066666667</dst>
            <dst id="CHINng">22698.3573333333</dst>
            <dst id="DNVRng">7296.216</dst>
            <dst id="HSTNng">46015.3786666667</dst>
            <dst id="IPLSng">289.341333333333</dst>
            <dst id="KSCYng">4588.49866666667</dst>
            <dst id="LOSAng">25789.192</dst>
            <dst id="NYCMng">17376.8586666667</dst>
            <dst id="SNVAng">7555.568</dst>
            <dst id="STTLng">6937.40533333333</dst>
            <dst id="WASHng">32704.728</dst>
        </src>
        <src id="WASHng">
            <dst id="ATLA-M5">0</dst>
            <dst id="ATLAng">98898.0506666667</dst>
            <dst id="CHINng">111692.874666667</dst>
            <dst id="DNVRng">6977.94666666667</dst>
            <dst id="HSTNng">336137.52</dst>
            <dst id="IPLSng">75248.6266666667</dst>
            <dst id="KSCYng">24430.576</dst>
            <dst id="LOSAng">257.92</dst>
            <dst id="NYCMng">215260.448</dst>
            <dst id="SNVAng">336.376</dst>
            <dst id="STTLng">3751.84</dst>
            <dst id="WASHng">295948.96</dst>
        </src>
    </IntraTM>
</TrafficMatrixFile>
