<?xml version="1.0" encoding="ISO-8859-1" standalone="yes"?>
<TrafficMatrixFile xsi:noNamespaceSchemaLocation="http://totem.run.montefiore.ulg.ac.be/Schema/TrafficMatrix-v1_2.xsd" xmlns:xsi="http://www.w3.org/2001/XMLSchema-instance">
    <IntraTM ASID="11537">
        <src id="ATLA-M5">
            <dst id="ATLA-M5">0</dst>
            <dst id="ATLAng">97.9733333333334</dst>
            <dst id="CHINng">289.232</dst>
            <dst id="DNVRng">0</dst>
            <dst id="HSTNng">1533.14666666667</dst>
            <dst id="IPLSng">458.12</dst>
            <dst id="KSCYng">104.552</dst>
            <dst id="LOSAng">0</dst>
            <dst id="NYCMng">377.741333333333</dst>
            <dst id="SNVAng">0</dst>
            <dst id="STTLng">0</dst>
            <dst id="WASHng">2865.32</dst>
        </src>
        <src id="ATLAng">
            <dst id="ATLA-M5">0</dst>
            <dst id="ATLAng">28997.5733333333</dst>
            <dst id="CHINng">15583.888</dst>
            <dst id="DNVRng">53.3333333333333</dst>
            <dst id="HSTNng">33550.1146666667</dst>
            <dst id="IPLSng">30774.1493333333</dst>
            <dst id="KSCYng">6549.328</dst>
            <dst id="LOSAng">0</dst>
            <dst id="NYCMng">21718.52</dst>
            <dst id="SNVAng">0</dst>
            <dst id="STTLng">0</dst>
            <dst id="WASHng">75148.72</dst>
        </src>
        <src id="CHINng">
            <dst id="ATLA-M5">0</dst>
            <dst id="ATLAng">24070.6213333333</dst>
            <dst id="CHINng">160686.208</dst>
            <dst id="DNVRng">15244.3413333333</dst>
            <dst id="HSTNng">132345.765333333</dst>
            <dst id="IPLSng">40836.704</dst>
            <dst id="KSCYng">12573.6613333333</dst>
            <dst id="LOSAng">389.450666666667</dst>
            <dst id="NYCMng">26599.64</dst>
            <dst id="SNVAng">26.6666666666667</dst>
            <dst id="STTLng">3279.376</dst>
            <dst id="WASHng">40121.0426666667</dst>
        </src>
        <src id="DNVRng">
            <dst id="ATLA-M5">0</dst>
            <dst id="ATLAng">7297.24</dst>
            <dst id="CHINng">65151.632</dst>
            <dst id="DNVRng">4846.85066666667</dst>
            <dst id="HSTNng">31583.4266666667</dst>
            <dst id="IPLSng">26470.3226666667</dst>
            <dst id="KSCYng">8704.792</dst>
            <dst id="LOSAng">0</dst>
            <dst id="NYCMng">25029.312</dst>
            <dst id="SNVAng">7885.72533333333</dst>
            <dst id="STTLng">26.6666666666667</dst>
            <dst id="WASHng">33489.4533333333</dst>
        </src>
        <src id="HSTNng">
            <dst id="ATLA-M5">0</dst>
            <dst id="ATLAng">24993.6266666667</dst>
            <dst id="CHINng">2947.46666666667</dst>
            <dst id="DNVRng">0</dst>
            <dst id="HSTNng">122874.688</dst>
            <dst id="IPLSng">88.1893333333333</dst>
            <dst id="KSCYng">0</dst>
            <dst id="LOSAng">0</dst>
            <dst id="NYCMng">4361.02666666667</dst>
            <dst id="SNVAng">0</dst>
            <dst id="STTLng">53.3333333333333</dst>
            <dst id="WASHng">86424.76</dst>
        </src>
        <src id="IPLSng">
            <dst id="ATLA-M5">0</dst>
            <dst id="ATLAng">21765.3573333333</dst>
            <dst id="CHINng">121438.981333333</dst>
            <dst id="DNVRng">11258.5093333333</dst>
            <dst id="HSTNng">108099.096</dst>
            <dst id="IPLSng">17390.9146666667</dst>
            <dst id="KSCYng">30573.2533333333</dst>
            <dst id="LOSAng">26.6666666666667</dst>
            <dst id="NYCMng">33995.32</dst>
            <dst id="SNVAng">107.490666666667</dst>
            <dst id="STTLng">53.3333333333333</dst>
            <dst id="WASHng">20146.9093333333</dst>
        </src>
        <src id="KSCYng">
            <dst id="ATLA-M5">0</dst>
            <dst id="ATLAng">4126.82933333333</dst>
            <dst id="CHINng">40789.3866666667</dst>
            <dst id="DNVRng">6256.696</dst>
            <dst id="HSTNng">14101.992</dst>
            <dst id="IPLSng">13765.888</dst>
            <dst id="KSCYng">8042.544</dst>
            <dst id="LOSAng">0</dst>
            <dst id="NYCMng">9613.72</dst>
            <dst id="SNVAng">0</dst>
            <dst id="STTLng">53.3333333333333</dst>
            <dst id="WASHng">9912.14133333333</dst>
        </src>
        <src id="LOSAng">
            <dst id="ATLA-M5">0</dst>
            <dst id="ATLAng">16803.28</dst>
            <dst id="CHINng">17015.152</dst>
            <dst id="DNVRng">5570.87733333333</dst>
            <dst id="HSTNng">159547.130666667</dst>
            <dst id="IPLSng">639.768</dst>
            <dst id="KSCYng">146.194666666667</dst>
            <dst id="LOSAng">34769.0826666667</dst>
            <dst id="NYCMng">52445.0106666667</dst>
            <dst id="SNVAng">8344.136</dst>
            <dst id="STTLng">26698.8186666667</dst>
            <dst id="WASHng">79958.1573333333</dst>
        </src>
        <src id="NYCMng">
            <dst id="ATLA-M5">0</dst>
            <dst id="ATLAng">24527.704</dst>
            <dst id="CHINng">66711.2426666667</dst>
            <dst id="DNVRng">35595.4266666667</dst>
            <dst id="HSTNng">110935.837333333</dst>
            <dst id="IPLSng">48433.9813333333</dst>
            <dst id="KSCYng">16713.088</dst>
            <dst id="LOSAng">218.888</dst>
            <dst id="NYCMng">219373.418666667</dst>
            <dst id="SNVAng">53.3333333333333</dst>
            <dst id="STTLng">3498.752</dst>
            <dst id="WASHng">74300.9573333333</dst>
        </src>
        <src id="SNVAng">
            <dst id="ATLA-M5">0</dst>
            <dst id="ATLAng">256.952</dst>
            <dst id="CHINng">611.592</dst>
            <dst id="DNVRng">590.010666666667</dst>
            <dst id="HSTNng">5548.83733333333</dst>
            <dst id="IPLSng">0</dst>
            <dst id="KSCYng">403.032</dst>
            <dst id="LOSAng">33152.7653333333</dst>
            <dst id="NYCMng">4877.74666666667</dst>
            <dst id="SNVAng">13802.032</dst>
            <dst id="STTLng">51536.416</dst>
            <dst id="WASHng">1771.82933333333</dst>
        </src>
        <src id="STTLng">
            <dst id="ATLA-M5">0</dst>
            <dst id="ATLAng">7833.88</dst>
            <dst id="CHINng">24431.2986666667</dst>
            <dst id="DNVRng">3341.03733333333</dst>
            <dst id="HSTNng">39673.416</dst>
            <dst id="IPLSng">256.456</dst>
            <dst id="KSCYng">4348.39466666667</dst>
            <dst id="LOSAng">22541.9866666667</dst>
            <dst id="NYCMng">14636.7493333333</dst>
            <dst id="SNVAng">6574.30666666667</dst>
            <dst id="STTLng">2400.38933333333</dst>
            <dst id="WASHng">32872.6266666667</dst>
        </src>
        <src id="WASHng">
            <dst id="ATLA-M5">0</dst>
            <dst id="ATLAng">116354.552</dst>
            <dst id="CHINng">78141.8</dst>
            <dst id="DNVRng">4837.168</dst>
            <dst id="HSTNng">290056.453333333</dst>
            <dst id="IPLSng">44595.2346666667</dst>
            <dst id="KSCYng">17519.64</dst>
            <dst id="LOSAng">141.333333333333</dst>
            <dst id="NYCMng">167102.453333333</dst>
            <dst id="SNVAng">162.589333333333</dst>
            <dst id="STTLng">5879.73866666667</dst>
            <dst id="WASHng">409144.56</dst>
        </src>
    </IntraTM>
</TrafficMatrixFile>
