<?xml version="1.0" encoding="ISO-8859-1" standalone="yes"?>
<TrafficMatrixFile xsi:noNamespaceSchemaLocation="http://totem.run.montefiore.ulg.ac.be/Schema/TrafficMatrix-v1_2.xsd" xmlns:xsi="http://www.w3.org/2001/XMLSchema-instance">
    <IntraTM ASID="11537">
        <src id="ATLA-M5">
            <dst id="ATLA-M5">1594.49066666667</dst>
            <dst id="ATLAng">191.013333333333</dst>
            <dst id="CHINng">1596.83733333333</dst>
            <dst id="DNVRng">0</dst>
            <dst id="HSTNng">331</dst>
            <dst id="IPLSng">432.576</dst>
            <dst id="KSCYng">0</dst>
            <dst id="LOSAng">0</dst>
            <dst id="NYCMng">940.130666666666</dst>
            <dst id="SNVAng">0</dst>
            <dst id="STTLng">0</dst>
            <dst id="WASHng">2433.86666666667</dst>
        </src>
        <src id="ATLAng">
            <dst id="ATLA-M5">0</dst>
            <dst id="ATLAng">28261.088</dst>
            <dst id="CHINng">17374.5813333333</dst>
            <dst id="DNVRng">0</dst>
            <dst id="HSTNng">5755.192</dst>
            <dst id="IPLSng">24361.0426666667</dst>
            <dst id="KSCYng">26.6666666666667</dst>
            <dst id="LOSAng">28.3466666666667</dst>
            <dst id="NYCMng">48326.624</dst>
            <dst id="SNVAng">26.6666666666667</dst>
            <dst id="STTLng">26.6666666666667</dst>
            <dst id="WASHng">48836.848</dst>
        </src>
        <src id="CHINng">
            <dst id="ATLA-M5">0</dst>
            <dst id="ATLAng">19389.4906666667</dst>
            <dst id="CHINng">27009.2773333333</dst>
            <dst id="DNVRng">0</dst>
            <dst id="HSTNng">9265.40533333333</dst>
            <dst id="IPLSng">37978.752</dst>
            <dst id="KSCYng">53.3333333333333</dst>
            <dst id="LOSAng">53.3333333333333</dst>
            <dst id="NYCMng">161869.616</dst>
            <dst id="SNVAng">26.6666666666667</dst>
            <dst id="STTLng">2098.72</dst>
            <dst id="WASHng">24620.7386666667</dst>
        </src>
        <src id="DNVRng">
            <dst id="ATLA-M5">0</dst>
            <dst id="ATLAng">7060.10933333333</dst>
            <dst id="CHINng">27280.8853333333</dst>
            <dst id="DNVRng">8995.344</dst>
            <dst id="HSTNng">27992.752</dst>
            <dst id="IPLSng">28715.8773333333</dst>
            <dst id="KSCYng">16819.976</dst>
            <dst id="LOSAng">0</dst>
            <dst id="NYCMng">35675.496</dst>
            <dst id="SNVAng">10742.6106666667</dst>
            <dst id="STTLng">2352.544</dst>
            <dst id="WASHng">52087.504</dst>
        </src>
        <src id="HSTNng">
            <dst id="ATLA-M5">0</dst>
            <dst id="ATLAng">29017.4906666667</dst>
            <dst id="CHINng">1316.86666666667</dst>
            <dst id="DNVRng">26.6666666666667</dst>
            <dst id="HSTNng">268054.053333333</dst>
            <dst id="IPLSng">0</dst>
            <dst id="KSCYng">0</dst>
            <dst id="LOSAng">0</dst>
            <dst id="NYCMng">4550.368</dst>
            <dst id="SNVAng">0</dst>
            <dst id="STTLng">0</dst>
            <dst id="WASHng">84312.088</dst>
        </src>
        <src id="IPLSng">
            <dst id="ATLA-M5">0</dst>
            <dst id="ATLAng">22277.0293333333</dst>
            <dst id="CHINng">74353.5973333333</dst>
            <dst id="DNVRng">0</dst>
            <dst id="HSTNng">11384.3173333333</dst>
            <dst id="IPLSng">48868.5893333333</dst>
            <dst id="KSCYng">16888.048</dst>
            <dst id="LOSAng">0</dst>
            <dst id="NYCMng">198832.648</dst>
            <dst id="SNVAng">80</dst>
            <dst id="STTLng">26.6666666666667</dst>
            <dst id="WASHng">37265.0053333333</dst>
        </src>
        <src id="KSCYng">
            <dst id="ATLA-M5">0</dst>
            <dst id="ATLAng">6492.98933333333</dst>
            <dst id="CHINng">16165.1173333333</dst>
            <dst id="DNVRng">8390.112</dst>
            <dst id="HSTNng">13440.2133333333</dst>
            <dst id="IPLSng">16929.1866666667</dst>
            <dst id="KSCYng">10972.832</dst>
            <dst id="LOSAng">0</dst>
            <dst id="NYCMng">19911.2213333333</dst>
            <dst id="SNVAng">49.6</dst>
            <dst id="STTLng">0</dst>
            <dst id="WASHng">7280.61333333333</dst>
        </src>
        <src id="LOSAng">
            <dst id="ATLA-M5">0</dst>
            <dst id="ATLAng">26122.7333333333</dst>
            <dst id="CHINng">2696.296</dst>
            <dst id="DNVRng">10175.8746666667</dst>
            <dst id="HSTNng">194131.176</dst>
            <dst id="IPLSng">731.229333333333</dst>
            <dst id="KSCYng">80</dst>
            <dst id="LOSAng">26740.9706666667</dst>
            <dst id="NYCMng">74011.0293333333</dst>
            <dst id="SNVAng">9783.60266666667</dst>
            <dst id="STTLng">19268.4693333333</dst>
            <dst id="WASHng">71135.4906666667</dst>
        </src>
        <src id="NYCMng">
            <dst id="ATLA-M5">0</dst>
            <dst id="ATLAng">31733.3333333333</dst>
            <dst id="CHINng">1462.24533333333</dst>
            <dst id="DNVRng">0</dst>
            <dst id="HSTNng">10304.1013333333</dst>
            <dst id="IPLSng">109.173333333333</dst>
            <dst id="KSCYng">568.336</dst>
            <dst id="LOSAng">726.888</dst>
            <dst id="NYCMng">395734.08</dst>
            <dst id="SNVAng">53.3333333333333</dst>
            <dst id="STTLng">649.493333333333</dst>
            <dst id="WASHng">104948.765333333</dst>
        </src>
        <src id="SNVAng">
            <dst id="ATLA-M5">0</dst>
            <dst id="ATLAng">982.24</dst>
            <dst id="CHINng">26.6666666666667</dst>
            <dst id="DNVRng">2870.776</dst>
            <dst id="HSTNng">2211.67466666667</dst>
            <dst id="IPLSng">0</dst>
            <dst id="KSCYng">132.597333333333</dst>
            <dst id="LOSAng">33612.528</dst>
            <dst id="NYCMng">7102.58933333333</dst>
            <dst id="SNVAng">15634.7066666667</dst>
            <dst id="STTLng">53038.0906666667</dst>
            <dst id="WASHng">389.48</dst>
        </src>
        <src id="STTLng">
            <dst id="ATLA-M5">0</dst>
            <dst id="ATLAng">8373.32</dst>
            <dst id="CHINng">678.096</dst>
            <dst id="DNVRng">4978.816</dst>
            <dst id="HSTNng">16230.2986666667</dst>
            <dst id="IPLSng">121.736</dst>
            <dst id="KSCYng">4516.23733333333</dst>
            <dst id="LOSAng">15173.2106666667</dst>
            <dst id="NYCMng">44468.952</dst>
            <dst id="SNVAng">4850.48266666667</dst>
            <dst id="STTLng">3492.44533333333</dst>
            <dst id="WASHng">34703.944</dst>
        </src>
        <src id="WASHng">
            <dst id="ATLA-M5">0</dst>
            <dst id="ATLAng">130487.037333333</dst>
            <dst id="CHINng">631.429333333333</dst>
            <dst id="DNVRng">0</dst>
            <dst id="HSTNng">76132.76</dst>
            <dst id="IPLSng">181.034666666667</dst>
            <dst id="KSCYng">80</dst>
            <dst id="LOSAng">0</dst>
            <dst id="NYCMng">473556.533333333</dst>
            <dst id="SNVAng">37.0293333333333</dst>
            <dst id="STTLng">205.728</dst>
            <dst id="WASHng">293248.853333333</dst>
        </src>
    </IntraTM>
</TrafficMatrixFile>
