<?xml version="1.0" encoding="ISO-8859-1" standalone="yes"?>
<TrafficMatrixFile xsi:noNamespaceSchemaLocation="http://totem.run.montefiore.ulg.ac.be/Schema/TrafficMatrix-v1_2.xsd" xmlns:xsi="http://www.w3.org/2001/XMLSchema-instance">
    <IntraTM ASID="11537">
        <src id="ATLA-M5">
            <dst id="ATLA-M5">26.6666666666667</dst>
            <dst id="ATLAng">506.213333333333</dst>
            <dst id="CHINng">1103.128</dst>
            <dst id="DNVRng">0</dst>
            <dst id="HSTNng">200.181333333333</dst>
            <dst id="IPLSng">810.410666666667</dst>
            <dst id="KSCYng">0</dst>
            <dst id="LOSAng">0</dst>
            <dst id="NYCMng">2413.832</dst>
            <dst id="SNVAng">0</dst>
            <dst id="STTLng">0</dst>
            <dst id="WASHng">5812.74666666667</dst>
        </src>
        <src id="ATLAng">
            <dst id="ATLA-M5">0</dst>
            <dst id="ATLAng">24993.1066666667</dst>
            <dst id="CHINng">79216.5226666667</dst>
            <dst id="DNVRng">0</dst>
            <dst id="HSTNng">12734.352</dst>
            <dst id="IPLSng">26621.5253333333</dst>
            <dst id="KSCYng">53.3333333333333</dst>
            <dst id="LOSAng">0</dst>
            <dst id="NYCMng">71774.768</dst>
            <dst id="SNVAng">68.152</dst>
            <dst id="STTLng">0</dst>
            <dst id="WASHng">56979.8106666667</dst>
        </src>
        <src id="CHINng">
            <dst id="ATLA-M5">0</dst>
            <dst id="ATLAng">27461.6746666667</dst>
            <dst id="CHINng">45574.8453333333</dst>
            <dst id="DNVRng">0</dst>
            <dst id="HSTNng">25573.4186666667</dst>
            <dst id="IPLSng">55762.392</dst>
            <dst id="KSCYng">320.066666666667</dst>
            <dst id="LOSAng">78.976</dst>
            <dst id="NYCMng">214918.808</dst>
            <dst id="SNVAng">59.0453333333333</dst>
            <dst id="STTLng">155.84</dst>
            <dst id="WASHng">43649.32</dst>
        </src>
        <src id="DNVRng">
            <dst id="ATLA-M5">0</dst>
            <dst id="ATLAng">7170.04</dst>
            <dst id="CHINng">41281.9226666667</dst>
            <dst id="DNVRng">8940.66133333333</dst>
            <dst id="HSTNng">40864.0933333333</dst>
            <dst id="IPLSng">30478.8906666667</dst>
            <dst id="KSCYng">17265.4826666667</dst>
            <dst id="LOSAng">26.6666666666667</dst>
            <dst id="NYCMng">33635.5573333333</dst>
            <dst id="SNVAng">17313.5786666667</dst>
            <dst id="STTLng">141.24</dst>
            <dst id="WASHng">48260.8133333333</dst>
        </src>
        <src id="HSTNng">
            <dst id="ATLA-M5">0</dst>
            <dst id="ATLAng">37249.0213333333</dst>
            <dst id="CHINng">2537.416</dst>
            <dst id="DNVRng">0</dst>
            <dst id="HSTNng">140065.450666667</dst>
            <dst id="IPLSng">60.032</dst>
            <dst id="KSCYng">53.3333333333333</dst>
            <dst id="LOSAng">0</dst>
            <dst id="NYCMng">7609.00266666667</dst>
            <dst id="SNVAng">0</dst>
            <dst id="STTLng">26.6666666666667</dst>
            <dst id="WASHng">120081.232</dst>
        </src>
        <src id="IPLSng">
            <dst id="ATLA-M5">0</dst>
            <dst id="ATLAng">14046.5386666667</dst>
            <dst id="CHINng">104896.946666667</dst>
            <dst id="DNVRng">0</dst>
            <dst id="HSTNng">13874.3013333333</dst>
            <dst id="IPLSng">31101.7786666667</dst>
            <dst id="KSCYng">20498.2133333333</dst>
            <dst id="LOSAng">26.6666666666667</dst>
            <dst id="NYCMng">196869.68</dst>
            <dst id="SNVAng">170.866666666667</dst>
            <dst id="STTLng">772.021333333333</dst>
            <dst id="WASHng">32901.1386666667</dst>
        </src>
        <src id="KSCYng">
            <dst id="ATLA-M5">0</dst>
            <dst id="ATLAng">6289.22666666667</dst>
            <dst id="CHINng">20339.648</dst>
            <dst id="DNVRng">19574.256</dst>
            <dst id="HSTNng">19402.8293333333</dst>
            <dst id="IPLSng">12419.0453333333</dst>
            <dst id="KSCYng">4286.69066666667</dst>
            <dst id="LOSAng">0</dst>
            <dst id="NYCMng">23178.1173333333</dst>
            <dst id="SNVAng">26.6666666666667</dst>
            <dst id="STTLng">0</dst>
            <dst id="WASHng">14512.3493333333</dst>
        </src>
        <src id="LOSAng">
            <dst id="ATLA-M5">0</dst>
            <dst id="ATLAng">31717.1973333333</dst>
            <dst id="CHINng">11190.9306666667</dst>
            <dst id="DNVRng">23388.3786666667</dst>
            <dst id="HSTNng">123675.781333333</dst>
            <dst id="IPLSng">775.669333333333</dst>
            <dst id="KSCYng">718.453333333333</dst>
            <dst id="LOSAng">19036.192</dst>
            <dst id="NYCMng">76927.7653333333</dst>
            <dst id="SNVAng">14519.1786666667</dst>
            <dst id="STTLng">22512.1706666667</dst>
            <dst id="WASHng">98408.5893333334</dst>
        </src>
        <src id="NYCMng">
            <dst id="ATLA-M5">0</dst>
            <dst id="ATLAng">39679.3706666667</dst>
            <dst id="CHINng">592.048</dst>
            <dst id="DNVRng">0</dst>
            <dst id="HSTNng">24308.4426666667</dst>
            <dst id="IPLSng">182.234666666667</dst>
            <dst id="KSCYng">106.666666666667</dst>
            <dst id="LOSAng">813.762666666667</dst>
            <dst id="NYCMng">956010.133333333</dst>
            <dst id="SNVAng">55.7546666666667</dst>
            <dst id="STTLng">82.704</dst>
            <dst id="WASHng">313170.746666667</dst>
        </src>
        <src id="SNVAng">
            <dst id="ATLA-M5">0</dst>
            <dst id="ATLAng">1228.30666666667</dst>
            <dst id="CHINng">665.504</dst>
            <dst id="DNVRng">6099.90133333333</dst>
            <dst id="HSTNng">5144.01333333333</dst>
            <dst id="IPLSng">0</dst>
            <dst id="KSCYng">364.738666666667</dst>
            <dst id="LOSAng">34856.7066666667</dst>
            <dst id="NYCMng">7447.51466666667</dst>
            <dst id="SNVAng">16465.8106666667</dst>
            <dst id="STTLng">57103.1626666667</dst>
            <dst id="WASHng">2832.05333333333</dst>
        </src>
        <src id="STTLng">
            <dst id="ATLA-M5">0</dst>
            <dst id="ATLAng">15928.9386666667</dst>
            <dst id="CHINng">2873.62933333333</dst>
            <dst id="DNVRng">8123.664</dst>
            <dst id="HSTNng">23589.7226666667</dst>
            <dst id="IPLSng">394.613333333333</dst>
            <dst id="KSCYng">5639.44533333333</dst>
            <dst id="LOSAng">30758.5226666667</dst>
            <dst id="NYCMng">46946.3253333333</dst>
            <dst id="SNVAng">8008.65066666667</dst>
            <dst id="STTLng">4802.73333333333</dst>
            <dst id="WASHng">31000.5066666667</dst>
        </src>
        <src id="WASHng">
            <dst id="ATLA-M5">0</dst>
            <dst id="ATLAng">156736.533333333</dst>
            <dst id="CHINng">632.826666666667</dst>
            <dst id="DNVRng">0</dst>
            <dst id="HSTNng">90332.8266666667</dst>
            <dst id="IPLSng">144.754666666667</dst>
            <dst id="KSCYng">108</dst>
            <dst id="LOSAng">80</dst>
            <dst id="NYCMng">584550.72</dst>
            <dst id="SNVAng">110.661333333333</dst>
            <dst id="STTLng">28.224</dst>
            <dst id="WASHng">278525.12</dst>
        </src>
    </IntraTM>
</TrafficMatrixFile>
