<?xml version="1.0" encoding="ISO-8859-1" standalone="yes"?>
<TrafficMatrixFile xsi:noNamespaceSchemaLocation="http://totem.run.montefiore.ulg.ac.be/Schema/TrafficMatrix-v1_2.xsd" xmlns:xsi="http://www.w3.org/2001/XMLSchema-instance">
    <IntraTM ASID="11537">
        <src id="ATLA-M5">
            <dst id="ATLA-M5">611.109333333333</dst>
            <dst id="ATLAng">775.216</dst>
            <dst id="CHINng">719.157333333333</dst>
            <dst id="DNVRng">0</dst>
            <dst id="HSTNng">151.954666666667</dst>
            <dst id="IPLSng">1654.79466666667</dst>
            <dst id="KSCYng">0</dst>
            <dst id="LOSAng">0</dst>
            <dst id="NYCMng">2719.25333333333</dst>
            <dst id="SNVAng">0</dst>
            <dst id="STTLng">0</dst>
            <dst id="WASHng">284.408</dst>
        </src>
        <src id="ATLAng">
            <dst id="ATLA-M5">0</dst>
            <dst id="ATLAng">31278.2666666667</dst>
            <dst id="CHINng">54578.9226666667</dst>
            <dst id="DNVRng">0</dst>
            <dst id="HSTNng">9585.79733333333</dst>
            <dst id="IPLSng">37818.8106666667</dst>
            <dst id="KSCYng">0</dst>
            <dst id="LOSAng">0</dst>
            <dst id="NYCMng">68697.4266666667</dst>
            <dst id="SNVAng">26.6666666666667</dst>
            <dst id="STTLng">0</dst>
            <dst id="WASHng">43870.512</dst>
        </src>
        <src id="CHINng">
            <dst id="ATLA-M5">0</dst>
            <dst id="ATLAng">35491.592</dst>
            <dst id="CHINng">32191.4613333333</dst>
            <dst id="DNVRng">0</dst>
            <dst id="HSTNng">19039.928</dst>
            <dst id="IPLSng">64373.6133333333</dst>
            <dst id="KSCYng">62.016</dst>
            <dst id="LOSAng">80</dst>
            <dst id="NYCMng">211084.544</dst>
            <dst id="SNVAng">0</dst>
            <dst id="STTLng">26.6666666666667</dst>
            <dst id="WASHng">45824.4106666667</dst>
        </src>
        <src id="DNVRng">
            <dst id="ATLA-M5">0</dst>
            <dst id="ATLAng">9214.288</dst>
            <dst id="CHINng">40729.048</dst>
            <dst id="DNVRng">13068.5173333333</dst>
            <dst id="HSTNng">38419.08</dst>
            <dst id="IPLSng">27494.9493333333</dst>
            <dst id="KSCYng">22802.9306666667</dst>
            <dst id="LOSAng">0</dst>
            <dst id="NYCMng">41634.288</dst>
            <dst id="SNVAng">9183.96</dst>
            <dst id="STTLng">144.725333333333</dst>
            <dst id="WASHng">41152.8506666667</dst>
        </src>
        <src id="HSTNng">
            <dst id="ATLA-M5">0</dst>
            <dst id="ATLAng">39946.6293333333</dst>
            <dst id="CHINng">678.12</dst>
            <dst id="DNVRng">26.6666666666667</dst>
            <dst id="HSTNng">125002.258666667</dst>
            <dst id="IPLSng">53.3333333333333</dst>
            <dst id="KSCYng">0</dst>
            <dst id="LOSAng">0</dst>
            <dst id="NYCMng">5838.31466666667</dst>
            <dst id="SNVAng">0</dst>
            <dst id="STTLng">0</dst>
            <dst id="WASHng">126376.298666667</dst>
        </src>
        <src id="IPLSng">
            <dst id="ATLA-M5">0</dst>
            <dst id="ATLAng">27667.0293333333</dst>
            <dst id="CHINng">141193.882666667</dst>
            <dst id="DNVRng">0</dst>
            <dst id="HSTNng">8933.81066666667</dst>
            <dst id="IPLSng">36821.0586666667</dst>
            <dst id="KSCYng">20875.8426666667</dst>
            <dst id="LOSAng">26.6666666666667</dst>
            <dst id="NYCMng">213859.474666667</dst>
            <dst id="SNVAng">53.3333333333333</dst>
            <dst id="STTLng">53.3333333333333</dst>
            <dst id="WASHng">36637.528</dst>
        </src>
        <src id="KSCYng">
            <dst id="ATLA-M5">0</dst>
            <dst id="ATLAng">9938.128</dst>
            <dst id="CHINng">18862.6586666667</dst>
            <dst id="DNVRng">16980.208</dst>
            <dst id="HSTNng">16209.7493333333</dst>
            <dst id="IPLSng">9868.704</dst>
            <dst id="KSCYng">6356.232</dst>
            <dst id="LOSAng">0</dst>
            <dst id="NYCMng">57399.0506666667</dst>
            <dst id="SNVAng">0</dst>
            <dst id="STTLng">0</dst>
            <dst id="WASHng">14940.6666666667</dst>
        </src>
        <src id="LOSAng">
            <dst id="ATLA-M5">0</dst>
            <dst id="ATLAng">34620.3226666667</dst>
            <dst id="CHINng">8430.31733333333</dst>
            <dst id="DNVRng">33628.2666666667</dst>
            <dst id="HSTNng">124515.832</dst>
            <dst id="IPLSng">366.88</dst>
            <dst id="KSCYng">707.56</dst>
            <dst id="LOSAng">24403.5573333333</dst>
            <dst id="NYCMng">72513.2026666667</dst>
            <dst id="SNVAng">13851.6853333333</dst>
            <dst id="STTLng">23583.968</dst>
            <dst id="WASHng">100619.530666667</dst>
        </src>
        <src id="NYCMng">
            <dst id="ATLA-M5">0</dst>
            <dst id="ATLAng">37582.7706666667</dst>
            <dst id="CHINng">484.058666666667</dst>
            <dst id="DNVRng">0</dst>
            <dst id="HSTNng">26060.496</dst>
            <dst id="IPLSng">36.616</dst>
            <dst id="KSCYng">96.3733333333333</dst>
            <dst id="LOSAng">26.6666666666667</dst>
            <dst id="NYCMng">559734.64</dst>
            <dst id="SNVAng">53.3333333333333</dst>
            <dst id="STTLng">278.816</dst>
            <dst id="WASHng">101359.722666667</dst>
        </src>
        <src id="SNVAng">
            <dst id="ATLA-M5">0</dst>
            <dst id="ATLAng">1269.112</dst>
            <dst id="CHINng">406.266666666667</dst>
            <dst id="DNVRng">15034.84</dst>
            <dst id="HSTNng">4105.456</dst>
            <dst id="IPLSng">0</dst>
            <dst id="KSCYng">602.197333333333</dst>
            <dst id="LOSAng">39338.976</dst>
            <dst id="NYCMng">6150.88</dst>
            <dst id="SNVAng">16048.584</dst>
            <dst id="STTLng">57934.76</dst>
            <dst id="WASHng">822.578666666667</dst>
        </src>
        <src id="STTLng">
            <dst id="ATLA-M5">0</dst>
            <dst id="ATLAng">8334.22933333333</dst>
            <dst id="CHINng">787.272</dst>
            <dst id="DNVRng">6353.09333333333</dst>
            <dst id="HSTNng">22893.6906666667</dst>
            <dst id="IPLSng">239.656</dst>
            <dst id="KSCYng">3333.09066666667</dst>
            <dst id="LOSAng">19829.0693333333</dst>
            <dst id="NYCMng">42274.1093333333</dst>
            <dst id="SNVAng">5216.81333333333</dst>
            <dst id="STTLng">11433.2693333333</dst>
            <dst id="WASHng">29861.744</dst>
        </src>
        <src id="WASHng">
            <dst id="ATLA-M5">0</dst>
            <dst id="ATLAng">98368.4106666666</dst>
            <dst id="CHINng">343.178666666667</dst>
            <dst id="DNVRng">0</dst>
            <dst id="HSTNng">68078.2506666667</dst>
            <dst id="IPLSng">53.3333333333333</dst>
            <dst id="KSCYng">60.76</dst>
            <dst id="LOSAng">53.3333333333333</dst>
            <dst id="NYCMng">595252</dst>
            <dst id="SNVAng">57.352</dst>
            <dst id="STTLng">75.6586666666667</dst>
            <dst id="WASHng">310855.093333333</dst>
        </src>
    </IntraTM>
</TrafficMatrixFile>
