<?xml version="1.0" encoding="ISO-8859-1" standalone="yes"?>
<TrafficMatrixFile xsi:noNamespaceSchemaLocation="http://totem.run.montefiore.ulg.ac.be/Schema/TrafficMatrix-v1_2.xsd" xmlns:xsi="http://www.w3.org/2001/XMLSchema-instance">
    <IntraTM ASID="11537">
        <src id="ATLA-M5">
            <dst id="ATLA-M5">386.925333333333</dst>
            <dst id="ATLAng">576.397333333333</dst>
            <dst id="CHINng">1355.504</dst>
            <dst id="DNVRng">0</dst>
            <dst id="HSTNng">1929.02666666667</dst>
            <dst id="IPLSng">1756.376</dst>
            <dst id="KSCYng">178.768</dst>
            <dst id="LOSAng">0</dst>
            <dst id="NYCMng">592.173333333333</dst>
            <dst id="SNVAng">26.6666666666667</dst>
            <dst id="STTLng">0</dst>
            <dst id="WASHng">1499.72533333333</dst>
        </src>
        <src id="ATLAng">
            <dst id="ATLA-M5">0</dst>
            <dst id="ATLAng">49413.1813333333</dst>
            <dst id="CHINng">43324.0453333333</dst>
            <dst id="DNVRng">285.373333333333</dst>
            <dst id="HSTNng">74251.24</dst>
            <dst id="IPLSng">42663.3546666667</dst>
            <dst id="KSCYng">4120.336</dst>
            <dst id="LOSAng">56.4053333333333</dst>
            <dst id="NYCMng">17279.3813333333</dst>
            <dst id="SNVAng">282.592</dst>
            <dst id="STTLng">556.170666666667</dst>
            <dst id="WASHng">93411.784</dst>
        </src>
        <src id="CHINng">
            <dst id="ATLA-M5">0</dst>
            <dst id="ATLAng">42377.4933333333</dst>
            <dst id="CHINng">135538.08</dst>
            <dst id="DNVRng">20876.712</dst>
            <dst id="HSTNng">77676.9706666667</dst>
            <dst id="IPLSng">90601.0133333333</dst>
            <dst id="KSCYng">19999.152</dst>
            <dst id="LOSAng">106.666666666667</dst>
            <dst id="NYCMng">33035.944</dst>
            <dst id="SNVAng">378.272</dst>
            <dst id="STTLng">957.232</dst>
            <dst id="WASHng">64277.5706666667</dst>
        </src>
        <src id="DNVRng">
            <dst id="ATLA-M5">0</dst>
            <dst id="ATLAng">11365.5466666667</dst>
            <dst id="CHINng">70917.32</dst>
            <dst id="DNVRng">25712.912</dst>
            <dst id="HSTNng">63697.4906666667</dst>
            <dst id="IPLSng">28873.6586666667</dst>
            <dst id="KSCYng">38155.496</dst>
            <dst id="LOSAng">80</dst>
            <dst id="NYCMng">21875.0053333333</dst>
            <dst id="SNVAng">19252.4533333333</dst>
            <dst id="STTLng">207.285333333333</dst>
            <dst id="WASHng">54664.568</dst>
        </src>
        <src id="HSTNng">
            <dst id="ATLA-M5">0</dst>
            <dst id="ATLAng">54788.5173333333</dst>
            <dst id="CHINng">2318.88533333333</dst>
            <dst id="DNVRng">94.6266666666667</dst>
            <dst id="HSTNng">198697.568</dst>
            <dst id="IPLSng">132.370666666667</dst>
            <dst id="KSCYng">26.6666666666667</dst>
            <dst id="LOSAng">26.6666666666667</dst>
            <dst id="NYCMng">11247.4586666667</dst>
            <dst id="SNVAng">80</dst>
            <dst id="STTLng">53.3333333333333</dst>
            <dst id="WASHng">126684.408</dst>
        </src>
        <src id="IPLSng">
            <dst id="ATLA-M5">0</dst>
            <dst id="ATLAng">19425.6106666667</dst>
            <dst id="CHINng">165744.544</dst>
            <dst id="DNVRng">18673.2613333333</dst>
            <dst id="HSTNng">150301.837333333</dst>
            <dst id="IPLSng">61218.4053333333</dst>
            <dst id="KSCYng">33436.9066666667</dst>
            <dst id="LOSAng">138.557333333333</dst>
            <dst id="NYCMng">53863.0933333333</dst>
            <dst id="SNVAng">8178.44533333333</dst>
            <dst id="STTLng">729.045333333333</dst>
            <dst id="WASHng">52546.392</dst>
        </src>
        <src id="KSCYng">
            <dst id="ATLA-M5">0</dst>
            <dst id="ATLAng">6837.03466666667</dst>
            <dst id="CHINng">37652.08</dst>
            <dst id="DNVRng">19329.712</dst>
            <dst id="HSTNng">22287.864</dst>
            <dst id="IPLSng">25374.752</dst>
            <dst id="KSCYng">8700.34133333334</dst>
            <dst id="LOSAng">26.6666666666667</dst>
            <dst id="NYCMng">12646.0826666667</dst>
            <dst id="SNVAng">199.045333333333</dst>
            <dst id="STTLng">80</dst>
            <dst id="WASHng">12762.2426666667</dst>
        </src>
        <src id="LOSAng">
            <dst id="ATLA-M5">0</dst>
            <dst id="ATLAng">40667.144</dst>
            <dst id="CHINng">10529.7733333333</dst>
            <dst id="DNVRng">24065.968</dst>
            <dst id="HSTNng">181712.053333333</dst>
            <dst id="IPLSng">1596.74666666667</dst>
            <dst id="KSCYng">1257.50666666667</dst>
            <dst id="LOSAng">19288.2986666667</dst>
            <dst id="NYCMng">64685.0773333333</dst>
            <dst id="SNVAng">16518.0586666667</dst>
            <dst id="STTLng">37727.08</dst>
            <dst id="WASHng">110059.122666667</dst>
        </src>
        <src id="NYCMng">
            <dst id="ATLA-M5">0</dst>
            <dst id="ATLAng">74610.4986666667</dst>
            <dst id="CHINng">98918.8106666666</dst>
            <dst id="DNVRng">51121.3546666667</dst>
            <dst id="HSTNng">145255.746666667</dst>
            <dst id="IPLSng">82777.9253333333</dst>
            <dst id="KSCYng">30438.5493333333</dst>
            <dst id="LOSAng">572.482666666667</dst>
            <dst id="NYCMng">268363.173333333</dst>
            <dst id="SNVAng">266.666666666667</dst>
            <dst id="STTLng">1427.21066666667</dst>
            <dst id="WASHng">170713.234666667</dst>
        </src>
        <src id="SNVAng">
            <dst id="ATLA-M5">0</dst>
            <dst id="ATLAng">1810.14666666667</dst>
            <dst id="CHINng">3266.30933333333</dst>
            <dst id="DNVRng">7435.87733333334</dst>
            <dst id="HSTNng">10643.2586666667</dst>
            <dst id="IPLSng">156.528</dst>
            <dst id="KSCYng">2381.99733333333</dst>
            <dst id="LOSAng">40601.464</dst>
            <dst id="NYCMng">5252.77333333333</dst>
            <dst id="SNVAng">21814.2453333333</dst>
            <dst id="STTLng">57472.8693333333</dst>
            <dst id="WASHng">1579.672</dst>
        </src>
        <src id="STTLng">
            <dst id="ATLA-M5">0</dst>
            <dst id="ATLAng">15403.32</dst>
            <dst id="CHINng">23946.7706666667</dst>
            <dst id="DNVRng">11383.4586666667</dst>
            <dst id="HSTNng">61491.0053333333</dst>
            <dst id="IPLSng">628.621333333333</dst>
            <dst id="KSCYng">6860.89866666667</dst>
            <dst id="LOSAng">24851.304</dst>
            <dst id="NYCMng">12853.016</dst>
            <dst id="SNVAng">9612.25066666667</dst>
            <dst id="STTLng">9506.408</dst>
            <dst id="WASHng">42173.5493333333</dst>
        </src>
        <src id="WASHng">
            <dst id="ATLA-M5">0</dst>
            <dst id="ATLAng">179741.277333333</dst>
            <dst id="CHINng">110900.946666667</dst>
            <dst id="DNVRng">8387.13066666667</dst>
            <dst id="HSTNng">343324.56</dst>
            <dst id="IPLSng">105852.322666667</dst>
            <dst id="KSCYng">36952.416</dst>
            <dst id="LOSAng">80</dst>
            <dst id="NYCMng">208180.845333333</dst>
            <dst id="SNVAng">798.04</dst>
            <dst id="STTLng">7118.59466666667</dst>
            <dst id="WASHng">430687.893333333</dst>
        </src>
    </IntraTM>
</TrafficMatrixFile>
