<?xml version="1.0" encoding="ISO-8859-1" standalone="yes"?>
<TrafficMatrixFile xsi:noNamespaceSchemaLocation="http://totem.run.montefiore.ulg.ac.be/Schema/TrafficMatrix-v1_2.xsd" xmlns:xsi="http://www.w3.org/2001/XMLSchema-instance">
    <IntraTM ASID="11537">
        <src id="ATLA-M5">
            <dst id="ATLA-M5">1541.424</dst>
            <dst id="ATLAng">111.237333333333</dst>
            <dst id="CHINng">1862.49066666667</dst>
            <dst id="DNVRng">0</dst>
            <dst id="HSTNng">53.5573333333333</dst>
            <dst id="IPLSng">491.434666666667</dst>
            <dst id="KSCYng">0</dst>
            <dst id="LOSAng">0</dst>
            <dst id="NYCMng">727.064</dst>
            <dst id="SNVAng">0</dst>
            <dst id="STTLng">0</dst>
            <dst id="WASHng">1288.83466666667</dst>
        </src>
        <src id="ATLAng">
            <dst id="ATLA-M5">0</dst>
            <dst id="ATLAng">28702.56</dst>
            <dst id="CHINng">16668.824</dst>
            <dst id="DNVRng">0</dst>
            <dst id="HSTNng">2558.256</dst>
            <dst id="IPLSng">24981.9653333333</dst>
            <dst id="KSCYng">0</dst>
            <dst id="LOSAng">26.6666666666667</dst>
            <dst id="NYCMng">39677.744</dst>
            <dst id="SNVAng">0</dst>
            <dst id="STTLng">26.6666666666667</dst>
            <dst id="WASHng">35330.0906666667</dst>
        </src>
        <src id="CHINng">
            <dst id="ATLA-M5">0</dst>
            <dst id="ATLAng">16490.368</dst>
            <dst id="CHINng">21552.56</dst>
            <dst id="DNVRng">0</dst>
            <dst id="HSTNng">15230.896</dst>
            <dst id="IPLSng">41265.5866666667</dst>
            <dst id="KSCYng">106.666666666667</dst>
            <dst id="LOSAng">53.3333333333333</dst>
            <dst id="NYCMng">158849.386666667</dst>
            <dst id="SNVAng">26.6666666666667</dst>
            <dst id="STTLng">1229.70666666667</dst>
            <dst id="WASHng">27154.3413333333</dst>
        </src>
        <src id="DNVRng">
            <dst id="ATLA-M5">0</dst>
            <dst id="ATLAng">6892.184</dst>
            <dst id="CHINng">30758.8293333333</dst>
            <dst id="DNVRng">14829.2293333333</dst>
            <dst id="HSTNng">35372.176</dst>
            <dst id="IPLSng">30068.7733333333</dst>
            <dst id="KSCYng">21897.024</dst>
            <dst id="LOSAng">0</dst>
            <dst id="NYCMng">39490.9306666667</dst>
            <dst id="SNVAng">10671.5786666667</dst>
            <dst id="STTLng">2360.77866666667</dst>
            <dst id="WASHng">41031.288</dst>
        </src>
        <src id="HSTNng">
            <dst id="ATLA-M5">0</dst>
            <dst id="ATLAng">21693.0133333333</dst>
            <dst id="CHINng">2497.352</dst>
            <dst id="DNVRng">0</dst>
            <dst id="HSTNng">94015.6106666667</dst>
            <dst id="IPLSng">53.3333333333333</dst>
            <dst id="KSCYng">0</dst>
            <dst id="LOSAng">0</dst>
            <dst id="NYCMng">6305.92266666667</dst>
            <dst id="SNVAng">0</dst>
            <dst id="STTLng">26.6666666666667</dst>
            <dst id="WASHng">79575.104</dst>
        </src>
        <src id="IPLSng">
            <dst id="ATLA-M5">0</dst>
            <dst id="ATLAng">36658.7813333333</dst>
            <dst id="CHINng">77438.1866666667</dst>
            <dst id="DNVRng">0</dst>
            <dst id="HSTNng">10326.624</dst>
            <dst id="IPLSng">28206.5733333333</dst>
            <dst id="KSCYng">18779.712</dst>
            <dst id="LOSAng">0</dst>
            <dst id="NYCMng">161343.589333333</dst>
            <dst id="SNVAng">0</dst>
            <dst id="STTLng">65.12</dst>
            <dst id="WASHng">33602.1973333333</dst>
        </src>
        <src id="KSCYng">
            <dst id="ATLA-M5">0</dst>
            <dst id="ATLAng">9020.07466666667</dst>
            <dst id="CHINng">17715.2133333333</dst>
            <dst id="DNVRng">8148.20266666667</dst>
            <dst id="HSTNng">15948.928</dst>
            <dst id="IPLSng">13351.4266666667</dst>
            <dst id="KSCYng">15157.368</dst>
            <dst id="LOSAng">0</dst>
            <dst id="NYCMng">19266.88</dst>
            <dst id="SNVAng">0</dst>
            <dst id="STTLng">0</dst>
            <dst id="WASHng">8454.42133333333</dst>
        </src>
        <src id="LOSAng">
            <dst id="ATLA-M5">0</dst>
            <dst id="ATLAng">21008.9573333333</dst>
            <dst id="CHINng">1803.76266666667</dst>
            <dst id="DNVRng">11808.4373333333</dst>
            <dst id="HSTNng">91558.2186666667</dst>
            <dst id="IPLSng">398.346666666667</dst>
            <dst id="KSCYng">157.237333333333</dst>
            <dst id="LOSAng">18674.448</dst>
            <dst id="NYCMng">77330.8986666667</dst>
            <dst id="SNVAng">15691.464</dst>
            <dst id="STTLng">23061.056</dst>
            <dst id="WASHng">64012.5226666667</dst>
        </src>
        <src id="NYCMng">
            <dst id="ATLA-M5">0</dst>
            <dst id="ATLAng">22436.952</dst>
            <dst id="CHINng">883.104</dst>
            <dst id="DNVRng">0</dst>
            <dst id="HSTNng">12123.4586666667</dst>
            <dst id="IPLSng">120.482666666667</dst>
            <dst id="KSCYng">120.210666666667</dst>
            <dst id="LOSAng">193.930666666667</dst>
            <dst id="NYCMng">386189.92</dst>
            <dst id="SNVAng">26.6666666666667</dst>
            <dst id="STTLng">609.653333333333</dst>
            <dst id="WASHng">111143.106666667</dst>
        </src>
        <src id="SNVAng">
            <dst id="ATLA-M5">0</dst>
            <dst id="ATLAng">879.256</dst>
            <dst id="CHINng">32</dst>
            <dst id="DNVRng">9487.872</dst>
            <dst id="HSTNng">2440.38666666667</dst>
            <dst id="IPLSng">0</dst>
            <dst id="KSCYng">141.282666666667</dst>
            <dst id="LOSAng">33795.5893333333</dst>
            <dst id="NYCMng">5982.90933333333</dst>
            <dst id="SNVAng">18069.0293333333</dst>
            <dst id="STTLng">56288.144</dst>
            <dst id="WASHng">248.261333333333</dst>
        </src>
        <src id="STTLng">
            <dst id="ATLA-M5">0</dst>
            <dst id="ATLAng">6779.95466666667</dst>
            <dst id="CHINng">876.549333333333</dst>
            <dst id="DNVRng">4102.09333333333</dst>
            <dst id="HSTNng">19638.1866666667</dst>
            <dst id="IPLSng">235.696</dst>
            <dst id="KSCYng">1937.94933333333</dst>
            <dst id="LOSAng">13510.8</dst>
            <dst id="NYCMng">43554.1546666667</dst>
            <dst id="SNVAng">6620.86133333333</dst>
            <dst id="STTLng">7241.30666666667</dst>
            <dst id="WASHng">32732.4826666667</dst>
        </src>
        <src id="WASHng">
            <dst id="ATLA-M5">0</dst>
            <dst id="ATLAng">114578.013333333</dst>
            <dst id="CHINng">839.008</dst>
            <dst id="DNVRng">0</dst>
            <dst id="HSTNng">77964.6053333333</dst>
            <dst id="IPLSng">26.6666666666667</dst>
            <dst id="KSCYng">80</dst>
            <dst id="LOSAng">53.3333333333333</dst>
            <dst id="NYCMng">487348.613333333</dst>
            <dst id="SNVAng">0</dst>
            <dst id="STTLng">26.6666666666667</dst>
            <dst id="WASHng">292457.36</dst>
        </src>
    </IntraTM>
</TrafficMatrixFile>
