<?xml version="1.0" encoding="ISO-8859-1" standalone="yes"?>
<TrafficMatrixFile xsi:noNamespaceSchemaLocation="http://totem.run.montefiore.ulg.ac.be/Schema/TrafficMatrix-v1_2.xsd" xmlns:xsi="http://www.w3.org/2001/XMLSchema-instance">
    <IntraTM ASID="11537">
        <src id="ATLA-M5">
            <dst id="ATLA-M5">0</dst>
            <dst id="ATLAng">80</dst>
            <dst id="CHINng">588.210666666667</dst>
            <dst id="DNVRng">0</dst>
            <dst id="HSTNng">730.056</dst>
            <dst id="IPLSng">2332.96</dst>
            <dst id="KSCYng">285.496</dst>
            <dst id="LOSAng">0</dst>
            <dst id="NYCMng">871.426666666667</dst>
            <dst id="SNVAng">0</dst>
            <dst id="STTLng">0</dst>
            <dst id="WASHng">766.488</dst>
        </src>
        <src id="ATLAng">
            <dst id="ATLA-M5">0</dst>
            <dst id="ATLAng">40790.0373333333</dst>
            <dst id="CHINng">22851.3466666667</dst>
            <dst id="DNVRng">69.4746666666667</dst>
            <dst id="HSTNng">34557.216</dst>
            <dst id="IPLSng">40979.0666666667</dst>
            <dst id="KSCYng">4836.096</dst>
            <dst id="LOSAng">85.5493333333334</dst>
            <dst id="NYCMng">22157.968</dst>
            <dst id="SNVAng">26.6666666666667</dst>
            <dst id="STTLng">505.773333333333</dst>
            <dst id="WASHng">62787.48</dst>
        </src>
        <src id="CHINng">
            <dst id="ATLA-M5">0</dst>
            <dst id="ATLAng">28367.9413333333</dst>
            <dst id="CHINng">124016.858666667</dst>
            <dst id="DNVRng">18960.984</dst>
            <dst id="HSTNng">121982.88</dst>
            <dst id="IPLSng">68873.2133333333</dst>
            <dst id="KSCYng">18095.896</dst>
            <dst id="LOSAng">441.261333333333</dst>
            <dst id="NYCMng">37639.3546666667</dst>
            <dst id="SNVAng">0</dst>
            <dst id="STTLng">1147.48266666667</dst>
            <dst id="WASHng">42534.5386666667</dst>
        </src>
        <src id="DNVRng">
            <dst id="ATLA-M5">0</dst>
            <dst id="ATLAng">9232.344</dst>
            <dst id="CHINng">67438.8373333333</dst>
            <dst id="DNVRng">13712.8746666667</dst>
            <dst id="HSTNng">77472.9493333334</dst>
            <dst id="IPLSng">28326.016</dst>
            <dst id="KSCYng">16827.3493333333</dst>
            <dst id="LOSAng">36.192</dst>
            <dst id="NYCMng">30280.8373333333</dst>
            <dst id="SNVAng">12397.5546666667</dst>
            <dst id="STTLng">113.613333333333</dst>
            <dst id="WASHng">35309.104</dst>
        </src>
        <src id="HSTNng">
            <dst id="ATLA-M5">0</dst>
            <dst id="ATLAng">41956.4106666667</dst>
            <dst id="CHINng">2225.20266666667</dst>
            <dst id="DNVRng">26.6666666666667</dst>
            <dst id="HSTNng">171129.328</dst>
            <dst id="IPLSng">106.666666666667</dst>
            <dst id="KSCYng">0</dst>
            <dst id="LOSAng">0</dst>
            <dst id="NYCMng">8769.36533333333</dst>
            <dst id="SNVAng">0</dst>
            <dst id="STTLng">80</dst>
            <dst id="WASHng">102428.2</dst>
        </src>
        <src id="IPLSng">
            <dst id="ATLA-M5">0</dst>
            <dst id="ATLAng">19528.6933333333</dst>
            <dst id="CHINng">174381.842666667</dst>
            <dst id="DNVRng">11263.1733333333</dst>
            <dst id="HSTNng">127720.629333333</dst>
            <dst id="IPLSng">45528.552</dst>
            <dst id="KSCYng">20237.8666666667</dst>
            <dst id="LOSAng">361.378666666667</dst>
            <dst id="NYCMng">71892.4426666667</dst>
            <dst id="SNVAng">381.672</dst>
            <dst id="STTLng">262.045333333333</dst>
            <dst id="WASHng">29806.9173333333</dst>
        </src>
        <src id="KSCYng">
            <dst id="ATLA-M5">0</dst>
            <dst id="ATLAng">10758.3493333333</dst>
            <dst id="CHINng">33640.7546666667</dst>
            <dst id="DNVRng">8657.55466666667</dst>
            <dst id="HSTNng">24958.656</dst>
            <dst id="IPLSng">15413.536</dst>
            <dst id="KSCYng">7270.66666666667</dst>
            <dst id="LOSAng">226.549333333333</dst>
            <dst id="NYCMng">12344.128</dst>
            <dst id="SNVAng">0</dst>
            <dst id="STTLng">285.682666666667</dst>
            <dst id="WASHng">15292.136</dst>
        </src>
        <src id="LOSAng">
            <dst id="ATLA-M5">0</dst>
            <dst id="ATLAng">33795.2266666667</dst>
            <dst id="CHINng">11419.528</dst>
            <dst id="DNVRng">11110.568</dst>
            <dst id="HSTNng">177412.874666667</dst>
            <dst id="IPLSng">143.064</dst>
            <dst id="KSCYng">80.9706666666667</dst>
            <dst id="LOSAng">65389.1146666667</dst>
            <dst id="NYCMng">64404.4133333333</dst>
            <dst id="SNVAng">8890.43466666667</dst>
            <dst id="STTLng">26484.6373333333</dst>
            <dst id="WASHng">94981.2746666667</dst>
        </src>
        <src id="NYCMng">
            <dst id="ATLA-M5">0</dst>
            <dst id="ATLAng">32187.7306666667</dst>
            <dst id="CHINng">94746.2906666666</dst>
            <dst id="DNVRng">39264.848</dst>
            <dst id="HSTNng">150240.237333333</dst>
            <dst id="IPLSng">73271.1493333333</dst>
            <dst id="KSCYng">22480.5253333333</dst>
            <dst id="LOSAng">260.381333333333</dst>
            <dst id="NYCMng">269243.92</dst>
            <dst id="SNVAng">0</dst>
            <dst id="STTLng">6559.76</dst>
            <dst id="WASHng">128526.290666667</dst>
        </src>
        <src id="SNVAng">
            <dst id="ATLA-M5">0</dst>
            <dst id="ATLAng">1568.93066666667</dst>
            <dst id="CHINng">759.722666666667</dst>
            <dst id="DNVRng">1494.488</dst>
            <dst id="HSTNng">17876.3626666667</dst>
            <dst id="IPLSng">0</dst>
            <dst id="KSCYng">552.965333333333</dst>
            <dst id="LOSAng">34307.6346666667</dst>
            <dst id="NYCMng">5614.28</dst>
            <dst id="SNVAng">13888.552</dst>
            <dst id="STTLng">44992.3333333333</dst>
            <dst id="WASHng">1088.43733333333</dst>
        </src>
        <src id="STTLng">
            <dst id="ATLA-M5">0</dst>
            <dst id="ATLAng">17906.5093333333</dst>
            <dst id="CHINng">23121.0426666667</dst>
            <dst id="DNVRng">7971.24</dst>
            <dst id="HSTNng">47481.1253333333</dst>
            <dst id="IPLSng">289.354666666667</dst>
            <dst id="KSCYng">5539.61066666666</dst>
            <dst id="LOSAng">29616.648</dst>
            <dst id="NYCMng">18495.104</dst>
            <dst id="SNVAng">5330.77333333333</dst>
            <dst id="STTLng">5254.18133333333</dst>
            <dst id="WASHng">28991.8026666667</dst>
        </src>
        <src id="WASHng">
            <dst id="ATLA-M5">0</dst>
            <dst id="ATLAng">130429.314666667</dst>
            <dst id="CHINng">85891.3946666667</dst>
            <dst id="DNVRng">4801.50933333333</dst>
            <dst id="HSTNng">302909.52</dst>
            <dst id="IPLSng">112080.12</dst>
            <dst id="KSCYng">23717.8106666667</dst>
            <dst id="LOSAng">144.482666666667</dst>
            <dst id="NYCMng">173127.064</dst>
            <dst id="SNVAng">236.794666666667</dst>
            <dst id="STTLng">5280.264</dst>
            <dst id="WASHng">328751.04</dst>
        </src>
    </IntraTM>
</TrafficMatrixFile>
