<?xml version="1.0" encoding="ISO-8859-1" standalone="yes"?>
<TrafficMatrixFile xsi:noNamespaceSchemaLocation="http://totem.run.montefiore.ulg.ac.be/Schema/TrafficMatrix-v1_2.xsd" xmlns:xsi="http://www.w3.org/2001/XMLSchema-instance">
    <IntraTM ASID="11537">
        <src id="ATLA-M5">
            <dst id="ATLA-M5">109.706666666667</dst>
            <dst id="ATLAng">970.162666666667</dst>
            <dst id="CHINng">1886.05866666667</dst>
            <dst id="DNVRng">0</dst>
            <dst id="HSTNng">1468.72</dst>
            <dst id="IPLSng">302.805333333333</dst>
            <dst id="KSCYng">373.301333333333</dst>
            <dst id="LOSAng">26.6666666666667</dst>
            <dst id="NYCMng">1220.02933333333</dst>
            <dst id="SNVAng">89.3333333333333</dst>
            <dst id="STTLng">0</dst>
            <dst id="WASHng">3109.52266666667</dst>
        </src>
        <src id="ATLAng">
            <dst id="ATLA-M5">0</dst>
            <dst id="ATLAng">42690.904</dst>
            <dst id="CHINng">46505.712</dst>
            <dst id="DNVRng">86.584</dst>
            <dst id="HSTNng">73608.6106666667</dst>
            <dst id="IPLSng">110793.202666667</dst>
            <dst id="KSCYng">7002.56</dst>
            <dst id="LOSAng">46.76</dst>
            <dst id="NYCMng">29048.7893333333</dst>
            <dst id="SNVAng">853.645333333333</dst>
            <dst id="STTLng">216.632</dst>
            <dst id="WASHng">90602.8106666666</dst>
        </src>
        <src id="CHINng">
            <dst id="ATLA-M5">0</dst>
            <dst id="ATLAng">29676.376</dst>
            <dst id="CHINng">133358.658666667</dst>
            <dst id="DNVRng">27871.8346666667</dst>
            <dst id="HSTNng">114697.522666667</dst>
            <dst id="IPLSng">93402.9066666667</dst>
            <dst id="KSCYng">21969.8053333333</dst>
            <dst id="LOSAng">263.605333333333</dst>
            <dst id="NYCMng">42757.2213333333</dst>
            <dst id="SNVAng">117.429333333333</dst>
            <dst id="STTLng">915.168</dst>
            <dst id="WASHng">54084.192</dst>
        </src>
        <src id="DNVRng">
            <dst id="ATLA-M5">0</dst>
            <dst id="ATLAng">27633.3466666667</dst>
            <dst id="CHINng">81639.2693333333</dst>
            <dst id="DNVRng">9752.02933333333</dst>
            <dst id="HSTNng">60716.5013333333</dst>
            <dst id="IPLSng">49313.808</dst>
            <dst id="KSCYng">28980.1546666667</dst>
            <dst id="LOSAng">53.3333333333333</dst>
            <dst id="NYCMng">26494.6213333333</dst>
            <dst id="SNVAng">19501.8586666667</dst>
            <dst id="STTLng">298.4</dst>
            <dst id="WASHng">54544.4693333333</dst>
        </src>
        <src id="HSTNng">
            <dst id="ATLA-M5">0</dst>
            <dst id="ATLAng">48648.408</dst>
            <dst id="CHINng">4268.576</dst>
            <dst id="DNVRng">106.666666666667</dst>
            <dst id="HSTNng">202127.784</dst>
            <dst id="IPLSng">54.1893333333333</dst>
            <dst id="KSCYng">0</dst>
            <dst id="LOSAng">26.6666666666667</dst>
            <dst id="NYCMng">9923.02933333333</dst>
            <dst id="SNVAng">174.082666666667</dst>
            <dst id="STTLng">53.3333333333333</dst>
            <dst id="WASHng">154790.074666667</dst>
        </src>
        <src id="IPLSng">
            <dst id="ATLA-M5">0</dst>
            <dst id="ATLAng">86974.2666666667</dst>
            <dst id="CHINng">140992.024</dst>
            <dst id="DNVRng">29694.664</dst>
            <dst id="HSTNng">78913.7706666667</dst>
            <dst id="IPLSng">52967.664</dst>
            <dst id="KSCYng">34440.312</dst>
            <dst id="LOSAng">285.048</dst>
            <dst id="NYCMng">65681.5786666667</dst>
            <dst id="SNVAng">5224.36</dst>
            <dst id="STTLng">345.397333333333</dst>
            <dst id="WASHng">55063.9066666667</dst>
        </src>
        <src id="KSCYng">
            <dst id="ATLA-M5">0</dst>
            <dst id="ATLAng">6521.264</dst>
            <dst id="CHINng">39338.0986666667</dst>
            <dst id="DNVRng">24400.3226666667</dst>
            <dst id="HSTNng">17872.488</dst>
            <dst id="IPLSng">26736.1226666667</dst>
            <dst id="KSCYng">7934.896</dst>
            <dst id="LOSAng">0</dst>
            <dst id="NYCMng">19283.9306666667</dst>
            <dst id="SNVAng">80</dst>
            <dst id="STTLng">240</dst>
            <dst id="WASHng">13537.3306666667</dst>
        </src>
        <src id="LOSAng">
            <dst id="ATLA-M5">0</dst>
            <dst id="ATLAng">34181.024</dst>
            <dst id="CHINng">6722.60266666667</dst>
            <dst id="DNVRng">16474.0133333333</dst>
            <dst id="HSTNng">190548.264</dst>
            <dst id="IPLSng">1598.83733333333</dst>
            <dst id="KSCYng">4336.10933333333</dst>
            <dst id="LOSAng">13878.9466666667</dst>
            <dst id="NYCMng">69998.8133333333</dst>
            <dst id="SNVAng">13476.0373333333</dst>
            <dst id="STTLng">25564.192</dst>
            <dst id="WASHng">139332.946666667</dst>
        </src>
        <src id="NYCMng">
            <dst id="ATLA-M5">0</dst>
            <dst id="ATLAng">71529.4053333333</dst>
            <dst id="CHINng">105416.992</dst>
            <dst id="DNVRng">45906.928</dst>
            <dst id="HSTNng">162026.130666667</dst>
            <dst id="IPLSng">99772</dst>
            <dst id="KSCYng">28715.8986666667</dst>
            <dst id="LOSAng">250.101333333333</dst>
            <dst id="NYCMng">254470.434666667</dst>
            <dst id="SNVAng">155.194666666667</dst>
            <dst id="STTLng">2012.68266666667</dst>
            <dst id="WASHng">221468.021333333</dst>
        </src>
        <src id="SNVAng">
            <dst id="ATLA-M5">0</dst>
            <dst id="ATLAng">3643.51466666667</dst>
            <dst id="CHINng">296</dst>
            <dst id="DNVRng">13432.3306666667</dst>
            <dst id="HSTNng">11334.3306666667</dst>
            <dst id="IPLSng">26.6666666666667</dst>
            <dst id="KSCYng">2129.29866666667</dst>
            <dst id="LOSAng">38016.8426666667</dst>
            <dst id="NYCMng">10689.3866666667</dst>
            <dst id="SNVAng">14831.1093333333</dst>
            <dst id="STTLng">51205.6213333333</dst>
            <dst id="WASHng">1390.00533333333</dst>
        </src>
        <src id="STTLng">
            <dst id="ATLA-M5">0</dst>
            <dst id="ATLAng">18863.3173333333</dst>
            <dst id="CHINng">24250.0746666667</dst>
            <dst id="DNVRng">11905.952</dst>
            <dst id="HSTNng">61813.0613333333</dst>
            <dst id="IPLSng">831.76</dst>
            <dst id="KSCYng">7787.144</dst>
            <dst id="LOSAng">31368.0373333333</dst>
            <dst id="NYCMng">22960.8613333333</dst>
            <dst id="SNVAng">13403.3813333333</dst>
            <dst id="STTLng">3004.22933333333</dst>
            <dst id="WASHng">41556.2533333333</dst>
        </src>
        <src id="WASHng">
            <dst id="ATLA-M5">0</dst>
            <dst id="ATLAng">123737.442666667</dst>
            <dst id="CHINng">116959.685333333</dst>
            <dst id="DNVRng">5552.89866666667</dst>
            <dst id="HSTNng">408778.266666667</dst>
            <dst id="IPLSng">74583.5146666667</dst>
            <dst id="KSCYng">29312.536</dst>
            <dst id="LOSAng">193.581333333333</dst>
            <dst id="NYCMng">224518.821333333</dst>
            <dst id="SNVAng">514.333333333333</dst>
            <dst id="STTLng">5268.83733333333</dst>
            <dst id="WASHng">334128.586666667</dst>
        </src>
    </IntraTM>
</TrafficMatrixFile>
