<?xml version="1.0" encoding="ISO-8859-1" standalone="yes"?>
<TrafficMatrixFile xsi:noNamespaceSchemaLocation="http://totem.run.montefiore.ulg.ac.be/Schema/TrafficMatrix-v1_2.xsd" xmlns:xsi="http://www.w3.org/2001/XMLSchema-instance">
    <IntraTM ASID="11537">
        <src id="ATLA-M5">
            <dst id="ATLA-M5">1797.66666666667</dst>
            <dst id="ATLAng">181.013333333333</dst>
            <dst id="CHINng">2147.74133333333</dst>
            <dst id="DNVRng">0</dst>
            <dst id="HSTNng">306.597333333333</dst>
            <dst id="IPLSng">472.386666666667</dst>
            <dst id="KSCYng">0</dst>
            <dst id="LOSAng">0</dst>
            <dst id="NYCMng">542.282666666667</dst>
            <dst id="SNVAng">0</dst>
            <dst id="STTLng">0</dst>
            <dst id="WASHng">1546.79466666667</dst>
        </src>
        <src id="ATLAng">
            <dst id="ATLA-M5">0</dst>
            <dst id="ATLAng">29384.3146666667</dst>
            <dst id="CHINng">16179.7813333333</dst>
            <dst id="DNVRng">0</dst>
            <dst id="HSTNng">2894.78133333333</dst>
            <dst id="IPLSng">26369.0026666667</dst>
            <dst id="KSCYng">0</dst>
            <dst id="LOSAng">53.3333333333333</dst>
            <dst id="NYCMng">38384.296</dst>
            <dst id="SNVAng">0</dst>
            <dst id="STTLng">26.6666666666667</dst>
            <dst id="WASHng">35724.3706666667</dst>
        </src>
        <src id="CHINng">
            <dst id="ATLA-M5">0</dst>
            <dst id="ATLAng">17426.776</dst>
            <dst id="CHINng">21395.76</dst>
            <dst id="DNVRng">0</dst>
            <dst id="HSTNng">11998.9066666667</dst>
            <dst id="IPLSng">43365.8453333333</dst>
            <dst id="KSCYng">53.3333333333333</dst>
            <dst id="LOSAng">185.104</dst>
            <dst id="NYCMng">164495.608</dst>
            <dst id="SNVAng">0</dst>
            <dst id="STTLng">1278.112</dst>
            <dst id="WASHng">23270.0933333333</dst>
        </src>
        <src id="DNVRng">
            <dst id="ATLA-M5">0</dst>
            <dst id="ATLAng">5761.152</dst>
            <dst id="CHINng">28710.7493333333</dst>
            <dst id="DNVRng">10173.4133333333</dst>
            <dst id="HSTNng">26919.6426666667</dst>
            <dst id="IPLSng">30217.8826666667</dst>
            <dst id="KSCYng">12682.3013333333</dst>
            <dst id="LOSAng">0</dst>
            <dst id="NYCMng">33478.0213333333</dst>
            <dst id="SNVAng">9617.34666666667</dst>
            <dst id="STTLng">2301.78133333333</dst>
            <dst id="WASHng">38918.8773333333</dst>
        </src>
        <src id="HSTNng">
            <dst id="ATLA-M5">0</dst>
            <dst id="ATLAng">24695.096</dst>
            <dst id="CHINng">1323.94666666667</dst>
            <dst id="DNVRng">0</dst>
            <dst id="HSTNng">90230.4106666667</dst>
            <dst id="IPLSng">0</dst>
            <dst id="KSCYng">0</dst>
            <dst id="LOSAng">0</dst>
            <dst id="NYCMng">5318.70933333333</dst>
            <dst id="SNVAng">26.6666666666667</dst>
            <dst id="STTLng">0</dst>
            <dst id="WASHng">106098.850666667</dst>
        </src>
        <src id="IPLSng">
            <dst id="ATLA-M5">0</dst>
            <dst id="ATLAng">33187.9173333333</dst>
            <dst id="CHINng">72531.6426666667</dst>
            <dst id="DNVRng">0</dst>
            <dst id="HSTNng">10573.4693333333</dst>
            <dst id="IPLSng">48268.664</dst>
            <dst id="KSCYng">16657.0986666667</dst>
            <dst id="LOSAng">53.3333333333333</dst>
            <dst id="NYCMng">113388.474666667</dst>
            <dst id="SNVAng">26.6666666666667</dst>
            <dst id="STTLng">26.6666666666667</dst>
            <dst id="WASHng">34952.8053333333</dst>
        </src>
        <src id="KSCYng">
            <dst id="ATLA-M5">0</dst>
            <dst id="ATLAng">6769.064</dst>
            <dst id="CHINng">17639.824</dst>
            <dst id="DNVRng">7321.73866666667</dst>
            <dst id="HSTNng">14944.4026666667</dst>
            <dst id="IPLSng">8685.73866666667</dst>
            <dst id="KSCYng">7589.06933333333</dst>
            <dst id="LOSAng">0</dst>
            <dst id="NYCMng">19983.192</dst>
            <dst id="SNVAng">0</dst>
            <dst id="STTLng">0</dst>
            <dst id="WASHng">8165.448</dst>
        </src>
        <src id="LOSAng">
            <dst id="ATLA-M5">0</dst>
            <dst id="ATLAng">22643.016</dst>
            <dst id="CHINng">2244.776</dst>
            <dst id="DNVRng">8418.73333333333</dst>
            <dst id="HSTNng">84262.8026666667</dst>
            <dst id="IPLSng">700.458666666667</dst>
            <dst id="KSCYng">80.4</dst>
            <dst id="LOSAng">22480.256</dst>
            <dst id="NYCMng">73436.2853333333</dst>
            <dst id="SNVAng">10260.184</dst>
            <dst id="STTLng">19968.3866666667</dst>
            <dst id="WASHng">91727.8986666667</dst>
        </src>
        <src id="NYCMng">
            <dst id="ATLA-M5">0</dst>
            <dst id="ATLAng">23543.848</dst>
            <dst id="CHINng">1698.92266666667</dst>
            <dst id="DNVRng">0</dst>
            <dst id="HSTNng">12560.408</dst>
            <dst id="IPLSng">133.333333333333</dst>
            <dst id="KSCYng">138.106666666667</dst>
            <dst id="LOSAng">253.661333333333</dst>
            <dst id="NYCMng">386336.666666667</dst>
            <dst id="SNVAng">210.549333333333</dst>
            <dst id="STTLng">674.346666666667</dst>
            <dst id="WASHng">98257.5226666667</dst>
        </src>
        <src id="SNVAng">
            <dst id="ATLA-M5">0</dst>
            <dst id="ATLAng">1086.56</dst>
            <dst id="CHINng">26.6666666666667</dst>
            <dst id="DNVRng">10494.2186666667</dst>
            <dst id="HSTNng">2475.45333333333</dst>
            <dst id="IPLSng">0</dst>
            <dst id="KSCYng">169.928</dst>
            <dst id="LOSAng">31937.0506666667</dst>
            <dst id="NYCMng">14262.0853333333</dst>
            <dst id="SNVAng">15110.88</dst>
            <dst id="STTLng">51476.528</dst>
            <dst id="WASHng">252.685333333333</dst>
        </src>
        <src id="STTLng">
            <dst id="ATLA-M5">0</dst>
            <dst id="ATLAng">6665.73066666667</dst>
            <dst id="CHINng">690.349333333334</dst>
            <dst id="DNVRng">3996.90666666667</dst>
            <dst id="HSTNng">18393.0933333333</dst>
            <dst id="IPLSng">220.488</dst>
            <dst id="KSCYng">3344.21066666667</dst>
            <dst id="LOSAng">13986.08</dst>
            <dst id="NYCMng">44623.12</dst>
            <dst id="SNVAng">4562.15733333333</dst>
            <dst id="STTLng">4081.056</dst>
            <dst id="WASHng">31676.2853333333</dst>
        </src>
        <src id="WASHng">
            <dst id="ATLA-M5">0</dst>
            <dst id="ATLAng">136724.237333333</dst>
            <dst id="CHINng">849.365333333333</dst>
            <dst id="DNVRng">0</dst>
            <dst id="HSTNng">73590.1146666667</dst>
            <dst id="IPLSng">177.312</dst>
            <dst id="KSCYng">80</dst>
            <dst id="LOSAng">0</dst>
            <dst id="NYCMng">443832.373333333</dst>
            <dst id="SNVAng">60.2106666666667</dst>
            <dst id="STTLng">76.304</dst>
            <dst id="WASHng">267575.28</dst>
        </src>
    </IntraTM>
</TrafficMatrixFile>
