<?xml version="1.0" encoding="ISO-8859-1" standalone="yes"?>
<TrafficMatrixFile xsi:noNamespaceSchemaLocation="http://totem.run.montefiore.ulg.ac.be/Schema/TrafficMatrix-v1_2.xsd" xmlns:xsi="http://www.w3.org/2001/XMLSchema-instance">
    <IntraTM ASID="11537">
        <src id="ATLA-M5">
            <dst id="ATLA-M5">0</dst>
            <dst id="ATLAng">41.368</dst>
            <dst id="CHINng">951.098666666667</dst>
            <dst id="DNVRng">0</dst>
            <dst id="HSTNng">0</dst>
            <dst id="IPLSng">450.968</dst>
            <dst id="KSCYng">0</dst>
            <dst id="LOSAng">0</dst>
            <dst id="NYCMng">1248.07466666667</dst>
            <dst id="SNVAng">0</dst>
            <dst id="STTLng">0</dst>
            <dst id="WASHng">3366.128</dst>
        </src>
        <src id="ATLAng">
            <dst id="ATLA-M5">0</dst>
            <dst id="ATLAng">26604.464</dst>
            <dst id="CHINng">16919.344</dst>
            <dst id="DNVRng">0</dst>
            <dst id="HSTNng">1391.84</dst>
            <dst id="IPLSng">29825.096</dst>
            <dst id="KSCYng">0</dst>
            <dst id="LOSAng">0</dst>
            <dst id="NYCMng">42028.2853333333</dst>
            <dst id="SNVAng">0</dst>
            <dst id="STTLng">0</dst>
            <dst id="WASHng">40078.5013333333</dst>
        </src>
        <src id="CHINng">
            <dst id="ATLA-M5">0</dst>
            <dst id="ATLAng">18438.4</dst>
            <dst id="CHINng">21115.7546666667</dst>
            <dst id="DNVRng">0</dst>
            <dst id="HSTNng">11514.7066666667</dst>
            <dst id="IPLSng">21426.92</dst>
            <dst id="KSCYng">0</dst>
            <dst id="LOSAng">106.666666666667</dst>
            <dst id="NYCMng">178197.026666667</dst>
            <dst id="SNVAng">26.6666666666667</dst>
            <dst id="STTLng">1801.33333333333</dst>
            <dst id="WASHng">21623.4053333333</dst>
        </src>
        <src id="DNVRng">
            <dst id="ATLA-M5">0</dst>
            <dst id="ATLAng">8203.12266666667</dst>
            <dst id="CHINng">25747.864</dst>
            <dst id="DNVRng">9355.704</dst>
            <dst id="HSTNng">26799.1013333333</dst>
            <dst id="IPLSng">27468.9333333333</dst>
            <dst id="KSCYng">17302.0666666667</dst>
            <dst id="LOSAng">0</dst>
            <dst id="NYCMng">34409.2453333333</dst>
            <dst id="SNVAng">10307.9226666667</dst>
            <dst id="STTLng">2183.91466666667</dst>
            <dst id="WASHng">36573.2853333333</dst>
        </src>
        <src id="HSTNng">
            <dst id="ATLA-M5">0</dst>
            <dst id="ATLAng">20070.7893333333</dst>
            <dst id="CHINng">502.146666666667</dst>
            <dst id="DNVRng">0</dst>
            <dst id="HSTNng">78745.208</dst>
            <dst id="IPLSng">0</dst>
            <dst id="KSCYng">0</dst>
            <dst id="LOSAng">0</dst>
            <dst id="NYCMng">3312.96</dst>
            <dst id="SNVAng">0</dst>
            <dst id="STTLng">0</dst>
            <dst id="WASHng">102201.661333333</dst>
        </src>
        <src id="IPLSng">
            <dst id="ATLA-M5">0</dst>
            <dst id="ATLAng">25647.7066666667</dst>
            <dst id="CHINng">53926.6773333333</dst>
            <dst id="DNVRng">0</dst>
            <dst id="HSTNng">10892.6506666667</dst>
            <dst id="IPLSng">24750.7973333333</dst>
            <dst id="KSCYng">17924.416</dst>
            <dst id="LOSAng">189.365333333333</dst>
            <dst id="NYCMng">122407.829333333</dst>
            <dst id="SNVAng">53.3333333333333</dst>
            <dst id="STTLng">56.88</dst>
            <dst id="WASHng">17110.616</dst>
        </src>
        <src id="KSCYng">
            <dst id="ATLA-M5">0</dst>
            <dst id="ATLAng">3934.288</dst>
            <dst id="CHINng">12245.656</dst>
            <dst id="DNVRng">7075.41066666667</dst>
            <dst id="HSTNng">13403.6613333333</dst>
            <dst id="IPLSng">8421.99733333333</dst>
            <dst id="KSCYng">4072.192</dst>
            <dst id="LOSAng">0</dst>
            <dst id="NYCMng">25537.9653333333</dst>
            <dst id="SNVAng">26.6666666666667</dst>
            <dst id="STTLng">0</dst>
            <dst id="WASHng">8151.62933333333</dst>
        </src>
        <src id="LOSAng">
            <dst id="ATLA-M5">0</dst>
            <dst id="ATLAng">15889.4506666667</dst>
            <dst id="CHINng">1281.28266666667</dst>
            <dst id="DNVRng">7278.31466666667</dst>
            <dst id="HSTNng">72241.5706666667</dst>
            <dst id="IPLSng">703.501333333333</dst>
            <dst id="KSCYng">53.3333333333333</dst>
            <dst id="LOSAng">15176.0826666667</dst>
            <dst id="NYCMng">63803.064</dst>
            <dst id="SNVAng">9642.33866666667</dst>
            <dst id="STTLng">16031.5226666667</dst>
            <dst id="WASHng">93186.0133333333</dst>
        </src>
        <src id="NYCMng">
            <dst id="ATLA-M5">0</dst>
            <dst id="ATLAng">25052.9146666667</dst>
            <dst id="CHINng">1251.608</dst>
            <dst id="DNVRng">0</dst>
            <dst id="HSTNng">10554.408</dst>
            <dst id="IPLSng">128.338666666667</dst>
            <dst id="KSCYng">0</dst>
            <dst id="LOSAng">26.6666666666667</dst>
            <dst id="NYCMng">308069.253333333</dst>
            <dst id="SNVAng">0</dst>
            <dst id="STTLng">615.733333333333</dst>
            <dst id="WASHng">73140.9706666667</dst>
        </src>
        <src id="SNVAng">
            <dst id="ATLA-M5">0</dst>
            <dst id="ATLAng">544.357333333333</dst>
            <dst id="CHINng">26.6666666666667</dst>
            <dst id="DNVRng">4144.03466666667</dst>
            <dst id="HSTNng">3283.74666666667</dst>
            <dst id="IPLSng">282.005333333333</dst>
            <dst id="KSCYng">675.874666666667</dst>
            <dst id="LOSAng">38478.568</dst>
            <dst id="NYCMng">3990.58133333333</dst>
            <dst id="SNVAng">14594.296</dst>
            <dst id="STTLng">47642.6293333333</dst>
            <dst id="WASHng">126.557333333333</dst>
        </src>
        <src id="STTLng">
            <dst id="ATLA-M5">0</dst>
            <dst id="ATLAng">7396.17066666667</dst>
            <dst id="CHINng">2715.064</dst>
            <dst id="DNVRng">4601.224</dst>
            <dst id="HSTNng">15744.664</dst>
            <dst id="IPLSng">214.616</dst>
            <dst id="KSCYng">2960.664</dst>
            <dst id="LOSAng">19418.9386666667</dst>
            <dst id="NYCMng">69898.272</dst>
            <dst id="SNVAng">3966.712</dst>
            <dst id="STTLng">4663.10933333333</dst>
            <dst id="WASHng">34910.7786666667</dst>
        </src>
        <src id="WASHng">
            <dst id="ATLA-M5">0</dst>
            <dst id="ATLAng">86219.608</dst>
            <dst id="CHINng">650.448</dst>
            <dst id="DNVRng">0</dst>
            <dst id="HSTNng">66265.5893333333</dst>
            <dst id="IPLSng">167.274666666667</dst>
            <dst id="KSCYng">68.992</dst>
            <dst id="LOSAng">100.117333333333</dst>
            <dst id="NYCMng">449149.706666667</dst>
            <dst id="SNVAng">82.7733333333333</dst>
            <dst id="STTLng">80</dst>
            <dst id="WASHng">339683.44</dst>
        </src>
    </IntraTM>
</TrafficMatrixFile>
