<?xml version="1.0" encoding="ISO-8859-1" standalone="yes"?>
<TrafficMatrixFile xsi:noNamespaceSchemaLocation="http://totem.run.montefiore.ulg.ac.be/Schema/TrafficMatrix-v1_2.xsd" xmlns:xsi="http://www.w3.org/2001/XMLSchema-instance">
    <IntraTM ASID="11537">
        <src id="ATLA-M5">
            <dst id="ATLA-M5">152.322666666667</dst>
            <dst id="ATLAng">961.445333333333</dst>
            <dst id="CHINng">569.168</dst>
            <dst id="DNVRng">0</dst>
            <dst id="HSTNng">1277.528</dst>
            <dst id="IPLSng">318.994666666667</dst>
            <dst id="KSCYng">554.648</dst>
            <dst id="LOSAng">0</dst>
            <dst id="NYCMng">489.906666666667</dst>
            <dst id="SNVAng">0</dst>
            <dst id="STTLng">0</dst>
            <dst id="WASHng">5799.288</dst>
        </src>
        <src id="ATLAng">
            <dst id="ATLA-M5">0</dst>
            <dst id="ATLAng">37806.9253333333</dst>
            <dst id="CHINng">34118.632</dst>
            <dst id="DNVRng">197.256</dst>
            <dst id="HSTNng">50429.6106666667</dst>
            <dst id="IPLSng">47352.3653333333</dst>
            <dst id="KSCYng">7091.57866666667</dst>
            <dst id="LOSAng">26.6666666666667</dst>
            <dst id="NYCMng">20465.888</dst>
            <dst id="SNVAng">531.733333333333</dst>
            <dst id="STTLng">107.08</dst>
            <dst id="WASHng">109367.973333333</dst>
        </src>
        <src id="CHINng">
            <dst id="ATLA-M5">0</dst>
            <dst id="ATLAng">41884.816</dst>
            <dst id="CHINng">135121.488</dst>
            <dst id="DNVRng">29214.312</dst>
            <dst id="HSTNng">77116.264</dst>
            <dst id="IPLSng">76094.352</dst>
            <dst id="KSCYng">18095.88</dst>
            <dst id="LOSAng">106.666666666667</dst>
            <dst id="NYCMng">26276.28</dst>
            <dst id="SNVAng">255.141333333333</dst>
            <dst id="STTLng">682.856</dst>
            <dst id="WASHng">55406.04</dst>
        </src>
        <src id="DNVRng">
            <dst id="ATLA-M5">0</dst>
            <dst id="ATLAng">15795.704</dst>
            <dst id="CHINng">65635.7546666667</dst>
            <dst id="DNVRng">11831.6693333333</dst>
            <dst id="HSTNng">54101.8426666667</dst>
            <dst id="IPLSng">32120.2506666667</dst>
            <dst id="KSCYng">18007.2106666667</dst>
            <dst id="LOSAng">55.9893333333333</dst>
            <dst id="NYCMng">29219.4533333333</dst>
            <dst id="SNVAng">19247.8826666667</dst>
            <dst id="STTLng">233.610666666667</dst>
            <dst id="WASHng">54741.736</dst>
        </src>
        <src id="HSTNng">
            <dst id="ATLA-M5">0</dst>
            <dst id="ATLAng">33145.7093333333</dst>
            <dst id="CHINng">3009.64</dst>
            <dst id="DNVRng">163.666666666667</dst>
            <dst id="HSTNng">165420.333333333</dst>
            <dst id="IPLSng">107.506666666667</dst>
            <dst id="KSCYng">26.6666666666667</dst>
            <dst id="LOSAng">0</dst>
            <dst id="NYCMng">7529.28266666667</dst>
            <dst id="SNVAng">160</dst>
            <dst id="STTLng">80</dst>
            <dst id="WASHng">114977.234666667</dst>
        </src>
        <src id="IPLSng">
            <dst id="ATLA-M5">0</dst>
            <dst id="ATLAng">24628.7946666667</dst>
            <dst id="CHINng">188876.733333333</dst>
            <dst id="DNVRng">16765.8826666667</dst>
            <dst id="HSTNng">41725.6133333333</dst>
            <dst id="IPLSng">58181.3786666667</dst>
            <dst id="KSCYng">40040.6586666667</dst>
            <dst id="LOSAng">26.6666666666667</dst>
            <dst id="NYCMng">44208.8506666667</dst>
            <dst id="SNVAng">1635.10666666667</dst>
            <dst id="STTLng">1011.85066666667</dst>
            <dst id="WASHng">44477.3066666667</dst>
        </src>
        <src id="KSCYng">
            <dst id="ATLA-M5">0</dst>
            <dst id="ATLAng">7358.25333333333</dst>
            <dst id="CHINng">39521.4106666667</dst>
            <dst id="DNVRng">18745.416</dst>
            <dst id="HSTNng">17618.632</dst>
            <dst id="IPLSng">17749.6613333333</dst>
            <dst id="KSCYng">11025.1653333333</dst>
            <dst id="LOSAng">0</dst>
            <dst id="NYCMng">7917.632</dst>
            <dst id="SNVAng">177.178666666667</dst>
            <dst id="STTLng">147.68</dst>
            <dst id="WASHng">14152.2746666667</dst>
        </src>
        <src id="LOSAng">
            <dst id="ATLA-M5">0</dst>
            <dst id="ATLAng">23824.592</dst>
            <dst id="CHINng">8764.816</dst>
            <dst id="DNVRng">14973.376</dst>
            <dst id="HSTNng">188321.725333333</dst>
            <dst id="IPLSng">1915.304</dst>
            <dst id="KSCYng">1621.30933333333</dst>
            <dst id="LOSAng">12927.36</dst>
            <dst id="NYCMng">51652.416</dst>
            <dst id="SNVAng">14026.7253333333</dst>
            <dst id="STTLng">23900.488</dst>
            <dst id="WASHng">103142.413333333</dst>
        </src>
        <src id="NYCMng">
            <dst id="ATLA-M5">0</dst>
            <dst id="ATLAng">66274.5013333333</dst>
            <dst id="CHINng">83418.6</dst>
            <dst id="DNVRng">34903.8133333333</dst>
            <dst id="HSTNng">105299.058666667</dst>
            <dst id="IPLSng">82653.096</dst>
            <dst id="KSCYng">21961.704</dst>
            <dst id="LOSAng">89.1386666666667</dst>
            <dst id="NYCMng">253701.016</dst>
            <dst id="SNVAng">421.290666666667</dst>
            <dst id="STTLng">2001.81866666667</dst>
            <dst id="WASHng">141296.085333333</dst>
        </src>
        <src id="SNVAng">
            <dst id="ATLA-M5">0</dst>
            <dst id="ATLAng">1741.64</dst>
            <dst id="CHINng">373.472</dst>
            <dst id="DNVRng">6643.57066666667</dst>
            <dst id="HSTNng">8017.97866666667</dst>
            <dst id="IPLSng">94.9386666666667</dst>
            <dst id="KSCYng">1375.45066666667</dst>
            <dst id="LOSAng">36288.4</dst>
            <dst id="NYCMng">5943.30666666667</dst>
            <dst id="SNVAng">16988.1466666667</dst>
            <dst id="STTLng">49496.7493333333</dst>
            <dst id="WASHng">2552.128</dst>
        </src>
        <src id="STTLng">
            <dst id="ATLA-M5">0</dst>
            <dst id="ATLAng">15539.4053333333</dst>
            <dst id="CHINng">23639.7093333333</dst>
            <dst id="DNVRng">6818.968</dst>
            <dst id="HSTNng">62315.8266666667</dst>
            <dst id="IPLSng">1588.14933333333</dst>
            <dst id="KSCYng">6580.74133333333</dst>
            <dst id="LOSAng">25719.9786666667</dst>
            <dst id="NYCMng">12870.64</dst>
            <dst id="SNVAng">7338.61866666667</dst>
            <dst id="STTLng">2782.23466666667</dst>
            <dst id="WASHng">39436.3573333333</dst>
        </src>
        <src id="WASHng">
            <dst id="ATLA-M5">0</dst>
            <dst id="ATLAng">185420.192</dst>
            <dst id="CHINng">123599.906666667</dst>
            <dst id="DNVRng">3179.96266666667</dst>
            <dst id="HSTNng">302167.573333333</dst>
            <dst id="IPLSng">81064.0506666667</dst>
            <dst id="KSCYng">19084.424</dst>
            <dst id="LOSAng">80</dst>
            <dst id="NYCMng">165186.474666667</dst>
            <dst id="SNVAng">1089.06133333333</dst>
            <dst id="STTLng">3804.76</dst>
            <dst id="WASHng">500467.12</dst>
        </src>
    </IntraTM>
</TrafficMatrixFile>
