<?xml version="1.0" encoding="ISO-8859-1" standalone="yes"?>
<TrafficMatrixFile xsi:noNamespaceSchemaLocation="http://totem.run.montefiore.ulg.ac.be/Schema/TrafficMatrix-v1_2.xsd" xmlns:xsi="http://www.w3.org/2001/XMLSchema-instance">
    <IntraTM ASID="11537">
        <src id="ATLA-M5">
            <dst id="ATLA-M5">0</dst>
            <dst id="ATLAng">197.144</dst>
            <dst id="CHINng">1330.64</dst>
            <dst id="DNVRng">0</dst>
            <dst id="HSTNng">376.197333333333</dst>
            <dst id="IPLSng">1319.22666666667</dst>
            <dst id="KSCYng">0</dst>
            <dst id="LOSAng">0</dst>
            <dst id="NYCMng">2193.15733333333</dst>
            <dst id="SNVAng">0</dst>
            <dst id="STTLng">0</dst>
            <dst id="WASHng">860.08</dst>
        </src>
        <src id="ATLAng">
            <dst id="ATLA-M5">0</dst>
            <dst id="ATLAng">21823.008</dst>
            <dst id="CHINng">47737.4746666667</dst>
            <dst id="DNVRng">0</dst>
            <dst id="HSTNng">3254.81866666667</dst>
            <dst id="IPLSng">31218.0026666667</dst>
            <dst id="KSCYng">80</dst>
            <dst id="LOSAng">0</dst>
            <dst id="NYCMng">50805.7733333333</dst>
            <dst id="SNVAng">26.6666666666667</dst>
            <dst id="STTLng">26.6666666666667</dst>
            <dst id="WASHng">40518.16</dst>
        </src>
        <src id="CHINng">
            <dst id="ATLA-M5">0</dst>
            <dst id="ATLAng">38295.9253333333</dst>
            <dst id="CHINng">33172.736</dst>
            <dst id="DNVRng">0</dst>
            <dst id="HSTNng">23389.5066666667</dst>
            <dst id="IPLSng">54066.4613333333</dst>
            <dst id="KSCYng">53.3333333333333</dst>
            <dst id="LOSAng">55.488</dst>
            <dst id="NYCMng">222708.797333333</dst>
            <dst id="SNVAng">0</dst>
            <dst id="STTLng">1062.04266666667</dst>
            <dst id="WASHng">37758.2213333333</dst>
        </src>
        <src id="DNVRng">
            <dst id="ATLA-M5">0</dst>
            <dst id="ATLAng">7477.17066666667</dst>
            <dst id="CHINng">35256.9573333333</dst>
            <dst id="DNVRng">15992.7066666667</dst>
            <dst id="HSTNng">41117.6746666667</dst>
            <dst id="IPLSng">28010.2746666667</dst>
            <dst id="KSCYng">18767.1093333333</dst>
            <dst id="LOSAng">0</dst>
            <dst id="NYCMng">37529.664</dst>
            <dst id="SNVAng">10638.0773333333</dst>
            <dst id="STTLng">4026.53333333333</dst>
            <dst id="WASHng">37780.7546666667</dst>
        </src>
        <src id="HSTNng">
            <dst id="ATLA-M5">0</dst>
            <dst id="ATLAng">27350.664</dst>
            <dst id="CHINng">1565.53066666667</dst>
            <dst id="DNVRng">0</dst>
            <dst id="HSTNng">150107.136</dst>
            <dst id="IPLSng">0</dst>
            <dst id="KSCYng">0</dst>
            <dst id="LOSAng">0</dst>
            <dst id="NYCMng">5877.928</dst>
            <dst id="SNVAng">0</dst>
            <dst id="STTLng">26.6666666666667</dst>
            <dst id="WASHng">119037.184</dst>
        </src>
        <src id="IPLSng">
            <dst id="ATLA-M5">0</dst>
            <dst id="ATLAng">25737.712</dst>
            <dst id="CHINng">134932.314666667</dst>
            <dst id="DNVRng">0</dst>
            <dst id="HSTNng">11116.9786666667</dst>
            <dst id="IPLSng">31685.0213333333</dst>
            <dst id="KSCYng">22356.872</dst>
            <dst id="LOSAng">0</dst>
            <dst id="NYCMng">239989.706666667</dst>
            <dst id="SNVAng">57.8826666666667</dst>
            <dst id="STTLng">26.6666666666667</dst>
            <dst id="WASHng">26699.272</dst>
        </src>
        <src id="KSCYng">
            <dst id="ATLA-M5">0</dst>
            <dst id="ATLAng">5479.66133333333</dst>
            <dst id="CHINng">17143.5786666667</dst>
            <dst id="DNVRng">6634.64533333333</dst>
            <dst id="HSTNng">18378.7813333333</dst>
            <dst id="IPLSng">14412.752</dst>
            <dst id="KSCYng">8522.95466666667</dst>
            <dst id="LOSAng">26.6666666666667</dst>
            <dst id="NYCMng">14522.5173333333</dst>
            <dst id="SNVAng">0</dst>
            <dst id="STTLng">0</dst>
            <dst id="WASHng">10119.9733333333</dst>
        </src>
        <src id="LOSAng">
            <dst id="ATLA-M5">0</dst>
            <dst id="ATLAng">22039.024</dst>
            <dst id="CHINng">2836.776</dst>
            <dst id="DNVRng">26817.68</dst>
            <dst id="HSTNng">133025.834666667</dst>
            <dst id="IPLSng">251.330666666667</dst>
            <dst id="KSCYng">127.128</dst>
            <dst id="LOSAng">22619.032</dst>
            <dst id="NYCMng">59984.2906666667</dst>
            <dst id="SNVAng">10047.6346666667</dst>
            <dst id="STTLng">24521.5893333333</dst>
            <dst id="WASHng">98293.8186666667</dst>
        </src>
        <src id="NYCMng">
            <dst id="ATLA-M5">0</dst>
            <dst id="ATLAng">39915.0773333333</dst>
            <dst id="CHINng">607.557333333333</dst>
            <dst id="DNVRng">0</dst>
            <dst id="HSTNng">23892.1466666667</dst>
            <dst id="IPLSng">26.6666666666667</dst>
            <dst id="KSCYng">201.333333333333</dst>
            <dst id="LOSAng">124.104</dst>
            <dst id="NYCMng">521301.253333333</dst>
            <dst id="SNVAng">53.3333333333333</dst>
            <dst id="STTLng">80</dst>
            <dst id="WASHng">102604.882666667</dst>
        </src>
        <src id="SNVAng">
            <dst id="ATLA-M5">0</dst>
            <dst id="ATLAng">957.789333333333</dst>
            <dst id="CHINng">107.149333333333</dst>
            <dst id="DNVRng">2389.54666666667</dst>
            <dst id="HSTNng">11784.5786666667</dst>
            <dst id="IPLSng">0</dst>
            <dst id="KSCYng">561.842666666667</dst>
            <dst id="LOSAng">36817.384</dst>
            <dst id="NYCMng">5144.21866666667</dst>
            <dst id="SNVAng">14809.9066666667</dst>
            <dst id="STTLng">56932.5813333333</dst>
            <dst id="WASHng">818.186666666667</dst>
        </src>
        <src id="STTLng">
            <dst id="ATLA-M5">0</dst>
            <dst id="ATLAng">9838.72</dst>
            <dst id="CHINng">910.506666666667</dst>
            <dst id="DNVRng">8617.81866666667</dst>
            <dst id="HSTNng">19506.8853333333</dst>
            <dst id="IPLSng">130.490666666667</dst>
            <dst id="KSCYng">3981.12533333333</dst>
            <dst id="LOSAng">20802.7813333333</dst>
            <dst id="NYCMng">47660.1253333333</dst>
            <dst id="SNVAng">6202.98933333333</dst>
            <dst id="STTLng">8480.18933333333</dst>
            <dst id="WASHng">33760.4666666667</dst>
        </src>
        <src id="WASHng">
            <dst id="ATLA-M5">0</dst>
            <dst id="ATLAng">145191.56</dst>
            <dst id="CHINng">8275.512</dst>
            <dst id="DNVRng">0</dst>
            <dst id="HSTNng">75110.9466666667</dst>
            <dst id="IPLSng">173.533333333333</dst>
            <dst id="KSCYng">5693.33333333333</dst>
            <dst id="LOSAng">117.354666666667</dst>
            <dst id="NYCMng">571993.44</dst>
            <dst id="SNVAng">30.7786666666667</dst>
            <dst id="STTLng">356.050666666667</dst>
            <dst id="WASHng">273096.533333333</dst>
        </src>
    </IntraTM>
</TrafficMatrixFile>
