<?xml version="1.0" encoding="ISO-8859-1" standalone="yes"?>
<TrafficMatrixFile xsi:noNamespaceSchemaLocation="http://totem.run.montefiore.ulg.ac.be/Schema/TrafficMatrix-v1_2.xsd" xmlns:xsi="http://www.w3.org/2001/XMLSchema-instance">
    <IntraTM ASID="11537">
        <src id="ATLA-M5">
            <dst id="ATLA-M5">53.3333333333333</dst>
            <dst id="ATLAng">952.437333333333</dst>
            <dst id="CHINng">308.026666666667</dst>
            <dst id="DNVRng">0</dst>
            <dst id="HSTNng">507.368</dst>
            <dst id="IPLSng">237.285333333333</dst>
            <dst id="KSCYng">26.6666666666667</dst>
            <dst id="LOSAng">0</dst>
            <dst id="NYCMng">354.906666666667</dst>
            <dst id="SNVAng">0</dst>
            <dst id="STTLng">0</dst>
            <dst id="WASHng">1530.81866666667</dst>
        </src>
        <src id="ATLAng">
            <dst id="ATLA-M5">0</dst>
            <dst id="ATLAng">29179.3973333333</dst>
            <dst id="CHINng">17465.6506666667</dst>
            <dst id="DNVRng">142.933333333333</dst>
            <dst id="HSTNng">34881.8746666667</dst>
            <dst id="IPLSng">37124.84</dst>
            <dst id="KSCYng">3980.51466666667</dst>
            <dst id="LOSAng">53.3333333333333</dst>
            <dst id="NYCMng">21673.304</dst>
            <dst id="SNVAng">150.578666666667</dst>
            <dst id="STTLng">1313.12533333333</dst>
            <dst id="WASHng">85128.3253333333</dst>
        </src>
        <src id="CHINng">
            <dst id="ATLA-M5">0</dst>
            <dst id="ATLAng">22544.2933333333</dst>
            <dst id="CHINng">151884.632</dst>
            <dst id="DNVRng">16399.8906666667</dst>
            <dst id="HSTNng">75515.24</dst>
            <dst id="IPLSng">37885.6106666667</dst>
            <dst id="KSCYng">22104.904</dst>
            <dst id="LOSAng">278.010666666667</dst>
            <dst id="NYCMng">28076.128</dst>
            <dst id="SNVAng">0</dst>
            <dst id="STTLng">2153.24</dst>
            <dst id="WASHng">29865.1093333333</dst>
        </src>
        <src id="DNVRng">
            <dst id="ATLA-M5">0</dst>
            <dst id="ATLAng">7523.79733333333</dst>
            <dst id="CHINng">74666.2426666667</dst>
            <dst id="DNVRng">12131.9866666667</dst>
            <dst id="HSTNng">35297.72</dst>
            <dst id="IPLSng">23980.6826666667</dst>
            <dst id="KSCYng">19924.416</dst>
            <dst id="LOSAng">0</dst>
            <dst id="NYCMng">20225.6506666667</dst>
            <dst id="SNVAng">12184.4293333333</dst>
            <dst id="STTLng">106.666666666667</dst>
            <dst id="WASHng">59182.4106666667</dst>
        </src>
        <src id="HSTNng">
            <dst id="ATLA-M5">0</dst>
            <dst id="ATLAng">33111.144</dst>
            <dst id="CHINng">2781.42666666667</dst>
            <dst id="DNVRng">26.6666666666667</dst>
            <dst id="HSTNng">126011.917333333</dst>
            <dst id="IPLSng">53.3333333333333</dst>
            <dst id="KSCYng">0</dst>
            <dst id="LOSAng">0</dst>
            <dst id="NYCMng">3808.33066666667</dst>
            <dst id="SNVAng">0</dst>
            <dst id="STTLng">26.6666666666667</dst>
            <dst id="WASHng">113984.917333333</dst>
        </src>
        <src id="IPLSng">
            <dst id="ATLA-M5">0</dst>
            <dst id="ATLAng">15088.0773333333</dst>
            <dst id="CHINng">139710.813333333</dst>
            <dst id="DNVRng">14781.76</dst>
            <dst id="HSTNng">80200.6933333333</dst>
            <dst id="IPLSng">34565.1546666667</dst>
            <dst id="KSCYng">19609.0453333333</dst>
            <dst id="LOSAng">0</dst>
            <dst id="NYCMng">49320.0986666667</dst>
            <dst id="SNVAng">236.861333333333</dst>
            <dst id="STTLng">810.784</dst>
            <dst id="WASHng">22725.5733333333</dst>
        </src>
        <src id="KSCYng">
            <dst id="ATLA-M5">0</dst>
            <dst id="ATLAng">8606.77333333333</dst>
            <dst id="CHINng">31125.8933333333</dst>
            <dst id="DNVRng">7346.392</dst>
            <dst id="HSTNng">10539.312</dst>
            <dst id="IPLSng">9060.44266666667</dst>
            <dst id="KSCYng">8485.65066666667</dst>
            <dst id="LOSAng">26.6666666666667</dst>
            <dst id="NYCMng">8582.552</dst>
            <dst id="SNVAng">56.4346666666667</dst>
            <dst id="STTLng">102.645333333333</dst>
            <dst id="WASHng">14496.784</dst>
        </src>
        <src id="LOSAng">
            <dst id="ATLA-M5">0</dst>
            <dst id="ATLAng">28208.5146666667</dst>
            <dst id="CHINng">14664.9253333333</dst>
            <dst id="DNVRng">6280.21866666667</dst>
            <dst id="HSTNng">175368.717333333</dst>
            <dst id="IPLSng">2155.29066666667</dst>
            <dst id="KSCYng">377.016</dst>
            <dst id="LOSAng">30352.0906666667</dst>
            <dst id="NYCMng">54700.0906666667</dst>
            <dst id="SNVAng">12668.0373333333</dst>
            <dst id="STTLng">16030.616</dst>
            <dst id="WASHng">104010.16</dst>
        </src>
        <src id="NYCMng">
            <dst id="ATLA-M5">0</dst>
            <dst id="ATLAng">59634.2613333333</dst>
            <dst id="CHINng">73127.632</dst>
            <dst id="DNVRng">32671.336</dst>
            <dst id="HSTNng">94494.3413333333</dst>
            <dst id="IPLSng">43895.88</dst>
            <dst id="KSCYng">14262.9733333333</dst>
            <dst id="LOSAng">147.786666666667</dst>
            <dst id="NYCMng">215260.037333333</dst>
            <dst id="SNVAng">53.3333333333333</dst>
            <dst id="STTLng">2728.76533333333</dst>
            <dst id="WASHng">98932.7253333333</dst>
        </src>
        <src id="SNVAng">
            <dst id="ATLA-M5">0</dst>
            <dst id="ATLAng">516.056</dst>
            <dst id="CHINng">321.749333333333</dst>
            <dst id="DNVRng">10172.8986666667</dst>
            <dst id="HSTNng">4295.568</dst>
            <dst id="IPLSng">26.6666666666667</dst>
            <dst id="KSCYng">232.186666666667</dst>
            <dst id="LOSAng">34141.8346666667</dst>
            <dst id="NYCMng">4931.464</dst>
            <dst id="SNVAng">15681.72</dst>
            <dst id="STTLng">49475.4586666667</dst>
            <dst id="WASHng">391.616</dst>
        </src>
        <src id="STTLng">
            <dst id="ATLA-M5">0</dst>
            <dst id="ATLAng">13488.9706666667</dst>
            <dst id="CHINng">27080.3253333333</dst>
            <dst id="DNVRng">5297.01866666667</dst>
            <dst id="HSTNng">58848.6533333333</dst>
            <dst id="IPLSng">666.290666666667</dst>
            <dst id="KSCYng">2741.69333333333</dst>
            <dst id="LOSAng">19935.552</dst>
            <dst id="NYCMng">12888.984</dst>
            <dst id="SNVAng">6436.58666666667</dst>
            <dst id="STTLng">5344.464</dst>
            <dst id="WASHng">32402.112</dst>
        </src>
        <src id="WASHng">
            <dst id="ATLA-M5">0</dst>
            <dst id="ATLAng">139868.610666667</dst>
            <dst id="CHINng">74783.2506666667</dst>
            <dst id="DNVRng">4198.52533333333</dst>
            <dst id="HSTNng">291028.826666667</dst>
            <dst id="IPLSng">67458.192</dst>
            <dst id="KSCYng">8806.76533333333</dst>
            <dst id="LOSAng">0</dst>
            <dst id="NYCMng">232316.106666667</dst>
            <dst id="SNVAng">414.832</dst>
            <dst id="STTLng">3505.864</dst>
            <dst id="WASHng">398145.706666667</dst>
        </src>
    </IntraTM>
</TrafficMatrixFile>
