<?xml version="1.0" encoding="ISO-8859-1" standalone="yes"?>
<TrafficMatrixFile xsi:noNamespaceSchemaLocation="http://totem.run.montefiore.ulg.ac.be/Schema/TrafficMatrix-v1_2.xsd" xmlns:xsi="http://www.w3.org/2001/XMLSchema-instance">
    <IntraTM ASID="11537">
        <src id="ATLA-M5">
            <dst id="ATLA-M5">26.6666666666667</dst>
            <dst id="ATLAng">375.458666666667</dst>
            <dst id="CHINng">869.997333333333</dst>
            <dst id="DNVRng">0</dst>
            <dst id="HSTNng">467.946666666667</dst>
            <dst id="IPLSng">239.021333333333</dst>
            <dst id="KSCYng">0</dst>
            <dst id="LOSAng">0</dst>
            <dst id="NYCMng">819.682666666666</dst>
            <dst id="SNVAng">0</dst>
            <dst id="STTLng">0</dst>
            <dst id="WASHng">1540.632</dst>
        </src>
        <src id="ATLAng">
            <dst id="ATLA-M5">0</dst>
            <dst id="ATLAng">25971.32</dst>
            <dst id="CHINng">25365.464</dst>
            <dst id="DNVRng">0</dst>
            <dst id="HSTNng">2335.74666666667</dst>
            <dst id="IPLSng">26439.2986666667</dst>
            <dst id="KSCYng">0</dst>
            <dst id="LOSAng">26.6666666666667</dst>
            <dst id="NYCMng">39133.2453333333</dst>
            <dst id="SNVAng">43.592</dst>
            <dst id="STTLng">0</dst>
            <dst id="WASHng">36343.0106666667</dst>
        </src>
        <src id="CHINng">
            <dst id="ATLA-M5">0</dst>
            <dst id="ATLAng">23039.848</dst>
            <dst id="CHINng">24833.376</dst>
            <dst id="DNVRng">0</dst>
            <dst id="HSTNng">11094.5706666667</dst>
            <dst id="IPLSng">41761.4826666667</dst>
            <dst id="KSCYng">0</dst>
            <dst id="LOSAng">34.368</dst>
            <dst id="NYCMng">198283.112</dst>
            <dst id="SNVAng">0</dst>
            <dst id="STTLng">2296.33066666667</dst>
            <dst id="WASHng">31157.4453333333</dst>
        </src>
        <src id="DNVRng">
            <dst id="ATLA-M5">0</dst>
            <dst id="ATLAng">6249.44533333333</dst>
            <dst id="CHINng">27357.4213333333</dst>
            <dst id="DNVRng">4849.8</dst>
            <dst id="HSTNng">21640.0106666667</dst>
            <dst id="IPLSng">28575.8746666667</dst>
            <dst id="KSCYng">10803.7653333333</dst>
            <dst id="LOSAng">0</dst>
            <dst id="NYCMng">34446.1733333333</dst>
            <dst id="SNVAng">7779.61066666666</dst>
            <dst id="STTLng">2268.53333333333</dst>
            <dst id="WASHng">44690.4266666667</dst>
        </src>
        <src id="HSTNng">
            <dst id="ATLA-M5">0</dst>
            <dst id="ATLAng">15230.0933333333</dst>
            <dst id="CHINng">448.994666666667</dst>
            <dst id="DNVRng">26.6666666666667</dst>
            <dst id="HSTNng">200690.808</dst>
            <dst id="IPLSng">26.6666666666667</dst>
            <dst id="KSCYng">26.6666666666667</dst>
            <dst id="LOSAng">26.6666666666667</dst>
            <dst id="NYCMng">2587.768</dst>
            <dst id="SNVAng">0</dst>
            <dst id="STTLng">0</dst>
            <dst id="WASHng">103874.957333333</dst>
        </src>
        <src id="IPLSng">
            <dst id="ATLA-M5">0</dst>
            <dst id="ATLAng">14619.0533333333</dst>
            <dst id="CHINng">87915.72</dst>
            <dst id="DNVRng">0</dst>
            <dst id="HSTNng">9784.50933333333</dst>
            <dst id="IPLSng">14933.9893333333</dst>
            <dst id="KSCYng">24935.9306666667</dst>
            <dst id="LOSAng">26.6666666666667</dst>
            <dst id="NYCMng">186134.64</dst>
            <dst id="SNVAng">0</dst>
            <dst id="STTLng">26.6666666666667</dst>
            <dst id="WASHng">17139.2613333333</dst>
        </src>
        <src id="KSCYng">
            <dst id="ATLA-M5">0</dst>
            <dst id="ATLAng">5968.312</dst>
            <dst id="CHINng">21137.8506666667</dst>
            <dst id="DNVRng">8719.43466666667</dst>
            <dst id="HSTNng">18993.1866666667</dst>
            <dst id="IPLSng">11313.2693333333</dst>
            <dst id="KSCYng">6629.18666666667</dst>
            <dst id="LOSAng">0</dst>
            <dst id="NYCMng">19334.92</dst>
            <dst id="SNVAng">26.6666666666667</dst>
            <dst id="STTLng">0</dst>
            <dst id="WASHng">16183.2586666667</dst>
        </src>
        <src id="LOSAng">
            <dst id="ATLA-M5">0</dst>
            <dst id="ATLAng">13531.4133333333</dst>
            <dst id="CHINng">5562.19466666667</dst>
            <dst id="DNVRng">8619.34133333334</dst>
            <dst id="HSTNng">166142.696</dst>
            <dst id="IPLSng">1220.83733333333</dst>
            <dst id="KSCYng">133.333333333333</dst>
            <dst id="LOSAng">12737.9626666667</dst>
            <dst id="NYCMng">53935.0826666667</dst>
            <dst id="SNVAng">8364.94666666667</dst>
            <dst id="STTLng">20685.88</dst>
            <dst id="WASHng">90925.3306666667</dst>
        </src>
        <src id="NYCMng">
            <dst id="ATLA-M5">0</dst>
            <dst id="ATLAng">27691.4506666667</dst>
            <dst id="CHINng">1327.98133333333</dst>
            <dst id="DNVRng">0</dst>
            <dst id="HSTNng">9986.51733333333</dst>
            <dst id="IPLSng">80</dst>
            <dst id="KSCYng">53.3333333333333</dst>
            <dst id="LOSAng">101.186666666667</dst>
            <dst id="NYCMng">387720.266666667</dst>
            <dst id="SNVAng">0</dst>
            <dst id="STTLng">110.426666666667</dst>
            <dst id="WASHng">75258.5306666667</dst>
        </src>
        <src id="SNVAng">
            <dst id="ATLA-M5">0</dst>
            <dst id="ATLAng">659.112</dst>
            <dst id="CHINng">0</dst>
            <dst id="DNVRng">3935.45333333333</dst>
            <dst id="HSTNng">4546.53066666667</dst>
            <dst id="IPLSng">144.384</dst>
            <dst id="KSCYng">328.618666666667</dst>
            <dst id="LOSAng">35518.392</dst>
            <dst id="NYCMng">7125.27733333333</dst>
            <dst id="SNVAng">15662.056</dst>
            <dst id="STTLng">57957.1093333333</dst>
            <dst id="WASHng">538.906666666667</dst>
        </src>
        <src id="STTLng">
            <dst id="ATLA-M5">0</dst>
            <dst id="ATLAng">6273.47733333333</dst>
            <dst id="CHINng">563.184</dst>
            <dst id="DNVRng">4576.82933333333</dst>
            <dst id="HSTNng">15102.0426666667</dst>
            <dst id="IPLSng">213.261333333333</dst>
            <dst id="KSCYng">3349.43733333333</dst>
            <dst id="LOSAng">16259.0186666667</dst>
            <dst id="NYCMng">44043.5093333333</dst>
            <dst id="SNVAng">14753.3893333333</dst>
            <dst id="STTLng">1194.55466666667</dst>
            <dst id="WASHng">27134.4346666667</dst>
        </src>
        <src id="WASHng">
            <dst id="ATLA-M5">0</dst>
            <dst id="ATLAng">110581.554666667</dst>
            <dst id="CHINng">657.2</dst>
            <dst id="DNVRng">0</dst>
            <dst id="HSTNng">68275.824</dst>
            <dst id="IPLSng">110.274666666667</dst>
            <dst id="KSCYng">486.837333333333</dst>
            <dst id="LOSAng">121.301333333333</dst>
            <dst id="NYCMng">449491.6</dst>
            <dst id="SNVAng">53.3333333333333</dst>
            <dst id="STTLng">1937.18666666667</dst>
            <dst id="WASHng">228403.312</dst>
        </src>
    </IntraTM>
</TrafficMatrixFile>
