<?xml version="1.0" encoding="ISO-8859-1" standalone="yes"?>
<TrafficMatrixFile xsi:noNamespaceSchemaLocation="http://totem.run.montefiore.ulg.ac.be/Schema/TrafficMatrix-v1_2.xsd" xmlns:xsi="http://www.w3.org/2001/XMLSchema-instance">
    <IntraTM ASID="11537">
        <src id="ATLA-M5">
            <dst id="ATLA-M5">0</dst>
            <dst id="ATLAng">296.824</dst>
            <dst id="CHINng">982.346666666667</dst>
            <dst id="DNVRng">0</dst>
            <dst id="HSTNng">53.3333333333333</dst>
            <dst id="IPLSng">147.658666666667</dst>
            <dst id="KSCYng">0</dst>
            <dst id="LOSAng">0</dst>
            <dst id="NYCMng">2218.55466666667</dst>
            <dst id="SNVAng">0</dst>
            <dst id="STTLng">0</dst>
            <dst id="WASHng">1583.464</dst>
        </src>
        <src id="ATLAng">
            <dst id="ATLA-M5">0</dst>
            <dst id="ATLAng">25696.1866666667</dst>
            <dst id="CHINng">32534.1066666667</dst>
            <dst id="DNVRng">0</dst>
            <dst id="HSTNng">2108.48533333333</dst>
            <dst id="IPLSng">23697.0586666667</dst>
            <dst id="KSCYng">0</dst>
            <dst id="LOSAng">67.9733333333333</dst>
            <dst id="NYCMng">43425.2986666667</dst>
            <dst id="SNVAng">53.3333333333333</dst>
            <dst id="STTLng">0</dst>
            <dst id="WASHng">39919.3493333333</dst>
        </src>
        <src id="CHINng">
            <dst id="ATLA-M5">0</dst>
            <dst id="ATLAng">21146.4026666667</dst>
            <dst id="CHINng">23509.0453333333</dst>
            <dst id="DNVRng">0</dst>
            <dst id="HSTNng">11344.4906666667</dst>
            <dst id="IPLSng">38840.248</dst>
            <dst id="KSCYng">26.6666666666667</dst>
            <dst id="LOSAng">0</dst>
            <dst id="NYCMng">201064.408</dst>
            <dst id="SNVAng">26.6666666666667</dst>
            <dst id="STTLng">1105.69333333333</dst>
            <dst id="WASHng">30712.4666666667</dst>
        </src>
        <src id="DNVRng">
            <dst id="ATLA-M5">0</dst>
            <dst id="ATLAng">6274.01333333334</dst>
            <dst id="CHINng">32022.9733333333</dst>
            <dst id="DNVRng">5395.13866666667</dst>
            <dst id="HSTNng">21138.504</dst>
            <dst id="IPLSng">27225.2773333333</dst>
            <dst id="KSCYng">10921.4613333333</dst>
            <dst id="LOSAng">0</dst>
            <dst id="NYCMng">36782.448</dst>
            <dst id="SNVAng">7329.25333333333</dst>
            <dst id="STTLng">2573.43733333333</dst>
            <dst id="WASHng">44856.1893333333</dst>
        </src>
        <src id="HSTNng">
            <dst id="ATLA-M5">0</dst>
            <dst id="ATLAng">15182.1413333333</dst>
            <dst id="CHINng">967.861333333333</dst>
            <dst id="DNVRng">31.84</dst>
            <dst id="HSTNng">95325.4266666667</dst>
            <dst id="IPLSng">80</dst>
            <dst id="KSCYng">0</dst>
            <dst id="LOSAng">0</dst>
            <dst id="NYCMng">3376.008</dst>
            <dst id="SNVAng">0</dst>
            <dst id="STTLng">0</dst>
            <dst id="WASHng">114858.301333333</dst>
        </src>
        <src id="IPLSng">
            <dst id="ATLA-M5">0</dst>
            <dst id="ATLAng">15709.2906666667</dst>
            <dst id="CHINng">109452.530666667</dst>
            <dst id="DNVRng">0</dst>
            <dst id="HSTNng">8953.792</dst>
            <dst id="IPLSng">15576.376</dst>
            <dst id="KSCYng">18779.0346666667</dst>
            <dst id="LOSAng">26.6666666666667</dst>
            <dst id="NYCMng">200539.832</dst>
            <dst id="SNVAng">0</dst>
            <dst id="STTLng">26.6666666666667</dst>
            <dst id="WASHng">17135.064</dst>
        </src>
        <src id="KSCYng">
            <dst id="ATLA-M5">0</dst>
            <dst id="ATLAng">5506.26133333333</dst>
            <dst id="CHINng">20042.0266666667</dst>
            <dst id="DNVRng">7639.17066666666</dst>
            <dst id="HSTNng">17057.3733333333</dst>
            <dst id="IPLSng">14489.616</dst>
            <dst id="KSCYng">5460.832</dst>
            <dst id="LOSAng">26.6666666666667</dst>
            <dst id="NYCMng">18187.1253333333</dst>
            <dst id="SNVAng">0</dst>
            <dst id="STTLng">0</dst>
            <dst id="WASHng">13159.008</dst>
        </src>
        <src id="LOSAng">
            <dst id="ATLA-M5">0</dst>
            <dst id="ATLAng">12793.3786666667</dst>
            <dst id="CHINng">2738.68266666667</dst>
            <dst id="DNVRng">7442.77333333333</dst>
            <dst id="HSTNng">92597.8586666667</dst>
            <dst id="IPLSng">1325.70933333333</dst>
            <dst id="KSCYng">53.3333333333333</dst>
            <dst id="LOSAng">19265.3413333333</dst>
            <dst id="NYCMng">49436.0346666667</dst>
            <dst id="SNVAng">15946.4666666667</dst>
            <dst id="STTLng">23117.824</dst>
            <dst id="WASHng">95713.6106666667</dst>
        </src>
        <src id="NYCMng">
            <dst id="ATLA-M5">0</dst>
            <dst id="ATLAng">32221.68</dst>
            <dst id="CHINng">980.44</dst>
            <dst id="DNVRng">0</dst>
            <dst id="HSTNng">13811.3946666667</dst>
            <dst id="IPLSng">0</dst>
            <dst id="KSCYng">53.3333333333333</dst>
            <dst id="LOSAng">274.048</dst>
            <dst id="NYCMng">407227.333333333</dst>
            <dst id="SNVAng">53.3333333333333</dst>
            <dst id="STTLng">146.018666666667</dst>
            <dst id="WASHng">80688.4133333333</dst>
        </src>
        <src id="SNVAng">
            <dst id="ATLA-M5">0</dst>
            <dst id="ATLAng">523.690666666667</dst>
            <dst id="CHINng">0</dst>
            <dst id="DNVRng">2510.70933333333</dst>
            <dst id="HSTNng">3727.76533333333</dst>
            <dst id="IPLSng">108.002666666667</dst>
            <dst id="KSCYng">493.850666666666</dst>
            <dst id="LOSAng">36666.304</dst>
            <dst id="NYCMng">4330.80266666667</dst>
            <dst id="SNVAng">15551.384</dst>
            <dst id="STTLng">57773.0373333333</dst>
            <dst id="WASHng">395.810666666667</dst>
        </src>
        <src id="STTLng">
            <dst id="ATLA-M5">0</dst>
            <dst id="ATLAng">7383.95466666667</dst>
            <dst id="CHINng">502.069333333333</dst>
            <dst id="DNVRng">9825.51466666667</dst>
            <dst id="HSTNng">16156.6533333333</dst>
            <dst id="IPLSng">327.896</dst>
            <dst id="KSCYng">4065.98666666667</dst>
            <dst id="LOSAng">23233</dst>
            <dst id="NYCMng">44407.616</dst>
            <dst id="SNVAng">14687.0186666667</dst>
            <dst id="STTLng">1901.20533333333</dst>
            <dst id="WASHng">26719.144</dst>
        </src>
        <src id="WASHng">
            <dst id="ATLA-M5">0</dst>
            <dst id="ATLAng">85429.9653333333</dst>
            <dst id="CHINng">444.08</dst>
            <dst id="DNVRng">0</dst>
            <dst id="HSTNng">73648.7386666666</dst>
            <dst id="IPLSng">129.504</dst>
            <dst id="KSCYng">897.690666666667</dst>
            <dst id="LOSAng">91.6266666666667</dst>
            <dst id="NYCMng">501321.093333333</dst>
            <dst id="SNVAng">118.056</dst>
            <dst id="STTLng">2016</dst>
            <dst id="WASHng">262725.696</dst>
        </src>
    </IntraTM>
</TrafficMatrixFile>
