<?xml version="1.0" encoding="ISO-8859-1" standalone="yes"?>
<TrafficMatrixFile xsi:noNamespaceSchemaLocation="http://totem.run.montefiore.ulg.ac.be/Schema/TrafficMatrix-v1_2.xsd" xmlns:xsi="http://www.w3.org/2001/XMLSchema-instance">
    <IntraTM ASID="11537">
        <src id="ATLA-M5">
            <dst id="ATLA-M5">0</dst>
            <dst id="ATLAng">921.842666666667</dst>
            <dst id="CHINng">978.162666666667</dst>
            <dst id="DNVRng">0</dst>
            <dst id="HSTNng">4328.63466666667</dst>
            <dst id="IPLSng">1068.87733333333</dst>
            <dst id="KSCYng">222.274666666667</dst>
            <dst id="LOSAng">0</dst>
            <dst id="NYCMng">219.474666666667</dst>
            <dst id="SNVAng">0</dst>
            <dst id="STTLng">0</dst>
            <dst id="WASHng">1241.84266666667</dst>
        </src>
        <src id="ATLAng">
            <dst id="ATLA-M5">0</dst>
            <dst id="ATLAng">25818.5706666667</dst>
            <dst id="CHINng">23287.8293333333</dst>
            <dst id="DNVRng">108.922666666667</dst>
            <dst id="HSTNng">107689.208</dst>
            <dst id="IPLSng">39025.8693333333</dst>
            <dst id="KSCYng">4108.056</dst>
            <dst id="LOSAng">26.6666666666667</dst>
            <dst id="NYCMng">20293.0746666667</dst>
            <dst id="SNVAng">26.6666666666667</dst>
            <dst id="STTLng">244.626666666667</dst>
            <dst id="WASHng">54505.4986666667</dst>
        </src>
        <src id="CHINng">
            <dst id="ATLA-M5">0</dst>
            <dst id="ATLAng">32840.4266666667</dst>
            <dst id="CHINng">110876.485333333</dst>
            <dst id="DNVRng">22426.9653333333</dst>
            <dst id="HSTNng">138354.725333333</dst>
            <dst id="IPLSng">86103.6133333333</dst>
            <dst id="KSCYng">20638.3066666667</dst>
            <dst id="LOSAng">269.146666666667</dst>
            <dst id="NYCMng">38528.7546666667</dst>
            <dst id="SNVAng">26.6666666666667</dst>
            <dst id="STTLng">1335.83466666667</dst>
            <dst id="WASHng">37358.9893333333</dst>
        </src>
        <src id="DNVRng">
            <dst id="ATLA-M5">0</dst>
            <dst id="ATLAng">8938.728</dst>
            <dst id="CHINng">49524.1093333333</dst>
            <dst id="DNVRng">7137.104</dst>
            <dst id="HSTNng">38676.6293333333</dst>
            <dst id="IPLSng">30392.5306666667</dst>
            <dst id="KSCYng">12376.9733333333</dst>
            <dst id="LOSAng">26.6666666666667</dst>
            <dst id="NYCMng">18912</dst>
            <dst id="SNVAng">8935.912</dst>
            <dst id="STTLng">1466.99733333333</dst>
            <dst id="WASHng">45538.3946666667</dst>
        </src>
        <src id="HSTNng">
            <dst id="ATLA-M5">0</dst>
            <dst id="ATLAng">34460.2586666667</dst>
            <dst id="CHINng">1497.05066666667</dst>
            <dst id="DNVRng">53.3333333333333</dst>
            <dst id="HSTNng">164366.133333333</dst>
            <dst id="IPLSng">259.434666666667</dst>
            <dst id="KSCYng">0</dst>
            <dst id="LOSAng">136</dst>
            <dst id="NYCMng">8103.79733333333</dst>
            <dst id="SNVAng">0</dst>
            <dst id="STTLng">207.36</dst>
            <dst id="WASHng">113083.890666667</dst>
        </src>
        <src id="IPLSng">
            <dst id="ATLA-M5">0</dst>
            <dst id="ATLAng">37128.928</dst>
            <dst id="CHINng">127578.944</dst>
            <dst id="DNVRng">12036.8106666667</dst>
            <dst id="HSTNng">115244.669333333</dst>
            <dst id="IPLSng">49559.7226666667</dst>
            <dst id="KSCYng">26292.1733333333</dst>
            <dst id="LOSAng">152.402666666667</dst>
            <dst id="NYCMng">78451.52</dst>
            <dst id="SNVAng">1358.27466666667</dst>
            <dst id="STTLng">1288.97066666667</dst>
            <dst id="WASHng">32677.5066666667</dst>
        </src>
        <src id="KSCYng">
            <dst id="ATLA-M5">0</dst>
            <dst id="ATLAng">5058.696</dst>
            <dst id="CHINng">26066.16</dst>
            <dst id="DNVRng">7831.36</dst>
            <dst id="HSTNng">19094.2453333333</dst>
            <dst id="IPLSng">22107.1813333333</dst>
            <dst id="KSCYng">6221.50133333333</dst>
            <dst id="LOSAng">0</dst>
            <dst id="NYCMng">11741.7493333333</dst>
            <dst id="SNVAng">0</dst>
            <dst id="STTLng">274.325333333333</dst>
            <dst id="WASHng">18564.8986666667</dst>
        </src>
        <src id="LOSAng">
            <dst id="ATLA-M5">0</dst>
            <dst id="ATLAng">24980.9546666667</dst>
            <dst id="CHINng">4425.152</dst>
            <dst id="DNVRng">19132.6613333333</dst>
            <dst id="HSTNng">181345.624</dst>
            <dst id="IPLSng">239.602666666667</dst>
            <dst id="KSCYng">53.3333333333333</dst>
            <dst id="LOSAng">17429.76</dst>
            <dst id="NYCMng">76484.52</dst>
            <dst id="SNVAng">17038.1386666667</dst>
            <dst id="STTLng">33044.1626666667</dst>
            <dst id="WASHng">103200.285333333</dst>
        </src>
        <src id="NYCMng">
            <dst id="ATLA-M5">0</dst>
            <dst id="ATLAng">45875.0293333333</dst>
            <dst id="CHINng">93052.5546666666</dst>
            <dst id="DNVRng">44869.8906666667</dst>
            <dst id="HSTNng">158150.344</dst>
            <dst id="IPLSng">83098.32</dst>
            <dst id="KSCYng">22679.1653333333</dst>
            <dst id="LOSAng">777.285333333333</dst>
            <dst id="NYCMng">265588.994666667</dst>
            <dst id="SNVAng">53.3333333333333</dst>
            <dst id="STTLng">5161.68266666667</dst>
            <dst id="WASHng">166711.088</dst>
        </src>
        <src id="SNVAng">
            <dst id="ATLA-M5">0</dst>
            <dst id="ATLAng">1045.53333333333</dst>
            <dst id="CHINng">455.693333333333</dst>
            <dst id="DNVRng">12312.784</dst>
            <dst id="HSTNng">5763.46666666667</dst>
            <dst id="IPLSng">0</dst>
            <dst id="KSCYng">574.138666666667</dst>
            <dst id="LOSAng">37171.808</dst>
            <dst id="NYCMng">6381.384</dst>
            <dst id="SNVAng">17770.1066666667</dst>
            <dst id="STTLng">54014.544</dst>
            <dst id="WASHng">1207.04266666667</dst>
        </src>
        <src id="STTLng">
            <dst id="ATLA-M5">0</dst>
            <dst id="ATLAng">12626.9946666667</dst>
            <dst id="CHINng">23607.0293333333</dst>
            <dst id="DNVRng">6781.26133333333</dst>
            <dst id="HSTNng">39392.8106666667</dst>
            <dst id="IPLSng">263.138666666667</dst>
            <dst id="KSCYng">5839.91733333333</dst>
            <dst id="LOSAng">27991.8613333333</dst>
            <dst id="NYCMng">15699.6586666667</dst>
            <dst id="SNVAng">6700.32266666667</dst>
            <dst id="STTLng">1867.92266666667</dst>
            <dst id="WASHng">31125.5013333333</dst>
        </src>
        <src id="WASHng">
            <dst id="ATLA-M5">0</dst>
            <dst id="ATLAng">98143.5253333333</dst>
            <dst id="CHINng">87963.8</dst>
            <dst id="DNVRng">1866.352</dst>
            <dst id="HSTNng">357226.56</dst>
            <dst id="IPLSng">77993.3573333333</dst>
            <dst id="KSCYng">13692.92</dst>
            <dst id="LOSAng">281.802666666667</dst>
            <dst id="NYCMng">212204.845333333</dst>
            <dst id="SNVAng">313.170666666667</dst>
            <dst id="STTLng">3986.05866666667</dst>
            <dst id="WASHng">312079.093333333</dst>
        </src>
    </IntraTM>
</TrafficMatrixFile>
