<?xml version="1.0" encoding="ISO-8859-1" standalone="yes"?>
<TrafficMatrixFile xsi:noNamespaceSchemaLocation="http://totem.run.montefiore.ulg.ac.be/Schema/TrafficMatrix-v1_2.xsd" xmlns:xsi="http://www.w3.org/2001/XMLSchema-instance">
    <IntraTM ASID="11537">
        <src id="ATLA-M5">
            <dst id="ATLA-M5">569.608</dst>
            <dst id="ATLAng">1009.15466666667</dst>
            <dst id="CHINng">1774.32</dst>
            <dst id="DNVRng">26.6666666666667</dst>
            <dst id="HSTNng">1409.856</dst>
            <dst id="IPLSng">466.506666666667</dst>
            <dst id="KSCYng">409.741333333333</dst>
            <dst id="LOSAng">0</dst>
            <dst id="NYCMng">1451.48533333333</dst>
            <dst id="SNVAng">26.6666666666667</dst>
            <dst id="STTLng">0</dst>
            <dst id="WASHng">2889.256</dst>
        </src>
        <src id="ATLAng">
            <dst id="ATLA-M5">0</dst>
            <dst id="ATLAng">45732.5493333333</dst>
            <dst id="CHINng">53237.7173333333</dst>
            <dst id="DNVRng">218.098666666667</dst>
            <dst id="HSTNng">62038.3333333333</dst>
            <dst id="IPLSng">57795.088</dst>
            <dst id="KSCYng">6439.98133333333</dst>
            <dst id="LOSAng">72.2453333333333</dst>
            <dst id="NYCMng">21678.1946666667</dst>
            <dst id="SNVAng">137.381333333333</dst>
            <dst id="STTLng">3425.18666666667</dst>
            <dst id="WASHng">82709.56</dst>
        </src>
        <src id="CHINng">
            <dst id="ATLA-M5">0</dst>
            <dst id="ATLAng">44420.752</dst>
            <dst id="CHINng">131556.866666667</dst>
            <dst id="DNVRng">23055.376</dst>
            <dst id="HSTNng">129252.306666667</dst>
            <dst id="IPLSng">72683.888</dst>
            <dst id="KSCYng">31221.7466666667</dst>
            <dst id="LOSAng">123.197333333333</dst>
            <dst id="NYCMng">44962.112</dst>
            <dst id="SNVAng">53.3333333333333</dst>
            <dst id="STTLng">2344.44</dst>
            <dst id="WASHng">57188.8346666667</dst>
        </src>
        <src id="DNVRng">
            <dst id="ATLA-M5">0</dst>
            <dst id="ATLAng">28092.5306666667</dst>
            <dst id="CHINng">67645.7413333333</dst>
            <dst id="DNVRng">9645.87733333334</dst>
            <dst id="HSTNng">60057.936</dst>
            <dst id="IPLSng">34730.976</dst>
            <dst id="KSCYng">21636.128</dst>
            <dst id="LOSAng">80</dst>
            <dst id="NYCMng">28467.1813333333</dst>
            <dst id="SNVAng">16530.168</dst>
            <dst id="STTLng">297.877333333333</dst>
            <dst id="WASHng">55297.5413333333</dst>
        </src>
        <src id="HSTNng">
            <dst id="ATLA-M5">0</dst>
            <dst id="ATLAng">48795.6586666667</dst>
            <dst id="CHINng">4578.70133333333</dst>
            <dst id="DNVRng">91.32</dst>
            <dst id="HSTNng">277338.853333333</dst>
            <dst id="IPLSng">145.546666666667</dst>
            <dst id="KSCYng">271.824</dst>
            <dst id="LOSAng">0</dst>
            <dst id="NYCMng">10860.6746666667</dst>
            <dst id="SNVAng">80.1653333333333</dst>
            <dst id="STTLng">132.96</dst>
            <dst id="WASHng">132945.989333333</dst>
        </src>
        <src id="IPLSng">
            <dst id="ATLA-M5">0</dst>
            <dst id="ATLAng">54161.448</dst>
            <dst id="CHINng">130614.76</dst>
            <dst id="DNVRng">16573.0133333333</dst>
            <dst id="HSTNng">70052.7066666667</dst>
            <dst id="IPLSng">64322.5866666667</dst>
            <dst id="KSCYng">25044.0906666667</dst>
            <dst id="LOSAng">289.84</dst>
            <dst id="NYCMng">52057.1226666667</dst>
            <dst id="SNVAng">6354.37066666667</dst>
            <dst id="STTLng">526.021333333333</dst>
            <dst id="WASHng">43723.8746666667</dst>
        </src>
        <src id="KSCYng">
            <dst id="ATLA-M5">0</dst>
            <dst id="ATLAng">8006.06933333333</dst>
            <dst id="CHINng">38070.7786666667</dst>
            <dst id="DNVRng">39053.848</dst>
            <dst id="HSTNng">23378.3626666667</dst>
            <dst id="IPLSng">30437.1973333333</dst>
            <dst id="KSCYng">9193.624</dst>
            <dst id="LOSAng">26.6666666666667</dst>
            <dst id="NYCMng">10152.0586666667</dst>
            <dst id="SNVAng">26.6666666666667</dst>
            <dst id="STTLng">134.336</dst>
            <dst id="WASHng">13282.12</dst>
        </src>
        <src id="LOSAng">
            <dst id="ATLA-M5">0</dst>
            <dst id="ATLAng">41949.2586666667</dst>
            <dst id="CHINng">8435.93866666667</dst>
            <dst id="DNVRng">35451.7066666667</dst>
            <dst id="HSTNng">171945.125333333</dst>
            <dst id="IPLSng">1929.888</dst>
            <dst id="KSCYng">973.677333333333</dst>
            <dst id="LOSAng">15165.3546666667</dst>
            <dst id="NYCMng">70996.1653333333</dst>
            <dst id="SNVAng">14566.5333333333</dst>
            <dst id="STTLng">27283.6613333333</dst>
            <dst id="WASHng">113488.986666667</dst>
        </src>
        <src id="NYCMng">
            <dst id="ATLA-M5">0</dst>
            <dst id="ATLAng">68616.664</dst>
            <dst id="CHINng">104223.957333333</dst>
            <dst id="DNVRng">53101.376</dst>
            <dst id="HSTNng">169146.797333333</dst>
            <dst id="IPLSng">124627.288</dst>
            <dst id="KSCYng">30131.6</dst>
            <dst id="LOSAng">161.152</dst>
            <dst id="NYCMng">269218.72</dst>
            <dst id="SNVAng">140.125333333333</dst>
            <dst id="STTLng">1587.896</dst>
            <dst id="WASHng">245335.018666667</dst>
        </src>
        <src id="SNVAng">
            <dst id="ATLA-M5">0</dst>
            <dst id="ATLAng">944.386666666667</dst>
            <dst id="CHINng">2548.512</dst>
            <dst id="DNVRng">8181.60266666667</dst>
            <dst id="HSTNng">23648.5706666667</dst>
            <dst id="IPLSng">780.437333333333</dst>
            <dst id="KSCYng">4832.62933333333</dst>
            <dst id="LOSAng">38342.208</dst>
            <dst id="NYCMng">7214.74666666667</dst>
            <dst id="SNVAng">21098.8693333333</dst>
            <dst id="STTLng">54131.904</dst>
            <dst id="WASHng">3084.848</dst>
        </src>
        <src id="STTLng">
            <dst id="ATLA-M5">0</dst>
            <dst id="ATLAng">16229.064</dst>
            <dst id="CHINng">24582.7733333333</dst>
            <dst id="DNVRng">11261.8746666667</dst>
            <dst id="HSTNng">61529.3386666667</dst>
            <dst id="IPLSng">407.890666666667</dst>
            <dst id="KSCYng">11151.6293333333</dst>
            <dst id="LOSAng">33215.2106666667</dst>
            <dst id="NYCMng">21442.448</dst>
            <dst id="SNVAng">12158.968</dst>
            <dst id="STTLng">3276.15466666667</dst>
            <dst id="WASHng">40166.144</dst>
        </src>
        <src id="WASHng">
            <dst id="ATLA-M5">0</dst>
            <dst id="ATLAng">117607.752</dst>
            <dst id="CHINng">106867.210666667</dst>
            <dst id="DNVRng">5442.776</dst>
            <dst id="HSTNng">379177.546666667</dst>
            <dst id="IPLSng">98675.1866666667</dst>
            <dst id="KSCYng">31461.3573333333</dst>
            <dst id="LOSAng">365.946666666667</dst>
            <dst id="NYCMng">237056.658666667</dst>
            <dst id="SNVAng">626.712</dst>
            <dst id="STTLng">4493.37866666667</dst>
            <dst id="WASHng">322589.653333333</dst>
        </src>
    </IntraTM>
</TrafficMatrixFile>
