<?xml version="1.0" encoding="ISO-8859-1" standalone="yes"?>
<TrafficMatrixFile xsi:noNamespaceSchemaLocation="http://totem.run.montefiore.ulg.ac.be/Schema/TrafficMatrix-v1_2.xsd" xmlns:xsi="http://www.w3.org/2001/XMLSchema-instance">
    <IntraTM ASID="11537">
        <src id="ATLA-M5">
            <dst id="ATLA-M5">26.6666666666667</dst>
            <dst id="ATLAng">351.653333333333</dst>
            <dst id="CHINng">650.970666666667</dst>
            <dst id="DNVRng">0</dst>
            <dst id="HSTNng">53.3333333333333</dst>
            <dst id="IPLSng">941.338666666667</dst>
            <dst id="KSCYng">0</dst>
            <dst id="LOSAng">0</dst>
            <dst id="NYCMng">1718.93066666667</dst>
            <dst id="SNVAng">0</dst>
            <dst id="STTLng">26.6666666666667</dst>
            <dst id="WASHng">2112.20266666667</dst>
        </src>
        <src id="ATLAng">
            <dst id="ATLA-M5">0</dst>
            <dst id="ATLAng">27631.936</dst>
            <dst id="CHINng">42903.3066666667</dst>
            <dst id="DNVRng">0</dst>
            <dst id="HSTNng">12782.3626666667</dst>
            <dst id="IPLSng">32317.608</dst>
            <dst id="KSCYng">26.6666666666667</dst>
            <dst id="LOSAng">26.6666666666667</dst>
            <dst id="NYCMng">69905.336</dst>
            <dst id="SNVAng">26.6666666666667</dst>
            <dst id="STTLng">0</dst>
            <dst id="WASHng">45596.424</dst>
        </src>
        <src id="CHINng">
            <dst id="ATLA-M5">0</dst>
            <dst id="ATLAng">39616.1893333333</dst>
            <dst id="CHINng">36067.3253333333</dst>
            <dst id="DNVRng">0</dst>
            <dst id="HSTNng">28503.4613333333</dst>
            <dst id="IPLSng">79826.912</dst>
            <dst id="KSCYng">80</dst>
            <dst id="LOSAng">26.6666666666667</dst>
            <dst id="NYCMng">234203.981333333</dst>
            <dst id="SNVAng">0</dst>
            <dst id="STTLng">27.2746666666667</dst>
            <dst id="WASHng">44872.5146666667</dst>
        </src>
        <src id="DNVRng">
            <dst id="ATLA-M5">0</dst>
            <dst id="ATLAng">8552.976</dst>
            <dst id="CHINng">35172.5973333333</dst>
            <dst id="DNVRng">12110.5946666667</dst>
            <dst id="HSTNng">47671.1093333333</dst>
            <dst id="IPLSng">30654.936</dst>
            <dst id="KSCYng">18645.3626666667</dst>
            <dst id="LOSAng">26.952</dst>
            <dst id="NYCMng">31416.832</dst>
            <dst id="SNVAng">14112.888</dst>
            <dst id="STTLng">300</dst>
            <dst id="WASHng">41769.4453333333</dst>
        </src>
        <src id="HSTNng">
            <dst id="ATLA-M5">0</dst>
            <dst id="ATLAng">58910.5493333333</dst>
            <dst id="CHINng">1440.92266666667</dst>
            <dst id="DNVRng">26.6666666666667</dst>
            <dst id="HSTNng">148943.882666667</dst>
            <dst id="IPLSng">53.3333333333333</dst>
            <dst id="KSCYng">0</dst>
            <dst id="LOSAng">26.6666666666667</dst>
            <dst id="NYCMng">9381.66666666667</dst>
            <dst id="SNVAng">0</dst>
            <dst id="STTLng">0</dst>
            <dst id="WASHng">133792.605333333</dst>
        </src>
        <src id="IPLSng">
            <dst id="ATLA-M5">0</dst>
            <dst id="ATLAng">15755.1866666667</dst>
            <dst id="CHINng">116631.288</dst>
            <dst id="DNVRng">0</dst>
            <dst id="HSTNng">19857.2133333333</dst>
            <dst id="IPLSng">22385.3493333333</dst>
            <dst id="KSCYng">29246.864</dst>
            <dst id="LOSAng">61.88</dst>
            <dst id="NYCMng">157543.338666667</dst>
            <dst id="SNVAng">106.666666666667</dst>
            <dst id="STTLng">56.88</dst>
            <dst id="WASHng">29784.88</dst>
        </src>
        <src id="KSCYng">
            <dst id="ATLA-M5">0</dst>
            <dst id="ATLAng">4000.536</dst>
            <dst id="CHINng">19759.216</dst>
            <dst id="DNVRng">18640.8346666667</dst>
            <dst id="HSTNng">16755.5173333333</dst>
            <dst id="IPLSng">12728.16</dst>
            <dst id="KSCYng">12235.9173333333</dst>
            <dst id="LOSAng">26.6666666666667</dst>
            <dst id="NYCMng">26347.9573333333</dst>
            <dst id="SNVAng">26.6666666666667</dst>
            <dst id="STTLng">0</dst>
            <dst id="WASHng">14734.7973333333</dst>
        </src>
        <src id="LOSAng">
            <dst id="ATLA-M5">0</dst>
            <dst id="ATLAng">54537.4453333333</dst>
            <dst id="CHINng">5059.50666666667</dst>
            <dst id="DNVRng">23295.16</dst>
            <dst id="HSTNng">127796.616</dst>
            <dst id="IPLSng">558.314666666667</dst>
            <dst id="KSCYng">1151.07733333333</dst>
            <dst id="LOSAng">22984.2373333333</dst>
            <dst id="NYCMng">78340.5386666667</dst>
            <dst id="SNVAng">12430.8373333333</dst>
            <dst id="STTLng">21006.9786666667</dst>
            <dst id="WASHng">114342.664</dst>
        </src>
        <src id="NYCMng">
            <dst id="ATLA-M5">0</dst>
            <dst id="ATLAng">44357.136</dst>
            <dst id="CHINng">1389.96</dst>
            <dst id="DNVRng">0</dst>
            <dst id="HSTNng">18353.7253333333</dst>
            <dst id="IPLSng">149.498666666667</dst>
            <dst id="KSCYng">194.776</dst>
            <dst id="LOSAng">53.3333333333333</dst>
            <dst id="NYCMng">921286.426666667</dst>
            <dst id="SNVAng">26.6666666666667</dst>
            <dst id="STTLng">139.856</dst>
            <dst id="WASHng">320223.2</dst>
        </src>
        <src id="SNVAng">
            <dst id="ATLA-M5">0</dst>
            <dst id="ATLAng">1045.96533333333</dst>
            <dst id="CHINng">26.6666666666667</dst>
            <dst id="DNVRng">3735.05333333333</dst>
            <dst id="HSTNng">4633.768</dst>
            <dst id="IPLSng">0</dst>
            <dst id="KSCYng">434.341333333333</dst>
            <dst id="LOSAng">43689.872</dst>
            <dst id="NYCMng">6645.24533333333</dst>
            <dst id="SNVAng">16651.0026666667</dst>
            <dst id="STTLng">55804.928</dst>
            <dst id="WASHng">1214.75466666667</dst>
        </src>
        <src id="STTLng">
            <dst id="ATLA-M5">0</dst>
            <dst id="ATLAng">12070.7733333333</dst>
            <dst id="CHINng">2426.29866666667</dst>
            <dst id="DNVRng">10031.9573333333</dst>
            <dst id="HSTNng">31055.016</dst>
            <dst id="IPLSng">214.410666666667</dst>
            <dst id="KSCYng">4416.504</dst>
            <dst id="LOSAng">32180.9546666667</dst>
            <dst id="NYCMng">51494.3306666667</dst>
            <dst id="SNVAng">9004.784</dst>
            <dst id="STTLng">4231.072</dst>
            <dst id="WASHng">30833.2453333333</dst>
        </src>
        <src id="WASHng">
            <dst id="ATLA-M5">0</dst>
            <dst id="ATLAng">119326.173333333</dst>
            <dst id="CHINng">558.045333333333</dst>
            <dst id="DNVRng">0</dst>
            <dst id="HSTNng">112038.410666667</dst>
            <dst id="IPLSng">200.341333333333</dst>
            <dst id="KSCYng">53.3333333333333</dst>
            <dst id="LOSAng">106.666666666667</dst>
            <dst id="NYCMng">624299.413333333</dst>
            <dst id="SNVAng">80</dst>
            <dst id="STTLng">225.536</dst>
            <dst id="WASHng">330207.173333333</dst>
        </src>
    </IntraTM>
</TrafficMatrixFile>
