<?xml version="1.0" encoding="ISO-8859-1" standalone="yes"?>
<TrafficMatrixFile xsi:noNamespaceSchemaLocation="http://totem.run.montefiore.ulg.ac.be/Schema/TrafficMatrix-v1_2.xsd" xmlns:xsi="http://www.w3.org/2001/XMLSchema-instance">
    <IntraTM ASID="11537">
        <src id="ATLA-M5">
            <dst id="ATLA-M5">26.6666666666667</dst>
            <dst id="ATLAng">318.013333333333</dst>
            <dst id="CHINng">978.533333333333</dst>
            <dst id="DNVRng">26.6666666666667</dst>
            <dst id="HSTNng">737.416</dst>
            <dst id="IPLSng">487.946666666667</dst>
            <dst id="KSCYng">100.432</dst>
            <dst id="LOSAng">0</dst>
            <dst id="NYCMng">365.514666666667</dst>
            <dst id="SNVAng">0</dst>
            <dst id="STTLng">26.6666666666667</dst>
            <dst id="WASHng">1782.02133333333</dst>
        </src>
        <src id="ATLAng">
            <dst id="ATLA-M5">0</dst>
            <dst id="ATLAng">25375.4053333333</dst>
            <dst id="CHINng">31507.192</dst>
            <dst id="DNVRng">26.6666666666667</dst>
            <dst id="HSTNng">113670.010666667</dst>
            <dst id="IPLSng">37286.976</dst>
            <dst id="KSCYng">7970.67733333333</dst>
            <dst id="LOSAng">26.6666666666667</dst>
            <dst id="NYCMng">22887.288</dst>
            <dst id="SNVAng">26.6666666666667</dst>
            <dst id="STTLng">209.333333333333</dst>
            <dst id="WASHng">96692.3146666666</dst>
        </src>
        <src id="CHINng">
            <dst id="ATLA-M5">0</dst>
            <dst id="ATLAng">32572.728</dst>
            <dst id="CHINng">96338.7653333333</dst>
            <dst id="DNVRng">20402.7546666667</dst>
            <dst id="HSTNng">120781.394666667</dst>
            <dst id="IPLSng">83582.4746666667</dst>
            <dst id="KSCYng">24478.1866666667</dst>
            <dst id="LOSAng">665.864</dst>
            <dst id="NYCMng">49521.8186666667</dst>
            <dst id="SNVAng">26.6666666666667</dst>
            <dst id="STTLng">2470.93866666667</dst>
            <dst id="WASHng">51750.6853333333</dst>
        </src>
        <src id="DNVRng">
            <dst id="ATLA-M5">0</dst>
            <dst id="ATLAng">8875.95466666667</dst>
            <dst id="CHINng">113894.189333333</dst>
            <dst id="DNVRng">11356.68</dst>
            <dst id="HSTNng">54041.0426666667</dst>
            <dst id="IPLSng">29393.5733333333</dst>
            <dst id="KSCYng">15915.7866666667</dst>
            <dst id="LOSAng">0</dst>
            <dst id="NYCMng">16676.6266666667</dst>
            <dst id="SNVAng">12721.7413333333</dst>
            <dst id="STTLng">80</dst>
            <dst id="WASHng">48724.504</dst>
        </src>
        <src id="HSTNng">
            <dst id="ATLA-M5">0</dst>
            <dst id="ATLAng">33246.56</dst>
            <dst id="CHINng">4198.25066666667</dst>
            <dst id="DNVRng">26.6666666666667</dst>
            <dst id="HSTNng">158710.128</dst>
            <dst id="IPLSng">26.6666666666667</dst>
            <dst id="KSCYng">0</dst>
            <dst id="LOSAng">53.3333333333333</dst>
            <dst id="NYCMng">7568.752</dst>
            <dst id="SNVAng">80</dst>
            <dst id="STTLng">201.333333333333</dst>
            <dst id="WASHng">124242.624</dst>
        </src>
        <src id="IPLSng">
            <dst id="ATLA-M5">0</dst>
            <dst id="ATLAng">20904.5333333333</dst>
            <dst id="CHINng">146476.8</dst>
            <dst id="DNVRng">10993.4613333333</dst>
            <dst id="HSTNng">99226.9093333333</dst>
            <dst id="IPLSng">35928.2293333333</dst>
            <dst id="KSCYng">31943.1333333333</dst>
            <dst id="LOSAng">0</dst>
            <dst id="NYCMng">73338.0506666667</dst>
            <dst id="SNVAng">5753.88</dst>
            <dst id="STTLng">509.546666666667</dst>
            <dst id="WASHng">48656.368</dst>
        </src>
        <src id="KSCYng">
            <dst id="ATLA-M5">0</dst>
            <dst id="ATLAng">8416.24266666667</dst>
            <dst id="CHINng">36329.12</dst>
            <dst id="DNVRng">9378.31733333333</dst>
            <dst id="HSTNng">13325.4426666667</dst>
            <dst id="IPLSng">19795.0053333333</dst>
            <dst id="KSCYng">13589.9653333333</dst>
            <dst id="LOSAng">0</dst>
            <dst id="NYCMng">18876.5146666667</dst>
            <dst id="SNVAng">0</dst>
            <dst id="STTLng">235.424</dst>
            <dst id="WASHng">18587.2853333333</dst>
        </src>
        <src id="LOSAng">
            <dst id="ATLA-M5">0</dst>
            <dst id="ATLAng">24382.6186666667</dst>
            <dst id="CHINng">4844.95733333333</dst>
            <dst id="DNVRng">23385.608</dst>
            <dst id="HSTNng">218702.541333333</dst>
            <dst id="IPLSng">517.282666666667</dst>
            <dst id="KSCYng">236.704</dst>
            <dst id="LOSAng">18902.256</dst>
            <dst id="NYCMng">77141.3866666667</dst>
            <dst id="SNVAng">20053.2986666667</dst>
            <dst id="STTLng">34000.12</dst>
            <dst id="WASHng">104905.552</dst>
        </src>
        <src id="NYCMng">
            <dst id="ATLA-M5">0</dst>
            <dst id="ATLAng">55917.0426666667</dst>
            <dst id="CHINng">103594.778666667</dst>
            <dst id="DNVRng">33581.8133333333</dst>
            <dst id="HSTNng">151304.928</dst>
            <dst id="IPLSng">92699.5493333333</dst>
            <dst id="KSCYng">28416.6293333333</dst>
            <dst id="LOSAng">178.304</dst>
            <dst id="NYCMng">259851.386666667</dst>
            <dst id="SNVAng">114.890666666667</dst>
            <dst id="STTLng">5218.37333333333</dst>
            <dst id="WASHng">172141.109333333</dst>
        </src>
        <src id="SNVAng">
            <dst id="ATLA-M5">0</dst>
            <dst id="ATLAng">981.64</dst>
            <dst id="CHINng">702.658666666667</dst>
            <dst id="DNVRng">10031.5146666667</dst>
            <dst id="HSTNng">6473.67466666667</dst>
            <dst id="IPLSng">0</dst>
            <dst id="KSCYng">1262.056</dst>
            <dst id="LOSAng">37831.32</dst>
            <dst id="NYCMng">7301.42933333333</dst>
            <dst id="SNVAng">17433.4346666667</dst>
            <dst id="STTLng">53881.5066666667</dst>
            <dst id="WASHng">3157.67733333333</dst>
        </src>
        <src id="STTLng">
            <dst id="ATLA-M5">0</dst>
            <dst id="ATLAng">11997.8933333333</dst>
            <dst id="CHINng">22653.4826666667</dst>
            <dst id="DNVRng">8374.68533333333</dst>
            <dst id="HSTNng">38770.064</dst>
            <dst id="IPLSng">328.562666666667</dst>
            <dst id="KSCYng">3199.27466666667</dst>
            <dst id="LOSAng">28833.2586666667</dst>
            <dst id="NYCMng">15100.5253333333</dst>
            <dst id="SNVAng">6396.37866666667</dst>
            <dst id="STTLng">7827.776</dst>
            <dst id="WASHng">32364.1706666667</dst>
        </src>
        <src id="WASHng">
            <dst id="ATLA-M5">0</dst>
            <dst id="ATLAng">99398.6453333333</dst>
            <dst id="CHINng">86759.224</dst>
            <dst id="DNVRng">2189.12266666667</dst>
            <dst id="HSTNng">340631.173333333</dst>
            <dst id="IPLSng">85847.656</dst>
            <dst id="KSCYng">25018.224</dst>
            <dst id="LOSAng">110.392</dst>
            <dst id="NYCMng">264787.954666667</dst>
            <dst id="SNVAng">327.136</dst>
            <dst id="STTLng">4443.30666666667</dst>
            <dst id="WASHng">326423.786666667</dst>
        </src>
    </IntraTM>
</TrafficMatrixFile>
