<?xml version="1.0" encoding="ISO-8859-1" standalone="yes"?>
<TrafficMatrixFile xsi:noNamespaceSchemaLocation="http://totem.run.montefiore.ulg.ac.be/Schema/TrafficMatrix-v1_2.xsd" xmlns:xsi="http://www.w3.org/2001/XMLSchema-instance">
    <IntraTM ASID="11537">
        <src id="ATLA-M5">
            <dst id="ATLA-M5">89.4613333333333</dst>
            <dst id="ATLAng">285.394666666667</dst>
            <dst id="CHINng">449.632</dst>
            <dst id="DNVRng">0</dst>
            <dst id="HSTNng">595.744</dst>
            <dst id="IPLSng">200.514666666667</dst>
            <dst id="KSCYng">1013.14133333333</dst>
            <dst id="LOSAng">0</dst>
            <dst id="NYCMng">249.901333333333</dst>
            <dst id="SNVAng">0</dst>
            <dst id="STTLng">26.6666666666667</dst>
            <dst id="WASHng">1705.624</dst>
        </src>
        <src id="ATLAng">
            <dst id="ATLA-M5">0</dst>
            <dst id="ATLAng">59635.8693333333</dst>
            <dst id="CHINng">25242.7013333333</dst>
            <dst id="DNVRng">96.976</dst>
            <dst id="HSTNng">30878.8933333333</dst>
            <dst id="IPLSng">34227.8746666667</dst>
            <dst id="KSCYng">5627.13333333333</dst>
            <dst id="LOSAng">0</dst>
            <dst id="NYCMng">21665.2933333333</dst>
            <dst id="SNVAng">337.570666666667</dst>
            <dst id="STTLng">1503.60533333333</dst>
            <dst id="WASHng">90312.0666666667</dst>
        </src>
        <src id="CHINng">
            <dst id="ATLA-M5">0</dst>
            <dst id="ATLAng">26706.1386666667</dst>
            <dst id="CHINng">161900.789333333</dst>
            <dst id="DNVRng">24355.0853333333</dst>
            <dst id="HSTNng">77574.8826666667</dst>
            <dst id="IPLSng">59034.1813333333</dst>
            <dst id="KSCYng">23379.6053333333</dst>
            <dst id="LOSAng">298.664</dst>
            <dst id="NYCMng">37521.696</dst>
            <dst id="SNVAng">338.114666666667</dst>
            <dst id="STTLng">491.808</dst>
            <dst id="WASHng">40882.792</dst>
        </src>
        <src id="DNVRng">
            <dst id="ATLA-M5">0</dst>
            <dst id="ATLAng">10661.5813333333</dst>
            <dst id="CHINng">124949.824</dst>
            <dst id="DNVRng">13957.7973333333</dst>
            <dst id="HSTNng">39985.0426666667</dst>
            <dst id="IPLSng">28821.7493333333</dst>
            <dst id="KSCYng">17483.7253333333</dst>
            <dst id="LOSAng">0</dst>
            <dst id="NYCMng">15775.952</dst>
            <dst id="SNVAng">10769.928</dst>
            <dst id="STTLng">133.333333333333</dst>
            <dst id="WASHng">43749.9413333333</dst>
        </src>
        <src id="HSTNng">
            <dst id="ATLA-M5">0</dst>
            <dst id="ATLAng">30709.6986666667</dst>
            <dst id="CHINng">3810.864</dst>
            <dst id="DNVRng">26.6666666666667</dst>
            <dst id="HSTNng">140502.266666667</dst>
            <dst id="IPLSng">0</dst>
            <dst id="KSCYng">0</dst>
            <dst id="LOSAng">0</dst>
            <dst id="NYCMng">7836.06933333333</dst>
            <dst id="SNVAng">0</dst>
            <dst id="STTLng">106.88</dst>
            <dst id="WASHng">116063.965333333</dst>
        </src>
        <src id="IPLSng">
            <dst id="ATLA-M5">0</dst>
            <dst id="ATLAng">29964.5573333333</dst>
            <dst id="CHINng">181207.341333333</dst>
            <dst id="DNVRng">8078.72</dst>
            <dst id="HSTNng">49444.1253333333</dst>
            <dst id="IPLSng">32260.2266666667</dst>
            <dst id="KSCYng">24179.592</dst>
            <dst id="LOSAng">26.6666666666667</dst>
            <dst id="NYCMng">39213.7706666667</dst>
            <dst id="SNVAng">356.437333333333</dst>
            <dst id="STTLng">186.666666666667</dst>
            <dst id="WASHng">37638.1466666667</dst>
        </src>
        <src id="KSCYng">
            <dst id="ATLA-M5">0</dst>
            <dst id="ATLAng">7794.42666666667</dst>
            <dst id="CHINng">37664.6426666667</dst>
            <dst id="DNVRng">8401.48266666667</dst>
            <dst id="HSTNng">13990.3573333333</dst>
            <dst id="IPLSng">17518.1946666667</dst>
            <dst id="KSCYng">16685.2133333333</dst>
            <dst id="LOSAng">0</dst>
            <dst id="NYCMng">15139.616</dst>
            <dst id="SNVAng">107.642666666667</dst>
            <dst id="STTLng">89.1893333333333</dst>
            <dst id="WASHng">14591.7333333333</dst>
        </src>
        <src id="LOSAng">
            <dst id="ATLA-M5">0</dst>
            <dst id="ATLAng">24384.376</dst>
            <dst id="CHINng">16063.0026666667</dst>
            <dst id="DNVRng">11217.56</dst>
            <dst id="HSTNng">213408.704</dst>
            <dst id="IPLSng">2129.01333333333</dst>
            <dst id="KSCYng">703.168</dst>
            <dst id="LOSAng">17145.8186666667</dst>
            <dst id="NYCMng">56353.352</dst>
            <dst id="SNVAng">13129.2986666667</dst>
            <dst id="STTLng">15462.344</dst>
            <dst id="WASHng">99656.192</dst>
        </src>
        <src id="NYCMng">
            <dst id="ATLA-M5">0</dst>
            <dst id="ATLAng">59264.2853333333</dst>
            <dst id="CHINng">74731.1626666667</dst>
            <dst id="DNVRng">27983.4426666667</dst>
            <dst id="HSTNng">92866.3013333333</dst>
            <dst id="IPLSng">68087.1706666667</dst>
            <dst id="KSCYng">22061.5093333333</dst>
            <dst id="LOSAng">103.730666666667</dst>
            <dst id="NYCMng">259350.730666667</dst>
            <dst id="SNVAng">80</dst>
            <dst id="STTLng">2100.48533333333</dst>
            <dst id="WASHng">138422.258666667</dst>
        </src>
        <src id="SNVAng">
            <dst id="ATLA-M5">0</dst>
            <dst id="ATLAng">653.84</dst>
            <dst id="CHINng">337.170666666667</dst>
            <dst id="DNVRng">9907.96</dst>
            <dst id="HSTNng">16533.336</dst>
            <dst id="IPLSng">223.482666666667</dst>
            <dst id="KSCYng">1438.528</dst>
            <dst id="LOSAng">35734.6053333333</dst>
            <dst id="NYCMng">4731.112</dst>
            <dst id="SNVAng">14735.0533333333</dst>
            <dst id="STTLng">46260.792</dst>
            <dst id="WASHng">5770.42933333333</dst>
        </src>
        <src id="STTLng">
            <dst id="ATLA-M5">0</dst>
            <dst id="ATLAng">13554.44</dst>
            <dst id="CHINng">34189.104</dst>
            <dst id="DNVRng">4507.92533333333</dst>
            <dst id="HSTNng">55081.0826666667</dst>
            <dst id="IPLSng">888.202666666667</dst>
            <dst id="KSCYng">6091.96266666667</dst>
            <dst id="LOSAng">15818.424</dst>
            <dst id="NYCMng">15201.1786666667</dst>
            <dst id="SNVAng">9127.53066666667</dst>
            <dst id="STTLng">5624.95733333333</dst>
            <dst id="WASHng">35668.312</dst>
        </src>
        <src id="WASHng">
            <dst id="ATLA-M5">0</dst>
            <dst id="ATLAng">140006.682666667</dst>
            <dst id="CHINng">91159.568</dst>
            <dst id="DNVRng">1075.82133333333</dst>
            <dst id="HSTNng">275127.76</dst>
            <dst id="IPLSng">95295.952</dst>
            <dst id="KSCYng">16765.3226666667</dst>
            <dst id="LOSAng">26.6666666666667</dst>
            <dst id="NYCMng">175465.176</dst>
            <dst id="SNVAng">383.210666666667</dst>
            <dst id="STTLng">3377.952</dst>
            <dst id="WASHng">442879.253333333</dst>
        </src>
    </IntraTM>
</TrafficMatrixFile>
