<?xml version="1.0" encoding="ISO-8859-1" standalone="yes"?>
<TrafficMatrixFile xsi:noNamespaceSchemaLocation="http://totem.run.montefiore.ulg.ac.be/Schema/TrafficMatrix-v1_2.xsd" xmlns:xsi="http://www.w3.org/2001/XMLSchema-instance">
    <IntraTM ASID="11537">
        <src id="ATLA-M5">
            <dst id="ATLA-M5">304.914666666667</dst>
            <dst id="ATLAng">499.808</dst>
            <dst id="CHINng">2335.90666666667</dst>
            <dst id="DNVRng">0</dst>
            <dst id="HSTNng">5676.22133333333</dst>
            <dst id="IPLSng">1129.21333333333</dst>
            <dst id="KSCYng">76.3733333333333</dst>
            <dst id="LOSAng">0</dst>
            <dst id="NYCMng">831.234666666667</dst>
            <dst id="SNVAng">53.3333333333333</dst>
            <dst id="STTLng">26.6666666666667</dst>
            <dst id="WASHng">1166.57866666667</dst>
        </src>
        <src id="ATLAng">
            <dst id="ATLA-M5">0</dst>
            <dst id="ATLAng">44621.2586666667</dst>
            <dst id="CHINng">44818.1733333333</dst>
            <dst id="DNVRng">186.357333333333</dst>
            <dst id="HSTNng">66364.0346666667</dst>
            <dst id="IPLSng">35770.9786666667</dst>
            <dst id="KSCYng">5318.02933333333</dst>
            <dst id="LOSAng">26.6666666666667</dst>
            <dst id="NYCMng">17885.1253333333</dst>
            <dst id="SNVAng">1673.52533333333</dst>
            <dst id="STTLng">222.224</dst>
            <dst id="WASHng">88791.0293333333</dst>
        </src>
        <src id="CHINng">
            <dst id="ATLA-M5">0</dst>
            <dst id="ATLAng">32829.28</dst>
            <dst id="CHINng">129911.818666667</dst>
            <dst id="DNVRng">24388.072</dst>
            <dst id="HSTNng">84112.9893333333</dst>
            <dst id="IPLSng">94243.7066666667</dst>
            <dst id="KSCYng">17200.9573333333</dst>
            <dst id="LOSAng">178.112</dst>
            <dst id="NYCMng">34884.4106666667</dst>
            <dst id="SNVAng">201.032</dst>
            <dst id="STTLng">1385.17066666667</dst>
            <dst id="WASHng">41969.656</dst>
        </src>
        <src id="DNVRng">
            <dst id="ATLA-M5">0</dst>
            <dst id="ATLAng">13269.7253333333</dst>
            <dst id="CHINng">68983.7573333333</dst>
            <dst id="DNVRng">17161.904</dst>
            <dst id="HSTNng">41379.28</dst>
            <dst id="IPLSng">38838.896</dst>
            <dst id="KSCYng">11929.792</dst>
            <dst id="LOSAng">0</dst>
            <dst id="NYCMng">19064.9866666667</dst>
            <dst id="SNVAng">21917.264</dst>
            <dst id="STTLng">125.706666666667</dst>
            <dst id="WASHng">47128.352</dst>
        </src>
        <src id="HSTNng">
            <dst id="ATLA-M5">0</dst>
            <dst id="ATLAng">38001.4106666667</dst>
            <dst id="CHINng">3943.72266666667</dst>
            <dst id="DNVRng">150.981333333333</dst>
            <dst id="HSTNng">177004.957333333</dst>
            <dst id="IPLSng">53.3333333333333</dst>
            <dst id="KSCYng">26.6666666666667</dst>
            <dst id="LOSAng">0</dst>
            <dst id="NYCMng">11545.4373333333</dst>
            <dst id="SNVAng">0</dst>
            <dst id="STTLng">26.6666666666667</dst>
            <dst id="WASHng">134663.848</dst>
        </src>
        <src id="IPLSng">
            <dst id="ATLA-M5">0</dst>
            <dst id="ATLAng">27132.0213333333</dst>
            <dst id="CHINng">196054.453333333</dst>
            <dst id="DNVRng">22436.2746666667</dst>
            <dst id="HSTNng">145361.517333333</dst>
            <dst id="IPLSng">44553.9813333333</dst>
            <dst id="KSCYng">35994.592</dst>
            <dst id="LOSAng">97.552</dst>
            <dst id="NYCMng">60049.8586666667</dst>
            <dst id="SNVAng">4875.92</dst>
            <dst id="STTLng">742.506666666667</dst>
            <dst id="WASHng">38073.5306666667</dst>
        </src>
        <src id="KSCYng">
            <dst id="ATLA-M5">0</dst>
            <dst id="ATLAng">6405.97333333333</dst>
            <dst id="CHINng">32997.9706666667</dst>
            <dst id="DNVRng">19043.1573333333</dst>
            <dst id="HSTNng">23246.9226666667</dst>
            <dst id="IPLSng">28736.64</dst>
            <dst id="KSCYng">6633.792</dst>
            <dst id="LOSAng">0</dst>
            <dst id="NYCMng">11001.4746666667</dst>
            <dst id="SNVAng">215.634666666667</dst>
            <dst id="STTLng">135.672</dst>
            <dst id="WASHng">12934.3893333333</dst>
        </src>
        <src id="LOSAng">
            <dst id="ATLA-M5">0</dst>
            <dst id="ATLAng">30021.0773333333</dst>
            <dst id="CHINng">8863.70133333333</dst>
            <dst id="DNVRng">17303.568</dst>
            <dst id="HSTNng">199746.184</dst>
            <dst id="IPLSng">1525.84</dst>
            <dst id="KSCYng">1475.03466666667</dst>
            <dst id="LOSAng">20985.576</dst>
            <dst id="NYCMng">58483.0213333334</dst>
            <dst id="SNVAng">26071.136</dst>
            <dst id="STTLng">25966.3413333333</dst>
            <dst id="WASHng">121907.581333333</dst>
        </src>
        <src id="NYCMng">
            <dst id="ATLA-M5">0</dst>
            <dst id="ATLAng">64343.2613333333</dst>
            <dst id="CHINng">96549.536</dst>
            <dst id="DNVRng">45971.1626666667</dst>
            <dst id="HSTNng">132401.144</dst>
            <dst id="IPLSng">90553.8133333333</dst>
            <dst id="KSCYng">32989.7653333333</dst>
            <dst id="LOSAng">297.221333333333</dst>
            <dst id="NYCMng">256303.058666667</dst>
            <dst id="SNVAng">450.978666666667</dst>
            <dst id="STTLng">2036.672</dst>
            <dst id="WASHng">152855.458666667</dst>
        </src>
        <src id="SNVAng">
            <dst id="ATLA-M5">0</dst>
            <dst id="ATLAng">521.402666666667</dst>
            <dst id="CHINng">3540.264</dst>
            <dst id="DNVRng">4432.32266666667</dst>
            <dst id="HSTNng">9705.904</dst>
            <dst id="IPLSng">26.6666666666667</dst>
            <dst id="KSCYng">2453.57066666667</dst>
            <dst id="LOSAng">40838.1866666667</dst>
            <dst id="NYCMng">5805.98133333333</dst>
            <dst id="SNVAng">23100.2613333333</dst>
            <dst id="STTLng">57011.8986666667</dst>
            <dst id="WASHng">2181.78933333333</dst>
        </src>
        <src id="STTLng">
            <dst id="ATLA-M5">0</dst>
            <dst id="ATLAng">15717.6346666667</dst>
            <dst id="CHINng">23778.4346666667</dst>
            <dst id="DNVRng">13794.904</dst>
            <dst id="HSTNng">60902.7253333333</dst>
            <dst id="IPLSng">833.04</dst>
            <dst id="KSCYng">5618.86666666667</dst>
            <dst id="LOSAng">26115.0666666667</dst>
            <dst id="NYCMng">14553.808</dst>
            <dst id="SNVAng">11992.2053333333</dst>
            <dst id="STTLng">2178.87733333333</dst>
            <dst id="WASHng">42871.272</dst>
        </src>
        <src id="WASHng">
            <dst id="ATLA-M5">0</dst>
            <dst id="ATLAng">159637.189333333</dst>
            <dst id="CHINng">106847.68</dst>
            <dst id="DNVRng">6526.824</dst>
            <dst id="HSTNng">350886.24</dst>
            <dst id="IPLSng">82024.4133333333</dst>
            <dst id="KSCYng">23405.3333333333</dst>
            <dst id="LOSAng">80</dst>
            <dst id="NYCMng">226961.994666667</dst>
            <dst id="SNVAng">388</dst>
            <dst id="STTLng">5858.15466666667</dst>
            <dst id="WASHng">392425.68</dst>
        </src>
    </IntraTM>
</TrafficMatrixFile>
