<?xml version="1.0" encoding="ISO-8859-1" standalone="yes"?>
<TrafficMatrixFile xsi:noNamespaceSchemaLocation="http://totem.run.montefiore.ulg.ac.be/Schema/TrafficMatrix-v1_2.xsd" xmlns:xsi="http://www.w3.org/2001/XMLSchema-instance">
    <IntraTM ASID="11537">
        <src id="ATLA-M5">
            <dst id="ATLA-M5">53.3333333333333</dst>
            <dst id="ATLAng">545.536</dst>
            <dst id="CHINng">664.184</dst>
            <dst id="DNVRng">0</dst>
            <dst id="HSTNng">1520.81333333333</dst>
            <dst id="IPLSng">383.818666666667</dst>
            <dst id="KSCYng">222.069333333333</dst>
            <dst id="LOSAng">0</dst>
            <dst id="NYCMng">1556.40533333333</dst>
            <dst id="SNVAng">0</dst>
            <dst id="STTLng">0</dst>
            <dst id="WASHng">4592.19466666667</dst>
        </src>
        <src id="ATLAng">
            <dst id="ATLA-M5">0</dst>
            <dst id="ATLAng">24648.0186666667</dst>
            <dst id="CHINng">22975.048</dst>
            <dst id="DNVRng">26.6666666666667</dst>
            <dst id="HSTNng">371997.92</dst>
            <dst id="IPLSng">36591.1413333333</dst>
            <dst id="KSCYng">8263.25333333333</dst>
            <dst id="LOSAng">62.5786666666667</dst>
            <dst id="NYCMng">18997.6586666667</dst>
            <dst id="SNVAng">26.6666666666667</dst>
            <dst id="STTLng">274.802666666667</dst>
            <dst id="WASHng">69108.2746666667</dst>
        </src>
        <src id="CHINng">
            <dst id="ATLA-M5">0</dst>
            <dst id="ATLAng">42342.784</dst>
            <dst id="CHINng">115185.616</dst>
            <dst id="DNVRng">22793.3866666667</dst>
            <dst id="HSTNng">134080.96</dst>
            <dst id="IPLSng">67115.456</dst>
            <dst id="KSCYng">22009.376</dst>
            <dst id="LOSAng">171.125333333333</dst>
            <dst id="NYCMng">32443.6106666667</dst>
            <dst id="SNVAng">0</dst>
            <dst id="STTLng">1093.112</dst>
            <dst id="WASHng">39167.3413333333</dst>
        </src>
        <src id="DNVRng">
            <dst id="ATLA-M5">0</dst>
            <dst id="ATLAng">8427.44</dst>
            <dst id="CHINng">54403.5973333333</dst>
            <dst id="DNVRng">19928.1146666667</dst>
            <dst id="HSTNng">63484.416</dst>
            <dst id="IPLSng">38323.8026666667</dst>
            <dst id="KSCYng">15681.248</dst>
            <dst id="LOSAng">0</dst>
            <dst id="NYCMng">26388.784</dst>
            <dst id="SNVAng">16290.9146666667</dst>
            <dst id="STTLng">260.338666666667</dst>
            <dst id="WASHng">40376.5813333333</dst>
        </src>
        <src id="HSTNng">
            <dst id="ATLA-M5">0</dst>
            <dst id="ATLAng">34570.9173333333</dst>
            <dst id="CHINng">2002.33866666667</dst>
            <dst id="DNVRng">0</dst>
            <dst id="HSTNng">139631.618666667</dst>
            <dst id="IPLSng">272.850666666667</dst>
            <dst id="KSCYng">0</dst>
            <dst id="LOSAng">501.128</dst>
            <dst id="NYCMng">9081.30933333333</dst>
            <dst id="SNVAng">26.6666666666667</dst>
            <dst id="STTLng">107.925333333333</dst>
            <dst id="WASHng">106880.32</dst>
        </src>
        <src id="IPLSng">
            <dst id="ATLA-M5">0</dst>
            <dst id="ATLAng">29546.7573333333</dst>
            <dst id="CHINng">136819.909333333</dst>
            <dst id="DNVRng">26050.3493333333</dst>
            <dst id="HSTNng">60796.4506666667</dst>
            <dst id="IPLSng">51428.4133333333</dst>
            <dst id="KSCYng">25438.5626666667</dst>
            <dst id="LOSAng">31.3573333333333</dst>
            <dst id="NYCMng">63701.92</dst>
            <dst id="SNVAng">143.213333333333</dst>
            <dst id="STTLng">1661.01866666667</dst>
            <dst id="WASHng">42847.5573333333</dst>
        </src>
        <src id="KSCYng">
            <dst id="ATLA-M5">0</dst>
            <dst id="ATLAng">8966.64</dst>
            <dst id="CHINng">32407.7893333333</dst>
            <dst id="DNVRng">14324.0053333333</dst>
            <dst id="HSTNng">26032.8426666667</dst>
            <dst id="IPLSng">14710.7573333333</dst>
            <dst id="KSCYng">6992.86133333333</dst>
            <dst id="LOSAng">26.6666666666667</dst>
            <dst id="NYCMng">14019.0106666667</dst>
            <dst id="SNVAng">0</dst>
            <dst id="STTLng">220.426666666667</dst>
            <dst id="WASHng">17780.4346666667</dst>
        </src>
        <src id="LOSAng">
            <dst id="ATLA-M5">0</dst>
            <dst id="ATLAng">22454.528</dst>
            <dst id="CHINng">10759.7413333333</dst>
            <dst id="DNVRng">15838.2</dst>
            <dst id="HSTNng">167578.168</dst>
            <dst id="IPLSng">237.088</dst>
            <dst id="KSCYng">123.072</dst>
            <dst id="LOSAng">81563.7146666667</dst>
            <dst id="NYCMng">76750.232</dst>
            <dst id="SNVAng">9907.46133333333</dst>
            <dst id="STTLng">29502.408</dst>
            <dst id="WASHng">98530.9813333333</dst>
        </src>
        <src id="NYCMng">
            <dst id="ATLA-M5">0</dst>
            <dst id="ATLAng">45368.2</dst>
            <dst id="CHINng">93369.9013333333</dst>
            <dst id="DNVRng">35362.1786666667</dst>
            <dst id="HSTNng">155141.394666667</dst>
            <dst id="IPLSng">67370.376</dst>
            <dst id="KSCYng">27591.32</dst>
            <dst id="LOSAng">448.365333333333</dst>
            <dst id="NYCMng">254732.714666667</dst>
            <dst id="SNVAng">89.5813333333334</dst>
            <dst id="STTLng">3790.144</dst>
            <dst id="WASHng">140234.306666667</dst>
        </src>
        <src id="SNVAng">
            <dst id="ATLA-M5">0</dst>
            <dst id="ATLAng">1923.816</dst>
            <dst id="CHINng">3415.58933333333</dst>
            <dst id="DNVRng">8370.26666666667</dst>
            <dst id="HSTNng">10105.056</dst>
            <dst id="IPLSng">0</dst>
            <dst id="KSCYng">335.872</dst>
            <dst id="LOSAng">38265.4453333333</dst>
            <dst id="NYCMng">5524.20533333333</dst>
            <dst id="SNVAng">17151.0133333333</dst>
            <dst id="STTLng">52655.6</dst>
            <dst id="WASHng">1395.34133333333</dst>
        </src>
        <src id="STTLng">
            <dst id="ATLA-M5">0</dst>
            <dst id="ATLAng">12697.8186666667</dst>
            <dst id="CHINng">22637.048</dst>
            <dst id="DNVRng">8323.42933333333</dst>
            <dst id="HSTNng">44086.448</dst>
            <dst id="IPLSng">350.037333333333</dst>
            <dst id="KSCYng">5348.824</dst>
            <dst id="LOSAng">32684.3733333333</dst>
            <dst id="NYCMng">16153.184</dst>
            <dst id="SNVAng">5319.83733333333</dst>
            <dst id="STTLng">5852.912</dst>
            <dst id="WASHng">30919.2</dst>
        </src>
        <src id="WASHng">
            <dst id="ATLA-M5">0</dst>
            <dst id="ATLAng">111508.202666667</dst>
            <dst id="CHINng">115970.786666667</dst>
            <dst id="DNVRng">3829.008</dst>
            <dst id="HSTNng">322909.786666667</dst>
            <dst id="IPLSng">61172.3653333333</dst>
            <dst id="KSCYng">16608.2373333333</dst>
            <dst id="LOSAng">268.021333333333</dst>
            <dst id="NYCMng">200026.752</dst>
            <dst id="SNVAng">277.005333333333</dst>
            <dst id="STTLng">4186.66133333333</dst>
            <dst id="WASHng">281420.373333333</dst>
        </src>
    </IntraTM>
</TrafficMatrixFile>
