<?xml version="1.0" encoding="ISO-8859-1" standalone="yes"?>
<TrafficMatrixFile xsi:noNamespaceSchemaLocation="http://totem.run.montefiore.ulg.ac.be/Schema/TrafficMatrix-v1_2.xsd" xmlns:xsi="http://www.w3.org/2001/XMLSchema-instance">
    <IntraTM ASID="11537">
        <src id="ATLA-M5">
            <dst id="ATLA-M5">1177.08</dst>
            <dst id="ATLAng">1098.512</dst>
            <dst id="CHINng">2749.62933333333</dst>
            <dst id="DNVRng">0</dst>
            <dst id="HSTNng">26.6666666666667</dst>
            <dst id="IPLSng">63.7146666666667</dst>
            <dst id="KSCYng">0</dst>
            <dst id="LOSAng">0</dst>
            <dst id="NYCMng">906.141333333333</dst>
            <dst id="SNVAng">0</dst>
            <dst id="STTLng">0</dst>
            <dst id="WASHng">3126.58933333333</dst>
        </src>
        <src id="ATLAng">
            <dst id="ATLA-M5">0</dst>
            <dst id="ATLAng">30326.4853333333</dst>
            <dst id="CHINng">29769.3013333333</dst>
            <dst id="DNVRng">0</dst>
            <dst id="HSTNng">4083.104</dst>
            <dst id="IPLSng">28759.0426666667</dst>
            <dst id="KSCYng">53.3333333333333</dst>
            <dst id="LOSAng">0</dst>
            <dst id="NYCMng">33927.856</dst>
            <dst id="SNVAng">85.4293333333333</dst>
            <dst id="STTLng">53.3333333333333</dst>
            <dst id="WASHng">44965.696</dst>
        </src>
        <src id="CHINng">
            <dst id="ATLA-M5">0</dst>
            <dst id="ATLAng">32043.4586666667</dst>
            <dst id="CHINng">30046.568</dst>
            <dst id="DNVRng">0</dst>
            <dst id="HSTNng">11060.8506666667</dst>
            <dst id="IPLSng">38051.5306666667</dst>
            <dst id="KSCYng">26.6666666666667</dst>
            <dst id="LOSAng">0</dst>
            <dst id="NYCMng">173665.946666667</dst>
            <dst id="SNVAng">26.6666666666667</dst>
            <dst id="STTLng">1986.66666666667</dst>
            <dst id="WASHng">37339.8906666667</dst>
        </src>
        <src id="DNVRng">
            <dst id="ATLA-M5">0</dst>
            <dst id="ATLAng">6767.16533333333</dst>
            <dst id="CHINng">32075.3413333333</dst>
            <dst id="DNVRng">12228.264</dst>
            <dst id="HSTNng">34364.0746666667</dst>
            <dst id="IPLSng">31384.6693333333</dst>
            <dst id="KSCYng">18157.8746666667</dst>
            <dst id="LOSAng">0</dst>
            <dst id="NYCMng">31872.1573333333</dst>
            <dst id="SNVAng">12401.352</dst>
            <dst id="STTLng">2268.224</dst>
            <dst id="WASHng">39611.9013333333</dst>
        </src>
        <src id="HSTNng">
            <dst id="ATLA-M5">0</dst>
            <dst id="ATLAng">32084.6213333333</dst>
            <dst id="CHINng">846.469333333333</dst>
            <dst id="DNVRng">0</dst>
            <dst id="HSTNng">125170.304</dst>
            <dst id="IPLSng">53.3333333333333</dst>
            <dst id="KSCYng">0</dst>
            <dst id="LOSAng">0</dst>
            <dst id="NYCMng">4143.68</dst>
            <dst id="SNVAng">53.3333333333333</dst>
            <dst id="STTLng">0</dst>
            <dst id="WASHng">78606.6906666666</dst>
        </src>
        <src id="IPLSng">
            <dst id="ATLA-M5">0</dst>
            <dst id="ATLAng">17308.48</dst>
            <dst id="CHINng">74576.0293333333</dst>
            <dst id="DNVRng">0</dst>
            <dst id="HSTNng">9836.30933333334</dst>
            <dst id="IPLSng">25715.576</dst>
            <dst id="KSCYng">20661.52</dst>
            <dst id="LOSAng">26.6666666666667</dst>
            <dst id="NYCMng">125594.477333333</dst>
            <dst id="SNVAng">53.3333333333333</dst>
            <dst id="STTLng">82.56</dst>
            <dst id="WASHng">26141.2453333333</dst>
        </src>
        <src id="KSCYng">
            <dst id="ATLA-M5">0</dst>
            <dst id="ATLAng">7018.568</dst>
            <dst id="CHINng">13921.5253333333</dst>
            <dst id="DNVRng">7755.784</dst>
            <dst id="HSTNng">10274.4586666667</dst>
            <dst id="IPLSng">22977.776</dst>
            <dst id="KSCYng">7008.192</dst>
            <dst id="LOSAng">0</dst>
            <dst id="NYCMng">14809.176</dst>
            <dst id="SNVAng">0</dst>
            <dst id="STTLng">26.6666666666667</dst>
            <dst id="WASHng">7139.872</dst>
        </src>
        <src id="LOSAng">
            <dst id="ATLA-M5">0</dst>
            <dst id="ATLAng">25745.5493333333</dst>
            <dst id="CHINng">6189.08533333333</dst>
            <dst id="DNVRng">11567.0426666667</dst>
            <dst id="HSTNng">110889.274666667</dst>
            <dst id="IPLSng">1261.84266666667</dst>
            <dst id="KSCYng">171.312</dst>
            <dst id="LOSAng">18691.08</dst>
            <dst id="NYCMng">76915.6133333333</dst>
            <dst id="SNVAng">10445.2746666667</dst>
            <dst id="STTLng">16302.5893333333</dst>
            <dst id="WASHng">62091.0106666667</dst>
        </src>
        <src id="NYCMng">
            <dst id="ATLA-M5">0</dst>
            <dst id="ATLAng">29686.5493333333</dst>
            <dst id="CHINng">1674.00533333333</dst>
            <dst id="DNVRng">0</dst>
            <dst id="HSTNng">15577.6266666667</dst>
            <dst id="IPLSng">134.805333333333</dst>
            <dst id="KSCYng">404.370666666667</dst>
            <dst id="LOSAng">26.6666666666667</dst>
            <dst id="NYCMng">415813.226666667</dst>
            <dst id="SNVAng">182.12</dst>
            <dst id="STTLng">632.693333333333</dst>
            <dst id="WASHng">119763.229333333</dst>
        </src>
        <src id="SNVAng">
            <dst id="ATLA-M5">0</dst>
            <dst id="ATLAng">849.586666666667</dst>
            <dst id="CHINng">26.6666666666667</dst>
            <dst id="DNVRng">14444.1546666667</dst>
            <dst id="HSTNng">2670.79466666667</dst>
            <dst id="IPLSng">80.9386666666667</dst>
            <dst id="KSCYng">203.765333333333</dst>
            <dst id="LOSAng">37276.2906666667</dst>
            <dst id="NYCMng">24566.8533333333</dst>
            <dst id="SNVAng">14557.328</dst>
            <dst id="STTLng">51579.992</dst>
            <dst id="WASHng">497.210666666667</dst>
        </src>
        <src id="STTLng">
            <dst id="ATLA-M5">0</dst>
            <dst id="ATLAng">6663.58666666667</dst>
            <dst id="CHINng">372.749333333333</dst>
            <dst id="DNVRng">5199.73333333333</dst>
            <dst id="HSTNng">16206.1226666667</dst>
            <dst id="IPLSng">215.613333333333</dst>
            <dst id="KSCYng">4404.296</dst>
            <dst id="LOSAng">12842.0106666667</dst>
            <dst id="NYCMng">44738.8026666667</dst>
            <dst id="SNVAng">9508.43466666667</dst>
            <dst id="STTLng">5447.65066666667</dst>
            <dst id="WASHng">29605.808</dst>
        </src>
        <src id="WASHng">
            <dst id="ATLA-M5">0</dst>
            <dst id="ATLAng">139352.114666667</dst>
            <dst id="CHINng">770.837333333333</dst>
            <dst id="DNVRng">0</dst>
            <dst id="HSTNng">80532.3546666667</dst>
            <dst id="IPLSng">222.906666666667</dst>
            <dst id="KSCYng">215.696</dst>
            <dst id="LOSAng">57.1573333333333</dst>
            <dst id="NYCMng">506435.44</dst>
            <dst id="SNVAng">154.133333333333</dst>
            <dst id="STTLng">26.6666666666667</dst>
            <dst id="WASHng">363461.493333333</dst>
        </src>
    </IntraTM>
</TrafficMatrixFile>
