<?xml version="1.0" encoding="ISO-8859-1" standalone="yes"?>
<TrafficMatrixFile xsi:noNamespaceSchemaLocation="http://totem.run.montefiore.ulg.ac.be/Schema/TrafficMatrix-v1_2.xsd" xmlns:xsi="http://www.w3.org/2001/XMLSchema-instance">
    <IntraTM ASID="11537">
        <src id="ATLA-M5">
            <dst id="ATLA-M5">303.992</dst>
            <dst id="ATLAng">1865.79466666667</dst>
            <dst id="CHINng">695.016</dst>
            <dst id="DNVRng">0</dst>
            <dst id="HSTNng">1309.70133333333</dst>
            <dst id="IPLSng">173.570666666667</dst>
            <dst id="KSCYng">391.461333333333</dst>
            <dst id="LOSAng">0</dst>
            <dst id="NYCMng">322.8</dst>
            <dst id="SNVAng">0</dst>
            <dst id="STTLng">0</dst>
            <dst id="WASHng">1128.54666666667</dst>
        </src>
        <src id="ATLAng">
            <dst id="ATLA-M5">0</dst>
            <dst id="ATLAng">41729.016</dst>
            <dst id="CHINng">36440.16</dst>
            <dst id="DNVRng">53.3333333333333</dst>
            <dst id="HSTNng">63526.7733333333</dst>
            <dst id="IPLSng">48339.4826666667</dst>
            <dst id="KSCYng">6216.37866666667</dst>
            <dst id="LOSAng">96.272</dst>
            <dst id="NYCMng">18512.4586666667</dst>
            <dst id="SNVAng">61.136</dst>
            <dst id="STTLng">844.042666666667</dst>
            <dst id="WASHng">59447.9146666667</dst>
        </src>
        <src id="CHINng">
            <dst id="ATLA-M5">0</dst>
            <dst id="ATLAng">39285.5946666667</dst>
            <dst id="CHINng">114603.917333333</dst>
            <dst id="DNVRng">31121.336</dst>
            <dst id="HSTNng">118203.984</dst>
            <dst id="IPLSng">80275.4373333333</dst>
            <dst id="KSCYng">20198.0586666667</dst>
            <dst id="LOSAng">53.3333333333333</dst>
            <dst id="NYCMng">51290.5786666667</dst>
            <dst id="SNVAng">160.498666666667</dst>
            <dst id="STTLng">841.808</dst>
            <dst id="WASHng">52794.984</dst>
        </src>
        <src id="DNVRng">
            <dst id="ATLA-M5">0</dst>
            <dst id="ATLAng">18134.576</dst>
            <dst id="CHINng">79417.176</dst>
            <dst id="DNVRng">14732.5253333333</dst>
            <dst id="HSTNng">59330.84</dst>
            <dst id="IPLSng">58952.7893333333</dst>
            <dst id="KSCYng">22214.68</dst>
            <dst id="LOSAng">0</dst>
            <dst id="NYCMng">19477.8613333333</dst>
            <dst id="SNVAng">18455.5733333333</dst>
            <dst id="STTLng">379.389333333333</dst>
            <dst id="WASHng">53176.4293333333</dst>
        </src>
        <src id="HSTNng">
            <dst id="ATLA-M5">0</dst>
            <dst id="ATLAng">39166.088</dst>
            <dst id="CHINng">4078.94666666667</dst>
            <dst id="DNVRng">138.194666666667</dst>
            <dst id="HSTNng">204858.810666667</dst>
            <dst id="IPLSng">80</dst>
            <dst id="KSCYng">26.6666666666667</dst>
            <dst id="LOSAng">0</dst>
            <dst id="NYCMng">12377.208</dst>
            <dst id="SNVAng">116.762666666667</dst>
            <dst id="STTLng">174.826666666667</dst>
            <dst id="WASHng">128208.770666667</dst>
        </src>
        <src id="IPLSng">
            <dst id="ATLA-M5">0</dst>
            <dst id="ATLAng">31701.088</dst>
            <dst id="CHINng">104188.272</dst>
            <dst id="DNVRng">23673.2586666667</dst>
            <dst id="HSTNng">76445.144</dst>
            <dst id="IPLSng">28583.4586666667</dst>
            <dst id="KSCYng">33176.1413333333</dst>
            <dst id="LOSAng">243.581333333333</dst>
            <dst id="NYCMng">54866.9093333333</dst>
            <dst id="SNVAng">5246.712</dst>
            <dst id="STTLng">258.194666666667</dst>
            <dst id="WASHng">71649.7413333333</dst>
        </src>
        <src id="KSCYng">
            <dst id="ATLA-M5">0</dst>
            <dst id="ATLAng">7037.52266666667</dst>
            <dst id="CHINng">35934.1413333333</dst>
            <dst id="DNVRng">22567.7226666667</dst>
            <dst id="HSTNng">18478.6373333333</dst>
            <dst id="IPLSng">33704.6693333333</dst>
            <dst id="KSCYng">9698.616</dst>
            <dst id="LOSAng">0</dst>
            <dst id="NYCMng">15438.2666666667</dst>
            <dst id="SNVAng">81.048</dst>
            <dst id="STTLng">96.5493333333334</dst>
            <dst id="WASHng">14140.712</dst>
        </src>
        <src id="LOSAng">
            <dst id="ATLA-M5">0</dst>
            <dst id="ATLAng">29719.2453333333</dst>
            <dst id="CHINng">6907.272</dst>
            <dst id="DNVRng">34422.4746666667</dst>
            <dst id="HSTNng">186117.866666667</dst>
            <dst id="IPLSng">1612.88533333333</dst>
            <dst id="KSCYng">966.589333333333</dst>
            <dst id="LOSAng">14136.8426666667</dst>
            <dst id="NYCMng">69062.1466666667</dst>
            <dst id="SNVAng">15823.0426666667</dst>
            <dst id="STTLng">24735.7466666667</dst>
            <dst id="WASHng">111038.413333333</dst>
        </src>
        <src id="NYCMng">
            <dst id="ATLA-M5">0</dst>
            <dst id="ATLAng">58087.528</dst>
            <dst id="CHINng">78103.3866666667</dst>
            <dst id="DNVRng">45404.4933333333</dst>
            <dst id="HSTNng">160247.098666667</dst>
            <dst id="IPLSng">110275.248</dst>
            <dst id="KSCYng">29655.8266666667</dst>
            <dst id="LOSAng">121.784</dst>
            <dst id="NYCMng">287429.653333333</dst>
            <dst id="SNVAng">2086.52533333333</dst>
            <dst id="STTLng">1919.824</dst>
            <dst id="WASHng">185080.456</dst>
        </src>
        <src id="SNVAng">
            <dst id="ATLA-M5">0</dst>
            <dst id="ATLAng">1721.432</dst>
            <dst id="CHINng">986.581333333333</dst>
            <dst id="DNVRng">6150.70666666667</dst>
            <dst id="HSTNng">13054.1946666667</dst>
            <dst id="IPLSng">26.6666666666667</dst>
            <dst id="KSCYng">1242.52</dst>
            <dst id="LOSAng">40860.9893333333</dst>
            <dst id="NYCMng">15596.36</dst>
            <dst id="SNVAng">17763.7066666667</dst>
            <dst id="STTLng">57149.7386666667</dst>
            <dst id="WASHng">1383.53066666667</dst>
        </src>
        <src id="STTLng">
            <dst id="ATLA-M5">0</dst>
            <dst id="ATLAng">17587.9093333333</dst>
            <dst id="CHINng">23280.8186666667</dst>
            <dst id="DNVRng">12769.4826666667</dst>
            <dst id="HSTNng">53122.472</dst>
            <dst id="IPLSng">698.613333333333</dst>
            <dst id="KSCYng">8597.264</dst>
            <dst id="LOSAng">31299.5493333333</dst>
            <dst id="NYCMng">19967.0186666667</dst>
            <dst id="SNVAng">12550.3253333333</dst>
            <dst id="STTLng">6608.29333333333</dst>
            <dst id="WASHng">40654.352</dst>
        </src>
        <src id="WASHng">
            <dst id="ATLA-M5">0</dst>
            <dst id="ATLAng">114133.794666667</dst>
            <dst id="CHINng">102817.069333333</dst>
            <dst id="DNVRng">3202.83733333333</dst>
            <dst id="HSTNng">373504.533333333</dst>
            <dst id="IPLSng">82315.168</dst>
            <dst id="KSCYng">26769.752</dst>
            <dst id="LOSAng">210.546666666667</dst>
            <dst id="NYCMng">271396.746666667</dst>
            <dst id="SNVAng">416.848</dst>
            <dst id="STTLng">2711.424</dst>
            <dst id="WASHng">342341.573333333</dst>
        </src>
    </IntraTM>
</TrafficMatrixFile>
