<?xml version="1.0" encoding="ISO-8859-1" standalone="yes"?>
<TrafficMatrixFile xsi:noNamespaceSchemaLocation="http://totem.run.montefiore.ulg.ac.be/Schema/TrafficMatrix-v1_2.xsd" xmlns:xsi="http://www.w3.org/2001/XMLSchema-instance">
    <IntraTM ASID="11537">
        <src id="ATLA-M5">
            <dst id="ATLA-M5">194.586666666667</dst>
            <dst id="ATLAng">445.346666666667</dst>
            <dst id="CHINng">1614.33333333333</dst>
            <dst id="DNVRng">26.6666666666667</dst>
            <dst id="HSTNng">3550.392</dst>
            <dst id="IPLSng">1576.632</dst>
            <dst id="KSCYng">331.242666666667</dst>
            <dst id="LOSAng">0</dst>
            <dst id="NYCMng">415.826666666667</dst>
            <dst id="SNVAng">26.6666666666667</dst>
            <dst id="STTLng">0</dst>
            <dst id="WASHng">1349.13066666667</dst>
        </src>
        <src id="ATLAng">
            <dst id="ATLA-M5">0</dst>
            <dst id="ATLAng">69710.008</dst>
            <dst id="CHINng">40249.12</dst>
            <dst id="DNVRng">210.642666666667</dst>
            <dst id="HSTNng">74155.4506666667</dst>
            <dst id="IPLSng">40522.3866666667</dst>
            <dst id="KSCYng">4527.104</dst>
            <dst id="LOSAng">98.112</dst>
            <dst id="NYCMng">17386.6826666667</dst>
            <dst id="SNVAng">526.970666666667</dst>
            <dst id="STTLng">311.109333333333</dst>
            <dst id="WASHng">89008.8506666667</dst>
        </src>
        <src id="CHINng">
            <dst id="ATLA-M5">0</dst>
            <dst id="ATLAng">37988.2586666667</dst>
            <dst id="CHINng">136170.826666667</dst>
            <dst id="DNVRng">17190.12</dst>
            <dst id="HSTNng">80589.9786666667</dst>
            <dst id="IPLSng">101407.898666667</dst>
            <dst id="KSCYng">17126.8053333333</dst>
            <dst id="LOSAng">117.802666666667</dst>
            <dst id="NYCMng">36376.2106666667</dst>
            <dst id="SNVAng">491.445333333333</dst>
            <dst id="STTLng">1232.872</dst>
            <dst id="WASHng">60312.7653333333</dst>
        </src>
        <src id="DNVRng">
            <dst id="ATLA-M5">0</dst>
            <dst id="ATLAng">11939.5786666667</dst>
            <dst id="CHINng">65931.3146666667</dst>
            <dst id="DNVRng">27506.792</dst>
            <dst id="HSTNng">56100.12</dst>
            <dst id="IPLSng">30943.9306666667</dst>
            <dst id="KSCYng">31542.184</dst>
            <dst id="LOSAng">53.3333333333333</dst>
            <dst id="NYCMng">18561.8746666667</dst>
            <dst id="SNVAng">15942.2213333333</dst>
            <dst id="STTLng">261.088</dst>
            <dst id="WASHng">48806.5146666667</dst>
        </src>
        <src id="HSTNng">
            <dst id="ATLA-M5">0</dst>
            <dst id="ATLAng">39123.2533333333</dst>
            <dst id="CHINng">2295.57066666667</dst>
            <dst id="DNVRng">27.3173333333333</dst>
            <dst id="HSTNng">217624.216</dst>
            <dst id="IPLSng">0</dst>
            <dst id="KSCYng">84.1706666666667</dst>
            <dst id="LOSAng">26.6666666666667</dst>
            <dst id="NYCMng">11151.608</dst>
            <dst id="SNVAng">26.6666666666667</dst>
            <dst id="STTLng">80</dst>
            <dst id="WASHng">130401.405333333</dst>
        </src>
        <src id="IPLSng">
            <dst id="ATLA-M5">0</dst>
            <dst id="ATLAng">27390.5306666667</dst>
            <dst id="CHINng">193619.864</dst>
            <dst id="DNVRng">20388.6346666667</dst>
            <dst id="HSTNng">82437.952</dst>
            <dst id="IPLSng">49510.432</dst>
            <dst id="KSCYng">36877.0933333333</dst>
            <dst id="LOSAng">345.896</dst>
            <dst id="NYCMng">48640.768</dst>
            <dst id="SNVAng">8145.41333333333</dst>
            <dst id="STTLng">249.048</dst>
            <dst id="WASHng">56175.2666666667</dst>
        </src>
        <src id="KSCYng">
            <dst id="ATLA-M5">0</dst>
            <dst id="ATLAng">7539.968</dst>
            <dst id="CHINng">31783.808</dst>
            <dst id="DNVRng">19519.1013333333</dst>
            <dst id="HSTNng">22844.648</dst>
            <dst id="IPLSng">25063.5733333333</dst>
            <dst id="KSCYng">11325.208</dst>
            <dst id="LOSAng">26.6666666666667</dst>
            <dst id="NYCMng">13723.6666666667</dst>
            <dst id="SNVAng">160.208</dst>
            <dst id="STTLng">82.7893333333333</dst>
            <dst id="WASHng">13963.3973333333</dst>
        </src>
        <src id="LOSAng">
            <dst id="ATLA-M5">0</dst>
            <dst id="ATLAng">27254.8133333333</dst>
            <dst id="CHINng">14584.0346666667</dst>
            <dst id="DNVRng">22743.6373333333</dst>
            <dst id="HSTNng">193985.157333333</dst>
            <dst id="IPLSng">1669.09066666667</dst>
            <dst id="KSCYng">1347.25066666667</dst>
            <dst id="LOSAng">21951.6773333333</dst>
            <dst id="NYCMng">62537.5653333333</dst>
            <dst id="SNVAng">16495.8826666667</dst>
            <dst id="STTLng">42349.56</dst>
            <dst id="WASHng">113926.456</dst>
        </src>
        <src id="NYCMng">
            <dst id="ATLA-M5">0</dst>
            <dst id="ATLAng">63232.656</dst>
            <dst id="CHINng">102488.165333333</dst>
            <dst id="DNVRng">59834.5466666667</dst>
            <dst id="HSTNng">143343.586666667</dst>
            <dst id="IPLSng">85917.864</dst>
            <dst id="KSCYng">34321.4666666667</dst>
            <dst id="LOSAng">245.52</dst>
            <dst id="NYCMng">273249.36</dst>
            <dst id="SNVAng">386.162666666667</dst>
            <dst id="STTLng">1449.70666666667</dst>
            <dst id="WASHng">157523.053333333</dst>
        </src>
        <src id="SNVAng">
            <dst id="ATLA-M5">0</dst>
            <dst id="ATLAng">1142.33066666667</dst>
            <dst id="CHINng">3141.60266666667</dst>
            <dst id="DNVRng">14223.7173333333</dst>
            <dst id="HSTNng">18560.952</dst>
            <dst id="IPLSng">53.3333333333333</dst>
            <dst id="KSCYng">3340.24</dst>
            <dst id="LOSAng">41540.8346666667</dst>
            <dst id="NYCMng">5748.32</dst>
            <dst id="SNVAng">22707.992</dst>
            <dst id="STTLng">53767.7893333333</dst>
            <dst id="WASHng">2540.2</dst>
        </src>
        <src id="STTLng">
            <dst id="ATLA-M5">0</dst>
            <dst id="ATLAng">14746.2586666667</dst>
            <dst id="CHINng">24071.488</dst>
            <dst id="DNVRng">10892.2933333333</dst>
            <dst id="HSTNng">61172.8053333333</dst>
            <dst id="IPLSng">652.173333333333</dst>
            <dst id="KSCYng">5874.808</dst>
            <dst id="LOSAng">24780.032</dst>
            <dst id="NYCMng">14711.2186666667</dst>
            <dst id="SNVAng">11601.3573333333</dst>
            <dst id="STTLng">7736.32</dst>
            <dst id="WASHng">42387.3386666667</dst>
        </src>
        <src id="WASHng">
            <dst id="ATLA-M5">0</dst>
            <dst id="ATLAng">185070.730666667</dst>
            <dst id="CHINng">113709.866666667</dst>
            <dst id="DNVRng">5734.12266666667</dst>
            <dst id="HSTNng">334653.306666667</dst>
            <dst id="IPLSng">104273.685333333</dst>
            <dst id="KSCYng">31503.4426666667</dst>
            <dst id="LOSAng">87.4346666666667</dst>
            <dst id="NYCMng">187602.541333333</dst>
            <dst id="SNVAng">559.498666666667</dst>
            <dst id="STTLng">5003.4</dst>
            <dst id="WASHng">393423.52</dst>
        </src>
    </IntraTM>
</TrafficMatrixFile>
