<?xml version="1.0" encoding="ISO-8859-1" standalone="yes"?>
<TrafficMatrixFile xsi:noNamespaceSchemaLocation="http://totem.run.montefiore.ulg.ac.be/Schema/TrafficMatrix-v1_2.xsd" xmlns:xsi="http://www.w3.org/2001/XMLSchema-instance">
    <IntraTM ASID="11537">
        <src id="ATLA-M5">
            <dst id="ATLA-M5">0</dst>
            <dst id="ATLAng">137.026666666667</dst>
            <dst id="CHINng">1323.34666666667</dst>
            <dst id="DNVRng">0</dst>
            <dst id="HSTNng">1176.56266666667</dst>
            <dst id="IPLSng">539.957333333334</dst>
            <dst id="KSCYng">0</dst>
            <dst id="LOSAng">0</dst>
            <dst id="NYCMng">2271.144</dst>
            <dst id="SNVAng">0</dst>
            <dst id="STTLng">0</dst>
            <dst id="WASHng">2752.36</dst>
        </src>
        <src id="ATLAng">
            <dst id="ATLA-M5">0</dst>
            <dst id="ATLAng">39046.272</dst>
            <dst id="CHINng">33801.1173333333</dst>
            <dst id="DNVRng">0</dst>
            <dst id="HSTNng">3880.07733333333</dst>
            <dst id="IPLSng">28299.2693333333</dst>
            <dst id="KSCYng">26.6666666666667</dst>
            <dst id="LOSAng">0</dst>
            <dst id="NYCMng">43638.92</dst>
            <dst id="SNVAng">26.6666666666667</dst>
            <dst id="STTLng">0</dst>
            <dst id="WASHng">43242.0933333333</dst>
        </src>
        <src id="CHINng">
            <dst id="ATLA-M5">0</dst>
            <dst id="ATLAng">33710.664</dst>
            <dst id="CHINng">29597.216</dst>
            <dst id="DNVRng">0</dst>
            <dst id="HSTNng">17870.096</dst>
            <dst id="IPLSng">42935.056</dst>
            <dst id="KSCYng">53.3333333333333</dst>
            <dst id="LOSAng">0</dst>
            <dst id="NYCMng">221847.114666667</dst>
            <dst id="SNVAng">0</dst>
            <dst id="STTLng">131.909333333333</dst>
            <dst id="WASHng">40047.3173333333</dst>
        </src>
        <src id="DNVRng">
            <dst id="ATLA-M5">0</dst>
            <dst id="ATLAng">8405.86933333333</dst>
            <dst id="CHINng">34170.0213333333</dst>
            <dst id="DNVRng">13993.9973333333</dst>
            <dst id="HSTNng">31798.5893333333</dst>
            <dst id="IPLSng">39514.264</dst>
            <dst id="KSCYng">25869.88</dst>
            <dst id="LOSAng">26.6666666666667</dst>
            <dst id="NYCMng">37571.1066666667</dst>
            <dst id="SNVAng">13338.896</dst>
            <dst id="STTLng">160</dst>
            <dst id="WASHng">33284.2533333333</dst>
        </src>
        <src id="HSTNng">
            <dst id="ATLA-M5">0</dst>
            <dst id="ATLAng">20401.8746666667</dst>
            <dst id="CHINng">911.946666666667</dst>
            <dst id="DNVRng">80</dst>
            <dst id="HSTNng">128768.626666667</dst>
            <dst id="IPLSng">53.3333333333333</dst>
            <dst id="KSCYng">0</dst>
            <dst id="LOSAng">0</dst>
            <dst id="NYCMng">4190.88533333334</dst>
            <dst id="SNVAng">0</dst>
            <dst id="STTLng">0</dst>
            <dst id="WASHng">110974.168</dst>
        </src>
        <src id="IPLSng">
            <dst id="ATLA-M5">0</dst>
            <dst id="ATLAng">20719.7306666667</dst>
            <dst id="CHINng">132108.205333333</dst>
            <dst id="DNVRng">0</dst>
            <dst id="HSTNng">11189.6533333333</dst>
            <dst id="IPLSng">29365.6773333333</dst>
            <dst id="KSCYng">29801.8533333333</dst>
            <dst id="LOSAng">1402.688</dst>
            <dst id="NYCMng">211879.717333333</dst>
            <dst id="SNVAng">276.928</dst>
            <dst id="STTLng">53.3333333333333</dst>
            <dst id="WASHng">36071.248</dst>
        </src>
        <src id="KSCYng">
            <dst id="ATLA-M5">0</dst>
            <dst id="ATLAng">18633.904</dst>
            <dst id="CHINng">16723.088</dst>
            <dst id="DNVRng">6640.904</dst>
            <dst id="HSTNng">15979.0506666667</dst>
            <dst id="IPLSng">12208.32</dst>
            <dst id="KSCYng">8574.30933333333</dst>
            <dst id="LOSAng">26.6666666666667</dst>
            <dst id="NYCMng">21208.9013333333</dst>
            <dst id="SNVAng">0</dst>
            <dst id="STTLng">0</dst>
            <dst id="WASHng">9106.63466666667</dst>
        </src>
        <src id="LOSAng">
            <dst id="ATLA-M5">0</dst>
            <dst id="ATLAng">16463.7306666667</dst>
            <dst id="CHINng">1677.584</dst>
            <dst id="DNVRng">11047.952</dst>
            <dst id="HSTNng">115834.685333333</dst>
            <dst id="IPLSng">1312.24</dst>
            <dst id="KSCYng">66.824</dst>
            <dst id="LOSAng">21907.2373333333</dst>
            <dst id="NYCMng">59535.176</dst>
            <dst id="SNVAng">9166.6</dst>
            <dst id="STTLng">17564.176</dst>
            <dst id="WASHng">92485.808</dst>
        </src>
        <src id="NYCMng">
            <dst id="ATLA-M5">0</dst>
            <dst id="ATLAng">31287.576</dst>
            <dst id="CHINng">563.448</dst>
            <dst id="DNVRng">0</dst>
            <dst id="HSTNng">25097.8266666667</dst>
            <dst id="IPLSng">26.6666666666667</dst>
            <dst id="KSCYng">102.666666666667</dst>
            <dst id="LOSAng">485.944</dst>
            <dst id="NYCMng">450435.946666667</dst>
            <dst id="SNVAng">58.1013333333333</dst>
            <dst id="STTLng">661.461333333333</dst>
            <dst id="WASHng">88060.9546666667</dst>
        </src>
        <src id="SNVAng">
            <dst id="ATLA-M5">0</dst>
            <dst id="ATLAng">718.821333333333</dst>
            <dst id="CHINng">26.6666666666667</dst>
            <dst id="DNVRng">3321.26933333333</dst>
            <dst id="HSTNng">19565.8906666667</dst>
            <dst id="IPLSng">38.912</dst>
            <dst id="KSCYng">671.530666666667</dst>
            <dst id="LOSAng">33649.9066666667</dst>
            <dst id="NYCMng">5120.48</dst>
            <dst id="SNVAng">14211.288</dst>
            <dst id="STTLng">51572.272</dst>
            <dst id="WASHng">782.242666666667</dst>
        </src>
        <src id="STTLng">
            <dst id="ATLA-M5">0</dst>
            <dst id="ATLAng">9116.89333333333</dst>
            <dst id="CHINng">342.466666666667</dst>
            <dst id="DNVRng">12144.4026666667</dst>
            <dst id="HSTNng">16217.392</dst>
            <dst id="IPLSng">451.413333333333</dst>
            <dst id="KSCYng">4181.352</dst>
            <dst id="LOSAng">17907.368</dst>
            <dst id="NYCMng">46417.1653333333</dst>
            <dst id="SNVAng">5865.52533333333</dst>
            <dst id="STTLng">5772.09333333333</dst>
            <dst id="WASHng">29554.0453333333</dst>
        </src>
        <src id="WASHng">
            <dst id="ATLA-M5">0</dst>
            <dst id="ATLAng">118926.189333333</dst>
            <dst id="CHINng">1004.624</dst>
            <dst id="DNVRng">0</dst>
            <dst id="HSTNng">71930.0026666667</dst>
            <dst id="IPLSng">106.666666666667</dst>
            <dst id="KSCYng">53.3333333333333</dst>
            <dst id="LOSAng">26.6666666666667</dst>
            <dst id="NYCMng">484777.2</dst>
            <dst id="SNVAng">56.0666666666667</dst>
            <dst id="STTLng">2175.74666666667</dst>
            <dst id="WASHng">255339.816</dst>
        </src>
    </IntraTM>
</TrafficMatrixFile>
