<?xml version="1.0" encoding="ISO-8859-1" standalone="yes"?>
<TrafficMatrixFile xsi:noNamespaceSchemaLocation="http://totem.run.montefiore.ulg.ac.be/Schema/TrafficMatrix-v1_2.xsd" xmlns:xsi="http://www.w3.org/2001/XMLSchema-instance">
    <IntraTM ASID="11537">
        <src id="ATLA-M5">
            <dst id="ATLA-M5">188.144</dst>
            <dst id="ATLAng">1403.93333333333</dst>
            <dst id="CHINng">1382.76266666667</dst>
            <dst id="DNVRng">54.6693333333333</dst>
            <dst id="HSTNng">1532.49066666667</dst>
            <dst id="IPLSng">914.981333333333</dst>
            <dst id="KSCYng">491.328</dst>
            <dst id="LOSAng">26.6666666666667</dst>
            <dst id="NYCMng">1774.648</dst>
            <dst id="SNVAng">36.384</dst>
            <dst id="STTLng">53.3333333333333</dst>
            <dst id="WASHng">2086.152</dst>
        </src>
        <src id="ATLAng">
            <dst id="ATLA-M5">0</dst>
            <dst id="ATLAng">45329.168</dst>
            <dst id="CHINng">52760.664</dst>
            <dst id="DNVRng">162.714666666667</dst>
            <dst id="HSTNng">79344.5093333333</dst>
            <dst id="IPLSng">102902.541333333</dst>
            <dst id="KSCYng">7468.91733333333</dst>
            <dst id="LOSAng">165.178666666667</dst>
            <dst id="NYCMng">28864.3253333333</dst>
            <dst id="SNVAng">1410.52533333333</dst>
            <dst id="STTLng">527.76</dst>
            <dst id="WASHng">87327.2906666667</dst>
        </src>
        <src id="CHINng">
            <dst id="ATLA-M5">0</dst>
            <dst id="ATLAng">29634.7173333333</dst>
            <dst id="CHINng">123496.789333333</dst>
            <dst id="DNVRng">25875.0453333333</dst>
            <dst id="HSTNng">92430.7386666667</dst>
            <dst id="IPLSng">93006.7546666667</dst>
            <dst id="KSCYng">19545.1306666667</dst>
            <dst id="LOSAng">288.533333333333</dst>
            <dst id="NYCMng">38430.8026666667</dst>
            <dst id="SNVAng">166.610666666667</dst>
            <dst id="STTLng">1003.288</dst>
            <dst id="WASHng">55262.8613333333</dst>
        </src>
        <src id="DNVRng">
            <dst id="ATLA-M5">0</dst>
            <dst id="ATLAng">25481.6</dst>
            <dst id="CHINng">77719.6746666667</dst>
            <dst id="DNVRng">19310.896</dst>
            <dst id="HSTNng">50087.1813333333</dst>
            <dst id="IPLSng">41788.032</dst>
            <dst id="KSCYng">26798.6826666667</dst>
            <dst id="LOSAng">0</dst>
            <dst id="NYCMng">25958.792</dst>
            <dst id="SNVAng">29112.6213333333</dst>
            <dst id="STTLng">362.725333333333</dst>
            <dst id="WASHng">68180.8533333333</dst>
        </src>
        <src id="HSTNng">
            <dst id="ATLA-M5">0</dst>
            <dst id="ATLAng">39570.2666666667</dst>
            <dst id="CHINng">4876.56533333333</dst>
            <dst id="DNVRng">0</dst>
            <dst id="HSTNng">353795.973333333</dst>
            <dst id="IPLSng">173.333333333333</dst>
            <dst id="KSCYng">53.3333333333333</dst>
            <dst id="LOSAng">26.6666666666667</dst>
            <dst id="NYCMng">11659.9813333333</dst>
            <dst id="SNVAng">30.6773333333333</dst>
            <dst id="STTLng">62.5733333333333</dst>
            <dst id="WASHng">132690.306666667</dst>
        </src>
        <src id="IPLSng">
            <dst id="ATLA-M5">0</dst>
            <dst id="ATLAng">97073.368</dst>
            <dst id="CHINng">139632.837333333</dst>
            <dst id="DNVRng">24479.5333333333</dst>
            <dst id="HSTNng">125593.194666667</dst>
            <dst id="IPLSng">41745.7786666667</dst>
            <dst id="KSCYng">28434.3253333333</dst>
            <dst id="LOSAng">251.162666666667</dst>
            <dst id="NYCMng">59726.568</dst>
            <dst id="SNVAng">5408.34133333333</dst>
            <dst id="STTLng">171.104</dst>
            <dst id="WASHng">49995.816</dst>
        </src>
        <src id="KSCYng">
            <dst id="ATLA-M5">0</dst>
            <dst id="ATLAng">7010.33866666667</dst>
            <dst id="CHINng">54454.7493333333</dst>
            <dst id="DNVRng">25630.6426666667</dst>
            <dst id="HSTNng">17648.24</dst>
            <dst id="IPLSng">25432.5066666667</dst>
            <dst id="KSCYng">8457.88533333333</dst>
            <dst id="LOSAng">0</dst>
            <dst id="NYCMng">18694.9946666667</dst>
            <dst id="SNVAng">264.656</dst>
            <dst id="STTLng">180.242666666667</dst>
            <dst id="WASHng">14219.6186666667</dst>
        </src>
        <src id="LOSAng">
            <dst id="ATLA-M5">0</dst>
            <dst id="ATLAng">29340.8</dst>
            <dst id="CHINng">7422.95466666667</dst>
            <dst id="DNVRng">26889.2106666667</dst>
            <dst id="HSTNng">1203868.61333333</dst>
            <dst id="IPLSng">1734.02933333333</dst>
            <dst id="KSCYng">1438.81066666667</dst>
            <dst id="LOSAng">15151.248</dst>
            <dst id="NYCMng">72649.6773333333</dst>
            <dst id="SNVAng">22347.9386666667</dst>
            <dst id="STTLng">26104.056</dst>
            <dst id="WASHng">115882.92</dst>
        </src>
        <src id="NYCMng">
            <dst id="ATLA-M5">0</dst>
            <dst id="ATLAng">69489.5013333333</dst>
            <dst id="CHINng">95330.728</dst>
            <dst id="DNVRng">51220.0533333333</dst>
            <dst id="HSTNng">148785.450666667</dst>
            <dst id="IPLSng">101773.738666667</dst>
            <dst id="KSCYng">29830.5813333333</dst>
            <dst id="LOSAng">209.173333333333</dst>
            <dst id="NYCMng">259432.317333333</dst>
            <dst id="SNVAng">380.528</dst>
            <dst id="STTLng">1959.21333333333</dst>
            <dst id="WASHng">218006.165333333</dst>
        </src>
        <src id="SNVAng">
            <dst id="ATLA-M5">0</dst>
            <dst id="ATLAng">2649.92266666667</dst>
            <dst id="CHINng">4172.088</dst>
            <dst id="DNVRng">23512.5493333333</dst>
            <dst id="HSTNng">16541.52</dst>
            <dst id="IPLSng">0</dst>
            <dst id="KSCYng">1047.66133333333</dst>
            <dst id="LOSAng">35726.6293333333</dst>
            <dst id="NYCMng">10801.632</dst>
            <dst id="SNVAng">15475.8426666667</dst>
            <dst id="STTLng">53987.248</dst>
            <dst id="WASHng">1493.39733333333</dst>
        </src>
        <src id="STTLng">
            <dst id="ATLA-M5">0</dst>
            <dst id="ATLAng">19046.0053333333</dst>
            <dst id="CHINng">23415.1546666667</dst>
            <dst id="DNVRng">11603.944</dst>
            <dst id="HSTNng">63205.9866666667</dst>
            <dst id="IPLSng">939.816</dst>
            <dst id="KSCYng">6557.16266666667</dst>
            <dst id="LOSAng">27639.8106666667</dst>
            <dst id="NYCMng">17945.3413333333</dst>
            <dst id="SNVAng">13143.6506666667</dst>
            <dst id="STTLng">1312.8</dst>
            <dst id="WASHng">42627.7973333333</dst>
        </src>
        <src id="WASHng">
            <dst id="ATLA-M5">0</dst>
            <dst id="ATLAng">117280.749333333</dst>
            <dst id="CHINng">101531.618666667</dst>
            <dst id="DNVRng">5429.58133333333</dst>
            <dst id="HSTNng">331926.186666667</dst>
            <dst id="IPLSng">78308.424</dst>
            <dst id="KSCYng">28303.832</dst>
            <dst id="LOSAng">158.394666666667</dst>
            <dst id="NYCMng">223361.397333333</dst>
            <dst id="SNVAng">814.04</dst>
            <dst id="STTLng">5158.91733333333</dst>
            <dst id="WASHng">363336.613333333</dst>
        </src>
    </IntraTM>
</TrafficMatrixFile>
