<?xml version="1.0" encoding="ISO-8859-1" standalone="yes"?>
<TrafficMatrixFile xsi:noNamespaceSchemaLocation="http://totem.run.montefiore.ulg.ac.be/Schema/TrafficMatrix-v1_2.xsd" xmlns:xsi="http://www.w3.org/2001/XMLSchema-instance">
    <IntraTM ASID="11537">
        <src id="ATLA-M5">
            <dst id="ATLA-M5">26.6666666666667</dst>
            <dst id="ATLAng">106.666666666667</dst>
            <dst id="CHINng">920.816</dst>
            <dst id="DNVRng">0</dst>
            <dst id="HSTNng">735.453333333333</dst>
            <dst id="IPLSng">151.333333333333</dst>
            <dst id="KSCYng">106.666666666667</dst>
            <dst id="LOSAng">0</dst>
            <dst id="NYCMng">412.882666666667</dst>
            <dst id="SNVAng">0</dst>
            <dst id="STTLng">0</dst>
            <dst id="WASHng">1628.01066666667</dst>
        </src>
        <src id="ATLAng">
            <dst id="ATLA-M5">0</dst>
            <dst id="ATLAng">24448.032</dst>
            <dst id="CHINng">19668.664</dst>
            <dst id="DNVRng">53.3333333333333</dst>
            <dst id="HSTNng">588947.76</dst>
            <dst id="IPLSng">45532.888</dst>
            <dst id="KSCYng">5923.448</dst>
            <dst id="LOSAng">101.941333333333</dst>
            <dst id="NYCMng">27692.4586666667</dst>
            <dst id="SNVAng">0</dst>
            <dst id="STTLng">178.8</dst>
            <dst id="WASHng">76236.1013333333</dst>
        </src>
        <src id="CHINng">
            <dst id="ATLA-M5">0</dst>
            <dst id="ATLAng">33494.88</dst>
            <dst id="CHINng">125649.525333333</dst>
            <dst id="DNVRng">22367.512</dst>
            <dst id="HSTNng">115380.037333333</dst>
            <dst id="IPLSng">65306.968</dst>
            <dst id="KSCYng">15208.88</dst>
            <dst id="LOSAng">444.122666666667</dst>
            <dst id="NYCMng">43686.0426666667</dst>
            <dst id="SNVAng">26.6666666666667</dst>
            <dst id="STTLng">1752.96266666667</dst>
            <dst id="WASHng">37471.0133333333</dst>
        </src>
        <src id="DNVRng">
            <dst id="ATLA-M5">0</dst>
            <dst id="ATLAng">8941.81866666666</dst>
            <dst id="CHINng">75062.512</dst>
            <dst id="DNVRng">18160.784</dst>
            <dst id="HSTNng">70228.76</dst>
            <dst id="IPLSng">28384.5146666667</dst>
            <dst id="KSCYng">13861.7013333333</dst>
            <dst id="LOSAng">38.344</dst>
            <dst id="NYCMng">25041.3146666667</dst>
            <dst id="SNVAng">12138.104</dst>
            <dst id="STTLng">26.6666666666667</dst>
            <dst id="WASHng">31616.7226666667</dst>
        </src>
        <src id="HSTNng">
            <dst id="ATLA-M5">0</dst>
            <dst id="ATLAng">31202.944</dst>
            <dst id="CHINng">3465.712</dst>
            <dst id="DNVRng">0</dst>
            <dst id="HSTNng">160868.234666667</dst>
            <dst id="IPLSng">246.122666666667</dst>
            <dst id="KSCYng">32.5333333333333</dst>
            <dst id="LOSAng">0</dst>
            <dst id="NYCMng">9233.752</dst>
            <dst id="SNVAng">26.6666666666667</dst>
            <dst id="STTLng">53.3333333333333</dst>
            <dst id="WASHng">102116.312</dst>
        </src>
        <src id="IPLSng">
            <dst id="ATLA-M5">0</dst>
            <dst id="ATLAng">18334.5066666667</dst>
            <dst id="CHINng">153473.288</dst>
            <dst id="DNVRng">11683.048</dst>
            <dst id="HSTNng">128228.085333333</dst>
            <dst id="IPLSng">33449.376</dst>
            <dst id="KSCYng">21707.9386666667</dst>
            <dst id="LOSAng">725.677333333333</dst>
            <dst id="NYCMng">51368.5253333333</dst>
            <dst id="SNVAng">102.264</dst>
            <dst id="STTLng">397.578666666667</dst>
            <dst id="WASHng">30874.2746666667</dst>
        </src>
        <src id="KSCYng">
            <dst id="ATLA-M5">0</dst>
            <dst id="ATLAng">7763.66133333333</dst>
            <dst id="CHINng">42343.9386666667</dst>
            <dst id="DNVRng">6124.384</dst>
            <dst id="HSTNng">19583.944</dst>
            <dst id="IPLSng">14559.384</dst>
            <dst id="KSCYng">9986.48533333333</dst>
            <dst id="LOSAng">0</dst>
            <dst id="NYCMng">13351.1386666667</dst>
            <dst id="SNVAng">0</dst>
            <dst id="STTLng">60.944</dst>
            <dst id="WASHng">13941.5093333333</dst>
        </src>
        <src id="LOSAng">
            <dst id="ATLA-M5">0</dst>
            <dst id="ATLAng">19299.152</dst>
            <dst id="CHINng">9407.77333333333</dst>
            <dst id="DNVRng">12046.8506666667</dst>
            <dst id="HSTNng">166977.472</dst>
            <dst id="IPLSng">422.104</dst>
            <dst id="KSCYng">120.314666666667</dst>
            <dst id="LOSAng">63891.2373333333</dst>
            <dst id="NYCMng">66335.176</dst>
            <dst id="SNVAng">11207.472</dst>
            <dst id="STTLng">30072.4133333333</dst>
            <dst id="WASHng">90456.7466666667</dst>
        </src>
        <src id="NYCMng">
            <dst id="ATLA-M5">0</dst>
            <dst id="ATLAng">47663.2906666667</dst>
            <dst id="CHINng">81185.1466666667</dst>
            <dst id="DNVRng">40508.416</dst>
            <dst id="HSTNng">133505.322666667</dst>
            <dst id="IPLSng">66457.456</dst>
            <dst id="KSCYng">22886.48</dst>
            <dst id="LOSAng">266.554666666667</dst>
            <dst id="NYCMng">245658.288</dst>
            <dst id="SNVAng">26.6666666666667</dst>
            <dst id="STTLng">9659.92266666667</dst>
            <dst id="WASHng">146898.829333333</dst>
        </src>
        <src id="SNVAng">
            <dst id="ATLA-M5">0</dst>
            <dst id="ATLAng">1964.432</dst>
            <dst id="CHINng">484.512</dst>
            <dst id="DNVRng">1395.32533333333</dst>
            <dst id="HSTNng">4974.85066666667</dst>
            <dst id="IPLSng">26.6666666666667</dst>
            <dst id="KSCYng">671.029333333333</dst>
            <dst id="LOSAng">36067.472</dst>
            <dst id="NYCMng">5572.872</dst>
            <dst id="SNVAng">12889.8453333333</dst>
            <dst id="STTLng">51997.7226666667</dst>
            <dst id="WASHng">749.189333333333</dst>
        </src>
        <src id="STTLng">
            <dst id="ATLA-M5">0</dst>
            <dst id="ATLAng">14750.6106666667</dst>
            <dst id="CHINng">23264.616</dst>
            <dst id="DNVRng">7472.192</dst>
            <dst id="HSTNng">50116.984</dst>
            <dst id="IPLSng">385.394666666667</dst>
            <dst id="KSCYng">2811.29333333333</dst>
            <dst id="LOSAng">27995.568</dst>
            <dst id="NYCMng">21639.1466666667</dst>
            <dst id="SNVAng">7665.936</dst>
            <dst id="STTLng">5367.416</dst>
            <dst id="WASHng">29073.8506666667</dst>
        </src>
        <src id="WASHng">
            <dst id="ATLA-M5">0</dst>
            <dst id="ATLAng">123695.309333333</dst>
            <dst id="CHINng">90730.5013333333</dst>
            <dst id="DNVRng">4507.98933333333</dst>
            <dst id="HSTNng">315204.586666667</dst>
            <dst id="IPLSng">55362.7093333333</dst>
            <dst id="KSCYng">16638.24</dst>
            <dst id="LOSAng">167.685333333333</dst>
            <dst id="NYCMng">172255.698666667</dst>
            <dst id="SNVAng">237.018666666667</dst>
            <dst id="STTLng">4086.00533333333</dst>
            <dst id="WASHng">335488.186666667</dst>
        </src>
    </IntraTM>
</TrafficMatrixFile>
