<?xml version="1.0" encoding="ISO-8859-1" standalone="yes"?>
<TrafficMatrixFile xsi:noNamespaceSchemaLocation="http://totem.run.montefiore.ulg.ac.be/Schema/TrafficMatrix-v1_2.xsd" xmlns:xsi="http://www.w3.org/2001/XMLSchema-instance">
    <IntraTM ASID="11537">
        <src id="ATLA-M5">
            <dst id="ATLA-M5">667.296</dst>
            <dst id="ATLAng">768.16</dst>
            <dst id="CHINng">2247.73066666667</dst>
            <dst id="DNVRng">38.912</dst>
            <dst id="HSTNng">722.816</dst>
            <dst id="IPLSng">1090.28533333333</dst>
            <dst id="KSCYng">140.749333333333</dst>
            <dst id="LOSAng">0</dst>
            <dst id="NYCMng">325.68</dst>
            <dst id="SNVAng">59.1786666666667</dst>
            <dst id="STTLng">53.3333333333333</dst>
            <dst id="WASHng">3525.34933333333</dst>
        </src>
        <src id="ATLAng">
            <dst id="ATLA-M5">0</dst>
            <dst id="ATLAng">65504.0986666667</dst>
            <dst id="CHINng">39765.9066666667</dst>
            <dst id="DNVRng">433.917333333333</dst>
            <dst id="HSTNng">59607.784</dst>
            <dst id="IPLSng">32874.408</dst>
            <dst id="KSCYng">6672.66133333333</dst>
            <dst id="LOSAng">26.6666666666667</dst>
            <dst id="NYCMng">16216.256</dst>
            <dst id="SNVAng">979.429333333333</dst>
            <dst id="STTLng">169.989333333333</dst>
            <dst id="WASHng">78032.2</dst>
        </src>
        <src id="CHINng">
            <dst id="ATLA-M5">0</dst>
            <dst id="ATLAng">28861.1173333333</dst>
            <dst id="CHINng">130298.013333333</dst>
            <dst id="DNVRng">22582.16</dst>
            <dst id="HSTNng">89612.3706666667</dst>
            <dst id="IPLSng">67543.7146666667</dst>
            <dst id="KSCYng">16259.0933333333</dst>
            <dst id="LOSAng">409.341333333333</dst>
            <dst id="NYCMng">39811.1786666667</dst>
            <dst id="SNVAng">128.346666666667</dst>
            <dst id="STTLng">777.824</dst>
            <dst id="WASHng">45368.8986666667</dst>
        </src>
        <src id="DNVRng">
            <dst id="ATLA-M5">0</dst>
            <dst id="ATLAng">12817.16</dst>
            <dst id="CHINng">75760.9653333333</dst>
            <dst id="DNVRng">15658.2266666667</dst>
            <dst id="HSTNng">42829.7306666667</dst>
            <dst id="IPLSng">40769.4293333333</dst>
            <dst id="KSCYng">22952.256</dst>
            <dst id="LOSAng">0</dst>
            <dst id="NYCMng">16002.032</dst>
            <dst id="SNVAng">25782.952</dst>
            <dst id="STTLng">80</dst>
            <dst id="WASHng">55464.008</dst>
        </src>
        <src id="HSTNng">
            <dst id="ATLA-M5">0</dst>
            <dst id="ATLAng">38326.5973333333</dst>
            <dst id="CHINng">3137.49333333333</dst>
            <dst id="DNVRng">129.056</dst>
            <dst id="HSTNng">265809.304</dst>
            <dst id="IPLSng">381.642666666667</dst>
            <dst id="KSCYng">95.5253333333333</dst>
            <dst id="LOSAng">26.6666666666667</dst>
            <dst id="NYCMng">10262.9973333333</dst>
            <dst id="SNVAng">156.597333333333</dst>
            <dst id="STTLng">68.32</dst>
            <dst id="WASHng">112738.168</dst>
        </src>
        <src id="IPLSng">
            <dst id="ATLA-M5">0</dst>
            <dst id="ATLAng">36748.912</dst>
            <dst id="CHINng">169365.778666667</dst>
            <dst id="DNVRng">22924.3066666667</dst>
            <dst id="HSTNng">71964.8773333333</dst>
            <dst id="IPLSng">48590.256</dst>
            <dst id="KSCYng">47565.9066666667</dst>
            <dst id="LOSAng">131.552</dst>
            <dst id="NYCMng">67739.4533333334</dst>
            <dst id="SNVAng">4381.04266666667</dst>
            <dst id="STTLng">544.914666666667</dst>
            <dst id="WASHng">45661.4453333333</dst>
        </src>
        <src id="KSCYng">
            <dst id="ATLA-M5">0</dst>
            <dst id="ATLAng">5938.656</dst>
            <dst id="CHINng">34629.7893333333</dst>
            <dst id="DNVRng">30924.9493333333</dst>
            <dst id="HSTNng">21223.672</dst>
            <dst id="IPLSng">31960.2746666667</dst>
            <dst id="KSCYng">10063.904</dst>
            <dst id="LOSAng">26.6666666666667</dst>
            <dst id="NYCMng">10781.0773333333</dst>
            <dst id="SNVAng">240.194666666667</dst>
            <dst id="STTLng">177.706666666667</dst>
            <dst id="WASHng">12411.3226666667</dst>
        </src>
        <src id="LOSAng">
            <dst id="ATLA-M5">0</dst>
            <dst id="ATLAng">32377.68</dst>
            <dst id="CHINng">8733.368</dst>
            <dst id="DNVRng">21628.7573333333</dst>
            <dst id="HSTNng">193988.629333333</dst>
            <dst id="IPLSng">2047.72266666667</dst>
            <dst id="KSCYng">1570.992</dst>
            <dst id="LOSAng">24335.2746666667</dst>
            <dst id="NYCMng">61089.6826666667</dst>
            <dst id="SNVAng">18079.0506666667</dst>
            <dst id="STTLng">27116.1626666667</dst>
            <dst id="WASHng">98708.96</dst>
        </src>
        <src id="NYCMng">
            <dst id="ATLA-M5">0</dst>
            <dst id="ATLAng">61035.3813333333</dst>
            <dst id="CHINng">93448.2133333334</dst>
            <dst id="DNVRng">49186.6933333333</dst>
            <dst id="HSTNng">134880.152</dst>
            <dst id="IPLSng">90231.1333333333</dst>
            <dst id="KSCYng">29490.9413333333</dst>
            <dst id="LOSAng">403.450666666667</dst>
            <dst id="NYCMng">251656.074666667</dst>
            <dst id="SNVAng">1169.904</dst>
            <dst id="STTLng">2834.49333333333</dst>
            <dst id="WASHng">165247.317333333</dst>
        </src>
        <src id="SNVAng">
            <dst id="ATLA-M5">0</dst>
            <dst id="ATLAng">740.597333333333</dst>
            <dst id="CHINng">2389.12266666667</dst>
            <dst id="DNVRng">3913.10666666667</dst>
            <dst id="HSTNng">10838.1973333333</dst>
            <dst id="IPLSng">56.36</dst>
            <dst id="KSCYng">2341.84</dst>
            <dst id="LOSAng">39791.312</dst>
            <dst id="NYCMng">9219.30133333333</dst>
            <dst id="SNVAng">17556.6586666667</dst>
            <dst id="STTLng">56797.648</dst>
            <dst id="WASHng">1985.46666666667</dst>
        </src>
        <src id="STTLng">
            <dst id="ATLA-M5">0</dst>
            <dst id="ATLAng">12991.2506666667</dst>
            <dst id="CHINng">22745.5253333333</dst>
            <dst id="DNVRng">10012.3946666667</dst>
            <dst id="HSTNng">66151.8026666667</dst>
            <dst id="IPLSng">617.696</dst>
            <dst id="KSCYng">5830.85866666667</dst>
            <dst id="LOSAng">31075.6666666667</dst>
            <dst id="NYCMng">12683.968</dst>
            <dst id="SNVAng">12862.6346666667</dst>
            <dst id="STTLng">2877.22933333333</dst>
            <dst id="WASHng">45313.1546666667</dst>
        </src>
        <src id="WASHng">
            <dst id="ATLA-M5">0</dst>
            <dst id="ATLAng">139650.178666667</dst>
            <dst id="CHINng">137848.448</dst>
            <dst id="DNVRng">8721.512</dst>
            <dst id="HSTNng">345872.533333333</dst>
            <dst id="IPLSng">95275.568</dst>
            <dst id="KSCYng">25449.6986666667</dst>
            <dst id="LOSAng">235.04</dst>
            <dst id="NYCMng">226255.434666667</dst>
            <dst id="SNVAng">519.448</dst>
            <dst id="STTLng">6352.37333333333</dst>
            <dst id="WASHng">378948.4</dst>
        </src>
    </IntraTM>
</TrafficMatrixFile>
