<?xml version="1.0" encoding="ISO-8859-1" standalone="yes"?>
<TrafficMatrixFile xsi:noNamespaceSchemaLocation="http://totem.run.montefiore.ulg.ac.be/Schema/TrafficMatrix-v1_2.xsd" xmlns:xsi="http://www.w3.org/2001/XMLSchema-instance">
    <IntraTM ASID="11537">
        <src id="ATLA-M5">
            <dst id="ATLA-M5">0</dst>
            <dst id="ATLAng">156.058666666667</dst>
            <dst id="CHINng">912.386666666667</dst>
            <dst id="DNVRng">0</dst>
            <dst id="HSTNng">2220.28266666667</dst>
            <dst id="IPLSng">457.472</dst>
            <dst id="KSCYng">0</dst>
            <dst id="LOSAng">0</dst>
            <dst id="NYCMng">3308.76533333333</dst>
            <dst id="SNVAng">0</dst>
            <dst id="STTLng">0</dst>
            <dst id="WASHng">2202.24533333333</dst>
        </src>
        <src id="ATLAng">
            <dst id="ATLA-M5">0</dst>
            <dst id="ATLAng">20282.992</dst>
            <dst id="CHINng">32726.36</dst>
            <dst id="DNVRng">0</dst>
            <dst id="HSTNng">5310.07733333333</dst>
            <dst id="IPLSng">25314.8133333333</dst>
            <dst id="KSCYng">0</dst>
            <dst id="LOSAng">149.994666666667</dst>
            <dst id="NYCMng">55182.3013333333</dst>
            <dst id="SNVAng">26.6666666666667</dst>
            <dst id="STTLng">26.6666666666667</dst>
            <dst id="WASHng">41976.1573333333</dst>
        </src>
        <src id="CHINng">
            <dst id="ATLA-M5">0</dst>
            <dst id="ATLAng">37027.064</dst>
            <dst id="CHINng">28371.4933333333</dst>
            <dst id="DNVRng">0</dst>
            <dst id="HSTNng">17076.0346666667</dst>
            <dst id="IPLSng">40269.0346666667</dst>
            <dst id="KSCYng">53.3333333333333</dst>
            <dst id="LOSAng">53.3333333333333</dst>
            <dst id="NYCMng">222762.085333333</dst>
            <dst id="SNVAng">1332.86133333333</dst>
            <dst id="STTLng">106.666666666667</dst>
            <dst id="WASHng">34557.776</dst>
        </src>
        <src id="DNVRng">
            <dst id="ATLA-M5">0</dst>
            <dst id="ATLAng">7459.168</dst>
            <dst id="CHINng">37621.616</dst>
            <dst id="DNVRng">9051.088</dst>
            <dst id="HSTNng">28384.6026666667</dst>
            <dst id="IPLSng">29302.456</dst>
            <dst id="KSCYng">19980.6693333333</dst>
            <dst id="LOSAng">0</dst>
            <dst id="NYCMng">34559.7306666667</dst>
            <dst id="SNVAng">14254.6533333333</dst>
            <dst id="STTLng">106.666666666667</dst>
            <dst id="WASHng">35125.7226666667</dst>
        </src>
        <src id="HSTNng">
            <dst id="ATLA-M5">0</dst>
            <dst id="ATLAng">27049.568</dst>
            <dst id="CHINng">1372.70666666667</dst>
            <dst id="DNVRng">26.6666666666667</dst>
            <dst id="HSTNng">136619.32</dst>
            <dst id="IPLSng">27.104</dst>
            <dst id="KSCYng">0</dst>
            <dst id="LOSAng">0</dst>
            <dst id="NYCMng">4732.97866666667</dst>
            <dst id="SNVAng">0</dst>
            <dst id="STTLng">0</dst>
            <dst id="WASHng">108804.338666667</dst>
        </src>
        <src id="IPLSng">
            <dst id="ATLA-M5">0</dst>
            <dst id="ATLAng">17304.5253333333</dst>
            <dst id="CHINng">111813.496</dst>
            <dst id="DNVRng">0</dst>
            <dst id="HSTNng">9047.56</dst>
            <dst id="IPLSng">27592.016</dst>
            <dst id="KSCYng">30593.136</dst>
            <dst id="LOSAng">1430.22933333333</dst>
            <dst id="NYCMng">130732.314666667</dst>
            <dst id="SNVAng">26.6666666666667</dst>
            <dst id="STTLng">106.666666666667</dst>
            <dst id="WASHng">31602.8026666667</dst>
        </src>
        <src id="KSCYng">
            <dst id="ATLA-M5">0</dst>
            <dst id="ATLAng">4664.472</dst>
            <dst id="CHINng">22473.104</dst>
            <dst id="DNVRng">6116.12</dst>
            <dst id="HSTNng">16255.584</dst>
            <dst id="IPLSng">14210.1706666667</dst>
            <dst id="KSCYng">6027.432</dst>
            <dst id="LOSAng">0</dst>
            <dst id="NYCMng">22595.7786666667</dst>
            <dst id="SNVAng">0</dst>
            <dst id="STTLng">0</dst>
            <dst id="WASHng">10204.4826666667</dst>
        </src>
        <src id="LOSAng">
            <dst id="ATLA-M5">0</dst>
            <dst id="ATLAng">20499.24</dst>
            <dst id="CHINng">1611.22933333333</dst>
            <dst id="DNVRng">12566.8826666667</dst>
            <dst id="HSTNng">119576.746666667</dst>
            <dst id="IPLSng">1150.232</dst>
            <dst id="KSCYng">80</dst>
            <dst id="LOSAng">23153.9173333333</dst>
            <dst id="NYCMng">56880.9146666667</dst>
            <dst id="SNVAng">15286.8506666667</dst>
            <dst id="STTLng">18839.4986666667</dst>
            <dst id="WASHng">88688.9333333333</dst>
        </src>
        <src id="NYCMng">
            <dst id="ATLA-M5">0</dst>
            <dst id="ATLAng">28913.7813333333</dst>
            <dst id="CHINng">858.861333333333</dst>
            <dst id="DNVRng">0</dst>
            <dst id="HSTNng">26634.48</dst>
            <dst id="IPLSng">201.866666666667</dst>
            <dst id="KSCYng">92</dst>
            <dst id="LOSAng">713.904</dst>
            <dst id="NYCMng">492399.866666667</dst>
            <dst id="SNVAng">104.504</dst>
            <dst id="STTLng">676.413333333333</dst>
            <dst id="WASHng">96038.128</dst>
        </src>
        <src id="SNVAng">
            <dst id="ATLA-M5">0</dst>
            <dst id="ATLAng">553.746666666667</dst>
            <dst id="CHINng">214.805333333333</dst>
            <dst id="DNVRng">5026.64266666667</dst>
            <dst id="HSTNng">3736.29333333333</dst>
            <dst id="IPLSng">0</dst>
            <dst id="KSCYng">432.133333333333</dst>
            <dst id="LOSAng">41995.928</dst>
            <dst id="NYCMng">6858.97866666667</dst>
            <dst id="SNVAng">14805.352</dst>
            <dst id="STTLng">56893.8453333333</dst>
            <dst id="WASHng">824.288</dst>
        </src>
        <src id="STTLng">
            <dst id="ATLA-M5">0</dst>
            <dst id="ATLAng">7734.77066666667</dst>
            <dst id="CHINng">501.133333333333</dst>
            <dst id="DNVRng">9479.01333333333</dst>
            <dst id="HSTNng">17624.8506666667</dst>
            <dst id="IPLSng">294.882666666667</dst>
            <dst id="KSCYng">4004.61333333333</dst>
            <dst id="LOSAng">20169.6853333333</dst>
            <dst id="NYCMng">47927.5173333333</dst>
            <dst id="SNVAng">6234.312</dst>
            <dst id="STTLng">2804.12533333333</dst>
            <dst id="WASHng">30634.784</dst>
        </src>
        <src id="WASHng">
            <dst id="ATLA-M5">0</dst>
            <dst id="ATLAng">103130.664</dst>
            <dst id="CHINng">340.490666666667</dst>
            <dst id="DNVRng">0</dst>
            <dst id="HSTNng">68818.7013333333</dst>
            <dst id="IPLSng">80</dst>
            <dst id="KSCYng">26.6666666666667</dst>
            <dst id="LOSAng">101.152</dst>
            <dst id="NYCMng">504510.986666667</dst>
            <dst id="SNVAng">69.9093333333333</dst>
            <dst id="STTLng">3715.30133333333</dst>
            <dst id="WASHng">298922.986666667</dst>
        </src>
    </IntraTM>
</TrafficMatrixFile>
