<?xml version="1.0" encoding="ISO-8859-1" standalone="yes"?>
<TrafficMatrixFile xsi:noNamespaceSchemaLocation="http://totem.run.montefiore.ulg.ac.be/Schema/TrafficMatrix-v1_2.xsd" xmlns:xsi="http://www.w3.org/2001/XMLSchema-instance">
    <IntraTM ASID="11537">
        <src id="ATLA-M5">
            <dst id="ATLA-M5">77.0453333333333</dst>
            <dst id="ATLAng">163.037333333333</dst>
            <dst id="CHINng">2333.38133333333</dst>
            <dst id="DNVRng">0</dst>
            <dst id="HSTNng">347.453333333333</dst>
            <dst id="IPLSng">1186.94133333333</dst>
            <dst id="KSCYng">0</dst>
            <dst id="LOSAng">0</dst>
            <dst id="NYCMng">1698.94133333333</dst>
            <dst id="SNVAng">0</dst>
            <dst id="STTLng">0</dst>
            <dst id="WASHng">1466.21333333333</dst>
        </src>
        <src id="ATLAng">
            <dst id="ATLA-M5">0</dst>
            <dst id="ATLAng">45580.088</dst>
            <dst id="CHINng">37283.536</dst>
            <dst id="DNVRng">0</dst>
            <dst id="HSTNng">4347.08533333333</dst>
            <dst id="IPLSng">31138.4506666667</dst>
            <dst id="KSCYng">0</dst>
            <dst id="LOSAng">26.6666666666667</dst>
            <dst id="NYCMng">47020.8853333333</dst>
            <dst id="SNVAng">0</dst>
            <dst id="STTLng">0</dst>
            <dst id="WASHng">30745.1626666667</dst>
        </src>
        <src id="CHINng">
            <dst id="ATLA-M5">0</dst>
            <dst id="ATLAng">35213.312</dst>
            <dst id="CHINng">33790.6613333333</dst>
            <dst id="DNVRng">0</dst>
            <dst id="HSTNng">26176.3653333333</dst>
            <dst id="IPLSng">70465.0346666667</dst>
            <dst id="KSCYng">289.498666666667</dst>
            <dst id="LOSAng">245.594666666667</dst>
            <dst id="NYCMng">213858.976</dst>
            <dst id="SNVAng">0</dst>
            <dst id="STTLng">894.184</dst>
            <dst id="WASHng">37837.4666666667</dst>
        </src>
        <src id="DNVRng">
            <dst id="ATLA-M5">0</dst>
            <dst id="ATLAng">10921.5466666667</dst>
            <dst id="CHINng">34413.7973333333</dst>
            <dst id="DNVRng">7671.97333333333</dst>
            <dst id="HSTNng">25164.672</dst>
            <dst id="IPLSng">37547.0453333333</dst>
            <dst id="KSCYng">11083.4133333333</dst>
            <dst id="LOSAng">0</dst>
            <dst id="NYCMng">31143.0213333333</dst>
            <dst id="SNVAng">9293.208</dst>
            <dst id="STTLng">1242.93333333333</dst>
            <dst id="WASHng">42888.3973333333</dst>
        </src>
        <src id="HSTNng">
            <dst id="ATLA-M5">0</dst>
            <dst id="ATLAng">53916.0053333333</dst>
            <dst id="CHINng">1184.59466666667</dst>
            <dst id="DNVRng">31.2533333333333</dst>
            <dst id="HSTNng">226902.109333333</dst>
            <dst id="IPLSng">106.666666666667</dst>
            <dst id="KSCYng">0</dst>
            <dst id="LOSAng">26.6666666666667</dst>
            <dst id="NYCMng">6738.65333333333</dst>
            <dst id="SNVAng">0</dst>
            <dst id="STTLng">0</dst>
            <dst id="WASHng">121350.450666667</dst>
        </src>
        <src id="IPLSng">
            <dst id="ATLA-M5">0</dst>
            <dst id="ATLAng">18198.7973333333</dst>
            <dst id="CHINng">229253.184</dst>
            <dst id="DNVRng">0</dst>
            <dst id="HSTNng">10304.5973333333</dst>
            <dst id="IPLSng">29333.7466666667</dst>
            <dst id="KSCYng">37985.4106666667</dst>
            <dst id="LOSAng">0</dst>
            <dst id="NYCMng">168188.762666667</dst>
            <dst id="SNVAng">109.338666666667</dst>
            <dst id="STTLng">56.88</dst>
            <dst id="WASHng">26236.5866666667</dst>
        </src>
        <src id="KSCYng">
            <dst id="ATLA-M5">0</dst>
            <dst id="ATLAng">4709.064</dst>
            <dst id="CHINng">17813</dst>
            <dst id="DNVRng">8808.11466666667</dst>
            <dst id="HSTNng">21814.9306666667</dst>
            <dst id="IPLSng">13219.48</dst>
            <dst id="KSCYng">6610.58666666667</dst>
            <dst id="LOSAng">26.6666666666667</dst>
            <dst id="NYCMng">19484.64</dst>
            <dst id="SNVAng">0</dst>
            <dst id="STTLng">0</dst>
            <dst id="WASHng">11956.68</dst>
        </src>
        <src id="LOSAng">
            <dst id="ATLA-M5">0</dst>
            <dst id="ATLAng">50115.1066666667</dst>
            <dst id="CHINng">5022.416</dst>
            <dst id="DNVRng">28575.072</dst>
            <dst id="HSTNng">128162.450666667</dst>
            <dst id="IPLSng">265.605333333333</dst>
            <dst id="KSCYng">196.885333333333</dst>
            <dst id="LOSAng">28180.5066666667</dst>
            <dst id="NYCMng">63014.784</dst>
            <dst id="SNVAng">23854.9733333333</dst>
            <dst id="STTLng">19126.8426666667</dst>
            <dst id="WASHng">97815.824</dst>
        </src>
        <src id="NYCMng">
            <dst id="ATLA-M5">0</dst>
            <dst id="ATLAng">48948.6373333333</dst>
            <dst id="CHINng">2030.096</dst>
            <dst id="DNVRng">0</dst>
            <dst id="HSTNng">31866.304</dst>
            <dst id="IPLSng">115.56</dst>
            <dst id="KSCYng">104.384</dst>
            <dst id="LOSAng">26.6666666666667</dst>
            <dst id="NYCMng">577526.08</dst>
            <dst id="SNVAng">53.3333333333333</dst>
            <dst id="STTLng">76.7653333333333</dst>
            <dst id="WASHng">113691.682666667</dst>
        </src>
        <src id="SNVAng">
            <dst id="ATLA-M5">0</dst>
            <dst id="ATLAng">634.514666666667</dst>
            <dst id="CHINng">53.3333333333333</dst>
            <dst id="DNVRng">2962.48533333333</dst>
            <dst id="HSTNng">7370.15733333333</dst>
            <dst id="IPLSng">0</dst>
            <dst id="KSCYng">193.938666666667</dst>
            <dst id="LOSAng">36910.5573333333</dst>
            <dst id="NYCMng">6457.34933333333</dst>
            <dst id="SNVAng">14013.3653333333</dst>
            <dst id="STTLng">53641.4213333333</dst>
            <dst id="WASHng">1277.89866666667</dst>
        </src>
        <src id="STTLng">
            <dst id="ATLA-M5">0</dst>
            <dst id="ATLAng">7525.10933333333</dst>
            <dst id="CHINng">1131.98666666667</dst>
            <dst id="DNVRng">5985.53333333333</dst>
            <dst id="HSTNng">38274.6</dst>
            <dst id="IPLSng">229.778666666667</dst>
            <dst id="KSCYng">5141.55733333333</dst>
            <dst id="LOSAng">20821.808</dst>
            <dst id="NYCMng">49979.6373333333</dst>
            <dst id="SNVAng">6333.37333333333</dst>
            <dst id="STTLng">12192.4026666667</dst>
            <dst id="WASHng">33267.5573333333</dst>
        </src>
        <src id="WASHng">
            <dst id="ATLA-M5">0</dst>
            <dst id="ATLAng">99975.9093333333</dst>
            <dst id="CHINng">1531.136</dst>
            <dst id="DNVRng">0</dst>
            <dst id="HSTNng">70694.0666666667</dst>
            <dst id="IPLSng">5149.84266666667</dst>
            <dst id="KSCYng">80</dst>
            <dst id="LOSAng">321.458666666667</dst>
            <dst id="NYCMng">552691.226666667</dst>
            <dst id="SNVAng">72.0453333333333</dst>
            <dst id="STTLng">53.3333333333333</dst>
            <dst id="WASHng">251967.882666667</dst>
        </src>
    </IntraTM>
</TrafficMatrixFile>
