<?xml version="1.0" encoding="ISO-8859-1" standalone="yes"?>
<TrafficMatrixFile xsi:noNamespaceSchemaLocation="http://totem.run.montefiore.ulg.ac.be/Schema/TrafficMatrix-v1_2.xsd" xmlns:xsi="http://www.w3.org/2001/XMLSchema-instance">
    <IntraTM ASID="11537">
        <src id="ATLA-M5">
            <dst id="ATLA-M5">177.402666666667</dst>
            <dst id="ATLAng">456.477333333333</dst>
            <dst id="CHINng">644.664</dst>
            <dst id="DNVRng">0</dst>
            <dst id="HSTNng">809.322666666667</dst>
            <dst id="IPLSng">1026.06666666667</dst>
            <dst id="KSCYng">307.082666666667</dst>
            <dst id="LOSAng">0</dst>
            <dst id="NYCMng">620.869333333333</dst>
            <dst id="SNVAng">26.6666666666667</dst>
            <dst id="STTLng">26.6666666666667</dst>
            <dst id="WASHng">1190.25333333333</dst>
        </src>
        <src id="ATLAng">
            <dst id="ATLA-M5">0</dst>
            <dst id="ATLAng">30805.0746666667</dst>
            <dst id="CHINng">23945.0613333333</dst>
            <dst id="DNVRng">104.504</dst>
            <dst id="HSTNng">30009.2133333333</dst>
            <dst id="IPLSng">31355.8853333333</dst>
            <dst id="KSCYng">4653.51466666667</dst>
            <dst id="LOSAng">0</dst>
            <dst id="NYCMng">17095.3333333333</dst>
            <dst id="SNVAng">811.093333333333</dst>
            <dst id="STTLng">1159.86666666667</dst>
            <dst id="WASHng">78790.0666666667</dst>
        </src>
        <src id="CHINng">
            <dst id="ATLA-M5">0</dst>
            <dst id="ATLAng">24132.7786666667</dst>
            <dst id="CHINng">175289.077333333</dst>
            <dst id="DNVRng">24926.944</dst>
            <dst id="HSTNng">74303.9333333333</dst>
            <dst id="IPLSng">87543.496</dst>
            <dst id="KSCYng">31030.5013333333</dst>
            <dst id="LOSAng">183.157333333333</dst>
            <dst id="NYCMng">30532.864</dst>
            <dst id="SNVAng">26.6666666666667</dst>
            <dst id="STTLng">1664.416</dst>
            <dst id="WASHng">30992.9333333333</dst>
        </src>
        <src id="DNVRng">
            <dst id="ATLA-M5">0</dst>
            <dst id="ATLAng">9794.53333333333</dst>
            <dst id="CHINng">72388.2053333333</dst>
            <dst id="DNVRng">11131.88</dst>
            <dst id="HSTNng">36818.584</dst>
            <dst id="IPLSng">28583.6586666667</dst>
            <dst id="KSCYng">16102.9706666667</dst>
            <dst id="LOSAng">0</dst>
            <dst id="NYCMng">18326.616</dst>
            <dst id="SNVAng">14284.032</dst>
            <dst id="STTLng">53.3333333333333</dst>
            <dst id="WASHng">51944.1546666667</dst>
        </src>
        <src id="HSTNng">
            <dst id="ATLA-M5">0</dst>
            <dst id="ATLAng">36915.5013333333</dst>
            <dst id="CHINng">2894.65066666667</dst>
            <dst id="DNVRng">0</dst>
            <dst id="HSTNng">303542</dst>
            <dst id="IPLSng">80</dst>
            <dst id="KSCYng">26.6666666666667</dst>
            <dst id="LOSAng">0</dst>
            <dst id="NYCMng">3570.744</dst>
            <dst id="SNVAng">0</dst>
            <dst id="STTLng">53.3333333333333</dst>
            <dst id="WASHng">109812.888</dst>
        </src>
        <src id="IPLSng">
            <dst id="ATLA-M5">0</dst>
            <dst id="ATLAng">17446.9253333333</dst>
            <dst id="CHINng">156958.266666667</dst>
            <dst id="DNVRng">7498.68533333333</dst>
            <dst id="HSTNng">48693.696</dst>
            <dst id="IPLSng">26278.8106666667</dst>
            <dst id="KSCYng">20055.224</dst>
            <dst id="LOSAng">0</dst>
            <dst id="NYCMng">44480.5786666667</dst>
            <dst id="SNVAng">120.074666666667</dst>
            <dst id="STTLng">267.157333333333</dst>
            <dst id="WASHng">33565.024</dst>
        </src>
        <src id="KSCYng">
            <dst id="ATLA-M5">0</dst>
            <dst id="ATLAng">4891.50933333333</dst>
            <dst id="CHINng">36972.6186666667</dst>
            <dst id="DNVRng">6087.54133333333</dst>
            <dst id="HSTNng">13670.1493333333</dst>
            <dst id="IPLSng">12390.2266666667</dst>
            <dst id="KSCYng">11029.088</dst>
            <dst id="LOSAng">52</dst>
            <dst id="NYCMng">7919.176</dst>
            <dst id="SNVAng">119.298666666667</dst>
            <dst id="STTLng">155.178666666667</dst>
            <dst id="WASHng">14159.744</dst>
        </src>
        <src id="LOSAng">
            <dst id="ATLA-M5">0</dst>
            <dst id="ATLAng">26843.112</dst>
            <dst id="CHINng">14851.2426666667</dst>
            <dst id="DNVRng">6505.52</dst>
            <dst id="HSTNng">304543.52</dst>
            <dst id="IPLSng">2155.60533333333</dst>
            <dst id="KSCYng">1897.41333333333</dst>
            <dst id="LOSAng">22107.688</dst>
            <dst id="NYCMng">51064.7306666667</dst>
            <dst id="SNVAng">12855.5333333333</dst>
            <dst id="STTLng">14785.3146666667</dst>
            <dst id="WASHng">101468.592</dst>
        </src>
        <src id="NYCMng">
            <dst id="ATLA-M5">0</dst>
            <dst id="ATLAng">45965.9306666667</dst>
            <dst id="CHINng">81338.8426666667</dst>
            <dst id="DNVRng">25838.5466666667</dst>
            <dst id="HSTNng">90510.6986666667</dst>
            <dst id="IPLSng">60199.5173333333</dst>
            <dst id="KSCYng">19860.5706666667</dst>
            <dst id="LOSAng">153.458666666667</dst>
            <dst id="NYCMng">220956.365333333</dst>
            <dst id="SNVAng">196.930666666667</dst>
            <dst id="STTLng">2562.49333333333</dst>
            <dst id="WASHng">109583.546666667</dst>
        </src>
        <src id="SNVAng">
            <dst id="ATLA-M5">0</dst>
            <dst id="ATLAng">510.013333333333</dst>
            <dst id="CHINng">1376.36</dst>
            <dst id="DNVRng">1475.06666666667</dst>
            <dst id="HSTNng">4430.504</dst>
            <dst id="IPLSng">0</dst>
            <dst id="KSCYng">926.442666666667</dst>
            <dst id="LOSAng">34187.4746666667</dst>
            <dst id="NYCMng">10880.928</dst>
            <dst id="SNVAng">17471.6</dst>
            <dst id="STTLng">49353.5546666667</dst>
            <dst id="WASHng">1036.23733333333</dst>
        </src>
        <src id="STTLng">
            <dst id="ATLA-M5">0</dst>
            <dst id="ATLAng">12242.2586666667</dst>
            <dst id="CHINng">30293.736</dst>
            <dst id="DNVRng">4626.53066666667</dst>
            <dst id="HSTNng">52972.1946666667</dst>
            <dst id="IPLSng">655.061333333333</dst>
            <dst id="KSCYng">3185.352</dst>
            <dst id="LOSAng">15838.2026666667</dst>
            <dst id="NYCMng">12253.6373333333</dst>
            <dst id="SNVAng">6691.17866666667</dst>
            <dst id="STTLng">3623.63733333333</dst>
            <dst id="WASHng">32080.056</dst>
        </src>
        <src id="WASHng">
            <dst id="ATLA-M5">0</dst>
            <dst id="ATLAng">109364.552</dst>
            <dst id="CHINng">79516.5866666667</dst>
            <dst id="DNVRng">4344.81333333333</dst>
            <dst id="HSTNng">284066.08</dst>
            <dst id="IPLSng">70168.3786666667</dst>
            <dst id="KSCYng">19906.8986666667</dst>
            <dst id="LOSAng">0</dst>
            <dst id="NYCMng">185885.936</dst>
            <dst id="SNVAng">630.837333333333</dst>
            <dst id="STTLng">3537.696</dst>
            <dst id="WASHng">449939.733333333</dst>
        </src>
    </IntraTM>
</TrafficMatrixFile>
