<?xml version="1.0" encoding="ISO-8859-1" standalone="yes"?>
<TrafficMatrixFile xsi:noNamespaceSchemaLocation="http://totem.run.montefiore.ulg.ac.be/Schema/TrafficMatrix-v1_2.xsd" xmlns:xsi="http://www.w3.org/2001/XMLSchema-instance">
    <IntraTM ASID="11537">
        <src id="ATLA-M5">
            <dst id="ATLA-M5">0</dst>
            <dst id="ATLAng">571.586666666667</dst>
            <dst id="CHINng">1466.408</dst>
            <dst id="DNVRng">26.6666666666667</dst>
            <dst id="HSTNng">2464.76266666667</dst>
            <dst id="IPLSng">149.170666666667</dst>
            <dst id="KSCYng">445.205333333333</dst>
            <dst id="LOSAng">0</dst>
            <dst id="NYCMng">453.2</dst>
            <dst id="SNVAng">0</dst>
            <dst id="STTLng">0</dst>
            <dst id="WASHng">4106.73066666667</dst>
        </src>
        <src id="ATLAng">
            <dst id="ATLA-M5">0</dst>
            <dst id="ATLAng">24789.6106666667</dst>
            <dst id="CHINng">30559.0906666667</dst>
            <dst id="DNVRng">53.3333333333333</dst>
            <dst id="HSTNng">47778.48</dst>
            <dst id="IPLSng">36788.184</dst>
            <dst id="KSCYng">7425.184</dst>
            <dst id="LOSAng">0</dst>
            <dst id="NYCMng">25062.2373333333</dst>
            <dst id="SNVAng">0</dst>
            <dst id="STTLng">141.474666666667</dst>
            <dst id="WASHng">78310.0053333333</dst>
        </src>
        <src id="CHINng">
            <dst id="ATLA-M5">0</dst>
            <dst id="ATLAng">43208.4133333333</dst>
            <dst id="CHINng">96874.7146666666</dst>
            <dst id="DNVRng">19044.3466666667</dst>
            <dst id="HSTNng">128871.330666667</dst>
            <dst id="IPLSng">80420.8426666667</dst>
            <dst id="KSCYng">21927.7813333333</dst>
            <dst id="LOSAng">687.592</dst>
            <dst id="NYCMng">48878.8586666667</dst>
            <dst id="SNVAng">86.912</dst>
            <dst id="STTLng">1413.41866666667</dst>
            <dst id="WASHng">55061.4693333333</dst>
        </src>
        <src id="DNVRng">
            <dst id="ATLA-M5">0</dst>
            <dst id="ATLAng">23923.3546666667</dst>
            <dst id="CHINng">130903.584</dst>
            <dst id="DNVRng">18865.0346666667</dst>
            <dst id="HSTNng">63314.2453333333</dst>
            <dst id="IPLSng">30640.696</dst>
            <dst id="KSCYng">23273.2</dst>
            <dst id="LOSAng">26.6666666666667</dst>
            <dst id="NYCMng">20658.648</dst>
            <dst id="SNVAng">14270.6906666667</dst>
            <dst id="STTLng">138.4</dst>
            <dst id="WASHng">54079.3333333333</dst>
        </src>
        <src id="HSTNng">
            <dst id="ATLA-M5">0</dst>
            <dst id="ATLAng">36150.1333333333</dst>
            <dst id="CHINng">4276.39466666667</dst>
            <dst id="DNVRng">0</dst>
            <dst id="HSTNng">173418.584</dst>
            <dst id="IPLSng">146.194666666667</dst>
            <dst id="KSCYng">0</dst>
            <dst id="LOSAng">26.6666666666667</dst>
            <dst id="NYCMng">9035.2</dst>
            <dst id="SNVAng">26.6666666666667</dst>
            <dst id="STTLng">106.666666666667</dst>
            <dst id="WASHng">150086.594666667</dst>
        </src>
        <src id="IPLSng">
            <dst id="ATLA-M5">0</dst>
            <dst id="ATLAng">23398.4853333333</dst>
            <dst id="CHINng">141031.104</dst>
            <dst id="DNVRng">11956.4853333333</dst>
            <dst id="HSTNng">143787.336</dst>
            <dst id="IPLSng">37672.872</dst>
            <dst id="KSCYng">38397.928</dst>
            <dst id="LOSAng">26.6666666666667</dst>
            <dst id="NYCMng">64000.6186666667</dst>
            <dst id="SNVAng">272.512</dst>
            <dst id="STTLng">1361.744</dst>
            <dst id="WASHng">42143.7253333333</dst>
        </src>
        <src id="KSCYng">
            <dst id="ATLA-M5">0</dst>
            <dst id="ATLAng">6507.744</dst>
            <dst id="CHINng">35530.5226666667</dst>
            <dst id="DNVRng">8644.00533333333</dst>
            <dst id="HSTNng">15980.9146666667</dst>
            <dst id="IPLSng">24767.5413333333</dst>
            <dst id="KSCYng">15270.984</dst>
            <dst id="LOSAng">28</dst>
            <dst id="NYCMng">15538.9466666667</dst>
            <dst id="SNVAng">0</dst>
            <dst id="STTLng">374.266666666667</dst>
            <dst id="WASHng">18834.3146666667</dst>
        </src>
        <src id="LOSAng">
            <dst id="ATLA-M5">0</dst>
            <dst id="ATLAng">25809.168</dst>
            <dst id="CHINng">4448.29066666667</dst>
            <dst id="DNVRng">21456.1626666667</dst>
            <dst id="HSTNng">229695.117333333</dst>
            <dst id="IPLSng">282.333333333333</dst>
            <dst id="KSCYng">158.226666666667</dst>
            <dst id="LOSAng">19429.8053333333</dst>
            <dst id="NYCMng">79175.6666666667</dst>
            <dst id="SNVAng">31475.52</dst>
            <dst id="STTLng">32486.552</dst>
            <dst id="WASHng">131362.984</dst>
        </src>
        <src id="NYCMng">
            <dst id="ATLA-M5">0</dst>
            <dst id="ATLAng">52788.872</dst>
            <dst id="CHINng">107120.736</dst>
            <dst id="DNVRng">37718.784</dst>
            <dst id="HSTNng">173184.088</dst>
            <dst id="IPLSng">95714.3413333333</dst>
            <dst id="KSCYng">29861.656</dst>
            <dst id="LOSAng">123.274666666667</dst>
            <dst id="NYCMng">252380.664</dst>
            <dst id="SNVAng">26.6666666666667</dst>
            <dst id="STTLng">3706.58133333333</dst>
            <dst id="WASHng">170427.530666667</dst>
        </src>
        <src id="SNVAng">
            <dst id="ATLA-M5">0</dst>
            <dst id="ATLAng">1331.68533333333</dst>
            <dst id="CHINng">830.016</dst>
            <dst id="DNVRng">17256.6853333333</dst>
            <dst id="HSTNng">6623.62933333333</dst>
            <dst id="IPLSng">0</dst>
            <dst id="KSCYng">668.672</dst>
            <dst id="LOSAng">39033.128</dst>
            <dst id="NYCMng">7129.37333333333</dst>
            <dst id="SNVAng">17892.2186666667</dst>
            <dst id="STTLng">55773.3173333333</dst>
            <dst id="WASHng">1810.816</dst>
        </src>
        <src id="STTLng">
            <dst id="ATLA-M5">0</dst>
            <dst id="ATLAng">12770.64</dst>
            <dst id="CHINng">22621.136</dst>
            <dst id="DNVRng">5995.42666666667</dst>
            <dst id="HSTNng">40629.7653333333</dst>
            <dst id="IPLSng">291.56</dst>
            <dst id="KSCYng">4766.18666666667</dst>
            <dst id="LOSAng">28565.0106666667</dst>
            <dst id="NYCMng">14357.9973333333</dst>
            <dst id="SNVAng">7904.144</dst>
            <dst id="STTLng">13915.9893333333</dst>
            <dst id="WASHng">34213.2586666667</dst>
        </src>
        <src id="WASHng">
            <dst id="ATLA-M5">0</dst>
            <dst id="ATLAng">83070.4506666666</dst>
            <dst id="CHINng">97877.264</dst>
            <dst id="DNVRng">2262.23733333333</dst>
            <dst id="HSTNng">363920.426666667</dst>
            <dst id="IPLSng">80804.7546666667</dst>
            <dst id="KSCYng">30161.7413333333</dst>
            <dst id="LOSAng">173.333333333333</dst>
            <dst id="NYCMng">262908.656</dst>
            <dst id="SNVAng">401.925333333333</dst>
            <dst id="STTLng">5937.184</dst>
            <dst id="WASHng">287005.093333333</dst>
        </src>
    </IntraTM>
</TrafficMatrixFile>
