<?xml version="1.0" encoding="ISO-8859-1" standalone="yes"?>
<TrafficMatrixFile xsi:noNamespaceSchemaLocation="http://totem.run.montefiore.ulg.ac.be/Schema/TrafficMatrix-v1_2.xsd" xmlns:xsi="http://www.w3.org/2001/XMLSchema-instance">
    <IntraTM ASID="11537">
        <src id="ATLA-M5">
            <dst id="ATLA-M5">121.642666666667</dst>
            <dst id="ATLAng">431.909333333333</dst>
            <dst id="CHINng">1054.584</dst>
            <dst id="DNVRng">0</dst>
            <dst id="HSTNng">195.906666666667</dst>
            <dst id="IPLSng">364.130666666667</dst>
            <dst id="KSCYng">0</dst>
            <dst id="LOSAng">0</dst>
            <dst id="NYCMng">3366.73066666667</dst>
            <dst id="SNVAng">0</dst>
            <dst id="STTLng">0</dst>
            <dst id="WASHng">840.416</dst>
        </src>
        <src id="ATLAng">
            <dst id="ATLA-M5">0</dst>
            <dst id="ATLAng">46007.6533333333</dst>
            <dst id="CHINng">25184.088</dst>
            <dst id="DNVRng">0</dst>
            <dst id="HSTNng">3184.42666666667</dst>
            <dst id="IPLSng">27627.1573333333</dst>
            <dst id="KSCYng">599.072</dst>
            <dst id="LOSAng">0</dst>
            <dst id="NYCMng">42855.368</dst>
            <dst id="SNVAng">26.6666666666667</dst>
            <dst id="STTLng">26.6666666666667</dst>
            <dst id="WASHng">49264.8266666667</dst>
        </src>
        <src id="CHINng">
            <dst id="ATLA-M5">0</dst>
            <dst id="ATLAng">33465.856</dst>
            <dst id="CHINng">31596.6506666667</dst>
            <dst id="DNVRng">0</dst>
            <dst id="HSTNng">12152.608</dst>
            <dst id="IPLSng">39106.7946666667</dst>
            <dst id="KSCYng">259.018666666667</dst>
            <dst id="LOSAng">80</dst>
            <dst id="NYCMng">214244.557333333</dst>
            <dst id="SNVAng">26.6666666666667</dst>
            <dst id="STTLng">988.554666666667</dst>
            <dst id="WASHng">34412.2906666667</dst>
        </src>
        <src id="DNVRng">
            <dst id="ATLA-M5">0</dst>
            <dst id="ATLAng">6820.736</dst>
            <dst id="CHINng">37013.5146666667</dst>
            <dst id="DNVRng">13523.696</dst>
            <dst id="HSTNng">32084.6746666667</dst>
            <dst id="IPLSng">29362.8106666667</dst>
            <dst id="KSCYng">20921.5706666667</dst>
            <dst id="LOSAng">26.6666666666667</dst>
            <dst id="NYCMng">38406.128</dst>
            <dst id="SNVAng">15357.5013333333</dst>
            <dst id="STTLng">1469.36533333333</dst>
            <dst id="WASHng">39251.7333333333</dst>
        </src>
        <src id="HSTNng">
            <dst id="ATLA-M5">0</dst>
            <dst id="ATLAng">17117.2746666667</dst>
            <dst id="CHINng">1757.8</dst>
            <dst id="DNVRng">60.2986666666667</dst>
            <dst id="HSTNng">158132.602666667</dst>
            <dst id="IPLSng">53.3333333333333</dst>
            <dst id="KSCYng">0</dst>
            <dst id="LOSAng">0</dst>
            <dst id="NYCMng">4623.432</dst>
            <dst id="SNVAng">236</dst>
            <dst id="STTLng">0</dst>
            <dst id="WASHng">115185.4</dst>
        </src>
        <src id="IPLSng">
            <dst id="ATLA-M5">0</dst>
            <dst id="ATLAng">12311.5573333333</dst>
            <dst id="CHINng">98448.8906666667</dst>
            <dst id="DNVRng">0</dst>
            <dst id="HSTNng">9206.81333333333</dst>
            <dst id="IPLSng">23837.752</dst>
            <dst id="KSCYng">26716.872</dst>
            <dst id="LOSAng">0</dst>
            <dst id="NYCMng">155328.602666667</dst>
            <dst id="SNVAng">26.6666666666667</dst>
            <dst id="STTLng">53.3333333333333</dst>
            <dst id="WASHng">18389.7946666667</dst>
        </src>
        <src id="KSCYng">
            <dst id="ATLA-M5">0</dst>
            <dst id="ATLAng">2382.14933333333</dst>
            <dst id="CHINng">17338.3573333333</dst>
            <dst id="DNVRng">5978.6</dst>
            <dst id="HSTNng">18605.1253333333</dst>
            <dst id="IPLSng">11006.84</dst>
            <dst id="KSCYng">7907.77066666667</dst>
            <dst id="LOSAng">248.330666666667</dst>
            <dst id="NYCMng">17110.2506666667</dst>
            <dst id="SNVAng">0</dst>
            <dst id="STTLng">0</dst>
            <dst id="WASHng">8595.10133333333</dst>
        </src>
        <src id="LOSAng">
            <dst id="ATLA-M5">0</dst>
            <dst id="ATLAng">15508.6586666667</dst>
            <dst id="CHINng">3332.90933333333</dst>
            <dst id="DNVRng">8595.736</dst>
            <dst id="HSTNng">90841.48</dst>
            <dst id="IPLSng">1159.496</dst>
            <dst id="KSCYng">262.466666666667</dst>
            <dst id="LOSAng">14023.496</dst>
            <dst id="NYCMng">53988.568</dst>
            <dst id="SNVAng">14746.9333333333</dst>
            <dst id="STTLng">20597.08</dst>
            <dst id="WASHng">102212.728</dst>
        </src>
        <src id="NYCMng">
            <dst id="ATLA-M5">0</dst>
            <dst id="ATLAng">31244.9626666667</dst>
            <dst id="CHINng">2450.64533333333</dst>
            <dst id="DNVRng">0</dst>
            <dst id="HSTNng">21688.1253333333</dst>
            <dst id="IPLSng">53.3333333333333</dst>
            <dst id="KSCYng">233.333333333333</dst>
            <dst id="LOSAng">128.370666666667</dst>
            <dst id="NYCMng">448591.706666667</dst>
            <dst id="SNVAng">38.984</dst>
            <dst id="STTLng">743.285333333333</dst>
            <dst id="WASHng">84692.288</dst>
        </src>
        <src id="SNVAng">
            <dst id="ATLA-M5">0</dst>
            <dst id="ATLAng">858.872</dst>
            <dst id="CHINng">26.6666666666667</dst>
            <dst id="DNVRng">4718.432</dst>
            <dst id="HSTNng">4473.736</dst>
            <dst id="IPLSng">91.6266666666667</dst>
            <dst id="KSCYng">773.973333333333</dst>
            <dst id="LOSAng">37632.568</dst>
            <dst id="NYCMng">4302.136</dst>
            <dst id="SNVAng">16347.888</dst>
            <dst id="STTLng">59580.2293333333</dst>
            <dst id="WASHng">570.256</dst>
        </src>
        <src id="STTLng">
            <dst id="ATLA-M5">0</dst>
            <dst id="ATLAng">6771.49866666667</dst>
            <dst id="CHINng">776.594666666667</dst>
            <dst id="DNVRng">10010.2853333333</dst>
            <dst id="HSTNng">18055.1813333333</dst>
            <dst id="IPLSng">401.189333333333</dst>
            <dst id="KSCYng">3411.672</dst>
            <dst id="LOSAng">19572.968</dst>
            <dst id="NYCMng">51433.0613333333</dst>
            <dst id="SNVAng">11231.168</dst>
            <dst id="STTLng">5259.648</dst>
            <dst id="WASHng">27644.92</dst>
        </src>
        <src id="WASHng">
            <dst id="ATLA-M5">0</dst>
            <dst id="ATLAng">131977.808</dst>
            <dst id="CHINng">232.248</dst>
            <dst id="DNVRng">0</dst>
            <dst id="HSTNng">68040.1386666667</dst>
            <dst id="IPLSng">186.528</dst>
            <dst id="KSCYng">0</dst>
            <dst id="LOSAng">126.296</dst>
            <dst id="NYCMng">489845.013333333</dst>
            <dst id="SNVAng">53.3333333333333</dst>
            <dst id="STTLng">2553.376</dst>
            <dst id="WASHng">263159.802666667</dst>
        </src>
    </IntraTM>
</TrafficMatrixFile>
