<?xml version="1.0" encoding="ISO-8859-1" standalone="yes"?>
<TrafficMatrixFile xsi:noNamespaceSchemaLocation="http://totem.run.montefiore.ulg.ac.be/Schema/TrafficMatrix-v1_2.xsd" xmlns:xsi="http://www.w3.org/2001/XMLSchema-instance">
    <IntraTM ASID="11537">
        <src id="ATLA-M5">
            <dst id="ATLA-M5">0</dst>
            <dst id="ATLAng">236.762666666667</dst>
            <dst id="CHINng">457.341333333333</dst>
            <dst id="DNVRng">0</dst>
            <dst id="HSTNng">159.106666666667</dst>
            <dst id="IPLSng">1050.22666666667</dst>
            <dst id="KSCYng">0</dst>
            <dst id="LOSAng">0</dst>
            <dst id="NYCMng">1489.37066666667</dst>
            <dst id="SNVAng">0</dst>
            <dst id="STTLng">0</dst>
            <dst id="WASHng">360.109333333333</dst>
        </src>
        <src id="ATLAng">
            <dst id="ATLA-M5">0</dst>
            <dst id="ATLAng">48188.592</dst>
            <dst id="CHINng">50143.5066666667</dst>
            <dst id="DNVRng">0</dst>
            <dst id="HSTNng">6219.88266666667</dst>
            <dst id="IPLSng">35893.1013333333</dst>
            <dst id="KSCYng">26.6666666666667</dst>
            <dst id="LOSAng">0</dst>
            <dst id="NYCMng">64535.0186666667</dst>
            <dst id="SNVAng">79.2426666666667</dst>
            <dst id="STTLng">0</dst>
            <dst id="WASHng">34430.8053333333</dst>
        </src>
        <src id="CHINng">
            <dst id="ATLA-M5">0</dst>
            <dst id="ATLAng">32483.3413333333</dst>
            <dst id="CHINng">35757.424</dst>
            <dst id="DNVRng">0</dst>
            <dst id="HSTNng">29897.0266666667</dst>
            <dst id="IPLSng">67878.344</dst>
            <dst id="KSCYng">356.621333333333</dst>
            <dst id="LOSAng">80</dst>
            <dst id="NYCMng">197436.922666667</dst>
            <dst id="SNVAng">0</dst>
            <dst id="STTLng">77.4986666666667</dst>
            <dst id="WASHng">33885.7973333333</dst>
        </src>
        <src id="DNVRng">
            <dst id="ATLA-M5">0</dst>
            <dst id="ATLAng">6284.44</dst>
            <dst id="CHINng">41451.6186666667</dst>
            <dst id="DNVRng">20942.6346666667</dst>
            <dst id="HSTNng">35387.7813333333</dst>
            <dst id="IPLSng">27793.544</dst>
            <dst id="KSCYng">19492.576</dst>
            <dst id="LOSAng">0</dst>
            <dst id="NYCMng">36600.3226666667</dst>
            <dst id="SNVAng">12258.5306666667</dst>
            <dst id="STTLng">1363.768</dst>
            <dst id="WASHng">38468.288</dst>
        </src>
        <src id="HSTNng">
            <dst id="ATLA-M5">0</dst>
            <dst id="ATLAng">34769.7253333333</dst>
            <dst id="CHINng">948.816</dst>
            <dst id="DNVRng">71.5413333333333</dst>
            <dst id="HSTNng">231634.629333333</dst>
            <dst id="IPLSng">53.3333333333333</dst>
            <dst id="KSCYng">26.6666666666667</dst>
            <dst id="LOSAng">0</dst>
            <dst id="NYCMng">6413.18933333333</dst>
            <dst id="SNVAng">0</dst>
            <dst id="STTLng">0</dst>
            <dst id="WASHng">125381.336</dst>
        </src>
        <src id="IPLSng">
            <dst id="ATLA-M5">0</dst>
            <dst id="ATLAng">27435.904</dst>
            <dst id="CHINng">143709.965333333</dst>
            <dst id="DNVRng">0</dst>
            <dst id="HSTNng">10079.584</dst>
            <dst id="IPLSng">41043.96</dst>
            <dst id="KSCYng">20510.144</dst>
            <dst id="LOSAng">26.6666666666667</dst>
            <dst id="NYCMng">225830.44</dst>
            <dst id="SNVAng">133.333333333333</dst>
            <dst id="STTLng">83.5466666666667</dst>
            <dst id="WASHng">34951.1146666667</dst>
        </src>
        <src id="KSCYng">
            <dst id="ATLA-M5">0</dst>
            <dst id="ATLAng">5072.952</dst>
            <dst id="CHINng">19832.3706666667</dst>
            <dst id="DNVRng">6338.67733333333</dst>
            <dst id="HSTNng">17103.0453333333</dst>
            <dst id="IPLSng">17225.5973333333</dst>
            <dst id="KSCYng">2938.112</dst>
            <dst id="LOSAng">0</dst>
            <dst id="NYCMng">58926.0826666667</dst>
            <dst id="SNVAng">0</dst>
            <dst id="STTLng">0</dst>
            <dst id="WASHng">12991.0373333333</dst>
        </src>
        <src id="LOSAng">
            <dst id="ATLA-M5">0</dst>
            <dst id="ATLAng">31174.112</dst>
            <dst id="CHINng">2975.89066666667</dst>
            <dst id="DNVRng">26380.7546666667</dst>
            <dst id="HSTNng">130206.645333333</dst>
            <dst id="IPLSng">429.733333333333</dst>
            <dst id="KSCYng">427.781333333333</dst>
            <dst id="LOSAng">19468.2213333333</dst>
            <dst id="NYCMng">63861.9093333333</dst>
            <dst id="SNVAng">15634.7093333333</dst>
            <dst id="STTLng">22592.168</dst>
            <dst id="WASHng">104029.930666667</dst>
        </src>
        <src id="NYCMng">
            <dst id="ATLA-M5">0</dst>
            <dst id="ATLAng">43434.0026666667</dst>
            <dst id="CHINng">1689.32266666667</dst>
            <dst id="DNVRng">0</dst>
            <dst id="HSTNng">21997.92</dst>
            <dst id="IPLSng">53.3333333333333</dst>
            <dst id="KSCYng">195.562666666667</dst>
            <dst id="LOSAng">53.3333333333333</dst>
            <dst id="NYCMng">545088.346666667</dst>
            <dst id="SNVAng">26.6666666666667</dst>
            <dst id="STTLng">270.413333333333</dst>
            <dst id="WASHng">119892.706666667</dst>
        </src>
        <src id="SNVAng">
            <dst id="ATLA-M5">0</dst>
            <dst id="ATLAng">1424.61866666667</dst>
            <dst id="CHINng">120</dst>
            <dst id="DNVRng">2477.968</dst>
            <dst id="HSTNng">8816.86133333333</dst>
            <dst id="IPLSng">0</dst>
            <dst id="KSCYng">210.874666666667</dst>
            <dst id="LOSAng">37517.8933333333</dst>
            <dst id="NYCMng">5671.632</dst>
            <dst id="SNVAng">14884.4373333333</dst>
            <dst id="STTLng">51263.5706666667</dst>
            <dst id="WASHng">1033.288</dst>
        </src>
        <src id="STTLng">
            <dst id="ATLA-M5">0</dst>
            <dst id="ATLAng">8349.496</dst>
            <dst id="CHINng">1429.408</dst>
            <dst id="DNVRng">6554.848</dst>
            <dst id="HSTNng">19391.2266666667</dst>
            <dst id="IPLSng">53.3333333333333</dst>
            <dst id="KSCYng">5422.2</dst>
            <dst id="LOSAng">18724.616</dst>
            <dst id="NYCMng">46771.7866666667</dst>
            <dst id="SNVAng">4542.36</dst>
            <dst id="STTLng">8486.01866666667</dst>
            <dst id="WASHng">32295.1466666667</dst>
        </src>
        <src id="WASHng">
            <dst id="ATLA-M5">0</dst>
            <dst id="ATLAng">133921.608</dst>
            <dst id="CHINng">387.728</dst>
            <dst id="DNVRng">0</dst>
            <dst id="HSTNng">75847.6186666667</dst>
            <dst id="IPLSng">252.032</dst>
            <dst id="KSCYng">33.0453333333333</dst>
            <dst id="LOSAng">62.6666666666667</dst>
            <dst id="NYCMng">541403.573333333</dst>
            <dst id="SNVAng">160</dst>
            <dst id="STTLng">26.6666666666667</dst>
            <dst id="WASHng">248291.936</dst>
        </src>
    </IntraTM>
</TrafficMatrixFile>
