<?xml version="1.0" encoding="ISO-8859-1" standalone="yes"?>
<TrafficMatrixFile xsi:noNamespaceSchemaLocation="http://totem.run.montefiore.ulg.ac.be/Schema/TrafficMatrix-v1_2.xsd" xmlns:xsi="http://www.w3.org/2001/XMLSchema-instance">
    <IntraTM ASID="11537">
        <src id="ATLA-M5">
            <dst id="ATLA-M5">26.6666666666667</dst>
            <dst id="ATLAng">170.722666666667</dst>
            <dst id="CHINng">1803.52266666667</dst>
            <dst id="DNVRng">0</dst>
            <dst id="HSTNng">224.997333333333</dst>
            <dst id="IPLSng">1955.96</dst>
            <dst id="KSCYng">0</dst>
            <dst id="LOSAng">0</dst>
            <dst id="NYCMng">2169.60266666667</dst>
            <dst id="SNVAng">26.6666666666667</dst>
            <dst id="STTLng">0</dst>
            <dst id="WASHng">1199.45866666667</dst>
        </src>
        <src id="ATLAng">
            <dst id="ATLA-M5">0</dst>
            <dst id="ATLAng">26011.88</dst>
            <dst id="CHINng">44473.5573333333</dst>
            <dst id="DNVRng">0</dst>
            <dst id="HSTNng">4415.86666666667</dst>
            <dst id="IPLSng">29301.6</dst>
            <dst id="KSCYng">0</dst>
            <dst id="LOSAng">62.2293333333333</dst>
            <dst id="NYCMng">47413.048</dst>
            <dst id="SNVAng">26.6666666666667</dst>
            <dst id="STTLng">0</dst>
            <dst id="WASHng">37241.4693333333</dst>
        </src>
        <src id="CHINng">
            <dst id="ATLA-M5">0</dst>
            <dst id="ATLAng">35655.4373333333</dst>
            <dst id="CHINng">27090.2906666667</dst>
            <dst id="DNVRng">0</dst>
            <dst id="HSTNng">27908.5013333333</dst>
            <dst id="IPLSng">72392.088</dst>
            <dst id="KSCYng">72.352</dst>
            <dst id="LOSAng">649.706666666667</dst>
            <dst id="NYCMng">210060.085333333</dst>
            <dst id="SNVAng">0</dst>
            <dst id="STTLng">745.770666666667</dst>
            <dst id="WASHng">37465</dst>
        </src>
        <src id="DNVRng">
            <dst id="ATLA-M5">0</dst>
            <dst id="ATLAng">7583.75733333333</dst>
            <dst id="CHINng">34703.8186666667</dst>
            <dst id="DNVRng">13739.784</dst>
            <dst id="HSTNng">37476.1066666667</dst>
            <dst id="IPLSng">33287.704</dst>
            <dst id="KSCYng">19297.6133333333</dst>
            <dst id="LOSAng">0</dst>
            <dst id="NYCMng">31912.352</dst>
            <dst id="SNVAng">10681.2746666667</dst>
            <dst id="STTLng">1518.816</dst>
            <dst id="WASHng">42130.5226666667</dst>
        </src>
        <src id="HSTNng">
            <dst id="ATLA-M5">0</dst>
            <dst id="ATLAng">46949.9226666667</dst>
            <dst id="CHINng">863.098666666667</dst>
            <dst id="DNVRng">26.6666666666667</dst>
            <dst id="HSTNng">148346.389333333</dst>
            <dst id="IPLSng">80</dst>
            <dst id="KSCYng">0</dst>
            <dst id="LOSAng">0</dst>
            <dst id="NYCMng">6774.896</dst>
            <dst id="SNVAng">0</dst>
            <dst id="STTLng">0</dst>
            <dst id="WASHng">120815.522666667</dst>
        </src>
        <src id="IPLSng">
            <dst id="ATLA-M5">0</dst>
            <dst id="ATLAng">16947.0026666667</dst>
            <dst id="CHINng">170759.101333333</dst>
            <dst id="DNVRng">0</dst>
            <dst id="HSTNng">9912.43733333333</dst>
            <dst id="IPLSng">29444.536</dst>
            <dst id="KSCYng">31035.1066666667</dst>
            <dst id="LOSAng">26.6666666666667</dst>
            <dst id="NYCMng">219529.256</dst>
            <dst id="SNVAng">53.3333333333333</dst>
            <dst id="STTLng">26.6666666666667</dst>
            <dst id="WASHng">25133.8666666667</dst>
        </src>
        <src id="KSCYng">
            <dst id="ATLA-M5">0</dst>
            <dst id="ATLAng">6891.13866666667</dst>
            <dst id="CHINng">17854.6133333333</dst>
            <dst id="DNVRng">9752.008</dst>
            <dst id="HSTNng">19998.744</dst>
            <dst id="IPLSng">13616.7333333333</dst>
            <dst id="KSCYng">6631.264</dst>
            <dst id="LOSAng">0</dst>
            <dst id="NYCMng">20142.6506666667</dst>
            <dst id="SNVAng">0</dst>
            <dst id="STTLng">26.6666666666667</dst>
            <dst id="WASHng">13269.584</dst>
        </src>
        <src id="LOSAng">
            <dst id="ATLA-M5">0</dst>
            <dst id="ATLAng">40759.5146666667</dst>
            <dst id="CHINng">3512.58933333333</dst>
            <dst id="DNVRng">24453.0586666667</dst>
            <dst id="HSTNng">127858.624</dst>
            <dst id="IPLSng">230.581333333333</dst>
            <dst id="KSCYng">91.728</dst>
            <dst id="LOSAng">22775.3306666667</dst>
            <dst id="NYCMng">57628.4986666667</dst>
            <dst id="SNVAng">10441.744</dst>
            <dst id="STTLng">18342.7226666667</dst>
            <dst id="WASHng">98977.9493333334</dst>
        </src>
        <src id="NYCMng">
            <dst id="ATLA-M5">0</dst>
            <dst id="ATLAng">43318.4426666667</dst>
            <dst id="CHINng">796.432</dst>
            <dst id="DNVRng">0</dst>
            <dst id="HSTNng">27596.7146666667</dst>
            <dst id="IPLSng">61.1893333333333</dst>
            <dst id="KSCYng">129.450666666667</dst>
            <dst id="LOSAng">80</dst>
            <dst id="NYCMng">575809.04</dst>
            <dst id="SNVAng">0</dst>
            <dst id="STTLng">97.1653333333333</dst>
            <dst id="WASHng">116462.437333333</dst>
        </src>
        <src id="SNVAng">
            <dst id="ATLA-M5">0</dst>
            <dst id="ATLAng">816.490666666667</dst>
            <dst id="CHINng">0</dst>
            <dst id="DNVRng">2473.14666666667</dst>
            <dst id="HSTNng">8686.616</dst>
            <dst id="IPLSng">0</dst>
            <dst id="KSCYng">885.794666666667</dst>
            <dst id="LOSAng">36228.4</dst>
            <dst id="NYCMng">6590.43733333333</dst>
            <dst id="SNVAng">14011.7493333333</dst>
            <dst id="STTLng">55330.6133333333</dst>
            <dst id="WASHng">722.021333333333</dst>
        </src>
        <src id="STTLng">
            <dst id="ATLA-M5">0</dst>
            <dst id="ATLAng">8328.41333333334</dst>
            <dst id="CHINng">1718.57066666667</dst>
            <dst id="DNVRng">5826.01066666667</dst>
            <dst id="HSTNng">20428.6293333333</dst>
            <dst id="IPLSng">208.186666666667</dst>
            <dst id="KSCYng">5111.232</dst>
            <dst id="LOSAng">20676.728</dst>
            <dst id="NYCMng">50597.3893333333</dst>
            <dst id="SNVAng">6692.48</dst>
            <dst id="STTLng">11558.8213333333</dst>
            <dst id="WASHng">34082.6746666667</dst>
        </src>
        <src id="WASHng">
            <dst id="ATLA-M5">0</dst>
            <dst id="ATLAng">106338.786666667</dst>
            <dst id="CHINng">898.917333333334</dst>
            <dst id="DNVRng">0</dst>
            <dst id="HSTNng">69577.408</dst>
            <dst id="IPLSng">187.997333333333</dst>
            <dst id="KSCYng">70.144</dst>
            <dst id="LOSAng">80.3946666666667</dst>
            <dst id="NYCMng">527936.106666667</dst>
            <dst id="SNVAng">0</dst>
            <dst id="STTLng">80</dst>
            <dst id="WASHng">252145.485333333</dst>
        </src>
    </IntraTM>
</TrafficMatrixFile>
