<?xml version="1.0" encoding="ISO-8859-1" standalone="yes"?>
<TrafficMatrixFile xsi:noNamespaceSchemaLocation="http://totem.run.montefiore.ulg.ac.be/Schema/TrafficMatrix-v1_2.xsd" xmlns:xsi="http://www.w3.org/2001/XMLSchema-instance">
    <IntraTM ASID="11537">
        <src id="ATLA-M5">
            <dst id="ATLA-M5">798.562666666667</dst>
            <dst id="ATLAng">80</dst>
            <dst id="CHINng">822.688</dst>
            <dst id="DNVRng">0</dst>
            <dst id="HSTNng">508.154666666667</dst>
            <dst id="IPLSng">496.442666666667</dst>
            <dst id="KSCYng">262.218666666667</dst>
            <dst id="LOSAng">0</dst>
            <dst id="NYCMng">1213.16266666667</dst>
            <dst id="SNVAng">0</dst>
            <dst id="STTLng">0</dst>
            <dst id="WASHng">1548.85066666667</dst>
        </src>
        <src id="ATLAng">
            <dst id="ATLA-M5">0</dst>
            <dst id="ATLAng">25728.256</dst>
            <dst id="CHINng">33750.2906666667</dst>
            <dst id="DNVRng">111.397333333333</dst>
            <dst id="HSTNng">91590.5893333334</dst>
            <dst id="IPLSng">33590.7386666667</dst>
            <dst id="KSCYng">7432.98933333333</dst>
            <dst id="LOSAng">0</dst>
            <dst id="NYCMng">25294.3493333333</dst>
            <dst id="SNVAng">0</dst>
            <dst id="STTLng">89.872</dst>
            <dst id="WASHng">82863.2186666667</dst>
        </src>
        <src id="CHINng">
            <dst id="ATLA-M5">0</dst>
            <dst id="ATLAng">42481.216</dst>
            <dst id="CHINng">95849.3653333333</dst>
            <dst id="DNVRng">19212.1306666667</dst>
            <dst id="HSTNng">116083.922666667</dst>
            <dst id="IPLSng">79102.3386666667</dst>
            <dst id="KSCYng">24618.8906666667</dst>
            <dst id="LOSAng">342.52</dst>
            <dst id="NYCMng">47171.9146666667</dst>
            <dst id="SNVAng">64.3573333333333</dst>
            <dst id="STTLng">1818.44266666667</dst>
            <dst id="WASHng">59312.5626666667</dst>
        </src>
        <src id="DNVRng">
            <dst id="ATLA-M5">0</dst>
            <dst id="ATLAng">8820.28</dst>
            <dst id="CHINng">114370.728</dst>
            <dst id="DNVRng">10523.1466666667</dst>
            <dst id="HSTNng">53711.6293333333</dst>
            <dst id="IPLSng">30640.464</dst>
            <dst id="KSCYng">15612.224</dst>
            <dst id="LOSAng">0</dst>
            <dst id="NYCMng">16164.5493333333</dst>
            <dst id="SNVAng">12972.104</dst>
            <dst id="STTLng">200.482666666667</dst>
            <dst id="WASHng">56931.7893333333</dst>
        </src>
        <src id="HSTNng">
            <dst id="ATLA-M5">0</dst>
            <dst id="ATLAng">32499.3813333333</dst>
            <dst id="CHINng">3319.73333333333</dst>
            <dst id="DNVRng">0</dst>
            <dst id="HSTNng">338537.093333333</dst>
            <dst id="IPLSng">26.6666666666667</dst>
            <dst id="KSCYng">26.6666666666667</dst>
            <dst id="LOSAng">0</dst>
            <dst id="NYCMng">6722.184</dst>
            <dst id="SNVAng">26.6666666666667</dst>
            <dst id="STTLng">106.666666666667</dst>
            <dst id="WASHng">121909.576</dst>
        </src>
        <src id="IPLSng">
            <dst id="ATLA-M5">0</dst>
            <dst id="ATLAng">24213.7973333333</dst>
            <dst id="CHINng">143104.928</dst>
            <dst id="DNVRng">9464.784</dst>
            <dst id="HSTNng">125398.690666667</dst>
            <dst id="IPLSng">39519.4666666667</dst>
            <dst id="KSCYng">34728.1973333333</dst>
            <dst id="LOSAng">26.6666666666667</dst>
            <dst id="NYCMng">68870.416</dst>
            <dst id="SNVAng">5808.208</dst>
            <dst id="STTLng">269.808</dst>
            <dst id="WASHng">42529.5226666667</dst>
        </src>
        <src id="KSCYng">
            <dst id="ATLA-M5">0</dst>
            <dst id="ATLAng">7212.66666666667</dst>
            <dst id="CHINng">31934.128</dst>
            <dst id="DNVRng">9387.40266666667</dst>
            <dst id="HSTNng">14642.784</dst>
            <dst id="IPLSng">16042.072</dst>
            <dst id="KSCYng">10498.7013333333</dst>
            <dst id="LOSAng">0</dst>
            <dst id="NYCMng">17744.4773333333</dst>
            <dst id="SNVAng">26.6666666666667</dst>
            <dst id="STTLng">384.165333333333</dst>
            <dst id="WASHng">19074.4293333333</dst>
        </src>
        <src id="LOSAng">
            <dst id="ATLA-M5">0</dst>
            <dst id="ATLAng">23306.688</dst>
            <dst id="CHINng">5408.06933333333</dst>
            <dst id="DNVRng">22572.2213333333</dst>
            <dst id="HSTNng">284971.013333333</dst>
            <dst id="IPLSng">305.986666666667</dst>
            <dst id="KSCYng">152.456</dst>
            <dst id="LOSAng">21022.4186666667</dst>
            <dst id="NYCMng">78040.592</dst>
            <dst id="SNVAng">19589.1653333333</dst>
            <dst id="STTLng">32645.152</dst>
            <dst id="WASHng">105228.781333333</dst>
        </src>
        <src id="NYCMng">
            <dst id="ATLA-M5">0</dst>
            <dst id="ATLAng">57309.1706666667</dst>
            <dst id="CHINng">103612.168</dst>
            <dst id="DNVRng">31785.5413333333</dst>
            <dst id="HSTNng">157096.352</dst>
            <dst id="IPLSng">98987.264</dst>
            <dst id="KSCYng">26363.4026666667</dst>
            <dst id="LOSAng">193.514666666667</dst>
            <dst id="NYCMng">260831.442666667</dst>
            <dst id="SNVAng">53.3333333333333</dst>
            <dst id="STTLng">3944.01333333333</dst>
            <dst id="WASHng">177271.245333333</dst>
        </src>
        <src id="SNVAng">
            <dst id="ATLA-M5">0</dst>
            <dst id="ATLAng">1034.69333333333</dst>
            <dst id="CHINng">689.914666666667</dst>
            <dst id="DNVRng">10609.616</dst>
            <dst id="HSTNng">6316.11733333333</dst>
            <dst id="IPLSng">0</dst>
            <dst id="KSCYng">775.085333333333</dst>
            <dst id="LOSAng">37118.3653333333</dst>
            <dst id="NYCMng">7970.66666666667</dst>
            <dst id="SNVAng">16300.8773333333</dst>
            <dst id="STTLng">50538.336</dst>
            <dst id="WASHng">3470.28266666667</dst>
        </src>
        <src id="STTLng">
            <dst id="ATLA-M5">0</dst>
            <dst id="ATLAng">12210.2773333333</dst>
            <dst id="CHINng">22252.5866666667</dst>
            <dst id="DNVRng">8251.47466666667</dst>
            <dst id="HSTNng">38662.4986666667</dst>
            <dst id="IPLSng">315.938666666667</dst>
            <dst id="KSCYng">2748.376</dst>
            <dst id="LOSAng">30382.8773333333</dst>
            <dst id="NYCMng">14944.856</dst>
            <dst id="SNVAng">6305.28</dst>
            <dst id="STTLng">6138.168</dst>
            <dst id="WASHng">35731.5653333333</dst>
        </src>
        <src id="WASHng">
            <dst id="ATLA-M5">0</dst>
            <dst id="ATLAng">90154.304</dst>
            <dst id="CHINng">79452.5493333333</dst>
            <dst id="DNVRng">992.170666666667</dst>
            <dst id="HSTNng">339205.706666667</dst>
            <dst id="IPLSng">89107.7893333333</dst>
            <dst id="KSCYng">25840.1626666667</dst>
            <dst id="LOSAng">275.744</dst>
            <dst id="NYCMng">249037.362666667</dst>
            <dst id="SNVAng">309.133333333333</dst>
            <dst id="STTLng">4523.936</dst>
            <dst id="WASHng">293942.773333333</dst>
        </src>
    </IntraTM>
</TrafficMatrixFile>
