<?xml version="1.0" encoding="ISO-8859-1" standalone="yes"?>
<TrafficMatrixFile xsi:noNamespaceSchemaLocation="http://totem.run.montefiore.ulg.ac.be/Schema/TrafficMatrix-v1_2.xsd" xmlns:xsi="http://www.w3.org/2001/XMLSchema-instance">
    <IntraTM ASID="11537">
        <src id="ATLA-M5">
            <dst id="ATLA-M5">919.973333333333</dst>
            <dst id="ATLAng">1539.50133333333</dst>
            <dst id="CHINng">780.874666666667</dst>
            <dst id="DNVRng">0</dst>
            <dst id="HSTNng">80</dst>
            <dst id="IPLSng">502.498666666667</dst>
            <dst id="KSCYng">0</dst>
            <dst id="LOSAng">0</dst>
            <dst id="NYCMng">1453.51733333333</dst>
            <dst id="SNVAng">0</dst>
            <dst id="STTLng">0</dst>
            <dst id="WASHng">1579.33866666667</dst>
        </src>
        <src id="ATLAng">
            <dst id="ATLA-M5">0</dst>
            <dst id="ATLAng">45612.6853333333</dst>
            <dst id="CHINng">53145.4506666667</dst>
            <dst id="DNVRng">0</dst>
            <dst id="HSTNng">11826.5893333333</dst>
            <dst id="IPLSng">26313.0666666667</dst>
            <dst id="KSCYng">0</dst>
            <dst id="LOSAng">58.6666666666667</dst>
            <dst id="NYCMng">59582.6853333333</dst>
            <dst id="SNVAng">0</dst>
            <dst id="STTLng">0</dst>
            <dst id="WASHng">36649.8133333333</dst>
        </src>
        <src id="CHINng">
            <dst id="ATLA-M5">0</dst>
            <dst id="ATLAng">43850.8986666667</dst>
            <dst id="CHINng">31166.1466666667</dst>
            <dst id="DNVRng">0</dst>
            <dst id="HSTNng">24114.4586666667</dst>
            <dst id="IPLSng">70459.952</dst>
            <dst id="KSCYng">53.3333333333333</dst>
            <dst id="LOSAng">146.197333333333</dst>
            <dst id="NYCMng">214695.053333333</dst>
            <dst id="SNVAng">53.3333333333333</dst>
            <dst id="STTLng">53.3333333333333</dst>
            <dst id="WASHng">56998.6346666667</dst>
        </src>
        <src id="DNVRng">
            <dst id="ATLA-M5">0</dst>
            <dst id="ATLAng">8138.352</dst>
            <dst id="CHINng">39524.832</dst>
            <dst id="DNVRng">8770.168</dst>
            <dst id="HSTNng">45211.1973333333</dst>
            <dst id="IPLSng">30091.8453333333</dst>
            <dst id="KSCYng">18498.68</dst>
            <dst id="LOSAng">0</dst>
            <dst id="NYCMng">32088.2373333333</dst>
            <dst id="SNVAng">13959.0906666667</dst>
            <dst id="STTLng">80.5013333333333</dst>
            <dst id="WASHng">41337.9813333333</dst>
        </src>
        <src id="HSTNng">
            <dst id="ATLA-M5">0</dst>
            <dst id="ATLAng">38672.0186666667</dst>
            <dst id="CHINng">1146.088</dst>
            <dst id="DNVRng">105.872</dst>
            <dst id="HSTNng">200012.941333333</dst>
            <dst id="IPLSng">26.6666666666667</dst>
            <dst id="KSCYng">26.6666666666667</dst>
            <dst id="LOSAng">77.152</dst>
            <dst id="NYCMng">4626.77066666667</dst>
            <dst id="SNVAng">53.3333333333333</dst>
            <dst id="STTLng">0</dst>
            <dst id="WASHng">125207.213333333</dst>
        </src>
        <src id="IPLSng">
            <dst id="ATLA-M5">0</dst>
            <dst id="ATLAng">13901.976</dst>
            <dst id="CHINng">96012.5813333333</dst>
            <dst id="DNVRng">0</dst>
            <dst id="HSTNng">9884.93866666667</dst>
            <dst id="IPLSng">27567.9626666667</dst>
            <dst id="KSCYng">30512.528</dst>
            <dst id="LOSAng">27.8</dst>
            <dst id="NYCMng">199961.978666667</dst>
            <dst id="SNVAng">74.7013333333333</dst>
            <dst id="STTLng">189.52</dst>
            <dst id="WASHng">23871.984</dst>
        </src>
        <src id="KSCYng">
            <dst id="ATLA-M5">0</dst>
            <dst id="ATLAng">4330.73066666667</dst>
            <dst id="CHINng">30271.5653333333</dst>
            <dst id="DNVRng">17311.7173333333</dst>
            <dst id="HSTNng">16338.9333333333</dst>
            <dst id="IPLSng">15648.44</dst>
            <dst id="KSCYng">8263.63733333333</dst>
            <dst id="LOSAng">0</dst>
            <dst id="NYCMng">29958.6613333333</dst>
            <dst id="SNVAng">0</dst>
            <dst id="STTLng">0</dst>
            <dst id="WASHng">16494.0453333333</dst>
        </src>
        <src id="LOSAng">
            <dst id="ATLA-M5">0</dst>
            <dst id="ATLAng">34541.0266666667</dst>
            <dst id="CHINng">3136.18933333333</dst>
            <dst id="DNVRng">28630.9813333333</dst>
            <dst id="HSTNng">121433.832</dst>
            <dst id="IPLSng">335.442666666667</dst>
            <dst id="KSCYng">763.24</dst>
            <dst id="LOSAng">23876.104</dst>
            <dst id="NYCMng">80723.1706666667</dst>
            <dst id="SNVAng">10591.08</dst>
            <dst id="STTLng">21355.1493333333</dst>
            <dst id="WASHng">104379.194666667</dst>
        </src>
        <src id="NYCMng">
            <dst id="ATLA-M5">0</dst>
            <dst id="ATLAng">38290.1413333333</dst>
            <dst id="CHINng">1490.25866666667</dst>
            <dst id="DNVRng">0</dst>
            <dst id="HSTNng">15444.5946666667</dst>
            <dst id="IPLSng">53.3333333333333</dst>
            <dst id="KSCYng">57.4293333333333</dst>
            <dst id="LOSAng">128.538666666667</dst>
            <dst id="NYCMng">877934.613333333</dst>
            <dst id="SNVAng">104.893333333333</dst>
            <dst id="STTLng">241.736</dst>
            <dst id="WASHng">311067.653333333</dst>
        </src>
        <src id="SNVAng">
            <dst id="ATLA-M5">0</dst>
            <dst id="ATLAng">975.632</dst>
            <dst id="CHINng">0</dst>
            <dst id="DNVRng">3760.248</dst>
            <dst id="HSTNng">6456.01866666667</dst>
            <dst id="IPLSng">0</dst>
            <dst id="KSCYng">724.922666666667</dst>
            <dst id="LOSAng">43541.512</dst>
            <dst id="NYCMng">6043.15733333333</dst>
            <dst id="SNVAng">15540.048</dst>
            <dst id="STTLng">52421.3413333334</dst>
            <dst id="WASHng">1127.06933333333</dst>
        </src>
        <src id="STTLng">
            <dst id="ATLA-M5">0</dst>
            <dst id="ATLAng">14872.8133333333</dst>
            <dst id="CHINng">1782.488</dst>
            <dst id="DNVRng">7262.168</dst>
            <dst id="HSTNng">19286.8613333333</dst>
            <dst id="IPLSng">180.253333333333</dst>
            <dst id="KSCYng">4837.352</dst>
            <dst id="LOSAng">31127.7146666667</dst>
            <dst id="NYCMng">49860.3546666667</dst>
            <dst id="SNVAng">8577.432</dst>
            <dst id="STTLng">2932.69066666667</dst>
            <dst id="WASHng">29517.9173333333</dst>
        </src>
        <src id="WASHng">
            <dst id="ATLA-M5">0</dst>
            <dst id="ATLAng">95395.3013333333</dst>
            <dst id="CHINng">1258.33066666667</dst>
            <dst id="DNVRng">0</dst>
            <dst id="HSTNng">86189.1813333333</dst>
            <dst id="IPLSng">210.133333333333</dst>
            <dst id="KSCYng">0</dst>
            <dst id="LOSAng">62.9866666666667</dst>
            <dst id="NYCMng">624367.146666667</dst>
            <dst id="SNVAng">136.941333333333</dst>
            <dst id="STTLng">83.2613333333333</dst>
            <dst id="WASHng">272526.32</dst>
        </src>
    </IntraTM>
</TrafficMatrixFile>
