<?xml version="1.0" encoding="ISO-8859-1" standalone="yes"?>
<TrafficMatrixFile xsi:noNamespaceSchemaLocation="http://totem.run.montefiore.ulg.ac.be/Schema/TrafficMatrix-v1_2.xsd" xmlns:xsi="http://www.w3.org/2001/XMLSchema-instance">
    <IntraTM ASID="11537">
        <src id="ATLA-M5">
            <dst id="ATLA-M5">0</dst>
            <dst id="ATLAng">292.938666666667</dst>
            <dst id="CHINng">1168.04</dst>
            <dst id="DNVRng">0</dst>
            <dst id="HSTNng">3102.14933333333</dst>
            <dst id="IPLSng">432.872</dst>
            <dst id="KSCYng">269.608</dst>
            <dst id="LOSAng">0</dst>
            <dst id="NYCMng">261.589333333333</dst>
            <dst id="SNVAng">0</dst>
            <dst id="STTLng">0</dst>
            <dst id="WASHng">681.784</dst>
        </src>
        <src id="ATLAng">
            <dst id="ATLA-M5">0</dst>
            <dst id="ATLAng">22270.1493333333</dst>
            <dst id="CHINng">24846.5386666667</dst>
            <dst id="DNVRng">71.7413333333333</dst>
            <dst id="HSTNng">763136.106666667</dst>
            <dst id="IPLSng">35469.456</dst>
            <dst id="KSCYng">7753.15733333333</dst>
            <dst id="LOSAng">87.2106666666667</dst>
            <dst id="NYCMng">21602.032</dst>
            <dst id="SNVAng">26.6666666666667</dst>
            <dst id="STTLng">128.997333333333</dst>
            <dst id="WASHng">53603.648</dst>
        </src>
        <src id="CHINng">
            <dst id="ATLA-M5">0</dst>
            <dst id="ATLAng">50223.1653333333</dst>
            <dst id="CHINng">114853.909333333</dst>
            <dst id="DNVRng">24281.344</dst>
            <dst id="HSTNng">126905.941333333</dst>
            <dst id="IPLSng">73402.288</dst>
            <dst id="KSCYng">19663.2373333333</dst>
            <dst id="LOSAng">374.994666666667</dst>
            <dst id="NYCMng">32024.832</dst>
            <dst id="SNVAng">53.3333333333333</dst>
            <dst id="STTLng">1148.05066666667</dst>
            <dst id="WASHng">44904.9706666667</dst>
        </src>
        <src id="DNVRng">
            <dst id="ATLA-M5">0</dst>
            <dst id="ATLAng">7998.19466666667</dst>
            <dst id="CHINng">54608.04</dst>
            <dst id="DNVRng">18395.056</dst>
            <dst id="HSTNng">70165.5573333333</dst>
            <dst id="IPLSng">41163.1573333333</dst>
            <dst id="KSCYng">22099.8906666667</dst>
            <dst id="LOSAng">53.3333333333333</dst>
            <dst id="NYCMng">28619.664</dst>
            <dst id="SNVAng">16604.9866666667</dst>
            <dst id="STTLng">106.666666666667</dst>
            <dst id="WASHng">36716.792</dst>
        </src>
        <src id="HSTNng">
            <dst id="ATLA-M5">0</dst>
            <dst id="ATLAng">30935.016</dst>
            <dst id="CHINng">1616.44533333333</dst>
            <dst id="DNVRng">53.3333333333333</dst>
            <dst id="HSTNng">157931.261333333</dst>
            <dst id="IPLSng">64.7013333333333</dst>
            <dst id="KSCYng">53.3333333333333</dst>
            <dst id="LOSAng">0</dst>
            <dst id="NYCMng">11576.2346666667</dst>
            <dst id="SNVAng">53.3333333333333</dst>
            <dst id="STTLng">361.621333333333</dst>
            <dst id="WASHng">111981.330666667</dst>
        </src>
        <src id="IPLSng">
            <dst id="ATLA-M5">0</dst>
            <dst id="ATLAng">31512.416</dst>
            <dst id="CHINng">148118.842666667</dst>
            <dst id="DNVRng">16367.3733333333</dst>
            <dst id="HSTNng">127838.933333333</dst>
            <dst id="IPLSng">47216.3226666667</dst>
            <dst id="KSCYng">23762.5466666667</dst>
            <dst id="LOSAng">26.6666666666667</dst>
            <dst id="NYCMng">60230.4026666667</dst>
            <dst id="SNVAng">61.92</dst>
            <dst id="STTLng">371.36</dst>
            <dst id="WASHng">30009.936</dst>
        </src>
        <src id="KSCYng">
            <dst id="ATLA-M5">0</dst>
            <dst id="ATLAng">6964.312</dst>
            <dst id="CHINng">33358.5813333333</dst>
            <dst id="DNVRng">8196.344</dst>
            <dst id="HSTNng">24997.152</dst>
            <dst id="IPLSng">15905.9013333333</dst>
            <dst id="KSCYng">7315.25333333333</dst>
            <dst id="LOSAng">0</dst>
            <dst id="NYCMng">13993.7786666667</dst>
            <dst id="SNVAng">0</dst>
            <dst id="STTLng">80</dst>
            <dst id="WASHng">15079.4213333333</dst>
        </src>
        <src id="LOSAng">
            <dst id="ATLA-M5">0</dst>
            <dst id="ATLAng">19915.96</dst>
            <dst id="CHINng">7866.37866666667</dst>
            <dst id="DNVRng">15036.464</dst>
            <dst id="HSTNng">190290.496</dst>
            <dst id="IPLSng">288.426666666667</dst>
            <dst id="KSCYng">139.770666666667</dst>
            <dst id="LOSAng">66904.8213333333</dst>
            <dst id="NYCMng">75743.4986666667</dst>
            <dst id="SNVAng">10061.6426666667</dst>
            <dst id="STTLng">31331.0906666667</dst>
            <dst id="WASHng">103160.010666667</dst>
        </src>
        <src id="NYCMng">
            <dst id="ATLA-M5">0</dst>
            <dst id="ATLAng">42350.4986666667</dst>
            <dst id="CHINng">91352.688</dst>
            <dst id="DNVRng">37068.8186666667</dst>
            <dst id="HSTNng">150188.194666667</dst>
            <dst id="IPLSng">76137.4506666667</dst>
            <dst id="KSCYng">25437.1706666667</dst>
            <dst id="LOSAng">127.514666666667</dst>
            <dst id="NYCMng">263687.706666667</dst>
            <dst id="SNVAng">26.6666666666667</dst>
            <dst id="STTLng">5197.41066666667</dst>
            <dst id="WASHng">128356.746666667</dst>
        </src>
        <src id="SNVAng">
            <dst id="ATLA-M5">0</dst>
            <dst id="ATLAng">2265.33333333333</dst>
            <dst id="CHINng">3187.66666666667</dst>
            <dst id="DNVRng">5069.496</dst>
            <dst id="HSTNng">14485.4853333333</dst>
            <dst id="IPLSng">31.2106666666667</dst>
            <dst id="KSCYng">561.637333333333</dst>
            <dst id="LOSAng">36861.8133333333</dst>
            <dst id="NYCMng">5310.08266666667</dst>
            <dst id="SNVAng">17047.608</dst>
            <dst id="STTLng">54778.0506666667</dst>
            <dst id="WASHng">1185.56533333333</dst>
        </src>
        <src id="STTLng">
            <dst id="ATLA-M5">0</dst>
            <dst id="ATLAng">11823.5306666667</dst>
            <dst id="CHINng">22374.1706666667</dst>
            <dst id="DNVRng">7156.424</dst>
            <dst id="HSTNng">41580.2666666667</dst>
            <dst id="IPLSng">310.813333333333</dst>
            <dst id="KSCYng">4717.4</dst>
            <dst id="LOSAng">33627.0533333333</dst>
            <dst id="NYCMng">17656.472</dst>
            <dst id="SNVAng">6442.28533333333</dst>
            <dst id="STTLng">7364.00533333334</dst>
            <dst id="WASHng">30645.28</dst>
        </src>
        <src id="WASHng">
            <dst id="ATLA-M5">0</dst>
            <dst id="ATLAng">141767.690666667</dst>
            <dst id="CHINng">108792.258666667</dst>
            <dst id="DNVRng">3211.73066666667</dst>
            <dst id="HSTNng">297436.08</dst>
            <dst id="IPLSng">69812.8533333333</dst>
            <dst id="KSCYng">15419.6986666667</dst>
            <dst id="LOSAng">195.712</dst>
            <dst id="NYCMng">200967.778666667</dst>
            <dst id="SNVAng">349.810666666667</dst>
            <dst id="STTLng">3554.63466666667</dst>
            <dst id="WASHng">290070.346666667</dst>
        </src>
    </IntraTM>
</TrafficMatrixFile>
