<?xml version="1.0" encoding="ISO-8859-1" standalone="yes"?>
<TrafficMatrixFile xsi:noNamespaceSchemaLocation="http://totem.run.montefiore.ulg.ac.be/Schema/TrafficMatrix-v1_2.xsd" xmlns:xsi="http://www.w3.org/2001/XMLSchema-instance">
    <IntraTM ASID="11537">
        <src id="ATLA-M5">
            <dst id="ATLA-M5">0</dst>
            <dst id="ATLAng">542.552</dst>
            <dst id="CHINng">1199.42133333333</dst>
            <dst id="DNVRng">0</dst>
            <dst id="HSTNng">1083.06666666667</dst>
            <dst id="IPLSng">466.549333333333</dst>
            <dst id="KSCYng">175.477333333333</dst>
            <dst id="LOSAng">0</dst>
            <dst id="NYCMng">1110.61066666667</dst>
            <dst id="SNVAng">0</dst>
            <dst id="STTLng">0</dst>
            <dst id="WASHng">5298.792</dst>
        </src>
        <src id="ATLAng">
            <dst id="ATLA-M5">0</dst>
            <dst id="ATLAng">25391.376</dst>
            <dst id="CHINng">23615.4746666667</dst>
            <dst id="DNVRng">26.6666666666667</dst>
            <dst id="HSTNng">56445.6613333333</dst>
            <dst id="IPLSng">35631.9626666667</dst>
            <dst id="KSCYng">7690.912</dst>
            <dst id="LOSAng">0</dst>
            <dst id="NYCMng">24922.6053333333</dst>
            <dst id="SNVAng">37.9946666666667</dst>
            <dst id="STTLng">540.544</dst>
            <dst id="WASHng">80454.696</dst>
        </src>
        <src id="CHINng">
            <dst id="ATLA-M5">0</dst>
            <dst id="ATLAng">42998.0586666666</dst>
            <dst id="CHINng">102571.285333333</dst>
            <dst id="DNVRng">21275.0373333333</dst>
            <dst id="HSTNng">119823.709333333</dst>
            <dst id="IPLSng">69303.8213333333</dst>
            <dst id="KSCYng">21326.1066666667</dst>
            <dst id="LOSAng">548.442666666667</dst>
            <dst id="NYCMng">65141.6693333333</dst>
            <dst id="SNVAng">53.3333333333333</dst>
            <dst id="STTLng">1260.25066666667</dst>
            <dst id="WASHng">55642.9146666667</dst>
        </src>
        <src id="DNVRng">
            <dst id="ATLA-M5">0</dst>
            <dst id="ATLAng">21919.072</dst>
            <dst id="CHINng">62720.1813333333</dst>
            <dst id="DNVRng">12657.3173333333</dst>
            <dst id="HSTNng">56654.9626666667</dst>
            <dst id="IPLSng">31676.7333333333</dst>
            <dst id="KSCYng">16389.84</dst>
            <dst id="LOSAng">0</dst>
            <dst id="NYCMng">20293.064</dst>
            <dst id="SNVAng">9779.77866666667</dst>
            <dst id="STTLng">334.026666666667</dst>
            <dst id="WASHng">49602.0666666667</dst>
        </src>
        <src id="HSTNng">
            <dst id="ATLA-M5">0</dst>
            <dst id="ATLAng">44062.6106666667</dst>
            <dst id="CHINng">2909.29066666667</dst>
            <dst id="DNVRng">0</dst>
            <dst id="HSTNng">167831.424</dst>
            <dst id="IPLSng">80</dst>
            <dst id="KSCYng">1382.264</dst>
            <dst id="LOSAng">0</dst>
            <dst id="NYCMng">8371.656</dst>
            <dst id="SNVAng">26.6666666666667</dst>
            <dst id="STTLng">136.96</dst>
            <dst id="WASHng">121340.352</dst>
        </src>
        <src id="IPLSng">
            <dst id="ATLA-M5">0</dst>
            <dst id="ATLAng">16554.928</dst>
            <dst id="CHINng">156730.106666667</dst>
            <dst id="DNVRng">10292.6186666667</dst>
            <dst id="HSTNng">82622.1893333333</dst>
            <dst id="IPLSng">26955.2</dst>
            <dst id="KSCYng">40695.6586666667</dst>
            <dst id="LOSAng">189.525333333333</dst>
            <dst id="NYCMng">62101.8853333333</dst>
            <dst id="SNVAng">168.426666666667</dst>
            <dst id="STTLng">2145.85333333333</dst>
            <dst id="WASHng">43747.448</dst>
        </src>
        <src id="KSCYng">
            <dst id="ATLA-M5">0</dst>
            <dst id="ATLAng">6320.36266666667</dst>
            <dst id="CHINng">33974.968</dst>
            <dst id="DNVRng">9324.42933333333</dst>
            <dst id="HSTNng">14060.3546666667</dst>
            <dst id="IPLSng">27719.616</dst>
            <dst id="KSCYng">12025.9306666667</dst>
            <dst id="LOSAng">0</dst>
            <dst id="NYCMng">13714.3013333333</dst>
            <dst id="SNVAng">26.6666666666667</dst>
            <dst id="STTLng">387.842666666667</dst>
            <dst id="WASHng">20489.8773333333</dst>
        </src>
        <src id="LOSAng">
            <dst id="ATLA-M5">0</dst>
            <dst id="ATLAng">35501.0293333333</dst>
            <dst id="CHINng">16380.7146666667</dst>
            <dst id="DNVRng">27885.08</dst>
            <dst id="HSTNng">211126.024</dst>
            <dst id="IPLSng">226.242666666667</dst>
            <dst id="KSCYng">202.013333333333</dst>
            <dst id="LOSAng">17906.216</dst>
            <dst id="NYCMng">77190.968</dst>
            <dst id="SNVAng">15721.544</dst>
            <dst id="STTLng">32074.4266666667</dst>
            <dst id="WASHng">105055.517333333</dst>
        </src>
        <src id="NYCMng">
            <dst id="ATLA-M5">0</dst>
            <dst id="ATLAng">53286.9066666667</dst>
            <dst id="CHINng">103695.741333333</dst>
            <dst id="DNVRng">36541.1306666667</dst>
            <dst id="HSTNng">171798.04</dst>
            <dst id="IPLSng">90278.728</dst>
            <dst id="KSCYng">31171.4986666667</dst>
            <dst id="LOSAng">1622.77066666667</dst>
            <dst id="NYCMng">252187.392</dst>
            <dst id="SNVAng">53.3333333333333</dst>
            <dst id="STTLng">6109.944</dst>
            <dst id="WASHng">164915.373333333</dst>
        </src>
        <src id="SNVAng">
            <dst id="ATLA-M5">0</dst>
            <dst id="ATLAng">1648.864</dst>
            <dst id="CHINng">652.722666666667</dst>
            <dst id="DNVRng">22891.0826666667</dst>
            <dst id="HSTNng">6234.60533333333</dst>
            <dst id="IPLSng">26.6666666666667</dst>
            <dst id="KSCYng">1251.66666666667</dst>
            <dst id="LOSAng">37266.5546666667</dst>
            <dst id="NYCMng">7300.792</dst>
            <dst id="SNVAng">19086.424</dst>
            <dst id="STTLng">52821.2106666667</dst>
            <dst id="WASHng">1912.64533333333</dst>
        </src>
        <src id="STTLng">
            <dst id="ATLA-M5">0</dst>
            <dst id="ATLAng">12018.3653333333</dst>
            <dst id="CHINng">23222.6613333333</dst>
            <dst id="DNVRng">7971.05333333333</dst>
            <dst id="HSTNng">45506.6826666667</dst>
            <dst id="IPLSng">296.274666666667</dst>
            <dst id="KSCYng">3903.95733333333</dst>
            <dst id="LOSAng">28930.9466666667</dst>
            <dst id="NYCMng">15814.4693333333</dst>
            <dst id="SNVAng">14060</dst>
            <dst id="STTLng">10458.5146666667</dst>
            <dst id="WASHng">31616.5226666667</dst>
        </src>
        <src id="WASHng">
            <dst id="ATLA-M5">0</dst>
            <dst id="ATLAng">80069.624</dst>
            <dst id="CHINng">97856.7253333333</dst>
            <dst id="DNVRng">3899.42666666667</dst>
            <dst id="HSTNng">360585.226666667</dst>
            <dst id="IPLSng">83544.712</dst>
            <dst id="KSCYng">33033.0826666667</dst>
            <dst id="LOSAng">104.968</dst>
            <dst id="NYCMng">236760.909333333</dst>
            <dst id="SNVAng">258.112</dst>
            <dst id="STTLng">5948.61866666667</dst>
            <dst id="WASHng">274714.88</dst>
        </src>
    </IntraTM>
</TrafficMatrixFile>
