<?xml version="1.0" encoding="ISO-8859-1" standalone="yes"?>
<TrafficMatrixFile xsi:noNamespaceSchemaLocation="http://totem.run.montefiore.ulg.ac.be/Schema/TrafficMatrix-v1_2.xsd" xmlns:xsi="http://www.w3.org/2001/XMLSchema-instance">
    <IntraTM ASID="11537">
        <src id="ATLA-M5">
            <dst id="ATLA-M5">26.6666666666667</dst>
            <dst id="ATLAng">236.829333333333</dst>
            <dst id="CHINng">511.717333333333</dst>
            <dst id="DNVRng">0</dst>
            <dst id="HSTNng">58.9093333333333</dst>
            <dst id="IPLSng">1151.32533333333</dst>
            <dst id="KSCYng">0</dst>
            <dst id="LOSAng">0</dst>
            <dst id="NYCMng">2570.672</dst>
            <dst id="SNVAng">0</dst>
            <dst id="STTLng">0</dst>
            <dst id="WASHng">2207.64</dst>
        </src>
        <src id="ATLAng">
            <dst id="ATLA-M5">0</dst>
            <dst id="ATLAng">32502.352</dst>
            <dst id="CHINng">45613.7653333333</dst>
            <dst id="DNVRng">0</dst>
            <dst id="HSTNng">4298.88</dst>
            <dst id="IPLSng">39047.944</dst>
            <dst id="KSCYng">26.6666666666667</dst>
            <dst id="LOSAng">109.237333333333</dst>
            <dst id="NYCMng">58793.1413333333</dst>
            <dst id="SNVAng">53.3333333333333</dst>
            <dst id="STTLng">130.666666666667</dst>
            <dst id="WASHng">51868.296</dst>
        </src>
        <src id="CHINng">
            <dst id="ATLA-M5">0</dst>
            <dst id="ATLAng">33226.6986666667</dst>
            <dst id="CHINng">43183.3173333333</dst>
            <dst id="DNVRng">0</dst>
            <dst id="HSTNng">23729.7466666667</dst>
            <dst id="IPLSng">68863.2</dst>
            <dst id="KSCYng">97.7173333333333</dst>
            <dst id="LOSAng">133.08</dst>
            <dst id="NYCMng">196819.154666667</dst>
            <dst id="SNVAng">0</dst>
            <dst id="STTLng">0</dst>
            <dst id="WASHng">40017.9173333333</dst>
        </src>
        <src id="DNVRng">
            <dst id="ATLA-M5">0</dst>
            <dst id="ATLAng">8144.88</dst>
            <dst id="CHINng">41218.8186666667</dst>
            <dst id="DNVRng">16381.9386666667</dst>
            <dst id="HSTNng">36604.3946666667</dst>
            <dst id="IPLSng">27417.0746666667</dst>
            <dst id="KSCYng">18313.6906666667</dst>
            <dst id="LOSAng">0</dst>
            <dst id="NYCMng">34225.544</dst>
            <dst id="SNVAng">13204.9653333333</dst>
            <dst id="STTLng">1414.84266666667</dst>
            <dst id="WASHng">35564.4133333333</dst>
        </src>
        <src id="HSTNng">
            <dst id="ATLA-M5">0</dst>
            <dst id="ATLAng">33807.0266666667</dst>
            <dst id="CHINng">794.517333333333</dst>
            <dst id="DNVRng">26.6666666666667</dst>
            <dst id="HSTNng">145850.469333333</dst>
            <dst id="IPLSng">80</dst>
            <dst id="KSCYng">0</dst>
            <dst id="LOSAng">0</dst>
            <dst id="NYCMng">16901.3413333333</dst>
            <dst id="SNVAng">26.6666666666667</dst>
            <dst id="STTLng">0</dst>
            <dst id="WASHng">119364.304</dst>
        </src>
        <src id="IPLSng">
            <dst id="ATLA-M5">0</dst>
            <dst id="ATLAng">21662.52</dst>
            <dst id="CHINng">128292.210666667</dst>
            <dst id="DNVRng">0</dst>
            <dst id="HSTNng">12834.64</dst>
            <dst id="IPLSng">32009.768</dst>
            <dst id="KSCYng">30684.5733333333</dst>
            <dst id="LOSAng">0</dst>
            <dst id="NYCMng">156351.925333333</dst>
            <dst id="SNVAng">26.6666666666667</dst>
            <dst id="STTLng">27.4666666666667</dst>
            <dst id="WASHng">27228.7866666667</dst>
        </src>
        <src id="KSCYng">
            <dst id="ATLA-M5">0</dst>
            <dst id="ATLAng">4719.69066666667</dst>
            <dst id="CHINng">23248.144</dst>
            <dst id="DNVRng">7876.512</dst>
            <dst id="HSTNng">28386.0266666667</dst>
            <dst id="IPLSng">19593.752</dst>
            <dst id="KSCYng">7166.25333333333</dst>
            <dst id="LOSAng">0</dst>
            <dst id="NYCMng">61814.1653333333</dst>
            <dst id="SNVAng">26.6666666666667</dst>
            <dst id="STTLng">26.6666666666667</dst>
            <dst id="WASHng">13666.68</dst>
        </src>
        <src id="LOSAng">
            <dst id="ATLA-M5">0</dst>
            <dst id="ATLAng">25883.8426666667</dst>
            <dst id="CHINng">3090.024</dst>
            <dst id="DNVRng">26317.952</dst>
            <dst id="HSTNng">130951.509333333</dst>
            <dst id="IPLSng">549</dst>
            <dst id="KSCYng">127.538666666667</dst>
            <dst id="LOSAng">26302.5306666667</dst>
            <dst id="NYCMng">61884.448</dst>
            <dst id="SNVAng">10948.3386666667</dst>
            <dst id="STTLng">24200.9466666667</dst>
            <dst id="WASHng">96006.336</dst>
        </src>
        <src id="NYCMng">
            <dst id="ATLA-M5">0</dst>
            <dst id="ATLAng">51329.8373333333</dst>
            <dst id="CHINng">952.24</dst>
            <dst id="DNVRng">0</dst>
            <dst id="HSTNng">21698.1653333333</dst>
            <dst id="IPLSng">398.117333333333</dst>
            <dst id="KSCYng">117.472</dst>
            <dst id="LOSAng">264.149333333333</dst>
            <dst id="NYCMng">540293.786666667</dst>
            <dst id="SNVAng">26.6666666666667</dst>
            <dst id="STTLng">142.064</dst>
            <dst id="WASHng">111291.408</dst>
        </src>
        <src id="SNVAng">
            <dst id="ATLA-M5">0</dst>
            <dst id="ATLAng">1000.192</dst>
            <dst id="CHINng">381.336</dst>
            <dst id="DNVRng">4624.25066666667</dst>
            <dst id="HSTNng">9415.82933333333</dst>
            <dst id="IPLSng">0</dst>
            <dst id="KSCYng">780.328</dst>
            <dst id="LOSAng">37926.9626666667</dst>
            <dst id="NYCMng">4828.91733333333</dst>
            <dst id="SNVAng">14257.8693333333</dst>
            <dst id="STTLng">51533.152</dst>
            <dst id="WASHng">1764.792</dst>
        </src>
        <src id="STTLng">
            <dst id="ATLA-M5">0</dst>
            <dst id="ATLAng">9062.88266666667</dst>
            <dst id="CHINng">862.186666666667</dst>
            <dst id="DNVRng">5931.888</dst>
            <dst id="HSTNng">18658.2906666667</dst>
            <dst id="IPLSng">67.6506666666667</dst>
            <dst id="KSCYng">4447.00533333333</dst>
            <dst id="LOSAng">21216.3386666667</dst>
            <dst id="NYCMng">47106.1893333333</dst>
            <dst id="SNVAng">6087.28</dst>
            <dst id="STTLng">12381.6426666667</dst>
            <dst id="WASHng">31992.928</dst>
        </src>
        <src id="WASHng">
            <dst id="ATLA-M5">0</dst>
            <dst id="ATLAng">97402.4133333333</dst>
            <dst id="CHINng">845.786666666667</dst>
            <dst id="DNVRng">0</dst>
            <dst id="HSTNng">69186.448</dst>
            <dst id="IPLSng">193.168</dst>
            <dst id="KSCYng">53.3333333333333</dst>
            <dst id="LOSAng">120.610666666667</dst>
            <dst id="NYCMng">541933.626666667</dst>
            <dst id="SNVAng">106.930666666667</dst>
            <dst id="STTLng">106.666666666667</dst>
            <dst id="WASHng">279053.2</dst>
        </src>
    </IntraTM>
</TrafficMatrixFile>
