<?xml version="1.0" encoding="ISO-8859-1" standalone="yes"?>
<TrafficMatrixFile xsi:noNamespaceSchemaLocation="http://totem.run.montefiore.ulg.ac.be/Schema/TrafficMatrix-v1_2.xsd" xmlns:xsi="http://www.w3.org/2001/XMLSchema-instance">
    <IntraTM ASID="11537">
        <src id="ATLA-M5">
            <dst id="ATLA-M5">1211.34133333333</dst>
            <dst id="ATLAng">1071.77066666667</dst>
            <dst id="CHINng">343.138666666667</dst>
            <dst id="DNVRng">0</dst>
            <dst id="HSTNng">80</dst>
            <dst id="IPLSng">102.274666666667</dst>
            <dst id="KSCYng">0</dst>
            <dst id="LOSAng">0</dst>
            <dst id="NYCMng">977.432</dst>
            <dst id="SNVAng">0</dst>
            <dst id="STTLng">0</dst>
            <dst id="WASHng">1773.57333333333</dst>
        </src>
        <src id="ATLAng">
            <dst id="ATLA-M5">0</dst>
            <dst id="ATLAng">33885.0986666667</dst>
            <dst id="CHINng">23978.7093333333</dst>
            <dst id="DNVRng">0</dst>
            <dst id="HSTNng">22838.888</dst>
            <dst id="IPLSng">30682.9973333333</dst>
            <dst id="KSCYng">26.6666666666667</dst>
            <dst id="LOSAng">0</dst>
            <dst id="NYCMng">39155.36</dst>
            <dst id="SNVAng">84.4373333333333</dst>
            <dst id="STTLng">53.3333333333333</dst>
            <dst id="WASHng">46072.8346666667</dst>
        </src>
        <src id="CHINng">
            <dst id="ATLA-M5">0</dst>
            <dst id="ATLAng">25257.3093333333</dst>
            <dst id="CHINng">31718.2426666667</dst>
            <dst id="DNVRng">0</dst>
            <dst id="HSTNng">11787.68</dst>
            <dst id="IPLSng">39854.7306666667</dst>
            <dst id="KSCYng">106.666666666667</dst>
            <dst id="LOSAng">0</dst>
            <dst id="NYCMng">137903.202666667</dst>
            <dst id="SNVAng">53.3333333333333</dst>
            <dst id="STTLng">1969.33333333333</dst>
            <dst id="WASHng">28870.7973333333</dst>
        </src>
        <src id="DNVRng">
            <dst id="ATLA-M5">0</dst>
            <dst id="ATLAng">4887.272</dst>
            <dst id="CHINng">27850.3733333333</dst>
            <dst id="DNVRng">9525.10933333333</dst>
            <dst id="HSTNng">30336.6613333333</dst>
            <dst id="IPLSng">24734.7626666667</dst>
            <dst id="KSCYng">17553.3733333333</dst>
            <dst id="LOSAng">0</dst>
            <dst id="NYCMng">32999.8986666667</dst>
            <dst id="SNVAng">10413.864</dst>
            <dst id="STTLng">2008.21866666667</dst>
            <dst id="WASHng">54898.0986666667</dst>
        </src>
        <src id="HSTNng">
            <dst id="ATLA-M5">0</dst>
            <dst id="ATLAng">23917.0266666667</dst>
            <dst id="CHINng">976.986666666667</dst>
            <dst id="DNVRng">26.6666666666667</dst>
            <dst id="HSTNng">113788.792</dst>
            <dst id="IPLSng">80</dst>
            <dst id="KSCYng">0</dst>
            <dst id="LOSAng">32.5013333333333</dst>
            <dst id="NYCMng">5135.76533333333</dst>
            <dst id="SNVAng">0</dst>
            <dst id="STTLng">0</dst>
            <dst id="WASHng">84526.96</dst>
        </src>
        <src id="IPLSng">
            <dst id="ATLA-M5">0</dst>
            <dst id="ATLAng">13913.1573333333</dst>
            <dst id="CHINng">77558.0026666667</dst>
            <dst id="DNVRng">0</dst>
            <dst id="HSTNng">15306.4666666667</dst>
            <dst id="IPLSng">36962.592</dst>
            <dst id="KSCYng">20397.7546666667</dst>
            <dst id="LOSAng">0</dst>
            <dst id="NYCMng">161637.864</dst>
            <dst id="SNVAng">26.6666666666667</dst>
            <dst id="STTLng">59.6266666666667</dst>
            <dst id="WASHng">43697.984</dst>
        </src>
        <src id="KSCYng">
            <dst id="ATLA-M5">0</dst>
            <dst id="ATLAng">6338.47733333333</dst>
            <dst id="CHINng">12521.5173333333</dst>
            <dst id="DNVRng">8130.128</dst>
            <dst id="HSTNng">9624.96533333333</dst>
            <dst id="IPLSng">21849.5173333333</dst>
            <dst id="KSCYng">7117.504</dst>
            <dst id="LOSAng">0</dst>
            <dst id="NYCMng">16138.056</dst>
            <dst id="SNVAng">30.232</dst>
            <dst id="STTLng">0</dst>
            <dst id="WASHng">7429.07466666666</dst>
        </src>
        <src id="LOSAng">
            <dst id="ATLA-M5">0</dst>
            <dst id="ATLAng">22301.0746666667</dst>
            <dst id="CHINng">3706.408</dst>
            <dst id="DNVRng">13465.7893333333</dst>
            <dst id="HSTNng">95461.8106666666</dst>
            <dst id="IPLSng">656.066666666667</dst>
            <dst id="KSCYng">83.9813333333333</dst>
            <dst id="LOSAng">15343.216</dst>
            <dst id="NYCMng">75392.8453333333</dst>
            <dst id="SNVAng">13080.7306666667</dst>
            <dst id="STTLng">18632.2986666667</dst>
            <dst id="WASHng">71097.7333333333</dst>
        </src>
        <src id="NYCMng">
            <dst id="ATLA-M5">0</dst>
            <dst id="ATLAng">33146.408</dst>
            <dst id="CHINng">1028.52266666667</dst>
            <dst id="DNVRng">0</dst>
            <dst id="HSTNng">20049.344</dst>
            <dst id="IPLSng">80</dst>
            <dst id="KSCYng">226.936</dst>
            <dst id="LOSAng">53.3333333333333</dst>
            <dst id="NYCMng">464203.813333333</dst>
            <dst id="SNVAng">112.618666666667</dst>
            <dst id="STTLng">725.386666666667</dst>
            <dst id="WASHng">111337.469333333</dst>
        </src>
        <src id="SNVAng">
            <dst id="ATLA-M5">0</dst>
            <dst id="ATLAng">885.613333333333</dst>
            <dst id="CHINng">0</dst>
            <dst id="DNVRng">5380.344</dst>
            <dst id="HSTNng">3137.08</dst>
            <dst id="IPLSng">0</dst>
            <dst id="KSCYng">194.541333333333</dst>
            <dst id="LOSAng">33760.6426666667</dst>
            <dst id="NYCMng">28995.3573333333</dst>
            <dst id="SNVAng">14095.8186666667</dst>
            <dst id="STTLng">50401.7386666667</dst>
            <dst id="WASHng">524.626666666667</dst>
        </src>
        <src id="STTLng">
            <dst id="ATLA-M5">0</dst>
            <dst id="ATLAng">11580.2346666667</dst>
            <dst id="CHINng">3690.52266666667</dst>
            <dst id="DNVRng">4589.26933333333</dst>
            <dst id="HSTNng">24058.8133333333</dst>
            <dst id="IPLSng">247.618666666667</dst>
            <dst id="KSCYng">4202.59733333333</dst>
            <dst id="LOSAng">13781.8506666667</dst>
            <dst id="NYCMng">57316.6186666666</dst>
            <dst id="SNVAng">6324.72</dst>
            <dst id="STTLng">3980.856</dst>
            <dst id="WASHng">31603.7146666667</dst>
        </src>
        <src id="WASHng">
            <dst id="ATLA-M5">0</dst>
            <dst id="ATLAng">86936.4186666667</dst>
            <dst id="CHINng">753.104</dst>
            <dst id="DNVRng">0</dst>
            <dst id="HSTNng">91044.4533333333</dst>
            <dst id="IPLSng">165.784</dst>
            <dst id="KSCYng">199.434666666667</dst>
            <dst id="LOSAng">26.6666666666667</dst>
            <dst id="NYCMng">528107.306666667</dst>
            <dst id="SNVAng">61.16</dst>
            <dst id="STTLng">955.925333333333</dst>
            <dst id="WASHng">256315.493333333</dst>
        </src>
    </IntraTM>
</TrafficMatrixFile>
