<?xml version="1.0" encoding="ISO-8859-1" standalone="yes"?>
<TrafficMatrixFile xsi:noNamespaceSchemaLocation="http://totem.run.montefiore.ulg.ac.be/Schema/TrafficMatrix-v1_2.xsd" xmlns:xsi="http://www.w3.org/2001/XMLSchema-instance">
    <IntraTM ASID="11537">
        <src id="ATLA-M5">
            <dst id="ATLA-M5">0</dst>
            <dst id="ATLAng">53.3333333333333</dst>
            <dst id="CHINng">494.984</dst>
            <dst id="DNVRng">0</dst>
            <dst id="HSTNng">933.117333333333</dst>
            <dst id="IPLSng">1237.712</dst>
            <dst id="KSCYng">0</dst>
            <dst id="LOSAng">0</dst>
            <dst id="NYCMng">376.328</dst>
            <dst id="SNVAng">0</dst>
            <dst id="STTLng">0</dst>
            <dst id="WASHng">1715.15466666667</dst>
        </src>
        <src id="ATLAng">
            <dst id="ATLA-M5">0</dst>
            <dst id="ATLAng">24725.504</dst>
            <dst id="CHINng">14574.0666666667</dst>
            <dst id="DNVRng">38.96</dst>
            <dst id="HSTNng">34483.2986666667</dst>
            <dst id="IPLSng">39424.44</dst>
            <dst id="KSCYng">3087.44533333333</dst>
            <dst id="LOSAng">0</dst>
            <dst id="NYCMng">25239.0266666667</dst>
            <dst id="SNVAng">55.808</dst>
            <dst id="STTLng">1213.35466666667</dst>
            <dst id="WASHng">70853.0133333334</dst>
        </src>
        <src id="CHINng">
            <dst id="ATLA-M5">0</dst>
            <dst id="ATLAng">34692.1173333333</dst>
            <dst id="CHINng">147570.533333333</dst>
            <dst id="DNVRng">16565.488</dst>
            <dst id="HSTNng">99639.2426666667</dst>
            <dst id="IPLSng">45447.9733333333</dst>
            <dst id="KSCYng">9308.98666666667</dst>
            <dst id="LOSAng">322.48</dst>
            <dst id="NYCMng">20704.08</dst>
            <dst id="SNVAng">53.3333333333333</dst>
            <dst id="STTLng">1455.58666666667</dst>
            <dst id="WASHng">41057.5813333333</dst>
        </src>
        <src id="DNVRng">
            <dst id="ATLA-M5">0</dst>
            <dst id="ATLAng">9655.13866666667</dst>
            <dst id="CHINng">60340.312</dst>
            <dst id="DNVRng">10370.6986666667</dst>
            <dst id="HSTNng">29195.8826666667</dst>
            <dst id="IPLSng">32200.888</dst>
            <dst id="KSCYng">17465.176</dst>
            <dst id="LOSAng">0</dst>
            <dst id="NYCMng">22986.1386666667</dst>
            <dst id="SNVAng">8902.36</dst>
            <dst id="STTLng">0</dst>
            <dst id="WASHng">37033.072</dst>
        </src>
        <src id="HSTNng">
            <dst id="ATLA-M5">0</dst>
            <dst id="ATLAng">22870.9226666667</dst>
            <dst id="CHINng">2525.808</dst>
            <dst id="DNVRng">80</dst>
            <dst id="HSTNng">125355.757333333</dst>
            <dst id="IPLSng">412.394666666667</dst>
            <dst id="KSCYng">0</dst>
            <dst id="LOSAng">0</dst>
            <dst id="NYCMng">5610.008</dst>
            <dst id="SNVAng">0</dst>
            <dst id="STTLng">80</dst>
            <dst id="WASHng">95051.0373333333</dst>
        </src>
        <src id="IPLSng">
            <dst id="ATLA-M5">0</dst>
            <dst id="ATLAng">15251.6213333333</dst>
            <dst id="CHINng">165263.12</dst>
            <dst id="DNVRng">8180.65333333333</dst>
            <dst id="HSTNng">53817.1733333333</dst>
            <dst id="IPLSng">20131.528</dst>
            <dst id="KSCYng">22440.608</dst>
            <dst id="LOSAng">0</dst>
            <dst id="NYCMng">23170.3733333333</dst>
            <dst id="SNVAng">136.216</dst>
            <dst id="STTLng">142.661333333333</dst>
            <dst id="WASHng">16507.3253333333</dst>
        </src>
        <src id="KSCYng">
            <dst id="ATLA-M5">0</dst>
            <dst id="ATLAng">5058.09333333333</dst>
            <dst id="CHINng">36364.232</dst>
            <dst id="DNVRng">9299.89333333333</dst>
            <dst id="HSTNng">21206.4666666667</dst>
            <dst id="IPLSng">12719.5333333333</dst>
            <dst id="KSCYng">7505.95733333333</dst>
            <dst id="LOSAng">0</dst>
            <dst id="NYCMng">8743.44533333333</dst>
            <dst id="SNVAng">0</dst>
            <dst id="STTLng">26.6666666666667</dst>
            <dst id="WASHng">12773.0266666667</dst>
        </src>
        <src id="LOSAng">
            <dst id="ATLA-M5">0</dst>
            <dst id="ATLAng">18000.1786666667</dst>
            <dst id="CHINng">19687.8826666667</dst>
            <dst id="DNVRng">9163.56266666667</dst>
            <dst id="HSTNng">168453.429333333</dst>
            <dst id="IPLSng">832.018666666667</dst>
            <dst id="KSCYng">30.208</dst>
            <dst id="LOSAng">34734.32</dst>
            <dst id="NYCMng">48262.544</dst>
            <dst id="SNVAng">14724.4613333333</dst>
            <dst id="STTLng">24240.8533333333</dst>
            <dst id="WASHng">90148.5653333333</dst>
        </src>
        <src id="NYCMng">
            <dst id="ATLA-M5">0</dst>
            <dst id="ATLAng">24555.28</dst>
            <dst id="CHINng">66028.2506666667</dst>
            <dst id="DNVRng">33778.6266666667</dst>
            <dst id="HSTNng">88296.7173333333</dst>
            <dst id="IPLSng">56708.0213333334</dst>
            <dst id="KSCYng">22951.9226666667</dst>
            <dst id="LOSAng">157.922666666667</dst>
            <dst id="NYCMng">225498.850666667</dst>
            <dst id="SNVAng">106.666666666667</dst>
            <dst id="STTLng">4039.96533333333</dst>
            <dst id="WASHng">78351.64</dst>
        </src>
        <src id="SNVAng">
            <dst id="ATLA-M5">0</dst>
            <dst id="ATLAng">371.48</dst>
            <dst id="CHINng">505.533333333333</dst>
            <dst id="DNVRng">12231.208</dst>
            <dst id="HSTNng">4129.736</dst>
            <dst id="IPLSng">26.6666666666667</dst>
            <dst id="KSCYng">455.696</dst>
            <dst id="LOSAng">30225.728</dst>
            <dst id="NYCMng">5203.10933333333</dst>
            <dst id="SNVAng">17043.9866666667</dst>
            <dst id="STTLng">53269.856</dst>
            <dst id="WASHng">587.008</dst>
        </src>
        <src id="STTLng">
            <dst id="ATLA-M5">0</dst>
            <dst id="ATLAng">8627.81333333333</dst>
            <dst id="CHINng">24412.9653333333</dst>
            <dst id="DNVRng">4199.848</dst>
            <dst id="HSTNng">47466.6106666667</dst>
            <dst id="IPLSng">350.888</dst>
            <dst id="KSCYng">1868.48533333333</dst>
            <dst id="LOSAng">20299.4933333333</dst>
            <dst id="NYCMng">11634.8453333333</dst>
            <dst id="SNVAng">5501.62666666667</dst>
            <dst id="STTLng">4845.35466666667</dst>
            <dst id="WASHng">36908.1893333333</dst>
        </src>
        <src id="WASHng">
            <dst id="ATLA-M5">0</dst>
            <dst id="ATLAng">116622.136</dst>
            <dst id="CHINng">67743.0773333333</dst>
            <dst id="DNVRng">6533.96266666667</dst>
            <dst id="HSTNng">293882.826666667</dst>
            <dst id="IPLSng">45270.6213333333</dst>
            <dst id="KSCYng">13794.816</dst>
            <dst id="LOSAng">154.104</dst>
            <dst id="NYCMng">197929.032</dst>
            <dst id="SNVAng">175.216</dst>
            <dst id="STTLng">6319.936</dst>
            <dst id="WASHng">392915.093333333</dst>
        </src>
    </IntraTM>
</TrafficMatrixFile>
