<?xml version="1.0" encoding="ISO-8859-1" standalone="yes"?>
<TrafficMatrixFile xsi:noNamespaceSchemaLocation="http://totem.run.montefiore.ulg.ac.be/Schema/TrafficMatrix-v1_2.xsd" xmlns:xsi="http://www.w3.org/2001/XMLSchema-instance">
    <IntraTM ASID="11537">
        <src id="ATLA-M5">
            <dst id="ATLA-M5">396.648</dst>
            <dst id="ATLAng">781.930666666667</dst>
            <dst id="CHINng">1090.68</dst>
            <dst id="DNVRng">0</dst>
            <dst id="HSTNng">1269.07733333333</dst>
            <dst id="IPLSng">685.448</dst>
            <dst id="KSCYng">159.84</dst>
            <dst id="LOSAng">0</dst>
            <dst id="NYCMng">408.472</dst>
            <dst id="SNVAng">93.7173333333333</dst>
            <dst id="STTLng">26.6666666666667</dst>
            <dst id="WASHng">1645.17866666667</dst>
        </src>
        <src id="ATLAng">
            <dst id="ATLA-M5">0</dst>
            <dst id="ATLAng">58838.9333333333</dst>
            <dst id="CHINng">42293.968</dst>
            <dst id="DNVRng">106.666666666667</dst>
            <dst id="HSTNng">60225.008</dst>
            <dst id="IPLSng">34553.5226666667</dst>
            <dst id="KSCYng">5811.45066666667</dst>
            <dst id="LOSAng">26.6666666666667</dst>
            <dst id="NYCMng">12974.7706666667</dst>
            <dst id="SNVAng">349.933333333333</dst>
            <dst id="STTLng">316.664</dst>
            <dst id="WASHng">92007.3706666667</dst>
        </src>
        <src id="CHINng">
            <dst id="ATLA-M5">0</dst>
            <dst id="ATLAng">49112.2506666667</dst>
            <dst id="CHINng">111905.832</dst>
            <dst id="DNVRng">22456.6506666667</dst>
            <dst id="HSTNng">83123.8746666667</dst>
            <dst id="IPLSng">72427.0133333333</dst>
            <dst id="KSCYng">25596.6826666667</dst>
            <dst id="LOSAng">86.0373333333333</dst>
            <dst id="NYCMng">53482.2186666667</dst>
            <dst id="SNVAng">350.261333333333</dst>
            <dst id="STTLng">803.290666666667</dst>
            <dst id="WASHng">58768.7173333333</dst>
        </src>
        <src id="DNVRng">
            <dst id="ATLA-M5">0</dst>
            <dst id="ATLAng">12627.3093333333</dst>
            <dst id="CHINng">68602.8293333333</dst>
            <dst id="DNVRng">15384.088</dst>
            <dst id="HSTNng">59881.3866666667</dst>
            <dst id="IPLSng">35538.904</dst>
            <dst id="KSCYng">20153.9226666667</dst>
            <dst id="LOSAng">26.6666666666667</dst>
            <dst id="NYCMng">20283.0106666667</dst>
            <dst id="SNVAng">13322.528</dst>
            <dst id="STTLng">307.92</dst>
            <dst id="WASHng">57168.8186666667</dst>
        </src>
        <src id="HSTNng">
            <dst id="ATLA-M5">0</dst>
            <dst id="ATLAng">34802.512</dst>
            <dst id="CHINng">3811.75466666667</dst>
            <dst id="DNVRng">73.36</dst>
            <dst id="HSTNng">224805.274666667</dst>
            <dst id="IPLSng">53.3333333333333</dst>
            <dst id="KSCYng">53.3333333333333</dst>
            <dst id="LOSAng">26.6666666666667</dst>
            <dst id="NYCMng">10738.24</dst>
            <dst id="SNVAng">80</dst>
            <dst id="STTLng">53.3333333333333</dst>
            <dst id="WASHng">117821.821333333</dst>
        </src>
        <src id="IPLSng">
            <dst id="ATLA-M5">0</dst>
            <dst id="ATLAng">24413.0533333333</dst>
            <dst id="CHINng">170902.005333333</dst>
            <dst id="DNVRng">10047.192</dst>
            <dst id="HSTNng">99651.6586666667</dst>
            <dst id="IPLSng">53877.312</dst>
            <dst id="KSCYng">41699.5946666667</dst>
            <dst id="LOSAng">0</dst>
            <dst id="NYCMng">52878.8453333333</dst>
            <dst id="SNVAng">2632.98666666667</dst>
            <dst id="STTLng">420.794666666667</dst>
            <dst id="WASHng">33570.6213333333</dst>
        </src>
        <src id="KSCYng">
            <dst id="ATLA-M5">0</dst>
            <dst id="ATLAng">7104.21333333333</dst>
            <dst id="CHINng">40499.2186666667</dst>
            <dst id="DNVRng">31021.3786666667</dst>
            <dst id="HSTNng">16986.3893333333</dst>
            <dst id="IPLSng">26597.2293333333</dst>
            <dst id="KSCYng">14638.9653333333</dst>
            <dst id="LOSAng">104.178666666667</dst>
            <dst id="NYCMng">15620.6213333333</dst>
            <dst id="SNVAng">161.717333333333</dst>
            <dst id="STTLng">106.666666666667</dst>
            <dst id="WASHng">20915.5093333333</dst>
        </src>
        <src id="LOSAng">
            <dst id="ATLA-M5">0</dst>
            <dst id="ATLAng">27925.9333333333</dst>
            <dst id="CHINng">10904.6586666667</dst>
            <dst id="DNVRng">17823.816</dst>
            <dst id="HSTNng">183739.181333333</dst>
            <dst id="IPLSng">1785.344</dst>
            <dst id="KSCYng">762.882666666667</dst>
            <dst id="LOSAng">17918.2293333333</dst>
            <dst id="NYCMng">54277.6453333333</dst>
            <dst id="SNVAng">14962.1626666667</dst>
            <dst id="STTLng">25953.792</dst>
            <dst id="WASHng">105294.149333333</dst>
        </src>
        <src id="NYCMng">
            <dst id="ATLA-M5">0</dst>
            <dst id="ATLAng">59650.2106666667</dst>
            <dst id="CHINng">84694.496</dst>
            <dst id="DNVRng">35219.2133333333</dst>
            <dst id="HSTNng">141343.728</dst>
            <dst id="IPLSng">77099.336</dst>
            <dst id="KSCYng">35563.952</dst>
            <dst id="LOSAng">207.634666666667</dst>
            <dst id="NYCMng">273466.4</dst>
            <dst id="SNVAng">227.397333333333</dst>
            <dst id="STTLng">2030.44266666667</dst>
            <dst id="WASHng">141061.789333333</dst>
        </src>
        <src id="SNVAng">
            <dst id="ATLA-M5">0</dst>
            <dst id="ATLAng">1445.84</dst>
            <dst id="CHINng">1541.86133333333</dst>
            <dst id="DNVRng">12808.9733333333</dst>
            <dst id="HSTNng">8732.33866666667</dst>
            <dst id="IPLSng">26.6666666666667</dst>
            <dst id="KSCYng">1008.992</dst>
            <dst id="LOSAng">35636.88</dst>
            <dst id="NYCMng">5412.224</dst>
            <dst id="SNVAng">22273.5306666667</dst>
            <dst id="STTLng">53297.584</dst>
            <dst id="WASHng">1187.14933333333</dst>
        </src>
        <src id="STTLng">
            <dst id="ATLA-M5">0</dst>
            <dst id="ATLAng">19345.7466666667</dst>
            <dst id="CHINng">23530.6053333333</dst>
            <dst id="DNVRng">9517.704</dst>
            <dst id="HSTNng">63224.4106666667</dst>
            <dst id="IPLSng">803.842666666667</dst>
            <dst id="KSCYng">5728.76</dst>
            <dst id="LOSAng">24367.2453333333</dst>
            <dst id="NYCMng">26755.4906666667</dst>
            <dst id="SNVAng">10019.0853333333</dst>
            <dst id="STTLng">3697.216</dst>
            <dst id="WASHng">39802.792</dst>
        </src>
        <src id="WASHng">
            <dst id="ATLA-M5">0</dst>
            <dst id="ATLAng">163373.173333333</dst>
            <dst id="CHINng">112549.213333333</dst>
            <dst id="DNVRng">5695.99466666667</dst>
            <dst id="HSTNng">343288.666666667</dst>
            <dst id="IPLSng">96376.1413333333</dst>
            <dst id="KSCYng">32232.576</dst>
            <dst id="LOSAng">102.666666666667</dst>
            <dst id="NYCMng">184853.797333333</dst>
            <dst id="SNVAng">635.112</dst>
            <dst id="STTLng">4017.29866666667</dst>
            <dst id="WASHng">438259.04</dst>
        </src>
    </IntraTM>
</TrafficMatrixFile>
