<?xml version="1.0" encoding="ISO-8859-1" standalone="yes"?>
<TrafficMatrixFile xsi:noNamespaceSchemaLocation="http://totem.run.montefiore.ulg.ac.be/Schema/TrafficMatrix-v1_2.xsd" xmlns:xsi="http://www.w3.org/2001/XMLSchema-instance">
    <IntraTM ASID="11537">
        <src id="ATLA-M5">
            <dst id="ATLA-M5">53.3333333333333</dst>
            <dst id="ATLAng">444.437333333333</dst>
            <dst id="CHINng">1100.33866666667</dst>
            <dst id="DNVRng">0</dst>
            <dst id="HSTNng">1468.90933333333</dst>
            <dst id="IPLSng">616.954666666667</dst>
            <dst id="KSCYng">315.776</dst>
            <dst id="LOSAng">0</dst>
            <dst id="NYCMng">608.525333333333</dst>
            <dst id="SNVAng">0</dst>
            <dst id="STTLng">0</dst>
            <dst id="WASHng">1008.87466666667</dst>
        </src>
        <src id="ATLAng">
            <dst id="ATLA-M5">0</dst>
            <dst id="ATLAng">23690.7973333333</dst>
            <dst id="CHINng">34240.5493333333</dst>
            <dst id="DNVRng">53.3333333333333</dst>
            <dst id="HSTNng">46696.6613333333</dst>
            <dst id="IPLSng">41774.696</dst>
            <dst id="KSCYng">7554.16533333333</dst>
            <dst id="LOSAng">0</dst>
            <dst id="NYCMng">24362.1226666667</dst>
            <dst id="SNVAng">26.6666666666667</dst>
            <dst id="STTLng">141.349333333333</dst>
            <dst id="WASHng">72473.064</dst>
        </src>
        <src id="CHINng">
            <dst id="ATLA-M5">0</dst>
            <dst id="ATLAng">33716.0053333333</dst>
            <dst id="CHINng">100121.349333333</dst>
            <dst id="DNVRng">28133.264</dst>
            <dst id="HSTNng">125314.597333333</dst>
            <dst id="IPLSng">78466.2346666667</dst>
            <dst id="KSCYng">15969.512</dst>
            <dst id="LOSAng">509.570666666667</dst>
            <dst id="NYCMng">50640.0906666667</dst>
            <dst id="SNVAng">80</dst>
            <dst id="STTLng">2256.56266666667</dst>
            <dst id="WASHng">48710.7653333333</dst>
        </src>
        <src id="DNVRng">
            <dst id="ATLA-M5">0</dst>
            <dst id="ATLAng">9698.76266666667</dst>
            <dst id="CHINng">107323.501333333</dst>
            <dst id="DNVRng">15515.096</dst>
            <dst id="HSTNng">74439.7573333333</dst>
            <dst id="IPLSng">29425.5493333333</dst>
            <dst id="KSCYng">16087.856</dst>
            <dst id="LOSAng">0</dst>
            <dst id="NYCMng">18928.7306666667</dst>
            <dst id="SNVAng">14532.344</dst>
            <dst id="STTLng">245.842666666667</dst>
            <dst id="WASHng">54946.6213333333</dst>
        </src>
        <src id="HSTNng">
            <dst id="ATLA-M5">0</dst>
            <dst id="ATLAng">27049.5066666667</dst>
            <dst id="CHINng">3394.41333333333</dst>
            <dst id="DNVRng">99.5733333333334</dst>
            <dst id="HSTNng">155448.656</dst>
            <dst id="IPLSng">66.1093333333333</dst>
            <dst id="KSCYng">106.666666666667</dst>
            <dst id="LOSAng">0</dst>
            <dst id="NYCMng">7883.08</dst>
            <dst id="SNVAng">26.6666666666667</dst>
            <dst id="STTLng">133.333333333333</dst>
            <dst id="WASHng">118383.341333333</dst>
        </src>
        <src id="IPLSng">
            <dst id="ATLA-M5">0</dst>
            <dst id="ATLAng">48730.4586666667</dst>
            <dst id="CHINng">140791.616</dst>
            <dst id="DNVRng">11129.92</dst>
            <dst id="HSTNng">67926.4453333333</dst>
            <dst id="IPLSng">33451.3306666667</dst>
            <dst id="KSCYng">21814.9973333333</dst>
            <dst id="LOSAng">1004.82133333333</dst>
            <dst id="NYCMng">81984.3706666667</dst>
            <dst id="SNVAng">154.770666666667</dst>
            <dst id="STTLng">896.717333333333</dst>
            <dst id="WASHng">35067.568</dst>
        </src>
        <src id="KSCYng">
            <dst id="ATLA-M5">0</dst>
            <dst id="ATLAng">6779.60266666667</dst>
            <dst id="CHINng">30889.1546666667</dst>
            <dst id="DNVRng">8773.65333333333</dst>
            <dst id="HSTNng">17950.2346666667</dst>
            <dst id="IPLSng">20118.5386666667</dst>
            <dst id="KSCYng">8042.45333333333</dst>
            <dst id="LOSAng">0</dst>
            <dst id="NYCMng">10451.4426666667</dst>
            <dst id="SNVAng">53.3333333333333</dst>
            <dst id="STTLng">326.381333333333</dst>
            <dst id="WASHng">18155.0266666667</dst>
        </src>
        <src id="LOSAng">
            <dst id="ATLA-M5">0</dst>
            <dst id="ATLAng">19513.4746666667</dst>
            <dst id="CHINng">4645.52266666667</dst>
            <dst id="DNVRng">16176.5173333333</dst>
            <dst id="HSTNng">189875.056</dst>
            <dst id="IPLSng">461.888</dst>
            <dst id="KSCYng">146.901333333333</dst>
            <dst id="LOSAng">22732.16</dst>
            <dst id="NYCMng">80758.1093333334</dst>
            <dst id="SNVAng">21034.5546666667</dst>
            <dst id="STTLng">44730.6853333333</dst>
            <dst id="WASHng">99313.5066666667</dst>
        </src>
        <src id="NYCMng">
            <dst id="ATLA-M5">0</dst>
            <dst id="ATLAng">62347.3093333334</dst>
            <dst id="CHINng">95152.8426666667</dst>
            <dst id="DNVRng">37337.0506666667</dst>
            <dst id="HSTNng">158353.925333333</dst>
            <dst id="IPLSng">66562.5733333333</dst>
            <dst id="KSCYng">25668.928</dst>
            <dst id="LOSAng">99.9093333333333</dst>
            <dst id="NYCMng">251200.736</dst>
            <dst id="SNVAng">225.205333333333</dst>
            <dst id="STTLng">7270.38666666667</dst>
            <dst id="WASHng">158504.52</dst>
        </src>
        <src id="SNVAng">
            <dst id="ATLA-M5">0</dst>
            <dst id="ATLAng">961.677333333333</dst>
            <dst id="CHINng">665.429333333333</dst>
            <dst id="DNVRng">13898.9653333333</dst>
            <dst id="HSTNng">6544.91466666667</dst>
            <dst id="IPLSng">26.6666666666667</dst>
            <dst id="KSCYng">271.282666666667</dst>
            <dst id="LOSAng">37597.496</dst>
            <dst id="NYCMng">15961.3546666667</dst>
            <dst id="SNVAng">18132.968</dst>
            <dst id="STTLng">54602.1013333333</dst>
            <dst id="WASHng">1283.34666666667</dst>
        </src>
        <src id="STTLng">
            <dst id="ATLA-M5">0</dst>
            <dst id="ATLAng">11274.896</dst>
            <dst id="CHINng">22976.3066666667</dst>
            <dst id="DNVRng">7805.46666666667</dst>
            <dst id="HSTNng">43041.048</dst>
            <dst id="IPLSng">328.613333333333</dst>
            <dst id="KSCYng">3676.92266666667</dst>
            <dst id="LOSAng">29062.488</dst>
            <dst id="NYCMng">16002.7653333333</dst>
            <dst id="SNVAng">6829.61333333333</dst>
            <dst id="STTLng">5441.448</dst>
            <dst id="WASHng">30549.2053333333</dst>
        </src>
        <src id="WASHng">
            <dst id="ATLA-M5">0</dst>
            <dst id="ATLAng">188121.237333333</dst>
            <dst id="CHINng">93494.1573333333</dst>
            <dst id="DNVRng">1574.59466666667</dst>
            <dst id="HSTNng">329884.853333333</dst>
            <dst id="IPLSng">67465.056</dst>
            <dst id="KSCYng">23377.808</dst>
            <dst id="LOSAng">251.165333333333</dst>
            <dst id="NYCMng">200535.114666667</dst>
            <dst id="SNVAng">402.162666666667</dst>
            <dst id="STTLng">6417.70666666667</dst>
            <dst id="WASHng">281902.24</dst>
        </src>
    </IntraTM>
</TrafficMatrixFile>
