<?xml version="1.0" encoding="ISO-8859-1" standalone="yes"?>
<TrafficMatrixFile xsi:noNamespaceSchemaLocation="http://totem.run.montefiore.ulg.ac.be/Schema/TrafficMatrix-v1_2.xsd" xmlns:xsi="http://www.w3.org/2001/XMLSchema-instance">
    <IntraTM ASID="11537">
        <src id="ATLA-M5">
            <dst id="ATLA-M5">26.6666666666667</dst>
            <dst id="ATLAng">53.3333333333333</dst>
            <dst id="CHINng">366.272</dst>
            <dst id="DNVRng">0</dst>
            <dst id="HSTNng">1359.66666666667</dst>
            <dst id="IPLSng">80.32</dst>
            <dst id="KSCYng">95.2853333333333</dst>
            <dst id="LOSAng">0</dst>
            <dst id="NYCMng">414.930666666667</dst>
            <dst id="SNVAng">0</dst>
            <dst id="STTLng">0</dst>
            <dst id="WASHng">2444.74933333333</dst>
        </src>
        <src id="ATLAng">
            <dst id="ATLA-M5">0</dst>
            <dst id="ATLAng">29073.7626666667</dst>
            <dst id="CHINng">15322.272</dst>
            <dst id="DNVRng">26.6666666666667</dst>
            <dst id="HSTNng">36662.216</dst>
            <dst id="IPLSng">30325.024</dst>
            <dst id="KSCYng">5444.48</dst>
            <dst id="LOSAng">0</dst>
            <dst id="NYCMng">22435.8666666667</dst>
            <dst id="SNVAng">0</dst>
            <dst id="STTLng">53.3333333333333</dst>
            <dst id="WASHng">77469.5706666667</dst>
        </src>
        <src id="CHINng">
            <dst id="ATLA-M5">0</dst>
            <dst id="ATLAng">24472.5946666667</dst>
            <dst id="CHINng">169367.322666667</dst>
            <dst id="DNVRng">19794.5173333333</dst>
            <dst id="HSTNng">117167.208</dst>
            <dst id="IPLSng">49578.0666666667</dst>
            <dst id="KSCYng">11881.5386666667</dst>
            <dst id="LOSAng">405.976</dst>
            <dst id="NYCMng">26861.5653333333</dst>
            <dst id="SNVAng">26.6666666666667</dst>
            <dst id="STTLng">3782.216</dst>
            <dst id="WASHng">32182.0533333333</dst>
        </src>
        <src id="DNVRng">
            <dst id="ATLA-M5">0</dst>
            <dst id="ATLAng">7759.36266666667</dst>
            <dst id="CHINng">68303.1493333333</dst>
            <dst id="DNVRng">10908.2506666667</dst>
            <dst id="HSTNng">43713.9893333333</dst>
            <dst id="IPLSng">23350.4026666667</dst>
            <dst id="KSCYng">15050.8586666667</dst>
            <dst id="LOSAng">0</dst>
            <dst id="NYCMng">25184.2613333333</dst>
            <dst id="SNVAng">13682.9413333333</dst>
            <dst id="STTLng">0</dst>
            <dst id="WASHng">33434.936</dst>
        </src>
        <src id="HSTNng">
            <dst id="ATLA-M5">0</dst>
            <dst id="ATLAng">27081.568</dst>
            <dst id="CHINng">1981.01866666667</dst>
            <dst id="DNVRng">0</dst>
            <dst id="HSTNng">122366.08</dst>
            <dst id="IPLSng">93.8986666666667</dst>
            <dst id="KSCYng">26.6666666666667</dst>
            <dst id="LOSAng">0</dst>
            <dst id="NYCMng">5500.46133333334</dst>
            <dst id="SNVAng">0</dst>
            <dst id="STTLng">26.6666666666667</dst>
            <dst id="WASHng">90012.8133333334</dst>
        </src>
        <src id="IPLSng">
            <dst id="ATLA-M5">0</dst>
            <dst id="ATLAng">16251.728</dst>
            <dst id="CHINng">145678.658666667</dst>
            <dst id="DNVRng">10837.2773333333</dst>
            <dst id="HSTNng">55975.9653333333</dst>
            <dst id="IPLSng">33229.2586666667</dst>
            <dst id="KSCYng">31661.856</dst>
            <dst id="LOSAng">0</dst>
            <dst id="NYCMng">30627.4533333333</dst>
            <dst id="SNVAng">51.288</dst>
            <dst id="STTLng">112.456</dst>
            <dst id="WASHng">23806.264</dst>
        </src>
        <src id="KSCYng">
            <dst id="ATLA-M5">0</dst>
            <dst id="ATLAng">3351.64</dst>
            <dst id="CHINng">37831.0026666667</dst>
            <dst id="DNVRng">8524.22933333333</dst>
            <dst id="HSTNng">16241.4426666667</dst>
            <dst id="IPLSng">13840.2133333333</dst>
            <dst id="KSCYng">7147.70933333333</dst>
            <dst id="LOSAng">0</dst>
            <dst id="NYCMng">9581.92266666667</dst>
            <dst id="SNVAng">0</dst>
            <dst id="STTLng">53.3333333333333</dst>
            <dst id="WASHng">10218.592</dst>
        </src>
        <src id="LOSAng">
            <dst id="ATLA-M5">0</dst>
            <dst id="ATLAng">18300.0933333333</dst>
            <dst id="CHINng">12361.0133333333</dst>
            <dst id="DNVRng">8517.83466666667</dst>
            <dst id="HSTNng">170376.725333333</dst>
            <dst id="IPLSng">580.490666666667</dst>
            <dst id="KSCYng">32.488</dst>
            <dst id="LOSAng">23141.3813333333</dst>
            <dst id="NYCMng">53974.8693333333</dst>
            <dst id="SNVAng">16627.0586666667</dst>
            <dst id="STTLng">26750.3653333333</dst>
            <dst id="WASHng">82288.472</dst>
        </src>
        <src id="NYCMng">
            <dst id="ATLA-M5">0</dst>
            <dst id="ATLAng">21515.1706666667</dst>
            <dst id="CHINng">67513.184</dst>
            <dst id="DNVRng">31863.656</dst>
            <dst id="HSTNng">121561.018666667</dst>
            <dst id="IPLSng">49337.5466666667</dst>
            <dst id="KSCYng">18253.4586666667</dst>
            <dst id="LOSAng">144.237333333333</dst>
            <dst id="NYCMng">221525.021333333</dst>
            <dst id="SNVAng">80</dst>
            <dst id="STTLng">3411.936</dst>
            <dst id="WASHng">76526.824</dst>
        </src>
        <src id="SNVAng">
            <dst id="ATLA-M5">0</dst>
            <dst id="ATLAng">205.848</dst>
            <dst id="CHINng">342.338666666667</dst>
            <dst id="DNVRng">603.602666666667</dst>
            <dst id="HSTNng">5581.392</dst>
            <dst id="IPLSng">0</dst>
            <dst id="KSCYng">523.752</dst>
            <dst id="LOSAng">33497.448</dst>
            <dst id="NYCMng">4555.98933333333</dst>
            <dst id="SNVAng">13278.0453333333</dst>
            <dst id="STTLng">48793.592</dst>
            <dst id="WASHng">1296.30133333333</dst>
        </src>
        <src id="STTLng">
            <dst id="ATLA-M5">0</dst>
            <dst id="ATLAng">8212.58133333333</dst>
            <dst id="CHINng">23969.1333333333</dst>
            <dst id="DNVRng">3812.856</dst>
            <dst id="HSTNng">42539.3226666667</dst>
            <dst id="IPLSng">289.738666666667</dst>
            <dst id="KSCYng">2342.664</dst>
            <dst id="LOSAng">19974.816</dst>
            <dst id="NYCMng">13556.1413333333</dst>
            <dst id="SNVAng">6810.064</dst>
            <dst id="STTLng">5761.62933333333</dst>
            <dst id="WASHng">32909.3733333333</dst>
        </src>
        <src id="WASHng">
            <dst id="ATLA-M5">0</dst>
            <dst id="ATLAng">120016.104</dst>
            <dst id="CHINng">91375.0666666667</dst>
            <dst id="DNVRng">4271.91733333333</dst>
            <dst id="HSTNng">302326.48</dst>
            <dst id="IPLSng">50260.8826666667</dst>
            <dst id="KSCYng">15544.1093333333</dst>
            <dst id="LOSAng">35.7146666666667</dst>
            <dst id="NYCMng">178198.250666667</dst>
            <dst id="SNVAng">161.104</dst>
            <dst id="STTLng">5685.58133333333</dst>
            <dst id="WASHng">415989.546666667</dst>
        </src>
    </IntraTM>
</TrafficMatrixFile>
