<?xml version="1.0" encoding="ISO-8859-1" standalone="yes"?>
<TrafficMatrixFile xsi:noNamespaceSchemaLocation="http://totem.run.montefiore.ulg.ac.be/Schema/TrafficMatrix-v1_2.xsd" xmlns:xsi="http://www.w3.org/2001/XMLSchema-instance">
    <IntraTM ASID="11537">
        <src id="ATLA-M5">
            <dst id="ATLA-M5">1068.36</dst>
            <dst id="ATLAng">212.392</dst>
            <dst id="CHINng">1561.34933333333</dst>
            <dst id="DNVRng">0</dst>
            <dst id="HSTNng">93.696</dst>
            <dst id="IPLSng">510.002666666667</dst>
            <dst id="KSCYng">0</dst>
            <dst id="LOSAng">0</dst>
            <dst id="NYCMng">626.357333333333</dst>
            <dst id="SNVAng">0</dst>
            <dst id="STTLng">0</dst>
            <dst id="WASHng">1401.296</dst>
        </src>
        <src id="ATLAng">
            <dst id="ATLA-M5">0</dst>
            <dst id="ATLAng">28256.6053333333</dst>
            <dst id="CHINng">24356.5786666667</dst>
            <dst id="DNVRng">0</dst>
            <dst id="HSTNng">3692.248</dst>
            <dst id="IPLSng">28584.5813333333</dst>
            <dst id="KSCYng">0</dst>
            <dst id="LOSAng">26.6666666666667</dst>
            <dst id="NYCMng">46439.8346666667</dst>
            <dst id="SNVAng">26.6666666666667</dst>
            <dst id="STTLng">0</dst>
            <dst id="WASHng">39401.584</dst>
        </src>
        <src id="CHINng">
            <dst id="ATLA-M5">0</dst>
            <dst id="ATLAng">35430.2026666667</dst>
            <dst id="CHINng">24776.7306666667</dst>
            <dst id="DNVRng">0</dst>
            <dst id="HSTNng">14334.48</dst>
            <dst id="IPLSng">51779.936</dst>
            <dst id="KSCYng">53.3333333333333</dst>
            <dst id="LOSAng">26.6666666666667</dst>
            <dst id="NYCMng">152377.434666667</dst>
            <dst id="SNVAng">0</dst>
            <dst id="STTLng">1176.55466666667</dst>
            <dst id="WASHng">32020.832</dst>
        </src>
        <src id="DNVRng">
            <dst id="ATLA-M5">0</dst>
            <dst id="ATLAng">6051.456</dst>
            <dst id="CHINng">27258.3573333333</dst>
            <dst id="DNVRng">11596.9173333333</dst>
            <dst id="HSTNng">27552.3626666667</dst>
            <dst id="IPLSng">26036.2506666667</dst>
            <dst id="KSCYng">16209.3466666667</dst>
            <dst id="LOSAng">0</dst>
            <dst id="NYCMng">38043.9093333333</dst>
            <dst id="SNVAng">7458.104</dst>
            <dst id="STTLng">1983.464</dst>
            <dst id="WASHng">36883.8346666667</dst>
        </src>
        <src id="HSTNng">
            <dst id="ATLA-M5">0</dst>
            <dst id="ATLAng">23584.456</dst>
            <dst id="CHINng">1404.22133333333</dst>
            <dst id="DNVRng">0</dst>
            <dst id="HSTNng">88455.848</dst>
            <dst id="IPLSng">53.3333333333333</dst>
            <dst id="KSCYng">0</dst>
            <dst id="LOSAng">0</dst>
            <dst id="NYCMng">5595.99466666667</dst>
            <dst id="SNVAng">53.3333333333333</dst>
            <dst id="STTLng">0</dst>
            <dst id="WASHng">74562.6346666667</dst>
        </src>
        <src id="IPLSng">
            <dst id="ATLA-M5">0</dst>
            <dst id="ATLAng">11603.8746666667</dst>
            <dst id="CHINng">57104.4133333333</dst>
            <dst id="DNVRng">0</dst>
            <dst id="HSTNng">13117.4373333333</dst>
            <dst id="IPLSng">22531.208</dst>
            <dst id="KSCYng">17100.3813333333</dst>
            <dst id="LOSAng">30.072</dst>
            <dst id="NYCMng">155782.869333333</dst>
            <dst id="SNVAng">26.6666666666667</dst>
            <dst id="STTLng">0</dst>
            <dst id="WASHng">30412.568</dst>
        </src>
        <src id="KSCYng">
            <dst id="ATLA-M5">0</dst>
            <dst id="ATLAng">7325.35466666667</dst>
            <dst id="CHINng">11636.0906666667</dst>
            <dst id="DNVRng">6040.69333333333</dst>
            <dst id="HSTNng">17402.128</dst>
            <dst id="IPLSng">7851.06666666667</dst>
            <dst id="KSCYng">7468.87733333333</dst>
            <dst id="LOSAng">0</dst>
            <dst id="NYCMng">19413.624</dst>
            <dst id="SNVAng">0</dst>
            <dst id="STTLng">0</dst>
            <dst id="WASHng">8795.87466666667</dst>
        </src>
        <src id="LOSAng">
            <dst id="ATLA-M5">0</dst>
            <dst id="ATLAng">21374.296</dst>
            <dst id="CHINng">8616.808</dst>
            <dst id="DNVRng">8936.77066666667</dst>
            <dst id="HSTNng">94538.6373333333</dst>
            <dst id="IPLSng">598.570666666667</dst>
            <dst id="KSCYng">242.536</dst>
            <dst id="LOSAng">14942.3546666667</dst>
            <dst id="NYCMng">85850.3973333333</dst>
            <dst id="SNVAng">9073.51466666667</dst>
            <dst id="STTLng">21906.7333333333</dst>
            <dst id="WASHng">58880.6666666667</dst>
        </src>
        <src id="NYCMng">
            <dst id="ATLA-M5">0</dst>
            <dst id="ATLAng">23458.8613333333</dst>
            <dst id="CHINng">1262.21333333333</dst>
            <dst id="DNVRng">0</dst>
            <dst id="HSTNng">14115.816</dst>
            <dst id="IPLSng">106.666666666667</dst>
            <dst id="KSCYng">138.197333333333</dst>
            <dst id="LOSAng">118.016</dst>
            <dst id="NYCMng">372113.893333333</dst>
            <dst id="SNVAng">26.6666666666667</dst>
            <dst id="STTLng">651.626666666667</dst>
            <dst id="WASHng">118395.557333333</dst>
        </src>
        <src id="SNVAng">
            <dst id="ATLA-M5">0</dst>
            <dst id="ATLAng">853.413333333333</dst>
            <dst id="CHINng">0</dst>
            <dst id="DNVRng">14441.656</dst>
            <dst id="HSTNng">2618.272</dst>
            <dst id="IPLSng">0</dst>
            <dst id="KSCYng">144.216</dst>
            <dst id="LOSAng">33959</dst>
            <dst id="NYCMng">4748.288</dst>
            <dst id="SNVAng">17293.608</dst>
            <dst id="STTLng">58778.344</dst>
            <dst id="WASHng">143.466666666667</dst>
        </src>
        <src id="STTLng">
            <dst id="ATLA-M5">0</dst>
            <dst id="ATLAng">6548.512</dst>
            <dst id="CHINng">1163.05333333333</dst>
            <dst id="DNVRng">4361.75733333333</dst>
            <dst id="HSTNng">17671.5306666667</dst>
            <dst id="IPLSng">348.674666666667</dst>
            <dst id="KSCYng">2024.70933333333</dst>
            <dst id="LOSAng">15069.6666666667</dst>
            <dst id="NYCMng">40825.8693333333</dst>
            <dst id="SNVAng">3931.11733333333</dst>
            <dst id="STTLng">4548.512</dst>
            <dst id="WASHng">31581.5253333333</dst>
        </src>
        <src id="WASHng">
            <dst id="ATLA-M5">0</dst>
            <dst id="ATLAng">93570.8746666667</dst>
            <dst id="CHINng">1539.67733333333</dst>
            <dst id="DNVRng">0</dst>
            <dst id="HSTNng">74336.1973333334</dst>
            <dst id="IPLSng">97.264</dst>
            <dst id="KSCYng">0</dst>
            <dst id="LOSAng">0</dst>
            <dst id="NYCMng">460464.906666667</dst>
            <dst id="SNVAng">57.672</dst>
            <dst id="STTLng">0</dst>
            <dst id="WASHng">280396.666666667</dst>
        </src>
    </IntraTM>
</TrafficMatrixFile>
