<?xml version="1.0" encoding="ISO-8859-1" standalone="yes"?>
<TrafficMatrixFile xsi:noNamespaceSchemaLocation="http://totem.run.montefiore.ulg.ac.be/Schema/TrafficMatrix-v1_2.xsd" xmlns:xsi="http://www.w3.org/2001/XMLSchema-instance">
    <IntraTM ASID="11537">
        <src id="ATLA-M5">
            <dst id="ATLA-M5">0</dst>
            <dst id="ATLAng">80</dst>
            <dst id="CHINng">547.754666666666</dst>
            <dst id="DNVRng">0</dst>
            <dst id="HSTNng">496.666666666667</dst>
            <dst id="IPLSng">786.672</dst>
            <dst id="KSCYng">143.205333333333</dst>
            <dst id="LOSAng">0</dst>
            <dst id="NYCMng">393.813333333333</dst>
            <dst id="SNVAng">0</dst>
            <dst id="STTLng">0</dst>
            <dst id="WASHng">1271.824</dst>
        </src>
        <src id="ATLAng">
            <dst id="ATLA-M5">0</dst>
            <dst id="ATLAng">47054.4</dst>
            <dst id="CHINng">23018.912</dst>
            <dst id="DNVRng">95.696</dst>
            <dst id="HSTNng">506273.253333333</dst>
            <dst id="IPLSng">39554.1573333333</dst>
            <dst id="KSCYng">5031.77866666667</dst>
            <dst id="LOSAng">0</dst>
            <dst id="NYCMng">22909.8853333333</dst>
            <dst id="SNVAng">26.6666666666667</dst>
            <dst id="STTLng">283.541333333333</dst>
            <dst id="WASHng">72494.256</dst>
        </src>
        <src id="CHINng">
            <dst id="ATLA-M5">0</dst>
            <dst id="ATLAng">32222.392</dst>
            <dst id="CHINng">146158.077333333</dst>
            <dst id="DNVRng">16732.3813333333</dst>
            <dst id="HSTNng">121495.52</dst>
            <dst id="IPLSng">71243.4026666667</dst>
            <dst id="KSCYng">17264.9813333333</dst>
            <dst id="LOSAng">814.949333333333</dst>
            <dst id="NYCMng">47008.2906666667</dst>
            <dst id="SNVAng">0</dst>
            <dst id="STTLng">647.522666666667</dst>
            <dst id="WASHng">40782.5466666667</dst>
        </src>
        <src id="DNVRng">
            <dst id="ATLA-M5">0</dst>
            <dst id="ATLAng">6580.28</dst>
            <dst id="CHINng">79189.216</dst>
            <dst id="DNVRng">11242.384</dst>
            <dst id="HSTNng">71029.952</dst>
            <dst id="IPLSng">29450.2373333333</dst>
            <dst id="KSCYng">15584.6986666667</dst>
            <dst id="LOSAng">27.2346666666667</dst>
            <dst id="NYCMng">30256.7146666667</dst>
            <dst id="SNVAng">9678.22133333333</dst>
            <dst id="STTLng">64.112</dst>
            <dst id="WASHng">29070.9786666667</dst>
        </src>
        <src id="HSTNng">
            <dst id="ATLA-M5">0</dst>
            <dst id="ATLAng">27939.136</dst>
            <dst id="CHINng">2423.76533333333</dst>
            <dst id="DNVRng">26.6666666666667</dst>
            <dst id="HSTNng">145527.925333333</dst>
            <dst id="IPLSng">203.685333333333</dst>
            <dst id="KSCYng">0</dst>
            <dst id="LOSAng">201.202666666667</dst>
            <dst id="NYCMng">8278.29066666667</dst>
            <dst id="SNVAng">0</dst>
            <dst id="STTLng">54.8053333333333</dst>
            <dst id="WASHng">100586.730666667</dst>
        </src>
        <src id="IPLSng">
            <dst id="ATLA-M5">0</dst>
            <dst id="ATLAng">11874.2933333333</dst>
            <dst id="CHINng">179594.496</dst>
            <dst id="DNVRng">9417.6</dst>
            <dst id="HSTNng">69781.7706666666</dst>
            <dst id="IPLSng">59258.728</dst>
            <dst id="KSCYng">20608.8666666667</dst>
            <dst id="LOSAng">0</dst>
            <dst id="NYCMng">40236.5946666667</dst>
            <dst id="SNVAng">448.813333333333</dst>
            <dst id="STTLng">950.016</dst>
            <dst id="WASHng">22959.512</dst>
        </src>
        <src id="KSCYng">
            <dst id="ATLA-M5">0</dst>
            <dst id="ATLAng">6343.75733333333</dst>
            <dst id="CHINng">35557.848</dst>
            <dst id="DNVRng">8043.28266666667</dst>
            <dst id="HSTNng">24382.4373333333</dst>
            <dst id="IPLSng">13768.1146666667</dst>
            <dst id="KSCYng">10308.8293333333</dst>
            <dst id="LOSAng">0</dst>
            <dst id="NYCMng">13828.696</dst>
            <dst id="SNVAng">53.3333333333333</dst>
            <dst id="STTLng">106.773333333333</dst>
            <dst id="WASHng">15098.984</dst>
        </src>
        <src id="LOSAng">
            <dst id="ATLA-M5">0</dst>
            <dst id="ATLAng">20766.5973333333</dst>
            <dst id="CHINng">14341.1226666667</dst>
            <dst id="DNVRng">9470.52533333334</dst>
            <dst id="HSTNng">193350.269333333</dst>
            <dst id="IPLSng">377.061333333333</dst>
            <dst id="KSCYng">109.693333333333</dst>
            <dst id="LOSAng">36807.0693333333</dst>
            <dst id="NYCMng">60347.9813333333</dst>
            <dst id="SNVAng">8370.47466666667</dst>
            <dst id="STTLng">34388.2</dst>
            <dst id="WASHng">93533.1226666667</dst>
        </src>
        <src id="NYCMng">
            <dst id="ATLA-M5">0</dst>
            <dst id="ATLAng">42181.448</dst>
            <dst id="CHINng">84313.7066666667</dst>
            <dst id="DNVRng">36816.944</dst>
            <dst id="HSTNng">152877.930666667</dst>
            <dst id="IPLSng">66068.952</dst>
            <dst id="KSCYng">22470.144</dst>
            <dst id="LOSAng">281.490666666667</dst>
            <dst id="NYCMng">247073.525333333</dst>
            <dst id="SNVAng">80</dst>
            <dst id="STTLng">8921.96533333333</dst>
            <dst id="WASHng">100302.888</dst>
        </src>
        <src id="SNVAng">
            <dst id="ATLA-M5">0</dst>
            <dst id="ATLAng">1934.51733333333</dst>
            <dst id="CHINng">783.629333333334</dst>
            <dst id="DNVRng">9228.52</dst>
            <dst id="HSTNng">13845.3333333333</dst>
            <dst id="IPLSng">91.3226666666666</dst>
            <dst id="KSCYng">723.082666666667</dst>
            <dst id="LOSAng">33202.1733333333</dst>
            <dst id="NYCMng">5644.04266666667</dst>
            <dst id="SNVAng">12670.488</dst>
            <dst id="STTLng">45510.056</dst>
            <dst id="WASHng">695.352</dst>
        </src>
        <src id="STTLng">
            <dst id="ATLA-M5">0</dst>
            <dst id="ATLAng">10771.6053333333</dst>
            <dst id="CHINng">24284.1413333333</dst>
            <dst id="DNVRng">6002.72533333333</dst>
            <dst id="HSTNng">54533.1946666667</dst>
            <dst id="IPLSng">330.301333333333</dst>
            <dst id="KSCYng">3088.16</dst>
            <dst id="LOSAng">35372.2746666667</dst>
            <dst id="NYCMng">18815.6453333333</dst>
            <dst id="SNVAng">8822.00266666667</dst>
            <dst id="STTLng">6466.28533333333</dst>
            <dst id="WASHng">28908.7893333333</dst>
        </src>
        <src id="WASHng">
            <dst id="ATLA-M5">0</dst>
            <dst id="ATLAng">96333.664</dst>
            <dst id="CHINng">90355.1226666667</dst>
            <dst id="DNVRng">4804.33333333333</dst>
            <dst id="HSTNng">292587.52</dst>
            <dst id="IPLSng">62631.6346666667</dst>
            <dst id="KSCYng">28679.5466666667</dst>
            <dst id="LOSAng">0</dst>
            <dst id="NYCMng">154235.965333333</dst>
            <dst id="SNVAng">282.394666666667</dst>
            <dst id="STTLng">6146.48533333333</dst>
            <dst id="WASHng">377972.826666667</dst>
        </src>
    </IntraTM>
</TrafficMatrixFile>
