<?xml version="1.0" encoding="ISO-8859-1" standalone="yes"?>
<TrafficMatrixFile xsi:noNamespaceSchemaLocation="http://totem.run.montefiore.ulg.ac.be/Schema/TrafficMatrix-v1_2.xsd" xmlns:xsi="http://www.w3.org/2001/XMLSchema-instance">
    <IntraTM ASID="11537">
        <src id="ATLA-M5">
            <dst id="ATLA-M5">127.256</dst>
            <dst id="ATLAng">564.048</dst>
            <dst id="CHINng">927.106666666667</dst>
            <dst id="DNVRng">0</dst>
            <dst id="HSTNng">97.976</dst>
            <dst id="IPLSng">4641.72266666667</dst>
            <dst id="KSCYng">0</dst>
            <dst id="LOSAng">0</dst>
            <dst id="NYCMng">2192.57066666667</dst>
            <dst id="SNVAng">0</dst>
            <dst id="STTLng">0</dst>
            <dst id="WASHng">663.224</dst>
        </src>
        <src id="ATLAng">
            <dst id="ATLA-M5">0</dst>
            <dst id="ATLAng">30267.7386666667</dst>
            <dst id="CHINng">35068.2986666667</dst>
            <dst id="DNVRng">0</dst>
            <dst id="HSTNng">5449.05333333333</dst>
            <dst id="IPLSng">34455.016</dst>
            <dst id="KSCYng">0</dst>
            <dst id="LOSAng">26.6666666666667</dst>
            <dst id="NYCMng">60932.552</dst>
            <dst id="SNVAng">0</dst>
            <dst id="STTLng">0</dst>
            <dst id="WASHng">38567.2773333333</dst>
        </src>
        <src id="CHINng">
            <dst id="ATLA-M5">0</dst>
            <dst id="ATLAng">35969.2613333333</dst>
            <dst id="CHINng">39341.952</dst>
            <dst id="DNVRng">0</dst>
            <dst id="HSTNng">26053.9813333333</dst>
            <dst id="IPLSng">66461.488</dst>
            <dst id="KSCYng">112.704</dst>
            <dst id="LOSAng">26.6666666666667</dst>
            <dst id="NYCMng">220583.506666667</dst>
            <dst id="SNVAng">0</dst>
            <dst id="STTLng">26.6666666666667</dst>
            <dst id="WASHng">36664.624</dst>
        </src>
        <src id="DNVRng">
            <dst id="ATLA-M5">0</dst>
            <dst id="ATLAng">7827.73866666667</dst>
            <dst id="CHINng">37578.8586666667</dst>
            <dst id="DNVRng">4844.67733333333</dst>
            <dst id="HSTNng">34802.8346666667</dst>
            <dst id="IPLSng">27656.536</dst>
            <dst id="KSCYng">14233.6533333333</dst>
            <dst id="LOSAng">0</dst>
            <dst id="NYCMng">39821.3333333333</dst>
            <dst id="SNVAng">7816.83466666667</dst>
            <dst id="STTLng">1341.94666666667</dst>
            <dst id="WASHng">44454.0773333333</dst>
        </src>
        <src id="HSTNng">
            <dst id="ATLA-M5">0</dst>
            <dst id="ATLAng">45274.7573333333</dst>
            <dst id="CHINng">743.152</dst>
            <dst id="DNVRng">0</dst>
            <dst id="HSTNng">142870.290666667</dst>
            <dst id="IPLSng">0</dst>
            <dst id="KSCYng">0</dst>
            <dst id="LOSAng">0</dst>
            <dst id="NYCMng">4487.09333333333</dst>
            <dst id="SNVAng">0</dst>
            <dst id="STTLng">0</dst>
            <dst id="WASHng">121168.117333333</dst>
        </src>
        <src id="IPLSng">
            <dst id="ATLA-M5">0</dst>
            <dst id="ATLAng">17747.8506666667</dst>
            <dst id="CHINng">120309.914666667</dst>
            <dst id="DNVRng">0</dst>
            <dst id="HSTNng">11994.5866666667</dst>
            <dst id="IPLSng">39117.832</dst>
            <dst id="KSCYng">19971.2533333333</dst>
            <dst id="LOSAng">80</dst>
            <dst id="NYCMng">151690.752</dst>
            <dst id="SNVAng">0</dst>
            <dst id="STTLng">26.6666666666667</dst>
            <dst id="WASHng">34474.864</dst>
        </src>
        <src id="KSCYng">
            <dst id="ATLA-M5">0</dst>
            <dst id="ATLAng">3781.94133333333</dst>
            <dst id="CHINng">19863.9973333333</dst>
            <dst id="DNVRng">17661.144</dst>
            <dst id="HSTNng">18074.6</dst>
            <dst id="IPLSng">10622.4853333333</dst>
            <dst id="KSCYng">6554.13866666667</dst>
            <dst id="LOSAng">0</dst>
            <dst id="NYCMng">57270.168</dst>
            <dst id="SNVAng">0</dst>
            <dst id="STTLng">80</dst>
            <dst id="WASHng">12854.0426666667</dst>
        </src>
        <src id="LOSAng">
            <dst id="ATLA-M5">0</dst>
            <dst id="ATLAng">41811.1733333333</dst>
            <dst id="CHINng">2634.02666666667</dst>
            <dst id="DNVRng">30015.5893333333</dst>
            <dst id="HSTNng">113173.986666667</dst>
            <dst id="IPLSng">452.677333333333</dst>
            <dst id="KSCYng">207.96</dst>
            <dst id="LOSAng">23135.984</dst>
            <dst id="NYCMng">66396.1733333333</dst>
            <dst id="SNVAng">14019.808</dst>
            <dst id="STTLng">28157.1093333333</dst>
            <dst id="WASHng">96743.504</dst>
        </src>
        <src id="NYCMng">
            <dst id="ATLA-M5">0</dst>
            <dst id="ATLAng">39210.8613333333</dst>
            <dst id="CHINng">837.533333333333</dst>
            <dst id="DNVRng">0</dst>
            <dst id="HSTNng">23642.3573333333</dst>
            <dst id="IPLSng">26.6666666666667</dst>
            <dst id="KSCYng">145.789333333333</dst>
            <dst id="LOSAng">26.6666666666667</dst>
            <dst id="NYCMng">568988.133333333</dst>
            <dst id="SNVAng">80</dst>
            <dst id="STTLng">26.6666666666667</dst>
            <dst id="WASHng">99667.7546666667</dst>
        </src>
        <src id="SNVAng">
            <dst id="ATLA-M5">0</dst>
            <dst id="ATLAng">1115.08533333333</dst>
            <dst id="CHINng">458.352</dst>
            <dst id="DNVRng">10689.0426666667</dst>
            <dst id="HSTNng">3516.09866666667</dst>
            <dst id="IPLSng">0</dst>
            <dst id="KSCYng">426.152</dst>
            <dst id="LOSAng">37127.1733333333</dst>
            <dst id="NYCMng">5870.25333333333</dst>
            <dst id="SNVAng">16302.3253333333</dst>
            <dst id="STTLng">58882.8293333334</dst>
            <dst id="WASHng">522.896</dst>
        </src>
        <src id="STTLng">
            <dst id="ATLA-M5">0</dst>
            <dst id="ATLAng">8435.488</dst>
            <dst id="CHINng">670.568</dst>
            <dst id="DNVRng">5542.98666666667</dst>
            <dst id="HSTNng">24207.2853333333</dst>
            <dst id="IPLSng">281.106666666667</dst>
            <dst id="KSCYng">4314.552</dst>
            <dst id="LOSAng">20433.504</dst>
            <dst id="NYCMng">47592.4213333333</dst>
            <dst id="SNVAng">4808.896</dst>
            <dst id="STTLng">6834.52533333333</dst>
            <dst id="WASHng">28830.416</dst>
        </src>
        <src id="WASHng">
            <dst id="ATLA-M5">0</dst>
            <dst id="ATLAng">138448.018666667</dst>
            <dst id="CHINng">515.202666666667</dst>
            <dst id="DNVRng">0</dst>
            <dst id="HSTNng">79425.6266666667</dst>
            <dst id="IPLSng">160</dst>
            <dst id="KSCYng">26.6666666666667</dst>
            <dst id="LOSAng">106.666666666667</dst>
            <dst id="NYCMng">554603.04</dst>
            <dst id="SNVAng">53.3333333333333</dst>
            <dst id="STTLng">102.56</dst>
            <dst id="WASHng">337187.786666667</dst>
        </src>
    </IntraTM>
</TrafficMatrixFile>
