<?xml version="1.0" encoding="ISO-8859-1" standalone="yes"?>
<TrafficMatrixFile xsi:noNamespaceSchemaLocation="http://totem.run.montefiore.ulg.ac.be/Schema/TrafficMatrix-v1_2.xsd" xmlns:xsi="http://www.w3.org/2001/XMLSchema-instance">
    <IntraTM ASID="11537">
        <src id="ATLA-M5">
            <dst id="ATLA-M5">1183.90133333333</dst>
            <dst id="ATLAng">1055.78133333333</dst>
            <dst id="CHINng">607.456</dst>
            <dst id="DNVRng">0</dst>
            <dst id="HSTNng">510.890666666667</dst>
            <dst id="IPLSng">1812.30666666667</dst>
            <dst id="KSCYng">0</dst>
            <dst id="LOSAng">0</dst>
            <dst id="NYCMng">1747.68266666667</dst>
            <dst id="SNVAng">0</dst>
            <dst id="STTLng">26.6666666666667</dst>
            <dst id="WASHng">1234.072</dst>
        </src>
        <src id="ATLAng">
            <dst id="ATLA-M5">0</dst>
            <dst id="ATLAng">34995.4986666667</dst>
            <dst id="CHINng">37740.04</dst>
            <dst id="DNVRng">0</dst>
            <dst id="HSTNng">22993.1253333333</dst>
            <dst id="IPLSng">33733.7626666667</dst>
            <dst id="KSCYng">26.6666666666667</dst>
            <dst id="LOSAng">0</dst>
            <dst id="NYCMng">40057.4293333333</dst>
            <dst id="SNVAng">85.248</dst>
            <dst id="STTLng">0</dst>
            <dst id="WASHng">48170.464</dst>
        </src>
        <src id="CHINng">
            <dst id="ATLA-M5">0</dst>
            <dst id="ATLAng">29015.8426666667</dst>
            <dst id="CHINng">31741.1066666667</dst>
            <dst id="DNVRng">0</dst>
            <dst id="HSTNng">14160.9306666667</dst>
            <dst id="IPLSng">31371.0026666667</dst>
            <dst id="KSCYng">355.034666666667</dst>
            <dst id="LOSAng">0</dst>
            <dst id="NYCMng">152614.248</dst>
            <dst id="SNVAng">26.6666666666667</dst>
            <dst id="STTLng">2153.33333333333</dst>
            <dst id="WASHng">31335.9893333333</dst>
        </src>
        <src id="DNVRng">
            <dst id="ATLA-M5">0</dst>
            <dst id="ATLAng">5858.872</dst>
            <dst id="CHINng">34158.6506666667</dst>
            <dst id="DNVRng">14025.36</dst>
            <dst id="HSTNng">37880.5306666667</dst>
            <dst id="IPLSng">24174.4133333333</dst>
            <dst id="KSCYng">28043.2</dst>
            <dst id="LOSAng">0</dst>
            <dst id="NYCMng">49882.4773333333</dst>
            <dst id="SNVAng">13163.0586666667</dst>
            <dst id="STTLng">1833.6</dst>
            <dst id="WASHng">49272.1493333334</dst>
        </src>
        <src id="HSTNng">
            <dst id="ATLA-M5">0</dst>
            <dst id="ATLAng">24750.3093333333</dst>
            <dst id="CHINng">1153.64533333333</dst>
            <dst id="DNVRng">26.6666666666667</dst>
            <dst id="HSTNng">113081.528</dst>
            <dst id="IPLSng">119.197333333333</dst>
            <dst id="KSCYng">26.6666666666667</dst>
            <dst id="LOSAng">0</dst>
            <dst id="NYCMng">4196.088</dst>
            <dst id="SNVAng">26.6666666666667</dst>
            <dst id="STTLng">0</dst>
            <dst id="WASHng">80580.4053333333</dst>
        </src>
        <src id="IPLSng">
            <dst id="ATLA-M5">0</dst>
            <dst id="ATLAng">25668.2773333333</dst>
            <dst id="CHINng">84177.4266666667</dst>
            <dst id="DNVRng">0</dst>
            <dst id="HSTNng">14147.6293333333</dst>
            <dst id="IPLSng">18840.6693333333</dst>
            <dst id="KSCYng">18032.2586666667</dst>
            <dst id="LOSAng">26.6666666666667</dst>
            <dst id="NYCMng">174257.573333333</dst>
            <dst id="SNVAng">53.3333333333333</dst>
            <dst id="STTLng">80</dst>
            <dst id="WASHng">39843.776</dst>
        </src>
        <src id="KSCYng">
            <dst id="ATLA-M5">0</dst>
            <dst id="ATLAng">6579.82133333333</dst>
            <dst id="CHINng">14417.8346666667</dst>
            <dst id="DNVRng">9207.736</dst>
            <dst id="HSTNng">10341.7173333333</dst>
            <dst id="IPLSng">14562.2426666667</dst>
            <dst id="KSCYng">8030.43466666667</dst>
            <dst id="LOSAng">0</dst>
            <dst id="NYCMng">18606.384</dst>
            <dst id="SNVAng">26.6666666666667</dst>
            <dst id="STTLng">26.6666666666667</dst>
            <dst id="WASHng">8611.46933333333</dst>
        </src>
        <src id="LOSAng">
            <dst id="ATLA-M5">0</dst>
            <dst id="ATLAng">20781.6293333333</dst>
            <dst id="CHINng">5081.856</dst>
            <dst id="DNVRng">10167.496</dst>
            <dst id="HSTNng">99820.9226666667</dst>
            <dst id="IPLSng">1053.704</dst>
            <dst id="KSCYng">185.005333333333</dst>
            <dst id="LOSAng">15334.3786666667</dst>
            <dst id="NYCMng">90300.928</dst>
            <dst id="SNVAng">9012.50133333334</dst>
            <dst id="STTLng">20763.6213333333</dst>
            <dst id="WASHng">69450.3706666667</dst>
        </src>
        <src id="NYCMng">
            <dst id="ATLA-M5">0</dst>
            <dst id="ATLAng">32181.2026666667</dst>
            <dst id="CHINng">1162.94133333333</dst>
            <dst id="DNVRng">0</dst>
            <dst id="HSTNng">16647.6453333333</dst>
            <dst id="IPLSng">53.3333333333333</dst>
            <dst id="KSCYng">158.434666666667</dst>
            <dst id="LOSAng">106.666666666667</dst>
            <dst id="NYCMng">445499.173333333</dst>
            <dst id="SNVAng">53.3333333333333</dst>
            <dst id="STTLng">638.293333333333</dst>
            <dst id="WASHng">106457.037333333</dst>
        </src>
        <src id="SNVAng">
            <dst id="ATLA-M5">0</dst>
            <dst id="ATLAng">571.672</dst>
            <dst id="CHINng">0</dst>
            <dst id="DNVRng">3075.22666666667</dst>
            <dst id="HSTNng">3328.60533333333</dst>
            <dst id="IPLSng">26.6666666666667</dst>
            <dst id="KSCYng">453.978666666667</dst>
            <dst id="LOSAng">34507.976</dst>
            <dst id="NYCMng">6435.06933333333</dst>
            <dst id="SNVAng">13984.208</dst>
            <dst id="STTLng">52189.28</dst>
            <dst id="WASHng">878.178666666667</dst>
        </src>
        <src id="STTLng">
            <dst id="ATLA-M5">0</dst>
            <dst id="ATLAng">13194.4106666667</dst>
            <dst id="CHINng">2954.94666666667</dst>
            <dst id="DNVRng">5363.232</dst>
            <dst id="HSTNng">25729.4906666667</dst>
            <dst id="IPLSng">243.026666666667</dst>
            <dst id="KSCYng">3508.07733333333</dst>
            <dst id="LOSAng">18668.016</dst>
            <dst id="NYCMng">56177.2853333333</dst>
            <dst id="SNVAng">10518.2506666667</dst>
            <dst id="STTLng">5865.24266666667</dst>
            <dst id="WASHng">30906.7253333333</dst>
        </src>
        <src id="WASHng">
            <dst id="ATLA-M5">0</dst>
            <dst id="ATLAng">135742.362666667</dst>
            <dst id="CHINng">732.061333333333</dst>
            <dst id="DNVRng">0</dst>
            <dst id="HSTNng">82224.9866666667</dst>
            <dst id="IPLSng">278.397333333333</dst>
            <dst id="KSCYng">852.061333333333</dst>
            <dst id="LOSAng">53.3333333333333</dst>
            <dst id="NYCMng">517475.093333333</dst>
            <dst id="SNVAng">98.4346666666667</dst>
            <dst id="STTLng">939.317333333334</dst>
            <dst id="WASHng">275116.266666667</dst>
        </src>
    </IntraTM>
</TrafficMatrixFile>
