<?xml version="1.0" encoding="ISO-8859-1" standalone="yes"?>
<TrafficMatrixFile xsi:noNamespaceSchemaLocation="http://totem.run.montefiore.ulg.ac.be/Schema/TrafficMatrix-v1_2.xsd" xmlns:xsi="http://www.w3.org/2001/XMLSchema-instance">
    <IntraTM ASID="11537">
        <src id="ATLA-M5">
            <dst id="ATLA-M5">26.6666666666667</dst>
            <dst id="ATLAng">394.482666666667</dst>
            <dst id="CHINng">698.032</dst>
            <dst id="DNVRng">0</dst>
            <dst id="HSTNng">286.88</dst>
            <dst id="IPLSng">192.712</dst>
            <dst id="KSCYng">0</dst>
            <dst id="LOSAng">0</dst>
            <dst id="NYCMng">1376.13066666667</dst>
            <dst id="SNVAng">0</dst>
            <dst id="STTLng">0</dst>
            <dst id="WASHng">1333.112</dst>
        </src>
        <src id="ATLAng">
            <dst id="ATLA-M5">0</dst>
            <dst id="ATLAng">26661.696</dst>
            <dst id="CHINng">21795.8853333333</dst>
            <dst id="DNVRng">0</dst>
            <dst id="HSTNng">11144.312</dst>
            <dst id="IPLSng">26750.7146666667</dst>
            <dst id="KSCYng">0</dst>
            <dst id="LOSAng">0</dst>
            <dst id="NYCMng">40377.32</dst>
            <dst id="SNVAng">0</dst>
            <dst id="STTLng">0</dst>
            <dst id="WASHng">38535.1706666667</dst>
        </src>
        <src id="CHINng">
            <dst id="ATLA-M5">0</dst>
            <dst id="ATLAng">20283.424</dst>
            <dst id="CHINng">31322.7146666667</dst>
            <dst id="DNVRng">0</dst>
            <dst id="HSTNng">10217.3013333333</dst>
            <dst id="IPLSng">36598.9893333333</dst>
            <dst id="KSCYng">0</dst>
            <dst id="LOSAng">26.6666666666667</dst>
            <dst id="NYCMng">198500.928</dst>
            <dst id="SNVAng">0</dst>
            <dst id="STTLng">1934.49866666667</dst>
            <dst id="WASHng">32568.9386666667</dst>
        </src>
        <src id="DNVRng">
            <dst id="ATLA-M5">0</dst>
            <dst id="ATLAng">5687.13866666667</dst>
            <dst id="CHINng">26405.0506666667</dst>
            <dst id="DNVRng">4164.616</dst>
            <dst id="HSTNng">19908.8613333333</dst>
            <dst id="IPLSng">24442.0853333333</dst>
            <dst id="KSCYng">10065.2</dst>
            <dst id="LOSAng">26.6666666666667</dst>
            <dst id="NYCMng">34651.6346666667</dst>
            <dst id="SNVAng">6899.78933333333</dst>
            <dst id="STTLng">2202.56266666667</dst>
            <dst id="WASHng">33782.9813333333</dst>
        </src>
        <src id="HSTNng">
            <dst id="ATLA-M5">0</dst>
            <dst id="ATLAng">16322.0186666667</dst>
            <dst id="CHINng">342.888</dst>
            <dst id="DNVRng">0</dst>
            <dst id="HSTNng">76857.24</dst>
            <dst id="IPLSng">26.6666666666667</dst>
            <dst id="KSCYng">0</dst>
            <dst id="LOSAng">0</dst>
            <dst id="NYCMng">2282.808</dst>
            <dst id="SNVAng">53.3333333333333</dst>
            <dst id="STTLng">0</dst>
            <dst id="WASHng">103462.045333333</dst>
        </src>
        <src id="IPLSng">
            <dst id="ATLA-M5">0</dst>
            <dst id="ATLAng">13185.8746666667</dst>
            <dst id="CHINng">80844.752</dst>
            <dst id="DNVRng">0</dst>
            <dst id="HSTNng">9146.712</dst>
            <dst id="IPLSng">16067.9253333333</dst>
            <dst id="KSCYng">22807.6586666667</dst>
            <dst id="LOSAng">0</dst>
            <dst id="NYCMng">134722.12</dst>
            <dst id="SNVAng">0</dst>
            <dst id="STTLng">0</dst>
            <dst id="WASHng">16371.72</dst>
        </src>
        <src id="KSCYng">
            <dst id="ATLA-M5">0</dst>
            <dst id="ATLAng">5821.976</dst>
            <dst id="CHINng">19809.9866666667</dst>
            <dst id="DNVRng">7074.38133333333</dst>
            <dst id="HSTNng">19257.7813333333</dst>
            <dst id="IPLSng">9123.43466666667</dst>
            <dst id="KSCYng">3531.95466666667</dst>
            <dst id="LOSAng">0</dst>
            <dst id="NYCMng">19098.5573333333</dst>
            <dst id="SNVAng">0</dst>
            <dst id="STTLng">0</dst>
            <dst id="WASHng">13367.9173333333</dst>
        </src>
        <src id="LOSAng">
            <dst id="ATLA-M5">0</dst>
            <dst id="ATLAng">14099.0346666667</dst>
            <dst id="CHINng">3748.43733333333</dst>
            <dst id="DNVRng">7459.54933333333</dst>
            <dst id="HSTNng">80726.336</dst>
            <dst id="IPLSng">951.536</dst>
            <dst id="KSCYng">106.666666666667</dst>
            <dst id="LOSAng">16243.6373333333</dst>
            <dst id="NYCMng">56333.824</dst>
            <dst id="SNVAng">8083.70133333333</dst>
            <dst id="STTLng">22777.4826666667</dst>
            <dst id="WASHng">93987.288</dst>
        </src>
        <src id="NYCMng">
            <dst id="ATLA-M5">0</dst>
            <dst id="ATLAng">23848.7813333333</dst>
            <dst id="CHINng">597.714666666667</dst>
            <dst id="DNVRng">0</dst>
            <dst id="HSTNng">9439.912</dst>
            <dst id="IPLSng">53.3333333333333</dst>
            <dst id="KSCYng">0</dst>
            <dst id="LOSAng">214.546666666667</dst>
            <dst id="NYCMng">394543.413333333</dst>
            <dst id="SNVAng">53.3333333333333</dst>
            <dst id="STTLng">178.024</dst>
            <dst id="WASHng">70673.2506666666</dst>
        </src>
        <src id="SNVAng">
            <dst id="ATLA-M5">0</dst>
            <dst id="ATLAng">997.322666666667</dst>
            <dst id="CHINng">26.6666666666667</dst>
            <dst id="DNVRng">4472.12533333333</dst>
            <dst id="HSTNng">4738.48</dst>
            <dst id="IPLSng">215.338666666667</dst>
            <dst id="KSCYng">522.941333333333</dst>
            <dst id="LOSAng">35289.0053333333</dst>
            <dst id="NYCMng">3050.88266666667</dst>
            <dst id="SNVAng">15714.992</dst>
            <dst id="STTLng">60110.3546666667</dst>
            <dst id="WASHng">484.621333333333</dst>
        </src>
        <src id="STTLng">
            <dst id="ATLA-M5">0</dst>
            <dst id="ATLAng">6358.736</dst>
            <dst id="CHINng">779.76</dst>
            <dst id="DNVRng">4191.43466666667</dst>
            <dst id="HSTNng">12954.56</dst>
            <dst id="IPLSng">160.114666666667</dst>
            <dst id="KSCYng">4160.97066666667</dst>
            <dst id="LOSAng">19146.0266666667</dst>
            <dst id="NYCMng">45010.8186666667</dst>
            <dst id="SNVAng">14475.8026666667</dst>
            <dst id="STTLng">1147.49066666667</dst>
            <dst id="WASHng">26845.9253333333</dst>
        </src>
        <src id="WASHng">
            <dst id="ATLA-M5">0</dst>
            <dst id="ATLAng">135004.506666667</dst>
            <dst id="CHINng">784.885333333333</dst>
            <dst id="DNVRng">0</dst>
            <dst id="HSTNng">69865.16</dst>
            <dst id="IPLSng">129.728</dst>
            <dst id="KSCYng">80</dst>
            <dst id="LOSAng">79.04</dst>
            <dst id="NYCMng">461835.146666667</dst>
            <dst id="SNVAng">26.6666666666667</dst>
            <dst id="STTLng">1624.448</dst>
            <dst id="WASHng">225341.104</dst>
        </src>
    </IntraTM>
</TrafficMatrixFile>
