<?xml version="1.0" encoding="ISO-8859-1" standalone="yes"?>
<TrafficMatrixFile xsi:noNamespaceSchemaLocation="http://totem.run.montefiore.ulg.ac.be/Schema/TrafficMatrix-v1_2.xsd" xmlns:xsi="http://www.w3.org/2001/XMLSchema-instance">
    <IntraTM ASID="11537">
        <src id="ATLA-M5">
            <dst id="ATLA-M5">0</dst>
            <dst id="ATLAng">109.333333333333</dst>
            <dst id="CHINng">384.122666666667</dst>
            <dst id="DNVRng">0</dst>
            <dst id="HSTNng">1650.72266666667</dst>
            <dst id="IPLSng">298.4</dst>
            <dst id="KSCYng">98.1413333333333</dst>
            <dst id="LOSAng">0</dst>
            <dst id="NYCMng">294.578666666667</dst>
            <dst id="SNVAng">0</dst>
            <dst id="STTLng">0</dst>
            <dst id="WASHng">2040.64533333333</dst>
        </src>
        <src id="ATLAng">
            <dst id="ATLA-M5">0</dst>
            <dst id="ATLAng">42304.9413333333</dst>
            <dst id="CHINng">15195.7093333333</dst>
            <dst id="DNVRng">49.1333333333333</dst>
            <dst id="HSTNng">33633.5733333333</dst>
            <dst id="IPLSng">29310.8</dst>
            <dst id="KSCYng">6275.31466666667</dst>
            <dst id="LOSAng">0</dst>
            <dst id="NYCMng">20781.2826666667</dst>
            <dst id="SNVAng">0</dst>
            <dst id="STTLng">53.3333333333333</dst>
            <dst id="WASHng">70002.632</dst>
        </src>
        <src id="CHINng">
            <dst id="ATLA-M5">0</dst>
            <dst id="ATLAng">23373.72</dst>
            <dst id="CHINng">156530.285333333</dst>
            <dst id="DNVRng">16851.84</dst>
            <dst id="HSTNng">117595.432</dst>
            <dst id="IPLSng">40337.7146666667</dst>
            <dst id="KSCYng">13590.0986666667</dst>
            <dst id="LOSAng">396.778666666667</dst>
            <dst id="NYCMng">26249.2053333333</dst>
            <dst id="SNVAng">0</dst>
            <dst id="STTLng">2137.776</dst>
            <dst id="WASHng">37334.304</dst>
        </src>
        <src id="DNVRng">
            <dst id="ATLA-M5">0</dst>
            <dst id="ATLAng">11030.784</dst>
            <dst id="CHINng">59408.0346666667</dst>
            <dst id="DNVRng">5991.02133333333</dst>
            <dst id="HSTNng">26673.728</dst>
            <dst id="IPLSng">25334.0933333333</dst>
            <dst id="KSCYng">7527.46933333333</dst>
            <dst id="LOSAng">26.6666666666667</dst>
            <dst id="NYCMng">31257.5226666667</dst>
            <dst id="SNVAng">7499.48266666667</dst>
            <dst id="STTLng">53.3333333333333</dst>
            <dst id="WASHng">33035.7306666667</dst>
        </src>
        <src id="HSTNng">
            <dst id="ATLA-M5">0</dst>
            <dst id="ATLAng">22856.824</dst>
            <dst id="CHINng">3442.304</dst>
            <dst id="DNVRng">65.2853333333333</dst>
            <dst id="HSTNng">227302.274666667</dst>
            <dst id="IPLSng">106.666666666667</dst>
            <dst id="KSCYng">0</dst>
            <dst id="LOSAng">0</dst>
            <dst id="NYCMng">5042.05333333333</dst>
            <dst id="SNVAng">0</dst>
            <dst id="STTLng">26.6666666666667</dst>
            <dst id="WASHng">90022.632</dst>
        </src>
        <src id="IPLSng">
            <dst id="ATLA-M5">0</dst>
            <dst id="ATLAng">13596.9546666667</dst>
            <dst id="CHINng">129378.24</dst>
            <dst id="DNVRng">11503.3173333333</dst>
            <dst id="HSTNng">104955.336</dst>
            <dst id="IPLSng">16554.6026666667</dst>
            <dst id="KSCYng">30236.6426666667</dst>
            <dst id="LOSAng">0</dst>
            <dst id="NYCMng">34285.056</dst>
            <dst id="SNVAng">53.3333333333333</dst>
            <dst id="STTLng">53.3333333333333</dst>
            <dst id="WASHng">16349.5253333333</dst>
        </src>
        <src id="KSCYng">
            <dst id="ATLA-M5">0</dst>
            <dst id="ATLAng">3654.37866666667</dst>
            <dst id="CHINng">39378.7146666667</dst>
            <dst id="DNVRng">6144.69866666667</dst>
            <dst id="HSTNng">19632.6853333333</dst>
            <dst id="IPLSng">14130.32</dst>
            <dst id="KSCYng">8424.05066666667</dst>
            <dst id="LOSAng">0</dst>
            <dst id="NYCMng">14493.2</dst>
            <dst id="SNVAng">0</dst>
            <dst id="STTLng">26.6666666666667</dst>
            <dst id="WASHng">9566.592</dst>
        </src>
        <src id="LOSAng">
            <dst id="ATLA-M5">0</dst>
            <dst id="ATLAng">17030.7973333333</dst>
            <dst id="CHINng">12525.5786666667</dst>
            <dst id="DNVRng">5882.224</dst>
            <dst id="HSTNng">157828.688</dst>
            <dst id="IPLSng">811.466666666667</dst>
            <dst id="KSCYng">342.168</dst>
            <dst id="LOSAng">28444.4666666667</dst>
            <dst id="NYCMng">55128.04</dst>
            <dst id="SNVAng">11569.1653333333</dst>
            <dst id="STTLng">26927.6186666667</dst>
            <dst id="WASHng">85372.064</dst>
        </src>
        <src id="NYCMng">
            <dst id="ATLA-M5">0</dst>
            <dst id="ATLAng">23800.2</dst>
            <dst id="CHINng">66022.56</dst>
            <dst id="DNVRng">33711.2133333333</dst>
            <dst id="HSTNng">120356.792</dst>
            <dst id="IPLSng">47412.704</dst>
            <dst id="KSCYng">15955.7653333333</dst>
            <dst id="LOSAng">240.042666666667</dst>
            <dst id="NYCMng">232424.386666667</dst>
            <dst id="SNVAng">80</dst>
            <dst id="STTLng">3587.85066666667</dst>
            <dst id="WASHng">73401.3653333333</dst>
        </src>
        <src id="SNVAng">
            <dst id="ATLA-M5">0</dst>
            <dst id="ATLAng">243.082666666667</dst>
            <dst id="CHINng">588.629333333333</dst>
            <dst id="DNVRng">1715.77866666667</dst>
            <dst id="HSTNng">5414.936</dst>
            <dst id="IPLSng">0</dst>
            <dst id="KSCYng">655.512</dst>
            <dst id="LOSAng">34417.4613333333</dst>
            <dst id="NYCMng">4613.42933333333</dst>
            <dst id="SNVAng">13399.3733333333</dst>
            <dst id="STTLng">49631.408</dst>
            <dst id="WASHng">384.76</dst>
        </src>
        <src id="STTLng">
            <dst id="ATLA-M5">0</dst>
            <dst id="ATLAng">7512.26666666667</dst>
            <dst id="CHINng">25185.9706666667</dst>
            <dst id="DNVRng">5605.63733333333</dst>
            <dst id="HSTNng">38921.5306666667</dst>
            <dst id="IPLSng">249.754666666667</dst>
            <dst id="KSCYng">3234.744</dst>
            <dst id="LOSAng">21660.848</dst>
            <dst id="NYCMng">14623.888</dst>
            <dst id="SNVAng">5560.32266666667</dst>
            <dst id="STTLng">2609.26933333333</dst>
            <dst id="WASHng">31458.7653333333</dst>
        </src>
        <src id="WASHng">
            <dst id="ATLA-M5">0</dst>
            <dst id="ATLAng">120821.957333333</dst>
            <dst id="CHINng">81321.3653333333</dst>
            <dst id="DNVRng">3899.84266666667</dst>
            <dst id="HSTNng">299441.946666667</dst>
            <dst id="IPLSng">51044.2186666667</dst>
            <dst id="KSCYng">18974.5813333333</dst>
            <dst id="LOSAng">107.242666666667</dst>
            <dst id="NYCMng">173613.234666667</dst>
            <dst id="SNVAng">148.197333333333</dst>
            <dst id="STTLng">5747.34133333333</dst>
            <dst id="WASHng">396298.266666667</dst>
        </src>
    </IntraTM>
</TrafficMatrixFile>
