<?xml version="1.0" encoding="ISO-8859-1" standalone="yes"?>
<TrafficMatrixFile xsi:noNamespaceSchemaLocation="http://totem.run.montefiore.ulg.ac.be/Schema/TrafficMatrix-v1_2.xsd" xmlns:xsi="http://www.w3.org/2001/XMLSchema-instance">
    <IntraTM ASID="11537">
        <src id="ATLA-M5">
            <dst id="ATLA-M5">0</dst>
            <dst id="ATLAng">108.864</dst>
            <dst id="CHINng">1628.768</dst>
            <dst id="DNVRng">53.3333333333333</dst>
            <dst id="HSTNng">1410.75466666667</dst>
            <dst id="IPLSng">1896.136</dst>
            <dst id="KSCYng">311.496</dst>
            <dst id="LOSAng">0</dst>
            <dst id="NYCMng">492.173333333333</dst>
            <dst id="SNVAng">0</dst>
            <dst id="STTLng">0</dst>
            <dst id="WASHng">2661.86133333333</dst>
        </src>
        <src id="ATLAng">
            <dst id="ATLA-M5">0</dst>
            <dst id="ATLAng">28386.944</dst>
            <dst id="CHINng">23310.9413333333</dst>
            <dst id="DNVRng">0</dst>
            <dst id="HSTNng">68625.8586666667</dst>
            <dst id="IPLSng">39654.88</dst>
            <dst id="KSCYng">8736.22666666667</dst>
            <dst id="LOSAng">0</dst>
            <dst id="NYCMng">21869.8026666667</dst>
            <dst id="SNVAng">0</dst>
            <dst id="STTLng">208.221333333333</dst>
            <dst id="WASHng">111614.136</dst>
        </src>
        <src id="CHINng">
            <dst id="ATLA-M5">0</dst>
            <dst id="ATLAng">38638.384</dst>
            <dst id="CHINng">137879.930666667</dst>
            <dst id="DNVRng">25706.0133333333</dst>
            <dst id="HSTNng">109603.413333333</dst>
            <dst id="IPLSng">80916.6186666667</dst>
            <dst id="KSCYng">22188.84</dst>
            <dst id="LOSAng">274.381333333333</dst>
            <dst id="NYCMng">51180.2026666667</dst>
            <dst id="SNVAng">0</dst>
            <dst id="STTLng">6842.36533333333</dst>
            <dst id="WASHng">56505.224</dst>
        </src>
        <src id="DNVRng">
            <dst id="ATLA-M5">0</dst>
            <dst id="ATLAng">23143.8026666667</dst>
            <dst id="CHINng">74952.72</dst>
            <dst id="DNVRng">9726.776</dst>
            <dst id="HSTNng">55355.024</dst>
            <dst id="IPLSng">28274.5813333333</dst>
            <dst id="KSCYng">17874.3253333333</dst>
            <dst id="LOSAng">0</dst>
            <dst id="NYCMng">20321.6853333333</dst>
            <dst id="SNVAng">27922.4</dst>
            <dst id="STTLng">505.818666666667</dst>
            <dst id="WASHng">49610.7466666667</dst>
        </src>
        <src id="HSTNng">
            <dst id="ATLA-M5">0</dst>
            <dst id="ATLAng">49976.328</dst>
            <dst id="CHINng">1952.768</dst>
            <dst id="DNVRng">53.3333333333333</dst>
            <dst id="HSTNng">163116.6</dst>
            <dst id="IPLSng">26.6666666666667</dst>
            <dst id="KSCYng">0</dst>
            <dst id="LOSAng">0</dst>
            <dst id="NYCMng">9145.80533333333</dst>
            <dst id="SNVAng">0</dst>
            <dst id="STTLng">741.333333333333</dst>
            <dst id="WASHng">127107.76</dst>
        </src>
        <src id="IPLSng">
            <dst id="ATLA-M5">0</dst>
            <dst id="ATLAng">26991.096</dst>
            <dst id="CHINng">149926.928</dst>
            <dst id="DNVRng">24037.0746666667</dst>
            <dst id="HSTNng">143026.808</dst>
            <dst id="IPLSng">48086.536</dst>
            <dst id="KSCYng">32982.8533333333</dst>
            <dst id="LOSAng">53.3333333333333</dst>
            <dst id="NYCMng">71544.24</dst>
            <dst id="SNVAng">103.904</dst>
            <dst id="STTLng">947.114666666667</dst>
            <dst id="WASHng">51129.3866666667</dst>
        </src>
        <src id="KSCYng">
            <dst id="ATLA-M5">0</dst>
            <dst id="ATLAng">6905.528</dst>
            <dst id="CHINng">36986.8933333333</dst>
            <dst id="DNVRng">7922.78133333333</dst>
            <dst id="HSTNng">25758.6213333333</dst>
            <dst id="IPLSng">14649.4666666667</dst>
            <dst id="KSCYng">9650.76533333333</dst>
            <dst id="LOSAng">0</dst>
            <dst id="NYCMng">10392.5466666667</dst>
            <dst id="SNVAng">0</dst>
            <dst id="STTLng">110.098666666667</dst>
            <dst id="WASHng">15706.3893333333</dst>
        </src>
        <src id="LOSAng">
            <dst id="ATLA-M5">0</dst>
            <dst id="ATLAng">41156.464</dst>
            <dst id="CHINng">4286.392</dst>
            <dst id="DNVRng">22524.8026666667</dst>
            <dst id="HSTNng">167813.104</dst>
            <dst id="IPLSng">713.746666666667</dst>
            <dst id="KSCYng">118.464</dst>
            <dst id="LOSAng">15357.5146666667</dst>
            <dst id="NYCMng">73501.7173333333</dst>
            <dst id="SNVAng">18756.4346666667</dst>
            <dst id="STTLng">34674.5146666667</dst>
            <dst id="WASHng">114104.453333333</dst>
        </src>
        <src id="NYCMng">
            <dst id="ATLA-M5">0</dst>
            <dst id="ATLAng">44093.824</dst>
            <dst id="CHINng">94063.9173333333</dst>
            <dst id="DNVRng">39108.72</dst>
            <dst id="HSTNng">159984.786666667</dst>
            <dst id="IPLSng">88791.976</dst>
            <dst id="KSCYng">24967.4266666667</dst>
            <dst id="LOSAng">437.181333333333</dst>
            <dst id="NYCMng">280307.36</dst>
            <dst id="SNVAng">80.544</dst>
            <dst id="STTLng">4312.03466666667</dst>
            <dst id="WASHng">178443.429333333</dst>
        </src>
        <src id="SNVAng">
            <dst id="ATLA-M5">0</dst>
            <dst id="ATLAng">2505.04266666667</dst>
            <dst id="CHINng">379.661333333333</dst>
            <dst id="DNVRng">10299.728</dst>
            <dst id="HSTNng">11658.3066666667</dst>
            <dst id="IPLSng">0</dst>
            <dst id="KSCYng">1574.6</dst>
            <dst id="LOSAng">45380.8373333333</dst>
            <dst id="NYCMng">9311.69066666667</dst>
            <dst id="SNVAng">17681.1466666667</dst>
            <dst id="STTLng">62171.0293333333</dst>
            <dst id="WASHng">1779.41066666667</dst>
        </src>
        <src id="STTLng">
            <dst id="ATLA-M5">0</dst>
            <dst id="ATLAng">13184.5733333333</dst>
            <dst id="CHINng">22774.6826666667</dst>
            <dst id="DNVRng">11508.0426666667</dst>
            <dst id="HSTNng">52299.2346666667</dst>
            <dst id="IPLSng">321.936</dst>
            <dst id="KSCYng">3198.4</dst>
            <dst id="LOSAng">41607.9066666667</dst>
            <dst id="NYCMng">16368.904</dst>
            <dst id="SNVAng">9553.22666666667</dst>
            <dst id="STTLng">6503.71733333333</dst>
            <dst id="WASHng">35414.784</dst>
        </src>
        <src id="WASHng">
            <dst id="ATLA-M5">0</dst>
            <dst id="ATLAng">91942.192</dst>
            <dst id="CHINng">99334.7786666667</dst>
            <dst id="DNVRng">4953.312</dst>
            <dst id="HSTNng">323205.253333333</dst>
            <dst id="IPLSng">80314.4586666667</dst>
            <dst id="KSCYng">20524.2346666667</dst>
            <dst id="LOSAng">114.986666666667</dst>
            <dst id="NYCMng">217894.312</dst>
            <dst id="SNVAng">303.165333333333</dst>
            <dst id="STTLng">6076.904</dst>
            <dst id="WASHng">297448.16</dst>
        </src>
    </IntraTM>
</TrafficMatrixFile>
