<?xml version="1.0" encoding="ISO-8859-1" standalone="yes"?>
<TrafficMatrixFile xsi:noNamespaceSchemaLocation="http://totem.run.montefiore.ulg.ac.be/Schema/TrafficMatrix-v1_2.xsd" xmlns:xsi="http://www.w3.org/2001/XMLSchema-instance">
    <IntraTM ASID="11537">
        <src id="ATLA-M5">
            <dst id="ATLA-M5">620.922666666667</dst>
            <dst id="ATLAng">499.349333333333</dst>
            <dst id="CHINng">2674.21066666667</dst>
            <dst id="DNVRng">0</dst>
            <dst id="HSTNng">2652.84</dst>
            <dst id="IPLSng">543.202666666667</dst>
            <dst id="KSCYng">192.474666666667</dst>
            <dst id="LOSAng">0</dst>
            <dst id="NYCMng">577.6</dst>
            <dst id="SNVAng">53.3333333333333</dst>
            <dst id="STTLng">26.6666666666667</dst>
            <dst id="WASHng">4872.79733333333</dst>
        </src>
        <src id="ATLAng">
            <dst id="ATLA-M5">0</dst>
            <dst id="ATLAng">49371.056</dst>
            <dst id="CHINng">34287.024</dst>
            <dst id="DNVRng">194.616</dst>
            <dst id="HSTNng">62482.0133333333</dst>
            <dst id="IPLSng">32454.168</dst>
            <dst id="KSCYng">6079.792</dst>
            <dst id="LOSAng">26.6666666666667</dst>
            <dst id="NYCMng">14215.92</dst>
            <dst id="SNVAng">868.389333333333</dst>
            <dst id="STTLng">273.221333333333</dst>
            <dst id="WASHng">83545.992</dst>
        </src>
        <src id="CHINng">
            <dst id="ATLA-M5">0</dst>
            <dst id="ATLAng">32282.7893333333</dst>
            <dst id="CHINng">131731.370666667</dst>
            <dst id="DNVRng">32982.888</dst>
            <dst id="HSTNng">90313.8026666667</dst>
            <dst id="IPLSng">77591.6266666667</dst>
            <dst id="KSCYng">16732.536</dst>
            <dst id="LOSAng">162.088</dst>
            <dst id="NYCMng">39661.624</dst>
            <dst id="SNVAng">122.941333333333</dst>
            <dst id="STTLng">582.512</dst>
            <dst id="WASHng">43436.4346666667</dst>
        </src>
        <src id="DNVRng">
            <dst id="ATLA-M5">0</dst>
            <dst id="ATLAng">10848.7493333333</dst>
            <dst id="CHINng">69803.0826666667</dst>
            <dst id="DNVRng">26256.3493333333</dst>
            <dst id="HSTNng">55604.512</dst>
            <dst id="IPLSng">36088.2186666667</dst>
            <dst id="KSCYng">26141.9626666667</dst>
            <dst id="LOSAng">0</dst>
            <dst id="NYCMng">15655.2</dst>
            <dst id="SNVAng">29694.2986666667</dst>
            <dst id="STTLng">213.333333333333</dst>
            <dst id="WASHng">56186.7946666667</dst>
        </src>
        <src id="HSTNng">
            <dst id="ATLA-M5">0</dst>
            <dst id="ATLAng">55265.744</dst>
            <dst id="CHINng">3717.94933333333</dst>
            <dst id="DNVRng">70.6666666666667</dst>
            <dst id="HSTNng">191191.402666667</dst>
            <dst id="IPLSng">83.7546666666667</dst>
            <dst id="KSCYng">80</dst>
            <dst id="LOSAng">60.0026666666667</dst>
            <dst id="NYCMng">12670.424</dst>
            <dst id="SNVAng">586.237333333333</dst>
            <dst id="STTLng">26.6666666666667</dst>
            <dst id="WASHng">114027.242666667</dst>
        </src>
        <src id="IPLSng">
            <dst id="ATLA-M5">0</dst>
            <dst id="ATLAng">34957.4293333333</dst>
            <dst id="CHINng">162213.725333333</dst>
            <dst id="DNVRng">22200.6906666667</dst>
            <dst id="HSTNng">84977.072</dst>
            <dst id="IPLSng">50126.0986666667</dst>
            <dst id="KSCYng">43323.2346666667</dst>
            <dst id="LOSAng">221.290666666667</dst>
            <dst id="NYCMng">76504.424</dst>
            <dst id="SNVAng">6017.23466666667</dst>
            <dst id="STTLng">469.626666666667</dst>
            <dst id="WASHng">39703.072</dst>
        </src>
        <src id="KSCYng">
            <dst id="ATLA-M5">0</dst>
            <dst id="ATLAng">6489.83733333333</dst>
            <dst id="CHINng">33684.1653333333</dst>
            <dst id="DNVRng">26296.0266666667</dst>
            <dst id="HSTNng">21717.1573333333</dst>
            <dst id="IPLSng">30651.2186666667</dst>
            <dst id="KSCYng">8515.83733333333</dst>
            <dst id="LOSAng">0</dst>
            <dst id="NYCMng">12405.36</dst>
            <dst id="SNVAng">146.496</dst>
            <dst id="STTLng">143.125333333333</dst>
            <dst id="WASHng">15834.688</dst>
        </src>
        <src id="LOSAng">
            <dst id="ATLA-M5">0</dst>
            <dst id="ATLAng">46178.6053333333</dst>
            <dst id="CHINng">14355.1333333333</dst>
            <dst id="DNVRng">19065.7466666667</dst>
            <dst id="HSTNng">185774.424</dst>
            <dst id="IPLSng">1506.92533333333</dst>
            <dst id="KSCYng">1664.44</dst>
            <dst id="LOSAng">23799.7813333333</dst>
            <dst id="NYCMng">61851.392</dst>
            <dst id="SNVAng">18637.3653333333</dst>
            <dst id="STTLng">24889.9493333333</dst>
            <dst id="WASHng">99417.08</dst>
        </src>
        <src id="NYCMng">
            <dst id="ATLA-M5">0</dst>
            <dst id="ATLAng">65361.64</dst>
            <dst id="CHINng">95411.2613333333</dst>
            <dst id="DNVRng">50100.28</dst>
            <dst id="HSTNng">130761.309333333</dst>
            <dst id="IPLSng">88487.64</dst>
            <dst id="KSCYng">30912.6133333333</dst>
            <dst id="LOSAng">335.538666666667</dst>
            <dst id="NYCMng">259541.304</dst>
            <dst id="SNVAng">110.456</dst>
            <dst id="STTLng">2402.19733333333</dst>
            <dst id="WASHng">159239.018666667</dst>
        </src>
        <src id="SNVAng">
            <dst id="ATLA-M5">0</dst>
            <dst id="ATLAng">728.826666666667</dst>
            <dst id="CHINng">2864.41333333333</dst>
            <dst id="DNVRng">4318.59733333333</dst>
            <dst id="HSTNng">10993.208</dst>
            <dst id="IPLSng">41.072</dst>
            <dst id="KSCYng">2248.29866666667</dst>
            <dst id="LOSAng">39542.5306666667</dst>
            <dst id="NYCMng">8872.77333333333</dst>
            <dst id="SNVAng">22106.3813333333</dst>
            <dst id="STTLng">54531.1706666667</dst>
            <dst id="WASHng">3692.98133333333</dst>
        </src>
        <src id="STTLng">
            <dst id="ATLA-M5">0</dst>
            <dst id="ATLAng">14119.904</dst>
            <dst id="CHINng">24376.9893333333</dst>
            <dst id="DNVRng">13141.5733333333</dst>
            <dst id="HSTNng">60400.4613333333</dst>
            <dst id="IPLSng">609.032</dst>
            <dst id="KSCYng">5451.98933333333</dst>
            <dst id="LOSAng">29131.6586666667</dst>
            <dst id="NYCMng">16128.5013333333</dst>
            <dst id="SNVAng">11881.1573333333</dst>
            <dst id="STTLng">5527.49866666667</dst>
            <dst id="WASHng">42923.9466666667</dst>
        </src>
        <src id="WASHng">
            <dst id="ATLA-M5">0</dst>
            <dst id="ATLAng">151060.674666667</dst>
            <dst id="CHINng">138172.448</dst>
            <dst id="DNVRng">9422.36533333333</dst>
            <dst id="HSTNng">371717.413333333</dst>
            <dst id="IPLSng">93317.8773333333</dst>
            <dst id="KSCYng">27533.2426666667</dst>
            <dst id="LOSAng">89.648</dst>
            <dst id="NYCMng">222466.064</dst>
            <dst id="SNVAng">615.077333333333</dst>
            <dst id="STTLng">6651.71466666667</dst>
            <dst id="WASHng">385048.32</dst>
        </src>
    </IntraTM>
</TrafficMatrixFile>
