<?xml version="1.0" encoding="ISO-8859-1" standalone="yes"?>
<TrafficMatrixFile xsi:noNamespaceSchemaLocation="http://totem.run.montefiore.ulg.ac.be/Schema/TrafficMatrix-v1_2.xsd" xmlns:xsi="http://www.w3.org/2001/XMLSchema-instance">
    <IntraTM ASID="11537">
        <src id="ATLA-M5">
            <dst id="ATLA-M5">0</dst>
            <dst id="ATLAng">220.666666666667</dst>
            <dst id="CHINng">303.109333333333</dst>
            <dst id="DNVRng">0</dst>
            <dst id="HSTNng">895.293333333333</dst>
            <dst id="IPLSng">318.522666666667</dst>
            <dst id="KSCYng">26.6666666666667</dst>
            <dst id="LOSAng">0</dst>
            <dst id="NYCMng">227.568</dst>
            <dst id="SNVAng">0</dst>
            <dst id="STTLng">0</dst>
            <dst id="WASHng">2455.15733333333</dst>
        </src>
        <src id="ATLAng">
            <dst id="ATLA-M5">0</dst>
            <dst id="ATLAng">30759.1946666667</dst>
            <dst id="CHINng">14996.5146666667</dst>
            <dst id="DNVRng">26.6666666666667</dst>
            <dst id="HSTNng">33765.1626666667</dst>
            <dst id="IPLSng">24513.144</dst>
            <dst id="KSCYng">5789.82666666667</dst>
            <dst id="LOSAng">0</dst>
            <dst id="NYCMng">20867.5306666667</dst>
            <dst id="SNVAng">0</dst>
            <dst id="STTLng">1296.74666666667</dst>
            <dst id="WASHng">76013.0373333333</dst>
        </src>
        <src id="CHINng">
            <dst id="ATLA-M5">0</dst>
            <dst id="ATLAng">21577.0773333333</dst>
            <dst id="CHINng">134063.490666667</dst>
            <dst id="DNVRng">11890.8373333333</dst>
            <dst id="HSTNng">84650.2826666667</dst>
            <dst id="IPLSng">51537.2506666667</dst>
            <dst id="KSCYng">10495.7093333333</dst>
            <dst id="LOSAng">653.264</dst>
            <dst id="NYCMng">27566.4453333333</dst>
            <dst id="SNVAng">26.6666666666667</dst>
            <dst id="STTLng">1317.44266666667</dst>
            <dst id="WASHng">37773.296</dst>
        </src>
        <src id="DNVRng">
            <dst id="ATLA-M5">0</dst>
            <dst id="ATLAng">5784.76</dst>
            <dst id="CHINng">67350.7173333333</dst>
            <dst id="DNVRng">3838.55466666667</dst>
            <dst id="HSTNng">22140.9466666667</dst>
            <dst id="IPLSng">24603.1013333333</dst>
            <dst id="KSCYng">6265.23733333333</dst>
            <dst id="LOSAng">0</dst>
            <dst id="NYCMng">20331.6906666667</dst>
            <dst id="SNVAng">8472.832</dst>
            <dst id="STTLng">26.6666666666667</dst>
            <dst id="WASHng">45090.8426666667</dst>
        </src>
        <src id="HSTNng">
            <dst id="ATLA-M5">0</dst>
            <dst id="ATLAng">32898.8213333333</dst>
            <dst id="CHINng">2183.264</dst>
            <dst id="DNVRng">26.6666666666667</dst>
            <dst id="HSTNng">112489.450666667</dst>
            <dst id="IPLSng">0</dst>
            <dst id="KSCYng">0</dst>
            <dst id="LOSAng">0</dst>
            <dst id="NYCMng">6685.30666666667</dst>
            <dst id="SNVAng">0</dst>
            <dst id="STTLng">113.92</dst>
            <dst id="WASHng">96433.912</dst>
        </src>
        <src id="IPLSng">
            <dst id="ATLA-M5">0</dst>
            <dst id="ATLAng">10835.944</dst>
            <dst id="CHINng">158034.253333333</dst>
            <dst id="DNVRng">8001.33066666666</dst>
            <dst id="HSTNng">45445.264</dst>
            <dst id="IPLSng">64437.592</dst>
            <dst id="KSCYng">20368.152</dst>
            <dst id="LOSAng">0</dst>
            <dst id="NYCMng">35538.3973333333</dst>
            <dst id="SNVAng">165.493333333333</dst>
            <dst id="STTLng">106.666666666667</dst>
            <dst id="WASHng">19304.6826666667</dst>
        </src>
        <src id="KSCYng">
            <dst id="ATLA-M5">0</dst>
            <dst id="ATLAng">6290.74933333333</dst>
            <dst id="CHINng">36059.1546666667</dst>
            <dst id="DNVRng">8248.72</dst>
            <dst id="HSTNng">16553.232</dst>
            <dst id="IPLSng">11559.3146666667</dst>
            <dst id="KSCYng">6814.36533333333</dst>
            <dst id="LOSAng">0</dst>
            <dst id="NYCMng">12973.6773333333</dst>
            <dst id="SNVAng">0</dst>
            <dst id="STTLng">53.3333333333333</dst>
            <dst id="WASHng">11179.1733333333</dst>
        </src>
        <src id="LOSAng">
            <dst id="ATLA-M5">0</dst>
            <dst id="ATLAng">27948.5386666667</dst>
            <dst id="CHINng">10950.6213333333</dst>
            <dst id="DNVRng">8794.73333333333</dst>
            <dst id="HSTNng">149296.629333333</dst>
            <dst id="IPLSng">1015.57333333333</dst>
            <dst id="KSCYng">57.3226666666667</dst>
            <dst id="LOSAng">23899.888</dst>
            <dst id="NYCMng">52029.576</dst>
            <dst id="SNVAng">15827.016</dst>
            <dst id="STTLng">21182.6586666667</dst>
            <dst id="WASHng">90391.7546666667</dst>
        </src>
        <src id="NYCMng">
            <dst id="ATLA-M5">0</dst>
            <dst id="ATLAng">32891.8986666667</dst>
            <dst id="CHINng">67634.656</dst>
            <dst id="DNVRng">32696.4746666667</dst>
            <dst id="HSTNng">99070.9893333333</dst>
            <dst id="IPLSng">51701.8213333333</dst>
            <dst id="KSCYng">17141.408</dst>
            <dst id="LOSAng">0</dst>
            <dst id="NYCMng">228949.632</dst>
            <dst id="SNVAng">106.666666666667</dst>
            <dst id="STTLng">3433.128</dst>
            <dst id="WASHng">70980.9066666667</dst>
        </src>
        <src id="SNVAng">
            <dst id="ATLA-M5">0</dst>
            <dst id="ATLAng">217.770666666667</dst>
            <dst id="CHINng">389.512</dst>
            <dst id="DNVRng">11686.6533333333</dst>
            <dst id="HSTNng">4991.76266666667</dst>
            <dst id="IPLSng">0</dst>
            <dst id="KSCYng">255.210666666667</dst>
            <dst id="LOSAng">25231.872</dst>
            <dst id="NYCMng">4180.95466666667</dst>
            <dst id="SNVAng">14916.3306666667</dst>
            <dst id="STTLng">42600.8293333333</dst>
            <dst id="WASHng">439.621333333333</dst>
        </src>
        <src id="STTLng">
            <dst id="ATLA-M5">0</dst>
            <dst id="ATLAng">8884.77066666667</dst>
            <dst id="CHINng">26043.784</dst>
            <dst id="DNVRng">4575.70133333333</dst>
            <dst id="HSTNng">46939.6266666667</dst>
            <dst id="IPLSng">298.762666666667</dst>
            <dst id="KSCYng">2130.696</dst>
            <dst id="LOSAng">17188.6746666667</dst>
            <dst id="NYCMng">12548.4266666667</dst>
            <dst id="SNVAng">5725.84266666667</dst>
            <dst id="STTLng">2509.09066666667</dst>
            <dst id="WASHng">29588.5946666667</dst>
        </src>
        <src id="WASHng">
            <dst id="ATLA-M5">0</dst>
            <dst id="ATLAng">123546.488</dst>
            <dst id="CHINng">76991.0773333333</dst>
            <dst id="DNVRng">3653.62133333333</dst>
            <dst id="HSTNng">274602.08</dst>
            <dst id="IPLSng">46916.8773333333</dst>
            <dst id="KSCYng">9676.64266666667</dst>
            <dst id="LOSAng">53.3333333333333</dst>
            <dst id="NYCMng">150149.136</dst>
            <dst id="SNVAng">206.378666666667</dst>
            <dst id="STTLng">5619.72266666667</dst>
            <dst id="WASHng">382089.92</dst>
        </src>
    </IntraTM>
</TrafficMatrixFile>
