<?xml version="1.0" encoding="ISO-8859-1" standalone="yes"?>
<TrafficMatrixFile xsi:noNamespaceSchemaLocation="http://totem.run.montefiore.ulg.ac.be/Schema/TrafficMatrix-v1_2.xsd" xmlns:xsi="http://www.w3.org/2001/XMLSchema-instance">
    <IntraTM ASID="11537">
        <src id="ATLA-M5">
            <dst id="ATLA-M5">0</dst>
            <dst id="ATLAng">26.6666666666667</dst>
            <dst id="CHINng">402.448</dst>
            <dst id="DNVRng">0</dst>
            <dst id="HSTNng">2730.504</dst>
            <dst id="IPLSng">80</dst>
            <dst id="KSCYng">29.3066666666667</dst>
            <dst id="LOSAng">0</dst>
            <dst id="NYCMng">854.146666666667</dst>
            <dst id="SNVAng">0</dst>
            <dst id="STTLng">0</dst>
            <dst id="WASHng">1872.344</dst>
        </src>
        <src id="ATLAng">
            <dst id="ATLA-M5">0</dst>
            <dst id="ATLAng">24386.2906666667</dst>
            <dst id="CHINng">12080.8773333333</dst>
            <dst id="DNVRng">26.6666666666667</dst>
            <dst id="HSTNng">36243.864</dst>
            <dst id="IPLSng">27043.8186666667</dst>
            <dst id="KSCYng">5293.80266666667</dst>
            <dst id="LOSAng">0</dst>
            <dst id="NYCMng">21534.5573333333</dst>
            <dst id="SNVAng">80</dst>
            <dst id="STTLng">133.333333333333</dst>
            <dst id="WASHng">76357.8533333333</dst>
        </src>
        <src id="CHINng">
            <dst id="ATLA-M5">0</dst>
            <dst id="ATLAng">24432.3066666667</dst>
            <dst id="CHINng">147323.130666667</dst>
            <dst id="DNVRng">25330.584</dst>
            <dst id="HSTNng">113517.154666667</dst>
            <dst id="IPLSng">41469.6026666667</dst>
            <dst id="KSCYng">11434.968</dst>
            <dst id="LOSAng">321.858666666667</dst>
            <dst id="NYCMng">25077.624</dst>
            <dst id="SNVAng">0</dst>
            <dst id="STTLng">1782.032</dst>
            <dst id="WASHng">30152.6266666667</dst>
        </src>
        <src id="DNVRng">
            <dst id="ATLA-M5">0</dst>
            <dst id="ATLAng">6151.208</dst>
            <dst id="CHINng">64746.344</dst>
            <dst id="DNVRng">4659.36533333333</dst>
            <dst id="HSTNng">25547.1253333333</dst>
            <dst id="IPLSng">27860.4586666667</dst>
            <dst id="KSCYng">8263.00533333334</dst>
            <dst id="LOSAng">0</dst>
            <dst id="NYCMng">25654.96</dst>
            <dst id="SNVAng">6879.96533333333</dst>
            <dst id="STTLng">80</dst>
            <dst id="WASHng">35213.1733333333</dst>
        </src>
        <src id="HSTNng">
            <dst id="ATLA-M5">0</dst>
            <dst id="ATLAng">44640.1573333333</dst>
            <dst id="CHINng">1939.648</dst>
            <dst id="DNVRng">26.6666666666667</dst>
            <dst id="HSTNng">124727.341333333</dst>
            <dst id="IPLSng">82.7946666666667</dst>
            <dst id="KSCYng">0</dst>
            <dst id="LOSAng">0</dst>
            <dst id="NYCMng">6371.32533333333</dst>
            <dst id="SNVAng">26.6666666666667</dst>
            <dst id="STTLng">0</dst>
            <dst id="WASHng">91957.4853333333</dst>
        </src>
        <src id="IPLSng">
            <dst id="ATLA-M5">0</dst>
            <dst id="ATLAng">14587.864</dst>
            <dst id="CHINng">179300.536</dst>
            <dst id="DNVRng">10883.008</dst>
            <dst id="HSTNng">59173.6906666666</dst>
            <dst id="IPLSng">16045.96</dst>
            <dst id="KSCYng">30019.1493333333</dst>
            <dst id="LOSAng">0</dst>
            <dst id="NYCMng">27954.6453333333</dst>
            <dst id="SNVAng">59.056</dst>
            <dst id="STTLng">58.56</dst>
            <dst id="WASHng">12871.4213333333</dst>
        </src>
        <src id="KSCYng">
            <dst id="ATLA-M5">0</dst>
            <dst id="ATLAng">5395.62666666667</dst>
            <dst id="CHINng">33817.272</dst>
            <dst id="DNVRng">8599.67466666667</dst>
            <dst id="HSTNng">22042.184</dst>
            <dst id="IPLSng">13575.3573333333</dst>
            <dst id="KSCYng">7093.17866666667</dst>
            <dst id="LOSAng">0</dst>
            <dst id="NYCMng">14985.7546666667</dst>
            <dst id="SNVAng">0</dst>
            <dst id="STTLng">26.6666666666667</dst>
            <dst id="WASHng">9426.744</dst>
        </src>
        <src id="LOSAng">
            <dst id="ATLA-M5">0</dst>
            <dst id="ATLAng">38637.4293333333</dst>
            <dst id="CHINng">13683.4026666667</dst>
            <dst id="DNVRng">7853.208</dst>
            <dst id="HSTNng">152257.421333333</dst>
            <dst id="IPLSng">772.717333333333</dst>
            <dst id="KSCYng">26.6666666666667</dst>
            <dst id="LOSAng">27217.3226666667</dst>
            <dst id="NYCMng">51526.36</dst>
            <dst id="SNVAng">8833.05333333334</dst>
            <dst id="STTLng">23379.6773333333</dst>
            <dst id="WASHng">86732.0266666667</dst>
        </src>
        <src id="NYCMng">
            <dst id="ATLA-M5">0</dst>
            <dst id="ATLAng">28885.6613333333</dst>
            <dst id="CHINng">66189.6853333333</dst>
            <dst id="DNVRng">34011.3173333333</dst>
            <dst id="HSTNng">106642.224</dst>
            <dst id="IPLSng">47076.3386666667</dst>
            <dst id="KSCYng">17969.744</dst>
            <dst id="LOSAng">151.477333333333</dst>
            <dst id="NYCMng">229269.250666667</dst>
            <dst id="SNVAng">26.6666666666667</dst>
            <dst id="STTLng">3682.82933333333</dst>
            <dst id="WASHng">76866.776</dst>
        </src>
        <src id="SNVAng">
            <dst id="ATLA-M5">0</dst>
            <dst id="ATLAng">348.976</dst>
            <dst id="CHINng">376.984</dst>
            <dst id="DNVRng">3812.33333333333</dst>
            <dst id="HSTNng">4673.88</dst>
            <dst id="IPLSng">0</dst>
            <dst id="KSCYng">444.762666666667</dst>
            <dst id="LOSAng">32235.1573333333</dst>
            <dst id="NYCMng">4626.696</dst>
            <dst id="SNVAng">16223.2986666667</dst>
            <dst id="STTLng">53158.28</dst>
            <dst id="WASHng">484.682666666667</dst>
        </src>
        <src id="STTLng">
            <dst id="ATLA-M5">0</dst>
            <dst id="ATLAng">8484.296</dst>
            <dst id="CHINng">25316.696</dst>
            <dst id="DNVRng">4242.84266666667</dst>
            <dst id="HSTNng">39949.544</dst>
            <dst id="IPLSng">266.541333333333</dst>
            <dst id="KSCYng">1905.48533333333</dst>
            <dst id="LOSAng">21621.496</dst>
            <dst id="NYCMng">12449.976</dst>
            <dst id="SNVAng">5929.464</dst>
            <dst id="STTLng">2699.48266666667</dst>
            <dst id="WASHng">31316.1333333333</dst>
        </src>
        <src id="WASHng">
            <dst id="ATLA-M5">0</dst>
            <dst id="ATLAng">132962.522666667</dst>
            <dst id="CHINng">95318.088</dst>
            <dst id="DNVRng">8096.464</dst>
            <dst id="HSTNng">301048.96</dst>
            <dst id="IPLSng">43215.0453333333</dst>
            <dst id="KSCYng">15164.52</dst>
            <dst id="LOSAng">26.6666666666667</dst>
            <dst id="NYCMng">175405.589333333</dst>
            <dst id="SNVAng">336.146666666667</dst>
            <dst id="STTLng">5966.24</dst>
            <dst id="WASHng">434861.173333333</dst>
        </src>
    </IntraTM>
</TrafficMatrixFile>
