<?xml version="1.0" encoding="ISO-8859-1" standalone="yes"?>
<TrafficMatrixFile xsi:noNamespaceSchemaLocation="http://totem.run.montefiore.ulg.ac.be/Schema/TrafficMatrix-v1_2.xsd" xmlns:xsi="http://www.w3.org/2001/XMLSchema-instance">
    <IntraTM ASID="11537">
        <src id="ATLA-M5">
            <dst id="ATLA-M5">315.389333333333</dst>
            <dst id="ATLAng">825.770666666667</dst>
            <dst id="CHINng">450.690666666667</dst>
            <dst id="DNVRng">26.6666666666667</dst>
            <dst id="HSTNng">1048.01866666667</dst>
            <dst id="IPLSng">275.624</dst>
            <dst id="KSCYng">241.154666666667</dst>
            <dst id="LOSAng">0</dst>
            <dst id="NYCMng">592.421333333333</dst>
            <dst id="SNVAng">0</dst>
            <dst id="STTLng">0</dst>
            <dst id="WASHng">1929.26666666667</dst>
        </src>
        <src id="ATLAng">
            <dst id="ATLA-M5">0</dst>
            <dst id="ATLAng">25797.512</dst>
            <dst id="CHINng">28454.336</dst>
            <dst id="DNVRng">74.0346666666667</dst>
            <dst id="HSTNng">57593.328</dst>
            <dst id="IPLSng">44027.1466666667</dst>
            <dst id="KSCYng">4553.432</dst>
            <dst id="LOSAng">0</dst>
            <dst id="NYCMng">18266.712</dst>
            <dst id="SNVAng">80</dst>
            <dst id="STTLng">53.3333333333333</dst>
            <dst id="WASHng">60610.9493333333</dst>
        </src>
        <src id="CHINng">
            <dst id="ATLA-M5">0</dst>
            <dst id="ATLAng">43640.368</dst>
            <dst id="CHINng">106418.16</dst>
            <dst id="DNVRng">27825.216</dst>
            <dst id="HSTNng">119358.170666667</dst>
            <dst id="IPLSng">80091.088</dst>
            <dst id="KSCYng">19966.968</dst>
            <dst id="LOSAng">60.2106666666667</dst>
            <dst id="NYCMng">35687.2426666667</dst>
            <dst id="SNVAng">795.898666666667</dst>
            <dst id="STTLng">2682.60533333333</dst>
            <dst id="WASHng">51807.3786666667</dst>
        </src>
        <src id="DNVRng">
            <dst id="ATLA-M5">0</dst>
            <dst id="ATLAng">14145.6133333333</dst>
            <dst id="CHINng">76365.4666666667</dst>
            <dst id="DNVRng">23983.9733333333</dst>
            <dst id="HSTNng">53613.5146666667</dst>
            <dst id="IPLSng">31851.168</dst>
            <dst id="KSCYng">24055.184</dst>
            <dst id="LOSAng">26.6666666666667</dst>
            <dst id="NYCMng">23077.04</dst>
            <dst id="SNVAng">16996.192</dst>
            <dst id="STTLng">518.002666666667</dst>
            <dst id="WASHng">50554.9626666667</dst>
        </src>
        <src id="HSTNng">
            <dst id="ATLA-M5">0</dst>
            <dst id="ATLAng">36528.472</dst>
            <dst id="CHINng">3050.33866666667</dst>
            <dst id="DNVRng">76.256</dst>
            <dst id="HSTNng">180605.338666667</dst>
            <dst id="IPLSng">53.3333333333333</dst>
            <dst id="KSCYng">248.125333333333</dst>
            <dst id="LOSAng">116.861333333333</dst>
            <dst id="NYCMng">14274.6773333333</dst>
            <dst id="SNVAng">26.6666666666667</dst>
            <dst id="STTLng">277.12</dst>
            <dst id="WASHng">120785.317333333</dst>
        </src>
        <src id="IPLSng">
            <dst id="ATLA-M5">0</dst>
            <dst id="ATLAng">43798.5573333333</dst>
            <dst id="CHINng">108830.88</dst>
            <dst id="DNVRng">21849.496</dst>
            <dst id="HSTNng">112470.397333333</dst>
            <dst id="IPLSng">41123.5253333333</dst>
            <dst id="KSCYng">24174.4133333333</dst>
            <dst id="LOSAng">192.421333333333</dst>
            <dst id="NYCMng">66493.784</dst>
            <dst id="SNVAng">5871.59733333333</dst>
            <dst id="STTLng">314.450666666667</dst>
            <dst id="WASHng">41638.1546666667</dst>
        </src>
        <src id="KSCYng">
            <dst id="ATLA-M5">0</dst>
            <dst id="ATLAng">5679.38133333333</dst>
            <dst id="CHINng">32667.7866666667</dst>
            <dst id="DNVRng">24850.496</dst>
            <dst id="HSTNng">19427.512</dst>
            <dst id="IPLSng">29535.3146666667</dst>
            <dst id="KSCYng">6199.60533333333</dst>
            <dst id="LOSAng">0</dst>
            <dst id="NYCMng">11777.304</dst>
            <dst id="SNVAng">185.837333333333</dst>
            <dst id="STTLng">144.152</dst>
            <dst id="WASHng">14221.9306666667</dst>
        </src>
        <src id="LOSAng">
            <dst id="ATLA-M5">0</dst>
            <dst id="ATLAng">30061.224</dst>
            <dst id="CHINng">13515.3066666667</dst>
            <dst id="DNVRng">32189.5146666667</dst>
            <dst id="HSTNng">174371.149333333</dst>
            <dst id="IPLSng">1057.112</dst>
            <dst id="KSCYng">717.565333333333</dst>
            <dst id="LOSAng">18747.8906666667</dst>
            <dst id="NYCMng">72617.0693333333</dst>
            <dst id="SNVAng">15372.656</dst>
            <dst id="STTLng">35355.296</dst>
            <dst id="WASHng">104288.589333333</dst>
        </src>
        <src id="NYCMng">
            <dst id="ATLA-M5">0</dst>
            <dst id="ATLAng">75692.536</dst>
            <dst id="CHINng">90537.2373333333</dst>
            <dst id="DNVRng">46286.6426666667</dst>
            <dst id="HSTNng">160096.869333333</dst>
            <dst id="IPLSng">103029.797333333</dst>
            <dst id="KSCYng">32667.1973333333</dst>
            <dst id="LOSAng">124.96</dst>
            <dst id="NYCMng">284145.946666667</dst>
            <dst id="SNVAng">482.184</dst>
            <dst id="STTLng">1106.62666666667</dst>
            <dst id="WASHng">195633.410666667</dst>
        </src>
        <src id="SNVAng">
            <dst id="ATLA-M5">0</dst>
            <dst id="ATLAng">1616.83466666667</dst>
            <dst id="CHINng">919.317333333333</dst>
            <dst id="DNVRng">18167.328</dst>
            <dst id="HSTNng">16505.0506666667</dst>
            <dst id="IPLSng">0</dst>
            <dst id="KSCYng">3921.17866666667</dst>
            <dst id="LOSAng">47758.3306666667</dst>
            <dst id="NYCMng">7621.576</dst>
            <dst id="SNVAng">17076.48</dst>
            <dst id="STTLng">56709.8986666667</dst>
            <dst id="WASHng">2144.66666666667</dst>
        </src>
        <src id="STTLng">
            <dst id="ATLA-M5">0</dst>
            <dst id="ATLAng">14343.56</dst>
            <dst id="CHINng">22759.592</dst>
            <dst id="DNVRng">10236.1786666667</dst>
            <dst id="HSTNng">53113.08</dst>
            <dst id="IPLSng">458.165333333333</dst>
            <dst id="KSCYng">6367.816</dst>
            <dst id="LOSAng">29554.6666666667</dst>
            <dst id="NYCMng">17302.6346666667</dst>
            <dst id="SNVAng">13272.904</dst>
            <dst id="STTLng">6364.616</dst>
            <dst id="WASHng">37555.1386666667</dst>
        </src>
        <src id="WASHng">
            <dst id="ATLA-M5">0</dst>
            <dst id="ATLAng">90144.112</dst>
            <dst id="CHINng">101549</dst>
            <dst id="DNVRng">4748.45333333333</dst>
            <dst id="HSTNng">357730.346666667</dst>
            <dst id="IPLSng">109107.96</dst>
            <dst id="KSCYng">26202.0746666667</dst>
            <dst id="LOSAng">229.490666666667</dst>
            <dst id="NYCMng">299153.36</dst>
            <dst id="SNVAng">559.410666666667</dst>
            <dst id="STTLng">5686.34933333333</dst>
            <dst id="WASHng">320132.986666667</dst>
        </src>
    </IntraTM>
</TrafficMatrixFile>
