<?xml version="1.0" encoding="ISO-8859-1" standalone="yes"?>
<TrafficMatrixFile xsi:noNamespaceSchemaLocation="http://totem.run.montefiore.ulg.ac.be/Schema/TrafficMatrix-v1_2.xsd" xmlns:xsi="http://www.w3.org/2001/XMLSchema-instance">
    <IntraTM ASID="11537">
        <src id="ATLA-M5">
            <dst id="ATLA-M5">155.704</dst>
            <dst id="ATLAng">839.602666666667</dst>
            <dst id="CHINng">656.904</dst>
            <dst id="DNVRng">0</dst>
            <dst id="HSTNng">26.6666666666667</dst>
            <dst id="IPLSng">1117.40533333333</dst>
            <dst id="KSCYng">0</dst>
            <dst id="LOSAng">0</dst>
            <dst id="NYCMng">1849.18666666667</dst>
            <dst id="SNVAng">0</dst>
            <dst id="STTLng">26.6666666666667</dst>
            <dst id="WASHng">1432.21866666667</dst>
        </src>
        <src id="ATLAng">
            <dst id="ATLA-M5">0</dst>
            <dst id="ATLAng">31981.856</dst>
            <dst id="CHINng">34927.5706666667</dst>
            <dst id="DNVRng">0</dst>
            <dst id="HSTNng">11131.5466666667</dst>
            <dst id="IPLSng">32237.9573333333</dst>
            <dst id="KSCYng">29.536</dst>
            <dst id="LOSAng">110.666666666667</dst>
            <dst id="NYCMng">66644.0613333333</dst>
            <dst id="SNVAng">0</dst>
            <dst id="STTLng">27.8186666666667</dst>
            <dst id="WASHng">41081.8373333333</dst>
        </src>
        <src id="CHINng">
            <dst id="ATLA-M5">0</dst>
            <dst id="ATLAng">33287.8746666667</dst>
            <dst id="CHINng">33334.7493333333</dst>
            <dst id="DNVRng">0</dst>
            <dst id="HSTNng">16820.0426666667</dst>
            <dst id="IPLSng">71501.432</dst>
            <dst id="KSCYng">561.506666666667</dst>
            <dst id="LOSAng">80</dst>
            <dst id="NYCMng">223475.370666667</dst>
            <dst id="SNVAng">53.3333333333333</dst>
            <dst id="STTLng">221.837333333333</dst>
            <dst id="WASHng">45979.6746666667</dst>
        </src>
        <src id="DNVRng">
            <dst id="ATLA-M5">0</dst>
            <dst id="ATLAng">11302.712</dst>
            <dst id="CHINng">77398.8586666667</dst>
            <dst id="DNVRng">12030.7173333333</dst>
            <dst id="HSTNng">41124.128</dst>
            <dst id="IPLSng">34664.728</dst>
            <dst id="KSCYng">23172.9946666667</dst>
            <dst id="LOSAng">0</dst>
            <dst id="NYCMng">36479.5813333333</dst>
            <dst id="SNVAng">17314.9866666667</dst>
            <dst id="STTLng">381.36</dst>
            <dst id="WASHng">45557.2933333333</dst>
        </src>
        <src id="HSTNng">
            <dst id="ATLA-M5">0</dst>
            <dst id="ATLAng">39017.7386666667</dst>
            <dst id="CHINng">788.328</dst>
            <dst id="DNVRng">0</dst>
            <dst id="HSTNng">133987.272</dst>
            <dst id="IPLSng">80</dst>
            <dst id="KSCYng">0</dst>
            <dst id="LOSAng">0</dst>
            <dst id="NYCMng">6464.67733333333</dst>
            <dst id="SNVAng">0</dst>
            <dst id="STTLng">0</dst>
            <dst id="WASHng">119752.021333333</dst>
        </src>
        <src id="IPLSng">
            <dst id="ATLA-M5">0</dst>
            <dst id="ATLAng">16719.3066666667</dst>
            <dst id="CHINng">109663.842666667</dst>
            <dst id="DNVRng">0</dst>
            <dst id="HSTNng">9539</dst>
            <dst id="IPLSng">37283.7706666667</dst>
            <dst id="KSCYng">22390.52</dst>
            <dst id="LOSAng">0</dst>
            <dst id="NYCMng">241124.538666667</dst>
            <dst id="SNVAng">80</dst>
            <dst id="STTLng">54.1333333333333</dst>
            <dst id="WASHng">37138.8373333333</dst>
        </src>
        <src id="KSCYng">
            <dst id="ATLA-M5">0</dst>
            <dst id="ATLAng">5140.97333333333</dst>
            <dst id="CHINng">19459.4613333333</dst>
            <dst id="DNVRng">15907.5546666667</dst>
            <dst id="HSTNng">18188.6693333333</dst>
            <dst id="IPLSng">14062.1706666667</dst>
            <dst id="KSCYng">8033.488</dst>
            <dst id="LOSAng">0</dst>
            <dst id="NYCMng">58343.2133333333</dst>
            <dst id="SNVAng">0</dst>
            <dst id="STTLng">26.6666666666667</dst>
            <dst id="WASHng">12685.9333333333</dst>
        </src>
        <src id="LOSAng">
            <dst id="ATLA-M5">0</dst>
            <dst id="ATLAng">35837.992</dst>
            <dst id="CHINng">1876.72533333333</dst>
            <dst id="DNVRng">23426.432</dst>
            <dst id="HSTNng">132383.952</dst>
            <dst id="IPLSng">2377.22933333333</dst>
            <dst id="KSCYng">387.144</dst>
            <dst id="LOSAng">20812.7466666667</dst>
            <dst id="NYCMng">77083.2746666667</dst>
            <dst id="SNVAng">21003.04</dst>
            <dst id="STTLng">26262.3946666667</dst>
            <dst id="WASHng">97730.8133333333</dst>
        </src>
        <src id="NYCMng">
            <dst id="ATLA-M5">0</dst>
            <dst id="ATLAng">39191.9333333333</dst>
            <dst id="CHINng">1978.328</dst>
            <dst id="DNVRng">0</dst>
            <dst id="HSTNng">23383.3146666667</dst>
            <dst id="IPLSng">122.965333333333</dst>
            <dst id="KSCYng">196.530666666667</dst>
            <dst id="LOSAng">0</dst>
            <dst id="NYCMng">557032.266666666</dst>
            <dst id="SNVAng">26.6666666666667</dst>
            <dst id="STTLng">280.445333333333</dst>
            <dst id="WASHng">110986.554666667</dst>
        </src>
        <src id="SNVAng">
            <dst id="ATLA-M5">0</dst>
            <dst id="ATLAng">1103.408</dst>
            <dst id="CHINng">238.864</dst>
            <dst id="DNVRng">9475.52</dst>
            <dst id="HSTNng">3941.224</dst>
            <dst id="IPLSng">0</dst>
            <dst id="KSCYng">376.861333333333</dst>
            <dst id="LOSAng">40101.6746666667</dst>
            <dst id="NYCMng">6008.40266666667</dst>
            <dst id="SNVAng">16203.7226666667</dst>
            <dst id="STTLng">56719.8373333333</dst>
            <dst id="WASHng">405.44</dst>
        </src>
        <src id="STTLng">
            <dst id="ATLA-M5">0</dst>
            <dst id="ATLAng">9601.04</dst>
            <dst id="CHINng">662.602666666667</dst>
            <dst id="DNVRng">5687.136</dst>
            <dst id="HSTNng">25366.7306666667</dst>
            <dst id="IPLSng">287.301333333333</dst>
            <dst id="KSCYng">4105.12266666667</dst>
            <dst id="LOSAng">24827.3866666667</dst>
            <dst id="NYCMng">48829.5866666667</dst>
            <dst id="SNVAng">9349.54666666667</dst>
            <dst id="STTLng">11426.5946666667</dst>
            <dst id="WASHng">30674.0693333333</dst>
        </src>
        <src id="WASHng">
            <dst id="ATLA-M5">0</dst>
            <dst id="ATLAng">135273.341333333</dst>
            <dst id="CHINng">551.010666666667</dst>
            <dst id="DNVRng">0</dst>
            <dst id="HSTNng">97230.392</dst>
            <dst id="IPLSng">106.666666666667</dst>
            <dst id="KSCYng">78.4533333333333</dst>
            <dst id="LOSAng">80</dst>
            <dst id="NYCMng">634003.626666667</dst>
            <dst id="SNVAng">80</dst>
            <dst id="STTLng">123.853333333333</dst>
            <dst id="WASHng">283110.213333333</dst>
        </src>
    </IntraTM>
</TrafficMatrixFile>
