<?xml version="1.0" encoding="ISO-8859-1" standalone="yes"?>
<TrafficMatrixFile xsi:noNamespaceSchemaLocation="http://totem.run.montefiore.ulg.ac.be/Schema/TrafficMatrix-v1_2.xsd" xmlns:xsi="http://www.w3.org/2001/XMLSchema-instance">
    <IntraTM ASID="11537">
        <src id="ATLA-M5">
            <dst id="ATLA-M5">26.6666666666667</dst>
            <dst id="ATLAng">255.674666666667</dst>
            <dst id="CHINng">343.410666666667</dst>
            <dst id="DNVRng">0</dst>
            <dst id="HSTNng">2062.29866666667</dst>
            <dst id="IPLSng">2302.52</dst>
            <dst id="KSCYng">1880.36266666667</dst>
            <dst id="LOSAng">0</dst>
            <dst id="NYCMng">1227.24266666667</dst>
            <dst id="SNVAng">0</dst>
            <dst id="STTLng">0</dst>
            <dst id="WASHng">1886.49066666667</dst>
        </src>
        <src id="ATLAng">
            <dst id="ATLA-M5">0</dst>
            <dst id="ATLAng">52794.0506666667</dst>
            <dst id="CHINng">23823.6186666667</dst>
            <dst id="DNVRng">26.6666666666667</dst>
            <dst id="HSTNng">36187.864</dst>
            <dst id="IPLSng">34545.5386666667</dst>
            <dst id="KSCYng">5852.23466666667</dst>
            <dst id="LOSAng">26.6666666666667</dst>
            <dst id="NYCMng">19382.312</dst>
            <dst id="SNVAng">0</dst>
            <dst id="STTLng">223.72</dst>
            <dst id="WASHng">75741.2426666667</dst>
        </src>
        <src id="CHINng">
            <dst id="ATLA-M5">0</dst>
            <dst id="ATLAng">48148.984</dst>
            <dst id="CHINng">121773.632</dst>
            <dst id="DNVRng">32458.8186666667</dst>
            <dst id="HSTNng">128971.941333333</dst>
            <dst id="IPLSng">70213.3813333333</dst>
            <dst id="KSCYng">15595.0586666667</dst>
            <dst id="LOSAng">713.885333333333</dst>
            <dst id="NYCMng">40856.6906666667</dst>
            <dst id="SNVAng">0</dst>
            <dst id="STTLng">701.056</dst>
            <dst id="WASHng">51870.616</dst>
        </src>
        <src id="DNVRng">
            <dst id="ATLA-M5">0</dst>
            <dst id="ATLAng">9894.6</dst>
            <dst id="CHINng">60559.864</dst>
            <dst id="DNVRng">6512.09333333333</dst>
            <dst id="HSTNng">51143.8613333333</dst>
            <dst id="IPLSng">26937.0293333333</dst>
            <dst id="KSCYng">9520.18666666667</dst>
            <dst id="LOSAng">0</dst>
            <dst id="NYCMng">24318.1893333333</dst>
            <dst id="SNVAng">11026.752</dst>
            <dst id="STTLng">97.4613333333333</dst>
            <dst id="WASHng">45543.2506666667</dst>
        </src>
        <src id="HSTNng">
            <dst id="ATLA-M5">0</dst>
            <dst id="ATLAng">27688.448</dst>
            <dst id="CHINng">2237.2</dst>
            <dst id="DNVRng">0</dst>
            <dst id="HSTNng">327363.306666667</dst>
            <dst id="IPLSng">171.432</dst>
            <dst id="KSCYng">0</dst>
            <dst id="LOSAng">0</dst>
            <dst id="NYCMng">8777.73866666667</dst>
            <dst id="SNVAng">26.6666666666667</dst>
            <dst id="STTLng">92.1866666666667</dst>
            <dst id="WASHng">108376.648</dst>
        </src>
        <src id="IPLSng">
            <dst id="ATLA-M5">0</dst>
            <dst id="ATLAng">35565.4773333333</dst>
            <dst id="CHINng">145346.773333333</dst>
            <dst id="DNVRng">13144.9786666667</dst>
            <dst id="HSTNng">89351.8506666667</dst>
            <dst id="IPLSng">47197.3493333333</dst>
            <dst id="KSCYng">18501.3066666667</dst>
            <dst id="LOSAng">42.5706666666667</dst>
            <dst id="NYCMng">60777.5466666666</dst>
            <dst id="SNVAng">124.245333333333</dst>
            <dst id="STTLng">227.538666666667</dst>
            <dst id="WASHng">31581.848</dst>
        </src>
        <src id="KSCYng">
            <dst id="ATLA-M5">0</dst>
            <dst id="ATLAng">9437.42666666667</dst>
            <dst id="CHINng">34614.248</dst>
            <dst id="DNVRng">8855.26666666667</dst>
            <dst id="HSTNng">23252.9146666667</dst>
            <dst id="IPLSng">17413.4133333333</dst>
            <dst id="KSCYng">7114.33333333333</dst>
            <dst id="LOSAng">26.6666666666667</dst>
            <dst id="NYCMng">14081.5413333333</dst>
            <dst id="SNVAng">26.6666666666667</dst>
            <dst id="STTLng">126.749333333333</dst>
            <dst id="WASHng">12430.4773333333</dst>
        </src>
        <src id="LOSAng">
            <dst id="ATLA-M5">0</dst>
            <dst id="ATLAng">19307.9226666667</dst>
            <dst id="CHINng">8469.98133333333</dst>
            <dst id="DNVRng">18781.008</dst>
            <dst id="HSTNng">252724.128</dst>
            <dst id="IPLSng">202.725333333333</dst>
            <dst id="KSCYng">83.9893333333333</dst>
            <dst id="LOSAng">71137.424</dst>
            <dst id="NYCMng">71869.2133333333</dst>
            <dst id="SNVAng">23231.9306666667</dst>
            <dst id="STTLng">30283.9466666667</dst>
            <dst id="WASHng">99650.376</dst>
        </src>
        <src id="NYCMng">
            <dst id="ATLA-M5">0</dst>
            <dst id="ATLAng">41371.808</dst>
            <dst id="CHINng">83519.1786666666</dst>
            <dst id="DNVRng">30587.1493333333</dst>
            <dst id="HSTNng">146208.512</dst>
            <dst id="IPLSng">84022.8853333333</dst>
            <dst id="KSCYng">24820.6346666667</dst>
            <dst id="LOSAng">133.178666666667</dst>
            <dst id="NYCMng">251519.346666667</dst>
            <dst id="SNVAng">26.6666666666667</dst>
            <dst id="STTLng">4673.26666666667</dst>
            <dst id="WASHng">123247.432</dst>
        </src>
        <src id="SNVAng">
            <dst id="ATLA-M5">0</dst>
            <dst id="ATLAng">1733.63733333333</dst>
            <dst id="CHINng">1192.35733333333</dst>
            <dst id="DNVRng">1897.816</dst>
            <dst id="HSTNng">7203.95733333333</dst>
            <dst id="IPLSng">87.0426666666666</dst>
            <dst id="KSCYng">546.752</dst>
            <dst id="LOSAng">34802.896</dst>
            <dst id="NYCMng">7487.02666666667</dst>
            <dst id="SNVAng">16335.9226666667</dst>
            <dst id="STTLng">50512.8</dst>
            <dst id="WASHng">1236.12533333333</dst>
        </src>
        <src id="STTLng">
            <dst id="ATLA-M5">0</dst>
            <dst id="ATLAng">490683.093333333</dst>
            <dst id="CHINng">23557.7733333333</dst>
            <dst id="DNVRng">6424.176</dst>
            <dst id="HSTNng">42357.872</dst>
            <dst id="IPLSng">291.792</dst>
            <dst id="KSCYng">5580.31733333333</dst>
            <dst id="LOSAng">32216.7386666667</dst>
            <dst id="NYCMng">15738.4213333333</dst>
            <dst id="SNVAng">6923.02933333333</dst>
            <dst id="STTLng">2196.62933333333</dst>
            <dst id="WASHng">31250.4</dst>
        </src>
        <src id="WASHng">
            <dst id="ATLA-M5">0</dst>
            <dst id="ATLAng">118162.130666667</dst>
            <dst id="CHINng">84489.2213333333</dst>
            <dst id="DNVRng">6035.056</dst>
            <dst id="HSTNng">303721.413333333</dst>
            <dst id="IPLSng">106900.778666667</dst>
            <dst id="KSCYng">32539.4933333333</dst>
            <dst id="LOSAng">168.909333333333</dst>
            <dst id="NYCMng">189632.250666667</dst>
            <dst id="SNVAng">261.661333333333</dst>
            <dst id="STTLng">4118.904</dst>
            <dst id="WASHng">318018.96</dst>
        </src>
    </IntraTM>
</TrafficMatrixFile>
