<?xml version="1.0" encoding="ISO-8859-1" standalone="yes"?>
<TrafficMatrixFile xsi:noNamespaceSchemaLocation="http://totem.run.montefiore.ulg.ac.be/Schema/TrafficMatrix-v1_2.xsd" xmlns:xsi="http://www.w3.org/2001/XMLSchema-instance">
    <IntraTM ASID="11537">
        <src id="ATLA-M5">
            <dst id="ATLA-M5">1098.90133333333</dst>
            <dst id="ATLAng">130.573333333333</dst>
            <dst id="CHINng">481.784</dst>
            <dst id="DNVRng">0</dst>
            <dst id="HSTNng">177.466666666667</dst>
            <dst id="IPLSng">346.288</dst>
            <dst id="KSCYng">0</dst>
            <dst id="LOSAng">0</dst>
            <dst id="NYCMng">1556.71466666667</dst>
            <dst id="SNVAng">0</dst>
            <dst id="STTLng">0</dst>
            <dst id="WASHng">1230.22666666667</dst>
        </src>
        <src id="ATLAng">
            <dst id="ATLA-M5">0</dst>
            <dst id="ATLAng">29494.9386666667</dst>
            <dst id="CHINng">40142.5893333333</dst>
            <dst id="DNVRng">0</dst>
            <dst id="HSTNng">4866.38133333333</dst>
            <dst id="IPLSng">29390.7653333333</dst>
            <dst id="KSCYng">0</dst>
            <dst id="LOSAng">0</dst>
            <dst id="NYCMng">39316.464</dst>
            <dst id="SNVAng">43.2746666666667</dst>
            <dst id="STTLng">26.6666666666667</dst>
            <dst id="WASHng">50599.048</dst>
        </src>
        <src id="CHINng">
            <dst id="ATLA-M5">0</dst>
            <dst id="ATLAng">32335.0933333333</dst>
            <dst id="CHINng">30679.256</dst>
            <dst id="DNVRng">0</dst>
            <dst id="HSTNng">18190.2826666667</dst>
            <dst id="IPLSng">41152.7173333333</dst>
            <dst id="KSCYng">26.6666666666667</dst>
            <dst id="LOSAng">0</dst>
            <dst id="NYCMng">159865.565333333</dst>
            <dst id="SNVAng">0</dst>
            <dst id="STTLng">1387.39733333333</dst>
            <dst id="WASHng">30805.496</dst>
        </src>
        <src id="DNVRng">
            <dst id="ATLA-M5">0</dst>
            <dst id="ATLAng">6538.86133333333</dst>
            <dst id="CHINng">30087.576</dst>
            <dst id="DNVRng">5227.78133333333</dst>
            <dst id="HSTNng">28230.1333333333</dst>
            <dst id="IPLSng">28392.4773333333</dst>
            <dst id="KSCYng">12678.416</dst>
            <dst id="LOSAng">0</dst>
            <dst id="NYCMng">35163.0666666667</dst>
            <dst id="SNVAng">8268.48</dst>
            <dst id="STTLng">80</dst>
            <dst id="WASHng">57120.7226666667</dst>
        </src>
        <src id="HSTNng">
            <dst id="ATLA-M5">0</dst>
            <dst id="ATLAng">24206.0906666667</dst>
            <dst id="CHINng">1303.49066666667</dst>
            <dst id="DNVRng">0</dst>
            <dst id="HSTNng">271873.173333333</dst>
            <dst id="IPLSng">106.666666666667</dst>
            <dst id="KSCYng">0</dst>
            <dst id="LOSAng">26.6666666666667</dst>
            <dst id="NYCMng">3883.176</dst>
            <dst id="SNVAng">53.3333333333333</dst>
            <dst id="STTLng">0</dst>
            <dst id="WASHng">72460.6906666667</dst>
        </src>
        <src id="IPLSng">
            <dst id="ATLA-M5">0</dst>
            <dst id="ATLAng">23345.1093333333</dst>
            <dst id="CHINng">95419.6133333333</dst>
            <dst id="DNVRng">0</dst>
            <dst id="HSTNng">13503.04</dst>
            <dst id="IPLSng">37505.232</dst>
            <dst id="KSCYng">22952.3173333333</dst>
            <dst id="LOSAng">0</dst>
            <dst id="NYCMng">148430.877333333</dst>
            <dst id="SNVAng">53.3333333333333</dst>
            <dst id="STTLng">33.1226666666667</dst>
            <dst id="WASHng">38727.008</dst>
        </src>
        <src id="KSCYng">
            <dst id="ATLA-M5">0</dst>
            <dst id="ATLAng">7174.63466666667</dst>
            <dst id="CHINng">16282.6026666667</dst>
            <dst id="DNVRng">7188.87733333333</dst>
            <dst id="HSTNng">9350.50933333333</dst>
            <dst id="IPLSng">23801.6053333333</dst>
            <dst id="KSCYng">8714.08266666667</dst>
            <dst id="LOSAng">0</dst>
            <dst id="NYCMng">19366.9573333333</dst>
            <dst id="SNVAng">0</dst>
            <dst id="STTLng">0</dst>
            <dst id="WASHng">10481.9973333333</dst>
        </src>
        <src id="LOSAng">
            <dst id="ATLA-M5">0</dst>
            <dst id="ATLAng">19605.824</dst>
            <dst id="CHINng">2415.19733333333</dst>
            <dst id="DNVRng">9639.304</dst>
            <dst id="HSTNng">200355.472</dst>
            <dst id="IPLSng">753.066666666666</dst>
            <dst id="KSCYng">266.954666666667</dst>
            <dst id="LOSAng">17516.8586666667</dst>
            <dst id="NYCMng">79847.5573333333</dst>
            <dst id="SNVAng">10040.9333333333</dst>
            <dst id="STTLng">16329.5306666667</dst>
            <dst id="WASHng">60697.296</dst>
        </src>
        <src id="NYCMng">
            <dst id="ATLA-M5">0</dst>
            <dst id="ATLAng">37301.4133333333</dst>
            <dst id="CHINng">737.568</dst>
            <dst id="DNVRng">0</dst>
            <dst id="HSTNng">13803.912</dst>
            <dst id="IPLSng">53.3333333333333</dst>
            <dst id="KSCYng">475.397333333333</dst>
            <dst id="LOSAng">464.352</dst>
            <dst id="NYCMng">408402.506666667</dst>
            <dst id="SNVAng">124.218666666667</dst>
            <dst id="STTLng">653.016</dst>
            <dst id="WASHng">108678.509333333</dst>
        </src>
        <src id="SNVAng">
            <dst id="ATLA-M5">0</dst>
            <dst id="ATLAng">807.456</dst>
            <dst id="CHINng">0</dst>
            <dst id="DNVRng">11451.4186666667</dst>
            <dst id="HSTNng">3576.592</dst>
            <dst id="IPLSng">0</dst>
            <dst id="KSCYng">278.922666666667</dst>
            <dst id="LOSAng">37768.5333333333</dst>
            <dst id="NYCMng">10080.776</dst>
            <dst id="SNVAng">14198.8453333333</dst>
            <dst id="STTLng">54177.936</dst>
            <dst id="WASHng">520.6</dst>
        </src>
        <src id="STTLng">
            <dst id="ATLA-M5">0</dst>
            <dst id="ATLAng">8183.824</dst>
            <dst id="CHINng">691.370666666666</dst>
            <dst id="DNVRng">4993.33066666667</dst>
            <dst id="HSTNng">20991.5866666667</dst>
            <dst id="IPLSng">62.5013333333333</dst>
            <dst id="KSCYng">3944.808</dst>
            <dst id="LOSAng">14161.2986666667</dst>
            <dst id="NYCMng">45135.8693333333</dst>
            <dst id="SNVAng">8680.648</dst>
            <dst id="STTLng">1332.09866666667</dst>
            <dst id="WASHng">28085.9733333333</dst>
        </src>
        <src id="WASHng">
            <dst id="ATLA-M5">0</dst>
            <dst id="ATLAng">126315.197333333</dst>
            <dst id="CHINng">1914.66133333333</dst>
            <dst id="DNVRng">0</dst>
            <dst id="HSTNng">83018.9386666667</dst>
            <dst id="IPLSng">160.944</dst>
            <dst id="KSCYng">133.333333333333</dst>
            <dst id="LOSAng">26.6666666666667</dst>
            <dst id="NYCMng">497433.333333333</dst>
            <dst id="SNVAng">80</dst>
            <dst id="STTLng">947.237333333333</dst>
            <dst id="WASHng">274601.893333333</dst>
        </src>
    </IntraTM>
</TrafficMatrixFile>
