<?xml version="1.0" encoding="ISO-8859-1" standalone="yes"?>
<TrafficMatrixFile xsi:noNamespaceSchemaLocation="http://totem.run.montefiore.ulg.ac.be/Schema/TrafficMatrix-v1_2.xsd" xmlns:xsi="http://www.w3.org/2001/XMLSchema-instance">
    <IntraTM ASID="11537">
        <src id="ATLA-M5">
            <dst id="ATLA-M5">197.141333333333</dst>
            <dst id="ATLAng">80</dst>
            <dst id="CHINng">684.56</dst>
            <dst id="DNVRng">0</dst>
            <dst id="HSTNng">1060.992</dst>
            <dst id="IPLSng">146.269333333333</dst>
            <dst id="KSCYng">53.3333333333333</dst>
            <dst id="LOSAng">0</dst>
            <dst id="NYCMng">2462.29333333333</dst>
            <dst id="SNVAng">0</dst>
            <dst id="STTLng">0</dst>
            <dst id="WASHng">2546.84266666667</dst>
        </src>
        <src id="ATLAng">
            <dst id="ATLA-M5">0</dst>
            <dst id="ATLAng">23920.2053333333</dst>
            <dst id="CHINng">14565.2</dst>
            <dst id="DNVRng">26.6666666666667</dst>
            <dst id="HSTNng">34221.6906666667</dst>
            <dst id="IPLSng">31264.1626666667</dst>
            <dst id="KSCYng">7649.94666666667</dst>
            <dst id="LOSAng">0</dst>
            <dst id="NYCMng">23516.16</dst>
            <dst id="SNVAng">0</dst>
            <dst id="STTLng">165.856</dst>
            <dst id="WASHng">92565.872</dst>
        </src>
        <src id="CHINng">
            <dst id="ATLA-M5">0</dst>
            <dst id="ATLAng">20662.9466666667</dst>
            <dst id="CHINng">148894.773333333</dst>
            <dst id="DNVRng">19973.864</dst>
            <dst id="HSTNng">106343.016</dst>
            <dst id="IPLSng">47882.8266666667</dst>
            <dst id="KSCYng">12378.9413333333</dst>
            <dst id="LOSAng">1082.38666666667</dst>
            <dst id="NYCMng">27075.9333333333</dst>
            <dst id="SNVAng">0</dst>
            <dst id="STTLng">3721.18133333333</dst>
            <dst id="WASHng">29894.3893333333</dst>
        </src>
        <src id="DNVRng">
            <dst id="ATLA-M5">0</dst>
            <dst id="ATLAng">6850.30133333333</dst>
            <dst id="CHINng">78743.0426666667</dst>
            <dst id="DNVRng">10970.2986666667</dst>
            <dst id="HSTNng">53369.2666666667</dst>
            <dst id="IPLSng">30930.6</dst>
            <dst id="KSCYng">19747.1546666667</dst>
            <dst id="LOSAng">71.5493333333333</dst>
            <dst id="NYCMng">27190.4373333333</dst>
            <dst id="SNVAng">11981.9626666667</dst>
            <dst id="STTLng">0</dst>
            <dst id="WASHng">36429.008</dst>
        </src>
        <src id="HSTNng">
            <dst id="ATLA-M5">0</dst>
            <dst id="ATLAng">20161.2746666667</dst>
            <dst id="CHINng">2998.96</dst>
            <dst id="DNVRng">0</dst>
            <dst id="HSTNng">175986.162666667</dst>
            <dst id="IPLSng">132.658666666667</dst>
            <dst id="KSCYng">0</dst>
            <dst id="LOSAng">0</dst>
            <dst id="NYCMng">6962.26133333333</dst>
            <dst id="SNVAng">0</dst>
            <dst id="STTLng">28.512</dst>
            <dst id="WASHng">89683.48</dst>
        </src>
        <src id="IPLSng">
            <dst id="ATLA-M5">0</dst>
            <dst id="ATLAng">15111.4453333333</dst>
            <dst id="CHINng">158426.269333333</dst>
            <dst id="DNVRng">10101.6</dst>
            <dst id="HSTNng">113602.597333333</dst>
            <dst id="IPLSng">26810.512</dst>
            <dst id="KSCYng">22812.4293333333</dst>
            <dst id="LOSAng">26.6666666666667</dst>
            <dst id="NYCMng">38852.7173333333</dst>
            <dst id="SNVAng">116.104</dst>
            <dst id="STTLng">259.205333333333</dst>
            <dst id="WASHng">28244.9866666667</dst>
        </src>
        <src id="KSCYng">
            <dst id="ATLA-M5">0</dst>
            <dst id="ATLAng">4174.344</dst>
            <dst id="CHINng">38318.5306666667</dst>
            <dst id="DNVRng">7696.48</dst>
            <dst id="HSTNng">22710.984</dst>
            <dst id="IPLSng">14447.408</dst>
            <dst id="KSCYng">4850.67466666667</dst>
            <dst id="LOSAng">0</dst>
            <dst id="NYCMng">12453.8933333333</dst>
            <dst id="SNVAng">26.6666666666667</dst>
            <dst id="STTLng">146.149333333333</dst>
            <dst id="WASHng">11609.2826666667</dst>
        </src>
        <src id="LOSAng">
            <dst id="ATLA-M5">0</dst>
            <dst id="ATLAng">13079.5546666667</dst>
            <dst id="CHINng">26408.7786666667</dst>
            <dst id="DNVRng">6969.93866666667</dst>
            <dst id="HSTNng">164964.893333333</dst>
            <dst id="IPLSng">253.317333333333</dst>
            <dst id="KSCYng">254.669333333333</dst>
            <dst id="LOSAng">36040.0213333333</dst>
            <dst id="NYCMng">51229.0693333333</dst>
            <dst id="SNVAng">8029.12</dst>
            <dst id="STTLng">33807.8026666667</dst>
            <dst id="WASHng">81163.2346666667</dst>
        </src>
        <src id="NYCMng">
            <dst id="ATLA-M5">0</dst>
            <dst id="ATLAng">29102.6213333333</dst>
            <dst id="CHINng">73913.5173333334</dst>
            <dst id="DNVRng">37959.88</dst>
            <dst id="HSTNng">122904.189333333</dst>
            <dst id="IPLSng">51491.2853333333</dst>
            <dst id="KSCYng">18364.4933333333</dst>
            <dst id="LOSAng">211.709333333333</dst>
            <dst id="NYCMng">238504.037333333</dst>
            <dst id="SNVAng">80</dst>
            <dst id="STTLng">9339.06133333333</dst>
            <dst id="WASHng">94465.424</dst>
        </src>
        <src id="SNVAng">
            <dst id="ATLA-M5">0</dst>
            <dst id="ATLAng">305.664</dst>
            <dst id="CHINng">629.530666666667</dst>
            <dst id="DNVRng">8116.68</dst>
            <dst id="HSTNng">5997.48266666667</dst>
            <dst id="IPLSng">0</dst>
            <dst id="KSCYng">261.64</dst>
            <dst id="LOSAng">33366.912</dst>
            <dst id="NYCMng">3942.42666666667</dst>
            <dst id="SNVAng">13273.184</dst>
            <dst id="STTLng">50576.08</dst>
            <dst id="WASHng">501.938666666667</dst>
        </src>
        <src id="STTLng">
            <dst id="ATLA-M5">0</dst>
            <dst id="ATLAng">8749.49066666667</dst>
            <dst id="CHINng">24518.3893333333</dst>
            <dst id="DNVRng">4231.17866666667</dst>
            <dst id="HSTNng">43697.672</dst>
            <dst id="IPLSng">333.205333333333</dst>
            <dst id="KSCYng">2544.224</dst>
            <dst id="LOSAng">21062.016</dst>
            <dst id="NYCMng">16856.7866666667</dst>
            <dst id="SNVAng">5470.04533333333</dst>
            <dst id="STTLng">5783.11466666667</dst>
            <dst id="WASHng">26354.312</dst>
        </src>
        <src id="WASHng">
            <dst id="ATLA-M5">0</dst>
            <dst id="ATLAng">142170.858666667</dst>
            <dst id="CHINng">89778.9973333333</dst>
            <dst id="DNVRng">3515.63466666667</dst>
            <dst id="HSTNng">301070.8</dst>
            <dst id="IPLSng">66631.1733333333</dst>
            <dst id="KSCYng">19021.6186666667</dst>
            <dst id="LOSAng">386.082666666667</dst>
            <dst id="NYCMng">151093.928</dst>
            <dst id="SNVAng">147.485333333333</dst>
            <dst id="STTLng">5070.12533333333</dst>
            <dst id="WASHng">433647.52</dst>
        </src>
    </IntraTM>
</TrafficMatrixFile>
