<?xml version="1.0" encoding="ISO-8859-1" standalone="yes"?>
<TrafficMatrixFile xsi:noNamespaceSchemaLocation="http://totem.run.montefiore.ulg.ac.be/Schema/TrafficMatrix-v1_2.xsd" xmlns:xsi="http://www.w3.org/2001/XMLSchema-instance">
    <IntraTM ASID="11537">
        <src id="ATLA-M5">
            <dst id="ATLA-M5">799.28</dst>
            <dst id="ATLAng">1910.16</dst>
            <dst id="CHINng">1079.608</dst>
            <dst id="DNVRng">0</dst>
            <dst id="HSTNng">1118.648</dst>
            <dst id="IPLSng">801.082666666667</dst>
            <dst id="KSCYng">439.568</dst>
            <dst id="LOSAng">0</dst>
            <dst id="NYCMng">1181.86933333333</dst>
            <dst id="SNVAng">0</dst>
            <dst id="STTLng">33.608</dst>
            <dst id="WASHng">2177.65866666667</dst>
        </src>
        <src id="ATLAng">
            <dst id="ATLA-M5">0</dst>
            <dst id="ATLAng">29578.088</dst>
            <dst id="CHINng">47771.1546666667</dst>
            <dst id="DNVRng">148.418666666667</dst>
            <dst id="HSTNng">58921.5546666667</dst>
            <dst id="IPLSng">52077.64</dst>
            <dst id="KSCYng">6201.544</dst>
            <dst id="LOSAng">126.829333333333</dst>
            <dst id="NYCMng">20739.1786666667</dst>
            <dst id="SNVAng">563.602666666667</dst>
            <dst id="STTLng">5210.89066666667</dst>
            <dst id="WASHng">65488.2586666667</dst>
        </src>
        <src id="CHINng">
            <dst id="ATLA-M5">0</dst>
            <dst id="ATLAng">44149.9866666667</dst>
            <dst id="CHINng">119492.562666667</dst>
            <dst id="DNVRng">31009.5546666667</dst>
            <dst id="HSTNng">135637.010666667</dst>
            <dst id="IPLSng">62348.5493333333</dst>
            <dst id="KSCYng">21189.616</dst>
            <dst id="LOSAng">38.6986666666667</dst>
            <dst id="NYCMng">38451.5253333333</dst>
            <dst id="SNVAng">1347.056</dst>
            <dst id="STTLng">855.152</dst>
            <dst id="WASHng">55405.8613333333</dst>
        </src>
        <src id="DNVRng">
            <dst id="ATLA-M5">0</dst>
            <dst id="ATLAng">25325.1573333333</dst>
            <dst id="CHINng">62319.024</dst>
            <dst id="DNVRng">11323.2133333333</dst>
            <dst id="HSTNng">51718.288</dst>
            <dst id="IPLSng">35257.4533333333</dst>
            <dst id="KSCYng">17271.0906666667</dst>
            <dst id="LOSAng">26.6666666666667</dst>
            <dst id="NYCMng">32336.36</dst>
            <dst id="SNVAng">15419.5173333333</dst>
            <dst id="STTLng">465.469333333333</dst>
            <dst id="WASHng">58682.5386666667</dst>
        </src>
        <src id="HSTNng">
            <dst id="ATLA-M5">0</dst>
            <dst id="ATLAng">53028.6986666667</dst>
            <dst id="CHINng">4583.12533333333</dst>
            <dst id="DNVRng">26.6666666666667</dst>
            <dst id="HSTNng">187117.218666667</dst>
            <dst id="IPLSng">80.512</dst>
            <dst id="KSCYng">169.757333333333</dst>
            <dst id="LOSAng">26.6666666666667</dst>
            <dst id="NYCMng">11188.2906666667</dst>
            <dst id="SNVAng">111.432</dst>
            <dst id="STTLng">53.3333333333333</dst>
            <dst id="WASHng">149312.384</dst>
        </src>
        <src id="IPLSng">
            <dst id="ATLA-M5">0</dst>
            <dst id="ATLAng">49473.6693333333</dst>
            <dst id="CHINng">139596.061333333</dst>
            <dst id="DNVRng">24815.9226666667</dst>
            <dst id="HSTNng">122071.170666667</dst>
            <dst id="IPLSng">81621.2773333333</dst>
            <dst id="KSCYng">28653.152</dst>
            <dst id="LOSAng">26.6666666666667</dst>
            <dst id="NYCMng">54268.752</dst>
            <dst id="SNVAng">5179.18933333333</dst>
            <dst id="STTLng">186.666666666667</dst>
            <dst id="WASHng">48937.1173333333</dst>
        </src>
        <src id="KSCYng">
            <dst id="ATLA-M5">0</dst>
            <dst id="ATLAng">6278.41866666667</dst>
            <dst id="CHINng">35463.4213333333</dst>
            <dst id="DNVRng">39522.904</dst>
            <dst id="HSTNng">18653.3626666667</dst>
            <dst id="IPLSng">34348.4506666667</dst>
            <dst id="KSCYng">11427.6106666667</dst>
            <dst id="LOSAng">26.6666666666667</dst>
            <dst id="NYCMng">11920.8906666667</dst>
            <dst id="SNVAng">0</dst>
            <dst id="STTLng">142.32</dst>
            <dst id="WASHng">16136.56</dst>
        </src>
        <src id="LOSAng">
            <dst id="ATLA-M5">0</dst>
            <dst id="ATLAng">43640.872</dst>
            <dst id="CHINng">14040.1253333333</dst>
            <dst id="DNVRng">39019.0293333333</dst>
            <dst id="HSTNng">170283.365333333</dst>
            <dst id="IPLSng">2239.73333333333</dst>
            <dst id="KSCYng">2965</dst>
            <dst id="LOSAng">19408.8106666667</dst>
            <dst id="NYCMng">77968.8133333333</dst>
            <dst id="SNVAng">14366.3066666667</dst>
            <dst id="STTLng">29064.896</dst>
            <dst id="WASHng">132484.621333333</dst>
        </src>
        <src id="NYCMng">
            <dst id="ATLA-M5">0</dst>
            <dst id="ATLAng">71000.2906666667</dst>
            <dst id="CHINng">101375.650666667</dst>
            <dst id="DNVRng">55113.216</dst>
            <dst id="HSTNng">168590.370666667</dst>
            <dst id="IPLSng">99916.4613333333</dst>
            <dst id="KSCYng">31852.2533333333</dst>
            <dst id="LOSAng">107.466666666667</dst>
            <dst id="NYCMng">271830.186666667</dst>
            <dst id="SNVAng">867.192</dst>
            <dst id="STTLng">1653.792</dst>
            <dst id="WASHng">252361.464</dst>
        </src>
        <src id="SNVAng">
            <dst id="ATLA-M5">0</dst>
            <dst id="ATLAng">1631.21333333333</dst>
            <dst id="CHINng">2342.432</dst>
            <dst id="DNVRng">11272.1093333333</dst>
            <dst id="HSTNng">17760.5733333333</dst>
            <dst id="IPLSng">268.114666666667</dst>
            <dst id="KSCYng">3876.13866666667</dst>
            <dst id="LOSAng">35329.4426666667</dst>
            <dst id="NYCMng">16530.448</dst>
            <dst id="SNVAng">20254.1706666667</dst>
            <dst id="STTLng">57785.8773333333</dst>
            <dst id="WASHng">3186.94133333333</dst>
        </src>
        <src id="STTLng">
            <dst id="ATLA-M5">0</dst>
            <dst id="ATLAng">15785.2986666667</dst>
            <dst id="CHINng">23735.848</dst>
            <dst id="DNVRng">12353.944</dst>
            <dst id="HSTNng">64277.9253333333</dst>
            <dst id="IPLSng">448.981333333333</dst>
            <dst id="KSCYng">10053.2453333333</dst>
            <dst id="LOSAng">29738.096</dst>
            <dst id="NYCMng">20707.6853333333</dst>
            <dst id="SNVAng">13677.064</dst>
            <dst id="STTLng">3291.98133333333</dst>
            <dst id="WASHng">42955.192</dst>
        </src>
        <src id="WASHng">
            <dst id="ATLA-M5">0</dst>
            <dst id="ATLAng">146094.488</dst>
            <dst id="CHINng">110024.293333333</dst>
            <dst id="DNVRng">2621.55733333333</dst>
            <dst id="HSTNng">375186.72</dst>
            <dst id="IPLSng">95113.952</dst>
            <dst id="KSCYng">29680.6666666667</dst>
            <dst id="LOSAng">316.349333333333</dst>
            <dst id="NYCMng">211804.248</dst>
            <dst id="SNVAng">672.677333333333</dst>
            <dst id="STTLng">3594.46933333333</dst>
            <dst id="WASHng">351203.866666667</dst>
        </src>
    </IntraTM>
</TrafficMatrixFile>
