<?xml version="1.0" encoding="ISO-8859-1" standalone="yes"?>
<TrafficMatrixFile xsi:noNamespaceSchemaLocation="http://totem.run.montefiore.ulg.ac.be/Schema/TrafficMatrix-v1_2.xsd" xmlns:xsi="http://www.w3.org/2001/XMLSchema-instance">
    <IntraTM ASID="11537">
        <src id="ATLA-M5">
            <dst id="ATLA-M5">245.904</dst>
            <dst id="ATLAng">532.194666666667</dst>
            <dst id="CHINng">510.130666666667</dst>
            <dst id="DNVRng">26.6666666666667</dst>
            <dst id="HSTNng">799.605333333333</dst>
            <dst id="IPLSng">611.810666666667</dst>
            <dst id="KSCYng">152.277333333333</dst>
            <dst id="LOSAng">0</dst>
            <dst id="NYCMng">684.165333333333</dst>
            <dst id="SNVAng">53.3333333333333</dst>
            <dst id="STTLng">53.3333333333333</dst>
            <dst id="WASHng">2681.26133333333</dst>
        </src>
        <src id="ATLAng">
            <dst id="ATLA-M5">0</dst>
            <dst id="ATLAng">37728.264</dst>
            <dst id="CHINng">43587.816</dst>
            <dst id="DNVRng">53.3333333333333</dst>
            <dst id="HSTNng">47412.976</dst>
            <dst id="IPLSng">30616.4346666667</dst>
            <dst id="KSCYng">8463.35466666667</dst>
            <dst id="LOSAng">34.08</dst>
            <dst id="NYCMng">14959.552</dst>
            <dst id="SNVAng">405.669333333333</dst>
            <dst id="STTLng">285.826666666667</dst>
            <dst id="WASHng">93462.928</dst>
        </src>
        <src id="CHINng">
            <dst id="ATLA-M5">0</dst>
            <dst id="ATLAng">49810.232</dst>
            <dst id="CHINng">128807.008</dst>
            <dst id="DNVRng">22854.5893333333</dst>
            <dst id="HSTNng">81840.8453333333</dst>
            <dst id="IPLSng">71597.704</dst>
            <dst id="KSCYng">25221.712</dst>
            <dst id="LOSAng">0</dst>
            <dst id="NYCMng">37485.2533333333</dst>
            <dst id="SNVAng">380.112</dst>
            <dst id="STTLng">631.64</dst>
            <dst id="WASHng">54123.328</dst>
        </src>
        <src id="DNVRng">
            <dst id="ATLA-M5">0</dst>
            <dst id="ATLAng">14628.856</dst>
            <dst id="CHINng">61208.992</dst>
            <dst id="DNVRng">13711.1413333333</dst>
            <dst id="HSTNng">47446.8453333333</dst>
            <dst id="IPLSng">34747.008</dst>
            <dst id="KSCYng">20312.824</dst>
            <dst id="LOSAng">26.6666666666667</dst>
            <dst id="NYCMng">20044.4933333333</dst>
            <dst id="SNVAng">12034.392</dst>
            <dst id="STTLng">152.138666666667</dst>
            <dst id="WASHng">55497.9066666667</dst>
        </src>
        <src id="HSTNng">
            <dst id="ATLA-M5">0</dst>
            <dst id="ATLAng">36002.448</dst>
            <dst id="CHINng">3172.93066666667</dst>
            <dst id="DNVRng">64.816</dst>
            <dst id="HSTNng">165690.016</dst>
            <dst id="IPLSng">76</dst>
            <dst id="KSCYng">53.3333333333333</dst>
            <dst id="LOSAng">0</dst>
            <dst id="NYCMng">10749.3893333333</dst>
            <dst id="SNVAng">26.6666666666667</dst>
            <dst id="STTLng">371.437333333333</dst>
            <dst id="WASHng">124858.344</dst>
        </src>
        <src id="IPLSng">
            <dst id="ATLA-M5">0</dst>
            <dst id="ATLAng">31513.928</dst>
            <dst id="CHINng">182557.445333333</dst>
            <dst id="DNVRng">15691.9173333333</dst>
            <dst id="HSTNng">81679.496</dst>
            <dst id="IPLSng">78340.2826666667</dst>
            <dst id="KSCYng">38148.688</dst>
            <dst id="LOSAng">26.6666666666667</dst>
            <dst id="NYCMng">48854.632</dst>
            <dst id="SNVAng">2101.664</dst>
            <dst id="STTLng">480.285333333333</dst>
            <dst id="WASHng">46518.0053333333</dst>
        </src>
        <src id="KSCYng">
            <dst id="ATLA-M5">0</dst>
            <dst id="ATLAng">7762.408</dst>
            <dst id="CHINng">45681.072</dst>
            <dst id="DNVRng">13932.1946666667</dst>
            <dst id="HSTNng">13728.0053333333</dst>
            <dst id="IPLSng">29095.512</dst>
            <dst id="KSCYng">9871.23466666667</dst>
            <dst id="LOSAng">0</dst>
            <dst id="NYCMng">15741.2693333333</dst>
            <dst id="SNVAng">133.056</dst>
            <dst id="STTLng">108</dst>
            <dst id="WASHng">13631.752</dst>
        </src>
        <src id="LOSAng">
            <dst id="ATLA-M5">0</dst>
            <dst id="ATLAng">29347.6346666667</dst>
            <dst id="CHINng">9608.088</dst>
            <dst id="DNVRng">16257.864</dst>
            <dst id="HSTNng">214424.586666667</dst>
            <dst id="IPLSng">2876.66933333333</dst>
            <dst id="KSCYng">1142.42666666667</dst>
            <dst id="LOSAng">25823.232</dst>
            <dst id="NYCMng">54472.7706666667</dst>
            <dst id="SNVAng">13205.4373333333</dst>
            <dst id="STTLng">21828.2906666667</dst>
            <dst id="WASHng">110000.704</dst>
        </src>
        <src id="NYCMng">
            <dst id="ATLA-M5">0</dst>
            <dst id="ATLAng">62895.4026666667</dst>
            <dst id="CHINng">83732</dst>
            <dst id="DNVRng">38506.76</dst>
            <dst id="HSTNng">126717.765333333</dst>
            <dst id="IPLSng">102282.304</dst>
            <dst id="KSCYng">29261.3093333333</dst>
            <dst id="LOSAng">249.829333333333</dst>
            <dst id="NYCMng">272225.36</dst>
            <dst id="SNVAng">1891.872</dst>
            <dst id="STTLng">1611.432</dst>
            <dst id="WASHng">167120.992</dst>
        </src>
        <src id="SNVAng">
            <dst id="ATLA-M5">0</dst>
            <dst id="ATLAng">1597.99466666667</dst>
            <dst id="CHINng">826.925333333333</dst>
            <dst id="DNVRng">10587.7946666667</dst>
            <dst id="HSTNng">7526.496</dst>
            <dst id="IPLSng">62.6666666666667</dst>
            <dst id="KSCYng">1463.49066666667</dst>
            <dst id="LOSAng">37176.6373333333</dst>
            <dst id="NYCMng">13391.5573333333</dst>
            <dst id="SNVAng">19456.496</dst>
            <dst id="STTLng">53236.4533333333</dst>
            <dst id="WASHng">1265.19466666667</dst>
        </src>
        <src id="STTLng">
            <dst id="ATLA-M5">0</dst>
            <dst id="ATLAng">20310.6933333333</dst>
            <dst id="CHINng">23689.824</dst>
            <dst id="DNVRng">9779.696</dst>
            <dst id="HSTNng">61116.1226666667</dst>
            <dst id="IPLSng">816.832</dst>
            <dst id="KSCYng">7145.70933333333</dst>
            <dst id="LOSAng">22540.768</dst>
            <dst id="NYCMng">13160.672</dst>
            <dst id="SNVAng">8911.82933333333</dst>
            <dst id="STTLng">3511.53066666667</dst>
            <dst id="WASHng">40960.2266666667</dst>
        </src>
        <src id="WASHng">
            <dst id="ATLA-M5">0</dst>
            <dst id="ATLAng">193646.858666667</dst>
            <dst id="CHINng">125547.488</dst>
            <dst id="DNVRng">3928.92533333333</dst>
            <dst id="HSTNng">338956.08</dst>
            <dst id="IPLSng">104035.578666667</dst>
            <dst id="KSCYng">33551.9813333333</dst>
            <dst id="LOSAng">213.333333333333</dst>
            <dst id="NYCMng">167391.08</dst>
            <dst id="SNVAng">1012.54666666667</dst>
            <dst id="STTLng">5661.424</dst>
            <dst id="WASHng">422762.666666667</dst>
        </src>
    </IntraTM>
</TrafficMatrixFile>
