<?xml version="1.0" encoding="ISO-8859-1" standalone="yes"?>
<TrafficMatrixFile xsi:noNamespaceSchemaLocation="http://totem.run.montefiore.ulg.ac.be/Schema/TrafficMatrix-v1_2.xsd" xmlns:xsi="http://www.w3.org/2001/XMLSchema-instance">
    <IntraTM ASID="11537">
        <src id="ATLA-M5">
            <dst id="ATLA-M5">822.432</dst>
            <dst id="ATLAng">937.933333333333</dst>
            <dst id="CHINng">353.437333333333</dst>
            <dst id="DNVRng">0</dst>
            <dst id="HSTNng">191.952</dst>
            <dst id="IPLSng">114.912</dst>
            <dst id="KSCYng">0</dst>
            <dst id="LOSAng">0</dst>
            <dst id="NYCMng">857.458666666667</dst>
            <dst id="SNVAng">0</dst>
            <dst id="STTLng">0</dst>
            <dst id="WASHng">1766.448</dst>
        </src>
        <src id="ATLAng">
            <dst id="ATLA-M5">0</dst>
            <dst id="ATLAng">32450.2266666667</dst>
            <dst id="CHINng">20080.384</dst>
            <dst id="DNVRng">0</dst>
            <dst id="HSTNng">23984.264</dst>
            <dst id="IPLSng">30458.9093333333</dst>
            <dst id="KSCYng">26.6666666666667</dst>
            <dst id="LOSAng">26.6666666666667</dst>
            <dst id="NYCMng">39142.2533333333</dst>
            <dst id="SNVAng">84.3093333333333</dst>
            <dst id="STTLng">0</dst>
            <dst id="WASHng">44365.2586666667</dst>
        </src>
        <src id="CHINng">
            <dst id="ATLA-M5">0</dst>
            <dst id="ATLAng">27991.1546666667</dst>
            <dst id="CHINng">38240.8906666667</dst>
            <dst id="DNVRng">0</dst>
            <dst id="HSTNng">12674.3893333333</dst>
            <dst id="IPLSng">38579.696</dst>
            <dst id="KSCYng">53.3333333333333</dst>
            <dst id="LOSAng">0</dst>
            <dst id="NYCMng">142602.130666667</dst>
            <dst id="SNVAng">0</dst>
            <dst id="STTLng">2014.66666666667</dst>
            <dst id="WASHng">32946.32</dst>
        </src>
        <src id="DNVRng">
            <dst id="ATLA-M5">0</dst>
            <dst id="ATLAng">5409.17066666667</dst>
            <dst id="CHINng">31475.896</dst>
            <dst id="DNVRng">12066.4506666667</dst>
            <dst id="HSTNng">43822.1893333333</dst>
            <dst id="IPLSng">23319.2773333333</dst>
            <dst id="KSCYng">18909.1466666667</dst>
            <dst id="LOSAng">26.6666666666667</dst>
            <dst id="NYCMng">37317.5013333333</dst>
            <dst id="SNVAng">13991.0026666667</dst>
            <dst id="STTLng">6401.55733333333</dst>
            <dst id="WASHng">49892.144</dst>
        </src>
        <src id="HSTNng">
            <dst id="ATLA-M5">0</dst>
            <dst id="ATLAng">29510.7226666667</dst>
            <dst id="CHINng">1167.06666666667</dst>
            <dst id="DNVRng">0</dst>
            <dst id="HSTNng">110290.941333333</dst>
            <dst id="IPLSng">53.3333333333333</dst>
            <dst id="KSCYng">0</dst>
            <dst id="LOSAng">60.7093333333333</dst>
            <dst id="NYCMng">5838.21066666667</dst>
            <dst id="SNVAng">53.3333333333333</dst>
            <dst id="STTLng">0</dst>
            <dst id="WASHng">84828.9386666667</dst>
        </src>
        <src id="IPLSng">
            <dst id="ATLA-M5">0</dst>
            <dst id="ATLAng">20367.3306666667</dst>
            <dst id="CHINng">75137.376</dst>
            <dst id="DNVRng">0</dst>
            <dst id="HSTNng">11439.8106666667</dst>
            <dst id="IPLSng">38431.7066666667</dst>
            <dst id="KSCYng">20050.7866666667</dst>
            <dst id="LOSAng">26.6666666666667</dst>
            <dst id="NYCMng">126495.792</dst>
            <dst id="SNVAng">53.3333333333333</dst>
            <dst id="STTLng">26.6666666666667</dst>
            <dst id="WASHng">39081.0533333333</dst>
        </src>
        <src id="KSCYng">
            <dst id="ATLA-M5">0</dst>
            <dst id="ATLAng">6399.65066666667</dst>
            <dst id="CHINng">16445.0666666667</dst>
            <dst id="DNVRng">7943.52</dst>
            <dst id="HSTNng">10275.4026666667</dst>
            <dst id="IPLSng">25447.6933333333</dst>
            <dst id="KSCYng">7840.75466666667</dst>
            <dst id="LOSAng">0</dst>
            <dst id="NYCMng">16221.1146666667</dst>
            <dst id="SNVAng">81.1093333333333</dst>
            <dst id="STTLng">26.6666666666667</dst>
            <dst id="WASHng">9249.76533333333</dst>
        </src>
        <src id="LOSAng">
            <dst id="ATLA-M5">0</dst>
            <dst id="ATLAng">25603.6693333333</dst>
            <dst id="CHINng">3729.57866666667</dst>
            <dst id="DNVRng">25909.7973333333</dst>
            <dst id="HSTNng">91977.5546666666</dst>
            <dst id="IPLSng">799.874666666666</dst>
            <dst id="KSCYng">209.568</dst>
            <dst id="LOSAng">14956.2266666667</dst>
            <dst id="NYCMng">75778.2666666667</dst>
            <dst id="SNVAng">7588.72533333333</dst>
            <dst id="STTLng">18134.9253333333</dst>
            <dst id="WASHng">71085.1653333333</dst>
        </src>
        <src id="NYCMng">
            <dst id="ATLA-M5">0</dst>
            <dst id="ATLAng">32624.8053333333</dst>
            <dst id="CHINng">1208.96533333333</dst>
            <dst id="DNVRng">0</dst>
            <dst id="HSTNng">21557.584</dst>
            <dst id="IPLSng">0</dst>
            <dst id="KSCYng">169.056</dst>
            <dst id="LOSAng">53.3333333333333</dst>
            <dst id="NYCMng">422650.933333333</dst>
            <dst id="SNVAng">84.856</dst>
            <dst id="STTLng">617.416</dst>
            <dst id="WASHng">108260.106666667</dst>
        </src>
        <src id="SNVAng">
            <dst id="ATLA-M5">0</dst>
            <dst id="ATLAng">1815.73333333333</dst>
            <dst id="CHINng">80</dst>
            <dst id="DNVRng">5744.94133333333</dst>
            <dst id="HSTNng">3772.10133333333</dst>
            <dst id="IPLSng">0</dst>
            <dst id="KSCYng">175.874666666667</dst>
            <dst id="LOSAng">34231.424</dst>
            <dst id="NYCMng">31977.4</dst>
            <dst id="SNVAng">14221.3706666667</dst>
            <dst id="STTLng">49483.9306666667</dst>
            <dst id="WASHng">579.413333333333</dst>
        </src>
        <src id="STTLng">
            <dst id="ATLA-M5">0</dst>
            <dst id="ATLAng">10528.9626666667</dst>
            <dst id="CHINng">3372.65333333333</dst>
            <dst id="DNVRng">4942.10133333333</dst>
            <dst id="HSTNng">21761.7946666667</dst>
            <dst id="IPLSng">201.672</dst>
            <dst id="KSCYng">4601.30133333333</dst>
            <dst id="LOSAng">14296.8133333333</dst>
            <dst id="NYCMng">57008.0773333333</dst>
            <dst id="SNVAng">5866.128</dst>
            <dst id="STTLng">5897.608</dst>
            <dst id="WASHng">33121.1653333333</dst>
        </src>
        <src id="WASHng">
            <dst id="ATLA-M5">0</dst>
            <dst id="ATLAng">101327.826666667</dst>
            <dst id="CHINng">1022.49066666667</dst>
            <dst id="DNVRng">0</dst>
            <dst id="HSTNng">87004.064</dst>
            <dst id="IPLSng">249.746666666667</dst>
            <dst id="KSCYng">315.096</dst>
            <dst id="LOSAng">53.3333333333333</dst>
            <dst id="NYCMng">551952.373333333</dst>
            <dst id="SNVAng">120.053333333333</dst>
            <dst id="STTLng">764.16</dst>
            <dst id="WASHng">287640.16</dst>
        </src>
    </IntraTM>
</TrafficMatrixFile>
