<?xml version="1.0" encoding="ISO-8859-1" standalone="yes"?>
<TrafficMatrixFile xsi:noNamespaceSchemaLocation="http://totem.run.montefiore.ulg.ac.be/Schema/TrafficMatrix-v1_2.xsd" xmlns:xsi="http://www.w3.org/2001/XMLSchema-instance">
    <IntraTM ASID="11537">
        <src id="ATLA-M5">
            <dst id="ATLA-M5">0</dst>
            <dst id="ATLAng">118.408</dst>
            <dst id="CHINng">238.074666666667</dst>
            <dst id="DNVRng">26.6666666666667</dst>
            <dst id="HSTNng">740.954666666667</dst>
            <dst id="IPLSng">98.792</dst>
            <dst id="KSCYng">66.6666666666667</dst>
            <dst id="LOSAng">0</dst>
            <dst id="NYCMng">331.442666666667</dst>
            <dst id="SNVAng">0</dst>
            <dst id="STTLng">28.9813333333333</dst>
            <dst id="WASHng">1011.17333333333</dst>
        </src>
        <src id="ATLAng">
            <dst id="ATLA-M5">0</dst>
            <dst id="ATLAng">24824.7226666667</dst>
            <dst id="CHINng">18058.384</dst>
            <dst id="DNVRng">0</dst>
            <dst id="HSTNng">40251.9013333333</dst>
            <dst id="IPLSng">24957.4533333333</dst>
            <dst id="KSCYng">2610.55466666667</dst>
            <dst id="LOSAng">0</dst>
            <dst id="NYCMng">23894.9013333333</dst>
            <dst id="SNVAng">59.2853333333333</dst>
            <dst id="STTLng">1256.04266666667</dst>
            <dst id="WASHng">68632.312</dst>
        </src>
        <src id="CHINng">
            <dst id="ATLA-M5">0</dst>
            <dst id="ATLAng">24578.3173333333</dst>
            <dst id="CHINng">144660.197333333</dst>
            <dst id="DNVRng">12191.5306666667</dst>
            <dst id="HSTNng">82731.672</dst>
            <dst id="IPLSng">49981.0373333333</dst>
            <dst id="KSCYng">14987.6853333333</dst>
            <dst id="LOSAng">402.944</dst>
            <dst id="NYCMng">29531.24</dst>
            <dst id="SNVAng">0</dst>
            <dst id="STTLng">364.162666666667</dst>
            <dst id="WASHng">38295.68</dst>
        </src>
        <src id="DNVRng">
            <dst id="ATLA-M5">0</dst>
            <dst id="ATLAng">10392.9173333333</dst>
            <dst id="CHINng">62298.744</dst>
            <dst id="DNVRng">3513.584</dst>
            <dst id="HSTNng">31306.696</dst>
            <dst id="IPLSng">26177.3866666667</dst>
            <dst id="KSCYng">10701.0266666667</dst>
            <dst id="LOSAng">0</dst>
            <dst id="NYCMng">20056.88</dst>
            <dst id="SNVAng">8723.34133333334</dst>
            <dst id="STTLng">53.3333333333333</dst>
            <dst id="WASHng">37589.6906666667</dst>
        </src>
        <src id="HSTNng">
            <dst id="ATLA-M5">0</dst>
            <dst id="ATLAng">32165.968</dst>
            <dst id="CHINng">2875.12266666667</dst>
            <dst id="DNVRng">0</dst>
            <dst id="HSTNng">122926.765333333</dst>
            <dst id="IPLSng">0</dst>
            <dst id="KSCYng">0</dst>
            <dst id="LOSAng">0</dst>
            <dst id="NYCMng">7819.92533333333</dst>
            <dst id="SNVAng">50.4506666666667</dst>
            <dst id="STTLng">167.093333333333</dst>
            <dst id="WASHng">111166.304</dst>
        </src>
        <src id="IPLSng">
            <dst id="ATLA-M5">0</dst>
            <dst id="ATLAng">11041.5173333333</dst>
            <dst id="CHINng">143395.557333333</dst>
            <dst id="DNVRng">13106.4986666667</dst>
            <dst id="HSTNng">111155.712</dst>
            <dst id="IPLSng">26402.1093333333</dst>
            <dst id="KSCYng">17423.3946666667</dst>
            <dst id="LOSAng">0</dst>
            <dst id="NYCMng">31731.2</dst>
            <dst id="SNVAng">296.616</dst>
            <dst id="STTLng">368.917333333333</dst>
            <dst id="WASHng">34801.0693333333</dst>
        </src>
        <src id="KSCYng">
            <dst id="ATLA-M5">0</dst>
            <dst id="ATLAng">6769.16533333333</dst>
            <dst id="CHINng">37848.6293333333</dst>
            <dst id="DNVRng">7147.36266666667</dst>
            <dst id="HSTNng">15111.6506666667</dst>
            <dst id="IPLSng">11191.2746666667</dst>
            <dst id="KSCYng">7322.01866666667</dst>
            <dst id="LOSAng">0</dst>
            <dst id="NYCMng">10698.104</dst>
            <dst id="SNVAng">0</dst>
            <dst id="STTLng">0</dst>
            <dst id="WASHng">11884.7013333333</dst>
        </src>
        <src id="LOSAng">
            <dst id="ATLA-M5">0</dst>
            <dst id="ATLAng">25520.7013333333</dst>
            <dst id="CHINng">12375.5146666667</dst>
            <dst id="DNVRng">7154.45066666667</dst>
            <dst id="HSTNng">169428.928</dst>
            <dst id="IPLSng">1408.63733333333</dst>
            <dst id="KSCYng">197.928</dst>
            <dst id="LOSAng">22296.2133333333</dst>
            <dst id="NYCMng">55254.896</dst>
            <dst id="SNVAng">22225.44</dst>
            <dst id="STTLng">19693.0266666667</dst>
            <dst id="WASHng">105097.592</dst>
        </src>
        <src id="NYCMng">
            <dst id="ATLA-M5">0</dst>
            <dst id="ATLAng">49396.0986666667</dst>
            <dst id="CHINng">61912.4293333333</dst>
            <dst id="DNVRng">40943.048</dst>
            <dst id="HSTNng">98413.8506666667</dst>
            <dst id="IPLSng">68711.8906666666</dst>
            <dst id="KSCYng">15625.4826666667</dst>
            <dst id="LOSAng">54.6666666666667</dst>
            <dst id="NYCMng">243837.826666667</dst>
            <dst id="SNVAng">59.016</dst>
            <dst id="STTLng">3034.21333333333</dst>
            <dst id="WASHng">81015.984</dst>
        </src>
        <src id="SNVAng">
            <dst id="ATLA-M5">0</dst>
            <dst id="ATLAng">146.378666666667</dst>
            <dst id="CHINng">277.312</dst>
            <dst id="DNVRng">6508.57333333333</dst>
            <dst id="HSTNng">3514.216</dst>
            <dst id="IPLSng">0</dst>
            <dst id="KSCYng">235.026666666667</dst>
            <dst id="LOSAng">37169.3546666667</dst>
            <dst id="NYCMng">4539.99733333333</dst>
            <dst id="SNVAng">15765.344</dst>
            <dst id="STTLng">48756.8026666667</dst>
            <dst id="WASHng">460.661333333333</dst>
        </src>
        <src id="STTLng">
            <dst id="ATLA-M5">0</dst>
            <dst id="ATLAng">9334.98933333333</dst>
            <dst id="CHINng">28044.6133333333</dst>
            <dst id="DNVRng">4484.56</dst>
            <dst id="HSTNng">49206.2773333333</dst>
            <dst id="IPLSng">333.210666666667</dst>
            <dst id="KSCYng">2311.376</dst>
            <dst id="LOSAng">17549.1093333333</dst>
            <dst id="NYCMng">14607.3813333333</dst>
            <dst id="SNVAng">5119.168</dst>
            <dst id="STTLng">1006.78133333333</dst>
            <dst id="WASHng">30402.9893333333</dst>
        </src>
        <src id="WASHng">
            <dst id="ATLA-M5">0</dst>
            <dst id="ATLAng">115522.344</dst>
            <dst id="CHINng">74098.4906666667</dst>
            <dst id="DNVRng">7496.808</dst>
            <dst id="HSTNng">276572.213333333</dst>
            <dst id="IPLSng">53110.808</dst>
            <dst id="KSCYng">9200.11466666667</dst>
            <dst id="LOSAng">0</dst>
            <dst id="NYCMng">150726.690666667</dst>
            <dst id="SNVAng">292.629333333333</dst>
            <dst id="STTLng">7113.15466666667</dst>
            <dst id="WASHng">348596.293333333</dst>
        </src>
    </IntraTM>
</TrafficMatrixFile>
