<?xml version="1.0" encoding="ISO-8859-1" standalone="yes"?>
<TrafficMatrixFile xsi:noNamespaceSchemaLocation="http://totem.run.montefiore.ulg.ac.be/Schema/TrafficMatrix-v1_2.xsd" xmlns:xsi="http://www.w3.org/2001/XMLSchema-instance">
    <IntraTM ASID="11537">
        <src id="ATLA-M5">
            <dst id="ATLA-M5">0</dst>
            <dst id="ATLAng">496.245333333333</dst>
            <dst id="CHINng">563.797333333333</dst>
            <dst id="DNVRng">0</dst>
            <dst id="HSTNng">392.205333333333</dst>
            <dst id="IPLSng">360.005333333333</dst>
            <dst id="KSCYng">80</dst>
            <dst id="LOSAng">0</dst>
            <dst id="NYCMng">311.698666666667</dst>
            <dst id="SNVAng">0</dst>
            <dst id="STTLng">0</dst>
            <dst id="WASHng">2800.22666666667</dst>
        </src>
        <src id="ATLAng">
            <dst id="ATLA-M5">0</dst>
            <dst id="ATLAng">44478.5493333333</dst>
            <dst id="CHINng">25468.1653333333</dst>
            <dst id="DNVRng">247.32</dst>
            <dst id="HSTNng">28183.224</dst>
            <dst id="IPLSng">33329.464</dst>
            <dst id="KSCYng">4767.86666666667</dst>
            <dst id="LOSAng">0</dst>
            <dst id="NYCMng">18688.0986666667</dst>
            <dst id="SNVAng">438.629333333333</dst>
            <dst id="STTLng">1790.504</dst>
            <dst id="WASHng">86444.9493333333</dst>
        </src>
        <src id="CHINng">
            <dst id="ATLA-M5">0</dst>
            <dst id="ATLAng">28797.3706666667</dst>
            <dst id="CHINng">176856.456</dst>
            <dst id="DNVRng">28984.5173333333</dst>
            <dst id="HSTNng">74394.648</dst>
            <dst id="IPLSng">57931.064</dst>
            <dst id="KSCYng">17928.96</dst>
            <dst id="LOSAng">265.717333333333</dst>
            <dst id="NYCMng">33900.1626666667</dst>
            <dst id="SNVAng">1117.768</dst>
            <dst id="STTLng">837.453333333333</dst>
            <dst id="WASHng">43680.696</dst>
        </src>
        <src id="DNVRng">
            <dst id="ATLA-M5">0</dst>
            <dst id="ATLAng">9221.25066666667</dst>
            <dst id="CHINng">120838.069333333</dst>
            <dst id="DNVRng">15182.992</dst>
            <dst id="HSTNng">36467.3866666667</dst>
            <dst id="IPLSng">26440.1093333333</dst>
            <dst id="KSCYng">19953.0506666667</dst>
            <dst id="LOSAng">0</dst>
            <dst id="NYCMng">23123.064</dst>
            <dst id="SNVAng">11968.24</dst>
            <dst id="STTLng">106.666666666667</dst>
            <dst id="WASHng">41254.256</dst>
        </src>
        <src id="HSTNng">
            <dst id="ATLA-M5">0</dst>
            <dst id="ATLAng">39305</dst>
            <dst id="CHINng">3048.016</dst>
            <dst id="DNVRng">80</dst>
            <dst id="HSTNng">136183.522666667</dst>
            <dst id="IPLSng">114.376</dst>
            <dst id="KSCYng">0</dst>
            <dst id="LOSAng">0</dst>
            <dst id="NYCMng">7347.49866666667</dst>
            <dst id="SNVAng">0</dst>
            <dst id="STTLng">97.3013333333333</dst>
            <dst id="WASHng">111735.816</dst>
        </src>
        <src id="IPLSng">
            <dst id="ATLA-M5">0</dst>
            <dst id="ATLAng">26710.2533333333</dst>
            <dst id="CHINng">173247.277333333</dst>
            <dst id="DNVRng">7876.40266666667</dst>
            <dst id="HSTNng">44808.1946666667</dst>
            <dst id="IPLSng">30894.56</dst>
            <dst id="KSCYng">24761.7573333333</dst>
            <dst id="LOSAng">53.3333333333333</dst>
            <dst id="NYCMng">40413.3306666667</dst>
            <dst id="SNVAng">148.618666666667</dst>
            <dst id="STTLng">173.573333333333</dst>
            <dst id="WASHng">42185.5946666667</dst>
        </src>
        <src id="KSCYng">
            <dst id="ATLA-M5">0</dst>
            <dst id="ATLAng">11610.9093333333</dst>
            <dst id="CHINng">35552.8133333333</dst>
            <dst id="DNVRng">7278.49066666667</dst>
            <dst id="HSTNng">14638.848</dst>
            <dst id="IPLSng">12307.9066666667</dst>
            <dst id="KSCYng">9299.61866666667</dst>
            <dst id="LOSAng">0</dst>
            <dst id="NYCMng">12020.2026666667</dst>
            <dst id="SNVAng">87.8133333333333</dst>
            <dst id="STTLng">167.333333333333</dst>
            <dst id="WASHng">16454.616</dst>
        </src>
        <src id="LOSAng">
            <dst id="ATLA-M5">0</dst>
            <dst id="ATLAng">31446.416</dst>
            <dst id="CHINng">16394.3866666667</dst>
            <dst id="DNVRng">15962.2133333333</dst>
            <dst id="HSTNng">188784.856</dst>
            <dst id="IPLSng">1903.50933333333</dst>
            <dst id="KSCYng">494.789333333333</dst>
            <dst id="LOSAng">16995.2506666667</dst>
            <dst id="NYCMng">54574.2106666667</dst>
            <dst id="SNVAng">13449.048</dst>
            <dst id="STTLng">17589.416</dst>
            <dst id="WASHng">98219.3466666666</dst>
        </src>
        <src id="NYCMng">
            <dst id="ATLA-M5">0</dst>
            <dst id="ATLAng">53700.3013333333</dst>
            <dst id="CHINng">72045.3626666667</dst>
            <dst id="DNVRng">28698.0426666667</dst>
            <dst id="HSTNng">94926.992</dst>
            <dst id="IPLSng">67946.4613333333</dst>
            <dst id="KSCYng">18487.3706666667</dst>
            <dst id="LOSAng">110.610666666667</dst>
            <dst id="NYCMng">261542.88</dst>
            <dst id="SNVAng">53.3333333333333</dst>
            <dst id="STTLng">2348.968</dst>
            <dst id="WASHng">144254.706666667</dst>
        </src>
        <src id="SNVAng">
            <dst id="ATLA-M5">0</dst>
            <dst id="ATLAng">568.346666666667</dst>
            <dst id="CHINng">610.978666666667</dst>
            <dst id="DNVRng">13961.664</dst>
            <dst id="HSTNng">6140.20266666667</dst>
            <dst id="IPLSng">100.949333333333</dst>
            <dst id="KSCYng">1985.672</dst>
            <dst id="LOSAng">33167.648</dst>
            <dst id="NYCMng">4940.89066666667</dst>
            <dst id="SNVAng">15339.9573333333</dst>
            <dst id="STTLng">51054.7546666667</dst>
            <dst id="WASHng">2650.904</dst>
        </src>
        <src id="STTLng">
            <dst id="ATLA-M5">0</dst>
            <dst id="ATLAng">13344.0933333333</dst>
            <dst id="CHINng">32872.0053333333</dst>
            <dst id="DNVRng">3900.36533333333</dst>
            <dst id="HSTNng">56299.0213333333</dst>
            <dst id="IPLSng">882.477333333333</dst>
            <dst id="KSCYng">6586.81066666667</dst>
            <dst id="LOSAng">16037.6933333333</dst>
            <dst id="NYCMng">16111.8106666667</dst>
            <dst id="SNVAng">6703.95466666667</dst>
            <dst id="STTLng">5167.29333333333</dst>
            <dst id="WASHng">36117.4426666667</dst>
        </src>
        <src id="WASHng">
            <dst id="ATLA-M5">0</dst>
            <dst id="ATLAng">178962.341333333</dst>
            <dst id="CHINng">96639.064</dst>
            <dst id="DNVRng">1944.00533333333</dst>
            <dst id="HSTNng">277192.533333333</dst>
            <dst id="IPLSng">86565.8986666667</dst>
            <dst id="KSCYng">16274.7333333333</dst>
            <dst id="LOSAng">62.632</dst>
            <dst id="NYCMng">260799.837333333</dst>
            <dst id="SNVAng">256.586666666667</dst>
            <dst id="STTLng">3954.17866666667</dst>
            <dst id="WASHng">440454.666666667</dst>
        </src>
    </IntraTM>
</TrafficMatrixFile>
