<?xml version="1.0" encoding="ISO-8859-1" standalone="yes"?>
<TrafficMatrixFile xsi:noNamespaceSchemaLocation="http://totem.run.montefiore.ulg.ac.be/Schema/TrafficMatrix-v1_2.xsd" xmlns:xsi="http://www.w3.org/2001/XMLSchema-instance">
    <IntraTM ASID="11537">
        <src id="ATLA-M5">
            <dst id="ATLA-M5">0</dst>
            <dst id="ATLAng">53.3333333333333</dst>
            <dst id="CHINng">235.024</dst>
            <dst id="DNVRng">0</dst>
            <dst id="HSTNng">438.978666666667</dst>
            <dst id="IPLSng">80</dst>
            <dst id="KSCYng">59.6293333333333</dst>
            <dst id="LOSAng">0</dst>
            <dst id="NYCMng">206.352</dst>
            <dst id="SNVAng">0</dst>
            <dst id="STTLng">0</dst>
            <dst id="WASHng">1743.46933333333</dst>
        </src>
        <src id="ATLAng">
            <dst id="ATLA-M5">0</dst>
            <dst id="ATLAng">29296.584</dst>
            <dst id="CHINng">18040.5226666667</dst>
            <dst id="DNVRng">70.464</dst>
            <dst id="HSTNng">28864.0026666667</dst>
            <dst id="IPLSng">27148.1333333333</dst>
            <dst id="KSCYng">2403.52266666667</dst>
            <dst id="LOSAng">26.6666666666667</dst>
            <dst id="NYCMng">17844.8533333333</dst>
            <dst id="SNVAng">127.392</dst>
            <dst id="STTLng">1077.05066666667</dst>
            <dst id="WASHng">84514.0933333333</dst>
        </src>
        <src id="CHINng">
            <dst id="ATLA-M5">0</dst>
            <dst id="ATLAng">22757.6986666667</dst>
            <dst id="CHINng">154038.154666667</dst>
            <dst id="DNVRng">17566.176</dst>
            <dst id="HSTNng">85771.88</dst>
            <dst id="IPLSng">48771.1493333333</dst>
            <dst id="KSCYng">15718.3893333333</dst>
            <dst id="LOSAng">313.536</dst>
            <dst id="NYCMng">26744.9493333333</dst>
            <dst id="SNVAng">26.6666666666667</dst>
            <dst id="STTLng">2027.51466666667</dst>
            <dst id="WASHng">31963.952</dst>
        </src>
        <src id="DNVRng">
            <dst id="ATLA-M5">0</dst>
            <dst id="ATLAng">8163.792</dst>
            <dst id="CHINng">72856.9733333333</dst>
            <dst id="DNVRng">13270.024</dst>
            <dst id="HSTNng">40325.1626666667</dst>
            <dst id="IPLSng">26712.112</dst>
            <dst id="KSCYng">38967.128</dst>
            <dst id="LOSAng">0</dst>
            <dst id="NYCMng">17969.1573333333</dst>
            <dst id="SNVAng">15282.8186666667</dst>
            <dst id="STTLng">87.0186666666667</dst>
            <dst id="WASHng">54551.584</dst>
        </src>
        <src id="HSTNng">
            <dst id="ATLA-M5">0</dst>
            <dst id="ATLAng">23503.904</dst>
            <dst id="CHINng">2615.656</dst>
            <dst id="DNVRng">0</dst>
            <dst id="HSTNng">295328.773333333</dst>
            <dst id="IPLSng">53.3333333333333</dst>
            <dst id="KSCYng">0</dst>
            <dst id="LOSAng">158.389333333333</dst>
            <dst id="NYCMng">3593.07733333333</dst>
            <dst id="SNVAng">26.6666666666667</dst>
            <dst id="STTLng">148</dst>
            <dst id="WASHng">98987.424</dst>
        </src>
        <src id="IPLSng">
            <dst id="ATLA-M5">0</dst>
            <dst id="ATLAng">12256.8853333333</dst>
            <dst id="CHINng">145442.034666667</dst>
            <dst id="DNVRng">10602.496</dst>
            <dst id="HSTNng">96925.36</dst>
            <dst id="IPLSng">44112.7413333333</dst>
            <dst id="KSCYng">16619.4</dst>
            <dst id="LOSAng">0</dst>
            <dst id="NYCMng">39144.5306666667</dst>
            <dst id="SNVAng">146.746666666667</dst>
            <dst id="STTLng">279.021333333333</dst>
            <dst id="WASHng">16941.04</dst>
        </src>
        <src id="KSCYng">
            <dst id="ATLA-M5">0</dst>
            <dst id="ATLAng">6619.504</dst>
            <dst id="CHINng">40906.7466666667</dst>
            <dst id="DNVRng">8832.36533333333</dst>
            <dst id="HSTNng">10852.9493333333</dst>
            <dst id="IPLSng">11497.28</dst>
            <dst id="KSCYng">7770.09333333333</dst>
            <dst id="LOSAng">0</dst>
            <dst id="NYCMng">7980.61333333333</dst>
            <dst id="SNVAng">26.6666666666667</dst>
            <dst id="STTLng">39.4</dst>
            <dst id="WASHng">11047.128</dst>
        </src>
        <src id="LOSAng">
            <dst id="ATLA-M5">0</dst>
            <dst id="ATLAng">20366.1386666667</dst>
            <dst id="CHINng">12507.2106666667</dst>
            <dst id="DNVRng">12318.232</dst>
            <dst id="HSTNng">238517.496</dst>
            <dst id="IPLSng">1908.624</dst>
            <dst id="KSCYng">401.12</dst>
            <dst id="LOSAng">20770.0746666667</dst>
            <dst id="NYCMng">55321.016</dst>
            <dst id="SNVAng">13361.8133333333</dst>
            <dst id="STTLng">17897.4293333333</dst>
            <dst id="WASHng">94879.264</dst>
        </src>
        <src id="NYCMng">
            <dst id="ATLA-M5">0</dst>
            <dst id="ATLAng">45932.3653333333</dst>
            <dst id="CHINng">63609.6826666667</dst>
            <dst id="DNVRng">35347.008</dst>
            <dst id="HSTNng">93841.4133333333</dst>
            <dst id="IPLSng">49325.6</dst>
            <dst id="KSCYng">15447.176</dst>
            <dst id="LOSAng">146.245333333333</dst>
            <dst id="NYCMng">204707.882666667</dst>
            <dst id="SNVAng">106.666666666667</dst>
            <dst id="STTLng">2811.85866666667</dst>
            <dst id="WASHng">103488.797333333</dst>
        </src>
        <src id="SNVAng">
            <dst id="ATLA-M5">0</dst>
            <dst id="ATLAng">676.68</dst>
            <dst id="CHINng">459.626666666667</dst>
            <dst id="DNVRng">1683.85866666667</dst>
            <dst id="HSTNng">4188.55466666667</dst>
            <dst id="IPLSng">0</dst>
            <dst id="KSCYng">138.261333333333</dst>
            <dst id="LOSAng">26976.5493333333</dst>
            <dst id="NYCMng">3613.608</dst>
            <dst id="SNVAng">16947.6986666667</dst>
            <dst id="STTLng">44067.3546666667</dst>
            <dst id="WASHng">375.349333333333</dst>
        </src>
        <src id="STTLng">
            <dst id="ATLA-M5">0</dst>
            <dst id="ATLAng">10275.3173333333</dst>
            <dst id="CHINng">26977.832</dst>
            <dst id="DNVRng">4812.73866666667</dst>
            <dst id="HSTNng">47228.624</dst>
            <dst id="IPLSng">404.498666666667</dst>
            <dst id="KSCYng">2288.104</dst>
            <dst id="LOSAng">19985.2</dst>
            <dst id="NYCMng">10635.936</dst>
            <dst id="SNVAng">5215.37333333333</dst>
            <dst id="STTLng">7220.19466666667</dst>
            <dst id="WASHng">28207.4186666667</dst>
        </src>
        <src id="WASHng">
            <dst id="ATLA-M5">0</dst>
            <dst id="ATLAng">136811.493333333</dst>
            <dst id="CHINng">80028.5146666667</dst>
            <dst id="DNVRng">9317.104</dst>
            <dst id="HSTNng">281543.386666667</dst>
            <dst id="IPLSng">74564.4693333333</dst>
            <dst id="KSCYng">10760.3173333333</dst>
            <dst id="LOSAng">59.9573333333334</dst>
            <dst id="NYCMng">213904.522666667</dst>
            <dst id="SNVAng">288.141333333333</dst>
            <dst id="STTLng">3105.448</dst>
            <dst id="WASHng">397402.426666667</dst>
        </src>
    </IntraTM>
</TrafficMatrixFile>
