<?xml version="1.0" encoding="ISO-8859-1" standalone="yes"?>
<TrafficMatrixFile xsi:noNamespaceSchemaLocation="http://totem.run.montefiore.ulg.ac.be/Schema/TrafficMatrix-v1_2.xsd" xmlns:xsi="http://www.w3.org/2001/XMLSchema-instance">
    <IntraTM ASID="11537">
        <src id="ATLA-M5">
            <dst id="ATLA-M5">0</dst>
            <dst id="ATLAng">185.194666666667</dst>
            <dst id="CHINng">1613.744</dst>
            <dst id="DNVRng">0</dst>
            <dst id="HSTNng">218.661333333333</dst>
            <dst id="IPLSng">3349.87733333333</dst>
            <dst id="KSCYng">0</dst>
            <dst id="LOSAng">0</dst>
            <dst id="NYCMng">3307.864</dst>
            <dst id="SNVAng">0</dst>
            <dst id="STTLng">26.6666666666667</dst>
            <dst id="WASHng">1217.96</dst>
        </src>
        <src id="ATLAng">
            <dst id="ATLA-M5">0</dst>
            <dst id="ATLAng">25082.6773333333</dst>
            <dst id="CHINng">51955.5413333333</dst>
            <dst id="DNVRng">0</dst>
            <dst id="HSTNng">12021.712</dst>
            <dst id="IPLSng">34790.992</dst>
            <dst id="KSCYng">26.6666666666667</dst>
            <dst id="LOSAng">0</dst>
            <dst id="NYCMng">58553.1093333333</dst>
            <dst id="SNVAng">26.6666666666667</dst>
            <dst id="STTLng">0</dst>
            <dst id="WASHng">48893.912</dst>
        </src>
        <src id="CHINng">
            <dst id="ATLA-M5">0</dst>
            <dst id="ATLAng">30424.536</dst>
            <dst id="CHINng">45225.688</dst>
            <dst id="DNVRng">0</dst>
            <dst id="HSTNng">22764.216</dst>
            <dst id="IPLSng">72172.344</dst>
            <dst id="KSCYng">99.7893333333333</dst>
            <dst id="LOSAng">108.653333333333</dst>
            <dst id="NYCMng">214078.245333333</dst>
            <dst id="SNVAng">0</dst>
            <dst id="STTLng">53.3333333333333</dst>
            <dst id="WASHng">33485.8133333333</dst>
        </src>
        <src id="DNVRng">
            <dst id="ATLA-M5">0</dst>
            <dst id="ATLAng">7793.22933333333</dst>
            <dst id="CHINng">37449.4053333333</dst>
            <dst id="DNVRng">8888.29066666667</dst>
            <dst id="HSTNng">46187.4266666667</dst>
            <dst id="IPLSng">32271.0453333333</dst>
            <dst id="KSCYng">14872.616</dst>
            <dst id="LOSAng">0</dst>
            <dst id="NYCMng">31896.6106666667</dst>
            <dst id="SNVAng">14867.3466666667</dst>
            <dst id="STTLng">1301.10933333333</dst>
            <dst id="WASHng">43727.6933333333</dst>
        </src>
        <src id="HSTNng">
            <dst id="ATLA-M5">0</dst>
            <dst id="ATLAng">47514.2933333333</dst>
            <dst id="CHINng">1118.52533333333</dst>
            <dst id="DNVRng">0</dst>
            <dst id="HSTNng">146377.973333333</dst>
            <dst id="IPLSng">26.6666666666667</dst>
            <dst id="KSCYng">0</dst>
            <dst id="LOSAng">0</dst>
            <dst id="NYCMng">5092.70666666667</dst>
            <dst id="SNVAng">26.6666666666667</dst>
            <dst id="STTLng">0</dst>
            <dst id="WASHng">130902.176</dst>
        </src>
        <src id="IPLSng">
            <dst id="ATLA-M5">0</dst>
            <dst id="ATLAng">20244.424</dst>
            <dst id="CHINng">146602.170666667</dst>
            <dst id="DNVRng">0</dst>
            <dst id="HSTNng">10231.2533333333</dst>
            <dst id="IPLSng">19483.6693333333</dst>
            <dst id="KSCYng">21359.6186666667</dst>
            <dst id="LOSAng">26.6666666666667</dst>
            <dst id="NYCMng">179241.525333333</dst>
            <dst id="SNVAng">0</dst>
            <dst id="STTLng">0</dst>
            <dst id="WASHng">45646.056</dst>
        </src>
        <src id="KSCYng">
            <dst id="ATLA-M5">0</dst>
            <dst id="ATLAng">5608.36</dst>
            <dst id="CHINng">19105.5306666667</dst>
            <dst id="DNVRng">19070.6666666667</dst>
            <dst id="HSTNng">15725.7706666667</dst>
            <dst id="IPLSng">14464.1413333333</dst>
            <dst id="KSCYng">14673.7493333333</dst>
            <dst id="LOSAng">0</dst>
            <dst id="NYCMng">17133.2533333333</dst>
            <dst id="SNVAng">53.3333333333333</dst>
            <dst id="STTLng">0</dst>
            <dst id="WASHng">15912.7893333333</dst>
        </src>
        <src id="LOSAng">
            <dst id="ATLA-M5">0</dst>
            <dst id="ATLAng">41357.8773333333</dst>
            <dst id="CHINng">1986.69333333333</dst>
            <dst id="DNVRng">33117.5706666667</dst>
            <dst id="HSTNng">112091.826666667</dst>
            <dst id="IPLSng">395.016</dst>
            <dst id="KSCYng">173.728</dst>
            <dst id="LOSAng">23822.0693333333</dst>
            <dst id="NYCMng">66915.472</dst>
            <dst id="SNVAng">18321.7706666667</dst>
            <dst id="STTLng">27036.312</dst>
            <dst id="WASHng">105101.346666667</dst>
        </src>
        <src id="NYCMng">
            <dst id="ATLA-M5">0</dst>
            <dst id="ATLAng">36795.9866666667</dst>
            <dst id="CHINng">893.786666666667</dst>
            <dst id="DNVRng">0</dst>
            <dst id="HSTNng">38910.4213333333</dst>
            <dst id="IPLSng">115.712</dst>
            <dst id="KSCYng">0</dst>
            <dst id="LOSAng">190.272</dst>
            <dst id="NYCMng">890273.253333333</dst>
            <dst id="SNVAng">26.6666666666667</dst>
            <dst id="STTLng">105.504</dst>
            <dst id="WASHng">306689.173333333</dst>
        </src>
        <src id="SNVAng">
            <dst id="ATLA-M5">0</dst>
            <dst id="ATLAng">759.213333333333</dst>
            <dst id="CHINng">0</dst>
            <dst id="DNVRng">4929.40533333333</dst>
            <dst id="HSTNng">4103.07733333333</dst>
            <dst id="IPLSng">0</dst>
            <dst id="KSCYng">260.850666666667</dst>
            <dst id="LOSAng">36656.64</dst>
            <dst id="NYCMng">6759.576</dst>
            <dst id="SNVAng">14414.1306666667</dst>
            <dst id="STTLng">50962.248</dst>
            <dst id="WASHng">210.328</dst>
        </src>
        <src id="STTLng">
            <dst id="ATLA-M5">0</dst>
            <dst id="ATLAng">10376.2026666667</dst>
            <dst id="CHINng">1005</dst>
            <dst id="DNVRng">5736.44</dst>
            <dst id="HSTNng">24644.7653333333</dst>
            <dst id="IPLSng">365.370666666667</dst>
            <dst id="KSCYng">5204.256</dst>
            <dst id="LOSAng">34420.5173333333</dst>
            <dst id="NYCMng">46009.0293333333</dst>
            <dst id="SNVAng">6648.22666666667</dst>
            <dst id="STTLng">9772.44</dst>
            <dst id="WASHng">33658.2533333333</dst>
        </src>
        <src id="WASHng">
            <dst id="ATLA-M5">0</dst>
            <dst id="ATLAng">83647.6453333333</dst>
            <dst id="CHINng">506.042666666666</dst>
            <dst id="DNVRng">0</dst>
            <dst id="HSTNng">82856.2053333333</dst>
            <dst id="IPLSng">53.3333333333333</dst>
            <dst id="KSCYng">26.6666666666667</dst>
            <dst id="LOSAng">103.144</dst>
            <dst id="NYCMng">576970.426666667</dst>
            <dst id="SNVAng">65.3626666666667</dst>
            <dst id="STTLng">54.904</dst>
            <dst id="WASHng">324472.053333333</dst>
        </src>
    </IntraTM>
</TrafficMatrixFile>
