<?xml version="1.0" encoding="ISO-8859-1" standalone="yes"?>
<TrafficMatrixFile xsi:noNamespaceSchemaLocation="http://totem.run.montefiore.ulg.ac.be/Schema/TrafficMatrix-v1_2.xsd" xmlns:xsi="http://www.w3.org/2001/XMLSchema-instance">
    <IntraTM ASID="11537">
        <src id="ATLA-M5">
            <dst id="ATLA-M5">26.6666666666667</dst>
            <dst id="ATLAng">336.106666666667</dst>
            <dst id="CHINng">348.488</dst>
            <dst id="DNVRng">0</dst>
            <dst id="HSTNng">658.408</dst>
            <dst id="IPLSng">237.381333333333</dst>
            <dst id="KSCYng">64.3866666666667</dst>
            <dst id="LOSAng">0</dst>
            <dst id="NYCMng">244.957333333333</dst>
            <dst id="SNVAng">0</dst>
            <dst id="STTLng">0</dst>
            <dst id="WASHng">1546.008</dst>
        </src>
        <src id="ATLAng">
            <dst id="ATLA-M5">0</dst>
            <dst id="ATLAng">26408.0506666667</dst>
            <dst id="CHINng">20612.6186666667</dst>
            <dst id="DNVRng">194.325333333333</dst>
            <dst id="HSTNng">39050.4</dst>
            <dst id="IPLSng">30604.0453333333</dst>
            <dst id="KSCYng">3962.48533333333</dst>
            <dst id="LOSAng">0</dst>
            <dst id="NYCMng">19609.744</dst>
            <dst id="SNVAng">132.837333333333</dst>
            <dst id="STTLng">1314.93066666667</dst>
            <dst id="WASHng">83013.072</dst>
        </src>
        <src id="CHINng">
            <dst id="ATLA-M5">0</dst>
            <dst id="ATLAng">24661.8826666667</dst>
            <dst id="CHINng">153056.010666667</dst>
            <dst id="DNVRng">16461.7013333333</dst>
            <dst id="HSTNng">77305.0533333334</dst>
            <dst id="IPLSng">53837.184</dst>
            <dst id="KSCYng">32896.4613333333</dst>
            <dst id="LOSAng">357.2</dst>
            <dst id="NYCMng">27386.6453333333</dst>
            <dst id="SNVAng">26.6666666666667</dst>
            <dst id="STTLng">525.994666666667</dst>
            <dst id="WASHng">28342.688</dst>
        </src>
        <src id="DNVRng">
            <dst id="ATLA-M5">0</dst>
            <dst id="ATLAng">7928.92533333333</dst>
            <dst id="CHINng">72207.168</dst>
            <dst id="DNVRng">12661.776</dst>
            <dst id="HSTNng">44650.2986666667</dst>
            <dst id="IPLSng">27704.152</dst>
            <dst id="KSCYng">20445.4373333333</dst>
            <dst id="LOSAng">0</dst>
            <dst id="NYCMng">19850.168</dst>
            <dst id="SNVAng">16300.984</dst>
            <dst id="STTLng">144.997333333333</dst>
            <dst id="WASHng">59450.0506666667</dst>
        </src>
        <src id="HSTNng">
            <dst id="ATLA-M5">0</dst>
            <dst id="ATLAng">35693.608</dst>
            <dst id="CHINng">2506.888</dst>
            <dst id="DNVRng">53.3333333333333</dst>
            <dst id="HSTNng">123830.749333333</dst>
            <dst id="IPLSng">53.3333333333333</dst>
            <dst id="KSCYng">0</dst>
            <dst id="LOSAng">26.6666666666667</dst>
            <dst id="NYCMng">3990.18933333333</dst>
            <dst id="SNVAng">0</dst>
            <dst id="STTLng">0</dst>
            <dst id="WASHng">120075.890666667</dst>
        </src>
        <src id="IPLSng">
            <dst id="ATLA-M5">0</dst>
            <dst id="ATLAng">16807.528</dst>
            <dst id="CHINng">153813.024</dst>
            <dst id="DNVRng">16459.7413333333</dst>
            <dst id="HSTNng">70017.704</dst>
            <dst id="IPLSng">29863.136</dst>
            <dst id="KSCYng">19009.3066666667</dst>
            <dst id="LOSAng">26.6666666666667</dst>
            <dst id="NYCMng">40390.2933333333</dst>
            <dst id="SNVAng">95.1093333333333</dst>
            <dst id="STTLng">729.210666666666</dst>
            <dst id="WASHng">21127.28</dst>
        </src>
        <src id="KSCYng">
            <dst id="ATLA-M5">0</dst>
            <dst id="ATLAng">9661.35733333334</dst>
            <dst id="CHINng">34520.6693333333</dst>
            <dst id="DNVRng">7742.94133333333</dst>
            <dst id="HSTNng">12420.832</dst>
            <dst id="IPLSng">9218.77333333333</dst>
            <dst id="KSCYng">9866.792</dst>
            <dst id="LOSAng">0</dst>
            <dst id="NYCMng">8329.85866666667</dst>
            <dst id="SNVAng">26.76</dst>
            <dst id="STTLng">174.613333333333</dst>
            <dst id="WASHng">14368.7306666667</dst>
        </src>
        <src id="LOSAng">
            <dst id="ATLA-M5">0</dst>
            <dst id="ATLAng">28588.56</dst>
            <dst id="CHINng">12597.2266666667</dst>
            <dst id="DNVRng">6633.45333333333</dst>
            <dst id="HSTNng">158181.92</dst>
            <dst id="IPLSng">1717.80533333333</dst>
            <dst id="KSCYng">289.010666666667</dst>
            <dst id="LOSAng">28759.5173333333</dst>
            <dst id="NYCMng">60822.176</dst>
            <dst id="SNVAng">12104.688</dst>
            <dst id="STTLng">16858.7973333333</dst>
            <dst id="WASHng">109258.968</dst>
        </src>
        <src id="NYCMng">
            <dst id="ATLA-M5">0</dst>
            <dst id="ATLAng">58084.496</dst>
            <dst id="CHINng">75507.5333333333</dst>
            <dst id="DNVRng">33557.7093333333</dst>
            <dst id="HSTNng">90894.2186666667</dst>
            <dst id="IPLSng">52470.3706666667</dst>
            <dst id="KSCYng">16657.2426666667</dst>
            <dst id="LOSAng">129.893333333333</dst>
            <dst id="NYCMng">205113.909333333</dst>
            <dst id="SNVAng">80</dst>
            <dst id="STTLng">2875.00533333333</dst>
            <dst id="WASHng">95845.5733333333</dst>
        </src>
        <src id="SNVAng">
            <dst id="ATLA-M5">0</dst>
            <dst id="ATLAng">298.824</dst>
            <dst id="CHINng">728.917333333333</dst>
            <dst id="DNVRng">7249.76</dst>
            <dst id="HSTNng">5447.512</dst>
            <dst id="IPLSng">116.869333333333</dst>
            <dst id="KSCYng">372.426666666667</dst>
            <dst id="LOSAng">34003.96</dst>
            <dst id="NYCMng">4750.24</dst>
            <dst id="SNVAng">16499.7146666667</dst>
            <dst id="STTLng">50241.0933333333</dst>
            <dst id="WASHng">440.298666666667</dst>
        </src>
        <src id="STTLng">
            <dst id="ATLA-M5">0</dst>
            <dst id="ATLAng">13414.4533333333</dst>
            <dst id="CHINng">26041.5813333333</dst>
            <dst id="DNVRng">5420.408</dst>
            <dst id="HSTNng">53524.2746666667</dst>
            <dst id="IPLSng">835.941333333333</dst>
            <dst id="KSCYng">2793.57066666667</dst>
            <dst id="LOSAng">20814.72</dst>
            <dst id="NYCMng">13328.5493333333</dst>
            <dst id="SNVAng">6789.27733333333</dst>
            <dst id="STTLng">5283.77333333333</dst>
            <dst id="WASHng">29751.432</dst>
        </src>
        <src id="WASHng">
            <dst id="ATLA-M5">0</dst>
            <dst id="ATLAng">145540.173333333</dst>
            <dst id="CHINng">81734.776</dst>
            <dst id="DNVRng">5328.63733333333</dst>
            <dst id="HSTNng">302211.04</dst>
            <dst id="IPLSng">67065.6533333333</dst>
            <dst id="KSCYng">11880.1013333333</dst>
            <dst id="LOSAng">0</dst>
            <dst id="NYCMng">242149.413333333</dst>
            <dst id="SNVAng">442.221333333333</dst>
            <dst id="STTLng">3259.01333333333</dst>
            <dst id="WASHng">406925.36</dst>
        </src>
    </IntraTM>
</TrafficMatrixFile>
