<?xml version="1.0" encoding="ISO-8859-1" standalone="yes"?>
<TrafficMatrixFile xsi:noNamespaceSchemaLocation="http://totem.run.montefiore.ulg.ac.be/Schema/TrafficMatrix-v1_2.xsd" xmlns:xsi="http://www.w3.org/2001/XMLSchema-instance">
    <IntraTM ASID="11537">
        <src id="ATLA-M5">
            <dst id="ATLA-M5">26.6666666666667</dst>
            <dst id="ATLAng">133.333333333333</dst>
            <dst id="CHINng">918.810666666667</dst>
            <dst id="DNVRng">0</dst>
            <dst id="HSTNng">640.162666666667</dst>
            <dst id="IPLSng">1157.52266666667</dst>
            <dst id="KSCYng">0</dst>
            <dst id="LOSAng">0</dst>
            <dst id="NYCMng">1967.464</dst>
            <dst id="SNVAng">0</dst>
            <dst id="STTLng">0</dst>
            <dst id="WASHng">509.048</dst>
        </src>
        <src id="ATLAng">
            <dst id="ATLA-M5">0</dst>
            <dst id="ATLAng">28887.1946666667</dst>
            <dst id="CHINng">66254.7013333333</dst>
            <dst id="DNVRng">0</dst>
            <dst id="HSTNng">7369.928</dst>
            <dst id="IPLSng">40783.96</dst>
            <dst id="KSCYng">26.6666666666667</dst>
            <dst id="LOSAng">0</dst>
            <dst id="NYCMng">64343.912</dst>
            <dst id="SNVAng">0</dst>
            <dst id="STTLng">0</dst>
            <dst id="WASHng">38385.7813333333</dst>
        </src>
        <src id="CHINng">
            <dst id="ATLA-M5">0</dst>
            <dst id="ATLAng">39606.3253333333</dst>
            <dst id="CHINng">37488.064</dst>
            <dst id="DNVRng">0</dst>
            <dst id="HSTNng">19192.9306666667</dst>
            <dst id="IPLSng">68510.7013333333</dst>
            <dst id="KSCYng">168.429333333333</dst>
            <dst id="LOSAng">54.5493333333333</dst>
            <dst id="NYCMng">199977.946666667</dst>
            <dst id="SNVAng">26.6666666666667</dst>
            <dst id="STTLng">53.3333333333333</dst>
            <dst id="WASHng">33665.144</dst>
        </src>
        <src id="DNVRng">
            <dst id="ATLA-M5">0</dst>
            <dst id="ATLAng">9488.2</dst>
            <dst id="CHINng">37344.7466666667</dst>
            <dst id="DNVRng">16010.6133333333</dst>
            <dst id="HSTNng">27956.008</dst>
            <dst id="IPLSng">26895.7146666667</dst>
            <dst id="KSCYng">12381.5946666667</dst>
            <dst id="LOSAng">0</dst>
            <dst id="NYCMng">39794.0026666667</dst>
            <dst id="SNVAng">6905.38133333333</dst>
            <dst id="STTLng">1409.808</dst>
            <dst id="WASHng">48689.5973333333</dst>
        </src>
        <src id="HSTNng">
            <dst id="ATLA-M5">0</dst>
            <dst id="ATLAng">36144.7573333333</dst>
            <dst id="CHINng">1372.19466666667</dst>
            <dst id="DNVRng">26.6666666666667</dst>
            <dst id="HSTNng">128549.738666667</dst>
            <dst id="IPLSng">26.6666666666667</dst>
            <dst id="KSCYng">26.6666666666667</dst>
            <dst id="LOSAng">0</dst>
            <dst id="NYCMng">6642.36</dst>
            <dst id="SNVAng">0</dst>
            <dst id="STTLng">26.6666666666667</dst>
            <dst id="WASHng">134189.213333333</dst>
        </src>
        <src id="IPLSng">
            <dst id="ATLA-M5">0</dst>
            <dst id="ATLAng">16019.984</dst>
            <dst id="CHINng">146793.64</dst>
            <dst id="DNVRng">0</dst>
            <dst id="HSTNng">8865.832</dst>
            <dst id="IPLSng">39436.152</dst>
            <dst id="KSCYng">23887.0826666667</dst>
            <dst id="LOSAng">0</dst>
            <dst id="NYCMng">167698.757333333</dst>
            <dst id="SNVAng">80</dst>
            <dst id="STTLng">214.114666666667</dst>
            <dst id="WASHng">36365.744</dst>
        </src>
        <src id="KSCYng">
            <dst id="ATLA-M5">0</dst>
            <dst id="ATLAng">6888.86933333333</dst>
            <dst id="CHINng">20304.8533333333</dst>
            <dst id="DNVRng">15740.992</dst>
            <dst id="HSTNng">18543.0106666667</dst>
            <dst id="IPLSng">16134.2933333333</dst>
            <dst id="KSCYng">4997.31466666667</dst>
            <dst id="LOSAng">26.6666666666667</dst>
            <dst id="NYCMng">57984.4933333333</dst>
            <dst id="SNVAng">0</dst>
            <dst id="STTLng">0</dst>
            <dst id="WASHng">12984.2826666667</dst>
        </src>
        <src id="LOSAng">
            <dst id="ATLA-M5">0</dst>
            <dst id="ATLAng">31611.952</dst>
            <dst id="CHINng">2448.344</dst>
            <dst id="DNVRng">34675.4186666667</dst>
            <dst id="HSTNng">126018.210666667</dst>
            <dst id="IPLSng">378.464</dst>
            <dst id="KSCYng">209.549333333333</dst>
            <dst id="LOSAng">23149.6613333333</dst>
            <dst id="NYCMng">63335.504</dst>
            <dst id="SNVAng">19464.3573333333</dst>
            <dst id="STTLng">24066.2506666667</dst>
            <dst id="WASHng">105138.786666667</dst>
        </src>
        <src id="NYCMng">
            <dst id="ATLA-M5">0</dst>
            <dst id="ATLAng">41095.8933333333</dst>
            <dst id="CHINng">885.290666666666</dst>
            <dst id="DNVRng">0</dst>
            <dst id="HSTNng">27566.6213333333</dst>
            <dst id="IPLSng">211.082666666667</dst>
            <dst id="KSCYng">60.1066666666667</dst>
            <dst id="LOSAng">53.3333333333333</dst>
            <dst id="NYCMng">542597.493333333</dst>
            <dst id="SNVAng">106.666666666667</dst>
            <dst id="STTLng">523.792</dst>
            <dst id="WASHng">93579.976</dst>
        </src>
        <src id="SNVAng">
            <dst id="ATLA-M5">0</dst>
            <dst id="ATLAng">1534.16533333333</dst>
            <dst id="CHINng">347.250666666667</dst>
            <dst id="DNVRng">11100.9413333333</dst>
            <dst id="HSTNng">4119.81866666667</dst>
            <dst id="IPLSng">26.6666666666667</dst>
            <dst id="KSCYng">796.968</dst>
            <dst id="LOSAng">37216.584</dst>
            <dst id="NYCMng">4862.29333333333</dst>
            <dst id="SNVAng">16573.7226666667</dst>
            <dst id="STTLng">57199.3386666667</dst>
            <dst id="WASHng">907.365333333334</dst>
        </src>
        <src id="STTLng">
            <dst id="ATLA-M5">0</dst>
            <dst id="ATLAng">8248.52266666667</dst>
            <dst id="CHINng">743.618666666667</dst>
            <dst id="DNVRng">5207.896</dst>
            <dst id="HSTNng">22727.6853333333</dst>
            <dst id="IPLSng">250.216</dst>
            <dst id="KSCYng">3845.41066666667</dst>
            <dst id="LOSAng">22312.784</dst>
            <dst id="NYCMng">41373.5626666667</dst>
            <dst id="SNVAng">4661.57866666667</dst>
            <dst id="STTLng">8339.16</dst>
            <dst id="WASHng">30300.2773333333</dst>
        </src>
        <src id="WASHng">
            <dst id="ATLA-M5">0</dst>
            <dst id="ATLAng">96855.5653333333</dst>
            <dst id="CHINng">355.634666666667</dst>
            <dst id="DNVRng">0</dst>
            <dst id="HSTNng">71337.36</dst>
            <dst id="IPLSng">153.909333333333</dst>
            <dst id="KSCYng">80</dst>
            <dst id="LOSAng">178.688</dst>
            <dst id="NYCMng">540980.4</dst>
            <dst id="SNVAng">26.6666666666667</dst>
            <dst id="STTLng">109.517333333333</dst>
            <dst id="WASHng">309297.493333333</dst>
        </src>
    </IntraTM>
</TrafficMatrixFile>
