<?xml version="1.0" encoding="ISO-8859-1" standalone="yes"?>
<TrafficMatrixFile xsi:noNamespaceSchemaLocation="http://totem.run.montefiore.ulg.ac.be/Schema/TrafficMatrix-v1_2.xsd" xmlns:xsi="http://www.w3.org/2001/XMLSchema-instance">
    <IntraTM ASID="11537">
        <src id="ATLA-M5">
            <dst id="ATLA-M5">0</dst>
            <dst id="ATLAng">139.221333333333</dst>
            <dst id="CHINng">487.466666666667</dst>
            <dst id="DNVRng">0</dst>
            <dst id="HSTNng">1131.86133333333</dst>
            <dst id="IPLSng">397.077333333333</dst>
            <dst id="KSCYng">53.3333333333333</dst>
            <dst id="LOSAng">0</dst>
            <dst id="NYCMng">1740.61333333333</dst>
            <dst id="SNVAng">0</dst>
            <dst id="STTLng">0</dst>
            <dst id="WASHng">2372.24533333333</dst>
        </src>
        <src id="ATLAng">
            <dst id="ATLA-M5">0</dst>
            <dst id="ATLAng">26116.768</dst>
            <dst id="CHINng">15629.0373333333</dst>
            <dst id="DNVRng">53.3333333333333</dst>
            <dst id="HSTNng">35575.7173333333</dst>
            <dst id="IPLSng">34720.5946666667</dst>
            <dst id="KSCYng">7723.82133333334</dst>
            <dst id="LOSAng">53.3333333333333</dst>
            <dst id="NYCMng">21668.032</dst>
            <dst id="SNVAng">0</dst>
            <dst id="STTLng">162.349333333333</dst>
            <dst id="WASHng">68100.8026666667</dst>
        </src>
        <src id="CHINng">
            <dst id="ATLA-M5">0</dst>
            <dst id="ATLAng">25610.152</dst>
            <dst id="CHINng">160248.816</dst>
            <dst id="DNVRng">20953.16</dst>
            <dst id="HSTNng">110843.525333333</dst>
            <dst id="IPLSng">53043.4373333333</dst>
            <dst id="KSCYng">16450.568</dst>
            <dst id="LOSAng">547.301333333333</dst>
            <dst id="NYCMng">29980.1093333333</dst>
            <dst id="SNVAng">26.6666666666667</dst>
            <dst id="STTLng">1739.44533333333</dst>
            <dst id="WASHng">38362.688</dst>
        </src>
        <src id="DNVRng">
            <dst id="ATLA-M5">0</dst>
            <dst id="ATLAng">7683.74666666667</dst>
            <dst id="CHINng">74750.3626666667</dst>
            <dst id="DNVRng">13343.6053333333</dst>
            <dst id="HSTNng">54155.3093333333</dst>
            <dst id="IPLSng">25330.656</dst>
            <dst id="KSCYng">26291.584</dst>
            <dst id="LOSAng">0</dst>
            <dst id="NYCMng">28256.5093333333</dst>
            <dst id="SNVAng">15866.544</dst>
            <dst id="STTLng">53.3333333333333</dst>
            <dst id="WASHng">37030.5653333333</dst>
        </src>
        <src id="HSTNng">
            <dst id="ATLA-M5">0</dst>
            <dst id="ATLAng">35137.7866666667</dst>
            <dst id="CHINng">3395.85333333333</dst>
            <dst id="DNVRng">26.6666666666667</dst>
            <dst id="HSTNng">147823.736</dst>
            <dst id="IPLSng">167.637333333333</dst>
            <dst id="KSCYng">30.232</dst>
            <dst id="LOSAng">26.6666666666667</dst>
            <dst id="NYCMng">5427.94666666667</dst>
            <dst id="SNVAng">0</dst>
            <dst id="STTLng">87.4133333333333</dst>
            <dst id="WASHng">90670.04</dst>
        </src>
        <src id="IPLSng">
            <dst id="ATLA-M5">0</dst>
            <dst id="ATLAng">12025.1653333333</dst>
            <dst id="CHINng">157473.453333333</dst>
            <dst id="DNVRng">10388.096</dst>
            <dst id="HSTNng">66694.4853333333</dst>
            <dst id="IPLSng">26202.6773333333</dst>
            <dst id="KSCYng">22428.312</dst>
            <dst id="LOSAng">26.6666666666667</dst>
            <dst id="NYCMng">34349.3173333333</dst>
            <dst id="SNVAng">59.4666666666667</dst>
            <dst id="STTLng">328.576</dst>
            <dst id="WASHng">27643.4</dst>
        </src>
        <src id="KSCYng">
            <dst id="ATLA-M5">0</dst>
            <dst id="ATLAng">4562.656</dst>
            <dst id="CHINng">40705.6533333333</dst>
            <dst id="DNVRng">9377.48533333333</dst>
            <dst id="HSTNng">19829.4506666667</dst>
            <dst id="IPLSng">14415.8293333333</dst>
            <dst id="KSCYng">7796.12533333333</dst>
            <dst id="LOSAng">0</dst>
            <dst id="NYCMng">8555.86666666667</dst>
            <dst id="SNVAng">0</dst>
            <dst id="STTLng">80</dst>
            <dst id="WASHng">11025.2266666667</dst>
        </src>
        <src id="LOSAng">
            <dst id="ATLA-M5">0</dst>
            <dst id="ATLAng">26405.5333333333</dst>
            <dst id="CHINng">9734.408</dst>
            <dst id="DNVRng">7564.46666666667</dst>
            <dst id="HSTNng">165772.965333333</dst>
            <dst id="IPLSng">161.04</dst>
            <dst id="KSCYng">131.530666666667</dst>
            <dst id="LOSAng">41225.5573333333</dst>
            <dst id="NYCMng">49661.7493333333</dst>
            <dst id="SNVAng">8784.192</dst>
            <dst id="STTLng">32623.8</dst>
            <dst id="WASHng">81298.344</dst>
        </src>
        <src id="NYCMng">
            <dst id="ATLA-M5">0</dst>
            <dst id="ATLAng">31591</dst>
            <dst id="CHINng">77816.9173333333</dst>
            <dst id="DNVRng">42352.0586666667</dst>
            <dst id="HSTNng">124800.890666667</dst>
            <dst id="IPLSng">50714.3386666667</dst>
            <dst id="KSCYng">17798.4586666667</dst>
            <dst id="LOSAng">400.117333333333</dst>
            <dst id="NYCMng">236165.250666667</dst>
            <dst id="SNVAng">106.666666666667</dst>
            <dst id="STTLng">2908.968</dst>
            <dst id="WASHng">88382.2026666667</dst>
        </src>
        <src id="SNVAng">
            <dst id="ATLA-M5">0</dst>
            <dst id="ATLAng">219.293333333333</dst>
            <dst id="CHINng">663.504</dst>
            <dst id="DNVRng">4433.856</dst>
            <dst id="HSTNng">6094.25333333333</dst>
            <dst id="IPLSng">26.6666666666667</dst>
            <dst id="KSCYng">335.96</dst>
            <dst id="LOSAng">33293.7013333333</dst>
            <dst id="NYCMng">5385.49866666667</dst>
            <dst id="SNVAng">13324.1306666667</dst>
            <dst id="STTLng">49546.736</dst>
            <dst id="WASHng">687.808</dst>
        </src>
        <src id="STTLng">
            <dst id="ATLA-M5">0</dst>
            <dst id="ATLAng">8836.968</dst>
            <dst id="CHINng">22742.808</dst>
            <dst id="DNVRng">4327.18666666667</dst>
            <dst id="HSTNng">42900.2266666667</dst>
            <dst id="IPLSng">290.877333333333</dst>
            <dst id="KSCYng">2656.93866666667</dst>
            <dst id="LOSAng">23316.2826666667</dst>
            <dst id="NYCMng">17049.032</dst>
            <dst id="SNVAng">8049.70133333333</dst>
            <dst id="STTLng">7200.79733333333</dst>
            <dst id="WASHng">25805.0026666667</dst>
        </src>
        <src id="WASHng">
            <dst id="ATLA-M5">0</dst>
            <dst id="ATLAng">106771.373333333</dst>
            <dst id="CHINng">102734.370666667</dst>
            <dst id="DNVRng">5188.28266666667</dst>
            <dst id="HSTNng">307681.546666667</dst>
            <dst id="IPLSng">72698.1066666667</dst>
            <dst id="KSCYng">16342.7146666667</dst>
            <dst id="LOSAng">26.6666666666667</dst>
            <dst id="NYCMng">158433.2</dst>
            <dst id="SNVAng">202.408</dst>
            <dst id="STTLng">5140.61333333333</dst>
            <dst id="WASHng">412352.56</dst>
        </src>
    </IntraTM>
</TrafficMatrixFile>
