<?xml version="1.0" encoding="ISO-8859-1" standalone="yes"?>
<TrafficMatrixFile xsi:noNamespaceSchemaLocation="http://totem.run.montefiore.ulg.ac.be/Schema/TrafficMatrix-v1_2.xsd" xmlns:xsi="http://www.w3.org/2001/XMLSchema-instance">
    <IntraTM ASID="11537">
        <src id="ATLA-M5">
            <dst id="ATLA-M5">94.2293333333333</dst>
            <dst id="ATLAng">319.397333333333</dst>
            <dst id="CHINng">1960.26666666667</dst>
            <dst id="DNVRng">0</dst>
            <dst id="HSTNng">87.744</dst>
            <dst id="IPLSng">2133.864</dst>
            <dst id="KSCYng">0</dst>
            <dst id="LOSAng">0</dst>
            <dst id="NYCMng">2409.232</dst>
            <dst id="SNVAng">0</dst>
            <dst id="STTLng">26.6666666666667</dst>
            <dst id="WASHng">1254.49333333333</dst>
        </src>
        <src id="ATLAng">
            <dst id="ATLA-M5">0</dst>
            <dst id="ATLAng">29823.504</dst>
            <dst id="CHINng">40557.496</dst>
            <dst id="DNVRng">0</dst>
            <dst id="HSTNng">4093.528</dst>
            <dst id="IPLSng">30140.6586666667</dst>
            <dst id="KSCYng">26.6666666666667</dst>
            <dst id="LOSAng">0</dst>
            <dst id="NYCMng">55868.896</dst>
            <dst id="SNVAng">26.6666666666667</dst>
            <dst id="STTLng">26.6666666666667</dst>
            <dst id="WASHng">42051.8213333333</dst>
        </src>
        <src id="CHINng">
            <dst id="ATLA-M5">0</dst>
            <dst id="ATLAng">39665.3493333333</dst>
            <dst id="CHINng">30003.888</dst>
            <dst id="DNVRng">0</dst>
            <dst id="HSTNng">28551.1786666667</dst>
            <dst id="IPLSng">71259.8</dst>
            <dst id="KSCYng">114.976</dst>
            <dst id="LOSAng">26.6666666666667</dst>
            <dst id="NYCMng">199323.488</dst>
            <dst id="SNVAng">80</dst>
            <dst id="STTLng">429.077333333333</dst>
            <dst id="WASHng">46619.9626666667</dst>
        </src>
        <src id="DNVRng">
            <dst id="ATLA-M5">0</dst>
            <dst id="ATLAng">10130.864</dst>
            <dst id="CHINng">39760.28</dst>
            <dst id="DNVRng">9403.14133333333</dst>
            <dst id="HSTNng">34559.9333333333</dst>
            <dst id="IPLSng">33710.3466666667</dst>
            <dst id="KSCYng">17720.096</dst>
            <dst id="LOSAng">0</dst>
            <dst id="NYCMng">32547.9493333333</dst>
            <dst id="SNVAng">11664.3013333333</dst>
            <dst id="STTLng">1366.38933333333</dst>
            <dst id="WASHng">40911.7813333333</dst>
        </src>
        <src id="HSTNng">
            <dst id="ATLA-M5">0</dst>
            <dst id="ATLAng">49494.6826666667</dst>
            <dst id="CHINng">661.157333333333</dst>
            <dst id="DNVRng">26.6666666666667</dst>
            <dst id="HSTNng">135579.490666667</dst>
            <dst id="IPLSng">59.68</dst>
            <dst id="KSCYng">34.56</dst>
            <dst id="LOSAng">27.456</dst>
            <dst id="NYCMng">7363.30666666667</dst>
            <dst id="SNVAng">0</dst>
            <dst id="STTLng">0</dst>
            <dst id="WASHng">123995.154666667</dst>
        </src>
        <src id="IPLSng">
            <dst id="ATLA-M5">0</dst>
            <dst id="ATLAng">21887.4746666667</dst>
            <dst id="CHINng">156273.32</dst>
            <dst id="DNVRng">0</dst>
            <dst id="HSTNng">9733.65866666667</dst>
            <dst id="IPLSng">29596.9706666667</dst>
            <dst id="KSCYng">34433.9866666667</dst>
            <dst id="LOSAng">53.3333333333333</dst>
            <dst id="NYCMng">192992.16</dst>
            <dst id="SNVAng">80</dst>
            <dst id="STTLng">26.6933333333333</dst>
            <dst id="WASHng">23624.2213333333</dst>
        </src>
        <src id="KSCYng">
            <dst id="ATLA-M5">0</dst>
            <dst id="ATLAng">6272.61333333333</dst>
            <dst id="CHINng">18909.8586666667</dst>
            <dst id="DNVRng">8588.32</dst>
            <dst id="HSTNng">30135.5546666667</dst>
            <dst id="IPLSng">12703.264</dst>
            <dst id="KSCYng">6369.14133333333</dst>
            <dst id="LOSAng">0</dst>
            <dst id="NYCMng">59492.5786666667</dst>
            <dst id="SNVAng">0</dst>
            <dst id="STTLng">0</dst>
            <dst id="WASHng">13361.0293333333</dst>
        </src>
        <src id="LOSAng">
            <dst id="ATLA-M5">0</dst>
            <dst id="ATLAng">45733.5866666667</dst>
            <dst id="CHINng">2741.14666666667</dst>
            <dst id="DNVRng">29086.3893333333</dst>
            <dst id="HSTNng">117815.565333333</dst>
            <dst id="IPLSng">576.738666666667</dst>
            <dst id="KSCYng">81.9306666666667</dst>
            <dst id="LOSAng">27319.6506666667</dst>
            <dst id="NYCMng">59460.24</dst>
            <dst id="SNVAng">16966.648</dst>
            <dst id="STTLng">23909.4266666667</dst>
            <dst id="WASHng">100702.594666667</dst>
        </src>
        <src id="NYCMng">
            <dst id="ATLA-M5">0</dst>
            <dst id="ATLAng">38988.3413333333</dst>
            <dst id="CHINng">754.642666666667</dst>
            <dst id="DNVRng">0</dst>
            <dst id="HSTNng">27975.728</dst>
            <dst id="IPLSng">0</dst>
            <dst id="KSCYng">110.818666666667</dst>
            <dst id="LOSAng">157.293333333333</dst>
            <dst id="NYCMng">567905.493333333</dst>
            <dst id="SNVAng">26.6666666666667</dst>
            <dst id="STTLng">190.432</dst>
            <dst id="WASHng">108403.712</dst>
        </src>
        <src id="SNVAng">
            <dst id="ATLA-M5">0</dst>
            <dst id="ATLAng">1096.75733333333</dst>
            <dst id="CHINng">169.333333333333</dst>
            <dst id="DNVRng">2345.27466666667</dst>
            <dst id="HSTNng">9847.77333333333</dst>
            <dst id="IPLSng">26.6666666666667</dst>
            <dst id="KSCYng">463.448</dst>
            <dst id="LOSAng">37808.8533333333</dst>
            <dst id="NYCMng">5106.48533333333</dst>
            <dst id="SNVAng">15919.696</dst>
            <dst id="STTLng">59634.9786666667</dst>
            <dst id="WASHng">514.477333333333</dst>
        </src>
        <src id="STTLng">
            <dst id="ATLA-M5">0</dst>
            <dst id="ATLAng">9419.86933333333</dst>
            <dst id="CHINng">933.157333333333</dst>
            <dst id="DNVRng">4686.39733333333</dst>
            <dst id="HSTNng">18251.568</dst>
            <dst id="IPLSng">433.322666666667</dst>
            <dst id="KSCYng">5005.552</dst>
            <dst id="LOSAng">22572.4186666667</dst>
            <dst id="NYCMng">49382.9733333333</dst>
            <dst id="SNVAng">6348.77866666667</dst>
            <dst id="STTLng">9858.08266666667</dst>
            <dst id="WASHng">30654.3813333333</dst>
        </src>
        <src id="WASHng">
            <dst id="ATLA-M5">0</dst>
            <dst id="ATLAng">89267.096</dst>
            <dst id="CHINng">1346.78133333333</dst>
            <dst id="DNVRng">0</dst>
            <dst id="HSTNng">75046.2746666667</dst>
            <dst id="IPLSng">94.0266666666666</dst>
            <dst id="KSCYng">53.3333333333333</dst>
            <dst id="LOSAng">53.3333333333333</dst>
            <dst id="NYCMng">574489.226666667</dst>
            <dst id="SNVAng">92.6693333333333</dst>
            <dst id="STTLng">53.3333333333333</dst>
            <dst id="WASHng">248917.813333333</dst>
        </src>
    </IntraTM>
</TrafficMatrixFile>
