<?xml version="1.0" encoding="ISO-8859-1" standalone="yes"?>
<TrafficMatrixFile xsi:noNamespaceSchemaLocation="http://totem.run.montefiore.ulg.ac.be/Schema/TrafficMatrix-v1_2.xsd" xmlns:xsi="http://www.w3.org/2001/XMLSchema-instance">
    <IntraTM ASID="11537">
        <src id="ATLA-M5">
            <dst id="ATLA-M5">83.7546666666667</dst>
            <dst id="ATLAng">1085.96533333333</dst>
            <dst id="CHINng">485.250666666667</dst>
            <dst id="DNVRng">0</dst>
            <dst id="HSTNng">753.504</dst>
            <dst id="IPLSng">361.717333333333</dst>
            <dst id="KSCYng">128.410666666667</dst>
            <dst id="LOSAng">0</dst>
            <dst id="NYCMng">410.525333333333</dst>
            <dst id="SNVAng">26.6666666666667</dst>
            <dst id="STTLng">0</dst>
            <dst id="WASHng">1132.98666666667</dst>
        </src>
        <src id="ATLAng">
            <dst id="ATLA-M5">0</dst>
            <dst id="ATLAng">34866.864</dst>
            <dst id="CHINng">31167.0453333333</dst>
            <dst id="DNVRng">41.5466666666667</dst>
            <dst id="HSTNng">47831.0906666667</dst>
            <dst id="IPLSng">37091.2026666667</dst>
            <dst id="KSCYng">5317.62933333333</dst>
            <dst id="LOSAng">28.1013333333333</dst>
            <dst id="NYCMng">17058.0373333333</dst>
            <dst id="SNVAng">889.114666666667</dst>
            <dst id="STTLng">137.144</dst>
            <dst id="WASHng">70668.408</dst>
        </src>
        <src id="CHINng">
            <dst id="ATLA-M5">0</dst>
            <dst id="ATLAng">38118.8426666667</dst>
            <dst id="CHINng">165509.384</dst>
            <dst id="DNVRng">21148.44</dst>
            <dst id="HSTNng">79847.136</dst>
            <dst id="IPLSng">82791.7173333333</dst>
            <dst id="KSCYng">23049.1253333333</dst>
            <dst id="LOSAng">217.546666666667</dst>
            <dst id="NYCMng">33938.544</dst>
            <dst id="SNVAng">336.434666666667</dst>
            <dst id="STTLng">888.536</dst>
            <dst id="WASHng">48950.5413333333</dst>
        </src>
        <src id="DNVRng">
            <dst id="ATLA-M5">0</dst>
            <dst id="ATLAng">16888.352</dst>
            <dst id="CHINng">72175.2666666667</dst>
            <dst id="DNVRng">14844.5706666667</dst>
            <dst id="HSTNng">45171.4373333333</dst>
            <dst id="IPLSng">36530.7893333333</dst>
            <dst id="KSCYng">25602.6453333333</dst>
            <dst id="LOSAng">53.3333333333333</dst>
            <dst id="NYCMng">17485.3733333333</dst>
            <dst id="SNVAng">17881.864</dst>
            <dst id="STTLng">213.706666666667</dst>
            <dst id="WASHng">53434.7893333333</dst>
        </src>
        <src id="HSTNng">
            <dst id="ATLA-M5">0</dst>
            <dst id="ATLAng">50532.2613333333</dst>
            <dst id="CHINng">4186.57333333333</dst>
            <dst id="DNVRng">26.6666666666667</dst>
            <dst id="HSTNng">163039.181333333</dst>
            <dst id="IPLSng">53.3333333333333</dst>
            <dst id="KSCYng">224.448</dst>
            <dst id="LOSAng">26.6666666666667</dst>
            <dst id="NYCMng">8788.27733333333</dst>
            <dst id="SNVAng">0</dst>
            <dst id="STTLng">108</dst>
            <dst id="WASHng">114415.029333333</dst>
        </src>
        <src id="IPLSng">
            <dst id="ATLA-M5">0</dst>
            <dst id="ATLAng">17968.6266666667</dst>
            <dst id="CHINng">161006.344</dst>
            <dst id="DNVRng">11362.4453333333</dst>
            <dst id="HSTNng">51404.2</dst>
            <dst id="IPLSng">50043.1546666667</dst>
            <dst id="KSCYng">35709.888</dst>
            <dst id="LOSAng">80</dst>
            <dst id="NYCMng">43655.8826666667</dst>
            <dst id="SNVAng">336.754666666667</dst>
            <dst id="STTLng">560.216</dst>
            <dst id="WASHng">41046.1973333333</dst>
        </src>
        <src id="KSCYng">
            <dst id="ATLA-M5">0</dst>
            <dst id="ATLAng">8735.48266666667</dst>
            <dst id="CHINng">41733.44</dst>
            <dst id="DNVRng">20711.1626666667</dst>
            <dst id="HSTNng">15663.1146666667</dst>
            <dst id="IPLSng">20872.6213333333</dst>
            <dst id="KSCYng">14100.9226666667</dst>
            <dst id="LOSAng">0</dst>
            <dst id="NYCMng">11318.3573333333</dst>
            <dst id="SNVAng">138</dst>
            <dst id="STTLng">189.152</dst>
            <dst id="WASHng">15877.3146666667</dst>
        </src>
        <src id="LOSAng">
            <dst id="ATLA-M5">0</dst>
            <dst id="ATLAng">41234.36</dst>
            <dst id="CHINng">9507.624</dst>
            <dst id="DNVRng">16013.36</dst>
            <dst id="HSTNng">204617.765333333</dst>
            <dst id="IPLSng">2196.488</dst>
            <dst id="KSCYng">1210</dst>
            <dst id="LOSAng">20147.4586666667</dst>
            <dst id="NYCMng">61442.544</dst>
            <dst id="SNVAng">20938.9413333333</dst>
            <dst id="STTLng">23706.6746666667</dst>
            <dst id="WASHng">100129.429333333</dst>
        </src>
        <src id="NYCMng">
            <dst id="ATLA-M5">0</dst>
            <dst id="ATLAng">55185.7013333333</dst>
            <dst id="CHINng">87050.144</dst>
            <dst id="DNVRng">32358.168</dst>
            <dst id="HSTNng">103825.949333333</dst>
            <dst id="IPLSng">86671.7066666667</dst>
            <dst id="KSCYng">21353.992</dst>
            <dst id="LOSAng">79.7786666666667</dst>
            <dst id="NYCMng">221113.608</dst>
            <dst id="SNVAng">204.8</dst>
            <dst id="STTLng">2496.856</dst>
            <dst id="WASHng">134518.386666667</dst>
        </src>
        <src id="SNVAng">
            <dst id="ATLA-M5">0</dst>
            <dst id="ATLAng">5244.13066666667</dst>
            <dst id="CHINng">744.626666666667</dst>
            <dst id="DNVRng">4797.656</dst>
            <dst id="HSTNng">8140.04266666667</dst>
            <dst id="IPLSng">65.44</dst>
            <dst id="KSCYng">1260.63733333333</dst>
            <dst id="LOSAng">42190.4506666667</dst>
            <dst id="NYCMng">5449.61066666667</dst>
            <dst id="SNVAng">16559.72</dst>
            <dst id="STTLng">51207.736</dst>
            <dst id="WASHng">3765.77333333333</dst>
        </src>
        <src id="STTLng">
            <dst id="ATLA-M5">0</dst>
            <dst id="ATLAng">14893.8</dst>
            <dst id="CHINng">37054.3946666667</dst>
            <dst id="DNVRng">6268.208</dst>
            <dst id="HSTNng">54846.5333333333</dst>
            <dst id="IPLSng">983.522666666667</dst>
            <dst id="KSCYng">9313.192</dst>
            <dst id="LOSAng">19431.1866666667</dst>
            <dst id="NYCMng">14415.672</dst>
            <dst id="SNVAng">8665.30133333333</dst>
            <dst id="STTLng">5387.29866666667</dst>
            <dst id="WASHng">37216.56</dst>
        </src>
        <src id="WASHng">
            <dst id="ATLA-M5">0</dst>
            <dst id="ATLAng">150096.744</dst>
            <dst id="CHINng">96493.856</dst>
            <dst id="DNVRng">7404.648</dst>
            <dst id="HSTNng">308565.36</dst>
            <dst id="IPLSng">91544.2613333333</dst>
            <dst id="KSCYng">22073.3973333333</dst>
            <dst id="LOSAng">0</dst>
            <dst id="NYCMng">192748.4</dst>
            <dst id="SNVAng">517.970666666667</dst>
            <dst id="STTLng">4351.46133333333</dst>
            <dst id="WASHng">427937.573333333</dst>
        </src>
    </IntraTM>
</TrafficMatrixFile>
