<?xml version="1.0" encoding="ISO-8859-1" standalone="yes"?>
<TrafficMatrixFile xsi:noNamespaceSchemaLocation="http://totem.run.montefiore.ulg.ac.be/Schema/TrafficMatrix-v1_2.xsd" xmlns:xsi="http://www.w3.org/2001/XMLSchema-instance">
    <IntraTM ASID="11537">
        <src id="ATLA-M5">
            <dst id="ATLA-M5">690.981333333333</dst>
            <dst id="ATLAng">905.213333333333</dst>
            <dst id="CHINng">449.309333333333</dst>
            <dst id="DNVRng">26.6666666666667</dst>
            <dst id="HSTNng">1905.15466666667</dst>
            <dst id="IPLSng">681.224</dst>
            <dst id="KSCYng">1826.51733333333</dst>
            <dst id="LOSAng">0</dst>
            <dst id="NYCMng">1597.98933333333</dst>
            <dst id="SNVAng">27.4986666666667</dst>
            <dst id="STTLng">0</dst>
            <dst id="WASHng">1733.19733333333</dst>
        </src>
        <src id="ATLAng">
            <dst id="ATLA-M5">0</dst>
            <dst id="ATLAng">26368.3786666667</dst>
            <dst id="CHINng">59647.4666666667</dst>
            <dst id="DNVRng">229.056</dst>
            <dst id="HSTNng">63141.4213333333</dst>
            <dst id="IPLSng">42151.9493333333</dst>
            <dst id="KSCYng">6846.56266666667</dst>
            <dst id="LOSAng">0</dst>
            <dst id="NYCMng">17347.6266666667</dst>
            <dst id="SNVAng">53.3333333333333</dst>
            <dst id="STTLng">885.192</dst>
            <dst id="WASHng">54923.0746666667</dst>
        </src>
        <src id="CHINng">
            <dst id="ATLA-M5">0</dst>
            <dst id="ATLAng">49644.728</dst>
            <dst id="CHINng">112413.256</dst>
            <dst id="DNVRng">24672.7013333333</dst>
            <dst id="HSTNng">122546.904</dst>
            <dst id="IPLSng">72459.0373333334</dst>
            <dst id="KSCYng">18576.2533333333</dst>
            <dst id="LOSAng">255.893333333333</dst>
            <dst id="NYCMng">54621.6293333333</dst>
            <dst id="SNVAng">54.3173333333333</dst>
            <dst id="STTLng">821.592</dst>
            <dst id="WASHng">41470.1813333333</dst>
        </src>
        <src id="DNVRng">
            <dst id="ATLA-M5">0</dst>
            <dst id="ATLAng">16112.8986666667</dst>
            <dst id="CHINng">84927.608</dst>
            <dst id="DNVRng">15544.2506666667</dst>
            <dst id="HSTNng">49160.8906666667</dst>
            <dst id="IPLSng">28402.2666666667</dst>
            <dst id="KSCYng">22606.024</dst>
            <dst id="LOSAng">26.6666666666667</dst>
            <dst id="NYCMng">20560.408</dst>
            <dst id="SNVAng">20150.1093333333</dst>
            <dst id="STTLng">283.405333333333</dst>
            <dst id="WASHng">47616.3866666667</dst>
        </src>
        <src id="HSTNng">
            <dst id="ATLA-M5">0</dst>
            <dst id="ATLAng">47663.6</dst>
            <dst id="CHINng">3727.10933333333</dst>
            <dst id="DNVRng">26.6666666666667</dst>
            <dst id="HSTNng">179364.392</dst>
            <dst id="IPLSng">214.954666666667</dst>
            <dst id="KSCYng">62.6666666666667</dst>
            <dst id="LOSAng">53.3333333333333</dst>
            <dst id="NYCMng">8355.53866666667</dst>
            <dst id="SNVAng">26.6666666666667</dst>
            <dst id="STTLng">329.68</dst>
            <dst id="WASHng">122521.373333333</dst>
        </src>
        <src id="IPLSng">
            <dst id="ATLA-M5">0</dst>
            <dst id="ATLAng">33722.312</dst>
            <dst id="CHINng">103314.069333333</dst>
            <dst id="DNVRng">37481.9173333333</dst>
            <dst id="HSTNng">75595.096</dst>
            <dst id="IPLSng">55697.76</dst>
            <dst id="KSCYng">24466.7066666667</dst>
            <dst id="LOSAng">997.282666666667</dst>
            <dst id="NYCMng">53873.3146666667</dst>
            <dst id="SNVAng">841.24</dst>
            <dst id="STTLng">237.669333333333</dst>
            <dst id="WASHng">33668.296</dst>
        </src>
        <src id="KSCYng">
            <dst id="ATLA-M5">0</dst>
            <dst id="ATLAng">4009.54933333333</dst>
            <dst id="CHINng">34467.8453333333</dst>
            <dst id="DNVRng">37186.8666666667</dst>
            <dst id="HSTNng">21812.7333333333</dst>
            <dst id="IPLSng">28984.9333333333</dst>
            <dst id="KSCYng">8662.832</dst>
            <dst id="LOSAng">88.3893333333333</dst>
            <dst id="NYCMng">9078.936</dst>
            <dst id="SNVAng">26.6666666666667</dst>
            <dst id="STTLng">132.669333333333</dst>
            <dst id="WASHng">18315.0773333333</dst>
        </src>
        <src id="LOSAng">
            <dst id="ATLA-M5">0</dst>
            <dst id="ATLAng">41628.4986666667</dst>
            <dst id="CHINng">5701.62133333333</dst>
            <dst id="DNVRng">25382.0426666667</dst>
            <dst id="HSTNng">190468.453333333</dst>
            <dst id="IPLSng">1005.288</dst>
            <dst id="KSCYng">987.448</dst>
            <dst id="LOSAng">14281.3946666667</dst>
            <dst id="NYCMng">65752.048</dst>
            <dst id="SNVAng">23313.912</dst>
            <dst id="STTLng">24325.92</dst>
            <dst id="WASHng">104722.293333333</dst>
        </src>
        <src id="NYCMng">
            <dst id="ATLA-M5">0</dst>
            <dst id="ATLAng">54612.4</dst>
            <dst id="CHINng">95171.176</dst>
            <dst id="DNVRng">57760.5253333333</dst>
            <dst id="HSTNng">161446.8</dst>
            <dst id="IPLSng">77434.6426666667</dst>
            <dst id="KSCYng">34436.424</dst>
            <dst id="LOSAng">106.666666666667</dst>
            <dst id="NYCMng">254449</dst>
            <dst id="SNVAng">80</dst>
            <dst id="STTLng">1896.264</dst>
            <dst id="WASHng">193840.357333333</dst>
        </src>
        <src id="SNVAng">
            <dst id="ATLA-M5">0</dst>
            <dst id="ATLAng">2919.98666666667</dst>
            <dst id="CHINng">53.3333333333333</dst>
            <dst id="DNVRng">8676.73333333334</dst>
            <dst id="HSTNng">14680.6053333333</dst>
            <dst id="IPLSng">0</dst>
            <dst id="KSCYng">6943.68</dst>
            <dst id="LOSAng">39582.56</dst>
            <dst id="NYCMng">9201.61066666667</dst>
            <dst id="SNVAng">16072.032</dst>
            <dst id="STTLng">53569.6373333333</dst>
            <dst id="WASHng">3556.55466666667</dst>
        </src>
        <src id="STTLng">
            <dst id="ATLA-M5">0</dst>
            <dst id="ATLAng">15996.5093333333</dst>
            <dst id="CHINng">22517.7333333333</dst>
            <dst id="DNVRng">14921.016</dst>
            <dst id="HSTNng">53114.112</dst>
            <dst id="IPLSng">407.661333333333</dst>
            <dst id="KSCYng">6024.62666666667</dst>
            <dst id="LOSAng">29612.0853333333</dst>
            <dst id="NYCMng">15076.1813333333</dst>
            <dst id="SNVAng">10194.1866666667</dst>
            <dst id="STTLng">5363.056</dst>
            <dst id="WASHng">36791.016</dst>
        </src>
        <src id="WASHng">
            <dst id="ATLA-M5">0</dst>
            <dst id="ATLAng">86787.0266666667</dst>
            <dst id="CHINng">124838.890666667</dst>
            <dst id="DNVRng">4262.93866666667</dst>
            <dst id="HSTNng">373632.853333333</dst>
            <dst id="IPLSng">80749.344</dst>
            <dst id="KSCYng">28130.7466666667</dst>
            <dst id="LOSAng">53.3333333333333</dst>
            <dst id="NYCMng">236425.210666667</dst>
            <dst id="SNVAng">403.613333333333</dst>
            <dst id="STTLng">2565.60533333333</dst>
            <dst id="WASHng">278885.626666667</dst>
        </src>
    </IntraTM>
</TrafficMatrixFile>
