<?xml version="1.0" encoding="ISO-8859-1" standalone="yes"?>
<TrafficMatrixFile xsi:noNamespaceSchemaLocation="http://totem.run.montefiore.ulg.ac.be/Schema/TrafficMatrix-v1_2.xsd" xmlns:xsi="http://www.w3.org/2001/XMLSchema-instance">
    <IntraTM ASID="11537">
        <src id="ATLA-M5">
            <dst id="ATLA-M5">26.6666666666667</dst>
            <dst id="ATLAng">187.578666666667</dst>
            <dst id="CHINng">1819.29066666667</dst>
            <dst id="DNVRng">0</dst>
            <dst id="HSTNng">1614.65866666667</dst>
            <dst id="IPLSng">1157.584</dst>
            <dst id="KSCYng">185.621333333333</dst>
            <dst id="LOSAng">0</dst>
            <dst id="NYCMng">2303.49066666667</dst>
            <dst id="SNVAng">0</dst>
            <dst id="STTLng">0</dst>
            <dst id="WASHng">1336.584</dst>
        </src>
        <src id="ATLAng">
            <dst id="ATLA-M5">0</dst>
            <dst id="ATLAng">26977.52</dst>
            <dst id="CHINng">21675.6746666667</dst>
            <dst id="DNVRng">80</dst>
            <dst id="HSTNng">61620.208</dst>
            <dst id="IPLSng">40510.2746666667</dst>
            <dst id="KSCYng">8336.32533333333</dst>
            <dst id="LOSAng">255.002666666667</dst>
            <dst id="NYCMng">23286.0053333333</dst>
            <dst id="SNVAng">26.6666666666667</dst>
            <dst id="STTLng">378.056</dst>
            <dst id="WASHng">86683.7813333333</dst>
        </src>
        <src id="CHINng">
            <dst id="ATLA-M5">0</dst>
            <dst id="ATLAng">40135.3573333333</dst>
            <dst id="CHINng">123394.082666667</dst>
            <dst id="DNVRng">24827.6213333333</dst>
            <dst id="HSTNng">111122.949333333</dst>
            <dst id="IPLSng">101311.384</dst>
            <dst id="KSCYng">17632.536</dst>
            <dst id="LOSAng">156.538666666667</dst>
            <dst id="NYCMng">55210.3253333333</dst>
            <dst id="SNVAng">53.3333333333333</dst>
            <dst id="STTLng">1214.05866666667</dst>
            <dst id="WASHng">65073.7173333333</dst>
        </src>
        <src id="DNVRng">
            <dst id="ATLA-M5">0</dst>
            <dst id="ATLAng">21418.2826666667</dst>
            <dst id="CHINng">70975.7653333333</dst>
            <dst id="DNVRng">9131.088</dst>
            <dst id="HSTNng">46959.7626666667</dst>
            <dst id="IPLSng">26135.6106666667</dst>
            <dst id="KSCYng">21797.4346666667</dst>
            <dst id="LOSAng">0</dst>
            <dst id="NYCMng">23310.8586666667</dst>
            <dst id="SNVAng">27313.6853333333</dst>
            <dst id="STTLng">666.08</dst>
            <dst id="WASHng">49494.7413333333</dst>
        </src>
        <src id="HSTNng">
            <dst id="ATLA-M5">0</dst>
            <dst id="ATLAng">36296.544</dst>
            <dst id="CHINng">2526.24</dst>
            <dst id="DNVRng">53.3333333333333</dst>
            <dst id="HSTNng">159250.818666667</dst>
            <dst id="IPLSng">80</dst>
            <dst id="KSCYng">26.6666666666667</dst>
            <dst id="LOSAng">0</dst>
            <dst id="NYCMng">10617.3626666667</dst>
            <dst id="SNVAng">26.6666666666667</dst>
            <dst id="STTLng">681.824</dst>
            <dst id="WASHng">121239.072</dst>
        </src>
        <src id="IPLSng">
            <dst id="ATLA-M5">0</dst>
            <dst id="ATLAng">33247.856</dst>
            <dst id="CHINng">171867.488</dst>
            <dst id="DNVRng">15902.6373333333</dst>
            <dst id="HSTNng">103176.602666667</dst>
            <dst id="IPLSng">39400.8746666667</dst>
            <dst id="KSCYng">38296.5013333333</dst>
            <dst id="LOSAng">0</dst>
            <dst id="NYCMng">76324.7466666667</dst>
            <dst id="SNVAng">214.834666666667</dst>
            <dst id="STTLng">1261.74933333333</dst>
            <dst id="WASHng">49142.856</dst>
        </src>
        <src id="KSCYng">
            <dst id="ATLA-M5">0</dst>
            <dst id="ATLAng">5647.65066666667</dst>
            <dst id="CHINng">36488.928</dst>
            <dst id="DNVRng">13822.16</dst>
            <dst id="HSTNng">20820.12</dst>
            <dst id="IPLSng">19602.5173333333</dst>
            <dst id="KSCYng">10691.4</dst>
            <dst id="LOSAng">0</dst>
            <dst id="NYCMng">12068.8346666667</dst>
            <dst id="SNVAng">64.9466666666667</dst>
            <dst id="STTLng">175.690666666667</dst>
            <dst id="WASHng">17681.5093333333</dst>
        </src>
        <src id="LOSAng">
            <dst id="ATLA-M5">0</dst>
            <dst id="ATLAng">25075.296</dst>
            <dst id="CHINng">10797.7786666667</dst>
            <dst id="DNVRng">22442.2</dst>
            <dst id="HSTNng">163776.645333333</dst>
            <dst id="IPLSng">724.141333333333</dst>
            <dst id="KSCYng">371.906666666667</dst>
            <dst id="LOSAng">14809.376</dst>
            <dst id="NYCMng">68278.568</dst>
            <dst id="SNVAng">21987.9813333333</dst>
            <dst id="STTLng">35007.7866666667</dst>
            <dst id="WASHng">108132.728</dst>
        </src>
        <src id="NYCMng">
            <dst id="ATLA-M5">0</dst>
            <dst id="ATLAng">52180.8693333333</dst>
            <dst id="CHINng">88120.6906666666</dst>
            <dst id="DNVRng">35266.2026666667</dst>
            <dst id="HSTNng">159238.946666667</dst>
            <dst id="IPLSng">96286.9306666667</dst>
            <dst id="KSCYng">28098.448</dst>
            <dst id="LOSAng">62.752</dst>
            <dst id="NYCMng">257652.522666667</dst>
            <dst id="SNVAng">26.6666666666667</dst>
            <dst id="STTLng">4560.41333333333</dst>
            <dst id="WASHng">171457.736</dst>
        </src>
        <src id="SNVAng">
            <dst id="ATLA-M5">0</dst>
            <dst id="ATLAng">1310.368</dst>
            <dst id="CHINng">1682.696</dst>
            <dst id="DNVRng">13812.624</dst>
            <dst id="HSTNng">9691.24533333334</dst>
            <dst id="IPLSng">0</dst>
            <dst id="KSCYng">2203.83466666667</dst>
            <dst id="LOSAng">45099.6373333333</dst>
            <dst id="NYCMng">9773.84266666667</dst>
            <dst id="SNVAng">18131.7973333333</dst>
            <dst id="STTLng">56766.6986666666</dst>
            <dst id="WASHng">4955.84266666667</dst>
        </src>
        <src id="STTLng">
            <dst id="ATLA-M5">0</dst>
            <dst id="ATLAng">13573.1253333333</dst>
            <dst id="CHINng">26648.7733333333</dst>
            <dst id="DNVRng">10103.9493333333</dst>
            <dst id="HSTNng">47662.6</dst>
            <dst id="IPLSng">270.085333333333</dst>
            <dst id="KSCYng">3960.92533333333</dst>
            <dst id="LOSAng">44306.5653333333</dst>
            <dst id="NYCMng">20400.6853333333</dst>
            <dst id="SNVAng">7330.328</dst>
            <dst id="STTLng">6485.77066666667</dst>
            <dst id="WASHng">39289.944</dst>
        </src>
        <src id="WASHng">
            <dst id="ATLA-M5">0</dst>
            <dst id="ATLAng">95557.5866666667</dst>
            <dst id="CHINng">90103.392</dst>
            <dst id="DNVRng">3059.52</dst>
            <dst id="HSTNng">330544.426666667</dst>
            <dst id="IPLSng">90186.832</dst>
            <dst id="KSCYng">20239.744</dst>
            <dst id="LOSAng">84.152</dst>
            <dst id="NYCMng">199895.528</dst>
            <dst id="SNVAng">337.936</dst>
            <dst id="STTLng">5292.32533333333</dst>
            <dst id="WASHng">264882.928</dst>
        </src>
    </IntraTM>
</TrafficMatrixFile>
