<?xml version="1.0" encoding="ISO-8859-1" standalone="yes"?>
<TrafficMatrixFile xsi:noNamespaceSchemaLocation="http://totem.run.montefiore.ulg.ac.be/Schema/TrafficMatrix-v1_2.xsd" xmlns:xsi="http://www.w3.org/2001/XMLSchema-instance">
    <IntraTM ASID="11537">
        <src id="ATLA-M5">
            <dst id="ATLA-M5">64.752</dst>
            <dst id="ATLAng">155.4</dst>
            <dst id="CHINng">296.474666666667</dst>
            <dst id="DNVRng">0</dst>
            <dst id="HSTNng">621.021333333333</dst>
            <dst id="IPLSng">172.725333333333</dst>
            <dst id="KSCYng">164.24</dst>
            <dst id="LOSAng">0</dst>
            <dst id="NYCMng">706.672</dst>
            <dst id="SNVAng">0</dst>
            <dst id="STTLng">0</dst>
            <dst id="WASHng">751.573333333333</dst>
        </src>
        <src id="ATLAng">
            <dst id="ATLA-M5">0</dst>
            <dst id="ATLAng">46035.3386666667</dst>
            <dst id="CHINng">23240.4613333333</dst>
            <dst id="DNVRng">35.2853333333333</dst>
            <dst id="HSTNng">28518.512</dst>
            <dst id="IPLSng">30133.0826666667</dst>
            <dst id="KSCYng">5651.77333333333</dst>
            <dst id="LOSAng">0</dst>
            <dst id="NYCMng">17959.3866666667</dst>
            <dst id="SNVAng">626.970666666667</dst>
            <dst id="STTLng">1272.176</dst>
            <dst id="WASHng">70497.0106666667</dst>
        </src>
        <src id="CHINng">
            <dst id="ATLA-M5">0</dst>
            <dst id="ATLAng">22191.3546666667</dst>
            <dst id="CHINng">156659.914666667</dst>
            <dst id="DNVRng">16748.8106666667</dst>
            <dst id="HSTNng">79699.464</dst>
            <dst id="IPLSng">65461.3226666667</dst>
            <dst id="KSCYng">16550.3386666667</dst>
            <dst id="LOSAng">154.253333333333</dst>
            <dst id="NYCMng">28928.3813333333</dst>
            <dst id="SNVAng">80</dst>
            <dst id="STTLng">745.202666666667</dst>
            <dst id="WASHng">38361.4373333333</dst>
        </src>
        <src id="DNVRng">
            <dst id="ATLA-M5">0</dst>
            <dst id="ATLAng">9822.65333333333</dst>
            <dst id="CHINng">77080.8533333333</dst>
            <dst id="DNVRng">11236.6506666667</dst>
            <dst id="HSTNng">38304.352</dst>
            <dst id="IPLSng">28214.0266666667</dst>
            <dst id="KSCYng">18904.0853333333</dst>
            <dst id="LOSAng">0</dst>
            <dst id="NYCMng">18503.9706666667</dst>
            <dst id="SNVAng">10658.28</dst>
            <dst id="STTLng">53.3333333333333</dst>
            <dst id="WASHng">48732.488</dst>
        </src>
        <src id="HSTNng">
            <dst id="ATLA-M5">0</dst>
            <dst id="ATLAng">33476.736</dst>
            <dst id="CHINng">5336.92</dst>
            <dst id="DNVRng">74.4853333333333</dst>
            <dst id="HSTNng">227761.944</dst>
            <dst id="IPLSng">217.778666666667</dst>
            <dst id="KSCYng">0</dst>
            <dst id="LOSAng">0</dst>
            <dst id="NYCMng">4547.56</dst>
            <dst id="SNVAng">63.856</dst>
            <dst id="STTLng">53.3333333333333</dst>
            <dst id="WASHng">106418.608</dst>
        </src>
        <src id="IPLSng">
            <dst id="ATLA-M5">0</dst>
            <dst id="ATLAng">16540.768</dst>
            <dst id="CHINng">165658.288</dst>
            <dst id="DNVRng">8069.64</dst>
            <dst id="HSTNng">48742.9253333333</dst>
            <dst id="IPLSng">27954.96</dst>
            <dst id="KSCYng">23375.4613333333</dst>
            <dst id="LOSAng">26.6666666666667</dst>
            <dst id="NYCMng">40179.4186666667</dst>
            <dst id="SNVAng">332.786666666667</dst>
            <dst id="STTLng">310.450666666667</dst>
            <dst id="WASHng">39405.7546666667</dst>
        </src>
        <src id="KSCYng">
            <dst id="ATLA-M5">0</dst>
            <dst id="ATLAng">7378.66666666667</dst>
            <dst id="CHINng">31944.32</dst>
            <dst id="DNVRng">6382.904</dst>
            <dst id="HSTNng">12638.16</dst>
            <dst id="IPLSng">14405.2133333333</dst>
            <dst id="KSCYng">17980.344</dst>
            <dst id="LOSAng">0</dst>
            <dst id="NYCMng">9451.64266666667</dst>
            <dst id="SNVAng">26.6666666666667</dst>
            <dst id="STTLng">199.845333333333</dst>
            <dst id="WASHng">14343.0026666667</dst>
        </src>
        <src id="LOSAng">
            <dst id="ATLA-M5">0</dst>
            <dst id="ATLAng">27451.096</dst>
            <dst id="CHINng">12038.8906666667</dst>
            <dst id="DNVRng">9710.91733333333</dst>
            <dst id="HSTNng">189471.664</dst>
            <dst id="IPLSng">2311.97066666667</dst>
            <dst id="KSCYng">409.165333333333</dst>
            <dst id="LOSAng">23753.8933333333</dst>
            <dst id="NYCMng">57384.6346666667</dst>
            <dst id="SNVAng">13483.4666666667</dst>
            <dst id="STTLng">16438.8266666667</dst>
            <dst id="WASHng">97698</dst>
        </src>
        <src id="NYCMng">
            <dst id="ATLA-M5">0</dst>
            <dst id="ATLAng">50442.0373333333</dst>
            <dst id="CHINng">82077.12</dst>
            <dst id="DNVRng">30653.1813333333</dst>
            <dst id="HSTNng">84890.2026666667</dst>
            <dst id="IPLSng">61959.7813333333</dst>
            <dst id="KSCYng">20662.0773333333</dst>
            <dst id="LOSAng">127.733333333333</dst>
            <dst id="NYCMng">205774.488</dst>
            <dst id="SNVAng">132.194666666667</dst>
            <dst id="STTLng">2400.81066666667</dst>
            <dst id="WASHng">106349.096</dst>
        </src>
        <src id="SNVAng">
            <dst id="ATLA-M5">0</dst>
            <dst id="ATLAng">410.077333333333</dst>
            <dst id="CHINng">80</dst>
            <dst id="DNVRng">1647.704</dst>
            <dst id="HSTNng">3979.848</dst>
            <dst id="IPLSng">26.6666666666667</dst>
            <dst id="KSCYng">582.901333333333</dst>
            <dst id="LOSAng">34163.9493333333</dst>
            <dst id="NYCMng">10113.464</dst>
            <dst id="SNVAng">18518.5706666667</dst>
            <dst id="STTLng">51282.4266666667</dst>
            <dst id="WASHng">489.826666666667</dst>
        </src>
        <src id="STTLng">
            <dst id="ATLA-M5">0</dst>
            <dst id="ATLAng">14001.44</dst>
            <dst id="CHINng">25843.2586666667</dst>
            <dst id="DNVRng">4999.90666666667</dst>
            <dst id="HSTNng">55761.2</dst>
            <dst id="IPLSng">744.322666666667</dst>
            <dst id="KSCYng">2898.14133333333</dst>
            <dst id="LOSAng">17514.9626666667</dst>
            <dst id="NYCMng">15464.3066666667</dst>
            <dst id="SNVAng">8735.69866666667</dst>
            <dst id="STTLng">5680.616</dst>
            <dst id="WASHng">35833.0693333333</dst>
        </src>
        <src id="WASHng">
            <dst id="ATLA-M5">0</dst>
            <dst id="ATLAng">109870.992</dst>
            <dst id="CHINng">70854.8346666667</dst>
            <dst id="DNVRng">3279.18133333333</dst>
            <dst id="HSTNng">277334.133333333</dst>
            <dst id="IPLSng">74817.024</dst>
            <dst id="KSCYng">30205.3226666667</dst>
            <dst id="LOSAng">0</dst>
            <dst id="NYCMng">179663.202666667</dst>
            <dst id="SNVAng">521.802666666667</dst>
            <dst id="STTLng">3898.94933333333</dst>
            <dst id="WASHng">433657.013333333</dst>
        </src>
    </IntraTM>
</TrafficMatrixFile>
