<?xml version="1.0" encoding="ISO-8859-1" standalone="yes"?>
<TrafficMatrixFile xsi:noNamespaceSchemaLocation="http://totem.run.montefiore.ulg.ac.be/Schema/TrafficMatrix-v1_2.xsd" xmlns:xsi="http://www.w3.org/2001/XMLSchema-instance">
    <IntraTM ASID="11537">
        <src id="ATLA-M5">
            <dst id="ATLA-M5">178.096</dst>
            <dst id="ATLAng">799.392</dst>
            <dst id="CHINng">490.709333333333</dst>
            <dst id="DNVRng">53.3333333333333</dst>
            <dst id="HSTNng">2504.27733333333</dst>
            <dst id="IPLSng">1255.61066666667</dst>
            <dst id="KSCYng">71.808</dst>
            <dst id="LOSAng">0</dst>
            <dst id="NYCMng">502.122666666667</dst>
            <dst id="SNVAng">26.6666666666667</dst>
            <dst id="STTLng">53.3333333333333</dst>
            <dst id="WASHng">6192.82666666667</dst>
        </src>
        <src id="ATLAng">
            <dst id="ATLA-M5">0</dst>
            <dst id="ATLAng">36397.2053333333</dst>
            <dst id="CHINng">31671.2533333333</dst>
            <dst id="DNVRng">125.962666666667</dst>
            <dst id="HSTNng">50706.0266666667</dst>
            <dst id="IPLSng">32554.616</dst>
            <dst id="KSCYng">5995.81066666667</dst>
            <dst id="LOSAng">53.3333333333333</dst>
            <dst id="NYCMng">20683.3893333333</dst>
            <dst id="SNVAng">660.402666666667</dst>
            <dst id="STTLng">320.554666666667</dst>
            <dst id="WASHng">89080.4986666667</dst>
        </src>
        <src id="CHINng">
            <dst id="ATLA-M5">0</dst>
            <dst id="ATLAng">42486.784</dst>
            <dst id="CHINng">122785.429333333</dst>
            <dst id="DNVRng">20744.9226666667</dst>
            <dst id="HSTNng">77277.1626666667</dst>
            <dst id="IPLSng">77153.3653333333</dst>
            <dst id="KSCYng">22732.264</dst>
            <dst id="LOSAng">0</dst>
            <dst id="NYCMng">27026.2613333333</dst>
            <dst id="SNVAng">637.714666666667</dst>
            <dst id="STTLng">805.328</dst>
            <dst id="WASHng">56786.2986666667</dst>
        </src>
        <src id="DNVRng">
            <dst id="ATLA-M5">0</dst>
            <dst id="ATLAng">13319.344</dst>
            <dst id="CHINng">61671.28</dst>
            <dst id="DNVRng">22859.3946666667</dst>
            <dst id="HSTNng">52492.6826666667</dst>
            <dst id="IPLSng">52509.3013333333</dst>
            <dst id="KSCYng">19362.0026666667</dst>
            <dst id="LOSAng">53.3333333333333</dst>
            <dst id="NYCMng">22060.9253333333</dst>
            <dst id="SNVAng">14162.7813333333</dst>
            <dst id="STTLng">146.941333333333</dst>
            <dst id="WASHng">53207.352</dst>
        </src>
        <src id="HSTNng">
            <dst id="ATLA-M5">0</dst>
            <dst id="ATLAng">28900.7146666667</dst>
            <dst id="CHINng">3820.43733333333</dst>
            <dst id="DNVRng">45.6453333333333</dst>
            <dst id="HSTNng">183596.789333333</dst>
            <dst id="IPLSng">155.706666666667</dst>
            <dst id="KSCYng">122.421333333333</dst>
            <dst id="LOSAng">0</dst>
            <dst id="NYCMng">12850.5493333333</dst>
            <dst id="SNVAng">29.8426666666667</dst>
            <dst id="STTLng">121.008</dst>
            <dst id="WASHng">121069.424</dst>
        </src>
        <src id="IPLSng">
            <dst id="ATLA-M5">0</dst>
            <dst id="ATLAng">22361.7413333333</dst>
            <dst id="CHINng">152457.976</dst>
            <dst id="DNVRng">23722.072</dst>
            <dst id="HSTNng">82580.6666666667</dst>
            <dst id="IPLSng">66544.2133333333</dst>
            <dst id="KSCYng">24859.568</dst>
            <dst id="LOSAng">53.3333333333333</dst>
            <dst id="NYCMng">59983.9973333333</dst>
            <dst id="SNVAng">1628.856</dst>
            <dst id="STTLng">826.242666666667</dst>
            <dst id="WASHng">40381.1226666667</dst>
        </src>
        <src id="KSCYng">
            <dst id="ATLA-M5">0</dst>
            <dst id="ATLAng">6636.536</dst>
            <dst id="CHINng">39473.128</dst>
            <dst id="DNVRng">14354.968</dst>
            <dst id="HSTNng">15486.8586666667</dst>
            <dst id="IPLSng">26201.512</dst>
            <dst id="KSCYng">10040.064</dst>
            <dst id="LOSAng">0</dst>
            <dst id="NYCMng">9219.76</dst>
            <dst id="SNVAng">160.832</dst>
            <dst id="STTLng">112.32</dst>
            <dst id="WASHng">14444.9466666667</dst>
        </src>
        <src id="LOSAng">
            <dst id="ATLA-M5">0</dst>
            <dst id="ATLAng">23042.7866666667</dst>
            <dst id="CHINng">13208.8026666667</dst>
            <dst id="DNVRng">11615.408</dst>
            <dst id="HSTNng">210191.405333333</dst>
            <dst id="IPLSng">1911.008</dst>
            <dst id="KSCYng">2745.232</dst>
            <dst id="LOSAng">17029.4026666667</dst>
            <dst id="NYCMng">63174.5333333333</dst>
            <dst id="SNVAng">13932.5733333333</dst>
            <dst id="STTLng">23956.112</dst>
            <dst id="WASHng">107176.042666667</dst>
        </src>
        <src id="NYCMng">
            <dst id="ATLA-M5">0</dst>
            <dst id="ATLAng">60684.32</dst>
            <dst id="CHINng">83840.0133333333</dst>
            <dst id="DNVRng">42037.5733333333</dst>
            <dst id="HSTNng">115535.328</dst>
            <dst id="IPLSng">92998.0666666667</dst>
            <dst id="KSCYng">30310.336</dst>
            <dst id="LOSAng">307.781333333333</dst>
            <dst id="NYCMng">290433.52</dst>
            <dst id="SNVAng">1218.21066666667</dst>
            <dst id="STTLng">2153.48266666667</dst>
            <dst id="WASHng">180035.117333333</dst>
        </src>
        <src id="SNVAng">
            <dst id="ATLA-M5">0</dst>
            <dst id="ATLAng">1951.37333333333</dst>
            <dst id="CHINng">428.378666666667</dst>
            <dst id="DNVRng">13457.2826666667</dst>
            <dst id="HSTNng">6963.18666666667</dst>
            <dst id="IPLSng">107.016</dst>
            <dst id="KSCYng">1003.664</dst>
            <dst id="LOSAng">38193.5173333333</dst>
            <dst id="NYCMng">5724.072</dst>
            <dst id="SNVAng">17805.5546666667</dst>
            <dst id="STTLng">52295.592</dst>
            <dst id="WASHng">1933.75733333333</dst>
        </src>
        <src id="STTLng">
            <dst id="ATLA-M5">0</dst>
            <dst id="ATLAng">14243.1333333333</dst>
            <dst id="CHINng">23381.9333333333</dst>
            <dst id="DNVRng">12619.1626666667</dst>
            <dst id="HSTNng">64875.4586666667</dst>
            <dst id="IPLSng">1031.04</dst>
            <dst id="KSCYng">6512.368</dst>
            <dst id="LOSAng">22346.56</dst>
            <dst id="NYCMng">12950.216</dst>
            <dst id="SNVAng">8409.96</dst>
            <dst id="STTLng">3195.47733333333</dst>
            <dst id="WASHng">38235.3626666667</dst>
        </src>
        <src id="WASHng">
            <dst id="ATLA-M5">0</dst>
            <dst id="ATLAng">154714.109333333</dst>
            <dst id="CHINng">129236.224</dst>
            <dst id="DNVRng">5741.29866666667</dst>
            <dst id="HSTNng">321469.386666667</dst>
            <dst id="IPLSng">88379.7093333334</dst>
            <dst id="KSCYng">18592.344</dst>
            <dst id="LOSAng">52</dst>
            <dst id="NYCMng">182803.4</dst>
            <dst id="SNVAng">591.634666666667</dst>
            <dst id="STTLng">5415.32266666667</dst>
            <dst id="WASHng">406944.506666667</dst>
        </src>
    </IntraTM>
</TrafficMatrixFile>
