<?xml version="1.0" encoding="ISO-8859-1" standalone="yes"?>
<TrafficMatrixFile xsi:noNamespaceSchemaLocation="http://totem.run.montefiore.ulg.ac.be/Schema/TrafficMatrix-v1_2.xsd" xmlns:xsi="http://www.w3.org/2001/XMLSchema-instance">
    <IntraTM ASID="11537">
        <src id="ATLA-M5">
            <dst id="ATLA-M5">54.7733333333333</dst>
            <dst id="ATLAng">322.077333333333</dst>
            <dst id="CHINng">1514.06933333333</dst>
            <dst id="DNVRng">0</dst>
            <dst id="HSTNng">2536.56533333333</dst>
            <dst id="IPLSng">2463.99733333333</dst>
            <dst id="KSCYng">410.008</dst>
            <dst id="LOSAng">0</dst>
            <dst id="NYCMng">440.744</dst>
            <dst id="SNVAng">0</dst>
            <dst id="STTLng">26.6666666666667</dst>
            <dst id="WASHng">1621.944</dst>
        </src>
        <src id="ATLAng">
            <dst id="ATLA-M5">0</dst>
            <dst id="ATLAng">28680.9146666667</dst>
            <dst id="CHINng">22676.3146666667</dst>
            <dst id="DNVRng">31.52</dst>
            <dst id="HSTNng">80437.5413333333</dst>
            <dst id="IPLSng">39156.3706666667</dst>
            <dst id="KSCYng">8370.01866666667</dst>
            <dst id="LOSAng">0</dst>
            <dst id="NYCMng">22260.848</dst>
            <dst id="SNVAng">0</dst>
            <dst id="STTLng">350.616</dst>
            <dst id="WASHng">84086.4533333333</dst>
        </src>
        <src id="CHINng">
            <dst id="ATLA-M5">0</dst>
            <dst id="ATLAng">41841.84</dst>
            <dst id="CHINng">122969.866666667</dst>
            <dst id="DNVRng">21942.1333333333</dst>
            <dst id="HSTNng">113530.074666667</dst>
            <dst id="IPLSng">68626.1946666667</dst>
            <dst id="KSCYng">15120.416</dst>
            <dst id="LOSAng">184.157333333333</dst>
            <dst id="NYCMng">42722.552</dst>
            <dst id="SNVAng">120.058666666667</dst>
            <dst id="STTLng">769.442666666667</dst>
            <dst id="WASHng">45900.3173333333</dst>
        </src>
        <src id="DNVRng">
            <dst id="ATLA-M5">0</dst>
            <dst id="ATLAng">20498.0506666667</dst>
            <dst id="CHINng">80601.7173333333</dst>
            <dst id="DNVRng">5190.70133333333</dst>
            <dst id="HSTNng">41757.456</dst>
            <dst id="IPLSng">26485.5626666667</dst>
            <dst id="KSCYng">10547.4</dst>
            <dst id="LOSAng">0</dst>
            <dst id="NYCMng">25246.3893333333</dst>
            <dst id="SNVAng">27211.608</dst>
            <dst id="STTLng">613.656</dst>
            <dst id="WASHng">47913.7706666667</dst>
        </src>
        <src id="HSTNng">
            <dst id="ATLA-M5">0</dst>
            <dst id="ATLAng">35885.8506666667</dst>
            <dst id="CHINng">1260.064</dst>
            <dst id="DNVRng">0</dst>
            <dst id="HSTNng">163726.306666667</dst>
            <dst id="IPLSng">80</dst>
            <dst id="KSCYng">0</dst>
            <dst id="LOSAng">26.6666666666667</dst>
            <dst id="NYCMng">8478.18133333333</dst>
            <dst id="SNVAng">26.6666666666667</dst>
            <dst id="STTLng">186.666666666667</dst>
            <dst id="WASHng">127656.461333333</dst>
        </src>
        <src id="IPLSng">
            <dst id="ATLA-M5">0</dst>
            <dst id="ATLAng">25368.864</dst>
            <dst id="CHINng">164198.370666667</dst>
            <dst id="DNVRng">14096.6</dst>
            <dst id="HSTNng">138421.472</dst>
            <dst id="IPLSng">42532.5413333333</dst>
            <dst id="KSCYng">41338.3786666667</dst>
            <dst id="LOSAng">735.829333333333</dst>
            <dst id="NYCMng">86573.12</dst>
            <dst id="SNVAng">344.568</dst>
            <dst id="STTLng">1021.2</dst>
            <dst id="WASHng">54867.5146666667</dst>
        </src>
        <src id="KSCYng">
            <dst id="ATLA-M5">0</dst>
            <dst id="ATLAng">7215.04</dst>
            <dst id="CHINng">37934.128</dst>
            <dst id="DNVRng">27617.3653333333</dst>
            <dst id="HSTNng">14893.3013333333</dst>
            <dst id="IPLSng">15004.7546666667</dst>
            <dst id="KSCYng">10657.5146666667</dst>
            <dst id="LOSAng">26.6666666666667</dst>
            <dst id="NYCMng">13321.2773333333</dst>
            <dst id="SNVAng">26.6666666666667</dst>
            <dst id="STTLng">250.877333333333</dst>
            <dst id="WASHng">18170.6693333333</dst>
        </src>
        <src id="LOSAng">
            <dst id="ATLA-M5">0</dst>
            <dst id="ATLAng">26184.7893333333</dst>
            <dst id="CHINng">5058.70666666667</dst>
            <dst id="DNVRng">23464.7306666667</dst>
            <dst id="HSTNng">168295.194666667</dst>
            <dst id="IPLSng">1053.152</dst>
            <dst id="KSCYng">401.28</dst>
            <dst id="LOSAng">14166.776</dst>
            <dst id="NYCMng">62511.384</dst>
            <dst id="SNVAng">17914.8773333333</dst>
            <dst id="STTLng">33568.1226666667</dst>
            <dst id="WASHng">114729.125333333</dst>
        </src>
        <src id="NYCMng">
            <dst id="ATLA-M5">0</dst>
            <dst id="ATLAng">50317.936</dst>
            <dst id="CHINng">83170.256</dst>
            <dst id="DNVRng">44804.6986666667</dst>
            <dst id="HSTNng">166090.226666667</dst>
            <dst id="IPLSng">98107.3733333333</dst>
            <dst id="KSCYng">24708.8453333333</dst>
            <dst id="LOSAng">197.778666666667</dst>
            <dst id="NYCMng">254989.938666667</dst>
            <dst id="SNVAng">197.696</dst>
            <dst id="STTLng">3463.39733333333</dst>
            <dst id="WASHng">174568.250666667</dst>
        </src>
        <src id="SNVAng">
            <dst id="ATLA-M5">0</dst>
            <dst id="ATLAng">1912.23466666667</dst>
            <dst id="CHINng">1590.00266666667</dst>
            <dst id="DNVRng">21025.5333333333</dst>
            <dst id="HSTNng">17825.3466666667</dst>
            <dst id="IPLSng">26.6666666666667</dst>
            <dst id="KSCYng">1412.65333333333</dst>
            <dst id="LOSAng">43337.568</dst>
            <dst id="NYCMng">11368.6613333333</dst>
            <dst id="SNVAng">20231.48</dst>
            <dst id="STTLng">51431.5946666667</dst>
            <dst id="WASHng">2093.78666666667</dst>
        </src>
        <src id="STTLng">
            <dst id="ATLA-M5">0</dst>
            <dst id="ATLAng">12720.8773333333</dst>
            <dst id="CHINng">22862.5173333333</dst>
            <dst id="DNVRng">11263.216</dst>
            <dst id="HSTNng">45118.7653333333</dst>
            <dst id="IPLSng">306.96</dst>
            <dst id="KSCYng">3420.39733333333</dst>
            <dst id="LOSAng">34892.4773333333</dst>
            <dst id="NYCMng">15584.608</dst>
            <dst id="SNVAng">7764.98666666667</dst>
            <dst id="STTLng">4147.21866666667</dst>
            <dst id="WASHng">35730.312</dst>
        </src>
        <src id="WASHng">
            <dst id="ATLA-M5">0</dst>
            <dst id="ATLAng">80403.008</dst>
            <dst id="CHINng">79847.6266666667</dst>
            <dst id="DNVRng">4123.36</dst>
            <dst id="HSTNng">342299.2</dst>
            <dst id="IPLSng">81945.4373333333</dst>
            <dst id="KSCYng">15698.12</dst>
            <dst id="LOSAng">0</dst>
            <dst id="NYCMng">212597.16</dst>
            <dst id="SNVAng">369.869333333333</dst>
            <dst id="STTLng">6604.94933333333</dst>
            <dst id="WASHng">275947.466666667</dst>
        </src>
    </IntraTM>
</TrafficMatrixFile>
