<?xml version="1.0" encoding="ISO-8859-1" standalone="yes"?>
<TrafficMatrixFile xsi:noNamespaceSchemaLocation="http://totem.run.montefiore.ulg.ac.be/Schema/TrafficMatrix-v1_2.xsd" xmlns:xsi="http://www.w3.org/2001/XMLSchema-instance">
    <IntraTM ASID="11537">
        <src id="ATLA-M5">
            <dst id="ATLA-M5">0</dst>
            <dst id="ATLAng">462.549333333333</dst>
            <dst id="CHINng">1180.18933333333</dst>
            <dst id="DNVRng">0</dst>
            <dst id="HSTNng">171.072</dst>
            <dst id="IPLSng">79.7733333333333</dst>
            <dst id="KSCYng">0</dst>
            <dst id="LOSAng">0</dst>
            <dst id="NYCMng">2996.43466666667</dst>
            <dst id="SNVAng">0</dst>
            <dst id="STTLng">0</dst>
            <dst id="WASHng">777.328</dst>
        </src>
        <src id="ATLAng">
            <dst id="ATLA-M5">0</dst>
            <dst id="ATLAng">25324.1466666667</dst>
            <dst id="CHINng">32719.1413333333</dst>
            <dst id="DNVRng">0</dst>
            <dst id="HSTNng">2847.552</dst>
            <dst id="IPLSng">25710.296</dst>
            <dst id="KSCYng">0</dst>
            <dst id="LOSAng">62.8613333333333</dst>
            <dst id="NYCMng">45641.4853333333</dst>
            <dst id="SNVAng">26.6666666666667</dst>
            <dst id="STTLng">0</dst>
            <dst id="WASHng">40401.2453333333</dst>
        </src>
        <src id="CHINng">
            <dst id="ATLA-M5">0</dst>
            <dst id="ATLAng">24800.4346666667</dst>
            <dst id="CHINng">32911.0693333333</dst>
            <dst id="DNVRng">0</dst>
            <dst id="HSTNng">11177.856</dst>
            <dst id="IPLSng">42074.536</dst>
            <dst id="KSCYng">26.6666666666667</dst>
            <dst id="LOSAng">26.6666666666667</dst>
            <dst id="NYCMng">205345.298666667</dst>
            <dst id="SNVAng">0</dst>
            <dst id="STTLng">1615.69066666667</dst>
            <dst id="WASHng">32223.056</dst>
        </src>
        <src id="DNVRng">
            <dst id="ATLA-M5">0</dst>
            <dst id="ATLAng">5623.01333333333</dst>
            <dst id="CHINng">33826.2613333333</dst>
            <dst id="DNVRng">16797.0186666667</dst>
            <dst id="HSTNng">34099.9066666667</dst>
            <dst id="IPLSng">29374.3253333333</dst>
            <dst id="KSCYng">26617.976</dst>
            <dst id="LOSAng">0</dst>
            <dst id="NYCMng">42208.024</dst>
            <dst id="SNVAng">14781.408</dst>
            <dst id="STTLng">6807.54666666667</dst>
            <dst id="WASHng">43001.6666666667</dst>
        </src>
        <src id="HSTNng">
            <dst id="ATLA-M5">0</dst>
            <dst id="ATLAng">16006.296</dst>
            <dst id="CHINng">699.933333333334</dst>
            <dst id="DNVRng">29.5466666666667</dst>
            <dst id="HSTNng">107753.576</dst>
            <dst id="IPLSng">126.666666666667</dst>
            <dst id="KSCYng">0</dst>
            <dst id="LOSAng">0</dst>
            <dst id="NYCMng">4029.23733333333</dst>
            <dst id="SNVAng">26.6666666666667</dst>
            <dst id="STTLng">0</dst>
            <dst id="WASHng">118675.794666667</dst>
        </src>
        <src id="IPLSng">
            <dst id="ATLA-M5">0</dst>
            <dst id="ATLAng">14773.304</dst>
            <dst id="CHINng">106219.722666667</dst>
            <dst id="DNVRng">0</dst>
            <dst id="HSTNng">9190.65333333333</dst>
            <dst id="IPLSng">16311.0133333333</dst>
            <dst id="KSCYng">18525.4986666667</dst>
            <dst id="LOSAng">0</dst>
            <dst id="NYCMng">174038.005333333</dst>
            <dst id="SNVAng">26.6666666666667</dst>
            <dst id="STTLng">35.7066666666667</dst>
            <dst id="WASHng">14908.2186666667</dst>
        </src>
        <src id="KSCYng">
            <dst id="ATLA-M5">0</dst>
            <dst id="ATLAng">4680.17866666667</dst>
            <dst id="CHINng">20737.0026666667</dst>
            <dst id="DNVRng">8359.86666666667</dst>
            <dst id="HSTNng">16923.3306666667</dst>
            <dst id="IPLSng">14656.968</dst>
            <dst id="KSCYng">7253.192</dst>
            <dst id="LOSAng">0</dst>
            <dst id="NYCMng">19282.7386666667</dst>
            <dst id="SNVAng">26.6666666666667</dst>
            <dst id="STTLng">0</dst>
            <dst id="WASHng">13746.5306666667</dst>
        </src>
        <src id="LOSAng">
            <dst id="ATLA-M5">0</dst>
            <dst id="ATLAng">10555.5546666667</dst>
            <dst id="CHINng">3262.16533333333</dst>
            <dst id="DNVRng">8030.70666666667</dst>
            <dst id="HSTNng">87459.1386666667</dst>
            <dst id="IPLSng">922.36</dst>
            <dst id="KSCYng">53.3333333333333</dst>
            <dst id="LOSAng">16587.008</dst>
            <dst id="NYCMng">55339.936</dst>
            <dst id="SNVAng">9890.216</dst>
            <dst id="STTLng">24821.544</dst>
            <dst id="WASHng">96544.48</dst>
        </src>
        <src id="NYCMng">
            <dst id="ATLA-M5">0</dst>
            <dst id="ATLAng">35701.4693333333</dst>
            <dst id="CHINng">1125.96266666667</dst>
            <dst id="DNVRng">0</dst>
            <dst id="HSTNng">14089.7386666667</dst>
            <dst id="IPLSng">53.3333333333333</dst>
            <dst id="KSCYng">26.6666666666667</dst>
            <dst id="LOSAng">155.570666666667</dst>
            <dst id="NYCMng">409251.04</dst>
            <dst id="SNVAng">26.6666666666667</dst>
            <dst id="STTLng">557.621333333333</dst>
            <dst id="WASHng">82986.4693333334</dst>
        </src>
        <src id="SNVAng">
            <dst id="ATLA-M5">0</dst>
            <dst id="ATLAng">423.901333333333</dst>
            <dst id="CHINng">53.3333333333333</dst>
            <dst id="DNVRng">8454.23466666667</dst>
            <dst id="HSTNng">3622.15466666667</dst>
            <dst id="IPLSng">227.978666666667</dst>
            <dst id="KSCYng">409.416</dst>
            <dst id="LOSAng">36993.1466666667</dst>
            <dst id="NYCMng">4354.72533333333</dst>
            <dst id="SNVAng">15673.152</dst>
            <dst id="STTLng">57600.392</dst>
            <dst id="WASHng">512.408</dst>
        </src>
        <src id="STTLng">
            <dst id="ATLA-M5">0</dst>
            <dst id="ATLAng">7876.96</dst>
            <dst id="CHINng">850.610666666667</dst>
            <dst id="DNVRng">9454.84266666667</dst>
            <dst id="HSTNng">17738.2346666667</dst>
            <dst id="IPLSng">214.682666666667</dst>
            <dst id="KSCYng">3332.30933333333</dst>
            <dst id="LOSAng">21759.336</dst>
            <dst id="NYCMng">45552.056</dst>
            <dst id="SNVAng">14678.7013333333</dst>
            <dst id="STTLng">7389.27733333333</dst>
            <dst id="WASHng">27623.3893333333</dst>
        </src>
        <src id="WASHng">
            <dst id="ATLA-M5">0</dst>
            <dst id="ATLAng">107489.402666667</dst>
            <dst id="CHINng">563.736</dst>
            <dst id="DNVRng">0</dst>
            <dst id="HSTNng">70713.6586666667</dst>
            <dst id="IPLSng">167.637333333333</dst>
            <dst id="KSCYng">653.333333333333</dst>
            <dst id="LOSAng">60.5866666666667</dst>
            <dst id="NYCMng">489780.933333333</dst>
            <dst id="SNVAng">53.3333333333333</dst>
            <dst id="STTLng">1726.816</dst>
            <dst id="WASHng">281041.76</dst>
        </src>
    </IntraTM>
</TrafficMatrixFile>
