<?xml version="1.0" encoding="ISO-8859-1" standalone="yes"?>
<TrafficMatrixFile xsi:noNamespaceSchemaLocation="http://totem.run.montefiore.ulg.ac.be/Schema/TrafficMatrix-v1_2.xsd" xmlns:xsi="http://www.w3.org/2001/XMLSchema-instance">
    <IntraTM ASID="11537">
        <src id="ATLA-M5">
            <dst id="ATLA-M5">26.6666666666667</dst>
            <dst id="ATLAng">457.493333333333</dst>
            <dst id="CHINng">965.712</dst>
            <dst id="DNVRng">0</dst>
            <dst id="HSTNng">838.717333333333</dst>
            <dst id="IPLSng">150.050666666667</dst>
            <dst id="KSCYng">150.306666666667</dst>
            <dst id="LOSAng">0</dst>
            <dst id="NYCMng">1331.05333333333</dst>
            <dst id="SNVAng">0</dst>
            <dst id="STTLng">53.3333333333333</dst>
            <dst id="WASHng">2986.008</dst>
        </src>
        <src id="ATLAng">
            <dst id="ATLA-M5">0</dst>
            <dst id="ATLAng">27561.4053333333</dst>
            <dst id="CHINng">29602.968</dst>
            <dst id="DNVRng">0</dst>
            <dst id="HSTNng">46363.84</dst>
            <dst id="IPLSng">33928.36</dst>
            <dst id="KSCYng">7350.67733333333</dst>
            <dst id="LOSAng">0</dst>
            <dst id="NYCMng">41709.7493333333</dst>
            <dst id="SNVAng">26.6666666666667</dst>
            <dst id="STTLng">231.093333333333</dst>
            <dst id="WASHng">76163.7653333333</dst>
        </src>
        <src id="CHINng">
            <dst id="ATLA-M5">0</dst>
            <dst id="ATLAng">36506.136</dst>
            <dst id="CHINng">129643.848</dst>
            <dst id="DNVRng">17202.008</dst>
            <dst id="HSTNng">124555.736</dst>
            <dst id="IPLSng">74946.2133333333</dst>
            <dst id="KSCYng">19390.968</dst>
            <dst id="LOSAng">655.248</dst>
            <dst id="NYCMng">53807.352</dst>
            <dst id="SNVAng">26.6666666666667</dst>
            <dst id="STTLng">1247.52</dst>
            <dst id="WASHng">45916.8373333333</dst>
        </src>
        <src id="DNVRng">
            <dst id="ATLA-M5">0</dst>
            <dst id="ATLAng">21980.168</dst>
            <dst id="CHINng">115493.181333333</dst>
            <dst id="DNVRng">15738.7413333333</dst>
            <dst id="HSTNng">55118.9786666667</dst>
            <dst id="IPLSng">30271.1226666667</dst>
            <dst id="KSCYng">17143.5813333333</dst>
            <dst id="LOSAng">0</dst>
            <dst id="NYCMng">16176.6906666667</dst>
            <dst id="SNVAng">14871.104</dst>
            <dst id="STTLng">242.677333333333</dst>
            <dst id="WASHng">49414.1466666667</dst>
        </src>
        <src id="HSTNng">
            <dst id="ATLA-M5">0</dst>
            <dst id="ATLAng">53471.7146666667</dst>
            <dst id="CHINng">3503.38666666667</dst>
            <dst id="DNVRng">0</dst>
            <dst id="HSTNng">174184.848</dst>
            <dst id="IPLSng">76.6773333333333</dst>
            <dst id="KSCYng">53.3333333333333</dst>
            <dst id="LOSAng">0</dst>
            <dst id="NYCMng">7647.17866666666</dst>
            <dst id="SNVAng">0</dst>
            <dst id="STTLng">106.666666666667</dst>
            <dst id="WASHng">116647.936</dst>
        </src>
        <src id="IPLSng">
            <dst id="ATLA-M5">0</dst>
            <dst id="ATLAng">50340.704</dst>
            <dst id="CHINng">160164.746666667</dst>
            <dst id="DNVRng">14488.136</dst>
            <dst id="HSTNng">66103.1413333333</dst>
            <dst id="IPLSng">51144.6773333333</dst>
            <dst id="KSCYng">38933.432</dst>
            <dst id="LOSAng">186.666666666667</dst>
            <dst id="NYCMng">67493.48</dst>
            <dst id="SNVAng">276.629333333333</dst>
            <dst id="STTLng">1257.58133333333</dst>
            <dst id="WASHng">44416.6</dst>
        </src>
        <src id="KSCYng">
            <dst id="ATLA-M5">0</dst>
            <dst id="ATLAng">7204.91466666667</dst>
            <dst id="CHINng">32719.552</dst>
            <dst id="DNVRng">8259.75466666667</dst>
            <dst id="HSTNng">15836.056</dst>
            <dst id="IPLSng">20826.5226666667</dst>
            <dst id="KSCYng">10997.2373333333</dst>
            <dst id="LOSAng">0</dst>
            <dst id="NYCMng">15516.5946666667</dst>
            <dst id="SNVAng">0</dst>
            <dst id="STTLng">200.514666666667</dst>
            <dst id="WASHng">16752.8373333333</dst>
        </src>
        <src id="LOSAng">
            <dst id="ATLA-M5">0</dst>
            <dst id="ATLAng">40719.9786666667</dst>
            <dst id="CHINng">4102.51733333333</dst>
            <dst id="DNVRng">22357.24</dst>
            <dst id="HSTNng">201886.256</dst>
            <dst id="IPLSng">227.509333333333</dst>
            <dst id="KSCYng">173.890666666667</dst>
            <dst id="LOSAng">20197.04</dst>
            <dst id="NYCMng">73477.8293333334</dst>
            <dst id="SNVAng">18587.9546666667</dst>
            <dst id="STTLng">33652.1786666667</dst>
            <dst id="WASHng">99212.904</dst>
        </src>
        <src id="NYCMng">
            <dst id="ATLA-M5">0</dst>
            <dst id="ATLAng">52928.8266666667</dst>
            <dst id="CHINng">95225.8613333333</dst>
            <dst id="DNVRng">35875.2986666667</dst>
            <dst id="HSTNng">168015.205333333</dst>
            <dst id="IPLSng">90943.6106666667</dst>
            <dst id="KSCYng">27392.8906666667</dst>
            <dst id="LOSAng">181.962666666667</dst>
            <dst id="NYCMng">238815.6</dst>
            <dst id="SNVAng">53.3333333333333</dst>
            <dst id="STTLng">6561.40533333333</dst>
            <dst id="WASHng">171001.154666667</dst>
        </src>
        <src id="SNVAng">
            <dst id="ATLA-M5">0</dst>
            <dst id="ATLAng">932.909333333333</dst>
            <dst id="CHINng">430.418666666667</dst>
            <dst id="DNVRng">15403.3706666667</dst>
            <dst id="HSTNng">7049.36</dst>
            <dst id="IPLSng">0</dst>
            <dst id="KSCYng">1149.57866666667</dst>
            <dst id="LOSAng">36936.744</dst>
            <dst id="NYCMng">7528.50133333333</dst>
            <dst id="SNVAng">17790.2373333333</dst>
            <dst id="STTLng">48730.0293333333</dst>
            <dst id="WASHng">1916.92</dst>
        </src>
        <src id="STTLng">
            <dst id="ATLA-M5">0</dst>
            <dst id="ATLAng">12520.1893333333</dst>
            <dst id="CHINng">22723.4533333333</dst>
            <dst id="DNVRng">6901.088</dst>
            <dst id="HSTNng">44060.8693333333</dst>
            <dst id="IPLSng">338.416</dst>
            <dst id="KSCYng">5137.43733333333</dst>
            <dst id="LOSAng">27480.9866666667</dst>
            <dst id="NYCMng">15341.4586666667</dst>
            <dst id="SNVAng">6204.47733333333</dst>
            <dst id="STTLng">6826.49866666667</dst>
            <dst id="WASHng">34605.68</dst>
        </src>
        <src id="WASHng">
            <dst id="ATLA-M5">0</dst>
            <dst id="ATLAng">84180.7546666667</dst>
            <dst id="CHINng">83026.392</dst>
            <dst id="DNVRng">3631.92266666667</dst>
            <dst id="HSTNng">334845.6</dst>
            <dst id="IPLSng">76267.9973333333</dst>
            <dst id="KSCYng">32712.336</dst>
            <dst id="LOSAng">133.957333333333</dst>
            <dst id="NYCMng">234821.469333333</dst>
            <dst id="SNVAng">267.010666666667</dst>
            <dst id="STTLng">5025.04266666667</dst>
            <dst id="WASHng">384077.066666667</dst>
        </src>
    </IntraTM>
</TrafficMatrixFile>
