<?xml version="1.0" encoding="ISO-8859-1" standalone="yes"?>
<TrafficMatrixFile xsi:noNamespaceSchemaLocation="http://totem.run.montefiore.ulg.ac.be/Schema/TrafficMatrix-v1_2.xsd" xmlns:xsi="http://www.w3.org/2001/XMLSchema-instance">
    <IntraTM ASID="11537">
        <src id="ATLA-M5">
            <dst id="ATLA-M5">0</dst>
            <dst id="ATLAng">204.128</dst>
            <dst id="CHINng">1099.032</dst>
            <dst id="DNVRng">0</dst>
            <dst id="HSTNng">1137.2</dst>
            <dst id="IPLSng">434.776</dst>
            <dst id="KSCYng">343.68</dst>
            <dst id="LOSAng">0</dst>
            <dst id="NYCMng">619.930666666667</dst>
            <dst id="SNVAng">0</dst>
            <dst id="STTLng">0</dst>
            <dst id="WASHng">3661.432</dst>
        </src>
        <src id="ATLAng">
            <dst id="ATLA-M5">0</dst>
            <dst id="ATLAng">43597.464</dst>
            <dst id="CHINng">23620.5386666667</dst>
            <dst id="DNVRng">26.6666666666667</dst>
            <dst id="HSTNng">522608.586666667</dst>
            <dst id="IPLSng">39933.6053333333</dst>
            <dst id="KSCYng">8343.08533333333</dst>
            <dst id="LOSAng">32.288</dst>
            <dst id="NYCMng">21808.392</dst>
            <dst id="SNVAng">26.6666666666667</dst>
            <dst id="STTLng">98.56</dst>
            <dst id="WASHng">63793.7626666667</dst>
        </src>
        <src id="CHINng">
            <dst id="ATLA-M5">0</dst>
            <dst id="ATLAng">48204.0613333333</dst>
            <dst id="CHINng">110363.450666667</dst>
            <dst id="DNVRng">21076.5706666667</dst>
            <dst id="HSTNng">136306.424</dst>
            <dst id="IPLSng">70643.7226666667</dst>
            <dst id="KSCYng">22003.968</dst>
            <dst id="LOSAng">220.994666666667</dst>
            <dst id="NYCMng">31313.064</dst>
            <dst id="SNVAng">26.6666666666667</dst>
            <dst id="STTLng">1131.27733333333</dst>
            <dst id="WASHng">43936.5066666667</dst>
        </src>
        <src id="DNVRng">
            <dst id="ATLA-M5">0</dst>
            <dst id="ATLAng">8523.37333333333</dst>
            <dst id="CHINng">52914.2933333333</dst>
            <dst id="DNVRng">12107.5413333333</dst>
            <dst id="HSTNng">55278.24</dst>
            <dst id="IPLSng">38142.7466666667</dst>
            <dst id="KSCYng">12651.6906666667</dst>
            <dst id="LOSAng">0</dst>
            <dst id="NYCMng">27164.7466666667</dst>
            <dst id="SNVAng">13459.7466666667</dst>
            <dst id="STTLng">216.898666666667</dst>
            <dst id="WASHng">41654.872</dst>
        </src>
        <src id="HSTNng">
            <dst id="ATLA-M5">0</dst>
            <dst id="ATLAng">29818.208</dst>
            <dst id="CHINng">1751.43733333333</dst>
            <dst id="DNVRng">102.666666666667</dst>
            <dst id="HSTNng">142510.408</dst>
            <dst id="IPLSng">26.6666666666667</dst>
            <dst id="KSCYng">26.6666666666667</dst>
            <dst id="LOSAng">0</dst>
            <dst id="NYCMng">10024.976</dst>
            <dst id="SNVAng">163.146666666667</dst>
            <dst id="STTLng">101.717333333333</dst>
            <dst id="WASHng">115824.898666667</dst>
        </src>
        <src id="IPLSng">
            <dst id="ATLA-M5">0</dst>
            <dst id="ATLAng">36949.92</dst>
            <dst id="CHINng">140434.058666667</dst>
            <dst id="DNVRng">25377.7146666667</dst>
            <dst id="HSTNng">58672.3253333333</dst>
            <dst id="IPLSng">43939.248</dst>
            <dst id="KSCYng">24110.4906666667</dst>
            <dst id="LOSAng">26.6666666666667</dst>
            <dst id="NYCMng">60407.4186666667</dst>
            <dst id="SNVAng">366.229333333333</dst>
            <dst id="STTLng">1230.19466666667</dst>
            <dst id="WASHng">34236.9973333333</dst>
        </src>
        <src id="KSCYng">
            <dst id="ATLA-M5">0</dst>
            <dst id="ATLAng">8913.08266666667</dst>
            <dst id="CHINng">32241.272</dst>
            <dst id="DNVRng">9140.44533333333</dst>
            <dst id="HSTNng">22026.672</dst>
            <dst id="IPLSng">16325.3866666667</dst>
            <dst id="KSCYng">7528.096</dst>
            <dst id="LOSAng">26.6666666666667</dst>
            <dst id="NYCMng">12090.8533333333</dst>
            <dst id="SNVAng">26.6666666666667</dst>
            <dst id="STTLng">326.397333333333</dst>
            <dst id="WASHng">15777.2026666667</dst>
        </src>
        <src id="LOSAng">
            <dst id="ATLA-M5">0</dst>
            <dst id="ATLAng">21897.2053333333</dst>
            <dst id="CHINng">7673.00266666667</dst>
            <dst id="DNVRng">16507.744</dst>
            <dst id="HSTNng">185958.202666667</dst>
            <dst id="IPLSng">247.68</dst>
            <dst id="KSCYng">113.52</dst>
            <dst id="LOSAng">76913.9253333333</dst>
            <dst id="NYCMng">78514.7706666666</dst>
            <dst id="SNVAng">9986.728</dst>
            <dst id="STTLng">28916.888</dst>
            <dst id="WASHng">106202.610666667</dst>
        </src>
        <src id="NYCMng">
            <dst id="ATLA-M5">0</dst>
            <dst id="ATLAng">49126.4693333333</dst>
            <dst id="CHINng">99588.5066666667</dst>
            <dst id="DNVRng">35476.9253333333</dst>
            <dst id="HSTNng">155760.306666667</dst>
            <dst id="IPLSng">77973.1173333333</dst>
            <dst id="KSCYng">24627.6693333333</dst>
            <dst id="LOSAng">648.037333333333</dst>
            <dst id="NYCMng">257259.786666667</dst>
            <dst id="SNVAng">53.3333333333333</dst>
            <dst id="STTLng">3522.296</dst>
            <dst id="WASHng">127769.344</dst>
        </src>
        <src id="SNVAng">
            <dst id="ATLA-M5">0</dst>
            <dst id="ATLAng">1894.22933333333</dst>
            <dst id="CHINng">2864.22666666667</dst>
            <dst id="DNVRng">12800.1093333333</dst>
            <dst id="HSTNng">21993.1146666667</dst>
            <dst id="IPLSng">53.848</dst>
            <dst id="KSCYng">353.045333333333</dst>
            <dst id="LOSAng">35608.3946666667</dst>
            <dst id="NYCMng">5211.80266666667</dst>
            <dst id="SNVAng">15893.0106666667</dst>
            <dst id="STTLng">49958.488</dst>
            <dst id="WASHng">1366.81866666667</dst>
        </src>
        <src id="STTLng">
            <dst id="ATLA-M5">0</dst>
            <dst id="ATLAng">12873.6053333333</dst>
            <dst id="CHINng">22943.296</dst>
            <dst id="DNVRng">7039.10933333333</dst>
            <dst id="HSTNng">45078.568</dst>
            <dst id="IPLSng">347.781333333333</dst>
            <dst id="KSCYng">5487.608</dst>
            <dst id="LOSAng">34761.576</dst>
            <dst id="NYCMng">14337.2506666667</dst>
            <dst id="SNVAng">5308.904</dst>
            <dst id="STTLng">3062.84533333333</dst>
            <dst id="WASHng">30479.8773333333</dst>
        </src>
        <src id="WASHng">
            <dst id="ATLA-M5">0</dst>
            <dst id="ATLAng">103176.256</dst>
            <dst id="CHINng">102876.261333333</dst>
            <dst id="DNVRng">2743.264</dst>
            <dst id="HSTNng">300348.826666667</dst>
            <dst id="IPLSng">64037.4613333333</dst>
            <dst id="KSCYng">14875.7386666667</dst>
            <dst id="LOSAng">128.368</dst>
            <dst id="NYCMng">192444.989333333</dst>
            <dst id="SNVAng">331.962666666667</dst>
            <dst id="STTLng">3625.26933333333</dst>
            <dst id="WASHng">285028.453333333</dst>
        </src>
    </IntraTM>
</TrafficMatrixFile>
