<?xml version="1.0" encoding="ISO-8859-1" standalone="yes"?>
<TrafficMatrixFile xsi:noNamespaceSchemaLocation="http://totem.run.montefiore.ulg.ac.be/Schema/TrafficMatrix-v1_2.xsd" xmlns:xsi="http://www.w3.org/2001/XMLSchema-instance">
    <IntraTM ASID="11537">
        <src id="ATLA-M5">
            <dst id="ATLA-M5">813.322666666667</dst>
            <dst id="ATLAng">1957.992</dst>
            <dst id="CHINng">1417.896</dst>
            <dst id="DNVRng">0</dst>
            <dst id="HSTNng">1610.38666666667</dst>
            <dst id="IPLSng">368.221333333333</dst>
            <dst id="KSCYng">360.952</dst>
            <dst id="LOSAng">0</dst>
            <dst id="NYCMng">358.434666666667</dst>
            <dst id="SNVAng">26.6666666666667</dst>
            <dst id="STTLng">0</dst>
            <dst id="WASHng">2178.10133333333</dst>
        </src>
        <src id="ATLAng">
            <dst id="ATLA-M5">0</dst>
            <dst id="ATLAng">30516.8693333333</dst>
            <dst id="CHINng">37764.76</dst>
            <dst id="DNVRng">201.352</dst>
            <dst id="HSTNng">73981.5013333333</dst>
            <dst id="IPLSng">43356.9306666667</dst>
            <dst id="KSCYng">5689.344</dst>
            <dst id="LOSAng">117.773333333333</dst>
            <dst id="NYCMng">18439.2293333333</dst>
            <dst id="SNVAng">350.184</dst>
            <dst id="STTLng">1266.09066666667</dst>
            <dst id="WASHng">61312.2106666667</dst>
        </src>
        <src id="CHINng">
            <dst id="ATLA-M5">0</dst>
            <dst id="ATLAng">37390.8666666667</dst>
            <dst id="CHINng">110301.890666667</dst>
            <dst id="DNVRng">29068.8293333333</dst>
            <dst id="HSTNng">123826.797333333</dst>
            <dst id="IPLSng">75459.896</dst>
            <dst id="KSCYng">19885.1786666667</dst>
            <dst id="LOSAng">202.781333333333</dst>
            <dst id="NYCMng">50279.7706666667</dst>
            <dst id="SNVAng">265.744</dst>
            <dst id="STTLng">672.562666666667</dst>
            <dst id="WASHng">55632.9093333333</dst>
        </src>
        <src id="DNVRng">
            <dst id="ATLA-M5">0</dst>
            <dst id="ATLAng">19132.4266666667</dst>
            <dst id="CHINng">77559.6</dst>
            <dst id="DNVRng">16323.3653333333</dst>
            <dst id="HSTNng">54335.168</dst>
            <dst id="IPLSng">55234.424</dst>
            <dst id="KSCYng">26040.592</dst>
            <dst id="LOSAng">0</dst>
            <dst id="NYCMng">17915.816</dst>
            <dst id="SNVAng">19556.688</dst>
            <dst id="STTLng">422.093333333333</dst>
            <dst id="WASHng">47803.7466666667</dst>
        </src>
        <src id="HSTNng">
            <dst id="ATLA-M5">0</dst>
            <dst id="ATLAng">62960.336</dst>
            <dst id="CHINng">4221.024</dst>
            <dst id="DNVRng">169.797333333333</dst>
            <dst id="HSTNng">204223.429333333</dst>
            <dst id="IPLSng">83.3706666666667</dst>
            <dst id="KSCYng">26.6666666666667</dst>
            <dst id="LOSAng">0</dst>
            <dst id="NYCMng">13067.112</dst>
            <dst id="SNVAng">47.136</dst>
            <dst id="STTLng">257.248</dst>
            <dst id="WASHng">139361.426666667</dst>
        </src>
        <src id="IPLSng">
            <dst id="ATLA-M5">0</dst>
            <dst id="ATLAng">38677.3466666667</dst>
            <dst id="CHINng">100096.576</dst>
            <dst id="DNVRng">17739.6186666667</dst>
            <dst id="HSTNng">114491.373333333</dst>
            <dst id="IPLSng">30021.536</dst>
            <dst id="KSCYng">47073.2933333333</dst>
            <dst id="LOSAng">90.4853333333333</dst>
            <dst id="NYCMng">54297.5546666667</dst>
            <dst id="SNVAng">5979.544</dst>
            <dst id="STTLng">392.216</dst>
            <dst id="WASHng">76540.2693333333</dst>
        </src>
        <src id="KSCYng">
            <dst id="ATLA-M5">0</dst>
            <dst id="ATLAng">8018.98666666667</dst>
            <dst id="CHINng">34804.1706666667</dst>
            <dst id="DNVRng">24156.1253333333</dst>
            <dst id="HSTNng">18164.68</dst>
            <dst id="IPLSng">36007.5546666667</dst>
            <dst id="KSCYng">9147.18666666667</dst>
            <dst id="LOSAng">0</dst>
            <dst id="NYCMng">13750.296</dst>
            <dst id="SNVAng">121.909333333333</dst>
            <dst id="STTLng">84.1413333333333</dst>
            <dst id="WASHng">15456.1146666667</dst>
        </src>
        <src id="LOSAng">
            <dst id="ATLA-M5">0</dst>
            <dst id="ATLAng">54361.4853333333</dst>
            <dst id="CHINng">7112.512</dst>
            <dst id="DNVRng">27306.1626666667</dst>
            <dst id="HSTNng">182469.930666667</dst>
            <dst id="IPLSng">1415.072</dst>
            <dst id="KSCYng">1118.42933333333</dst>
            <dst id="LOSAng">15993.7413333333</dst>
            <dst id="NYCMng">75363.448</dst>
            <dst id="SNVAng">21061.048</dst>
            <dst id="STTLng">25022.128</dst>
            <dst id="WASHng">117595.917333333</dst>
        </src>
        <src id="NYCMng">
            <dst id="ATLA-M5">0</dst>
            <dst id="ATLAng">55732.32</dst>
            <dst id="CHINng">76954.752</dst>
            <dst id="DNVRng">48116.832</dst>
            <dst id="HSTNng">156478.056</dst>
            <dst id="IPLSng">108873.272</dst>
            <dst id="KSCYng">29654.8613333333</dst>
            <dst id="LOSAng">106.666666666667</dst>
            <dst id="NYCMng">285778.986666667</dst>
            <dst id="SNVAng">234.661333333333</dst>
            <dst id="STTLng">1305.73866666667</dst>
            <dst id="WASHng">183577.778666667</dst>
        </src>
        <src id="SNVAng">
            <dst id="ATLA-M5">0</dst>
            <dst id="ATLAng">2855.96266666667</dst>
            <dst id="CHINng">1053.48266666667</dst>
            <dst id="DNVRng">4099.752</dst>
            <dst id="HSTNng">12146.0933333333</dst>
            <dst id="IPLSng">0</dst>
            <dst id="KSCYng">1837.608</dst>
            <dst id="LOSAng">43235.7333333333</dst>
            <dst id="NYCMng">10133.4746666667</dst>
            <dst id="SNVAng">18280.32</dst>
            <dst id="STTLng">59394.4053333333</dst>
            <dst id="WASHng">695.242666666667</dst>
        </src>
        <src id="STTLng">
            <dst id="ATLA-M5">0</dst>
            <dst id="ATLAng">17301.864</dst>
            <dst id="CHINng">23262.0426666667</dst>
            <dst id="DNVRng">13159.1813333333</dst>
            <dst id="HSTNng">51470.112</dst>
            <dst id="IPLSng">501.056</dst>
            <dst id="KSCYng">7850.51466666667</dst>
            <dst id="LOSAng">30897.2906666667</dst>
            <dst id="NYCMng">17186.552</dst>
            <dst id="SNVAng">12816.3653333333</dst>
            <dst id="STTLng">7522.28</dst>
            <dst id="WASHng">38012.4586666667</dst>
        </src>
        <src id="WASHng">
            <dst id="ATLA-M5">0</dst>
            <dst id="ATLAng">89097.6853333333</dst>
            <dst id="CHINng">106691.216</dst>
            <dst id="DNVRng">5179.304</dst>
            <dst id="HSTNng">362980.24</dst>
            <dst id="IPLSng">89545.2426666667</dst>
            <dst id="KSCYng">24080.8986666667</dst>
            <dst id="LOSAng">296.52</dst>
            <dst id="NYCMng">249153.218666667</dst>
            <dst id="SNVAng">702.202666666667</dst>
            <dst id="STTLng">4458.84533333333</dst>
            <dst id="WASHng">326754.773333333</dst>
        </src>
    </IntraTM>
</TrafficMatrixFile>
