<?xml version="1.0" encoding="ISO-8859-1" standalone="yes"?>
<TrafficMatrixFile xsi:noNamespaceSchemaLocation="http://totem.run.montefiore.ulg.ac.be/Schema/TrafficMatrix-v1_2.xsd" xmlns:xsi="http://www.w3.org/2001/XMLSchema-instance">
    <IntraTM ASID="11537">
        <src id="ATLA-M5">
            <dst id="ATLA-M5">0</dst>
            <dst id="ATLAng">225.76</dst>
            <dst id="CHINng">1186.61066666667</dst>
            <dst id="DNVRng">0</dst>
            <dst id="HSTNng">2534.54933333333</dst>
            <dst id="IPLSng">220.938666666667</dst>
            <dst id="KSCYng">0</dst>
            <dst id="LOSAng">0</dst>
            <dst id="NYCMng">1888.29066666667</dst>
            <dst id="SNVAng">0</dst>
            <dst id="STTLng">0</dst>
            <dst id="WASHng">2760.248</dst>
        </src>
        <src id="ATLAng">
            <dst id="ATLA-M5">0</dst>
            <dst id="ATLAng">31734.8693333333</dst>
            <dst id="CHINng">32296.6186666667</dst>
            <dst id="DNVRng">0</dst>
            <dst id="HSTNng">6690.56</dst>
            <dst id="IPLSng">27303.32</dst>
            <dst id="KSCYng">0</dst>
            <dst id="LOSAng">0</dst>
            <dst id="NYCMng">44522.3813333333</dst>
            <dst id="SNVAng">91.8373333333333</dst>
            <dst id="STTLng">0</dst>
            <dst id="WASHng">43542.4933333333</dst>
        </src>
        <src id="CHINng">
            <dst id="ATLA-M5">0</dst>
            <dst id="ATLAng">35212.8613333333</dst>
            <dst id="CHINng">38689.712</dst>
            <dst id="DNVRng">0</dst>
            <dst id="HSTNng">15607.32</dst>
            <dst id="IPLSng">55262.208</dst>
            <dst id="KSCYng">0</dst>
            <dst id="LOSAng">80.5653333333333</dst>
            <dst id="NYCMng">211794.221333333</dst>
            <dst id="SNVAng">734.048</dst>
            <dst id="STTLng">382.768</dst>
            <dst id="WASHng">41140.7946666667</dst>
        </src>
        <src id="DNVRng">
            <dst id="ATLA-M5">0</dst>
            <dst id="ATLAng">6500.90666666667</dst>
            <dst id="CHINng">35188.9253333333</dst>
            <dst id="DNVRng">5567.68266666667</dst>
            <dst id="HSTNng">24954.2106666667</dst>
            <dst id="IPLSng">28500.7653333333</dst>
            <dst id="KSCYng">16776.7386666667</dst>
            <dst id="LOSAng">0</dst>
            <dst id="NYCMng">35247.7706666667</dst>
            <dst id="SNVAng">8311.92533333333</dst>
            <dst id="STTLng">106.666666666667</dst>
            <dst id="WASHng">39207.7866666667</dst>
        </src>
        <src id="HSTNng">
            <dst id="ATLA-M5">0</dst>
            <dst id="ATLAng">30154.2693333333</dst>
            <dst id="CHINng">639.925333333333</dst>
            <dst id="DNVRng">0</dst>
            <dst id="HSTNng">124164.338666667</dst>
            <dst id="IPLSng">53.3333333333333</dst>
            <dst id="KSCYng">0</dst>
            <dst id="LOSAng">0</dst>
            <dst id="NYCMng">5063.30133333333</dst>
            <dst id="SNVAng">0</dst>
            <dst id="STTLng">0</dst>
            <dst id="WASHng">113465.464</dst>
        </src>
        <src id="IPLSng">
            <dst id="ATLA-M5">0</dst>
            <dst id="ATLAng">25571.4773333333</dst>
            <dst id="CHINng">175618.722666667</dst>
            <dst id="DNVRng">0</dst>
            <dst id="HSTNng">8883.92533333333</dst>
            <dst id="IPLSng">29007.0186666667</dst>
            <dst id="KSCYng">26925.6106666667</dst>
            <dst id="LOSAng">1607.44533333333</dst>
            <dst id="NYCMng">206879.181333333</dst>
            <dst id="SNVAng">53.3333333333333</dst>
            <dst id="STTLng">26.6666666666667</dst>
            <dst id="WASHng">23923.3893333333</dst>
        </src>
        <src id="KSCYng">
            <dst id="ATLA-M5">0</dst>
            <dst id="ATLAng">3940.72266666667</dst>
            <dst id="CHINng">23063.632</dst>
            <dst id="DNVRng">7371.98933333333</dst>
            <dst id="HSTNng">12327.4213333333</dst>
            <dst id="IPLSng">9842.864</dst>
            <dst id="KSCYng">5180.49333333333</dst>
            <dst id="LOSAng">26.6666666666667</dst>
            <dst id="NYCMng">26109.1013333333</dst>
            <dst id="SNVAng">53.3333333333333</dst>
            <dst id="STTLng">0</dst>
            <dst id="WASHng">10364.3226666667</dst>
        </src>
        <src id="LOSAng">
            <dst id="ATLA-M5">0</dst>
            <dst id="ATLAng">24644.6</dst>
            <dst id="CHINng">2042.20266666667</dst>
            <dst id="DNVRng">10279.2666666667</dst>
            <dst id="HSTNng">114178.821333333</dst>
            <dst id="IPLSng">1201.54133333333</dst>
            <dst id="KSCYng">193.578666666667</dst>
            <dst id="LOSAng">25971.2746666667</dst>
            <dst id="NYCMng">64235.0533333333</dst>
            <dst id="SNVAng">10598.1973333333</dst>
            <dst id="STTLng">19543.808</dst>
            <dst id="WASHng">96561.5946666667</dst>
        </src>
        <src id="NYCMng">
            <dst id="ATLA-M5">0</dst>
            <dst id="ATLAng">31912.5893333333</dst>
            <dst id="CHINng">953.341333333333</dst>
            <dst id="DNVRng">0</dst>
            <dst id="HSTNng">22469.2026666667</dst>
            <dst id="IPLSng">80</dst>
            <dst id="KSCYng">229.546666666667</dst>
            <dst id="LOSAng">26.6666666666667</dst>
            <dst id="NYCMng">487847.013333333</dst>
            <dst id="SNVAng">26.6666666666667</dst>
            <dst id="STTLng">712.216</dst>
            <dst id="WASHng">98594.8773333333</dst>
        </src>
        <src id="SNVAng">
            <dst id="ATLA-M5">0</dst>
            <dst id="ATLAng">763.341333333333</dst>
            <dst id="CHINng">0</dst>
            <dst id="DNVRng">4657.50133333333</dst>
            <dst id="HSTNng">11061.792</dst>
            <dst id="IPLSng">26.6666666666667</dst>
            <dst id="KSCYng">626.088</dst>
            <dst id="LOSAng">36033.5733333333</dst>
            <dst id="NYCMng">5860.94133333333</dst>
            <dst id="SNVAng">14756.9893333333</dst>
            <dst id="STTLng">55171.5706666667</dst>
            <dst id="WASHng">521.090666666667</dst>
        </src>
        <src id="STTLng">
            <dst id="ATLA-M5">0</dst>
            <dst id="ATLAng">6571.09333333333</dst>
            <dst id="CHINng">518.936</dst>
            <dst id="DNVRng">10489.9333333333</dst>
            <dst id="HSTNng">16795.1093333333</dst>
            <dst id="IPLSng">295.072</dst>
            <dst id="KSCYng">4201.17333333333</dst>
            <dst id="LOSAng">19960.4933333333</dst>
            <dst id="NYCMng">45450.752</dst>
            <dst id="SNVAng">4608.06666666667</dst>
            <dst id="STTLng">1891.70133333333</dst>
            <dst id="WASHng">33241.5973333333</dst>
        </src>
        <src id="WASHng">
            <dst id="ATLA-M5">0</dst>
            <dst id="ATLAng">70943.04</dst>
            <dst id="CHINng">5709.488</dst>
            <dst id="DNVRng">0</dst>
            <dst id="HSTNng">67951.0533333333</dst>
            <dst id="IPLSng">58.8693333333333</dst>
            <dst id="KSCYng">80</dst>
            <dst id="LOSAng">58.7946666666667</dst>
            <dst id="NYCMng">506637.6</dst>
            <dst id="SNVAng">95.0693333333333</dst>
            <dst id="STTLng">2801.504</dst>
            <dst id="WASHng">255328.586666667</dst>
        </src>
    </IntraTM>
</TrafficMatrixFile>
