<?xml version="1.0" encoding="ISO-8859-1" standalone="yes"?>
<TrafficMatrixFile xsi:noNamespaceSchemaLocation="http://totem.run.montefiore.ulg.ac.be/Schema/TrafficMatrix-v1_2.xsd" xmlns:xsi="http://www.w3.org/2001/XMLSchema-instance">
    <IntraTM ASID="11537">
        <src id="ATLA-M5">
            <dst id="ATLA-M5">53.3333333333333</dst>
            <dst id="ATLAng">1175.456</dst>
            <dst id="CHINng">1302.48</dst>
            <dst id="DNVRng">0</dst>
            <dst id="HSTNng">1507.70933333333</dst>
            <dst id="IPLSng">1645.416</dst>
            <dst id="KSCYng">2369.76266666667</dst>
            <dst id="LOSAng">0</dst>
            <dst id="NYCMng">2226.66666666667</dst>
            <dst id="SNVAng">0</dst>
            <dst id="STTLng">0</dst>
            <dst id="WASHng">2054.504</dst>
        </src>
        <src id="ATLAng">
            <dst id="ATLA-M5">0</dst>
            <dst id="ATLAng">52683.5973333333</dst>
            <dst id="CHINng">51549.192</dst>
            <dst id="DNVRng">96</dst>
            <dst id="HSTNng">67334.0666666667</dst>
            <dst id="IPLSng">34399.5226666667</dst>
            <dst id="KSCYng">5907.51466666667</dst>
            <dst id="LOSAng">43.04</dst>
            <dst id="NYCMng">24505.1146666667</dst>
            <dst id="SNVAng">88.0266666666667</dst>
            <dst id="STTLng">169.536</dst>
            <dst id="WASHng">81289.264</dst>
        </src>
        <src id="CHINng">
            <dst id="ATLA-M5">0</dst>
            <dst id="ATLAng">41364.5706666667</dst>
            <dst id="CHINng">97084.5466666667</dst>
            <dst id="DNVRng">26187.4666666667</dst>
            <dst id="HSTNng">155389.242666667</dst>
            <dst id="IPLSng">63474.8986666667</dst>
            <dst id="KSCYng">16764.0746666667</dst>
            <dst id="LOSAng">53.3333333333333</dst>
            <dst id="NYCMng">51016.864</dst>
            <dst id="SNVAng">3524</dst>
            <dst id="STTLng">670.037333333333</dst>
            <dst id="WASHng">41188.6266666667</dst>
        </src>
        <src id="DNVRng">
            <dst id="ATLA-M5">0</dst>
            <dst id="ATLAng">7166.13066666667</dst>
            <dst id="CHINng">62661.3386666667</dst>
            <dst id="DNVRng">8108.05066666666</dst>
            <dst id="HSTNng">73036.6293333333</dst>
            <dst id="IPLSng">30328.064</dst>
            <dst id="KSCYng">11229.2373333333</dst>
            <dst id="LOSAng">0</dst>
            <dst id="NYCMng">15285.336</dst>
            <dst id="SNVAng">19470.3226666667</dst>
            <dst id="STTLng">181.205333333333</dst>
            <dst id="WASHng">48576.4666666667</dst>
        </src>
        <src id="HSTNng">
            <dst id="ATLA-M5">0</dst>
            <dst id="ATLAng">56440.9706666667</dst>
            <dst id="CHINng">3209.01333333333</dst>
            <dst id="DNVRng">26.6666666666667</dst>
            <dst id="HSTNng">184610.056</dst>
            <dst id="IPLSng">104.637333333333</dst>
            <dst id="KSCYng">1183.088</dst>
            <dst id="LOSAng">0</dst>
            <dst id="NYCMng">8349.52266666667</dst>
            <dst id="SNVAng">0</dst>
            <dst id="STTLng">502.634666666667</dst>
            <dst id="WASHng">114624.082666667</dst>
        </src>
        <src id="IPLSng">
            <dst id="ATLA-M5">0</dst>
            <dst id="ATLAng">34194.632</dst>
            <dst id="CHINng">129596.304</dst>
            <dst id="DNVRng">17389.2133333333</dst>
            <dst id="HSTNng">66569.6213333333</dst>
            <dst id="IPLSng">44422.144</dst>
            <dst id="KSCYng">23595.776</dst>
            <dst id="LOSAng">1071.72266666667</dst>
            <dst id="NYCMng">59535.9066666667</dst>
            <dst id="SNVAng">113.704</dst>
            <dst id="STTLng">534.933333333333</dst>
            <dst id="WASHng">36457.904</dst>
        </src>
        <src id="KSCYng">
            <dst id="ATLA-M5">0</dst>
            <dst id="ATLAng">5465.96</dst>
            <dst id="CHINng">35946.2373333333</dst>
            <dst id="DNVRng">34788.416</dst>
            <dst id="HSTNng">18871.2053333333</dst>
            <dst id="IPLSng">25352.5546666667</dst>
            <dst id="KSCYng">8348.82133333334</dst>
            <dst id="LOSAng">0</dst>
            <dst id="NYCMng">9490.85066666667</dst>
            <dst id="SNVAng">53.3333333333333</dst>
            <dst id="STTLng">131.461333333333</dst>
            <dst id="WASHng">16904.968</dst>
        </src>
        <src id="LOSAng">
            <dst id="ATLA-M5">0</dst>
            <dst id="ATLAng">48850.7546666667</dst>
            <dst id="CHINng">5334.95466666667</dst>
            <dst id="DNVRng">34607.136</dst>
            <dst id="HSTNng">171851.245333333</dst>
            <dst id="IPLSng">2912.56533333333</dst>
            <dst id="KSCYng">270.992</dst>
            <dst id="LOSAng">14197.9546666667</dst>
            <dst id="NYCMng">41602.672</dst>
            <dst id="SNVAng">15426.6426666667</dst>
            <dst id="STTLng">23678.688</dst>
            <dst id="WASHng">97470.9546666667</dst>
        </src>
        <src id="NYCMng">
            <dst id="ATLA-M5">0</dst>
            <dst id="ATLAng">56652.9146666667</dst>
            <dst id="CHINng">78119.68</dst>
            <dst id="DNVRng">47041.928</dst>
            <dst id="HSTNng">158571.621333333</dst>
            <dst id="IPLSng">75699.7386666667</dst>
            <dst id="KSCYng">27923.048</dst>
            <dst id="LOSAng">210.005333333333</dst>
            <dst id="NYCMng">263116.093333333</dst>
            <dst id="SNVAng">306.722666666667</dst>
            <dst id="STTLng">1808.74933333333</dst>
            <dst id="WASHng">182576.776</dst>
        </src>
        <src id="SNVAng">
            <dst id="ATLA-M5">0</dst>
            <dst id="ATLAng">3728.40266666667</dst>
            <dst id="CHINng">53.3333333333333</dst>
            <dst id="DNVRng">5007.6</dst>
            <dst id="HSTNng">9856.47466666667</dst>
            <dst id="IPLSng">0</dst>
            <dst id="KSCYng">2251.424</dst>
            <dst id="LOSAng">37891.1093333333</dst>
            <dst id="NYCMng">4919.19733333333</dst>
            <dst id="SNVAng">19971.968</dst>
            <dst id="STTLng">56252.0453333333</dst>
            <dst id="WASHng">2746.17066666667</dst>
        </src>
        <src id="STTLng">
            <dst id="ATLA-M5">0</dst>
            <dst id="ATLAng">12541.7813333333</dst>
            <dst id="CHINng">22203.8773333333</dst>
            <dst id="DNVRng">10782</dst>
            <dst id="HSTNng">41705.416</dst>
            <dst id="IPLSng">450.178666666667</dst>
            <dst id="KSCYng">5088.42933333333</dst>
            <dst id="LOSAng">27467.696</dst>
            <dst id="NYCMng">13430.1066666667</dst>
            <dst id="SNVAng">10945.048</dst>
            <dst id="STTLng">1486.27466666667</dst>
            <dst id="WASHng">35024.352</dst>
        </src>
        <src id="WASHng">
            <dst id="ATLA-M5">0</dst>
            <dst id="ATLAng">80270.5573333333</dst>
            <dst id="CHINng">86007.1706666667</dst>
            <dst id="DNVRng">4634.22933333333</dst>
            <dst id="HSTNng">340997.493333333</dst>
            <dst id="IPLSng">69135.9253333333</dst>
            <dst id="KSCYng">17237.4133333333</dst>
            <dst id="LOSAng">145.341333333333</dst>
            <dst id="NYCMng">227240.442666667</dst>
            <dst id="SNVAng">575.810666666667</dst>
            <dst id="STTLng">3913.55466666667</dst>
            <dst id="WASHng">327065.413333333</dst>
        </src>
    </IntraTM>
</TrafficMatrixFile>
