<?xml version="1.0" encoding="ISO-8859-1" standalone="yes"?>
<TrafficMatrixFile xsi:noNamespaceSchemaLocation="http://totem.run.montefiore.ulg.ac.be/Schema/TrafficMatrix-v1_2.xsd" xmlns:xsi="http://www.w3.org/2001/XMLSchema-instance">
    <IntraTM ASID="11537">
        <src id="ATLA-M5">
            <dst id="ATLA-M5">26.6666666666667</dst>
            <dst id="ATLAng">1140.98133333333</dst>
            <dst id="CHINng">1339.41066666667</dst>
            <dst id="DNVRng">26.6666666666667</dst>
            <dst id="HSTNng">1392.29866666667</dst>
            <dst id="IPLSng">1272.47733333333</dst>
            <dst id="KSCYng">273.205333333333</dst>
            <dst id="LOSAng">0</dst>
            <dst id="NYCMng">1941.91466666667</dst>
            <dst id="SNVAng">0</dst>
            <dst id="STTLng">0</dst>
            <dst id="WASHng">1897.10933333333</dst>
        </src>
        <src id="ATLAng">
            <dst id="ATLA-M5">0</dst>
            <dst id="ATLAng">39591.0666666667</dst>
            <dst id="CHINng">58937.1466666667</dst>
            <dst id="DNVRng">26.6666666666667</dst>
            <dst id="HSTNng">65515.0053333333</dst>
            <dst id="IPLSng">32117.608</dst>
            <dst id="KSCYng">3749.78133333333</dst>
            <dst id="LOSAng">113.525333333333</dst>
            <dst id="NYCMng">19270.2533333333</dst>
            <dst id="SNVAng">98.76</dst>
            <dst id="STTLng">53.3333333333333</dst>
            <dst id="WASHng">58336.2106666667</dst>
        </src>
        <src id="CHINng">
            <dst id="ATLA-M5">0</dst>
            <dst id="ATLAng">42173.1466666667</dst>
            <dst id="CHINng">91736.6346666667</dst>
            <dst id="DNVRng">21808.3173333333</dst>
            <dst id="HSTNng">141813.32</dst>
            <dst id="IPLSng">65515.0933333333</dst>
            <dst id="KSCYng">16730.9706666667</dst>
            <dst id="LOSAng">91.8186666666667</dst>
            <dst id="NYCMng">54190.9413333333</dst>
            <dst id="SNVAng">985.333333333333</dst>
            <dst id="STTLng">553.925333333333</dst>
            <dst id="WASHng">51264.5973333333</dst>
        </src>
        <src id="DNVRng">
            <dst id="ATLA-M5">0</dst>
            <dst id="ATLAng">4498.41866666667</dst>
            <dst id="CHINng">62541.2693333333</dst>
            <dst id="DNVRng">12389.528</dst>
            <dst id="HSTNng">85251.296</dst>
            <dst id="IPLSng">30791.4106666667</dst>
            <dst id="KSCYng">9975.35466666667</dst>
            <dst id="LOSAng">40</dst>
            <dst id="NYCMng">16572.1093333333</dst>
            <dst id="SNVAng">16539.152</dst>
            <dst id="STTLng">856.765333333333</dst>
            <dst id="WASHng">47286.1253333333</dst>
        </src>
        <src id="HSTNng">
            <dst id="ATLA-M5">0</dst>
            <dst id="ATLAng">38660.6666666667</dst>
            <dst id="CHINng">3249.65866666667</dst>
            <dst id="DNVRng">26.6666666666667</dst>
            <dst id="HSTNng">206251.373333333</dst>
            <dst id="IPLSng">183.690666666667</dst>
            <dst id="KSCYng">0</dst>
            <dst id="LOSAng">0</dst>
            <dst id="NYCMng">7984.17866666666</dst>
            <dst id="SNVAng">80</dst>
            <dst id="STTLng">355.36</dst>
            <dst id="WASHng">116429.853333333</dst>
        </src>
        <src id="IPLSng">
            <dst id="ATLA-M5">0</dst>
            <dst id="ATLAng">28017.352</dst>
            <dst id="CHINng">122993.970666667</dst>
            <dst id="DNVRng">12932.7253333333</dst>
            <dst id="HSTNng">69922.056</dst>
            <dst id="IPLSng">40621.032</dst>
            <dst id="KSCYng">23275.6773333333</dst>
            <dst id="LOSAng">1035.89866666667</dst>
            <dst id="NYCMng">59616.8026666667</dst>
            <dst id="SNVAng">119.130666666667</dst>
            <dst id="STTLng">430.802666666667</dst>
            <dst id="WASHng">29082.3146666667</dst>
        </src>
        <src id="KSCYng">
            <dst id="ATLA-M5">0</dst>
            <dst id="ATLAng">3965.832</dst>
            <dst id="CHINng">29893.9866666667</dst>
            <dst id="DNVRng">32856.2613333333</dst>
            <dst id="HSTNng">19357.912</dst>
            <dst id="IPLSng">26107.416</dst>
            <dst id="KSCYng">7475.06133333333</dst>
            <dst id="LOSAng">0</dst>
            <dst id="NYCMng">7780.72266666667</dst>
            <dst id="SNVAng">513.746666666667</dst>
            <dst id="STTLng">148.936</dst>
            <dst id="WASHng">16609.8293333333</dst>
        </src>
        <src id="LOSAng">
            <dst id="ATLA-M5">0</dst>
            <dst id="ATLAng">26760.7306666667</dst>
            <dst id="CHINng">5361.07466666667</dst>
            <dst id="DNVRng">35301.8026666667</dst>
            <dst id="HSTNng">159362.552</dst>
            <dst id="IPLSng">789.552</dst>
            <dst id="KSCYng">414.744</dst>
            <dst id="LOSAng">13791.9946666667</dst>
            <dst id="NYCMng">40177.9466666667</dst>
            <dst id="SNVAng">21374.1893333333</dst>
            <dst id="STTLng">26248.5653333333</dst>
            <dst id="WASHng">98929.8693333333</dst>
        </src>
        <src id="NYCMng">
            <dst id="ATLA-M5">0</dst>
            <dst id="ATLAng">46695.3333333333</dst>
            <dst id="CHINng">79952.656</dst>
            <dst id="DNVRng">50047.1493333333</dst>
            <dst id="HSTNng">152974.781333333</dst>
            <dst id="IPLSng">86107.2773333333</dst>
            <dst id="KSCYng">27358.6</dst>
            <dst id="LOSAng">113.333333333333</dst>
            <dst id="NYCMng">253472.344</dst>
            <dst id="SNVAng">162.749333333333</dst>
            <dst id="STTLng">2497.18133333333</dst>
            <dst id="WASHng">185128.085333333</dst>
        </src>
        <src id="SNVAng">
            <dst id="ATLA-M5">0</dst>
            <dst id="ATLAng">3687.392</dst>
            <dst id="CHINng">106.666666666667</dst>
            <dst id="DNVRng">4616.14666666667</dst>
            <dst id="HSTNng">10074.4853333333</dst>
            <dst id="IPLSng">0</dst>
            <dst id="KSCYng">1907.368</dst>
            <dst id="LOSAng">37839.9626666667</dst>
            <dst id="NYCMng">5489.73866666667</dst>
            <dst id="SNVAng">30755.1493333333</dst>
            <dst id="STTLng">64163.8373333333</dst>
            <dst id="WASHng">4015.42133333333</dst>
        </src>
        <src id="STTLng">
            <dst id="ATLA-M5">0</dst>
            <dst id="ATLAng">12798.4266666667</dst>
            <dst id="CHINng">23126.6986666667</dst>
            <dst id="DNVRng">11549.7866666667</dst>
            <dst id="HSTNng">42361.2586666667</dst>
            <dst id="IPLSng">331.52</dst>
            <dst id="KSCYng">5052.208</dst>
            <dst id="LOSAng">27594.6933333333</dst>
            <dst id="NYCMng">16482.3306666667</dst>
            <dst id="SNVAng">12592.0826666667</dst>
            <dst id="STTLng">1490.568</dst>
            <dst id="WASHng">33977.6613333333</dst>
        </src>
        <src id="WASHng">
            <dst id="ATLA-M5">0</dst>
            <dst id="ATLAng">85700.36</dst>
            <dst id="CHINng">77488.0026666667</dst>
            <dst id="DNVRng">4572.91466666667</dst>
            <dst id="HSTNng">361214.666666667</dst>
            <dst id="IPLSng">73034.0026666667</dst>
            <dst id="KSCYng">21430.1413333333</dst>
            <dst id="LOSAng">34.704</dst>
            <dst id="NYCMng">207174.546666667</dst>
            <dst id="SNVAng">2103.38666666667</dst>
            <dst id="STTLng">3404.26666666667</dst>
            <dst id="WASHng">290833.013333333</dst>
        </src>
    </IntraTM>
</TrafficMatrixFile>
