<?xml version="1.0" encoding="ISO-8859-1" standalone="yes"?>
<TrafficMatrixFile xsi:noNamespaceSchemaLocation="http://totem.run.montefiore.ulg.ac.be/Schema/TrafficMatrix-v1_2.xsd" xmlns:xsi="http://www.w3.org/2001/XMLSchema-instance">
    <IntraTM ASID="11537">
        <src id="ATLA-M5">
            <dst id="ATLA-M5">0</dst>
            <dst id="ATLAng">572.802666666667</dst>
            <dst id="CHINng">832.437333333333</dst>
            <dst id="DNVRng">0</dst>
            <dst id="HSTNng">2148.19733333333</dst>
            <dst id="IPLSng">383.458666666667</dst>
            <dst id="KSCYng">533.16</dst>
            <dst id="LOSAng">0</dst>
            <dst id="NYCMng">863.002666666667</dst>
            <dst id="SNVAng">0</dst>
            <dst id="STTLng">0</dst>
            <dst id="WASHng">479.616</dst>
        </src>
        <src id="ATLAng">
            <dst id="ATLA-M5">0</dst>
            <dst id="ATLAng">21163.712</dst>
            <dst id="CHINng">23793.656</dst>
            <dst id="DNVRng">28.4053333333333</dst>
            <dst id="HSTNng">33104.6186666667</dst>
            <dst id="IPLSng">31747.416</dst>
            <dst id="KSCYng">7438.848</dst>
            <dst id="LOSAng">130.658666666667</dst>
            <dst id="NYCMng">20555.664</dst>
            <dst id="SNVAng">0</dst>
            <dst id="STTLng">279.117333333333</dst>
            <dst id="WASHng">59663.936</dst>
        </src>
        <src id="CHINng">
            <dst id="ATLA-M5">0</dst>
            <dst id="ATLAng">43308.512</dst>
            <dst id="CHINng">127767.832</dst>
            <dst id="DNVRng">27866.3413333333</dst>
            <dst id="HSTNng">123264.834666667</dst>
            <dst id="IPLSng">73976.8986666667</dst>
            <dst id="KSCYng">17311.224</dst>
            <dst id="LOSAng">300.8</dst>
            <dst id="NYCMng">34356.504</dst>
            <dst id="SNVAng">26.6666666666667</dst>
            <dst id="STTLng">1522.528</dst>
            <dst id="WASHng">38298.8186666667</dst>
        </src>
        <src id="DNVRng">
            <dst id="ATLA-M5">0</dst>
            <dst id="ATLAng">9025.536</dst>
            <dst id="CHINng">57450.3573333333</dst>
            <dst id="DNVRng">15211.8266666667</dst>
            <dst id="HSTNng">62032.3306666667</dst>
            <dst id="IPLSng">29405.4533333333</dst>
            <dst id="KSCYng">22497.7333333333</dst>
            <dst id="LOSAng">0</dst>
            <dst id="NYCMng">26854.2106666667</dst>
            <dst id="SNVAng">13908.888</dst>
            <dst id="STTLng">80</dst>
            <dst id="WASHng">43382.4293333333</dst>
        </src>
        <src id="HSTNng">
            <dst id="ATLA-M5">0</dst>
            <dst id="ATLAng">35944.6133333333</dst>
            <dst id="CHINng">2173.472</dst>
            <dst id="DNVRng">229.354666666667</dst>
            <dst id="HSTNng">150999.501333333</dst>
            <dst id="IPLSng">169.525333333333</dst>
            <dst id="KSCYng">0</dst>
            <dst id="LOSAng">26.6666666666667</dst>
            <dst id="NYCMng">12749.1493333333</dst>
            <dst id="SNVAng">0</dst>
            <dst id="STTLng">81.8746666666667</dst>
            <dst id="WASHng">108888.845333333</dst>
        </src>
        <src id="IPLSng">
            <dst id="ATLA-M5">0</dst>
            <dst id="ATLAng">33912.6266666667</dst>
            <dst id="CHINng">151107.336</dst>
            <dst id="DNVRng">12787.4293333333</dst>
            <dst id="HSTNng">73884.496</dst>
            <dst id="IPLSng">47884.2826666667</dst>
            <dst id="KSCYng">29144.6293333333</dst>
            <dst id="LOSAng">0</dst>
            <dst id="NYCMng">56187.416</dst>
            <dst id="SNVAng">66.3493333333333</dst>
            <dst id="STTLng">508.176</dst>
            <dst id="WASHng">29431.304</dst>
        </src>
        <src id="KSCYng">
            <dst id="ATLA-M5">0</dst>
            <dst id="ATLAng">7597.68266666667</dst>
            <dst id="CHINng">28050.9973333333</dst>
            <dst id="DNVRng">8272.84266666667</dst>
            <dst id="HSTNng">23198.264</dst>
            <dst id="IPLSng">17310.2906666667</dst>
            <dst id="KSCYng">11319.9253333333</dst>
            <dst id="LOSAng">53.3333333333333</dst>
            <dst id="NYCMng">14479.0266666667</dst>
            <dst id="SNVAng">0</dst>
            <dst id="STTLng">303.512</dst>
            <dst id="WASHng">13998.6533333333</dst>
        </src>
        <src id="LOSAng">
            <dst id="ATLA-M5">0</dst>
            <dst id="ATLAng">24270.5546666667</dst>
            <dst id="CHINng">6826.66933333334</dst>
            <dst id="DNVRng">11497.5946666667</dst>
            <dst id="HSTNng">176841.992</dst>
            <dst id="IPLSng">234.093333333333</dst>
            <dst id="KSCYng">26.6666666666667</dst>
            <dst id="LOSAng">64278.4053333333</dst>
            <dst id="NYCMng">76384.0933333333</dst>
            <dst id="SNVAng">11710.912</dst>
            <dst id="STTLng">31162.0453333333</dst>
            <dst id="WASHng">100597.256</dst>
        </src>
        <src id="NYCMng">
            <dst id="ATLA-M5">0</dst>
            <dst id="ATLAng">43683.2853333333</dst>
            <dst id="CHINng">87481.4186666667</dst>
            <dst id="DNVRng">40334.7653333333</dst>
            <dst id="HSTNng">140730.282666667</dst>
            <dst id="IPLSng">72168.104</dst>
            <dst id="KSCYng">23351.0293333333</dst>
            <dst id="LOSAng">218.570666666667</dst>
            <dst id="NYCMng">258588.349333333</dst>
            <dst id="SNVAng">196.714666666667</dst>
            <dst id="STTLng">4594.69066666667</dst>
            <dst id="WASHng">129549.48</dst>
        </src>
        <src id="SNVAng">
            <dst id="ATLA-M5">0</dst>
            <dst id="ATLAng">1658.25866666667</dst>
            <dst id="CHINng">3374.544</dst>
            <dst id="DNVRng">2399.36266666667</dst>
            <dst id="HSTNng">13042.5893333333</dst>
            <dst id="IPLSng">59.8</dst>
            <dst id="KSCYng">504.530666666667</dst>
            <dst id="LOSAng">36259.6746666667</dst>
            <dst id="NYCMng">13594.3386666667</dst>
            <dst id="SNVAng">18037.1466666667</dst>
            <dst id="STTLng">55105.64</dst>
            <dst id="WASHng">1052.256</dst>
        </src>
        <src id="STTLng">
            <dst id="ATLA-M5">0</dst>
            <dst id="ATLAng">689214.133333333</dst>
            <dst id="CHINng">23397.52</dst>
            <dst id="DNVRng">5966.264</dst>
            <dst id="HSTNng">46340.2453333333</dst>
            <dst id="IPLSng">286.88</dst>
            <dst id="KSCYng">3399.96266666667</dst>
            <dst id="LOSAng">33373.48</dst>
            <dst id="NYCMng">18150.768</dst>
            <dst id="SNVAng">7908.904</dst>
            <dst id="STTLng">8406.19733333333</dst>
            <dst id="WASHng">31378.9706666667</dst>
        </src>
        <src id="WASHng">
            <dst id="ATLA-M5">0</dst>
            <dst id="ATLAng">126739.274666667</dst>
            <dst id="CHINng">104425.581333333</dst>
            <dst id="DNVRng">3804.22133333333</dst>
            <dst id="HSTNng">318527.013333333</dst>
            <dst id="IPLSng">75022.1786666666</dst>
            <dst id="KSCYng">16471.6506666667</dst>
            <dst id="LOSAng">85.4133333333333</dst>
            <dst id="NYCMng">211205.130666667</dst>
            <dst id="SNVAng">369.906666666667</dst>
            <dst id="STTLng">4209.992</dst>
            <dst id="WASHng">292492.853333333</dst>
        </src>
    </IntraTM>
</TrafficMatrixFile>
