<?xml version="1.0" encoding="ISO-8859-1" standalone="yes"?>
<TrafficMatrixFile xsi:noNamespaceSchemaLocation="http://totem.run.montefiore.ulg.ac.be/Schema/TrafficMatrix-v1_2.xsd" xmlns:xsi="http://www.w3.org/2001/XMLSchema-instance">
    <IntraTM ASID="11537">
        <src id="ATLA-M5">
            <dst id="ATLA-M5">26.6666666666667</dst>
            <dst id="ATLAng">488.994666666667</dst>
            <dst id="CHINng">1436.53333333333</dst>
            <dst id="DNVRng">0</dst>
            <dst id="HSTNng">226.533333333333</dst>
            <dst id="IPLSng">866.226666666667</dst>
            <dst id="KSCYng">0</dst>
            <dst id="LOSAng">0</dst>
            <dst id="NYCMng">1575.02666666667</dst>
            <dst id="SNVAng">0</dst>
            <dst id="STTLng">0</dst>
            <dst id="WASHng">1994.70933333333</dst>
        </src>
        <src id="ATLAng">
            <dst id="ATLA-M5">0</dst>
            <dst id="ATLAng">34950.1626666667</dst>
            <dst id="CHINng">50820.2586666667</dst>
            <dst id="DNVRng">0</dst>
            <dst id="HSTNng">11128.2213333333</dst>
            <dst id="IPLSng">32733.3093333333</dst>
            <dst id="KSCYng">55.24</dst>
            <dst id="LOSAng">0</dst>
            <dst id="NYCMng">69268.152</dst>
            <dst id="SNVAng">26.6666666666667</dst>
            <dst id="STTLng">1793.67466666667</dst>
            <dst id="WASHng">52067.024</dst>
        </src>
        <src id="CHINng">
            <dst id="ATLA-M5">0</dst>
            <dst id="ATLAng">33188.1413333333</dst>
            <dst id="CHINng">45611.168</dst>
            <dst id="DNVRng">0</dst>
            <dst id="HSTNng">25619.1173333333</dst>
            <dst id="IPLSng">80223.392</dst>
            <dst id="KSCYng">85.7893333333333</dst>
            <dst id="LOSAng">26.6666666666667</dst>
            <dst id="NYCMng">215046.525333333</dst>
            <dst id="SNVAng">26.6666666666667</dst>
            <dst id="STTLng">112.677333333333</dst>
            <dst id="WASHng">34115.928</dst>
        </src>
        <src id="DNVRng">
            <dst id="ATLA-M5">0</dst>
            <dst id="ATLAng">7401.40533333333</dst>
            <dst id="CHINng">38413.9306666667</dst>
            <dst id="DNVRng">5740.25066666667</dst>
            <dst id="HSTNng">59522.416</dst>
            <dst id="IPLSng">32900.096</dst>
            <dst id="KSCYng">8638.512</dst>
            <dst id="LOSAng">129.568</dst>
            <dst id="NYCMng">38451.7786666667</dst>
            <dst id="SNVAng">13101.5306666667</dst>
            <dst id="STTLng">222.074666666667</dst>
            <dst id="WASHng">43852.456</dst>
        </src>
        <src id="HSTNng">
            <dst id="ATLA-M5">0</dst>
            <dst id="ATLAng">24071.2773333333</dst>
            <dst id="CHINng">1588.57866666667</dst>
            <dst id="DNVRng">98.9866666666667</dst>
            <dst id="HSTNng">146551.456</dst>
            <dst id="IPLSng">106.666666666667</dst>
            <dst id="KSCYng">153.082666666667</dst>
            <dst id="LOSAng">80</dst>
            <dst id="NYCMng">8599.2</dst>
            <dst id="SNVAng">168.064</dst>
            <dst id="STTLng">451.84</dst>
            <dst id="WASHng">130997.981333333</dst>
        </src>
        <src id="IPLSng">
            <dst id="ATLA-M5">0</dst>
            <dst id="ATLAng">17105.1893333333</dst>
            <dst id="CHINng">139324.461333333</dst>
            <dst id="DNVRng">0</dst>
            <dst id="HSTNng">16534.1866666667</dst>
            <dst id="IPLSng">20501.2933333333</dst>
            <dst id="KSCYng">27189.9946666667</dst>
            <dst id="LOSAng">544.133333333333</dst>
            <dst id="NYCMng">292276.533333333</dst>
            <dst id="SNVAng">80</dst>
            <dst id="STTLng">867.237333333333</dst>
            <dst id="WASHng">35935.7333333333</dst>
        </src>
        <src id="KSCYng">
            <dst id="ATLA-M5">0</dst>
            <dst id="ATLAng">8744.38933333333</dst>
            <dst id="CHINng">17840.816</dst>
            <dst id="DNVRng">23719.416</dst>
            <dst id="HSTNng">31877.088</dst>
            <dst id="IPLSng">13248.008</dst>
            <dst id="KSCYng">6487.70933333333</dst>
            <dst id="LOSAng">0</dst>
            <dst id="NYCMng">27380.5706666667</dst>
            <dst id="SNVAng">26.6666666666667</dst>
            <dst id="STTLng">41.2533333333333</dst>
            <dst id="WASHng">13771.184</dst>
        </src>
        <src id="LOSAng">
            <dst id="ATLA-M5">0</dst>
            <dst id="ATLAng">18602.0933333333</dst>
            <dst id="CHINng">2121.78933333333</dst>
            <dst id="DNVRng">24142.3706666667</dst>
            <dst id="HSTNng">143968.669333333</dst>
            <dst id="IPLSng">649.584</dst>
            <dst id="KSCYng">984.133333333333</dst>
            <dst id="LOSAng">16704.7226666667</dst>
            <dst id="NYCMng">74209.0853333333</dst>
            <dst id="SNVAng">16116.1733333333</dst>
            <dst id="STTLng">21234.544</dst>
            <dst id="WASHng">105977.597333333</dst>
        </src>
        <src id="NYCMng">
            <dst id="ATLA-M5">0</dst>
            <dst id="ATLAng">37244.9626666667</dst>
            <dst id="CHINng">2594.88533333333</dst>
            <dst id="DNVRng">0</dst>
            <dst id="HSTNng">24816.5893333333</dst>
            <dst id="IPLSng">144.264</dst>
            <dst id="KSCYng">266</dst>
            <dst id="LOSAng">215.328</dst>
            <dst id="NYCMng">1043066.16</dst>
            <dst id="SNVAng">26.6666666666667</dst>
            <dst id="STTLng">80.224</dst>
            <dst id="WASHng">324259.386666667</dst>
        </src>
        <src id="SNVAng">
            <dst id="ATLA-M5">0</dst>
            <dst id="ATLAng">1310.15466666667</dst>
            <dst id="CHINng">0</dst>
            <dst id="DNVRng">21502.0213333333</dst>
            <dst id="HSTNng">5554.056</dst>
            <dst id="IPLSng">26.6666666666667</dst>
            <dst id="KSCYng">1738.06666666667</dst>
            <dst id="LOSAng">39813.36</dst>
            <dst id="NYCMng">5640.68</dst>
            <dst id="SNVAng">19562.216</dst>
            <dst id="STTLng">58046.32</dst>
            <dst id="WASHng">1676.46933333333</dst>
        </src>
        <src id="STTLng">
            <dst id="ATLA-M5">0</dst>
            <dst id="ATLAng">10879.8826666667</dst>
            <dst id="CHINng">2302.14133333333</dst>
            <dst id="DNVRng">6772.608</dst>
            <dst id="HSTNng">25696.7706666667</dst>
            <dst id="IPLSng">548.8</dst>
            <dst id="KSCYng">6742.41066666667</dst>
            <dst id="LOSAng">29418.2266666667</dst>
            <dst id="NYCMng">46939.2533333333</dst>
            <dst id="SNVAng">8490.576</dst>
            <dst id="STTLng">1698.16533333333</dst>
            <dst id="WASHng">37334.512</dst>
        </src>
        <src id="WASHng">
            <dst id="ATLA-M5">0</dst>
            <dst id="ATLAng">117696.586666667</dst>
            <dst id="CHINng">432.485333333333</dst>
            <dst id="DNVRng">0</dst>
            <dst id="HSTNng">81244.016</dst>
            <dst id="IPLSng">81.416</dst>
            <dst id="KSCYng">133.136</dst>
            <dst id="LOSAng">80</dst>
            <dst id="NYCMng">562344.986666667</dst>
            <dst id="SNVAng">164.477333333333</dst>
            <dst id="STTLng">91.2</dst>
            <dst id="WASHng">333775.28</dst>
        </src>
    </IntraTM>
</TrafficMatrixFile>
