<?xml version="1.0" encoding="ISO-8859-1" standalone="yes"?>
<TrafficMatrixFile xsi:noNamespaceSchemaLocation="http://totem.run.montefiore.ulg.ac.be/Schema/TrafficMatrix-v1_2.xsd" xmlns:xsi="http://www.w3.org/2001/XMLSchema-instance">
    <IntraTM ASID="11537">
        <src id="ATLA-M5">
            <dst id="ATLA-M5">0</dst>
            <dst id="ATLAng">226.581333333333</dst>
            <dst id="CHINng">1247.87733333333</dst>
            <dst id="DNVRng">0</dst>
            <dst id="HSTNng">260.384</dst>
            <dst id="IPLSng">2304.75733333333</dst>
            <dst id="KSCYng">0</dst>
            <dst id="LOSAng">0</dst>
            <dst id="NYCMng">1349.54933333333</dst>
            <dst id="SNVAng">0</dst>
            <dst id="STTLng">0</dst>
            <dst id="WASHng">882.586666666667</dst>
        </src>
        <src id="ATLAng">
            <dst id="ATLA-M5">0</dst>
            <dst id="ATLAng">40941.184</dst>
            <dst id="CHINng">45850.2266666667</dst>
            <dst id="DNVRng">0</dst>
            <dst id="HSTNng">3754.03733333333</dst>
            <dst id="IPLSng">36161.0266666667</dst>
            <dst id="KSCYng">0</dst>
            <dst id="LOSAng">0</dst>
            <dst id="NYCMng">41675.4186666667</dst>
            <dst id="SNVAng">0</dst>
            <dst id="STTLng">0</dst>
            <dst id="WASHng">40987.544</dst>
        </src>
        <src id="CHINng">
            <dst id="ATLA-M5">0</dst>
            <dst id="ATLAng">36896.9573333333</dst>
            <dst id="CHINng">35780.7786666667</dst>
            <dst id="DNVRng">0</dst>
            <dst id="HSTNng">22152.36</dst>
            <dst id="IPLSng">51974.5706666667</dst>
            <dst id="KSCYng">80</dst>
            <dst id="LOSAng">26.6666666666667</dst>
            <dst id="NYCMng">236438.112</dst>
            <dst id="SNVAng">0</dst>
            <dst id="STTLng">1237.59733333333</dst>
            <dst id="WASHng">36148.872</dst>
        </src>
        <src id="DNVRng">
            <dst id="ATLA-M5">0</dst>
            <dst id="ATLAng">9784.36</dst>
            <dst id="CHINng">34873.688</dst>
            <dst id="DNVRng">13121.4666666667</dst>
            <dst id="HSTNng">42583.2026666667</dst>
            <dst id="IPLSng">32824.28</dst>
            <dst id="KSCYng">19406.032</dst>
            <dst id="LOSAng">0</dst>
            <dst id="NYCMng">34580.176</dst>
            <dst id="SNVAng">11407.1253333333</dst>
            <dst id="STTLng">106.666666666667</dst>
            <dst id="WASHng">39968.696</dst>
        </src>
        <src id="HSTNng">
            <dst id="ATLA-M5">0</dst>
            <dst id="ATLAng">42530.6933333333</dst>
            <dst id="CHINng">1082.84</dst>
            <dst id="DNVRng">0</dst>
            <dst id="HSTNng">134579.784</dst>
            <dst id="IPLSng">53.3333333333333</dst>
            <dst id="KSCYng">0</dst>
            <dst id="LOSAng">0</dst>
            <dst id="NYCMng">8070.78933333333</dst>
            <dst id="SNVAng">26.6666666666667</dst>
            <dst id="STTLng">0</dst>
            <dst id="WASHng">121416.24</dst>
        </src>
        <src id="IPLSng">
            <dst id="ATLA-M5">0</dst>
            <dst id="ATLAng">25070.1626666667</dst>
            <dst id="CHINng">136701.032</dst>
            <dst id="DNVRng">0</dst>
            <dst id="HSTNng">11324.592</dst>
            <dst id="IPLSng">61332.7946666667</dst>
            <dst id="KSCYng">27844.6586666667</dst>
            <dst id="LOSAng">26.6666666666667</dst>
            <dst id="NYCMng">182778.045333333</dst>
            <dst id="SNVAng">346.016</dst>
            <dst id="STTLng">27.4666666666667</dst>
            <dst id="WASHng">31777.888</dst>
        </src>
        <src id="KSCYng">
            <dst id="ATLA-M5">0</dst>
            <dst id="ATLAng">9421.97333333333</dst>
            <dst id="CHINng">15567.12</dst>
            <dst id="DNVRng">5920.94666666667</dst>
            <dst id="HSTNng">17353.016</dst>
            <dst id="IPLSng">14537.336</dst>
            <dst id="KSCYng">7790.98666666667</dst>
            <dst id="LOSAng">0</dst>
            <dst id="NYCMng">16828.1573333333</dst>
            <dst id="SNVAng">0</dst>
            <dst id="STTLng">0</dst>
            <dst id="WASHng">10579.4373333333</dst>
        </src>
        <src id="LOSAng">
            <dst id="ATLA-M5">0</dst>
            <dst id="ATLAng">40120.7706666667</dst>
            <dst id="CHINng">3028.304</dst>
            <dst id="DNVRng">27694.2373333333</dst>
            <dst id="HSTNng">121024.504</dst>
            <dst id="IPLSng">177.632</dst>
            <dst id="KSCYng">200.853333333333</dst>
            <dst id="LOSAng">22251.5066666667</dst>
            <dst id="NYCMng">69980.6106666667</dst>
            <dst id="SNVAng">8653.73866666667</dst>
            <dst id="STTLng">24193.2293333333</dst>
            <dst id="WASHng">102858.648</dst>
        </src>
        <src id="NYCMng">
            <dst id="ATLA-M5">0</dst>
            <dst id="ATLAng">43145.2986666666</dst>
            <dst id="CHINng">765.066666666667</dst>
            <dst id="DNVRng">0</dst>
            <dst id="HSTNng">31257.712</dst>
            <dst id="IPLSng">106.666666666667</dst>
            <dst id="KSCYng">148.765333333333</dst>
            <dst id="LOSAng">72.5546666666667</dst>
            <dst id="NYCMng">542943.52</dst>
            <dst id="SNVAng">0</dst>
            <dst id="STTLng">154.906666666667</dst>
            <dst id="WASHng">113962.970666667</dst>
        </src>
        <src id="SNVAng">
            <dst id="ATLA-M5">0</dst>
            <dst id="ATLAng">602.674666666667</dst>
            <dst id="CHINng">83.1573333333333</dst>
            <dst id="DNVRng">2542.13066666667</dst>
            <dst id="HSTNng">17805.3626666667</dst>
            <dst id="IPLSng">0</dst>
            <dst id="KSCYng">118.725333333333</dst>
            <dst id="LOSAng">38166.9013333333</dst>
            <dst id="NYCMng">4906.976</dst>
            <dst id="SNVAng">14025.9786666667</dst>
            <dst id="STTLng">51325.3546666667</dst>
            <dst id="WASHng">1492.448</dst>
        </src>
        <src id="STTLng">
            <dst id="ATLA-M5">0</dst>
            <dst id="ATLAng">9533.24533333334</dst>
            <dst id="CHINng">1329.57866666667</dst>
            <dst id="DNVRng">5898.38133333333</dst>
            <dst id="HSTNng">26084.136</dst>
            <dst id="IPLSng">278.216</dst>
            <dst id="KSCYng">4676.144</dst>
            <dst id="LOSAng">18860.3626666667</dst>
            <dst id="NYCMng">47317.928</dst>
            <dst id="SNVAng">6904.09333333333</dst>
            <dst id="STTLng">9191.73333333333</dst>
            <dst id="WASHng">34427.9546666667</dst>
        </src>
        <src id="WASHng">
            <dst id="ATLA-M5">0</dst>
            <dst id="ATLAng">127884.024</dst>
            <dst id="CHINng">8612.25333333333</dst>
            <dst id="DNVRng">0</dst>
            <dst id="HSTNng">76570.464</dst>
            <dst id="IPLSng">179.709333333333</dst>
            <dst id="KSCYng">6040</dst>
            <dst id="LOSAng">231.392</dst>
            <dst id="NYCMng">562259.493333333</dst>
            <dst id="SNVAng">106.666666666667</dst>
            <dst id="STTLng">178.506666666667</dst>
            <dst id="WASHng">272948.986666667</dst>
        </src>
    </IntraTM>
</TrafficMatrixFile>
