<?xml version="1.0" encoding="ISO-8859-1" standalone="yes"?>
<TrafficMatrixFile xsi:noNamespaceSchemaLocation="http://totem.run.montefiore.ulg.ac.be/Schema/TrafficMatrix-v1_2.xsd" xmlns:xsi="http://www.w3.org/2001/XMLSchema-instance">
    <IntraTM ASID="11537">
        <src id="ATLA-M5">
            <dst id="ATLA-M5">119.669333333333</dst>
            <dst id="ATLAng">351.890666666667</dst>
            <dst id="CHINng">930.416</dst>
            <dst id="DNVRng">0</dst>
            <dst id="HSTNng">850.842666666667</dst>
            <dst id="IPLSng">1107.79466666667</dst>
            <dst id="KSCYng">67.8026666666667</dst>
            <dst id="LOSAng">36.2346666666667</dst>
            <dst id="NYCMng">699.088</dst>
            <dst id="SNVAng">0</dst>
            <dst id="STTLng">26.6666666666667</dst>
            <dst id="WASHng">3019.97866666667</dst>
        </src>
        <src id="ATLAng">
            <dst id="ATLA-M5">0</dst>
            <dst id="ATLAng">24409.0746666667</dst>
            <dst id="CHINng">34838.3093333333</dst>
            <dst id="DNVRng">26.6666666666667</dst>
            <dst id="HSTNng">55909.2533333333</dst>
            <dst id="IPLSng">37191.7733333333</dst>
            <dst id="KSCYng">8022.52266666667</dst>
            <dst id="LOSAng">26.6666666666667</dst>
            <dst id="NYCMng">28858.1066666667</dst>
            <dst id="SNVAng">0</dst>
            <dst id="STTLng">233.432</dst>
            <dst id="WASHng">86701.7013333333</dst>
        </src>
        <src id="CHINng">
            <dst id="ATLA-M5">0</dst>
            <dst id="ATLAng">39699.3146666667</dst>
            <dst id="CHINng">117108.744</dst>
            <dst id="DNVRng">22196.8826666667</dst>
            <dst id="HSTNng">112302.997333333</dst>
            <dst id="IPLSng">71549.896</dst>
            <dst id="KSCYng">18633.744</dst>
            <dst id="LOSAng">528.952</dst>
            <dst id="NYCMng">58388.5573333333</dst>
            <dst id="SNVAng">53.3333333333333</dst>
            <dst id="STTLng">1088.024</dst>
            <dst id="WASHng">57269.7413333333</dst>
        </src>
        <src id="DNVRng">
            <dst id="ATLA-M5">0</dst>
            <dst id="ATLAng">22333.4026666667</dst>
            <dst id="CHINng">63033.5733333333</dst>
            <dst id="DNVRng">11942.1013333333</dst>
            <dst id="HSTNng">50820.5173333333</dst>
            <dst id="IPLSng">34548.568</dst>
            <dst id="KSCYng">16605.5333333333</dst>
            <dst id="LOSAng">392.106666666667</dst>
            <dst id="NYCMng">18061.704</dst>
            <dst id="SNVAng">26437.448</dst>
            <dst id="STTLng">1041.74933333333</dst>
            <dst id="WASHng">57283.5546666667</dst>
        </src>
        <src id="HSTNng">
            <dst id="ATLA-M5">0</dst>
            <dst id="ATLAng">38168.8693333333</dst>
            <dst id="CHINng">4179.39733333333</dst>
            <dst id="DNVRng">26.6666666666667</dst>
            <dst id="HSTNng">173450.669333333</dst>
            <dst id="IPLSng">80.7093333333333</dst>
            <dst id="KSCYng">53.3333333333333</dst>
            <dst id="LOSAng">53.3333333333333</dst>
            <dst id="NYCMng">8845.496</dst>
            <dst id="SNVAng">26.6666666666667</dst>
            <dst id="STTLng">391.821333333333</dst>
            <dst id="WASHng">120307.104</dst>
        </src>
        <src id="IPLSng">
            <dst id="ATLA-M5">0</dst>
            <dst id="ATLAng">15052.2586666667</dst>
            <dst id="CHINng">140251.376</dst>
            <dst id="DNVRng">11469.176</dst>
            <dst id="HSTNng">134547.210666667</dst>
            <dst id="IPLSng">28698.9813333333</dst>
            <dst id="KSCYng">45127.7146666667</dst>
            <dst id="LOSAng">163.413333333333</dst>
            <dst id="NYCMng">76439.424</dst>
            <dst id="SNVAng">3066.56533333333</dst>
            <dst id="STTLng">1224.752</dst>
            <dst id="WASHng">47501.992</dst>
        </src>
        <src id="KSCYng">
            <dst id="ATLA-M5">0</dst>
            <dst id="ATLAng">7606.93333333333</dst>
            <dst id="CHINng">39499.3706666667</dst>
            <dst id="DNVRng">8955.416</dst>
            <dst id="HSTNng">22877.3973333333</dst>
            <dst id="IPLSng">22651.968</dst>
            <dst id="KSCYng">13726.488</dst>
            <dst id="LOSAng">0</dst>
            <dst id="NYCMng">11698.3226666667</dst>
            <dst id="SNVAng">26.6666666666667</dst>
            <dst id="STTLng">695.330666666667</dst>
            <dst id="WASHng">29632.712</dst>
        </src>
        <src id="LOSAng">
            <dst id="ATLA-M5">0</dst>
            <dst id="ATLAng">27232.0453333333</dst>
            <dst id="CHINng">3916.944</dst>
            <dst id="DNVRng">21819.8266666667</dst>
            <dst id="HSTNng">196917.896</dst>
            <dst id="IPLSng">286.696</dst>
            <dst id="KSCYng">249.552</dst>
            <dst id="LOSAng">17685.9866666667</dst>
            <dst id="NYCMng">76778.712</dst>
            <dst id="SNVAng">20758.1866666667</dst>
            <dst id="STTLng">36987.8933333333</dst>
            <dst id="WASHng">104596.805333333</dst>
        </src>
        <src id="NYCMng">
            <dst id="ATLA-M5">0</dst>
            <dst id="ATLAng">41842.9253333333</dst>
            <dst id="CHINng">101870.512</dst>
            <dst id="DNVRng">36252.968</dst>
            <dst id="HSTNng">171547.472</dst>
            <dst id="IPLSng">89425.7546666667</dst>
            <dst id="KSCYng">24344.2453333333</dst>
            <dst id="LOSAng">117.237333333333</dst>
            <dst id="NYCMng">275374.426666667</dst>
            <dst id="SNVAng">53.3333333333333</dst>
            <dst id="STTLng">4919.61066666667</dst>
            <dst id="WASHng">187643.968</dst>
        </src>
        <src id="SNVAng">
            <dst id="ATLA-M5">0</dst>
            <dst id="ATLAng">1343.34933333333</dst>
            <dst id="CHINng">518.864</dst>
            <dst id="DNVRng">7926.064</dst>
            <dst id="HSTNng">6352.87466666667</dst>
            <dst id="IPLSng">0</dst>
            <dst id="KSCYng">768.061333333333</dst>
            <dst id="LOSAng">44062.736</dst>
            <dst id="NYCMng">6304.90933333333</dst>
            <dst id="SNVAng">19334.1973333333</dst>
            <dst id="STTLng">52675.8106666667</dst>
            <dst id="WASHng">1770.50133333333</dst>
        </src>
        <src id="STTLng">
            <dst id="ATLA-M5">0</dst>
            <dst id="ATLAng">13400.0613333333</dst>
            <dst id="CHINng">26893.7466666667</dst>
            <dst id="DNVRng">6620.49333333333</dst>
            <dst id="HSTNng">51232.5946666667</dst>
            <dst id="IPLSng">263.421333333333</dst>
            <dst id="KSCYng">3405.76</dst>
            <dst id="LOSAng">32582.6106666667</dst>
            <dst id="NYCMng">15788.2133333333</dst>
            <dst id="SNVAng">7873.44533333333</dst>
            <dst id="STTLng">7601.67733333333</dst>
            <dst id="WASHng">36763.744</dst>
        </src>
        <src id="WASHng">
            <dst id="ATLA-M5">0</dst>
            <dst id="ATLAng">87562.2133333333</dst>
            <dst id="CHINng">93616.2026666667</dst>
            <dst id="DNVRng">1250.92533333333</dst>
            <dst id="HSTNng">362332.72</dst>
            <dst id="IPLSng">84727.7466666666</dst>
            <dst id="KSCYng">35295.7653333334</dst>
            <dst id="LOSAng">149.426666666667</dst>
            <dst id="NYCMng">249681.653333333</dst>
            <dst id="SNVAng">333.64</dst>
            <dst id="STTLng">5301.01066666667</dst>
            <dst id="WASHng">307786.133333333</dst>
        </src>
    </IntraTM>
</TrafficMatrixFile>
