<?xml version="1.0" encoding="ISO-8859-1" standalone="yes"?>
<TrafficMatrixFile xsi:noNamespaceSchemaLocation="http://totem.run.montefiore.ulg.ac.be/Schema/TrafficMatrix-v1_2.xsd" xmlns:xsi="http://www.w3.org/2001/XMLSchema-instance">
    <IntraTM ASID="11537">
        <src id="ATLA-M5">
            <dst id="ATLA-M5">1139.56266666667</dst>
            <dst id="ATLAng">659.885333333333</dst>
            <dst id="CHINng">649.453333333333</dst>
            <dst id="DNVRng">0</dst>
            <dst id="HSTNng">548.874666666667</dst>
            <dst id="IPLSng">619.314666666667</dst>
            <dst id="KSCYng">0</dst>
            <dst id="LOSAng">0</dst>
            <dst id="NYCMng">3636.96266666667</dst>
            <dst id="SNVAng">0</dst>
            <dst id="STTLng">0</dst>
            <dst id="WASHng">1281.2</dst>
        </src>
        <src id="ATLAng">
            <dst id="ATLA-M5">0</dst>
            <dst id="ATLAng">33161.656</dst>
            <dst id="CHINng">41448.1733333333</dst>
            <dst id="DNVRng">0</dst>
            <dst id="HSTNng">4703.64</dst>
            <dst id="IPLSng">31604.408</dst>
            <dst id="KSCYng">87.6586666666667</dst>
            <dst id="LOSAng">0</dst>
            <dst id="NYCMng">37961.5706666667</dst>
            <dst id="SNVAng">57.3093333333333</dst>
            <dst id="STTLng">0</dst>
            <dst id="WASHng">54181.9493333333</dst>
        </src>
        <src id="CHINng">
            <dst id="ATLA-M5">0</dst>
            <dst id="ATLAng">25903.944</dst>
            <dst id="CHINng">27576.6586666667</dst>
            <dst id="DNVRng">0</dst>
            <dst id="HSTNng">15188.1146666667</dst>
            <dst id="IPLSng">31567.672</dst>
            <dst id="KSCYng">26.6666666666667</dst>
            <dst id="LOSAng">0</dst>
            <dst id="NYCMng">146572.264</dst>
            <dst id="SNVAng">80</dst>
            <dst id="STTLng">1953.64266666667</dst>
            <dst id="WASHng">28192.424</dst>
        </src>
        <src id="DNVRng">
            <dst id="ATLA-M5">0</dst>
            <dst id="ATLAng">5956.76</dst>
            <dst id="CHINng">29320.0053333333</dst>
            <dst id="DNVRng">4511.06933333333</dst>
            <dst id="HSTNng">34109.4373333333</dst>
            <dst id="IPLSng">24961.1066666667</dst>
            <dst id="KSCYng">11161.3946666667</dst>
            <dst id="LOSAng">0</dst>
            <dst id="NYCMng">33722.5333333333</dst>
            <dst id="SNVAng">6401.06933333333</dst>
            <dst id="STTLng">80</dst>
            <dst id="WASHng">45744.6186666667</dst>
        </src>
        <src id="HSTNng">
            <dst id="ATLA-M5">0</dst>
            <dst id="ATLAng">23097.7413333333</dst>
            <dst id="CHINng">967.072</dst>
            <dst id="DNVRng">26.6666666666667</dst>
            <dst id="HSTNng">96015.8373333333</dst>
            <dst id="IPLSng">106.666666666667</dst>
            <dst id="KSCYng">26.6666666666667</dst>
            <dst id="LOSAng">0</dst>
            <dst id="NYCMng">5218.176</dst>
            <dst id="SNVAng">61.6</dst>
            <dst id="STTLng">0</dst>
            <dst id="WASHng">79349.4213333333</dst>
        </src>
        <src id="IPLSng">
            <dst id="ATLA-M5">0</dst>
            <dst id="ATLAng">24153.9146666667</dst>
            <dst id="CHINng">104728.928</dst>
            <dst id="DNVRng">0</dst>
            <dst id="HSTNng">10988.9333333333</dst>
            <dst id="IPLSng">35687.872</dst>
            <dst id="KSCYng">20200.3573333333</dst>
            <dst id="LOSAng">26.6666666666667</dst>
            <dst id="NYCMng">146933.301333333</dst>
            <dst id="SNVAng">0</dst>
            <dst id="STTLng">26.6666666666667</dst>
            <dst id="WASHng">44159.9706666667</dst>
        </src>
        <src id="KSCYng">
            <dst id="ATLA-M5">0</dst>
            <dst id="ATLAng">6760.45066666667</dst>
            <dst id="CHINng">11905.2746666667</dst>
            <dst id="DNVRng">6773.13066666667</dst>
            <dst id="HSTNng">9902.72266666667</dst>
            <dst id="IPLSng">12952.0293333333</dst>
            <dst id="KSCYng">5168.29066666667</dst>
            <dst id="LOSAng">0</dst>
            <dst id="NYCMng">19174.48</dst>
            <dst id="SNVAng">26.6666666666667</dst>
            <dst id="STTLng">53.3333333333333</dst>
            <dst id="WASHng">8235.20266666667</dst>
        </src>
        <src id="LOSAng">
            <dst id="ATLA-M5">0</dst>
            <dst id="ATLAng">19262.6933333333</dst>
            <dst id="CHINng">3623.42133333333</dst>
            <dst id="DNVRng">23477.6293333333</dst>
            <dst id="HSTNng">107546.52</dst>
            <dst id="IPLSng">671.666666666667</dst>
            <dst id="KSCYng">315.2</dst>
            <dst id="LOSAng">16199.0106666667</dst>
            <dst id="NYCMng">79995.6986666667</dst>
            <dst id="SNVAng">9079.392</dst>
            <dst id="STTLng">18774.3146666667</dst>
            <dst id="WASHng">68553.0506666667</dst>
        </src>
        <src id="NYCMng">
            <dst id="ATLA-M5">0</dst>
            <dst id="ATLAng">38760.8106666667</dst>
            <dst id="CHINng">861.253333333333</dst>
            <dst id="DNVRng">0</dst>
            <dst id="HSTNng">14859.7733333333</dst>
            <dst id="IPLSng">26.6666666666667</dst>
            <dst id="KSCYng">353.917333333333</dst>
            <dst id="LOSAng">135.189333333333</dst>
            <dst id="NYCMng">407901.6</dst>
            <dst id="SNVAng">0</dst>
            <dst id="STTLng">848.946666666667</dst>
            <dst id="WASHng">116614.893333333</dst>
        </src>
        <src id="SNVAng">
            <dst id="ATLA-M5">0</dst>
            <dst id="ATLAng">760.536</dst>
            <dst id="CHINng">0</dst>
            <dst id="DNVRng">6033.856</dst>
            <dst id="HSTNng">3194.44533333333</dst>
            <dst id="IPLSng">26.6666666666667</dst>
            <dst id="KSCYng">389.370666666667</dst>
            <dst id="LOSAng">36703.9413333333</dst>
            <dst id="NYCMng">6859.05866666667</dst>
            <dst id="SNVAng">13962.1413333333</dst>
            <dst id="STTLng">49759.9466666667</dst>
            <dst id="WASHng">601.768</dst>
        </src>
        <src id="STTLng">
            <dst id="ATLA-M5">0</dst>
            <dst id="ATLAng">11384.568</dst>
            <dst id="CHINng">731.461333333333</dst>
            <dst id="DNVRng">5530.2</dst>
            <dst id="HSTNng">27289.7653333333</dst>
            <dst id="IPLSng">156.405333333333</dst>
            <dst id="KSCYng">3424.25333333333</dst>
            <dst id="LOSAng">17722.8506666667</dst>
            <dst id="NYCMng">47076.4293333333</dst>
            <dst id="SNVAng">9977.24533333333</dst>
            <dst id="STTLng">702.186666666667</dst>
            <dst id="WASHng">30792.712</dst>
        </src>
        <src id="WASHng">
            <dst id="ATLA-M5">0</dst>
            <dst id="ATLAng">128044.24</dst>
            <dst id="CHINng">2368.40533333333</dst>
            <dst id="DNVRng">0</dst>
            <dst id="HSTNng">79827.0746666667</dst>
            <dst id="IPLSng">294.378666666667</dst>
            <dst id="KSCYng">136.981333333333</dst>
            <dst id="LOSAng">26.6666666666667</dst>
            <dst id="NYCMng">470000.8</dst>
            <dst id="SNVAng">42.7093333333333</dst>
            <dst id="STTLng">710.069333333333</dst>
            <dst id="WASHng">266721.306666667</dst>
        </src>
    </IntraTM>
</TrafficMatrixFile>
