<?xml version="1.0" encoding="ISO-8859-1" standalone="yes"?>
<TrafficMatrixFile xsi:noNamespaceSchemaLocation="http://totem.run.montefiore.ulg.ac.be/Schema/TrafficMatrix-v1_2.xsd" xmlns:xsi="http://www.w3.org/2001/XMLSchema-instance">
    <IntraTM ASID="11537">
        <src id="ATLA-M5">
            <dst id="ATLA-M5">98.5813333333334</dst>
            <dst id="ATLAng">194.562666666667</dst>
            <dst id="CHINng">460.232</dst>
            <dst id="DNVRng">0</dst>
            <dst id="HSTNng">141.773333333333</dst>
            <dst id="IPLSng">919.061333333333</dst>
            <dst id="KSCYng">0</dst>
            <dst id="LOSAng">0</dst>
            <dst id="NYCMng">3551.648</dst>
            <dst id="SNVAng">0</dst>
            <dst id="STTLng">0</dst>
            <dst id="WASHng">403.061333333333</dst>
        </src>
        <src id="ATLAng">
            <dst id="ATLA-M5">0</dst>
            <dst id="ATLAng">28334.1706666667</dst>
            <dst id="CHINng">49209.3066666667</dst>
            <dst id="DNVRng">0</dst>
            <dst id="HSTNng">7777.30133333333</dst>
            <dst id="IPLSng">28579.9093333333</dst>
            <dst id="KSCYng">0</dst>
            <dst id="LOSAng">0</dst>
            <dst id="NYCMng">61937.1066666667</dst>
            <dst id="SNVAng">0</dst>
            <dst id="STTLng">26.6666666666667</dst>
            <dst id="WASHng">38893.2613333333</dst>
        </src>
        <src id="CHINng">
            <dst id="ATLA-M5">0</dst>
            <dst id="ATLAng">36549.9306666667</dst>
            <dst id="CHINng">30500.6933333333</dst>
            <dst id="DNVRng">0</dst>
            <dst id="HSTNng">18859.504</dst>
            <dst id="IPLSng">65306.0453333333</dst>
            <dst id="KSCYng">352.728</dst>
            <dst id="LOSAng">53.3333333333333</dst>
            <dst id="NYCMng">215527.312</dst>
            <dst id="SNVAng">26.6666666666667</dst>
            <dst id="STTLng">0</dst>
            <dst id="WASHng">45939.296</dst>
        </src>
        <src id="DNVRng">
            <dst id="ATLA-M5">0</dst>
            <dst id="ATLAng">11930.368</dst>
            <dst id="CHINng">45353.8213333333</dst>
            <dst id="DNVRng">13227.104</dst>
            <dst id="HSTNng">39254.824</dst>
            <dst id="IPLSng">41824.6186666667</dst>
            <dst id="KSCYng">22676.9466666667</dst>
            <dst id="LOSAng">0</dst>
            <dst id="NYCMng">32248.5493333333</dst>
            <dst id="SNVAng">16620.7893333333</dst>
            <dst id="STTLng">1616.312</dst>
            <dst id="WASHng">41361.1706666667</dst>
        </src>
        <src id="HSTNng">
            <dst id="ATLA-M5">0</dst>
            <dst id="ATLAng">40911.1253333333</dst>
            <dst id="CHINng">1491.59466666667</dst>
            <dst id="DNVRng">57.496</dst>
            <dst id="HSTNng">134138.925333333</dst>
            <dst id="IPLSng">26.6666666666667</dst>
            <dst id="KSCYng">26.6666666666667</dst>
            <dst id="LOSAng">0</dst>
            <dst id="NYCMng">5975.34933333333</dst>
            <dst id="SNVAng">0</dst>
            <dst id="STTLng">53.3333333333333</dst>
            <dst id="WASHng">121400.885333333</dst>
        </src>
        <src id="IPLSng">
            <dst id="ATLA-M5">0</dst>
            <dst id="ATLAng">18381.7386666667</dst>
            <dst id="CHINng">112112.136</dst>
            <dst id="DNVRng">0</dst>
            <dst id="HSTNng">10943.6666666667</dst>
            <dst id="IPLSng">36252.4346666667</dst>
            <dst id="KSCYng">25552.3386666667</dst>
            <dst id="LOSAng">0</dst>
            <dst id="NYCMng">187099.546666667</dst>
            <dst id="SNVAng">0</dst>
            <dst id="STTLng">80</dst>
            <dst id="WASHng">36247.7066666667</dst>
        </src>
        <src id="KSCYng">
            <dst id="ATLA-M5">0</dst>
            <dst id="ATLAng">8052.36</dst>
            <dst id="CHINng">19795.312</dst>
            <dst id="DNVRng">16386.3013333333</dst>
            <dst id="HSTNng">15883.6506666667</dst>
            <dst id="IPLSng">17018.1866666667</dst>
            <dst id="KSCYng">7867.06133333333</dst>
            <dst id="LOSAng">26.6666666666667</dst>
            <dst id="NYCMng">62757.6986666667</dst>
            <dst id="SNVAng">0</dst>
            <dst id="STTLng">0</dst>
            <dst id="WASHng">14995.32</dst>
        </src>
        <src id="LOSAng">
            <dst id="ATLA-M5">0</dst>
            <dst id="ATLAng">34386.0426666667</dst>
            <dst id="CHINng">3415.71733333333</dst>
            <dst id="DNVRng">22133.4746666667</dst>
            <dst id="HSTNng">111561.784</dst>
            <dst id="IPLSng">2314.75733333333</dst>
            <dst id="KSCYng">131.312</dst>
            <dst id="LOSAng">18431.1013333333</dst>
            <dst id="NYCMng">73910.4853333333</dst>
            <dst id="SNVAng">13757.3653333333</dst>
            <dst id="STTLng">28055.1973333333</dst>
            <dst id="WASHng">97265.456</dst>
        </src>
        <src id="NYCMng">
            <dst id="ATLA-M5">0</dst>
            <dst id="ATLAng">44860.3813333333</dst>
            <dst id="CHINng">1003.168</dst>
            <dst id="DNVRng">0</dst>
            <dst id="HSTNng">23525.616</dst>
            <dst id="IPLSng">82.136</dst>
            <dst id="KSCYng">322.808</dst>
            <dst id="LOSAng">0</dst>
            <dst id="NYCMng">582013.36</dst>
            <dst id="SNVAng">92.7573333333333</dst>
            <dst id="STTLng">183.469333333333</dst>
            <dst id="WASHng">110853.045333333</dst>
        </src>
        <src id="SNVAng">
            <dst id="ATLA-M5">0</dst>
            <dst id="ATLAng">1085.78933333333</dst>
            <dst id="CHINng">120.725333333333</dst>
            <dst id="DNVRng">3457.26666666667</dst>
            <dst id="HSTNng">4076.43466666667</dst>
            <dst id="IPLSng">26.6666666666667</dst>
            <dst id="KSCYng">372.154666666667</dst>
            <dst id="LOSAng">40923.6266666667</dst>
            <dst id="NYCMng">6981.57066666667</dst>
            <dst id="SNVAng">16221.928</dst>
            <dst id="STTLng">58033.36</dst>
            <dst id="WASHng">641.602666666667</dst>
        </src>
        <src id="STTLng">
            <dst id="ATLA-M5">0</dst>
            <dst id="ATLAng">7562.79733333333</dst>
            <dst id="CHINng">732.176</dst>
            <dst id="DNVRng">5805.54133333333</dst>
            <dst id="HSTNng">22467.9653333333</dst>
            <dst id="IPLSng">181.616</dst>
            <dst id="KSCYng">4395.16266666667</dst>
            <dst id="LOSAng">22160.3973333333</dst>
            <dst id="NYCMng">50556.744</dst>
            <dst id="SNVAng">7210.88266666667</dst>
            <dst id="STTLng">13835.2186666667</dst>
            <dst id="WASHng">35246.9013333333</dst>
        </src>
        <src id="WASHng">
            <dst id="ATLA-M5">0</dst>
            <dst id="ATLAng">127837.232</dst>
            <dst id="CHINng">455.149333333334</dst>
            <dst id="DNVRng">0</dst>
            <dst id="HSTNng">89241.0266666667</dst>
            <dst id="IPLSng">36.624</dst>
            <dst id="KSCYng">324.045333333333</dst>
            <dst id="LOSAng">0</dst>
            <dst id="NYCMng">589146.8</dst>
            <dst id="SNVAng">80</dst>
            <dst id="STTLng">110.874666666667</dst>
            <dst id="WASHng">280518.88</dst>
        </src>
    </IntraTM>
</TrafficMatrixFile>
