<?xml version="1.0" encoding="ISO-8859-1" standalone="yes"?>
<TrafficMatrixFile xsi:noNamespaceSchemaLocation="http://totem.run.montefiore.ulg.ac.be/Schema/TrafficMatrix-v1_2.xsd" xmlns:xsi="http://www.w3.org/2001/XMLSchema-instance">
    <IntraTM ASID="11537">
        <src id="ATLA-M5">
            <dst id="ATLA-M5">0</dst>
            <dst id="ATLAng">869.874666666666</dst>
            <dst id="CHINng">599.626666666667</dst>
            <dst id="DNVRng">0</dst>
            <dst id="HSTNng">703.762666666667</dst>
            <dst id="IPLSng">375.674666666667</dst>
            <dst id="KSCYng">314.669333333333</dst>
            <dst id="LOSAng">0</dst>
            <dst id="NYCMng">363.229333333333</dst>
            <dst id="SNVAng">0</dst>
            <dst id="STTLng">26.6666666666667</dst>
            <dst id="WASHng">1048.08</dst>
        </src>
        <src id="ATLAng">
            <dst id="ATLA-M5">0</dst>
            <dst id="ATLAng">35011.6186666667</dst>
            <dst id="CHINng">25046.4986666667</dst>
            <dst id="DNVRng">71.9573333333333</dst>
            <dst id="HSTNng">42762.8</dst>
            <dst id="IPLSng">30810.5786666667</dst>
            <dst id="KSCYng">5971.93866666667</dst>
            <dst id="LOSAng">0</dst>
            <dst id="NYCMng">18746.8346666667</dst>
            <dst id="SNVAng">777.248</dst>
            <dst id="STTLng">1357.976</dst>
            <dst id="WASHng">88091.088</dst>
        </src>
        <src id="CHINng">
            <dst id="ATLA-M5">0</dst>
            <dst id="ATLAng">26287.3786666667</dst>
            <dst id="CHINng">169369.962666667</dst>
            <dst id="DNVRng">24218.2</dst>
            <dst id="HSTNng">70698.3173333333</dst>
            <dst id="IPLSng">53319.1626666667</dst>
            <dst id="KSCYng">29050.3733333333</dst>
            <dst id="LOSAng">200.064</dst>
            <dst id="NYCMng">28771.88</dst>
            <dst id="SNVAng">123.216</dst>
            <dst id="STTLng">830.944</dst>
            <dst id="WASHng">33837.4746666667</dst>
        </src>
        <src id="DNVRng">
            <dst id="ATLA-M5">0</dst>
            <dst id="ATLAng">8629.064</dst>
            <dst id="CHINng">127085.541333333</dst>
            <dst id="DNVRng">8334.02666666667</dst>
            <dst id="HSTNng">31122.16</dst>
            <dst id="IPLSng">27979.064</dst>
            <dst id="KSCYng">14254.0613333333</dst>
            <dst id="LOSAng">0</dst>
            <dst id="NYCMng">15551.376</dst>
            <dst id="SNVAng">7763.17333333333</dst>
            <dst id="STTLng">133.733333333333</dst>
            <dst id="WASHng">40477.5573333333</dst>
        </src>
        <src id="HSTNng">
            <dst id="ATLA-M5">0</dst>
            <dst id="ATLAng">40354.7493333333</dst>
            <dst id="CHINng">2489.816</dst>
            <dst id="DNVRng">84.064</dst>
            <dst id="HSTNng">131813.157333333</dst>
            <dst id="IPLSng">80</dst>
            <dst id="KSCYng">53.3333333333333</dst>
            <dst id="LOSAng">26.6666666666667</dst>
            <dst id="NYCMng">6182.45333333333</dst>
            <dst id="SNVAng">0</dst>
            <dst id="STTLng">26.6666666666667</dst>
            <dst id="WASHng">111879.845333333</dst>
        </src>
        <src id="IPLSng">
            <dst id="ATLA-M5">0</dst>
            <dst id="ATLAng">23036.0106666667</dst>
            <dst id="CHINng">166735.68</dst>
            <dst id="DNVRng">6621.31466666667</dst>
            <dst id="HSTNng">53238.952</dst>
            <dst id="IPLSng">23497.864</dst>
            <dst id="KSCYng">24124.4693333333</dst>
            <dst id="LOSAng">53.3333333333333</dst>
            <dst id="NYCMng">34354.304</dst>
            <dst id="SNVAng">108.413333333333</dst>
            <dst id="STTLng">455.461333333333</dst>
            <dst id="WASHng">34000.7786666667</dst>
        </src>
        <src id="KSCYng">
            <dst id="ATLA-M5">0</dst>
            <dst id="ATLAng">4376.984</dst>
            <dst id="CHINng">35184.5893333333</dst>
            <dst id="DNVRng">7359.936</dst>
            <dst id="HSTNng">15132.2186666667</dst>
            <dst id="IPLSng">22641.9706666667</dst>
            <dst id="KSCYng">9403.79466666666</dst>
            <dst id="LOSAng">0</dst>
            <dst id="NYCMng">13545.7173333333</dst>
            <dst id="SNVAng">180.837333333333</dst>
            <dst id="STTLng">139.429333333333</dst>
            <dst id="WASHng">12894.4373333333</dst>
        </src>
        <src id="LOSAng">
            <dst id="ATLA-M5">0</dst>
            <dst id="ATLAng">32783.5413333333</dst>
            <dst id="CHINng">12935.1306666667</dst>
            <dst id="DNVRng">6924.89066666666</dst>
            <dst id="HSTNng">212716.205333333</dst>
            <dst id="IPLSng">2526.22933333333</dst>
            <dst id="KSCYng">1021.52533333333</dst>
            <dst id="LOSAng">17875.808</dst>
            <dst id="NYCMng">58320.0986666667</dst>
            <dst id="SNVAng">14601.512</dst>
            <dst id="STTLng">17151.9066666667</dst>
            <dst id="WASHng">101727.248</dst>
        </src>
        <src id="NYCMng">
            <dst id="ATLA-M5">0</dst>
            <dst id="ATLAng">56693.944</dst>
            <dst id="CHINng">82754.2026666667</dst>
            <dst id="DNVRng">26717.3626666667</dst>
            <dst id="HSTNng">89251.4933333333</dst>
            <dst id="IPLSng">56869.4453333333</dst>
            <dst id="KSCYng">17981.8746666667</dst>
            <dst id="LOSAng">159.101333333333</dst>
            <dst id="NYCMng">239713.96</dst>
            <dst id="SNVAng">106.666666666667</dst>
            <dst id="STTLng">2054.41333333333</dst>
            <dst id="WASHng">119223.957333333</dst>
        </src>
        <src id="SNVAng">
            <dst id="ATLA-M5">0</dst>
            <dst id="ATLAng">326.994666666667</dst>
            <dst id="CHINng">258.773333333333</dst>
            <dst id="DNVRng">12215.4666666667</dst>
            <dst id="HSTNng">5909.11466666667</dst>
            <dst id="IPLSng">26.6666666666667</dst>
            <dst id="KSCYng">1235.13866666667</dst>
            <dst id="LOSAng">34710.2773333333</dst>
            <dst id="NYCMng">4612.55733333333</dst>
            <dst id="SNVAng">18201.3866666667</dst>
            <dst id="STTLng">50215.52</dst>
            <dst id="WASHng">3856.33333333333</dst>
        </src>
        <src id="STTLng">
            <dst id="ATLA-M5">0</dst>
            <dst id="ATLAng">12180.9946666667</dst>
            <dst id="CHINng">39331.2293333333</dst>
            <dst id="DNVRng">4251.704</dst>
            <dst id="HSTNng">49620.744</dst>
            <dst id="IPLSng">814.181333333333</dst>
            <dst id="KSCYng">5563.64533333333</dst>
            <dst id="LOSAng">16183.552</dst>
            <dst id="NYCMng">14348.52</dst>
            <dst id="SNVAng">5389.47466666667</dst>
            <dst id="STTLng">2573.744</dst>
            <dst id="WASHng">35348.8293333333</dst>
        </src>
        <src id="WASHng">
            <dst id="ATLA-M5">0</dst>
            <dst id="ATLAng">110719.88</dst>
            <dst id="CHINng">89804.04</dst>
            <dst id="DNVRng">4199.056</dst>
            <dst id="HSTNng">291781.626666667</dst>
            <dst id="IPLSng">55302.384</dst>
            <dst id="KSCYng">17560.7706666667</dst>
            <dst id="LOSAng">26.6666666666667</dst>
            <dst id="NYCMng">177286.504</dst>
            <dst id="SNVAng">281.912</dst>
            <dst id="STTLng">2640.6</dst>
            <dst id="WASHng">444244.88</dst>
        </src>
    </IntraTM>
</TrafficMatrixFile>
