<?xml version="1.0" encoding="ISO-8859-1" standalone="yes"?>
<TrafficMatrixFile xsi:noNamespaceSchemaLocation="http://totem.run.montefiore.ulg.ac.be/Schema/TrafficMatrix-v1_2.xsd" xmlns:xsi="http://www.w3.org/2001/XMLSchema-instance">
    <IntraTM ASID="11537">
        <src id="ATLA-M5">
            <dst id="ATLA-M5">45.3253333333333</dst>
            <dst id="ATLAng">338.746666666667</dst>
            <dst id="CHINng">1259.50666666667</dst>
            <dst id="DNVRng">0</dst>
            <dst id="HSTNng">549.077333333333</dst>
            <dst id="IPLSng">3349.888</dst>
            <dst id="KSCYng">0</dst>
            <dst id="LOSAng">0</dst>
            <dst id="NYCMng">4334.43733333333</dst>
            <dst id="SNVAng">0</dst>
            <dst id="STTLng">26.6666666666667</dst>
            <dst id="WASHng">986.08</dst>
        </src>
        <src id="ATLAng">
            <dst id="ATLA-M5">0</dst>
            <dst id="ATLAng">26371.4666666667</dst>
            <dst id="CHINng">62220.92</dst>
            <dst id="DNVRng">0</dst>
            <dst id="HSTNng">13754.696</dst>
            <dst id="IPLSng">34222.92</dst>
            <dst id="KSCYng">26.6666666666667</dst>
            <dst id="LOSAng">0</dst>
            <dst id="NYCMng">56439.6693333333</dst>
            <dst id="SNVAng">0</dst>
            <dst id="STTLng">0</dst>
            <dst id="WASHng">49810.4106666667</dst>
        </src>
        <src id="CHINng">
            <dst id="ATLA-M5">0</dst>
            <dst id="ATLAng">31838.5253333333</dst>
            <dst id="CHINng">44633.5013333333</dst>
            <dst id="DNVRng">0</dst>
            <dst id="HSTNng">23140.7466666667</dst>
            <dst id="IPLSng">77574.104</dst>
            <dst id="KSCYng">67.304</dst>
            <dst id="LOSAng">84.8213333333333</dst>
            <dst id="NYCMng">202157.658666667</dst>
            <dst id="SNVAng">26.6666666666667</dst>
            <dst id="STTLng">26.6666666666667</dst>
            <dst id="WASHng">39558.0613333333</dst>
        </src>
        <src id="DNVRng">
            <dst id="ATLA-M5">0</dst>
            <dst id="ATLAng">9410.984</dst>
            <dst id="CHINng">34493.0213333333</dst>
            <dst id="DNVRng">11919.3226666667</dst>
            <dst id="HSTNng">48355.8933333333</dst>
            <dst id="IPLSng">32947.2453333333</dst>
            <dst id="KSCYng">18531.6986666667</dst>
            <dst id="LOSAng">53.3333333333333</dst>
            <dst id="NYCMng">31645.912</dst>
            <dst id="SNVAng">15837.1946666667</dst>
            <dst id="STTLng">1356.752</dst>
            <dst id="WASHng">53725.4213333333</dst>
        </src>
        <src id="HSTNng">
            <dst id="ATLA-M5">0</dst>
            <dst id="ATLAng">44354.496</dst>
            <dst id="CHINng">1345.856</dst>
            <dst id="DNVRng">26.6666666666667</dst>
            <dst id="HSTNng">322648.933333333</dst>
            <dst id="IPLSng">26.6666666666667</dst>
            <dst id="KSCYng">0</dst>
            <dst id="LOSAng">26.6666666666667</dst>
            <dst id="NYCMng">5887.24533333333</dst>
            <dst id="SNVAng">0</dst>
            <dst id="STTLng">26.6666666666667</dst>
            <dst id="WASHng">124939.845333333</dst>
        </src>
        <src id="IPLSng">
            <dst id="ATLA-M5">0</dst>
            <dst id="ATLAng">19817.4106666667</dst>
            <dst id="CHINng">149553.986666667</dst>
            <dst id="DNVRng">0</dst>
            <dst id="HSTNng">10762.1146666667</dst>
            <dst id="IPLSng">23781.848</dst>
            <dst id="KSCYng">19872.4773333333</dst>
            <dst id="LOSAng">0</dst>
            <dst id="NYCMng">170906.192</dst>
            <dst id="SNVAng">53.3333333333333</dst>
            <dst id="STTLng">27.4666666666667</dst>
            <dst id="WASHng">51254.3813333333</dst>
        </src>
        <src id="KSCYng">
            <dst id="ATLA-M5">0</dst>
            <dst id="ATLAng">5745.62133333333</dst>
            <dst id="CHINng">18496.2453333333</dst>
            <dst id="DNVRng">17266.8346666667</dst>
            <dst id="HSTNng">14762.0693333333</dst>
            <dst id="IPLSng">11815.6186666667</dst>
            <dst id="KSCYng">11247.4933333333</dst>
            <dst id="LOSAng">0</dst>
            <dst id="NYCMng">19117.1173333333</dst>
            <dst id="SNVAng">0</dst>
            <dst id="STTLng">53.3333333333333</dst>
            <dst id="WASHng">12707.1066666667</dst>
        </src>
        <src id="LOSAng">
            <dst id="ATLA-M5">0</dst>
            <dst id="ATLAng">38178.2693333333</dst>
            <dst id="CHINng">1786.30933333333</dst>
            <dst id="DNVRng">33911.9626666667</dst>
            <dst id="HSTNng">196992.562666667</dst>
            <dst id="IPLSng">419.544</dst>
            <dst id="KSCYng">175.389333333333</dst>
            <dst id="LOSAng">22228.2746666667</dst>
            <dst id="NYCMng">68084.0133333334</dst>
            <dst id="SNVAng">12488.4906666667</dst>
            <dst id="STTLng">28261.5066666667</dst>
            <dst id="WASHng">104121.637333333</dst>
        </src>
        <src id="NYCMng">
            <dst id="ATLA-M5">0</dst>
            <dst id="ATLAng">38529.3946666667</dst>
            <dst id="CHINng">1298.63733333333</dst>
            <dst id="DNVRng">0</dst>
            <dst id="HSTNng">36830.768</dst>
            <dst id="IPLSng">82.8426666666666</dst>
            <dst id="KSCYng">53.3333333333333</dst>
            <dst id="LOSAng">145.84</dst>
            <dst id="NYCMng">881242.88</dst>
            <dst id="SNVAng">26.6666666666667</dst>
            <dst id="STTLng">110.146666666667</dst>
            <dst id="WASHng">321566.88</dst>
        </src>
        <src id="SNVAng">
            <dst id="ATLA-M5">0</dst>
            <dst id="ATLAng">926.170666666667</dst>
            <dst id="CHINng">0</dst>
            <dst id="DNVRng">3028.20533333333</dst>
            <dst id="HSTNng">3546.63733333333</dst>
            <dst id="IPLSng">0</dst>
            <dst id="KSCYng">354.432</dst>
            <dst id="LOSAng">33649.1866666667</dst>
            <dst id="NYCMng">8581.184</dst>
            <dst id="SNVAng">12647.512</dst>
            <dst id="STTLng">47296.0426666667</dst>
            <dst id="WASHng">518.592</dst>
        </src>
        <src id="STTLng">
            <dst id="ATLA-M5">0</dst>
            <dst id="ATLAng">10401.832</dst>
            <dst id="CHINng">755.645333333333</dst>
            <dst id="DNVRng">7255.73066666667</dst>
            <dst id="HSTNng">24754.4266666667</dst>
            <dst id="IPLSng">160.906666666667</dst>
            <dst id="KSCYng">5476.4</dst>
            <dst id="LOSAng">32541.8186666667</dst>
            <dst id="NYCMng">44804.8133333333</dst>
            <dst id="SNVAng">6361.424</dst>
            <dst id="STTLng">4248.42133333333</dst>
            <dst id="WASHng">34577.192</dst>
        </src>
        <src id="WASHng">
            <dst id="ATLA-M5">0</dst>
            <dst id="ATLAng">101206.328</dst>
            <dst id="CHINng">367.165333333333</dst>
            <dst id="DNVRng">0</dst>
            <dst id="HSTNng">79110.944</dst>
            <dst id="IPLSng">80</dst>
            <dst id="KSCYng">59.4346666666667</dst>
            <dst id="LOSAng">99.1466666666667</dst>
            <dst id="NYCMng">560971.946666667</dst>
            <dst id="SNVAng">72.352</dst>
            <dst id="STTLng">26.6666666666667</dst>
            <dst id="WASHng">282073.866666667</dst>
        </src>
    </IntraTM>
</TrafficMatrixFile>
