<?xml version="1.0" encoding="ISO-8859-1" standalone="yes"?>
<TrafficMatrixFile xsi:noNamespaceSchemaLocation="http://totem.run.montefiore.ulg.ac.be/Schema/TrafficMatrix-v1_2.xsd" xmlns:xsi="http://www.w3.org/2001/XMLSchema-instance">
    <IntraTM ASID="11537">
        <src id="ATLA-M5">
            <dst id="ATLA-M5">130.76</dst>
            <dst id="ATLAng">59.04</dst>
            <dst id="CHINng">583.704</dst>
            <dst id="DNVRng">0</dst>
            <dst id="HSTNng">1141.36266666667</dst>
            <dst id="IPLSng">105.472</dst>
            <dst id="KSCYng">121.728</dst>
            <dst id="LOSAng">0</dst>
            <dst id="NYCMng">2049.15733333333</dst>
            <dst id="SNVAng">0</dst>
            <dst id="STTLng">0</dst>
            <dst id="WASHng">2410.57333333333</dst>
        </src>
        <src id="ATLAng">
            <dst id="ATLA-M5">0</dst>
            <dst id="ATLAng">41793.792</dst>
            <dst id="CHINng">15074.4613333333</dst>
            <dst id="DNVRng">26.6666666666667</dst>
            <dst id="HSTNng">35057.3226666667</dst>
            <dst id="IPLSng">37444.1333333333</dst>
            <dst id="KSCYng">7709.57866666667</dst>
            <dst id="LOSAng">0</dst>
            <dst id="NYCMng">22012.9706666667</dst>
            <dst id="SNVAng">107.485333333333</dst>
            <dst id="STTLng">166.816</dst>
            <dst id="WASHng">72228.824</dst>
        </src>
        <src id="CHINng">
            <dst id="ATLA-M5">0</dst>
            <dst id="ATLAng">24570.616</dst>
            <dst id="CHINng">155275.562666667</dst>
            <dst id="DNVRng">19529.2986666667</dst>
            <dst id="HSTNng">112896.794666667</dst>
            <dst id="IPLSng">50579.264</dst>
            <dst id="KSCYng">15622.1226666667</dst>
            <dst id="LOSAng">497.381333333333</dst>
            <dst id="NYCMng">26902.6106666667</dst>
            <dst id="SNVAng">26.6666666666667</dst>
            <dst id="STTLng">2870.36</dst>
            <dst id="WASHng">35713.8426666667</dst>
        </src>
        <src id="DNVRng">
            <dst id="ATLA-M5">0</dst>
            <dst id="ATLAng">7416.35733333333</dst>
            <dst id="CHINng">80853.4826666667</dst>
            <dst id="DNVRng">15454.2773333333</dst>
            <dst id="HSTNng">54956.8266666667</dst>
            <dst id="IPLSng">24026.656</dst>
            <dst id="KSCYng">27399.12</dst>
            <dst id="LOSAng">41.6533333333333</dst>
            <dst id="NYCMng">28231.312</dst>
            <dst id="SNVAng">16050.8826666667</dst>
            <dst id="STTLng">26.6666666666667</dst>
            <dst id="WASHng">40353.5973333333</dst>
        </src>
        <src id="HSTNng">
            <dst id="ATLA-M5">0</dst>
            <dst id="ATLAng">19875.8053333333</dst>
            <dst id="CHINng">5514.71733333333</dst>
            <dst id="DNVRng">144.304</dst>
            <dst id="HSTNng">264312.04</dst>
            <dst id="IPLSng">120.304</dst>
            <dst id="KSCYng">174.634666666667</dst>
            <dst id="LOSAng">0</dst>
            <dst id="NYCMng">6042.272</dst>
            <dst id="SNVAng">0</dst>
            <dst id="STTLng">26.6666666666667</dst>
            <dst id="WASHng">96112.5626666667</dst>
        </src>
        <src id="IPLSng">
            <dst id="ATLA-M5">0</dst>
            <dst id="ATLAng">13335.2746666667</dst>
            <dst id="CHINng">162889.792</dst>
            <dst id="DNVRng">10153.0746666667</dst>
            <dst id="HSTNng">81332.016</dst>
            <dst id="IPLSng">19097.04</dst>
            <dst id="KSCYng">25455.1893333333</dst>
            <dst id="LOSAng">0</dst>
            <dst id="NYCMng">36812.5493333333</dst>
            <dst id="SNVAng">26.6666666666667</dst>
            <dst id="STTLng">178.026666666667</dst>
            <dst id="WASHng">28176.4106666667</dst>
        </src>
        <src id="KSCYng">
            <dst id="ATLA-M5">0</dst>
            <dst id="ATLAng">4926.176</dst>
            <dst id="CHINng">35781.4293333333</dst>
            <dst id="DNVRng">8467.85333333333</dst>
            <dst id="HSTNng">21758.768</dst>
            <dst id="IPLSng">18011.84</dst>
            <dst id="KSCYng">8894.39733333333</dst>
            <dst id="LOSAng">0</dst>
            <dst id="NYCMng">11751.3653333333</dst>
            <dst id="SNVAng">0</dst>
            <dst id="STTLng">101.76</dst>
            <dst id="WASHng">12872.6506666667</dst>
        </src>
        <src id="LOSAng">
            <dst id="ATLA-M5">0</dst>
            <dst id="ATLAng">13370.8586666667</dst>
            <dst id="CHINng">12872.8666666667</dst>
            <dst id="DNVRng">7704.30666666667</dst>
            <dst id="HSTNng">160183.178666667</dst>
            <dst id="IPLSng">158.690666666667</dst>
            <dst id="KSCYng">256.602666666667</dst>
            <dst id="LOSAng">37408.9626666667</dst>
            <dst id="NYCMng">52478.1146666667</dst>
            <dst id="SNVAng">9431.912</dst>
            <dst id="STTLng">31000.152</dst>
            <dst id="WASHng">87968.2506666666</dst>
        </src>
        <src id="NYCMng">
            <dst id="ATLA-M5">0</dst>
            <dst id="ATLAng">30505.7813333333</dst>
            <dst id="CHINng">72877.2853333333</dst>
            <dst id="DNVRng">37181.2773333333</dst>
            <dst id="HSTNng">125915.802666667</dst>
            <dst id="IPLSng">51701.008</dst>
            <dst id="KSCYng">18897.6346666667</dst>
            <dst id="LOSAng">275.216</dst>
            <dst id="NYCMng">226855.133333333</dst>
            <dst id="SNVAng">80</dst>
            <dst id="STTLng">8734.89333333334</dst>
            <dst id="WASHng">91990.3546666667</dst>
        </src>
        <src id="SNVAng">
            <dst id="ATLA-M5">0</dst>
            <dst id="ATLAng">254.901333333333</dst>
            <dst id="CHINng">697.370666666667</dst>
            <dst id="DNVRng">2245.10133333333</dst>
            <dst id="HSTNng">6148.99733333333</dst>
            <dst id="IPLSng">0</dst>
            <dst id="KSCYng">330.954666666667</dst>
            <dst id="LOSAng">33143.952</dst>
            <dst id="NYCMng">4304.22933333333</dst>
            <dst id="SNVAng">14296.08</dst>
            <dst id="STTLng">52233.3306666667</dst>
            <dst id="WASHng">245.416</dst>
        </src>
        <src id="STTLng">
            <dst id="ATLA-M5">0</dst>
            <dst id="ATLAng">8637.17066666667</dst>
            <dst id="CHINng">25287.2613333333</dst>
            <dst id="DNVRng">4594.47733333333</dst>
            <dst id="HSTNng">43562.08</dst>
            <dst id="IPLSng">278.082666666667</dst>
            <dst id="KSCYng">2794.97066666667</dst>
            <dst id="LOSAng">20274.12</dst>
            <dst id="NYCMng">17237.6586666667</dst>
            <dst id="SNVAng">7117.07466666667</dst>
            <dst id="STTLng">8785.28533333333</dst>
            <dst id="WASHng">26244.536</dst>
        </src>
        <src id="WASHng">
            <dst id="ATLA-M5">0</dst>
            <dst id="ATLAng">96030.9733333333</dst>
            <dst id="CHINng">99309.3653333333</dst>
            <dst id="DNVRng">2902.46933333333</dst>
            <dst id="HSTNng">308254.16</dst>
            <dst id="IPLSng">74987.4853333333</dst>
            <dst id="KSCYng">20360.44</dst>
            <dst id="LOSAng">80</dst>
            <dst id="NYCMng">158130.037333333</dst>
            <dst id="SNVAng">332.981333333333</dst>
            <dst id="STTLng">5233.16533333333</dst>
            <dst id="WASHng">415346.96</dst>
        </src>
    </IntraTM>
</TrafficMatrixFile>
