<?xml version="1.0" encoding="ISO-8859-1" standalone="yes"?>
<TrafficMatrixFile xsi:noNamespaceSchemaLocation="http://totem.run.montefiore.ulg.ac.be/Schema/TrafficMatrix-v1_2.xsd" xmlns:xsi="http://www.w3.org/2001/XMLSchema-instance">
    <IntraTM ASID="11537">
        <src id="ATLA-M5">
            <dst id="ATLA-M5">0</dst>
            <dst id="ATLAng">106.666666666667</dst>
            <dst id="CHINng">489.370666666667</dst>
            <dst id="DNVRng">0</dst>
            <dst id="HSTNng">914.581333333333</dst>
            <dst id="IPLSng">388.693333333333</dst>
            <dst id="KSCYng">26.6666666666667</dst>
            <dst id="LOSAng">0</dst>
            <dst id="NYCMng">109.952</dst>
            <dst id="SNVAng">0</dst>
            <dst id="STTLng">0</dst>
            <dst id="WASHng">1944.86933333333</dst>
        </src>
        <src id="ATLAng">
            <dst id="ATLA-M5">0</dst>
            <dst id="ATLAng">24878.4106666667</dst>
            <dst id="CHINng">12804.4746666667</dst>
            <dst id="DNVRng">26.6666666666667</dst>
            <dst id="HSTNng">33916.6506666667</dst>
            <dst id="IPLSng">46022.5733333333</dst>
            <dst id="KSCYng">2500.67733333333</dst>
            <dst id="LOSAng">0</dst>
            <dst id="NYCMng">25989.424</dst>
            <dst id="SNVAng">80</dst>
            <dst id="STTLng">1092.82133333333</dst>
            <dst id="WASHng">70534.4</dst>
        </src>
        <src id="CHINng">
            <dst id="ATLA-M5">0</dst>
            <dst id="ATLAng">33403.6453333333</dst>
            <dst id="CHINng">140217.946666667</dst>
            <dst id="DNVRng">18314.3866666667</dst>
            <dst id="HSTNng">94612.9866666667</dst>
            <dst id="IPLSng">45379.2773333333</dst>
            <dst id="KSCYng">14135.056</dst>
            <dst id="LOSAng">479.448</dst>
            <dst id="NYCMng">21979.1093333333</dst>
            <dst id="SNVAng">26.6666666666667</dst>
            <dst id="STTLng">1035.84266666667</dst>
            <dst id="WASHng">33274.616</dst>
        </src>
        <src id="DNVRng">
            <dst id="ATLA-M5">0</dst>
            <dst id="ATLAng">9249.91733333333</dst>
            <dst id="CHINng">63341.3146666667</dst>
            <dst id="DNVRng">13729.4906666667</dst>
            <dst id="HSTNng">39854.4266666667</dst>
            <dst id="IPLSng">32579.072</dst>
            <dst id="KSCYng">21210.5253333333</dst>
            <dst id="LOSAng">0</dst>
            <dst id="NYCMng">25099.408</dst>
            <dst id="SNVAng">10767.5413333333</dst>
            <dst id="STTLng">26.6666666666667</dst>
            <dst id="WASHng">40443.7573333333</dst>
        </src>
        <src id="HSTNng">
            <dst id="ATLA-M5">0</dst>
            <dst id="ATLAng">23595.3093333333</dst>
            <dst id="CHINng">3241.13866666667</dst>
            <dst id="DNVRng">53.3333333333333</dst>
            <dst id="HSTNng">132341.976</dst>
            <dst id="IPLSng">53.3333333333333</dst>
            <dst id="KSCYng">0</dst>
            <dst id="LOSAng">0</dst>
            <dst id="NYCMng">6896.624</dst>
            <dst id="SNVAng">26.6666666666667</dst>
            <dst id="STTLng">53.3333333333333</dst>
            <dst id="WASHng">96960.1786666667</dst>
        </src>
        <src id="IPLSng">
            <dst id="ATLA-M5">0</dst>
            <dst id="ATLAng">12415.5093333333</dst>
            <dst id="CHINng">174706.141333333</dst>
            <dst id="DNVRng">8370.88266666667</dst>
            <dst id="HSTNng">54232.112</dst>
            <dst id="IPLSng">33880.8</dst>
            <dst id="KSCYng">22382.4186666667</dst>
            <dst id="LOSAng">40.2906666666667</dst>
            <dst id="NYCMng">24586.9066666667</dst>
            <dst id="SNVAng">89.32</dst>
            <dst id="STTLng">142.666666666667</dst>
            <dst id="WASHng">23728.4026666667</dst>
        </src>
        <src id="KSCYng">
            <dst id="ATLA-M5">0</dst>
            <dst id="ATLAng">4772.064</dst>
            <dst id="CHINng">34885.3306666667</dst>
            <dst id="DNVRng">9025.61066666667</dst>
            <dst id="HSTNng">18620.408</dst>
            <dst id="IPLSng">12284.4933333333</dst>
            <dst id="KSCYng">7895.848</dst>
            <dst id="LOSAng">0</dst>
            <dst id="NYCMng">11258.7146666667</dst>
            <dst id="SNVAng">26.6666666666667</dst>
            <dst id="STTLng">53.3333333333333</dst>
            <dst id="WASHng">11635.7786666667</dst>
        </src>
        <src id="LOSAng">
            <dst id="ATLA-M5">0</dst>
            <dst id="ATLAng">17364.3946666667</dst>
            <dst id="CHINng">13367.072</dst>
            <dst id="DNVRng">17706.5333333333</dst>
            <dst id="HSTNng">176911.530666667</dst>
            <dst id="IPLSng">751.082666666667</dst>
            <dst id="KSCYng">53.3333333333333</dst>
            <dst id="LOSAng">30250.6693333333</dst>
            <dst id="NYCMng">49378.3866666667</dst>
            <dst id="SNVAng">12427.888</dst>
            <dst id="STTLng">24575.52</dst>
            <dst id="WASHng">89942.6053333333</dst>
        </src>
        <src id="NYCMng">
            <dst id="ATLA-M5">0</dst>
            <dst id="ATLAng">26822.9173333333</dst>
            <dst id="CHINng">70437.592</dst>
            <dst id="DNVRng">33706.128</dst>
            <dst id="HSTNng">95713.352</dst>
            <dst id="IPLSng">57150.688</dst>
            <dst id="KSCYng">20922.6746666667</dst>
            <dst id="LOSAng">147.621333333333</dst>
            <dst id="NYCMng">208476.328</dst>
            <dst id="SNVAng">91.9733333333333</dst>
            <dst id="STTLng">3811.98133333333</dst>
            <dst id="WASHng">73589.4533333333</dst>
        </src>
        <src id="SNVAng">
            <dst id="ATLA-M5">0</dst>
            <dst id="ATLAng">302.002666666667</dst>
            <dst id="CHINng">857.064</dst>
            <dst id="DNVRng">3884.264</dst>
            <dst id="HSTNng">5071.08533333333</dst>
            <dst id="IPLSng">0</dst>
            <dst id="KSCYng">427.989333333333</dst>
            <dst id="LOSAng">33252.1813333333</dst>
            <dst id="NYCMng">4811.43466666667</dst>
            <dst id="SNVAng">17504.3573333333</dst>
            <dst id="STTLng">55059.3306666667</dst>
            <dst id="WASHng">526.256</dst>
        </src>
        <src id="STTLng">
            <dst id="ATLA-M5">0</dst>
            <dst id="ATLAng">8207.85333333333</dst>
            <dst id="CHINng">25644.7653333333</dst>
            <dst id="DNVRng">4647.288</dst>
            <dst id="HSTNng">46382.792</dst>
            <dst id="IPLSng">212.893333333333</dst>
            <dst id="KSCYng">1834.016</dst>
            <dst id="LOSAng">19330.096</dst>
            <dst id="NYCMng">11697.728</dst>
            <dst id="SNVAng">5227.31466666667</dst>
            <dst id="STTLng">7680.74933333333</dst>
            <dst id="WASHng">31718.0186666667</dst>
        </src>
        <src id="WASHng">
            <dst id="ATLA-M5">0</dst>
            <dst id="ATLAng">112335.464</dst>
            <dst id="CHINng">82063.2853333333</dst>
            <dst id="DNVRng">5814.14933333333</dst>
            <dst id="HSTNng">302397.973333333</dst>
            <dst id="IPLSng">58485.0826666667</dst>
            <dst id="KSCYng">16213.7706666667</dst>
            <dst id="LOSAng">80</dst>
            <dst id="NYCMng">175491.264</dst>
            <dst id="SNVAng">197.824</dst>
            <dst id="STTLng">5436.18133333333</dst>
            <dst id="WASHng">417998.133333333</dst>
        </src>
    </IntraTM>
</TrafficMatrixFile>
