<?xml version="1.0" encoding="ISO-8859-1" standalone="yes"?>
<TrafficMatrixFile xsi:noNamespaceSchemaLocation="http://totem.run.montefiore.ulg.ac.be/Schema/TrafficMatrix-v1_2.xsd" xmlns:xsi="http://www.w3.org/2001/XMLSchema-instance">
    <IntraTM ASID="11537">
        <src id="ATLA-M5">
            <dst id="ATLA-M5">196.618666666667</dst>
            <dst id="ATLAng">490.56</dst>
            <dst id="CHINng">596.624</dst>
            <dst id="DNVRng">0</dst>
            <dst id="HSTNng">261.736</dst>
            <dst id="IPLSng">489.92</dst>
            <dst id="KSCYng">0</dst>
            <dst id="LOSAng">0</dst>
            <dst id="NYCMng">1636.48533333333</dst>
            <dst id="SNVAng">0</dst>
            <dst id="STTLng">0</dst>
            <dst id="WASHng">3166.544</dst>
        </src>
        <src id="ATLAng">
            <dst id="ATLA-M5">0</dst>
            <dst id="ATLAng">46666.5973333333</dst>
            <dst id="CHINng">52687.48</dst>
            <dst id="DNVRng">0</dst>
            <dst id="HSTNng">11847.1946666667</dst>
            <dst id="IPLSng">24412.1466666667</dst>
            <dst id="KSCYng">53.3333333333333</dst>
            <dst id="LOSAng">40</dst>
            <dst id="NYCMng">61953.864</dst>
            <dst id="SNVAng">26.6666666666667</dst>
            <dst id="STTLng">0</dst>
            <dst id="WASHng">48893.0133333333</dst>
        </src>
        <src id="CHINng">
            <dst id="ATLA-M5">0</dst>
            <dst id="ATLAng">32683.5146666667</dst>
            <dst id="CHINng">38377.12</dst>
            <dst id="DNVRng">0</dst>
            <dst id="HSTNng">20787.6133333333</dst>
            <dst id="IPLSng">60891.0933333333</dst>
            <dst id="KSCYng">80</dst>
            <dst id="LOSAng">345.477333333333</dst>
            <dst id="NYCMng">229915.093333333</dst>
            <dst id="SNVAng">54.2053333333333</dst>
            <dst id="STTLng">529.098666666667</dst>
            <dst id="WASHng">48391.632</dst>
        </src>
        <src id="DNVRng">
            <dst id="ATLA-M5">0</dst>
            <dst id="ATLAng">8561.67466666667</dst>
            <dst id="CHINng">35488.008</dst>
            <dst id="DNVRng">9403.96533333333</dst>
            <dst id="HSTNng">45599.4453333333</dst>
            <dst id="IPLSng">33291.112</dst>
            <dst id="KSCYng">23163.32</dst>
            <dst id="LOSAng">0</dst>
            <dst id="NYCMng">28731.5466666667</dst>
            <dst id="SNVAng">17650.5386666667</dst>
            <dst id="STTLng">53.3333333333333</dst>
            <dst id="WASHng">38416.9786666667</dst>
        </src>
        <src id="HSTNng">
            <dst id="ATLA-M5">0</dst>
            <dst id="ATLAng">37394.392</dst>
            <dst id="CHINng">2628.63733333333</dst>
            <dst id="DNVRng">0</dst>
            <dst id="HSTNng">139997.605333333</dst>
            <dst id="IPLSng">26.6666666666667</dst>
            <dst id="KSCYng">182.026666666667</dst>
            <dst id="LOSAng">26.6666666666667</dst>
            <dst id="NYCMng">4545.568</dst>
            <dst id="SNVAng">53.3333333333333</dst>
            <dst id="STTLng">175.893333333333</dst>
            <dst id="WASHng">122437.546666667</dst>
        </src>
        <src id="IPLSng">
            <dst id="ATLA-M5">0</dst>
            <dst id="ATLAng">16044.2853333333</dst>
            <dst id="CHINng">95086.2746666667</dst>
            <dst id="DNVRng">0</dst>
            <dst id="HSTNng">17490.752</dst>
            <dst id="IPLSng">21953.744</dst>
            <dst id="KSCYng">23121.3333333333</dst>
            <dst id="LOSAng">26.6666666666667</dst>
            <dst id="NYCMng">192890.085333333</dst>
            <dst id="SNVAng">89.248</dst>
            <dst id="STTLng">80</dst>
            <dst id="WASHng">30537.44</dst>
        </src>
        <src id="KSCYng">
            <dst id="ATLA-M5">0</dst>
            <dst id="ATLAng">8640.856</dst>
            <dst id="CHINng">24721.272</dst>
            <dst id="DNVRng">18836.8106666667</dst>
            <dst id="HSTNng">17294.9946666667</dst>
            <dst id="IPLSng">10836.5466666667</dst>
            <dst id="KSCYng">7531.288</dst>
            <dst id="LOSAng">0</dst>
            <dst id="NYCMng">27991.9573333333</dst>
            <dst id="SNVAng">0</dst>
            <dst id="STTLng">0</dst>
            <dst id="WASHng">15082.9146666667</dst>
        </src>
        <src id="LOSAng">
            <dst id="ATLA-M5">0</dst>
            <dst id="ATLAng">35665.952</dst>
            <dst id="CHINng">3371.95466666667</dst>
            <dst id="DNVRng">21487.368</dst>
            <dst id="HSTNng">118117.869333333</dst>
            <dst id="IPLSng">469.738666666667</dst>
            <dst id="KSCYng">653.424</dst>
            <dst id="LOSAng">33255.1813333333</dst>
            <dst id="NYCMng">70874.432</dst>
            <dst id="SNVAng">13789.0906666667</dst>
            <dst id="STTLng">20577.968</dst>
            <dst id="WASHng">100433.661333333</dst>
        </src>
        <src id="NYCMng">
            <dst id="ATLA-M5">0</dst>
            <dst id="ATLAng">41727.072</dst>
            <dst id="CHINng">676.272</dst>
            <dst id="DNVRng">0</dst>
            <dst id="HSTNng">19199.0293333333</dst>
            <dst id="IPLSng">0</dst>
            <dst id="KSCYng">204.696</dst>
            <dst id="LOSAng">160.354666666667</dst>
            <dst id="NYCMng">923939.52</dst>
            <dst id="SNVAng">26.6666666666667</dst>
            <dst id="STTLng">235.744</dst>
            <dst id="WASHng">274516.293333333</dst>
        </src>
        <src id="SNVAng">
            <dst id="ATLA-M5">0</dst>
            <dst id="ATLAng">1083.79733333333</dst>
            <dst id="CHINng">53.3333333333333</dst>
            <dst id="DNVRng">1649.90133333333</dst>
            <dst id="HSTNng">4094.69066666667</dst>
            <dst id="IPLSng">26.6666666666667</dst>
            <dst id="KSCYng">412.778666666667</dst>
            <dst id="LOSAng">34736.8693333333</dst>
            <dst id="NYCMng">6102.024</dst>
            <dst id="SNVAng">15681.152</dst>
            <dst id="STTLng">55098.9653333333</dst>
            <dst id="WASHng">1532.56266666667</dst>
        </src>
        <src id="STTLng">
            <dst id="ATLA-M5">0</dst>
            <dst id="ATLAng">16732.0426666667</dst>
            <dst id="CHINng">1321.80266666667</dst>
            <dst id="DNVRng">9349.83466666667</dst>
            <dst id="HSTNng">24915.0986666667</dst>
            <dst id="IPLSng">234.016</dst>
            <dst id="KSCYng">6137.632</dst>
            <dst id="LOSAng">32821.0613333333</dst>
            <dst id="NYCMng">53924.4773333333</dst>
            <dst id="SNVAng">13608.576</dst>
            <dst id="STTLng">3626.31733333333</dst>
            <dst id="WASHng">29122.4133333333</dst>
        </src>
        <src id="WASHng">
            <dst id="ATLA-M5">0</dst>
            <dst id="ATLAng">142112.968</dst>
            <dst id="CHINng">1787.77333333333</dst>
            <dst id="DNVRng">0</dst>
            <dst id="HSTNng">86313.1413333334</dst>
            <dst id="IPLSng">237.885333333333</dst>
            <dst id="KSCYng">0</dst>
            <dst id="LOSAng">107.858666666667</dst>
            <dst id="NYCMng">601409.226666667</dst>
            <dst id="SNVAng">215.528</dst>
            <dst id="STTLng">80</dst>
            <dst id="WASHng">271839.44</dst>
        </src>
    </IntraTM>
</TrafficMatrixFile>
