<?xml version="1.0" encoding="ISO-8859-1" standalone="yes"?>
<TrafficMatrixFile xsi:noNamespaceSchemaLocation="http://totem.run.montefiore.ulg.ac.be/Schema/TrafficMatrix-v1_2.xsd" xmlns:xsi="http://www.w3.org/2001/XMLSchema-instance">
    <IntraTM ASID="11537">
        <src id="ATLA-M5">
            <dst id="ATLA-M5">153.106666666667</dst>
            <dst id="ATLAng">579.125333333333</dst>
            <dst id="CHINng">1620.37333333333</dst>
            <dst id="DNVRng">26.6666666666667</dst>
            <dst id="HSTNng">1700.656</dst>
            <dst id="IPLSng">615.24</dst>
            <dst id="KSCYng">492.341333333333</dst>
            <dst id="LOSAng">0</dst>
            <dst id="NYCMng">1233.584</dst>
            <dst id="SNVAng">26.6666666666667</dst>
            <dst id="STTLng">80</dst>
            <dst id="WASHng">2082.94933333333</dst>
        </src>
        <src id="ATLAng">
            <dst id="ATLA-M5">0</dst>
            <dst id="ATLAng">33755.04</dst>
            <dst id="CHINng">46530.4506666667</dst>
            <dst id="DNVRng">106.666666666667</dst>
            <dst id="HSTNng">67798.5973333334</dst>
            <dst id="IPLSng">70437.136</dst>
            <dst id="KSCYng">11288.6106666667</dst>
            <dst id="LOSAng">43.008</dst>
            <dst id="NYCMng">21491.6773333333</dst>
            <dst id="SNVAng">394.144</dst>
            <dst id="STTLng">4726.79466666667</dst>
            <dst id="WASHng">96499.48</dst>
        </src>
        <src id="CHINng">
            <dst id="ATLA-M5">0</dst>
            <dst id="ATLAng">38425.536</dst>
            <dst id="CHINng">129347.52</dst>
            <dst id="DNVRng">38169.2426666667</dst>
            <dst id="HSTNng">121234.581333333</dst>
            <dst id="IPLSng">80803.3333333333</dst>
            <dst id="KSCYng">26883.8186666667</dst>
            <dst id="LOSAng">383.2</dst>
            <dst id="NYCMng">44694.4773333333</dst>
            <dst id="SNVAng">1119.33066666667</dst>
            <dst id="STTLng">720.325333333334</dst>
            <dst id="WASHng">62921.1946666667</dst>
        </src>
        <src id="DNVRng">
            <dst id="ATLA-M5">0</dst>
            <dst id="ATLAng">32961.4773333333</dst>
            <dst id="CHINng">69948.3386666667</dst>
            <dst id="DNVRng">19724.1946666667</dst>
            <dst id="HSTNng">60443.4666666667</dst>
            <dst id="IPLSng">46063.1733333333</dst>
            <dst id="KSCYng">24805.8746666667</dst>
            <dst id="LOSAng">26.6666666666667</dst>
            <dst id="NYCMng">30446.5386666667</dst>
            <dst id="SNVAng">13690.2106666667</dst>
            <dst id="STTLng">269.237333333333</dst>
            <dst id="WASHng">62719.8533333333</dst>
        </src>
        <src id="HSTNng">
            <dst id="ATLA-M5">0</dst>
            <dst id="ATLAng">43572.5466666667</dst>
            <dst id="CHINng">5684.368</dst>
            <dst id="DNVRng">121.210666666667</dst>
            <dst id="HSTNng">200352.661333333</dst>
            <dst id="IPLSng">106.666666666667</dst>
            <dst id="KSCYng">71.992</dst>
            <dst id="LOSAng">46.048</dst>
            <dst id="NYCMng">9741.27466666667</dst>
            <dst id="SNVAng">53.3333333333333</dst>
            <dst id="STTLng">163.277333333333</dst>
            <dst id="WASHng">130157.226666667</dst>
        </src>
        <src id="IPLSng">
            <dst id="ATLA-M5">0</dst>
            <dst id="ATLAng">40777.9573333333</dst>
            <dst id="CHINng">151882.16</dst>
            <dst id="DNVRng">18423.2933333333</dst>
            <dst id="HSTNng">101383.048</dst>
            <dst id="IPLSng">48137.12</dst>
            <dst id="KSCYng">31358.752</dst>
            <dst id="LOSAng">251.802666666667</dst>
            <dst id="NYCMng">58921.464</dst>
            <dst id="SNVAng">5486.69333333333</dst>
            <dst id="STTLng">1840.53333333333</dst>
            <dst id="WASHng">49037.8613333333</dst>
        </src>
        <src id="KSCYng">
            <dst id="ATLA-M5">0</dst>
            <dst id="ATLAng">8415.18933333333</dst>
            <dst id="CHINng">39463.536</dst>
            <dst id="DNVRng">20736.2346666667</dst>
            <dst id="HSTNng">18565.376</dst>
            <dst id="IPLSng">34937.2826666667</dst>
            <dst id="KSCYng">17709.3466666667</dst>
            <dst id="LOSAng">0</dst>
            <dst id="NYCMng">9503.14933333333</dst>
            <dst id="SNVAng">157.552</dst>
            <dst id="STTLng">263.064</dst>
            <dst id="WASHng">14923.9546666667</dst>
        </src>
        <src id="LOSAng">
            <dst id="ATLA-M5">0</dst>
            <dst id="ATLAng">32959.6906666667</dst>
            <dst id="CHINng">8914.008</dst>
            <dst id="DNVRng">39297.6826666667</dst>
            <dst id="HSTNng">175871.477333333</dst>
            <dst id="IPLSng">2081.544</dst>
            <dst id="KSCYng">1335.392</dst>
            <dst id="LOSAng">15914.0906666667</dst>
            <dst id="NYCMng">75317.4693333333</dst>
            <dst id="SNVAng">14334.2213333333</dst>
            <dst id="STTLng">25738.1066666667</dst>
            <dst id="WASHng">115014.941333333</dst>
        </src>
        <src id="NYCMng">
            <dst id="ATLA-M5">0</dst>
            <dst id="ATLAng">80395.1973333333</dst>
            <dst id="CHINng">101892.04</dst>
            <dst id="DNVRng">48507.984</dst>
            <dst id="HSTNng">165172.554666667</dst>
            <dst id="IPLSng">91657.4746666667</dst>
            <dst id="KSCYng">29505.992</dst>
            <dst id="LOSAng">108.128</dst>
            <dst id="NYCMng">257405.48</dst>
            <dst id="SNVAng">1826.79466666667</dst>
            <dst id="STTLng">2272.76266666667</dst>
            <dst id="WASHng">226482.029333333</dst>
        </src>
        <src id="SNVAng">
            <dst id="ATLA-M5">0</dst>
            <dst id="ATLAng">1097.912</dst>
            <dst id="CHINng">176.384</dst>
            <dst id="DNVRng">7718.57866666667</dst>
            <dst id="HSTNng">6670.23466666667</dst>
            <dst id="IPLSng">26.6666666666667</dst>
            <dst id="KSCYng">3277.64533333333</dst>
            <dst id="LOSAng">36563.5573333333</dst>
            <dst id="NYCMng">9040.07466666667</dst>
            <dst id="SNVAng">16531.5066666667</dst>
            <dst id="STTLng">55728.7146666667</dst>
            <dst id="WASHng">2505.22933333333</dst>
        </src>
        <src id="STTLng">
            <dst id="ATLA-M5">0</dst>
            <dst id="ATLAng">17310.392</dst>
            <dst id="CHINng">23796.4773333333</dst>
            <dst id="DNVRng">10755.296</dst>
            <dst id="HSTNng">67495.9173333333</dst>
            <dst id="IPLSng">766.552</dst>
            <dst id="KSCYng">9392.22666666667</dst>
            <dst id="LOSAng">27753.7306666667</dst>
            <dst id="NYCMng">38279.5573333333</dst>
            <dst id="SNVAng">13794.6613333333</dst>
            <dst id="STTLng">5814.65333333333</dst>
            <dst id="WASHng">41400.6613333333</dst>
        </src>
        <src id="WASHng">
            <dst id="ATLA-M5">0</dst>
            <dst id="ATLAng">132531.037333333</dst>
            <dst id="CHINng">113818.202666667</dst>
            <dst id="DNVRng">4373.09866666667</dst>
            <dst id="HSTNng">362210.053333333</dst>
            <dst id="IPLSng">100238.853333333</dst>
            <dst id="KSCYng">37763.5786666667</dst>
            <dst id="LOSAng">136.130666666667</dst>
            <dst id="NYCMng">230749.650666667</dst>
            <dst id="SNVAng">331.277333333333</dst>
            <dst id="STTLng">9137.11733333333</dst>
            <dst id="WASHng">322202.373333333</dst>
        </src>
    </IntraTM>
</TrafficMatrixFile>
