<?xml version="1.0" encoding="ISO-8859-1" standalone="yes"?>
<TrafficMatrixFile xsi:noNamespaceSchemaLocation="http://totem.run.montefiore.ulg.ac.be/Schema/TrafficMatrix-v1_2.xsd" xmlns:xsi="http://www.w3.org/2001/XMLSchema-instance">
    <IntraTM ASID="11537">
        <src id="ATLA-M5">
            <dst id="ATLA-M5">0</dst>
            <dst id="ATLAng">122.261333333333</dst>
            <dst id="CHINng">825.168</dst>
            <dst id="DNVRng">0</dst>
            <dst id="HSTNng">26.6666666666667</dst>
            <dst id="IPLSng">524.512</dst>
            <dst id="KSCYng">0</dst>
            <dst id="LOSAng">0</dst>
            <dst id="NYCMng">1137.66933333333</dst>
            <dst id="SNVAng">0</dst>
            <dst id="STTLng">0</dst>
            <dst id="WASHng">3440.37333333333</dst>
        </src>
        <src id="ATLAng">
            <dst id="ATLA-M5">0</dst>
            <dst id="ATLAng">25432.2666666667</dst>
            <dst id="CHINng">16501.056</dst>
            <dst id="DNVRng">0</dst>
            <dst id="HSTNng">1454.99733333333</dst>
            <dst id="IPLSng">24992.6213333333</dst>
            <dst id="KSCYng">90.9013333333333</dst>
            <dst id="LOSAng">0</dst>
            <dst id="NYCMng">35988.8106666667</dst>
            <dst id="SNVAng">26.6666666666667</dst>
            <dst id="STTLng">0</dst>
            <dst id="WASHng">44372.2293333333</dst>
        </src>
        <src id="CHINng">
            <dst id="ATLA-M5">0</dst>
            <dst id="ATLAng">20302.4053333333</dst>
            <dst id="CHINng">24229.7253333333</dst>
            <dst id="DNVRng">0</dst>
            <dst id="HSTNng">12334.056</dst>
            <dst id="IPLSng">22147.712</dst>
            <dst id="KSCYng">176.325333333333</dst>
            <dst id="LOSAng">26.6666666666667</dst>
            <dst id="NYCMng">178268.029333333</dst>
            <dst id="SNVAng">0</dst>
            <dst id="STTLng">1998.66666666667</dst>
            <dst id="WASHng">22393.3573333333</dst>
        </src>
        <src id="DNVRng">
            <dst id="ATLA-M5">0</dst>
            <dst id="ATLAng">7179.064</dst>
            <dst id="CHINng">24979.2986666667</dst>
            <dst id="DNVRng">8742.42933333333</dst>
            <dst id="HSTNng">23922.7066666667</dst>
            <dst id="IPLSng">30172.8693333333</dst>
            <dst id="KSCYng">14910.5386666667</dst>
            <dst id="LOSAng">26.6666666666667</dst>
            <dst id="NYCMng">37625.0426666667</dst>
            <dst id="SNVAng">9065.96533333333</dst>
            <dst id="STTLng">2109.472</dst>
            <dst id="WASHng">37785.936</dst>
        </src>
        <src id="HSTNng">
            <dst id="ATLA-M5">0</dst>
            <dst id="ATLAng">18789.128</dst>
            <dst id="CHINng">287.741333333333</dst>
            <dst id="DNVRng">53.3333333333333</dst>
            <dst id="HSTNng">76511.2693333334</dst>
            <dst id="IPLSng">80</dst>
            <dst id="KSCYng">0</dst>
            <dst id="LOSAng">0</dst>
            <dst id="NYCMng">3601.43466666667</dst>
            <dst id="SNVAng">0</dst>
            <dst id="STTLng">0</dst>
            <dst id="WASHng">128013.618666667</dst>
        </src>
        <src id="IPLSng">
            <dst id="ATLA-M5">0</dst>
            <dst id="ATLAng">25211.712</dst>
            <dst id="CHINng">55642.1653333333</dst>
            <dst id="DNVRng">0</dst>
            <dst id="HSTNng">9285.904</dst>
            <dst id="IPLSng">35151.224</dst>
            <dst id="KSCYng">17149.272</dst>
            <dst id="LOSAng">151.466666666667</dst>
            <dst id="NYCMng">177162.162666667</dst>
            <dst id="SNVAng">53.3333333333333</dst>
            <dst id="STTLng">26.6666666666667</dst>
            <dst id="WASHng">17604.8666666667</dst>
        </src>
        <src id="KSCYng">
            <dst id="ATLA-M5">0</dst>
            <dst id="ATLAng">3970.71466666667</dst>
            <dst id="CHINng">14217.1253333333</dst>
            <dst id="DNVRng">6850.36</dst>
            <dst id="HSTNng">13837.048</dst>
            <dst id="IPLSng">8873.848</dst>
            <dst id="KSCYng">4067.21333333333</dst>
            <dst id="LOSAng">0</dst>
            <dst id="NYCMng">25427.5573333333</dst>
            <dst id="SNVAng">26.6666666666667</dst>
            <dst id="STTLng">0</dst>
            <dst id="WASHng">7181.224</dst>
        </src>
        <src id="LOSAng">
            <dst id="ATLA-M5">0</dst>
            <dst id="ATLAng">15256.3626666667</dst>
            <dst id="CHINng">1327.83733333333</dst>
            <dst id="DNVRng">6912.29066666667</dst>
            <dst id="HSTNng">75602.16</dst>
            <dst id="IPLSng">643.8</dst>
            <dst id="KSCYng">80</dst>
            <dst id="LOSAng">16029.376</dst>
            <dst id="NYCMng">65968.04</dst>
            <dst id="SNVAng">10560.744</dst>
            <dst id="STTLng">15334.5493333333</dst>
            <dst id="WASHng">117422.261333333</dst>
        </src>
        <src id="NYCMng">
            <dst id="ATLA-M5">0</dst>
            <dst id="ATLAng">23474.0933333333</dst>
            <dst id="CHINng">356.458666666667</dst>
            <dst id="DNVRng">0</dst>
            <dst id="HSTNng">12102.7093333333</dst>
            <dst id="IPLSng">26.6666666666667</dst>
            <dst id="KSCYng">53.3333333333333</dst>
            <dst id="LOSAng">26.6666666666667</dst>
            <dst id="NYCMng">311153.013333333</dst>
            <dst id="SNVAng">80</dst>
            <dst id="STTLng">816.36</dst>
            <dst id="WASHng">72167.7306666667</dst>
        </src>
        <src id="SNVAng">
            <dst id="ATLA-M5">0</dst>
            <dst id="ATLAng">441.6</dst>
            <dst id="CHINng">26.6666666666667</dst>
            <dst id="DNVRng">2912.37333333333</dst>
            <dst id="HSTNng">3342.04</dst>
            <dst id="IPLSng">365.490666666667</dst>
            <dst id="KSCYng">259.917333333333</dst>
            <dst id="LOSAng">34755.5493333333</dst>
            <dst id="NYCMng">3484.22133333333</dst>
            <dst id="SNVAng">14287.616</dst>
            <dst id="STTLng">51113.552</dst>
            <dst id="WASHng">187.338666666667</dst>
        </src>
        <src id="STTLng">
            <dst id="ATLA-M5">0</dst>
            <dst id="ATLAng">7603.69066666667</dst>
            <dst id="CHINng">2380.096</dst>
            <dst id="DNVRng">4756.63466666667</dst>
            <dst id="HSTNng">14934.8373333333</dst>
            <dst id="IPLSng">302.058666666667</dst>
            <dst id="KSCYng">3229.75466666667</dst>
            <dst id="LOSAng">20525.3573333333</dst>
            <dst id="NYCMng">71181.0453333333</dst>
            <dst id="SNVAng">3280.95466666667</dst>
            <dst id="STTLng">3306.74933333333</dst>
            <dst id="WASHng">34793.7706666667</dst>
        </src>
        <src id="WASHng">
            <dst id="ATLA-M5">0</dst>
            <dst id="ATLAng">70190.6373333333</dst>
            <dst id="CHINng">712.696</dst>
            <dst id="DNVRng">0</dst>
            <dst id="HSTNng">65955.376</dst>
            <dst id="IPLSng">319.621333333333</dst>
            <dst id="KSCYng">110.613333333333</dst>
            <dst id="LOSAng">26.6666666666667</dst>
            <dst id="NYCMng">451932.72</dst>
            <dst id="SNVAng">66.5306666666666</dst>
            <dst id="STTLng">0</dst>
            <dst id="WASHng">279472.693333333</dst>
        </src>
    </IntraTM>
</TrafficMatrixFile>
