<?xml version="1.0" encoding="ISO-8859-1" standalone="yes"?>
<TrafficMatrixFile xsi:noNamespaceSchemaLocation="http://totem.run.montefiore.ulg.ac.be/Schema/TrafficMatrix-v1_2.xsd" xmlns:xsi="http://www.w3.org/2001/XMLSchema-instance">
    <IntraTM ASID="11537">
        <src id="ATLA-M5">
            <dst id="ATLA-M5">26.6666666666667</dst>
            <dst id="ATLAng">117.872</dst>
            <dst id="CHINng">864.482666666667</dst>
            <dst id="DNVRng">0</dst>
            <dst id="HSTNng">100.362666666667</dst>
            <dst id="IPLSng">541.496</dst>
            <dst id="KSCYng">0</dst>
            <dst id="LOSAng">0</dst>
            <dst id="NYCMng">1278.248</dst>
            <dst id="SNVAng">0</dst>
            <dst id="STTLng">0</dst>
            <dst id="WASHng">2546.496</dst>
        </src>
        <src id="ATLAng">
            <dst id="ATLA-M5">0</dst>
            <dst id="ATLAng">26492.024</dst>
            <dst id="CHINng">14964.328</dst>
            <dst id="DNVRng">0</dst>
            <dst id="HSTNng">2169.91733333333</dst>
            <dst id="IPLSng">27287.128</dst>
            <dst id="KSCYng">0</dst>
            <dst id="LOSAng">0</dst>
            <dst id="NYCMng">42388.8106666667</dst>
            <dst id="SNVAng">26.6666666666667</dst>
            <dst id="STTLng">26.6666666666667</dst>
            <dst id="WASHng">47015.3306666667</dst>
        </src>
        <src id="CHINng">
            <dst id="ATLA-M5">0</dst>
            <dst id="ATLAng">18388.6</dst>
            <dst id="CHINng">19266.1066666667</dst>
            <dst id="DNVRng">0</dst>
            <dst id="HSTNng">17810.272</dst>
            <dst id="IPLSng">19128.3706666667</dst>
            <dst id="KSCYng">26.6666666666667</dst>
            <dst id="LOSAng">80</dst>
            <dst id="NYCMng">181790.024</dst>
            <dst id="SNVAng">26.6666666666667</dst>
            <dst id="STTLng">1772.608</dst>
            <dst id="WASHng">27841.8746666667</dst>
        </src>
        <src id="DNVRng">
            <dst id="ATLA-M5">0</dst>
            <dst id="ATLAng">7174.32266666667</dst>
            <dst id="CHINng">28786.9733333333</dst>
            <dst id="DNVRng">7472.016</dst>
            <dst id="HSTNng">23680.432</dst>
            <dst id="IPLSng">24250.6746666667</dst>
            <dst id="KSCYng">15452.8</dst>
            <dst id="LOSAng">26.6666666666667</dst>
            <dst id="NYCMng">35596.3546666667</dst>
            <dst id="SNVAng">9914.77866666667</dst>
            <dst id="STTLng">2012.78933333333</dst>
            <dst id="WASHng">35826.352</dst>
        </src>
        <src id="HSTNng">
            <dst id="ATLA-M5">0</dst>
            <dst id="ATLAng">17125.592</dst>
            <dst id="CHINng">526.330666666667</dst>
            <dst id="DNVRng">0</dst>
            <dst id="HSTNng">87753.688</dst>
            <dst id="IPLSng">53.3333333333333</dst>
            <dst id="KSCYng">0</dst>
            <dst id="LOSAng">0</dst>
            <dst id="NYCMng">4177.58133333333</dst>
            <dst id="SNVAng">0</dst>
            <dst id="STTLng">0</dst>
            <dst id="WASHng">106065.528</dst>
        </src>
        <src id="IPLSng">
            <dst id="ATLA-M5">0</dst>
            <dst id="ATLAng">16731.4293333333</dst>
            <dst id="CHINng">51641.6666666667</dst>
            <dst id="DNVRng">0</dst>
            <dst id="HSTNng">10691.744</dst>
            <dst id="IPLSng">33039.1466666667</dst>
            <dst id="KSCYng">17232.2133333333</dst>
            <dst id="LOSAng">183.669333333333</dst>
            <dst id="NYCMng">116398.029333333</dst>
            <dst id="SNVAng">0</dst>
            <dst id="STTLng">53.3333333333333</dst>
            <dst id="WASHng">15570.968</dst>
        </src>
        <src id="KSCYng">
            <dst id="ATLA-M5">0</dst>
            <dst id="ATLAng">4502.73066666667</dst>
            <dst id="CHINng">12019.488</dst>
            <dst id="DNVRng">8030.24266666667</dst>
            <dst id="HSTNng">14117.2106666667</dst>
            <dst id="IPLSng">6413.50133333333</dst>
            <dst id="KSCYng">5478.16</dst>
            <dst id="LOSAng">0</dst>
            <dst id="NYCMng">25628.8053333333</dst>
            <dst id="SNVAng">53.3333333333333</dst>
            <dst id="STTLng">0</dst>
            <dst id="WASHng">7967.09066666667</dst>
        </src>
        <src id="LOSAng">
            <dst id="ATLA-M5">0</dst>
            <dst id="ATLAng">15720.5333333333</dst>
            <dst id="CHINng">9052.896</dst>
            <dst id="DNVRng">6909.95466666667</dst>
            <dst id="HSTNng">73495.5093333333</dst>
            <dst id="IPLSng">551.170666666667</dst>
            <dst id="KSCYng">87.656</dst>
            <dst id="LOSAng">24039.1013333333</dst>
            <dst id="NYCMng">56674.9946666667</dst>
            <dst id="SNVAng">9906.02933333333</dst>
            <dst id="STTLng">17439.7493333333</dst>
            <dst id="WASHng">94031.0346666667</dst>
        </src>
        <src id="NYCMng">
            <dst id="ATLA-M5">0</dst>
            <dst id="ATLAng">21975.1066666667</dst>
            <dst id="CHINng">133.333333333333</dst>
            <dst id="DNVRng">0</dst>
            <dst id="HSTNng">13187.216</dst>
            <dst id="IPLSng">134.448</dst>
            <dst id="KSCYng">26.6666666666667</dst>
            <dst id="LOSAng">194.858666666667</dst>
            <dst id="NYCMng">313045.813333333</dst>
            <dst id="SNVAng">26.6666666666667</dst>
            <dst id="STTLng">753.629333333333</dst>
            <dst id="WASHng">75990.2186666667</dst>
        </src>
        <src id="SNVAng">
            <dst id="ATLA-M5">0</dst>
            <dst id="ATLAng">617.344</dst>
            <dst id="CHINng">117.461333333333</dst>
            <dst id="DNVRng">10528.64</dst>
            <dst id="HSTNng">2707.17066666667</dst>
            <dst id="IPLSng">383.029333333333</dst>
            <dst id="KSCYng">492.690666666667</dst>
            <dst id="LOSAng">26190.6453333333</dst>
            <dst id="NYCMng">4085.76</dst>
            <dst id="SNVAng">13231.8</dst>
            <dst id="STTLng">49928.0693333333</dst>
            <dst id="WASHng">180.349333333333</dst>
        </src>
        <src id="STTLng">
            <dst id="ATLA-M5">0</dst>
            <dst id="ATLAng">7455.32</dst>
            <dst id="CHINng">2589.616</dst>
            <dst id="DNVRng">5457.944</dst>
            <dst id="HSTNng">14773.1893333333</dst>
            <dst id="IPLSng">513.098666666667</dst>
            <dst id="KSCYng">3078.76533333333</dst>
            <dst id="LOSAng">21104.4746666667</dst>
            <dst id="NYCMng">53955.7386666667</dst>
            <dst id="SNVAng">3242.69066666667</dst>
            <dst id="STTLng">3085.57066666667</dst>
            <dst id="WASHng">35158.5866666667</dst>
        </src>
        <src id="WASHng">
            <dst id="ATLA-M5">0</dst>
            <dst id="ATLAng">117307.509333333</dst>
            <dst id="CHINng">741.984</dst>
            <dst id="DNVRng">0</dst>
            <dst id="HSTNng">65904.8</dst>
            <dst id="IPLSng">200.728</dst>
            <dst id="KSCYng">201.066666666667</dst>
            <dst id="LOSAng">26.6666666666667</dst>
            <dst id="NYCMng">457322.933333333</dst>
            <dst id="SNVAng">80</dst>
            <dst id="STTLng">26.6666666666667</dst>
            <dst id="WASHng">282271.493333333</dst>
        </src>
    </IntraTM>
</TrafficMatrixFile>
