<?xml version="1.0" encoding="ISO-8859-1" standalone="yes"?>
<TrafficMatrixFile xsi:noNamespaceSchemaLocation="http://totem.run.montefiore.ulg.ac.be/Schema/TrafficMatrix-v1_2.xsd" xmlns:xsi="http://www.w3.org/2001/XMLSchema-instance">
    <IntraTM ASID="11537">
        <src id="ATLA-M5">
            <dst id="ATLA-M5">26.6666666666667</dst>
            <dst id="ATLAng">693.728</dst>
            <dst id="CHINng">1054.98933333333</dst>
            <dst id="DNVRng">0</dst>
            <dst id="HSTNng">1545.06666666667</dst>
            <dst id="IPLSng">1225.824</dst>
            <dst id="KSCYng">236.12</dst>
            <dst id="LOSAng">0</dst>
            <dst id="NYCMng">529.698666666667</dst>
            <dst id="SNVAng">0</dst>
            <dst id="STTLng">53.3333333333333</dst>
            <dst id="WASHng">1209.536</dst>
        </src>
        <src id="ATLAng">
            <dst id="ATLA-M5">0</dst>
            <dst id="ATLAng">28110.592</dst>
            <dst id="CHINng">25935.4773333333</dst>
            <dst id="DNVRng">46.6133333333333</dst>
            <dst id="HSTNng">66539.3653333333</dst>
            <dst id="IPLSng">39176.7706666667</dst>
            <dst id="KSCYng">6617.29333333333</dst>
            <dst id="LOSAng">26.6666666666667</dst>
            <dst id="NYCMng">25336.5546666667</dst>
            <dst id="SNVAng">26.6666666666667</dst>
            <dst id="STTLng">288.186666666667</dst>
            <dst id="WASHng">77826.3173333333</dst>
        </src>
        <src id="CHINng">
            <dst id="ATLA-M5">0</dst>
            <dst id="ATLAng">36769.712</dst>
            <dst id="CHINng">124686.565333333</dst>
            <dst id="DNVRng">19891.6106666667</dst>
            <dst id="HSTNng">114606.069333333</dst>
            <dst id="IPLSng">86016.0506666667</dst>
            <dst id="KSCYng">16593.3706666667</dst>
            <dst id="LOSAng">132.130666666667</dst>
            <dst id="NYCMng">45790.5573333333</dst>
            <dst id="SNVAng">53.3333333333333</dst>
            <dst id="STTLng">1530.912</dst>
            <dst id="WASHng">51684.1946666667</dst>
        </src>
        <src id="DNVRng">
            <dst id="ATLA-M5">0</dst>
            <dst id="ATLAng">23195.2506666667</dst>
            <dst id="CHINng">83292.9706666667</dst>
            <dst id="DNVRng">4495.81333333333</dst>
            <dst id="HSTNng">55916.0826666667</dst>
            <dst id="IPLSng">28976.8693333333</dst>
            <dst id="KSCYng">14424.888</dst>
            <dst id="LOSAng">0</dst>
            <dst id="NYCMng">18522.448</dst>
            <dst id="SNVAng">33182.1413333333</dst>
            <dst id="STTLng">186.666666666667</dst>
            <dst id="WASHng">49405.92</dst>
        </src>
        <src id="HSTNng">
            <dst id="ATLA-M5">0</dst>
            <dst id="ATLAng">53702.5493333333</dst>
            <dst id="CHINng">1399.74133333333</dst>
            <dst id="DNVRng">0</dst>
            <dst id="HSTNng">191308.16</dst>
            <dst id="IPLSng">80</dst>
            <dst id="KSCYng">53.3333333333333</dst>
            <dst id="LOSAng">120.714666666667</dst>
            <dst id="NYCMng">8485.016</dst>
            <dst id="SNVAng">53.3333333333333</dst>
            <dst id="STTLng">1206.97866666667</dst>
            <dst id="WASHng">127855.453333333</dst>
        </src>
        <src id="IPLSng">
            <dst id="ATLA-M5">0</dst>
            <dst id="ATLAng">22720.496</dst>
            <dst id="CHINng">170403.541333333</dst>
            <dst id="DNVRng">13407.3386666667</dst>
            <dst id="HSTNng">91367.2773333333</dst>
            <dst id="IPLSng">41738.5413333333</dst>
            <dst id="KSCYng">35026.0053333333</dst>
            <dst id="LOSAng">26.6666666666667</dst>
            <dst id="NYCMng">99439.8693333333</dst>
            <dst id="SNVAng">265.874666666667</dst>
            <dst id="STTLng">630.485333333333</dst>
            <dst id="WASHng">50617.7973333333</dst>
        </src>
        <src id="KSCYng">
            <dst id="ATLA-M5">0</dst>
            <dst id="ATLAng">6294.96</dst>
            <dst id="CHINng">45491.9866666667</dst>
            <dst id="DNVRng">12596.2746666667</dst>
            <dst id="HSTNng">18945.0106666667</dst>
            <dst id="IPLSng">15564.2506666667</dst>
            <dst id="KSCYng">6487.656</dst>
            <dst id="LOSAng">0</dst>
            <dst id="NYCMng">12471.032</dst>
            <dst id="SNVAng">68.4586666666667</dst>
            <dst id="STTLng">340.781333333333</dst>
            <dst id="WASHng">14824.4373333333</dst>
        </src>
        <src id="LOSAng">
            <dst id="ATLA-M5">0</dst>
            <dst id="ATLAng">43953.7013333333</dst>
            <dst id="CHINng">3741.70133333333</dst>
            <dst id="DNVRng">22492.8746666667</dst>
            <dst id="HSTNng">150918.688</dst>
            <dst id="IPLSng">585.754666666667</dst>
            <dst id="KSCYng">612.850666666667</dst>
            <dst id="LOSAng">14947.2426666667</dst>
            <dst id="NYCMng">64205.704</dst>
            <dst id="SNVAng">29963.2853333333</dst>
            <dst id="STTLng">32008.5386666667</dst>
            <dst id="WASHng">114403.413333333</dst>
        </src>
        <src id="NYCMng">
            <dst id="ATLA-M5">0</dst>
            <dst id="ATLAng">47688.8453333333</dst>
            <dst id="CHINng">85895.9866666667</dst>
            <dst id="DNVRng">43496.7973333333</dst>
            <dst id="HSTNng">168460.656</dst>
            <dst id="IPLSng">93650.4933333333</dst>
            <dst id="KSCYng">26084.5306666667</dst>
            <dst id="LOSAng">496.832</dst>
            <dst id="NYCMng">273963.04</dst>
            <dst id="SNVAng">160</dst>
            <dst id="STTLng">4513.22133333333</dst>
            <dst id="WASHng">165707.965333333</dst>
        </src>
        <src id="SNVAng">
            <dst id="ATLA-M5">0</dst>
            <dst id="ATLAng">1307.92</dst>
            <dst id="CHINng">2096.19466666667</dst>
            <dst id="DNVRng">16777.2773333333</dst>
            <dst id="HSTNng">17255.976</dst>
            <dst id="IPLSng">0</dst>
            <dst id="KSCYng">1828.136</dst>
            <dst id="LOSAng">47896.9493333333</dst>
            <dst id="NYCMng">11072.848</dst>
            <dst id="SNVAng">15983.24</dst>
            <dst id="STTLng">49853.0853333333</dst>
            <dst id="WASHng">2212.14133333333</dst>
        </src>
        <src id="STTLng">
            <dst id="ATLA-M5">0</dst>
            <dst id="ATLAng">13862.7706666667</dst>
            <dst id="CHINng">24577.0746666667</dst>
            <dst id="DNVRng">10597.0906666667</dst>
            <dst id="HSTNng">49660.1333333333</dst>
            <dst id="IPLSng">358.888</dst>
            <dst id="KSCYng">4226.74133333333</dst>
            <dst id="LOSAng">39969.0666666667</dst>
            <dst id="NYCMng">18661.7413333333</dst>
            <dst id="SNVAng">11538.2906666667</dst>
            <dst id="STTLng">3658.02666666667</dst>
            <dst id="WASHng">34520.248</dst>
        </src>
        <src id="WASHng">
            <dst id="ATLA-M5">0</dst>
            <dst id="ATLAng">81781.9893333333</dst>
            <dst id="CHINng">73923.2293333333</dst>
            <dst id="DNVRng">3145.20266666667</dst>
            <dst id="HSTNng">346478.32</dst>
            <dst id="IPLSng">72029.8</dst>
            <dst id="KSCYng">18613.128</dst>
            <dst id="LOSAng">127.328</dst>
            <dst id="NYCMng">214436.557333333</dst>
            <dst id="SNVAng">348.336</dst>
            <dst id="STTLng">6080.04533333333</dst>
            <dst id="WASHng">277635.12</dst>
        </src>
    </IntraTM>
</TrafficMatrixFile>
