<?xml version="1.0" encoding="ISO-8859-1" standalone="yes"?>
<TrafficMatrixFile xsi:noNamespaceSchemaLocation="http://totem.run.montefiore.ulg.ac.be/Schema/TrafficMatrix-v1_2.xsd" xmlns:xsi="http://www.w3.org/2001/XMLSchema-instance">
    <IntraTM ASID="11537">
        <src id="ATLA-M5">
            <dst id="ATLA-M5">26.6666666666667</dst>
            <dst id="ATLAng">205.989333333333</dst>
            <dst id="CHINng">1541.12266666667</dst>
            <dst id="DNVRng">0</dst>
            <dst id="HSTNng">2766.02133333333</dst>
            <dst id="IPLSng">261.373333333333</dst>
            <dst id="KSCYng">332.04</dst>
            <dst id="LOSAng">0</dst>
            <dst id="NYCMng">159.472</dst>
            <dst id="SNVAng">0</dst>
            <dst id="STTLng">0</dst>
            <dst id="WASHng">2169.92266666667</dst>
        </src>
        <src id="ATLAng">
            <dst id="ATLA-M5">0</dst>
            <dst id="ATLAng">23463.1733333333</dst>
            <dst id="CHINng">23153.3546666667</dst>
            <dst id="DNVRng">113.421333333333</dst>
            <dst id="HSTNng">473182.48</dst>
            <dst id="IPLSng">37828.28</dst>
            <dst id="KSCYng">7370.424</dst>
            <dst id="LOSAng">88.328</dst>
            <dst id="NYCMng">18564.176</dst>
            <dst id="SNVAng">0</dst>
            <dst id="STTLng">163.693333333333</dst>
            <dst id="WASHng">55394.68</dst>
        </src>
        <src id="CHINng">
            <dst id="ATLA-M5">0</dst>
            <dst id="ATLAng">48408.4106666667</dst>
            <dst id="CHINng">114832.845333333</dst>
            <dst id="DNVRng">25491.656</dst>
            <dst id="HSTNng">134434.925333333</dst>
            <dst id="IPLSng">70339.0506666667</dst>
            <dst id="KSCYng">21209.2053333333</dst>
            <dst id="LOSAng">184.618666666667</dst>
            <dst id="NYCMng">33148.3013333333</dst>
            <dst id="SNVAng">106.666666666667</dst>
            <dst id="STTLng">1409.85066666667</dst>
            <dst id="WASHng">41412.9626666667</dst>
        </src>
        <src id="DNVRng">
            <dst id="ATLA-M5">0</dst>
            <dst id="ATLAng">8385.58666666666</dst>
            <dst id="CHINng">51685.256</dst>
            <dst id="DNVRng">19810.584</dst>
            <dst id="HSTNng">63784.5173333333</dst>
            <dst id="IPLSng">36407.6346666667</dst>
            <dst id="KSCYng">24127.2026666667</dst>
            <dst id="LOSAng">0</dst>
            <dst id="NYCMng">29962.3146666667</dst>
            <dst id="SNVAng">16140.3866666667</dst>
            <dst id="STTLng">271.818666666667</dst>
            <dst id="WASHng">38902.7706666667</dst>
        </src>
        <src id="HSTNng">
            <dst id="ATLA-M5">0</dst>
            <dst id="ATLAng">30310.608</dst>
            <dst id="CHINng">1590.304</dst>
            <dst id="DNVRng">26.6666666666667</dst>
            <dst id="HSTNng">158043.773333333</dst>
            <dst id="IPLSng">121.909333333333</dst>
            <dst id="KSCYng">26.6666666666667</dst>
            <dst id="LOSAng">0</dst>
            <dst id="NYCMng">9966.70933333333</dst>
            <dst id="SNVAng">0</dst>
            <dst id="STTLng">404.802666666667</dst>
            <dst id="WASHng">111266.392</dst>
        </src>
        <src id="IPLSng">
            <dst id="ATLA-M5">0</dst>
            <dst id="ATLAng">37745.9146666667</dst>
            <dst id="CHINng">141419.272</dst>
            <dst id="DNVRng">20623.88</dst>
            <dst id="HSTNng">130523.368</dst>
            <dst id="IPLSng">45184.272</dst>
            <dst id="KSCYng">24576.4426666667</dst>
            <dst id="LOSAng">0</dst>
            <dst id="NYCMng">54338.24</dst>
            <dst id="SNVAng">131.141333333333</dst>
            <dst id="STTLng">503.845333333333</dst>
            <dst id="WASHng">29449.9226666667</dst>
        </src>
        <src id="KSCYng">
            <dst id="ATLA-M5">0</dst>
            <dst id="ATLAng">6908.29333333333</dst>
            <dst id="CHINng">29090.1653333333</dst>
            <dst id="DNVRng">6118.88266666667</dst>
            <dst id="HSTNng">24572.336</dst>
            <dst id="IPLSng">16900.472</dst>
            <dst id="KSCYng">8051.568</dst>
            <dst id="LOSAng">26.6666666666667</dst>
            <dst id="NYCMng">11720.704</dst>
            <dst id="SNVAng">26.6666666666667</dst>
            <dst id="STTLng">203.488</dst>
            <dst id="WASHng">15590.1866666667</dst>
        </src>
        <src id="LOSAng">
            <dst id="ATLA-M5">0</dst>
            <dst id="ATLAng">20860.0613333333</dst>
            <dst id="CHINng">8030.23733333333</dst>
            <dst id="DNVRng">17022.4853333333</dst>
            <dst id="HSTNng">195280.538666667</dst>
            <dst id="IPLSng">343.712</dst>
            <dst id="KSCYng">146.397333333333</dst>
            <dst id="LOSAng">69032.2746666667</dst>
            <dst id="NYCMng">75643.064</dst>
            <dst id="SNVAng">10905.48</dst>
            <dst id="STTLng">30167.3573333333</dst>
            <dst id="WASHng">102190.178666667</dst>
        </src>
        <src id="NYCMng">
            <dst id="ATLA-M5">0</dst>
            <dst id="ATLAng">41372.9093333333</dst>
            <dst id="CHINng">98112.184</dst>
            <dst id="DNVRng">32122.7013333333</dst>
            <dst id="HSTNng">146218.672</dst>
            <dst id="IPLSng">72393.4746666667</dst>
            <dst id="KSCYng">19400.4933333333</dst>
            <dst id="LOSAng">266.506666666667</dst>
            <dst id="NYCMng">244764.042666667</dst>
            <dst id="SNVAng">26.6666666666667</dst>
            <dst id="STTLng">3239.68533333333</dst>
            <dst id="WASHng">131506.746666667</dst>
        </src>
        <src id="SNVAng">
            <dst id="ATLA-M5">0</dst>
            <dst id="ATLAng">1740.83466666667</dst>
            <dst id="CHINng">2762.10933333333</dst>
            <dst id="DNVRng">14312.5706666667</dst>
            <dst id="HSTNng">12500.464</dst>
            <dst id="IPLSng">53.3333333333333</dst>
            <dst id="KSCYng">436.432</dst>
            <dst id="LOSAng">35369.44</dst>
            <dst id="NYCMng">5130.19466666667</dst>
            <dst id="SNVAng">14810.8693333333</dst>
            <dst id="STTLng">51877.176</dst>
            <dst id="WASHng">949.704</dst>
        </src>
        <src id="STTLng">
            <dst id="ATLA-M5">0</dst>
            <dst id="ATLAng">12018.344</dst>
            <dst id="CHINng">22093.456</dst>
            <dst id="DNVRng">7594.19733333333</dst>
            <dst id="HSTNng">44750.04</dst>
            <dst id="IPLSng">333.813333333333</dst>
            <dst id="KSCYng">5287.376</dst>
            <dst id="LOSAng">33912.5973333333</dst>
            <dst id="NYCMng">14665.1866666667</dst>
            <dst id="SNVAng">5620.87733333334</dst>
            <dst id="STTLng">7885.46933333333</dst>
            <dst id="WASHng">29851.0853333333</dst>
        </src>
        <src id="WASHng">
            <dst id="ATLA-M5">0</dst>
            <dst id="ATLAng">97273.584</dst>
            <dst id="CHINng">113671.072</dst>
            <dst id="DNVRng">3587.21333333333</dst>
            <dst id="HSTNng">301295.573333333</dst>
            <dst id="IPLSng">61047.1973333333</dst>
            <dst id="KSCYng">13533.1653333333</dst>
            <dst id="LOSAng">252.050666666667</dst>
            <dst id="NYCMng">214346.789333333</dst>
            <dst id="SNVAng">414.557333333333</dst>
            <dst id="STTLng">3087.92</dst>
            <dst id="WASHng">301525.093333333</dst>
        </src>
    </IntraTM>
</TrafficMatrixFile>
