<?xml version="1.0" encoding="ISO-8859-1" standalone="yes"?>
<TrafficMatrixFile xsi:noNamespaceSchemaLocation="http://totem.run.montefiore.ulg.ac.be/Schema/TrafficMatrix-v1_2.xsd" xmlns:xsi="http://www.w3.org/2001/XMLSchema-instance">
    <IntraTM ASID="11537">
        <src id="ATLA-M5">
            <dst id="ATLA-M5">32.64</dst>
            <dst id="ATLAng">168.064</dst>
            <dst id="CHINng">1620.968</dst>
            <dst id="DNVRng">0</dst>
            <dst id="HSTNng">147.568</dst>
            <dst id="IPLSng">2941.34933333333</dst>
            <dst id="KSCYng">0</dst>
            <dst id="LOSAng">0</dst>
            <dst id="NYCMng">2418.58133333333</dst>
            <dst id="SNVAng">0</dst>
            <dst id="STTLng">0</dst>
            <dst id="WASHng">1436.06933333333</dst>
        </src>
        <src id="ATLAng">
            <dst id="ATLA-M5">0</dst>
            <dst id="ATLAng">31835.0906666667</dst>
            <dst id="CHINng">44485.624</dst>
            <dst id="DNVRng">0</dst>
            <dst id="HSTNng">3411.81866666667</dst>
            <dst id="IPLSng">32763.072</dst>
            <dst id="KSCYng">26.6666666666667</dst>
            <dst id="LOSAng">0</dst>
            <dst id="NYCMng">52856.0133333333</dst>
            <dst id="SNVAng">0</dst>
            <dst id="STTLng">0</dst>
            <dst id="WASHng">41484.3253333333</dst>
        </src>
        <src id="CHINng">
            <dst id="ATLA-M5">0</dst>
            <dst id="ATLAng">40329.4133333333</dst>
            <dst id="CHINng">31445.3253333333</dst>
            <dst id="DNVRng">0</dst>
            <dst id="HSTNng">24446.2613333333</dst>
            <dst id="IPLSng">81471.4293333333</dst>
            <dst id="KSCYng">106.666666666667</dst>
            <dst id="LOSAng">80</dst>
            <dst id="NYCMng">224569.36</dst>
            <dst id="SNVAng">0</dst>
            <dst id="STTLng">471.917333333333</dst>
            <dst id="WASHng">45899.832</dst>
        </src>
        <src id="DNVRng">
            <dst id="ATLA-M5">0</dst>
            <dst id="ATLAng">7196.74933333333</dst>
            <dst id="CHINng">41667.3573333333</dst>
            <dst id="DNVRng">14554.9626666667</dst>
            <dst id="HSTNng">37449.0586666667</dst>
            <dst id="IPLSng">31625.0213333333</dst>
            <dst id="KSCYng">24869.2133333333</dst>
            <dst id="LOSAng">0</dst>
            <dst id="NYCMng">40567.296</dst>
            <dst id="SNVAng">13100.08</dst>
            <dst id="STTLng">1285.99466666667</dst>
            <dst id="WASHng">42030.128</dst>
        </src>
        <src id="HSTNng">
            <dst id="ATLA-M5">0</dst>
            <dst id="ATLAng">30600.3493333333</dst>
            <dst id="CHINng">309.2</dst>
            <dst id="DNVRng">53.3333333333333</dst>
            <dst id="HSTNng">134070.482666667</dst>
            <dst id="IPLSng">80</dst>
            <dst id="KSCYng">0</dst>
            <dst id="LOSAng">26.6666666666667</dst>
            <dst id="NYCMng">5504.36533333333</dst>
            <dst id="SNVAng">0</dst>
            <dst id="STTLng">0</dst>
            <dst id="WASHng">121211.608</dst>
        </src>
        <src id="IPLSng">
            <dst id="ATLA-M5">0</dst>
            <dst id="ATLAng">18909.488</dst>
            <dst id="CHINng">162635.541333333</dst>
            <dst id="DNVRng">0</dst>
            <dst id="HSTNng">9820.24533333333</dst>
            <dst id="IPLSng">30070.8453333333</dst>
            <dst id="KSCYng">39224.512</dst>
            <dst id="LOSAng">0</dst>
            <dst id="NYCMng">163979.506666667</dst>
            <dst id="SNVAng">53.3333333333333</dst>
            <dst id="STTLng">33.0986666666667</dst>
            <dst id="WASHng">30772.8746666667</dst>
        </src>
        <src id="KSCYng">
            <dst id="ATLA-M5">0</dst>
            <dst id="ATLAng">4900.336</dst>
            <dst id="CHINng">19479.6133333333</dst>
            <dst id="DNVRng">13241.368</dst>
            <dst id="HSTNng">20387.24</dst>
            <dst id="IPLSng">12973.7893333333</dst>
            <dst id="KSCYng">5723.056</dst>
            <dst id="LOSAng">0</dst>
            <dst id="NYCMng">57556.1253333333</dst>
            <dst id="SNVAng">80</dst>
            <dst id="STTLng">0</dst>
            <dst id="WASHng">12199.576</dst>
        </src>
        <src id="LOSAng">
            <dst id="ATLA-M5">0</dst>
            <dst id="ATLAng">23461.64</dst>
            <dst id="CHINng">2813.03733333333</dst>
            <dst id="DNVRng">25547.352</dst>
            <dst id="HSTNng">126920.370666667</dst>
            <dst id="IPLSng">290.082666666667</dst>
            <dst id="KSCYng">166.082666666667</dst>
            <dst id="LOSAng">25191.968</dst>
            <dst id="NYCMng">58298.12</dst>
            <dst id="SNVAng">14119.5226666667</dst>
            <dst id="STTLng">26084.8746666667</dst>
            <dst id="WASHng">97497.8933333333</dst>
        </src>
        <src id="NYCMng">
            <dst id="ATLA-M5">0</dst>
            <dst id="ATLAng">45540.8773333333</dst>
            <dst id="CHINng">717.834666666667</dst>
            <dst id="DNVRng">0</dst>
            <dst id="HSTNng">26823.1866666667</dst>
            <dst id="IPLSng">53.3333333333333</dst>
            <dst id="KSCYng">147.789333333333</dst>
            <dst id="LOSAng">26.6666666666667</dst>
            <dst id="NYCMng">536005.386666667</dst>
            <dst id="SNVAng">0</dst>
            <dst id="STTLng">132.016</dst>
            <dst id="WASHng">106650.594666667</dst>
        </src>
        <src id="SNVAng">
            <dst id="ATLA-M5">0</dst>
            <dst id="ATLAng">1080.04533333333</dst>
            <dst id="CHINng">272.24</dst>
            <dst id="DNVRng">11886.1626666667</dst>
            <dst id="HSTNng">9643.93066666667</dst>
            <dst id="IPLSng">26.6666666666667</dst>
            <dst id="KSCYng">582.989333333333</dst>
            <dst id="LOSAng">39147.1093333333</dst>
            <dst id="NYCMng">4613.35466666667</dst>
            <dst id="SNVAng">17518.2773333333</dst>
            <dst id="STTLng">59751.216</dst>
            <dst id="WASHng">1781.616</dst>
        </src>
        <src id="STTLng">
            <dst id="ATLA-M5">0</dst>
            <dst id="ATLAng">7744.89866666667</dst>
            <dst id="CHINng">1517.86933333333</dst>
            <dst id="DNVRng">6648.24266666667</dst>
            <dst id="HSTNng">20221.9333333333</dst>
            <dst id="IPLSng">447.813333333333</dst>
            <dst id="KSCYng">4691.15733333333</dst>
            <dst id="LOSAng">21613.008</dst>
            <dst id="NYCMng">45360.6533333333</dst>
            <dst id="SNVAng">5435.728</dst>
            <dst id="STTLng">12332.3893333333</dst>
            <dst id="WASHng">30377.672</dst>
        </src>
        <src id="WASHng">
            <dst id="ATLA-M5">0</dst>
            <dst id="ATLAng">142642.418666667</dst>
            <dst id="CHINng">568.568</dst>
            <dst id="DNVRng">0</dst>
            <dst id="HSTNng">68547.4853333333</dst>
            <dst id="IPLSng">53.3333333333333</dst>
            <dst id="KSCYng">26.6666666666667</dst>
            <dst id="LOSAng">26.6666666666667</dst>
            <dst id="NYCMng">523070.72</dst>
            <dst id="SNVAng">115.013333333333</dst>
            <dst id="STTLng">53.3333333333333</dst>
            <dst id="WASHng">234396.517333333</dst>
        </src>
    </IntraTM>
</TrafficMatrixFile>
