<?xml version="1.0" encoding="ISO-8859-1" standalone="yes"?>
<TrafficMatrixFile xsi:noNamespaceSchemaLocation="http://totem.run.montefiore.ulg.ac.be/Schema/TrafficMatrix-v1_2.xsd" xmlns:xsi="http://www.w3.org/2001/XMLSchema-instance">
    <IntraTM ASID="11537">
        <src id="ATLA-M5">
            <dst id="ATLA-M5">26.6666666666667</dst>
            <dst id="ATLAng">53.3333333333333</dst>
            <dst id="CHINng">427.848</dst>
            <dst id="DNVRng">0</dst>
            <dst id="HSTNng">542.586666666667</dst>
            <dst id="IPLSng">285.933333333333</dst>
            <dst id="KSCYng">26.6666666666667</dst>
            <dst id="LOSAng">0</dst>
            <dst id="NYCMng">450.666666666667</dst>
            <dst id="SNVAng">0</dst>
            <dst id="STTLng">0</dst>
            <dst id="WASHng">2622.224</dst>
        </src>
        <src id="ATLAng">
            <dst id="ATLA-M5">0</dst>
            <dst id="ATLAng">27411.472</dst>
            <dst id="CHINng">13649.0426666667</dst>
            <dst id="DNVRng">26.6666666666667</dst>
            <dst id="HSTNng">35965.4586666667</dst>
            <dst id="IPLSng">30870.8906666667</dst>
            <dst id="KSCYng">8858.53333333333</dst>
            <dst id="LOSAng">0</dst>
            <dst id="NYCMng">22266.6933333333</dst>
            <dst id="SNVAng">26.6666666666667</dst>
            <dst id="STTLng">139.797333333333</dst>
            <dst id="WASHng">76032.7706666667</dst>
        </src>
        <src id="CHINng">
            <dst id="ATLA-M5">0</dst>
            <dst id="ATLAng">22590.3093333333</dst>
            <dst id="CHINng">159719.930666667</dst>
            <dst id="DNVRng">22240.4906666667</dst>
            <dst id="HSTNng">112942.114666667</dst>
            <dst id="IPLSng">46839.832</dst>
            <dst id="KSCYng">14768.424</dst>
            <dst id="LOSAng">392.714666666667</dst>
            <dst id="NYCMng">26414.328</dst>
            <dst id="SNVAng">0</dst>
            <dst id="STTLng">3594.568</dst>
            <dst id="WASHng">39943.7733333333</dst>
        </src>
        <src id="DNVRng">
            <dst id="ATLA-M5">0</dst>
            <dst id="ATLAng">7592.29333333333</dst>
            <dst id="CHINng">69626.432</dst>
            <dst id="DNVRng">15150.12</dst>
            <dst id="HSTNng">59218.9146666667</dst>
            <dst id="IPLSng">24469.6213333333</dst>
            <dst id="KSCYng">21380.4746666667</dst>
            <dst id="LOSAng">0</dst>
            <dst id="NYCMng">28392.1893333333</dst>
            <dst id="SNVAng">15193.264</dst>
            <dst id="STTLng">26.6666666666667</dst>
            <dst id="WASHng">37777.8506666667</dst>
        </src>
        <src id="HSTNng">
            <dst id="ATLA-M5">0</dst>
            <dst id="ATLAng">25560.416</dst>
            <dst id="CHINng">2663.18666666667</dst>
            <dst id="DNVRng">0</dst>
            <dst id="HSTNng">151285.301333333</dst>
            <dst id="IPLSng">138.077333333333</dst>
            <dst id="KSCYng">26.6666666666667</dst>
            <dst id="LOSAng">0</dst>
            <dst id="NYCMng">5862.448</dst>
            <dst id="SNVAng">0</dst>
            <dst id="STTLng">112.384</dst>
            <dst id="WASHng">90436.7466666667</dst>
        </src>
        <src id="IPLSng">
            <dst id="ATLA-M5">0</dst>
            <dst id="ATLAng">13508.048</dst>
            <dst id="CHINng">165592.789333333</dst>
            <dst id="DNVRng">14979.0346666667</dst>
            <dst id="HSTNng">60089.856</dst>
            <dst id="IPLSng">22025.5653333333</dst>
            <dst id="KSCYng">22635.5973333333</dst>
            <dst id="LOSAng">54.4666666666667</dst>
            <dst id="NYCMng">32597.4053333333</dst>
            <dst id="SNVAng">174.176</dst>
            <dst id="STTLng">177.488</dst>
            <dst id="WASHng">28601.5573333333</dst>
        </src>
        <src id="KSCYng">
            <dst id="ATLA-M5">0</dst>
            <dst id="ATLAng">3859.808</dst>
            <dst id="CHINng">40392.7653333333</dst>
            <dst id="DNVRng">6960.936</dst>
            <dst id="HSTNng">18016.7066666667</dst>
            <dst id="IPLSng">15609.1893333333</dst>
            <dst id="KSCYng">6306.77066666667</dst>
            <dst id="LOSAng">26.6666666666667</dst>
            <dst id="NYCMng">11897.512</dst>
            <dst id="SNVAng">26.6666666666667</dst>
            <dst id="STTLng">61.2373333333333</dst>
            <dst id="WASHng">10224.8426666667</dst>
        </src>
        <src id="LOSAng">
            <dst id="ATLA-M5">0</dst>
            <dst id="ATLAng">20212.3626666667</dst>
            <dst id="CHINng">17589.5066666667</dst>
            <dst id="DNVRng">7451.90666666667</dst>
            <dst id="HSTNng">174685.898666667</dst>
            <dst id="IPLSng">141.858666666667</dst>
            <dst id="KSCYng">120.917333333333</dst>
            <dst id="LOSAng">24139.96</dst>
            <dst id="NYCMng">50841.5386666667</dst>
            <dst id="SNVAng">10165.448</dst>
            <dst id="STTLng">35151.9786666667</dst>
            <dst id="WASHng">82663.1893333333</dst>
        </src>
        <src id="NYCMng">
            <dst id="ATLA-M5">0</dst>
            <dst id="ATLAng">27042.184</dst>
            <dst id="CHINng">68555.6373333333</dst>
            <dst id="DNVRng">36356.9493333333</dst>
            <dst id="HSTNng">131100.288</dst>
            <dst id="IPLSng">66165.9653333333</dst>
            <dst id="KSCYng">15740.6773333333</dst>
            <dst id="LOSAng">308.248</dst>
            <dst id="NYCMng">224919.016</dst>
            <dst id="SNVAng">26.6666666666667</dst>
            <dst id="STTLng">3718.456</dst>
            <dst id="WASHng">90121.4053333333</dst>
        </src>
        <src id="SNVAng">
            <dst id="ATLA-M5">0</dst>
            <dst id="ATLAng">244.184</dst>
            <dst id="CHINng">587.328</dst>
            <dst id="DNVRng">2100.50666666667</dst>
            <dst id="HSTNng">5759.87733333333</dst>
            <dst id="IPLSng">0</dst>
            <dst id="KSCYng">379.168</dst>
            <dst id="LOSAng">34343.352</dst>
            <dst id="NYCMng">3785.352</dst>
            <dst id="SNVAng">13417.0613333333</dst>
            <dst id="STTLng">52908.0933333333</dst>
            <dst id="WASHng">286.296</dst>
        </src>
        <src id="STTLng">
            <dst id="ATLA-M5">0</dst>
            <dst id="ATLAng">9730.288</dst>
            <dst id="CHINng">24009.36</dst>
            <dst id="DNVRng">4826.77866666667</dst>
            <dst id="HSTNng">43250.6213333333</dst>
            <dst id="IPLSng">271.592</dst>
            <dst id="KSCYng">2265.25866666667</dst>
            <dst id="LOSAng">22749.304</dst>
            <dst id="NYCMng">13914.8506666667</dst>
            <dst id="SNVAng">6803.86933333333</dst>
            <dst id="STTLng">7342.23466666667</dst>
            <dst id="WASHng">28467.4613333333</dst>
        </src>
        <src id="WASHng">
            <dst id="ATLA-M5">0</dst>
            <dst id="ATLAng">132833.941333333</dst>
            <dst id="CHINng">83333.6026666667</dst>
            <dst id="DNVRng">3307.832</dst>
            <dst id="HSTNng">310406.293333333</dst>
            <dst id="IPLSng">60134.0666666667</dst>
            <dst id="KSCYng">28421.2986666667</dst>
            <dst id="LOSAng">53.3333333333333</dst>
            <dst id="NYCMng">157278.04</dst>
            <dst id="SNVAng">185.301333333333</dst>
            <dst id="STTLng">4822.816</dst>
            <dst id="WASHng">431414.56</dst>
        </src>
    </IntraTM>
</TrafficMatrixFile>
