<?xml version="1.0" encoding="ISO-8859-1" standalone="yes"?>
<TrafficMatrixFile xsi:noNamespaceSchemaLocation="http://totem.run.montefiore.ulg.ac.be/Schema/TrafficMatrix-v1_2.xsd" xmlns:xsi="http://www.w3.org/2001/XMLSchema-instance">
    <IntraTM ASID="11537">
        <src id="ATLA-M5">
            <dst id="ATLA-M5">0</dst>
            <dst id="ATLAng">142.656</dst>
            <dst id="CHINng">768.226666666667</dst>
            <dst id="DNVRng">0</dst>
            <dst id="HSTNng">1401.10133333333</dst>
            <dst id="IPLSng">162.218666666667</dst>
            <dst id="KSCYng">26.6666666666667</dst>
            <dst id="LOSAng">0</dst>
            <dst id="NYCMng">669.264</dst>
            <dst id="SNVAng">0</dst>
            <dst id="STTLng">26.6666666666667</dst>
            <dst id="WASHng">2795.928</dst>
        </src>
        <src id="ATLAng">
            <dst id="ATLA-M5">0</dst>
            <dst id="ATLAng">22136.4293333333</dst>
            <dst id="CHINng">14691.392</dst>
            <dst id="DNVRng">26.6666666666667</dst>
            <dst id="HSTNng">36076.168</dst>
            <dst id="IPLSng">30810.9706666667</dst>
            <dst id="KSCYng">6823.288</dst>
            <dst id="LOSAng">0</dst>
            <dst id="NYCMng">21159.9973333333</dst>
            <dst id="SNVAng">57.9413333333333</dst>
            <dst id="STTLng">155.136</dst>
            <dst id="WASHng">78005.7306666667</dst>
        </src>
        <src id="CHINng">
            <dst id="ATLA-M5">0</dst>
            <dst id="ATLAng">24431.6373333333</dst>
            <dst id="CHINng">151063.824</dst>
            <dst id="DNVRng">25429.536</dst>
            <dst id="HSTNng">115504.029333333</dst>
            <dst id="IPLSng">49902.368</dst>
            <dst id="KSCYng">13205.12</dst>
            <dst id="LOSAng">401.312</dst>
            <dst id="NYCMng">27534.8986666667</dst>
            <dst id="SNVAng">0</dst>
            <dst id="STTLng">3684.504</dst>
            <dst id="WASHng">34843.6666666667</dst>
        </src>
        <src id="DNVRng">
            <dst id="ATLA-M5">0</dst>
            <dst id="ATLAng">7703.39733333333</dst>
            <dst id="CHINng">72254.808</dst>
            <dst id="DNVRng">15402.7146666667</dst>
            <dst id="HSTNng">56132.5493333333</dst>
            <dst id="IPLSng">24741.2933333333</dst>
            <dst id="KSCYng">24745.8853333333</dst>
            <dst id="LOSAng">26.6666666666667</dst>
            <dst id="NYCMng">27187.64</dst>
            <dst id="SNVAng">15359.8053333333</dst>
            <dst id="STTLng">0</dst>
            <dst id="WASHng">37695.6053333333</dst>
        </src>
        <src id="HSTNng">
            <dst id="ATLA-M5">0</dst>
            <dst id="ATLAng">20947.3253333333</dst>
            <dst id="CHINng">2185.85066666667</dst>
            <dst id="DNVRng">0</dst>
            <dst id="HSTNng">146120.749333333</dst>
            <dst id="IPLSng">121.976</dst>
            <dst id="KSCYng">26.6666666666667</dst>
            <dst id="LOSAng">28.4533333333333</dst>
            <dst id="NYCMng">4739.00533333333</dst>
            <dst id="SNVAng">26.6666666666667</dst>
            <dst id="STTLng">81.5893333333333</dst>
            <dst id="WASHng">114984.882666667</dst>
        </src>
        <src id="IPLSng">
            <dst id="ATLA-M5">0</dst>
            <dst id="ATLAng">13835.6853333333</dst>
            <dst id="CHINng">154998.101333333</dst>
            <dst id="DNVRng">13131</dst>
            <dst id="HSTNng">66703.488</dst>
            <dst id="IPLSng">23373.0453333333</dst>
            <dst id="KSCYng">24614.6</dst>
            <dst id="LOSAng">228</dst>
            <dst id="NYCMng">31945.5333333333</dst>
            <dst id="SNVAng">75.064</dst>
            <dst id="STTLng">412.541333333333</dst>
            <dst id="WASHng">27345.792</dst>
        </src>
        <src id="KSCYng">
            <dst id="ATLA-M5">0</dst>
            <dst id="ATLAng">4218.944</dst>
            <dst id="CHINng">34654.12</dst>
            <dst id="DNVRng">7364.36</dst>
            <dst id="HSTNng">17795.272</dst>
            <dst id="IPLSng">17171.648</dst>
            <dst id="KSCYng">8688.19466666667</dst>
            <dst id="LOSAng">0</dst>
            <dst id="NYCMng">10284.9146666667</dst>
            <dst id="SNVAng">26.6666666666667</dst>
            <dst id="STTLng">92.5413333333333</dst>
            <dst id="WASHng">10675.1066666667</dst>
        </src>
        <src id="LOSAng">
            <dst id="ATLA-M5">0</dst>
            <dst id="ATLAng">12111.552</dst>
            <dst id="CHINng">13324.48</dst>
            <dst id="DNVRng">6845.32266666667</dst>
            <dst id="HSTNng">187256.770666667</dst>
            <dst id="IPLSng">155.589333333333</dst>
            <dst id="KSCYng">181.925333333333</dst>
            <dst id="LOSAng">22706.176</dst>
            <dst id="NYCMng">50894.7146666667</dst>
            <dst id="SNVAng">9067.88</dst>
            <dst id="STTLng">33697.6693333333</dst>
            <dst id="WASHng">105523.005333333</dst>
        </src>
        <src id="NYCMng">
            <dst id="ATLA-M5">0</dst>
            <dst id="ATLAng">28291.5093333333</dst>
            <dst id="CHINng">71058.0106666667</dst>
            <dst id="DNVRng">36847.9093333333</dst>
            <dst id="HSTNng">125392.490666667</dst>
            <dst id="IPLSng">54532.1226666667</dst>
            <dst id="KSCYng">15217.2906666667</dst>
            <dst id="LOSAng">362.709333333333</dst>
            <dst id="NYCMng">231678.890666667</dst>
            <dst id="SNVAng">80</dst>
            <dst id="STTLng">3686.80533333333</dst>
            <dst id="WASHng">87450.0133333334</dst>
        </src>
        <src id="SNVAng">
            <dst id="ATLA-M5">0</dst>
            <dst id="ATLAng">358.354666666667</dst>
            <dst id="CHINng">622.490666666667</dst>
            <dst id="DNVRng">1619.17066666667</dst>
            <dst id="HSTNng">6339.336</dst>
            <dst id="IPLSng">0</dst>
            <dst id="KSCYng">476.114666666667</dst>
            <dst id="LOSAng">32248.0613333333</dst>
            <dst id="NYCMng">4601.376</dst>
            <dst id="SNVAng">13609.848</dst>
            <dst id="STTLng">50929.3973333333</dst>
            <dst id="WASHng">738.946666666667</dst>
        </src>
        <src id="STTLng">
            <dst id="ATLA-M5">0</dst>
            <dst id="ATLAng">9131.86133333333</dst>
            <dst id="CHINng">23987.6746666667</dst>
            <dst id="DNVRng">4971.49333333333</dst>
            <dst id="HSTNng">41792.7066666667</dst>
            <dst id="IPLSng">243.461333333333</dst>
            <dst id="KSCYng">2537.02666666667</dst>
            <dst id="LOSAng">26995.3813333333</dst>
            <dst id="NYCMng">15188.2613333333</dst>
            <dst id="SNVAng">6659.208</dst>
            <dst id="STTLng">6425.66933333333</dst>
            <dst id="WASHng">26009.4133333333</dst>
        </src>
        <src id="WASHng">
            <dst id="ATLA-M5">0</dst>
            <dst id="ATLAng">139525.106666667</dst>
            <dst id="CHINng">91687.7546666667</dst>
            <dst id="DNVRng">1907.42133333333</dst>
            <dst id="HSTNng">318568.72</dst>
            <dst id="IPLSng">66358.3386666667</dst>
            <dst id="KSCYng">24439.424</dst>
            <dst id="LOSAng">125.52</dst>
            <dst id="NYCMng">148283.730666667</dst>
            <dst id="SNVAng">171.181333333333</dst>
            <dst id="STTLng">5508.736</dst>
            <dst id="WASHng">397410.906666667</dst>
        </src>
    </IntraTM>
</TrafficMatrixFile>
