<?xml version="1.0" encoding="ISO-8859-1" standalone="yes"?>
<TrafficMatrixFile xsi:noNamespaceSchemaLocation="http://totem.run.montefiore.ulg.ac.be/Schema/TrafficMatrix-v1_2.xsd" xmlns:xsi="http://www.w3.org/2001/XMLSchema-instance">
    <IntraTM ASID="11537">
        <src id="ATLA-M5">
            <dst id="ATLA-M5">132.416</dst>
            <dst id="ATLAng">390.328</dst>
            <dst id="CHINng">604.445333333333</dst>
            <dst id="DNVRng">0</dst>
            <dst id="HSTNng">2747.44533333333</dst>
            <dst id="IPLSng">1769.40533333333</dst>
            <dst id="KSCYng">789.997333333333</dst>
            <dst id="LOSAng">0</dst>
            <dst id="NYCMng">575.698666666667</dst>
            <dst id="SNVAng">0</dst>
            <dst id="STTLng">0</dst>
            <dst id="WASHng">1319.81866666667</dst>
        </src>
        <src id="ATLAng">
            <dst id="ATLA-M5">0</dst>
            <dst id="ATLAng">49118.8453333333</dst>
            <dst id="CHINng">25288.688</dst>
            <dst id="DNVRng">26.6666666666667</dst>
            <dst id="HSTNng">98126.0106666667</dst>
            <dst id="IPLSng">46615.4613333333</dst>
            <dst id="KSCYng">7186.02666666667</dst>
            <dst id="LOSAng">27.168</dst>
            <dst id="NYCMng">25181.5733333333</dst>
            <dst id="SNVAng">0</dst>
            <dst id="STTLng">454.058666666667</dst>
            <dst id="WASHng">75882.8906666667</dst>
        </src>
        <src id="CHINng">
            <dst id="ATLA-M5">0</dst>
            <dst id="ATLAng">36521.3546666667</dst>
            <dst id="CHINng">120285.810666667</dst>
            <dst id="DNVRng">26176.8586666667</dst>
            <dst id="HSTNng">124801.794666667</dst>
            <dst id="IPLSng">87730.6186666667</dst>
            <dst id="KSCYng">19788.0533333333</dst>
            <dst id="LOSAng">65.2026666666667</dst>
            <dst id="NYCMng">43630.2746666667</dst>
            <dst id="SNVAng">53.3333333333333</dst>
            <dst id="STTLng">3206.74133333333</dst>
            <dst id="WASHng">54790.448</dst>
        </src>
        <src id="DNVRng">
            <dst id="ATLA-M5">0</dst>
            <dst id="ATLAng">11503.376</dst>
            <dst id="CHINng">59558.8773333333</dst>
            <dst id="DNVRng">6107.27466666667</dst>
            <dst id="HSTNng">44593.0613333333</dst>
            <dst id="IPLSng">36430.256</dst>
            <dst id="KSCYng">8810.39466666667</dst>
            <dst id="LOSAng">111.338666666667</dst>
            <dst id="NYCMng">21017.368</dst>
            <dst id="SNVAng">35709.896</dst>
            <dst id="STTLng">197.333333333333</dst>
            <dst id="WASHng">48601.4666666667</dst>
        </src>
        <src id="HSTNng">
            <dst id="ATLA-M5">0</dst>
            <dst id="ATLAng">54508.6666666667</dst>
            <dst id="CHINng">1387.96</dst>
            <dst id="DNVRng">177.618666666667</dst>
            <dst id="HSTNng">263092.418666667</dst>
            <dst id="IPLSng">26.6666666666667</dst>
            <dst id="KSCYng">26.6666666666667</dst>
            <dst id="LOSAng">26.6666666666667</dst>
            <dst id="NYCMng">8313.216</dst>
            <dst id="SNVAng">84.1466666666667</dst>
            <dst id="STTLng">288.858666666667</dst>
            <dst id="WASHng">149915.485333333</dst>
        </src>
        <src id="IPLSng">
            <dst id="ATLA-M5">0</dst>
            <dst id="ATLAng">48553.3493333333</dst>
            <dst id="CHINng">166855.293333333</dst>
            <dst id="DNVRng">14125.8</dst>
            <dst id="HSTNng">84969.5493333333</dst>
            <dst id="IPLSng">39191.6746666667</dst>
            <dst id="KSCYng">43462.0106666667</dst>
            <dst id="LOSAng">1136.26666666667</dst>
            <dst id="NYCMng">90891.264</dst>
            <dst id="SNVAng">325.544</dst>
            <dst id="STTLng">2096.184</dst>
            <dst id="WASHng">42458.6746666667</dst>
        </src>
        <src id="KSCYng">
            <dst id="ATLA-M5">0</dst>
            <dst id="ATLAng">10308.864</dst>
            <dst id="CHINng">37609.28</dst>
            <dst id="DNVRng">9025.98133333333</dst>
            <dst id="HSTNng">16587.904</dst>
            <dst id="IPLSng">16345.96</dst>
            <dst id="KSCYng">6343.79466666667</dst>
            <dst id="LOSAng">26.6666666666667</dst>
            <dst id="NYCMng">12091.096</dst>
            <dst id="SNVAng">96.024</dst>
            <dst id="STTLng">88.4693333333334</dst>
            <dst id="WASHng">15974.2906666667</dst>
        </src>
        <src id="LOSAng">
            <dst id="ATLA-M5">0</dst>
            <dst id="ATLAng">45525.5706666667</dst>
            <dst id="CHINng">4825.27733333333</dst>
            <dst id="DNVRng">27672.7093333333</dst>
            <dst id="HSTNng">163688.722666667</dst>
            <dst id="IPLSng">1095.648</dst>
            <dst id="KSCYng">558.914666666667</dst>
            <dst id="LOSAng">7742.16266666667</dst>
            <dst id="NYCMng">59921.6026666667</dst>
            <dst id="SNVAng">18171.424</dst>
            <dst id="STTLng">35818.1413333333</dst>
            <dst id="WASHng">127270.658666667</dst>
        </src>
        <src id="NYCMng">
            <dst id="ATLA-M5">0</dst>
            <dst id="ATLAng">52064.2986666667</dst>
            <dst id="CHINng">89542.9226666667</dst>
            <dst id="DNVRng">44882.632</dst>
            <dst id="HSTNng">157653.522666667</dst>
            <dst id="IPLSng">99076.6773333333</dst>
            <dst id="KSCYng">23662.3306666667</dst>
            <dst id="LOSAng">524.792</dst>
            <dst id="NYCMng">286647.36</dst>
            <dst id="SNVAng">53.3333333333333</dst>
            <dst id="STTLng">2851.73866666667</dst>
            <dst id="WASHng">160998.016</dst>
        </src>
        <src id="SNVAng">
            <dst id="ATLA-M5">0</dst>
            <dst id="ATLAng">1918.856</dst>
            <dst id="CHINng">1667.184</dst>
            <dst id="DNVRng">16993.2533333333</dst>
            <dst id="HSTNng">15244.384</dst>
            <dst id="IPLSng">0</dst>
            <dst id="KSCYng">1242.944</dst>
            <dst id="LOSAng">44698.0373333333</dst>
            <dst id="NYCMng">9739.304</dst>
            <dst id="SNVAng">16251.368</dst>
            <dst id="STTLng">59001.7946666667</dst>
            <dst id="WASHng">2295.088</dst>
        </src>
        <src id="STTLng">
            <dst id="ATLA-M5">0</dst>
            <dst id="ATLAng">11745.184</dst>
            <dst id="CHINng">22846.1813333333</dst>
            <dst id="DNVRng">11054.7733333333</dst>
            <dst id="HSTNng">50075.3626666667</dst>
            <dst id="IPLSng">288.896</dst>
            <dst id="KSCYng">4686.10666666667</dst>
            <dst id="LOSAng">39150.9706666667</dst>
            <dst id="NYCMng">17274.16</dst>
            <dst id="SNVAng">12334.1173333333</dst>
            <dst id="STTLng">4397.57333333333</dst>
            <dst id="WASHng">35417.4</dst>
        </src>
        <src id="WASHng">
            <dst id="ATLA-M5">0</dst>
            <dst id="ATLAng">83768.424</dst>
            <dst id="CHINng">66498.3146666667</dst>
            <dst id="DNVRng">3902.39733333333</dst>
            <dst id="HSTNng">352415.893333333</dst>
            <dst id="IPLSng">96998.3333333333</dst>
            <dst id="KSCYng">22328.568</dst>
            <dst id="LOSAng">145.845333333333</dst>
            <dst id="NYCMng">218467.693333333</dst>
            <dst id="SNVAng">380.744</dst>
            <dst id="STTLng">4263.87733333333</dst>
            <dst id="WASHng">262550.512</dst>
        </src>
    </IntraTM>
</TrafficMatrixFile>
