<?xml version="1.0" encoding="ISO-8859-1" standalone="yes"?>
<TrafficMatrixFile xsi:noNamespaceSchemaLocation="http://totem.run.montefiore.ulg.ac.be/Schema/TrafficMatrix-v1_2.xsd" xmlns:xsi="http://www.w3.org/2001/XMLSchema-instance">
    <IntraTM ASID="11537">
        <src id="ATLA-M5">
            <dst id="ATLA-M5">1830.69866666667</dst>
            <dst id="ATLAng">55.4426666666667</dst>
            <dst id="CHINng">675.264</dst>
            <dst id="DNVRng">0</dst>
            <dst id="HSTNng">124.386666666667</dst>
            <dst id="IPLSng">529.234666666667</dst>
            <dst id="KSCYng">26.6666666666667</dst>
            <dst id="LOSAng">0</dst>
            <dst id="NYCMng">924.08</dst>
            <dst id="SNVAng">0</dst>
            <dst id="STTLng">0</dst>
            <dst id="WASHng">1518.416</dst>
        </src>
        <src id="ATLAng">
            <dst id="ATLA-M5">0</dst>
            <dst id="ATLAng">35698.6853333333</dst>
            <dst id="CHINng">25263.672</dst>
            <dst id="DNVRng">0</dst>
            <dst id="HSTNng">3158.232</dst>
            <dst id="IPLSng">39131.208</dst>
            <dst id="KSCYng">108.842666666667</dst>
            <dst id="LOSAng">0</dst>
            <dst id="NYCMng">35759.0746666667</dst>
            <dst id="SNVAng">89.4053333333333</dst>
            <dst id="STTLng">53.3333333333333</dst>
            <dst id="WASHng">47060.6906666667</dst>
        </src>
        <src id="CHINng">
            <dst id="ATLA-M5">0</dst>
            <dst id="ATLAng">23418.24</dst>
            <dst id="CHINng">23538.8373333333</dst>
            <dst id="DNVRng">0</dst>
            <dst id="HSTNng">18343.7173333333</dst>
            <dst id="IPLSng">53781.024</dst>
            <dst id="KSCYng">160</dst>
            <dst id="LOSAng">0</dst>
            <dst id="NYCMng">177472.952</dst>
            <dst id="SNVAng">26.6666666666667</dst>
            <dst id="STTLng">929.576</dst>
            <dst id="WASHng">32829.4</dst>
        </src>
        <src id="DNVRng">
            <dst id="ATLA-M5">0</dst>
            <dst id="ATLAng">5977.032</dst>
            <dst id="CHINng">26675.856</dst>
            <dst id="DNVRng">9502.72</dst>
            <dst id="HSTNng">32315.272</dst>
            <dst id="IPLSng">25707.8666666667</dst>
            <dst id="KSCYng">16630.8186666667</dst>
            <dst id="LOSAng">0</dst>
            <dst id="NYCMng">37485.6426666667</dst>
            <dst id="SNVAng">8247.70933333333</dst>
            <dst id="STTLng">305.226666666667</dst>
            <dst id="WASHng">42170.4613333333</dst>
        </src>
        <src id="HSTNng">
            <dst id="ATLA-M5">0</dst>
            <dst id="ATLAng">24895.4986666667</dst>
            <dst id="CHINng">707.181333333333</dst>
            <dst id="DNVRng">0</dst>
            <dst id="HSTNng">118001.890666667</dst>
            <dst id="IPLSng">80</dst>
            <dst id="KSCYng">0</dst>
            <dst id="LOSAng">0</dst>
            <dst id="NYCMng">4500.52266666667</dst>
            <dst id="SNVAng">0</dst>
            <dst id="STTLng">0</dst>
            <dst id="WASHng">73186.272</dst>
        </src>
        <src id="IPLSng">
            <dst id="ATLA-M5">0</dst>
            <dst id="ATLAng">26074.4453333333</dst>
            <dst id="CHINng">95234.864</dst>
            <dst id="DNVRng">0</dst>
            <dst id="HSTNng">15663.8586666667</dst>
            <dst id="IPLSng">18838.7893333333</dst>
            <dst id="KSCYng">19748.0853333333</dst>
            <dst id="LOSAng">53.3333333333333</dst>
            <dst id="NYCMng">143182.848</dst>
            <dst id="SNVAng">26.6666666666667</dst>
            <dst id="STTLng">85.5866666666667</dst>
            <dst id="WASHng">37277.816</dst>
        </src>
        <src id="KSCYng">
            <dst id="ATLA-M5">0</dst>
            <dst id="ATLAng">10544.6666666667</dst>
            <dst id="CHINng">15069.6853333333</dst>
            <dst id="DNVRng">5615.68266666667</dst>
            <dst id="HSTNng">8244.08</dst>
            <dst id="IPLSng">21814.9733333333</dst>
            <dst id="KSCYng">5992.57333333333</dst>
            <dst id="LOSAng">0</dst>
            <dst id="NYCMng">21452.696</dst>
            <dst id="SNVAng">65.5146666666667</dst>
            <dst id="STTLng">0</dst>
            <dst id="WASHng">15517.1226666667</dst>
        </src>
        <src id="LOSAng">
            <dst id="ATLA-M5">0</dst>
            <dst id="ATLAng">21090.224</dst>
            <dst id="CHINng">9386.93333333333</dst>
            <dst id="DNVRng">14438.464</dst>
            <dst id="HSTNng">136575.178666667</dst>
            <dst id="IPLSng">523.416</dst>
            <dst id="KSCYng">328.296</dst>
            <dst id="LOSAng">16981.36</dst>
            <dst id="NYCMng">92055.856</dst>
            <dst id="SNVAng">9161.648</dst>
            <dst id="STTLng">16048.336</dst>
            <dst id="WASHng">60464.512</dst>
        </src>
        <src id="NYCMng">
            <dst id="ATLA-M5">0</dst>
            <dst id="ATLAng">47035.736</dst>
            <dst id="CHINng">2052.904</dst>
            <dst id="DNVRng">0</dst>
            <dst id="HSTNng">18760.5893333333</dst>
            <dst id="IPLSng">133.333333333333</dst>
            <dst id="KSCYng">123.818666666667</dst>
            <dst id="LOSAng">882.122666666667</dst>
            <dst id="NYCMng">447765.306666667</dst>
            <dst id="SNVAng">53.3333333333333</dst>
            <dst id="STTLng">450.613333333333</dst>
            <dst id="WASHng">123425.653333333</dst>
        </src>
        <src id="SNVAng">
            <dst id="ATLA-M5">0</dst>
            <dst id="ATLAng">851.024</dst>
            <dst id="CHINng">53.3333333333333</dst>
            <dst id="DNVRng">7362.96533333333</dst>
            <dst id="HSTNng">3357.57066666667</dst>
            <dst id="IPLSng">0</dst>
            <dst id="KSCYng">351.810666666667</dst>
            <dst id="LOSAng">33972.04</dst>
            <dst id="NYCMng">9080.032</dst>
            <dst id="SNVAng">12177.968</dst>
            <dst id="STTLng">55865.192</dst>
            <dst id="WASHng">860.250666666667</dst>
        </src>
        <src id="STTLng">
            <dst id="ATLA-M5">0</dst>
            <dst id="ATLAng">8654.488</dst>
            <dst id="CHINng">1045.83466666667</dst>
            <dst id="DNVRng">5152.79733333333</dst>
            <dst id="HSTNng">21857.1466666667</dst>
            <dst id="IPLSng">198.789333333333</dst>
            <dst id="KSCYng">4007.08266666667</dst>
            <dst id="LOSAng">15070.8186666667</dst>
            <dst id="NYCMng">43779.2506666667</dst>
            <dst id="SNVAng">4452.248</dst>
            <dst id="STTLng">3625.35733333333</dst>
            <dst id="WASHng">29490.2426666667</dst>
        </src>
        <src id="WASHng">
            <dst id="ATLA-M5">0</dst>
            <dst id="ATLAng">99861.9706666667</dst>
            <dst id="CHINng">534.32</dst>
            <dst id="DNVRng">0</dst>
            <dst id="HSTNng">77078.376</dst>
            <dst id="IPLSng">209.557333333333</dst>
            <dst id="KSCYng">235.28</dst>
            <dst id="LOSAng">26.6666666666667</dst>
            <dst id="NYCMng">471489.893333333</dst>
            <dst id="SNVAng">37.7013333333333</dst>
            <dst id="STTLng">920.074666666667</dst>
            <dst id="WASHng">263904.12</dst>
        </src>
    </IntraTM>
</TrafficMatrixFile>
