<?xml version="1.0" encoding="ISO-8859-1" standalone="yes"?>
<TrafficMatrixFile xsi:noNamespaceSchemaLocation="http://totem.run.montefiore.ulg.ac.be/Schema/TrafficMatrix-v1_2.xsd" xmlns:xsi="http://www.w3.org/2001/XMLSchema-instance">
    <IntraTM ASID="11537">
        <src id="ATLA-M5">
            <dst id="ATLA-M5">26.6666666666667</dst>
            <dst id="ATLAng">257.056</dst>
            <dst id="CHINng">2742.32533333333</dst>
            <dst id="DNVRng">0</dst>
            <dst id="HSTNng">2237.06666666667</dst>
            <dst id="IPLSng">452.149333333334</dst>
            <dst id="KSCYng">402.488</dst>
            <dst id="LOSAng">0</dst>
            <dst id="NYCMng">407.768</dst>
            <dst id="SNVAng">0</dst>
            <dst id="STTLng">0</dst>
            <dst id="WASHng">3457.53066666667</dst>
        </src>
        <src id="ATLAng">
            <dst id="ATLA-M5">0</dst>
            <dst id="ATLAng">45748.0293333333</dst>
            <dst id="CHINng">24726.0293333333</dst>
            <dst id="DNVRng">31.9466666666667</dst>
            <dst id="HSTNng">70737.488</dst>
            <dst id="IPLSng">35504.808</dst>
            <dst id="KSCYng">17071.3973333333</dst>
            <dst id="LOSAng">105.901333333333</dst>
            <dst id="NYCMng">25619.6186666667</dst>
            <dst id="SNVAng">0</dst>
            <dst id="STTLng">232.712</dst>
            <dst id="WASHng">46706.056</dst>
        </src>
        <src id="CHINng">
            <dst id="ATLA-M5">0</dst>
            <dst id="ATLAng">34686.2986666667</dst>
            <dst id="CHINng">103333.282666667</dst>
            <dst id="DNVRng">24620.7866666667</dst>
            <dst id="HSTNng">139790.181333333</dst>
            <dst id="IPLSng">79268.104</dst>
            <dst id="KSCYng">15038.6373333333</dst>
            <dst id="LOSAng">197.786666666667</dst>
            <dst id="NYCMng">37712.032</dst>
            <dst id="SNVAng">26.6666666666667</dst>
            <dst id="STTLng">1643.50933333333</dst>
            <dst id="WASHng">40333.848</dst>
        </src>
        <src id="DNVRng">
            <dst id="ATLA-M5">0</dst>
            <dst id="ATLAng">10422.2373333333</dst>
            <dst id="CHINng">54820.16</dst>
            <dst id="DNVRng">17815.6373333333</dst>
            <dst id="HSTNng">61339.7466666667</dst>
            <dst id="IPLSng">29409.7813333333</dst>
            <dst id="KSCYng">18575.6426666667</dst>
            <dst id="LOSAng">0</dst>
            <dst id="NYCMng">20884.1013333333</dst>
            <dst id="SNVAng">14426.5733333333</dst>
            <dst id="STTLng">791.928</dst>
            <dst id="WASHng">39437.4746666667</dst>
        </src>
        <src id="HSTNng">
            <dst id="ATLA-M5">0</dst>
            <dst id="ATLAng">52986.024</dst>
            <dst id="CHINng">2086.68533333333</dst>
            <dst id="DNVRng">53.3333333333333</dst>
            <dst id="HSTNng">245383.133333333</dst>
            <dst id="IPLSng">26.6666666666667</dst>
            <dst id="KSCYng">159.850666666667</dst>
            <dst id="LOSAng">26.6666666666667</dst>
            <dst id="NYCMng">6609.88266666667</dst>
            <dst id="SNVAng">0</dst>
            <dst id="STTLng">129.029333333333</dst>
            <dst id="WASHng">120478.733333333</dst>
        </src>
        <src id="IPLSng">
            <dst id="ATLA-M5">0</dst>
            <dst id="ATLAng">35848.344</dst>
            <dst id="CHINng">120550.805333333</dst>
            <dst id="DNVRng">10834.1306666667</dst>
            <dst id="HSTNng">58790.9626666667</dst>
            <dst id="IPLSng">47611.5386666667</dst>
            <dst id="KSCYng">22808.016</dst>
            <dst id="LOSAng">0</dst>
            <dst id="NYCMng">55520.1893333333</dst>
            <dst id="SNVAng">42.1093333333333</dst>
            <dst id="STTLng">502.784</dst>
            <dst id="WASHng">42547.1626666667</dst>
        </src>
        <src id="KSCYng">
            <dst id="ATLA-M5">0</dst>
            <dst id="ATLAng">8128.51466666667</dst>
            <dst id="CHINng">28910.552</dst>
            <dst id="DNVRng">7069.85333333333</dst>
            <dst id="HSTNng">24547.8533333333</dst>
            <dst id="IPLSng">12685.5466666667</dst>
            <dst id="KSCYng">6441.94133333333</dst>
            <dst id="LOSAng">26.6666666666667</dst>
            <dst id="NYCMng">13878.5146666667</dst>
            <dst id="SNVAng">26.6666666666667</dst>
            <dst id="STTLng">301.552</dst>
            <dst id="WASHng">15344.7333333333</dst>
        </src>
        <src id="LOSAng">
            <dst id="ATLA-M5">0</dst>
            <dst id="ATLAng">45566.4213333333</dst>
            <dst id="CHINng">7403.89066666667</dst>
            <dst id="DNVRng">18050.3306666667</dst>
            <dst id="HSTNng">189197.194666667</dst>
            <dst id="IPLSng">252.970666666667</dst>
            <dst id="KSCYng">223.552</dst>
            <dst id="LOSAng">49840.3146666667</dst>
            <dst id="NYCMng">68897.1733333333</dst>
            <dst id="SNVAng">18429.2106666667</dst>
            <dst id="STTLng">29631.5093333333</dst>
            <dst id="WASHng">108736.416</dst>
        </src>
        <src id="NYCMng">
            <dst id="ATLA-M5">0</dst>
            <dst id="ATLAng">39214.0826666667</dst>
            <dst id="CHINng">81821.392</dst>
            <dst id="DNVRng">39439.064</dst>
            <dst id="HSTNng">148401.229333333</dst>
            <dst id="IPLSng">63414.936</dst>
            <dst id="KSCYng">27983.2133333333</dst>
            <dst id="LOSAng">529.997333333333</dst>
            <dst id="NYCMng">238396.904</dst>
            <dst id="SNVAng">26.6666666666667</dst>
            <dst id="STTLng">3702.712</dst>
            <dst id="WASHng">130310.885333333</dst>
        </src>
        <src id="SNVAng">
            <dst id="ATLA-M5">0</dst>
            <dst id="ATLAng">2179.10933333333</dst>
            <dst id="CHINng">653.258666666667</dst>
            <dst id="DNVRng">12060.5173333333</dst>
            <dst id="HSTNng">12175.968</dst>
            <dst id="IPLSng">0</dst>
            <dst id="KSCYng">563.725333333333</dst>
            <dst id="LOSAng">36239.0933333333</dst>
            <dst id="NYCMng">6183.73866666667</dst>
            <dst id="SNVAng">15647.624</dst>
            <dst id="STTLng">53590.4373333333</dst>
            <dst id="WASHng">1517.09333333333</dst>
        </src>
        <src id="STTLng">
            <dst id="ATLA-M5">0</dst>
            <dst id="ATLAng">11541.9946666667</dst>
            <dst id="CHINng">21968.5306666667</dst>
            <dst id="DNVRng">7682.67733333333</dst>
            <dst id="HSTNng">39841.1333333333</dst>
            <dst id="IPLSng">366.968</dst>
            <dst id="KSCYng">5069.32266666667</dst>
            <dst id="LOSAng">34037.608</dst>
            <dst id="NYCMng">18204.616</dst>
            <dst id="SNVAng">8707.18133333333</dst>
            <dst id="STTLng">7226.57866666667</dst>
            <dst id="WASHng">37188.1573333333</dst>
        </src>
        <src id="WASHng">
            <dst id="ATLA-M5">0</dst>
            <dst id="ATLAng">114294.149333333</dst>
            <dst id="CHINng">91744.8826666667</dst>
            <dst id="DNVRng">3822.10133333333</dst>
            <dst id="HSTNng">305353.493333333</dst>
            <dst id="IPLSng">72638.3386666667</dst>
            <dst id="KSCYng">20063.4053333333</dst>
            <dst id="LOSAng">176.117333333333</dst>
            <dst id="NYCMng">194525.725333333</dst>
            <dst id="SNVAng">315.290666666667</dst>
            <dst id="STTLng">4259.568</dst>
            <dst id="WASHng">305387.733333333</dst>
        </src>
    </IntraTM>
</TrafficMatrixFile>
