<?xml version="1.0" encoding="ISO-8859-1" standalone="yes"?>
<TrafficMatrixFile xsi:noNamespaceSchemaLocation="http://totem.run.montefiore.ulg.ac.be/Schema/TrafficMatrix-v1_2.xsd" xmlns:xsi="http://www.w3.org/2001/XMLSchema-instance">
    <IntraTM ASID="11537">
        <src id="ATLA-M5">
            <dst id="ATLA-M5">53.3333333333333</dst>
            <dst id="ATLAng">646.157333333333</dst>
            <dst id="CHINng">1135.28266666667</dst>
            <dst id="DNVRng">0</dst>
            <dst id="HSTNng">1802.88266666667</dst>
            <dst id="IPLSng">826.733333333333</dst>
            <dst id="KSCYng">156.418666666667</dst>
            <dst id="LOSAng">0</dst>
            <dst id="NYCMng">489.717333333333</dst>
            <dst id="SNVAng">0</dst>
            <dst id="STTLng">26.6666666666667</dst>
            <dst id="WASHng">893.976</dst>
        </src>
        <src id="ATLAng">
            <dst id="ATLA-M5">0</dst>
            <dst id="ATLAng">42369.2266666667</dst>
            <dst id="CHINng">27587.4426666667</dst>
            <dst id="DNVRng">80</dst>
            <dst id="HSTNng">48193.9706666667</dst>
            <dst id="IPLSng">43825.8346666667</dst>
            <dst id="KSCYng">8081.75733333333</dst>
            <dst id="LOSAng">0</dst>
            <dst id="NYCMng">21463.448</dst>
            <dst id="SNVAng">53.3333333333333</dst>
            <dst id="STTLng">75.872</dst>
            <dst id="WASHng">70446.2293333333</dst>
        </src>
        <src id="CHINng">
            <dst id="ATLA-M5">0</dst>
            <dst id="ATLAng">31749.8213333333</dst>
            <dst id="CHINng">107275.490666667</dst>
            <dst id="DNVRng">23766.296</dst>
            <dst id="HSTNng">132942.885333333</dst>
            <dst id="IPLSng">77489.2426666667</dst>
            <dst id="KSCYng">23537.5226666667</dst>
            <dst id="LOSAng">268.021333333333</dst>
            <dst id="NYCMng">49294.2533333333</dst>
            <dst id="SNVAng">26.6666666666667</dst>
            <dst id="STTLng">2503.65066666667</dst>
            <dst id="WASHng">51936.3146666667</dst>
        </src>
        <src id="DNVRng">
            <dst id="ATLA-M5">0</dst>
            <dst id="ATLAng">12010.208</dst>
            <dst id="CHINng">54496.7866666667</dst>
            <dst id="DNVRng">18415.176</dst>
            <dst id="HSTNng">51370.1813333333</dst>
            <dst id="IPLSng">28396.9573333333</dst>
            <dst id="KSCYng">16983.1653333333</dst>
            <dst id="LOSAng">53.3333333333333</dst>
            <dst id="NYCMng">19130.7253333333</dst>
            <dst id="SNVAng">15145.2693333333</dst>
            <dst id="STTLng">53.3333333333333</dst>
            <dst id="WASHng">52164.4026666667</dst>
        </src>
        <src id="HSTNng">
            <dst id="ATLA-M5">0</dst>
            <dst id="ATLAng">32197.3413333333</dst>
            <dst id="CHINng">2501.90933333333</dst>
            <dst id="DNVRng">26.6666666666667</dst>
            <dst id="HSTNng">306188.026666667</dst>
            <dst id="IPLSng">106.666666666667</dst>
            <dst id="KSCYng">0</dst>
            <dst id="LOSAng">26.6666666666667</dst>
            <dst id="NYCMng">9249.712</dst>
            <dst id="SNVAng">26.6666666666667</dst>
            <dst id="STTLng">133.333333333333</dst>
            <dst id="WASHng">124173.392</dst>
        </src>
        <src id="IPLSng">
            <dst id="ATLA-M5">0</dst>
            <dst id="ATLAng">27061.792</dst>
            <dst id="CHINng">128916.533333333</dst>
            <dst id="DNVRng">9984.59466666667</dst>
            <dst id="HSTNng">126811.736</dst>
            <dst id="IPLSng">34325.872</dst>
            <dst id="KSCYng">20701.2053333333</dst>
            <dst id="LOSAng">0</dst>
            <dst id="NYCMng">86770.4053333333</dst>
            <dst id="SNVAng">62.2666666666667</dst>
            <dst id="STTLng">830.736</dst>
            <dst id="WASHng">35951.392</dst>
        </src>
        <src id="KSCYng">
            <dst id="ATLA-M5">0</dst>
            <dst id="ATLAng">7051.23466666667</dst>
            <dst id="CHINng">27686.864</dst>
            <dst id="DNVRng">8753.16533333333</dst>
            <dst id="HSTNng">17723.0026666667</dst>
            <dst id="IPLSng">17469.2986666667</dst>
            <dst id="KSCYng">8109.12</dst>
            <dst id="LOSAng">0</dst>
            <dst id="NYCMng">11713.6986666667</dst>
            <dst id="SNVAng">123.424</dst>
            <dst id="STTLng">202.944</dst>
            <dst id="WASHng">17214.4213333333</dst>
        </src>
        <src id="LOSAng">
            <dst id="ATLA-M5">0</dst>
            <dst id="ATLAng">25815.008</dst>
            <dst id="CHINng">9719.09333333333</dst>
            <dst id="DNVRng">27483.2453333333</dst>
            <dst id="HSTNng">197850.56</dst>
            <dst id="IPLSng">189.632</dst>
            <dst id="KSCYng">144.114666666667</dst>
            <dst id="LOSAng">18838.9013333333</dst>
            <dst id="NYCMng">78359.5146666667</dst>
            <dst id="SNVAng">21377.7973333333</dst>
            <dst id="STTLng">43571.0666666667</dst>
            <dst id="WASHng">107250.485333333</dst>
        </src>
        <src id="NYCMng">
            <dst id="ATLA-M5">0</dst>
            <dst id="ATLAng">51215.9093333333</dst>
            <dst id="CHINng">97684.296</dst>
            <dst id="DNVRng">36023.8986666667</dst>
            <dst id="HSTNng">151777.024</dst>
            <dst id="IPLSng">79765.328</dst>
            <dst id="KSCYng">26304.4</dst>
            <dst id="LOSAng">164.672</dst>
            <dst id="NYCMng">254937.162666667</dst>
            <dst id="SNVAng">53.3333333333333</dst>
            <dst id="STTLng">6377.80266666667</dst>
            <dst id="WASHng">147909.461333333</dst>
        </src>
        <src id="SNVAng">
            <dst id="ATLA-M5">0</dst>
            <dst id="ATLAng">788.552</dst>
            <dst id="CHINng">603.712</dst>
            <dst id="DNVRng">16962.3013333333</dst>
            <dst id="HSTNng">8906.296</dst>
            <dst id="IPLSng">0</dst>
            <dst id="KSCYng">423.728</dst>
            <dst id="LOSAng">41267.9253333333</dst>
            <dst id="NYCMng">7748.11466666667</dst>
            <dst id="SNVAng">16471.144</dst>
            <dst id="STTLng">54126.112</dst>
            <dst id="WASHng">1240.69066666667</dst>
        </src>
        <src id="STTLng">
            <dst id="ATLA-M5">0</dst>
            <dst id="ATLAng">12894.144</dst>
            <dst id="CHINng">22948.1493333333</dst>
            <dst id="DNVRng">7062.52266666667</dst>
            <dst id="HSTNng">48531.1093333333</dst>
            <dst id="IPLSng">277.44</dst>
            <dst id="KSCYng">3932.688</dst>
            <dst id="LOSAng">26742.6453333333</dst>
            <dst id="NYCMng">17452.0773333333</dst>
            <dst id="SNVAng">6641.36</dst>
            <dst id="STTLng">6012.45333333333</dst>
            <dst id="WASHng">31228.616</dst>
        </src>
        <src id="WASHng">
            <dst id="ATLA-M5">0</dst>
            <dst id="ATLAng">109766.634666667</dst>
            <dst id="CHINng">102273.669333333</dst>
            <dst id="DNVRng">2294.28266666667</dst>
            <dst id="HSTNng">308630.506666667</dst>
            <dst id="IPLSng">77165.5866666667</dst>
            <dst id="KSCYng">24296.4186666667</dst>
            <dst id="LOSAng">256.8</dst>
            <dst id="NYCMng">218583.650666667</dst>
            <dst id="SNVAng">368.677333333333</dst>
            <dst id="STTLng">5364.21333333333</dst>
            <dst id="WASHng">288529.813333333</dst>
        </src>
    </IntraTM>
</TrafficMatrixFile>
