<?xml version="1.0" encoding="ISO-8859-1" standalone="yes"?>
<TrafficMatrixFile xsi:noNamespaceSchemaLocation="http://totem.run.montefiore.ulg.ac.be/Schema/TrafficMatrix-v1_2.xsd" xmlns:xsi="http://www.w3.org/2001/XMLSchema-instance">
    <IntraTM ASID="11537">
        <src id="ATLA-M5">
            <dst id="ATLA-M5">1340.43733333333</dst>
            <dst id="ATLAng">880.181333333333</dst>
            <dst id="CHINng">1119.24266666667</dst>
            <dst id="DNVRng">0</dst>
            <dst id="HSTNng">163.256</dst>
            <dst id="IPLSng">116.632</dst>
            <dst id="KSCYng">0</dst>
            <dst id="LOSAng">0</dst>
            <dst id="NYCMng">1238.648</dst>
            <dst id="SNVAng">0</dst>
            <dst id="STTLng">0</dst>
            <dst id="WASHng">3445.992</dst>
        </src>
        <src id="ATLAng">
            <dst id="ATLA-M5">0</dst>
            <dst id="ATLAng">54130.096</dst>
            <dst id="CHINng">23021.648</dst>
            <dst id="DNVRng">0</dst>
            <dst id="HSTNng">13643.5946666667</dst>
            <dst id="IPLSng">32272.9066666667</dst>
            <dst id="KSCYng">53.3333333333333</dst>
            <dst id="LOSAng">0</dst>
            <dst id="NYCMng">34659.5546666667</dst>
            <dst id="SNVAng">86.2853333333333</dst>
            <dst id="STTLng">0</dst>
            <dst id="WASHng">46318.7386666667</dst>
        </src>
        <src id="CHINng">
            <dst id="ATLA-M5">0</dst>
            <dst id="ATLAng">31620.848</dst>
            <dst id="CHINng">38468.4853333333</dst>
            <dst id="DNVRng">0</dst>
            <dst id="HSTNng">13601.312</dst>
            <dst id="IPLSng">38800.7786666667</dst>
            <dst id="KSCYng">106.666666666667</dst>
            <dst id="LOSAng">26.6666666666667</dst>
            <dst id="NYCMng">162905.618666667</dst>
            <dst id="SNVAng">53.3333333333333</dst>
            <dst id="STTLng">1614.66666666667</dst>
            <dst id="WASHng">29816.2533333333</dst>
        </src>
        <src id="DNVRng">
            <dst id="ATLA-M5">0</dst>
            <dst id="ATLAng">5732.88</dst>
            <dst id="CHINng">23919.6506666667</dst>
            <dst id="DNVRng">13908.1253333333</dst>
            <dst id="HSTNng">46001.8213333333</dst>
            <dst id="IPLSng">23941.3866666667</dst>
            <dst id="KSCYng">19444.136</dst>
            <dst id="LOSAng">0</dst>
            <dst id="NYCMng">34528.0986666667</dst>
            <dst id="SNVAng">11739.424</dst>
            <dst id="STTLng">2243.18933333333</dst>
            <dst id="WASHng">45798.144</dst>
        </src>
        <src id="HSTNng">
            <dst id="ATLA-M5">0</dst>
            <dst id="ATLAng">30168.5466666667</dst>
            <dst id="CHINng">1192.61866666667</dst>
            <dst id="DNVRng">53.3333333333333</dst>
            <dst id="HSTNng">101072.848</dst>
            <dst id="IPLSng">106.666666666667</dst>
            <dst id="KSCYng">0</dst>
            <dst id="LOSAng">36</dst>
            <dst id="NYCMng">5783.848</dst>
            <dst id="SNVAng">116.661333333333</dst>
            <dst id="STTLng">0</dst>
            <dst id="WASHng">83275.872</dst>
        </src>
        <src id="IPLSng">
            <dst id="ATLA-M5">0</dst>
            <dst id="ATLAng">23958.8293333333</dst>
            <dst id="CHINng">69373.8453333333</dst>
            <dst id="DNVRng">0</dst>
            <dst id="HSTNng">13742.2026666667</dst>
            <dst id="IPLSng">45520.5626666667</dst>
            <dst id="KSCYng">20832.512</dst>
            <dst id="LOSAng">0</dst>
            <dst id="NYCMng">166200.408</dst>
            <dst id="SNVAng">250.485333333333</dst>
            <dst id="STTLng">61.3866666666667</dst>
            <dst id="WASHng">46968.7306666667</dst>
        </src>
        <src id="KSCYng">
            <dst id="ATLA-M5">0</dst>
            <dst id="ATLAng">7913.64533333333</dst>
            <dst id="CHINng">14859.7893333333</dst>
            <dst id="DNVRng">7752.44</dst>
            <dst id="HSTNng">12163.7253333333</dst>
            <dst id="IPLSng">27700.0586666667</dst>
            <dst id="KSCYng">8583.09066666667</dst>
            <dst id="LOSAng">0</dst>
            <dst id="NYCMng">17292.4693333333</dst>
            <dst id="SNVAng">250.237333333333</dst>
            <dst id="STTLng">0</dst>
            <dst id="WASHng">8789.46666666667</dst>
        </src>
        <src id="LOSAng">
            <dst id="ATLA-M5">0</dst>
            <dst id="ATLAng">26991.608</dst>
            <dst id="CHINng">2432.81066666667</dst>
            <dst id="DNVRng">10137.0453333333</dst>
            <dst id="HSTNng">92496.36</dst>
            <dst id="IPLSng">870.757333333333</dst>
            <dst id="KSCYng">290.829333333333</dst>
            <dst id="LOSAng">14808.704</dst>
            <dst id="NYCMng">79941.0613333333</dst>
            <dst id="SNVAng">7767.712</dst>
            <dst id="STTLng">16637.1306666667</dst>
            <dst id="WASHng">66540.648</dst>
        </src>
        <src id="NYCMng">
            <dst id="ATLA-M5">0</dst>
            <dst id="ATLAng">29691.512</dst>
            <dst id="CHINng">1693.43733333333</dst>
            <dst id="DNVRng">0</dst>
            <dst id="HSTNng">22093.6</dst>
            <dst id="IPLSng">26.6666666666667</dst>
            <dst id="KSCYng">167.488</dst>
            <dst id="LOSAng">90.4</dst>
            <dst id="NYCMng">435393.04</dst>
            <dst id="SNVAng">85.7173333333333</dst>
            <dst id="STTLng">708.586666666667</dst>
            <dst id="WASHng">95754.136</dst>
        </src>
        <src id="SNVAng">
            <dst id="ATLA-M5">0</dst>
            <dst id="ATLAng">752.530666666667</dst>
            <dst id="CHINng">26.6666666666667</dst>
            <dst id="DNVRng">20138.5466666667</dst>
            <dst id="HSTNng">11709.2453333333</dst>
            <dst id="IPLSng">400.949333333333</dst>
            <dst id="KSCYng">401.021333333333</dst>
            <dst id="LOSAng">34235.296</dst>
            <dst id="NYCMng">29697.2693333333</dst>
            <dst id="SNVAng">12441.44</dst>
            <dst id="STTLng">44538.4186666667</dst>
            <dst id="WASHng">587.704</dst>
        </src>
        <src id="STTLng">
            <dst id="ATLA-M5">0</dst>
            <dst id="ATLAng">8293.76</dst>
            <dst id="CHINng">1406.848</dst>
            <dst id="DNVRng">5573.144</dst>
            <dst id="HSTNng">18726.1253333333</dst>
            <dst id="IPLSng">174.405333333333</dst>
            <dst id="KSCYng">4084.01333333333</dst>
            <dst id="LOSAng">14116.6373333333</dst>
            <dst id="NYCMng">47609.512</dst>
            <dst id="SNVAng">6040.784</dst>
            <dst id="STTLng">5475.59466666667</dst>
            <dst id="WASHng">31398.192</dst>
        </src>
        <src id="WASHng">
            <dst id="ATLA-M5">0</dst>
            <dst id="ATLAng">99938.7813333333</dst>
            <dst id="CHINng">1213.15733333333</dst>
            <dst id="DNVRng">0</dst>
            <dst id="HSTNng">92047.3546666667</dst>
            <dst id="IPLSng">258.298666666667</dst>
            <dst id="KSCYng">230.192</dst>
            <dst id="LOSAng">0</dst>
            <dst id="NYCMng">528940.586666667</dst>
            <dst id="SNVAng">212.104</dst>
            <dst id="STTLng">622.285333333333</dst>
            <dst id="WASHng">299530.693333333</dst>
        </src>
    </IntraTM>
</TrafficMatrixFile>
