<?xml version="1.0" encoding="ISO-8859-1" standalone="yes"?>
<TrafficMatrixFile xsi:noNamespaceSchemaLocation="http://totem.run.montefiore.ulg.ac.be/Schema/TrafficMatrix-v1_2.xsd" xmlns:xsi="http://www.w3.org/2001/XMLSchema-instance">
    <IntraTM ASID="11537">
        <src id="ATLA-M5">
            <dst id="ATLA-M5">3843.44533333333</dst>
            <dst id="ATLAng">392.970666666667</dst>
            <dst id="CHINng">2155.92</dst>
            <dst id="DNVRng">0</dst>
            <dst id="HSTNng">519.565333333333</dst>
            <dst id="IPLSng">448.792</dst>
            <dst id="KSCYng">148.602666666667</dst>
            <dst id="LOSAng">0</dst>
            <dst id="NYCMng">222.896</dst>
            <dst id="SNVAng">0</dst>
            <dst id="STTLng">26.6666666666667</dst>
            <dst id="WASHng">2614.672</dst>
        </src>
        <src id="ATLAng">
            <dst id="ATLA-M5">0</dst>
            <dst id="ATLAng">39491.184</dst>
            <dst id="CHINng">29795.5706666667</dst>
            <dst id="DNVRng">131.253333333333</dst>
            <dst id="HSTNng">56692.4293333333</dst>
            <dst id="IPLSng">40153.7306666667</dst>
            <dst id="KSCYng">4517.17866666667</dst>
            <dst id="LOSAng">28.496</dst>
            <dst id="NYCMng">16649.8746666667</dst>
            <dst id="SNVAng">1242.67466666667</dst>
            <dst id="STTLng">213.333333333333</dst>
            <dst id="WASHng">91028.6213333334</dst>
        </src>
        <src id="CHINng">
            <dst id="ATLA-M5">0</dst>
            <dst id="ATLAng">61351.824</dst>
            <dst id="CHINng">125158.448</dst>
            <dst id="DNVRng">21380.4293333333</dst>
            <dst id="HSTNng">77414.2106666667</dst>
            <dst id="IPLSng">77195.2293333334</dst>
            <dst id="KSCYng">23724.6826666667</dst>
            <dst id="LOSAng">133.333333333333</dst>
            <dst id="NYCMng">26475.7573333333</dst>
            <dst id="SNVAng">230.456</dst>
            <dst id="STTLng">811.666666666667</dst>
            <dst id="WASHng">55357.7253333333</dst>
        </src>
        <src id="DNVRng">
            <dst id="ATLA-M5">0</dst>
            <dst id="ATLAng">14318.2293333333</dst>
            <dst id="CHINng">66647.0986666667</dst>
            <dst id="DNVRng">13168.544</dst>
            <dst id="HSTNng">52627.6106666667</dst>
            <dst id="IPLSng">35221.4453333333</dst>
            <dst id="KSCYng">21141.0613333333</dst>
            <dst id="LOSAng">26.6666666666667</dst>
            <dst id="NYCMng">21803.4826666667</dst>
            <dst id="SNVAng">16279.1946666667</dst>
            <dst id="STTLng">205.28</dst>
            <dst id="WASHng">51093.0586666667</dst>
        </src>
        <src id="HSTNng">
            <dst id="ATLA-M5">0</dst>
            <dst id="ATLAng">32726.984</dst>
            <dst id="CHINng">3294.472</dst>
            <dst id="DNVRng">106.666666666667</dst>
            <dst id="HSTNng">200288.984</dst>
            <dst id="IPLSng">106.666666666667</dst>
            <dst id="KSCYng">133.333333333333</dst>
            <dst id="LOSAng">206.746666666667</dst>
            <dst id="NYCMng">6590.75466666667</dst>
            <dst id="SNVAng">94.7733333333333</dst>
            <dst id="STTLng">162.096</dst>
            <dst id="WASHng">110156.616</dst>
        </src>
        <src id="IPLSng">
            <dst id="ATLA-M5">0</dst>
            <dst id="ATLAng">18596.6453333333</dst>
            <dst id="CHINng">185125.773333333</dst>
            <dst id="DNVRng">14235.9706666667</dst>
            <dst id="HSTNng">111394.442666667</dst>
            <dst id="IPLSng">62337.5146666667</dst>
            <dst id="KSCYng">45216.008</dst>
            <dst id="LOSAng">80</dst>
            <dst id="NYCMng">44947.0346666667</dst>
            <dst id="SNVAng">1736.44533333333</dst>
            <dst id="STTLng">1520.81066666667</dst>
            <dst id="WASHng">41711.12</dst>
        </src>
        <src id="KSCYng">
            <dst id="ATLA-M5">0</dst>
            <dst id="ATLAng">7164.96266666667</dst>
            <dst id="CHINng">39404.8746666667</dst>
            <dst id="DNVRng">19950.7306666667</dst>
            <dst id="HSTNng">15113.9733333333</dst>
            <dst id="IPLSng">18118.1813333333</dst>
            <dst id="KSCYng">10965.88</dst>
            <dst id="LOSAng">0</dst>
            <dst id="NYCMng">8580.536</dst>
            <dst id="SNVAng">183.514666666667</dst>
            <dst id="STTLng">141.570666666667</dst>
            <dst id="WASHng">12792.0666666667</dst>
        </src>
        <src id="LOSAng">
            <dst id="ATLA-M5">0</dst>
            <dst id="ATLAng">25869.752</dst>
            <dst id="CHINng">13570.0053333333</dst>
            <dst id="DNVRng">14615.6133333333</dst>
            <dst id="HSTNng">201160.205333333</dst>
            <dst id="IPLSng">2833.49866666667</dst>
            <dst id="KSCYng">580.776</dst>
            <dst id="LOSAng">12420.3626666667</dst>
            <dst id="NYCMng">57939.4426666667</dst>
            <dst id="SNVAng">13742.8293333333</dst>
            <dst id="STTLng">22913.32</dst>
            <dst id="WASHng">97664.8666666667</dst>
        </src>
        <src id="NYCMng">
            <dst id="ATLA-M5">0</dst>
            <dst id="ATLAng">59402.7386666666</dst>
            <dst id="CHINng">83720.2213333333</dst>
            <dst id="DNVRng">31567.08</dst>
            <dst id="HSTNng">92340.2213333333</dst>
            <dst id="IPLSng">76446.928</dst>
            <dst id="KSCYng">29791.096</dst>
            <dst id="LOSAng">169.088</dst>
            <dst id="NYCMng">248958.253333333</dst>
            <dst id="SNVAng">279.026666666667</dst>
            <dst id="STTLng">2107.49066666667</dst>
            <dst id="WASHng">130499.085333333</dst>
        </src>
        <src id="SNVAng">
            <dst id="ATLA-M5">0</dst>
            <dst id="ATLAng">1766.39733333333</dst>
            <dst id="CHINng">378.370666666667</dst>
            <dst id="DNVRng">11139.472</dst>
            <dst id="HSTNng">10743.2533333333</dst>
            <dst id="IPLSng">78.56</dst>
            <dst id="KSCYng">1518.89333333333</dst>
            <dst id="LOSAng">35492.5093333333</dst>
            <dst id="NYCMng">5737.48</dst>
            <dst id="SNVAng">16981.7493333333</dst>
            <dst id="STTLng">53212.8533333333</dst>
            <dst id="WASHng">2776.52533333333</dst>
        </src>
        <src id="STTLng">
            <dst id="ATLA-M5">0</dst>
            <dst id="ATLAng">15378.416</dst>
            <dst id="CHINng">24583.9973333333</dst>
            <dst id="DNVRng">6131.26666666667</dst>
            <dst id="HSTNng">62695.776</dst>
            <dst id="IPLSng">851.909333333333</dst>
            <dst id="KSCYng">9749.46933333333</dst>
            <dst id="LOSAng">39992.6933333333</dst>
            <dst id="NYCMng">12553.7626666667</dst>
            <dst id="SNVAng">7804.904</dst>
            <dst id="STTLng">3419.87733333333</dst>
            <dst id="WASHng">40349.016</dst>
        </src>
        <src id="WASHng">
            <dst id="ATLA-M5">0</dst>
            <dst id="ATLAng">152294.472</dst>
            <dst id="CHINng">99719.376</dst>
            <dst id="DNVRng">2357.632</dst>
            <dst id="HSTNng">283085.76</dst>
            <dst id="IPLSng">104048.994666667</dst>
            <dst id="KSCYng">20199</dst>
            <dst id="LOSAng">93.3866666666666</dst>
            <dst id="NYCMng">176583.36</dst>
            <dst id="SNVAng">778.322666666667</dst>
            <dst id="STTLng">3709.31733333333</dst>
            <dst id="WASHng">434628.853333333</dst>
        </src>
    </IntraTM>
</TrafficMatrixFile>
