<?xml version="1.0" encoding="ISO-8859-1" standalone="yes"?>
<TrafficMatrixFile xsi:noNamespaceSchemaLocation="http://totem.run.montefiore.ulg.ac.be/Schema/TrafficMatrix-v1_2.xsd" xmlns:xsi="http://www.w3.org/2001/XMLSchema-instance">
    <IntraTM ASID="11537">
        <src id="ATLA-M5">
            <dst id="ATLA-M5">0</dst>
            <dst id="ATLAng">320.544</dst>
            <dst id="CHINng">2023.752</dst>
            <dst id="DNVRng">0</dst>
            <dst id="HSTNng">1539.512</dst>
            <dst id="IPLSng">2254.21866666667</dst>
            <dst id="KSCYng">376.498666666667</dst>
            <dst id="LOSAng">26.6666666666667</dst>
            <dst id="NYCMng">742.970666666667</dst>
            <dst id="SNVAng">0</dst>
            <dst id="STTLng">0</dst>
            <dst id="WASHng">1308.37066666667</dst>
        </src>
        <src id="ATLAng">
            <dst id="ATLA-M5">0</dst>
            <dst id="ATLAng">33983.44</dst>
            <dst id="CHINng">26594.3653333333</dst>
            <dst id="DNVRng">0</dst>
            <dst id="HSTNng">85106.088</dst>
            <dst id="IPLSng">41136.9333333333</dst>
            <dst id="KSCYng">7722.248</dst>
            <dst id="LOSAng">54.6666666666667</dst>
            <dst id="NYCMng">27632.7493333333</dst>
            <dst id="SNVAng">53.3333333333333</dst>
            <dst id="STTLng">766.709333333333</dst>
            <dst id="WASHng">83277.8933333333</dst>
        </src>
        <src id="CHINng">
            <dst id="ATLA-M5">0</dst>
            <dst id="ATLAng">43764.5173333333</dst>
            <dst id="CHINng">132642.522666667</dst>
            <dst id="DNVRng">28510.832</dst>
            <dst id="HSTNng">123043.533333333</dst>
            <dst id="IPLSng">77685.384</dst>
            <dst id="KSCYng">19913.456</dst>
            <dst id="LOSAng">150.736</dst>
            <dst id="NYCMng">48788.752</dst>
            <dst id="SNVAng">0</dst>
            <dst id="STTLng">1367.18133333333</dst>
            <dst id="WASHng">44012.3093333334</dst>
        </src>
        <src id="DNVRng">
            <dst id="ATLA-M5">0</dst>
            <dst id="ATLAng">20032.12</dst>
            <dst id="CHINng">82744.6186666667</dst>
            <dst id="DNVRng">5844.808</dst>
            <dst id="HSTNng">52072.3573333333</dst>
            <dst id="IPLSng">27612.376</dst>
            <dst id="KSCYng">11209.528</dst>
            <dst id="LOSAng">177.714666666667</dst>
            <dst id="NYCMng">20405.2</dst>
            <dst id="SNVAng">28429.5893333333</dst>
            <dst id="STTLng">494.128</dst>
            <dst id="WASHng">50714.288</dst>
        </src>
        <src id="HSTNng">
            <dst id="ATLA-M5">0</dst>
            <dst id="ATLAng">42733.7333333333</dst>
            <dst id="CHINng">1745.00266666667</dst>
            <dst id="DNVRng">118.296</dst>
            <dst id="HSTNng">170099.576</dst>
            <dst id="IPLSng">53.3333333333333</dst>
            <dst id="KSCYng">26.6666666666667</dst>
            <dst id="LOSAng">0</dst>
            <dst id="NYCMng">8957.35466666667</dst>
            <dst id="SNVAng">26.6666666666667</dst>
            <dst id="STTLng">282.666666666667</dst>
            <dst id="WASHng">124941.277333333</dst>
        </src>
        <src id="IPLSng">
            <dst id="ATLA-M5">0</dst>
            <dst id="ATLAng">33255.2026666667</dst>
            <dst id="CHINng">151209.613333333</dst>
            <dst id="DNVRng">12447.8586666667</dst>
            <dst id="HSTNng">75325.528</dst>
            <dst id="IPLSng">44560.3386666667</dst>
            <dst id="KSCYng">36807.5093333333</dst>
            <dst id="LOSAng">1276</dst>
            <dst id="NYCMng">86586.448</dst>
            <dst id="SNVAng">222.410666666667</dst>
            <dst id="STTLng">813.464</dst>
            <dst id="WASHng">39923.3066666667</dst>
        </src>
        <src id="KSCYng">
            <dst id="ATLA-M5">0</dst>
            <dst id="ATLAng">7513.152</dst>
            <dst id="CHINng">38241.0266666667</dst>
            <dst id="DNVRng">11116.2106666667</dst>
            <dst id="HSTNng">20789.1813333333</dst>
            <dst id="IPLSng">14362.232</dst>
            <dst id="KSCYng">7942.18933333333</dst>
            <dst id="LOSAng">26.6666666666667</dst>
            <dst id="NYCMng">14894.1733333333</dst>
            <dst id="SNVAng">137.752</dst>
            <dst id="STTLng">486.578666666667</dst>
            <dst id="WASHng">18158.5893333333</dst>
        </src>
        <src id="LOSAng">
            <dst id="ATLA-M5">0</dst>
            <dst id="ATLAng">30802.32</dst>
            <dst id="CHINng">11016.312</dst>
            <dst id="DNVRng">28430.2533333333</dst>
            <dst id="HSTNng">175293.874666667</dst>
            <dst id="IPLSng">341.258666666667</dst>
            <dst id="KSCYng">765.810666666667</dst>
            <dst id="LOSAng">15514.896</dst>
            <dst id="NYCMng">63393.6426666667</dst>
            <dst id="SNVAng">16497.0746666667</dst>
            <dst id="STTLng">29348.1706666667</dst>
            <dst id="WASHng">108688.704</dst>
        </src>
        <src id="NYCMng">
            <dst id="ATLA-M5">0</dst>
            <dst id="ATLAng">57875.2106666667</dst>
            <dst id="CHINng">85592.8026666667</dst>
            <dst id="DNVRng">46141.688</dst>
            <dst id="HSTNng">176288.757333333</dst>
            <dst id="IPLSng">95546.0426666667</dst>
            <dst id="KSCYng">20293.952</dst>
            <dst id="LOSAng">189.664</dst>
            <dst id="NYCMng">261033.709333333</dst>
            <dst id="SNVAng">142.333333333333</dst>
            <dst id="STTLng">3432.61333333333</dst>
            <dst id="WASHng">162528.373333333</dst>
        </src>
        <src id="SNVAng">
            <dst id="ATLA-M5">0</dst>
            <dst id="ATLAng">2692.82133333333</dst>
            <dst id="CHINng">1390.50133333333</dst>
            <dst id="DNVRng">10551.5333333333</dst>
            <dst id="HSTNng">16806.832</dst>
            <dst id="IPLSng">0</dst>
            <dst id="KSCYng">1335.21866666667</dst>
            <dst id="LOSAng">43960.848</dst>
            <dst id="NYCMng">10446.1573333333</dst>
            <dst id="SNVAng">16887.7386666667</dst>
            <dst id="STTLng">54307.2373333333</dst>
            <dst id="WASHng">2577.69066666667</dst>
        </src>
        <src id="STTLng">
            <dst id="ATLA-M5">0</dst>
            <dst id="ATLAng">13449.9173333333</dst>
            <dst id="CHINng">23209.9813333333</dst>
            <dst id="DNVRng">21286.0346666667</dst>
            <dst id="HSTNng">52162.3866666667</dst>
            <dst id="IPLSng">310.056</dst>
            <dst id="KSCYng">5234.90666666667</dst>
            <dst id="LOSAng">34465.488</dst>
            <dst id="NYCMng">17016.6933333333</dst>
            <dst id="SNVAng">9990.29066666667</dst>
            <dst id="STTLng">3436.22133333333</dst>
            <dst id="WASHng">34188.208</dst>
        </src>
        <src id="WASHng">
            <dst id="ATLA-M5">0</dst>
            <dst id="ATLAng">85553.8266666667</dst>
            <dst id="CHINng">78459.5493333333</dst>
            <dst id="DNVRng">2312.896</dst>
            <dst id="HSTNng">364784.026666667</dst>
            <dst id="IPLSng">72658.0773333333</dst>
            <dst id="KSCYng">18452.904</dst>
            <dst id="LOSAng">133.333333333333</dst>
            <dst id="NYCMng">202086.586666667</dst>
            <dst id="SNVAng">361.138666666667</dst>
            <dst id="STTLng">4320.952</dst>
            <dst id="WASHng">267686.533333333</dst>
        </src>
    </IntraTM>
</TrafficMatrixFile>
