<?xml version="1.0" encoding="ISO-8859-1" standalone="yes"?>
<TrafficMatrixFile xsi:noNamespaceSchemaLocation="http://totem.run.montefiore.ulg.ac.be/Schema/TrafficMatrix-v1_2.xsd" xmlns:xsi="http://www.w3.org/2001/XMLSchema-instance">
    <IntraTM ASID="11537">
        <src id="ATLA-M5">
            <dst id="ATLA-M5">0</dst>
            <dst id="ATLAng">412.757333333333</dst>
            <dst id="CHINng">1528.79466666667</dst>
            <dst id="DNVRng">0</dst>
            <dst id="HSTNng">1186.39466666667</dst>
            <dst id="IPLSng">1013.816</dst>
            <dst id="KSCYng">305.010666666667</dst>
            <dst id="LOSAng">0</dst>
            <dst id="NYCMng">787.674666666666</dst>
            <dst id="SNVAng">0</dst>
            <dst id="STTLng">26.6666666666667</dst>
            <dst id="WASHng">1223.73866666667</dst>
        </src>
        <src id="ATLAng">
            <dst id="ATLA-M5">0</dst>
            <dst id="ATLAng">45706.136</dst>
            <dst id="CHINng">27411.2906666667</dst>
            <dst id="DNVRng">26.6666666666667</dst>
            <dst id="HSTNng">61999.0266666667</dst>
            <dst id="IPLSng">37324.0186666667</dst>
            <dst id="KSCYng">9739.896</dst>
            <dst id="LOSAng">106.666666666667</dst>
            <dst id="NYCMng">25193.8026666667</dst>
            <dst id="SNVAng">26.6666666666667</dst>
            <dst id="STTLng">335.450666666667</dst>
            <dst id="WASHng">71392.9973333333</dst>
        </src>
        <src id="CHINng">
            <dst id="ATLA-M5">0</dst>
            <dst id="ATLAng">36215.8853333333</dst>
            <dst id="CHINng">124901.293333333</dst>
            <dst id="DNVRng">22108.3226666667</dst>
            <dst id="HSTNng">109326.216</dst>
            <dst id="IPLSng">73900.2</dst>
            <dst id="KSCYng">15107.2506666667</dst>
            <dst id="LOSAng">296.44</dst>
            <dst id="NYCMng">54948.1893333333</dst>
            <dst id="SNVAng">121.261333333333</dst>
            <dst id="STTLng">1357.16</dst>
            <dst id="WASHng">57903.592</dst>
        </src>
        <src id="DNVRng">
            <dst id="ATLA-M5">0</dst>
            <dst id="ATLAng">23130.3973333333</dst>
            <dst id="CHINng">67109.1093333333</dst>
            <dst id="DNVRng">4369.09866666667</dst>
            <dst id="HSTNng">41299.7946666667</dst>
            <dst id="IPLSng">26274.0266666667</dst>
            <dst id="KSCYng">14175.184</dst>
            <dst id="LOSAng">0</dst>
            <dst id="NYCMng">21706.48</dst>
            <dst id="SNVAng">21342.4933333333</dst>
            <dst id="STTLng">420.522666666667</dst>
            <dst id="WASHng">47323.7973333333</dst>
        </src>
        <src id="HSTNng">
            <dst id="ATLA-M5">0</dst>
            <dst id="ATLAng">31643.4773333333</dst>
            <dst id="CHINng">1963.70133333333</dst>
            <dst id="DNVRng">34.1866666666667</dst>
            <dst id="HSTNng">243911.936</dst>
            <dst id="IPLSng">26.6666666666667</dst>
            <dst id="KSCYng">0</dst>
            <dst id="LOSAng">0</dst>
            <dst id="NYCMng">9617.224</dst>
            <dst id="SNVAng">0</dst>
            <dst id="STTLng">443.288</dst>
            <dst id="WASHng">121104.714666667</dst>
        </src>
        <src id="IPLSng">
            <dst id="ATLA-M5">0</dst>
            <dst id="ATLAng">28310.2613333333</dst>
            <dst id="CHINng">171610.469333333</dst>
            <dst id="DNVRng">13105.7253333333</dst>
            <dst id="HSTNng">143067.450666667</dst>
            <dst id="IPLSng">48057.5786666667</dst>
            <dst id="KSCYng">38683.52</dst>
            <dst id="LOSAng">0</dst>
            <dst id="NYCMng">81498.4853333333</dst>
            <dst id="SNVAng">112.248</dst>
            <dst id="STTLng">1560.73866666667</dst>
            <dst id="WASHng">45552.664</dst>
        </src>
        <src id="KSCYng">
            <dst id="ATLA-M5">0</dst>
            <dst id="ATLAng">6263.60533333333</dst>
            <dst id="CHINng">48337.5866666667</dst>
            <dst id="DNVRng">11163.5013333333</dst>
            <dst id="HSTNng">19580.2426666667</dst>
            <dst id="IPLSng">18081.7786666667</dst>
            <dst id="KSCYng">8988.288</dst>
            <dst id="LOSAng">34.7413333333333</dst>
            <dst id="NYCMng">11605.384</dst>
            <dst id="SNVAng">111.648</dst>
            <dst id="STTLng">210.624</dst>
            <dst id="WASHng">15747.784</dst>
        </src>
        <src id="LOSAng">
            <dst id="ATLA-M5">0</dst>
            <dst id="ATLAng">21893.6773333333</dst>
            <dst id="CHINng">9561.78133333333</dst>
            <dst id="DNVRng">20586.1493333333</dst>
            <dst id="HSTNng">157554.181333333</dst>
            <dst id="IPLSng">1040.69066666667</dst>
            <dst id="KSCYng">551.288</dst>
            <dst id="LOSAng">13842.048</dst>
            <dst id="NYCMng">57589.4986666667</dst>
            <dst id="SNVAng">20880.472</dst>
            <dst id="STTLng">33300.6133333333</dst>
            <dst id="WASHng">107947.578666667</dst>
        </src>
        <src id="NYCMng">
            <dst id="ATLA-M5">0</dst>
            <dst id="ATLAng">48824.0773333333</dst>
            <dst id="CHINng">84706.456</dst>
            <dst id="DNVRng">35094.9866666667</dst>
            <dst id="HSTNng">160136.392</dst>
            <dst id="IPLSng">93179.048</dst>
            <dst id="KSCYng">26771.6</dst>
            <dst id="LOSAng">102.090666666667</dst>
            <dst id="NYCMng">268125.44</dst>
            <dst id="SNVAng">148.922666666667</dst>
            <dst id="STTLng">3631.096</dst>
            <dst id="WASHng">173319.301333333</dst>
        </src>
        <src id="SNVAng">
            <dst id="ATLA-M5">0</dst>
            <dst id="ATLAng">1204.41333333333</dst>
            <dst id="CHINng">1823.81866666667</dst>
            <dst id="DNVRng">11584.136</dst>
            <dst id="HSTNng">10052.7013333333</dst>
            <dst id="IPLSng">0</dst>
            <dst id="KSCYng">1918.74133333333</dst>
            <dst id="LOSAng">41886.984</dst>
            <dst id="NYCMng">9022.05866666667</dst>
            <dst id="SNVAng">16608.3333333333</dst>
            <dst id="STTLng">70626.8133333333</dst>
            <dst id="WASHng">3566.72266666667</dst>
        </src>
        <src id="STTLng">
            <dst id="ATLA-M5">0</dst>
            <dst id="ATLAng">13018.6506666667</dst>
            <dst id="CHINng">26177.4213333333</dst>
            <dst id="DNVRng">10340.488</dst>
            <dst id="HSTNng">45240.3733333333</dst>
            <dst id="IPLSng">283.378666666667</dst>
            <dst id="KSCYng">3396.38133333333</dst>
            <dst id="LOSAng">41727.528</dst>
            <dst id="NYCMng">22238.3173333333</dst>
            <dst id="SNVAng">7066.97066666667</dst>
            <dst id="STTLng">3944.02133333333</dst>
            <dst id="WASHng">39277.7013333333</dst>
        </src>
        <src id="WASHng">
            <dst id="ATLA-M5">0</dst>
            <dst id="ATLAng">93765.3786666666</dst>
            <dst id="CHINng">78864.7973333333</dst>
            <dst id="DNVRng">2780.704</dst>
            <dst id="HSTNng">319945.093333333</dst>
            <dst id="IPLSng">82674.984</dst>
            <dst id="KSCYng">16262.6933333333</dst>
            <dst id="LOSAng">80</dst>
            <dst id="NYCMng">193222.450666667</dst>
            <dst id="SNVAng">429.506666666667</dst>
            <dst id="STTLng">5149.20266666667</dst>
            <dst id="WASHng">274130.426666667</dst>
        </src>
    </IntraTM>
</TrafficMatrixFile>
