<?xml version="1.0" encoding="ISO-8859-1" standalone="yes"?>
<TrafficMatrixFile xsi:noNamespaceSchemaLocation="http://totem.run.montefiore.ulg.ac.be/Schema/TrafficMatrix-v1_2.xsd" xmlns:xsi="http://www.w3.org/2001/XMLSchema-instance">
    <IntraTM ASID="11537">
        <src id="ATLA-M5">
            <dst id="ATLA-M5">454.896</dst>
            <dst id="ATLAng">1085.00533333333</dst>
            <dst id="CHINng">770.642666666667</dst>
            <dst id="DNVRng">0</dst>
            <dst id="HSTNng">1211.52</dst>
            <dst id="IPLSng">254.794666666667</dst>
            <dst id="KSCYng">357.618666666667</dst>
            <dst id="LOSAng">0</dst>
            <dst id="NYCMng">2189.33333333333</dst>
            <dst id="SNVAng">0</dst>
            <dst id="STTLng">0</dst>
            <dst id="WASHng">664.272</dst>
        </src>
        <src id="ATLAng">
            <dst id="ATLA-M5">0</dst>
            <dst id="ATLAng">26594.688</dst>
            <dst id="CHINng">37926.472</dst>
            <dst id="DNVRng">76.6693333333333</dst>
            <dst id="HSTNng">63360.2826666667</dst>
            <dst id="IPLSng">43087.784</dst>
            <dst id="KSCYng">5202.19466666667</dst>
            <dst id="LOSAng">26.6666666666667</dst>
            <dst id="NYCMng">26142.5546666667</dst>
            <dst id="SNVAng">201.653333333333</dst>
            <dst id="STTLng">106.666666666667</dst>
            <dst id="WASHng">59520.1093333333</dst>
        </src>
        <src id="CHINng">
            <dst id="ATLA-M5">0</dst>
            <dst id="ATLAng">35570.2986666667</dst>
            <dst id="CHINng">127071.125333333</dst>
            <dst id="DNVRng">29747.5866666667</dst>
            <dst id="HSTNng">121315.664</dst>
            <dst id="IPLSng">90538.9546666667</dst>
            <dst id="KSCYng">20818.6293333333</dst>
            <dst id="LOSAng">148.442666666667</dst>
            <dst id="NYCMng">44062.5813333333</dst>
            <dst id="SNVAng">145.362666666667</dst>
            <dst id="STTLng">942.128</dst>
            <dst id="WASHng">58637.96</dst>
        </src>
        <src id="DNVRng">
            <dst id="ATLA-M5">0</dst>
            <dst id="ATLAng">12413.4533333333</dst>
            <dst id="CHINng">86610.0293333333</dst>
            <dst id="DNVRng">27723.384</dst>
            <dst id="HSTNng">57831.2346666667</dst>
            <dst id="IPLSng">30057.504</dst>
            <dst id="KSCYng">24695.6373333333</dst>
            <dst id="LOSAng">0</dst>
            <dst id="NYCMng">20663.9573333333</dst>
            <dst id="SNVAng">22768.4853333333</dst>
            <dst id="STTLng">487.608</dst>
            <dst id="WASHng">57444.0773333333</dst>
        </src>
        <src id="HSTNng">
            <dst id="ATLA-M5">0</dst>
            <dst id="ATLAng">34015.3626666667</dst>
            <dst id="CHINng">3658.496</dst>
            <dst id="DNVRng">86.3413333333333</dst>
            <dst id="HSTNng">182282.941333333</dst>
            <dst id="IPLSng">235.296</dst>
            <dst id="KSCYng">0</dst>
            <dst id="LOSAng">66.28</dst>
            <dst id="NYCMng">12098.3653333333</dst>
            <dst id="SNVAng">53.3333333333333</dst>
            <dst id="STTLng">312.16</dst>
            <dst id="WASHng">153409.336</dst>
        </src>
        <src id="IPLSng">
            <dst id="ATLA-M5">0</dst>
            <dst id="ATLAng">38184.4186666667</dst>
            <dst id="CHINng">124286.266666667</dst>
            <dst id="DNVRng">23782.0746666667</dst>
            <dst id="HSTNng">60211.728</dst>
            <dst id="IPLSng">30102.0106666667</dst>
            <dst id="KSCYng">27668.3386666667</dst>
            <dst id="LOSAng">1192.71733333333</dst>
            <dst id="NYCMng">59582.5066666667</dst>
            <dst id="SNVAng">5645.38133333333</dst>
            <dst id="STTLng">258.994666666667</dst>
            <dst id="WASHng">42051.024</dst>
        </src>
        <src id="KSCYng">
            <dst id="ATLA-M5">0</dst>
            <dst id="ATLAng">4886.776</dst>
            <dst id="CHINng">31990.3013333333</dst>
            <dst id="DNVRng">24435.2373333333</dst>
            <dst id="HSTNng">22920.9493333333</dst>
            <dst id="IPLSng">30630.2453333333</dst>
            <dst id="KSCYng">9306.45333333333</dst>
            <dst id="LOSAng">53.3333333333333</dst>
            <dst id="NYCMng">10141.0186666667</dst>
            <dst id="SNVAng">53.3333333333333</dst>
            <dst id="STTLng">171.570666666667</dst>
            <dst id="WASHng">16370.8186666667</dst>
        </src>
        <src id="LOSAng">
            <dst id="ATLA-M5">0</dst>
            <dst id="ATLAng">26087.4</dst>
            <dst id="CHINng">7907.94666666667</dst>
            <dst id="DNVRng">27780.168</dst>
            <dst id="HSTNng">184086.904</dst>
            <dst id="IPLSng">1006.82133333333</dst>
            <dst id="KSCYng">792.541333333333</dst>
            <dst id="LOSAng">16926.92</dst>
            <dst id="NYCMng">67729.384</dst>
            <dst id="SNVAng">16323.9573333333</dst>
            <dst id="STTLng">37267.9893333333</dst>
            <dst id="WASHng">131096.536</dst>
        </src>
        <src id="NYCMng">
            <dst id="ATLA-M5">0</dst>
            <dst id="ATLAng">56614.08</dst>
            <dst id="CHINng">83898.7386666666</dst>
            <dst id="DNVRng">49807.3706666667</dst>
            <dst id="HSTNng">147675.029333333</dst>
            <dst id="IPLSng">91596.7413333333</dst>
            <dst id="KSCYng">33494.128</dst>
            <dst id="LOSAng">80</dst>
            <dst id="NYCMng">279711.173333333</dst>
            <dst id="SNVAng">709.610666666667</dst>
            <dst id="STTLng">2165.552</dst>
            <dst id="WASHng">200360.690666667</dst>
        </src>
        <src id="SNVAng">
            <dst id="ATLA-M5">0</dst>
            <dst id="ATLAng">1338.944</dst>
            <dst id="CHINng">1700.00533333333</dst>
            <dst id="DNVRng">16803.2053333333</dst>
            <dst id="HSTNng">11781.0053333333</dst>
            <dst id="IPLSng">0</dst>
            <dst id="KSCYng">4025.99466666667</dst>
            <dst id="LOSAng">39120.3466666667</dst>
            <dst id="NYCMng">7440.784</dst>
            <dst id="SNVAng">17427.9333333333</dst>
            <dst id="STTLng">58990.848</dst>
            <dst id="WASHng">2208.16533333333</dst>
        </src>
        <src id="STTLng">
            <dst id="ATLA-M5">0</dst>
            <dst id="ATLAng">13656.9066666667</dst>
            <dst id="CHINng">22861.3546666667</dst>
            <dst id="DNVRng">11689.296</dst>
            <dst id="HSTNng">52559.232</dst>
            <dst id="IPLSng">366.842666666667</dst>
            <dst id="KSCYng">6408.90133333333</dst>
            <dst id="LOSAng">29078.088</dst>
            <dst id="NYCMng">18058.0026666667</dst>
            <dst id="SNVAng">10870.5306666667</dst>
            <dst id="STTLng">7700.224</dst>
            <dst id="WASHng">35671.16</dst>
        </src>
        <src id="WASHng">
            <dst id="ATLA-M5">0</dst>
            <dst id="ATLAng">80466.6</dst>
            <dst id="CHINng">107036.106666667</dst>
            <dst id="DNVRng">3678.34133333333</dst>
            <dst id="HSTNng">358530.746666667</dst>
            <dst id="IPLSng">89402.464</dst>
            <dst id="KSCYng">34610.5573333333</dst>
            <dst id="LOSAng">26.6666666666667</dst>
            <dst id="NYCMng">297656.96</dst>
            <dst id="SNVAng">593.141333333333</dst>
            <dst id="STTLng">4428.088</dst>
            <dst id="WASHng">306768.64</dst>
        </src>
    </IntraTM>
</TrafficMatrixFile>
