<?xml version="1.0" encoding="ISO-8859-1" standalone="yes"?>
<TrafficMatrixFile xsi:noNamespaceSchemaLocation="http://totem.run.montefiore.ulg.ac.be/Schema/TrafficMatrix-v1_2.xsd" xmlns:xsi="http://www.w3.org/2001/XMLSchema-instance">
    <IntraTM ASID="11537">
        <src id="ATLA-M5">
            <dst id="ATLA-M5">0</dst>
            <dst id="ATLAng">303.749333333333</dst>
            <dst id="CHINng">1321.05866666667</dst>
            <dst id="DNVRng">0</dst>
            <dst id="HSTNng">269.773333333333</dst>
            <dst id="IPLSng">2236.896</dst>
            <dst id="KSCYng">0</dst>
            <dst id="LOSAng">0</dst>
            <dst id="NYCMng">1654.45066666667</dst>
            <dst id="SNVAng">0</dst>
            <dst id="STTLng">0</dst>
            <dst id="WASHng">682.128</dst>
        </src>
        <src id="ATLAng">
            <dst id="ATLA-M5">0</dst>
            <dst id="ATLAng">25998.88</dst>
            <dst id="CHINng">46702.2773333333</dst>
            <dst id="DNVRng">0</dst>
            <dst id="HSTNng">2648.54666666667</dst>
            <dst id="IPLSng">31454.072</dst>
            <dst id="KSCYng">0</dst>
            <dst id="LOSAng">26.6666666666667</dst>
            <dst id="NYCMng">41368.6346666667</dst>
            <dst id="SNVAng">53.3333333333333</dst>
            <dst id="STTLng">0</dst>
            <dst id="WASHng">42653.304</dst>
        </src>
        <src id="CHINng">
            <dst id="ATLA-M5">0</dst>
            <dst id="ATLAng">41844.2106666667</dst>
            <dst id="CHINng">36710.7306666667</dst>
            <dst id="DNVRng">0</dst>
            <dst id="HSTNng">24751.2053333333</dst>
            <dst id="IPLSng">55705.4106666667</dst>
            <dst id="KSCYng">53.3333333333333</dst>
            <dst id="LOSAng">138.168</dst>
            <dst id="NYCMng">223594.050666667</dst>
            <dst id="SNVAng">26.6666666666667</dst>
            <dst id="STTLng">881.797333333333</dst>
            <dst id="WASHng">40348.9173333333</dst>
        </src>
        <src id="DNVRng">
            <dst id="ATLA-M5">0</dst>
            <dst id="ATLAng">7267.82133333334</dst>
            <dst id="CHINng">36035.688</dst>
            <dst id="DNVRng">18831.8106666667</dst>
            <dst id="HSTNng">47837.152</dst>
            <dst id="IPLSng">31969.2453333333</dst>
            <dst id="KSCYng">21979.9546666667</dst>
            <dst id="LOSAng">0</dst>
            <dst id="NYCMng">37296.1413333333</dst>
            <dst id="SNVAng">11718.6613333333</dst>
            <dst id="STTLng">138.88</dst>
            <dst id="WASHng">38869.2666666667</dst>
        </src>
        <src id="HSTNng">
            <dst id="ATLA-M5">0</dst>
            <dst id="ATLAng">28047.1973333333</dst>
            <dst id="CHINng">1904.87733333333</dst>
            <dst id="DNVRng">0</dst>
            <dst id="HSTNng">149636.170666667</dst>
            <dst id="IPLSng">26.6666666666667</dst>
            <dst id="KSCYng">0</dst>
            <dst id="LOSAng">26.6666666666667</dst>
            <dst id="NYCMng">5150.73333333333</dst>
            <dst id="SNVAng">26.6666666666667</dst>
            <dst id="STTLng">26.6666666666667</dst>
            <dst id="WASHng">118605.901333333</dst>
        </src>
        <src id="IPLSng">
            <dst id="ATLA-M5">0</dst>
            <dst id="ATLAng">23287.7386666667</dst>
            <dst id="CHINng">165608.469333333</dst>
            <dst id="DNVRng">0</dst>
            <dst id="HSTNng">11090.2853333333</dst>
            <dst id="IPLSng">62308.7813333333</dst>
            <dst id="KSCYng">23689.9306666667</dst>
            <dst id="LOSAng">26.6666666666667</dst>
            <dst id="NYCMng">180225.256</dst>
            <dst id="SNVAng">80</dst>
            <dst id="STTLng">57.112</dst>
            <dst id="WASHng">28752.0426666667</dst>
        </src>
        <src id="KSCYng">
            <dst id="ATLA-M5">0</dst>
            <dst id="ATLAng">5308.18133333333</dst>
            <dst id="CHINng">16447.7066666667</dst>
            <dst id="DNVRng">6056.86133333333</dst>
            <dst id="HSTNng">18208.0773333333</dst>
            <dst id="IPLSng">18124.952</dst>
            <dst id="KSCYng">13469.3786666667</dst>
            <dst id="LOSAng">26.6666666666667</dst>
            <dst id="NYCMng">15628.9253333333</dst>
            <dst id="SNVAng">26.6666666666667</dst>
            <dst id="STTLng">0</dst>
            <dst id="WASHng">10486.6053333333</dst>
        </src>
        <src id="LOSAng">
            <dst id="ATLA-M5">0</dst>
            <dst id="ATLAng">25089.4533333333</dst>
            <dst id="CHINng">2665.25866666667</dst>
            <dst id="DNVRng">29398.1226666667</dst>
            <dst id="HSTNng">122681.746666667</dst>
            <dst id="IPLSng">245.213333333333</dst>
            <dst id="KSCYng">120.898666666667</dst>
            <dst id="LOSAng">23161.1973333333</dst>
            <dst id="NYCMng">60902.4373333333</dst>
            <dst id="SNVAng">11526.5146666667</dst>
            <dst id="STTLng">25091.3093333333</dst>
            <dst id="WASHng">99563.376</dst>
        </src>
        <src id="NYCMng">
            <dst id="ATLA-M5">0</dst>
            <dst id="ATLAng">38312.6426666667</dst>
            <dst id="CHINng">503.725333333333</dst>
            <dst id="DNVRng">0</dst>
            <dst id="HSTNng">25344.0853333333</dst>
            <dst id="IPLSng">26.6666666666667</dst>
            <dst id="KSCYng">101.685333333333</dst>
            <dst id="LOSAng">224.896</dst>
            <dst id="NYCMng">529129.68</dst>
            <dst id="SNVAng">26.6666666666667</dst>
            <dst id="STTLng">180.072</dst>
            <dst id="WASHng">110444.752</dst>
        </src>
        <src id="SNVAng">
            <dst id="ATLA-M5">0</dst>
            <dst id="ATLAng">691.834666666667</dst>
            <dst id="CHINng">60.5226666666667</dst>
            <dst id="DNVRng">6439.08266666667</dst>
            <dst id="HSTNng">11496.8773333333</dst>
            <dst id="IPLSng">0</dst>
            <dst id="KSCYng">498.850666666667</dst>
            <dst id="LOSAng">35801.264</dst>
            <dst id="NYCMng">5115.07733333333</dst>
            <dst id="SNVAng">14451.8906666667</dst>
            <dst id="STTLng">54626.8266666667</dst>
            <dst id="WASHng">589.464</dst>
        </src>
        <src id="STTLng">
            <dst id="ATLA-M5">0</dst>
            <dst id="ATLAng">8207.56266666667</dst>
            <dst id="CHINng">1106.968</dst>
            <dst id="DNVRng">5309.03733333333</dst>
            <dst id="HSTNng">21274.376</dst>
            <dst id="IPLSng">148.205333333333</dst>
            <dst id="KSCYng">4178.16</dst>
            <dst id="LOSAng">22871.1546666667</dst>
            <dst id="NYCMng">47215.488</dst>
            <dst id="SNVAng">8455.552</dst>
            <dst id="STTLng">11320.8266666667</dst>
            <dst id="WASHng">36628.4213333333</dst>
        </src>
        <src id="WASHng">
            <dst id="ATLA-M5">0</dst>
            <dst id="ATLAng">162417.8</dst>
            <dst id="CHINng">8297.808</dst>
            <dst id="DNVRng">0</dst>
            <dst id="HSTNng">73266.5066666667</dst>
            <dst id="IPLSng">199.869333333333</dst>
            <dst id="KSCYng">5847.72266666667</dst>
            <dst id="LOSAng">53.3333333333333</dst>
            <dst id="NYCMng">578982.266666667</dst>
            <dst id="SNVAng">106.666666666667</dst>
            <dst id="STTLng">441.261333333333</dst>
            <dst id="WASHng">273498.773333333</dst>
        </src>
    </IntraTM>
</TrafficMatrixFile>
