<?xml version="1.0" encoding="ISO-8859-1" standalone="yes"?>
<TrafficMatrixFile xsi:noNamespaceSchemaLocation="http://totem.run.montefiore.ulg.ac.be/Schema/TrafficMatrix-v1_2.xsd" xmlns:xsi="http://www.w3.org/2001/XMLSchema-instance">
    <IntraTM ASID="11537">
        <src id="ATLA-M5">
            <dst id="ATLA-M5">53.3333333333333</dst>
            <dst id="ATLAng">401.869333333333</dst>
            <dst id="CHINng">1837.02933333333</dst>
            <dst id="DNVRng">0</dst>
            <dst id="HSTNng">132.421333333333</dst>
            <dst id="IPLSng">984.978666666667</dst>
            <dst id="KSCYng">0</dst>
            <dst id="LOSAng">0</dst>
            <dst id="NYCMng">1434.71466666667</dst>
            <dst id="SNVAng">0</dst>
            <dst id="STTLng">0</dst>
            <dst id="WASHng">604.736</dst>
        </src>
        <src id="ATLAng">
            <dst id="ATLA-M5">0</dst>
            <dst id="ATLAng">24202.1226666667</dst>
            <dst id="CHINng">32408.5786666667</dst>
            <dst id="DNVRng">0</dst>
            <dst id="HSTNng">2609.4</dst>
            <dst id="IPLSng">38131.7706666667</dst>
            <dst id="KSCYng">0</dst>
            <dst id="LOSAng">0</dst>
            <dst id="NYCMng">65678.4186666667</dst>
            <dst id="SNVAng">26.6666666666667</dst>
            <dst id="STTLng">26.6666666666667</dst>
            <dst id="WASHng">48661.1546666667</dst>
        </src>
        <src id="CHINng">
            <dst id="ATLA-M5">0</dst>
            <dst id="ATLAng">36816.9493333333</dst>
            <dst id="CHINng">34449.864</dst>
            <dst id="DNVRng">0</dst>
            <dst id="HSTNng">19980.904</dst>
            <dst id="IPLSng">59279.0933333333</dst>
            <dst id="KSCYng">0</dst>
            <dst id="LOSAng">85.8506666666667</dst>
            <dst id="NYCMng">218242.186666667</dst>
            <dst id="SNVAng">0</dst>
            <dst id="STTLng">294.448</dst>
            <dst id="WASHng">54357.5946666667</dst>
        </src>
        <src id="DNVRng">
            <dst id="ATLA-M5">0</dst>
            <dst id="ATLAng">8991.592</dst>
            <dst id="CHINng">36700.7813333333</dst>
            <dst id="DNVRng">12596.6293333333</dst>
            <dst id="HSTNng">31736.4106666667</dst>
            <dst id="IPLSng">29045.5946666667</dst>
            <dst id="KSCYng">14125.2613333333</dst>
            <dst id="LOSAng">26.6666666666667</dst>
            <dst id="NYCMng">37232.56</dst>
            <dst id="SNVAng">7539.60266666667</dst>
            <dst id="STTLng">85.216</dst>
            <dst id="WASHng">42260.48</dst>
        </src>
        <src id="HSTNng">
            <dst id="ATLA-M5">0</dst>
            <dst id="ATLAng">18989.3493333333</dst>
            <dst id="CHINng">1664.78933333333</dst>
            <dst id="DNVRng">26.6666666666667</dst>
            <dst id="HSTNng">133602.962666667</dst>
            <dst id="IPLSng">106.666666666667</dst>
            <dst id="KSCYng">26.6666666666667</dst>
            <dst id="LOSAng">26.6666666666667</dst>
            <dst id="NYCMng">4865.68266666667</dst>
            <dst id="SNVAng">27.856</dst>
            <dst id="STTLng">0</dst>
            <dst id="WASHng">106604.989333333</dst>
        </src>
        <src id="IPLSng">
            <dst id="ATLA-M5">0</dst>
            <dst id="ATLAng">19393.504</dst>
            <dst id="CHINng">153652.554666667</dst>
            <dst id="DNVRng">0</dst>
            <dst id="HSTNng">11956.9386666667</dst>
            <dst id="IPLSng">26790.08</dst>
            <dst id="KSCYng">33820.456</dst>
            <dst id="LOSAng">0</dst>
            <dst id="NYCMng">208402.928</dst>
            <dst id="SNVAng">53.3333333333333</dst>
            <dst id="STTLng">144.608</dst>
            <dst id="WASHng">32478.1306666667</dst>
        </src>
        <src id="KSCYng">
            <dst id="ATLA-M5">0</dst>
            <dst id="ATLAng">4895.44</dst>
            <dst id="CHINng">18962.1226666667</dst>
            <dst id="DNVRng">6362.33066666666</dst>
            <dst id="HSTNng">16404.3333333333</dst>
            <dst id="IPLSng">18050.4533333333</dst>
            <dst id="KSCYng">10713.688</dst>
            <dst id="LOSAng">26.6666666666667</dst>
            <dst id="NYCMng">17279.024</dst>
            <dst id="SNVAng">0</dst>
            <dst id="STTLng">0</dst>
            <dst id="WASHng">11256.856</dst>
        </src>
        <src id="LOSAng">
            <dst id="ATLA-M5">0</dst>
            <dst id="ATLAng">15738.128</dst>
            <dst id="CHINng">2970.50933333333</dst>
            <dst id="DNVRng">25292.7253333333</dst>
            <dst id="HSTNng">118572.309333333</dst>
            <dst id="IPLSng">793.749333333333</dst>
            <dst id="KSCYng">80.2293333333333</dst>
            <dst id="LOSAng">23762.616</dst>
            <dst id="NYCMng">61346.032</dst>
            <dst id="SNVAng">8061.03466666667</dst>
            <dst id="STTLng">23985.6986666667</dst>
            <dst id="WASHng">88293.0986666667</dst>
        </src>
        <src id="NYCMng">
            <dst id="ATLA-M5">0</dst>
            <dst id="ATLAng">39787.8746666667</dst>
            <dst id="CHINng">825.666666666667</dst>
            <dst id="DNVRng">0</dst>
            <dst id="HSTNng">19300.7626666667</dst>
            <dst id="IPLSng">0</dst>
            <dst id="KSCYng">188.997333333333</dst>
            <dst id="LOSAng">169.138666666667</dst>
            <dst id="NYCMng">489710.72</dst>
            <dst id="SNVAng">80</dst>
            <dst id="STTLng">210.474666666667</dst>
            <dst id="WASHng">85957.776</dst>
        </src>
        <src id="SNVAng">
            <dst id="ATLA-M5">0</dst>
            <dst id="ATLAng">497.010666666667</dst>
            <dst id="CHINng">231.178666666667</dst>
            <dst id="DNVRng">3822.496</dst>
            <dst id="HSTNng">10032.9333333333</dst>
            <dst id="IPLSng">0</dst>
            <dst id="KSCYng">1718.208</dst>
            <dst id="LOSAng">38836.9626666667</dst>
            <dst id="NYCMng">5599.008</dst>
            <dst id="SNVAng">14866.7226666667</dst>
            <dst id="STTLng">59066.136</dst>
            <dst id="WASHng">431.554666666667</dst>
        </src>
        <src id="STTLng">
            <dst id="ATLA-M5">0</dst>
            <dst id="ATLAng">7714.29066666667</dst>
            <dst id="CHINng">1205.056</dst>
            <dst id="DNVRng">4728.192</dst>
            <dst id="HSTNng">20629.224</dst>
            <dst id="IPLSng">199.141333333333</dst>
            <dst id="KSCYng">4148.97066666667</dst>
            <dst id="LOSAng">32435.976</dst>
            <dst id="NYCMng">50928.992</dst>
            <dst id="SNVAng">6729.88533333333</dst>
            <dst id="STTLng">8168.37066666667</dst>
            <dst id="WASHng">34459.3973333333</dst>
        </src>
        <src id="WASHng">
            <dst id="ATLA-M5">0</dst>
            <dst id="ATLAng">146612.778666667</dst>
            <dst id="CHINng">16356.216</dst>
            <dst id="DNVRng">0</dst>
            <dst id="HSTNng">70348.5093333333</dst>
            <dst id="IPLSng">322.592</dst>
            <dst id="KSCYng">5333.73866666667</dst>
            <dst id="LOSAng">122.16</dst>
            <dst id="NYCMng">578246.826666667</dst>
            <dst id="SNVAng">59.576</dst>
            <dst id="STTLng">989.338666666667</dst>
            <dst id="WASHng">291964.186666667</dst>
        </src>
    </IntraTM>
</TrafficMatrixFile>
