<?xml version="1.0" encoding="ISO-8859-1" standalone="yes"?>
<TrafficMatrixFile xsi:noNamespaceSchemaLocation="http://totem.run.montefiore.ulg.ac.be/Schema/TrafficMatrix-v1_2.xsd" xmlns:xsi="http://www.w3.org/2001/XMLSchema-instance">
    <IntraTM ASID="11537">
        <src id="ATLA-M5">
            <dst id="ATLA-M5">197.573333333333</dst>
            <dst id="ATLAng">1793.83466666667</dst>
            <dst id="CHINng">958.861333333333</dst>
            <dst id="DNVRng">0</dst>
            <dst id="HSTNng">1717.36533333333</dst>
            <dst id="IPLSng">3961.69066666667</dst>
            <dst id="KSCYng">335.437333333333</dst>
            <dst id="LOSAng">0</dst>
            <dst id="NYCMng">829.216</dst>
            <dst id="SNVAng">26.6666666666667</dst>
            <dst id="STTLng">0</dst>
            <dst id="WASHng">2792.52533333333</dst>
        </src>
        <src id="ATLAng">
            <dst id="ATLA-M5">0</dst>
            <dst id="ATLAng">30999.8426666667</dst>
            <dst id="CHINng">38412.4426666667</dst>
            <dst id="DNVRng">280.752</dst>
            <dst id="HSTNng">64199.2186666667</dst>
            <dst id="IPLSng">44144.9333333333</dst>
            <dst id="KSCYng">5705.26133333333</dst>
            <dst id="LOSAng">112.072</dst>
            <dst id="NYCMng">21691.064</dst>
            <dst id="SNVAng">238.429333333333</dst>
            <dst id="STTLng">845.344</dst>
            <dst id="WASHng">83058.832</dst>
        </src>
        <src id="CHINng">
            <dst id="ATLA-M5">0</dst>
            <dst id="ATLAng">48169.2693333333</dst>
            <dst id="CHINng">124220.237333333</dst>
            <dst id="DNVRng">22252.9226666667</dst>
            <dst id="HSTNng">119442.52</dst>
            <dst id="IPLSng">81362.2853333333</dst>
            <dst id="KSCYng">19549.0186666667</dst>
            <dst id="LOSAng">38.5706666666667</dst>
            <dst id="NYCMng">47777.1573333334</dst>
            <dst id="SNVAng">112.565333333333</dst>
            <dst id="STTLng">605.557333333333</dst>
            <dst id="WASHng">64423.4346666667</dst>
        </src>
        <src id="DNVRng">
            <dst id="ATLA-M5">0</dst>
            <dst id="ATLAng">25028.12</dst>
            <dst id="CHINng">68428.936</dst>
            <dst id="DNVRng">13265.5653333333</dst>
            <dst id="HSTNng">87123.7733333333</dst>
            <dst id="IPLSng">33941.8426666667</dst>
            <dst id="KSCYng">21819.2666666667</dst>
            <dst id="LOSAng">26.6666666666667</dst>
            <dst id="NYCMng">23070.8986666667</dst>
            <dst id="SNVAng">21768.6426666667</dst>
            <dst id="STTLng">410.288</dst>
            <dst id="WASHng">58651.4346666667</dst>
        </src>
        <src id="HSTNng">
            <dst id="ATLA-M5">0</dst>
            <dst id="ATLAng">46484.76</dst>
            <dst id="CHINng">3588.656</dst>
            <dst id="DNVRng">139.776</dst>
            <dst id="HSTNng">191465.424</dst>
            <dst id="IPLSng">53.3333333333333</dst>
            <dst id="KSCYng">114.858666666667</dst>
            <dst id="LOSAng">0</dst>
            <dst id="NYCMng">11249.936</dst>
            <dst id="SNVAng">78.504</dst>
            <dst id="STTLng">311.381333333333</dst>
            <dst id="WASHng">139547.010666667</dst>
        </src>
        <src id="IPLSng">
            <dst id="ATLA-M5">0</dst>
            <dst id="ATLAng">40048.3786666667</dst>
            <dst id="CHINng">104104.256</dst>
            <dst id="DNVRng">26046.9093333333</dst>
            <dst id="HSTNng">86246.8106666667</dst>
            <dst id="IPLSng">56574.6133333333</dst>
            <dst id="KSCYng">40535.5093333333</dst>
            <dst id="LOSAng">80</dst>
            <dst id="NYCMng">55265.3813333333</dst>
            <dst id="SNVAng">4637.65333333333</dst>
            <dst id="STTLng">648.44</dst>
            <dst id="WASHng">50456.4613333333</dst>
        </src>
        <src id="KSCYng">
            <dst id="ATLA-M5">0</dst>
            <dst id="ATLAng">6302.09333333333</dst>
            <dst id="CHINng">42414.6933333333</dst>
            <dst id="DNVRng">21557.2453333333</dst>
            <dst id="HSTNng">18454.7413333333</dst>
            <dst id="IPLSng">30113.288</dst>
            <dst id="KSCYng">7760.61066666667</dst>
            <dst id="LOSAng">0</dst>
            <dst id="NYCMng">14253.0533333333</dst>
            <dst id="SNVAng">29.3626666666667</dst>
            <dst id="STTLng">53.3333333333333</dst>
            <dst id="WASHng">16880.792</dst>
        </src>
        <src id="LOSAng">
            <dst id="ATLA-M5">0</dst>
            <dst id="ATLAng">36756.48</dst>
            <dst id="CHINng">10276.2533333333</dst>
            <dst id="DNVRng">26895.832</dst>
            <dst id="HSTNng">161261.834666667</dst>
            <dst id="IPLSng">2002.62133333333</dst>
            <dst id="KSCYng">2887.29333333333</dst>
            <dst id="LOSAng">15516.736</dst>
            <dst id="NYCMng">72659.3946666667</dst>
            <dst id="SNVAng">17467.5173333333</dst>
            <dst id="STTLng">22635.4693333333</dst>
            <dst id="WASHng">113819.573333333</dst>
        </src>
        <src id="NYCMng">
            <dst id="ATLA-M5">0</dst>
            <dst id="ATLAng">62051.7066666667</dst>
            <dst id="CHINng">111648.946666667</dst>
            <dst id="DNVRng">54209.2666666667</dst>
            <dst id="HSTNng">143641.637333333</dst>
            <dst id="IPLSng">110893.848</dst>
            <dst id="KSCYng">33352.464</dst>
            <dst id="LOSAng">341.032</dst>
            <dst id="NYCMng">287972.026666667</dst>
            <dst id="SNVAng">250.141333333333</dst>
            <dst id="STTLng">1339.37066666667</dst>
            <dst id="WASHng">197763.253333333</dst>
        </src>
        <src id="SNVAng">
            <dst id="ATLA-M5">0</dst>
            <dst id="ATLAng">1512.688</dst>
            <dst id="CHINng">1056.728</dst>
            <dst id="DNVRng">6913.112</dst>
            <dst id="HSTNng">15300.4906666667</dst>
            <dst id="IPLSng">26.6666666666667</dst>
            <dst id="KSCYng">1509.096</dst>
            <dst id="LOSAng">45705.2773333333</dst>
            <dst id="NYCMng">9647.192</dst>
            <dst id="SNVAng">19986.5386666667</dst>
            <dst id="STTLng">57423.872</dst>
            <dst id="WASHng">2142.592</dst>
        </src>
        <src id="STTLng">
            <dst id="ATLA-M5">0</dst>
            <dst id="ATLAng">14267.0746666667</dst>
            <dst id="CHINng">23231</dst>
            <dst id="DNVRng">9569.15733333333</dst>
            <dst id="HSTNng">61470.6</dst>
            <dst id="IPLSng">399.725333333333</dst>
            <dst id="KSCYng">9844.60266666667</dst>
            <dst id="LOSAng">26860.424</dst>
            <dst id="NYCMng">19148.16</dst>
            <dst id="SNVAng">11282.456</dst>
            <dst id="STTLng">4909.83466666667</dst>
            <dst id="WASHng">38865.6293333333</dst>
        </src>
        <src id="WASHng">
            <dst id="ATLA-M5">0</dst>
            <dst id="ATLAng">104885.029333333</dst>
            <dst id="CHINng">107250.013333333</dst>
            <dst id="DNVRng">6057.008</dst>
            <dst id="HSTNng">387931.04</dst>
            <dst id="IPLSng">106206.445333333</dst>
            <dst id="KSCYng">31648.8693333333</dst>
            <dst id="LOSAng">216.952</dst>
            <dst id="NYCMng">239892.296</dst>
            <dst id="SNVAng">600.733333333333</dst>
            <dst id="STTLng">4091.80533333333</dst>
            <dst id="WASHng">340349.066666667</dst>
        </src>
    </IntraTM>
</TrafficMatrixFile>
