<?xml version="1.0" encoding="ISO-8859-1" standalone="yes"?>
<TrafficMatrixFile xsi:noNamespaceSchemaLocation="http://totem.run.montefiore.ulg.ac.be/Schema/TrafficMatrix-v1_2.xsd" xmlns:xsi="http://www.w3.org/2001/XMLSchema-instance">
    <IntraTM ASID="11537">
        <src id="ATLA-M5">
            <dst id="ATLA-M5">735.754666666667</dst>
            <dst id="ATLAng">132.304</dst>
            <dst id="CHINng">1548.67466666667</dst>
            <dst id="DNVRng">0</dst>
            <dst id="HSTNng">54.8373333333333</dst>
            <dst id="IPLSng">394.693333333333</dst>
            <dst id="KSCYng">0</dst>
            <dst id="LOSAng">0</dst>
            <dst id="NYCMng">580.157333333333</dst>
            <dst id="SNVAng">0</dst>
            <dst id="STTLng">0</dst>
            <dst id="WASHng">2887.072</dst>
        </src>
        <src id="ATLAng">
            <dst id="ATLA-M5">0</dst>
            <dst id="ATLAng">29416.4986666667</dst>
            <dst id="CHINng">21889.2133333333</dst>
            <dst id="DNVRng">0</dst>
            <dst id="HSTNng">3494.568</dst>
            <dst id="IPLSng">26071.344</dst>
            <dst id="KSCYng">64.7866666666667</dst>
            <dst id="LOSAng">26.6666666666667</dst>
            <dst id="NYCMng">37601.72</dst>
            <dst id="SNVAng">0</dst>
            <dst id="STTLng">26.6666666666667</dst>
            <dst id="WASHng">45631.6853333333</dst>
        </src>
        <src id="CHINng">
            <dst id="ATLA-M5">0</dst>
            <dst id="ATLAng">19060.6613333333</dst>
            <dst id="CHINng">27122.944</dst>
            <dst id="DNVRng">0</dst>
            <dst id="HSTNng">17041.2</dst>
            <dst id="IPLSng">26981.8053333333</dst>
            <dst id="KSCYng">0</dst>
            <dst id="LOSAng">53.3333333333333</dst>
            <dst id="NYCMng">174701.146666667</dst>
            <dst id="SNVAng">0</dst>
            <dst id="STTLng">962.237333333333</dst>
            <dst id="WASHng">32522.88</dst>
        </src>
        <src id="DNVRng">
            <dst id="ATLA-M5">0</dst>
            <dst id="ATLAng">6934.688</dst>
            <dst id="CHINng">28426.3066666667</dst>
            <dst id="DNVRng">10731.0746666667</dst>
            <dst id="HSTNng">28360.7626666667</dst>
            <dst id="IPLSng">25294.256</dst>
            <dst id="KSCYng">13782.816</dst>
            <dst id="LOSAng">0</dst>
            <dst id="NYCMng">37705.3333333333</dst>
            <dst id="SNVAng">8254.656</dst>
            <dst id="STTLng">3491.72</dst>
            <dst id="WASHng">42755.44</dst>
        </src>
        <src id="HSTNng">
            <dst id="ATLA-M5">0</dst>
            <dst id="ATLAng">23793.5066666667</dst>
            <dst id="CHINng">598.288</dst>
            <dst id="DNVRng">26.6666666666667</dst>
            <dst id="HSTNng">93108.4906666667</dst>
            <dst id="IPLSng">26.6666666666667</dst>
            <dst id="KSCYng">0</dst>
            <dst id="LOSAng">0</dst>
            <dst id="NYCMng">4664.77866666667</dst>
            <dst id="SNVAng">26.6666666666667</dst>
            <dst id="STTLng">0</dst>
            <dst id="WASHng">72092.76</dst>
        </src>
        <src id="IPLSng">
            <dst id="ATLA-M5">0</dst>
            <dst id="ATLAng">9307.87466666667</dst>
            <dst id="CHINng">65826.176</dst>
            <dst id="DNVRng">0</dst>
            <dst id="HSTNng">14995.5706666667</dst>
            <dst id="IPLSng">21314.9253333333</dst>
            <dst id="KSCYng">16203.6666666667</dst>
            <dst id="LOSAng">94.008</dst>
            <dst id="NYCMng">104182.138666667</dst>
            <dst id="SNVAng">26.6666666666667</dst>
            <dst id="STTLng">30.2133333333333</dst>
            <dst id="WASHng">30272.632</dst>
        </src>
        <src id="KSCYng">
            <dst id="ATLA-M5">0</dst>
            <dst id="ATLAng">7062.248</dst>
            <dst id="CHINng">9917.496</dst>
            <dst id="DNVRng">5848.408</dst>
            <dst id="HSTNng">14794.6213333333</dst>
            <dst id="IPLSng">11694.8773333333</dst>
            <dst id="KSCYng">13728.392</dst>
            <dst id="LOSAng">0</dst>
            <dst id="NYCMng">22462.3093333333</dst>
            <dst id="SNVAng">26.6666666666667</dst>
            <dst id="STTLng">0</dst>
            <dst id="WASHng">10361.5946666667</dst>
        </src>
        <src id="LOSAng">
            <dst id="ATLA-M5">0</dst>
            <dst id="ATLAng">21594.032</dst>
            <dst id="CHINng">1900.57866666667</dst>
            <dst id="DNVRng">15953.1893333333</dst>
            <dst id="HSTNng">82346.536</dst>
            <dst id="IPLSng">618.650666666667</dst>
            <dst id="KSCYng">138.298666666667</dst>
            <dst id="LOSAng">26707.408</dst>
            <dst id="NYCMng">80226.9573333333</dst>
            <dst id="SNVAng">11179.7466666667</dst>
            <dst id="STTLng">21186.3786666667</dst>
            <dst id="WASHng">58353.9973333333</dst>
        </src>
        <src id="NYCMng">
            <dst id="ATLA-M5">0</dst>
            <dst id="ATLAng">21676.5333333333</dst>
            <dst id="CHINng">760.338666666667</dst>
            <dst id="DNVRng">0</dst>
            <dst id="HSTNng">11889.2186666667</dst>
            <dst id="IPLSng">26.6666666666667</dst>
            <dst id="KSCYng">137.397333333333</dst>
            <dst id="LOSAng">43.3466666666667</dst>
            <dst id="NYCMng">346212.8</dst>
            <dst id="SNVAng">26.6666666666667</dst>
            <dst id="STTLng">695.405333333333</dst>
            <dst id="WASHng">80555.1466666667</dst>
        </src>
        <src id="SNVAng">
            <dst id="ATLA-M5">0</dst>
            <dst id="ATLAng">545.370666666667</dst>
            <dst id="CHINng">26.6666666666667</dst>
            <dst id="DNVRng">5139.66666666667</dst>
            <dst id="HSTNng">2396.34133333333</dst>
            <dst id="IPLSng">26.6666666666667</dst>
            <dst id="KSCYng">230.570666666667</dst>
            <dst id="LOSAng">33812.4506666667</dst>
            <dst id="NYCMng">3736.288</dst>
            <dst id="SNVAng">15042.9653333333</dst>
            <dst id="STTLng">56523.432</dst>
            <dst id="WASHng">242.968</dst>
        </src>
        <src id="STTLng">
            <dst id="ATLA-M5">0</dst>
            <dst id="ATLAng">6140.16</dst>
            <dst id="CHINng">1103.57866666667</dst>
            <dst id="DNVRng">4118.42133333333</dst>
            <dst id="HSTNng">13645.696</dst>
            <dst id="IPLSng">143.12</dst>
            <dst id="KSCYng">2436.12</dst>
            <dst id="LOSAng">15643.752</dst>
            <dst id="NYCMng">43632.1066666667</dst>
            <dst id="SNVAng">6530.49066666667</dst>
            <dst id="STTLng">3941.79733333333</dst>
            <dst id="WASHng">27773.72</dst>
        </src>
        <src id="WASHng">
            <dst id="ATLA-M5">0</dst>
            <dst id="ATLAng">93195.3493333333</dst>
            <dst id="CHINng">687.464</dst>
            <dst id="DNVRng">0</dst>
            <dst id="HSTNng">64750.832</dst>
            <dst id="IPLSng">148.917333333333</dst>
            <dst id="KSCYng">26.6666666666667</dst>
            <dst id="LOSAng">0</dst>
            <dst id="NYCMng">438143.306666667</dst>
            <dst id="SNVAng">85.8746666666667</dst>
            <dst id="STTLng">26.6666666666667</dst>
            <dst id="WASHng">269116.853333333</dst>
        </src>
    </IntraTM>
</TrafficMatrixFile>
