<?xml version="1.0" encoding="ISO-8859-1" standalone="yes"?>
<TrafficMatrixFile xsi:noNamespaceSchemaLocation="http://totem.run.montefiore.ulg.ac.be/Schema/TrafficMatrix-v1_2.xsd" xmlns:xsi="http://www.w3.org/2001/XMLSchema-instance">
    <IntraTM ASID="11537">
        <src id="ATLA-M5">
            <dst id="ATLA-M5">330.754666666667</dst>
            <dst id="ATLAng">194.536</dst>
            <dst id="CHINng">1396.66933333333</dst>
            <dst id="DNVRng">0</dst>
            <dst id="HSTNng">1013.86666666667</dst>
            <dst id="IPLSng">1055.66933333333</dst>
            <dst id="KSCYng">341.282666666667</dst>
            <dst id="LOSAng">26.6666666666667</dst>
            <dst id="NYCMng">595.032</dst>
            <dst id="SNVAng">0</dst>
            <dst id="STTLng">0</dst>
            <dst id="WASHng">1957.86666666667</dst>
        </src>
        <src id="ATLAng">
            <dst id="ATLA-M5">0</dst>
            <dst id="ATLAng">27171.8</dst>
            <dst id="CHINng">20260.52</dst>
            <dst id="DNVRng">26.6666666666667</dst>
            <dst id="HSTNng">65069.6213333333</dst>
            <dst id="IPLSng">31411.4746666667</dst>
            <dst id="KSCYng">13203.08</dst>
            <dst id="LOSAng">0</dst>
            <dst id="NYCMng">21676.048</dst>
            <dst id="SNVAng">0</dst>
            <dst id="STTLng">348.749333333333</dst>
            <dst id="WASHng">78774.992</dst>
        </src>
        <src id="CHINng">
            <dst id="ATLA-M5">0</dst>
            <dst id="ATLAng">43046.5946666667</dst>
            <dst id="CHINng">127428.506666667</dst>
            <dst id="DNVRng">18245.5893333333</dst>
            <dst id="HSTNng">130117.410666667</dst>
            <dst id="IPLSng">83907.1413333333</dst>
            <dst id="KSCYng">18989.352</dst>
            <dst id="LOSAng">385.389333333333</dst>
            <dst id="NYCMng">47476.6293333333</dst>
            <dst id="SNVAng">26.6666666666667</dst>
            <dst id="STTLng">1498.6</dst>
            <dst id="WASHng">53017.9013333333</dst>
        </src>
        <src id="DNVRng">
            <dst id="ATLA-M5">0</dst>
            <dst id="ATLAng">23741.6506666667</dst>
            <dst id="CHINng">87119.28</dst>
            <dst id="DNVRng">10870.856</dst>
            <dst id="HSTNng">49933.1573333333</dst>
            <dst id="IPLSng">27135.8026666667</dst>
            <dst id="KSCYng">16436.2906666667</dst>
            <dst id="LOSAng">53.3333333333333</dst>
            <dst id="NYCMng">17930.0826666667</dst>
            <dst id="SNVAng">28809.536</dst>
            <dst id="STTLng">461.522666666667</dst>
            <dst id="WASHng">47435.7706666667</dst>
        </src>
        <src id="HSTNng">
            <dst id="ATLA-M5">0</dst>
            <dst id="ATLAng">43822.2346666667</dst>
            <dst id="CHINng">3131.11733333333</dst>
            <dst id="DNVRng">53.3333333333333</dst>
            <dst id="HSTNng">170914.016</dst>
            <dst id="IPLSng">26.6666666666667</dst>
            <dst id="KSCYng">26.6666666666667</dst>
            <dst id="LOSAng">26.6666666666667</dst>
            <dst id="NYCMng">8497.328</dst>
            <dst id="SNVAng">80</dst>
            <dst id="STTLng">328.248</dst>
            <dst id="WASHng">123579.410666667</dst>
        </src>
        <src id="IPLSng">
            <dst id="ATLA-M5">0</dst>
            <dst id="ATLAng">20440.3813333333</dst>
            <dst id="CHINng">120946.117333333</dst>
            <dst id="DNVRng">15050.488</dst>
            <dst id="HSTNng">144502.024</dst>
            <dst id="IPLSng">29266.2933333333</dst>
            <dst id="KSCYng">41608.496</dst>
            <dst id="LOSAng">32.576</dst>
            <dst id="NYCMng">79571.7493333334</dst>
            <dst id="SNVAng">1977.89066666667</dst>
            <dst id="STTLng">956.210666666667</dst>
            <dst id="WASHng">49595.5066666667</dst>
        </src>
        <src id="KSCYng">
            <dst id="ATLA-M5">0</dst>
            <dst id="ATLAng">9260.112</dst>
            <dst id="CHINng">42151.264</dst>
            <dst id="DNVRng">7122.80266666667</dst>
            <dst id="HSTNng">23539.1973333333</dst>
            <dst id="IPLSng">16135.4613333333</dst>
            <dst id="KSCYng">8762.784</dst>
            <dst id="LOSAng">33.8346666666667</dst>
            <dst id="NYCMng">10850.6853333333</dst>
            <dst id="SNVAng">0</dst>
            <dst id="STTLng">90.5066666666667</dst>
            <dst id="WASHng">16231.896</dst>
        </src>
        <src id="LOSAng">
            <dst id="ATLA-M5">0</dst>
            <dst id="ATLAng">29848.12</dst>
            <dst id="CHINng">10215.696</dst>
            <dst id="DNVRng">18207.2853333333</dst>
            <dst id="HSTNng">181873.389333333</dst>
            <dst id="IPLSng">682.84</dst>
            <dst id="KSCYng">194.466666666667</dst>
            <dst id="LOSAng">16300.0373333333</dst>
            <dst id="NYCMng">83487.7466666667</dst>
            <dst id="SNVAng">19582.312</dst>
            <dst id="STTLng">29613.368</dst>
            <dst id="WASHng">102641.568</dst>
        </src>
        <src id="NYCMng">
            <dst id="ATLA-M5">0</dst>
            <dst id="ATLAng">41650.1946666667</dst>
            <dst id="CHINng">91656.808</dst>
            <dst id="DNVRng">38911.912</dst>
            <dst id="HSTNng">173788.973333333</dst>
            <dst id="IPLSng">96113.1413333333</dst>
            <dst id="KSCYng">19924.3013333333</dst>
            <dst id="LOSAng">741.725333333333</dst>
            <dst id="NYCMng">271794.96</dst>
            <dst id="SNVAng">53.3333333333333</dst>
            <dst id="STTLng">6251.456</dst>
            <dst id="WASHng">174596.568</dst>
        </src>
        <src id="SNVAng">
            <dst id="ATLA-M5">0</dst>
            <dst id="ATLAng">1717.71466666667</dst>
            <dst id="CHINng">834.178666666667</dst>
            <dst id="DNVRng">8662.31466666667</dst>
            <dst id="HSTNng">5546.016</dst>
            <dst id="IPLSng">0</dst>
            <dst id="KSCYng">1401.848</dst>
            <dst id="LOSAng">47638.328</dst>
            <dst id="NYCMng">9469.67733333333</dst>
            <dst id="SNVAng">15824.28</dst>
            <dst id="STTLng">51957.6906666666</dst>
            <dst id="WASHng">2295.296</dst>
        </src>
        <src id="STTLng">
            <dst id="ATLA-M5">0</dst>
            <dst id="ATLAng">11975.3386666667</dst>
            <dst id="CHINng">22207.8426666667</dst>
            <dst id="DNVRng">6869.00266666667</dst>
            <dst id="HSTNng">54329.0346666667</dst>
            <dst id="IPLSng">302.093333333333</dst>
            <dst id="KSCYng">3309.712</dst>
            <dst id="LOSAng">33427.84</dst>
            <dst id="NYCMng">18210.6373333333</dst>
            <dst id="SNVAng">9403.13333333333</dst>
            <dst id="STTLng">6242.47733333333</dst>
            <dst id="WASHng">38067.56</dst>
        </src>
        <src id="WASHng">
            <dst id="ATLA-M5">0</dst>
            <dst id="ATLAng">85420.2106666667</dst>
            <dst id="CHINng">89898.5306666667</dst>
            <dst id="DNVRng">6823.18666666667</dst>
            <dst id="HSTNng">332284.026666667</dst>
            <dst id="IPLSng">91908.4106666667</dst>
            <dst id="KSCYng">18828.584</dst>
            <dst id="LOSAng">394.101333333333</dst>
            <dst id="NYCMng">271845.2</dst>
            <dst id="SNVAng">309.501333333333</dst>
            <dst id="STTLng">5722.75733333333</dst>
            <dst id="WASHng">271944.453333333</dst>
        </src>
    </IntraTM>
</TrafficMatrixFile>
