<?xml version="1.0" encoding="ISO-8859-1" standalone="yes"?>
<TrafficMatrixFile xsi:noNamespaceSchemaLocation="http://totem.run.montefiore.ulg.ac.be/Schema/TrafficMatrix-v1_2.xsd" xmlns:xsi="http://www.w3.org/2001/XMLSchema-instance">
    <IntraTM ASID="11537">
        <src id="ATLA-M5">
            <dst id="ATLA-M5">26.6666666666667</dst>
            <dst id="ATLAng">492.826666666667</dst>
            <dst id="CHINng">587.245333333334</dst>
            <dst id="DNVRng">0</dst>
            <dst id="HSTNng">247.597333333333</dst>
            <dst id="IPLSng">321.896</dst>
            <dst id="KSCYng">0</dst>
            <dst id="LOSAng">0</dst>
            <dst id="NYCMng">2585.37066666667</dst>
            <dst id="SNVAng">0</dst>
            <dst id="STTLng">0</dst>
            <dst id="WASHng">2129.36</dst>
        </src>
        <src id="ATLAng">
            <dst id="ATLA-M5">0</dst>
            <dst id="ATLAng">25029.4373333333</dst>
            <dst id="CHINng">33419.4373333333</dst>
            <dst id="DNVRng">0</dst>
            <dst id="HSTNng">3277.752</dst>
            <dst id="IPLSng">26092.3973333333</dst>
            <dst id="KSCYng">456.917333333333</dst>
            <dst id="LOSAng">0</dst>
            <dst id="NYCMng">41946.304</dst>
            <dst id="SNVAng">0</dst>
            <dst id="STTLng">0</dst>
            <dst id="WASHng">53370.1413333333</dst>
        </src>
        <src id="CHINng">
            <dst id="ATLA-M5">0</dst>
            <dst id="ATLAng">30752.5493333333</dst>
            <dst id="CHINng">33535.2826666667</dst>
            <dst id="DNVRng">0</dst>
            <dst id="HSTNng">12341.592</dst>
            <dst id="IPLSng">41721.8426666667</dst>
            <dst id="KSCYng">26.6666666666667</dst>
            <dst id="LOSAng">88.768</dst>
            <dst id="NYCMng">212611.610666667</dst>
            <dst id="SNVAng">0</dst>
            <dst id="STTLng">1057.49866666667</dst>
            <dst id="WASHng">36090.328</dst>
        </src>
        <src id="DNVRng">
            <dst id="ATLA-M5">0</dst>
            <dst id="ATLAng">6804.064</dst>
            <dst id="CHINng">33623.2186666667</dst>
            <dst id="DNVRng">17354.624</dst>
            <dst id="HSTNng">36558.3146666667</dst>
            <dst id="IPLSng">27387.528</dst>
            <dst id="KSCYng">23016.2506666667</dst>
            <dst id="LOSAng">450.688</dst>
            <dst id="NYCMng">40696.7386666667</dst>
            <dst id="SNVAng">17919.9013333333</dst>
            <dst id="STTLng">80.5866666666667</dst>
            <dst id="WASHng">38373.184</dst>
        </src>
        <src id="HSTNng">
            <dst id="ATLA-M5">0</dst>
            <dst id="ATLAng">32747.5413333333</dst>
            <dst id="CHINng">1222.90666666667</dst>
            <dst id="DNVRng">53.3333333333333</dst>
            <dst id="HSTNng">110522.741333333</dst>
            <dst id="IPLSng">80</dst>
            <dst id="KSCYng">0</dst>
            <dst id="LOSAng">0</dst>
            <dst id="NYCMng">4298.42933333333</dst>
            <dst id="SNVAng">0</dst>
            <dst id="STTLng">0</dst>
            <dst id="WASHng">111827.805333333</dst>
        </src>
        <src id="IPLSng">
            <dst id="ATLA-M5">0</dst>
            <dst id="ATLAng">13893.9786666667</dst>
            <dst id="CHINng">101138.162666667</dst>
            <dst id="DNVRng">0</dst>
            <dst id="HSTNng">8464.77333333333</dst>
            <dst id="IPLSng">22683.328</dst>
            <dst id="KSCYng">26886.096</dst>
            <dst id="LOSAng">0</dst>
            <dst id="NYCMng">202736.738666667</dst>
            <dst id="SNVAng">80</dst>
            <dst id="STTLng">27.4666666666667</dst>
            <dst id="WASHng">19648.7173333333</dst>
        </src>
        <src id="KSCYng">
            <dst id="ATLA-M5">0</dst>
            <dst id="ATLAng">2668.744</dst>
            <dst id="CHINng">18058.312</dst>
            <dst id="DNVRng">6920.50933333333</dst>
            <dst id="HSTNng">18038.8826666667</dst>
            <dst id="IPLSng">11798.7786666667</dst>
            <dst id="KSCYng">15045.104</dst>
            <dst id="LOSAng">469.162666666667</dst>
            <dst id="NYCMng">16543.9013333333</dst>
            <dst id="SNVAng">0</dst>
            <dst id="STTLng">0</dst>
            <dst id="WASHng">11289.024</dst>
        </src>
        <src id="LOSAng">
            <dst id="ATLA-M5">0</dst>
            <dst id="ATLAng">28698.5546666667</dst>
            <dst id="CHINng">2453.50133333333</dst>
            <dst id="DNVRng">8901.90133333334</dst>
            <dst id="HSTNng">85110.5546666667</dst>
            <dst id="IPLSng">1155.544</dst>
            <dst id="KSCYng">53.3333333333333</dst>
            <dst id="LOSAng">15154.512</dst>
            <dst id="NYCMng">64927.2746666667</dst>
            <dst id="SNVAng">9506.36</dst>
            <dst id="STTLng">21020.5493333333</dst>
            <dst id="WASHng">97018.9893333333</dst>
        </src>
        <src id="NYCMng">
            <dst id="ATLA-M5">0</dst>
            <dst id="ATLAng">33697.6666666667</dst>
            <dst id="CHINng">3773.056</dst>
            <dst id="DNVRng">0</dst>
            <dst id="HSTNng">24135.952</dst>
            <dst id="IPLSng">30.8533333333333</dst>
            <dst id="KSCYng">117.333333333333</dst>
            <dst id="LOSAng">154.082666666667</dst>
            <dst id="NYCMng">441617.28</dst>
            <dst id="SNVAng">26.6666666666667</dst>
            <dst id="STTLng">691.16</dst>
            <dst id="WASHng">86570.312</dst>
        </src>
        <src id="SNVAng">
            <dst id="ATLA-M5">0</dst>
            <dst id="ATLAng">797.130666666667</dst>
            <dst id="CHINng">26.6666666666667</dst>
            <dst id="DNVRng">3510.85866666667</dst>
            <dst id="HSTNng">4564.448</dst>
            <dst id="IPLSng">105.877333333333</dst>
            <dst id="KSCYng">715.426666666667</dst>
            <dst id="LOSAng">35442.8693333333</dst>
            <dst id="NYCMng">5172.57066666667</dst>
            <dst id="SNVAng">15135.9946666667</dst>
            <dst id="STTLng">54986.6213333333</dst>
            <dst id="WASHng">725.754666666666</dst>
        </src>
        <src id="STTLng">
            <dst id="ATLA-M5">0</dst>
            <dst id="ATLAng">7000.55733333333</dst>
            <dst id="CHINng">497.557333333333</dst>
            <dst id="DNVRng">10346.312</dst>
            <dst id="HSTNng">17276.6613333333</dst>
            <dst id="IPLSng">390.341333333333</dst>
            <dst id="KSCYng">3491.83466666667</dst>
            <dst id="LOSAng">21303.088</dst>
            <dst id="NYCMng">48827.6</dst>
            <dst id="SNVAng">13035.8613333333</dst>
            <dst id="STTLng">6577.03466666667</dst>
            <dst id="WASHng">28274.32</dst>
        </src>
        <src id="WASHng">
            <dst id="ATLA-M5">0</dst>
            <dst id="ATLAng">128259.341333333</dst>
            <dst id="CHINng">163.909333333333</dst>
            <dst id="DNVRng">0</dst>
            <dst id="HSTNng">73206.28</dst>
            <dst id="IPLSng">141.376</dst>
            <dst id="KSCYng">64.032</dst>
            <dst id="LOSAng">252.954666666667</dst>
            <dst id="NYCMng">482776.053333333</dst>
            <dst id="SNVAng">0</dst>
            <dst id="STTLng">1411.59466666667</dst>
            <dst id="WASHng">264688.909333333</dst>
        </src>
    </IntraTM>
</TrafficMatrixFile>
