<?xml version="1.0" encoding="ISO-8859-1" standalone="yes"?>
<TrafficMatrixFile xsi:noNamespaceSchemaLocation="http://totem.run.montefiore.ulg.ac.be/Schema/TrafficMatrix-v1_2.xsd" xmlns:xsi="http://www.w3.org/2001/XMLSchema-instance">
    <IntraTM ASID="11537">
        <src id="ATLA-M5">
            <dst id="ATLA-M5">26.6666666666667</dst>
            <dst id="ATLAng">26.6666666666667</dst>
            <dst id="CHINng">445.146666666667</dst>
            <dst id="DNVRng">0</dst>
            <dst id="HSTNng">1743.85866666667</dst>
            <dst id="IPLSng">46.9813333333333</dst>
            <dst id="KSCYng">236.544</dst>
            <dst id="LOSAng">0</dst>
            <dst id="NYCMng">396.202666666667</dst>
            <dst id="SNVAng">0</dst>
            <dst id="STTLng">0</dst>
            <dst id="WASHng">2447.456</dst>
        </src>
        <src id="ATLAng">
            <dst id="ATLA-M5">0</dst>
            <dst id="ATLAng">26618.6426666667</dst>
            <dst id="CHINng">13596.7466666667</dst>
            <dst id="DNVRng">26.6666666666667</dst>
            <dst id="HSTNng">35774.1466666667</dst>
            <dst id="IPLSng">28639.9573333333</dst>
            <dst id="KSCYng">6181.06933333333</dst>
            <dst id="LOSAng">0</dst>
            <dst id="NYCMng">21827.48</dst>
            <dst id="SNVAng">53.3333333333333</dst>
            <dst id="STTLng">80</dst>
            <dst id="WASHng">83965.4133333333</dst>
        </src>
        <src id="CHINng">
            <dst id="ATLA-M5">0</dst>
            <dst id="ATLAng">23523.6986666667</dst>
            <dst id="CHINng">156609.410666667</dst>
            <dst id="DNVRng">16631.272</dst>
            <dst id="HSTNng">120230.394666667</dst>
            <dst id="IPLSng">37906.6373333333</dst>
            <dst id="KSCYng">13381.3013333333</dst>
            <dst id="LOSAng">432.213333333333</dst>
            <dst id="NYCMng">23910.52</dst>
            <dst id="SNVAng">53.3333333333333</dst>
            <dst id="STTLng">1587.55466666667</dst>
            <dst id="WASHng">34146.8133333333</dst>
        </src>
        <src id="DNVRng">
            <dst id="ATLA-M5">0</dst>
            <dst id="ATLAng">7705.74933333333</dst>
            <dst id="CHINng">63726.024</dst>
            <dst id="DNVRng">5672.048</dst>
            <dst id="HSTNng">28183.8933333333</dst>
            <dst id="IPLSng">24789.424</dst>
            <dst id="KSCYng">8670.872</dst>
            <dst id="LOSAng">0</dst>
            <dst id="NYCMng">25113.84</dst>
            <dst id="SNVAng">7065.21333333333</dst>
            <dst id="STTLng">53.3333333333333</dst>
            <dst id="WASHng">36797.7253333333</dst>
        </src>
        <src id="HSTNng">
            <dst id="ATLA-M5">0</dst>
            <dst id="ATLAng">20124.736</dst>
            <dst id="CHINng">2139.99733333333</dst>
            <dst id="DNVRng">26.6666666666667</dst>
            <dst id="HSTNng">138919.554666667</dst>
            <dst id="IPLSng">83.7226666666667</dst>
            <dst id="KSCYng">0</dst>
            <dst id="LOSAng">0</dst>
            <dst id="NYCMng">5816.52533333333</dst>
            <dst id="SNVAng">0</dst>
            <dst id="STTLng">0</dst>
            <dst id="WASHng">88507.504</dst>
        </src>
        <src id="IPLSng">
            <dst id="ATLA-M5">0</dst>
            <dst id="ATLAng">16373.784</dst>
            <dst id="CHINng">174984.413333333</dst>
            <dst id="DNVRng">9245.49866666666</dst>
            <dst id="HSTNng">72065.264</dst>
            <dst id="IPLSng">17275.912</dst>
            <dst id="KSCYng">30246.5546666667</dst>
            <dst id="LOSAng">0</dst>
            <dst id="NYCMng">30133.336</dst>
            <dst id="SNVAng">140.037333333333</dst>
            <dst id="STTLng">53.3333333333333</dst>
            <dst id="WASHng">17397.9253333333</dst>
        </src>
        <src id="KSCYng">
            <dst id="ATLA-M5">0</dst>
            <dst id="ATLAng">4517.37333333333</dst>
            <dst id="CHINng">38437.2106666667</dst>
            <dst id="DNVRng">8426.392</dst>
            <dst id="HSTNng">18930.8186666667</dst>
            <dst id="IPLSng">13632.528</dst>
            <dst id="KSCYng">7754.008</dst>
            <dst id="LOSAng">0</dst>
            <dst id="NYCMng">18416.5226666667</dst>
            <dst id="SNVAng">0</dst>
            <dst id="STTLng">0</dst>
            <dst id="WASHng">10069.896</dst>
        </src>
        <src id="LOSAng">
            <dst id="ATLA-M5">0</dst>
            <dst id="ATLAng">14900.0186666667</dst>
            <dst id="CHINng">12072.4</dst>
            <dst id="DNVRng">6184.40533333333</dst>
            <dst id="HSTNng">158075.456</dst>
            <dst id="IPLSng">753.866666666667</dst>
            <dst id="KSCYng">136.741333333333</dst>
            <dst id="LOSAng">28606.968</dst>
            <dst id="NYCMng">53567.8613333333</dst>
            <dst id="SNVAng">10624.624</dst>
            <dst id="STTLng">27491.8533333333</dst>
            <dst id="WASHng">83336.072</dst>
        </src>
        <src id="NYCMng">
            <dst id="ATLA-M5">0</dst>
            <dst id="ATLAng">21395.6026666667</dst>
            <dst id="CHINng">68931.3573333333</dst>
            <dst id="DNVRng">33487.7653333333</dst>
            <dst id="HSTNng">123481.874666667</dst>
            <dst id="IPLSng">44508.0293333333</dst>
            <dst id="KSCYng">16332.752</dst>
            <dst id="LOSAng">170.736</dst>
            <dst id="NYCMng">221952.04</dst>
            <dst id="SNVAng">80</dst>
            <dst id="STTLng">3008.25333333333</dst>
            <dst id="WASHng">72101.544</dst>
        </src>
        <src id="SNVAng">
            <dst id="ATLA-M5">0</dst>
            <dst id="ATLAng">383.301333333333</dst>
            <dst id="CHINng">691.104</dst>
            <dst id="DNVRng">3664.28266666667</dst>
            <dst id="HSTNng">5384.42133333333</dst>
            <dst id="IPLSng">0</dst>
            <dst id="KSCYng">739.093333333333</dst>
            <dst id="LOSAng">33587.368</dst>
            <dst id="NYCMng">5326.78933333333</dst>
            <dst id="SNVAng">14617.864</dst>
            <dst id="STTLng">50047.4373333333</dst>
            <dst id="WASHng">559.317333333334</dst>
        </src>
        <src id="STTLng">
            <dst id="ATLA-M5">0</dst>
            <dst id="ATLAng">7829.744</dst>
            <dst id="CHINng">24905.648</dst>
            <dst id="DNVRng">4333.656</dst>
            <dst id="HSTNng">40719.192</dst>
            <dst id="IPLSng">239.010666666667</dst>
            <dst id="KSCYng">2065.36533333333</dst>
            <dst id="LOSAng">22939.512</dst>
            <dst id="NYCMng">13687.992</dst>
            <dst id="SNVAng">5442.71733333333</dst>
            <dst id="STTLng">2365.368</dst>
            <dst id="WASHng">32221.56</dst>
        </src>
        <src id="WASHng">
            <dst id="ATLA-M5">0</dst>
            <dst id="ATLAng">119595.253333333</dst>
            <dst id="CHINng">81669.9386666667</dst>
            <dst id="DNVRng">3884.68533333333</dst>
            <dst id="HSTNng">299932.853333333</dst>
            <dst id="IPLSng">48279.0506666667</dst>
            <dst id="KSCYng">15443.2586666667</dst>
            <dst id="LOSAng">26.6666666666667</dst>
            <dst id="NYCMng">165821.08</dst>
            <dst id="SNVAng">218.088</dst>
            <dst id="STTLng">5513.39733333333</dst>
            <dst id="WASHng">385921.466666667</dst>
        </src>
    </IntraTM>
</TrafficMatrixFile>
