<?xml version="1.0" encoding="ISO-8859-1" standalone="yes"?>
<TrafficMatrixFile xsi:noNamespaceSchemaLocation="http://totem.run.montefiore.ulg.ac.be/Schema/TrafficMatrix-v1_2.xsd" xmlns:xsi="http://www.w3.org/2001/XMLSchema-instance">
    <IntraTM ASID="11537">
        <src id="ATLA-M5">
            <dst id="ATLA-M5">0</dst>
            <dst id="ATLAng">853.114666666667</dst>
            <dst id="CHINng">1251.41066666667</dst>
            <dst id="DNVRng">0</dst>
            <dst id="HSTNng">26.6666666666667</dst>
            <dst id="IPLSng">337.901333333333</dst>
            <dst id="KSCYng">0</dst>
            <dst id="LOSAng">0</dst>
            <dst id="NYCMng">1183.61066666667</dst>
            <dst id="SNVAng">0</dst>
            <dst id="STTLng">0</dst>
            <dst id="WASHng">1290.368</dst>
        </src>
        <src id="ATLAng">
            <dst id="ATLA-M5">0</dst>
            <dst id="ATLAng">32680.904</dst>
            <dst id="CHINng">17248.528</dst>
            <dst id="DNVRng">0</dst>
            <dst id="HSTNng">1809.77333333333</dst>
            <dst id="IPLSng">24802.7173333333</dst>
            <dst id="KSCYng">0</dst>
            <dst id="LOSAng">0</dst>
            <dst id="NYCMng">43596.2133333333</dst>
            <dst id="SNVAng">0</dst>
            <dst id="STTLng">181.76</dst>
            <dst id="WASHng">43657.5573333333</dst>
        </src>
        <src id="CHINng">
            <dst id="ATLA-M5">0</dst>
            <dst id="ATLAng">18824.9013333333</dst>
            <dst id="CHINng">24552.088</dst>
            <dst id="DNVRng">0</dst>
            <dst id="HSTNng">12801.3066666667</dst>
            <dst id="IPLSng">36391.2533333333</dst>
            <dst id="KSCYng">80</dst>
            <dst id="LOSAng">0</dst>
            <dst id="NYCMng">197883.949333333</dst>
            <dst id="SNVAng">26.6666666666667</dst>
            <dst id="STTLng">1264.10133333333</dst>
            <dst id="WASHng">30188.1066666667</dst>
        </src>
        <src id="DNVRng">
            <dst id="ATLA-M5">0</dst>
            <dst id="ATLAng">7680.8</dst>
            <dst id="CHINng">27461.8986666667</dst>
            <dst id="DNVRng">2596.25066666667</dst>
            <dst id="HSTNng">26522.5386666667</dst>
            <dst id="IPLSng">24092.8053333333</dst>
            <dst id="KSCYng">9001.63466666666</dst>
            <dst id="LOSAng">0</dst>
            <dst id="NYCMng">35259.328</dst>
            <dst id="SNVAng">7882.13866666667</dst>
            <dst id="STTLng">2136.032</dst>
            <dst id="WASHng">38184.104</dst>
        </src>
        <src id="HSTNng">
            <dst id="ATLA-M5">0</dst>
            <dst id="ATLAng">17355.36</dst>
            <dst id="CHINng">733.208</dst>
            <dst id="DNVRng">0</dst>
            <dst id="HSTNng">70035.1173333333</dst>
            <dst id="IPLSng">80</dst>
            <dst id="KSCYng">0</dst>
            <dst id="LOSAng">26.6666666666667</dst>
            <dst id="NYCMng">2249.264</dst>
            <dst id="SNVAng">0</dst>
            <dst id="STTLng">0</dst>
            <dst id="WASHng">116061.288</dst>
        </src>
        <src id="IPLSng">
            <dst id="ATLA-M5">0</dst>
            <dst id="ATLAng">15501.7146666667</dst>
            <dst id="CHINng">65064.6213333333</dst>
            <dst id="DNVRng">0</dst>
            <dst id="HSTNng">8785.064</dst>
            <dst id="IPLSng">24618.8586666667</dst>
            <dst id="KSCYng">17357.4773333333</dst>
            <dst id="LOSAng">32</dst>
            <dst id="NYCMng">158700.805333333</dst>
            <dst id="SNVAng">26.6666666666667</dst>
            <dst id="STTLng">57.8666666666667</dst>
            <dst id="WASHng">22270.6266666667</dst>
        </src>
        <src id="KSCYng">
            <dst id="ATLA-M5">0</dst>
            <dst id="ATLAng">5416.15733333333</dst>
            <dst id="CHINng">16004.4106666667</dst>
            <dst id="DNVRng">6885.24</dst>
            <dst id="HSTNng">18265.112</dst>
            <dst id="IPLSng">9067.78666666667</dst>
            <dst id="KSCYng">6315.192</dst>
            <dst id="LOSAng">26.6666666666667</dst>
            <dst id="NYCMng">22747.1706666667</dst>
            <dst id="SNVAng">0</dst>
            <dst id="STTLng">0</dst>
            <dst id="WASHng">8299.30933333333</dst>
        </src>
        <src id="LOSAng">
            <dst id="ATLA-M5">0</dst>
            <dst id="ATLAng">13556.7466666667</dst>
            <dst id="CHINng">2233.85333333333</dst>
            <dst id="DNVRng">7465.93866666667</dst>
            <dst id="HSTNng">91608.5013333333</dst>
            <dst id="IPLSng">1352.32</dst>
            <dst id="KSCYng">129.144</dst>
            <dst id="LOSAng">24206.464</dst>
            <dst id="NYCMng">61497.4213333333</dst>
            <dst id="SNVAng">8508.61066666667</dst>
            <dst id="STTLng">16290.128</dst>
            <dst id="WASHng">102815.624</dst>
        </src>
        <src id="NYCMng">
            <dst id="ATLA-M5">0</dst>
            <dst id="ATLAng">25651.9173333333</dst>
            <dst id="CHINng">451.050666666667</dst>
            <dst id="DNVRng">0</dst>
            <dst id="HSTNng">13014.936</dst>
            <dst id="IPLSng">133.333333333333</dst>
            <dst id="KSCYng">80</dst>
            <dst id="LOSAng">68.2773333333333</dst>
            <dst id="NYCMng">346863.146666667</dst>
            <dst id="SNVAng">26.6666666666667</dst>
            <dst id="STTLng">741.552</dst>
            <dst id="WASHng">72232.2186666667</dst>
        </src>
        <src id="SNVAng">
            <dst id="ATLA-M5">0</dst>
            <dst id="ATLAng">488.317333333333</dst>
            <dst id="CHINng">26.6666666666667</dst>
            <dst id="DNVRng">3975.70666666667</dst>
            <dst id="HSTNng">3591.05066666667</dst>
            <dst id="IPLSng">445.290666666667</dst>
            <dst id="KSCYng">474.565333333333</dst>
            <dst id="LOSAng">36076.176</dst>
            <dst id="NYCMng">4287.94133333333</dst>
            <dst id="SNVAng">15223.3013333333</dst>
            <dst id="STTLng">56303.0773333333</dst>
            <dst id="WASHng">1138.48266666667</dst>
        </src>
        <src id="STTLng">
            <dst id="ATLA-M5">0</dst>
            <dst id="ATLAng">6557.6</dst>
            <dst id="CHINng">671.485333333333</dst>
            <dst id="DNVRng">4632.352</dst>
            <dst id="HSTNng">13117.912</dst>
            <dst id="IPLSng">105.370666666667</dst>
            <dst id="KSCYng">2664.09333333333</dst>
            <dst id="LOSAng">18405.1973333333</dst>
            <dst id="NYCMng">42853.6746666667</dst>
            <dst id="SNVAng">3232.59733333333</dst>
            <dst id="STTLng">763.941333333333</dst>
            <dst id="WASHng">24474.4213333333</dst>
        </src>
        <src id="WASHng">
            <dst id="ATLA-M5">0</dst>
            <dst id="ATLAng">157553.850666667</dst>
            <dst id="CHINng">672.4</dst>
            <dst id="DNVRng">0</dst>
            <dst id="HSTNng">78168.9546666667</dst>
            <dst id="IPLSng">163.298666666667</dst>
            <dst id="KSCYng">158.101333333333</dst>
            <dst id="LOSAng">36.5333333333333</dst>
            <dst id="NYCMng">493343.093333333</dst>
            <dst id="SNVAng">26.6666666666667</dst>
            <dst id="STTLng">80</dst>
            <dst id="WASHng">279973.68</dst>
        </src>
    </IntraTM>
</TrafficMatrixFile>
