<?xml version="1.0" encoding="ISO-8859-1" standalone="yes"?>
<TrafficMatrixFile xsi:noNamespaceSchemaLocation="http://totem.run.montefiore.ulg.ac.be/Schema/TrafficMatrix-v1_2.xsd" xmlns:xsi="http://www.w3.org/2001/XMLSchema-instance">
    <IntraTM ASID="11537">
        <src id="ATLA-M5">
            <dst id="ATLA-M5">0</dst>
            <dst id="ATLAng">0</dst>
            <dst id="CHINng">0</dst>
            <dst id="DNVRng">0</dst>
            <dst id="HSTNng">26.6666666666667</dst>
            <dst id="IPLSng">26.6666666666667</dst>
            <dst id="KSCYng">1213.672</dst>
            <dst id="LOSAng">100.64</dst>
            <dst id="NYCMng">436.757333333333</dst>
            <dst id="SNVAng">0</dst>
            <dst id="STTLng">26.6666666666667</dst>
            <dst id="WASHng">3155.29066666667</dst>
        </src>
        <src id="ATLAng">
            <dst id="ATLA-M5">131.994666666667</dst>
            <dst id="ATLAng">24257.1866666667</dst>
            <dst id="CHINng">2728.76</dst>
            <dst id="DNVRng">2704.14666666667</dst>
            <dst id="HSTNng">3358.57866666667</dst>
            <dst id="IPLSng">16985.2426666667</dst>
            <dst id="KSCYng">349.36</dst>
            <dst id="LOSAng">10806.352</dst>
            <dst id="NYCMng">10354.3173333333</dst>
            <dst id="SNVAng">1891.40533333333</dst>
            <dst id="STTLng">5642.12533333333</dst>
            <dst id="WASHng">38425.4133333333</dst>
        </src>
        <src id="CHINng">
            <dst id="ATLA-M5">162.045333333333</dst>
            <dst id="ATLAng">6981.59466666667</dst>
            <dst id="CHINng">84403.3973333333</dst>
            <dst id="DNVRng">12981.0453333333</dst>
            <dst id="HSTNng">5807.94933333333</dst>
            <dst id="IPLSng">21635.8346666667</dst>
            <dst id="KSCYng">5374.392</dst>
            <dst id="LOSAng">49696.376</dst>
            <dst id="NYCMng">11355.5173333333</dst>
            <dst id="SNVAng">3086.50933333333</dst>
            <dst id="STTLng">10150.8853333333</dst>
            <dst id="WASHng">15132.512</dst>
        </src>
        <src id="DNVRng">
            <dst id="ATLA-M5">68.96</dst>
            <dst id="ATLAng">10961.1626666667</dst>
            <dst id="CHINng">62246.5066666667</dst>
            <dst id="DNVRng">16125.3386666667</dst>
            <dst id="HSTNng">15202.7706666667</dst>
            <dst id="IPLSng">31129.3013333333</dst>
            <dst id="KSCYng">24892.92</dst>
            <dst id="LOSAng">12755.4826666667</dst>
            <dst id="NYCMng">16437.1733333333</dst>
            <dst id="SNVAng">13444.72</dst>
            <dst id="STTLng">9951.53066666667</dst>
            <dst id="WASHng">37188.9146666667</dst>
        </src>
        <src id="HSTNng">
            <dst id="ATLA-M5">1287.544</dst>
            <dst id="ATLAng">235.805333333333</dst>
            <dst id="CHINng">11798.8773333333</dst>
            <dst id="DNVRng">1033.232</dst>
            <dst id="HSTNng">9813.89066666667</dst>
            <dst id="IPLSng">3655.784</dst>
            <dst id="KSCYng">3093.89066666667</dst>
            <dst id="LOSAng">11691.6373333333</dst>
            <dst id="NYCMng">1714.66666666667</dst>
            <dst id="SNVAng">0</dst>
            <dst id="STTLng">121.562666666667</dst>
            <dst id="WASHng">1264.54933333333</dst>
        </src>
        <src id="IPLSng">
            <dst id="ATLA-M5">0</dst>
            <dst id="ATLAng">14519.1226666667</dst>
            <dst id="CHINng">96945.0266666667</dst>
            <dst id="DNVRng">21302.5946666667</dst>
            <dst id="HSTNng">2522.39733333333</dst>
            <dst id="IPLSng">11568.6906666667</dst>
            <dst id="KSCYng">6705.42666666667</dst>
            <dst id="LOSAng">14370.104</dst>
            <dst id="NYCMng">23759.7813333333</dst>
            <dst id="SNVAng">228.581333333333</dst>
            <dst id="STTLng">26262.4506666667</dst>
            <dst id="WASHng">8556.95733333333</dst>
        </src>
        <src id="KSCYng">
            <dst id="ATLA-M5">28.96</dst>
            <dst id="ATLAng">795.914666666667</dst>
            <dst id="CHINng">19702.808</dst>
            <dst id="DNVRng">7218.25866666666</dst>
            <dst id="HSTNng">3033.976</dst>
            <dst id="IPLSng">12076.3146666667</dst>
            <dst id="KSCYng">9404.02933333333</dst>
            <dst id="LOSAng">7973.35733333333</dst>
            <dst id="NYCMng">3617.62133333333</dst>
            <dst id="SNVAng">3150.29866666667</dst>
            <dst id="STTLng">9895.46133333333</dst>
            <dst id="WASHng">8318.58933333333</dst>
        </src>
        <src id="LOSAng">
            <dst id="ATLA-M5">26.6666666666667</dst>
            <dst id="ATLAng">5679.776</dst>
            <dst id="CHINng">141768.138666667</dst>
            <dst id="DNVRng">21439.9253333333</dst>
            <dst id="HSTNng">2589.05333333333</dst>
            <dst id="IPLSng">14498.6053333333</dst>
            <dst id="KSCYng">2829.75733333333</dst>
            <dst id="LOSAng">14337.3626666667</dst>
            <dst id="NYCMng">31455.744</dst>
            <dst id="SNVAng">25335.9626666667</dst>
            <dst id="STTLng">38961.0533333333</dst>
            <dst id="WASHng">18546.392</dst>
        </src>
        <src id="NYCMng">
            <dst id="ATLA-M5">564.034666666667</dst>
            <dst id="ATLAng">4918.59733333333</dst>
            <dst id="CHINng">12079.3946666667</dst>
            <dst id="DNVRng">22601.8586666667</dst>
            <dst id="HSTNng">5331.91733333333</dst>
            <dst id="IPLSng">26823.3253333333</dst>
            <dst id="KSCYng">8530.968</dst>
            <dst id="LOSAng">85539.528</dst>
            <dst id="NYCMng">95651.3360000001</dst>
            <dst id="SNVAng">978.693333333333</dst>
            <dst id="STTLng">17042.7173333333</dst>
            <dst id="WASHng">30213.3466666667</dst>
        </src>
        <src id="SNVAng">
            <dst id="ATLA-M5">0</dst>
            <dst id="ATLAng">26.6666666666667</dst>
            <dst id="CHINng">26.6666666666667</dst>
            <dst id="DNVRng">18320.1093333333</dst>
            <dst id="HSTNng">28.9173333333333</dst>
            <dst id="IPLSng">1658.064</dst>
            <dst id="KSCYng">26.6666666666667</dst>
            <dst id="LOSAng">31860.9706666667</dst>
            <dst id="NYCMng">693.877333333333</dst>
            <dst id="SNVAng">3310.944</dst>
            <dst id="STTLng">22363.808</dst>
            <dst id="WASHng">0</dst>
        </src>
        <src id="STTLng">
            <dst id="ATLA-M5">431.725333333333</dst>
            <dst id="ATLAng">5678.024</dst>
            <dst id="CHINng">20298.9813333333</dst>
            <dst id="DNVRng">5904.02133333333</dst>
            <dst id="HSTNng">3258.89066666667</dst>
            <dst id="IPLSng">8544.29066666667</dst>
            <dst id="KSCYng">2710.44266666667</dst>
            <dst id="LOSAng">14735.1866666667</dst>
            <dst id="NYCMng">11071.5546666667</dst>
            <dst id="SNVAng">3242.752</dst>
            <dst id="STTLng">6417.48266666667</dst>
            <dst id="WASHng">5599.21066666667</dst>
        </src>
        <src id="WASHng">
            <dst id="ATLA-M5">1190.968</dst>
            <dst id="ATLAng">55559.7733333333</dst>
            <dst id="CHINng">87400.2693333333</dst>
            <dst id="DNVRng">64945.056</dst>
            <dst id="HSTNng">35595.9386666667</dst>
            <dst id="IPLSng">50771.184</dst>
            <dst id="KSCYng">13068.0746666667</dst>
            <dst id="LOSAng">64726.4906666667</dst>
            <dst id="NYCMng">120735.010666667</dst>
            <dst id="SNVAng">3925.62133333333</dst>
            <dst id="STTLng">58789.4266666667</dst>
            <dst id="WASHng">276976.186666667</dst>
        </src>
    </IntraTM>
</TrafficMatrixFile>
