<?xml version="1.0" encoding="ISO-8859-1" standalone="yes"?>
<TrafficMatrixFile xsi:noNamespaceSchemaLocation="http://totem.run.montefiore.ulg.ac.be/Schema/TrafficMatrix-v1_2.xsd" xmlns:xsi="http://www.w3.org/2001/XMLSchema-instance">
    <IntraTM ASID="11537">
        <src id="ATLA-M5">
            <dst id="ATLA-M5">102.794666666667</dst>
            <dst id="ATLAng">1065.51733333333</dst>
            <dst id="CHINng">229.936</dst>
            <dst id="DNVRng">26.6666666666667</dst>
            <dst id="HSTNng">179.725333333333</dst>
            <dst id="IPLSng">26.6666666666667</dst>
            <dst id="KSCYng">101.706666666667</dst>
            <dst id="LOSAng">266.061333333333</dst>
            <dst id="NYCMng">564.874666666667</dst>
            <dst id="SNVAng">13.3333333333333</dst>
            <dst id="STTLng">0</dst>
            <dst id="WASHng">266.666666666667</dst>
        </src>
        <src id="ATLAng">
            <dst id="ATLA-M5">3510.856</dst>
            <dst id="ATLAng">48556.6693333333</dst>
            <dst id="CHINng">13488.9813333333</dst>
            <dst id="DNVRng">8672.95466666667</dst>
            <dst id="HSTNng">16266.8666666667</dst>
            <dst id="IPLSng">18016.5066666667</dst>
            <dst id="KSCYng">6569.264</dst>
            <dst id="LOSAng">20088.0546666667</dst>
            <dst id="NYCMng">8824.648</dst>
            <dst id="SNVAng">1786.00933333333</dst>
            <dst id="STTLng">9280.49066666667</dst>
            <dst id="WASHng">25214.9706666667</dst>
        </src>
        <src id="CHINng">
            <dst id="ATLA-M5">315.730666666667</dst>
            <dst id="ATLAng">50095.928</dst>
            <dst id="CHINng">51887.752</dst>
            <dst id="DNVRng">11796.0053333333</dst>
            <dst id="HSTNng">15423.1653333333</dst>
            <dst id="IPLSng">52713.0026666667</dst>
            <dst id="KSCYng">31516.9546666667</dst>
            <dst id="LOSAng">39477.0826666667</dst>
            <dst id="NYCMng">20267.1253333333</dst>
            <dst id="SNVAng">6774.96533333333</dst>
            <dst id="STTLng">4095.344</dst>
            <dst id="WASHng">23609.088</dst>
        </src>
        <src id="DNVRng">
            <dst id="ATLA-M5">283.834666666667</dst>
            <dst id="ATLAng">14042.496</dst>
            <dst id="CHINng">49284.768</dst>
            <dst id="DNVRng">18352.3386666667</dst>
            <dst id="HSTNng">22609.8853333333</dst>
            <dst id="IPLSng">52242.496</dst>
            <dst id="KSCYng">29957.8693333333</dst>
            <dst id="LOSAng">31514.6293333333</dst>
            <dst id="NYCMng">12138.344</dst>
            <dst id="SNVAng">16922.264</dst>
            <dst id="STTLng">25904.8773333333</dst>
            <dst id="WASHng">59706.936</dst>
        </src>
        <src id="HSTNng">
            <dst id="ATLA-M5">225.642666666667</dst>
            <dst id="ATLAng">9329.94666666667</dst>
            <dst id="CHINng">7064.21333333333</dst>
            <dst id="DNVRng">2180.184</dst>
            <dst id="HSTNng">17286.5066666667</dst>
            <dst id="IPLSng">6491.288</dst>
            <dst id="KSCYng">3315.25866666667</dst>
            <dst id="LOSAng">5233.488</dst>
            <dst id="NYCMng">5641.93866666667</dst>
            <dst id="SNVAng">62.624</dst>
            <dst id="STTLng">10661.6693333333</dst>
            <dst id="WASHng">12052.3173333333</dst>
        </src>
        <src id="IPLSng">
            <dst id="ATLA-M5">560.117333333333</dst>
            <dst id="ATLAng">27499.384</dst>
            <dst id="CHINng">78314.0186666667</dst>
            <dst id="DNVRng">12282.752</dst>
            <dst id="HSTNng">2586.07733333333</dst>
            <dst id="IPLSng">29011.2293333333</dst>
            <dst id="KSCYng">10717.5493333333</dst>
            <dst id="LOSAng">40749.52</dst>
            <dst id="NYCMng">66089.928</dst>
            <dst id="SNVAng">3371.01866666667</dst>
            <dst id="STTLng">12036.9493333333</dst>
            <dst id="WASHng">34092.6266666667</dst>
        </src>
        <src id="KSCYng">
            <dst id="ATLA-M5">156.893333333333</dst>
            <dst id="ATLAng">6748.74666666667</dst>
            <dst id="CHINng">12947.664</dst>
            <dst id="DNVRng">11447.08</dst>
            <dst id="HSTNng">6926.79466666666</dst>
            <dst id="IPLSng">26960.5706666667</dst>
            <dst id="KSCYng">14083.976</dst>
            <dst id="LOSAng">12428.128</dst>
            <dst id="NYCMng">3751.472</dst>
            <dst id="SNVAng">3250.06133333333</dst>
            <dst id="STTLng">5766.504</dst>
            <dst id="WASHng">24696.072</dst>
        </src>
        <src id="LOSAng">
            <dst id="ATLA-M5">654.44</dst>
            <dst id="ATLAng">24508.9706666667</dst>
            <dst id="CHINng">78555.4293333333</dst>
            <dst id="DNVRng">32241.84</dst>
            <dst id="HSTNng">7846.32</dst>
            <dst id="IPLSng">33806.104</dst>
            <dst id="KSCYng">6444.40266666667</dst>
            <dst id="LOSAng">20097.3786666667</dst>
            <dst id="NYCMng">36579.9413333333</dst>
            <dst id="SNVAng">15444.808</dst>
            <dst id="STTLng">26950.1973333333</dst>
            <dst id="WASHng">112220.688</dst>
        </src>
        <src id="NYCMng">
            <dst id="ATLA-M5">4187.67733333333</dst>
            <dst id="ATLAng">37693.592</dst>
            <dst id="CHINng">23651.424</dst>
            <dst id="DNVRng">38696.3813333333</dst>
            <dst id="HSTNng">12357.904</dst>
            <dst id="IPLSng">49882.1573333333</dst>
            <dst id="KSCYng">14727.9946666667</dst>
            <dst id="LOSAng">88284.088</dst>
            <dst id="NYCMng">116016.018666667</dst>
            <dst id="SNVAng">7374.70933333333</dst>
            <dst id="STTLng">20573.904</dst>
            <dst id="WASHng">86291.2773333333</dst>
        </src>
        <src id="SNVAng">
            <dst id="ATLA-M5">0</dst>
            <dst id="ATLAng">194.573333333333</dst>
            <dst id="CHINng">259.136</dst>
            <dst id="DNVRng">60594.1946666667</dst>
            <dst id="HSTNng">46.2613333333333</dst>
            <dst id="IPLSng">4069.504</dst>
            <dst id="KSCYng">455.312</dst>
            <dst id="LOSAng">34115.5066666667</dst>
            <dst id="NYCMng">296.722666666667</dst>
            <dst id="SNVAng">8616.88266666667</dst>
            <dst id="STTLng">34287.6213333333</dst>
            <dst id="WASHng">883.048</dst>
        </src>
        <src id="STTLng">
            <dst id="ATLA-M5">103.176</dst>
            <dst id="ATLAng">12870.5626666667</dst>
            <dst id="CHINng">21325.7653333333</dst>
            <dst id="DNVRng">5218.552</dst>
            <dst id="HSTNng">8938.67466666667</dst>
            <dst id="IPLSng">10569.2026666667</dst>
            <dst id="KSCYng">3512.336</dst>
            <dst id="LOSAng">29986.312</dst>
            <dst id="NYCMng">14381.744</dst>
            <dst id="SNVAng">6313.76266666667</dst>
            <dst id="STTLng">4931.33333333333</dst>
            <dst id="WASHng">15132.832</dst>
        </src>
        <src id="WASHng">
            <dst id="ATLA-M5">642.122666666667</dst>
            <dst id="ATLAng">129456.421333333</dst>
            <dst id="CHINng">93934.6906666667</dst>
            <dst id="DNVRng">111246.530666667</dst>
            <dst id="HSTNng">20553.28</dst>
            <dst id="IPLSng">66753.6373333333</dst>
            <dst id="KSCYng">15710.3786666667</dst>
            <dst id="LOSAng">70268.68</dst>
            <dst id="NYCMng">182636.213333333</dst>
            <dst id="SNVAng">16240.664</dst>
            <dst id="STTLng">44572.184</dst>
            <dst id="WASHng">253616.685333333</dst>
        </src>
    </IntraTM>
</TrafficMatrixFile>
