<?xml version="1.0" encoding="ISO-8859-1" standalone="yes"?>
<TrafficMatrixFile xsi:noNamespaceSchemaLocation="http://totem.run.montefiore.ulg.ac.be/Schema/TrafficMatrix-v1_2.xsd" xmlns:xsi="http://www.w3.org/2001/XMLSchema-instance">
    <IntraTM ASID="11537">
        <src id="ATLA-M5">
            <dst id="ATLA-M5">0</dst>
            <dst id="ATLAng">83.192</dst>
            <dst id="CHINng">93.8586666666667</dst>
            <dst id="DNVRng">0</dst>
            <dst id="HSTNng">161.674666666667</dst>
            <dst id="IPLSng">0</dst>
            <dst id="KSCYng">53.3333333333333</dst>
            <dst id="LOSAng">442.224</dst>
            <dst id="NYCMng">26.6666666666667</dst>
            <dst id="SNVAng">0</dst>
            <dst id="STTLng">0</dst>
            <dst id="WASHng">98.72</dst>
        </src>
        <src id="ATLAng">
            <dst id="ATLA-M5">315.885333333333</dst>
            <dst id="ATLAng">16407.6293333333</dst>
            <dst id="CHINng">5871.44533333333</dst>
            <dst id="DNVRng">1527.58133333333</dst>
            <dst id="HSTNng">5791.28266666667</dst>
            <dst id="IPLSng">21790.3466666667</dst>
            <dst id="KSCYng">1402.14933333333</dst>
            <dst id="LOSAng">8088.072</dst>
            <dst id="NYCMng">3696.85066666667</dst>
            <dst id="SNVAng">265.802666666667</dst>
            <dst id="STTLng">10453.104</dst>
            <dst id="WASHng">20975.5546666667</dst>
        </src>
        <src id="CHINng">
            <dst id="ATLA-M5">56.4853333333333</dst>
            <dst id="ATLAng">27735.0426666667</dst>
            <dst id="CHINng">48731.4586666667</dst>
            <dst id="DNVRng">10955.88</dst>
            <dst id="HSTNng">6934.87466666667</dst>
            <dst id="IPLSng">40358.0933333333</dst>
            <dst id="KSCYng">4691.66133333333</dst>
            <dst id="LOSAng">49975.3653333333</dst>
            <dst id="NYCMng">16204.624</dst>
            <dst id="SNVAng">6059.25066666667</dst>
            <dst id="STTLng">7984.41066666666</dst>
            <dst id="WASHng">34586.8666666667</dst>
        </src>
        <src id="DNVRng">
            <dst id="ATLA-M5">140.914666666667</dst>
            <dst id="ATLAng">5784.09333333333</dst>
            <dst id="CHINng">46145.7626666667</dst>
            <dst id="DNVRng">20521.744</dst>
            <dst id="HSTNng">17024.7653333333</dst>
            <dst id="IPLSng">49247.48</dst>
            <dst id="KSCYng">31068.0746666667</dst>
            <dst id="LOSAng">30300.3413333333</dst>
            <dst id="NYCMng">13978.0773333333</dst>
            <dst id="SNVAng">17995.7813333333</dst>
            <dst id="STTLng">42321.5386666667</dst>
            <dst id="WASHng">43194.7786666667</dst>
        </src>
        <src id="HSTNng">
            <dst id="ATLA-M5">340.976</dst>
            <dst id="ATLAng">16434.5306666667</dst>
            <dst id="CHINng">13257.592</dst>
            <dst id="DNVRng">919.589333333333</dst>
            <dst id="HSTNng">12619.872</dst>
            <dst id="IPLSng">1306.33333333333</dst>
            <dst id="KSCYng">1294.23466666667</dst>
            <dst id="LOSAng">5865.34933333333</dst>
            <dst id="NYCMng">5009.56</dst>
            <dst id="SNVAng">0</dst>
            <dst id="STTLng">7800.37333333333</dst>
            <dst id="WASHng">5108.312</dst>
        </src>
        <src id="IPLSng">
            <dst id="ATLA-M5">26.6666666666667</dst>
            <dst id="ATLAng">29704.8106666667</dst>
            <dst id="CHINng">69813.2773333333</dst>
            <dst id="DNVRng">6308.73333333333</dst>
            <dst id="HSTNng">1280.17333333333</dst>
            <dst id="IPLSng">23037.7706666667</dst>
            <dst id="KSCYng">3302.96266666667</dst>
            <dst id="LOSAng">34104.872</dst>
            <dst id="NYCMng">30169.8453333333</dst>
            <dst id="SNVAng">704.792</dst>
            <dst id="STTLng">13092.8373333333</dst>
            <dst id="WASHng">27530.7786666667</dst>
        </src>
        <src id="KSCYng">
            <dst id="ATLA-M5">1752.83733333333</dst>
            <dst id="ATLAng">3504.744</dst>
            <dst id="CHINng">14208.6053333333</dst>
            <dst id="DNVRng">10691.1253333333</dst>
            <dst id="HSTNng">11805.8826666667</dst>
            <dst id="IPLSng">12465.4506666667</dst>
            <dst id="KSCYng">6568.58666666667</dst>
            <dst id="LOSAng">5613.56</dst>
            <dst id="NYCMng">4919.97333333333</dst>
            <dst id="SNVAng">2446.528</dst>
            <dst id="STTLng">5819.512</dst>
            <dst id="WASHng">14157.7466666667</dst>
        </src>
        <src id="LOSAng">
            <dst id="ATLA-M5">667.888</dst>
            <dst id="ATLAng">22375.752</dst>
            <dst id="CHINng">71725.3466666667</dst>
            <dst id="DNVRng">36990.504</dst>
            <dst id="HSTNng">4600.552</dst>
            <dst id="IPLSng">20478.752</dst>
            <dst id="KSCYng">4401.49333333333</dst>
            <dst id="LOSAng">23611.0693333333</dst>
            <dst id="NYCMng">33733.112</dst>
            <dst id="SNVAng">15368.1146666667</dst>
            <dst id="STTLng">21136.6506666667</dst>
            <dst id="WASHng">21232.048</dst>
        </src>
        <src id="NYCMng">
            <dst id="ATLA-M5">283.744</dst>
            <dst id="ATLAng">25013.2026666667</dst>
            <dst id="CHINng">15876.2986666667</dst>
            <dst id="DNVRng">29716.432</dst>
            <dst id="HSTNng">8513.77866666667</dst>
            <dst id="IPLSng">26259.448</dst>
            <dst id="KSCYng">10352.976</dst>
            <dst id="LOSAng">82013.08</dst>
            <dst id="NYCMng">105846.805333333</dst>
            <dst id="SNVAng">2091.79466666667</dst>
            <dst id="STTLng">32390.0453333333</dst>
            <dst id="WASHng">49081.3733333333</dst>
        </src>
        <src id="SNVAng">
            <dst id="ATLA-M5">0</dst>
            <dst id="ATLAng">29.0133333333333</dst>
            <dst id="CHINng">26.6666666666667</dst>
            <dst id="DNVRng">4076.66933333333</dst>
            <dst id="HSTNng">61.4666666666667</dst>
            <dst id="IPLSng">225.802666666667</dst>
            <dst id="KSCYng">26.6666666666667</dst>
            <dst id="LOSAng">37175.3893333333</dst>
            <dst id="NYCMng">571.754666666667</dst>
            <dst id="SNVAng">5909.34133333333</dst>
            <dst id="STTLng">28952.168</dst>
            <dst id="WASHng">26.6666666666667</dst>
        </src>
        <src id="STTLng">
            <dst id="ATLA-M5">55.0426666666666</dst>
            <dst id="ATLAng">8534.88533333333</dst>
            <dst id="CHINng">15259.5066666667</dst>
            <dst id="DNVRng">4113.456</dst>
            <dst id="HSTNng">8796.75733333333</dst>
            <dst id="IPLSng">8092.83466666667</dst>
            <dst id="KSCYng">2102.976</dst>
            <dst id="LOSAng">21692.7226666667</dst>
            <dst id="NYCMng">11470.8986666667</dst>
            <dst id="SNVAng">5514.576</dst>
            <dst id="STTLng">6423.17066666667</dst>
            <dst id="WASHng">13164.712</dst>
        </src>
        <src id="WASHng">
            <dst id="ATLA-M5">107.848</dst>
            <dst id="ATLAng">84805.9493333333</dst>
            <dst id="CHINng">47815.5946666667</dst>
            <dst id="DNVRng">85122.5653333333</dst>
            <dst id="HSTNng">19448.24</dst>
            <dst id="IPLSng">60212.4693333333</dst>
            <dst id="KSCYng">11083.4986666667</dst>
            <dst id="LOSAng">73250.736</dst>
            <dst id="NYCMng">131606.418666667</dst>
            <dst id="SNVAng">17853.7946666667</dst>
            <dst id="STTLng">54954.744</dst>
            <dst id="WASHng">220093.098666667</dst>
        </src>
    </IntraTM>
</TrafficMatrixFile>
