<?xml version="1.0" encoding="ISO-8859-1" standalone="yes"?>
<TrafficMatrixFile xsi:noNamespaceSchemaLocation="http://totem.run.montefiore.ulg.ac.be/Schema/TrafficMatrix-v1_2.xsd" xmlns:xsi="http://www.w3.org/2001/XMLSchema-instance">
    <IntraTM ASID="11537">
        <src id="ATLA-M5">
            <dst id="ATLA-M5">0</dst>
            <dst id="ATLAng">0</dst>
            <dst id="CHINng">53.008</dst>
            <dst id="DNVRng">26.6666666666667</dst>
            <dst id="HSTNng">43.9226666666667</dst>
            <dst id="IPLSng">26.6666666666667</dst>
            <dst id="KSCYng">26.6666666666667</dst>
            <dst id="LOSAng">1159.288</dst>
            <dst id="NYCMng">271.989333333333</dst>
            <dst id="SNVAng">0</dst>
            <dst id="STTLng">40</dst>
            <dst id="WASHng">738.341333333333</dst>
        </src>
        <src id="ATLAng">
            <dst id="ATLA-M5">395.282666666667</dst>
            <dst id="ATLAng">5959.03733333333</dst>
            <dst id="CHINng">3228</dst>
            <dst id="DNVRng">2933.04</dst>
            <dst id="HSTNng">503.594666666667</dst>
            <dst id="IPLSng">27794.0666666667</dst>
            <dst id="KSCYng">478.688</dst>
            <dst id="LOSAng">12873.1426666667</dst>
            <dst id="NYCMng">4781.36266666667</dst>
            <dst id="SNVAng">387.129333333333</dst>
            <dst id="STTLng">13315.4853333333</dst>
            <dst id="WASHng">30808.3306666667</dst>
        </src>
        <src id="CHINng">
            <dst id="ATLA-M5">53.3333333333333</dst>
            <dst id="ATLAng">8457.32533333333</dst>
            <dst id="CHINng">40884.5546666667</dst>
            <dst id="DNVRng">8188.456</dst>
            <dst id="HSTNng">5076.904</dst>
            <dst id="IPLSng">69121.8426666667</dst>
            <dst id="KSCYng">3460.16</dst>
            <dst id="LOSAng">41292.928</dst>
            <dst id="NYCMng">7898.23466666667</dst>
            <dst id="SNVAng">230.005333333333</dst>
            <dst id="STTLng">5049.24266666667</dst>
            <dst id="WASHng">53570.128</dst>
        </src>
        <src id="DNVRng">
            <dst id="ATLA-M5">405.338666666667</dst>
            <dst id="ATLAng">2225.65066666667</dst>
            <dst id="CHINng">65922.9306666667</dst>
            <dst id="DNVRng">15287.752</dst>
            <dst id="HSTNng">21273.168</dst>
            <dst id="IPLSng">33336.6106666667</dst>
            <dst id="KSCYng">23477.832</dst>
            <dst id="LOSAng">16407.5706666667</dst>
            <dst id="NYCMng">10816.92</dst>
            <dst id="SNVAng">14677.4213333333</dst>
            <dst id="STTLng">20457.712</dst>
            <dst id="WASHng">33136.1146666667</dst>
        </src>
        <src id="HSTNng">
            <dst id="ATLA-M5">1958.31466666667</dst>
            <dst id="ATLAng">11155.7733333333</dst>
            <dst id="CHINng">6048.19733333333</dst>
            <dst id="DNVRng">823.994666666667</dst>
            <dst id="HSTNng">11710.1893333333</dst>
            <dst id="IPLSng">1038.17866666667</dst>
            <dst id="KSCYng">551.154666666667</dst>
            <dst id="LOSAng">10207.208</dst>
            <dst id="NYCMng">6667.184</dst>
            <dst id="SNVAng">0</dst>
            <dst id="STTLng">651.450666666667</dst>
            <dst id="WASHng">780.197333333333</dst>
        </src>
        <src id="IPLSng">
            <dst id="ATLA-M5">0</dst>
            <dst id="ATLAng">25538.2453333333</dst>
            <dst id="CHINng">56540.8026666667</dst>
            <dst id="DNVRng">5400.69866666667</dst>
            <dst id="HSTNng">4779.01066666667</dst>
            <dst id="IPLSng">3866.09066666667</dst>
            <dst id="KSCYng">12777.9333333333</dst>
            <dst id="LOSAng">21290.6693333333</dst>
            <dst id="NYCMng">35366.8853333333</dst>
            <dst id="SNVAng">1787.03733333333</dst>
            <dst id="STTLng">9864.68533333333</dst>
            <dst id="WASHng">10314.024</dst>
        </src>
        <src id="KSCYng">
            <dst id="ATLA-M5">922.741333333333</dst>
            <dst id="ATLAng">1715.58133333333</dst>
            <dst id="CHINng">9279.82666666667</dst>
            <dst id="DNVRng">9368.01866666667</dst>
            <dst id="HSTNng">2672.58133333333</dst>
            <dst id="IPLSng">10944.032</dst>
            <dst id="KSCYng">6455.13866666667</dst>
            <dst id="LOSAng">8392.46133333333</dst>
            <dst id="NYCMng">3053.65866666667</dst>
            <dst id="SNVAng">2919.52266666667</dst>
            <dst id="STTLng">9668.96</dst>
            <dst id="WASHng">6361.65333333333</dst>
        </src>
        <src id="LOSAng">
            <dst id="ATLA-M5">616.474666666667</dst>
            <dst id="ATLAng">13718.904</dst>
            <dst id="CHINng">87528.664</dst>
            <dst id="DNVRng">22422.2133333333</dst>
            <dst id="HSTNng">7373.92</dst>
            <dst id="IPLSng">11981.1146666667</dst>
            <dst id="KSCYng">3053.768</dst>
            <dst id="LOSAng">19704.1973333333</dst>
            <dst id="NYCMng">51555.776</dst>
            <dst id="SNVAng">8266.49333333333</dst>
            <dst id="STTLng">24859.7013333333</dst>
            <dst id="WASHng">23179.4826666667</dst>
        </src>
        <src id="NYCMng">
            <dst id="ATLA-M5">455.424</dst>
            <dst id="ATLAng">16107.8453333333</dst>
            <dst id="CHINng">11394.8826666667</dst>
            <dst id="DNVRng">24319.7093333333</dst>
            <dst id="HSTNng">8337.24533333333</dst>
            <dst id="IPLSng">12483.568</dst>
            <dst id="KSCYng">8955.73866666667</dst>
            <dst id="LOSAng">81866.5306666667</dst>
            <dst id="NYCMng">69696.8266666667</dst>
            <dst id="SNVAng">2207.496</dst>
            <dst id="STTLng">22134.7013333333</dst>
            <dst id="WASHng">43014.656</dst>
        </src>
        <src id="SNVAng">
            <dst id="ATLA-M5">0</dst>
            <dst id="ATLAng">117.514666666667</dst>
            <dst id="CHINng">0</dst>
            <dst id="DNVRng">379.784</dst>
            <dst id="HSTNng">41.632</dst>
            <dst id="IPLSng">239.554666666667</dst>
            <dst id="KSCYng">0</dst>
            <dst id="LOSAng">33224.584</dst>
            <dst id="NYCMng">278.933333333333</dst>
            <dst id="SNVAng">4672.08266666667</dst>
            <dst id="STTLng">26891.2853333333</dst>
            <dst id="WASHng">0</dst>
        </src>
        <src id="STTLng">
            <dst id="ATLA-M5">152.978666666667</dst>
            <dst id="ATLAng">5937.936</dst>
            <dst id="CHINng">14599.784</dst>
            <dst id="DNVRng">3296.264</dst>
            <dst id="HSTNng">756.538666666667</dst>
            <dst id="IPLSng">6918.47733333333</dst>
            <dst id="KSCYng">1854.664</dst>
            <dst id="LOSAng">19924.5653333333</dst>
            <dst id="NYCMng">12464.2053333333</dst>
            <dst id="SNVAng">5229.62133333333</dst>
            <dst id="STTLng">5757.10133333333</dst>
            <dst id="WASHng">4773.66133333333</dst>
        </src>
        <src id="WASHng">
            <dst id="ATLA-M5">22316.52</dst>
            <dst id="ATLAng">61726.8693333333</dst>
            <dst id="CHINng">48429.0266666667</dst>
            <dst id="DNVRng">52900.8533333333</dst>
            <dst id="HSTNng">11367.44</dst>
            <dst id="IPLSng">42649.8933333333</dst>
            <dst id="KSCYng">17816.0053333333</dst>
            <dst id="LOSAng">78580.032</dst>
            <dst id="NYCMng">130907.349333333</dst>
            <dst id="SNVAng">5087.58933333333</dst>
            <dst id="STTLng">51880.184</dst>
            <dst id="WASHng">238765.541333333</dst>
        </src>
    </IntraTM>
</TrafficMatrixFile>
