<?xml version="1.0" encoding="ISO-8859-1" standalone="yes"?>
<TrafficMatrixFile xsi:noNamespaceSchemaLocation="http://totem.run.montefiore.ulg.ac.be/Schema/TrafficMatrix-v1_2.xsd" xmlns:xsi="http://www.w3.org/2001/XMLSchema-instance">
    <IntraTM ASID="11537">
        <src id="ATLA-M5">
            <dst id="ATLA-M5">140.845333333333</dst>
            <dst id="ATLAng">75.5093333333333</dst>
            <dst id="CHINng">119.466666666667</dst>
            <dst id="DNVRng">60</dst>
            <dst id="HSTNng">79.848</dst>
            <dst id="IPLSng">152.437333333333</dst>
            <dst id="KSCYng">88.8853333333333</dst>
            <dst id="LOSAng">166.549333333333</dst>
            <dst id="NYCMng">53.3333333333333</dst>
            <dst id="SNVAng">0</dst>
            <dst id="STTLng">80</dst>
            <dst id="WASHng">2093.20266666667</dst>
        </src>
        <src id="ATLAng">
            <dst id="ATLA-M5">3620.86666666667</dst>
            <dst id="ATLAng">10068.6746666667</dst>
            <dst id="CHINng">13120.5893333333</dst>
            <dst id="DNVRng">5127.552</dst>
            <dst id="HSTNng">18030.0826666667</dst>
            <dst id="IPLSng">31929.0906666667</dst>
            <dst id="KSCYng">1990.11733333333</dst>
            <dst id="LOSAng">8140.75333333333</dst>
            <dst id="NYCMng">8033.06933333333</dst>
            <dst id="SNVAng">897.070666666667</dst>
            <dst id="STTLng">11055.256</dst>
            <dst id="WASHng">48816.6453333333</dst>
        </src>
        <src id="CHINng">
            <dst id="ATLA-M5">75.92</dst>
            <dst id="ATLAng">24435.6373333333</dst>
            <dst id="CHINng">53825.384</dst>
            <dst id="DNVRng">5427.088</dst>
            <dst id="HSTNng">23024.7653333333</dst>
            <dst id="IPLSng">32031.2666666667</dst>
            <dst id="KSCYng">16816.5093333333</dst>
            <dst id="LOSAng">51819.7333333333</dst>
            <dst id="NYCMng">12418.0346666667</dst>
            <dst id="SNVAng">3368.62133333333</dst>
            <dst id="STTLng">10046.4186666667</dst>
            <dst id="WASHng">22309.7706666667</dst>
        </src>
        <src id="DNVRng">
            <dst id="ATLA-M5">373.893333333333</dst>
            <dst id="ATLAng">6639.30666666667</dst>
            <dst id="CHINng">57032.184</dst>
            <dst id="DNVRng">12137.9653333333</dst>
            <dst id="HSTNng">26085.9653333333</dst>
            <dst id="IPLSng">34670.6826666667</dst>
            <dst id="KSCYng">29063.9733333333</dst>
            <dst id="LOSAng">20075.248</dst>
            <dst id="NYCMng">17801.6346666667</dst>
            <dst id="SNVAng">23657.12</dst>
            <dst id="STTLng">10400.1626666667</dst>
            <dst id="WASHng">44407.8853333333</dst>
        </src>
        <src id="HSTNng">
            <dst id="ATLA-M5">2087.76266666667</dst>
            <dst id="ATLAng">11829.7146666667</dst>
            <dst id="CHINng">14110.864</dst>
            <dst id="DNVRng">1281.24533333333</dst>
            <dst id="HSTNng">14116.576</dst>
            <dst id="IPLSng">4603.464</dst>
            <dst id="KSCYng">2112.248</dst>
            <dst id="LOSAng">10336.856</dst>
            <dst id="NYCMng">6953.296</dst>
            <dst id="SNVAng">847.210666666667</dst>
            <dst id="STTLng">4957.51733333333</dst>
            <dst id="WASHng">6143.24</dst>
        </src>
        <src id="IPLSng">
            <dst id="ATLA-M5">277.906666666667</dst>
            <dst id="ATLAng">25831.6613333333</dst>
            <dst id="CHINng">64490.4133333333</dst>
            <dst id="DNVRng">12574.032</dst>
            <dst id="HSTNng">6287.36266666667</dst>
            <dst id="IPLSng">19159.728</dst>
            <dst id="KSCYng">6648.18666666667</dst>
            <dst id="LOSAng">15596.1013333333</dst>
            <dst id="NYCMng">27117.84</dst>
            <dst id="SNVAng">1175.17333333333</dst>
            <dst id="STTLng">16211.752</dst>
            <dst id="WASHng">15742.4773333333</dst>
        </src>
        <src id="KSCYng">
            <dst id="ATLA-M5">26.6666666666667</dst>
            <dst id="ATLAng">2043.312</dst>
            <dst id="CHINng">19104.4586666667</dst>
            <dst id="DNVRng">8795.824</dst>
            <dst id="HSTNng">10410.312</dst>
            <dst id="IPLSng">12287.8986666667</dst>
            <dst id="KSCYng">10844.3066666667</dst>
            <dst id="LOSAng">5957.368</dst>
            <dst id="NYCMng">2793.016</dst>
            <dst id="SNVAng">2225.69333333333</dst>
            <dst id="STTLng">3671.13866666667</dst>
            <dst id="WASHng">18946.744</dst>
        </src>
        <src id="LOSAng">
            <dst id="ATLA-M5">65.1173333333333</dst>
            <dst id="ATLAng">20906.392</dst>
            <dst id="CHINng">132822.858666667</dst>
            <dst id="DNVRng">23032.712</dst>
            <dst id="HSTNng">8425.40533333334</dst>
            <dst id="IPLSng">28344.096</dst>
            <dst id="KSCYng">12708.9386666667</dst>
            <dst id="LOSAng">17768.8613333333</dst>
            <dst id="NYCMng">42977.0213333333</dst>
            <dst id="SNVAng">26301.7013333333</dst>
            <dst id="STTLng">20405.248</dst>
            <dst id="WASHng">25926.1173333333</dst>
        </src>
        <src id="NYCMng">
            <dst id="ATLA-M5">557.733333333333</dst>
            <dst id="ATLAng">35728.168</dst>
            <dst id="CHINng">17280.536</dst>
            <dst id="DNVRng">31348.3733333333</dst>
            <dst id="HSTNng">14778.904</dst>
            <dst id="IPLSng">46940.9973333333</dst>
            <dst id="KSCYng">16075.2053333333</dst>
            <dst id="LOSAng">86598.0053333333</dst>
            <dst id="NYCMng">106779.842666667</dst>
            <dst id="SNVAng">4545.57066666667</dst>
            <dst id="STTLng">26052.2053333333</dst>
            <dst id="WASHng">82140.7253333333</dst>
        </src>
        <src id="SNVAng">
            <dst id="ATLA-M5">0</dst>
            <dst id="ATLAng">30.3893333333333</dst>
            <dst id="CHINng">262.901333333333</dst>
            <dst id="DNVRng">14131.6986666667</dst>
            <dst id="HSTNng">501.408</dst>
            <dst id="IPLSng">440.549333333333</dst>
            <dst id="KSCYng">26.6666666666667</dst>
            <dst id="LOSAng">29585.6213333333</dst>
            <dst id="NYCMng">2070.41066666667</dst>
            <dst id="SNVAng">5980.54933333333</dst>
            <dst id="STTLng">31272.6773333333</dst>
            <dst id="WASHng">453</dst>
        </src>
        <src id="STTLng">
            <dst id="ATLA-M5">230.117333333333</dst>
            <dst id="ATLAng">11219.4746666667</dst>
            <dst id="CHINng">26489.072</dst>
            <dst id="DNVRng">8656.91733333333</dst>
            <dst id="HSTNng">3013.76</dst>
            <dst id="IPLSng">11185.4453333333</dst>
            <dst id="KSCYng">7309.50933333333</dst>
            <dst id="LOSAng">17388.2373333333</dst>
            <dst id="NYCMng">14829.6453333333</dst>
            <dst id="SNVAng">10892.7973333333</dst>
            <dst id="STTLng">7079.45866666666</dst>
            <dst id="WASHng">18661.8</dst>
        </src>
        <src id="WASHng">
            <dst id="ATLA-M5">426.808</dst>
            <dst id="ATLAng">126201.266666667</dst>
            <dst id="CHINng">74929.6666666667</dst>
            <dst id="DNVRng">80385.5626666667</dst>
            <dst id="HSTNng">20082.4453333333</dst>
            <dst id="IPLSng">63767.528</dst>
            <dst id="KSCYng">23432.3173333333</dst>
            <dst id="LOSAng">72200.7866666667</dst>
            <dst id="NYCMng">185828.312</dst>
            <dst id="SNVAng">10752.072</dst>
            <dst id="STTLng">34287.6986666667</dst>
            <dst id="WASHng">284848.373333333</dst>
        </src>
    </IntraTM>
</TrafficMatrixFile>
