<?xml version="1.0" encoding="ISO-8859-1" standalone="yes"?>
<TrafficMatrixFile xsi:noNamespaceSchemaLocation="http://totem.run.montefiore.ulg.ac.be/Schema/TrafficMatrix-v1_2.xsd" xmlns:xsi="http://www.w3.org/2001/XMLSchema-instance">
    <IntraTM ASID="11537">
        <src id="ATLA-M5">
            <dst id="ATLA-M5">0</dst>
            <dst id="ATLAng">100.570666666667</dst>
            <dst id="CHINng">147.794666666667</dst>
            <dst id="DNVRng">0</dst>
            <dst id="HSTNng">83.0506666666667</dst>
            <dst id="IPLSng">53.3333333333333</dst>
            <dst id="KSCYng">53.3333333333333</dst>
            <dst id="LOSAng">531.288</dst>
            <dst id="NYCMng">477.045333333333</dst>
            <dst id="SNVAng">0</dst>
            <dst id="STTLng">0</dst>
            <dst id="WASHng">593.221333333333</dst>
        </src>
        <src id="ATLAng">
            <dst id="ATLA-M5">409.698666666667</dst>
            <dst id="ATLAng">6575.50933333333</dst>
            <dst id="CHINng">2523.872</dst>
            <dst id="DNVRng">3374.22666666667</dst>
            <dst id="HSTNng">2356.824</dst>
            <dst id="IPLSng">26101.9706666667</dst>
            <dst id="KSCYng">577.309333333333</dst>
            <dst id="LOSAng">31198.0986666667</dst>
            <dst id="NYCMng">5324.232</dst>
            <dst id="SNVAng">81.44</dst>
            <dst id="STTLng">7864.92533333333</dst>
            <dst id="WASHng">22807.016</dst>
        </src>
        <src id="CHINng">
            <dst id="ATLA-M5">164.096</dst>
            <dst id="ATLAng">10230.008</dst>
            <dst id="CHINng">35702.3386666667</dst>
            <dst id="DNVRng">20313.7146666667</dst>
            <dst id="HSTNng">8069.4</dst>
            <dst id="IPLSng">79477.0986666667</dst>
            <dst id="KSCYng">3304.352</dst>
            <dst id="LOSAng">36635.464</dst>
            <dst id="NYCMng">7289.13866666667</dst>
            <dst id="SNVAng">837.037333333333</dst>
            <dst id="STTLng">4609.384</dst>
            <dst id="WASHng">33200.6373333333</dst>
        </src>
        <src id="DNVRng">
            <dst id="ATLA-M5">176.986666666667</dst>
            <dst id="ATLAng">2802.61333333333</dst>
            <dst id="CHINng">62061.8613333333</dst>
            <dst id="DNVRng">8358.41333333334</dst>
            <dst id="HSTNng">17869.7333333333</dst>
            <dst id="IPLSng">32530.3386666667</dst>
            <dst id="KSCYng">21830.216</dst>
            <dst id="LOSAng">13760.5573333333</dst>
            <dst id="NYCMng">9282.98666666667</dst>
            <dst id="SNVAng">11288.9786666667</dst>
            <dst id="STTLng">20957.608</dst>
            <dst id="WASHng">32704.9013333333</dst>
        </src>
        <src id="HSTNng">
            <dst id="ATLA-M5">2947.02133333333</dst>
            <dst id="ATLAng">6303.856</dst>
            <dst id="CHINng">4414.48</dst>
            <dst id="DNVRng">660.976</dst>
            <dst id="HSTNng">12121.616</dst>
            <dst id="IPLSng">1149.18133333333</dst>
            <dst id="KSCYng">538.88</dst>
            <dst id="LOSAng">7566.30933333333</dst>
            <dst id="NYCMng">4505.216</dst>
            <dst id="SNVAng">67.0666666666667</dst>
            <dst id="STTLng">1532.77333333333</dst>
            <dst id="WASHng">686.165333333333</dst>
        </src>
        <src id="IPLSng">
            <dst id="ATLA-M5">26.6666666666667</dst>
            <dst id="ATLAng">14679.3413333333</dst>
            <dst id="CHINng">59986.4106666666</dst>
            <dst id="DNVRng">13853.9733333333</dst>
            <dst id="HSTNng">11496.832</dst>
            <dst id="IPLSng">13796.3013333333</dst>
            <dst id="KSCYng">3517.928</dst>
            <dst id="LOSAng">20125.384</dst>
            <dst id="NYCMng">22304.7333333333</dst>
            <dst id="SNVAng">650.162666666667</dst>
            <dst id="STTLng">8119.36266666667</dst>
            <dst id="WASHng">19997.9573333333</dst>
        </src>
        <src id="KSCYng">
            <dst id="ATLA-M5">854.378666666667</dst>
            <dst id="ATLAng">1582.456</dst>
            <dst id="CHINng">10361.008</dst>
            <dst id="DNVRng">11210.9893333333</dst>
            <dst id="HSTNng">5044.68266666667</dst>
            <dst id="IPLSng">13341.4053333333</dst>
            <dst id="KSCYng">8669.968</dst>
            <dst id="LOSAng">9481.53333333333</dst>
            <dst id="NYCMng">3887.544</dst>
            <dst id="SNVAng">4222.25866666667</dst>
            <dst id="STTLng">7046.70133333333</dst>
            <dst id="WASHng">6813.09866666667</dst>
        </src>
        <src id="LOSAng">
            <dst id="ATLA-M5">660.221333333333</dst>
            <dst id="ATLAng">23387.2773333333</dst>
            <dst id="CHINng">68432.824</dst>
            <dst id="DNVRng">22114.1573333333</dst>
            <dst id="HSTNng">2552.74133333333</dst>
            <dst id="IPLSng">22740.6773333333</dst>
            <dst id="KSCYng">2918.04266666667</dst>
            <dst id="LOSAng">20593.896</dst>
            <dst id="NYCMng">49712.9786666667</dst>
            <dst id="SNVAng">11725.7253333333</dst>
            <dst id="STTLng">25439.4106666667</dst>
            <dst id="WASHng">21922.832</dst>
        </src>
        <src id="NYCMng">
            <dst id="ATLA-M5">272.874666666667</dst>
            <dst id="ATLAng">19658.4933333333</dst>
            <dst id="CHINng">16671.8533333333</dst>
            <dst id="DNVRng">27664.4906666667</dst>
            <dst id="HSTNng">7404.97066666667</dst>
            <dst id="IPLSng">13026.744</dst>
            <dst id="KSCYng">8754.064</dst>
            <dst id="LOSAng">79490.2</dst>
            <dst id="NYCMng">73753.0933333333</dst>
            <dst id="SNVAng">1655.024</dst>
            <dst id="STTLng">15920.6933333333</dst>
            <dst id="WASHng">37551.3973333333</dst>
        </src>
        <src id="SNVAng">
            <dst id="ATLA-M5">0</dst>
            <dst id="ATLAng">585.968</dst>
            <dst id="CHINng">26.6666666666667</dst>
            <dst id="DNVRng">320.877333333333</dst>
            <dst id="HSTNng">37.8453333333333</dst>
            <dst id="IPLSng">266.421333333333</dst>
            <dst id="KSCYng">26.6666666666667</dst>
            <dst id="LOSAng">33435.536</dst>
            <dst id="NYCMng">262.218666666667</dst>
            <dst id="SNVAng">6122.41333333333</dst>
            <dst id="STTLng">30853.4133333333</dst>
            <dst id="WASHng">0</dst>
        </src>
        <src id="STTLng">
            <dst id="ATLA-M5">362.314666666667</dst>
            <dst id="ATLAng">8292.2</dst>
            <dst id="CHINng">17093.7226666667</dst>
            <dst id="DNVRng">3512.744</dst>
            <dst id="HSTNng">1970.904</dst>
            <dst id="IPLSng">7276.39733333333</dst>
            <dst id="KSCYng">2177.336</dst>
            <dst id="LOSAng">17102.8293333333</dst>
            <dst id="NYCMng">11229.032</dst>
            <dst id="SNVAng">2077.81866666667</dst>
            <dst id="STTLng">5336.43466666667</dst>
            <dst id="WASHng">5337.29866666667</dst>
        </src>
        <src id="WASHng">
            <dst id="ATLA-M5">861.664</dst>
            <dst id="ATLAng">86749.7973333333</dst>
            <dst id="CHINng">38940.904</dst>
            <dst id="DNVRng">68791.6186666667</dst>
            <dst id="HSTNng">14505.0986666667</dst>
            <dst id="IPLSng">66076.1733333333</dst>
            <dst id="KSCYng">20110.664</dst>
            <dst id="LOSAng">68642.032</dst>
            <dst id="NYCMng">132374.661333333</dst>
            <dst id="SNVAng">4417.82666666667</dst>
            <dst id="STTLng">48876.8853333333</dst>
            <dst id="WASHng">221319.394666667</dst>
        </src>
    </IntraTM>
</TrafficMatrixFile>
