<?xml version="1.0" encoding="ISO-8859-1" standalone="yes"?>
<TrafficMatrixFile xsi:noNamespaceSchemaLocation="http://totem.run.montefiore.ulg.ac.be/Schema/TrafficMatrix-v1_2.xsd" xmlns:xsi="http://www.w3.org/2001/XMLSchema-instance">
    <IntraTM ASID="11537">
        <src id="ATLA-M5">
            <dst id="ATLA-M5">37.3573333333333</dst>
            <dst id="ATLAng">140.165333333333</dst>
            <dst id="CHINng">105.266666666667</dst>
            <dst id="DNVRng">0</dst>
            <dst id="HSTNng">98.7066666666667</dst>
            <dst id="IPLSng">53.3333333333333</dst>
            <dst id="KSCYng">132.96</dst>
            <dst id="LOSAng">115.754666666667</dst>
            <dst id="NYCMng">223.477333333333</dst>
            <dst id="SNVAng">13.3333333333333</dst>
            <dst id="STTLng">53.3333333333333</dst>
            <dst id="WASHng">462.946666666667</dst>
        </src>
        <src id="ATLAng">
            <dst id="ATLA-M5">1824.23466666667</dst>
            <dst id="ATLAng">20943.2133333333</dst>
            <dst id="CHINng">16403.2346666667</dst>
            <dst id="DNVRng">7648.70133333333</dst>
            <dst id="HSTNng">12088.856</dst>
            <dst id="IPLSng">27169.6906666667</dst>
            <dst id="KSCYng">1517.73066666667</dst>
            <dst id="LOSAng">6913.188</dst>
            <dst id="NYCMng">10323.224</dst>
            <dst id="SNVAng">1282.38533333333</dst>
            <dst id="STTLng">12014.1226666667</dst>
            <dst id="WASHng">58613.36</dst>
        </src>
        <src id="CHINng">
            <dst id="ATLA-M5">231.768</dst>
            <dst id="ATLAng">31280.0346666667</dst>
            <dst id="CHINng">51599.1893333333</dst>
            <dst id="DNVRng">5920.72</dst>
            <dst id="HSTNng">14355.0053333333</dst>
            <dst id="IPLSng">42192.6266666667</dst>
            <dst id="KSCYng">8623.90666666667</dst>
            <dst id="LOSAng">42259.0106666667</dst>
            <dst id="NYCMng">13476.712</dst>
            <dst id="SNVAng">2027.72533333333</dst>
            <dst id="STTLng">9166.74666666667</dst>
            <dst id="WASHng">14906.288</dst>
        </src>
        <src id="DNVRng">
            <dst id="ATLA-M5">126.666666666667</dst>
            <dst id="ATLAng">10258.5706666667</dst>
            <dst id="CHINng">45358.5466666667</dst>
            <dst id="DNVRng">6552.51466666667</dst>
            <dst id="HSTNng">24936.4586666667</dst>
            <dst id="IPLSng">46036.0613333333</dst>
            <dst id="KSCYng">13376.4773333333</dst>
            <dst id="LOSAng">4884.39733333333</dst>
            <dst id="NYCMng">15374.5573333333</dst>
            <dst id="SNVAng">13550.8746666667</dst>
            <dst id="STTLng">7849.712</dst>
            <dst id="WASHng">37924.36</dst>
        </src>
        <src id="HSTNng">
            <dst id="ATLA-M5">1794.704</dst>
            <dst id="ATLAng">12086.6106666667</dst>
            <dst id="CHINng">20317.624</dst>
            <dst id="DNVRng">1649.80266666667</dst>
            <dst id="HSTNng">11789.832</dst>
            <dst id="IPLSng">3008.11466666667</dst>
            <dst id="KSCYng">1405.97333333333</dst>
            <dst id="LOSAng">12204.9626666667</dst>
            <dst id="NYCMng">2760.77866666667</dst>
            <dst id="SNVAng">678.858666666667</dst>
            <dst id="STTLng">6813.90933333333</dst>
            <dst id="WASHng">10547.6746666667</dst>
        </src>
        <src id="IPLSng">
            <dst id="ATLA-M5">39.6613333333333</dst>
            <dst id="ATLAng">22211.5226666667</dst>
            <dst id="CHINng">61421.7226666667</dst>
            <dst id="DNVRng">34582.352</dst>
            <dst id="HSTNng">6093.51733333333</dst>
            <dst id="IPLSng">17161.64</dst>
            <dst id="KSCYng">7752.04266666667</dst>
            <dst id="LOSAng">27903.776</dst>
            <dst id="NYCMng">31718.1466666667</dst>
            <dst id="SNVAng">1631.90133333333</dst>
            <dst id="STTLng">23979.5573333333</dst>
            <dst id="WASHng">13236.9653333333</dst>
        </src>
        <src id="KSCYng">
            <dst id="ATLA-M5">0</dst>
            <dst id="ATLAng">1760.70933333333</dst>
            <dst id="CHINng">20201.448</dst>
            <dst id="DNVRng">19347.624</dst>
            <dst id="HSTNng">3876.664</dst>
            <dst id="IPLSng">20678.12</dst>
            <dst id="KSCYng">17551.048</dst>
            <dst id="LOSAng">8115.03466666666</dst>
            <dst id="NYCMng">3422.848</dst>
            <dst id="SNVAng">2807.49066666667</dst>
            <dst id="STTLng">9802.26133333333</dst>
            <dst id="WASHng">10228.6986666667</dst>
        </src>
        <src id="LOSAng">
            <dst id="ATLA-M5">941.330666666667</dst>
            <dst id="ATLAng">16824.88</dst>
            <dst id="CHINng">105090.832</dst>
            <dst id="DNVRng">26296.3013333333</dst>
            <dst id="HSTNng">6521.99733333333</dst>
            <dst id="IPLSng">27144.032</dst>
            <dst id="KSCYng">14719.0133333333</dst>
            <dst id="LOSAng">14975.712</dst>
            <dst id="NYCMng">34830.368</dst>
            <dst id="SNVAng">20483.8586666667</dst>
            <dst id="STTLng">24154.7786666667</dst>
            <dst id="WASHng">24928.8293333333</dst>
        </src>
        <src id="NYCMng">
            <dst id="ATLA-M5">262.674666666667</dst>
            <dst id="ATLAng">38429.9013333333</dst>
            <dst id="CHINng">32156.6933333333</dst>
            <dst id="DNVRng">31200.9813333333</dst>
            <dst id="HSTNng">12042.5226666667</dst>
            <dst id="IPLSng">39426.0586666667</dst>
            <dst id="KSCYng">9299.51466666667</dst>
            <dst id="LOSAng">105306.408</dst>
            <dst id="NYCMng">101869.834666667</dst>
            <dst id="SNVAng">5657.88</dst>
            <dst id="STTLng">23297.5333333333</dst>
            <dst id="WASHng">74203.0053333333</dst>
        </src>
        <src id="SNVAng">
            <dst id="ATLA-M5">0</dst>
            <dst id="ATLAng">781.050666666667</dst>
            <dst id="CHINng">150.608</dst>
            <dst id="DNVRng">6223.928</dst>
            <dst id="HSTNng">64.3093333333333</dst>
            <dst id="IPLSng">345.090666666667</dst>
            <dst id="KSCYng">178.229333333333</dst>
            <dst id="LOSAng">35134.448</dst>
            <dst id="NYCMng">440.656</dst>
            <dst id="SNVAng">7322.61333333333</dst>
            <dst id="STTLng">31166.9253333333</dst>
            <dst id="WASHng">89.088</dst>
        </src>
        <src id="STTLng">
            <dst id="ATLA-M5">129.56</dst>
            <dst id="ATLAng">11266.9093333333</dst>
            <dst id="CHINng">23746.9333333333</dst>
            <dst id="DNVRng">5374.40266666667</dst>
            <dst id="HSTNng">2879.02133333333</dst>
            <dst id="IPLSng">13670.4026666667</dst>
            <dst id="KSCYng">10807.5146666667</dst>
            <dst id="LOSAng">29153.7333333333</dst>
            <dst id="NYCMng">16007.104</dst>
            <dst id="SNVAng">4220.24533333333</dst>
            <dst id="STTLng">2917.248</dst>
            <dst id="WASHng">23097.976</dst>
        </src>
        <src id="WASHng">
            <dst id="ATLA-M5">3757.04533333333</dst>
            <dst id="ATLAng">118180.445333333</dst>
            <dst id="CHINng">48128.9013333333</dst>
            <dst id="DNVRng">65780.1173333333</dst>
            <dst id="HSTNng">44751.6213333333</dst>
            <dst id="IPLSng">38018.8213333333</dst>
            <dst id="KSCYng">16466.72</dst>
            <dst id="LOSAng">89172.816</dst>
            <dst id="NYCMng">204730.933333333</dst>
            <dst id="SNVAng">5609.072</dst>
            <dst id="STTLng">40023.8213333333</dst>
            <dst id="WASHng">291402.826666667</dst>
        </src>
    </IntraTM>
</TrafficMatrixFile>
