<?xml version="1.0" encoding="ISO-8859-1" standalone="yes"?>
<TrafficMatrixFile xsi:noNamespaceSchemaLocation="http://totem.run.montefiore.ulg.ac.be/Schema/TrafficMatrix-v1_2.xsd" xmlns:xsi="http://www.w3.org/2001/XMLSchema-instance">
    <IntraTM ASID="11537">
        <src id="ATLA-M5">
            <dst id="ATLA-M5">26.6666666666667</dst>
            <dst id="ATLAng">26.6666666666667</dst>
            <dst id="CHINng">70.8053333333333</dst>
            <dst id="DNVRng">26.6666666666667</dst>
            <dst id="HSTNng">0</dst>
            <dst id="IPLSng">0</dst>
            <dst id="KSCYng">0</dst>
            <dst id="LOSAng">96.9946666666667</dst>
            <dst id="NYCMng">0</dst>
            <dst id="SNVAng">0</dst>
            <dst id="STTLng">0</dst>
            <dst id="WASHng">630.776</dst>
        </src>
        <src id="ATLAng">
            <dst id="ATLA-M5">895.029333333334</dst>
            <dst id="ATLAng">3267.76</dst>
            <dst id="CHINng">2567.088</dst>
            <dst id="DNVRng">4697.90666666667</dst>
            <dst id="HSTNng">287.557333333333</dst>
            <dst id="IPLSng">23322.6373333333</dst>
            <dst id="KSCYng">441.2</dst>
            <dst id="LOSAng">5149.2</dst>
            <dst id="NYCMng">5114.104</dst>
            <dst id="SNVAng">27.3706666666667</dst>
            <dst id="STTLng">9393.896</dst>
            <dst id="WASHng">41887.3306666667</dst>
        </src>
        <src id="CHINng">
            <dst id="ATLA-M5">29.7306666666667</dst>
            <dst id="ATLAng">5440.136</dst>
            <dst id="CHINng">44707.1066666667</dst>
            <dst id="DNVRng">10696.4373333333</dst>
            <dst id="HSTNng">3102.28266666667</dst>
            <dst id="IPLSng">111959.122666667</dst>
            <dst id="KSCYng">2458.62933333333</dst>
            <dst id="LOSAng">34769.7733333333</dst>
            <dst id="NYCMng">5283.184</dst>
            <dst id="SNVAng">606.688</dst>
            <dst id="STTLng">4312.44533333333</dst>
            <dst id="WASHng">16331.4613333333</dst>
        </src>
        <src id="DNVRng">
            <dst id="ATLA-M5">305.072</dst>
            <dst id="ATLAng">936.312</dst>
            <dst id="CHINng">53161.4853333333</dst>
            <dst id="DNVRng">10604.2986666667</dst>
            <dst id="HSTNng">13818.1253333333</dst>
            <dst id="IPLSng">34841.1306666667</dst>
            <dst id="KSCYng">25143.608</dst>
            <dst id="LOSAng">10599.096</dst>
            <dst id="NYCMng">15244.312</dst>
            <dst id="SNVAng">16296.744</dst>
            <dst id="STTLng">13183.144</dst>
            <dst id="WASHng">32180.376</dst>
        </src>
        <src id="HSTNng">
            <dst id="ATLA-M5">109.749333333333</dst>
            <dst id="ATLAng">896.522666666667</dst>
            <dst id="CHINng">16061.6026666667</dst>
            <dst id="DNVRng">657.130666666667</dst>
            <dst id="HSTNng">15430.6986666667</dst>
            <dst id="IPLSng">661.850666666667</dst>
            <dst id="KSCYng">496.648</dst>
            <dst id="LOSAng">2999.78933333333</dst>
            <dst id="NYCMng">5389.05333333333</dst>
            <dst id="SNVAng">0</dst>
            <dst id="STTLng">3787.18666666667</dst>
            <dst id="WASHng">912.690666666667</dst>
        </src>
        <src id="IPLSng">
            <dst id="ATLA-M5">0</dst>
            <dst id="ATLAng">12406.04</dst>
            <dst id="CHINng">69950.048</dst>
            <dst id="DNVRng">4152.04266666667</dst>
            <dst id="HSTNng">2222.176</dst>
            <dst id="IPLSng">32961.6213333333</dst>
            <dst id="KSCYng">8284.31733333333</dst>
            <dst id="LOSAng">8519.90933333333</dst>
            <dst id="NYCMng">31401.0186666667</dst>
            <dst id="SNVAng">251.122666666667</dst>
            <dst id="STTLng">12486.76</dst>
            <dst id="WASHng">15117.5973333333</dst>
        </src>
        <src id="KSCYng">
            <dst id="ATLA-M5">26.6666666666667</dst>
            <dst id="ATLAng">1082.97866666667</dst>
            <dst id="CHINng">16926.3626666667</dst>
            <dst id="DNVRng">11649.2986666667</dst>
            <dst id="HSTNng">2387.224</dst>
            <dst id="IPLSng">10584.064</dst>
            <dst id="KSCYng">3868.648</dst>
            <dst id="LOSAng">4748.432</dst>
            <dst id="NYCMng">2064.44533333333</dst>
            <dst id="SNVAng">2230.416</dst>
            <dst id="STTLng">9024.44533333333</dst>
            <dst id="WASHng">6085.608</dst>
        </src>
        <src id="LOSAng">
            <dst id="ATLA-M5">463.914666666667</dst>
            <dst id="ATLAng">6734.328</dst>
            <dst id="CHINng">109380.568</dst>
            <dst id="DNVRng">12261.168</dst>
            <dst id="HSTNng">2180.58933333333</dst>
            <dst id="IPLSng">13308.528</dst>
            <dst id="KSCYng">2767.816</dst>
            <dst id="LOSAng">11633.7386666667</dst>
            <dst id="NYCMng">33575.8773333333</dst>
            <dst id="SNVAng">26252.04</dst>
            <dst id="STTLng">35005.7893333333</dst>
            <dst id="WASHng">21861.6933333333</dst>
        </src>
        <src id="NYCMng">
            <dst id="ATLA-M5">163.104</dst>
            <dst id="ATLAng">19351.8746666667</dst>
            <dst id="CHINng">9538.51466666667</dst>
            <dst id="DNVRng">30742.808</dst>
            <dst id="HSTNng">1700.83733333333</dst>
            <dst id="IPLSng">32817.4186666667</dst>
            <dst id="KSCYng">3994.55466666667</dst>
            <dst id="LOSAng">72699.0986666667</dst>
            <dst id="NYCMng">99634.0666666667</dst>
            <dst id="SNVAng">1908.64</dst>
            <dst id="STTLng">20334.4213333333</dst>
            <dst id="WASHng">53801.5253333333</dst>
        </src>
        <src id="SNVAng">
            <dst id="ATLA-M5">0</dst>
            <dst id="ATLAng">26.6666666666667</dst>
            <dst id="CHINng">0</dst>
            <dst id="DNVRng">9266.86666666666</dst>
            <dst id="HSTNng">42.368</dst>
            <dst id="IPLSng">264.938666666667</dst>
            <dst id="KSCYng">0</dst>
            <dst id="LOSAng">26711.68</dst>
            <dst id="NYCMng">290.218666666667</dst>
            <dst id="SNVAng">4426.976</dst>
            <dst id="STTLng">22699.32</dst>
            <dst id="WASHng">26.6666666666667</dst>
        </src>
        <src id="STTLng">
            <dst id="ATLA-M5">0</dst>
            <dst id="ATLAng">6646.296</dst>
            <dst id="CHINng">20788.4293333333</dst>
            <dst id="DNVRng">8803.50933333333</dst>
            <dst id="HSTNng">986.645333333333</dst>
            <dst id="IPLSng">4193.81066666667</dst>
            <dst id="KSCYng">1487.51733333333</dst>
            <dst id="LOSAng">13212.248</dst>
            <dst id="NYCMng">8722.82133333334</dst>
            <dst id="SNVAng">1928.01333333333</dst>
            <dst id="STTLng">5447.66133333333</dst>
            <dst id="WASHng">10506.472</dst>
        </src>
        <src id="WASHng">
            <dst id="ATLA-M5">148.461333333333</dst>
            <dst id="ATLAng">73946.224</dst>
            <dst id="CHINng">43976.8026666667</dst>
            <dst id="DNVRng">45068.1973333333</dst>
            <dst id="HSTNng">24331.0053333333</dst>
            <dst id="IPLSng">70172.9653333333</dst>
            <dst id="KSCYng">5568.06133333333</dst>
            <dst id="LOSAng">73197.3173333333</dst>
            <dst id="NYCMng">142840.936</dst>
            <dst id="SNVAng">4810.35466666667</dst>
            <dst id="STTLng">33778.4986666667</dst>
            <dst id="WASHng">325459.946666667</dst>
        </src>
    </IntraTM>
</TrafficMatrixFile>
