<?xml version="1.0" encoding="ISO-8859-1" standalone="yes"?>
<TrafficMatrixFile xsi:noNamespaceSchemaLocation="http://totem.run.montefiore.ulg.ac.be/Schema/TrafficMatrix-v1_2.xsd" xmlns:xsi="http://www.w3.org/2001/XMLSchema-instance">
    <IntraTM ASID="11537">
        <src id="ATLA-M5">
            <dst id="ATLA-M5">105.488</dst>
            <dst id="ATLAng">956.52</dst>
            <dst id="CHINng">181.773333333333</dst>
            <dst id="DNVRng">53.3333333333333</dst>
            <dst id="HSTNng">170.650666666667</dst>
            <dst id="IPLSng">3423.792</dst>
            <dst id="KSCYng">159.637333333333</dst>
            <dst id="LOSAng">1833.384</dst>
            <dst id="NYCMng">110.461333333333</dst>
            <dst id="SNVAng">13.3333333333333</dst>
            <dst id="STTLng">348.573333333333</dst>
            <dst id="WASHng">1022.472</dst>
        </src>
        <src id="ATLAng">
            <dst id="ATLA-M5">363.666666666667</dst>
            <dst id="ATLAng">80315.128</dst>
            <dst id="CHINng">16846.2426666667</dst>
            <dst id="DNVRng">2819.53866666667</dst>
            <dst id="HSTNng">2496.16266666667</dst>
            <dst id="IPLSng">15931.7306666667</dst>
            <dst id="KSCYng">4494.112</dst>
            <dst id="LOSAng">16290.172</dst>
            <dst id="NYCMng">15197.768</dst>
            <dst id="SNVAng">704.222666666667</dst>
            <dst id="STTLng">9063.58666666667</dst>
            <dst id="WASHng">63330.08</dst>
        </src>
        <src id="CHINng">
            <dst id="ATLA-M5">1371.216</dst>
            <dst id="ATLAng">11516.7546666667</dst>
            <dst id="CHINng">71135.8133333333</dst>
            <dst id="DNVRng">22086.0293333333</dst>
            <dst id="HSTNng">13536.3626666667</dst>
            <dst id="IPLSng">48742.7013333333</dst>
            <dst id="KSCYng">19245.5546666667</dst>
            <dst id="LOSAng">30234.0453333333</dst>
            <dst id="NYCMng">15602.7093333333</dst>
            <dst id="SNVAng">3231.72266666667</dst>
            <dst id="STTLng">10492.6186666667</dst>
            <dst id="WASHng">27217.2</dst>
        </src>
        <src id="DNVRng">
            <dst id="ATLA-M5">294.818666666667</dst>
            <dst id="ATLAng">16496.6346666667</dst>
            <dst id="CHINng">63991.2693333333</dst>
            <dst id="DNVRng">14223.728</dst>
            <dst id="HSTNng">29683.6106666667</dst>
            <dst id="IPLSng">39043.4373333333</dst>
            <dst id="KSCYng">23280.3146666667</dst>
            <dst id="LOSAng">14573.88</dst>
            <dst id="NYCMng">22986.144</dst>
            <dst id="SNVAng">29686.856</dst>
            <dst id="STTLng">11688.664</dst>
            <dst id="WASHng">48637.544</dst>
        </src>
        <src id="HSTNng">
            <dst id="ATLA-M5">328.533333333333</dst>
            <dst id="ATLAng">4668.26133333333</dst>
            <dst id="CHINng">27300.1866666667</dst>
            <dst id="DNVRng">1829.664</dst>
            <dst id="HSTNng">13876.056</dst>
            <dst id="IPLSng">2292.26666666667</dst>
            <dst id="KSCYng">4396.53066666667</dst>
            <dst id="LOSAng">12218.6373333333</dst>
            <dst id="NYCMng">6327.568</dst>
            <dst id="SNVAng">687.749333333333</dst>
            <dst id="STTLng">2468.29066666667</dst>
            <dst id="WASHng">3997.87466666667</dst>
        </src>
        <src id="IPLSng">
            <dst id="ATLA-M5">167.189333333333</dst>
            <dst id="ATLAng">28711.4133333333</dst>
            <dst id="CHINng">80666.0293333333</dst>
            <dst id="DNVRng">14820.2613333333</dst>
            <dst id="HSTNng">2925.54666666667</dst>
            <dst id="IPLSng">32971.0773333333</dst>
            <dst id="KSCYng">8506.52266666667</dst>
            <dst id="LOSAng">19155.416</dst>
            <dst id="NYCMng">47026.192</dst>
            <dst id="SNVAng">5673.31466666667</dst>
            <dst id="STTLng">6413.58133333333</dst>
            <dst id="WASHng">23029.2506666667</dst>
        </src>
        <src id="KSCYng">
            <dst id="ATLA-M5">329.914666666667</dst>
            <dst id="ATLAng">9498.144</dst>
            <dst id="CHINng">34145.4266666667</dst>
            <dst id="DNVRng">12168.0613333333</dst>
            <dst id="HSTNng">6123.75733333333</dst>
            <dst id="IPLSng">17948.4426666667</dst>
            <dst id="KSCYng">11483.152</dst>
            <dst id="LOSAng">4646.29866666667</dst>
            <dst id="NYCMng">4204.05333333333</dst>
            <dst id="SNVAng">2180.89066666667</dst>
            <dst id="STTLng">2875.46933333333</dst>
            <dst id="WASHng">10362.48</dst>
        </src>
        <src id="LOSAng">
            <dst id="ATLA-M5">328.242666666667</dst>
            <dst id="ATLAng">40852.4426666667</dst>
            <dst id="CHINng">137091.149333333</dst>
            <dst id="DNVRng">25320.9626666667</dst>
            <dst id="HSTNng">7511.08266666667</dst>
            <dst id="IPLSng">36645.2213333333</dst>
            <dst id="KSCYng">5570.66933333334</dst>
            <dst id="LOSAng">14096.2133333333</dst>
            <dst id="NYCMng">36604.0026666667</dst>
            <dst id="SNVAng">25559.2613333333</dst>
            <dst id="STTLng">19877.736</dst>
            <dst id="WASHng">50312.5466666667</dst>
        </src>
        <src id="NYCMng">
            <dst id="ATLA-M5">601.642666666667</dst>
            <dst id="ATLAng">41894.032</dst>
            <dst id="CHINng">20207.3733333333</dst>
            <dst id="DNVRng">36781.1866666667</dst>
            <dst id="HSTNng">14740.3946666667</dst>
            <dst id="IPLSng">36348.8133333333</dst>
            <dst id="KSCYng">17656.152</dst>
            <dst id="LOSAng">89300.0773333333</dst>
            <dst id="NYCMng">141176.432</dst>
            <dst id="SNVAng">1909.08</dst>
            <dst id="STTLng">23149.3653333333</dst>
            <dst id="WASHng">70112.72</dst>
        </src>
        <src id="SNVAng">
            <dst id="ATLA-M5">0</dst>
            <dst id="ATLAng">248.296</dst>
            <dst id="CHINng">0</dst>
            <dst id="DNVRng">9610.8</dst>
            <dst id="HSTNng">80</dst>
            <dst id="IPLSng">8041.71466666667</dst>
            <dst id="KSCYng">26.6666666666667</dst>
            <dst id="LOSAng">31566.68</dst>
            <dst id="NYCMng">746.237333333333</dst>
            <dst id="SNVAng">15469.6213333333</dst>
            <dst id="STTLng">25283.4853333333</dst>
            <dst id="WASHng">93.28</dst>
        </src>
        <src id="STTLng">
            <dst id="ATLA-M5">313.032</dst>
            <dst id="ATLAng">14167.2053333333</dst>
            <dst id="CHINng">30293.0773333333</dst>
            <dst id="DNVRng">3454.35733333333</dst>
            <dst id="HSTNng">3736.168</dst>
            <dst id="IPLSng">11875.1226666667</dst>
            <dst id="KSCYng">12210.1973333333</dst>
            <dst id="LOSAng">17521.8586666667</dst>
            <dst id="NYCMng">13431.288</dst>
            <dst id="SNVAng">4126.616</dst>
            <dst id="STTLng">7145.488</dst>
            <dst id="WASHng">24366.8186666667</dst>
        </src>
        <src id="WASHng">
            <dst id="ATLA-M5">1258.01066666667</dst>
            <dst id="ATLAng">138527.970666667</dst>
            <dst id="CHINng">66436.3786666667</dst>
            <dst id="DNVRng">49967.8213333333</dst>
            <dst id="HSTNng">36182.2746666667</dst>
            <dst id="IPLSng">72059.4426666667</dst>
            <dst id="KSCYng">22318.7546666667</dst>
            <dst id="LOSAng">63811.064</dst>
            <dst id="NYCMng">186116.328</dst>
            <dst id="SNVAng">14984.2773333333</dst>
            <dst id="STTLng">42864.8826666667</dst>
            <dst id="WASHng">363276.906666667</dst>
        </src>
    </IntraTM>
</TrafficMatrixFile>
