<?xml version="1.0" encoding="ISO-8859-1" standalone="yes"?>
<TrafficMatrixFile xsi:noNamespaceSchemaLocation="http://totem.run.montefiore.ulg.ac.be/Schema/TrafficMatrix-v1_2.xsd" xmlns:xsi="http://www.w3.org/2001/XMLSchema-instance">
    <IntraTM ASID="11537">
        <src id="ATLA-M5">
            <dst id="ATLA-M5">439.330666666667</dst>
            <dst id="ATLAng">93.2933333333333</dst>
            <dst id="CHINng">118.989333333333</dst>
            <dst id="DNVRng">55.9466666666667</dst>
            <dst id="HSTNng">205.896</dst>
            <dst id="IPLSng">128.738666666667</dst>
            <dst id="KSCYng">113.674666666667</dst>
            <dst id="LOSAng">111.669333333333</dst>
            <dst id="NYCMng">164.856</dst>
            <dst id="SNVAng">53.3333333333333</dst>
            <dst id="STTLng">26.6666666666667</dst>
            <dst id="WASHng">809.592</dst>
        </src>
        <src id="ATLAng">
            <dst id="ATLA-M5">149.866666666667</dst>
            <dst id="ATLAng">49664.3653333333</dst>
            <dst id="CHINng">15862.0986666667</dst>
            <dst id="DNVRng">4025.55733333333</dst>
            <dst id="HSTNng">6979.66666666667</dst>
            <dst id="IPLSng">25553.32</dst>
            <dst id="KSCYng">3820.24</dst>
            <dst id="LOSAng">16209.4293333333</dst>
            <dst id="NYCMng">13562.864</dst>
            <dst id="SNVAng">1347.552</dst>
            <dst id="STTLng">9856.91733333333</dst>
            <dst id="WASHng">47266.04</dst>
        </src>
        <src id="CHINng">
            <dst id="ATLA-M5">1359.056</dst>
            <dst id="ATLAng">40918.976</dst>
            <dst id="CHINng">64526.6586666667</dst>
            <dst id="DNVRng">18315.8293333333</dst>
            <dst id="HSTNng">26005.7013333333</dst>
            <dst id="IPLSng">40640.664</dst>
            <dst id="KSCYng">16382.408</dst>
            <dst id="LOSAng">56459.8826666667</dst>
            <dst id="NYCMng">29792.1333333333</dst>
            <dst id="SNVAng">4830.01333333333</dst>
            <dst id="STTLng">7175.744</dst>
            <dst id="WASHng">33374.7653333333</dst>
        </src>
        <src id="DNVRng">
            <dst id="ATLA-M5">340.304</dst>
            <dst id="ATLAng">22984.44</dst>
            <dst id="CHINng">75193.3066666667</dst>
            <dst id="DNVRng">13460.144</dst>
            <dst id="HSTNng">30563.648</dst>
            <dst id="IPLSng">37532.2693333333</dst>
            <dst id="KSCYng">26666</dst>
            <dst id="LOSAng">13655.2906666667</dst>
            <dst id="NYCMng">18206.8586666667</dst>
            <dst id="SNVAng">11355.6346666667</dst>
            <dst id="STTLng">10471.1866666667</dst>
            <dst id="WASHng">45596.8373333333</dst>
        </src>
        <src id="HSTNng">
            <dst id="ATLA-M5">3777.592</dst>
            <dst id="ATLAng">22073.184</dst>
            <dst id="CHINng">20011.04</dst>
            <dst id="DNVRng">2321.56533333333</dst>
            <dst id="HSTNng">6135.21066666667</dst>
            <dst id="IPLSng">8408.944</dst>
            <dst id="KSCYng">2828.13333333333</dst>
            <dst id="LOSAng">18682.5146666667</dst>
            <dst id="NYCMng">5488.976</dst>
            <dst id="SNVAng">247.645333333333</dst>
            <dst id="STTLng">1057.328</dst>
            <dst id="WASHng">6079.072</dst>
        </src>
        <src id="IPLSng">
            <dst id="ATLA-M5">217.016</dst>
            <dst id="ATLAng">38784.7173333333</dst>
            <dst id="CHINng">83268.9493333333</dst>
            <dst id="DNVRng">14797.6906666667</dst>
            <dst id="HSTNng">7316.704</dst>
            <dst id="IPLSng">25981.7413333333</dst>
            <dst id="KSCYng">11869.8933333333</dst>
            <dst id="LOSAng">34171.264</dst>
            <dst id="NYCMng">42019.1813333333</dst>
            <dst id="SNVAng">2987.26133333333</dst>
            <dst id="STTLng">16996.5866666667</dst>
            <dst id="WASHng">42099.336</dst>
        </src>
        <src id="KSCYng">
            <dst id="ATLA-M5">1108.17066666667</dst>
            <dst id="ATLAng">4547.32</dst>
            <dst id="CHINng">25930.9706666667</dst>
            <dst id="DNVRng">11940.0693333333</dst>
            <dst id="HSTNng">5639.51466666667</dst>
            <dst id="IPLSng">21501.2053333333</dst>
            <dst id="KSCYng">6663.78933333333</dst>
            <dst id="LOSAng">9006.36533333333</dst>
            <dst id="NYCMng">3973.008</dst>
            <dst id="SNVAng">3447.05333333333</dst>
            <dst id="STTLng">3794.304</dst>
            <dst id="WASHng">13103.0053333333</dst>
        </src>
        <src id="LOSAng">
            <dst id="ATLA-M5">1251.304</dst>
            <dst id="ATLAng">58808.9866666667</dst>
            <dst id="CHINng">92516.672</dst>
            <dst id="DNVRng">30731.616</dst>
            <dst id="HSTNng">28423.6</dst>
            <dst id="IPLSng">51377.4453333333</dst>
            <dst id="KSCYng">16266.6213333333</dst>
            <dst id="LOSAng">18844.936</dst>
            <dst id="NYCMng">42697.488</dst>
            <dst id="SNVAng">33201.7866666667</dst>
            <dst id="STTLng">28872.6613333333</dst>
            <dst id="WASHng">57853.5626666667</dst>
        </src>
        <src id="NYCMng">
            <dst id="ATLA-M5">1482.20266666667</dst>
            <dst id="ATLAng">42271.816</dst>
            <dst id="CHINng">31476.4773333333</dst>
            <dst id="DNVRng">36823.0693333333</dst>
            <dst id="HSTNng">14940.3706666667</dst>
            <dst id="IPLSng">36283.0773333333</dst>
            <dst id="KSCYng">13338.744</dst>
            <dst id="LOSAng">91365.5626666667</dst>
            <dst id="NYCMng">140376.346666667</dst>
            <dst id="SNVAng">6313.66133333333</dst>
            <dst id="STTLng">51683.304</dst>
            <dst id="WASHng">112609.925333333</dst>
        </src>
        <src id="SNVAng">
            <dst id="ATLA-M5">0</dst>
            <dst id="ATLAng">70.5146666666667</dst>
            <dst id="CHINng">148.096</dst>
            <dst id="DNVRng">59069.864</dst>
            <dst id="HSTNng">329.472</dst>
            <dst id="IPLSng">265.661333333333</dst>
            <dst id="KSCYng">53.544</dst>
            <dst id="LOSAng">35540.1413333333</dst>
            <dst id="NYCMng">343.296</dst>
            <dst id="SNVAng">8245.33866666667</dst>
            <dst id="STTLng">29961.1893333333</dst>
            <dst id="WASHng">122.109333333333</dst>
        </src>
        <src id="STTLng">
            <dst id="ATLA-M5">405.914666666667</dst>
            <dst id="ATLAng">17143.312</dst>
            <dst id="CHINng">30916.432</dst>
            <dst id="DNVRng">10549.6186666667</dst>
            <dst id="HSTNng">5341.46933333333</dst>
            <dst id="IPLSng">14139.4693333333</dst>
            <dst id="KSCYng">6660.17066666667</dst>
            <dst id="LOSAng">28809.3306666667</dst>
            <dst id="NYCMng">19784.512</dst>
            <dst id="SNVAng">4875.032</dst>
            <dst id="STTLng">5763.26133333333</dst>
            <dst id="WASHng">27406.6133333333</dst>
        </src>
        <src id="WASHng">
            <dst id="ATLA-M5">1047.752</dst>
            <dst id="ATLAng">186309.989333333</dst>
            <dst id="CHINng">73941.696</dst>
            <dst id="DNVRng">79895.5413333333</dst>
            <dst id="HSTNng">32787.1973333333</dst>
            <dst id="IPLSng">65468.3013333334</dst>
            <dst id="KSCYng">19532.224</dst>
            <dst id="LOSAng">106726.778666667</dst>
            <dst id="NYCMng">154339.730666667</dst>
            <dst id="SNVAng">15527.8266666667</dst>
            <dst id="STTLng">55245.952</dst>
            <dst id="WASHng">342028.293333333</dst>
        </src>
    </IntraTM>
</TrafficMatrixFile>
