<?xml version="1.0" encoding="ISO-8859-1" standalone="yes"?>
<TrafficMatrixFile xsi:noNamespaceSchemaLocation="http://totem.run.montefiore.ulg.ac.be/Schema/TrafficMatrix-v1_2.xsd" xmlns:xsi="http://www.w3.org/2001/XMLSchema-instance">
    <IntraTM ASID="11537">
        <src id="ATLA-M5">
            <dst id="ATLA-M5">26.6666666666667</dst>
            <dst id="ATLAng">100.549333333333</dst>
            <dst id="CHINng">26.6666666666667</dst>
            <dst id="DNVRng">26.6666666666667</dst>
            <dst id="HSTNng">85.152</dst>
            <dst id="IPLSng">104</dst>
            <dst id="KSCYng">628.976</dst>
            <dst id="LOSAng">327.341333333333</dst>
            <dst id="NYCMng">0</dst>
            <dst id="SNVAng">0</dst>
            <dst id="STTLng">97.3333333333333</dst>
            <dst id="WASHng">441.269333333333</dst>
        </src>
        <src id="ATLAng">
            <dst id="ATLA-M5">162.629333333333</dst>
            <dst id="ATLAng">29273.328</dst>
            <dst id="CHINng">33523.944</dst>
            <dst id="DNVRng">8854.28</dst>
            <dst id="HSTNng">1541.25866666667</dst>
            <dst id="IPLSng">16325.3573333333</dst>
            <dst id="KSCYng">2797.20266666667</dst>
            <dst id="LOSAng">11322.812</dst>
            <dst id="NYCMng">5596.77333333333</dst>
            <dst id="SNVAng">55.2413333333333</dst>
            <dst id="STTLng">4648.57866666667</dst>
            <dst id="WASHng">16783.1626666667</dst>
        </src>
        <src id="CHINng">
            <dst id="ATLA-M5">819.298666666667</dst>
            <dst id="ATLAng">12373.4906666667</dst>
            <dst id="CHINng">43959.5573333333</dst>
            <dst id="DNVRng">5965.15466666667</dst>
            <dst id="HSTNng">7467.47733333333</dst>
            <dst id="IPLSng">47875.9706666667</dst>
            <dst id="KSCYng">12413.0853333333</dst>
            <dst id="LOSAng">44618.696</dst>
            <dst id="NYCMng">13582.2</dst>
            <dst id="SNVAng">7748.30666666667</dst>
            <dst id="STTLng">11157.128</dst>
            <dst id="WASHng">38810.9413333333</dst>
        </src>
        <src id="DNVRng">
            <dst id="ATLA-M5">97.3653333333333</dst>
            <dst id="ATLAng">10051.3626666667</dst>
            <dst id="CHINng">46766.5733333333</dst>
            <dst id="DNVRng">15431.104</dst>
            <dst id="HSTNng">16845.3333333333</dst>
            <dst id="IPLSng">25549.5786666667</dst>
            <dst id="KSCYng">25247.0986666667</dst>
            <dst id="LOSAng">24330.9333333333</dst>
            <dst id="NYCMng">12855.2613333333</dst>
            <dst id="SNVAng">13208.248</dst>
            <dst id="STTLng">10276.2613333333</dst>
            <dst id="WASHng">50508.4293333334</dst>
        </src>
        <src id="HSTNng">
            <dst id="ATLA-M5">321.44</dst>
            <dst id="ATLAng">1902.208</dst>
            <dst id="CHINng">10702.016</dst>
            <dst id="DNVRng">1821.06933333333</dst>
            <dst id="HSTNng">14370.0826666667</dst>
            <dst id="IPLSng">8153.96266666667</dst>
            <dst id="KSCYng">1632.54933333333</dst>
            <dst id="LOSAng">6202.52</dst>
            <dst id="NYCMng">3106.75466666667</dst>
            <dst id="SNVAng">79.776</dst>
            <dst id="STTLng">1569.65066666667</dst>
            <dst id="WASHng">11577.5493333333</dst>
        </src>
        <src id="IPLSng">
            <dst id="ATLA-M5">53.3333333333333</dst>
            <dst id="ATLAng">19644.12</dst>
            <dst id="CHINng">43404.5013333333</dst>
            <dst id="DNVRng">19669.56</dst>
            <dst id="HSTNng">1333.272</dst>
            <dst id="IPLSng">31185.3973333333</dst>
            <dst id="KSCYng">8298.656</dst>
            <dst id="LOSAng">21574.4613333333</dst>
            <dst id="NYCMng">31484.2666666667</dst>
            <dst id="SNVAng">2524.86933333333</dst>
            <dst id="STTLng">14903.4586666667</dst>
            <dst id="WASHng">11475.7013333333</dst>
        </src>
        <src id="KSCYng">
            <dst id="ATLA-M5">1927.90133333333</dst>
            <dst id="ATLAng">2502.89066666667</dst>
            <dst id="CHINng">14841.7466666667</dst>
            <dst id="DNVRng">9318.49333333333</dst>
            <dst id="HSTNng">3343.976</dst>
            <dst id="IPLSng">12128.408</dst>
            <dst id="KSCYng">12045.6613333333</dst>
            <dst id="LOSAng">8383.416</dst>
            <dst id="NYCMng">3181.94933333333</dst>
            <dst id="SNVAng">2524.26933333333</dst>
            <dst id="STTLng">5669.76</dst>
            <dst id="WASHng">7626.44266666667</dst>
        </src>
        <src id="LOSAng">
            <dst id="ATLA-M5">107.76</dst>
            <dst id="ATLAng">13462.3866666667</dst>
            <dst id="CHINng">50171.32</dst>
            <dst id="DNVRng">5293.29866666667</dst>
            <dst id="HSTNng">8005.37333333333</dst>
            <dst id="IPLSng">15335.4666666667</dst>
            <dst id="KSCYng">2971.336</dst>
            <dst id="LOSAng">92376.224</dst>
            <dst id="NYCMng">34235.8613333333</dst>
            <dst id="SNVAng">21411.6906666667</dst>
            <dst id="STTLng">29791.848</dst>
            <dst id="WASHng">26953.7066666667</dst>
        </src>
        <src id="NYCMng">
            <dst id="ATLA-M5">288.925333333333</dst>
            <dst id="ATLAng">20216.352</dst>
            <dst id="CHINng">11637.584</dst>
            <dst id="DNVRng">25191.384</dst>
            <dst id="HSTNng">11919.2</dst>
            <dst id="IPLSng">13028.2133333333</dst>
            <dst id="KSCYng">8704.624</dst>
            <dst id="LOSAng">71774.8693333333</dst>
            <dst id="NYCMng">76328.5306666667</dst>
            <dst id="SNVAng">1934.09866666667</dst>
            <dst id="STTLng">30012.616</dst>
            <dst id="WASHng">43328.064</dst>
        </src>
        <src id="SNVAng">
            <dst id="ATLA-M5">0</dst>
            <dst id="ATLAng">231.957333333333</dst>
            <dst id="CHINng">0</dst>
            <dst id="DNVRng">23282.3786666667</dst>
            <dst id="HSTNng">1627.18933333333</dst>
            <dst id="IPLSng">184.597333333333</dst>
            <dst id="KSCYng">0</dst>
            <dst id="LOSAng">36371.536</dst>
            <dst id="NYCMng">228.341333333333</dst>
            <dst id="SNVAng">8695.00533333333</dst>
            <dst id="STTLng">35604.1013333333</dst>
            <dst id="WASHng">26.6666666666667</dst>
        </src>
        <src id="STTLng">
            <dst id="ATLA-M5">26.6666666666667</dst>
            <dst id="ATLAng">8702.95466666667</dst>
            <dst id="CHINng">13050.8026666667</dst>
            <dst id="DNVRng">3395.26666666667</dst>
            <dst id="HSTNng">2244.95466666667</dst>
            <dst id="IPLSng">6126.52</dst>
            <dst id="KSCYng">1830.06666666667</dst>
            <dst id="LOSAng">446081.706666667</dst>
            <dst id="NYCMng">11947.0853333333</dst>
            <dst id="SNVAng">2850.384</dst>
            <dst id="STTLng">22687.968</dst>
            <dst id="WASHng">11396.4613333333</dst>
        </src>
        <src id="WASHng">
            <dst id="ATLA-M5">135.632</dst>
            <dst id="ATLAng">80451.9386666667</dst>
            <dst id="CHINng">79333.7466666667</dst>
            <dst id="DNVRng">55698.536</dst>
            <dst id="HSTNng">27378.872</dst>
            <dst id="IPLSng">46248.6213333333</dst>
            <dst id="KSCYng">12232.664</dst>
            <dst id="LOSAng">69750.3306666667</dst>
            <dst id="NYCMng">184711.8</dst>
            <dst id="SNVAng">2383.28</dst>
            <dst id="STTLng">56340.704</dst>
            <dst id="WASHng">219457.853333333</dst>
        </src>
    </IntraTM>
</TrafficMatrixFile>
