<?xml version="1.0" encoding="ISO-8859-1" standalone="yes"?>
<TrafficMatrixFile xsi:noNamespaceSchemaLocation="http://totem.run.montefiore.ulg.ac.be/Schema/TrafficMatrix-v1_2.xsd" xmlns:xsi="http://www.w3.org/2001/XMLSchema-instance">
    <IntraTM ASID="11537">
        <src id="ATLA-M5">
            <dst id="ATLA-M5">0</dst>
            <dst id="ATLAng">26.6666666666667</dst>
            <dst id="CHINng">135.893333333333</dst>
            <dst id="DNVRng">0</dst>
            <dst id="HSTNng">296.877333333333</dst>
            <dst id="IPLSng">0</dst>
            <dst id="KSCYng">278.365333333333</dst>
            <dst id="LOSAng">237.936</dst>
            <dst id="NYCMng">0</dst>
            <dst id="SNVAng">13.3333333333333</dst>
            <dst id="STTLng">359.714666666667</dst>
            <dst id="WASHng">2941.37866666667</dst>
        </src>
        <src id="ATLAng">
            <dst id="ATLA-M5">26.6666666666667</dst>
            <dst id="ATLAng">32317.2186666667</dst>
            <dst id="CHINng">2534.30666666667</dst>
            <dst id="DNVRng">3245.81066666667</dst>
            <dst id="HSTNng">569.037333333333</dst>
            <dst id="IPLSng">12539.0293333333</dst>
            <dst id="KSCYng">303.192</dst>
            <dst id="LOSAng">11239.0813333333</dst>
            <dst id="NYCMng">3048.86933333333</dst>
            <dst id="SNVAng">127.113333333333</dst>
            <dst id="STTLng">5761.96533333333</dst>
            <dst id="WASHng">23398.5173333333</dst>
        </src>
        <src id="CHINng">
            <dst id="ATLA-M5">6459.728</dst>
            <dst id="ATLAng">4467.94133333333</dst>
            <dst id="CHINng">64661.456</dst>
            <dst id="DNVRng">7391.43733333333</dst>
            <dst id="HSTNng">4787.49866666667</dst>
            <dst id="IPLSng">40821.8453333333</dst>
            <dst id="KSCYng">16268.9386666667</dst>
            <dst id="LOSAng">44624.6773333333</dst>
            <dst id="NYCMng">8976.25866666667</dst>
            <dst id="SNVAng">3931.928</dst>
            <dst id="STTLng">6538.98133333333</dst>
            <dst id="WASHng">27989.6026666667</dst>
        </src>
        <src id="DNVRng">
            <dst id="ATLA-M5">130.666666666667</dst>
            <dst id="ATLAng">12494.672</dst>
            <dst id="CHINng">60495.216</dst>
            <dst id="DNVRng">18593.1333333333</dst>
            <dst id="HSTNng">12232.4613333333</dst>
            <dst id="IPLSng">27547.864</dst>
            <dst id="KSCYng">14225.08</dst>
            <dst id="LOSAng">6872.864</dst>
            <dst id="NYCMng">17956.9333333333</dst>
            <dst id="SNVAng">7267.05066666666</dst>
            <dst id="STTLng">6828.46666666667</dst>
            <dst id="WASHng">31156.7973333333</dst>
        </src>
        <src id="HSTNng">
            <dst id="ATLA-M5">3500.07466666667</dst>
            <dst id="ATLAng">5158.81866666667</dst>
            <dst id="CHINng">6678.088</dst>
            <dst id="DNVRng">1287.29333333333</dst>
            <dst id="HSTNng">15239.8293333333</dst>
            <dst id="IPLSng">5146.18933333333</dst>
            <dst id="KSCYng">1409.21866666667</dst>
            <dst id="LOSAng">24216.64</dst>
            <dst id="NYCMng">2325.864</dst>
            <dst id="SNVAng">26.6666666666667</dst>
            <dst id="STTLng">236.066666666667</dst>
            <dst id="WASHng">983.36</dst>
        </src>
        <src id="IPLSng">
            <dst id="ATLA-M5">0</dst>
            <dst id="ATLAng">18441.008</dst>
            <dst id="CHINng">73067.6933333333</dst>
            <dst id="DNVRng">26946.8906666667</dst>
            <dst id="HSTNng">381.048</dst>
            <dst id="IPLSng">24749.7706666667</dst>
            <dst id="KSCYng">2397.38666666667</dst>
            <dst id="LOSAng">22204.544</dst>
            <dst id="NYCMng">24052.9893333333</dst>
            <dst id="SNVAng">471.810666666667</dst>
            <dst id="STTLng">7843.52266666667</dst>
            <dst id="WASHng">8225.504</dst>
        </src>
        <src id="KSCYng">
            <dst id="ATLA-M5">177.141333333333</dst>
            <dst id="ATLAng">918.306666666667</dst>
            <dst id="CHINng">15322.6853333333</dst>
            <dst id="DNVRng">9577.97333333333</dst>
            <dst id="HSTNng">2704.496</dst>
            <dst id="IPLSng">10001.0133333333</dst>
            <dst id="KSCYng">5968.496</dst>
            <dst id="LOSAng">9372.552</dst>
            <dst id="NYCMng">2339.872</dst>
            <dst id="SNVAng">2069.82666666667</dst>
            <dst id="STTLng">2687.36533333333</dst>
            <dst id="WASHng">14489.8666666667</dst>
        </src>
        <src id="LOSAng">
            <dst id="ATLA-M5">34.4</dst>
            <dst id="ATLAng">8532.23466666667</dst>
            <dst id="CHINng">113284.453333333</dst>
            <dst id="DNVRng">26290.672</dst>
            <dst id="HSTNng">5111.792</dst>
            <dst id="IPLSng">10152.504</dst>
            <dst id="KSCYng">3996.36533333333</dst>
            <dst id="LOSAng">20980.4693333333</dst>
            <dst id="NYCMng">32161.8453333333</dst>
            <dst id="SNVAng">21895.1493333333</dst>
            <dst id="STTLng">28629.1226666667</dst>
            <dst id="WASHng">47069.408</dst>
        </src>
        <src id="NYCMng">
            <dst id="ATLA-M5">156.722666666667</dst>
            <dst id="ATLAng">10860.5706666667</dst>
            <dst id="CHINng">17093.792</dst>
            <dst id="DNVRng">25015.8213333333</dst>
            <dst id="HSTNng">6809.09866666667</dst>
            <dst id="IPLSng">24057.976</dst>
            <dst id="KSCYng">5025.88266666667</dst>
            <dst id="LOSAng">79834.2746666667</dst>
            <dst id="NYCMng">88087.416</dst>
            <dst id="SNVAng">1720.49866666667</dst>
            <dst id="STTLng">22909.5146666667</dst>
            <dst id="WASHng">27725.2346666667</dst>
        </src>
        <src id="SNVAng">
            <dst id="ATLA-M5">0</dst>
            <dst id="ATLAng">32.3973333333333</dst>
            <dst id="CHINng">200.714666666667</dst>
            <dst id="DNVRng">8793.75466666667</dst>
            <dst id="HSTNng">40.896</dst>
            <dst id="IPLSng">208.221333333333</dst>
            <dst id="KSCYng">0</dst>
            <dst id="LOSAng">37262.616</dst>
            <dst id="NYCMng">9469.17333333333</dst>
            <dst id="SNVAng">6828.02933333333</dst>
            <dst id="STTLng">29618.1973333333</dst>
            <dst id="WASHng">0</dst>
        </src>
        <src id="STTLng">
            <dst id="ATLA-M5">337.474666666667</dst>
            <dst id="ATLAng">6489.704</dst>
            <dst id="CHINng">16694.7386666667</dst>
            <dst id="DNVRng">2615.81866666667</dst>
            <dst id="HSTNng">794.138666666667</dst>
            <dst id="IPLSng">3779.84533333333</dst>
            <dst id="KSCYng">1375.92</dst>
            <dst id="LOSAng">24300.8986666667</dst>
            <dst id="NYCMng">15654.0906666667</dst>
            <dst id="SNVAng">6006.58933333333</dst>
            <dst id="STTLng">21451.056</dst>
            <dst id="WASHng">3881.64</dst>
        </src>
        <src id="WASHng">
            <dst id="ATLA-M5">1182.63733333333</dst>
            <dst id="ATLAng">83467.672</dst>
            <dst id="CHINng">88326.496</dst>
            <dst id="DNVRng">57257.2906666667</dst>
            <dst id="HSTNng">18414.9173333333</dst>
            <dst id="IPLSng">44482.16</dst>
            <dst id="KSCYng">23891.7066666667</dst>
            <dst id="LOSAng">71708.4213333333</dst>
            <dst id="NYCMng">136995.805333333</dst>
            <dst id="SNVAng">1395.12</dst>
            <dst id="STTLng">38600.6853333333</dst>
            <dst id="WASHng">370406.72</dst>
        </src>
    </IntraTM>
</TrafficMatrixFile>
