<?xml version="1.0" encoding="ISO-8859-1" standalone="yes"?>
<TrafficMatrixFile xsi:noNamespaceSchemaLocation="http://totem.run.montefiore.ulg.ac.be/Schema/TrafficMatrix-v1_2.xsd" xmlns:xsi="http://www.w3.org/2001/XMLSchema-instance">
    <IntraTM ASID="11537">
        <src id="ATLA-M5">
            <dst id="ATLA-M5">253.8</dst>
            <dst id="ATLAng">1482.41066666667</dst>
            <dst id="CHINng">433.957333333333</dst>
            <dst id="DNVRng">26.6666666666667</dst>
            <dst id="HSTNng">196.882666666667</dst>
            <dst id="IPLSng">476.629333333333</dst>
            <dst id="KSCYng">26.6666666666667</dst>
            <dst id="LOSAng">261.610666666667</dst>
            <dst id="NYCMng">96.3573333333333</dst>
            <dst id="SNVAng">79.448</dst>
            <dst id="STTLng">53.3333333333333</dst>
            <dst id="WASHng">668.808</dst>
        </src>
        <src id="ATLAng">
            <dst id="ATLA-M5">3419.552</dst>
            <dst id="ATLAng">11780.568</dst>
            <dst id="CHINng">10145.416</dst>
            <dst id="DNVRng">2059.09333333333</dst>
            <dst id="HSTNng">5042.50666666667</dst>
            <dst id="IPLSng">35169.784</dst>
            <dst id="KSCYng">3896.90133333333</dst>
            <dst id="LOSAng">6131.12</dst>
            <dst id="NYCMng">9762.42133333333</dst>
            <dst id="SNVAng">631.933333333333</dst>
            <dst id="STTLng">10332.6506666667</dst>
            <dst id="WASHng">68901.1013333333</dst>
        </src>
        <src id="CHINng">
            <dst id="ATLA-M5">379.704</dst>
            <dst id="ATLAng">34823.88</dst>
            <dst id="CHINng">75609.9573333333</dst>
            <dst id="DNVRng">5191.472</dst>
            <dst id="HSTNng">8178.056</dst>
            <dst id="IPLSng">40255.608</dst>
            <dst id="KSCYng">13009.4133333333</dst>
            <dst id="LOSAng">33811.3386666667</dst>
            <dst id="NYCMng">26509.5573333333</dst>
            <dst id="SNVAng">980.122666666667</dst>
            <dst id="STTLng">5621.32266666667</dst>
            <dst id="WASHng">17893.7333333333</dst>
        </src>
        <src id="DNVRng">
            <dst id="ATLA-M5">166.586666666667</dst>
            <dst id="ATLAng">6400.10133333333</dst>
            <dst id="CHINng">74690.168</dst>
            <dst id="DNVRng">11549.9093333333</dst>
            <dst id="HSTNng">14977.168</dst>
            <dst id="IPLSng">43493.4693333333</dst>
            <dst id="KSCYng">21746.2266666667</dst>
            <dst id="LOSAng">19092.0026666667</dst>
            <dst id="NYCMng">18936.1626666667</dst>
            <dst id="SNVAng">21922.7466666667</dst>
            <dst id="STTLng">8759.23466666667</dst>
            <dst id="WASHng">42463.824</dst>
        </src>
        <src id="HSTNng">
            <dst id="ATLA-M5">2754.52266666667</dst>
            <dst id="ATLAng">7334.85866666667</dst>
            <dst id="CHINng">11700.6506666667</dst>
            <dst id="DNVRng">1104.04533333333</dst>
            <dst id="HSTNng">17227.824</dst>
            <dst id="IPLSng">2291.56533333333</dst>
            <dst id="KSCYng">2860.10133333333</dst>
            <dst id="LOSAng">17211.0693333333</dst>
            <dst id="NYCMng">5765.24266666667</dst>
            <dst id="SNVAng">330.277333333333</dst>
            <dst id="STTLng">7164.264</dst>
            <dst id="WASHng">3773.38133333333</dst>
        </src>
        <src id="IPLSng">
            <dst id="ATLA-M5">240.824</dst>
            <dst id="ATLAng">22706.4426666667</dst>
            <dst id="CHINng">71924.168</dst>
            <dst id="DNVRng">24201.6213333333</dst>
            <dst id="HSTNng">4068.21066666667</dst>
            <dst id="IPLSng">19245.12</dst>
            <dst id="KSCYng">5528.97866666667</dst>
            <dst id="LOSAng">12262.2853333333</dst>
            <dst id="NYCMng">32871.4853333333</dst>
            <dst id="SNVAng">1326.89333333333</dst>
            <dst id="STTLng">8982.32266666667</dst>
            <dst id="WASHng">35592.8853333333</dst>
        </src>
        <src id="KSCYng">
            <dst id="ATLA-M5">26.6666666666667</dst>
            <dst id="ATLAng">3180.504</dst>
            <dst id="CHINng">20915.2053333333</dst>
            <dst id="DNVRng">10820.64</dst>
            <dst id="HSTNng">3368.82933333333</dst>
            <dst id="IPLSng">23659.4746666667</dst>
            <dst id="KSCYng">11818.0826666667</dst>
            <dst id="LOSAng">6836.16</dst>
            <dst id="NYCMng">2435.808</dst>
            <dst id="SNVAng">3317.728</dst>
            <dst id="STTLng">4005.62933333333</dst>
            <dst id="WASHng">18617.0266666667</dst>
        </src>
        <src id="LOSAng">
            <dst id="ATLA-M5">459.034666666667</dst>
            <dst id="ATLAng">16876.24</dst>
            <dst id="CHINng">133512.962666667</dst>
            <dst id="DNVRng">21689.5893333333</dst>
            <dst id="HSTNng">12501.2266666667</dst>
            <dst id="IPLSng">32066.4746666667</dst>
            <dst id="KSCYng">8088.664</dst>
            <dst id="LOSAng">14778.976</dst>
            <dst id="NYCMng">40589.4986666667</dst>
            <dst id="SNVAng">11964.8693333333</dst>
            <dst id="STTLng">39668.1066666667</dst>
            <dst id="WASHng">34785.1973333333</dst>
        </src>
        <src id="NYCMng">
            <dst id="ATLA-M5">855.92</dst>
            <dst id="ATLAng">40958.7173333333</dst>
            <dst id="CHINng">34875.4293333333</dst>
            <dst id="DNVRng">28788.5786666667</dst>
            <dst id="HSTNng">10899.6773333333</dst>
            <dst id="IPLSng">40789.3626666667</dst>
            <dst id="KSCYng">12802.9173333333</dst>
            <dst id="LOSAng">90837.7946666667</dst>
            <dst id="NYCMng">119847.381333333</dst>
            <dst id="SNVAng">3804.09866666667</dst>
            <dst id="STTLng">16552.272</dst>
            <dst id="WASHng">105032.517333333</dst>
        </src>
        <src id="SNVAng">
            <dst id="ATLA-M5">0</dst>
            <dst id="ATLAng">200.373333333333</dst>
            <dst id="CHINng">0</dst>
            <dst id="DNVRng">2294.77066666667</dst>
            <dst id="HSTNng">80</dst>
            <dst id="IPLSng">256.674666666667</dst>
            <dst id="KSCYng">85.4186666666666</dst>
            <dst id="LOSAng">32302.48</dst>
            <dst id="NYCMng">814.197333333333</dst>
            <dst id="SNVAng">7574.45333333333</dst>
            <dst id="STTLng">26269.1653333333</dst>
            <dst id="WASHng">151.277333333333</dst>
        </src>
        <src id="STTLng">
            <dst id="ATLA-M5">209.685333333333</dst>
            <dst id="ATLAng">10804.8506666667</dst>
            <dst id="CHINng">26350.4613333333</dst>
            <dst id="DNVRng">5421.09866666667</dst>
            <dst id="HSTNng">2308.91733333333</dst>
            <dst id="IPLSng">14161.5306666667</dst>
            <dst id="KSCYng">5250.85066666667</dst>
            <dst id="LOSAng">17235.8746666667</dst>
            <dst id="NYCMng">14223.08</dst>
            <dst id="SNVAng">6495.816</dst>
            <dst id="STTLng">5546.76533333333</dst>
            <dst id="WASHng">26642.9333333333</dst>
        </src>
        <src id="WASHng">
            <dst id="ATLA-M5">546.76</dst>
            <dst id="ATLAng">130040.978666667</dst>
            <dst id="CHINng">47309.6266666667</dst>
            <dst id="DNVRng">69958.5946666667</dst>
            <dst id="HSTNng">24463.5386666667</dst>
            <dst id="IPLSng">74824.784</dst>
            <dst id="KSCYng">17683.952</dst>
            <dst id="LOSAng">79315.8213333334</dst>
            <dst id="NYCMng">199395.434666667</dst>
            <dst id="SNVAng">6123.78666666667</dst>
            <dst id="STTLng">32770.4986666667</dst>
            <dst id="WASHng">355995.04</dst>
        </src>
    </IntraTM>
</TrafficMatrixFile>
