<?xml version="1.0" encoding="ISO-8859-1" standalone="yes"?>
<TrafficMatrixFile xsi:noNamespaceSchemaLocation="http://totem.run.montefiore.ulg.ac.be/Schema/TrafficMatrix-v1_2.xsd" xmlns:xsi="http://www.w3.org/2001/XMLSchema-instance">
    <IntraTM ASID="11537">
        <src id="ATLA-M5">
            <dst id="ATLA-M5">0</dst>
            <dst id="ATLAng">26.6666666666667</dst>
            <dst id="CHINng">1384.45866666667</dst>
            <dst id="DNVRng">0</dst>
            <dst id="HSTNng">110.565333333333</dst>
            <dst id="IPLSng">124.322666666667</dst>
            <dst id="KSCYng">566.52</dst>
            <dst id="LOSAng">53.3333333333333</dst>
            <dst id="NYCMng">346.746666666667</dst>
            <dst id="SNVAng">0</dst>
            <dst id="STTLng">53.3333333333333</dst>
            <dst id="WASHng">247.584</dst>
        </src>
        <src id="ATLAng">
            <dst id="ATLA-M5">64.4453333333334</dst>
            <dst id="ATLAng">26179.8533333333</dst>
            <dst id="CHINng">9088.42133333333</dst>
            <dst id="DNVRng">3249.30933333333</dst>
            <dst id="HSTNng">3281.23466666667</dst>
            <dst id="IPLSng">14029.7573333333</dst>
            <dst id="KSCYng">977.970666666666</dst>
            <dst id="LOSAng">14403.8346666667</dst>
            <dst id="NYCMng">7308.39733333333</dst>
            <dst id="SNVAng">239.504</dst>
            <dst id="STTLng">5380.57066666666</dst>
            <dst id="WASHng">25091.1306666667</dst>
        </src>
        <src id="CHINng">
            <dst id="ATLA-M5">4894.28533333333</dst>
            <dst id="ATLAng">24588.248</dst>
            <dst id="CHINng">69409.352</dst>
            <dst id="DNVRng">22121.696</dst>
            <dst id="HSTNng">8096.688</dst>
            <dst id="IPLSng">25166.16</dst>
            <dst id="KSCYng">6631.46133333333</dst>
            <dst id="LOSAng">51304.76</dst>
            <dst id="NYCMng">8192.21333333333</dst>
            <dst id="SNVAng">6744.69066666667</dst>
            <dst id="STTLng">11683.8186666667</dst>
            <dst id="WASHng">18534.4053333333</dst>
        </src>
        <src id="DNVRng">
            <dst id="ATLA-M5">84</dst>
            <dst id="ATLAng">9234.39733333333</dst>
            <dst id="CHINng">47828.6186666667</dst>
            <dst id="DNVRng">16161.0933333333</dst>
            <dst id="HSTNng">17277.688</dst>
            <dst id="IPLSng">25840.7706666667</dst>
            <dst id="KSCYng">20718.4666666667</dst>
            <dst id="LOSAng">13405.7706666667</dst>
            <dst id="NYCMng">19348.0293333333</dst>
            <dst id="SNVAng">7540.52266666667</dst>
            <dst id="STTLng">20479.7653333333</dst>
            <dst id="WASHng">38286.808</dst>
        </src>
        <src id="HSTNng">
            <dst id="ATLA-M5">3480.13066666667</dst>
            <dst id="ATLAng">10948.5146666667</dst>
            <dst id="CHINng">16015.7306666667</dst>
            <dst id="DNVRng">1813.35733333333</dst>
            <dst id="HSTNng">15587.984</dst>
            <dst id="IPLSng">4769.01866666667</dst>
            <dst id="KSCYng">1762.52266666667</dst>
            <dst id="LOSAng">14159.2293333333</dst>
            <dst id="NYCMng">5004.832</dst>
            <dst id="SNVAng">365.997333333333</dst>
            <dst id="STTLng">1962.28266666667</dst>
            <dst id="WASHng">4553.47466666667</dst>
        </src>
        <src id="IPLSng">
            <dst id="ATLA-M5">249.682666666667</dst>
            <dst id="ATLAng">14655.2186666667</dst>
            <dst id="CHINng">70315.48</dst>
            <dst id="DNVRng">10500.3093333333</dst>
            <dst id="HSTNng">4368.03733333333</dst>
            <dst id="IPLSng">22396.632</dst>
            <dst id="KSCYng">3910.344</dst>
            <dst id="LOSAng">24380.5013333333</dst>
            <dst id="NYCMng">31020.072</dst>
            <dst id="SNVAng">992.757333333333</dst>
            <dst id="STTLng">14365.968</dst>
            <dst id="WASHng">9177.752</dst>
        </src>
        <src id="KSCYng">
            <dst id="ATLA-M5">807.749333333333</dst>
            <dst id="ATLAng">2792.01066666667</dst>
            <dst id="CHINng">9366.10666666667</dst>
            <dst id="DNVRng">9267.56533333333</dst>
            <dst id="HSTNng">4443.544</dst>
            <dst id="IPLSng">14438.0773333333</dst>
            <dst id="KSCYng">5663.12</dst>
            <dst id="LOSAng">7270.02666666667</dst>
            <dst id="NYCMng">3138.432</dst>
            <dst id="SNVAng">2534.552</dst>
            <dst id="STTLng">5024.85866666667</dst>
            <dst id="WASHng">12534.9146666667</dst>
        </src>
        <src id="LOSAng">
            <dst id="ATLA-M5">122.458666666667</dst>
            <dst id="ATLAng">51907.64</dst>
            <dst id="CHINng">386302.106666667</dst>
            <dst id="DNVRng">37327.4186666667</dst>
            <dst id="HSTNng">9759.37066666667</dst>
            <dst id="IPLSng">33022.1093333333</dst>
            <dst id="KSCYng">4247.44533333333</dst>
            <dst id="LOSAng">23586.9866666667</dst>
            <dst id="NYCMng">39876.9013333333</dst>
            <dst id="SNVAng">33201.7706666667</dst>
            <dst id="STTLng">27749.944</dst>
            <dst id="WASHng">32712.7866666667</dst>
        </src>
        <src id="NYCMng">
            <dst id="ATLA-M5">873.677333333333</dst>
            <dst id="ATLAng">19865.4826666667</dst>
            <dst id="CHINng">10657.4826666667</dst>
            <dst id="DNVRng">29364.5946666667</dst>
            <dst id="HSTNng">14145.2</dst>
            <dst id="IPLSng">27403.0346666667</dst>
            <dst id="KSCYng">16386.9733333333</dst>
            <dst id="LOSAng">87818.096</dst>
            <dst id="NYCMng">64157.904</dst>
            <dst id="SNVAng">3630.50933333333</dst>
            <dst id="STTLng">39607.088</dst>
            <dst id="WASHng">59348.864</dst>
        </src>
        <src id="SNVAng">
            <dst id="ATLA-M5">0</dst>
            <dst id="ATLAng">29.5653333333333</dst>
            <dst id="CHINng">53.3333333333333</dst>
            <dst id="DNVRng">4787.71733333333</dst>
            <dst id="HSTNng">1656.11733333333</dst>
            <dst id="IPLSng">601.146666666667</dst>
            <dst id="KSCYng">26.6666666666667</dst>
            <dst id="LOSAng">37716.6853333333</dst>
            <dst id="NYCMng">304.194666666667</dst>
            <dst id="SNVAng">16000.1786666667</dst>
            <dst id="STTLng">42031.1573333333</dst>
            <dst id="WASHng">641.813333333333</dst>
        </src>
        <src id="STTLng">
            <dst id="ATLA-M5">262.434666666667</dst>
            <dst id="ATLAng">10143.976</dst>
            <dst id="CHINng">17256.1866666667</dst>
            <dst id="DNVRng">5502.64266666667</dst>
            <dst id="HSTNng">5153.26133333333</dst>
            <dst id="IPLSng">7874.11466666667</dst>
            <dst id="KSCYng">4068.96533333333</dst>
            <dst id="LOSAng">22676.5786666667</dst>
            <dst id="NYCMng">10434.8666666667</dst>
            <dst id="SNVAng">3149.736</dst>
            <dst id="STTLng">21412.0426666667</dst>
            <dst id="WASHng">13476.2213333333</dst>
        </src>
        <src id="WASHng">
            <dst id="ATLA-M5">164.522666666667</dst>
            <dst id="ATLAng">91730.4346666667</dst>
            <dst id="CHINng">51551.4666666667</dst>
            <dst id="DNVRng">86633.5733333333</dst>
            <dst id="HSTNng">46180.6373333333</dst>
            <dst id="IPLSng">54635.4613333333</dst>
            <dst id="KSCYng">14279.0773333333</dst>
            <dst id="LOSAng">96942.8853333334</dst>
            <dst id="NYCMng">135164.949333333</dst>
            <dst id="SNVAng">5759.22666666667</dst>
            <dst id="STTLng">54815.4826666666</dst>
            <dst id="WASHng">279238.453333333</dst>
        </src>
    </IntraTM>
</TrafficMatrixFile>
