<?xml version="1.0" encoding="ISO-8859-1" standalone="yes"?>
<TrafficMatrixFile xsi:noNamespaceSchemaLocation="http://totem.run.montefiore.ulg.ac.be/Schema/TrafficMatrix-v1_2.xsd" xmlns:xsi="http://www.w3.org/2001/XMLSchema-instance">
    <IntraTM ASID="11537">
        <src id="ATLA-M5">
            <dst id="ATLA-M5">76.0506666666667</dst>
            <dst id="ATLAng">75.9893333333333</dst>
            <dst id="CHINng">116.12</dst>
            <dst id="DNVRng">0</dst>
            <dst id="HSTNng">240.432</dst>
            <dst id="IPLSng">397.904</dst>
            <dst id="KSCYng">53.2453333333333</dst>
            <dst id="LOSAng">129.368</dst>
            <dst id="NYCMng">117.522666666667</dst>
            <dst id="SNVAng">0</dst>
            <dst id="STTLng">53.3333333333333</dst>
            <dst id="WASHng">569.098666666667</dst>
        </src>
        <src id="ATLAng">
            <dst id="ATLA-M5">3355.36266666667</dst>
            <dst id="ATLAng">11930.3573333333</dst>
            <dst id="CHINng">45201.472</dst>
            <dst id="DNVRng">2188.528</dst>
            <dst id="HSTNng">6184.72533333333</dst>
            <dst id="IPLSng">28721.536</dst>
            <dst id="KSCYng">9708.70133333333</dst>
            <dst id="LOSAng">10674.3533333333</dst>
            <dst id="NYCMng">9247.06666666667</dst>
            <dst id="SNVAng">1668.82533333333</dst>
            <dst id="STTLng">11913.9093333333</dst>
            <dst id="WASHng">41993.152</dst>
        </src>
        <src id="CHINng">
            <dst id="ATLA-M5">549.968</dst>
            <dst id="ATLAng">31262.904</dst>
            <dst id="CHINng">61589.8213333333</dst>
            <dst id="DNVRng">7395.18933333333</dst>
            <dst id="HSTNng">6714.81866666667</dst>
            <dst id="IPLSng">30839.2826666667</dst>
            <dst id="KSCYng">9085.16266666667</dst>
            <dst id="LOSAng">40746.0906666667</dst>
            <dst id="NYCMng">11973.7253333333</dst>
            <dst id="SNVAng">2241.39733333333</dst>
            <dst id="STTLng">10568.5146666667</dst>
            <dst id="WASHng">34927.1386666667</dst>
        </src>
        <src id="DNVRng">
            <dst id="ATLA-M5">153.333333333333</dst>
            <dst id="ATLAng">7513.55733333333</dst>
            <dst id="CHINng">61143.6453333333</dst>
            <dst id="DNVRng">10730.816</dst>
            <dst id="HSTNng">24250.872</dst>
            <dst id="IPLSng">38534.944</dst>
            <dst id="KSCYng">21143.504</dst>
            <dst id="LOSAng">13332.544</dst>
            <dst id="NYCMng">13867.448</dst>
            <dst id="SNVAng">31646.3066666667</dst>
            <dst id="STTLng">6634.93333333333</dst>
            <dst id="WASHng">38305.0986666667</dst>
        </src>
        <src id="HSTNng">
            <dst id="ATLA-M5">7480.92266666667</dst>
            <dst id="ATLAng">10525.312</dst>
            <dst id="CHINng">10550.5866666667</dst>
            <dst id="DNVRng">1863.576</dst>
            <dst id="HSTNng">12611.168</dst>
            <dst id="IPLSng">3860.21333333333</dst>
            <dst id="KSCYng">1412.20266666667</dst>
            <dst id="LOSAng">8533.19733333333</dst>
            <dst id="NYCMng">4896.13333333333</dst>
            <dst id="SNVAng">819.368</dst>
            <dst id="STTLng">7821.16</dst>
            <dst id="WASHng">10520.6533333333</dst>
        </src>
        <src id="IPLSng">
            <dst id="ATLA-M5">237.437333333333</dst>
            <dst id="ATLAng">19569.6933333333</dst>
            <dst id="CHINng">80691.096</dst>
            <dst id="DNVRng">31100.6986666667</dst>
            <dst id="HSTNng">8485.28266666667</dst>
            <dst id="IPLSng">13378.3946666667</dst>
            <dst id="KSCYng">8042.136</dst>
            <dst id="LOSAng">30736.0693333333</dst>
            <dst id="NYCMng">32457.1253333333</dst>
            <dst id="SNVAng">2387.712</dst>
            <dst id="STTLng">22956.9786666667</dst>
            <dst id="WASHng">18881.3093333333</dst>
        </src>
        <src id="KSCYng">
            <dst id="ATLA-M5">96.3173333333333</dst>
            <dst id="ATLAng">3012.848</dst>
            <dst id="CHINng">15785.6133333333</dst>
            <dst id="DNVRng">12150.096</dst>
            <dst id="HSTNng">4468.432</dst>
            <dst id="IPLSng">21239.5946666667</dst>
            <dst id="KSCYng">9410.21333333333</dst>
            <dst id="LOSAng">8529.29066666667</dst>
            <dst id="NYCMng">3194.64533333333</dst>
            <dst id="SNVAng">2385.19733333333</dst>
            <dst id="STTLng">6600.70666666667</dst>
            <dst id="WASHng">12663.8906666667</dst>
        </src>
        <src id="LOSAng">
            <dst id="ATLA-M5">53.3333333333333</dst>
            <dst id="ATLAng">19281.3653333333</dst>
            <dst id="CHINng">115069.802666667</dst>
            <dst id="DNVRng">24143.552</dst>
            <dst id="HSTNng">6822.76266666667</dst>
            <dst id="IPLSng">38867.2586666667</dst>
            <dst id="KSCYng">13949.128</dst>
            <dst id="LOSAng">16426.6266666667</dst>
            <dst id="NYCMng">40012.5706666667</dst>
            <dst id="SNVAng">27410.984</dst>
            <dst id="STTLng">23909.8746666667</dst>
            <dst id="WASHng">56748.656</dst>
        </src>
        <src id="NYCMng">
            <dst id="ATLA-M5">280.517333333333</dst>
            <dst id="ATLAng">35310.04</dst>
            <dst id="CHINng">14132.864</dst>
            <dst id="DNVRng">31107.4346666667</dst>
            <dst id="HSTNng">10559.0586666667</dst>
            <dst id="IPLSng">44043.2773333333</dst>
            <dst id="KSCYng">12460.488</dst>
            <dst id="LOSAng">106122.997333333</dst>
            <dst id="NYCMng">102520.832</dst>
            <dst id="SNVAng">7990.05066666666</dst>
            <dst id="STTLng">23229.28</dst>
            <dst id="WASHng">60200.472</dst>
        </src>
        <src id="SNVAng">
            <dst id="ATLA-M5">0</dst>
            <dst id="ATLAng">26.6666666666667</dst>
            <dst id="CHINng">0</dst>
            <dst id="DNVRng">13529.6746666667</dst>
            <dst id="HSTNng">259.864</dst>
            <dst id="IPLSng">321.168</dst>
            <dst id="KSCYng">137.602666666667</dst>
            <dst id="LOSAng">31036.6133333333</dst>
            <dst id="NYCMng">8400.456</dst>
            <dst id="SNVAng">6645.448</dst>
            <dst id="STTLng">30564.64</dst>
            <dst id="WASHng">158.826666666667</dst>
        </src>
        <src id="STTLng">
            <dst id="ATLA-M5">185.864</dst>
            <dst id="ATLAng">11532.6986666667</dst>
            <dst id="CHINng">22962.376</dst>
            <dst id="DNVRng">5007.59466666667</dst>
            <dst id="HSTNng">3017.09333333333</dst>
            <dst id="IPLSng">17053.8186666667</dst>
            <dst id="KSCYng">12058.5226666667</dst>
            <dst id="LOSAng">30414.1386666667</dst>
            <dst id="NYCMng">16837.0106666667</dst>
            <dst id="SNVAng">7084.512</dst>
            <dst id="STTLng">5750.87733333333</dst>
            <dst id="WASHng">19955.7866666667</dst>
        </src>
        <src id="WASHng">
            <dst id="ATLA-M5">3278.01866666667</dst>
            <dst id="ATLAng">146548.290666667</dst>
            <dst id="CHINng">52207.152</dst>
            <dst id="DNVRng">86559.28</dst>
            <dst id="HSTNng">19031.4133333333</dst>
            <dst id="IPLSng">47732.456</dst>
            <dst id="KSCYng">13644.6906666667</dst>
            <dst id="LOSAng">93941.816</dst>
            <dst id="NYCMng">164675.784</dst>
            <dst id="SNVAng">3568.456</dst>
            <dst id="STTLng">31443.4133333333</dst>
            <dst id="WASHng">355395.893333333</dst>
        </src>
    </IntraTM>
</TrafficMatrixFile>
