<?xml version="1.0" encoding="ISO-8859-1" standalone="yes"?>
<TrafficMatrixFile xsi:noNamespaceSchemaLocation="http://totem.run.montefiore.ulg.ac.be/Schema/TrafficMatrix-v1_2.xsd" xmlns:xsi="http://www.w3.org/2001/XMLSchema-instance">
    <IntraTM ASID="11537">
        <src id="ATLA-M5">
            <dst id="ATLA-M5">26.6666666666667</dst>
            <dst id="ATLAng">2378.70933333333</dst>
            <dst id="CHINng">3687.328</dst>
            <dst id="DNVRng">0</dst>
            <dst id="HSTNng">0</dst>
            <dst id="IPLSng">116.213333333333</dst>
            <dst id="KSCYng">405.848</dst>
            <dst id="LOSAng">111.496</dst>
            <dst id="NYCMng">26.6666666666667</dst>
            <dst id="SNVAng">0</dst>
            <dst id="STTLng">85.3333333333333</dst>
            <dst id="WASHng">405.4</dst>
        </src>
        <src id="ATLAng">
            <dst id="ATLA-M5">94.6533333333334</dst>
            <dst id="ATLAng">27868.616</dst>
            <dst id="CHINng">11965.8693333333</dst>
            <dst id="DNVRng">2842.92</dst>
            <dst id="HSTNng">1208.45066666667</dst>
            <dst id="IPLSng">18842.2693333333</dst>
            <dst id="KSCYng">1445.76</dst>
            <dst id="LOSAng">11775.5346666667</dst>
            <dst id="NYCMng">2742.27466666667</dst>
            <dst id="SNVAng">138.649333333333</dst>
            <dst id="STTLng">7324.54133333333</dst>
            <dst id="WASHng">31446.4666666667</dst>
        </src>
        <src id="CHINng">
            <dst id="ATLA-M5">759.370666666667</dst>
            <dst id="ATLAng">17204.6213333333</dst>
            <dst id="CHINng">61818.0666666667</dst>
            <dst id="DNVRng">5327.416</dst>
            <dst id="HSTNng">8122.34933333333</dst>
            <dst id="IPLSng">19284.416</dst>
            <dst id="KSCYng">6776.584</dst>
            <dst id="LOSAng">40617.5466666667</dst>
            <dst id="NYCMng">8228.70933333333</dst>
            <dst id="SNVAng">3313.84</dst>
            <dst id="STTLng">9044.87466666667</dst>
            <dst id="WASHng">35615.1813333333</dst>
        </src>
        <src id="DNVRng">
            <dst id="ATLA-M5">86.88</dst>
            <dst id="ATLAng">8921.22666666667</dst>
            <dst id="CHINng">46855.9093333333</dst>
            <dst id="DNVRng">14978.2773333333</dst>
            <dst id="HSTNng">16588.1333333333</dst>
            <dst id="IPLSng">27029.28</dst>
            <dst id="KSCYng">22182.6026666667</dst>
            <dst id="LOSAng">31200.6773333333</dst>
            <dst id="NYCMng">15636.416</dst>
            <dst id="SNVAng">31414.3013333333</dst>
            <dst id="STTLng">10658.32</dst>
            <dst id="WASHng">38229.128</dst>
        </src>
        <src id="HSTNng">
            <dst id="ATLA-M5">303.328</dst>
            <dst id="ATLAng">11942.48</dst>
            <dst id="CHINng">8681.56</dst>
            <dst id="DNVRng">754.397333333333</dst>
            <dst id="HSTNng">12603.768</dst>
            <dst id="IPLSng">1648.83733333333</dst>
            <dst id="KSCYng">1759.62133333333</dst>
            <dst id="LOSAng">8772.52533333333</dst>
            <dst id="NYCMng">3092.13866666667</dst>
            <dst id="SNVAng">0</dst>
            <dst id="STTLng">5373.58666666667</dst>
            <dst id="WASHng">5528.584</dst>
        </src>
        <src id="IPLSng">
            <dst id="ATLA-M5">0</dst>
            <dst id="ATLAng">20668.976</dst>
            <dst id="CHINng">50094.1413333333</dst>
            <dst id="DNVRng">14941.6426666667</dst>
            <dst id="HSTNng">961.642666666667</dst>
            <dst id="IPLSng">18644.6026666667</dst>
            <dst id="KSCYng">4376.48533333333</dst>
            <dst id="LOSAng">39688.4293333333</dst>
            <dst id="NYCMng">28650.6293333333</dst>
            <dst id="SNVAng">3447.848</dst>
            <dst id="STTLng">11213.0586666667</dst>
            <dst id="WASHng">13313.5706666667</dst>
        </src>
        <src id="KSCYng">
            <dst id="ATLA-M5">1079.61333333333</dst>
            <dst id="ATLAng">3011.18133333333</dst>
            <dst id="CHINng">13866.3253333333</dst>
            <dst id="DNVRng">10015.352</dst>
            <dst id="HSTNng">4102.224</dst>
            <dst id="IPLSng">9816.73333333333</dst>
            <dst id="KSCYng">9823.45333333333</dst>
            <dst id="LOSAng">16788.5146666667</dst>
            <dst id="NYCMng">3908.27466666667</dst>
            <dst id="SNVAng">3082.944</dst>
            <dst id="STTLng">4217.17333333333</dst>
            <dst id="WASHng">8944.22133333333</dst>
        </src>
        <src id="LOSAng">
            <dst id="ATLA-M5">114.938666666667</dst>
            <dst id="ATLAng">21569.5146666667</dst>
            <dst id="CHINng">57751.8986666667</dst>
            <dst id="DNVRng">20625.048</dst>
            <dst id="HSTNng">8002.57333333333</dst>
            <dst id="IPLSng">18636.288</dst>
            <dst id="KSCYng">3751.208</dst>
            <dst id="LOSAng">20686.3253333333</dst>
            <dst id="NYCMng">36081.8</dst>
            <dst id="SNVAng">16289.8586666667</dst>
            <dst id="STTLng">28445.0853333333</dst>
            <dst id="WASHng">18258.0053333333</dst>
        </src>
        <src id="NYCMng">
            <dst id="ATLA-M5">556.2</dst>
            <dst id="ATLAng">28120.5146666667</dst>
            <dst id="CHINng">10192.1573333333</dst>
            <dst id="DNVRng">31288.2853333333</dst>
            <dst id="HSTNng">13008.1173333333</dst>
            <dst id="IPLSng">15465.4</dst>
            <dst id="KSCYng">11091.384</dst>
            <dst id="LOSAng">73976.7706666667</dst>
            <dst id="NYCMng">70437.056</dst>
            <dst id="SNVAng">3298.07733333333</dst>
            <dst id="STTLng">28110.9733333333</dst>
            <dst id="WASHng">48044.7066666667</dst>
        </src>
        <src id="SNVAng">
            <dst id="ATLA-M5">0</dst>
            <dst id="ATLAng">684.16</dst>
            <dst id="CHINng">26.6666666666667</dst>
            <dst id="DNVRng">2852.776</dst>
            <dst id="HSTNng">1290.38933333333</dst>
            <dst id="IPLSng">197.352</dst>
            <dst id="KSCYng">0</dst>
            <dst id="LOSAng">36750.6186666667</dst>
            <dst id="NYCMng">255.957333333333</dst>
            <dst id="SNVAng">9762.85333333333</dst>
            <dst id="STTLng">37280.2053333333</dst>
            <dst id="WASHng">618.976</dst>
        </src>
        <src id="STTLng">
            <dst id="ATLA-M5">617.045333333333</dst>
            <dst id="ATLAng">10960.3253333333</dst>
            <dst id="CHINng">13290.6186666667</dst>
            <dst id="DNVRng">4461.52533333333</dst>
            <dst id="HSTNng">3959.768</dst>
            <dst id="IPLSng">5738.368</dst>
            <dst id="KSCYng">3148.712</dst>
            <dst id="LOSAng">424015.653333333</dst>
            <dst id="NYCMng">10449.3546666667</dst>
            <dst id="SNVAng">2814.624</dst>
            <dst id="STTLng">24769.8</dst>
            <dst id="WASHng">10045.6586666667</dst>
        </src>
        <src id="WASHng">
            <dst id="ATLA-M5">183.981333333333</dst>
            <dst id="ATLAng">103345.525333333</dst>
            <dst id="CHINng">68419.864</dst>
            <dst id="DNVRng">63629.5973333333</dst>
            <dst id="HSTNng">33106.2</dst>
            <dst id="IPLSng">50412.176</dst>
            <dst id="KSCYng">13291.96</dst>
            <dst id="LOSAng">60122.7466666667</dst>
            <dst id="NYCMng">160716.912</dst>
            <dst id="SNVAng">5893</dst>
            <dst id="STTLng">60007.8426666667</dst>
            <dst id="WASHng">251557.589333333</dst>
        </src>
    </IntraTM>
</TrafficMatrixFile>
