<?xml version="1.0" encoding="ISO-8859-1" standalone="yes"?>
<TrafficMatrixFile xsi:noNamespaceSchemaLocation="http://totem.run.montefiore.ulg.ac.be/Schema/TrafficMatrix-v1_2.xsd" xmlns:xsi="http://www.w3.org/2001/XMLSchema-instance">
    <IntraTM ASID="11537">
        <src id="ATLA-M5">
            <dst id="ATLA-M5">109.973333333333</dst>
            <dst id="ATLAng">26.6666666666667</dst>
            <dst id="CHINng">106.186666666667</dst>
            <dst id="DNVRng">0</dst>
            <dst id="HSTNng">30.1066666666667</dst>
            <dst id="IPLSng">59.5093333333333</dst>
            <dst id="KSCYng">494.037333333333</dst>
            <dst id="LOSAng">75.1893333333333</dst>
            <dst id="NYCMng">0</dst>
            <dst id="SNVAng">0</dst>
            <dst id="STTLng">497.856</dst>
            <dst id="WASHng">328.498666666667</dst>
        </src>
        <src id="ATLAng">
            <dst id="ATLA-M5">85.9013333333333</dst>
            <dst id="ATLAng">59552.2826666667</dst>
            <dst id="CHINng">5095.58666666667</dst>
            <dst id="DNVRng">3724.94666666667</dst>
            <dst id="HSTNng">2128.376</dst>
            <dst id="IPLSng">11683.656</dst>
            <dst id="KSCYng">921.024</dst>
            <dst id="LOSAng">15775.1306666667</dst>
            <dst id="NYCMng">16352.2933333333</dst>
            <dst id="SNVAng">26.6666666666667</dst>
            <dst id="STTLng">5171.90133333333</dst>
            <dst id="WASHng">21546.12</dst>
        </src>
        <src id="CHINng">
            <dst id="ATLA-M5">558.2</dst>
            <dst id="ATLAng">5571.55466666667</dst>
            <dst id="CHINng">61281.392</dst>
            <dst id="DNVRng">12059.224</dst>
            <dst id="HSTNng">5650.36</dst>
            <dst id="IPLSng">64835.512</dst>
            <dst id="KSCYng">3388.98666666667</dst>
            <dst id="LOSAng">41400.5253333333</dst>
            <dst id="NYCMng">7987.94933333333</dst>
            <dst id="SNVAng">1742.79466666667</dst>
            <dst id="STTLng">5494.60533333333</dst>
            <dst id="WASHng">37941.56</dst>
        </src>
        <src id="DNVRng">
            <dst id="ATLA-M5">133.76</dst>
            <dst id="ATLAng">14447.96</dst>
            <dst id="CHINng">49343.6826666667</dst>
            <dst id="DNVRng">22261.6853333333</dst>
            <dst id="HSTNng">10824.0933333333</dst>
            <dst id="IPLSng">16980.28</dst>
            <dst id="KSCYng">17631.6826666667</dst>
            <dst id="LOSAng">13446.2053333333</dst>
            <dst id="NYCMng">15478.064</dst>
            <dst id="SNVAng">7778.46933333333</dst>
            <dst id="STTLng">6690.56266666667</dst>
            <dst id="WASHng">32675.9973333333</dst>
        </src>
        <src id="HSTNng">
            <dst id="ATLA-M5">630.6</dst>
            <dst id="ATLAng">6804.73866666667</dst>
            <dst id="CHINng">4010.21333333333</dst>
            <dst id="DNVRng">1748.944</dst>
            <dst id="HSTNng">16765.776</dst>
            <dst id="IPLSng">12366.4853333333</dst>
            <dst id="KSCYng">1861.752</dst>
            <dst id="LOSAng">7229.81333333333</dst>
            <dst id="NYCMng">3028.14666666667</dst>
            <dst id="SNVAng">0</dst>
            <dst id="STTLng">1925.63733333333</dst>
            <dst id="WASHng">11545.088</dst>
        </src>
        <src id="IPLSng">
            <dst id="ATLA-M5">39.4293333333333</dst>
            <dst id="ATLAng">16475.872</dst>
            <dst id="CHINng">34320.8986666667</dst>
            <dst id="DNVRng">17497.192</dst>
            <dst id="HSTNng">757.338666666667</dst>
            <dst id="IPLSng">11154.0373333333</dst>
            <dst id="KSCYng">2642.11466666667</dst>
            <dst id="LOSAng">18038.504</dst>
            <dst id="NYCMng">25542.5173333333</dst>
            <dst id="SNVAng">1326.95733333333</dst>
            <dst id="STTLng">9751.64</dst>
            <dst id="WASHng">12558.0426666667</dst>
        </src>
        <src id="KSCYng">
            <dst id="ATLA-M5">906.944</dst>
            <dst id="ATLAng">2109.296</dst>
            <dst id="CHINng">10294.776</dst>
            <dst id="DNVRng">13194.4346666667</dst>
            <dst id="HSTNng">3136.72533333333</dst>
            <dst id="IPLSng">8975.54933333333</dst>
            <dst id="KSCYng">4521.70933333333</dst>
            <dst id="LOSAng">5695.36266666667</dst>
            <dst id="NYCMng">2656.256</dst>
            <dst id="SNVAng">2207.15733333333</dst>
            <dst id="STTLng">4812.53333333333</dst>
            <dst id="WASHng">9053.42133333333</dst>
        </src>
        <src id="LOSAng">
            <dst id="ATLA-M5">87.5706666666667</dst>
            <dst id="ATLAng">10551.3893333333</dst>
            <dst id="CHINng">55066.7306666667</dst>
            <dst id="DNVRng">6214.896</dst>
            <dst id="HSTNng">5582.38933333333</dst>
            <dst id="IPLSng">21455.328</dst>
            <dst id="KSCYng">2245.096</dst>
            <dst id="LOSAng">17416.744</dst>
            <dst id="NYCMng">24280.232</dst>
            <dst id="SNVAng">13886.1466666667</dst>
            <dst id="STTLng">31266.272</dst>
            <dst id="WASHng">42637.3653333333</dst>
        </src>
        <src id="NYCMng">
            <dst id="ATLA-M5">1007.17066666667</dst>
            <dst id="ATLAng">12523.4853333333</dst>
            <dst id="CHINng">15865.648</dst>
            <dst id="DNVRng">25904.744</dst>
            <dst id="HSTNng">11182.6746666667</dst>
            <dst id="IPLSng">13457.1226666667</dst>
            <dst id="KSCYng">7071.352</dst>
            <dst id="LOSAng">76032.8853333333</dst>
            <dst id="NYCMng">77102.656</dst>
            <dst id="SNVAng">2284.90133333333</dst>
            <dst id="STTLng">34846.6986666667</dst>
            <dst id="WASHng">50192.0293333333</dst>
        </src>
        <src id="SNVAng">
            <dst id="ATLA-M5">0</dst>
            <dst id="ATLAng">695.058666666667</dst>
            <dst id="CHINng">0</dst>
            <dst id="DNVRng">8697.93866666667</dst>
            <dst id="HSTNng">2333.408</dst>
            <dst id="IPLSng">9273.51466666667</dst>
            <dst id="KSCYng">26.6666666666667</dst>
            <dst id="LOSAng">55368.92</dst>
            <dst id="NYCMng">441.770666666667</dst>
            <dst id="SNVAng">9114.70666666667</dst>
            <dst id="STTLng">36068.0773333333</dst>
            <dst id="WASHng">82.8133333333333</dst>
        </src>
        <src id="STTLng">
            <dst id="ATLA-M5">59.5866666666667</dst>
            <dst id="ATLAng">5355.36533333333</dst>
            <dst id="CHINng">16774.0773333333</dst>
            <dst id="DNVRng">3805.69866666667</dst>
            <dst id="HSTNng">2757.81066666667</dst>
            <dst id="IPLSng">3794.392</dst>
            <dst id="KSCYng">2411.47466666667</dst>
            <dst id="LOSAng">395647.333333333</dst>
            <dst id="NYCMng">9804.032</dst>
            <dst id="SNVAng">2821.94666666667</dst>
            <dst id="STTLng">19321.9653333333</dst>
            <dst id="WASHng">13534.008</dst>
        </src>
        <src id="WASHng">
            <dst id="ATLA-M5">1522.976</dst>
            <dst id="ATLAng">65957.616</dst>
            <dst id="CHINng">88341.3973333333</dst>
            <dst id="DNVRng">62745.744</dst>
            <dst id="HSTNng">33625.5493333333</dst>
            <dst id="IPLSng">51007.0293333333</dst>
            <dst id="KSCYng">9939.408</dst>
            <dst id="LOSAng">76930.216</dst>
            <dst id="NYCMng">173871.653333333</dst>
            <dst id="SNVAng">2174.936</dst>
            <dst id="STTLng">41723.4853333333</dst>
            <dst id="WASHng">170069.781333333</dst>
        </src>
    </IntraTM>
</TrafficMatrixFile>
