<?xml version="1.0" encoding="ISO-8859-1" standalone="yes"?>
<TrafficMatrixFile xsi:noNamespaceSchemaLocation="http://totem.run.montefiore.ulg.ac.be/Schema/TrafficMatrix-v1_2.xsd" xmlns:xsi="http://www.w3.org/2001/XMLSchema-instance">
    <IntraTM ASID="11537">
        <src id="ATLA-M5">
            <dst id="ATLA-M5">216.842666666667</dst>
            <dst id="ATLAng">154.272</dst>
            <dst id="CHINng">103.242666666667</dst>
            <dst id="DNVRng">170.773333333333</dst>
            <dst id="HSTNng">126.064</dst>
            <dst id="IPLSng">310.053333333333</dst>
            <dst id="KSCYng">0</dst>
            <dst id="LOSAng">289.157333333333</dst>
            <dst id="NYCMng">26.6666666666667</dst>
            <dst id="SNVAng">26.6666666666667</dst>
            <dst id="STTLng">0</dst>
            <dst id="WASHng">390.933333333333</dst>
        </src>
        <src id="ATLAng">
            <dst id="ATLA-M5">3412.47466666667</dst>
            <dst id="ATLAng">40377.2906666667</dst>
            <dst id="CHINng">13889.832</dst>
            <dst id="DNVRng">2300.28533333333</dst>
            <dst id="HSTNng">12264.856</dst>
            <dst id="IPLSng">28339.5786666667</dst>
            <dst id="KSCYng">2550.06666666667</dst>
            <dst id="LOSAng">7224.65866666667</dst>
            <dst id="NYCMng">8782.448</dst>
            <dst id="SNVAng">1011.352</dst>
            <dst id="STTLng">12369.776</dst>
            <dst id="WASHng">42758.824</dst>
        </src>
        <src id="CHINng">
            <dst id="ATLA-M5">331.581333333333</dst>
            <dst id="ATLAng">21918.8853333333</dst>
            <dst id="CHINng">61123.5253333333</dst>
            <dst id="DNVRng">10709.2853333333</dst>
            <dst id="HSTNng">9060.35733333333</dst>
            <dst id="IPLSng">26092.208</dst>
            <dst id="KSCYng">10393.0746666667</dst>
            <dst id="LOSAng">46841.9813333333</dst>
            <dst id="NYCMng">13558.1893333333</dst>
            <dst id="SNVAng">3341.20266666667</dst>
            <dst id="STTLng">10802.2933333333</dst>
            <dst id="WASHng">24047.8026666667</dst>
        </src>
        <src id="DNVRng">
            <dst id="ATLA-M5">205.173333333333</dst>
            <dst id="ATLAng">10841.8133333333</dst>
            <dst id="CHINng">54627.224</dst>
            <dst id="DNVRng">15561.7413333333</dst>
            <dst id="HSTNng">27057.224</dst>
            <dst id="IPLSng">43188.32</dst>
            <dst id="KSCYng">27221.8506666667</dst>
            <dst id="LOSAng">6239.216</dst>
            <dst id="NYCMng">16450.784</dst>
            <dst id="SNVAng">21570.28</dst>
            <dst id="STTLng">7469.37066666667</dst>
            <dst id="WASHng">37318.1573333333</dst>
        </src>
        <src id="HSTNng">
            <dst id="ATLA-M5">5409.13333333333</dst>
            <dst id="ATLAng">11678.4533333333</dst>
            <dst id="CHINng">26421.0293333333</dst>
            <dst id="DNVRng">2007.15466666667</dst>
            <dst id="HSTNng">10645.424</dst>
            <dst id="IPLSng">3789.83733333333</dst>
            <dst id="KSCYng">1860.13866666667</dst>
            <dst id="LOSAng">14009.856</dst>
            <dst id="NYCMng">3560.736</dst>
            <dst id="SNVAng">754.469333333333</dst>
            <dst id="STTLng">7308.09066666667</dst>
            <dst id="WASHng">10829.3253333333</dst>
        </src>
        <src id="IPLSng">
            <dst id="ATLA-M5">167.197333333333</dst>
            <dst id="ATLAng">22432.3226666667</dst>
            <dst id="CHINng">70051.648</dst>
            <dst id="DNVRng">34371.44</dst>
            <dst id="HSTNng">8985.16266666667</dst>
            <dst id="IPLSng">14972.5573333333</dst>
            <dst id="KSCYng">6382.45866666667</dst>
            <dst id="LOSAng">32692.0213333333</dst>
            <dst id="NYCMng">35616.592</dst>
            <dst id="SNVAng">1948.61866666667</dst>
            <dst id="STTLng">25602.7626666667</dst>
            <dst id="WASHng">15865.8506666667</dst>
        </src>
        <src id="KSCYng">
            <dst id="ATLA-M5">0</dst>
            <dst id="ATLAng">1576.54133333333</dst>
            <dst id="CHINng">19189.6693333333</dst>
            <dst id="DNVRng">19339.0373333333</dst>
            <dst id="HSTNng">4242.92533333333</dst>
            <dst id="IPLSng">19690.4826666667</dst>
            <dst id="KSCYng">15108.0506666667</dst>
            <dst id="LOSAng">7600.63466666667</dst>
            <dst id="NYCMng">3404.25866666667</dst>
            <dst id="SNVAng">2130.28</dst>
            <dst id="STTLng">11725.1386666667</dst>
            <dst id="WASHng">10616.7573333333</dst>
        </src>
        <src id="LOSAng">
            <dst id="ATLA-M5">749.741333333333</dst>
            <dst id="ATLAng">37995.9306666667</dst>
            <dst id="CHINng">109817</dst>
            <dst id="DNVRng">22546.9066666667</dst>
            <dst id="HSTNng">6212.94666666667</dst>
            <dst id="IPLSng">33178.408</dst>
            <dst id="KSCYng">15067.0133333333</dst>
            <dst id="LOSAng">16420.4986666667</dst>
            <dst id="NYCMng">39767.3946666667</dst>
            <dst id="SNVAng">22705.1386666667</dst>
            <dst id="STTLng">25428.9546666667</dst>
            <dst id="WASHng">25262.872</dst>
        </src>
        <src id="NYCMng">
            <dst id="ATLA-M5">341.085333333333</dst>
            <dst id="ATLAng">40709.104</dst>
            <dst id="CHINng">17752.2906666667</dst>
            <dst id="DNVRng">31296.12</dst>
            <dst id="HSTNng">13625.568</dst>
            <dst id="IPLSng">38520.1973333333</dst>
            <dst id="KSCYng">12522.2986666667</dst>
            <dst id="LOSAng">101972.76</dst>
            <dst id="NYCMng">96262.88</dst>
            <dst id="SNVAng">6888.672</dst>
            <dst id="STTLng">26618.28</dst>
            <dst id="WASHng">75311.48</dst>
        </src>
        <src id="SNVAng">
            <dst id="ATLA-M5">0</dst>
            <dst id="ATLAng">276.610666666667</dst>
            <dst id="CHINng">26.6666666666667</dst>
            <dst id="DNVRng">5766.27466666667</dst>
            <dst id="HSTNng">53.3333333333333</dst>
            <dst id="IPLSng">295.117333333333</dst>
            <dst id="KSCYng">37.4853333333333</dst>
            <dst id="LOSAng">31452.616</dst>
            <dst id="NYCMng">401.76</dst>
            <dst id="SNVAng">5616.77066666667</dst>
            <dst id="STTLng">27959.88</dst>
            <dst id="WASHng">80</dst>
        </src>
        <src id="STTLng">
            <dst id="ATLA-M5">127.093333333333</dst>
            <dst id="ATLAng">10386.7253333333</dst>
            <dst id="CHINng">28538.9626666667</dst>
            <dst id="DNVRng">6121.90933333333</dst>
            <dst id="HSTNng">3178.26933333333</dst>
            <dst id="IPLSng">14826.9733333333</dst>
            <dst id="KSCYng">11216.344</dst>
            <dst id="LOSAng">29423.9733333333</dst>
            <dst id="NYCMng">15534.184</dst>
            <dst id="SNVAng">8180.136</dst>
            <dst id="STTLng">6441.032</dst>
            <dst id="WASHng">23187.1146666667</dst>
        </src>
        <src id="WASHng">
            <dst id="ATLA-M5">4510.52</dst>
            <dst id="ATLAng">114335.397333333</dst>
            <dst id="CHINng">55847.784</dst>
            <dst id="DNVRng">93658.92</dst>
            <dst id="HSTNng">26831.9466666667</dst>
            <dst id="IPLSng">50437.4373333333</dst>
            <dst id="KSCYng">20900.736</dst>
            <dst id="LOSAng">92835.5733333333</dst>
            <dst id="NYCMng">189232.92</dst>
            <dst id="SNVAng">4899.33333333333</dst>
            <dst id="STTLng">37074.5493333333</dst>
            <dst id="WASHng">291748.533333333</dst>
        </src>
    </IntraTM>
</TrafficMatrixFile>
