<?xml version="1.0" encoding="ISO-8859-1" standalone="yes"?>
<TrafficMatrixFile xsi:noNamespaceSchemaLocation="http://totem.run.montefiore.ulg.ac.be/Schema/TrafficMatrix-v1_2.xsd" xmlns:xsi="http://www.w3.org/2001/XMLSchema-instance">
    <IntraTM ASID="11537">
        <src id="ATLA-M5">
            <dst id="ATLA-M5">115.418666666667</dst>
            <dst id="ATLAng">258.064</dst>
            <dst id="CHINng">426.208</dst>
            <dst id="DNVRng">70.2933333333333</dst>
            <dst id="HSTNng">249.314666666667</dst>
            <dst id="IPLSng">361.984</dst>
            <dst id="KSCYng">163.178666666667</dst>
            <dst id="LOSAng">400.752</dst>
            <dst id="NYCMng">232.592</dst>
            <dst id="SNVAng">13.3333333333333</dst>
            <dst id="STTLng">53.3333333333333</dst>
            <dst id="WASHng">776.661333333333</dst>
        </src>
        <src id="ATLAng">
            <dst id="ATLA-M5">185.749333333333</dst>
            <dst id="ATLAng">39104.8373333333</dst>
            <dst id="CHINng">13724.7786666667</dst>
            <dst id="DNVRng">3115.312</dst>
            <dst id="HSTNng">4593.43733333333</dst>
            <dst id="IPLSng">25016.6666666667</dst>
            <dst id="KSCYng">4370.77333333333</dst>
            <dst id="LOSAng">13351.5346666667</dst>
            <dst id="NYCMng">12049.8</dst>
            <dst id="SNVAng">1990.556</dst>
            <dst id="STTLng">9349.84266666667</dst>
            <dst id="WASHng">47020.0426666667</dst>
        </src>
        <src id="CHINng">
            <dst id="ATLA-M5">1817.39733333333</dst>
            <dst id="ATLAng">36767.144</dst>
            <dst id="CHINng">63512.9333333333</dst>
            <dst id="DNVRng">22663.9813333333</dst>
            <dst id="HSTNng">22400.1013333333</dst>
            <dst id="IPLSng">42162.12</dst>
            <dst id="KSCYng">14751.5386666667</dst>
            <dst id="LOSAng">54215.9973333333</dst>
            <dst id="NYCMng">21607.2346666667</dst>
            <dst id="SNVAng">5615.33066666666</dst>
            <dst id="STTLng">7279.73866666667</dst>
            <dst id="WASHng">31764.608</dst>
        </src>
        <src id="DNVRng">
            <dst id="ATLA-M5">611.474666666667</dst>
            <dst id="ATLAng">14224.96</dst>
            <dst id="CHINng">78570.136</dst>
            <dst id="DNVRng">14870.8133333333</dst>
            <dst id="HSTNng">29063.6506666667</dst>
            <dst id="IPLSng">41282.8586666667</dst>
            <dst id="KSCYng">26347.328</dst>
            <dst id="LOSAng">16952.8826666667</dst>
            <dst id="NYCMng">68357.144</dst>
            <dst id="SNVAng">11305.9173333333</dst>
            <dst id="STTLng">9728.63733333333</dst>
            <dst id="WASHng">44756.6133333333</dst>
        </src>
        <src id="HSTNng">
            <dst id="ATLA-M5">213.685333333333</dst>
            <dst id="ATLAng">7885.848</dst>
            <dst id="CHINng">21792.456</dst>
            <dst id="DNVRng">1818.94133333333</dst>
            <dst id="HSTNng">4832.656</dst>
            <dst id="IPLSng">6292.80266666667</dst>
            <dst id="KSCYng">5269.496</dst>
            <dst id="LOSAng">14415.3173333333</dst>
            <dst id="NYCMng">2751.36266666667</dst>
            <dst id="SNVAng">148.413333333333</dst>
            <dst id="STTLng">1028.78933333333</dst>
            <dst id="WASHng">6951.21866666667</dst>
        </src>
        <src id="IPLSng">
            <dst id="ATLA-M5">329.789333333333</dst>
            <dst id="ATLAng">39506.1093333333</dst>
            <dst id="CHINng">79103.7173333333</dst>
            <dst id="DNVRng">13659.6106666667</dst>
            <dst id="HSTNng">9686.184</dst>
            <dst id="IPLSng">21481.96</dst>
            <dst id="KSCYng">9271.04533333333</dst>
            <dst id="LOSAng">36727.3893333333</dst>
            <dst id="NYCMng">33040.0666666667</dst>
            <dst id="SNVAng">2859.10666666667</dst>
            <dst id="STTLng">12473.8853333333</dst>
            <dst id="WASHng">29896.168</dst>
        </src>
        <src id="KSCYng">
            <dst id="ATLA-M5">1400.376</dst>
            <dst id="ATLAng">4377.66666666667</dst>
            <dst id="CHINng">24627.448</dst>
            <dst id="DNVRng">12785.6826666667</dst>
            <dst id="HSTNng">22261.408</dst>
            <dst id="IPLSng">21437.5866666667</dst>
            <dst id="KSCYng">4647.82666666667</dst>
            <dst id="LOSAng">9204.016</dst>
            <dst id="NYCMng">3601.25866666667</dst>
            <dst id="SNVAng">3952.01066666667</dst>
            <dst id="STTLng">4138.82133333333</dst>
            <dst id="WASHng">15725.3653333333</dst>
        </src>
        <src id="LOSAng">
            <dst id="ATLA-M5">1968.34666666667</dst>
            <dst id="ATLAng">36268.3226666667</dst>
            <dst id="CHINng">98269.04</dst>
            <dst id="DNVRng">32406.8266666667</dst>
            <dst id="HSTNng">20531.496</dst>
            <dst id="IPLSng">49563.4693333333</dst>
            <dst id="KSCYng">13103.6026666667</dst>
            <dst id="LOSAng">19166.416</dst>
            <dst id="NYCMng">45044.432</dst>
            <dst id="SNVAng">40866.3066666667</dst>
            <dst id="STTLng">30403.5733333333</dst>
            <dst id="WASHng">52418.1386666667</dst>
        </src>
        <src id="NYCMng">
            <dst id="ATLA-M5">3106.26666666667</dst>
            <dst id="ATLAng">37412.4053333333</dst>
            <dst id="CHINng">49870.4826666667</dst>
            <dst id="DNVRng">38620.376</dst>
            <dst id="HSTNng">21917.808</dst>
            <dst id="IPLSng">39281.672</dst>
            <dst id="KSCYng">15263.232</dst>
            <dst id="LOSAng">87843.2933333333</dst>
            <dst id="NYCMng">125171.653333333</dst>
            <dst id="SNVAng">4435.01333333333</dst>
            <dst id="STTLng">53735.7333333333</dst>
            <dst id="WASHng">125617.986666667</dst>
        </src>
        <src id="SNVAng">
            <dst id="ATLA-M5">0</dst>
            <dst id="ATLAng">94.9573333333334</dst>
            <dst id="CHINng">238.450666666667</dst>
            <dst id="DNVRng">56572.1866666667</dst>
            <dst id="HSTNng">165.296</dst>
            <dst id="IPLSng">329.584</dst>
            <dst id="KSCYng">39.2106666666667</dst>
            <dst id="LOSAng">40589.8213333333</dst>
            <dst id="NYCMng">289.461333333333</dst>
            <dst id="SNVAng">6312.57066666667</dst>
            <dst id="STTLng">27826.28</dst>
            <dst id="WASHng">194.506666666667</dst>
        </src>
        <src id="STTLng">
            <dst id="ATLA-M5">499.341333333333</dst>
            <dst id="ATLAng">20335.2853333333</dst>
            <dst id="CHINng">27765.1493333333</dst>
            <dst id="DNVRng">10492.2053333333</dst>
            <dst id="HSTNng">5966.91466666667</dst>
            <dst id="IPLSng">14205.4026666667</dst>
            <dst id="KSCYng">5542.47733333333</dst>
            <dst id="LOSAng">28333.3786666667</dst>
            <dst id="NYCMng">22508.584</dst>
            <dst id="SNVAng">5593.81866666667</dst>
            <dst id="STTLng">4960.776</dst>
            <dst id="WASHng">24555.456</dst>
        </src>
        <src id="WASHng">
            <dst id="ATLA-M5">1112.55733333333</dst>
            <dst id="ATLAng">177899.490666667</dst>
            <dst id="CHINng">82479.296</dst>
            <dst id="DNVRng">72677.344</dst>
            <dst id="HSTNng">31417.048</dst>
            <dst id="IPLSng">79053.584</dst>
            <dst id="KSCYng">18329.592</dst>
            <dst id="LOSAng">81280.1706666667</dst>
            <dst id="NYCMng">148080.405333333</dst>
            <dst id="SNVAng">19740.608</dst>
            <dst id="STTLng">56158.5866666667</dst>
            <dst id="WASHng">249635.898666667</dst>
        </src>
    </IntraTM>
</TrafficMatrixFile>
