<?xml version="1.0" encoding="ISO-8859-1" standalone="yes"?>
<TrafficMatrixFile xsi:noNamespaceSchemaLocation="http://totem.run.montefiore.ulg.ac.be/Schema/TrafficMatrix-v1_2.xsd" xmlns:xsi="http://www.w3.org/2001/XMLSchema-instance">
    <IntraTM ASID="11537">
        <src id="ATLA-M5">
            <dst id="ATLA-M5">80</dst>
            <dst id="ATLAng">80</dst>
            <dst id="CHINng">34.08</dst>
            <dst id="DNVRng">0</dst>
            <dst id="HSTNng">80</dst>
            <dst id="IPLSng">3774.97066666667</dst>
            <dst id="KSCYng">0</dst>
            <dst id="LOSAng">105.570666666667</dst>
            <dst id="NYCMng">365.757333333333</dst>
            <dst id="SNVAng">0</dst>
            <dst id="STTLng">0</dst>
            <dst id="WASHng">1079.248</dst>
        </src>
        <src id="ATLAng">
            <dst id="ATLA-M5">150.6</dst>
            <dst id="ATLAng">23576.7573333333</dst>
            <dst id="CHINng">11149.84</dst>
            <dst id="DNVRng">3732.08266666667</dst>
            <dst id="HSTNng">1238.29866666667</dst>
            <dst id="IPLSng">14083.3573333333</dst>
            <dst id="KSCYng">3802.66933333333</dst>
            <dst id="LOSAng">10849.6706666667</dst>
            <dst id="NYCMng">10459.4906666667</dst>
            <dst id="SNVAng">1408.82533333333</dst>
            <dst id="STTLng">6135.27466666667</dst>
            <dst id="WASHng">60851.68</dst>
        </src>
        <src id="CHINng">
            <dst id="ATLA-M5">156.106666666667</dst>
            <dst id="ATLAng">8621.29866666667</dst>
            <dst id="CHINng">90289.8613333333</dst>
            <dst id="DNVRng">6368.512</dst>
            <dst id="HSTNng">3263.336</dst>
            <dst id="IPLSng">40669.3066666667</dst>
            <dst id="KSCYng">4379.82133333333</dst>
            <dst id="LOSAng">34260.84</dst>
            <dst id="NYCMng">8860.05066666666</dst>
            <dst id="SNVAng">3876.23733333333</dst>
            <dst id="STTLng">6319.18933333333</dst>
            <dst id="WASHng">37168.2373333333</dst>
        </src>
        <src id="DNVRng">
            <dst id="ATLA-M5">73.6533333333333</dst>
            <dst id="ATLAng">10205.432</dst>
            <dst id="CHINng">79357.88</dst>
            <dst id="DNVRng">10973.376</dst>
            <dst id="HSTNng">16452.3653333333</dst>
            <dst id="IPLSng">24974.072</dst>
            <dst id="KSCYng">20023.536</dst>
            <dst id="LOSAng">7668.29066666667</dst>
            <dst id="NYCMng">17112.728</dst>
            <dst id="SNVAng">5627.864</dst>
            <dst id="STTLng">7392.74666666667</dst>
            <dst id="WASHng">37196.24</dst>
        </src>
        <src id="HSTNng">
            <dst id="ATLA-M5">1202.22133333333</dst>
            <dst id="ATLAng">5336.336</dst>
            <dst id="CHINng">12825.1653333333</dst>
            <dst id="DNVRng">893.485333333334</dst>
            <dst id="HSTNng">15032.16</dst>
            <dst id="IPLSng">3529.90133333333</dst>
            <dst id="KSCYng">1613.52533333333</dst>
            <dst id="LOSAng">8963.61333333333</dst>
            <dst id="NYCMng">2675.56266666667</dst>
            <dst id="SNVAng">0</dst>
            <dst id="STTLng">355.408</dst>
            <dst id="WASHng">5212.48266666667</dst>
        </src>
        <src id="IPLSng">
            <dst id="ATLA-M5">92</dst>
            <dst id="ATLAng">24722.96</dst>
            <dst id="CHINng">81626.5466666667</dst>
            <dst id="DNVRng">14566.0906666667</dst>
            <dst id="HSTNng">3614.01066666667</dst>
            <dst id="IPLSng">16955.5093333333</dst>
            <dst id="KSCYng">5860.83733333333</dst>
            <dst id="LOSAng">18343.2346666667</dst>
            <dst id="NYCMng">34513.328</dst>
            <dst id="SNVAng">3159.30933333333</dst>
            <dst id="STTLng">8027.736</dst>
            <dst id="WASHng">20953.176</dst>
        </src>
        <src id="KSCYng">
            <dst id="ATLA-M5">26.6666666666667</dst>
            <dst id="ATLAng">8282.49066666667</dst>
            <dst id="CHINng">19269.6213333333</dst>
            <dst id="DNVRng">9769.256</dst>
            <dst id="HSTNng">4476.864</dst>
            <dst id="IPLSng">12506.8986666667</dst>
            <dst id="KSCYng">5003.13066666667</dst>
            <dst id="LOSAng">3920.176</dst>
            <dst id="NYCMng">1765.80266666667</dst>
            <dst id="SNVAng">1971.576</dst>
            <dst id="STTLng">2179.17866666667</dst>
            <dst id="WASHng">16369.488</dst>
        </src>
        <src id="LOSAng">
            <dst id="ATLA-M5">614.714666666667</dst>
            <dst id="ATLAng">12973.176</dst>
            <dst id="CHINng">137986.256</dst>
            <dst id="DNVRng">20898.8586666667</dst>
            <dst id="HSTNng">3757.29333333333</dst>
            <dst id="IPLSng">21729.544</dst>
            <dst id="KSCYng">3314.34133333333</dst>
            <dst id="LOSAng">13409.3493333333</dst>
            <dst id="NYCMng">39884.0746666667</dst>
            <dst id="SNVAng">15992.696</dst>
            <dst id="STTLng">19879.7493333333</dst>
            <dst id="WASHng">29892.1173333333</dst>
        </src>
        <src id="NYCMng">
            <dst id="ATLA-M5">481.690666666667</dst>
            <dst id="ATLAng">31074.408</dst>
            <dst id="CHINng">16537.3333333333</dst>
            <dst id="DNVRng">24956.048</dst>
            <dst id="HSTNng">4787.02933333333</dst>
            <dst id="IPLSng">23727.24</dst>
            <dst id="KSCYng">8607.008</dst>
            <dst id="LOSAng">72195.3386666667</dst>
            <dst id="NYCMng">121578.949333333</dst>
            <dst id="SNVAng">862.765333333333</dst>
            <dst id="STTLng">19718.1253333333</dst>
            <dst id="WASHng">47902.1973333333</dst>
        </src>
        <src id="SNVAng">
            <dst id="ATLA-M5">0</dst>
            <dst id="ATLAng">177.984</dst>
            <dst id="CHINng">70.264</dst>
            <dst id="DNVRng">9292.96</dst>
            <dst id="HSTNng">27.4453333333333</dst>
            <dst id="IPLSng">317.877333333333</dst>
            <dst id="KSCYng">111.536</dst>
            <dst id="LOSAng">31005.1466666667</dst>
            <dst id="NYCMng">222.504</dst>
            <dst id="SNVAng">5569.17866666667</dst>
            <dst id="STTLng">32406.8506666667</dst>
            <dst id="WASHng">26.6666666666667</dst>
        </src>
        <src id="STTLng">
            <dst id="ATLA-M5">0</dst>
            <dst id="ATLAng">7315.03733333333</dst>
            <dst id="CHINng">31823.6533333333</dst>
            <dst id="DNVRng">1946.46933333333</dst>
            <dst id="HSTNng">896.272</dst>
            <dst id="IPLSng">8373.80533333333</dst>
            <dst id="KSCYng">2466.168</dst>
            <dst id="LOSAng">13327.6186666667</dst>
            <dst id="NYCMng">11743.5973333333</dst>
            <dst id="SNVAng">1626.94933333333</dst>
            <dst id="STTLng">4759.55466666667</dst>
            <dst id="WASHng">11494.904</dst>
        </src>
        <src id="WASHng">
            <dst id="ATLA-M5">1258.49866666667</dst>
            <dst id="ATLAng">96254.4186666667</dst>
            <dst id="CHINng">71150.112</dst>
            <dst id="DNVRng">51352.8693333333</dst>
            <dst id="HSTNng">18019.2586666667</dst>
            <dst id="IPLSng">42451.056</dst>
            <dst id="KSCYng">16123.504</dst>
            <dst id="LOSAng">52269.352</dst>
            <dst id="NYCMng">174855.064</dst>
            <dst id="SNVAng">5598.008</dst>
            <dst id="STTLng">40616.2586666667</dst>
            <dst id="WASHng">332065.146666667</dst>
        </src>
    </IntraTM>
</TrafficMatrixFile>
