<?xml version="1.0" encoding="ISO-8859-1" standalone="yes"?>
<TrafficMatrixFile xsi:noNamespaceSchemaLocation="http://totem.run.montefiore.ulg.ac.be/Schema/TrafficMatrix-v1_2.xsd" xmlns:xsi="http://www.w3.org/2001/XMLSchema-instance">
    <IntraTM ASID="11537">
        <src id="ATLA-M5">
            <dst id="ATLA-M5">125.192</dst>
            <dst id="ATLAng">1033.36</dst>
            <dst id="CHINng">55.3386666666667</dst>
            <dst id="DNVRng">53.3333333333333</dst>
            <dst id="HSTNng">100.568</dst>
            <dst id="IPLSng">3452.85866666667</dst>
            <dst id="KSCYng">567.544</dst>
            <dst id="LOSAng">70.912</dst>
            <dst id="NYCMng">179.978666666667</dst>
            <dst id="SNVAng">26.6666666666667</dst>
            <dst id="STTLng">238.570666666667</dst>
            <dst id="WASHng">1682.048</dst>
        </src>
        <src id="ATLAng">
            <dst id="ATLA-M5">346.464</dst>
            <dst id="ATLAng">49805.0586666667</dst>
            <dst id="CHINng">8867.28533333334</dst>
            <dst id="DNVRng">3669.712</dst>
            <dst id="HSTNng">11475.1626666667</dst>
            <dst id="IPLSng">14344.3226666667</dst>
            <dst id="KSCYng">7081.064</dst>
            <dst id="LOSAng">12745.4666666667</dst>
            <dst id="NYCMng">16604.168</dst>
            <dst id="SNVAng">626.088</dst>
            <dst id="STTLng">6266.17333333333</dst>
            <dst id="WASHng">81573.872</dst>
        </src>
        <src id="CHINng">
            <dst id="ATLA-M5">268.970666666667</dst>
            <dst id="ATLAng">15113.6053333333</dst>
            <dst id="CHINng">61325.1226666667</dst>
            <dst id="DNVRng">18050.6746666667</dst>
            <dst id="HSTNng">9578.38933333333</dst>
            <dst id="IPLSng">35602.4346666667</dst>
            <dst id="KSCYng">8587.45866666667</dst>
            <dst id="LOSAng">28863.8373333333</dst>
            <dst id="NYCMng">23084.4</dst>
            <dst id="SNVAng">5670.19733333333</dst>
            <dst id="STTLng">10134.4026666667</dst>
            <dst id="WASHng">21710.0213333333</dst>
        </src>
        <src id="DNVRng">
            <dst id="ATLA-M5">192.496</dst>
            <dst id="ATLAng">12650.6613333333</dst>
            <dst id="CHINng">71694.3946666667</dst>
            <dst id="DNVRng">8562.28266666667</dst>
            <dst id="HSTNng">17367.2026666667</dst>
            <dst id="IPLSng">33670.616</dst>
            <dst id="KSCYng">19286.696</dst>
            <dst id="LOSAng">35031.7226666667</dst>
            <dst id="NYCMng">18541.5653333333</dst>
            <dst id="SNVAng">8803.04</dst>
            <dst id="STTLng">8315.61333333333</dst>
            <dst id="WASHng">42940.3866666667</dst>
        </src>
        <src id="HSTNng">
            <dst id="ATLA-M5">1343.48</dst>
            <dst id="ATLAng">3893.45866666667</dst>
            <dst id="CHINng">22440.7973333333</dst>
            <dst id="DNVRng">4105.06933333333</dst>
            <dst id="HSTNng">18138.6853333333</dst>
            <dst id="IPLSng">4136.36</dst>
            <dst id="KSCYng">3286.13066666667</dst>
            <dst id="LOSAng">10769.6026666667</dst>
            <dst id="NYCMng">5505.19733333333</dst>
            <dst id="SNVAng">381.816</dst>
            <dst id="STTLng">841.304</dst>
            <dst id="WASHng">4016.70666666667</dst>
        </src>
        <src id="IPLSng">
            <dst id="ATLA-M5">147.104</dst>
            <dst id="ATLAng">20657.9866666667</dst>
            <dst id="CHINng">87927.3386666667</dst>
            <dst id="DNVRng">12276.9866666667</dst>
            <dst id="HSTNng">1487.01066666667</dst>
            <dst id="IPLSng">53059.4586666667</dst>
            <dst id="KSCYng">7946.26933333333</dst>
            <dst id="LOSAng">15570.2746666667</dst>
            <dst id="NYCMng">30251.6853333333</dst>
            <dst id="SNVAng">2975.19733333333</dst>
            <dst id="STTLng">5730.45333333333</dst>
            <dst id="WASHng">24806.7946666667</dst>
        </src>
        <src id="KSCYng">
            <dst id="ATLA-M5">35.6826666666667</dst>
            <dst id="ATLAng">8616.08533333333</dst>
            <dst id="CHINng">28627.4826666667</dst>
            <dst id="DNVRng">20918.576</dst>
            <dst id="HSTNng">5263.52266666667</dst>
            <dst id="IPLSng">17760.712</dst>
            <dst id="KSCYng">28479.7866666667</dst>
            <dst id="LOSAng">3598.01333333333</dst>
            <dst id="NYCMng">1943.76266666667</dst>
            <dst id="SNVAng">2224.27466666667</dst>
            <dst id="STTLng">2991.392</dst>
            <dst id="WASHng">28980.9626666667</dst>
        </src>
        <src id="LOSAng">
            <dst id="ATLA-M5">235.848</dst>
            <dst id="ATLAng">16813.5626666667</dst>
            <dst id="CHINng">132582.325333333</dst>
            <dst id="DNVRng">27520.256</dst>
            <dst id="HSTNng">9948.53333333333</dst>
            <dst id="IPLSng">39581.696</dst>
            <dst id="KSCYng">7066.30666666667</dst>
            <dst id="LOSAng">15536.5786666667</dst>
            <dst id="NYCMng">39607.4026666667</dst>
            <dst id="SNVAng">11363.272</dst>
            <dst id="STTLng">19205.2346666667</dst>
            <dst id="WASHng">38875.7226666667</dst>
        </src>
        <src id="NYCMng">
            <dst id="ATLA-M5">397.869333333333</dst>
            <dst id="ATLAng">34468.5893333333</dst>
            <dst id="CHINng">41152.8853333333</dst>
            <dst id="DNVRng">30381.392</dst>
            <dst id="HSTNng">11340.168</dst>
            <dst id="IPLSng">44545.0106666667</dst>
            <dst id="KSCYng">16241.2533333333</dst>
            <dst id="LOSAng">78986.5893333333</dst>
            <dst id="NYCMng">132894.050666667</dst>
            <dst id="SNVAng">1183.66133333333</dst>
            <dst id="STTLng">22002.2346666667</dst>
            <dst id="WASHng">73781.656</dst>
        </src>
        <src id="SNVAng">
            <dst id="ATLA-M5">0</dst>
            <dst id="ATLAng">0</dst>
            <dst id="CHINng">26.6666666666667</dst>
            <dst id="DNVRng">11220.7093333333</dst>
            <dst id="HSTNng">106.666666666667</dst>
            <dst id="IPLSng">367.722666666667</dst>
            <dst id="KSCYng">195.818666666667</dst>
            <dst id="LOSAng">35801.784</dst>
            <dst id="NYCMng">664.52</dst>
            <dst id="SNVAng">9465.52</dst>
            <dst id="STTLng">34197.2986666667</dst>
            <dst id="WASHng">170.938666666667</dst>
        </src>
        <src id="STTLng">
            <dst id="ATLA-M5">197.981333333333</dst>
            <dst id="ATLAng">11886.5413333333</dst>
            <dst id="CHINng">37298.64</dst>
            <dst id="DNVRng">2835.864</dst>
            <dst id="HSTNng">3153.33333333333</dst>
            <dst id="IPLSng">10785.4426666667</dst>
            <dst id="KSCYng">6288.84</dst>
            <dst id="LOSAng">17412.416</dst>
            <dst id="NYCMng">18249.4666666667</dst>
            <dst id="SNVAng">3734.90933333333</dst>
            <dst id="STTLng">5127.86933333333</dst>
            <dst id="WASHng">24979.2373333333</dst>
        </src>
        <src id="WASHng">
            <dst id="ATLA-M5">815.349333333334</dst>
            <dst id="ATLAng">110923.533333333</dst>
            <dst id="CHINng">32256.016</dst>
            <dst id="DNVRng">47282.9413333333</dst>
            <dst id="HSTNng">17793.52</dst>
            <dst id="IPLSng">56316.864</dst>
            <dst id="KSCYng">21496.12</dst>
            <dst id="LOSAng">64972.0186666667</dst>
            <dst id="NYCMng">169582.736</dst>
            <dst id="SNVAng">11143.9146666667</dst>
            <dst id="STTLng">27323.1813333333</dst>
            <dst id="WASHng">363748.293333333</dst>
        </src>
    </IntraTM>
</TrafficMatrixFile>
