<?xml version="1.0" encoding="ISO-8859-1" standalone="yes"?>
<TrafficMatrixFile xsi:noNamespaceSchemaLocation="http://totem.run.montefiore.ulg.ac.be/Schema/TrafficMatrix-v1_2.xsd" xmlns:xsi="http://www.w3.org/2001/XMLSchema-instance">
    <IntraTM ASID="11537">
        <src id="ATLA-M5">
            <dst id="ATLA-M5">0</dst>
            <dst id="ATLAng">26.6666666666667</dst>
            <dst id="CHINng">129.194666666667</dst>
            <dst id="DNVRng">0</dst>
            <dst id="HSTNng">26.6666666666667</dst>
            <dst id="IPLSng">26.6666666666667</dst>
            <dst id="KSCYng">477.762666666667</dst>
            <dst id="LOSAng">267.285333333333</dst>
            <dst id="NYCMng">125.16</dst>
            <dst id="SNVAng">0</dst>
            <dst id="STTLng">593.376</dst>
            <dst id="WASHng">493.322666666667</dst>
        </src>
        <src id="ATLAng">
            <dst id="ATLA-M5">224.317333333333</dst>
            <dst id="ATLAng">33164.1413333333</dst>
            <dst id="CHINng">12478.024</dst>
            <dst id="DNVRng">3352.376</dst>
            <dst id="HSTNng">13671.5386666667</dst>
            <dst id="IPLSng">11103.0666666667</dst>
            <dst id="KSCYng">2143.12</dst>
            <dst id="LOSAng">13470.404</dst>
            <dst id="NYCMng">5197.08</dst>
            <dst id="SNVAng">44.3133333333333</dst>
            <dst id="STTLng">6446.38666666666</dst>
            <dst id="WASHng">28037.088</dst>
        </src>
        <src id="CHINng">
            <dst id="ATLA-M5">723.706666666667</dst>
            <dst id="ATLAng">9620.38933333333</dst>
            <dst id="CHINng">56067.52</dst>
            <dst id="DNVRng">8244.50666666666</dst>
            <dst id="HSTNng">4859.86133333333</dst>
            <dst id="IPLSng">21281.6826666667</dst>
            <dst id="KSCYng">5207.136</dst>
            <dst id="LOSAng">42207.9253333333</dst>
            <dst id="NYCMng">20196.96</dst>
            <dst id="SNVAng">2704.57066666667</dst>
            <dst id="STTLng">9074.55733333333</dst>
            <dst id="WASHng">49326.2906666667</dst>
        </src>
        <src id="DNVRng">
            <dst id="ATLA-M5">62.88</dst>
            <dst id="ATLAng">14913.3893333333</dst>
            <dst id="CHINng">57869.168</dst>
            <dst id="DNVRng">12989.4986666667</dst>
            <dst id="HSTNng">14820.216</dst>
            <dst id="IPLSng">24642.624</dst>
            <dst id="KSCYng">17031</dst>
            <dst id="LOSAng">11430.1866666667</dst>
            <dst id="NYCMng">15435.4293333333</dst>
            <dst id="SNVAng">8300.78666666667</dst>
            <dst id="STTLng">9866.184</dst>
            <dst id="WASHng">36908.8266666667</dst>
        </src>
        <src id="HSTNng">
            <dst id="ATLA-M5">1228.67466666667</dst>
            <dst id="ATLAng">5275.08266666667</dst>
            <dst id="CHINng">4781.71733333333</dst>
            <dst id="DNVRng">1339.09066666667</dst>
            <dst id="HSTNng">17967.8746666667</dst>
            <dst id="IPLSng">10728.224</dst>
            <dst id="KSCYng">2462.50133333333</dst>
            <dst id="LOSAng">8773.71733333333</dst>
            <dst id="NYCMng">3078.46133333333</dst>
            <dst id="SNVAng">0</dst>
            <dst id="STTLng">513.418666666667</dst>
            <dst id="WASHng">1650.024</dst>
        </src>
        <src id="IPLSng">
            <dst id="ATLA-M5">0</dst>
            <dst id="ATLAng">13271.864</dst>
            <dst id="CHINng">44837.1226666667</dst>
            <dst id="DNVRng">20872.08</dst>
            <dst id="HSTNng">422.970666666667</dst>
            <dst id="IPLSng">10286.3946666667</dst>
            <dst id="KSCYng">2559.85066666667</dst>
            <dst id="LOSAng">18749.184</dst>
            <dst id="NYCMng">27188.2</dst>
            <dst id="SNVAng">367.229333333333</dst>
            <dst id="STTLng">11366.0746666667</dst>
            <dst id="WASHng">14986.0106666667</dst>
        </src>
        <src id="KSCYng">
            <dst id="ATLA-M5">1389.66133333333</dst>
            <dst id="ATLAng">1101.104</dst>
            <dst id="CHINng">19247.7546666667</dst>
            <dst id="DNVRng">10632.5866666667</dst>
            <dst id="HSTNng">4466.93333333333</dst>
            <dst id="IPLSng">9141.336</dst>
            <dst id="KSCYng">4491.97333333333</dst>
            <dst id="LOSAng">8253.248</dst>
            <dst id="NYCMng">2036.75733333333</dst>
            <dst id="SNVAng">2130.448</dst>
            <dst id="STTLng">3230.29333333333</dst>
            <dst id="WASHng">6078.968</dst>
        </src>
        <src id="LOSAng">
            <dst id="ATLA-M5">2566.552</dst>
            <dst id="ATLAng">12923.56</dst>
            <dst id="CHINng">63605.3546666667</dst>
            <dst id="DNVRng">5285.18133333333</dst>
            <dst id="HSTNng">6837.94666666667</dst>
            <dst id="IPLSng">24009.0506666667</dst>
            <dst id="KSCYng">3454.92</dst>
            <dst id="LOSAng">25028.152</dst>
            <dst id="NYCMng">31399.0346666667</dst>
            <dst id="SNVAng">12478.5733333333</dst>
            <dst id="STTLng">28083</dst>
            <dst id="WASHng">28126.3893333333</dst>
        </src>
        <src id="NYCMng">
            <dst id="ATLA-M5">4204.232</dst>
            <dst id="ATLAng">13386.152</dst>
            <dst id="CHINng">8184.73066666667</dst>
            <dst id="DNVRng">25059.8186666667</dst>
            <dst id="HSTNng">11922.88</dst>
            <dst id="IPLSng">18863.2106666667</dst>
            <dst id="KSCYng">3725.55733333333</dst>
            <dst id="LOSAng">67178.432</dst>
            <dst id="NYCMng">75722.8106666667</dst>
            <dst id="SNVAng">1714.60533333333</dst>
            <dst id="STTLng">34308.1066666667</dst>
            <dst id="WASHng">41746.984</dst>
        </src>
        <src id="SNVAng">
            <dst id="ATLA-M5">0</dst>
            <dst id="ATLAng">683.218666666667</dst>
            <dst id="CHINng">26.6666666666667</dst>
            <dst id="DNVRng">14629.4346666667</dst>
            <dst id="HSTNng">2260.64</dst>
            <dst id="IPLSng">172.594666666667</dst>
            <dst id="KSCYng">0</dst>
            <dst id="LOSAng">37620.352</dst>
            <dst id="NYCMng">321.941333333333</dst>
            <dst id="SNVAng">8791.304</dst>
            <dst id="STTLng">32157.3413333333</dst>
            <dst id="WASHng">26.6666666666667</dst>
        </src>
        <src id="STTLng">
            <dst id="ATLA-M5">95.048</dst>
            <dst id="ATLAng">6795.13066666667</dst>
            <dst id="CHINng">13309.56</dst>
            <dst id="DNVRng">5129.328</dst>
            <dst id="HSTNng">1782.712</dst>
            <dst id="IPLSng">5139.512</dst>
            <dst id="KSCYng">2352.63466666667</dst>
            <dst id="LOSAng">402336.106666667</dst>
            <dst id="NYCMng">14546.6826666667</dst>
            <dst id="SNVAng">2368.86666666667</dst>
            <dst id="STTLng">22153.1093333333</dst>
            <dst id="WASHng">12519.5226666667</dst>
        </src>
        <src id="WASHng">
            <dst id="ATLA-M5">53.3333333333333</dst>
            <dst id="ATLAng">64939.8</dst>
            <dst id="CHINng">105834.482666667</dst>
            <dst id="DNVRng">68909.1493333333</dst>
            <dst id="HSTNng">22334.52</dst>
            <dst id="IPLSng">74906.136</dst>
            <dst id="KSCYng">9290.408</dst>
            <dst id="LOSAng">83129.2</dst>
            <dst id="NYCMng">181430.36</dst>
            <dst id="SNVAng">1845.072</dst>
            <dst id="STTLng">64219.1173333333</dst>
            <dst id="WASHng">209216.965333333</dst>
        </src>
    </IntraTM>
</TrafficMatrixFile>
