<?xml version="1.0" encoding="ISO-8859-1" standalone="yes"?>
<TrafficMatrixFile xsi:noNamespaceSchemaLocation="http://totem.run.montefiore.ulg.ac.be/Schema/TrafficMatrix-v1_2.xsd" xmlns:xsi="http://www.w3.org/2001/XMLSchema-instance">
    <IntraTM ASID="11537">
        <src id="ATLA-M5">
            <dst id="ATLA-M5">54.08</dst>
            <dst id="ATLAng">80</dst>
            <dst id="CHINng">415.634666666667</dst>
            <dst id="DNVRng">26.6666666666667</dst>
            <dst id="HSTNng">0</dst>
            <dst id="IPLSng">26.6666666666667</dst>
            <dst id="KSCYng">177.837333333333</dst>
            <dst id="LOSAng">582.232</dst>
            <dst id="NYCMng">26.6666666666667</dst>
            <dst id="SNVAng">0</dst>
            <dst id="STTLng">0</dst>
            <dst id="WASHng">1156.23466666667</dst>
        </src>
        <src id="ATLAng">
            <dst id="ATLA-M5">329.888</dst>
            <dst id="ATLAng">14931.0586666667</dst>
            <dst id="CHINng">6135.78933333333</dst>
            <dst id="DNVRng">2680.99466666667</dst>
            <dst id="HSTNng">1822.82933333333</dst>
            <dst id="IPLSng">29262.1946666667</dst>
            <dst id="KSCYng">4767.21866666667</dst>
            <dst id="LOSAng">6887.36266666667</dst>
            <dst id="NYCMng">9621.568</dst>
            <dst id="SNVAng">3029.68266666667</dst>
            <dst id="STTLng">9973.69066666667</dst>
            <dst id="WASHng">45180.76</dst>
        </src>
        <src id="CHINng">
            <dst id="ATLA-M5">633.114666666667</dst>
            <dst id="ATLAng">27109.472</dst>
            <dst id="CHINng">96906.296</dst>
            <dst id="DNVRng">10992.36</dst>
            <dst id="HSTNng">10939.4373333333</dst>
            <dst id="IPLSng">56389.3733333333</dst>
            <dst id="KSCYng">21105.3573333333</dst>
            <dst id="LOSAng">34098.2453333333</dst>
            <dst id="NYCMng">13131.112</dst>
            <dst id="SNVAng">973.290666666667</dst>
            <dst id="STTLng">3246.54933333333</dst>
            <dst id="WASHng">21162.9733333333</dst>
        </src>
        <src id="DNVRng">
            <dst id="ATLA-M5">451.266666666667</dst>
            <dst id="ATLAng">2941.8</dst>
            <dst id="CHINng">57366.5786666667</dst>
            <dst id="DNVRng">9559.45066666667</dst>
            <dst id="HSTNng">17073.864</dst>
            <dst id="IPLSng">47120.8773333333</dst>
            <dst id="KSCYng">22672.3573333333</dst>
            <dst id="LOSAng">8776.872</dst>
            <dst id="NYCMng">18908.3733333333</dst>
            <dst id="SNVAng">14956.048</dst>
            <dst id="STTLng">6830.48</dst>
            <dst id="WASHng">37981.064</dst>
        </src>
        <src id="HSTNng">
            <dst id="ATLA-M5">176.533333333333</dst>
            <dst id="ATLAng">13087.2986666667</dst>
            <dst id="CHINng">11918.6826666667</dst>
            <dst id="DNVRng">699.066666666667</dst>
            <dst id="HSTNng">15919.16</dst>
            <dst id="IPLSng">3459.104</dst>
            <dst id="KSCYng">962.56</dst>
            <dst id="LOSAng">3232.51733333333</dst>
            <dst id="NYCMng">3310.52266666667</dst>
            <dst id="SNVAng">234.112</dst>
            <dst id="STTLng">118.898666666667</dst>
            <dst id="WASHng">9797.68266666667</dst>
        </src>
        <src id="IPLSng">
            <dst id="ATLA-M5">1350.528</dst>
            <dst id="ATLAng">87340.7066666667</dst>
            <dst id="CHINng">61887.2853333333</dst>
            <dst id="DNVRng">7332.376</dst>
            <dst id="HSTNng">4161.184</dst>
            <dst id="IPLSng">19093.2106666667</dst>
            <dst id="KSCYng">7222.504</dst>
            <dst id="LOSAng">11633.8586666667</dst>
            <dst id="NYCMng">15497.7493333333</dst>
            <dst id="SNVAng">761.093333333333</dst>
            <dst id="STTLng">13309.912</dst>
            <dst id="WASHng">21915.392</dst>
        </src>
        <src id="KSCYng">
            <dst id="ATLA-M5">50.288</dst>
            <dst id="ATLAng">5785.264</dst>
            <dst id="CHINng">28005.728</dst>
            <dst id="DNVRng">12060.5173333333</dst>
            <dst id="HSTNng">3128.504</dst>
            <dst id="IPLSng">12763.0346666667</dst>
            <dst id="KSCYng">4893.904</dst>
            <dst id="LOSAng">7024.91733333333</dst>
            <dst id="NYCMng">2883.42933333333</dst>
            <dst id="SNVAng">1891.656</dst>
            <dst id="STTLng">2858.42933333333</dst>
            <dst id="WASHng">12897.76</dst>
        </src>
        <src id="LOSAng">
            <dst id="ATLA-M5">54.472</dst>
            <dst id="ATLAng">13110.752</dst>
            <dst id="CHINng">140432.706666667</dst>
            <dst id="DNVRng">22461.8773333333</dst>
            <dst id="HSTNng">4175.16266666667</dst>
            <dst id="IPLSng">20797.28</dst>
            <dst id="KSCYng">4862.39466666667</dst>
            <dst id="LOSAng">15016.7493333333</dst>
            <dst id="NYCMng">33647.0826666667</dst>
            <dst id="SNVAng">14713.5786666667</dst>
            <dst id="STTLng">17942.208</dst>
            <dst id="WASHng">60345.024</dst>
        </src>
        <src id="NYCMng">
            <dst id="ATLA-M5">300.496</dst>
            <dst id="ATLAng">43927.9333333333</dst>
            <dst id="CHINng">62947.8613333333</dst>
            <dst id="DNVRng">25850.88</dst>
            <dst id="HSTNng">5486.016</dst>
            <dst id="IPLSng">28542.6053333333</dst>
            <dst id="KSCYng">12402.808</dst>
            <dst id="LOSAng">82717.8933333333</dst>
            <dst id="NYCMng">102861.466666667</dst>
            <dst id="SNVAng">1477.304</dst>
            <dst id="STTLng">15245.088</dst>
            <dst id="WASHng">66472.744</dst>
        </src>
        <src id="SNVAng">
            <dst id="ATLA-M5">0</dst>
            <dst id="ATLAng">97.4293333333333</dst>
            <dst id="CHINng">53.3333333333333</dst>
            <dst id="DNVRng">9414.75466666667</dst>
            <dst id="HSTNng">54.3146666666667</dst>
            <dst id="IPLSng">295.541333333333</dst>
            <dst id="KSCYng">126.96</dst>
            <dst id="LOSAng">29070.1173333333</dst>
            <dst id="NYCMng">277.930666666667</dst>
            <dst id="SNVAng">5814.10666666666</dst>
            <dst id="STTLng">25010.9813333333</dst>
            <dst id="WASHng">53.3333333333333</dst>
        </src>
        <src id="STTLng">
            <dst id="ATLA-M5">51.9946666666667</dst>
            <dst id="ATLAng">12356.7866666667</dst>
            <dst id="CHINng">30232.8826666667</dst>
            <dst id="DNVRng">1878.17333333333</dst>
            <dst id="HSTNng">1902.10666666667</dst>
            <dst id="IPLSng">7989.248</dst>
            <dst id="KSCYng">2691.33066666667</dst>
            <dst id="LOSAng">23328.1333333333</dst>
            <dst id="NYCMng">12736.6346666667</dst>
            <dst id="SNVAng">1893.01866666667</dst>
            <dst id="STTLng">4412.38133333333</dst>
            <dst id="WASHng">14781.2986666667</dst>
        </src>
        <src id="WASHng">
            <dst id="ATLA-M5">701.704</dst>
            <dst id="ATLAng">97420.688</dst>
            <dst id="CHINng">68827.6853333333</dst>
            <dst id="DNVRng">39206.8053333333</dst>
            <dst id="HSTNng">13131.1733333333</dst>
            <dst id="IPLSng">78690.712</dst>
            <dst id="KSCYng">16256.4586666667</dst>
            <dst id="LOSAng">59948.4026666667</dst>
            <dst id="NYCMng">148635.202666667</dst>
            <dst id="SNVAng">6072.27466666667</dst>
            <dst id="STTLng">28506.392</dst>
            <dst id="WASHng">263540.008</dst>
        </src>
    </IntraTM>
</TrafficMatrixFile>
