<?xml version="1.0" encoding="ISO-8859-1" standalone="yes"?>
<TrafficMatrixFile xsi:noNamespaceSchemaLocation="http://totem.run.montefiore.ulg.ac.be/Schema/TrafficMatrix-v1_2.xsd" xmlns:xsi="http://www.w3.org/2001/XMLSchema-instance">
    <IntraTM ASID="11537">
        <src id="ATLA-M5">
            <dst id="ATLA-M5">205.970666666667</dst>
            <dst id="ATLAng">667.053333333333</dst>
            <dst id="CHINng">380.829333333333</dst>
            <dst id="DNVRng">0</dst>
            <dst id="HSTNng">80</dst>
            <dst id="IPLSng">3591.33066666667</dst>
            <dst id="KSCYng">1073.64266666667</dst>
            <dst id="LOSAng">100.28</dst>
            <dst id="NYCMng">137.461333333333</dst>
            <dst id="SNVAng">80</dst>
            <dst id="STTLng">86.7653333333333</dst>
            <dst id="WASHng">2368</dst>
        </src>
        <src id="ATLAng">
            <dst id="ATLA-M5">487.064</dst>
            <dst id="ATLAng">52276.2773333333</dst>
            <dst id="CHINng">9763.44533333333</dst>
            <dst id="DNVRng">20135.3306666667</dst>
            <dst id="HSTNng">3730.19466666667</dst>
            <dst id="IPLSng">14687.048</dst>
            <dst id="KSCYng">5174.39466666667</dst>
            <dst id="LOSAng">16033.26</dst>
            <dst id="NYCMng">12675.344</dst>
            <dst id="SNVAng">608.113333333333</dst>
            <dst id="STTLng">7459.53066666667</dst>
            <dst id="WASHng">66989.2453333333</dst>
        </src>
        <src id="CHINng">
            <dst id="ATLA-M5">888.130666666666</dst>
            <dst id="ATLAng">13482.7386666667</dst>
            <dst id="CHINng">72541.5493333333</dst>
            <dst id="DNVRng">21512.8533333333</dst>
            <dst id="HSTNng">10329.6746666667</dst>
            <dst id="IPLSng">35941.1706666667</dst>
            <dst id="KSCYng">21490.7493333333</dst>
            <dst id="LOSAng">30579.6373333333</dst>
            <dst id="NYCMng">12512.176</dst>
            <dst id="SNVAng">6592.52</dst>
            <dst id="STTLng">7084.81866666667</dst>
            <dst id="WASHng">22885.216</dst>
        </src>
        <src id="DNVRng">
            <dst id="ATLA-M5">447.834666666667</dst>
            <dst id="ATLAng">7868.34933333333</dst>
            <dst id="CHINng">65156.96</dst>
            <dst id="DNVRng">19882.9333333333</dst>
            <dst id="HSTNng">20399.4933333333</dst>
            <dst id="IPLSng">35384.5146666667</dst>
            <dst id="KSCYng">32494.392</dst>
            <dst id="LOSAng">13090.68</dst>
            <dst id="NYCMng">17804.1253333333</dst>
            <dst id="SNVAng">30556.9893333333</dst>
            <dst id="STTLng">14500.608</dst>
            <dst id="WASHng">48734.632</dst>
        </src>
        <src id="HSTNng">
            <dst id="ATLA-M5">209.045333333333</dst>
            <dst id="ATLAng">18763.4426666667</dst>
            <dst id="CHINng">26122.752</dst>
            <dst id="DNVRng">1011.97333333333</dst>
            <dst id="HSTNng">13806.408</dst>
            <dst id="IPLSng">2171.78133333333</dst>
            <dst id="KSCYng">3917.67733333333</dst>
            <dst id="LOSAng">10507.68</dst>
            <dst id="NYCMng">3545.392</dst>
            <dst id="SNVAng">264.261333333333</dst>
            <dst id="STTLng">600.898666666667</dst>
            <dst id="WASHng">5948.98933333333</dst>
        </src>
        <src id="IPLSng">
            <dst id="ATLA-M5">456.037333333333</dst>
            <dst id="ATLAng">32296.3013333333</dst>
            <dst id="CHINng">90956.9493333333</dst>
            <dst id="DNVRng">25568.6693333333</dst>
            <dst id="HSTNng">4009.97066666667</dst>
            <dst id="IPLSng">36832.1706666667</dst>
            <dst id="KSCYng">9460.83733333333</dst>
            <dst id="LOSAng">21703.1706666667</dst>
            <dst id="NYCMng">50665.672</dst>
            <dst id="SNVAng">7141.37066666667</dst>
            <dst id="STTLng">5382.576</dst>
            <dst id="WASHng">30011.464</dst>
        </src>
        <src id="KSCYng">
            <dst id="ATLA-M5">187.829333333333</dst>
            <dst id="ATLAng">11281.5626666667</dst>
            <dst id="CHINng">31005.488</dst>
            <dst id="DNVRng">10874.632</dst>
            <dst id="HSTNng">3509.872</dst>
            <dst id="IPLSng">15219.176</dst>
            <dst id="KSCYng">9968.88</dst>
            <dst id="LOSAng">5348.76533333333</dst>
            <dst id="NYCMng">3325.728</dst>
            <dst id="SNVAng">2373.48</dst>
            <dst id="STTLng">2841.512</dst>
            <dst id="WASHng">10233.784</dst>
        </src>
        <src id="LOSAng">
            <dst id="ATLA-M5">833.157333333333</dst>
            <dst id="ATLAng">20121.68</dst>
            <dst id="CHINng">136578.154666667</dst>
            <dst id="DNVRng">26306.2373333333</dst>
            <dst id="HSTNng">6764.70133333333</dst>
            <dst id="IPLSng">41006.3813333333</dst>
            <dst id="KSCYng">8995.39733333333</dst>
            <dst id="LOSAng">17466.9386666667</dst>
            <dst id="NYCMng">42045.2373333333</dst>
            <dst id="SNVAng">28215.4106666667</dst>
            <dst id="STTLng">23133.3386666667</dst>
            <dst id="WASHng">44249.0453333333</dst>
        </src>
        <src id="NYCMng">
            <dst id="ATLA-M5">697.477333333333</dst>
            <dst id="ATLAng">38999.2746666667</dst>
            <dst id="CHINng">30590.656</dst>
            <dst id="DNVRng">32724.3706666667</dst>
            <dst id="HSTNng">13143.3626666667</dst>
            <dst id="IPLSng">52411.7626666667</dst>
            <dst id="KSCYng">18192.7893333333</dst>
            <dst id="LOSAng">83080.8773333333</dst>
            <dst id="NYCMng">140714.872</dst>
            <dst id="SNVAng">5289.48</dst>
            <dst id="STTLng">30527.904</dst>
            <dst id="WASHng">66546.9706666667</dst>
        </src>
        <src id="SNVAng">
            <dst id="ATLA-M5">0</dst>
            <dst id="ATLAng">125.458666666667</dst>
            <dst id="CHINng">53.3333333333333</dst>
            <dst id="DNVRng">9099.61333333333</dst>
            <dst id="HSTNng">55.7866666666667</dst>
            <dst id="IPLSng">364.290666666667</dst>
            <dst id="KSCYng">0</dst>
            <dst id="LOSAng">38770.8266666667</dst>
            <dst id="NYCMng">575.928</dst>
            <dst id="SNVAng">8603.77333333333</dst>
            <dst id="STTLng">28931.8133333333</dst>
            <dst id="WASHng">80</dst>
        </src>
        <src id="STTLng">
            <dst id="ATLA-M5">443.856</dst>
            <dst id="ATLAng">12491.248</dst>
            <dst id="CHINng">26230.5226666667</dst>
            <dst id="DNVRng">3664.672</dst>
            <dst id="HSTNng">3341.08533333333</dst>
            <dst id="IPLSng">11162.9226666667</dst>
            <dst id="KSCYng">10062.9813333333</dst>
            <dst id="LOSAng">16675.5546666667</dst>
            <dst id="NYCMng">15346.8853333333</dst>
            <dst id="SNVAng">4661.94933333333</dst>
            <dst id="STTLng">8497.76533333333</dst>
            <dst id="WASHng">21140.2853333333</dst>
        </src>
        <src id="WASHng">
            <dst id="ATLA-M5">3561.944</dst>
            <dst id="ATLAng">119033.597333333</dst>
            <dst id="CHINng">55754.184</dst>
            <dst id="DNVRng">56411.8666666667</dst>
            <dst id="HSTNng">32511.2826666667</dst>
            <dst id="IPLSng">55095.728</dst>
            <dst id="KSCYng">28607.7946666667</dst>
            <dst id="LOSAng">59633.64</dst>
            <dst id="NYCMng">169362.098666667</dst>
            <dst id="SNVAng">10708.144</dst>
            <dst id="STTLng">48746.9706666667</dst>
            <dst id="WASHng">321749.84</dst>
        </src>
    </IntraTM>
</TrafficMatrixFile>
