<?xml version="1.0" encoding="ISO-8859-1" standalone="yes"?>
<TrafficMatrixFile xsi:noNamespaceSchemaLocation="http://totem.run.montefiore.ulg.ac.be/Schema/TrafficMatrix-v1_2.xsd" xmlns:xsi="http://www.w3.org/2001/XMLSchema-instance">
    <IntraTM ASID="11537">
        <src id="ATLA-M5">
            <dst id="ATLA-M5">44.024</dst>
            <dst id="ATLAng">180.032</dst>
            <dst id="CHINng">504.784</dst>
            <dst id="DNVRng">26.6666666666667</dst>
            <dst id="HSTNng">85.224</dst>
            <dst id="IPLSng">127.48</dst>
            <dst id="KSCYng">26.6666666666667</dst>
            <dst id="LOSAng">435.829333333333</dst>
            <dst id="NYCMng">1192.26666666667</dst>
            <dst id="SNVAng">0</dst>
            <dst id="STTLng">53.3333333333333</dst>
            <dst id="WASHng">666.632</dst>
        </src>
        <src id="ATLAng">
            <dst id="ATLA-M5">230.2</dst>
            <dst id="ATLAng">14649.1066666667</dst>
            <dst id="CHINng">21823.176</dst>
            <dst id="DNVRng">15362.392</dst>
            <dst id="HSTNng">13028.28</dst>
            <dst id="IPLSng">22637.76</dst>
            <dst id="KSCYng">2137.33333333333</dst>
            <dst id="LOSAng">9752.352</dst>
            <dst id="NYCMng">10859.336</dst>
            <dst id="SNVAng">1476.82666666667</dst>
            <dst id="STTLng">10379.8506666667</dst>
            <dst id="WASHng">63221.0213333334</dst>
        </src>
        <src id="CHINng">
            <dst id="ATLA-M5">596.322666666667</dst>
            <dst id="ATLAng">32833.9493333333</dst>
            <dst id="CHINng">78344.6746666667</dst>
            <dst id="DNVRng">9465.98933333333</dst>
            <dst id="HSTNng">14534.36</dst>
            <dst id="IPLSng">50672.064</dst>
            <dst id="KSCYng">8752.29066666667</dst>
            <dst id="LOSAng">46370.4533333333</dst>
            <dst id="NYCMng">16272</dst>
            <dst id="SNVAng">2089.05333333333</dst>
            <dst id="STTLng">14222.9066666667</dst>
            <dst id="WASHng">19524.144</dst>
        </src>
        <src id="DNVRng">
            <dst id="ATLA-M5">242.488</dst>
            <dst id="ATLAng">7935.128</dst>
            <dst id="CHINng">55521.3146666666</dst>
            <dst id="DNVRng">7867.416</dst>
            <dst id="HSTNng">25726.4266666667</dst>
            <dst id="IPLSng">47310.4506666667</dst>
            <dst id="KSCYng">18083.2586666667</dst>
            <dst id="LOSAng">9314.64</dst>
            <dst id="NYCMng">13929.464</dst>
            <dst id="SNVAng">16227.4613333333</dst>
            <dst id="STTLng">9457.89866666667</dst>
            <dst id="WASHng">50586.3973333333</dst>
        </src>
        <src id="HSTNng">
            <dst id="ATLA-M5">342.584</dst>
            <dst id="ATLAng">18122.8213333333</dst>
            <dst id="CHINng">14283.0773333333</dst>
            <dst id="DNVRng">1970.04</dst>
            <dst id="HSTNng">12676.5066666667</dst>
            <dst id="IPLSng">3457.864</dst>
            <dst id="KSCYng">1260.69866666667</dst>
            <dst id="LOSAng">11361.3333333333</dst>
            <dst id="NYCMng">3258.304</dst>
            <dst id="SNVAng">817.738666666667</dst>
            <dst id="STTLng">7346.97333333333</dst>
            <dst id="WASHng">10399.312</dst>
        </src>
        <src id="IPLSng">
            <dst id="ATLA-M5">53.3333333333333</dst>
            <dst id="ATLAng">19746.8666666667</dst>
            <dst id="CHINng">58377.5866666667</dst>
            <dst id="DNVRng">24533.2053333333</dst>
            <dst id="HSTNng">5937.896</dst>
            <dst id="IPLSng">19805.688</dst>
            <dst id="KSCYng">8975.60533333333</dst>
            <dst id="LOSAng">30619.736</dst>
            <dst id="NYCMng">27563.7173333333</dst>
            <dst id="SNVAng">1475.07466666667</dst>
            <dst id="STTLng">24441.7573333333</dst>
            <dst id="WASHng">18651.6453333333</dst>
        </src>
        <src id="KSCYng">
            <dst id="ATLA-M5">26.6666666666667</dst>
            <dst id="ATLAng">3943.616</dst>
            <dst id="CHINng">20491.0613333333</dst>
            <dst id="DNVRng">13898.0906666667</dst>
            <dst id="HSTNng">4522.17866666667</dst>
            <dst id="IPLSng">18556.0026666667</dst>
            <dst id="KSCYng">9163.49333333334</dst>
            <dst id="LOSAng">8003.64266666667</dst>
            <dst id="NYCMng">3184.18933333333</dst>
            <dst id="SNVAng">2969.02666666667</dst>
            <dst id="STTLng">6701.94133333333</dst>
            <dst id="WASHng">10731.0133333333</dst>
        </src>
        <src id="LOSAng">
            <dst id="ATLA-M5">303.773333333333</dst>
            <dst id="ATLAng">18785.2346666667</dst>
            <dst id="CHINng">105687.253333333</dst>
            <dst id="DNVRng">27079.872</dst>
            <dst id="HSTNng">13937.84</dst>
            <dst id="IPLSng">28693.544</dst>
            <dst id="KSCYng">15183.1733333333</dst>
            <dst id="LOSAng">16781.8426666667</dst>
            <dst id="NYCMng">40655.848</dst>
            <dst id="SNVAng">28482.5013333333</dst>
            <dst id="STTLng">23818.9813333333</dst>
            <dst id="WASHng">29031.88</dst>
        </src>
        <src id="NYCMng">
            <dst id="ATLA-M5">271.661333333333</dst>
            <dst id="ATLAng">38912.784</dst>
            <dst id="CHINng">32179.0933333333</dst>
            <dst id="DNVRng">34073.2666666667</dst>
            <dst id="HSTNng">12337.0106666667</dst>
            <dst id="IPLSng">45988.2693333333</dst>
            <dst id="KSCYng">9476.52</dst>
            <dst id="LOSAng">105776.024</dst>
            <dst id="NYCMng">110148.450666667</dst>
            <dst id="SNVAng">4047.11733333333</dst>
            <dst id="STTLng">22822.968</dst>
            <dst id="WASHng">96001.4506666667</dst>
        </src>
        <src id="SNVAng">
            <dst id="ATLA-M5">0</dst>
            <dst id="ATLAng">1261.096</dst>
            <dst id="CHINng">106.666666666667</dst>
            <dst id="DNVRng">9364.17866666667</dst>
            <dst id="HSTNng">95.5946666666667</dst>
            <dst id="IPLSng">295.418666666667</dst>
            <dst id="KSCYng">53.3333333333333</dst>
            <dst id="LOSAng">40628.96</dst>
            <dst id="NYCMng">403.698666666667</dst>
            <dst id="SNVAng">8169.05066666667</dst>
            <dst id="STTLng">29935.6533333333</dst>
            <dst id="WASHng">124.592</dst>
        </src>
        <src id="STTLng">
            <dst id="ATLA-M5">138.842666666667</dst>
            <dst id="ATLAng">11426.488</dst>
            <dst id="CHINng">23553.168</dst>
            <dst id="DNVRng">4693.592</dst>
            <dst id="HSTNng">3906.53866666667</dst>
            <dst id="IPLSng">13219.232</dst>
            <dst id="KSCYng">8854.54933333333</dst>
            <dst id="LOSAng">37726.5626666667</dst>
            <dst id="NYCMng">16222.9653333333</dst>
            <dst id="SNVAng">3952.96266666667</dst>
            <dst id="STTLng">3127.68533333333</dst>
            <dst id="WASHng">23314.2693333333</dst>
        </src>
        <src id="WASHng">
            <dst id="ATLA-M5">1495.25066666667</dst>
            <dst id="ATLAng">117846.146666667</dst>
            <dst id="CHINng">53948.6266666667</dst>
            <dst id="DNVRng">77766.5573333333</dst>
            <dst id="HSTNng">37736.1546666667</dst>
            <dst id="IPLSng">45010.1733333333</dst>
            <dst id="KSCYng">19063.1093333333</dst>
            <dst id="LOSAng">74436.6</dst>
            <dst id="NYCMng">203887.189333333</dst>
            <dst id="SNVAng">6693.62133333333</dst>
            <dst id="STTLng">53206.8373333333</dst>
            <dst id="WASHng">286281.2</dst>
        </src>
    </IntraTM>
</TrafficMatrixFile>
