<?xml version="1.0" encoding="ISO-8859-1" standalone="yes"?>
<TrafficMatrixFile xsi:noNamespaceSchemaLocation="http://totem.run.montefiore.ulg.ac.be/Schema/TrafficMatrix-v1_2.xsd" xmlns:xsi="http://www.w3.org/2001/XMLSchema-instance">
    <IntraTM ASID="11537">
        <src id="ATLA-M5">
            <dst id="ATLA-M5">44</dst>
            <dst id="ATLAng">0</dst>
            <dst id="CHINng">1668.60266666667</dst>
            <dst id="DNVRng">26.6666666666667</dst>
            <dst id="HSTNng">26.6666666666667</dst>
            <dst id="IPLSng">138.666666666667</dst>
            <dst id="KSCYng">595.386666666667</dst>
            <dst id="LOSAng">53.3333333333333</dst>
            <dst id="NYCMng">103.04</dst>
            <dst id="SNVAng">0</dst>
            <dst id="STTLng">142.426666666667</dst>
            <dst id="WASHng">478.522666666667</dst>
        </src>
        <src id="ATLAng">
            <dst id="ATLA-M5">441.613333333333</dst>
            <dst id="ATLAng">25167.136</dst>
            <dst id="CHINng">12201.6053333333</dst>
            <dst id="DNVRng">3009.336</dst>
            <dst id="HSTNng">7792.46133333333</dst>
            <dst id="IPLSng">32426.2506666667</dst>
            <dst id="KSCYng">3033.38666666667</dst>
            <dst id="LOSAng">16596.016</dst>
            <dst id="NYCMng">4697.49333333333</dst>
            <dst id="SNVAng">606.338666666667</dst>
            <dst id="STTLng">6580.768</dst>
            <dst id="WASHng">25909.2026666667</dst>
        </src>
        <src id="CHINng">
            <dst id="ATLA-M5">2754.53333333333</dst>
            <dst id="ATLAng">17764.312</dst>
            <dst id="CHINng">54072.544</dst>
            <dst id="DNVRng">11986.2186666667</dst>
            <dst id="HSTNng">11706.3386666667</dst>
            <dst id="IPLSng">46418.2506666667</dst>
            <dst id="KSCYng">12782.2773333333</dst>
            <dst id="LOSAng">54501.8506666667</dst>
            <dst id="NYCMng">9900.11733333333</dst>
            <dst id="SNVAng">6988.86133333333</dst>
            <dst id="STTLng">10274.928</dst>
            <dst id="WASHng">13178.8933333333</dst>
        </src>
        <src id="DNVRng">
            <dst id="ATLA-M5">258.72</dst>
            <dst id="ATLAng">11534.0026666667</dst>
            <dst id="CHINng">35500</dst>
            <dst id="DNVRng">10226.8</dst>
            <dst id="HSTNng">13796.0746666667</dst>
            <dst id="IPLSng">28510.4746666667</dst>
            <dst id="KSCYng">10802.384</dst>
            <dst id="LOSAng">17377.0826666667</dst>
            <dst id="NYCMng">11565.248</dst>
            <dst id="SNVAng">18249.44</dst>
            <dst id="STTLng">17341.496</dst>
            <dst id="WASHng">40060.6</dst>
        </src>
        <src id="HSTNng">
            <dst id="ATLA-M5">297.856</dst>
            <dst id="ATLAng">21275.2826666667</dst>
            <dst id="CHINng">13835.2853333333</dst>
            <dst id="DNVRng">1252.864</dst>
            <dst id="HSTNng">14685.5813333333</dst>
            <dst id="IPLSng">2305.608</dst>
            <dst id="KSCYng">1422.42666666667</dst>
            <dst id="LOSAng">11740.344</dst>
            <dst id="NYCMng">2891.11733333333</dst>
            <dst id="SNVAng">0</dst>
            <dst id="STTLng">1240.56266666667</dst>
            <dst id="WASHng">8296.14666666667</dst>
        </src>
        <src id="IPLSng">
            <dst id="ATLA-M5">74.2186666666667</dst>
            <dst id="ATLAng">15763.448</dst>
            <dst id="CHINng">90253.4746666667</dst>
            <dst id="DNVRng">9369.23466666667</dst>
            <dst id="HSTNng">2518.83466666667</dst>
            <dst id="IPLSng">16921.4746666667</dst>
            <dst id="KSCYng">6566.17066666667</dst>
            <dst id="LOSAng">29457.2746666667</dst>
            <dst id="NYCMng">25471.4346666667</dst>
            <dst id="SNVAng">1687.576</dst>
            <dst id="STTLng">7383.944</dst>
            <dst id="WASHng">17222.912</dst>
        </src>
        <src id="KSCYng">
            <dst id="ATLA-M5">1305.58133333333</dst>
            <dst id="ATLAng">3116.616</dst>
            <dst id="CHINng">14233.2826666667</dst>
            <dst id="DNVRng">8458.21866666667</dst>
            <dst id="HSTNng">4134.86933333333</dst>
            <dst id="IPLSng">12303.984</dst>
            <dst id="KSCYng">7052.45866666667</dst>
            <dst id="LOSAng">6578.71466666667</dst>
            <dst id="NYCMng">3244.14666666667</dst>
            <dst id="SNVAng">3047.896</dst>
            <dst id="STTLng">4849.33066666667</dst>
            <dst id="WASHng">17561.0986666667</dst>
        </src>
        <src id="LOSAng">
            <dst id="ATLA-M5">134.917333333333</dst>
            <dst id="ATLAng">23716.0106666667</dst>
            <dst id="CHINng">257621.794666667</dst>
            <dst id="DNVRng">28324.4213333333</dst>
            <dst id="HSTNng">7069.45066666667</dst>
            <dst id="IPLSng">14322.6506666667</dst>
            <dst id="KSCYng">5911.864</dst>
            <dst id="LOSAng">17702.4613333333</dst>
            <dst id="NYCMng">31667.504</dst>
            <dst id="SNVAng">27880.3093333333</dst>
            <dst id="STTLng">39841.968</dst>
            <dst id="WASHng">39963.592</dst>
        </src>
        <src id="NYCMng">
            <dst id="ATLA-M5">4893.336</dst>
            <dst id="ATLAng">23747.4133333333</dst>
            <dst id="CHINng">14113.7786666667</dst>
            <dst id="DNVRng">28678.5386666667</dst>
            <dst id="HSTNng">24013.2106666667</dst>
            <dst id="IPLSng">25841.256</dst>
            <dst id="KSCYng">22311.1786666667</dst>
            <dst id="LOSAng">80816.2</dst>
            <dst id="NYCMng">88775.848</dst>
            <dst id="SNVAng">4130.17333333333</dst>
            <dst id="STTLng">23072.2</dst>
            <dst id="WASHng">53363.5946666667</dst>
        </src>
        <src id="SNVAng">
            <dst id="ATLA-M5">0</dst>
            <dst id="ATLAng">26.6666666666667</dst>
            <dst id="CHINng">84.824</dst>
            <dst id="DNVRng">5379.96266666667</dst>
            <dst id="HSTNng">2003.30666666667</dst>
            <dst id="IPLSng">230.186666666667</dst>
            <dst id="KSCYng">0</dst>
            <dst id="LOSAng">42177.608</dst>
            <dst id="NYCMng">376.906666666667</dst>
            <dst id="SNVAng">9267.34933333334</dst>
            <dst id="STTLng">30484.9893333333</dst>
            <dst id="WASHng">491.36</dst>
        </src>
        <src id="STTLng">
            <dst id="ATLA-M5">168.573333333333</dst>
            <dst id="ATLAng">10143.6613333333</dst>
            <dst id="CHINng">17098.7413333333</dst>
            <dst id="DNVRng">4729.544</dst>
            <dst id="HSTNng">6146.79733333333</dst>
            <dst id="IPLSng">5810.84</dst>
            <dst id="KSCYng">7537.35466666667</dst>
            <dst id="LOSAng">22454.1466666667</dst>
            <dst id="NYCMng">10006.328</dst>
            <dst id="SNVAng">5591.176</dst>
            <dst id="STTLng">18099.7973333333</dst>
            <dst id="WASHng">15844.7786666667</dst>
        </src>
        <src id="WASHng">
            <dst id="ATLA-M5">242.226666666667</dst>
            <dst id="ATLAng">77703.2773333333</dst>
            <dst id="CHINng">54208.3413333333</dst>
            <dst id="DNVRng">70519.3386666667</dst>
            <dst id="HSTNng">32458.4133333333</dst>
            <dst id="IPLSng">50915.32</dst>
            <dst id="KSCYng">17897.6853333333</dst>
            <dst id="LOSAng">63316.232</dst>
            <dst id="NYCMng">122389.498666667</dst>
            <dst id="SNVAng">10644.2</dst>
            <dst id="STTLng">55125.072</dst>
            <dst id="WASHng">229382.024</dst>
        </src>
    </IntraTM>
</TrafficMatrixFile>
