<?xml version="1.0" encoding="ISO-8859-1" standalone="yes"?>
<TrafficMatrixFile xsi:noNamespaceSchemaLocation="http://totem.run.montefiore.ulg.ac.be/Schema/TrafficMatrix-v1_2.xsd" xmlns:xsi="http://www.w3.org/2001/XMLSchema-instance">
    <IntraTM ASID="11537">
        <src id="ATLA-M5">
            <dst id="ATLA-M5">0</dst>
            <dst id="ATLAng">26.6666666666667</dst>
            <dst id="CHINng">125.653333333333</dst>
            <dst id="DNVRng">26.6666666666667</dst>
            <dst id="HSTNng">26.6666666666667</dst>
            <dst id="IPLSng">0</dst>
            <dst id="KSCYng">0</dst>
            <dst id="LOSAng">829.058666666667</dst>
            <dst id="NYCMng">26.6666666666667</dst>
            <dst id="SNVAng">0</dst>
            <dst id="STTLng">0</dst>
            <dst id="WASHng">519.986666666667</dst>
        </src>
        <src id="ATLAng">
            <dst id="ATLA-M5">32.5546666666667</dst>
            <dst id="ATLAng">33291.3226666667</dst>
            <dst id="CHINng">3117.60266666667</dst>
            <dst id="DNVRng">2840.95466666667</dst>
            <dst id="HSTNng">178.253333333333</dst>
            <dst id="IPLSng">25805.6453333333</dst>
            <dst id="KSCYng">319.52</dst>
            <dst id="LOSAng">4969.22933333333</dst>
            <dst id="NYCMng">5319.18666666667</dst>
            <dst id="SNVAng">551.768</dst>
            <dst id="STTLng">9017.05066666666</dst>
            <dst id="WASHng">40925.2533333333</dst>
        </src>
        <src id="CHINng">
            <dst id="ATLA-M5">73.912</dst>
            <dst id="ATLAng">6708.408</dst>
            <dst id="CHINng">53194.6133333333</dst>
            <dst id="DNVRng">9101.69333333333</dst>
            <dst id="HSTNng">5077.24266666667</dst>
            <dst id="IPLSng">96495.9733333333</dst>
            <dst id="KSCYng">3632.03466666667</dst>
            <dst id="LOSAng">31750.72</dst>
            <dst id="NYCMng">7391.38133333333</dst>
            <dst id="SNVAng">869.530666666667</dst>
            <dst id="STTLng">4388.11733333333</dst>
            <dst id="WASHng">18316.0213333333</dst>
        </src>
        <src id="DNVRng">
            <dst id="ATLA-M5">237.781333333333</dst>
            <dst id="ATLAng">1145.184</dst>
            <dst id="CHINng">62010.4693333333</dst>
            <dst id="DNVRng">15051.4906666667</dst>
            <dst id="HSTNng">18035.1226666667</dst>
            <dst id="IPLSng">44107.2586666667</dst>
            <dst id="KSCYng">31348.8586666667</dst>
            <dst id="LOSAng">19993.6613333333</dst>
            <dst id="NYCMng">19887.8773333333</dst>
            <dst id="SNVAng">19580.7813333333</dst>
            <dst id="STTLng">15456.1226666667</dst>
            <dst id="WASHng">35607.5493333333</dst>
        </src>
        <src id="HSTNng">
            <dst id="ATLA-M5">332.618666666667</dst>
            <dst id="ATLAng">921.274666666667</dst>
            <dst id="CHINng">17995.0906666667</dst>
            <dst id="DNVRng">1063.464</dst>
            <dst id="HSTNng">15666.8533333333</dst>
            <dst id="IPLSng">868.893333333333</dst>
            <dst id="KSCYng">502.28</dst>
            <dst id="LOSAng">4406.36266666667</dst>
            <dst id="NYCMng">4873.22133333333</dst>
            <dst id="SNVAng">0</dst>
            <dst id="STTLng">3668.98666666667</dst>
            <dst id="WASHng">973.114666666667</dst>
        </src>
        <src id="IPLSng">
            <dst id="ATLA-M5">26.6666666666667</dst>
            <dst id="ATLAng">96935.1546666667</dst>
            <dst id="CHINng">76292.1306666667</dst>
            <dst id="DNVRng">4192.768</dst>
            <dst id="HSTNng">4776.15466666667</dst>
            <dst id="IPLSng">37123.672</dst>
            <dst id="KSCYng">2318.37866666667</dst>
            <dst id="LOSAng">8814.78933333334</dst>
            <dst id="NYCMng">19056.4266666667</dst>
            <dst id="SNVAng">408.717333333333</dst>
            <dst id="STTLng">8630.224</dst>
            <dst id="WASHng">8840.79466666667</dst>
        </src>
        <src id="KSCYng">
            <dst id="ATLA-M5">0</dst>
            <dst id="ATLAng">718.856</dst>
            <dst id="CHINng">16776.36</dst>
            <dst id="DNVRng">11487.8106666667</dst>
            <dst id="HSTNng">2666.928</dst>
            <dst id="IPLSng">12326.9546666667</dst>
            <dst id="KSCYng">12463.6426666667</dst>
            <dst id="LOSAng">4772.248</dst>
            <dst id="NYCMng">4454.20266666667</dst>
            <dst id="SNVAng">2133.552</dst>
            <dst id="STTLng">9552.352</dst>
            <dst id="WASHng">6274.37066666667</dst>
        </src>
        <src id="LOSAng">
            <dst id="ATLA-M5">512.016</dst>
            <dst id="ATLAng">13676.0453333333</dst>
            <dst id="CHINng">109470.461333333</dst>
            <dst id="DNVRng">11444.952</dst>
            <dst id="HSTNng">1989.78933333333</dst>
            <dst id="IPLSng">12610.984</dst>
            <dst id="KSCYng">2850.82666666667</dst>
            <dst id="LOSAng">15007.5813333333</dst>
            <dst id="NYCMng">36933.3973333333</dst>
            <dst id="SNVAng">8764.432</dst>
            <dst id="STTLng">38272.6773333333</dst>
            <dst id="WASHng">31406.6533333333</dst>
        </src>
        <src id="NYCMng">
            <dst id="ATLA-M5">175.453333333333</dst>
            <dst id="ATLAng">17218.8293333333</dst>
            <dst id="CHINng">10515.0266666667</dst>
            <dst id="DNVRng">29264.632</dst>
            <dst id="HSTNng">4669.67733333333</dst>
            <dst id="IPLSng">19832.0613333333</dst>
            <dst id="KSCYng">4772.648</dst>
            <dst id="LOSAng">74839.792</dst>
            <dst id="NYCMng">87679.8346666667</dst>
            <dst id="SNVAng">1550.56</dst>
            <dst id="STTLng">18535.928</dst>
            <dst id="WASHng">35313.8346666667</dst>
        </src>
        <src id="SNVAng">
            <dst id="ATLA-M5">0</dst>
            <dst id="ATLAng">46.9946666666667</dst>
            <dst id="CHINng">53.3333333333333</dst>
            <dst id="DNVRng">9195.12533333333</dst>
            <dst id="HSTNng">26.6666666666667</dst>
            <dst id="IPLSng">4081.14133333333</dst>
            <dst id="KSCYng">0</dst>
            <dst id="LOSAng">26929.392</dst>
            <dst id="NYCMng">307.829333333333</dst>
            <dst id="SNVAng">4879.73866666667</dst>
            <dst id="STTLng">29342.816</dst>
            <dst id="WASHng">352.112</dst>
        </src>
        <src id="STTLng">
            <dst id="ATLA-M5">0</dst>
            <dst id="ATLAng">6826.32</dst>
            <dst id="CHINng">23582.88</dst>
            <dst id="DNVRng">12281.8986666667</dst>
            <dst id="HSTNng">1831.44</dst>
            <dst id="IPLSng">4840.46933333333</dst>
            <dst id="KSCYng">1174.288</dst>
            <dst id="LOSAng">14938.6453333333</dst>
            <dst id="NYCMng">8348.376</dst>
            <dst id="SNVAng">2424.10933333333</dst>
            <dst id="STTLng">6797.91733333333</dst>
            <dst id="WASHng">11418.1946666667</dst>
        </src>
        <src id="WASHng">
            <dst id="ATLA-M5">118.936</dst>
            <dst id="ATLAng">72884.984</dst>
            <dst id="CHINng">57710.2933333333</dst>
            <dst id="DNVRng">53792.4986666667</dst>
            <dst id="HSTNng">20199.744</dst>
            <dst id="IPLSng">49705.152</dst>
            <dst id="KSCYng">15996.2053333333</dst>
            <dst id="LOSAng">77186.7653333333</dst>
            <dst id="NYCMng">117566.266666667</dst>
            <dst id="SNVAng">5003.48266666667</dst>
            <dst id="STTLng">29945.5306666667</dst>
            <dst id="WASHng">308556.4</dst>
        </src>
    </IntraTM>
</TrafficMatrixFile>
