<?xml version="1.0" encoding="ISO-8859-1" standalone="yes"?>
<TrafficMatrixFile xsi:noNamespaceSchemaLocation="http://totem.run.montefiore.ulg.ac.be/Schema/TrafficMatrix-v1_2.xsd" xmlns:xsi="http://www.w3.org/2001/XMLSchema-instance">
    <IntraTM ASID="11537">
        <src id="ATLA-M5">
            <dst id="ATLA-M5">0</dst>
            <dst id="ATLAng">111.216</dst>
            <dst id="CHINng">231.8</dst>
            <dst id="DNVRng">32.296</dst>
            <dst id="HSTNng">81.6346666666667</dst>
            <dst id="IPLSng">53.3333333333333</dst>
            <dst id="KSCYng">26.6666666666667</dst>
            <dst id="LOSAng">1016.392</dst>
            <dst id="NYCMng">53.3333333333333</dst>
            <dst id="SNVAng">13.3333333333333</dst>
            <dst id="STTLng">0</dst>
            <dst id="WASHng">154.298666666667</dst>
        </src>
        <src id="ATLAng">
            <dst id="ATLA-M5">330.346666666667</dst>
            <dst id="ATLAng">13587.432</dst>
            <dst id="CHINng">4499.78933333333</dst>
            <dst id="DNVRng">1759.13333333333</dst>
            <dst id="HSTNng">6446.784</dst>
            <dst id="IPLSng">23359.6586666667</dst>
            <dst id="KSCYng">799.909333333333</dst>
            <dst id="LOSAng">6708.744</dst>
            <dst id="NYCMng">5317.04</dst>
            <dst id="SNVAng">110.234666666667</dst>
            <dst id="STTLng">9344.248</dst>
            <dst id="WASHng">21105</dst>
        </src>
        <src id="CHINng">
            <dst id="ATLA-M5">63.9573333333334</dst>
            <dst id="ATLAng">17933.0586666667</dst>
            <dst id="CHINng">41938.6453333333</dst>
            <dst id="DNVRng">6203.33333333333</dst>
            <dst id="HSTNng">12573.4053333333</dst>
            <dst id="IPLSng">35774.7546666667</dst>
            <dst id="KSCYng">8571.46933333333</dst>
            <dst id="LOSAng">42190.1626666667</dst>
            <dst id="NYCMng">11633.7306666667</dst>
            <dst id="SNVAng">5886.70933333333</dst>
            <dst id="STTLng">12531.7306666667</dst>
            <dst id="WASHng">36342.7013333333</dst>
        </src>
        <src id="DNVRng">
            <dst id="ATLA-M5">373.546666666667</dst>
            <dst id="ATLAng">2226.208</dst>
            <dst id="CHINng">54702.5333333333</dst>
            <dst id="DNVRng">11173.0986666667</dst>
            <dst id="HSTNng">20330.6666666667</dst>
            <dst id="IPLSng">47109.3813333333</dst>
            <dst id="KSCYng">36632.44</dst>
            <dst id="LOSAng">27061.0453333333</dst>
            <dst id="NYCMng">14193.848</dst>
            <dst id="SNVAng">17014.2666666667</dst>
            <dst id="STTLng">18833.7786666667</dst>
            <dst id="WASHng">45265.3253333333</dst>
        </src>
        <src id="HSTNng">
            <dst id="ATLA-M5">324.6</dst>
            <dst id="ATLAng">10165.0373333333</dst>
            <dst id="CHINng">6869.64533333333</dst>
            <dst id="DNVRng">1083.83733333333</dst>
            <dst id="HSTNng">16973.4533333333</dst>
            <dst id="IPLSng">1866.352</dst>
            <dst id="KSCYng">1128.384</dst>
            <dst id="LOSAng">43678.3093333333</dst>
            <dst id="NYCMng">2633.21866666667</dst>
            <dst id="SNVAng">0</dst>
            <dst id="STTLng">1456.00266666667</dst>
            <dst id="WASHng">2370.81333333333</dst>
        </src>
        <src id="IPLSng">
            <dst id="ATLA-M5">58.9893333333333</dst>
            <dst id="ATLAng">20556.1333333333</dst>
            <dst id="CHINng">65161.0053333333</dst>
            <dst id="DNVRng">9068.48266666667</dst>
            <dst id="HSTNng">1045.66666666667</dst>
            <dst id="IPLSng">23157.888</dst>
            <dst id="KSCYng">7368.25066666667</dst>
            <dst id="LOSAng">21643.576</dst>
            <dst id="NYCMng">40033.5893333333</dst>
            <dst id="SNVAng">864.413333333333</dst>
            <dst id="STTLng">12221.792</dst>
            <dst id="WASHng">6812.28533333333</dst>
        </src>
        <src id="KSCYng">
            <dst id="ATLA-M5">502.410666666667</dst>
            <dst id="ATLAng">3020.75466666667</dst>
            <dst id="CHINng">18288.8826666667</dst>
            <dst id="DNVRng">9213.71733333333</dst>
            <dst id="HSTNng">12261.5866666667</dst>
            <dst id="IPLSng">17469.712</dst>
            <dst id="KSCYng">13800.3386666667</dst>
            <dst id="LOSAng">5644.01066666667</dst>
            <dst id="NYCMng">4338.296</dst>
            <dst id="SNVAng">2725.89333333333</dst>
            <dst id="STTLng">5098.74933333333</dst>
            <dst id="WASHng">10057.2453333333</dst>
        </src>
        <src id="LOSAng">
            <dst id="ATLA-M5">233.192</dst>
            <dst id="ATLAng">25698.664</dst>
            <dst id="CHINng">65547.224</dst>
            <dst id="DNVRng">37920.0506666667</dst>
            <dst id="HSTNng">6647.328</dst>
            <dst id="IPLSng">20787.4906666667</dst>
            <dst id="KSCYng">2893.58133333333</dst>
            <dst id="LOSAng">20823.2426666667</dst>
            <dst id="NYCMng">42646.7946666667</dst>
            <dst id="SNVAng">20191.6586666667</dst>
            <dst id="STTLng">32263.088</dst>
            <dst id="WASHng">21181.3386666667</dst>
        </src>
        <src id="NYCMng">
            <dst id="ATLA-M5">344.293333333333</dst>
            <dst id="ATLAng">22431.1466666667</dst>
            <dst id="CHINng">15555.8853333333</dst>
            <dst id="DNVRng">36812.7173333333</dst>
            <dst id="HSTNng">4354.568</dst>
            <dst id="IPLSng">19841.2613333333</dst>
            <dst id="KSCYng">13795.9146666667</dst>
            <dst id="LOSAng">86239.7413333333</dst>
            <dst id="NYCMng">87298.1013333333</dst>
            <dst id="SNVAng">1744.624</dst>
            <dst id="STTLng">22606.6933333333</dst>
            <dst id="WASHng">53981.872</dst>
        </src>
        <src id="SNVAng">
            <dst id="ATLA-M5">0</dst>
            <dst id="ATLAng">377.672</dst>
            <dst id="CHINng">26.6666666666667</dst>
            <dst id="DNVRng">9128.472</dst>
            <dst id="HSTNng">146.242666666667</dst>
            <dst id="IPLSng">266.352</dst>
            <dst id="KSCYng">26.6666666666667</dst>
            <dst id="LOSAng">32265.3333333333</dst>
            <dst id="NYCMng">823.8</dst>
            <dst id="SNVAng">6174.99733333333</dst>
            <dst id="STTLng">34942.6666666667</dst>
            <dst id="WASHng">234.88</dst>
        </src>
        <src id="STTLng">
            <dst id="ATLA-M5">0</dst>
            <dst id="ATLAng">9787.632</dst>
            <dst id="CHINng">13102.344</dst>
            <dst id="DNVRng">3209.30666666667</dst>
            <dst id="HSTNng">8027.49333333333</dst>
            <dst id="IPLSng">9801.88533333333</dst>
            <dst id="KSCYng">1369.95733333333</dst>
            <dst id="LOSAng">18003.728</dst>
            <dst id="NYCMng">10576.5093333333</dst>
            <dst id="SNVAng">6024.33333333333</dst>
            <dst id="STTLng">5445.24533333333</dst>
            <dst id="WASHng">11266.2213333333</dst>
        </src>
        <src id="WASHng">
            <dst id="ATLA-M5">169.378666666667</dst>
            <dst id="ATLAng">76216.5333333333</dst>
            <dst id="CHINng">47657.2586666667</dst>
            <dst id="DNVRng">75925.688</dst>
            <dst id="HSTNng">21001.184</dst>
            <dst id="IPLSng">62685.4186666667</dst>
            <dst id="KSCYng">7651.36266666667</dst>
            <dst id="LOSAng">55031.6346666667</dst>
            <dst id="NYCMng">210239.957333333</dst>
            <dst id="SNVAng">7126.08266666667</dst>
            <dst id="STTLng">53069.8026666667</dst>
            <dst id="WASHng">246265.301333333</dst>
        </src>
    </IntraTM>
</TrafficMatrixFile>
