<?xml version="1.0" encoding="ISO-8859-1" standalone="yes"?>
<TrafficMatrixFile xsi:noNamespaceSchemaLocation="http://totem.run.montefiore.ulg.ac.be/Schema/TrafficMatrix-v1_2.xsd" xmlns:xsi="http://www.w3.org/2001/XMLSchema-instance">
    <IntraTM ASID="11537">
        <src id="ATLA-M5">
            <dst id="ATLA-M5">0</dst>
            <dst id="ATLAng">26.6666666666667</dst>
            <dst id="CHINng">132.8</dst>
            <dst id="DNVRng">0</dst>
            <dst id="HSTNng">174.581333333333</dst>
            <dst id="IPLSng">0</dst>
            <dst id="KSCYng">162.122666666667</dst>
            <dst id="LOSAng">80</dst>
            <dst id="NYCMng">0</dst>
            <dst id="SNVAng">0</dst>
            <dst id="STTLng">469.810666666667</dst>
            <dst id="WASHng">1611.40533333333</dst>
        </src>
        <src id="ATLAng">
            <dst id="ATLA-M5">26.6666666666667</dst>
            <dst id="ATLAng">30942.0933333333</dst>
            <dst id="CHINng">2810.77333333333</dst>
            <dst id="DNVRng">3794.15733333333</dst>
            <dst id="HSTNng">15298.0773333333</dst>
            <dst id="IPLSng">10535.816</dst>
            <dst id="KSCYng">502.109333333333</dst>
            <dst id="LOSAng">16804.8586666667</dst>
            <dst id="NYCMng">3161.29333333333</dst>
            <dst id="SNVAng">13.3333333333333</dst>
            <dst id="STTLng">3269.54133333333</dst>
            <dst id="WASHng">30289.992</dst>
        </src>
        <src id="CHINng">
            <dst id="ATLA-M5">5716.71466666667</dst>
            <dst id="ATLAng">4075.64266666667</dst>
            <dst id="CHINng">63613.9413333333</dst>
            <dst id="DNVRng">10329.3573333333</dst>
            <dst id="HSTNng">3991.28266666667</dst>
            <dst id="IPLSng">34308.8613333333</dst>
            <dst id="KSCYng">2496.808</dst>
            <dst id="LOSAng">43770.8506666667</dst>
            <dst id="NYCMng">8316.72533333333</dst>
            <dst id="SNVAng">4468.44</dst>
            <dst id="STTLng">6785.86666666667</dst>
            <dst id="WASHng">14343.3413333333</dst>
        </src>
        <src id="DNVRng">
            <dst id="ATLA-M5">84.96</dst>
            <dst id="ATLAng">14565.1546666667</dst>
            <dst id="CHINng">51239.7653333333</dst>
            <dst id="DNVRng">25564.352</dst>
            <dst id="HSTNng">13319.144</dst>
            <dst id="IPLSng">28712.9386666667</dst>
            <dst id="KSCYng">25971.9093333333</dst>
            <dst id="LOSAng">4697.14933333333</dst>
            <dst id="NYCMng">13231.16</dst>
            <dst id="SNVAng">7753.80533333333</dst>
            <dst id="STTLng">9609.176</dst>
            <dst id="WASHng">25626.9706666667</dst>
        </src>
        <src id="HSTNng">
            <dst id="ATLA-M5">3045.96533333333</dst>
            <dst id="ATLAng">1126.416</dst>
            <dst id="CHINng">5744.04266666667</dst>
            <dst id="DNVRng">1202.42933333333</dst>
            <dst id="HSTNng">6961.14133333333</dst>
            <dst id="IPLSng">10421.8826666667</dst>
            <dst id="KSCYng">3256.39733333333</dst>
            <dst id="LOSAng">11024</dst>
            <dst id="NYCMng">3779.57866666667</dst>
            <dst id="SNVAng">26.6666666666667</dst>
            <dst id="STTLng">472.218666666667</dst>
            <dst id="WASHng">1107.016</dst>
        </src>
        <src id="IPLSng">
            <dst id="ATLA-M5">0</dst>
            <dst id="ATLAng">9359.424</dst>
            <dst id="CHINng">53614.1706666667</dst>
            <dst id="DNVRng">23284.2186666667</dst>
            <dst id="HSTNng">955.728</dst>
            <dst id="IPLSng">13294.936</dst>
            <dst id="KSCYng">2840.78933333333</dst>
            <dst id="LOSAng">32251.4986666667</dst>
            <dst id="NYCMng">21831.384</dst>
            <dst id="SNVAng">624.333333333333</dst>
            <dst id="STTLng">18535.4986666667</dst>
            <dst id="WASHng">8735.32266666667</dst>
        </src>
        <src id="KSCYng">
            <dst id="ATLA-M5">762.688</dst>
            <dst id="ATLAng">893.344</dst>
            <dst id="CHINng">15843.9973333333</dst>
            <dst id="DNVRng">10139.304</dst>
            <dst id="HSTNng">3307.25066666667</dst>
            <dst id="IPLSng">15716.688</dst>
            <dst id="KSCYng">3347.94133333333</dst>
            <dst id="LOSAng">7810.30133333333</dst>
            <dst id="NYCMng">2025.77866666667</dst>
            <dst id="SNVAng">2139.168</dst>
            <dst id="STTLng">2900.864</dst>
            <dst id="WASHng">14136.8586666667</dst>
        </src>
        <src id="LOSAng">
            <dst id="ATLA-M5">180.712</dst>
            <dst id="ATLAng">23093.552</dst>
            <dst id="CHINng">106400.909333333</dst>
            <dst id="DNVRng">32537.2986666667</dst>
            <dst id="HSTNng">3778.82933333333</dst>
            <dst id="IPLSng">10651.8693333333</dst>
            <dst id="KSCYng">8104.12</dst>
            <dst id="LOSAng">27092.12</dst>
            <dst id="NYCMng">30517.6746666667</dst>
            <dst id="SNVAng">19435.728</dst>
            <dst id="STTLng">36149.3653333333</dst>
            <dst id="WASHng">19964.008</dst>
        </src>
        <src id="NYCMng">
            <dst id="ATLA-M5">149.173333333333</dst>
            <dst id="ATLAng">9437.65333333333</dst>
            <dst id="CHINng">12722.3653333333</dst>
            <dst id="DNVRng">28370.5973333333</dst>
            <dst id="HSTNng">12426.0346666667</dst>
            <dst id="IPLSng">21089.2906666667</dst>
            <dst id="KSCYng">6180.056</dst>
            <dst id="LOSAng">79325.1066666667</dst>
            <dst id="NYCMng">76071.3226666667</dst>
            <dst id="SNVAng">1592.65333333333</dst>
            <dst id="STTLng">23252.9893333333</dst>
            <dst id="WASHng">37431.0986666667</dst>
        </src>
        <src id="SNVAng">
            <dst id="ATLA-M5">0</dst>
            <dst id="ATLAng">26.6666666666667</dst>
            <dst id="CHINng">133.024</dst>
            <dst id="DNVRng">8880.33066666667</dst>
            <dst id="HSTNng">38.0586666666667</dst>
            <dst id="IPLSng">269.341333333333</dst>
            <dst id="KSCYng">0</dst>
            <dst id="LOSAng">36880.552</dst>
            <dst id="NYCMng">285.066666666667</dst>
            <dst id="SNVAng">6823.94933333333</dst>
            <dst id="STTLng">25882.864</dst>
            <dst id="WASHng">0</dst>
        </src>
        <src id="STTLng">
            <dst id="ATLA-M5">367.074666666667</dst>
            <dst id="ATLAng">7042.832</dst>
            <dst id="CHINng">22894.04</dst>
            <dst id="DNVRng">5037.08533333333</dst>
            <dst id="HSTNng">1520.72533333333</dst>
            <dst id="IPLSng">4869.57866666667</dst>
            <dst id="KSCYng">5848.77866666667</dst>
            <dst id="LOSAng">405594.4</dst>
            <dst id="NYCMng">11787.1413333333</dst>
            <dst id="SNVAng">3344.70133333333</dst>
            <dst id="STTLng">23100.3546666667</dst>
            <dst id="WASHng">4923.38133333333</dst>
        </src>
        <src id="WASHng">
            <dst id="ATLA-M5">1065.45066666667</dst>
            <dst id="ATLAng">95962.544</dst>
            <dst id="CHINng">91906.344</dst>
            <dst id="DNVRng">63845.1706666667</dst>
            <dst id="HSTNng">19091.936</dst>
            <dst id="IPLSng">59242.088</dst>
            <dst id="KSCYng">13998.9626666667</dst>
            <dst id="LOSAng">56629.6373333333</dst>
            <dst id="NYCMng">161764.941333333</dst>
            <dst id="SNVAng">2524.99733333333</dst>
            <dst id="STTLng">55587.3733333333</dst>
            <dst id="WASHng">270462.24</dst>
        </src>
    </IntraTM>
</TrafficMatrixFile>
