<?xml version="1.0" encoding="ISO-8859-1" standalone="yes"?>
<TrafficMatrixFile xsi:noNamespaceSchemaLocation="http://totem.run.montefiore.ulg.ac.be/Schema/TrafficMatrix-v1_2.xsd" xmlns:xsi="http://www.w3.org/2001/XMLSchema-instance">
    <IntraTM ASID="11537">
        <src id="ATLA-M5">
            <dst id="ATLA-M5">0</dst>
            <dst id="ATLAng">2644.85066666667</dst>
            <dst id="CHINng">79.448</dst>
            <dst id="DNVRng">53.3546666666667</dst>
            <dst id="HSTNng">103.354666666667</dst>
            <dst id="IPLSng">26.6666666666667</dst>
            <dst id="KSCYng">93.7813333333333</dst>
            <dst id="LOSAng">518.845333333333</dst>
            <dst id="NYCMng">26.6666666666667</dst>
            <dst id="SNVAng">0</dst>
            <dst id="STTLng">277.304</dst>
            <dst id="WASHng">85.592</dst>
        </src>
        <src id="ATLAng">
            <dst id="ATLA-M5">494.496</dst>
            <dst id="ATLAng">10782.4506666667</dst>
            <dst id="CHINng">6587.74133333333</dst>
            <dst id="DNVRng">1205.784</dst>
            <dst id="HSTNng">2314.14133333333</dst>
            <dst id="IPLSng">23002.2906666667</dst>
            <dst id="KSCYng">1301.13866666667</dst>
            <dst id="LOSAng">7463.544</dst>
            <dst id="NYCMng">5225.888</dst>
            <dst id="SNVAng">291.045333333333</dst>
            <dst id="STTLng">9743.33866666667</dst>
            <dst id="WASHng">22710.7066666667</dst>
        </src>
        <src id="CHINng">
            <dst id="ATLA-M5">74.528</dst>
            <dst id="ATLAng">14023.0746666667</dst>
            <dst id="CHINng">39528.1306666667</dst>
            <dst id="DNVRng">16711.16</dst>
            <dst id="HSTNng">10304.096</dst>
            <dst id="IPLSng">27169.0613333333</dst>
            <dst id="KSCYng">9785.216</dst>
            <dst id="LOSAng">42905.2613333333</dst>
            <dst id="NYCMng">13618.576</dst>
            <dst id="SNVAng">3074.58933333333</dst>
            <dst id="STTLng">7576.84</dst>
            <dst id="WASHng">38713.008</dst>
        </src>
        <src id="DNVRng">
            <dst id="ATLA-M5">591.904</dst>
            <dst id="ATLAng">5326.28</dst>
            <dst id="CHINng">52832.2373333333</dst>
            <dst id="DNVRng">18074.3573333333</dst>
            <dst id="HSTNng">19346.7333333333</dst>
            <dst id="IPLSng">35103.9173333333</dst>
            <dst id="KSCYng">32903.176</dst>
            <dst id="LOSAng">38935.0906666667</dst>
            <dst id="NYCMng">18183.4853333333</dst>
            <dst id="SNVAng">14432.9706666667</dst>
            <dst id="STTLng">23897.768</dst>
            <dst id="WASHng">36994.3893333333</dst>
        </src>
        <src id="HSTNng">
            <dst id="ATLA-M5">3806.576</dst>
            <dst id="ATLAng">6407.96533333333</dst>
            <dst id="CHINng">6195.56</dst>
            <dst id="DNVRng">745.773333333333</dst>
            <dst id="HSTNng">16139.5706666667</dst>
            <dst id="IPLSng">4002.24266666667</dst>
            <dst id="KSCYng">1207.928</dst>
            <dst id="LOSAng">7031.176</dst>
            <dst id="NYCMng">1282.744</dst>
            <dst id="SNVAng">53.3333333333333</dst>
            <dst id="STTLng">3748.61866666667</dst>
            <dst id="WASHng">4198.69066666667</dst>
        </src>
        <src id="IPLSng">
            <dst id="ATLA-M5">204.466666666667</dst>
            <dst id="ATLAng">20094.496</dst>
            <dst id="CHINng">59124.744</dst>
            <dst id="DNVRng">6633.90666666667</dst>
            <dst id="HSTNng">1024.592</dst>
            <dst id="IPLSng">22355.9733333333</dst>
            <dst id="KSCYng">10112.7493333333</dst>
            <dst id="LOSAng">24109.48</dst>
            <dst id="NYCMng">34980.5573333333</dst>
            <dst id="SNVAng">594.912</dst>
            <dst id="STTLng">11330.792</dst>
            <dst id="WASHng">19990.6266666667</dst>
        </src>
        <src id="KSCYng">
            <dst id="ATLA-M5">566.069333333333</dst>
            <dst id="ATLAng">2254.448</dst>
            <dst id="CHINng">8779.46133333333</dst>
            <dst id="DNVRng">8398.512</dst>
            <dst id="HSTNng">12729.7733333333</dst>
            <dst id="IPLSng">16795.9626666667</dst>
            <dst id="KSCYng">12722.5306666667</dst>
            <dst id="LOSAng">8860.216</dst>
            <dst id="NYCMng">3733.70133333333</dst>
            <dst id="SNVAng">2812.45333333333</dst>
            <dst id="STTLng">5793.816</dst>
            <dst id="WASHng">9860.8</dst>
        </src>
        <src id="LOSAng">
            <dst id="ATLA-M5">296.592</dst>
            <dst id="ATLAng">20891.648</dst>
            <dst id="CHINng">60767.2773333333</dst>
            <dst id="DNVRng">34608.9706666667</dst>
            <dst id="HSTNng">22023.9173333333</dst>
            <dst id="IPLSng">19209.8986666667</dst>
            <dst id="KSCYng">3856.82933333333</dst>
            <dst id="LOSAng">20622.6213333333</dst>
            <dst id="NYCMng">33705.8053333333</dst>
            <dst id="SNVAng">15119.2426666667</dst>
            <dst id="STTLng">22957.896</dst>
            <dst id="WASHng">32792.2133333333</dst>
        </src>
        <src id="NYCMng">
            <dst id="ATLA-M5">469.813333333333</dst>
            <dst id="ATLAng">17643.6426666667</dst>
            <dst id="CHINng">15828.9653333333</dst>
            <dst id="DNVRng">25120.2773333333</dst>
            <dst id="HSTNng">8593.91733333333</dst>
            <dst id="IPLSng">26130.624</dst>
            <dst id="KSCYng">19577.4</dst>
            <dst id="LOSAng">79272.8266666667</dst>
            <dst id="NYCMng">76234.0213333334</dst>
            <dst id="SNVAng">3142.88533333333</dst>
            <dst id="STTLng">26005.784</dst>
            <dst id="WASHng">47728.4933333333</dst>
        </src>
        <src id="SNVAng">
            <dst id="ATLA-M5">0</dst>
            <dst id="ATLAng">397.058666666667</dst>
            <dst id="CHINng">26.6666666666667</dst>
            <dst id="DNVRng">1416.36533333333</dst>
            <dst id="HSTNng">127.818666666667</dst>
            <dst id="IPLSng">341.930666666667</dst>
            <dst id="KSCYng">0</dst>
            <dst id="LOSAng">31819.2133333333</dst>
            <dst id="NYCMng">374.997333333333</dst>
            <dst id="SNVAng">5879.91466666667</dst>
            <dst id="STTLng">29580.608</dst>
            <dst id="WASHng">26.6666666666667</dst>
        </src>
        <src id="STTLng">
            <dst id="ATLA-M5">569.469333333333</dst>
            <dst id="ATLAng">10412.8986666667</dst>
            <dst id="CHINng">15181.6106666667</dst>
            <dst id="DNVRng">5804.13866666667</dst>
            <dst id="HSTNng">2273.232</dst>
            <dst id="IPLSng">7216.85333333333</dst>
            <dst id="KSCYng">2774.29866666667</dst>
            <dst id="LOSAng">18473.7733333333</dst>
            <dst id="NYCMng">12412.7173333333</dst>
            <dst id="SNVAng">11373.656</dst>
            <dst id="STTLng">7121.864</dst>
            <dst id="WASHng">11399.5733333333</dst>
        </src>
        <src id="WASHng">
            <dst id="ATLA-M5">59.312</dst>
            <dst id="ATLAng">86675.032</dst>
            <dst id="CHINng">45090.1733333333</dst>
            <dst id="DNVRng">86934.504</dst>
            <dst id="HSTNng">13725.472</dst>
            <dst id="IPLSng">64939.3653333333</dst>
            <dst id="KSCYng">7307.18133333333</dst>
            <dst id="LOSAng">55485.184</dst>
            <dst id="NYCMng">174687.408</dst>
            <dst id="SNVAng">4232.68533333333</dst>
            <dst id="STTLng">38445.536</dst>
            <dst id="WASHng">202817.96</dst>
        </src>
    </IntraTM>
</TrafficMatrixFile>
