<?xml version="1.0" encoding="ISO-8859-1" standalone="yes"?>
<TrafficMatrixFile xsi:noNamespaceSchemaLocation="http://totem.run.montefiore.ulg.ac.be/Schema/TrafficMatrix-v1_2.xsd" xmlns:xsi="http://www.w3.org/2001/XMLSchema-instance">
    <IntraTM ASID="11537">
        <src id="ATLA-M5">
            <dst id="ATLA-M5">0</dst>
            <dst id="ATLAng">27.8453333333333</dst>
            <dst id="CHINng">108.906666666667</dst>
            <dst id="DNVRng">0</dst>
            <dst id="HSTNng">42.4293333333333</dst>
            <dst id="IPLSng">0</dst>
            <dst id="KSCYng">433.290666666667</dst>
            <dst id="LOSAng">497.669333333333</dst>
            <dst id="NYCMng">0</dst>
            <dst id="SNVAng">0</dst>
            <dst id="STTLng">364.698666666667</dst>
            <dst id="WASHng">2681.072</dst>
        </src>
        <src id="ATLAng">
            <dst id="ATLA-M5">46.9413333333333</dst>
            <dst id="ATLAng">31525.528</dst>
            <dst id="CHINng">5759.30133333333</dst>
            <dst id="DNVRng">2535.76</dst>
            <dst id="HSTNng">4623.34666666667</dst>
            <dst id="IPLSng">16088.528</dst>
            <dst id="KSCYng">480.36</dst>
            <dst id="LOSAng">12377.0426666667</dst>
            <dst id="NYCMng">2549.81866666667</dst>
            <dst id="SNVAng">27.6</dst>
            <dst id="STTLng">5384.37333333333</dst>
            <dst id="WASHng">34344.0666666667</dst>
        </src>
        <src id="CHINng">
            <dst id="ATLA-M5">5711.18933333333</dst>
            <dst id="ATLAng">5672.968</dst>
            <dst id="CHINng">78541.1706666667</dst>
            <dst id="DNVRng">5436.408</dst>
            <dst id="HSTNng">8047.632</dst>
            <dst id="IPLSng">38438.28</dst>
            <dst id="KSCYng">17565.1413333333</dst>
            <dst id="LOSAng">42743.6506666667</dst>
            <dst id="NYCMng">12040.9386666667</dst>
            <dst id="SNVAng">3657.432</dst>
            <dst id="STTLng">5584.02933333333</dst>
            <dst id="WASHng">33378.784</dst>
        </src>
        <src id="DNVRng">
            <dst id="ATLA-M5">69.92</dst>
            <dst id="ATLAng">11018.6746666667</dst>
            <dst id="CHINng">72552.648</dst>
            <dst id="DNVRng">17741.5333333333</dst>
            <dst id="HSTNng">15500.7786666667</dst>
            <dst id="IPLSng">32654.6666666667</dst>
            <dst id="KSCYng">20691.0026666667</dst>
            <dst id="LOSAng">13530.5173333333</dst>
            <dst id="NYCMng">19549.2186666667</dst>
            <dst id="SNVAng">7685.40533333333</dst>
            <dst id="STTLng">12702.512</dst>
            <dst id="WASHng">33428.016</dst>
        </src>
        <src id="HSTNng">
            <dst id="ATLA-M5">2073.15733333333</dst>
            <dst id="ATLAng">2809.21333333333</dst>
            <dst id="CHINng">12836.2773333333</dst>
            <dst id="DNVRng">1215.728</dst>
            <dst id="HSTNng">15150.5013333333</dst>
            <dst id="IPLSng">4618.72533333333</dst>
            <dst id="KSCYng">2018.63466666667</dst>
            <dst id="LOSAng">48691.2426666667</dst>
            <dst id="NYCMng">8380.048</dst>
            <dst id="SNVAng">0</dst>
            <dst id="STTLng">294.869333333333</dst>
            <dst id="WASHng">2360.712</dst>
        </src>
        <src id="IPLSng">
            <dst id="ATLA-M5">26.6666666666667</dst>
            <dst id="ATLAng">19844.6773333333</dst>
            <dst id="CHINng">53627.2613333333</dst>
            <dst id="DNVRng">25219.3706666667</dst>
            <dst id="HSTNng">2051.77333333333</dst>
            <dst id="IPLSng">13356.3573333333</dst>
            <dst id="KSCYng">2637.448</dst>
            <dst id="LOSAng">19526.072</dst>
            <dst id="NYCMng">22868.3226666667</dst>
            <dst id="SNVAng">541.696</dst>
            <dst id="STTLng">6889.06133333333</dst>
            <dst id="WASHng">6550.648</dst>
        </src>
        <src id="KSCYng">
            <dst id="ATLA-M5">0</dst>
            <dst id="ATLAng">994.877333333333</dst>
            <dst id="CHINng">16936.1226666667</dst>
            <dst id="DNVRng">10039.3626666667</dst>
            <dst id="HSTNng">2693.03466666667</dst>
            <dst id="IPLSng">12861.7333333333</dst>
            <dst id="KSCYng">12664.1493333333</dst>
            <dst id="LOSAng">5107.93066666667</dst>
            <dst id="NYCMng">1318.42933333333</dst>
            <dst id="SNVAng">1962.48266666667</dst>
            <dst id="STTLng">2149.488</dst>
            <dst id="WASHng">18294.2053333333</dst>
        </src>
        <src id="LOSAng">
            <dst id="ATLA-M5">26.6666666666667</dst>
            <dst id="ATLAng">8570.45866666667</dst>
            <dst id="CHINng">113063.368</dst>
            <dst id="DNVRng">25725.0346666667</dst>
            <dst id="HSTNng">6405.13066666667</dst>
            <dst id="IPLSng">11311.592</dst>
            <dst id="KSCYng">4123.384</dst>
            <dst id="LOSAng">21899.5146666667</dst>
            <dst id="NYCMng">29855.3013333333</dst>
            <dst id="SNVAng">20859.5973333333</dst>
            <dst id="STTLng">29413.0213333333</dst>
            <dst id="WASHng">20816.6906666667</dst>
        </src>
        <src id="NYCMng">
            <dst id="ATLA-M5">148.354666666667</dst>
            <dst id="ATLAng">11346.7306666667</dst>
            <dst id="CHINng">14032.0053333333</dst>
            <dst id="DNVRng">31171.936</dst>
            <dst id="HSTNng">8084.728</dst>
            <dst id="IPLSng">27385.216</dst>
            <dst id="KSCYng">4449.104</dst>
            <dst id="LOSAng">74648.6373333333</dst>
            <dst id="NYCMng">102644.090666667</dst>
            <dst id="SNVAng">1861.54133333333</dst>
            <dst id="STTLng">18986.9413333333</dst>
            <dst id="WASHng">36186.4453333333</dst>
        </src>
        <src id="SNVAng">
            <dst id="ATLA-M5">0</dst>
            <dst id="ATLAng">26.6666666666667</dst>
            <dst id="CHINng">26.6666666666667</dst>
            <dst id="DNVRng">8992.45866666667</dst>
            <dst id="HSTNng">39.008</dst>
            <dst id="IPLSng">192.346666666667</dst>
            <dst id="KSCYng">26.6666666666667</dst>
            <dst id="LOSAng">36626.688</dst>
            <dst id="NYCMng">446.346666666667</dst>
            <dst id="SNVAng">5841.82666666667</dst>
            <dst id="STTLng">27575.9893333333</dst>
            <dst id="WASHng">26.6666666666667</dst>
        </src>
        <src id="STTLng">
            <dst id="ATLA-M5">408.269333333333</dst>
            <dst id="ATLAng">8341.35466666667</dst>
            <dst id="CHINng">16626.784</dst>
            <dst id="DNVRng">3367.42933333333</dst>
            <dst id="HSTNng">749.821333333333</dst>
            <dst id="IPLSng">3740.69066666667</dst>
            <dst id="KSCYng">1300.23466666667</dst>
            <dst id="LOSAng">24526.9813333333</dst>
            <dst id="NYCMng">14557.288</dst>
            <dst id="SNVAng">5834.328</dst>
            <dst id="STTLng">21560.2773333333</dst>
            <dst id="WASHng">7726.432</dst>
        </src>
        <src id="WASHng">
            <dst id="ATLA-M5">1115.96266666667</dst>
            <dst id="ATLAng">79659.3813333334</dst>
            <dst id="CHINng">89529.5146666667</dst>
            <dst id="DNVRng">53249.5493333333</dst>
            <dst id="HSTNng">30420.4053333333</dst>
            <dst id="IPLSng">45328.04</dst>
            <dst id="KSCYng">14159.7413333333</dst>
            <dst id="LOSAng">68634.048</dst>
            <dst id="NYCMng">134645.869333333</dst>
            <dst id="SNVAng">9613.408</dst>
            <dst id="STTLng">33965.8933333333</dst>
            <dst id="WASHng">308120.773333333</dst>
        </src>
    </IntraTM>
</TrafficMatrixFile>
