<?xml version="1.0" encoding="ISO-8859-1" standalone="yes"?>
<TrafficMatrixFile xsi:noNamespaceSchemaLocation="http://totem.run.montefiore.ulg.ac.be/Schema/TrafficMatrix-v1_2.xsd" xmlns:xsi="http://www.w3.org/2001/XMLSchema-instance">
    <IntraTM ASID="11537">
        <src id="ATLA-M5">
            <dst id="ATLA-M5">0</dst>
            <dst id="ATLAng">169.850666666667</dst>
            <dst id="CHINng">128.32</dst>
            <dst id="DNVRng">0</dst>
            <dst id="HSTNng">97.9333333333333</dst>
            <dst id="IPLSng">53.3333333333333</dst>
            <dst id="KSCYng">353.197333333333</dst>
            <dst id="LOSAng">226.984</dst>
            <dst id="NYCMng">598.242666666667</dst>
            <dst id="SNVAng">0</dst>
            <dst id="STTLng">422.437333333333</dst>
            <dst id="WASHng">398.386666666667</dst>
        </src>
        <src id="ATLAng">
            <dst id="ATLA-M5">43.096</dst>
            <dst id="ATLAng">32136.1306666667</dst>
            <dst id="CHINng">3284.50933333333</dst>
            <dst id="DNVRng">3985.89866666667</dst>
            <dst id="HSTNng">15040.8053333333</dst>
            <dst id="IPLSng">11781.544</dst>
            <dst id="KSCYng">1884.072</dst>
            <dst id="LOSAng">13708.532</dst>
            <dst id="NYCMng">1408.35466666667</dst>
            <dst id="SNVAng">21.0866666666667</dst>
            <dst id="STTLng">5292.03466666667</dst>
            <dst id="WASHng">19257.5626666667</dst>
        </src>
        <src id="CHINng">
            <dst id="ATLA-M5">3754.56</dst>
            <dst id="ATLAng">7911.90666666667</dst>
            <dst id="CHINng">44651.376</dst>
            <dst id="DNVRng">8252.96266666667</dst>
            <dst id="HSTNng">5104.01066666667</dst>
            <dst id="IPLSng">28644.6186666667</dst>
            <dst id="KSCYng">6022.50666666667</dst>
            <dst id="LOSAng">38551.2613333333</dst>
            <dst id="NYCMng">9616.384</dst>
            <dst id="SNVAng">2431.77866666667</dst>
            <dst id="STTLng">6075.30133333333</dst>
            <dst id="WASHng">31508.1333333333</dst>
        </src>
        <src id="DNVRng">
            <dst id="ATLA-M5">91.6266666666667</dst>
            <dst id="ATLAng">14495.488</dst>
            <dst id="CHINng">48795.5813333333</dst>
            <dst id="DNVRng">9243.53866666667</dst>
            <dst id="HSTNng">20603.9813333333</dst>
            <dst id="IPLSng">28771.6506666667</dst>
            <dst id="KSCYng">16059.5093333333</dst>
            <dst id="LOSAng">12568.7333333333</dst>
            <dst id="NYCMng">14184.656</dst>
            <dst id="SNVAng">8458.55466666667</dst>
            <dst id="STTLng">9320.97866666667</dst>
            <dst id="WASHng">30423.904</dst>
        </src>
        <src id="HSTNng">
            <dst id="ATLA-M5">2435.8</dst>
            <dst id="ATLAng">4693.73066666667</dst>
            <dst id="CHINng">6867.04533333333</dst>
            <dst id="DNVRng">1462.04266666667</dst>
            <dst id="HSTNng">13602.7386666667</dst>
            <dst id="IPLSng">10878.3146666667</dst>
            <dst id="KSCYng">2943.272</dst>
            <dst id="LOSAng">14421.5626666667</dst>
            <dst id="NYCMng">2926.37866666667</dst>
            <dst id="SNVAng">0</dst>
            <dst id="STTLng">672.581333333333</dst>
            <dst id="WASHng">4180.17333333333</dst>
        </src>
        <src id="IPLSng">
            <dst id="ATLA-M5">418.058666666667</dst>
            <dst id="ATLAng">12001.656</dst>
            <dst id="CHINng">40670.8213333333</dst>
            <dst id="DNVRng">20557.808</dst>
            <dst id="HSTNng">988.84</dst>
            <dst id="IPLSng">11299.2186666667</dst>
            <dst id="KSCYng">3737.85866666667</dst>
            <dst id="LOSAng">23964.6346666667</dst>
            <dst id="NYCMng">25991.1066666667</dst>
            <dst id="SNVAng">540.117333333333</dst>
            <dst id="STTLng">7467.368</dst>
            <dst id="WASHng">5543.47733333333</dst>
        </src>
        <src id="KSCYng">
            <dst id="ATLA-M5">761.810666666667</dst>
            <dst id="ATLAng">1497.10933333333</dst>
            <dst id="CHINng">12267.3866666667</dst>
            <dst id="DNVRng">9749.52266666667</dst>
            <dst id="HSTNng">3185.232</dst>
            <dst id="IPLSng">13804.192</dst>
            <dst id="KSCYng">6306.29333333333</dst>
            <dst id="LOSAng">7745.912</dst>
            <dst id="NYCMng">4241.752</dst>
            <dst id="SNVAng">2161.13866666667</dst>
            <dst id="STTLng">8109.82133333334</dst>
            <dst id="WASHng">7274.776</dst>
        </src>
        <src id="LOSAng">
            <dst id="ATLA-M5">141.770666666667</dst>
            <dst id="ATLAng">12372.5386666667</dst>
            <dst id="CHINng">65241.7306666667</dst>
            <dst id="DNVRng">24300.408</dst>
            <dst id="HSTNng">5933.536</dst>
            <dst id="IPLSng">20241.1813333333</dst>
            <dst id="KSCYng">2909.456</dst>
            <dst id="LOSAng">25450.848</dst>
            <dst id="NYCMng">27538.504</dst>
            <dst id="SNVAng">22861.3546666667</dst>
            <dst id="STTLng">40408.696</dst>
            <dst id="WASHng">54244.0213333333</dst>
        </src>
        <src id="NYCMng">
            <dst id="ATLA-M5">3589.17333333333</dst>
            <dst id="ATLAng">15018.9146666667</dst>
            <dst id="CHINng">9411.19733333333</dst>
            <dst id="DNVRng">38919.28</dst>
            <dst id="HSTNng">10491.632</dst>
            <dst id="IPLSng">21253.184</dst>
            <dst id="KSCYng">4969.82666666667</dst>
            <dst id="LOSAng">85773.3173333333</dst>
            <dst id="NYCMng">81257.2373333333</dst>
            <dst id="SNVAng">1604.88533333333</dst>
            <dst id="STTLng">30353.728</dst>
            <dst id="WASHng">35453.008</dst>
        </src>
        <src id="SNVAng">
            <dst id="ATLA-M5">0</dst>
            <dst id="ATLAng">696.853333333333</dst>
            <dst id="CHINng">0</dst>
            <dst id="DNVRng">9352.96</dst>
            <dst id="HSTNng">2044.78933333333</dst>
            <dst id="IPLSng">184.250666666667</dst>
            <dst id="KSCYng">0</dst>
            <dst id="LOSAng">40544.3253333333</dst>
            <dst id="NYCMng">257.866666666667</dst>
            <dst id="SNVAng">8181.10666666667</dst>
            <dst id="STTLng">32509.1813333333</dst>
            <dst id="WASHng">0</dst>
        </src>
        <src id="STTLng">
            <dst id="ATLA-M5">0</dst>
            <dst id="ATLAng">6758.29066666667</dst>
            <dst id="CHINng">14024.2266666667</dst>
            <dst id="DNVRng">3882.32533333333</dst>
            <dst id="HSTNng">1744.83466666667</dst>
            <dst id="IPLSng">14389.6106666667</dst>
            <dst id="KSCYng">2811.92533333333</dst>
            <dst id="LOSAng">22007.256</dst>
            <dst id="NYCMng">16852.2853333333</dst>
            <dst id="SNVAng">1921.23466666667</dst>
            <dst id="STTLng">22261.3173333333</dst>
            <dst id="WASHng">13297.6053333333</dst>
        </src>
        <src id="WASHng">
            <dst id="ATLA-M5">80</dst>
            <dst id="ATLAng">63181.56</dst>
            <dst id="CHINng">103605.416</dst>
            <dst id="DNVRng">68614.4613333333</dst>
            <dst id="HSTNng">22288.1573333333</dst>
            <dst id="IPLSng">66829.9146666667</dst>
            <dst id="KSCYng">12177.9813333333</dst>
            <dst id="LOSAng">96643.544</dst>
            <dst id="NYCMng">149957.84</dst>
            <dst id="SNVAng">1478.21333333333</dst>
            <dst id="STTLng">61321.2053333333</dst>
            <dst id="WASHng">220626.848</dst>
        </src>
    </IntraTM>
</TrafficMatrixFile>
