<?xml version="1.0" encoding="ISO-8859-1" standalone="yes"?>
<TrafficMatrixFile xsi:noNamespaceSchemaLocation="http://totem.run.montefiore.ulg.ac.be/Schema/TrafficMatrix-v1_2.xsd" xmlns:xsi="http://www.w3.org/2001/XMLSchema-instance">
    <IntraTM ASID="11537">
        <src id="ATLA-M5">
            <dst id="ATLA-M5">510.586666666667</dst>
            <dst id="ATLAng">506.296</dst>
            <dst id="CHINng">136.234666666667</dst>
            <dst id="DNVRng">26.6666666666667</dst>
            <dst id="HSTNng">95.424</dst>
            <dst id="IPLSng">172.634666666667</dst>
            <dst id="KSCYng">53.3333333333333</dst>
            <dst id="LOSAng">53.3333333333333</dst>
            <dst id="NYCMng">82.2613333333333</dst>
            <dst id="SNVAng">26.6666666666667</dst>
            <dst id="STTLng">53.3333333333333</dst>
            <dst id="WASHng">711.933333333334</dst>
        </src>
        <src id="ATLAng">
            <dst id="ATLA-M5">305.528</dst>
            <dst id="ATLAng">44219.432</dst>
            <dst id="CHINng">17306.752</dst>
            <dst id="DNVRng">3598.768</dst>
            <dst id="HSTNng">10674.2426666667</dst>
            <dst id="IPLSng">24387.1946666667</dst>
            <dst id="KSCYng">17158.6933333333</dst>
            <dst id="LOSAng">21841.3533333333</dst>
            <dst id="NYCMng">12652.504</dst>
            <dst id="SNVAng">1183.99066666667</dst>
            <dst id="STTLng">13936.496</dst>
            <dst id="WASHng">65053.2213333333</dst>
        </src>
        <src id="CHINng">
            <dst id="ATLA-M5">803.032</dst>
            <dst id="ATLAng">14382.5866666667</dst>
            <dst id="CHINng">74254.5973333333</dst>
            <dst id="DNVRng">6295.816</dst>
            <dst id="HSTNng">13389.968</dst>
            <dst id="IPLSng">28175.7333333333</dst>
            <dst id="KSCYng">20654.08</dst>
            <dst id="LOSAng">28731.6986666667</dst>
            <dst id="NYCMng">12097.824</dst>
            <dst id="SNVAng">9301.39733333333</dst>
            <dst id="STTLng">8388.304</dst>
            <dst id="WASHng">29707.3253333333</dst>
        </src>
        <src id="DNVRng">
            <dst id="ATLA-M5">441.717333333333</dst>
            <dst id="ATLAng">10871.4053333333</dst>
            <dst id="CHINng">73803.5253333333</dst>
            <dst id="DNVRng">13607.2693333333</dst>
            <dst id="HSTNng">19459.6666666667</dst>
            <dst id="IPLSng">32052.9546666667</dst>
            <dst id="KSCYng">30555.5786666667</dst>
            <dst id="LOSAng">12708.0026666667</dst>
            <dst id="NYCMng">28638.0906666667</dst>
            <dst id="SNVAng">32977.1893333333</dst>
            <dst id="STTLng">14039.536</dst>
            <dst id="WASHng">38720.2746666667</dst>
        </src>
        <src id="HSTNng">
            <dst id="ATLA-M5">217.016</dst>
            <dst id="ATLAng">16558.7893333333</dst>
            <dst id="CHINng">22405.1066666667</dst>
            <dst id="DNVRng">1254.90133333333</dst>
            <dst id="HSTNng">13505.68</dst>
            <dst id="IPLSng">2252.60533333333</dst>
            <dst id="KSCYng">2656.84266666667</dst>
            <dst id="LOSAng">11026.1386666667</dst>
            <dst id="NYCMng">5115.57066666667</dst>
            <dst id="SNVAng">630.685333333333</dst>
            <dst id="STTLng">441.005333333333</dst>
            <dst id="WASHng">3859.95466666667</dst>
        </src>
        <src id="IPLSng">
            <dst id="ATLA-M5">66.7733333333333</dst>
            <dst id="ATLAng">24763.9146666667</dst>
            <dst id="CHINng">62321.6613333333</dst>
            <dst id="DNVRng">8889.48533333333</dst>
            <dst id="HSTNng">2506.02933333333</dst>
            <dst id="IPLSng">22640.848</dst>
            <dst id="KSCYng">5844.38666666666</dst>
            <dst id="LOSAng">21395.8346666667</dst>
            <dst id="NYCMng">58943.9306666667</dst>
            <dst id="SNVAng">6487.69866666667</dst>
            <dst id="STTLng">12540.9893333333</dst>
            <dst id="WASHng">20037.632</dst>
        </src>
        <src id="KSCYng">
            <dst id="ATLA-M5">81.6773333333333</dst>
            <dst id="ATLAng">10460.056</dst>
            <dst id="CHINng">19189.0053333333</dst>
            <dst id="DNVRng">10653.84</dst>
            <dst id="HSTNng">3975.17866666667</dst>
            <dst id="IPLSng">14262.568</dst>
            <dst id="KSCYng">15773.9466666667</dst>
            <dst id="LOSAng">7319.93333333333</dst>
            <dst id="NYCMng">2537.55733333333</dst>
            <dst id="SNVAng">3384.488</dst>
            <dst id="STTLng">2833.872</dst>
            <dst id="WASHng">18719.4453333333</dst>
        </src>
        <src id="LOSAng">
            <dst id="ATLA-M5">673.613333333333</dst>
            <dst id="ATLAng">18019.0773333333</dst>
            <dst id="CHINng">133917.045333333</dst>
            <dst id="DNVRng">25651.336</dst>
            <dst id="HSTNng">14314.8453333333</dst>
            <dst id="IPLSng">37718.1893333333</dst>
            <dst id="KSCYng">17371.3786666667</dst>
            <dst id="LOSAng">14091.8613333333</dst>
            <dst id="NYCMng">52285.0293333333</dst>
            <dst id="SNVAng">22895.8933333333</dst>
            <dst id="STTLng">20945.2773333333</dst>
            <dst id="WASHng">39610.2906666667</dst>
        </src>
        <src id="NYCMng">
            <dst id="ATLA-M5">429.149333333333</dst>
            <dst id="ATLAng">46761.3573333333</dst>
            <dst id="CHINng">22674.792</dst>
            <dst id="DNVRng">31634.6</dst>
            <dst id="HSTNng">20172.5786666667</dst>
            <dst id="IPLSng">46544.8133333333</dst>
            <dst id="KSCYng">12606.488</dst>
            <dst id="LOSAng">77203.1173333333</dst>
            <dst id="NYCMng">143446.474666667</dst>
            <dst id="SNVAng">3772.80266666667</dst>
            <dst id="STTLng">20327.1493333333</dst>
            <dst id="WASHng">66432.328</dst>
        </src>
        <src id="SNVAng">
            <dst id="ATLA-M5">0</dst>
            <dst id="ATLAng">26.6666666666667</dst>
            <dst id="CHINng">133.333333333333</dst>
            <dst id="DNVRng">16461.8</dst>
            <dst id="HSTNng">73.344</dst>
            <dst id="IPLSng">1833.07466666667</dst>
            <dst id="KSCYng">137.645333333333</dst>
            <dst id="LOSAng">33440.408</dst>
            <dst id="NYCMng">236.864</dst>
            <dst id="SNVAng">8114.144</dst>
            <dst id="STTLng">27515.8533333333</dst>
            <dst id="WASHng">373.717333333333</dst>
        </src>
        <src id="STTLng">
            <dst id="ATLA-M5">246.341333333333</dst>
            <dst id="ATLAng">16113.96</dst>
            <dst id="CHINng">22566.7413333333</dst>
            <dst id="DNVRng">5498.40533333333</dst>
            <dst id="HSTNng">3160.57066666667</dst>
            <dst id="IPLSng">12121.8453333333</dst>
            <dst id="KSCYng">10398.0426666667</dst>
            <dst id="LOSAng">21283.352</dst>
            <dst id="NYCMng">15118.0586666667</dst>
            <dst id="SNVAng">6183.312</dst>
            <dst id="STTLng">5855.74666666667</dst>
            <dst id="WASHng">23457.1866666667</dst>
        </src>
        <src id="WASHng">
            <dst id="ATLA-M5">1215.65333333333</dst>
            <dst id="ATLAng">110588.072</dst>
            <dst id="CHINng">58854.528</dst>
            <dst id="DNVRng">58313.2026666667</dst>
            <dst id="HSTNng">20256.9893333333</dst>
            <dst id="IPLSng">57322.2453333333</dst>
            <dst id="KSCYng">27917.488</dst>
            <dst id="LOSAng">58769.9813333333</dst>
            <dst id="NYCMng">163593.330666667</dst>
            <dst id="SNVAng">19707.272</dst>
            <dst id="STTLng">41033.6533333333</dst>
            <dst id="WASHng">329014.213333333</dst>
        </src>
    </IntraTM>
</TrafficMatrixFile>
