<?xml version="1.0" encoding="ISO-8859-1" standalone="yes"?>
<TrafficMatrixFile xsi:noNamespaceSchemaLocation="http://totem.run.montefiore.ulg.ac.be/Schema/TrafficMatrix-v1_2.xsd" xmlns:xsi="http://www.w3.org/2001/XMLSchema-instance">
    <IntraTM ASID="11537">
        <src id="ATLA-M5">
            <dst id="ATLA-M5">4408.272</dst>
            <dst id="ATLAng">1959.37866666667</dst>
            <dst id="CHINng">2301.87466666667</dst>
            <dst id="DNVRng">26.6666666666667</dst>
            <dst id="HSTNng">117.938666666667</dst>
            <dst id="IPLSng">26.6666666666667</dst>
            <dst id="KSCYng">92.2133333333333</dst>
            <dst id="LOSAng">177.762666666667</dst>
            <dst id="NYCMng">119.925333333333</dst>
            <dst id="SNVAng">26.6666666666667</dst>
            <dst id="STTLng">62.84</dst>
            <dst id="WASHng">411.405333333333</dst>
        </src>
        <src id="ATLAng">
            <dst id="ATLA-M5">875.629333333333</dst>
            <dst id="ATLAng">61107.6</dst>
            <dst id="CHINng">4328.95466666667</dst>
            <dst id="DNVRng">1919.528</dst>
            <dst id="HSTNng">3266.728</dst>
            <dst id="IPLSng">22391.2586666667</dst>
            <dst id="KSCYng">1918.33866666667</dst>
            <dst id="LOSAng">9355.37333333333</dst>
            <dst id="NYCMng">3319.176</dst>
            <dst id="SNVAng">2712.032</dst>
            <dst id="STTLng">6825.83733333333</dst>
            <dst id="WASHng">33140.4106666667</dst>
        </src>
        <src id="CHINng">
            <dst id="ATLA-M5">230.770666666667</dst>
            <dst id="ATLAng">24170.2586666667</dst>
            <dst id="CHINng">48366.5093333333</dst>
            <dst id="DNVRng">10557.872</dst>
            <dst id="HSTNng">7097.088</dst>
            <dst id="IPLSng">23971.9893333333</dst>
            <dst id="KSCYng">10845.512</dst>
            <dst id="LOSAng">57612.5973333333</dst>
            <dst id="NYCMng">9727.54933333333</dst>
            <dst id="SNVAng">6740.57066666667</dst>
            <dst id="STTLng">24114.7946666667</dst>
            <dst id="WASHng">26182.1973333333</dst>
        </src>
        <src id="DNVRng">
            <dst id="ATLA-M5">132.853333333333</dst>
            <dst id="ATLAng">7273.18133333333</dst>
            <dst id="CHINng">47114.0773333333</dst>
            <dst id="DNVRng">13070.8266666667</dst>
            <dst id="HSTNng">14246.672</dst>
            <dst id="IPLSng">50924.7226666667</dst>
            <dst id="KSCYng">15173.3146666667</dst>
            <dst id="LOSAng">21982.3946666667</dst>
            <dst id="NYCMng">18291.2293333333</dst>
            <dst id="SNVAng">13813.2586666667</dst>
            <dst id="STTLng">21821.6986666667</dst>
            <dst id="WASHng">44127.5253333333</dst>
        </src>
        <src id="HSTNng">
            <dst id="ATLA-M5">342.037333333333</dst>
            <dst id="ATLAng">5666.13866666667</dst>
            <dst id="CHINng">24072.3146666667</dst>
            <dst id="DNVRng">1550.90133333333</dst>
            <dst id="HSTNng">19393.048</dst>
            <dst id="IPLSng">7920.86133333333</dst>
            <dst id="KSCYng">1301.89066666667</dst>
            <dst id="LOSAng">3011.52266666667</dst>
            <dst id="NYCMng">1454.92533333333</dst>
            <dst id="SNVAng">70.2533333333333</dst>
            <dst id="STTLng">2786.03733333333</dst>
            <dst id="WASHng">16460.2986666667</dst>
        </src>
        <src id="IPLSng">
            <dst id="ATLA-M5">0</dst>
            <dst id="ATLAng">23799.696</dst>
            <dst id="CHINng">53722.3813333333</dst>
            <dst id="DNVRng">8401.928</dst>
            <dst id="HSTNng">2040.21333333333</dst>
            <dst id="IPLSng">26540.6053333333</dst>
            <dst id="KSCYng">4026.46133333333</dst>
            <dst id="LOSAng">20245.1146666667</dst>
            <dst id="NYCMng">25998.0533333333</dst>
            <dst id="SNVAng">4296.51466666667</dst>
            <dst id="STTLng">15064.7946666667</dst>
            <dst id="WASHng">17004.832</dst>
        </src>
        <src id="KSCYng">
            <dst id="ATLA-M5">419.098666666667</dst>
            <dst id="ATLAng">2649.45066666667</dst>
            <dst id="CHINng">14303.3466666667</dst>
            <dst id="DNVRng">10732.848</dst>
            <dst id="HSTNng">11644.0266666667</dst>
            <dst id="IPLSng">15581.6773333333</dst>
            <dst id="KSCYng">7031.14933333333</dst>
            <dst id="LOSAng">8297.464</dst>
            <dst id="NYCMng">5484.56</dst>
            <dst id="SNVAng">3897.58933333333</dst>
            <dst id="STTLng">3878.83466666667</dst>
            <dst id="WASHng">11081.3413333333</dst>
        </src>
        <src id="LOSAng">
            <dst id="ATLA-M5">1414.10933333333</dst>
            <dst id="ATLAng">20263.384</dst>
            <dst id="CHINng">81370.536</dst>
            <dst id="DNVRng">37037.2693333333</dst>
            <dst id="HSTNng">13636.496</dst>
            <dst id="IPLSng">19303.8506666667</dst>
            <dst id="KSCYng">7221.152</dst>
            <dst id="LOSAng">17372.4666666667</dst>
            <dst id="NYCMng">32958.0853333333</dst>
            <dst id="SNVAng">12710.2826666667</dst>
            <dst id="STTLng">25100.528</dst>
            <dst id="WASHng">33793.8053333333</dst>
        </src>
        <src id="NYCMng">
            <dst id="ATLA-M5">874.445333333333</dst>
            <dst id="ATLAng">28177.752</dst>
            <dst id="CHINng">15845.7466666667</dst>
            <dst id="DNVRng">42708.9573333333</dst>
            <dst id="HSTNng">10477.016</dst>
            <dst id="IPLSng">31921.6693333333</dst>
            <dst id="KSCYng">7661.78133333333</dst>
            <dst id="LOSAng">75604.7546666667</dst>
            <dst id="NYCMng">110367.765333333</dst>
            <dst id="SNVAng">4632.29333333333</dst>
            <dst id="STTLng">30510.5893333333</dst>
            <dst id="WASHng">83482.072</dst>
        </src>
        <src id="SNVAng">
            <dst id="ATLA-M5">0</dst>
            <dst id="ATLAng">53.3333333333333</dst>
            <dst id="CHINng">0</dst>
            <dst id="DNVRng">7970.984</dst>
            <dst id="HSTNng">111.765333333333</dst>
            <dst id="IPLSng">247.349333333333</dst>
            <dst id="KSCYng">26.6666666666667</dst>
            <dst id="LOSAng">48978.4293333333</dst>
            <dst id="NYCMng">391.328</dst>
            <dst id="SNVAng">6976.42666666667</dst>
            <dst id="STTLng">36168.3546666667</dst>
            <dst id="WASHng">0</dst>
        </src>
        <src id="STTLng">
            <dst id="ATLA-M5">78.1333333333333</dst>
            <dst id="ATLAng">9436.56</dst>
            <dst id="CHINng">11997.8453333333</dst>
            <dst id="DNVRng">4609.44</dst>
            <dst id="HSTNng">4043.536</dst>
            <dst id="IPLSng">6054.20533333334</dst>
            <dst id="KSCYng">3778.95466666667</dst>
            <dst id="LOSAng">22444.3893333333</dst>
            <dst id="NYCMng">9732.92533333333</dst>
            <dst id="SNVAng">5290.91733333333</dst>
            <dst id="STTLng">3879.15466666667</dst>
            <dst id="WASHng">7713.39733333333</dst>
        </src>
        <src id="WASHng">
            <dst id="ATLA-M5">110.192</dst>
            <dst id="ATLAng">94655.128</dst>
            <dst id="CHINng">49680</dst>
            <dst id="DNVRng">67391.7946666666</dst>
            <dst id="HSTNng">12581.5973333333</dst>
            <dst id="IPLSng">63691.192</dst>
            <dst id="KSCYng">6531.99466666667</dst>
            <dst id="LOSAng">59286.4906666667</dst>
            <dst id="NYCMng">171462.368</dst>
            <dst id="SNVAng">12500.2346666667</dst>
            <dst id="STTLng">51312.8533333333</dst>
            <dst id="WASHng">214367.664</dst>
        </src>
    </IntraTM>
</TrafficMatrixFile>
