<?xml version="1.0" encoding="ISO-8859-1" standalone="yes"?>
<TrafficMatrixFile xsi:noNamespaceSchemaLocation="http://totem.run.montefiore.ulg.ac.be/Schema/TrafficMatrix-v1_2.xsd" xmlns:xsi="http://www.w3.org/2001/XMLSchema-instance">
    <IntraTM ASID="11537">
        <src id="ATLA-M5">
            <dst id="ATLA-M5">26.6666666666667</dst>
            <dst id="ATLAng">2007.008</dst>
            <dst id="CHINng">705.098666666667</dst>
            <dst id="DNVRng">53.3333333333333</dst>
            <dst id="HSTNng">119.605333333333</dst>
            <dst id="IPLSng">112</dst>
            <dst id="KSCYng">1071.86133333333</dst>
            <dst id="LOSAng">691.605333333333</dst>
            <dst id="NYCMng">159.306666666667</dst>
            <dst id="SNVAng">0</dst>
            <dst id="STTLng">77.5626666666667</dst>
            <dst id="WASHng">452.416</dst>
        </src>
        <src id="ATLAng">
            <dst id="ATLA-M5">140.845333333333</dst>
            <dst id="ATLAng">28378.7173333333</dst>
            <dst id="CHINng">3351.23733333333</dst>
            <dst id="DNVRng">7638.048</dst>
            <dst id="HSTNng">1439.072</dst>
            <dst id="IPLSng">12254.6773333333</dst>
            <dst id="KSCYng">874.274666666667</dst>
            <dst id="LOSAng">15261.6506666667</dst>
            <dst id="NYCMng">6733.136</dst>
            <dst id="SNVAng">720.176</dst>
            <dst id="STTLng">6648.28533333333</dst>
            <dst id="WASHng">32461.9973333333</dst>
        </src>
        <src id="CHINng">
            <dst id="ATLA-M5">926.752</dst>
            <dst id="ATLAng">13951.512</dst>
            <dst id="CHINng">47731.3146666667</dst>
            <dst id="DNVRng">22401.792</dst>
            <dst id="HSTNng">14543.12</dst>
            <dst id="IPLSng">52369.8906666667</dst>
            <dst id="KSCYng">7817.528</dst>
            <dst id="LOSAng">52920.016</dst>
            <dst id="NYCMng">10303.9493333333</dst>
            <dst id="SNVAng">6821.82666666667</dst>
            <dst id="STTLng">5064.968</dst>
            <dst id="WASHng">17835.4533333333</dst>
        </src>
        <src id="DNVRng">
            <dst id="ATLA-M5">131.626666666667</dst>
            <dst id="ATLAng">14701.2</dst>
            <dst id="CHINng">37953.0826666667</dst>
            <dst id="DNVRng">8380.368</dst>
            <dst id="HSTNng">13656.96</dst>
            <dst id="IPLSng">24870.2613333333</dst>
            <dst id="KSCYng">13964.7333333333</dst>
            <dst id="LOSAng">26521.3386666667</dst>
            <dst id="NYCMng">13745.816</dst>
            <dst id="SNVAng">7601.24533333333</dst>
            <dst id="STTLng">15934.872</dst>
            <dst id="WASHng">38935.512</dst>
        </src>
        <src id="HSTNng">
            <dst id="ATLA-M5">3433.44533333333</dst>
            <dst id="ATLAng">5808.752</dst>
            <dst id="CHINng">15878.4426666667</dst>
            <dst id="DNVRng">1043.208</dst>
            <dst id="HSTNng">16402.976</dst>
            <dst id="IPLSng">3896.944</dst>
            <dst id="KSCYng">1582.41866666667</dst>
            <dst id="LOSAng">29555.768</dst>
            <dst id="NYCMng">2916.49066666667</dst>
            <dst id="SNVAng">48.176</dst>
            <dst id="STTLng">2067.98133333333</dst>
            <dst id="WASHng">7532.74666666667</dst>
        </src>
        <src id="IPLSng">
            <dst id="ATLA-M5">0</dst>
            <dst id="ATLAng">18746.4906666667</dst>
            <dst id="CHINng">59235.2586666667</dst>
            <dst id="DNVRng">12655.9493333333</dst>
            <dst id="HSTNng">2331.13866666667</dst>
            <dst id="IPLSng">14361.8746666667</dst>
            <dst id="KSCYng">3910.496</dst>
            <dst id="LOSAng">34124.032</dst>
            <dst id="NYCMng">24575.896</dst>
            <dst id="SNVAng">2786.85866666667</dst>
            <dst id="STTLng">16729.2133333333</dst>
            <dst id="WASHng">9943.30666666667</dst>
        </src>
        <src id="KSCYng">
            <dst id="ATLA-M5">880.805333333333</dst>
            <dst id="ATLAng">2417.368</dst>
            <dst id="CHINng">10542.9226666667</dst>
            <dst id="DNVRng">6313.232</dst>
            <dst id="HSTNng">4280.13866666667</dst>
            <dst id="IPLSng">11543.4293333333</dst>
            <dst id="KSCYng">6752.37333333333</dst>
            <dst id="LOSAng">8402.584</dst>
            <dst id="NYCMng">2409.272</dst>
            <dst id="SNVAng">3068.63733333333</dst>
            <dst id="STTLng">4528.86666666667</dst>
            <dst id="WASHng">16101.2853333333</dst>
        </src>
        <src id="LOSAng">
            <dst id="ATLA-M5">115.538666666667</dst>
            <dst id="ATLAng">30687.3093333333</dst>
            <dst id="CHINng">100150.274666667</dst>
            <dst id="DNVRng">30774.8346666667</dst>
            <dst id="HSTNng">10183.992</dst>
            <dst id="IPLSng">24274.7386666667</dst>
            <dst id="KSCYng">4401.152</dst>
            <dst id="LOSAng">32015.128</dst>
            <dst id="NYCMng">33158.856</dst>
            <dst id="SNVAng">29699.256</dst>
            <dst id="STTLng">25354.9813333333</dst>
            <dst id="WASHng">60211.208</dst>
        </src>
        <src id="NYCMng">
            <dst id="ATLA-M5">3935.15466666667</dst>
            <dst id="ATLAng">23090.6453333333</dst>
            <dst id="CHINng">14888.8586666667</dst>
            <dst id="DNVRng">29028.72</dst>
            <dst id="HSTNng">4923.99466666667</dst>
            <dst id="IPLSng">30214.5306666667</dst>
            <dst id="KSCYng">13583.3466666667</dst>
            <dst id="LOSAng">76691.384</dst>
            <dst id="NYCMng">87117.144</dst>
            <dst id="SNVAng">3596.34133333333</dst>
            <dst id="STTLng">35581.016</dst>
            <dst id="WASHng">46384.6373333333</dst>
        </src>
        <src id="SNVAng">
            <dst id="ATLA-M5">0</dst>
            <dst id="ATLAng">26.6666666666667</dst>
            <dst id="CHINng">0</dst>
            <dst id="DNVRng">9420.97866666667</dst>
            <dst id="HSTNng">2088.08</dst>
            <dst id="IPLSng">283.970666666667</dst>
            <dst id="KSCYng">26.6666666666667</dst>
            <dst id="LOSAng">44379.552</dst>
            <dst id="NYCMng">8574.58133333333</dst>
            <dst id="SNVAng">13266.408</dst>
            <dst id="STTLng">35477.7626666667</dst>
            <dst id="WASHng">976.853333333333</dst>
        </src>
        <src id="STTLng">
            <dst id="ATLA-M5">316.706666666667</dst>
            <dst id="ATLAng">10215.152</dst>
            <dst id="CHINng">19125.6106666667</dst>
            <dst id="DNVRng">3572.14133333333</dst>
            <dst id="HSTNng">5556.79733333333</dst>
            <dst id="IPLSng">7482.624</dst>
            <dst id="KSCYng">3694.60266666667</dst>
            <dst id="LOSAng">24415.016</dst>
            <dst id="NYCMng">11019.3706666667</dst>
            <dst id="SNVAng">2433.24</dst>
            <dst id="STTLng">21711.8453333333</dst>
            <dst id="WASHng">8490.048</dst>
        </src>
        <src id="WASHng">
            <dst id="ATLA-M5">80</dst>
            <dst id="ATLAng">121491.72</dst>
            <dst id="CHINng">84830.7466666667</dst>
            <dst id="DNVRng">73936.8186666667</dst>
            <dst id="HSTNng">47918.528</dst>
            <dst id="IPLSng">44265.2026666667</dst>
            <dst id="KSCYng">12607.6</dst>
            <dst id="LOSAng">79589.9786666666</dst>
            <dst id="NYCMng">129414.277333333</dst>
            <dst id="SNVAng">5776.096</dst>
            <dst id="STTLng">50514.216</dst>
            <dst id="WASHng">269889.066666667</dst>
        </src>
    </IntraTM>
</TrafficMatrixFile>
