<?xml version="1.0" encoding="ISO-8859-1" standalone="yes"?>
<TrafficMatrixFile xsi:noNamespaceSchemaLocation="http://totem.run.montefiore.ulg.ac.be/Schema/TrafficMatrix-v1_2.xsd" xmlns:xsi="http://www.w3.org/2001/XMLSchema-instance">
    <IntraTM ASID="11537">
        <src id="ATLA-M5">
            <dst id="ATLA-M5">0</dst>
            <dst id="ATLAng">58.816</dst>
            <dst id="CHINng">138.725333333333</dst>
            <dst id="DNVRng">32.072</dst>
            <dst id="HSTNng">152.2</dst>
            <dst id="IPLSng">83.6266666666667</dst>
            <dst id="KSCYng">0</dst>
            <dst id="LOSAng">364.714666666667</dst>
            <dst id="NYCMng">68.3946666666667</dst>
            <dst id="SNVAng">13.3333333333333</dst>
            <dst id="STTLng">0</dst>
            <dst id="WASHng">1411.008</dst>
        </src>
        <src id="ATLAng">
            <dst id="ATLA-M5">441.264</dst>
            <dst id="ATLAng">15113.416</dst>
            <dst id="CHINng">4421.59733333333</dst>
            <dst id="DNVRng">2334.01066666667</dst>
            <dst id="HSTNng">2209.48266666667</dst>
            <dst id="IPLSng">28641.5653333333</dst>
            <dst id="KSCYng">558.992</dst>
            <dst id="LOSAng">9096.996</dst>
            <dst id="NYCMng">7518.75733333333</dst>
            <dst id="SNVAng">237.284</dst>
            <dst id="STTLng">10713.1573333333</dst>
            <dst id="WASHng">19510.8906666667</dst>
        </src>
        <src id="CHINng">
            <dst id="ATLA-M5">80</dst>
            <dst id="ATLAng">15968.8906666667</dst>
            <dst id="CHINng">46543.7253333333</dst>
            <dst id="DNVRng">11423.3173333333</dst>
            <dst id="HSTNng">5871.43733333333</dst>
            <dst id="IPLSng">27982.184</dst>
            <dst id="KSCYng">5039.304</dst>
            <dst id="LOSAng">48501.4933333333</dst>
            <dst id="NYCMng">15136.2826666667</dst>
            <dst id="SNVAng">3740.27466666667</dst>
            <dst id="STTLng">12393.7786666667</dst>
            <dst id="WASHng">33410.16</dst>
        </src>
        <src id="DNVRng">
            <dst id="ATLA-M5">462.344</dst>
            <dst id="ATLAng">4426.41866666667</dst>
            <dst id="CHINng">48395.6426666667</dst>
            <dst id="DNVRng">10777.5653333333</dst>
            <dst id="HSTNng">17613.1706666667</dst>
            <dst id="IPLSng">45788.4213333333</dst>
            <dst id="KSCYng">23414.8053333333</dst>
            <dst id="LOSAng">20311.344</dst>
            <dst id="NYCMng">13227.2693333333</dst>
            <dst id="SNVAng">15228.5466666667</dst>
            <dst id="STTLng">39854.792</dst>
            <dst id="WASHng">36543.4186666667</dst>
        </src>
        <src id="HSTNng">
            <dst id="ATLA-M5">469.258666666667</dst>
            <dst id="ATLAng">15097.7546666667</dst>
            <dst id="CHINng">10244.528</dst>
            <dst id="DNVRng">652.736</dst>
            <dst id="HSTNng">14380.0613333333</dst>
            <dst id="IPLSng">6821.25866666667</dst>
            <dst id="KSCYng">1173.32</dst>
            <dst id="LOSAng">8288.72266666667</dst>
            <dst id="NYCMng">2817.168</dst>
            <dst id="SNVAng">186.92</dst>
            <dst id="STTLng">1451.096</dst>
            <dst id="WASHng">6120.58933333333</dst>
        </src>
        <src id="IPLSng">
            <dst id="ATLA-M5">26.6666666666667</dst>
            <dst id="ATLAng">22367.2773333333</dst>
            <dst id="CHINng">62374.0826666667</dst>
            <dst id="DNVRng">6680.10933333334</dst>
            <dst id="HSTNng">1638.97866666667</dst>
            <dst id="IPLSng">26215.288</dst>
            <dst id="KSCYng">7177.81333333333</dst>
            <dst id="LOSAng">29513.6213333333</dst>
            <dst id="NYCMng">28997.6266666667</dst>
            <dst id="SNVAng">689.277333333333</dst>
            <dst id="STTLng">11259.9893333333</dst>
            <dst id="WASHng">9879.48266666667</dst>
        </src>
        <src id="KSCYng">
            <dst id="ATLA-M5">649.786666666667</dst>
            <dst id="ATLAng">1552.336</dst>
            <dst id="CHINng">14652.3013333333</dst>
            <dst id="DNVRng">10256.4106666667</dst>
            <dst id="HSTNng">11427.184</dst>
            <dst id="IPLSng">15803.5093333333</dst>
            <dst id="KSCYng">6276.944</dst>
            <dst id="LOSAng">6021.73333333333</dst>
            <dst id="NYCMng">4736.576</dst>
            <dst id="SNVAng">2537.66133333333</dst>
            <dst id="STTLng">7411.85866666667</dst>
            <dst id="WASHng">13935.1706666667</dst>
        </src>
        <src id="LOSAng">
            <dst id="ATLA-M5">391.44</dst>
            <dst id="ATLAng">22510.952</dst>
            <dst id="CHINng">72357.2693333333</dst>
            <dst id="DNVRng">38969.76</dst>
            <dst id="HSTNng">5267.872</dst>
            <dst id="IPLSng">20614.7253333333</dst>
            <dst id="KSCYng">4773.27733333333</dst>
            <dst id="LOSAng">19349.568</dst>
            <dst id="NYCMng">32376.1973333333</dst>
            <dst id="SNVAng">14326.24</dst>
            <dst id="STTLng">26400.24</dst>
            <dst id="WASHng">25526.024</dst>
        </src>
        <src id="NYCMng">
            <dst id="ATLA-M5">318.674666666667</dst>
            <dst id="ATLAng">18437.064</dst>
            <dst id="CHINng">17822.2826666667</dst>
            <dst id="DNVRng">39006.48</dst>
            <dst id="HSTNng">4415.176</dst>
            <dst id="IPLSng">22975.5386666667</dst>
            <dst id="KSCYng">13483.9893333333</dst>
            <dst id="LOSAng">82513.264</dst>
            <dst id="NYCMng">89044.3626666667</dst>
            <dst id="SNVAng">2980.14133333333</dst>
            <dst id="STTLng">29939.7946666667</dst>
            <dst id="WASHng">46767.456</dst>
        </src>
        <src id="SNVAng">
            <dst id="ATLA-M5">0</dst>
            <dst id="ATLAng">26.6666666666667</dst>
            <dst id="CHINng">26.6666666666667</dst>
            <dst id="DNVRng">10225.3333333333</dst>
            <dst id="HSTNng">85.232</dst>
            <dst id="IPLSng">1157.15733333333</dst>
            <dst id="KSCYng">53.3333333333333</dst>
            <dst id="LOSAng">33798.016</dst>
            <dst id="NYCMng">467.146666666667</dst>
            <dst id="SNVAng">6428.41066666667</dst>
            <dst id="STTLng">31210.3093333333</dst>
            <dst id="WASHng">0</dst>
        </src>
        <src id="STTLng">
            <dst id="ATLA-M5">27.4666666666667</dst>
            <dst id="ATLAng">11159.84</dst>
            <dst id="CHINng">17722.152</dst>
            <dst id="DNVRng">4354.18933333333</dst>
            <dst id="HSTNng">8286.06133333333</dst>
            <dst id="IPLSng">9900.93333333333</dst>
            <dst id="KSCYng">1532.37333333333</dst>
            <dst id="LOSAng">18330.768</dst>
            <dst id="NYCMng">10072.4026666667</dst>
            <dst id="SNVAng">3827.10666666667</dst>
            <dst id="STTLng">3841.89066666667</dst>
            <dst id="WASHng">14241.3413333333</dst>
        </src>
        <src id="WASHng">
            <dst id="ATLA-M5">145.264</dst>
            <dst id="ATLAng">140286.010666667</dst>
            <dst id="CHINng">43556.0853333333</dst>
            <dst id="DNVRng">86352.5733333333</dst>
            <dst id="HSTNng">24599.9306666667</dst>
            <dst id="IPLSng">55168.6533333333</dst>
            <dst id="KSCYng">10459.368</dst>
            <dst id="LOSAng">79282.16</dst>
            <dst id="NYCMng">128647.117333333</dst>
            <dst id="SNVAng">12210.1893333333</dst>
            <dst id="STTLng">49612.4106666667</dst>
            <dst id="WASHng">214645.746666667</dst>
        </src>
    </IntraTM>
</TrafficMatrixFile>
