<?xml version="1.0" encoding="ISO-8859-1" standalone="yes"?>
<TrafficMatrixFile xsi:noNamespaceSchemaLocation="http://totem.run.montefiore.ulg.ac.be/Schema/TrafficMatrix-v1_2.xsd" xmlns:xsi="http://www.w3.org/2001/XMLSchema-instance">
    <IntraTM ASID="11537">
        <src id="ATLA-M5">
            <dst id="ATLA-M5">0</dst>
            <dst id="ATLAng">154.098666666667</dst>
            <dst id="CHINng">130.210666666667</dst>
            <dst id="DNVRng">28.4933333333333</dst>
            <dst id="HSTNng">35.68</dst>
            <dst id="IPLSng">26.6666666666667</dst>
            <dst id="KSCYng">54.4</dst>
            <dst id="LOSAng">409.234666666667</dst>
            <dst id="NYCMng">99.2293333333333</dst>
            <dst id="SNVAng">0</dst>
            <dst id="STTLng">26.6666666666667</dst>
            <dst id="WASHng">80</dst>
        </src>
        <src id="ATLAng">
            <dst id="ATLA-M5">365.861333333333</dst>
            <dst id="ATLAng">12360.0186666667</dst>
            <dst id="CHINng">5115.33866666667</dst>
            <dst id="DNVRng">1443.40266666667</dst>
            <dst id="HSTNng">1936.696</dst>
            <dst id="IPLSng">23089.064</dst>
            <dst id="KSCYng">1641.24533333333</dst>
            <dst id="LOSAng">6983.08533333333</dst>
            <dst id="NYCMng">5442.416</dst>
            <dst id="SNVAng">199.989333333333</dst>
            <dst id="STTLng">8881.00533333333</dst>
            <dst id="WASHng">25788.872</dst>
        </src>
        <src id="CHINng">
            <dst id="ATLA-M5">26.6666666666667</dst>
            <dst id="ATLAng">13850.8853333333</dst>
            <dst id="CHINng">41182.0533333333</dst>
            <dst id="DNVRng">14293.3706666667</dst>
            <dst id="HSTNng">10206.7893333333</dst>
            <dst id="IPLSng">28267.7733333333</dst>
            <dst id="KSCYng">8563.984</dst>
            <dst id="LOSAng">40880.6053333333</dst>
            <dst id="NYCMng">13607.1706666667</dst>
            <dst id="SNVAng">3208.63466666667</dst>
            <dst id="STTLng">7432.58666666667</dst>
            <dst id="WASHng">34182.6853333333</dst>
        </src>
        <src id="DNVRng">
            <dst id="ATLA-M5">595.946666666667</dst>
            <dst id="ATLAng">5290.21866666667</dst>
            <dst id="CHINng">55688.1413333333</dst>
            <dst id="DNVRng">15413.648</dst>
            <dst id="HSTNng">19790.936</dst>
            <dst id="IPLSng">42264.104</dst>
            <dst id="KSCYng">26995.008</dst>
            <dst id="LOSAng">35132.5493333333</dst>
            <dst id="NYCMng">17206.2533333333</dst>
            <dst id="SNVAng">12801.504</dst>
            <dst id="STTLng">21522.816</dst>
            <dst id="WASHng">35198.1386666667</dst>
        </src>
        <src id="HSTNng">
            <dst id="ATLA-M5">265.184</dst>
            <dst id="ATLAng">6357.71466666667</dst>
            <dst id="CHINng">6037.752</dst>
            <dst id="DNVRng">1355.37866666667</dst>
            <dst id="HSTNng">15377.1146666667</dst>
            <dst id="IPLSng">4611.544</dst>
            <dst id="KSCYng">920.245333333333</dst>
            <dst id="LOSAng">7284.736</dst>
            <dst id="NYCMng">1365.208</dst>
            <dst id="SNVAng">0</dst>
            <dst id="STTLng">1850.69333333333</dst>
            <dst id="WASHng">4241.176</dst>
        </src>
        <src id="IPLSng">
            <dst id="ATLA-M5">248.290666666667</dst>
            <dst id="ATLAng">19491.72</dst>
            <dst id="CHINng">58870.8</dst>
            <dst id="DNVRng">7059.75733333333</dst>
            <dst id="HSTNng">1473.53866666667</dst>
            <dst id="IPLSng">18333.4773333333</dst>
            <dst id="KSCYng">7975.03466666667</dst>
            <dst id="LOSAng">27339.552</dst>
            <dst id="NYCMng">32593.6133333333</dst>
            <dst id="SNVAng">349.317333333333</dst>
            <dst id="STTLng">12451.896</dst>
            <dst id="WASHng">13011.2346666667</dst>
        </src>
        <src id="KSCYng">
            <dst id="ATLA-M5">552.384</dst>
            <dst id="ATLAng">1871.384</dst>
            <dst id="CHINng">9925.30933333333</dst>
            <dst id="DNVRng">9055.22933333333</dst>
            <dst id="HSTNng">11459.8293333333</dst>
            <dst id="IPLSng">14316.7653333333</dst>
            <dst id="KSCYng">10618.1866666667</dst>
            <dst id="LOSAng">6638.28533333333</dst>
            <dst id="NYCMng">3736.70133333333</dst>
            <dst id="SNVAng">2964.44</dst>
            <dst id="STTLng">5857.71733333333</dst>
            <dst id="WASHng">9812.192</dst>
        </src>
        <src id="LOSAng">
            <dst id="ATLA-M5">117.632</dst>
            <dst id="ATLAng">16792.7573333333</dst>
            <dst id="CHINng">57870.552</dst>
            <dst id="DNVRng">33727.1946666667</dst>
            <dst id="HSTNng">18449.288</dst>
            <dst id="IPLSng">20506.4533333333</dst>
            <dst id="KSCYng">3327.72266666667</dst>
            <dst id="LOSAng">19612.5013333333</dst>
            <dst id="NYCMng">37061.672</dst>
            <dst id="SNVAng">12603.3226666667</dst>
            <dst id="STTLng">24929.4026666667</dst>
            <dst id="WASHng">39625.864</dst>
        </src>
        <src id="NYCMng">
            <dst id="ATLA-M5">550.936</dst>
            <dst id="ATLAng">16865.5253333333</dst>
            <dst id="CHINng">14393.216</dst>
            <dst id="DNVRng">25654.3333333333</dst>
            <dst id="HSTNng">8487.928</dst>
            <dst id="IPLSng">25868.9386666667</dst>
            <dst id="KSCYng">15737.04</dst>
            <dst id="LOSAng">79623.5866666667</dst>
            <dst id="NYCMng">79949.0693333334</dst>
            <dst id="SNVAng">3475.64</dst>
            <dst id="STTLng">22954.4506666667</dst>
            <dst id="WASHng">34689.024</dst>
        </src>
        <src id="SNVAng">
            <dst id="ATLA-M5">0</dst>
            <dst id="ATLAng">356.96</dst>
            <dst id="CHINng">26.6666666666667</dst>
            <dst id="DNVRng">2842.736</dst>
            <dst id="HSTNng">83.0746666666667</dst>
            <dst id="IPLSng">361.2</dst>
            <dst id="KSCYng">53.3333333333333</dst>
            <dst id="LOSAng">33967.3786666667</dst>
            <dst id="NYCMng">247.541333333333</dst>
            <dst id="SNVAng">6578.02133333333</dst>
            <dst id="STTLng">28174.3706666667</dst>
            <dst id="WASHng">106.666666666667</dst>
        </src>
        <src id="STTLng">
            <dst id="ATLA-M5">608.557333333333</dst>
            <dst id="ATLAng">11450.2026666667</dst>
            <dst id="CHINng">15202.2826666667</dst>
            <dst id="DNVRng">4420.256</dst>
            <dst id="HSTNng">1962.91733333333</dst>
            <dst id="IPLSng">8545.93066666667</dst>
            <dst id="KSCYng">2254.73866666667</dst>
            <dst id="LOSAng">25938.3893333333</dst>
            <dst id="NYCMng">12133.112</dst>
            <dst id="SNVAng">8863.66666666667</dst>
            <dst id="STTLng">5555.176</dst>
            <dst id="WASHng">12037.1253333333</dst>
        </src>
        <src id="WASHng">
            <dst id="ATLA-M5">366.066666666667</dst>
            <dst id="ATLAng">83877.2933333333</dst>
            <dst id="CHINng">43244.0373333333</dst>
            <dst id="DNVRng">91752.6266666667</dst>
            <dst id="HSTNng">12646.3093333333</dst>
            <dst id="IPLSng">58481.9786666666</dst>
            <dst id="KSCYng">4907.56</dst>
            <dst id="LOSAng">67765.0346666667</dst>
            <dst id="NYCMng">153503.637333333</dst>
            <dst id="SNVAng">4419.93066666667</dst>
            <dst id="STTLng">39323.5706666667</dst>
            <dst id="WASHng">207706.152</dst>
        </src>
    </IntraTM>
</TrafficMatrixFile>
