<?xml version="1.0" encoding="ISO-8859-1" standalone="yes"?>
<TrafficMatrixFile xsi:noNamespaceSchemaLocation="http://totem.run.montefiore.ulg.ac.be/Schema/TrafficMatrix-v1_2.xsd" xmlns:xsi="http://www.w3.org/2001/XMLSchema-instance">
    <IntraTM ASID="11537">
        <src id="ATLA-M5">
            <dst id="ATLA-M5">0</dst>
            <dst id="ATLAng">26.6666666666667</dst>
            <dst id="CHINng">130.24</dst>
            <dst id="DNVRng">0</dst>
            <dst id="HSTNng">32.7386666666667</dst>
            <dst id="IPLSng">0</dst>
            <dst id="KSCYng">1083.336</dst>
            <dst id="LOSAng">560.357333333333</dst>
            <dst id="NYCMng">694.962666666667</dst>
            <dst id="SNVAng">0</dst>
            <dst id="STTLng">433.146666666667</dst>
            <dst id="WASHng">1477.688</dst>
        </src>
        <src id="ATLAng">
            <dst id="ATLA-M5">26.6666666666667</dst>
            <dst id="ATLAng">21721.8266666667</dst>
            <dst id="CHINng">2321.664</dst>
            <dst id="DNVRng">9530.46933333333</dst>
            <dst id="HSTNng">8242.28266666667</dst>
            <dst id="IPLSng">16633.8426666667</dst>
            <dst id="KSCYng">280.122666666667</dst>
            <dst id="LOSAng">13066.5346666667</dst>
            <dst id="NYCMng">8041.336</dst>
            <dst id="SNVAng">41.9426666666667</dst>
            <dst id="STTLng">8409.88266666667</dst>
            <dst id="WASHng">33923.264</dst>
        </src>
        <src id="CHINng">
            <dst id="ATLA-M5">6002.792</dst>
            <dst id="ATLAng">10672.72</dst>
            <dst id="CHINng">91396.984</dst>
            <dst id="DNVRng">11747.9146666667</dst>
            <dst id="HSTNng">6099.93333333333</dst>
            <dst id="IPLSng">21701.44</dst>
            <dst id="KSCYng">3502.24533333333</dst>
            <dst id="LOSAng">28986.1866666667</dst>
            <dst id="NYCMng">12904.216</dst>
            <dst id="SNVAng">1983.29333333333</dst>
            <dst id="STTLng">5469.41333333333</dst>
            <dst id="WASHng">21614.9466666667</dst>
        </src>
        <src id="DNVRng">
            <dst id="ATLA-M5">28.1386666666667</dst>
            <dst id="ATLAng">12039.6586666667</dst>
            <dst id="CHINng">67951.1386666667</dst>
            <dst id="DNVRng">15305.4346666667</dst>
            <dst id="HSTNng">17520.1013333333</dst>
            <dst id="IPLSng">31138.992</dst>
            <dst id="KSCYng">25436.2826666667</dst>
            <dst id="LOSAng">13860.2026666667</dst>
            <dst id="NYCMng">19035.0026666667</dst>
            <dst id="SNVAng">10281.8</dst>
            <dst id="STTLng">14561.032</dst>
            <dst id="WASHng">33725.9626666667</dst>
        </src>
        <src id="HSTNng">
            <dst id="ATLA-M5">3052.992</dst>
            <dst id="ATLAng">1058.67733333333</dst>
            <dst id="CHINng">14370.1146666667</dst>
            <dst id="DNVRng">1287.08</dst>
            <dst id="HSTNng">12646.704</dst>
            <dst id="IPLSng">2086.38933333333</dst>
            <dst id="KSCYng">2469.06666666667</dst>
            <dst id="LOSAng">11319.7333333333</dst>
            <dst id="NYCMng">1774.42133333333</dst>
            <dst id="SNVAng">0</dst>
            <dst id="STTLng">586.336</dst>
            <dst id="WASHng">1772.184</dst>
        </src>
        <src id="IPLSng">
            <dst id="ATLA-M5">0</dst>
            <dst id="ATLAng">15378.8266666667</dst>
            <dst id="CHINng">105103.512</dst>
            <dst id="DNVRng">22667.7973333333</dst>
            <dst id="HSTNng">526.768</dst>
            <dst id="IPLSng">20292.9466666667</dst>
            <dst id="KSCYng">6062.50133333333</dst>
            <dst id="LOSAng">55297.7466666667</dst>
            <dst id="NYCMng">25195.768</dst>
            <dst id="SNVAng">347.925333333333</dst>
            <dst id="STTLng">7790.488</dst>
            <dst id="WASHng">9345.77066666667</dst>
        </src>
        <src id="KSCYng">
            <dst id="ATLA-M5">30.2373333333333</dst>
            <dst id="ATLAng">757.986666666667</dst>
            <dst id="CHINng">20267.6346666667</dst>
            <dst id="DNVRng">7785.45333333333</dst>
            <dst id="HSTNng">3382.27466666667</dst>
            <dst id="IPLSng">12612.224</dst>
            <dst id="KSCYng">7815.45866666667</dst>
            <dst id="LOSAng">6841.73066666667</dst>
            <dst id="NYCMng">2004.58133333333</dst>
            <dst id="SNVAng">3103.14933333333</dst>
            <dst id="STTLng">4469.48533333333</dst>
            <dst id="WASHng">5568.136</dst>
        </src>
        <src id="LOSAng">
            <dst id="ATLA-M5">0</dst>
            <dst id="ATLAng">5549.24</dst>
            <dst id="CHINng">134770.229333333</dst>
            <dst id="DNVRng">22901.5706666667</dst>
            <dst id="HSTNng">13876.168</dst>
            <dst id="IPLSng">16807.632</dst>
            <dst id="KSCYng">3135.53866666667</dst>
            <dst id="LOSAng">18838.6746666667</dst>
            <dst id="NYCMng">33647.6213333333</dst>
            <dst id="SNVAng">19489.08</dst>
            <dst id="STTLng">31674.7093333333</dst>
            <dst id="WASHng">17896.5946666667</dst>
        </src>
        <src id="NYCMng">
            <dst id="ATLA-M5">2380.65866666667</dst>
            <dst id="ATLAng">4479.77866666667</dst>
            <dst id="CHINng">13649.1813333333</dst>
            <dst id="DNVRng">21833.104</dst>
            <dst id="HSTNng">4851.75466666667</dst>
            <dst id="IPLSng">23078.2133333333</dst>
            <dst id="KSCYng">5490.94666666667</dst>
            <dst id="LOSAng">81006.9653333333</dst>
            <dst id="NYCMng">89928.12</dst>
            <dst id="SNVAng">1069.248</dst>
            <dst id="STTLng">20184.4373333333</dst>
            <dst id="WASHng">44108.312</dst>
        </src>
        <src id="SNVAng">
            <dst id="ATLA-M5">0</dst>
            <dst id="ATLAng">26.6666666666667</dst>
            <dst id="CHINng">94.88</dst>
            <dst id="DNVRng">3622.43733333333</dst>
            <dst id="HSTNng">34.9013333333333</dst>
            <dst id="IPLSng">177.72</dst>
            <dst id="KSCYng">0</dst>
            <dst id="LOSAng">33495.5066666667</dst>
            <dst id="NYCMng">316.469333333333</dst>
            <dst id="SNVAng">4567.944</dst>
            <dst id="STTLng">25884.224</dst>
            <dst id="WASHng">165.098666666667</dst>
        </src>
        <src id="STTLng">
            <dst id="ATLA-M5">0</dst>
            <dst id="ATLAng">5114.13333333333</dst>
            <dst id="CHINng">46504.5573333333</dst>
            <dst id="DNVRng">2269.824</dst>
            <dst id="HSTNng">1215.552</dst>
            <dst id="IPLSng">4464.22666666667</dst>
            <dst id="KSCYng">1169.86666666667</dst>
            <dst id="LOSAng">26084.6133333333</dst>
            <dst id="NYCMng">12522.6986666667</dst>
            <dst id="SNVAng">3417.568</dst>
            <dst id="STTLng">20595.9893333333</dst>
            <dst id="WASHng">3673.688</dst>
        </src>
        <src id="WASHng">
            <dst id="ATLA-M5">986.666666666667</dst>
            <dst id="ATLAng">58206.888</dst>
            <dst id="CHINng">102850.290666667</dst>
            <dst id="DNVRng">55613.0906666667</dst>
            <dst id="HSTNng">35852.1413333333</dst>
            <dst id="IPLSng">60260.432</dst>
            <dst id="KSCYng">10018.9066666667</dst>
            <dst id="LOSAng">70843.304</dst>
            <dst id="NYCMng">151213.144</dst>
            <dst id="SNVAng">5359.12266666667</dst>
            <dst id="STTLng">42477.0266666667</dst>
            <dst id="WASHng">409338.186666667</dst>
        </src>
    </IntraTM>
</TrafficMatrixFile>
