<?xml version="1.0" encoding="ISO-8859-1" standalone="yes"?>
<TrafficMatrixFile xsi:noNamespaceSchemaLocation="http://totem.run.montefiore.ulg.ac.be/Schema/TrafficMatrix-v1_2.xsd" xmlns:xsi="http://www.w3.org/2001/XMLSchema-instance">
    <IntraTM ASID="11537">
        <src id="ATLA-M5">
            <dst id="ATLA-M5">0</dst>
            <dst id="ATLAng">80</dst>
            <dst id="CHINng">106.666666666667</dst>
            <dst id="DNVRng">0</dst>
            <dst id="HSTNng">118.824</dst>
            <dst id="IPLSng">0</dst>
            <dst id="KSCYng">0</dst>
            <dst id="LOSAng">244.090666666667</dst>
            <dst id="NYCMng">64.2053333333334</dst>
            <dst id="SNVAng">0</dst>
            <dst id="STTLng">26.6666666666667</dst>
            <dst id="WASHng">809.757333333333</dst>
        </src>
        <src id="ATLAng">
            <dst id="ATLA-M5">88.1706666666667</dst>
            <dst id="ATLAng">27975.896</dst>
            <dst id="CHINng">2663.69066666667</dst>
            <dst id="DNVRng">2726.57333333333</dst>
            <dst id="HSTNng">1051.70933333333</dst>
            <dst id="IPLSng">7447.22133333333</dst>
            <dst id="KSCYng">414.869333333333</dst>
            <dst id="LOSAng">10663.708</dst>
            <dst id="NYCMng">9072.60266666667</dst>
            <dst id="SNVAng">410.622666666667</dst>
            <dst id="STTLng">6109.63733333333</dst>
            <dst id="WASHng">51892.5306666667</dst>
        </src>
        <src id="CHINng">
            <dst id="ATLA-M5">224.232</dst>
            <dst id="ATLAng">7330.512</dst>
            <dst id="CHINng">92414.664</dst>
            <dst id="DNVRng">8752.58666666667</dst>
            <dst id="HSTNng">4598.33066666667</dst>
            <dst id="IPLSng">18944.1573333333</dst>
            <dst id="KSCYng">3557.432</dst>
            <dst id="LOSAng">41180.4693333333</dst>
            <dst id="NYCMng">16425.9813333333</dst>
            <dst id="SNVAng">3308.16</dst>
            <dst id="STTLng">5203.59733333333</dst>
            <dst id="WASHng">12287.4533333333</dst>
        </src>
        <src id="DNVRng">
            <dst id="ATLA-M5">66.88</dst>
            <dst id="ATLAng">12140.8506666667</dst>
            <dst id="CHINng">72252.8746666667</dst>
            <dst id="DNVRng">13162.888</dst>
            <dst id="HSTNng">16304.1866666667</dst>
            <dst id="IPLSng">25409.1093333333</dst>
            <dst id="KSCYng">27119.9706666667</dst>
            <dst id="LOSAng">7732.67733333333</dst>
            <dst id="NYCMng">20064.9466666667</dst>
            <dst id="SNVAng">14874.3013333333</dst>
            <dst id="STTLng">15773.696</dst>
            <dst id="WASHng">42404.6773333333</dst>
        </src>
        <src id="HSTNng">
            <dst id="ATLA-M5">2901.22133333333</dst>
            <dst id="ATLAng">12737.9893333333</dst>
            <dst id="CHINng">16723.1253333333</dst>
            <dst id="DNVRng">950.701333333333</dst>
            <dst id="HSTNng">13902.4986666667</dst>
            <dst id="IPLSng">3576.792</dst>
            <dst id="KSCYng">2082.51733333333</dst>
            <dst id="LOSAng">16929.9013333333</dst>
            <dst id="NYCMng">1624.74933333333</dst>
            <dst id="SNVAng">53.3333333333333</dst>
            <dst id="STTLng">400.44</dst>
            <dst id="WASHng">1183.21066666667</dst>
        </src>
        <src id="IPLSng">
            <dst id="ATLA-M5">0</dst>
            <dst id="ATLAng">11326.8186666667</dst>
            <dst id="CHINng">70848.968</dst>
            <dst id="DNVRng">16145.1306666667</dst>
            <dst id="HSTNng">310.509333333333</dst>
            <dst id="IPLSng">14350.8053333333</dst>
            <dst id="KSCYng">2786.104</dst>
            <dst id="LOSAng">15193.2053333333</dst>
            <dst id="NYCMng">38432.856</dst>
            <dst id="SNVAng">260.541333333333</dst>
            <dst id="STTLng">10896.8026666667</dst>
            <dst id="WASHng">8037.52266666667</dst>
        </src>
        <src id="KSCYng">
            <dst id="ATLA-M5">0</dst>
            <dst id="ATLAng">2303.52533333333</dst>
            <dst id="CHINng">22009.232</dst>
            <dst id="DNVRng">8197.45333333333</dst>
            <dst id="HSTNng">3010.54666666667</dst>
            <dst id="IPLSng">8622.45866666667</dst>
            <dst id="KSCYng">5942.21066666667</dst>
            <dst id="LOSAng">4524.26666666667</dst>
            <dst id="NYCMng">2068.776</dst>
            <dst id="SNVAng">2412.07466666667</dst>
            <dst id="STTLng">2413.94666666667</dst>
            <dst id="WASHng">12062.936</dst>
        </src>
        <src id="LOSAng">
            <dst id="ATLA-M5">59.2746666666667</dst>
            <dst id="ATLAng">7807.22666666667</dst>
            <dst id="CHINng">148072.912</dst>
            <dst id="DNVRng">18957.8293333333</dst>
            <dst id="HSTNng">2938.60533333333</dst>
            <dst id="IPLSng">11664.952</dst>
            <dst id="KSCYng">4853.09866666667</dst>
            <dst id="LOSAng">14776.0266666667</dst>
            <dst id="NYCMng">38922.8</dst>
            <dst id="SNVAng">16441.432</dst>
            <dst id="STTLng">42319.4666666667</dst>
            <dst id="WASHng">20086.68</dst>
        </src>
        <src id="NYCMng">
            <dst id="ATLA-M5">153.309333333333</dst>
            <dst id="ATLAng">12638.0853333333</dst>
            <dst id="CHINng">18287.3413333333</dst>
            <dst id="DNVRng">24210.328</dst>
            <dst id="HSTNng">7086.896</dst>
            <dst id="IPLSng">18911.3573333333</dst>
            <dst id="KSCYng">5090.336</dst>
            <dst id="LOSAng">76879.6026666667</dst>
            <dst id="NYCMng">120847.789333333</dst>
            <dst id="SNVAng">941.224</dst>
            <dst id="STTLng">12716.8293333333</dst>
            <dst id="WASHng">32561.5893333333</dst>
        </src>
        <src id="SNVAng">
            <dst id="ATLA-M5">0</dst>
            <dst id="ATLAng">53.3333333333333</dst>
            <dst id="CHINng">93.3333333333333</dst>
            <dst id="DNVRng">3938.10933333333</dst>
            <dst id="HSTNng">29.3333333333333</dst>
            <dst id="IPLSng">238.202666666667</dst>
            <dst id="KSCYng">53.3333333333333</dst>
            <dst id="LOSAng">34468.9653333333</dst>
            <dst id="NYCMng">1062.77866666667</dst>
            <dst id="SNVAng">3865.05866666667</dst>
            <dst id="STTLng">28875.4213333333</dst>
            <dst id="WASHng">106.666666666667</dst>
        </src>
        <src id="STTLng">
            <dst id="ATLA-M5">0</dst>
            <dst id="ATLAng">7278.192</dst>
            <dst id="CHINng">28346.976</dst>
            <dst id="DNVRng">4655.65333333333</dst>
            <dst id="HSTNng">1060.832</dst>
            <dst id="IPLSng">7521.25866666667</dst>
            <dst id="KSCYng">2941.48266666667</dst>
            <dst id="LOSAng">13035.9013333333</dst>
            <dst id="NYCMng">13466.2826666667</dst>
            <dst id="SNVAng">2539.048</dst>
            <dst id="STTLng">6039.22133333333</dst>
            <dst id="WASHng">8766.352</dst>
        </src>
        <src id="WASHng">
            <dst id="ATLA-M5">2212.62133333333</dst>
            <dst id="ATLAng">82528.2506666666</dst>
            <dst id="CHINng">68898.9226666667</dst>
            <dst id="DNVRng">66542.912</dst>
            <dst id="HSTNng">20475.9573333333</dst>
            <dst id="IPLSng">44127.4213333333</dst>
            <dst id="KSCYng">15606.32</dst>
            <dst id="LOSAng">53772.4613333333</dst>
            <dst id="NYCMng">140957.656</dst>
            <dst id="SNVAng">4570.16</dst>
            <dst id="STTLng">31246.304</dst>
            <dst id="WASHng">281997.04</dst>
        </src>
    </IntraTM>
</TrafficMatrixFile>
