<?xml version="1.0" encoding="ISO-8859-1" standalone="yes"?>
<TrafficMatrixFile xsi:noNamespaceSchemaLocation="http://totem.run.montefiore.ulg.ac.be/Schema/TrafficMatrix-v1_2.xsd" xmlns:xsi="http://www.w3.org/2001/XMLSchema-instance">
    <IntraTM ASID="11537">
        <src id="ATLA-M5">
            <dst id="ATLA-M5">131.074666666667</dst>
            <dst id="ATLAng">920.064</dst>
            <dst id="CHINng">125.36</dst>
            <dst id="DNVRng">64.96</dst>
            <dst id="HSTNng">149.698666666667</dst>
            <dst id="IPLSng">208.149333333333</dst>
            <dst id="KSCYng">1970.12533333333</dst>
            <dst id="LOSAng">375.922666666667</dst>
            <dst id="NYCMng">26.6666666666667</dst>
            <dst id="SNVAng">26.6666666666667</dst>
            <dst id="STTLng">26.6666666666667</dst>
            <dst id="WASHng">985.429333333333</dst>
        </src>
        <src id="ATLAng">
            <dst id="ATLA-M5">4453.34133333333</dst>
            <dst id="ATLAng">34973.5386666667</dst>
            <dst id="CHINng">11286.3573333333</dst>
            <dst id="DNVRng">2699.65333333333</dst>
            <dst id="HSTNng">11328.7253333333</dst>
            <dst id="IPLSng">30714.64</dst>
            <dst id="KSCYng">4844.536</dst>
            <dst id="LOSAng">8343.92933333333</dst>
            <dst id="NYCMng">11362.8426666667</dst>
            <dst id="SNVAng">1170.57466666667</dst>
            <dst id="STTLng">9469.44</dst>
            <dst id="WASHng">67342.424</dst>
        </src>
        <src id="CHINng">
            <dst id="ATLA-M5">149.026666666667</dst>
            <dst id="ATLAng">28128.5786666667</dst>
            <dst id="CHINng">72272.1813333333</dst>
            <dst id="DNVRng">4403.512</dst>
            <dst id="HSTNng">7650.216</dst>
            <dst id="IPLSng">28556.0666666667</dst>
            <dst id="KSCYng">10440.064</dst>
            <dst id="LOSAng">35458.2933333333</dst>
            <dst id="NYCMng">12200.3573333333</dst>
            <dst id="SNVAng">676.688</dst>
            <dst id="STTLng">6767.096</dst>
            <dst id="WASHng">27843.0506666667</dst>
        </src>
        <src id="DNVRng">
            <dst id="ATLA-M5">151.789333333333</dst>
            <dst id="ATLAng">4476.24266666667</dst>
            <dst id="CHINng">68139.2613333333</dst>
            <dst id="DNVRng">14348.616</dst>
            <dst id="HSTNng">13193.6986666667</dst>
            <dst id="IPLSng">35985.992</dst>
            <dst id="KSCYng">21365.1733333333</dst>
            <dst id="LOSAng">12108.464</dst>
            <dst id="NYCMng">10855.4</dst>
            <dst id="SNVAng">15125.4693333333</dst>
            <dst id="STTLng">9192.928</dst>
            <dst id="WASHng">36520.72</dst>
        </src>
        <src id="HSTNng">
            <dst id="ATLA-M5">145.056</dst>
            <dst id="ATLAng">14704.392</dst>
            <dst id="CHINng">11240.624</dst>
            <dst id="DNVRng">4937.82666666667</dst>
            <dst id="HSTNng">16918.8853333333</dst>
            <dst id="IPLSng">3471.60533333333</dst>
            <dst id="KSCYng">3502.184</dst>
            <dst id="LOSAng">23015.6346666667</dst>
            <dst id="NYCMng">11471.7493333333</dst>
            <dst id="SNVAng">178.749333333333</dst>
            <dst id="STTLng">521.36</dst>
            <dst id="WASHng">5030.82933333333</dst>
        </src>
        <src id="IPLSng">
            <dst id="ATLA-M5">162.797333333333</dst>
            <dst id="ATLAng">28166.768</dst>
            <dst id="CHINng">75729.0426666667</dst>
            <dst id="DNVRng">10839.9013333333</dst>
            <dst id="HSTNng">2682.98666666667</dst>
            <dst id="IPLSng">24985.1226666667</dst>
            <dst id="KSCYng">4642.62666666667</dst>
            <dst id="LOSAng">9344.344</dst>
            <dst id="NYCMng">28711.952</dst>
            <dst id="SNVAng">3981.024</dst>
            <dst id="STTLng">8174.984</dst>
            <dst id="WASHng">20428.6026666667</dst>
        </src>
        <src id="KSCYng">
            <dst id="ATLA-M5">60.9653333333333</dst>
            <dst id="ATLAng">2874.85866666667</dst>
            <dst id="CHINng">20698.5706666667</dst>
            <dst id="DNVRng">9926.59466666667</dst>
            <dst id="HSTNng">3439.288</dst>
            <dst id="IPLSng">21794.0426666667</dst>
            <dst id="KSCYng">8726.77066666667</dst>
            <dst id="LOSAng">5399.36</dst>
            <dst id="NYCMng">1754.928</dst>
            <dst id="SNVAng">2096.472</dst>
            <dst id="STTLng">3897.384</dst>
            <dst id="WASHng">11916.9226666667</dst>
        </src>
        <src id="LOSAng">
            <dst id="ATLA-M5">165.034666666667</dst>
            <dst id="ATLAng">27593.8373333333</dst>
            <dst id="CHINng">131196.096</dst>
            <dst id="DNVRng">19381.256</dst>
            <dst id="HSTNng">6085.39466666667</dst>
            <dst id="IPLSng">29741.3013333333</dst>
            <dst id="KSCYng">9390.21333333333</dst>
            <dst id="LOSAng">16430</dst>
            <dst id="NYCMng">48522.3546666667</dst>
            <dst id="SNVAng">14414.1546666667</dst>
            <dst id="STTLng">21517.6533333333</dst>
            <dst id="WASHng">29442.6133333333</dst>
        </src>
        <src id="NYCMng">
            <dst id="ATLA-M5">931.458666666667</dst>
            <dst id="ATLAng">44765.4853333333</dst>
            <dst id="CHINng">34685.392</dst>
            <dst id="DNVRng">27252.456</dst>
            <dst id="HSTNng">11303.5306666667</dst>
            <dst id="IPLSng">41933.2666666667</dst>
            <dst id="KSCYng">17912.888</dst>
            <dst id="LOSAng">85323.6026666667</dst>
            <dst id="NYCMng">99568.008</dst>
            <dst id="SNVAng">2977.512</dst>
            <dst id="STTLng">16133.056</dst>
            <dst id="WASHng">96342.3733333333</dst>
        </src>
        <src id="SNVAng">
            <dst id="ATLA-M5">0</dst>
            <dst id="ATLAng">73</dst>
            <dst id="CHINng">85.328</dst>
            <dst id="DNVRng">760.005333333333</dst>
            <dst id="HSTNng">1305.032</dst>
            <dst id="IPLSng">292.768</dst>
            <dst id="KSCYng">80</dst>
            <dst id="LOSAng">29214.7146666667</dst>
            <dst id="NYCMng">468.821333333333</dst>
            <dst id="SNVAng">6308.42133333333</dst>
            <dst id="STTLng">26252.2506666667</dst>
            <dst id="WASHng">376.541333333333</dst>
        </src>
        <src id="STTLng">
            <dst id="ATLA-M5">222.536</dst>
            <dst id="ATLAng">19541.7093333333</dst>
            <dst id="CHINng">25749.968</dst>
            <dst id="DNVRng">4886.312</dst>
            <dst id="HSTNng">3524.60266666667</dst>
            <dst id="IPLSng">9809.66933333333</dst>
            <dst id="KSCYng">2853.29066666667</dst>
            <dst id="LOSAng">25473.032</dst>
            <dst id="NYCMng">17454.3226666667</dst>
            <dst id="SNVAng">7278.58666666667</dst>
            <dst id="STTLng">6497.48266666667</dst>
            <dst id="WASHng">16819.3306666667</dst>
        </src>
        <src id="WASHng">
            <dst id="ATLA-M5">647.466666666667</dst>
            <dst id="ATLAng">106860.752</dst>
            <dst id="CHINng">44110.2373333333</dst>
            <dst id="DNVRng">59165.6293333333</dst>
            <dst id="HSTNng">23034.4613333333</dst>
            <dst id="IPLSng">66208.5306666667</dst>
            <dst id="KSCYng">21594.8826666667</dst>
            <dst id="LOSAng">58010.5733333333</dst>
            <dst id="NYCMng">173132.696</dst>
            <dst id="SNVAng">5454.62133333333</dst>
            <dst id="STTLng">34447.0453333333</dst>
            <dst id="WASHng">358120.133333333</dst>
        </src>
    </IntraTM>
</TrafficMatrixFile>
