<?xml version="1.0" encoding="ISO-8859-1" standalone="yes"?>
<TrafficMatrixFile xsi:noNamespaceSchemaLocation="http://totem.run.montefiore.ulg.ac.be/Schema/TrafficMatrix-v1_2.xsd" xmlns:xsi="http://www.w3.org/2001/XMLSchema-instance">
    <IntraTM ASID="11537">
        <src id="ATLA-M5">
            <dst id="ATLA-M5">0</dst>
            <dst id="ATLAng">26.6666666666667</dst>
            <dst id="CHINng">33.16</dst>
            <dst id="DNVRng">0</dst>
            <dst id="HSTNng">67.6293333333333</dst>
            <dst id="IPLSng">0</dst>
            <dst id="KSCYng">26.6666666666667</dst>
            <dst id="LOSAng">152.904</dst>
            <dst id="NYCMng">26.6666666666667</dst>
            <dst id="SNVAng">0</dst>
            <dst id="STTLng">222.066666666667</dst>
            <dst id="WASHng">487.104</dst>
        </src>
        <src id="ATLAng">
            <dst id="ATLA-M5">266.917333333333</dst>
            <dst id="ATLAng">8260.93333333334</dst>
            <dst id="CHINng">2732.70933333333</dst>
            <dst id="DNVRng">3292.95733333333</dst>
            <dst id="HSTNng">1665.84266666667</dst>
            <dst id="IPLSng">26522.7733333333</dst>
            <dst id="KSCYng">351.016</dst>
            <dst id="LOSAng">14073.436</dst>
            <dst id="NYCMng">5763.592</dst>
            <dst id="SNVAng">141.14</dst>
            <dst id="STTLng">9496.33066666667</dst>
            <dst id="WASHng">26910.368</dst>
        </src>
        <src id="CHINng">
            <dst id="ATLA-M5">72.944</dst>
            <dst id="ATLAng">6814.62933333333</dst>
            <dst id="CHINng">41791.792</dst>
            <dst id="DNVRng">7419.53866666667</dst>
            <dst id="HSTNng">5568.392</dst>
            <dst id="IPLSng">64564.6666666666</dst>
            <dst id="KSCYng">3215.34933333333</dst>
            <dst id="LOSAng">35436.1893333333</dst>
            <dst id="NYCMng">7826.22133333333</dst>
            <dst id="SNVAng">884.832</dst>
            <dst id="STTLng">3638.952</dst>
            <dst id="WASHng">38424.656</dst>
        </src>
        <src id="DNVRng">
            <dst id="ATLA-M5">148.986666666667</dst>
            <dst id="ATLAng">3311.768</dst>
            <dst id="CHINng">68649.184</dst>
            <dst id="DNVRng">10773.8266666667</dst>
            <dst id="HSTNng">22635.1146666667</dst>
            <dst id="IPLSng">33805.4</dst>
            <dst id="KSCYng">29550.4666666667</dst>
            <dst id="LOSAng">14254.7786666667</dst>
            <dst id="NYCMng">9598.86133333333</dst>
            <dst id="SNVAng">14560.2533333333</dst>
            <dst id="STTLng">24403.2586666667</dst>
            <dst id="WASHng">34216.112</dst>
        </src>
        <src id="HSTNng">
            <dst id="ATLA-M5">2814.37066666667</dst>
            <dst id="ATLAng">1960.21866666667</dst>
            <dst id="CHINng">6893.49066666667</dst>
            <dst id="DNVRng">1061.53066666667</dst>
            <dst id="HSTNng">12580.7893333333</dst>
            <dst id="IPLSng">1324.32</dst>
            <dst id="KSCYng">561.237333333333</dst>
            <dst id="LOSAng">7200.67733333333</dst>
            <dst id="NYCMng">3106.67733333333</dst>
            <dst id="SNVAng">58.24</dst>
            <dst id="STTLng">804.656</dst>
            <dst id="WASHng">1377.06133333333</dst>
        </src>
        <src id="IPLSng">
            <dst id="ATLA-M5">0</dst>
            <dst id="ATLAng">23653.552</dst>
            <dst id="CHINng">69156.8853333333</dst>
            <dst id="DNVRng">15180.28</dst>
            <dst id="HSTNng">4537.08266666667</dst>
            <dst id="IPLSng">15614.4533333333</dst>
            <dst id="KSCYng">1762.52533333333</dst>
            <dst id="LOSAng">14354.2693333333</dst>
            <dst id="NYCMng">18337.5413333333</dst>
            <dst id="SNVAng">543.917333333333</dst>
            <dst id="STTLng">8646.032</dst>
            <dst id="WASHng">12034.9573333333</dst>
        </src>
        <src id="KSCYng">
            <dst id="ATLA-M5">997.205333333333</dst>
            <dst id="ATLAng">919.376</dst>
            <dst id="CHINng">9104.28533333333</dst>
            <dst id="DNVRng">9699.704</dst>
            <dst id="HSTNng">8553.112</dst>
            <dst id="IPLSng">10847.9226666667</dst>
            <dst id="KSCYng">9881.072</dst>
            <dst id="LOSAng">8952.24533333333</dst>
            <dst id="NYCMng">3037.88533333333</dst>
            <dst id="SNVAng">2944.38133333333</dst>
            <dst id="STTLng">8263.97866666667</dst>
            <dst id="WASHng">7690.024</dst>
        </src>
        <src id="LOSAng">
            <dst id="ATLA-M5">1054.16</dst>
            <dst id="ATLAng">12245.8133333333</dst>
            <dst id="CHINng">81856.1306666667</dst>
            <dst id="DNVRng">22328.872</dst>
            <dst id="HSTNng">21746.5866666667</dst>
            <dst id="IPLSng">20757.8106666667</dst>
            <dst id="KSCYng">2700.82666666667</dst>
            <dst id="LOSAng">19872.5013333333</dst>
            <dst id="NYCMng">44174.8453333333</dst>
            <dst id="SNVAng">7300.81333333333</dst>
            <dst id="STTLng">22169.808</dst>
            <dst id="WASHng">19753.5226666667</dst>
        </src>
        <src id="NYCMng">
            <dst id="ATLA-M5">115.912</dst>
            <dst id="ATLAng">17713.2346666667</dst>
            <dst id="CHINng">16632.3226666667</dst>
            <dst id="DNVRng">25894.416</dst>
            <dst id="HSTNng">10666.592</dst>
            <dst id="IPLSng">11983.96</dst>
            <dst id="KSCYng">11371.9813333333</dst>
            <dst id="LOSAng">76835.3093333333</dst>
            <dst id="NYCMng">68551.3253333333</dst>
            <dst id="SNVAng">2547.16</dst>
            <dst id="STTLng">19445.5493333333</dst>
            <dst id="WASHng">41368.616</dst>
        </src>
        <src id="SNVAng">
            <dst id="ATLA-M5">0</dst>
            <dst id="ATLAng">612.576</dst>
            <dst id="CHINng">0</dst>
            <dst id="DNVRng">1460.60533333333</dst>
            <dst id="HSTNng">30.8053333333333</dst>
            <dst id="IPLSng">213.938666666667</dst>
            <dst id="KSCYng">0</dst>
            <dst id="LOSAng">32461.7946666667</dst>
            <dst id="NYCMng">293.141333333333</dst>
            <dst id="SNVAng">5097.68533333333</dst>
            <dst id="STTLng">27617.744</dst>
            <dst id="WASHng">53.3333333333333</dst>
        </src>
        <src id="STTLng">
            <dst id="ATLA-M5">253.077333333333</dst>
            <dst id="ATLAng">8049.06666666667</dst>
            <dst id="CHINng">20469.8613333333</dst>
            <dst id="DNVRng">3549.87466666667</dst>
            <dst id="HSTNng">1117.024</dst>
            <dst id="IPLSng">5211.712</dst>
            <dst id="KSCYng">1995.32533333333</dst>
            <dst id="LOSAng">15148.408</dst>
            <dst id="NYCMng">10310.6373333333</dst>
            <dst id="SNVAng">1979</dst>
            <dst id="STTLng">7143.04266666667</dst>
            <dst id="WASHng">5007.968</dst>
        </src>
        <src id="WASHng">
            <dst id="ATLA-M5">2342.856</dst>
            <dst id="ATLAng">62421.8506666667</dst>
            <dst id="CHINng">44819.7786666667</dst>
            <dst id="DNVRng">53619.144</dst>
            <dst id="HSTNng">11368.608</dst>
            <dst id="IPLSng">54702.4853333333</dst>
            <dst id="KSCYng">21692.92</dst>
            <dst id="LOSAng">72623.568</dst>
            <dst id="NYCMng">128344.570666667</dst>
            <dst id="SNVAng">4778.91733333333</dst>
            <dst id="STTLng">48627.9946666667</dst>
            <dst id="WASHng">208034.784</dst>
        </src>
    </IntraTM>
</TrafficMatrixFile>
