<?xml version="1.0" encoding="ISO-8859-1" standalone="yes"?>
<TrafficMatrixFile xsi:noNamespaceSchemaLocation="http://totem.run.montefiore.ulg.ac.be/Schema/TrafficMatrix-v1_2.xsd" xmlns:xsi="http://www.w3.org/2001/XMLSchema-instance">
    <IntraTM ASID="11537">
        <src id="ATLA-M5">
            <dst id="ATLA-M5">109.653333333333</dst>
            <dst id="ATLAng">1949.544</dst>
            <dst id="CHINng">216.36</dst>
            <dst id="DNVRng">0</dst>
            <dst id="HSTNng">26.6666666666667</dst>
            <dst id="IPLSng">26.6666666666667</dst>
            <dst id="KSCYng">448.202666666667</dst>
            <dst id="LOSAng">2116.74933333333</dst>
            <dst id="NYCMng">446.202666666667</dst>
            <dst id="SNVAng">13.3333333333333</dst>
            <dst id="STTLng">27.5733333333333</dst>
            <dst id="WASHng">1141.568</dst>
        </src>
        <src id="ATLAng">
            <dst id="ATLA-M5">1930.856</dst>
            <dst id="ATLAng">23606.48</dst>
            <dst id="CHINng">6114.25333333333</dst>
            <dst id="DNVRng">11425.92</dst>
            <dst id="HSTNng">2347.29866666667</dst>
            <dst id="IPLSng">24983.1786666667</dst>
            <dst id="KSCYng">1568.87733333333</dst>
            <dst id="LOSAng">12310.2133333333</dst>
            <dst id="NYCMng">4148.61866666667</dst>
            <dst id="SNVAng">1637.77866666667</dst>
            <dst id="STTLng">8815.78933333334</dst>
            <dst id="WASHng">33352.8613333333</dst>
        </src>
        <src id="CHINng">
            <dst id="ATLA-M5">280.973333333333</dst>
            <dst id="ATLAng">14963.3733333333</dst>
            <dst id="CHINng">49969.5306666667</dst>
            <dst id="DNVRng">9558.24266666667</dst>
            <dst id="HSTNng">22475.2453333333</dst>
            <dst id="IPLSng">25804.8053333333</dst>
            <dst id="KSCYng">9607.15466666667</dst>
            <dst id="LOSAng">64096.2133333333</dst>
            <dst id="NYCMng">7648.096</dst>
            <dst id="SNVAng">4747.52533333333</dst>
            <dst id="STTLng">6494.17333333333</dst>
            <dst id="WASHng">30527.2213333333</dst>
        </src>
        <src id="DNVRng">
            <dst id="ATLA-M5">444.749333333333</dst>
            <dst id="ATLAng">7397.89333333333</dst>
            <dst id="CHINng">51180.5306666667</dst>
            <dst id="DNVRng">14844.8693333333</dst>
            <dst id="HSTNng">17919.5093333333</dst>
            <dst id="IPLSng">48284.68</dst>
            <dst id="KSCYng">26395.376</dst>
            <dst id="LOSAng">19008.048</dst>
            <dst id="NYCMng">13987.6853333333</dst>
            <dst id="SNVAng">18217.4</dst>
            <dst id="STTLng">25813.5626666667</dst>
            <dst id="WASHng">39764.6186666667</dst>
        </src>
        <src id="HSTNng">
            <dst id="ATLA-M5">177.258666666667</dst>
            <dst id="ATLAng">5417.984</dst>
            <dst id="CHINng">26808.136</dst>
            <dst id="DNVRng">1035.09066666667</dst>
            <dst id="HSTNng">18695.136</dst>
            <dst id="IPLSng">3827.05066666667</dst>
            <dst id="KSCYng">1288.912</dst>
            <dst id="LOSAng">2756.92533333333</dst>
            <dst id="NYCMng">2321.34933333333</dst>
            <dst id="SNVAng">26.6666666666667</dst>
            <dst id="STTLng">3126.41066666667</dst>
            <dst id="WASHng">12864.3813333333</dst>
        </src>
        <src id="IPLSng">
            <dst id="ATLA-M5">32.5973333333333</dst>
            <dst id="ATLAng">79445.2266666667</dst>
            <dst id="CHINng">69304.7893333333</dst>
            <dst id="DNVRng">11128.5813333333</dst>
            <dst id="HSTNng">9040.78133333333</dst>
            <dst id="IPLSng">30601.544</dst>
            <dst id="KSCYng">11295.152</dst>
            <dst id="LOSAng">16028.52</dst>
            <dst id="NYCMng">24279.9813333333</dst>
            <dst id="SNVAng">2968.816</dst>
            <dst id="STTLng">9437.51733333333</dst>
            <dst id="WASHng">18624.6133333333</dst>
        </src>
        <src id="KSCYng">
            <dst id="ATLA-M5">80</dst>
            <dst id="ATLAng">2510.90133333333</dst>
            <dst id="CHINng">15487.216</dst>
            <dst id="DNVRng">12488.4453333333</dst>
            <dst id="HSTNng">11738.4586666667</dst>
            <dst id="IPLSng">15912.84</dst>
            <dst id="KSCYng">5635.17333333333</dst>
            <dst id="LOSAng">9222.544</dst>
            <dst id="NYCMng">2790.91466666667</dst>
            <dst id="SNVAng">4327.336</dst>
            <dst id="STTLng">4072.06133333333</dst>
            <dst id="WASHng">12274.9333333333</dst>
        </src>
        <src id="LOSAng">
            <dst id="ATLA-M5">938.090666666667</dst>
            <dst id="ATLAng">23104.912</dst>
            <dst id="CHINng">82662.624</dst>
            <dst id="DNVRng">40201.8613333333</dst>
            <dst id="HSTNng">5229.69066666667</dst>
            <dst id="IPLSng">28016.6906666667</dst>
            <dst id="KSCYng">7275.944</dst>
            <dst id="LOSAng">17185.656</dst>
            <dst id="NYCMng">32492.448</dst>
            <dst id="SNVAng">38025.448</dst>
            <dst id="STTLng">28098.8613333333</dst>
            <dst id="WASHng">32940.1733333333</dst>
        </src>
        <src id="NYCMng">
            <dst id="ATLA-M5">922.621333333333</dst>
            <dst id="ATLAng">26670.1466666667</dst>
            <dst id="CHINng">20002.704</dst>
            <dst id="DNVRng">38847.8346666667</dst>
            <dst id="HSTNng">12580.672</dst>
            <dst id="IPLSng">38063.496</dst>
            <dst id="KSCYng">7704.83466666667</dst>
            <dst id="LOSAng">86532.8053333333</dst>
            <dst id="NYCMng">115234.728</dst>
            <dst id="SNVAng">7891.072</dst>
            <dst id="STTLng">29727.4586666667</dst>
            <dst id="WASHng">71858.1253333333</dst>
        </src>
        <src id="SNVAng">
            <dst id="ATLA-M5">0</dst>
            <dst id="ATLAng">80</dst>
            <dst id="CHINng">138.048</dst>
            <dst id="DNVRng">6288.072</dst>
            <dst id="HSTNng">56</dst>
            <dst id="IPLSng">241.413333333333</dst>
            <dst id="KSCYng">725.802666666667</dst>
            <dst id="LOSAng">35451.7253333333</dst>
            <dst id="NYCMng">496.597333333333</dst>
            <dst id="SNVAng">8533.24533333334</dst>
            <dst id="STTLng">31202.152</dst>
            <dst id="WASHng">26.6666666666667</dst>
        </src>
        <src id="STTLng">
            <dst id="ATLA-M5">53.3333333333333</dst>
            <dst id="ATLAng">11774.264</dst>
            <dst id="CHINng">12818.8053333333</dst>
            <dst id="DNVRng">4386.79466666667</dst>
            <dst id="HSTNng">4349.232</dst>
            <dst id="IPLSng">14604.3626666667</dst>
            <dst id="KSCYng">3651.424</dst>
            <dst id="LOSAng">27756.2186666667</dst>
            <dst id="NYCMng">11202.792</dst>
            <dst id="SNVAng">12262.3466666667</dst>
            <dst id="STTLng">5805.104</dst>
            <dst id="WASHng">6009.84533333334</dst>
        </src>
        <src id="WASHng">
            <dst id="ATLA-M5">89.552</dst>
            <dst id="ATLAng">133713.621333333</dst>
            <dst id="CHINng">60565.72</dst>
            <dst id="DNVRng">85262.0373333333</dst>
            <dst id="HSTNng">18932.8453333333</dst>
            <dst id="IPLSng">67259.3066666667</dst>
            <dst id="KSCYng">12430.2506666667</dst>
            <dst id="LOSAng">65649.9973333333</dst>
            <dst id="NYCMng">121891.490666667</dst>
            <dst id="SNVAng">14520.08</dst>
            <dst id="STTLng">43888.2666666667</dst>
            <dst id="WASHng">224310.146666667</dst>
        </src>
    </IntraTM>
</TrafficMatrixFile>
