<?xml version="1.0" encoding="ISO-8859-1" standalone="yes"?>
<TrafficMatrixFile xsi:noNamespaceSchemaLocation="http://totem.run.montefiore.ulg.ac.be/Schema/TrafficMatrix-v1_2.xsd" xmlns:xsi="http://www.w3.org/2001/XMLSchema-instance">
    <IntraTM ASID="11537">
        <src id="ATLA-M5">
            <dst id="ATLA-M5">0</dst>
            <dst id="ATLAng">80</dst>
            <dst id="CHINng">913.085333333333</dst>
            <dst id="DNVRng">80</dst>
            <dst id="HSTNng">71.7573333333333</dst>
            <dst id="IPLSng">156</dst>
            <dst id="KSCYng">186.706666666667</dst>
            <dst id="LOSAng">80</dst>
            <dst id="NYCMng">717.712</dst>
            <dst id="SNVAng">0</dst>
            <dst id="STTLng">238.549333333333</dst>
            <dst id="WASHng">926.32</dst>
        </src>
        <src id="ATLAng">
            <dst id="ATLA-M5">455.8</dst>
            <dst id="ATLAng">27701.928</dst>
            <dst id="CHINng">9685.32</dst>
            <dst id="DNVRng">3218.16</dst>
            <dst id="HSTNng">9360.13333333334</dst>
            <dst id="IPLSng">27909.0453333333</dst>
            <dst id="KSCYng">4775.95466666667</dst>
            <dst id="LOSAng">16042.2333333333</dst>
            <dst id="NYCMng">5028.824</dst>
            <dst id="SNVAng">593.908</dst>
            <dst id="STTLng">5493.46666666667</dst>
            <dst id="WASHng">25766.0666666667</dst>
        </src>
        <src id="CHINng">
            <dst id="ATLA-M5">3007.24533333333</dst>
            <dst id="ATLAng">18761.312</dst>
            <dst id="CHINng">64015.0933333333</dst>
            <dst id="DNVRng">12266.7866666667</dst>
            <dst id="HSTNng">17135.9946666667</dst>
            <dst id="IPLSng">49493.1653333333</dst>
            <dst id="KSCYng">8497.61066666666</dst>
            <dst id="LOSAng">57670.2053333333</dst>
            <dst id="NYCMng">10668.9013333333</dst>
            <dst id="SNVAng">8156.64533333333</dst>
            <dst id="STTLng">11746.4053333333</dst>
            <dst id="WASHng">22464.1413333333</dst>
        </src>
        <src id="DNVRng">
            <dst id="ATLA-M5">144.053333333333</dst>
            <dst id="ATLAng">10763.056</dst>
            <dst id="CHINng">32643.5066666667</dst>
            <dst id="DNVRng">9362.51733333333</dst>
            <dst id="HSTNng">14065.9413333333</dst>
            <dst id="IPLSng">28751.2773333333</dst>
            <dst id="KSCYng">12659.0773333333</dst>
            <dst id="LOSAng">25645.384</dst>
            <dst id="NYCMng">12120.064</dst>
            <dst id="SNVAng">8928.89866666667</dst>
            <dst id="STTLng">17755.048</dst>
            <dst id="WASHng">49107.2293333333</dst>
        </src>
        <src id="HSTNng">
            <dst id="ATLA-M5">385.482666666667</dst>
            <dst id="ATLAng">8413.71733333333</dst>
            <dst id="CHINng">8662.18933333333</dst>
            <dst id="DNVRng">1256.016</dst>
            <dst id="HSTNng">16345.7626666667</dst>
            <dst id="IPLSng">2545.216</dst>
            <dst id="KSCYng">2419.984</dst>
            <dst id="LOSAng">14661.5146666667</dst>
            <dst id="NYCMng">3341.264</dst>
            <dst id="SNVAng">26.6666666666667</dst>
            <dst id="STTLng">1474.77866666667</dst>
            <dst id="WASHng">13058.568</dst>
        </src>
        <src id="IPLSng">
            <dst id="ATLA-M5">100.922666666667</dst>
            <dst id="ATLAng">16427.768</dst>
            <dst id="CHINng">78214.9466666666</dst>
            <dst id="DNVRng">10252.3253333333</dst>
            <dst id="HSTNng">3738.24533333333</dst>
            <dst id="IPLSng">18180.4533333333</dst>
            <dst id="KSCYng">5153.328</dst>
            <dst id="LOSAng">26604.5706666667</dst>
            <dst id="NYCMng">32315.5653333333</dst>
            <dst id="SNVAng">1246.752</dst>
            <dst id="STTLng">9068.03733333333</dst>
            <dst id="WASHng">20798.8986666667</dst>
        </src>
        <src id="KSCYng">
            <dst id="ATLA-M5">719.594666666667</dst>
            <dst id="ATLAng">3526.58933333333</dst>
            <dst id="CHINng">15348.4773333333</dst>
            <dst id="DNVRng">9848.56266666666</dst>
            <dst id="HSTNng">3836.93066666667</dst>
            <dst id="IPLSng">11276.696</dst>
            <dst id="KSCYng">9752.77866666667</dst>
            <dst id="LOSAng">6303.83466666667</dst>
            <dst id="NYCMng">3543.81866666667</dst>
            <dst id="SNVAng">2901.01333333333</dst>
            <dst id="STTLng">5066.24</dst>
            <dst id="WASHng">15871.9573333333</dst>
        </src>
        <src id="LOSAng">
            <dst id="ATLA-M5">188.664</dst>
            <dst id="ATLAng">23733.4826666667</dst>
            <dst id="CHINng">484763.76</dst>
            <dst id="DNVRng">28923.3813333333</dst>
            <dst id="HSTNng">13388.744</dst>
            <dst id="IPLSng">13084.9306666667</dst>
            <dst id="KSCYng">4004.23733333333</dst>
            <dst id="LOSAng">18677.0586666667</dst>
            <dst id="NYCMng">34104.736</dst>
            <dst id="SNVAng">31886.912</dst>
            <dst id="STTLng">40776.2026666667</dst>
            <dst id="WASHng">40177.4773333333</dst>
        </src>
        <src id="NYCMng">
            <dst id="ATLA-M5">4960.18666666667</dst>
            <dst id="ATLAng">23214.808</dst>
            <dst id="CHINng">14248.6373333333</dst>
            <dst id="DNVRng">28909.7386666667</dst>
            <dst id="HSTNng">15643.4853333333</dst>
            <dst id="IPLSng">24085.2666666667</dst>
            <dst id="KSCYng">16226.712</dst>
            <dst id="LOSAng">80465.304</dst>
            <dst id="NYCMng">101173.437333333</dst>
            <dst id="SNVAng">5127.82133333333</dst>
            <dst id="STTLng">23523.8853333333</dst>
            <dst id="WASHng">59064.0666666667</dst>
        </src>
        <src id="SNVAng">
            <dst id="ATLA-M5">0</dst>
            <dst id="ATLAng">196.981333333333</dst>
            <dst id="CHINng">26.6666666666667</dst>
            <dst id="DNVRng">5512.45066666667</dst>
            <dst id="HSTNng">1896.42666666667</dst>
            <dst id="IPLSng">256.205333333333</dst>
            <dst id="KSCYng">0</dst>
            <dst id="LOSAng">40725.1013333333</dst>
            <dst id="NYCMng">315.445333333333</dst>
            <dst id="SNVAng">9620.25866666667</dst>
            <dst id="STTLng">31727.8293333333</dst>
            <dst id="WASHng">552.106666666667</dst>
        </src>
        <src id="STTLng">
            <dst id="ATLA-M5">189.677333333333</dst>
            <dst id="ATLAng">10074.2133333333</dst>
            <dst id="CHINng">16938.792</dst>
            <dst id="DNVRng">4300.13866666667</dst>
            <dst id="HSTNng">6205.25333333333</dst>
            <dst id="IPLSng">5247.64266666667</dst>
            <dst id="KSCYng">7891.096</dst>
            <dst id="LOSAng">23000.408</dst>
            <dst id="NYCMng">10774.8666666667</dst>
            <dst id="SNVAng">4166.89333333333</dst>
            <dst id="STTLng">11850.536</dst>
            <dst id="WASHng">13764.1066666667</dst>
        </src>
        <src id="WASHng">
            <dst id="ATLA-M5">390.205333333333</dst>
            <dst id="ATLAng">77302.2773333333</dst>
            <dst id="CHINng">52939.4853333333</dst>
            <dst id="DNVRng">72571.824</dst>
            <dst id="HSTNng">30804.656</dst>
            <dst id="IPLSng">50394.44</dst>
            <dst id="KSCYng">12968.696</dst>
            <dst id="LOSAng">64282.864</dst>
            <dst id="NYCMng">127868.304</dst>
            <dst id="SNVAng">12071.5013333333</dst>
            <dst id="STTLng">54746.248</dst>
            <dst id="WASHng">230938.058666667</dst>
        </src>
    </IntraTM>
</TrafficMatrixFile>
