<?xml version="1.0" encoding="ISO-8859-1" standalone="yes"?>
<TrafficMatrixFile xsi:noNamespaceSchemaLocation="http://totem.run.montefiore.ulg.ac.be/Schema/TrafficMatrix-v1_2.xsd" xmlns:xsi="http://www.w3.org/2001/XMLSchema-instance">
    <IntraTM ASID="11537">
        <src id="ATLA-M5">
            <dst id="ATLA-M5">131.490666666667</dst>
            <dst id="ATLAng">146.002666666667</dst>
            <dst id="CHINng">281.629333333333</dst>
            <dst id="DNVRng">26.6666666666667</dst>
            <dst id="HSTNng">26.6666666666667</dst>
            <dst id="IPLSng">123.744</dst>
            <dst id="KSCYng">420.082666666667</dst>
            <dst id="LOSAng">245.136</dst>
            <dst id="NYCMng">110.752</dst>
            <dst id="SNVAng">28.624</dst>
            <dst id="STTLng">100.042666666667</dst>
            <dst id="WASHng">846.032</dst>
        </src>
        <src id="ATLAng">
            <dst id="ATLA-M5">2896.87733333333</dst>
            <dst id="ATLAng">33776.1146666667</dst>
            <dst id="CHINng">21288.6666666667</dst>
            <dst id="DNVRng">9159.29333333333</dst>
            <dst id="HSTNng">7420.05866666667</dst>
            <dst id="IPLSng">19374.6746666667</dst>
            <dst id="KSCYng">6086.64</dst>
            <dst id="LOSAng">10099.5106666667</dst>
            <dst id="NYCMng">17277.336</dst>
            <dst id="SNVAng">1439.56133333333</dst>
            <dst id="STTLng">8403.25066666667</dst>
            <dst id="WASHng">77093.7093333333</dst>
        </src>
        <src id="CHINng">
            <dst id="ATLA-M5">615.133333333333</dst>
            <dst id="ATLAng">25414.0213333333</dst>
            <dst id="CHINng">58992.264</dst>
            <dst id="DNVRng">12924.4426666667</dst>
            <dst id="HSTNng">22508.9013333333</dst>
            <dst id="IPLSng">35221.408</dst>
            <dst id="KSCYng">16475.9946666667</dst>
            <dst id="LOSAng">30249.3226666667</dst>
            <dst id="NYCMng">13467.72</dst>
            <dst id="SNVAng">15335.9653333333</dst>
            <dst id="STTLng">6885.62933333333</dst>
            <dst id="WASHng">19489.0186666667</dst>
        </src>
        <src id="DNVRng">
            <dst id="ATLA-M5">347.082666666667</dst>
            <dst id="ATLAng">15570.88</dst>
            <dst id="CHINng">62906.688</dst>
            <dst id="DNVRng">15439.6293333333</dst>
            <dst id="HSTNng">10671.4453333333</dst>
            <dst id="IPLSng">48603.7146666667</dst>
            <dst id="KSCYng">30482.9893333333</dst>
            <dst id="LOSAng">17839.1386666667</dst>
            <dst id="NYCMng">18898.104</dst>
            <dst id="SNVAng">15697.3146666667</dst>
            <dst id="STTLng">13047.0426666667</dst>
            <dst id="WASHng">45524.672</dst>
        </src>
        <src id="HSTNng">
            <dst id="ATLA-M5">240.693333333333</dst>
            <dst id="ATLAng">7549.168</dst>
            <dst id="CHINng">16422.8373333333</dst>
            <dst id="DNVRng">621.325333333333</dst>
            <dst id="HSTNng">3516.28266666667</dst>
            <dst id="IPLSng">2849.42133333333</dst>
            <dst id="KSCYng">1774.064</dst>
            <dst id="LOSAng">10437.6506666667</dst>
            <dst id="NYCMng">2959.23466666667</dst>
            <dst id="SNVAng">69.4933333333333</dst>
            <dst id="STTLng">392.157333333333</dst>
            <dst id="WASHng">2407.50666666667</dst>
        </src>
        <src id="IPLSng">
            <dst id="ATLA-M5">161.714666666667</dst>
            <dst id="ATLAng">21649.4426666667</dst>
            <dst id="CHINng">97743.9653333333</dst>
            <dst id="DNVRng">16993.208</dst>
            <dst id="HSTNng">9197.49866666666</dst>
            <dst id="IPLSng">42064.1066666667</dst>
            <dst id="KSCYng">8270.50133333333</dst>
            <dst id="LOSAng">26294.2586666667</dst>
            <dst id="NYCMng">60789.6613333333</dst>
            <dst id="SNVAng">2377.92533333333</dst>
            <dst id="STTLng">13874.0053333333</dst>
            <dst id="WASHng">21333.304</dst>
        </src>
        <src id="KSCYng">
            <dst id="ATLA-M5">189.984</dst>
            <dst id="ATLAng">11929.496</dst>
            <dst id="CHINng">20544.9173333333</dst>
            <dst id="DNVRng">10660.7893333333</dst>
            <dst id="HSTNng">3040.216</dst>
            <dst id="IPLSng">15287.0213333333</dst>
            <dst id="KSCYng">4913.64</dst>
            <dst id="LOSAng">8644.07466666667</dst>
            <dst id="NYCMng">2424.70133333333</dst>
            <dst id="SNVAng">2436.66133333333</dst>
            <dst id="STTLng">3919.176</dst>
            <dst id="WASHng">30771.0773333333</dst>
        </src>
        <src id="LOSAng">
            <dst id="ATLA-M5">714.381333333333</dst>
            <dst id="ATLAng">28095.752</dst>
            <dst id="CHINng">119371.549333333</dst>
            <dst id="DNVRng">48953.6826666667</dst>
            <dst id="HSTNng">4699.064</dst>
            <dst id="IPLSng">47633.2506666667</dst>
            <dst id="KSCYng">12069.1306666667</dst>
            <dst id="LOSAng">8772.34666666667</dst>
            <dst id="NYCMng">38133.8293333333</dst>
            <dst id="SNVAng">17628.648</dst>
            <dst id="STTLng">23340.456</dst>
            <dst id="WASHng">41365.1226666667</dst>
        </src>
        <src id="NYCMng">
            <dst id="ATLA-M5">519.504</dst>
            <dst id="ATLAng">35783.9733333333</dst>
            <dst id="CHINng">23863.3493333333</dst>
            <dst id="DNVRng">48947.792</dst>
            <dst id="HSTNng">20222.6693333333</dst>
            <dst id="IPLSng">47616.5893333333</dst>
            <dst id="KSCYng">12908.8693333333</dst>
            <dst id="LOSAng">78994.1093333334</dst>
            <dst id="NYCMng">140132.346666667</dst>
            <dst id="SNVAng">7303.66133333333</dst>
            <dst id="STTLng">45186.8533333333</dst>
            <dst id="WASHng">71222.6586666667</dst>
        </src>
        <src id="SNVAng">
            <dst id="ATLA-M5">26.6666666666667</dst>
            <dst id="ATLAng">112.504</dst>
            <dst id="CHINng">138.389333333333</dst>
            <dst id="DNVRng">4956.63733333333</dst>
            <dst id="HSTNng">67.136</dst>
            <dst id="IPLSng">3323.08533333333</dst>
            <dst id="KSCYng">26.6666666666667</dst>
            <dst id="LOSAng">43474.144</dst>
            <dst id="NYCMng">381.397333333333</dst>
            <dst id="SNVAng">6755.89066666667</dst>
            <dst id="STTLng">27866.7893333333</dst>
            <dst id="WASHng">407.616</dst>
        </src>
        <src id="STTLng">
            <dst id="ATLA-M5">634.4</dst>
            <dst id="ATLAng">15375.576</dst>
            <dst id="CHINng">24714.3173333333</dst>
            <dst id="DNVRng">7233.21066666667</dst>
            <dst id="HSTNng">2314.688</dst>
            <dst id="IPLSng">11202.6106666667</dst>
            <dst id="KSCYng">5330.57066666667</dst>
            <dst id="LOSAng">31351.6213333333</dst>
            <dst id="NYCMng">14852.3173333333</dst>
            <dst id="SNVAng">6335.072</dst>
            <dst id="STTLng">5580.48</dst>
            <dst id="WASHng">24430.912</dst>
        </src>
        <src id="WASHng">
            <dst id="ATLA-M5">4922.90933333333</dst>
            <dst id="ATLAng">93789.6133333333</dst>
            <dst id="CHINng">60881.6026666667</dst>
            <dst id="DNVRng">105294.688</dst>
            <dst id="HSTNng">17641.176</dst>
            <dst id="IPLSng">72863.8666666667</dst>
            <dst id="KSCYng">21632.128</dst>
            <dst id="LOSAng">54634.3226666667</dst>
            <dst id="NYCMng">162696.448</dst>
            <dst id="SNVAng">22212.7173333333</dst>
            <dst id="STTLng">44648</dst>
            <dst id="WASHng">288593.173333333</dst>
        </src>
    </IntraTM>
</TrafficMatrixFile>
