<?xml version="1.0" encoding="ISO-8859-1" standalone="yes"?>
<TrafficMatrixFile xsi:noNamespaceSchemaLocation="http://totem.run.montefiore.ulg.ac.be/Schema/TrafficMatrix-v1_2.xsd" xmlns:xsi="http://www.w3.org/2001/XMLSchema-instance">
    <IntraTM ASID="11537">
        <src id="ATLA-M5">
            <dst id="ATLA-M5">0</dst>
            <dst id="ATLAng">60.7146666666667</dst>
            <dst id="CHINng">128.130666666667</dst>
            <dst id="DNVRng">0</dst>
            <dst id="HSTNng">538.04</dst>
            <dst id="IPLSng">26.6666666666667</dst>
            <dst id="KSCYng">26.6666666666667</dst>
            <dst id="LOSAng">137.12</dst>
            <dst id="NYCMng">26.6666666666667</dst>
            <dst id="SNVAng">0</dst>
            <dst id="STTLng">0</dst>
            <dst id="WASHng">838.765333333333</dst>
        </src>
        <src id="ATLAng">
            <dst id="ATLA-M5">167.565333333333</dst>
            <dst id="ATLAng">6517.07733333333</dst>
            <dst id="CHINng">2807.74933333333</dst>
            <dst id="DNVRng">1684.68533333333</dst>
            <dst id="HSTNng">1289.296</dst>
            <dst id="IPLSng">24501.4826666667</dst>
            <dst id="KSCYng">2681.384</dst>
            <dst id="LOSAng">6426.42666666667</dst>
            <dst id="NYCMng">5579.888</dst>
            <dst id="SNVAng">397.765333333333</dst>
            <dst id="STTLng">10992.608</dst>
            <dst id="WASHng">45635.176</dst>
        </src>
        <src id="CHINng">
            <dst id="ATLA-M5">60.8746666666667</dst>
            <dst id="ATLAng">9104.096</dst>
            <dst id="CHINng">53557.0426666667</dst>
            <dst id="DNVRng">7735.832</dst>
            <dst id="HSTNng">5676.40266666667</dst>
            <dst id="IPLSng">42887.072</dst>
            <dst id="KSCYng">4020.14933333333</dst>
            <dst id="LOSAng">33596.6453333333</dst>
            <dst id="NYCMng">7951.14666666667</dst>
            <dst id="SNVAng">404.64</dst>
            <dst id="STTLng">3553.34133333333</dst>
            <dst id="WASHng">26515.16</dst>
        </src>
        <src id="DNVRng">
            <dst id="ATLA-M5">378.298666666667</dst>
            <dst id="ATLAng">4012.34933333333</dst>
            <dst id="CHINng">57123.1866666667</dst>
            <dst id="DNVRng">3490.632</dst>
            <dst id="HSTNng">13498.48</dst>
            <dst id="IPLSng">35559.4586666667</dst>
            <dst id="KSCYng">14302.0826666667</dst>
            <dst id="LOSAng">10478.112</dst>
            <dst id="NYCMng">19357.584</dst>
            <dst id="SNVAng">7542.06133333333</dst>
            <dst id="STTLng">10178.72</dst>
            <dst id="WASHng">41228.7066666667</dst>
        </src>
        <src id="HSTNng">
            <dst id="ATLA-M5">1704.008</dst>
            <dst id="ATLAng">1969.784</dst>
            <dst id="CHINng">9028.272</dst>
            <dst id="DNVRng">1200.70933333333</dst>
            <dst id="HSTNng">15976.84</dst>
            <dst id="IPLSng">3860.32266666667</dst>
            <dst id="KSCYng">550.125333333333</dst>
            <dst id="LOSAng">2893.29066666667</dst>
            <dst id="NYCMng">1437.904</dst>
            <dst id="SNVAng">80</dst>
            <dst id="STTLng">5701.57333333333</dst>
            <dst id="WASHng">8378.38933333333</dst>
        </src>
        <src id="IPLSng">
            <dst id="ATLA-M5">26.6666666666667</dst>
            <dst id="ATLAng">13797.6373333333</dst>
            <dst id="CHINng">53487.1573333333</dst>
            <dst id="DNVRng">9636.14666666667</dst>
            <dst id="HSTNng">1409.80266666667</dst>
            <dst id="IPLSng">4758.62666666667</dst>
            <dst id="KSCYng">5227.54933333333</dst>
            <dst id="LOSAng">11433.6533333333</dst>
            <dst id="NYCMng">21310.808</dst>
            <dst id="SNVAng">503.184</dst>
            <dst id="STTLng">10086.0853333333</dst>
            <dst id="WASHng">14764.4453333333</dst>
        </src>
        <src id="KSCYng">
            <dst id="ATLA-M5">0</dst>
            <dst id="ATLAng">4320.96</dst>
            <dst id="CHINng">14776.312</dst>
            <dst id="DNVRng">15473.288</dst>
            <dst id="HSTNng">2863.112</dst>
            <dst id="IPLSng">7027.97866666667</dst>
            <dst id="KSCYng">6550.85333333333</dst>
            <dst id="LOSAng">4269.02133333333</dst>
            <dst id="NYCMng">3815.50933333333</dst>
            <dst id="SNVAng">2079.38133333333</dst>
            <dst id="STTLng">6818.98933333333</dst>
            <dst id="WASHng">7024.74666666667</dst>
        </src>
        <src id="LOSAng">
            <dst id="ATLA-M5">63.976</dst>
            <dst id="ATLAng">8642.184</dst>
            <dst id="CHINng">119933.434666667</dst>
            <dst id="DNVRng">20082.0746666667</dst>
            <dst id="HSTNng">11661.424</dst>
            <dst id="IPLSng">11065.1093333333</dst>
            <dst id="KSCYng">2429.176</dst>
            <dst id="LOSAng">10699.3386666667</dst>
            <dst id="NYCMng">40625.9413333333</dst>
            <dst id="SNVAng">28311.9573333333</dst>
            <dst id="STTLng">34226.6426666667</dst>
            <dst id="WASHng">25710.824</dst>
        </src>
        <src id="NYCMng">
            <dst id="ATLA-M5">113.365333333333</dst>
            <dst id="ATLAng">28739.4773333333</dst>
            <dst id="CHINng">11944.4693333333</dst>
            <dst id="DNVRng">23412.352</dst>
            <dst id="HSTNng">4912.26933333333</dst>
            <dst id="IPLSng">21932.2853333333</dst>
            <dst id="KSCYng">17473.624</dst>
            <dst id="LOSAng">79793.376</dst>
            <dst id="NYCMng">67750.6773333333</dst>
            <dst id="SNVAng">1261.25066666667</dst>
            <dst id="STTLng">16280.208</dst>
            <dst id="WASHng">39877.7226666667</dst>
        </src>
        <src id="SNVAng">
            <dst id="ATLA-M5">0</dst>
            <dst id="ATLAng">26.6666666666667</dst>
            <dst id="CHINng">53.3333333333333</dst>
            <dst id="DNVRng">6258.36266666667</dst>
            <dst id="HSTNng">129.690666666667</dst>
            <dst id="IPLSng">216.896</dst>
            <dst id="KSCYng">26.6666666666667</dst>
            <dst id="LOSAng">34350.1973333333</dst>
            <dst id="NYCMng">287.952</dst>
            <dst id="SNVAng">7724.472</dst>
            <dst id="STTLng">31580.416</dst>
            <dst id="WASHng">53.3333333333333</dst>
        </src>
        <src id="STTLng">
            <dst id="ATLA-M5">0</dst>
            <dst id="ATLAng">9220.78933333334</dst>
            <dst id="CHINng">27229.7706666667</dst>
            <dst id="DNVRng">1560.81066666667</dst>
            <dst id="HSTNng">1560.84266666667</dst>
            <dst id="IPLSng">6928.10933333334</dst>
            <dst id="KSCYng">858.098666666667</dst>
            <dst id="LOSAng">12484.136</dst>
            <dst id="NYCMng">14998.8933333333</dst>
            <dst id="SNVAng">1136.44</dst>
            <dst id="STTLng">1170.664</dst>
            <dst id="WASHng">8165.74666666667</dst>
        </src>
        <src id="WASHng">
            <dst id="ATLA-M5">251.92</dst>
            <dst id="ATLAng">78501.6186666666</dst>
            <dst id="CHINng">38184.872</dst>
            <dst id="DNVRng">37487.6853333333</dst>
            <dst id="HSTNng">11608.328</dst>
            <dst id="IPLSng">45785.4693333333</dst>
            <dst id="KSCYng">4933.73866666667</dst>
            <dst id="LOSAng">70768.784</dst>
            <dst id="NYCMng">121773.997333333</dst>
            <dst id="SNVAng">6427.84266666667</dst>
            <dst id="STTLng">29175.5253333333</dst>
            <dst id="WASHng">352485.76</dst>
        </src>
    </IntraTM>
</TrafficMatrixFile>
