<?xml version="1.0" encoding="ISO-8859-1" standalone="yes"?>
<TrafficMatrixFile xsi:noNamespaceSchemaLocation="http://totem.run.montefiore.ulg.ac.be/Schema/TrafficMatrix-v1_2.xsd" xmlns:xsi="http://www.w3.org/2001/XMLSchema-instance">
    <IntraTM ASID="11537">
        <src id="ATLA-M5">
            <dst id="ATLA-M5">53.3333333333333</dst>
            <dst id="ATLAng">2035.40533333333</dst>
            <dst id="CHINng">96.008</dst>
            <dst id="DNVRng">0</dst>
            <dst id="HSTNng">68.6293333333333</dst>
            <dst id="IPLSng">113.309333333333</dst>
            <dst id="KSCYng">0</dst>
            <dst id="LOSAng">163.010666666667</dst>
            <dst id="NYCMng">80</dst>
            <dst id="SNVAng">0</dst>
            <dst id="STTLng">26.6666666666667</dst>
            <dst id="WASHng">1644.13066666667</dst>
        </src>
        <src id="ATLAng">
            <dst id="ATLA-M5">195.045333333333</dst>
            <dst id="ATLAng">44350.3093333334</dst>
            <dst id="CHINng">8648.43466666667</dst>
            <dst id="DNVRng">4105.89333333333</dst>
            <dst id="HSTNng">6573.576</dst>
            <dst id="IPLSng">22253.4026666667</dst>
            <dst id="KSCYng">2099.67466666667</dst>
            <dst id="LOSAng">12577.0986666667</dst>
            <dst id="NYCMng">5986.712</dst>
            <dst id="SNVAng">739.96</dst>
            <dst id="STTLng">7998.53333333333</dst>
            <dst id="WASHng">34008.6826666667</dst>
        </src>
        <src id="CHINng">
            <dst id="ATLA-M5">317.648</dst>
            <dst id="ATLAng">22017.9546666667</dst>
            <dst id="CHINng">55931.336</dst>
            <dst id="DNVRng">11889.344</dst>
            <dst id="HSTNng">13604.584</dst>
            <dst id="IPLSng">34012.0613333333</dst>
            <dst id="KSCYng">7974.17066666667</dst>
            <dst id="LOSAng">41381.3013333333</dst>
            <dst id="NYCMng">13944.016</dst>
            <dst id="SNVAng">5240.712</dst>
            <dst id="STTLng">18086.072</dst>
            <dst id="WASHng">33468.6586666667</dst>
        </src>
        <src id="DNVRng">
            <dst id="ATLA-M5">260.536</dst>
            <dst id="ATLAng">7577.87733333333</dst>
            <dst id="CHINng">51277.8613333333</dst>
            <dst id="DNVRng">16971.2133333333</dst>
            <dst id="HSTNng">19010.0053333333</dst>
            <dst id="IPLSng">51923.1653333333</dst>
            <dst id="KSCYng">30027.7973333333</dst>
            <dst id="LOSAng">15821.808</dst>
            <dst id="NYCMng">17677.672</dst>
            <dst id="SNVAng">20259.9146666667</dst>
            <dst id="STTLng">25710.7653333333</dst>
            <dst id="WASHng">42842.5173333333</dst>
        </src>
        <src id="HSTNng">
            <dst id="ATLA-M5">190.666666666667</dst>
            <dst id="ATLAng">6608.936</dst>
            <dst id="CHINng">14034.2293333333</dst>
            <dst id="DNVRng">2067.70133333333</dst>
            <dst id="HSTNng">16599.328</dst>
            <dst id="IPLSng">4130.656</dst>
            <dst id="KSCYng">1466.40266666667</dst>
            <dst id="LOSAng">2638.93866666667</dst>
            <dst id="NYCMng">2863.72266666667</dst>
            <dst id="SNVAng">0</dst>
            <dst id="STTLng">10086.2746666667</dst>
            <dst id="WASHng">5067.96</dst>
        </src>
        <src id="IPLSng">
            <dst id="ATLA-M5">136.056</dst>
            <dst id="ATLAng">47942.008</dst>
            <dst id="CHINng">111824.504</dst>
            <dst id="DNVRng">23879.808</dst>
            <dst id="HSTNng">4493.69066666667</dst>
            <dst id="IPLSng">29358.6426666667</dst>
            <dst id="KSCYng">5559.848</dst>
            <dst id="LOSAng">23574.824</dst>
            <dst id="NYCMng">22008.4346666667</dst>
            <dst id="SNVAng">3370.32266666667</dst>
            <dst id="STTLng">7381.952</dst>
            <dst id="WASHng">19547.8053333333</dst>
        </src>
        <src id="KSCYng">
            <dst id="ATLA-M5">57.2373333333333</dst>
            <dst id="ATLAng">4460.24533333333</dst>
            <dst id="CHINng">12063.6373333333</dst>
            <dst id="DNVRng">12121.152</dst>
            <dst id="HSTNng">5101.57066666667</dst>
            <dst id="IPLSng">16329.6053333333</dst>
            <dst id="KSCYng">12588.4346666667</dst>
            <dst id="LOSAng">8515.44266666667</dst>
            <dst id="NYCMng">3477.81066666667</dst>
            <dst id="SNVAng">5501.92</dst>
            <dst id="STTLng">4153.18133333333</dst>
            <dst id="WASHng">12789.928</dst>
        </src>
        <src id="LOSAng">
            <dst id="ATLA-M5">576.04</dst>
            <dst id="ATLAng">23205.1013333333</dst>
            <dst id="CHINng">83913.408</dst>
            <dst id="DNVRng">40437.8773333333</dst>
            <dst id="HSTNng">6939.52533333333</dst>
            <dst id="IPLSng">27106.5013333333</dst>
            <dst id="KSCYng">15026.8533333333</dst>
            <dst id="LOSAng">24367.6906666667</dst>
            <dst id="NYCMng">35286.6666666667</dst>
            <dst id="SNVAng">31448.168</dst>
            <dst id="STTLng">26147.408</dst>
            <dst id="WASHng">94105.68</dst>
        </src>
        <src id="NYCMng">
            <dst id="ATLA-M5">701.346666666667</dst>
            <dst id="ATLAng">34135.6746666667</dst>
            <dst id="CHINng">23604.488</dst>
            <dst id="DNVRng">45406.48</dst>
            <dst id="HSTNng">12162.3173333333</dst>
            <dst id="IPLSng">29810.0133333333</dst>
            <dst id="KSCYng">10519.632</dst>
            <dst id="LOSAng">94808.216</dst>
            <dst id="NYCMng">132514.237333333</dst>
            <dst id="SNVAng">9563.69866666667</dst>
            <dst id="STTLng">27082.28</dst>
            <dst id="WASHng">75793.192</dst>
        </src>
        <src id="SNVAng">
            <dst id="ATLA-M5">0</dst>
            <dst id="ATLAng">91.92</dst>
            <dst id="CHINng">53.3333333333333</dst>
            <dst id="DNVRng">12140.848</dst>
            <dst id="HSTNng">26.6666666666667</dst>
            <dst id="IPLSng">9374.376</dst>
            <dst id="KSCYng">1084.84533333333</dst>
            <dst id="LOSAng">32714.7306666667</dst>
            <dst id="NYCMng">321.056</dst>
            <dst id="SNVAng">11302.3333333333</dst>
            <dst id="STTLng">31596.1013333333</dst>
            <dst id="WASHng">152.112</dst>
        </src>
        <src id="STTLng">
            <dst id="ATLA-M5">87.536</dst>
            <dst id="ATLAng">14795.4213333333</dst>
            <dst id="CHINng">13113.9173333333</dst>
            <dst id="DNVRng">5983.26133333333</dst>
            <dst id="HSTNng">5273.608</dst>
            <dst id="IPLSng">11968.2746666667</dst>
            <dst id="KSCYng">2969.256</dst>
            <dst id="LOSAng">28636.7973333333</dst>
            <dst id="NYCMng">10425.5493333333</dst>
            <dst id="SNVAng">10311.664</dst>
            <dst id="STTLng">6903.304</dst>
            <dst id="WASHng">8394.84266666667</dst>
        </src>
        <src id="WASHng">
            <dst id="ATLA-M5">224.32</dst>
            <dst id="ATLAng">95661.1466666667</dst>
            <dst id="CHINng">66921.264</dst>
            <dst id="DNVRng">100529.68</dst>
            <dst id="HSTNng">28366.8293333333</dst>
            <dst id="IPLSng">65224.0533333333</dst>
            <dst id="KSCYng">13858.8613333333</dst>
            <dst id="LOSAng">73556.112</dst>
            <dst id="NYCMng">138144.282666667</dst>
            <dst id="SNVAng">21969.2506666667</dst>
            <dst id="STTLng">45626.4773333333</dst>
            <dst id="WASHng">251799.229333333</dst>
        </src>
    </IntraTM>
</TrafficMatrixFile>
