<?xml version="1.0" encoding="ISO-8859-1" standalone="yes"?>
<TrafficMatrixFile xsi:noNamespaceSchemaLocation="http://totem.run.montefiore.ulg.ac.be/Schema/TrafficMatrix-v1_2.xsd" xmlns:xsi="http://www.w3.org/2001/XMLSchema-instance">
    <IntraTM ASID="11537">
        <src id="ATLA-M5">
            <dst id="ATLA-M5">276.253333333333</dst>
            <dst id="ATLAng">1870.368</dst>
            <dst id="CHINng">953.896</dst>
            <dst id="DNVRng">0</dst>
            <dst id="HSTNng">53.3333333333333</dst>
            <dst id="IPLSng">145.333333333333</dst>
            <dst id="KSCYng">541.861333333333</dst>
            <dst id="LOSAng">90.3626666666667</dst>
            <dst id="NYCMng">100.92</dst>
            <dst id="SNVAng">0</dst>
            <dst id="STTLng">82.9786666666667</dst>
            <dst id="WASHng">215.797333333333</dst>
        </src>
        <src id="ATLAng">
            <dst id="ATLA-M5">358.042666666667</dst>
            <dst id="ATLAng">28795.5733333333</dst>
            <dst id="CHINng">4502.90666666667</dst>
            <dst id="DNVRng">5882.592</dst>
            <dst id="HSTNng">11634.9466666667</dst>
            <dst id="IPLSng">13673.6666666667</dst>
            <dst id="KSCYng">768.789333333334</dst>
            <dst id="LOSAng">14307.5613333333</dst>
            <dst id="NYCMng">5593.33333333333</dst>
            <dst id="SNVAng">98.8786666666667</dst>
            <dst id="STTLng">5893.33866666667</dst>
            <dst id="WASHng">33862.6293333333</dst>
        </src>
        <src id="CHINng">
            <dst id="ATLA-M5">822.768</dst>
            <dst id="ATLAng">14902.9573333333</dst>
            <dst id="CHINng">46900.928</dst>
            <dst id="DNVRng">6772.37333333333</dst>
            <dst id="HSTNng">11518.856</dst>
            <dst id="IPLSng">30451.0293333333</dst>
            <dst id="KSCYng">6027.05333333333</dst>
            <dst id="LOSAng">52137.7146666667</dst>
            <dst id="NYCMng">11207.888</dst>
            <dst id="SNVAng">4200.31466666667</dst>
            <dst id="STTLng">5963.61066666667</dst>
            <dst id="WASHng">24067.832</dst>
        </src>
        <src id="DNVRng">
            <dst id="ATLA-M5">233.328</dst>
            <dst id="ATLAng">9943.17333333333</dst>
            <dst id="CHINng">45703.192</dst>
            <dst id="DNVRng">12373.2693333333</dst>
            <dst id="HSTNng">16257.056</dst>
            <dst id="IPLSng">18612.4506666667</dst>
            <dst id="KSCYng">17982.8293333333</dst>
            <dst id="LOSAng">24774.456</dst>
            <dst id="NYCMng">18115.7653333333</dst>
            <dst id="SNVAng">7463.70933333333</dst>
            <dst id="STTLng">20246.5706666667</dst>
            <dst id="WASHng">42122.1333333333</dst>
        </src>
        <src id="HSTNng">
            <dst id="ATLA-M5">1023.12</dst>
            <dst id="ATLAng">5305.93866666667</dst>
            <dst id="CHINng">8651.91733333333</dst>
            <dst id="DNVRng">1234.46133333333</dst>
            <dst id="HSTNng">14741.792</dst>
            <dst id="IPLSng">3283.92</dst>
            <dst id="KSCYng">1472.208</dst>
            <dst id="LOSAng">37189.112</dst>
            <dst id="NYCMng">4147.19733333333</dst>
            <dst id="SNVAng">0</dst>
            <dst id="STTLng">901.24</dst>
            <dst id="WASHng">8074.97066666667</dst>
        </src>
        <src id="IPLSng">
            <dst id="ATLA-M5">0</dst>
            <dst id="ATLAng">15289.6746666667</dst>
            <dst id="CHINng">48463.656</dst>
            <dst id="DNVRng">10220.6026666667</dst>
            <dst id="HSTNng">964.736</dst>
            <dst id="IPLSng">14332.4426666667</dst>
            <dst id="KSCYng">4113.70666666667</dst>
            <dst id="LOSAng">24344.2666666667</dst>
            <dst id="NYCMng">26208.1946666667</dst>
            <dst id="SNVAng">2733.46666666667</dst>
            <dst id="STTLng">10398.928</dst>
            <dst id="WASHng">7420.38666666667</dst>
        </src>
        <src id="KSCYng">
            <dst id="ATLA-M5">1745.86133333333</dst>
            <dst id="ATLAng">3727.144</dst>
            <dst id="CHINng">11373.152</dst>
            <dst id="DNVRng">9290.16</dst>
            <dst id="HSTNng">4186.48</dst>
            <dst id="IPLSng">13427.768</dst>
            <dst id="KSCYng">11814.384</dst>
            <dst id="LOSAng">9710.73066666666</dst>
            <dst id="NYCMng">2332.72533333333</dst>
            <dst id="SNVAng">2588.78933333333</dst>
            <dst id="STTLng">4802.42133333333</dst>
            <dst id="WASHng">15145.6986666667</dst>
        </src>
        <src id="LOSAng">
            <dst id="ATLA-M5">235.717333333333</dst>
            <dst id="ATLAng">21122.2</dst>
            <dst id="CHINng">124438.714666667</dst>
            <dst id="DNVRng">27722.376</dst>
            <dst id="HSTNng">10250.1733333333</dst>
            <dst id="IPLSng">23990.736</dst>
            <dst id="KSCYng">4717.112</dst>
            <dst id="LOSAng">22277.0293333333</dst>
            <dst id="NYCMng">32515.8026666667</dst>
            <dst id="SNVAng">22060.52</dst>
            <dst id="STTLng">29128.1386666667</dst>
            <dst id="WASHng">35726.0213333333</dst>
        </src>
        <src id="NYCMng">
            <dst id="ATLA-M5">3819.94933333333</dst>
            <dst id="ATLAng">27137.9973333333</dst>
            <dst id="CHINng">16600.6773333333</dst>
            <dst id="DNVRng">25290.928</dst>
            <dst id="HSTNng">4613.08</dst>
            <dst id="IPLSng">16241.808</dst>
            <dst id="KSCYng">10486.3226666667</dst>
            <dst id="LOSAng">74156.4666666667</dst>
            <dst id="NYCMng">120401.784</dst>
            <dst id="SNVAng">3565.42666666667</dst>
            <dst id="STTLng">19106.8693333333</dst>
            <dst id="WASHng">57183.5893333334</dst>
        </src>
        <src id="SNVAng">
            <dst id="ATLA-M5">0</dst>
            <dst id="ATLAng">551.285333333333</dst>
            <dst id="CHINng">53.3333333333333</dst>
            <dst id="DNVRng">13768.0053333333</dst>
            <dst id="HSTNng">1494.336</dst>
            <dst id="IPLSng">255.2</dst>
            <dst id="KSCYng">26.6666666666667</dst>
            <dst id="LOSAng">45369.9413333333</dst>
            <dst id="NYCMng">194.602666666667</dst>
            <dst id="SNVAng">12581.6026666667</dst>
            <dst id="STTLng">35085.144</dst>
            <dst id="WASHng">879.984</dst>
        </src>
        <src id="STTLng">
            <dst id="ATLA-M5">369.754666666667</dst>
            <dst id="ATLAng">13229.6186666667</dst>
            <dst id="CHINng">19246.2373333333</dst>
            <dst id="DNVRng">3297.81866666667</dst>
            <dst id="HSTNng">4661.01866666667</dst>
            <dst id="IPLSng">4446.30933333333</dst>
            <dst id="KSCYng">3305.392</dst>
            <dst id="LOSAng">25886.6586666667</dst>
            <dst id="NYCMng">11184.9333333333</dst>
            <dst id="SNVAng">4035.06133333333</dst>
            <dst id="STTLng">22801.5173333333</dst>
            <dst id="WASHng">9935.984</dst>
        </src>
        <src id="WASHng">
            <dst id="ATLA-M5">215.277333333333</dst>
            <dst id="ATLAng">84582.9786666666</dst>
            <dst id="CHINng">66070.8426666667</dst>
            <dst id="DNVRng">82331.256</dst>
            <dst id="HSTNng">49112.6346666667</dst>
            <dst id="IPLSng">40119.9013333333</dst>
            <dst id="KSCYng">18137.2266666667</dst>
            <dst id="LOSAng">69468.152</dst>
            <dst id="NYCMng">155348.696</dst>
            <dst id="SNVAng">5907.27733333333</dst>
            <dst id="STTLng">53819.5946666667</dst>
            <dst id="WASHng">233657.96</dst>
        </src>
    </IntraTM>
</TrafficMatrixFile>
