<?xml version="1.0" encoding="ISO-8859-1" standalone="yes"?>
<TrafficMatrixFile xsi:noNamespaceSchemaLocation="http://totem.run.montefiore.ulg.ac.be/Schema/TrafficMatrix-v1_2.xsd" xmlns:xsi="http://www.w3.org/2001/XMLSchema-instance">
    <IntraTM ASID="11537">
        <src id="ATLA-M5">
            <dst id="ATLA-M5">0</dst>
            <dst id="ATLAng">26.6666666666667</dst>
            <dst id="CHINng">87.3066666666667</dst>
            <dst id="DNVRng">0</dst>
            <dst id="HSTNng">980.408</dst>
            <dst id="IPLSng">0</dst>
            <dst id="KSCYng">1040.87733333333</dst>
            <dst id="LOSAng">239.378666666667</dst>
            <dst id="NYCMng">0</dst>
            <dst id="SNVAng">0</dst>
            <dst id="STTLng">0</dst>
            <dst id="WASHng">2273.14133333333</dst>
        </src>
        <src id="ATLAng">
            <dst id="ATLA-M5">41.0026666666667</dst>
            <dst id="ATLAng">22802.8666666667</dst>
            <dst id="CHINng">3407.60533333333</dst>
            <dst id="DNVRng">2524.96533333333</dst>
            <dst id="HSTNng">381.397333333333</dst>
            <dst id="IPLSng">11521.7706666667</dst>
            <dst id="KSCYng">428.933333333333</dst>
            <dst id="LOSAng">10715.172</dst>
            <dst id="NYCMng">7611.77066666667</dst>
            <dst id="SNVAng">67.6893333333333</dst>
            <dst id="STTLng">5324.024</dst>
            <dst id="WASHng">55136.6053333333</dst>
        </src>
        <src id="CHINng">
            <dst id="ATLA-M5">70.6933333333333</dst>
            <dst id="ATLAng">5519.952</dst>
            <dst id="CHINng">92383.1813333333</dst>
            <dst id="DNVRng">13661.2693333333</dst>
            <dst id="HSTNng">4541.67733333333</dst>
            <dst id="IPLSng">17478.4053333333</dst>
            <dst id="KSCYng">2603.13333333333</dst>
            <dst id="LOSAng">44404.656</dst>
            <dst id="NYCMng">13004.0906666667</dst>
            <dst id="SNVAng">2639.54666666667</dst>
            <dst id="STTLng">10742.3493333333</dst>
            <dst id="WASHng">17182.52</dst>
        </src>
        <src id="DNVRng">
            <dst id="ATLA-M5">126.88</dst>
            <dst id="ATLAng">7514.84</dst>
            <dst id="CHINng">56720.04</dst>
            <dst id="DNVRng">11575.664</dst>
            <dst id="HSTNng">15053.6426666667</dst>
            <dst id="IPLSng">29718.3733333333</dst>
            <dst id="KSCYng">21570.6053333333</dst>
            <dst id="LOSAng">9727.8</dst>
            <dst id="NYCMng">15692.416</dst>
            <dst id="SNVAng">9332.10666666667</dst>
            <dst id="STTLng">10172.0106666667</dst>
            <dst id="WASHng">28897.4533333333</dst>
        </src>
        <src id="HSTNng">
            <dst id="ATLA-M5">6090.736</dst>
            <dst id="ATLAng">1053.032</dst>
            <dst id="CHINng">13356.3253333333</dst>
            <dst id="DNVRng">672.906666666667</dst>
            <dst id="HSTNng">12566.9306666667</dst>
            <dst id="IPLSng">3172.472</dst>
            <dst id="KSCYng">1993.17333333333</dst>
            <dst id="LOSAng">10755.32</dst>
            <dst id="NYCMng">1197.47466666667</dst>
            <dst id="SNVAng">36</dst>
            <dst id="STTLng">222.709333333333</dst>
            <dst id="WASHng">1892.51466666667</dst>
        </src>
        <src id="IPLSng">
            <dst id="ATLA-M5">0</dst>
            <dst id="ATLAng">21594.0986666667</dst>
            <dst id="CHINng">70672.088</dst>
            <dst id="DNVRng">14020.5786666667</dst>
            <dst id="HSTNng">2721.01333333333</dst>
            <dst id="IPLSng">8043.77333333333</dst>
            <dst id="KSCYng">10234.2346666667</dst>
            <dst id="LOSAng">16850.6613333333</dst>
            <dst id="NYCMng">21878.5573333333</dst>
            <dst id="SNVAng">360.394666666667</dst>
            <dst id="STTLng">12055.832</dst>
            <dst id="WASHng">3805.19733333333</dst>
        </src>
        <src id="KSCYng">
            <dst id="ATLA-M5">29.3706666666667</dst>
            <dst id="ATLAng">778.152</dst>
            <dst id="CHINng">14926.448</dst>
            <dst id="DNVRng">7709.88266666667</dst>
            <dst id="HSTNng">2660.392</dst>
            <dst id="IPLSng">18365.5866666667</dst>
            <dst id="KSCYng">8306.91733333333</dst>
            <dst id="LOSAng">3963.08533333333</dst>
            <dst id="NYCMng">1798.93866666667</dst>
            <dst id="SNVAng">2594.56</dst>
            <dst id="STTLng">7200.992</dst>
            <dst id="WASHng">15135.4346666667</dst>
        </src>
        <src id="LOSAng">
            <dst id="ATLA-M5">735.269333333333</dst>
            <dst id="ATLAng">8570.89066666667</dst>
            <dst id="CHINng">137511.189333333</dst>
            <dst id="DNVRng">19885.2</dst>
            <dst id="HSTNng">3540.38933333333</dst>
            <dst id="IPLSng">14487.8106666667</dst>
            <dst id="KSCYng">4329.752</dst>
            <dst id="LOSAng">16274.0746666667</dst>
            <dst id="NYCMng">30670.2586666667</dst>
            <dst id="SNVAng">20839.5946666667</dst>
            <dst id="STTLng">36443.4053333333</dst>
            <dst id="WASHng">40755.152</dst>
        </src>
        <src id="NYCMng">
            <dst id="ATLA-M5">199.016</dst>
            <dst id="ATLAng">8041.66133333333</dst>
            <dst id="CHINng">12485.928</dst>
            <dst id="DNVRng">23323.752</dst>
            <dst id="HSTNng">6430.44</dst>
            <dst id="IPLSng">10223.5146666667</dst>
            <dst id="KSCYng">7872.23733333333</dst>
            <dst id="LOSAng">67316.5226666667</dst>
            <dst id="NYCMng">86862.3546666667</dst>
            <dst id="SNVAng">1870.61866666667</dst>
            <dst id="STTLng">15262.2586666667</dst>
            <dst id="WASHng">31058.4933333333</dst>
        </src>
        <src id="SNVAng">
            <dst id="ATLA-M5">0</dst>
            <dst id="ATLAng">80</dst>
            <dst id="CHINng">80</dst>
            <dst id="DNVRng">4174.74933333333</dst>
            <dst id="HSTNng">26.6666666666667</dst>
            <dst id="IPLSng">189.005333333333</dst>
            <dst id="KSCYng">26.6666666666667</dst>
            <dst id="LOSAng">30046.736</dst>
            <dst id="NYCMng">8806.656</dst>
            <dst id="SNVAng">4589.896</dst>
            <dst id="STTLng">30858.672</dst>
            <dst id="WASHng">0</dst>
        </src>
        <src id="STTLng">
            <dst id="ATLA-M5">150.890666666667</dst>
            <dst id="ATLAng">5749.22666666667</dst>
            <dst id="CHINng">20207.1386666667</dst>
            <dst id="DNVRng">2254.34666666667</dst>
            <dst id="HSTNng">505.802666666667</dst>
            <dst id="IPLSng">3763.16</dst>
            <dst id="KSCYng">3033.256</dst>
            <dst id="LOSAng">13468.8213333333</dst>
            <dst id="NYCMng">16187.344</dst>
            <dst id="SNVAng">3016.74933333333</dst>
            <dst id="STTLng">5903.65333333333</dst>
            <dst id="WASHng">9187.77333333333</dst>
        </src>
        <src id="WASHng">
            <dst id="ATLA-M5">1465.86133333333</dst>
            <dst id="ATLAng">105033.594666667</dst>
            <dst id="CHINng">66779.5013333333</dst>
            <dst id="DNVRng">46936.5706666667</dst>
            <dst id="HSTNng">32382.632</dst>
            <dst id="IPLSng">39340.4586666667</dst>
            <dst id="KSCYng">11191.08</dst>
            <dst id="LOSAng">60929.552</dst>
            <dst id="NYCMng">101000.234666667</dst>
            <dst id="SNVAng">2619.69333333333</dst>
            <dst id="STTLng">34799.1546666667</dst>
            <dst id="WASHng">288189.253333333</dst>
        </src>
    </IntraTM>
</TrafficMatrixFile>
