<?xml version="1.0" encoding="ISO-8859-1" standalone="yes"?>
<TrafficMatrixFile xsi:noNamespaceSchemaLocation="http://totem.run.montefiore.ulg.ac.be/Schema/TrafficMatrix-v1_2.xsd" xmlns:xsi="http://www.w3.org/2001/XMLSchema-instance">
    <IntraTM ASID="11537">
        <src id="ATLA-M5">
            <dst id="ATLA-M5">0</dst>
            <dst id="ATLAng">116.258666666667</dst>
            <dst id="CHINng">162.450666666667</dst>
            <dst id="DNVRng">26.6666666666667</dst>
            <dst id="HSTNng">0</dst>
            <dst id="IPLSng">0</dst>
            <dst id="KSCYng">0</dst>
            <dst id="LOSAng">283.728</dst>
            <dst id="NYCMng">26.6666666666667</dst>
            <dst id="SNVAng">13.3333333333333</dst>
            <dst id="STTLng">26.6666666666667</dst>
            <dst id="WASHng">260.682666666667</dst>
        </src>
        <src id="ATLAng">
            <dst id="ATLA-M5">239.754666666667</dst>
            <dst id="ATLAng">23313.7946666667</dst>
            <dst id="CHINng">6318.79466666667</dst>
            <dst id="DNVRng">2790.28266666667</dst>
            <dst id="HSTNng">15283.52</dst>
            <dst id="IPLSng">24100.3946666667</dst>
            <dst id="KSCYng">4123.87466666667</dst>
            <dst id="LOSAng">9417.98666666667</dst>
            <dst id="NYCMng">5225.34133333333</dst>
            <dst id="SNVAng">272.36</dst>
            <dst id="STTLng">8010.81866666667</dst>
            <dst id="WASHng">26950.728</dst>
        </src>
        <src id="CHINng">
            <dst id="ATLA-M5">53.3333333333333</dst>
            <dst id="ATLAng">16707.2106666667</dst>
            <dst id="CHINng">38393.7466666667</dst>
            <dst id="DNVRng">32059.8693333333</dst>
            <dst id="HSTNng">4684.10933333333</dst>
            <dst id="IPLSng">19791.1973333333</dst>
            <dst id="KSCYng">10071.536</dst>
            <dst id="LOSAng">40036.6293333333</dst>
            <dst id="NYCMng">14989.552</dst>
            <dst id="SNVAng">2199.344</dst>
            <dst id="STTLng">6175.66933333333</dst>
            <dst id="WASHng">30087.208</dst>
        </src>
        <src id="DNVRng">
            <dst id="ATLA-M5">308.514666666667</dst>
            <dst id="ATLAng">13107.9093333333</dst>
            <dst id="CHINng">41093.9466666667</dst>
            <dst id="DNVRng">9331.256</dst>
            <dst id="HSTNng">14389.4666666667</dst>
            <dst id="IPLSng">46768.0186666667</dst>
            <dst id="KSCYng">12449</dst>
            <dst id="LOSAng">12889.3653333333</dst>
            <dst id="NYCMng">11144.088</dst>
            <dst id="SNVAng">10707.6586666667</dst>
            <dst id="STTLng">22343.12</dst>
            <dst id="WASHng">36087.3386666667</dst>
        </src>
        <src id="HSTNng">
            <dst id="ATLA-M5">251.317333333333</dst>
            <dst id="ATLAng">23466.4853333333</dst>
            <dst id="CHINng">7982.11466666667</dst>
            <dst id="DNVRng">663.869333333333</dst>
            <dst id="HSTNng">13549.376</dst>
            <dst id="IPLSng">1177.70666666667</dst>
            <dst id="KSCYng">1578.63466666667</dst>
            <dst id="LOSAng">3439.15733333333</dst>
            <dst id="NYCMng">4831.496</dst>
            <dst id="SNVAng">293.904</dst>
            <dst id="STTLng">1486.78933333333</dst>
            <dst id="WASHng">21329.5946666667</dst>
        </src>
        <src id="IPLSng">
            <dst id="ATLA-M5">0</dst>
            <dst id="ATLAng">24807.832</dst>
            <dst id="CHINng">50927.696</dst>
            <dst id="DNVRng">10783.5973333333</dst>
            <dst id="HSTNng">1961.216</dst>
            <dst id="IPLSng">19611.1386666667</dst>
            <dst id="KSCYng">6025.064</dst>
            <dst id="LOSAng">20819.3066666667</dst>
            <dst id="NYCMng">16097.1066666667</dst>
            <dst id="SNVAng">759.352</dst>
            <dst id="STTLng">7180.672</dst>
            <dst id="WASHng">18031.872</dst>
        </src>
        <src id="KSCYng">
            <dst id="ATLA-M5">0</dst>
            <dst id="ATLAng">2010.35466666667</dst>
            <dst id="CHINng">13977.528</dst>
            <dst id="DNVRng">18371.0053333333</dst>
            <dst id="HSTNng">10708.264</dst>
            <dst id="IPLSng">12297.2293333333</dst>
            <dst id="KSCYng">4878.424</dst>
            <dst id="LOSAng">7980.85866666667</dst>
            <dst id="NYCMng">2877.27733333333</dst>
            <dst id="SNVAng">3344.25066666667</dst>
            <dst id="STTLng">3428.72533333333</dst>
            <dst id="WASHng">14161.4906666667</dst>
        </src>
        <src id="LOSAng">
            <dst id="ATLA-M5">865.704</dst>
            <dst id="ATLAng">21834.952</dst>
            <dst id="CHINng">67085.3706666667</dst>
            <dst id="DNVRng">31437.5013333333</dst>
            <dst id="HSTNng">6513.392</dst>
            <dst id="IPLSng">10917.464</dst>
            <dst id="KSCYng">13302.7813333333</dst>
            <dst id="LOSAng">19390.288</dst>
            <dst id="NYCMng">35574.6133333333</dst>
            <dst id="SNVAng">15252.7493333333</dst>
            <dst id="STTLng">23576.9173333333</dst>
            <dst id="WASHng">24498.096</dst>
        </src>
        <src id="NYCMng">
            <dst id="ATLA-M5">988.650666666667</dst>
            <dst id="ATLAng">21592.52</dst>
            <dst id="CHINng">16007.7013333333</dst>
            <dst id="DNVRng">26412.3413333333</dst>
            <dst id="HSTNng">11719.792</dst>
            <dst id="IPLSng">24160.4266666667</dst>
            <dst id="KSCYng">12757.8933333333</dst>
            <dst id="LOSAng">74781.0746666667</dst>
            <dst id="NYCMng">120789.522666667</dst>
            <dst id="SNVAng">3852.36266666667</dst>
            <dst id="STTLng">29766.752</dst>
            <dst id="WASHng">69477.904</dst>
        </src>
        <src id="SNVAng">
            <dst id="ATLA-M5">0</dst>
            <dst id="ATLAng">80</dst>
            <dst id="CHINng">109.866666666667</dst>
            <dst id="DNVRng">7558.10933333333</dst>
            <dst id="HSTNng">77.8426666666666</dst>
            <dst id="IPLSng">373.984</dst>
            <dst id="KSCYng">214.341333333333</dst>
            <dst id="LOSAng">37964.3306666667</dst>
            <dst id="NYCMng">626.661333333333</dst>
            <dst id="SNVAng">6409.95733333333</dst>
            <dst id="STTLng">30639.1813333333</dst>
            <dst id="WASHng">106.666666666667</dst>
        </src>
        <src id="STTLng">
            <dst id="ATLA-M5">53.3333333333333</dst>
            <dst id="ATLAng">7608.65866666667</dst>
            <dst id="CHINng">10263.008</dst>
            <dst id="DNVRng">5756.34933333333</dst>
            <dst id="HSTNng">2777.54133333333</dst>
            <dst id="IPLSng">6896.968</dst>
            <dst id="KSCYng">6961.008</dst>
            <dst id="LOSAng">22102.848</dst>
            <dst id="NYCMng">13146.8853333333</dst>
            <dst id="SNVAng">4082.90933333333</dst>
            <dst id="STTLng">2079.104</dst>
            <dst id="WASHng">7209.54933333333</dst>
        </src>
        <src id="WASHng">
            <dst id="ATLA-M5">61.6426666666667</dst>
            <dst id="ATLAng">116701.656</dst>
            <dst id="CHINng">41178.7306666667</dst>
            <dst id="DNVRng">78976.784</dst>
            <dst id="HSTNng">11723.9173333333</dst>
            <dst id="IPLSng">53018.3626666667</dst>
            <dst id="KSCYng">7735.55733333333</dst>
            <dst id="LOSAng">76603.5546666666</dst>
            <dst id="NYCMng">112444.322666667</dst>
            <dst id="SNVAng">15456.3546666667</dst>
            <dst id="STTLng">50956.656</dst>
            <dst id="WASHng">348811.973333333</dst>
        </src>
    </IntraTM>
</TrafficMatrixFile>
