<?xml version="1.0" encoding="ISO-8859-1" standalone="yes"?>
<TrafficMatrixFile xsi:noNamespaceSchemaLocation="http://totem.run.montefiore.ulg.ac.be/Schema/TrafficMatrix-v1_2.xsd" xmlns:xsi="http://www.w3.org/2001/XMLSchema-instance">
    <IntraTM ASID="11537">
        <src id="ATLA-M5">
            <dst id="ATLA-M5">0</dst>
            <dst id="ATLAng">26.6666666666667</dst>
            <dst id="CHINng">142.856</dst>
            <dst id="DNVRng">0</dst>
            <dst id="HSTNng">175.16</dst>
            <dst id="IPLSng">109.728</dst>
            <dst id="KSCYng">26.6666666666667</dst>
            <dst id="LOSAng">318.762666666667</dst>
            <dst id="NYCMng">0</dst>
            <dst id="SNVAng">13.3333333333333</dst>
            <dst id="STTLng">228.053333333333</dst>
            <dst id="WASHng">591.064</dst>
        </src>
        <src id="ATLAng">
            <dst id="ATLA-M5">291.885333333333</dst>
            <dst id="ATLAng">7031.856</dst>
            <dst id="CHINng">7308.45866666667</dst>
            <dst id="DNVRng">1401.85066666667</dst>
            <dst id="HSTNng">1825.368</dst>
            <dst id="IPLSng">37603.672</dst>
            <dst id="KSCYng">803.781333333333</dst>
            <dst id="LOSAng">8741.69066666667</dst>
            <dst id="NYCMng">3769.75466666667</dst>
            <dst id="SNVAng">854.130666666667</dst>
            <dst id="STTLng">7857.984</dst>
            <dst id="WASHng">20935.6666666667</dst>
        </src>
        <src id="CHINng">
            <dst id="ATLA-M5">80</dst>
            <dst id="ATLAng">13750.9573333333</dst>
            <dst id="CHINng">36748.248</dst>
            <dst id="DNVRng">22915.0266666667</dst>
            <dst id="HSTNng">4217.81066666667</dst>
            <dst id="IPLSng">79165.0586666667</dst>
            <dst id="KSCYng">4985.888</dst>
            <dst id="LOSAng">39782.7893333333</dst>
            <dst id="NYCMng">6220.01866666667</dst>
            <dst id="SNVAng">1558.632</dst>
            <dst id="STTLng">3555.048</dst>
            <dst id="WASHng">27327.08</dst>
        </src>
        <src id="DNVRng">
            <dst id="ATLA-M5">164.773333333333</dst>
            <dst id="ATLAng">2328.17066666667</dst>
            <dst id="CHINng">53891.952</dst>
            <dst id="DNVRng">4013.11466666667</dst>
            <dst id="HSTNng">10914.0026666667</dst>
            <dst id="IPLSng">36200.816</dst>
            <dst id="KSCYng">12770.616</dst>
            <dst id="LOSAng">13983.688</dst>
            <dst id="NYCMng">12252.6853333333</dst>
            <dst id="SNVAng">9501.13333333333</dst>
            <dst id="STTLng">12128.592</dst>
            <dst id="WASHng">30991.5653333333</dst>
        </src>
        <src id="HSTNng">
            <dst id="ATLA-M5">2373.74133333333</dst>
            <dst id="ATLAng">11937.232</dst>
            <dst id="CHINng">4868.53333333333</dst>
            <dst id="DNVRng">713.888</dst>
            <dst id="HSTNng">11896.8133333333</dst>
            <dst id="IPLSng">1223.35733333333</dst>
            <dst id="KSCYng">3092.208</dst>
            <dst id="LOSAng">5213.328</dst>
            <dst id="NYCMng">2458.87733333333</dst>
            <dst id="SNVAng">26.9493333333333</dst>
            <dst id="STTLng">1944.136</dst>
            <dst id="WASHng">8875.57866666667</dst>
        </src>
        <src id="IPLSng">
            <dst id="ATLA-M5">0</dst>
            <dst id="ATLAng">23981.4133333333</dst>
            <dst id="CHINng">35376.4906666667</dst>
            <dst id="DNVRng">15243.9786666667</dst>
            <dst id="HSTNng">1954.48533333333</dst>
            <dst id="IPLSng">15011.7226666667</dst>
            <dst id="KSCYng">2647.12266666667</dst>
            <dst id="LOSAng">26125.008</dst>
            <dst id="NYCMng">42813.552</dst>
            <dst id="SNVAng">340.597333333333</dst>
            <dst id="STTLng">11870.208</dst>
            <dst id="WASHng">21358.4133333333</dst>
        </src>
        <src id="KSCYng">
            <dst id="ATLA-M5">733.408</dst>
            <dst id="ATLAng">3691.144</dst>
            <dst id="CHINng">9620.744</dst>
            <dst id="DNVRng">12128.792</dst>
            <dst id="HSTNng">9844.344</dst>
            <dst id="IPLSng">11533.8586666667</dst>
            <dst id="KSCYng">4640.448</dst>
            <dst id="LOSAng">6526.54133333333</dst>
            <dst id="NYCMng">2459.39466666667</dst>
            <dst id="SNVAng">3549.2</dst>
            <dst id="STTLng">4446.89333333333</dst>
            <dst id="WASHng">9847.98666666667</dst>
        </src>
        <src id="LOSAng">
            <dst id="ATLA-M5">26.6666666666667</dst>
            <dst id="ATLAng">27922.4426666667</dst>
            <dst id="CHINng">68726.3866666667</dst>
            <dst id="DNVRng">24062.5146666667</dst>
            <dst id="HSTNng">15278.8213333333</dst>
            <dst id="IPLSng">38826.448</dst>
            <dst id="KSCYng">5452.70666666667</dst>
            <dst id="LOSAng">29205.6533333333</dst>
            <dst id="NYCMng">44189.1173333333</dst>
            <dst id="SNVAng">14758.952</dst>
            <dst id="STTLng">25652.9413333333</dst>
            <dst id="WASHng">28100.9146666667</dst>
        </src>
        <src id="NYCMng">
            <dst id="ATLA-M5">624.850666666667</dst>
            <dst id="ATLAng">18803.0053333333</dst>
            <dst id="CHINng">14594.1413333333</dst>
            <dst id="DNVRng">25451.5066666667</dst>
            <dst id="HSTNng">12707.2693333333</dst>
            <dst id="IPLSng">16861.832</dst>
            <dst id="KSCYng">5779.91733333333</dst>
            <dst id="LOSAng">88449.1626666667</dst>
            <dst id="NYCMng">63048.0346666667</dst>
            <dst id="SNVAng">1502.496</dst>
            <dst id="STTLng">19058.7493333333</dst>
            <dst id="WASHng">29457.4373333333</dst>
        </src>
        <src id="SNVAng">
            <dst id="ATLA-M5">0</dst>
            <dst id="ATLAng">655.264</dst>
            <dst id="CHINng">360.429333333333</dst>
            <dst id="DNVRng">8217.24533333333</dst>
            <dst id="HSTNng">29.2266666666667</dst>
            <dst id="IPLSng">209.109333333333</dst>
            <dst id="KSCYng">53.3333333333333</dst>
            <dst id="LOSAng">34236.5413333333</dst>
            <dst id="NYCMng">370.256</dst>
            <dst id="SNVAng">6225.78666666667</dst>
            <dst id="STTLng">30692.504</dst>
            <dst id="WASHng">26.6666666666667</dst>
        </src>
        <src id="STTLng">
            <dst id="ATLA-M5">355.930666666667</dst>
            <dst id="ATLAng">8384.90133333334</dst>
            <dst id="CHINng">10196.136</dst>
            <dst id="DNVRng">2362.496</dst>
            <dst id="HSTNng">2992</dst>
            <dst id="IPLSng">8900.944</dst>
            <dst id="KSCYng">2150.81866666667</dst>
            <dst id="LOSAng">23028.08</dst>
            <dst id="NYCMng">12081.9413333333</dst>
            <dst id="SNVAng">10099.616</dst>
            <dst id="STTLng">1088.00533333333</dst>
            <dst id="WASHng">6223.312</dst>
        </src>
        <src id="WASHng">
            <dst id="ATLA-M5">1702.63466666667</dst>
            <dst id="ATLAng">59251.312</dst>
            <dst id="CHINng">27598.792</dst>
            <dst id="DNVRng">69828.352</dst>
            <dst id="HSTNng">14618.4586666667</dst>
            <dst id="IPLSng">46195.968</dst>
            <dst id="KSCYng">9857.032</dst>
            <dst id="LOSAng">79602.4506666667</dst>
            <dst id="NYCMng">115214.512</dst>
            <dst id="SNVAng">4521.77333333333</dst>
            <dst id="STTLng">40901.8266666667</dst>
            <dst id="WASHng">259272.301333333</dst>
        </src>
    </IntraTM>
</TrafficMatrixFile>
