<?xml version="1.0" encoding="ISO-8859-1" standalone="yes"?>
<TrafficMatrixFile xsi:noNamespaceSchemaLocation="http://totem.run.montefiore.ulg.ac.be/Schema/TrafficMatrix-v1_2.xsd" xmlns:xsi="http://www.w3.org/2001/XMLSchema-instance">
    <IntraTM ASID="11537">
        <src id="ATLA-M5">
            <dst id="ATLA-M5">0</dst>
            <dst id="ATLAng">26.6666666666667</dst>
            <dst id="CHINng">26.6666666666667</dst>
            <dst id="DNVRng">26.6666666666667</dst>
            <dst id="HSTNng">818.253333333334</dst>
            <dst id="IPLSng">53.3333333333333</dst>
            <dst id="KSCYng">1100</dst>
            <dst id="LOSAng">183.589333333333</dst>
            <dst id="NYCMng">140.730666666667</dst>
            <dst id="SNVAng">0</dst>
            <dst id="STTLng">26.6666666666667</dst>
            <dst id="WASHng">1544.38133333333</dst>
        </src>
        <src id="ATLAng">
            <dst id="ATLA-M5">126.824</dst>
            <dst id="ATLAng">22180.2986666667</dst>
            <dst id="CHINng">2257.72533333333</dst>
            <dst id="DNVRng">2626.01066666667</dst>
            <dst id="HSTNng">423.381333333333</dst>
            <dst id="IPLSng">11334.776</dst>
            <dst id="KSCYng">667.749333333333</dst>
            <dst id="LOSAng">17727.1546666667</dst>
            <dst id="NYCMng">8304.368</dst>
            <dst id="SNVAng">40</dst>
            <dst id="STTLng">5745.37333333333</dst>
            <dst id="WASHng">56976.8346666666</dst>
        </src>
        <src id="CHINng">
            <dst id="ATLA-M5">109.933333333333</dst>
            <dst id="ATLAng">5491.288</dst>
            <dst id="CHINng">100253.765333333</dst>
            <dst id="DNVRng">14965.0666666667</dst>
            <dst id="HSTNng">4984.93066666667</dst>
            <dst id="IPLSng">23576.4293333333</dst>
            <dst id="KSCYng">3474.02933333333</dst>
            <dst id="LOSAng">45599.912</dst>
            <dst id="NYCMng">13120.4266666667</dst>
            <dst id="SNVAng">1777.752</dst>
            <dst id="STTLng">8775.10133333333</dst>
            <dst id="WASHng">20957.7813333333</dst>
        </src>
        <src id="DNVRng">
            <dst id="ATLA-M5">81.4906666666667</dst>
            <dst id="ATLAng">7049.64</dst>
            <dst id="CHINng">59492.192</dst>
            <dst id="DNVRng">4245.70666666667</dst>
            <dst id="HSTNng">14506.1093333333</dst>
            <dst id="IPLSng">26422.128</dst>
            <dst id="KSCYng">12739.112</dst>
            <dst id="LOSAng">11166.2906666667</dst>
            <dst id="NYCMng">14621.072</dst>
            <dst id="SNVAng">7440.16266666667</dst>
            <dst id="STTLng">11684.1866666667</dst>
            <dst id="WASHng">30901.9493333333</dst>
        </src>
        <src id="HSTNng">
            <dst id="ATLA-M5">4193.528</dst>
            <dst id="ATLAng">1514.05066666667</dst>
            <dst id="CHINng">13501.544</dst>
            <dst id="DNVRng">766.317333333333</dst>
            <dst id="HSTNng">9686.16</dst>
            <dst id="IPLSng">2975.58666666667</dst>
            <dst id="KSCYng">649.530666666667</dst>
            <dst id="LOSAng">14480.4853333333</dst>
            <dst id="NYCMng">1589.49866666667</dst>
            <dst id="SNVAng">0</dst>
            <dst id="STTLng">298.368</dst>
            <dst id="WASHng">1693.63466666667</dst>
        </src>
        <src id="IPLSng">
            <dst id="ATLA-M5">0</dst>
            <dst id="ATLAng">20066.8533333333</dst>
            <dst id="CHINng">76278.0586666667</dst>
            <dst id="DNVRng">14847.1786666667</dst>
            <dst id="HSTNng">2579.11466666667</dst>
            <dst id="IPLSng">7922.216</dst>
            <dst id="KSCYng">8711.776</dst>
            <dst id="LOSAng">16104.992</dst>
            <dst id="NYCMng">23424.552</dst>
            <dst id="SNVAng">258.917333333333</dst>
            <dst id="STTLng">12081.8</dst>
            <dst id="WASHng">4270.78933333333</dst>
        </src>
        <src id="KSCYng">
            <dst id="ATLA-M5">33.544</dst>
            <dst id="ATLAng">746.109333333333</dst>
            <dst id="CHINng">16014.504</dst>
            <dst id="DNVRng">7537.36</dst>
            <dst id="HSTNng">2194.71733333333</dst>
            <dst id="IPLSng">11541.5253333333</dst>
            <dst id="KSCYng">9075.536</dst>
            <dst id="LOSAng">4073.48533333333</dst>
            <dst id="NYCMng">2291.87733333333</dst>
            <dst id="SNVAng">2358.936</dst>
            <dst id="STTLng">7886.712</dst>
            <dst id="WASHng">16626.4293333333</dst>
        </src>
        <src id="LOSAng">
            <dst id="ATLA-M5">716.16</dst>
            <dst id="ATLAng">8616.63733333333</dst>
            <dst id="CHINng">146823.210666667</dst>
            <dst id="DNVRng">19540.0533333333</dst>
            <dst id="HSTNng">3006.59733333333</dst>
            <dst id="IPLSng">13447.4666666667</dst>
            <dst id="KSCYng">4283.61866666667</dst>
            <dst id="LOSAng">18963.336</dst>
            <dst id="NYCMng">28105.104</dst>
            <dst id="SNVAng">20829.0906666667</dst>
            <dst id="STTLng">39755.76</dst>
            <dst id="WASHng">15487.5973333333</dst>
        </src>
        <src id="NYCMng">
            <dst id="ATLA-M5">223.637333333333</dst>
            <dst id="ATLAng">7971.44</dst>
            <dst id="CHINng">11832.7733333333</dst>
            <dst id="DNVRng">22254.7626666667</dst>
            <dst id="HSTNng">6740.06666666667</dst>
            <dst id="IPLSng">10456.36</dst>
            <dst id="KSCYng">7805.82933333333</dst>
            <dst id="LOSAng">64636.1173333333</dst>
            <dst id="NYCMng">99144.0133333333</dst>
            <dst id="SNVAng">1755.336</dst>
            <dst id="STTLng">17119.8426666667</dst>
            <dst id="WASHng">39320.6773333333</dst>
        </src>
        <src id="SNVAng">
            <dst id="ATLA-M5">0</dst>
            <dst id="ATLAng">53.3333333333333</dst>
            <dst id="CHINng">26.6666666666667</dst>
            <dst id="DNVRng">4940.43466666667</dst>
            <dst id="HSTNng">35.008</dst>
            <dst id="IPLSng">233.829333333333</dst>
            <dst id="KSCYng">26.6666666666667</dst>
            <dst id="LOSAng">28599.7333333333</dst>
            <dst id="NYCMng">263.978666666667</dst>
            <dst id="SNVAng">3842.78666666667</dst>
            <dst id="STTLng">27183.272</dst>
            <dst id="WASHng">163.845333333333</dst>
        </src>
        <src id="STTLng">
            <dst id="ATLA-M5">0</dst>
            <dst id="ATLAng">5861.34933333333</dst>
            <dst id="CHINng">20034.8533333333</dst>
            <dst id="DNVRng">2942.82666666667</dst>
            <dst id="HSTNng">572.445333333333</dst>
            <dst id="IPLSng">3377.048</dst>
            <dst id="KSCYng">3151.66933333333</dst>
            <dst id="LOSAng">14374.7013333333</dst>
            <dst id="NYCMng">13902.6586666667</dst>
            <dst id="SNVAng">3204.736</dst>
            <dst id="STTLng">1582.408</dst>
            <dst id="WASHng">9183.36266666667</dst>
        </src>
        <src id="WASHng">
            <dst id="ATLA-M5">1652.944</dst>
            <dst id="ATLAng">116819.736</dst>
            <dst id="CHINng">46917.7386666667</dst>
            <dst id="DNVRng">45518.4266666667</dst>
            <dst id="HSTNng">28825.7333333333</dst>
            <dst id="IPLSng">45023.84</dst>
            <dst id="KSCYng">9399.168</dst>
            <dst id="LOSAng">43928.9946666667</dst>
            <dst id="NYCMng">102380.76</dst>
            <dst id="SNVAng">2091.70133333333</dst>
            <dst id="STTLng">35119.7973333333</dst>
            <dst id="WASHng">285315.573333333</dst>
        </src>
    </IntraTM>
</TrafficMatrixFile>
