<?xml version="1.0" encoding="ISO-8859-1" standalone="yes"?>
<TrafficMatrixFile xsi:noNamespaceSchemaLocation="http://totem.run.montefiore.ulg.ac.be/Schema/TrafficMatrix-v1_2.xsd" xmlns:xsi="http://www.w3.org/2001/XMLSchema-instance">
    <IntraTM ASID="11537">
        <src id="ATLA-M5">
            <dst id="ATLA-M5">49.0666666666667</dst>
            <dst id="ATLAng">60.3226666666667</dst>
            <dst id="CHINng">693.738666666667</dst>
            <dst id="DNVRng">0</dst>
            <dst id="HSTNng">53.3333333333333</dst>
            <dst id="IPLSng">317.786666666667</dst>
            <dst id="KSCYng">26.6666666666667</dst>
            <dst id="LOSAng">46.1013333333333</dst>
            <dst id="NYCMng">26.6666666666667</dst>
            <dst id="SNVAng">0</dst>
            <dst id="STTLng">0</dst>
            <dst id="WASHng">1743.192</dst>
        </src>
        <src id="ATLAng">
            <dst id="ATLA-M5">366.346666666667</dst>
            <dst id="ATLAng">43529.0906666667</dst>
            <dst id="CHINng">7286.736</dst>
            <dst id="DNVRng">2300.44266666667</dst>
            <dst id="HSTNng">21312.8933333333</dst>
            <dst id="IPLSng">29324.104</dst>
            <dst id="KSCYng">1937.79466666667</dst>
            <dst id="LOSAng">6302.56666666667</dst>
            <dst id="NYCMng">7646.50666666667</dst>
            <dst id="SNVAng">1413.78</dst>
            <dst id="STTLng">9694.544</dst>
            <dst id="WASHng">47259.408</dst>
        </src>
        <src id="CHINng">
            <dst id="ATLA-M5">1109.37333333333</dst>
            <dst id="ATLAng">25699.8613333333</dst>
            <dst id="CHINng">82229.792</dst>
            <dst id="DNVRng">9100.568</dst>
            <dst id="HSTNng">10743.8186666667</dst>
            <dst id="IPLSng">23905.4506666667</dst>
            <dst id="KSCYng">10366.1013333333</dst>
            <dst id="LOSAng">35269.3813333333</dst>
            <dst id="NYCMng">14337.184</dst>
            <dst id="SNVAng">1478.26933333333</dst>
            <dst id="STTLng">3834.864</dst>
            <dst id="WASHng">30327.4906666667</dst>
        </src>
        <src id="DNVRng">
            <dst id="ATLA-M5">385.816</dst>
            <dst id="ATLAng">8436.44266666667</dst>
            <dst id="CHINng">73389.808</dst>
            <dst id="DNVRng">13323.336</dst>
            <dst id="HSTNng">19616.4106666667</dst>
            <dst id="IPLSng">39001.84</dst>
            <dst id="KSCYng">26073.872</dst>
            <dst id="LOSAng">10452.7013333333</dst>
            <dst id="NYCMng">22564.5733333333</dst>
            <dst id="SNVAng">16265.1306666667</dst>
            <dst id="STTLng">10786.5386666667</dst>
            <dst id="WASHng">44367.928</dst>
        </src>
        <src id="HSTNng">
            <dst id="ATLA-M5">316.096</dst>
            <dst id="ATLAng">5360.18666666666</dst>
            <dst id="CHINng">18917.304</dst>
            <dst id="DNVRng">1726.06666666667</dst>
            <dst id="HSTNng">17274.112</dst>
            <dst id="IPLSng">8360.19466666667</dst>
            <dst id="KSCYng">2139.94666666667</dst>
            <dst id="LOSAng">4398.26133333333</dst>
            <dst id="NYCMng">4713.456</dst>
            <dst id="SNVAng">175.84</dst>
            <dst id="STTLng">1310.656</dst>
            <dst id="WASHng">3419.34666666667</dst>
        </src>
        <src id="IPLSng">
            <dst id="ATLA-M5">123.093333333333</dst>
            <dst id="ATLAng">33721.5573333333</dst>
            <dst id="CHINng">75472.5333333334</dst>
            <dst id="DNVRng">5341.984</dst>
            <dst id="HSTNng">3694.57333333333</dst>
            <dst id="IPLSng">30959.4853333333</dst>
            <dst id="KSCYng">6366.53866666667</dst>
            <dst id="LOSAng">18230.0293333333</dst>
            <dst id="NYCMng">33839.512</dst>
            <dst id="SNVAng">4085.904</dst>
            <dst id="STTLng">9054.02933333333</dst>
            <dst id="WASHng">25616.8693333333</dst>
        </src>
        <src id="KSCYng">
            <dst id="ATLA-M5">200.029333333333</dst>
            <dst id="ATLAng">6170.53066666667</dst>
            <dst id="CHINng">19486.3093333333</dst>
            <dst id="DNVRng">11434.8053333333</dst>
            <dst id="HSTNng">3510.488</dst>
            <dst id="IPLSng">16320.4986666667</dst>
            <dst id="KSCYng">13903.1626666667</dst>
            <dst id="LOSAng">6927.408</dst>
            <dst id="NYCMng">1448.99733333333</dst>
            <dst id="SNVAng">1895.41333333333</dst>
            <dst id="STTLng">3900.18133333333</dst>
            <dst id="WASHng">17269.56</dst>
        </src>
        <src id="LOSAng">
            <dst id="ATLA-M5">605.344</dst>
            <dst id="ATLAng">22061.808</dst>
            <dst id="CHINng">135645.818666667</dst>
            <dst id="DNVRng">26667.0106666667</dst>
            <dst id="HSTNng">9489.34933333333</dst>
            <dst id="IPLSng">24736.7493333333</dst>
            <dst id="KSCYng">5920.03733333333</dst>
            <dst id="LOSAng">17131.1013333333</dst>
            <dst id="NYCMng">38579.7893333333</dst>
            <dst id="SNVAng">12951.4266666667</dst>
            <dst id="STTLng">29641.0026666667</dst>
            <dst id="WASHng">44483.9333333333</dst>
        </src>
        <src id="NYCMng">
            <dst id="ATLA-M5">869.336</dst>
            <dst id="ATLAng">49580.0773333333</dst>
            <dst id="CHINng">43989.696</dst>
            <dst id="DNVRng">28032.7146666667</dst>
            <dst id="HSTNng">8323.60533333333</dst>
            <dst id="IPLSng">30006.2506666667</dst>
            <dst id="KSCYng">23883.5093333333</dst>
            <dst id="LOSAng">87319.0826666667</dst>
            <dst id="NYCMng">138095.376</dst>
            <dst id="SNVAng">1524.29866666667</dst>
            <dst id="STTLng">17587.696</dst>
            <dst id="WASHng">61796.1626666667</dst>
        </src>
        <src id="SNVAng">
            <dst id="ATLA-M5">0</dst>
            <dst id="ATLAng">162.08</dst>
            <dst id="CHINng">26.6666666666667</dst>
            <dst id="DNVRng">4752.01866666667</dst>
            <dst id="HSTNng">477.04</dst>
            <dst id="IPLSng">6458.14133333333</dst>
            <dst id="KSCYng">112.034666666667</dst>
            <dst id="LOSAng">28905.696</dst>
            <dst id="NYCMng">500.749333333333</dst>
            <dst id="SNVAng">6559.256</dst>
            <dst id="STTLng">28035</dst>
            <dst id="WASHng">109.368</dst>
        </src>
        <src id="STTLng">
            <dst id="ATLA-M5">43.5306666666667</dst>
            <dst id="ATLAng">11783.224</dst>
            <dst id="CHINng">34187.9466666667</dst>
            <dst id="DNVRng">4869.76</dst>
            <dst id="HSTNng">3032.39733333333</dst>
            <dst id="IPLSng">9271.22666666667</dst>
            <dst id="KSCYng">3511.36</dst>
            <dst id="LOSAng">19941.5946666667</dst>
            <dst id="NYCMng">16431.792</dst>
            <dst id="SNVAng">8858.896</dst>
            <dst id="STTLng">6875.152</dst>
            <dst id="WASHng">18371.7573333333</dst>
        </src>
        <src id="WASHng">
            <dst id="ATLA-M5">621.130666666667</dst>
            <dst id="ATLAng">111013.072</dst>
            <dst id="CHINng">57911.3493333333</dst>
            <dst id="DNVRng">58246.9253333333</dst>
            <dst id="HSTNng">16127.112</dst>
            <dst id="IPLSng">74065.352</dst>
            <dst id="KSCYng">28277.0506666667</dst>
            <dst id="LOSAng">75061.384</dst>
            <dst id="NYCMng">155904.912</dst>
            <dst id="SNVAng">8400.736</dst>
            <dst id="STTLng">25168.8853333333</dst>
            <dst id="WASHng">301356.773333333</dst>
        </src>
    </IntraTM>
</TrafficMatrixFile>
