<?xml version="1.0" encoding="ISO-8859-1" standalone="yes"?>
<TrafficMatrixFile xsi:noNamespaceSchemaLocation="http://totem.run.montefiore.ulg.ac.be/Schema/TrafficMatrix-v1_2.xsd" xmlns:xsi="http://www.w3.org/2001/XMLSchema-instance">
    <IntraTM ASID="11537">
        <src id="ATLA-M5">
            <dst id="ATLA-M5">26.6666666666667</dst>
            <dst id="ATLAng">243.722666666667</dst>
            <dst id="CHINng">2153.02933333333</dst>
            <dst id="DNVRng">53.3333333333333</dst>
            <dst id="HSTNng">116.762666666667</dst>
            <dst id="IPLSng">130.666666666667</dst>
            <dst id="KSCYng">79.872</dst>
            <dst id="LOSAng">92.84</dst>
            <dst id="NYCMng">53.3333333333333</dst>
            <dst id="SNVAng">0</dst>
            <dst id="STTLng">53.3333333333333</dst>
            <dst id="WASHng">790.170666666667</dst>
        </src>
        <src id="ATLAng">
            <dst id="ATLA-M5">500.269333333333</dst>
            <dst id="ATLAng">57120.5706666667</dst>
            <dst id="CHINng">5397.29866666667</dst>
            <dst id="DNVRng">2895.37866666667</dst>
            <dst id="HSTNng">3148.60266666667</dst>
            <dst id="IPLSng">18510.1786666667</dst>
            <dst id="KSCYng">13697.408</dst>
            <dst id="LOSAng">20177.9066666667</dst>
            <dst id="NYCMng">7025.648</dst>
            <dst id="SNVAng">245.805333333333</dst>
            <dst id="STTLng">8975.97066666667</dst>
            <dst id="WASHng">35759.1973333333</dst>
        </src>
        <src id="CHINng">
            <dst id="ATLA-M5">3962.47733333333</dst>
            <dst id="ATLAng">15435.0693333333</dst>
            <dst id="CHINng">48222.3813333333</dst>
            <dst id="DNVRng">7443.94933333333</dst>
            <dst id="HSTNng">7309.64266666667</dst>
            <dst id="IPLSng">22007.3866666667</dst>
            <dst id="KSCYng">4723.392</dst>
            <dst id="LOSAng">53694.7333333333</dst>
            <dst id="NYCMng">9346.144</dst>
            <dst id="SNVAng">5933.41866666667</dst>
            <dst id="STTLng">9815.08533333333</dst>
            <dst id="WASHng">22779.32</dst>
        </src>
        <src id="DNVRng">
            <dst id="ATLA-M5">256.042666666667</dst>
            <dst id="ATLAng">8345.18666666667</dst>
            <dst id="CHINng">49032.232</dst>
            <dst id="DNVRng">7459.144</dst>
            <dst id="HSTNng">13540.6133333333</dst>
            <dst id="IPLSng">27159.7626666667</dst>
            <dst id="KSCYng">10707.8213333333</dst>
            <dst id="LOSAng">12837.4106666667</dst>
            <dst id="NYCMng">17122.8773333333</dst>
            <dst id="SNVAng">5849.00266666667</dst>
            <dst id="STTLng">16488.3946666667</dst>
            <dst id="WASHng">36400.9546666667</dst>
        </src>
        <src id="HSTNng">
            <dst id="ATLA-M5">2640.93866666667</dst>
            <dst id="ATLAng">15628.304</dst>
            <dst id="CHINng">8326.66133333333</dst>
            <dst id="DNVRng">1515.83733333333</dst>
            <dst id="HSTNng">14145.8586666667</dst>
            <dst id="IPLSng">2343.76266666667</dst>
            <dst id="KSCYng">1721.05066666667</dst>
            <dst id="LOSAng">3919.81333333333</dst>
            <dst id="NYCMng">2717.12533333333</dst>
            <dst id="SNVAng">26.6666666666667</dst>
            <dst id="STTLng">1721.03466666667</dst>
            <dst id="WASHng">5060.77066666667</dst>
        </src>
        <src id="IPLSng">
            <dst id="ATLA-M5">138.853333333333</dst>
            <dst id="ATLAng">17310.0853333333</dst>
            <dst id="CHINng">64823.3813333333</dst>
            <dst id="DNVRng">11089.0106666667</dst>
            <dst id="HSTNng">3665.104</dst>
            <dst id="IPLSng">12525.6346666667</dst>
            <dst id="KSCYng">3058.58933333333</dst>
            <dst id="LOSAng">28723.3093333333</dst>
            <dst id="NYCMng">29472.0773333333</dst>
            <dst id="SNVAng">2033.89333333333</dst>
            <dst id="STTLng">13971.7813333333</dst>
            <dst id="WASHng">10488.44</dst>
        </src>
        <src id="KSCYng">
            <dst id="ATLA-M5">497.824</dst>
            <dst id="ATLAng">2483.82666666667</dst>
            <dst id="CHINng">8759.49066666667</dst>
            <dst id="DNVRng">7829.99733333333</dst>
            <dst id="HSTNng">3898.008</dst>
            <dst id="IPLSng">8801.896</dst>
            <dst id="KSCYng">3282.168</dst>
            <dst id="LOSAng">7005.22666666667</dst>
            <dst id="NYCMng">1742.83733333333</dst>
            <dst id="SNVAng">2765.86933333333</dst>
            <dst id="STTLng">3280.93333333333</dst>
            <dst id="WASHng">14383.7946666667</dst>
        </src>
        <src id="LOSAng">
            <dst id="ATLA-M5">110.296</dst>
            <dst id="ATLAng">28429.0346666667</dst>
            <dst id="CHINng">272569.2</dst>
            <dst id="DNVRng">22235.1253333333</dst>
            <dst id="HSTNng">6957.95466666667</dst>
            <dst id="IPLSng">30556.064</dst>
            <dst id="KSCYng">5125.03733333333</dst>
            <dst id="LOSAng">19753.5386666667</dst>
            <dst id="NYCMng">40388.4746666667</dst>
            <dst id="SNVAng">31707.2533333333</dst>
            <dst id="STTLng">26195.304</dst>
            <dst id="WASHng">44943.2453333333</dst>
        </src>
        <src id="NYCMng">
            <dst id="ATLA-M5">866.397333333333</dst>
            <dst id="ATLAng">17166.4293333333</dst>
            <dst id="CHINng">9927.36266666667</dst>
            <dst id="DNVRng">28675.464</dst>
            <dst id="HSTNng">9255.13066666667</dst>
            <dst id="IPLSng">20073.944</dst>
            <dst id="KSCYng">13124.328</dst>
            <dst id="LOSAng">77782.08</dst>
            <dst id="NYCMng">88765.648</dst>
            <dst id="SNVAng">3223.24533333333</dst>
            <dst id="STTLng">34447.0746666667</dst>
            <dst id="WASHng">64268.4826666667</dst>
        </src>
        <src id="SNVAng">
            <dst id="ATLA-M5">0</dst>
            <dst id="ATLAng">31.3306666666667</dst>
            <dst id="CHINng">80</dst>
            <dst id="DNVRng">9543.2</dst>
            <dst id="HSTNng">2472.56533333333</dst>
            <dst id="IPLSng">256.058666666667</dst>
            <dst id="KSCYng">0</dst>
            <dst id="LOSAng">43039.544</dst>
            <dst id="NYCMng">257.952</dst>
            <dst id="SNVAng">11050.3226666667</dst>
            <dst id="STTLng">30064.32</dst>
            <dst id="WASHng">544.714666666667</dst>
        </src>
        <src id="STTLng">
            <dst id="ATLA-M5">121.613333333333</dst>
            <dst id="ATLAng">9750.82933333333</dst>
            <dst id="CHINng">20452.3893333333</dst>
            <dst id="DNVRng">5266.83466666667</dst>
            <dst id="HSTNng">4916.392</dst>
            <dst id="IPLSng">9075.80266666667</dst>
            <dst id="KSCYng">4650.93066666667</dst>
            <dst id="LOSAng">25080.8</dst>
            <dst id="NYCMng">10912.184</dst>
            <dst id="SNVAng">2664.76</dst>
            <dst id="STTLng">19386.6826666667</dst>
            <dst id="WASHng">15041.3226666667</dst>
        </src>
        <src id="WASHng">
            <dst id="ATLA-M5">412.410666666667</dst>
            <dst id="ATLAng">70053.6933333333</dst>
            <dst id="CHINng">68763.9786666667</dst>
            <dst id="DNVRng">69001.688</dst>
            <dst id="HSTNng">37786.1173333333</dst>
            <dst id="IPLSng">59228.4506666667</dst>
            <dst id="KSCYng">15670.0373333333</dst>
            <dst id="LOSAng">81925.216</dst>
            <dst id="NYCMng">124353.44</dst>
            <dst id="SNVAng">6317.76266666667</dst>
            <dst id="STTLng">50055.736</dst>
            <dst id="WASHng">222420.733333333</dst>
        </src>
    </IntraTM>
</TrafficMatrixFile>
