<?xml version="1.0" encoding="ISO-8859-1" standalone="yes"?>
<TrafficMatrixFile xsi:noNamespaceSchemaLocation="http://totem.run.montefiore.ulg.ac.be/Schema/TrafficMatrix-v1_2.xsd" xmlns:xsi="http://www.w3.org/2001/XMLSchema-instance">
    <IntraTM ASID="11537">
        <src id="ATLA-M5">
            <dst id="ATLA-M5">0</dst>
            <dst id="ATLAng">0</dst>
            <dst id="CHINng">169.698666666667</dst>
            <dst id="DNVRng">0</dst>
            <dst id="HSTNng">91.0053333333333</dst>
            <dst id="IPLSng">0</dst>
            <dst id="KSCYng">1188.86666666667</dst>
            <dst id="LOSAng">268.469333333333</dst>
            <dst id="NYCMng">26.6666666666667</dst>
            <dst id="SNVAng">0</dst>
            <dst id="STTLng">969.469333333333</dst>
            <dst id="WASHng">2015.21333333333</dst>
        </src>
        <src id="ATLAng">
            <dst id="ATLA-M5">26.6666666666667</dst>
            <dst id="ATLAng">29786.208</dst>
            <dst id="CHINng">4377.23466666667</dst>
            <dst id="DNVRng">2730.07466666667</dst>
            <dst id="HSTNng">2347.17333333333</dst>
            <dst id="IPLSng">14231.7733333333</dst>
            <dst id="KSCYng">597.682666666667</dst>
            <dst id="LOSAng">15781.1173333333</dst>
            <dst id="NYCMng">8715.77866666667</dst>
            <dst id="SNVAng">23.0693333333333</dst>
            <dst id="STTLng">7272.06666666666</dst>
            <dst id="WASHng">27454.8506666667</dst>
        </src>
        <src id="CHINng">
            <dst id="ATLA-M5">5927.02933333333</dst>
            <dst id="ATLAng">4397.49066666667</dst>
            <dst id="CHINng">81880.7173333333</dst>
            <dst id="DNVRng">8184.272</dst>
            <dst id="HSTNng">6589.23466666667</dst>
            <dst id="IPLSng">29912.4826666667</dst>
            <dst id="KSCYng">19928.3253333333</dst>
            <dst id="LOSAng">43559.408</dst>
            <dst id="NYCMng">16004.1013333333</dst>
            <dst id="SNVAng">1670.43733333333</dst>
            <dst id="STTLng">4993.73333333333</dst>
            <dst id="WASHng">22301.7066666667</dst>
        </src>
        <src id="DNVRng">
            <dst id="ATLA-M5">129.546666666667</dst>
            <dst id="ATLAng">13423.248</dst>
            <dst id="CHINng">67652.7226666667</dst>
            <dst id="DNVRng">17693.216</dst>
            <dst id="HSTNng">11712.96</dst>
            <dst id="IPLSng">30062.464</dst>
            <dst id="KSCYng">16351.7973333333</dst>
            <dst id="LOSAng">9696.11733333333</dst>
            <dst id="NYCMng">21850.384</dst>
            <dst id="SNVAng">7238.64266666667</dst>
            <dst id="STTLng">32441.84</dst>
            <dst id="WASHng">34941.792</dst>
        </src>
        <src id="HSTNng">
            <dst id="ATLA-M5">4084.096</dst>
            <dst id="ATLAng">759.026666666667</dst>
            <dst id="CHINng">12629.4933333333</dst>
            <dst id="DNVRng">1256.672</dst>
            <dst id="HSTNng">16764.6533333333</dst>
            <dst id="IPLSng">4438.896</dst>
            <dst id="KSCYng">1619.40266666667</dst>
            <dst id="LOSAng">10870.408</dst>
            <dst id="NYCMng">2526.45333333333</dst>
            <dst id="SNVAng">0</dst>
            <dst id="STTLng">1397.488</dst>
            <dst id="WASHng">1846.52</dst>
        </src>
        <src id="IPLSng">
            <dst id="ATLA-M5">26.6666666666667</dst>
            <dst id="ATLAng">9902.088</dst>
            <dst id="CHINng">56035.456</dst>
            <dst id="DNVRng">30522.8986666667</dst>
            <dst id="HSTNng">532.709333333333</dst>
            <dst id="IPLSng">22878.5626666667</dst>
            <dst id="KSCYng">4371.016</dst>
            <dst id="LOSAng">23789.7413333333</dst>
            <dst id="NYCMng">23389.2666666667</dst>
            <dst id="SNVAng">95.5146666666667</dst>
            <dst id="STTLng">21206.3386666667</dst>
            <dst id="WASHng">4884.816</dst>
        </src>
        <src id="KSCYng">
            <dst id="ATLA-M5">28.3493333333333</dst>
            <dst id="ATLAng">694.008</dst>
            <dst id="CHINng">18070.2346666667</dst>
            <dst id="DNVRng">26208.568</dst>
            <dst id="HSTNng">2593.84</dst>
            <dst id="IPLSng">16107.4213333333</dst>
            <dst id="KSCYng">7941.43466666667</dst>
            <dst id="LOSAng">6336.272</dst>
            <dst id="NYCMng">3321.16533333333</dst>
            <dst id="SNVAng">2099.136</dst>
            <dst id="STTLng">5556.23733333333</dst>
            <dst id="WASHng">15511.008</dst>
        </src>
        <src id="LOSAng">
            <dst id="ATLA-M5">71.512</dst>
            <dst id="ATLAng">8799.09866666666</dst>
            <dst id="CHINng">134335.984</dst>
            <dst id="DNVRng">21938.1546666667</dst>
            <dst id="HSTNng">5689.39733333333</dst>
            <dst id="IPLSng">8710.048</dst>
            <dst id="KSCYng">3417.92533333333</dst>
            <dst id="LOSAng">16141.9306666667</dst>
            <dst id="NYCMng">29481.9653333333</dst>
            <dst id="SNVAng">19616.6586666667</dst>
            <dst id="STTLng">31622.5866666667</dst>
            <dst id="WASHng">19790.0586666667</dst>
        </src>
        <src id="NYCMng">
            <dst id="ATLA-M5">254.650666666667</dst>
            <dst id="ATLAng">10294.7653333333</dst>
            <dst id="CHINng">11168.5386666667</dst>
            <dst id="DNVRng">23834.6746666667</dst>
            <dst id="HSTNng">10346.9946666667</dst>
            <dst id="IPLSng">30364.9893333333</dst>
            <dst id="KSCYng">5097.696</dst>
            <dst id="LOSAng">75726.6133333333</dst>
            <dst id="NYCMng">104952.309333333</dst>
            <dst id="SNVAng">2633.41066666667</dst>
            <dst id="STTLng">20334.1066666667</dst>
            <dst id="WASHng">38984.36</dst>
        </src>
        <src id="SNVAng">
            <dst id="ATLA-M5">0</dst>
            <dst id="ATLAng">31.9573333333333</dst>
            <dst id="CHINng">290.469333333333</dst>
            <dst id="DNVRng">3507.32533333333</dst>
            <dst id="HSTNng">26.6666666666667</dst>
            <dst id="IPLSng">3929.55466666667</dst>
            <dst id="KSCYng">53.3333333333333</dst>
            <dst id="LOSAng">34407.9786666667</dst>
            <dst id="NYCMng">437.237333333333</dst>
            <dst id="SNVAng">5513.59733333333</dst>
            <dst id="STTLng">30990.696</dst>
            <dst id="WASHng">26.6666666666667</dst>
        </src>
        <src id="STTLng">
            <dst id="ATLA-M5">424.954666666667</dst>
            <dst id="ATLAng">7011.136</dst>
            <dst id="CHINng">18221.68</dst>
            <dst id="DNVRng">3211.168</dst>
            <dst id="HSTNng">1344.09333333333</dst>
            <dst id="IPLSng">3473.416</dst>
            <dst id="KSCYng">1280.70133333333</dst>
            <dst id="LOSAng">30112.584</dst>
            <dst id="NYCMng">13817.9653333333</dst>
            <dst id="SNVAng">5275.208</dst>
            <dst id="STTLng">18761.8586666667</dst>
            <dst id="WASHng">3614.75466666667</dst>
        </src>
        <src id="WASHng">
            <dst id="ATLA-M5">1045.33333333333</dst>
            <dst id="ATLAng">59591.6933333333</dst>
            <dst id="CHINng">97686.6933333333</dst>
            <dst id="DNVRng">50980.6666666667</dst>
            <dst id="HSTNng">31037.1013333333</dst>
            <dst id="IPLSng">51890.6453333333</dst>
            <dst id="KSCYng">11287.8586666667</dst>
            <dst id="LOSAng">59560.624</dst>
            <dst id="NYCMng">125640.650666667</dst>
            <dst id="SNVAng">5622.22666666667</dst>
            <dst id="STTLng">38201.728</dst>
            <dst id="WASHng">275705.92</dst>
        </src>
    </IntraTM>
</TrafficMatrixFile>
