<?xml version="1.0" encoding="ISO-8859-1" standalone="yes"?>
<TrafficMatrixFile xsi:noNamespaceSchemaLocation="http://totem.run.montefiore.ulg.ac.be/Schema/TrafficMatrix-v1_2.xsd" xmlns:xsi="http://www.w3.org/2001/XMLSchema-instance">
    <IntraTM ASID="11537">
        <src id="ATLA-M5">
            <dst id="ATLA-M5">63.56</dst>
            <dst id="ATLAng">2965.13866666667</dst>
            <dst id="CHINng">215.293333333333</dst>
            <dst id="DNVRng">26.6666666666667</dst>
            <dst id="HSTNng">117.426666666667</dst>
            <dst id="IPLSng">238.528</dst>
            <dst id="KSCYng">53.3333333333333</dst>
            <dst id="LOSAng">83.8986666666667</dst>
            <dst id="NYCMng">97.3333333333333</dst>
            <dst id="SNVAng">0</dst>
            <dst id="STTLng">277.538666666667</dst>
            <dst id="WASHng">2012.93866666667</dst>
        </src>
        <src id="ATLAng">
            <dst id="ATLA-M5">254.464</dst>
            <dst id="ATLAng">14564.1573333333</dst>
            <dst id="CHINng">5117.52266666667</dst>
            <dst id="DNVRng">4200.168</dst>
            <dst id="HSTNng">13212.5413333333</dst>
            <dst id="IPLSng">26663.432</dst>
            <dst id="KSCYng">2413.67733333333</dst>
            <dst id="LOSAng">12051.7186666667</dst>
            <dst id="NYCMng">5921.56</dst>
            <dst id="SNVAng">478.233333333333</dst>
            <dst id="STTLng">8456.416</dst>
            <dst id="WASHng">36442.6186666667</dst>
        </src>
        <src id="CHINng">
            <dst id="ATLA-M5">560.882666666667</dst>
            <dst id="ATLAng">37157.2533333333</dst>
            <dst id="CHINng">61452.7093333333</dst>
            <dst id="DNVRng">9938.904</dst>
            <dst id="HSTNng">12755.1226666667</dst>
            <dst id="IPLSng">28296.808</dst>
            <dst id="KSCYng">17939.0826666667</dst>
            <dst id="LOSAng">49415.2613333333</dst>
            <dst id="NYCMng">10324.8053333333</dst>
            <dst id="SNVAng">8614.84</dst>
            <dst id="STTLng">4366.352</dst>
            <dst id="WASHng">28077.5946666667</dst>
        </src>
        <src id="DNVRng">
            <dst id="ATLA-M5">117.786666666667</dst>
            <dst id="ATLAng">8965.44533333333</dst>
            <dst id="CHINng">50883.9786666667</dst>
            <dst id="DNVRng">17898.4106666667</dst>
            <dst id="HSTNng">18907.712</dst>
            <dst id="IPLSng">52447.7013333333</dst>
            <dst id="KSCYng">40220.2986666667</dst>
            <dst id="LOSAng">18858.3866666667</dst>
            <dst id="NYCMng">12381.1546666667</dst>
            <dst id="SNVAng">19433.544</dst>
            <dst id="STTLng">28127.7226666667</dst>
            <dst id="WASHng">55060.9946666667</dst>
        </src>
        <src id="HSTNng">
            <dst id="ATLA-M5">268.746666666667</dst>
            <dst id="ATLAng">7697.17066666667</dst>
            <dst id="CHINng">14809.488</dst>
            <dst id="DNVRng">1661.936</dst>
            <dst id="HSTNng">15084.5893333333</dst>
            <dst id="IPLSng">4572.408</dst>
            <dst id="KSCYng">960.549333333333</dst>
            <dst id="LOSAng">2648.89333333333</dst>
            <dst id="NYCMng">2984.23466666667</dst>
            <dst id="SNVAng">93.3333333333333</dst>
            <dst id="STTLng">7584.47733333333</dst>
            <dst id="WASHng">5896.58133333333</dst>
        </src>
        <src id="IPLSng">
            <dst id="ATLA-M5">53.3333333333333</dst>
            <dst id="ATLAng">102067.205333333</dst>
            <dst id="CHINng">61809.0266666667</dst>
            <dst id="DNVRng">11577.5173333333</dst>
            <dst id="HSTNng">4700.62933333333</dst>
            <dst id="IPLSng">22176.7173333333</dst>
            <dst id="KSCYng">4696.61866666667</dst>
            <dst id="LOSAng">33696.0346666667</dst>
            <dst id="NYCMng">22150.656</dst>
            <dst id="SNVAng">6432.264</dst>
            <dst id="STTLng">8550.848</dst>
            <dst id="WASHng">30869.536</dst>
        </src>
        <src id="KSCYng">
            <dst id="ATLA-M5">49.8213333333333</dst>
            <dst id="ATLAng">3492.392</dst>
            <dst id="CHINng">15163.216</dst>
            <dst id="DNVRng">14254.3573333333</dst>
            <dst id="HSTNng">6665.02133333333</dst>
            <dst id="IPLSng">17361.352</dst>
            <dst id="KSCYng">13431.3733333333</dst>
            <dst id="LOSAng">6679.80533333333</dst>
            <dst id="NYCMng">2971.648</dst>
            <dst id="SNVAng">4494.50666666667</dst>
            <dst id="STTLng">3993.08533333333</dst>
            <dst id="WASHng">11691.6533333333</dst>
        </src>
        <src id="LOSAng">
            <dst id="ATLA-M5">791.744</dst>
            <dst id="ATLAng">23909.2826666667</dst>
            <dst id="CHINng">89269.8933333333</dst>
            <dst id="DNVRng">40283.864</dst>
            <dst id="HSTNng">6962.456</dst>
            <dst id="IPLSng">26777.5893333333</dst>
            <dst id="KSCYng">8688.544</dst>
            <dst id="LOSAng">23936.008</dst>
            <dst id="NYCMng">31964.9946666667</dst>
            <dst id="SNVAng">37599.512</dst>
            <dst id="STTLng">24817.3626666667</dst>
            <dst id="WASHng">89309.824</dst>
        </src>
        <src id="NYCMng">
            <dst id="ATLA-M5">601.026666666667</dst>
            <dst id="ATLAng">36530.8746666667</dst>
            <dst id="CHINng">29074.872</dst>
            <dst id="DNVRng">40074.6026666667</dst>
            <dst id="HSTNng">10411.9173333333</dst>
            <dst id="IPLSng">40666.4106666667</dst>
            <dst id="KSCYng">11653.7253333333</dst>
            <dst id="LOSAng">86531.168</dst>
            <dst id="NYCMng">109182.872</dst>
            <dst id="SNVAng">6336.65333333333</dst>
            <dst id="STTLng">16324.5093333333</dst>
            <dst id="WASHng">116006.714666667</dst>
        </src>
        <src id="SNVAng">
            <dst id="ATLA-M5">0</dst>
            <dst id="ATLAng">80</dst>
            <dst id="CHINng">180.362666666667</dst>
            <dst id="DNVRng">60604.12</dst>
            <dst id="HSTNng">236.909333333333</dst>
            <dst id="IPLSng">874.613333333333</dst>
            <dst id="KSCYng">865.306666666667</dst>
            <dst id="LOSAng">32583.7386666667</dst>
            <dst id="NYCMng">458.498666666667</dst>
            <dst id="SNVAng">6673.26133333333</dst>
            <dst id="STTLng">30331.4133333333</dst>
            <dst id="WASHng">1524.38133333333</dst>
        </src>
        <src id="STTLng">
            <dst id="ATLA-M5">56.3306666666667</dst>
            <dst id="ATLAng">9960.44533333333</dst>
            <dst id="CHINng">12021.5946666667</dst>
            <dst id="DNVRng">4713.46666666667</dst>
            <dst id="HSTNng">3709.93866666667</dst>
            <dst id="IPLSng">11221.456</dst>
            <dst id="KSCYng">2192.568</dst>
            <dst id="LOSAng">30935.4453333333</dst>
            <dst id="NYCMng">10945.6853333333</dst>
            <dst id="SNVAng">9015.69866666667</dst>
            <dst id="STTLng">9619.47466666667</dst>
            <dst id="WASHng">11054.9866666667</dst>
        </src>
        <src id="WASHng">
            <dst id="ATLA-M5">169.68</dst>
            <dst id="ATLAng">111042.272</dst>
            <dst id="CHINng">64964.1893333333</dst>
            <dst id="DNVRng">100596.24</dst>
            <dst id="HSTNng">20502.5786666667</dst>
            <dst id="IPLSng">50939.752</dst>
            <dst id="KSCYng">10317.5226666667</dst>
            <dst id="LOSAng">64762.0293333333</dst>
            <dst id="NYCMng">173189.378666667</dst>
            <dst id="SNVAng">21454.7546666667</dst>
            <dst id="STTLng">54576.1013333333</dst>
            <dst id="WASHng">275561.893333333</dst>
        </src>
    </IntraTM>
</TrafficMatrixFile>
