<?xml version="1.0" encoding="ISO-8859-1" standalone="yes"?>
<TrafficMatrixFile xsi:noNamespaceSchemaLocation="http://totem.run.montefiore.ulg.ac.be/Schema/TrafficMatrix-v1_2.xsd" xmlns:xsi="http://www.w3.org/2001/XMLSchema-instance">
    <IntraTM ASID="11537">
        <src id="ATLA-M5">
            <dst id="ATLA-M5">248.237333333333</dst>
            <dst id="ATLAng">198.096</dst>
            <dst id="CHINng">27.8933333333333</dst>
            <dst id="DNVRng">26.6666666666667</dst>
            <dst id="HSTNng">101.837333333333</dst>
            <dst id="IPLSng">67.552</dst>
            <dst id="KSCYng">101.152</dst>
            <dst id="LOSAng">205.650666666667</dst>
            <dst id="NYCMng">26.6666666666667</dst>
            <dst id="SNVAng">0</dst>
            <dst id="STTLng">80.888</dst>
            <dst id="WASHng">851.378666666667</dst>
        </src>
        <src id="ATLAng">
            <dst id="ATLA-M5">316.285333333333</dst>
            <dst id="ATLAng">24552.912</dst>
            <dst id="CHINng">16931.8613333333</dst>
            <dst id="DNVRng">11413.2</dst>
            <dst id="HSTNng">2613.688</dst>
            <dst id="IPLSng">17428.8053333333</dst>
            <dst id="KSCYng">5396.82666666667</dst>
            <dst id="LOSAng">10645.9493333333</dst>
            <dst id="NYCMng">16905.3333333333</dst>
            <dst id="SNVAng">1118.064</dst>
            <dst id="STTLng">7967.86933333333</dst>
            <dst id="WASHng">71770.16</dst>
        </src>
        <src id="CHINng">
            <dst id="ATLA-M5">262.533333333333</dst>
            <dst id="ATLAng">21833</dst>
            <dst id="CHINng">76034.9786666667</dst>
            <dst id="DNVRng">19656.496</dst>
            <dst id="HSTNng">10686.2453333333</dst>
            <dst id="IPLSng">44741.12</dst>
            <dst id="KSCYng">17898.1946666667</dst>
            <dst id="LOSAng">46460.6133333333</dst>
            <dst id="NYCMng">16396.0133333333</dst>
            <dst id="SNVAng">8981.86133333333</dst>
            <dst id="STTLng">8547.01333333333</dst>
            <dst id="WASHng">29344.8373333333</dst>
        </src>
        <src id="DNVRng">
            <dst id="ATLA-M5">207.525333333333</dst>
            <dst id="ATLAng">12981.88</dst>
            <dst id="CHINng">62987.2986666667</dst>
            <dst id="DNVRng">14102.312</dst>
            <dst id="HSTNng">13005.976</dst>
            <dst id="IPLSng">28893.2586666667</dst>
            <dst id="KSCYng">33616.7573333333</dst>
            <dst id="LOSAng">12802.5733333333</dst>
            <dst id="NYCMng">18260.3493333333</dst>
            <dst id="SNVAng">26837.552</dst>
            <dst id="STTLng">14570.72</dst>
            <dst id="WASHng">46866.0346666667</dst>
        </src>
        <src id="HSTNng">
            <dst id="ATLA-M5">4039.45866666667</dst>
            <dst id="ATLAng">5453.88533333333</dst>
            <dst id="CHINng">20229.1493333333</dst>
            <dst id="DNVRng">948.250666666667</dst>
            <dst id="HSTNng">6583.088</dst>
            <dst id="IPLSng">2293.24</dst>
            <dst id="KSCYng">1858.144</dst>
            <dst id="LOSAng">7081.39466666667</dst>
            <dst id="NYCMng">2477.08533333333</dst>
            <dst id="SNVAng">73.832</dst>
            <dst id="STTLng">781.416</dst>
            <dst id="WASHng">5847.09866666667</dst>
        </src>
        <src id="IPLSng">
            <dst id="ATLA-M5">306.656</dst>
            <dst id="ATLAng">20341.6213333333</dst>
            <dst id="CHINng">114862.784</dst>
            <dst id="DNVRng">14626.3786666667</dst>
            <dst id="HSTNng">2408.22133333333</dst>
            <dst id="IPLSng">36402.568</dst>
            <dst id="KSCYng">6072.56</dst>
            <dst id="LOSAng">28013.8586666667</dst>
            <dst id="NYCMng">43106.696</dst>
            <dst id="SNVAng">2918.376</dst>
            <dst id="STTLng">13798.768</dst>
            <dst id="WASHng">21538.3626666667</dst>
        </src>
        <src id="KSCYng">
            <dst id="ATLA-M5">3207.19466666667</dst>
            <dst id="ATLAng">15781.7493333333</dst>
            <dst id="CHINng">20980.3626666667</dst>
            <dst id="DNVRng">11714.0773333333</dst>
            <dst id="HSTNng">6606.472</dst>
            <dst id="IPLSng">10545.9466666667</dst>
            <dst id="KSCYng">6398.568</dst>
            <dst id="LOSAng">9826.17066666667</dst>
            <dst id="NYCMng">6801.928</dst>
            <dst id="SNVAng">2841.48533333333</dst>
            <dst id="STTLng">3313.94133333333</dst>
            <dst id="WASHng">11278</dst>
        </src>
        <src id="LOSAng">
            <dst id="ATLA-M5">743.192</dst>
            <dst id="ATLAng">22889.4373333333</dst>
            <dst id="CHINng">114194.064</dst>
            <dst id="DNVRng">47846.8053333333</dst>
            <dst id="HSTNng">10816.2026666667</dst>
            <dst id="IPLSng">45690.3573333333</dst>
            <dst id="KSCYng">10953.592</dst>
            <dst id="LOSAng">12218.8906666667</dst>
            <dst id="NYCMng">50832.4933333333</dst>
            <dst id="SNVAng">17854.6426666667</dst>
            <dst id="STTLng">25376.136</dst>
            <dst id="WASHng">33537.6746666667</dst>
        </src>
        <src id="NYCMng">
            <dst id="ATLA-M5">733.381333333333</dst>
            <dst id="ATLAng">41669.72</dst>
            <dst id="CHINng">22100.024</dst>
            <dst id="DNVRng">46467.5706666667</dst>
            <dst id="HSTNng">18236.2106666667</dst>
            <dst id="IPLSng">40242.328</dst>
            <dst id="KSCYng">12233.408</dst>
            <dst id="LOSAng">83802.52</dst>
            <dst id="NYCMng">112386.901333333</dst>
            <dst id="SNVAng">8782.77866666667</dst>
            <dst id="STTLng">52074.9813333333</dst>
            <dst id="WASHng">104373.432</dst>
        </src>
        <src id="SNVAng">
            <dst id="ATLA-M5">0</dst>
            <dst id="ATLAng">92.3546666666667</dst>
            <dst id="CHINng">53.3333333333333</dst>
            <dst id="DNVRng">7999.31466666667</dst>
            <dst id="HSTNng">143.917333333333</dst>
            <dst id="IPLSng">2544.992</dst>
            <dst id="KSCYng">53.3333333333333</dst>
            <dst id="LOSAng">38564.12</dst>
            <dst id="NYCMng">263.890666666667</dst>
            <dst id="SNVAng">9247.95733333333</dst>
            <dst id="STTLng">30292.8613333333</dst>
            <dst id="WASHng">277.344</dst>
        </src>
        <src id="STTLng">
            <dst id="ATLA-M5">671.618666666667</dst>
            <dst id="ATLAng">15628.7946666667</dst>
            <dst id="CHINng">25316.24</dst>
            <dst id="DNVRng">8178.49333333333</dst>
            <dst id="HSTNng">3256.56</dst>
            <dst id="IPLSng">9141.864</dst>
            <dst id="KSCYng">5367.69866666667</dst>
            <dst id="LOSAng">39656.4</dst>
            <dst id="NYCMng">16198.3386666667</dst>
            <dst id="SNVAng">8187.33866666667</dst>
            <dst id="STTLng">6567.808</dst>
            <dst id="WASHng">20645.8826666667</dst>
        </src>
        <src id="WASHng">
            <dst id="ATLA-M5">4773.04</dst>
            <dst id="ATLAng">112515.184</dst>
            <dst id="CHINng">80163.392</dst>
            <dst id="DNVRng">118747.176</dst>
            <dst id="HSTNng">23173.1413333333</dst>
            <dst id="IPLSng">85467.3893333333</dst>
            <dst id="KSCYng">15370.0026666667</dst>
            <dst id="LOSAng">66639.9333333333</dst>
            <dst id="NYCMng">184368.845333333</dst>
            <dst id="SNVAng">25505.064</dst>
            <dst id="STTLng">41021.304</dst>
            <dst id="WASHng">267218.826666667</dst>
        </src>
    </IntraTM>
</TrafficMatrixFile>
