<?xml version="1.0" encoding="ISO-8859-1" standalone="yes"?>
<TrafficMatrixFile xsi:noNamespaceSchemaLocation="http://totem.run.montefiore.ulg.ac.be/Schema/TrafficMatrix-v1_2.xsd" xmlns:xsi="http://www.w3.org/2001/XMLSchema-instance">
    <IntraTM ASID="11537">
        <src id="ATLA-M5">
            <dst id="ATLA-M5">146.778666666667</dst>
            <dst id="ATLAng">588.64</dst>
            <dst id="CHINng">512.690666666667</dst>
            <dst id="DNVRng">0</dst>
            <dst id="HSTNng">123.888</dst>
            <dst id="IPLSng">30.5066666666667</dst>
            <dst id="KSCYng">428.808</dst>
            <dst id="LOSAng">72.608</dst>
            <dst id="NYCMng">92.0853333333333</dst>
            <dst id="SNVAng">0</dst>
            <dst id="STTLng">90.0746666666667</dst>
            <dst id="WASHng">1015.208</dst>
        </src>
        <src id="ATLAng">
            <dst id="ATLA-M5">231.026666666667</dst>
            <dst id="ATLAng">29828.5573333333</dst>
            <dst id="CHINng">18042.816</dst>
            <dst id="DNVRng">9639.51733333333</dst>
            <dst id="HSTNng">1654.71733333333</dst>
            <dst id="IPLSng">16010.1626666667</dst>
            <dst id="KSCYng">4792.89866666667</dst>
            <dst id="LOSAng">10397.9226666667</dst>
            <dst id="NYCMng">17386.512</dst>
            <dst id="SNVAng">1087.59733333333</dst>
            <dst id="STTLng">8214.94133333333</dst>
            <dst id="WASHng">77268.192</dst>
        </src>
        <src id="CHINng">
            <dst id="ATLA-M5">594.314666666667</dst>
            <dst id="ATLAng">28010.28</dst>
            <dst id="CHINng">53250.248</dst>
            <dst id="DNVRng">8170.024</dst>
            <dst id="HSTNng">19878.7573333333</dst>
            <dst id="IPLSng">50581.144</dst>
            <dst id="KSCYng">9404.29066666667</dst>
            <dst id="LOSAng">40065.552</dst>
            <dst id="NYCMng">14177.3973333333</dst>
            <dst id="SNVAng">10994.3013333333</dst>
            <dst id="STTLng">9830.94933333333</dst>
            <dst id="WASHng">19806.0053333333</dst>
        </src>
        <src id="DNVRng">
            <dst id="ATLA-M5">238.792</dst>
            <dst id="ATLAng">11025.2586666667</dst>
            <dst id="CHINng">61357.84</dst>
            <dst id="DNVRng">8754.37866666666</dst>
            <dst id="HSTNng">12069.1946666667</dst>
            <dst id="IPLSng">36540.5093333333</dst>
            <dst id="KSCYng">27433.2986666667</dst>
            <dst id="LOSAng">13539.8933333333</dst>
            <dst id="NYCMng">18222.4053333333</dst>
            <dst id="SNVAng">8451.89066666667</dst>
            <dst id="STTLng">12064.0026666667</dst>
            <dst id="WASHng">49465.5413333333</dst>
        </src>
        <src id="HSTNng">
            <dst id="ATLA-M5">1657.944</dst>
            <dst id="ATLAng">8463.43466666667</dst>
            <dst id="CHINng">12566.9093333333</dst>
            <dst id="DNVRng">2304.98933333333</dst>
            <dst id="HSTNng">8319.856</dst>
            <dst id="IPLSng">2157.07466666667</dst>
            <dst id="KSCYng">1375.75733333333</dst>
            <dst id="LOSAng">7962.76533333333</dst>
            <dst id="NYCMng">2916.82666666667</dst>
            <dst id="SNVAng">591.432</dst>
            <dst id="STTLng">828.112</dst>
            <dst id="WASHng">10437.7893333333</dst>
        </src>
        <src id="IPLSng">
            <dst id="ATLA-M5">153.877333333333</dst>
            <dst id="ATLAng">24051.7813333333</dst>
            <dst id="CHINng">102017.498666667</dst>
            <dst id="DNVRng">11537.2693333333</dst>
            <dst id="HSTNng">7278.33866666667</dst>
            <dst id="IPLSng">28202.6613333333</dst>
            <dst id="KSCYng">7750.66933333334</dst>
            <dst id="LOSAng">28259.9813333333</dst>
            <dst id="NYCMng">45852.9973333333</dst>
            <dst id="SNVAng">2910.93333333333</dst>
            <dst id="STTLng">13230.4666666667</dst>
            <dst id="WASHng">28302.0746666667</dst>
        </src>
        <src id="KSCYng">
            <dst id="ATLA-M5">2463.784</dst>
            <dst id="ATLAng">8522.67466666667</dst>
            <dst id="CHINng">20125.5866666667</dst>
            <dst id="DNVRng">14938.4026666667</dst>
            <dst id="HSTNng">2125.792</dst>
            <dst id="IPLSng">11682.1013333333</dst>
            <dst id="KSCYng">4842.08</dst>
            <dst id="LOSAng">10191.352</dst>
            <dst id="NYCMng">6121.45066666667</dst>
            <dst id="SNVAng">2583.376</dst>
            <dst id="STTLng">3517.24</dst>
            <dst id="WASHng">25481.9813333333</dst>
        </src>
        <src id="LOSAng">
            <dst id="ATLA-M5">592.205333333333</dst>
            <dst id="ATLAng">29205.664</dst>
            <dst id="CHINng">108822.730666667</dst>
            <dst id="DNVRng">44590.688</dst>
            <dst id="HSTNng">8594.272</dst>
            <dst id="IPLSng">45963.016</dst>
            <dst id="KSCYng">12930.48</dst>
            <dst id="LOSAng">16430.4773333333</dst>
            <dst id="NYCMng">48348.088</dst>
            <dst id="SNVAng">16318.0826666667</dst>
            <dst id="STTLng">24622.5386666667</dst>
            <dst id="WASHng">36950.9333333333</dst>
        </src>
        <src id="NYCMng">
            <dst id="ATLA-M5">593.834666666667</dst>
            <dst id="ATLAng">40223.3226666667</dst>
            <dst id="CHINng">22719.5146666667</dst>
            <dst id="DNVRng">51494.8426666667</dst>
            <dst id="HSTNng">20538.328</dst>
            <dst id="IPLSng">44917.3813333333</dst>
            <dst id="KSCYng">11554.4586666667</dst>
            <dst id="LOSAng">79019.8213333333</dst>
            <dst id="NYCMng">136314.986666667</dst>
            <dst id="SNVAng">6696.22666666667</dst>
            <dst id="STTLng">50229.5546666667</dst>
            <dst id="WASHng">89025.296</dst>
        </src>
        <src id="SNVAng">
            <dst id="ATLA-M5">0</dst>
            <dst id="ATLAng">176.930666666667</dst>
            <dst id="CHINng">121.24</dst>
            <dst id="DNVRng">4021.992</dst>
            <dst id="HSTNng">196.168</dst>
            <dst id="IPLSng">2722.69333333333</dst>
            <dst id="KSCYng">109.44</dst>
            <dst id="LOSAng">48852.1173333333</dst>
            <dst id="NYCMng">313.322666666667</dst>
            <dst id="SNVAng">9066.42666666667</dst>
            <dst id="STTLng">33843.5466666667</dst>
            <dst id="WASHng">248.405333333333</dst>
        </src>
        <src id="STTLng">
            <dst id="ATLA-M5">701.714666666667</dst>
            <dst id="ATLAng">16010.7946666667</dst>
            <dst id="CHINng">26079.8133333333</dst>
            <dst id="DNVRng">6552.624</dst>
            <dst id="HSTNng">4019.656</dst>
            <dst id="IPLSng">10473.88</dst>
            <dst id="KSCYng">6810.608</dst>
            <dst id="LOSAng">34282.8826666667</dst>
            <dst id="NYCMng">15278.608</dst>
            <dst id="SNVAng">4982.576</dst>
            <dst id="STTLng">3164.50666666667</dst>
            <dst id="WASHng">24359.0586666667</dst>
        </src>
        <src id="WASHng">
            <dst id="ATLA-M5">5625.248</dst>
            <dst id="ATLAng">121514.872</dst>
            <dst id="CHINng">61901.4506666666</dst>
            <dst id="DNVRng">118094.642666667</dst>
            <dst id="HSTNng">18214.5973333333</dst>
            <dst id="IPLSng">97630.1173333333</dst>
            <dst id="KSCYng">18474.608</dst>
            <dst id="LOSAng">60848.2186666666</dst>
            <dst id="NYCMng">202179.133333333</dst>
            <dst id="SNVAng">30955.5973333333</dst>
            <dst id="STTLng">44465.7386666667</dst>
            <dst id="WASHng">313148.8</dst>
        </src>
    </IntraTM>
</TrafficMatrixFile>
