<?xml version="1.0" encoding="ISO-8859-1" standalone="yes"?>
<TrafficMatrixFile xsi:noNamespaceSchemaLocation="http://totem.run.montefiore.ulg.ac.be/Schema/TrafficMatrix-v1_2.xsd" xmlns:xsi="http://www.w3.org/2001/XMLSchema-instance">
    <IntraTM ASID="11537">
        <src id="ATLA-M5">
            <dst id="ATLA-M5">140.461333333333</dst>
            <dst id="ATLAng">2180.15466666667</dst>
            <dst id="CHINng">181.504</dst>
            <dst id="DNVRng">40</dst>
            <dst id="HSTNng">56.5093333333333</dst>
            <dst id="IPLSng">318.922666666667</dst>
            <dst id="KSCYng">0</dst>
            <dst id="LOSAng">252.138666666667</dst>
            <dst id="NYCMng">53.3333333333333</dst>
            <dst id="SNVAng">13.3333333333333</dst>
            <dst id="STTLng">26.6666666666667</dst>
            <dst id="WASHng">2149.584</dst>
        </src>
        <src id="ATLAng">
            <dst id="ATLA-M5">265.704</dst>
            <dst id="ATLAng">13260.9466666667</dst>
            <dst id="CHINng">7368.09066666667</dst>
            <dst id="DNVRng">4503.90133333333</dst>
            <dst id="HSTNng">8569.63466666667</dst>
            <dst id="IPLSng">25020.432</dst>
            <dst id="KSCYng">2196.06666666667</dst>
            <dst id="LOSAng">10021.476</dst>
            <dst id="NYCMng">5306.67466666667</dst>
            <dst id="SNVAng">385.02</dst>
            <dst id="STTLng">8555.128</dst>
            <dst id="WASHng">36781.6613333333</dst>
        </src>
        <src id="CHINng">
            <dst id="ATLA-M5">668.045333333333</dst>
            <dst id="ATLAng">25213.1973333333</dst>
            <dst id="CHINng">58236.3226666666</dst>
            <dst id="DNVRng">22062.112</dst>
            <dst id="HSTNng">9887.512</dst>
            <dst id="IPLSng">27125.456</dst>
            <dst id="KSCYng">13576.0586666667</dst>
            <dst id="LOSAng">45376.6186666667</dst>
            <dst id="NYCMng">9187.88533333334</dst>
            <dst id="SNVAng">7802.32533333333</dst>
            <dst id="STTLng">7554.23466666667</dst>
            <dst id="WASHng">29073.528</dst>
        </src>
        <src id="DNVRng">
            <dst id="ATLA-M5">325.026666666667</dst>
            <dst id="ATLAng">13299.1146666667</dst>
            <dst id="CHINng">52887.752</dst>
            <dst id="DNVRng">18817.1013333333</dst>
            <dst id="HSTNng">17392.2213333333</dst>
            <dst id="IPLSng">45697.8186666667</dst>
            <dst id="KSCYng">37684.5173333333</dst>
            <dst id="LOSAng">21427.5573333333</dst>
            <dst id="NYCMng">13947.7413333333</dst>
            <dst id="SNVAng">17934.5893333333</dst>
            <dst id="STTLng">26785.184</dst>
            <dst id="WASHng">41870.9813333333</dst>
        </src>
        <src id="HSTNng">
            <dst id="ATLA-M5">276.768</dst>
            <dst id="ATLAng">17746.5733333333</dst>
            <dst id="CHINng">14601.3706666667</dst>
            <dst id="DNVRng">1234.86133333333</dst>
            <dst id="HSTNng">15726.8293333333</dst>
            <dst id="IPLSng">3712.81066666667</dst>
            <dst id="KSCYng">2262.65866666667</dst>
            <dst id="LOSAng">2390.53866666667</dst>
            <dst id="NYCMng">3005.64266666667</dst>
            <dst id="SNVAng">26.6666666666667</dst>
            <dst id="STTLng">7632.77333333333</dst>
            <dst id="WASHng">8136.67466666667</dst>
        </src>
        <src id="IPLSng">
            <dst id="ATLA-M5">128.690666666667</dst>
            <dst id="ATLAng">93478.3333333333</dst>
            <dst id="CHINng">69923.84</dst>
            <dst id="DNVRng">12965.5226666667</dst>
            <dst id="HSTNng">6464.56</dst>
            <dst id="IPLSng">23798.5466666667</dst>
            <dst id="KSCYng">4380.22933333333</dst>
            <dst id="LOSAng">25459.992</dst>
            <dst id="NYCMng">23119.64</dst>
            <dst id="SNVAng">4011.35466666667</dst>
            <dst id="STTLng">7351.90933333333</dst>
            <dst id="WASHng">25396.0186666667</dst>
        </src>
        <src id="KSCYng">
            <dst id="ATLA-M5">105.565333333333</dst>
            <dst id="ATLAng">7215.624</dst>
            <dst id="CHINng">13710.2586666667</dst>
            <dst id="DNVRng">13347.92</dst>
            <dst id="HSTNng">7568.12533333333</dst>
            <dst id="IPLSng">16467.9706666667</dst>
            <dst id="KSCYng">12006.5946666667</dst>
            <dst id="LOSAng">7178.22666666667</dst>
            <dst id="NYCMng">2707.28</dst>
            <dst id="SNVAng">4351.41333333333</dst>
            <dst id="STTLng">4065.09066666667</dst>
            <dst id="WASHng">11535.5786666667</dst>
        </src>
        <src id="LOSAng">
            <dst id="ATLA-M5">724.706666666666</dst>
            <dst id="ATLAng">22658.7546666667</dst>
            <dst id="CHINng">88497.032</dst>
            <dst id="DNVRng">64982.6586666667</dst>
            <dst id="HSTNng">7244.07466666667</dst>
            <dst id="IPLSng">27825.9226666667</dst>
            <dst id="KSCYng">8814.58133333333</dst>
            <dst id="LOSAng">24856.4213333333</dst>
            <dst id="NYCMng">35199.624</dst>
            <dst id="SNVAng">30588.912</dst>
            <dst id="STTLng">23740.2</dst>
            <dst id="WASHng">76859.1226666667</dst>
        </src>
        <src id="NYCMng">
            <dst id="ATLA-M5">1058.71733333333</dst>
            <dst id="ATLAng">31044.136</dst>
            <dst id="CHINng">19658.9973333333</dst>
            <dst id="DNVRng">42669.6746666667</dst>
            <dst id="HSTNng">17503.328</dst>
            <dst id="IPLSng">33948.3946666667</dst>
            <dst id="KSCYng">14559.8373333333</dst>
            <dst id="LOSAng">84575.3946666667</dst>
            <dst id="NYCMng">110361.533333333</dst>
            <dst id="SNVAng">8181.2</dst>
            <dst id="STTLng">20064.5386666667</dst>
            <dst id="WASHng">82824.8026666667</dst>
        </src>
        <src id="SNVAng">
            <dst id="ATLA-M5">0</dst>
            <dst id="ATLAng">0</dst>
            <dst id="CHINng">26.6666666666667</dst>
            <dst id="DNVRng">62228.672</dst>
            <dst id="HSTNng">31.9573333333333</dst>
            <dst id="IPLSng">3750.54666666667</dst>
            <dst id="KSCYng">1121.52266666667</dst>
            <dst id="LOSAng">35608.5333333333</dst>
            <dst id="NYCMng">293.922666666667</dst>
            <dst id="SNVAng">5663.51733333333</dst>
            <dst id="STTLng">25284.0506666667</dst>
            <dst id="WASHng">137.744</dst>
        </src>
        <src id="STTLng">
            <dst id="ATLA-M5">26.6666666666667</dst>
            <dst id="ATLAng">10700.192</dst>
            <dst id="CHINng">12698.864</dst>
            <dst id="DNVRng">4473.19466666667</dst>
            <dst id="HSTNng">3585.08</dst>
            <dst id="IPLSng">12635.56</dst>
            <dst id="KSCYng">2226.98933333333</dst>
            <dst id="LOSAng">29130.4906666667</dst>
            <dst id="NYCMng">11292.3493333333</dst>
            <dst id="SNVAng">9165.48</dst>
            <dst id="STTLng">9322.496</dst>
            <dst id="WASHng">10514.456</dst>
        </src>
        <src id="WASHng">
            <dst id="ATLA-M5">107.506666666667</dst>
            <dst id="ATLAng">109607.482666667</dst>
            <dst id="CHINng">72447.728</dst>
            <dst id="DNVRng">100789.749333333</dst>
            <dst id="HSTNng">18576.8506666667</dst>
            <dst id="IPLSng">57974.904</dst>
            <dst id="KSCYng">15094.816</dst>
            <dst id="LOSAng">59036.0346666667</dst>
            <dst id="NYCMng">143943.146666667</dst>
            <dst id="SNVAng">25166.8026666667</dst>
            <dst id="STTLng">48779.0986666667</dst>
            <dst id="WASHng">271601.386666667</dst>
        </src>
    </IntraTM>
</TrafficMatrixFile>
