<?xml version="1.0" encoding="ISO-8859-1" standalone="yes"?>
<TrafficMatrixFile xsi:noNamespaceSchemaLocation="http://totem.run.montefiore.ulg.ac.be/Schema/TrafficMatrix-v1_2.xsd" xmlns:xsi="http://www.w3.org/2001/XMLSchema-instance">
    <IntraTM ASID="11537">
        <src id="ATLA-M5">
            <dst id="ATLA-M5">0</dst>
            <dst id="ATLAng">158.12</dst>
            <dst id="CHINng">119.84</dst>
            <dst id="DNVRng">0</dst>
            <dst id="HSTNng">26.6666666666667</dst>
            <dst id="IPLSng">0</dst>
            <dst id="KSCYng">53.3333333333333</dst>
            <dst id="LOSAng">235.664</dst>
            <dst id="NYCMng">26.6666666666667</dst>
            <dst id="SNVAng">0</dst>
            <dst id="STTLng">26.6666666666667</dst>
            <dst id="WASHng">510.405333333333</dst>
        </src>
        <src id="ATLAng">
            <dst id="ATLA-M5">344.074666666667</dst>
            <dst id="ATLAng">11060.472</dst>
            <dst id="CHINng">3014.904</dst>
            <dst id="DNVRng">3312.06933333333</dst>
            <dst id="HSTNng">1648.2</dst>
            <dst id="IPLSng">26793.7893333333</dst>
            <dst id="KSCYng">485.805333333333</dst>
            <dst id="LOSAng">31270</dst>
            <dst id="NYCMng">3512.288</dst>
            <dst id="SNVAng">179.1</dst>
            <dst id="STTLng">7961.33866666667</dst>
            <dst id="WASHng">27604.072</dst>
        </src>
        <src id="CHINng">
            <dst id="ATLA-M5">41.2906666666667</dst>
            <dst id="ATLAng">21659.7813333333</dst>
            <dst id="CHINng">40442</dst>
            <dst id="DNVRng">11416.44</dst>
            <dst id="HSTNng">6763.42133333333</dst>
            <dst id="IPLSng">44623.536</dst>
            <dst id="KSCYng">3031.76</dst>
            <dst id="LOSAng">36349.6906666667</dst>
            <dst id="NYCMng">6390.424</dst>
            <dst id="SNVAng">885.045333333333</dst>
            <dst id="STTLng">5377.35733333333</dst>
            <dst id="WASHng">22772.4106666667</dst>
        </src>
        <src id="DNVRng">
            <dst id="ATLA-M5">321.429333333333</dst>
            <dst id="ATLAng">2359.00266666667</dst>
            <dst id="CHINng">58953.056</dst>
            <dst id="DNVRng">8901.27466666667</dst>
            <dst id="HSTNng">15944.536</dst>
            <dst id="IPLSng">33293.9146666667</dst>
            <dst id="KSCYng">20483.0773333333</dst>
            <dst id="LOSAng">12095.8106666667</dst>
            <dst id="NYCMng">9575.65333333333</dst>
            <dst id="SNVAng">12167.8053333333</dst>
            <dst id="STTLng">20464.9013333333</dst>
            <dst id="WASHng">29469.5573333333</dst>
        </src>
        <src id="HSTNng">
            <dst id="ATLA-M5">214.101333333333</dst>
            <dst id="ATLAng">12220.1173333333</dst>
            <dst id="CHINng">5694.59733333333</dst>
            <dst id="DNVRng">761.216</dst>
            <dst id="HSTNng">13141.76</dst>
            <dst id="IPLSng">1098.664</dst>
            <dst id="KSCYng">925.005333333333</dst>
            <dst id="LOSAng">6519.10933333333</dst>
            <dst id="NYCMng">10015.344</dst>
            <dst id="SNVAng">108.629333333333</dst>
            <dst id="STTLng">1203.696</dst>
            <dst id="WASHng">1123.98933333333</dst>
        </src>
        <src id="IPLSng">
            <dst id="ATLA-M5">0</dst>
            <dst id="ATLAng">15296.5973333333</dst>
            <dst id="CHINng">72591.56</dst>
            <dst id="DNVRng">12210.8533333333</dst>
            <dst id="HSTNng">4024.256</dst>
            <dst id="IPLSng">9448.92266666667</dst>
            <dst id="KSCYng">2881.368</dst>
            <dst id="LOSAng">20811.296</dst>
            <dst id="NYCMng">21077.944</dst>
            <dst id="SNVAng">519.368</dst>
            <dst id="STTLng">8682.22133333333</dst>
            <dst id="WASHng">22505.3093333333</dst>
        </src>
        <src id="KSCYng">
            <dst id="ATLA-M5">802.293333333334</dst>
            <dst id="ATLAng">2595.31733333333</dst>
            <dst id="CHINng">10726.096</dst>
            <dst id="DNVRng">9167.78133333333</dst>
            <dst id="HSTNng">11604.704</dst>
            <dst id="IPLSng">15085.56</dst>
            <dst id="KSCYng">4635.768</dst>
            <dst id="LOSAng">15876.5973333333</dst>
            <dst id="NYCMng">3897.02666666667</dst>
            <dst id="SNVAng">4471.31466666667</dst>
            <dst id="STTLng">7745.65066666667</dst>
            <dst id="WASHng">7338.18933333333</dst>
        </src>
        <src id="LOSAng">
            <dst id="ATLA-M5">482.272</dst>
            <dst id="ATLAng">20777.5386666667</dst>
            <dst id="CHINng">62024.488</dst>
            <dst id="DNVRng">21467.2186666667</dst>
            <dst id="HSTNng">2715.984</dst>
            <dst id="IPLSng">24996.856</dst>
            <dst id="KSCYng">3799.62933333333</dst>
            <dst id="LOSAng">26906.728</dst>
            <dst id="NYCMng">40473.5733333333</dst>
            <dst id="SNVAng">12830.5813333333</dst>
            <dst id="STTLng">24327.296</dst>
            <dst id="WASHng">20322.192</dst>
        </src>
        <src id="NYCMng">
            <dst id="ATLA-M5">151.114666666667</dst>
            <dst id="ATLAng">31919.0213333333</dst>
            <dst id="CHINng">14384.968</dst>
            <dst id="DNVRng">26741.3786666667</dst>
            <dst id="HSTNng">13710.3413333333</dst>
            <dst id="IPLSng">22559.464</dst>
            <dst id="KSCYng">6589.78666666667</dst>
            <dst id="LOSAng">77502.16</dst>
            <dst id="NYCMng">64105.256</dst>
            <dst id="SNVAng">2380.064</dst>
            <dst id="STTLng">19191.8133333333</dst>
            <dst id="WASHng">32928.9706666667</dst>
        </src>
        <src id="SNVAng">
            <dst id="ATLA-M5">0</dst>
            <dst id="ATLAng">669.565333333333</dst>
            <dst id="CHINng">26.6666666666667</dst>
            <dst id="DNVRng">1284.54133333333</dst>
            <dst id="HSTNng">26.6666666666667</dst>
            <dst id="IPLSng">265.077333333333</dst>
            <dst id="KSCYng">0</dst>
            <dst id="LOSAng">34157.7626666667</dst>
            <dst id="NYCMng">340.864</dst>
            <dst id="SNVAng">6457.73066666667</dst>
            <dst id="STTLng">28770.5066666667</dst>
            <dst id="WASHng">26.6666666666667</dst>
        </src>
        <src id="STTLng">
            <dst id="ATLA-M5">327.898666666667</dst>
            <dst id="ATLAng">8329.12533333333</dst>
            <dst id="CHINng">12542.352</dst>
            <dst id="DNVRng">4269.76266666667</dst>
            <dst id="HSTNng">1532.696</dst>
            <dst id="IPLSng">8294.82133333334</dst>
            <dst id="KSCYng">2588.45866666667</dst>
            <dst id="LOSAng">15796.232</dst>
            <dst id="NYCMng">9629.832</dst>
            <dst id="SNVAng">2224.264</dst>
            <dst id="STTLng">4306.08</dst>
            <dst id="WASHng">5478.29866666667</dst>
        </src>
        <src id="WASHng">
            <dst id="ATLA-M5">974.92</dst>
            <dst id="ATLAng">58854.1253333333</dst>
            <dst id="CHINng">43070.4</dst>
            <dst id="DNVRng">70044.1493333333</dst>
            <dst id="HSTNng">10392.3973333333</dst>
            <dst id="IPLSng">62392.16</dst>
            <dst id="KSCYng">20550.6906666667</dst>
            <dst id="LOSAng">66400.24</dst>
            <dst id="NYCMng">141396.981333333</dst>
            <dst id="SNVAng">4884.15733333333</dst>
            <dst id="STTLng">53114.7893333333</dst>
            <dst id="WASHng">191390.864</dst>
        </src>
    </IntraTM>
</TrafficMatrixFile>
