<?xml version="1.0" encoding="ISO-8859-1" standalone="yes"?>
<TrafficMatrixFile xsi:noNamespaceSchemaLocation="http://totem.run.montefiore.ulg.ac.be/Schema/TrafficMatrix-v1_2.xsd" xmlns:xsi="http://www.w3.org/2001/XMLSchema-instance">
    <IntraTM ASID="11537">
        <src id="ATLA-M5">
            <dst id="ATLA-M5">94.624</dst>
            <dst id="ATLAng">4945.06933333333</dst>
            <dst id="CHINng">118.914666666667</dst>
            <dst id="DNVRng">53.3333333333333</dst>
            <dst id="HSTNng">81.9573333333333</dst>
            <dst id="IPLSng">273.893333333333</dst>
            <dst id="KSCYng">26.6666666666667</dst>
            <dst id="LOSAng">303.528</dst>
            <dst id="NYCMng">408.456</dst>
            <dst id="SNVAng">0</dst>
            <dst id="STTLng">90.976</dst>
            <dst id="WASHng">347.352</dst>
        </src>
        <src id="ATLAng">
            <dst id="ATLA-M5">320.416</dst>
            <dst id="ATLAng">16312.888</dst>
            <dst id="CHINng">5377.13866666667</dst>
            <dst id="DNVRng">2642.93333333333</dst>
            <dst id="HSTNng">7739.176</dst>
            <dst id="IPLSng">42205.1813333333</dst>
            <dst id="KSCYng">2659.56</dst>
            <dst id="LOSAng">11284.7053333333</dst>
            <dst id="NYCMng">5483.04266666667</dst>
            <dst id="SNVAng">1531.228</dst>
            <dst id="STTLng">8044.61066666667</dst>
            <dst id="WASHng">38745.936</dst>
        </src>
        <src id="CHINng">
            <dst id="ATLA-M5">260.730666666667</dst>
            <dst id="ATLAng">28506.9813333333</dst>
            <dst id="CHINng">56641.6586666667</dst>
            <dst id="DNVRng">21819.3706666667</dst>
            <dst id="HSTNng">10517.456</dst>
            <dst id="IPLSng">28059.4586666667</dst>
            <dst id="KSCYng">18835.1466666667</dst>
            <dst id="LOSAng">48090.8586666667</dst>
            <dst id="NYCMng">16395.496</dst>
            <dst id="SNVAng">8605.43466666667</dst>
            <dst id="STTLng">3672.776</dst>
            <dst id="WASHng">32087.1653333333</dst>
        </src>
        <src id="DNVRng">
            <dst id="ATLA-M5">881.013333333333</dst>
            <dst id="ATLAng">8144.17866666666</dst>
            <dst id="CHINng">53722.3706666667</dst>
            <dst id="DNVRng">16572.1893333333</dst>
            <dst id="HSTNng">20281.688</dst>
            <dst id="IPLSng">55480.864</dst>
            <dst id="KSCYng">38121.6666666667</dst>
            <dst id="LOSAng">14736.352</dst>
            <dst id="NYCMng">14736.3813333333</dst>
            <dst id="SNVAng">18422.752</dst>
            <dst id="STTLng">26514.0773333333</dst>
            <dst id="WASHng">48363.7493333333</dst>
        </src>
        <src id="HSTNng">
            <dst id="ATLA-M5">258.709333333333</dst>
            <dst id="ATLAng">9814.70933333333</dst>
            <dst id="CHINng">11367</dst>
            <dst id="DNVRng">869.674666666666</dst>
            <dst id="HSTNng">18254.4426666667</dst>
            <dst id="IPLSng">5400.30933333333</dst>
            <dst id="KSCYng">2072.14933333333</dst>
            <dst id="LOSAng">3584.68266666667</dst>
            <dst id="NYCMng">2503.57866666667</dst>
            <dst id="SNVAng">347.528</dst>
            <dst id="STTLng">7619.53333333333</dst>
            <dst id="WASHng">7429.93333333333</dst>
        </src>
        <src id="IPLSng">
            <dst id="ATLA-M5">196.357333333333</dst>
            <dst id="ATLAng">24640.9946666667</dst>
            <dst id="CHINng">57784.328</dst>
            <dst id="DNVRng">14557.44</dst>
            <dst id="HSTNng">3151.93866666667</dst>
            <dst id="IPLSng">25908.9706666667</dst>
            <dst id="KSCYng">4713.408</dst>
            <dst id="LOSAng">27595.7973333333</dst>
            <dst id="NYCMng">31084.728</dst>
            <dst id="SNVAng">3234.24533333333</dst>
            <dst id="STTLng">8473.51466666667</dst>
            <dst id="WASHng">39898.3333333333</dst>
        </src>
        <src id="KSCYng">
            <dst id="ATLA-M5">129.802666666667</dst>
            <dst id="ATLAng">7574.81066666667</dst>
            <dst id="CHINng">17573.432</dst>
            <dst id="DNVRng">12882.2986666667</dst>
            <dst id="HSTNng">6985.70133333333</dst>
            <dst id="IPLSng">17983.3573333333</dst>
            <dst id="KSCYng">15757.176</dst>
            <dst id="LOSAng">6858.56</dst>
            <dst id="NYCMng">2773.04533333333</dst>
            <dst id="SNVAng">4033.69066666667</dst>
            <dst id="STTLng">4665.33333333333</dst>
            <dst id="WASHng">13409.8053333333</dst>
        </src>
        <src id="LOSAng">
            <dst id="ATLA-M5">760.056</dst>
            <dst id="ATLAng">28834.0426666667</dst>
            <dst id="CHINng">84292.8853333333</dst>
            <dst id="DNVRng">40396.808</dst>
            <dst id="HSTNng">9956.77866666667</dst>
            <dst id="IPLSng">35535.0906666667</dst>
            <dst id="KSCYng">8061.11466666667</dst>
            <dst id="LOSAng">24635.6693333333</dst>
            <dst id="NYCMng">35158.6666666667</dst>
            <dst id="SNVAng">34859.3786666667</dst>
            <dst id="STTLng">24763.4293333333</dst>
            <dst id="WASHng">84557.1653333334</dst>
        </src>
        <src id="NYCMng">
            <dst id="ATLA-M5">393.533333333333</dst>
            <dst id="ATLAng">36701.104</dst>
            <dst id="CHINng">38317.9813333333</dst>
            <dst id="DNVRng">40553.0453333333</dst>
            <dst id="HSTNng">16282.0906666667</dst>
            <dst id="IPLSng">43340.7306666667</dst>
            <dst id="KSCYng">12902.3066666667</dst>
            <dst id="LOSAng">91903.416</dst>
            <dst id="NYCMng">91760.9546666667</dst>
            <dst id="SNVAng">7046.512</dst>
            <dst id="STTLng">17901.5813333333</dst>
            <dst id="WASHng">96581.8826666667</dst>
        </src>
        <src id="SNVAng">
            <dst id="ATLA-M5">0</dst>
            <dst id="ATLAng">26.6666666666667</dst>
            <dst id="CHINng">191.048</dst>
            <dst id="DNVRng">52792.52</dst>
            <dst id="HSTNng">63.1466666666667</dst>
            <dst id="IPLSng">342.336</dst>
            <dst id="KSCYng">1534.21333333333</dst>
            <dst id="LOSAng">35585.808</dst>
            <dst id="NYCMng">370.872</dst>
            <dst id="SNVAng">7033.27733333333</dst>
            <dst id="STTLng">31978.0533333333</dst>
            <dst id="WASHng">264.965333333333</dst>
        </src>
        <src id="STTLng">
            <dst id="ATLA-M5">160.461333333333</dst>
            <dst id="ATLAng">10270.7066666667</dst>
            <dst id="CHINng">13140.5386666667</dst>
            <dst id="DNVRng">5916.27733333333</dst>
            <dst id="HSTNng">4112.81866666667</dst>
            <dst id="IPLSng">10718.4533333333</dst>
            <dst id="KSCYng">3053.92533333333</dst>
            <dst id="LOSAng">33241.848</dst>
            <dst id="NYCMng">11360.16</dst>
            <dst id="SNVAng">8824.89333333333</dst>
            <dst id="STTLng">6025.464</dst>
            <dst id="WASHng">12423.808</dst>
        </src>
        <src id="WASHng">
            <dst id="ATLA-M5">217.013333333333</dst>
            <dst id="ATLAng">142633.861333333</dst>
            <dst id="CHINng">80530.68</dst>
            <dst id="DNVRng">116408.261333333</dst>
            <dst id="HSTNng">31657.648</dst>
            <dst id="IPLSng">66217.5893333333</dst>
            <dst id="KSCYng">14154.304</dst>
            <dst id="LOSAng">56929.0213333334</dst>
            <dst id="NYCMng">173507.816</dst>
            <dst id="SNVAng">14949.6826666667</dst>
            <dst id="STTLng">52589.496</dst>
            <dst id="WASHng">237088.058666667</dst>
        </src>
    </IntraTM>
</TrafficMatrixFile>
