<?xml version="1.0" encoding="ISO-8859-1" standalone="yes"?>
<TrafficMatrixFile xsi:noNamespaceSchemaLocation="http://totem.run.montefiore.ulg.ac.be/Schema/TrafficMatrix-v1_2.xsd" xmlns:xsi="http://www.w3.org/2001/XMLSchema-instance">
    <IntraTM ASID="11537">
        <src id="ATLA-M5">
            <dst id="ATLA-M5">0</dst>
            <dst id="ATLAng">242.250666666667</dst>
            <dst id="CHINng">106.666666666667</dst>
            <dst id="DNVRng">26.6666666666667</dst>
            <dst id="HSTNng">0</dst>
            <dst id="IPLSng">0</dst>
            <dst id="KSCYng">0</dst>
            <dst id="LOSAng">451.461333333333</dst>
            <dst id="NYCMng">1235.25333333333</dst>
            <dst id="SNVAng">13.3333333333333</dst>
            <dst id="STTLng">26.6666666666667</dst>
            <dst id="WASHng">1274.38933333333</dst>
        </src>
        <src id="ATLAng">
            <dst id="ATLA-M5">84.92</dst>
            <dst id="ATLAng">22571.28</dst>
            <dst id="CHINng">16575.2026666667</dst>
            <dst id="DNVRng">2959.96266666667</dst>
            <dst id="HSTNng">737.197333333333</dst>
            <dst id="IPLSng">18603.7573333333</dst>
            <dst id="KSCYng">905.570666666667</dst>
            <dst id="LOSAng">9549.50933333333</dst>
            <dst id="NYCMng">8555.4</dst>
            <dst id="SNVAng">939.218666666667</dst>
            <dst id="STTLng">7024.08533333333</dst>
            <dst id="WASHng">72641.7093333333</dst>
        </src>
        <src id="CHINng">
            <dst id="ATLA-M5">424.674666666667</dst>
            <dst id="ATLAng">11674.0693333333</dst>
            <dst id="CHINng">115954.730666667</dst>
            <dst id="DNVRng">9766.96266666666</dst>
            <dst id="HSTNng">3988.89866666667</dst>
            <dst id="IPLSng">32579.9653333333</dst>
            <dst id="KSCYng">3753.23733333333</dst>
            <dst id="LOSAng">28721.8826666667</dst>
            <dst id="NYCMng">12235.6293333333</dst>
            <dst id="SNVAng">1727.73066666667</dst>
            <dst id="STTLng">5369.12</dst>
            <dst id="WASHng">30888.272</dst>
        </src>
        <src id="DNVRng">
            <dst id="ATLA-M5">125.546666666667</dst>
            <dst id="ATLAng">10392.6613333333</dst>
            <dst id="CHINng">66740.6106666667</dst>
            <dst id="DNVRng">2885.192</dst>
            <dst id="HSTNng">21513.2613333333</dst>
            <dst id="IPLSng">28439.7493333333</dst>
            <dst id="KSCYng">8859.016</dst>
            <dst id="LOSAng">7004.69333333333</dst>
            <dst id="NYCMng">17289.568</dst>
            <dst id="SNVAng">5361.69066666667</dst>
            <dst id="STTLng">8700.42133333334</dst>
            <dst id="WASHng">36151.8026666667</dst>
        </src>
        <src id="HSTNng">
            <dst id="ATLA-M5">177.394666666667</dst>
            <dst id="ATLAng">3113.824</dst>
            <dst id="CHINng">15056.4853333333</dst>
            <dst id="DNVRng">918.842666666667</dst>
            <dst id="HSTNng">10702.4346666667</dst>
            <dst id="IPLSng">3704.504</dst>
            <dst id="KSCYng">622.058666666667</dst>
            <dst id="LOSAng">7461.76</dst>
            <dst id="NYCMng">2461.13866666667</dst>
            <dst id="SNVAng">56.0666666666667</dst>
            <dst id="STTLng">298.568</dst>
            <dst id="WASHng">3487.27733333333</dst>
        </src>
        <src id="IPLSng">
            <dst id="ATLA-M5">29.7493333333333</dst>
            <dst id="ATLAng">26403.8666666667</dst>
            <dst id="CHINng">69099.6186666666</dst>
            <dst id="DNVRng">12596.2266666667</dst>
            <dst id="HSTNng">5414.47733333333</dst>
            <dst id="IPLSng">12165.744</dst>
            <dst id="KSCYng">9292.54666666667</dst>
            <dst id="LOSAng">12137.6453333333</dst>
            <dst id="NYCMng">26396.12</dst>
            <dst id="SNVAng">452.210666666667</dst>
            <dst id="STTLng">9798.856</dst>
            <dst id="WASHng">15678.4373333333</dst>
        </src>
        <src id="KSCYng">
            <dst id="ATLA-M5">0</dst>
            <dst id="ATLAng">2565.82933333333</dst>
            <dst id="CHINng">19771.8613333333</dst>
            <dst id="DNVRng">7063.10933333333</dst>
            <dst id="HSTNng">2510.94666666667</dst>
            <dst id="IPLSng">5639.752</dst>
            <dst id="KSCYng">3065.76</dst>
            <dst id="LOSAng">3545.792</dst>
            <dst id="NYCMng">1686.464</dst>
            <dst id="SNVAng">9192.69333333333</dst>
            <dst id="STTLng">2355.288</dst>
            <dst id="WASHng">20279.8426666667</dst>
        </src>
        <src id="LOSAng">
            <dst id="ATLA-M5">1736.18933333333</dst>
            <dst id="ATLAng">9358.424</dst>
            <dst id="CHINng">112521.338666667</dst>
            <dst id="DNVRng">19168.7573333333</dst>
            <dst id="HSTNng">11376.784</dst>
            <dst id="IPLSng">11813.9226666667</dst>
            <dst id="KSCYng">3118.65333333333</dst>
            <dst id="LOSAng">8106.65866666667</dst>
            <dst id="NYCMng">29083.0746666667</dst>
            <dst id="SNVAng">9439.40533333333</dst>
            <dst id="STTLng">30462.808</dst>
            <dst id="WASHng">26453.76</dst>
        </src>
        <src id="NYCMng">
            <dst id="ATLA-M5">326.013333333333</dst>
            <dst id="ATLAng">21962.2506666667</dst>
            <dst id="CHINng">15556.2266666667</dst>
            <dst id="DNVRng">30002.6453333333</dst>
            <dst id="HSTNng">4392.39466666667</dst>
            <dst id="IPLSng">17130.9893333333</dst>
            <dst id="KSCYng">4231.48</dst>
            <dst id="LOSAng">64610.6773333333</dst>
            <dst id="NYCMng">109053.109333333</dst>
            <dst id="SNVAng">731.968</dst>
            <dst id="STTLng">18013.1413333333</dst>
            <dst id="WASHng">48772.504</dst>
        </src>
        <src id="SNVAng">
            <dst id="ATLA-M5">0</dst>
            <dst id="ATLAng">152.245333333333</dst>
            <dst id="CHINng">106.666666666667</dst>
            <dst id="DNVRng">3805.70133333333</dst>
            <dst id="HSTNng">53.3333333333333</dst>
            <dst id="IPLSng">275.130666666667</dst>
            <dst id="KSCYng">0</dst>
            <dst id="LOSAng">30446.4906666667</dst>
            <dst id="NYCMng">595.957333333333</dst>
            <dst id="SNVAng">3458.89333333333</dst>
            <dst id="STTLng">28658.4746666667</dst>
            <dst id="WASHng">646.130666666667</dst>
        </src>
        <src id="STTLng">
            <dst id="ATLA-M5">0</dst>
            <dst id="ATLAng">13018.6693333333</dst>
            <dst id="CHINng">27857.76</dst>
            <dst id="DNVRng">1547.66666666667</dst>
            <dst id="HSTNng">1914.64</dst>
            <dst id="IPLSng">4180.62666666667</dst>
            <dst id="KSCYng">2460.256</dst>
            <dst id="LOSAng">13009.1093333333</dst>
            <dst id="NYCMng">10549.272</dst>
            <dst id="SNVAng">1866.13333333333</dst>
            <dst id="STTLng">900.797333333333</dst>
            <dst id="WASHng">9770.62133333334</dst>
        </src>
        <src id="WASHng">
            <dst id="ATLA-M5">972</dst>
            <dst id="ATLAng">94828.768</dst>
            <dst id="CHINng">64449.2346666667</dst>
            <dst id="DNVRng">48299.464</dst>
            <dst id="HSTNng">16588.68</dst>
            <dst id="IPLSng">60869.4666666667</dst>
            <dst id="KSCYng">10060.9173333333</dst>
            <dst id="LOSAng">63718.92</dst>
            <dst id="NYCMng">139957.082666667</dst>
            <dst id="SNVAng">3446.61333333333</dst>
            <dst id="STTLng">38447.5893333333</dst>
            <dst id="WASHng">302298.346666667</dst>
        </src>
    </IntraTM>
</TrafficMatrixFile>
