<?xml version="1.0" encoding="ISO-8859-1" standalone="yes"?>
<TrafficMatrixFile xsi:noNamespaceSchemaLocation="http://totem.run.montefiore.ulg.ac.be/Schema/TrafficMatrix-v1_2.xsd" xmlns:xsi="http://www.w3.org/2001/XMLSchema-instance">
    <IntraTM ASID="11537">
        <src id="ATLA-M5">
            <dst id="ATLA-M5">0</dst>
            <dst id="ATLAng">0</dst>
            <dst id="CHINng">77.472</dst>
            <dst id="DNVRng">0</dst>
            <dst id="HSTNng">104.701333333333</dst>
            <dst id="IPLSng">0</dst>
            <dst id="KSCYng">0</dst>
            <dst id="LOSAng">316.752</dst>
            <dst id="NYCMng">26.6666666666667</dst>
            <dst id="SNVAng">0</dst>
            <dst id="STTLng">0</dst>
            <dst id="WASHng">783.533333333333</dst>
        </src>
        <src id="ATLAng">
            <dst id="ATLA-M5">265.032</dst>
            <dst id="ATLAng">4023.50933333333</dst>
            <dst id="CHINng">3250.85066666667</dst>
            <dst id="DNVRng">8606.008</dst>
            <dst id="HSTNng">345.941333333333</dst>
            <dst id="IPLSng">24825.8</dst>
            <dst id="KSCYng">443.32</dst>
            <dst id="LOSAng">6328.27866666667</dst>
            <dst id="NYCMng">5893.04</dst>
            <dst id="SNVAng">198.278666666667</dst>
            <dst id="STTLng">10247.832</dst>
            <dst id="WASHng">26715.3413333333</dst>
        </src>
        <src id="CHINng">
            <dst id="ATLA-M5">83.6266666666667</dst>
            <dst id="ATLAng">5318.192</dst>
            <dst id="CHINng">63162.7546666667</dst>
            <dst id="DNVRng">7560.05066666666</dst>
            <dst id="HSTNng">3549.63733333333</dst>
            <dst id="IPLSng">112657.642666667</dst>
            <dst id="KSCYng">17213.088</dst>
            <dst id="LOSAng">34729.2373333333</dst>
            <dst id="NYCMng">8253.26933333333</dst>
            <dst id="SNVAng">673.493333333333</dst>
            <dst id="STTLng">3753.89333333333</dst>
            <dst id="WASHng">11592.6106666667</dst>
        </src>
        <src id="DNVRng">
            <dst id="ATLA-M5">159.477333333333</dst>
            <dst id="ATLAng">1549.94933333333</dst>
            <dst id="CHINng">50516.5546666667</dst>
            <dst id="DNVRng">3598.81066666667</dst>
            <dst id="HSTNng">11205.72</dst>
            <dst id="IPLSng">35112.904</dst>
            <dst id="KSCYng">11353.1866666667</dst>
            <dst id="LOSAng">9069.48266666667</dst>
            <dst id="NYCMng">16448.536</dst>
            <dst id="SNVAng">7034.22666666667</dst>
            <dst id="STTLng">5505.73333333333</dst>
            <dst id="WASHng">37137.0666666667</dst>
        </src>
        <src id="HSTNng">
            <dst id="ATLA-M5">2557.35466666667</dst>
            <dst id="ATLAng">1171.51733333333</dst>
            <dst id="CHINng">12042.5946666667</dst>
            <dst id="DNVRng">770.485333333333</dst>
            <dst id="HSTNng">16479.928</dst>
            <dst id="IPLSng">3213.52266666667</dst>
            <dst id="KSCYng">568.752</dst>
            <dst id="LOSAng">5582.072</dst>
            <dst id="NYCMng">1032.81866666667</dst>
            <dst id="SNVAng">59.2746666666667</dst>
            <dst id="STTLng">248.085333333333</dst>
            <dst id="WASHng">3267.608</dst>
        </src>
        <src id="IPLSng">
            <dst id="ATLA-M5">0</dst>
            <dst id="ATLAng">12831.9413333333</dst>
            <dst id="CHINng">59193.3413333333</dst>
            <dst id="DNVRng">10521.2586666667</dst>
            <dst id="HSTNng">658.125333333333</dst>
            <dst id="IPLSng">5151.704</dst>
            <dst id="KSCYng">1690.93333333333</dst>
            <dst id="LOSAng">13157.4453333333</dst>
            <dst id="NYCMng">18698.3253333333</dst>
            <dst id="SNVAng">500.210666666667</dst>
            <dst id="STTLng">10563.2586666667</dst>
            <dst id="WASHng">7221.77066666667</dst>
        </src>
        <src id="KSCYng">
            <dst id="ATLA-M5">0</dst>
            <dst id="ATLAng">9034.95466666666</dst>
            <dst id="CHINng">15958.6053333333</dst>
            <dst id="DNVRng">12157.3333333333</dst>
            <dst id="HSTNng">2271.26133333333</dst>
            <dst id="IPLSng">10430.1866666667</dst>
            <dst id="KSCYng">4617.58933333333</dst>
            <dst id="LOSAng">4364.09066666667</dst>
            <dst id="NYCMng">5033.55466666667</dst>
            <dst id="SNVAng">2268.74133333333</dst>
            <dst id="STTLng">2963.05333333333</dst>
            <dst id="WASHng">5527.856</dst>
        </src>
        <src id="LOSAng">
            <dst id="ATLA-M5">418.789333333333</dst>
            <dst id="ATLAng">24463.2</dst>
            <dst id="CHINng">119159.768</dst>
            <dst id="DNVRng">26752.3413333333</dst>
            <dst id="HSTNng">2547.53333333333</dst>
            <dst id="IPLSng">10778.3893333333</dst>
            <dst id="KSCYng">2250.82666666667</dst>
            <dst id="LOSAng">10265.712</dst>
            <dst id="NYCMng">35511.2853333333</dst>
            <dst id="SNVAng">10022.2506666667</dst>
            <dst id="STTLng">34108.7306666667</dst>
            <dst id="WASHng">21533.656</dst>
        </src>
        <src id="NYCMng">
            <dst id="ATLA-M5">288.536</dst>
            <dst id="ATLAng">24601.9946666667</dst>
            <dst id="CHINng">12160.3466666667</dst>
            <dst id="DNVRng">34667.536</dst>
            <dst id="HSTNng">2374.66933333333</dst>
            <dst id="IPLSng">31156.9253333333</dst>
            <dst id="KSCYng">7622.61066666666</dst>
            <dst id="LOSAng">72037.8186666667</dst>
            <dst id="NYCMng">100524.162666667</dst>
            <dst id="SNVAng">829.472</dst>
            <dst id="STTLng">21223.6773333333</dst>
            <dst id="WASHng">41200.4666666667</dst>
        </src>
        <src id="SNVAng">
            <dst id="ATLA-M5">0</dst>
            <dst id="ATLAng">0</dst>
            <dst id="CHINng">26.6666666666667</dst>
            <dst id="DNVRng">1091.77333333333</dst>
            <dst id="HSTNng">39.5306666666667</dst>
            <dst id="IPLSng">405.050666666667</dst>
            <dst id="KSCYng">26.6666666666667</dst>
            <dst id="LOSAng">32720.088</dst>
            <dst id="NYCMng">8272.01066666667</dst>
            <dst id="SNVAng">7653.07466666667</dst>
            <dst id="STTLng">31063.5946666667</dst>
            <dst id="WASHng">87.3626666666667</dst>
        </src>
        <src id="STTLng">
            <dst id="ATLA-M5">0</dst>
            <dst id="ATLAng">7679.21866666667</dst>
            <dst id="CHINng">23381</dst>
            <dst id="DNVRng">1586.11733333333</dst>
            <dst id="HSTNng">1391.016</dst>
            <dst id="IPLSng">5034.85866666667</dst>
            <dst id="KSCYng">618.810666666667</dst>
            <dst id="LOSAng">14042.4826666667</dst>
            <dst id="NYCMng">12264.5546666667</dst>
            <dst id="SNVAng">1502.01333333333</dst>
            <dst id="STTLng">861.256</dst>
            <dst id="WASHng">3734.944</dst>
        </src>
        <src id="WASHng">
            <dst id="ATLA-M5">754.717333333333</dst>
            <dst id="ATLAng">105578.424</dst>
            <dst id="CHINng">25692.1733333333</dst>
            <dst id="DNVRng">50907.6506666667</dst>
            <dst id="HSTNng">16516.9893333333</dst>
            <dst id="IPLSng">45846.1866666667</dst>
            <dst id="KSCYng">3188.38933333333</dst>
            <dst id="LOSAng">69395.48</dst>
            <dst id="NYCMng">100430.650666667</dst>
            <dst id="SNVAng">7570.77333333333</dst>
            <dst id="STTLng">30418.488</dst>
            <dst id="WASHng">433157.786666667</dst>
        </src>
    </IntraTM>
</TrafficMatrixFile>
