<?xml version="1.0" encoding="ISO-8859-1" standalone="yes"?>
<TrafficMatrixFile xsi:noNamespaceSchemaLocation="http://totem.run.montefiore.ulg.ac.be/Schema/TrafficMatrix-v1_2.xsd" xmlns:xsi="http://www.w3.org/2001/XMLSchema-instance">
    <IntraTM ASID="11537">
        <src id="ATLA-M5">
            <dst id="ATLA-M5">0</dst>
            <dst id="ATLAng">0</dst>
            <dst id="CHINng">141.562666666667</dst>
            <dst id="DNVRng">26.6666666666667</dst>
            <dst id="HSTNng">110.386666666667</dst>
            <dst id="IPLSng">456.346666666667</dst>
            <dst id="KSCYng">26.6666666666667</dst>
            <dst id="LOSAng">321.08</dst>
            <dst id="NYCMng">524.936</dst>
            <dst id="SNVAng">0</dst>
            <dst id="STTLng">26.6666666666667</dst>
            <dst id="WASHng">145.682666666667</dst>
        </src>
        <src id="ATLAng">
            <dst id="ATLA-M5">348.794666666667</dst>
            <dst id="ATLAng">6638.11466666667</dst>
            <dst id="CHINng">5697.37066666667</dst>
            <dst id="DNVRng">1475.936</dst>
            <dst id="HSTNng">1566.66666666667</dst>
            <dst id="IPLSng">27329.4613333333</dst>
            <dst id="KSCYng">1453.67733333333</dst>
            <dst id="LOSAng">7974.808</dst>
            <dst id="NYCMng">4216.224</dst>
            <dst id="SNVAng">182.72</dst>
            <dst id="STTLng">8358.46666666667</dst>
            <dst id="WASHng">23819.0346666667</dst>
        </src>
        <src id="CHINng">
            <dst id="ATLA-M5">443.509333333333</dst>
            <dst id="ATLAng">9001.33866666667</dst>
            <dst id="CHINng">47430.5146666667</dst>
            <dst id="DNVRng">18060.7813333333</dst>
            <dst id="HSTNng">7092.392</dst>
            <dst id="IPLSng">69275.016</dst>
            <dst id="KSCYng">8320.70133333333</dst>
            <dst id="LOSAng">42446.3173333333</dst>
            <dst id="NYCMng">7195.18133333333</dst>
            <dst id="SNVAng">3613.54933333333</dst>
            <dst id="STTLng">4307.05066666667</dst>
            <dst id="WASHng">15005.4053333333</dst>
        </src>
        <src id="DNVRng">
            <dst id="ATLA-M5">211.136</dst>
            <dst id="ATLAng">2844.536</dst>
            <dst id="CHINng">48436.776</dst>
            <dst id="DNVRng">11266.3893333333</dst>
            <dst id="HSTNng">13632.3653333333</dst>
            <dst id="IPLSng">34280.7173333333</dst>
            <dst id="KSCYng">27947.7066666667</dst>
            <dst id="LOSAng">19540.4693333333</dst>
            <dst id="NYCMng">9802.21866666667</dst>
            <dst id="SNVAng">15067.2133333333</dst>
            <dst id="STTLng">14495.3306666667</dst>
            <dst id="WASHng">28127.84</dst>
        </src>
        <src id="HSTNng">
            <dst id="ATLA-M5">2170.936</dst>
            <dst id="ATLAng">2029.864</dst>
            <dst id="CHINng">3844.93866666667</dst>
            <dst id="DNVRng">527.168</dst>
            <dst id="HSTNng">13922.7786666667</dst>
            <dst id="IPLSng">2386.968</dst>
            <dst id="KSCYng">5089.07733333333</dst>
            <dst id="LOSAng">13368.6106666667</dst>
            <dst id="NYCMng">1543.27733333333</dst>
            <dst id="SNVAng">0</dst>
            <dst id="STTLng">1894.09333333333</dst>
            <dst id="WASHng">7774.496</dst>
        </src>
        <src id="IPLSng">
            <dst id="ATLA-M5">0</dst>
            <dst id="ATLAng">22886.8906666667</dst>
            <dst id="CHINng">41839.352</dst>
            <dst id="DNVRng">12816.128</dst>
            <dst id="HSTNng">1819.51733333333</dst>
            <dst id="IPLSng">25060.944</dst>
            <dst id="KSCYng">2646.37333333333</dst>
            <dst id="LOSAng">25995.928</dst>
            <dst id="NYCMng">33158.7573333333</dst>
            <dst id="SNVAng">550.429333333333</dst>
            <dst id="STTLng">7617.936</dst>
            <dst id="WASHng">20419.2053333333</dst>
        </src>
        <src id="KSCYng">
            <dst id="ATLA-M5">849.12</dst>
            <dst id="ATLAng">1558.02133333333</dst>
            <dst id="CHINng">10183.0026666667</dst>
            <dst id="DNVRng">10475.256</dst>
            <dst id="HSTNng">11997.8986666667</dst>
            <dst id="IPLSng">16039.7013333333</dst>
            <dst id="KSCYng">8447.68</dst>
            <dst id="LOSAng">8478.70933333333</dst>
            <dst id="NYCMng">2744.144</dst>
            <dst id="SNVAng">3898.256</dst>
            <dst id="STTLng">3464.07466666667</dst>
            <dst id="WASHng">9121.46133333333</dst>
        </src>
        <src id="LOSAng">
            <dst id="ATLA-M5">53.3333333333333</dst>
            <dst id="ATLAng">16463.4586666667</dst>
            <dst id="CHINng">60855.4906666667</dst>
            <dst id="DNVRng">22034.6373333333</dst>
            <dst id="HSTNng">16389.0373333333</dst>
            <dst id="IPLSng">24823.5173333333</dst>
            <dst id="KSCYng">4358.98133333333</dst>
            <dst id="LOSAng">27802.6453333333</dst>
            <dst id="NYCMng">46225.9333333333</dst>
            <dst id="SNVAng">14300.9893333333</dst>
            <dst id="STTLng">28938.1493333333</dst>
            <dst id="WASHng">32350.4853333333</dst>
        </src>
        <src id="NYCMng">
            <dst id="ATLA-M5">758.418666666667</dst>
            <dst id="ATLAng">21051.2186666667</dst>
            <dst id="CHINng">14988.088</dst>
            <dst id="DNVRng">24206.3786666667</dst>
            <dst id="HSTNng">9250.93333333333</dst>
            <dst id="IPLSng">18023.872</dst>
            <dst id="KSCYng">7953.19466666667</dst>
            <dst id="LOSAng">85457.376</dst>
            <dst id="NYCMng">64632.208</dst>
            <dst id="SNVAng">1616.528</dst>
            <dst id="STTLng">19445.4</dst>
            <dst id="WASHng">30829.2666666667</dst>
        </src>
        <src id="SNVAng">
            <dst id="ATLA-M5">0</dst>
            <dst id="ATLAng">907.893333333333</dst>
            <dst id="CHINng">86.832</dst>
            <dst id="DNVRng">6783.24533333334</dst>
            <dst id="HSTNng">32.1706666666667</dst>
            <dst id="IPLSng">203.050666666667</dst>
            <dst id="KSCYng">26.6666666666667</dst>
            <dst id="LOSAng">35558.696</dst>
            <dst id="NYCMng">389.664</dst>
            <dst id="SNVAng">5574.608</dst>
            <dst id="STTLng">28476.776</dst>
            <dst id="WASHng">26.6666666666667</dst>
        </src>
        <src id="STTLng">
            <dst id="ATLA-M5">410.672</dst>
            <dst id="ATLAng">8541.73066666667</dst>
            <dst id="CHINng">10001.1973333333</dst>
            <dst id="DNVRng">3099.672</dst>
            <dst id="HSTNng">1351.13066666667</dst>
            <dst id="IPLSng">8546.02133333333</dst>
            <dst id="KSCYng">1734.72266666667</dst>
            <dst id="LOSAng">21549.3386666667</dst>
            <dst id="NYCMng">10848.6506666667</dst>
            <dst id="SNVAng">2322.544</dst>
            <dst id="STTLng">5414.82133333333</dst>
            <dst id="WASHng">10317.8</dst>
        </src>
        <src id="WASHng">
            <dst id="ATLA-M5">26.6666666666667</dst>
            <dst id="ATLAng">69321.1866666667</dst>
            <dst id="CHINng">44818.3573333333</dst>
            <dst id="DNVRng">61200.9386666667</dst>
            <dst id="HSTNng">39670.0933333333</dst>
            <dst id="IPLSng">49987.2773333333</dst>
            <dst id="KSCYng">12871.136</dst>
            <dst id="LOSAng">67849.1466666667</dst>
            <dst id="NYCMng">126779.314666667</dst>
            <dst id="SNVAng">4228.888</dst>
            <dst id="STTLng">41965.8026666667</dst>
            <dst id="WASHng">192702.354666667</dst>
        </src>
    </IntraTM>
</TrafficMatrixFile>
