<?xml version="1.0" encoding="ISO-8859-1" standalone="yes"?>
<TrafficMatrixFile xsi:noNamespaceSchemaLocation="http://totem.run.montefiore.ulg.ac.be/Schema/TrafficMatrix-v1_2.xsd" xmlns:xsi="http://www.w3.org/2001/XMLSchema-instance">
    <IntraTM ASID="11537">
        <src id="ATLA-M5">
            <dst id="ATLA-M5">142.304</dst>
            <dst id="ATLAng">301.304</dst>
            <dst id="CHINng">271.928</dst>
            <dst id="DNVRng">0</dst>
            <dst id="HSTNng">167.488</dst>
            <dst id="IPLSng">4515.09066666667</dst>
            <dst id="KSCYng">100.213333333333</dst>
            <dst id="LOSAng">177.333333333333</dst>
            <dst id="NYCMng">26.952</dst>
            <dst id="SNVAng">36</dst>
            <dst id="STTLng">118.192</dst>
            <dst id="WASHng">2034.66666666667</dst>
        </src>
        <src id="ATLAng">
            <dst id="ATLA-M5">218.322666666667</dst>
            <dst id="ATLAng">48304.2826666667</dst>
            <dst id="CHINng">7647.95733333333</dst>
            <dst id="DNVRng">3479.56</dst>
            <dst id="HSTNng">9837.46666666667</dst>
            <dst id="IPLSng">13363.6666666667</dst>
            <dst id="KSCYng">9423.104</dst>
            <dst id="LOSAng">12383.7666666667</dst>
            <dst id="NYCMng">21855.1893333333</dst>
            <dst id="SNVAng">1162.81733333333</dst>
            <dst id="STTLng">14387.392</dst>
            <dst id="WASHng">58506.92</dst>
        </src>
        <src id="CHINng">
            <dst id="ATLA-M5">658.744</dst>
            <dst id="ATLAng">20144.1546666667</dst>
            <dst id="CHINng">73574.8933333333</dst>
            <dst id="DNVRng">8127.24266666667</dst>
            <dst id="HSTNng">11122.8106666667</dst>
            <dst id="IPLSng">38415.9466666667</dst>
            <dst id="KSCYng">10798.0613333333</dst>
            <dst id="LOSAng">33592.2053333333</dst>
            <dst id="NYCMng">16450.592</dst>
            <dst id="SNVAng">3517.70933333333</dst>
            <dst id="STTLng">11621.5706666667</dst>
            <dst id="WASHng">29740.464</dst>
        </src>
        <src id="DNVRng">
            <dst id="ATLA-M5">184.224</dst>
            <dst id="ATLAng">9539.488</dst>
            <dst id="CHINng">75700.616</dst>
            <dst id="DNVRng">11527.888</dst>
            <dst id="HSTNng">34523.5946666667</dst>
            <dst id="IPLSng">36262.48</dst>
            <dst id="KSCYng">28460.68</dst>
            <dst id="LOSAng">25178.0773333333</dst>
            <dst id="NYCMng">25357.352</dst>
            <dst id="SNVAng">25841.6746666667</dst>
            <dst id="STTLng">17343.2426666667</dst>
            <dst id="WASHng">40456.5146666667</dst>
        </src>
        <src id="HSTNng">
            <dst id="ATLA-M5">289.365333333333</dst>
            <dst id="ATLAng">4142.83733333333</dst>
            <dst id="CHINng">17663.7013333333</dst>
            <dst id="DNVRng">1745.568</dst>
            <dst id="HSTNng">14617.224</dst>
            <dst id="IPLSng">2578.65333333333</dst>
            <dst id="KSCYng">4446.60533333333</dst>
            <dst id="LOSAng">9322.12266666667</dst>
            <dst id="NYCMng">10654.016</dst>
            <dst id="SNVAng">502.581333333333</dst>
            <dst id="STTLng">740.370666666667</dst>
            <dst id="WASHng">4512.59733333333</dst>
        </src>
        <src id="IPLSng">
            <dst id="ATLA-M5">122.957333333333</dst>
            <dst id="ATLAng">28867.664</dst>
            <dst id="CHINng">107447.242666667</dst>
            <dst id="DNVRng">10116.232</dst>
            <dst id="HSTNng">10465.768</dst>
            <dst id="IPLSng">24091.824</dst>
            <dst id="KSCYng">9811.05866666667</dst>
            <dst id="LOSAng">14063.3573333333</dst>
            <dst id="NYCMng">30628.7706666667</dst>
            <dst id="SNVAng">2193.36533333333</dst>
            <dst id="STTLng">34580.6853333333</dst>
            <dst id="WASHng">27744.152</dst>
        </src>
        <src id="KSCYng">
            <dst id="ATLA-M5">35.2133333333333</dst>
            <dst id="ATLAng">2500.29333333333</dst>
            <dst id="CHINng">30877.0693333333</dst>
            <dst id="DNVRng">10596.16</dst>
            <dst id="HSTNng">6222.96266666667</dst>
            <dst id="IPLSng">15136.7226666667</dst>
            <dst id="KSCYng">11621.056</dst>
            <dst id="LOSAng">3910.256</dst>
            <dst id="NYCMng">1510.392</dst>
            <dst id="SNVAng">2226.928</dst>
            <dst id="STTLng">2424.54666666667</dst>
            <dst id="WASHng">33202.1493333333</dst>
        </src>
        <src id="LOSAng">
            <dst id="ATLA-M5">800.698666666667</dst>
            <dst id="ATLAng">19998.8213333333</dst>
            <dst id="CHINng">150586.773333333</dst>
            <dst id="DNVRng">30636.352</dst>
            <dst id="HSTNng">5910.25066666666</dst>
            <dst id="IPLSng">49893.368</dst>
            <dst id="KSCYng">7930.94666666667</dst>
            <dst id="LOSAng">15272.3493333333</dst>
            <dst id="NYCMng">43799.624</dst>
            <dst id="SNVAng">10254.48</dst>
            <dst id="STTLng">20189.9653333333</dst>
            <dst id="WASHng">35842.8506666667</dst>
        </src>
        <src id="NYCMng">
            <dst id="ATLA-M5">508.373333333333</dst>
            <dst id="ATLAng">28648.088</dst>
            <dst id="CHINng">30192.6</dst>
            <dst id="DNVRng">24743.16</dst>
            <dst id="HSTNng">10039.0026666667</dst>
            <dst id="IPLSng">27200.7626666667</dst>
            <dst id="KSCYng">7864.37866666667</dst>
            <dst id="LOSAng">80328.9173333333</dst>
            <dst id="NYCMng">188194.442666667</dst>
            <dst id="SNVAng">1372.264</dst>
            <dst id="STTLng">20377.3706666667</dst>
            <dst id="WASHng">70906.568</dst>
        </src>
        <src id="SNVAng">
            <dst id="ATLA-M5">0</dst>
            <dst id="ATLAng">277.597333333333</dst>
            <dst id="CHINng">26.6666666666667</dst>
            <dst id="DNVRng">4179.89866666667</dst>
            <dst id="HSTNng">171.64</dst>
            <dst id="IPLSng">273.082666666667</dst>
            <dst id="KSCYng">67.5173333333333</dst>
            <dst id="LOSAng">30727.144</dst>
            <dst id="NYCMng">278.912</dst>
            <dst id="SNVAng">11165.8933333333</dst>
            <dst id="STTLng">29446.1226666667</dst>
            <dst id="WASHng">80.6373333333333</dst>
        </src>
        <src id="STTLng">
            <dst id="ATLA-M5">288.408</dst>
            <dst id="ATLAng">10611.8986666667</dst>
            <dst id="CHINng">42665.936</dst>
            <dst id="DNVRng">2972.94666666667</dst>
            <dst id="HSTNng">2455.46666666667</dst>
            <dst id="IPLSng">9942.016</dst>
            <dst id="KSCYng">5977.80533333333</dst>
            <dst id="LOSAng">16114.8453333333</dst>
            <dst id="NYCMng">14400.7333333333</dst>
            <dst id="SNVAng">4889.85333333333</dst>
            <dst id="STTLng">6392.15733333333</dst>
            <dst id="WASHng">17053.1413333333</dst>
        </src>
        <src id="WASHng">
            <dst id="ATLA-M5">471.866666666667</dst>
            <dst id="ATLAng">111657.514666667</dst>
            <dst id="CHINng">49880.4133333333</dst>
            <dst id="DNVRng">55872.4826666667</dst>
            <dst id="HSTNng">26474.2213333333</dst>
            <dst id="IPLSng">58071.584</dst>
            <dst id="KSCYng">16732.6266666667</dst>
            <dst id="LOSAng">63298.7306666667</dst>
            <dst id="NYCMng">178686.525333333</dst>
            <dst id="SNVAng">10361.2</dst>
            <dst id="STTLng">27779.7173333333</dst>
            <dst id="WASHng">317820.853333333</dst>
        </src>
    </IntraTM>
</TrafficMatrixFile>
