<?xml version="1.0" encoding="ISO-8859-1" standalone="yes"?>
<TrafficMatrixFile xsi:noNamespaceSchemaLocation="http://totem.run.montefiore.ulg.ac.be/Schema/TrafficMatrix-v1_2.xsd" xmlns:xsi="http://www.w3.org/2001/XMLSchema-instance">
    <IntraTM ASID="11537">
        <src id="ATLA-M5">
            <dst id="ATLA-M5">0</dst>
            <dst id="ATLAng">426.048</dst>
            <dst id="CHINng">572.949333333333</dst>
            <dst id="DNVRng">0</dst>
            <dst id="HSTNng">30.7786666666667</dst>
            <dst id="IPLSng">206.666666666667</dst>
            <dst id="KSCYng">260.008</dst>
            <dst id="LOSAng">26.6666666666667</dst>
            <dst id="NYCMng">120.773333333333</dst>
            <dst id="SNVAng">0</dst>
            <dst id="STTLng">33.9013333333333</dst>
            <dst id="WASHng">382.930666666667</dst>
        </src>
        <src id="ATLAng">
            <dst id="ATLA-M5">95.5066666666667</dst>
            <dst id="ATLAng">50229.656</dst>
            <dst id="CHINng">11021.6213333333</dst>
            <dst id="DNVRng">2725.82666666667</dst>
            <dst id="HSTNng">1084.57866666667</dst>
            <dst id="IPLSng">16839.7893333333</dst>
            <dst id="KSCYng">1066.024</dst>
            <dst id="LOSAng">10338.7093333333</dst>
            <dst id="NYCMng">2991.45066666667</dst>
            <dst id="SNVAng">134.050666666667</dst>
            <dst id="STTLng">5878.27466666667</dst>
            <dst id="WASHng">24728.3813333333</dst>
        </src>
        <src id="CHINng">
            <dst id="ATLA-M5">686.344</dst>
            <dst id="ATLAng">13752.1573333333</dst>
            <dst id="CHINng">72252.5066666667</dst>
            <dst id="DNVRng">6784.96</dst>
            <dst id="HSTNng">7788.22933333333</dst>
            <dst id="IPLSng">24700.224</dst>
            <dst id="KSCYng">6859.496</dst>
            <dst id="LOSAng">42940.0506666667</dst>
            <dst id="NYCMng">11025.9573333333</dst>
            <dst id="SNVAng">5736.53866666667</dst>
            <dst id="STTLng">12438.2133333333</dst>
            <dst id="WASHng">34015.0293333333</dst>
        </src>
        <src id="DNVRng">
            <dst id="ATLA-M5">105.173333333333</dst>
            <dst id="ATLAng">9412.47733333333</dst>
            <dst id="CHINng">46814.2346666667</dst>
            <dst id="DNVRng">13420.6133333333</dst>
            <dst id="HSTNng">16561.9253333333</dst>
            <dst id="IPLSng">27910.688</dst>
            <dst id="KSCYng">24169.0346666667</dst>
            <dst id="LOSAng">31012.672</dst>
            <dst id="NYCMng">13706.8106666667</dst>
            <dst id="SNVAng">24872.7386666667</dst>
            <dst id="STTLng">10141.856</dst>
            <dst id="WASHng">37899.6826666667</dst>
        </src>
        <src id="HSTNng">
            <dst id="ATLA-M5">77.9946666666667</dst>
            <dst id="ATLAng">10996.7173333333</dst>
            <dst id="CHINng">8845.448</dst>
            <dst id="DNVRng">1366.97866666667</dst>
            <dst id="HSTNng">12514.952</dst>
            <dst id="IPLSng">700.749333333333</dst>
            <dst id="KSCYng">2202.41866666667</dst>
            <dst id="LOSAng">8969.61866666667</dst>
            <dst id="NYCMng">3526.16533333333</dst>
            <dst id="SNVAng">0</dst>
            <dst id="STTLng">6556.68533333333</dst>
            <dst id="WASHng">5757.42933333333</dst>
        </src>
        <src id="IPLSng">
            <dst id="ATLA-M5">26.6666666666667</dst>
            <dst id="ATLAng">14516.3706666667</dst>
            <dst id="CHINng">35345.6346666667</dst>
            <dst id="DNVRng">17011.112</dst>
            <dst id="HSTNng">1091.50933333333</dst>
            <dst id="IPLSng">18740.8266666667</dst>
            <dst id="KSCYng">5044.2</dst>
            <dst id="LOSAng">54683.2453333333</dst>
            <dst id="NYCMng">30358.8053333333</dst>
            <dst id="SNVAng">2633.85066666667</dst>
            <dst id="STTLng">12394.2026666667</dst>
            <dst id="WASHng">12889.7306666667</dst>
        </src>
        <src id="KSCYng">
            <dst id="ATLA-M5">1001.83733333333</dst>
            <dst id="ATLAng">2674.15466666667</dst>
            <dst id="CHINng">12229.7386666667</dst>
            <dst id="DNVRng">10581.9386666667</dst>
            <dst id="HSTNng">3719.11466666667</dst>
            <dst id="IPLSng">10878.376</dst>
            <dst id="KSCYng">10302.448</dst>
            <dst id="LOSAng">11022.5306666667</dst>
            <dst id="NYCMng">4135.30666666667</dst>
            <dst id="SNVAng">2492.656</dst>
            <dst id="STTLng">4863.41333333333</dst>
            <dst id="WASHng">9183.44533333333</dst>
        </src>
        <src id="LOSAng">
            <dst id="ATLA-M5">34.208</dst>
            <dst id="ATLAng">32782.816</dst>
            <dst id="CHINng">59882.6506666667</dst>
            <dst id="DNVRng">14831.1146666667</dst>
            <dst id="HSTNng">8343.38666666667</dst>
            <dst id="IPLSng">18496.248</dst>
            <dst id="KSCYng">3642.59466666667</dst>
            <dst id="LOSAng">21648.0133333333</dst>
            <dst id="NYCMng">29186.4133333333</dst>
            <dst id="SNVAng">15953.4506666667</dst>
            <dst id="STTLng">26704.28</dst>
            <dst id="WASHng">28467.4053333333</dst>
        </src>
        <src id="NYCMng">
            <dst id="ATLA-M5">197.4</dst>
            <dst id="ATLAng">23747.256</dst>
            <dst id="CHINng">10547.5973333333</dst>
            <dst id="DNVRng">31665.0426666667</dst>
            <dst id="HSTNng">12083.848</dst>
            <dst id="IPLSng">15291.7653333333</dst>
            <dst id="KSCYng">11228.9546666667</dst>
            <dst id="LOSAng">77477.984</dst>
            <dst id="NYCMng">69570.3333333333</dst>
            <dst id="SNVAng">3119.384</dst>
            <dst id="STTLng">24934.2106666667</dst>
            <dst id="WASHng">49927.552</dst>
        </src>
        <src id="SNVAng">
            <dst id="ATLA-M5">0</dst>
            <dst id="ATLAng">739.616</dst>
            <dst id="CHINng">53.3333333333333</dst>
            <dst id="DNVRng">2228.808</dst>
            <dst id="HSTNng">1135.24266666667</dst>
            <dst id="IPLSng">2535.78933333333</dst>
            <dst id="KSCYng">53.3333333333333</dst>
            <dst id="LOSAng">36619.3573333333</dst>
            <dst id="NYCMng">475.114666666667</dst>
            <dst id="SNVAng">9300.56266666667</dst>
            <dst id="STTLng">36218.728</dst>
            <dst id="WASHng">693.301333333333</dst>
        </src>
        <src id="STTLng">
            <dst id="ATLA-M5">583.946666666667</dst>
            <dst id="ATLAng">8972.49333333333</dst>
            <dst id="CHINng">13109.3973333333</dst>
            <dst id="DNVRng">3555.008</dst>
            <dst id="HSTNng">3806.94933333333</dst>
            <dst id="IPLSng">5110.07466666667</dst>
            <dst id="KSCYng">3083.49066666667</dst>
            <dst id="LOSAng">85609.8026666667</dst>
            <dst id="NYCMng">11013.656</dst>
            <dst id="SNVAng">3319.384</dst>
            <dst id="STTLng">24480.5306666667</dst>
            <dst id="WASHng">9026.67466666667</dst>
        </src>
        <src id="WASHng">
            <dst id="ATLA-M5">324.482666666667</dst>
            <dst id="ATLAng">89437.4053333333</dst>
            <dst id="CHINng">84438.56</dst>
            <dst id="DNVRng">57397.768</dst>
            <dst id="HSTNng">29866.5946666667</dst>
            <dst id="IPLSng">60941.464</dst>
            <dst id="KSCYng">12729.3253333333</dst>
            <dst id="LOSAng">68354.2773333333</dst>
            <dst id="NYCMng">207832.368</dst>
            <dst id="SNVAng">5367.69066666667</dst>
            <dst id="STTLng">54349.6453333333</dst>
            <dst id="WASHng">231021.125333333</dst>
        </src>
    </IntraTM>
</TrafficMatrixFile>
