<?xml version="1.0" encoding="ISO-8859-1" standalone="yes"?>
<TrafficMatrixFile xsi:noNamespaceSchemaLocation="http://totem.run.montefiore.ulg.ac.be/Schema/TrafficMatrix-v1_2.xsd" xmlns:xsi="http://www.w3.org/2001/XMLSchema-instance">
    <IntraTM ASID="11537">
        <src id="ATLA-M5">
            <dst id="ATLA-M5">0</dst>
            <dst id="ATLAng">98.4426666666667</dst>
            <dst id="CHINng">80</dst>
            <dst id="DNVRng">30.856</dst>
            <dst id="HSTNng">125.08</dst>
            <dst id="IPLSng">476.170666666667</dst>
            <dst id="KSCYng">26.6666666666667</dst>
            <dst id="LOSAng">530.253333333333</dst>
            <dst id="NYCMng">53.3333333333333</dst>
            <dst id="SNVAng">0</dst>
            <dst id="STTLng">0</dst>
            <dst id="WASHng">296.050666666667</dst>
        </src>
        <src id="ATLAng">
            <dst id="ATLA-M5">1968.24</dst>
            <dst id="ATLAng">6574.62666666667</dst>
            <dst id="CHINng">8726.42933333333</dst>
            <dst id="DNVRng">2681.928</dst>
            <dst id="HSTNng">4766.14933333333</dst>
            <dst id="IPLSng">28432.664</dst>
            <dst id="KSCYng">1323.41066666667</dst>
            <dst id="LOSAng">8997.58266666667</dst>
            <dst id="NYCMng">3999.656</dst>
            <dst id="SNVAng">187.817333333333</dst>
            <dst id="STTLng">7662.16266666667</dst>
            <dst id="WASHng">19080.5253333333</dst>
        </src>
        <src id="CHINng">
            <dst id="ATLA-M5">26.6666666666667</dst>
            <dst id="ATLAng">13197.704</dst>
            <dst id="CHINng">43673.576</dst>
            <dst id="DNVRng">15723.4586666667</dst>
            <dst id="HSTNng">9625.19466666666</dst>
            <dst id="IPLSng">21341.704</dst>
            <dst id="KSCYng">4962.10133333333</dst>
            <dst id="LOSAng">42026.4106666667</dst>
            <dst id="NYCMng">8327.01333333333</dst>
            <dst id="SNVAng">3212.12533333333</dst>
            <dst id="STTLng">5003.76533333333</dst>
            <dst id="WASHng">23187.2773333333</dst>
        </src>
        <src id="DNVRng">
            <dst id="ATLA-M5">655.845333333333</dst>
            <dst id="ATLAng">3818.65866666667</dst>
            <dst id="CHINng">45582.424</dst>
            <dst id="DNVRng">8824.16</dst>
            <dst id="HSTNng">13017.5786666667</dst>
            <dst id="IPLSng">35926.1866666667</dst>
            <dst id="KSCYng">25068.712</dst>
            <dst id="LOSAng">18856.1706666667</dst>
            <dst id="NYCMng">11689.9413333333</dst>
            <dst id="SNVAng">13939.216</dst>
            <dst id="STTLng">7479.46933333333</dst>
            <dst id="WASHng">33643.7733333333</dst>
        </src>
        <src id="HSTNng">
            <dst id="ATLA-M5">3274.44</dst>
            <dst id="ATLAng">30079.9093333333</dst>
            <dst id="CHINng">3942.34133333333</dst>
            <dst id="DNVRng">553.4</dst>
            <dst id="HSTNng">11169.4373333333</dst>
            <dst id="IPLSng">1104.46933333333</dst>
            <dst id="KSCYng">968.786666666667</dst>
            <dst id="LOSAng">8870.984</dst>
            <dst id="NYCMng">962.621333333333</dst>
            <dst id="SNVAng">0</dst>
            <dst id="STTLng">2099.66133333333</dst>
            <dst id="WASHng">997.805333333333</dst>
        </src>
        <src id="IPLSng">
            <dst id="ATLA-M5">830.138666666667</dst>
            <dst id="ATLAng">86884.2186666667</dst>
            <dst id="CHINng">47930.48</dst>
            <dst id="DNVRng">12479.3493333333</dst>
            <dst id="HSTNng">1256.74666666667</dst>
            <dst id="IPLSng">31135.1226666667</dst>
            <dst id="KSCYng">5086.13333333333</dst>
            <dst id="LOSAng">23153.824</dst>
            <dst id="NYCMng">35981.6666666667</dst>
            <dst id="SNVAng">653.168</dst>
            <dst id="STTLng">6603.176</dst>
            <dst id="WASHng">18049.896</dst>
        </src>
        <src id="KSCYng">
            <dst id="ATLA-M5">619.242666666667</dst>
            <dst id="ATLAng">1638.68</dst>
            <dst id="CHINng">8668.86933333333</dst>
            <dst id="DNVRng">9506.61866666667</dst>
            <dst id="HSTNng">11648.5306666667</dst>
            <dst id="IPLSng">11544.3573333333</dst>
            <dst id="KSCYng">8713.73333333334</dst>
            <dst id="LOSAng">7630.152</dst>
            <dst id="NYCMng">2847.01866666667</dst>
            <dst id="SNVAng">852.221333333333</dst>
            <dst id="STTLng">3850.968</dst>
            <dst id="WASHng">6968.04</dst>
        </src>
        <src id="LOSAng">
            <dst id="ATLA-M5">182.264</dst>
            <dst id="ATLAng">19631.4773333333</dst>
            <dst id="CHINng">53883.5146666667</dst>
            <dst id="DNVRng">24501.7093333333</dst>
            <dst id="HSTNng">15958.216</dst>
            <dst id="IPLSng">16721.984</dst>
            <dst id="KSCYng">4111.98133333333</dst>
            <dst id="LOSAng">20727.64</dst>
            <dst id="NYCMng">34118.7973333333</dst>
            <dst id="SNVAng">14503.2853333333</dst>
            <dst id="STTLng">32104.7173333333</dst>
            <dst id="WASHng">16546.1546666667</dst>
        </src>
        <src id="NYCMng">
            <dst id="ATLA-M5">1144.33333333333</dst>
            <dst id="ATLAng">23507.5253333333</dst>
            <dst id="CHINng">12634.7413333333</dst>
            <dst id="DNVRng">27150.8826666667</dst>
            <dst id="HSTNng">8820.448</dst>
            <dst id="IPLSng">12195.736</dst>
            <dst id="KSCYng">8807.34933333333</dst>
            <dst id="LOSAng">87612.7173333333</dst>
            <dst id="NYCMng">83007.7653333333</dst>
            <dst id="SNVAng">1700.63733333333</dst>
            <dst id="STTLng">28158.1413333333</dst>
            <dst id="WASHng">36087.0266666667</dst>
        </src>
        <src id="SNVAng">
            <dst id="ATLA-M5">0</dst>
            <dst id="ATLAng">577.130666666667</dst>
            <dst id="CHINng">91.6853333333333</dst>
            <dst id="DNVRng">9609.088</dst>
            <dst id="HSTNng">41.0026666666667</dst>
            <dst id="IPLSng">261.808</dst>
            <dst id="KSCYng">32</dst>
            <dst id="LOSAng">35124.2293333333</dst>
            <dst id="NYCMng">290.122666666667</dst>
            <dst id="SNVAng">6229.92</dst>
            <dst id="STTLng">29229.448</dst>
            <dst id="WASHng">0</dst>
        </src>
        <src id="STTLng">
            <dst id="ATLA-M5">352.722666666667</dst>
            <dst id="ATLAng">7903.78933333333</dst>
            <dst id="CHINng">12307.6533333333</dst>
            <dst id="DNVRng">3011.60266666667</dst>
            <dst id="HSTNng">2955.96</dst>
            <dst id="IPLSng">8539.61333333333</dst>
            <dst id="KSCYng">1639.912</dst>
            <dst id="LOSAng">22829.5466666667</dst>
            <dst id="NYCMng">10497.0933333333</dst>
            <dst id="SNVAng">3094.42933333333</dst>
            <dst id="STTLng">4219.432</dst>
            <dst id="WASHng">7526.22133333333</dst>
        </src>
        <src id="WASHng">
            <dst id="ATLA-M5">772.64</dst>
            <dst id="ATLAng">77093.672</dst>
            <dst id="CHINng">49130.6453333333</dst>
            <dst id="DNVRng">66384.984</dst>
            <dst id="HSTNng">12081.2106666667</dst>
            <dst id="IPLSng">49102.784</dst>
            <dst id="KSCYng">15071.1146666667</dst>
            <dst id="LOSAng">69855.272</dst>
            <dst id="NYCMng">152639.458666667</dst>
            <dst id="SNVAng">4546.84</dst>
            <dst id="STTLng">38604.9813333333</dst>
            <dst id="WASHng">181988.845333333</dst>
        </src>
    </IntraTM>
</TrafficMatrixFile>
