<?xml version="1.0" encoding="ISO-8859-1" standalone="yes"?>
<TrafficMatrixFile xsi:noNamespaceSchemaLocation="http://totem.run.montefiore.ulg.ac.be/Schema/TrafficMatrix-v1_2.xsd" xmlns:xsi="http://www.w3.org/2001/XMLSchema-instance">
    <IntraTM ASID="11537">
        <src id="ATLA-M5">
            <dst id="ATLA-M5">108.314666666667</dst>
            <dst id="ATLAng">211.6</dst>
            <dst id="CHINng">792.136</dst>
            <dst id="DNVRng">500</dst>
            <dst id="HSTNng">4164.02666666667</dst>
            <dst id="IPLSng">225.216</dst>
            <dst id="KSCYng">89.3333333333333</dst>
            <dst id="LOSAng">143.136</dst>
            <dst id="NYCMng">106.666666666667</dst>
            <dst id="SNVAng">0</dst>
            <dst id="STTLng">0</dst>
            <dst id="WASHng">1676.94933333333</dst>
        </src>
        <src id="ATLAng">
            <dst id="ATLA-M5">1494.496</dst>
            <dst id="ATLAng">40137.6213333333</dst>
            <dst id="CHINng">13706.0426666667</dst>
            <dst id="DNVRng">2214.872</dst>
            <dst id="HSTNng">34975.7306666667</dst>
            <dst id="IPLSng">24433.336</dst>
            <dst id="KSCYng">4673.22933333333</dst>
            <dst id="LOSAng">11198.6453333333</dst>
            <dst id="NYCMng">10080.5653333333</dst>
            <dst id="SNVAng">1322.392</dst>
            <dst id="STTLng">7891.096</dst>
            <dst id="WASHng">37884.328</dst>
        </src>
        <src id="CHINng">
            <dst id="ATLA-M5">1581.47733333333</dst>
            <dst id="ATLAng">36040.432</dst>
            <dst id="CHINng">60510.7546666667</dst>
            <dst id="DNVRng">18430.3306666667</dst>
            <dst id="HSTNng">23750.224</dst>
            <dst id="IPLSng">40503.0826666667</dst>
            <dst id="KSCYng">15332.08</dst>
            <dst id="LOSAng">61468.5626666667</dst>
            <dst id="NYCMng">14035.9573333333</dst>
            <dst id="SNVAng">5573.00533333333</dst>
            <dst id="STTLng">6616.53066666667</dst>
            <dst id="WASHng">35963.0746666667</dst>
        </src>
        <src id="DNVRng">
            <dst id="ATLA-M5">431.189333333333</dst>
            <dst id="ATLAng">15540.192</dst>
            <dst id="CHINng">67905.5386666667</dst>
            <dst id="DNVRng">15101.904</dst>
            <dst id="HSTNng">36373.9013333333</dst>
            <dst id="IPLSng">42717.136</dst>
            <dst id="KSCYng">23096.5386666667</dst>
            <dst id="LOSAng">13634.96</dst>
            <dst id="NYCMng">21829.256</dst>
            <dst id="SNVAng">15359.7386666667</dst>
            <dst id="STTLng">24857.7093333333</dst>
            <dst id="WASHng">46205.6426666667</dst>
        </src>
        <src id="HSTNng">
            <dst id="ATLA-M5">234.024</dst>
            <dst id="ATLAng">20485.176</dst>
            <dst id="CHINng">17608.328</dst>
            <dst id="DNVRng">1485.02133333333</dst>
            <dst id="HSTNng">4874.55466666667</dst>
            <dst id="IPLSng">7139.70133333333</dst>
            <dst id="KSCYng">5995.77866666667</dst>
            <dst id="LOSAng">44252.6</dst>
            <dst id="NYCMng">3303.152</dst>
            <dst id="SNVAng">924.32</dst>
            <dst id="STTLng">8938.22933333333</dst>
            <dst id="WASHng">7578.952</dst>
        </src>
        <src id="IPLSng">
            <dst id="ATLA-M5">86.0186666666667</dst>
            <dst id="ATLAng">48099.384</dst>
            <dst id="CHINng">85465.6</dst>
            <dst id="DNVRng">20996.352</dst>
            <dst id="HSTNng">15008.24</dst>
            <dst id="IPLSng">24653.912</dst>
            <dst id="KSCYng">15300.936</dst>
            <dst id="LOSAng">26366.2186666667</dst>
            <dst id="NYCMng">57722.7546666667</dst>
            <dst id="SNVAng">2089.81333333333</dst>
            <dst id="STTLng">12938.0053333333</dst>
            <dst id="WASHng">22057.696</dst>
        </src>
        <src id="KSCYng">
            <dst id="ATLA-M5">822.824</dst>
            <dst id="ATLAng">4516.23466666667</dst>
            <dst id="CHINng">20674.6906666667</dst>
            <dst id="DNVRng">9839.62933333333</dst>
            <dst id="HSTNng">20842.3333333333</dst>
            <dst id="IPLSng">22105.464</dst>
            <dst id="KSCYng">9920.384</dst>
            <dst id="LOSAng">8854.26933333333</dst>
            <dst id="NYCMng">4293.23466666667</dst>
            <dst id="SNVAng">3651.25333333333</dst>
            <dst id="STTLng">3910.09333333333</dst>
            <dst id="WASHng">14345.0826666667</dst>
        </src>
        <src id="LOSAng">
            <dst id="ATLA-M5">404.061333333333</dst>
            <dst id="ATLAng">26020.8426666667</dst>
            <dst id="CHINng">86978.7413333333</dst>
            <dst id="DNVRng">31066.384</dst>
            <dst id="HSTNng">7265.76533333333</dst>
            <dst id="IPLSng">34374.2373333333</dst>
            <dst id="KSCYng">7678.69866666667</dst>
            <dst id="LOSAng">13856.1866666667</dst>
            <dst id="NYCMng">46928.3706666667</dst>
            <dst id="SNVAng">37015.1653333333</dst>
            <dst id="STTLng">27589.5653333333</dst>
            <dst id="WASHng">47693.3466666667</dst>
        </src>
        <src id="NYCMng">
            <dst id="ATLA-M5">1059</dst>
            <dst id="ATLAng">35587.9706666667</dst>
            <dst id="CHINng">22564.3066666667</dst>
            <dst id="DNVRng">35061.3706666667</dst>
            <dst id="HSTNng">25370.4106666667</dst>
            <dst id="IPLSng">32536.232</dst>
            <dst id="KSCYng">17776.2693333333</dst>
            <dst id="LOSAng">84338.2853333333</dst>
            <dst id="NYCMng">121199.794666667</dst>
            <dst id="SNVAng">6484.568</dst>
            <dst id="STTLng">57577.888</dst>
            <dst id="WASHng">101226.269333333</dst>
        </src>
        <src id="SNVAng">
            <dst id="ATLA-M5">0</dst>
            <dst id="ATLAng">338.429333333333</dst>
            <dst id="CHINng">75.56</dst>
            <dst id="DNVRng">6067.04266666667</dst>
            <dst id="HSTNng">280.272</dst>
            <dst id="IPLSng">330.818666666667</dst>
            <dst id="KSCYng">53.3333333333333</dst>
            <dst id="LOSAng">30730.1733333333</dst>
            <dst id="NYCMng">303.970666666667</dst>
            <dst id="SNVAng">6795.04533333333</dst>
            <dst id="STTLng">29560.576</dst>
            <dst id="WASHng">91.4906666666667</dst>
        </src>
        <src id="STTLng">
            <dst id="ATLA-M5">53.3333333333333</dst>
            <dst id="ATLAng">14483.3493333333</dst>
            <dst id="CHINng">25090.2986666667</dst>
            <dst id="DNVRng">8260.99733333333</dst>
            <dst id="HSTNng">8963.56</dst>
            <dst id="IPLSng">16870.7573333333</dst>
            <dst id="KSCYng">8041.87466666666</dst>
            <dst id="LOSAng">26526.7413333333</dst>
            <dst id="NYCMng">28092.6906666667</dst>
            <dst id="SNVAng">7423.32533333333</dst>
            <dst id="STTLng">3887.82933333333</dst>
            <dst id="WASHng">21640.136</dst>
        </src>
        <src id="WASHng">
            <dst id="ATLA-M5">10218.5946666667</dst>
            <dst id="ATLAng">139536.512</dst>
            <dst id="CHINng">82683.7013333333</dst>
            <dst id="DNVRng">90797.2933333333</dst>
            <dst id="HSTNng">25039.16</dst>
            <dst id="IPLSng">58373.136</dst>
            <dst id="KSCYng">26705.592</dst>
            <dst id="LOSAng">74663.7653333333</dst>
            <dst id="NYCMng">213521.442666667</dst>
            <dst id="SNVAng">10179.4453333333</dst>
            <dst id="STTLng">62028.0586666667</dst>
            <dst id="WASHng">339709.52</dst>
        </src>
    </IntraTM>
</TrafficMatrixFile>
