<?xml version="1.0" encoding="ISO-8859-1" standalone="yes"?>
<TrafficMatrixFile xsi:noNamespaceSchemaLocation="http://totem.run.montefiore.ulg.ac.be/Schema/TrafficMatrix-v1_2.xsd" xmlns:xsi="http://www.w3.org/2001/XMLSchema-instance">
    <IntraTM ASID="11537">
        <src id="ATLA-M5">
            <dst id="ATLA-M5">0</dst>
            <dst id="ATLAng">0</dst>
            <dst id="CHINng">165.589333333333</dst>
            <dst id="DNVRng">26.6666666666667</dst>
            <dst id="HSTNng">907.648</dst>
            <dst id="IPLSng">0</dst>
            <dst id="KSCYng">1076.592</dst>
            <dst id="LOSAng">811.122666666667</dst>
            <dst id="NYCMng">26.6666666666667</dst>
            <dst id="SNVAng">13.3333333333333</dst>
            <dst id="STTLng">0</dst>
            <dst id="WASHng">2867.792</dst>
        </src>
        <src id="ATLAng">
            <dst id="ATLA-M5">222.850666666667</dst>
            <dst id="ATLAng">23226.5893333333</dst>
            <dst id="CHINng">1913.54933333333</dst>
            <dst id="DNVRng">3332.67466666667</dst>
            <dst id="HSTNng">267.104</dst>
            <dst id="IPLSng">13965.0613333333</dst>
            <dst id="KSCYng">340.642666666667</dst>
            <dst id="LOSAng">11336.616</dst>
            <dst id="NYCMng">8273.784</dst>
            <dst id="SNVAng">13.3333333333333</dst>
            <dst id="STTLng">5765.98133333333</dst>
            <dst id="WASHng">43333.304</dst>
        </src>
        <src id="CHINng">
            <dst id="ATLA-M5">116.037333333333</dst>
            <dst id="ATLAng">5177.90666666667</dst>
            <dst id="CHINng">93474.7546666667</dst>
            <dst id="DNVRng">16736.016</dst>
            <dst id="HSTNng">4811.216</dst>
            <dst id="IPLSng">27162.8346666667</dst>
            <dst id="KSCYng">6932.35466666667</dst>
            <dst id="LOSAng">40995.984</dst>
            <dst id="NYCMng">13775.616</dst>
            <dst id="SNVAng">2929.22666666667</dst>
            <dst id="STTLng">7525.09333333333</dst>
            <dst id="WASHng">23597.0933333333</dst>
        </src>
        <src id="DNVRng">
            <dst id="ATLA-M5">97.92</dst>
            <dst id="ATLAng">12563.7653333333</dst>
            <dst id="CHINng">60238.68</dst>
            <dst id="DNVRng">17897.2053333333</dst>
            <dst id="HSTNng">16518.5306666667</dst>
            <dst id="IPLSng">40544.1866666667</dst>
            <dst id="KSCYng">26621.2426666667</dst>
            <dst id="LOSAng">14562.816</dst>
            <dst id="NYCMng">19974.8613333333</dst>
            <dst id="SNVAng">11507.2613333333</dst>
            <dst id="STTLng">12893.472</dst>
            <dst id="WASHng">31521.096</dst>
        </src>
        <src id="HSTNng">
            <dst id="ATLA-M5">6484.304</dst>
            <dst id="ATLAng">1204.76266666667</dst>
            <dst id="CHINng">13859.064</dst>
            <dst id="DNVRng">752.090666666667</dst>
            <dst id="HSTNng">13214.5813333333</dst>
            <dst id="IPLSng">3155.28</dst>
            <dst id="KSCYng">2393.96</dst>
            <dst id="LOSAng">10772.7333333333</dst>
            <dst id="NYCMng">1581.76266666667</dst>
            <dst id="SNVAng">0</dst>
            <dst id="STTLng">774.352</dst>
            <dst id="WASHng">2409.408</dst>
        </src>
        <src id="IPLSng">
            <dst id="ATLA-M5">0</dst>
            <dst id="ATLAng">24356.4186666667</dst>
            <dst id="CHINng">77757.8586666667</dst>
            <dst id="DNVRng">13854.1866666667</dst>
            <dst id="HSTNng">2464.17333333333</dst>
            <dst id="IPLSng">14057.808</dst>
            <dst id="KSCYng">9281.30133333333</dst>
            <dst id="LOSAng">15265.5253333333</dst>
            <dst id="NYCMng">26485.6986666667</dst>
            <dst id="SNVAng">222.176</dst>
            <dst id="STTLng">7730.22133333333</dst>
            <dst id="WASHng">10335.2853333333</dst>
        </src>
        <src id="KSCYng">
            <dst id="ATLA-M5">26.6666666666667</dst>
            <dst id="ATLAng">997.514666666666</dst>
            <dst id="CHINng">17482.1626666667</dst>
            <dst id="DNVRng">7437.712</dst>
            <dst id="HSTNng">2838.72533333333</dst>
            <dst id="IPLSng">25380.9173333333</dst>
            <dst id="KSCYng">9645.14933333333</dst>
            <dst id="LOSAng">5208.52533333333</dst>
            <dst id="NYCMng">2720.672</dst>
            <dst id="SNVAng">3111.904</dst>
            <dst id="STTLng">9543.392</dst>
            <dst id="WASHng">38723.352</dst>
        </src>
        <src id="LOSAng">
            <dst id="ATLA-M5">925.328</dst>
            <dst id="ATLAng">7133.20266666667</dst>
            <dst id="CHINng">142652.984</dst>
            <dst id="DNVRng">20463.1466666667</dst>
            <dst id="HSTNng">3728.44</dst>
            <dst id="IPLSng">15696.1706666667</dst>
            <dst id="KSCYng">3901.41066666667</dst>
            <dst id="LOSAng">13710.888</dst>
            <dst id="NYCMng">29804.344</dst>
            <dst id="SNVAng">20342.3386666667</dst>
            <dst id="STTLng">36844.0826666667</dst>
            <dst id="WASHng">15106.3786666667</dst>
        </src>
        <src id="NYCMng">
            <dst id="ATLA-M5">82.12</dst>
            <dst id="ATLAng">9824.904</dst>
            <dst id="CHINng">12728.08</dst>
            <dst id="DNVRng">24637.7973333333</dst>
            <dst id="HSTNng">9928.93866666667</dst>
            <dst id="IPLSng">29505.9413333333</dst>
            <dst id="KSCYng">7965.32533333333</dst>
            <dst id="LOSAng">71235.0373333333</dst>
            <dst id="NYCMng">86753.1946666667</dst>
            <dst id="SNVAng">2376.88</dst>
            <dst id="STTLng">16542.9466666667</dst>
            <dst id="WASHng">27244.176</dst>
        </src>
        <src id="SNVAng">
            <dst id="ATLA-M5">0</dst>
            <dst id="ATLAng">283.224</dst>
            <dst id="CHINng">26.6666666666667</dst>
            <dst id="DNVRng">5019.32266666667</dst>
            <dst id="HSTNng">44.0533333333333</dst>
            <dst id="IPLSng">234.053333333333</dst>
            <dst id="KSCYng">26.6666666666667</dst>
            <dst id="LOSAng">31620.4133333333</dst>
            <dst id="NYCMng">483.424</dst>
            <dst id="SNVAng">4335.472</dst>
            <dst id="STTLng">31328.2133333333</dst>
            <dst id="WASHng">26.6666666666667</dst>
        </src>
        <src id="STTLng">
            <dst id="ATLA-M5">0</dst>
            <dst id="ATLAng">5757.07733333333</dst>
            <dst id="CHINng">18413.136</dst>
            <dst id="DNVRng">2959.95466666667</dst>
            <dst id="HSTNng">747.858666666667</dst>
            <dst id="IPLSng">2792.02133333333</dst>
            <dst id="KSCYng">4505.22933333333</dst>
            <dst id="LOSAng">13235.4933333333</dst>
            <dst id="NYCMng">11893.3413333333</dst>
            <dst id="SNVAng">4128.37866666667</dst>
            <dst id="STTLng">5992.89066666667</dst>
            <dst id="WASHng">7473.624</dst>
        </src>
        <src id="WASHng">
            <dst id="ATLA-M5">2050.50666666667</dst>
            <dst id="ATLAng">79704.2853333333</dst>
            <dst id="CHINng">72674.2666666667</dst>
            <dst id="DNVRng">56751.7893333333</dst>
            <dst id="HSTNng">75280.5706666667</dst>
            <dst id="IPLSng">42916.736</dst>
            <dst id="KSCYng">13163.5413333333</dst>
            <dst id="LOSAng">51319.2426666667</dst>
            <dst id="NYCMng">149624.442666667</dst>
            <dst id="SNVAng">1375.88</dst>
            <dst id="STTLng">41936.2266666667</dst>
            <dst id="WASHng">277523.413333333</dst>
        </src>
    </IntraTM>
</TrafficMatrixFile>
