<?xml version="1.0" encoding="ISO-8859-1" standalone="yes"?>
<TrafficMatrixFile xsi:noNamespaceSchemaLocation="http://totem.run.montefiore.ulg.ac.be/Schema/TrafficMatrix-v1_2.xsd" xmlns:xsi="http://www.w3.org/2001/XMLSchema-instance">
    <IntraTM ASID="11537">
        <src id="ATLA-M5">
            <dst id="ATLA-M5">149.570666666667</dst>
            <dst id="ATLAng">587.576</dst>
            <dst id="CHINng">115.104</dst>
            <dst id="DNVRng">26.6666666666667</dst>
            <dst id="HSTNng">139.568</dst>
            <dst id="IPLSng">3658.2</dst>
            <dst id="KSCYng">982.218666666667</dst>
            <dst id="LOSAng">91.6693333333333</dst>
            <dst id="NYCMng">80</dst>
            <dst id="SNVAng">13.3333333333333</dst>
            <dst id="STTLng">58.4053333333333</dst>
            <dst id="WASHng">841.461333333333</dst>
        </src>
        <src id="ATLAng">
            <dst id="ATLA-M5">340.645333333333</dst>
            <dst id="ATLAng">59023.504</dst>
            <dst id="CHINng">15503.296</dst>
            <dst id="DNVRng">3592.34666666667</dst>
            <dst id="HSTNng">7422.608</dst>
            <dst id="IPLSng">19403.6506666667</dst>
            <dst id="KSCYng">5027.98933333333</dst>
            <dst id="LOSAng">17070.6586666667</dst>
            <dst id="NYCMng">12335.8133333333</dst>
            <dst id="SNVAng">959.928</dst>
            <dst id="STTLng">7908.50933333333</dst>
            <dst id="WASHng">71383.4426666667</dst>
        </src>
        <src id="CHINng">
            <dst id="ATLA-M5">809.365333333333</dst>
            <dst id="ATLAng">11698.6666666667</dst>
            <dst id="CHINng">71969.0746666667</dst>
            <dst id="DNVRng">13117.864</dst>
            <dst id="HSTNng">11516.4773333333</dst>
            <dst id="IPLSng">33980.3786666667</dst>
            <dst id="KSCYng">25459.4453333333</dst>
            <dst id="LOSAng">30408.1786666667</dst>
            <dst id="NYCMng">12655.2666666667</dst>
            <dst id="SNVAng">8323.68266666667</dst>
            <dst id="STTLng">7554.824</dst>
            <dst id="WASHng">21011.2346666667</dst>
        </src>
        <src id="DNVRng">
            <dst id="ATLA-M5">196.693333333333</dst>
            <dst id="ATLAng">9333.33333333333</dst>
            <dst id="CHINng">64558.1306666667</dst>
            <dst id="DNVRng">14587.008</dst>
            <dst id="HSTNng">23647.56</dst>
            <dst id="IPLSng">37351.888</dst>
            <dst id="KSCYng">33857.2933333333</dst>
            <dst id="LOSAng">13658.0213333333</dst>
            <dst id="NYCMng">15329.256</dst>
            <dst id="SNVAng">34580.0453333333</dst>
            <dst id="STTLng">14090.5146666667</dst>
            <dst id="WASHng">46498.624</dst>
        </src>
        <src id="HSTNng">
            <dst id="ATLA-M5">771.701333333333</dst>
            <dst id="ATLAng">11185.7546666667</dst>
            <dst id="CHINng">28026.592</dst>
            <dst id="DNVRng">1018.26666666667</dst>
            <dst id="HSTNng">12308.9626666667</dst>
            <dst id="IPLSng">2019.89866666667</dst>
            <dst id="KSCYng">6377.33066666666</dst>
            <dst id="LOSAng">10228.184</dst>
            <dst id="NYCMng">2839.31733333333</dst>
            <dst id="SNVAng">230.357333333333</dst>
            <dst id="STTLng">1010.26133333333</dst>
            <dst id="WASHng">13165.544</dst>
        </src>
        <src id="IPLSng">
            <dst id="ATLA-M5">154.186666666667</dst>
            <dst id="ATLAng">33363.5866666667</dst>
            <dst id="CHINng">76804.8453333333</dst>
            <dst id="DNVRng">10326.7493333333</dst>
            <dst id="HSTNng">1486.32533333333</dst>
            <dst id="IPLSng">32760.5786666667</dst>
            <dst id="KSCYng">8312.65333333333</dst>
            <dst id="LOSAng">26001.856</dst>
            <dst id="NYCMng">56619.7573333333</dst>
            <dst id="SNVAng">6113.8</dst>
            <dst id="STTLng">6322.992</dst>
            <dst id="WASHng">26707.1813333333</dst>
        </src>
        <src id="KSCYng">
            <dst id="ATLA-M5">93.3893333333333</dst>
            <dst id="ATLAng">11557.0853333333</dst>
            <dst id="CHINng">27900.6293333333</dst>
            <dst id="DNVRng">10377.9093333333</dst>
            <dst id="HSTNng">3455.56533333333</dst>
            <dst id="IPLSng">14883.5973333333</dst>
            <dst id="KSCYng">11000.976</dst>
            <dst id="LOSAng">4623.672</dst>
            <dst id="NYCMng">3451.016</dst>
            <dst id="SNVAng">3023.768</dst>
            <dst id="STTLng">3113.448</dst>
            <dst id="WASHng">10570.696</dst>
        </src>
        <src id="LOSAng">
            <dst id="ATLA-M5">718.290666666667</dst>
            <dst id="ATLAng">20603.1066666667</dst>
            <dst id="CHINng">163710.984</dst>
            <dst id="DNVRng">30473.7173333333</dst>
            <dst id="HSTNng">9420.18133333334</dst>
            <dst id="IPLSng">42291.584</dst>
            <dst id="KSCYng">13409.4186666667</dst>
            <dst id="LOSAng">21707.1573333333</dst>
            <dst id="NYCMng">38121.84</dst>
            <dst id="SNVAng">28367.232</dst>
            <dst id="STTLng">24328.9146666667</dst>
            <dst id="WASHng">46819.1253333333</dst>
        </src>
        <src id="NYCMng">
            <dst id="ATLA-M5">415.248</dst>
            <dst id="ATLAng">35749.9546666667</dst>
            <dst id="CHINng">36174.16</dst>
            <dst id="DNVRng">31747.576</dst>
            <dst id="HSTNng">10787.312</dst>
            <dst id="IPLSng">42171.0293333333</dst>
            <dst id="KSCYng">18452.7733333333</dst>
            <dst id="LOSAng">82818.048</dst>
            <dst id="NYCMng">139298.589333333</dst>
            <dst id="SNVAng">5947.664</dst>
            <dst id="STTLng">27219.072</dst>
            <dst id="WASHng">70871.2133333333</dst>
        </src>
        <src id="SNVAng">
            <dst id="ATLA-M5">0</dst>
            <dst id="ATLAng">85.8906666666667</dst>
            <dst id="CHINng">177.333333333333</dst>
            <dst id="DNVRng">14476.8586666667</dst>
            <dst id="HSTNng">0</dst>
            <dst id="IPLSng">262.013333333333</dst>
            <dst id="KSCYng">91.144</dst>
            <dst id="LOSAng">65457.08</dst>
            <dst id="NYCMng">641.413333333333</dst>
            <dst id="SNVAng">9643.60266666667</dst>
            <dst id="STTLng">30852.1866666667</dst>
            <dst id="WASHng">299.578666666667</dst>
        </src>
        <src id="STTLng">
            <dst id="ATLA-M5">584.229333333333</dst>
            <dst id="ATLAng">13095.744</dst>
            <dst id="CHINng">22094.8266666667</dst>
            <dst id="DNVRng">3565.144</dst>
            <dst id="HSTNng">4168.70933333333</dst>
            <dst id="IPLSng">12530.264</dst>
            <dst id="KSCYng">9535.21066666667</dst>
            <dst id="LOSAng">20744.9573333333</dst>
            <dst id="NYCMng">14470.8586666667</dst>
            <dst id="SNVAng">4311.89333333333</dst>
            <dst id="STTLng">7622.14133333333</dst>
            <dst id="WASHng">20565.4346666667</dst>
        </src>
        <src id="WASHng">
            <dst id="ATLA-M5">3513.57333333333</dst>
            <dst id="ATLAng">153816.682666667</dst>
            <dst id="CHINng">52734.7653333333</dst>
            <dst id="DNVRng">60978.768</dst>
            <dst id="HSTNng">58087.0453333333</dst>
            <dst id="IPLSng">60477.9813333333</dst>
            <dst id="KSCYng">33860.4506666667</dst>
            <dst id="LOSAng">59944.0853333333</dst>
            <dst id="NYCMng">154786.893333333</dst>
            <dst id="SNVAng">13022.2613333333</dst>
            <dst id="STTLng">45444.9013333333</dst>
            <dst id="WASHng">336303.466666667</dst>
        </src>
    </IntraTM>
</TrafficMatrixFile>
