<?xml version="1.0" encoding="ISO-8859-1" standalone="yes"?>
<TrafficMatrixFile xsi:noNamespaceSchemaLocation="http://totem.run.montefiore.ulg.ac.be/Schema/TrafficMatrix-v1_2.xsd" xmlns:xsi="http://www.w3.org/2001/XMLSchema-instance">
    <IntraTM ASID="11537">
        <src id="ATLA-M5">
            <dst id="ATLA-M5">0</dst>
            <dst id="ATLAng">0</dst>
            <dst id="CHINng">124.4</dst>
            <dst id="DNVRng">0</dst>
            <dst id="HSTNng">849.181333333333</dst>
            <dst id="IPLSng">26.6666666666667</dst>
            <dst id="KSCYng">0</dst>
            <dst id="LOSAng">251.570666666667</dst>
            <dst id="NYCMng">0</dst>
            <dst id="SNVAng">13.3333333333333</dst>
            <dst id="STTLng">26.6666666666667</dst>
            <dst id="WASHng">1155.19733333333</dst>
        </src>
        <src id="ATLAng">
            <dst id="ATLA-M5">140.28</dst>
            <dst id="ATLAng">46193.656</dst>
            <dst id="CHINng">3070.512</dst>
            <dst id="DNVRng">3468.29066666667</dst>
            <dst id="HSTNng">335.989333333333</dst>
            <dst id="IPLSng">6336.09066666667</dst>
            <dst id="KSCYng">583.621333333333</dst>
            <dst id="LOSAng">13734.48</dst>
            <dst id="NYCMng">9804.73333333333</dst>
            <dst id="SNVAng">1106.464</dst>
            <dst id="STTLng">6717.99466666667</dst>
            <dst id="WASHng">45053.1733333333</dst>
        </src>
        <src id="CHINng">
            <dst id="ATLA-M5">255.309333333333</dst>
            <dst id="ATLAng">8529.23466666667</dst>
            <dst id="CHINng">91873.7493333333</dst>
            <dst id="DNVRng">16195.9866666667</dst>
            <dst id="HSTNng">9225.73333333333</dst>
            <dst id="IPLSng">20703.9013333333</dst>
            <dst id="KSCYng">4030.08533333333</dst>
            <dst id="LOSAng">39103.6746666667</dst>
            <dst id="NYCMng">17662.7253333333</dst>
            <dst id="SNVAng">1940.368</dst>
            <dst id="STTLng">5007.06666666667</dst>
            <dst id="WASHng">17262.0613333333</dst>
        </src>
        <src id="DNVRng">
            <dst id="ATLA-M5">170.88</dst>
            <dst id="ATLAng">7748.056</dst>
            <dst id="CHINng">67109.4346666667</dst>
            <dst id="DNVRng">5493.736</dst>
            <dst id="HSTNng">12726.144</dst>
            <dst id="IPLSng">25348.8053333333</dst>
            <dst id="KSCYng">12401.5226666667</dst>
            <dst id="LOSAng">6687.4</dst>
            <dst id="NYCMng">15032.9706666667</dst>
            <dst id="SNVAng">6116.05066666667</dst>
            <dst id="STTLng">5750.09333333333</dst>
            <dst id="WASHng">32662.5146666667</dst>
        </src>
        <src id="HSTNng">
            <dst id="ATLA-M5">3233.79733333333</dst>
            <dst id="ATLAng">2335.90133333333</dst>
            <dst id="CHINng">15178.2666666667</dst>
            <dst id="DNVRng">1146.72533333333</dst>
            <dst id="HSTNng">13643.168</dst>
            <dst id="IPLSng">3288.31733333333</dst>
            <dst id="KSCYng">1295.09066666667</dst>
            <dst id="LOSAng">14143.1466666667</dst>
            <dst id="NYCMng">1417.38133333333</dst>
            <dst id="SNVAng">54.9466666666667</dst>
            <dst id="STTLng">1076.35466666667</dst>
            <dst id="WASHng">1836.504</dst>
        </src>
        <src id="IPLSng">
            <dst id="ATLA-M5">0</dst>
            <dst id="ATLAng">12508.9653333333</dst>
            <dst id="CHINng">80398.616</dst>
            <dst id="DNVRng">15712.2773333333</dst>
            <dst id="HSTNng">352.632</dst>
            <dst id="IPLSng">8689.14933333333</dst>
            <dst id="KSCYng">4197.62666666667</dst>
            <dst id="LOSAng">16020.4293333333</dst>
            <dst id="NYCMng">35197.7173333333</dst>
            <dst id="SNVAng">478.018666666667</dst>
            <dst id="STTLng">14090.3466666667</dst>
            <dst id="WASHng">12930.0293333333</dst>
        </src>
        <src id="KSCYng">
            <dst id="ATLA-M5">26.6666666666667</dst>
            <dst id="ATLAng">2071.464</dst>
            <dst id="CHINng">20317.608</dst>
            <dst id="DNVRng">8728.74933333333</dst>
            <dst id="HSTNng">2460.73066666667</dst>
            <dst id="IPLSng">8325.936</dst>
            <dst id="KSCYng">4351.17333333333</dst>
            <dst id="LOSAng">4722.768</dst>
            <dst id="NYCMng">2192.664</dst>
            <dst id="SNVAng">2539.12533333333</dst>
            <dst id="STTLng">7866.95733333333</dst>
            <dst id="WASHng">15013.8346666667</dst>
        </src>
        <src id="LOSAng">
            <dst id="ATLA-M5">131.493333333333</dst>
            <dst id="ATLAng">8948.48533333334</dst>
            <dst id="CHINng">140132.682666667</dst>
            <dst id="DNVRng">19381.472</dst>
            <dst id="HSTNng">2925.936</dst>
            <dst id="IPLSng">10118.7786666667</dst>
            <dst id="KSCYng">4489.496</dst>
            <dst id="LOSAng">19489.8506666667</dst>
            <dst id="NYCMng">31021.1333333333</dst>
            <dst id="SNVAng">19312.4053333333</dst>
            <dst id="STTLng">40277.4853333333</dst>
            <dst id="WASHng">33475.648</dst>
        </src>
        <src id="NYCMng">
            <dst id="ATLA-M5">150.205333333333</dst>
            <dst id="ATLAng">17561.576</dst>
            <dst id="CHINng">15203.9093333333</dst>
            <dst id="DNVRng">23533.4746666667</dst>
            <dst id="HSTNng">9874.62933333333</dst>
            <dst id="IPLSng">16778.9413333333</dst>
            <dst id="KSCYng">6197.01066666667</dst>
            <dst id="LOSAng">82526.592</dst>
            <dst id="NYCMng">93230.736</dst>
            <dst id="SNVAng">984.637333333333</dst>
            <dst id="STTLng">11740.1653333333</dst>
            <dst id="WASHng">33841.1466666667</dst>
        </src>
        <src id="SNVAng">
            <dst id="ATLA-M5">0</dst>
            <dst id="ATLAng">28.088</dst>
            <dst id="CHINng">26.6666666666667</dst>
            <dst id="DNVRng">7909.54666666667</dst>
            <dst id="HSTNng">100.010666666667</dst>
            <dst id="IPLSng">5651.248</dst>
            <dst id="KSCYng">0</dst>
            <dst id="LOSAng">33777.1493333333</dst>
            <dst id="NYCMng">2854.07733333333</dst>
            <dst id="SNVAng">4079.21866666667</dst>
            <dst id="STTLng">27659.1733333333</dst>
            <dst id="WASHng">216.802666666667</dst>
        </src>
        <src id="STTLng">
            <dst id="ATLA-M5">0</dst>
            <dst id="ATLAng">6885.33066666667</dst>
            <dst id="CHINng">25452.0373333333</dst>
            <dst id="DNVRng">2141.288</dst>
            <dst id="HSTNng">1076.808</dst>
            <dst id="IPLSng">7212.51466666667</dst>
            <dst id="KSCYng">2904.248</dst>
            <dst id="LOSAng">15516.448</dst>
            <dst id="NYCMng">13675.696</dst>
            <dst id="SNVAng">2380.608</dst>
            <dst id="STTLng">3380.02933333333</dst>
            <dst id="WASHng">9531.90133333334</dst>
        </src>
        <src id="WASHng">
            <dst id="ATLA-M5">1247.12266666667</dst>
            <dst id="ATLAng">66018.368</dst>
            <dst id="CHINng">65634.328</dst>
            <dst id="DNVRng">48159.944</dst>
            <dst id="HSTNng">22325.056</dst>
            <dst id="IPLSng">52579.8586666667</dst>
            <dst id="KSCYng">16183.6426666667</dst>
            <dst id="LOSAng">66879.4746666667</dst>
            <dst id="NYCMng">113506.397333333</dst>
            <dst id="SNVAng">2671.04533333333</dst>
            <dst id="STTLng">33705.9226666667</dst>
            <dst id="WASHng">285916.16</dst>
        </src>
    </IntraTM>
</TrafficMatrixFile>
