<?xml version="1.0" encoding="ISO-8859-1" standalone="yes"?>
<TrafficMatrixFile xsi:noNamespaceSchemaLocation="http://totem.run.montefiore.ulg.ac.be/Schema/TrafficMatrix-v1_2.xsd" xmlns:xsi="http://www.w3.org/2001/XMLSchema-instance">
    <IntraTM ASID="11537">
        <src id="ATLA-M5">
            <dst id="ATLA-M5">90.5813333333333</dst>
            <dst id="ATLAng">1291.12533333333</dst>
            <dst id="CHINng">236.968</dst>
            <dst id="DNVRng">0</dst>
            <dst id="HSTNng">84.8133333333333</dst>
            <dst id="IPLSng">1498.27466666667</dst>
            <dst id="KSCYng">53.3333333333333</dst>
            <dst id="LOSAng">356.378666666667</dst>
            <dst id="NYCMng">53.3333333333333</dst>
            <dst id="SNVAng">0</dst>
            <dst id="STTLng">78.6666666666667</dst>
            <dst id="WASHng">1384.28266666667</dst>
        </src>
        <src id="ATLAng">
            <dst id="ATLA-M5">3269.48</dst>
            <dst id="ATLAng">10656.3893333333</dst>
            <dst id="CHINng">12592.152</dst>
            <dst id="DNVRng">2897.31733333333</dst>
            <dst id="HSTNng">6488.528</dst>
            <dst id="IPLSng">34156.0026666667</dst>
            <dst id="KSCYng">3738.99733333333</dst>
            <dst id="LOSAng">5878.17733333333</dst>
            <dst id="NYCMng">9495.96266666667</dst>
            <dst id="SNVAng">1125.26266666667</dst>
            <dst id="STTLng">11248.2853333333</dst>
            <dst id="WASHng">64649.5893333333</dst>
        </src>
        <src id="CHINng">
            <dst id="ATLA-M5">410.018666666667</dst>
            <dst id="ATLAng">34985.848</dst>
            <dst id="CHINng">64866.8826666667</dst>
            <dst id="DNVRng">4149.37066666667</dst>
            <dst id="HSTNng">7719.58666666667</dst>
            <dst id="IPLSng">29252.336</dst>
            <dst id="KSCYng">12182.5146666667</dst>
            <dst id="LOSAng">36564.0453333333</dst>
            <dst id="NYCMng">20277.8106666667</dst>
            <dst id="SNVAng">3670.824</dst>
            <dst id="STTLng">6492.24266666667</dst>
            <dst id="WASHng">22574.008</dst>
        </src>
        <src id="DNVRng">
            <dst id="ATLA-M5">218.085333333333</dst>
            <dst id="ATLAng">8502.47733333333</dst>
            <dst id="CHINng">60643.952</dst>
            <dst id="DNVRng">11011.3253333333</dst>
            <dst id="HSTNng">17184.32</dst>
            <dst id="IPLSng">35937.512</dst>
            <dst id="KSCYng">25123.1786666667</dst>
            <dst id="LOSAng">15762.3866666667</dst>
            <dst id="NYCMng">10180.6746666667</dst>
            <dst id="SNVAng">22004.376</dst>
            <dst id="STTLng">9576.79733333333</dst>
            <dst id="WASHng">42345.3653333333</dst>
        </src>
        <src id="HSTNng">
            <dst id="ATLA-M5">3281.19466666667</dst>
            <dst id="ATLAng">6212.77333333333</dst>
            <dst id="CHINng">9668.38666666667</dst>
            <dst id="DNVRng">1350.30133333333</dst>
            <dst id="HSTNng">17998.1093333333</dst>
            <dst id="IPLSng">1685.37333333333</dst>
            <dst id="KSCYng">2967.89333333333</dst>
            <dst id="LOSAng">12571.3973333333</dst>
            <dst id="NYCMng">6082.544</dst>
            <dst id="SNVAng">282.586666666667</dst>
            <dst id="STTLng">7397.57066666667</dst>
            <dst id="WASHng">5116.6</dst>
        </src>
        <src id="IPLSng">
            <dst id="ATLA-M5">493.253333333333</dst>
            <dst id="ATLAng">22320.2933333333</dst>
            <dst id="CHINng">75685.3573333333</dst>
            <dst id="DNVRng">26366.7813333333</dst>
            <dst id="HSTNng">4630.16</dst>
            <dst id="IPLSng">18600.7866666667</dst>
            <dst id="KSCYng">4855.14933333333</dst>
            <dst id="LOSAng">11742.0426666667</dst>
            <dst id="NYCMng">29159.7493333333</dst>
            <dst id="SNVAng">802.413333333333</dst>
            <dst id="STTLng">8589.79466666666</dst>
            <dst id="WASHng">32545.1306666667</dst>
        </src>
        <src id="KSCYng">
            <dst id="ATLA-M5">0</dst>
            <dst id="ATLAng">3704.54133333333</dst>
            <dst id="CHINng">23291.9066666667</dst>
            <dst id="DNVRng">10906.7786666667</dst>
            <dst id="HSTNng">5242.65066666667</dst>
            <dst id="IPLSng">22060.9146666667</dst>
            <dst id="KSCYng">11404.0186666667</dst>
            <dst id="LOSAng">6664.05066666667</dst>
            <dst id="NYCMng">1757.00266666667</dst>
            <dst id="SNVAng">3059.34933333333</dst>
            <dst id="STTLng">3875.08</dst>
            <dst id="WASHng">19914.3973333333</dst>
        </src>
        <src id="LOSAng">
            <dst id="ATLA-M5">553.690666666667</dst>
            <dst id="ATLAng">16688.6533333333</dst>
            <dst id="CHINng">138151.872</dst>
            <dst id="DNVRng">21003.7866666667</dst>
            <dst id="HSTNng">6633.01066666667</dst>
            <dst id="IPLSng">27152.1253333333</dst>
            <dst id="KSCYng">9501.03733333333</dst>
            <dst id="LOSAng">14835.552</dst>
            <dst id="NYCMng">42640.856</dst>
            <dst id="SNVAng">11932.328</dst>
            <dst id="STTLng">39442.3706666667</dst>
            <dst id="WASHng">60968.696</dst>
        </src>
        <src id="NYCMng">
            <dst id="ATLA-M5">512.608</dst>
            <dst id="ATLAng">43844.3946666667</dst>
            <dst id="CHINng">44855.64</dst>
            <dst id="DNVRng">30889.632</dst>
            <dst id="HSTNng">11443.4293333333</dst>
            <dst id="IPLSng">46491.992</dst>
            <dst id="KSCYng">15264.9946666667</dst>
            <dst id="LOSAng">87713.1893333333</dst>
            <dst id="NYCMng">110211.810666667</dst>
            <dst id="SNVAng">3272.36266666667</dst>
            <dst id="STTLng">15513.2986666667</dst>
            <dst id="WASHng">91279.032</dst>
        </src>
        <src id="SNVAng">
            <dst id="ATLA-M5">0</dst>
            <dst id="ATLAng">483.378666666667</dst>
            <dst id="CHINng">0</dst>
            <dst id="DNVRng">1127.04266666667</dst>
            <dst id="HSTNng">186.661333333333</dst>
            <dst id="IPLSng">342.562666666667</dst>
            <dst id="KSCYng">220.266666666667</dst>
            <dst id="LOSAng">31600.7653333333</dst>
            <dst id="NYCMng">681.002666666667</dst>
            <dst id="SNVAng">6903.14666666667</dst>
            <dst id="STTLng">23799.8213333333</dst>
            <dst id="WASHng">404</dst>
        </src>
        <src id="STTLng">
            <dst id="ATLA-M5">241.330666666667</dst>
            <dst id="ATLAng">13113.4266666667</dst>
            <dst id="CHINng">27868.2666666667</dst>
            <dst id="DNVRng">6139.496</dst>
            <dst id="HSTNng">3047.06133333333</dst>
            <dst id="IPLSng">14722.8746666667</dst>
            <dst id="KSCYng">6170.62666666667</dst>
            <dst id="LOSAng">15077.592</dst>
            <dst id="NYCMng">14576.3173333333</dst>
            <dst id="SNVAng">6791.696</dst>
            <dst id="STTLng">6054.57866666667</dst>
            <dst id="WASHng">20663.272</dst>
        </src>
        <src id="WASHng">
            <dst id="ATLA-M5">350.685333333333</dst>
            <dst id="ATLAng">139047.4</dst>
            <dst id="CHINng">48820.6053333333</dst>
            <dst id="DNVRng">68151.7013333333</dst>
            <dst id="HSTNng">45471.1066666667</dst>
            <dst id="IPLSng">75987.6213333333</dst>
            <dst id="KSCYng">19627.3573333333</dst>
            <dst id="LOSAng">63946.5146666667</dst>
            <dst id="NYCMng">192612.882666667</dst>
            <dst id="SNVAng">2322.93066666667</dst>
            <dst id="STTLng">34035.824</dst>
            <dst id="WASHng">342768.026666667</dst>
        </src>
    </IntraTM>
</TrafficMatrixFile>
