<?xml version="1.0" encoding="ISO-8859-1" standalone="yes"?>
<TrafficMatrixFile xsi:noNamespaceSchemaLocation="http://totem.run.montefiore.ulg.ac.be/Schema/TrafficMatrix-v1_2.xsd" xmlns:xsi="http://www.w3.org/2001/XMLSchema-instance">
    <IntraTM ASID="11537">
        <src id="ATLA-M5">
            <dst id="ATLA-M5">293.552</dst>
            <dst id="ATLAng">106.666666666667</dst>
            <dst id="CHINng">277.344</dst>
            <dst id="DNVRng">0</dst>
            <dst id="HSTNng">181.992</dst>
            <dst id="IPLSng">54.808</dst>
            <dst id="KSCYng">95.3866666666666</dst>
            <dst id="LOSAng">149.696</dst>
            <dst id="NYCMng">228.437333333333</dst>
            <dst id="SNVAng">0</dst>
            <dst id="STTLng">26.6666666666667</dst>
            <dst id="WASHng">794.52</dst>
        </src>
        <src id="ATLAng">
            <dst id="ATLA-M5">296.314666666667</dst>
            <dst id="ATLAng">27442.0586666667</dst>
            <dst id="CHINng">26120.4533333333</dst>
            <dst id="DNVRng">9558.35466666667</dst>
            <dst id="HSTNng">28954.8</dst>
            <dst id="IPLSng">21834.8666666667</dst>
            <dst id="KSCYng">5200.23466666667</dst>
            <dst id="LOSAng">17667.124</dst>
            <dst id="NYCMng">19612.5306666667</dst>
            <dst id="SNVAng">1128.91866666667</dst>
            <dst id="STTLng">9626.2</dst>
            <dst id="WASHng">45786.3893333333</dst>
        </src>
        <src id="CHINng">
            <dst id="ATLA-M5">534.445333333333</dst>
            <dst id="ATLAng">44481.9573333333</dst>
            <dst id="CHINng">67036.9466666667</dst>
            <dst id="DNVRng">12008.0746666667</dst>
            <dst id="HSTNng">22326.2346666667</dst>
            <dst id="IPLSng">39648.5253333333</dst>
            <dst id="KSCYng">15964.1173333333</dst>
            <dst id="LOSAng">48880.3493333333</dst>
            <dst id="NYCMng">28792.488</dst>
            <dst id="SNVAng">6025.136</dst>
            <dst id="STTLng">4624.68</dst>
            <dst id="WASHng">38922.952</dst>
        </src>
        <src id="DNVRng">
            <dst id="ATLA-M5">181.869333333333</dst>
            <dst id="ATLAng">16858.2613333333</dst>
            <dst id="CHINng">62828.8853333333</dst>
            <dst id="DNVRng">15880.592</dst>
            <dst id="HSTNng">15188.56</dst>
            <dst id="IPLSng">42448.64</dst>
            <dst id="KSCYng">18324.024</dst>
            <dst id="LOSAng">13678.464</dst>
            <dst id="NYCMng">20947.1093333333</dst>
            <dst id="SNVAng">28214.472</dst>
            <dst id="STTLng">16510.592</dst>
            <dst id="WASHng">42702.1066666667</dst>
        </src>
        <src id="HSTNng">
            <dst id="ATLA-M5">3925.51466666667</dst>
            <dst id="ATLAng">18522.2266666667</dst>
            <dst id="CHINng">16006.6853333333</dst>
            <dst id="DNVRng">2742.808</dst>
            <dst id="HSTNng">5475.94133333333</dst>
            <dst id="IPLSng">6213.824</dst>
            <dst id="KSCYng">2798.85333333333</dst>
            <dst id="LOSAng">11690.792</dst>
            <dst id="NYCMng">2101.25333333333</dst>
            <dst id="SNVAng">305.344</dst>
            <dst id="STTLng">1183.23466666667</dst>
            <dst id="WASHng">8218.688</dst>
        </src>
        <src id="IPLSng">
            <dst id="ATLA-M5">1392.76266666667</dst>
            <dst id="ATLAng">36332.064</dst>
            <dst id="CHINng">93806.5573333333</dst>
            <dst id="DNVRng">14289.0186666667</dst>
            <dst id="HSTNng">15634.848</dst>
            <dst id="IPLSng">23609.3653333333</dst>
            <dst id="KSCYng">17133.8026666667</dst>
            <dst id="LOSAng">43399.6666666667</dst>
            <dst id="NYCMng">43403.1973333333</dst>
            <dst id="SNVAng">1609.392</dst>
            <dst id="STTLng">12404.0986666667</dst>
            <dst id="WASHng">29949.6453333333</dst>
        </src>
        <src id="KSCYng">
            <dst id="ATLA-M5">2470.38666666667</dst>
            <dst id="ATLAng">5990.304</dst>
            <dst id="CHINng">28821.376</dst>
            <dst id="DNVRng">12056.7733333333</dst>
            <dst id="HSTNng">4466.24</dst>
            <dst id="IPLSng">17078.7813333333</dst>
            <dst id="KSCYng">8048.472</dst>
            <dst id="LOSAng">7795.61866666667</dst>
            <dst id="NYCMng">4659.92533333333</dst>
            <dst id="SNVAng">3740.272</dst>
            <dst id="STTLng">7897.35733333333</dst>
            <dst id="WASHng">13749.872</dst>
        </src>
        <src id="LOSAng">
            <dst id="ATLA-M5">2108.29066666667</dst>
            <dst id="ATLAng">30743.9786666667</dst>
            <dst id="CHINng">94912.8693333333</dst>
            <dst id="DNVRng">29802.168</dst>
            <dst id="HSTNng">23196.0906666667</dst>
            <dst id="IPLSng">60583.856</dst>
            <dst id="KSCYng">13418.032</dst>
            <dst id="LOSAng">23441.7573333333</dst>
            <dst id="NYCMng">42153.0586666667</dst>
            <dst id="SNVAng">17715.248</dst>
            <dst id="STTLng">38089.5413333333</dst>
            <dst id="WASHng">43840.7466666667</dst>
        </src>
        <src id="NYCMng">
            <dst id="ATLA-M5">4159.60533333333</dst>
            <dst id="ATLAng">49430.6853333333</dst>
            <dst id="CHINng">35483.3093333333</dst>
            <dst id="DNVRng">50437.3066666667</dst>
            <dst id="HSTNng">16103.9413333333</dst>
            <dst id="IPLSng">49519.352</dst>
            <dst id="KSCYng">23144.48</dst>
            <dst id="LOSAng">91930.8213333333</dst>
            <dst id="NYCMng">127902.304</dst>
            <dst id="SNVAng">14518.1866666667</dst>
            <dst id="STTLng">54859.8746666667</dst>
            <dst id="WASHng">112563.952</dst>
        </src>
        <src id="SNVAng">
            <dst id="ATLA-M5">0</dst>
            <dst id="ATLAng">68.0213333333333</dst>
            <dst id="CHINng">53.3333333333333</dst>
            <dst id="DNVRng">9175.36266666667</dst>
            <dst id="HSTNng">144.618666666667</dst>
            <dst id="IPLSng">2360.62133333333</dst>
            <dst id="KSCYng">80</dst>
            <dst id="LOSAng">37358.2666666667</dst>
            <dst id="NYCMng">8528.85866666667</dst>
            <dst id="SNVAng">6677.464</dst>
            <dst id="STTLng">30954.6026666667</dst>
            <dst id="WASHng">290.568</dst>
        </src>
        <src id="STTLng">
            <dst id="ATLA-M5">794.698666666667</dst>
            <dst id="ATLAng">17786.9653333333</dst>
            <dst id="CHINng">29562.184</dst>
            <dst id="DNVRng">8632.89066666667</dst>
            <dst id="HSTNng">3875.20533333333</dst>
            <dst id="IPLSng">11753.88</dst>
            <dst id="KSCYng">5506.024</dst>
            <dst id="LOSAng">35752.0266666667</dst>
            <dst id="NYCMng">20483.432</dst>
            <dst id="SNVAng">5476.26133333333</dst>
            <dst id="STTLng">5485.42133333333</dst>
            <dst id="WASHng">28111.5546666667</dst>
        </src>
        <src id="WASHng">
            <dst id="ATLA-M5">1530.336</dst>
            <dst id="ATLAng">139178.098666667</dst>
            <dst id="CHINng">86499.1786666667</dst>
            <dst id="DNVRng">83336.6053333333</dst>
            <dst id="HSTNng">38138.664</dst>
            <dst id="IPLSng">75330.184</dst>
            <dst id="KSCYng">22229.8666666667</dst>
            <dst id="LOSAng">75672.184</dst>
            <dst id="NYCMng">152364.4</dst>
            <dst id="SNVAng">21379.8373333333</dst>
            <dst id="STTLng">51590.3626666667</dst>
            <dst id="WASHng">357562.293333333</dst>
        </src>
    </IntraTM>
</TrafficMatrixFile>
