<?xml version="1.0" encoding="ISO-8859-1" standalone="yes"?>
<TrafficMatrixFile xsi:noNamespaceSchemaLocation="http://totem.run.montefiore.ulg.ac.be/Schema/TrafficMatrix-v1_2.xsd" xmlns:xsi="http://www.w3.org/2001/XMLSchema-instance">
    <IntraTM ASID="11537">
        <src id="ATLA-M5">
            <dst id="ATLA-M5">293.704</dst>
            <dst id="ATLAng">0</dst>
            <dst id="CHINng">94.504</dst>
            <dst id="DNVRng">0</dst>
            <dst id="HSTNng">43.0666666666667</dst>
            <dst id="IPLSng">0</dst>
            <dst id="KSCYng">26.6666666666667</dst>
            <dst id="LOSAng">302.312</dst>
            <dst id="NYCMng">0</dst>
            <dst id="SNVAng">0</dst>
            <dst id="STTLng">135.146666666667</dst>
            <dst id="WASHng">214.450666666667</dst>
        </src>
        <src id="ATLAng">
            <dst id="ATLA-M5">198.690666666667</dst>
            <dst id="ATLAng">5221.032</dst>
            <dst id="CHINng">20456.9226666667</dst>
            <dst id="DNVRng">2904.29866666667</dst>
            <dst id="HSTNng">452.464</dst>
            <dst id="IPLSng">35692.3466666667</dst>
            <dst id="KSCYng">315.904</dst>
            <dst id="LOSAng">7407.964</dst>
            <dst id="NYCMng">6795.28533333333</dst>
            <dst id="SNVAng">94.9666666666667</dst>
            <dst id="STTLng">10168.656</dst>
            <dst id="WASHng">49667.0293333333</dst>
        </src>
        <src id="CHINng">
            <dst id="ATLA-M5">34.4746666666667</dst>
            <dst id="ATLAng">7767.52</dst>
            <dst id="CHINng">59801.1253333333</dst>
            <dst id="DNVRng">8048.98933333333</dst>
            <dst id="HSTNng">5088.35733333333</dst>
            <dst id="IPLSng">90480.1573333333</dst>
            <dst id="KSCYng">3453.016</dst>
            <dst id="LOSAng">44024.1093333333</dst>
            <dst id="NYCMng">6914.488</dst>
            <dst id="SNVAng">271.76</dst>
            <dst id="STTLng">4349.29866666667</dst>
            <dst id="WASHng">15939.9626666667</dst>
        </src>
        <src id="DNVRng">
            <dst id="ATLA-M5">96.8186666666667</dst>
            <dst id="ATLAng">3682.47733333333</dst>
            <dst id="CHINng">58705.4906666667</dst>
            <dst id="DNVRng">8324.61866666667</dst>
            <dst id="HSTNng">11932.7253333333</dst>
            <dst id="IPLSng">32871.1253333333</dst>
            <dst id="KSCYng">18989.3013333333</dst>
            <dst id="LOSAng">31359.5893333333</dst>
            <dst id="NYCMng">16583.8506666667</dst>
            <dst id="SNVAng">11395.208</dst>
            <dst id="STTLng">9344.912</dst>
            <dst id="WASHng">29778.3253333333</dst>
        </src>
        <src id="HSTNng">
            <dst id="ATLA-M5">2647.232</dst>
            <dst id="ATLAng">1160.72533333333</dst>
            <dst id="CHINng">12952.384</dst>
            <dst id="DNVRng">425.509333333333</dst>
            <dst id="HSTNng">17826.8826666667</dst>
            <dst id="IPLSng">4582.30933333333</dst>
            <dst id="KSCYng">505.64</dst>
            <dst id="LOSAng">22653.528</dst>
            <dst id="NYCMng">4922.88533333333</dst>
            <dst id="SNVAng">0</dst>
            <dst id="STTLng">164.234666666667</dst>
            <dst id="WASHng">901.701333333333</dst>
        </src>
        <src id="IPLSng">
            <dst id="ATLA-M5">26.6666666666667</dst>
            <dst id="ATLAng">12485.0506666667</dst>
            <dst id="CHINng">64431.2853333333</dst>
            <dst id="DNVRng">13280.0106666667</dst>
            <dst id="HSTNng">2954.55466666667</dst>
            <dst id="IPLSng">20942.8533333333</dst>
            <dst id="KSCYng">13462.496</dst>
            <dst id="LOSAng">14771.712</dst>
            <dst id="NYCMng">23193.5226666667</dst>
            <dst id="SNVAng">450.405333333333</dst>
            <dst id="STTLng">7049.776</dst>
            <dst id="WASHng">14703.632</dst>
        </src>
        <src id="KSCYng">
            <dst id="ATLA-M5">651.882666666667</dst>
            <dst id="ATLAng">835.44</dst>
            <dst id="CHINng">17005.4613333333</dst>
            <dst id="DNVRng">11006.3626666667</dst>
            <dst id="HSTNng">2183.63733333333</dst>
            <dst id="IPLSng">10317.872</dst>
            <dst id="KSCYng">6296.01066666667</dst>
            <dst id="LOSAng">6748.03466666667</dst>
            <dst id="NYCMng">2781.12533333333</dst>
            <dst id="SNVAng">2479.98933333333</dst>
            <dst id="STTLng">5026.43466666667</dst>
            <dst id="WASHng">6251.92266666667</dst>
        </src>
        <src id="LOSAng">
            <dst id="ATLA-M5">599.994666666667</dst>
            <dst id="ATLAng">7036.97866666667</dst>
            <dst id="CHINng">122746.285333333</dst>
            <dst id="DNVRng">15631.5333333333</dst>
            <dst id="HSTNng">2757.456</dst>
            <dst id="IPLSng">10021.624</dst>
            <dst id="KSCYng">3321.92266666667</dst>
            <dst id="LOSAng">17320.5333333333</dst>
            <dst id="NYCMng">50920.5866666667</dst>
            <dst id="SNVAng">11478.176</dst>
            <dst id="STTLng">22824.5493333333</dst>
            <dst id="WASHng">12576.7466666667</dst>
        </src>
        <src id="NYCMng">
            <dst id="ATLA-M5">580.376</dst>
            <dst id="ATLAng">15762.4266666667</dst>
            <dst id="CHINng">11346.5013333333</dst>
            <dst id="DNVRng">31064.272</dst>
            <dst id="HSTNng">3404.944</dst>
            <dst id="IPLSng">21768.5733333333</dst>
            <dst id="KSCYng">9830.13866666667</dst>
            <dst id="LOSAng">81786.936</dst>
            <dst id="NYCMng">134185.496</dst>
            <dst id="SNVAng">1370.02933333333</dst>
            <dst id="STTLng">18558.3973333333</dst>
            <dst id="WASHng">62246.3253333333</dst>
        </src>
        <src id="SNVAng">
            <dst id="ATLA-M5">0</dst>
            <dst id="ATLAng">26.6666666666667</dst>
            <dst id="CHINng">26.6666666666667</dst>
            <dst id="DNVRng">7193.01866666667</dst>
            <dst id="HSTNng">36.5866666666667</dst>
            <dst id="IPLSng">207.074666666667</dst>
            <dst id="KSCYng">26.6666666666667</dst>
            <dst id="LOSAng">31594.7786666667</dst>
            <dst id="NYCMng">357.866666666667</dst>
            <dst id="SNVAng">5019.768</dst>
            <dst id="STTLng">23896.92</dst>
            <dst id="WASHng">26.6666666666667</dst>
        </src>
        <src id="STTLng">
            <dst id="ATLA-M5">26.6666666666667</dst>
            <dst id="ATLAng">6204.23466666667</dst>
            <dst id="CHINng">22173.248</dst>
            <dst id="DNVRng">1920.91733333333</dst>
            <dst id="HSTNng">866.464</dst>
            <dst id="IPLSng">4880.28</dst>
            <dst id="KSCYng">877.544</dst>
            <dst id="LOSAng">16100.2826666667</dst>
            <dst id="NYCMng">13833.9893333333</dst>
            <dst id="SNVAng">2102.17066666667</dst>
            <dst id="STTLng">4480.10933333333</dst>
            <dst id="WASHng">5091.61333333333</dst>
        </src>
        <src id="WASHng">
            <dst id="ATLA-M5">124.309333333333</dst>
            <dst id="ATLAng">65410.784</dst>
            <dst id="CHINng">34140.0053333333</dst>
            <dst id="DNVRng">44268.0933333333</dst>
            <dst id="HSTNng">15154.032</dst>
            <dst id="IPLSng">42975.392</dst>
            <dst id="KSCYng">19291.232</dst>
            <dst id="LOSAng">70889.712</dst>
            <dst id="NYCMng">157601.592</dst>
            <dst id="SNVAng">10419.8213333333</dst>
            <dst id="STTLng">27434.336</dst>
            <dst id="WASHng">304561.6</dst>
        </src>
    </IntraTM>
</TrafficMatrixFile>
