<?xml version="1.0" encoding="ISO-8859-1" standalone="yes"?>
<TrafficMatrixFile xsi:noNamespaceSchemaLocation="http://totem.run.montefiore.ulg.ac.be/Schema/TrafficMatrix-v1_2.xsd" xmlns:xsi="http://www.w3.org/2001/XMLSchema-instance">
    <IntraTM ASID="11537">
        <src id="ATLA-M5">
            <dst id="ATLA-M5">0</dst>
            <dst id="ATLAng">0</dst>
            <dst id="CHINng">52.184</dst>
            <dst id="DNVRng">0</dst>
            <dst id="HSTNng">26.6666666666667</dst>
            <dst id="IPLSng">0</dst>
            <dst id="KSCYng">0</dst>
            <dst id="LOSAng">246.002666666667</dst>
            <dst id="NYCMng">0</dst>
            <dst id="SNVAng">0</dst>
            <dst id="STTLng">0</dst>
            <dst id="WASHng">693.64</dst>
        </src>
        <src id="ATLAng">
            <dst id="ATLA-M5">266.088</dst>
            <dst id="ATLAng">5966.37333333333</dst>
            <dst id="CHINng">4123.61333333333</dst>
            <dst id="DNVRng">8321.856</dst>
            <dst id="HSTNng">664.968</dst>
            <dst id="IPLSng">24837.5786666667</dst>
            <dst id="KSCYng">361.48</dst>
            <dst id="LOSAng">5979.992</dst>
            <dst id="NYCMng">10449.4586666667</dst>
            <dst id="SNVAng">299.941333333333</dst>
            <dst id="STTLng">10936.0746666667</dst>
            <dst id="WASHng">38005.1413333333</dst>
        </src>
        <src id="CHINng">
            <dst id="ATLA-M5">26.6666666666667</dst>
            <dst id="ATLAng">8686.28</dst>
            <dst id="CHINng">43866.304</dst>
            <dst id="DNVRng">6479.99733333333</dst>
            <dst id="HSTNng">5167.12533333333</dst>
            <dst id="IPLSng">22790.2213333333</dst>
            <dst id="KSCYng">3780.89866666667</dst>
            <dst id="LOSAng">41056.056</dst>
            <dst id="NYCMng">9508.69333333333</dst>
            <dst id="SNVAng">3008.48266666667</dst>
            <dst id="STTLng">7146.168</dst>
            <dst id="WASHng">22201.6</dst>
        </src>
        <src id="DNVRng">
            <dst id="ATLA-M5">169.296</dst>
            <dst id="ATLAng">2976.54666666667</dst>
            <dst id="CHINng">45939.736</dst>
            <dst id="DNVRng">3721.05333333333</dst>
            <dst id="HSTNng">26869.1626666667</dst>
            <dst id="IPLSng">37444.3466666667</dst>
            <dst id="KSCYng">12899.9733333333</dst>
            <dst id="LOSAng">9307.512</dst>
            <dst id="NYCMng">16453.7653333333</dst>
            <dst id="SNVAng">7199.032</dst>
            <dst id="STTLng">4242.24</dst>
            <dst id="WASHng">49186.9813333333</dst>
        </src>
        <src id="HSTNng">
            <dst id="ATLA-M5">387.872</dst>
            <dst id="ATLAng">2157.85333333333</dst>
            <dst id="CHINng">10474.232</dst>
            <dst id="DNVRng">1246.79733333333</dst>
            <dst id="HSTNng">14514.2</dst>
            <dst id="IPLSng">3957.576</dst>
            <dst id="KSCYng">495.552</dst>
            <dst id="LOSAng">2809.53866666667</dst>
            <dst id="NYCMng">946.245333333333</dst>
            <dst id="SNVAng">79.056</dst>
            <dst id="STTLng">448.085333333333</dst>
            <dst id="WASHng">3728.57333333333</dst>
        </src>
        <src id="IPLSng">
            <dst id="ATLA-M5">0</dst>
            <dst id="ATLAng">14182.5946666667</dst>
            <dst id="CHINng">43820.16</dst>
            <dst id="DNVRng">11649.7813333333</dst>
            <dst id="HSTNng">835.613333333333</dst>
            <dst id="IPLSng">5587.728</dst>
            <dst id="KSCYng">1744.152</dst>
            <dst id="LOSAng">13629.5706666667</dst>
            <dst id="NYCMng">23860.3226666667</dst>
            <dst id="SNVAng">649</dst>
            <dst id="STTLng">9665.47733333333</dst>
            <dst id="WASHng">15163.312</dst>
        </src>
        <src id="KSCYng">
            <dst id="ATLA-M5">53.3333333333333</dst>
            <dst id="ATLAng">3981.46933333333</dst>
            <dst id="CHINng">13965.9813333333</dst>
            <dst id="DNVRng">8566.17333333333</dst>
            <dst id="HSTNng">2541.38133333333</dst>
            <dst id="IPLSng">10024.44</dst>
            <dst id="KSCYng">9660.89066666667</dst>
            <dst id="LOSAng">4292.608</dst>
            <dst id="NYCMng">7663.424</dst>
            <dst id="SNVAng">2033.71466666667</dst>
            <dst id="STTLng">3122.43733333333</dst>
            <dst id="WASHng">5737.656</dst>
        </src>
        <src id="LOSAng">
            <dst id="ATLA-M5">117.274666666667</dst>
            <dst id="ATLAng">9583.82933333333</dst>
            <dst id="CHINng">118331.610666667</dst>
            <dst id="DNVRng">23115.0586666667</dst>
            <dst id="HSTNng">8542.76266666667</dst>
            <dst id="IPLSng">10496.2346666667</dst>
            <dst id="KSCYng">2453.01066666667</dst>
            <dst id="LOSAng">11842.7173333333</dst>
            <dst id="NYCMng">38340.2533333333</dst>
            <dst id="SNVAng">28213.1786666667</dst>
            <dst id="STTLng">48074.1253333333</dst>
            <dst id="WASHng">18332.8826666667</dst>
        </src>
        <src id="NYCMng">
            <dst id="ATLA-M5">53.3333333333333</dst>
            <dst id="ATLAng">29232.6826666667</dst>
            <dst id="CHINng">23212.9386666667</dst>
            <dst id="DNVRng">24573.456</dst>
            <dst id="HSTNng">3231.67466666667</dst>
            <dst id="IPLSng">29473.7466666667</dst>
            <dst id="KSCYng">11691.5973333333</dst>
            <dst id="LOSAng">77009.712</dst>
            <dst id="NYCMng">84037.592</dst>
            <dst id="SNVAng">1187.81866666667</dst>
            <dst id="STTLng">20016.92</dst>
            <dst id="WASHng">37031.304</dst>
        </src>
        <src id="SNVAng">
            <dst id="ATLA-M5">0</dst>
            <dst id="ATLAng">155.589333333333</dst>
            <dst id="CHINng">0</dst>
            <dst id="DNVRng">878.922666666667</dst>
            <dst id="HSTNng">26.6666666666667</dst>
            <dst id="IPLSng">258.634666666667</dst>
            <dst id="KSCYng">0</dst>
            <dst id="LOSAng">27351.4186666667</dst>
            <dst id="NYCMng">266.261333333333</dst>
            <dst id="SNVAng">5723.89866666667</dst>
            <dst id="STTLng">25262.7786666667</dst>
            <dst id="WASHng">308.829333333333</dst>
        </src>
        <src id="STTLng">
            <dst id="ATLA-M5">0</dst>
            <dst id="ATLAng">7340.29866666667</dst>
            <dst id="CHINng">25917.4293333333</dst>
            <dst id="DNVRng">2095.48533333333</dst>
            <dst id="HSTNng">563.576</dst>
            <dst id="IPLSng">5445.016</dst>
            <dst id="KSCYng">1152.42666666667</dst>
            <dst id="LOSAng">13267.3386666667</dst>
            <dst id="NYCMng">12090.064</dst>
            <dst id="SNVAng">1534.50666666667</dst>
            <dst id="STTLng">1690.184</dst>
            <dst id="WASHng">4755.768</dst>
        </src>
        <src id="WASHng">
            <dst id="ATLA-M5">140.936</dst>
            <dst id="ATLAng">66125.0186666667</dst>
            <dst id="CHINng">42766.712</dst>
            <dst id="DNVRng">36709.6853333333</dst>
            <dst id="HSTNng">17767.856</dst>
            <dst id="IPLSng">52391.0746666667</dst>
            <dst id="KSCYng">3258.68</dst>
            <dst id="LOSAng">56152.3786666667</dst>
            <dst id="NYCMng">139529.344</dst>
            <dst id="SNVAng">9388.85333333333</dst>
            <dst id="STTLng">35699.1306666667</dst>
            <dst id="WASHng">327207.226666667</dst>
        </src>
    </IntraTM>
</TrafficMatrixFile>
