<?xml version="1.0" encoding="ISO-8859-1" standalone="yes"?>
<TrafficMatrixFile xsi:noNamespaceSchemaLocation="http://totem.run.montefiore.ulg.ac.be/Schema/TrafficMatrix-v1_2.xsd" xmlns:xsi="http://www.w3.org/2001/XMLSchema-instance">
    <IntraTM ASID="11537">
        <src id="ATLA-M5">
            <dst id="ATLA-M5">110.429333333333</dst>
            <dst id="ATLAng">482.04</dst>
            <dst id="CHINng">201.04</dst>
            <dst id="DNVRng">94.6346666666667</dst>
            <dst id="HSTNng">98.6666666666667</dst>
            <dst id="IPLSng">80</dst>
            <dst id="KSCYng">53.3333333333333</dst>
            <dst id="LOSAng">354.112</dst>
            <dst id="NYCMng">26.6666666666667</dst>
            <dst id="SNVAng">14.232</dst>
            <dst id="STTLng">53.3333333333333</dst>
            <dst id="WASHng">258.706666666667</dst>
        </src>
        <src id="ATLAng">
            <dst id="ATLA-M5">3398.66133333333</dst>
            <dst id="ATLAng">8749.66666666667</dst>
            <dst id="CHINng">15506.72</dst>
            <dst id="DNVRng">3398.416</dst>
            <dst id="HSTNng">8509.584</dst>
            <dst id="IPLSng">27597.6693333333</dst>
            <dst id="KSCYng">10183.2826666667</dst>
            <dst id="LOSAng">9500.44533333333</dst>
            <dst id="NYCMng">8023.88266666667</dst>
            <dst id="SNVAng">1236.38133333333</dst>
            <dst id="STTLng">12727.112</dst>
            <dst id="WASHng">52525.472</dst>
        </src>
        <src id="CHINng">
            <dst id="ATLA-M5">200.338666666667</dst>
            <dst id="ATLAng">26955.0826666667</dst>
            <dst id="CHINng">66675.008</dst>
            <dst id="DNVRng">12072.6773333333</dst>
            <dst id="HSTNng">7360.648</dst>
            <dst id="IPLSng">76340.2613333333</dst>
            <dst id="KSCYng">10143.408</dst>
            <dst id="LOSAng">48100.0986666667</dst>
            <dst id="NYCMng">9095.62933333333</dst>
            <dst id="SNVAng">2525.73866666667</dst>
            <dst id="STTLng">12268.488</dst>
            <dst id="WASHng">41424.6666666667</dst>
        </src>
        <src id="DNVRng">
            <dst id="ATLA-M5">418.117333333333</dst>
            <dst id="ATLAng">8910.94666666666</dst>
            <dst id="CHINng">63096.9786666666</dst>
            <dst id="DNVRng">11324.3786666667</dst>
            <dst id="HSTNng">25705.696</dst>
            <dst id="IPLSng">42421.2906666667</dst>
            <dst id="KSCYng">25827.7946666667</dst>
            <dst id="LOSAng">15026.5893333333</dst>
            <dst id="NYCMng">14609.608</dst>
            <dst id="SNVAng">29621.584</dst>
            <dst id="STTLng">6761.30933333333</dst>
            <dst id="WASHng">39105.056</dst>
        </src>
        <src id="HSTNng">
            <dst id="ATLA-M5">4744.152</dst>
            <dst id="ATLAng">12501.256</dst>
            <dst id="CHINng">22367.8853333333</dst>
            <dst id="DNVRng">1322.48533333333</dst>
            <dst id="HSTNng">11812.312</dst>
            <dst id="IPLSng">4074.49066666667</dst>
            <dst id="KSCYng">1944.81333333333</dst>
            <dst id="LOSAng">10254.456</dst>
            <dst id="NYCMng">4403.75466666667</dst>
            <dst id="SNVAng">694.730666666666</dst>
            <dst id="STTLng">8207.78933333333</dst>
            <dst id="WASHng">10021.824</dst>
        </src>
        <src id="IPLSng">
            <dst id="ATLA-M5">181.837333333333</dst>
            <dst id="ATLAng">20908.9173333333</dst>
            <dst id="CHINng">59569.888</dst>
            <dst id="DNVRng">29214.128</dst>
            <dst id="HSTNng">14827.552</dst>
            <dst id="IPLSng">16724.9413333333</dst>
            <dst id="KSCYng">8176.36</dst>
            <dst id="LOSAng">23230.9386666667</dst>
            <dst id="NYCMng">29746.7733333333</dst>
            <dst id="SNVAng">2560.35466666667</dst>
            <dst id="STTLng">21868.92</dst>
            <dst id="WASHng">16616.5893333333</dst>
        </src>
        <src id="KSCYng">
            <dst id="ATLA-M5">26.6666666666667</dst>
            <dst id="ATLAng">2822.94133333333</dst>
            <dst id="CHINng">20567.168</dst>
            <dst id="DNVRng">15565.56</dst>
            <dst id="HSTNng">3930.22133333333</dst>
            <dst id="IPLSng">20573.9813333333</dst>
            <dst id="KSCYng">5170.432</dst>
            <dst id="LOSAng">8052.78666666667</dst>
            <dst id="NYCMng">3099.69866666667</dst>
            <dst id="SNVAng">2782.86933333333</dst>
            <dst id="STTLng">9041.48533333333</dst>
            <dst id="WASHng">13078.8106666667</dst>
        </src>
        <src id="LOSAng">
            <dst id="ATLA-M5">512.352</dst>
            <dst id="ATLAng">28274.368</dst>
            <dst id="CHINng">119039.829333333</dst>
            <dst id="DNVRng">22940.8426666667</dst>
            <dst id="HSTNng">15137.7733333333</dst>
            <dst id="IPLSng">31780.456</dst>
            <dst id="KSCYng">15363.576</dst>
            <dst id="LOSAng">18001.7306666667</dst>
            <dst id="NYCMng">36763.3066666667</dst>
            <dst id="SNVAng">29672.5573333333</dst>
            <dst id="STTLng">20959.1573333333</dst>
            <dst id="WASHng">29619.0666666667</dst>
        </src>
        <src id="NYCMng">
            <dst id="ATLA-M5">579.117333333333</dst>
            <dst id="ATLAng">34211.4453333333</dst>
            <dst id="CHINng">12884.536</dst>
            <dst id="DNVRng">32173.4053333333</dst>
            <dst id="HSTNng">12126.464</dst>
            <dst id="IPLSng">46243.0106666667</dst>
            <dst id="KSCYng">16771.2933333333</dst>
            <dst id="LOSAng">105452.362666667</dst>
            <dst id="NYCMng">102845.224</dst>
            <dst id="SNVAng">8045.336</dst>
            <dst id="STTLng">24807.72</dst>
            <dst id="WASHng">74188.552</dst>
        </src>
        <src id="SNVAng">
            <dst id="ATLA-M5">0</dst>
            <dst id="ATLAng">110.344</dst>
            <dst id="CHINng">172.405333333333</dst>
            <dst id="DNVRng">14752.0186666667</dst>
            <dst id="HSTNng">134.016</dst>
            <dst id="IPLSng">270.517333333333</dst>
            <dst id="KSCYng">0</dst>
            <dst id="LOSAng">30565.8693333333</dst>
            <dst id="NYCMng">307.741333333333</dst>
            <dst id="SNVAng">7357.77066666667</dst>
            <dst id="STTLng">32975.4506666667</dst>
            <dst id="WASHng">172.410666666667</dst>
        </src>
        <src id="STTLng">
            <dst id="ATLA-M5">201.978666666667</dst>
            <dst id="ATLAng">13120.504</dst>
            <dst id="CHINng">29601.6346666667</dst>
            <dst id="DNVRng">4083.41333333333</dst>
            <dst id="HSTNng">2954.92</dst>
            <dst id="IPLSng">16873.4266666667</dst>
            <dst id="KSCYng">18977.456</dst>
            <dst id="LOSAng">22510.2746666667</dst>
            <dst id="NYCMng">18409.992</dst>
            <dst id="SNVAng">7669.91466666667</dst>
            <dst id="STTLng">5774.21866666666</dst>
            <dst id="WASHng">18869.0346666667</dst>
        </src>
        <src id="WASHng">
            <dst id="ATLA-M5">5086.93066666667</dst>
            <dst id="ATLAng">128670.717333333</dst>
            <dst id="CHINng">56024.376</dst>
            <dst id="DNVRng">81006.0773333333</dst>
            <dst id="HSTNng">22484.616</dst>
            <dst id="IPLSng">51396.3893333333</dst>
            <dst id="KSCYng">18501.8186666667</dst>
            <dst id="LOSAng">95544.5546666666</dst>
            <dst id="NYCMng">196399.064</dst>
            <dst id="SNVAng">3961.86666666667</dst>
            <dst id="STTLng">38184.424</dst>
            <dst id="WASHng">281853.253333333</dst>
        </src>
    </IntraTM>
</TrafficMatrixFile>
