<?xml version="1.0" encoding="ISO-8859-1" standalone="yes"?>
<TrafficMatrixFile xsi:noNamespaceSchemaLocation="http://totem.run.montefiore.ulg.ac.be/Schema/TrafficMatrix-v1_2.xsd" xmlns:xsi="http://www.w3.org/2001/XMLSchema-instance">
    <IntraTM ASID="11537">
        <src id="ATLA-M5">
            <dst id="ATLA-M5">81.056</dst>
            <dst id="ATLAng">106.666666666667</dst>
            <dst id="CHINng">121.714666666667</dst>
            <dst id="DNVRng">26.6666666666667</dst>
            <dst id="HSTNng">205.130666666667</dst>
            <dst id="IPLSng">26.6666666666667</dst>
            <dst id="KSCYng">80</dst>
            <dst id="LOSAng">657.104</dst>
            <dst id="NYCMng">454.829333333333</dst>
            <dst id="SNVAng">0</dst>
            <dst id="STTLng">26.6666666666667</dst>
            <dst id="WASHng">1040.77866666667</dst>
        </src>
        <src id="ATLAng">
            <dst id="ATLA-M5">276.386666666667</dst>
            <dst id="ATLAng">22706.3306666667</dst>
            <dst id="CHINng">8596.832</dst>
            <dst id="DNVRng">3003.384</dst>
            <dst id="HSTNng">5205.33066666667</dst>
            <dst id="IPLSng">15948.6586666667</dst>
            <dst id="KSCYng">1898.89866666667</dst>
            <dst id="LOSAng">10020.6906666667</dst>
            <dst id="NYCMng">18714.7786666667</dst>
            <dst id="SNVAng">769.341333333333</dst>
            <dst id="STTLng">6153.30666666667</dst>
            <dst id="WASHng">52977.3493333333</dst>
        </src>
        <src id="CHINng">
            <dst id="ATLA-M5">184.744</dst>
            <dst id="ATLAng">19335.4986666667</dst>
            <dst id="CHINng">95583.1066666667</dst>
            <dst id="DNVRng">6515.50933333333</dst>
            <dst id="HSTNng">11253.976</dst>
            <dst id="IPLSng">21391.9226666667</dst>
            <dst id="KSCYng">25943.48</dst>
            <dst id="LOSAng">29664.2213333333</dst>
            <dst id="NYCMng">12728.32</dst>
            <dst id="SNVAng">1873.76266666667</dst>
            <dst id="STTLng">6765.33066666666</dst>
            <dst id="WASHng">25710.9493333333</dst>
        </src>
        <src id="DNVRng">
            <dst id="ATLA-M5">251.069333333333</dst>
            <dst id="ATLAng">10218.576</dst>
            <dst id="CHINng">71361.0906666667</dst>
            <dst id="DNVRng">5910.83466666667</dst>
            <dst id="HSTNng">14338.3386666667</dst>
            <dst id="IPLSng">27697.7466666667</dst>
            <dst id="KSCYng">14131.1733333333</dst>
            <dst id="LOSAng">7153.112</dst>
            <dst id="NYCMng">30968.9626666667</dst>
            <dst id="SNVAng">5863.62133333333</dst>
            <dst id="STTLng">5408.49866666667</dst>
            <dst id="WASHng">35987.304</dst>
        </src>
        <src id="HSTNng">
            <dst id="ATLA-M5">3242.27466666667</dst>
            <dst id="ATLAng">4229.576</dst>
            <dst id="CHINng">18333.5866666667</dst>
            <dst id="DNVRng">828.522666666667</dst>
            <dst id="HSTNng">12848.472</dst>
            <dst id="IPLSng">9595.232</dst>
            <dst id="KSCYng">1444.30666666667</dst>
            <dst id="LOSAng">15915.936</dst>
            <dst id="NYCMng">3992.31733333333</dst>
            <dst id="SNVAng">111.072</dst>
            <dst id="STTLng">896.285333333333</dst>
            <dst id="WASHng">5960.96533333333</dst>
        </src>
        <src id="IPLSng">
            <dst id="ATLA-M5">53.3333333333333</dst>
            <dst id="ATLAng">27941.1466666667</dst>
            <dst id="CHINng">98357.4053333333</dst>
            <dst id="DNVRng">10546.4773333333</dst>
            <dst id="HSTNng">4989.12</dst>
            <dst id="IPLSng">19398.8853333333</dst>
            <dst id="KSCYng">8943.864</dst>
            <dst id="LOSAng">14182.792</dst>
            <dst id="NYCMng">50796.0533333333</dst>
            <dst id="SNVAng">822.402666666667</dst>
            <dst id="STTLng">6056.60533333333</dst>
            <dst id="WASHng">32499.8346666667</dst>
        </src>
        <src id="KSCYng">
            <dst id="ATLA-M5">56.3573333333333</dst>
            <dst id="ATLAng">3117.45866666667</dst>
            <dst id="CHINng">25217.3786666667</dst>
            <dst id="DNVRng">9813.904</dst>
            <dst id="HSTNng">5028.85066666667</dst>
            <dst id="IPLSng">11609.2266666667</dst>
            <dst id="KSCYng">5165.768</dst>
            <dst id="LOSAng">4813.56</dst>
            <dst id="NYCMng">3883.92266666667</dst>
            <dst id="SNVAng">2406.65333333333</dst>
            <dst id="STTLng">4385.34666666667</dst>
            <dst id="WASHng">15121.7173333333</dst>
        </src>
        <src id="LOSAng">
            <dst id="ATLA-M5">6693.31466666667</dst>
            <dst id="ATLAng">17892.1333333333</dst>
            <dst id="CHINng">143170.466666667</dst>
            <dst id="DNVRng">24419.2266666667</dst>
            <dst id="HSTNng">5992.464</dst>
            <dst id="IPLSng">45433.16</dst>
            <dst id="KSCYng">7929.71466666667</dst>
            <dst id="LOSAng">13620.5893333333</dst>
            <dst id="NYCMng">40032.32</dst>
            <dst id="SNVAng">11123.6986666667</dst>
            <dst id="STTLng">18714.2613333333</dst>
            <dst id="WASHng">48320.4506666667</dst>
        </src>
        <src id="NYCMng">
            <dst id="ATLA-M5">549.632</dst>
            <dst id="ATLAng">33763.5146666667</dst>
            <dst id="CHINng">21109.632</dst>
            <dst id="DNVRng">22701.6346666667</dst>
            <dst id="HSTNng">14198.2293333333</dst>
            <dst id="IPLSng">22103.9013333333</dst>
            <dst id="KSCYng">9551.02133333333</dst>
            <dst id="LOSAng">71573.96</dst>
            <dst id="NYCMng">123346.024</dst>
            <dst id="SNVAng">931.325333333333</dst>
            <dst id="STTLng">15757.952</dst>
            <dst id="WASHng">90088.648</dst>
        </src>
        <src id="SNVAng">
            <dst id="ATLA-M5">0</dst>
            <dst id="ATLAng">1023.37333333333</dst>
            <dst id="CHINng">284.48</dst>
            <dst id="DNVRng">3407.62133333333</dst>
            <dst id="HSTNng">54.4213333333333</dst>
            <dst id="IPLSng">282.490666666667</dst>
            <dst id="KSCYng">327.2</dst>
            <dst id="LOSAng">31350.7466666667</dst>
            <dst id="NYCMng">8482.52266666667</dst>
            <dst id="SNVAng">5036.2</dst>
            <dst id="STTLng">30986.4586666667</dst>
            <dst id="WASHng">209.066666666667</dst>
        </src>
        <src id="STTLng">
            <dst id="ATLA-M5">0</dst>
            <dst id="ATLAng">8540.424</dst>
            <dst id="CHINng">31567.5333333333</dst>
            <dst id="DNVRng">2111.496</dst>
            <dst id="HSTNng">1335.344</dst>
            <dst id="IPLSng">6750.624</dst>
            <dst id="KSCYng">7953.09866666667</dst>
            <dst id="LOSAng">12636.072</dst>
            <dst id="NYCMng">13967.048</dst>
            <dst id="SNVAng">1999.048</dst>
            <dst id="STTLng">4211.896</dst>
            <dst id="WASHng">15954.224</dst>
        </src>
        <src id="WASHng">
            <dst id="ATLA-M5">1218.864</dst>
            <dst id="ATLAng">128146.597333333</dst>
            <dst id="CHINng">63778.5813333333</dst>
            <dst id="DNVRng">37589.2</dst>
            <dst id="HSTNng">22901.152</dst>
            <dst id="IPLSng">59390.6186666666</dst>
            <dst id="KSCYng">13063.184</dst>
            <dst id="LOSAng">65955.0506666667</dst>
            <dst id="NYCMng">170541.906666667</dst>
            <dst id="SNVAng">6485.90666666667</dst>
            <dst id="STTLng">34955.896</dst>
            <dst id="WASHng">322200.96</dst>
        </src>
    </IntraTM>
</TrafficMatrixFile>
