<?xml version="1.0" encoding="ISO-8859-1" standalone="yes"?>
<TrafficMatrixFile xsi:noNamespaceSchemaLocation="http://totem.run.montefiore.ulg.ac.be/Schema/TrafficMatrix-v1_2.xsd" xmlns:xsi="http://www.w3.org/2001/XMLSchema-instance">
    <IntraTM ASID="11537">
        <src id="ATLA-M5">
            <dst id="ATLA-M5">0</dst>
            <dst id="ATLAng">80</dst>
            <dst id="CHINng">56.048</dst>
            <dst id="DNVRng">0</dst>
            <dst id="HSTNng">121.090666666667</dst>
            <dst id="IPLSng">0</dst>
            <dst id="KSCYng">231.029333333333</dst>
            <dst id="LOSAng">962.312</dst>
            <dst id="NYCMng">26.6666666666667</dst>
            <dst id="SNVAng">0</dst>
            <dst id="STTLng">26.6666666666667</dst>
            <dst id="WASHng">106.666666666667</dst>
        </src>
        <src id="ATLAng">
            <dst id="ATLA-M5">292.674666666667</dst>
            <dst id="ATLAng">14525.6773333333</dst>
            <dst id="CHINng">6547.61333333333</dst>
            <dst id="DNVRng">1859.968</dst>
            <dst id="HSTNng">1696.048</dst>
            <dst id="IPLSng">23142.6533333333</dst>
            <dst id="KSCYng">1455.456</dst>
            <dst id="LOSAng">8009.244</dst>
            <dst id="NYCMng">2129.59733333333</dst>
            <dst id="SNVAng">225.049333333333</dst>
            <dst id="STTLng">8943.072</dst>
            <dst id="WASHng">27970.8186666667</dst>
        </src>
        <src id="CHINng">
            <dst id="ATLA-M5">34.2506666666667</dst>
            <dst id="ATLAng">13052.1546666667</dst>
            <dst id="CHINng">37383.9013333333</dst>
            <dst id="DNVRng">8304.26666666667</dst>
            <dst id="HSTNng">9423.456</dst>
            <dst id="IPLSng">41639.2053333333</dst>
            <dst id="KSCYng">8137.04</dst>
            <dst id="LOSAng">44107.4746666667</dst>
            <dst id="NYCMng">11473.7333333333</dst>
            <dst id="SNVAng">3195.208</dst>
            <dst id="STTLng">5903.37333333333</dst>
            <dst id="WASHng">29119.8106666667</dst>
        </src>
        <src id="DNVRng">
            <dst id="ATLA-M5">416.245333333333</dst>
            <dst id="ATLAng">6065.256</dst>
            <dst id="CHINng">54195.064</dst>
            <dst id="DNVRng">12493.576</dst>
            <dst id="HSTNng">19437.1226666667</dst>
            <dst id="IPLSng">35703.1733333333</dst>
            <dst id="KSCYng">22977.6586666667</dst>
            <dst id="LOSAng">30454.848</dst>
            <dst id="NYCMng">16519.4933333333</dst>
            <dst id="SNVAng">12249.8293333333</dst>
            <dst id="STTLng">21299.4293333333</dst>
            <dst id="WASHng">38005.5333333333</dst>
        </src>
        <src id="HSTNng">
            <dst id="ATLA-M5">1638.70666666667</dst>
            <dst id="ATLAng">4487.11733333333</dst>
            <dst id="CHINng">5618.08533333333</dst>
            <dst id="DNVRng">809.213333333333</dst>
            <dst id="HSTNng">16064.1226666667</dst>
            <dst id="IPLSng">3735.67466666667</dst>
            <dst id="KSCYng">872.648</dst>
            <dst id="LOSAng">8498.688</dst>
            <dst id="NYCMng">851.592</dst>
            <dst id="SNVAng">0</dst>
            <dst id="STTLng">1831.64533333333</dst>
            <dst id="WASHng">2634.6</dst>
        </src>
        <src id="IPLSng">
            <dst id="ATLA-M5">26.6666666666667</dst>
            <dst id="ATLAng">23380.4533333333</dst>
            <dst id="CHINng">63604.6293333333</dst>
            <dst id="DNVRng">7441.32533333333</dst>
            <dst id="HSTNng">1357.49866666667</dst>
            <dst id="IPLSng">10631.0666666667</dst>
            <dst id="KSCYng">5973.46133333333</dst>
            <dst id="LOSAng">25346.4186666667</dst>
            <dst id="NYCMng">41050.08</dst>
            <dst id="SNVAng">451.530666666667</dst>
            <dst id="STTLng">11738.664</dst>
            <dst id="WASHng">15934.1733333333</dst>
        </src>
        <src id="KSCYng">
            <dst id="ATLA-M5">621.248</dst>
            <dst id="ATLAng">2255.544</dst>
            <dst id="CHINng">12035.2213333333</dst>
            <dst id="DNVRng">10387.528</dst>
            <dst id="HSTNng">11492.2986666667</dst>
            <dst id="IPLSng">12719.4586666667</dst>
            <dst id="KSCYng">8501.75733333333</dst>
            <dst id="LOSAng">7127.848</dst>
            <dst id="NYCMng">3176.55466666667</dst>
            <dst id="SNVAng">2621.86133333333</dst>
            <dst id="STTLng">7999.36533333333</dst>
            <dst id="WASHng">7246.55466666667</dst>
        </src>
        <src id="LOSAng">
            <dst id="ATLA-M5">116.226666666667</dst>
            <dst id="ATLAng">17502.6426666667</dst>
            <dst id="CHINng">66224.328</dst>
            <dst id="DNVRng">27622.9866666667</dst>
            <dst id="HSTNng">34543.0746666667</dst>
            <dst id="IPLSng">32303.456</dst>
            <dst id="KSCYng">3259.376</dst>
            <dst id="LOSAng">25028.328</dst>
            <dst id="NYCMng">35706.1466666667</dst>
            <dst id="SNVAng">14132.368</dst>
            <dst id="STTLng">32067.7546666667</dst>
            <dst id="WASHng">20042.8506666667</dst>
        </src>
        <src id="NYCMng">
            <dst id="ATLA-M5">265.592</dst>
            <dst id="ATLAng">19066.1973333333</dst>
            <dst id="CHINng">11290.8266666667</dst>
            <dst id="DNVRng">23572.9546666667</dst>
            <dst id="HSTNng">6602.05333333333</dst>
            <dst id="IPLSng">19000.2853333333</dst>
            <dst id="KSCYng">16470.88</dst>
            <dst id="LOSAng">82908.912</dst>
            <dst id="NYCMng">76823.4826666667</dst>
            <dst id="SNVAng">2025.89866666667</dst>
            <dst id="STTLng">29394.784</dst>
            <dst id="WASHng">37139.8266666667</dst>
        </src>
        <src id="SNVAng">
            <dst id="ATLA-M5">0</dst>
            <dst id="ATLAng">505.466666666667</dst>
            <dst id="CHINng">0</dst>
            <dst id="DNVRng">2796.76533333333</dst>
            <dst id="HSTNng">50.5706666666667</dst>
            <dst id="IPLSng">414.946666666667</dst>
            <dst id="KSCYng">0</dst>
            <dst id="LOSAng">32278.4106666667</dst>
            <dst id="NYCMng">299.989333333333</dst>
            <dst id="SNVAng">7131.208</dst>
            <dst id="STTLng">31861.408</dst>
            <dst id="WASHng">128.496</dst>
        </src>
        <src id="STTLng">
            <dst id="ATLA-M5">533.84</dst>
            <dst id="ATLAng">12502.1173333333</dst>
            <dst id="CHINng">11636.024</dst>
            <dst id="DNVRng">3445.06666666667</dst>
            <dst id="HSTNng">1648.256</dst>
            <dst id="IPLSng">8294.61066666667</dst>
            <dst id="KSCYng">2095.504</dst>
            <dst id="LOSAng">21074.9733333333</dst>
            <dst id="NYCMng">10720.4853333333</dst>
            <dst id="SNVAng">2874.44533333333</dst>
            <dst id="STTLng">4046.24266666667</dst>
            <dst id="WASHng">9659.98133333333</dst>
        </src>
        <src id="WASHng">
            <dst id="ATLA-M5">141.546666666667</dst>
            <dst id="ATLAng">119686.522666667</dst>
            <dst id="CHINng">43569.736</dst>
            <dst id="DNVRng">77103.072</dst>
            <dst id="HSTNng">11005.6133333333</dst>
            <dst id="IPLSng">61491.6186666667</dst>
            <dst id="KSCYng">5745.176</dst>
            <dst id="LOSAng">64591.264</dst>
            <dst id="NYCMng">120651.525333333</dst>
            <dst id="SNVAng">5290.072</dst>
            <dst id="STTLng">36520.128</dst>
            <dst id="WASHng">173508.290666667</dst>
        </src>
    </IntraTM>
</TrafficMatrixFile>
