<?xml version="1.0" encoding="ISO-8859-1" standalone="yes"?>
<TrafficMatrixFile xsi:noNamespaceSchemaLocation="http://totem.run.montefiore.ulg.ac.be/Schema/TrafficMatrix-v1_2.xsd" xmlns:xsi="http://www.w3.org/2001/XMLSchema-instance">
    <IntraTM ASID="11537">
        <src id="ATLA-M5">
            <dst id="ATLA-M5">0</dst>
            <dst id="ATLAng">131.12</dst>
            <dst id="CHINng">77.2693333333333</dst>
            <dst id="DNVRng">26.6666666666667</dst>
            <dst id="HSTNng">101.968</dst>
            <dst id="IPLSng">252.309333333333</dst>
            <dst id="KSCYng">53.3333333333333</dst>
            <dst id="LOSAng">451.333333333333</dst>
            <dst id="NYCMng">0</dst>
            <dst id="SNVAng">13.3333333333333</dst>
            <dst id="STTLng">26.6666666666667</dst>
            <dst id="WASHng">176.306666666667</dst>
        </src>
        <src id="ATLAng">
            <dst id="ATLA-M5">289.549333333333</dst>
            <dst id="ATLAng">14076.8906666667</dst>
            <dst id="CHINng">5637.06133333333</dst>
            <dst id="DNVRng">1256.44266666667</dst>
            <dst id="HSTNng">1770.95733333333</dst>
            <dst id="IPLSng">43754.1866666667</dst>
            <dst id="KSCYng">881.349333333333</dst>
            <dst id="LOSAng">8863.07866666667</dst>
            <dst id="NYCMng">7185.984</dst>
            <dst id="SNVAng">594.462666666667</dst>
            <dst id="STTLng">9866.06666666667</dst>
            <dst id="WASHng">26301.5013333333</dst>
        </src>
        <src id="CHINng">
            <dst id="ATLA-M5">101.930666666667</dst>
            <dst id="ATLAng">34544.2666666667</dst>
            <dst id="CHINng">41555.5413333333</dst>
            <dst id="DNVRng">10638.6773333333</dst>
            <dst id="HSTNng">4967.74133333333</dst>
            <dst id="IPLSng">22446.4133333333</dst>
            <dst id="KSCYng">8149.448</dst>
            <dst id="LOSAng">43851.936</dst>
            <dst id="NYCMng">14359.0106666667</dst>
            <dst id="SNVAng">3112.23466666667</dst>
            <dst id="STTLng">9980.488</dst>
            <dst id="WASHng">30956.4986666667</dst>
        </src>
        <src id="DNVRng">
            <dst id="ATLA-M5">348.418666666667</dst>
            <dst id="ATLAng">3197.56266666667</dst>
            <dst id="CHINng">44298.2293333333</dst>
            <dst id="DNVRng">10854.0213333333</dst>
            <dst id="HSTNng">14529.704</dst>
            <dst id="IPLSng">48882.9493333333</dst>
            <dst id="KSCYng">21146.4533333333</dst>
            <dst id="LOSAng">24004.6693333333</dst>
            <dst id="NYCMng">18449.6266666667</dst>
            <dst id="SNVAng">15888.0826666667</dst>
            <dst id="STTLng">37157.1413333333</dst>
            <dst id="WASHng">35533.304</dst>
        </src>
        <src id="HSTNng">
            <dst id="ATLA-M5">4008.272</dst>
            <dst id="ATLAng">14225.968</dst>
            <dst id="CHINng">5962.68533333333</dst>
            <dst id="DNVRng">1045.18133333333</dst>
            <dst id="HSTNng">15343.2533333333</dst>
            <dst id="IPLSng">1265.224</dst>
            <dst id="KSCYng">1422.88266666667</dst>
            <dst id="LOSAng">10281.7413333333</dst>
            <dst id="NYCMng">1801.25866666667</dst>
            <dst id="SNVAng">216.12</dst>
            <dst id="STTLng">1134.424</dst>
            <dst id="WASHng">3894.66933333333</dst>
        </src>
        <src id="IPLSng">
            <dst id="ATLA-M5">26.6666666666667</dst>
            <dst id="ATLAng">30195.176</dst>
            <dst id="CHINng">67528.8586666667</dst>
            <dst id="DNVRng">6311.2</dst>
            <dst id="HSTNng">1783.66666666667</dst>
            <dst id="IPLSng">24221.1706666667</dst>
            <dst id="KSCYng">6048.77333333333</dst>
            <dst id="LOSAng">30137.6506666667</dst>
            <dst id="NYCMng">36062.2933333333</dst>
            <dst id="SNVAng">597.890666666667</dst>
            <dst id="STTLng">13119.1386666667</dst>
            <dst id="WASHng">7201.93333333333</dst>
        </src>
        <src id="KSCYng">
            <dst id="ATLA-M5">628.832</dst>
            <dst id="ATLAng">3359.584</dst>
            <dst id="CHINng">17297.0853333333</dst>
            <dst id="DNVRng">10616.536</dst>
            <dst id="HSTNng">11806.0906666667</dst>
            <dst id="IPLSng">12903.568</dst>
            <dst id="KSCYng">6319.90933333333</dst>
            <dst id="LOSAng">6060.16</dst>
            <dst id="NYCMng">2518.70933333333</dst>
            <dst id="SNVAng">2864.82133333333</dst>
            <dst id="STTLng">4933.97866666667</dst>
            <dst id="WASHng">13283.5226666667</dst>
        </src>
        <src id="LOSAng">
            <dst id="ATLA-M5">262.218666666667</dst>
            <dst id="ATLAng">25984.568</dst>
            <dst id="CHINng">70782.752</dst>
            <dst id="DNVRng">41454.2613333333</dst>
            <dst id="HSTNng">7937.992</dst>
            <dst id="IPLSng">21676.8853333333</dst>
            <dst id="KSCYng">3324.79466666667</dst>
            <dst id="LOSAng">21218.3386666667</dst>
            <dst id="NYCMng">36003.3226666667</dst>
            <dst id="SNVAng">15979.76</dst>
            <dst id="STTLng">25697.8986666667</dst>
            <dst id="WASHng">25567.3013333333</dst>
        </src>
        <src id="NYCMng">
            <dst id="ATLA-M5">580.261333333333</dst>
            <dst id="ATLAng">22163.192</dst>
            <dst id="CHINng">12639.192</dst>
            <dst id="DNVRng">38171.4666666667</dst>
            <dst id="HSTNng">4382.42666666667</dst>
            <dst id="IPLSng">14347.4533333333</dst>
            <dst id="KSCYng">12538.976</dst>
            <dst id="LOSAng">78662.4346666667</dst>
            <dst id="NYCMng">82335.4826666667</dst>
            <dst id="SNVAng">2107.272</dst>
            <dst id="STTLng">29745.44</dst>
            <dst id="WASHng">59281.4</dst>
        </src>
        <src id="SNVAng">
            <dst id="ATLA-M5">0</dst>
            <dst id="ATLAng">57.5573333333333</dst>
            <dst id="CHINng">53.3333333333333</dst>
            <dst id="DNVRng">36189.7973333333</dst>
            <dst id="HSTNng">93.4773333333333</dst>
            <dst id="IPLSng">238.573333333333</dst>
            <dst id="KSCYng">26.6666666666667</dst>
            <dst id="LOSAng">33136.6026666667</dst>
            <dst id="NYCMng">8381.728</dst>
            <dst id="SNVAng">6939.65866666667</dst>
            <dst id="STTLng">36652.9413333333</dst>
            <dst id="WASHng">26.6666666666667</dst>
        </src>
        <src id="STTLng">
            <dst id="ATLA-M5">0</dst>
            <dst id="ATLAng">10122.1146666667</dst>
            <dst id="CHINng">15878.9013333333</dst>
            <dst id="DNVRng">2411.93333333333</dst>
            <dst id="HSTNng">3413.86933333333</dst>
            <dst id="IPLSng">9646.41866666667</dst>
            <dst id="KSCYng">2946.51466666667</dst>
            <dst id="LOSAng">20411.9973333333</dst>
            <dst id="NYCMng">10015.96</dst>
            <dst id="SNVAng">4350.38133333333</dst>
            <dst id="STTLng">4310.544</dst>
            <dst id="WASHng">11315.928</dst>
        </src>
        <src id="WASHng">
            <dst id="ATLA-M5">173.648</dst>
            <dst id="ATLAng">120335.525333333</dst>
            <dst id="CHINng">50429.0773333333</dst>
            <dst id="DNVRng">86621.8453333333</dst>
            <dst id="HSTNng">21032.4053333333</dst>
            <dst id="IPLSng">50966.8533333333</dst>
            <dst id="KSCYng">9599.33333333333</dst>
            <dst id="LOSAng">58996.2773333333</dst>
            <dst id="NYCMng">116498.042666667</dst>
            <dst id="SNVAng">7641.87733333333</dst>
            <dst id="STTLng">54912.336</dst>
            <dst id="WASHng">293594.746666667</dst>
        </src>
    </IntraTM>
</TrafficMatrixFile>
