<?xml version="1.0" encoding="ISO-8859-1" standalone="yes"?>
<TrafficMatrixFile xsi:noNamespaceSchemaLocation="http://totem.run.montefiore.ulg.ac.be/Schema/TrafficMatrix-v1_2.xsd" xmlns:xsi="http://www.w3.org/2001/XMLSchema-instance">
    <IntraTM ASID="11537">
        <src id="ATLA-M5">
            <dst id="ATLA-M5">0</dst>
            <dst id="ATLAng">0</dst>
            <dst id="CHINng">847.061333333333</dst>
            <dst id="DNVRng">0</dst>
            <dst id="HSTNng">818.216</dst>
            <dst id="IPLSng">26.6666666666667</dst>
            <dst id="KSCYng">1075.88533333333</dst>
            <dst id="LOSAng">130.258666666667</dst>
            <dst id="NYCMng">151.085333333333</dst>
            <dst id="SNVAng">0</dst>
            <dst id="STTLng">0</dst>
            <dst id="WASHng">2234.12533333333</dst>
        </src>
        <src id="ATLAng">
            <dst id="ATLA-M5">66.784</dst>
            <dst id="ATLAng">26422.3306666667</dst>
            <dst id="CHINng">1399.712</dst>
            <dst id="DNVRng">3316.02133333333</dst>
            <dst id="HSTNng">250.042666666667</dst>
            <dst id="IPLSng">14547.6613333333</dst>
            <dst id="KSCYng">282.741333333333</dst>
            <dst id="LOSAng">11312.7706666667</dst>
            <dst id="NYCMng">10502.7573333333</dst>
            <dst id="SNVAng">53.3333333333333</dst>
            <dst id="STTLng">5502.34933333333</dst>
            <dst id="WASHng">38837.6853333333</dst>
        </src>
        <src id="CHINng">
            <dst id="ATLA-M5">151.506666666667</dst>
            <dst id="ATLAng">6311.50933333333</dst>
            <dst id="CHINng">72378.768</dst>
            <dst id="DNVRng">12235.152</dst>
            <dst id="HSTNng">5674.584</dst>
            <dst id="IPLSng">21044.2186666667</dst>
            <dst id="KSCYng">3702.65066666667</dst>
            <dst id="LOSAng">43369.1333333333</dst>
            <dst id="NYCMng">11105.464</dst>
            <dst id="SNVAng">3186.70933333333</dst>
            <dst id="STTLng">7422</dst>
            <dst id="WASHng">16619.9546666667</dst>
        </src>
        <src id="DNVRng">
            <dst id="ATLA-M5">65.0666666666667</dst>
            <dst id="ATLAng">12996.832</dst>
            <dst id="CHINng">67398.4426666667</dst>
            <dst id="DNVRng">15857.6666666667</dst>
            <dst id="HSTNng">16906.9386666667</dst>
            <dst id="IPLSng">41028.6853333333</dst>
            <dst id="KSCYng">25300.864</dst>
            <dst id="LOSAng">16659.7146666667</dst>
            <dst id="NYCMng">16768.7893333333</dst>
            <dst id="SNVAng">10847.344</dst>
            <dst id="STTLng">9924.704</dst>
            <dst id="WASHng">33629.7066666667</dst>
        </src>
        <src id="HSTNng">
            <dst id="ATLA-M5">4709.53333333333</dst>
            <dst id="ATLAng">1044.408</dst>
            <dst id="CHINng">17616.9253333333</dst>
            <dst id="DNVRng">869.581333333334</dst>
            <dst id="HSTNng">10644.9626666667</dst>
            <dst id="IPLSng">2727.72533333333</dst>
            <dst id="KSCYng">1983.25333333333</dst>
            <dst id="LOSAng">9340.072</dst>
            <dst id="NYCMng">1616.78666666667</dst>
            <dst id="SNVAng">397.093333333333</dst>
            <dst id="STTLng">566.402666666667</dst>
            <dst id="WASHng">1324.55466666667</dst>
        </src>
        <src id="IPLSng">
            <dst id="ATLA-M5">0</dst>
            <dst id="ATLAng">20704.144</dst>
            <dst id="CHINng">87941.184</dst>
            <dst id="DNVRng">14805.5066666667</dst>
            <dst id="HSTNng">2572.58933333333</dst>
            <dst id="IPLSng">12945.7946666667</dst>
            <dst id="KSCYng">7933.90666666667</dst>
            <dst id="LOSAng">15905.9253333333</dst>
            <dst id="NYCMng">28217.112</dst>
            <dst id="SNVAng">253.744</dst>
            <dst id="STTLng">5785.744</dst>
            <dst id="WASHng">13229.648</dst>
        </src>
        <src id="KSCYng">
            <dst id="ATLA-M5">30.864</dst>
            <dst id="ATLAng">780.130666666667</dst>
            <dst id="CHINng">16362.8773333333</dst>
            <dst id="DNVRng">8132.15466666667</dst>
            <dst id="HSTNng">3244.66933333333</dst>
            <dst id="IPLSng">26203.04</dst>
            <dst id="KSCYng">11413.936</dst>
            <dst id="LOSAng">8047.712</dst>
            <dst id="NYCMng">5175.37333333333</dst>
            <dst id="SNVAng">3014.46933333333</dst>
            <dst id="STTLng">11027.952</dst>
            <dst id="WASHng">30867.4533333333</dst>
        </src>
        <src id="LOSAng">
            <dst id="ATLA-M5">26.6666666666667</dst>
            <dst id="ATLAng">7126.33333333333</dst>
            <dst id="CHINng">138026.898666667</dst>
            <dst id="DNVRng">22286.0026666667</dst>
            <dst id="HSTNng">3093.48</dst>
            <dst id="IPLSng">15845.112</dst>
            <dst id="KSCYng">3096.42133333333</dst>
            <dst id="LOSAng">14150.1973333333</dst>
            <dst id="NYCMng">25670.3893333333</dst>
            <dst id="SNVAng">20614.0373333333</dst>
            <dst id="STTLng">36673.6773333333</dst>
            <dst id="WASHng">17802.232</dst>
        </src>
        <src id="NYCMng">
            <dst id="ATLA-M5">267.901333333333</dst>
            <dst id="ATLAng">8863.20533333334</dst>
            <dst id="CHINng">11614.6426666667</dst>
            <dst id="DNVRng">26021.2053333333</dst>
            <dst id="HSTNng">5564.32</dst>
            <dst id="IPLSng">22732.648</dst>
            <dst id="KSCYng">7527.848</dst>
            <dst id="LOSAng">74860.1306666667</dst>
            <dst id="NYCMng">84951.384</dst>
            <dst id="SNVAng">1251.60266666667</dst>
            <dst id="STTLng">14198.8853333333</dst>
            <dst id="WASHng">29260.968</dst>
        </src>
        <src id="SNVAng">
            <dst id="ATLA-M5">0</dst>
            <dst id="ATLAng">26.6666666666667</dst>
            <dst id="CHINng">0</dst>
            <dst id="DNVRng">3839.94133333333</dst>
            <dst id="HSTNng">30.592</dst>
            <dst id="IPLSng">166.133333333333</dst>
            <dst id="KSCYng">0</dst>
            <dst id="LOSAng">28801.8213333333</dst>
            <dst id="NYCMng">616.752</dst>
            <dst id="SNVAng">3673.92533333333</dst>
            <dst id="STTLng">24419.976</dst>
            <dst id="WASHng">0</dst>
        </src>
        <src id="STTLng">
            <dst id="ATLA-M5">162.24</dst>
            <dst id="ATLAng">5477.29333333333</dst>
            <dst id="CHINng">21894.2693333333</dst>
            <dst id="DNVRng">2015.84</dst>
            <dst id="HSTNng">1408.93866666667</dst>
            <dst id="IPLSng">2832.336</dst>
            <dst id="KSCYng">2569.22133333333</dst>
            <dst id="LOSAng">13663.12</dst>
            <dst id="NYCMng">11631.736</dst>
            <dst id="SNVAng">3865.64533333333</dst>
            <dst id="STTLng">5803.62666666667</dst>
            <dst id="WASHng">5773.50666666667</dst>
        </src>
        <src id="WASHng">
            <dst id="ATLA-M5">1952.50133333333</dst>
            <dst id="ATLAng">100880.04</dst>
            <dst id="CHINng">73652.6026666667</dst>
            <dst id="DNVRng">64675.5546666667</dst>
            <dst id="HSTNng">27831.4906666667</dst>
            <dst id="IPLSng">44207.9653333333</dst>
            <dst id="KSCYng">25994.6666666667</dst>
            <dst id="LOSAng">53190.9493333333</dst>
            <dst id="NYCMng">113311.946666667</dst>
            <dst id="SNVAng">4104.13866666667</dst>
            <dst id="STTLng">57474.144</dst>
            <dst id="WASHng">301322.266666667</dst>
        </src>
    </IntraTM>
</TrafficMatrixFile>
