<?xml version="1.0" encoding="ISO-8859-1" standalone="yes"?>
<TrafficMatrixFile xsi:noNamespaceSchemaLocation="http://totem.run.montefiore.ulg.ac.be/Schema/TrafficMatrix-v1_2.xsd" xmlns:xsi="http://www.w3.org/2001/XMLSchema-instance">
    <IntraTM ASID="11537">
        <src id="ATLA-M5">
            <dst id="ATLA-M5">53.3333333333333</dst>
            <dst id="ATLAng">106.666666666667</dst>
            <dst id="CHINng">97.44</dst>
            <dst id="DNVRng">0</dst>
            <dst id="HSTNng">53.3333333333333</dst>
            <dst id="IPLSng">0</dst>
            <dst id="KSCYng">180.210666666667</dst>
            <dst id="LOSAng">545.528</dst>
            <dst id="NYCMng">692.2</dst>
            <dst id="SNVAng">0</dst>
            <dst id="STTLng">26.6666666666667</dst>
            <dst id="WASHng">2195.528</dst>
        </src>
        <src id="ATLAng">
            <dst id="ATLA-M5">236.789333333333</dst>
            <dst id="ATLAng">30130.9706666667</dst>
            <dst id="CHINng">5064.69866666667</dst>
            <dst id="DNVRng">2967.40266666667</dst>
            <dst id="HSTNng">4897.14666666667</dst>
            <dst id="IPLSng">16798.2</dst>
            <dst id="KSCYng">2659.15466666667</dst>
            <dst id="LOSAng">10449.7533333333</dst>
            <dst id="NYCMng">18849.248</dst>
            <dst id="SNVAng">657.249333333333</dst>
            <dst id="STTLng">7122.94933333333</dst>
            <dst id="WASHng">55581.5173333333</dst>
        </src>
        <src id="CHINng">
            <dst id="ATLA-M5">161.442666666667</dst>
            <dst id="ATLAng">23884.9813333333</dst>
            <dst id="CHINng">100278.112</dst>
            <dst id="DNVRng">6247.50933333333</dst>
            <dst id="HSTNng">13675.6826666667</dst>
            <dst id="IPLSng">33015.736</dst>
            <dst id="KSCYng">28327.6746666667</dst>
            <dst id="LOSAng">30036.416</dst>
            <dst id="NYCMng">17346.9146666667</dst>
            <dst id="SNVAng">3584.62666666667</dst>
            <dst id="STTLng">6907.136</dst>
            <dst id="WASHng">23264.0746666667</dst>
        </src>
        <src id="DNVRng">
            <dst id="ATLA-M5">204.696</dst>
            <dst id="ATLAng">10983.1546666667</dst>
            <dst id="CHINng">66934.7226666667</dst>
            <dst id="DNVRng">8851.712</dst>
            <dst id="HSTNng">16351.1306666667</dst>
            <dst id="IPLSng">26841.5546666667</dst>
            <dst id="KSCYng">17816.7786666667</dst>
            <dst id="LOSAng">9646.57866666667</dst>
            <dst id="NYCMng">17403.0826666667</dst>
            <dst id="SNVAng">9117</dst>
            <dst id="STTLng">8616.32533333333</dst>
            <dst id="WASHng">38256.6053333333</dst>
        </src>
        <src id="HSTNng">
            <dst id="ATLA-M5">688.592</dst>
            <dst id="ATLAng">4435.69333333333</dst>
            <dst id="CHINng">17857.4773333333</dst>
            <dst id="DNVRng">967.698666666667</dst>
            <dst id="HSTNng">11198.768</dst>
            <dst id="IPLSng">5813.46133333333</dst>
            <dst id="KSCYng">1732.784</dst>
            <dst id="LOSAng">35542.496</dst>
            <dst id="NYCMng">4326.68533333333</dst>
            <dst id="SNVAng">138.32</dst>
            <dst id="STTLng">518.896</dst>
            <dst id="WASHng">5039.79733333333</dst>
        </src>
        <src id="IPLSng">
            <dst id="ATLA-M5">27.1146666666667</dst>
            <dst id="ATLAng">28712.6213333333</dst>
            <dst id="CHINng">89594.2746666667</dst>
            <dst id="DNVRng">8838.10666666667</dst>
            <dst id="HSTNng">4747.34666666667</dst>
            <dst id="IPLSng">16083.4826666667</dst>
            <dst id="KSCYng">6782.77866666667</dst>
            <dst id="LOSAng">13168.6586666667</dst>
            <dst id="NYCMng">49183.608</dst>
            <dst id="SNVAng">726.765333333333</dst>
            <dst id="STTLng">5216.77066666667</dst>
            <dst id="WASHng">27374.5493333333</dst>
        </src>
        <src id="KSCYng">
            <dst id="ATLA-M5">399.834666666667</dst>
            <dst id="ATLAng">4415.18666666667</dst>
            <dst id="CHINng">31044.9173333333</dst>
            <dst id="DNVRng">10268.9626666667</dst>
            <dst id="HSTNng">4785.60533333333</dst>
            <dst id="IPLSng">12374.736</dst>
            <dst id="KSCYng">5902.54933333333</dst>
            <dst id="LOSAng">4683.03733333333</dst>
            <dst id="NYCMng">2258.392</dst>
            <dst id="SNVAng">2141.22133333333</dst>
            <dst id="STTLng">2938.62133333333</dst>
            <dst id="WASHng">12410.5546666667</dst>
        </src>
        <src id="LOSAng">
            <dst id="ATLA-M5">3874.13333333333</dst>
            <dst id="ATLAng">19821.568</dst>
            <dst id="CHINng">155637.293333333</dst>
            <dst id="DNVRng">23705.144</dst>
            <dst id="HSTNng">5526.38666666667</dst>
            <dst id="IPLSng">39793.4026666667</dst>
            <dst id="KSCYng">8310.64533333333</dst>
            <dst id="LOSAng">11634.976</dst>
            <dst id="NYCMng">38411.4106666667</dst>
            <dst id="SNVAng">12962.9733333333</dst>
            <dst id="STTLng">19074.1013333333</dst>
            <dst id="WASHng">25972.5253333333</dst>
        </src>
        <src id="NYCMng">
            <dst id="ATLA-M5">805.077333333333</dst>
            <dst id="ATLAng">36175.7306666667</dst>
            <dst id="CHINng">20425.848</dst>
            <dst id="DNVRng">23841.0426666667</dst>
            <dst id="HSTNng">16131.7573333333</dst>
            <dst id="IPLSng">22364.5253333333</dst>
            <dst id="KSCYng">11788.392</dst>
            <dst id="LOSAng">70438.48</dst>
            <dst id="NYCMng">125527.690666667</dst>
            <dst id="SNVAng">1346.936</dst>
            <dst id="STTLng">15033.9813333333</dst>
            <dst id="WASHng">86556.672</dst>
        </src>
        <src id="SNVAng">
            <dst id="ATLA-M5">0</dst>
            <dst id="ATLAng">247.517333333333</dst>
            <dst id="CHINng">407.805333333333</dst>
            <dst id="DNVRng">3497.72</dst>
            <dst id="HSTNng">109.333333333333</dst>
            <dst id="IPLSng">1398.696</dst>
            <dst id="KSCYng">644.032</dst>
            <dst id="LOSAng">30928.8</dst>
            <dst id="NYCMng">629.882666666667</dst>
            <dst id="SNVAng">4886.73866666667</dst>
            <dst id="STTLng">27441.4186666667</dst>
            <dst id="WASHng">203.584</dst>
        </src>
        <src id="STTLng">
            <dst id="ATLA-M5">26.6666666666667</dst>
            <dst id="ATLAng">8686.34666666667</dst>
            <dst id="CHINng">33394.6453333333</dst>
            <dst id="DNVRng">2662.31733333333</dst>
            <dst id="HSTNng">1176.46666666667</dst>
            <dst id="IPLSng">6479.24266666667</dst>
            <dst id="KSCYng">3719.97066666667</dst>
            <dst id="LOSAng">12696.6933333333</dst>
            <dst id="NYCMng">13371.0533333333</dst>
            <dst id="SNVAng">2144.30666666667</dst>
            <dst id="STTLng">4547.06933333333</dst>
            <dst id="WASHng">16081.928</dst>
        </src>
        <src id="WASHng">
            <dst id="ATLA-M5">1330.21333333333</dst>
            <dst id="ATLAng">146397.464</dst>
            <dst id="CHINng">60373.336</dst>
            <dst id="DNVRng">41072.2106666667</dst>
            <dst id="HSTNng">29765.8133333333</dst>
            <dst id="IPLSng">41888.7626666667</dst>
            <dst id="KSCYng">17174.0026666667</dst>
            <dst id="LOSAng">50625.88</dst>
            <dst id="NYCMng">176677.378666667</dst>
            <dst id="SNVAng">6603.89066666667</dst>
            <dst id="STTLng">37455.368</dst>
            <dst id="WASHng">461109.493333333</dst>
        </src>
    </IntraTM>
</TrafficMatrixFile>
