<?xml version="1.0" encoding="ISO-8859-1" standalone="yes"?>
<TrafficMatrixFile xsi:noNamespaceSchemaLocation="http://totem.run.montefiore.ulg.ac.be/Schema/TrafficMatrix-v1_2.xsd" xmlns:xsi="http://www.w3.org/2001/XMLSchema-instance">
    <IntraTM ASID="11537">
        <src id="ATLA-M5">
            <dst id="ATLA-M5">191.605333333333</dst>
            <dst id="ATLAng">1685.82666666667</dst>
            <dst id="CHINng">156.117333333333</dst>
            <dst id="DNVRng">26.6666666666667</dst>
            <dst id="HSTNng">58.6666666666667</dst>
            <dst id="IPLSng">884.626666666667</dst>
            <dst id="KSCYng">2120.57333333333</dst>
            <dst id="LOSAng">420.874666666667</dst>
            <dst id="NYCMng">128.912</dst>
            <dst id="SNVAng">0</dst>
            <dst id="STTLng">26.6666666666667</dst>
            <dst id="WASHng">1297.13333333333</dst>
        </src>
        <src id="ATLAng">
            <dst id="ATLA-M5">2427.53066666667</dst>
            <dst id="ATLAng">21279.0453333333</dst>
            <dst id="CHINng">10081.536</dst>
            <dst id="DNVRng">2130.34133333333</dst>
            <dst id="HSTNng">7809.90133333333</dst>
            <dst id="IPLSng">32513.544</dst>
            <dst id="KSCYng">3806.98666666667</dst>
            <dst id="LOSAng">22669.9226666667</dst>
            <dst id="NYCMng">8693.872</dst>
            <dst id="SNVAng">1158.75733333333</dst>
            <dst id="STTLng">9461.56266666667</dst>
            <dst id="WASHng">52601.96</dst>
        </src>
        <src id="CHINng">
            <dst id="ATLA-M5">193.858666666667</dst>
            <dst id="ATLAng">29979.6293333333</dst>
            <dst id="CHINng">64163.9306666667</dst>
            <dst id="DNVRng">3879.04266666667</dst>
            <dst id="HSTNng">14078.8826666667</dst>
            <dst id="IPLSng">27139.3253333333</dst>
            <dst id="KSCYng">10380.5466666667</dst>
            <dst id="LOSAng">39361.4106666667</dst>
            <dst id="NYCMng">11926.8613333333</dst>
            <dst id="SNVAng">2734.55466666667</dst>
            <dst id="STTLng">3726.14666666667</dst>
            <dst id="WASHng">28372.9973333333</dst>
        </src>
        <src id="DNVRng">
            <dst id="ATLA-M5">290.250666666667</dst>
            <dst id="ATLAng">3633.864</dst>
            <dst id="CHINng">70603.4346666667</dst>
            <dst id="DNVRng">13207.4906666667</dst>
            <dst id="HSTNng">18702.576</dst>
            <dst id="IPLSng">43766.1306666666</dst>
            <dst id="KSCYng">31278.928</dst>
            <dst id="LOSAng">13822.232</dst>
            <dst id="NYCMng">12664.664</dst>
            <dst id="SNVAng">16665.264</dst>
            <dst id="STTLng">16637.7866666667</dst>
            <dst id="WASHng">44847.176</dst>
        </src>
        <src id="HSTNng">
            <dst id="ATLA-M5">214.506666666667</dst>
            <dst id="ATLAng">4841.64266666667</dst>
            <dst id="CHINng">18468.84</dst>
            <dst id="DNVRng">1244.184</dst>
            <dst id="HSTNng">19307.952</dst>
            <dst id="IPLSng">1567.85866666667</dst>
            <dst id="KSCYng">2000.016</dst>
            <dst id="LOSAng">25520.5306666667</dst>
            <dst id="NYCMng">4761.20266666667</dst>
            <dst id="SNVAng">163.562666666667</dst>
            <dst id="STTLng">1079.576</dst>
            <dst id="WASHng">8467.472</dst>
        </src>
        <src id="IPLSng">
            <dst id="ATLA-M5">316.752</dst>
            <dst id="ATLAng">33789.248</dst>
            <dst id="CHINng">89695.9946666667</dst>
            <dst id="DNVRng">11216.1866666667</dst>
            <dst id="HSTNng">6369.21333333333</dst>
            <dst id="IPLSng">22747.2373333333</dst>
            <dst id="KSCYng">4908.536</dst>
            <dst id="LOSAng">12357.352</dst>
            <dst id="NYCMng">43548.688</dst>
            <dst id="SNVAng">5544.552</dst>
            <dst id="STTLng">8365.09866666666</dst>
            <dst id="WASHng">25235.4533333333</dst>
        </src>
        <src id="KSCYng">
            <dst id="ATLA-M5">68.1893333333333</dst>
            <dst id="ATLAng">4072.82933333333</dst>
            <dst id="CHINng">24461.4933333333</dst>
            <dst id="DNVRng">9963.26666666667</dst>
            <dst id="HSTNng">4442.65066666667</dst>
            <dst id="IPLSng">15044.0213333333</dst>
            <dst id="KSCYng">12550.4666666667</dst>
            <dst id="LOSAng">5625.56</dst>
            <dst id="NYCMng">1724.8</dst>
            <dst id="SNVAng">2181.33866666667</dst>
            <dst id="STTLng">4096.56533333333</dst>
            <dst id="WASHng">15627.5466666667</dst>
        </src>
        <src id="LOSAng">
            <dst id="ATLA-M5">455.04</dst>
            <dst id="ATLAng">30753.256</dst>
            <dst id="CHINng">137181.258666667</dst>
            <dst id="DNVRng">26075.0693333333</dst>
            <dst id="HSTNng">6882.71733333333</dst>
            <dst id="IPLSng">19016.1733333333</dst>
            <dst id="KSCYng">9728.92</dst>
            <dst id="LOSAng">15555.256</dst>
            <dst id="NYCMng">43630.64</dst>
            <dst id="SNVAng">18208.2133333333</dst>
            <dst id="STTLng">20827.7493333333</dst>
            <dst id="WASHng">29786.6026666667</dst>
        </src>
        <src id="NYCMng">
            <dst id="ATLA-M5">950.925333333333</dst>
            <dst id="ATLAng">45104.7573333333</dst>
            <dst id="CHINng">29088.6293333333</dst>
            <dst id="DNVRng">26055.192</dst>
            <dst id="HSTNng">11293.9626666667</dst>
            <dst id="IPLSng">33922</dst>
            <dst id="KSCYng">19928.6666666667</dst>
            <dst id="LOSAng">78912.0106666667</dst>
            <dst id="NYCMng">108031.192</dst>
            <dst id="SNVAng">5332.42133333333</dst>
            <dst id="STTLng">17914.7146666667</dst>
            <dst id="WASHng">80969.5653333333</dst>
        </src>
        <src id="SNVAng">
            <dst id="ATLA-M5">0</dst>
            <dst id="ATLAng">177.437333333333</dst>
            <dst id="CHINng">0</dst>
            <dst id="DNVRng">1196.43733333333</dst>
            <dst id="HSTNng">970.074666666667</dst>
            <dst id="IPLSng">369.573333333333</dst>
            <dst id="KSCYng">154.309333333333</dst>
            <dst id="LOSAng">27257.568</dst>
            <dst id="NYCMng">702.112</dst>
            <dst id="SNVAng">5142.232</dst>
            <dst id="STTLng">25288.7466666667</dst>
            <dst id="WASHng">287.346666666667</dst>
        </src>
        <src id="STTLng">
            <dst id="ATLA-M5">198.048</dst>
            <dst id="ATLAng">13241.7253333333</dst>
            <dst id="CHINng">27273.0826666667</dst>
            <dst id="DNVRng">4932.71733333333</dst>
            <dst id="HSTNng">2216.84</dst>
            <dst id="IPLSng">11233.9466666667</dst>
            <dst id="KSCYng">3369.69066666667</dst>
            <dst id="LOSAng">25545.6933333333</dst>
            <dst id="NYCMng">17182.7386666667</dst>
            <dst id="SNVAng">8917.08266666667</dst>
            <dst id="STTLng">7587.92</dst>
            <dst id="WASHng">15111.4506666667</dst>
        </src>
        <src id="WASHng">
            <dst id="ATLA-M5">765.322666666667</dst>
            <dst id="ATLAng">166642.157333333</dst>
            <dst id="CHINng">55607.1973333333</dst>
            <dst id="DNVRng">62288.768</dst>
            <dst id="HSTNng">28317.8853333333</dst>
            <dst id="IPLSng">74802.472</dst>
            <dst id="KSCYng">21948.128</dst>
            <dst id="LOSAng">56151.408</dst>
            <dst id="NYCMng">144423.418666667</dst>
            <dst id="SNVAng">12524.9973333333</dst>
            <dst id="STTLng">27260.7093333333</dst>
            <dst id="WASHng">336940.613333333</dst>
        </src>
    </IntraTM>
</TrafficMatrixFile>
