<?xml version="1.0" encoding="ISO-8859-1" standalone="yes"?>
<TrafficMatrixFile xsi:noNamespaceSchemaLocation="http://totem.run.montefiore.ulg.ac.be/Schema/TrafficMatrix-v1_2.xsd" xmlns:xsi="http://www.w3.org/2001/XMLSchema-instance">
    <IntraTM ASID="11537">
        <src id="ATLA-M5">
            <dst id="ATLA-M5">0</dst>
            <dst id="ATLAng">53.3333333333333</dst>
            <dst id="CHINng">157.866666666667</dst>
            <dst id="DNVRng">0</dst>
            <dst id="HSTNng">111.605333333333</dst>
            <dst id="IPLSng">0</dst>
            <dst id="KSCYng">1049.136</dst>
            <dst id="LOSAng">53.3333333333333</dst>
            <dst id="NYCMng">29.0133333333333</dst>
            <dst id="SNVAng">0</dst>
            <dst id="STTLng">308.698666666667</dst>
            <dst id="WASHng">6721.912</dst>
        </src>
        <src id="ATLAng">
            <dst id="ATLA-M5">26.6666666666667</dst>
            <dst id="ATLAng">52818.2986666667</dst>
            <dst id="CHINng">2027.99733333333</dst>
            <dst id="DNVRng">3283.12</dst>
            <dst id="HSTNng">9962.28533333333</dst>
            <dst id="IPLSng">21904.0026666667</dst>
            <dst id="KSCYng">372.272</dst>
            <dst id="LOSAng">12168.1893333333</dst>
            <dst id="NYCMng">7802.256</dst>
            <dst id="SNVAng">60.9786666666667</dst>
            <dst id="STTLng">7643.53866666667</dst>
            <dst id="WASHng">36880.5226666667</dst>
        </src>
        <src id="CHINng">
            <dst id="ATLA-M5">5679.33066666666</dst>
            <dst id="ATLAng">7781.21866666667</dst>
            <dst id="CHINng">83347.6933333333</dst>
            <dst id="DNVRng">15015.8266666667</dst>
            <dst id="HSTNng">4390.86666666667</dst>
            <dst id="IPLSng">17510.8106666667</dst>
            <dst id="KSCYng">3721.86133333333</dst>
            <dst id="LOSAng">42097.2613333333</dst>
            <dst id="NYCMng">11809.648</dst>
            <dst id="SNVAng">2705.136</dst>
            <dst id="STTLng">8065.248</dst>
            <dst id="WASHng">17350.6026666667</dst>
        </src>
        <src id="DNVRng">
            <dst id="ATLA-M5">694.954666666667</dst>
            <dst id="ATLAng">14760.2933333333</dst>
            <dst id="CHINng">84791.5626666667</dst>
            <dst id="DNVRng">17402.9706666667</dst>
            <dst id="HSTNng">14706.28</dst>
            <dst id="IPLSng">32158.784</dst>
            <dst id="KSCYng">21528.712</dst>
            <dst id="LOSAng">11943.8213333333</dst>
            <dst id="NYCMng">19306.7306666667</dst>
            <dst id="SNVAng">9409.55733333333</dst>
            <dst id="STTLng">11069.808</dst>
            <dst id="WASHng">29849.2773333333</dst>
        </src>
        <src id="HSTNng">
            <dst id="ATLA-M5">4297.056</dst>
            <dst id="ATLAng">414.424</dst>
            <dst id="CHINng">12802.3226666667</dst>
            <dst id="DNVRng">1302.08</dst>
            <dst id="HSTNng">10542.1333333333</dst>
            <dst id="IPLSng">3137.73066666667</dst>
            <dst id="KSCYng">2390.26666666667</dst>
            <dst id="LOSAng">9926.50133333333</dst>
            <dst id="NYCMng">1799.81333333333</dst>
            <dst id="SNVAng">0</dst>
            <dst id="STTLng">466.725333333333</dst>
            <dst id="WASHng">1126.112</dst>
        </src>
        <src id="IPLSng">
            <dst id="ATLA-M5">0</dst>
            <dst id="ATLAng">12765.7813333333</dst>
            <dst id="CHINng">74115.8586666667</dst>
            <dst id="DNVRng">22185.4133333333</dst>
            <dst id="HSTNng">2473.20533333333</dst>
            <dst id="IPLSng">16032.7546666667</dst>
            <dst id="KSCYng">6090.768</dst>
            <dst id="LOSAng">16919.5973333333</dst>
            <dst id="NYCMng">26189.7733333333</dst>
            <dst id="SNVAng">282.456</dst>
            <dst id="STTLng">27534.216</dst>
            <dst id="WASHng">9189.376</dst>
        </src>
        <src id="KSCYng">
            <dst id="ATLA-M5">27.872</dst>
            <dst id="ATLAng">954.968</dst>
            <dst id="CHINng">17738.408</dst>
            <dst id="DNVRng">7313.432</dst>
            <dst id="HSTNng">2632.13333333333</dst>
            <dst id="IPLSng">24692.368</dst>
            <dst id="KSCYng">7945.44</dst>
            <dst id="LOSAng">6916.304</dst>
            <dst id="NYCMng">2562.27733333333</dst>
            <dst id="SNVAng">2928.19733333333</dst>
            <dst id="STTLng">5307.48533333333</dst>
            <dst id="WASHng">7720.83733333333</dst>
        </src>
        <src id="LOSAng">
            <dst id="ATLA-M5">26.6666666666667</dst>
            <dst id="ATLAng">6638.928</dst>
            <dst id="CHINng">144568.485333333</dst>
            <dst id="DNVRng">26832.1146666667</dst>
            <dst id="HSTNng">4007.944</dst>
            <dst id="IPLSng">16865.6986666667</dst>
            <dst id="KSCYng">3258.21066666667</dst>
            <dst id="LOSAng">14175.3786666667</dst>
            <dst id="NYCMng">33352.1253333333</dst>
            <dst id="SNVAng">19583.744</dst>
            <dst id="STTLng">29501.928</dst>
            <dst id="WASHng">19192.488</dst>
        </src>
        <src id="NYCMng">
            <dst id="ATLA-M5">426.464</dst>
            <dst id="ATLAng">6685.72</dst>
            <dst id="CHINng">11435.072</dst>
            <dst id="DNVRng">26833.2106666667</dst>
            <dst id="HSTNng">6255.31466666667</dst>
            <dst id="IPLSng">17825.2026666667</dst>
            <dst id="KSCYng">7803.88266666667</dst>
            <dst id="LOSAng">77929.7066666667</dst>
            <dst id="NYCMng">111895.813333333</dst>
            <dst id="SNVAng">1269.632</dst>
            <dst id="STTLng">18378.2506666667</dst>
            <dst id="WASHng">24173.5546666667</dst>
        </src>
        <src id="SNVAng">
            <dst id="ATLA-M5">0</dst>
            <dst id="ATLAng">0</dst>
            <dst id="CHINng">133.909333333333</dst>
            <dst id="DNVRng">7760.576</dst>
            <dst id="HSTNng">44.8853333333333</dst>
            <dst id="IPLSng">195</dst>
            <dst id="KSCYng">0</dst>
            <dst id="LOSAng">33364.376</dst>
            <dst id="NYCMng">667.317333333333</dst>
            <dst id="SNVAng">6494.064</dst>
            <dst id="STTLng">23390.4186666667</dst>
            <dst id="WASHng">53.3333333333333</dst>
        </src>
        <src id="STTLng">
            <dst id="ATLA-M5">26.6666666666667</dst>
            <dst id="ATLAng">5183.52</dst>
            <dst id="CHINng">40135.6773333333</dst>
            <dst id="DNVRng">2323.73333333333</dst>
            <dst id="HSTNng">8972.17333333333</dst>
            <dst id="IPLSng">4314.98133333333</dst>
            <dst id="KSCYng">1867.85333333333</dst>
            <dst id="LOSAng">17453.4586666667</dst>
            <dst id="NYCMng">11650.6773333333</dst>
            <dst id="SNVAng">3599.4</dst>
            <dst id="STTLng">18859.6613333333</dst>
            <dst id="WASHng">4159.136</dst>
        </src>
        <src id="WASHng">
            <dst id="ATLA-M5">1219.52266666667</dst>
            <dst id="ATLAng">60913.8586666667</dst>
            <dst id="CHINng">91881.0853333334</dst>
            <dst id="DNVRng">47639.9466666667</dst>
            <dst id="HSTNng">25956.28</dst>
            <dst id="IPLSng">61522.7066666667</dst>
            <dst id="KSCYng">17608.9226666667</dst>
            <dst id="LOSAng">62787.1946666667</dst>
            <dst id="NYCMng">113847.68</dst>
            <dst id="SNVAng">3762.256</dst>
            <dst id="STTLng">46402.9226666667</dst>
            <dst id="WASHng">273980.453333333</dst>
        </src>
    </IntraTM>
</TrafficMatrixFile>
