<?xml version="1.0" encoding="ISO-8859-1" standalone="yes"?>
<TrafficMatrixFile xsi:noNamespaceSchemaLocation="http://totem.run.montefiore.ulg.ac.be/Schema/TrafficMatrix-v1_2.xsd" xmlns:xsi="http://www.w3.org/2001/XMLSchema-instance">
    <IntraTM ASID="11537">
        <src id="ATLA-M5">
            <dst id="ATLA-M5">0</dst>
            <dst id="ATLAng">53.3333333333333</dst>
            <dst id="CHINng">483.074666666667</dst>
            <dst id="DNVRng">0</dst>
            <dst id="HSTNng">97.0266666666666</dst>
            <dst id="IPLSng">26.6666666666667</dst>
            <dst id="KSCYng">0</dst>
            <dst id="LOSAng">243.597333333333</dst>
            <dst id="NYCMng">0</dst>
            <dst id="SNVAng">0</dst>
            <dst id="STTLng">0</dst>
            <dst id="WASHng">627.2</dst>
        </src>
        <src id="ATLAng">
            <dst id="ATLA-M5">300.282666666667</dst>
            <dst id="ATLAng">9864.28533333333</dst>
            <dst id="CHINng">3870.58933333333</dst>
            <dst id="DNVRng">2763.05333333333</dst>
            <dst id="HSTNng">710.698666666667</dst>
            <dst id="IPLSng">32279.512</dst>
            <dst id="KSCYng">647.362666666667</dst>
            <dst id="LOSAng">8988.55466666667</dst>
            <dst id="NYCMng">10678.1466666667</dst>
            <dst id="SNVAng">379.901333333333</dst>
            <dst id="STTLng">10688.4346666667</dst>
            <dst id="WASHng">36061.6933333333</dst>
        </src>
        <src id="CHINng">
            <dst id="ATLA-M5">26.6666666666667</dst>
            <dst id="ATLAng">6956.34133333333</dst>
            <dst id="CHINng">52235.912</dst>
            <dst id="DNVRng">7808.304</dst>
            <dst id="HSTNng">4236.95733333333</dst>
            <dst id="IPLSng">14332.4506666667</dst>
            <dst id="KSCYng">2456.4</dst>
            <dst id="LOSAng">36598.352</dst>
            <dst id="NYCMng">8384.36</dst>
            <dst id="SNVAng">196.648</dst>
            <dst id="STTLng">3365.09866666667</dst>
            <dst id="WASHng">21753.6613333333</dst>
        </src>
        <src id="DNVRng">
            <dst id="ATLA-M5">136.562666666667</dst>
            <dst id="ATLAng">3348.36266666667</dst>
            <dst id="CHINng">54294.0213333333</dst>
            <dst id="DNVRng">2849.86666666667</dst>
            <dst id="HSTNng">22417.856</dst>
            <dst id="IPLSng">35179.0933333333</dst>
            <dst id="KSCYng">13054.944</dst>
            <dst id="LOSAng">10770.016</dst>
            <dst id="NYCMng">18206.3653333333</dst>
            <dst id="SNVAng">8078.53333333333</dst>
            <dst id="STTLng">5412.27733333333</dst>
            <dst id="WASHng">37486.52</dst>
        </src>
        <src id="HSTNng">
            <dst id="ATLA-M5">3771.73333333333</dst>
            <dst id="ATLAng">1853.976</dst>
            <dst id="CHINng">10093.408</dst>
            <dst id="DNVRng">611.946666666667</dst>
            <dst id="HSTNng">15172</dst>
            <dst id="IPLSng">2889.60266666667</dst>
            <dst id="KSCYng">326.869333333333</dst>
            <dst id="LOSAng">1577.536</dst>
            <dst id="NYCMng">2094.41066666667</dst>
            <dst id="SNVAng">69.944</dst>
            <dst id="STTLng">1598.76266666667</dst>
            <dst id="WASHng">1363.512</dst>
        </src>
        <src id="IPLSng">
            <dst id="ATLA-M5">26.6666666666667</dst>
            <dst id="ATLAng">20860.144</dst>
            <dst id="CHINng">47358.1013333333</dst>
            <dst id="DNVRng">12504.3626666667</dst>
            <dst id="HSTNng">388.488</dst>
            <dst id="IPLSng">6033.89066666667</dst>
            <dst id="KSCYng">2119.86133333333</dst>
            <dst id="LOSAng">8218.00533333333</dst>
            <dst id="NYCMng">26031.5786666667</dst>
            <dst id="SNVAng">788.784</dst>
            <dst id="STTLng">18941.2933333333</dst>
            <dst id="WASHng">13980.4186666667</dst>
        </src>
        <src id="KSCYng">
            <dst id="ATLA-M5">0</dst>
            <dst id="ATLAng">4316.98666666667</dst>
            <dst id="CHINng">13849.424</dst>
            <dst id="DNVRng">10812.4693333333</dst>
            <dst id="HSTNng">2625.24533333333</dst>
            <dst id="IPLSng">7644.90933333333</dst>
            <dst id="KSCYng">8551.632</dst>
            <dst id="LOSAng">4107.344</dst>
            <dst id="NYCMng">3082.15733333333</dst>
            <dst id="SNVAng">2036.51466666667</dst>
            <dst id="STTLng">3032.06133333333</dst>
            <dst id="WASHng">5159.432</dst>
        </src>
        <src id="LOSAng">
            <dst id="ATLA-M5">53.3333333333333</dst>
            <dst id="ATLAng">12633.8266666667</dst>
            <dst id="CHINng">116199.349333333</dst>
            <dst id="DNVRng">19349.4186666667</dst>
            <dst id="HSTNng">2370.05866666667</dst>
            <dst id="IPLSng">12069.3653333333</dst>
            <dst id="KSCYng">2805.616</dst>
            <dst id="LOSAng">11890.648</dst>
            <dst id="NYCMng">38033.5653333333</dst>
            <dst id="SNVAng">23888.5733333333</dst>
            <dst id="STTLng">31190.072</dst>
            <dst id="WASHng">20342.6346666667</dst>
        </src>
        <src id="NYCMng">
            <dst id="ATLA-M5">111.336</dst>
            <dst id="ATLAng">30521.1546666667</dst>
            <dst id="CHINng">10709.1226666667</dst>
            <dst id="DNVRng">21760.9306666667</dst>
            <dst id="HSTNng">3837.032</dst>
            <dst id="IPLSng">12476.4933333333</dst>
            <dst id="KSCYng">13268.8693333333</dst>
            <dst id="LOSAng">81101.4933333333</dst>
            <dst id="NYCMng">80759.7626666667</dst>
            <dst id="SNVAng">1123.18666666667</dst>
            <dst id="STTLng">18133.36</dst>
            <dst id="WASHng">45219.9573333333</dst>
        </src>
        <src id="SNVAng">
            <dst id="ATLA-M5">0</dst>
            <dst id="ATLAng">71.8826666666667</dst>
            <dst id="CHINng">0</dst>
            <dst id="DNVRng">334.898666666667</dst>
            <dst id="HSTNng">60.3093333333333</dst>
            <dst id="IPLSng">298.664</dst>
            <dst id="KSCYng">0</dst>
            <dst id="LOSAng">30582.1573333333</dst>
            <dst id="NYCMng">310.997333333333</dst>
            <dst id="SNVAng">6092.94933333333</dst>
            <dst id="STTLng">25918.0106666667</dst>
            <dst id="WASHng">80</dst>
        </src>
        <src id="STTLng">
            <dst id="ATLA-M5">0</dst>
            <dst id="ATLAng">8290.77866666667</dst>
            <dst id="CHINng">23457.9733333333</dst>
            <dst id="DNVRng">1250.576</dst>
            <dst id="HSTNng">1797.21333333333</dst>
            <dst id="IPLSng">6991.64533333333</dst>
            <dst id="KSCYng">8186.144</dst>
            <dst id="LOSAng">12267.472</dst>
            <dst id="NYCMng">13564.728</dst>
            <dst id="SNVAng">1334.384</dst>
            <dst id="STTLng">893.072</dst>
            <dst id="WASHng">6314.008</dst>
        </src>
        <src id="WASHng">
            <dst id="ATLA-M5">110.642666666667</dst>
            <dst id="ATLAng">88549.9973333333</dst>
            <dst id="CHINng">39761.848</dst>
            <dst id="DNVRng">44229.84</dst>
            <dst id="HSTNng">19181.9306666667</dst>
            <dst id="IPLSng">46944.2613333333</dst>
            <dst id="KSCYng">4126.736</dst>
            <dst id="LOSAng">67985.5226666667</dst>
            <dst id="NYCMng">112252.16</dst>
            <dst id="SNVAng">6803.02133333333</dst>
            <dst id="STTLng">32502.7706666667</dst>
            <dst id="WASHng">359384.88</dst>
        </src>
    </IntraTM>
</TrafficMatrixFile>
