<?xml version="1.0" encoding="ISO-8859-1" standalone="yes"?>
<TrafficMatrixFile xsi:noNamespaceSchemaLocation="http://totem.run.montefiore.ulg.ac.be/Schema/TrafficMatrix-v1_2.xsd" xmlns:xsi="http://www.w3.org/2001/XMLSchema-instance">
    <IntraTM ASID="11537">
        <src id="ATLA-M5">
            <dst id="ATLA-M5">185.210666666667</dst>
            <dst id="ATLAng">411.082666666667</dst>
            <dst id="CHINng">277.84</dst>
            <dst id="DNVRng">0</dst>
            <dst id="HSTNng">228.578666666667</dst>
            <dst id="IPLSng">2653.59733333333</dst>
            <dst id="KSCYng">109.717333333333</dst>
            <dst id="LOSAng">75.6373333333333</dst>
            <dst id="NYCMng">53.3333333333333</dst>
            <dst id="SNVAng">0</dst>
            <dst id="STTLng">133.370666666667</dst>
            <dst id="WASHng">2376.06133333333</dst>
        </src>
        <src id="ATLAng">
            <dst id="ATLA-M5">349.68</dst>
            <dst id="ATLAng">33901.1786666667</dst>
            <dst id="CHINng">8719.71733333333</dst>
            <dst id="DNVRng">3360.31466666667</dst>
            <dst id="HSTNng">15181.5173333333</dst>
            <dst id="IPLSng">12824.3386666667</dst>
            <dst id="KSCYng">15126.464</dst>
            <dst id="LOSAng">13057.6413333333</dst>
            <dst id="NYCMng">22106.688</dst>
            <dst id="SNVAng">1024.84666666667</dst>
            <dst id="STTLng">14168.296</dst>
            <dst id="WASHng">53846.8986666667</dst>
        </src>
        <src id="CHINng">
            <dst id="ATLA-M5">557.296</dst>
            <dst id="ATLAng">16560.9946666667</dst>
            <dst id="CHINng">74376.376</dst>
            <dst id="DNVRng">6944.01866666667</dst>
            <dst id="HSTNng">8060.90133333333</dst>
            <dst id="IPLSng">35417.3093333333</dst>
            <dst id="KSCYng">8830.872</dst>
            <dst id="LOSAng">33435.5946666667</dst>
            <dst id="NYCMng">14977.4906666667</dst>
            <dst id="SNVAng">2700.64533333333</dst>
            <dst id="STTLng">8571.176</dst>
            <dst id="WASHng">31160.0986666667</dst>
        </src>
        <src id="DNVRng">
            <dst id="ATLA-M5">796.744</dst>
            <dst id="ATLAng">9989.376</dst>
            <dst id="CHINng">67406.9146666667</dst>
            <dst id="DNVRng">12327.2026666667</dst>
            <dst id="HSTNng">16559.7333333333</dst>
            <dst id="IPLSng">36708.7786666667</dst>
            <dst id="KSCYng">22000.3786666667</dst>
            <dst id="LOSAng">13474.12</dst>
            <dst id="NYCMng">20396.7093333333</dst>
            <dst id="SNVAng">23699.896</dst>
            <dst id="STTLng">9498.30666666667</dst>
            <dst id="WASHng">37044.5333333333</dst>
        </src>
        <src id="HSTNng">
            <dst id="ATLA-M5">3531.74933333333</dst>
            <dst id="ATLAng">3729.592</dst>
            <dst id="CHINng">13416.024</dst>
            <dst id="DNVRng">1118.37066666667</dst>
            <dst id="HSTNng">15417.2</dst>
            <dst id="IPLSng">3788.82666666667</dst>
            <dst id="KSCYng">4069.416</dst>
            <dst id="LOSAng">9711.768</dst>
            <dst id="NYCMng">4839.92533333333</dst>
            <dst id="SNVAng">291.893333333333</dst>
            <dst id="STTLng">2105.56</dst>
            <dst id="WASHng">3484.21333333333</dst>
        </src>
        <src id="IPLSng">
            <dst id="ATLA-M5">215.146666666667</dst>
            <dst id="ATLAng">26527.8613333333</dst>
            <dst id="CHINng">96053.1173333333</dst>
            <dst id="DNVRng">10706.2453333333</dst>
            <dst id="HSTNng">9182.09066666667</dst>
            <dst id="IPLSng">21863.88</dst>
            <dst id="KSCYng">12003.032</dst>
            <dst id="LOSAng">16603.272</dst>
            <dst id="NYCMng">26518.3973333333</dst>
            <dst id="SNVAng">2261.39466666667</dst>
            <dst id="STTLng">16644.3093333333</dst>
            <dst id="WASHng">29283.5253333333</dst>
        </src>
        <src id="KSCYng">
            <dst id="ATLA-M5">97.728</dst>
            <dst id="ATLAng">3086.41866666667</dst>
            <dst id="CHINng">26871.104</dst>
            <dst id="DNVRng">10621.496</dst>
            <dst id="HSTNng">5278.944</dst>
            <dst id="IPLSng">12305.5386666667</dst>
            <dst id="KSCYng">7147.62933333333</dst>
            <dst id="LOSAng">3901.31466666667</dst>
            <dst id="NYCMng">1737.168</dst>
            <dst id="SNVAng">1965.64</dst>
            <dst id="STTLng">2379.99733333333</dst>
            <dst id="WASHng">31311.72</dst>
        </src>
        <src id="LOSAng">
            <dst id="ATLA-M5">650.098666666667</dst>
            <dst id="ATLAng">17234.3573333333</dst>
            <dst id="CHINng">156341.096</dst>
            <dst id="DNVRng">27014.0266666667</dst>
            <dst id="HSTNng">7494.28</dst>
            <dst id="IPLSng">35329.08</dst>
            <dst id="KSCYng">6387.31733333333</dst>
            <dst id="LOSAng">11079.3253333333</dst>
            <dst id="NYCMng">38809.5893333333</dst>
            <dst id="SNVAng">11395.76</dst>
            <dst id="STTLng">19909.1546666667</dst>
            <dst id="WASHng">35987.2986666667</dst>
        </src>
        <src id="NYCMng">
            <dst id="ATLA-M5">1000.58133333333</dst>
            <dst id="ATLAng">33932.76</dst>
            <dst id="CHINng">36381.0986666667</dst>
            <dst id="DNVRng">27113.0586666667</dst>
            <dst id="HSTNng">12356.3306666667</dst>
            <dst id="IPLSng">23648.7626666667</dst>
            <dst id="KSCYng">12738.232</dst>
            <dst id="LOSAng">80820.3706666667</dst>
            <dst id="NYCMng">152703.037333333</dst>
            <dst id="SNVAng">1802.28</dst>
            <dst id="STTLng">19145.0933333333</dst>
            <dst id="WASHng">66987.7866666667</dst>
        </src>
        <src id="SNVAng">
            <dst id="ATLA-M5">0</dst>
            <dst id="ATLAng">26.6666666666667</dst>
            <dst id="CHINng">80</dst>
            <dst id="DNVRng">4736.00266666667</dst>
            <dst id="HSTNng">135.749333333333</dst>
            <dst id="IPLSng">207.082666666667</dst>
            <dst id="KSCYng">106.794666666667</dst>
            <dst id="LOSAng">31763.912</dst>
            <dst id="NYCMng">255.872</dst>
            <dst id="SNVAng">11531.4533333333</dst>
            <dst id="STTLng">31144.5066666667</dst>
            <dst id="WASHng">136.432</dst>
        </src>
        <src id="STTLng">
            <dst id="ATLA-M5">161.066666666667</dst>
            <dst id="ATLAng">9776.24266666667</dst>
            <dst id="CHINng">48731.0826666667</dst>
            <dst id="DNVRng">2293.16</dst>
            <dst id="HSTNng">1993.184</dst>
            <dst id="IPLSng">9435.57866666667</dst>
            <dst id="KSCYng">4952.58666666667</dst>
            <dst id="LOSAng">16652.24</dst>
            <dst id="NYCMng">12211.264</dst>
            <dst id="SNVAng">5908.13066666667</dst>
            <dst id="STTLng">5480.26933333333</dst>
            <dst id="WASHng">16406.752</dst>
        </src>
        <src id="WASHng">
            <dst id="ATLA-M5">364.037333333333</dst>
            <dst id="ATLAng">112442.850666667</dst>
            <dst id="CHINng">50197.4933333333</dst>
            <dst id="DNVRng">57747.0453333333</dst>
            <dst id="HSTNng">22028.688</dst>
            <dst id="IPLSng">50527.1093333333</dst>
            <dst id="KSCYng">15979.4213333333</dst>
            <dst id="LOSAng">50320.1253333333</dst>
            <dst id="NYCMng">166789.32</dst>
            <dst id="SNVAng">10195.4853333333</dst>
            <dst id="STTLng">30100.1813333333</dst>
            <dst id="WASHng">300842.88</dst>
        </src>
    </IntraTM>
</TrafficMatrixFile>
