<?xml version="1.0" encoding="ISO-8859-1" standalone="yes"?>
<TrafficMatrixFile xsi:noNamespaceSchemaLocation="http://totem.run.montefiore.ulg.ac.be/Schema/TrafficMatrix-v1_2.xsd" xmlns:xsi="http://www.w3.org/2001/XMLSchema-instance">
    <IntraTM ASID="11537">
        <src id="ATLA-M5">
            <dst id="ATLA-M5">0</dst>
            <dst id="ATLAng">0</dst>
            <dst id="CHINng">131.2</dst>
            <dst id="DNVRng">0</dst>
            <dst id="HSTNng">90.6346666666667</dst>
            <dst id="IPLSng">0</dst>
            <dst id="KSCYng">704.586666666667</dst>
            <dst id="LOSAng">144.981333333333</dst>
            <dst id="NYCMng">53.3333333333333</dst>
            <dst id="SNVAng">0</dst>
            <dst id="STTLng">1035.70933333333</dst>
            <dst id="WASHng">3488.51466666667</dst>
        </src>
        <src id="ATLAng">
            <dst id="ATLA-M5">80</dst>
            <dst id="ATLAng">31842.8</dst>
            <dst id="CHINng">4031.30666666667</dst>
            <dst id="DNVRng">3813.59733333333</dst>
            <dst id="HSTNng">4664.76266666667</dst>
            <dst id="IPLSng">13267.664</dst>
            <dst id="KSCYng">677.016</dst>
            <dst id="LOSAng">12592.9306666667</dst>
            <dst id="NYCMng">3620.52</dst>
            <dst id="SNVAng">73.0693333333333</dst>
            <dst id="STTLng">5736.16266666667</dst>
            <dst id="WASHng">28273.528</dst>
        </src>
        <src id="CHINng">
            <dst id="ATLA-M5">5583.78666666667</dst>
            <dst id="ATLAng">5650.296</dst>
            <dst id="CHINng">82599.8933333333</dst>
            <dst id="DNVRng">9893.304</dst>
            <dst id="HSTNng">6420.78666666667</dst>
            <dst id="IPLSng">33731.7386666667</dst>
            <dst id="KSCYng">18763.5013333333</dst>
            <dst id="LOSAng">45851.0213333333</dst>
            <dst id="NYCMng">11545.208</dst>
            <dst id="SNVAng">4681</dst>
            <dst id="STTLng">4823.14133333333</dst>
            <dst id="WASHng">26663.3493333333</dst>
        </src>
        <src id="DNVRng">
            <dst id="ATLA-M5">137.173333333333</dst>
            <dst id="ATLAng">13397.0266666667</dst>
            <dst id="CHINng">60552.6933333333</dst>
            <dst id="DNVRng">16409.1413333333</dst>
            <dst id="HSTNng">14496.512</dst>
            <dst id="IPLSng">50140.4346666667</dst>
            <dst id="KSCYng">16493.0133333333</dst>
            <dst id="LOSAng">10539.1866666667</dst>
            <dst id="NYCMng">18260.6053333333</dst>
            <dst id="SNVAng">8041.29066666667</dst>
            <dst id="STTLng">10534.552</dst>
            <dst id="WASHng">32309</dst>
        </src>
        <src id="HSTNng">
            <dst id="ATLA-M5">3936.672</dst>
            <dst id="ATLAng">1878.312</dst>
            <dst id="CHINng">15752.752</dst>
            <dst id="DNVRng">1369.312</dst>
            <dst id="HSTNng">14583.8266666667</dst>
            <dst id="IPLSng">7003.75733333333</dst>
            <dst id="KSCYng">1521.64266666667</dst>
            <dst id="LOSAng">15510.7733333333</dst>
            <dst id="NYCMng">5897.22666666667</dst>
            <dst id="SNVAng">0</dst>
            <dst id="STTLng">666.138666666667</dst>
            <dst id="WASHng">1754.14933333333</dst>
        </src>
        <src id="IPLSng">
            <dst id="ATLA-M5">53.3333333333333</dst>
            <dst id="ATLAng">12491.7973333333</dst>
            <dst id="CHINng">51071.2533333333</dst>
            <dst id="DNVRng">27520.432</dst>
            <dst id="HSTNng">1175.16</dst>
            <dst id="IPLSng">32212.5066666667</dst>
            <dst id="KSCYng">3616.46933333333</dst>
            <dst id="LOSAng">20273.8453333333</dst>
            <dst id="NYCMng">24598.7173333333</dst>
            <dst id="SNVAng">260.466666666667</dst>
            <dst id="STTLng">9595.352</dst>
            <dst id="WASHng">4278.21066666667</dst>
        </src>
        <src id="KSCYng">
            <dst id="ATLA-M5">26.6666666666667</dst>
            <dst id="ATLAng">595.485333333333</dst>
            <dst id="CHINng">16957.968</dst>
            <dst id="DNVRng">16605.04</dst>
            <dst id="HSTNng">2815.344</dst>
            <dst id="IPLSng">48178.4906666667</dst>
            <dst id="KSCYng">10762.048</dst>
            <dst id="LOSAng">6187.17866666667</dst>
            <dst id="NYCMng">1522.04533333333</dst>
            <dst id="SNVAng">2084.624</dst>
            <dst id="STTLng">5724.968</dst>
            <dst id="WASHng">9628.11733333333</dst>
        </src>
        <src id="LOSAng">
            <dst id="ATLA-M5">43.3066666666667</dst>
            <dst id="ATLAng">8790.57866666667</dst>
            <dst id="CHINng">119033.165333333</dst>
            <dst id="DNVRng">22163.2293333333</dst>
            <dst id="HSTNng">6583.89066666666</dst>
            <dst id="IPLSng">21112.512</dst>
            <dst id="KSCYng">3451.36533333333</dst>
            <dst id="LOSAng">18418.3466666667</dst>
            <dst id="NYCMng">36001.5546666667</dst>
            <dst id="SNVAng">21327.264</dst>
            <dst id="STTLng">29848.3653333333</dst>
            <dst id="WASHng">21941.5946666667</dst>
        </src>
        <src id="NYCMng">
            <dst id="ATLA-M5">117.144</dst>
            <dst id="ATLAng">15628.88</dst>
            <dst id="CHINng">14966.464</dst>
            <dst id="DNVRng">25819.4506666667</dst>
            <dst id="HSTNng">7048.58666666667</dst>
            <dst id="IPLSng">25834.0266666667</dst>
            <dst id="KSCYng">4399.80533333333</dst>
            <dst id="LOSAng">80652.2026666667</dst>
            <dst id="NYCMng">93564.152</dst>
            <dst id="SNVAng">1390.11466666667</dst>
            <dst id="STTLng">20869.7466666667</dst>
            <dst id="WASHng">42109.12</dst>
        </src>
        <src id="SNVAng">
            <dst id="ATLA-M5">0</dst>
            <dst id="ATLAng">26.6666666666667</dst>
            <dst id="CHINng">0</dst>
            <dst id="DNVRng">8816.65333333333</dst>
            <dst id="HSTNng">26.6666666666667</dst>
            <dst id="IPLSng">178.378666666667</dst>
            <dst id="KSCYng">0</dst>
            <dst id="LOSAng">40674</dst>
            <dst id="NYCMng">452.992</dst>
            <dst id="SNVAng">6371.53866666667</dst>
            <dst id="STTLng">29188.4026666667</dst>
            <dst id="WASHng">53.3333333333333</dst>
        </src>
        <src id="STTLng">
            <dst id="ATLA-M5">331</dst>
            <dst id="ATLAng">8405.42666666667</dst>
            <dst id="CHINng">17790.696</dst>
            <dst id="DNVRng">3502.46666666667</dst>
            <dst id="HSTNng">1470.2</dst>
            <dst id="IPLSng">4389.20533333333</dst>
            <dst id="KSCYng">1236.768</dst>
            <dst id="LOSAng">27872.416</dst>
            <dst id="NYCMng">10097.5946666667</dst>
            <dst id="SNVAng">6658.02666666667</dst>
            <dst id="STTLng">19514.4666666667</dst>
            <dst id="WASHng">7012.712</dst>
        </src>
        <src id="WASHng">
            <dst id="ATLA-M5">1180.96</dst>
            <dst id="ATLAng">62924.768</dst>
            <dst id="CHINng">87319.6586666667</dst>
            <dst id="DNVRng">59925.8586666667</dst>
            <dst id="HSTNng">32751.5146666667</dst>
            <dst id="IPLSng">48829.5386666667</dst>
            <dst id="KSCYng">10942.408</dst>
            <dst id="LOSAng">76236.2693333333</dst>
            <dst id="NYCMng">148770.522666667</dst>
            <dst id="SNVAng">9935.84</dst>
            <dst id="STTLng">34813.6853333333</dst>
            <dst id="WASHng">256828.696</dst>
        </src>
    </IntraTM>
</TrafficMatrixFile>
