<?xml version="1.0" encoding="ISO-8859-1" standalone="yes"?>
<TrafficMatrixFile xsi:noNamespaceSchemaLocation="http://totem.run.montefiore.ulg.ac.be/Schema/TrafficMatrix-v1_2.xsd" xmlns:xsi="http://www.w3.org/2001/XMLSchema-instance">
    <IntraTM ASID="11537">
        <src id="ATLA-M5">
            <dst id="ATLA-M5">142.034666666667</dst>
            <dst id="ATLAng">580.213333333333</dst>
            <dst id="CHINng">204.328</dst>
            <dst id="DNVRng">137.525333333333</dst>
            <dst id="HSTNng">52.0373333333333</dst>
            <dst id="IPLSng">54.8986666666667</dst>
            <dst id="KSCYng">82.112</dst>
            <dst id="LOSAng">676.056</dst>
            <dst id="NYCMng">295.669333333333</dst>
            <dst id="SNVAng">0</dst>
            <dst id="STTLng">126.757333333333</dst>
            <dst id="WASHng">543.730666666667</dst>
        </src>
        <src id="ATLAng">
            <dst id="ATLA-M5">3375.93066666667</dst>
            <dst id="ATLAng">17029.1626666667</dst>
            <dst id="CHINng">11927.7706666667</dst>
            <dst id="DNVRng">9862.48</dst>
            <dst id="HSTNng">17849.8426666667</dst>
            <dst id="IPLSng">17826.336</dst>
            <dst id="KSCYng">10163.5333333333</dst>
            <dst id="LOSAng">13124.212</dst>
            <dst id="NYCMng">8435.21333333333</dst>
            <dst id="SNVAng">1789.75866666667</dst>
            <dst id="STTLng">9687.05866666667</dst>
            <dst id="WASHng">23100.5093333333</dst>
        </src>
        <src id="CHINng">
            <dst id="ATLA-M5">548.688</dst>
            <dst id="ATLAng">38152.5866666667</dst>
            <dst id="CHINng">48914.1493333333</dst>
            <dst id="DNVRng">11158.9226666667</dst>
            <dst id="HSTNng">27181.8746666667</dst>
            <dst id="IPLSng">56186.0426666667</dst>
            <dst id="KSCYng">35236.2853333333</dst>
            <dst id="LOSAng">42121.248</dst>
            <dst id="NYCMng">16053.0346666667</dst>
            <dst id="SNVAng">5188.944</dst>
            <dst id="STTLng">4189.44</dst>
            <dst id="WASHng">28905.264</dst>
        </src>
        <src id="DNVRng">
            <dst id="ATLA-M5">193.122666666667</dst>
            <dst id="ATLAng">15306.808</dst>
            <dst id="CHINng">54653.2853333333</dst>
            <dst id="DNVRng">17027.864</dst>
            <dst id="HSTNng">30193.7786666667</dst>
            <dst id="IPLSng">50809.816</dst>
            <dst id="KSCYng">28462.0613333333</dst>
            <dst id="LOSAng">34167.024</dst>
            <dst id="NYCMng">17094.2533333333</dst>
            <dst id="SNVAng">15281.8533333333</dst>
            <dst id="STTLng">25068.5413333333</dst>
            <dst id="WASHng">58348.6266666667</dst>
        </src>
        <src id="HSTNng">
            <dst id="ATLA-M5">692.976</dst>
            <dst id="ATLAng">8452.464</dst>
            <dst id="CHINng">8376.82933333333</dst>
            <dst id="DNVRng">2056.52533333333</dst>
            <dst id="HSTNng">16693.6266666667</dst>
            <dst id="IPLSng">3519.68266666667</dst>
            <dst id="KSCYng">2519.44266666667</dst>
            <dst id="LOSAng">4483.784</dst>
            <dst id="NYCMng">5664.60266666667</dst>
            <dst id="SNVAng">117.424</dst>
            <dst id="STTLng">10255.888</dst>
            <dst id="WASHng">10582.792</dst>
        </src>
        <src id="IPLSng">
            <dst id="ATLA-M5">211.093333333333</dst>
            <dst id="ATLAng">24251.712</dst>
            <dst id="CHINng">80804.264</dst>
            <dst id="DNVRng">13092.352</dst>
            <dst id="HSTNng">2733.78666666667</dst>
            <dst id="IPLSng">31870.608</dst>
            <dst id="KSCYng">5631.64533333333</dst>
            <dst id="LOSAng">34902.264</dst>
            <dst id="NYCMng">59628.3066666667</dst>
            <dst id="SNVAng">2619.744</dst>
            <dst id="STTLng">15541.7493333333</dst>
            <dst id="WASHng">37020.7226666667</dst>
        </src>
        <src id="KSCYng">
            <dst id="ATLA-M5">312.645333333333</dst>
            <dst id="ATLAng">7576.82933333334</dst>
            <dst id="CHINng">18438.4933333333</dst>
            <dst id="DNVRng">12535.5306666667</dst>
            <dst id="HSTNng">7013.34666666667</dst>
            <dst id="IPLSng">25912.6026666667</dst>
            <dst id="KSCYng">13632.4773333333</dst>
            <dst id="LOSAng">12582.704</dst>
            <dst id="NYCMng">4014.30133333333</dst>
            <dst id="SNVAng">3215.48533333333</dst>
            <dst id="STTLng">2452.288</dst>
            <dst id="WASHng">25305.7786666667</dst>
        </src>
        <src id="LOSAng">
            <dst id="ATLA-M5">921.186666666667</dst>
            <dst id="ATLAng">25491.8853333333</dst>
            <dst id="CHINng">77929.232</dst>
            <dst id="DNVRng">33830.3253333333</dst>
            <dst id="HSTNng">8043.09866666667</dst>
            <dst id="IPLSng">34855.9493333333</dst>
            <dst id="KSCYng">9107.336</dst>
            <dst id="LOSAng">22516.5013333333</dst>
            <dst id="NYCMng">33714.9306666667</dst>
            <dst id="SNVAng">16918.44</dst>
            <dst id="STTLng">27217.048</dst>
            <dst id="WASHng">92892.56</dst>
        </src>
        <src id="NYCMng">
            <dst id="ATLA-M5">1288.93866666667</dst>
            <dst id="ATLAng">35184.7706666667</dst>
            <dst id="CHINng">25977.376</dst>
            <dst id="DNVRng">42701.5226666667</dst>
            <dst id="HSTNng">10615.6586666667</dst>
            <dst id="IPLSng">41326.728</dst>
            <dst id="KSCYng">13372.3653333333</dst>
            <dst id="LOSAng">80318.2746666667</dst>
            <dst id="NYCMng">125915.922666667</dst>
            <dst id="SNVAng">5464.192</dst>
            <dst id="STTLng">45635.9306666667</dst>
            <dst id="WASHng">89310.504</dst>
        </src>
        <src id="SNVAng">
            <dst id="ATLA-M5">0</dst>
            <dst id="ATLAng">162.581333333333</dst>
            <dst id="CHINng">37.04</dst>
            <dst id="DNVRng">4145.90933333333</dst>
            <dst id="HSTNng">144.298666666667</dst>
            <dst id="IPLSng">264.949333333333</dst>
            <dst id="KSCYng">125.653333333333</dst>
            <dst id="LOSAng">34405.4346666667</dst>
            <dst id="NYCMng">255.530666666667</dst>
            <dst id="SNVAng">8576.49333333334</dst>
            <dst id="STTLng">36800.1013333333</dst>
            <dst id="WASHng">1170.80533333333</dst>
        </src>
        <src id="STTLng">
            <dst id="ATLA-M5">114.848</dst>
            <dst id="ATLAng">12770.088</dst>
            <dst id="CHINng">20496.992</dst>
            <dst id="DNVRng">5098.39733333333</dst>
            <dst id="HSTNng">9032.89066666667</dst>
            <dst id="IPLSng">10324.0266666667</dst>
            <dst id="KSCYng">3275.66133333333</dst>
            <dst id="LOSAng">30254.8106666667</dst>
            <dst id="NYCMng">12422.7653333333</dst>
            <dst id="SNVAng">6446.11466666667</dst>
            <dst id="STTLng">4619.752</dst>
            <dst id="WASHng">18080.2266666667</dst>
        </src>
        <src id="WASHng">
            <dst id="ATLA-M5">516.634666666667</dst>
            <dst id="ATLAng">143295.618666667</dst>
            <dst id="CHINng">76380.1813333333</dst>
            <dst id="DNVRng">103045.058666667</dst>
            <dst id="HSTNng">23265.584</dst>
            <dst id="IPLSng">71384.064</dst>
            <dst id="KSCYng">13657.4</dst>
            <dst id="LOSAng">57303.544</dst>
            <dst id="NYCMng">178168.146666667</dst>
            <dst id="SNVAng">11467.8693333333</dst>
            <dst id="STTLng">50185.872</dst>
            <dst id="WASHng">297755.28</dst>
        </src>
    </IntraTM>
</TrafficMatrixFile>
