<?xml version="1.0" encoding="ISO-8859-1" standalone="yes"?>
<TrafficMatrixFile xsi:noNamespaceSchemaLocation="http://totem.run.montefiore.ulg.ac.be/Schema/TrafficMatrix-v1_2.xsd" xmlns:xsi="http://www.w3.org/2001/XMLSchema-instance">
    <IntraTM ASID="11537">
        <src id="ATLA-M5">
            <dst id="ATLA-M5">249.549333333333</dst>
            <dst id="ATLAng">26.6666666666667</dst>
            <dst id="CHINng">92.8</dst>
            <dst id="DNVRng">0</dst>
            <dst id="HSTNng">0</dst>
            <dst id="IPLSng">0</dst>
            <dst id="KSCYng">1086.10933333333</dst>
            <dst id="LOSAng">112.672</dst>
            <dst id="NYCMng">133.68</dst>
            <dst id="SNVAng">0</dst>
            <dst id="STTLng">329.704</dst>
            <dst id="WASHng">1444.59733333333</dst>
        </src>
        <src id="ATLAng">
            <dst id="ATLA-M5">62.8613333333333</dst>
            <dst id="ATLAng">23210.328</dst>
            <dst id="CHINng">4724.544</dst>
            <dst id="DNVRng">2412.81066666667</dst>
            <dst id="HSTNng">528</dst>
            <dst id="IPLSng">12053.68</dst>
            <dst id="KSCYng">426.08</dst>
            <dst id="LOSAng">13765.5066666667</dst>
            <dst id="NYCMng">8533.76533333333</dst>
            <dst id="SNVAng">26.6666666666667</dst>
            <dst id="STTLng">8098.17333333333</dst>
            <dst id="WASHng">30859.0533333333</dst>
        </src>
        <src id="CHINng">
            <dst id="ATLA-M5">4536.78666666667</dst>
            <dst id="ATLAng">2824.10666666667</dst>
            <dst id="CHINng">58438.3306666666</dst>
            <dst id="DNVRng">9336.352</dst>
            <dst id="HSTNng">4848.2</dst>
            <dst id="IPLSng">25416.728</dst>
            <dst id="KSCYng">19215.128</dst>
            <dst id="LOSAng">38793.648</dst>
            <dst id="NYCMng">8200.784</dst>
            <dst id="SNVAng">3148.06133333333</dst>
            <dst id="STTLng">4571.52266666667</dst>
            <dst id="WASHng">17330.4053333333</dst>
        </src>
        <src id="DNVRng">
            <dst id="ATLA-M5">69.5573333333333</dst>
            <dst id="ATLAng">12288.616</dst>
            <dst id="CHINng">79501.8853333333</dst>
            <dst id="DNVRng">19354.76</dst>
            <dst id="HSTNng">11457.3573333333</dst>
            <dst id="IPLSng">29656.3093333333</dst>
            <dst id="KSCYng">25431.1253333333</dst>
            <dst id="LOSAng">13451.768</dst>
            <dst id="NYCMng">14791.0986666667</dst>
            <dst id="SNVAng">9367.26133333333</dst>
            <dst id="STTLng">10367.9786666667</dst>
            <dst id="WASHng">29603.632</dst>
        </src>
        <src id="HSTNng">
            <dst id="ATLA-M5">1799.05066666667</dst>
            <dst id="ATLAng">3395.48266666667</dst>
            <dst id="CHINng">12969.624</dst>
            <dst id="DNVRng">1211.41066666667</dst>
            <dst id="HSTNng">13982.8586666667</dst>
            <dst id="IPLSng">6469.21333333333</dst>
            <dst id="KSCYng">2695.30666666667</dst>
            <dst id="LOSAng">21286.5653333333</dst>
            <dst id="NYCMng">5689.94933333333</dst>
            <dst id="SNVAng">0</dst>
            <dst id="STTLng">136.453333333333</dst>
            <dst id="WASHng">1671.168</dst>
        </src>
        <src id="IPLSng">
            <dst id="ATLA-M5">26.6666666666667</dst>
            <dst id="ATLAng">13512.9546666667</dst>
            <dst id="CHINng">61569.4453333333</dst>
            <dst id="DNVRng">19918.68</dst>
            <dst id="HSTNng">308.826666666667</dst>
            <dst id="IPLSng">30798.6986666667</dst>
            <dst id="KSCYng">4290.07733333333</dst>
            <dst id="LOSAng">18552.2053333333</dst>
            <dst id="NYCMng">50081.24</dst>
            <dst id="SNVAng">260.426666666667</dst>
            <dst id="STTLng">6463.06666666667</dst>
            <dst id="WASHng">3589.76</dst>
        </src>
        <src id="KSCYng">
            <dst id="ATLA-M5">57.8346666666667</dst>
            <dst id="ATLAng">1491.62933333333</dst>
            <dst id="CHINng">14373.36</dst>
            <dst id="DNVRng">7230.03733333333</dst>
            <dst id="HSTNng">3502.552</dst>
            <dst id="IPLSng">19594.7893333333</dst>
            <dst id="KSCYng">5225.776</dst>
            <dst id="LOSAng">7146.31466666666</dst>
            <dst id="NYCMng">4482.208</dst>
            <dst id="SNVAng">2857.168</dst>
            <dst id="STTLng">4279.60533333333</dst>
            <dst id="WASHng">19795.2186666667</dst>
        </src>
        <src id="LOSAng">
            <dst id="ATLA-M5">55.0293333333333</dst>
            <dst id="ATLAng">7174.816</dst>
            <dst id="CHINng">146429.912</dst>
            <dst id="DNVRng">21342.336</dst>
            <dst id="HSTNng">5501.232</dst>
            <dst id="IPLSng">17132.9066666667</dst>
            <dst id="KSCYng">2230.27466666667</dst>
            <dst id="LOSAng">17095.1573333333</dst>
            <dst id="NYCMng">35094.3546666667</dst>
            <dst id="SNVAng">21354.976</dst>
            <dst id="STTLng">24426.384</dst>
            <dst id="WASHng">17266.0506666667</dst>
        </src>
        <src id="NYCMng">
            <dst id="ATLA-M5">365.701333333333</dst>
            <dst id="ATLAng">6464.52533333333</dst>
            <dst id="CHINng">13466.9493333333</dst>
            <dst id="DNVRng">23569.6186666667</dst>
            <dst id="HSTNng">5110.752</dst>
            <dst id="IPLSng">22958.6506666667</dst>
            <dst id="KSCYng">5708.536</dst>
            <dst id="LOSAng">85821.5226666667</dst>
            <dst id="NYCMng">86919.9946666667</dst>
            <dst id="SNVAng">2318.112</dst>
            <dst id="STTLng">18250.2586666667</dst>
            <dst id="WASHng">39950.0453333333</dst>
        </src>
        <src id="SNVAng">
            <dst id="ATLA-M5">0</dst>
            <dst id="ATLAng">32.504</dst>
            <dst id="CHINng">96.7093333333333</dst>
            <dst id="DNVRng">6867.48533333333</dst>
            <dst id="HSTNng">46.784</dst>
            <dst id="IPLSng">206.064</dst>
            <dst id="KSCYng">26.6666666666667</dst>
            <dst id="LOSAng">32630.928</dst>
            <dst id="NYCMng">396.906666666667</dst>
            <dst id="SNVAng">4138.74933333333</dst>
            <dst id="STTLng">28599.7813333333</dst>
            <dst id="WASHng">0</dst>
        </src>
        <src id="STTLng">
            <dst id="ATLA-M5">131.010666666667</dst>
            <dst id="ATLAng">6599.52</dst>
            <dst id="CHINng">34941.2853333333</dst>
            <dst id="DNVRng">2264.60533333333</dst>
            <dst id="HSTNng">1122.768</dst>
            <dst id="IPLSng">3447.77333333333</dst>
            <dst id="KSCYng">1389.848</dst>
            <dst id="LOSAng">24841.2506666667</dst>
            <dst id="NYCMng">12894.9306666667</dst>
            <dst id="SNVAng">2430.89333333333</dst>
            <dst id="STTLng">19685.192</dst>
            <dst id="WASHng">3499.31466666667</dst>
        </src>
        <src id="WASHng">
            <dst id="ATLA-M5">1056.74133333333</dst>
            <dst id="ATLAng">59980.8213333333</dst>
            <dst id="CHINng">103891.384</dst>
            <dst id="DNVRng">55225.5493333333</dst>
            <dst id="HSTNng">49249.088</dst>
            <dst id="IPLSng">41874.1066666667</dst>
            <dst id="KSCYng">19813.056</dst>
            <dst id="LOSAng">64806.88</dst>
            <dst id="NYCMng">119640.733333333</dst>
            <dst id="SNVAng">4787.312</dst>
            <dst id="STTLng">45196.7706666667</dst>
            <dst id="WASHng">272585.2</dst>
        </src>
    </IntraTM>
</TrafficMatrixFile>
