<?xml version="1.0" encoding="ISO-8859-1" standalone="yes"?>
<TrafficMatrixFile xsi:noNamespaceSchemaLocation="http://totem.run.montefiore.ulg.ac.be/Schema/TrafficMatrix-v1_2.xsd" xmlns:xsi="http://www.w3.org/2001/XMLSchema-instance">
    <IntraTM ASID="11537">
        <src id="ATLA-M5">
            <dst id="ATLA-M5">0</dst>
            <dst id="ATLAng">441.442666666667</dst>
            <dst id="CHINng">114.109333333333</dst>
            <dst id="DNVRng">49.5066666666667</dst>
            <dst id="HSTNng">86.5146666666667</dst>
            <dst id="IPLSng">0</dst>
            <dst id="KSCYng">27.1893333333333</dst>
            <dst id="LOSAng">223.192</dst>
            <dst id="NYCMng">53.3333333333333</dst>
            <dst id="SNVAng">0</dst>
            <dst id="STTLng">0</dst>
            <dst id="WASHng">476.464</dst>
        </src>
        <src id="ATLAng">
            <dst id="ATLA-M5">427.216</dst>
            <dst id="ATLAng">8659.512</dst>
            <dst id="CHINng">7038.89333333333</dst>
            <dst id="DNVRng">4211.74666666667</dst>
            <dst id="HSTNng">2598.296</dst>
            <dst id="IPLSng">25422.128</dst>
            <dst id="KSCYng">1629.496</dst>
            <dst id="LOSAng">8796.00533333333</dst>
            <dst id="NYCMng">4028.208</dst>
            <dst id="SNVAng">225.085333333333</dst>
            <dst id="STTLng">8228.46666666667</dst>
            <dst id="WASHng">31789.568</dst>
        </src>
        <src id="CHINng">
            <dst id="ATLA-M5">26.6666666666667</dst>
            <dst id="ATLAng">13075.8026666667</dst>
            <dst id="CHINng">43943.0506666667</dst>
            <dst id="DNVRng">9537.83466666667</dst>
            <dst id="HSTNng">11048.3866666667</dst>
            <dst id="IPLSng">19822.2666666667</dst>
            <dst id="KSCYng">9097.46666666667</dst>
            <dst id="LOSAng">40543.9866666667</dst>
            <dst id="NYCMng">7748.20533333334</dst>
            <dst id="SNVAng">3470.09333333333</dst>
            <dst id="STTLng">6451.01333333333</dst>
            <dst id="WASHng">23693.8213333333</dst>
        </src>
        <src id="DNVRng">
            <dst id="ATLA-M5">1138.58933333333</dst>
            <dst id="ATLAng">2674.46666666667</dst>
            <dst id="CHINng">52098.8666666667</dst>
            <dst id="DNVRng">10497.408</dst>
            <dst id="HSTNng">16979.5706666667</dst>
            <dst id="IPLSng">37809.6346666667</dst>
            <dst id="KSCYng">24636.5306666667</dst>
            <dst id="LOSAng">35823.2186666667</dst>
            <dst id="NYCMng">10713.7973333333</dst>
            <dst id="SNVAng">12756.5146666667</dst>
            <dst id="STTLng">9465.47733333333</dst>
            <dst id="WASHng">38569.816</dst>
        </src>
        <src id="HSTNng">
            <dst id="ATLA-M5">1484.78933333333</dst>
            <dst id="ATLAng">39319.368</dst>
            <dst id="CHINng">4081.82666666667</dst>
            <dst id="DNVRng">612.306666666667</dst>
            <dst id="HSTNng">13603.6506666667</dst>
            <dst id="IPLSng">1355.76266666667</dst>
            <dst id="KSCYng">3616.06666666667</dst>
            <dst id="LOSAng">5620.64266666667</dst>
            <dst id="NYCMng">1163.57066666667</dst>
            <dst id="SNVAng">26.6666666666667</dst>
            <dst id="STTLng">780.930666666667</dst>
            <dst id="WASHng">2444.83733333333</dst>
        </src>
        <src id="IPLSng">
            <dst id="ATLA-M5">26.6666666666667</dst>
            <dst id="ATLAng">19067.408</dst>
            <dst id="CHINng">53946.656</dst>
            <dst id="DNVRng">6662.6</dst>
            <dst id="HSTNng">873.165333333333</dst>
            <dst id="IPLSng">24070.0933333333</dst>
            <dst id="KSCYng">9551.44266666666</dst>
            <dst id="LOSAng">18278.3973333333</dst>
            <dst id="NYCMng">41306.736</dst>
            <dst id="SNVAng">431.010666666667</dst>
            <dst id="STTLng">11934.4746666667</dst>
            <dst id="WASHng">21399.6293333333</dst>
        </src>
        <src id="KSCYng">
            <dst id="ATLA-M5">919.701333333333</dst>
            <dst id="ATLAng">2947.688</dst>
            <dst id="CHINng">12033.4026666667</dst>
            <dst id="DNVRng">10363.1813333333</dst>
            <dst id="HSTNng">9512.25066666667</dst>
            <dst id="IPLSng">12671.56</dst>
            <dst id="KSCYng">12257.5546666667</dst>
            <dst id="LOSAng">7301.768</dst>
            <dst id="NYCMng">5206.464</dst>
            <dst id="SNVAng">2760.43733333333</dst>
            <dst id="STTLng">3380.44533333333</dst>
            <dst id="WASHng">6732.08</dst>
        </src>
        <src id="LOSAng">
            <dst id="ATLA-M5">78.6373333333333</dst>
            <dst id="ATLAng">23765.7946666667</dst>
            <dst id="CHINng">49707.9573333333</dst>
            <dst id="DNVRng">31921.9066666667</dst>
            <dst id="HSTNng">11970.408</dst>
            <dst id="IPLSng">16470.24</dst>
            <dst id="KSCYng">5849.19466666667</dst>
            <dst id="LOSAng">18752.4453333333</dst>
            <dst id="NYCMng">35725.8373333333</dst>
            <dst id="SNVAng">16396.3546666667</dst>
            <dst id="STTLng">24091.4506666667</dst>
            <dst id="WASHng">17544.0853333333</dst>
        </src>
        <src id="NYCMng">
            <dst id="ATLA-M5">1773.256</dst>
            <dst id="ATLAng">22476.8266666667</dst>
            <dst id="CHINng">11162.248</dst>
            <dst id="DNVRng">25467.624</dst>
            <dst id="HSTNng">10406.9706666667</dst>
            <dst id="IPLSng">13915.6773333333</dst>
            <dst id="KSCYng">12443.288</dst>
            <dst id="LOSAng">81028.2906666667</dst>
            <dst id="NYCMng">76505.984</dst>
            <dst id="SNVAng">1773.23466666667</dst>
            <dst id="STTLng">16062.5413333333</dst>
            <dst id="WASHng">33804.5653333333</dst>
        </src>
        <src id="SNVAng">
            <dst id="ATLA-M5">0</dst>
            <dst id="ATLAng">491.456</dst>
            <dst id="CHINng">80</dst>
            <dst id="DNVRng">11993.8293333333</dst>
            <dst id="HSTNng">26.816</dst>
            <dst id="IPLSng">269.744</dst>
            <dst id="KSCYng">53.3333333333333</dst>
            <dst id="LOSAng">35044.9653333333</dst>
            <dst id="NYCMng">284.949333333333</dst>
            <dst id="SNVAng">5608.84533333333</dst>
            <dst id="STTLng">30002.744</dst>
            <dst id="WASHng">148.669333333333</dst>
        </src>
        <src id="STTLng">
            <dst id="ATLA-M5">28</dst>
            <dst id="ATLAng">8967.22133333333</dst>
            <dst id="CHINng">9256.57866666667</dst>
            <dst id="DNVRng">3595.95466666667</dst>
            <dst id="HSTNng">2268.46133333333</dst>
            <dst id="IPLSng">9123.11733333333</dst>
            <dst id="KSCYng">868.026666666667</dst>
            <dst id="LOSAng">21768.1786666667</dst>
            <dst id="NYCMng">7283.39733333333</dst>
            <dst id="SNVAng">3175.48533333333</dst>
            <dst id="STTLng">4934.92533333333</dst>
            <dst id="WASHng">6886.87733333333</dst>
        </src>
        <src id="WASHng">
            <dst id="ATLA-M5">473.877333333333</dst>
            <dst id="ATLAng">112626.290666667</dst>
            <dst id="CHINng">40788.9093333333</dst>
            <dst id="DNVRng">76183.6293333334</dst>
            <dst id="HSTNng">8993.088</dst>
            <dst id="IPLSng">52214.056</dst>
            <dst id="KSCYng">14345.496</dst>
            <dst id="LOSAng">64825.4133333333</dst>
            <dst id="NYCMng">140856.154666667</dst>
            <dst id="SNVAng">5010.064</dst>
            <dst id="STTLng">45041.4293333333</dst>
            <dst id="WASHng">208218.789333333</dst>
        </src>
    </IntraTM>
</TrafficMatrixFile>
