<?xml version="1.0" encoding="ISO-8859-1" standalone="yes"?>
<TrafficMatrixFile xsi:noNamespaceSchemaLocation="http://totem.run.montefiore.ulg.ac.be/Schema/TrafficMatrix-v1_2.xsd" xmlns:xsi="http://www.w3.org/2001/XMLSchema-instance">
    <IntraTM ASID="11537">
        <src id="ATLA-M5">
            <dst id="ATLA-M5">391.656</dst>
            <dst id="ATLAng">1792.61066666667</dst>
            <dst id="CHINng">236.834666666667</dst>
            <dst id="DNVRng">0</dst>
            <dst id="HSTNng">471.394666666667</dst>
            <dst id="IPLSng">175.818666666667</dst>
            <dst id="KSCYng">32.2986666666667</dst>
            <dst id="LOSAng">102.709333333333</dst>
            <dst id="NYCMng">26.6666666666667</dst>
            <dst id="SNVAng">0</dst>
            <dst id="STTLng">0</dst>
            <dst id="WASHng">1257.752</dst>
        </src>
        <src id="ATLAng">
            <dst id="ATLA-M5">3556.736</dst>
            <dst id="ATLAng">16348.0186666667</dst>
            <dst id="CHINng">15528.7573333333</dst>
            <dst id="DNVRng">7696.53066666667</dst>
            <dst id="HSTNng">4599.512</dst>
            <dst id="IPLSng">42345.7306666667</dst>
            <dst id="KSCYng">1893.70133333333</dst>
            <dst id="LOSAng">10522.76</dst>
            <dst id="NYCMng">10522.472</dst>
            <dst id="SNVAng">768.658666666667</dst>
            <dst id="STTLng">9763.632</dst>
            <dst id="WASHng">61091.5013333333</dst>
        </src>
        <src id="CHINng">
            <dst id="ATLA-M5">459.469333333333</dst>
            <dst id="ATLAng">24719.976</dst>
            <dst id="CHINng">77126.7546666667</dst>
            <dst id="DNVRng">5333.672</dst>
            <dst id="HSTNng">6902.032</dst>
            <dst id="IPLSng">30371.5173333333</dst>
            <dst id="KSCYng">15599.6026666667</dst>
            <dst id="LOSAng">37266.3946666667</dst>
            <dst id="NYCMng">10212.0693333333</dst>
            <dst id="SNVAng">5025.41066666667</dst>
            <dst id="STTLng">9882.50666666666</dst>
            <dst id="WASHng">24373.2346666667</dst>
        </src>
        <src id="DNVRng">
            <dst id="ATLA-M5">198.389333333333</dst>
            <dst id="ATLAng">7330.67466666667</dst>
            <dst id="CHINng">63361.56</dst>
            <dst id="DNVRng">16445.9946666667</dst>
            <dst id="HSTNng">31993.5706666667</dst>
            <dst id="IPLSng">45869.84</dst>
            <dst id="KSCYng">36259.9466666667</dst>
            <dst id="LOSAng">13357.5493333333</dst>
            <dst id="NYCMng">11430.7893333333</dst>
            <dst id="SNVAng">15555.4186666667</dst>
            <dst id="STTLng">16075.256</dst>
            <dst id="WASHng">46827.768</dst>
        </src>
        <src id="HSTNng">
            <dst id="ATLA-M5">3739.776</dst>
            <dst id="ATLAng">6206.38933333333</dst>
            <dst id="CHINng">10963.96</dst>
            <dst id="DNVRng">2625.832</dst>
            <dst id="HSTNng">17865.584</dst>
            <dst id="IPLSng">5015.96533333333</dst>
            <dst id="KSCYng">1674.04266666667</dst>
            <dst id="LOSAng">9896.12533333333</dst>
            <dst id="NYCMng">4942.48266666667</dst>
            <dst id="SNVAng">365.474666666667</dst>
            <dst id="STTLng">7552.06133333333</dst>
            <dst id="WASHng">5371.84</dst>
        </src>
        <src id="IPLSng">
            <dst id="ATLA-M5">882.568</dst>
            <dst id="ATLAng">20943.4373333333</dst>
            <dst id="CHINng">88776.6826666667</dst>
            <dst id="DNVRng">8526.47733333333</dst>
            <dst id="HSTNng">4474.21866666667</dst>
            <dst id="IPLSng">15645.0106666667</dst>
            <dst id="KSCYng">10108.84</dst>
            <dst id="LOSAng">43268.3333333333</dst>
            <dst id="NYCMng">23163.7333333333</dst>
            <dst id="SNVAng">3484.41066666667</dst>
            <dst id="STTLng">9946.75733333333</dst>
            <dst id="WASHng">24103.8346666667</dst>
        </src>
        <src id="KSCYng">
            <dst id="ATLA-M5">0</dst>
            <dst id="ATLAng">4830.61066666667</dst>
            <dst id="CHINng">22980.328</dst>
            <dst id="DNVRng">16374.0506666667</dst>
            <dst id="HSTNng">9648.62133333333</dst>
            <dst id="IPLSng">22417.864</dst>
            <dst id="KSCYng">10362.9253333333</dst>
            <dst id="LOSAng">6529.95733333333</dst>
            <dst id="NYCMng">3231.33866666667</dst>
            <dst id="SNVAng">2635.112</dst>
            <dst id="STTLng">3848.35466666667</dst>
            <dst id="WASHng">15850.2133333333</dst>
        </src>
        <src id="LOSAng">
            <dst id="ATLA-M5">1375.60533333333</dst>
            <dst id="ATLAng">15078.208</dst>
            <dst id="CHINng">131012.562666667</dst>
            <dst id="DNVRng">28927.5173333333</dst>
            <dst id="HSTNng">15448.1306666667</dst>
            <dst id="IPLSng">27804.816</dst>
            <dst id="KSCYng">11367.8026666667</dst>
            <dst id="LOSAng">13894.392</dst>
            <dst id="NYCMng">42742.12</dst>
            <dst id="SNVAng">12131.9946666667</dst>
            <dst id="STTLng">30610.7786666667</dst>
            <dst id="WASHng">32982.5866666667</dst>
        </src>
        <src id="NYCMng">
            <dst id="ATLA-M5">356.042666666667</dst>
            <dst id="ATLAng">40720.7306666667</dst>
            <dst id="CHINng">46279.2506666667</dst>
            <dst id="DNVRng">31575.5173333333</dst>
            <dst id="HSTNng">17069.7386666667</dst>
            <dst id="IPLSng">40560.5813333333</dst>
            <dst id="KSCYng">18139.7413333333</dst>
            <dst id="LOSAng">84694.2746666667</dst>
            <dst id="NYCMng">109597.176</dst>
            <dst id="SNVAng">5193.27466666667</dst>
            <dst id="STTLng">19836.288</dst>
            <dst id="WASHng">127830.621333333</dst>
        </src>
        <src id="SNVAng">
            <dst id="ATLA-M5">0</dst>
            <dst id="ATLAng">28.9066666666667</dst>
            <dst id="CHINng">80</dst>
            <dst id="DNVRng">3071.712</dst>
            <dst id="HSTNng">56</dst>
            <dst id="IPLSng">665.28</dst>
            <dst id="KSCYng">91.6933333333333</dst>
            <dst id="LOSAng">32276.4053333333</dst>
            <dst id="NYCMng">3883.66933333333</dst>
            <dst id="SNVAng">8180.016</dst>
            <dst id="STTLng">33118.5893333333</dst>
            <dst id="WASHng">142.773333333333</dst>
        </src>
        <src id="STTLng">
            <dst id="ATLA-M5">157.6</dst>
            <dst id="ATLAng">11143.4906666667</dst>
            <dst id="CHINng">24971.096</dst>
            <dst id="DNVRng">5577.2</dst>
            <dst id="HSTNng">4838.78133333333</dst>
            <dst id="IPLSng">11870.9733333333</dst>
            <dst id="KSCYng">6315.84</dst>
            <dst id="LOSAng">18045.5146666667</dst>
            <dst id="NYCMng">14597.9626666667</dst>
            <dst id="SNVAng">7670.96</dst>
            <dst id="STTLng">7700.328</dst>
            <dst id="WASHng">19813.56</dst>
        </src>
        <src id="WASHng">
            <dst id="ATLA-M5">535.128</dst>
            <dst id="ATLAng">140344.269333333</dst>
            <dst id="CHINng">63540.064</dst>
            <dst id="DNVRng">82976.9173333333</dst>
            <dst id="HSTNng">28297.5386666667</dst>
            <dst id="IPLSng">83447.4613333333</dst>
            <dst id="KSCYng">24730.2</dst>
            <dst id="LOSAng">73392.2986666667</dst>
            <dst id="NYCMng">177641.24</dst>
            <dst id="SNVAng">2691.22133333333</dst>
            <dst id="STTLng">33650.4</dst>
            <dst id="WASHng">320768.24</dst>
        </src>
    </IntraTM>
</TrafficMatrixFile>
