<?xml version="1.0" encoding="ISO-8859-1" standalone="yes"?>
<TrafficMatrixFile xsi:noNamespaceSchemaLocation="http://totem.run.montefiore.ulg.ac.be/Schema/TrafficMatrix-v1_2.xsd" xmlns:xsi="http://www.w3.org/2001/XMLSchema-instance">
    <IntraTM ASID="11537">
        <src id="ATLA-M5">
            <dst id="ATLA-M5">26.6666666666667</dst>
            <dst id="ATLAng">2065.86666666667</dst>
            <dst id="CHINng">409.28</dst>
            <dst id="DNVRng">26.6666666666667</dst>
            <dst id="HSTNng">93.9493333333333</dst>
            <dst id="IPLSng">108.2</dst>
            <dst id="KSCYng">477.133333333333</dst>
            <dst id="LOSAng">263.68</dst>
            <dst id="NYCMng">53.3333333333333</dst>
            <dst id="SNVAng">0</dst>
            <dst id="STTLng">60.8026666666667</dst>
            <dst id="WASHng">190.666666666667</dst>
        </src>
        <src id="ATLAng">
            <dst id="ATLA-M5">113.357333333333</dst>
            <dst id="ATLAng">26992.52</dst>
            <dst id="CHINng">5955.208</dst>
            <dst id="DNVRng">3516.43466666667</dst>
            <dst id="HSTNng">3826.26933333333</dst>
            <dst id="IPLSng">19030.8506666667</dst>
            <dst id="KSCYng">545.296</dst>
            <dst id="LOSAng">13267.9466666667</dst>
            <dst id="NYCMng">4172.48533333333</dst>
            <dst id="SNVAng">250.165333333333</dst>
            <dst id="STTLng">6402.59466666667</dst>
            <dst id="WASHng">25040.7066666667</dst>
        </src>
        <src id="CHINng">
            <dst id="ATLA-M5">872.477333333333</dst>
            <dst id="ATLAng">14936.416</dst>
            <dst id="CHINng">52510.1546666667</dst>
            <dst id="DNVRng">10497.352</dst>
            <dst id="HSTNng">11187.4346666667</dst>
            <dst id="IPLSng">26464.4586666667</dst>
            <dst id="KSCYng">13439.936</dst>
            <dst id="LOSAng">51356.456</dst>
            <dst id="NYCMng">13159.536</dst>
            <dst id="SNVAng">3185.33066666667</dst>
            <dst id="STTLng">4144.37333333333</dst>
            <dst id="WASHng">26387.6586666667</dst>
        </src>
        <src id="DNVRng">
            <dst id="ATLA-M5">94.7626666666667</dst>
            <dst id="ATLAng">9124.31733333333</dst>
            <dst id="CHINng">46338.3573333333</dst>
            <dst id="DNVRng">17914.1173333333</dst>
            <dst id="HSTNng">18553.0906666667</dst>
            <dst id="IPLSng">32011.0933333333</dst>
            <dst id="KSCYng">30318.5973333333</dst>
            <dst id="LOSAng">26539.7866666667</dst>
            <dst id="NYCMng">20342.2853333333</dst>
            <dst id="SNVAng">8284.696</dst>
            <dst id="STTLng">13418.6666666667</dst>
            <dst id="WASHng">38982.9173333333</dst>
        </src>
        <src id="HSTNng">
            <dst id="ATLA-M5">3475.21866666667</dst>
            <dst id="ATLAng">2764.32533333333</dst>
            <dst id="CHINng">7566.87466666667</dst>
            <dst id="DNVRng">1044.65333333333</dst>
            <dst id="HSTNng">22015.272</dst>
            <dst id="IPLSng">7472.33066666666</dst>
            <dst id="KSCYng">4654.42933333333</dst>
            <dst id="LOSAng">11575.5546666667</dst>
            <dst id="NYCMng">4500.904</dst>
            <dst id="SNVAng">0</dst>
            <dst id="STTLng">1528.896</dst>
            <dst id="WASHng">4109.21066666667</dst>
        </src>
        <src id="IPLSng">
            <dst id="ATLA-M5">53.3333333333333</dst>
            <dst id="ATLAng">24846.008</dst>
            <dst id="CHINng">55638.808</dst>
            <dst id="DNVRng">11936.6693333333</dst>
            <dst id="HSTNng">4583.22933333333</dst>
            <dst id="IPLSng">37491.176</dst>
            <dst id="KSCYng">9415.824</dst>
            <dst id="LOSAng">31378.6053333333</dst>
            <dst id="NYCMng">30016.9333333333</dst>
            <dst id="SNVAng">6176.88</dst>
            <dst id="STTLng">13081.7333333333</dst>
            <dst id="WASHng">9078.68533333333</dst>
        </src>
        <src id="KSCYng">
            <dst id="ATLA-M5">1125.43733333333</dst>
            <dst id="ATLAng">2366.27733333333</dst>
            <dst id="CHINng">9912.54666666667</dst>
            <dst id="DNVRng">9970.216</dst>
            <dst id="HSTNng">6529.952</dst>
            <dst id="IPLSng">15003.5493333333</dst>
            <dst id="KSCYng">13817.0613333333</dst>
            <dst id="LOSAng">12554.0506666667</dst>
            <dst id="NYCMng">3493.84266666667</dst>
            <dst id="SNVAng">2904.12533333333</dst>
            <dst id="STTLng">4263.55733333333</dst>
            <dst id="WASHng">14603.9013333333</dst>
        </src>
        <src id="LOSAng">
            <dst id="ATLA-M5">302.736</dst>
            <dst id="ATLAng">19796.5573333333</dst>
            <dst id="CHINng">143793.634666667</dst>
            <dst id="DNVRng">22308.8453333333</dst>
            <dst id="HSTNng">11685.0533333333</dst>
            <dst id="IPLSng">21578.6453333333</dst>
            <dst id="KSCYng">8532.216</dst>
            <dst id="LOSAng">22853.632</dst>
            <dst id="NYCMng">34572.3706666667</dst>
            <dst id="SNVAng">11783.5333333333</dst>
            <dst id="STTLng">31092.7146666667</dst>
            <dst id="WASHng">31875.6693333333</dst>
        </src>
        <src id="NYCMng">
            <dst id="ATLA-M5">1273.44533333333</dst>
            <dst id="ATLAng">17353.2453333333</dst>
            <dst id="CHINng">10756.5306666667</dst>
            <dst id="DNVRng">26203.0106666667</dst>
            <dst id="HSTNng">8387.25066666667</dst>
            <dst id="IPLSng">16570.384</dst>
            <dst id="KSCYng">15629.968</dst>
            <dst id="LOSAng">72370.784</dst>
            <dst id="NYCMng">73475.64</dst>
            <dst id="SNVAng">4002.02666666667</dst>
            <dst id="STTLng">23685.4426666667</dst>
            <dst id="WASHng">42636.0773333333</dst>
        </src>
        <src id="SNVAng">
            <dst id="ATLA-M5">0</dst>
            <dst id="ATLAng">447.712</dst>
            <dst id="CHINng">0</dst>
            <dst id="DNVRng">9078.86666666667</dst>
            <dst id="HSTNng">2394.83733333333</dst>
            <dst id="IPLSng">462.034666666667</dst>
            <dst id="KSCYng">0</dst>
            <dst id="LOSAng">47107.928</dst>
            <dst id="NYCMng">290.762666666667</dst>
            <dst id="SNVAng">12391.4133333333</dst>
            <dst id="STTLng">38394.9093333333</dst>
            <dst id="WASHng">364.138666666667</dst>
        </src>
        <src id="STTLng">
            <dst id="ATLA-M5">191.229333333333</dst>
            <dst id="ATLAng">13501.8586666667</dst>
            <dst id="CHINng">13330.7973333333</dst>
            <dst id="DNVRng">4033.75733333333</dst>
            <dst id="HSTNng">3466.74666666667</dst>
            <dst id="IPLSng">4567.30133333333</dst>
            <dst id="KSCYng">3623.86933333333</dst>
            <dst id="LOSAng">153707.405333333</dst>
            <dst id="NYCMng">13979.0213333333</dst>
            <dst id="SNVAng">5219.31733333333</dst>
            <dst id="STTLng">27236.9493333333</dst>
            <dst id="WASHng">11367.3253333333</dst>
        </src>
        <src id="WASHng">
            <dst id="ATLA-M5">262.002666666667</dst>
            <dst id="ATLAng">82392.7173333333</dst>
            <dst id="CHINng">68919.6346666667</dst>
            <dst id="DNVRng">79723.6853333333</dst>
            <dst id="HSTNng">32498.9173333333</dst>
            <dst id="IPLSng">61957.808</dst>
            <dst id="KSCYng">12237.216</dst>
            <dst id="LOSAng">62996.728</dst>
            <dst id="NYCMng">170604.013333333</dst>
            <dst id="SNVAng">2968.8</dst>
            <dst id="STTLng">55275.9306666667</dst>
            <dst id="WASHng">209655.792</dst>
        </src>
    </IntraTM>
</TrafficMatrixFile>
