<?xml version="1.0" encoding="ISO-8859-1" standalone="yes"?>
<TrafficMatrixFile xsi:noNamespaceSchemaLocation="http://totem.run.montefiore.ulg.ac.be/Schema/TrafficMatrix-v1_2.xsd" xmlns:xsi="http://www.w3.org/2001/XMLSchema-instance">
    <IntraTM ASID="11537">
        <src id="ATLA-M5">
            <dst id="ATLA-M5">0</dst>
            <dst id="ATLAng">73.664</dst>
            <dst id="CHINng">85.4133333333333</dst>
            <dst id="DNVRng">53.3333333333333</dst>
            <dst id="HSTNng">53.3333333333333</dst>
            <dst id="IPLSng">0</dst>
            <dst id="KSCYng">0</dst>
            <dst id="LOSAng">64.5466666666667</dst>
            <dst id="NYCMng">0</dst>
            <dst id="SNVAng">0</dst>
            <dst id="STTLng">0</dst>
            <dst id="WASHng">626.178666666667</dst>
        </src>
        <src id="ATLAng">
            <dst id="ATLA-M5">2252.656</dst>
            <dst id="ATLAng">4193.92266666667</dst>
            <dst id="CHINng">3428.25066666667</dst>
            <dst id="DNVRng">3215.688</dst>
            <dst id="HSTNng">1071.008</dst>
            <dst id="IPLSng">24379.1626666667</dst>
            <dst id="KSCYng">1764.89066666667</dst>
            <dst id="LOSAng">7422.98133333333</dst>
            <dst id="NYCMng">4745.48533333333</dst>
            <dst id="SNVAng">41.728</dst>
            <dst id="STTLng">12305.352</dst>
            <dst id="WASHng">45422.7173333333</dst>
        </src>
        <src id="CHINng">
            <dst id="ATLA-M5">464.685333333333</dst>
            <dst id="ATLAng">12447.4213333333</dst>
            <dst id="CHINng">49765.576</dst>
            <dst id="DNVRng">14458.8826666667</dst>
            <dst id="HSTNng">4794.728</dst>
            <dst id="IPLSng">104894.712</dst>
            <dst id="KSCYng">4947.8</dst>
            <dst id="LOSAng">34894.2506666667</dst>
            <dst id="NYCMng">6872.32</dst>
            <dst id="SNVAng">2320.064</dst>
            <dst id="STTLng">4910.976</dst>
            <dst id="WASHng">15066.7706666667</dst>
        </src>
        <src id="DNVRng">
            <dst id="ATLA-M5">133.397333333333</dst>
            <dst id="ATLAng">1164.976</dst>
            <dst id="CHINng">57801.1626666667</dst>
            <dst id="DNVRng">3488.28</dst>
            <dst id="HSTNng">11640.12</dst>
            <dst id="IPLSng">32378.56</dst>
            <dst id="KSCYng">12047.736</dst>
            <dst id="LOSAng">25707.4266666667</dst>
            <dst id="NYCMng">13010.2746666667</dst>
            <dst id="SNVAng">8423.05333333334</dst>
            <dst id="STTLng">11856.7733333333</dst>
            <dst id="WASHng">45948.68</dst>
        </src>
        <src id="HSTNng">
            <dst id="ATLA-M5">202.517333333333</dst>
            <dst id="ATLAng">1244.096</dst>
            <dst id="CHINng">23490.904</dst>
            <dst id="DNVRng">784.778666666667</dst>
            <dst id="HSTNng">19588.2346666667</dst>
            <dst id="IPLSng">1698.392</dst>
            <dst id="KSCYng">408.768</dst>
            <dst id="LOSAng">2601.32</dst>
            <dst id="NYCMng">5950.58933333333</dst>
            <dst id="SNVAng">0</dst>
            <dst id="STTLng">3027.90666666667</dst>
            <dst id="WASHng">1194.94933333333</dst>
        </src>
        <src id="IPLSng">
            <dst id="ATLA-M5">120</dst>
            <dst id="ATLAng">11381.352</dst>
            <dst id="CHINng">66267.816</dst>
            <dst id="DNVRng">8315.61866666667</dst>
            <dst id="HSTNng">2239.04266666667</dst>
            <dst id="IPLSng">4117.46933333333</dst>
            <dst id="KSCYng">2016.77066666667</dst>
            <dst id="LOSAng">9825.78666666667</dst>
            <dst id="NYCMng">26008.088</dst>
            <dst id="SNVAng">343.250666666667</dst>
            <dst id="STTLng">10627.8426666667</dst>
            <dst id="WASHng">9591.58933333333</dst>
        </src>
        <src id="KSCYng">
            <dst id="ATLA-M5">0</dst>
            <dst id="ATLAng">1869.05866666667</dst>
            <dst id="CHINng">17499.8106666667</dst>
            <dst id="DNVRng">11663.9013333333</dst>
            <dst id="HSTNng">3325.20533333333</dst>
            <dst id="IPLSng">12487.504</dst>
            <dst id="KSCYng">6602.504</dst>
            <dst id="LOSAng">5237.81333333333</dst>
            <dst id="NYCMng">2388.46133333333</dst>
            <dst id="SNVAng">2096.592</dst>
            <dst id="STTLng">9001.82133333333</dst>
            <dst id="WASHng">5027.33066666667</dst>
        </src>
        <src id="LOSAng">
            <dst id="ATLA-M5">418.216</dst>
            <dst id="ATLAng">7124.12</dst>
            <dst id="CHINng">116741.36</dst>
            <dst id="DNVRng">24183.8266666667</dst>
            <dst id="HSTNng">10300.7973333333</dst>
            <dst id="IPLSng">11887.1306666667</dst>
            <dst id="KSCYng">3002.48266666667</dst>
            <dst id="LOSAng">14273.968</dst>
            <dst id="NYCMng">39536.008</dst>
            <dst id="SNVAng">21656.5706666667</dst>
            <dst id="STTLng">29482.3813333333</dst>
            <dst id="WASHng">19231.32</dst>
        </src>
        <src id="NYCMng">
            <dst id="ATLA-M5">53.3333333333333</dst>
            <dst id="ATLAng">19078</dst>
            <dst id="CHINng">9692.35733333333</dst>
            <dst id="DNVRng">28847.4053333333</dst>
            <dst id="HSTNng">2953.39733333333</dst>
            <dst id="IPLSng">23243.872</dst>
            <dst id="KSCYng">4080.904</dst>
            <dst id="LOSAng">79318.544</dst>
            <dst id="NYCMng">103815.797333333</dst>
            <dst id="SNVAng">1554.03733333333</dst>
            <dst id="STTLng">20104.9573333333</dst>
            <dst id="WASHng">52196.56</dst>
        </src>
        <src id="SNVAng">
            <dst id="ATLA-M5">0</dst>
            <dst id="ATLAng">252</dst>
            <dst id="CHINng">26.6666666666667</dst>
            <dst id="DNVRng">970.176</dst>
            <dst id="HSTNng">56</dst>
            <dst id="IPLSng">238.997333333333</dst>
            <dst id="KSCYng">53.3333333333333</dst>
            <dst id="LOSAng">28686.432</dst>
            <dst id="NYCMng">234.581333333333</dst>
            <dst id="SNVAng">4089.05333333333</dst>
            <dst id="STTLng">18849.2826666667</dst>
            <dst id="WASHng">26.6666666666667</dst>
        </src>
        <src id="STTLng">
            <dst id="ATLA-M5">0</dst>
            <dst id="ATLAng">7713.45066666667</dst>
            <dst id="CHINng">22628.312</dst>
            <dst id="DNVRng">4234.18133333333</dst>
            <dst id="HSTNng">1394.56533333333</dst>
            <dst id="IPLSng">4491.43466666667</dst>
            <dst id="KSCYng">909.994666666667</dst>
            <dst id="LOSAng">13510.24</dst>
            <dst id="NYCMng">11522.1973333333</dst>
            <dst id="SNVAng">2093.87466666667</dst>
            <dst id="STTLng">1618.43466666667</dst>
            <dst id="WASHng">19860.6186666667</dst>
        </src>
        <src id="WASHng">
            <dst id="ATLA-M5">161.301333333333</dst>
            <dst id="ATLAng">75396.144</dst>
            <dst id="CHINng">30445.552</dst>
            <dst id="DNVRng">41994.0373333333</dst>
            <dst id="HSTNng">30046.5493333333</dst>
            <dst id="IPLSng">56410.032</dst>
            <dst id="KSCYng">2999.54933333333</dst>
            <dst id="LOSAng">85298.896</dst>
            <dst id="NYCMng">133838.952</dst>
            <dst id="SNVAng">4480.53866666667</dst>
            <dst id="STTLng">30024.9066666667</dst>
            <dst id="WASHng">330281.946666667</dst>
        </src>
    </IntraTM>
</TrafficMatrixFile>
