<?xml version="1.0" encoding="ISO-8859-1" standalone="yes"?>
<TrafficMatrixFile xsi:noNamespaceSchemaLocation="http://totem.run.montefiore.ulg.ac.be/Schema/TrafficMatrix-v1_2.xsd" xmlns:xsi="http://www.w3.org/2001/XMLSchema-instance">
    <IntraTM ASID="11537">
        <src id="ATLA-M5">
            <dst id="ATLA-M5">26.6666666666667</dst>
            <dst id="ATLAng">26.6666666666667</dst>
            <dst id="CHINng">0</dst>
            <dst id="DNVRng">0</dst>
            <dst id="HSTNng">80.6266666666667</dst>
            <dst id="IPLSng">4149.09333333333</dst>
            <dst id="KSCYng">27.4666666666667</dst>
            <dst id="LOSAng">132.778666666667</dst>
            <dst id="NYCMng">605.058666666667</dst>
            <dst id="SNVAng">26.6666666666667</dst>
            <dst id="STTLng">26.6666666666667</dst>
            <dst id="WASHng">1257.208</dst>
        </src>
        <src id="ATLAng">
            <dst id="ATLA-M5">241.736</dst>
            <dst id="ATLAng">49897.96</dst>
            <dst id="CHINng">15902.6746666667</dst>
            <dst id="DNVRng">3827.22933333333</dst>
            <dst id="HSTNng">886.808</dst>
            <dst id="IPLSng">14401.5093333333</dst>
            <dst id="KSCYng">2546.52</dst>
            <dst id="LOSAng">11979.7106666667</dst>
            <dst id="NYCMng">9873.25866666667</dst>
            <dst id="SNVAng">1281.25466666667</dst>
            <dst id="STTLng">6319.01333333334</dst>
            <dst id="WASHng">54689.632</dst>
        </src>
        <src id="CHINng">
            <dst id="ATLA-M5">156.888</dst>
            <dst id="ATLAng">5980.89866666667</dst>
            <dst id="CHINng">89623.7653333333</dst>
            <dst id="DNVRng">13672.184</dst>
            <dst id="HSTNng">4307.312</dst>
            <dst id="IPLSng">41420.6453333333</dst>
            <dst id="KSCYng">4252.18133333333</dst>
            <dst id="LOSAng">33733.552</dst>
            <dst id="NYCMng">8905.376</dst>
            <dst id="SNVAng">1102.28533333333</dst>
            <dst id="STTLng">4955.472</dst>
            <dst id="WASHng">23362.8613333333</dst>
        </src>
        <src id="DNVRng">
            <dst id="ATLA-M5">280.917333333333</dst>
            <dst id="ATLAng">11307.9173333333</dst>
            <dst id="CHINng">78642.7813333333</dst>
            <dst id="DNVRng">6524.4</dst>
            <dst id="HSTNng">13441.0693333333</dst>
            <dst id="IPLSng">27560.744</dst>
            <dst id="KSCYng">14241.0746666667</dst>
            <dst id="LOSAng">6952.55733333333</dst>
            <dst id="NYCMng">20120.9733333333</dst>
            <dst id="SNVAng">4216.30133333333</dst>
            <dst id="STTLng">4191.26133333333</dst>
            <dst id="WASHng">44583.832</dst>
        </src>
        <src id="HSTNng">
            <dst id="ATLA-M5">2797.81866666667</dst>
            <dst id="ATLAng">4281.8</dst>
            <dst id="CHINng">13229.464</dst>
            <dst id="DNVRng">1061.272</dst>
            <dst id="HSTNng">11637.896</dst>
            <dst id="IPLSng">4248.26666666667</dst>
            <dst id="KSCYng">913.949333333333</dst>
            <dst id="LOSAng">7613.624</dst>
            <dst id="NYCMng">3198.62933333333</dst>
            <dst id="SNVAng">53.3333333333333</dst>
            <dst id="STTLng">201.378666666667</dst>
            <dst id="WASHng">5317.51733333333</dst>
        </src>
        <src id="IPLSng">
            <dst id="ATLA-M5">126.805333333333</dst>
            <dst id="ATLAng">26005.608</dst>
            <dst id="CHINng">82782.664</dst>
            <dst id="DNVRng">12077.7386666667</dst>
            <dst id="HSTNng">2842.99733333333</dst>
            <dst id="IPLSng">23100.1946666667</dst>
            <dst id="KSCYng">8945.38666666667</dst>
            <dst id="LOSAng">20818.576</dst>
            <dst id="NYCMng">31351.496</dst>
            <dst id="SNVAng">683.605333333333</dst>
            <dst id="STTLng">9311.00266666667</dst>
            <dst id="WASHng">17747.3573333333</dst>
        </src>
        <src id="KSCYng">
            <dst id="ATLA-M5">0</dst>
            <dst id="ATLAng">9877.76533333333</dst>
            <dst id="CHINng">17715.808</dst>
            <dst id="DNVRng">7407.34666666667</dst>
            <dst id="HSTNng">3378.82666666667</dst>
            <dst id="IPLSng">11013.84</dst>
            <dst id="KSCYng">3430.832</dst>
            <dst id="LOSAng">3927.68266666667</dst>
            <dst id="NYCMng">2169.54933333333</dst>
            <dst id="SNVAng">1932.71466666667</dst>
            <dst id="STTLng">2449.09333333333</dst>
            <dst id="WASHng">17105.4746666667</dst>
        </src>
        <src id="LOSAng">
            <dst id="ATLA-M5">70.1946666666667</dst>
            <dst id="ATLAng">10050.6266666667</dst>
            <dst id="CHINng">134384.464</dst>
            <dst id="DNVRng">20947.1493333333</dst>
            <dst id="HSTNng">3873.53333333333</dst>
            <dst id="IPLSng">22317.2373333333</dst>
            <dst id="KSCYng">2316.53866666667</dst>
            <dst id="LOSAng">13194.4026666667</dst>
            <dst id="NYCMng">46391.7626666667</dst>
            <dst id="SNVAng">10148.208</dst>
            <dst id="STTLng">19501.568</dst>
            <dst id="WASHng">33059.6986666667</dst>
        </src>
        <src id="NYCMng">
            <dst id="ATLA-M5">553.818666666667</dst>
            <dst id="ATLAng">31495.9626666667</dst>
            <dst id="CHINng">14343.2213333333</dst>
            <dst id="DNVRng">26015.9493333333</dst>
            <dst id="HSTNng">5826.936</dst>
            <dst id="IPLSng">24223.8853333333</dst>
            <dst id="KSCYng">6977.26133333333</dst>
            <dst id="LOSAng">78244.4026666667</dst>
            <dst id="NYCMng">105257.317333333</dst>
            <dst id="SNVAng">951.925333333333</dst>
            <dst id="STTLng">21488.288</dst>
            <dst id="WASHng">43146.1146666667</dst>
        </src>
        <src id="SNVAng">
            <dst id="ATLA-M5">0</dst>
            <dst id="ATLAng">27.8613333333333</dst>
            <dst id="CHINng">53.344</dst>
            <dst id="DNVRng">12176.9786666667</dst>
            <dst id="HSTNng">68.8213333333333</dst>
            <dst id="IPLSng">224.090666666667</dst>
            <dst id="KSCYng">0</dst>
            <dst id="LOSAng">30371.2506666667</dst>
            <dst id="NYCMng">359.397333333333</dst>
            <dst id="SNVAng">3867.87466666667</dst>
            <dst id="STTLng">29148.5626666667</dst>
            <dst id="WASHng">175.456</dst>
        </src>
        <src id="STTLng">
            <dst id="ATLA-M5">0</dst>
            <dst id="ATLAng">7433.15733333334</dst>
            <dst id="CHINng">29459.5893333333</dst>
            <dst id="DNVRng">2023.74933333333</dst>
            <dst id="HSTNng">960.181333333333</dst>
            <dst id="IPLSng">8906.952</dst>
            <dst id="KSCYng">2996.09066666667</dst>
            <dst id="LOSAng">12496.9386666667</dst>
            <dst id="NYCMng">11856.0213333333</dst>
            <dst id="SNVAng">1795.216</dst>
            <dst id="STTLng">2542.976</dst>
            <dst id="WASHng">11232.3866666667</dst>
        </src>
        <src id="WASHng">
            <dst id="ATLA-M5">1397.424</dst>
            <dst id="ATLAng">100527.733333333</dst>
            <dst id="CHINng">64847.9546666667</dst>
            <dst id="DNVRng">50423.32</dst>
            <dst id="HSTNng">19113.1146666667</dst>
            <dst id="IPLSng">44241.9093333333</dst>
            <dst id="KSCYng">26381.9253333333</dst>
            <dst id="LOSAng">54125.4026666667</dst>
            <dst id="NYCMng">165117.821333333</dst>
            <dst id="SNVAng">5513.53333333333</dst>
            <dst id="STTLng">36813.1386666667</dst>
            <dst id="WASHng">317046.4</dst>
        </src>
    </IntraTM>
</TrafficMatrixFile>
