<?xml version="1.0" encoding="ISO-8859-1" standalone="yes"?>
<TrafficMatrixFile xsi:noNamespaceSchemaLocation="http://totem.run.montefiore.ulg.ac.be/Schema/TrafficMatrix-v1_2.xsd" xmlns:xsi="http://www.w3.org/2001/XMLSchema-instance">
    <IntraTM ASID="11537">
        <src id="ATLA-M5">
            <dst id="ATLA-M5">0</dst>
            <dst id="ATLAng">53.3333333333333</dst>
            <dst id="CHINng">126.933333333333</dst>
            <dst id="DNVRng">0</dst>
            <dst id="HSTNng">26.6666666666667</dst>
            <dst id="IPLSng">0</dst>
            <dst id="KSCYng">163.402666666667</dst>
            <dst id="LOSAng">324.061333333333</dst>
            <dst id="NYCMng">47.7013333333333</dst>
            <dst id="SNVAng">0</dst>
            <dst id="STTLng">460.741333333333</dst>
            <dst id="WASHng">680.536</dst>
        </src>
        <src id="ATLAng">
            <dst id="ATLA-M5">107.792</dst>
            <dst id="ATLAng">30061.2693333333</dst>
            <dst id="CHINng">3024.71466666667</dst>
            <dst id="DNVRng">3470.544</dst>
            <dst id="HSTNng">14324.4533333333</dst>
            <dst id="IPLSng">11690.4</dst>
            <dst id="KSCYng">579.578666666667</dst>
            <dst id="LOSAng">12587.0026666667</dst>
            <dst id="NYCMng">2486.78133333333</dst>
            <dst id="SNVAng">50.696</dst>
            <dst id="STTLng">4940.13866666667</dst>
            <dst id="WASHng">24120.9066666667</dst>
        </src>
        <src id="CHINng">
            <dst id="ATLA-M5">5474.98133333333</dst>
            <dst id="ATLAng">7547.10933333333</dst>
            <dst id="CHINng">40704.808</dst>
            <dst id="DNVRng">11454.472</dst>
            <dst id="HSTNng">4609.816</dst>
            <dst id="IPLSng">34400.968</dst>
            <dst id="KSCYng">2878.38933333333</dst>
            <dst id="LOSAng">44858.4</dst>
            <dst id="NYCMng">8334.04266666667</dst>
            <dst id="SNVAng">5839.312</dst>
            <dst id="STTLng">6034.79733333333</dst>
            <dst id="WASHng">19583.3973333333</dst>
        </src>
        <src id="DNVRng">
            <dst id="ATLA-M5">104.517333333333</dst>
            <dst id="ATLAng">10820.1413333333</dst>
            <dst id="CHINng">55836.1386666667</dst>
            <dst id="DNVRng">9895.08266666667</dst>
            <dst id="HSTNng">12855.8746666667</dst>
            <dst id="IPLSng">30753.544</dst>
            <dst id="KSCYng">17394.6426666667</dst>
            <dst id="LOSAng">8934.70933333333</dst>
            <dst id="NYCMng">12397.7013333333</dst>
            <dst id="SNVAng">6999.4</dst>
            <dst id="STTLng">6878.352</dst>
            <dst id="WASHng">33544.752</dst>
        </src>
        <src id="HSTNng">
            <dst id="ATLA-M5">197.034666666667</dst>
            <dst id="ATLAng">2165.68533333333</dst>
            <dst id="CHINng">7847.352</dst>
            <dst id="DNVRng">1274.47466666667</dst>
            <dst id="HSTNng">10916.9733333333</dst>
            <dst id="IPLSng">10843.4453333333</dst>
            <dst id="KSCYng">1900.728</dst>
            <dst id="LOSAng">9925.728</dst>
            <dst id="NYCMng">2501.488</dst>
            <dst id="SNVAng">0</dst>
            <dst id="STTLng">2075.37066666667</dst>
            <dst id="WASHng">949.048</dst>
        </src>
        <src id="IPLSng">
            <dst id="ATLA-M5">0</dst>
            <dst id="ATLAng">9633.584</dst>
            <dst id="CHINng">57679.8133333333</dst>
            <dst id="DNVRng">21549.52</dst>
            <dst id="HSTNng">894.690666666667</dst>
            <dst id="IPLSng">12822.4106666667</dst>
            <dst id="KSCYng">2707.304</dst>
            <dst id="LOSAng">20992.0746666667</dst>
            <dst id="NYCMng">30263.5226666667</dst>
            <dst id="SNVAng">237.309333333333</dst>
            <dst id="STTLng">12323.6026666667</dst>
            <dst id="WASHng">8355.968</dst>
        </src>
        <src id="KSCYng">
            <dst id="ATLA-M5">807.026666666667</dst>
            <dst id="ATLAng">971.352</dst>
            <dst id="CHINng">16700.4186666667</dst>
            <dst id="DNVRng">10263.6053333333</dst>
            <dst id="HSTNng">2605.49066666667</dst>
            <dst id="IPLSng">16871.4</dst>
            <dst id="KSCYng">4373.76533333333</dst>
            <dst id="LOSAng">6186.94133333333</dst>
            <dst id="NYCMng">1504.28</dst>
            <dst id="SNVAng">2381.304</dst>
            <dst id="STTLng">2973.10666666667</dst>
            <dst id="WASHng">14838.4906666667</dst>
        </src>
        <src id="LOSAng">
            <dst id="ATLA-M5">226.189333333333</dst>
            <dst id="ATLAng">14348.2213333333</dst>
            <dst id="CHINng">84644.736</dst>
            <dst id="DNVRng">35671.9093333333</dst>
            <dst id="HSTNng">2755.14933333333</dst>
            <dst id="IPLSng">10726.6213333333</dst>
            <dst id="KSCYng">16431.352</dst>
            <dst id="LOSAng">26384.384</dst>
            <dst id="NYCMng">35401.2773333333</dst>
            <dst id="SNVAng">16738.0826666667</dst>
            <dst id="STTLng">39121.64</dst>
            <dst id="WASHng">24808.616</dst>
        </src>
        <src id="NYCMng">
            <dst id="ATLA-M5">3489.13866666667</dst>
            <dst id="ATLAng">10410.3573333333</dst>
            <dst id="CHINng">11204.2133333333</dst>
            <dst id="DNVRng">24859.576</dst>
            <dst id="HSTNng">13856.3413333333</dst>
            <dst id="IPLSng">26375.1786666667</dst>
            <dst id="KSCYng">8072.672</dst>
            <dst id="LOSAng">83270.976</dst>
            <dst id="NYCMng">101082.485333333</dst>
            <dst id="SNVAng">2071.68533333333</dst>
            <dst id="STTLng">25946.2986666667</dst>
            <dst id="WASHng">37004.0373333333</dst>
        </src>
        <src id="SNVAng">
            <dst id="ATLA-M5">0</dst>
            <dst id="ATLAng">0</dst>
            <dst id="CHINng">26.6666666666667</dst>
            <dst id="DNVRng">14740.552</dst>
            <dst id="HSTNng">26.6666666666667</dst>
            <dst id="IPLSng">241.621333333333</dst>
            <dst id="KSCYng">0</dst>
            <dst id="LOSAng">35663.88</dst>
            <dst id="NYCMng">387.562666666667</dst>
            <dst id="SNVAng">5147.48266666667</dst>
            <dst id="STTLng">24270.5786666667</dst>
            <dst id="WASHng">0</dst>
        </src>
        <src id="STTLng">
            <dst id="ATLA-M5">433.696</dst>
            <dst id="ATLAng">6882.48266666667</dst>
            <dst id="CHINng">14085.1333333333</dst>
            <dst id="DNVRng">3265.47466666667</dst>
            <dst id="HSTNng">971.245333333333</dst>
            <dst id="IPLSng">4516.66133333333</dst>
            <dst id="KSCYng">2103.15733333333</dst>
            <dst id="LOSAng">473197.866666667</dst>
            <dst id="NYCMng">13857.5333333333</dst>
            <dst id="SNVAng">3347.35733333333</dst>
            <dst id="STTLng">19481.8426666667</dst>
            <dst id="WASHng">7229.71466666667</dst>
        </src>
        <src id="WASHng">
            <dst id="ATLA-M5">22215.064</dst>
            <dst id="ATLAng">53492.1013333333</dst>
            <dst id="CHINng">85440.712</dst>
            <dst id="DNVRng">50728.9706666667</dst>
            <dst id="HSTNng">17884.728</dst>
            <dst id="IPLSng">58515.896</dst>
            <dst id="KSCYng">8862.21066666667</dst>
            <dst id="LOSAng">67342.2053333333</dst>
            <dst id="NYCMng">169905.36</dst>
            <dst id="SNVAng">1630</dst>
            <dst id="STTLng">72348.128</dst>
            <dst id="WASHng">230039.485333333</dst>
        </src>
    </IntraTM>
</TrafficMatrixFile>
