<?xml version="1.0" encoding="ISO-8859-1" standalone="yes"?>
<TrafficMatrixFile xsi:noNamespaceSchemaLocation="http://totem.run.montefiore.ulg.ac.be/Schema/TrafficMatrix-v1_2.xsd" xmlns:xsi="http://www.w3.org/2001/XMLSchema-instance">
    <IntraTM ASID="11537">
        <src id="ATLA-M5">
            <dst id="ATLA-M5">280.026666666667</dst>
            <dst id="ATLAng">248.16</dst>
            <dst id="CHINng">138.594666666667</dst>
            <dst id="DNVRng">0</dst>
            <dst id="HSTNng">344.922666666667</dst>
            <dst id="IPLSng">118.744</dst>
            <dst id="KSCYng">88.656</dst>
            <dst id="LOSAng">197.088</dst>
            <dst id="NYCMng">171.533333333333</dst>
            <dst id="SNVAng">0</dst>
            <dst id="STTLng">53.3333333333333</dst>
            <dst id="WASHng">1049.34933333333</dst>
        </src>
        <src id="ATLAng">
            <dst id="ATLA-M5">318.890666666667</dst>
            <dst id="ATLAng">31743.264</dst>
            <dst id="CHINng">16599.936</dst>
            <dst id="DNVRng">8514.02666666666</dst>
            <dst id="HSTNng">23081.0106666667</dst>
            <dst id="IPLSng">20344.632</dst>
            <dst id="KSCYng">6219.25066666667</dst>
            <dst id="LOSAng">12285.1266666667</dst>
            <dst id="NYCMng">20932.7413333333</dst>
            <dst id="SNVAng">2024.19333333333</dst>
            <dst id="STTLng">8173.90933333333</dst>
            <dst id="WASHng">49287.6373333333</dst>
        </src>
        <src id="CHINng">
            <dst id="ATLA-M5">434.098666666667</dst>
            <dst id="ATLAng">38500.696</dst>
            <dst id="CHINng">76849.6453333333</dst>
            <dst id="DNVRng">9068.50133333334</dst>
            <dst id="HSTNng">20574.8533333333</dst>
            <dst id="IPLSng">46232.7013333333</dst>
            <dst id="KSCYng">16741.7893333333</dst>
            <dst id="LOSAng">51428.52</dst>
            <dst id="NYCMng">29557.8666666667</dst>
            <dst id="SNVAng">9039.44533333333</dst>
            <dst id="STTLng">5139.232</dst>
            <dst id="WASHng">40977.0933333333</dst>
        </src>
        <src id="DNVRng">
            <dst id="ATLA-M5">276.914666666667</dst>
            <dst id="ATLAng">14228.3733333333</dst>
            <dst id="CHINng">61161.784</dst>
            <dst id="DNVRng">17622.8586666667</dst>
            <dst id="HSTNng">13382.8026666667</dst>
            <dst id="IPLSng">36696.144</dst>
            <dst id="KSCYng">24095.7466666667</dst>
            <dst id="LOSAng">8630.07733333333</dst>
            <dst id="NYCMng">25169.6293333333</dst>
            <dst id="SNVAng">12366.336</dst>
            <dst id="STTLng">17225.2773333333</dst>
            <dst id="WASHng">38377.9306666667</dst>
        </src>
        <src id="HSTNng">
            <dst id="ATLA-M5">781.722666666667</dst>
            <dst id="ATLAng">16304.12</dst>
            <dst id="CHINng">16454.4186666667</dst>
            <dst id="DNVRng">2094.20533333333</dst>
            <dst id="HSTNng">6360.264</dst>
            <dst id="IPLSng">5875.96533333333</dst>
            <dst id="KSCYng">2105.184</dst>
            <dst id="LOSAng">11678.6186666667</dst>
            <dst id="NYCMng">2377.21333333333</dst>
            <dst id="SNVAng">366.645333333333</dst>
            <dst id="STTLng">1371.792</dst>
            <dst id="WASHng">13986.9253333333</dst>
        </src>
        <src id="IPLSng">
            <dst id="ATLA-M5">257.536</dst>
            <dst id="ATLAng">41306.24</dst>
            <dst id="CHINng">90430.864</dst>
            <dst id="DNVRng">16977.5146666667</dst>
            <dst id="HSTNng">16837.6186666667</dst>
            <dst id="IPLSng">27242.2826666667</dst>
            <dst id="KSCYng">10310.0133333333</dst>
            <dst id="LOSAng">55118.464</dst>
            <dst id="NYCMng">43291.1066666667</dst>
            <dst id="SNVAng">5434.77066666667</dst>
            <dst id="STTLng">11216.1386666667</dst>
            <dst id="WASHng">32526.36</dst>
        </src>
        <src id="KSCYng">
            <dst id="ATLA-M5">2633.416</dst>
            <dst id="ATLAng">16639.384</dst>
            <dst id="CHINng">20590.1146666667</dst>
            <dst id="DNVRng">11126.672</dst>
            <dst id="HSTNng">2751.768</dst>
            <dst id="IPLSng">15918.3146666667</dst>
            <dst id="KSCYng">7509.12533333333</dst>
            <dst id="LOSAng">9667.58133333333</dst>
            <dst id="NYCMng">5756.39733333333</dst>
            <dst id="SNVAng">3996.72266666667</dst>
            <dst id="STTLng">8652.95733333333</dst>
            <dst id="WASHng">14622.9733333333</dst>
        </src>
        <src id="LOSAng">
            <dst id="ATLA-M5">2126.63466666667</dst>
            <dst id="ATLAng">31935.7546666667</dst>
            <dst id="CHINng">95583.1573333333</dst>
            <dst id="DNVRng">30566.072</dst>
            <dst id="HSTNng">32067.464</dst>
            <dst id="IPLSng">44271.2693333333</dst>
            <dst id="KSCYng">12025.8</dst>
            <dst id="LOSAng">23346.4266666667</dst>
            <dst id="NYCMng">40139.2773333333</dst>
            <dst id="SNVAng">15724.1013333333</dst>
            <dst id="STTLng">40961.5866666667</dst>
            <dst id="WASHng">47590.7813333333</dst>
        </src>
        <src id="NYCMng">
            <dst id="ATLA-M5">1690.44266666667</dst>
            <dst id="ATLAng">41525.52</dst>
            <dst id="CHINng">41638.5146666667</dst>
            <dst id="DNVRng">58672.5413333333</dst>
            <dst id="HSTNng">16722.2373333333</dst>
            <dst id="IPLSng">44854.0453333333</dst>
            <dst id="KSCYng">22391.0666666667</dst>
            <dst id="LOSAng">91203.6933333334</dst>
            <dst id="NYCMng">141743.333333333</dst>
            <dst id="SNVAng">7982.30933333333</dst>
            <dst id="STTLng">46783.8986666667</dst>
            <dst id="WASHng">89978.896</dst>
        </src>
        <src id="SNVAng">
            <dst id="ATLA-M5">0</dst>
            <dst id="ATLAng">95.4586666666667</dst>
            <dst id="CHINng">53.3333333333333</dst>
            <dst id="DNVRng">10384.056</dst>
            <dst id="HSTNng">120.629333333333</dst>
            <dst id="IPLSng">1937.448</dst>
            <dst id="KSCYng">80</dst>
            <dst id="LOSAng">36242.184</dst>
            <dst id="NYCMng">358.168</dst>
            <dst id="SNVAng">7786.02933333333</dst>
            <dst id="STTLng">31779.784</dst>
            <dst id="WASHng">252.706666666667</dst>
        </src>
        <src id="STTLng">
            <dst id="ATLA-M5">458.04</dst>
            <dst id="ATLAng">17568.1253333333</dst>
            <dst id="CHINng">26981.6453333333</dst>
            <dst id="DNVRng">9566.75733333333</dst>
            <dst id="HSTNng">3679.82133333333</dst>
            <dst id="IPLSng">12134.7786666667</dst>
            <dst id="KSCYng">6271.288</dst>
            <dst id="LOSAng">31315.776</dst>
            <dst id="NYCMng">21397.0373333333</dst>
            <dst id="SNVAng">6285.408</dst>
            <dst id="STTLng">6770.15733333333</dst>
            <dst id="WASHng">27885.472</dst>
        </src>
        <src id="WASHng">
            <dst id="ATLA-M5">1208.49066666667</dst>
            <dst id="ATLAng">186597.138666667</dst>
            <dst id="CHINng">115714.162666667</dst>
            <dst id="DNVRng">92842.48</dst>
            <dst id="HSTNng">31085.7333333333</dst>
            <dst id="IPLSng">85113.6293333333</dst>
            <dst id="KSCYng">19533.2613333333</dst>
            <dst id="LOSAng">82861.9146666667</dst>
            <dst id="NYCMng">166450.274666667</dst>
            <dst id="SNVAng">22057.664</dst>
            <dst id="STTLng">49285.1253333333</dst>
            <dst id="WASHng">289542.906666667</dst>
        </src>
    </IntraTM>
</TrafficMatrixFile>
