<?xml version="1.0" encoding="ISO-8859-1" standalone="yes"?>
<TrafficMatrixFile xsi:noNamespaceSchemaLocation="http://totem.run.montefiore.ulg.ac.be/Schema/TrafficMatrix-v1_2.xsd" xmlns:xsi="http://www.w3.org/2001/XMLSchema-instance">
    <IntraTM ASID="11537">
        <src id="ATLA-M5">
            <dst id="ATLA-M5">80</dst>
            <dst id="ATLAng">26.6666666666667</dst>
            <dst id="CHINng">143.186666666667</dst>
            <dst id="DNVRng">0</dst>
            <dst id="HSTNng">833.221333333333</dst>
            <dst id="IPLSng">0</dst>
            <dst id="KSCYng">0</dst>
            <dst id="LOSAng">275.341333333333</dst>
            <dst id="NYCMng">144.234666666667</dst>
            <dst id="SNVAng">0</dst>
            <dst id="STTLng">26.6666666666667</dst>
            <dst id="WASHng">1469.74666666667</dst>
        </src>
        <src id="ATLAng">
            <dst id="ATLA-M5">76.272</dst>
            <dst id="ATLAng">23784.5946666667</dst>
            <dst id="CHINng">1681.94666666667</dst>
            <dst id="DNVRng">2832.512</dst>
            <dst id="HSTNng">489.634666666667</dst>
            <dst id="IPLSng">11169.2026666667</dst>
            <dst id="KSCYng">3290.77866666667</dst>
            <dst id="LOSAng">28380.5093333333</dst>
            <dst id="NYCMng">9453.952</dst>
            <dst id="SNVAng">111.848</dst>
            <dst id="STTLng">6612.07733333333</dst>
            <dst id="WASHng">46324.0266666667</dst>
        </src>
        <src id="CHINng">
            <dst id="ATLA-M5">304.728</dst>
            <dst id="ATLAng">6831.78933333333</dst>
            <dst id="CHINng">77103.9973333333</dst>
            <dst id="DNVRng">18321.1146666667</dst>
            <dst id="HSTNng">8276.392</dst>
            <dst id="IPLSng">31614.5066666667</dst>
            <dst id="KSCYng">2590.496</dst>
            <dst id="LOSAng">45524.5093333333</dst>
            <dst id="NYCMng">19796.248</dst>
            <dst id="SNVAng">1729.512</dst>
            <dst id="STTLng">8426.57066666667</dst>
            <dst id="WASHng">15377.8853333333</dst>
        </src>
        <src id="DNVRng">
            <dst id="ATLA-M5">58.88</dst>
            <dst id="ATLAng">7886.74133333333</dst>
            <dst id="CHINng">73202.7466666666</dst>
            <dst id="DNVRng">3024.50933333333</dst>
            <dst id="HSTNng">11549.8933333333</dst>
            <dst id="IPLSng">24495.44</dst>
            <dst id="KSCYng">12254.368</dst>
            <dst id="LOSAng">10516.072</dst>
            <dst id="NYCMng">19854.3786666667</dst>
            <dst id="SNVAng">5109.00266666667</dst>
            <dst id="STTLng">6720.37866666667</dst>
            <dst id="WASHng">32092.264</dst>
        </src>
        <src id="HSTNng">
            <dst id="ATLA-M5">3929.94133333333</dst>
            <dst id="ATLAng">1444.74933333333</dst>
            <dst id="CHINng">16690.352</dst>
            <dst id="DNVRng">730.288</dst>
            <dst id="HSTNng">16746.0106666667</dst>
            <dst id="IPLSng">3303.62133333333</dst>
            <dst id="KSCYng">655.498666666667</dst>
            <dst id="LOSAng">9295.76</dst>
            <dst id="NYCMng">1778.87733333333</dst>
            <dst id="SNVAng">0</dst>
            <dst id="STTLng">251.725333333333</dst>
            <dst id="WASHng">2297.48266666667</dst>
        </src>
        <src id="IPLSng">
            <dst id="ATLA-M5">0</dst>
            <dst id="ATLAng">19298.9893333333</dst>
            <dst id="CHINng">88440.896</dst>
            <dst id="DNVRng">12595.2453333333</dst>
            <dst id="HSTNng">19588.4746666667</dst>
            <dst id="IPLSng">6200.04533333333</dst>
            <dst id="KSCYng">12522.5786666667</dst>
            <dst id="LOSAng">17160.1466666667</dst>
            <dst id="NYCMng">25397.4933333333</dst>
            <dst id="SNVAng">380.405333333333</dst>
            <dst id="STTLng">9870.75466666667</dst>
            <dst id="WASHng">6536.21333333333</dst>
        </src>
        <src id="KSCYng">
            <dst id="ATLA-M5">30.5493333333333</dst>
            <dst id="ATLAng">1216.09333333333</dst>
            <dst id="CHINng">19786.1013333333</dst>
            <dst id="DNVRng">10965.7546666667</dst>
            <dst id="HSTNng">2259.88266666667</dst>
            <dst id="IPLSng">12790.1653333333</dst>
            <dst id="KSCYng">8583.824</dst>
            <dst id="LOSAng">4119.76</dst>
            <dst id="NYCMng">2480.58133333333</dst>
            <dst id="SNVAng">2446.592</dst>
            <dst id="STTLng">6329.41866666667</dst>
            <dst id="WASHng">17420.08</dst>
        </src>
        <src id="LOSAng">
            <dst id="ATLA-M5">136.981333333333</dst>
            <dst id="ATLAng">11417.0933333333</dst>
            <dst id="CHINng">152097.733333333</dst>
            <dst id="DNVRng">24448.808</dst>
            <dst id="HSTNng">3073.28533333333</dst>
            <dst id="IPLSng">9249.92</dst>
            <dst id="KSCYng">4719.02666666667</dst>
            <dst id="LOSAng">14962.6986666667</dst>
            <dst id="NYCMng">30181.704</dst>
            <dst id="SNVAng">17149.904</dst>
            <dst id="STTLng">35822.4186666667</dst>
            <dst id="WASHng">14513.2826666667</dst>
        </src>
        <src id="NYCMng">
            <dst id="ATLA-M5">139.797333333333</dst>
            <dst id="ATLAng">10916.688</dst>
            <dst id="CHINng">20265.232</dst>
            <dst id="DNVRng">21999.0266666667</dst>
            <dst id="HSTNng">6699.59733333333</dst>
            <dst id="IPLSng">15155.1706666667</dst>
            <dst id="KSCYng">11873.5653333333</dst>
            <dst id="LOSAng">74008.9226666667</dst>
            <dst id="NYCMng">96091.2026666667</dst>
            <dst id="SNVAng">1715.744</dst>
            <dst id="STTLng">15997.6693333333</dst>
            <dst id="WASHng">36779.6373333333</dst>
        </src>
        <src id="SNVAng">
            <dst id="ATLA-M5">0</dst>
            <dst id="ATLAng">32.064</dst>
            <dst id="CHINng">0</dst>
            <dst id="DNVRng">3400.424</dst>
            <dst id="HSTNng">33.6426666666667</dst>
            <dst id="IPLSng">266.016</dst>
            <dst id="KSCYng">0</dst>
            <dst id="LOSAng">25013.7066666667</dst>
            <dst id="NYCMng">296.746666666667</dst>
            <dst id="SNVAng">5570.52</dst>
            <dst id="STTLng">28822.4</dst>
            <dst id="WASHng">106.666666666667</dst>
        </src>
        <src id="STTLng">
            <dst id="ATLA-M5">205.034666666667</dst>
            <dst id="ATLAng">6176.70666666667</dst>
            <dst id="CHINng">17578.5306666667</dst>
            <dst id="DNVRng">2042.16</dst>
            <dst id="HSTNng">1984.21333333333</dst>
            <dst id="IPLSng">8934.90933333333</dst>
            <dst id="KSCYng">3835.736</dst>
            <dst id="LOSAng">15241.376</dst>
            <dst id="NYCMng">12255.8293333333</dst>
            <dst id="SNVAng">3068.18133333333</dst>
            <dst id="STTLng">1351.288</dst>
            <dst id="WASHng">13491.1626666667</dst>
        </src>
        <src id="WASHng">
            <dst id="ATLA-M5">1163.15733333333</dst>
            <dst id="ATLAng">98281.8773333333</dst>
            <dst id="CHINng">44488.8853333333</dst>
            <dst id="DNVRng">46457.6453333333</dst>
            <dst id="HSTNng">37653.9306666667</dst>
            <dst id="IPLSng">47656.792</dst>
            <dst id="KSCYng">6997.68</dst>
            <dst id="LOSAng">61581.5626666667</dst>
            <dst id="NYCMng">104519.656</dst>
            <dst id="SNVAng">2335.76</dst>
            <dst id="STTLng">32076.2293333333</dst>
            <dst id="WASHng">384560.4</dst>
        </src>
    </IntraTM>
</TrafficMatrixFile>
