<?xml version="1.0" encoding="ISO-8859-1" standalone="yes"?>
<TrafficMatrixFile xsi:noNamespaceSchemaLocation="http://totem.run.montefiore.ulg.ac.be/Schema/TrafficMatrix-v1_2.xsd" xmlns:xsi="http://www.w3.org/2001/XMLSchema-instance">
    <IntraTM ASID="11537">
        <src id="ATLA-M5">
            <dst id="ATLA-M5">0</dst>
            <dst id="ATLAng">317.664</dst>
            <dst id="CHINng">0</dst>
            <dst id="DNVRng">100.482666666667</dst>
            <dst id="HSTNng">95.4746666666667</dst>
            <dst id="IPLSng">26.6666666666667</dst>
            <dst id="KSCYng">53.3333333333333</dst>
            <dst id="LOSAng">308.389333333333</dst>
            <dst id="NYCMng">26.6666666666667</dst>
            <dst id="SNVAng">0</dst>
            <dst id="STTLng">26.6666666666667</dst>
            <dst id="WASHng">405.64</dst>
        </src>
        <src id="ATLAng">
            <dst id="ATLA-M5">236.605333333333</dst>
            <dst id="ATLAng">14677.1466666667</dst>
            <dst id="CHINng">4273.032</dst>
            <dst id="DNVRng">4270.00533333333</dst>
            <dst id="HSTNng">4438.85066666667</dst>
            <dst id="IPLSng">26222.6213333333</dst>
            <dst id="KSCYng">3751.46933333333</dst>
            <dst id="LOSAng">11683.1813333333</dst>
            <dst id="NYCMng">3979.064</dst>
            <dst id="SNVAng">425.789333333333</dst>
            <dst id="STTLng">8265.26133333333</dst>
            <dst id="WASHng">20526.9706666667</dst>
        </src>
        <src id="CHINng">
            <dst id="ATLA-M5">322.026666666667</dst>
            <dst id="ATLAng">20009.176</dst>
            <dst id="CHINng">36699.7013333333</dst>
            <dst id="DNVRng">8204.26666666666</dst>
            <dst id="HSTNng">11719.136</dst>
            <dst id="IPLSng">19299.6853333333</dst>
            <dst id="KSCYng">6274.66666666667</dst>
            <dst id="LOSAng">41666.3546666667</dst>
            <dst id="NYCMng">9280.608</dst>
            <dst id="SNVAng">2665.67733333333</dst>
            <dst id="STTLng">8026.66933333333</dst>
            <dst id="WASHng">18350.5573333333</dst>
        </src>
        <src id="DNVRng">
            <dst id="ATLA-M5">1214.33333333333</dst>
            <dst id="ATLAng">3092.53866666667</dst>
            <dst id="CHINng">52249.368</dst>
            <dst id="DNVRng">12396.3813333333</dst>
            <dst id="HSTNng">17455.5333333333</dst>
            <dst id="IPLSng">34950.3706666667</dst>
            <dst id="KSCYng">25041.64</dst>
            <dst id="LOSAng">21763.1093333333</dst>
            <dst id="NYCMng">12019.1466666667</dst>
            <dst id="SNVAng">11948.8773333333</dst>
            <dst id="STTLng">9129.37866666666</dst>
            <dst id="WASHng">50369.3893333333</dst>
        </src>
        <src id="HSTNng">
            <dst id="ATLA-M5">309.578666666667</dst>
            <dst id="ATLAng">36860.5866666667</dst>
            <dst id="CHINng">3721.10666666667</dst>
            <dst id="DNVRng">1730.088</dst>
            <dst id="HSTNng">14139.3253333333</dst>
            <dst id="IPLSng">1582.848</dst>
            <dst id="KSCYng">3683.58666666667</dst>
            <dst id="LOSAng">4542.776</dst>
            <dst id="NYCMng">1102.84</dst>
            <dst id="SNVAng">0</dst>
            <dst id="STTLng">1367.22666666667</dst>
            <dst id="WASHng">2957.6</dst>
        </src>
        <src id="IPLSng">
            <dst id="ATLA-M5">26.6666666666667</dst>
            <dst id="ATLAng">18083.752</dst>
            <dst id="CHINng">55955.392</dst>
            <dst id="DNVRng">7075.04</dst>
            <dst id="HSTNng">560.034666666667</dst>
            <dst id="IPLSng">27887.8293333333</dst>
            <dst id="KSCYng">11358.48</dst>
            <dst id="LOSAng">16691.392</dst>
            <dst id="NYCMng">27125.5066666667</dst>
            <dst id="SNVAng">1215.70666666667</dst>
            <dst id="STTLng">9013.47466666667</dst>
            <dst id="WASHng">12101.1866666667</dst>
        </src>
        <src id="KSCYng">
            <dst id="ATLA-M5">763.765333333333</dst>
            <dst id="ATLAng">1682.74666666667</dst>
            <dst id="CHINng">11970.2933333333</dst>
            <dst id="DNVRng">10266.064</dst>
            <dst id="HSTNng">9729.67733333333</dst>
            <dst id="IPLSng">12665.128</dst>
            <dst id="KSCYng">9076.84</dst>
            <dst id="LOSAng">8142.672</dst>
            <dst id="NYCMng">3095.62133333333</dst>
            <dst id="SNVAng">2646.41066666667</dst>
            <dst id="STTLng">3682.24533333333</dst>
            <dst id="WASHng">7065.97866666667</dst>
        </src>
        <src id="LOSAng">
            <dst id="ATLA-M5">370.477333333333</dst>
            <dst id="ATLAng">21465.7173333333</dst>
            <dst id="CHINng">53264.2266666667</dst>
            <dst id="DNVRng">24433.7626666667</dst>
            <dst id="HSTNng">15370.3706666667</dst>
            <dst id="IPLSng">14892.864</dst>
            <dst id="KSCYng">4820.92</dst>
            <dst id="LOSAng">18918.8773333333</dst>
            <dst id="NYCMng">39902.1173333333</dst>
            <dst id="SNVAng">20522.3893333333</dst>
            <dst id="STTLng">24028.7466666667</dst>
            <dst id="WASHng">17385.7973333333</dst>
        </src>
        <src id="NYCMng">
            <dst id="ATLA-M5">2009.8</dst>
            <dst id="ATLAng">23018.4213333333</dst>
            <dst id="CHINng">12879.3146666667</dst>
            <dst id="DNVRng">22965.5786666667</dst>
            <dst id="HSTNng">11186.2613333333</dst>
            <dst id="IPLSng">15315.7813333333</dst>
            <dst id="KSCYng">11428.92</dst>
            <dst id="LOSAng">88964.3573333333</dst>
            <dst id="NYCMng">93560.832</dst>
            <dst id="SNVAng">2172.92266666667</dst>
            <dst id="STTLng">25334.3466666667</dst>
            <dst id="WASHng">26246.7786666667</dst>
        </src>
        <src id="SNVAng">
            <dst id="ATLA-M5">0</dst>
            <dst id="ATLAng">439.168</dst>
            <dst id="CHINng">29.0266666666667</dst>
            <dst id="DNVRng">7955.55733333333</dst>
            <dst id="HSTNng">44.6826666666667</dst>
            <dst id="IPLSng">503.157333333333</dst>
            <dst id="KSCYng">80</dst>
            <dst id="LOSAng">34004.5093333333</dst>
            <dst id="NYCMng">333.84</dst>
            <dst id="SNVAng">5842.07466666667</dst>
            <dst id="STTLng">29552.3173333333</dst>
            <dst id="WASHng">99.76</dst>
        </src>
        <src id="STTLng">
            <dst id="ATLA-M5">35.448</dst>
            <dst id="ATLAng">8976.77066666667</dst>
            <dst id="CHINng">12667.5866666667</dst>
            <dst id="DNVRng">3817.07733333333</dst>
            <dst id="HSTNng">2102.57333333333</dst>
            <dst id="IPLSng">8478.256</dst>
            <dst id="KSCYng">1141.952</dst>
            <dst id="LOSAng">20445.8213333333</dst>
            <dst id="NYCMng">10695.592</dst>
            <dst id="SNVAng">3327.456</dst>
            <dst id="STTLng">4388.57066666667</dst>
            <dst id="WASHng">6493.184</dst>
        </src>
        <src id="WASHng">
            <dst id="ATLA-M5">242.48</dst>
            <dst id="ATLAng">84839.592</dst>
            <dst id="CHINng">49432.104</dst>
            <dst id="DNVRng">75187.2746666667</dst>
            <dst id="HSTNng">10884.776</dst>
            <dst id="IPLSng">46478.976</dst>
            <dst id="KSCYng">11188.672</dst>
            <dst id="LOSAng">60649.48</dst>
            <dst id="NYCMng">139402.36</dst>
            <dst id="SNVAng">4535.50933333333</dst>
            <dst id="STTLng">46966.1546666667</dst>
            <dst id="WASHng">197525.293333333</dst>
        </src>
    </IntraTM>
</TrafficMatrixFile>
