<?xml version="1.0" encoding="ISO-8859-1" standalone="yes"?>
<TrafficMatrixFile xsi:noNamespaceSchemaLocation="http://totem.run.montefiore.ulg.ac.be/Schema/TrafficMatrix-v1_2.xsd" xmlns:xsi="http://www.w3.org/2001/XMLSchema-instance">
    <IntraTM ASID="11537">
        <src id="ATLA-M5">
            <dst id="ATLA-M5">149.536</dst>
            <dst id="ATLAng">448.52</dst>
            <dst id="CHINng">551.904</dst>
            <dst id="DNVRng">54.6133333333333</dst>
            <dst id="HSTNng">128.24</dst>
            <dst id="IPLSng">100.002666666667</dst>
            <dst id="KSCYng">116.093333333333</dst>
            <dst id="LOSAng">134.624</dst>
            <dst id="NYCMng">228.773333333333</dst>
            <dst id="SNVAng">0</dst>
            <dst id="STTLng">80</dst>
            <dst id="WASHng">1632.97066666667</dst>
        </src>
        <src id="ATLAng">
            <dst id="ATLA-M5">263.701333333333</dst>
            <dst id="ATLAng">33733.144</dst>
            <dst id="CHINng">16133.2213333333</dst>
            <dst id="DNVRng">4251.36533333333</dst>
            <dst id="HSTNng">36235.032</dst>
            <dst id="IPLSng">19408.7173333333</dst>
            <dst id="KSCYng">4478.56266666667</dst>
            <dst id="LOSAng">32373.432</dst>
            <dst id="NYCMng">9852.168</dst>
            <dst id="SNVAng">1388.24266666667</dst>
            <dst id="STTLng">10324.3786666667</dst>
            <dst id="WASHng">53097.7093333333</dst>
        </src>
        <src id="CHINng">
            <dst id="ATLA-M5">1435.712</dst>
            <dst id="ATLAng">34314.888</dst>
            <dst id="CHINng">63788.9066666667</dst>
            <dst id="DNVRng">18525.3173333333</dst>
            <dst id="HSTNng">30167.7573333333</dst>
            <dst id="IPLSng">40632.92</dst>
            <dst id="KSCYng">16106.0586666667</dst>
            <dst id="LOSAng">47318.0266666667</dst>
            <dst id="NYCMng">17373.0906666667</dst>
            <dst id="SNVAng">6964.216</dst>
            <dst id="STTLng">6927.00533333333</dst>
            <dst id="WASHng">40013.984</dst>
        </src>
        <src id="DNVRng">
            <dst id="ATLA-M5">447.082666666667</dst>
            <dst id="ATLAng">12495.1093333333</dst>
            <dst id="CHINng">67769.432</dst>
            <dst id="DNVRng">16270.3946666667</dst>
            <dst id="HSTNng">27306.6106666667</dst>
            <dst id="IPLSng">38384.2426666667</dst>
            <dst id="KSCYng">24712.6106666667</dst>
            <dst id="LOSAng">9743.81333333333</dst>
            <dst id="NYCMng">15966.5546666667</dst>
            <dst id="SNVAng">14120.2106666667</dst>
            <dst id="STTLng">24117.496</dst>
            <dst id="WASHng">48506.632</dst>
        </src>
        <src id="HSTNng">
            <dst id="ATLA-M5">3584.032</dst>
            <dst id="ATLAng">14393.5146666667</dst>
            <dst id="CHINng">18341.5386666667</dst>
            <dst id="DNVRng">1107.968</dst>
            <dst id="HSTNng">6325.536</dst>
            <dst id="IPLSng">7192.816</dst>
            <dst id="KSCYng">3308.52533333333</dst>
            <dst id="LOSAng">23145.9066666667</dst>
            <dst id="NYCMng">2759.648</dst>
            <dst id="SNVAng">90.6666666666667</dst>
            <dst id="STTLng">7518.44266666667</dst>
            <dst id="WASHng">10969.4906666667</dst>
        </src>
        <src id="IPLSng">
            <dst id="ATLA-M5">142.117333333333</dst>
            <dst id="ATLAng">38920.2213333333</dst>
            <dst id="CHINng">87473.68</dst>
            <dst id="DNVRng">22378.1813333333</dst>
            <dst id="HSTNng">24315.6213333333</dst>
            <dst id="IPLSng">22310.0213333333</dst>
            <dst id="KSCYng">18075.2826666667</dst>
            <dst id="LOSAng">30204.8853333333</dst>
            <dst id="NYCMng">60897.4373333333</dst>
            <dst id="SNVAng">7448.73333333333</dst>
            <dst id="STTLng">9338.29333333333</dst>
            <dst id="WASHng">21619.696</dst>
        </src>
        <src id="KSCYng">
            <dst id="ATLA-M5">853.738666666667</dst>
            <dst id="ATLAng">4739.19466666667</dst>
            <dst id="CHINng">16613.4373333333</dst>
            <dst id="DNVRng">10383.1146666667</dst>
            <dst id="HSTNng">8409.28533333333</dst>
            <dst id="IPLSng">21213.0906666667</dst>
            <dst id="KSCYng">11129.8693333333</dst>
            <dst id="LOSAng">7811.952</dst>
            <dst id="NYCMng">6854.46666666667</dst>
            <dst id="SNVAng">4113.27733333333</dst>
            <dst id="STTLng">4200.11733333333</dst>
            <dst id="WASHng">15010.88</dst>
        </src>
        <src id="LOSAng">
            <dst id="ATLA-M5">460.968</dst>
            <dst id="ATLAng">33251.048</dst>
            <dst id="CHINng">115596.674666667</dst>
            <dst id="DNVRng">26291.3626666667</dst>
            <dst id="HSTNng">13303.9386666667</dst>
            <dst id="IPLSng">33550.2</dst>
            <dst id="KSCYng">16108.2773333333</dst>
            <dst id="LOSAng">13146.2506666667</dst>
            <dst id="NYCMng">50877.1386666667</dst>
            <dst id="SNVAng">35951.4026666667</dst>
            <dst id="STTLng">23005.5173333333</dst>
            <dst id="WASHng">55892.8053333333</dst>
        </src>
        <src id="NYCMng">
            <dst id="ATLA-M5">1154.64266666667</dst>
            <dst id="ATLAng">41138.7093333333</dst>
            <dst id="CHINng">27675.7546666667</dst>
            <dst id="DNVRng">41553.6773333333</dst>
            <dst id="HSTNng">21397.2773333333</dst>
            <dst id="IPLSng">34482.8693333333</dst>
            <dst id="KSCYng">13220.4746666667</dst>
            <dst id="LOSAng">79957.6186666667</dst>
            <dst id="NYCMng">94293.928</dst>
            <dst id="SNVAng">7236.06933333333</dst>
            <dst id="STTLng">55790.7733333333</dst>
            <dst id="WASHng">123521.32</dst>
        </src>
        <src id="SNVAng">
            <dst id="ATLA-M5">0</dst>
            <dst id="ATLAng">234.314666666667</dst>
            <dst id="CHINng">133.333333333333</dst>
            <dst id="DNVRng">44877.376</dst>
            <dst id="HSTNng">228.050666666667</dst>
            <dst id="IPLSng">387.248</dst>
            <dst id="KSCYng">410.922666666667</dst>
            <dst id="LOSAng">32721.2453333333</dst>
            <dst id="NYCMng">9046.24</dst>
            <dst id="SNVAng">7502.29333333333</dst>
            <dst id="STTLng">30838.6106666667</dst>
            <dst id="WASHng">327.12</dst>
        </src>
        <src id="STTLng">
            <dst id="ATLA-M5">0</dst>
            <dst id="ATLAng">17640.072</dst>
            <dst id="CHINng">24460.728</dst>
            <dst id="DNVRng">5536.08266666667</dst>
            <dst id="HSTNng">6693.14133333333</dst>
            <dst id="IPLSng">21604.3066666667</dst>
            <dst id="KSCYng">7725.232</dst>
            <dst id="LOSAng">27394.6666666667</dst>
            <dst id="NYCMng">24684.0106666667</dst>
            <dst id="SNVAng">7309.33866666667</dst>
            <dst id="STTLng">4322.83733333333</dst>
            <dst id="WASHng">16374.6613333333</dst>
        </src>
        <src id="WASHng">
            <dst id="ATLA-M5">1157.37333333333</dst>
            <dst id="ATLAng">152257.189333333</dst>
            <dst id="CHINng">68669.216</dst>
            <dst id="DNVRng">86769.104</dst>
            <dst id="HSTNng">40030.2373333333</dst>
            <dst id="IPLSng">57185.024</dst>
            <dst id="KSCYng">35047.808</dst>
            <dst id="LOSAng">108160.968</dst>
            <dst id="NYCMng">166788.154666667</dst>
            <dst id="SNVAng">8083.27733333333</dst>
            <dst id="STTLng">72070.9413333333</dst>
            <dst id="WASHng">244235.344</dst>
        </src>
    </IntraTM>
</TrafficMatrixFile>
