<?xml version="1.0" encoding="ISO-8859-1" standalone="yes"?>
<TrafficMatrixFile xsi:noNamespaceSchemaLocation="http://totem.run.montefiore.ulg.ac.be/Schema/TrafficMatrix-v1_2.xsd" xmlns:xsi="http://www.w3.org/2001/XMLSchema-instance">
    <IntraTM ASID="11537">
        <src id="ATLA-M5">
            <dst id="ATLA-M5">0</dst>
            <dst id="ATLAng">0</dst>
            <dst id="CHINng">130.453333333333</dst>
            <dst id="DNVRng">0</dst>
            <dst id="HSTNng">118.826666666667</dst>
            <dst id="IPLSng">0</dst>
            <dst id="KSCYng">1098.95466666667</dst>
            <dst id="LOSAng">344.205333333333</dst>
            <dst id="NYCMng">727.648</dst>
            <dst id="SNVAng">0</dst>
            <dst id="STTLng">259.197333333333</dst>
            <dst id="WASHng">935.544</dst>
        </src>
        <src id="ATLAng">
            <dst id="ATLA-M5">53.3333333333333</dst>
            <dst id="ATLAng">25138.272</dst>
            <dst id="CHINng">1988.83733333333</dst>
            <dst id="DNVRng">2828.14666666667</dst>
            <dst id="HSTNng">4737.84533333333</dst>
            <dst id="IPLSng">22732.8026666667</dst>
            <dst id="KSCYng">331.728</dst>
            <dst id="LOSAng">11516.008</dst>
            <dst id="NYCMng">7242.32266666667</dst>
            <dst id="SNVAng">160.602666666667</dst>
            <dst id="STTLng">7485.34666666667</dst>
            <dst id="WASHng">37086.5706666667</dst>
        </src>
        <src id="CHINng">
            <dst id="ATLA-M5">5327.29333333333</dst>
            <dst id="ATLAng">10162.3093333333</dst>
            <dst id="CHINng">75700.1866666667</dst>
            <dst id="DNVRng">9282.14133333333</dst>
            <dst id="HSTNng">4293.6</dst>
            <dst id="IPLSng">25133.4906666667</dst>
            <dst id="KSCYng">2870.488</dst>
            <dst id="LOSAng">35016.8586666667</dst>
            <dst id="NYCMng">11063.1946666667</dst>
            <dst id="SNVAng">1932.15733333333</dst>
            <dst id="STTLng">5920.34133333333</dst>
            <dst id="WASHng">12716.2906666667</dst>
        </src>
        <src id="DNVRng">
            <dst id="ATLA-M5">135.84</dst>
            <dst id="ATLAng">12879.6933333333</dst>
            <dst id="CHINng">71351.08</dst>
            <dst id="DNVRng">14044.4026666667</dst>
            <dst id="HSTNng">16391.272</dst>
            <dst id="IPLSng">29788.3333333333</dst>
            <dst id="KSCYng">23237.4186666667</dst>
            <dst id="LOSAng">13436.5946666667</dst>
            <dst id="NYCMng">18791.144</dst>
            <dst id="SNVAng">9345.78133333334</dst>
            <dst id="STTLng">9591.008</dst>
            <dst id="WASHng">28780.2</dst>
        </src>
        <src id="HSTNng">
            <dst id="ATLA-M5">4688.55733333333</dst>
            <dst id="ATLAng">896.485333333334</dst>
            <dst id="CHINng">12167.4213333333</dst>
            <dst id="DNVRng">868.050666666667</dst>
            <dst id="HSTNng">12921.2666666667</dst>
            <dst id="IPLSng">3135.94133333333</dst>
            <dst id="KSCYng">2465.46933333333</dst>
            <dst id="LOSAng">11346.168</dst>
            <dst id="NYCMng">1594.66133333333</dst>
            <dst id="SNVAng">0</dst>
            <dst id="STTLng">1248.736</dst>
            <dst id="WASHng">1650.22933333333</dst>
        </src>
        <src id="IPLSng">
            <dst id="ATLA-M5">0</dst>
            <dst id="ATLAng">14116.056</dst>
            <dst id="CHINng">78991.8186666667</dst>
            <dst id="DNVRng">20817.52</dst>
            <dst id="HSTNng">2369.89066666667</dst>
            <dst id="IPLSng">33275.7573333333</dst>
            <dst id="KSCYng">5901.94933333333</dst>
            <dst id="LOSAng">17104.4133333333</dst>
            <dst id="NYCMng">25408.704</dst>
            <dst id="SNVAng">250.069333333333</dst>
            <dst id="STTLng">10067.0053333333</dst>
            <dst id="WASHng">8931.53333333333</dst>
        </src>
        <src id="KSCYng">
            <dst id="ATLA-M5">30.6826666666667</dst>
            <dst id="ATLAng">1013.58933333333</dst>
            <dst id="CHINng">20695.5146666667</dst>
            <dst id="DNVRng">8251.544</dst>
            <dst id="HSTNng">3186.20533333333</dst>
            <dst id="IPLSng">16307.9653333333</dst>
            <dst id="KSCYng">12454.568</dst>
            <dst id="LOSAng">7379.29333333333</dst>
            <dst id="NYCMng">3299.488</dst>
            <dst id="SNVAng">3067.50666666667</dst>
            <dst id="STTLng">5893.888</dst>
            <dst id="WASHng">5671.08</dst>
        </src>
        <src id="LOSAng">
            <dst id="ATLA-M5">65.536</dst>
            <dst id="ATLAng">5661.89066666666</dst>
            <dst id="CHINng">138920.328</dst>
            <dst id="DNVRng">25293.6</dst>
            <dst id="HSTNng">5331.14666666667</dst>
            <dst id="IPLSng">32698.7253333333</dst>
            <dst id="KSCYng">3092.00266666667</dst>
            <dst id="LOSAng">18782.0106666667</dst>
            <dst id="NYCMng">47161.2</dst>
            <dst id="SNVAng">23371.3813333333</dst>
            <dst id="STTLng">33090.0906666667</dst>
            <dst id="WASHng">20778.44</dst>
        </src>
        <src id="NYCMng">
            <dst id="ATLA-M5">2050.33866666667</dst>
            <dst id="ATLAng">6584.73066666667</dst>
            <dst id="CHINng">14043.3333333333</dst>
            <dst id="DNVRng">23850.528</dst>
            <dst id="HSTNng">4656.064</dst>
            <dst id="IPLSng">18660.968</dst>
            <dst id="KSCYng">4275.25866666667</dst>
            <dst id="LOSAng">86271.416</dst>
            <dst id="NYCMng">116207.994666667</dst>
            <dst id="SNVAng">1172.536</dst>
            <dst id="STTLng">20225.2506666667</dst>
            <dst id="WASHng">34117.0906666667</dst>
        </src>
        <src id="SNVAng">
            <dst id="ATLA-M5">0</dst>
            <dst id="ATLAng">27.672</dst>
            <dst id="CHINng">123.946666666667</dst>
            <dst id="DNVRng">3486.208</dst>
            <dst id="HSTNng">38.0586666666667</dst>
            <dst id="IPLSng">244.106666666667</dst>
            <dst id="KSCYng">26.6666666666667</dst>
            <dst id="LOSAng">34995.456</dst>
            <dst id="NYCMng">8601.16266666667</dst>
            <dst id="SNVAng">4683.11466666667</dst>
            <dst id="STTLng">26886.016</dst>
            <dst id="WASHng">26.6666666666667</dst>
        </src>
        <src id="STTLng">
            <dst id="ATLA-M5">0</dst>
            <dst id="ATLAng">5112.52266666667</dst>
            <dst id="CHINng">45532.2933333333</dst>
            <dst id="DNVRng">1908.84533333333</dst>
            <dst id="HSTNng">9553</dst>
            <dst id="IPLSng">3236.73333333333</dst>
            <dst id="KSCYng">1593.488</dst>
            <dst id="LOSAng">19779.1386666667</dst>
            <dst id="NYCMng">12504.6453333333</dst>
            <dst id="SNVAng">4363.824</dst>
            <dst id="STTLng">19817.5973333333</dst>
            <dst id="WASHng">3671.184</dst>
        </src>
        <src id="WASHng">
            <dst id="ATLA-M5">1137.33333333333</dst>
            <dst id="ATLAng">87895.2506666666</dst>
            <dst id="CHINng">98260.208</dst>
            <dst id="DNVRng">49075.1893333333</dst>
            <dst id="HSTNng">29733.0933333333</dst>
            <dst id="IPLSng">68403.368</dst>
            <dst id="KSCYng">16314.4586666667</dst>
            <dst id="LOSAng">82298.2853333333</dst>
            <dst id="NYCMng">113221.352</dst>
            <dst id="SNVAng">1781.02666666667</dst>
            <dst id="STTLng">43373.7146666667</dst>
            <dst id="WASHng">287900.826666667</dst>
        </src>
    </IntraTM>
</TrafficMatrixFile>
