<?xml version="1.0" encoding="ISO-8859-1" standalone="yes"?>
<TrafficMatrixFile xsi:noNamespaceSchemaLocation="http://totem.run.montefiore.ulg.ac.be/Schema/TrafficMatrix-v1_2.xsd" xmlns:xsi="http://www.w3.org/2001/XMLSchema-instance">
    <IntraTM ASID="11537">
        <src id="ATLA-M5">
            <dst id="ATLA-M5">0</dst>
            <dst id="ATLAng">586.176</dst>
            <dst id="CHINng">106.666666666667</dst>
            <dst id="DNVRng">26.6666666666667</dst>
            <dst id="HSTNng">135.402666666667</dst>
            <dst id="IPLSng">120</dst>
            <dst id="KSCYng">272.989333333333</dst>
            <dst id="LOSAng">259.533333333333</dst>
            <dst id="NYCMng">53.3333333333333</dst>
            <dst id="SNVAng">0</dst>
            <dst id="STTLng">26.6666666666667</dst>
            <dst id="WASHng">507.138666666667</dst>
        </src>
        <src id="ATLAng">
            <dst id="ATLA-M5">76.48</dst>
            <dst id="ATLAng">25518.3013333333</dst>
            <dst id="CHINng">8201.63466666667</dst>
            <dst id="DNVRng">3587.42933333333</dst>
            <dst id="HSTNng">8511.37066666667</dst>
            <dst id="IPLSng">16595.8693333333</dst>
            <dst id="KSCYng">689.394666666667</dst>
            <dst id="LOSAng">13051.3493333333</dst>
            <dst id="NYCMng">2694.45866666667</dst>
            <dst id="SNVAng">145.344</dst>
            <dst id="STTLng">7164.14666666667</dst>
            <dst id="WASHng">26956.4453333333</dst>
        </src>
        <src id="CHINng">
            <dst id="ATLA-M5">824.933333333334</dst>
            <dst id="ATLAng">9801.24</dst>
            <dst id="CHINng">37333.784</dst>
            <dst id="DNVRng">20673.4026666667</dst>
            <dst id="HSTNng">8951.272</dst>
            <dst id="IPLSng">25914.3706666667</dst>
            <dst id="KSCYng">7984.352</dst>
            <dst id="LOSAng">38023.5866666667</dst>
            <dst id="NYCMng">9899.248</dst>
            <dst id="SNVAng">4917.16533333333</dst>
            <dst id="STTLng">12775.4826666667</dst>
            <dst id="WASHng">32184.336</dst>
        </src>
        <src id="DNVRng">
            <dst id="ATLA-M5">97.76</dst>
            <dst id="ATLAng">9359.744</dst>
            <dst id="CHINng">47688.2986666667</dst>
            <dst id="DNVRng">16864.208</dst>
            <dst id="HSTNng">17408.12</dst>
            <dst id="IPLSng">26629.4053333333</dst>
            <dst id="KSCYng">30753.664</dst>
            <dst id="LOSAng">31231.2746666667</dst>
            <dst id="NYCMng">13641.0826666667</dst>
            <dst id="SNVAng">27095.1546666667</dst>
            <dst id="STTLng">10625.1813333333</dst>
            <dst id="WASHng">36490.3653333333</dst>
        </src>
        <src id="HSTNng">
            <dst id="ATLA-M5">3400.90133333333</dst>
            <dst id="ATLAng">10686.3333333333</dst>
            <dst id="CHINng">9770.136</dst>
            <dst id="DNVRng">977.346666666667</dst>
            <dst id="HSTNng">14202.7626666667</dst>
            <dst id="IPLSng">1017.13333333333</dst>
            <dst id="KSCYng">2145.07733333333</dst>
            <dst id="LOSAng">7339.22933333333</dst>
            <dst id="NYCMng">2516.33333333333</dst>
            <dst id="SNVAng">0</dst>
            <dst id="STTLng">1910.128</dst>
            <dst id="WASHng">9663.98133333333</dst>
        </src>
        <src id="IPLSng">
            <dst id="ATLA-M5">53.3333333333333</dst>
            <dst id="ATLAng">16394.3653333333</dst>
            <dst id="CHINng">48901.9333333333</dst>
            <dst id="DNVRng">28367.7146666667</dst>
            <dst id="HSTNng">1139.29866666667</dst>
            <dst id="IPLSng">29869.2533333333</dst>
            <dst id="KSCYng">6894.73066666667</dst>
            <dst id="LOSAng">17565.488</dst>
            <dst id="NYCMng">20197.0106666667</dst>
            <dst id="SNVAng">2165.296</dst>
            <dst id="STTLng">12671.136</dst>
            <dst id="WASHng">10369.5226666667</dst>
        </src>
        <src id="KSCYng">
            <dst id="ATLA-M5">849.250666666667</dst>
            <dst id="ATLAng">4177.93333333333</dst>
            <dst id="CHINng">11418.9066666667</dst>
            <dst id="DNVRng">11387.0853333333</dst>
            <dst id="HSTNng">3538.472</dst>
            <dst id="IPLSng">16382.0453333333</dst>
            <dst id="KSCYng">11841.3466666667</dst>
            <dst id="LOSAng">10481.8506666667</dst>
            <dst id="NYCMng">3836.06133333333</dst>
            <dst id="SNVAng">2574.53866666667</dst>
            <dst id="STTLng">5333.94133333333</dst>
            <dst id="WASHng">6937.77066666667</dst>
        </src>
        <src id="LOSAng">
            <dst id="ATLA-M5">80.8266666666667</dst>
            <dst id="ATLAng">14135.6986666667</dst>
            <dst id="CHINng">53362.3786666667</dst>
            <dst id="DNVRng">6945.20533333334</dst>
            <dst id="HSTNng">9789.032</dst>
            <dst id="IPLSng">27649.0666666667</dst>
            <dst id="KSCYng">3782.05866666667</dst>
            <dst id="LOSAng">129678.949333333</dst>
            <dst id="NYCMng">30959.76</dst>
            <dst id="SNVAng">19633.712</dst>
            <dst id="STTLng">25724.0186666667</dst>
            <dst id="WASHng">26767.4853333333</dst>
        </src>
        <src id="NYCMng">
            <dst id="ATLA-M5">348.005333333333</dst>
            <dst id="ATLAng">21191.0213333333</dst>
            <dst id="CHINng">25331.3813333333</dst>
            <dst id="DNVRng">25570.384</dst>
            <dst id="HSTNng">11629.5493333333</dst>
            <dst id="IPLSng">15326.9066666667</dst>
            <dst id="KSCYng">10406.7946666667</dst>
            <dst id="LOSAng">72920.5413333333</dst>
            <dst id="NYCMng">55233.6346666667</dst>
            <dst id="SNVAng">3474.216</dst>
            <dst id="STTLng">29304.7786666667</dst>
            <dst id="WASHng">41529.816</dst>
        </src>
        <src id="SNVAng">
            <dst id="ATLA-M5">0</dst>
            <dst id="ATLAng">643.168</dst>
            <dst id="CHINng">0</dst>
            <dst id="DNVRng">9197.648</dst>
            <dst id="HSTNng">1415.552</dst>
            <dst id="IPLSng">212.048</dst>
            <dst id="KSCYng">26.6666666666667</dst>
            <dst id="LOSAng">39207.864</dst>
            <dst id="NYCMng">8830.07466666667</dst>
            <dst id="SNVAng">10394.3653333333</dst>
            <dst id="STTLng">41292.1306666667</dst>
            <dst id="WASHng">642.272</dst>
        </src>
        <src id="STTLng">
            <dst id="ATLA-M5">492.168</dst>
            <dst id="ATLAng">11548.392</dst>
            <dst id="CHINng">12398.0693333333</dst>
            <dst id="DNVRng">3237.46666666667</dst>
            <dst id="HSTNng">3671.056</dst>
            <dst id="IPLSng">5634.60266666667</dst>
            <dst id="KSCYng">2158.272</dst>
            <dst id="LOSAng">19793.72</dst>
            <dst id="NYCMng">10428.8293333333</dst>
            <dst id="SNVAng">11070.504</dst>
            <dst id="STTLng">24723.6586666667</dst>
            <dst id="WASHng">10558.6213333333</dst>
        </src>
        <src id="WASHng">
            <dst id="ATLA-M5">280.978666666667</dst>
            <dst id="ATLAng">102916.130666667</dst>
            <dst id="CHINng">82529.7786666667</dst>
            <dst id="DNVRng">59162.032</dst>
            <dst id="HSTNng">31092.2826666667</dst>
            <dst id="IPLSng">43111.616</dst>
            <dst id="KSCYng">14825.7546666667</dst>
            <dst id="LOSAng">75808.008</dst>
            <dst id="NYCMng">150593.416</dst>
            <dst id="SNVAng">2885.21066666667</dst>
            <dst id="STTLng">45299.616</dst>
            <dst id="WASHng">219011.530666667</dst>
        </src>
    </IntraTM>
</TrafficMatrixFile>
