<?xml version="1.0" encoding="ISO-8859-1" standalone="yes"?>
<TrafficMatrixFile xsi:noNamespaceSchemaLocation="http://totem.run.montefiore.ulg.ac.be/Schema/TrafficMatrix-v1_2.xsd" xmlns:xsi="http://www.w3.org/2001/XMLSchema-instance">
    <IntraTM ASID="11537">
        <src id="ATLA-M5">
            <dst id="ATLA-M5">0</dst>
            <dst id="ATLAng">0</dst>
            <dst id="CHINng">1059.13866666667</dst>
            <dst id="DNVRng">0</dst>
            <dst id="HSTNng">33.4373333333333</dst>
            <dst id="IPLSng">156</dst>
            <dst id="KSCYng">848.389333333333</dst>
            <dst id="LOSAng">26.6666666666667</dst>
            <dst id="NYCMng">484.149333333333</dst>
            <dst id="SNVAng">0</dst>
            <dst id="STTLng">128.042666666667</dst>
            <dst id="WASHng">211.808</dst>
        </src>
        <src id="ATLAng">
            <dst id="ATLA-M5">53.3333333333333</dst>
            <dst id="ATLAng">27816.232</dst>
            <dst id="CHINng">10179.56</dst>
            <dst id="DNVRng">3198.49333333333</dst>
            <dst id="HSTNng">3748.152</dst>
            <dst id="IPLSng">21672.2773333333</dst>
            <dst id="KSCYng">7583.30666666667</dst>
            <dst id="LOSAng">16591.552</dst>
            <dst id="NYCMng">6043.70666666667</dst>
            <dst id="SNVAng">446.301333333333</dst>
            <dst id="STTLng">4821.47466666667</dst>
            <dst id="WASHng">35439.2746666667</dst>
        </src>
        <src id="CHINng">
            <dst id="ATLA-M5">143.026666666667</dst>
            <dst id="ATLAng">15369.192</dst>
            <dst id="CHINng">67966.7333333333</dst>
            <dst id="DNVRng">7862.28266666667</dst>
            <dst id="HSTNng">6602.18133333333</dst>
            <dst id="IPLSng">23781.992</dst>
            <dst id="KSCYng">5191.464</dst>
            <dst id="LOSAng">59497.9893333333</dst>
            <dst id="NYCMng">10440.7226666667</dst>
            <dst id="SNVAng">10581.9946666667</dst>
            <dst id="STTLng">8333.96</dst>
            <dst id="WASHng">27283.6693333333</dst>
        </src>
        <src id="DNVRng">
            <dst id="ATLA-M5">118.88</dst>
            <dst id="ATLAng">12562.6106666667</dst>
            <dst id="CHINng">39718.1893333333</dst>
            <dst id="DNVRng">6068.42133333333</dst>
            <dst id="HSTNng">13354.2826666667</dst>
            <dst id="IPLSng">29688.7226666667</dst>
            <dst id="KSCYng">11697.6</dst>
            <dst id="LOSAng">15699.9733333333</dst>
            <dst id="NYCMng">13884.6293333333</dst>
            <dst id="SNVAng">6052.00266666667</dst>
            <dst id="STTLng">19022.6106666667</dst>
            <dst id="WASHng">38893.9893333333</dst>
        </src>
        <src id="HSTNng">
            <dst id="ATLA-M5">1071.072</dst>
            <dst id="ATLAng">7310.952</dst>
            <dst id="CHINng">16953.0693333333</dst>
            <dst id="DNVRng">1064.384</dst>
            <dst id="HSTNng">12216.6533333333</dst>
            <dst id="IPLSng">4313.86133333334</dst>
            <dst id="KSCYng">1484.72</dst>
            <dst id="LOSAng">5818.54133333333</dst>
            <dst id="NYCMng">3603.87466666667</dst>
            <dst id="SNVAng">0</dst>
            <dst id="STTLng">1907.28266666667</dst>
            <dst id="WASHng">12166.1706666667</dst>
        </src>
        <src id="IPLSng">
            <dst id="ATLA-M5">453.466666666667</dst>
            <dst id="ATLAng">16527.5253333333</dst>
            <dst id="CHINng">67412.7386666667</dst>
            <dst id="DNVRng">8207.18933333333</dst>
            <dst id="HSTNng">2585.77066666667</dst>
            <dst id="IPLSng">11140.0613333333</dst>
            <dst id="KSCYng">3398.94666666667</dst>
            <dst id="LOSAng">35330.84</dst>
            <dst id="NYCMng">23489.896</dst>
            <dst id="SNVAng">3354.06933333333</dst>
            <dst id="STTLng">13899.9946666667</dst>
            <dst id="WASHng">12395.6346666667</dst>
        </src>
        <src id="KSCYng">
            <dst id="ATLA-M5">1336.16533333333</dst>
            <dst id="ATLAng">3131.45866666667</dst>
            <dst id="CHINng">16229.4453333333</dst>
            <dst id="DNVRng">10409.6613333333</dst>
            <dst id="HSTNng">3473.16</dst>
            <dst id="IPLSng">8929.344</dst>
            <dst id="KSCYng">6754.31466666667</dst>
            <dst id="LOSAng">8649.608</dst>
            <dst id="NYCMng">3569.44</dst>
            <dst id="SNVAng">2722.128</dst>
            <dst id="STTLng">4836.42666666667</dst>
            <dst id="WASHng">18924.2826666667</dst>
        </src>
        <src id="LOSAng">
            <dst id="ATLA-M5">82.2053333333333</dst>
            <dst id="ATLAng">23935.68</dst>
            <dst id="CHINng">362853.333333333</dst>
            <dst id="DNVRng">23737.9733333333</dst>
            <dst id="HSTNng">15074.152</dst>
            <dst id="IPLSng">13376.5573333333</dst>
            <dst id="KSCYng">4652.66933333333</dst>
            <dst id="LOSAng">18914.28</dst>
            <dst id="NYCMng">31984.104</dst>
            <dst id="SNVAng">25603.688</dst>
            <dst id="STTLng">25024.6293333333</dst>
            <dst id="WASHng">40940.0586666667</dst>
        </src>
        <src id="NYCMng">
            <dst id="ATLA-M5">4007.89066666667</dst>
            <dst id="ATLAng">22710.12</dst>
            <dst id="CHINng">52530.968</dst>
            <dst id="DNVRng">29208.1706666667</dst>
            <dst id="HSTNng">10682.704</dst>
            <dst id="IPLSng">20673.3413333333</dst>
            <dst id="KSCYng">15288.2746666667</dst>
            <dst id="LOSAng">74234.9546666667</dst>
            <dst id="NYCMng">87315.3653333333</dst>
            <dst id="SNVAng">3998.112</dst>
            <dst id="STTLng">25568.328</dst>
            <dst id="WASHng">42060.488</dst>
        </src>
        <src id="SNVAng">
            <dst id="ATLA-M5">0</dst>
            <dst id="ATLAng">60.3093333333333</dst>
            <dst id="CHINng">26.6666666666667</dst>
            <dst id="DNVRng">5897.05866666667</dst>
            <dst id="HSTNng">1731.904</dst>
            <dst id="IPLSng">588.581333333333</dst>
            <dst id="KSCYng">26.6666666666667</dst>
            <dst id="LOSAng">38463.1573333333</dst>
            <dst id="NYCMng">305.642666666667</dst>
            <dst id="SNVAng">10377.968</dst>
            <dst id="STTLng">32711.7013333333</dst>
            <dst id="WASHng">447.296</dst>
        </src>
        <src id="STTLng">
            <dst id="ATLA-M5">212.722666666667</dst>
            <dst id="ATLAng">12129.5546666667</dst>
            <dst id="CHINng">20146.624</dst>
            <dst id="DNVRng">4799.28533333333</dst>
            <dst id="HSTNng">4920.34133333333</dst>
            <dst id="IPLSng">7023.75466666667</dst>
            <dst id="KSCYng">6879.03733333333</dst>
            <dst id="LOSAng">29949.2453333333</dst>
            <dst id="NYCMng">10375.1466666667</dst>
            <dst id="SNVAng">3290.89866666667</dst>
            <dst id="STTLng">18018.8</dst>
            <dst id="WASHng">13212.6666666667</dst>
        </src>
        <src id="WASHng">
            <dst id="ATLA-M5">151.533333333333</dst>
            <dst id="ATLAng">77136.1866666667</dst>
            <dst id="CHINng">68206.2906666667</dst>
            <dst id="DNVRng">74296.1813333333</dst>
            <dst id="HSTNng">34552.976</dst>
            <dst id="IPLSng">52134.4346666667</dst>
            <dst id="KSCYng">15751.5786666667</dst>
            <dst id="LOSAng">85854.232</dst>
            <dst id="NYCMng">145545.024</dst>
            <dst id="SNVAng">6547.432</dst>
            <dst id="STTLng">59335.92</dst>
            <dst id="WASHng">190110.898666667</dst>
        </src>
    </IntraTM>
</TrafficMatrixFile>
