<?xml version="1.0" encoding="ISO-8859-1" standalone="yes"?>
<TrafficMatrixFile xsi:noNamespaceSchemaLocation="http://totem.run.montefiore.ulg.ac.be/Schema/TrafficMatrix-v1_2.xsd" xmlns:xsi="http://www.w3.org/2001/XMLSchema-instance">
    <IntraTM ASID="11537">
        <src id="ATLA-M5">
            <dst id="ATLA-M5">26.6666666666667</dst>
            <dst id="ATLAng">93.464</dst>
            <dst id="CHINng">114.525333333333</dst>
            <dst id="DNVRng">26.6666666666667</dst>
            <dst id="HSTNng">0</dst>
            <dst id="IPLSng">76.7813333333333</dst>
            <dst id="KSCYng">0</dst>
            <dst id="LOSAng">351.04</dst>
            <dst id="NYCMng">0</dst>
            <dst id="SNVAng">0</dst>
            <dst id="STTLng">42.5706666666667</dst>
            <dst id="WASHng">227.029333333333</dst>
        </src>
        <src id="ATLAng">
            <dst id="ATLA-M5">636.117333333333</dst>
            <dst id="ATLAng">20010.112</dst>
            <dst id="CHINng">3512.984</dst>
            <dst id="DNVRng">2591.72266666667</dst>
            <dst id="HSTNng">6068.06666666667</dst>
            <dst id="IPLSng">25450.048</dst>
            <dst id="KSCYng">606.861333333333</dst>
            <dst id="LOSAng">8162.89866666667</dst>
            <dst id="NYCMng">4398.03466666667</dst>
            <dst id="SNVAng">244.448</dst>
            <dst id="STTLng">8046.29333333333</dst>
            <dst id="WASHng">21234.64</dst>
        </src>
        <src id="CHINng">
            <dst id="ATLA-M5">26.6666666666667</dst>
            <dst id="ATLAng">17611.0826666667</dst>
            <dst id="CHINng">52270.104</dst>
            <dst id="DNVRng">28845.856</dst>
            <dst id="HSTNng">5141.11466666667</dst>
            <dst id="IPLSng">27683.608</dst>
            <dst id="KSCYng">9550.62133333333</dst>
            <dst id="LOSAng">43635.312</dst>
            <dst id="NYCMng">16431.8986666667</dst>
            <dst id="SNVAng">2768.59733333333</dst>
            <dst id="STTLng">6369.00533333333</dst>
            <dst id="WASHng">47770.5546666667</dst>
        </src>
        <src id="DNVRng">
            <dst id="ATLA-M5">134.645333333333</dst>
            <dst id="ATLAng">5607.74133333333</dst>
            <dst id="CHINng">44476.8133333333</dst>
            <dst id="DNVRng">7212.61866666667</dst>
            <dst id="HSTNng">14288.6773333333</dst>
            <dst id="IPLSng">44833.9306666667</dst>
            <dst id="KSCYng">12375.0346666667</dst>
            <dst id="LOSAng">20602.216</dst>
            <dst id="NYCMng">12624.8213333333</dst>
            <dst id="SNVAng">10264.752</dst>
            <dst id="STTLng">23517.4026666667</dst>
            <dst id="WASHng">32732.5706666667</dst>
        </src>
        <src id="HSTNng">
            <dst id="ATLA-M5">377.856</dst>
            <dst id="ATLAng">13516.9653333333</dst>
            <dst id="CHINng">6204.15733333333</dst>
            <dst id="DNVRng">659.36</dst>
            <dst id="HSTNng">15491.624</dst>
            <dst id="IPLSng">1400.19733333333</dst>
            <dst id="KSCYng">909.552</dst>
            <dst id="LOSAng">3436.25066666667</dst>
            <dst id="NYCMng">5154.88533333333</dst>
            <dst id="SNVAng">228.629333333333</dst>
            <dst id="STTLng">1870.09866666667</dst>
            <dst id="WASHng">21545.1706666667</dst>
        </src>
        <src id="IPLSng">
            <dst id="ATLA-M5">106.666666666667</dst>
            <dst id="ATLAng">27699.3706666667</dst>
            <dst id="CHINng">59558.512</dst>
            <dst id="DNVRng">14798.8933333333</dst>
            <dst id="HSTNng">2747.63733333333</dst>
            <dst id="IPLSng">36179.216</dst>
            <dst id="KSCYng">7571.82933333333</dst>
            <dst id="LOSAng">21129.9493333333</dst>
            <dst id="NYCMng">33328.8133333333</dst>
            <dst id="SNVAng">730.016</dst>
            <dst id="STTLng">9219.36533333333</dst>
            <dst id="WASHng">21989.1066666667</dst>
        </src>
        <src id="KSCYng">
            <dst id="ATLA-M5">0</dst>
            <dst id="ATLAng">1774.25866666667</dst>
            <dst id="CHINng">15062.1173333333</dst>
            <dst id="DNVRng">9894.08266666667</dst>
            <dst id="HSTNng">11499.3786666667</dst>
            <dst id="IPLSng">11594.632</dst>
            <dst id="KSCYng">6350.40266666667</dst>
            <dst id="LOSAng">6813.288</dst>
            <dst id="NYCMng">3106.30933333333</dst>
            <dst id="SNVAng">3067.28</dst>
            <dst id="STTLng">3460.53333333333</dst>
            <dst id="WASHng">14157.0506666667</dst>
        </src>
        <src id="LOSAng">
            <dst id="ATLA-M5">826.24</dst>
            <dst id="ATLAng">22231.896</dst>
            <dst id="CHINng">67020.7333333333</dst>
            <dst id="DNVRng">28006.9413333333</dst>
            <dst id="HSTNng">8905.52</dst>
            <dst id="IPLSng">10367.3093333333</dst>
            <dst id="KSCYng">5499.97866666667</dst>
            <dst id="LOSAng">17946.304</dst>
            <dst id="NYCMng">40424.1333333333</dst>
            <dst id="SNVAng">13680.544</dst>
            <dst id="STTLng">23548.6586666667</dst>
            <dst id="WASHng">24385.0213333333</dst>
        </src>
        <src id="NYCMng">
            <dst id="ATLA-M5">620.005333333333</dst>
            <dst id="ATLAng">24588.384</dst>
            <dst id="CHINng">20203.504</dst>
            <dst id="DNVRng">33894.4773333333</dst>
            <dst id="HSTNng">8871.57333333333</dst>
            <dst id="IPLSng">36366.536</dst>
            <dst id="KSCYng">14639.5546666667</dst>
            <dst id="LOSAng">74215.1973333333</dst>
            <dst id="NYCMng">92847.072</dst>
            <dst id="SNVAng">6174.48266666667</dst>
            <dst id="STTLng">25749.768</dst>
            <dst id="WASHng">66037.28</dst>
        </src>
        <src id="SNVAng">
            <dst id="ATLA-M5">0</dst>
            <dst id="ATLAng">26.6666666666667</dst>
            <dst id="CHINng">26.6666666666667</dst>
            <dst id="DNVRng">7181.09333333333</dst>
            <dst id="HSTNng">60.5226666666667</dst>
            <dst id="IPLSng">253.954666666667</dst>
            <dst id="KSCYng">95.1546666666667</dst>
            <dst id="LOSAng">38753.488</dst>
            <dst id="NYCMng">559.504</dst>
            <dst id="SNVAng">7468.024</dst>
            <dst id="STTLng">30428.9413333333</dst>
            <dst id="WASHng">113.274666666667</dst>
        </src>
        <src id="STTLng">
            <dst id="ATLA-M5">53.3333333333333</dst>
            <dst id="ATLAng">7022.10933333333</dst>
            <dst id="CHINng">13049.904</dst>
            <dst id="DNVRng">4767.64</dst>
            <dst id="HSTNng">3145.64533333333</dst>
            <dst id="IPLSng">7558.88533333333</dst>
            <dst id="KSCYng">3546.21333333333</dst>
            <dst id="LOSAng">21974.8186666667</dst>
            <dst id="NYCMng">14843.6133333333</dst>
            <dst id="SNVAng">3790.51733333333</dst>
            <dst id="STTLng">2025.68</dst>
            <dst id="WASHng">10261.896</dst>
        </src>
        <src id="WASHng">
            <dst id="ATLA-M5">81.3333333333333</dst>
            <dst id="ATLAng">141396.781333333</dst>
            <dst id="CHINng">34540.0533333333</dst>
            <dst id="DNVRng">82603.304</dst>
            <dst id="HSTNng">16161.4053333333</dst>
            <dst id="IPLSng">55204.9013333333</dst>
            <dst id="KSCYng">7207.664</dst>
            <dst id="LOSAng">74715.0346666667</dst>
            <dst id="NYCMng">118659.112</dst>
            <dst id="SNVAng">19498.6373333333</dst>
            <dst id="STTLng">54105.7386666667</dst>
            <dst id="WASHng">250835.968</dst>
        </src>
    </IntraTM>
</TrafficMatrixFile>
