<?xml version="1.0" encoding="ISO-8859-1" standalone="yes"?>
<TrafficMatrixFile xsi:noNamespaceSchemaLocation="http://totem.run.montefiore.ulg.ac.be/Schema/TrafficMatrix-v1_2.xsd" xmlns:xsi="http://www.w3.org/2001/XMLSchema-instance">
    <IntraTM ASID="11537">
        <src id="ATLA-M5">
            <dst id="ATLA-M5">26.6666666666667</dst>
            <dst id="ATLAng">26.6666666666667</dst>
            <dst id="CHINng">114.68</dst>
            <dst id="DNVRng">0</dst>
            <dst id="HSTNng">871.248</dst>
            <dst id="IPLSng">0</dst>
            <dst id="KSCYng">0</dst>
            <dst id="LOSAng">218.152</dst>
            <dst id="NYCMng">167.205333333333</dst>
            <dst id="SNVAng">0</dst>
            <dst id="STTLng">0</dst>
            <dst id="WASHng">1295.81866666667</dst>
        </src>
        <src id="ATLAng">
            <dst id="ATLA-M5">60.4266666666667</dst>
            <dst id="ATLAng">21204.7413333333</dst>
            <dst id="CHINng">8064.07466666666</dst>
            <dst id="DNVRng">2528.90666666667</dst>
            <dst id="HSTNng">440.517333333333</dst>
            <dst id="IPLSng">11826.8933333333</dst>
            <dst id="KSCYng">1869.2</dst>
            <dst id="LOSAng">31231.9653333333</dst>
            <dst id="NYCMng">9254.216</dst>
            <dst id="SNVAng">150.666666666667</dst>
            <dst id="STTLng">5771.12</dst>
            <dst id="WASHng">43365.8133333333</dst>
        </src>
        <src id="CHINng">
            <dst id="ATLA-M5">262.226666666667</dst>
            <dst id="ATLAng">10606.3946666667</dst>
            <dst id="CHINng">94501.5786666667</dst>
            <dst id="DNVRng">19688.0213333333</dst>
            <dst id="HSTNng">9200.10666666667</dst>
            <dst id="IPLSng">22668.5973333333</dst>
            <dst id="KSCYng">2930.99466666667</dst>
            <dst id="LOSAng">48817.8</dst>
            <dst id="NYCMng">18275.4293333333</dst>
            <dst id="SNVAng">1919.23466666667</dst>
            <dst id="STTLng">7892.86133333333</dst>
            <dst id="WASHng">14533.4186666667</dst>
        </src>
        <src id="DNVRng">
            <dst id="ATLA-M5">85.92</dst>
            <dst id="ATLAng">7516.75466666666</dst>
            <dst id="CHINng">74470.5466666666</dst>
            <dst id="DNVRng">3126.59466666667</dst>
            <dst id="HSTNng">13346.5973333333</dst>
            <dst id="IPLSng">26291.6986666667</dst>
            <dst id="KSCYng">11536.4853333333</dst>
            <dst id="LOSAng">9808.50133333334</dst>
            <dst id="NYCMng">16683.672</dst>
            <dst id="SNVAng">6245.45333333333</dst>
            <dst id="STTLng">7602.936</dst>
            <dst id="WASHng">39600.8293333333</dst>
        </src>
        <src id="HSTNng">
            <dst id="ATLA-M5">2733.81866666667</dst>
            <dst id="ATLAng">1743.35466666667</dst>
            <dst id="CHINng">15746.0186666667</dst>
            <dst id="DNVRng">1988.70933333333</dst>
            <dst id="HSTNng">13719.5253333333</dst>
            <dst id="IPLSng">4652.66666666667</dst>
            <dst id="KSCYng">629.346666666667</dst>
            <dst id="LOSAng">10749.688</dst>
            <dst id="NYCMng">1405.95466666667</dst>
            <dst id="SNVAng">0</dst>
            <dst id="STTLng">751.725333333333</dst>
            <dst id="WASHng">1665.21866666667</dst>
        </src>
        <src id="IPLSng">
            <dst id="ATLA-M5">0</dst>
            <dst id="ATLAng">18770.344</dst>
            <dst id="CHINng">87326.8346666667</dst>
            <dst id="DNVRng">15743.7413333333</dst>
            <dst id="HSTNng">11525.6293333333</dst>
            <dst id="IPLSng">7983.224</dst>
            <dst id="KSCYng">7158.82933333333</dst>
            <dst id="LOSAng">18707.576</dst>
            <dst id="NYCMng">28013.7786666667</dst>
            <dst id="SNVAng">272.408</dst>
            <dst id="STTLng">11417.5066666667</dst>
            <dst id="WASHng">10654.0986666667</dst>
        </src>
        <src id="KSCYng">
            <dst id="ATLA-M5">0</dst>
            <dst id="ATLAng">1971.27466666667</dst>
            <dst id="CHINng">23868.0053333333</dst>
            <dst id="DNVRng">10904.368</dst>
            <dst id="HSTNng">1999.848</dst>
            <dst id="IPLSng">9118.50133333334</dst>
            <dst id="KSCYng">8639.40266666667</dst>
            <dst id="LOSAng">3901.2</dst>
            <dst id="NYCMng">1657.08</dst>
            <dst id="SNVAng">2511.62933333333</dst>
            <dst id="STTLng">7663.376</dst>
            <dst id="WASHng">24242.4826666667</dst>
        </src>
        <src id="LOSAng">
            <dst id="ATLA-M5">56.2346666666667</dst>
            <dst id="ATLAng">8242.008</dst>
            <dst id="CHINng">144231.381333333</dst>
            <dst id="DNVRng">19325.24</dst>
            <dst id="HSTNng">10882.4106666667</dst>
            <dst id="IPLSng">7767.104</dst>
            <dst id="KSCYng">4649.096</dst>
            <dst id="LOSAng">14183.1546666667</dst>
            <dst id="NYCMng">29298.696</dst>
            <dst id="SNVAng">17850.2186666667</dst>
            <dst id="STTLng">41165.5093333333</dst>
            <dst id="WASHng">15936.6133333333</dst>
        </src>
        <src id="NYCMng">
            <dst id="ATLA-M5">315.045333333333</dst>
            <dst id="ATLAng">12321.1253333333</dst>
            <dst id="CHINng">19877.7733333333</dst>
            <dst id="DNVRng">23393.1546666667</dst>
            <dst id="HSTNng">7510.11466666667</dst>
            <dst id="IPLSng">15026.4</dst>
            <dst id="KSCYng">10812.5946666667</dst>
            <dst id="LOSAng">78191.8053333333</dst>
            <dst id="NYCMng">93292.3386666667</dst>
            <dst id="SNVAng">1505.89333333333</dst>
            <dst id="STTLng">14200.8133333333</dst>
            <dst id="WASHng">37097.936</dst>
        </src>
        <src id="SNVAng">
            <dst id="ATLA-M5">0</dst>
            <dst id="ATLAng">26.6666666666667</dst>
            <dst id="CHINng">189.776</dst>
            <dst id="DNVRng">3586.09333333333</dst>
            <dst id="HSTNng">58.624</dst>
            <dst id="IPLSng">211.005333333333</dst>
            <dst id="KSCYng">0</dst>
            <dst id="LOSAng">32961.5546666667</dst>
            <dst id="NYCMng">303.850666666667</dst>
            <dst id="SNVAng">4161.64266666667</dst>
            <dst id="STTLng">23745.5306666667</dst>
            <dst id="WASHng">0</dst>
        </src>
        <src id="STTLng">
            <dst id="ATLA-M5">0</dst>
            <dst id="ATLAng">5493.85866666667</dst>
            <dst id="CHINng">21121.4533333333</dst>
            <dst id="DNVRng">1843.944</dst>
            <dst id="HSTNng">757.392</dst>
            <dst id="IPLSng">5123.86666666667</dst>
            <dst id="KSCYng">3365.18933333333</dst>
            <dst id="LOSAng">14797.2266666667</dst>
            <dst id="NYCMng">12662.5466666667</dst>
            <dst id="SNVAng">2268.91733333333</dst>
            <dst id="STTLng">1180.168</dst>
            <dst id="WASHng">14483.0346666667</dst>
        </src>
        <src id="WASHng">
            <dst id="ATLA-M5">1035.52533333333</dst>
            <dst id="ATLAng">88508.5226666667</dst>
            <dst id="CHINng">49636.584</dst>
            <dst id="DNVRng">48511.568</dst>
            <dst id="HSTNng">23507.288</dst>
            <dst id="IPLSng">42364.312</dst>
            <dst id="KSCYng">6908.90666666667</dst>
            <dst id="LOSAng">63653.5253333333</dst>
            <dst id="NYCMng">119618.312</dst>
            <dst id="SNVAng">2421.94666666667</dst>
            <dst id="STTLng">36799.504</dst>
            <dst id="WASHng">311105.68</dst>
        </src>
    </IntraTM>
</TrafficMatrixFile>
