<?xml version="1.0" encoding="ISO-8859-1" standalone="yes"?>
<TrafficMatrixFile xsi:noNamespaceSchemaLocation="http://totem.run.montefiore.ulg.ac.be/Schema/TrafficMatrix-v1_2.xsd" xmlns:xsi="http://www.w3.org/2001/XMLSchema-instance">
    <IntraTM ASID="11537">
        <src id="ATLA-M5">
            <dst id="ATLA-M5">0</dst>
            <dst id="ATLAng">31.456</dst>
            <dst id="CHINng">0</dst>
            <dst id="DNVRng">0</dst>
            <dst id="HSTNng">0</dst>
            <dst id="IPLSng">1317.768</dst>
            <dst id="KSCYng">0</dst>
            <dst id="LOSAng">70.2506666666667</dst>
            <dst id="NYCMng">584.856</dst>
            <dst id="SNVAng">0</dst>
            <dst id="STTLng">26.6666666666667</dst>
            <dst id="WASHng">932.506666666667</dst>
        </src>
        <src id="ATLAng">
            <dst id="ATLA-M5">189.536</dst>
            <dst id="ATLAng">22998.56</dst>
            <dst id="CHINng">15871.4213333333</dst>
            <dst id="DNVRng">4213.97866666667</dst>
            <dst id="HSTNng">589.445333333333</dst>
            <dst id="IPLSng">12265.4826666667</dst>
            <dst id="KSCYng">566.925333333333</dst>
            <dst id="LOSAng">11879.5813333333</dst>
            <dst id="NYCMng">9559.61066666667</dst>
            <dst id="SNVAng">1243.89066666667</dst>
            <dst id="STTLng">6228.4</dst>
            <dst id="WASHng">58508.3733333333</dst>
        </src>
        <src id="CHINng">
            <dst id="ATLA-M5">117.786666666667</dst>
            <dst id="ATLAng">9246.98933333333</dst>
            <dst id="CHINng">94462.4773333333</dst>
            <dst id="DNVRng">18098.7946666667</dst>
            <dst id="HSTNng">4341.38133333333</dst>
            <dst id="IPLSng">38828.7093333333</dst>
            <dst id="KSCYng">2836.12</dst>
            <dst id="LOSAng">32450.6346666667</dst>
            <dst id="NYCMng">10567.9946666667</dst>
            <dst id="SNVAng">2562.592</dst>
            <dst id="STTLng">4561.93866666667</dst>
            <dst id="WASHng">21932.7093333333</dst>
        </src>
        <src id="DNVRng">
            <dst id="ATLA-M5">107.84</dst>
            <dst id="ATLAng">9469.86666666667</dst>
            <dst id="CHINng">73123.1733333333</dst>
            <dst id="DNVRng">6018.18666666667</dst>
            <dst id="HSTNng">12783.44</dst>
            <dst id="IPLSng">28279.5386666667</dst>
            <dst id="KSCYng">13774.9493333333</dst>
            <dst id="LOSAng">8176.48</dst>
            <dst id="NYCMng">15277.6853333333</dst>
            <dst id="SNVAng">3912.02933333333</dst>
            <dst id="STTLng">5375.69066666667</dst>
            <dst id="WASHng">48941.2533333333</dst>
        </src>
        <src id="HSTNng">
            <dst id="ATLA-M5">55.6266666666667</dst>
            <dst id="ATLAng">2714.52266666667</dst>
            <dst id="CHINng">12487.4506666667</dst>
            <dst id="DNVRng">732.434666666667</dst>
            <dst id="HSTNng">10869.5173333333</dst>
            <dst id="IPLSng">3341.21066666667</dst>
            <dst id="KSCYng">1219.58666666667</dst>
            <dst id="LOSAng">7018.61333333333</dst>
            <dst id="NYCMng">3211.312</dst>
            <dst id="SNVAng">205.797333333333</dst>
            <dst id="STTLng">270.397333333333</dst>
            <dst id="WASHng">4610.984</dst>
        </src>
        <src id="IPLSng">
            <dst id="ATLA-M5">31.2533333333333</dst>
            <dst id="ATLAng">30441.7973333333</dst>
            <dst id="CHINng">75893.7466666666</dst>
            <dst id="DNVRng">12712.0613333333</dst>
            <dst id="HSTNng">3252.68266666667</dst>
            <dst id="IPLSng">17506.744</dst>
            <dst id="KSCYng">6932.61066666666</dst>
            <dst id="LOSAng">23657.1466666667</dst>
            <dst id="NYCMng">29239.672</dst>
            <dst id="SNVAng">971.048</dst>
            <dst id="STTLng">9597.12</dst>
            <dst id="WASHng">9743.944</dst>
        </src>
        <src id="KSCYng">
            <dst id="ATLA-M5">0</dst>
            <dst id="ATLAng">3004.94133333333</dst>
            <dst id="CHINng">18415.9253333333</dst>
            <dst id="DNVRng">7825.28533333333</dst>
            <dst id="HSTNng">2205.98666666667</dst>
            <dst id="IPLSng">8050.86933333333</dst>
            <dst id="KSCYng">2589.616</dst>
            <dst id="LOSAng">4035.67466666667</dst>
            <dst id="NYCMng">3832.13866666667</dst>
            <dst id="SNVAng">2205.94666666667</dst>
            <dst id="STTLng">2327.64</dst>
            <dst id="WASHng">15682.9813333333</dst>
        </src>
        <src id="LOSAng">
            <dst id="ATLA-M5">95.32</dst>
            <dst id="ATLAng">9701.80266666666</dst>
            <dst id="CHINng">134938.136</dst>
            <dst id="DNVRng">19341.5813333333</dst>
            <dst id="HSTNng">3061.91466666667</dst>
            <dst id="IPLSng">14178.496</dst>
            <dst id="KSCYng">2459.44533333333</dst>
            <dst id="LOSAng">17718.3413333333</dst>
            <dst id="NYCMng">36537.872</dst>
            <dst id="SNVAng">10948.8426666667</dst>
            <dst id="STTLng">19257.56</dst>
            <dst id="WASHng">28214.4746666667</dst>
        </src>
        <src id="NYCMng">
            <dst id="ATLA-M5">534.122666666667</dst>
            <dst id="ATLAng">27632.4346666667</dst>
            <dst id="CHINng">14890.2666666667</dst>
            <dst id="DNVRng">28035.1413333333</dst>
            <dst id="HSTNng">5512.11733333333</dst>
            <dst id="IPLSng">22819.8773333333</dst>
            <dst id="KSCYng">5708.776</dst>
            <dst id="LOSAng">73351.8986666667</dst>
            <dst id="NYCMng">102435.426666667</dst>
            <dst id="SNVAng">1025.30933333333</dst>
            <dst id="STTLng">20462.704</dst>
            <dst id="WASHng">44533.0773333333</dst>
        </src>
        <src id="SNVAng">
            <dst id="ATLA-M5">0</dst>
            <dst id="ATLAng">0</dst>
            <dst id="CHINng">39.784</dst>
            <dst id="DNVRng">2901.93866666667</dst>
            <dst id="HSTNng">61.152</dst>
            <dst id="IPLSng">235.632</dst>
            <dst id="KSCYng">26.6666666666667</dst>
            <dst id="LOSAng">32397.0053333333</dst>
            <dst id="NYCMng">307.221333333333</dst>
            <dst id="SNVAng">3688.35733333333</dst>
            <dst id="STTLng">29965.7253333333</dst>
            <dst id="WASHng">205.6</dst>
        </src>
        <src id="STTLng">
            <dst id="ATLA-M5">26.6666666666667</dst>
            <dst id="ATLAng">13500.456</dst>
            <dst id="CHINng">28592.9306666667</dst>
            <dst id="DNVRng">1589.576</dst>
            <dst id="HSTNng">1064.832</dst>
            <dst id="IPLSng">5180.02933333333</dst>
            <dst id="KSCYng">2600.37866666667</dst>
            <dst id="LOSAng">12071.9226666667</dst>
            <dst id="NYCMng">11842.8186666667</dst>
            <dst id="SNVAng">1603.75466666667</dst>
            <dst id="STTLng">1332.28266666667</dst>
            <dst id="WASHng">10727.9466666667</dst>
        </src>
        <src id="WASHng">
            <dst id="ATLA-M5">1379.928</dst>
            <dst id="ATLAng">121774.290666667</dst>
            <dst id="CHINng">63902.344</dst>
            <dst id="DNVRng">44745.2293333333</dst>
            <dst id="HSTNng">21838.7813333333</dst>
            <dst id="IPLSng">44078.688</dst>
            <dst id="KSCYng">23616.9946666667</dst>
            <dst id="LOSAng">50327.7813333333</dst>
            <dst id="NYCMng">162090.008</dst>
            <dst id="SNVAng">7589.24</dst>
            <dst id="STTLng">37421.5013333333</dst>
            <dst id="WASHng">294837.386666667</dst>
        </src>
    </IntraTM>
</TrafficMatrixFile>
