<?xml version="1.0" encoding="ISO-8859-1" standalone="yes"?>
<TrafficMatrixFile xsi:noNamespaceSchemaLocation="http://totem.run.montefiore.ulg.ac.be/Schema/TrafficMatrix-v1_2.xsd" xmlns:xsi="http://www.w3.org/2001/XMLSchema-instance">
    <IntraTM ASID="11537">
        <src id="ATLA-M5">
            <dst id="ATLA-M5">0</dst>
            <dst id="ATLAng">126.354666666667</dst>
            <dst id="CHINng">36.0053333333333</dst>
            <dst id="DNVRng">27.6933333333333</dst>
            <dst id="HSTNng">26.6666666666667</dst>
            <dst id="IPLSng">0</dst>
            <dst id="KSCYng">53.3333333333333</dst>
            <dst id="LOSAng">327.098666666667</dst>
            <dst id="NYCMng">0</dst>
            <dst id="SNVAng">0</dst>
            <dst id="STTLng">53.3333333333333</dst>
            <dst id="WASHng">87.0773333333334</dst>
        </src>
        <src id="ATLAng">
            <dst id="ATLA-M5">333.981333333333</dst>
            <dst id="ATLAng">13836.544</dst>
            <dst id="CHINng">9744.44266666667</dst>
            <dst id="DNVRng">2640.488</dst>
            <dst id="HSTNng">1843.06133333333</dst>
            <dst id="IPLSng">22549.6906666667</dst>
            <dst id="KSCYng">1261.29866666667</dst>
            <dst id="LOSAng">9153.93333333333</dst>
            <dst id="NYCMng">4190.89866666667</dst>
            <dst id="SNVAng">271.074666666667</dst>
            <dst id="STTLng">9165.80266666667</dst>
            <dst id="WASHng">28203.688</dst>
        </src>
        <src id="CHINng">
            <dst id="ATLA-M5">87.4133333333333</dst>
            <dst id="ATLAng">13408.064</dst>
            <dst id="CHINng">38137.9786666667</dst>
            <dst id="DNVRng">8348.68</dst>
            <dst id="HSTNng">10313.5733333333</dst>
            <dst id="IPLSng">26664.0986666667</dst>
            <dst id="KSCYng">9293.00266666667</dst>
            <dst id="LOSAng">41837.176</dst>
            <dst id="NYCMng">12789.4453333333</dst>
            <dst id="SNVAng">3643.50133333333</dst>
            <dst id="STTLng">6021.72266666667</dst>
            <dst id="WASHng">37295.6506666667</dst>
        </src>
        <src id="DNVRng">
            <dst id="ATLA-M5">671.341333333333</dst>
            <dst id="ATLAng">6222.83733333333</dst>
            <dst id="CHINng">56432.096</dst>
            <dst id="DNVRng">17567.0266666667</dst>
            <dst id="HSTNng">21341.2346666667</dst>
            <dst id="IPLSng">39148.6506666667</dst>
            <dst id="KSCYng">30206.568</dst>
            <dst id="LOSAng">31875.2293333333</dst>
            <dst id="NYCMng">17538.3066666667</dst>
            <dst id="SNVAng">16903.1333333333</dst>
            <dst id="STTLng">20757.3466666667</dst>
            <dst id="WASHng">37783.8426666667</dst>
        </src>
        <src id="HSTNng">
            <dst id="ATLA-M5">164.085333333333</dst>
            <dst id="ATLAng">5531.30133333333</dst>
            <dst id="CHINng">6936.304</dst>
            <dst id="DNVRng">1074.47733333333</dst>
            <dst id="HSTNng">14176.4773333333</dst>
            <dst id="IPLSng">3904.784</dst>
            <dst id="KSCYng">1059.792</dst>
            <dst id="LOSAng">7322.848</dst>
            <dst id="NYCMng">1277.064</dst>
            <dst id="SNVAng">0</dst>
            <dst id="STTLng">1529.79466666667</dst>
            <dst id="WASHng">3888.824</dst>
        </src>
        <src id="IPLSng">
            <dst id="ATLA-M5">224.32</dst>
            <dst id="ATLAng">19034.0346666667</dst>
            <dst id="CHINng">58257.8666666667</dst>
            <dst id="DNVRng">6830.11466666667</dst>
            <dst id="HSTNng">1801.69333333333</dst>
            <dst id="IPLSng">17384.3333333333</dst>
            <dst id="KSCYng">6328.384</dst>
            <dst id="LOSAng">31176.6986666667</dst>
            <dst id="NYCMng">49194.6666666667</dst>
            <dst id="SNVAng">692.869333333333</dst>
            <dst id="STTLng">12531.6906666667</dst>
            <dst id="WASHng">15643.768</dst>
        </src>
        <src id="KSCYng">
            <dst id="ATLA-M5">543.018666666667</dst>
            <dst id="ATLAng">2208.16</dst>
            <dst id="CHINng">9757.75466666667</dst>
            <dst id="DNVRng">9599.112</dst>
            <dst id="HSTNng">13092.0266666667</dst>
            <dst id="IPLSng">15866.2186666667</dst>
            <dst id="KSCYng">11282.7013333333</dst>
            <dst id="LOSAng">6985.55466666667</dst>
            <dst id="NYCMng">2980.52533333333</dst>
            <dst id="SNVAng">3197.11733333333</dst>
            <dst id="STTLng">6521.024</dst>
            <dst id="WASHng">9522.82933333333</dst>
        </src>
        <src id="LOSAng">
            <dst id="ATLA-M5">77.2186666666667</dst>
            <dst id="ATLAng">15240.1173333333</dst>
            <dst id="CHINng">62779.3253333333</dst>
            <dst id="DNVRng">30813.696</dst>
            <dst id="HSTNng">25767.576</dst>
            <dst id="IPLSng">21725.928</dst>
            <dst id="KSCYng">3745.06666666667</dst>
            <dst id="LOSAng">22405.9733333333</dst>
            <dst id="NYCMng">40341.9333333333</dst>
            <dst id="SNVAng">22437.0053333333</dst>
            <dst id="STTLng">35149.352</dst>
            <dst id="WASHng">27610.9573333333</dst>
        </src>
        <src id="NYCMng">
            <dst id="ATLA-M5">350.090666666667</dst>
            <dst id="ATLAng">16781.5786666667</dst>
            <dst id="CHINng">13026.4106666667</dst>
            <dst id="DNVRng">24462.1146666667</dst>
            <dst id="HSTNng">7827.24</dst>
            <dst id="IPLSng">24387.2053333333</dst>
            <dst id="KSCYng">15841</dst>
            <dst id="LOSAng">82221.4986666667</dst>
            <dst id="NYCMng">80238.4693333333</dst>
            <dst id="SNVAng">2699.36266666667</dst>
            <dst id="STTLng">21708.3146666667</dst>
            <dst id="WASHng">35681.352</dst>
        </src>
        <src id="SNVAng">
            <dst id="ATLA-M5">0</dst>
            <dst id="ATLAng">444.184</dst>
            <dst id="CHINng">0</dst>
            <dst id="DNVRng">2607.208</dst>
            <dst id="HSTNng">26.6666666666667</dst>
            <dst id="IPLSng">364.522666666667</dst>
            <dst id="KSCYng">0</dst>
            <dst id="LOSAng">33116.4373333333</dst>
            <dst id="NYCMng">246.848</dst>
            <dst id="SNVAng">6752.54133333333</dst>
            <dst id="STTLng">29461.3493333333</dst>
            <dst id="WASHng">0</dst>
        </src>
        <src id="STTLng">
            <dst id="ATLA-M5">588.586666666667</dst>
            <dst id="ATLAng">11677.3253333333</dst>
            <dst id="CHINng">12614.1573333333</dst>
            <dst id="DNVRng">4315.88266666667</dst>
            <dst id="HSTNng">1547.41866666667</dst>
            <dst id="IPLSng">8482.09866666666</dst>
            <dst id="KSCYng">2023.224</dst>
            <dst id="LOSAng">32847.6186666667</dst>
            <dst id="NYCMng">11483.0613333333</dst>
            <dst id="SNVAng">5569.46133333333</dst>
            <dst id="STTLng">6323.19466666667</dst>
            <dst id="WASHng">11261.4613333333</dst>
        </src>
        <src id="WASHng">
            <dst id="ATLA-M5">243.186666666667</dst>
            <dst id="ATLAng">99018.6426666667</dst>
            <dst id="CHINng">41297.3146666667</dst>
            <dst id="DNVRng">84999.24</dst>
            <dst id="HSTNng">11355.136</dst>
            <dst id="IPLSng">73216.5066666667</dst>
            <dst id="KSCYng">6763.976</dst>
            <dst id="LOSAng">65447.7573333333</dst>
            <dst id="NYCMng">153240.298666667</dst>
            <dst id="SNVAng">5789.50933333333</dst>
            <dst id="STTLng">39050.584</dst>
            <dst id="WASHng">199669.376</dst>
        </src>
    </IntraTM>
</TrafficMatrixFile>
