<?xml version="1.0" encoding="ISO-8859-1" standalone="yes"?>
<TrafficMatrixFile xsi:noNamespaceSchemaLocation="http://totem.run.montefiore.ulg.ac.be/Schema/TrafficMatrix-v1_2.xsd" xmlns:xsi="http://www.w3.org/2001/XMLSchema-instance">
    <IntraTM ASID="11537">
        <src id="ATLA-M5">
            <dst id="ATLA-M5">107.661333333333</dst>
            <dst id="ATLAng">1141.536</dst>
            <dst id="CHINng">103.893333333333</dst>
            <dst id="DNVRng">26.6666666666667</dst>
            <dst id="HSTNng">73.4026666666667</dst>
            <dst id="IPLSng">302.064</dst>
            <dst id="KSCYng">87.9253333333333</dst>
            <dst id="LOSAng">193.141333333333</dst>
            <dst id="NYCMng">1219.808</dst>
            <dst id="SNVAng">0</dst>
            <dst id="STTLng">33.7813333333333</dst>
            <dst id="WASHng">893.872</dst>
        </src>
        <src id="ATLAng">
            <dst id="ATLA-M5">183.498666666667</dst>
            <dst id="ATLAng">16584.576</dst>
            <dst id="CHINng">16117.936</dst>
            <dst id="DNVRng">14541.4906666667</dst>
            <dst id="HSTNng">9953.46666666667</dst>
            <dst id="IPLSng">27760.9946666667</dst>
            <dst id="KSCYng">1335.44</dst>
            <dst id="LOSAng">8608.68</dst>
            <dst id="NYCMng">14883.264</dst>
            <dst id="SNVAng">1717.36</dst>
            <dst id="STTLng">11221.7893333333</dst>
            <dst id="WASHng">63723.096</dst>
        </src>
        <src id="CHINng">
            <dst id="ATLA-M5">285.005333333333</dst>
            <dst id="ATLAng">40413.2746666667</dst>
            <dst id="CHINng">65902.504</dst>
            <dst id="DNVRng">5089.224</dst>
            <dst id="HSTNng">13759.056</dst>
            <dst id="IPLSng">43436.144</dst>
            <dst id="KSCYng">6941.94933333333</dst>
            <dst id="LOSAng">41916.8053333333</dst>
            <dst id="NYCMng">12788.6853333333</dst>
            <dst id="SNVAng">1289.40533333333</dst>
            <dst id="STTLng">16144.616</dst>
            <dst id="WASHng">19758.336</dst>
        </src>
        <src id="DNVRng">
            <dst id="ATLA-M5">423.776</dst>
            <dst id="ATLAng">6198.264</dst>
            <dst id="CHINng">47633.3653333333</dst>
            <dst id="DNVRng">5709.15733333333</dst>
            <dst id="HSTNng">23636.1253333333</dst>
            <dst id="IPLSng">43782.9013333333</dst>
            <dst id="KSCYng">17468.9253333333</dst>
            <dst id="LOSAng">6915.29866666667</dst>
            <dst id="NYCMng">14883.6293333333</dst>
            <dst id="SNVAng">14272.3653333333</dst>
            <dst id="STTLng">4006.176</dst>
            <dst id="WASHng">40046.72</dst>
        </src>
        <src id="HSTNng">
            <dst id="ATLA-M5">155.018666666667</dst>
            <dst id="ATLAng">12998.16</dst>
            <dst id="CHINng">16205.8693333333</dst>
            <dst id="DNVRng">2837.43733333333</dst>
            <dst id="HSTNng">13610.1626666667</dst>
            <dst id="IPLSng">2441.31733333333</dst>
            <dst id="KSCYng">2261.80266666667</dst>
            <dst id="LOSAng">11703.264</dst>
            <dst id="NYCMng">3350.90133333333</dst>
            <dst id="SNVAng">717.194666666666</dst>
            <dst id="STTLng">7291.57333333333</dst>
            <dst id="WASHng">8941.928</dst>
        </src>
        <src id="IPLSng">
            <dst id="ATLA-M5">164.32</dst>
            <dst id="ATLAng">25919.208</dst>
            <dst id="CHINng">59311.1786666667</dst>
            <dst id="DNVRng">30010.4133333333</dst>
            <dst id="HSTNng">1866.30133333333</dst>
            <dst id="IPLSng">20626.368</dst>
            <dst id="KSCYng">7507.304</dst>
            <dst id="LOSAng">32661.0453333333</dst>
            <dst id="NYCMng">25969.2986666667</dst>
            <dst id="SNVAng">2219.38133333333</dst>
            <dst id="STTLng">25501.168</dst>
            <dst id="WASHng">19097.0266666667</dst>
        </src>
        <src id="KSCYng">
            <dst id="ATLA-M5">26.6666666666667</dst>
            <dst id="ATLAng">2437.52266666667</dst>
            <dst id="CHINng">16571.8853333333</dst>
            <dst id="DNVRng">15816.2</dst>
            <dst id="HSTNng">3432.38933333333</dst>
            <dst id="IPLSng">14356.2426666667</dst>
            <dst id="KSCYng">5210.46933333333</dst>
            <dst id="LOSAng">7883.11733333333</dst>
            <dst id="NYCMng">3248.312</dst>
            <dst id="SNVAng">2661.18133333333</dst>
            <dst id="STTLng">7269.136</dst>
            <dst id="WASHng">10209.3306666667</dst>
        </src>
        <src id="LOSAng">
            <dst id="ATLA-M5">160.149333333333</dst>
            <dst id="ATLAng">19251.248</dst>
            <dst id="CHINng">113353.936</dst>
            <dst id="DNVRng">25838.04</dst>
            <dst id="HSTNng">5577.33333333333</dst>
            <dst id="IPLSng">28011.0106666667</dst>
            <dst id="KSCYng">15379.864</dst>
            <dst id="LOSAng">13525.6533333333</dst>
            <dst id="NYCMng">45118.6746666667</dst>
            <dst id="SNVAng">33686.2266666667</dst>
            <dst id="STTLng">21367.5626666667</dst>
            <dst id="WASHng">33419.8826666667</dst>
        </src>
        <src id="NYCMng">
            <dst id="ATLA-M5">1526.224</dst>
            <dst id="ATLAng">42084.232</dst>
            <dst id="CHINng">33165.1386666667</dst>
            <dst id="DNVRng">33788.776</dst>
            <dst id="HSTNng">13988.7306666667</dst>
            <dst id="IPLSng">41893.4</dst>
            <dst id="KSCYng">13357.0586666667</dst>
            <dst id="LOSAng">104907.322666667</dst>
            <dst id="NYCMng">102033.021333333</dst>
            <dst id="SNVAng">8927.96266666667</dst>
            <dst id="STTLng">23886.6933333333</dst>
            <dst id="WASHng">88295.968</dst>
        </src>
        <src id="SNVAng">
            <dst id="ATLA-M5">0</dst>
            <dst id="ATLAng">201.221333333333</dst>
            <dst id="CHINng">41.4533333333333</dst>
            <dst id="DNVRng">8373.01866666667</dst>
            <dst id="HSTNng">171.941333333333</dst>
            <dst id="IPLSng">293.029333333333</dst>
            <dst id="KSCYng">0</dst>
            <dst id="LOSAng">35672.7786666667</dst>
            <dst id="NYCMng">451.824</dst>
            <dst id="SNVAng">8553.96</dst>
            <dst id="STTLng">29995.9733333333</dst>
            <dst id="WASHng">971.088</dst>
        </src>
        <src id="STTLng">
            <dst id="ATLA-M5">114.312</dst>
            <dst id="ATLAng">12750.704</dst>
            <dst id="CHINng">22948.856</dst>
            <dst id="DNVRng">4145.06933333333</dst>
            <dst id="HSTNng">5977.264</dst>
            <dst id="IPLSng">14010.616</dst>
            <dst id="KSCYng">6326.57866666667</dst>
            <dst id="LOSAng">26700.832</dst>
            <dst id="NYCMng">16975.2213333333</dst>
            <dst id="SNVAng">4699.256</dst>
            <dst id="STTLng">2794.336</dst>
            <dst id="WASHng">22144.96</dst>
        </src>
        <src id="WASHng">
            <dst id="ATLA-M5">1176.296</dst>
            <dst id="ATLAng">126106.085333333</dst>
            <dst id="CHINng">56941.1786666667</dst>
            <dst id="DNVRng">76007.3253333333</dst>
            <dst id="HSTNng">32520.6266666667</dst>
            <dst id="IPLSng">48103.4346666667</dst>
            <dst id="KSCYng">16503.5973333333</dst>
            <dst id="LOSAng">79104.4293333333</dst>
            <dst id="NYCMng">149448.605333333</dst>
            <dst id="SNVAng">5890.27733333333</dst>
            <dst id="STTLng">42077.4053333333</dst>
            <dst id="WASHng">269074.133333333</dst>
        </src>
    </IntraTM>
</TrafficMatrixFile>
