<?xml version="1.0" encoding="ISO-8859-1" standalone="yes"?>
<TrafficMatrixFile xsi:noNamespaceSchemaLocation="http://totem.run.montefiore.ulg.ac.be/Schema/TrafficMatrix-v1_2.xsd" xmlns:xsi="http://www.w3.org/2001/XMLSchema-instance">
    <IntraTM ASID="11537">
        <src id="ATLA-M5">
            <dst id="ATLA-M5">26.6666666666667</dst>
            <dst id="ATLAng">346.346666666667</dst>
            <dst id="CHINng">140.106666666667</dst>
            <dst id="DNVRng">26.6666666666667</dst>
            <dst id="HSTNng">159.896</dst>
            <dst id="IPLSng">26.6666666666667</dst>
            <dst id="KSCYng">108.466666666667</dst>
            <dst id="LOSAng">718.157333333333</dst>
            <dst id="NYCMng">480.077333333333</dst>
            <dst id="SNVAng">26.6666666666667</dst>
            <dst id="STTLng">93.376</dst>
            <dst id="WASHng">1419.42933333333</dst>
        </src>
        <src id="ATLAng">
            <dst id="ATLA-M5">188.941333333333</dst>
            <dst id="ATLAng">39370.232</dst>
            <dst id="CHINng">4479.27466666667</dst>
            <dst id="DNVRng">3322.10666666667</dst>
            <dst id="HSTNng">9144.632</dst>
            <dst id="IPLSng">16897.7386666667</dst>
            <dst id="KSCYng">1571.64533333333</dst>
            <dst id="LOSAng">11196.4306666667</dst>
            <dst id="NYCMng">34466.112</dst>
            <dst id="SNVAng">572.785333333333</dst>
            <dst id="STTLng">6031.616</dst>
            <dst id="WASHng">70581.136</dst>
        </src>
        <src id="CHINng">
            <dst id="ATLA-M5">210.810666666667</dst>
            <dst id="ATLAng">16739.4453333333</dst>
            <dst id="CHINng">80444.2266666667</dst>
            <dst id="DNVRng">6558.18133333333</dst>
            <dst id="HSTNng">10333.6586666667</dst>
            <dst id="IPLSng">41852.9306666667</dst>
            <dst id="KSCYng">18378.872</dst>
            <dst id="LOSAng">31560.8426666667</dst>
            <dst id="NYCMng">15528.1893333333</dst>
            <dst id="SNVAng">2217.2</dst>
            <dst id="STTLng">6416.10933333334</dst>
            <dst id="WASHng">37746.208</dst>
        </src>
        <src id="DNVRng">
            <dst id="ATLA-M5">102.293333333333</dst>
            <dst id="ATLAng">15402.84</dst>
            <dst id="CHINng">72596.9706666667</dst>
            <dst id="DNVRng">11258.072</dst>
            <dst id="HSTNng">21059.1866666667</dst>
            <dst id="IPLSng">28072.6026666667</dst>
            <dst id="KSCYng">19482.432</dst>
            <dst id="LOSAng">11626.7813333333</dst>
            <dst id="NYCMng">12855.9733333333</dst>
            <dst id="SNVAng">24015.4426666667</dst>
            <dst id="STTLng">9487.57866666667</dst>
            <dst id="WASHng">36758.5493333333</dst>
        </src>
        <src id="HSTNng">
            <dst id="ATLA-M5">854.197333333333</dst>
            <dst id="ATLAng">12421.136</dst>
            <dst id="CHINng">16963.7813333333</dst>
            <dst id="DNVRng">1257.968</dst>
            <dst id="HSTNng">15409.1973333333</dst>
            <dst id="IPLSng">1316.63733333333</dst>
            <dst id="KSCYng">2706.07733333333</dst>
            <dst id="LOSAng">34885.864</dst>
            <dst id="NYCMng">4559.61333333333</dst>
            <dst id="SNVAng">172.008</dst>
            <dst id="STTLng">486.997333333333</dst>
            <dst id="WASHng">6430.95466666667</dst>
        </src>
        <src id="IPLSng">
            <dst id="ATLA-M5">81.784</dst>
            <dst id="ATLAng">21173.544</dst>
            <dst id="CHINng">96391.5626666667</dst>
            <dst id="DNVRng">12144.096</dst>
            <dst id="HSTNng">3857.97866666667</dst>
            <dst id="IPLSng">26623.0826666667</dst>
            <dst id="KSCYng">15969.2106666667</dst>
            <dst id="LOSAng">12752.152</dst>
            <dst id="NYCMng">34218.072</dst>
            <dst id="SNVAng">932.605333333333</dst>
            <dst id="STTLng">15184.6773333333</dst>
            <dst id="WASHng">29354.5946666667</dst>
        </src>
        <src id="KSCYng">
            <dst id="ATLA-M5">317.477333333333</dst>
            <dst id="ATLAng">2517.84533333333</dst>
            <dst id="CHINng">23604.792</dst>
            <dst id="DNVRng">10226.8426666667</dst>
            <dst id="HSTNng">4595.384</dst>
            <dst id="IPLSng">16392.016</dst>
            <dst id="KSCYng">11592.0826666667</dst>
            <dst id="LOSAng">5321.62666666667</dst>
            <dst id="NYCMng">2327.00266666667</dst>
            <dst id="SNVAng">1827.36</dst>
            <dst id="STTLng">2294.792</dst>
            <dst id="WASHng">11195.0426666667</dst>
        </src>
        <src id="LOSAng">
            <dst id="ATLA-M5">369.64</dst>
            <dst id="ATLAng">15758.1653333333</dst>
            <dst id="CHINng">153335.066666667</dst>
            <dst id="DNVRng">24101.728</dst>
            <dst id="HSTNng">5319.81333333333</dst>
            <dst id="IPLSng">43406.2293333333</dst>
            <dst id="KSCYng">7732.89066666667</dst>
            <dst id="LOSAng">11613.6613333333</dst>
            <dst id="NYCMng">45389.3013333333</dst>
            <dst id="SNVAng">10221.2</dst>
            <dst id="STTLng">22621.1226666667</dst>
            <dst id="WASHng">22697.504</dst>
        </src>
        <src id="NYCMng">
            <dst id="ATLA-M5">798.093333333333</dst>
            <dst id="ATLAng">32326.2453333333</dst>
            <dst id="CHINng">29140.2746666667</dst>
            <dst id="DNVRng">24409.56</dst>
            <dst id="HSTNng">11406.856</dst>
            <dst id="IPLSng">20108.8373333333</dst>
            <dst id="KSCYng">11052.528</dst>
            <dst id="LOSAng">70930.2186666667</dst>
            <dst id="NYCMng">123741.781333333</dst>
            <dst id="SNVAng">1415.904</dst>
            <dst id="STTLng">17477.944</dst>
            <dst id="WASHng">96012.6826666667</dst>
        </src>
        <src id="SNVAng">
            <dst id="ATLA-M5">0</dst>
            <dst id="ATLAng">26.6666666666667</dst>
            <dst id="CHINng">447.866666666667</dst>
            <dst id="DNVRng">3741.80266666667</dst>
            <dst id="HSTNng">140.917333333333</dst>
            <dst id="IPLSng">226.413333333333</dst>
            <dst id="KSCYng">0</dst>
            <dst id="LOSAng">31506.848</dst>
            <dst id="NYCMng">379.821333333333</dst>
            <dst id="SNVAng">11501.1706666667</dst>
            <dst id="STTLng">29258.344</dst>
            <dst id="WASHng">133.333333333333</dst>
        </src>
        <src id="STTLng">
            <dst id="ATLA-M5">139.458666666667</dst>
            <dst id="ATLAng">11315.872</dst>
            <dst id="CHINng">30847.592</dst>
            <dst id="DNVRng">2487.816</dst>
            <dst id="HSTNng">1180.776</dst>
            <dst id="IPLSng">8884.23466666667</dst>
            <dst id="KSCYng">5625.64</dst>
            <dst id="LOSAng">14499.792</dst>
            <dst id="NYCMng">14290.24</dst>
            <dst id="SNVAng">4616.44266666667</dst>
            <dst id="STTLng">5202.28533333333</dst>
            <dst id="WASHng">21592.3973333333</dst>
        </src>
        <src id="WASHng">
            <dst id="ATLA-M5">1307.90666666667</dst>
            <dst id="ATLAng">111808.824</dst>
            <dst id="CHINng">51694.8906666667</dst>
            <dst id="DNVRng">57299.496</dst>
            <dst id="HSTNng">24813.2826666667</dst>
            <dst id="IPLSng">58193.8693333333</dst>
            <dst id="KSCYng">21274.144</dst>
            <dst id="LOSAng">55236.032</dst>
            <dst id="NYCMng">147837.298666667</dst>
            <dst id="SNVAng">6258.06133333333</dst>
            <dst id="STTLng">42332.0213333333</dst>
            <dst id="WASHng">336607.893333333</dst>
        </src>
    </IntraTM>
</TrafficMatrixFile>
