<?xml version="1.0" encoding="ISO-8859-1" standalone="yes"?>
<TrafficMatrixFile xsi:noNamespaceSchemaLocation="http://totem.run.montefiore.ulg.ac.be/Schema/TrafficMatrix-v1_2.xsd" xmlns:xsi="http://www.w3.org/2001/XMLSchema-instance">
    <IntraTM ASID="11537">
        <src id="ATLA-M5">
            <dst id="ATLA-M5">26.6666666666667</dst>
            <dst id="ATLAng">0</dst>
            <dst id="CHINng">155.84</dst>
            <dst id="DNVRng">26.6666666666667</dst>
            <dst id="HSTNng">26.6666666666667</dst>
            <dst id="IPLSng">0</dst>
            <dst id="KSCYng">1014.392</dst>
            <dst id="LOSAng">405.122666666667</dst>
            <dst id="NYCMng">848.565333333333</dst>
            <dst id="SNVAng">0</dst>
            <dst id="STTLng">382.709333333333</dst>
            <dst id="WASHng">1293.02133333333</dst>
        </src>
        <src id="ATLAng">
            <dst id="ATLA-M5">0</dst>
            <dst id="ATLAng">48907.1386666667</dst>
            <dst id="CHINng">2484.248</dst>
            <dst id="DNVRng">12908.712</dst>
            <dst id="HSTNng">8707.48266666667</dst>
            <dst id="IPLSng">16131.2426666667</dst>
            <dst id="KSCYng">407.848</dst>
            <dst id="LOSAng">14108.8306666667</dst>
            <dst id="NYCMng">8046.73866666667</dst>
            <dst id="SNVAng">160.865333333333</dst>
            <dst id="STTLng">9111.472</dst>
            <dst id="WASHng">25939.1893333333</dst>
        </src>
        <src id="CHINng">
            <dst id="ATLA-M5">5793.064</dst>
            <dst id="ATLAng">6175.17333333333</dst>
            <dst id="CHINng">86687.9706666667</dst>
            <dst id="DNVRng">11192.4106666667</dst>
            <dst id="HSTNng">5227.75733333333</dst>
            <dst id="IPLSng">18868.5946666667</dst>
            <dst id="KSCYng">3081.99466666667</dst>
            <dst id="LOSAng">31548.9226666667</dst>
            <dst id="NYCMng">9648.23466666667</dst>
            <dst id="SNVAng">2581.24533333333</dst>
            <dst id="STTLng">3485.13066666667</dst>
            <dst id="WASHng">18436.2346666667</dst>
        </src>
        <src id="DNVRng">
            <dst id="ATLA-M5">204.842666666667</dst>
            <dst id="ATLAng">12871.5333333333</dst>
            <dst id="CHINng">67618.5946666667</dst>
            <dst id="DNVRng">12795.9013333333</dst>
            <dst id="HSTNng">13394.6826666667</dst>
            <dst id="IPLSng">30981.7893333333</dst>
            <dst id="KSCYng">21284.8346666667</dst>
            <dst id="LOSAng">15525.4506666667</dst>
            <dst id="NYCMng">16865.224</dst>
            <dst id="SNVAng">9461.11466666666</dst>
            <dst id="STTLng">8319.54133333333</dst>
            <dst id="WASHng">27867.8453333333</dst>
        </src>
        <src id="HSTNng">
            <dst id="ATLA-M5">1263.296</dst>
            <dst id="ATLAng">1899.15733333333</dst>
            <dst id="CHINng">10772.7546666667</dst>
            <dst id="DNVRng">1636.87466666667</dst>
            <dst id="HSTNng">11343.8026666667</dst>
            <dst id="IPLSng">866.674666666667</dst>
            <dst id="KSCYng">2200.28533333333</dst>
            <dst id="LOSAng">12412.5466666667</dst>
            <dst id="NYCMng">2247.27466666667</dst>
            <dst id="SNVAng">0</dst>
            <dst id="STTLng">1321.968</dst>
            <dst id="WASHng">1946.94666666667</dst>
        </src>
        <src id="IPLSng">
            <dst id="ATLA-M5">160.701333333333</dst>
            <dst id="ATLAng">16078.76</dst>
            <dst id="CHINng">99944.8986666667</dst>
            <dst id="DNVRng">20963.184</dst>
            <dst id="HSTNng">315.592</dst>
            <dst id="IPLSng">27527.0213333333</dst>
            <dst id="KSCYng">5960.33333333333</dst>
            <dst id="LOSAng">47252.5626666667</dst>
            <dst id="NYCMng">33084.0826666667</dst>
            <dst id="SNVAng">295.84</dst>
            <dst id="STTLng">9786.72</dst>
            <dst id="WASHng">8926.30666666667</dst>
        </src>
        <src id="KSCYng">
            <dst id="ATLA-M5">32.6613333333333</dst>
            <dst id="ATLAng">920.525333333333</dst>
            <dst id="CHINng">18697.0346666667</dst>
            <dst id="DNVRng">7091.84533333333</dst>
            <dst id="HSTNng">3126.016</dst>
            <dst id="IPLSng">10832.872</dst>
            <dst id="KSCYng">6910.616</dst>
            <dst id="LOSAng">6528.136</dst>
            <dst id="NYCMng">2835.94666666667</dst>
            <dst id="SNVAng">3086.47466666667</dst>
            <dst id="STTLng">4552.75466666667</dst>
            <dst id="WASHng">6087.54133333333</dst>
        </src>
        <src id="LOSAng">
            <dst id="ATLA-M5">80</dst>
            <dst id="ATLAng">22097.296</dst>
            <dst id="CHINng">130048.282666667</dst>
            <dst id="DNVRng">21544.4693333333</dst>
            <dst id="HSTNng">3279.71733333333</dst>
            <dst id="IPLSng">13611.5573333333</dst>
            <dst id="KSCYng">2306.35466666667</dst>
            <dst id="LOSAng">19660.736</dst>
            <dst id="NYCMng">30564.4746666667</dst>
            <dst id="SNVAng">19585.2506666667</dst>
            <dst id="STTLng">29896.624</dst>
            <dst id="WASHng">31091.8693333333</dst>
        </src>
        <src id="NYCMng">
            <dst id="ATLA-M5">163.149333333333</dst>
            <dst id="ATLAng">8335.40266666667</dst>
            <dst id="CHINng">11010.0213333333</dst>
            <dst id="DNVRng">23978.184</dst>
            <dst id="HSTNng">5867.38133333333</dst>
            <dst id="IPLSng">17690.6826666667</dst>
            <dst id="KSCYng">5168.712</dst>
            <dst id="LOSAng">78031.864</dst>
            <dst id="NYCMng">84770.1893333333</dst>
            <dst id="SNVAng">1014.42133333333</dst>
            <dst id="STTLng">16945.0213333333</dst>
            <dst id="WASHng">44868.0986666667</dst>
        </src>
        <src id="SNVAng">
            <dst id="ATLA-M5">0</dst>
            <dst id="ATLAng">121.088</dst>
            <dst id="CHINng">139.250666666667</dst>
            <dst id="DNVRng">3196.09333333333</dst>
            <dst id="HSTNng">32.1706666666667</dst>
            <dst id="IPLSng">812.394666666667</dst>
            <dst id="KSCYng">0</dst>
            <dst id="LOSAng">33178.832</dst>
            <dst id="NYCMng">284.245333333333</dst>
            <dst id="SNVAng">3881.90133333333</dst>
            <dst id="STTLng">26216.856</dst>
            <dst id="WASHng">168.328</dst>
        </src>
        <src id="STTLng">
            <dst id="ATLA-M5">0</dst>
            <dst id="ATLAng">5711.456</dst>
            <dst id="CHINng">47829.4186666667</dst>
            <dst id="DNVRng">2775.92</dst>
            <dst id="HSTNng">2081.41066666667</dst>
            <dst id="IPLSng">4199.41066666667</dst>
            <dst id="KSCYng">1516.18133333333</dst>
            <dst id="LOSAng">30087.7733333333</dst>
            <dst id="NYCMng">11386.6293333333</dst>
            <dst id="SNVAng">2791.09066666667</dst>
            <dst id="STTLng">18123.0346666667</dst>
            <dst id="WASHng">4340.51466666667</dst>
        </src>
        <src id="WASHng">
            <dst id="ATLA-M5">1052.37066666667</dst>
            <dst id="ATLAng">57347.1173333333</dst>
            <dst id="CHINng">91951.7013333333</dst>
            <dst id="DNVRng">50247.9813333333</dst>
            <dst id="HSTNng">39356.52</dst>
            <dst id="IPLSng">67029.8293333333</dst>
            <dst id="KSCYng">12566.6133333333</dst>
            <dst id="LOSAng">71864.7386666667</dst>
            <dst id="NYCMng">119728.485333333</dst>
            <dst id="SNVAng">5046.592</dst>
            <dst id="STTLng">46870.6586666667</dst>
            <dst id="WASHng">303239.52</dst>
        </src>
    </IntraTM>
</TrafficMatrixFile>
