<?xml version="1.0" encoding="ISO-8859-1" standalone="yes"?>
<TrafficMatrixFile xsi:noNamespaceSchemaLocation="http://totem.run.montefiore.ulg.ac.be/Schema/TrafficMatrix-v1_2.xsd" xmlns:xsi="http://www.w3.org/2001/XMLSchema-instance">
    <IntraTM ASID="11537">
        <src id="ATLA-M5">
            <dst id="ATLA-M5">123.290666666667</dst>
            <dst id="ATLAng">0</dst>
            <dst id="CHINng">72.0586666666667</dst>
            <dst id="DNVRng">0</dst>
            <dst id="HSTNng">93.3386666666667</dst>
            <dst id="IPLSng">0</dst>
            <dst id="KSCYng">26.6666666666667</dst>
            <dst id="LOSAng">459.517333333333</dst>
            <dst id="NYCMng">53.3333333333333</dst>
            <dst id="SNVAng">0</dst>
            <dst id="STTLng">448.416</dst>
            <dst id="WASHng">380.506666666667</dst>
        </src>
        <src id="ATLAng">
            <dst id="ATLA-M5">0</dst>
            <dst id="ATLAng">32322.2986666667</dst>
            <dst id="CHINng">69396.296</dst>
            <dst id="DNVRng">3308.87466666667</dst>
            <dst id="HSTNng">342.829333333333</dst>
            <dst id="IPLSng">30911.5733333333</dst>
            <dst id="KSCYng">279.970666666667</dst>
            <dst id="LOSAng">7404.36</dst>
            <dst id="NYCMng">6151.92</dst>
            <dst id="SNVAng">0</dst>
            <dst id="STTLng">9884.368</dst>
            <dst id="WASHng">33050.0826666667</dst>
        </src>
        <src id="CHINng">
            <dst id="ATLA-M5">26.6666666666667</dst>
            <dst id="ATLAng">9511.424</dst>
            <dst id="CHINng">57094.4453333333</dst>
            <dst id="DNVRng">10433.6373333333</dst>
            <dst id="HSTNng">4662.80266666667</dst>
            <dst id="IPLSng">83295.9573333333</dst>
            <dst id="KSCYng">4022.70666666667</dst>
            <dst id="LOSAng">38765.056</dst>
            <dst id="NYCMng">7290.71733333333</dst>
            <dst id="SNVAng">415.549333333333</dst>
            <dst id="STTLng">4103.58933333333</dst>
            <dst id="WASHng">18164</dst>
        </src>
        <src id="DNVRng">
            <dst id="ATLA-M5">265.6</dst>
            <dst id="ATLAng">3709.824</dst>
            <dst id="CHINng">63023.736</dst>
            <dst id="DNVRng">8479.064</dst>
            <dst id="HSTNng">13531.1786666667</dst>
            <dst id="IPLSng">33477.36</dst>
            <dst id="KSCYng">15579.888</dst>
            <dst id="LOSAng">25503.672</dst>
            <dst id="NYCMng">15541.7146666667</dst>
            <dst id="SNVAng">10891.2586666667</dst>
            <dst id="STTLng">11881.0586666667</dst>
            <dst id="WASHng">27968.8266666667</dst>
        </src>
        <src id="HSTNng">
            <dst id="ATLA-M5">2047.456</dst>
            <dst id="ATLAng">1309.48533333333</dst>
            <dst id="CHINng">15018.216</dst>
            <dst id="DNVRng">1364.69866666667</dst>
            <dst id="HSTNng">17405.1333333333</dst>
            <dst id="IPLSng">4506.136</dst>
            <dst id="KSCYng">584.010666666667</dst>
            <dst id="LOSAng">22615.8373333333</dst>
            <dst id="NYCMng">5126.2</dst>
            <dst id="SNVAng">0</dst>
            <dst id="STTLng">469.501333333333</dst>
            <dst id="WASHng">1354.98933333333</dst>
        </src>
        <src id="IPLSng">
            <dst id="ATLA-M5">0</dst>
            <dst id="ATLAng">10089.856</dst>
            <dst id="CHINng">64769.544</dst>
            <dst id="DNVRng">13764.9146666667</dst>
            <dst id="HSTNng">3562.84266666667</dst>
            <dst id="IPLSng">18659.8853333333</dst>
            <dst id="KSCYng">13386.0106666667</dst>
            <dst id="LOSAng">15419.8586666667</dst>
            <dst id="NYCMng">17399.0933333333</dst>
            <dst id="SNVAng">578.256</dst>
            <dst id="STTLng">7135.952</dst>
            <dst id="WASHng">26600.504</dst>
        </src>
        <src id="KSCYng">
            <dst id="ATLA-M5">519.018666666667</dst>
            <dst id="ATLAng">1189.29066666667</dst>
            <dst id="CHINng">15688.2933333333</dst>
            <dst id="DNVRng">9733.24533333334</dst>
            <dst id="HSTNng">2305.256</dst>
            <dst id="IPLSng">9161.86133333333</dst>
            <dst id="KSCYng">5773.23466666667</dst>
            <dst id="LOSAng">6260.74666666667</dst>
            <dst id="NYCMng">2537.984</dst>
            <dst id="SNVAng">3030.2</dst>
            <dst id="STTLng">4928.29866666667</dst>
            <dst id="WASHng">6141.57066666667</dst>
        </src>
        <src id="LOSAng">
            <dst id="ATLA-M5">523.984</dst>
            <dst id="ATLAng">19872.952</dst>
            <dst id="CHINng">120739.376</dst>
            <dst id="DNVRng">20940.3866666667</dst>
            <dst id="HSTNng">2602.368</dst>
            <dst id="IPLSng">10647.7253333333</dst>
            <dst id="KSCYng">3601.36266666667</dst>
            <dst id="LOSAng">18851.056</dst>
            <dst id="NYCMng">58470.5386666667</dst>
            <dst id="SNVAng">7409.07466666667</dst>
            <dst id="STTLng">22799.488</dst>
            <dst id="WASHng">13541.0053333333</dst>
        </src>
        <src id="NYCMng">
            <dst id="ATLA-M5">299.632</dst>
            <dst id="ATLAng">19663.2693333333</dst>
            <dst id="CHINng">8304.144</dst>
            <dst id="DNVRng">29425.9946666667</dst>
            <dst id="HSTNng">7160.112</dst>
            <dst id="IPLSng">23954.344</dst>
            <dst id="KSCYng">7862.848</dst>
            <dst id="LOSAng">83144.7866666667</dst>
            <dst id="NYCMng">98653.888</dst>
            <dst id="SNVAng">1575.12266666667</dst>
            <dst id="STTLng">19683.464</dst>
            <dst id="WASHng">59572.7893333333</dst>
        </src>
        <src id="SNVAng">
            <dst id="ATLA-M5">0</dst>
            <dst id="ATLAng">0</dst>
            <dst id="CHINng">26.6666666666667</dst>
            <dst id="DNVRng">3012.53866666667</dst>
            <dst id="HSTNng">64.3946666666667</dst>
            <dst id="IPLSng">185.12</dst>
            <dst id="KSCYng">26.6666666666667</dst>
            <dst id="LOSAng">30893.0373333333</dst>
            <dst id="NYCMng">373.066666666667</dst>
            <dst id="SNVAng">4792.048</dst>
            <dst id="STTLng">22338.36</dst>
            <dst id="WASHng">0</dst>
        </src>
        <src id="STTLng">
            <dst id="ATLA-M5">0</dst>
            <dst id="ATLAng">6054.92266666667</dst>
            <dst id="CHINng">21203.296</dst>
            <dst id="DNVRng">2456.90133333333</dst>
            <dst id="HSTNng">969.552</dst>
            <dst id="IPLSng">5380.08266666667</dst>
            <dst id="KSCYng">1127.17066666667</dst>
            <dst id="LOSAng">13863.28</dst>
            <dst id="NYCMng">14068.4986666667</dst>
            <dst id="SNVAng">1845.00533333333</dst>
            <dst id="STTLng">3779.488</dst>
            <dst id="WASHng">5315.73066666667</dst>
        </src>
        <src id="WASHng">
            <dst id="ATLA-M5">77.7786666666667</dst>
            <dst id="ATLAng">65613.7173333333</dst>
            <dst id="CHINng">46142.9466666667</dst>
            <dst id="DNVRng">45414.2506666667</dst>
            <dst id="HSTNng">25515.848</dst>
            <dst id="IPLSng">59422.5653333333</dst>
            <dst id="KSCYng">13991.5066666667</dst>
            <dst id="LOSAng">71162.4826666666</dst>
            <dst id="NYCMng">148287.896</dst>
            <dst id="SNVAng">9892.144</dst>
            <dst id="STTLng">25314.3413333333</dst>
            <dst id="WASHng">299084.4</dst>
        </src>
    </IntraTM>
</TrafficMatrixFile>
