<?xml version="1.0" encoding="ISO-8859-1" standalone="yes"?>
<TrafficMatrixFile xsi:noNamespaceSchemaLocation="http://totem.run.montefiore.ulg.ac.be/Schema/TrafficMatrix-v1_2.xsd" xmlns:xsi="http://www.w3.org/2001/XMLSchema-instance">
    <IntraTM ASID="11537">
        <src id="ATLA-M5">
            <dst id="ATLA-M5">98.9653333333333</dst>
            <dst id="ATLAng">2063.95733333333</dst>
            <dst id="CHINng">786.834666666667</dst>
            <dst id="DNVRng">0</dst>
            <dst id="HSTNng">26.6666666666667</dst>
            <dst id="IPLSng">136.106666666667</dst>
            <dst id="KSCYng">107.861333333333</dst>
            <dst id="LOSAng">97.9306666666667</dst>
            <dst id="NYCMng">870.725333333333</dst>
            <dst id="SNVAng">0</dst>
            <dst id="STTLng">36.9813333333333</dst>
            <dst id="WASHng">532.517333333333</dst>
        </src>
        <src id="ATLAng">
            <dst id="ATLA-M5">125.744</dst>
            <dst id="ATLAng">27692.9946666667</dst>
            <dst id="CHINng">4262.56</dst>
            <dst id="DNVRng">3182.128</dst>
            <dst id="HSTNng">6755.92533333333</dst>
            <dst id="IPLSng">21925.3333333333</dst>
            <dst id="KSCYng">615.186666666667</dst>
            <dst id="LOSAng">16587.1853333333</dst>
            <dst id="NYCMng">5633.024</dst>
            <dst id="SNVAng">185.601333333333</dst>
            <dst id="STTLng">6416.344</dst>
            <dst id="WASHng">26129.144</dst>
        </src>
        <src id="CHINng">
            <dst id="ATLA-M5">1143.58933333333</dst>
            <dst id="ATLAng">22585.376</dst>
            <dst id="CHINng">42613.936</dst>
            <dst id="DNVRng">9049.57333333333</dst>
            <dst id="HSTNng">10897.432</dst>
            <dst id="IPLSng">28127.888</dst>
            <dst id="KSCYng">5620.904</dst>
            <dst id="LOSAng">50356.1306666667</dst>
            <dst id="NYCMng">11520.224</dst>
            <dst id="SNVAng">2170.232</dst>
            <dst id="STTLng">5205.84</dst>
            <dst id="WASHng">25746.5573333333</dst>
        </src>
        <src id="DNVRng">
            <dst id="ATLA-M5">177.866666666667</dst>
            <dst id="ATLAng">14977.0266666667</dst>
            <dst id="CHINng">49701.2773333333</dst>
            <dst id="DNVRng">24049.096</dst>
            <dst id="HSTNng">19697.0426666667</dst>
            <dst id="IPLSng">33310.672</dst>
            <dst id="KSCYng">30449.1733333333</dst>
            <dst id="LOSAng">26707.64</dst>
            <dst id="NYCMng">16949.5493333333</dst>
            <dst id="SNVAng">8554.16266666667</dst>
            <dst id="STTLng">13430.904</dst>
            <dst id="WASHng">40724.6293333333</dst>
        </src>
        <src id="HSTNng">
            <dst id="ATLA-M5">143.936</dst>
            <dst id="ATLAng">15930.4133333333</dst>
            <dst id="CHINng">9681.42133333333</dst>
            <dst id="DNVRng">1302.112</dst>
            <dst id="HSTNng">16098.216</dst>
            <dst id="IPLSng">3495.67466666667</dst>
            <dst id="KSCYng">2300.656</dst>
            <dst id="LOSAng">10517.392</dst>
            <dst id="NYCMng">3899.00266666667</dst>
            <dst id="SNVAng">0</dst>
            <dst id="STTLng">952.56</dst>
            <dst id="WASHng">6799.82133333333</dst>
        </src>
        <src id="IPLSng">
            <dst id="ATLA-M5">0</dst>
            <dst id="ATLAng">19284.7786666667</dst>
            <dst id="CHINng">49129.6</dst>
            <dst id="DNVRng">16083.744</dst>
            <dst id="HSTNng">983.544</dst>
            <dst id="IPLSng">17960.5573333333</dst>
            <dst id="KSCYng">9316.80266666666</dst>
            <dst id="LOSAng">38422.2773333333</dst>
            <dst id="NYCMng">27104.472</dst>
            <dst id="SNVAng">6385.64</dst>
            <dst id="STTLng">13140.1253333333</dst>
            <dst id="WASHng">9225.056</dst>
        </src>
        <src id="KSCYng">
            <dst id="ATLA-M5">718.261333333333</dst>
            <dst id="ATLAng">2461.93066666667</dst>
            <dst id="CHINng">10247.952</dst>
            <dst id="DNVRng">11642.6186666667</dst>
            <dst id="HSTNng">4702.31733333333</dst>
            <dst id="IPLSng">15906.6746666667</dst>
            <dst id="KSCYng">13285.3706666667</dst>
            <dst id="LOSAng">8541.976</dst>
            <dst id="NYCMng">2801.088</dst>
            <dst id="SNVAng">2618.048</dst>
            <dst id="STTLng">4795.392</dst>
            <dst id="WASHng">15620.312</dst>
        </src>
        <src id="LOSAng">
            <dst id="ATLA-M5">193.824</dst>
            <dst id="ATLAng">20592.3173333333</dst>
            <dst id="CHINng">97608.3013333333</dst>
            <dst id="DNVRng">24080.0853333333</dst>
            <dst id="HSTNng">11161.0906666667</dst>
            <dst id="IPLSng">24550.7573333333</dst>
            <dst id="KSCYng">4468.54933333333</dst>
            <dst id="LOSAng">25087.9413333333</dst>
            <dst id="NYCMng">32495.2186666667</dst>
            <dst id="SNVAng">19809.1893333333</dst>
            <dst id="STTLng">25546.0586666667</dst>
            <dst id="WASHng">28276.1813333333</dst>
        </src>
        <src id="NYCMng">
            <dst id="ATLA-M5">3917.18666666667</dst>
            <dst id="ATLAng">23694.5893333333</dst>
            <dst id="CHINng">12861.456</dst>
            <dst id="DNVRng">25861.152</dst>
            <dst id="HSTNng">15000.0373333333</dst>
            <dst id="IPLSng">18896.2346666667</dst>
            <dst id="KSCYng">10851.264</dst>
            <dst id="LOSAng">69114.3573333333</dst>
            <dst id="NYCMng">108203.064</dst>
            <dst id="SNVAng">4512.94666666667</dst>
            <dst id="STTLng">22239.1813333333</dst>
            <dst id="WASHng">51912.6666666667</dst>
        </src>
        <src id="SNVAng">
            <dst id="ATLA-M5">0</dst>
            <dst id="ATLAng">474.922666666667</dst>
            <dst id="CHINng">0</dst>
            <dst id="DNVRng">15334.384</dst>
            <dst id="HSTNng">2341.39733333333</dst>
            <dst id="IPLSng">320.866666666667</dst>
            <dst id="KSCYng">0</dst>
            <dst id="LOSAng">55085.6</dst>
            <dst id="NYCMng">244.288</dst>
            <dst id="SNVAng">14340.1573333333</dst>
            <dst id="STTLng">39132.7173333333</dst>
            <dst id="WASHng">422.048</dst>
        </src>
        <src id="STTLng">
            <dst id="ATLA-M5">682.578666666667</dst>
            <dst id="ATLAng">16092.7146666667</dst>
            <dst id="CHINng">13474.7573333333</dst>
            <dst id="DNVRng">3455.112</dst>
            <dst id="HSTNng">3650.89866666667</dst>
            <dst id="IPLSng">5633.312</dst>
            <dst id="KSCYng">2799.94133333333</dst>
            <dst id="LOSAng">25461.5093333333</dst>
            <dst id="NYCMng">11830.744</dst>
            <dst id="SNVAng">5011.16266666667</dst>
            <dst id="STTLng">20793.6826666667</dst>
            <dst id="WASHng">8796.60266666667</dst>
        </src>
        <src id="WASHng">
            <dst id="ATLA-M5">223.52</dst>
            <dst id="ATLAng">83245.1386666667</dst>
            <dst id="CHINng">64342.0106666667</dst>
            <dst id="DNVRng">76840.2746666667</dst>
            <dst id="HSTNng">37310.1413333333</dst>
            <dst id="IPLSng">64637.9573333333</dst>
            <dst id="KSCYng">13630.8346666667</dst>
            <dst id="LOSAng">75124.5386666667</dst>
            <dst id="NYCMng">186514.344</dst>
            <dst id="SNVAng">5545.84266666667</dst>
            <dst id="STTLng">57415.9386666667</dst>
            <dst id="WASHng">225166.442666667</dst>
        </src>
    </IntraTM>
</TrafficMatrixFile>
