<?xml version="1.0" encoding="ISO-8859-1" standalone="yes"?>
<TrafficMatrixFile xsi:noNamespaceSchemaLocation="http://totem.run.montefiore.ulg.ac.be/Schema/TrafficMatrix-v1_2.xsd" xmlns:xsi="http://www.w3.org/2001/XMLSchema-instance">
    <IntraTM ASID="11537">
        <src id="ATLA-M5">
            <dst id="ATLA-M5">190.576</dst>
            <dst id="ATLAng">2494.29066666667</dst>
            <dst id="CHINng">211.850666666667</dst>
            <dst id="DNVRng">0</dst>
            <dst id="HSTNng">144.314666666667</dst>
            <dst id="IPLSng">80</dst>
            <dst id="KSCYng">26.6666666666667</dst>
            <dst id="LOSAng">143.445333333333</dst>
            <dst id="NYCMng">509.314666666667</dst>
            <dst id="SNVAng">13.3333333333333</dst>
            <dst id="STTLng">26.6666666666667</dst>
            <dst id="WASHng">646.024</dst>
        </src>
        <src id="ATLAng">
            <dst id="ATLA-M5">202.682666666667</dst>
            <dst id="ATLAng">38098.2746666667</dst>
            <dst id="CHINng">4714.86666666667</dst>
            <dst id="DNVRng">4294.14666666667</dst>
            <dst id="HSTNng">8313.456</dst>
            <dst id="IPLSng">41618.8906666667</dst>
            <dst id="KSCYng">2204.08533333333</dst>
            <dst id="LOSAng">13208.1746666667</dst>
            <dst id="NYCMng">7246.80266666667</dst>
            <dst id="SNVAng">841.748</dst>
            <dst id="STTLng">8771.30933333333</dst>
            <dst id="WASHng">37506.488</dst>
        </src>
        <src id="CHINng">
            <dst id="ATLA-M5">1997.05333333333</dst>
            <dst id="ATLAng">24889.8426666667</dst>
            <dst id="CHINng">57307.4906666667</dst>
            <dst id="DNVRng">14956.568</dst>
            <dst id="HSTNng">16473.632</dst>
            <dst id="IPLSng">32622.3893333333</dst>
            <dst id="KSCYng">18126.8</dst>
            <dst id="LOSAng">48404.0773333333</dst>
            <dst id="NYCMng">18862.4373333333</dst>
            <dst id="SNVAng">9895.76533333333</dst>
            <dst id="STTLng">5968.80533333333</dst>
            <dst id="WASHng">53509.6346666667</dst>
        </src>
        <src id="DNVRng">
            <dst id="ATLA-M5">773.141333333333</dst>
            <dst id="ATLAng">8809.488</dst>
            <dst id="CHINng">59864.8506666667</dst>
            <dst id="DNVRng">21913.5866666667</dst>
            <dst id="HSTNng">20348.5626666667</dst>
            <dst id="IPLSng">57670.8826666667</dst>
            <dst id="KSCYng">50529.0826666667</dst>
            <dst id="LOSAng">20122.608</dst>
            <dst id="NYCMng">17153.688</dst>
            <dst id="SNVAng">19291.7173333333</dst>
            <dst id="STTLng">29491.0613333333</dst>
            <dst id="WASHng">51823.1893333333</dst>
        </src>
        <src id="HSTNng">
            <dst id="ATLA-M5">2862.95466666667</dst>
            <dst id="ATLAng">7915.86133333333</dst>
            <dst id="CHINng">8143.11733333333</dst>
            <dst id="DNVRng">1600.73333333333</dst>
            <dst id="HSTNng">17072.0906666667</dst>
            <dst id="IPLSng">2809.85066666667</dst>
            <dst id="KSCYng">1578.104</dst>
            <dst id="LOSAng">2401.632</dst>
            <dst id="NYCMng">2376.89333333333</dst>
            <dst id="SNVAng">86.5573333333333</dst>
            <dst id="STTLng">7364.184</dst>
            <dst id="WASHng">9794.09333333333</dst>
        </src>
        <src id="IPLSng">
            <dst id="ATLA-M5">80</dst>
            <dst id="ATLAng">59724.4</dst>
            <dst id="CHINng">64055.728</dst>
            <dst id="DNVRng">17000.744</dst>
            <dst id="HSTNng">2068.232</dst>
            <dst id="IPLSng">27795.7493333333</dst>
            <dst id="KSCYng">2777.09333333333</dst>
            <dst id="LOSAng">32590.6133333333</dst>
            <dst id="NYCMng">31623.0986666667</dst>
            <dst id="SNVAng">9842.744</dst>
            <dst id="STTLng">8280.76533333333</dst>
            <dst id="WASHng">40940.3146666667</dst>
        </src>
        <src id="KSCYng">
            <dst id="ATLA-M5">118.090666666667</dst>
            <dst id="ATLAng">9324.16266666667</dst>
            <dst id="CHINng">10492.0133333333</dst>
            <dst id="DNVRng">14318.8453333333</dst>
            <dst id="HSTNng">6911.58666666667</dst>
            <dst id="IPLSng">24849.5893333333</dst>
            <dst id="KSCYng">14805.0213333333</dst>
            <dst id="LOSAng">6498.624</dst>
            <dst id="NYCMng">2605.04</dst>
            <dst id="SNVAng">4077.48266666667</dst>
            <dst id="STTLng">4821.47466666667</dst>
            <dst id="WASHng">13393.024</dst>
        </src>
        <src id="LOSAng">
            <dst id="ATLA-M5">736.226666666667</dst>
            <dst id="ATLAng">24225.1786666667</dst>
            <dst id="CHINng">84227.7493333334</dst>
            <dst id="DNVRng">37317.208</dst>
            <dst id="HSTNng">7609.45066666667</dst>
            <dst id="IPLSng">36446.5173333333</dst>
            <dst id="KSCYng">7637.888</dst>
            <dst id="LOSAng">24992.0906666667</dst>
            <dst id="NYCMng">32749.8453333333</dst>
            <dst id="SNVAng">33915.7866666667</dst>
            <dst id="STTLng">26898.0906666667</dst>
            <dst id="WASHng">74189.0826666667</dst>
        </src>
        <src id="NYCMng">
            <dst id="ATLA-M5">225.848</dst>
            <dst id="ATLAng">36674.56</dst>
            <dst id="CHINng">40220.3493333333</dst>
            <dst id="DNVRng">44056.6026666667</dst>
            <dst id="HSTNng">11443.728</dst>
            <dst id="IPLSng">45062.0106666667</dst>
            <dst id="KSCYng">9828.35733333333</dst>
            <dst id="LOSAng">80847.1066666667</dst>
            <dst id="NYCMng">93158.872</dst>
            <dst id="SNVAng">6782.65866666667</dst>
            <dst id="STTLng">15053.1866666667</dst>
            <dst id="WASHng">106704.682666667</dst>
        </src>
        <src id="SNVAng">
            <dst id="ATLA-M5">0</dst>
            <dst id="ATLAng">59.1706666666667</dst>
            <dst id="CHINng">207.373333333333</dst>
            <dst id="DNVRng">51402.184</dst>
            <dst id="HSTNng">946.237333333333</dst>
            <dst id="IPLSng">291.706666666667</dst>
            <dst id="KSCYng">1407.53866666667</dst>
            <dst id="LOSAng">34440.256</dst>
            <dst id="NYCMng">454.930666666667</dst>
            <dst id="SNVAng">7814.54666666667</dst>
            <dst id="STTLng">31460.016</dst>
            <dst id="WASHng">156.909333333333</dst>
        </src>
        <src id="STTLng">
            <dst id="ATLA-M5">69.2053333333334</dst>
            <dst id="ATLAng">7867.13866666667</dst>
            <dst id="CHINng">13185.2346666667</dst>
            <dst id="DNVRng">4383.376</dst>
            <dst id="HSTNng">4262.27466666667</dst>
            <dst id="IPLSng">11925.7253333333</dst>
            <dst id="KSCYng">2729.12266666667</dst>
            <dst id="LOSAng">33330.8133333333</dst>
            <dst id="NYCMng">11310.0533333333</dst>
            <dst id="SNVAng">9030.8</dst>
            <dst id="STTLng">6174.57866666667</dst>
            <dst id="WASHng">10461.936</dst>
        </src>
        <src id="WASHng">
            <dst id="ATLA-M5">275.709333333333</dst>
            <dst id="ATLAng">102403.965333333</dst>
            <dst id="CHINng">72123.072</dst>
            <dst id="DNVRng">109850.997333333</dst>
            <dst id="HSTNng">35662.224</dst>
            <dst id="IPLSng">59543.4853333333</dst>
            <dst id="KSCYng">16781.792</dst>
            <dst id="LOSAng">60252.84</dst>
            <dst id="NYCMng">173006.8</dst>
            <dst id="SNVAng">21815.232</dst>
            <dst id="STTLng">54879.3093333333</dst>
            <dst id="WASHng">247353.429333333</dst>
        </src>
    </IntraTM>
</TrafficMatrixFile>
