<?xml version="1.0" encoding="ISO-8859-1" standalone="yes"?>
<TrafficMatrixFile xsi:noNamespaceSchemaLocation="http://totem.run.montefiore.ulg.ac.be/Schema/TrafficMatrix-v1_2.xsd" xmlns:xsi="http://www.w3.org/2001/XMLSchema-instance">
    <IntraTM ASID="11537">
        <src id="ATLA-M5">
            <dst id="ATLA-M5">0</dst>
            <dst id="ATLAng">0</dst>
            <dst id="CHINng">135.573333333333</dst>
            <dst id="DNVRng">0</dst>
            <dst id="HSTNng">29.4853333333333</dst>
            <dst id="IPLSng">0</dst>
            <dst id="KSCYng">1143.36</dst>
            <dst id="LOSAng">94.8586666666667</dst>
            <dst id="NYCMng">198.453333333333</dst>
            <dst id="SNVAng">0</dst>
            <dst id="STTLng">400.698666666667</dst>
            <dst id="WASHng">1389.272</dst>
        </src>
        <src id="ATLAng">
            <dst id="ATLA-M5">0</dst>
            <dst id="ATLAng">30324.5253333333</dst>
            <dst id="CHINng">1992.52266666667</dst>
            <dst id="DNVRng">2900.904</dst>
            <dst id="HSTNng">10332.632</dst>
            <dst id="IPLSng">21640.1306666667</dst>
            <dst id="KSCYng">367.104</dst>
            <dst id="LOSAng">11355.6666666667</dst>
            <dst id="NYCMng">6805.328</dst>
            <dst id="SNVAng">40</dst>
            <dst id="STTLng">6952.904</dst>
            <dst id="WASHng">36662.2853333333</dst>
        </src>
        <src id="CHINng">
            <dst id="ATLA-M5">5523.73333333333</dst>
            <dst id="ATLAng">10539.3093333333</dst>
            <dst id="CHINng">83453.488</dst>
            <dst id="DNVRng">10610.1813333333</dst>
            <dst id="HSTNng">4306.49066666667</dst>
            <dst id="IPLSng">23032.1493333333</dst>
            <dst id="KSCYng">2682.74666666667</dst>
            <dst id="LOSAng">37867.656</dst>
            <dst id="NYCMng">10336.08</dst>
            <dst id="SNVAng">2905.25066666667</dst>
            <dst id="STTLng">5847.08533333333</dst>
            <dst id="WASHng">13377.7706666667</dst>
        </src>
        <src id="DNVRng">
            <dst id="ATLA-M5">152.8</dst>
            <dst id="ATLAng">12044.8</dst>
            <dst id="CHINng">76348.9386666667</dst>
            <dst id="DNVRng">14337.4026666667</dst>
            <dst id="HSTNng">16181.448</dst>
            <dst id="IPLSng">29072.3413333333</dst>
            <dst id="KSCYng">21980.3546666667</dst>
            <dst id="LOSAng">14659.008</dst>
            <dst id="NYCMng">15690.1306666667</dst>
            <dst id="SNVAng">10294.9173333333</dst>
            <dst id="STTLng">10301.3146666667</dst>
            <dst id="WASHng">28532.9066666667</dst>
        </src>
        <src id="HSTNng">
            <dst id="ATLA-M5">3069.92</dst>
            <dst id="ATLAng">1001.73066666667</dst>
            <dst id="CHINng">10742.048</dst>
            <dst id="DNVRng">791.592</dst>
            <dst id="HSTNng">11448.8053333333</dst>
            <dst id="IPLSng">3131.896</dst>
            <dst id="KSCYng">2445.568</dst>
            <dst id="LOSAng">11204.032</dst>
            <dst id="NYCMng">1870.496</dst>
            <dst id="SNVAng">26.6666666666667</dst>
            <dst id="STTLng">460.098666666667</dst>
            <dst id="WASHng">1278.56533333333</dst>
        </src>
        <src id="IPLSng">
            <dst id="ATLA-M5">0</dst>
            <dst id="ATLAng">14212.1706666667</dst>
            <dst id="CHINng">74533.56</dst>
            <dst id="DNVRng">16228.784</dst>
            <dst id="HSTNng">2716.57866666667</dst>
            <dst id="IPLSng">15824.1306666667</dst>
            <dst id="KSCYng">5892.38933333334</dst>
            <dst id="LOSAng">17799.6826666667</dst>
            <dst id="NYCMng">25471.8026666667</dst>
            <dst id="SNVAng">225.936</dst>
            <dst id="STTLng">25255.6373333333</dst>
            <dst id="WASHng">8705</dst>
        </src>
        <src id="KSCYng">
            <dst id="ATLA-M5">31.44</dst>
            <dst id="ATLAng">796.434666666667</dst>
            <dst id="CHINng">19610.0293333333</dst>
            <dst id="DNVRng">8320.42933333333</dst>
            <dst id="HSTNng">2821.03466666667</dst>
            <dst id="IPLSng">24841.5386666667</dst>
            <dst id="KSCYng">7922.472</dst>
            <dst id="LOSAng">6813.24533333333</dst>
            <dst id="NYCMng">3416.704</dst>
            <dst id="SNVAng">3068.896</dst>
            <dst id="STTLng">5418.45866666667</dst>
            <dst id="WASHng">6407.67466666667</dst>
        </src>
        <src id="LOSAng">
            <dst id="ATLA-M5">26.6666666666667</dst>
            <dst id="ATLAng">6398.37333333333</dst>
            <dst id="CHINng">141213.117333333</dst>
            <dst id="DNVRng">23398.864</dst>
            <dst id="HSTNng">4920.13866666667</dst>
            <dst id="IPLSng">15802.3306666667</dst>
            <dst id="KSCYng">3236.02666666667</dst>
            <dst id="LOSAng">24189.2133333333</dst>
            <dst id="NYCMng">39243.2426666667</dst>
            <dst id="SNVAng">21283.1893333333</dst>
            <dst id="STTLng">30653.9333333333</dst>
            <dst id="WASHng">21487.7146666667</dst>
        </src>
        <src id="NYCMng">
            <dst id="ATLA-M5">383.589333333333</dst>
            <dst id="ATLAng">5563.73066666667</dst>
            <dst id="CHINng">12551.2506666667</dst>
            <dst id="DNVRng">22414.5493333333</dst>
            <dst id="HSTNng">4772.14133333333</dst>
            <dst id="IPLSng">17382.408</dst>
            <dst id="KSCYng">5994.968</dst>
            <dst id="LOSAng">80452.4293333333</dst>
            <dst id="NYCMng">109042.096</dst>
            <dst id="SNVAng">1181.232</dst>
            <dst id="STTLng">18711.9813333333</dst>
            <dst id="WASHng">25888.0853333333</dst>
        </src>
        <src id="SNVAng">
            <dst id="ATLA-M5">0</dst>
            <dst id="ATLAng">0</dst>
            <dst id="CHINng">80</dst>
            <dst id="DNVRng">3194.952</dst>
            <dst id="HSTNng">34.7946666666667</dst>
            <dst id="IPLSng">177.992</dst>
            <dst id="KSCYng">26.6666666666667</dst>
            <dst id="LOSAng">34258.8506666667</dst>
            <dst id="NYCMng">324.021333333333</dst>
            <dst id="SNVAng">4111.872</dst>
            <dst id="STTLng">26393.9653333333</dst>
            <dst id="WASHng">115.173333333333</dst>
        </src>
        <src id="STTLng">
            <dst id="ATLA-M5">0</dst>
            <dst id="ATLAng">5312.81333333333</dst>
            <dst id="CHINng">47475.5093333333</dst>
            <dst id="DNVRng">1909.72266666667</dst>
            <dst id="HSTNng">9262.27466666667</dst>
            <dst id="IPLSng">4207.97866666667</dst>
            <dst id="KSCYng">2033.60533333333</dst>
            <dst id="LOSAng">19701.5893333333</dst>
            <dst id="NYCMng">11436.096</dst>
            <dst id="SNVAng">3590.848</dst>
            <dst id="STTLng">18871.5653333333</dst>
            <dst id="WASHng">3837.99733333333</dst>
        </src>
        <src id="WASHng">
            <dst id="ATLA-M5">942.365333333333</dst>
            <dst id="ATLAng">94505.2613333333</dst>
            <dst id="CHINng">87864.936</dst>
            <dst id="DNVRng">50072.368</dst>
            <dst id="HSTNng">33727.5546666667</dst>
            <dst id="IPLSng">48571.3626666667</dst>
            <dst id="KSCYng">17914.528</dst>
            <dst id="LOSAng">69135.3066666667</dst>
            <dst id="NYCMng">135617.389333333</dst>
            <dst id="SNVAng">1580.304</dst>
            <dst id="STTLng">42854.016</dst>
            <dst id="WASHng">280420.64</dst>
        </src>
    </IntraTM>
</TrafficMatrixFile>
