<?xml version="1.0" encoding="ISO-8859-1" standalone="yes"?>
<TrafficMatrixFile xsi:noNamespaceSchemaLocation="http://totem.run.montefiore.ulg.ac.be/Schema/TrafficMatrix-v1_2.xsd" xmlns:xsi="http://www.w3.org/2001/XMLSchema-instance">
    <IntraTM ASID="11537">
        <src id="ATLA-M5">
            <dst id="ATLA-M5">0</dst>
            <dst id="ATLAng">26.6666666666667</dst>
            <dst id="CHINng">105.381333333333</dst>
            <dst id="DNVRng">0</dst>
            <dst id="HSTNng">107.56</dst>
            <dst id="IPLSng">0</dst>
            <dst id="KSCYng">26.6666666666667</dst>
            <dst id="LOSAng">269.52</dst>
            <dst id="NYCMng">106.666666666667</dst>
            <dst id="SNVAng">0</dst>
            <dst id="STTLng">26.6666666666667</dst>
            <dst id="WASHng">519.568</dst>
        </src>
        <src id="ATLAng">
            <dst id="ATLA-M5">118.397333333333</dst>
            <dst id="ATLAng">9845.15466666667</dst>
            <dst id="CHINng">4918.944</dst>
            <dst id="DNVRng">3932.69066666667</dst>
            <dst id="HSTNng">706.306666666667</dst>
            <dst id="IPLSng">29636.1306666667</dst>
            <dst id="KSCYng">528.162666666667</dst>
            <dst id="LOSAng">6619.35733333333</dst>
            <dst id="NYCMng">7401.29866666667</dst>
            <dst id="SNVAng">26.6666666666667</dst>
            <dst id="STTLng">8201.904</dst>
            <dst id="WASHng">36212.9413333333</dst>
        </src>
        <src id="CHINng">
            <dst id="ATLA-M5">30.2933333333333</dst>
            <dst id="ATLAng">9631.248</dst>
            <dst id="CHINng">51141.92</dst>
            <dst id="DNVRng">7725.48</dst>
            <dst id="HSTNng">4568.2</dst>
            <dst id="IPLSng">81019.064</dst>
            <dst id="KSCYng">29017.7973333333</dst>
            <dst id="LOSAng">37684.0213333333</dst>
            <dst id="NYCMng">11838.6666666667</dst>
            <dst id="SNVAng">484.552</dst>
            <dst id="STTLng">3932.688</dst>
            <dst id="WASHng">40482.328</dst>
        </src>
        <src id="DNVRng">
            <dst id="ATLA-M5">185.717333333333</dst>
            <dst id="ATLAng">3824.18933333333</dst>
            <dst id="CHINng">57993.8506666667</dst>
            <dst id="DNVRng">17507.12</dst>
            <dst id="HSTNng">16281.0106666667</dst>
            <dst id="IPLSng">31992.2666666667</dst>
            <dst id="KSCYng">21789.4986666667</dst>
            <dst id="LOSAng">19756.0986666667</dst>
            <dst id="NYCMng">12983.5413333333</dst>
            <dst id="SNVAng">13354.8826666667</dst>
            <dst id="STTLng">9038.944</dst>
            <dst id="WASHng">38663.368</dst>
        </src>
        <src id="HSTNng">
            <dst id="ATLA-M5">2886.784</dst>
            <dst id="ATLAng">2156.67733333333</dst>
            <dst id="CHINng">8689.51466666667</dst>
            <dst id="DNVRng">686.861333333333</dst>
            <dst id="HSTNng">14288.5146666667</dst>
            <dst id="IPLSng">1467.6</dst>
            <dst id="KSCYng">619.906666666667</dst>
            <dst id="LOSAng">10753.7973333333</dst>
            <dst id="NYCMng">3148.49066666667</dst>
            <dst id="SNVAng">0</dst>
            <dst id="STTLng">770.229333333333</dst>
            <dst id="WASHng">950.557333333333</dst>
        </src>
        <src id="IPLSng">
            <dst id="ATLA-M5">0</dst>
            <dst id="ATLAng">79824.048</dst>
            <dst id="CHINng">65106.56</dst>
            <dst id="DNVRng">5410.112</dst>
            <dst id="HSTNng">3452.78933333333</dst>
            <dst id="IPLSng">10693.264</dst>
            <dst id="KSCYng">10858.2266666667</dst>
            <dst id="LOSAng">19997.9733333333</dst>
            <dst id="NYCMng">25636.9146666667</dst>
            <dst id="SNVAng">551.002666666667</dst>
            <dst id="STTLng">8573.808</dst>
            <dst id="WASHng">13598.7173333333</dst>
        </src>
        <src id="KSCYng">
            <dst id="ATLA-M5">976.437333333333</dst>
            <dst id="ATLAng">1344.248</dst>
            <dst id="CHINng">11446.6773333333</dst>
            <dst id="DNVRng">9556.71733333333</dst>
            <dst id="HSTNng">3308.6</dst>
            <dst id="IPLSng">11910.3226666667</dst>
            <dst id="KSCYng">11042.912</dst>
            <dst id="LOSAng">7510.13866666667</dst>
            <dst id="NYCMng">4098.92</dst>
            <dst id="SNVAng">3275.928</dst>
            <dst id="STTLng">8015.26666666667</dst>
            <dst id="WASHng">6608.13333333333</dst>
        </src>
        <src id="LOSAng">
            <dst id="ATLA-M5">492.874666666667</dst>
            <dst id="ATLAng">13833.112</dst>
            <dst id="CHINng">121385.416</dst>
            <dst id="DNVRng">21038.7333333333</dst>
            <dst id="HSTNng">2661.68</dst>
            <dst id="IPLSng">12414.08</dst>
            <dst id="KSCYng">3259.376</dst>
            <dst id="LOSAng">21314.168</dst>
            <dst id="NYCMng">43580.9093333333</dst>
            <dst id="SNVAng">10929.92</dst>
            <dst id="STTLng">21142.6906666667</dst>
            <dst id="WASHng">42302.2346666667</dst>
        </src>
        <src id="NYCMng">
            <dst id="ATLA-M5">383.578666666667</dst>
            <dst id="ATLAng">14693.6666666667</dst>
            <dst id="CHINng">11749.0586666667</dst>
            <dst id="DNVRng">27970</dst>
            <dst id="HSTNng">10308.9813333333</dst>
            <dst id="IPLSng">13470.032</dst>
            <dst id="KSCYng">5452.856</dst>
            <dst id="LOSAng">85131.3466666667</dst>
            <dst id="NYCMng">87338.632</dst>
            <dst id="SNVAng">1877.98133333333</dst>
            <dst id="STTLng">19366</dst>
            <dst id="WASHng">33037.552</dst>
        </src>
        <src id="SNVAng">
            <dst id="ATLA-M5">0</dst>
            <dst id="ATLAng">26.6666666666667</dst>
            <dst id="CHINng">0</dst>
            <dst id="DNVRng">12641.176</dst>
            <dst id="HSTNng">29.2266666666667</dst>
            <dst id="IPLSng">277.578666666667</dst>
            <dst id="KSCYng">0</dst>
            <dst id="LOSAng">34908.9093333333</dst>
            <dst id="NYCMng">8282.83733333333</dst>
            <dst id="SNVAng">5343.44266666667</dst>
            <dst id="STTLng">29830.576</dst>
            <dst id="WASHng">26.6666666666667</dst>
        </src>
        <src id="STTLng">
            <dst id="ATLA-M5">26.6666666666667</dst>
            <dst id="ATLAng">7354.57066666667</dst>
            <dst id="CHINng">17193.32</dst>
            <dst id="DNVRng">4058.416</dst>
            <dst id="HSTNng">884.013333333333</dst>
            <dst id="IPLSng">5067.38666666667</dst>
            <dst id="KSCYng">1220.184</dst>
            <dst id="LOSAng">21495.328</dst>
            <dst id="NYCMng">17891.6426666667</dst>
            <dst id="SNVAng">3270.176</dst>
            <dst id="STTLng">4482.216</dst>
            <dst id="WASHng">5494.424</dst>
        </src>
        <src id="WASHng">
            <dst id="ATLA-M5">226.741333333333</dst>
            <dst id="ATLAng">85689.1626666667</dst>
            <dst id="CHINng">43351.4373333333</dst>
            <dst id="DNVRng">45867.4293333333</dst>
            <dst id="HSTNng">9428.81866666666</dst>
            <dst id="IPLSng">58727.3413333333</dst>
            <dst id="KSCYng">22167.68</dst>
            <dst id="LOSAng">83491.6426666667</dst>
            <dst id="NYCMng">139107.029333333</dst>
            <dst id="SNVAng">4397.96533333333</dst>
            <dst id="STTLng">38638.224</dst>
            <dst id="WASHng">264657.52</dst>
        </src>
    </IntraTM>
</TrafficMatrixFile>
