<?xml version="1.0" encoding="ISO-8859-1" standalone="yes"?>
<TrafficMatrixFile xsi:noNamespaceSchemaLocation="http://totem.run.montefiore.ulg.ac.be/Schema/TrafficMatrix-v1_2.xsd" xmlns:xsi="http://www.w3.org/2001/XMLSchema-instance">
    <IntraTM ASID="11537">
        <src id="ATLA-M5">
            <dst id="ATLA-M5">0</dst>
            <dst id="ATLAng">38.4853333333333</dst>
            <dst id="CHINng">85.432</dst>
            <dst id="DNVRng">0</dst>
            <dst id="HSTNng">115.712</dst>
            <dst id="IPLSng">0</dst>
            <dst id="KSCYng">97.208</dst>
            <dst id="LOSAng">92.768</dst>
            <dst id="NYCMng">0</dst>
            <dst id="SNVAng">0</dst>
            <dst id="STTLng">85.5466666666667</dst>
            <dst id="WASHng">215.474666666667</dst>
        </src>
        <src id="ATLAng">
            <dst id="ATLA-M5">261.485333333333</dst>
            <dst id="ATLAng">13744.9253333333</dst>
            <dst id="CHINng">4789.216</dst>
            <dst id="DNVRng">2210.696</dst>
            <dst id="HSTNng">3933.18666666667</dst>
            <dst id="IPLSng">20014.5093333333</dst>
            <dst id="KSCYng">804.72</dst>
            <dst id="LOSAng">8658.90666666667</dst>
            <dst id="NYCMng">4790.152</dst>
            <dst id="SNVAng">112.568</dst>
            <dst id="STTLng">9968.23466666667</dst>
            <dst id="WASHng">37483.9253333333</dst>
        </src>
        <src id="CHINng">
            <dst id="ATLA-M5">140.717333333333</dst>
            <dst id="ATLAng">12436.928</dst>
            <dst id="CHINng">41431.0746666667</dst>
            <dst id="DNVRng">5468.26933333333</dst>
            <dst id="HSTNng">4372.944</dst>
            <dst id="IPLSng">32482.56</dst>
            <dst id="KSCYng">4717.73866666667</dst>
            <dst id="LOSAng">46029.0666666667</dst>
            <dst id="NYCMng">16865.168</dst>
            <dst id="SNVAng">2886.88533333333</dst>
            <dst id="STTLng">7493.95466666667</dst>
            <dst id="WASHng">33848.0506666667</dst>
        </src>
        <src id="DNVRng">
            <dst id="ATLA-M5">184.16</dst>
            <dst id="ATLAng">4600.89866666667</dst>
            <dst id="CHINng">48125.3146666667</dst>
            <dst id="DNVRng">4659.504</dst>
            <dst id="HSTNng">11987.0133333333</dst>
            <dst id="IPLSng">47695.9813333333</dst>
            <dst id="KSCYng">11786.0106666667</dst>
            <dst id="LOSAng">20286.6293333333</dst>
            <dst id="NYCMng">11835.136</dst>
            <dst id="SNVAng">8352.04533333333</dst>
            <dst id="STTLng">34808.8906666667</dst>
            <dst id="WASHng">37787.264</dst>
        </src>
        <src id="HSTNng">
            <dst id="ATLA-M5">3465.18133333333</dst>
            <dst id="ATLAng">11798.952</dst>
            <dst id="CHINng">9559.84</dst>
            <dst id="DNVRng">1195.86933333333</dst>
            <dst id="HSTNng">15708.2986666667</dst>
            <dst id="IPLSng">1593.75733333333</dst>
            <dst id="KSCYng">1267.50666666667</dst>
            <dst id="LOSAng">5382.15733333333</dst>
            <dst id="NYCMng">5857.07733333333</dst>
            <dst id="SNVAng">0</dst>
            <dst id="STTLng">1566.016</dst>
            <dst id="WASHng">8904.15733333333</dst>
        </src>
        <src id="IPLSng">
            <dst id="ATLA-M5">0</dst>
            <dst id="ATLAng">25897.1146666667</dst>
            <dst id="CHINng">83308.944</dst>
            <dst id="DNVRng">8482.18133333333</dst>
            <dst id="HSTNng">2093.59733333333</dst>
            <dst id="IPLSng">26947.8746666667</dst>
            <dst id="KSCYng">4065.128</dst>
            <dst id="LOSAng">26969.5946666667</dst>
            <dst id="NYCMng">28012.2453333333</dst>
            <dst id="SNVAng">1083.05333333333</dst>
            <dst id="STTLng">7144.42933333333</dst>
            <dst id="WASHng">52405.7786666667</dst>
        </src>
        <src id="KSCYng">
            <dst id="ATLA-M5">409.653333333333</dst>
            <dst id="ATLAng">3715.98133333333</dst>
            <dst id="CHINng">13991.12</dst>
            <dst id="DNVRng">8668.77333333333</dst>
            <dst id="HSTNng">11229.576</dst>
            <dst id="IPLSng">8676.904</dst>
            <dst id="KSCYng">5359.02933333333</dst>
            <dst id="LOSAng">6196.784</dst>
            <dst id="NYCMng">3581.37866666667</dst>
            <dst id="SNVAng">2669.448</dst>
            <dst id="STTLng">3270.792</dst>
            <dst id="WASHng">12858.6133333333</dst>
        </src>
        <src id="LOSAng">
            <dst id="ATLA-M5">358.402666666667</dst>
            <dst id="ATLAng">21872.072</dst>
            <dst id="CHINng">215917.258666667</dst>
            <dst id="DNVRng">35373.64</dst>
            <dst id="HSTNng">4312.14933333333</dst>
            <dst id="IPLSng">12196.7013333333</dst>
            <dst id="KSCYng">5110.05333333333</dst>
            <dst id="LOSAng">17625.768</dst>
            <dst id="NYCMng">35162.9173333333</dst>
            <dst id="SNVAng">14257.096</dst>
            <dst id="STTLng">24960.96</dst>
            <dst id="WASHng">24205.32</dst>
        </src>
        <src id="NYCMng">
            <dst id="ATLA-M5">447.968</dst>
            <dst id="ATLAng">27148.2666666667</dst>
            <dst id="CHINng">22354.2933333333</dst>
            <dst id="DNVRng">27977.896</dst>
            <dst id="HSTNng">8797.22666666667</dst>
            <dst id="IPLSng">28447.8453333333</dst>
            <dst id="KSCYng">12751.216</dst>
            <dst id="LOSAng">81362.6826666667</dst>
            <dst id="NYCMng">86264.9733333333</dst>
            <dst id="SNVAng">4762.75466666667</dst>
            <dst id="STTLng">31415.6773333333</dst>
            <dst id="WASHng">56240.944</dst>
        </src>
        <src id="SNVAng">
            <dst id="ATLA-M5">0</dst>
            <dst id="ATLAng">26.6666666666667</dst>
            <dst id="CHINng">26.6666666666667</dst>
            <dst id="DNVRng">3231.776</dst>
            <dst id="HSTNng">75.1413333333333</dst>
            <dst id="IPLSng">223.605333333333</dst>
            <dst id="KSCYng">26.6666666666667</dst>
            <dst id="LOSAng">39251.0746666667</dst>
            <dst id="NYCMng">8636.032</dst>
            <dst id="SNVAng">6116.95733333333</dst>
            <dst id="STTLng">29834.0373333333</dst>
            <dst id="WASHng">26.6666666666667</dst>
        </src>
        <src id="STTLng">
            <dst id="ATLA-M5">34.672</dst>
            <dst id="ATLAng">8143.064</dst>
            <dst id="CHINng">19111.8186666667</dst>
            <dst id="DNVRng">4532.89866666667</dst>
            <dst id="HSTNng">9292.816</dst>
            <dst id="IPLSng">6888.56533333333</dst>
            <dst id="KSCYng">2151.75466666667</dst>
            <dst id="LOSAng">25140.2533333333</dst>
            <dst id="NYCMng">10939.312</dst>
            <dst id="SNVAng">2841.816</dst>
            <dst id="STTLng">1536.168</dst>
            <dst id="WASHng">10526.6693333333</dst>
        </src>
        <src id="WASHng">
            <dst id="ATLA-M5">222.136</dst>
            <dst id="ATLAng">132172.264</dst>
            <dst id="CHINng">50038.9146666667</dst>
            <dst id="DNVRng">79575.8853333333</dst>
            <dst id="HSTNng">10797.376</dst>
            <dst id="IPLSng">47706.704</dst>
            <dst id="KSCYng">8537.05066666666</dst>
            <dst id="LOSAng">79976.872</dst>
            <dst id="NYCMng">112324.397333333</dst>
            <dst id="SNVAng">21229.184</dst>
            <dst id="STTLng">45495.728</dst>
            <dst id="WASHng">215146.077333333</dst>
        </src>
    </IntraTM>
</TrafficMatrixFile>
