<?xml version="1.0" encoding="ISO-8859-1" standalone="yes"?>
<TrafficMatrixFile xsi:noNamespaceSchemaLocation="http://totem.run.montefiore.ulg.ac.be/Schema/TrafficMatrix-v1_2.xsd" xmlns:xsi="http://www.w3.org/2001/XMLSchema-instance">
    <IntraTM ASID="11537">
        <src id="ATLA-M5">
            <dst id="ATLA-M5">0</dst>
            <dst id="ATLAng">0</dst>
            <dst id="CHINng">1223.368</dst>
            <dst id="DNVRng">0</dst>
            <dst id="HSTNng">84.384</dst>
            <dst id="IPLSng">194.336</dst>
            <dst id="KSCYng">414.845333333333</dst>
            <dst id="LOSAng">91.288</dst>
            <dst id="NYCMng">144.290666666667</dst>
            <dst id="SNVAng">0</dst>
            <dst id="STTLng">145.392</dst>
            <dst id="WASHng">214.736</dst>
        </src>
        <src id="ATLAng">
            <dst id="ATLA-M5">273.144</dst>
            <dst id="ATLAng">52968.6453333333</dst>
            <dst id="CHINng">39508.6</dst>
            <dst id="DNVRng">3844.51733333333</dst>
            <dst id="HSTNng">2722.86666666667</dst>
            <dst id="IPLSng">32549.5813333333</dst>
            <dst id="KSCYng">5442.104</dst>
            <dst id="LOSAng">15189.2493333333</dst>
            <dst id="NYCMng">4762.016</dst>
            <dst id="SNVAng">649.137333333333</dst>
            <dst id="STTLng">6319.02933333333</dst>
            <dst id="WASHng">30572.6106666667</dst>
        </src>
        <src id="CHINng">
            <dst id="ATLA-M5">3231.312</dst>
            <dst id="ATLAng">13766.7626666667</dst>
            <dst id="CHINng">61936.9866666667</dst>
            <dst id="DNVRng">8484.03733333333</dst>
            <dst id="HSTNng">5043.17866666667</dst>
            <dst id="IPLSng">22535.0666666667</dst>
            <dst id="KSCYng">5012.01066666667</dst>
            <dst id="LOSAng">54334.4266666667</dst>
            <dst id="NYCMng">11859.44</dst>
            <dst id="SNVAng">7018.92</dst>
            <dst id="STTLng">9742.376</dst>
            <dst id="WASHng">26863.104</dst>
        </src>
        <src id="DNVRng">
            <dst id="ATLA-M5">247.408</dst>
            <dst id="ATLAng">11887.3626666667</dst>
            <dst id="CHINng">38164.3626666667</dst>
            <dst id="DNVRng">6480.144</dst>
            <dst id="HSTNng">11428.8906666667</dst>
            <dst id="IPLSng">28362.0533333333</dst>
            <dst id="KSCYng">10023.168</dst>
            <dst id="LOSAng">19069.8906666667</dst>
            <dst id="NYCMng">12635.888</dst>
            <dst id="SNVAng">16743.3013333333</dst>
            <dst id="STTLng">14827.92</dst>
            <dst id="WASHng">39191.1706666667</dst>
        </src>
        <src id="HSTNng">
            <dst id="ATLA-M5">112.490666666667</dst>
            <dst id="ATLAng">17152.7546666667</dst>
            <dst id="CHINng">14830.2053333333</dst>
            <dst id="DNVRng">2248.00266666667</dst>
            <dst id="HSTNng">10567.632</dst>
            <dst id="IPLSng">2607.28266666667</dst>
            <dst id="KSCYng">1217.90666666667</dst>
            <dst id="LOSAng">15018.5466666667</dst>
            <dst id="NYCMng">2858.02133333333</dst>
            <dst id="SNVAng">0</dst>
            <dst id="STTLng">2709.904</dst>
            <dst id="WASHng">13434.0586666667</dst>
        </src>
        <src id="IPLSng">
            <dst id="ATLA-M5">173.082666666667</dst>
            <dst id="ATLAng">15308.752</dst>
            <dst id="CHINng">63730.0346666667</dst>
            <dst id="DNVRng">10171.096</dst>
            <dst id="HSTNng">2543.25866666667</dst>
            <dst id="IPLSng">13169.2293333333</dst>
            <dst id="KSCYng">5159.23466666667</dst>
            <dst id="LOSAng">32018.0426666667</dst>
            <dst id="NYCMng">23608.1306666667</dst>
            <dst id="SNVAng">1572.79733333333</dst>
            <dst id="STTLng">11999.5173333333</dst>
            <dst id="WASHng">17335.6693333333</dst>
        </src>
        <src id="KSCYng">
            <dst id="ATLA-M5">1214.576</dst>
            <dst id="ATLAng">2501.21333333333</dst>
            <dst id="CHINng">11635.4826666667</dst>
            <dst id="DNVRng">9627.928</dst>
            <dst id="HSTNng">3846.19733333333</dst>
            <dst id="IPLSng">11358.632</dst>
            <dst id="KSCYng">6270.84</dst>
            <dst id="LOSAng">6473.23466666667</dst>
            <dst id="NYCMng">3895.01066666667</dst>
            <dst id="SNVAng">2794.38933333333</dst>
            <dst id="STTLng">6004.26933333333</dst>
            <dst id="WASHng">18180.9573333333</dst>
        </src>
        <src id="LOSAng">
            <dst id="ATLA-M5">275.84</dst>
            <dst id="ATLAng">38023.536</dst>
            <dst id="CHINng">205224.149333333</dst>
            <dst id="DNVRng">28669.8346666667</dst>
            <dst id="HSTNng">7275.36</dst>
            <dst id="IPLSng">11210.696</dst>
            <dst id="KSCYng">4793.12266666667</dst>
            <dst id="LOSAng">18539.9973333333</dst>
            <dst id="NYCMng">33584.2133333333</dst>
            <dst id="SNVAng">24310.6293333333</dst>
            <dst id="STTLng">30301.76</dst>
            <dst id="WASHng">57246.312</dst>
        </src>
        <src id="NYCMng">
            <dst id="ATLA-M5">4114.82666666667</dst>
            <dst id="ATLAng">24907.992</dst>
            <dst id="CHINng">11850.0666666667</dst>
            <dst id="DNVRng">28241.656</dst>
            <dst id="HSTNng">11821.9466666667</dst>
            <dst id="IPLSng">27415.1173333333</dst>
            <dst id="KSCYng">17828.3973333333</dst>
            <dst id="LOSAng">77033.5813333333</dst>
            <dst id="NYCMng">82412.9386666667</dst>
            <dst id="SNVAng">3362.91466666667</dst>
            <dst id="STTLng">20618.8106666667</dst>
            <dst id="WASHng">47071.6826666667</dst>
        </src>
        <src id="SNVAng">
            <dst id="ATLA-M5">0</dst>
            <dst id="ATLAng">26.6666666666667</dst>
            <dst id="CHINng">0</dst>
            <dst id="DNVRng">8757.072</dst>
            <dst id="HSTNng">1496.66133333333</dst>
            <dst id="IPLSng">9134.28533333333</dst>
            <dst id="KSCYng">26.6666666666667</dst>
            <dst id="LOSAng">38292.4586666667</dst>
            <dst id="NYCMng">243.584</dst>
            <dst id="SNVAng">9182.14933333333</dst>
            <dst id="STTLng">30055.248</dst>
            <dst id="WASHng">617.034666666667</dst>
        </src>
        <src id="STTLng">
            <dst id="ATLA-M5">189.517333333333</dst>
            <dst id="ATLAng">10689.4533333333</dst>
            <dst id="CHINng">18579.696</dst>
            <dst id="DNVRng">4624.44266666667</dst>
            <dst id="HSTNng">6252.776</dst>
            <dst id="IPLSng">6502.35733333333</dst>
            <dst id="KSCYng">6523.56</dst>
            <dst id="LOSAng">26863.1413333333</dst>
            <dst id="NYCMng">9940.80266666667</dst>
            <dst id="SNVAng">7530.56266666667</dst>
            <dst id="STTLng">18176.3386666667</dst>
            <dst id="WASHng">13892.248</dst>
        </src>
        <src id="WASHng">
            <dst id="ATLA-M5">175.389333333333</dst>
            <dst id="ATLAng">99677.0853333333</dst>
            <dst id="CHINng">49194.6906666666</dst>
            <dst id="DNVRng">74837.4506666667</dst>
            <dst id="HSTNng">34936.0186666667</dst>
            <dst id="IPLSng">55346.5066666667</dst>
            <dst id="KSCYng">11371.0826666667</dst>
            <dst id="LOSAng">84179.9973333333</dst>
            <dst id="NYCMng">140627.834666667</dst>
            <dst id="SNVAng">6946.28533333333</dst>
            <dst id="STTLng">52485.9066666667</dst>
            <dst id="WASHng">185813.976</dst>
        </src>
    </IntraTM>
</TrafficMatrixFile>
