<?xml version="1.0" encoding="ISO-8859-1" standalone="yes"?>
<TrafficMatrixFile xsi:noNamespaceSchemaLocation="http://totem.run.montefiore.ulg.ac.be/Schema/TrafficMatrix-v1_2.xsd" xmlns:xsi="http://www.w3.org/2001/XMLSchema-instance">
    <IntraTM ASID="11537">
        <src id="ATLA-M5">
            <dst id="ATLA-M5">0</dst>
            <dst id="ATLAng">0</dst>
            <dst id="CHINng">61.288</dst>
            <dst id="DNVRng">0</dst>
            <dst id="HSTNng">71.6</dst>
            <dst id="IPLSng">0</dst>
            <dst id="KSCYng">0</dst>
            <dst id="LOSAng">318.194666666667</dst>
            <dst id="NYCMng">53.3333333333333</dst>
            <dst id="SNVAng">0</dst>
            <dst id="STTLng">528.746666666667</dst>
            <dst id="WASHng">515.810666666667</dst>
        </src>
        <src id="ATLAng">
            <dst id="ATLA-M5">112.981333333333</dst>
            <dst id="ATLAng">7321.42133333333</dst>
            <dst id="CHINng">9274.208</dst>
            <dst id="DNVRng">3202.624</dst>
            <dst id="HSTNng">293.536</dst>
            <dst id="IPLSng">30498.3893333333</dst>
            <dst id="KSCYng">140.765333333333</dst>
            <dst id="LOSAng">6855.06933333333</dst>
            <dst id="NYCMng">8249.736</dst>
            <dst id="SNVAng">203.544</dst>
            <dst id="STTLng">10078.9386666667</dst>
            <dst id="WASHng">36821.5546666667</dst>
        </src>
        <src id="CHINng">
            <dst id="ATLA-M5">119.642666666667</dst>
            <dst id="ATLAng">8737.65333333333</dst>
            <dst id="CHINng">51451.7573333333</dst>
            <dst id="DNVRng">5984.65066666667</dst>
            <dst id="HSTNng">4540.088</dst>
            <dst id="IPLSng">97024.8746666666</dst>
            <dst id="KSCYng">4625.63733333333</dst>
            <dst id="LOSAng">36887.3733333333</dst>
            <dst id="NYCMng">8722.91466666667</dst>
            <dst id="SNVAng">266.357333333333</dst>
            <dst id="STTLng">3913.064</dst>
            <dst id="WASHng">14976.912</dst>
        </src>
        <src id="DNVRng">
            <dst id="ATLA-M5">167.248</dst>
            <dst id="ATLAng">2554.38666666667</dst>
            <dst id="CHINng">61950.104</dst>
            <dst id="DNVRng">9331.232</dst>
            <dst id="HSTNng">14741.288</dst>
            <dst id="IPLSng">32896.016</dst>
            <dst id="KSCYng">18351.56</dst>
            <dst id="LOSAng">26507.128</dst>
            <dst id="NYCMng">14683.3386666667</dst>
            <dst id="SNVAng">12626.6373333333</dst>
            <dst id="STTLng">10223.8373333333</dst>
            <dst id="WASHng">29573.7173333333</dst>
        </src>
        <src id="HSTNng">
            <dst id="ATLA-M5">2973.30666666667</dst>
            <dst id="ATLAng">794.797333333333</dst>
            <dst id="CHINng">15629.16</dst>
            <dst id="DNVRng">555.818666666667</dst>
            <dst id="HSTNng">18836.136</dst>
            <dst id="IPLSng">2903.464</dst>
            <dst id="KSCYng">374.325333333333</dst>
            <dst id="LOSAng">22026.8693333333</dst>
            <dst id="NYCMng">4327.87466666667</dst>
            <dst id="SNVAng">0</dst>
            <dst id="STTLng">310.368</dst>
            <dst id="WASHng">970.245333333333</dst>
        </src>
        <src id="IPLSng">
            <dst id="ATLA-M5">0</dst>
            <dst id="ATLAng">9814.512</dst>
            <dst id="CHINng">122832.282666667</dst>
            <dst id="DNVRng">13483.808</dst>
            <dst id="HSTNng">3196.73866666667</dst>
            <dst id="IPLSng">6903.14666666667</dst>
            <dst id="KSCYng">14032.0053333333</dst>
            <dst id="LOSAng">15060.2426666667</dst>
            <dst id="NYCMng">15625.5333333333</dst>
            <dst id="SNVAng">357.562666666667</dst>
            <dst id="STTLng">7909.03466666667</dst>
            <dst id="WASHng">28639.408</dst>
        </src>
        <src id="KSCYng">
            <dst id="ATLA-M5">734.709333333333</dst>
            <dst id="ATLAng">1188.99733333333</dst>
            <dst id="CHINng">18880.104</dst>
            <dst id="DNVRng">9894.25866666667</dst>
            <dst id="HSTNng">2550.74933333333</dst>
            <dst id="IPLSng">10399.2266666667</dst>
            <dst id="KSCYng">8209.93333333333</dst>
            <dst id="LOSAng">6744.27733333333</dst>
            <dst id="NYCMng">2484.67466666667</dst>
            <dst id="SNVAng">3466.20266666667</dst>
            <dst id="STTLng">4122.304</dst>
            <dst id="WASHng">6306.48266666667</dst>
        </src>
        <src id="LOSAng">
            <dst id="ATLA-M5">615.16</dst>
            <dst id="ATLAng">7311.69066666667</dst>
            <dst id="CHINng">103853.792</dst>
            <dst id="DNVRng">21612.4906666667</dst>
            <dst id="HSTNng">1966.848</dst>
            <dst id="IPLSng">9897.71733333334</dst>
            <dst id="KSCYng">3731.888</dst>
            <dst id="LOSAng">17498.7813333333</dst>
            <dst id="NYCMng">43537.2773333333</dst>
            <dst id="SNVAng">7049.592</dst>
            <dst id="STTLng">22547.0026666667</dst>
            <dst id="WASHng">13396.312</dst>
        </src>
        <src id="NYCMng">
            <dst id="ATLA-M5">355.712</dst>
            <dst id="ATLAng">17992.288</dst>
            <dst id="CHINng">8920.06133333333</dst>
            <dst id="DNVRng">25305.68</dst>
            <dst id="HSTNng">7658.76266666667</dst>
            <dst id="IPLSng">23848.7093333333</dst>
            <dst id="KSCYng">5289.34933333333</dst>
            <dst id="LOSAng">77239.5386666667</dst>
            <dst id="NYCMng">79020.752</dst>
            <dst id="SNVAng">1882.46933333333</dst>
            <dst id="STTLng">17260.1466666667</dst>
            <dst id="WASHng">54057.1813333333</dst>
        </src>
        <src id="SNVAng">
            <dst id="ATLA-M5">0</dst>
            <dst id="ATLAng">27.4346666666667</dst>
            <dst id="CHINng">26.6666666666667</dst>
            <dst id="DNVRng">3162.128</dst>
            <dst id="HSTNng">26.6666666666667</dst>
            <dst id="IPLSng">227.928</dst>
            <dst id="KSCYng">26.6666666666667</dst>
            <dst id="LOSAng">30551.512</dst>
            <dst id="NYCMng">329.962666666667</dst>
            <dst id="SNVAng">4424.03733333333</dst>
            <dst id="STTLng">21836.84</dst>
            <dst id="WASHng">127.504</dst>
        </src>
        <src id="STTLng">
            <dst id="ATLA-M5">0</dst>
            <dst id="ATLAng">6199.89333333333</dst>
            <dst id="CHINng">24604.3733333333</dst>
            <dst id="DNVRng">8337.61866666667</dst>
            <dst id="HSTNng">985.445333333333</dst>
            <dst id="IPLSng">6150.62133333333</dst>
            <dst id="KSCYng">1120.216</dst>
            <dst id="LOSAng">15256.4613333333</dst>
            <dst id="NYCMng">16080.0506666667</dst>
            <dst id="SNVAng">2125.17333333333</dst>
            <dst id="STTLng">3867.02933333333</dst>
            <dst id="WASHng">5421.73066666667</dst>
        </src>
        <src id="WASHng">
            <dst id="ATLA-M5">69.7733333333333</dst>
            <dst id="ATLAng">102016.568</dst>
            <dst id="CHINng">38920.456</dst>
            <dst id="DNVRng">47680.44</dst>
            <dst id="HSTNng">24769.8293333333</dst>
            <dst id="IPLSng">56462.632</dst>
            <dst id="KSCYng">10794.624</dst>
            <dst id="LOSAng">70095.696</dst>
            <dst id="NYCMng">135042.957333333</dst>
            <dst id="SNVAng">9866.456</dst>
            <dst id="STTLng">24708.7946666667</dst>
            <dst id="WASHng">314206.133333333</dst>
        </src>
    </IntraTM>
</TrafficMatrixFile>
