<?xml version="1.0" encoding="ISO-8859-1" standalone="yes"?>
<TrafficMatrixFile xsi:noNamespaceSchemaLocation="http://totem.run.montefiore.ulg.ac.be/Schema/TrafficMatrix-v1_2.xsd" xmlns:xsi="http://www.w3.org/2001/XMLSchema-instance">
    <IntraTM ASID="11537">
        <src id="ATLA-M5">
            <dst id="ATLA-M5">26.6666666666667</dst>
            <dst id="ATLAng">291.416</dst>
            <dst id="CHINng">3161.448</dst>
            <dst id="DNVRng">26.6666666666667</dst>
            <dst id="HSTNng">26.6666666666667</dst>
            <dst id="IPLSng">61.2533333333333</dst>
            <dst id="KSCYng">26.6666666666667</dst>
            <dst id="LOSAng">334.992</dst>
            <dst id="NYCMng">53.3333333333333</dst>
            <dst id="SNVAng">0</dst>
            <dst id="STTLng">0</dst>
            <dst id="WASHng">1493.07466666667</dst>
        </src>
        <src id="ATLAng">
            <dst id="ATLA-M5">511.378666666667</dst>
            <dst id="ATLAng">15905.7093333333</dst>
            <dst id="CHINng">6877.38133333333</dst>
            <dst id="DNVRng">2874.11466666667</dst>
            <dst id="HSTNng">1715.44533333333</dst>
            <dst id="IPLSng">29113.3626666667</dst>
            <dst id="KSCYng">4315.13333333333</dst>
            <dst id="LOSAng">5870.556</dst>
            <dst id="NYCMng">8340.01333333333</dst>
            <dst id="SNVAng">651.996</dst>
            <dst id="STTLng">9997.432</dst>
            <dst id="WASHng">50287.3786666667</dst>
        </src>
        <src id="CHINng">
            <dst id="ATLA-M5">433.229333333333</dst>
            <dst id="ATLAng">30998.2053333333</dst>
            <dst id="CHINng">58145.152</dst>
            <dst id="DNVRng">8505.73066666667</dst>
            <dst id="HSTNng">15039.7866666667</dst>
            <dst id="IPLSng">29495.1866666667</dst>
            <dst id="KSCYng">12734.6986666667</dst>
            <dst id="LOSAng">35089.6586666667</dst>
            <dst id="NYCMng">15799.3786666667</dst>
            <dst id="SNVAng">570.810666666667</dst>
            <dst id="STTLng">3293.312</dst>
            <dst id="WASHng">28172.64</dst>
        </src>
        <src id="DNVRng">
            <dst id="ATLA-M5">193.296</dst>
            <dst id="ATLAng">7353.29866666667</dst>
            <dst id="CHINng">60153.8186666667</dst>
            <dst id="DNVRng">7862.88266666667</dst>
            <dst id="HSTNng">20272.4506666667</dst>
            <dst id="IPLSng">37248.1333333333</dst>
            <dst id="KSCYng">24412.832</dst>
            <dst id="LOSAng">11478.296</dst>
            <dst id="NYCMng">15715.3253333333</dst>
            <dst id="SNVAng">11332.84</dst>
            <dst id="STTLng">8705.49866666667</dst>
            <dst id="WASHng">44654.4426666667</dst>
        </src>
        <src id="HSTNng">
            <dst id="ATLA-M5">1288.936</dst>
            <dst id="ATLAng">7155.54666666667</dst>
            <dst id="CHINng">16018.1786666667</dst>
            <dst id="DNVRng">627.861333333334</dst>
            <dst id="HSTNng">16358.256</dst>
            <dst id="IPLSng">6574.16266666667</dst>
            <dst id="KSCYng">834.805333333334</dst>
            <dst id="LOSAng">30237</dst>
            <dst id="NYCMng">2855.57333333333</dst>
            <dst id="SNVAng">132.696</dst>
            <dst id="STTLng">282.416</dst>
            <dst id="WASHng">7963.69066666667</dst>
        </src>
        <src id="IPLSng">
            <dst id="ATLA-M5">1216.67733333333</dst>
            <dst id="ATLAng">37837.7013333333</dst>
            <dst id="CHINng">54382.656</dst>
            <dst id="DNVRng">7395.856</dst>
            <dst id="HSTNng">4509.288</dst>
            <dst id="IPLSng">19557.272</dst>
            <dst id="KSCYng">5320.26133333333</dst>
            <dst id="LOSAng">15341.3733333333</dst>
            <dst id="NYCMng">22387.1653333333</dst>
            <dst id="SNVAng">621.549333333333</dst>
            <dst id="STTLng">8200.34133333333</dst>
            <dst id="WASHng">20616.0053333333</dst>
        </src>
        <src id="KSCYng">
            <dst id="ATLA-M5">53.3333333333333</dst>
            <dst id="ATLAng">5790.08533333333</dst>
            <dst id="CHINng">19751.88</dst>
            <dst id="DNVRng">18308.6266666667</dst>
            <dst id="HSTNng">3011.168</dst>
            <dst id="IPLSng">14274.5466666667</dst>
            <dst id="KSCYng">8897.408</dst>
            <dst id="LOSAng">6837.12266666667</dst>
            <dst id="NYCMng">1811.69066666667</dst>
            <dst id="SNVAng">1955.63733333333</dst>
            <dst id="STTLng">3106.60266666667</dst>
            <dst id="WASHng">12879.808</dst>
        </src>
        <src id="LOSAng">
            <dst id="ATLA-M5">73.4773333333333</dst>
            <dst id="ATLAng">19019.0986666667</dst>
            <dst id="CHINng">140230.746666667</dst>
            <dst id="DNVRng">22686.3226666667</dst>
            <dst id="HSTNng">4510.26133333333</dst>
            <dst id="IPLSng">34815.832</dst>
            <dst id="KSCYng">5644.05866666667</dst>
            <dst id="LOSAng">12814.88</dst>
            <dst id="NYCMng">34615.904</dst>
            <dst id="SNVAng">13593.7226666667</dst>
            <dst id="STTLng">29293.336</dst>
            <dst id="WASHng">54873.384</dst>
        </src>
        <src id="NYCMng">
            <dst id="ATLA-M5">508.256</dst>
            <dst id="ATLAng">37176.2346666667</dst>
            <dst id="CHINng">44797.7973333333</dst>
            <dst id="DNVRng">24536.4773333333</dst>
            <dst id="HSTNng">6156.94933333333</dst>
            <dst id="IPLSng">33318.352</dst>
            <dst id="KSCYng">15796.5626666667</dst>
            <dst id="LOSAng">79249.488</dst>
            <dst id="NYCMng">101432.752</dst>
            <dst id="SNVAng">1266.94666666667</dst>
            <dst id="STTLng">14852.1813333333</dst>
            <dst id="WASHng">80122.2</dst>
        </src>
        <src id="SNVAng">
            <dst id="ATLA-M5">0</dst>
            <dst id="ATLAng">57.472</dst>
            <dst id="CHINng">53.3333333333333</dst>
            <dst id="DNVRng">3894.62933333333</dst>
            <dst id="HSTNng">26.6666666666667</dst>
            <dst id="IPLSng">218.696</dst>
            <dst id="KSCYng">53.3333333333333</dst>
            <dst id="LOSAng">32751.8826666667</dst>
            <dst id="NYCMng">325.088</dst>
            <dst id="SNVAng">7214.96533333333</dst>
            <dst id="STTLng">30049.8666666667</dst>
            <dst id="WASHng">534.72</dst>
        </src>
        <src id="STTLng">
            <dst id="ATLA-M5">0</dst>
            <dst id="ATLAng">12623.2053333333</dst>
            <dst id="CHINng">32111.832</dst>
            <dst id="DNVRng">2862.616</dst>
            <dst id="HSTNng">1836.04533333333</dst>
            <dst id="IPLSng">12614.2506666667</dst>
            <dst id="KSCYng">1733.008</dst>
            <dst id="LOSAng">15900.2053333333</dst>
            <dst id="NYCMng">11546.08</dst>
            <dst id="SNVAng">2660.76266666667</dst>
            <dst id="STTLng">3437.97333333333</dst>
            <dst id="WASHng">16715.632</dst>
        </src>
        <src id="WASHng">
            <dst id="ATLA-M5">198.752</dst>
            <dst id="ATLAng">138403.053333333</dst>
            <dst id="CHINng">59632.9066666667</dst>
            <dst id="DNVRng">33368.8746666667</dst>
            <dst id="HSTNng">22507.016</dst>
            <dst id="IPLSng">63491.08</dst>
            <dst id="KSCYng">12094.0426666667</dst>
            <dst id="LOSAng">54716.5866666667</dst>
            <dst id="NYCMng">136257.434666667</dst>
            <dst id="SNVAng">8628.13066666667</dst>
            <dst id="STTLng">21897.3813333333</dst>
            <dst id="WASHng">258880.128</dst>
        </src>
    </IntraTM>
</TrafficMatrixFile>
