<?xml version="1.0" encoding="ISO-8859-1" standalone="yes"?>
<TrafficMatrixFile xsi:noNamespaceSchemaLocation="http://totem.run.montefiore.ulg.ac.be/Schema/TrafficMatrix-v1_2.xsd" xmlns:xsi="http://www.w3.org/2001/XMLSchema-instance">
    <IntraTM ASID="11537">
        <src id="ATLA-M5">
            <dst id="ATLA-M5">26.6666666666667</dst>
            <dst id="ATLAng">26.6666666666667</dst>
            <dst id="CHINng">162.762666666667</dst>
            <dst id="DNVRng">519.304</dst>
            <dst id="HSTNng">70</dst>
            <dst id="IPLSng">89.008</dst>
            <dst id="KSCYng">80</dst>
            <dst id="LOSAng">703.269333333333</dst>
            <dst id="NYCMng">142.293333333333</dst>
            <dst id="SNVAng">13.3333333333333</dst>
            <dst id="STTLng">0</dst>
            <dst id="WASHng">2430.616</dst>
        </src>
        <src id="ATLAng">
            <dst id="ATLA-M5">252.325333333333</dst>
            <dst id="ATLAng">32305.2426666667</dst>
            <dst id="CHINng">10253.3573333333</dst>
            <dst id="DNVRng">3403.34666666667</dst>
            <dst id="HSTNng">2651.51466666667</dst>
            <dst id="IPLSng">27767.016</dst>
            <dst id="KSCYng">682.741333333333</dst>
            <dst id="LOSAng">7428.55866666667</dst>
            <dst id="NYCMng">5062.81066666667</dst>
            <dst id="SNVAng">124.657333333333</dst>
            <dst id="STTLng">9501.42133333333</dst>
            <dst id="WASHng">28773.7066666667</dst>
        </src>
        <src id="CHINng">
            <dst id="ATLA-M5">26.6666666666667</dst>
            <dst id="ATLAng">11046.472</dst>
            <dst id="CHINng">41701.5306666667</dst>
            <dst id="DNVRng">7283.61066666667</dst>
            <dst id="HSTNng">10369.5573333333</dst>
            <dst id="IPLSng">21603.4266666667</dst>
            <dst id="KSCYng">4441.11466666667</dst>
            <dst id="LOSAng">40172.7706666667</dst>
            <dst id="NYCMng">8815.11733333333</dst>
            <dst id="SNVAng">3330.86666666667</dst>
            <dst id="STTLng">5485.18933333333</dst>
            <dst id="WASHng">34272.5893333333</dst>
        </src>
        <src id="DNVRng">
            <dst id="ATLA-M5">1148.46666666667</dst>
            <dst id="ATLAng">2897.18133333333</dst>
            <dst id="CHINng">60278.2613333333</dst>
            <dst id="DNVRng">12758.12</dst>
            <dst id="HSTNng">16793.8586666667</dst>
            <dst id="IPLSng">41025.168</dst>
            <dst id="KSCYng">27775.1706666667</dst>
            <dst id="LOSAng">22150.256</dst>
            <dst id="NYCMng">7339.90933333333</dst>
            <dst id="SNVAng">12793.312</dst>
            <dst id="STTLng">15747.2533333333</dst>
            <dst id="WASHng">35123.1093333333</dst>
        </src>
        <src id="HSTNng">
            <dst id="ATLA-M5">122.762666666667</dst>
            <dst id="ATLAng">6146.608</dst>
            <dst id="CHINng">5340.07466666667</dst>
            <dst id="DNVRng">1548.992</dst>
            <dst id="HSTNng">14008.824</dst>
            <dst id="IPLSng">3603.07466666667</dst>
            <dst id="KSCYng">973.277333333333</dst>
            <dst id="LOSAng">3872.51733333333</dst>
            <dst id="NYCMng">2148.73333333333</dst>
            <dst id="SNVAng">0</dst>
            <dst id="STTLng">1488.792</dst>
            <dst id="WASHng">5185.63733333333</dst>
        </src>
        <src id="IPLSng">
            <dst id="ATLA-M5">91.0773333333334</dst>
            <dst id="ATLAng">15834.1386666667</dst>
            <dst id="CHINng">52214.096</dst>
            <dst id="DNVRng">7519.176</dst>
            <dst id="HSTNng">1343.13066666667</dst>
            <dst id="IPLSng">7779.51466666667</dst>
            <dst id="KSCYng">14021.296</dst>
            <dst id="LOSAng">37280.5493333333</dst>
            <dst id="NYCMng">29856.664</dst>
            <dst id="SNVAng">1224.54133333333</dst>
            <dst id="STTLng">11003.8906666667</dst>
            <dst id="WASHng">19614.5946666667</dst>
        </src>
        <src id="KSCYng">
            <dst id="ATLA-M5">690.237333333333</dst>
            <dst id="ATLAng">1918.85066666667</dst>
            <dst id="CHINng">11257.296</dst>
            <dst id="DNVRng">9452.12266666667</dst>
            <dst id="HSTNng">11518.992</dst>
            <dst id="IPLSng">11375.2666666667</dst>
            <dst id="KSCYng">9421.33333333333</dst>
            <dst id="LOSAng">7720.77866666667</dst>
            <dst id="NYCMng">2639.664</dst>
            <dst id="SNVAng">2936.26933333333</dst>
            <dst id="STTLng">3739.34933333333</dst>
            <dst id="WASHng">12830.168</dst>
        </src>
        <src id="LOSAng">
            <dst id="ATLA-M5">119.928</dst>
            <dst id="ATLAng">24072.4213333333</dst>
            <dst id="CHINng">48494.9573333333</dst>
            <dst id="DNVRng">27533.9013333333</dst>
            <dst id="HSTNng">12435.664</dst>
            <dst id="IPLSng">18384.1173333333</dst>
            <dst id="KSCYng">3612.17333333333</dst>
            <dst id="LOSAng">19062.3226666667</dst>
            <dst id="NYCMng">40037.1626666667</dst>
            <dst id="SNVAng">15124.9973333333</dst>
            <dst id="STTLng">24234.4106666667</dst>
            <dst id="WASHng">45748.6346666667</dst>
        </src>
        <src id="NYCMng">
            <dst id="ATLA-M5">379.056</dst>
            <dst id="ATLAng">18168.28</dst>
            <dst id="CHINng">13678.7786666667</dst>
            <dst id="DNVRng">23935.424</dst>
            <dst id="HSTNng">10629.6586666667</dst>
            <dst id="IPLSng">12774.4533333333</dst>
            <dst id="KSCYng">11851.0666666667</dst>
            <dst id="LOSAng">84600.7493333333</dst>
            <dst id="NYCMng">91120.3226666667</dst>
            <dst id="SNVAng">1076.352</dst>
            <dst id="STTLng">18896.8346666667</dst>
            <dst id="WASHng">32762.6026666667</dst>
        </src>
        <src id="SNVAng">
            <dst id="ATLA-M5">0</dst>
            <dst id="ATLAng">652.864</dst>
            <dst id="CHINng">26.6666666666667</dst>
            <dst id="DNVRng">1855.45333333333</dst>
            <dst id="HSTNng">53.3333333333333</dst>
            <dst id="IPLSng">1726.42133333333</dst>
            <dst id="KSCYng">0</dst>
            <dst id="LOSAng">38349.776</dst>
            <dst id="NYCMng">346.997333333333</dst>
            <dst id="SNVAng">6326.84266666667</dst>
            <dst id="STTLng">27346.576</dst>
            <dst id="WASHng">26.6666666666667</dst>
        </src>
        <src id="STTLng">
            <dst id="ATLA-M5">99.832</dst>
            <dst id="ATLAng">8098.06933333333</dst>
            <dst id="CHINng">15520.1013333333</dst>
            <dst id="DNVRng">4095.27733333333</dst>
            <dst id="HSTNng">4842.688</dst>
            <dst id="IPLSng">8828.21333333333</dst>
            <dst id="KSCYng">1863.61066666667</dst>
            <dst id="LOSAng">22703.512</dst>
            <dst id="NYCMng">10122.3493333333</dst>
            <dst id="SNVAng">2560.97066666667</dst>
            <dst id="STTLng">5015.632</dst>
            <dst id="WASHng">14165.1066666667</dst>
        </src>
        <src id="WASHng">
            <dst id="ATLA-M5">106.029333333333</dst>
            <dst id="ATLAng">97089.7733333333</dst>
            <dst id="CHINng">42355.0613333333</dst>
            <dst id="DNVRng">84689.944</dst>
            <dst id="HSTNng">10784.312</dst>
            <dst id="IPLSng">65126.928</dst>
            <dst id="KSCYng">10256.056</dst>
            <dst id="LOSAng">71161.2506666667</dst>
            <dst id="NYCMng">157720.117333333</dst>
            <dst id="SNVAng">4231.79733333333</dst>
            <dst id="STTLng">42500.6</dst>
            <dst id="WASHng">186046.658666667</dst>
        </src>
    </IntraTM>
</TrafficMatrixFile>
