<?xml version="1.0" encoding="ISO-8859-1" standalone="yes"?>
<TrafficMatrixFile xsi:noNamespaceSchemaLocation="http://totem.run.montefiore.ulg.ac.be/Schema/TrafficMatrix-v1_2.xsd" xmlns:xsi="http://www.w3.org/2001/XMLSchema-instance">
    <IntraTM ASID="11537">
        <src id="ATLA-M5">
            <dst id="ATLA-M5">28.9733333333333</dst>
            <dst id="ATLAng">53.3333333333333</dst>
            <dst id="CHINng">266.637333333333</dst>
            <dst id="DNVRng">0</dst>
            <dst id="HSTNng">0</dst>
            <dst id="IPLSng">26.6666666666667</dst>
            <dst id="KSCYng">26.6666666666667</dst>
            <dst id="LOSAng">268.541333333333</dst>
            <dst id="NYCMng">0</dst>
            <dst id="SNVAng">0</dst>
            <dst id="STTLng">0</dst>
            <dst id="WASHng">493.264</dst>
        </src>
        <src id="ATLAng">
            <dst id="ATLA-M5">1273.10666666667</dst>
            <dst id="ATLAng">4398.832</dst>
            <dst id="CHINng">2543.85066666667</dst>
            <dst id="DNVRng">3341.664</dst>
            <dst id="HSTNng">1098.56</dst>
            <dst id="IPLSng">24025.7413333333</dst>
            <dst id="KSCYng">439.850666666666</dst>
            <dst id="LOSAng">6781.75733333333</dst>
            <dst id="NYCMng">6150.992</dst>
            <dst id="SNVAng">55.3493333333333</dst>
            <dst id="STTLng">11594.3733333333</dst>
            <dst id="WASHng">42607.4213333333</dst>
        </src>
        <src id="CHINng">
            <dst id="ATLA-M5">240.234666666667</dst>
            <dst id="ATLAng">11280.408</dst>
            <dst id="CHINng">55949.2373333333</dst>
            <dst id="DNVRng">15785.3626666667</dst>
            <dst id="HSTNng">3468.82133333333</dst>
            <dst id="IPLSng">89933.008</dst>
            <dst id="KSCYng">3202.336</dst>
            <dst id="LOSAng">34327.752</dst>
            <dst id="NYCMng">7423.84266666667</dst>
            <dst id="SNVAng">3085.56</dst>
            <dst id="STTLng">3652.22666666667</dst>
            <dst id="WASHng">7737.64266666667</dst>
        </src>
        <src id="DNVRng">
            <dst id="ATLA-M5">261.509333333333</dst>
            <dst id="ATLAng">2016.31733333333</dst>
            <dst id="CHINng">58677.3333333333</dst>
            <dst id="DNVRng">2993.632</dst>
            <dst id="HSTNng">9195.14933333333</dst>
            <dst id="IPLSng">34311.5013333333</dst>
            <dst id="KSCYng">11007.7173333333</dst>
            <dst id="LOSAng">25030.1813333333</dst>
            <dst id="NYCMng">16379.128</dst>
            <dst id="SNVAng">7716.92</dst>
            <dst id="STTLng">10023.416</dst>
            <dst id="WASHng">33292.5413333333</dst>
        </src>
        <src id="HSTNng">
            <dst id="ATLA-M5">150.805333333333</dst>
            <dst id="ATLAng">1222.62666666667</dst>
            <dst id="CHINng">24322.84</dst>
            <dst id="DNVRng">385.469333333333</dst>
            <dst id="HSTNng">18793.632</dst>
            <dst id="IPLSng">1802.15466666667</dst>
            <dst id="KSCYng">424.968</dst>
            <dst id="LOSAng">4329.34133333333</dst>
            <dst id="NYCMng">4491.40533333333</dst>
            <dst id="SNVAng">164.138666666667</dst>
            <dst id="STTLng">2777.872</dst>
            <dst id="WASHng">1229.928</dst>
        </src>
        <src id="IPLSng">
            <dst id="ATLA-M5">53.3333333333333</dst>
            <dst id="ATLAng">12576.168</dst>
            <dst id="CHINng">65158.0026666667</dst>
            <dst id="DNVRng">7986.208</dst>
            <dst id="HSTNng">2164.888</dst>
            <dst id="IPLSng">3516.624</dst>
            <dst id="KSCYng">1898.392</dst>
            <dst id="LOSAng">12773.7493333333</dst>
            <dst id="NYCMng">27951.1013333333</dst>
            <dst id="SNVAng">267.813333333333</dst>
            <dst id="STTLng">10047.136</dst>
            <dst id="WASHng">8874.328</dst>
        </src>
        <src id="KSCYng">
            <dst id="ATLA-M5">0</dst>
            <dst id="ATLAng">2584.28266666667</dst>
            <dst id="CHINng">17127.4186666667</dst>
            <dst id="DNVRng">9939.112</dst>
            <dst id="HSTNng">2395</dst>
            <dst id="IPLSng">11629.8426666667</dst>
            <dst id="KSCYng">3355.368</dst>
            <dst id="LOSAng">5290.176</dst>
            <dst id="NYCMng">3497.032</dst>
            <dst id="SNVAng">2304.45066666667</dst>
            <dst id="STTLng">9116.11733333333</dst>
            <dst id="WASHng">8269.344</dst>
        </src>
        <src id="LOSAng">
            <dst id="ATLA-M5">457.176</dst>
            <dst id="ATLAng">7384.25066666667</dst>
            <dst id="CHINng">115644.762666667</dst>
            <dst id="DNVRng">26365.8133333333</dst>
            <dst id="HSTNng">1564.02666666667</dst>
            <dst id="IPLSng">11034.7573333333</dst>
            <dst id="KSCYng">2761.344</dst>
            <dst id="LOSAng">13367.808</dst>
            <dst id="NYCMng">36697.9493333333</dst>
            <dst id="SNVAng">23964.2506666667</dst>
            <dst id="STTLng">32883.8773333333</dst>
            <dst id="WASHng">18425.5146666667</dst>
        </src>
        <src id="NYCMng">
            <dst id="ATLA-M5">85.0373333333333</dst>
            <dst id="ATLAng">20597.0133333333</dst>
            <dst id="CHINng">8010.40266666667</dst>
            <dst id="DNVRng">28599.3813333333</dst>
            <dst id="HSTNng">3517.464</dst>
            <dst id="IPLSng">20295.16</dst>
            <dst id="KSCYng">4063.83733333333</dst>
            <dst id="LOSAng">79595.4906666667</dst>
            <dst id="NYCMng">93028.976</dst>
            <dst id="SNVAng">1786.03733333333</dst>
            <dst id="STTLng">19189.1146666667</dst>
            <dst id="WASHng">65886.0853333333</dst>
        </src>
        <src id="SNVAng">
            <dst id="ATLA-M5">0</dst>
            <dst id="ATLAng">26.6666666666667</dst>
            <dst id="CHINng">69.8986666666667</dst>
            <dst id="DNVRng">1127.82666666667</dst>
            <dst id="HSTNng">36.5866666666667</dst>
            <dst id="IPLSng">251.290666666667</dst>
            <dst id="KSCYng">0</dst>
            <dst id="LOSAng">29221.3306666667</dst>
            <dst id="NYCMng">346.976</dst>
            <dst id="SNVAng">4717.33866666667</dst>
            <dst id="STTLng">21983.792</dst>
            <dst id="WASHng">26.6666666666667</dst>
        </src>
        <src id="STTLng">
            <dst id="ATLA-M5">0</dst>
            <dst id="ATLAng">7072.736</dst>
            <dst id="CHINng">24185.6186666667</dst>
            <dst id="DNVRng">1422.08</dst>
            <dst id="HSTNng">1167.90133333333</dst>
            <dst id="IPLSng">5166.656</dst>
            <dst id="KSCYng">1227.65066666667</dst>
            <dst id="LOSAng">13722.6746666667</dst>
            <dst id="NYCMng">8842.93066666667</dst>
            <dst id="SNVAng">1508.60533333333</dst>
            <dst id="STTLng">1832.168</dst>
            <dst id="WASHng">18999.6586666667</dst>
        </src>
        <src id="WASHng">
            <dst id="ATLA-M5">142.549333333333</dst>
            <dst id="ATLAng">53369.1973333333</dst>
            <dst id="CHINng">31805.4746666667</dst>
            <dst id="DNVRng">50529.6826666667</dst>
            <dst id="HSTNng">28200.0053333333</dst>
            <dst id="IPLSng">42069.8346666667</dst>
            <dst id="KSCYng">3138.30933333333</dst>
            <dst id="LOSAng">73960.3306666667</dst>
            <dst id="NYCMng">119072.421333333</dst>
            <dst id="SNVAng">4689.31733333333</dst>
            <dst id="STTLng">27559.704</dst>
            <dst id="WASHng">324700.56</dst>
        </src>
    </IntraTM>
</TrafficMatrixFile>
