<?xml version="1.0" encoding="ISO-8859-1" standalone="yes"?>
<TrafficMatrixFile xsi:noNamespaceSchemaLocation="http://totem.run.montefiore.ulg.ac.be/Schema/TrafficMatrix-v1_2.xsd" xmlns:xsi="http://www.w3.org/2001/XMLSchema-instance">
    <IntraTM ASID="11537">
        <src id="ATLA-M5">
            <dst id="ATLA-M5">0</dst>
            <dst id="ATLAng">523.914666666667</dst>
            <dst id="CHINng">53.3333333333333</dst>
            <dst id="DNVRng">26.6666666666667</dst>
            <dst id="HSTNng">130.701333333333</dst>
            <dst id="IPLSng">26.6666666666667</dst>
            <dst id="KSCYng">369.986666666667</dst>
            <dst id="LOSAng">451.205333333333</dst>
            <dst id="NYCMng">325.082666666667</dst>
            <dst id="SNVAng">0</dst>
            <dst id="STTLng">26.6666666666667</dst>
            <dst id="WASHng">1541.83466666667</dst>
        </src>
        <src id="ATLAng">
            <dst id="ATLA-M5">223.197333333333</dst>
            <dst id="ATLAng">24729.296</dst>
            <dst id="CHINng">40790.3013333333</dst>
            <dst id="DNVRng">3085.87733333333</dst>
            <dst id="HSTNng">2489.92</dst>
            <dst id="IPLSng">12117.2613333333</dst>
            <dst id="KSCYng">2450.82133333333</dst>
            <dst id="LOSAng">11884.5866666667</dst>
            <dst id="NYCMng">15576.1093333333</dst>
            <dst id="SNVAng">559.845333333333</dst>
            <dst id="STTLng">7228.19733333333</dst>
            <dst id="WASHng">43969.6106666667</dst>
        </src>
        <src id="CHINng">
            <dst id="ATLA-M5">268.266666666667</dst>
            <dst id="ATLAng">17813.96</dst>
            <dst id="CHINng">97411.1466666667</dst>
            <dst id="DNVRng">7414.20266666667</dst>
            <dst id="HSTNng">7036.29333333333</dst>
            <dst id="IPLSng">39122.7813333333</dst>
            <dst id="KSCYng">26958.5706666667</dst>
            <dst id="LOSAng">36724.5546666667</dst>
            <dst id="NYCMng">13026.8053333333</dst>
            <dst id="SNVAng">2884.90933333333</dst>
            <dst id="STTLng">5007.47466666667</dst>
            <dst id="WASHng">35911.12</dst>
        </src>
        <src id="DNVRng">
            <dst id="ATLA-M5">86.88</dst>
            <dst id="ATLAng">10064.6826666667</dst>
            <dst id="CHINng">68278.3066666667</dst>
            <dst id="DNVRng">7001.73866666667</dst>
            <dst id="HSTNng">15124.5626666667</dst>
            <dst id="IPLSng">25618.8826666667</dst>
            <dst id="KSCYng">17099.5653333333</dst>
            <dst id="LOSAng">6818.29066666667</dst>
            <dst id="NYCMng">33917.5013333333</dst>
            <dst id="SNVAng">7042.78133333333</dst>
            <dst id="STTLng">7167.76533333333</dst>
            <dst id="WASHng">36927.8933333333</dst>
        </src>
        <src id="HSTNng">
            <dst id="ATLA-M5">3695.01333333333</dst>
            <dst id="ATLAng">3229.25066666667</dst>
            <dst id="CHINng">17141.368</dst>
            <dst id="DNVRng">1129.58666666667</dst>
            <dst id="HSTNng">14974.344</dst>
            <dst id="IPLSng">3769.59733333333</dst>
            <dst id="KSCYng">1701.68266666667</dst>
            <dst id="LOSAng">8803.69866666667</dst>
            <dst id="NYCMng">3793.93066666667</dst>
            <dst id="SNVAng">280.797333333333</dst>
            <dst id="STTLng">957.018666666667</dst>
            <dst id="WASHng">10799.408</dst>
        </src>
        <src id="IPLSng">
            <dst id="ATLA-M5">0</dst>
            <dst id="ATLAng">30960.7813333333</dst>
            <dst id="CHINng">101205.173333333</dst>
            <dst id="DNVRng">11469.0346666667</dst>
            <dst id="HSTNng">3596.69333333333</dst>
            <dst id="IPLSng">36847.1866666667</dst>
            <dst id="KSCYng">11833.76</dst>
            <dst id="LOSAng">13596.9173333333</dst>
            <dst id="NYCMng">39930.872</dst>
            <dst id="SNVAng">1346.99466666667</dst>
            <dst id="STTLng">6949.93866666667</dst>
            <dst id="WASHng">21856.3413333333</dst>
        </src>
        <src id="KSCYng">
            <dst id="ATLA-M5">0</dst>
            <dst id="ATLAng">2387.07466666667</dst>
            <dst id="CHINng">28820.1706666667</dst>
            <dst id="DNVRng">9704.43466666667</dst>
            <dst id="HSTNng">3763.94666666667</dst>
            <dst id="IPLSng">9990.26133333333</dst>
            <dst id="KSCYng">6191.89333333333</dst>
            <dst id="LOSAng">3623.54933333333</dst>
            <dst id="NYCMng">1626.95733333333</dst>
            <dst id="SNVAng">1893.51466666667</dst>
            <dst id="STTLng">2383.97333333333</dst>
            <dst id="WASHng">9141.76533333333</dst>
        </src>
        <src id="LOSAng">
            <dst id="ATLA-M5">70.7333333333333</dst>
            <dst id="ATLAng">15480.1413333333</dst>
            <dst id="CHINng">158017.237333333</dst>
            <dst id="DNVRng">22312.904</dst>
            <dst id="HSTNng">4052.60533333333</dst>
            <dst id="IPLSng">29973.3333333333</dst>
            <dst id="KSCYng">7869.53066666667</dst>
            <dst id="LOSAng">12815.5946666667</dst>
            <dst id="NYCMng">33416.248</dst>
            <dst id="SNVAng">13471.0586666667</dst>
            <dst id="STTLng">18885.984</dst>
            <dst id="WASHng">30257.7226666667</dst>
        </src>
        <src id="NYCMng">
            <dst id="ATLA-M5">186.850666666667</dst>
            <dst id="ATLAng">32568.9093333333</dst>
            <dst id="CHINng">22921.232</dst>
            <dst id="DNVRng">27470.8986666667</dst>
            <dst id="HSTNng">10265.7893333333</dst>
            <dst id="IPLSng">17615.328</dst>
            <dst id="KSCYng">12239.9706666667</dst>
            <dst id="LOSAng">88997.544</dst>
            <dst id="NYCMng">121139.493333333</dst>
            <dst id="SNVAng">954.965333333333</dst>
            <dst id="STTLng">18901.288</dst>
            <dst id="WASHng">95179.464</dst>
        </src>
        <src id="SNVAng">
            <dst id="ATLA-M5">0</dst>
            <dst id="ATLAng">53.3333333333333</dst>
            <dst id="CHINng">0</dst>
            <dst id="DNVRng">3844.01333333333</dst>
            <dst id="HSTNng">64.6186666666667</dst>
            <dst id="IPLSng">284.48</dst>
            <dst id="KSCYng">26.6666666666667</dst>
            <dst id="LOSAng">32163.8453333333</dst>
            <dst id="NYCMng">347.794666666667</dst>
            <dst id="SNVAng">5231.32266666667</dst>
            <dst id="STTLng">33889.424</dst>
            <dst id="WASHng">80</dst>
        </src>
        <src id="STTLng">
            <dst id="ATLA-M5">0</dst>
            <dst id="ATLAng">9700.22133333333</dst>
            <dst id="CHINng">33772.384</dst>
            <dst id="DNVRng">1631.61333333333</dst>
            <dst id="HSTNng">2121.152</dst>
            <dst id="IPLSng">5934.41066666667</dst>
            <dst id="KSCYng">2706.496</dst>
            <dst id="LOSAng">12991.5653333333</dst>
            <dst id="NYCMng">13865.184</dst>
            <dst id="SNVAng">2213.05333333333</dst>
            <dst id="STTLng">4869.528</dst>
            <dst id="WASHng">15852.8666666667</dst>
        </src>
        <src id="WASHng">
            <dst id="ATLA-M5">1320.86933333333</dst>
            <dst id="ATLAng">114149.269333333</dst>
            <dst id="CHINng">77620.3866666667</dst>
            <dst id="DNVRng">51213.7946666667</dst>
            <dst id="HSTNng">25974.56</dst>
            <dst id="IPLSng">56356.3546666667</dst>
            <dst id="KSCYng">11601.6266666667</dst>
            <dst id="LOSAng">56809.688</dst>
            <dst id="NYCMng">168576.304</dst>
            <dst id="SNVAng">5945.65066666667</dst>
            <dst id="STTLng">36220.9786666667</dst>
            <dst id="WASHng">328049.706666667</dst>
        </src>
    </IntraTM>
</TrafficMatrixFile>
