<?xml version="1.0" encoding="ISO-8859-1" standalone="yes"?>
<TrafficMatrixFile xsi:noNamespaceSchemaLocation="http://totem.run.montefiore.ulg.ac.be/Schema/TrafficMatrix-v1_2.xsd" xmlns:xsi="http://www.w3.org/2001/XMLSchema-instance">
    <IntraTM ASID="11537">
        <src id="ATLA-M5">
            <dst id="ATLA-M5">0</dst>
            <dst id="ATLAng">0</dst>
            <dst id="CHINng">57.2826666666667</dst>
            <dst id="DNVRng">0</dst>
            <dst id="HSTNng">0</dst>
            <dst id="IPLSng">53.3333333333333</dst>
            <dst id="KSCYng">26.6666666666667</dst>
            <dst id="LOSAng">247.744</dst>
            <dst id="NYCMng">430.602666666667</dst>
            <dst id="SNVAng">0</dst>
            <dst id="STTLng">26.6666666666667</dst>
            <dst id="WASHng">1659.64533333333</dst>
        </src>
        <src id="ATLAng">
            <dst id="ATLA-M5">128.485333333333</dst>
            <dst id="ATLAng">4087.088</dst>
            <dst id="CHINng">2829.264</dst>
            <dst id="DNVRng">2578.328</dst>
            <dst id="HSTNng">618.141333333333</dst>
            <dst id="IPLSng">28771.2506666667</dst>
            <dst id="KSCYng">400.090666666667</dst>
            <dst id="LOSAng">13706.2573333333</dst>
            <dst id="NYCMng">4915.32266666667</dst>
            <dst id="SNVAng">168.366666666667</dst>
            <dst id="STTLng">12955.1013333333</dst>
            <dst id="WASHng">27016.9733333333</dst>
        </src>
        <src id="CHINng">
            <dst id="ATLA-M5">26.8746666666667</dst>
            <dst id="ATLAng">8571.84533333333</dst>
            <dst id="CHINng">43531.7893333333</dst>
            <dst id="DNVRng">5545.13866666667</dst>
            <dst id="HSTNng">3582.80266666667</dst>
            <dst id="IPLSng">79657.256</dst>
            <dst id="KSCYng">11960.3893333333</dst>
            <dst id="LOSAng">39573.136</dst>
            <dst id="NYCMng">7360.61866666667</dst>
            <dst id="SNVAng">278.952</dst>
            <dst id="STTLng">4741.40266666667</dst>
            <dst id="WASHng">48967.6746666667</dst>
        </src>
        <src id="DNVRng">
            <dst id="ATLA-M5">237.952</dst>
            <dst id="ATLAng">2160.592</dst>
            <dst id="CHINng">66296.224</dst>
            <dst id="DNVRng">7719.816</dst>
            <dst id="HSTNng">13218.656</dst>
            <dst id="IPLSng">35033.6133333333</dst>
            <dst id="KSCYng">17457.704</dst>
            <dst id="LOSAng">14873.784</dst>
            <dst id="NYCMng">9797.73333333333</dst>
            <dst id="SNVAng">10225.1093333333</dst>
            <dst id="STTLng">18066.9786666667</dst>
            <dst id="WASHng">33460.3466666667</dst>
        </src>
        <src id="HSTNng">
            <dst id="ATLA-M5">1476.42666666667</dst>
            <dst id="ATLAng">10885.2133333333</dst>
            <dst id="CHINng">7948.512</dst>
            <dst id="DNVRng">409.778666666667</dst>
            <dst id="HSTNng">6496.024</dst>
            <dst id="IPLSng">1031.78933333333</dst>
            <dst id="KSCYng">563.544</dst>
            <dst id="LOSAng">9955.18666666667</dst>
            <dst id="NYCMng">6769.31733333333</dst>
            <dst id="SNVAng">0</dst>
            <dst id="STTLng">1674.23733333333</dst>
            <dst id="WASHng">842.64</dst>
        </src>
        <src id="IPLSng">
            <dst id="ATLA-M5">26.6666666666667</dst>
            <dst id="ATLAng">85130.3066666667</dst>
            <dst id="CHINng">53071.7413333333</dst>
            <dst id="DNVRng">4733.02666666667</dst>
            <dst id="HSTNng">5639.656</dst>
            <dst id="IPLSng">10336.3893333333</dst>
            <dst id="KSCYng">13133.0506666667</dst>
            <dst id="LOSAng">16501.9893333333</dst>
            <dst id="NYCMng">26354.9146666667</dst>
            <dst id="SNVAng">2625.59466666667</dst>
            <dst id="STTLng">8459.55733333333</dst>
            <dst id="WASHng">12119.7253333333</dst>
        </src>
        <src id="KSCYng">
            <dst id="ATLA-M5">939.285333333333</dst>
            <dst id="ATLAng">1016.664</dst>
            <dst id="CHINng">10375.336</dst>
            <dst id="DNVRng">9147.72</dst>
            <dst id="HSTNng">2678.432</dst>
            <dst id="IPLSng">10542.8426666667</dst>
            <dst id="KSCYng">4557.77333333333</dst>
            <dst id="LOSAng">7438.05066666667</dst>
            <dst id="NYCMng">2706.992</dst>
            <dst id="SNVAng">3747.592</dst>
            <dst id="STTLng">10307.9946666667</dst>
            <dst id="WASHng">5936.128</dst>
        </src>
        <src id="LOSAng">
            <dst id="ATLA-M5">510.194666666667</dst>
            <dst id="ATLAng">11079.4293333333</dst>
            <dst id="CHINng">90729.2506666666</dst>
            <dst id="DNVRng">20773.7066666667</dst>
            <dst id="HSTNng">5266.576</dst>
            <dst id="IPLSng">10153.1466666667</dst>
            <dst id="KSCYng">2984.98666666667</dst>
            <dst id="LOSAng">23191.624</dst>
            <dst id="NYCMng">46163.08</dst>
            <dst id="SNVAng">7927.608</dst>
            <dst id="STTLng">21757.8266666667</dst>
            <dst id="WASHng">23724.88</dst>
        </src>
        <src id="NYCMng">
            <dst id="ATLA-M5">114.674666666667</dst>
            <dst id="ATLAng">14778.3733333333</dst>
            <dst id="CHINng">8492.048</dst>
            <dst id="DNVRng">24415.5653333333</dst>
            <dst id="HSTNng">9638.98933333333</dst>
            <dst id="IPLSng">13812.336</dst>
            <dst id="KSCYng">5873.92533333333</dst>
            <dst id="LOSAng">82174.76</dst>
            <dst id="NYCMng">104841.061333333</dst>
            <dst id="SNVAng">2500.43733333333</dst>
            <dst id="STTLng">21421.288</dst>
            <dst id="WASHng">47155.528</dst>
        </src>
        <src id="SNVAng">
            <dst id="ATLA-M5">0</dst>
            <dst id="ATLAng">27.8746666666667</dst>
            <dst id="CHINng">0</dst>
            <dst id="DNVRng">1209.05866666667</dst>
            <dst id="HSTNng">27.7546666666667</dst>
            <dst id="IPLSng">273.632</dst>
            <dst id="KSCYng">0</dst>
            <dst id="LOSAng">31522.952</dst>
            <dst id="NYCMng">262.357333333333</dst>
            <dst id="SNVAng">4701.32533333333</dst>
            <dst id="STTLng">24378.32</dst>
            <dst id="WASHng">282.805333333333</dst>
        </src>
        <src id="STTLng">
            <dst id="ATLA-M5">124.432</dst>
            <dst id="ATLAng">9021.07466666667</dst>
            <dst id="CHINng">15464.592</dst>
            <dst id="DNVRng">2926.12266666667</dst>
            <dst id="HSTNng">787.637333333333</dst>
            <dst id="IPLSng">8361.97866666667</dst>
            <dst id="KSCYng">5426.848</dst>
            <dst id="LOSAng">19883.7253333333</dst>
            <dst id="NYCMng">14067.4213333333</dst>
            <dst id="SNVAng">5050.984</dst>
            <dst id="STTLng">3351.09333333333</dst>
            <dst id="WASHng">5047.10133333333</dst>
        </src>
        <src id="WASHng">
            <dst id="ATLA-M5">24346.4693333333</dst>
            <dst id="ATLAng">54131.52</dst>
            <dst id="CHINng">50632.64</dst>
            <dst id="DNVRng">51998.8746666667</dst>
            <dst id="HSTNng">9211.98933333333</dst>
            <dst id="IPLSng">36244.984</dst>
            <dst id="KSCYng">11833.2106666667</dst>
            <dst id="LOSAng">72499.136</dst>
            <dst id="NYCMng">124885.405333333</dst>
            <dst id="SNVAng">4298.77333333333</dst>
            <dst id="STTLng">60498.5466666667</dst>
            <dst id="WASHng">237442.117333333</dst>
        </src>
    </IntraTM>
</TrafficMatrixFile>
