<?xml version="1.0" encoding="ISO-8859-1" standalone="yes"?>
<TrafficMatrixFile xsi:noNamespaceSchemaLocation="http://totem.run.montefiore.ulg.ac.be/Schema/TrafficMatrix-v1_2.xsd" xmlns:xsi="http://www.w3.org/2001/XMLSchema-instance">
    <IntraTM ASID="11537">
        <src id="ATLA-M5">
            <dst id="ATLA-M5">124.813333333333</dst>
            <dst id="ATLAng">2237.936</dst>
            <dst id="CHINng">179.72</dst>
            <dst id="DNVRng">52.1066666666667</dst>
            <dst id="HSTNng">107.973333333333</dst>
            <dst id="IPLSng">300.677333333333</dst>
            <dst id="KSCYng">53.3333333333333</dst>
            <dst id="LOSAng">145.553333333333</dst>
            <dst id="NYCMng">580.397333333333</dst>
            <dst id="SNVAng">20.4386666666667</dst>
            <dst id="STTLng">26.6666666666667</dst>
            <dst id="WASHng">321.717333333333</dst>
        </src>
        <src id="ATLAng">
            <dst id="ATLA-M5">4061.296</dst>
            <dst id="ATLAng">20977.2026666667</dst>
            <dst id="CHINng">12257.88</dst>
            <dst id="DNVRng">5442.52266666667</dst>
            <dst id="HSTNng">3386.20266666667</dst>
            <dst id="IPLSng">34063.7626666667</dst>
            <dst id="KSCYng">2971.60266666667</dst>
            <dst id="LOSAng">19458.9413333333</dst>
            <dst id="NYCMng">5948.032</dst>
            <dst id="SNVAng">1784.54133333333</dst>
            <dst id="STTLng">8578.07733333333</dst>
            <dst id="WASHng">32994.624</dst>
        </src>
        <src id="CHINng">
            <dst id="ATLA-M5">411.088</dst>
            <dst id="ATLAng">36425.0106666667</dst>
            <dst id="CHINng">55322.3626666667</dst>
            <dst id="DNVRng">9359.208</dst>
            <dst id="HSTNng">13999.6986666667</dst>
            <dst id="IPLSng">48136.216</dst>
            <dst id="KSCYng">33563.4133333333</dst>
            <dst id="LOSAng">42187.2773333333</dst>
            <dst id="NYCMng">12828.9493333333</dst>
            <dst id="SNVAng">6423.17333333333</dst>
            <dst id="STTLng">4957.28266666667</dst>
            <dst id="WASHng">26375.0026666667</dst>
        </src>
        <src id="DNVRng">
            <dst id="ATLA-M5">221.794666666667</dst>
            <dst id="ATLAng">10056.248</dst>
            <dst id="CHINng">51066.4586666667</dst>
            <dst id="DNVRng">22834.5866666667</dst>
            <dst id="HSTNng">20738.0133333333</dst>
            <dst id="IPLSng">47693.0746666667</dst>
            <dst id="KSCYng">38682.1626666667</dst>
            <dst id="LOSAng">21155.32</dst>
            <dst id="NYCMng">16239.4293333333</dst>
            <dst id="SNVAng">17554.7333333333</dst>
            <dst id="STTLng">33521.624</dst>
            <dst id="WASHng">58096.9093333333</dst>
        </src>
        <src id="HSTNng">
            <dst id="ATLA-M5">401.138666666667</dst>
            <dst id="ATLAng">8908.864</dst>
            <dst id="CHINng">8141.97866666667</dst>
            <dst id="DNVRng">1899.99466666667</dst>
            <dst id="HSTNng">21507.064</dst>
            <dst id="IPLSng">6734.304</dst>
            <dst id="KSCYng">2920.61066666667</dst>
            <dst id="LOSAng">4110.216</dst>
            <dst id="NYCMng">3427.35466666667</dst>
            <dst id="SNVAng">107.322666666667</dst>
            <dst id="STTLng">9543.45333333333</dst>
            <dst id="WASHng">11074.1306666667</dst>
        </src>
        <src id="IPLSng">
            <dst id="ATLA-M5">360.770666666667</dst>
            <dst id="ATLAng">27518.6773333333</dst>
            <dst id="CHINng">76500.1413333333</dst>
            <dst id="DNVRng">33823.0693333333</dst>
            <dst id="HSTNng">2392.48</dst>
            <dst id="IPLSng">24525.1333333333</dst>
            <dst id="KSCYng">5385.55733333333</dst>
            <dst id="LOSAng">51296.712</dst>
            <dst id="NYCMng">39874.4853333333</dst>
            <dst id="SNVAng">2474.90933333333</dst>
            <dst id="STTLng">7430.70933333333</dst>
            <dst id="WASHng">29046.1066666667</dst>
        </src>
        <src id="KSCYng">
            <dst id="ATLA-M5">35.0746666666667</dst>
            <dst id="ATLAng">4428.736</dst>
            <dst id="CHINng">13426.0746666667</dst>
            <dst id="DNVRng">13048</dst>
            <dst id="HSTNng">7025.95466666667</dst>
            <dst id="IPLSng">22879.7893333333</dst>
            <dst id="KSCYng">14180.352</dst>
            <dst id="LOSAng">11086.4586666667</dst>
            <dst id="NYCMng">3651.86933333333</dst>
            <dst id="SNVAng">3645.04266666667</dst>
            <dst id="STTLng">3903.344</dst>
            <dst id="WASHng">14148.9893333333</dst>
        </src>
        <src id="LOSAng">
            <dst id="ATLA-M5">828.146666666667</dst>
            <dst id="ATLAng">26602.208</dst>
            <dst id="CHINng">84418.664</dst>
            <dst id="DNVRng">36666.9306666667</dst>
            <dst id="HSTNng">8793.74933333333</dst>
            <dst id="IPLSng">29121.0533333333</dst>
            <dst id="KSCYng">7231.99466666666</dst>
            <dst id="LOSAng">20843.8266666667</dst>
            <dst id="NYCMng">35054.352</dst>
            <dst id="SNVAng">32186.7866666667</dst>
            <dst id="STTLng">26456.232</dst>
            <dst id="WASHng">83859.096</dst>
        </src>
        <src id="NYCMng">
            <dst id="ATLA-M5">5294.256</dst>
            <dst id="ATLAng">36406.1093333333</dst>
            <dst id="CHINng">30074.1333333333</dst>
            <dst id="DNVRng">38471.344</dst>
            <dst id="HSTNng">14199.4266666667</dst>
            <dst id="IPLSng">44855.6906666667</dst>
            <dst id="KSCYng">12934.7573333333</dst>
            <dst id="LOSAng">83459.1546666667</dst>
            <dst id="NYCMng">112214.981333333</dst>
            <dst id="SNVAng">9266.208</dst>
            <dst id="STTLng">18648.232</dst>
            <dst id="WASHng">85495.536</dst>
        </src>
        <src id="SNVAng">
            <dst id="ATLA-M5">0</dst>
            <dst id="ATLAng">53.3333333333333</dst>
            <dst id="CHINng">151.733333333333</dst>
            <dst id="DNVRng">60508.7546666667</dst>
            <dst id="HSTNng">185.621333333333</dst>
            <dst id="IPLSng">488.544</dst>
            <dst id="KSCYng">648.736</dst>
            <dst id="LOSAng">32462.9573333333</dst>
            <dst id="NYCMng">274.570666666667</dst>
            <dst id="SNVAng">7829.70666666667</dst>
            <dst id="STTLng">33659.1466666667</dst>
            <dst id="WASHng">726.186666666667</dst>
        </src>
        <src id="STTLng">
            <dst id="ATLA-M5">130.018666666667</dst>
            <dst id="ATLAng">12478.1866666667</dst>
            <dst id="CHINng">19060.3013333333</dst>
            <dst id="DNVRng">4503.768</dst>
            <dst id="HSTNng">9094.02133333333</dst>
            <dst id="IPLSng">10008.3333333333</dst>
            <dst id="KSCYng">3527.496</dst>
            <dst id="LOSAng">43843.16</dst>
            <dst id="NYCMng">12162.312</dst>
            <dst id="SNVAng">9807.18933333334</dst>
            <dst id="STTLng">6164.49333333333</dst>
            <dst id="WASHng">16392.7146666667</dst>
        </src>
        <src id="WASHng">
            <dst id="ATLA-M5">2150.99733333333</dst>
            <dst id="ATLAng">106924.232</dst>
            <dst id="CHINng">75121.7706666666</dst>
            <dst id="DNVRng">119042.392</dst>
            <dst id="HSTNng">29723.4986666667</dst>
            <dst id="IPLSng">60084.0853333333</dst>
            <dst id="KSCYng">14272.3813333333</dst>
            <dst id="LOSAng">69761.232</dst>
            <dst id="NYCMng">170936.325333333</dst>
            <dst id="SNVAng">17451.0746666667</dst>
            <dst id="STTLng">44582.5813333333</dst>
            <dst id="WASHng">232608.642666667</dst>
        </src>
    </IntraTM>
</TrafficMatrixFile>
