<?xml version="1.0" encoding="ISO-8859-1" standalone="yes"?>
<TrafficMatrixFile xsi:noNamespaceSchemaLocation="http://totem.run.montefiore.ulg.ac.be/Schema/TrafficMatrix-v1_2.xsd" xmlns:xsi="http://www.w3.org/2001/XMLSchema-instance">
    <IntraTM ASID="11537">
        <src id="ATLA-M5">
            <dst id="ATLA-M5">190.333333333333</dst>
            <dst id="ATLAng">1976.85866666667</dst>
            <dst id="CHINng">1158.672</dst>
            <dst id="DNVRng">0</dst>
            <dst id="HSTNng">75.0293333333333</dst>
            <dst id="IPLSng">112.106666666667</dst>
            <dst id="KSCYng">102.688</dst>
            <dst id="LOSAng">70.2346666666667</dst>
            <dst id="NYCMng">72.2133333333333</dst>
            <dst id="SNVAng">0</dst>
            <dst id="STTLng">140.12</dst>
            <dst id="WASHng">498.336</dst>
        </src>
        <src id="ATLAng">
            <dst id="ATLA-M5">113.053333333333</dst>
            <dst id="ATLAng">27378.712</dst>
            <dst id="CHINng">3197.976</dst>
            <dst id="DNVRng">2724.34666666667</dst>
            <dst id="HSTNng">16120.584</dst>
            <dst id="IPLSng">17185.704</dst>
            <dst id="KSCYng">969.352</dst>
            <dst id="LOSAng">13867.5706666667</dst>
            <dst id="NYCMng">3918.896</dst>
            <dst id="SNVAng">168.698666666667</dst>
            <dst id="STTLng">6033.424</dst>
            <dst id="WASHng">31135.1466666667</dst>
        </src>
        <src id="CHINng">
            <dst id="ATLA-M5">1049.65866666667</dst>
            <dst id="ATLAng">21879.464</dst>
            <dst id="CHINng">55761.3813333333</dst>
            <dst id="DNVRng">8454.61066666666</dst>
            <dst id="HSTNng">14977.2</dst>
            <dst id="IPLSng">29930.2266666667</dst>
            <dst id="KSCYng">6789.216</dst>
            <dst id="LOSAng">56460.2</dst>
            <dst id="NYCMng">11394.2693333333</dst>
            <dst id="SNVAng">2939.144</dst>
            <dst id="STTLng">6919.456</dst>
            <dst id="WASHng">29720.4346666667</dst>
        </src>
        <src id="DNVRng">
            <dst id="ATLA-M5">196.874666666667</dst>
            <dst id="ATLAng">11720.992</dst>
            <dst id="CHINng">45237.384</dst>
            <dst id="DNVRng">19071.0506666667</dst>
            <dst id="HSTNng">18804.416</dst>
            <dst id="IPLSng">24999.2613333333</dst>
            <dst id="KSCYng">30215.6453333333</dst>
            <dst id="LOSAng">22541.624</dst>
            <dst id="NYCMng">12735.3413333333</dst>
            <dst id="SNVAng">8260.70933333333</dst>
            <dst id="STTLng">18346.16</dst>
            <dst id="WASHng">46333.9413333333</dst>
        </src>
        <src id="HSTNng">
            <dst id="ATLA-M5">284.170666666667</dst>
            <dst id="ATLAng">5999.97866666667</dst>
            <dst id="CHINng">11481.3626666667</dst>
            <dst id="DNVRng">1338.024</dst>
            <dst id="HSTNng">16073.832</dst>
            <dst id="IPLSng">3865.37333333333</dst>
            <dst id="KSCYng">1604.072</dst>
            <dst id="LOSAng">28597.9013333333</dst>
            <dst id="NYCMng">3964.96266666667</dst>
            <dst id="SNVAng">0</dst>
            <dst id="STTLng">1019.624</dst>
            <dst id="WASHng">8250.424</dst>
        </src>
        <src id="IPLSng">
            <dst id="ATLA-M5">0</dst>
            <dst id="ATLAng">16477.2053333333</dst>
            <dst id="CHINng">49117.2773333333</dst>
            <dst id="DNVRng">13434.8586666667</dst>
            <dst id="HSTNng">824.232</dst>
            <dst id="IPLSng">13851.8426666667</dst>
            <dst id="KSCYng">4527.53866666667</dst>
            <dst id="LOSAng">28235.8346666667</dst>
            <dst id="NYCMng">26585.384</dst>
            <dst id="SNVAng">6007.064</dst>
            <dst id="STTLng">12176.3333333333</dst>
            <dst id="WASHng">7789.93066666667</dst>
        </src>
        <src id="KSCYng">
            <dst id="ATLA-M5">800.264</dst>
            <dst id="ATLAng">2789.51466666667</dst>
            <dst id="CHINng">10820.0293333333</dst>
            <dst id="DNVRng">9992.92</dst>
            <dst id="HSTNng">4438.776</dst>
            <dst id="IPLSng">15702.4826666667</dst>
            <dst id="KSCYng">13739.0906666667</dst>
            <dst id="LOSAng">9366.976</dst>
            <dst id="NYCMng">3718.824</dst>
            <dst id="SNVAng">2666.78933333333</dst>
            <dst id="STTLng">4819.75466666667</dst>
            <dst id="WASHng">13927.0933333333</dst>
        </src>
        <src id="LOSAng">
            <dst id="ATLA-M5">204.848</dst>
            <dst id="ATLAng">23143.7226666667</dst>
            <dst id="CHINng">102683.053333333</dst>
            <dst id="DNVRng">26158.9013333333</dst>
            <dst id="HSTNng">18819.5893333333</dst>
            <dst id="IPLSng">22973.184</dst>
            <dst id="KSCYng">4795.72266666667</dst>
            <dst id="LOSAng">23720.6906666667</dst>
            <dst id="NYCMng">33632.2906666667</dst>
            <dst id="SNVAng">26098.256</dst>
            <dst id="STTLng">27204.0213333333</dst>
            <dst id="WASHng">32373.7546666667</dst>
        </src>
        <src id="NYCMng">
            <dst id="ATLA-M5">3897.52533333333</dst>
            <dst id="ATLAng">24532.6213333333</dst>
            <dst id="CHINng">12241.0506666667</dst>
            <dst id="DNVRng">25601.6506666667</dst>
            <dst id="HSTNng">5184.83733333333</dst>
            <dst id="IPLSng">16396.7226666667</dst>
            <dst id="KSCYng">10874.536</dst>
            <dst id="LOSAng">82493.096</dst>
            <dst id="NYCMng">122703.165333333</dst>
            <dst id="SNVAng">5259.03733333333</dst>
            <dst id="STTLng">21452.3466666667</dst>
            <dst id="WASHng">49791.3013333333</dst>
        </src>
        <src id="SNVAng">
            <dst id="ATLA-M5">0</dst>
            <dst id="ATLAng">454.128</dst>
            <dst id="CHINng">26.6666666666667</dst>
            <dst id="DNVRng">11874.856</dst>
            <dst id="HSTNng">1516.34133333333</dst>
            <dst id="IPLSng">168.4</dst>
            <dst id="KSCYng">0</dst>
            <dst id="LOSAng">47258.1813333333</dst>
            <dst id="NYCMng">250.378666666667</dst>
            <dst id="SNVAng">12482.9173333333</dst>
            <dst id="STTLng">35999.9066666667</dst>
            <dst id="WASHng">698.362666666667</dst>
        </src>
        <src id="STTLng">
            <dst id="ATLA-M5">841.162666666667</dst>
            <dst id="ATLAng">12180.4586666667</dst>
            <dst id="CHINng">17164.2826666667</dst>
            <dst id="DNVRng">2983.448</dst>
            <dst id="HSTNng">4234.14933333333</dst>
            <dst id="IPLSng">5113.36266666667</dst>
            <dst id="KSCYng">2796.344</dst>
            <dst id="LOSAng">24984.1653333333</dst>
            <dst id="NYCMng">12234.2826666667</dst>
            <dst id="SNVAng">4941.97333333333</dst>
            <dst id="STTLng">21859.5333333333</dst>
            <dst id="WASHng">9285.392</dst>
        </src>
        <src id="WASHng">
            <dst id="ATLA-M5">299.954666666667</dst>
            <dst id="ATLAng">68927.208</dst>
            <dst id="CHINng">58836.168</dst>
            <dst id="DNVRng">74012.68</dst>
            <dst id="HSTNng">46237.6026666667</dst>
            <dst id="IPLSng">50601.1173333333</dst>
            <dst id="KSCYng">13794.344</dst>
            <dst id="LOSAng">84629.088</dst>
            <dst id="NYCMng">163782.274666667</dst>
            <dst id="SNVAng">5089.67466666667</dst>
            <dst id="STTLng">59993.9386666667</dst>
            <dst id="WASHng">251744.472</dst>
        </src>
    </IntraTM>
</TrafficMatrixFile>
