<?xml version="1.0" encoding="ISO-8859-1" standalone="yes"?>
<TrafficMatrixFile xsi:noNamespaceSchemaLocation="http://totem.run.montefiore.ulg.ac.be/Schema/TrafficMatrix-v1_2.xsd" xmlns:xsi="http://www.w3.org/2001/XMLSchema-instance">
    <IntraTM ASID="11537">
        <src id="ATLA-M5">
            <dst id="ATLA-M5">113.512</dst>
            <dst id="ATLAng">2037.19466666667</dst>
            <dst id="CHINng">66.6106666666667</dst>
            <dst id="DNVRng">0</dst>
            <dst id="HSTNng">78.4133333333333</dst>
            <dst id="IPLSng">26.6666666666667</dst>
            <dst id="KSCYng">112</dst>
            <dst id="LOSAng">142.186666666667</dst>
            <dst id="NYCMng">26.6666666666667</dst>
            <dst id="SNVAng">0</dst>
            <dst id="STTLng">26.6666666666667</dst>
            <dst id="WASHng">475.434666666667</dst>
        </src>
        <src id="ATLAng">
            <dst id="ATLA-M5">446.693333333333</dst>
            <dst id="ATLAng">41596.4</dst>
            <dst id="CHINng">5521.66133333333</dst>
            <dst id="DNVRng">4433.128</dst>
            <dst id="HSTNng">2162.46933333333</dst>
            <dst id="IPLSng">19854.6666666667</dst>
            <dst id="KSCYng">2406.736</dst>
            <dst id="LOSAng">9010.94266666667</dst>
            <dst id="NYCMng">5175.68</dst>
            <dst id="SNVAng">297.094666666667</dst>
            <dst id="STTLng">7133.512</dst>
            <dst id="WASHng">29018.8613333333</dst>
        </src>
        <src id="CHINng">
            <dst id="ATLA-M5">176.570666666667</dst>
            <dst id="ATLAng">17744.1066666667</dst>
            <dst id="CHINng">51192.7333333333</dst>
            <dst id="DNVRng">12904.6053333333</dst>
            <dst id="HSTNng">9679.992</dst>
            <dst id="IPLSng">24174.1413333333</dst>
            <dst id="KSCYng">10985.5226666667</dst>
            <dst id="LOSAng">56453.3333333333</dst>
            <dst id="NYCMng">8700.90133333334</dst>
            <dst id="SNVAng">3602.688</dst>
            <dst id="STTLng">5760.53066666667</dst>
            <dst id="WASHng">28157.7173333333</dst>
        </src>
        <src id="DNVRng">
            <dst id="ATLA-M5">215.722666666667</dst>
            <dst id="ATLAng">7645.19733333333</dst>
            <dst id="CHINng">55887.9226666667</dst>
            <dst id="DNVRng">13215.2106666667</dst>
            <dst id="HSTNng">17268.0213333333</dst>
            <dst id="IPLSng">49658.88</dst>
            <dst id="KSCYng">14536.64</dst>
            <dst id="LOSAng">14010.2986666667</dst>
            <dst id="NYCMng">19567.6666666667</dst>
            <dst id="SNVAng">15127.6853333333</dst>
            <dst id="STTLng">20662.512</dst>
            <dst id="WASHng">38378.144</dst>
        </src>
        <src id="HSTNng">
            <dst id="ATLA-M5">2382.176</dst>
            <dst id="ATLAng">5907.14133333333</dst>
            <dst id="CHINng">23166.1146666667</dst>
            <dst id="DNVRng">1843.42133333333</dst>
            <dst id="HSTNng">11498.4826666667</dst>
            <dst id="IPLSng">5559.73066666667</dst>
            <dst id="KSCYng">1921.448</dst>
            <dst id="LOSAng">4972.31733333333</dst>
            <dst id="NYCMng">1611.96266666667</dst>
            <dst id="SNVAng">2712.39733333333</dst>
            <dst id="STTLng">2893.744</dst>
            <dst id="WASHng">14661.7626666667</dst>
        </src>
        <src id="IPLSng">
            <dst id="ATLA-M5">36.8053333333333</dst>
            <dst id="ATLAng">22210.8933333333</dst>
            <dst id="CHINng">74158.472</dst>
            <dst id="DNVRng">7759.232</dst>
            <dst id="HSTNng">4119.232</dst>
            <dst id="IPLSng">27248.936</dst>
            <dst id="KSCYng">9301.872</dst>
            <dst id="LOSAng">17906.7306666667</dst>
            <dst id="NYCMng">22593.3866666667</dst>
            <dst id="SNVAng">1817.49066666667</dst>
            <dst id="STTLng">11225.4986666667</dst>
            <dst id="WASHng">17533.2773333333</dst>
        </src>
        <src id="KSCYng">
            <dst id="ATLA-M5">96.9733333333333</dst>
            <dst id="ATLAng">3069.42666666667</dst>
            <dst id="CHINng">15543.136</dst>
            <dst id="DNVRng">12201.0026666667</dst>
            <dst id="HSTNng">11567.3306666667</dst>
            <dst id="IPLSng">14478.704</dst>
            <dst id="KSCYng">3645.18933333333</dst>
            <dst id="LOSAng">9193.61333333333</dst>
            <dst id="NYCMng">3689.552</dst>
            <dst id="SNVAng">3718.62933333333</dst>
            <dst id="STTLng">4398.904</dst>
            <dst id="WASHng">10969.4613333333</dst>
        </src>
        <src id="LOSAng">
            <dst id="ATLA-M5">868.869333333333</dst>
            <dst id="ATLAng">22610.4906666667</dst>
            <dst id="CHINng">88832.1653333333</dst>
            <dst id="DNVRng">40766.0053333333</dst>
            <dst id="HSTNng">8862.75466666667</dst>
            <dst id="IPLSng">19236.2293333333</dst>
            <dst id="KSCYng">6413.50666666667</dst>
            <dst id="LOSAng">17466.016</dst>
            <dst id="NYCMng">39761.4026666667</dst>
            <dst id="SNVAng">28579.472</dst>
            <dst id="STTLng">22038.3466666667</dst>
            <dst id="WASHng">35717.64</dst>
        </src>
        <src id="NYCMng">
            <dst id="ATLA-M5">921.357333333333</dst>
            <dst id="ATLAng">30768.7226666667</dst>
            <dst id="CHINng">20959.1653333333</dst>
            <dst id="DNVRng">52046.8693333334</dst>
            <dst id="HSTNng">11888.9466666667</dst>
            <dst id="IPLSng">43025.9493333333</dst>
            <dst id="KSCYng">8733.77333333333</dst>
            <dst id="LOSAng">75422.568</dst>
            <dst id="NYCMng">108222.914666667</dst>
            <dst id="SNVAng">4675.104</dst>
            <dst id="STTLng">25044.952</dst>
            <dst id="WASHng">69558.696</dst>
        </src>
        <src id="SNVAng">
            <dst id="ATLA-M5">0</dst>
            <dst id="ATLAng">32.696</dst>
            <dst id="CHINng">53.3333333333333</dst>
            <dst id="DNVRng">5717.648</dst>
            <dst id="HSTNng">192.266666666667</dst>
            <dst id="IPLSng">181.368</dst>
            <dst id="KSCYng">136.669333333333</dst>
            <dst id="LOSAng">47962.976</dst>
            <dst id="NYCMng">524.304</dst>
            <dst id="SNVAng">7559.72</dst>
            <dst id="STTLng">30367.1093333333</dst>
            <dst id="WASHng">122.338666666667</dst>
        </src>
        <src id="STTLng">
            <dst id="ATLA-M5">28.5573333333333</dst>
            <dst id="ATLAng">12710.424</dst>
            <dst id="CHINng">13196.744</dst>
            <dst id="DNVRng">4764.14133333333</dst>
            <dst id="HSTNng">2378.51466666667</dst>
            <dst id="IPLSng">7235.79466666667</dst>
            <dst id="KSCYng">3138.67733333333</dst>
            <dst id="LOSAng">26711.0026666667</dst>
            <dst id="NYCMng">9634.19733333333</dst>
            <dst id="SNVAng">5864.992</dst>
            <dst id="STTLng">4379.256</dst>
            <dst id="WASHng">6897.24</dst>
        </src>
        <src id="WASHng">
            <dst id="ATLA-M5">126.218666666667</dst>
            <dst id="ATLAng">123242.074666667</dst>
            <dst id="CHINng">46606.584</dst>
            <dst id="DNVRng">72739.3626666667</dst>
            <dst id="HSTNng">17413.704</dst>
            <dst id="IPLSng">52925.9626666667</dst>
            <dst id="KSCYng">8508.06133333333</dst>
            <dst id="LOSAng">61834.488</dst>
            <dst id="NYCMng">146574.986666667</dst>
            <dst id="SNVAng">16741.6373333333</dst>
            <dst id="STTLng">42262.176</dst>
            <dst id="WASHng">225080.858666667</dst>
        </src>
    </IntraTM>
</TrafficMatrixFile>
