<?xml version="1.0" encoding="ISO-8859-1" standalone="yes"?>
<TrafficMatrixFile xsi:noNamespaceSchemaLocation="http://totem.run.montefiore.ulg.ac.be/Schema/TrafficMatrix-v1_2.xsd" xmlns:xsi="http://www.w3.org/2001/XMLSchema-instance">
    <IntraTM ASID="11537">
        <src id="ATLA-M5">
            <dst id="ATLA-M5">26.6666666666667</dst>
            <dst id="ATLAng">80</dst>
            <dst id="CHINng">26.6666666666667</dst>
            <dst id="DNVRng">0</dst>
            <dst id="HSTNng">26.6666666666667</dst>
            <dst id="IPLSng">210.666666666667</dst>
            <dst id="KSCYng">554.002666666667</dst>
            <dst id="LOSAng">414.488</dst>
            <dst id="NYCMng">26.6666666666667</dst>
            <dst id="SNVAng">13.3333333333333</dst>
            <dst id="STTLng">106.666666666667</dst>
            <dst id="WASHng">503.077333333333</dst>
        </src>
        <src id="ATLAng">
            <dst id="ATLA-M5">40.2666666666667</dst>
            <dst id="ATLAng">25584.7386666667</dst>
            <dst id="CHINng">6441.784</dst>
            <dst id="DNVRng">10142.4186666667</dst>
            <dst id="HSTNng">12322.408</dst>
            <dst id="IPLSng">13129.144</dst>
            <dst id="KSCYng">428.765333333333</dst>
            <dst id="LOSAng">18696.488</dst>
            <dst id="NYCMng">5752</dst>
            <dst id="SNVAng">27.72</dst>
            <dst id="STTLng">4939.05333333333</dst>
            <dst id="WASHng">21414.48</dst>
        </src>
        <src id="CHINng">
            <dst id="ATLA-M5">719.936</dst>
            <dst id="ATLAng">16586.3093333333</dst>
            <dst id="CHINng">38286.3013333333</dst>
            <dst id="DNVRng">6755.41866666667</dst>
            <dst id="HSTNng">7158.64</dst>
            <dst id="IPLSng">56289.8186666667</dst>
            <dst id="KSCYng">13199.1573333333</dst>
            <dst id="LOSAng">43731.784</dst>
            <dst id="NYCMng">10482.8213333333</dst>
            <dst id="SNVAng">6747.98133333333</dst>
            <dst id="STTLng">10654.1013333333</dst>
            <dst id="WASHng">43788.6453333333</dst>
        </src>
        <src id="DNVRng">
            <dst id="ATLA-M5">352.328</dst>
            <dst id="ATLAng">8125.18666666667</dst>
            <dst id="CHINng">42801.5573333333</dst>
            <dst id="DNVRng">13260.12</dst>
            <dst id="HSTNng">15851.328</dst>
            <dst id="IPLSng">25227.128</dst>
            <dst id="KSCYng">22717.6506666667</dst>
            <dst id="LOSAng">23594.5653333333</dst>
            <dst id="NYCMng">14531.3466666667</dst>
            <dst id="SNVAng">7686.79733333333</dst>
            <dst id="STTLng">12916.6026666667</dst>
            <dst id="WASHng">40360.0533333333</dst>
        </src>
        <src id="HSTNng">
            <dst id="ATLA-M5">100.192</dst>
            <dst id="ATLAng">13656.3653333333</dst>
            <dst id="CHINng">7426.24</dst>
            <dst id="DNVRng">935.952</dst>
            <dst id="HSTNng">11598.7893333333</dst>
            <dst id="IPLSng">5104.488</dst>
            <dst id="KSCYng">1911.72533333333</dst>
            <dst id="LOSAng">6537.97333333333</dst>
            <dst id="NYCMng">3306.11466666667</dst>
            <dst id="SNVAng">26.6666666666667</dst>
            <dst id="STTLng">1405.46133333333</dst>
            <dst id="WASHng">13709.4026666667</dst>
        </src>
        <src id="IPLSng">
            <dst id="ATLA-M5">0</dst>
            <dst id="ATLAng">20301.584</dst>
            <dst id="CHINng">45445.0773333333</dst>
            <dst id="DNVRng">20340.464</dst>
            <dst id="HSTNng">1857.20533333333</dst>
            <dst id="IPLSng">31778.0773333333</dst>
            <dst id="KSCYng">10151.1813333333</dst>
            <dst id="LOSAng">26384.848</dst>
            <dst id="NYCMng">32655.5706666667</dst>
            <dst id="SNVAng">2577.776</dst>
            <dst id="STTLng">15113.032</dst>
            <dst id="WASHng">8434.82133333334</dst>
        </src>
        <src id="KSCYng">
            <dst id="ATLA-M5">1284.65333333333</dst>
            <dst id="ATLAng">2860.504</dst>
            <dst id="CHINng">11848.8613333333</dst>
            <dst id="DNVRng">10136.0853333333</dst>
            <dst id="HSTNng">4248.352</dst>
            <dst id="IPLSng">10370.736</dst>
            <dst id="KSCYng">8856.69066666667</dst>
            <dst id="LOSAng">7751.35466666667</dst>
            <dst id="NYCMng">1723.096</dst>
            <dst id="SNVAng">2527.69333333333</dst>
            <dst id="STTLng">5159.54933333333</dst>
            <dst id="WASHng">7871.87466666666</dst>
        </src>
        <src id="LOSAng">
            <dst id="ATLA-M5">122.306666666667</dst>
            <dst id="ATLAng">13228.6293333333</dst>
            <dst id="CHINng">54009.912</dst>
            <dst id="DNVRng">5472.456</dst>
            <dst id="HSTNng">8908.99733333333</dst>
            <dst id="IPLSng">15929.7413333333</dst>
            <dst id="KSCYng">3581.35733333333</dst>
            <dst id="LOSAng">61288.344</dst>
            <dst id="NYCMng">27436.7466666667</dst>
            <dst id="SNVAng">14147.9573333333</dst>
            <dst id="STTLng">29214.4746666667</dst>
            <dst id="WASHng">27424.1573333333</dst>
        </src>
        <src id="NYCMng">
            <dst id="ATLA-M5">351.24</dst>
            <dst id="ATLAng">26419.8533333333</dst>
            <dst id="CHINng">9411.848</dst>
            <dst id="DNVRng">25601.992</dst>
            <dst id="HSTNng">20934.3946666667</dst>
            <dst id="IPLSng">16245.3653333333</dst>
            <dst id="KSCYng">9645.61066666667</dst>
            <dst id="LOSAng">68848.9226666667</dst>
            <dst id="NYCMng">81876.0213333334</dst>
            <dst id="SNVAng">1461.02933333333</dst>
            <dst id="STTLng">30433.5093333333</dst>
            <dst id="WASHng">44107.9146666667</dst>
        </src>
        <src id="SNVAng">
            <dst id="ATLA-M5">0</dst>
            <dst id="ATLAng">627.413333333333</dst>
            <dst id="CHINng">26.6666666666667</dst>
            <dst id="DNVRng">20098.8453333333</dst>
            <dst id="HSTNng">873.813333333333</dst>
            <dst id="IPLSng">191.933333333333</dst>
            <dst id="KSCYng">0</dst>
            <dst id="LOSAng">40295.176</dst>
            <dst id="NYCMng">222.357333333333</dst>
            <dst id="SNVAng">9005.288</dst>
            <dst id="STTLng">36409.1333333333</dst>
            <dst id="WASHng">53.3333333333333</dst>
        </src>
        <src id="STTLng">
            <dst id="ATLA-M5">84.408</dst>
            <dst id="ATLAng">9157.13066666667</dst>
            <dst id="CHINng">11156.0453333333</dst>
            <dst id="DNVRng">2903.99466666667</dst>
            <dst id="HSTNng">2419.13333333333</dst>
            <dst id="IPLSng">5601.92533333333</dst>
            <dst id="KSCYng">2059.17866666667</dst>
            <dst id="LOSAng">384262</dst>
            <dst id="NYCMng">11280.3493333333</dst>
            <dst id="SNVAng">2764.752</dst>
            <dst id="STTLng">22832.856</dst>
            <dst id="WASHng">10156.5546666667</dst>
        </src>
        <src id="WASHng">
            <dst id="ATLA-M5">355.224</dst>
            <dst id="ATLAng">81983.0133333334</dst>
            <dst id="CHINng">96138.7733333333</dst>
            <dst id="DNVRng">63559.9733333333</dst>
            <dst id="HSTNng">27030.472</dst>
            <dst id="IPLSng">43478.2826666667</dst>
            <dst id="KSCYng">12555.1306666667</dst>
            <dst id="LOSAng">68345.6426666667</dst>
            <dst id="NYCMng">168801.026666667</dst>
            <dst id="SNVAng">3753.65066666667</dst>
            <dst id="STTLng">52955.7173333333</dst>
            <dst id="WASHng">210930.92</dst>
        </src>
    </IntraTM>
</TrafficMatrixFile>
