<?xml version="1.0" encoding="ISO-8859-1" standalone="yes"?>
<TrafficMatrixFile xsi:noNamespaceSchemaLocation="http://totem.run.montefiore.ulg.ac.be/Schema/TrafficMatrix-v1_2.xsd" xmlns:xsi="http://www.w3.org/2001/XMLSchema-instance">
    <IntraTM ASID="11537">
        <src id="ATLA-M5">
            <dst id="ATLA-M5">26.6666666666667</dst>
            <dst id="ATLAng">372.501333333333</dst>
            <dst id="CHINng">53.3333333333333</dst>
            <dst id="DNVRng">131.752</dst>
            <dst id="HSTNng">26.6666666666667</dst>
            <dst id="IPLSng">34.4133333333333</dst>
            <dst id="KSCYng">55.2213333333333</dst>
            <dst id="LOSAng">380.522666666667</dst>
            <dst id="NYCMng">26.6666666666667</dst>
            <dst id="SNVAng">0</dst>
            <dst id="STTLng">26.6666666666667</dst>
            <dst id="WASHng">541.074666666667</dst>
        </src>
        <src id="ATLAng">
            <dst id="ATLA-M5">365.210666666667</dst>
            <dst id="ATLAng">8025.32533333333</dst>
            <dst id="CHINng">4514.49866666667</dst>
            <dst id="DNVRng">1903.86133333333</dst>
            <dst id="HSTNng">9141.16533333333</dst>
            <dst id="IPLSng">25835.848</dst>
            <dst id="KSCYng">1753.888</dst>
            <dst id="LOSAng">9419.164</dst>
            <dst id="NYCMng">4290.66133333333</dst>
            <dst id="SNVAng">433.318666666667</dst>
            <dst id="STTLng">8195.232</dst>
            <dst id="WASHng">17532.1493333333</dst>
        </src>
        <src id="CHINng">
            <dst id="ATLA-M5">53.3333333333333</dst>
            <dst id="ATLAng">14765.2453333333</dst>
            <dst id="CHINng">43060.2853333333</dst>
            <dst id="DNVRng">7531.85066666667</dst>
            <dst id="HSTNng">10127.9226666667</dst>
            <dst id="IPLSng">15817.4026666667</dst>
            <dst id="KSCYng">6064.91733333333</dst>
            <dst id="LOSAng">40769.872</dst>
            <dst id="NYCMng">7601.42933333333</dst>
            <dst id="SNVAng">2727.98666666667</dst>
            <dst id="STTLng">6595.37866666667</dst>
            <dst id="WASHng">17168.0346666667</dst>
        </src>
        <src id="DNVRng">
            <dst id="ATLA-M5">1335.08266666667</dst>
            <dst id="ATLAng">3645.39466666667</dst>
            <dst id="CHINng">55811</dst>
            <dst id="DNVRng">12871.4613333333</dst>
            <dst id="HSTNng">17046.264</dst>
            <dst id="IPLSng">32630.8</dst>
            <dst id="KSCYng">27131.04</dst>
            <dst id="LOSAng">17303</dst>
            <dst id="NYCMng">8643.68533333333</dst>
            <dst id="SNVAng">12384.016</dst>
            <dst id="STTLng">8950.14933333333</dst>
            <dst id="WASHng">38732.4293333333</dst>
        </src>
        <src id="HSTNng">
            <dst id="ATLA-M5">140.565333333333</dst>
            <dst id="ATLAng">42050.2453333333</dst>
            <dst id="CHINng">5061.34666666667</dst>
            <dst id="DNVRng">1358.64266666667</dst>
            <dst id="HSTNng">12636.744</dst>
            <dst id="IPLSng">1263.09866666667</dst>
            <dst id="KSCYng">3588.23466666667</dst>
            <dst id="LOSAng">4381.824</dst>
            <dst id="NYCMng">1926.26666666667</dst>
            <dst id="SNVAng">26.6666666666667</dst>
            <dst id="STTLng">1773.70666666667</dst>
            <dst id="WASHng">2028.832</dst>
        </src>
        <src id="IPLSng">
            <dst id="ATLA-M5">26.6666666666667</dst>
            <dst id="ATLAng">16861.0186666667</dst>
            <dst id="CHINng">62563.3466666667</dst>
            <dst id="DNVRng">8061.14666666667</dst>
            <dst id="HSTNng">1030.33066666667</dst>
            <dst id="IPLSng">24055.6373333333</dst>
            <dst id="KSCYng">12411.848</dst>
            <dst id="LOSAng">15717.488</dst>
            <dst id="NYCMng">29607.392</dst>
            <dst id="SNVAng">546.056</dst>
            <dst id="STTLng">9785.42666666667</dst>
            <dst id="WASHng">15706.504</dst>
        </src>
        <src id="KSCYng">
            <dst id="ATLA-M5">802.826666666667</dst>
            <dst id="ATLAng">1853.69866666667</dst>
            <dst id="CHINng">9654.744</dst>
            <dst id="DNVRng">10526.352</dst>
            <dst id="HSTNng">10006.5813333333</dst>
            <dst id="IPLSng">13057.16</dst>
            <dst id="KSCYng">7196.78933333333</dst>
            <dst id="LOSAng">7291.90133333333</dst>
            <dst id="NYCMng">3179.80533333333</dst>
            <dst id="SNVAng">2488.93866666667</dst>
            <dst id="STTLng">3757.904</dst>
            <dst id="WASHng">6966.99733333333</dst>
        </src>
        <src id="LOSAng">
            <dst id="ATLA-M5">0</dst>
            <dst id="ATLAng">24003.0053333333</dst>
            <dst id="CHINng">51891.9466666667</dst>
            <dst id="DNVRng">22341.28</dst>
            <dst id="HSTNng">15421.992</dst>
            <dst id="IPLSng">14243.4773333333</dst>
            <dst id="KSCYng">3991.47466666667</dst>
            <dst id="LOSAng">18295.264</dst>
            <dst id="NYCMng">39028.0453333333</dst>
            <dst id="SNVAng">14765.4186666667</dst>
            <dst id="STTLng">23252.096</dst>
            <dst id="WASHng">17769.5946666667</dst>
        </src>
        <src id="NYCMng">
            <dst id="ATLA-M5">2504.55466666667</dst>
            <dst id="ATLAng">27655.6106666667</dst>
            <dst id="CHINng">13260.6666666667</dst>
            <dst id="DNVRng">26016.5253333333</dst>
            <dst id="HSTNng">11171.0853333333</dst>
            <dst id="IPLSng">15913.44</dst>
            <dst id="KSCYng">16459.1786666667</dst>
            <dst id="LOSAng">91236.5973333334</dst>
            <dst id="NYCMng">86796.6853333333</dst>
            <dst id="SNVAng">2518.352</dst>
            <dst id="STTLng">24143.5226666667</dst>
            <dst id="WASHng">28400.848</dst>
        </src>
        <src id="SNVAng">
            <dst id="ATLA-M5">0</dst>
            <dst id="ATLAng">375.637333333333</dst>
            <dst id="CHINng">90.088</dst>
            <dst id="DNVRng">4467.27733333333</dst>
            <dst id="HSTNng">37.8453333333333</dst>
            <dst id="IPLSng">218.602666666667</dst>
            <dst id="KSCYng">26.6666666666667</dst>
            <dst id="LOSAng">35179.5546666667</dst>
            <dst id="NYCMng">570.578666666667</dst>
            <dst id="SNVAng">6218.888</dst>
            <dst id="STTLng">29973.5573333333</dst>
            <dst id="WASHng">26.6666666666667</dst>
        </src>
        <src id="STTLng">
            <dst id="ATLA-M5">26.6666666666667</dst>
            <dst id="ATLAng">9846.728</dst>
            <dst id="CHINng">13436.2986666667</dst>
            <dst id="DNVRng">3639.18666666667</dst>
            <dst id="HSTNng">1974.18666666667</dst>
            <dst id="IPLSng">8113.21866666667</dst>
            <dst id="KSCYng">1227.91466666667</dst>
            <dst id="LOSAng">20670.4426666667</dst>
            <dst id="NYCMng">9449.576</dst>
            <dst id="SNVAng">3123.51733333333</dst>
            <dst id="STTLng">4754.56</dst>
            <dst id="WASHng">6588.42133333333</dst>
        </src>
        <src id="WASHng">
            <dst id="ATLA-M5">53.3333333333333</dst>
            <dst id="ATLAng">68416.2426666667</dst>
            <dst id="CHINng">51439.8906666667</dst>
            <dst id="DNVRng">72142.6506666666</dst>
            <dst id="HSTNng">7767.60533333334</dst>
            <dst id="IPLSng">54106.5306666667</dst>
            <dst id="KSCYng">11983.0453333333</dst>
            <dst id="LOSAng">73997.0586666667</dst>
            <dst id="NYCMng">134718.896</dst>
            <dst id="SNVAng">4673.38133333333</dst>
            <dst id="STTLng">47322.9626666667</dst>
            <dst id="WASHng">169727.605333333</dst>
        </src>
    </IntraTM>
</TrafficMatrixFile>
