<?xml version="1.0" encoding="ISO-8859-1" standalone="yes"?>
<TrafficMatrixFile xsi:noNamespaceSchemaLocation="http://totem.run.montefiore.ulg.ac.be/Schema/TrafficMatrix-v1_2.xsd" xmlns:xsi="http://www.w3.org/2001/XMLSchema-instance">
    <IntraTM ASID="11537">
        <src id="ATLA-M5">
            <dst id="ATLA-M5">26.6666666666667</dst>
            <dst id="ATLAng">53.3333333333333</dst>
            <dst id="CHINng">102.824</dst>
            <dst id="DNVRng">0</dst>
            <dst id="HSTNng">0</dst>
            <dst id="IPLSng">0</dst>
            <dst id="KSCYng">0</dst>
            <dst id="LOSAng">201.205333333333</dst>
            <dst id="NYCMng">74.712</dst>
            <dst id="SNVAng">0</dst>
            <dst id="STTLng">26.6666666666667</dst>
            <dst id="WASHng">559.013333333333</dst>
        </src>
        <src id="ATLAng">
            <dst id="ATLA-M5">243.618666666667</dst>
            <dst id="ATLAng">6149.61866666667</dst>
            <dst id="CHINng">7925.06933333333</dst>
            <dst id="DNVRng">8140.70133333333</dst>
            <dst id="HSTNng">325.16</dst>
            <dst id="IPLSng">25683.9493333333</dst>
            <dst id="KSCYng">436.528</dst>
            <dst id="LOSAng">5949.12666666667</dst>
            <dst id="NYCMng">9616.28533333333</dst>
            <dst id="SNVAng">400.74</dst>
            <dst id="STTLng">10760.272</dst>
            <dst id="WASHng">44949.6346666667</dst>
        </src>
        <src id="CHINng">
            <dst id="ATLA-M5">174.608</dst>
            <dst id="ATLAng">9961.53066666667</dst>
            <dst id="CHINng">47380.872</dst>
            <dst id="DNVRng">6290.85866666667</dst>
            <dst id="HSTNng">4515.33066666667</dst>
            <dst id="IPLSng">14155.184</dst>
            <dst id="KSCYng">2995.32</dst>
            <dst id="LOSAng">37553.4693333333</dst>
            <dst id="NYCMng">8109.63733333333</dst>
            <dst id="SNVAng">2714.45333333333</dst>
            <dst id="STTLng">6741.38133333333</dst>
            <dst id="WASHng">18201.5813333333</dst>
        </src>
        <src id="DNVRng">
            <dst id="ATLA-M5">280.410666666667</dst>
            <dst id="ATLAng">7846.60533333333</dst>
            <dst id="CHINng">49050.7546666667</dst>
            <dst id="DNVRng">3224.06666666667</dst>
            <dst id="HSTNng">26396.104</dst>
            <dst id="IPLSng">34758.368</dst>
            <dst id="KSCYng">13909.4826666667</dst>
            <dst id="LOSAng">10071.656</dst>
            <dst id="NYCMng">19238.6693333333</dst>
            <dst id="SNVAng">6735.07466666667</dst>
            <dst id="STTLng">4422.94933333333</dst>
            <dst id="WASHng">40274.9733333333</dst>
        </src>
        <src id="HSTNng">
            <dst id="ATLA-M5">255.669333333333</dst>
            <dst id="ATLAng">2180.83733333333</dst>
            <dst id="CHINng">11318.3066666667</dst>
            <dst id="DNVRng">773.184</dst>
            <dst id="HSTNng">14885.2773333333</dst>
            <dst id="IPLSng">3251.624</dst>
            <dst id="KSCYng">576.898666666667</dst>
            <dst id="LOSAng">3373.96266666667</dst>
            <dst id="NYCMng">819.290666666667</dst>
            <dst id="SNVAng">64.8133333333333</dst>
            <dst id="STTLng">289.624</dst>
            <dst id="WASHng">3758.44266666667</dst>
        </src>
        <src id="IPLSng">
            <dst id="ATLA-M5">0</dst>
            <dst id="ATLAng">13829.3226666667</dst>
            <dst id="CHINng">52712.6346666667</dst>
            <dst id="DNVRng">5696.784</dst>
            <dst id="HSTNng">922.08</dst>
            <dst id="IPLSng">5389.112</dst>
            <dst id="KSCYng">2057.19733333333</dst>
            <dst id="LOSAng">10177.2133333333</dst>
            <dst id="NYCMng">24667.9733333333</dst>
            <dst id="SNVAng">1544.136</dst>
            <dst id="STTLng">15922.72</dst>
            <dst id="WASHng">13988.3066666667</dst>
        </src>
        <src id="KSCYng">
            <dst id="ATLA-M5">0</dst>
            <dst id="ATLAng">3753.65866666667</dst>
            <dst id="CHINng">10927.92</dst>
            <dst id="DNVRng">5589.68533333333</dst>
            <dst id="HSTNng">2897.37866666667</dst>
            <dst id="IPLSng">10711.816</dst>
            <dst id="KSCYng">4526.19733333333</dst>
            <dst id="LOSAng">3827.82133333333</dst>
            <dst id="NYCMng">6582.97866666667</dst>
            <dst id="SNVAng">3138.11466666667</dst>
            <dst id="STTLng">3502.28</dst>
            <dst id="WASHng">5383.95466666667</dst>
        </src>
        <src id="LOSAng">
            <dst id="ATLA-M5">288.837333333333</dst>
            <dst id="ATLAng">9597.35733333334</dst>
            <dst id="CHINng">116527.336</dst>
            <dst id="DNVRng">20596.4133333333</dst>
            <dst id="HSTNng">2036.952</dst>
            <dst id="IPLSng">12346.344</dst>
            <dst id="KSCYng">2798.128</dst>
            <dst id="LOSAng">10566.1306666667</dst>
            <dst id="NYCMng">34678.512</dst>
            <dst id="SNVAng">26645.9946666667</dst>
            <dst id="STTLng">35771.0773333333</dst>
            <dst id="WASHng">18695.376</dst>
        </src>
        <src id="NYCMng">
            <dst id="ATLA-M5">85.464</dst>
            <dst id="ATLAng">28439.776</dst>
            <dst id="CHINng">14815.7413333333</dst>
            <dst id="DNVRng">27353.8986666667</dst>
            <dst id="HSTNng">4688.04266666667</dst>
            <dst id="IPLSng">29791.1573333333</dst>
            <dst id="KSCYng">10510.9813333333</dst>
            <dst id="LOSAng">78353.6346666667</dst>
            <dst id="NYCMng">111255.898666667</dst>
            <dst id="SNVAng">1192.672</dst>
            <dst id="STTLng">19622.8826666667</dst>
            <dst id="WASHng">41631.592</dst>
        </src>
        <src id="SNVAng">
            <dst id="ATLA-M5">0</dst>
            <dst id="ATLAng">105.994666666667</dst>
            <dst id="CHINng">0</dst>
            <dst id="DNVRng">1071.456</dst>
            <dst id="HSTNng">26.6666666666667</dst>
            <dst id="IPLSng">222.776</dst>
            <dst id="KSCYng">0</dst>
            <dst id="LOSAng">28264.7813333333</dst>
            <dst id="NYCMng">276.565333333333</dst>
            <dst id="SNVAng">5418.88533333333</dst>
            <dst id="STTLng">25640.0293333333</dst>
            <dst id="WASHng">80</dst>
        </src>
        <src id="STTLng">
            <dst id="ATLA-M5">26.6666666666667</dst>
            <dst id="ATLAng">9153.28533333333</dst>
            <dst id="CHINng">20612.1946666667</dst>
            <dst id="DNVRng">1461.176</dst>
            <dst id="HSTNng">755.144</dst>
            <dst id="IPLSng">5352.63733333333</dst>
            <dst id="KSCYng">4034.384</dst>
            <dst id="LOSAng">12569.7093333333</dst>
            <dst id="NYCMng">12345.2853333333</dst>
            <dst id="SNVAng">1511.344</dst>
            <dst id="STTLng">1579.99733333333</dst>
            <dst id="WASHng">6687.74133333333</dst>
        </src>
        <src id="WASHng">
            <dst id="ATLA-M5">59.8853333333333</dst>
            <dst id="ATLAng">67890.9573333333</dst>
            <dst id="CHINng">48921.1066666667</dst>
            <dst id="DNVRng">38716.432</dst>
            <dst id="HSTNng">16939.2346666667</dst>
            <dst id="IPLSng">46907.112</dst>
            <dst id="KSCYng">3542.56</dst>
            <dst id="LOSAng">63541.5493333333</dst>
            <dst id="NYCMng">127291.325333333</dst>
            <dst id="SNVAng">9740.42666666667</dst>
            <dst id="STTLng">32452.552</dst>
            <dst id="WASHng">309834.56</dst>
        </src>
    </IntraTM>
</TrafficMatrixFile>
