<?xml version="1.0" encoding="ISO-8859-1" standalone="yes"?>
<TrafficMatrixFile xsi:noNamespaceSchemaLocation="http://totem.run.montefiore.ulg.ac.be/Schema/TrafficMatrix-v1_2.xsd" xmlns:xsi="http://www.w3.org/2001/XMLSchema-instance">
    <IntraTM ASID="11537">
        <src id="ATLA-M5">
            <dst id="ATLA-M5">107.672</dst>
            <dst id="ATLAng">1397.27733333333</dst>
            <dst id="CHINng">175.741333333333</dst>
            <dst id="DNVRng">0</dst>
            <dst id="HSTNng">369.693333333333</dst>
            <dst id="IPLSng">155.562666666667</dst>
            <dst id="KSCYng">80</dst>
            <dst id="LOSAng">199.989333333333</dst>
            <dst id="NYCMng">242.730666666667</dst>
            <dst id="SNVAng">13.3333333333333</dst>
            <dst id="STTLng">48</dst>
            <dst id="WASHng">1312.45066666667</dst>
        </src>
        <src id="ATLAng">
            <dst id="ATLA-M5">3215.77066666667</dst>
            <dst id="ATLAng">13076.0693333333</dst>
            <dst id="CHINng">10021.6773333333</dst>
            <dst id="DNVRng">2736.66666666667</dst>
            <dst id="HSTNng">4836.32</dst>
            <dst id="IPLSng">39564.4186666667</dst>
            <dst id="KSCYng">3081.46666666667</dst>
            <dst id="LOSAng">11777.0533333333</dst>
            <dst id="NYCMng">11682.2133333333</dst>
            <dst id="SNVAng">977.434666666667</dst>
            <dst id="STTLng">10003.528</dst>
            <dst id="WASHng">63351.504</dst>
        </src>
        <src id="CHINng">
            <dst id="ATLA-M5">338.938666666667</dst>
            <dst id="ATLAng">31094.712</dst>
            <dst id="CHINng">67801.456</dst>
            <dst id="DNVRng">6635.496</dst>
            <dst id="HSTNng">8909.56266666667</dst>
            <dst id="IPLSng">33791.1546666667</dst>
            <dst id="KSCYng">18024.4026666667</dst>
            <dst id="LOSAng">36629.176</dst>
            <dst id="NYCMng">16197.472</dst>
            <dst id="SNVAng">5780.184</dst>
            <dst id="STTLng">9182.84</dst>
            <dst id="WASHng">21447.6186666667</dst>
        </src>
        <src id="DNVRng">
            <dst id="ATLA-M5">333.325333333333</dst>
            <dst id="ATLAng">7370.32</dst>
            <dst id="CHINng">73709.896</dst>
            <dst id="DNVRng">15308.7893333333</dst>
            <dst id="HSTNng">27013.24</dst>
            <dst id="IPLSng">43292.3866666667</dst>
            <dst id="KSCYng">35661.0053333333</dst>
            <dst id="LOSAng">15888.9146666667</dst>
            <dst id="NYCMng">14822.2053333333</dst>
            <dst id="SNVAng">19294.4506666667</dst>
            <dst id="STTLng">15449.6053333333</dst>
            <dst id="WASHng">48190.9786666667</dst>
        </src>
        <src id="HSTNng">
            <dst id="ATLA-M5">3175.68</dst>
            <dst id="ATLAng">6670.29333333333</dst>
            <dst id="CHINng">14012.2613333333</dst>
            <dst id="DNVRng">2214.07733333333</dst>
            <dst id="HSTNng">18031.6426666667</dst>
            <dst id="IPLSng">3093.28</dst>
            <dst id="KSCYng">3905.98133333333</dst>
            <dst id="LOSAng">9946.50933333333</dst>
            <dst id="NYCMng">4697.552</dst>
            <dst id="SNVAng">139.752</dst>
            <dst id="STTLng">7773.752</dst>
            <dst id="WASHng">4892.97066666667</dst>
        </src>
        <src id="IPLSng">
            <dst id="ATLA-M5">250.848</dst>
            <dst id="ATLAng">20395.12</dst>
            <dst id="CHINng">82691.1066666667</dst>
            <dst id="DNVRng">12860.7946666667</dst>
            <dst id="HSTNng">3476.68533333333</dst>
            <dst id="IPLSng">31001.8133333333</dst>
            <dst id="KSCYng">6707.77333333333</dst>
            <dst id="LOSAng">38864.7733333333</dst>
            <dst id="NYCMng">19135.696</dst>
            <dst id="SNVAng">1142.11466666667</dst>
            <dst id="STTLng">9031.46933333333</dst>
            <dst id="WASHng">23539.768</dst>
        </src>
        <src id="KSCYng">
            <dst id="ATLA-M5">166.277333333333</dst>
            <dst id="ATLAng">5141.39466666667</dst>
            <dst id="CHINng">23732.7386666667</dst>
            <dst id="DNVRng">13581.56</dst>
            <dst id="HSTNng">8696.55733333333</dst>
            <dst id="IPLSng">22294.2373333333</dst>
            <dst id="KSCYng">10782.552</dst>
            <dst id="LOSAng">6700.22666666667</dst>
            <dst id="NYCMng">2857.69333333333</dst>
            <dst id="SNVAng">2707.18133333333</dst>
            <dst id="STTLng">3773.88266666667</dst>
            <dst id="WASHng">17620.7413333333</dst>
        </src>
        <src id="LOSAng">
            <dst id="ATLA-M5">746.264</dst>
            <dst id="ATLAng">31725.192</dst>
            <dst id="CHINng">136680.717333333</dst>
            <dst id="DNVRng">21801.7893333333</dst>
            <dst id="HSTNng">7406.90133333333</dst>
            <dst id="IPLSng">29917.3386666667</dst>
            <dst id="KSCYng">10945.7173333333</dst>
            <dst id="LOSAng">15809.4186666667</dst>
            <dst id="NYCMng">43223.184</dst>
            <dst id="SNVAng">13299.384</dst>
            <dst id="STTLng">30567.5493333333</dst>
            <dst id="WASHng">29300.9333333333</dst>
        </src>
        <src id="NYCMng">
            <dst id="ATLA-M5">752.088</dst>
            <dst id="ATLAng">40530.616</dst>
            <dst id="CHINng">44417.272</dst>
            <dst id="DNVRng">34041.6293333333</dst>
            <dst id="HSTNng">11118.6053333333</dst>
            <dst id="IPLSng">47891.376</dst>
            <dst id="KSCYng">14942.9973333333</dst>
            <dst id="LOSAng">86729.936</dst>
            <dst id="NYCMng">135179.405333333</dst>
            <dst id="SNVAng">6566.576</dst>
            <dst id="STTLng">15143.4666666667</dst>
            <dst id="WASHng">97816.0133333333</dst>
        </src>
        <src id="SNVAng">
            <dst id="ATLA-M5">0</dst>
            <dst id="ATLAng">129.44</dst>
            <dst id="CHINng">172.210666666667</dst>
            <dst id="DNVRng">1892.81866666667</dst>
            <dst id="HSTNng">111.850666666667</dst>
            <dst id="IPLSng">295.872</dst>
            <dst id="KSCYng">117.365333333333</dst>
            <dst id="LOSAng">31559.464</dst>
            <dst id="NYCMng">1754.15466666667</dst>
            <dst id="SNVAng">9410.93333333333</dst>
            <dst id="STTLng">33286.7653333333</dst>
            <dst id="WASHng">26.6666666666667</dst>
        </src>
        <src id="STTLng">
            <dst id="ATLA-M5">118.653333333333</dst>
            <dst id="ATLAng">9971.104</dst>
            <dst id="CHINng">28734.2186666667</dst>
            <dst id="DNVRng">5573.30666666667</dst>
            <dst id="HSTNng">2367.01066666667</dst>
            <dst id="IPLSng">11788.3466666667</dst>
            <dst id="KSCYng">5681.232</dst>
            <dst id="LOSAng">15974.88</dst>
            <dst id="NYCMng">14394.4053333333</dst>
            <dst id="SNVAng">6738.06666666667</dst>
            <dst id="STTLng">11908.0133333333</dst>
            <dst id="WASHng">21241.2533333333</dst>
        </src>
        <src id="WASHng">
            <dst id="ATLA-M5">407.258666666667</dst>
            <dst id="ATLAng">145921.765333333</dst>
            <dst id="CHINng">60006.152</dst>
            <dst id="DNVRng">88177.3706666667</dst>
            <dst id="HSTNng">18410.6906666667</dst>
            <dst id="IPLSng">74652.016</dst>
            <dst id="KSCYng">23704.2213333333</dst>
            <dst id="LOSAng">73771.6133333333</dst>
            <dst id="NYCMng">167271.274666667</dst>
            <dst id="SNVAng">2716.68</dst>
            <dst id="STTLng">27489.752</dst>
            <dst id="WASHng">323528.32</dst>
        </src>
    </IntraTM>
</TrafficMatrixFile>
