<?xml version="1.0" encoding="ISO-8859-1" standalone="yes"?>
<TrafficMatrixFile xsi:noNamespaceSchemaLocation="http://totem.run.montefiore.ulg.ac.be/Schema/TrafficMatrix-v1_2.xsd" xmlns:xsi="http://www.w3.org/2001/XMLSchema-instance">
    <IntraTM ASID="11537">
        <src id="ATLA-M5">
            <dst id="ATLA-M5">1457.04533333333</dst>
            <dst id="ATLAng">0</dst>
            <dst id="CHINng">98.7973333333333</dst>
            <dst id="DNVRng">26.6666666666667</dst>
            <dst id="HSTNng">65.928</dst>
            <dst id="IPLSng">0</dst>
            <dst id="KSCYng">0</dst>
            <dst id="LOSAng">522.64</dst>
            <dst id="NYCMng">26.6666666666667</dst>
            <dst id="SNVAng">0</dst>
            <dst id="STTLng">0</dst>
            <dst id="WASHng">68.2106666666667</dst>
        </src>
        <src id="ATLAng">
            <dst id="ATLA-M5">160.749333333333</dst>
            <dst id="ATLAng">7475.21333333333</dst>
            <dst id="CHINng">2764.16266666667</dst>
            <dst id="DNVRng">3790.75466666667</dst>
            <dst id="HSTNng">390.997333333333</dst>
            <dst id="IPLSng">29798.5013333333</dst>
            <dst id="KSCYng">288.426666666667</dst>
            <dst id="LOSAng">6634.56533333333</dst>
            <dst id="NYCMng">6390.528</dst>
            <dst id="SNVAng">26.6666666666667</dst>
            <dst id="STTLng">8676.09066666667</dst>
            <dst id="WASHng">31705.7333333333</dst>
        </src>
        <src id="CHINng">
            <dst id="ATLA-M5">124.594666666667</dst>
            <dst id="ATLAng">8531.19733333333</dst>
            <dst id="CHINng">57628.1226666667</dst>
            <dst id="DNVRng">11485.5466666667</dst>
            <dst id="HSTNng">4179.23733333333</dst>
            <dst id="IPLSng">103460.645333333</dst>
            <dst id="KSCYng">3157.61866666667</dst>
            <dst id="LOSAng">38139.2373333333</dst>
            <dst id="NYCMng">7707.46133333333</dst>
            <dst id="SNVAng">207.696</dst>
            <dst id="STTLng">3571.23733333333</dst>
            <dst id="WASHng">53054.4026666667</dst>
        </src>
        <src id="DNVRng">
            <dst id="ATLA-M5">117.304</dst>
            <dst id="ATLAng">4225.21866666667</dst>
            <dst id="CHINng">48146.6666666667</dst>
            <dst id="DNVRng">4643.34666666667</dst>
            <dst id="HSTNng">14485.536</dst>
            <dst id="IPLSng">33772.6666666667</dst>
            <dst id="KSCYng">14073.864</dst>
            <dst id="LOSAng">21720.4346666667</dst>
            <dst id="NYCMng">16076.0533333333</dst>
            <dst id="SNVAng">6658.82133333333</dst>
            <dst id="STTLng">6852.792</dst>
            <dst id="WASHng">28884.9786666667</dst>
        </src>
        <src id="HSTNng">
            <dst id="ATLA-M5">2572.98666666667</dst>
            <dst id="ATLAng">1461.576</dst>
            <dst id="CHINng">15301.8693333333</dst>
            <dst id="DNVRng">876.922666666667</dst>
            <dst id="HSTNng">17486.3813333333</dst>
            <dst id="IPLSng">4179.37333333333</dst>
            <dst id="KSCYng">702.288</dst>
            <dst id="LOSAng">11462.1413333333</dst>
            <dst id="NYCMng">6229.12</dst>
            <dst id="SNVAng">0</dst>
            <dst id="STTLng">181.493333333333</dst>
            <dst id="WASHng">871.424</dst>
        </src>
        <src id="IPLSng">
            <dst id="ATLA-M5">35.648</dst>
            <dst id="ATLAng">9869.63733333333</dst>
            <dst id="CHINng">61113.552</dst>
            <dst id="DNVRng">8601.26133333333</dst>
            <dst id="HSTNng">3651.10133333333</dst>
            <dst id="IPLSng">15452.2213333333</dst>
            <dst id="KSCYng">22126.6826666667</dst>
            <dst id="LOSAng">18302.304</dst>
            <dst id="NYCMng">30641.2106666667</dst>
            <dst id="SNVAng">509.861333333333</dst>
            <dst id="STTLng">8741.03733333333</dst>
            <dst id="WASHng">10683.7626666667</dst>
        </src>
        <src id="KSCYng">
            <dst id="ATLA-M5">550.912</dst>
            <dst id="ATLAng">754.962666666667</dst>
            <dst id="CHINng">16601.568</dst>
            <dst id="DNVRng">12127.616</dst>
            <dst id="HSTNng">2154.328</dst>
            <dst id="IPLSng">18264.2666666667</dst>
            <dst id="KSCYng">6310.54133333333</dst>
            <dst id="LOSAng">5707.81066666667</dst>
            <dst id="NYCMng">3077.912</dst>
            <dst id="SNVAng">3057.84266666667</dst>
            <dst id="STTLng">4621.53866666667</dst>
            <dst id="WASHng">5976.24266666667</dst>
        </src>
        <src id="LOSAng">
            <dst id="ATLA-M5">490.586666666667</dst>
            <dst id="ATLAng">7751.66133333333</dst>
            <dst id="CHINng">118113.610666667</dst>
            <dst id="DNVRng">4742.53066666667</dst>
            <dst id="HSTNng">3016.70933333333</dst>
            <dst id="IPLSng">11025.9226666667</dst>
            <dst id="KSCYng">3962.624</dst>
            <dst id="LOSAng">17820.0373333333</dst>
            <dst id="NYCMng">37987.864</dst>
            <dst id="SNVAng">7616.56533333333</dst>
            <dst id="STTLng">27399.8213333333</dst>
            <dst id="WASHng">39208.5733333333</dst>
        </src>
        <src id="NYCMng">
            <dst id="ATLA-M5">126.034666666667</dst>
            <dst id="ATLAng">17201.6</dst>
            <dst id="CHINng">24397.064</dst>
            <dst id="DNVRng">30011.576</dst>
            <dst id="HSTNng">3685.36533333333</dst>
            <dst id="IPLSng">21345.288</dst>
            <dst id="KSCYng">7406.304</dst>
            <dst id="LOSAng">84082.7546666667</dst>
            <dst id="NYCMng">123032.442666667</dst>
            <dst id="SNVAng">743.909333333333</dst>
            <dst id="STTLng">32115.536</dst>
            <dst id="WASHng">54139.4026666667</dst>
        </src>
        <src id="SNVAng">
            <dst id="ATLA-M5">0</dst>
            <dst id="ATLAng">26.6666666666667</dst>
            <dst id="CHINng">26.6666666666667</dst>
            <dst id="DNVRng">3428.08266666667</dst>
            <dst id="HSTNng">26.6666666666667</dst>
            <dst id="IPLSng">224.552</dst>
            <dst id="KSCYng">0</dst>
            <dst id="LOSAng">32651.4373333333</dst>
            <dst id="NYCMng">355.072</dst>
            <dst id="SNVAng">5545.352</dst>
            <dst id="STTLng">25518.432</dst>
            <dst id="WASHng">26.6666666666667</dst>
        </src>
        <src id="STTLng">
            <dst id="ATLA-M5">0</dst>
            <dst id="ATLAng">6143.568</dst>
            <dst id="CHINng">22902.0106666667</dst>
            <dst id="DNVRng">1837.11466666667</dst>
            <dst id="HSTNng">829.797333333333</dst>
            <dst id="IPLSng">4996.06666666667</dst>
            <dst id="KSCYng">1655.336</dst>
            <dst id="LOSAng">15269.9333333333</dst>
            <dst id="NYCMng">15576.44</dst>
            <dst id="SNVAng">1886.232</dst>
            <dst id="STTLng">2210.97333333333</dst>
            <dst id="WASHng">5246.19466666667</dst>
        </src>
        <src id="WASHng">
            <dst id="ATLA-M5">43.464</dst>
            <dst id="ATLAng">62195.6586666667</dst>
            <dst id="CHINng">34609.7226666667</dst>
            <dst id="DNVRng">37696.8506666667</dst>
            <dst id="HSTNng">15291.9333333333</dst>
            <dst id="IPLSng">39861.56</dst>
            <dst id="KSCYng">4501.41866666667</dst>
            <dst id="LOSAng">83072.3333333333</dst>
            <dst id="NYCMng">181139.389333333</dst>
            <dst id="SNVAng">4969.55466666667</dst>
            <dst id="STTLng">24116.1146666667</dst>
            <dst id="WASHng">295719.973333333</dst>
        </src>
    </IntraTM>
</TrafficMatrixFile>
