<?xml version="1.0" encoding="ISO-8859-1" standalone="yes"?>
<TrafficMatrixFile xsi:noNamespaceSchemaLocation="http://totem.run.montefiore.ulg.ac.be/Schema/TrafficMatrix-v1_2.xsd" xmlns:xsi="http://www.w3.org/2001/XMLSchema-instance">
    <IntraTM ASID="11537">
        <src id="ATLA-M5">
            <dst id="ATLA-M5">0</dst>
            <dst id="ATLAng">106.666666666667</dst>
            <dst id="CHINng">157.186666666667</dst>
            <dst id="DNVRng">0</dst>
            <dst id="HSTNng">85.5786666666666</dst>
            <dst id="IPLSng">86.8586666666667</dst>
            <dst id="KSCYng">26.6666666666667</dst>
            <dst id="LOSAng">335.872</dst>
            <dst id="NYCMng">26.6666666666667</dst>
            <dst id="SNVAng">26.6666666666667</dst>
            <dst id="STTLng">87.6506666666667</dst>
            <dst id="WASHng">482.594666666667</dst>
        </src>
        <src id="ATLAng">
            <dst id="ATLA-M5">352.685333333333</dst>
            <dst id="ATLAng">29243.7173333333</dst>
            <dst id="CHINng">5846.53866666666</dst>
            <dst id="DNVRng">1714.88266666667</dst>
            <dst id="HSTNng">1846.352</dst>
            <dst id="IPLSng">32342.192</dst>
            <dst id="KSCYng">467.122666666667</dst>
            <dst id="LOSAng">10174.7213333333</dst>
            <dst id="NYCMng">4895.09333333333</dst>
            <dst id="SNVAng">808.590666666667</dst>
            <dst id="STTLng">7479.17333333333</dst>
            <dst id="WASHng">24083.7226666667</dst>
        </src>
        <src id="CHINng">
            <dst id="ATLA-M5">395.626666666667</dst>
            <dst id="ATLAng">9205.85333333333</dst>
            <dst id="CHINng">37849.2106666667</dst>
            <dst id="DNVRng">20761.7333333333</dst>
            <dst id="HSTNng">7244.50666666667</dst>
            <dst id="IPLSng">68877.7626666667</dst>
            <dst id="KSCYng">5653.688</dst>
            <dst id="LOSAng">40886.9973333333</dst>
            <dst id="NYCMng">6954.848</dst>
            <dst id="SNVAng">1448.59466666667</dst>
            <dst id="STTLng">5367.44533333333</dst>
            <dst id="WASHng">33038.4986666667</dst>
        </src>
        <src id="DNVRng">
            <dst id="ATLA-M5">260.213333333333</dst>
            <dst id="ATLAng">2686.86133333333</dst>
            <dst id="CHINng">57957.8906666667</dst>
            <dst id="DNVRng">4719.008</dst>
            <dst id="HSTNng">13110.408</dst>
            <dst id="IPLSng">38656.1226666667</dst>
            <dst id="KSCYng">15599.8586666667</dst>
            <dst id="LOSAng">12448.56</dst>
            <dst id="NYCMng">10638.0293333333</dst>
            <dst id="SNVAng">10731.0613333333</dst>
            <dst id="STTLng">17942.0426666667</dst>
            <dst id="WASHng">34008.8026666667</dst>
        </src>
        <src id="HSTNng">
            <dst id="ATLA-M5">3249.78666666667</dst>
            <dst id="ATLAng">13937.72</dst>
            <dst id="CHINng">4487.54933333333</dst>
            <dst id="DNVRng">1331.57066666667</dst>
            <dst id="HSTNng">13331.1893333333</dst>
            <dst id="IPLSng">1332.76533333333</dst>
            <dst id="KSCYng">3561.224</dst>
            <dst id="LOSAng">5634.77066666667</dst>
            <dst id="NYCMng">2269.17066666667</dst>
            <dst id="SNVAng">0</dst>
            <dst id="STTLng">3397.496</dst>
            <dst id="WASHng">9757.656</dst>
        </src>
        <src id="IPLSng">
            <dst id="ATLA-M5">0</dst>
            <dst id="ATLAng">17407.944</dst>
            <dst id="CHINng">38112.912</dst>
            <dst id="DNVRng">15658.9733333333</dst>
            <dst id="HSTNng">1718.768</dst>
            <dst id="IPLSng">12138.08</dst>
            <dst id="KSCYng">2373.05066666667</dst>
            <dst id="LOSAng">24651.0186666667</dst>
            <dst id="NYCMng">44874.5893333333</dst>
            <dst id="SNVAng">775.48</dst>
            <dst id="STTLng">11457.7813333333</dst>
            <dst id="WASHng">19379.032</dst>
        </src>
        <src id="KSCYng">
            <dst id="ATLA-M5">954.730666666666</dst>
            <dst id="ATLAng">3494.85333333333</dst>
            <dst id="CHINng">9135.288</dst>
            <dst id="DNVRng">15472.456</dst>
            <dst id="HSTNng">11146.768</dst>
            <dst id="IPLSng">11933.8613333333</dst>
            <dst id="KSCYng">3868.33333333333</dst>
            <dst id="LOSAng">7182.66933333334</dst>
            <dst id="NYCMng">2484.264</dst>
            <dst id="SNVAng">3610.048</dst>
            <dst id="STTLng">3518.664</dst>
            <dst id="WASHng">7846.192</dst>
        </src>
        <src id="LOSAng">
            <dst id="ATLA-M5">114.754666666667</dst>
            <dst id="ATLAng">23909.6426666667</dst>
            <dst id="CHINng">68046.784</dst>
            <dst id="DNVRng">22681.7866666667</dst>
            <dst id="HSTNng">14681.28</dst>
            <dst id="IPLSng">25778.3706666667</dst>
            <dst id="KSCYng">6267.21333333333</dst>
            <dst id="LOSAng">22815.4586666667</dst>
            <dst id="NYCMng">43608.6266666667</dst>
            <dst id="SNVAng">12521.264</dst>
            <dst id="STTLng">29742.288</dst>
            <dst id="WASHng">94555.7973333333</dst>
        </src>
        <src id="NYCMng">
            <dst id="ATLA-M5">597.498666666667</dst>
            <dst id="ATLAng">17933.1386666667</dst>
            <dst id="CHINng">11762.5733333333</dst>
            <dst id="DNVRng">24259.3893333333</dst>
            <dst id="HSTNng">20798.3146666667</dst>
            <dst id="IPLSng">14322.1653333333</dst>
            <dst id="KSCYng">4831.47733333333</dst>
            <dst id="LOSAng">82954.792</dst>
            <dst id="NYCMng">58708.5173333333</dst>
            <dst id="SNVAng">1606.74666666667</dst>
            <dst id="STTLng">18724.096</dst>
            <dst id="WASHng">25826.9813333333</dst>
        </src>
        <src id="SNVAng">
            <dst id="ATLA-M5">0</dst>
            <dst id="ATLAng">638.026666666667</dst>
            <dst id="CHINng">162.829333333333</dst>
            <dst id="DNVRng">5377.29066666667</dst>
            <dst id="HSTNng">33.536</dst>
            <dst id="IPLSng">9128.89066666667</dst>
            <dst id="KSCYng">0</dst>
            <dst id="LOSAng">36468.768</dst>
            <dst id="NYCMng">436.018666666667</dst>
            <dst id="SNVAng">6541.98933333333</dst>
            <dst id="STTLng">30514.5333333333</dst>
            <dst id="WASHng">0</dst>
        </src>
        <src id="STTLng">
            <dst id="ATLA-M5">301.08</dst>
            <dst id="ATLAng">8197.24266666667</dst>
            <dst id="CHINng">13291.3066666667</dst>
            <dst id="DNVRng">2903.616</dst>
            <dst id="HSTNng">5419.49066666667</dst>
            <dst id="IPLSng">11868.3253333333</dst>
            <dst id="KSCYng">4434.568</dst>
            <dst id="LOSAng">20604.8933333333</dst>
            <dst id="NYCMng">8954.54666666667</dst>
            <dst id="SNVAng">9601.62666666667</dst>
            <dst id="STTLng">3262.18133333333</dst>
            <dst id="WASHng">6451.15466666667</dst>
        </src>
        <src id="WASHng">
            <dst id="ATLA-M5">1224.04533333333</dst>
            <dst id="ATLAng">91280.256</dst>
            <dst id="CHINng">49514.144</dst>
            <dst id="DNVRng">68815.2346666667</dst>
            <dst id="HSTNng">8961.70666666667</dst>
            <dst id="IPLSng">51838.6853333333</dst>
            <dst id="KSCYng">11143.9706666667</dst>
            <dst id="LOSAng">72994.9973333333</dst>
            <dst id="NYCMng">117663.104</dst>
            <dst id="SNVAng">4927.87733333333</dst>
            <dst id="STTLng">37521.4026666667</dst>
            <dst id="WASHng">276775.573333333</dst>
        </src>
    </IntraTM>
</TrafficMatrixFile>
