<?xml version="1.0" encoding="ISO-8859-1" standalone="yes"?>
<TrafficMatrixFile xsi:noNamespaceSchemaLocation="http://totem.run.montefiore.ulg.ac.be/Schema/TrafficMatrix-v1_2.xsd" xmlns:xsi="http://www.w3.org/2001/XMLSchema-instance">
    <IntraTM ASID="11537">
        <src id="ATLA-M5">
            <dst id="ATLA-M5">155.738666666667</dst>
            <dst id="ATLAng">182.570666666667</dst>
            <dst id="CHINng">555.794666666667</dst>
            <dst id="DNVRng">157.754666666667</dst>
            <dst id="HSTNng">133.288</dst>
            <dst id="IPLSng">274.362666666667</dst>
            <dst id="KSCYng">376.52</dst>
            <dst id="LOSAng">593.768</dst>
            <dst id="NYCMng">83.8666666666667</dst>
            <dst id="SNVAng">26.6666666666667</dst>
            <dst id="STTLng">168.466666666667</dst>
            <dst id="WASHng">2169.76533333333</dst>
        </src>
        <src id="ATLAng">
            <dst id="ATLA-M5">2848.01066666667</dst>
            <dst id="ATLAng">30399.52</dst>
            <dst id="CHINng">21369.5146666667</dst>
            <dst id="DNVRng">14998.1493333333</dst>
            <dst id="HSTNng">13372.3333333333</dst>
            <dst id="IPLSng">27350.9253333333</dst>
            <dst id="KSCYng">2019.12</dst>
            <dst id="LOSAng">8869.85733333334</dst>
            <dst id="NYCMng">9996.728</dst>
            <dst id="SNVAng">1931.15066666667</dst>
            <dst id="STTLng">9143.66933333333</dst>
            <dst id="WASHng">43808.6666666667</dst>
        </src>
        <src id="CHINng">
            <dst id="ATLA-M5">380.677333333333</dst>
            <dst id="ATLAng">20346.9813333333</dst>
            <dst id="CHINng">64407.944</dst>
            <dst id="DNVRng">10042.4133333333</dst>
            <dst id="HSTNng">10606.9653333333</dst>
            <dst id="IPLSng">49225.2026666667</dst>
            <dst id="KSCYng">16974.0906666667</dst>
            <dst id="LOSAng">55370.9786666667</dst>
            <dst id="NYCMng">13126.5733333333</dst>
            <dst id="SNVAng">1799.04266666667</dst>
            <dst id="STTLng">10589.7093333333</dst>
            <dst id="WASHng">23292.9173333333</dst>
        </src>
        <src id="DNVRng">
            <dst id="ATLA-M5">337.394666666667</dst>
            <dst id="ATLAng">6927.69333333333</dst>
            <dst id="CHINng">58399.8586666667</dst>
            <dst id="DNVRng">16400.432</dst>
            <dst id="HSTNng">27636.576</dst>
            <dst id="IPLSng">41576.928</dst>
            <dst id="KSCYng">32765.72</dst>
            <dst id="LOSAng">18282.728</dst>
            <dst id="NYCMng">18078.2426666667</dst>
            <dst id="SNVAng">28307.6533333333</dst>
            <dst id="STTLng">12829.088</dst>
            <dst id="WASHng">40332.048</dst>
        </src>
        <src id="HSTNng">
            <dst id="ATLA-M5">2768.10933333333</dst>
            <dst id="ATLAng">10308.6186666667</dst>
            <dst id="CHINng">14412.3306666667</dst>
            <dst id="DNVRng">2350.81866666667</dst>
            <dst id="HSTNng">12598.664</dst>
            <dst id="IPLSng">5209.71733333333</dst>
            <dst id="KSCYng">2644.40266666667</dst>
            <dst id="LOSAng">11612.3253333333</dst>
            <dst id="NYCMng">5439.99466666667</dst>
            <dst id="SNVAng">802.346666666667</dst>
            <dst id="STTLng">6947.34133333333</dst>
            <dst id="WASHng">4598.62933333333</dst>
        </src>
        <src id="IPLSng">
            <dst id="ATLA-M5">273.965333333333</dst>
            <dst id="ATLAng">21429.1173333333</dst>
            <dst id="CHINng">81713.3306666667</dst>
            <dst id="DNVRng">7675.07733333333</dst>
            <dst id="HSTNng">3715.664</dst>
            <dst id="IPLSng">16791.8533333333</dst>
            <dst id="KSCYng">9744.032</dst>
            <dst id="LOSAng">21756.0053333333</dst>
            <dst id="NYCMng">28411.416</dst>
            <dst id="SNVAng">943.826666666667</dst>
            <dst id="STTLng">12866.432</dst>
            <dst id="WASHng">17075.5493333333</dst>
        </src>
        <src id="KSCYng">
            <dst id="ATLA-M5">1402.49333333333</dst>
            <dst id="ATLAng">2547.976</dst>
            <dst id="CHINng">19905.8106666667</dst>
            <dst id="DNVRng">9462.552</dst>
            <dst id="HSTNng">11468.3786666667</dst>
            <dst id="IPLSng">11556.5866666667</dst>
            <dst id="KSCYng">10427.2986666667</dst>
            <dst id="LOSAng">4710.27733333333</dst>
            <dst id="NYCMng">2503.70133333333</dst>
            <dst id="SNVAng">2194.64</dst>
            <dst id="STTLng">3610.05866666667</dst>
            <dst id="WASHng">16192.4213333333</dst>
        </src>
        <src id="LOSAng">
            <dst id="ATLA-M5">134.562666666667</dst>
            <dst id="ATLAng">19966.4133333333</dst>
            <dst id="CHINng">131342.48</dst>
            <dst id="DNVRng">22385.24</dst>
            <dst id="HSTNng">12158.0053333333</dst>
            <dst id="IPLSng">32493.3813333333</dst>
            <dst id="KSCYng">11470.8293333333</dst>
            <dst id="LOSAng">16143.4</dst>
            <dst id="NYCMng">44817.752</dst>
            <dst id="SNVAng">11777.0133333333</dst>
            <dst id="STTLng">28177.7066666667</dst>
            <dst id="WASHng">31007.68</dst>
        </src>
        <src id="NYCMng">
            <dst id="ATLA-M5">666.285333333333</dst>
            <dst id="ATLAng">31850.3946666667</dst>
            <dst id="CHINng">17061.2026666667</dst>
            <dst id="DNVRng">31311.6213333333</dst>
            <dst id="HSTNng">17814.456</dst>
            <dst id="IPLSng">46327.2746666667</dst>
            <dst id="KSCYng">12866.7946666667</dst>
            <dst id="LOSAng">89297.0346666667</dst>
            <dst id="NYCMng">142391.330666667</dst>
            <dst id="SNVAng">5049.10933333333</dst>
            <dst id="STTLng">24253.7653333333</dst>
            <dst id="WASHng">87893.9946666667</dst>
        </src>
        <src id="SNVAng">
            <dst id="ATLA-M5">0</dst>
            <dst id="ATLAng">80</dst>
            <dst id="CHINng">438.666666666667</dst>
            <dst id="DNVRng">11766.936</dst>
            <dst id="HSTNng">89.8133333333333</dst>
            <dst id="IPLSng">344.704</dst>
            <dst id="KSCYng">80.608</dst>
            <dst id="LOSAng">30768.4693333333</dst>
            <dst id="NYCMng">377.826666666667</dst>
            <dst id="SNVAng">6497.664</dst>
            <dst id="STTLng">30231.552</dst>
            <dst id="WASHng">409.349333333333</dst>
        </src>
        <src id="STTLng">
            <dst id="ATLA-M5">174.381333333333</dst>
            <dst id="ATLAng">12234.0853333333</dst>
            <dst id="CHINng">27640.2933333333</dst>
            <dst id="DNVRng">5404.336</dst>
            <dst id="HSTNng">2444.71733333333</dst>
            <dst id="IPLSng">10778.0906666667</dst>
            <dst id="KSCYng">9640.57333333333</dst>
            <dst id="LOSAng">18228.928</dst>
            <dst id="NYCMng">13625.5973333333</dst>
            <dst id="SNVAng">14637.384</dst>
            <dst id="STTLng">8323.45866666667</dst>
            <dst id="WASHng">19090.8133333333</dst>
        </src>
        <src id="WASHng">
            <dst id="ATLA-M5">318.141333333333</dst>
            <dst id="ATLAng">135424.288</dst>
            <dst id="CHINng">73248.5546666666</dst>
            <dst id="DNVRng">88177.8213333333</dst>
            <dst id="HSTNng">23980.3813333333</dst>
            <dst id="IPLSng">77087.1626666667</dst>
            <dst id="KSCYng">26238.8026666667</dst>
            <dst id="LOSAng">66404.2613333334</dst>
            <dst id="NYCMng">175315.629333333</dst>
            <dst id="SNVAng">5220.42933333334</dst>
            <dst id="STTLng">34674.0586666667</dst>
            <dst id="WASHng">276950.666666667</dst>
        </src>
    </IntraTM>
</TrafficMatrixFile>
