<?xml version="1.0" encoding="ISO-8859-1" standalone="yes"?>
<TrafficMatrixFile xsi:noNamespaceSchemaLocation="http://totem.run.montefiore.ulg.ac.be/Schema/TrafficMatrix-v1_2.xsd" xmlns:xsi="http://www.w3.org/2001/XMLSchema-instance">
    <IntraTM ASID="11537">
        <src id="ATLA-M5">
            <dst id="ATLA-M5">0</dst>
            <dst id="ATLAng">0</dst>
            <dst id="CHINng">1942.17333333333</dst>
            <dst id="DNVRng">53.3333333333333</dst>
            <dst id="HSTNng">74.112</dst>
            <dst id="IPLSng">72</dst>
            <dst id="KSCYng">0</dst>
            <dst id="LOSAng">294.416</dst>
            <dst id="NYCMng">106.666666666667</dst>
            <dst id="SNVAng">0</dst>
            <dst id="STTLng">37.216</dst>
            <dst id="WASHng">466.384</dst>
        </src>
        <src id="ATLAng">
            <dst id="ATLA-M5">26.6666666666667</dst>
            <dst id="ATLAng">56272.3386666667</dst>
            <dst id="CHINng">4681.30133333333</dst>
            <dst id="DNVRng">3602.82133333333</dst>
            <dst id="HSTNng">882.677333333333</dst>
            <dst id="IPLSng">13323.8186666667</dst>
            <dst id="KSCYng">1795.28266666667</dst>
            <dst id="LOSAng">22016.912</dst>
            <dst id="NYCMng">9128.41333333333</dst>
            <dst id="SNVAng">54.2986666666667</dst>
            <dst id="STTLng">5743.51733333333</dst>
            <dst id="WASHng">20097.1386666667</dst>
        </src>
        <src id="CHINng">
            <dst id="ATLA-M5">797.632</dst>
            <dst id="ATLAng">8777.26933333333</dst>
            <dst id="CHINng">76339.4986666666</dst>
            <dst id="DNVRng">23854.5386666667</dst>
            <dst id="HSTNng">7660.14666666667</dst>
            <dst id="IPLSng">65870.4</dst>
            <dst id="KSCYng">10145.6426666667</dst>
            <dst id="LOSAng">37860.8293333333</dst>
            <dst id="NYCMng">11024.176</dst>
            <dst id="SNVAng">2866.05866666667</dst>
            <dst id="STTLng">8350.86666666667</dst>
            <dst id="WASHng">37256.344</dst>
        </src>
        <src id="DNVRng">
            <dst id="ATLA-M5">771.608</dst>
            <dst id="ATLAng">7815.47466666667</dst>
            <dst id="CHINng">40612.312</dst>
            <dst id="DNVRng">16259.7466666667</dst>
            <dst id="HSTNng">16604.0533333333</dst>
            <dst id="IPLSng">26348.064</dst>
            <dst id="KSCYng">23607.752</dst>
            <dst id="LOSAng">28548.64</dst>
            <dst id="NYCMng">14375.7173333333</dst>
            <dst id="SNVAng">26466.2426666667</dst>
            <dst id="STTLng">10624.4373333333</dst>
            <dst id="WASHng">37991.0533333333</dst>
        </src>
        <src id="HSTNng">
            <dst id="ATLA-M5">329.589333333333</dst>
            <dst id="ATLAng">2994.17333333333</dst>
            <dst id="CHINng">10503.8826666667</dst>
            <dst id="DNVRng">1765.86933333333</dst>
            <dst id="HSTNng">11388.3546666667</dst>
            <dst id="IPLSng">5214.89866666667</dst>
            <dst id="KSCYng">1931.33866666667</dst>
            <dst id="LOSAng">6501.368</dst>
            <dst id="NYCMng">3732.264</dst>
            <dst id="SNVAng">0</dst>
            <dst id="STTLng">2103.52266666667</dst>
            <dst id="WASHng">11210.4613333333</dst>
        </src>
        <src id="IPLSng">
            <dst id="ATLA-M5">0</dst>
            <dst id="ATLAng">17529.296</dst>
            <dst id="CHINng">42613.92</dst>
            <dst id="DNVRng">21078.8</dst>
            <dst id="HSTNng">1536.52533333333</dst>
            <dst id="IPLSng">39162.088</dst>
            <dst id="KSCYng">5497.616</dst>
            <dst id="LOSAng">22170.4746666667</dst>
            <dst id="NYCMng">30021.0426666667</dst>
            <dst id="SNVAng">2315.99466666667</dst>
            <dst id="STTLng">14508.04</dst>
            <dst id="WASHng">8203.312</dst>
        </src>
        <src id="KSCYng">
            <dst id="ATLA-M5">652.477333333333</dst>
            <dst id="ATLAng">2160.70933333333</dst>
            <dst id="CHINng">9117.2</dst>
            <dst id="DNVRng">10385.8</dst>
            <dst id="HSTNng">3645.60533333333</dst>
            <dst id="IPLSng">11546.5946666667</dst>
            <dst id="KSCYng">12858.576</dst>
            <dst id="LOSAng">6675.25066666667</dst>
            <dst id="NYCMng">2544.55466666667</dst>
            <dst id="SNVAng">2432.288</dst>
            <dst id="STTLng">6974.608</dst>
            <dst id="WASHng">7530.73866666667</dst>
        </src>
        <src id="LOSAng">
            <dst id="ATLA-M5">318.917333333333</dst>
            <dst id="ATLAng">23217.6346666667</dst>
            <dst id="CHINng">51663.832</dst>
            <dst id="DNVRng">7139.60266666667</dst>
            <dst id="HSTNng">7392.05866666667</dst>
            <dst id="IPLSng">20061.328</dst>
            <dst id="KSCYng">3078.80533333333</dst>
            <dst id="LOSAng">84946.4586666667</dst>
            <dst id="NYCMng">31475.4586666667</dst>
            <dst id="SNVAng">12138.6746666667</dst>
            <dst id="STTLng">28699.88</dst>
            <dst id="WASHng">42939.4373333333</dst>
        </src>
        <src id="NYCMng">
            <dst id="ATLA-M5">272.714666666667</dst>
            <dst id="ATLAng">25936.656</dst>
            <dst id="CHINng">12421.5306666667</dst>
            <dst id="DNVRng">23942.392</dst>
            <dst id="HSTNng">14880.552</dst>
            <dst id="IPLSng">18357.4293333333</dst>
            <dst id="KSCYng">8783.784</dst>
            <dst id="LOSAng">74018.3893333333</dst>
            <dst id="NYCMng">94615.6426666667</dst>
            <dst id="SNVAng">1742.91466666667</dst>
            <dst id="STTLng">20675.0853333333</dst>
            <dst id="WASHng">58976.44</dst>
        </src>
        <src id="SNVAng">
            <dst id="ATLA-M5">0</dst>
            <dst id="ATLAng">710.634666666667</dst>
            <dst id="CHINng">53.3333333333333</dst>
            <dst id="DNVRng">20584.2506666667</dst>
            <dst id="HSTNng">1387.78666666667</dst>
            <dst id="IPLSng">3892.504</dst>
            <dst id="KSCYng">0</dst>
            <dst id="LOSAng">34882.312</dst>
            <dst id="NYCMng">274.005333333333</dst>
            <dst id="SNVAng">8611.63733333333</dst>
            <dst id="STTLng">32214.6346666667</dst>
            <dst id="WASHng">0</dst>
        </src>
        <src id="STTLng">
            <dst id="ATLA-M5">47.2533333333333</dst>
            <dst id="ATLAng">8801.59466666667</dst>
            <dst id="CHINng">10175.36</dst>
            <dst id="DNVRng">4652.31466666667</dst>
            <dst id="HSTNng">3556.77866666667</dst>
            <dst id="IPLSng">6312.728</dst>
            <dst id="KSCYng">2496.432</dst>
            <dst id="LOSAng">346146.506666667</dst>
            <dst id="NYCMng">12010.0426666667</dst>
            <dst id="SNVAng">3908.41066666667</dst>
            <dst id="STTLng">23885.3893333333</dst>
            <dst id="WASHng">8503.728</dst>
        </src>
        <src id="WASHng">
            <dst id="ATLA-M5">1873.93866666667</dst>
            <dst id="ATLAng">76996.864</dst>
            <dst id="CHINng">98403.9706666667</dst>
            <dst id="DNVRng">62017.208</dst>
            <dst id="HSTNng">31035.464</dst>
            <dst id="IPLSng">61585.016</dst>
            <dst id="KSCYng">18825.3493333333</dst>
            <dst id="LOSAng">83599.0106666667</dst>
            <dst id="NYCMng">158124.192</dst>
            <dst id="SNVAng">3163.37333333333</dst>
            <dst id="STTLng">47650.28</dst>
            <dst id="WASHng">318810.08</dst>
        </src>
    </IntraTM>
</TrafficMatrixFile>
