<?xml version="1.0" encoding="ISO-8859-1" standalone="yes"?>
<TrafficMatrixFile xsi:noNamespaceSchemaLocation="http://totem.run.montefiore.ulg.ac.be/Schema/TrafficMatrix-v1_2.xsd" xmlns:xsi="http://www.w3.org/2001/XMLSchema-instance">
    <IntraTM ASID="11537">
        <src id="ATLA-M5">
            <dst id="ATLA-M5">0</dst>
            <dst id="ATLAng">1658.98666666667</dst>
            <dst id="CHINng">1535.528</dst>
            <dst id="DNVRng">83.792</dst>
            <dst id="HSTNng">133.013333333333</dst>
            <dst id="IPLSng">0</dst>
            <dst id="KSCYng">0</dst>
            <dst id="LOSAng">716.962666666667</dst>
            <dst id="NYCMng">70.8666666666667</dst>
            <dst id="SNVAng">0</dst>
            <dst id="STTLng">1258.98133333333</dst>
            <dst id="WASHng">1118.63733333333</dst>
        </src>
        <src id="ATLAng">
            <dst id="ATLA-M5">227.672</dst>
            <dst id="ATLAng">11205.8826666667</dst>
            <dst id="CHINng">6082.76266666667</dst>
            <dst id="DNVRng">1180.07733333333</dst>
            <dst id="HSTNng">2942.016</dst>
            <dst id="IPLSng">23137.8293333333</dst>
            <dst id="KSCYng">1573.936</dst>
            <dst id="LOSAng">6816.78</dst>
            <dst id="NYCMng">5277.63466666667</dst>
            <dst id="SNVAng">219.366666666667</dst>
            <dst id="STTLng">9366.096</dst>
            <dst id="WASHng">21680.5893333333</dst>
        </src>
        <src id="CHINng">
            <dst id="ATLA-M5">127.714666666667</dst>
            <dst id="ATLAng">17771.6853333333</dst>
            <dst id="CHINng">47601.7813333333</dst>
            <dst id="DNVRng">19947.056</dst>
            <dst id="HSTNng">11637.7573333333</dst>
            <dst id="IPLSng">30225.7573333333</dst>
            <dst id="KSCYng">8689.51466666667</dst>
            <dst id="LOSAng">40862.1386666667</dst>
            <dst id="NYCMng">12845.4773333333</dst>
            <dst id="SNVAng">1267.42933333333</dst>
            <dst id="STTLng">11822.3306666667</dst>
            <dst id="WASHng">32993.6346666667</dst>
        </src>
        <src id="DNVRng">
            <dst id="ATLA-M5">519.016</dst>
            <dst id="ATLAng">4226.55466666667</dst>
            <dst id="CHINng">48512.5173333333</dst>
            <dst id="DNVRng">11020.024</dst>
            <dst id="HSTNng">19131.8106666667</dst>
            <dst id="IPLSng">34687.7946666667</dst>
            <dst id="KSCYng">37436.328</dst>
            <dst id="LOSAng">19176.5226666667</dst>
            <dst id="NYCMng">16163.84</dst>
            <dst id="SNVAng">14898.9893333333</dst>
            <dst id="STTLng">21916.752</dst>
            <dst id="WASHng">36523.5893333333</dst>
        </src>
        <src id="HSTNng">
            <dst id="ATLA-M5">3721.74133333333</dst>
            <dst id="ATLAng">7486.136</dst>
            <dst id="CHINng">6406.09866666667</dst>
            <dst id="DNVRng">910.52</dst>
            <dst id="HSTNng">16016.432</dst>
            <dst id="IPLSng">1177.75733333333</dst>
            <dst id="KSCYng">911.504</dst>
            <dst id="LOSAng">8210.68533333333</dst>
            <dst id="NYCMng">3118.63733333333</dst>
            <dst id="SNVAng">0</dst>
            <dst id="STTLng">4423.38933333333</dst>
            <dst id="WASHng">3973.28</dst>
        </src>
        <src id="IPLSng">
            <dst id="ATLA-M5">55.648</dst>
            <dst id="ATLAng">21970.408</dst>
            <dst id="CHINng">72542.3253333333</dst>
            <dst id="DNVRng">7247.74666666667</dst>
            <dst id="HSTNng">850.074666666667</dst>
            <dst id="IPLSng">16178.0026666667</dst>
            <dst id="KSCYng">11785.2</dst>
            <dst id="LOSAng">24989.3146666667</dst>
            <dst id="NYCMng">29476.0213333333</dst>
            <dst id="SNVAng">918.114666666667</dst>
            <dst id="STTLng">11301.0506666667</dst>
            <dst id="WASHng">8723.44266666667</dst>
        </src>
        <src id="KSCYng">
            <dst id="ATLA-M5">488.762666666667</dst>
            <dst id="ATLAng">2474.76</dst>
            <dst id="CHINng">10700.0053333333</dst>
            <dst id="DNVRng">9196.59466666667</dst>
            <dst id="HSTNng">12287.3573333333</dst>
            <dst id="IPLSng">15429.0026666667</dst>
            <dst id="KSCYng">11646.384</dst>
            <dst id="LOSAng">7544.45333333333</dst>
            <dst id="NYCMng">4541.10666666667</dst>
            <dst id="SNVAng">2941.06933333333</dst>
            <dst id="STTLng">5666.43733333333</dst>
            <dst id="WASHng">10539.8613333333</dst>
        </src>
        <src id="LOSAng">
            <dst id="ATLA-M5">377.842666666667</dst>
            <dst id="ATLAng">19332.8613333333</dst>
            <dst id="CHINng">64229.1413333333</dst>
            <dst id="DNVRng">34616.056</dst>
            <dst id="HSTNng">10190.008</dst>
            <dst id="IPLSng">24740.8133333333</dst>
            <dst id="KSCYng">3356.512</dst>
            <dst id="LOSAng">21756.8293333333</dst>
            <dst id="NYCMng">42265.9626666667</dst>
            <dst id="SNVAng">14608.4506666667</dst>
            <dst id="STTLng">23199.904</dst>
            <dst id="WASHng">24631.7466666667</dst>
        </src>
        <src id="NYCMng">
            <dst id="ATLA-M5">338.298666666667</dst>
            <dst id="ATLAng">15918.3573333333</dst>
            <dst id="CHINng">30640.3013333333</dst>
            <dst id="DNVRng">27241.6133333333</dst>
            <dst id="HSTNng">9081.23733333333</dst>
            <dst id="IPLSng">24226.736</dst>
            <dst id="KSCYng">20746.336</dst>
            <dst id="LOSAng">76556.0213333334</dst>
            <dst id="NYCMng">66926.056</dst>
            <dst id="SNVAng">2310.81866666667</dst>
            <dst id="STTLng">22119.1973333333</dst>
            <dst id="WASHng">53649.752</dst>
        </src>
        <src id="SNVAng">
            <dst id="ATLA-M5">0</dst>
            <dst id="ATLAng">424.106666666667</dst>
            <dst id="CHINng">53.3333333333333</dst>
            <dst id="DNVRng">3542.84533333333</dst>
            <dst id="HSTNng">74.2506666666667</dst>
            <dst id="IPLSng">525.322666666667</dst>
            <dst id="KSCYng">26.6666666666667</dst>
            <dst id="LOSAng">30832.344</dst>
            <dst id="NYCMng">321.770666666667</dst>
            <dst id="SNVAng">4635.61333333333</dst>
            <dst id="STTLng">27580.6133333333</dst>
            <dst id="WASHng">0</dst>
        </src>
        <src id="STTLng">
            <dst id="ATLA-M5">84.3866666666667</dst>
            <dst id="ATLAng">10110.2426666667</dst>
            <dst id="CHINng">15065.3173333333</dst>
            <dst id="DNVRng">2059.88533333333</dst>
            <dst id="HSTNng">10321.5653333333</dst>
            <dst id="IPLSng">8767.39466666667</dst>
            <dst id="KSCYng">2174.51466666667</dst>
            <dst id="LOSAng">18896.264</dst>
            <dst id="NYCMng">11363.8</dst>
            <dst id="SNVAng">8085.52</dst>
            <dst id="STTLng">4193.064</dst>
            <dst id="WASHng">12542.4266666667</dst>
        </src>
        <src id="WASHng">
            <dst id="ATLA-M5">160.562666666667</dst>
            <dst id="ATLAng">88396.6773333333</dst>
            <dst id="CHINng">46542.2853333333</dst>
            <dst id="DNVRng">85768.4053333333</dst>
            <dst id="HSTNng">15349.3653333333</dst>
            <dst id="IPLSng">55346.5413333333</dst>
            <dst id="KSCYng">6256.41333333333</dst>
            <dst id="LOSAng">66163.1333333333</dst>
            <dst id="NYCMng">173612.256</dst>
            <dst id="SNVAng">4837.03466666667</dst>
            <dst id="STTLng">41422.7946666667</dst>
            <dst id="WASHng">211693.149333333</dst>
        </src>
    </IntraTM>
</TrafficMatrixFile>
