<?xml version="1.0" encoding="ISO-8859-1" standalone="yes"?>
<TrafficMatrixFile xsi:noNamespaceSchemaLocation="http://totem.run.montefiore.ulg.ac.be/Schema/TrafficMatrix-v1_2.xsd" xmlns:xsi="http://www.w3.org/2001/XMLSchema-instance">
    <IntraTM ASID="11537">
        <src id="ATLA-M5">
            <dst id="ATLA-M5">0</dst>
            <dst id="ATLAng">0</dst>
            <dst id="CHINng">339.218666666667</dst>
            <dst id="DNVRng">0</dst>
            <dst id="HSTNng">77.904</dst>
            <dst id="IPLSng">0</dst>
            <dst id="KSCYng">0</dst>
            <dst id="LOSAng">335.762666666667</dst>
            <dst id="NYCMng">0</dst>
            <dst id="SNVAng">0</dst>
            <dst id="STTLng">26.6666666666667</dst>
            <dst id="WASHng">653.258666666667</dst>
        </src>
        <src id="ATLAng">
            <dst id="ATLA-M5">208.525333333333</dst>
            <dst id="ATLAng">3742.97866666667</dst>
            <dst id="CHINng">3993.56</dst>
            <dst id="DNVRng">3803.56533333333</dst>
            <dst id="HSTNng">359.48</dst>
            <dst id="IPLSng">24536.224</dst>
            <dst id="KSCYng">1756.13866666667</dst>
            <dst id="LOSAng">5868.48</dst>
            <dst id="NYCMng">4092.672</dst>
            <dst id="SNVAng">148.421333333333</dst>
            <dst id="STTLng">10540.552</dst>
            <dst id="WASHng">33376.2746666667</dst>
        </src>
        <src id="CHINng">
            <dst id="ATLA-M5">112.706666666667</dst>
            <dst id="ATLAng">4642.704</dst>
            <dst id="CHINng">50150.7813333333</dst>
            <dst id="DNVRng">11405.2133333333</dst>
            <dst id="HSTNng">3770.26133333333</dst>
            <dst id="IPLSng">54307.1173333333</dst>
            <dst id="KSCYng">15690.984</dst>
            <dst id="LOSAng">32965.888</dst>
            <dst id="NYCMng">9215.24266666667</dst>
            <dst id="SNVAng">2083.11733333333</dst>
            <dst id="STTLng">4380.21066666667</dst>
            <dst id="WASHng">15128.2613333333</dst>
        </src>
        <src id="DNVRng">
            <dst id="ATLA-M5">129.834666666667</dst>
            <dst id="ATLAng">1844.95733333333</dst>
            <dst id="CHINng">55804.872</dst>
            <dst id="DNVRng">10161.4453333333</dst>
            <dst id="HSTNng">12886.6186666667</dst>
            <dst id="IPLSng">35556.9333333333</dst>
            <dst id="KSCYng">25126.064</dst>
            <dst id="LOSAng">7000.24266666667</dst>
            <dst id="NYCMng">15439.3706666667</dst>
            <dst id="SNVAng">13621.3333333333</dst>
            <dst id="STTLng">8704.17333333333</dst>
            <dst id="WASHng">35762.9733333333</dst>
        </src>
        <src id="HSTNng">
            <dst id="ATLA-M5">3126.85333333333</dst>
            <dst id="ATLAng">1269.488</dst>
            <dst id="CHINng">16151.992</dst>
            <dst id="DNVRng">505.885333333333</dst>
            <dst id="HSTNng">15623.904</dst>
            <dst id="IPLSng">403.082666666667</dst>
            <dst id="KSCYng">560.792</dst>
            <dst id="LOSAng">5202.94133333333</dst>
            <dst id="NYCMng">1058.424</dst>
            <dst id="SNVAng">0</dst>
            <dst id="STTLng">1036.04</dst>
            <dst id="WASHng">1861.67733333333</dst>
        </src>
        <src id="IPLSng">
            <dst id="ATLA-M5">26.6666666666667</dst>
            <dst id="ATLAng">11892.0186666667</dst>
            <dst id="CHINng">75567.4053333334</dst>
            <dst id="DNVRng">11461.392</dst>
            <dst id="HSTNng">566.224</dst>
            <dst id="IPLSng">12558.2693333333</dst>
            <dst id="KSCYng">2462.78933333333</dst>
            <dst id="LOSAng">14456.5866666667</dst>
            <dst id="NYCMng">17042.5946666667</dst>
            <dst id="SNVAng">452.376</dst>
            <dst id="STTLng">8913.256</dst>
            <dst id="WASHng">6588.75733333333</dst>
        </src>
        <src id="KSCYng">
            <dst id="ATLA-M5">0</dst>
            <dst id="ATLAng">3213.62133333333</dst>
            <dst id="CHINng">12909.9306666667</dst>
            <dst id="DNVRng">12611.096</dst>
            <dst id="HSTNng">2462.73866666667</dst>
            <dst id="IPLSng">10325.7626666667</dst>
            <dst id="KSCYng">6175.13866666667</dst>
            <dst id="LOSAng">4640.544</dst>
            <dst id="NYCMng">5292.616</dst>
            <dst id="SNVAng">2010.76266666667</dst>
            <dst id="STTLng">2810.176</dst>
            <dst id="WASHng">5584.66133333333</dst>
        </src>
        <src id="LOSAng">
            <dst id="ATLA-M5">444.821333333333</dst>
            <dst id="ATLAng">7779.112</dst>
            <dst id="CHINng">120116.144</dst>
            <dst id="DNVRng">27276.6453333333</dst>
            <dst id="HSTNng">4168.55733333333</dst>
            <dst id="IPLSng">10949.5333333333</dst>
            <dst id="KSCYng">2673.66133333333</dst>
            <dst id="LOSAng">11026.04</dst>
            <dst id="NYCMng">35318.5306666667</dst>
            <dst id="SNVAng">11032.9386666667</dst>
            <dst id="STTLng">32199.2426666667</dst>
            <dst id="WASHng">13688.6613333333</dst>
        </src>
        <src id="NYCMng">
            <dst id="ATLA-M5">1067.12266666667</dst>
            <dst id="ATLAng">19317.7813333333</dst>
            <dst id="CHINng">13099.6266666667</dst>
            <dst id="DNVRng">24661.56</dst>
            <dst id="HSTNng">2199.43733333333</dst>
            <dst id="IPLSng">17890.704</dst>
            <dst id="KSCYng">4469.432</dst>
            <dst id="LOSAng">73867.616</dst>
            <dst id="NYCMng">83170.6053333333</dst>
            <dst id="SNVAng">804.365333333333</dst>
            <dst id="STTLng">20460.4133333333</dst>
            <dst id="WASHng">56274.4346666667</dst>
        </src>
        <src id="SNVAng">
            <dst id="ATLA-M5">0</dst>
            <dst id="ATLAng">26.6666666666667</dst>
            <dst id="CHINng">53.3333333333333</dst>
            <dst id="DNVRng">5014.53066666667</dst>
            <dst id="HSTNng">42.2613333333333</dst>
            <dst id="IPLSng">162.08</dst>
            <dst id="KSCYng">26.6666666666667</dst>
            <dst id="LOSAng">29728.3306666667</dst>
            <dst id="NYCMng">272.490666666667</dst>
            <dst id="SNVAng">5805.68</dst>
            <dst id="STTLng">27025.9093333333</dst>
            <dst id="WASHng">53.3333333333333</dst>
        </src>
        <src id="STTLng">
            <dst id="ATLA-M5">0</dst>
            <dst id="ATLAng">6670.568</dst>
            <dst id="CHINng">21796.264</dst>
            <dst id="DNVRng">1271.59733333333</dst>
            <dst id="HSTNng">1449.11733333333</dst>
            <dst id="IPLSng">4691.16533333333</dst>
            <dst id="KSCYng">895.989333333333</dst>
            <dst id="LOSAng">12617.9146666667</dst>
            <dst id="NYCMng">12078.728</dst>
            <dst id="SNVAng">1560.872</dst>
            <dst id="STTLng">4124.41333333333</dst>
            <dst id="WASHng">6460.08266666667</dst>
        </src>
        <src id="WASHng">
            <dst id="ATLA-M5">130.002666666667</dst>
            <dst id="ATLAng">70405.3466666667</dst>
            <dst id="CHINng">35184.536</dst>
            <dst id="DNVRng">70731.8693333333</dst>
            <dst id="HSTNng">22471.4373333333</dst>
            <dst id="IPLSng">39857.8586666667</dst>
            <dst id="KSCYng">4228.744</dst>
            <dst id="LOSAng">69459.4853333333</dst>
            <dst id="NYCMng">121245.832</dst>
            <dst id="SNVAng">10824.744</dst>
            <dst id="STTLng">27093.8453333333</dst>
            <dst id="WASHng">299648.773333333</dst>
        </src>
    </IntraTM>
</TrafficMatrixFile>
