<?xml version="1.0" encoding="ISO-8859-1" standalone="yes"?>
<TrafficMatrixFile xsi:noNamespaceSchemaLocation="http://totem.run.montefiore.ulg.ac.be/Schema/TrafficMatrix-v1_2.xsd" xmlns:xsi="http://www.w3.org/2001/XMLSchema-instance">
    <IntraTM ASID="11537">
        <src id="ATLA-M5">
            <dst id="ATLA-M5">79.128</dst>
            <dst id="ATLAng">80</dst>
            <dst id="CHINng">221.509333333333</dst>
            <dst id="DNVRng">81.008</dst>
            <dst id="HSTNng">65.7466666666667</dst>
            <dst id="IPLSng">504.416</dst>
            <dst id="KSCYng">5559.13866666667</dst>
            <dst id="LOSAng">138.165333333333</dst>
            <dst id="NYCMng">80.2293333333333</dst>
            <dst id="SNVAng">13.3333333333333</dst>
            <dst id="STTLng">0</dst>
            <dst id="WASHng">1073.44</dst>
        </src>
        <src id="ATLAng">
            <dst id="ATLA-M5">268.8</dst>
            <dst id="ATLAng">61412.4693333333</dst>
            <dst id="CHINng">13740.648</dst>
            <dst id="DNVRng">1952.71733333333</dst>
            <dst id="HSTNng">11755.9973333333</dst>
            <dst id="IPLSng">34373.9706666667</dst>
            <dst id="KSCYng">3108.05066666667</dst>
            <dst id="LOSAng">18484.0373333333</dst>
            <dst id="NYCMng">13166.392</dst>
            <dst id="SNVAng">1106.696</dst>
            <dst id="STTLng">8280.68266666667</dst>
            <dst id="WASHng">49113.7866666667</dst>
        </src>
        <src id="CHINng">
            <dst id="ATLA-M5">788.066666666666</dst>
            <dst id="ATLAng">37714.6346666667</dst>
            <dst id="CHINng">66844.7573333333</dst>
            <dst id="DNVRng">24767.912</dst>
            <dst id="HSTNng">24040.2293333333</dst>
            <dst id="IPLSng">36543.0133333333</dst>
            <dst id="KSCYng">16887.9786666667</dst>
            <dst id="LOSAng">57778.112</dst>
            <dst id="NYCMng">37148.0373333333</dst>
            <dst id="SNVAng">5806.09066666667</dst>
            <dst id="STTLng">10040.0746666667</dst>
            <dst id="WASHng">33797.552</dst>
        </src>
        <src id="DNVRng">
            <dst id="ATLA-M5">550.021333333333</dst>
            <dst id="ATLAng">21237.7653333333</dst>
            <dst id="CHINng">82202.784</dst>
            <dst id="DNVRng">21685.7866666667</dst>
            <dst id="HSTNng">31337.0026666667</dst>
            <dst id="IPLSng">40306.08</dst>
            <dst id="KSCYng">32869.0453333333</dst>
            <dst id="LOSAng">12682.872</dst>
            <dst id="NYCMng">22078.264</dst>
            <dst id="SNVAng">15872.192</dst>
            <dst id="STTLng">18179.424</dst>
            <dst id="WASHng">50355.16</dst>
        </src>
        <src id="HSTNng">
            <dst id="ATLA-M5">704.517333333333</dst>
            <dst id="ATLAng">13336.3546666667</dst>
            <dst id="CHINng">25843.9093333333</dst>
            <dst id="DNVRng">2299.93866666667</dst>
            <dst id="HSTNng">6292.712</dst>
            <dst id="IPLSng">6548.984</dst>
            <dst id="KSCYng">3725.94933333333</dst>
            <dst id="LOSAng">13865.944</dst>
            <dst id="NYCMng">4391.432</dst>
            <dst id="SNVAng">227.578666666667</dst>
            <dst id="STTLng">4861.288</dst>
            <dst id="WASHng">8779.56266666667</dst>
        </src>
        <src id="IPLSng">
            <dst id="ATLA-M5">182.264</dst>
            <dst id="ATLAng">37010.8106666667</dst>
            <dst id="CHINng">90404.0906666667</dst>
            <dst id="DNVRng">17474.512</dst>
            <dst id="HSTNng">5881.88533333333</dst>
            <dst id="IPLSng">30579.52</dst>
            <dst id="KSCYng">8488.42666666667</dst>
            <dst id="LOSAng">34942.952</dst>
            <dst id="NYCMng">48639.2933333333</dst>
            <dst id="SNVAng">3021.92533333333</dst>
            <dst id="STTLng">11468.0026666667</dst>
            <dst id="WASHng">26014.1493333333</dst>
        </src>
        <src id="KSCYng">
            <dst id="ATLA-M5">1118.69866666667</dst>
            <dst id="ATLAng">5005.48533333333</dst>
            <dst id="CHINng">24226.144</dst>
            <dst id="DNVRng">12855.2</dst>
            <dst id="HSTNng">6547.54666666667</dst>
            <dst id="IPLSng">26520.1706666667</dst>
            <dst id="KSCYng">11962.0586666667</dst>
            <dst id="LOSAng">7251.59733333333</dst>
            <dst id="NYCMng">4259.09866666667</dst>
            <dst id="SNVAng">3680.896</dst>
            <dst id="STTLng">14586.008</dst>
            <dst id="WASHng">15051.848</dst>
        </src>
        <src id="LOSAng">
            <dst id="ATLA-M5">542.634666666667</dst>
            <dst id="ATLAng">42605.488</dst>
            <dst id="CHINng">102995.037333333</dst>
            <dst id="DNVRng">30907.7066666667</dst>
            <dst id="HSTNng">15412.9653333333</dst>
            <dst id="IPLSng">36818.3066666667</dst>
            <dst id="KSCYng">11908.1333333333</dst>
            <dst id="LOSAng">20332.656</dst>
            <dst id="NYCMng">40479.3946666667</dst>
            <dst id="SNVAng">35166.632</dst>
            <dst id="STTLng">26018.3413333333</dst>
            <dst id="WASHng">46722.7653333333</dst>
        </src>
        <src id="NYCMng">
            <dst id="ATLA-M5">932.573333333333</dst>
            <dst id="ATLAng">47840.4853333333</dst>
            <dst id="CHINng">39421.7306666667</dst>
            <dst id="DNVRng">38773.3413333333</dst>
            <dst id="HSTNng">17472.8613333333</dst>
            <dst id="IPLSng">47954.1813333333</dst>
            <dst id="KSCYng">12447.2506666667</dst>
            <dst id="LOSAng">86697.5573333333</dst>
            <dst id="NYCMng">147948.621333333</dst>
            <dst id="SNVAng">6230.14933333333</dst>
            <dst id="STTLng">52134.0906666667</dst>
            <dst id="WASHng">112099.248</dst>
        </src>
        <src id="SNVAng">
            <dst id="ATLA-M5">0</dst>
            <dst id="ATLAng">80</dst>
            <dst id="CHINng">186.666666666667</dst>
            <dst id="DNVRng">58671.656</dst>
            <dst id="HSTNng">55.7866666666667</dst>
            <dst id="IPLSng">4557.50666666667</dst>
            <dst id="KSCYng">0</dst>
            <dst id="LOSAng">35459.688</dst>
            <dst id="NYCMng">606.504</dst>
            <dst id="SNVAng">8487.95466666667</dst>
            <dst id="STTLng">35065.224</dst>
            <dst id="WASHng">285.392</dst>
        </src>
        <src id="STTLng">
            <dst id="ATLA-M5">53.3333333333333</dst>
            <dst id="ATLAng">16475.696</dst>
            <dst id="CHINng">29377.1226666667</dst>
            <dst id="DNVRng">6643.02666666667</dst>
            <dst id="HSTNng">6741.36266666667</dst>
            <dst id="IPLSng">17196.3946666667</dst>
            <dst id="KSCYng">6026.10933333333</dst>
            <dst id="LOSAng">31182.592</dst>
            <dst id="NYCMng">21190.9413333333</dst>
            <dst id="SNVAng">7339.96</dst>
            <dst id="STTLng">9877.584</dst>
            <dst id="WASHng">20361.248</dst>
        </src>
        <src id="WASHng">
            <dst id="ATLA-M5">4591.41866666667</dst>
            <dst id="ATLAng">202149.344</dst>
            <dst id="CHINng">88822.5786666667</dst>
            <dst id="DNVRng">82876.3493333333</dst>
            <dst id="HSTNng">45619.1146666667</dst>
            <dst id="IPLSng">74273.744</dst>
            <dst id="KSCYng">30649.256</dst>
            <dst id="LOSAng">83710.24</dst>
            <dst id="NYCMng">181130.28</dst>
            <dst id="SNVAng">14668.2373333333</dst>
            <dst id="STTLng">60693.0266666667</dst>
            <dst id="WASHng">246428.845333333</dst>
        </src>
    </IntraTM>
</TrafficMatrixFile>
