<?xml version="1.0" encoding="ISO-8859-1" standalone="yes"?>
<TrafficMatrixFile xsi:noNamespaceSchemaLocation="http://totem.run.montefiore.ulg.ac.be/Schema/TrafficMatrix-v1_2.xsd" xmlns:xsi="http://www.w3.org/2001/XMLSchema-instance">
    <IntraTM ASID="11537">
        <src id="ATLA-M5">
            <dst id="ATLA-M5">86.88</dst>
            <dst id="ATLAng">245.530666666667</dst>
            <dst id="CHINng">53.3333333333333</dst>
            <dst id="DNVRng">80</dst>
            <dst id="HSTNng">118.533333333333</dst>
            <dst id="IPLSng">324.210666666667</dst>
            <dst id="KSCYng">130.661333333333</dst>
            <dst id="LOSAng">576.370666666667</dst>
            <dst id="NYCMng">26.6666666666667</dst>
            <dst id="SNVAng">29.736</dst>
            <dst id="STTLng">172.650666666667</dst>
            <dst id="WASHng">750.288</dst>
        </src>
        <src id="ATLAng">
            <dst id="ATLA-M5">316.941333333333</dst>
            <dst id="ATLAng">23746.0053333333</dst>
            <dst id="CHINng">18787.0613333333</dst>
            <dst id="DNVRng">11509.1173333333</dst>
            <dst id="HSTNng">4018.90666666667</dst>
            <dst id="IPLSng">17705.264</dst>
            <dst id="KSCYng">11222.4853333333</dst>
            <dst id="LOSAng">10339.8533333333</dst>
            <dst id="NYCMng">19877.12</dst>
            <dst id="SNVAng">1033.11733333333</dst>
            <dst id="STTLng">9213.128</dst>
            <dst id="WASHng">76501.8026666667</dst>
        </src>
        <src id="CHINng">
            <dst id="ATLA-M5">170.184</dst>
            <dst id="ATLAng">32270.2346666667</dst>
            <dst id="CHINng">74814.9653333333</dst>
            <dst id="DNVRng">7185.82133333334</dst>
            <dst id="HSTNng">11790.176</dst>
            <dst id="IPLSng">52701.9466666667</dst>
            <dst id="KSCYng">19165.352</dst>
            <dst id="LOSAng">37600.288</dst>
            <dst id="NYCMng">14743.0213333333</dst>
            <dst id="SNVAng">7944.736</dst>
            <dst id="STTLng">9822.44</dst>
            <dst id="WASHng">21928.7066666667</dst>
        </src>
        <src id="DNVRng">
            <dst id="ATLA-M5">677.125333333333</dst>
            <dst id="ATLAng">11379.7813333333</dst>
            <dst id="CHINng">62357.4346666667</dst>
            <dst id="DNVRng">20757.312</dst>
            <dst id="HSTNng">13670.1306666667</dst>
            <dst id="IPLSng">32685.448</dst>
            <dst id="KSCYng">33051.4826666667</dst>
            <dst id="LOSAng">11060.4906666667</dst>
            <dst id="NYCMng">18054.5226666667</dst>
            <dst id="SNVAng">32429.5946666667</dst>
            <dst id="STTLng">19536.2026666667</dst>
            <dst id="WASHng">47437.9626666667</dst>
        </src>
        <src id="HSTNng">
            <dst id="ATLA-M5">855.216</dst>
            <dst id="ATLAng">5482</dst>
            <dst id="CHINng">20160.5626666667</dst>
            <dst id="DNVRng">1025.69066666667</dst>
            <dst id="HSTNng">3979.00266666667</dst>
            <dst id="IPLSng">3516.86666666667</dst>
            <dst id="KSCYng">1474.39466666667</dst>
            <dst id="LOSAng">8076.29066666667</dst>
            <dst id="NYCMng">2260.15733333333</dst>
            <dst id="SNVAng">511.509333333333</dst>
            <dst id="STTLng">540.061333333333</dst>
            <dst id="WASHng">3369.84</dst>
        </src>
        <src id="IPLSng">
            <dst id="ATLA-M5">1375.26133333333</dst>
            <dst id="ATLAng">17939.8986666667</dst>
            <dst id="CHINng">85733.848</dst>
            <dst id="DNVRng">14031.768</dst>
            <dst id="HSTNng">2745.616</dst>
            <dst id="IPLSng">31044.6826666667</dst>
            <dst id="KSCYng">6061.77066666667</dst>
            <dst id="LOSAng">31443.9893333333</dst>
            <dst id="NYCMng">40090.5493333333</dst>
            <dst id="SNVAng">2312.21866666667</dst>
            <dst id="STTLng">11393.6986666667</dst>
            <dst id="WASHng">22687.6906666667</dst>
        </src>
        <src id="KSCYng">
            <dst id="ATLA-M5">2570.11466666667</dst>
            <dst id="ATLAng">15547.7546666667</dst>
            <dst id="CHINng">26482.1386666667</dst>
            <dst id="DNVRng">11170.4053333333</dst>
            <dst id="HSTNng">2929.82666666667</dst>
            <dst id="IPLSng">11198.6106666667</dst>
            <dst id="KSCYng">6305.976</dst>
            <dst id="LOSAng">8996.26933333333</dst>
            <dst id="NYCMng">6342.18133333333</dst>
            <dst id="SNVAng">2906.11733333333</dst>
            <dst id="STTLng">3103.29066666667</dst>
            <dst id="WASHng">12172.9626666667</dst>
        </src>
        <src id="LOSAng">
            <dst id="ATLA-M5">724.181333333333</dst>
            <dst id="ATLAng">28184.5013333333</dst>
            <dst id="CHINng">106020.213333333</dst>
            <dst id="DNVRng">36385.24</dst>
            <dst id="HSTNng">17311.104</dst>
            <dst id="IPLSng">47088.472</dst>
            <dst id="KSCYng">11191.736</dst>
            <dst id="LOSAng">16408.8586666667</dst>
            <dst id="NYCMng">52889.7866666667</dst>
            <dst id="SNVAng">19600.816</dst>
            <dst id="STTLng">23653.3546666667</dst>
            <dst id="WASHng">35650.912</dst>
        </src>
        <src id="NYCMng">
            <dst id="ATLA-M5">668.648</dst>
            <dst id="ATLAng">39079.8533333333</dst>
            <dst id="CHINng">19571.5013333333</dst>
            <dst id="DNVRng">47067.0773333333</dst>
            <dst id="HSTNng">17440.7493333333</dst>
            <dst id="IPLSng">43183.1173333333</dst>
            <dst id="KSCYng">13572.2373333333</dst>
            <dst id="LOSAng">82137.3866666667</dst>
            <dst id="NYCMng">116271.821333333</dst>
            <dst id="SNVAng">8236.54666666667</dst>
            <dst id="STTLng">47539.944</dst>
            <dst id="WASHng">92961.5893333333</dst>
        </src>
        <src id="SNVAng">
            <dst id="ATLA-M5">26.6666666666667</dst>
            <dst id="ATLAng">143.76</dst>
            <dst id="CHINng">104.594666666667</dst>
            <dst id="DNVRng">7547.07733333333</dst>
            <dst id="HSTNng">158.453333333333</dst>
            <dst id="IPLSng">2963.072</dst>
            <dst id="KSCYng">0</dst>
            <dst id="LOSAng">36043.624</dst>
            <dst id="NYCMng">322.997333333333</dst>
            <dst id="SNVAng">8410.22666666667</dst>
            <dst id="STTLng">28523.1733333333</dst>
            <dst id="WASHng">261.224</dst>
        </src>
        <src id="STTLng">
            <dst id="ATLA-M5">626.330666666667</dst>
            <dst id="ATLAng">14025.9466666667</dst>
            <dst id="CHINng">22840.528</dst>
            <dst id="DNVRng">6738.21066666667</dst>
            <dst id="HSTNng">3675.63466666667</dst>
            <dst id="IPLSng">12090.9066666667</dst>
            <dst id="KSCYng">4811.70133333333</dst>
            <dst id="LOSAng">40896.04</dst>
            <dst id="NYCMng">14156.6106666667</dst>
            <dst id="SNVAng">6343.544</dst>
            <dst id="STTLng">8417.416</dst>
            <dst id="WASHng">20496.128</dst>
        </src>
        <src id="WASHng">
            <dst id="ATLA-M5">5063.97066666667</dst>
            <dst id="ATLAng">114596.176</dst>
            <dst id="CHINng">110807.981333333</dst>
            <dst id="DNVRng">103483.44</dst>
            <dst id="HSTNng">23428.7546666667</dst>
            <dst id="IPLSng">81246.488</dst>
            <dst id="KSCYng">16953.5653333333</dst>
            <dst id="LOSAng">73215.4826666667</dst>
            <dst id="NYCMng">186526.117333333</dst>
            <dst id="SNVAng">14538.0613333333</dst>
            <dst id="STTLng">40400.5173333333</dst>
            <dst id="WASHng">251947.557333333</dst>
        </src>
    </IntraTM>
</TrafficMatrixFile>
