<?xml version="1.0" encoding="ISO-8859-1" standalone="yes"?>
<TrafficMatrixFile xsi:noNamespaceSchemaLocation="http://totem.run.montefiore.ulg.ac.be/Schema/TrafficMatrix-v1_2.xsd" xmlns:xsi="http://www.w3.org/2001/XMLSchema-instance">
    <IntraTM ASID="11537">
        <src id="ATLA-M5">
            <dst id="ATLA-M5">0</dst>
            <dst id="ATLAng">26.6666666666667</dst>
            <dst id="CHINng">162.6</dst>
            <dst id="DNVRng">0</dst>
            <dst id="HSTNng">132.546666666667</dst>
            <dst id="IPLSng">26.6666666666667</dst>
            <dst id="KSCYng">32.1706666666667</dst>
            <dst id="LOSAng">76.592</dst>
            <dst id="NYCMng">26.6666666666667</dst>
            <dst id="SNVAng">26.6666666666667</dst>
            <dst id="STTLng">0</dst>
            <dst id="WASHng">1484.80533333333</dst>
        </src>
        <src id="ATLAng">
            <dst id="ATLA-M5">306.717333333333</dst>
            <dst id="ATLAng">9848.36</dst>
            <dst id="CHINng">7586.82666666667</dst>
            <dst id="DNVRng">5597.84266666667</dst>
            <dst id="HSTNng">2149.95466666667</dst>
            <dst id="IPLSng">27238.504</dst>
            <dst id="KSCYng">2176.91466666667</dst>
            <dst id="LOSAng">9531.748</dst>
            <dst id="NYCMng">8407.38666666667</dst>
            <dst id="SNVAng">1185.964</dst>
            <dst id="STTLng">9414.92266666667</dst>
            <dst id="WASHng">56339.5413333333</dst>
        </src>
        <src id="CHINng">
            <dst id="ATLA-M5">609.122666666667</dst>
            <dst id="ATLAng">17024.4026666667</dst>
            <dst id="CHINng">58459.0533333333</dst>
            <dst id="DNVRng">9861.20533333334</dst>
            <dst id="HSTNng">4184.59733333333</dst>
            <dst id="IPLSng">17754.1146666667</dst>
            <dst id="KSCYng">5489.72266666667</dst>
            <dst id="LOSAng">31058.9226666667</dst>
            <dst id="NYCMng">8610.50666666667</dst>
            <dst id="SNVAng">1915.11733333333</dst>
            <dst id="STTLng">2793.06666666667</dst>
            <dst id="WASHng">28857.352</dst>
        </src>
        <src id="DNVRng">
            <dst id="ATLA-M5">173.304</dst>
            <dst id="ATLAng">4297.184</dst>
            <dst id="CHINng">65007.7546666667</dst>
            <dst id="DNVRng">5399.568</dst>
            <dst id="HSTNng">14472.4506666667</dst>
            <dst id="IPLSng">36049.184</dst>
            <dst id="KSCYng">24809.0986666667</dst>
            <dst id="LOSAng">10044.0186666667</dst>
            <dst id="NYCMng">12555.248</dst>
            <dst id="SNVAng">20178.432</dst>
            <dst id="STTLng">6661.752</dst>
            <dst id="WASHng">40799.76</dst>
        </src>
        <src id="HSTNng">
            <dst id="ATLA-M5">2744.10666666667</dst>
            <dst id="ATLAng">3437.144</dst>
            <dst id="CHINng">10235.9173333333</dst>
            <dst id="DNVRng">964.005333333333</dst>
            <dst id="HSTNng">16614.3733333333</dst>
            <dst id="IPLSng">4898.95733333333</dst>
            <dst id="KSCYng">787.562666666667</dst>
            <dst id="LOSAng">2884.232</dst>
            <dst id="NYCMng">2000.21866666667</dst>
            <dst id="SNVAng">146.584</dst>
            <dst id="STTLng">5585.072</dst>
            <dst id="WASHng">9063.24266666667</dst>
        </src>
        <src id="IPLSng">
            <dst id="ATLA-M5">60.5413333333333</dst>
            <dst id="ATLAng">16185.7573333333</dst>
            <dst id="CHINng">49602.8826666667</dst>
            <dst id="DNVRng">6891.96533333333</dst>
            <dst id="HSTNng">3853.58133333333</dst>
            <dst id="IPLSng">24459.576</dst>
            <dst id="KSCYng">2755.57866666667</dst>
            <dst id="LOSAng">19063.224</dst>
            <dst id="NYCMng">19807.6986666667</dst>
            <dst id="SNVAng">1491.94666666667</dst>
            <dst id="STTLng">10395.8986666667</dst>
            <dst id="WASHng">22945.2106666667</dst>
        </src>
        <src id="KSCYng">
            <dst id="ATLA-M5">169.856</dst>
            <dst id="ATLAng">4426.05066666667</dst>
            <dst id="CHINng">14340.7093333333</dst>
            <dst id="DNVRng">12918.5146666667</dst>
            <dst id="HSTNng">2357.52266666667</dst>
            <dst id="IPLSng">18160.9866666667</dst>
            <dst id="KSCYng">6203.94933333333</dst>
            <dst id="LOSAng">4838.13866666667</dst>
            <dst id="NYCMng">2386.80266666667</dst>
            <dst id="SNVAng">3208.74133333333</dst>
            <dst id="STTLng">3087.536</dst>
            <dst id="WASHng">10144.424</dst>
        </src>
        <src id="LOSAng">
            <dst id="ATLA-M5">104.018666666667</dst>
            <dst id="ATLAng">28446.9306666667</dst>
            <dst id="CHINng">139048.888</dst>
            <dst id="DNVRng">20604.6586666667</dst>
            <dst id="HSTNng">9320.24266666667</dst>
            <dst id="IPLSng">13469.4853333333</dst>
            <dst id="KSCYng">4449.37333333333</dst>
            <dst id="LOSAng">12939.808</dst>
            <dst id="NYCMng">40340.6853333333</dst>
            <dst id="SNVAng">26041.3093333333</dst>
            <dst id="STTLng">19683.2026666667</dst>
            <dst id="WASHng">36991.8266666667</dst>
        </src>
        <src id="NYCMng">
            <dst id="ATLA-M5">559.192</dst>
            <dst id="ATLAng">29813.2266666667</dst>
            <dst id="CHINng">28482.0053333333</dst>
            <dst id="DNVRng">22341.7706666667</dst>
            <dst id="HSTNng">4887.18133333333</dst>
            <dst id="IPLSng">28101.744</dst>
            <dst id="KSCYng">13573.6533333333</dst>
            <dst id="LOSAng">78133.648</dst>
            <dst id="NYCMng">99485.528</dst>
            <dst id="SNVAng">1232.56</dst>
            <dst id="STTLng">16690.1333333333</dst>
            <dst id="WASHng">55490.2853333333</dst>
        </src>
        <src id="SNVAng">
            <dst id="ATLA-M5">0</dst>
            <dst id="ATLAng">126.090666666667</dst>
            <dst id="CHINng">0</dst>
            <dst id="DNVRng">7501.40533333333</dst>
            <dst id="HSTNng">150.085333333333</dst>
            <dst id="IPLSng">500.373333333333</dst>
            <dst id="KSCYng">88.4906666666667</dst>
            <dst id="LOSAng">31987.208</dst>
            <dst id="NYCMng">330.512</dst>
            <dst id="SNVAng">7936.09866666667</dst>
            <dst id="STTLng">31059.9173333333</dst>
            <dst id="WASHng">94.376</dst>
        </src>
        <src id="STTLng">
            <dst id="ATLA-M5">0</dst>
            <dst id="ATLAng">10122.3013333333</dst>
            <dst id="CHINng">27067.8213333333</dst>
            <dst id="DNVRng">1813.73066666667</dst>
            <dst id="HSTNng">1195.69333333333</dst>
            <dst id="IPLSng">8203.75733333333</dst>
            <dst id="KSCYng">867.826666666667</dst>
            <dst id="LOSAng">22566.9466666667</dst>
            <dst id="NYCMng">13642.0586666667</dst>
            <dst id="SNVAng">1576.28266666667</dst>
            <dst id="STTLng">3679.86666666667</dst>
            <dst id="WASHng">13137.9386666667</dst>
        </src>
        <src id="WASHng">
            <dst id="ATLA-M5">778.248</dst>
            <dst id="ATLAng">84036.344</dst>
            <dst id="CHINng">55392.696</dst>
            <dst id="DNVRng">48830.368</dst>
            <dst id="HSTNng">14854.7253333333</dst>
            <dst id="IPLSng">58583.92</dst>
            <dst id="KSCYng">15876.3946666667</dst>
            <dst id="LOSAng">75976.0186666667</dst>
            <dst id="NYCMng">142426.6</dst>
            <dst id="SNVAng">6443.82933333333</dst>
            <dst id="STTLng">31211.0906666667</dst>
            <dst id="WASHng">311219.573333333</dst>
        </src>
    </IntraTM>
</TrafficMatrixFile>
