<?xml version="1.0" encoding="ISO-8859-1" standalone="yes"?>
<TrafficMatrixFile xsi:noNamespaceSchemaLocation="http://totem.run.montefiore.ulg.ac.be/Schema/TrafficMatrix-v1_2.xsd" xmlns:xsi="http://www.w3.org/2001/XMLSchema-instance">
    <IntraTM ASID="11537">
        <src id="ATLA-M5">
            <dst id="ATLA-M5">53.3333333333333</dst>
            <dst id="ATLAng">53.3333333333333</dst>
            <dst id="CHINng">393.266666666667</dst>
            <dst id="DNVRng">0</dst>
            <dst id="HSTNng">389.824</dst>
            <dst id="IPLSng">293.184</dst>
            <dst id="KSCYng">58.1706666666667</dst>
            <dst id="LOSAng">127.053333333333</dst>
            <dst id="NYCMng">90.1226666666667</dst>
            <dst id="SNVAng">0</dst>
            <dst id="STTLng">26.6666666666667</dst>
            <dst id="WASHng">1401.91466666667</dst>
        </src>
        <src id="ATLAng">
            <dst id="ATLA-M5">212.165333333333</dst>
            <dst id="ATLAng">22789.704</dst>
            <dst id="CHINng">7289.37066666667</dst>
            <dst id="DNVRng">2173.49866666667</dst>
            <dst id="HSTNng">5727.31733333333</dst>
            <dst id="IPLSng">29378.2053333333</dst>
            <dst id="KSCYng">1870.51466666667</dst>
            <dst id="LOSAng">6202.276</dst>
            <dst id="NYCMng">8556.184</dst>
            <dst id="SNVAng">1357.308</dst>
            <dst id="STTLng">10180.1973333333</dst>
            <dst id="WASHng">48233.5813333333</dst>
        </src>
        <src id="CHINng">
            <dst id="ATLA-M5">314.064</dst>
            <dst id="ATLAng">35423.3253333333</dst>
            <dst id="CHINng">75699.6506666667</dst>
            <dst id="DNVRng">8602.824</dst>
            <dst id="HSTNng">10249.3706666667</dst>
            <dst id="IPLSng">23539.8853333333</dst>
            <dst id="KSCYng">7382.23733333333</dst>
            <dst id="LOSAng">35337.7546666667</dst>
            <dst id="NYCMng">12653.424</dst>
            <dst id="SNVAng">692.485333333333</dst>
            <dst id="STTLng">3316.66666666667</dst>
            <dst id="WASHng">29604.6533333333</dst>
        </src>
        <src id="DNVRng">
            <dst id="ATLA-M5">212.173333333333</dst>
            <dst id="ATLAng">13495.1813333333</dst>
            <dst id="CHINng">72048.624</dst>
            <dst id="DNVRng">10976.2133333333</dst>
            <dst id="HSTNng">18703.544</dst>
            <dst id="IPLSng">37752.9893333333</dst>
            <dst id="KSCYng">26844.4133333333</dst>
            <dst id="LOSAng">11142.6933333333</dst>
            <dst id="NYCMng">22438.9413333333</dst>
            <dst id="SNVAng">14123.1013333333</dst>
            <dst id="STTLng">10668.24</dst>
            <dst id="WASHng">42088.808</dst>
        </src>
        <src id="HSTNng">
            <dst id="ATLA-M5">1899.53866666667</dst>
            <dst id="ATLAng">4162.712</dst>
            <dst id="CHINng">13829.5573333333</dst>
            <dst id="DNVRng">893.405333333333</dst>
            <dst id="HSTNng">18190.5066666667</dst>
            <dst id="IPLSng">6792.89866666667</dst>
            <dst id="KSCYng">1338.50933333333</dst>
            <dst id="LOSAng">1897.30133333333</dst>
            <dst id="NYCMng">6978.86133333333</dst>
            <dst id="SNVAng">166.613333333333</dst>
            <dst id="STTLng">245.216</dst>
            <dst id="WASHng">3336.41066666667</dst>
        </src>
        <src id="IPLSng">
            <dst id="ATLA-M5">179.248</dst>
            <dst id="ATLAng">35711.9973333333</dst>
            <dst id="CHINng">69954.7786666667</dst>
            <dst id="DNVRng">5019.22133333333</dst>
            <dst id="HSTNng">3774.152</dst>
            <dst id="IPLSng">20916.2613333333</dst>
            <dst id="KSCYng">6005.69333333333</dst>
            <dst id="LOSAng">20372.4693333333</dst>
            <dst id="NYCMng">34354.728</dst>
            <dst id="SNVAng">4081.20533333333</dst>
            <dst id="STTLng">9166.68266666667</dst>
            <dst id="WASHng">21469.4693333333</dst>
        </src>
        <src id="KSCYng">
            <dst id="ATLA-M5">30.08</dst>
            <dst id="ATLAng">4418.528</dst>
            <dst id="CHINng">21686.9386666667</dst>
            <dst id="DNVRng">9545.72533333333</dst>
            <dst id="HSTNng">4725.952</dst>
            <dst id="IPLSng">15057.1866666667</dst>
            <dst id="KSCYng">11818.8266666667</dst>
            <dst id="LOSAng">7013.224</dst>
            <dst id="NYCMng">1117.504</dst>
            <dst id="SNVAng">1749.904</dst>
            <dst id="STTLng">3856.672</dst>
            <dst id="WASHng">16984.9146666667</dst>
        </src>
        <src id="LOSAng">
            <dst id="ATLA-M5">819.336</dst>
            <dst id="ATLAng">17515.904</dst>
            <dst id="CHINng">133064.410666667</dst>
            <dst id="DNVRng">25728.5493333333</dst>
            <dst id="HSTNng">6358.12533333333</dst>
            <dst id="IPLSng">20234</dst>
            <dst id="KSCYng">5622.30133333333</dst>
            <dst id="LOSAng">22467.3173333333</dst>
            <dst id="NYCMng">42937.8</dst>
            <dst id="SNVAng">12921.536</dst>
            <dst id="STTLng">32102.136</dst>
            <dst id="WASHng">32042.6266666667</dst>
        </src>
        <src id="NYCMng">
            <dst id="ATLA-M5">567.029333333333</dst>
            <dst id="ATLAng">47833.992</dst>
            <dst id="CHINng">36421.9333333333</dst>
            <dst id="DNVRng">28360.9333333333</dst>
            <dst id="HSTNng">6122.79733333333</dst>
            <dst id="IPLSng">26784.2506666667</dst>
            <dst id="KSCYng">23955.8453333333</dst>
            <dst id="LOSAng">83856.6773333333</dst>
            <dst id="NYCMng">132186.909333333</dst>
            <dst id="SNVAng">1325.62666666667</dst>
            <dst id="STTLng">18160.544</dst>
            <dst id="WASHng">67241.4106666667</dst>
        </src>
        <src id="SNVAng">
            <dst id="ATLA-M5">0</dst>
            <dst id="ATLAng">128.522666666667</dst>
            <dst id="CHINng">0</dst>
            <dst id="DNVRng">1067.552</dst>
            <dst id="HSTNng">80</dst>
            <dst id="IPLSng">292.248</dst>
            <dst id="KSCYng">26.6666666666667</dst>
            <dst id="LOSAng">27876.064</dst>
            <dst id="NYCMng">373.373333333333</dst>
            <dst id="SNVAng">6341.60533333333</dst>
            <dst id="STTLng">28102.0613333333</dst>
            <dst id="WASHng">80</dst>
        </src>
        <src id="STTLng">
            <dst id="ATLA-M5">0</dst>
            <dst id="ATLAng">11630.96</dst>
            <dst id="CHINng">33111.4053333333</dst>
            <dst id="DNVRng">3846.368</dst>
            <dst id="HSTNng">2829.67466666667</dst>
            <dst id="IPLSng">7802.14133333333</dst>
            <dst id="KSCYng">2577.10666666667</dst>
            <dst id="LOSAng">16222.6266666667</dst>
            <dst id="NYCMng">16117.584</dst>
            <dst id="SNVAng">7812.50666666667</dst>
            <dst id="STTLng">6313.66933333333</dst>
            <dst id="WASHng">21865.824</dst>
        </src>
        <src id="WASHng">
            <dst id="ATLA-M5">300.352</dst>
            <dst id="ATLAng">119117.192</dst>
            <dst id="CHINng">57552.76</dst>
            <dst id="DNVRng">67953.672</dst>
            <dst id="HSTNng">29402.9333333333</dst>
            <dst id="IPLSng">81119.68</dst>
            <dst id="KSCYng">21797.1146666667</dst>
            <dst id="LOSAng">63988.2186666666</dst>
            <dst id="NYCMng">145933.064</dst>
            <dst id="SNVAng">7677.6</dst>
            <dst id="STTLng">31339.128</dst>
            <dst id="WASHng">318683.84</dst>
        </src>
    </IntraTM>
</TrafficMatrixFile>
