<?xml version="1.0" encoding="ISO-8859-1" standalone="yes"?>
<TrafficMatrixFile xsi:noNamespaceSchemaLocation="http://totem.run.montefiore.ulg.ac.be/Schema/TrafficMatrix-v1_2.xsd" xmlns:xsi="http://www.w3.org/2001/XMLSchema-instance">
    <IntraTM ASID="11537">
        <src id="ATLA-M5">
            <dst id="ATLA-M5">120.056</dst>
            <dst id="ATLAng">2108.65333333333</dst>
            <dst id="CHINng">164</dst>
            <dst id="DNVRng">0</dst>
            <dst id="HSTNng">99.72</dst>
            <dst id="IPLSng">38.8346666666667</dst>
            <dst id="KSCYng">178.88</dst>
            <dst id="LOSAng">146.474666666667</dst>
            <dst id="NYCMng">225.602666666667</dst>
            <dst id="SNVAng">0</dst>
            <dst id="STTLng">84.3093333333333</dst>
            <dst id="WASHng">1019.088</dst>
        </src>
        <src id="ATLAng">
            <dst id="ATLA-M5">1327.42133333333</dst>
            <dst id="ATLAng">26756.6293333333</dst>
            <dst id="CHINng">6655.98933333333</dst>
            <dst id="DNVRng">9267.904</dst>
            <dst id="HSTNng">5904.45066666667</dst>
            <dst id="IPLSng">25221.48</dst>
            <dst id="KSCYng">1740.68266666667</dst>
            <dst id="LOSAng">10891.616</dst>
            <dst id="NYCMng">4926.72266666667</dst>
            <dst id="SNVAng">953.32</dst>
            <dst id="STTLng">8054.136</dst>
            <dst id="WASHng">37528.9013333333</dst>
        </src>
        <src id="CHINng">
            <dst id="ATLA-M5">361.218666666667</dst>
            <dst id="ATLAng">30614.9573333333</dst>
            <dst id="CHINng">59697.608</dst>
            <dst id="DNVRng">8819.02933333333</dst>
            <dst id="HSTNng">19515.2693333333</dst>
            <dst id="IPLSng">38378.6533333333</dst>
            <dst id="KSCYng">11249.0373333333</dst>
            <dst id="LOSAng">47584.7173333333</dst>
            <dst id="NYCMng">58338.3413333333</dst>
            <dst id="SNVAng">4672.10666666667</dst>
            <dst id="STTLng">7697.304</dst>
            <dst id="WASHng">30108.7413333333</dst>
        </src>
        <src id="DNVRng">
            <dst id="ATLA-M5">188.354666666667</dst>
            <dst id="ATLAng">6589.824</dst>
            <dst id="CHINng">52552.8933333333</dst>
            <dst id="DNVRng">17874.3706666667</dst>
            <dst id="HSTNng">20108.5066666667</dst>
            <dst id="IPLSng">50881.1066666667</dst>
            <dst id="KSCYng">32862.656</dst>
            <dst id="LOSAng">20337.8373333333</dst>
            <dst id="NYCMng">15811.9146666667</dst>
            <dst id="SNVAng">22470.2826666667</dst>
            <dst id="STTLng">29843.9573333333</dst>
            <dst id="WASHng">42143.1306666667</dst>
        </src>
        <src id="HSTNng">
            <dst id="ATLA-M5">274.282666666667</dst>
            <dst id="ATLAng">6570.46133333333</dst>
            <dst id="CHINng">21768.424</dst>
            <dst id="DNVRng">1732.96533333333</dst>
            <dst id="HSTNng">10480.1733333333</dst>
            <dst id="IPLSng">3867.01866666667</dst>
            <dst id="KSCYng">1284.22933333333</dst>
            <dst id="LOSAng">2885.448</dst>
            <dst id="NYCMng">1634.256</dst>
            <dst id="SNVAng">26.6666666666667</dst>
            <dst id="STTLng">3018.14933333333</dst>
            <dst id="WASHng">13721.432</dst>
        </src>
        <src id="IPLSng">
            <dst id="ATLA-M5">132.848</dst>
            <dst id="ATLAng">97451.2106666667</dst>
            <dst id="CHINng">75796.9546666667</dst>
            <dst id="DNVRng">19006.0346666667</dst>
            <dst id="HSTNng">7089.92266666667</dst>
            <dst id="IPLSng">47190.392</dst>
            <dst id="KSCYng">7079.39466666667</dst>
            <dst id="LOSAng">21812.12</dst>
            <dst id="NYCMng">20571.896</dst>
            <dst id="SNVAng">3848.608</dst>
            <dst id="STTLng">9039.13066666667</dst>
            <dst id="WASHng">18951.5706666667</dst>
        </src>
        <src id="KSCYng">
            <dst id="ATLA-M5">26.6666666666667</dst>
            <dst id="ATLAng">2509.39466666667</dst>
            <dst id="CHINng">13626.496</dst>
            <dst id="DNVRng">13637.8426666667</dst>
            <dst id="HSTNng">9137.408</dst>
            <dst id="IPLSng">16469.216</dst>
            <dst id="KSCYng">10894.84</dst>
            <dst id="LOSAng">8193.73333333333</dst>
            <dst id="NYCMng">2058.72533333333</dst>
            <dst id="SNVAng">5920.54933333333</dst>
            <dst id="STTLng">4153.79466666667</dst>
            <dst id="WASHng">12878.7493333333</dst>
        </src>
        <src id="LOSAng">
            <dst id="ATLA-M5">788.466666666667</dst>
            <dst id="ATLAng">23270.1493333333</dst>
            <dst id="CHINng">85262.4453333333</dst>
            <dst id="DNVRng">42569.0346666667</dst>
            <dst id="HSTNng">6299.30133333333</dst>
            <dst id="IPLSng">30262.72</dst>
            <dst id="KSCYng">13608.1493333333</dst>
            <dst id="LOSAng">18462.5066666667</dst>
            <dst id="NYCMng">36089.7173333333</dst>
            <dst id="SNVAng">34339.4746666667</dst>
            <dst id="STTLng">27500.8426666667</dst>
            <dst id="WASHng">51298.0293333333</dst>
        </src>
        <src id="NYCMng">
            <dst id="ATLA-M5">888.392</dst>
            <dst id="ATLAng">29893.84</dst>
            <dst id="CHINng">15926.3813333333</dst>
            <dst id="DNVRng">44278.0373333333</dst>
            <dst id="HSTNng">7997.38666666667</dst>
            <dst id="IPLSng">40727.4773333333</dst>
            <dst id="KSCYng">9378.856</dst>
            <dst id="LOSAng">85953.0293333333</dst>
            <dst id="NYCMng">128480.456</dst>
            <dst id="SNVAng">7073.49066666667</dst>
            <dst id="STTLng">32128.2053333333</dst>
            <dst id="WASHng">62882.832</dst>
        </src>
        <src id="SNVAng">
            <dst id="ATLA-M5">0</dst>
            <dst id="ATLAng">85.9146666666667</dst>
            <dst id="CHINng">53.3333333333333</dst>
            <dst id="DNVRng">9127.85866666667</dst>
            <dst id="HSTNng">42.376</dst>
            <dst id="IPLSng">249.850666666667</dst>
            <dst id="KSCYng">886.925333333333</dst>
            <dst id="LOSAng">40162.4693333333</dst>
            <dst id="NYCMng">306.421333333333</dst>
            <dst id="SNVAng">8052.53066666667</dst>
            <dst id="STTLng">33575.9066666667</dst>
            <dst id="WASHng">106.666666666667</dst>
        </src>
        <src id="STTLng">
            <dst id="ATLA-M5">27.328</dst>
            <dst id="ATLAng">10330.4373333333</dst>
            <dst id="CHINng">13203.872</dst>
            <dst id="DNVRng">5120.04</dst>
            <dst id="HSTNng">3656.81866666667</dst>
            <dst id="IPLSng">14820.312</dst>
            <dst id="KSCYng">3842.53066666667</dst>
            <dst id="LOSAng">27469.4853333333</dst>
            <dst id="NYCMng">11206.352</dst>
            <dst id="SNVAng">8838.40533333333</dst>
            <dst id="STTLng">8372.84533333333</dst>
            <dst id="WASHng">6773.008</dst>
        </src>
        <src id="WASHng">
            <dst id="ATLA-M5">330.266666666667</dst>
            <dst id="ATLAng">93161.2666666667</dst>
            <dst id="CHINng">57112.384</dst>
            <dst id="DNVRng">90751.7093333334</dst>
            <dst id="HSTNng">25488.1306666667</dst>
            <dst id="IPLSng">62214.6026666667</dst>
            <dst id="KSCYng">12488.8213333333</dst>
            <dst id="LOSAng">81232.6666666667</dst>
            <dst id="NYCMng">146815.162666667</dst>
            <dst id="SNVAng">18713.7786666667</dst>
            <dst id="STTLng">40047.3413333334</dst>
            <dst id="WASHng">244142.778666667</dst>
        </src>
    </IntraTM>
</TrafficMatrixFile>
