<?xml version="1.0" encoding="ISO-8859-1" standalone="yes"?>
<TrafficMatrixFile xsi:noNamespaceSchemaLocation="http://totem.run.montefiore.ulg.ac.be/Schema/TrafficMatrix-v1_2.xsd" xmlns:xsi="http://www.w3.org/2001/XMLSchema-instance">
    <IntraTM ASID="11537">
        <src id="ATLA-M5">
            <dst id="ATLA-M5">0</dst>
            <dst id="ATLAng">0</dst>
            <dst id="CHINng">139.861333333333</dst>
            <dst id="DNVRng">0</dst>
            <dst id="HSTNng">106.168</dst>
            <dst id="IPLSng">26.6666666666667</dst>
            <dst id="KSCYng">26.6666666666667</dst>
            <dst id="LOSAng">413.84</dst>
            <dst id="NYCMng">423.936</dst>
            <dst id="SNVAng">0</dst>
            <dst id="STTLng">0</dst>
            <dst id="WASHng">419.445333333333</dst>
        </src>
        <src id="ATLAng">
            <dst id="ATLA-M5">128.728</dst>
            <dst id="ATLAng">5755.824</dst>
            <dst id="CHINng">3476.336</dst>
            <dst id="DNVRng">2836.02133333333</dst>
            <dst id="HSTNng">868.634666666667</dst>
            <dst id="IPLSng">25859.9786666667</dst>
            <dst id="KSCYng">8530.248</dst>
            <dst id="LOSAng">7067.67733333333</dst>
            <dst id="NYCMng">5566.24266666667</dst>
            <dst id="SNVAng">68.2666666666667</dst>
            <dst id="STTLng">12844.7546666667</dst>
            <dst id="WASHng">24123.5573333333</dst>
        </src>
        <src id="CHINng">
            <dst id="ATLA-M5">26.6666666666667</dst>
            <dst id="ATLAng">13909.5893333333</dst>
            <dst id="CHINng">44927.2986666667</dst>
            <dst id="DNVRng">5315.67466666667</dst>
            <dst id="HSTNng">3596.192</dst>
            <dst id="IPLSng">71145.3973333333</dst>
            <dst id="KSCYng">12187.6346666667</dst>
            <dst id="LOSAng">40413.5946666667</dst>
            <dst id="NYCMng">9407.63466666667</dst>
            <dst id="SNVAng">273.258666666667</dst>
            <dst id="STTLng">3633.92266666667</dst>
            <dst id="WASHng">52125.736</dst>
        </src>
        <src id="DNVRng">
            <dst id="ATLA-M5">109.304</dst>
            <dst id="ATLAng">2015.384</dst>
            <dst id="CHINng">70832.8613333333</dst>
            <dst id="DNVRng">16545.12</dst>
            <dst id="HSTNng">15945.0346666667</dst>
            <dst id="IPLSng">33875.9733333333</dst>
            <dst id="KSCYng">33979.3626666667</dst>
            <dst id="LOSAng">15877.3866666667</dst>
            <dst id="NYCMng">14309.9626666667</dst>
            <dst id="SNVAng">16354.8933333333</dst>
            <dst id="STTLng">16831.3173333333</dst>
            <dst id="WASHng">32563.7413333333</dst>
        </src>
        <src id="HSTNng">
            <dst id="ATLA-M5">4122.6</dst>
            <dst id="ATLAng">20504.272</dst>
            <dst id="CHINng">7816.288</dst>
            <dst id="DNVRng">523.16</dst>
            <dst id="HSTNng">10477.7786666667</dst>
            <dst id="IPLSng">1451.33066666667</dst>
            <dst id="KSCYng">456.032</dst>
            <dst id="LOSAng">9923.89866666667</dst>
            <dst id="NYCMng">4554.12</dst>
            <dst id="SNVAng">0</dst>
            <dst id="STTLng">2428.15466666667</dst>
            <dst id="WASHng">1835.53866666667</dst>
        </src>
        <src id="IPLSng">
            <dst id="ATLA-M5">26.6666666666667</dst>
            <dst id="ATLAng">18219.5733333333</dst>
            <dst id="CHINng">55394.9306666667</dst>
            <dst id="DNVRng">4608.58933333333</dst>
            <dst id="HSTNng">4566.91733333333</dst>
            <dst id="IPLSng">16474.84</dst>
            <dst id="KSCYng">2059.89066666667</dst>
            <dst id="LOSAng">15938.4826666667</dst>
            <dst id="NYCMng">26503.3706666667</dst>
            <dst id="SNVAng">524.296</dst>
            <dst id="STTLng">7925.76</dst>
            <dst id="WASHng">11249.1093333333</dst>
        </src>
        <src id="KSCYng">
            <dst id="ATLA-M5">993.984</dst>
            <dst id="ATLAng">1299.88266666667</dst>
            <dst id="CHINng">10137.1493333333</dst>
            <dst id="DNVRng">9552.21333333333</dst>
            <dst id="HSTNng">3318.51733333333</dst>
            <dst id="IPLSng">9535.78666666667</dst>
            <dst id="KSCYng">5850.35466666667</dst>
            <dst id="LOSAng">9484.28533333333</dst>
            <dst id="NYCMng">3773.34933333333</dst>
            <dst id="SNVAng">3164.04266666667</dst>
            <dst id="STTLng">7088.24</dst>
            <dst id="WASHng">6241.28533333333</dst>
        </src>
        <src id="LOSAng">
            <dst id="ATLA-M5">427.701333333333</dst>
            <dst id="ATLAng">13640.576</dst>
            <dst id="CHINng">96004.5066666667</dst>
            <dst id="DNVRng">21896.3866666667</dst>
            <dst id="HSTNng">2364.59733333333</dst>
            <dst id="IPLSng">13905.8266666667</dst>
            <dst id="KSCYng">3384.728</dst>
            <dst id="LOSAng">19186.4373333333</dst>
            <dst id="NYCMng">48029.6853333333</dst>
            <dst id="SNVAng">8112.176</dst>
            <dst id="STTLng">22341.7653333333</dst>
            <dst id="WASHng">25137.0826666667</dst>
        </src>
        <src id="NYCMng">
            <dst id="ATLA-M5">133.333333333333</dst>
            <dst id="ATLAng">12594.3013333333</dst>
            <dst id="CHINng">9825.91466666667</dst>
            <dst id="DNVRng">23664.0826666667</dst>
            <dst id="HSTNng">11042.88</dst>
            <dst id="IPLSng">11928.4826666667</dst>
            <dst id="KSCYng">5904.14933333333</dst>
            <dst id="LOSAng">84050</dst>
            <dst id="NYCMng">75491.032</dst>
            <dst id="SNVAng">2226.86133333333</dst>
            <dst id="STTLng">19346.6613333333</dst>
            <dst id="WASHng">37026.536</dst>
        </src>
        <src id="SNVAng">
            <dst id="ATLA-M5">0</dst>
            <dst id="ATLAng">0</dst>
            <dst id="CHINng">26.6666666666667</dst>
            <dst id="DNVRng">10517.168</dst>
            <dst id="HSTNng">37.7386666666667</dst>
            <dst id="IPLSng">273.6</dst>
            <dst id="KSCYng">26.6666666666667</dst>
            <dst id="LOSAng">34824.3173333333</dst>
            <dst id="NYCMng">329.930666666667</dst>
            <dst id="SNVAng">4629.52266666667</dst>
            <dst id="STTLng">25820.9733333333</dst>
            <dst id="WASHng">0</dst>
        </src>
        <src id="STTLng">
            <dst id="ATLA-M5">26.6666666666667</dst>
            <dst id="ATLAng">7045.808</dst>
            <dst id="CHINng">19646.104</dst>
            <dst id="DNVRng">3354.712</dst>
            <dst id="HSTNng">1272.04266666667</dst>
            <dst id="IPLSng">11428.4906666667</dst>
            <dst id="KSCYng">1715.38933333333</dst>
            <dst id="LOSAng">21492.7386666667</dst>
            <dst id="NYCMng">10872.12</dst>
            <dst id="SNVAng">4603.664</dst>
            <dst id="STTLng">6925.16266666667</dst>
            <dst id="WASHng">5011.73066666667</dst>
        </src>
        <src id="WASHng">
            <dst id="ATLA-M5">276.04</dst>
            <dst id="ATLAng">75981.4933333333</dst>
            <dst id="CHINng">47959.4853333333</dst>
            <dst id="DNVRng">57941.5946666667</dst>
            <dst id="HSTNng">12305.736</dst>
            <dst id="IPLSng">41756.0746666667</dst>
            <dst id="KSCYng">20317.8693333333</dst>
            <dst id="LOSAng">68030.9466666667</dst>
            <dst id="NYCMng">137739.365333333</dst>
            <dst id="SNVAng">4383.64533333333</dst>
            <dst id="STTLng">59945.4693333333</dst>
            <dst id="WASHng">328305.92</dst>
        </src>
    </IntraTM>
</TrafficMatrixFile>
