<?xml version="1.0" encoding="ISO-8859-1" standalone="yes"?>
<TrafficMatrixFile xsi:noNamespaceSchemaLocation="http://totem.run.montefiore.ulg.ac.be/Schema/TrafficMatrix-v1_2.xsd" xmlns:xsi="http://www.w3.org/2001/XMLSchema-instance">
    <IntraTM ASID="11537">
        <src id="ATLA-M5">
            <dst id="ATLA-M5">149.365333333333</dst>
            <dst id="ATLAng">26.6666666666667</dst>
            <dst id="CHINng">64.5813333333333</dst>
            <dst id="DNVRng">0</dst>
            <dst id="HSTNng">42.664</dst>
            <dst id="IPLSng">26.6666666666667</dst>
            <dst id="KSCYng">0</dst>
            <dst id="LOSAng">295.56</dst>
            <dst id="NYCMng">53.3333333333333</dst>
            <dst id="SNVAng">0</dst>
            <dst id="STTLng">0</dst>
            <dst id="WASHng">1257.936</dst>
        </src>
        <src id="ATLAng">
            <dst id="ATLA-M5">188.064</dst>
            <dst id="ATLAng">5386.344</dst>
            <dst id="CHINng">3937.17066666667</dst>
            <dst id="DNVRng">2653.98666666667</dst>
            <dst id="HSTNng">3120.856</dst>
            <dst id="IPLSng">27155.1066666667</dst>
            <dst id="KSCYng">335.216</dst>
            <dst id="LOSAng">6547.96</dst>
            <dst id="NYCMng">6000.504</dst>
            <dst id="SNVAng">531.472</dst>
            <dst id="STTLng">10200.5146666667</dst>
            <dst id="WASHng">44495.7813333333</dst>
        </src>
        <src id="CHINng">
            <dst id="ATLA-M5">26.6666666666667</dst>
            <dst id="ATLAng">6462.10666666667</dst>
            <dst id="CHINng">58887.0906666667</dst>
            <dst id="DNVRng">6964.98666666666</dst>
            <dst id="HSTNng">5432.16266666667</dst>
            <dst id="IPLSng">47377.1093333333</dst>
            <dst id="KSCYng">3363.728</dst>
            <dst id="LOSAng">31378.6266666667</dst>
            <dst id="NYCMng">7047.51733333333</dst>
            <dst id="SNVAng">249.554666666667</dst>
            <dst id="STTLng">6182.72533333333</dst>
            <dst id="WASHng">11925.7546666667</dst>
        </src>
        <src id="DNVRng">
            <dst id="ATLA-M5">142.266666666667</dst>
            <dst id="ATLAng">4793.40533333333</dst>
            <dst id="CHINng">56798.0506666667</dst>
            <dst id="DNVRng">14280.4773333333</dst>
            <dst id="HSTNng">16201.6853333333</dst>
            <dst id="IPLSng">36993.616</dst>
            <dst id="KSCYng">33497.5813333333</dst>
            <dst id="LOSAng">26151.7093333333</dst>
            <dst id="NYCMng">18055.888</dst>
            <dst id="SNVAng">17982.0053333333</dst>
            <dst id="STTLng">15295.2426666667</dst>
            <dst id="WASHng">31269.4506666667</dst>
        </src>
        <src id="HSTNng">
            <dst id="ATLA-M5">2344.65333333333</dst>
            <dst id="ATLAng">864.624</dst>
            <dst id="CHINng">13306.184</dst>
            <dst id="DNVRng">513.690666666667</dst>
            <dst id="HSTNng">15934.008</dst>
            <dst id="IPLSng">4800.22933333333</dst>
            <dst id="KSCYng">592.08</dst>
            <dst id="LOSAng">3330.28533333333</dst>
            <dst id="NYCMng">5223.352</dst>
            <dst id="SNVAng">0</dst>
            <dst id="STTLng">2721.82666666667</dst>
            <dst id="WASHng">638.837333333333</dst>
        </src>
        <src id="IPLSng">
            <dst id="ATLA-M5">0</dst>
            <dst id="ATLAng">11480.8426666667</dst>
            <dst id="CHINng">73421.4453333334</dst>
            <dst id="DNVRng">16077.9893333333</dst>
            <dst id="HSTNng">14588.3546666667</dst>
            <dst id="IPLSng">17624.5093333333</dst>
            <dst id="KSCYng">3247.92533333333</dst>
            <dst id="LOSAng">11079.424</dst>
            <dst id="NYCMng">20113.456</dst>
            <dst id="SNVAng">7834.15733333333</dst>
            <dst id="STTLng">8385.17333333333</dst>
            <dst id="WASHng">10852.9866666667</dst>
        </src>
        <src id="KSCYng">
            <dst id="ATLA-M5">0</dst>
            <dst id="ATLAng">858.784</dst>
            <dst id="CHINng">12776.72</dst>
            <dst id="DNVRng">12549.904</dst>
            <dst id="HSTNng">3001.51733333333</dst>
            <dst id="IPLSng">17505.6826666667</dst>
            <dst id="KSCYng">12148.6453333333</dst>
            <dst id="LOSAng">4649.72533333333</dst>
            <dst id="NYCMng">4074.712</dst>
            <dst id="SNVAng">2156.70666666667</dst>
            <dst id="STTLng">8708.65333333333</dst>
            <dst id="WASHng">5359.448</dst>
        </src>
        <src id="LOSAng">
            <dst id="ATLA-M5">520.978666666667</dst>
            <dst id="ATLAng">6731.92533333333</dst>
            <dst id="CHINng">117941.330666667</dst>
            <dst id="DNVRng">5353.37333333333</dst>
            <dst id="HSTNng">2136.22933333333</dst>
            <dst id="IPLSng">14434.944</dst>
            <dst id="KSCYng">2768.04266666667</dst>
            <dst id="LOSAng">14356.248</dst>
            <dst id="NYCMng">37326.648</dst>
            <dst id="SNVAng">10335.7306666667</dst>
            <dst id="STTLng">35870.64</dst>
            <dst id="WASHng">15673.144</dst>
        </src>
        <src id="NYCMng">
            <dst id="ATLA-M5">218.285333333333</dst>
            <dst id="ATLAng">17094.8906666667</dst>
            <dst id="CHINng">30191.6986666667</dst>
            <dst id="DNVRng">21471.648</dst>
            <dst id="HSTNng">3974.63733333333</dst>
            <dst id="IPLSng">10917.872</dst>
            <dst id="KSCYng">4663.48266666667</dst>
            <dst id="LOSAng">84045.008</dst>
            <dst id="NYCMng">96518.216</dst>
            <dst id="SNVAng">925.357333333333</dst>
            <dst id="STTLng">18908.816</dst>
            <dst id="WASHng">49476.608</dst>
        </src>
        <src id="SNVAng">
            <dst id="ATLA-M5">0</dst>
            <dst id="ATLAng">56</dst>
            <dst id="CHINng">0</dst>
            <dst id="DNVRng">12475.4266666667</dst>
            <dst id="HSTNng">31.9573333333333</dst>
            <dst id="IPLSng">230.384</dst>
            <dst id="KSCYng">26.6666666666667</dst>
            <dst id="LOSAng">29755.6693333333</dst>
            <dst id="NYCMng">372.042666666667</dst>
            <dst id="SNVAng">6113.65066666667</dst>
            <dst id="STTLng">27595.272</dst>
            <dst id="WASHng">0</dst>
        </src>
        <src id="STTLng">
            <dst id="ATLA-M5">0</dst>
            <dst id="ATLAng">6634.752</dst>
            <dst id="CHINng">17321.792</dst>
            <dst id="DNVRng">12812.48</dst>
            <dst id="HSTNng">783.648</dst>
            <dst id="IPLSng">4392.83466666667</dst>
            <dst id="KSCYng">867.354666666667</dst>
            <dst id="LOSAng">16952.968</dst>
            <dst id="NYCMng">9380.512</dst>
            <dst id="SNVAng">2820.06666666667</dst>
            <dst id="STTLng">7163.74133333334</dst>
            <dst id="WASHng">10221.6853333333</dst>
        </src>
        <src id="WASHng">
            <dst id="ATLA-M5">53.5093333333333</dst>
            <dst id="ATLAng">81938.616</dst>
            <dst id="CHINng">37159.984</dst>
            <dst id="DNVRng">53356.4853333333</dst>
            <dst id="HSTNng">9355.51733333333</dst>
            <dst id="IPLSng">41815.3893333333</dst>
            <dst id="KSCYng">11181.6826666667</dst>
            <dst id="LOSAng">70076.24</dst>
            <dst id="NYCMng">116122.298666667</dst>
            <dst id="SNVAng">7066.78933333333</dst>
            <dst id="STTLng">35912.7946666667</dst>
            <dst id="WASHng">374336.373333333</dst>
        </src>
    </IntraTM>
</TrafficMatrixFile>
