<?xml version="1.0" encoding="ISO-8859-1" standalone="yes"?>
<TrafficMatrixFile xsi:noNamespaceSchemaLocation="http://totem.run.montefiore.ulg.ac.be/Schema/TrafficMatrix-v1_2.xsd" xmlns:xsi="http://www.w3.org/2001/XMLSchema-instance">
    <IntraTM ASID="11537">
        <src id="ATLA-M5">
            <dst id="ATLA-M5">26.6666666666667</dst>
            <dst id="ATLAng">80</dst>
            <dst id="CHINng">110.330666666667</dst>
            <dst id="DNVRng">32.352</dst>
            <dst id="HSTNng">75.4693333333333</dst>
            <dst id="IPLSng">0</dst>
            <dst id="KSCYng">742.461333333333</dst>
            <dst id="LOSAng">273.778666666667</dst>
            <dst id="NYCMng">26.6666666666667</dst>
            <dst id="SNVAng">13.3333333333333</dst>
            <dst id="STTLng">456.576</dst>
            <dst id="WASHng">411.994666666667</dst>
        </src>
        <src id="ATLAng">
            <dst id="ATLA-M5">886.805333333333</dst>
            <dst id="ATLAng">58638.216</dst>
            <dst id="CHINng">3947.66666666667</dst>
            <dst id="DNVRng">4525.328</dst>
            <dst id="HSTNng">3258.41866666667</dst>
            <dst id="IPLSng">14472.064</dst>
            <dst id="KSCYng">1671.33333333333</dst>
            <dst id="LOSAng">25834.8706666667</dst>
            <dst id="NYCMng">6127.94933333333</dst>
            <dst id="SNVAng">73.052</dst>
            <dst id="STTLng">5106.48533333333</dst>
            <dst id="WASHng">31880.0613333333</dst>
        </src>
        <src id="CHINng">
            <dst id="ATLA-M5">925.349333333333</dst>
            <dst id="ATLAng">13888.3973333333</dst>
            <dst id="CHINng">60330.5226666667</dst>
            <dst id="DNVRng">16689.2133333333</dst>
            <dst id="HSTNng">7322.184</dst>
            <dst id="IPLSng">48217.7386666667</dst>
            <dst id="KSCYng">5043.89866666667</dst>
            <dst id="LOSAng">67754.504</dst>
            <dst id="NYCMng">9044.21866666667</dst>
            <dst id="SNVAng">3731.81066666667</dst>
            <dst id="STTLng">6195.408</dst>
            <dst id="WASHng">19142.5546666667</dst>
        </src>
        <src id="DNVRng">
            <dst id="ATLA-M5">130.88</dst>
            <dst id="ATLAng">9020.43466666667</dst>
            <dst id="CHINng">39348.7253333333</dst>
            <dst id="DNVRng">15584.16</dst>
            <dst id="HSTNng">15951.8106666667</dst>
            <dst id="IPLSng">29901.7573333333</dst>
            <dst id="KSCYng">20135.856</dst>
            <dst id="LOSAng">33334.6826666667</dst>
            <dst id="NYCMng">16758.3893333333</dst>
            <dst id="SNVAng">25583.3546666667</dst>
            <dst id="STTLng">8697.30933333333</dst>
            <dst id="WASHng">29801.0346666667</dst>
        </src>
        <src id="HSTNng">
            <dst id="ATLA-M5">2597.86933333333</dst>
            <dst id="ATLAng">5875.6</dst>
            <dst id="CHINng">4878.904</dst>
            <dst id="DNVRng">1464.57333333333</dst>
            <dst id="HSTNng">14964.4293333333</dst>
            <dst id="IPLSng">10296.7573333333</dst>
            <dst id="KSCYng">1978.67466666667</dst>
            <dst id="LOSAng">7450.016</dst>
            <dst id="NYCMng">5156.54933333333</dst>
            <dst id="SNVAng">26.6666666666667</dst>
            <dst id="STTLng">1482.416</dst>
            <dst id="WASHng">15629.6533333333</dst>
        </src>
        <src id="IPLSng">
            <dst id="ATLA-M5">80</dst>
            <dst id="ATLAng">16648.9653333333</dst>
            <dst id="CHINng">45027.6293333333</dst>
            <dst id="DNVRng">18553.736</dst>
            <dst id="HSTNng">1289.928</dst>
            <dst id="IPLSng">13149.9866666667</dst>
            <dst id="KSCYng">4780.42133333333</dst>
            <dst id="LOSAng">19655.36</dst>
            <dst id="NYCMng">27533.248</dst>
            <dst id="SNVAng">863.429333333333</dst>
            <dst id="STTLng">9793.77333333333</dst>
            <dst id="WASHng">17174.304</dst>
        </src>
        <src id="KSCYng">
            <dst id="ATLA-M5">2106.02666666667</dst>
            <dst id="ATLAng">2994.624</dst>
            <dst id="CHINng">10309.0293333333</dst>
            <dst id="DNVRng">8755.672</dst>
            <dst id="HSTNng">4968.71466666667</dst>
            <dst id="IPLSng">10133.632</dst>
            <dst id="KSCYng">4997.74933333333</dst>
            <dst id="LOSAng">6225.97333333333</dst>
            <dst id="NYCMng">3915.42666666667</dst>
            <dst id="SNVAng">2649.99733333333</dst>
            <dst id="STTLng">5081.14666666667</dst>
            <dst id="WASHng">8137.67466666667</dst>
        </src>
        <src id="LOSAng">
            <dst id="ATLA-M5">62.6746666666667</dst>
            <dst id="ATLAng">30684.8693333333</dst>
            <dst id="CHINng">72877.24</dst>
            <dst id="DNVRng">6171.23466666667</dst>
            <dst id="HSTNng">6310.224</dst>
            <dst id="IPLSng">21194.3146666667</dst>
            <dst id="KSCYng">3101.78933333333</dst>
            <dst id="LOSAng">133083.186666667</dst>
            <dst id="NYCMng">32126.2986666667</dst>
            <dst id="SNVAng">13703.6266666667</dst>
            <dst id="STTLng">38198.024</dst>
            <dst id="WASHng">34009.2213333333</dst>
        </src>
        <src id="NYCMng">
            <dst id="ATLA-M5">1568.23466666667</dst>
            <dst id="ATLAng">17085.3813333333</dst>
            <dst id="CHINng">16097.416</dst>
            <dst id="DNVRng">24777.0106666667</dst>
            <dst id="HSTNng">7418.8</dst>
            <dst id="IPLSng">27298.048</dst>
            <dst id="KSCYng">10027.7226666667</dst>
            <dst id="LOSAng">77442.1813333333</dst>
            <dst id="NYCMng">77740.44</dst>
            <dst id="SNVAng">1838.75466666667</dst>
            <dst id="STTLng">18639.8586666667</dst>
            <dst id="WASHng">54496.9226666667</dst>
        </src>
        <src id="SNVAng">
            <dst id="ATLA-M5">0</dst>
            <dst id="ATLAng">595.946666666667</dst>
            <dst id="CHINng">261.976</dst>
            <dst id="DNVRng">13976.104</dst>
            <dst id="HSTNng">1788.864</dst>
            <dst id="IPLSng">311.589333333333</dst>
            <dst id="KSCYng">26.6666666666667</dst>
            <dst id="LOSAng">42255.6106666667</dst>
            <dst id="NYCMng">397.786666666667</dst>
            <dst id="SNVAng">8381.65866666667</dst>
            <dst id="STTLng">33497.9466666667</dst>
            <dst id="WASHng">190.048</dst>
        </src>
        <src id="STTLng">
            <dst id="ATLA-M5">53.1386666666667</dst>
            <dst id="ATLAng">6916.104</dst>
            <dst id="CHINng">10793.768</dst>
            <dst id="DNVRng">3640.58933333333</dst>
            <dst id="HSTNng">4174.80533333333</dst>
            <dst id="IPLSng">6290.24</dst>
            <dst id="KSCYng">2970.56266666667</dst>
            <dst id="LOSAng">227668.648</dst>
            <dst id="NYCMng">11227.8133333333</dst>
            <dst id="SNVAng">3969.61333333333</dst>
            <dst id="STTLng">22323.368</dst>
            <dst id="WASHng">11342.048</dst>
        </src>
        <src id="WASHng">
            <dst id="ATLA-M5">114.650666666667</dst>
            <dst id="ATLAng">78270.5893333333</dst>
            <dst id="CHINng">83870.84</dst>
            <dst id="DNVRng">64952.736</dst>
            <dst id="HSTNng">33958.5253333333</dst>
            <dst id="IPLSng">61855.0906666667</dst>
            <dst id="KSCYng">12673.2106666667</dst>
            <dst id="LOSAng">78270.168</dst>
            <dst id="NYCMng">179107.573333333</dst>
            <dst id="SNVAng">4230.208</dst>
            <dst id="STTLng">43322.0506666667</dst>
            <dst id="WASHng">198099.666666667</dst>
        </src>
    </IntraTM>
</TrafficMatrixFile>
