<?xml version="1.0" encoding="ISO-8859-1" standalone="yes"?>
<TrafficMatrixFile xsi:noNamespaceSchemaLocation="http://totem.run.montefiore.ulg.ac.be/Schema/TrafficMatrix-v1_2.xsd" xmlns:xsi="http://www.w3.org/2001/XMLSchema-instance">
    <IntraTM ASID="11537">
        <src id="ATLA-M5">
            <dst id="ATLA-M5">0</dst>
            <dst id="ATLAng">230.602666666667</dst>
            <dst id="CHINng">115.186666666667</dst>
            <dst id="DNVRng">115.642666666667</dst>
            <dst id="HSTNng">106.914666666667</dst>
            <dst id="IPLSng">206.832</dst>
            <dst id="KSCYng">26.6666666666667</dst>
            <dst id="LOSAng">266.088</dst>
            <dst id="NYCMng">53.3333333333333</dst>
            <dst id="SNVAng">13.3333333333333</dst>
            <dst id="STTLng">0</dst>
            <dst id="WASHng">394.509333333333</dst>
        </src>
        <src id="ATLAng">
            <dst id="ATLA-M5">422.013333333333</dst>
            <dst id="ATLAng">41576.928</dst>
            <dst id="CHINng">4540.704</dst>
            <dst id="DNVRng">5512.69866666667</dst>
            <dst id="HSTNng">2636.94133333333</dst>
            <dst id="IPLSng">25478.1466666667</dst>
            <dst id="KSCYng">1465.78133333333</dst>
            <dst id="LOSAng">11019.4146666667</dst>
            <dst id="NYCMng">3794.33333333333</dst>
            <dst id="SNVAng">242.646666666667</dst>
            <dst id="STTLng">8610.43466666667</dst>
            <dst id="WASHng">26620.9226666667</dst>
        </src>
        <src id="CHINng">
            <dst id="ATLA-M5">68.32</dst>
            <dst id="ATLAng">13264.2506666667</dst>
            <dst id="CHINng">39992.8133333333</dst>
            <dst id="DNVRng">12844.3093333333</dst>
            <dst id="HSTNng">9711.31466666667</dst>
            <dst id="IPLSng">17382.232</dst>
            <dst id="KSCYng">9484.392</dst>
            <dst id="LOSAng">42205.4186666667</dst>
            <dst id="NYCMng">10444.784</dst>
            <dst id="SNVAng">3952.90133333333</dst>
            <dst id="STTLng">6967.13066666667</dst>
            <dst id="WASHng">30146.1253333333</dst>
        </src>
        <src id="DNVRng">
            <dst id="ATLA-M5">1160.888</dst>
            <dst id="ATLAng">3802.37866666667</dst>
            <dst id="CHINng">54345.8213333333</dst>
            <dst id="DNVRng">15251.2453333333</dst>
            <dst id="HSTNng">19182.1546666667</dst>
            <dst id="IPLSng">37877.864</dst>
            <dst id="KSCYng">32790.6773333333</dst>
            <dst id="LOSAng">27479.8293333333</dst>
            <dst id="NYCMng">18560.0586666667</dst>
            <dst id="SNVAng">13176.5413333333</dst>
            <dst id="STTLng">11788.2133333333</dst>
            <dst id="WASHng">37501.2213333333</dst>
        </src>
        <src id="HSTNng">
            <dst id="ATLA-M5">3044.95733333333</dst>
            <dst id="ATLAng">41868.4186666667</dst>
            <dst id="CHINng">4291.58666666667</dst>
            <dst id="DNVRng">2171.6</dst>
            <dst id="HSTNng">11762.4693333333</dst>
            <dst id="IPLSng">1538.752</dst>
            <dst id="KSCYng">3775.70666666667</dst>
            <dst id="LOSAng">5301.048</dst>
            <dst id="NYCMng">1771.50666666667</dst>
            <dst id="SNVAng">26.6666666666667</dst>
            <dst id="STTLng">1055.168</dst>
            <dst id="WASHng">2174.45066666667</dst>
        </src>
        <src id="IPLSng">
            <dst id="ATLA-M5">26.6666666666667</dst>
            <dst id="ATLAng">16745.008</dst>
            <dst id="CHINng">58075.8266666667</dst>
            <dst id="DNVRng">6508.12</dst>
            <dst id="HSTNng">1006.68266666667</dst>
            <dst id="IPLSng">20221.0533333333</dst>
            <dst id="KSCYng">10588.2506666667</dst>
            <dst id="LOSAng">21161.8586666667</dst>
            <dst id="NYCMng">42476.536</dst>
            <dst id="SNVAng">2342.984</dst>
            <dst id="STTLng">10700.0106666667</dst>
            <dst id="WASHng">17523.8613333333</dst>
        </src>
        <src id="KSCYng">
            <dst id="ATLA-M5">767.082666666667</dst>
            <dst id="ATLAng">1975.43466666667</dst>
            <dst id="CHINng">11413.344</dst>
            <dst id="DNVRng">9791.4</dst>
            <dst id="HSTNng">10589.3973333333</dst>
            <dst id="IPLSng">12558.0186666667</dst>
            <dst id="KSCYng">9260.06933333333</dst>
            <dst id="LOSAng">7737.44</dst>
            <dst id="NYCMng">2724.59733333333</dst>
            <dst id="SNVAng">2711.616</dst>
            <dst id="STTLng">3165.50933333333</dst>
            <dst id="WASHng">6610.896</dst>
        </src>
        <src id="LOSAng">
            <dst id="ATLA-M5">57.3466666666667</dst>
            <dst id="ATLAng">25677.872</dst>
            <dst id="CHINng">49042.3226666667</dst>
            <dst id="DNVRng">30422.9866666667</dst>
            <dst id="HSTNng">15004.064</dst>
            <dst id="IPLSng">14807.4346666667</dst>
            <dst id="KSCYng">5115.34133333333</dst>
            <dst id="LOSAng">19698.6693333333</dst>
            <dst id="NYCMng">37733.2773333333</dst>
            <dst id="SNVAng">16033.736</dst>
            <dst id="STTLng">22461.336</dst>
            <dst id="WASHng">18472.9066666667</dst>
        </src>
        <src id="NYCMng">
            <dst id="ATLA-M5">2067.35733333333</dst>
            <dst id="ATLAng">20690.3973333333</dst>
            <dst id="CHINng">12368.752</dst>
            <dst id="DNVRng">24003.8106666667</dst>
            <dst id="HSTNng">11330.2693333333</dst>
            <dst id="IPLSng">16588.832</dst>
            <dst id="KSCYng">11262.064</dst>
            <dst id="LOSAng">85159.2426666667</dst>
            <dst id="NYCMng">82183.416</dst>
            <dst id="SNVAng">2283.38133333333</dst>
            <dst id="STTLng">17636.5813333333</dst>
            <dst id="WASHng">38923.0213333333</dst>
        </src>
        <src id="SNVAng">
            <dst id="ATLA-M5">26.6666666666667</dst>
            <dst id="ATLAng">509.36</dst>
            <dst id="CHINng">0</dst>
            <dst id="DNVRng">10239.2133333333</dst>
            <dst id="HSTNng">40.16</dst>
            <dst id="IPLSng">309.877333333333</dst>
            <dst id="KSCYng">26.6666666666667</dst>
            <dst id="LOSAng">34451.9626666667</dst>
            <dst id="NYCMng">409.941333333333</dst>
            <dst id="SNVAng">6196.32</dst>
            <dst id="STTLng">30030.7946666667</dst>
            <dst id="WASHng">53.3333333333333</dst>
        </src>
        <src id="STTLng">
            <dst id="ATLA-M5">67.4586666666667</dst>
            <dst id="ATLAng">9004.568</dst>
            <dst id="CHINng">10173.1973333333</dst>
            <dst id="DNVRng">4089.152</dst>
            <dst id="HSTNng">2251.06666666667</dst>
            <dst id="IPLSng">9893.31733333333</dst>
            <dst id="KSCYng">818.736</dst>
            <dst id="LOSAng">21758.2266666667</dst>
            <dst id="NYCMng">9106.888</dst>
            <dst id="SNVAng">3252.64266666667</dst>
            <dst id="STTLng">6455.704</dst>
            <dst id="WASHng">7359.59466666667</dst>
        </src>
        <src id="WASHng">
            <dst id="ATLA-M5">57.1546666666667</dst>
            <dst id="ATLAng">75099.752</dst>
            <dst id="CHINng">55289.544</dst>
            <dst id="DNVRng">76070.024</dst>
            <dst id="HSTNng">9653.20266666667</dst>
            <dst id="IPLSng">60182.728</dst>
            <dst id="KSCYng">15157.0053333333</dst>
            <dst id="LOSAng">63847.4826666667</dst>
            <dst id="NYCMng">158720.048</dst>
            <dst id="SNVAng">4949.29333333333</dst>
            <dst id="STTLng">43406.144</dst>
            <dst id="WASHng">207231.282666667</dst>
        </src>
    </IntraTM>
</TrafficMatrixFile>
