<?xml version="1.0" encoding="ISO-8859-1" standalone="yes"?>
<TrafficMatrixFile xsi:noNamespaceSchemaLocation="http://totem.run.montefiore.ulg.ac.be/Schema/TrafficMatrix-v1_2.xsd" xmlns:xsi="http://www.w3.org/2001/XMLSchema-instance">
    <IntraTM ASID="11537">
        <src id="ATLA-M5">
            <dst id="ATLA-M5">26.6666666666667</dst>
            <dst id="ATLAng">26.6666666666667</dst>
            <dst id="CHINng">85.3146666666667</dst>
            <dst id="DNVRng">0</dst>
            <dst id="HSTNng">0</dst>
            <dst id="IPLSng">26.6666666666667</dst>
            <dst id="KSCYng">26.6666666666667</dst>
            <dst id="LOSAng">173.578666666667</dst>
            <dst id="NYCMng">26.6666666666667</dst>
            <dst id="SNVAng">0</dst>
            <dst id="STTLng">557.344</dst>
            <dst id="WASHng">384.653333333333</dst>
        </src>
        <src id="ATLAng">
            <dst id="ATLA-M5">392.832</dst>
            <dst id="ATLAng">10279.9866666667</dst>
            <dst id="CHINng">2836.752</dst>
            <dst id="DNVRng">3252.856</dst>
            <dst id="HSTNng">527.989333333333</dst>
            <dst id="IPLSng">25496.256</dst>
            <dst id="KSCYng">284.978666666667</dst>
            <dst id="LOSAng">8388.98666666667</dst>
            <dst id="NYCMng">6512.62133333333</dst>
            <dst id="SNVAng">93.16</dst>
            <dst id="STTLng">10388.2106666667</dst>
            <dst id="WASHng">40831.3626666667</dst>
        </src>
        <src id="CHINng">
            <dst id="ATLA-M5">129.845333333333</dst>
            <dst id="ATLAng">7439.35466666667</dst>
            <dst id="CHINng">45398.8346666667</dst>
            <dst id="DNVRng">6889.536</dst>
            <dst id="HSTNng">3879.408</dst>
            <dst id="IPLSng">75118.088</dst>
            <dst id="KSCYng">5518.61066666666</dst>
            <dst id="LOSAng">40619.648</dst>
            <dst id="NYCMng">9972.83466666666</dst>
            <dst id="SNVAng">443.362666666667</dst>
            <dst id="STTLng">3240.37066666667</dst>
            <dst id="WASHng">41846.1466666667</dst>
        </src>
        <src id="DNVRng">
            <dst id="ATLA-M5">294.298666666667</dst>
            <dst id="ATLAng">2439.76</dst>
            <dst id="CHINng">61523.8133333333</dst>
            <dst id="DNVRng">7242.92266666667</dst>
            <dst id="HSTNng">12670.2053333333</dst>
            <dst id="IPLSng">31979.0746666667</dst>
            <dst id="KSCYng">17542.56</dst>
            <dst id="LOSAng">28975.296</dst>
            <dst id="NYCMng">13378.2346666667</dst>
            <dst id="SNVAng">10897.3946666667</dst>
            <dst id="STTLng">9269.14666666667</dst>
            <dst id="WASHng">31701.7733333333</dst>
        </src>
        <src id="HSTNng">
            <dst id="ATLA-M5">141.088</dst>
            <dst id="ATLAng">777.656</dst>
            <dst id="CHINng">13921.1413333333</dst>
            <dst id="DNVRng">555.744</dst>
            <dst id="HSTNng">18581.1253333333</dst>
            <dst id="IPLSng">1775.40533333333</dst>
            <dst id="KSCYng">478.410666666667</dst>
            <dst id="LOSAng">19703.624</dst>
            <dst id="NYCMng">4734.064</dst>
            <dst id="SNVAng">0</dst>
            <dst id="STTLng">505.618666666667</dst>
            <dst id="WASHng">2119.464</dst>
        </src>
        <src id="IPLSng">
            <dst id="ATLA-M5">26.6666666666667</dst>
            <dst id="ATLAng">11745.8186666667</dst>
            <dst id="CHINng">59136.672</dst>
            <dst id="DNVRng">13511.68</dst>
            <dst id="HSTNng">2816.69066666667</dst>
            <dst id="IPLSng">28306.8133333333</dst>
            <dst id="KSCYng">20702.8586666667</dst>
            <dst id="LOSAng">14097.616</dst>
            <dst id="NYCMng">17696.8933333333</dst>
            <dst id="SNVAng">431.949333333333</dst>
            <dst id="STTLng">10581.064</dst>
            <dst id="WASHng">31996.7386666667</dst>
        </src>
        <src id="KSCYng">
            <dst id="ATLA-M5">911.445333333333</dst>
            <dst id="ATLAng">814.48</dst>
            <dst id="CHINng">13550.04</dst>
            <dst id="DNVRng">20603.9866666667</dst>
            <dst id="HSTNng">2601.176</dst>
            <dst id="IPLSng">10124.04</dst>
            <dst id="KSCYng">4318.4</dst>
            <dst id="LOSAng">6272.12266666667</dst>
            <dst id="NYCMng">2446.42933333333</dst>
            <dst id="SNVAng">2462.70666666667</dst>
            <dst id="STTLng">3968.23733333333</dst>
            <dst id="WASHng">5864.46133333334</dst>
        </src>
        <src id="LOSAng">
            <dst id="ATLA-M5">652.352</dst>
            <dst id="ATLAng">8028.84</dst>
            <dst id="CHINng">101882.397333333</dst>
            <dst id="DNVRng">19614.7946666667</dst>
            <dst id="HSTNng">4488.16266666667</dst>
            <dst id="IPLSng">9714.24533333334</dst>
            <dst id="KSCYng">3540.68533333333</dst>
            <dst id="LOSAng">22033.792</dst>
            <dst id="NYCMng">42297.5973333333</dst>
            <dst id="SNVAng">14001.1173333333</dst>
            <dst id="STTLng">36477.5546666667</dst>
            <dst id="WASHng">12721.9493333333</dst>
        </src>
        <src id="NYCMng">
            <dst id="ATLA-M5">622.997333333333</dst>
            <dst id="ATLAng">17751.664</dst>
            <dst id="CHINng">10534.2826666667</dst>
            <dst id="DNVRng">25206.6053333333</dst>
            <dst id="HSTNng">8002.30666666667</dst>
            <dst id="IPLSng">14271.2426666667</dst>
            <dst id="KSCYng">5023.74933333333</dst>
            <dst id="LOSAng">81797.5146666667</dst>
            <dst id="NYCMng">93498.7493333333</dst>
            <dst id="SNVAng">1851.73066666667</dst>
            <dst id="STTLng">17862.4773333333</dst>
            <dst id="WASHng">55931.248</dst>
        </src>
        <src id="SNVAng">
            <dst id="ATLA-M5">0</dst>
            <dst id="ATLAng">26.6666666666667</dst>
            <dst id="CHINng">26.6666666666667</dst>
            <dst id="DNVRng">3963.616</dst>
            <dst id="HSTNng">26.6666666666667</dst>
            <dst id="IPLSng">204.456</dst>
            <dst id="KSCYng">0</dst>
            <dst id="LOSAng">36033.496</dst>
            <dst id="NYCMng">388.285333333333</dst>
            <dst id="SNVAng">7368.43466666667</dst>
            <dst id="STTLng">29152.5093333333</dst>
            <dst id="WASHng">80</dst>
        </src>
        <src id="STTLng">
            <dst id="ATLA-M5">0</dst>
            <dst id="ATLAng">5715.24</dst>
            <dst id="CHINng">15819.8933333333</dst>
            <dst id="DNVRng">9960.864</dst>
            <dst id="HSTNng">828.365333333333</dst>
            <dst id="IPLSng">4847.152</dst>
            <dst id="KSCYng">935.381333333333</dst>
            <dst id="LOSAng">16353.1893333333</dst>
            <dst id="NYCMng">16471.9013333333</dst>
            <dst id="SNVAng">1870.104</dst>
            <dst id="STTLng">3673.08533333333</dst>
            <dst id="WASHng">5404.66666666667</dst>
        </src>
        <src id="WASHng">
            <dst id="ATLA-M5">57.9306666666667</dst>
            <dst id="ATLAng">83535.5973333333</dst>
            <dst id="CHINng">41868.424</dst>
            <dst id="DNVRng">46975.808</dst>
            <dst id="HSTNng">19329.792</dst>
            <dst id="IPLSng">72076.9493333333</dst>
            <dst id="KSCYng">7802.36533333333</dst>
            <dst id="LOSAng">69109.336</dst>
            <dst id="NYCMng">149650.432</dst>
            <dst id="SNVAng">10236.96</dst>
            <dst id="STTLng">28151.016</dst>
            <dst id="WASHng">359093.76</dst>
        </src>
    </IntraTM>
</TrafficMatrixFile>
