<?xml version="1.0" encoding="ISO-8859-1" standalone="yes"?>
<TrafficMatrixFile xsi:noNamespaceSchemaLocation="http://totem.run.montefiore.ulg.ac.be/Schema/TrafficMatrix-v1_2.xsd" xmlns:xsi="http://www.w3.org/2001/XMLSchema-instance">
    <IntraTM ASID="11537">
        <src id="ATLA-M5">
            <dst id="ATLA-M5">142.333333333333</dst>
            <dst id="ATLAng">2312.67466666667</dst>
            <dst id="CHINng">122.749333333333</dst>
            <dst id="DNVRng">26.6666666666667</dst>
            <dst id="HSTNng">134.28</dst>
            <dst id="IPLSng">0</dst>
            <dst id="KSCYng">120.106666666667</dst>
            <dst id="LOSAng">147.317333333333</dst>
            <dst id="NYCMng">275.138666666667</dst>
            <dst id="SNVAng">0</dst>
            <dst id="STTLng">38.192</dst>
            <dst id="WASHng">1060.816</dst>
        </src>
        <src id="ATLAng">
            <dst id="ATLA-M5">572.96</dst>
            <dst id="ATLAng">62251.296</dst>
            <dst id="CHINng">3822.656</dst>
            <dst id="DNVRng">3077.66666666667</dst>
            <dst id="HSTNng">2230.29066666667</dst>
            <dst id="IPLSng">22583.2453333333</dst>
            <dst id="KSCYng">2055.792</dst>
            <dst id="LOSAng">12219.3706666667</dst>
            <dst id="NYCMng">3368.8</dst>
            <dst id="SNVAng">822.504</dst>
            <dst id="STTLng">8121.41333333333</dst>
            <dst id="WASHng">24309.0613333333</dst>
        </src>
        <src id="CHINng">
            <dst id="ATLA-M5">221.045333333333</dst>
            <dst id="ATLAng">20228.688</dst>
            <dst id="CHINng">46514.7573333333</dst>
            <dst id="DNVRng">9076.47466666667</dst>
            <dst id="HSTNng">8918.33866666667</dst>
            <dst id="IPLSng">22650.2213333333</dst>
            <dst id="KSCYng">14123.5333333333</dst>
            <dst id="LOSAng">40162.1813333333</dst>
            <dst id="NYCMng">13524.408</dst>
            <dst id="SNVAng">7607.08533333333</dst>
            <dst id="STTLng">4900.38666666667</dst>
            <dst id="WASHng">27614.3413333333</dst>
        </src>
        <src id="DNVRng">
            <dst id="ATLA-M5">143.104</dst>
            <dst id="ATLAng">6985.62133333333</dst>
            <dst id="CHINng">44688.976</dst>
            <dst id="DNVRng">11037.816</dst>
            <dst id="HSTNng">12772.9386666667</dst>
            <dst id="IPLSng">47809.072</dst>
            <dst id="KSCYng">18109.48</dst>
            <dst id="LOSAng">21074.4826666667</dst>
            <dst id="NYCMng">18613.5226666667</dst>
            <dst id="SNVAng">13329.768</dst>
            <dst id="STTLng">22151.8453333333</dst>
            <dst id="WASHng">37261.2506666667</dst>
        </src>
        <src id="HSTNng">
            <dst id="ATLA-M5">2943.704</dst>
            <dst id="ATLAng">4923.37066666667</dst>
            <dst id="CHINng">27612.448</dst>
            <dst id="DNVRng">1211.536</dst>
            <dst id="HSTNng">18295.1733333333</dst>
            <dst id="IPLSng">5172.216</dst>
            <dst id="KSCYng">1379.80533333333</dst>
            <dst id="LOSAng">3341.53333333333</dst>
            <dst id="NYCMng">2771.99733333333</dst>
            <dst id="SNVAng">70.9226666666667</dst>
            <dst id="STTLng">3269.39466666667</dst>
            <dst id="WASHng">19784.408</dst>
        </src>
        <src id="IPLSng">
            <dst id="ATLA-M5">64.0986666666667</dst>
            <dst id="ATLAng">25777.1226666667</dst>
            <dst id="CHINng">48781.4586666667</dst>
            <dst id="DNVRng">20408.384</dst>
            <dst id="HSTNng">1826.80266666667</dst>
            <dst id="IPLSng">20344.7626666667</dst>
            <dst id="KSCYng">4183.29866666667</dst>
            <dst id="LOSAng">21766.1386666667</dst>
            <dst id="NYCMng">19278.8933333333</dst>
            <dst id="SNVAng">996.602666666667</dst>
            <dst id="STTLng">12083.664</dst>
            <dst id="WASHng">16501.0293333333</dst>
        </src>
        <src id="KSCYng">
            <dst id="ATLA-M5">26.6666666666667</dst>
            <dst id="ATLAng">2210.16266666667</dst>
            <dst id="CHINng">13887.9706666667</dst>
            <dst id="DNVRng">21022.2666666667</dst>
            <dst id="HSTNng">9897.24533333333</dst>
            <dst id="IPLSng">14732.1546666667</dst>
            <dst id="KSCYng">5175.93866666667</dst>
            <dst id="LOSAng">7400.67733333333</dst>
            <dst id="NYCMng">3297.54933333333</dst>
            <dst id="SNVAng">3196.384</dst>
            <dst id="STTLng">4178.232</dst>
            <dst id="WASHng">11768.7866666667</dst>
        </src>
        <src id="LOSAng">
            <dst id="ATLA-M5">1067.45066666667</dst>
            <dst id="ATLAng">18571.536</dst>
            <dst id="CHINng">75276.264</dst>
            <dst id="DNVRng">41455.1786666667</dst>
            <dst id="HSTNng">6004.62133333333</dst>
            <dst id="IPLSng">11535.5013333333</dst>
            <dst id="KSCYng">6173.67733333333</dst>
            <dst id="LOSAng">16269.4746666667</dst>
            <dst id="NYCMng">37284.8266666667</dst>
            <dst id="SNVAng">16451.4693333333</dst>
            <dst id="STTLng">23582.128</dst>
            <dst id="WASHng">33271.7493333333</dst>
        </src>
        <src id="NYCMng">
            <dst id="ATLA-M5">756.629333333333</dst>
            <dst id="ATLAng">23651.016</dst>
            <dst id="CHINng">21679.56</dst>
            <dst id="DNVRng">40651.2933333333</dst>
            <dst id="HSTNng">10328.4986666667</dst>
            <dst id="IPLSng">35328.6853333333</dst>
            <dst id="KSCYng">8799.82933333333</dst>
            <dst id="LOSAng">79718.4213333333</dst>
            <dst id="NYCMng">95563.8106666666</dst>
            <dst id="SNVAng">6558.33066666666</dst>
            <dst id="STTLng">31568.8666666667</dst>
            <dst id="WASHng">74368.136</dst>
        </src>
        <src id="SNVAng">
            <dst id="ATLA-M5">0</dst>
            <dst id="ATLAng">53.3333333333333</dst>
            <dst id="CHINng">1708.448</dst>
            <dst id="DNVRng">5279.272</dst>
            <dst id="HSTNng">65.9626666666666</dst>
            <dst id="IPLSng">180.866666666667</dst>
            <dst id="KSCYng">0</dst>
            <dst id="LOSAng">42159.1333333333</dst>
            <dst id="NYCMng">510.304</dst>
            <dst id="SNVAng">7635.944</dst>
            <dst id="STTLng">35644.416</dst>
            <dst id="WASHng">80</dst>
        </src>
        <src id="STTLng">
            <dst id="ATLA-M5">0</dst>
            <dst id="ATLAng">8856.71733333333</dst>
            <dst id="CHINng">13244.7973333333</dst>
            <dst id="DNVRng">4223.50933333333</dst>
            <dst id="HSTNng">4296.39466666667</dst>
            <dst id="IPLSng">8131.16266666667</dst>
            <dst id="KSCYng">4397.85866666667</dst>
            <dst id="LOSAng">24444.5306666667</dst>
            <dst id="NYCMng">9159.65333333333</dst>
            <dst id="SNVAng">4356.672</dst>
            <dst id="STTLng">3053.50133333333</dst>
            <dst id="WASHng">7261.18133333333</dst>
        </src>
        <src id="WASHng">
            <dst id="ATLA-M5">826.189333333333</dst>
            <dst id="ATLAng">101340.034666667</dst>
            <dst id="CHINng">39504.8986666667</dst>
            <dst id="DNVRng">78216.6133333333</dst>
            <dst id="HSTNng">13472.0426666667</dst>
            <dst id="IPLSng">42374.5066666667</dst>
            <dst id="KSCYng">7203.85333333333</dst>
            <dst id="LOSAng">79000.5066666667</dst>
            <dst id="NYCMng">120520.189333333</dst>
            <dst id="SNVAng">13589.328</dst>
            <dst id="STTLng">50438.1066666667</dst>
            <dst id="WASHng">234081.034666667</dst>
        </src>
    </IntraTM>
</TrafficMatrixFile>
