<?xml version="1.0" encoding="ISO-8859-1" standalone="yes"?>
<TrafficMatrixFile xsi:noNamespaceSchemaLocation="http://totem.run.montefiore.ulg.ac.be/Schema/TrafficMatrix-v1_2.xsd" xmlns:xsi="http://www.w3.org/2001/XMLSchema-instance">
    <IntraTM ASID="11537">
        <src id="ATLA-M5">
            <dst id="ATLA-M5">89.4693333333334</dst>
            <dst id="ATLAng">84.88</dst>
            <dst id="CHINng">527.005333333333</dst>
            <dst id="DNVRng">75.3093333333333</dst>
            <dst id="HSTNng">66.248</dst>
            <dst id="IPLSng">609.125333333333</dst>
            <dst id="KSCYng">64.8533333333333</dst>
            <dst id="LOSAng">197.418666666667</dst>
            <dst id="NYCMng">62.088</dst>
            <dst id="SNVAng">0</dst>
            <dst id="STTLng">0</dst>
            <dst id="WASHng">1137.33866666667</dst>
        </src>
        <src id="ATLAng">
            <dst id="ATLA-M5">288.981333333333</dst>
            <dst id="ATLAng">33369.5466666667</dst>
            <dst id="CHINng">15232.4</dst>
            <dst id="DNVRng">2341.384</dst>
            <dst id="HSTNng">40001.2373333333</dst>
            <dst id="IPLSng">27915.864</dst>
            <dst id="KSCYng">3165.73866666667</dst>
            <dst id="LOSAng">18104.9773333333</dst>
            <dst id="NYCMng">12428.1066666667</dst>
            <dst id="SNVAng">1224.06266666667</dst>
            <dst id="STTLng">9907.29066666667</dst>
            <dst id="WASHng">50610.8453333333</dst>
        </src>
        <src id="CHINng">
            <dst id="ATLA-M5">824.549333333333</dst>
            <dst id="ATLAng">35249.3733333333</dst>
            <dst id="CHINng">64244.808</dst>
            <dst id="DNVRng">18690.3493333333</dst>
            <dst id="HSTNng">22092.0613333333</dst>
            <dst id="IPLSng">38891.704</dst>
            <dst id="KSCYng">21221.0506666667</dst>
            <dst id="LOSAng">55565.9066666667</dst>
            <dst id="NYCMng">27174.784</dst>
            <dst id="SNVAng">6049.57866666667</dst>
            <dst id="STTLng">7012.48533333333</dst>
            <dst id="WASHng">30655.2853333333</dst>
        </src>
        <src id="DNVRng">
            <dst id="ATLA-M5">191.525333333333</dst>
            <dst id="ATLAng">20733.6106666667</dst>
            <dst id="CHINng">71810.8266666667</dst>
            <dst id="DNVRng">21295.4186666667</dst>
            <dst id="HSTNng">33076.488</dst>
            <dst id="IPLSng">48272.152</dst>
            <dst id="KSCYng">31245.984</dst>
            <dst id="LOSAng">15347.5253333333</dst>
            <dst id="NYCMng">22454.9946666667</dst>
            <dst id="SNVAng">14597.5813333333</dst>
            <dst id="STTLng">15022.3306666667</dst>
            <dst id="WASHng">50063.92</dst>
        </src>
        <src id="HSTNng">
            <dst id="ATLA-M5">4212.64266666667</dst>
            <dst id="ATLAng">11277.0346666667</dst>
            <dst id="CHINng">26146.2426666667</dst>
            <dst id="DNVRng">1735.71466666667</dst>
            <dst id="HSTNng">9469.552</dst>
            <dst id="IPLSng">7558.25066666667</dst>
            <dst id="KSCYng">4254.048</dst>
            <dst id="LOSAng">12905.3413333333</dst>
            <dst id="NYCMng">3240.48533333333</dst>
            <dst id="SNVAng">111.618666666667</dst>
            <dst id="STTLng">5970.90133333334</dst>
            <dst id="WASHng">7659.34133333333</dst>
        </src>
        <src id="IPLSng">
            <dst id="ATLA-M5">370.501333333333</dst>
            <dst id="ATLAng">37963.1626666667</dst>
            <dst id="CHINng">88648.1946666667</dst>
            <dst id="DNVRng">12742.8186666667</dst>
            <dst id="HSTNng">20595.968</dst>
            <dst id="IPLSng">23731.6453333333</dst>
            <dst id="KSCYng">10897.768</dst>
            <dst id="LOSAng">33016.832</dst>
            <dst id="NYCMng">48665.7706666667</dst>
            <dst id="SNVAng">3776.15733333333</dst>
            <dst id="STTLng">10243.6106666667</dst>
            <dst id="WASHng">23718.9066666667</dst>
        </src>
        <src id="KSCYng">
            <dst id="ATLA-M5">1007.72</dst>
            <dst id="ATLAng">5369.09866666667</dst>
            <dst id="CHINng">26796.672</dst>
            <dst id="DNVRng">10600.3013333333</dst>
            <dst id="HSTNng">6515.584</dst>
            <dst id="IPLSng">32798.672</dst>
            <dst id="KSCYng">13080.9013333333</dst>
            <dst id="LOSAng">7432.16</dst>
            <dst id="NYCMng">5140.00533333333</dst>
            <dst id="SNVAng">3672.68</dst>
            <dst id="STTLng">3616.29333333333</dst>
            <dst id="WASHng">14306.4933333333</dst>
        </src>
        <src id="LOSAng">
            <dst id="ATLA-M5">517.765333333333</dst>
            <dst id="ATLAng">34754.7173333333</dst>
            <dst id="CHINng">110962.834666667</dst>
            <dst id="DNVRng">31529.488</dst>
            <dst id="HSTNng">13830.592</dst>
            <dst id="IPLSng">36919.5733333333</dst>
            <dst id="KSCYng">11748.0666666667</dst>
            <dst id="LOSAng">16179.456</dst>
            <dst id="NYCMng">38136.592</dst>
            <dst id="SNVAng">40246.016</dst>
            <dst id="STTLng">25607.0133333333</dst>
            <dst id="WASHng">50501.3946666667</dst>
        </src>
        <src id="NYCMng">
            <dst id="ATLA-M5">766.858666666667</dst>
            <dst id="ATLAng">46340</dst>
            <dst id="CHINng">40128.592</dst>
            <dst id="DNVRng">38384.624</dst>
            <dst id="HSTNng">17290.4053333333</dst>
            <dst id="IPLSng">48243.536</dst>
            <dst id="KSCYng">15791.84</dst>
            <dst id="LOSAng">77737.1333333333</dst>
            <dst id="NYCMng">150132.957333333</dst>
            <dst id="SNVAng">4820.336</dst>
            <dst id="STTLng">55318.5413333333</dst>
            <dst id="WASHng">149480.962666667</dst>
        </src>
        <src id="SNVAng">
            <dst id="ATLA-M5">0</dst>
            <dst id="ATLAng">202.338666666667</dst>
            <dst id="CHINng">53.3333333333333</dst>
            <dst id="DNVRng">55483.976</dst>
            <dst id="HSTNng">179.642666666667</dst>
            <dst id="IPLSng">446.341333333333</dst>
            <dst id="KSCYng">0</dst>
            <dst id="LOSAng">33971.176</dst>
            <dst id="NYCMng">349.749333333333</dst>
            <dst id="SNVAng">7426.10133333333</dst>
            <dst id="STTLng">33933.08</dst>
            <dst id="WASHng">284.938666666667</dst>
        </src>
        <src id="STTLng">
            <dst id="ATLA-M5">289.357333333333</dst>
            <dst id="ATLAng">18345.0186666667</dst>
            <dst id="CHINng">29891.304</dst>
            <dst id="DNVRng">5977.416</dst>
            <dst id="HSTNng">5534.51466666667</dst>
            <dst id="IPLSng">19614.1253333333</dst>
            <dst id="KSCYng">6937.168</dst>
            <dst id="LOSAng">26358.096</dst>
            <dst id="NYCMng">23785.2053333333</dst>
            <dst id="SNVAng">7098.504</dst>
            <dst id="STTLng">7747.09066666667</dst>
            <dst id="WASHng">19946.2933333333</dst>
        </src>
        <src id="WASHng">
            <dst id="ATLA-M5">6759.97333333333</dst>
            <dst id="ATLAng">203042.488</dst>
            <dst id="CHINng">80699.68</dst>
            <dst id="DNVRng">83474.0986666667</dst>
            <dst id="HSTNng">48266.6186666667</dst>
            <dst id="IPLSng">74856.9546666667</dst>
            <dst id="KSCYng">30781.976</dst>
            <dst id="LOSAng">83606.96</dst>
            <dst id="NYCMng">167005.898666667</dst>
            <dst id="SNVAng">7828.08533333333</dst>
            <dst id="STTLng">64374.8213333333</dst>
            <dst id="WASHng">232900.88</dst>
        </src>
    </IntraTM>
</TrafficMatrixFile>
