<?xml version="1.0" encoding="ISO-8859-1" standalone="yes"?>
<TrafficMatrixFile xsi:noNamespaceSchemaLocation="http://totem.run.montefiore.ulg.ac.be/Schema/TrafficMatrix-v1_2.xsd" xmlns:xsi="http://www.w3.org/2001/XMLSchema-instance">
    <IntraTM ASID="11537">
        <src id="ATLA-M5">
            <dst id="ATLA-M5">0</dst>
            <dst id="ATLAng">26.6666666666667</dst>
            <dst id="CHINng">168.362666666667</dst>
            <dst id="DNVRng">0</dst>
            <dst id="HSTNng">854.386666666667</dst>
            <dst id="IPLSng">0</dst>
            <dst id="KSCYng">0</dst>
            <dst id="LOSAng">237.698666666667</dst>
            <dst id="NYCMng">26.6666666666667</dst>
            <dst id="SNVAng">0</dst>
            <dst id="STTLng">26.6666666666667</dst>
            <dst id="WASHng">688.792</dst>
        </src>
        <src id="ATLAng">
            <dst id="ATLA-M5">45.9653333333333</dst>
            <dst id="ATLAng">24293.6773333333</dst>
            <dst id="CHINng">2227.72533333333</dst>
            <dst id="DNVRng">2773.21066666667</dst>
            <dst id="HSTNng">2716.728</dst>
            <dst id="IPLSng">6428.42133333333</dst>
            <dst id="KSCYng">410.264</dst>
            <dst id="LOSAng">27061.4293333333</dst>
            <dst id="NYCMng">8965.42133333333</dst>
            <dst id="SNVAng">249.709333333333</dst>
            <dst id="STTLng">6781.85066666667</dst>
            <dst id="WASHng">39714.5493333333</dst>
        </src>
        <src id="CHINng">
            <dst id="ATLA-M5">219.882666666667</dst>
            <dst id="ATLAng">14481.04</dst>
            <dst id="CHINng">90530.8346666667</dst>
            <dst id="DNVRng">22327.6533333333</dst>
            <dst id="HSTNng">9575.90666666667</dst>
            <dst id="IPLSng">21923.9093333333</dst>
            <dst id="KSCYng">2726.94133333333</dst>
            <dst id="LOSAng">41093.3493333333</dst>
            <dst id="NYCMng">15158.224</dst>
            <dst id="SNVAng">1318.91466666667</dst>
            <dst id="STTLng">6135.84</dst>
            <dst id="WASHng">9014.58933333333</dst>
        </src>
        <src id="DNVRng">
            <dst id="ATLA-M5">204.928</dst>
            <dst id="ATLAng">7460.376</dst>
            <dst id="CHINng">67768.6373333333</dst>
            <dst id="DNVRng">3425.896</dst>
            <dst id="HSTNng">11866.816</dst>
            <dst id="IPLSng">28230.6213333333</dst>
            <dst id="KSCYng">10663.064</dst>
            <dst id="LOSAng">10466.1093333333</dst>
            <dst id="NYCMng">15653.4266666667</dst>
            <dst id="SNVAng">4926.536</dst>
            <dst id="STTLng">7343.584</dst>
            <dst id="WASHng">31274.2826666667</dst>
        </src>
        <src id="HSTNng">
            <dst id="ATLA-M5">2516.94666666667</dst>
            <dst id="ATLAng">1419.05866666667</dst>
            <dst id="CHINng">16114.6026666667</dst>
            <dst id="DNVRng">753.077333333333</dst>
            <dst id="HSTNng">14216.2186666667</dst>
            <dst id="IPLSng">3427.832</dst>
            <dst id="KSCYng">761.010666666667</dst>
            <dst id="LOSAng">14138.7226666667</dst>
            <dst id="NYCMng">1792.86933333333</dst>
            <dst id="SNVAng">26.6666666666667</dst>
            <dst id="STTLng">175.4</dst>
            <dst id="WASHng">1781.016</dst>
        </src>
        <src id="IPLSng">
            <dst id="ATLA-M5">0</dst>
            <dst id="ATLAng">14174.88</dst>
            <dst id="CHINng">87724.368</dst>
            <dst id="DNVRng">15537.4186666667</dst>
            <dst id="HSTNng">294.24</dst>
            <dst id="IPLSng">10521.7466666667</dst>
            <dst id="KSCYng">7081.98666666667</dst>
            <dst id="LOSAng">18089.016</dst>
            <dst id="NYCMng">27598.76</dst>
            <dst id="SNVAng">301.490666666667</dst>
            <dst id="STTLng">11951.2586666667</dst>
            <dst id="WASHng">11050.024</dst>
        </src>
        <src id="KSCYng">
            <dst id="ATLA-M5">0</dst>
            <dst id="ATLAng">2098.56</dst>
            <dst id="CHINng">21332.52</dst>
            <dst id="DNVRng">10081.3493333333</dst>
            <dst id="HSTNng">2038.86933333333</dst>
            <dst id="IPLSng">13844.5946666667</dst>
            <dst id="KSCYng">6615.29066666667</dst>
            <dst id="LOSAng">5014.03466666667</dst>
            <dst id="NYCMng">2129.544</dst>
            <dst id="SNVAng">2414.6</dst>
            <dst id="STTLng">6246.176</dst>
            <dst id="WASHng">25232.7173333333</dst>
        </src>
        <src id="LOSAng">
            <dst id="ATLA-M5">342.949333333333</dst>
            <dst id="ATLAng">8692.768</dst>
            <dst id="CHINng">137058.64</dst>
            <dst id="DNVRng">19442.5866666667</dst>
            <dst id="HSTNng">2997.192</dst>
            <dst id="IPLSng">7493.224</dst>
            <dst id="KSCYng">4357.216</dst>
            <dst id="LOSAng">14478.0293333333</dst>
            <dst id="NYCMng">32934.6426666667</dst>
            <dst id="SNVAng">21745.9306666667</dst>
            <dst id="STTLng">47000.4426666667</dst>
            <dst id="WASHng">16588.1413333333</dst>
        </src>
        <src id="NYCMng">
            <dst id="ATLA-M5">227.690666666667</dst>
            <dst id="ATLAng">12931.9946666667</dst>
            <dst id="CHINng">16063.9893333333</dst>
            <dst id="DNVRng">24823.0906666667</dst>
            <dst id="HSTNng">16001.2186666667</dst>
            <dst id="IPLSng">19519.5866666667</dst>
            <dst id="KSCYng">11900.264</dst>
            <dst id="LOSAng">74645.56</dst>
            <dst id="NYCMng">91557.0586666667</dst>
            <dst id="SNVAng">1329.29866666667</dst>
            <dst id="STTLng">10498.3493333333</dst>
            <dst id="WASHng">49729.288</dst>
        </src>
        <src id="SNVAng">
            <dst id="ATLA-M5">0</dst>
            <dst id="ATLAng">0</dst>
            <dst id="CHINng">26.6666666666667</dst>
            <dst id="DNVRng">3831.66133333333</dst>
            <dst id="HSTNng">44.992</dst>
            <dst id="IPLSng">232.642666666667</dst>
            <dst id="KSCYng">53.3333333333333</dst>
            <dst id="LOSAng">39405.288</dst>
            <dst id="NYCMng">518.368</dst>
            <dst id="SNVAng">4101.44266666667</dst>
            <dst id="STTLng">25174.872</dst>
            <dst id="WASHng">0</dst>
        </src>
        <src id="STTLng">
            <dst id="ATLA-M5">26.6666666666667</dst>
            <dst id="ATLAng">6104.18933333333</dst>
            <dst id="CHINng">21396.224</dst>
            <dst id="DNVRng">1660.95466666667</dst>
            <dst id="HSTNng">676.376</dst>
            <dst id="IPLSng">2742.91466666667</dst>
            <dst id="KSCYng">3292.376</dst>
            <dst id="LOSAng">14520.04</dst>
            <dst id="NYCMng">13728.9093333333</dst>
            <dst id="SNVAng">3100.81866666667</dst>
            <dst id="STTLng">1292.68</dst>
            <dst id="WASHng">13725.112</dst>
        </src>
        <src id="WASHng">
            <dst id="ATLA-M5">1130.32</dst>
            <dst id="ATLAng">72849.1653333334</dst>
            <dst id="CHINng">56095.128</dst>
            <dst id="DNVRng">60540.152</dst>
            <dst id="HSTNng">26489.84</dst>
            <dst id="IPLSng">44945</dst>
            <dst id="KSCYng">9152.04533333334</dst>
            <dst id="LOSAng">61069.0186666667</dst>
            <dst id="NYCMng">103762.733333333</dst>
            <dst id="SNVAng">2067.34933333333</dst>
            <dst id="STTLng">35057.5893333333</dst>
            <dst id="WASHng">269936.853333333</dst>
        </src>
    </IntraTM>
</TrafficMatrixFile>
