<?xml version="1.0" encoding="ISO-8859-1" standalone="yes"?>
<TrafficMatrixFile xsi:noNamespaceSchemaLocation="http://totem.run.montefiore.ulg.ac.be/Schema/TrafficMatrix-v1_2.xsd" xmlns:xsi="http://www.w3.org/2001/XMLSchema-instance">
    <IntraTM ASID="11537">
        <src id="ATLA-M5">
            <dst id="ATLA-M5">26.6666666666667</dst>
            <dst id="ATLAng">53.3333333333333</dst>
            <dst id="CHINng">82.24</dst>
            <dst id="DNVRng">0</dst>
            <dst id="HSTNng">0</dst>
            <dst id="IPLSng">0</dst>
            <dst id="KSCYng">1063.12266666667</dst>
            <dst id="LOSAng">254.984</dst>
            <dst id="NYCMng">0</dst>
            <dst id="SNVAng">0</dst>
            <dst id="STTLng">1168.44533333333</dst>
            <dst id="WASHng">1858.22666666667</dst>
        </src>
        <src id="ATLAng">
            <dst id="ATLA-M5">26.6666666666667</dst>
            <dst id="ATLAng">32531.9173333333</dst>
            <dst id="CHINng">4204.824</dst>
            <dst id="DNVRng">3922.74666666667</dst>
            <dst id="HSTNng">8667.672</dst>
            <dst id="IPLSng">16791.136</dst>
            <dst id="KSCYng">607.504</dst>
            <dst id="LOSAng">12840.04</dst>
            <dst id="NYCMng">2697.696</dst>
            <dst id="SNVAng">36.896</dst>
            <dst id="STTLng">5953.09866666667</dst>
            <dst id="WASHng">28142.704</dst>
        </src>
        <src id="CHINng">
            <dst id="ATLA-M5">6211.50666666667</dst>
            <dst id="ATLAng">8816.15466666667</dst>
            <dst id="CHINng">82329.9866666667</dst>
            <dst id="DNVRng">9890.024</dst>
            <dst id="HSTNng">7586.65066666667</dst>
            <dst id="IPLSng">30655.7546666667</dst>
            <dst id="KSCYng">16960</dst>
            <dst id="LOSAng">47011.9333333333</dst>
            <dst id="NYCMng">11455.0026666667</dst>
            <dst id="SNVAng">5887.31733333333</dst>
            <dst id="STTLng">5014.304</dst>
            <dst id="WASHng">19207.9706666667</dst>
        </src>
        <src id="DNVRng">
            <dst id="ATLA-M5">260.8</dst>
            <dst id="ATLAng">11976.4453333333</dst>
            <dst id="CHINng">58705.9413333333</dst>
            <dst id="DNVRng">16302.896</dst>
            <dst id="HSTNng">15734.88</dst>
            <dst id="IPLSng">44905.1173333333</dst>
            <dst id="KSCYng">17540.256</dst>
            <dst id="LOSAng">9755.13066666667</dst>
            <dst id="NYCMng">19016.632</dst>
            <dst id="SNVAng">8528.36266666667</dst>
            <dst id="STTLng">9567.39466666667</dst>
            <dst id="WASHng">31679.3306666667</dst>
        </src>
        <src id="HSTNng">
            <dst id="ATLA-M5">147.68</dst>
            <dst id="ATLAng">13382.488</dst>
            <dst id="CHINng">13805.2906666667</dst>
            <dst id="DNVRng">1256.944</dst>
            <dst id="HSTNng">10453.8453333333</dst>
            <dst id="IPLSng">4629.43466666667</dst>
            <dst id="KSCYng">1890.00533333333</dst>
            <dst id="LOSAng">20411.1733333333</dst>
            <dst id="NYCMng">5211.136</dst>
            <dst id="SNVAng">0</dst>
            <dst id="STTLng">282.034666666667</dst>
            <dst id="WASHng">2010.352</dst>
        </src>
        <src id="IPLSng">
            <dst id="ATLA-M5">0</dst>
            <dst id="ATLAng">10471.5306666667</dst>
            <dst id="CHINng">41207.7013333333</dst>
            <dst id="DNVRng">25904.056</dst>
            <dst id="HSTNng">694.978666666667</dst>
            <dst id="IPLSng">13424.2906666667</dst>
            <dst id="KSCYng">3090.09866666667</dst>
            <dst id="LOSAng">19631.8346666667</dst>
            <dst id="NYCMng">19488.728</dst>
            <dst id="SNVAng">357.338666666667</dst>
            <dst id="STTLng">7634.82933333333</dst>
            <dst id="WASHng">5881.864</dst>
        </src>
        <src id="KSCYng">
            <dst id="ATLA-M5">26.6666666666667</dst>
            <dst id="ATLAng">759.250666666667</dst>
            <dst id="CHINng">16687.4293333333</dst>
            <dst id="DNVRng">10460.144</dst>
            <dst id="HSTNng">2996.38133333333</dst>
            <dst id="IPLSng">38230.7653333333</dst>
            <dst id="KSCYng">8735.392</dst>
            <dst id="LOSAng">7295.30133333333</dst>
            <dst id="NYCMng">1564.94133333333</dst>
            <dst id="SNVAng">2100.94133333333</dst>
            <dst id="STTLng">6179.05866666667</dst>
            <dst id="WASHng">11223.04</dst>
        </src>
        <src id="LOSAng">
            <dst id="ATLA-M5">50.544</dst>
            <dst id="ATLAng">8996.64533333333</dst>
            <dst id="CHINng">117423.690666667</dst>
            <dst id="DNVRng">21928.8346666667</dst>
            <dst id="HSTNng">6479.18133333333</dst>
            <dst id="IPLSng">9359.49866666666</dst>
            <dst id="KSCYng">3625.82133333333</dst>
            <dst id="LOSAng">18840.2586666667</dst>
            <dst id="NYCMng">32404.6853333333</dst>
            <dst id="SNVAng">23952.7146666667</dst>
            <dst id="STTLng">32998.8346666667</dst>
            <dst id="WASHng">21888.592</dst>
        </src>
        <src id="NYCMng">
            <dst id="ATLA-M5">87.4826666666667</dst>
            <dst id="ATLAng">18149.2053333333</dst>
            <dst id="CHINng">14492.176</dst>
            <dst id="DNVRng">26482.7573333333</dst>
            <dst id="HSTNng">17306.912</dst>
            <dst id="IPLSng">27336.832</dst>
            <dst id="KSCYng">3960.168</dst>
            <dst id="LOSAng">73660.016</dst>
            <dst id="NYCMng">95729.792</dst>
            <dst id="SNVAng">1555.45333333333</dst>
            <dst id="STTLng">17307.2106666667</dst>
            <dst id="WASHng">38815.12</dst>
        </src>
        <src id="SNVAng">
            <dst id="ATLA-M5">0</dst>
            <dst id="ATLAng">26.6666666666667</dst>
            <dst id="CHINng">0</dst>
            <dst id="DNVRng">8930.65066666666</dst>
            <dst id="HSTNng">40.896</dst>
            <dst id="IPLSng">188.154666666667</dst>
            <dst id="KSCYng">0</dst>
            <dst id="LOSAng">36090.9946666667</dst>
            <dst id="NYCMng">472.704</dst>
            <dst id="SNVAng">6559.37333333333</dst>
            <dst id="STTLng">29249.7786666667</dst>
            <dst id="WASHng">26.6666666666667</dst>
        </src>
        <src id="STTLng">
            <dst id="ATLA-M5">406.194666666667</dst>
            <dst id="ATLAng">8192.432</dst>
            <dst id="CHINng">17162.312</dst>
            <dst id="DNVRng">3529.58133333333</dst>
            <dst id="HSTNng">1535.224</dst>
            <dst id="IPLSng">8242.58133333333</dst>
            <dst id="KSCYng">1271.92533333333</dst>
            <dst id="LOSAng">28198.584</dst>
            <dst id="NYCMng">12589.4373333333</dst>
            <dst id="SNVAng">5953.104</dst>
            <dst id="STTLng">20306.2133333333</dst>
            <dst id="WASHng">8090.14933333333</dst>
        </src>
        <src id="WASHng">
            <dst id="ATLA-M5">1111.15733333333</dst>
            <dst id="ATLAng">73567.04</dst>
            <dst id="CHINng">99652.696</dst>
            <dst id="DNVRng">57311.5173333333</dst>
            <dst id="HSTNng">40124.152</dst>
            <dst id="IPLSng">45494.7333333333</dst>
            <dst id="KSCYng">14153.2933333333</dst>
            <dst id="LOSAng">59628.4373333333</dst>
            <dst id="NYCMng">145422.693333333</dst>
            <dst id="SNVAng">10286.2693333333</dst>
            <dst id="STTLng">38739.624</dst>
            <dst id="WASHng">284929.92</dst>
        </src>
    </IntraTM>
</TrafficMatrixFile>
