<?xml version="1.0" encoding="ISO-8859-1" standalone="yes"?>
<TrafficMatrixFile xsi:noNamespaceSchemaLocation="http://totem.run.montefiore.ulg.ac.be/Schema/TrafficMatrix-v1_2.xsd" xmlns:xsi="http://www.w3.org/2001/XMLSchema-instance">
    <IntraTM ASID="11537">
        <src id="ATLA-M5">
            <dst id="ATLA-M5">0</dst>
            <dst id="ATLAng">28</dst>
            <dst id="CHINng">92.5146666666667</dst>
            <dst id="DNVRng">0</dst>
            <dst id="HSTNng">26.6666666666667</dst>
            <dst id="IPLSng">59.84</dst>
            <dst id="KSCYng">0</dst>
            <dst id="LOSAng">225.509333333333</dst>
            <dst id="NYCMng">26.6666666666667</dst>
            <dst id="SNVAng">0</dst>
            <dst id="STTLng">119.989333333333</dst>
            <dst id="WASHng">375.458666666667</dst>
        </src>
        <src id="ATLAng">
            <dst id="ATLA-M5">194.938666666667</dst>
            <dst id="ATLAng">44258.64</dst>
            <dst id="CHINng">4884.65333333333</dst>
            <dst id="DNVRng">2092.056</dst>
            <dst id="HSTNng">3347.43466666667</dst>
            <dst id="IPLSng">25574.6453333333</dst>
            <dst id="KSCYng">820.048</dst>
            <dst id="LOSAng">8334.804</dst>
            <dst id="NYCMng">3812.13066666667</dst>
            <dst id="SNVAng">204.985333333333</dst>
            <dst id="STTLng">10363.7493333333</dst>
            <dst id="WASHng">22538.624</dst>
        </src>
        <src id="CHINng">
            <dst id="ATLA-M5">26.6666666666667</dst>
            <dst id="ATLAng">21827.3626666667</dst>
            <dst id="CHINng">46118.888</dst>
            <dst id="DNVRng">29061.9226666667</dst>
            <dst id="HSTNng">5698.21333333333</dst>
            <dst id="IPLSng">28995.912</dst>
            <dst id="KSCYng">7574.03466666667</dst>
            <dst id="LOSAng">43112.6266666667</dst>
            <dst id="NYCMng">16222.0933333333</dst>
            <dst id="SNVAng">2541.67466666667</dst>
            <dst id="STTLng">6900.80266666667</dst>
            <dst id="WASHng">51092.144</dst>
        </src>
        <src id="DNVRng">
            <dst id="ATLA-M5">290.045333333333</dst>
            <dst id="ATLAng">4760.95466666667</dst>
            <dst id="CHINng">43416.6346666667</dst>
            <dst id="DNVRng">7874.752</dst>
            <dst id="HSTNng">13150.9466666667</dst>
            <dst id="IPLSng">45259.464</dst>
            <dst id="KSCYng">14929.6213333333</dst>
            <dst id="LOSAng">14040.5253333333</dst>
            <dst id="NYCMng">12430.3253333333</dst>
            <dst id="SNVAng">10807.7093333333</dst>
            <dst id="STTLng">22550.0293333333</dst>
            <dst id="WASHng">35451.296</dst>
        </src>
        <src id="HSTNng">
            <dst id="ATLA-M5">119.424</dst>
            <dst id="ATLAng">11756.6986666667</dst>
            <dst id="CHINng">8580.832</dst>
            <dst id="DNVRng">1643.73866666667</dst>
            <dst id="HSTNng">13859.2586666667</dst>
            <dst id="IPLSng">1708.12533333333</dst>
            <dst id="KSCYng">1189.53866666667</dst>
            <dst id="LOSAng">3768.464</dst>
            <dst id="NYCMng">4479.19466666667</dst>
            <dst id="SNVAng">190.714666666667</dst>
            <dst id="STTLng">2626.98933333333</dst>
            <dst id="WASHng">22858.912</dst>
        </src>
        <src id="IPLSng">
            <dst id="ATLA-M5">80</dst>
            <dst id="ATLAng">27500.2186666667</dst>
            <dst id="CHINng">66795.48</dst>
            <dst id="DNVRng">13725.5413333333</dst>
            <dst id="HSTNng">2579.89866666667</dst>
            <dst id="IPLSng">34952.5813333333</dst>
            <dst id="KSCYng">5488.14133333333</dst>
            <dst id="LOSAng">29058.7733333333</dst>
            <dst id="NYCMng">29144.648</dst>
            <dst id="SNVAng">1254.67466666667</dst>
            <dst id="STTLng">9340.65333333333</dst>
            <dst id="WASHng">26960.8853333333</dst>
        </src>
        <src id="KSCYng">
            <dst id="ATLA-M5">0</dst>
            <dst id="ATLAng">1835.16</dst>
            <dst id="CHINng">14880.2933333333</dst>
            <dst id="DNVRng">9718.05066666666</dst>
            <dst id="HSTNng">11754.8933333333</dst>
            <dst id="IPLSng">11180.4133333333</dst>
            <dst id="KSCYng">4529.112</dst>
            <dst id="LOSAng">6554.992</dst>
            <dst id="NYCMng">3327.22133333333</dst>
            <dst id="SNVAng">2814.4</dst>
            <dst id="STTLng">3382.21333333333</dst>
            <dst id="WASHng">15346.088</dst>
        </src>
        <src id="LOSAng">
            <dst id="ATLA-M5">899.28</dst>
            <dst id="ATLAng">21442.952</dst>
            <dst id="CHINng">66290.504</dst>
            <dst id="DNVRng">27895.352</dst>
            <dst id="HSTNng">9909.232</dst>
            <dst id="IPLSng">10424.288</dst>
            <dst id="KSCYng">5006.456</dst>
            <dst id="LOSAng">18225.4293333333</dst>
            <dst id="NYCMng">34950.0186666667</dst>
            <dst id="SNVAng">15216.4133333333</dst>
            <dst id="STTLng">23239.608</dst>
            <dst id="WASHng">36672.536</dst>
        </src>
        <src id="NYCMng">
            <dst id="ATLA-M5">711.858666666667</dst>
            <dst id="ATLAng">19404.9626666667</dst>
            <dst id="CHINng">20021.1226666667</dst>
            <dst id="DNVRng">31421.3973333333</dst>
            <dst id="HSTNng">9408.008</dst>
            <dst id="IPLSng">40756.4293333333</dst>
            <dst id="KSCYng">14700.5173333333</dst>
            <dst id="LOSAng">78954.7253333333</dst>
            <dst id="NYCMng">85462.816</dst>
            <dst id="SNVAng">7648.61866666667</dst>
            <dst id="STTLng">26805.3173333333</dst>
            <dst id="WASHng">62297.4666666667</dst>
        </src>
        <src id="SNVAng">
            <dst id="ATLA-M5">0</dst>
            <dst id="ATLAng">128.725333333333</dst>
            <dst id="CHINng">26.6666666666667</dst>
            <dst id="DNVRng">12100.752</dst>
            <dst id="HSTNng">115.842666666667</dst>
            <dst id="IPLSng">7968.4</dst>
            <dst id="KSCYng">56</dst>
            <dst id="LOSAng">37630.4586666667</dst>
            <dst id="NYCMng">536.522666666667</dst>
            <dst id="SNVAng">5215.25333333333</dst>
            <dst id="STTLng">29181.168</dst>
            <dst id="WASHng">53.3333333333333</dst>
        </src>
        <src id="STTLng">
            <dst id="ATLA-M5">53.3333333333333</dst>
            <dst id="ATLAng">7638.608</dst>
            <dst id="CHINng">15461.04</dst>
            <dst id="DNVRng">5235.01333333333</dst>
            <dst id="HSTNng">3245.824</dst>
            <dst id="IPLSng">8005.056</dst>
            <dst id="KSCYng">4280.064</dst>
            <dst id="LOSAng">22726.944</dst>
            <dst id="NYCMng">14615.8026666667</dst>
            <dst id="SNVAng">2927.432</dst>
            <dst id="STTLng">1469.12</dst>
            <dst id="WASHng">11073.9386666667</dst>
        </src>
        <src id="WASHng">
            <dst id="ATLA-M5">53.3333333333333</dst>
            <dst id="ATLAng">125198.632</dst>
            <dst id="CHINng">41833.2293333333</dst>
            <dst id="DNVRng">81994.6693333333</dst>
            <dst id="HSTNng">11916.5013333333</dst>
            <dst id="IPLSng">62034.0293333333</dst>
            <dst id="KSCYng">8476.608</dst>
            <dst id="LOSAng">81965.7946666667</dst>
            <dst id="NYCMng">133830.088</dst>
            <dst id="SNVAng">19289.6</dst>
            <dst id="STTLng">47643.4346666667</dst>
            <dst id="WASHng">204591.6</dst>
        </src>
    </IntraTM>
</TrafficMatrixFile>
