<?xml version="1.0" encoding="ISO-8859-1" standalone="yes"?>
<TrafficMatrixFile xsi:noNamespaceSchemaLocation="http://totem.run.montefiore.ulg.ac.be/Schema/TrafficMatrix-v1_2.xsd" xmlns:xsi="http://www.w3.org/2001/XMLSchema-instance">
    <IntraTM ASID="11537">
        <src id="ATLA-M5">
            <dst id="ATLA-M5">58.6906666666667</dst>
            <dst id="ATLAng">1900.79466666667</dst>
            <dst id="CHINng">455.021333333333</dst>
            <dst id="DNVRng">0</dst>
            <dst id="HSTNng">57.4213333333333</dst>
            <dst id="IPLSng">0</dst>
            <dst id="KSCYng">161.997333333333</dst>
            <dst id="LOSAng">333.250666666667</dst>
            <dst id="NYCMng">0</dst>
            <dst id="SNVAng">0</dst>
            <dst id="STTLng">48</dst>
            <dst id="WASHng">382.549333333333</dst>
        </src>
        <src id="ATLAng">
            <dst id="ATLA-M5">574.317333333334</dst>
            <dst id="ATLAng">91708.0186666667</dst>
            <dst id="CHINng">6735.62666666667</dst>
            <dst id="DNVRng">2392.032</dst>
            <dst id="HSTNng">2530.344</dst>
            <dst id="IPLSng">21273.104</dst>
            <dst id="KSCYng">1871.536</dst>
            <dst id="LOSAng">12219.7986666667</dst>
            <dst id="NYCMng">2902.52</dst>
            <dst id="SNVAng">834.118666666667</dst>
            <dst id="STTLng">6752.74933333333</dst>
            <dst id="WASHng">26477.4346666667</dst>
        </src>
        <src id="CHINng">
            <dst id="ATLA-M5">141.904</dst>
            <dst id="ATLAng">26536.232</dst>
            <dst id="CHINng">48630.3573333333</dst>
            <dst id="DNVRng">7027.61333333333</dst>
            <dst id="HSTNng">9640.74933333333</dst>
            <dst id="IPLSng">23684.008</dst>
            <dst id="KSCYng">15155.6133333333</dst>
            <dst id="LOSAng">46932.7546666667</dst>
            <dst id="NYCMng">14874.72</dst>
            <dst id="SNVAng">6876.63466666666</dst>
            <dst id="STTLng">4647.44266666667</dst>
            <dst id="WASHng">38415.072</dst>
        </src>
        <src id="DNVRng">
            <dst id="ATLA-M5">348.176</dst>
            <dst id="ATLAng">6430.74933333333</dst>
            <dst id="CHINng">46618.568</dst>
            <dst id="DNVRng">13983.2026666667</dst>
            <dst id="HSTNng">14459.704</dst>
            <dst id="IPLSng">48406.624</dst>
            <dst id="KSCYng">17850.2693333333</dst>
            <dst id="LOSAng">22218.752</dst>
            <dst id="NYCMng">17864.624</dst>
            <dst id="SNVAng">13765.1466666667</dst>
            <dst id="STTLng">21110.0906666667</dst>
            <dst id="WASHng">38242.7733333333</dst>
        </src>
        <src id="HSTNng">
            <dst id="ATLA-M5">127.488</dst>
            <dst id="ATLAng">8724.09066666667</dst>
            <dst id="CHINng">23406.984</dst>
            <dst id="DNVRng">1496.54666666667</dst>
            <dst id="HSTNng">15218.472</dst>
            <dst id="IPLSng">3133.6</dst>
            <dst id="KSCYng">1559.608</dst>
            <dst id="LOSAng">2685.13333333333</dst>
            <dst id="NYCMng">1932.74666666667</dst>
            <dst id="SNVAng">60.256</dst>
            <dst id="STTLng">4459.056</dst>
            <dst id="WASHng">22405.6293333333</dst>
        </src>
        <src id="IPLSng">
            <dst id="ATLA-M5">0</dst>
            <dst id="ATLAng">35338.3253333333</dst>
            <dst id="CHINng">52229.3813333333</dst>
            <dst id="DNVRng">12646.0186666667</dst>
            <dst id="HSTNng">1050.49333333333</dst>
            <dst id="IPLSng">19359.6453333333</dst>
            <dst id="KSCYng">10694.4986666667</dst>
            <dst id="LOSAng">19786.3626666667</dst>
            <dst id="NYCMng">21585.2506666667</dst>
            <dst id="SNVAng">1303.01066666667</dst>
            <dst id="STTLng">10572.224</dst>
            <dst id="WASHng">26933.696</dst>
        </src>
        <src id="KSCYng">
            <dst id="ATLA-M5">26.6666666666667</dst>
            <dst id="ATLAng">3909.37066666667</dst>
            <dst id="CHINng">16485.0586666667</dst>
            <dst id="DNVRng">11875.6</dst>
            <dst id="HSTNng">11409.4613333333</dst>
            <dst id="IPLSng">15350.2266666667</dst>
            <dst id="KSCYng">6117.456</dst>
            <dst id="LOSAng">7336.73066666667</dst>
            <dst id="NYCMng">3435.584</dst>
            <dst id="SNVAng">3850.54666666667</dst>
            <dst id="STTLng">3190.93866666667</dst>
            <dst id="WASHng">13469.4266666667</dst>
        </src>
        <src id="LOSAng">
            <dst id="ATLA-M5">530.450666666667</dst>
            <dst id="ATLAng">19827.3546666667</dst>
            <dst id="CHINng">77636.0346666667</dst>
            <dst id="DNVRng">36120.584</dst>
            <dst id="HSTNng">5024.168</dst>
            <dst id="IPLSng">13152.7786666667</dst>
            <dst id="KSCYng">13256.336</dst>
            <dst id="LOSAng">15761.976</dst>
            <dst id="NYCMng">35470.8053333333</dst>
            <dst id="SNVAng">19980.7866666667</dst>
            <dst id="STTLng">22104.2906666667</dst>
            <dst id="WASHng">47750.3626666667</dst>
        </src>
        <src id="NYCMng">
            <dst id="ATLA-M5">1092.44</dst>
            <dst id="ATLAng">28968.0506666667</dst>
            <dst id="CHINng">15213.3013333333</dst>
            <dst id="DNVRng">33663.1813333333</dst>
            <dst id="HSTNng">9530</dst>
            <dst id="IPLSng">39905.0933333333</dst>
            <dst id="KSCYng">9012.25333333333</dst>
            <dst id="LOSAng">74868.5733333333</dst>
            <dst id="NYCMng">124336.850666667</dst>
            <dst id="SNVAng">6378.872</dst>
            <dst id="STTLng">27463.288</dst>
            <dst id="WASHng">96513.0506666667</dst>
        </src>
        <src id="SNVAng">
            <dst id="ATLA-M5">0</dst>
            <dst id="ATLAng">57.2586666666667</dst>
            <dst id="CHINng">0</dst>
            <dst id="DNVRng">3964.33866666667</dst>
            <dst id="HSTNng">60.0746666666667</dst>
            <dst id="IPLSng">8917.656</dst>
            <dst id="KSCYng">26.6666666666667</dst>
            <dst id="LOSAng">43421.9866666667</dst>
            <dst id="NYCMng">2742.28266666667</dst>
            <dst id="SNVAng">6931.73066666667</dst>
            <dst id="STTLng">34050.872</dst>
            <dst id="WASHng">76.9866666666667</dst>
        </src>
        <src id="STTLng">
            <dst id="ATLA-M5">46.1786666666667</dst>
            <dst id="ATLAng">8705.54933333333</dst>
            <dst id="CHINng">12994.7173333333</dst>
            <dst id="DNVRng">3550.856</dst>
            <dst id="HSTNng">4762.792</dst>
            <dst id="IPLSng">7277.09866666667</dst>
            <dst id="KSCYng">2987.76533333333</dst>
            <dst id="LOSAng">24930.304</dst>
            <dst id="NYCMng">11275.1786666667</dst>
            <dst id="SNVAng">4103.89333333333</dst>
            <dst id="STTLng">4535.256</dst>
            <dst id="WASHng">6878.4</dst>
        </src>
        <src id="WASHng">
            <dst id="ATLA-M5">89.9626666666667</dst>
            <dst id="ATLAng">101340.381333333</dst>
            <dst id="CHINng">46923.0506666667</dst>
            <dst id="DNVRng">74270.192</dst>
            <dst id="HSTNng">13957.0106666667</dst>
            <dst id="IPLSng">57474.9493333333</dst>
            <dst id="KSCYng">10380.736</dst>
            <dst id="LOSAng">72603.576</dst>
            <dst id="NYCMng">135886.802666667</dst>
            <dst id="SNVAng">13769.9653333333</dst>
            <dst id="STTLng">51343.976</dst>
            <dst id="WASHng">221432.968</dst>
        </src>
    </IntraTM>
</TrafficMatrixFile>
