<?xml version="1.0" encoding="ISO-8859-1" standalone="yes"?>
<TrafficMatrixFile xsi:noNamespaceSchemaLocation="http://totem.run.montefiore.ulg.ac.be/Schema/TrafficMatrix-v1_2.xsd" xmlns:xsi="http://www.w3.org/2001/XMLSchema-instance">
    <IntraTM ASID="11537">
        <src id="ATLA-M5">
            <dst id="ATLA-M5">0</dst>
            <dst id="ATLAng">26.6666666666667</dst>
            <dst id="CHINng">123.909333333333</dst>
            <dst id="DNVRng">0</dst>
            <dst id="HSTNng">65.9253333333333</dst>
            <dst id="IPLSng">0</dst>
            <dst id="KSCYng">53.3333333333333</dst>
            <dst id="LOSAng">404.522666666667</dst>
            <dst id="NYCMng">70.9546666666667</dst>
            <dst id="SNVAng">0</dst>
            <dst id="STTLng">26.6666666666667</dst>
            <dst id="WASHng">1781.82666666667</dst>
        </src>
        <src id="ATLAng">
            <dst id="ATLA-M5">306.184</dst>
            <dst id="ATLAng">29580.9226666667</dst>
            <dst id="CHINng">5966.68</dst>
            <dst id="DNVRng">2717.77333333333</dst>
            <dst id="HSTNng">1790.696</dst>
            <dst id="IPLSng">44202.5733333333</dst>
            <dst id="KSCYng">426.557333333333</dst>
            <dst id="LOSAng">14531.348</dst>
            <dst id="NYCMng">8192.81866666667</dst>
            <dst id="SNVAng">123.025333333333</dst>
            <dst id="STTLng">11692.256</dst>
            <dst id="WASHng">21331.2293333333</dst>
        </src>
        <src id="CHINng">
            <dst id="ATLA-M5">26.6666666666667</dst>
            <dst id="ATLAng">19214.8373333333</dst>
            <dst id="CHINng">41259.96</dst>
            <dst id="DNVRng">7970.35733333333</dst>
            <dst id="HSTNng">5313.61333333333</dst>
            <dst id="IPLSng">30863.4746666667</dst>
            <dst id="KSCYng">4902.448</dst>
            <dst id="LOSAng">43878.7226666667</dst>
            <dst id="NYCMng">16912.7706666667</dst>
            <dst id="SNVAng">3475.776</dst>
            <dst id="STTLng">8454.62133333333</dst>
            <dst id="WASHng">30649.3413333333</dst>
        </src>
        <src id="DNVRng">
            <dst id="ATLA-M5">343.682666666667</dst>
            <dst id="ATLAng">2531.624</dst>
            <dst id="CHINng">46834.56</dst>
            <dst id="DNVRng">10967.2533333333</dst>
            <dst id="HSTNng">14545.64</dst>
            <dst id="IPLSng">47480.144</dst>
            <dst id="KSCYng">25341.4826666667</dst>
            <dst id="LOSAng">19814.8053333333</dst>
            <dst id="NYCMng">16503.7813333333</dst>
            <dst id="SNVAng">16727.2826666667</dst>
            <dst id="STTLng">39356.5306666667</dst>
            <dst id="WASHng">35288.5706666667</dst>
        </src>
        <src id="HSTNng">
            <dst id="ATLA-M5">3394.73066666667</dst>
            <dst id="ATLAng">13049.288</dst>
            <dst id="CHINng">8524.81333333333</dst>
            <dst id="DNVRng">633.898666666667</dst>
            <dst id="HSTNng">14540.0266666667</dst>
            <dst id="IPLSng">6087.84</dst>
            <dst id="KSCYng">1302.41866666667</dst>
            <dst id="LOSAng">7741.144</dst>
            <dst id="NYCMng">2150.192</dst>
            <dst id="SNVAng">204.88</dst>
            <dst id="STTLng">1736.38666666667</dst>
            <dst id="WASHng">6740.43466666667</dst>
        </src>
        <src id="IPLSng">
            <dst id="ATLA-M5">26.6666666666667</dst>
            <dst id="ATLAng">22107.9493333333</dst>
            <dst id="CHINng">54469.3866666667</dst>
            <dst id="DNVRng">5971.464</dst>
            <dst id="HSTNng">1081.536</dst>
            <dst id="IPLSng">25658.152</dst>
            <dst id="KSCYng">6141.12533333333</dst>
            <dst id="LOSAng">28947.0586666667</dst>
            <dst id="NYCMng">31084.8586666667</dst>
            <dst id="SNVAng">1761.11733333333</dst>
            <dst id="STTLng">13892.632</dst>
            <dst id="WASHng">7640.00266666667</dst>
        </src>
        <src id="KSCYng">
            <dst id="ATLA-M5">483.901333333333</dst>
            <dst id="ATLAng">1921.82666666667</dst>
            <dst id="CHINng">15897.4373333333</dst>
            <dst id="DNVRng">11180.2453333333</dst>
            <dst id="HSTNng">11406.496</dst>
            <dst id="IPLSng">14983.6773333333</dst>
            <dst id="KSCYng">5762.648</dst>
            <dst id="LOSAng">5815.36533333333</dst>
            <dst id="NYCMng">4747.53866666667</dst>
            <dst id="SNVAng">2722.07466666667</dst>
            <dst id="STTLng">6815.51466666667</dst>
            <dst id="WASHng">13758.0506666667</dst>
        </src>
        <src id="LOSAng">
            <dst id="ATLA-M5">377.605333333333</dst>
            <dst id="ATLAng">23491.9706666667</dst>
            <dst id="CHINng">72619.952</dst>
            <dst id="DNVRng">41484.92</dst>
            <dst id="HSTNng">6261.64</dst>
            <dst id="IPLSng">21116.6533333333</dst>
            <dst id="KSCYng">4192.89066666667</dst>
            <dst id="LOSAng">22099.8186666667</dst>
            <dst id="NYCMng">30543.184</dst>
            <dst id="SNVAng">13873.6026666667</dst>
            <dst id="STTLng">31676.1146666667</dst>
            <dst id="WASHng">27433.6293333333</dst>
        </src>
        <src id="NYCMng">
            <dst id="ATLA-M5">251.712</dst>
            <dst id="ATLAng">25772.512</dst>
            <dst id="CHINng">17110.328</dst>
            <dst id="DNVRng">38502.584</dst>
            <dst id="HSTNng">6861.15733333333</dst>
            <dst id="IPLSng">14190.5786666667</dst>
            <dst id="KSCYng">14307.912</dst>
            <dst id="LOSAng">80420.1173333333</dst>
            <dst id="NYCMng">96341.2826666667</dst>
            <dst id="SNVAng">2708.41866666667</dst>
            <dst id="STTLng">27510.4426666667</dst>
            <dst id="WASHng">65355.536</dst>
        </src>
        <src id="SNVAng">
            <dst id="ATLA-M5">0</dst>
            <dst id="ATLAng">36.9066666666667</dst>
            <dst id="CHINng">26.6666666666667</dst>
            <dst id="DNVRng">60598.2773333333</dst>
            <dst id="HSTNng">128.834666666667</dst>
            <dst id="IPLSng">170.288</dst>
            <dst id="KSCYng">87.2106666666667</dst>
            <dst id="LOSAng">34518.1066666667</dst>
            <dst id="NYCMng">555.413333333333</dst>
            <dst id="SNVAng">8024.96</dst>
            <dst id="STTLng">38826.2666666667</dst>
            <dst id="WASHng">0</dst>
        </src>
        <src id="STTLng">
            <dst id="ATLA-M5">26.6666666666667</dst>
            <dst id="ATLAng">10018.384</dst>
            <dst id="CHINng">14849.3333333333</dst>
            <dst id="DNVRng">2688.47466666667</dst>
            <dst id="HSTNng">2862.10133333333</dst>
            <dst id="IPLSng">8728.90933333333</dst>
            <dst id="KSCYng">1477.14133333333</dst>
            <dst id="LOSAng">19685.92</dst>
            <dst id="NYCMng">11904.6666666667</dst>
            <dst id="SNVAng">2925.54666666667</dst>
            <dst id="STTLng">4018.512</dst>
            <dst id="WASHng">11939.4133333333</dst>
        </src>
        <src id="WASHng">
            <dst id="ATLA-M5">216.906666666667</dst>
            <dst id="ATLAng">123666.637333333</dst>
            <dst id="CHINng">50832.96</dst>
            <dst id="DNVRng">91086.912</dst>
            <dst id="HSTNng">21429.0133333333</dst>
            <dst id="IPLSng">54899.4026666667</dst>
            <dst id="KSCYng">9833.78666666667</dst>
            <dst id="LOSAng">76055.2</dst>
            <dst id="NYCMng">124797.077333333</dst>
            <dst id="SNVAng">9030.832</dst>
            <dst id="STTLng">38985.632</dst>
            <dst id="WASHng">220493.018666667</dst>
        </src>
    </IntraTM>
</TrafficMatrixFile>
