<?xml version="1.0" encoding="ISO-8859-1" standalone="yes"?>
<TrafficMatrixFile xsi:noNamespaceSchemaLocation="http://totem.run.montefiore.ulg.ac.be/Schema/TrafficMatrix-v1_2.xsd" xmlns:xsi="http://www.w3.org/2001/XMLSchema-instance">
    <IntraTM ASID="11537">
        <src id="ATLA-M5">
            <dst id="ATLA-M5">533.186666666667</dst>
            <dst id="ATLAng">572.549333333333</dst>
            <dst id="CHINng">0</dst>
            <dst id="DNVRng">0</dst>
            <dst id="HSTNng">172.138666666667</dst>
            <dst id="IPLSng">114.408</dst>
            <dst id="KSCYng">0</dst>
            <dst id="LOSAng">160</dst>
            <dst id="NYCMng">102.205333333333</dst>
            <dst id="SNVAng">0</dst>
            <dst id="STTLng">80</dst>
            <dst id="WASHng">1857.21866666667</dst>
        </src>
        <src id="ATLAng">
            <dst id="ATLA-M5">278.301333333333</dst>
            <dst id="ATLAng">34443.968</dst>
            <dst id="CHINng">15574.784</dst>
            <dst id="DNVRng">11980.9706666667</dst>
            <dst id="HSTNng">4821.28266666667</dst>
            <dst id="IPLSng">20238.7253333333</dst>
            <dst id="KSCYng">13102.6293333333</dst>
            <dst id="LOSAng">17075.2253333333</dst>
            <dst id="NYCMng">11550.504</dst>
            <dst id="SNVAng">1266.33733333333</dst>
            <dst id="STTLng">10795.0293333333</dst>
            <dst id="WASHng">54726.1146666667</dst>
        </src>
        <src id="CHINng">
            <dst id="ATLA-M5">416.421333333333</dst>
            <dst id="ATLAng">31709.512</dst>
            <dst id="CHINng">63856.1493333333</dst>
            <dst id="DNVRng">6901.05066666667</dst>
            <dst id="HSTNng">21555.8</dst>
            <dst id="IPLSng">30642.6773333333</dst>
            <dst id="KSCYng">16419.448</dst>
            <dst id="LOSAng">27700.2773333333</dst>
            <dst id="NYCMng">10916.6933333333</dst>
            <dst id="SNVAng">11546.2586666667</dst>
            <dst id="STTLng">8441.808</dst>
            <dst id="WASHng">42766.6293333333</dst>
        </src>
        <src id="DNVRng">
            <dst id="ATLA-M5">321.952</dst>
            <dst id="ATLAng">16230.112</dst>
            <dst id="CHINng">76445.032</dst>
            <dst id="DNVRng">13709.4826666667</dst>
            <dst id="HSTNng">19739.5546666667</dst>
            <dst id="IPLSng">37325.0426666667</dst>
            <dst id="KSCYng">31620.3786666667</dst>
            <dst id="LOSAng">17783.536</dst>
            <dst id="NYCMng">22834.536</dst>
            <dst id="SNVAng">19916.1173333333</dst>
            <dst id="STTLng">16907.8346666667</dst>
            <dst id="WASHng">37379.5386666667</dst>
        </src>
        <src id="HSTNng">
            <dst id="ATLA-M5">885.506666666667</dst>
            <dst id="ATLAng">6359.632</dst>
            <dst id="CHINng">18540.752</dst>
            <dst id="DNVRng">1013.896</dst>
            <dst id="HSTNng">16105.232</dst>
            <dst id="IPLSng">3861.75733333333</dst>
            <dst id="KSCYng">2324.76</dst>
            <dst id="LOSAng">7516.464</dst>
            <dst id="NYCMng">3937.232</dst>
            <dst id="SNVAng">170.922666666667</dst>
            <dst id="STTLng">480.336</dst>
            <dst id="WASHng">4752.384</dst>
        </src>
        <src id="IPLSng">
            <dst id="ATLA-M5">281.282666666667</dst>
            <dst id="ATLAng">24119.8106666667</dst>
            <dst id="CHINng">78502.5973333333</dst>
            <dst id="DNVRng">11755.7893333333</dst>
            <dst id="HSTNng">2397.944</dst>
            <dst id="IPLSng">30220.5173333333</dst>
            <dst id="KSCYng">6213.15733333333</dst>
            <dst id="LOSAng">21769.656</dst>
            <dst id="NYCMng">44683.696</dst>
            <dst id="SNVAng">7007.74133333334</dst>
            <dst id="STTLng">6376.50666666667</dst>
            <dst id="WASHng">21254.2506666667</dst>
        </src>
        <src id="KSCYng">
            <dst id="ATLA-M5">110.485333333333</dst>
            <dst id="ATLAng">10609.432</dst>
            <dst id="CHINng">30895.5013333333</dst>
            <dst id="DNVRng">10978.6773333333</dst>
            <dst id="HSTNng">3234.872</dst>
            <dst id="IPLSng">15293.6746666667</dst>
            <dst id="KSCYng">8714.48</dst>
            <dst id="LOSAng">7174.53066666667</dst>
            <dst id="NYCMng">3237.68</dst>
            <dst id="SNVAng">5724.68533333333</dst>
            <dst id="STTLng">2762.544</dst>
            <dst id="WASHng">19111.5253333333</dst>
        </src>
        <src id="LOSAng">
            <dst id="ATLA-M5">1053.56</dst>
            <dst id="ATLAng">20174.04</dst>
            <dst id="CHINng">138012.992</dst>
            <dst id="DNVRng">29112.6106666667</dst>
            <dst id="HSTNng">9656.69333333333</dst>
            <dst id="IPLSng">38034.0426666667</dst>
            <dst id="KSCYng">12467.9466666667</dst>
            <dst id="LOSAng">16129.3493333333</dst>
            <dst id="NYCMng">51121.592</dst>
            <dst id="SNVAng">20217.216</dst>
            <dst id="STTLng">21588.8053333333</dst>
            <dst id="WASHng">42172.3173333333</dst>
        </src>
        <src id="NYCMng">
            <dst id="ATLA-M5">392.234666666667</dst>
            <dst id="ATLAng">44625.9706666667</dst>
            <dst id="CHINng">19698.8986666667</dst>
            <dst id="DNVRng">35259.7466666667</dst>
            <dst id="HSTNng">10568.992</dst>
            <dst id="IPLSng">55160.144</dst>
            <dst id="KSCYng">14658.4133333333</dst>
            <dst id="LOSAng">78470.8266666667</dst>
            <dst id="NYCMng">139372.8</dst>
            <dst id="SNVAng">6031.408</dst>
            <dst id="STTLng">31402.472</dst>
            <dst id="WASHng">113632.930666667</dst>
        </src>
        <src id="SNVAng">
            <dst id="ATLA-M5">0</dst>
            <dst id="ATLAng">43.6266666666667</dst>
            <dst id="CHINng">116.882666666667</dst>
            <dst id="DNVRng">8472.86133333333</dst>
            <dst id="HSTNng">32.4693333333333</dst>
            <dst id="IPLSng">2251.64266666667</dst>
            <dst id="KSCYng">116.832</dst>
            <dst id="LOSAng">37616.0186666667</dst>
            <dst id="NYCMng">471.408</dst>
            <dst id="SNVAng">8586.424</dst>
            <dst id="STTLng">30173.0266666667</dst>
            <dst id="WASHng">438.992</dst>
        </src>
        <src id="STTLng">
            <dst id="ATLA-M5">288.746666666667</dst>
            <dst id="ATLAng">13758</dst>
            <dst id="CHINng">24662.128</dst>
            <dst id="DNVRng">4401.128</dst>
            <dst id="HSTNng">3394.64533333333</dst>
            <dst id="IPLSng">14761.8586666667</dst>
            <dst id="KSCYng">7547.86133333333</dst>
            <dst id="LOSAng">23989.464</dst>
            <dst id="NYCMng">16358.4586666667</dst>
            <dst id="SNVAng">5269.088</dst>
            <dst id="STTLng">6019.808</dst>
            <dst id="WASHng">24554.5733333333</dst>
        </src>
        <src id="WASHng">
            <dst id="ATLA-M5">3381.29866666667</dst>
            <dst id="ATLAng">148824.365333333</dst>
            <dst id="CHINng">59856.2053333333</dst>
            <dst id="DNVRng">73807.2453333333</dst>
            <dst id="HSTNng">30202.976</dst>
            <dst id="IPLSng">60193.1173333333</dst>
            <dst id="KSCYng">30937.1653333333</dst>
            <dst id="LOSAng">54515.1573333333</dst>
            <dst id="NYCMng">167328.816</dst>
            <dst id="SNVAng">17528.528</dst>
            <dst id="STTLng">44418.6933333333</dst>
            <dst id="WASHng">363202.72</dst>
        </src>
    </IntraTM>
</TrafficMatrixFile>
