<?xml version="1.0" encoding="ISO-8859-1" standalone="yes"?>
<TrafficMatrixFile xsi:noNamespaceSchemaLocation="http://totem.run.montefiore.ulg.ac.be/Schema/TrafficMatrix-v1_2.xsd" xmlns:xsi="http://www.w3.org/2001/XMLSchema-instance">
    <IntraTM ASID="11537">
        <src id="ATLA-M5">
            <dst id="ATLA-M5">80</dst>
            <dst id="ATLAng">225.637333333333</dst>
            <dst id="CHINng">220.517333333333</dst>
            <dst id="DNVRng">26.6666666666667</dst>
            <dst id="HSTNng">203.877333333333</dst>
            <dst id="IPLSng">369.557333333333</dst>
            <dst id="KSCYng">53.8906666666667</dst>
            <dst id="LOSAng">236.512</dst>
            <dst id="NYCMng">53.3333333333333</dst>
            <dst id="SNVAng">13.3333333333333</dst>
            <dst id="STTLng">0</dst>
            <dst id="WASHng">1514.36</dst>
        </src>
        <src id="ATLAng">
            <dst id="ATLA-M5">391.784</dst>
            <dst id="ATLAng">23169.432</dst>
            <dst id="CHINng">8400.408</dst>
            <dst id="DNVRng">2327.69066666667</dst>
            <dst id="HSTNng">3781.376</dst>
            <dst id="IPLSng">27003.0186666667</dst>
            <dst id="KSCYng">1879.26933333333</dst>
            <dst id="LOSAng">6245.072</dst>
            <dst id="NYCMng">8751.50933333333</dst>
            <dst id="SNVAng">1312.16266666667</dst>
            <dst id="STTLng">10622.2053333333</dst>
            <dst id="WASHng">59900.368</dst>
        </src>
        <src id="CHINng">
            <dst id="ATLA-M5">180.256</dst>
            <dst id="ATLAng">35399.8453333333</dst>
            <dst id="CHINng">70206.1813333333</dst>
            <dst id="DNVRng">8543.232</dst>
            <dst id="HSTNng">32764.752</dst>
            <dst id="IPLSng">25394.9946666667</dst>
            <dst id="KSCYng">7246.97333333333</dst>
            <dst id="LOSAng">32542.4906666667</dst>
            <dst id="NYCMng">11883.1173333333</dst>
            <dst id="SNVAng">696.08</dst>
            <dst id="STTLng">3861.56266666667</dst>
            <dst id="WASHng">26953.3733333333</dst>
        </src>
        <src id="DNVRng">
            <dst id="ATLA-M5">154.24</dst>
            <dst id="ATLAng">11322.1386666667</dst>
            <dst id="CHINng">68863.184</dst>
            <dst id="DNVRng">11281.992</dst>
            <dst id="HSTNng">16235.9866666667</dst>
            <dst id="IPLSng">41623.464</dst>
            <dst id="KSCYng">25379.0293333333</dst>
            <dst id="LOSAng">8520.12</dst>
            <dst id="NYCMng">20999.9173333333</dst>
            <dst id="SNVAng">15688.664</dst>
            <dst id="STTLng">8934.528</dst>
            <dst id="WASHng">42439.2666666667</dst>
        </src>
        <src id="HSTNng">
            <dst id="ATLA-M5">2831.36</dst>
            <dst id="ATLAng">5180.49866666667</dst>
            <dst id="CHINng">17958.9573333333</dst>
            <dst id="DNVRng">1024.984</dst>
            <dst id="HSTNng">18553.8133333333</dst>
            <dst id="IPLSng">7241.04266666667</dst>
            <dst id="KSCYng">2174.72266666667</dst>
            <dst id="LOSAng">1839.42933333333</dst>
            <dst id="NYCMng">3803.81866666667</dst>
            <dst id="SNVAng">173.648</dst>
            <dst id="STTLng">832.370666666667</dst>
            <dst id="WASHng">3490.90133333333</dst>
        </src>
        <src id="IPLSng">
            <dst id="ATLA-M5">26.6666666666667</dst>
            <dst id="ATLAng">22412.9866666667</dst>
            <dst id="CHINng">62893.5573333333</dst>
            <dst id="DNVRng">5694.54933333333</dst>
            <dst id="HSTNng">4819.13066666667</dst>
            <dst id="IPLSng">25069.1493333333</dst>
            <dst id="KSCYng">5932.91466666667</dst>
            <dst id="LOSAng">15111.0373333333</dst>
            <dst id="NYCMng">35098.5733333333</dst>
            <dst id="SNVAng">3742.856</dst>
            <dst id="STTLng">13877.304</dst>
            <dst id="WASHng">26966.68</dst>
        </src>
        <src id="KSCYng">
            <dst id="ATLA-M5">106.666666666667</dst>
            <dst id="ATLAng">3857.07466666667</dst>
            <dst id="CHINng">19942.8053333333</dst>
            <dst id="DNVRng">10021.7146666667</dst>
            <dst id="HSTNng">7038.89866666667</dst>
            <dst id="IPLSng">13858.1626666667</dst>
            <dst id="KSCYng">10922.7786666667</dst>
            <dst id="LOSAng">6409.73333333333</dst>
            <dst id="NYCMng">1659.64266666667</dst>
            <dst id="SNVAng">2011.66933333333</dst>
            <dst id="STTLng">3635.42133333333</dst>
            <dst id="WASHng">15663.456</dst>
        </src>
        <src id="LOSAng">
            <dst id="ATLA-M5">801.8</dst>
            <dst id="ATLAng">21545.9333333333</dst>
            <dst id="CHINng">134129.528</dst>
            <dst id="DNVRng">25866.1706666667</dst>
            <dst id="HSTNng">8773.08266666667</dst>
            <dst id="IPLSng">34163.864</dst>
            <dst id="KSCYng">5126.216</dst>
            <dst id="LOSAng">19838.9813333333</dst>
            <dst id="NYCMng">42069.2186666667</dst>
            <dst id="SNVAng">14126.896</dst>
            <dst id="STTLng">29279.744</dst>
            <dst id="WASHng">48359.6746666667</dst>
        </src>
        <src id="NYCMng">
            <dst id="ATLA-M5">451.461333333333</dst>
            <dst id="ATLAng">40588.7653333333</dst>
            <dst id="CHINng">49807.3786666667</dst>
            <dst id="DNVRng">27754.1733333333</dst>
            <dst id="HSTNng">6556.112</dst>
            <dst id="IPLSng">26501.2986666667</dst>
            <dst id="KSCYng">18153.832</dst>
            <dst id="LOSAng">84980.224</dst>
            <dst id="NYCMng">122002.826666667</dst>
            <dst id="SNVAng">1492.60266666667</dst>
            <dst id="STTLng">20106.24</dst>
            <dst id="WASHng">70493.4666666667</dst>
        </src>
        <src id="SNVAng">
            <dst id="ATLA-M5">0</dst>
            <dst id="ATLAng">106.666666666667</dst>
            <dst id="CHINng">26.6666666666667</dst>
            <dst id="DNVRng">2608.38133333333</dst>
            <dst id="HSTNng">30.6986666666667</dst>
            <dst id="IPLSng">408.466666666667</dst>
            <dst id="KSCYng">241.002666666667</dst>
            <dst id="LOSAng">29441.1946666667</dst>
            <dst id="NYCMng">223.733333333333</dst>
            <dst id="SNVAng">6677</dst>
            <dst id="STTLng">28452.1466666667</dst>
            <dst id="WASHng">80</dst>
        </src>
        <src id="STTLng">
            <dst id="ATLA-M5">53.3333333333333</dst>
            <dst id="ATLAng">10686.7733333333</dst>
            <dst id="CHINng">37505.6933333333</dst>
            <dst id="DNVRng">4241.48</dst>
            <dst id="HSTNng">2415.97066666667</dst>
            <dst id="IPLSng">9615.01866666667</dst>
            <dst id="KSCYng">2387.55733333333</dst>
            <dst id="LOSAng">16924.4</dst>
            <dst id="NYCMng">13902.528</dst>
            <dst id="SNVAng">9628.728</dst>
            <dst id="STTLng">5922.608</dst>
            <dst id="WASHng">19481.088</dst>
        </src>
        <src id="WASHng">
            <dst id="ATLA-M5">226.538666666667</dst>
            <dst id="ATLAng">96329.4346666667</dst>
            <dst id="CHINng">57441.032</dst>
            <dst id="DNVRng">58421.88</dst>
            <dst id="HSTNng">20134.0373333333</dst>
            <dst id="IPLSng">78407.1333333333</dst>
            <dst id="KSCYng">17720.184</dst>
            <dst id="LOSAng">75351.8746666667</dst>
            <dst id="NYCMng">133971.242666667</dst>
            <dst id="SNVAng">8085.272</dst>
            <dst id="STTLng">31903.6</dst>
            <dst id="WASHng">289875.173333333</dst>
        </src>
    </IntraTM>
</TrafficMatrixFile>
