<?xml version="1.0" encoding="ISO-8859-1" standalone="yes"?>
<TrafficMatrixFile xsi:noNamespaceSchemaLocation="http://totem.run.montefiore.ulg.ac.be/Schema/TrafficMatrix-v1_2.xsd" xmlns:xsi="http://www.w3.org/2001/XMLSchema-instance">
    <IntraTM ASID="11537">
        <src id="ATLA-M5">
            <dst id="ATLA-M5">0</dst>
            <dst id="ATLAng">1920.05333333333</dst>
            <dst id="CHINng">949.509333333334</dst>
            <dst id="DNVRng">0</dst>
            <dst id="HSTNng">100.477333333333</dst>
            <dst id="IPLSng">108</dst>
            <dst id="KSCYng">556.661333333333</dst>
            <dst id="LOSAng">26.6666666666667</dst>
            <dst id="NYCMng">26.6666666666667</dst>
            <dst id="SNVAng">0</dst>
            <dst id="STTLng">26.6666666666667</dst>
            <dst id="WASHng">259.776</dst>
        </src>
        <src id="ATLAng">
            <dst id="ATLA-M5">386.677333333333</dst>
            <dst id="ATLAng">28494.3386666667</dst>
            <dst id="CHINng">6852.432</dst>
            <dst id="DNVRng">2839.01066666667</dst>
            <dst id="HSTNng">15841.0213333333</dst>
            <dst id="IPLSng">18581.0506666667</dst>
            <dst id="KSCYng">720.834666666667</dst>
            <dst id="LOSAng">21876.2253333333</dst>
            <dst id="NYCMng">4754.89066666667</dst>
            <dst id="SNVAng">205.556</dst>
            <dst id="STTLng">7174.34933333333</dst>
            <dst id="WASHng">37088.6693333333</dst>
        </src>
        <src id="CHINng">
            <dst id="ATLA-M5">787.906666666667</dst>
            <dst id="ATLAng">16317.3946666667</dst>
            <dst id="CHINng">36871.896</dst>
            <dst id="DNVRng">10358.152</dst>
            <dst id="HSTNng">10714.0426666667</dst>
            <dst id="IPLSng">28542.9786666667</dst>
            <dst id="KSCYng">7410.696</dst>
            <dst id="LOSAng">46343.5226666667</dst>
            <dst id="NYCMng">11038.0533333333</dst>
            <dst id="SNVAng">2224.73866666667</dst>
            <dst id="STTLng">5475.77333333333</dst>
            <dst id="WASHng">16925.384</dst>
        </src>
        <src id="DNVRng">
            <dst id="ATLA-M5">133.173333333333</dst>
            <dst id="ATLAng">7944.18133333333</dst>
            <dst id="CHINng">46876.9786666667</dst>
            <dst id="DNVRng">14239.5893333333</dst>
            <dst id="HSTNng">17010.8</dst>
            <dst id="IPLSng">27269.4533333333</dst>
            <dst id="KSCYng">18270.288</dst>
            <dst id="LOSAng">26706.6</dst>
            <dst id="NYCMng">15793.696</dst>
            <dst id="SNVAng">7005.672</dst>
            <dst id="STTLng">8549.87733333333</dst>
            <dst id="WASHng">36321.5013333333</dst>
        </src>
        <src id="HSTNng">
            <dst id="ATLA-M5">3600.99733333333</dst>
            <dst id="ATLAng">3004.75733333333</dst>
            <dst id="CHINng">7329.664</dst>
            <dst id="DNVRng">903.314666666667</dst>
            <dst id="HSTNng">17920.272</dst>
            <dst id="IPLSng">8964.41333333333</dst>
            <dst id="KSCYng">1551.26666666667</dst>
            <dst id="LOSAng">9985.08266666667</dst>
            <dst id="NYCMng">2803.65066666667</dst>
            <dst id="SNVAng">0</dst>
            <dst id="STTLng">2013.08266666667</dst>
            <dst id="WASHng">3988.74933333333</dst>
        </src>
        <src id="IPLSng">
            <dst id="ATLA-M5">26.6666666666667</dst>
            <dst id="ATLAng">19098.696</dst>
            <dst id="CHINng">70345.1653333333</dst>
            <dst id="DNVRng">12377.376</dst>
            <dst id="HSTNng">3854.89866666667</dst>
            <dst id="IPLSng">17789.7786666667</dst>
            <dst id="KSCYng">13333.3413333333</dst>
            <dst id="LOSAng">30425.1733333333</dst>
            <dst id="NYCMng">29731.0533333333</dst>
            <dst id="SNVAng">6555.24266666667</dst>
            <dst id="STTLng">11621.88</dst>
            <dst id="WASHng">7493.74933333333</dst>
        </src>
        <src id="KSCYng">
            <dst id="ATLA-M5">1654.02933333333</dst>
            <dst id="ATLAng">4932.776</dst>
            <dst id="CHINng">12895.448</dst>
            <dst id="DNVRng">10959.8906666667</dst>
            <dst id="HSTNng">3536.50133333333</dst>
            <dst id="IPLSng">13924.6986666667</dst>
            <dst id="KSCYng">11203.8106666667</dst>
            <dst id="LOSAng">7571.13066666667</dst>
            <dst id="NYCMng">3846.952</dst>
            <dst id="SNVAng">2975.35466666667</dst>
            <dst id="STTLng">4281.49866666667</dst>
            <dst id="WASHng">11781.3493333333</dst>
        </src>
        <src id="LOSAng">
            <dst id="ATLA-M5">91.5733333333334</dst>
            <dst id="ATLAng">36721.0586666667</dst>
            <dst id="CHINng">90574.392</dst>
            <dst id="DNVRng">22602.16</dst>
            <dst id="HSTNng">10691.6266666667</dst>
            <dst id="IPLSng">25500.432</dst>
            <dst id="KSCYng">9050.45866666667</dst>
            <dst id="LOSAng">23529.1706666667</dst>
            <dst id="NYCMng">32791.4826666667</dst>
            <dst id="SNVAng">15883.0853333333</dst>
            <dst id="STTLng">29541.5413333333</dst>
            <dst id="WASHng">25069.9306666667</dst>
        </src>
        <src id="NYCMng">
            <dst id="ATLA-M5">1186.46666666667</dst>
            <dst id="ATLAng">19727.2053333333</dst>
            <dst id="CHINng">8881.69866666667</dst>
            <dst id="DNVRng">26656.3573333333</dst>
            <dst id="HSTNng">7282.78133333333</dst>
            <dst id="IPLSng">19019.4106666667</dst>
            <dst id="KSCYng">14223.776</dst>
            <dst id="LOSAng">74935.4213333333</dst>
            <dst id="NYCMng">59709.5866666667</dst>
            <dst id="SNVAng">4319.056</dst>
            <dst id="STTLng">20577.856</dst>
            <dst id="WASHng">59345.5013333333</dst>
        </src>
        <src id="SNVAng">
            <dst id="ATLA-M5">0</dst>
            <dst id="ATLAng">478.304</dst>
            <dst id="CHINng">57.3173333333333</dst>
            <dst id="DNVRng">3767.12266666667</dst>
            <dst id="HSTNng">1848.91733333333</dst>
            <dst id="IPLSng">200.405333333333</dst>
            <dst id="KSCYng">26.6666666666667</dst>
            <dst id="LOSAng">48033.5653333333</dst>
            <dst id="NYCMng">8680.11733333333</dst>
            <dst id="SNVAng">14285.5093333333</dst>
            <dst id="STTLng">41607.5653333333</dst>
            <dst id="WASHng">641.578666666667</dst>
        </src>
        <src id="STTLng">
            <dst id="ATLA-M5">221.362666666667</dst>
            <dst id="ATLAng">9251.98666666667</dst>
            <dst id="CHINng">13701.9786666667</dst>
            <dst id="DNVRng">2934.72533333333</dst>
            <dst id="HSTNng">3506.91466666667</dst>
            <dst id="IPLSng">4786.968</dst>
            <dst id="KSCYng">2304.46666666667</dst>
            <dst id="LOSAng">144732.2</dst>
            <dst id="NYCMng">15539.944</dst>
            <dst id="SNVAng">5730.264</dst>
            <dst id="STTLng">23687.3226666667</dst>
            <dst id="WASHng">11086.272</dst>
        </src>
        <src id="WASHng">
            <dst id="ATLA-M5">267.530666666667</dst>
            <dst id="ATLAng">110783.184</dst>
            <dst id="CHINng">63283.64</dst>
            <dst id="DNVRng">65882.272</dst>
            <dst id="HSTNng">24599.6746666667</dst>
            <dst id="IPLSng">49918.4453333333</dst>
            <dst id="KSCYng">9993.39733333333</dst>
            <dst id="LOSAng">66893.4373333333</dst>
            <dst id="NYCMng">143258.533333333</dst>
            <dst id="SNVAng">3848.35466666667</dst>
            <dst id="STTLng">57888.208</dst>
            <dst id="WASHng">276795.173333333</dst>
        </src>
    </IntraTM>
</TrafficMatrixFile>
