<?xml version="1.0" encoding="ISO-8859-1" standalone="yes"?>
<TrafficMatrixFile xsi:noNamespaceSchemaLocation="http://totem.run.montefiore.ulg.ac.be/Schema/TrafficMatrix-v1_2.xsd" xmlns:xsi="http://www.w3.org/2001/XMLSchema-instance">
    <IntraTM ASID="11537">
        <src id="ATLA-M5">
            <dst id="ATLA-M5">160.749333333333</dst>
            <dst id="ATLAng">80</dst>
            <dst id="CHINng">496.778666666667</dst>
            <dst id="DNVRng">0</dst>
            <dst id="HSTNng">60.3306666666667</dst>
            <dst id="IPLSng">124.224</dst>
            <dst id="KSCYng">94.984</dst>
            <dst id="LOSAng">91.1546666666667</dst>
            <dst id="NYCMng">80</dst>
            <dst id="SNVAng">0</dst>
            <dst id="STTLng">26.6666666666667</dst>
            <dst id="WASHng">1291.48533333333</dst>
        </src>
        <src id="ATLAng">
            <dst id="ATLA-M5">510.269333333333</dst>
            <dst id="ATLAng">49501.4613333333</dst>
            <dst id="CHINng">17649.952</dst>
            <dst id="DNVRng">9740.47733333333</dst>
            <dst id="HSTNng">22479.824</dst>
            <dst id="IPLSng">21487.456</dst>
            <dst id="KSCYng">10726.9013333333</dst>
            <dst id="LOSAng">8987.86533333333</dst>
            <dst id="NYCMng">18443.9466666667</dst>
            <dst id="SNVAng">1233.00133333333</dst>
            <dst id="STTLng">8793.57866666667</dst>
            <dst id="WASHng">58921.8773333333</dst>
        </src>
        <src id="CHINng">
            <dst id="ATLA-M5">462.093333333333</dst>
            <dst id="ATLAng">37595.2746666667</dst>
            <dst id="CHINng">67254.8426666667</dst>
            <dst id="DNVRng">9658.31466666667</dst>
            <dst id="HSTNng">16255.2853333333</dst>
            <dst id="IPLSng">39871.9973333333</dst>
            <dst id="KSCYng">16270.36</dst>
            <dst id="LOSAng">46916.8053333333</dst>
            <dst id="NYCMng">23125.8666666667</dst>
            <dst id="SNVAng">6426.62133333333</dst>
            <dst id="STTLng">4400.34666666667</dst>
            <dst id="WASHng">48092.4213333333</dst>
        </src>
        <src id="DNVRng">
            <dst id="ATLA-M5">285.525333333333</dst>
            <dst id="ATLAng">12042.1973333333</dst>
            <dst id="CHINng">64830.5253333333</dst>
            <dst id="DNVRng">15394.6053333333</dst>
            <dst id="HSTNng">16743.7546666667</dst>
            <dst id="IPLSng">48400.1413333333</dst>
            <dst id="KSCYng">20396.104</dst>
            <dst id="LOSAng">10964.8586666667</dst>
            <dst id="NYCMng">20959.9786666667</dst>
            <dst id="SNVAng">26979.2533333333</dst>
            <dst id="STTLng">11639.7466666667</dst>
            <dst id="WASHng">41081.488</dst>
        </src>
        <src id="HSTNng">
            <dst id="ATLA-M5">436.84</dst>
            <dst id="ATLAng">6860.632</dst>
            <dst id="CHINng">19371.0453333333</dst>
            <dst id="DNVRng">1339.56</dst>
            <dst id="HSTNng">3600.58666666667</dst>
            <dst id="IPLSng">5711.34666666667</dst>
            <dst id="KSCYng">2192.20533333333</dst>
            <dst id="LOSAng">9157.168</dst>
            <dst id="NYCMng">4137.496</dst>
            <dst id="SNVAng">155.752</dst>
            <dst id="STTLng">2123.70133333333</dst>
            <dst id="WASHng">13524.9333333333</dst>
        </src>
        <src id="IPLSng">
            <dst id="ATLA-M5">140.485333333333</dst>
            <dst id="ATLAng">30239.256</dst>
            <dst id="CHINng">85522.3333333333</dst>
            <dst id="DNVRng">14939.744</dst>
            <dst id="HSTNng">17534.0133333333</dst>
            <dst id="IPLSng">20044.6106666667</dst>
            <dst id="KSCYng">9927.93066666667</dst>
            <dst id="LOSAng">29168.608</dst>
            <dst id="NYCMng">28183.1066666667</dst>
            <dst id="SNVAng">3348.42133333333</dst>
            <dst id="STTLng">10817.1013333333</dst>
            <dst id="WASHng">18035.0186666667</dst>
        </src>
        <src id="KSCYng">
            <dst id="ATLA-M5">2754.944</dst>
            <dst id="ATLAng">15257.8986666667</dst>
            <dst id="CHINng">20486.464</dst>
            <dst id="DNVRng">11237.8293333333</dst>
            <dst id="HSTNng">2826.296</dst>
            <dst id="IPLSng">13616.9493333333</dst>
            <dst id="KSCYng">6043.69066666667</dst>
            <dst id="LOSAng">9988.952</dst>
            <dst id="NYCMng">6988.68266666667</dst>
            <dst id="SNVAng">5070.29866666667</dst>
            <dst id="STTLng">6707.256</dst>
            <dst id="WASHng">13608.0026666667</dst>
        </src>
        <src id="LOSAng">
            <dst id="ATLA-M5">2284.55466666667</dst>
            <dst id="ATLAng">43343.312</dst>
            <dst id="CHINng">92500.4613333333</dst>
            <dst id="DNVRng">33830.3493333333</dst>
            <dst id="HSTNng">12323.1306666667</dst>
            <dst id="IPLSng">48219.2026666667</dst>
            <dst id="KSCYng">12516.0293333333</dst>
            <dst id="LOSAng">21751.96</dst>
            <dst id="NYCMng">41236.96</dst>
            <dst id="SNVAng">17241.176</dst>
            <dst id="STTLng">32554.6933333333</dst>
            <dst id="WASHng">63255.8506666667</dst>
        </src>
        <src id="NYCMng">
            <dst id="ATLA-M5">1524.99466666667</dst>
            <dst id="ATLAng">47107.9893333333</dst>
            <dst id="CHINng">31229.6186666667</dst>
            <dst id="DNVRng">51737.6346666667</dst>
            <dst id="HSTNng">15261.6533333333</dst>
            <dst id="IPLSng">32993.224</dst>
            <dst id="KSCYng">23053.52</dst>
            <dst id="LOSAng">98266.6346666667</dst>
            <dst id="NYCMng">150445.133333333</dst>
            <dst id="SNVAng">8912.736</dst>
            <dst id="STTLng">51026.3626666667</dst>
            <dst id="WASHng">97852.7493333334</dst>
        </src>
        <src id="SNVAng">
            <dst id="ATLA-M5">0</dst>
            <dst id="ATLAng">159.664</dst>
            <dst id="CHINng">26.6666666666667</dst>
            <dst id="DNVRng">8463.86666666667</dst>
            <dst id="HSTNng">118.394666666667</dst>
            <dst id="IPLSng">5061.12</dst>
            <dst id="KSCYng">100.672</dst>
            <dst id="LOSAng">37218.52</dst>
            <dst id="NYCMng">308.792</dst>
            <dst id="SNVAng">8479.15733333333</dst>
            <dst id="STTLng">33558.192</dst>
            <dst id="WASHng">510.84</dst>
        </src>
        <src id="STTLng">
            <dst id="ATLA-M5">625.429333333333</dst>
            <dst id="ATLAng">17978.6826666667</dst>
            <dst id="CHINng">25735.656</dst>
            <dst id="DNVRng">9014.97866666667</dst>
            <dst id="HSTNng">4189.27733333333</dst>
            <dst id="IPLSng">16622.6346666667</dst>
            <dst id="KSCYng">5026.90666666667</dst>
            <dst id="LOSAng">30872.016</dst>
            <dst id="NYCMng">16615.3733333333</dst>
            <dst id="SNVAng">5996.66666666667</dst>
            <dst id="STTLng">6157.576</dst>
            <dst id="WASHng">25448.8666666667</dst>
        </src>
        <src id="WASHng">
            <dst id="ATLA-M5">4444.70933333333</dst>
            <dst id="ATLAng">165742.338666667</dst>
            <dst id="CHINng">91594.2373333333</dst>
            <dst id="DNVRng">88274.0746666667</dst>
            <dst id="HSTNng">27324.2773333333</dst>
            <dst id="IPLSng">97700.5066666667</dst>
            <dst id="KSCYng">20182.1813333333</dst>
            <dst id="LOSAng">80661.9626666667</dst>
            <dst id="NYCMng">177562.472</dst>
            <dst id="SNVAng">20960.5893333333</dst>
            <dst id="STTLng">61488.3146666667</dst>
            <dst id="WASHng">264734.56</dst>
        </src>
    </IntraTM>
</TrafficMatrixFile>
