<?xml version="1.0" encoding="ISO-8859-1" standalone="yes"?>
<TrafficMatrixFile xsi:noNamespaceSchemaLocation="http://totem.run.montefiore.ulg.ac.be/Schema/TrafficMatrix-v1_2.xsd" xmlns:xsi="http://www.w3.org/2001/XMLSchema-instance">
    <IntraTM ASID="11537">
        <src id="ATLA-M5">
            <dst id="ATLA-M5">0</dst>
            <dst id="ATLAng">26.6666666666667</dst>
            <dst id="CHINng">62.6666666666667</dst>
            <dst id="DNVRng">0</dst>
            <dst id="HSTNng">877.277333333333</dst>
            <dst id="IPLSng">0</dst>
            <dst id="KSCYng">1032.99733333333</dst>
            <dst id="LOSAng">759.045333333333</dst>
            <dst id="NYCMng">167.701333333333</dst>
            <dst id="SNVAng">0</dst>
            <dst id="STTLng">0</dst>
            <dst id="WASHng">2832.26133333333</dst>
        </src>
        <src id="ATLAng">
            <dst id="ATLA-M5">59.624</dst>
            <dst id="ATLAng">22706.2986666667</dst>
            <dst id="CHINng">2066.184</dst>
            <dst id="DNVRng">3608.456</dst>
            <dst id="HSTNng">359.957333333333</dst>
            <dst id="IPLSng">14095.3413333333</dst>
            <dst id="KSCYng">399.904</dst>
            <dst id="LOSAng">10254.9386666667</dst>
            <dst id="NYCMng">7917.04</dst>
            <dst id="SNVAng">53.8133333333333</dst>
            <dst id="STTLng">5505.24</dst>
            <dst id="WASHng">46484.2613333333</dst>
        </src>
        <src id="CHINng">
            <dst id="ATLA-M5">96.3626666666667</dst>
            <dst id="ATLAng">5432.98133333333</dst>
            <dst id="CHINng">97731.7866666666</dst>
            <dst id="DNVRng">14159.2373333333</dst>
            <dst id="HSTNng">5893.73066666667</dst>
            <dst id="IPLSng">20423.6373333333</dst>
            <dst id="KSCYng">3410.25066666667</dst>
            <dst id="LOSAng">46387.96</dst>
            <dst id="NYCMng">13157.4826666667</dst>
            <dst id="SNVAng">3279.136</dst>
            <dst id="STTLng">8194.792</dst>
            <dst id="WASHng">21066.192</dst>
        </src>
        <src id="DNVRng">
            <dst id="ATLA-M5">120.96</dst>
            <dst id="ATLAng">7239.82133333334</dst>
            <dst id="CHINng">63434.0426666667</dst>
            <dst id="DNVRng">12994.8906666667</dst>
            <dst id="HSTNng">17858.7893333333</dst>
            <dst id="IPLSng">33460.664</dst>
            <dst id="KSCYng">20202.728</dst>
            <dst id="LOSAng">13136.64</dst>
            <dst id="NYCMng">16717.7786666667</dst>
            <dst id="SNVAng">9238.624</dst>
            <dst id="STTLng">12445.6266666667</dst>
            <dst id="WASHng">29564.5733333333</dst>
        </src>
        <src id="HSTNng">
            <dst id="ATLA-M5">4297.89333333333</dst>
            <dst id="ATLAng">1220.27466666667</dst>
            <dst id="CHINng">18027.5226666667</dst>
            <dst id="DNVRng">913.84</dst>
            <dst id="HSTNng">11161.7413333333</dst>
            <dst id="IPLSng">4168.36266666667</dst>
            <dst id="KSCYng">1859.944</dst>
            <dst id="LOSAng">9945.30666666667</dst>
            <dst id="NYCMng">1263.88533333333</dst>
            <dst id="SNVAng">0</dst>
            <dst id="STTLng">261.381333333333</dst>
            <dst id="WASHng">2596.48533333333</dst>
        </src>
        <src id="IPLSng">
            <dst id="ATLA-M5">0</dst>
            <dst id="ATLAng">27769.464</dst>
            <dst id="CHINng">80324.2293333333</dst>
            <dst id="DNVRng">15527.1013333333</dst>
            <dst id="HSTNng">2667.488</dst>
            <dst id="IPLSng">9648.25333333333</dst>
            <dst id="KSCYng">8603.80533333334</dst>
            <dst id="LOSAng">15247.84</dst>
            <dst id="NYCMng">24530.7946666667</dst>
            <dst id="SNVAng">315.853333333333</dst>
            <dst id="STTLng">10245.288</dst>
            <dst id="WASHng">5607.57333333333</dst>
        </src>
        <src id="KSCYng">
            <dst id="ATLA-M5">27.1146666666667</dst>
            <dst id="ATLAng">798.309333333333</dst>
            <dst id="CHINng">20458.2773333333</dst>
            <dst id="DNVRng">8960.22133333333</dst>
            <dst id="HSTNng">2569.41866666667</dst>
            <dst id="IPLSng">25529.392</dst>
            <dst id="KSCYng">8487.06133333333</dst>
            <dst id="LOSAng">4510.072</dst>
            <dst id="NYCMng">2903.49066666667</dst>
            <dst id="SNVAng">2906.09066666667</dst>
            <dst id="STTLng">10779.936</dst>
            <dst id="WASHng">37460.8533333333</dst>
        </src>
        <src id="LOSAng">
            <dst id="ATLA-M5">840.325333333334</dst>
            <dst id="ATLAng">7133.37066666667</dst>
            <dst id="CHINng">148444.256</dst>
            <dst id="DNVRng">20419.864</dst>
            <dst id="HSTNng">9606.04533333333</dst>
            <dst id="IPLSng">14997.5226666667</dst>
            <dst id="KSCYng">3597.77066666667</dst>
            <dst id="LOSAng">14482.7973333333</dst>
            <dst id="NYCMng">28670.8186666667</dst>
            <dst id="SNVAng">19339.7306666667</dst>
            <dst id="STTLng">31522.224</dst>
            <dst id="WASHng">14087.1413333333</dst>
        </src>
        <src id="NYCMng">
            <dst id="ATLA-M5">205.032</dst>
            <dst id="ATLAng">9396.152</dst>
            <dst id="CHINng">11745.6693333333</dst>
            <dst id="DNVRng">25422.1173333333</dst>
            <dst id="HSTNng">6359.488</dst>
            <dst id="IPLSng">18712.7253333333</dst>
            <dst id="KSCYng">7410.70666666667</dst>
            <dst id="LOSAng">68153.7866666667</dst>
            <dst id="NYCMng">95070.3466666667</dst>
            <dst id="SNVAng">2322.89866666667</dst>
            <dst id="STTLng">14421.2533333333</dst>
            <dst id="WASHng">27300.8026666667</dst>
        </src>
        <src id="SNVAng">
            <dst id="ATLA-M5">0</dst>
            <dst id="ATLAng">26.6666666666667</dst>
            <dst id="CHINng">26.6666666666667</dst>
            <dst id="DNVRng">4390.16533333333</dst>
            <dst id="HSTNng">27.968</dst>
            <dst id="IPLSng">176.381333333333</dst>
            <dst id="KSCYng">26.6666666666667</dst>
            <dst id="LOSAng">29475.7413333333</dst>
            <dst id="NYCMng">471.76</dst>
            <dst id="SNVAng">3378.23733333333</dst>
            <dst id="STTLng">28303.9893333333</dst>
            <dst id="WASHng">106.666666666667</dst>
        </src>
        <src id="STTLng">
            <dst id="ATLA-M5">0</dst>
            <dst id="ATLAng">5878.344</dst>
            <dst id="CHINng">17228.608</dst>
            <dst id="DNVRng">3148.61066666667</dst>
            <dst id="HSTNng">544.789333333333</dst>
            <dst id="IPLSng">3006.45333333333</dst>
            <dst id="KSCYng">3111.33066666667</dst>
            <dst id="LOSAng">13689.5306666667</dst>
            <dst id="NYCMng">16378.0453333333</dst>
            <dst id="SNVAng">3746.90133333333</dst>
            <dst id="STTLng">5405.248</dst>
            <dst id="WASHng">9076.75733333333</dst>
        </src>
        <src id="WASHng">
            <dst id="ATLA-M5">1321.144</dst>
            <dst id="ATLAng">78027.4453333334</dst>
            <dst id="CHINng">70590.6026666667</dst>
            <dst id="DNVRng">48952.384</dst>
            <dst id="HSTNng">73503.872</dst>
            <dst id="IPLSng">41935.1813333333</dst>
            <dst id="KSCYng">11857.1066666667</dst>
            <dst id="LOSAng">56455.536</dst>
            <dst id="NYCMng">153768.962666667</dst>
            <dst id="SNVAng">1282.93866666667</dst>
            <dst id="STTLng">37754.8133333333</dst>
            <dst id="WASHng">283645.493333333</dst>
        </src>
    </IntraTM>
</TrafficMatrixFile>
