<?xml version="1.0" encoding="ISO-8859-1" standalone="yes"?>
<TrafficMatrixFile xsi:noNamespaceSchemaLocation="http://totem.run.montefiore.ulg.ac.be/Schema/TrafficMatrix-v1_2.xsd" xmlns:xsi="http://www.w3.org/2001/XMLSchema-instance">
    <IntraTM ASID="11537">
        <src id="ATLA-M5">
            <dst id="ATLA-M5">110.698666666667</dst>
            <dst id="ATLAng">118.485333333333</dst>
            <dst id="CHINng">1362.37866666667</dst>
            <dst id="DNVRng">26.6666666666667</dst>
            <dst id="HSTNng">136.557333333333</dst>
            <dst id="IPLSng">259.738666666667</dst>
            <dst id="KSCYng">1420.592</dst>
            <dst id="LOSAng">317.362666666667</dst>
            <dst id="NYCMng">106.666666666667</dst>
            <dst id="SNVAng">0</dst>
            <dst id="STTLng">27.104</dst>
            <dst id="WASHng">2323.888</dst>
        </src>
        <src id="ATLAng">
            <dst id="ATLA-M5">460.826666666667</dst>
            <dst id="ATLAng">16036.4773333333</dst>
            <dst id="CHINng">7577.512</dst>
            <dst id="DNVRng">2178.704</dst>
            <dst id="HSTNng">18057.0266666667</dst>
            <dst id="IPLSng">30922.5493333333</dst>
            <dst id="KSCYng">2131.61333333333</dst>
            <dst id="LOSAng">17709.9133333333</dst>
            <dst id="NYCMng">7705.296</dst>
            <dst id="SNVAng">1377.692</dst>
            <dst id="STTLng">9650.264</dst>
            <dst id="WASHng">49767.264</dst>
        </src>
        <src id="CHINng">
            <dst id="ATLA-M5">570.653333333333</dst>
            <dst id="ATLAng">27149.7413333333</dst>
            <dst id="CHINng">71101.6613333333</dst>
            <dst id="DNVRng">6131.728</dst>
            <dst id="HSTNng">11730.488</dst>
            <dst id="IPLSng">24556.1253333333</dst>
            <dst id="KSCYng">8422.64</dst>
            <dst id="LOSAng">34192.768</dst>
            <dst id="NYCMng">14503.0213333333</dst>
            <dst id="SNVAng">1521.232</dst>
            <dst id="STTLng">4307.488</dst>
            <dst id="WASHng">31258.768</dst>
        </src>
        <src id="DNVRng">
            <dst id="ATLA-M5">233.122666666667</dst>
            <dst id="ATLAng">10592.5413333333</dst>
            <dst id="CHINng">73309.1333333333</dst>
            <dst id="DNVRng">14260.16</dst>
            <dst id="HSTNng">17618.0853333333</dst>
            <dst id="IPLSng">36105.1546666667</dst>
            <dst id="KSCYng">32025.536</dst>
            <dst id="LOSAng">11896.4506666667</dst>
            <dst id="NYCMng">25020.6746666667</dst>
            <dst id="SNVAng">17272.3466666667</dst>
            <dst id="STTLng">12575.568</dst>
            <dst id="WASHng">46160.328</dst>
        </src>
        <src id="HSTNng">
            <dst id="ATLA-M5">1490.408</dst>
            <dst id="ATLAng">4567.31466666667</dst>
            <dst id="CHINng">20413.472</dst>
            <dst id="DNVRng">639.722666666667</dst>
            <dst id="HSTNng">19002.5813333333</dst>
            <dst id="IPLSng">1859.16266666667</dst>
            <dst id="KSCYng">1491.90133333333</dst>
            <dst id="LOSAng">19376.52</dst>
            <dst id="NYCMng">3025.448</dst>
            <dst id="SNVAng">148.629333333333</dst>
            <dst id="STTLng">1010.54133333333</dst>
            <dst id="WASHng">3967.00533333333</dst>
        </src>
        <src id="IPLSng">
            <dst id="ATLA-M5">120.162666666667</dst>
            <dst id="ATLAng">32994.8933333333</dst>
            <dst id="CHINng">69814.8293333333</dst>
            <dst id="DNVRng">7885.44533333333</dst>
            <dst id="HSTNng">2231.96533333333</dst>
            <dst id="IPLSng">18971.1413333333</dst>
            <dst id="KSCYng">6252.38933333334</dst>
            <dst id="LOSAng">11175.4986666667</dst>
            <dst id="NYCMng">37923.5466666667</dst>
            <dst id="SNVAng">2790.728</dst>
            <dst id="STTLng">9429.74933333333</dst>
            <dst id="WASHng">29273.7226666667</dst>
        </src>
        <src id="KSCYng">
            <dst id="ATLA-M5">184.810666666667</dst>
            <dst id="ATLAng">4274.95733333333</dst>
            <dst id="CHINng">22553.528</dst>
            <dst id="DNVRng">10778.032</dst>
            <dst id="HSTNng">3775.25866666667</dst>
            <dst id="IPLSng">17458.0293333333</dst>
            <dst id="KSCYng">12964.1333333333</dst>
            <dst id="LOSAng">6449.008</dst>
            <dst id="NYCMng">1468.79466666667</dst>
            <dst id="SNVAng">1930.984</dst>
            <dst id="STTLng">3753.528</dst>
            <dst id="WASHng">17416.2986666667</dst>
        </src>
        <src id="LOSAng">
            <dst id="ATLA-M5">499.906666666667</dst>
            <dst id="ATLAng">17522.1306666667</dst>
            <dst id="CHINng">141733.517333333</dst>
            <dst id="DNVRng">24025.8053333333</dst>
            <dst id="HSTNng">12051.4373333333</dst>
            <dst id="IPLSng">22341.9546666667</dst>
            <dst id="KSCYng">7370.97866666667</dst>
            <dst id="LOSAng">14482.6613333333</dst>
            <dst id="NYCMng">38618.664</dst>
            <dst id="SNVAng">13349.4026666667</dst>
            <dst id="STTLng">18957.624</dst>
            <dst id="WASHng">31077.5653333333</dst>
        </src>
        <src id="NYCMng">
            <dst id="ATLA-M5">1182.61866666667</dst>
            <dst id="ATLAng">44897.6053333333</dst>
            <dst id="CHINng">32625.9413333333</dst>
            <dst id="DNVRng">26695.8906666667</dst>
            <dst id="HSTNng">7533.50666666667</dst>
            <dst id="IPLSng">30175.4773333333</dst>
            <dst id="KSCYng">22824.5706666667</dst>
            <dst id="LOSAng">90476.5813333333</dst>
            <dst id="NYCMng">135420.938666667</dst>
            <dst id="SNVAng">1158.24266666667</dst>
            <dst id="STTLng">16230.0933333333</dst>
            <dst id="WASHng">57010.4986666667</dst>
        </src>
        <src id="SNVAng">
            <dst id="ATLA-M5">0</dst>
            <dst id="ATLAng">54.8613333333333</dst>
            <dst id="CHINng">89.448</dst>
            <dst id="DNVRng">7605.856</dst>
            <dst id="HSTNng">1043.12533333333</dst>
            <dst id="IPLSng">250.642666666667</dst>
            <dst id="KSCYng">279.84</dst>
            <dst id="LOSAng">30708.3573333333</dst>
            <dst id="NYCMng">379.082666666667</dst>
            <dst id="SNVAng">7833.97333333333</dst>
            <dst id="STTLng">30292.336</dst>
            <dst id="WASHng">268.821333333333</dst>
        </src>
        <src id="STTLng">
            <dst id="ATLA-M5">175.469333333333</dst>
            <dst id="ATLAng">10562.8506666667</dst>
            <dst id="CHINng">33688.8586666667</dst>
            <dst id="DNVRng">4654.008</dst>
            <dst id="HSTNng">2132.58933333333</dst>
            <dst id="IPLSng">10472.832</dst>
            <dst id="KSCYng">3071.93866666667</dst>
            <dst id="LOSAng">26671.072</dst>
            <dst id="NYCMng">15941.8373333333</dst>
            <dst id="SNVAng">8513.744</dst>
            <dst id="STTLng">7867.472</dst>
            <dst id="WASHng">16547.688</dst>
        </src>
        <src id="WASHng">
            <dst id="ATLA-M5">537.698666666667</dst>
            <dst id="ATLAng">107290.426666667</dst>
            <dst id="CHINng">64653.5253333333</dst>
            <dst id="DNVRng">64923.832</dst>
            <dst id="HSTNng">15054.4853333333</dst>
            <dst id="IPLSng">64560.4613333333</dst>
            <dst id="KSCYng">21303.7253333333</dst>
            <dst id="LOSAng">66559.904</dst>
            <dst id="NYCMng">161759.912</dst>
            <dst id="SNVAng">7282.61066666666</dst>
            <dst id="STTLng">25713.424</dst>
            <dst id="WASHng">411450.693333333</dst>
        </src>
    </IntraTM>
</TrafficMatrixFile>
