<?xml version="1.0" encoding="ISO-8859-1" standalone="yes"?>
<TrafficMatrixFile xsi:noNamespaceSchemaLocation="http://totem.run.montefiore.ulg.ac.be/Schema/TrafficMatrix-v1_2.xsd" xmlns:xsi="http://www.w3.org/2001/XMLSchema-instance">
    <IntraTM ASID="11537">
        <src id="ATLA-M5">
            <dst id="ATLA-M5">0</dst>
            <dst id="ATLAng">80</dst>
            <dst id="CHINng">106.666666666667</dst>
            <dst id="DNVRng">62.752</dst>
            <dst id="HSTNng">110.397333333333</dst>
            <dst id="IPLSng">135.570666666667</dst>
            <dst id="KSCYng">26.6666666666667</dst>
            <dst id="LOSAng">875.936</dst>
            <dst id="NYCMng">26.6666666666667</dst>
            <dst id="SNVAng">0</dst>
            <dst id="STTLng">0</dst>
            <dst id="WASHng">384.746666666667</dst>
        </src>
        <src id="ATLAng">
            <dst id="ATLA-M5">245.424</dst>
            <dst id="ATLAng">9356.78133333333</dst>
            <dst id="CHINng">3924.416</dst>
            <dst id="DNVRng">1561.384</dst>
            <dst id="HSTNng">6833.49333333333</dst>
            <dst id="IPLSng">28674.2666666667</dst>
            <dst id="KSCYng">1153.80266666667</dst>
            <dst id="LOSAng">10169.804</dst>
            <dst id="NYCMng">3929.54933333333</dst>
            <dst id="SNVAng">221.390666666667</dst>
            <dst id="STTLng">7795.952</dst>
            <dst id="WASHng">17365.808</dst>
        </src>
        <src id="CHINng">
            <dst id="ATLA-M5">53.3333333333333</dst>
            <dst id="ATLAng">16536.784</dst>
            <dst id="CHINng">42907.8106666667</dst>
            <dst id="DNVRng">11031.16</dst>
            <dst id="HSTNng">13757.312</dst>
            <dst id="IPLSng">14811.7093333333</dst>
            <dst id="KSCYng">7481.77866666667</dst>
            <dst id="LOSAng">46652.1866666667</dst>
            <dst id="NYCMng">8132.296</dst>
            <dst id="SNVAng">2694.80533333333</dst>
            <dst id="STTLng">5128.024</dst>
            <dst id="WASHng">13955.088</dst>
        </src>
        <src id="DNVRng">
            <dst id="ATLA-M5">1090.17066666667</dst>
            <dst id="ATLAng">4728.45866666667</dst>
            <dst id="CHINng">64822.9333333333</dst>
            <dst id="DNVRng">11245.36</dst>
            <dst id="HSTNng">17796.672</dst>
            <dst id="IPLSng">31449.7146666667</dst>
            <dst id="KSCYng">24489.8</dst>
            <dst id="LOSAng">17546.688</dst>
            <dst id="NYCMng">10253.92</dst>
            <dst id="SNVAng">13415.4933333333</dst>
            <dst id="STTLng">9741.62933333333</dst>
            <dst id="WASHng">35205.12</dst>
        </src>
        <src id="HSTNng">
            <dst id="ATLA-M5">4877.97333333333</dst>
            <dst id="ATLAng">37715.4186666667</dst>
            <dst id="CHINng">4612.928</dst>
            <dst id="DNVRng">1148.41333333333</dst>
            <dst id="HSTNng">14003.8746666667</dst>
            <dst id="IPLSng">1482.91733333333</dst>
            <dst id="KSCYng">3227.976</dst>
            <dst id="LOSAng">5388.24533333333</dst>
            <dst id="NYCMng">1688.072</dst>
            <dst id="SNVAng">53.3333333333333</dst>
            <dst id="STTLng">1237.464</dst>
            <dst id="WASHng">1297.59466666667</dst>
        </src>
        <src id="IPLSng">
            <dst id="ATLA-M5">0</dst>
            <dst id="ATLAng">88988.952</dst>
            <dst id="CHINng">54630.6213333333</dst>
            <dst id="DNVRng">8109.46133333333</dst>
            <dst id="HSTNng">1392.19733333333</dst>
            <dst id="IPLSng">28035.6106666667</dst>
            <dst id="KSCYng">5074.008</dst>
            <dst id="LOSAng">26293.3893333333</dst>
            <dst id="NYCMng">33857.192</dst>
            <dst id="SNVAng">436.893333333333</dst>
            <dst id="STTLng">6321.82133333333</dst>
            <dst id="WASHng">17489.7653333333</dst>
        </src>
        <src id="KSCYng">
            <dst id="ATLA-M5">881.973333333333</dst>
            <dst id="ATLAng">1651.28266666667</dst>
            <dst id="CHINng">10993.1626666667</dst>
            <dst id="DNVRng">9035.632</dst>
            <dst id="HSTNng">11410.0426666667</dst>
            <dst id="IPLSng">14246.7466666667</dst>
            <dst id="KSCYng">11390.5866666667</dst>
            <dst id="LOSAng">6583.17333333333</dst>
            <dst id="NYCMng">3244.33866666667</dst>
            <dst id="SNVAng">2344.776</dst>
            <dst id="STTLng">3730.84266666667</dst>
            <dst id="WASHng">6439.14133333333</dst>
        </src>
        <src id="LOSAng">
            <dst id="ATLA-M5">85.0773333333333</dst>
            <dst id="ATLAng">25943.3573333333</dst>
            <dst id="CHINng">54273.688</dst>
            <dst id="DNVRng">24758.32</dst>
            <dst id="HSTNng">14975.784</dst>
            <dst id="IPLSng">13472.8666666667</dst>
            <dst id="KSCYng">7679.976</dst>
            <dst id="LOSAng">21998.2666666667</dst>
            <dst id="NYCMng">36331.32</dst>
            <dst id="SNVAng">14566.144</dst>
            <dst id="STTLng">32998.68</dst>
            <dst id="WASHng">16600.2106666667</dst>
        </src>
        <src id="NYCMng">
            <dst id="ATLA-M5">2471.728</dst>
            <dst id="ATLAng">26727.3786666667</dst>
            <dst id="CHINng">226506.421333333</dst>
            <dst id="DNVRng">26928.2613333333</dst>
            <dst id="HSTNng">11137.1386666667</dst>
            <dst id="IPLSng">9911.56266666667</dst>
            <dst id="KSCYng">20943.6773333333</dst>
            <dst id="LOSAng">86554.6986666667</dst>
            <dst id="NYCMng">73324.9626666667</dst>
            <dst id="SNVAng">2166.53066666667</dst>
            <dst id="STTLng">26762.5626666667</dst>
            <dst id="WASHng">28756.656</dst>
        </src>
        <src id="SNVAng">
            <dst id="ATLA-M5">0</dst>
            <dst id="ATLAng">345.322666666667</dst>
            <dst id="CHINng">118.669333333333</dst>
            <dst id="DNVRng">15239.816</dst>
            <dst id="HSTNng">86.864</dst>
            <dst id="IPLSng">415.933333333333</dst>
            <dst id="KSCYng">0</dst>
            <dst id="LOSAng">36379.7973333333</dst>
            <dst id="NYCMng">285.941333333333</dst>
            <dst id="SNVAng">6244.69866666667</dst>
            <dst id="STTLng">29187.8426666667</dst>
            <dst id="WASHng">26.6666666666667</dst>
        </src>
        <src id="STTLng">
            <dst id="ATLA-M5">280.949333333333</dst>
            <dst id="ATLAng">9741.136</dst>
            <dst id="CHINng">11459.24</dst>
            <dst id="DNVRng">4493.49866666667</dst>
            <dst id="HSTNng">2417.064</dst>
            <dst id="IPLSng">7952.14666666667</dst>
            <dst id="KSCYng">1062.296</dst>
            <dst id="LOSAng">21509.1146666667</dst>
            <dst id="NYCMng">9265.21333333333</dst>
            <dst id="SNVAng">3743.22933333333</dst>
            <dst id="STTLng">4373.22933333333</dst>
            <dst id="WASHng">7526.64</dst>
        </src>
        <src id="WASHng">
            <dst id="ATLA-M5">829.314666666667</dst>
            <dst id="ATLAng">86437.8026666667</dst>
            <dst id="CHINng">38038.648</dst>
            <dst id="DNVRng">72775.72</dst>
            <dst id="HSTNng">13099.752</dst>
            <dst id="IPLSng">55525.1386666667</dst>
            <dst id="KSCYng">11823.032</dst>
            <dst id="LOSAng">69481.9013333333</dst>
            <dst id="NYCMng">141500.306666667</dst>
            <dst id="SNVAng">4577.696</dst>
            <dst id="STTLng">47256.3573333333</dst>
            <dst id="WASHng">209901.888</dst>
        </src>
    </IntraTM>
</TrafficMatrixFile>
