<?xml version="1.0" encoding="ISO-8859-1" standalone="yes"?>
<TrafficMatrixFile xsi:noNamespaceSchemaLocation="http://totem.run.montefiore.ulg.ac.be/Schema/TrafficMatrix-v1_2.xsd" xmlns:xsi="http://www.w3.org/2001/XMLSchema-instance">
    <IntraTM ASID="11537">
        <src id="ATLA-M5">
            <dst id="ATLA-M5">33.1413333333333</dst>
            <dst id="ATLAng">357.597333333333</dst>
            <dst id="CHINng">118.714666666667</dst>
            <dst id="DNVRng">34.816</dst>
            <dst id="HSTNng">0</dst>
            <dst id="IPLSng">26.6666666666667</dst>
            <dst id="KSCYng">43.5306666666667</dst>
            <dst id="LOSAng">1303.01333333333</dst>
            <dst id="NYCMng">339.554666666667</dst>
            <dst id="SNVAng">0</dst>
            <dst id="STTLng">0</dst>
            <dst id="WASHng">227.717333333333</dst>
        </src>
        <src id="ATLAng">
            <dst id="ATLA-M5">355.853333333333</dst>
            <dst id="ATLAng">13023.1226666667</dst>
            <dst id="CHINng">8915.34933333333</dst>
            <dst id="DNVRng">1837.784</dst>
            <dst id="HSTNng">1844.15466666667</dst>
            <dst id="IPLSng">23951.72</dst>
            <dst id="KSCYng">1189.07733333333</dst>
            <dst id="LOSAng">8761.068</dst>
            <dst id="NYCMng">2932.62133333333</dst>
            <dst id="SNVAng">254.838666666667</dst>
            <dst id="STTLng">9074.584</dst>
            <dst id="WASHng">33669.28</dst>
        </src>
        <src id="CHINng">
            <dst id="ATLA-M5">26.6666666666667</dst>
            <dst id="ATLAng">15410.512</dst>
            <dst id="CHINng">36335.368</dst>
            <dst id="DNVRng">10902.56</dst>
            <dst id="HSTNng">12090.728</dst>
            <dst id="IPLSng">21594.1493333333</dst>
            <dst id="KSCYng">4582.62666666667</dst>
            <dst id="LOSAng">43352.0426666667</dst>
            <dst id="NYCMng">10547.9813333333</dst>
            <dst id="SNVAng">3215.39733333333</dst>
            <dst id="STTLng">4189.28</dst>
            <dst id="WASHng">25651.728</dst>
        </src>
        <src id="DNVRng">
            <dst id="ATLA-M5">750.234666666667</dst>
            <dst id="ATLAng">3147.69333333333</dst>
            <dst id="CHINng">54261.2746666667</dst>
            <dst id="DNVRng">11770.3706666667</dst>
            <dst id="HSTNng">22691.576</dst>
            <dst id="IPLSng">44661.288</dst>
            <dst id="KSCYng">21930.6186666667</dst>
            <dst id="LOSAng">22542.3866666667</dst>
            <dst id="NYCMng">9273.48</dst>
            <dst id="SNVAng">10685.5493333333</dst>
            <dst id="STTLng">15064.4053333333</dst>
            <dst id="WASHng">37585.6426666667</dst>
        </src>
        <src id="HSTNng">
            <dst id="ATLA-M5">256.597333333333</dst>
            <dst id="ATLAng">6408.784</dst>
            <dst id="CHINng">5001.976</dst>
            <dst id="DNVRng">1003.488</dst>
            <dst id="HSTNng">12847.7893333333</dst>
            <dst id="IPLSng">3880.80533333333</dst>
            <dst id="KSCYng">1321.13333333333</dst>
            <dst id="LOSAng">16386.0373333333</dst>
            <dst id="NYCMng">820.869333333333</dst>
            <dst id="SNVAng">0</dst>
            <dst id="STTLng">679.290666666667</dst>
            <dst id="WASHng">3725.288</dst>
        </src>
        <src id="IPLSng">
            <dst id="ATLA-M5">89.04</dst>
            <dst id="ATLAng">17888.56</dst>
            <dst id="CHINng">53766.7013333333</dst>
            <dst id="DNVRng">8823.78666666667</dst>
            <dst id="HSTNng">872.013333333333</dst>
            <dst id="IPLSng">10308.016</dst>
            <dst id="KSCYng">3726.74133333333</dst>
            <dst id="LOSAng">24545.3893333333</dst>
            <dst id="NYCMng">37364.2853333333</dst>
            <dst id="SNVAng">513.874666666666</dst>
            <dst id="STTLng">12150.344</dst>
            <dst id="WASHng">19977.9013333333</dst>
        </src>
        <src id="KSCYng">
            <dst id="ATLA-M5">371.605333333334</dst>
            <dst id="ATLAng">6107.54933333333</dst>
            <dst id="CHINng">12543.2</dst>
            <dst id="DNVRng">10187.6666666667</dst>
            <dst id="HSTNng">13570.5386666667</dst>
            <dst id="IPLSng">13170.0213333333</dst>
            <dst id="KSCYng">8475.64266666667</dst>
            <dst id="LOSAng">7840.53066666667</dst>
            <dst id="NYCMng">2556.78666666667</dst>
            <dst id="SNVAng">2656.58666666667</dst>
            <dst id="STTLng">5198.93333333333</dst>
            <dst id="WASHng">11747.1386666667</dst>
        </src>
        <src id="LOSAng">
            <dst id="ATLA-M5">122.656</dst>
            <dst id="ATLAng">23463.5386666667</dst>
            <dst id="CHINng">56351.888</dst>
            <dst id="DNVRng">32240.12</dst>
            <dst id="HSTNng">24911.096</dst>
            <dst id="IPLSng">14659.8106666667</dst>
            <dst id="KSCYng">3822.57866666667</dst>
            <dst id="LOSAng">16364.3226666667</dst>
            <dst id="NYCMng">37606.6373333333</dst>
            <dst id="SNVAng">14381.368</dst>
            <dst id="STTLng">23247.0906666667</dst>
            <dst id="WASHng">23320.456</dst>
        </src>
        <src id="NYCMng">
            <dst id="ATLA-M5">253.624</dst>
            <dst id="ATLAng">22013.04</dst>
            <dst id="CHINng">11761.504</dst>
            <dst id="DNVRng">24044.1866666667</dst>
            <dst id="HSTNng">12595.5893333333</dst>
            <dst id="IPLSng">11468.6933333333</dst>
            <dst id="KSCYng">10585.592</dst>
            <dst id="LOSAng">83240.792</dst>
            <dst id="NYCMng">100651.888</dst>
            <dst id="SNVAng">1530.75466666667</dst>
            <dst id="STTLng">24175.1546666667</dst>
            <dst id="WASHng">31776.9146666667</dst>
        </src>
        <src id="SNVAng">
            <dst id="ATLA-M5">0</dst>
            <dst id="ATLAng">572.576</dst>
            <dst id="CHINng">0</dst>
            <dst id="DNVRng">2576.40266666667</dst>
            <dst id="HSTNng">30.6986666666667</dst>
            <dst id="IPLSng">277.056</dst>
            <dst id="KSCYng">0</dst>
            <dst id="LOSAng">41227.56</dst>
            <dst id="NYCMng">430.962666666667</dst>
            <dst id="SNVAng">5906.32266666667</dst>
            <dst id="STTLng">30341.416</dst>
            <dst id="WASHng">26.6666666666667</dst>
        </src>
        <src id="STTLng">
            <dst id="ATLA-M5">419.050666666667</dst>
            <dst id="ATLAng">9333.632</dst>
            <dst id="CHINng">14679.336</dst>
            <dst id="DNVRng">7246.832</dst>
            <dst id="HSTNng">2272.664</dst>
            <dst id="IPLSng">7860.536</dst>
            <dst id="KSCYng">1661.88533333333</dst>
            <dst id="LOSAng">22386.9813333333</dst>
            <dst id="NYCMng">8145.93066666667</dst>
            <dst id="SNVAng">3515.56</dst>
            <dst id="STTLng">4825.70133333333</dst>
            <dst id="WASHng">14493.192</dst>
        </src>
        <src id="WASHng">
            <dst id="ATLA-M5">272.538666666667</dst>
            <dst id="ATLAng">80392.68</dst>
            <dst id="CHINng">46603.656</dst>
            <dst id="DNVRng">81635.7733333333</dst>
            <dst id="HSTNng">12073.3626666667</dst>
            <dst id="IPLSng">61892.928</dst>
            <dst id="KSCYng">9151.432</dst>
            <dst id="LOSAng">67275.9786666667</dst>
            <dst id="NYCMng">155999.397333333</dst>
            <dst id="SNVAng">6194.30666666667</dst>
            <dst id="STTLng">43229.192</dst>
            <dst id="WASHng">181048.04</dst>
        </src>
    </IntraTM>
</TrafficMatrixFile>
