<?xml version="1.0" encoding="ISO-8859-1" standalone="yes"?>
<TrafficMatrixFile xsi:noNamespaceSchemaLocation="http://totem.run.montefiore.ulg.ac.be/Schema/TrafficMatrix-v1_2.xsd" xmlns:xsi="http://www.w3.org/2001/XMLSchema-instance">
    <IntraTM ASID="11537">
        <src id="ATLA-M5">
            <dst id="ATLA-M5">26.6666666666667</dst>
            <dst id="ATLAng">26.6666666666667</dst>
            <dst id="CHINng">1685.41066666667</dst>
            <dst id="DNVRng">0</dst>
            <dst id="HSTNng">102.922666666667</dst>
            <dst id="IPLSng">136</dst>
            <dst id="KSCYng">665.965333333333</dst>
            <dst id="LOSAng">182.226666666667</dst>
            <dst id="NYCMng">158.288</dst>
            <dst id="SNVAng">0</dst>
            <dst id="STTLng">26.6666666666667</dst>
            <dst id="WASHng">315.578666666667</dst>
        </src>
        <src id="ATLAng">
            <dst id="ATLA-M5">238</dst>
            <dst id="ATLAng">25004.448</dst>
            <dst id="CHINng">9354.912</dst>
            <dst id="DNVRng">3096.952</dst>
            <dst id="HSTNng">3598.23466666667</dst>
            <dst id="IPLSng">13629.4026666667</dst>
            <dst id="KSCYng">7147.89333333333</dst>
            <dst id="LOSAng">18832.7946666667</dst>
            <dst id="NYCMng">8153.02133333333</dst>
            <dst id="SNVAng">287.517333333333</dst>
            <dst id="STTLng">7255.656</dst>
            <dst id="WASHng">39955.28</dst>
        </src>
        <src id="CHINng">
            <dst id="ATLA-M5">3941.008</dst>
            <dst id="ATLAng">13349.9333333333</dst>
            <dst id="CHINng">57867.912</dst>
            <dst id="DNVRng">5673.58133333333</dst>
            <dst id="HSTNng">8347.17066666667</dst>
            <dst id="IPLSng">24879.4106666667</dst>
            <dst id="KSCYng">4949.06133333333</dst>
            <dst id="LOSAng">54118.3333333333</dst>
            <dst id="NYCMng">9079.56533333333</dst>
            <dst id="SNVAng">4528.14933333333</dst>
            <dst id="STTLng">9279.632</dst>
            <dst id="WASHng">25130.7786666667</dst>
        </src>
        <src id="DNVRng">
            <dst id="ATLA-M5">137.92</dst>
            <dst id="ATLAng">9401.944</dst>
            <dst id="CHINng">45525.24</dst>
            <dst id="DNVRng">12051.504</dst>
            <dst id="HSTNng">14187.584</dst>
            <dst id="IPLSng">27772.1093333333</dst>
            <dst id="KSCYng">18934.9066666667</dst>
            <dst id="LOSAng">14255.24</dst>
            <dst id="NYCMng">17922.4826666667</dst>
            <dst id="SNVAng">8634.09066666667</dst>
            <dst id="STTLng">17288.9466666667</dst>
            <dst id="WASHng">35131.4986666667</dst>
        </src>
        <src id="HSTNng">
            <dst id="ATLA-M5">1684.92533333333</dst>
            <dst id="ATLAng">9574.82933333333</dst>
            <dst id="CHINng">7830.97333333333</dst>
            <dst id="DNVRng">1730.36533333333</dst>
            <dst id="HSTNng">13894.7786666667</dst>
            <dst id="IPLSng">9609.456</dst>
            <dst id="KSCYng">2226.53333333333</dst>
            <dst id="LOSAng">7903.82133333334</dst>
            <dst id="NYCMng">3388.02133333333</dst>
            <dst id="SNVAng">0</dst>
            <dst id="STTLng">1495.62666666667</dst>
            <dst id="WASHng">4207.944</dst>
        </src>
        <src id="IPLSng">
            <dst id="ATLA-M5">144.874666666667</dst>
            <dst id="ATLAng">20664.5226666667</dst>
            <dst id="CHINng">69771.76</dst>
            <dst id="DNVRng">11331.6213333333</dst>
            <dst id="HSTNng">4297.52266666667</dst>
            <dst id="IPLSng">10945.888</dst>
            <dst id="KSCYng">3381.10666666667</dst>
            <dst id="LOSAng">28216.5786666667</dst>
            <dst id="NYCMng">27922.632</dst>
            <dst id="SNVAng">3238.46133333333</dst>
            <dst id="STTLng">15302.7786666667</dst>
            <dst id="WASHng">14369.6693333333</dst>
        </src>
        <src id="KSCYng">
            <dst id="ATLA-M5">1368.89066666667</dst>
            <dst id="ATLAng">2508.50933333333</dst>
            <dst id="CHINng">9704.09333333333</dst>
            <dst id="DNVRng">10371.5173333333</dst>
            <dst id="HSTNng">4774.512</dst>
            <dst id="IPLSng">11760.616</dst>
            <dst id="KSCYng">5605.048</dst>
            <dst id="LOSAng">7109.72</dst>
            <dst id="NYCMng">2296.16533333333</dst>
            <dst id="SNVAng">2890.32</dst>
            <dst id="STTLng">3542.92533333333</dst>
            <dst id="WASHng">17287.4453333333</dst>
        </src>
        <src id="LOSAng">
            <dst id="ATLA-M5">133.333333333333</dst>
            <dst id="ATLAng">30574.9813333333</dst>
            <dst id="CHINng">216481.786666667</dst>
            <dst id="DNVRng">21271.1093333333</dst>
            <dst id="HSTNng">9735.99733333333</dst>
            <dst id="IPLSng">34525.5893333333</dst>
            <dst id="KSCYng">4475.70666666667</dst>
            <dst id="LOSAng">18847.3946666667</dst>
            <dst id="NYCMng">40935.0853333333</dst>
            <dst id="SNVAng">33465.3573333333</dst>
            <dst id="STTLng">27464.7866666667</dst>
            <dst id="WASHng">38660.9413333333</dst>
        </src>
        <src id="NYCMng">
            <dst id="ATLA-M5">399.738666666667</dst>
            <dst id="ATLAng">18675.4373333333</dst>
            <dst id="CHINng">10407.112</dst>
            <dst id="DNVRng">37593.9626666667</dst>
            <dst id="HSTNng">11830.3493333333</dst>
            <dst id="IPLSng">20845.9413333333</dst>
            <dst id="KSCYng">15179.0693333333</dst>
            <dst id="LOSAng">78546.7226666667</dst>
            <dst id="NYCMng">82418.5013333333</dst>
            <dst id="SNVAng">2790.38933333333</dst>
            <dst id="STTLng">37406.5813333333</dst>
            <dst id="WASHng">53945.336</dst>
        </src>
        <src id="SNVAng">
            <dst id="ATLA-M5">0</dst>
            <dst id="ATLAng">26.6666666666667</dst>
            <dst id="CHINng">162.909333333333</dst>
            <dst id="DNVRng">9550.53333333333</dst>
            <dst id="HSTNng">1448.69333333333</dst>
            <dst id="IPLSng">311.754666666667</dst>
            <dst id="KSCYng">26.6666666666667</dst>
            <dst id="LOSAng">38811.0266666667</dst>
            <dst id="NYCMng">322.869333333333</dst>
            <dst id="SNVAng">13103.7946666667</dst>
            <dst id="STTLng">35297.728</dst>
            <dst id="WASHng">499.488</dst>
        </src>
        <src id="STTLng">
            <dst id="ATLA-M5">102.669333333333</dst>
            <dst id="ATLAng">8985.04533333333</dst>
            <dst id="CHINng">17762.392</dst>
            <dst id="DNVRng">4814.656</dst>
            <dst id="HSTNng">4705.78933333333</dst>
            <dst id="IPLSng">9210.58933333334</dst>
            <dst id="KSCYng">4407.00533333333</dst>
            <dst id="LOSAng">25366.752</dst>
            <dst id="NYCMng">10530.68</dst>
            <dst id="SNVAng">2885.90933333333</dst>
            <dst id="STTLng">21624.6826666667</dst>
            <dst id="WASHng">14509.9973333333</dst>
        </src>
        <src id="WASHng">
            <dst id="ATLA-M5">214.368</dst>
            <dst id="ATLAng">69562.7093333333</dst>
            <dst id="CHINng">66494.3386666667</dst>
            <dst id="DNVRng">76143.8053333333</dst>
            <dst id="HSTNng">43360.9173333333</dst>
            <dst id="IPLSng">52311.28</dst>
            <dst id="KSCYng">15690.784</dst>
            <dst id="LOSAng">85407.2026666667</dst>
            <dst id="NYCMng">125392.858666667</dst>
            <dst id="SNVAng">5767.72266666667</dst>
            <dst id="STTLng">54490.4826666667</dst>
            <dst id="WASHng">221471.624</dst>
        </src>
    </IntraTM>
</TrafficMatrixFile>
