<?xml version="1.0" encoding="ISO-8859-1" standalone="yes"?>
<TrafficMatrixFile xsi:noNamespaceSchemaLocation="http://totem.run.montefiore.ulg.ac.be/Schema/TrafficMatrix-v1_2.xsd" xmlns:xsi="http://www.w3.org/2001/XMLSchema-instance">
    <IntraTM ASID="11537">
        <src id="ATLA-M5">
            <dst id="ATLA-M5">140.221333333333</dst>
            <dst id="ATLAng">0</dst>
            <dst id="CHINng">159.573333333333</dst>
            <dst id="DNVRng">0</dst>
            <dst id="HSTNng">130.738666666667</dst>
            <dst id="IPLSng">0</dst>
            <dst id="KSCYng">1251.456</dst>
            <dst id="LOSAng">60.136</dst>
            <dst id="NYCMng">26.6666666666667</dst>
            <dst id="SNVAng">0</dst>
            <dst id="STTLng">317.026666666667</dst>
            <dst id="WASHng">1681.89333333333</dst>
        </src>
        <src id="ATLAng">
            <dst id="ATLA-M5">0</dst>
            <dst id="ATLAng">52092.264</dst>
            <dst id="CHINng">5269.98666666667</dst>
            <dst id="DNVRng">3721.02933333333</dst>
            <dst id="HSTNng">335.792</dst>
            <dst id="IPLSng">13206.52</dst>
            <dst id="KSCYng">363.234666666667</dst>
            <dst id="LOSAng">14195.0946666667</dst>
            <dst id="NYCMng">7745.45333333333</dst>
            <dst id="SNVAng">26.9346666666667</dst>
            <dst id="STTLng">6984.87733333333</dst>
            <dst id="WASHng">32605.0613333333</dst>
        </src>
        <src id="CHINng">
            <dst id="ATLA-M5">5759.99466666667</dst>
            <dst id="ATLAng">3121.48266666667</dst>
            <dst id="CHINng">77887.1493333333</dst>
            <dst id="DNVRng">13034.3733333333</dst>
            <dst id="HSTNng">4492.768</dst>
            <dst id="IPLSng">25159.624</dst>
            <dst id="KSCYng">18841.8986666667</dst>
            <dst id="LOSAng">38930.9066666667</dst>
            <dst id="NYCMng">8336.19466666667</dst>
            <dst id="SNVAng">2797.88266666667</dst>
            <dst id="STTLng">4146.91733333333</dst>
            <dst id="WASHng">15167.7466666667</dst>
        </src>
        <src id="DNVRng">
            <dst id="ATLA-M5">199.093333333333</dst>
            <dst id="ATLAng">11437.4</dst>
            <dst id="CHINng">89155.872</dst>
            <dst id="DNVRng">16797.232</dst>
            <dst id="HSTNng">12881.2986666667</dst>
            <dst id="IPLSng">36920.3146666667</dst>
            <dst id="KSCYng">15023.8666666667</dst>
            <dst id="LOSAng">9099.72533333333</dst>
            <dst id="NYCMng">17261.5066666667</dst>
            <dst id="SNVAng">7524.88533333333</dst>
            <dst id="STTLng">6381.504</dst>
            <dst id="WASHng">31991.9786666667</dst>
        </src>
        <src id="HSTNng">
            <dst id="ATLA-M5">2827.50133333333</dst>
            <dst id="ATLAng">2835.85333333333</dst>
            <dst id="CHINng">13329.8453333333</dst>
            <dst id="DNVRng">1770.856</dst>
            <dst id="HSTNng">14662.8533333333</dst>
            <dst id="IPLSng">943.997333333333</dst>
            <dst id="KSCYng">1361.57066666667</dst>
            <dst id="LOSAng">19461.6586666667</dst>
            <dst id="NYCMng">3713.41066666667</dst>
            <dst id="SNVAng">0</dst>
            <dst id="STTLng">337.589333333333</dst>
            <dst id="WASHng">1641.688</dst>
        </src>
        <src id="IPLSng">
            <dst id="ATLA-M5">0</dst>
            <dst id="ATLAng">10595.9626666667</dst>
            <dst id="CHINng">53212.5733333333</dst>
            <dst id="DNVRng">29854.5386666667</dst>
            <dst id="HSTNng">368.906666666667</dst>
            <dst id="IPLSng">30968.2853333333</dst>
            <dst id="KSCYng">9152.16266666667</dst>
            <dst id="LOSAng">18203.712</dst>
            <dst id="NYCMng">38243.0853333333</dst>
            <dst id="SNVAng">243.733333333333</dst>
            <dst id="STTLng">6961.184</dst>
            <dst id="WASHng">5793.784</dst>
        </src>
        <src id="KSCYng">
            <dst id="ATLA-M5">34.9013333333333</dst>
            <dst id="ATLAng">1134.864</dst>
            <dst id="CHINng">14666.6506666667</dst>
            <dst id="DNVRng">14900.1093333333</dst>
            <dst id="HSTNng">3340.49866666667</dst>
            <dst id="IPLSng">20432.744</dst>
            <dst id="KSCYng">2624.67733333333</dst>
            <dst id="LOSAng">7131.952</dst>
            <dst id="NYCMng">4966.384</dst>
            <dst id="SNVAng">2869.52533333333</dst>
            <dst id="STTLng">3870.968</dst>
            <dst id="WASHng">21623.6746666667</dst>
        </src>
        <src id="LOSAng">
            <dst id="ATLA-M5">53.8213333333333</dst>
            <dst id="ATLAng">17650.5013333333</dst>
            <dst id="CHINng">138554.133333333</dst>
            <dst id="DNVRng">19411.648</dst>
            <dst id="HSTNng">4453.608</dst>
            <dst id="IPLSng">15781.7173333333</dst>
            <dst id="KSCYng">2906.58666666667</dst>
            <dst id="LOSAng">15426.136</dst>
            <dst id="NYCMng">35457.2613333333</dst>
            <dst id="SNVAng">18375.5466666667</dst>
            <dst id="STTLng">25476.8666666667</dst>
            <dst id="WASHng">17927.0853333333</dst>
        </src>
        <src id="NYCMng">
            <dst id="ATLA-M5">168.394666666667</dst>
            <dst id="ATLAng">6888.74666666667</dst>
            <dst id="CHINng">15111.6613333333</dst>
            <dst id="DNVRng">23546.2106666667</dst>
            <dst id="HSTNng">9415.52266666667</dst>
            <dst id="IPLSng">24302.5813333333</dst>
            <dst id="KSCYng">4751.544</dst>
            <dst id="LOSAng">88605.4986666667</dst>
            <dst id="NYCMng">110220.405333333</dst>
            <dst id="SNVAng">1873.328</dst>
            <dst id="STTLng">21407.3946666667</dst>
            <dst id="WASHng">38089.48</dst>
        </src>
        <src id="SNVAng">
            <dst id="ATLA-M5">0</dst>
            <dst id="ATLAng">55.68</dst>
            <dst id="CHINng">93.3093333333333</dst>
            <dst id="DNVRng">3073.648</dst>
            <dst id="HSTNng">34.0693333333333</dst>
            <dst id="IPLSng">271.992</dst>
            <dst id="KSCYng">26.6666666666667</dst>
            <dst id="LOSAng">32578.064</dst>
            <dst id="NYCMng">401.301333333333</dst>
            <dst id="SNVAng">3227.21866666667</dst>
            <dst id="STTLng">25489.52</dst>
            <dst id="WASHng">26.6666666666667</dst>
        </src>
        <src id="STTLng">
            <dst id="ATLA-M5">151.530666666667</dst>
            <dst id="ATLAng">6271.25066666667</dst>
            <dst id="CHINng">25095.528</dst>
            <dst id="DNVRng">2519.704</dst>
            <dst id="HSTNng">1110.78933333333</dst>
            <dst id="IPLSng">3028.48533333333</dst>
            <dst id="KSCYng">1899.22133333333</dst>
            <dst id="LOSAng">22506.0533333333</dst>
            <dst id="NYCMng">11931.5093333333</dst>
            <dst id="SNVAng">2896.86133333333</dst>
            <dst id="STTLng">19651.4053333333</dst>
            <dst id="WASHng">3692.44266666667</dst>
        </src>
        <src id="WASHng">
            <dst id="ATLA-M5">1090.504</dst>
            <dst id="ATLAng">51660.3386666667</dst>
            <dst id="CHINng">97055.7706666666</dst>
            <dst id="DNVRng">46709.952</dst>
            <dst id="HSTNng">49956.232</dst>
            <dst id="IPLSng">51154.2666666667</dst>
            <dst id="KSCYng">15279.024</dst>
            <dst id="LOSAng">58106.5653333333</dst>
            <dst id="NYCMng">113700.597333333</dst>
            <dst id="SNVAng">5338.528</dst>
            <dst id="STTLng">42405.7146666667</dst>
            <dst id="WASHng">273149.12</dst>
        </src>
    </IntraTM>
</TrafficMatrixFile>
