<?xml version="1.0" encoding="ISO-8859-1" standalone="yes"?>
<TrafficMatrixFile xsi:noNamespaceSchemaLocation="http://totem.run.montefiore.ulg.ac.be/Schema/TrafficMatrix-v1_2.xsd" xmlns:xsi="http://www.w3.org/2001/XMLSchema-instance">
    <IntraTM ASID="11537">
        <src id="ATLA-M5">
            <dst id="ATLA-M5">356.205333333333</dst>
            <dst id="ATLAng">1702.06933333333</dst>
            <dst id="CHINng">122.573333333333</dst>
            <dst id="DNVRng">0</dst>
            <dst id="HSTNng">133.333333333333</dst>
            <dst id="IPLSng">70.896</dst>
            <dst id="KSCYng">131.842666666667</dst>
            <dst id="LOSAng">201.325333333333</dst>
            <dst id="NYCMng">53.3333333333333</dst>
            <dst id="SNVAng">26.6666666666667</dst>
            <dst id="STTLng">78.9706666666667</dst>
            <dst id="WASHng">1580.74666666667</dst>
        </src>
        <src id="ATLAng">
            <dst id="ATLA-M5">2156.536</dst>
            <dst id="ATLAng">26505.5893333333</dst>
            <dst id="CHINng">25690.8106666667</dst>
            <dst id="DNVRng">3164.62933333333</dst>
            <dst id="HSTNng">13437.4853333333</dst>
            <dst id="IPLSng">19365.48</dst>
            <dst id="KSCYng">9920.37066666667</dst>
            <dst id="LOSAng">10513.5653333333</dst>
            <dst id="NYCMng">14032.4853333333</dst>
            <dst id="SNVAng">1283.16266666667</dst>
            <dst id="STTLng">8130.02933333333</dst>
            <dst id="WASHng">51445.8613333333</dst>
        </src>
        <src id="CHINng">
            <dst id="ATLA-M5">404.712</dst>
            <dst id="ATLAng">35428.608</dst>
            <dst id="CHINng">71045.752</dst>
            <dst id="DNVRng">10408.3706666667</dst>
            <dst id="HSTNng">21096.24</dst>
            <dst id="IPLSng">29649.0373333333</dst>
            <dst id="KSCYng">8776.88</dst>
            <dst id="LOSAng">50755.0826666666</dst>
            <dst id="NYCMng">31122.7626666667</dst>
            <dst id="SNVAng">7834.44</dst>
            <dst id="STTLng">5692.17066666667</dst>
            <dst id="WASHng">22472.8693333333</dst>
        </src>
        <src id="DNVRng">
            <dst id="ATLA-M5">312.597333333333</dst>
            <dst id="ATLAng">11848.4853333333</dst>
            <dst id="CHINng">78385.952</dst>
            <dst id="DNVRng">17730.3733333333</dst>
            <dst id="HSTNng">27113.3493333333</dst>
            <dst id="IPLSng">37075.4186666667</dst>
            <dst id="KSCYng">28202.9893333333</dst>
            <dst id="LOSAng">13603.2746666667</dst>
            <dst id="NYCMng">15507.1306666667</dst>
            <dst id="SNVAng">46932.0533333333</dst>
            <dst id="STTLng">12206.1306666667</dst>
            <dst id="WASHng">51950.304</dst>
        </src>
        <src id="HSTNng">
            <dst id="ATLA-M5">1089.97066666667</dst>
            <dst id="ATLAng">13701.6106666667</dst>
            <dst id="CHINng">17853.9866666667</dst>
            <dst id="DNVRng">1177.33066666667</dst>
            <dst id="HSTNng">4412.88</dst>
            <dst id="IPLSng">4837.792</dst>
            <dst id="KSCYng">1760.34933333333</dst>
            <dst id="LOSAng">9195.8</dst>
            <dst id="NYCMng">2948.77066666667</dst>
            <dst id="SNVAng">359.466666666667</dst>
            <dst id="STTLng">774.589333333333</dst>
            <dst id="WASHng">5041.85333333333</dst>
        </src>
        <src id="IPLSng">
            <dst id="ATLA-M5">203.698666666667</dst>
            <dst id="ATLAng">37716.896</dst>
            <dst id="CHINng">94189.8506666667</dst>
            <dst id="DNVRng">20290.2293333333</dst>
            <dst id="HSTNng">16010.0426666667</dst>
            <dst id="IPLSng">22643.144</dst>
            <dst id="KSCYng">8095.992</dst>
            <dst id="LOSAng">62448.2373333333</dst>
            <dst id="NYCMng">35273.304</dst>
            <dst id="SNVAng">5871.71466666667</dst>
            <dst id="STTLng">11720.7573333333</dst>
            <dst id="WASHng">15380.7413333333</dst>
        </src>
        <src id="KSCYng">
            <dst id="ATLA-M5">1658.76266666667</dst>
            <dst id="ATLAng">13264.888</dst>
            <dst id="CHINng">25177.5813333333</dst>
            <dst id="DNVRng">12332.5253333333</dst>
            <dst id="HSTNng">2718.03733333333</dst>
            <dst id="IPLSng">14158.0346666667</dst>
            <dst id="KSCYng">5459.34133333333</dst>
            <dst id="LOSAng">16162.9706666667</dst>
            <dst id="NYCMng">8575.83466666667</dst>
            <dst id="SNVAng">3700.936</dst>
            <dst id="STTLng">3969.20266666667</dst>
            <dst id="WASHng">11720.944</dst>
        </src>
        <src id="LOSAng">
            <dst id="ATLA-M5">1946.52266666667</dst>
            <dst id="ATLAng">21393.9493333333</dst>
            <dst id="CHINng">113791.024</dst>
            <dst id="DNVRng">35275.816</dst>
            <dst id="HSTNng">15875.36</dst>
            <dst id="IPLSng">53201.7653333333</dst>
            <dst id="KSCYng">11077.584</dst>
            <dst id="LOSAng">21751.9946666667</dst>
            <dst id="NYCMng">45010.9893333333</dst>
            <dst id="SNVAng">13018.3626666667</dst>
            <dst id="STTLng">24507.6026666667</dst>
            <dst id="WASHng">50851.6</dst>
        </src>
        <src id="NYCMng">
            <dst id="ATLA-M5">805.237333333333</dst>
            <dst id="ATLAng">44105.864</dst>
            <dst id="CHINng">41934.6533333333</dst>
            <dst id="DNVRng">46893.8373333333</dst>
            <dst id="HSTNng">23180.784</dst>
            <dst id="IPLSng">26370.2613333333</dst>
            <dst id="KSCYng">29955.848</dst>
            <dst id="LOSAng">92102.5546666666</dst>
            <dst id="NYCMng">123843.205333333</dst>
            <dst id="SNVAng">6311.28533333333</dst>
            <dst id="STTLng">53613.104</dst>
            <dst id="WASHng">117994.333333333</dst>
        </src>
        <src id="SNVAng">
            <dst id="ATLA-M5">0</dst>
            <dst id="ATLAng">648.165333333333</dst>
            <dst id="CHINng">566.666666666667</dst>
            <dst id="DNVRng">5371.608</dst>
            <dst id="HSTNng">144.952</dst>
            <dst id="IPLSng">2720.512</dst>
            <dst id="KSCYng">1161.53066666667</dst>
            <dst id="LOSAng">35761.376</dst>
            <dst id="NYCMng">523.12</dst>
            <dst id="SNVAng">7458.58933333333</dst>
            <dst id="STTLng">30496.736</dst>
            <dst id="WASHng">154.730666666667</dst>
        </src>
        <src id="STTLng">
            <dst id="ATLA-M5">432.805333333333</dst>
            <dst id="ATLAng">16492.1173333333</dst>
            <dst id="CHINng">19406.7333333333</dst>
            <dst id="DNVRng">7239.56</dst>
            <dst id="HSTNng">3804.744</dst>
            <dst id="IPLSng">14290.5013333333</dst>
            <dst id="KSCYng">4674.81333333333</dst>
            <dst id="LOSAng">29236.9893333333</dst>
            <dst id="NYCMng">17008.9306666667</dst>
            <dst id="SNVAng">6258.808</dst>
            <dst id="STTLng">6171.176</dst>
            <dst id="WASHng">21648.2586666667</dst>
        </src>
        <src id="WASHng">
            <dst id="ATLA-M5">4698.50933333333</dst>
            <dst id="ATLAng">116890</dst>
            <dst id="CHINng">88912.5893333333</dst>
            <dst id="DNVRng">90475.6693333333</dst>
            <dst id="HSTNng">32297.608</dst>
            <dst id="IPLSng">71638.8533333333</dst>
            <dst id="KSCYng">17382.3866666667</dst>
            <dst id="LOSAng">78779.0613333333</dst>
            <dst id="NYCMng">156771.944</dst>
            <dst id="SNVAng">18722.144</dst>
            <dst id="STTLng">53550.9626666667</dst>
            <dst id="WASHng">222589.456</dst>
        </src>
    </IntraTM>
</TrafficMatrixFile>
