<?xml version="1.0" encoding="ISO-8859-1" standalone="yes"?>
<TrafficMatrixFile xsi:noNamespaceSchemaLocation="http://totem.run.montefiore.ulg.ac.be/Schema/TrafficMatrix-v1_2.xsd" xmlns:xsi="http://www.w3.org/2001/XMLSchema-instance">
    <IntraTM ASID="11537">
        <src id="ATLA-M5">
            <dst id="ATLA-M5">120.896</dst>
            <dst id="ATLAng">1792.16266666667</dst>
            <dst id="CHINng">210.658666666667</dst>
            <dst id="DNVRng">26.6666666666667</dst>
            <dst id="HSTNng">53.3333333333333</dst>
            <dst id="IPLSng">474.848</dst>
            <dst id="KSCYng">106.56</dst>
            <dst id="LOSAng">394.730666666667</dst>
            <dst id="NYCMng">26.6666666666667</dst>
            <dst id="SNVAng">32.8533333333333</dst>
            <dst id="STTLng">32</dst>
            <dst id="WASHng">544.922666666667</dst>
        </src>
        <src id="ATLAng">
            <dst id="ATLA-M5">3838.352</dst>
            <dst id="ATLAng">14803.0106666667</dst>
            <dst id="CHINng">8484.816</dst>
            <dst id="DNVRng">2187.70133333333</dst>
            <dst id="HSTNng">11827.3786666667</dst>
            <dst id="IPLSng">35433.7946666667</dst>
            <dst id="KSCYng">4170.66933333333</dst>
            <dst id="LOSAng">6153.72133333333</dst>
            <dst id="NYCMng">10312.552</dst>
            <dst id="SNVAng">669.012</dst>
            <dst id="STTLng">10174.5253333333</dst>
            <dst id="WASHng">70232.2986666667</dst>
        </src>
        <src id="CHINng">
            <dst id="ATLA-M5">167.229333333333</dst>
            <dst id="ATLAng">34910.0693333333</dst>
            <dst id="CHINng">81908.6613333333</dst>
            <dst id="DNVRng">7157.064</dst>
            <dst id="HSTNng">9624.90133333334</dst>
            <dst id="IPLSng">44489.5173333333</dst>
            <dst id="KSCYng">12380.5173333333</dst>
            <dst id="LOSAng">36661.3173333333</dst>
            <dst id="NYCMng">19497.824</dst>
            <dst id="SNVAng">1846.432</dst>
            <dst id="STTLng">8938.54133333333</dst>
            <dst id="WASHng">17825.5493333333</dst>
        </src>
        <src id="DNVRng">
            <dst id="ATLA-M5">354.613333333333</dst>
            <dst id="ATLAng">4881.76</dst>
            <dst id="CHINng">75512.072</dst>
            <dst id="DNVRng">8923.98933333333</dst>
            <dst id="HSTNng">15600.6906666667</dst>
            <dst id="IPLSng">34008.984</dst>
            <dst id="KSCYng">19378.264</dst>
            <dst id="LOSAng">13595.096</dst>
            <dst id="NYCMng">21339.9306666667</dst>
            <dst id="SNVAng">16996.0613333333</dst>
            <dst id="STTLng">9612.808</dst>
            <dst id="WASHng">40990.2613333333</dst>
        </src>
        <src id="HSTNng">
            <dst id="ATLA-M5">254.258666666667</dst>
            <dst id="ATLAng">6241.144</dst>
            <dst id="CHINng">12117.144</dst>
            <dst id="DNVRng">1089.856</dst>
            <dst id="HSTNng">15775.1733333333</dst>
            <dst id="IPLSng">1584.61866666667</dst>
            <dst id="KSCYng">2087.928</dst>
            <dst id="LOSAng">18269.2826666667</dst>
            <dst id="NYCMng">3787.68</dst>
            <dst id="SNVAng">246.333333333333</dst>
            <dst id="STTLng">6725.74666666667</dst>
            <dst id="WASHng">3912.69066666667</dst>
        </src>
        <src id="IPLSng">
            <dst id="ATLA-M5">280.210666666667</dst>
            <dst id="ATLAng">22291.1413333333</dst>
            <dst id="CHINng">66231.848</dst>
            <dst id="DNVRng">13662.704</dst>
            <dst id="HSTNng">5173.712</dst>
            <dst id="IPLSng">11637.5093333333</dst>
            <dst id="KSCYng">5299.28533333333</dst>
            <dst id="LOSAng">11319.3093333333</dst>
            <dst id="NYCMng">32807.416</dst>
            <dst id="SNVAng">4692.09866666667</dst>
            <dst id="STTLng">8919.8</dst>
            <dst id="WASHng">33983.0933333333</dst>
        </src>
        <src id="KSCYng">
            <dst id="ATLA-M5">26.6666666666667</dst>
            <dst id="ATLAng">3584.67733333333</dst>
            <dst id="CHINng">21483.6586666667</dst>
            <dst id="DNVRng">12349.1333333333</dst>
            <dst id="HSTNng">3538.656</dst>
            <dst id="IPLSng">22418.728</dst>
            <dst id="KSCYng">8369.392</dst>
            <dst id="LOSAng">6560.832</dst>
            <dst id="NYCMng">1787.45066666667</dst>
            <dst id="SNVAng">2156.88266666667</dst>
            <dst id="STTLng">3502.58133333333</dst>
            <dst id="WASHng">16623.8293333333</dst>
        </src>
        <src id="LOSAng">
            <dst id="ATLA-M5">292.84</dst>
            <dst id="ATLAng">18596.2506666667</dst>
            <dst id="CHINng">141982.754666667</dst>
            <dst id="DNVRng">21069.6826666667</dst>
            <dst id="HSTNng">11940.584</dst>
            <dst id="IPLSng">33989.104</dst>
            <dst id="KSCYng">7771.52533333333</dst>
            <dst id="LOSAng">14885.1173333333</dst>
            <dst id="NYCMng">40138.5893333333</dst>
            <dst id="SNVAng">12853.592</dst>
            <dst id="STTLng">36692.36</dst>
            <dst id="WASHng">30691.9493333333</dst>
        </src>
        <src id="NYCMng">
            <dst id="ATLA-M5">760.922666666667</dst>
            <dst id="ATLAng">41318.1146666667</dst>
            <dst id="CHINng">29959.344</dst>
            <dst id="DNVRng">28920.128</dst>
            <dst id="HSTNng">11646.4773333333</dst>
            <dst id="IPLSng">31911.3973333333</dst>
            <dst id="KSCYng">9863.46666666667</dst>
            <dst id="LOSAng">86058.624</dst>
            <dst id="NYCMng">130722.408</dst>
            <dst id="SNVAng">2156.74666666667</dst>
            <dst id="STTLng">13725.4186666667</dst>
            <dst id="WASHng">99984.1306666667</dst>
        </src>
        <src id="SNVAng">
            <dst id="ATLA-M5">0</dst>
            <dst id="ATLAng">160</dst>
            <dst id="CHINng">60.272</dst>
            <dst id="DNVRng">3315.62133333333</dst>
            <dst id="HSTNng">289.909333333333</dst>
            <dst id="IPLSng">2964.31466666667</dst>
            <dst id="KSCYng">26.6666666666667</dst>
            <dst id="LOSAng">29647.9546666667</dst>
            <dst id="NYCMng">387.2</dst>
            <dst id="SNVAng">7395.36266666667</dst>
            <dst id="STTLng">24132.2586666667</dst>
            <dst id="WASHng">53.3333333333333</dst>
        </src>
        <src id="STTLng">
            <dst id="ATLA-M5">185.424</dst>
            <dst id="ATLAng">15655.9173333333</dst>
            <dst id="CHINng">25001.312</dst>
            <dst id="DNVRng">5522.608</dst>
            <dst id="HSTNng">2686.98933333333</dst>
            <dst id="IPLSng">12341.1653333333</dst>
            <dst id="KSCYng">6095.58133333333</dst>
            <dst id="LOSAng">14989.144</dst>
            <dst id="NYCMng">13618.392</dst>
            <dst id="SNVAng">6195.392</dst>
            <dst id="STTLng">4836.40533333333</dst>
            <dst id="WASHng">25155.432</dst>
        </src>
        <src id="WASHng">
            <dst id="ATLA-M5">394.594666666667</dst>
            <dst id="ATLAng">117483.994666667</dst>
            <dst id="CHINng">42169.9813333333</dst>
            <dst id="DNVRng">72384.696</dst>
            <dst id="HSTNng">21720.2133333333</dst>
            <dst id="IPLSng">75732.824</dst>
            <dst id="KSCYng">19034.2826666667</dst>
            <dst id="LOSAng">59378.792</dst>
            <dst id="NYCMng">167026.768</dst>
            <dst id="SNVAng">7558.016</dst>
            <dst id="STTLng">36078.2</dst>
            <dst id="WASHng">425203.226666667</dst>
        </src>
    </IntraTM>
</TrafficMatrixFile>
