<?xml version="1.0" encoding="ISO-8859-1" standalone="yes"?>
<TrafficMatrixFile xsi:noNamespaceSchemaLocation="http://totem.run.montefiore.ulg.ac.be/Schema/TrafficMatrix-v1_2.xsd" xmlns:xsi="http://www.w3.org/2001/XMLSchema-instance">
    <IntraTM ASID="11537">
        <src id="ATLA-M5">
            <dst id="ATLA-M5">0</dst>
            <dst id="ATLAng">197.877333333333</dst>
            <dst id="CHINng">130.88</dst>
            <dst id="DNVRng">0</dst>
            <dst id="HSTNng">58.2106666666667</dst>
            <dst id="IPLSng">26.6666666666667</dst>
            <dst id="KSCYng">477.805333333333</dst>
            <dst id="LOSAng">40</dst>
            <dst id="NYCMng">26.6666666666667</dst>
            <dst id="SNVAng">13.3333333333333</dst>
            <dst id="STTLng">466.026666666667</dst>
            <dst id="WASHng">1850.10133333333</dst>
        </src>
        <src id="ATLAng">
            <dst id="ATLA-M5">26.6666666666667</dst>
            <dst id="ATLAng">58870.6826666667</dst>
            <dst id="CHINng">3728.104</dst>
            <dst id="DNVRng">3436.616</dst>
            <dst id="HSTNng">15743.912</dst>
            <dst id="IPLSng">11782.0586666667</dst>
            <dst id="KSCYng">653.314666666667</dst>
            <dst id="LOSAng">14280.632</dst>
            <dst id="NYCMng">3295.29333333333</dst>
            <dst id="SNVAng">13.3333333333333</dst>
            <dst id="STTLng">6373.69066666667</dst>
            <dst id="WASHng">21970.4986666667</dst>
        </src>
        <src id="CHINng">
            <dst id="ATLA-M5">5787.46933333333</dst>
            <dst id="ATLAng">6603.20266666667</dst>
            <dst id="CHINng">68300.7386666667</dst>
            <dst id="DNVRng">9569.22666666667</dst>
            <dst id="HSTNng">6302.048</dst>
            <dst id="IPLSng">41292.5573333333</dst>
            <dst id="KSCYng">4330.00266666667</dst>
            <dst id="LOSAng">45663.9013333333</dst>
            <dst id="NYCMng">12199.8666666667</dst>
            <dst id="SNVAng">4631.54133333333</dst>
            <dst id="STTLng">6634.016</dst>
            <dst id="WASHng">12764.664</dst>
        </src>
        <src id="DNVRng">
            <dst id="ATLA-M5">221.76</dst>
            <dst id="ATLAng">12969.5333333333</dst>
            <dst id="CHINng">56257.976</dst>
            <dst id="DNVRng">17059.1946666667</dst>
            <dst id="HSTNng">18515.8026666667</dst>
            <dst id="IPLSng">32685.7866666667</dst>
            <dst id="KSCYng">25697.7306666667</dst>
            <dst id="LOSAng">9102.03466666667</dst>
            <dst id="NYCMng">14632.8373333333</dst>
            <dst id="SNVAng">8103.944</dst>
            <dst id="STTLng">13514.3653333333</dst>
            <dst id="WASHng">32284.936</dst>
        </src>
        <src id="HSTNng">
            <dst id="ATLA-M5">221.365333333333</dst>
            <dst id="ATLAng">1997.00266666667</dst>
            <dst id="CHINng">6798.14133333333</dst>
            <dst id="DNVRng">1722.896</dst>
            <dst id="HSTNng">12995.376</dst>
            <dst id="IPLSng">9554.864</dst>
            <dst id="KSCYng">2522.14933333333</dst>
            <dst id="LOSAng">16950.3226666667</dst>
            <dst id="NYCMng">3164.65866666667</dst>
            <dst id="SNVAng">0</dst>
            <dst id="STTLng">1326.104</dst>
            <dst id="WASHng">1623.80533333333</dst>
        </src>
        <src id="IPLSng">
            <dst id="ATLA-M5">0</dst>
            <dst id="ATLAng">8826.41866666666</dst>
            <dst id="CHINng">51589.0773333333</dst>
            <dst id="DNVRng">23951.7706666667</dst>
            <dst id="HSTNng">767.730666666667</dst>
            <dst id="IPLSng">13960.6186666667</dst>
            <dst id="KSCYng">3023.424</dst>
            <dst id="LOSAng">24556.2293333333</dst>
            <dst id="NYCMng">20823.4693333333</dst>
            <dst id="SNVAng">822.370666666667</dst>
            <dst id="STTLng">16584.656</dst>
            <dst id="WASHng">9071.92266666667</dst>
        </src>
        <src id="KSCYng">
            <dst id="ATLA-M5">386.365333333333</dst>
            <dst id="ATLAng">1085.38666666667</dst>
            <dst id="CHINng">17234.048</dst>
            <dst id="DNVRng">10298.1093333333</dst>
            <dst id="HSTNng">2894.424</dst>
            <dst id="IPLSng">15193.7013333333</dst>
            <dst id="KSCYng">9486.62666666667</dst>
            <dst id="LOSAng">7101.57333333333</dst>
            <dst id="NYCMng">1336.58133333333</dst>
            <dst id="SNVAng">2157.29066666667</dst>
            <dst id="STTLng">2722.14133333333</dst>
            <dst id="WASHng">9533.54666666667</dst>
        </src>
        <src id="LOSAng">
            <dst id="ATLA-M5">158.68</dst>
            <dst id="ATLAng">20200.176</dst>
            <dst id="CHINng">115401.002666667</dst>
            <dst id="DNVRng">28033.0453333333</dst>
            <dst id="HSTNng">3905.91733333333</dst>
            <dst id="IPLSng">10876.7706666667</dst>
            <dst id="KSCYng">2666.70133333333</dst>
            <dst id="LOSAng">22264.744</dst>
            <dst id="NYCMng">33008.0746666667</dst>
            <dst id="SNVAng">19071.904</dst>
            <dst id="STTLng">36133.432</dst>
            <dst id="WASHng">32338.4986666667</dst>
        </src>
        <src id="NYCMng">
            <dst id="ATLA-M5">222.136</dst>
            <dst id="ATLAng">14337.8053333333</dst>
            <dst id="CHINng">13556.0453333333</dst>
            <dst id="DNVRng">27895.1733333333</dst>
            <dst id="HSTNng">10978.256</dst>
            <dst id="IPLSng">22250.5733333333</dst>
            <dst id="KSCYng">3997.07466666667</dst>
            <dst id="LOSAng">82220.584</dst>
            <dst id="NYCMng">82113.9866666667</dst>
            <dst id="SNVAng">1667.25866666667</dst>
            <dst id="STTLng">26689.6266666667</dst>
            <dst id="WASHng">34483.5973333333</dst>
        </src>
        <src id="SNVAng">
            <dst id="ATLA-M5">0</dst>
            <dst id="ATLAng">53.3333333333333</dst>
            <dst id="CHINng">26.6666666666667</dst>
            <dst id="DNVRng">9022.75466666667</dst>
            <dst id="HSTNng">33.4293333333333</dst>
            <dst id="IPLSng">8907.13866666667</dst>
            <dst id="KSCYng">26.6666666666667</dst>
            <dst id="LOSAng">37159.9733333333</dst>
            <dst id="NYCMng">346.325333333333</dst>
            <dst id="SNVAng">6017.672</dst>
            <dst id="STTLng">26936.4586666667</dst>
            <dst id="WASHng">53.3333333333333</dst>
        </src>
        <src id="STTLng">
            <dst id="ATLA-M5">341.4</dst>
            <dst id="ATLAng">6677.38933333333</dst>
            <dst id="CHINng">22323.5253333333</dst>
            <dst id="DNVRng">4026.26133333333</dst>
            <dst id="HSTNng">2165.688</dst>
            <dst id="IPLSng">6280.232</dst>
            <dst id="KSCYng">3250.17333333333</dst>
            <dst id="LOSAng">435551.866666667</dst>
            <dst id="NYCMng">11836.1466666667</dst>
            <dst id="SNVAng">3731.68533333333</dst>
            <dst id="STTLng">22590.6373333333</dst>
            <dst id="WASHng">4653.05866666667</dst>
        </src>
        <src id="WASHng">
            <dst id="ATLA-M5">1268.73066666667</dst>
            <dst id="ATLAng">70213.6053333334</dst>
            <dst id="CHINng">102571.613333333</dst>
            <dst id="DNVRng">58985.8266666667</dst>
            <dst id="HSTNng">18210.592</dst>
            <dst id="IPLSng">83065.2293333334</dst>
            <dst id="KSCYng">20047.1386666667</dst>
            <dst id="LOSAng">68016.5546666667</dst>
            <dst id="NYCMng">200871.064</dst>
            <dst id="SNVAng">2608.288</dst>
            <dst id="STTLng">45192.1733333333</dst>
            <dst id="WASHng">242761.952</dst>
        </src>
    </IntraTM>
</TrafficMatrixFile>
