<?xml version="1.0" encoding="ISO-8859-1" standalone="yes"?>
<TrafficMatrixFile xsi:noNamespaceSchemaLocation="http://totem.run.montefiore.ulg.ac.be/Schema/TrafficMatrix-v1_2.xsd" xmlns:xsi="http://www.w3.org/2001/XMLSchema-instance">
    <IntraTM ASID="11537">
        <src id="ATLA-M5">
            <dst id="ATLA-M5">0</dst>
            <dst id="ATLAng">62.6746666666667</dst>
            <dst id="CHINng">115.866666666667</dst>
            <dst id="DNVRng">0</dst>
            <dst id="HSTNng">47.2133333333333</dst>
            <dst id="IPLSng">0</dst>
            <dst id="KSCYng">53.3333333333333</dst>
            <dst id="LOSAng">164.834666666667</dst>
            <dst id="NYCMng">26.6666666666667</dst>
            <dst id="SNVAng">0</dst>
            <dst id="STTLng">164.498666666667</dst>
            <dst id="WASHng">570.944</dst>
        </src>
        <src id="ATLAng">
            <dst id="ATLA-M5">453.338666666667</dst>
            <dst id="ATLAng">5580.32266666667</dst>
            <dst id="CHINng">2709.97866666667</dst>
            <dst id="DNVRng">2618.95733333333</dst>
            <dst id="HSTNng">2209.664</dst>
            <dst id="IPLSng">26588.144</dst>
            <dst id="KSCYng">337.245333333333</dst>
            <dst id="LOSAng">12153.7386666667</dst>
            <dst id="NYCMng">5893.45866666667</dst>
            <dst id="SNVAng">139.413333333333</dst>
            <dst id="STTLng">8252.90933333333</dst>
            <dst id="WASHng">21131.3173333333</dst>
        </src>
        <src id="CHINng">
            <dst id="ATLA-M5">87.7333333333333</dst>
            <dst id="ATLAng">9082.536</dst>
            <dst id="CHINng">43645.552</dst>
            <dst id="DNVRng">9031.21866666667</dst>
            <dst id="HSTNng">6722.32266666667</dst>
            <dst id="IPLSng">80241.1066666667</dst>
            <dst id="KSCYng">2839.44</dst>
            <dst id="LOSAng">36963.984</dst>
            <dst id="NYCMng">5763.61333333333</dst>
            <dst id="SNVAng">827.952</dst>
            <dst id="STTLng">6034.66133333333</dst>
            <dst id="WASHng">36163.4186666667</dst>
        </src>
        <src id="DNVRng">
            <dst id="ATLA-M5">142.565333333333</dst>
            <dst id="ATLAng">2016.83466666667</dst>
            <dst id="CHINng">65825.9093333333</dst>
            <dst id="DNVRng">9614.144</dst>
            <dst id="HSTNng">21000.7893333333</dst>
            <dst id="IPLSng">32915.0213333333</dst>
            <dst id="KSCYng">31992.3546666667</dst>
            <dst id="LOSAng">16357.1173333333</dst>
            <dst id="NYCMng">16031.0346666667</dst>
            <dst id="SNVAng">13935.2213333333</dst>
            <dst id="STTLng">21046.016</dst>
            <dst id="WASHng">33382.448</dst>
        </src>
        <src id="HSTNng">
            <dst id="ATLA-M5">2244.42933333333</dst>
            <dst id="ATLAng">1926.37333333333</dst>
            <dst id="CHINng">6141.71466666667</dst>
            <dst id="DNVRng">1069.76533333333</dst>
            <dst id="HSTNng">13260.0773333333</dst>
            <dst id="IPLSng">1329.728</dst>
            <dst id="KSCYng">609.186666666667</dst>
            <dst id="LOSAng">8703.60533333333</dst>
            <dst id="NYCMng">2696.352</dst>
            <dst id="SNVAng">0</dst>
            <dst id="STTLng">2230.58666666667</dst>
            <dst id="WASHng">839.997333333333</dst>
        </src>
        <src id="IPLSng">
            <dst id="ATLA-M5">74.0666666666667</dst>
            <dst id="ATLAng">19271.4666666667</dst>
            <dst id="CHINng">70883.056</dst>
            <dst id="DNVRng">15440.2293333333</dst>
            <dst id="HSTNng">4332.36533333333</dst>
            <dst id="IPLSng">16832.488</dst>
            <dst id="KSCYng">2247.72533333333</dst>
            <dst id="LOSAng">14819.7813333333</dst>
            <dst id="NYCMng">20401.36</dst>
            <dst id="SNVAng">540.717333333333</dst>
            <dst id="STTLng">8233.60533333333</dst>
            <dst id="WASHng">17495.704</dst>
        </src>
        <src id="KSCYng">
            <dst id="ATLA-M5">880.810666666667</dst>
            <dst id="ATLAng">3454.88</dst>
            <dst id="CHINng">8244.47466666667</dst>
            <dst id="DNVRng">10128.5546666667</dst>
            <dst id="HSTNng">8746.97333333333</dst>
            <dst id="IPLSng">11135.3866666667</dst>
            <dst id="KSCYng">8155.592</dst>
            <dst id="LOSAng">9457.74133333333</dst>
            <dst id="NYCMng">2640.43733333333</dst>
            <dst id="SNVAng">2731.23466666667</dst>
            <dst id="STTLng">6682.30933333333</dst>
            <dst id="WASHng">7902.208</dst>
        </src>
        <src id="LOSAng">
            <dst id="ATLA-M5">657.837333333333</dst>
            <dst id="ATLAng">20458.2826666667</dst>
            <dst id="CHINng">73243.0693333333</dst>
            <dst id="DNVRng">21052.8053333333</dst>
            <dst id="HSTNng">9809.43733333333</dst>
            <dst id="IPLSng">20968.8026666667</dst>
            <dst id="KSCYng">2445.17066666667</dst>
            <dst id="LOSAng">21877.816</dst>
            <dst id="NYCMng">43361.5546666667</dst>
            <dst id="SNVAng">11250.3493333333</dst>
            <dst id="STTLng">24968.4586666667</dst>
            <dst id="WASHng">20887.4746666667</dst>
        </src>
        <src id="NYCMng">
            <dst id="ATLA-M5">102.658666666667</dst>
            <dst id="ATLAng">20797.7253333333</dst>
            <dst id="CHINng">17059.0053333333</dst>
            <dst id="DNVRng">25819.7893333333</dst>
            <dst id="HSTNng">10703.5386666667</dst>
            <dst id="IPLSng">12173.6613333333</dst>
            <dst id="KSCYng">10860.8933333333</dst>
            <dst id="LOSAng">77308.3493333333</dst>
            <dst id="NYCMng">67010.664</dst>
            <dst id="SNVAng">2404.77333333333</dst>
            <dst id="STTLng">18374.8693333333</dst>
            <dst id="WASHng">33074.4986666667</dst>
        </src>
        <src id="SNVAng">
            <dst id="ATLA-M5">0</dst>
            <dst id="ATLAng">568.192</dst>
            <dst id="CHINng">0</dst>
            <dst id="DNVRng">886.442666666667</dst>
            <dst id="HSTNng">27.648</dst>
            <dst id="IPLSng">197.533333333333</dst>
            <dst id="KSCYng">0</dst>
            <dst id="LOSAng">33857.696</dst>
            <dst id="NYCMng">251.989333333333</dst>
            <dst id="SNVAng">6338.30933333333</dst>
            <dst id="STTLng">30709.76</dst>
            <dst id="WASHng">26.6666666666667</dst>
        </src>
        <src id="STTLng">
            <dst id="ATLA-M5">324.053333333333</dst>
            <dst id="ATLAng">7826.47466666667</dst>
            <dst id="CHINng">20533.2</dst>
            <dst id="DNVRng">3351.98666666667</dst>
            <dst id="HSTNng">1310.12266666667</dst>
            <dst id="IPLSng">5262.68</dst>
            <dst id="KSCYng">2198.13866666667</dst>
            <dst id="LOSAng">17950.4853333333</dst>
            <dst id="NYCMng">10426.064</dst>
            <dst id="SNVAng">1970.528</dst>
            <dst id="STTLng">6011.93866666667</dst>
            <dst id="WASHng">4824.208</dst>
        </src>
        <src id="WASHng">
            <dst id="ATLA-M5">1849.98933333333</dst>
            <dst id="ATLAng">80699.7226666667</dst>
            <dst id="CHINng">49743.5386666667</dst>
            <dst id="DNVRng">59000.0426666667</dst>
            <dst id="HSTNng">11569.0293333333</dst>
            <dst id="IPLSng">60563</dst>
            <dst id="KSCYng">17906.112</dst>
            <dst id="LOSAng">66630.5066666667</dst>
            <dst id="NYCMng">129301.930666667</dst>
            <dst id="SNVAng">4768.09333333333</dst>
            <dst id="STTLng">45854.1226666667</dst>
            <dst id="WASHng">207150.173333333</dst>
        </src>
    </IntraTM>
</TrafficMatrixFile>
