<?xml version="1.0" encoding="ISO-8859-1" standalone="yes"?>
<TrafficMatrixFile xsi:noNamespaceSchemaLocation="http://totem.run.montefiore.ulg.ac.be/Schema/TrafficMatrix-v1_2.xsd" xmlns:xsi="http://www.w3.org/2001/XMLSchema-instance">
    <IntraTM ASID="11537">
        <src id="ATLA-M5">
            <dst id="ATLA-M5">0</dst>
            <dst id="ATLAng">0</dst>
            <dst id="CHINng">100.712</dst>
            <dst id="DNVRng">0</dst>
            <dst id="HSTNng">0</dst>
            <dst id="IPLSng">26.6666666666667</dst>
            <dst id="KSCYng">116.789333333333</dst>
            <dst id="LOSAng">258.704</dst>
            <dst id="NYCMng">0</dst>
            <dst id="SNVAng">0</dst>
            <dst id="STTLng">455.341333333333</dst>
            <dst id="WASHng">2018.776</dst>
        </src>
        <src id="ATLAng">
            <dst id="ATLA-M5">74.6586666666667</dst>
            <dst id="ATLAng">32642.816</dst>
            <dst id="CHINng">2831.624</dst>
            <dst id="DNVRng">2733.12533333333</dst>
            <dst id="HSTNng">1028.92</dst>
            <dst id="IPLSng">12493.4106666667</dst>
            <dst id="KSCYng">365.44</dst>
            <dst id="LOSAng">12344.3293333333</dst>
            <dst id="NYCMng">4375.096</dst>
            <dst id="SNVAng">122.281333333333</dst>
            <dst id="STTLng">6017.17066666667</dst>
            <dst id="WASHng">28090.08</dst>
        </src>
        <src id="CHINng">
            <dst id="ATLA-M5">5693.52533333333</dst>
            <dst id="ATLAng">6013.856</dst>
            <dst id="CHINng">76914.536</dst>
            <dst id="DNVRng">8081.744</dst>
            <dst id="HSTNng">7597.98933333333</dst>
            <dst id="IPLSng">45325.6853333333</dst>
            <dst id="KSCYng">17937.4933333333</dst>
            <dst id="LOSAng">42332.4053333333</dst>
            <dst id="NYCMng">13083.0213333333</dst>
            <dst id="SNVAng">6540.85866666667</dst>
            <dst id="STTLng">6549.61333333333</dst>
            <dst id="WASHng">25164.4933333333</dst>
        </src>
        <src id="DNVRng">
            <dst id="ATLA-M5">158.88</dst>
            <dst id="ATLAng">11292.6266666667</dst>
            <dst id="CHINng">70381.4853333333</dst>
            <dst id="DNVRng">24509.76</dst>
            <dst id="HSTNng">19062.0506666667</dst>
            <dst id="IPLSng">30733.7306666667</dst>
            <dst id="KSCYng">23379.1786666667</dst>
            <dst id="LOSAng">10172.864</dst>
            <dst id="NYCMng">18426.0693333333</dst>
            <dst id="SNVAng">9288.6</dst>
            <dst id="STTLng">13647.0853333333</dst>
            <dst id="WASHng">34679.616</dst>
        </src>
        <src id="HSTNng">
            <dst id="ATLA-M5">162.197333333333</dst>
            <dst id="ATLAng">3306.68266666667</dst>
            <dst id="CHINng">8644.48533333333</dst>
            <dst id="DNVRng">1178.768</dst>
            <dst id="HSTNng">14777.4373333333</dst>
            <dst id="IPLSng">4843.29066666667</dst>
            <dst id="KSCYng">1867.17066666667</dst>
            <dst id="LOSAng">50446.424</dst>
            <dst id="NYCMng">3945.37066666667</dst>
            <dst id="SNVAng">120</dst>
            <dst id="STTLng">607.701333333333</dst>
            <dst id="WASHng">2279.36</dst>
        </src>
        <src id="IPLSng">
            <dst id="ATLA-M5">0</dst>
            <dst id="ATLAng">19210.5546666667</dst>
            <dst id="CHINng">72389.6746666667</dst>
            <dst id="DNVRng">27478.0853333333</dst>
            <dst id="HSTNng">510.944</dst>
            <dst id="IPLSng">21035.848</dst>
            <dst id="KSCYng">2602.672</dst>
            <dst id="LOSAng">20170.8693333333</dst>
            <dst id="NYCMng">26814.9946666667</dst>
            <dst id="SNVAng">264.437333333333</dst>
            <dst id="STTLng">6591.74666666667</dst>
            <dst id="WASHng">6491.208</dst>
        </src>
        <src id="KSCYng">
            <dst id="ATLA-M5">0</dst>
            <dst id="ATLAng">858.72</dst>
            <dst id="CHINng">14442.8853333333</dst>
            <dst id="DNVRng">10247.0986666667</dst>
            <dst id="HSTNng">2993.83466666667</dst>
            <dst id="IPLSng">14813.1973333333</dst>
            <dst id="KSCYng">14220.4213333333</dst>
            <dst id="LOSAng">8072.91466666667</dst>
            <dst id="NYCMng">2552.73333333333</dst>
            <dst id="SNVAng">2038.144</dst>
            <dst id="STTLng">3371.448</dst>
            <dst id="WASHng">17994.4986666667</dst>
        </src>
        <src id="LOSAng">
            <dst id="ATLA-M5">0</dst>
            <dst id="ATLAng">8173.50666666667</dst>
            <dst id="CHINng">119323.370666667</dst>
            <dst id="DNVRng">27693.8426666667</dst>
            <dst id="HSTNng">5235.81866666667</dst>
            <dst id="IPLSng">9601.17866666667</dst>
            <dst id="KSCYng">3662.624</dst>
            <dst id="LOSAng">18992.064</dst>
            <dst id="NYCMng">30123.4586666667</dst>
            <dst id="SNVAng">20230.1306666667</dst>
            <dst id="STTLng">29475.3173333333</dst>
            <dst id="WASHng">20752.3973333333</dst>
        </src>
        <src id="NYCMng">
            <dst id="ATLA-M5">120.981333333333</dst>
            <dst id="ATLAng">10902.0693333333</dst>
            <dst id="CHINng">15088.3253333333</dst>
            <dst id="DNVRng">32053.6186666667</dst>
            <dst id="HSTNng">7419.592</dst>
            <dst id="IPLSng">24231.984</dst>
            <dst id="KSCYng">4641.69333333333</dst>
            <dst id="LOSAng">75875.8053333333</dst>
            <dst id="NYCMng">93945.5866666667</dst>
            <dst id="SNVAng">1550.49066666667</dst>
            <dst id="STTLng">22513.176</dst>
            <dst id="WASHng">29129.976</dst>
        </src>
        <src id="SNVAng">
            <dst id="ATLA-M5">0</dst>
            <dst id="ATLAng">26.6666666666667</dst>
            <dst id="CHINng">145.12</dst>
            <dst id="DNVRng">8850.63733333334</dst>
            <dst id="HSTNng">46.1546666666667</dst>
            <dst id="IPLSng">194.922666666667</dst>
            <dst id="KSCYng">0</dst>
            <dst id="LOSAng">37972.7173333333</dst>
            <dst id="NYCMng">279.648</dst>
            <dst id="SNVAng">6613.208</dst>
            <dst id="STTLng">30297.208</dst>
            <dst id="WASHng">141.333333333333</dst>
        </src>
        <src id="STTLng">
            <dst id="ATLA-M5">436.696</dst>
            <dst id="ATLAng">6785.15466666667</dst>
            <dst id="CHINng">17761.968</dst>
            <dst id="DNVRng">2583.36266666667</dst>
            <dst id="HSTNng">890.472</dst>
            <dst id="IPLSng">3302.672</dst>
            <dst id="KSCYng">1346.04266666667</dst>
            <dst id="LOSAng">23702.4746666667</dst>
            <dst id="NYCMng">13708.304</dst>
            <dst id="SNVAng">4861.19466666667</dst>
            <dst id="STTLng">21857.6133333333</dst>
            <dst id="WASHng">3799.34133333333</dst>
        </src>
        <src id="WASHng">
            <dst id="ATLA-M5">897.346666666667</dst>
            <dst id="ATLAng">93086.8133333333</dst>
            <dst id="CHINng">94984.6586666667</dst>
            <dst id="DNVRng">63776.3946666667</dst>
            <dst id="HSTNng">22128.0346666667</dst>
            <dst id="IPLSng">53444.32</dst>
            <dst id="KSCYng">25537.7946666667</dst>
            <dst id="LOSAng">63005.6213333333</dst>
            <dst id="NYCMng">144697.389333333</dst>
            <dst id="SNVAng">2267.512</dst>
            <dst id="STTLng">38337.1066666667</dst>
            <dst id="WASHng">305683.706666667</dst>
        </src>
    </IntraTM>
</TrafficMatrixFile>
