<?xml version="1.0" encoding="ISO-8859-1" standalone="yes"?>
<TrafficMatrixFile xsi:noNamespaceSchemaLocation="http://totem.run.montefiore.ulg.ac.be/Schema/TrafficMatrix-v1_2.xsd" xmlns:xsi="http://www.w3.org/2001/XMLSchema-instance">
    <IntraTM ASID="11537">
        <src id="ATLA-M5">
            <dst id="ATLA-M5">0</dst>
            <dst id="ATLAng">34.2293333333333</dst>
            <dst id="CHINng">28</dst>
            <dst id="DNVRng">0</dst>
            <dst id="HSTNng">78.0613333333333</dst>
            <dst id="IPLSng">0</dst>
            <dst id="KSCYng">0</dst>
            <dst id="LOSAng">126.357333333333</dst>
            <dst id="NYCMng">0</dst>
            <dst id="SNVAng">0</dst>
            <dst id="STTLng">0</dst>
            <dst id="WASHng">696.981333333333</dst>
        </src>
        <src id="ATLAng">
            <dst id="ATLA-M5">2159.56</dst>
            <dst id="ATLAng">5554.18133333333</dst>
            <dst id="CHINng">2858.25066666667</dst>
            <dst id="DNVRng">3715.68</dst>
            <dst id="HSTNng">338.096</dst>
            <dst id="IPLSng">24258.5013333333</dst>
            <dst id="KSCYng">762.053333333333</dst>
            <dst id="LOSAng">4813.45066666667</dst>
            <dst id="NYCMng">4282.672</dst>
            <dst id="SNVAng">61.9093333333333</dst>
            <dst id="STTLng">9608.568</dst>
            <dst id="WASHng">42754.608</dst>
        </src>
        <src id="CHINng">
            <dst id="ATLA-M5">80</dst>
            <dst id="ATLAng">5299.70933333333</dst>
            <dst id="CHINng">42621.1946666667</dst>
            <dst id="DNVRng">15751.8533333333</dst>
            <dst id="HSTNng">4042.59733333333</dst>
            <dst id="IPLSng">99645.776</dst>
            <dst id="KSCYng">4831.464</dst>
            <dst id="LOSAng">31375.1333333333</dst>
            <dst id="NYCMng">5654.81333333333</dst>
            <dst id="SNVAng">371.165333333333</dst>
            <dst id="STTLng">4861.24266666667</dst>
            <dst id="WASHng">15228.5253333333</dst>
        </src>
        <src id="DNVRng">
            <dst id="ATLA-M5">166.048</dst>
            <dst id="ATLAng">1271.35733333333</dst>
            <dst id="CHINng">54208.16</dst>
            <dst id="DNVRng">2895.864</dst>
            <dst id="HSTNng">14056.3573333333</dst>
            <dst id="IPLSng">33885.6053333333</dst>
            <dst id="KSCYng">13629.4426666667</dst>
            <dst id="LOSAng">9045.57333333334</dst>
            <dst id="NYCMng">15087.9306666667</dst>
            <dst id="SNVAng">10304.7333333333</dst>
            <dst id="STTLng">12088.968</dst>
            <dst id="WASHng">32491.0293333333</dst>
        </src>
        <src id="HSTNng">
            <dst id="ATLA-M5">3541.53333333333</dst>
            <dst id="ATLAng">1173.94133333333</dst>
            <dst id="CHINng">24535.728</dst>
            <dst id="DNVRng">522.522666666667</dst>
            <dst id="HSTNng">16590.176</dst>
            <dst id="IPLSng">652.021333333333</dst>
            <dst id="KSCYng">386.061333333333</dst>
            <dst id="LOSAng">2891.72</dst>
            <dst id="NYCMng">5417.18133333333</dst>
            <dst id="SNVAng">0</dst>
            <dst id="STTLng">2974.64266666667</dst>
            <dst id="WASHng">1037.144</dst>
        </src>
        <src id="IPLSng">
            <dst id="ATLA-M5">0</dst>
            <dst id="ATLAng">38867.4693333333</dst>
            <dst id="CHINng">66967.8746666667</dst>
            <dst id="DNVRng">4584.71466666667</dst>
            <dst id="HSTNng">2311.31733333333</dst>
            <dst id="IPLSng">9368.26933333333</dst>
            <dst id="KSCYng">8806.25866666667</dst>
            <dst id="LOSAng">9694.15733333333</dst>
            <dst id="NYCMng">18751.248</dst>
            <dst id="SNVAng">317.44</dst>
            <dst id="STTLng">10704.1706666667</dst>
            <dst id="WASHng">5284.33066666667</dst>
        </src>
        <src id="KSCYng">
            <dst id="ATLA-M5">26.6666666666667</dst>
            <dst id="ATLAng">1141.73866666667</dst>
            <dst id="CHINng">19211.6906666667</dst>
            <dst id="DNVRng">12345.3733333333</dst>
            <dst id="HSTNng">2498.89333333333</dst>
            <dst id="IPLSng">11675.8373333333</dst>
            <dst id="KSCYng">5318.37066666667</dst>
            <dst id="LOSAng">4764.72</dst>
            <dst id="NYCMng">2551.18666666667</dst>
            <dst id="SNVAng">2298.69866666667</dst>
            <dst id="STTLng">9307.58133333333</dst>
            <dst id="WASHng">5409.10133333333</dst>
        </src>
        <src id="LOSAng">
            <dst id="ATLA-M5">455.106666666667</dst>
            <dst id="ATLAng">8795.264</dst>
            <dst id="CHINng">123268.312</dst>
            <dst id="DNVRng">25877.6106666667</dst>
            <dst id="HSTNng">1457.79733333333</dst>
            <dst id="IPLSng">12188.1786666667</dst>
            <dst id="KSCYng">3089.94133333333</dst>
            <dst id="LOSAng">11730.3786666667</dst>
            <dst id="NYCMng">33591.5653333333</dst>
            <dst id="SNVAng">18190.5573333333</dst>
            <dst id="STTLng">41263.0693333333</dst>
            <dst id="WASHng">20003.936</dst>
        </src>
        <src id="NYCMng">
            <dst id="ATLA-M5">80</dst>
            <dst id="ATLAng">18260.3386666667</dst>
            <dst id="CHINng">19475.856</dst>
            <dst id="DNVRng">24797.792</dst>
            <dst id="HSTNng">2182.456</dst>
            <dst id="IPLSng">30492.024</dst>
            <dst id="KSCYng">4422.30933333333</dst>
            <dst id="LOSAng">71446.3333333333</dst>
            <dst id="NYCMng">97929.2026666667</dst>
            <dst id="SNVAng">2711.152</dst>
            <dst id="STTLng">21980.224</dst>
            <dst id="WASHng">48414.5386666667</dst>
        </src>
        <src id="SNVAng">
            <dst id="ATLA-M5">0</dst>
            <dst id="ATLAng">26.6666666666667</dst>
            <dst id="CHINng">26.6666666666667</dst>
            <dst id="DNVRng">1179.52</dst>
            <dst id="HSTNng">32.2773333333333</dst>
            <dst id="IPLSng">219.221333333333</dst>
            <dst id="KSCYng">53.3333333333333</dst>
            <dst id="LOSAng">25809.0213333333</dst>
            <dst id="NYCMng">217.834666666667</dst>
            <dst id="SNVAng">4788.98133333333</dst>
            <dst id="STTLng">25008.6026666667</dst>
            <dst id="WASHng">160.053333333333</dst>
        </src>
        <src id="STTLng">
            <dst id="ATLA-M5">0</dst>
            <dst id="ATLAng">7805.61333333333</dst>
            <dst id="CHINng">21657.3466666667</dst>
            <dst id="DNVRng">7072.88533333333</dst>
            <dst id="HSTNng">1238.91466666667</dst>
            <dst id="IPLSng">4893.34933333333</dst>
            <dst id="KSCYng">1033.12266666667</dst>
            <dst id="LOSAng">13985.7386666667</dst>
            <dst id="NYCMng">10281.5413333333</dst>
            <dst id="SNVAng">1670.696</dst>
            <dst id="STTLng">1483.63733333333</dst>
            <dst id="WASHng">11185.5333333333</dst>
        </src>
        <src id="WASHng">
            <dst id="ATLA-M5">61.184</dst>
            <dst id="ATLAng">119238.117333333</dst>
            <dst id="CHINng">30329.888</dst>
            <dst id="DNVRng">45791.1146666667</dst>
            <dst id="HSTNng">10025.448</dst>
            <dst id="IPLSng">38643.4426666667</dst>
            <dst id="KSCYng">3788.376</dst>
            <dst id="LOSAng">67081.84</dst>
            <dst id="NYCMng">103761.106666667</dst>
            <dst id="SNVAng">4411.39466666667</dst>
            <dst id="STTLng">24373.5573333333</dst>
            <dst id="WASHng">347466.853333333</dst>
        </src>
    </IntraTM>
</TrafficMatrixFile>
