<?xml version="1.0" encoding="ISO-8859-1" standalone="yes"?>
<TrafficMatrixFile xsi:noNamespaceSchemaLocation="http://totem.run.montefiore.ulg.ac.be/Schema/TrafficMatrix-v1_2.xsd" xmlns:xsi="http://www.w3.org/2001/XMLSchema-instance">
    <IntraTM ASID="11537">
        <src id="ATLA-M5">
            <dst id="ATLA-M5">0</dst>
            <dst id="ATLAng">53.3333333333333</dst>
            <dst id="CHINng">123.810666666667</dst>
            <dst id="DNVRng">0</dst>
            <dst id="HSTNng">65.5653333333333</dst>
            <dst id="IPLSng">333.792</dst>
            <dst id="KSCYng">53.3333333333333</dst>
            <dst id="LOSAng">263.237333333333</dst>
            <dst id="NYCMng">53.3333333333333</dst>
            <dst id="SNVAng">0</dst>
            <dst id="STTLng">92.5333333333333</dst>
            <dst id="WASHng">164.565333333333</dst>
        </src>
        <src id="ATLAng">
            <dst id="ATLA-M5">310.026666666667</dst>
            <dst id="ATLAng">12285.344</dst>
            <dst id="CHINng">3922.18666666667</dst>
            <dst id="DNVRng">1256.512</dst>
            <dst id="HSTNng">2006.872</dst>
            <dst id="IPLSng">29225.5013333333</dst>
            <dst id="KSCYng">1054.52</dst>
            <dst id="LOSAng">7771.46533333333</dst>
            <dst id="NYCMng">4342.00533333333</dst>
            <dst id="SNVAng">507.412</dst>
            <dst id="STTLng">8339.84266666667</dst>
            <dst id="WASHng">18359.584</dst>
        </src>
        <src id="CHINng">
            <dst id="ATLA-M5">94.5386666666667</dst>
            <dst id="ATLAng">13486.352</dst>
            <dst id="CHINng">42366.0186666667</dst>
            <dst id="DNVRng">19844.2373333333</dst>
            <dst id="HSTNng">7545.36266666667</dst>
            <dst id="IPLSng">27208.16</dst>
            <dst id="KSCYng">4562.68</dst>
            <dst id="LOSAng">46997.1706666667</dst>
            <dst id="NYCMng">8149.47733333333</dst>
            <dst id="SNVAng">4543.64266666667</dst>
            <dst id="STTLng">6664.48</dst>
            <dst id="WASHng">18837.0506666667</dst>
        </src>
        <src id="DNVRng">
            <dst id="ATLA-M5">131.429333333333</dst>
            <dst id="ATLAng">2000.488</dst>
            <dst id="CHINng">56585.0906666667</dst>
            <dst id="DNVRng">12297.7493333333</dst>
            <dst id="HSTNng">19890.9973333333</dst>
            <dst id="IPLSng">34922.384</dst>
            <dst id="KSCYng">27506</dst>
            <dst id="LOSAng">12416.824</dst>
            <dst id="NYCMng">11246.472</dst>
            <dst id="SNVAng">16783.0373333333</dst>
            <dst id="STTLng">15324.6453333333</dst>
            <dst id="WASHng">35196.2453333333</dst>
        </src>
        <src id="HSTNng">
            <dst id="ATLA-M5">284.757333333333</dst>
            <dst id="ATLAng">2300.68266666667</dst>
            <dst id="CHINng">4171.68266666667</dst>
            <dst id="DNVRng">948.234666666667</dst>
            <dst id="HSTNng">13095.6453333333</dst>
            <dst id="IPLSng">1474.01866666667</dst>
            <dst id="KSCYng">5148.688</dst>
            <dst id="LOSAng">6571.08533333333</dst>
            <dst id="NYCMng">2128.14666666667</dst>
            <dst id="SNVAng">0</dst>
            <dst id="STTLng">2069.72</dst>
            <dst id="WASHng">4246.344</dst>
        </src>
        <src id="IPLSng">
            <dst id="ATLA-M5">0</dst>
            <dst id="ATLAng">22066.6986666667</dst>
            <dst id="CHINng">35510.28</dst>
            <dst id="DNVRng">13289.8533333333</dst>
            <dst id="HSTNng">1047.49333333333</dst>
            <dst id="IPLSng">17477.1546666667</dst>
            <dst id="KSCYng">2769.41333333333</dst>
            <dst id="LOSAng">24700.464</dst>
            <dst id="NYCMng">34003.5493333333</dst>
            <dst id="SNVAng">694.885333333333</dst>
            <dst id="STTLng">7816.536</dst>
            <dst id="WASHng">19729.4586666667</dst>
        </src>
        <src id="KSCYng">
            <dst id="ATLA-M5">808.629333333334</dst>
            <dst id="ATLAng">1294.856</dst>
            <dst id="CHINng">13087.9546666667</dst>
            <dst id="DNVRng">11633.8506666667</dst>
            <dst id="HSTNng">13089.1093333333</dst>
            <dst id="IPLSng">12015.8506666667</dst>
            <dst id="KSCYng">7073.35466666667</dst>
            <dst id="LOSAng">8313.07733333333</dst>
            <dst id="NYCMng">2339.47466666667</dst>
            <dst id="SNVAng">5683.12</dst>
            <dst id="STTLng">3032.32266666667</dst>
            <dst id="WASHng">8951.20533333334</dst>
        </src>
        <src id="LOSAng">
            <dst id="ATLA-M5">45.344</dst>
            <dst id="ATLAng">17694.4293333333</dst>
            <dst id="CHINng">63765.3386666667</dst>
            <dst id="DNVRng">22779.224</dst>
            <dst id="HSTNng">23594.6826666667</dst>
            <dst id="IPLSng">24902.8</dst>
            <dst id="KSCYng">4481.23733333333</dst>
            <dst id="LOSAng">28919.36</dst>
            <dst id="NYCMng">42901.3813333333</dst>
            <dst id="SNVAng">14570.2293333333</dst>
            <dst id="STTLng">26510.5946666667</dst>
            <dst id="WASHng">14984.8773333333</dst>
        </src>
        <src id="NYCMng">
            <dst id="ATLA-M5">684.832</dst>
            <dst id="ATLAng">24924.8373333333</dst>
            <dst id="CHINng">14548.088</dst>
            <dst id="DNVRng">24122.216</dst>
            <dst id="HSTNng">12720.2426666667</dst>
            <dst id="IPLSng">22291.9546666667</dst>
            <dst id="KSCYng">6283.64533333333</dst>
            <dst id="LOSAng">85197.536</dst>
            <dst id="NYCMng">70731.08</dst>
            <dst id="SNVAng">1497.256</dst>
            <dst id="STTLng">19252.0106666667</dst>
            <dst id="WASHng">39389.1493333333</dst>
        </src>
        <src id="SNVAng">
            <dst id="ATLA-M5">0</dst>
            <dst id="ATLAng">362.429333333333</dst>
            <dst id="CHINng">119.301333333333</dst>
            <dst id="DNVRng">3460.848</dst>
            <dst id="HSTNng">35.1146666666667</dst>
            <dst id="IPLSng">333.984</dst>
            <dst id="KSCYng">0</dst>
            <dst id="LOSAng">34198.0373333333</dst>
            <dst id="NYCMng">448.298666666667</dst>
            <dst id="SNVAng">5342.61066666667</dst>
            <dst id="STTLng">28711.9813333333</dst>
            <dst id="WASHng">0</dst>
        </src>
        <src id="STTLng">
            <dst id="ATLA-M5">361.24</dst>
            <dst id="ATLAng">7684.25333333333</dst>
            <dst id="CHINng">11486.344</dst>
            <dst id="DNVRng">3340.51733333333</dst>
            <dst id="HSTNng">1516.22133333333</dst>
            <dst id="IPLSng">8678.78133333333</dst>
            <dst id="KSCYng">2144.59733333333</dst>
            <dst id="LOSAng">21823.2106666667</dst>
            <dst id="NYCMng">11091.0986666667</dst>
            <dst id="SNVAng">6211.06133333333</dst>
            <dst id="STTLng">5003.13333333333</dst>
            <dst id="WASHng">10450.1173333333</dst>
        </src>
        <src id="WASHng">
            <dst id="ATLA-M5">80</dst>
            <dst id="ATLAng">66044.2853333333</dst>
            <dst id="CHINng">48165.128</dst>
            <dst id="DNVRng">60151.6</dst>
            <dst id="HSTNng">26446.9333333333</dst>
            <dst id="IPLSng">54699.6186666667</dst>
            <dst id="KSCYng">11257.2053333333</dst>
            <dst id="LOSAng">62307.6906666666</dst>
            <dst id="NYCMng">139361.48</dst>
            <dst id="SNVAng">4934.104</dst>
            <dst id="STTLng">45726.216</dst>
            <dst id="WASHng">180263.28</dst>
        </src>
    </IntraTM>
</TrafficMatrixFile>
