<?xml version="1.0" encoding="ISO-8859-1" standalone="yes"?>
<TrafficMatrixFile xsi:noNamespaceSchemaLocation="http://totem.run.montefiore.ulg.ac.be/Schema/TrafficMatrix-v1_2.xsd" xmlns:xsi="http://www.w3.org/2001/XMLSchema-instance">
    <IntraTM ASID="11537">
        <src id="ATLA-M5">
            <dst id="ATLA-M5">65.1653333333333</dst>
            <dst id="ATLAng">513.893333333333</dst>
            <dst id="CHINng">106.666666666667</dst>
            <dst id="DNVRng">350.221333333333</dst>
            <dst id="HSTNng">0</dst>
            <dst id="IPLSng">144.533333333333</dst>
            <dst id="KSCYng">35.9786666666667</dst>
            <dst id="LOSAng">301.610666666667</dst>
            <dst id="NYCMng">53.3333333333333</dst>
            <dst id="SNVAng">0</dst>
            <dst id="STTLng">93.576</dst>
            <dst id="WASHng">851.797333333333</dst>
        </src>
        <src id="ATLAng">
            <dst id="ATLA-M5">305.789333333333</dst>
            <dst id="ATLAng">24550.248</dst>
            <dst id="CHINng">21662.6906666667</dst>
            <dst id="DNVRng">9341.664</dst>
            <dst id="HSTNng">3577.46933333333</dst>
            <dst id="IPLSng">17495.9573333333</dst>
            <dst id="KSCYng">11271.8613333333</dst>
            <dst id="LOSAng">9785.116</dst>
            <dst id="NYCMng">17315.2506666667</dst>
            <dst id="SNVAng">1066.62266666667</dst>
            <dst id="STTLng">8889.36</dst>
            <dst id="WASHng">75786.384</dst>
        </src>
        <src id="CHINng">
            <dst id="ATLA-M5">263.314666666667</dst>
            <dst id="ATLAng">19485.84</dst>
            <dst id="CHINng">69385.2453333333</dst>
            <dst id="DNVRng">9402.04533333334</dst>
            <dst id="HSTNng">16568.6266666667</dst>
            <dst id="IPLSng">44583.7493333333</dst>
            <dst id="KSCYng">17520.0266666667</dst>
            <dst id="LOSAng">42740.5653333333</dst>
            <dst id="NYCMng">12086.0373333333</dst>
            <dst id="SNVAng">7845.99466666667</dst>
            <dst id="STTLng">10514.0586666667</dst>
            <dst id="WASHng">23268.3386666667</dst>
        </src>
        <src id="DNVRng">
            <dst id="ATLA-M5">714.661333333333</dst>
            <dst id="ATLAng">10540.8453333333</dst>
            <dst id="CHINng">63340.1333333333</dst>
            <dst id="DNVRng">13139.6506666667</dst>
            <dst id="HSTNng">14738.104</dst>
            <dst id="IPLSng">24963.8426666667</dst>
            <dst id="KSCYng">20886.2853333333</dst>
            <dst id="LOSAng">15410.1386666667</dst>
            <dst id="NYCMng">14938.3866666667</dst>
            <dst id="SNVAng">27085.6053333333</dst>
            <dst id="STTLng">11010.5013333333</dst>
            <dst id="WASHng">47905.8666666667</dst>
        </src>
        <src id="HSTNng">
            <dst id="ATLA-M5">299.272</dst>
            <dst id="ATLAng">24149.32</dst>
            <dst id="CHINng">17742.1546666667</dst>
            <dst id="DNVRng">968.949333333333</dst>
            <dst id="HSTNng">24860.1813333333</dst>
            <dst id="IPLSng">2178.14933333333</dst>
            <dst id="KSCYng">1726.48533333333</dst>
            <dst id="LOSAng">10963.4293333333</dst>
            <dst id="NYCMng">2519.04</dst>
            <dst id="SNVAng">162.125333333333</dst>
            <dst id="STTLng">449.146666666667</dst>
            <dst id="WASHng">3445.52533333333</dst>
        </src>
        <src id="IPLSng">
            <dst id="ATLA-M5">417.146666666667</dst>
            <dst id="ATLAng">19389.664</dst>
            <dst id="CHINng">88414.496</dst>
            <dst id="DNVRng">13777.264</dst>
            <dst id="HSTNng">3257.8</dst>
            <dst id="IPLSng">20338.9626666667</dst>
            <dst id="KSCYng">7416.00533333334</dst>
            <dst id="LOSAng">29839.5493333333</dst>
            <dst id="NYCMng">43816.0906666667</dst>
            <dst id="SNVAng">4051.93066666667</dst>
            <dst id="STTLng">12717.6293333333</dst>
            <dst id="WASHng">31319.7066666667</dst>
        </src>
        <src id="KSCYng">
            <dst id="ATLA-M5">2811.84</dst>
            <dst id="ATLAng">15740.4213333333</dst>
            <dst id="CHINng">20269.904</dst>
            <dst id="DNVRng">11810.2506666667</dst>
            <dst id="HSTNng">2509.936</dst>
            <dst id="IPLSng">10551.08</dst>
            <dst id="KSCYng">3062.99466666667</dst>
            <dst id="LOSAng">6067.54933333333</dst>
            <dst id="NYCMng">7190.14933333333</dst>
            <dst id="SNVAng">2628.33333333333</dst>
            <dst id="STTLng">3112</dst>
            <dst id="WASHng">10400.064</dst>
        </src>
        <src id="LOSAng">
            <dst id="ATLA-M5">888.349333333333</dst>
            <dst id="ATLAng">25358.4666666667</dst>
            <dst id="CHINng">110247.957333333</dst>
            <dst id="DNVRng">39302.568</dst>
            <dst id="HSTNng">17241.4773333333</dst>
            <dst id="IPLSng">42027.0986666667</dst>
            <dst id="KSCYng">11004.4453333333</dst>
            <dst id="LOSAng">17926.9333333333</dst>
            <dst id="NYCMng">43685.208</dst>
            <dst id="SNVAng">21407.9466666667</dst>
            <dst id="STTLng">25380.592</dst>
            <dst id="WASHng">36234.008</dst>
        </src>
        <src id="NYCMng">
            <dst id="ATLA-M5">759.933333333333</dst>
            <dst id="ATLAng">41622.8746666667</dst>
            <dst id="CHINng">18557.5946666667</dst>
            <dst id="DNVRng">44623.248</dst>
            <dst id="HSTNng">19068.0906666667</dst>
            <dst id="IPLSng">46730.7973333333</dst>
            <dst id="KSCYng">14524.0746666667</dst>
            <dst id="LOSAng">88497.8293333333</dst>
            <dst id="NYCMng">122691.474666667</dst>
            <dst id="SNVAng">7526.90933333333</dst>
            <dst id="STTLng">58273.752</dst>
            <dst id="WASHng">83794.1733333333</dst>
        </src>
        <src id="SNVAng">
            <dst id="ATLA-M5">0</dst>
            <dst id="ATLAng">97.5893333333333</dst>
            <dst id="CHINng">26.6666666666667</dst>
            <dst id="DNVRng">4945.392</dst>
            <dst id="HSTNng">212.776</dst>
            <dst id="IPLSng">2841.416</dst>
            <dst id="KSCYng">26.6666666666667</dst>
            <dst id="LOSAng">40446.784</dst>
            <dst id="NYCMng">311.424</dst>
            <dst id="SNVAng">8470.38933333334</dst>
            <dst id="STTLng">26628.6666666667</dst>
            <dst id="WASHng">263.621333333333</dst>
        </src>
        <src id="STTLng">
            <dst id="ATLA-M5">661.802666666667</dst>
            <dst id="ATLAng">14071.3413333333</dst>
            <dst id="CHINng">26310.56</dst>
            <dst id="DNVRng">6098.504</dst>
            <dst id="HSTNng">3986.85066666667</dst>
            <dst id="IPLSng">18097.2053333333</dst>
            <dst id="KSCYng">5266.13866666667</dst>
            <dst id="LOSAng">41654.416</dst>
            <dst id="NYCMng">14304.2</dst>
            <dst id="SNVAng">5089.35466666667</dst>
            <dst id="STTLng">3315.35466666667</dst>
            <dst id="WASHng">20514.6693333333</dst>
        </src>
        <src id="WASHng">
            <dst id="ATLA-M5">10344.5573333333</dst>
            <dst id="ATLAng">133700.346666667</dst>
            <dst id="CHINng">65405.4773333333</dst>
            <dst id="DNVRng">82475.3413333333</dst>
            <dst id="HSTNng">26524.896</dst>
            <dst id="IPLSng">84217.0746666667</dst>
            <dst id="KSCYng">14074.6053333333</dst>
            <dst id="LOSAng">74213.8453333333</dst>
            <dst id="NYCMng">191972.245333333</dst>
            <dst id="SNVAng">21348.9946666667</dst>
            <dst id="STTLng">43349.992</dst>
            <dst id="WASHng">255333.824</dst>
        </src>
    </IntraTM>
</TrafficMatrixFile>
