<?xml version="1.0" encoding="ISO-8859-1" standalone="yes"?>
<TrafficMatrixFile xsi:noNamespaceSchemaLocation="http://totem.run.montefiore.ulg.ac.be/Schema/TrafficMatrix-v1_2.xsd" xmlns:xsi="http://www.w3.org/2001/XMLSchema-instance">
    <IntraTM ASID="11537">
        <src id="ATLA-M5">
            <dst id="ATLA-M5">0</dst>
            <dst id="ATLAng">340.821333333333</dst>
            <dst id="CHINng">26.6666666666667</dst>
            <dst id="DNVRng">62.3386666666667</dst>
            <dst id="HSTNng">87.0586666666667</dst>
            <dst id="IPLSng">0</dst>
            <dst id="KSCYng">54.1546666666667</dst>
            <dst id="LOSAng">776.989333333333</dst>
            <dst id="NYCMng">106.666666666667</dst>
            <dst id="SNVAng">0</dst>
            <dst id="STTLng">0</dst>
            <dst id="WASHng">433.304</dst>
        </src>
        <src id="ATLAng">
            <dst id="ATLA-M5">280.712</dst>
            <dst id="ATLAng">8967.48</dst>
            <dst id="CHINng">4555.58933333333</dst>
            <dst id="DNVRng">1507.51466666667</dst>
            <dst id="HSTNng">9276.35733333333</dst>
            <dst id="IPLSng">28302.7306666667</dst>
            <dst id="KSCYng">2060.064</dst>
            <dst id="LOSAng">9319.86933333333</dst>
            <dst id="NYCMng">4472.86666666667</dst>
            <dst id="SNVAng">324.088</dst>
            <dst id="STTLng">8047.488</dst>
            <dst id="WASHng">18459.688</dst>
        </src>
        <src id="CHINng">
            <dst id="ATLA-M5">26.816</dst>
            <dst id="ATLAng">19794.616</dst>
            <dst id="CHINng">40171.8346666667</dst>
            <dst id="DNVRng">11505.992</dst>
            <dst id="HSTNng">7514.64266666667</dst>
            <dst id="IPLSng">16265.6</dst>
            <dst id="KSCYng">6641.42666666667</dst>
            <dst id="LOSAng">44272.9893333333</dst>
            <dst id="NYCMng">7753.82666666667</dst>
            <dst id="SNVAng">3159.76533333333</dst>
            <dst id="STTLng">5323.064</dst>
            <dst id="WASHng">20760</dst>
        </src>
        <src id="DNVRng">
            <dst id="ATLA-M5">1013.776</dst>
            <dst id="ATLAng">3845.672</dst>
            <dst id="CHINng">60626.056</dst>
            <dst id="DNVRng">12183.176</dst>
            <dst id="HSTNng">17207.4666666667</dst>
            <dst id="IPLSng">32082.3813333333</dst>
            <dst id="KSCYng">27105.5626666667</dst>
            <dst id="LOSAng">18410.888</dst>
            <dst id="NYCMng">8795.35466666667</dst>
            <dst id="SNVAng">13553.1973333333</dst>
            <dst id="STTLng">8557.86133333333</dst>
            <dst id="WASHng">36926.9093333333</dst>
        </src>
        <src id="HSTNng">
            <dst id="ATLA-M5">2808.76533333333</dst>
            <dst id="ATLAng">41834.5466666667</dst>
            <dst id="CHINng">4203.06933333333</dst>
            <dst id="DNVRng">1846.536</dst>
            <dst id="HSTNng">15280.4373333333</dst>
            <dst id="IPLSng">1487.496</dst>
            <dst id="KSCYng">4000.64</dst>
            <dst id="LOSAng">4430.61066666667</dst>
            <dst id="NYCMng">2448.58133333333</dst>
            <dst id="SNVAng">26.6666666666667</dst>
            <dst id="STTLng">1217.072</dst>
            <dst id="WASHng">1558.21066666667</dst>
        </src>
        <src id="IPLSng">
            <dst id="ATLA-M5">0</dst>
            <dst id="ATLAng">17066.864</dst>
            <dst id="CHINng">65056.6773333333</dst>
            <dst id="DNVRng">8528.72533333333</dst>
            <dst id="HSTNng">1424.792</dst>
            <dst id="IPLSng">25051.2986666667</dst>
            <dst id="KSCYng">7137.416</dst>
            <dst id="LOSAng">20521.224</dst>
            <dst id="NYCMng">31139.656</dst>
            <dst id="SNVAng">382.706666666667</dst>
            <dst id="STTLng">7637.05333333333</dst>
            <dst id="WASHng">13387.184</dst>
        </src>
        <src id="KSCYng">
            <dst id="ATLA-M5">758.453333333333</dst>
            <dst id="ATLAng">2039.20533333333</dst>
            <dst id="CHINng">10036.616</dst>
            <dst id="DNVRng">9764.056</dst>
            <dst id="HSTNng">10840.9333333333</dst>
            <dst id="IPLSng">14354.6826666667</dst>
            <dst id="KSCYng">11809.456</dst>
            <dst id="LOSAng">6266.50133333333</dst>
            <dst id="NYCMng">3964.896</dst>
            <dst id="SNVAng">2651.752</dst>
            <dst id="STTLng">3772.25866666667</dst>
            <dst id="WASHng">6718.336</dst>
        </src>
        <src id="LOSAng">
            <dst id="ATLA-M5">104.421333333333</dst>
            <dst id="ATLAng">25590.4746666667</dst>
            <dst id="CHINng">56497.16</dst>
            <dst id="DNVRng">24593.832</dst>
            <dst id="HSTNng">14802.2773333333</dst>
            <dst id="IPLSng">12845.4773333333</dst>
            <dst id="KSCYng">9536.58133333333</dst>
            <dst id="LOSAng">20937.048</dst>
            <dst id="NYCMng">42738.224</dst>
            <dst id="SNVAng">15126.368</dst>
            <dst id="STTLng">24539.712</dst>
            <dst id="WASHng">18081.6986666667</dst>
        </src>
        <src id="NYCMng">
            <dst id="ATLA-M5">2722.10933333333</dst>
            <dst id="ATLAng">24367.4586666667</dst>
            <dst id="CHINng">68810.6506666667</dst>
            <dst id="DNVRng">26348.1386666667</dst>
            <dst id="HSTNng">10119.624</dst>
            <dst id="IPLSng">11949.512</dst>
            <dst id="KSCYng">21091.4693333333</dst>
            <dst id="LOSAng">89138.7226666666</dst>
            <dst id="NYCMng">83376.2773333333</dst>
            <dst id="SNVAng">2163.18933333333</dst>
            <dst id="STTLng">28150.0933333333</dst>
            <dst id="WASHng">23820.0373333333</dst>
        </src>
        <src id="SNVAng">
            <dst id="ATLA-M5">0</dst>
            <dst id="ATLAng">540.141333333333</dst>
            <dst id="CHINng">133.525333333333</dst>
            <dst id="DNVRng">9720.51733333333</dst>
            <dst id="HSTNng">34.9973333333333</dst>
            <dst id="IPLSng">348.746666666667</dst>
            <dst id="KSCYng">53.3333333333333</dst>
            <dst id="LOSAng">35985.3653333333</dst>
            <dst id="NYCMng">292.714666666667</dst>
            <dst id="SNVAng">5971.272</dst>
            <dst id="STTLng">31266.28</dst>
            <dst id="WASHng">53.3333333333333</dst>
        </src>
        <src id="STTLng">
            <dst id="ATLA-M5">26.6666666666667</dst>
            <dst id="ATLAng">8697.74933333333</dst>
            <dst id="CHINng">13248.5573333333</dst>
            <dst id="DNVRng">3823.88533333333</dst>
            <dst id="HSTNng">1801.80266666667</dst>
            <dst id="IPLSng">8158.33866666667</dst>
            <dst id="KSCYng">1265.56266666667</dst>
            <dst id="LOSAng">21121.84</dst>
            <dst id="NYCMng">9463.92266666667</dst>
            <dst id="SNVAng">3644.82933333333</dst>
            <dst id="STTLng">5936.53333333333</dst>
            <dst id="WASHng">6748.68266666667</dst>
        </src>
        <src id="WASHng">
            <dst id="ATLA-M5">80</dst>
            <dst id="ATLAng">73577.6373333333</dst>
            <dst id="CHINng">44432.8026666667</dst>
            <dst id="DNVRng">77397.8186666667</dst>
            <dst id="HSTNng">9573.15466666667</dst>
            <dst id="IPLSng">54160.1866666667</dst>
            <dst id="KSCYng">13067.0586666667</dst>
            <dst id="LOSAng">88505.776</dst>
            <dst id="NYCMng">146142.714666667</dst>
            <dst id="SNVAng">4732.83466666667</dst>
            <dst id="STTLng">41241.816</dst>
            <dst id="WASHng">197406.336</dst>
        </src>
    </IntraTM>
</TrafficMatrixFile>
