<?xml version="1.0" encoding="ISO-8859-1" standalone="yes"?>
<TrafficMatrixFile xsi:noNamespaceSchemaLocation="http://totem.run.montefiore.ulg.ac.be/Schema/TrafficMatrix-v1_2.xsd" xmlns:xsi="http://www.w3.org/2001/XMLSchema-instance">
    <IntraTM ASID="11537">
        <src id="ATLA-M5">
            <dst id="ATLA-M5">0</dst>
            <dst id="ATLAng">53.3333333333333</dst>
            <dst id="CHINng">159.504</dst>
            <dst id="DNVRng">26.6666666666667</dst>
            <dst id="HSTNng">56.5653333333333</dst>
            <dst id="IPLSng">53.3333333333333</dst>
            <dst id="KSCYng">27.44</dst>
            <dst id="LOSAng">302.282666666667</dst>
            <dst id="NYCMng">26.6666666666667</dst>
            <dst id="SNVAng">0</dst>
            <dst id="STTLng">0</dst>
            <dst id="WASHng">1847.99466666667</dst>
        </src>
        <src id="ATLAng">
            <dst id="ATLA-M5">311.136</dst>
            <dst id="ATLAng">15227.2426666667</dst>
            <dst id="CHINng">6765.08533333333</dst>
            <dst id="DNVRng">2690.34133333333</dst>
            <dst id="HSTNng">4365.31466666667</dst>
            <dst id="IPLSng">26457.8666666667</dst>
            <dst id="KSCYng">996.917333333333</dst>
            <dst id="LOSAng">7495.65466666667</dst>
            <dst id="NYCMng">8141.96533333333</dst>
            <dst id="SNVAng">642.668</dst>
            <dst id="STTLng">10058.6906666667</dst>
            <dst id="WASHng">40410.5173333333</dst>
        </src>
        <src id="CHINng">
            <dst id="ATLA-M5">161.970666666667</dst>
            <dst id="ATLAng">19980.8133333333</dst>
            <dst id="CHINng">61083.616</dst>
            <dst id="DNVRng">9677.49066666667</dst>
            <dst id="HSTNng">5802.22666666667</dst>
            <dst id="IPLSng">43062.8613333333</dst>
            <dst id="KSCYng">6094.48266666667</dst>
            <dst id="LOSAng">34231.8773333333</dst>
            <dst id="NYCMng">7364.80266666667</dst>
            <dst id="SNVAng">523.504</dst>
            <dst id="STTLng">4296.52</dst>
            <dst id="WASHng">27029.4133333333</dst>
        </src>
        <src id="DNVRng">
            <dst id="ATLA-M5">162.885333333333</dst>
            <dst id="ATLAng">4201.81066666667</dst>
            <dst id="CHINng">61279.1173333333</dst>
            <dst id="DNVRng">11130.2906666667</dst>
            <dst id="HSTNng">16737.024</dst>
            <dst id="IPLSng">40733.7893333333</dst>
            <dst id="KSCYng">30480.256</dst>
            <dst id="LOSAng">11413.3813333333</dst>
            <dst id="NYCMng">13316.3093333333</dst>
            <dst id="SNVAng">9519.47733333333</dst>
            <dst id="STTLng">9274.36</dst>
            <dst id="WASHng">49880.5813333333</dst>
        </src>
        <src id="HSTNng">
            <dst id="ATLA-M5">164.533333333333</dst>
            <dst id="ATLAng">3763.65333333333</dst>
            <dst id="CHINng">10431.2106666667</dst>
            <dst id="DNVRng">1363.75466666667</dst>
            <dst id="HSTNng">15947.208</dst>
            <dst id="IPLSng">4276.35733333333</dst>
            <dst id="KSCYng">799.885333333333</dst>
            <dst id="LOSAng">2724.21866666667</dst>
            <dst id="NYCMng">1999.56</dst>
            <dst id="SNVAng">357.856</dst>
            <dst id="STTLng">5086.66666666667</dst>
            <dst id="WASHng">9583.57333333333</dst>
        </src>
        <src id="IPLSng">
            <dst id="ATLA-M5">80</dst>
            <dst id="ATLAng">39036.936</dst>
            <dst id="CHINng">44062.0053333333</dst>
            <dst id="DNVRng">7584.02933333333</dst>
            <dst id="HSTNng">2088.80266666667</dst>
            <dst id="IPLSng">14303.7413333333</dst>
            <dst id="KSCYng">2953.37333333333</dst>
            <dst id="LOSAng">11914.696</dst>
            <dst id="NYCMng">20937.904</dst>
            <dst id="SNVAng">461.898666666667</dst>
            <dst id="STTLng">11292.8213333333</dst>
            <dst id="WASHng">16124.7706666667</dst>
        </src>
        <src id="KSCYng">
            <dst id="ATLA-M5">0</dst>
            <dst id="ATLAng">5512.51466666667</dst>
            <dst id="CHINng">19799.6506666667</dst>
            <dst id="DNVRng">9991.91733333333</dst>
            <dst id="HSTNng">2480.50666666667</dst>
            <dst id="IPLSng">10945.8213333333</dst>
            <dst id="KSCYng">8671.36266666667</dst>
            <dst id="LOSAng">4476.80533333333</dst>
            <dst id="NYCMng">3643.472</dst>
            <dst id="SNVAng">755.909333333333</dst>
            <dst id="STTLng">2921.25866666667</dst>
            <dst id="WASHng">9759.07466666667</dst>
        </src>
        <src id="LOSAng">
            <dst id="ATLA-M5">111.173333333333</dst>
            <dst id="ATLAng">11774.8853333333</dst>
            <dst id="CHINng">132260.037333333</dst>
            <dst id="DNVRng">22426.0293333333</dst>
            <dst id="HSTNng">3757.89066666667</dst>
            <dst id="IPLSng">11111.432</dst>
            <dst id="KSCYng">4377.38666666667</dst>
            <dst id="LOSAng">12713.5706666667</dst>
            <dst id="NYCMng">33849.8693333333</dst>
            <dst id="SNVAng">26272.6773333333</dst>
            <dst id="STTLng">22731.5546666667</dst>
            <dst id="WASHng">27038.1546666667</dst>
        </src>
        <src id="NYCMng">
            <dst id="ATLA-M5">260.202666666667</dst>
            <dst id="ATLAng">28564.2586666667</dst>
            <dst id="CHINng">13316.7973333333</dst>
            <dst id="DNVRng">22575.6746666667</dst>
            <dst id="HSTNng">4761.36266666667</dst>
            <dst id="IPLSng">20628.3866666667</dst>
            <dst id="KSCYng">6351.02933333333</dst>
            <dst id="LOSAng">82554.08</dst>
            <dst id="NYCMng">94853.9386666667</dst>
            <dst id="SNVAng">1226.088</dst>
            <dst id="STTLng">16787.6773333333</dst>
            <dst id="WASHng">55026.8533333333</dst>
        </src>
        <src id="SNVAng">
            <dst id="ATLA-M5">0</dst>
            <dst id="ATLAng">26.6666666666667</dst>
            <dst id="CHINng">26.6666666666667</dst>
            <dst id="DNVRng">1182.96</dst>
            <dst id="HSTNng">54.6346666666667</dst>
            <dst id="IPLSng">353.128</dst>
            <dst id="KSCYng">26.6666666666667</dst>
            <dst id="LOSAng">33050.1786666667</dst>
            <dst id="NYCMng">288.298666666667</dst>
            <dst id="SNVAng">5639.872</dst>
            <dst id="STTLng">27088.7413333333</dst>
            <dst id="WASHng">26.6666666666667</dst>
        </src>
        <src id="STTLng">
            <dst id="ATLA-M5">0</dst>
            <dst id="ATLAng">11217.264</dst>
            <dst id="CHINng">25780.6826666667</dst>
            <dst id="DNVRng">1991.912</dst>
            <dst id="HSTNng">1173.05866666667</dst>
            <dst id="IPLSng">7519.28266666667</dst>
            <dst id="KSCYng">1000.62933333333</dst>
            <dst id="LOSAng">23314.52</dst>
            <dst id="NYCMng">12227.9013333333</dst>
            <dst id="SNVAng">1579.69333333333</dst>
            <dst id="STTLng">5909.49333333333</dst>
            <dst id="WASHng">17989.5173333333</dst>
        </src>
        <src id="WASHng">
            <dst id="ATLA-M5">176.330666666667</dst>
            <dst id="ATLAng">87611.616</dst>
            <dst id="CHINng">44811.4133333333</dst>
            <dst id="DNVRng">39935.6026666667</dst>
            <dst id="HSTNng">13765.5893333333</dst>
            <dst id="IPLSng">56141.656</dst>
            <dst id="KSCYng">9461.77333333333</dst>
            <dst id="LOSAng">61493.224</dst>
            <dst id="NYCMng">145323.546666667</dst>
            <dst id="SNVAng">6114.52266666667</dst>
            <dst id="STTLng">37693.6906666667</dst>
            <dst id="WASHng">302564.08</dst>
        </src>
    </IntraTM>
</TrafficMatrixFile>
