<?xml version="1.0" encoding="ISO-8859-1" standalone="yes"?>
<TrafficMatrixFile xsi:noNamespaceSchemaLocation="http://totem.run.montefiore.ulg.ac.be/Schema/TrafficMatrix-v1_2.xsd" xmlns:xsi="http://www.w3.org/2001/XMLSchema-instance">
    <IntraTM ASID="11537">
        <src id="ATLA-M5">
            <dst id="ATLA-M5">148.016</dst>
            <dst id="ATLAng">466.069333333333</dst>
            <dst id="CHINng">192.874666666667</dst>
            <dst id="DNVRng">163.306666666667</dst>
            <dst id="HSTNng">384.04</dst>
            <dst id="IPLSng">53.3333333333333</dst>
            <dst id="KSCYng">89.632</dst>
            <dst id="LOSAng">445.229333333333</dst>
            <dst id="NYCMng">84.056</dst>
            <dst id="SNVAng">0</dst>
            <dst id="STTLng">126.133333333333</dst>
            <dst id="WASHng">365.429333333333</dst>
        </src>
        <src id="ATLAng">
            <dst id="ATLA-M5">3236.74933333333</dst>
            <dst id="ATLAng">24164.736</dst>
            <dst id="CHINng">7084.63733333333</dst>
            <dst id="DNVRng">3831.61333333333</dst>
            <dst id="HSTNng">8653.37333333333</dst>
            <dst id="IPLSng">23485.896</dst>
            <dst id="KSCYng">3078.672</dst>
            <dst id="LOSAng">12446.9053333333</dst>
            <dst id="NYCMng">14033.3146666667</dst>
            <dst id="SNVAng">2243.43333333333</dst>
            <dst id="STTLng">7563.016</dst>
            <dst id="WASHng">24863.2026666667</dst>
        </src>
        <src id="CHINng">
            <dst id="ATLA-M5">1548.544</dst>
            <dst id="ATLAng">36874.144</dst>
            <dst id="CHINng">61560.3066666667</dst>
            <dst id="DNVRng">14351.8346666667</dst>
            <dst id="HSTNng">14378.5493333333</dst>
            <dst id="IPLSng">53369.9066666667</dst>
            <dst id="KSCYng">22316.664</dst>
            <dst id="LOSAng">46389.1253333333</dst>
            <dst id="NYCMng">10754.5946666667</dst>
            <dst id="SNVAng">9144.33866666667</dst>
            <dst id="STTLng">5044.904</dst>
            <dst id="WASHng">22994.48</dst>
        </src>
        <src id="DNVRng">
            <dst id="ATLA-M5">340.608</dst>
            <dst id="ATLAng">12899.5306666667</dst>
            <dst id="CHINng">56817.776</dst>
            <dst id="DNVRng">19561.3653333333</dst>
            <dst id="HSTNng">17704.792</dst>
            <dst id="IPLSng">42746.632</dst>
            <dst id="KSCYng">30439.1893333333</dst>
            <dst id="LOSAng">29838.0586666667</dst>
            <dst id="NYCMng">15473.168</dst>
            <dst id="SNVAng">11565.9973333333</dst>
            <dst id="STTLng">26667.096</dst>
            <dst id="WASHng">49537.5893333333</dst>
        </src>
        <src id="HSTNng">
            <dst id="ATLA-M5">1475.62133333333</dst>
            <dst id="ATLAng">9330.86666666667</dst>
            <dst id="CHINng">8810.14133333333</dst>
            <dst id="DNVRng">1628.12</dst>
            <dst id="HSTNng">16660.2266666667</dst>
            <dst id="IPLSng">3479.76533333333</dst>
            <dst id="KSCYng">3015.24266666667</dst>
            <dst id="LOSAng">3568.864</dst>
            <dst id="NYCMng">2671.95733333333</dst>
            <dst id="SNVAng">236.517333333333</dst>
            <dst id="STTLng">10592.576</dst>
            <dst id="WASHng">4911.21333333333</dst>
        </src>
        <src id="IPLSng">
            <dst id="ATLA-M5">282.037333333333</dst>
            <dst id="ATLAng">22797.2586666667</dst>
            <dst id="CHINng">74750.44</dst>
            <dst id="DNVRng">14587.776</dst>
            <dst id="HSTNng">11473.472</dst>
            <dst id="IPLSng">31314.12</dst>
            <dst id="KSCYng">16421.888</dst>
            <dst id="LOSAng">34176.0693333333</dst>
            <dst id="NYCMng">65522.5946666667</dst>
            <dst id="SNVAng">2604.14133333333</dst>
            <dst id="STTLng">13521.9946666667</dst>
            <dst id="WASHng">39660.3786666667</dst>
        </src>
        <src id="KSCYng">
            <dst id="ATLA-M5">846.64</dst>
            <dst id="ATLAng">8513.80533333333</dst>
            <dst id="CHINng">20680.1946666667</dst>
            <dst id="DNVRng">12779.3626666667</dst>
            <dst id="HSTNng">6780.368</dst>
            <dst id="IPLSng">27378.6506666667</dst>
            <dst id="KSCYng">9241.60266666667</dst>
            <dst id="LOSAng">13608.104</dst>
            <dst id="NYCMng">3060.06666666667</dst>
            <dst id="SNVAng">3511.544</dst>
            <dst id="STTLng">2747.73066666667</dst>
            <dst id="WASHng">14379.4613333333</dst>
        </src>
        <src id="LOSAng">
            <dst id="ATLA-M5">827.106666666667</dst>
            <dst id="ATLAng">24654.08</dst>
            <dst id="CHINng">81477.032</dst>
            <dst id="DNVRng">32798.6293333333</dst>
            <dst id="HSTNng">13392.4773333333</dst>
            <dst id="IPLSng">37085.8826666667</dst>
            <dst id="KSCYng">11082.2693333333</dst>
            <dst id="LOSAng">17345.832</dst>
            <dst id="NYCMng">43116.992</dst>
            <dst id="SNVAng">25386.128</dst>
            <dst id="STTLng">33770.8693333333</dst>
            <dst id="WASHng">91789.04</dst>
        </src>
        <src id="NYCMng">
            <dst id="ATLA-M5">2457.968</dst>
            <dst id="ATLAng">37040.816</dst>
            <dst id="CHINng">26481.9813333333</dst>
            <dst id="DNVRng">41739.6453333333</dst>
            <dst id="HSTNng">19904.488</dst>
            <dst id="IPLSng">35980.3573333333</dst>
            <dst id="KSCYng">17030.9386666667</dst>
            <dst id="LOSAng">86499.5466666667</dst>
            <dst id="NYCMng">121196.186666667</dst>
            <dst id="SNVAng">5012.664</dst>
            <dst id="STTLng">52273.816</dst>
            <dst id="WASHng">97418.616</dst>
        </src>
        <src id="SNVAng">
            <dst id="ATLA-M5">0</dst>
            <dst id="ATLAng">163.746666666667</dst>
            <dst id="CHINng">109.413333333333</dst>
            <dst id="DNVRng">4725.344</dst>
            <dst id="HSTNng">94.0266666666666</dst>
            <dst id="IPLSng">323.186666666667</dst>
            <dst id="KSCYng">0</dst>
            <dst id="LOSAng">35108.856</dst>
            <dst id="NYCMng">307.925333333333</dst>
            <dst id="SNVAng">10111.36</dst>
            <dst id="STTLng">34478.2613333333</dst>
            <dst id="WASHng">1914.06933333333</dst>
        </src>
        <src id="STTLng">
            <dst id="ATLA-M5">0</dst>
            <dst id="ATLAng">14275.1973333333</dst>
            <dst id="CHINng">19339.7813333333</dst>
            <dst id="DNVRng">8991.456</dst>
            <dst id="HSTNng">9657.34666666667</dst>
            <dst id="IPLSng">10212.888</dst>
            <dst id="KSCYng">3608.38666666667</dst>
            <dst id="LOSAng">30356.7786666667</dst>
            <dst id="NYCMng">13497.688</dst>
            <dst id="SNVAng">6444.34666666667</dst>
            <dst id="STTLng">8251.93866666667</dst>
            <dst id="WASHng">19643.84</dst>
        </src>
        <src id="WASHng">
            <dst id="ATLA-M5">1788.50133333333</dst>
            <dst id="ATLAng">104623.389333333</dst>
            <dst id="CHINng">71097.3653333333</dst>
            <dst id="DNVRng">99152.976</dst>
            <dst id="HSTNng">22104.16</dst>
            <dst id="IPLSng">60608.2</dst>
            <dst id="KSCYng">12665.5253333333</dst>
            <dst id="LOSAng">61018.9493333333</dst>
            <dst id="NYCMng">158543.010666667</dst>
            <dst id="SNVAng">13846.9226666667</dst>
            <dst id="STTLng">60715.664</dst>
            <dst id="WASHng">258128.634666667</dst>
        </src>
    </IntraTM>
</TrafficMatrixFile>
