<?xml version="1.0" encoding="ISO-8859-1" standalone="yes"?>
<TrafficMatrixFile xsi:noNamespaceSchemaLocation="http://totem.run.montefiore.ulg.ac.be/Schema/TrafficMatrix-v1_2.xsd" xmlns:xsi="http://www.w3.org/2001/XMLSchema-instance">
    <IntraTM ASID="11537">
        <src id="ATLA-M5">
            <dst id="ATLA-M5">181.013333333333</dst>
            <dst id="ATLAng">606.064</dst>
            <dst id="CHINng">53.3333333333333</dst>
            <dst id="DNVRng">70.9653333333333</dst>
            <dst id="HSTNng">94.3653333333333</dst>
            <dst id="IPLSng">208.962666666667</dst>
            <dst id="KSCYng">26.6666666666667</dst>
            <dst id="LOSAng">131.978666666667</dst>
            <dst id="NYCMng">0</dst>
            <dst id="SNVAng">40</dst>
            <dst id="STTLng">82.9573333333334</dst>
            <dst id="WASHng">1057.41066666667</dst>
        </src>
        <src id="ATLAng">
            <dst id="ATLA-M5">259.106666666667</dst>
            <dst id="ATLAng">40106.9653333333</dst>
            <dst id="CHINng">13256.8453333333</dst>
            <dst id="DNVRng">2577.44</dst>
            <dst id="HSTNng">10987.56</dst>
            <dst id="IPLSng">25814.0346666667</dst>
            <dst id="KSCYng">20124.9973333333</dst>
            <dst id="LOSAng">17485.2306666667</dst>
            <dst id="NYCMng">11547.424</dst>
            <dst id="SNVAng">807.614666666667</dst>
            <dst id="STTLng">12370.5786666667</dst>
            <dst id="WASHng">60581.7306666667</dst>
        </src>
        <src id="CHINng">
            <dst id="ATLA-M5">574.634666666667</dst>
            <dst id="ATLAng">18967.4773333333</dst>
            <dst id="CHINng">66072.496</dst>
            <dst id="DNVRng">7938.02666666667</dst>
            <dst id="HSTNng">12418.2613333333</dst>
            <dst id="IPLSng">44454.592</dst>
            <dst id="KSCYng">28553.6053333333</dst>
            <dst id="LOSAng">35161.4853333333</dst>
            <dst id="NYCMng">12957.8746666667</dst>
            <dst id="SNVAng">10889.8613333333</dst>
            <dst id="STTLng">8262.88</dst>
            <dst id="WASHng">28432.1226666667</dst>
        </src>
        <src id="DNVRng">
            <dst id="ATLA-M5">636.173333333333</dst>
            <dst id="ATLAng">8932.36266666666</dst>
            <dst id="CHINng">64861.8586666667</dst>
            <dst id="DNVRng">14931.56</dst>
            <dst id="HSTNng">23803.192</dst>
            <dst id="IPLSng">41370.4453333333</dst>
            <dst id="KSCYng">32880.3626666667</dst>
            <dst id="LOSAng">14144.0426666667</dst>
            <dst id="NYCMng">23386.64</dst>
            <dst id="SNVAng">34725.4693333333</dst>
            <dst id="STTLng">15546.1786666667</dst>
            <dst id="WASHng">56259.2773333333</dst>
        </src>
        <src id="HSTNng">
            <dst id="ATLA-M5">277.877333333333</dst>
            <dst id="ATLAng">5671.14666666667</dst>
            <dst id="CHINng">21014.9653333333</dst>
            <dst id="DNVRng">1779.34933333333</dst>
            <dst id="HSTNng">14056.944</dst>
            <dst id="IPLSng">2855.65333333333</dst>
            <dst id="KSCYng">5227.74933333333</dst>
            <dst id="LOSAng">7252.85866666667</dst>
            <dst id="NYCMng">2859.15733333333</dst>
            <dst id="SNVAng">312.341333333333</dst>
            <dst id="STTLng">489.370666666667</dst>
            <dst id="WASHng">5660.672</dst>
        </src>
        <src id="IPLSng">
            <dst id="ATLA-M5">487.802666666667</dst>
            <dst id="ATLAng">32027.3013333333</dst>
            <dst id="CHINng">65693.0933333333</dst>
            <dst id="DNVRng">11269.3466666667</dst>
            <dst id="HSTNng">1874.768</dst>
            <dst id="IPLSng">23144.528</dst>
            <dst id="KSCYng">6302.65866666667</dst>
            <dst id="LOSAng">20490.3733333333</dst>
            <dst id="NYCMng">60899.888</dst>
            <dst id="SNVAng">5163.41066666667</dst>
            <dst id="STTLng">10528.944</dst>
            <dst id="WASHng">20860.7306666667</dst>
        </src>
        <src id="KSCYng">
            <dst id="ATLA-M5">141.832</dst>
            <dst id="ATLAng">10857.104</dst>
            <dst id="CHINng">25052.5946666667</dst>
            <dst id="DNVRng">8442.37866666667</dst>
            <dst id="HSTNng">3334.37866666667</dst>
            <dst id="IPLSng">14857.0586666667</dst>
            <dst id="KSCYng">21490.2586666667</dst>
            <dst id="LOSAng">6552.048</dst>
            <dst id="NYCMng">2904.97333333333</dst>
            <dst id="SNVAng">3263.98933333333</dst>
            <dst id="STTLng">2669.10133333333</dst>
            <dst id="WASHng">18208.8213333333</dst>
        </src>
        <src id="LOSAng">
            <dst id="ATLA-M5">965.224</dst>
            <dst id="ATLAng">18129.7626666667</dst>
            <dst id="CHINng">133658.376</dst>
            <dst id="DNVRng">27022.4746666667</dst>
            <dst id="HSTNng">8558.00266666667</dst>
            <dst id="IPLSng">35491.392</dst>
            <dst id="KSCYng">21128.1013333333</dst>
            <dst id="LOSAng">14549.0213333333</dst>
            <dst id="NYCMng">48118.016</dst>
            <dst id="SNVAng">25635.1466666667</dst>
            <dst id="STTLng">22506.4506666667</dst>
            <dst id="WASHng">45547.7813333333</dst>
        </src>
        <src id="NYCMng">
            <dst id="ATLA-M5">357.434666666667</dst>
            <dst id="ATLAng">46553.2826666667</dst>
            <dst id="CHINng">27156.1946666667</dst>
            <dst id="DNVRng">32947.9306666667</dst>
            <dst id="HSTNng">13448.128</dst>
            <dst id="IPLSng">43099.2746666667</dst>
            <dst id="KSCYng">14683.8773333333</dst>
            <dst id="LOSAng">82624.0373333333</dst>
            <dst id="NYCMng">148523.384</dst>
            <dst id="SNVAng">5615.77066666667</dst>
            <dst id="STTLng">21549.7706666667</dst>
            <dst id="WASHng">60119.176</dst>
        </src>
        <src id="SNVAng">
            <dst id="ATLA-M5">0</dst>
            <dst id="ATLAng">322.477333333333</dst>
            <dst id="CHINng">80</dst>
            <dst id="DNVRng">18921.3546666667</dst>
            <dst id="HSTNng">120.074666666667</dst>
            <dst id="IPLSng">511.309333333333</dst>
            <dst id="KSCYng">26.6666666666667</dst>
            <dst id="LOSAng">37021.12</dst>
            <dst id="NYCMng">1140.104</dst>
            <dst id="SNVAng">8908.208</dst>
            <dst id="STTLng">27027.8506666667</dst>
            <dst id="WASHng">129.557333333333</dst>
        </src>
        <src id="STTLng">
            <dst id="ATLA-M5">313.157333333333</dst>
            <dst id="ATLAng">14391.232</dst>
            <dst id="CHINng">21066.1226666667</dst>
            <dst id="DNVRng">4268.79733333333</dst>
            <dst id="HSTNng">3913.128</dst>
            <dst id="IPLSng">11315.0293333333</dst>
            <dst id="KSCYng">9289.76</dst>
            <dst id="LOSAng">20124.6133333333</dst>
            <dst id="NYCMng">15518.7306666667</dst>
            <dst id="SNVAng">5750.93866666667</dst>
            <dst id="STTLng">7173.84266666667</dst>
            <dst id="WASHng">22770</dst>
        </src>
        <src id="WASHng">
            <dst id="ATLA-M5">3356.46133333333</dst>
            <dst id="ATLAng">113286.573333333</dst>
            <dst id="CHINng">58347.8613333333</dst>
            <dst id="DNVRng">49195.4826666667</dst>
            <dst id="HSTNng">27405.8346666667</dst>
            <dst id="IPLSng">69734.6373333333</dst>
            <dst id="KSCYng">33104.1866666667</dst>
            <dst id="LOSAng">56821.6613333333</dst>
            <dst id="NYCMng">167984.016</dst>
            <dst id="SNVAng">14653.6133333333</dst>
            <dst id="STTLng">46645.1333333333</dst>
            <dst id="WASHng">337364.72</dst>
        </src>
    </IntraTM>
</TrafficMatrixFile>
