<?xml version="1.0" encoding="ISO-8859-1" standalone="yes"?>
<TrafficMatrixFile xsi:noNamespaceSchemaLocation="http://totem.run.montefiore.ulg.ac.be/Schema/TrafficMatrix-v1_2.xsd" xmlns:xsi="http://www.w3.org/2001/XMLSchema-instance">
    <IntraTM ASID="11537">
        <src id="ATLA-M5">
            <dst id="ATLA-M5">0</dst>
            <dst id="ATLAng">0</dst>
            <dst id="CHINng">155.626666666667</dst>
            <dst id="DNVRng">53.3333333333333</dst>
            <dst id="HSTNng">97.2613333333333</dst>
            <dst id="IPLSng">0</dst>
            <dst id="KSCYng">844.474666666667</dst>
            <dst id="LOSAng">363.578666666667</dst>
            <dst id="NYCMng">80.64</dst>
            <dst id="SNVAng">13.3333333333333</dst>
            <dst id="STTLng">385.141333333333</dst>
            <dst id="WASHng">645.957333333333</dst>
        </src>
        <src id="ATLAng">
            <dst id="ATLA-M5">26.6666666666667</dst>
            <dst id="ATLAng">60633.272</dst>
            <dst id="CHINng">3281.31466666667</dst>
            <dst id="DNVRng">2905.38933333333</dst>
            <dst id="HSTNng">15187.6853333333</dst>
            <dst id="IPLSng">11688.1813333333</dst>
            <dst id="KSCYng">786.88</dst>
            <dst id="LOSAng">17228.664</dst>
            <dst id="NYCMng">3848.78666666667</dst>
            <dst id="SNVAng">337.557333333333</dst>
            <dst id="STTLng">5573.864</dst>
            <dst id="WASHng">24445.7546666667</dst>
        </src>
        <src id="CHINng">
            <dst id="ATLA-M5">5660.408</dst>
            <dst id="ATLAng">8245.968</dst>
            <dst id="CHINng">40366.8906666667</dst>
            <dst id="DNVRng">17498.888</dst>
            <dst id="HSTNng">5264.232</dst>
            <dst id="IPLSng">33245.744</dst>
            <dst id="KSCYng">3590.00266666667</dst>
            <dst id="LOSAng">46001.6906666667</dst>
            <dst id="NYCMng">9660.76266666667</dst>
            <dst id="SNVAng">2824.82933333333</dst>
            <dst id="STTLng">7816.248</dst>
            <dst id="WASHng">15685.856</dst>
        </src>
        <src id="DNVRng">
            <dst id="ATLA-M5">186.517333333333</dst>
            <dst id="ATLAng">9436.848</dst>
            <dst id="CHINng">59494.96</dst>
            <dst id="DNVRng">14826.9973333333</dst>
            <dst id="HSTNng">15008.0533333333</dst>
            <dst id="IPLSng">29852.2853333333</dst>
            <dst id="KSCYng">15585.024</dst>
            <dst id="LOSAng">13325.7066666667</dst>
            <dst id="NYCMng">15450.208</dst>
            <dst id="SNVAng">9131.26666666667</dst>
            <dst id="STTLng">9595.33866666667</dst>
            <dst id="WASHng">26601.848</dst>
        </src>
        <src id="HSTNng">
            <dst id="ATLA-M5">1908.94666666667</dst>
            <dst id="ATLAng">5916.056</dst>
            <dst id="CHINng">7086.648</dst>
            <dst id="DNVRng">1296.504</dst>
            <dst id="HSTNng">10476.304</dst>
            <dst id="IPLSng">11203.448</dst>
            <dst id="KSCYng">2262.81066666667</dst>
            <dst id="LOSAng">10280.5466666667</dst>
            <dst id="NYCMng">1944.87466666667</dst>
            <dst id="SNVAng">0</dst>
            <dst id="STTLng">399.525333333333</dst>
            <dst id="WASHng">1112.34933333333</dst>
        </src>
        <src id="IPLSng">
            <dst id="ATLA-M5">0</dst>
            <dst id="ATLAng">12527.5946666667</dst>
            <dst id="CHINng">68877.8346666667</dst>
            <dst id="DNVRng">22703.568</dst>
            <dst id="HSTNng">809.050666666667</dst>
            <dst id="IPLSng">13905.6746666667</dst>
            <dst id="KSCYng">2817.75466666667</dst>
            <dst id="LOSAng">28583.84</dst>
            <dst id="NYCMng">27981.8106666667</dst>
            <dst id="SNVAng">660.461333333333</dst>
            <dst id="STTLng">13008.5306666667</dst>
            <dst id="WASHng">7914.064</dst>
        </src>
        <src id="KSCYng">
            <dst id="ATLA-M5">1264.51733333333</dst>
            <dst id="ATLAng">1661.93333333333</dst>
            <dst id="CHINng">11318.2933333333</dst>
            <dst id="DNVRng">9876.92533333334</dst>
            <dst id="HSTNng">2796.688</dst>
            <dst id="IPLSng">17034.4986666667</dst>
            <dst id="KSCYng">6026.432</dst>
            <dst id="LOSAng">7693.82666666667</dst>
            <dst id="NYCMng">3829.272</dst>
            <dst id="SNVAng">2254.21333333333</dst>
            <dst id="STTLng">2499.89066666667</dst>
            <dst id="WASHng">9850.384</dst>
        </src>
        <src id="LOSAng">
            <dst id="ATLA-M5">268.002666666667</dst>
            <dst id="ATLAng">13573.16</dst>
            <dst id="CHINng">79244.0906666667</dst>
            <dst id="DNVRng">26137.0453333333</dst>
            <dst id="HSTNng">3034.23466666667</dst>
            <dst id="IPLSng">13297.808</dst>
            <dst id="KSCYng">3978.584</dst>
            <dst id="LOSAng">25176.0266666667</dst>
            <dst id="NYCMng">33893.344</dst>
            <dst id="SNVAng">18854.5786666667</dst>
            <dst id="STTLng">37274.1253333333</dst>
            <dst id="WASHng">29331.96</dst>
        </src>
        <src id="NYCMng">
            <dst id="ATLA-M5">3680.08533333333</dst>
            <dst id="ATLAng">12654.688</dst>
            <dst id="CHINng">11949.72</dst>
            <dst id="DNVRng">25479.56</dst>
            <dst id="HSTNng">11653.632</dst>
            <dst id="IPLSng">21185.8933333333</dst>
            <dst id="KSCYng">7792.95466666667</dst>
            <dst id="LOSAng">80478.5786666667</dst>
            <dst id="NYCMng">74260.408</dst>
            <dst id="SNVAng">1623.04533333333</dst>
            <dst id="STTLng">44176.7493333333</dst>
            <dst id="WASHng">57735.3706666667</dst>
        </src>
        <src id="SNVAng">
            <dst id="ATLA-M5">0</dst>
            <dst id="ATLAng">85.0053333333333</dst>
            <dst id="CHINng">53.3333333333333</dst>
            <dst id="DNVRng">9542.14133333333</dst>
            <dst id="HSTNng">31.8506666666667</dst>
            <dst id="IPLSng">185.290666666667</dst>
            <dst id="KSCYng">53.3333333333333</dst>
            <dst id="LOSAng">38608.4826666667</dst>
            <dst id="NYCMng">379.037333333333</dst>
            <dst id="SNVAng">6061.81333333333</dst>
            <dst id="STTLng">26228.752</dst>
            <dst id="WASHng">0</dst>
        </src>
        <src id="STTLng">
            <dst id="ATLA-M5">447.018666666667</dst>
            <dst id="ATLAng">8393.984</dst>
            <dst id="CHINng">20273.552</dst>
            <dst id="DNVRng">4066.192</dst>
            <dst id="HSTNng">947.744</dst>
            <dst id="IPLSng">4775.89066666667</dst>
            <dst id="KSCYng">1323.85066666667</dst>
            <dst id="LOSAng">265794.090666667</dst>
            <dst id="NYCMng">18009.1813333333</dst>
            <dst id="SNVAng">2230.84</dst>
            <dst id="STTLng">22238.1306666667</dst>
            <dst id="WASHng">6727.52533333333</dst>
        </src>
        <src id="WASHng">
            <dst id="ATLA-M5">17235.0746666667</dst>
            <dst id="ATLAng">69594.3813333333</dst>
            <dst id="CHINng">98075.1066666667</dst>
            <dst id="DNVRng">53521.4106666667</dst>
            <dst id="HSTNng">20198.4906666667</dst>
            <dst id="IPLSng">42783.352</dst>
            <dst id="KSCYng">10640.296</dst>
            <dst id="LOSAng">68967.0613333333</dst>
            <dst id="NYCMng">176372.736</dst>
            <dst id="SNVAng">3612.61066666667</dst>
            <dst id="STTLng">65778.7066666667</dst>
            <dst id="WASHng">229235.792</dst>
        </src>
    </IntraTM>
</TrafficMatrixFile>
