<?xml version="1.0" encoding="ISO-8859-1" standalone="yes"?>
<TrafficMatrixFile xsi:noNamespaceSchemaLocation="http://totem.run.montefiore.ulg.ac.be/Schema/TrafficMatrix-v1_2.xsd" xmlns:xsi="http://www.w3.org/2001/XMLSchema-instance">
    <IntraTM ASID="11537">
        <src id="ATLA-M5">
            <dst id="ATLA-M5">26.6666666666667</dst>
            <dst id="ATLAng">0</dst>
            <dst id="CHINng">101.12</dst>
            <dst id="DNVRng">0</dst>
            <dst id="HSTNng">171.328</dst>
            <dst id="IPLSng">0</dst>
            <dst id="KSCYng">1253.96</dst>
            <dst id="LOSAng">253.733333333333</dst>
            <dst id="NYCMng">26.6666666666667</dst>
            <dst id="SNVAng">0</dst>
            <dst id="STTLng">398.688</dst>
            <dst id="WASHng">1118.05066666667</dst>
        </src>
        <src id="ATLAng">
            <dst id="ATLA-M5">58.2693333333333</dst>
            <dst id="ATLAng">26261.8293333333</dst>
            <dst id="CHINng">5065.91466666667</dst>
            <dst id="DNVRng">2912.664</dst>
            <dst id="HSTNng">196.8</dst>
            <dst id="IPLSng">13165.5866666667</dst>
            <dst id="KSCYng">593.869333333333</dst>
            <dst id="LOSAng">16356.364</dst>
            <dst id="NYCMng">3956.384</dst>
            <dst id="SNVAng">34.5213333333333</dst>
            <dst id="STTLng">6242.57066666667</dst>
            <dst id="WASHng">31714.064</dst>
        </src>
        <src id="CHINng">
            <dst id="ATLA-M5">5563.936</dst>
            <dst id="ATLAng">2859.81333333333</dst>
            <dst id="CHINng">83128.4</dst>
            <dst id="DNVRng">10568.5786666667</dst>
            <dst id="HSTNng">5123.93066666667</dst>
            <dst id="IPLSng">21033.2773333333</dst>
            <dst id="KSCYng">19509.6053333333</dst>
            <dst id="LOSAng">36757.3146666667</dst>
            <dst id="NYCMng">11860.4773333333</dst>
            <dst id="SNVAng">1741.688</dst>
            <dst id="STTLng">6529.03733333333</dst>
            <dst id="WASHng">12866.64</dst>
        </src>
        <src id="DNVRng">
            <dst id="ATLA-M5">92.9066666666667</dst>
            <dst id="ATLAng">8377.44</dst>
            <dst id="CHINng">71253.3733333333</dst>
            <dst id="DNVRng">12888.592</dst>
            <dst id="HSTNng">11891.88</dst>
            <dst id="IPLSng">31754.4266666667</dst>
            <dst id="KSCYng">14731.4293333333</dst>
            <dst id="LOSAng">10079.1866666667</dst>
            <dst id="NYCMng">23790.248</dst>
            <dst id="SNVAng">6902.208</dst>
            <dst id="STTLng">9173.28533333333</dst>
            <dst id="WASHng">29433.584</dst>
        </src>
        <src id="HSTNng">
            <dst id="ATLA-M5">3820.048</dst>
            <dst id="ATLAng">2277.584</dst>
            <dst id="CHINng">11807.1653333333</dst>
            <dst id="DNVRng">1353.12266666667</dst>
            <dst id="HSTNng">13261.032</dst>
            <dst id="IPLSng">6255.59733333333</dst>
            <dst id="KSCYng">1321.704</dst>
            <dst id="LOSAng">18987.5733333333</dst>
            <dst id="NYCMng">1686.864</dst>
            <dst id="SNVAng">0</dst>
            <dst id="STTLng">1010.104</dst>
            <dst id="WASHng">1459.896</dst>
        </src>
        <src id="IPLSng">
            <dst id="ATLA-M5">0</dst>
            <dst id="ATLAng">11238.7546666667</dst>
            <dst id="CHINng">54978.1866666667</dst>
            <dst id="DNVRng">30038.88</dst>
            <dst id="HSTNng">228.154666666667</dst>
            <dst id="IPLSng">28234.3546666667</dst>
            <dst id="KSCYng">4613.11466666667</dst>
            <dst id="LOSAng">20364.4186666667</dst>
            <dst id="NYCMng">27485.5466666667</dst>
            <dst id="SNVAng">263.229333333333</dst>
            <dst id="STTLng">6443.44266666667</dst>
            <dst id="WASHng">18709.104</dst>
        </src>
        <src id="KSCYng">
            <dst id="ATLA-M5">36.1946666666667</dst>
            <dst id="ATLAng">717.018666666667</dst>
            <dst id="CHINng">17154.9626666667</dst>
            <dst id="DNVRng">15743.72</dst>
            <dst id="HSTNng">3442.936</dst>
            <dst id="IPLSng">18491.7573333333</dst>
            <dst id="KSCYng">5818.736</dst>
            <dst id="LOSAng">7182.89333333334</dst>
            <dst id="NYCMng">3383.86933333333</dst>
            <dst id="SNVAng">2146.80533333333</dst>
            <dst id="STTLng">6667.42666666667</dst>
            <dst id="WASHng">17709.0613333333</dst>
        </src>
        <src id="LOSAng">
            <dst id="ATLA-M5">67.9813333333333</dst>
            <dst id="ATLAng">24093.9813333333</dst>
            <dst id="CHINng">139263.176</dst>
            <dst id="DNVRng">20748.4346666667</dst>
            <dst id="HSTNng">4707.93066666667</dst>
            <dst id="IPLSng">7503.21333333333</dst>
            <dst id="KSCYng">2853.68</dst>
            <dst id="LOSAng">17237.1253333333</dst>
            <dst id="NYCMng">32504.488</dst>
            <dst id="SNVAng">23028.1893333333</dst>
            <dst id="STTLng">26346.84</dst>
            <dst id="WASHng">16004.8773333333</dst>
        </src>
        <src id="NYCMng">
            <dst id="ATLA-M5">146.117333333333</dst>
            <dst id="ATLAng">5996.37866666667</dst>
            <dst id="CHINng">12593.7893333333</dst>
            <dst id="DNVRng">23544.544</dst>
            <dst id="HSTNng">9032.11466666666</dst>
            <dst id="IPLSng">24302.4426666667</dst>
            <dst id="KSCYng">4530.19733333333</dst>
            <dst id="LOSAng">83450.848</dst>
            <dst id="NYCMng">92118.8773333333</dst>
            <dst id="SNVAng">2088.84266666667</dst>
            <dst id="STTLng">18727.7413333333</dst>
            <dst id="WASHng">41413.5573333333</dst>
        </src>
        <src id="SNVAng">
            <dst id="ATLA-M5">0</dst>
            <dst id="ATLAng">0</dst>
            <dst id="CHINng">53.3333333333333</dst>
            <dst id="DNVRng">3398.072</dst>
            <dst id="HSTNng">42.0586666666667</dst>
            <dst id="IPLSng">269.517333333333</dst>
            <dst id="KSCYng">0</dst>
            <dst id="LOSAng">33262.608</dst>
            <dst id="NYCMng">9152.88533333334</dst>
            <dst id="SNVAng">4409.82666666667</dst>
            <dst id="STTLng">28505.6133333333</dst>
            <dst id="WASHng">26.6666666666667</dst>
        </src>
        <src id="STTLng">
            <dst id="ATLA-M5">326.301333333333</dst>
            <dst id="ATLAng">7175.928</dst>
            <dst id="CHINng">19347.4453333333</dst>
            <dst id="DNVRng">2847.21066666667</dst>
            <dst id="HSTNng">941.994666666667</dst>
            <dst id="IPLSng">3837.81066666667</dst>
            <dst id="KSCYng">1376.536</dst>
            <dst id="LOSAng">21913.224</dst>
            <dst id="NYCMng">11725.4</dst>
            <dst id="SNVAng">2498.896</dst>
            <dst id="STTLng">18750.768</dst>
            <dst id="WASHng">3583.36266666667</dst>
        </src>
        <src id="WASHng">
            <dst id="ATLA-M5">1000.48533333333</dst>
            <dst id="ATLAng">74826.8906666667</dst>
            <dst id="CHINng">93409.4773333333</dst>
            <dst id="DNVRng">43532.5066666667</dst>
            <dst id="HSTNng">31069.768</dst>
            <dst id="IPLSng">40978.5946666667</dst>
            <dst id="KSCYng">11536.416</dst>
            <dst id="LOSAng">66017.824</dst>
            <dst id="NYCMng">106599.536</dst>
            <dst id="SNVAng">6194.6</dst>
            <dst id="STTLng">39475.2266666667</dst>
            <dst id="WASHng">283060.32</dst>
        </src>
    </IntraTM>
</TrafficMatrixFile>
