<?xml version="1.0" encoding="ISO-8859-1" standalone="yes"?>
<TrafficMatrixFile xsi:noNamespaceSchemaLocation="http://totem.run.montefiore.ulg.ac.be/Schema/TrafficMatrix-v1_2.xsd" xmlns:xsi="http://www.w3.org/2001/XMLSchema-instance">
    <IntraTM ASID="11537">
        <src id="ATLA-M5">
            <dst id="ATLA-M5">0</dst>
            <dst id="ATLAng">26.6666666666667</dst>
            <dst id="CHINng">410.272</dst>
            <dst id="DNVRng">0</dst>
            <dst id="HSTNng">103.722666666667</dst>
            <dst id="IPLSng">26.6666666666667</dst>
            <dst id="KSCYng">0</dst>
            <dst id="LOSAng">419.32</dst>
            <dst id="NYCMng">108.061333333333</dst>
            <dst id="SNVAng">0</dst>
            <dst id="STTLng">0</dst>
            <dst id="WASHng">1086.41866666667</dst>
        </src>
        <src id="ATLAng">
            <dst id="ATLA-M5">37.7066666666667</dst>
            <dst id="ATLAng">3349.12</dst>
            <dst id="CHINng">6053.312</dst>
            <dst id="DNVRng">8699.41066666667</dst>
            <dst id="HSTNng">999.834666666667</dst>
            <dst id="IPLSng">22053.9146666667</dst>
            <dst id="KSCYng">509.450666666667</dst>
            <dst id="LOSAng">5342.168</dst>
            <dst id="NYCMng">5026.464</dst>
            <dst id="SNVAng">40</dst>
            <dst id="STTLng">10756.5946666667</dst>
            <dst id="WASHng">37301.6186666667</dst>
        </src>
        <src id="CHINng">
            <dst id="ATLA-M5">41.76</dst>
            <dst id="ATLAng">5330.184</dst>
            <dst id="CHINng">52104.8693333333</dst>
            <dst id="DNVRng">14510.88</dst>
            <dst id="HSTNng">4446.72266666667</dst>
            <dst id="IPLSng">69375.816</dst>
            <dst id="KSCYng">15535.088</dst>
            <dst id="LOSAng">34263.8186666667</dst>
            <dst id="NYCMng">7203.26666666667</dst>
            <dst id="SNVAng">3122.12</dst>
            <dst id="STTLng">4286.33066666667</dst>
            <dst id="WASHng">11322.2453333333</dst>
        </src>
        <src id="DNVRng">
            <dst id="ATLA-M5">141.002666666667</dst>
            <dst id="ATLAng">1901.08</dst>
            <dst id="CHINng">49528.384</dst>
            <dst id="DNVRng">3325.848</dst>
            <dst id="HSTNng">11565.9146666667</dst>
            <dst id="IPLSng">34164.1893333333</dst>
            <dst id="KSCYng">13175.504</dst>
            <dst id="LOSAng">17644.8373333333</dst>
            <dst id="NYCMng">15531.1733333333</dst>
            <dst id="SNVAng">7889.528</dst>
            <dst id="STTLng">11608.8346666667</dst>
            <dst id="WASHng">36205.136</dst>
        </src>
        <src id="HSTNng">
            <dst id="ATLA-M5">4513.36266666667</dst>
            <dst id="ATLAng">976.621333333333</dst>
            <dst id="CHINng">21410.8026666667</dst>
            <dst id="DNVRng">453.461333333333</dst>
            <dst id="HSTNng">16394.352</dst>
            <dst id="IPLSng">736.778666666667</dst>
            <dst id="KSCYng">316.384</dst>
            <dst id="LOSAng">7131.13866666667</dst>
            <dst id="NYCMng">4365.816</dst>
            <dst id="SNVAng">26.6666666666667</dst>
            <dst id="STTLng">2733.72266666667</dst>
            <dst id="WASHng">1029.224</dst>
        </src>
        <src id="IPLSng">
            <dst id="ATLA-M5">0</dst>
            <dst id="ATLAng">12173.8186666667</dst>
            <dst id="CHINng">65413.6933333333</dst>
            <dst id="DNVRng">13714.2426666667</dst>
            <dst id="HSTNng">1792.36</dst>
            <dst id="IPLSng">11377.9413333333</dst>
            <dst id="KSCYng">2079.12</dst>
            <dst id="LOSAng">13174.7493333333</dst>
            <dst id="NYCMng">17620.5706666667</dst>
            <dst id="SNVAng">324.512</dst>
            <dst id="STTLng">9663.78933333334</dst>
            <dst id="WASHng">6244.208</dst>
        </src>
        <src id="KSCYng">
            <dst id="ATLA-M5">28.192</dst>
            <dst id="ATLAng">2457.968</dst>
            <dst id="CHINng">14805.56</dst>
            <dst id="DNVRng">16864.9146666667</dst>
            <dst id="HSTNng">2236.49066666667</dst>
            <dst id="IPLSng">10750.904</dst>
            <dst id="KSCYng">3759.50933333333</dst>
            <dst id="LOSAng">5240.328</dst>
            <dst id="NYCMng">3739.98666666667</dst>
            <dst id="SNVAng">1830.69866666667</dst>
            <dst id="STTLng">3387.71733333333</dst>
            <dst id="WASHng">5846.48266666667</dst>
        </src>
        <src id="LOSAng">
            <dst id="ATLA-M5">482.437333333333</dst>
            <dst id="ATLAng">6845.784</dst>
            <dst id="CHINng">119862.832</dst>
            <dst id="DNVRng">25451.032</dst>
            <dst id="HSTNng">2212.608</dst>
            <dst id="IPLSng">12000.328</dst>
            <dst id="KSCYng">2489.62666666667</dst>
            <dst id="LOSAng">17168.856</dst>
            <dst id="NYCMng">41481.3413333333</dst>
            <dst id="SNVAng">10315.9173333333</dst>
            <dst id="STTLng">33376.5653333333</dst>
            <dst id="WASHng">18872.1173333333</dst>
        </src>
        <src id="NYCMng">
            <dst id="ATLA-M5">125.989333333333</dst>
            <dst id="ATLAng">19993.976</dst>
            <dst id="CHINng">8719.79733333333</dst>
            <dst id="DNVRng">28203.5733333333</dst>
            <dst id="HSTNng">3445.248</dst>
            <dst id="IPLSng">23372.4053333333</dst>
            <dst id="KSCYng">4328.464</dst>
            <dst id="LOSAng">76661.9653333333</dst>
            <dst id="NYCMng">76124.2</dst>
            <dst id="SNVAng">859.994666666667</dst>
            <dst id="STTLng">18485.5093333333</dst>
            <dst id="WASHng">62807.6933333333</dst>
        </src>
        <src id="SNVAng">
            <dst id="ATLA-M5">0</dst>
            <dst id="ATLAng">0</dst>
            <dst id="CHINng">0</dst>
            <dst id="DNVRng">612.525333333333</dst>
            <dst id="HSTNng">26.6666666666667</dst>
            <dst id="IPLSng">207.170666666667</dst>
            <dst id="KSCYng">82.4986666666667</dst>
            <dst id="LOSAng">32213.9466666667</dst>
            <dst id="NYCMng">289.802666666667</dst>
            <dst id="SNVAng">6506.94933333333</dst>
            <dst id="STTLng">28180.9893333333</dst>
            <dst id="WASHng">26.6666666666667</dst>
        </src>
        <src id="STTLng">
            <dst id="ATLA-M5">0</dst>
            <dst id="ATLAng">7089.94933333333</dst>
            <dst id="CHINng">21633.9333333333</dst>
            <dst id="DNVRng">1317.04266666667</dst>
            <dst id="HSTNng">1813.51466666667</dst>
            <dst id="IPLSng">4172.104</dst>
            <dst id="KSCYng">1097.11466666667</dst>
            <dst id="LOSAng">14076.176</dst>
            <dst id="NYCMng">11288.776</dst>
            <dst id="SNVAng">1305.024</dst>
            <dst id="STTLng">1051.38666666667</dst>
            <dst id="WASHng">13270.3253333333</dst>
        </src>
        <src id="WASHng">
            <dst id="ATLA-M5">92.3893333333333</dst>
            <dst id="ATLAng">83098.9893333333</dst>
            <dst id="CHINng">21032.0666666667</dst>
            <dst id="DNVRng">67071.072</dst>
            <dst id="HSTNng">28087.704</dst>
            <dst id="IPLSng">37591.848</dst>
            <dst id="KSCYng">4321.36</dst>
            <dst id="LOSAng">81103.7866666667</dst>
            <dst id="NYCMng">119548.050666667</dst>
            <dst id="SNVAng">9637.98666666667</dst>
            <dst id="STTLng">30715.688</dst>
            <dst id="WASHng">339465.946666667</dst>
        </src>
    </IntraTM>
</TrafficMatrixFile>
