<?xml version="1.0" encoding="ISO-8859-1" standalone="yes"?>
<TrafficMatrixFile xsi:noNamespaceSchemaLocation="http://totem.run.montefiore.ulg.ac.be/Schema/TrafficMatrix-v1_2.xsd" xmlns:xsi="http://www.w3.org/2001/XMLSchema-instance">
    <IntraTM ASID="11537">
        <src id="ATLA-M5">
            <dst id="ATLA-M5">0</dst>
            <dst id="ATLAng">53.3333333333333</dst>
            <dst id="CHINng">0</dst>
            <dst id="DNVRng">53.3333333333333</dst>
            <dst id="HSTNng">61.5226666666667</dst>
            <dst id="IPLSng">303.893333333333</dst>
            <dst id="KSCYng">26.6666666666667</dst>
            <dst id="LOSAng">807.557333333333</dst>
            <dst id="NYCMng">106.666666666667</dst>
            <dst id="SNVAng">0</dst>
            <dst id="STTLng">0</dst>
            <dst id="WASHng">591.48</dst>
        </src>
        <src id="ATLAng">
            <dst id="ATLA-M5">311.637333333333</dst>
            <dst id="ATLAng">36128.9306666667</dst>
            <dst id="CHINng">4605.01066666667</dst>
            <dst id="DNVRng">869.104</dst>
            <dst id="HSTNng">3408.98933333333</dst>
            <dst id="IPLSng">27904.6186666667</dst>
            <dst id="KSCYng">1678.29333333333</dst>
            <dst id="LOSAng">7974.088</dst>
            <dst id="NYCMng">4814.74933333333</dst>
            <dst id="SNVAng">205.570666666667</dst>
            <dst id="STTLng">7728.312</dst>
            <dst id="WASHng">18125.9333333333</dst>
        </src>
        <src id="CHINng">
            <dst id="ATLA-M5">26.6666666666667</dst>
            <dst id="ATLAng">10675.68</dst>
            <dst id="CHINng">44646.9386666667</dst>
            <dst id="DNVRng">11435.4986666667</dst>
            <dst id="HSTNng">13004.1946666667</dst>
            <dst id="IPLSng">16002.472</dst>
            <dst id="KSCYng">4418.56533333333</dst>
            <dst id="LOSAng">42199.592</dst>
            <dst id="NYCMng">7275.97066666667</dst>
            <dst id="SNVAng">3010.992</dst>
            <dst id="STTLng">5624.01066666667</dst>
            <dst id="WASHng">19193.944</dst>
        </src>
        <src id="DNVRng">
            <dst id="ATLA-M5">665.469333333333</dst>
            <dst id="ATLAng">4456.63466666667</dst>
            <dst id="CHINng">53369.68</dst>
            <dst id="DNVRng">11569.064</dst>
            <dst id="HSTNng">17070.1386666667</dst>
            <dst id="IPLSng">33349.0106666667</dst>
            <dst id="KSCYng">22329.912</dst>
            <dst id="LOSAng">15417.2933333333</dst>
            <dst id="NYCMng">8905.928</dst>
            <dst id="SNVAng">15262.384</dst>
            <dst id="STTLng">7953.064</dst>
            <dst id="WASHng">33109.152</dst>
        </src>
        <src id="HSTNng">
            <dst id="ATLA-M5">394.072</dst>
            <dst id="ATLAng">41257.8426666667</dst>
            <dst id="CHINng">5538.95733333333</dst>
            <dst id="DNVRng">1437.07466666667</dst>
            <dst id="HSTNng">11669.4426666667</dst>
            <dst id="IPLSng">1423.05066666667</dst>
            <dst id="KSCYng">934.898666666667</dst>
            <dst id="LOSAng">4475.08533333333</dst>
            <dst id="NYCMng">1750.552</dst>
            <dst id="SNVAng">0</dst>
            <dst id="STTLng">2195.10933333333</dst>
            <dst id="WASHng">1365.11466666667</dst>
        </src>
        <src id="IPLSng">
            <dst id="ATLA-M5">442.261333333333</dst>
            <dst id="ATLAng">72728.6026666667</dst>
            <dst id="CHINng">48641.8586666667</dst>
            <dst id="DNVRng">7960.2</dst>
            <dst id="HSTNng">1186.70933333333</dst>
            <dst id="IPLSng">32822.7786666667</dst>
            <dst id="KSCYng">1708.84533333333</dst>
            <dst id="LOSAng">24608.392</dst>
            <dst id="NYCMng">37368.4373333333</dst>
            <dst id="SNVAng">570.458666666667</dst>
            <dst id="STTLng">6921.72266666667</dst>
            <dst id="WASHng">21091.984</dst>
        </src>
        <src id="KSCYng">
            <dst id="ATLA-M5">720.085333333333</dst>
            <dst id="ATLAng">1691.984</dst>
            <dst id="CHINng">7726.23733333333</dst>
            <dst id="DNVRng">8128.48</dst>
            <dst id="HSTNng">10895.2453333333</dst>
            <dst id="IPLSng">8827.90133333334</dst>
            <dst id="KSCYng">8437.936</dst>
            <dst id="LOSAng">7832.864</dst>
            <dst id="NYCMng">2940.09066666667</dst>
            <dst id="SNVAng">1933.12</dst>
            <dst id="STTLng">3159.98133333333</dst>
            <dst id="WASHng">5850.952</dst>
        </src>
        <src id="LOSAng">
            <dst id="ATLA-M5">102.224</dst>
            <dst id="ATLAng">22983.0666666667</dst>
            <dst id="CHINng">51634.3333333333</dst>
            <dst id="DNVRng">24917.984</dst>
            <dst id="HSTNng">14855.4586666667</dst>
            <dst id="IPLSng">10985.688</dst>
            <dst id="KSCYng">4563.05866666667</dst>
            <dst id="LOSAng">19214.8373333333</dst>
            <dst id="NYCMng">36443.2773333333</dst>
            <dst id="SNVAng">14367.848</dst>
            <dst id="STTLng">40901.496</dst>
            <dst id="WASHng">29071.7146666667</dst>
        </src>
        <src id="NYCMng">
            <dst id="ATLA-M5">2392.49333333333</dst>
            <dst id="ATLAng">25677.7493333333</dst>
            <dst id="CHINng">12969.9413333333</dst>
            <dst id="DNVRng">25639.7013333333</dst>
            <dst id="HSTNng">10635.8453333333</dst>
            <dst id="IPLSng">10938.9786666667</dst>
            <dst id="KSCYng">11595.56</dst>
            <dst id="LOSAng">86601.8826666667</dst>
            <dst id="NYCMng">77037.912</dst>
            <dst id="SNVAng">2275.29066666667</dst>
            <dst id="STTLng">27573.6373333333</dst>
            <dst id="WASHng">33004.8666666667</dst>
        </src>
        <src id="SNVAng">
            <dst id="ATLA-M5">0</dst>
            <dst id="ATLAng">473.450666666667</dst>
            <dst id="CHINng">149.424</dst>
            <dst id="DNVRng">11393.3973333333</dst>
            <dst id="HSTNng">55.8933333333333</dst>
            <dst id="IPLSng">9401.97866666667</dst>
            <dst id="KSCYng">0</dst>
            <dst id="LOSAng">34011.4373333333</dst>
            <dst id="NYCMng">261.141333333333</dst>
            <dst id="SNVAng">6407.14933333333</dst>
            <dst id="STTLng">29361.6853333333</dst>
            <dst id="WASHng">26.6666666666667</dst>
        </src>
        <src id="STTLng">
            <dst id="ATLA-M5">394.026666666667</dst>
            <dst id="ATLAng">9476.06933333333</dst>
            <dst id="CHINng">12082.5893333333</dst>
            <dst id="DNVRng">4279.74933333333</dst>
            <dst id="HSTNng">3511.688</dst>
            <dst id="IPLSng">7352.49866666667</dst>
            <dst id="KSCYng">1592.392</dst>
            <dst id="LOSAng">21226.616</dst>
            <dst id="NYCMng">8916.07466666667</dst>
            <dst id="SNVAng">3273.984</dst>
            <dst id="STTLng">4562.57866666667</dst>
            <dst id="WASHng">6896.928</dst>
        </src>
        <src id="WASHng">
            <dst id="ATLA-M5">2438.76533333333</dst>
            <dst id="ATLAng">71540.5173333334</dst>
            <dst id="CHINng">47101.4986666667</dst>
            <dst id="DNVRng">62564.672</dst>
            <dst id="HSTNng">19667.6373333333</dst>
            <dst id="IPLSng">49887.816</dst>
            <dst id="KSCYng">9825.61333333333</dst>
            <dst id="LOSAng">78185.4133333333</dst>
            <dst id="NYCMng">147429.098666667</dst>
            <dst id="SNVAng">4882.168</dst>
            <dst id="STTLng">41951.3413333333</dst>
            <dst id="WASHng">186153.925333333</dst>
        </src>
    </IntraTM>
</TrafficMatrixFile>
