<?xml version="1.0" encoding="ISO-8859-1" standalone="yes"?>
<TrafficMatrixFile xsi:noNamespaceSchemaLocation="http://totem.run.montefiore.ulg.ac.be/Schema/TrafficMatrix-v1_2.xsd" xmlns:xsi="http://www.w3.org/2001/XMLSchema-instance">
    <IntraTM ASID="11537">
        <src id="ATLA-M5">
            <dst id="ATLA-M5">0</dst>
            <dst id="ATLAng">0</dst>
            <dst id="CHINng">125.973333333333</dst>
            <dst id="DNVRng">0</dst>
            <dst id="HSTNng">53.336</dst>
            <dst id="IPLSng">53.3333333333333</dst>
            <dst id="KSCYng">1280.72266666667</dst>
            <dst id="LOSAng">128.96</dst>
            <dst id="NYCMng">53.3333333333333</dst>
            <dst id="SNVAng">0</dst>
            <dst id="STTLng">460.354666666667</dst>
            <dst id="WASHng">1276.456</dst>
        </src>
        <src id="ATLAng">
            <dst id="ATLA-M5">0</dst>
            <dst id="ATLAng">28202.1866666667</dst>
            <dst id="CHINng">5047.52533333333</dst>
            <dst id="DNVRng">3093.464</dst>
            <dst id="HSTNng">233.28</dst>
            <dst id="IPLSng">13948.6773333333</dst>
            <dst id="KSCYng">493.493333333333</dst>
            <dst id="LOSAng">14378.6</dst>
            <dst id="NYCMng">8202.15733333333</dst>
            <dst id="SNVAng">31.888</dst>
            <dst id="STTLng">6637.624</dst>
            <dst id="WASHng">32301.9306666667</dst>
        </src>
        <src id="CHINng">
            <dst id="ATLA-M5">5497.70666666667</dst>
            <dst id="ATLAng">3918.38133333333</dst>
            <dst id="CHINng">82836.448</dst>
            <dst id="DNVRng">13048.552</dst>
            <dst id="HSTNng">6250.73066666667</dst>
            <dst id="IPLSng">25534.5253333333</dst>
            <dst id="KSCYng">20917.9306666667</dst>
            <dst id="LOSAng">37269.8</dst>
            <dst id="NYCMng">11588.72</dst>
            <dst id="SNVAng">2540.78133333333</dst>
            <dst id="STTLng">4145.55733333333</dst>
            <dst id="WASHng">10542.36</dst>
        </src>
        <src id="DNVRng">
            <dst id="ATLA-M5">141.546666666667</dst>
            <dst id="ATLAng">8023.488</dst>
            <dst id="CHINng">75641.1466666667</dst>
            <dst id="DNVRng">16635.5146666667</dst>
            <dst id="HSTNng">14807.944</dst>
            <dst id="IPLSng">33108.4773333333</dst>
            <dst id="KSCYng">15516.8</dst>
            <dst id="LOSAng">10084.1066666667</dst>
            <dst id="NYCMng">17105.4586666667</dst>
            <dst id="SNVAng">7140.53066666667</dst>
            <dst id="STTLng">11231.696</dst>
            <dst id="WASHng">31086.9226666667</dst>
        </src>
        <src id="HSTNng">
            <dst id="ATLA-M5">2040.69866666667</dst>
            <dst id="ATLAng">2309.96</dst>
            <dst id="CHINng">12931.544</dst>
            <dst id="DNVRng">1086.512</dst>
            <dst id="HSTNng">13441.0933333333</dst>
            <dst id="IPLSng">1518.832</dst>
            <dst id="KSCYng">1110.57333333333</dst>
            <dst id="LOSAng">18948.904</dst>
            <dst id="NYCMng">2571.45066666667</dst>
            <dst id="SNVAng">0</dst>
            <dst id="STTLng">769.018666666667</dst>
            <dst id="WASHng">2067.72266666667</dst>
        </src>
        <src id="IPLSng">
            <dst id="ATLA-M5">0</dst>
            <dst id="ATLAng">10114.6986666667</dst>
            <dst id="CHINng">57450.7226666667</dst>
            <dst id="DNVRng">30863.536</dst>
            <dst id="HSTNng">296.109333333333</dst>
            <dst id="IPLSng">22715.6026666667</dst>
            <dst id="KSCYng">2722.66666666667</dst>
            <dst id="LOSAng">19199.6453333333</dst>
            <dst id="NYCMng">29961.0906666667</dst>
            <dst id="SNVAng">110.141333333333</dst>
            <dst id="STTLng">6800.49866666667</dst>
            <dst id="WASHng">10823.8213333333</dst>
        </src>
        <src id="KSCYng">
            <dst id="ATLA-M5">32.3626666666667</dst>
            <dst id="ATLAng">668.448</dst>
            <dst id="CHINng">15306.12</dst>
            <dst id="DNVRng">13019.6026666667</dst>
            <dst id="HSTNng">2794.51733333333</dst>
            <dst id="IPLSng">13778.4266666667</dst>
            <dst id="KSCYng">8399.80533333333</dst>
            <dst id="LOSAng">6948.70666666667</dst>
            <dst id="NYCMng">3689.456</dst>
            <dst id="SNVAng">2936.68266666667</dst>
            <dst id="STTLng">5356.54133333333</dst>
            <dst id="WASHng">22486.5973333333</dst>
        </src>
        <src id="LOSAng">
            <dst id="ATLA-M5">89.088</dst>
            <dst id="ATLAng">9287.152</dst>
            <dst id="CHINng">135344.357333333</dst>
            <dst id="DNVRng">20979.7173333333</dst>
            <dst id="HSTNng">3497.184</dst>
            <dst id="IPLSng">8153.51733333333</dst>
            <dst id="KSCYng">2388.50933333333</dst>
            <dst id="LOSAng">15760.408</dst>
            <dst id="NYCMng">31547.3466666667</dst>
            <dst id="SNVAng">20076.416</dst>
            <dst id="STTLng">24416.6346666667</dst>
            <dst id="WASHng">15545.5786666667</dst>
        </src>
        <src id="NYCMng">
            <dst id="ATLA-M5">114.346666666667</dst>
            <dst id="ATLAng">6743.432</dst>
            <dst id="CHINng">14290.528</dst>
            <dst id="DNVRng">23302.368</dst>
            <dst id="HSTNng">10030.8346666667</dst>
            <dst id="IPLSng">22819.2853333333</dst>
            <dst id="KSCYng">4250.86933333333</dst>
            <dst id="LOSAng">81652.64</dst>
            <dst id="NYCMng">89040.5866666667</dst>
            <dst id="SNVAng">2333.216</dst>
            <dst id="STTLng">19181.512</dst>
            <dst id="WASHng">46210.912</dst>
        </src>
        <src id="SNVAng">
            <dst id="ATLA-M5">0</dst>
            <dst id="ATLAng">26.6666666666667</dst>
            <dst id="CHINng">162.906666666667</dst>
            <dst id="DNVRng">3714.80266666667</dst>
            <dst id="HSTNng">35.2213333333333</dst>
            <dst id="IPLSng">173.642666666667</dst>
            <dst id="KSCYng">26.6666666666667</dst>
            <dst id="LOSAng">34097.4506666667</dst>
            <dst id="NYCMng">413.034666666667</dst>
            <dst id="SNVAng">3773.71466666667</dst>
            <dst id="STTLng">26645.6506666667</dst>
            <dst id="WASHng">107.962666666667</dst>
        </src>
        <src id="STTLng">
            <dst id="ATLA-M5">104.032</dst>
            <dst id="ATLAng">6774.696</dst>
            <dst id="CHINng">22474.2</dst>
            <dst id="DNVRng">2602.016</dst>
            <dst id="HSTNng">1335.46133333333</dst>
            <dst id="IPLSng">3265.616</dst>
            <dst id="KSCYng">1439.84266666667</dst>
            <dst id="LOSAng">20347.9093333333</dst>
            <dst id="NYCMng">11466.6</dst>
            <dst id="SNVAng">3748.71733333333</dst>
            <dst id="STTLng">18740.3706666667</dst>
            <dst id="WASHng">3559.62666666667</dst>
        </src>
        <src id="WASHng">
            <dst id="ATLA-M5">978.666666666667</dst>
            <dst id="ATLAng">89139.0293333334</dst>
            <dst id="CHINng">93067.144</dst>
            <dst id="DNVRng">49767.152</dst>
            <dst id="HSTNng">41412.696</dst>
            <dst id="IPLSng">47180.2133333333</dst>
            <dst id="KSCYng">12035.664</dst>
            <dst id="LOSAng">55573.6106666667</dst>
            <dst id="NYCMng">116426.370666667</dst>
            <dst id="SNVAng">6216.77333333333</dst>
            <dst id="STTLng">42799.0613333333</dst>
            <dst id="WASHng">296245.786666667</dst>
        </src>
    </IntraTM>
</TrafficMatrixFile>
