<?xml version="1.0" encoding="ISO-8859-1" standalone="yes"?>
<TrafficMatrixFile xsi:noNamespaceSchemaLocation="http://totem.run.montefiore.ulg.ac.be/Schema/TrafficMatrix-v1_2.xsd" xmlns:xsi="http://www.w3.org/2001/XMLSchema-instance">
    <IntraTM ASID="11537">
        <src id="ATLA-M5">
            <dst id="ATLA-M5">0</dst>
            <dst id="ATLAng">26.6666666666667</dst>
            <dst id="CHINng">77.7306666666667</dst>
            <dst id="DNVRng">0</dst>
            <dst id="HSTNng">96.776</dst>
            <dst id="IPLSng">0</dst>
            <dst id="KSCYng">26.6666666666667</dst>
            <dst id="LOSAng">199.573333333333</dst>
            <dst id="NYCMng">53.3333333333333</dst>
            <dst id="SNVAng">0</dst>
            <dst id="STTLng">0</dst>
            <dst id="WASHng">181.906666666667</dst>
        </src>
        <src id="ATLAng">
            <dst id="ATLA-M5">26.6666666666667</dst>
            <dst id="ATLAng">6834.15466666667</dst>
            <dst id="CHINng">3333.60266666667</dst>
            <dst id="DNVRng">3758.056</dst>
            <dst id="HSTNng">1511.23733333333</dst>
            <dst id="IPLSng">28580.4053333333</dst>
            <dst id="KSCYng">491.218666666667</dst>
            <dst id="LOSAng">12281.9893333333</dst>
            <dst id="NYCMng">7189.29333333333</dst>
            <dst id="SNVAng">3805.736</dst>
            <dst id="STTLng">9944.45333333333</dst>
            <dst id="WASHng">35952.2853333333</dst>
        </src>
        <src id="CHINng">
            <dst id="ATLA-M5">105.789333333333</dst>
            <dst id="ATLAng">4693.23733333333</dst>
            <dst id="CHINng">50008.6613333333</dst>
            <dst id="DNVRng">8009.824</dst>
            <dst id="HSTNng">4586.064</dst>
            <dst id="IPLSng">29271.6906666667</dst>
            <dst id="KSCYng">11321.184</dst>
            <dst id="LOSAng">36512.8106666667</dst>
            <dst id="NYCMng">10053.792</dst>
            <dst id="SNVAng">415.544</dst>
            <dst id="STTLng">3662.40266666667</dst>
            <dst id="WASHng">19763.2933333333</dst>
        </src>
        <src id="DNVRng">
            <dst id="ATLA-M5">102.173333333333</dst>
            <dst id="ATLAng">2710.16</dst>
            <dst id="CHINng">54070.5226666667</dst>
            <dst id="DNVRng">8093.752</dst>
            <dst id="HSTNng">19369.8693333333</dst>
            <dst id="IPLSng">32319.0026666667</dst>
            <dst id="KSCYng">19346.0906666667</dst>
            <dst id="LOSAng">24942.024</dst>
            <dst id="NYCMng">14232.7333333333</dst>
            <dst id="SNVAng">11037.3226666667</dst>
            <dst id="STTLng">9846.73066666667</dst>
            <dst id="WASHng">30960.52</dst>
        </src>
        <src id="HSTNng">
            <dst id="ATLA-M5">4878.47466666667</dst>
            <dst id="ATLAng">909.672</dst>
            <dst id="CHINng">12298.136</dst>
            <dst id="DNVRng">749.901333333333</dst>
            <dst id="HSTNng">13297.0853333333</dst>
            <dst id="IPLSng">1453.056</dst>
            <dst id="KSCYng">432.285333333333</dst>
            <dst id="LOSAng">27023.9973333333</dst>
            <dst id="NYCMng">6003.03733333333</dst>
            <dst id="SNVAng">0</dst>
            <dst id="STTLng">358.730666666667</dst>
            <dst id="WASHng">826.498666666667</dst>
        </src>
        <src id="IPLSng">
            <dst id="ATLA-M5">26.6666666666667</dst>
            <dst id="ATLAng">14522.7546666667</dst>
            <dst id="CHINng">56076.5786666667</dst>
            <dst id="DNVRng">14717.08</dst>
            <dst id="HSTNng">2829.616</dst>
            <dst id="IPLSng">3647.46933333333</dst>
            <dst id="KSCYng">7242.13866666667</dst>
            <dst id="LOSAng">12127.152</dst>
            <dst id="NYCMng">15899.5493333333</dst>
            <dst id="SNVAng">215.389333333333</dst>
            <dst id="STTLng">8591.00266666667</dst>
            <dst id="WASHng">8908.56</dst>
        </src>
        <src id="KSCYng">
            <dst id="ATLA-M5">944.501333333333</dst>
            <dst id="ATLAng">848.090666666667</dst>
            <dst id="CHINng">13071.616</dst>
            <dst id="DNVRng">14002.7546666667</dst>
            <dst id="HSTNng">2966.97866666667</dst>
            <dst id="IPLSng">13573.64</dst>
            <dst id="KSCYng">7694.33333333333</dst>
            <dst id="LOSAng">7747.32533333333</dst>
            <dst id="NYCMng">2279.61333333333</dst>
            <dst id="SNVAng">2520.57866666667</dst>
            <dst id="STTLng">7033.95733333333</dst>
            <dst id="WASHng">6092.57866666667</dst>
        </src>
        <src id="LOSAng">
            <dst id="ATLA-M5">697.269333333334</dst>
            <dst id="ATLAng">8232.76533333333</dst>
            <dst id="CHINng">101272.730666667</dst>
            <dst id="DNVRng">18842.1573333333</dst>
            <dst id="HSTNng">2104.28533333333</dst>
            <dst id="IPLSng">14653.6933333333</dst>
            <dst id="KSCYng">3301.58933333333</dst>
            <dst id="LOSAng">29735.696</dst>
            <dst id="NYCMng">34943.3546666667</dst>
            <dst id="SNVAng">8670.02933333333</dst>
            <dst id="STTLng">17450.0213333333</dst>
            <dst id="WASHng">12058.768</dst>
        </src>
        <src id="NYCMng">
            <dst id="ATLA-M5">449.925333333333</dst>
            <dst id="ATLAng">23370.128</dst>
            <dst id="CHINng">7829.87466666667</dst>
            <dst id="DNVRng">24069.6906666667</dst>
            <dst id="HSTNng">9689.128</dst>
            <dst id="IPLSng">12621.5013333333</dst>
            <dst id="KSCYng">4866.39733333333</dst>
            <dst id="LOSAng">85588.224</dst>
            <dst id="NYCMng">87282</dst>
            <dst id="SNVAng">1473.85866666667</dst>
            <dst id="STTLng">18143.16</dst>
            <dst id="WASHng">54926.128</dst>
        </src>
        <src id="SNVAng">
            <dst id="ATLA-M5">0</dst>
            <dst id="ATLAng">80</dst>
            <dst id="CHINng">102.666666666667</dst>
            <dst id="DNVRng">3835.52266666667</dst>
            <dst id="HSTNng">42.1546666666667</dst>
            <dst id="IPLSng">239.050666666667</dst>
            <dst id="KSCYng">0</dst>
            <dst id="LOSAng">32740.312</dst>
            <dst id="NYCMng">334.048</dst>
            <dst id="SNVAng">5757.77066666667</dst>
            <dst id="STTLng">22814.048</dst>
            <dst id="WASHng">0</dst>
        </src>
        <src id="STTLng">
            <dst id="ATLA-M5">0</dst>
            <dst id="ATLAng">5700.37333333333</dst>
            <dst id="CHINng">15714.8826666667</dst>
            <dst id="DNVRng">2476.09333333333</dst>
            <dst id="HSTNng">1240.312</dst>
            <dst id="IPLSng">5454.16533333333</dst>
            <dst id="KSCYng">1281.872</dst>
            <dst id="LOSAng">14968.36</dst>
            <dst id="NYCMng">15088.1253333333</dst>
            <dst id="SNVAng">2262.02933333333</dst>
            <dst id="STTLng">3947.192</dst>
            <dst id="WASHng">8974.128</dst>
        </src>
        <src id="WASHng">
            <dst id="ATLA-M5">174.330666666667</dst>
            <dst id="ATLAng">79547.8506666667</dst>
            <dst id="CHINng">40775.4586666667</dst>
            <dst id="DNVRng">56147.152</dst>
            <dst id="HSTNng">16326.4026666667</dst>
            <dst id="IPLSng">52620.5973333333</dst>
            <dst id="KSCYng">13658.2106666667</dst>
            <dst id="LOSAng">72666.608</dst>
            <dst id="NYCMng">151098.453333333</dst>
            <dst id="SNVAng">13217.0373333333</dst>
            <dst id="STTLng">36627.5733333333</dst>
            <dst id="WASHng">286952.48</dst>
        </src>
    </IntraTM>
</TrafficMatrixFile>
