<?xml version="1.0" encoding="ISO-8859-1" standalone="yes"?>
<TrafficMatrixFile xsi:noNamespaceSchemaLocation="http://totem.run.montefiore.ulg.ac.be/Schema/TrafficMatrix-v1_2.xsd" xmlns:xsi="http://www.w3.org/2001/XMLSchema-instance">
    <IntraTM ASID="11537">
        <src id="ATLA-M5">
            <dst id="ATLA-M5">0</dst>
            <dst id="ATLAng">0</dst>
            <dst id="CHINng">112.36</dst>
            <dst id="DNVRng">0</dst>
            <dst id="HSTNng">102.645333333333</dst>
            <dst id="IPLSng">0</dst>
            <dst id="KSCYng">0</dst>
            <dst id="LOSAng">748.016</dst>
            <dst id="NYCMng">26.6666666666667</dst>
            <dst id="SNVAng">0</dst>
            <dst id="STTLng">0</dst>
            <dst id="WASHng">597.690666666667</dst>
        </src>
        <src id="ATLAng">
            <dst id="ATLA-M5">26.6666666666667</dst>
            <dst id="ATLAng">4566.09333333333</dst>
            <dst id="CHINng">1980.59733333333</dst>
            <dst id="DNVRng">3118.30933333333</dst>
            <dst id="HSTNng">213.68</dst>
            <dst id="IPLSng">25294.4053333333</dst>
            <dst id="KSCYng">389.509333333333</dst>
            <dst id="LOSAng">4537.03333333333</dst>
            <dst id="NYCMng">4072.25333333333</dst>
            <dst id="SNVAng">123.065333333333</dst>
            <dst id="STTLng">9561.53066666667</dst>
            <dst id="WASHng">37047.6026666667</dst>
        </src>
        <src id="CHINng">
            <dst id="ATLA-M5">67.6906666666667</dst>
            <dst id="ATLAng">5710.592</dst>
            <dst id="CHINng">48351.232</dst>
            <dst id="DNVRng">7367.10133333333</dst>
            <dst id="HSTNng">4237.67466666667</dst>
            <dst id="IPLSng">99005.744</dst>
            <dst id="KSCYng">2376.31466666667</dst>
            <dst id="LOSAng">32535.7173333333</dst>
            <dst id="NYCMng">9470.43733333333</dst>
            <dst id="SNVAng">396.810666666667</dst>
            <dst id="STTLng">4256.688</dst>
            <dst id="WASHng">21044.68</dst>
        </src>
        <src id="DNVRng">
            <dst id="ATLA-M5">134.573333333333</dst>
            <dst id="ATLAng">938.952</dst>
            <dst id="CHINng">52408.64</dst>
            <dst id="DNVRng">8713.57066666667</dst>
            <dst id="HSTNng">13238.992</dst>
            <dst id="IPLSng">43088.4453333333</dst>
            <dst id="KSCYng">23307.2906666667</dst>
            <dst id="LOSAng">14694.968</dst>
            <dst id="NYCMng">20953.64</dst>
            <dst id="SNVAng">13428.6053333333</dst>
            <dst id="STTLng">11889.776</dst>
            <dst id="WASHng">33854.616</dst>
        </src>
        <src id="HSTNng">
            <dst id="ATLA-M5">3241.41866666667</dst>
            <dst id="ATLAng">1840.94933333333</dst>
            <dst id="CHINng">11737.6613333333</dst>
            <dst id="DNVRng">532.973333333333</dst>
            <dst id="HSTNng">16117.5546666667</dst>
            <dst id="IPLSng">740.024</dst>
            <dst id="KSCYng">614.736</dst>
            <dst id="LOSAng">4707.40533333333</dst>
            <dst id="NYCMng">4687.12</dst>
            <dst id="SNVAng">0</dst>
            <dst id="STTLng">4125.36533333333</dst>
            <dst id="WASHng">1353.848</dst>
        </src>
        <src id="IPLSng">
            <dst id="ATLA-M5">0</dst>
            <dst id="ATLAng">133647.208</dst>
            <dst id="CHINng">75240.9226666667</dst>
            <dst id="DNVRng">4020.30933333333</dst>
            <dst id="HSTNng">3924.488</dst>
            <dst id="IPLSng">28999.1333333333</dst>
            <dst id="KSCYng">4868.41866666667</dst>
            <dst id="LOSAng">7594.06133333333</dst>
            <dst id="NYCMng">34417.1226666667</dst>
            <dst id="SNVAng">318.952</dst>
            <dst id="STTLng">7987.62133333333</dst>
            <dst id="WASHng">17389.8426666667</dst>
        </src>
        <src id="KSCYng">
            <dst id="ATLA-M5">26.6666666666667</dst>
            <dst id="ATLAng">905.053333333333</dst>
            <dst id="CHINng">15227.016</dst>
            <dst id="DNVRng">12681.392</dst>
            <dst id="HSTNng">2614.048</dst>
            <dst id="IPLSng">11526.3493333333</dst>
            <dst id="KSCYng">7728.34666666667</dst>
            <dst id="LOSAng">5138.68533333333</dst>
            <dst id="NYCMng">3688.98933333333</dst>
            <dst id="SNVAng">2120.24</dst>
            <dst id="STTLng">9006.504</dst>
            <dst id="WASHng">6157.38933333333</dst>
        </src>
        <src id="LOSAng">
            <dst id="ATLA-M5">442.322666666667</dst>
            <dst id="ATLAng">7457.88266666667</dst>
            <dst id="CHINng">117954.904</dst>
            <dst id="DNVRng">10648.576</dst>
            <dst id="HSTNng">2460.208</dst>
            <dst id="IPLSng">12802.5173333333</dst>
            <dst id="KSCYng">2775.92</dst>
            <dst id="LOSAng">13072.3946666667</dst>
            <dst id="NYCMng">35183.7386666667</dst>
            <dst id="SNVAng">13357.2773333333</dst>
            <dst id="STTLng">37708.3226666667</dst>
            <dst id="WASHng">17553.824</dst>
        </src>
        <src id="NYCMng">
            <dst id="ATLA-M5">105.429333333333</dst>
            <dst id="ATLAng">19029.768</dst>
            <dst id="CHINng">12114.024</dst>
            <dst id="DNVRng">27837.4426666667</dst>
            <dst id="HSTNng">1663.40266666667</dst>
            <dst id="IPLSng">21033.72</dst>
            <dst id="KSCYng">4898.848</dst>
            <dst id="LOSAng">72708.52</dst>
            <dst id="NYCMng">112910.090666667</dst>
            <dst id="SNVAng">1670.56533333333</dst>
            <dst id="STTLng">19053.7013333333</dst>
            <dst id="WASHng">42153.4266666667</dst>
        </src>
        <src id="SNVAng">
            <dst id="ATLA-M5">0</dst>
            <dst id="ATLAng">200.272</dst>
            <dst id="CHINng">0</dst>
            <dst id="DNVRng">8426.49866666667</dst>
            <dst id="HSTNng">50.5706666666667</dst>
            <dst id="IPLSng">223.773333333333</dst>
            <dst id="KSCYng">0</dst>
            <dst id="LOSAng">29243.8986666667</dst>
            <dst id="NYCMng">336.8</dst>
            <dst id="SNVAng">6398.06666666667</dst>
            <dst id="STTLng">31226.7306666667</dst>
            <dst id="WASHng">0</dst>
        </src>
        <src id="STTLng">
            <dst id="ATLA-M5">0</dst>
            <dst id="ATLAng">6366.46666666667</dst>
            <dst id="CHINng">23305.2613333333</dst>
            <dst id="DNVRng">13897.2</dst>
            <dst id="HSTNng">1294.10933333333</dst>
            <dst id="IPLSng">6452.232</dst>
            <dst id="KSCYng">1344.128</dst>
            <dst id="LOSAng">14443.888</dst>
            <dst id="NYCMng">10585.4106666667</dst>
            <dst id="SNVAng">2228.58933333333</dst>
            <dst id="STTLng">4447.104</dst>
            <dst id="WASHng">10805.288</dst>
        </src>
        <src id="WASHng">
            <dst id="ATLA-M5">122.261333333333</dst>
            <dst id="ATLAng">72165.2826666667</dst>
            <dst id="CHINng">46327.3306666667</dst>
            <dst id="DNVRng">60126.1333333333</dst>
            <dst id="HSTNng">50223.5813333333</dst>
            <dst id="IPLSng">38319.92</dst>
            <dst id="KSCYng">9404.62933333333</dst>
            <dst id="LOSAng">69311.1093333334</dst>
            <dst id="NYCMng">131369.576</dst>
            <dst id="SNVAng">4412.21066666667</dst>
            <dst id="STTLng">26575.2453333333</dst>
            <dst id="WASHng">305041.893333333</dst>
        </src>
    </IntraTM>
</TrafficMatrixFile>
