<?xml version="1.0" encoding="ISO-8859-1" standalone="yes"?>
<TrafficMatrixFile xsi:noNamespaceSchemaLocation="http://totem.run.montefiore.ulg.ac.be/Schema/TrafficMatrix-v1_2.xsd" xmlns:xsi="http://www.w3.org/2001/XMLSchema-instance">
    <IntraTM ASID="11537">
        <src id="ATLA-M5">
            <dst id="ATLA-M5">0</dst>
            <dst id="ATLAng">112.021333333333</dst>
            <dst id="CHINng">0</dst>
            <dst id="DNVRng">0</dst>
            <dst id="HSTNng">0</dst>
            <dst id="IPLSng">26.6666666666667</dst>
            <dst id="KSCYng">212.405333333333</dst>
            <dst id="LOSAng">343.501333333333</dst>
            <dst id="NYCMng">296.749333333333</dst>
            <dst id="SNVAng">13.3333333333333</dst>
            <dst id="STTLng">429.626666666667</dst>
            <dst id="WASHng">482.357333333333</dst>
        </src>
        <src id="ATLAng">
            <dst id="ATLA-M5">167.474666666667</dst>
            <dst id="ATLAng">32082.016</dst>
            <dst id="CHINng">4701.136</dst>
            <dst id="DNVRng">4822.29866666667</dst>
            <dst id="HSTNng">24952.4613333333</dst>
            <dst id="IPLSng">11295.0666666667</dst>
            <dst id="KSCYng">2318.688</dst>
            <dst id="LOSAng">13033.8306666667</dst>
            <dst id="NYCMng">3812.88533333333</dst>
            <dst id="SNVAng">47.1053333333333</dst>
            <dst id="STTLng">5725.61066666667</dst>
            <dst id="WASHng">18666.8613333333</dst>
        </src>
        <src id="CHINng">
            <dst id="ATLA-M5">711.424</dst>
            <dst id="ATLAng">12080.5973333333</dst>
            <dst id="CHINng">53658.6293333333</dst>
            <dst id="DNVRng">7481.74933333333</dst>
            <dst id="HSTNng">6143.40533333333</dst>
            <dst id="IPLSng">27820.408</dst>
            <dst id="KSCYng">5829.61866666667</dst>
            <dst id="LOSAng">42595.3093333333</dst>
            <dst id="NYCMng">9849.05866666667</dst>
            <dst id="SNVAng">1977.872</dst>
            <dst id="STTLng">7585.35733333333</dst>
            <dst id="WASHng">29416.1706666667</dst>
        </src>
        <src id="DNVRng">
            <dst id="ATLA-M5">220.586666666667</dst>
            <dst id="ATLAng">14389.136</dst>
            <dst id="CHINng">59577.248</dst>
            <dst id="DNVRng">10838.6986666667</dst>
            <dst id="HSTNng">17712.7973333333</dst>
            <dst id="IPLSng">24302.8346666667</dst>
            <dst id="KSCYng">16460.8906666667</dst>
            <dst id="LOSAng">15105.7786666667</dst>
            <dst id="NYCMng">14057.312</dst>
            <dst id="SNVAng">9080.968</dst>
            <dst id="STTLng">11151.9226666667</dst>
            <dst id="WASHng">29537.808</dst>
        </src>
        <src id="HSTNng">
            <dst id="ATLA-M5">201.632</dst>
            <dst id="ATLAng">25662.1973333333</dst>
            <dst id="CHINng">7277.57333333333</dst>
            <dst id="DNVRng">1304.81066666667</dst>
            <dst id="HSTNng">12487.6693333333</dst>
            <dst id="IPLSng">11515.2586666667</dst>
            <dst id="KSCYng">2031.92</dst>
            <dst id="LOSAng">12514.56</dst>
            <dst id="NYCMng">2479.616</dst>
            <dst id="SNVAng">0</dst>
            <dst id="STTLng">796.114666666667</dst>
            <dst id="WASHng">4055.60266666667</dst>
        </src>
        <src id="IPLSng">
            <dst id="ATLA-M5">0</dst>
            <dst id="ATLAng">11717.9093333333</dst>
            <dst id="CHINng">37701.1013333333</dst>
            <dst id="DNVRng">18288.2266666667</dst>
            <dst id="HSTNng">543.890666666667</dst>
            <dst id="IPLSng">10835.416</dst>
            <dst id="KSCYng">3531.25866666667</dst>
            <dst id="LOSAng">23019.5733333333</dst>
            <dst id="NYCMng">28483.1893333333</dst>
            <dst id="SNVAng">460.648</dst>
            <dst id="STTLng">8876.488</dst>
            <dst id="WASHng">4974.20266666667</dst>
        </src>
        <src id="KSCYng">
            <dst id="ATLA-M5">973.053333333333</dst>
            <dst id="ATLAng">1185.20266666667</dst>
            <dst id="CHINng">13300.616</dst>
            <dst id="DNVRng">9899.01333333334</dst>
            <dst id="HSTNng">3061.272</dst>
            <dst id="IPLSng">13940.7386666667</dst>
            <dst id="KSCYng">6141.98666666666</dst>
            <dst id="LOSAng">7452.34666666667</dst>
            <dst id="NYCMng">2655.744</dst>
            <dst id="SNVAng">2242.09333333333</dst>
            <dst id="STTLng">5105.92533333333</dst>
            <dst id="WASHng">7853</dst>
        </src>
        <src id="LOSAng">
            <dst id="ATLA-M5">187.653333333333</dst>
            <dst id="ATLAng">10121.3733333333</dst>
            <dst id="CHINng">63807.136</dst>
            <dst id="DNVRng">11124.936</dst>
            <dst id="HSTNng">5397.92266666667</dst>
            <dst id="IPLSng">19536.9893333333</dst>
            <dst id="KSCYng">3799.60533333333</dst>
            <dst id="LOSAng">24088.4106666667</dst>
            <dst id="NYCMng">30874.4373333333</dst>
            <dst id="SNVAng">12589.4666666667</dst>
            <dst id="STTLng">27369.848</dst>
            <dst id="WASHng">27998.6106666667</dst>
        </src>
        <src id="NYCMng">
            <dst id="ATLA-M5">4742.88533333333</dst>
            <dst id="ATLAng">18770.7546666667</dst>
            <dst id="CHINng">11980.7253333333</dst>
            <dst id="DNVRng">37180.6666666667</dst>
            <dst id="HSTNng">20847.9653333333</dst>
            <dst id="IPLSng">28782.5946666667</dst>
            <dst id="KSCYng">4252.24533333333</dst>
            <dst id="LOSAng">67526.8693333333</dst>
            <dst id="NYCMng">71704.7813333333</dst>
            <dst id="SNVAng">2142.592</dst>
            <dst id="STTLng">31816.9786666667</dst>
            <dst id="WASHng">35229.2106666667</dst>
        </src>
        <src id="SNVAng">
            <dst id="ATLA-M5">0</dst>
            <dst id="ATLAng">721.253333333333</dst>
            <dst id="CHINng">26.6666666666667</dst>
            <dst id="DNVRng">9821.66133333333</dst>
            <dst id="HSTNng">2045.04533333333</dst>
            <dst id="IPLSng">258.589333333333</dst>
            <dst id="KSCYng">26.6666666666667</dst>
            <dst id="LOSAng">35249.944</dst>
            <dst id="NYCMng">298.016</dst>
            <dst id="SNVAng">7623.688</dst>
            <dst id="STTLng">29540.9173333333</dst>
            <dst id="WASHng">80</dst>
        </src>
        <src id="STTLng">
            <dst id="ATLA-M5">26.6666666666667</dst>
            <dst id="ATLAng">6749.74133333333</dst>
            <dst id="CHINng">16818.6586666667</dst>
            <dst id="DNVRng">4437.17333333333</dst>
            <dst id="HSTNng">1542.39733333333</dst>
            <dst id="IPLSng">7124.816</dst>
            <dst id="KSCYng">2003.056</dst>
            <dst id="LOSAng">152129.2</dst>
            <dst id="NYCMng">16302.5573333333</dst>
            <dst id="SNVAng">1986.952</dst>
            <dst id="STTLng">23279.7866666667</dst>
            <dst id="WASHng">12559.5866666667</dst>
        </src>
        <src id="WASHng">
            <dst id="ATLA-M5">80</dst>
            <dst id="ATLAng">61860.5413333333</dst>
            <dst id="CHINng">102685.816</dst>
            <dst id="DNVRng">78050.352</dst>
            <dst id="HSTNng">20980.28</dst>
            <dst id="IPLSng">69386.2133333333</dst>
            <dst id="KSCYng">13091.1226666667</dst>
            <dst id="LOSAng">84737.744</dst>
            <dst id="NYCMng">152514.877333333</dst>
            <dst id="SNVAng">1614.76533333333</dst>
            <dst id="STTLng">70411.5653333333</dst>
            <dst id="WASHng">217069.285333333</dst>
        </src>
    </IntraTM>
</TrafficMatrixFile>
