<?xml version="1.0" encoding="ISO-8859-1" standalone="yes"?>
<TrafficMatrixFile xsi:noNamespaceSchemaLocation="http://totem.run.montefiore.ulg.ac.be/Schema/TrafficMatrix-v1_2.xsd" xmlns:xsi="http://www.w3.org/2001/XMLSchema-instance">
    <IntraTM ASID="11537">
        <src id="ATLA-M5">
            <dst id="ATLA-M5">1160.01333333333</dst>
            <dst id="ATLAng">53.3333333333333</dst>
            <dst id="CHINng">135.824</dst>
            <dst id="DNVRng">0</dst>
            <dst id="HSTNng">0</dst>
            <dst id="IPLSng">2482.43466666667</dst>
            <dst id="KSCYng">0</dst>
            <dst id="LOSAng">348.16</dst>
            <dst id="NYCMng">315.317333333333</dst>
            <dst id="SNVAng">0</dst>
            <dst id="STTLng">0</dst>
            <dst id="WASHng">1914.46666666667</dst>
        </src>
        <src id="ATLAng">
            <dst id="ATLA-M5">76.3866666666667</dst>
            <dst id="ATLAng">4898.49866666667</dst>
            <dst id="CHINng">2424.77066666667</dst>
            <dst id="DNVRng">2972.944</dst>
            <dst id="HSTNng">370.666666666667</dst>
            <dst id="IPLSng">28976.5466666667</dst>
            <dst id="KSCYng">438.92</dst>
            <dst id="LOSAng">5753.24</dst>
            <dst id="NYCMng">6170.64</dst>
            <dst id="SNVAng">43.3386666666667</dst>
            <dst id="STTLng">10841.1493333333</dst>
            <dst id="WASHng">44410.16</dst>
        </src>
        <src id="CHINng">
            <dst id="ATLA-M5">0</dst>
            <dst id="ATLAng">5730.92</dst>
            <dst id="CHINng">52435.7253333333</dst>
            <dst id="DNVRng">6943.99466666667</dst>
            <dst id="HSTNng">5618.21333333333</dst>
            <dst id="IPLSng">100844.010666667</dst>
            <dst id="KSCYng">3914.14933333333</dst>
            <dst id="LOSAng">35387.072</dst>
            <dst id="NYCMng">7011.616</dst>
            <dst id="SNVAng">312.648</dst>
            <dst id="STTLng">5415.208</dst>
            <dst id="WASHng">13194.36</dst>
        </src>
        <src id="DNVRng">
            <dst id="ATLA-M5">295.738666666667</dst>
            <dst id="ATLAng">2233.18666666667</dst>
            <dst id="CHINng">69720.2613333334</dst>
            <dst id="DNVRng">13038.7146666667</dst>
            <dst id="HSTNng">18830.0853333333</dst>
            <dst id="IPLSng">41874.4426666667</dst>
            <dst id="KSCYng">28224.6586666667</dst>
            <dst id="LOSAng">23649.3653333333</dst>
            <dst id="NYCMng">24451.848</dst>
            <dst id="SNVAng">15567.0106666667</dst>
            <dst id="STTLng">10954.8026666667</dst>
            <dst id="WASHng">32376.368</dst>
        </src>
        <src id="HSTNng">
            <dst id="ATLA-M5">131.296</dst>
            <dst id="ATLAng">1395.41333333333</dst>
            <dst id="CHINng">12620.52</dst>
            <dst id="DNVRng">651.104</dst>
            <dst id="HSTNng">14459.9066666667</dst>
            <dst id="IPLSng">4380.87466666667</dst>
            <dst id="KSCYng">476.192</dst>
            <dst id="LOSAng">4048.768</dst>
            <dst id="NYCMng">5295.63466666667</dst>
            <dst id="SNVAng">0</dst>
            <dst id="STTLng">2256.53066666667</dst>
            <dst id="WASHng">1111.53066666667</dst>
        </src>
        <src id="IPLSng">
            <dst id="ATLA-M5">35.7333333333333</dst>
            <dst id="ATLAng">12321.3866666667</dst>
            <dst id="CHINng">65445.528</dst>
            <dst id="DNVRng">10866.5066666667</dst>
            <dst id="HSTNng">2877.98666666667</dst>
            <dst id="IPLSng">10393.0026666667</dst>
            <dst id="KSCYng">4207.13866666666</dst>
            <dst id="LOSAng">10078.512</dst>
            <dst id="NYCMng">20807.7573333333</dst>
            <dst id="SNVAng">361.506666666667</dst>
            <dst id="STTLng">13282.2986666667</dst>
            <dst id="WASHng">10379.3893333333</dst>
        </src>
        <src id="KSCYng">
            <dst id="ATLA-M5">0</dst>
            <dst id="ATLAng">899.738666666667</dst>
            <dst id="CHINng">16176.6133333333</dst>
            <dst id="DNVRng">14757.4533333333</dst>
            <dst id="HSTNng">2887.144</dst>
            <dst id="IPLSng">13047.32</dst>
            <dst id="KSCYng">9047.62933333333</dst>
            <dst id="LOSAng">6520.14933333333</dst>
            <dst id="NYCMng">3674.04533333333</dst>
            <dst id="SNVAng">2018.72266666667</dst>
            <dst id="STTLng">9381.39466666667</dst>
            <dst id="WASHng">5111.72533333333</dst>
        </src>
        <src id="LOSAng">
            <dst id="ATLA-M5">449.509333333333</dst>
            <dst id="ATLAng">6665.95733333333</dst>
            <dst id="CHINng">116320.194666667</dst>
            <dst id="DNVRng">6511.144</dst>
            <dst id="HSTNng">1398.176</dst>
            <dst id="IPLSng">10708.9386666667</dst>
            <dst id="KSCYng">3167.71733333333</dst>
            <dst id="LOSAng">18510.872</dst>
            <dst id="NYCMng">32328.2826666667</dst>
            <dst id="SNVAng">16814.7733333333</dst>
            <dst id="STTLng">35912.224</dst>
            <dst id="WASHng">13483.9546666667</dst>
        </src>
        <src id="NYCMng">
            <dst id="ATLA-M5">125.776</dst>
            <dst id="ATLAng">14293.0346666667</dst>
            <dst id="CHINng">10439.776</dst>
            <dst id="DNVRng">27980.1893333333</dst>
            <dst id="HSTNng">4564.49866666667</dst>
            <dst id="IPLSng">12436.28</dst>
            <dst id="KSCYng">5843.93866666667</dst>
            <dst id="LOSAng">81861.8533333333</dst>
            <dst id="NYCMng">90398.5093333333</dst>
            <dst id="SNVAng">803.781333333333</dst>
            <dst id="STTLng">25308.0426666667</dst>
            <dst id="WASHng">35990.9573333333</dst>
        </src>
        <src id="SNVAng">
            <dst id="ATLA-M5">0</dst>
            <dst id="ATLAng">26.6666666666667</dst>
            <dst id="CHINng">0</dst>
            <dst id="DNVRng">3910.83733333333</dst>
            <dst id="HSTNng">40.064</dst>
            <dst id="IPLSng">254.453333333333</dst>
            <dst id="KSCYng">26.6666666666667</dst>
            <dst id="LOSAng">33030.064</dst>
            <dst id="NYCMng">373.098666666667</dst>
            <dst id="SNVAng">5839.37333333333</dst>
            <dst id="STTLng">25050.0533333333</dst>
            <dst id="WASHng">26.6666666666667</dst>
        </src>
        <src id="STTLng">
            <dst id="ATLA-M5">26.6666666666667</dst>
            <dst id="ATLAng">6975.62666666667</dst>
            <dst id="CHINng">19299.96</dst>
            <dst id="DNVRng">5273.02133333333</dst>
            <dst id="HSTNng">802.896</dst>
            <dst id="IPLSng">5562.192</dst>
            <dst id="KSCYng">796.757333333333</dst>
            <dst id="LOSAng">18058.0213333333</dst>
            <dst id="NYCMng">13019.672</dst>
            <dst id="SNVAng">5846.392</dst>
            <dst id="STTLng">6234.30933333333</dst>
            <dst id="WASHng">4782.47466666667</dst>
        </src>
        <src id="WASHng">
            <dst id="ATLA-M5">99.1226666666667</dst>
            <dst id="ATLAng">74835.096</dst>
            <dst id="CHINng">54560.9146666667</dst>
            <dst id="DNVRng">41879.3146666667</dst>
            <dst id="HSTNng">8916.78133333333</dst>
            <dst id="IPLSng">45630.4933333333</dst>
            <dst id="KSCYng">7068.60266666667</dst>
            <dst id="LOSAng">77190.8293333333</dst>
            <dst id="NYCMng">130999.952</dst>
            <dst id="SNVAng">4525.528</dst>
            <dst id="STTLng">35152.3626666667</dst>
            <dst id="WASHng">286929.92</dst>
        </src>
    </IntraTM>
</TrafficMatrixFile>
