<?xml version="1.0" encoding="ISO-8859-1" standalone="yes"?>
<TrafficMatrixFile xsi:noNamespaceSchemaLocation="http://totem.run.montefiore.ulg.ac.be/Schema/TrafficMatrix-v1_2.xsd" xmlns:xsi="http://www.w3.org/2001/XMLSchema-instance">
    <IntraTM ASID="11537">
        <src id="ATLA-M5">
            <dst id="ATLA-M5">617.328</dst>
            <dst id="ATLAng">53.3333333333333</dst>
            <dst id="CHINng">85.408</dst>
            <dst id="DNVRng">0</dst>
            <dst id="HSTNng">91.1146666666667</dst>
            <dst id="IPLSng">2618.72</dst>
            <dst id="KSCYng">0</dst>
            <dst id="LOSAng">238.957333333333</dst>
            <dst id="NYCMng">53.3333333333333</dst>
            <dst id="SNVAng">13.3333333333333</dst>
            <dst id="STTLng">26.6666666666667</dst>
            <dst id="WASHng">1536.85866666667</dst>
        </src>
        <src id="ATLAng">
            <dst id="ATLA-M5">184.525333333333</dst>
            <dst id="ATLAng">5736.528</dst>
            <dst id="CHINng">2992.936</dst>
            <dst id="DNVRng">3056.584</dst>
            <dst id="HSTNng">3134.62133333333</dst>
            <dst id="IPLSng">29557.8293333333</dst>
            <dst id="KSCYng">252.181333333333</dst>
            <dst id="LOSAng">6796.99466666667</dst>
            <dst id="NYCMng">7168.85066666667</dst>
            <dst id="SNVAng">13.3333333333333</dst>
            <dst id="STTLng">10494.296</dst>
            <dst id="WASHng">44224.104</dst>
        </src>
        <src id="CHINng">
            <dst id="ATLA-M5">82.5413333333333</dst>
            <dst id="ATLAng">5372.89866666667</dst>
            <dst id="CHINng">51560.5866666667</dst>
            <dst id="DNVRng">7703.704</dst>
            <dst id="HSTNng">4678.28266666667</dst>
            <dst id="IPLSng">115585.741333333</dst>
            <dst id="KSCYng">3878.33066666667</dst>
            <dst id="LOSAng">31957.4693333333</dst>
            <dst id="NYCMng">8432.18666666667</dst>
            <dst id="SNVAng">274.973333333333</dst>
            <dst id="STTLng">5346.42933333333</dst>
            <dst id="WASHng">12646.3733333333</dst>
        </src>
        <src id="DNVRng">
            <dst id="ATLA-M5">176.874666666667</dst>
            <dst id="ATLAng">2460.312</dst>
            <dst id="CHINng">68628.768</dst>
            <dst id="DNVRng">13624.128</dst>
            <dst id="HSTNng">17859.504</dst>
            <dst id="IPLSng">40523.536</dst>
            <dst id="KSCYng">31104.3253333333</dst>
            <dst id="LOSAng">27890.248</dst>
            <dst id="NYCMng">19819.9386666667</dst>
            <dst id="SNVAng">17458.3653333333</dst>
            <dst id="STTLng">12400.9386666667</dst>
            <dst id="WASHng">33223.2266666667</dst>
        </src>
        <src id="HSTNng">
            <dst id="ATLA-M5">2813.48</dst>
            <dst id="ATLAng">1692.6</dst>
            <dst id="CHINng">13632.2853333333</dst>
            <dst id="DNVRng">857.954666666667</dst>
            <dst id="HSTNng">17547.7813333333</dst>
            <dst id="IPLSng">3374.072</dst>
            <dst id="KSCYng">560.584</dst>
            <dst id="LOSAng">3811.32</dst>
            <dst id="NYCMng">4896.37866666667</dst>
            <dst id="SNVAng">0</dst>
            <dst id="STTLng">2963.776</dst>
            <dst id="WASHng">974.533333333334</dst>
        </src>
        <src id="IPLSng">
            <dst id="ATLA-M5">38.4</dst>
            <dst id="ATLAng">10966.144</dst>
            <dst id="CHINng">63586.6666666667</dst>
            <dst id="DNVRng">11098.5333333333</dst>
            <dst id="HSTNng">2515.58133333333</dst>
            <dst id="IPLSng">7178.488</dst>
            <dst id="KSCYng">3986.02133333333</dst>
            <dst id="LOSAng">14242.8826666667</dst>
            <dst id="NYCMng">18115.9626666667</dst>
            <dst id="SNVAng">349.938666666667</dst>
            <dst id="STTLng">36607.6853333333</dst>
            <dst id="WASHng">10722.0906666667</dst>
        </src>
        <src id="KSCYng">
            <dst id="ATLA-M5">0</dst>
            <dst id="ATLAng">930.384</dst>
            <dst id="CHINng">16143.0373333333</dst>
            <dst id="DNVRng">13993.048</dst>
            <dst id="HSTNng">3099.12533333333</dst>
            <dst id="IPLSng">12517.3546666667</dst>
            <dst id="KSCYng">14291.2506666667</dst>
            <dst id="LOSAng">6443.112</dst>
            <dst id="NYCMng">3261.72266666667</dst>
            <dst id="SNVAng">2102.792</dst>
            <dst id="STTLng">9065.90933333333</dst>
            <dst id="WASHng">5437.184</dst>
        </src>
        <src id="LOSAng">
            <dst id="ATLA-M5">525.464</dst>
            <dst id="ATLAng">7079.10133333333</dst>
            <dst id="CHINng">124271.872</dst>
            <dst id="DNVRng">5997.05866666667</dst>
            <dst id="HSTNng">2058.76266666667</dst>
            <dst id="IPLSng">23398.7466666667</dst>
            <dst id="KSCYng">3340.59466666667</dst>
            <dst id="LOSAng">17166.5653333333</dst>
            <dst id="NYCMng">34334.144</dst>
            <dst id="SNVAng">9812.824</dst>
            <dst id="STTLng">35276.2053333333</dst>
            <dst id="WASHng">12780.8133333333</dst>
        </src>
        <src id="NYCMng">
            <dst id="ATLA-M5">84.16</dst>
            <dst id="ATLAng">13783.2826666667</dst>
            <dst id="CHINng">9095.38133333333</dst>
            <dst id="DNVRng">24642.3173333333</dst>
            <dst id="HSTNng">3642.928</dst>
            <dst id="IPLSng">12455.528</dst>
            <dst id="KSCYng">5477.45866666667</dst>
            <dst id="LOSAng">77731.2533333334</dst>
            <dst id="NYCMng">93647.5173333334</dst>
            <dst id="SNVAng">1070.64533333333</dst>
            <dst id="STTLng">20571.1573333333</dst>
            <dst id="WASHng">33725.3973333333</dst>
        </src>
        <src id="SNVAng">
            <dst id="ATLA-M5">0</dst>
            <dst id="ATLAng">26.6666666666667</dst>
            <dst id="CHINng">53.3333333333333</dst>
            <dst id="DNVRng">3895.088</dst>
            <dst id="HSTNng">34.592</dst>
            <dst id="IPLSng">238.221333333333</dst>
            <dst id="KSCYng">0</dst>
            <dst id="LOSAng">31980.2186666667</dst>
            <dst id="NYCMng">8711.06133333333</dst>
            <dst id="SNVAng">6198.15733333333</dst>
            <dst id="STTLng">25091.1226666667</dst>
            <dst id="WASHng">0</dst>
        </src>
        <src id="STTLng">
            <dst id="ATLA-M5">0</dst>
            <dst id="ATLAng">6764.08</dst>
            <dst id="CHINng">20772.3893333333</dst>
            <dst id="DNVRng">13198.12</dst>
            <dst id="HSTNng">836.674666666666</dst>
            <dst id="IPLSng">5625.45333333333</dst>
            <dst id="KSCYng">812.882666666667</dst>
            <dst id="LOSAng">18483.128</dst>
            <dst id="NYCMng">11998.9093333333</dst>
            <dst id="SNVAng">5461.736</dst>
            <dst id="STTLng">7061.4</dst>
            <dst id="WASHng">4666.976</dst>
        </src>
        <src id="WASHng">
            <dst id="ATLA-M5">110.805333333333</dst>
            <dst id="ATLAng">96383.4586666667</dst>
            <dst id="CHINng">40676.344</dst>
            <dst id="DNVRng">47365.8986666667</dst>
            <dst id="HSTNng">9555.448</dst>
            <dst id="IPLSng">50837.7093333333</dst>
            <dst id="KSCYng">10075.3653333333</dst>
            <dst id="LOSAng">77670.0053333333</dst>
            <dst id="NYCMng">115666.797333333</dst>
            <dst id="SNVAng">4001.66666666667</dst>
            <dst id="STTLng">24140.7866666667</dst>
            <dst id="WASHng">290949.866666667</dst>
        </src>
    </IntraTM>
</TrafficMatrixFile>
