<?xml version="1.0" encoding="ISO-8859-1" standalone="yes"?>
<TrafficMatrixFile xsi:noNamespaceSchemaLocation="http://totem.run.montefiore.ulg.ac.be/Schema/TrafficMatrix-v1_2.xsd" xmlns:xsi="http://www.w3.org/2001/XMLSchema-instance">
    <IntraTM ASID="11537">
        <src id="ATLA-M5">
            <dst id="ATLA-M5">0</dst>
            <dst id="ATLAng">26.6666666666667</dst>
            <dst id="CHINng">59.912</dst>
            <dst id="DNVRng">0</dst>
            <dst id="HSTNng">210.296</dst>
            <dst id="IPLSng">26.6666666666667</dst>
            <dst id="KSCYng">26.6666666666667</dst>
            <dst id="LOSAng">795.386666666667</dst>
            <dst id="NYCMng">53.3333333333333</dst>
            <dst id="SNVAng">27.904</dst>
            <dst id="STTLng">53.3333333333333</dst>
            <dst id="WASHng">70.6666666666667</dst>
        </src>
        <src id="ATLAng">
            <dst id="ATLA-M5">350.682666666667</dst>
            <dst id="ATLAng">9120.88266666667</dst>
            <dst id="CHINng">5430.96533333333</dst>
            <dst id="DNVRng">1612.712</dst>
            <dst id="HSTNng">2297.376</dst>
            <dst id="IPLSng">19890.3573333333</dst>
            <dst id="KSCYng">668.154666666667</dst>
            <dst id="LOSAng">7108.77333333333</dst>
            <dst id="NYCMng">6989.712</dst>
            <dst id="SNVAng">407.976</dst>
            <dst id="STTLng">9422.30666666667</dst>
            <dst id="WASHng">20084.3466666667</dst>
        </src>
        <src id="CHINng">
            <dst id="ATLA-M5">106.666666666667</dst>
            <dst id="ATLAng">36398.4773333333</dst>
            <dst id="CHINng">48914.6506666667</dst>
            <dst id="DNVRng">15647.344</dst>
            <dst id="HSTNng">5714.216</dst>
            <dst id="IPLSng">27091.7173333333</dst>
            <dst id="KSCYng">4428.94933333333</dst>
            <dst id="LOSAng">50772.7626666667</dst>
            <dst id="NYCMng">15721.2906666667</dst>
            <dst id="SNVAng">5168.584</dst>
            <dst id="STTLng">10401.84</dst>
            <dst id="WASHng">30204.5706666667</dst>
        </src>
        <src id="DNVRng">
            <dst id="ATLA-M5">355.149333333333</dst>
            <dst id="ATLAng">4411.35466666667</dst>
            <dst id="CHINng">48894.4266666667</dst>
            <dst id="DNVRng">11694.0026666667</dst>
            <dst id="HSTNng">17520.5573333333</dst>
            <dst id="IPLSng">52339.3786666667</dst>
            <dst id="KSCYng">23666.9733333333</dst>
            <dst id="LOSAng">19971.0213333333</dst>
            <dst id="NYCMng">13411.1066666667</dst>
            <dst id="SNVAng">14649.6906666667</dst>
            <dst id="STTLng">39886.776</dst>
            <dst id="WASHng">36261.6506666667</dst>
        </src>
        <src id="HSTNng">
            <dst id="ATLA-M5">3294.49333333333</dst>
            <dst id="ATLAng">15743.616</dst>
            <dst id="CHINng">11126.4666666667</dst>
            <dst id="DNVRng">1146.88533333333</dst>
            <dst id="HSTNng">13309.376</dst>
            <dst id="IPLSng">6695.728</dst>
            <dst id="KSCYng">1308.16266666667</dst>
            <dst id="LOSAng">11835.68</dst>
            <dst id="NYCMng">3448.84533333333</dst>
            <dst id="SNVAng">216.266666666667</dst>
            <dst id="STTLng">1416.17066666667</dst>
            <dst id="WASHng">5978.86666666667</dst>
        </src>
        <src id="IPLSng">
            <dst id="ATLA-M5">26.6666666666667</dst>
            <dst id="ATLAng">27210.4266666667</dst>
            <dst id="CHINng">64722.3466666667</dst>
            <dst id="DNVRng">6451.88</dst>
            <dst id="HSTNng">1014.272</dst>
            <dst id="IPLSng">30733.856</dst>
            <dst id="KSCYng">3232.408</dst>
            <dst id="LOSAng">26323.8293333333</dst>
            <dst id="NYCMng">30508.6586666667</dst>
            <dst id="SNVAng">409.506666666667</dst>
            <dst id="STTLng">10806.6186666667</dst>
            <dst id="WASHng">10679.448</dst>
        </src>
        <src id="KSCYng">
            <dst id="ATLA-M5">348.821333333333</dst>
            <dst id="ATLAng">1968.92533333333</dst>
            <dst id="CHINng">13457.1013333333</dst>
            <dst id="DNVRng">10225.0773333333</dst>
            <dst id="HSTNng">11766.824</dst>
            <dst id="IPLSng">14743.2186666667</dst>
            <dst id="KSCYng">5648.89866666667</dst>
            <dst id="LOSAng">6863.57066666667</dst>
            <dst id="NYCMng">4533.352</dst>
            <dst id="SNVAng">2499.76266666667</dst>
            <dst id="STTLng">7244.40533333333</dst>
            <dst id="WASHng">13601.3626666667</dst>
        </src>
        <src id="LOSAng">
            <dst id="ATLA-M5">390.122666666667</dst>
            <dst id="ATLAng">21867.552</dst>
            <dst id="CHINng">73004.8026666667</dst>
            <dst id="DNVRng">44834.6746666667</dst>
            <dst id="HSTNng">5902.592</dst>
            <dst id="IPLSng">18580.6853333333</dst>
            <dst id="KSCYng">4453.60266666667</dst>
            <dst id="LOSAng">21858.432</dst>
            <dst id="NYCMng">33144.336</dst>
            <dst id="SNVAng">12828.096</dst>
            <dst id="STTLng">24600.3493333333</dst>
            <dst id="WASHng">23389.28</dst>
        </src>
        <src id="NYCMng">
            <dst id="ATLA-M5">272.410666666667</dst>
            <dst id="ATLAng">19572.7866666667</dst>
            <dst id="CHINng">16416.7013333333</dst>
            <dst id="DNVRng">37301.768</dst>
            <dst id="HSTNng">5444.47466666667</dst>
            <dst id="IPLSng">21968.984</dst>
            <dst id="KSCYng">13346.9893333333</dst>
            <dst id="LOSAng">85820.7413333333</dst>
            <dst id="NYCMng">95116.2746666667</dst>
            <dst id="SNVAng">2918.22933333333</dst>
            <dst id="STTLng">36237.2986666667</dst>
            <dst id="WASHng">49241.8986666667</dst>
        </src>
        <src id="SNVAng">
            <dst id="ATLA-M5">0</dst>
            <dst id="ATLAng">34.8186666666667</dst>
            <dst id="CHINng">26.6666666666667</dst>
            <dst id="DNVRng">11469.7946666667</dst>
            <dst id="HSTNng">93.9546666666667</dst>
            <dst id="IPLSng">294.373333333333</dst>
            <dst id="KSCYng">53.3333333333333</dst>
            <dst id="LOSAng">36357.6586666667</dst>
            <dst id="NYCMng">502.986666666667</dst>
            <dst id="SNVAng">7221.69333333333</dst>
            <dst id="STTLng">34653.744</dst>
            <dst id="WASHng">66.7653333333333</dst>
        </src>
        <src id="STTLng">
            <dst id="ATLA-M5">0</dst>
            <dst id="ATLAng">9358.16533333333</dst>
            <dst id="CHINng">16679.872</dst>
            <dst id="DNVRng">4801.328</dst>
            <dst id="HSTNng">7803.19733333333</dst>
            <dst id="IPLSng">7979.61066666667</dst>
            <dst id="KSCYng">2027.89066666667</dst>
            <dst id="LOSAng">20392.7973333333</dst>
            <dst id="NYCMng">9992.66666666667</dst>
            <dst id="SNVAng">5201.18933333333</dst>
            <dst id="STTLng">4215.472</dst>
            <dst id="WASHng">14432.9973333333</dst>
        </src>
        <src id="WASHng">
            <dst id="ATLA-M5">164.752</dst>
            <dst id="ATLAng">110667.506666667</dst>
            <dst id="CHINng">46788.832</dst>
            <dst id="DNVRng">95548.1653333333</dst>
            <dst id="HSTNng">21885.7946666667</dst>
            <dst id="IPLSng">53782.28</dst>
            <dst id="KSCYng">10705.168</dst>
            <dst id="LOSAng">94725.1226666667</dst>
            <dst id="NYCMng">118367.037333333</dst>
            <dst id="SNVAng">15626.8613333333</dst>
            <dst id="STTLng">49077.6773333333</dst>
            <dst id="WASHng">210232.408</dst>
        </src>
    </IntraTM>
</TrafficMatrixFile>
