<?xml version="1.0" encoding="ISO-8859-1" standalone="yes"?>
<TrafficMatrixFile xsi:noNamespaceSchemaLocation="http://totem.run.montefiore.ulg.ac.be/Schema/TrafficMatrix-v1_2.xsd" xmlns:xsi="http://www.w3.org/2001/XMLSchema-instance">
    <IntraTM ASID="11537">
        <src id="ATLA-M5">
            <dst id="ATLA-M5">0</dst>
            <dst id="ATLAng">3182.89333333333</dst>
            <dst id="CHINng">188.12</dst>
            <dst id="DNVRng">35.936</dst>
            <dst id="HSTNng">53.3333333333333</dst>
            <dst id="IPLSng">0</dst>
            <dst id="KSCYng">26.6666666666667</dst>
            <dst id="LOSAng">579.568</dst>
            <dst id="NYCMng">0</dst>
            <dst id="SNVAng">0</dst>
            <dst id="STTLng">1239.2</dst>
            <dst id="WASHng">248.992</dst>
        </src>
        <src id="ATLAng">
            <dst id="ATLA-M5">353.944</dst>
            <dst id="ATLAng">34778.688</dst>
            <dst id="CHINng">6091.37333333333</dst>
            <dst id="DNVRng">2187.776</dst>
            <dst id="HSTNng">3264.83466666667</dst>
            <dst id="IPLSng">21875.4533333333</dst>
            <dst id="KSCYng">1236.26933333333</dst>
            <dst id="LOSAng">9225.86933333333</dst>
            <dst id="NYCMng">5105.928</dst>
            <dst id="SNVAng">214.517333333333</dst>
            <dst id="STTLng">10310.072</dst>
            <dst id="WASHng">23353.744</dst>
        </src>
        <src id="CHINng">
            <dst id="ATLA-M5">96.224</dst>
            <dst id="ATLAng">13935.0346666667</dst>
            <dst id="CHINng">43355.5706666667</dst>
            <dst id="DNVRng">17986.7093333333</dst>
            <dst id="HSTNng">5644.37866666667</dst>
            <dst id="IPLSng">31710.3173333333</dst>
            <dst id="KSCYng">9249.78666666667</dst>
            <dst id="LOSAng">43567.992</dst>
            <dst id="NYCMng">11447.304</dst>
            <dst id="SNVAng">2180.35466666667</dst>
            <dst id="STTLng">8904.576</dst>
            <dst id="WASHng">42798.2106666667</dst>
        </src>
        <src id="DNVRng">
            <dst id="ATLA-M5">569.002666666667</dst>
            <dst id="ATLAng">3856.54133333333</dst>
            <dst id="CHINng">49142.576</dst>
            <dst id="DNVRng">11860.536</dst>
            <dst id="HSTNng">17938.5706666667</dst>
            <dst id="IPLSng">34836.6986666667</dst>
            <dst id="KSCYng">35657.52</dst>
            <dst id="LOSAng">20501.736</dst>
            <dst id="NYCMng">15761.616</dst>
            <dst id="SNVAng">13591.1653333333</dst>
            <dst id="STTLng">22570.4853333333</dst>
            <dst id="WASHng">38706.824</dst>
        </src>
        <src id="HSTNng">
            <dst id="ATLA-M5">137.770666666667</dst>
            <dst id="ATLAng">7053.47733333333</dst>
            <dst id="CHINng">6038.89066666666</dst>
            <dst id="DNVRng">1604.688</dst>
            <dst id="HSTNng">13848.4026666667</dst>
            <dst id="IPLSng">2824.29066666667</dst>
            <dst id="KSCYng">1082.456</dst>
            <dst id="LOSAng">7521.69866666667</dst>
            <dst id="NYCMng">2988.936</dst>
            <dst id="SNVAng">0</dst>
            <dst id="STTLng">4636.98133333333</dst>
            <dst id="WASHng">4322.26933333333</dst>
        </src>
        <src id="IPLSng">
            <dst id="ATLA-M5">26.6666666666667</dst>
            <dst id="ATLAng">20787.2453333333</dst>
            <dst id="CHINng">62947.9333333333</dst>
            <dst id="DNVRng">9598.096</dst>
            <dst id="HSTNng">1021.648</dst>
            <dst id="IPLSng">17582.0426666667</dst>
            <dst id="KSCYng">11644.488</dst>
            <dst id="LOSAng">24061.1786666667</dst>
            <dst id="NYCMng">29692.208</dst>
            <dst id="SNVAng">780.256</dst>
            <dst id="STTLng">11589.8586666667</dst>
            <dst id="WASHng">16143.1093333333</dst>
        </src>
        <src id="KSCYng">
            <dst id="ATLA-M5">572.864</dst>
            <dst id="ATLAng">2020.53333333333</dst>
            <dst id="CHINng">9431.672</dst>
            <dst id="DNVRng">9282.016</dst>
            <dst id="HSTNng">12310.6853333333</dst>
            <dst id="IPLSng">13472.5013333333</dst>
            <dst id="KSCYng">8933.23466666667</dst>
            <dst id="LOSAng">7990.72266666667</dst>
            <dst id="NYCMng">4274.608</dst>
            <dst id="SNVAng">2944.312</dst>
            <dst id="STTLng">5789.58666666667</dst>
            <dst id="WASHng">10578.5306666667</dst>
        </src>
        <src id="LOSAng">
            <dst id="ATLA-M5">367.424</dst>
            <dst id="ATLAng">16894.9866666667</dst>
            <dst id="CHINng">63406.176</dst>
            <dst id="DNVRng">34853.0213333333</dst>
            <dst id="HSTNng">18900.5813333333</dst>
            <dst id="IPLSng">19276.4186666667</dst>
            <dst id="KSCYng">3118.296</dst>
            <dst id="LOSAng">23265.952</dst>
            <dst id="NYCMng">37835.736</dst>
            <dst id="SNVAng">14284.2906666667</dst>
            <dst id="STTLng">24047.7786666667</dst>
            <dst id="WASHng">34351.712</dst>
        </src>
        <src id="NYCMng">
            <dst id="ATLA-M5">223.2</dst>
            <dst id="ATLAng">17612.2213333333</dst>
            <dst id="CHINng">21418.176</dst>
            <dst id="DNVRng">28587.7013333333</dst>
            <dst id="HSTNng">9627.52</dst>
            <dst id="IPLSng">26496.808</dst>
            <dst id="KSCYng">19638.856</dst>
            <dst id="LOSAng">79554.72</dst>
            <dst id="NYCMng">64970.9786666666</dst>
            <dst id="SNVAng">2606.74933333333</dst>
            <dst id="STTLng">21706.8213333333</dst>
            <dst id="WASHng">54802.1973333333</dst>
        </src>
        <src id="SNVAng">
            <dst id="ATLA-M5">0</dst>
            <dst id="ATLAng">432.496</dst>
            <dst id="CHINng">58.6666666666667</dst>
            <dst id="DNVRng">1095.53066666667</dst>
            <dst id="HSTNng">80.7226666666667</dst>
            <dst id="IPLSng">8528.09066666667</dst>
            <dst id="KSCYng">53.3333333333333</dst>
            <dst id="LOSAng">31949.1253333333</dst>
            <dst id="NYCMng">357.941333333333</dst>
            <dst id="SNVAng">5397.01066666667</dst>
            <dst id="STTLng">29198.1706666667</dst>
            <dst id="WASHng">26.6666666666667</dst>
        </src>
        <src id="STTLng">
            <dst id="ATLA-M5">180.757333333333</dst>
            <dst id="ATLAng">10959.64</dst>
            <dst id="CHINng">17845.232</dst>
            <dst id="DNVRng">3314.66133333333</dst>
            <dst id="HSTNng">7466.056</dst>
            <dst id="IPLSng">9946.46666666667</dst>
            <dst id="KSCYng">2997.40266666667</dst>
            <dst id="LOSAng">16012.288</dst>
            <dst id="NYCMng">10617.808</dst>
            <dst id="SNVAng">10761.4826666667</dst>
            <dst id="STTLng">4191.728</dst>
            <dst id="WASHng">11603.896</dst>
        </src>
        <src id="WASHng">
            <dst id="ATLA-M5">295.202666666667</dst>
            <dst id="ATLAng">73794.9813333333</dst>
            <dst id="CHINng">48988.3013333333</dst>
            <dst id="DNVRng">78939.5946666667</dst>
            <dst id="HSTNng">10604.5226666667</dst>
            <dst id="IPLSng">57273.5173333333</dst>
            <dst id="KSCYng">7487.65333333333</dst>
            <dst id="LOSAng">74014.6293333333</dst>
            <dst id="NYCMng">157735.141333333</dst>
            <dst id="SNVAng">5052.14666666667</dst>
            <dst id="STTLng">38491.464</dst>
            <dst id="WASHng">191753.248</dst>
        </src>
    </IntraTM>
</TrafficMatrixFile>
