<?xml version="1.0" encoding="ISO-8859-1" standalone="yes"?>
<TrafficMatrixFile xsi:noNamespaceSchemaLocation="http://totem.run.montefiore.ulg.ac.be/Schema/TrafficMatrix-v1_2.xsd" xmlns:xsi="http://www.w3.org/2001/XMLSchema-instance">
    <IntraTM ASID="11537">
        <src id="ATLA-M5">
            <dst id="ATLA-M5">256.12</dst>
            <dst id="ATLAng">430.394666666667</dst>
            <dst id="CHINng">124.426666666667</dst>
            <dst id="DNVRng">0</dst>
            <dst id="HSTNng">101.034666666667</dst>
            <dst id="IPLSng">333.578666666667</dst>
            <dst id="KSCYng">722.245333333333</dst>
            <dst id="LOSAng">529.354666666667</dst>
            <dst id="NYCMng">53.3333333333333</dst>
            <dst id="SNVAng">0</dst>
            <dst id="STTLng">96.608</dst>
            <dst id="WASHng">2207.45066666667</dst>
        </src>
        <src id="ATLAng">
            <dst id="ATLA-M5">515.744</dst>
            <dst id="ATLAng">18520.808</dst>
            <dst id="CHINng">7848.056</dst>
            <dst id="DNVRng">3460.71733333333</dst>
            <dst id="HSTNng">15738.1893333333</dst>
            <dst id="IPLSng">34483.576</dst>
            <dst id="KSCYng">2476.37066666667</dst>
            <dst id="LOSAng">23831.784</dst>
            <dst id="NYCMng">6746.54933333333</dst>
            <dst id="SNVAng">1064.82133333333</dst>
            <dst id="STTLng">9708.208</dst>
            <dst id="WASHng">43845.6986666667</dst>
        </src>
        <src id="CHINng">
            <dst id="ATLA-M5">609.498666666667</dst>
            <dst id="ATLAng">27508.176</dst>
            <dst id="CHINng">70147.344</dst>
            <dst id="DNVRng">4773.464</dst>
            <dst id="HSTNng">7078.06133333333</dst>
            <dst id="IPLSng">24714.912</dst>
            <dst id="KSCYng">9137.064</dst>
            <dst id="LOSAng">35371.208</dst>
            <dst id="NYCMng">10759.848</dst>
            <dst id="SNVAng">2520.73066666667</dst>
            <dst id="STTLng">4106.37866666667</dst>
            <dst id="WASHng">49431.8933333333</dst>
        </src>
        <src id="DNVRng">
            <dst id="ATLA-M5">154.794666666667</dst>
            <dst id="ATLAng">11533.28</dst>
            <dst id="CHINng">74795.336</dst>
            <dst id="DNVRng">12034.176</dst>
            <dst id="HSTNng">20944.0293333333</dst>
            <dst id="IPLSng">40011.08</dst>
            <dst id="KSCYng">26502.7786666667</dst>
            <dst id="LOSAng">12564.896</dst>
            <dst id="NYCMng">23109.3866666667</dst>
            <dst id="SNVAng">17073.0533333333</dst>
            <dst id="STTLng">16226.136</dst>
            <dst id="WASHng">47060.928</dst>
        </src>
        <src id="HSTNng">
            <dst id="ATLA-M5">407.072</dst>
            <dst id="ATLAng">5638.544</dst>
            <dst id="CHINng">19549.2693333333</dst>
            <dst id="DNVRng">2299.848</dst>
            <dst id="HSTNng">18901.6773333333</dst>
            <dst id="IPLSng">3323.824</dst>
            <dst id="KSCYng">1313.89866666667</dst>
            <dst id="LOSAng">22717.1786666667</dst>
            <dst id="NYCMng">4000.01333333333</dst>
            <dst id="SNVAng">137.517333333333</dst>
            <dst id="STTLng">381.293333333333</dst>
            <dst id="WASHng">3137.95466666667</dst>
        </src>
        <src id="IPLSng">
            <dst id="ATLA-M5">230.834666666667</dst>
            <dst id="ATLAng">36006.1733333333</dst>
            <dst id="CHINng">68362.7546666667</dst>
            <dst id="DNVRng">6731.46933333333</dst>
            <dst id="HSTNng">1597.34666666667</dst>
            <dst id="IPLSng">17331.224</dst>
            <dst id="KSCYng">10205.032</dst>
            <dst id="LOSAng">12919.1786666667</dst>
            <dst id="NYCMng">41832.5546666667</dst>
            <dst id="SNVAng">2328.05333333333</dst>
            <dst id="STTLng">8889.864</dst>
            <dst id="WASHng">22333.6586666667</dst>
        </src>
        <src id="KSCYng">
            <dst id="ATLA-M5">80.6933333333333</dst>
            <dst id="ATLAng">3546.16266666667</dst>
            <dst id="CHINng">25417.968</dst>
            <dst id="DNVRng">6894.488</dst>
            <dst id="HSTNng">3651.60533333333</dst>
            <dst id="IPLSng">15484.736</dst>
            <dst id="KSCYng">11948.1653333333</dst>
            <dst id="LOSAng">5608.73866666667</dst>
            <dst id="NYCMng">1126.37333333333</dst>
            <dst id="SNVAng">2043.96</dst>
            <dst id="STTLng">3610.608</dst>
            <dst id="WASHng">17787.4293333333</dst>
        </src>
        <src id="LOSAng">
            <dst id="ATLA-M5">674.256</dst>
            <dst id="ATLAng">20280.44</dst>
            <dst id="CHINng">131524.293333333</dst>
            <dst id="DNVRng">24042.4693333333</dst>
            <dst id="HSTNng">10734.184</dst>
            <dst id="IPLSng">21632.9706666667</dst>
            <dst id="KSCYng">10583.5653333333</dst>
            <dst id="LOSAng">15789.136</dst>
            <dst id="NYCMng">36769.256</dst>
            <dst id="SNVAng">14532.9493333333</dst>
            <dst id="STTLng">19328.72</dst>
            <dst id="WASHng">30490.9973333333</dst>
        </src>
        <src id="NYCMng">
            <dst id="ATLA-M5">999.458666666667</dst>
            <dst id="ATLAng">42805.68</dst>
            <dst id="CHINng">23918.5866666667</dst>
            <dst id="DNVRng">27881.0906666667</dst>
            <dst id="HSTNng">11586.936</dst>
            <dst id="IPLSng">27776.824</dst>
            <dst id="KSCYng">19435.6666666667</dst>
            <dst id="LOSAng">86824.5013333333</dst>
            <dst id="NYCMng">144180.621333333</dst>
            <dst id="SNVAng">1297.49066666667</dst>
            <dst id="STTLng">16689.3546666667</dst>
            <dst id="WASHng">62927.84</dst>
        </src>
        <src id="SNVAng">
            <dst id="ATLA-M5">0</dst>
            <dst id="ATLAng">27.7546666666667</dst>
            <dst id="CHINng">455.594666666667</dst>
            <dst id="DNVRng">1734.11466666667</dst>
            <dst id="HSTNng">1059.456</dst>
            <dst id="IPLSng">326.96</dst>
            <dst id="KSCYng">26.6666666666667</dst>
            <dst id="LOSAng">28323.2346666667</dst>
            <dst id="NYCMng">292.501333333333</dst>
            <dst id="SNVAng">6637.49066666667</dst>
            <dst id="STTLng">26706.784</dst>
            <dst id="WASHng">351.208</dst>
        </src>
        <src id="STTLng">
            <dst id="ATLA-M5">153.176</dst>
            <dst id="ATLAng">11722.2373333333</dst>
            <dst id="CHINng">30390.3413333333</dst>
            <dst id="DNVRng">4462.144</dst>
            <dst id="HSTNng">2205.232</dst>
            <dst id="IPLSng">11013.5493333333</dst>
            <dst id="KSCYng">2514.088</dst>
            <dst id="LOSAng">25267.192</dst>
            <dst id="NYCMng">14700.5493333333</dst>
            <dst id="SNVAng">9526.70933333333</dst>
            <dst id="STTLng">6346.6</dst>
            <dst id="WASHng">16517.816</dst>
        </src>
        <src id="WASHng">
            <dst id="ATLA-M5">631.464</dst>
            <dst id="ATLAng">104002.562666667</dst>
            <dst id="CHINng">64987.5706666667</dst>
            <dst id="DNVRng">65813.248</dst>
            <dst id="HSTNng">16928.3493333333</dst>
            <dst id="IPLSng">73810.1146666667</dst>
            <dst id="KSCYng">23074.6693333333</dst>
            <dst id="LOSAng">66899.224</dst>
            <dst id="NYCMng">166478.597333333</dst>
            <dst id="SNVAng">6609.704</dst>
            <dst id="STTLng">29165.4986666667</dst>
            <dst id="WASHng">461897.306666667</dst>
        </src>
    </IntraTM>
</TrafficMatrixFile>
