<?xml version="1.0" encoding="ISO-8859-1" standalone="yes"?>
<TrafficMatrixFile xsi:noNamespaceSchemaLocation="http://totem.run.montefiore.ulg.ac.be/Schema/TrafficMatrix-v1_2.xsd" xmlns:xsi="http://www.w3.org/2001/XMLSchema-instance">
    <IntraTM ASID="11537">
        <src id="ATLA-M5">
            <dst id="ATLA-M5">53.3333333333333</dst>
            <dst id="ATLAng">263.069333333333</dst>
            <dst id="CHINng">202.714666666667</dst>
            <dst id="DNVRng">111.618666666667</dst>
            <dst id="HSTNng">85.3333333333333</dst>
            <dst id="IPLSng">80</dst>
            <dst id="KSCYng">0</dst>
            <dst id="LOSAng">376.682666666667</dst>
            <dst id="NYCMng">328.709333333333</dst>
            <dst id="SNVAng">0</dst>
            <dst id="STTLng">36</dst>
            <dst id="WASHng">221.285333333333</dst>
        </src>
        <src id="ATLAng">
            <dst id="ATLA-M5">280.018666666667</dst>
            <dst id="ATLAng">22537.224</dst>
            <dst id="CHINng">5754.952</dst>
            <dst id="DNVRng">6343.46133333334</dst>
            <dst id="HSTNng">5322.01866666667</dst>
            <dst id="IPLSng">19908.6426666667</dst>
            <dst id="KSCYng">950.034666666667</dst>
            <dst id="LOSAng">7580.308</dst>
            <dst id="NYCMng">3450.104</dst>
            <dst id="SNVAng">292.492</dst>
            <dst id="STTLng">6884.62666666667</dst>
            <dst id="WASHng">33050.952</dst>
        </src>
        <src id="CHINng">
            <dst id="ATLA-M5">173.770666666667</dst>
            <dst id="ATLAng">21978.7013333333</dst>
            <dst id="CHINng">40251.008</dst>
            <dst id="DNVRng">30417.8373333333</dst>
            <dst id="HSTNng">5460.96533333333</dst>
            <dst id="IPLSng">23946.464</dst>
            <dst id="KSCYng">6556.47733333333</dst>
            <dst id="LOSAng">42921.384</dst>
            <dst id="NYCMng">14019.9893333333</dst>
            <dst id="SNVAng">2151.81866666667</dst>
            <dst id="STTLng">5704.22933333333</dst>
            <dst id="WASHng">34701.5146666667</dst>
        </src>
        <src id="DNVRng">
            <dst id="ATLA-M5">193.589333333333</dst>
            <dst id="ATLAng">6730.40533333333</dst>
            <dst id="CHINng">40256.752</dst>
            <dst id="DNVRng">7012.97066666667</dst>
            <dst id="HSTNng">12854.9786666667</dst>
            <dst id="IPLSng">44857.024</dst>
            <dst id="KSCYng">16299.8026666667</dst>
            <dst id="LOSAng">13214.9146666667</dst>
            <dst id="NYCMng">16226.6773333333</dst>
            <dst id="SNVAng">10924.8133333333</dst>
            <dst id="STTLng">19895.3893333333</dst>
            <dst id="WASHng">36616.416</dst>
        </src>
        <src id="HSTNng">
            <dst id="ATLA-M5">1061.10666666667</dst>
            <dst id="ATLAng">10747.7413333333</dst>
            <dst id="CHINng">6424.48</dst>
            <dst id="DNVRng">869.234666666667</dst>
            <dst id="HSTNng">16460.1733333333</dst>
            <dst id="IPLSng">3669.68533333333</dst>
            <dst id="KSCYng">1014.01333333333</dst>
            <dst id="LOSAng">4955.37866666667</dst>
            <dst id="NYCMng">3812.2</dst>
            <dst id="SNVAng">338.552</dst>
            <dst id="STTLng">1034.21066666667</dst>
            <dst id="WASHng">21273.8</dst>
        </src>
        <src id="IPLSng">
            <dst id="ATLA-M5">26.6666666666667</dst>
            <dst id="ATLAng">27654.312</dst>
            <dst id="CHINng">71296.7066666667</dst>
            <dst id="DNVRng">21742.5946666667</dst>
            <dst id="HSTNng">1724.64</dst>
            <dst id="IPLSng">54217.544</dst>
            <dst id="KSCYng">12832.864</dst>
            <dst id="LOSAng">23243.7893333333</dst>
            <dst id="NYCMng">26564.3946666667</dst>
            <dst id="SNVAng">1383.6</dst>
            <dst id="STTLng">8426.232</dst>
            <dst id="WASHng">22705.1306666667</dst>
        </src>
        <src id="KSCYng">
            <dst id="ATLA-M5">26.6666666666667</dst>
            <dst id="ATLAng">2963.86933333333</dst>
            <dst id="CHINng">15281.7253333333</dst>
            <dst id="DNVRng">17589.3813333333</dst>
            <dst id="HSTNng">10717.9253333333</dst>
            <dst id="IPLSng">10938.6293333333</dst>
            <dst id="KSCYng">6356.536</dst>
            <dst id="LOSAng">8561.45066666667</dst>
            <dst id="NYCMng">3726.16533333333</dst>
            <dst id="SNVAng">2565.36533333333</dst>
            <dst id="STTLng">3548.576</dst>
            <dst id="WASHng">12989.0346666667</dst>
        </src>
        <src id="LOSAng">
            <dst id="ATLA-M5">871.709333333333</dst>
            <dst id="ATLAng">17910.744</dst>
            <dst id="CHINng">71297.5973333333</dst>
            <dst id="DNVRng">35108.6213333333</dst>
            <dst id="HSTNng">21563.504</dst>
            <dst id="IPLSng">13322.048</dst>
            <dst id="KSCYng">12723.8533333333</dst>
            <dst id="LOSAng">20757.9173333333</dst>
            <dst id="NYCMng">40871.5706666667</dst>
            <dst id="SNVAng">15666.576</dst>
            <dst id="STTLng">23532.784</dst>
            <dst id="WASHng">31228.584</dst>
        </src>
        <src id="NYCMng">
            <dst id="ATLA-M5">643.488</dst>
            <dst id="ATLAng">19135.128</dst>
            <dst id="CHINng">28299.0906666667</dst>
            <dst id="DNVRng">23889.96</dst>
            <dst id="HSTNng">11573.0053333333</dst>
            <dst id="IPLSng">30043.9946666667</dst>
            <dst id="KSCYng">14457.9946666667</dst>
            <dst id="LOSAng">77011.4026666667</dst>
            <dst id="NYCMng">123890.802666667</dst>
            <dst id="SNVAng">3857.36</dst>
            <dst id="STTLng">28861.1413333333</dst>
            <dst id="WASHng">75382.072</dst>
        </src>
        <src id="SNVAng">
            <dst id="ATLA-M5">0</dst>
            <dst id="ATLAng">31.8613333333333</dst>
            <dst id="CHINng">0</dst>
            <dst id="DNVRng">2809.50933333333</dst>
            <dst id="HSTNng">105.856</dst>
            <dst id="IPLSng">323.410666666667</dst>
            <dst id="KSCYng">0</dst>
            <dst id="LOSAng">41625.96</dst>
            <dst id="NYCMng">526.325333333333</dst>
            <dst id="SNVAng">6978.192</dst>
            <dst id="STTLng">34400.864</dst>
            <dst id="WASHng">0</dst>
        </src>
        <src id="STTLng">
            <dst id="ATLA-M5">26.6666666666667</dst>
            <dst id="ATLAng">6653.39466666667</dst>
            <dst id="CHINng">10662.84</dst>
            <dst id="DNVRng">3583.55466666667</dst>
            <dst id="HSTNng">2359.488</dst>
            <dst id="IPLSng">7311.304</dst>
            <dst id="KSCYng">7426.71733333333</dst>
            <dst id="LOSAng">26511.488</dst>
            <dst id="NYCMng">13031.9786666667</dst>
            <dst id="SNVAng">4633.82933333333</dst>
            <dst id="STTLng">1944.77333333333</dst>
            <dst id="WASHng">7123.57066666667</dst>
        </src>
        <src id="WASHng">
            <dst id="ATLA-M5">33.3546666666667</dst>
            <dst id="ATLAng">129859.186666667</dst>
            <dst id="CHINng">38872.496</dst>
            <dst id="DNVRng">81598.96</dst>
            <dst id="HSTNng">14035.864</dst>
            <dst id="IPLSng">61550.0186666667</dst>
            <dst id="KSCYng">5978.40266666667</dst>
            <dst id="LOSAng">65947.64</dst>
            <dst id="NYCMng">116835.818666667</dst>
            <dst id="SNVAng">20379.8266666667</dst>
            <dst id="STTLng">53329.192</dst>
            <dst id="WASHng">293928.32</dst>
        </src>
    </IntraTM>
</TrafficMatrixFile>
