<?xml version="1.0" encoding="ISO-8859-1" standalone="yes"?>
<TrafficMatrixFile xsi:noNamespaceSchemaLocation="http://totem.run.montefiore.ulg.ac.be/Schema/TrafficMatrix-v1_2.xsd" xmlns:xsi="http://www.w3.org/2001/XMLSchema-instance">
    <IntraTM ASID="11537">
        <src id="ATLA-M5">
            <dst id="ATLA-M5">0</dst>
            <dst id="ATLAng">53.5253333333333</dst>
            <dst id="CHINng">338.813333333333</dst>
            <dst id="DNVRng">0</dst>
            <dst id="HSTNng">26.6666666666667</dst>
            <dst id="IPLSng">70.2186666666667</dst>
            <dst id="KSCYng">27.4133333333333</dst>
            <dst id="LOSAng">332.077333333333</dst>
            <dst id="NYCMng">0</dst>
            <dst id="SNVAng">26.6666666666667</dst>
            <dst id="STTLng">154.008</dst>
            <dst id="WASHng">347.901333333333</dst>
        </src>
        <src id="ATLAng">
            <dst id="ATLA-M5">265.72</dst>
            <dst id="ATLAng">5246.85333333333</dst>
            <dst id="CHINng">3428.848</dst>
            <dst id="DNVRng">1148.616</dst>
            <dst id="HSTNng">1701.512</dst>
            <dst id="IPLSng">30736.1813333333</dst>
            <dst id="KSCYng">564.141333333333</dst>
            <dst id="LOSAng">7044.67466666667</dst>
            <dst id="NYCMng">3629.35733333333</dst>
            <dst id="SNVAng">621.264</dst>
            <dst id="STTLng">7751.63733333333</dst>
            <dst id="WASHng">18449.9626666667</dst>
        </src>
        <src id="CHINng">
            <dst id="ATLA-M5">0</dst>
            <dst id="ATLAng">13894.8773333333</dst>
            <dst id="CHINng">36815.616</dst>
            <dst id="DNVRng">18524.6773333333</dst>
            <dst id="HSTNng">4774.50933333333</dst>
            <dst id="IPLSng">62448.4133333333</dst>
            <dst id="KSCYng">4839.49866666667</dst>
            <dst id="LOSAng">46214.9226666667</dst>
            <dst id="NYCMng">6332.37066666667</dst>
            <dst id="SNVAng">2866.56533333333</dst>
            <dst id="STTLng">4738.14666666667</dst>
            <dst id="WASHng">17846.088</dst>
        </src>
        <src id="DNVRng">
            <dst id="ATLA-M5">286.464</dst>
            <dst id="ATLAng">1868.19466666667</dst>
            <dst id="CHINng">54296.0853333333</dst>
            <dst id="DNVRng">8427.30933333333</dst>
            <dst id="HSTNng">24749.728</dst>
            <dst id="IPLSng">36106.1706666667</dst>
            <dst id="KSCYng">21808.4346666667</dst>
            <dst id="LOSAng">14010.552</dst>
            <dst id="NYCMng">11145.8266666667</dst>
            <dst id="SNVAng">13169.968</dst>
            <dst id="STTLng">13768.1626666667</dst>
            <dst id="WASHng">28991.0853333333</dst>
        </src>
        <src id="HSTNng">
            <dst id="ATLA-M5">127.669333333333</dst>
            <dst id="ATLAng">9850.98133333333</dst>
            <dst id="CHINng">5276.58933333333</dst>
            <dst id="DNVRng">875.088</dst>
            <dst id="HSTNng">12595.776</dst>
            <dst id="IPLSng">1124.81333333333</dst>
            <dst id="KSCYng">4685.17066666667</dst>
            <dst id="LOSAng">3192.05866666667</dst>
            <dst id="NYCMng">2100.64533333333</dst>
            <dst id="SNVAng">0</dst>
            <dst id="STTLng">1995.89066666667</dst>
            <dst id="WASHng">10826.9226666667</dst>
        </src>
        <src id="IPLSng">
            <dst id="ATLA-M5">0</dst>
            <dst id="ATLAng">19508.824</dst>
            <dst id="CHINng">34827.9466666667</dst>
            <dst id="DNVRng">11475.9866666667</dst>
            <dst id="HSTNng">2233.656</dst>
            <dst id="IPLSng">9978.98933333333</dst>
            <dst id="KSCYng">2505.34666666667</dst>
            <dst id="LOSAng">23290.032</dst>
            <dst id="NYCMng">43675.6933333333</dst>
            <dst id="SNVAng">566.197333333333</dst>
            <dst id="STTLng">9507.208</dst>
            <dst id="WASHng">20846.1066666667</dst>
        </src>
        <src id="KSCYng">
            <dst id="ATLA-M5">940.426666666667</dst>
            <dst id="ATLAng">2425.75733333333</dst>
            <dst id="CHINng">11096.392</dst>
            <dst id="DNVRng">12777.504</dst>
            <dst id="HSTNng">10379.9173333333</dst>
            <dst id="IPLSng">10596.312</dst>
            <dst id="KSCYng">3014.344</dst>
            <dst id="LOSAng">8338.728</dst>
            <dst id="NYCMng">2072.16533333333</dst>
            <dst id="SNVAng">4202.48533333333</dst>
            <dst id="STTLng">7689.28</dst>
            <dst id="WASHng">10311.992</dst>
        </src>
        <src id="LOSAng">
            <dst id="ATLA-M5">0</dst>
            <dst id="ATLAng">21208.0133333333</dst>
            <dst id="CHINng">67207.688</dst>
            <dst id="DNVRng">24897.4826666667</dst>
            <dst id="HSTNng">14819.1306666667</dst>
            <dst id="IPLSng">23871.3973333333</dst>
            <dst id="KSCYng">5243.92533333333</dst>
            <dst id="LOSAng">28641.168</dst>
            <dst id="NYCMng">41550.7946666667</dst>
            <dst id="SNVAng">13919.272</dst>
            <dst id="STTLng">28639.44</dst>
            <dst id="WASHng">16228.2613333333</dst>
        </src>
        <src id="NYCMng">
            <dst id="ATLA-M5">518.826666666667</dst>
            <dst id="ATLAng">21780.696</dst>
            <dst id="CHINng">15203.88</dst>
            <dst id="DNVRng">24176.8906666667</dst>
            <dst id="HSTNng">13918.3386666667</dst>
            <dst id="IPLSng">15893.112</dst>
            <dst id="KSCYng">5114.76</dst>
            <dst id="LOSAng">84592.6586666667</dst>
            <dst id="NYCMng">69361.9546666667</dst>
            <dst id="SNVAng">1738.35466666667</dst>
            <dst id="STTLng">20003.304</dst>
            <dst id="WASHng">38375.608</dst>
        </src>
        <src id="SNVAng">
            <dst id="ATLA-M5">0</dst>
            <dst id="ATLAng">535.552</dst>
            <dst id="CHINng">114.010666666667</dst>
            <dst id="DNVRng">2527.71466666667</dst>
            <dst id="HSTNng">48.992</dst>
            <dst id="IPLSng">2632.39733333333</dst>
            <dst id="KSCYng">0</dst>
            <dst id="LOSAng">34890.824</dst>
            <dst id="NYCMng">462.877333333333</dst>
            <dst id="SNVAng">6154.53866666666</dst>
            <dst id="STTLng">29640.5813333333</dst>
            <dst id="WASHng">0</dst>
        </src>
        <src id="STTLng">
            <dst id="ATLA-M5">332.965333333333</dst>
            <dst id="ATLAng">8342.128</dst>
            <dst id="CHINng">11015.7813333333</dst>
            <dst id="DNVRng">2758.784</dst>
            <dst id="HSTNng">1428.504</dst>
            <dst id="IPLSng">12347.2533333333</dst>
            <dst id="KSCYng">2375.06666666667</dst>
            <dst id="LOSAng">21282.3066666667</dst>
            <dst id="NYCMng">12105.992</dst>
            <dst id="SNVAng">9893.75733333333</dst>
            <dst id="STTLng">3651.64266666667</dst>
            <dst id="WASHng">9069.81066666666</dst>
        </src>
        <src id="WASHng">
            <dst id="ATLA-M5">1606.47466666667</dst>
            <dst id="ATLAng">61020.1466666667</dst>
            <dst id="CHINng">43792.0506666667</dst>
            <dst id="DNVRng">72058.8773333333</dst>
            <dst id="HSTNng">15786.6533333333</dst>
            <dst id="IPLSng">56063.5653333333</dst>
            <dst id="KSCYng">11561.1253333333</dst>
            <dst id="LOSAng">62114.6026666667</dst>
            <dst id="NYCMng">132531.818666667</dst>
            <dst id="SNVAng">5332.18666666667</dst>
            <dst id="STTLng">46943.072</dst>
            <dst id="WASHng">165131.194666667</dst>
        </src>
    </IntraTM>
</TrafficMatrixFile>
