<?xml version="1.0" encoding="ISO-8859-1" standalone="yes"?>
<TrafficMatrixFile xsi:noNamespaceSchemaLocation="http://totem.run.montefiore.ulg.ac.be/Schema/TrafficMatrix-v1_2.xsd" xmlns:xsi="http://www.w3.org/2001/XMLSchema-instance">
    <IntraTM ASID="11537">
        <src id="ATLA-M5">
            <dst id="ATLA-M5">26.6666666666667</dst>
            <dst id="ATLAng">0</dst>
            <dst id="CHINng">1432.984</dst>
            <dst id="DNVRng">0</dst>
            <dst id="HSTNng">26.6666666666667</dst>
            <dst id="IPLSng">208.149333333333</dst>
            <dst id="KSCYng">80</dst>
            <dst id="LOSAng">115.136</dst>
            <dst id="NYCMng">627.653333333333</dst>
            <dst id="SNVAng">0</dst>
            <dst id="STTLng">168.282666666667</dst>
            <dst id="WASHng">248.053333333333</dst>
        </src>
        <src id="ATLAng">
            <dst id="ATLA-M5">310.32</dst>
            <dst id="ATLAng">26987.2613333333</dst>
            <dst id="CHINng">10053.8773333333</dst>
            <dst id="DNVRng">3458.62133333333</dst>
            <dst id="HSTNng">2396.136</dst>
            <dst id="IPLSng">32368.8026666667</dst>
            <dst id="KSCYng">4983.45333333333</dst>
            <dst id="LOSAng">18619.548</dst>
            <dst id="NYCMng">5036.12533333333</dst>
            <dst id="SNVAng">914.057333333333</dst>
            <dst id="STTLng">6764.48533333333</dst>
            <dst id="WASHng">27738.128</dst>
        </src>
        <src id="CHINng">
            <dst id="ATLA-M5">3239.46133333333</dst>
            <dst id="ATLAng">18525.5573333333</dst>
            <dst id="CHINng">57634.3413333333</dst>
            <dst id="DNVRng">10328.9333333333</dst>
            <dst id="HSTNng">11241.616</dst>
            <dst id="IPLSng">27977.4533333333</dst>
            <dst id="KSCYng">5104.71466666667</dst>
            <dst id="LOSAng">56078.7173333333</dst>
            <dst id="NYCMng">15726.832</dst>
            <dst id="SNVAng">6398.144</dst>
            <dst id="STTLng">9575.71466666667</dst>
            <dst id="WASHng">21712.176</dst>
        </src>
        <src id="DNVRng">
            <dst id="ATLA-M5">66.9866666666667</dst>
            <dst id="ATLAng">13229.9786666667</dst>
            <dst id="CHINng">38746.408</dst>
            <dst id="DNVRng">10408.96</dst>
            <dst id="HSTNng">13429.4773333333</dst>
            <dst id="IPLSng">30699.704</dst>
            <dst id="KSCYng">11089.2</dst>
            <dst id="LOSAng">16738.624</dst>
            <dst id="NYCMng">12538.0773333333</dst>
            <dst id="SNVAng">18013.8773333333</dst>
            <dst id="STTLng">16372.256</dst>
            <dst id="WASHng">39824.7226666667</dst>
        </src>
        <src id="HSTNng">
            <dst id="ATLA-M5">1030.42133333333</dst>
            <dst id="ATLAng">12921.664</dst>
            <dst id="CHINng">14088.8853333333</dst>
            <dst id="DNVRng">3974.06666666667</dst>
            <dst id="HSTNng">12672.96</dst>
            <dst id="IPLSng">4134.4</dst>
            <dst id="KSCYng">1354.24533333333</dst>
            <dst id="LOSAng">11760.008</dst>
            <dst id="NYCMng">2806.58933333333</dst>
            <dst id="SNVAng">69.656</dst>
            <dst id="STTLng">1670.70133333333</dst>
            <dst id="WASHng">13348.584</dst>
        </src>
        <src id="IPLSng">
            <dst id="ATLA-M5">117.042666666667</dst>
            <dst id="ATLAng">19172.3333333333</dst>
            <dst id="CHINng">56537.392</dst>
            <dst id="DNVRng">8653.728</dst>
            <dst id="HSTNng">2586.87466666667</dst>
            <dst id="IPLSng">12874.0773333333</dst>
            <dst id="KSCYng">3655.552</dst>
            <dst id="LOSAng">32346.1333333333</dst>
            <dst id="NYCMng">26952.9066666667</dst>
            <dst id="SNVAng">1708.072</dst>
            <dst id="STTLng">11201.4906666667</dst>
            <dst id="WASHng">11311.2826666667</dst>
        </src>
        <src id="KSCYng">
            <dst id="ATLA-M5">811.152</dst>
            <dst id="ATLAng">2777.632</dst>
            <dst id="CHINng">15658.6693333333</dst>
            <dst id="DNVRng">8721.176</dst>
            <dst id="HSTNng">5252.09333333333</dst>
            <dst id="IPLSng">12405.5253333333</dst>
            <dst id="KSCYng">6950.6</dst>
            <dst id="LOSAng">7776.90933333333</dst>
            <dst id="NYCMng">3042.74133333333</dst>
            <dst id="SNVAng">2891.808</dst>
            <dst id="STTLng">5125.07466666667</dst>
            <dst id="WASHng">21317.2026666667</dst>
        </src>
        <src id="LOSAng">
            <dst id="ATLA-M5">86.1306666666667</dst>
            <dst id="ATLAng">26344.3066666667</dst>
            <dst id="CHINng">265472.325333333</dst>
            <dst id="DNVRng">29165.0213333333</dst>
            <dst id="HSTNng">6873.67733333333</dst>
            <dst id="IPLSng">11926.6613333333</dst>
            <dst id="KSCYng">7155.672</dst>
            <dst id="LOSAng">18072.3653333333</dst>
            <dst id="NYCMng">52059.7253333333</dst>
            <dst id="SNVAng">29477.688</dst>
            <dst id="STTLng">33784.2773333333</dst>
            <dst id="WASHng">45515.3093333334</dst>
        </src>
        <src id="NYCMng">
            <dst id="ATLA-M5">4131.432</dst>
            <dst id="ATLAng">23573.456</dst>
            <dst id="CHINng">11154.0666666667</dst>
            <dst id="DNVRng">28955.6373333333</dst>
            <dst id="HSTNng">14053.0266666667</dst>
            <dst id="IPLSng">27234.9813333333</dst>
            <dst id="KSCYng">18601.5653333333</dst>
            <dst id="LOSAng">75881.6666666667</dst>
            <dst id="NYCMng">71668.048</dst>
            <dst id="SNVAng">4183.144</dst>
            <dst id="STTLng">20734.9573333333</dst>
            <dst id="WASHng">46744.888</dst>
        </src>
        <src id="SNVAng">
            <dst id="ATLA-M5">0</dst>
            <dst id="ATLAng">75.4773333333333</dst>
            <dst id="CHINng">0</dst>
            <dst id="DNVRng">4910.90666666667</dst>
            <dst id="HSTNng">2444.832</dst>
            <dst id="IPLSng">255.970666666667</dst>
            <dst id="KSCYng">26.6666666666667</dst>
            <dst id="LOSAng">46100.3093333334</dst>
            <dst id="NYCMng">286.709333333333</dst>
            <dst id="SNVAng">9284.03466666667</dst>
            <dst id="STTLng">29147.072</dst>
            <dst id="WASHng">645.333333333333</dst>
        </src>
        <src id="STTLng">
            <dst id="ATLA-M5">148.429333333333</dst>
            <dst id="ATLAng">11884.6186666667</dst>
            <dst id="CHINng">18273.5173333333</dst>
            <dst id="DNVRng">4906.84533333333</dst>
            <dst id="HSTNng">6149.22133333333</dst>
            <dst id="IPLSng">6183.60533333333</dst>
            <dst id="KSCYng">6717.49066666667</dst>
            <dst id="LOSAng">24101.976</dst>
            <dst id="NYCMng">9342.104</dst>
            <dst id="SNVAng">11658.104</dst>
            <dst id="STTLng">16558.2186666667</dst>
            <dst id="WASHng">13232.2133333333</dst>
        </src>
        <src id="WASHng">
            <dst id="ATLA-M5">150.589333333333</dst>
            <dst id="ATLAng">111910.405333333</dst>
            <dst id="CHINng">38229.5546666667</dst>
            <dst id="DNVRng">79085.32</dst>
            <dst id="HSTNng">34843.68</dst>
            <dst id="IPLSng">49599.7733333333</dst>
            <dst id="KSCYng">13189.056</dst>
            <dst id="LOSAng">67291.3786666667</dst>
            <dst id="NYCMng">125465.149333333</dst>
            <dst id="SNVAng">7990.91733333333</dst>
            <dst id="STTLng">55839.8</dst>
            <dst id="WASHng">218160.506666667</dst>
        </src>
    </IntraTM>
</TrafficMatrixFile>
