<?xml version="1.0" encoding="ISO-8859-1" standalone="yes"?>
<TrafficMatrixFile xsi:noNamespaceSchemaLocation="http://totem.run.montefiore.ulg.ac.be/Schema/TrafficMatrix-v1_2.xsd" xmlns:xsi="http://www.w3.org/2001/XMLSchema-instance">
    <IntraTM ASID="11537">
        <src id="ATLA-M5">
            <dst id="ATLA-M5">26.6666666666667</dst>
            <dst id="ATLAng">101.661333333333</dst>
            <dst id="CHINng">119.781333333333</dst>
            <dst id="DNVRng">71.808</dst>
            <dst id="HSTNng">93.168</dst>
            <dst id="IPLSng">0</dst>
            <dst id="KSCYng">53.3333333333333</dst>
            <dst id="LOSAng">604.064</dst>
            <dst id="NYCMng">53.3333333333333</dst>
            <dst id="SNVAng">0</dst>
            <dst id="STTLng">53.3333333333333</dst>
            <dst id="WASHng">196.712</dst>
        </src>
        <src id="ATLAng">
            <dst id="ATLA-M5">291.24</dst>
            <dst id="ATLAng">41133.5146666667</dst>
            <dst id="CHINng">18315.0506666667</dst>
            <dst id="DNVRng">2372.23466666667</dst>
            <dst id="HSTNng">2255.296</dst>
            <dst id="IPLSng">32417.1733333333</dst>
            <dst id="KSCYng">763.554666666667</dst>
            <dst id="LOSAng">13761.596</dst>
            <dst id="NYCMng">11125.9413333333</dst>
            <dst id="SNVAng">267.244</dst>
            <dst id="STTLng">10364.376</dst>
            <dst id="WASHng">24345.488</dst>
        </src>
        <src id="CHINng">
            <dst id="ATLA-M5">198.626666666667</dst>
            <dst id="ATLAng">13122.0533333333</dst>
            <dst id="CHINng">39819.104</dst>
            <dst id="DNVRng">7198.73333333333</dst>
            <dst id="HSTNng">9677.90933333333</dst>
            <dst id="IPLSng">33906.4693333333</dst>
            <dst id="KSCYng">9336.51733333333</dst>
            <dst id="LOSAng">39602.9653333333</dst>
            <dst id="NYCMng">15320.1546666667</dst>
            <dst id="SNVAng">6745.17866666667</dst>
            <dst id="STTLng">10700.248</dst>
            <dst id="WASHng">34565.3093333333</dst>
        </src>
        <src id="DNVRng">
            <dst id="ATLA-M5">526.12</dst>
            <dst id="ATLAng">2860.90666666667</dst>
            <dst id="CHINng">52724.1226666667</dst>
            <dst id="DNVRng">12586.3093333333</dst>
            <dst id="HSTNng">19852.6426666667</dst>
            <dst id="IPLSng">48762.328</dst>
            <dst id="KSCYng">39939.168</dst>
            <dst id="LOSAng">21910.5093333333</dst>
            <dst id="NYCMng">18047.9973333333</dst>
            <dst id="SNVAng">19113.1973333333</dst>
            <dst id="STTLng">37690.6613333333</dst>
            <dst id="WASHng">38245.3546666667</dst>
        </src>
        <src id="HSTNng">
            <dst id="ATLA-M5">2003.024</dst>
            <dst id="ATLAng">12946.592</dst>
            <dst id="CHINng">7428.99733333333</dst>
            <dst id="DNVRng">1695.648</dst>
            <dst id="HSTNng">15143.384</dst>
            <dst id="IPLSng">1415.744</dst>
            <dst id="KSCYng">1211.09866666667</dst>
            <dst id="LOSAng">37588.776</dst>
            <dst id="NYCMng">2601.192</dst>
            <dst id="SNVAng">177.672</dst>
            <dst id="STTLng">1600.29066666667</dst>
            <dst id="WASHng">3064.78666666667</dst>
        </src>
        <src id="IPLSng">
            <dst id="ATLA-M5">0</dst>
            <dst id="ATLAng">64207.9626666667</dst>
            <dst id="CHINng">91735.392</dst>
            <dst id="DNVRng">6033.72</dst>
            <dst id="HSTNng">870.058666666667</dst>
            <dst id="IPLSng">22970.832</dst>
            <dst id="KSCYng">6553.27466666667</dst>
            <dst id="LOSAng">25604.9546666667</dst>
            <dst id="NYCMng">35826.5173333333</dst>
            <dst id="SNVAng">776.685333333333</dst>
            <dst id="STTLng">10397.784</dst>
            <dst id="WASHng">12536.1306666667</dst>
        </src>
        <src id="KSCYng">
            <dst id="ATLA-M5">569.450666666667</dst>
            <dst id="ATLAng">3256.23466666667</dst>
            <dst id="CHINng">15088.2693333333</dst>
            <dst id="DNVRng">9535.52</dst>
            <dst id="HSTNng">12523.0773333333</dst>
            <dst id="IPLSng">15647.3093333333</dst>
            <dst id="KSCYng">10294.2826666667</dst>
            <dst id="LOSAng">6318.37866666667</dst>
            <dst id="NYCMng">2489.424</dst>
            <dst id="SNVAng">2617.38933333333</dst>
            <dst id="STTLng">4810.096</dst>
            <dst id="WASHng">15736.3386666667</dst>
        </src>
        <src id="LOSAng">
            <dst id="ATLA-M5">373.541333333333</dst>
            <dst id="ATLAng">21743.0906666667</dst>
            <dst id="CHINng">74243.216</dst>
            <dst id="DNVRng">42610.936</dst>
            <dst id="HSTNng">7059.64533333333</dst>
            <dst id="IPLSng">21967.6026666667</dst>
            <dst id="KSCYng">3445.472</dst>
            <dst id="LOSAng">20950.4773333333</dst>
            <dst id="NYCMng">34741.248</dst>
            <dst id="SNVAng">12301.856</dst>
            <dst id="STTLng">27344.368</dst>
            <dst id="WASHng">24287.3893333333</dst>
        </src>
        <src id="NYCMng">
            <dst id="ATLA-M5">271.909333333333</dst>
            <dst id="ATLAng">16818.5253333333</dst>
            <dst id="CHINng">15841.4826666667</dst>
            <dst id="DNVRng">36924.2613333333</dst>
            <dst id="HSTNng">5775.656</dst>
            <dst id="IPLSng">21290.2693333333</dst>
            <dst id="KSCYng">10753.9946666667</dst>
            <dst id="LOSAng">83161.6426666667</dst>
            <dst id="NYCMng">89741.648</dst>
            <dst id="SNVAng">1707.888</dst>
            <dst id="STTLng">28265.192</dst>
            <dst id="WASHng">68190.2186666666</dst>
        </src>
        <src id="SNVAng">
            <dst id="ATLA-M5">0</dst>
            <dst id="ATLAng">503.336</dst>
            <dst id="CHINng">80</dst>
            <dst id="DNVRng">20974.6506666667</dst>
            <dst id="HSTNng">87.8506666666667</dst>
            <dst id="IPLSng">276.856</dst>
            <dst id="KSCYng">26.6666666666667</dst>
            <dst id="LOSAng">33866.9786666667</dst>
            <dst id="NYCMng">529.536</dst>
            <dst id="SNVAng">6401.648</dst>
            <dst id="STTLng">34216.3413333333</dst>
            <dst id="WASHng">0</dst>
        </src>
        <src id="STTLng">
            <dst id="ATLA-M5">281.632</dst>
            <dst id="ATLAng">9709.84266666667</dst>
            <dst id="CHINng">16619.5013333333</dst>
            <dst id="DNVRng">3790.57333333333</dst>
            <dst id="HSTNng">2723.12266666667</dst>
            <dst id="IPLSng">8714.752</dst>
            <dst id="KSCYng">2238.99733333333</dst>
            <dst id="LOSAng">21537.976</dst>
            <dst id="NYCMng">12270.04</dst>
            <dst id="SNVAng">5350.10933333333</dst>
            <dst id="STTLng">5030.864</dst>
            <dst id="WASHng">12891.7066666667</dst>
        </src>
        <src id="WASHng">
            <dst id="ATLA-M5">106.666666666667</dst>
            <dst id="ATLAng">82880.264</dst>
            <dst id="CHINng">55226.9973333333</dst>
            <dst id="DNVRng">78542.6693333333</dst>
            <dst id="HSTNng">21780.9866666667</dst>
            <dst id="IPLSng">56201.7626666667</dst>
            <dst id="KSCYng">11138.136</dst>
            <dst id="LOSAng">55404.9413333333</dst>
            <dst id="NYCMng">174453.610666667</dst>
            <dst id="SNVAng">7288.736</dst>
            <dst id="STTLng">44235.8346666667</dst>
            <dst id="WASHng">216541.181333333</dst>
        </src>
    </IntraTM>
</TrafficMatrixFile>
