<?xml version="1.0" encoding="ISO-8859-1" standalone="yes"?>
<TrafficMatrixFile xsi:noNamespaceSchemaLocation="http://totem.run.montefiore.ulg.ac.be/Schema/TrafficMatrix-v1_2.xsd" xmlns:xsi="http://www.w3.org/2001/XMLSchema-instance">
    <IntraTM ASID="11537">
        <src id="ATLA-M5">
            <dst id="ATLA-M5">0</dst>
            <dst id="ATLAng">0</dst>
            <dst id="CHINng">552.458666666667</dst>
            <dst id="DNVRng">0</dst>
            <dst id="HSTNng">910.645333333333</dst>
            <dst id="IPLSng">0</dst>
            <dst id="KSCYng">1127.43466666667</dst>
            <dst id="LOSAng">108.205333333333</dst>
            <dst id="NYCMng">94.584</dst>
            <dst id="SNVAng">0</dst>
            <dst id="STTLng">26.6666666666667</dst>
            <dst id="WASHng">2991.832</dst>
        </src>
        <src id="ATLAng">
            <dst id="ATLA-M5">26.6666666666667</dst>
            <dst id="ATLAng">23885.328</dst>
            <dst id="CHINng">2005.656</dst>
            <dst id="DNVRng">3104.83733333333</dst>
            <dst id="HSTNng">395.178666666667</dst>
            <dst id="IPLSng">13795.4266666667</dst>
            <dst id="KSCYng">261.029333333333</dst>
            <dst id="LOSAng">11837.9013333333</dst>
            <dst id="NYCMng">8522.83733333333</dst>
            <dst id="SNVAng">405.269333333333</dst>
            <dst id="STTLng">5433.69333333333</dst>
            <dst id="WASHng">42179.1946666667</dst>
        </src>
        <src id="CHINng">
            <dst id="ATLA-M5">147.28</dst>
            <dst id="ATLAng">6901.15733333333</dst>
            <dst id="CHINng">84746.2053333333</dst>
            <dst id="DNVRng">13160.6026666667</dst>
            <dst id="HSTNng">4391.23733333333</dst>
            <dst id="IPLSng">17643.28</dst>
            <dst id="KSCYng">2858.35733333333</dst>
            <dst id="LOSAng">46610.0586666667</dst>
            <dst id="NYCMng">11390.9653333333</dst>
            <dst id="SNVAng">3549.648</dst>
            <dst id="STTLng">8261.45866666667</dst>
            <dst id="WASHng">17937.7173333333</dst>
        </src>
        <src id="DNVRng">
            <dst id="ATLA-M5">128.96</dst>
            <dst id="ATLAng">13599.664</dst>
            <dst id="CHINng">64670.4213333333</dst>
            <dst id="DNVRng">13581.1226666667</dst>
            <dst id="HSTNng">15093.1893333333</dst>
            <dst id="IPLSng">30610.152</dst>
            <dst id="KSCYng">20749.744</dst>
            <dst id="LOSAng">12516.296</dst>
            <dst id="NYCMng">18945.6346666667</dst>
            <dst id="SNVAng">9359.92266666667</dst>
            <dst id="STTLng">9813.92</dst>
            <dst id="WASHng">35371.9253333333</dst>
        </src>
        <src id="HSTNng">
            <dst id="ATLA-M5">5877.58666666667</dst>
            <dst id="ATLAng">1084.50133333333</dst>
            <dst id="CHINng">20367.28</dst>
            <dst id="DNVRng">868.085333333334</dst>
            <dst id="HSTNng">11016.048</dst>
            <dst id="IPLSng">2853.73066666667</dst>
            <dst id="KSCYng">2897.84533333333</dst>
            <dst id="LOSAng">10403.44</dst>
            <dst id="NYCMng">2515.11466666667</dst>
            <dst id="SNVAng">0</dst>
            <dst id="STTLng">239.648</dst>
            <dst id="WASHng">1203.52266666667</dst>
        </src>
        <src id="IPLSng">
            <dst id="ATLA-M5">26.6666666666667</dst>
            <dst id="ATLAng">19089.2773333333</dst>
            <dst id="CHINng">71434.912</dst>
            <dst id="DNVRng">19084.8373333333</dst>
            <dst id="HSTNng">2629.07733333333</dst>
            <dst id="IPLSng">13039.592</dst>
            <dst id="KSCYng">7599.70933333333</dst>
            <dst id="LOSAng">15851.7786666667</dst>
            <dst id="NYCMng">27430.2746666667</dst>
            <dst id="SNVAng">315.762666666667</dst>
            <dst id="STTLng">6327.93866666667</dst>
            <dst id="WASHng">8678.88</dst>
        </src>
        <src id="KSCYng">
            <dst id="ATLA-M5">56.264</dst>
            <dst id="ATLAng">1011.87466666667</dst>
            <dst id="CHINng">16988.1573333333</dst>
            <dst id="DNVRng">7797.368</dst>
            <dst id="HSTNng">3120.98666666667</dst>
            <dst id="IPLSng">20500.9173333333</dst>
            <dst id="KSCYng">10825.5493333333</dst>
            <dst id="LOSAng">7695.43733333333</dst>
            <dst id="NYCMng">4910.60533333333</dst>
            <dst id="SNVAng">3070.688</dst>
            <dst id="STTLng">9927.568</dst>
            <dst id="WASHng">29054.688</dst>
        </src>
        <src id="LOSAng">
            <dst id="ATLA-M5">0</dst>
            <dst id="ATLAng">23787.6026666667</dst>
            <dst id="CHINng">133311.272</dst>
            <dst id="DNVRng">21492.9466666667</dst>
            <dst id="HSTNng">2719.75733333333</dst>
            <dst id="IPLSng">14678.952</dst>
            <dst id="KSCYng">2747.75466666667</dst>
            <dst id="LOSAng">14601.1333333333</dst>
            <dst id="NYCMng">26323.2133333333</dst>
            <dst id="SNVAng">22252.2853333333</dst>
            <dst id="STTLng">38649.7146666667</dst>
            <dst id="WASHng">19209.3653333333</dst>
        </src>
        <src id="NYCMng">
            <dst id="ATLA-M5">278.722666666667</dst>
            <dst id="ATLAng">7849.98666666667</dst>
            <dst id="CHINng">12139.6426666667</dst>
            <dst id="DNVRng">27876.288</dst>
            <dst id="HSTNng">6128.30133333333</dst>
            <dst id="IPLSng">25769.848</dst>
            <dst id="KSCYng">7296.93333333333</dst>
            <dst id="LOSAng">85724.592</dst>
            <dst id="NYCMng">95103.4746666667</dst>
            <dst id="SNVAng">1247.14933333333</dst>
            <dst id="STTLng">17357.3093333333</dst>
            <dst id="WASHng">28094.544</dst>
        </src>
        <src id="SNVAng">
            <dst id="ATLA-M5">0</dst>
            <dst id="ATLAng">26.6666666666667</dst>
            <dst id="CHINng">26.6666666666667</dst>
            <dst id="DNVRng">3903.60266666667</dst>
            <dst id="HSTNng">39.6373333333333</dst>
            <dst id="IPLSng">184.205333333333</dst>
            <dst id="KSCYng">0</dst>
            <dst id="LOSAng">33627.7013333333</dst>
            <dst id="NYCMng">535.997333333333</dst>
            <dst id="SNVAng">4355.312</dst>
            <dst id="STTLng">29316.216</dst>
            <dst id="WASHng">106.666666666667</dst>
        </src>
        <src id="STTLng">
            <dst id="ATLA-M5">26.6666666666667</dst>
            <dst id="ATLAng">5784.08</dst>
            <dst id="CHINng">19051.1413333333</dst>
            <dst id="DNVRng">1776.96266666667</dst>
            <dst id="HSTNng">638.608</dst>
            <dst id="IPLSng">4213.32</dst>
            <dst id="KSCYng">2426.97333333333</dst>
            <dst id="LOSAng">12358.8586666667</dst>
            <dst id="NYCMng">12453.576</dst>
            <dst id="SNVAng">3057.04266666667</dst>
            <dst id="STTLng">6570.02133333333</dst>
            <dst id="WASHng">5516.56266666667</dst>
        </src>
        <src id="WASHng">
            <dst id="ATLA-M5">2141.21866666667</dst>
            <dst id="ATLAng">75306.08</dst>
            <dst id="CHINng">82945.7386666666</dst>
            <dst id="DNVRng">66150.32</dst>
            <dst id="HSTNng">33765.352</dst>
            <dst id="IPLSng">45753.3546666667</dst>
            <dst id="KSCYng">23350.2346666667</dst>
            <dst id="LOSAng">67783.264</dst>
            <dst id="NYCMng">118349.893333333</dst>
            <dst id="SNVAng">4464.04</dst>
            <dst id="STTLng">52321.272</dst>
            <dst id="WASHng">284043.973333333</dst>
        </src>
    </IntraTM>
</TrafficMatrixFile>
