<?xml version="1.0" encoding="ISO-8859-1" standalone="yes"?>
<TrafficMatrixFile xsi:noNamespaceSchemaLocation="http://totem.run.montefiore.ulg.ac.be/Schema/TrafficMatrix-v1_2.xsd" xmlns:xsi="http://www.w3.org/2001/XMLSchema-instance">
    <IntraTM ASID="11537">
        <src id="ATLA-M5">
            <dst id="ATLA-M5">26.6666666666667</dst>
            <dst id="ATLAng">93.1893333333333</dst>
            <dst id="CHINng">94.9866666666667</dst>
            <dst id="DNVRng">0</dst>
            <dst id="HSTNng">76.6666666666667</dst>
            <dst id="IPLSng">63.7306666666667</dst>
            <dst id="KSCYng">0</dst>
            <dst id="LOSAng">103.856</dst>
            <dst id="NYCMng">0</dst>
            <dst id="SNVAng">0</dst>
            <dst id="STTLng">0</dst>
            <dst id="WASHng">819.858666666667</dst>
        </src>
        <src id="ATLAng">
            <dst id="ATLA-M5">2581.552</dst>
            <dst id="ATLAng">4439.11466666667</dst>
            <dst id="CHINng">3358.82666666667</dst>
            <dst id="DNVRng">3308.936</dst>
            <dst id="HSTNng">295.2</dst>
            <dst id="IPLSng">24002.5546666667</dst>
            <dst id="KSCYng">3771.23733333333</dst>
            <dst id="LOSAng">5729.98133333333</dst>
            <dst id="NYCMng">5110.016</dst>
            <dst id="SNVAng">53.696</dst>
            <dst id="STTLng">11051.0586666667</dst>
            <dst id="WASHng">39528.7466666667</dst>
        </src>
        <src id="CHINng">
            <dst id="ATLA-M5">299.274666666667</dst>
            <dst id="ATLAng">6723.53333333333</dst>
            <dst id="CHINng">54078.3173333333</dst>
            <dst id="DNVRng">12279.896</dst>
            <dst id="HSTNng">3531.18133333333</dst>
            <dst id="IPLSng">82312.0266666667</dst>
            <dst id="KSCYng">4443.32533333333</dst>
            <dst id="LOSAng">37521.4453333333</dst>
            <dst id="NYCMng">7237.768</dst>
            <dst id="SNVAng">390.344</dst>
            <dst id="STTLng">4233.65066666667</dst>
            <dst id="WASHng">18223.856</dst>
        </src>
        <src id="DNVRng">
            <dst id="ATLA-M5">123.986666666667</dst>
            <dst id="ATLAng">2113.96533333333</dst>
            <dst id="CHINng">54313.8186666667</dst>
            <dst id="DNVRng">2749.13333333333</dst>
            <dst id="HSTNng">10449.808</dst>
            <dst id="IPLSng">33098.944</dst>
            <dst id="KSCYng">11353.0693333333</dst>
            <dst id="LOSAng">15188.3386666667</dst>
            <dst id="NYCMng">12871.8746666667</dst>
            <dst id="SNVAng">7056.69866666667</dst>
            <dst id="STTLng">10983.784</dst>
            <dst id="WASHng">37620.1306666667</dst>
        </src>
        <src id="HSTNng">
            <dst id="ATLA-M5">2767.23733333333</dst>
            <dst id="ATLAng">1651.68</dst>
            <dst id="CHINng">22313.512</dst>
            <dst id="DNVRng">415.893333333333</dst>
            <dst id="HSTNng">17673.824</dst>
            <dst id="IPLSng">649.197333333333</dst>
            <dst id="KSCYng">589.613333333333</dst>
            <dst id="LOSAng">3868.24533333333</dst>
            <dst id="NYCMng">5375.696</dst>
            <dst id="SNVAng">0</dst>
            <dst id="STTLng">3227.25066666667</dst>
            <dst id="WASHng">1423.73333333333</dst>
        </src>
        <src id="IPLSng">
            <dst id="ATLA-M5">26.6666666666667</dst>
            <dst id="ATLAng">11826.2533333333</dst>
            <dst id="CHINng">63632.7893333333</dst>
            <dst id="DNVRng">12464.4213333333</dst>
            <dst id="HSTNng">2082.456</dst>
            <dst id="IPLSng">4569.02666666667</dst>
            <dst id="KSCYng">4624.10933333333</dst>
            <dst id="LOSAng">7447.696</dst>
            <dst id="NYCMng">28258.9066666667</dst>
            <dst id="SNVAng">439.629333333333</dst>
            <dst id="STTLng">10161.8506666667</dst>
            <dst id="WASHng">10066.3413333333</dst>
        </src>
        <src id="KSCYng">
            <dst id="ATLA-M5">0</dst>
            <dst id="ATLAng">1304.67466666667</dst>
            <dst id="CHINng">15580.9226666667</dst>
            <dst id="DNVRng">12328.384</dst>
            <dst id="HSTNng">2334.544</dst>
            <dst id="IPLSng">11495.8693333333</dst>
            <dst id="KSCYng">6755.248</dst>
            <dst id="LOSAng">5499.23733333333</dst>
            <dst id="NYCMng">1802</dst>
            <dst id="SNVAng">2458.936</dst>
            <dst id="STTLng">9224.12266666667</dst>
            <dst id="WASHng">5859.288</dst>
        </src>
        <src id="LOSAng">
            <dst id="ATLA-M5">452.712</dst>
            <dst id="ATLAng">6877.384</dst>
            <dst id="CHINng">116043.581333333</dst>
            <dst id="DNVRng">19808.5066666667</dst>
            <dst id="HSTNng">2711.72</dst>
            <dst id="IPLSng">12573.2773333333</dst>
            <dst id="KSCYng">3327.90666666667</dst>
            <dst id="LOSAng">13663.9173333333</dst>
            <dst id="NYCMng">39244.376</dst>
            <dst id="SNVAng">25980.0106666667</dst>
            <dst id="STTLng">33484.4693333333</dst>
            <dst id="WASHng">18243.336</dst>
        </src>
        <src id="NYCMng">
            <dst id="ATLA-M5">28.144</dst>
            <dst id="ATLAng">23322.3866666667</dst>
            <dst id="CHINng">20849.624</dst>
            <dst id="DNVRng">27339.1946666667</dst>
            <dst id="HSTNng">2435.16</dst>
            <dst id="IPLSng">24160.104</dst>
            <dst id="KSCYng">4592.65866666667</dst>
            <dst id="LOSAng">77285.912</dst>
            <dst id="NYCMng">111880.362666667</dst>
            <dst id="SNVAng">2093.87466666667</dst>
            <dst id="STTLng">19496.6773333333</dst>
            <dst id="WASHng">49764.8293333333</dst>
        </src>
        <src id="SNVAng">
            <dst id="ATLA-M5">0</dst>
            <dst id="ATLAng">26.6666666666667</dst>
            <dst id="CHINng">26.6666666666667</dst>
            <dst id="DNVRng">279.68</dst>
            <dst id="HSTNng">26.6666666666667</dst>
            <dst id="IPLSng">249.48</dst>
            <dst id="KSCYng">0</dst>
            <dst id="LOSAng">20653.8133333333</dst>
            <dst id="NYCMng">276.629333333333</dst>
            <dst id="SNVAng">5745.28</dst>
            <dst id="STTLng">21828.16</dst>
            <dst id="WASHng">147.530666666667</dst>
        </src>
        <src id="STTLng">
            <dst id="ATLA-M5">26.6666666666667</dst>
            <dst id="ATLAng">6965.36266666667</dst>
            <dst id="CHINng">22412.488</dst>
            <dst id="DNVRng">6491.29333333333</dst>
            <dst id="HSTNng">1015.112</dst>
            <dst id="IPLSng">4148.928</dst>
            <dst id="KSCYng">1127.488</dst>
            <dst id="LOSAng">16681.672</dst>
            <dst id="NYCMng">14747.6266666667</dst>
            <dst id="SNVAng">1819.55466666667</dst>
            <dst id="STTLng">1265.72533333333</dst>
            <dst id="WASHng">20065.072</dst>
        </src>
        <src id="WASHng">
            <dst id="ATLA-M5">122.069333333333</dst>
            <dst id="ATLAng">78056.0373333333</dst>
            <dst id="CHINng">35314.7413333333</dst>
            <dst id="DNVRng">39400.3173333333</dst>
            <dst id="HSTNng">28932.2906666667</dst>
            <dst id="IPLSng">47774.744</dst>
            <dst id="KSCYng">4489.32533333333</dst>
            <dst id="LOSAng">81625.5013333333</dst>
            <dst id="NYCMng">126202.528</dst>
            <dst id="SNVAng">4585.86133333333</dst>
            <dst id="STTLng">24830.4213333333</dst>
            <dst id="WASHng">341554.026666667</dst>
        </src>
    </IntraTM>
</TrafficMatrixFile>
