<?xml version="1.0" encoding="ISO-8859-1" standalone="yes"?>
<TrafficMatrixFile xsi:noNamespaceSchemaLocation="http://totem.run.montefiore.ulg.ac.be/Schema/TrafficMatrix-v1_2.xsd" xmlns:xsi="http://www.w3.org/2001/XMLSchema-instance">
    <IntraTM ASID="11537">
        <src id="ATLA-M5">
            <dst id="ATLA-M5">237.002666666667</dst>
            <dst id="ATLAng">2156.384</dst>
            <dst id="CHINng">193.789333333333</dst>
            <dst id="DNVRng">53.3333333333333</dst>
            <dst id="HSTNng">82.2426666666667</dst>
            <dst id="IPLSng">26.6666666666667</dst>
            <dst id="KSCYng">53.3333333333333</dst>
            <dst id="LOSAng">147.386666666667</dst>
            <dst id="NYCMng">122.666666666667</dst>
            <dst id="SNVAng">0</dst>
            <dst id="STTLng">80</dst>
            <dst id="WASHng">632.589333333333</dst>
        </src>
        <src id="ATLAng">
            <dst id="ATLA-M5">435.696</dst>
            <dst id="ATLAng">22297.9893333333</dst>
            <dst id="CHINng">4573.03466666667</dst>
            <dst id="DNVRng">4594.72266666667</dst>
            <dst id="HSTNng">5107.336</dst>
            <dst id="IPLSng">25899.624</dst>
            <dst id="KSCYng">2274.288</dst>
            <dst id="LOSAng">13469.1053333333</dst>
            <dst id="NYCMng">6105.09066666667</dst>
            <dst id="SNVAng">1687.33733333333</dst>
            <dst id="STTLng">9278.096</dst>
            <dst id="WASHng">43424.008</dst>
        </src>
        <src id="CHINng">
            <dst id="ATLA-M5">1318.648</dst>
            <dst id="ATLAng">35031.616</dst>
            <dst id="CHINng">55190.9733333333</dst>
            <dst id="DNVRng">9497.104</dst>
            <dst id="HSTNng">12861.6426666667</dst>
            <dst id="IPLSng">27538.1253333333</dst>
            <dst id="KSCYng">22249.0746666667</dst>
            <dst id="LOSAng">45680.4586666667</dst>
            <dst id="NYCMng">10835.496</dst>
            <dst id="SNVAng">9217.83733333333</dst>
            <dst id="STTLng">6191.64266666667</dst>
            <dst id="WASHng">33366.7706666667</dst>
        </src>
        <src id="DNVRng">
            <dst id="ATLA-M5">315.52</dst>
            <dst id="ATLAng">12888.4426666667</dst>
            <dst id="CHINng">54740.264</dst>
            <dst id="DNVRng">20077.504</dst>
            <dst id="HSTNng">20141.8906666667</dst>
            <dst id="IPLSng">58571.136</dst>
            <dst id="KSCYng">41731.56</dst>
            <dst id="LOSAng">18965.576</dst>
            <dst id="NYCMng">14735.232</dst>
            <dst id="SNVAng">20551.2133333333</dst>
            <dst id="STTLng">29180.3013333333</dst>
            <dst id="WASHng">47281.88</dst>
        </src>
        <src id="HSTNng">
            <dst id="ATLA-M5">1221.52</dst>
            <dst id="ATLAng">6614.51733333333</dst>
            <dst id="CHINng">10959.4293333333</dst>
            <dst id="DNVRng">862.298666666667</dst>
            <dst id="HSTNng">16926.1493333333</dst>
            <dst id="IPLSng">2667.71466666667</dst>
            <dst id="KSCYng">1381.264</dst>
            <dst id="LOSAng">2331.47733333333</dst>
            <dst id="NYCMng">2225.19733333333</dst>
            <dst id="SNVAng">53.3333333333333</dst>
            <dst id="STTLng">7458.088</dst>
            <dst id="WASHng">7687.26933333333</dst>
        </src>
        <src id="IPLSng">
            <dst id="ATLA-M5">123.130666666667</dst>
            <dst id="ATLAng">117816.549333333</dst>
            <dst id="CHINng">70670.96</dst>
            <dst id="DNVRng">17406.4106666667</dst>
            <dst id="HSTNng">2021.62933333333</dst>
            <dst id="IPLSng">19862.2693333333</dst>
            <dst id="KSCYng">4259.82133333334</dst>
            <dst id="LOSAng">31596.3893333333</dst>
            <dst id="NYCMng">31880.1706666667</dst>
            <dst id="SNVAng">5324.93866666667</dst>
            <dst id="STTLng">7127.32266666667</dst>
            <dst id="WASHng">34605.424</dst>
        </src>
        <src id="KSCYng">
            <dst id="ATLA-M5">113.645333333333</dst>
            <dst id="ATLAng">9788.97066666667</dst>
            <dst id="CHINng">11313.4933333333</dst>
            <dst id="DNVRng">13405.0746666667</dst>
            <dst id="HSTNng">7892.87733333333</dst>
            <dst id="IPLSng">18566.4666666667</dst>
            <dst id="KSCYng">14082.9866666667</dst>
            <dst id="LOSAng">6807.56533333333</dst>
            <dst id="NYCMng">2312.57066666667</dst>
            <dst id="SNVAng">4159.01333333333</dst>
            <dst id="STTLng">4493.54666666667</dst>
            <dst id="WASHng">11065.4666666667</dst>
        </src>
        <src id="LOSAng">
            <dst id="ATLA-M5">615.872</dst>
            <dst id="ATLAng">27444.1946666667</dst>
            <dst id="CHINng">89231.5573333333</dst>
            <dst id="DNVRng">39010.9173333333</dst>
            <dst id="HSTNng">9265.61066666667</dst>
            <dst id="IPLSng">35963.864</dst>
            <dst id="KSCYng">7255.38133333333</dst>
            <dst id="LOSAng">24061.6666666667</dst>
            <dst id="NYCMng">32775.9013333333</dst>
            <dst id="SNVAng">32446.8986666667</dst>
            <dst id="STTLng">27848.904</dst>
            <dst id="WASHng">87046.864</dst>
        </src>
        <src id="NYCMng">
            <dst id="ATLA-M5">631.824</dst>
            <dst id="ATLAng">35261.368</dst>
            <dst id="CHINng">33568.7733333333</dst>
            <dst id="DNVRng">46040.552</dst>
            <dst id="HSTNng">10697.24</dst>
            <dst id="IPLSng">37484.5413333333</dst>
            <dst id="KSCYng">9143.216</dst>
            <dst id="LOSAng">82845.1013333333</dst>
            <dst id="NYCMng">101933.154666667</dst>
            <dst id="SNVAng">5734.57333333333</dst>
            <dst id="STTLng">13422.0906666667</dst>
            <dst id="WASHng">92662.1306666667</dst>
        </src>
        <src id="SNVAng">
            <dst id="ATLA-M5">0</dst>
            <dst id="ATLAng">27.5413333333333</dst>
            <dst id="CHINng">53.3333333333333</dst>
            <dst id="DNVRng">52908.8506666667</dst>
            <dst id="HSTNng">26.6666666666667</dst>
            <dst id="IPLSng">222.965333333333</dst>
            <dst id="KSCYng">1137.056</dst>
            <dst id="LOSAng">35330.3893333333</dst>
            <dst id="NYCMng">256.181333333333</dst>
            <dst id="SNVAng">7805.36266666667</dst>
            <dst id="STTLng">32307.1013333333</dst>
            <dst id="WASHng">26.6666666666667</dst>
        </src>
        <src id="STTLng">
            <dst id="ATLA-M5">140.650666666667</dst>
            <dst id="ATLAng">10160.28</dst>
            <dst id="CHINng">11949.4746666667</dst>
            <dst id="DNVRng">5100.77066666667</dst>
            <dst id="HSTNng">3607.656</dst>
            <dst id="IPLSng">11692.16</dst>
            <dst id="KSCYng">2171.65866666667</dst>
            <dst id="LOSAng">31690.0133333333</dst>
            <dst id="NYCMng">11091.8346666667</dst>
            <dst id="SNVAng">9249.01866666667</dst>
            <dst id="STTLng">7684.42933333333</dst>
            <dst id="WASHng">10133.4986666667</dst>
        </src>
        <src id="WASHng">
            <dst id="ATLA-M5">206.658666666667</dst>
            <dst id="ATLAng">120030.792</dst>
            <dst id="CHINng">65121.528</dst>
            <dst id="DNVRng">102232.194666667</dst>
            <dst id="HSTNng">27196.9813333333</dst>
            <dst id="IPLSng">47327.808</dst>
            <dst id="KSCYng">12929.7626666667</dst>
            <dst id="LOSAng">62279.7146666667</dst>
            <dst id="NYCMng">149007.042666667</dst>
            <dst id="SNVAng">21919.2986666667</dst>
            <dst id="STTLng">51729.2826666667</dst>
            <dst id="WASHng">257260.429333333</dst>
        </src>
    </IntraTM>
</TrafficMatrixFile>
