<?xml version="1.0" encoding="ISO-8859-1" standalone="yes"?>
<TrafficMatrixFile xsi:noNamespaceSchemaLocation="http://totem.run.montefiore.ulg.ac.be/Schema/TrafficMatrix-v1_2.xsd" xmlns:xsi="http://www.w3.org/2001/XMLSchema-instance">
    <IntraTM ASID="11537">
        <src id="ATLA-M5">
            <dst id="ATLA-M5">0</dst>
            <dst id="ATLAng">121</dst>
            <dst id="CHINng">57.104</dst>
            <dst id="DNVRng">26.6666666666667</dst>
            <dst id="HSTNng">94.9466666666667</dst>
            <dst id="IPLSng">595.482666666667</dst>
            <dst id="KSCYng">56.7786666666667</dst>
            <dst id="LOSAng">1028.81333333333</dst>
            <dst id="NYCMng">26.6666666666667</dst>
            <dst id="SNVAng">0</dst>
            <dst id="STTLng">535.882666666667</dst>
            <dst id="WASHng">631.546666666667</dst>
        </src>
        <src id="ATLAng">
            <dst id="ATLA-M5">374.904</dst>
            <dst id="ATLAng">11141.864</dst>
            <dst id="CHINng">4948.47466666667</dst>
            <dst id="DNVRng">3448.296</dst>
            <dst id="HSTNng">1700.96</dst>
            <dst id="IPLSng">32443.304</dst>
            <dst id="KSCYng">485.717333333333</dst>
            <dst id="LOSAng">9425.04</dst>
            <dst id="NYCMng">13125.152</dst>
            <dst id="SNVAng">439.834666666667</dst>
            <dst id="STTLng">8053.168</dst>
            <dst id="WASHng">28873.6106666667</dst>
        </src>
        <src id="CHINng">
            <dst id="ATLA-M5">27.0426666666667</dst>
            <dst id="ATLAng">9876.952</dst>
            <dst id="CHINng">38593.2506666667</dst>
            <dst id="DNVRng">31604.736</dst>
            <dst id="HSTNng">8326.81066666667</dst>
            <dst id="IPLSng">22804.488</dst>
            <dst id="KSCYng">6362.42666666667</dst>
            <dst id="LOSAng">40131.9333333333</dst>
            <dst id="NYCMng">9746.63733333333</dst>
            <dst id="SNVAng">4223.304</dst>
            <dst id="STTLng">6662.32533333333</dst>
            <dst id="WASHng">29847.0213333333</dst>
        </src>
        <src id="DNVRng">
            <dst id="ATLA-M5">161.357333333333</dst>
            <dst id="ATLAng">2818.49066666667</dst>
            <dst id="CHINng">50504.9813333333</dst>
            <dst id="DNVRng">25557.3786666667</dst>
            <dst id="HSTNng">19342.1413333333</dst>
            <dst id="IPLSng">36777.192</dst>
            <dst id="KSCYng">34690.8026666667</dst>
            <dst id="LOSAng">14711.6586666667</dst>
            <dst id="NYCMng">15018.8453333333</dst>
            <dst id="SNVAng">16688.2533333333</dst>
            <dst id="STTLng">27424.2506666667</dst>
            <dst id="WASHng">35563.0666666667</dst>
        </src>
        <src id="HSTNng">
            <dst id="ATLA-M5">3012.128</dst>
            <dst id="ATLAng">13155.12</dst>
            <dst id="CHINng">3380.04533333333</dst>
            <dst id="DNVRng">998.125333333334</dst>
            <dst id="HSTNng">12836.96</dst>
            <dst id="IPLSng">1347.43733333333</dst>
            <dst id="KSCYng">3173.26133333333</dst>
            <dst id="LOSAng">5360.60533333333</dst>
            <dst id="NYCMng">1615.376</dst>
            <dst id="SNVAng">0</dst>
            <dst id="STTLng">2278.232</dst>
            <dst id="WASHng">2141.92</dst>
        </src>
        <src id="IPLSng">
            <dst id="ATLA-M5">0</dst>
            <dst id="ATLAng">14316.8373333333</dst>
            <dst id="CHINng">37992.2906666667</dst>
            <dst id="DNVRng">11327.1253333333</dst>
            <dst id="HSTNng">2540.328</dst>
            <dst id="IPLSng">14995.9226666667</dst>
            <dst id="KSCYng">5087.504</dst>
            <dst id="LOSAng">19902.5733333333</dst>
            <dst id="NYCMng">39847.52</dst>
            <dst id="SNVAng">470.184</dst>
            <dst id="STTLng">11895.792</dst>
            <dst id="WASHng">26613.832</dst>
        </src>
        <src id="KSCYng">
            <dst id="ATLA-M5">895.746666666667</dst>
            <dst id="ATLAng">3279.608</dst>
            <dst id="CHINng">8137.34933333333</dst>
            <dst id="DNVRng">11459.7466666667</dst>
            <dst id="HSTNng">12649.208</dst>
            <dst id="IPLSng">14317.9653333333</dst>
            <dst id="KSCYng">7071.66666666667</dst>
            <dst id="LOSAng">7724.65866666667</dst>
            <dst id="NYCMng">2666.02933333333</dst>
            <dst id="SNVAng">3109.41333333333</dst>
            <dst id="STTLng">3476.56</dst>
            <dst id="WASHng">6075.34666666667</dst>
        </src>
        <src id="LOSAng">
            <dst id="ATLA-M5">229.021333333333</dst>
            <dst id="ATLAng">23667.6053333333</dst>
            <dst id="CHINng">54903.0453333333</dst>
            <dst id="DNVRng">21418.72</dst>
            <dst id="HSTNng">2725.33066666667</dst>
            <dst id="IPLSng">22214.272</dst>
            <dst id="KSCYng">5809.12</dst>
            <dst id="LOSAng">21795.8933333333</dst>
            <dst id="NYCMng">48626.3706666667</dst>
            <dst id="SNVAng">10660.5973333333</dst>
            <dst id="STTLng">28710.6453333333</dst>
            <dst id="WASHng">45025.656</dst>
        </src>
        <src id="NYCMng">
            <dst id="ATLA-M5">493.781333333333</dst>
            <dst id="ATLAng">14858.144</dst>
            <dst id="CHINng">9653.33333333333</dst>
            <dst id="DNVRng">16049.9466666667</dst>
            <dst id="HSTNng">21508.1173333333</dst>
            <dst id="IPLSng">11861.8773333333</dst>
            <dst id="KSCYng">5361.15466666667</dst>
            <dst id="LOSAng">74132.312</dst>
            <dst id="NYCMng">58987.112</dst>
            <dst id="SNVAng">1771.56533333333</dst>
            <dst id="STTLng">13647.224</dst>
            <dst id="WASHng">36852.2213333333</dst>
        </src>
        <src id="SNVAng">
            <dst id="ATLA-M5">0</dst>
            <dst id="ATLAng">529.781333333333</dst>
            <dst id="CHINng">1405.984</dst>
            <dst id="DNVRng">6090.88</dst>
            <dst id="HSTNng">44.992</dst>
            <dst id="IPLSng">265.048</dst>
            <dst id="KSCYng">26.6666666666667</dst>
            <dst id="LOSAng">33644.5253333333</dst>
            <dst id="NYCMng">244.512</dst>
            <dst id="SNVAng">5651.58933333333</dst>
            <dst id="STTLng">27754.3093333333</dst>
            <dst id="WASHng">26.6666666666667</dst>
        </src>
        <src id="STTLng">
            <dst id="ATLA-M5">345.421333333333</dst>
            <dst id="ATLAng">8104.29866666667</dst>
            <dst id="CHINng">11564.216</dst>
            <dst id="DNVRng">3415.68266666667</dst>
            <dst id="HSTNng">1438.232</dst>
            <dst id="IPLSng">8529.67466666667</dst>
            <dst id="KSCYng">8501.48533333333</dst>
            <dst id="LOSAng">20504.496</dst>
            <dst id="NYCMng">10684.0586666667</dst>
            <dst id="SNVAng">2374.712</dst>
            <dst id="STTLng">8006.85066666667</dst>
            <dst id="WASHng">5947.72</dst>
        </src>
        <src id="WASHng">
            <dst id="ATLA-M5">954.304</dst>
            <dst id="ATLAng">94260.216</dst>
            <dst id="CHINng">50677.4266666667</dst>
            <dst id="DNVRng">67821.2586666667</dst>
            <dst id="HSTNng">8165.22933333333</dst>
            <dst id="IPLSng">45410.1413333333</dst>
            <dst id="KSCYng">8448.352</dst>
            <dst id="LOSAng">60425.712</dst>
            <dst id="NYCMng">127630.272</dst>
            <dst id="SNVAng">4674.82666666667</dst>
            <dst id="STTLng">30381.912</dst>
            <dst id="WASHng">199748.578666667</dst>
        </src>
    </IntraTM>
</TrafficMatrixFile>
