<?xml version="1.0" encoding="ISO-8859-1" standalone="yes"?>
<TrafficMatrixFile xsi:noNamespaceSchemaLocation="http://totem.run.montefiore.ulg.ac.be/Schema/TrafficMatrix-v1_2.xsd" xmlns:xsi="http://www.w3.org/2001/XMLSchema-instance">
    <IntraTM ASID="11537">
        <src id="ATLA-M5">
            <dst id="ATLA-M5">253.485333333333</dst>
            <dst id="ATLAng">386.389333333333</dst>
            <dst id="CHINng">288.565333333333</dst>
            <dst id="DNVRng">66.3093333333333</dst>
            <dst id="HSTNng">110.602666666667</dst>
            <dst id="IPLSng">4385.78933333333</dst>
            <dst id="KSCYng">476.722666666667</dst>
            <dst id="LOSAng">1310.576</dst>
            <dst id="NYCMng">56.5253333333333</dst>
            <dst id="SNVAng">0</dst>
            <dst id="STTLng">416.197333333333</dst>
            <dst id="WASHng">780.288</dst>
        </src>
        <src id="ATLAng">
            <dst id="ATLA-M5">593.874666666667</dst>
            <dst id="ATLAng">55563.8133333333</dst>
            <dst id="CHINng">14084.4266666667</dst>
            <dst id="DNVRng">7425.26666666667</dst>
            <dst id="HSTNng">3413.14133333333</dst>
            <dst id="IPLSng">16603.3146666667</dst>
            <dst id="KSCYng">3758.30666666667</dst>
            <dst id="LOSAng">15424.0573333333</dst>
            <dst id="NYCMng">15953.744</dst>
            <dst id="SNVAng">663.02</dst>
            <dst id="STTLng">8896.776</dst>
            <dst id="WASHng">59068.7973333333</dst>
        </src>
        <src id="CHINng">
            <dst id="ATLA-M5">467.050666666667</dst>
            <dst id="ATLAng">11180.4773333333</dst>
            <dst id="CHINng">67609.0426666667</dst>
            <dst id="DNVRng">11925.0106666667</dst>
            <dst id="HSTNng">10781.0826666667</dst>
            <dst id="IPLSng">32377.912</dst>
            <dst id="KSCYng">18159.1146666667</dst>
            <dst id="LOSAng">32187.2826666667</dst>
            <dst id="NYCMng">12502.624</dst>
            <dst id="SNVAng">6381.368</dst>
            <dst id="STTLng">12994.8773333333</dst>
            <dst id="WASHng">24914.984</dst>
        </src>
        <src id="DNVRng">
            <dst id="ATLA-M5">233.290666666667</dst>
            <dst id="ATLAng">11720.0293333333</dst>
            <dst id="CHINng">68690.096</dst>
            <dst id="DNVRng">18246.264</dst>
            <dst id="HSTNng">29430.3466666667</dst>
            <dst id="IPLSng">36884.5173333333</dst>
            <dst id="KSCYng">27508.0826666667</dst>
            <dst id="LOSAng">16699.3706666667</dst>
            <dst id="NYCMng">19932.424</dst>
            <dst id="SNVAng">28546.7946666667</dst>
            <dst id="STTLng">13836.6986666667</dst>
            <dst id="WASHng">49447.9013333333</dst>
        </src>
        <src id="HSTNng">
            <dst id="ATLA-M5">3244.264</dst>
            <dst id="ATLAng">8257.63466666667</dst>
            <dst id="CHINng">30127.6586666667</dst>
            <dst id="DNVRng">1223.24</dst>
            <dst id="HSTNng">21842.5653333333</dst>
            <dst id="IPLSng">2133.06933333333</dst>
            <dst id="KSCYng">4655.49866666667</dst>
            <dst id="LOSAng">12661.232</dst>
            <dst id="NYCMng">5165.96266666667</dst>
            <dst id="SNVAng">322.005333333333</dst>
            <dst id="STTLng">1944.992</dst>
            <dst id="WASHng">3379.024</dst>
        </src>
        <src id="IPLSng">
            <dst id="ATLA-M5">2859.30133333333</dst>
            <dst id="ATLAng">21604.6053333333</dst>
            <dst id="CHINng">89998.968</dst>
            <dst id="DNVRng">17758.0213333333</dst>
            <dst id="HSTNng">9348.57333333333</dst>
            <dst id="IPLSng">25114.768</dst>
            <dst id="KSCYng">16198.0266666667</dst>
            <dst id="LOSAng">17092.0266666667</dst>
            <dst id="NYCMng">46910.64</dst>
            <dst id="SNVAng">4536.47466666667</dst>
            <dst id="STTLng">6084.48266666667</dst>
            <dst id="WASHng">28683.0213333333</dst>
        </src>
        <src id="KSCYng">
            <dst id="ATLA-M5">329.050666666667</dst>
            <dst id="ATLAng">9158.87466666667</dst>
            <dst id="CHINng">33425.8053333333</dst>
            <dst id="DNVRng">12105.296</dst>
            <dst id="HSTNng">6284.23466666667</dst>
            <dst id="IPLSng">17433.584</dst>
            <dst id="KSCYng">11350.9253333333</dst>
            <dst id="LOSAng">4352.88</dst>
            <dst id="NYCMng">3433.63733333333</dst>
            <dst id="SNVAng">2443.512</dst>
            <dst id="STTLng">3322.85866666667</dst>
            <dst id="WASHng">11082.4746666667</dst>
        </src>
        <src id="LOSAng">
            <dst id="ATLA-M5">239.176</dst>
            <dst id="ATLAng">18916.4106666667</dst>
            <dst id="CHINng">134221.845333333</dst>
            <dst id="DNVRng">26822.2346666667</dst>
            <dst id="HSTNng">6074.12</dst>
            <dst id="IPLSng">39150.064</dst>
            <dst id="KSCYng">4922.53333333333</dst>
            <dst id="LOSAng">14204.88</dst>
            <dst id="NYCMng">33139.312</dst>
            <dst id="SNVAng">25157.256</dst>
            <dst id="STTLng">20949.7146666667</dst>
            <dst id="WASHng">34593.8133333333</dst>
        </src>
        <src id="NYCMng">
            <dst id="ATLA-M5">671.157333333333</dst>
            <dst id="ATLAng">38827.3093333333</dst>
            <dst id="CHINng">22424.12</dst>
            <dst id="DNVRng">36169.9973333333</dst>
            <dst id="HSTNng">15052.8186666667</dst>
            <dst id="IPLSng">40301.76</dst>
            <dst id="KSCYng">18399.5226666667</dst>
            <dst id="LOSAng">82126.0666666667</dst>
            <dst id="NYCMng">144348.813333333</dst>
            <dst id="SNVAng">2933.99466666667</dst>
            <dst id="STTLng">23954.4053333333</dst>
            <dst id="WASHng">59676.8853333333</dst>
        </src>
        <src id="SNVAng">
            <dst id="ATLA-M5">0</dst>
            <dst id="ATLAng">80</dst>
            <dst id="CHINng">0</dst>
            <dst id="DNVRng">9643.66133333333</dst>
            <dst id="HSTNng">129.301333333333</dst>
            <dst id="IPLSng">342.032</dst>
            <dst id="KSCYng">80</dst>
            <dst id="LOSAng">39102.0773333333</dst>
            <dst id="NYCMng">923.202666666667</dst>
            <dst id="SNVAng">12029.7786666667</dst>
            <dst id="STTLng">29786.5306666667</dst>
            <dst id="WASHng">69.4346666666667</dst>
        </src>
        <src id="STTLng">
            <dst id="ATLA-M5">440.544</dst>
            <dst id="ATLAng">11048.8186666667</dst>
            <dst id="CHINng">32153.7333333333</dst>
            <dst id="DNVRng">2905.29066666667</dst>
            <dst id="HSTNng">3933.07733333333</dst>
            <dst id="IPLSng">12279.6853333333</dst>
            <dst id="KSCYng">11377.8986666667</dst>
            <dst id="LOSAng">17884.92</dst>
            <dst id="NYCMng">13638.8373333333</dst>
            <dst id="SNVAng">7900.06933333333</dst>
            <dst id="STTLng">8174.26666666667</dst>
            <dst id="WASHng">22732.0746666667</dst>
        </src>
        <src id="WASHng">
            <dst id="ATLA-M5">433.6</dst>
            <dst id="ATLAng">131219.648</dst>
            <dst id="CHINng">57113.1413333333</dst>
            <dst id="DNVRng">52225.5573333333</dst>
            <dst id="HSTNng">45165.456</dst>
            <dst id="IPLSng">60098.1253333333</dst>
            <dst id="KSCYng">23378.9866666667</dst>
            <dst id="LOSAng">54691.0906666667</dst>
            <dst id="NYCMng">188769.088</dst>
            <dst id="SNVAng">12824.8346666667</dst>
            <dst id="STTLng">45786.8613333333</dst>
            <dst id="WASHng">462809.733333333</dst>
        </src>
    </IntraTM>
</TrafficMatrixFile>
