<?xml version="1.0" encoding="ISO-8859-1" standalone="yes"?>
<TrafficMatrixFile xsi:noNamespaceSchemaLocation="http://totem.run.montefiore.ulg.ac.be/Schema/TrafficMatrix-v1_2.xsd" xmlns:xsi="http://www.w3.org/2001/XMLSchema-instance">
    <IntraTM ASID="11537">
        <src id="ATLA-M5">
            <dst id="ATLA-M5">26.6666666666667</dst>
            <dst id="ATLAng">2022.112</dst>
            <dst id="CHINng">144.16</dst>
            <dst id="DNVRng">0</dst>
            <dst id="HSTNng">108.901333333333</dst>
            <dst id="IPLSng">0</dst>
            <dst id="KSCYng">491.578666666667</dst>
            <dst id="LOSAng">213.570666666667</dst>
            <dst id="NYCMng">85.5466666666667</dst>
            <dst id="SNVAng">0</dst>
            <dst id="STTLng">80</dst>
            <dst id="WASHng">421.234666666667</dst>
        </src>
        <src id="ATLAng">
            <dst id="ATLA-M5">508.954666666667</dst>
            <dst id="ATLAng">55199.52</dst>
            <dst id="CHINng">5601.64533333333</dst>
            <dst id="DNVRng">2409.46133333333</dst>
            <dst id="HSTNng">3558.51466666667</dst>
            <dst id="IPLSng">21225.4213333333</dst>
            <dst id="KSCYng">2404.14933333333</dst>
            <dst id="LOSAng">10612.16</dst>
            <dst id="NYCMng">2892.968</dst>
            <dst id="SNVAng">990.274666666667</dst>
            <dst id="STTLng">7678.616</dst>
            <dst id="WASHng">24359.2666666667</dst>
        </src>
        <src id="CHINng">
            <dst id="ATLA-M5">146.088</dst>
            <dst id="ATLAng">28091.672</dst>
            <dst id="CHINng">50957.3306666667</dst>
            <dst id="DNVRng">7610.06933333333</dst>
            <dst id="HSTNng">9547.54933333333</dst>
            <dst id="IPLSng">25158.4</dst>
            <dst id="KSCYng">17009.5066666667</dst>
            <dst id="LOSAng">45003.0533333333</dst>
            <dst id="NYCMng">13133.7813333333</dst>
            <dst id="SNVAng">8570.72533333333</dst>
            <dst id="STTLng">6185.89066666666</dst>
            <dst id="WASHng">24990.9173333333</dst>
        </src>
        <src id="DNVRng">
            <dst id="ATLA-M5">248.365333333333</dst>
            <dst id="ATLAng">5324.70133333333</dst>
            <dst id="CHINng">48499.3386666667</dst>
            <dst id="DNVRng">11856.6346666667</dst>
            <dst id="HSTNng">15595.9253333333</dst>
            <dst id="IPLSng">44222.3466666667</dst>
            <dst id="KSCYng">16047.664</dst>
            <dst id="LOSAng">25196.1813333333</dst>
            <dst id="NYCMng">18547.088</dst>
            <dst id="SNVAng">13010.144</dst>
            <dst id="STTLng">20850.2586666667</dst>
            <dst id="WASHng">38780.688</dst>
        </src>
        <src id="HSTNng">
            <dst id="ATLA-M5">2168.296</dst>
            <dst id="ATLAng">7478.89333333333</dst>
            <dst id="CHINng">27358.8453333333</dst>
            <dst id="DNVRng">936.304</dst>
            <dst id="HSTNng">16652.9066666667</dst>
            <dst id="IPLSng">6709.27466666667</dst>
            <dst id="KSCYng">1284.33333333333</dst>
            <dst id="LOSAng">2875.37066666667</dst>
            <dst id="NYCMng">2199.82133333333</dst>
            <dst id="SNVAng">72.2026666666667</dst>
            <dst id="STTLng">3490.26666666667</dst>
            <dst id="WASHng">21249.6266666667</dst>
        </src>
        <src id="IPLSng">
            <dst id="ATLA-M5">26.6666666666667</dst>
            <dst id="ATLAng">33900.264</dst>
            <dst id="CHINng">58687.808</dst>
            <dst id="DNVRng">18161.7493333333</dst>
            <dst id="HSTNng">1070.08266666667</dst>
            <dst id="IPLSng">25235.2186666667</dst>
            <dst id="KSCYng">13370.2666666667</dst>
            <dst id="LOSAng">22502.4053333333</dst>
            <dst id="NYCMng">19380.808</dst>
            <dst id="SNVAng">1072.15466666667</dst>
            <dst id="STTLng">10063.648</dst>
            <dst id="WASHng">21749.0186666667</dst>
        </src>
        <src id="KSCYng">
            <dst id="ATLA-M5">272.128</dst>
            <dst id="ATLAng">2326.73866666667</dst>
            <dst id="CHINng">16223.48</dst>
            <dst id="DNVRng">19509.5573333333</dst>
            <dst id="HSTNng">11794.4533333333</dst>
            <dst id="IPLSng">15886.864</dst>
            <dst id="KSCYng">6398.10933333333</dst>
            <dst id="LOSAng">7532.22133333333</dst>
            <dst id="NYCMng">4143.024</dst>
            <dst id="SNVAng">3865.608</dst>
            <dst id="STTLng">3080.016</dst>
            <dst id="WASHng">14132.2906666667</dst>
        </src>
        <src id="LOSAng">
            <dst id="ATLA-M5">628.581333333333</dst>
            <dst id="ATLAng">18274.2373333333</dst>
            <dst id="CHINng">76979.3146666667</dst>
            <dst id="DNVRng">37405.3706666667</dst>
            <dst id="HSTNng">4542.54933333333</dst>
            <dst id="IPLSng">10874.9813333333</dst>
            <dst id="KSCYng">5925.83733333333</dst>
            <dst id="LOSAng">17407.4613333333</dst>
            <dst id="NYCMng">33454.2906666667</dst>
            <dst id="SNVAng">22379.9786666667</dst>
            <dst id="STTLng">23658.84</dst>
            <dst id="WASHng">33523.72</dst>
        </src>
        <src id="NYCMng">
            <dst id="ATLA-M5">960.085333333333</dst>
            <dst id="ATLAng">23790.4773333333</dst>
            <dst id="CHINng">19068.6106666667</dst>
            <dst id="DNVRng">37555.9466666667</dst>
            <dst id="HSTNng">10053.5573333333</dst>
            <dst id="IPLSng">36719.7973333333</dst>
            <dst id="KSCYng">10816.776</dst>
            <dst id="LOSAng">74366.864</dst>
            <dst id="NYCMng">110899.389333333</dst>
            <dst id="SNVAng">6915.856</dst>
            <dst id="STTLng">30704.5013333333</dst>
            <dst id="WASHng">84889.5546666666</dst>
        </src>
        <src id="SNVAng">
            <dst id="ATLA-M5">0</dst>
            <dst id="ATLAng">26.6666666666667</dst>
            <dst id="CHINng">80</dst>
            <dst id="DNVRng">3813.83733333333</dst>
            <dst id="HSTNng">70.3733333333333</dst>
            <dst id="IPLSng">309.554666666667</dst>
            <dst id="KSCYng">0</dst>
            <dst id="LOSAng">42400.016</dst>
            <dst id="NYCMng">551.456</dst>
            <dst id="SNVAng">6189.06933333333</dst>
            <dst id="STTLng">33103.3866666667</dst>
            <dst id="WASHng">53.3333333333333</dst>
        </src>
        <src id="STTLng">
            <dst id="ATLA-M5">26.6666666666667</dst>
            <dst id="ATLAng">8039.76</dst>
            <dst id="CHINng">11709.1733333333</dst>
            <dst id="DNVRng">3442.09866666667</dst>
            <dst id="HSTNng">4373.30933333333</dst>
            <dst id="IPLSng">8766.576</dst>
            <dst id="KSCYng">3750.15466666667</dst>
            <dst id="LOSAng">22412.36</dst>
            <dst id="NYCMng">10534.48</dst>
            <dst id="SNVAng">4590.99733333333</dst>
            <dst id="STTLng">3673.61866666667</dst>
            <dst id="WASHng">6962.13066666667</dst>
        </src>
        <src id="WASHng">
            <dst id="ATLA-M5">108.890666666667</dst>
            <dst id="ATLAng">118184.274666667</dst>
            <dst id="CHINng">47983.5626666667</dst>
            <dst id="DNVRng">89954.3946666667</dst>
            <dst id="HSTNng">19057.28</dst>
            <dst id="IPLSng">43740.1466666667</dst>
            <dst id="KSCYng">7362.05066666666</dst>
            <dst id="LOSAng">69125.9253333333</dst>
            <dst id="NYCMng">129568.712</dst>
            <dst id="SNVAng">14067.4293333333</dst>
            <dst id="STTLng">62131.3573333333</dst>
            <dst id="WASHng">253654.36</dst>
        </src>
    </IntraTM>
</TrafficMatrixFile>
