<?xml version="1.0" encoding="ISO-8859-1" standalone="yes"?>
<TrafficMatrixFile xsi:noNamespaceSchemaLocation="http://totem.run.montefiore.ulg.ac.be/Schema/TrafficMatrix-v1_2.xsd" xmlns:xsi="http://www.w3.org/2001/XMLSchema-instance">
    <IntraTM ASID="11537">
        <src id="ATLA-M5">
            <dst id="ATLA-M5">85.0186666666667</dst>
            <dst id="ATLAng">105.72</dst>
            <dst id="CHINng">231.021333333333</dst>
            <dst id="DNVRng">0</dst>
            <dst id="HSTNng">80</dst>
            <dst id="IPLSng">140.44</dst>
            <dst id="KSCYng">195.626666666667</dst>
            <dst id="LOSAng">155.605333333333</dst>
            <dst id="NYCMng">26.6666666666667</dst>
            <dst id="SNVAng">13.3333333333333</dst>
            <dst id="STTLng">53.3333333333333</dst>
            <dst id="WASHng">1000.512</dst>
        </src>
        <src id="ATLAng">
            <dst id="ATLA-M5">383.672</dst>
            <dst id="ATLAng">25138.5333333333</dst>
            <dst id="CHINng">14451.0346666667</dst>
            <dst id="DNVRng">2004.04</dst>
            <dst id="HSTNng">3007.58666666667</dst>
            <dst id="IPLSng">21594.592</dst>
            <dst id="KSCYng">8816.56266666666</dst>
            <dst id="LOSAng">8339.07866666666</dst>
            <dst id="NYCMng">28149.632</dst>
            <dst id="SNVAng">1572.068</dst>
            <dst id="STTLng">8912.93066666667</dst>
            <dst id="WASHng">55270.8186666667</dst>
        </src>
        <src id="CHINng">
            <dst id="ATLA-M5">222.888</dst>
            <dst id="ATLAng">31106.4106666667</dst>
            <dst id="CHINng">66203.0186666667</dst>
            <dst id="DNVRng">6804.288</dst>
            <dst id="HSTNng">20225.216</dst>
            <dst id="IPLSng">35668.688</dst>
            <dst id="KSCYng">7849.304</dst>
            <dst id="LOSAng">52678.3493333333</dst>
            <dst id="NYCMng">22728.0426666667</dst>
            <dst id="SNVAng">7944.23466666667</dst>
            <dst id="STTLng">7245.30666666667</dst>
            <dst id="WASHng">24490.64</dst>
        </src>
        <src id="DNVRng">
            <dst id="ATLA-M5">182.349333333333</dst>
            <dst id="ATLAng">13606.4453333333</dst>
            <dst id="CHINng">82107.3786666667</dst>
            <dst id="DNVRng">19333.6853333333</dst>
            <dst id="HSTNng">16968.2186666667</dst>
            <dst id="IPLSng">36819.32</dst>
            <dst id="KSCYng">21964.624</dst>
            <dst id="LOSAng">11267.208</dst>
            <dst id="NYCMng">12581.1173333333</dst>
            <dst id="SNVAng">29645.4373333333</dst>
            <dst id="STTLng">11400.328</dst>
            <dst id="WASHng">53293.576</dst>
        </src>
        <src id="HSTNng">
            <dst id="ATLA-M5">1536.94933333333</dst>
            <dst id="ATLAng">5188.95466666667</dst>
            <dst id="CHINng">14379.2506666667</dst>
            <dst id="DNVRng">1251.66933333333</dst>
            <dst id="HSTNng">4434.36266666667</dst>
            <dst id="IPLSng">4139.78933333333</dst>
            <dst id="KSCYng">1750.09066666667</dst>
            <dst id="LOSAng">7625.84266666667</dst>
            <dst id="NYCMng">3139.568</dst>
            <dst id="SNVAng">1956.248</dst>
            <dst id="STTLng">736.781333333333</dst>
            <dst id="WASHng">4838.176</dst>
        </src>
        <src id="IPLSng">
            <dst id="ATLA-M5">261.477333333333</dst>
            <dst id="ATLAng">26971.448</dst>
            <dst id="CHINng">103266.616</dst>
            <dst id="DNVRng">20802.9706666667</dst>
            <dst id="HSTNng">4597.792</dst>
            <dst id="IPLSng">22424.4773333333</dst>
            <dst id="KSCYng">7916.328</dst>
            <dst id="LOSAng">37089.496</dst>
            <dst id="NYCMng">44954.728</dst>
            <dst id="SNVAng">2524.54933333333</dst>
            <dst id="STTLng">13986.4506666667</dst>
            <dst id="WASHng">13409.8506666667</dst>
        </src>
        <src id="KSCYng">
            <dst id="ATLA-M5">2720.78666666667</dst>
            <dst id="ATLAng">12301.9386666667</dst>
            <dst id="CHINng">21891.232</dst>
            <dst id="DNVRng">11204.0933333333</dst>
            <dst id="HSTNng">3378.61866666667</dst>
            <dst id="IPLSng">13159.608</dst>
            <dst id="KSCYng">7393.25066666667</dst>
            <dst id="LOSAng">6952.54666666667</dst>
            <dst id="NYCMng">5550.98133333333</dst>
            <dst id="SNVAng">3497.30666666667</dst>
            <dst id="STTLng">3832.21066666667</dst>
            <dst id="WASHng">11493.9066666667</dst>
        </src>
        <src id="LOSAng">
            <dst id="ATLA-M5">1104.952</dst>
            <dst id="ATLAng">19200.752</dst>
            <dst id="CHINng">108475.154666667</dst>
            <dst id="DNVRng">39900.6133333333</dst>
            <dst id="HSTNng">11702.2026666667</dst>
            <dst id="IPLSng">40890.08</dst>
            <dst id="KSCYng">9837.32</dst>
            <dst id="LOSAng">21093.368</dst>
            <dst id="NYCMng">51789.8373333333</dst>
            <dst id="SNVAng">18748.4</dst>
            <dst id="STTLng">25721.2213333333</dst>
            <dst id="WASHng">40496.76</dst>
        </src>
        <src id="NYCMng">
            <dst id="ATLA-M5">741.549333333333</dst>
            <dst id="ATLAng">41156.776</dst>
            <dst id="CHINng">23793.9946666667</dst>
            <dst id="DNVRng">51420.056</dst>
            <dst id="HSTNng">19385.5146666667</dst>
            <dst id="IPLSng">29239.6506666667</dst>
            <dst id="KSCYng">20591.0666666667</dst>
            <dst id="LOSAng">88877.856</dst>
            <dst id="NYCMng">146517.109333333</dst>
            <dst id="SNVAng">5471.384</dst>
            <dst id="STTLng">58301.9173333333</dst>
            <dst id="WASHng">158864.354666667</dst>
        </src>
        <src id="SNVAng">
            <dst id="ATLA-M5">26.6666666666667</dst>
            <dst id="ATLAng">54.4213333333333</dst>
            <dst id="CHINng">26.6666666666667</dst>
            <dst id="DNVRng">4461.41333333333</dst>
            <dst id="HSTNng">296.218666666667</dst>
            <dst id="IPLSng">2934.16</dst>
            <dst id="KSCYng">485.845333333333</dst>
            <dst id="LOSAng">36325.752</dst>
            <dst id="NYCMng">3125.58933333333</dst>
            <dst id="SNVAng">13551.3813333333</dst>
            <dst id="STTLng">33325.6053333333</dst>
            <dst id="WASHng">221.357333333333</dst>
        </src>
        <src id="STTLng">
            <dst id="ATLA-M5">346.488</dst>
            <dst id="ATLAng">16919.688</dst>
            <dst id="CHINng">23535.7413333333</dst>
            <dst id="DNVRng">7674.25866666666</dst>
            <dst id="HSTNng">3438.97866666667</dst>
            <dst id="IPLSng">12582.0773333333</dst>
            <dst id="KSCYng">5851.90933333333</dst>
            <dst id="LOSAng">40201.184</dst>
            <dst id="NYCMng">16320.224</dst>
            <dst id="SNVAng">7541.288</dst>
            <dst id="STTLng">6025.49066666667</dst>
            <dst id="WASHng">19478.304</dst>
        </src>
        <src id="WASHng">
            <dst id="ATLA-M5">997.010666666667</dst>
            <dst id="ATLAng">112031.298666667</dst>
            <dst id="CHINng">91972.1226666667</dst>
            <dst id="DNVRng">83856.6613333333</dst>
            <dst id="HSTNng">36838.8986666667</dst>
            <dst id="IPLSng">69827.5093333333</dst>
            <dst id="KSCYng">17293.7733333333</dst>
            <dst id="LOSAng">69784.0853333333</dst>
            <dst id="NYCMng">160885.901333333</dst>
            <dst id="SNVAng">23714.3146666667</dst>
            <dst id="STTLng">53359.0933333333</dst>
            <dst id="WASHng">236995.698666667</dst>
        </src>
    </IntraTM>
</TrafficMatrixFile>
