<?xml version="1.0" encoding="ISO-8859-1" standalone="yes"?>
<TrafficMatrixFile xsi:noNamespaceSchemaLocation="http://totem.run.montefiore.ulg.ac.be/Schema/TrafficMatrix-v1_2.xsd" xmlns:xsi="http://www.w3.org/2001/XMLSchema-instance">
    <IntraTM ASID="11537">
        <src id="ATLA-M5">
            <dst id="ATLA-M5">53.3333333333333</dst>
            <dst id="ATLAng">160.405333333333</dst>
            <dst id="CHINng">181.584</dst>
            <dst id="DNVRng">0</dst>
            <dst id="HSTNng">28.2533333333333</dst>
            <dst id="IPLSng">84.128</dst>
            <dst id="KSCYng">0</dst>
            <dst id="LOSAng">590.768</dst>
            <dst id="NYCMng">427.853333333333</dst>
            <dst id="SNVAng">0</dst>
            <dst id="STTLng">26.6666666666667</dst>
            <dst id="WASHng">813.328</dst>
        </src>
        <src id="ATLAng">
            <dst id="ATLA-M5">334.229333333333</dst>
            <dst id="ATLAng">25541.3946666667</dst>
            <dst id="CHINng">9067.008</dst>
            <dst id="DNVRng">3527.22133333333</dst>
            <dst id="HSTNng">3352.89066666667</dst>
            <dst id="IPLSng">13023.568</dst>
            <dst id="KSCYng">1212.49066666667</dst>
            <dst id="LOSAng">10625.568</dst>
            <dst id="NYCMng">20905.752</dst>
            <dst id="SNVAng">1239.19733333333</dst>
            <dst id="STTLng">6335.22933333333</dst>
            <dst id="WASHng">50742.2026666667</dst>
        </src>
        <src id="CHINng">
            <dst id="ATLA-M5">247.194666666667</dst>
            <dst id="ATLAng">20601.472</dst>
            <dst id="CHINng">82887.1706666667</dst>
            <dst id="DNVRng">6874.6</dst>
            <dst id="HSTNng">12661.7866666667</dst>
            <dst id="IPLSng">26121.672</dst>
            <dst id="KSCYng">19046.8666666667</dst>
            <dst id="LOSAng">31974.8933333333</dst>
            <dst id="NYCMng">12285.9573333333</dst>
            <dst id="SNVAng">4353.69866666667</dst>
            <dst id="STTLng">5179.448</dst>
            <dst id="WASHng">23188.1786666667</dst>
        </src>
        <src id="DNVRng">
            <dst id="ATLA-M5">359.592</dst>
            <dst id="ATLAng">9394.928</dst>
            <dst id="CHINng">62242.1786666667</dst>
            <dst id="DNVRng">6964.30666666667</dst>
            <dst id="HSTNng">19901.0026666667</dst>
            <dst id="IPLSng">28284.24</dst>
            <dst id="KSCYng">13193.368</dst>
            <dst id="LOSAng">8290.90666666667</dst>
            <dst id="NYCMng">29350.5653333333</dst>
            <dst id="SNVAng">7621.05866666667</dst>
            <dst id="STTLng">5546.17333333333</dst>
            <dst id="WASHng">36631.8666666667</dst>
        </src>
        <src id="HSTNng">
            <dst id="ATLA-M5">275.269333333333</dst>
            <dst id="ATLAng">3484.28266666667</dst>
            <dst id="CHINng">19570.7573333333</dst>
            <dst id="DNVRng">1018.85066666667</dst>
            <dst id="HSTNng">13128.5146666667</dst>
            <dst id="IPLSng">10027.92</dst>
            <dst id="KSCYng">1553.92</dst>
            <dst id="LOSAng">8399.18666666667</dst>
            <dst id="NYCMng">3943.78933333333</dst>
            <dst id="SNVAng">153.861333333333</dst>
            <dst id="STTLng">812.570666666667</dst>
            <dst id="WASHng">6616.59466666667</dst>
        </src>
        <src id="IPLSng">
            <dst id="ATLA-M5">83.032</dst>
            <dst id="ATLAng">29540.0346666667</dst>
            <dst id="CHINng">90526.2746666667</dst>
            <dst id="DNVRng">14872.528</dst>
            <dst id="HSTNng">3435.88</dst>
            <dst id="IPLSng">21621.4346666667</dst>
            <dst id="KSCYng">18373.752</dst>
            <dst id="LOSAng">14609.184</dst>
            <dst id="NYCMng">62738.0586666667</dst>
            <dst id="SNVAng">740.946666666667</dst>
            <dst id="STTLng">5772.992</dst>
            <dst id="WASHng">19369.7493333333</dst>
        </src>
        <src id="KSCYng">
            <dst id="ATLA-M5">26.6666666666667</dst>
            <dst id="ATLAng">2086.648</dst>
            <dst id="CHINng">25445.2613333333</dst>
            <dst id="DNVRng">9267.77333333333</dst>
            <dst id="HSTNng">4642.95733333333</dst>
            <dst id="IPLSng">9608.424</dst>
            <dst id="KSCYng">3295.67466666667</dst>
            <dst id="LOSAng">5310.21333333333</dst>
            <dst id="NYCMng">4647.45333333333</dst>
            <dst id="SNVAng">1834.06933333333</dst>
            <dst id="STTLng">2869.79733333333</dst>
            <dst id="WASHng">12675.7253333333</dst>
        </src>
        <src id="LOSAng">
            <dst id="ATLA-M5">4130.16</dst>
            <dst id="ATLAng">17176.7573333333</dst>
            <dst id="CHINng">150693.909333333</dst>
            <dst id="DNVRng">21500.5973333333</dst>
            <dst id="HSTNng">3099.70666666667</dst>
            <dst id="IPLSng">29793.5013333333</dst>
            <dst id="KSCYng">8217.26666666667</dst>
            <dst id="LOSAng">12263.5066666667</dst>
            <dst id="NYCMng">34469.336</dst>
            <dst id="SNVAng">12338.4533333333</dst>
            <dst id="STTLng">18093.4</dst>
            <dst id="WASHng">28477.1866666667</dst>
        </src>
        <src id="NYCMng">
            <dst id="ATLA-M5">211.773333333333</dst>
            <dst id="ATLAng">34526.6053333333</dst>
            <dst id="CHINng">18946.3546666667</dst>
            <dst id="DNVRng">22224.568</dst>
            <dst id="HSTNng">13843.104</dst>
            <dst id="IPLSng">18951.7253333333</dst>
            <dst id="KSCYng">11369.4826666667</dst>
            <dst id="LOSAng">75240.0133333333</dst>
            <dst id="NYCMng">111928.506666667</dst>
            <dst id="SNVAng">676.488</dst>
            <dst id="STTLng">16069.0266666667</dst>
            <dst id="WASHng">91200.632</dst>
        </src>
        <src id="SNVAng">
            <dst id="ATLA-M5">0</dst>
            <dst id="ATLAng">2836.71466666667</dst>
            <dst id="CHINng">53.3333333333333</dst>
            <dst id="DNVRng">4187.672</dst>
            <dst id="HSTNng">32.2773333333333</dst>
            <dst id="IPLSng">262.069333333333</dst>
            <dst id="KSCYng">0</dst>
            <dst id="LOSAng">32239.2933333333</dst>
            <dst id="NYCMng">349.717333333333</dst>
            <dst id="SNVAng">5248.90933333333</dst>
            <dst id="STTLng">30678.3466666667</dst>
            <dst id="WASHng">109.536</dst>
        </src>
        <src id="STTLng">
            <dst id="ATLA-M5">0</dst>
            <dst id="ATLAng">10464.0613333333</dst>
            <dst id="CHINng">36050.272</dst>
            <dst id="DNVRng">2087.27733333333</dst>
            <dst id="HSTNng">1458.57333333333</dst>
            <dst id="IPLSng">6880.55466666667</dst>
            <dst id="KSCYng">3553.52</dst>
            <dst id="LOSAng">11778.616</dst>
            <dst id="NYCMng">11767.4533333333</dst>
            <dst id="SNVAng">2162.048</dst>
            <dst id="STTLng">4645.69333333333</dst>
            <dst id="WASHng">15665.0133333333</dst>
        </src>
        <src id="WASHng">
            <dst id="ATLA-M5">1350.136</dst>
            <dst id="ATLAng">113284.885333333</dst>
            <dst id="CHINng">65113.8906666667</dst>
            <dst id="DNVRng">43265.6533333333</dst>
            <dst id="HSTNng">18938.248</dst>
            <dst id="IPLSng">51230.44</dst>
            <dst id="KSCYng">11394.768</dst>
            <dst id="LOSAng">63389.488</dst>
            <dst id="NYCMng">194369.536</dst>
            <dst id="SNVAng">5358.12</dst>
            <dst id="STTLng">39276.6853333333</dst>
            <dst id="WASHng">325719.173333333</dst>
        </src>
    </IntraTM>
</TrafficMatrixFile>
