<?xml version="1.0" encoding="ISO-8859-1" standalone="yes"?>
<TrafficMatrixFile xsi:noNamespaceSchemaLocation="http://totem.run.montefiore.ulg.ac.be/Schema/TrafficMatrix-v1_2.xsd" xmlns:xsi="http://www.w3.org/2001/XMLSchema-instance">
    <IntraTM ASID="11537">
        <src id="ATLA-M5">
            <dst id="ATLA-M5">107.013333333333</dst>
            <dst id="ATLAng">565.789333333333</dst>
            <dst id="CHINng">1212.32</dst>
            <dst id="DNVRng">26.6666666666667</dst>
            <dst id="HSTNng">53.3333333333333</dst>
            <dst id="IPLSng">26.6666666666667</dst>
            <dst id="KSCYng">196.64</dst>
            <dst id="LOSAng">474.248</dst>
            <dst id="NYCMng">80</dst>
            <dst id="SNVAng">0</dst>
            <dst id="STTLng">0</dst>
            <dst id="WASHng">1634.312</dst>
        </src>
        <src id="ATLAng">
            <dst id="ATLA-M5">685.749333333333</dst>
            <dst id="ATLAng">19429.792</dst>
            <dst id="CHINng">11557.3493333333</dst>
            <dst id="DNVRng">2208.424</dst>
            <dst id="HSTNng">4480.11733333333</dst>
            <dst id="IPLSng">30604.8933333333</dst>
            <dst id="KSCYng">1523.824</dst>
            <dst id="LOSAng">5231.592</dst>
            <dst id="NYCMng">8488.66133333333</dst>
            <dst id="SNVAng">705.946666666667</dst>
            <dst id="STTLng">9718.95466666666</dst>
            <dst id="WASHng">47926.1066666667</dst>
        </src>
        <src id="CHINng">
            <dst id="ATLA-M5">110.736</dst>
            <dst id="ATLAng">26057.16</dst>
            <dst id="CHINng">68374.336</dst>
            <dst id="DNVRng">5803.61066666667</dst>
            <dst id="HSTNng">53335.52</dst>
            <dst id="IPLSng">26172.88</dst>
            <dst id="KSCYng">7250.488</dst>
            <dst id="LOSAng">33192.8266666667</dst>
            <dst id="NYCMng">18939.8586666667</dst>
            <dst id="SNVAng">703.413333333333</dst>
            <dst id="STTLng">3776.91733333333</dst>
            <dst id="WASHng">39466.6133333333</dst>
        </src>
        <src id="DNVRng">
            <dst id="ATLA-M5">106.045333333333</dst>
            <dst id="ATLAng">7981.59733333333</dst>
            <dst id="CHINng">68783.384</dst>
            <dst id="DNVRng">11909.4266666667</dst>
            <dst id="HSTNng">17921.0586666667</dst>
            <dst id="IPLSng">35603.648</dst>
            <dst id="KSCYng">26297.0933333333</dst>
            <dst id="LOSAng">9423.13333333333</dst>
            <dst id="NYCMng">19959.3013333333</dst>
            <dst id="SNVAng">14417.4293333333</dst>
            <dst id="STTLng">11882.8026666667</dst>
            <dst id="WASHng">46160.7866666667</dst>
        </src>
        <src id="HSTNng">
            <dst id="ATLA-M5">1334.58133333333</dst>
            <dst id="ATLAng">4455.43733333333</dst>
            <dst id="CHINng">16489.6586666667</dst>
            <dst id="DNVRng">917.626666666667</dst>
            <dst id="HSTNng">16715.792</dst>
            <dst id="IPLSng">6185.152</dst>
            <dst id="KSCYng">5060.08266666667</dst>
            <dst id="LOSAng">30228.832</dst>
            <dst id="NYCMng">3212.91466666667</dst>
            <dst id="SNVAng">150.082666666667</dst>
            <dst id="STTLng">246.376</dst>
            <dst id="WASHng">8125.49333333333</dst>
        </src>
        <src id="IPLSng">
            <dst id="ATLA-M5">917.904</dst>
            <dst id="ATLAng">17428.4986666667</dst>
            <dst id="CHINng">50109.5973333333</dst>
            <dst id="DNVRng">8778.61333333333</dst>
            <dst id="HSTNng">4974.70933333333</dst>
            <dst id="IPLSng">19683.5733333333</dst>
            <dst id="KSCYng">3910.184</dst>
            <dst id="LOSAng">13183.8133333333</dst>
            <dst id="NYCMng">19471.7893333333</dst>
            <dst id="SNVAng">1216.18933333333</dst>
            <dst id="STTLng">8633.2</dst>
            <dst id="WASHng">27579.664</dst>
        </src>
        <src id="KSCYng">
            <dst id="ATLA-M5">93.1573333333333</dst>
            <dst id="ATLAng">5845.29333333333</dst>
            <dst id="CHINng">22399.7253333333</dst>
            <dst id="DNVRng">14726.368</dst>
            <dst id="HSTNng">4162.26933333333</dst>
            <dst id="IPLSng">16086.0453333333</dst>
            <dst id="KSCYng">13159.2</dst>
            <dst id="LOSAng">6313.81333333333</dst>
            <dst id="NYCMng">2747.80533333333</dst>
            <dst id="SNVAng">2087.70133333333</dst>
            <dst id="STTLng">3053.29066666667</dst>
            <dst id="WASHng">14075.1413333333</dst>
        </src>
        <src id="LOSAng">
            <dst id="ATLA-M5">287.472</dst>
            <dst id="ATLAng">15834.2773333333</dst>
            <dst id="CHINng">142305.949333333</dst>
            <dst id="DNVRng">27710.1146666667</dst>
            <dst id="HSTNng">6180.90133333333</dst>
            <dst id="IPLSng">33948.0666666667</dst>
            <dst id="KSCYng">5835.872</dst>
            <dst id="LOSAng">15143.4746666667</dst>
            <dst id="NYCMng">41481.7733333333</dst>
            <dst id="SNVAng">16143.712</dst>
            <dst id="STTLng">29263.7093333333</dst>
            <dst id="WASHng">56273.5146666667</dst>
        </src>
        <src id="NYCMng">
            <dst id="ATLA-M5">391.024</dst>
            <dst id="ATLAng">44669.344</dst>
            <dst id="CHINng">37248.7653333333</dst>
            <dst id="DNVRng">28794.192</dst>
            <dst id="HSTNng">11896.9093333333</dst>
            <dst id="IPLSng">26883.3413333333</dst>
            <dst id="KSCYng">18286.1626666667</dst>
            <dst id="LOSAng">79905.648</dst>
            <dst id="NYCMng">111347.602666667</dst>
            <dst id="SNVAng">1212.84533333333</dst>
            <dst id="STTLng">16405.0533333333</dst>
            <dst id="WASHng">68955.792</dst>
        </src>
        <src id="SNVAng">
            <dst id="ATLA-M5">0</dst>
            <dst id="ATLAng">185.866666666667</dst>
            <dst id="CHINng">53.3333333333333</dst>
            <dst id="DNVRng">1468.28</dst>
            <dst id="HSTNng">115.133333333333</dst>
            <dst id="IPLSng">234.008</dst>
            <dst id="KSCYng">26.6666666666667</dst>
            <dst id="LOSAng">31225.6853333333</dst>
            <dst id="NYCMng">347.392</dst>
            <dst id="SNVAng">7769.448</dst>
            <dst id="STTLng">31631.8373333333</dst>
            <dst id="WASHng">142.210666666667</dst>
        </src>
        <src id="STTLng">
            <dst id="ATLA-M5">116.570666666667</dst>
            <dst id="ATLAng">13535.472</dst>
            <dst id="CHINng">32429.8293333333</dst>
            <dst id="DNVRng">4003.112</dst>
            <dst id="HSTNng">2193.73866666667</dst>
            <dst id="IPLSng">10163.1226666667</dst>
            <dst id="KSCYng">2746.54933333333</dst>
            <dst id="LOSAng">18064.696</dst>
            <dst id="NYCMng">14064.68</dst>
            <dst id="SNVAng">5861.97066666667</dst>
            <dst id="STTLng">5292.99466666667</dst>
            <dst id="WASHng">20775.1466666667</dst>
        </src>
        <src id="WASHng">
            <dst id="ATLA-M5">336.832</dst>
            <dst id="ATLAng">132585.957333333</dst>
            <dst id="CHINng">44612.5253333333</dst>
            <dst id="DNVRng">38337.8906666667</dst>
            <dst id="HSTNng">26596.448</dst>
            <dst id="IPLSng">84253.8026666667</dst>
            <dst id="KSCYng">13070.4693333333</dst>
            <dst id="LOSAng">65921.6773333333</dst>
            <dst id="NYCMng">148766.136</dst>
            <dst id="SNVAng">5800.98933333333</dst>
            <dst id="STTLng">26130.7413333333</dst>
            <dst id="WASHng">270296.48</dst>
        </src>
    </IntraTM>
</TrafficMatrixFile>
