<?xml version="1.0" encoding="ISO-8859-1" standalone="yes"?>
<TrafficMatrixFile xsi:noNamespaceSchemaLocation="http://totem.run.montefiore.ulg.ac.be/Schema/TrafficMatrix-v1_2.xsd" xmlns:xsi="http://www.w3.org/2001/XMLSchema-instance">
    <IntraTM ASID="11537">
        <src id="ATLA-M5">
            <dst id="ATLA-M5">0</dst>
            <dst id="ATLAng">26.6666666666667</dst>
            <dst id="CHINng">82.3466666666667</dst>
            <dst id="DNVRng">26.6666666666667</dst>
            <dst id="HSTNng">143.573333333333</dst>
            <dst id="IPLSng">0</dst>
            <dst id="KSCYng">778.837333333333</dst>
            <dst id="LOSAng">340.533333333333</dst>
            <dst id="NYCMng">0</dst>
            <dst id="SNVAng">0</dst>
            <dst id="STTLng">886.194666666667</dst>
            <dst id="WASHng">2777.27733333333</dst>
        </src>
        <src id="ATLAng">
            <dst id="ATLA-M5">144.568</dst>
            <dst id="ATLAng">29045.5866666667</dst>
            <dst id="CHINng">4452.54933333333</dst>
            <dst id="DNVRng">3405.608</dst>
            <dst id="HSTNng">11761.8773333333</dst>
            <dst id="IPLSng">14738.1946666667</dst>
            <dst id="KSCYng">508.544</dst>
            <dst id="LOSAng">11152.5626666667</dst>
            <dst id="NYCMng">4126.14666666667</dst>
            <dst id="SNVAng">31.5413333333333</dst>
            <dst id="STTLng">5760.27466666667</dst>
            <dst id="WASHng">23590.096</dst>
        </src>
        <src id="CHINng">
            <dst id="ATLA-M5">5624.06133333333</dst>
            <dst id="ATLAng">8366.01333333333</dst>
            <dst id="CHINng">84082.32</dst>
            <dst id="DNVRng">7711.41866666667</dst>
            <dst id="HSTNng">8672.52266666667</dst>
            <dst id="IPLSng">30443.928</dst>
            <dst id="KSCYng">21000.4586666667</dst>
            <dst id="LOSAng">44353.0613333333</dst>
            <dst id="NYCMng">11580.744</dst>
            <dst id="SNVAng">4197.02933333333</dst>
            <dst id="STTLng">8567.672</dst>
            <dst id="WASHng">30121.6266666667</dst>
        </src>
        <src id="DNVRng">
            <dst id="ATLA-M5">66.88</dst>
            <dst id="ATLAng">11602.1786666667</dst>
            <dst id="CHINng">57734.0426666667</dst>
            <dst id="DNVRng">19571.2773333333</dst>
            <dst id="HSTNng">16355.6666666667</dst>
            <dst id="IPLSng">31437.6986666667</dst>
            <dst id="KSCYng">22784.336</dst>
            <dst id="LOSAng">11963.9626666667</dst>
            <dst id="NYCMng">17501.1466666667</dst>
            <dst id="SNVAng">9391.70933333333</dst>
            <dst id="STTLng">14183.8746666667</dst>
            <dst id="WASHng">40294.7973333333</dst>
        </src>
        <src id="HSTNng">
            <dst id="ATLA-M5">229.461333333333</dst>
            <dst id="ATLAng">3046.94933333333</dst>
            <dst id="CHINng">8273.92</dst>
            <dst id="DNVRng">1638.2</dst>
            <dst id="HSTNng">17077.904</dst>
            <dst id="IPLSng">4991.456</dst>
            <dst id="KSCYng">1885.46133333333</dst>
            <dst id="LOSAng">21778.2666666667</dst>
            <dst id="NYCMng">4394.77866666667</dst>
            <dst id="SNVAng">26.6666666666667</dst>
            <dst id="STTLng">514.008</dst>
            <dst id="WASHng">1694.41866666667</dst>
        </src>
        <src id="IPLSng">
            <dst id="ATLA-M5">0</dst>
            <dst id="ATLAng">18326.144</dst>
            <dst id="CHINng">42722.6133333333</dst>
            <dst id="DNVRng">29438.592</dst>
            <dst id="HSTNng">4070.14666666667</dst>
            <dst id="IPLSng">16833.8533333333</dst>
            <dst id="KSCYng">2539.52533333333</dst>
            <dst id="LOSAng">18095.1093333333</dst>
            <dst id="NYCMng">23064.2906666667</dst>
            <dst id="SNVAng">464.8</dst>
            <dst id="STTLng">7128.14666666667</dst>
            <dst id="WASHng">8261.632</dst>
        </src>
        <src id="KSCYng">
            <dst id="ATLA-M5">53.3333333333333</dst>
            <dst id="ATLAng">767.045333333333</dst>
            <dst id="CHINng">17842.0213333333</dst>
            <dst id="DNVRng">9710.824</dst>
            <dst id="HSTNng">2982.808</dst>
            <dst id="IPLSng">19559.6346666667</dst>
            <dst id="KSCYng">11207.8933333333</dst>
            <dst id="LOSAng">4730.552</dst>
            <dst id="NYCMng">1761.42933333333</dst>
            <dst id="SNVAng">2142.65066666667</dst>
            <dst id="STTLng">3023.74666666667</dst>
            <dst id="WASHng">20050.4933333333</dst>
        </src>
        <src id="LOSAng">
            <dst id="ATLA-M5">80</dst>
            <dst id="ATLAng">9294.15466666667</dst>
            <dst id="CHINng">110884.824</dst>
            <dst id="DNVRng">24243.6133333333</dst>
            <dst id="HSTNng">15072.032</dst>
            <dst id="IPLSng">10025.344</dst>
            <dst id="KSCYng">4011.97333333333</dst>
            <dst id="LOSAng">16461.9946666667</dst>
            <dst id="NYCMng">31389.6426666667</dst>
            <dst id="SNVAng">25501.52</dst>
            <dst id="STTLng">32880.0773333333</dst>
            <dst id="WASHng">21676.2826666667</dst>
        </src>
        <src id="NYCMng">
            <dst id="ATLA-M5">200.877333333333</dst>
            <dst id="ATLAng">10197.2933333333</dst>
            <dst id="CHINng">13709.0933333333</dst>
            <dst id="DNVRng">27126.1573333333</dst>
            <dst id="HSTNng">8603.00533333333</dst>
            <dst id="IPLSng">26249.16</dst>
            <dst id="KSCYng">3883.24266666667</dst>
            <dst id="LOSAng">77385.648</dst>
            <dst id="NYCMng">94156.2746666667</dst>
            <dst id="SNVAng">1750.952</dst>
            <dst id="STTLng">15497.984</dst>
            <dst id="WASHng">37503.9013333333</dst>
        </src>
        <src id="SNVAng">
            <dst id="ATLA-M5">0</dst>
            <dst id="ATLAng">53.3333333333333</dst>
            <dst id="CHINng">137.781333333333</dst>
            <dst id="DNVRng">8992.40266666667</dst>
            <dst id="HSTNng">37.8453333333333</dst>
            <dst id="IPLSng">322.674666666667</dst>
            <dst id="KSCYng">0</dst>
            <dst id="LOSAng">33699.9226666667</dst>
            <dst id="NYCMng">409.6</dst>
            <dst id="SNVAng">6205.83733333333</dst>
            <dst id="STTLng">28308.0826666667</dst>
            <dst id="WASHng">53.3333333333333</dst>
        </src>
        <src id="STTLng">
            <dst id="ATLA-M5">405.146666666667</dst>
            <dst id="ATLAng">7314.608</dst>
            <dst id="CHINng">17479.408</dst>
            <dst id="DNVRng">3200.58666666667</dst>
            <dst id="HSTNng">1754.71466666667</dst>
            <dst id="IPLSng">7717.32266666667</dst>
            <dst id="KSCYng">1173.72</dst>
            <dst id="LOSAng">25659.9306666667</dst>
            <dst id="NYCMng">13787.5546666667</dst>
            <dst id="SNVAng">5270.79466666667</dst>
            <dst id="STTLng">20135.1626666667</dst>
            <dst id="WASHng">7578.43733333333</dst>
        </src>
        <src id="WASHng">
            <dst id="ATLA-M5">1134.44533333333</dst>
            <dst id="ATLAng">108922.642666667</dst>
            <dst id="CHINng">92216.72</dst>
            <dst id="DNVRng">47677.7946666667</dst>
            <dst id="HSTNng">36302.8693333333</dst>
            <dst id="IPLSng">45154.5306666667</dst>
            <dst id="KSCYng">13813.64</dst>
            <dst id="LOSAng">69283.9253333333</dst>
            <dst id="NYCMng">150483.944</dst>
            <dst id="SNVAng">10780.8666666667</dst>
            <dst id="STTLng">40653.0426666667</dst>
            <dst id="WASHng">324509.413333333</dst>
        </src>
    </IntraTM>
</TrafficMatrixFile>
