<?xml version="1.0" encoding="ISO-8859-1" standalone="yes"?>
<TrafficMatrixFile xsi:noNamespaceSchemaLocation="http://totem.run.montefiore.ulg.ac.be/Schema/TrafficMatrix-v1_2.xsd" xmlns:xsi="http://www.w3.org/2001/XMLSchema-instance">
    <IntraTM ASID="11537">
        <src id="ATLA-M5">
            <dst id="ATLA-M5">0</dst>
            <dst id="ATLAng">0</dst>
            <dst id="CHINng">154.736</dst>
            <dst id="DNVRng">0</dst>
            <dst id="HSTNng">104.448</dst>
            <dst id="IPLSng">0</dst>
            <dst id="KSCYng">0</dst>
            <dst id="LOSAng">182.592</dst>
            <dst id="NYCMng">479.957333333333</dst>
            <dst id="SNVAng">13.3333333333333</dst>
            <dst id="STTLng">0</dst>
            <dst id="WASHng">940.794666666667</dst>
        </src>
        <src id="ATLAng">
            <dst id="ATLA-M5">114.898666666667</dst>
            <dst id="ATLAng">5509.42933333333</dst>
            <dst id="CHINng">2324.70666666667</dst>
            <dst id="DNVRng">2682.78666666667</dst>
            <dst id="HSTNng">793.24</dst>
            <dst id="IPLSng">28623.7706666667</dst>
            <dst id="KSCYng">5173.96533333333</dst>
            <dst id="LOSAng">11146.5786666667</dst>
            <dst id="NYCMng">4196.864</dst>
            <dst id="SNVAng">80</dst>
            <dst id="STTLng">13238.2506666667</dst>
            <dst id="WASHng">26533.928</dst>
        </src>
        <src id="CHINng">
            <dst id="ATLA-M5">602.056</dst>
            <dst id="ATLAng">13950.9653333333</dst>
            <dst id="CHINng">41039.016</dst>
            <dst id="DNVRng">9362.168</dst>
            <dst id="HSTNng">3469.03733333333</dst>
            <dst id="IPLSng">50505.456</dst>
            <dst id="KSCYng">12683.112</dst>
            <dst id="LOSAng">39395.2106666667</dst>
            <dst id="NYCMng">7402.61066666666</dst>
            <dst id="SNVAng">260.933333333333</dst>
            <dst id="STTLng">3644.16</dst>
            <dst id="WASHng">53395.024</dst>
        </src>
        <src id="DNVRng">
            <dst id="ATLA-M5">100.586666666667</dst>
            <dst id="ATLAng">3099.656</dst>
            <dst id="CHINng">65441.912</dst>
            <dst id="DNVRng">11819.4746666667</dst>
            <dst id="HSTNng">15040.8586666667</dst>
            <dst id="IPLSng">32938.5493333333</dst>
            <dst id="KSCYng">23622.1893333333</dst>
            <dst id="LOSAng">18439.432</dst>
            <dst id="NYCMng">11089.2666666667</dst>
            <dst id="SNVAng">14431.0933333333</dst>
            <dst id="STTLng">20717.7733333333</dst>
            <dst id="WASHng">32827.1653333333</dst>
        </src>
        <src id="HSTNng">
            <dst id="ATLA-M5">2003.39733333333</dst>
            <dst id="ATLAng">19809.7493333333</dst>
            <dst id="CHINng">8169.2</dst>
            <dst id="DNVRng">598.746666666667</dst>
            <dst id="HSTNng">4475.432</dst>
            <dst id="IPLSng">1373.76</dst>
            <dst id="KSCYng">592.485333333333</dst>
            <dst id="LOSAng">9532.16266666667</dst>
            <dst id="NYCMng">5623.70133333333</dst>
            <dst id="SNVAng">0</dst>
            <dst id="STTLng">1648.23466666667</dst>
            <dst id="WASHng">789.248</dst>
        </src>
        <src id="IPLSng">
            <dst id="ATLA-M5">0</dst>
            <dst id="ATLAng">73530.7093333333</dst>
            <dst id="CHINng">58497.7653333333</dst>
            <dst id="DNVRng">4785.392</dst>
            <dst id="HSTNng">6155.072</dst>
            <dst id="IPLSng">20821.3733333333</dst>
            <dst id="KSCYng">5311.09866666667</dst>
            <dst id="LOSAng">17060.8853333333</dst>
            <dst id="NYCMng">27939.0506666667</dst>
            <dst id="SNVAng">769.24</dst>
            <dst id="STTLng">7727.49866666667</dst>
            <dst id="WASHng">12301.728</dst>
        </src>
        <src id="KSCYng">
            <dst id="ATLA-M5">917.258666666667</dst>
            <dst id="ATLAng">1224.48533333333</dst>
            <dst id="CHINng">11115.0666666667</dst>
            <dst id="DNVRng">7708.54933333333</dst>
            <dst id="HSTNng">3283.952</dst>
            <dst id="IPLSng">9680.28266666667</dst>
            <dst id="KSCYng">5740.912</dst>
            <dst id="LOSAng">8149.848</dst>
            <dst id="NYCMng">2890.048</dst>
            <dst id="SNVAng">3226.784</dst>
            <dst id="STTLng">6963.14133333333</dst>
            <dst id="WASHng">5962.79733333333</dst>
        </src>
        <src id="LOSAng">
            <dst id="ATLA-M5">480.589333333333</dst>
            <dst id="ATLAng">30828.9386666667</dst>
            <dst id="CHINng">94100.56</dst>
            <dst id="DNVRng">21839.9946666667</dst>
            <dst id="HSTNng">4498.97333333333</dst>
            <dst id="IPLSng">12381.6746666667</dst>
            <dst id="KSCYng">2722.65333333333</dst>
            <dst id="LOSAng">26647.6373333333</dst>
            <dst id="NYCMng">48880.256</dst>
            <dst id="SNVAng">7999.13333333333</dst>
            <dst id="STTLng">22880.0586666667</dst>
            <dst id="WASHng">21878.1733333333</dst>
        </src>
        <src id="NYCMng">
            <dst id="ATLA-M5">139.722666666667</dst>
            <dst id="ATLAng">14288.4293333333</dst>
            <dst id="CHINng">9826.616</dst>
            <dst id="DNVRng">23641.016</dst>
            <dst id="HSTNng">8523.50666666666</dst>
            <dst id="IPLSng">12308.192</dst>
            <dst id="KSCYng">4897.432</dst>
            <dst id="LOSAng">80567.7493333333</dst>
            <dst id="NYCMng">81758.632</dst>
            <dst id="SNVAng">2147.13866666667</dst>
            <dst id="STTLng">23541.1493333333</dst>
            <dst id="WASHng">42203.2106666667</dst>
        </src>
        <src id="SNVAng">
            <dst id="ATLA-M5">0</dst>
            <dst id="ATLAng">53.3333333333333</dst>
            <dst id="CHINng">0</dst>
            <dst id="DNVRng">7540.12</dst>
            <dst id="HSTNng">34.8053333333333</dst>
            <dst id="IPLSng">245.824</dst>
            <dst id="KSCYng">0</dst>
            <dst id="LOSAng">34418.176</dst>
            <dst id="NYCMng">325.301333333333</dst>
            <dst id="SNVAng">4012.528</dst>
            <dst id="STTLng">25967.8853333333</dst>
            <dst id="WASHng">26.6666666666667</dst>
        </src>
        <src id="STTLng">
            <dst id="ATLA-M5">0</dst>
            <dst id="ATLAng">6658.12533333333</dst>
            <dst id="CHINng">21655.3253333333</dst>
            <dst id="DNVRng">2973.17333333333</dst>
            <dst id="HSTNng">773.688</dst>
            <dst id="IPLSng">13057.7333333333</dst>
            <dst id="KSCYng">4114.68266666667</dst>
            <dst id="LOSAng">20089.4613333333</dst>
            <dst id="NYCMng">12685.6426666667</dst>
            <dst id="SNVAng">4688.73066666667</dst>
            <dst id="STTLng">5338.87466666667</dst>
            <dst id="WASHng">4988.61866666667</dst>
        </src>
        <src id="WASHng">
            <dst id="ATLA-M5">1473.28266666667</dst>
            <dst id="ATLAng">55894.2746666667</dst>
            <dst id="CHINng">45416.16</dst>
            <dst id="DNVRng">58187.2373333333</dst>
            <dst id="HSTNng">10637.2506666667</dst>
            <dst id="IPLSng">39964.704</dst>
            <dst id="KSCYng">13746.9626666667</dst>
            <dst id="LOSAng">82066.784</dst>
            <dst id="NYCMng">130505.210666667</dst>
            <dst id="SNVAng">4454.64266666667</dst>
            <dst id="STTLng">57862.5466666667</dst>
            <dst id="WASHng">286062.613333333</dst>
        </src>
    </IntraTM>
</TrafficMatrixFile>
