<?xml version="1.0" encoding="ISO-8859-1" standalone="yes"?>
<TrafficMatrixFile xsi:noNamespaceSchemaLocation="http://totem.run.montefiore.ulg.ac.be/Schema/TrafficMatrix-v1_2.xsd" xmlns:xsi="http://www.w3.org/2001/XMLSchema-instance">
    <IntraTM ASID="11537">
        <src id="ATLA-M5">
            <dst id="ATLA-M5">26.6666666666667</dst>
            <dst id="ATLAng">107.896</dst>
            <dst id="CHINng">82.784</dst>
            <dst id="DNVRng">0</dst>
            <dst id="HSTNng">119.432</dst>
            <dst id="IPLSng">141.856</dst>
            <dst id="KSCYng">0</dst>
            <dst id="LOSAng">194.909333333333</dst>
            <dst id="NYCMng">68.7413333333333</dst>
            <dst id="SNVAng">13.3333333333333</dst>
            <dst id="STTLng">26.6666666666667</dst>
            <dst id="WASHng">150.869333333333</dst>
        </src>
        <src id="ATLAng">
            <dst id="ATLA-M5">120.050666666667</dst>
            <dst id="ATLAng">38125.584</dst>
            <dst id="CHINng">4793.21333333333</dst>
            <dst id="DNVRng">2482.22933333333</dst>
            <dst id="HSTNng">13767.848</dst>
            <dst id="IPLSng">23782.6773333333</dst>
            <dst id="KSCYng">841.416</dst>
            <dst id="LOSAng">10627.2346666667</dst>
            <dst id="NYCMng">3294.70933333333</dst>
            <dst id="SNVAng">156.901333333333</dst>
            <dst id="STTLng">10775.2826666667</dst>
            <dst id="WASHng">27290.6106666667</dst>
        </src>
        <src id="CHINng">
            <dst id="ATLA-M5">30.6026666666667</dst>
            <dst id="ATLAng">9838.05333333333</dst>
            <dst id="CHINng">43109.5493333333</dst>
            <dst id="DNVRng">19927.3093333333</dst>
            <dst id="HSTNng">4163.29333333333</dst>
            <dst id="IPLSng">43784.4746666667</dst>
            <dst id="KSCYng">4184.85066666667</dst>
            <dst id="LOSAng">44203.3013333333</dst>
            <dst id="NYCMng">16486.9733333333</dst>
            <dst id="SNVAng">5836.83466666667</dst>
            <dst id="STTLng">8733.90133333334</dst>
            <dst id="WASHng">31702.3733333333</dst>
        </src>
        <src id="DNVRng">
            <dst id="ATLA-M5">277.282666666667</dst>
            <dst id="ATLAng">2111.39466666667</dst>
            <dst id="CHINng">49778.1946666667</dst>
            <dst id="DNVRng">6239.74133333333</dst>
            <dst id="HSTNng">12035.4453333333</dst>
            <dst id="IPLSng">55712.1013333333</dst>
            <dst id="KSCYng">9534.98133333333</dst>
            <dst id="LOSAng">28330.8053333333</dst>
            <dst id="NYCMng">14648.736</dst>
            <dst id="SNVAng">9111.72</dst>
            <dst id="STTLng">38834.0826666667</dst>
            <dst id="WASHng">34934.3173333333</dst>
        </src>
        <src id="HSTNng">
            <dst id="ATLA-M5">2866.18133333333</dst>
            <dst id="ATLAng">15865.0533333333</dst>
            <dst id="CHINng">4914.98666666667</dst>
            <dst id="DNVRng">1368.94933333333</dst>
            <dst id="HSTNng">13593.7573333333</dst>
            <dst id="IPLSng">1673</dst>
            <dst id="KSCYng">1317.67466666667</dst>
            <dst id="LOSAng">2754.24266666667</dst>
            <dst id="NYCMng">4268.21066666667</dst>
            <dst id="SNVAng">0</dst>
            <dst id="STTLng">1163.53333333333</dst>
            <dst id="WASHng">8785.74666666667</dst>
        </src>
        <src id="IPLSng">
            <dst id="ATLA-M5">26.6666666666667</dst>
            <dst id="ATLAng">25645.888</dst>
            <dst id="CHINng">79000.6986666667</dst>
            <dst id="DNVRng">5842.38933333334</dst>
            <dst id="HSTNng">1655.98133333333</dst>
            <dst id="IPLSng">23416.072</dst>
            <dst id="KSCYng">4600.53333333333</dst>
            <dst id="LOSAng">33727.464</dst>
            <dst id="NYCMng">31044.4906666667</dst>
            <dst id="SNVAng">810.570666666667</dst>
            <dst id="STTLng">14429.2053333333</dst>
            <dst id="WASHng">33314.7866666667</dst>
        </src>
        <src id="KSCYng">
            <dst id="ATLA-M5">1044.128</dst>
            <dst id="ATLAng">3372.752</dst>
            <dst id="CHINng">14745.0533333333</dst>
            <dst id="DNVRng">8908.63466666667</dst>
            <dst id="HSTNng">11782.6266666667</dst>
            <dst id="IPLSng">10134.824</dst>
            <dst id="KSCYng">3165.528</dst>
            <dst id="LOSAng">6511.35733333333</dst>
            <dst id="NYCMng">3443.70933333333</dst>
            <dst id="SNVAng">2470.88266666667</dst>
            <dst id="STTLng">5648</dst>
            <dst id="WASHng">14141.1893333333</dst>
        </src>
        <src id="LOSAng">
            <dst id="ATLA-M5">202.728</dst>
            <dst id="ATLAng">18760.632</dst>
            <dst id="CHINng">72823.8986666667</dst>
            <dst id="DNVRng">45471.9253333333</dst>
            <dst id="HSTNng">5316.87733333333</dst>
            <dst id="IPLSng">19185.0693333333</dst>
            <dst id="KSCYng">4320.81866666667</dst>
            <dst id="LOSAng">29153.344</dst>
            <dst id="NYCMng">36012.0186666667</dst>
            <dst id="SNVAng">13144.5146666667</dst>
            <dst id="STTLng">32120.4266666667</dst>
            <dst id="WASHng">23357.0453333333</dst>
        </src>
        <src id="NYCMng">
            <dst id="ATLA-M5">606.682666666666</dst>
            <dst id="ATLAng">21494.36</dst>
            <dst id="CHINng">20876.1973333333</dst>
            <dst id="DNVRng">28492.3466666667</dst>
            <dst id="HSTNng">8844.256</dst>
            <dst id="IPLSng">27333.1093333333</dst>
            <dst id="KSCYng">11806.5146666667</dst>
            <dst id="LOSAng">76864.8666666667</dst>
            <dst id="NYCMng">94108.216</dst>
            <dst id="SNVAng">4314.72</dst>
            <dst id="STTLng">27249.6933333333</dst>
            <dst id="WASHng">52712.6586666666</dst>
        </src>
        <src id="SNVAng">
            <dst id="ATLA-M5">0</dst>
            <dst id="ATLAng">26.6666666666667</dst>
            <dst id="CHINng">296.746666666667</dst>
            <dst id="DNVRng">3786.968</dst>
            <dst id="HSTNng">118.912</dst>
            <dst id="IPLSng">265.077333333333</dst>
            <dst id="KSCYng">26.6666666666667</dst>
            <dst id="LOSAng">37265.2186666667</dst>
            <dst id="NYCMng">510.293333333333</dst>
            <dst id="SNVAng">4955.93066666667</dst>
            <dst id="STTLng">27461.4053333333</dst>
            <dst id="WASHng">61.8986666666667</dst>
        </src>
        <src id="STTLng">
            <dst id="ATLA-M5">597.208</dst>
            <dst id="ATLAng">7934.33066666666</dst>
            <dst id="CHINng">13300.688</dst>
            <dst id="DNVRng">4467.65066666667</dst>
            <dst id="HSTNng">8882.928</dst>
            <dst id="IPLSng">8610.13066666667</dst>
            <dst id="KSCYng">2094.21866666667</dst>
            <dst id="LOSAng">22585.0826666667</dst>
            <dst id="NYCMng">9853.448</dst>
            <dst id="SNVAng">3602.53066666667</dst>
            <dst id="STTLng">1324.83466666667</dst>
            <dst id="WASHng">10396.6746666667</dst>
        </src>
        <src id="WASHng">
            <dst id="ATLA-M5">235.114666666667</dst>
            <dst id="ATLAng">88951.0506666667</dst>
            <dst id="CHINng">33710.7146666667</dst>
            <dst id="DNVRng">82503.32</dst>
            <dst id="HSTNng">18853.7093333333</dst>
            <dst id="IPLSng">58116.352</dst>
            <dst id="KSCYng">16529.3146666667</dst>
            <dst id="LOSAng">78580.8293333333</dst>
            <dst id="NYCMng">121091.573333333</dst>
            <dst id="SNVAng">17030.848</dst>
            <dst id="STTLng">54005.9946666667</dst>
            <dst id="WASHng">263116.957333333</dst>
        </src>
    </IntraTM>
</TrafficMatrixFile>
