<?xml version="1.0" encoding="ISO-8859-1" standalone="yes"?>
<TrafficMatrixFile xsi:noNamespaceSchemaLocation="http://totem.run.montefiore.ulg.ac.be/Schema/TrafficMatrix-v1_2.xsd" xmlns:xsi="http://www.w3.org/2001/XMLSchema-instance">
    <IntraTM ASID="11537">
        <src id="ATLA-M5">
            <dst id="ATLA-M5">40.0426666666667</dst>
            <dst id="ATLAng">141.517333333333</dst>
            <dst id="CHINng">225.333333333333</dst>
            <dst id="DNVRng">108.597333333333</dst>
            <dst id="HSTNng">180.392</dst>
            <dst id="IPLSng">53.3333333333333</dst>
            <dst id="KSCYng">160.877333333333</dst>
            <dst id="LOSAng">179.256</dst>
            <dst id="NYCMng">81.3333333333333</dst>
            <dst id="SNVAng">0</dst>
            <dst id="STTLng">60.936</dst>
            <dst id="WASHng">914.557333333334</dst>
        </src>
        <src id="ATLAng">
            <dst id="ATLA-M5">371.021333333333</dst>
            <dst id="ATLAng">49285.1813333333</dst>
            <dst id="CHINng">14720.536</dst>
            <dst id="DNVRng">2505.936</dst>
            <dst id="HSTNng">3229.216</dst>
            <dst id="IPLSng">23076.4773333333</dst>
            <dst id="KSCYng">10774.4586666667</dst>
            <dst id="LOSAng">10081.4133333333</dst>
            <dst id="NYCMng">21644.352</dst>
            <dst id="SNVAng">1100.97866666667</dst>
            <dst id="STTLng">9111.20266666667</dst>
            <dst id="WASHng">66068.4026666666</dst>
        </src>
        <src id="CHINng">
            <dst id="ATLA-M5">229.986666666667</dst>
            <dst id="ATLAng">33153.6133333333</dst>
            <dst id="CHINng">71255.9466666667</dst>
            <dst id="DNVRng">9300.912</dst>
            <dst id="HSTNng">19981.8213333333</dst>
            <dst id="IPLSng">33911.312</dst>
            <dst id="KSCYng">8249.47733333333</dst>
            <dst id="LOSAng">53700.0426666667</dst>
            <dst id="NYCMng">19307.5946666667</dst>
            <dst id="SNVAng">8164.53066666667</dst>
            <dst id="STTLng">6445.32</dst>
            <dst id="WASHng">27008.2</dst>
        </src>
        <src id="DNVRng">
            <dst id="ATLA-M5">497.898666666667</dst>
            <dst id="ATLAng">10975.4133333333</dst>
            <dst id="CHINng">76101.04</dst>
            <dst id="DNVRng">19459.9626666667</dst>
            <dst id="HSTNng">17643.9546666667</dst>
            <dst id="IPLSng">34001.8186666667</dst>
            <dst id="KSCYng">23099.1733333333</dst>
            <dst id="LOSAng">10625.0506666667</dst>
            <dst id="NYCMng">14029.896</dst>
            <dst id="SNVAng">29945.68</dst>
            <dst id="STTLng">13216.1866666667</dst>
            <dst id="WASHng">50872.504</dst>
        </src>
        <src id="HSTNng">
            <dst id="ATLA-M5">3748.25333333333</dst>
            <dst id="ATLAng">5338.68</dst>
            <dst id="CHINng">15524.0213333333</dst>
            <dst id="DNVRng">1445.22666666667</dst>
            <dst id="HSTNng">7523.30933333333</dst>
            <dst id="IPLSng">2650.24533333333</dst>
            <dst id="KSCYng">2172.488</dst>
            <dst id="LOSAng">8243.82133333334</dst>
            <dst id="NYCMng">2695.67733333333</dst>
            <dst id="SNVAng">1445.16533333333</dst>
            <dst id="STTLng">865.629333333333</dst>
            <dst id="WASHng">3472.34133333333</dst>
        </src>
        <src id="IPLSng">
            <dst id="ATLA-M5">615.549333333333</dst>
            <dst id="ATLAng">27195.776</dst>
            <dst id="CHINng">101313.402666667</dst>
            <dst id="DNVRng">18695.2906666667</dst>
            <dst id="HSTNng">3985.75466666667</dst>
            <dst id="IPLSng">20448.9413333333</dst>
            <dst id="KSCYng">7709.184</dst>
            <dst id="LOSAng">37002.904</dst>
            <dst id="NYCMng">40263.848</dst>
            <dst id="SNVAng">2524.06666666667</dst>
            <dst id="STTLng">12673.7466666667</dst>
            <dst id="WASHng">15019.24</dst>
        </src>
        <src id="KSCYng">
            <dst id="ATLA-M5">2607.45866666667</dst>
            <dst id="ATLAng">15584.9946666667</dst>
            <dst id="CHINng">25554.152</dst>
            <dst id="DNVRng">11169.936</dst>
            <dst id="HSTNng">3423.57066666667</dst>
            <dst id="IPLSng">12247.448</dst>
            <dst id="KSCYng">4315.024</dst>
            <dst id="LOSAng">6364.91733333333</dst>
            <dst id="NYCMng">8170.632</dst>
            <dst id="SNVAng">3584.80266666667</dst>
            <dst id="STTLng">3294.47733333333</dst>
            <dst id="WASHng">12342.2186666667</dst>
        </src>
        <src id="LOSAng">
            <dst id="ATLA-M5">1029.82666666667</dst>
            <dst id="ATLAng">33058.976</dst>
            <dst id="CHINng">115990.477333333</dst>
            <dst id="DNVRng">43857.4453333333</dst>
            <dst id="HSTNng">8675.06133333333</dst>
            <dst id="IPLSng">38882.1626666667</dst>
            <dst id="KSCYng">11586.5813333333</dst>
            <dst id="LOSAng">19902.328</dst>
            <dst id="NYCMng">48866.9813333333</dst>
            <dst id="SNVAng">17754.84</dst>
            <dst id="STTLng">24995.5813333333</dst>
            <dst id="WASHng">36235.9066666667</dst>
        </src>
        <src id="NYCMng">
            <dst id="ATLA-M5">627.077333333333</dst>
            <dst id="ATLAng">38503.8533333333</dst>
            <dst id="CHINng">28148.7973333333</dst>
            <dst id="DNVRng">44837.4293333333</dst>
            <dst id="HSTNng">19209.8</dst>
            <dst id="IPLSng">29991.256</dst>
            <dst id="KSCYng">20489.5546666667</dst>
            <dst id="LOSAng">88586.784</dst>
            <dst id="NYCMng">128553.376</dst>
            <dst id="SNVAng">5467.06933333333</dst>
            <dst id="STTLng">55616.264</dst>
            <dst id="WASHng">123516.962666667</dst>
        </src>
        <src id="SNVAng">
            <dst id="ATLA-M5">0</dst>
            <dst id="ATLAng">115.384</dst>
            <dst id="CHINng">73.1013333333333</dst>
            <dst id="DNVRng">4092.97066666667</dst>
            <dst id="HSTNng">98.7253333333333</dst>
            <dst id="IPLSng">2726.48533333333</dst>
            <dst id="KSCYng">53.3333333333333</dst>
            <dst id="LOSAng">39415.72</dst>
            <dst id="NYCMng">1205.712</dst>
            <dst id="SNVAng">17456.1253333333</dst>
            <dst id="STTLng">32361.6026666667</dst>
            <dst id="WASHng">279.056</dst>
        </src>
        <src id="STTLng">
            <dst id="ATLA-M5">735.669333333333</dst>
            <dst id="ATLAng">15881.5626666667</dst>
            <dst id="CHINng">21580.4773333333</dst>
            <dst id="DNVRng">6906.53066666667</dst>
            <dst id="HSTNng">4605.35733333333</dst>
            <dst id="IPLSng">10589.9866666667</dst>
            <dst id="KSCYng">5157.296</dst>
            <dst id="LOSAng">41267.224</dst>
            <dst id="NYCMng">15431.8186666667</dst>
            <dst id="SNVAng">4680.35733333333</dst>
            <dst id="STTLng">7456.21066666667</dst>
            <dst id="WASHng">21417.8666666667</dst>
        </src>
        <src id="WASHng">
            <dst id="ATLA-M5">1541.63733333333</dst>
            <dst id="ATLAng">90743.4533333333</dst>
            <dst id="CHINng">75693.912</dst>
            <dst id="DNVRng">94365.584</dst>
            <dst id="HSTNng">33658.52</dst>
            <dst id="IPLSng">89469.6506666667</dst>
            <dst id="KSCYng">16987.328</dst>
            <dst id="LOSAng">67658.3146666667</dst>
            <dst id="NYCMng">166971.442666667</dst>
            <dst id="SNVAng">26675.328</dst>
            <dst id="STTLng">49253.936</dst>
            <dst id="WASHng">249031.205333333</dst>
        </src>
    </IntraTM>
</TrafficMatrixFile>
