<?xml version="1.0" encoding="ISO-8859-1" standalone="yes"?>
<TrafficMatrixFile xsi:noNamespaceSchemaLocation="http://totem.run.montefiore.ulg.ac.be/Schema/TrafficMatrix-v1_2.xsd" xmlns:xsi="http://www.w3.org/2001/XMLSchema-instance">
    <IntraTM ASID="11537">
        <src id="ATLA-M5">
            <dst id="ATLA-M5">26.6666666666667</dst>
            <dst id="ATLAng">0</dst>
            <dst id="CHINng">129.706666666667</dst>
            <dst id="DNVRng">0</dst>
            <dst id="HSTNng">53.3333333333333</dst>
            <dst id="IPLSng">0</dst>
            <dst id="KSCYng">1036.67733333333</dst>
            <dst id="LOSAng">509.098666666667</dst>
            <dst id="NYCMng">777.698666666667</dst>
            <dst id="SNVAng">0</dst>
            <dst id="STTLng">361.704</dst>
            <dst id="WASHng">879.808</dst>
        </src>
        <src id="ATLAng">
            <dst id="ATLA-M5">0</dst>
            <dst id="ATLAng">21216.4293333333</dst>
            <dst id="CHINng">1989.912</dst>
            <dst id="DNVRng">2859.352</dst>
            <dst id="HSTNng">7560.07733333333</dst>
            <dst id="IPLSng">21713.3253333333</dst>
            <dst id="KSCYng">500.266666666667</dst>
            <dst id="LOSAng">12557.9466666667</dst>
            <dst id="NYCMng">7567.392</dst>
            <dst id="SNVAng">44.32</dst>
            <dst id="STTLng">7258.28266666667</dst>
            <dst id="WASHng">39628.568</dst>
        </src>
        <src id="CHINng">
            <dst id="ATLA-M5">5579.36</dst>
            <dst id="ATLAng">10532.664</dst>
            <dst id="CHINng">72276.0933333333</dst>
            <dst id="DNVRng">16143.568</dst>
            <dst id="HSTNng">4737.13066666667</dst>
            <dst id="IPLSng">20798.7786666667</dst>
            <dst id="KSCYng">2827.256</dst>
            <dst id="LOSAng">28919.6106666667</dst>
            <dst id="NYCMng">11504.5066666667</dst>
            <dst id="SNVAng">5295.816</dst>
            <dst id="STTLng">4883.584</dst>
            <dst id="WASHng">16122.4106666667</dst>
        </src>
        <src id="DNVRng">
            <dst id="ATLA-M5">293.973333333333</dst>
            <dst id="ATLAng">13258.0506666667</dst>
            <dst id="CHINng">61869.488</dst>
            <dst id="DNVRng">12746.288</dst>
            <dst id="HSTNng">15306.3733333333</dst>
            <dst id="IPLSng">30411.48</dst>
            <dst id="KSCYng">18939.704</dst>
            <dst id="LOSAng">8512.616</dst>
            <dst id="NYCMng">14449.1386666667</dst>
            <dst id="SNVAng">7841.62933333333</dst>
            <dst id="STTLng">7705.10933333334</dst>
            <dst id="WASHng">29448.96</dst>
        </src>
        <src id="HSTNng">
            <dst id="ATLA-M5">1178.632</dst>
            <dst id="ATLAng">981.64</dst>
            <dst id="CHINng">11311.0426666667</dst>
            <dst id="DNVRng">826.258666666667</dst>
            <dst id="HSTNng">11751.8853333333</dst>
            <dst id="IPLSng">3295.672</dst>
            <dst id="KSCYng">2074.00266666667</dst>
            <dst id="LOSAng">11681.2853333333</dst>
            <dst id="NYCMng">1798.41866666667</dst>
            <dst id="SNVAng">0</dst>
            <dst id="STTLng">364.133333333333</dst>
            <dst id="WASHng">1671.81333333333</dst>
        </src>
        <src id="IPLSng">
            <dst id="ATLA-M5">26.6666666666667</dst>
            <dst id="ATLAng">15093.7786666667</dst>
            <dst id="CHINng">89367.7466666667</dst>
            <dst id="DNVRng">21866.9413333333</dst>
            <dst id="HSTNng">2454.06133333333</dst>
            <dst id="IPLSng">27134.1626666667</dst>
            <dst id="KSCYng">5703.97333333333</dst>
            <dst id="LOSAng">17750.7786666667</dst>
            <dst id="NYCMng">25149.2133333333</dst>
            <dst id="SNVAng">248.12</dst>
            <dst id="STTLng">7217.19466666667</dst>
            <dst id="WASHng">8340.98666666667</dst>
        </src>
        <src id="KSCYng">
            <dst id="ATLA-M5">34</dst>
            <dst id="ATLAng">2032.68</dst>
            <dst id="CHINng">20794.304</dst>
            <dst id="DNVRng">8538.08533333333</dst>
            <dst id="HSTNng">3720.984</dst>
            <dst id="IPLSng">13156.0506666667</dst>
            <dst id="KSCYng">5898.50666666667</dst>
            <dst id="LOSAng">7168.99733333333</dst>
            <dst id="NYCMng">1968.84266666667</dst>
            <dst id="SNVAng">3066.528</dst>
            <dst id="STTLng">4924.288</dst>
            <dst id="WASHng">5652.12533333333</dst>
        </src>
        <src id="LOSAng">
            <dst id="ATLA-M5">95.4826666666666</dst>
            <dst id="ATLAng">5587.85333333333</dst>
            <dst id="CHINng">138605.066666667</dst>
            <dst id="DNVRng">23820.36</dst>
            <dst id="HSTNng">5095.34933333333</dst>
            <dst id="IPLSng">17474.272</dst>
            <dst id="KSCYng">3085.51733333333</dst>
            <dst id="LOSAng">20023.0826666667</dst>
            <dst id="NYCMng">39529.968</dst>
            <dst id="SNVAng">27340.6853333333</dst>
            <dst id="STTLng">30670.272</dst>
            <dst id="WASHng">18935.816</dst>
        </src>
        <src id="NYCMng">
            <dst id="ATLA-M5">2268.87466666667</dst>
            <dst id="ATLAng">7644.13866666667</dst>
            <dst id="CHINng">13460.504</dst>
            <dst id="DNVRng">22405.376</dst>
            <dst id="HSTNng">6082.008</dst>
            <dst id="IPLSng">23322.9226666667</dst>
            <dst id="KSCYng">6027.736</dst>
            <dst id="LOSAng">79654.4906666667</dst>
            <dst id="NYCMng">97587.4106666667</dst>
            <dst id="SNVAng">1054.22933333333</dst>
            <dst id="STTLng">19803.192</dst>
            <dst id="WASHng">26987.808</dst>
        </src>
        <src id="SNVAng">
            <dst id="ATLA-M5">0</dst>
            <dst id="ATLAng">53.3333333333333</dst>
            <dst id="CHINng">158.986666666667</dst>
            <dst id="DNVRng">4210.392</dst>
            <dst id="HSTNng">32.1706666666667</dst>
            <dst id="IPLSng">178.522666666667</dst>
            <dst id="KSCYng">26.6666666666667</dst>
            <dst id="LOSAng">32272.6346666667</dst>
            <dst id="NYCMng">293.578666666667</dst>
            <dst id="SNVAng">4142.58666666667</dst>
            <dst id="STTLng">24228.1466666667</dst>
            <dst id="WASHng">26.6666666666667</dst>
        </src>
        <src id="STTLng">
            <dst id="ATLA-M5">26.6666666666667</dst>
            <dst id="ATLAng">5747.56266666667</dst>
            <dst id="CHINng">47083.3626666667</dst>
            <dst id="DNVRng">1904.96</dst>
            <dst id="HSTNng">8014.112</dst>
            <dst id="IPLSng">3509.02933333333</dst>
            <dst id="KSCYng">1418.70666666667</dst>
            <dst id="LOSAng">22998.0666666667</dst>
            <dst id="NYCMng">11916.1493333333</dst>
            <dst id="SNVAng">8163.248</dst>
            <dst id="STTLng">19882.44</dst>
            <dst id="WASHng">3938.08266666667</dst>
        </src>
        <src id="WASHng">
            <dst id="ATLA-M5">1058.66666666667</dst>
            <dst id="ATLAng">64479.3946666667</dst>
            <dst id="CHINng">95869.0453333333</dst>
            <dst id="DNVRng">47726.3786666667</dst>
            <dst id="HSTNng">28789.5893333333</dst>
            <dst id="IPLSng">61879.568</dst>
            <dst id="KSCYng">10808.3893333333</dst>
            <dst id="LOSAng">75639.5493333334</dst>
            <dst id="NYCMng">130868.034666667</dst>
            <dst id="SNVAng">2817.99466666667</dst>
            <dst id="STTLng">50092.704</dst>
            <dst id="WASHng">339185.653333333</dst>
        </src>
    </IntraTM>
</TrafficMatrixFile>
