<?xml version="1.0" encoding="ISO-8859-1" standalone="yes"?>
<TrafficMatrixFile xsi:noNamespaceSchemaLocation="http://totem.run.montefiore.ulg.ac.be/Schema/TrafficMatrix-v1_2.xsd" xmlns:xsi="http://www.w3.org/2001/XMLSchema-instance">
    <IntraTM ASID="11537">
        <src id="ATLA-M5">
            <dst id="ATLA-M5">53.3333333333333</dst>
            <dst id="ATLAng">105.333333333333</dst>
            <dst id="CHINng">166.608</dst>
            <dst id="DNVRng">0</dst>
            <dst id="HSTNng">126.474666666667</dst>
            <dst id="IPLSng">0</dst>
            <dst id="KSCYng">26.6666666666667</dst>
            <dst id="LOSAng">123.210666666667</dst>
            <dst id="NYCMng">0</dst>
            <dst id="SNVAng">26.6666666666667</dst>
            <dst id="STTLng">0</dst>
            <dst id="WASHng">1250.54666666667</dst>
        </src>
        <src id="ATLAng">
            <dst id="ATLA-M5">319.248</dst>
            <dst id="ATLAng">29576.3733333333</dst>
            <dst id="CHINng">6737.91466666667</dst>
            <dst id="DNVRng">2584.672</dst>
            <dst id="HSTNng">1241.96</dst>
            <dst id="IPLSng">26689.8773333333</dst>
            <dst id="KSCYng">6185.74666666667</dst>
            <dst id="LOSAng">7902.34666666667</dst>
            <dst id="NYCMng">8009.40533333333</dst>
            <dst id="SNVAng">670.730666666667</dst>
            <dst id="STTLng">10489.2853333333</dst>
            <dst id="WASHng">44467.0586666667</dst>
        </src>
        <src id="CHINng">
            <dst id="ATLA-M5">387.088</dst>
            <dst id="ATLAng">18230.3786666667</dst>
            <dst id="CHINng">55847.8266666667</dst>
            <dst id="DNVRng">8951.21333333333</dst>
            <dst id="HSTNng">8699.728</dst>
            <dst id="IPLSng">48190.6133333333</dst>
            <dst id="KSCYng">5275.032</dst>
            <dst id="LOSAng">32680.376</dst>
            <dst id="NYCMng">14110.784</dst>
            <dst id="SNVAng">1304.136</dst>
            <dst id="STTLng">3741.208</dst>
            <dst id="WASHng">22458.7253333333</dst>
        </src>
        <src id="DNVRng">
            <dst id="ATLA-M5">168.914666666667</dst>
            <dst id="ATLAng">3044.48533333333</dst>
            <dst id="CHINng">55600.784</dst>
            <dst id="DNVRng">9535.008</dst>
            <dst id="HSTNng">15992.5813333333</dst>
            <dst id="IPLSng">36945.4613333333</dst>
            <dst id="KSCYng">23424.6906666667</dst>
            <dst id="LOSAng">9788.44266666667</dst>
            <dst id="NYCMng">19101.2346666667</dst>
            <dst id="SNVAng">13334.264</dst>
            <dst id="STTLng">6393.00533333333</dst>
            <dst id="WASHng">39262.5893333333</dst>
        </src>
        <src id="HSTNng">
            <dst id="ATLA-M5">3191.95733333333</dst>
            <dst id="ATLAng">4005.28533333333</dst>
            <dst id="CHINng">12515.1333333333</dst>
            <dst id="DNVRng">696.725333333333</dst>
            <dst id="HSTNng">16615.8586666667</dst>
            <dst id="IPLSng">5431.288</dst>
            <dst id="KSCYng">1002.6</dst>
            <dst id="LOSAng">2490.25333333333</dst>
            <dst id="NYCMng">1796.16</dst>
            <dst id="SNVAng">330.576</dst>
            <dst id="STTLng">6445.936</dst>
            <dst id="WASHng">8598.32266666667</dst>
        </src>
        <src id="IPLSng">
            <dst id="ATLA-M5">26.6666666666667</dst>
            <dst id="ATLAng">20532.84</dst>
            <dst id="CHINng">53200.1093333333</dst>
            <dst id="DNVRng">11714.6213333333</dst>
            <dst id="HSTNng">6800.072</dst>
            <dst id="IPLSng">36317.616</dst>
            <dst id="KSCYng">11777.7093333333</dst>
            <dst id="LOSAng">11402.448</dst>
            <dst id="NYCMng">17939.376</dst>
            <dst id="SNVAng">657.546666666667</dst>
            <dst id="STTLng">7732.58933333333</dst>
            <dst id="WASHng">30421.9893333333</dst>
        </src>
        <src id="KSCYng">
            <dst id="ATLA-M5">53.3333333333333</dst>
            <dst id="ATLAng">5174.90933333333</dst>
            <dst id="CHINng">17628.7546666667</dst>
            <dst id="DNVRng">13713.304</dst>
            <dst id="HSTNng">2502.008</dst>
            <dst id="IPLSng">11980.488</dst>
            <dst id="KSCYng">6340.992</dst>
            <dst id="LOSAng">6330.392</dst>
            <dst id="NYCMng">1689.95733333333</dst>
            <dst id="SNVAng">2645.87733333333</dst>
            <dst id="STTLng">3114.408</dst>
            <dst id="WASHng">9872.49066666667</dst>
        </src>
        <src id="LOSAng">
            <dst id="ATLA-M5">535.490666666667</dst>
            <dst id="ATLAng">12374.456</dst>
            <dst id="CHINng">132268.050666667</dst>
            <dst id="DNVRng">23026.76</dst>
            <dst id="HSTNng">3911.97066666667</dst>
            <dst id="IPLSng">12420.592</dst>
            <dst id="KSCYng">3660.68</dst>
            <dst id="LOSAng">13133.592</dst>
            <dst id="NYCMng">32078.7813333333</dst>
            <dst id="SNVAng">21231.8773333333</dst>
            <dst id="STTLng">17716.4533333333</dst>
            <dst id="WASHng">56336.504</dst>
        </src>
        <src id="NYCMng">
            <dst id="ATLA-M5">372.76</dst>
            <dst id="ATLAng">32945.7706666667</dst>
            <dst id="CHINng">56267.7466666667</dst>
            <dst id="DNVRng">25087.3946666667</dst>
            <dst id="HSTNng">5502.04</dst>
            <dst id="IPLSng">28667.2053333333</dst>
            <dst id="KSCYng">6739.37333333333</dst>
            <dst id="LOSAng">79581.0506666667</dst>
            <dst id="NYCMng">123644.914666667</dst>
            <dst id="SNVAng">1216.68533333333</dst>
            <dst id="STTLng">16153.7466666667</dst>
            <dst id="WASHng">59005.5173333333</dst>
        </src>
        <src id="SNVAng">
            <dst id="ATLA-M5">0</dst>
            <dst id="ATLAng">53.3333333333333</dst>
            <dst id="CHINng">121.581333333333</dst>
            <dst id="DNVRng">8821.02133333333</dst>
            <dst id="HSTNng">71.9786666666667</dst>
            <dst id="IPLSng">292.656</dst>
            <dst id="KSCYng">0</dst>
            <dst id="LOSAng">30888.352</dst>
            <dst id="NYCMng">388.544</dst>
            <dst id="SNVAng">7122.11466666667</dst>
            <dst id="STTLng">30084.4773333333</dst>
            <dst id="WASHng">33.96</dst>
        </src>
        <src id="STTLng">
            <dst id="ATLA-M5">26.6666666666667</dst>
            <dst id="ATLAng">13300.992</dst>
            <dst id="CHINng">29368.656</dst>
            <dst id="DNVRng">2082.90933333333</dst>
            <dst id="HSTNng">1460.93066666667</dst>
            <dst id="IPLSng">7575.25866666667</dst>
            <dst id="KSCYng">1240.80533333333</dst>
            <dst id="LOSAng">25694.2773333333</dst>
            <dst id="NYCMng">15592.0666666667</dst>
            <dst id="SNVAng">1746.31733333333</dst>
            <dst id="STTLng">3554.70133333333</dst>
            <dst id="WASHng">15877.5493333333</dst>
        </src>
        <src id="WASHng">
            <dst id="ATLA-M5">643.546666666667</dst>
            <dst id="ATLAng">120139.24</dst>
            <dst id="CHINng">64854.6186666667</dst>
            <dst id="DNVRng">34069.1706666667</dst>
            <dst id="HSTNng">12043.9626666667</dst>
            <dst id="IPLSng">72062.2826666667</dst>
            <dst id="KSCYng">9397.64</dst>
            <dst id="LOSAng">63508.0533333333</dst>
            <dst id="NYCMng">173053.957333333</dst>
            <dst id="SNVAng">6359.38666666667</dst>
            <dst id="STTLng">30759.4186666667</dst>
            <dst id="WASHng">301022.693333333</dst>
        </src>
    </IntraTM>
</TrafficMatrixFile>
