<?xml version="1.0" encoding="ISO-8859-1" standalone="yes"?>
<TrafficMatrixFile xsi:noNamespaceSchemaLocation="http://totem.run.montefiore.ulg.ac.be/Schema/TrafficMatrix-v1_2.xsd" xmlns:xsi="http://www.w3.org/2001/XMLSchema-instance">
    <IntraTM ASID="11537">
        <src id="ATLA-M5">
            <dst id="ATLA-M5">97.984</dst>
            <dst id="ATLAng">214.32</dst>
            <dst id="CHINng">136.629333333333</dst>
            <dst id="DNVRng">26.6666666666667</dst>
            <dst id="HSTNng">26.6666666666667</dst>
            <dst id="IPLSng">159.466666666667</dst>
            <dst id="KSCYng">53.3333333333333</dst>
            <dst id="LOSAng">155.52</dst>
            <dst id="NYCMng">149.653333333333</dst>
            <dst id="SNVAng">26.6666666666667</dst>
            <dst id="STTLng">99.8133333333333</dst>
            <dst id="WASHng">843.064</dst>
        </src>
        <src id="ATLAng">
            <dst id="ATLA-M5">288.309333333333</dst>
            <dst id="ATLAng">37740.9866666667</dst>
            <dst id="CHINng">19036.712</dst>
            <dst id="DNVRng">11567.0746666667</dst>
            <dst id="HSTNng">4031.73866666667</dst>
            <dst id="IPLSng">18525.0853333333</dst>
            <dst id="KSCYng">19727.3333333333</dst>
            <dst id="LOSAng">13193.1213333333</dst>
            <dst id="NYCMng">17323.3306666667</dst>
            <dst id="SNVAng">2301.67066666667</dst>
            <dst id="STTLng">13090.7866666667</dst>
            <dst id="WASHng">69737.7253333333</dst>
        </src>
        <src id="CHINng">
            <dst id="ATLA-M5">759.269333333333</dst>
            <dst id="ATLAng">24513.4293333333</dst>
            <dst id="CHINng">70985.0773333333</dst>
            <dst id="DNVRng">11724.2613333333</dst>
            <dst id="HSTNng">6818.88</dst>
            <dst id="IPLSng">39999.848</dst>
            <dst id="KSCYng">26588.2453333333</dst>
            <dst id="LOSAng">27963.0586666667</dst>
            <dst id="NYCMng">16370.9146666667</dst>
            <dst id="SNVAng">9322.184</dst>
            <dst id="STTLng">5964.17333333333</dst>
            <dst id="WASHng">36030.1866666667</dst>
        </src>
        <src id="DNVRng">
            <dst id="ATLA-M5">442.413333333333</dst>
            <dst id="ATLAng">11836.2826666667</dst>
            <dst id="CHINng">68650.704</dst>
            <dst id="DNVRng">9266.688</dst>
            <dst id="HSTNng">11294.4133333333</dst>
            <dst id="IPLSng">42957.0346666667</dst>
            <dst id="KSCYng">18581.5893333333</dst>
            <dst id="LOSAng">10664.808</dst>
            <dst id="NYCMng">18393.36</dst>
            <dst id="SNVAng">15405.0186666667</dst>
            <dst id="STTLng">20175.5173333333</dst>
            <dst id="WASHng">42575.8586666667</dst>
        </src>
        <src id="HSTNng">
            <dst id="ATLA-M5">215.818666666667</dst>
            <dst id="ATLAng">20201.4293333333</dst>
            <dst id="CHINng">17052.8933333333</dst>
            <dst id="DNVRng">857.544</dst>
            <dst id="HSTNng">12943.928</dst>
            <dst id="IPLSng">3043.34933333333</dst>
            <dst id="KSCYng">2464.56</dst>
            <dst id="LOSAng">17975.6133333333</dst>
            <dst id="NYCMng">3324.952</dst>
            <dst id="SNVAng">64.1706666666667</dst>
            <dst id="STTLng">378.312</dst>
            <dst id="WASHng">5743.25333333333</dst>
        </src>
        <src id="IPLSng">
            <dst id="ATLA-M5">80</dst>
            <dst id="ATLAng">21925.7733333333</dst>
            <dst id="CHINng">83987.9253333333</dst>
            <dst id="DNVRng">24679.072</dst>
            <dst id="HSTNng">4310.44533333333</dst>
            <dst id="IPLSng">39947.4773333333</dst>
            <dst id="KSCYng">10080.176</dst>
            <dst id="LOSAng">24556.5066666667</dst>
            <dst id="NYCMng">60258.7093333333</dst>
            <dst id="SNVAng">2659.24266666667</dst>
            <dst id="STTLng">13568.6053333333</dst>
            <dst id="WASHng">22822.528</dst>
        </src>
        <src id="KSCYng">
            <dst id="ATLA-M5">149.978666666667</dst>
            <dst id="ATLAng">10297.2853333333</dst>
            <dst id="CHINng">27670.52</dst>
            <dst id="DNVRng">11786.1493333333</dst>
            <dst id="HSTNng">3152.70133333333</dst>
            <dst id="IPLSng">17414.44</dst>
            <dst id="KSCYng">5622.192</dst>
            <dst id="LOSAng">5931.09333333333</dst>
            <dst id="NYCMng">1663.536</dst>
            <dst id="SNVAng">7307.69866666667</dst>
            <dst id="STTLng">3403.92266666667</dst>
            <dst id="WASHng">17109.824</dst>
        </src>
        <src id="LOSAng">
            <dst id="ATLA-M5">846.290666666667</dst>
            <dst id="ATLAng">20707.9946666667</dst>
            <dst id="CHINng">126518.250666667</dst>
            <dst id="DNVRng">23864.7093333333</dst>
            <dst id="HSTNng">12630.056</dst>
            <dst id="IPLSng">42118.4426666667</dst>
            <dst id="KSCYng">12213.968</dst>
            <dst id="LOSAng">13837.912</dst>
            <dst id="NYCMng">42626.1493333333</dst>
            <dst id="SNVAng">22646.0266666667</dst>
            <dst id="STTLng">23545.3546666667</dst>
            <dst id="WASHng">40824.9653333333</dst>
        </src>
        <src id="NYCMng">
            <dst id="ATLA-M5">262.317333333333</dst>
            <dst id="ATLAng">50143.4933333333</dst>
            <dst id="CHINng">24162.416</dst>
            <dst id="DNVRng">39833.7413333333</dst>
            <dst id="HSTNng">11979.8373333333</dst>
            <dst id="IPLSng">58261.5706666667</dst>
            <dst id="KSCYng">15963.7493333333</dst>
            <dst id="LOSAng">81635.784</dst>
            <dst id="NYCMng">154545.005333333</dst>
            <dst id="SNVAng">5079.73333333333</dst>
            <dst id="STTLng">44763.872</dst>
            <dst id="WASHng">85597.2533333333</dst>
        </src>
        <src id="SNVAng">
            <dst id="ATLA-M5">0</dst>
            <dst id="ATLAng">110.592</dst>
            <dst id="CHINng">80</dst>
            <dst id="DNVRng">5291.53866666667</dst>
            <dst id="HSTNng">449.189333333333</dst>
            <dst id="IPLSng">3315.30666666667</dst>
            <dst id="KSCYng">53.3333333333333</dst>
            <dst id="LOSAng">39721.968</dst>
            <dst id="NYCMng">404.445333333333</dst>
            <dst id="SNVAng">9666.784</dst>
            <dst id="STTLng">26281.7893333333</dst>
            <dst id="WASHng">827.44</dst>
        </src>
        <src id="STTLng">
            <dst id="ATLA-M5">689.493333333333</dst>
            <dst id="ATLAng">16251.8666666667</dst>
            <dst id="CHINng">23297.3573333333</dst>
            <dst id="DNVRng">5022.31733333333</dst>
            <dst id="HSTNng">3676.79733333333</dst>
            <dst id="IPLSng">16087.168</dst>
            <dst id="KSCYng">6229.00266666667</dst>
            <dst id="LOSAng">22446.9093333333</dst>
            <dst id="NYCMng">14039.6266666667</dst>
            <dst id="SNVAng">6317.77333333333</dst>
            <dst id="STTLng">6641.81066666667</dst>
            <dst id="WASHng">33365.336</dst>
        </src>
        <src id="WASHng">
            <dst id="ATLA-M5">10255.8133333333</dst>
            <dst id="ATLAng">161497.322666667</dst>
            <dst id="CHINng">52762.3573333333</dst>
            <dst id="DNVRng">82782.0106666667</dst>
            <dst id="HSTNng">34401.736</dst>
            <dst id="IPLSng">62861.5653333333</dst>
            <dst id="KSCYng">19981.1653333333</dst>
            <dst id="LOSAng">67596.5306666666</dst>
            <dst id="NYCMng">187124.461333333</dst>
            <dst id="SNVAng">28080.9946666667</dst>
            <dst id="STTLng">55243.8426666667</dst>
            <dst id="WASHng">297126.853333333</dst>
        </src>
    </IntraTM>
</TrafficMatrixFile>
