<?xml version="1.0" encoding="ISO-8859-1" standalone="yes"?>
<TrafficMatrixFile xsi:noNamespaceSchemaLocation="http://totem.run.montefiore.ulg.ac.be/Schema/TrafficMatrix-v1_2.xsd" xmlns:xsi="http://www.w3.org/2001/XMLSchema-instance">
    <IntraTM ASID="11537">
        <src id="ATLA-M5">
            <dst id="ATLA-M5">203.642666666667</dst>
            <dst id="ATLAng">137.048</dst>
            <dst id="CHINng">150.072</dst>
            <dst id="DNVRng">0</dst>
            <dst id="HSTNng">32.9706666666667</dst>
            <dst id="IPLSng">147.221333333333</dst>
            <dst id="KSCYng">129.2</dst>
            <dst id="LOSAng">274.445333333333</dst>
            <dst id="NYCMng">82.6666666666667</dst>
            <dst id="SNVAng">20.0533333333333</dst>
            <dst id="STTLng">103.92</dst>
            <dst id="WASHng">721.066666666667</dst>
        </src>
        <src id="ATLAng">
            <dst id="ATLA-M5">300.466666666667</dst>
            <dst id="ATLAng">25563.624</dst>
            <dst id="CHINng">15521.408</dst>
            <dst id="DNVRng">7885.74933333333</dst>
            <dst id="HSTNng">2378.99466666667</dst>
            <dst id="IPLSng">19693.3626666667</dst>
            <dst id="KSCYng">8935.08266666667</dst>
            <dst id="LOSAng">12699.7986666667</dst>
            <dst id="NYCMng">19402.056</dst>
            <dst id="SNVAng">1162.492</dst>
            <dst id="STTLng">9613.02133333333</dst>
            <dst id="WASHng">75654.7066666667</dst>
        </src>
        <src id="CHINng">
            <dst id="ATLA-M5">354.544</dst>
            <dst id="ATLAng">21975.6186666667</dst>
            <dst id="CHINng">69707.9013333333</dst>
            <dst id="DNVRng">5307.20266666667</dst>
            <dst id="HSTNng">18752.4453333333</dst>
            <dst id="IPLSng">37306.7493333333</dst>
            <dst id="KSCYng">8703.97066666667</dst>
            <dst id="LOSAng">41371.3066666667</dst>
            <dst id="NYCMng">18204.752</dst>
            <dst id="SNVAng">3569.088</dst>
            <dst id="STTLng">6310.49066666667</dst>
            <dst id="WASHng">22395.5146666667</dst>
        </src>
        <src id="DNVRng">
            <dst id="ATLA-M5">534.712</dst>
            <dst id="ATLAng">11783.304</dst>
            <dst id="CHINng">65726.5786666667</dst>
            <dst id="DNVRng">10625.3733333333</dst>
            <dst id="HSTNng">15644.1706666667</dst>
            <dst id="IPLSng">22545.9893333333</dst>
            <dst id="KSCYng">15956.944</dst>
            <dst id="LOSAng">13770.8613333333</dst>
            <dst id="NYCMng">13185.4773333333</dst>
            <dst id="SNVAng">24316.5973333333</dst>
            <dst id="STTLng">9784.69066666667</dst>
            <dst id="WASHng">46058.9413333333</dst>
        </src>
        <src id="HSTNng">
            <dst id="ATLA-M5">626.506666666667</dst>
            <dst id="ATLAng">10892.1066666667</dst>
            <dst id="CHINng">13889.0533333333</dst>
            <dst id="DNVRng">846.304</dst>
            <dst id="HSTNng">9082.65866666667</dst>
            <dst id="IPLSng">2135.70666666667</dst>
            <dst id="KSCYng">2274.13333333333</dst>
            <dst id="LOSAng">7311.256</dst>
            <dst id="NYCMng">1981.49866666667</dst>
            <dst id="SNVAng">1300.34933333333</dst>
            <dst id="STTLng">872.498666666667</dst>
            <dst id="WASHng">4356.61066666667</dst>
        </src>
        <src id="IPLSng">
            <dst id="ATLA-M5">462.949333333333</dst>
            <dst id="ATLAng">21868.9946666667</dst>
            <dst id="CHINng">84572.416</dst>
            <dst id="DNVRng">15675.1333333333</dst>
            <dst id="HSTNng">3207.41333333333</dst>
            <dst id="IPLSng">17022.9226666667</dst>
            <dst id="KSCYng">7792.09066666667</dst>
            <dst id="LOSAng">35822.0053333333</dst>
            <dst id="NYCMng">38714.1866666667</dst>
            <dst id="SNVAng">2353.37333333333</dst>
            <dst id="STTLng">15693.36</dst>
            <dst id="WASHng">21297.776</dst>
        </src>
        <src id="KSCYng">
            <dst id="ATLA-M5">2800.66666666667</dst>
            <dst id="ATLAng">12755.52</dst>
            <dst id="CHINng">26231.848</dst>
            <dst id="DNVRng">12028.9173333333</dst>
            <dst id="HSTNng">9308.968</dst>
            <dst id="IPLSng">9085.54666666667</dst>
            <dst id="KSCYng">4931.21066666667</dst>
            <dst id="LOSAng">7039.06133333333</dst>
            <dst id="NYCMng">8119.056</dst>
            <dst id="SNVAng">3429.616</dst>
            <dst id="STTLng">3497.664</dst>
            <dst id="WASHng">11627.1386666667</dst>
        </src>
        <src id="LOSAng">
            <dst id="ATLA-M5">985.733333333333</dst>
            <dst id="ATLAng">19720.3093333333</dst>
            <dst id="CHINng">116702.141333333</dst>
            <dst id="DNVRng">37776.2586666667</dst>
            <dst id="HSTNng">5379.776</dst>
            <dst id="IPLSng">38147.8693333333</dst>
            <dst id="KSCYng">10139.6586666667</dst>
            <dst id="LOSAng">18551.3626666667</dst>
            <dst id="NYCMng">45719.392</dst>
            <dst id="SNVAng">18087.4746666667</dst>
            <dst id="STTLng">24954.6266666667</dst>
            <dst id="WASHng">36715.9413333333</dst>
        </src>
        <src id="NYCMng">
            <dst id="ATLA-M5">392.682666666667</dst>
            <dst id="ATLAng">37264.1946666667</dst>
            <dst id="CHINng">23933.3466666667</dst>
            <dst id="DNVRng">44229.5306666667</dst>
            <dst id="HSTNng">13200.2053333333</dst>
            <dst id="IPLSng">28232.8266666667</dst>
            <dst id="KSCYng">19471.272</dst>
            <dst id="LOSAng">87264.528</dst>
            <dst id="NYCMng">126433.552</dst>
            <dst id="SNVAng">6602.01066666667</dst>
            <dst id="STTLng">56077.104</dst>
            <dst id="WASHng">88381.368</dst>
        </src>
        <src id="SNVAng">
            <dst id="ATLA-M5">0</dst>
            <dst id="ATLAng">299.584</dst>
            <dst id="CHINng">760.712</dst>
            <dst id="DNVRng">3461.81866666667</dst>
            <dst id="HSTNng">136.864</dst>
            <dst id="IPLSng">2435.82666666667</dst>
            <dst id="KSCYng">41.504</dst>
            <dst id="LOSAng">46546.6693333333</dst>
            <dst id="NYCMng">325.237333333333</dst>
            <dst id="SNVAng">10364.6346666667</dst>
            <dst id="STTLng">34245.1173333333</dst>
            <dst id="WASHng">395.157333333333</dst>
        </src>
        <src id="STTLng">
            <dst id="ATLA-M5">779.474666666667</dst>
            <dst id="ATLAng">15875.8373333333</dst>
            <dst id="CHINng">19492.192</dst>
            <dst id="DNVRng">7197.65333333333</dst>
            <dst id="HSTNng">3588.66933333333</dst>
            <dst id="IPLSng">16010.8053333333</dst>
            <dst id="KSCYng">4923.42933333333</dst>
            <dst id="LOSAng">52374.2533333333</dst>
            <dst id="NYCMng">14854.5066666667</dst>
            <dst id="SNVAng">4934.096</dst>
            <dst id="STTLng">3940.96</dst>
            <dst id="WASHng">21267.9973333333</dst>
        </src>
        <src id="WASHng">
            <dst id="ATLA-M5">763.933333333334</dst>
            <dst id="ATLAng">131865.506666667</dst>
            <dst id="CHINng">50682.0186666667</dst>
            <dst id="DNVRng">87577.7173333333</dst>
            <dst id="HSTNng">30242.744</dst>
            <dst id="IPLSng">86872.5093333333</dst>
            <dst id="KSCYng">13667.8773333333</dst>
            <dst id="LOSAng">68403.6586666667</dst>
            <dst id="NYCMng">162275.557333333</dst>
            <dst id="SNVAng">26468.6826666667</dst>
            <dst id="STTLng">42098.6933333333</dst>
            <dst id="WASHng">249052.674666667</dst>
        </src>
    </IntraTM>
</TrafficMatrixFile>
