<?xml version="1.0" encoding="ISO-8859-1" standalone="yes"?>
<TrafficMatrixFile xsi:noNamespaceSchemaLocation="http://totem.run.montefiore.ulg.ac.be/Schema/TrafficMatrix-v1_2.xsd" xmlns:xsi="http://www.w3.org/2001/XMLSchema-instance">
    <IntraTM ASID="11537">
        <src id="ATLA-M5">
            <dst id="ATLA-M5">0</dst>
            <dst id="ATLAng">80</dst>
            <dst id="CHINng">81.4506666666666</dst>
            <dst id="DNVRng">0</dst>
            <dst id="HSTNng">100.821333333333</dst>
            <dst id="IPLSng">368.653333333333</dst>
            <dst id="KSCYng">26.6666666666667</dst>
            <dst id="LOSAng">355.4</dst>
            <dst id="NYCMng">0</dst>
            <dst id="SNVAng">0</dst>
            <dst id="STTLng">26.6666666666667</dst>
            <dst id="WASHng">578.88</dst>
        </src>
        <src id="ATLAng">
            <dst id="ATLA-M5">354.178666666667</dst>
            <dst id="ATLAng">5555.584</dst>
            <dst id="CHINng">5197.416</dst>
            <dst id="DNVRng">1623.02666666667</dst>
            <dst id="HSTNng">2012.02666666667</dst>
            <dst id="IPLSng">32871.1813333333</dst>
            <dst id="KSCYng">481.426666666667</dst>
            <dst id="LOSAng">7506.92</dst>
            <dst id="NYCMng">4468.11466666667</dst>
            <dst id="SNVAng">842.322666666667</dst>
            <dst id="STTLng">7389.56266666667</dst>
            <dst id="WASHng">23480.6986666667</dst>
        </src>
        <src id="CHINng">
            <dst id="ATLA-M5">83.84</dst>
            <dst id="ATLAng">9229.056</dst>
            <dst id="CHINng">39187.88</dst>
            <dst id="DNVRng">25595.56</dst>
            <dst id="HSTNng">7498.59466666667</dst>
            <dst id="IPLSng">80110.8186666667</dst>
            <dst id="KSCYng">6995.52</dst>
            <dst id="LOSAng">42968.7493333333</dst>
            <dst id="NYCMng">8565.35733333334</dst>
            <dst id="SNVAng">1969.55466666667</dst>
            <dst id="STTLng">7101.152</dst>
            <dst id="WASHng">36152.1013333333</dst>
        </src>
        <src id="DNVRng">
            <dst id="ATLA-M5">113.522666666667</dst>
            <dst id="ATLAng">3414.55733333334</dst>
            <dst id="CHINng">55187.872</dst>
            <dst id="DNVRng">18525.0186666667</dst>
            <dst id="HSTNng">14301.2666666667</dst>
            <dst id="IPLSng">36663.9466666667</dst>
            <dst id="KSCYng">19970.8026666667</dst>
            <dst id="LOSAng">15290.8906666667</dst>
            <dst id="NYCMng">14778.1653333333</dst>
            <dst id="SNVAng">12057.5466666667</dst>
            <dst id="STTLng">19445.7226666667</dst>
            <dst id="WASHng">28807.8106666667</dst>
        </src>
        <src id="HSTNng">
            <dst id="ATLA-M5">3179.072</dst>
            <dst id="ATLAng">13165.7226666667</dst>
            <dst id="CHINng">4103.99733333333</dst>
            <dst id="DNVRng">663.901333333333</dst>
            <dst id="HSTNng">12994.8746666667</dst>
            <dst id="IPLSng">987.872</dst>
            <dst id="KSCYng">3475.28533333333</dst>
            <dst id="LOSAng">4539.67733333333</dst>
            <dst id="NYCMng">1341.944</dst>
            <dst id="SNVAng">0</dst>
            <dst id="STTLng">2367.55733333333</dst>
            <dst id="WASHng">1161.624</dst>
        </src>
        <src id="IPLSng">
            <dst id="ATLA-M5">53.3333333333333</dst>
            <dst id="ATLAng">16792.0506666667</dst>
            <dst id="CHINng">34674.536</dst>
            <dst id="DNVRng">11998.5786666667</dst>
            <dst id="HSTNng">1810.95733333333</dst>
            <dst id="IPLSng">15250.6906666667</dst>
            <dst id="KSCYng">4303.82666666667</dst>
            <dst id="LOSAng">21543.5546666667</dst>
            <dst id="NYCMng">42693.3493333333</dst>
            <dst id="SNVAng">627.554666666667</dst>
            <dst id="STTLng">11365.9866666667</dst>
            <dst id="WASHng">24602.8826666667</dst>
        </src>
        <src id="KSCYng">
            <dst id="ATLA-M5">808.874666666666</dst>
            <dst id="ATLAng">3194.336</dst>
            <dst id="CHINng">8229.09866666666</dst>
            <dst id="DNVRng">12966.3786666667</dst>
            <dst id="HSTNng">14123.9973333333</dst>
            <dst id="IPLSng">15587.7733333333</dst>
            <dst id="KSCYng">5797.08266666667</dst>
            <dst id="LOSAng">8046.096</dst>
            <dst id="NYCMng">2408.90666666667</dst>
            <dst id="SNVAng">3155.43733333333</dst>
            <dst id="STTLng">4747.416</dst>
            <dst id="WASHng">6450.92</dst>
        </src>
        <src id="LOSAng">
            <dst id="ATLA-M5">125.728</dst>
            <dst id="ATLAng">24205.2613333333</dst>
            <dst id="CHINng">61370.4586666667</dst>
            <dst id="DNVRng">22780.9946666667</dst>
            <dst id="HSTNng">7735.67466666667</dst>
            <dst id="IPLSng">22731.608</dst>
            <dst id="KSCYng">5973.544</dst>
            <dst id="LOSAng">23029.464</dst>
            <dst id="NYCMng">46078.416</dst>
            <dst id="SNVAng">13316.464</dst>
            <dst id="STTLng">29307.9893333333</dst>
            <dst id="WASHng">55409.6666666667</dst>
        </src>
        <src id="NYCMng">
            <dst id="ATLA-M5">486.384</dst>
            <dst id="ATLAng">15118.2426666667</dst>
            <dst id="CHINng">9087.38933333333</dst>
            <dst id="DNVRng">6035.224</dst>
            <dst id="HSTNng">17869.776</dst>
            <dst id="IPLSng">15549.8373333333</dst>
            <dst id="KSCYng">4090.41333333333</dst>
            <dst id="LOSAng">70650.7173333333</dst>
            <dst id="NYCMng">60509.4053333333</dst>
            <dst id="SNVAng">1645.97866666667</dst>
            <dst id="STTLng">13943.432</dst>
            <dst id="WASHng">31268.6453333333</dst>
        </src>
        <src id="SNVAng">
            <dst id="ATLA-M5">0</dst>
            <dst id="ATLAng">557.685333333333</dst>
            <dst id="CHINng">62.656</dst>
            <dst id="DNVRng">6720.56533333333</dst>
            <dst id="HSTNng">76.064</dst>
            <dst id="IPLSng">253.170666666667</dst>
            <dst id="KSCYng">0</dst>
            <dst id="LOSAng">31417.9946666667</dst>
            <dst id="NYCMng">323.338666666667</dst>
            <dst id="SNVAng">6754.88533333333</dst>
            <dst id="STTLng">28813.3386666667</dst>
            <dst id="WASHng">26.6666666666667</dst>
        </src>
        <src id="STTLng">
            <dst id="ATLA-M5">361.005333333333</dst>
            <dst id="ATLAng">6514.79466666667</dst>
            <dst id="CHINng">10954.7386666667</dst>
            <dst id="DNVRng">2594.48533333333</dst>
            <dst id="HSTNng">2635.96</dst>
            <dst id="IPLSng">9277.70933333333</dst>
            <dst id="KSCYng">7328.4</dst>
            <dst id="LOSAng">22349.784</dst>
            <dst id="NYCMng">11386.8186666667</dst>
            <dst id="SNVAng">2586.328</dst>
            <dst id="STTLng">2938.624</dst>
            <dst id="WASHng">5526.34666666667</dst>
        </src>
        <src id="WASHng">
            <dst id="ATLA-M5">1311.96</dst>
            <dst id="ATLAng">94605.9733333333</dst>
            <dst id="CHINng">40309.864</dst>
            <dst id="DNVRng">67472.92</dst>
            <dst id="HSTNng">9909.87466666667</dst>
            <dst id="IPLSng">39487.552</dst>
            <dst id="KSCYng">10774.6373333333</dst>
            <dst id="LOSAng">63904.264</dst>
            <dst id="NYCMng">125644.08</dst>
            <dst id="SNVAng">5108.89866666667</dst>
            <dst id="STTLng">32798.0746666667</dst>
            <dst id="WASHng">244271.722666667</dst>
        </src>
    </IntraTM>
</TrafficMatrixFile>
