<?xml version="1.0" encoding="ISO-8859-1" standalone="yes"?>
<TrafficMatrixFile xsi:noNamespaceSchemaLocation="http://totem.run.montefiore.ulg.ac.be/Schema/TrafficMatrix-v1_2.xsd" xmlns:xsi="http://www.w3.org/2001/XMLSchema-instance">
    <IntraTM ASID="11537">
        <src id="ATLA-M5">
            <dst id="ATLA-M5">94.3093333333333</dst>
            <dst id="ATLAng">148.754666666667</dst>
            <dst id="CHINng">116.909333333333</dst>
            <dst id="DNVRng">0</dst>
            <dst id="HSTNng">108.573333333333</dst>
            <dst id="IPLSng">202.746666666667</dst>
            <dst id="KSCYng">0</dst>
            <dst id="LOSAng">288.250666666667</dst>
            <dst id="NYCMng">26.6666666666667</dst>
            <dst id="SNVAng">13.3333333333333</dst>
            <dst id="STTLng">0</dst>
            <dst id="WASHng">286.653333333333</dst>
        </src>
        <src id="ATLAng">
            <dst id="ATLA-M5">2653.816</dst>
            <dst id="ATLAng">13813.9386666667</dst>
            <dst id="CHINng">16424.3013333333</dst>
            <dst id="DNVRng">2566.81333333333</dst>
            <dst id="HSTNng">11025.64</dst>
            <dst id="IPLSng">34177.2453333333</dst>
            <dst id="KSCYng">6702.864</dst>
            <dst id="LOSAng">8918.83866666667</dst>
            <dst id="NYCMng">7010.44</dst>
            <dst id="SNVAng">956.177333333333</dst>
            <dst id="STTLng">17921.9386666667</dst>
            <dst id="WASHng">51748.136</dst>
        </src>
        <src id="CHINng">
            <dst id="ATLA-M5">240.317333333333</dst>
            <dst id="ATLAng">23209.2026666667</dst>
            <dst id="CHINng">59011.2426666667</dst>
            <dst id="DNVRng">8020.992</dst>
            <dst id="HSTNng">14842.1093333333</dst>
            <dst id="IPLSng">30293.536</dst>
            <dst id="KSCYng">11022.2213333333</dst>
            <dst id="LOSAng">45248.1386666667</dst>
            <dst id="NYCMng">12648.8106666667</dst>
            <dst id="SNVAng">3088.51733333333</dst>
            <dst id="STTLng">14143.1386666667</dst>
            <dst id="WASHng">44967.5493333333</dst>
        </src>
        <src id="DNVRng">
            <dst id="ATLA-M5">349.352</dst>
            <dst id="ATLAng">7943.88</dst>
            <dst id="CHINng">60198.1573333333</dst>
            <dst id="DNVRng">14782.3706666667</dst>
            <dst id="HSTNng">24465.9786666667</dst>
            <dst id="IPLSng">35218.8213333333</dst>
            <dst id="KSCYng">29890.0026666667</dst>
            <dst id="LOSAng">11851.5146666667</dst>
            <dst id="NYCMng">18681.6773333333</dst>
            <dst id="SNVAng">24504.9493333333</dst>
            <dst id="STTLng">9659.17333333333</dst>
            <dst id="WASHng">42276.024</dst>
        </src>
        <src id="HSTNng">
            <dst id="ATLA-M5">6352.36266666667</dst>
            <dst id="ATLAng">11083.7253333333</dst>
            <dst id="CHINng">10915.5253333333</dst>
            <dst id="DNVRng">1746.536</dst>
            <dst id="HSTNng">14355.7146666667</dst>
            <dst id="IPLSng">3897.57866666667</dst>
            <dst id="KSCYng">1528.67733333333</dst>
            <dst id="LOSAng">10291.6426666667</dst>
            <dst id="NYCMng">5765.93066666667</dst>
            <dst id="SNVAng">826.202666666667</dst>
            <dst id="STTLng">4911.78933333333</dst>
            <dst id="WASHng">8946.21866666667</dst>
        </src>
        <src id="IPLSng">
            <dst id="ATLA-M5">284.722666666667</dst>
            <dst id="ATLAng">14074.9413333333</dst>
            <dst id="CHINng">91729.136</dst>
            <dst id="DNVRng">18965.336</dst>
            <dst id="HSTNng">12766.5706666667</dst>
            <dst id="IPLSng">17359.1626666667</dst>
            <dst id="KSCYng">8509.72266666667</dst>
            <dst id="LOSAng">24841.3173333333</dst>
            <dst id="NYCMng">34714.384</dst>
            <dst id="SNVAng">1739.192</dst>
            <dst id="STTLng">29313.816</dst>
            <dst id="WASHng">14753.104</dst>
        </src>
        <src id="KSCYng">
            <dst id="ATLA-M5">26.6666666666667</dst>
            <dst id="ATLAng">1667.664</dst>
            <dst id="CHINng">16679.752</dst>
            <dst id="DNVRng">16273.7893333333</dst>
            <dst id="HSTNng">4090.16533333333</dst>
            <dst id="IPLSng">17542.72</dst>
            <dst id="KSCYng">12159.184</dst>
            <dst id="LOSAng">8228.69866666667</dst>
            <dst id="NYCMng">3207.19466666667</dst>
            <dst id="SNVAng">2737.84533333333</dst>
            <dst id="STTLng">4579.56</dst>
            <dst id="WASHng">14533.6826666667</dst>
        </src>
        <src id="LOSAng">
            <dst id="ATLA-M5">130.202666666667</dst>
            <dst id="ATLAng">21237.1306666667</dst>
            <dst id="CHINng">134328.792</dst>
            <dst id="DNVRng">24106.736</dst>
            <dst id="HSTNng">10188.056</dst>
            <dst id="IPLSng">35761.8506666667</dst>
            <dst id="KSCYng">12544.9333333333</dst>
            <dst id="LOSAng">20025.2853333333</dst>
            <dst id="NYCMng">38140.92</dst>
            <dst id="SNVAng">28373.8053333333</dst>
            <dst id="STTLng">24683.6213333333</dst>
            <dst id="WASHng">24172.3946666667</dst>
        </src>
        <src id="NYCMng">
            <dst id="ATLA-M5">592.770666666667</dst>
            <dst id="ATLAng">33145.3253333333</dst>
            <dst id="CHINng">16122.1546666667</dst>
            <dst id="DNVRng">29749.2826666667</dst>
            <dst id="HSTNng">12283.2666666667</dst>
            <dst id="IPLSng">38584.1253333333</dst>
            <dst id="KSCYng">13324.008</dst>
            <dst id="LOSAng">99430.2826666667</dst>
            <dst id="NYCMng">118435.453333333</dst>
            <dst id="SNVAng">7988.80266666667</dst>
            <dst id="STTLng">25110.2666666667</dst>
            <dst id="WASHng">91644.7706666666</dst>
        </src>
        <src id="SNVAng">
            <dst id="ATLA-M5">0</dst>
            <dst id="ATLAng">53.3333333333333</dst>
            <dst id="CHINng">80</dst>
            <dst id="DNVRng">15634.7893333333</dst>
            <dst id="HSTNng">271.610666666667</dst>
            <dst id="IPLSng">508.653333333333</dst>
            <dst id="KSCYng">53.3333333333333</dst>
            <dst id="LOSAng">34156</dst>
            <dst id="NYCMng">336.192</dst>
            <dst id="SNVAng">7570.83733333333</dst>
            <dst id="STTLng">35612.2986666667</dst>
            <dst id="WASHng">80</dst>
        </src>
        <src id="STTLng">
            <dst id="ATLA-M5">205.136</dst>
            <dst id="ATLAng">12893.384</dst>
            <dst id="CHINng">31222.5786666667</dst>
            <dst id="DNVRng">4856.71733333333</dst>
            <dst id="HSTNng">3679.744</dst>
            <dst id="IPLSng">19759.9333333333</dst>
            <dst id="KSCYng">5498.58933333333</dst>
            <dst id="LOSAng">16741.0506666667</dst>
            <dst id="NYCMng">18656.408</dst>
            <dst id="SNVAng">6624.32533333333</dst>
            <dst id="STTLng">6844.44266666667</dst>
            <dst id="WASHng">18758.4853333333</dst>
        </src>
        <src id="WASHng">
            <dst id="ATLA-M5">1707.568</dst>
            <dst id="ATLAng">113093.821333333</dst>
            <dst id="CHINng">62035.6053333333</dst>
            <dst id="DNVRng">82722.4053333333</dst>
            <dst id="HSTNng">21630.7093333333</dst>
            <dst id="IPLSng">73256.9173333333</dst>
            <dst id="KSCYng">29387.5706666667</dst>
            <dst id="LOSAng">81772.3253333333</dst>
            <dst id="NYCMng">160367.965333333</dst>
            <dst id="SNVAng">3841.92</dst>
            <dst id="STTLng">32633.9946666667</dst>
            <dst id="WASHng">281999.84</dst>
        </src>
    </IntraTM>
</TrafficMatrixFile>
