<?xml version="1.0" encoding="ISO-8859-1" standalone="yes"?>
<TrafficMatrixFile xsi:noNamespaceSchemaLocation="http://totem.run.montefiore.ulg.ac.be/Schema/TrafficMatrix-v1_2.xsd" xmlns:xsi="http://www.w3.org/2001/XMLSchema-instance">
    <IntraTM ASID="11537">
        <src id="ATLA-M5">
            <dst id="ATLA-M5">0</dst>
            <dst id="ATLAng">35.9066666666667</dst>
            <dst id="CHINng">53.528</dst>
            <dst id="DNVRng">26.6666666666667</dst>
            <dst id="HSTNng">69.5706666666667</dst>
            <dst id="IPLSng">0</dst>
            <dst id="KSCYng">26.6666666666667</dst>
            <dst id="LOSAng">201.301333333333</dst>
            <dst id="NYCMng">53.3333333333333</dst>
            <dst id="SNVAng">0</dst>
            <dst id="STTLng">26.6666666666667</dst>
            <dst id="WASHng">226.088</dst>
        </src>
        <src id="ATLAng">
            <dst id="ATLA-M5">180.872</dst>
            <dst id="ATLAng">8720.8</dst>
            <dst id="CHINng">4464.6</dst>
            <dst id="DNVRng">2915.90666666667</dst>
            <dst id="HSTNng">728.285333333333</dst>
            <dst id="IPLSng">27121.84</dst>
            <dst id="KSCYng">706.312</dst>
            <dst id="LOSAng">8237.33466666667</dst>
            <dst id="NYCMng">9425.17333333333</dst>
            <dst id="SNVAng">277.169333333333</dst>
            <dst id="STTLng">8076.23733333333</dst>
            <dst id="WASHng">27413.6293333333</dst>
        </src>
        <src id="CHINng">
            <dst id="ATLA-M5">0</dst>
            <dst id="ATLAng">9110.64</dst>
            <dst id="CHINng">41748.4133333333</dst>
            <dst id="DNVRng">6199.82933333333</dst>
            <dst id="HSTNng">5163.98133333333</dst>
            <dst id="IPLSng">76923.64</dst>
            <dst id="KSCYng">29146.864</dst>
            <dst id="LOSAng">46581.7786666667</dst>
            <dst id="NYCMng">14775.4266666667</dst>
            <dst id="SNVAng">401.856</dst>
            <dst id="STTLng">4065.808</dst>
            <dst id="WASHng">39522.696</dst>
        </src>
        <src id="DNVRng">
            <dst id="ATLA-M5">120.376</dst>
            <dst id="ATLAng">3474.65866666667</dst>
            <dst id="CHINng">73561.8293333333</dst>
            <dst id="DNVRng">19755.3093333333</dst>
            <dst id="HSTNng">20274.16</dst>
            <dst id="IPLSng">27673.456</dst>
            <dst id="KSCYng">32324.8586666667</dst>
            <dst id="LOSAng">17921.768</dst>
            <dst id="NYCMng">14661.528</dst>
            <dst id="SNVAng">17704.656</dst>
            <dst id="STTLng">16489.104</dst>
            <dst id="WASHng">33678.5093333333</dst>
        </src>
        <src id="HSTNng">
            <dst id="ATLA-M5">3191.84</dst>
            <dst id="ATLAng">14326.728</dst>
            <dst id="CHINng">7936.48533333333</dst>
            <dst id="DNVRng">1100</dst>
            <dst id="HSTNng">14207.1333333333</dst>
            <dst id="IPLSng">1990.688</dst>
            <dst id="KSCYng">407.68</dst>
            <dst id="LOSAng">10202.0986666667</dst>
            <dst id="NYCMng">4052.544</dst>
            <dst id="SNVAng">0</dst>
            <dst id="STTLng">721.728</dst>
            <dst id="WASHng">1488.05333333333</dst>
        </src>
        <src id="IPLSng">
            <dst id="ATLA-M5">26.6666666666667</dst>
            <dst id="ATLAng">22490.1333333333</dst>
            <dst id="CHINng">65216.9893333333</dst>
            <dst id="DNVRng">6534.33066666666</dst>
            <dst id="HSTNng">4022.96</dst>
            <dst id="IPLSng">26701.1066666667</dst>
            <dst id="KSCYng">10616.1893333333</dst>
            <dst id="LOSAng">19247.256</dst>
            <dst id="NYCMng">26026.5493333333</dst>
            <dst id="SNVAng">439.821333333333</dst>
            <dst id="STTLng">11269.112</dst>
            <dst id="WASHng">12609.3973333333</dst>
        </src>
        <src id="KSCYng">
            <dst id="ATLA-M5">971.936</dst>
            <dst id="ATLAng">1146.12</dst>
            <dst id="CHINng">11011.936</dst>
            <dst id="DNVRng">10527.4693333333</dst>
            <dst id="HSTNng">3517.824</dst>
            <dst id="IPLSng">13327.1866666667</dst>
            <dst id="KSCYng">11004.224</dst>
            <dst id="LOSAng">8407.576</dst>
            <dst id="NYCMng">4263.44533333333</dst>
            <dst id="SNVAng">2461.90933333333</dst>
            <dst id="STTLng">8237.48</dst>
            <dst id="WASHng">7213.64</dst>
        </src>
        <src id="LOSAng">
            <dst id="ATLA-M5">485.045333333333</dst>
            <dst id="ATLAng">13376.1893333333</dst>
            <dst id="CHINng">127005.248</dst>
            <dst id="DNVRng">21236.0906666667</dst>
            <dst id="HSTNng">9808.36</dst>
            <dst id="IPLSng">12763.1066666667</dst>
            <dst id="KSCYng">3628.10933333333</dst>
            <dst id="LOSAng">26829.4533333333</dst>
            <dst id="NYCMng">41735.9173333333</dst>
            <dst id="SNVAng">8703.17866666666</dst>
            <dst id="STTLng">21674.9573333333</dst>
            <dst id="WASHng">21426.632</dst>
        </src>
        <src id="NYCMng">
            <dst id="ATLA-M5">346.493333333333</dst>
            <dst id="ATLAng">9028.46933333333</dst>
            <dst id="CHINng">11795.6906666667</dst>
            <dst id="DNVRng">23527.504</dst>
            <dst id="HSTNng">11336.7226666667</dst>
            <dst id="IPLSng">11804.2266666667</dst>
            <dst id="KSCYng">6405.536</dst>
            <dst id="LOSAng">84747.9786666666</dst>
            <dst id="NYCMng">103345.002666667</dst>
            <dst id="SNVAng">1656.168</dst>
            <dst id="STTLng">19837.1866666667</dst>
            <dst id="WASHng">41982.1306666667</dst>
        </src>
        <src id="SNVAng">
            <dst id="ATLA-M5">0</dst>
            <dst id="ATLAng">74.9973333333333</dst>
            <dst id="CHINng">0</dst>
            <dst id="DNVRng">11530.2026666667</dst>
            <dst id="HSTNng">60.2026666666667</dst>
            <dst id="IPLSng">286.221333333333</dst>
            <dst id="KSCYng">26.6666666666667</dst>
            <dst id="LOSAng">35646.192</dst>
            <dst id="NYCMng">318.336</dst>
            <dst id="SNVAng">5576.736</dst>
            <dst id="STTLng">33683.7706666667</dst>
            <dst id="WASHng">53.3333333333333</dst>
        </src>
        <src id="STTLng">
            <dst id="ATLA-M5">53.3333333333333</dst>
            <dst id="ATLAng">7363.22133333333</dst>
            <dst id="CHINng">15347.1253333333</dst>
            <dst id="DNVRng">4453.01066666667</dst>
            <dst id="HSTNng">909.362666666667</dst>
            <dst id="IPLSng">6188.57866666667</dst>
            <dst id="KSCYng">1339.36266666667</dst>
            <dst id="LOSAng">21265.3226666667</dst>
            <dst id="NYCMng">17692.912</dst>
            <dst id="SNVAng">4079.632</dst>
            <dst id="STTLng">6858.624</dst>
            <dst id="WASHng">5741.88533333333</dst>
        </src>
        <src id="WASHng">
            <dst id="ATLA-M5">156.24</dst>
            <dst id="ATLAng">62120.7866666667</dst>
            <dst id="CHINng">54291.632</dst>
            <dst id="DNVRng">53336.664</dst>
            <dst id="HSTNng">9409.928</dst>
            <dst id="IPLSng">49421.1653333333</dst>
            <dst id="KSCYng">22278.68</dst>
            <dst id="LOSAng">76303.4426666667</dst>
            <dst id="NYCMng">157490.850666667</dst>
            <dst id="SNVAng">4443.47733333333</dst>
            <dst id="STTLng">42480.0853333333</dst>
            <dst id="WASHng">321505.28</dst>
        </src>
    </IntraTM>
</TrafficMatrixFile>
