<?xml version="1.0" encoding="ISO-8859-1" standalone="yes"?>
<TrafficMatrixFile xsi:noNamespaceSchemaLocation="http://totem.run.montefiore.ulg.ac.be/Schema/TrafficMatrix-v1_2.xsd" xmlns:xsi="http://www.w3.org/2001/XMLSchema-instance">
    <IntraTM ASID="11537">
        <src id="ATLA-M5">
            <dst id="ATLA-M5">105.157333333333</dst>
            <dst id="ATLAng">257.296</dst>
            <dst id="CHINng">117.565333333333</dst>
            <dst id="DNVRng">0</dst>
            <dst id="HSTNng">210.309333333333</dst>
            <dst id="IPLSng">113.245333333333</dst>
            <dst id="KSCYng">106.666666666667</dst>
            <dst id="LOSAng">121.858666666667</dst>
            <dst id="NYCMng">53.3333333333333</dst>
            <dst id="SNVAng">0</dst>
            <dst id="STTLng">26.6666666666667</dst>
            <dst id="WASHng">1813.01866666667</dst>
        </src>
        <src id="ATLAng">
            <dst id="ATLA-M5">2246.464</dst>
            <dst id="ATLAng">33318.4613333333</dst>
            <dst id="CHINng">14518.1386666667</dst>
            <dst id="DNVRng">4220.456</dst>
            <dst id="HSTNng">2735.70133333333</dst>
            <dst id="IPLSng">21936.1653333333</dst>
            <dst id="KSCYng">9731.18933333333</dst>
            <dst id="LOSAng">11209.8186666667</dst>
            <dst id="NYCMng">12741.9946666667</dst>
            <dst id="SNVAng">1292.25866666667</dst>
            <dst id="STTLng">8763.70933333333</dst>
            <dst id="WASHng">57547.4186666667</dst>
        </src>
        <src id="CHINng">
            <dst id="ATLA-M5">361.034666666667</dst>
            <dst id="ATLAng">35724.2906666667</dst>
            <dst id="CHINng">68084.952</dst>
            <dst id="DNVRng">13417.1066666667</dst>
            <dst id="HSTNng">17962.368</dst>
            <dst id="IPLSng">32612.848</dst>
            <dst id="KSCYng">12095.2586666667</dst>
            <dst id="LOSAng">46508.728</dst>
            <dst id="NYCMng">37754.0026666667</dst>
            <dst id="SNVAng">7122.14933333333</dst>
            <dst id="STTLng">4574.37866666667</dst>
            <dst id="WASHng">30655.632</dst>
        </src>
        <src id="DNVRng">
            <dst id="ATLA-M5">160.130666666667</dst>
            <dst id="ATLAng">14897.584</dst>
            <dst id="CHINng">67359.3386666667</dst>
            <dst id="DNVRng">17013.184</dst>
            <dst id="HSTNng">13404.8373333333</dst>
            <dst id="IPLSng">39574.4346666667</dst>
            <dst id="KSCYng">21869.752</dst>
            <dst id="LOSAng">9354.952</dst>
            <dst id="NYCMng">15752.2293333333</dst>
            <dst id="SNVAng">33386.0906666667</dst>
            <dst id="STTLng">10209.4693333333</dst>
            <dst id="WASHng">48975.392</dst>
        </src>
        <src id="HSTNng">
            <dst id="ATLA-M5">5115.06666666667</dst>
            <dst id="ATLAng">7429.49066666667</dst>
            <dst id="CHINng">16026.3066666667</dst>
            <dst id="DNVRng">1136.304</dst>
            <dst id="HSTNng">5153.808</dst>
            <dst id="IPLSng">5169.73066666667</dst>
            <dst id="KSCYng">1791.15733333333</dst>
            <dst id="LOSAng">9470.29866666667</dst>
            <dst id="NYCMng">3002.376</dst>
            <dst id="SNVAng">350.301333333333</dst>
            <dst id="STTLng">1352.984</dst>
            <dst id="WASHng">12694.0666666667</dst>
        </src>
        <src id="IPLSng">
            <dst id="ATLA-M5">296.354666666667</dst>
            <dst id="ATLAng">33517.4213333333</dst>
            <dst id="CHINng">87174.088</dst>
            <dst id="DNVRng">21308.024</dst>
            <dst id="HSTNng">19541.3413333333</dst>
            <dst id="IPLSng">16320.8106666667</dst>
            <dst id="KSCYng">11036.888</dst>
            <dst id="LOSAng">56059.6133333333</dst>
            <dst id="NYCMng">29935.8933333333</dst>
            <dst id="SNVAng">7635.048</dst>
            <dst id="STTLng">10958.904</dst>
            <dst id="WASHng">20291.6106666667</dst>
        </src>
        <src id="KSCYng">
            <dst id="ATLA-M5">26.6666666666667</dst>
            <dst id="ATLAng">13847.2106666667</dst>
            <dst id="CHINng">26885.1413333333</dst>
            <dst id="DNVRng">11393.4426666667</dst>
            <dst id="HSTNng">3259.45866666667</dst>
            <dst id="IPLSng">15288.1466666667</dst>
            <dst id="KSCYng">6797.92533333333</dst>
            <dst id="LOSAng">12466.9973333333</dst>
            <dst id="NYCMng">10081.5813333333</dst>
            <dst id="SNVAng">3491.57066666667</dst>
            <dst id="STTLng">3572.97333333333</dst>
            <dst id="WASHng">12485.5573333333</dst>
        </src>
        <src id="LOSAng">
            <dst id="ATLA-M5">1910.00533333333</dst>
            <dst id="ATLAng">23888.024</dst>
            <dst id="CHINng">102784.909333333</dst>
            <dst id="DNVRng">26888.6853333333</dst>
            <dst id="HSTNng">11886.7546666667</dst>
            <dst id="IPLSng">61227.552</dst>
            <dst id="KSCYng">11113.048</dst>
            <dst id="LOSAng">22657.0133333333</dst>
            <dst id="NYCMng">45162.5253333333</dst>
            <dst id="SNVAng">22715.7653333333</dst>
            <dst id="STTLng">24788.04</dst>
            <dst id="WASHng">64490.1226666667</dst>
        </src>
        <src id="NYCMng">
            <dst id="ATLA-M5">1414.16</dst>
            <dst id="ATLAng">46016.3813333333</dst>
            <dst id="CHINng">38919.456</dst>
            <dst id="DNVRng">49422.2586666667</dst>
            <dst id="HSTNng">15346.384</dst>
            <dst id="IPLSng">27516.5333333333</dst>
            <dst id="KSCYng">28781.7653333333</dst>
            <dst id="LOSAng">105895.36</dst>
            <dst id="NYCMng">109531.237333333</dst>
            <dst id="SNVAng">6433.11733333333</dst>
            <dst id="STTLng">45507.4213333333</dst>
            <dst id="WASHng">100007.309333333</dst>
        </src>
        <src id="SNVAng">
            <dst id="ATLA-M5">0</dst>
            <dst id="ATLAng">277.68</dst>
            <dst id="CHINng">106.666666666667</dst>
            <dst id="DNVRng">4988.24</dst>
            <dst id="HSTNng">88.3413333333333</dst>
            <dst id="IPLSng">2769.84533333333</dst>
            <dst id="KSCYng">1235.15466666667</dst>
            <dst id="LOSAng">38637.1146666667</dst>
            <dst id="NYCMng">286.045333333333</dst>
            <dst id="SNVAng">8842.57333333333</dst>
            <dst id="STTLng">32803.4586666667</dst>
            <dst id="WASHng">253.024</dst>
        </src>
        <src id="STTLng">
            <dst id="ATLA-M5">551.728</dst>
            <dst id="ATLAng">15700.208</dst>
            <dst id="CHINng">18719.7626666667</dst>
            <dst id="DNVRng">6910.768</dst>
            <dst id="HSTNng">3448.64</dst>
            <dst id="IPLSng">17084.9573333333</dst>
            <dst id="KSCYng">4337.45066666667</dst>
            <dst id="LOSAng">38891.7386666667</dst>
            <dst id="NYCMng">17454.92</dst>
            <dst id="SNVAng">8527.40266666667</dst>
            <dst id="STTLng">5477.21333333333</dst>
            <dst id="WASHng">23397.6293333333</dst>
        </src>
        <src id="WASHng">
            <dst id="ATLA-M5">4415.81333333333</dst>
            <dst id="ATLAng">129166.312</dst>
            <dst id="CHINng">91349.5493333333</dst>
            <dst id="DNVRng">94486.92</dst>
            <dst id="HSTNng">34481.4106666667</dst>
            <dst id="IPLSng">66784.0133333333</dst>
            <dst id="KSCYng">16136.0453333333</dst>
            <dst id="LOSAng">88816.9333333333</dst>
            <dst id="NYCMng">158085.685333333</dst>
            <dst id="SNVAng">20732.064</dst>
            <dst id="STTLng">60945.7333333333</dst>
            <dst id="WASHng">239039.133333333</dst>
        </src>
    </IntraTM>
</TrafficMatrixFile>
