<?xml version="1.0" encoding="ISO-8859-1" standalone="yes"?>
<TrafficMatrixFile xsi:noNamespaceSchemaLocation="http://totem.run.montefiore.ulg.ac.be/Schema/TrafficMatrix-v1_2.xsd" xmlns:xsi="http://www.w3.org/2001/XMLSchema-instance">
    <IntraTM ASID="11537">
        <src id="ATLA-M5">
            <dst id="ATLA-M5">0</dst>
            <dst id="ATLAng">80</dst>
            <dst id="CHINng">26.6666666666667</dst>
            <dst id="DNVRng">0</dst>
            <dst id="HSTNng">126.549333333333</dst>
            <dst id="IPLSng">53.3333333333333</dst>
            <dst id="KSCYng">26.6666666666667</dst>
            <dst id="LOSAng">386.624</dst>
            <dst id="NYCMng">1238.04533333333</dst>
            <dst id="SNVAng">0</dst>
            <dst id="STTLng">80</dst>
            <dst id="WASHng">963.738666666667</dst>
        </src>
        <src id="ATLAng">
            <dst id="ATLA-M5">214.362666666667</dst>
            <dst id="ATLAng">12256.8373333333</dst>
            <dst id="CHINng">15809.376</dst>
            <dst id="DNVRng">2135.088</dst>
            <dst id="HSTNng">918.408</dst>
            <dst id="IPLSng">20168.712</dst>
            <dst id="KSCYng">652.970666666667</dst>
            <dst id="LOSAng">10383.0693333333</dst>
            <dst id="NYCMng">7522.04</dst>
            <dst id="SNVAng">85.584</dst>
            <dst id="STTLng">5749.76</dst>
            <dst id="WASHng">53125.0346666667</dst>
        </src>
        <src id="CHINng">
            <dst id="ATLA-M5">146.114666666667</dst>
            <dst id="ATLAng">18636.7333333333</dst>
            <dst id="CHINng">97325.5786666667</dst>
            <dst id="DNVRng">5923.824</dst>
            <dst id="HSTNng">3736.42133333333</dst>
            <dst id="IPLSng">28005.9386666667</dst>
            <dst id="KSCYng">1688.408</dst>
            <dst id="LOSAng">39203.08</dst>
            <dst id="NYCMng">8267.536</dst>
            <dst id="SNVAng">2169.81333333333</dst>
            <dst id="STTLng">3183.848</dst>
            <dst id="WASHng">25482.896</dst>
        </src>
        <src id="DNVRng">
            <dst id="ATLA-M5">84.8</dst>
            <dst id="ATLAng">10376.456</dst>
            <dst id="CHINng">59159.7653333333</dst>
            <dst id="DNVRng">2474.288</dst>
            <dst id="HSTNng">26059.064</dst>
            <dst id="IPLSng">34181.7973333333</dst>
            <dst id="KSCYng">7713.38133333333</dst>
            <dst id="LOSAng">7043.704</dst>
            <dst id="NYCMng">17954.9013333333</dst>
            <dst id="SNVAng">3429.97333333333</dst>
            <dst id="STTLng">3861.008</dst>
            <dst id="WASHng">30225.104</dst>
        </src>
        <src id="HSTNng">
            <dst id="ATLA-M5">4094.36266666667</dst>
            <dst id="ATLAng">4248.45866666667</dst>
            <dst id="CHINng">16727.9733333333</dst>
            <dst id="DNVRng">1059.74133333333</dst>
            <dst id="HSTNng">10990.8986666667</dst>
            <dst id="IPLSng">3707.944</dst>
            <dst id="KSCYng">675.429333333333</dst>
            <dst id="LOSAng">8416.19466666667</dst>
            <dst id="NYCMng">3466.15733333333</dst>
            <dst id="SNVAng">0</dst>
            <dst id="STTLng">246.128</dst>
            <dst id="WASHng">1671.21866666667</dst>
        </src>
        <src id="IPLSng">
            <dst id="ATLA-M5">1163.54933333333</dst>
            <dst id="ATLAng">23383.6666666667</dst>
            <dst id="CHINng">85142.7866666667</dst>
            <dst id="DNVRng">12738.0373333333</dst>
            <dst id="HSTNng">341.786666666667</dst>
            <dst id="IPLSng">17214.2506666667</dst>
            <dst id="KSCYng">2116.98666666667</dst>
            <dst id="LOSAng">72473.3573333333</dst>
            <dst id="NYCMng">31054.6906666667</dst>
            <dst id="SNVAng">432.656</dst>
            <dst id="STTLng">10243.6106666667</dst>
            <dst id="WASHng">23562.3146666667</dst>
        </src>
        <src id="KSCYng">
            <dst id="ATLA-M5">0</dst>
            <dst id="ATLAng">1203.584</dst>
            <dst id="CHINng">24037.6586666667</dst>
            <dst id="DNVRng">8214.64533333333</dst>
            <dst id="HSTNng">2031.17066666667</dst>
            <dst id="IPLSng">8341.16266666667</dst>
            <dst id="KSCYng">4898.35733333333</dst>
            <dst id="LOSAng">3773.76</dst>
            <dst id="NYCMng">1385.92533333333</dst>
            <dst id="SNVAng">2873.57066666667</dst>
            <dst id="STTLng">2713.74133333333</dst>
            <dst id="WASHng">16738.3866666667</dst>
        </src>
        <src id="LOSAng">
            <dst id="ATLA-M5">143.2</dst>
            <dst id="ATLAng">12321.0213333333</dst>
            <dst id="CHINng">140737.962666667</dst>
            <dst id="DNVRng">20061.1413333333</dst>
            <dst id="HSTNng">3283.25066666667</dst>
            <dst id="IPLSng">14948.3386666667</dst>
            <dst id="KSCYng">4022.46933333333</dst>
            <dst id="LOSAng">12637.448</dst>
            <dst id="NYCMng">33580.96</dst>
            <dst id="SNVAng">21210.4853333333</dst>
            <dst id="STTLng">23527.872</dst>
            <dst id="WASHng">52334.16</dst>
        </src>
        <src id="NYCMng">
            <dst id="ATLA-M5">262.485333333333</dst>
            <dst id="ATLAng">17250.8026666667</dst>
            <dst id="CHINng">17500.1226666667</dst>
            <dst id="DNVRng">23715.4826666667</dst>
            <dst id="HSTNng">3452.69866666667</dst>
            <dst id="IPLSng">24538.5413333333</dst>
            <dst id="KSCYng">3690.59466666667</dst>
            <dst id="LOSAng">78690.56</dst>
            <dst id="NYCMng">106600.424</dst>
            <dst id="SNVAng">824.197333333333</dst>
            <dst id="STTLng">18481.2933333333</dst>
            <dst id="WASHng">33902.1786666667</dst>
        </src>
        <src id="SNVAng">
            <dst id="ATLA-M5">0</dst>
            <dst id="ATLAng">60.416</dst>
            <dst id="CHINng">53.3333333333333</dst>
            <dst id="DNVRng">4870.48533333333</dst>
            <dst id="HSTNng">47.7333333333333</dst>
            <dst id="IPLSng">239.312</dst>
            <dst id="KSCYng">0</dst>
            <dst id="LOSAng">31973.6053333333</dst>
            <dst id="NYCMng">596.672</dst>
            <dst id="SNVAng">4417.37866666667</dst>
            <dst id="STTLng">30825.7173333333</dst>
            <dst id="WASHng">679.021333333333</dst>
        </src>
        <src id="STTLng">
            <dst id="ATLA-M5">951.661333333333</dst>
            <dst id="ATLAng">5244.24533333333</dst>
            <dst id="CHINng">28868.2346666667</dst>
            <dst id="DNVRng">1690.10666666667</dst>
            <dst id="HSTNng">755.365333333333</dst>
            <dst id="IPLSng">3984.50666666667</dst>
            <dst id="KSCYng">2386.10666666667</dst>
            <dst id="LOSAng">15706.432</dst>
            <dst id="NYCMng">13088.576</dst>
            <dst id="SNVAng">2190.80266666667</dst>
            <dst id="STTLng">906.130666666666</dst>
            <dst id="WASHng">9590.624</dst>
        </src>
        <src id="WASHng">
            <dst id="ATLA-M5">1202.29333333333</dst>
            <dst id="ATLAng">88594.664</dst>
            <dst id="CHINng">46972.344</dst>
            <dst id="DNVRng">48972.328</dst>
            <dst id="HSTNng">22914.5786666667</dst>
            <dst id="IPLSng">47893.6506666667</dst>
            <dst id="KSCYng">13236.9253333333</dst>
            <dst id="LOSAng">64804.76</dst>
            <dst id="NYCMng">111339.469333333</dst>
            <dst id="SNVAng">5102.73333333333</dst>
            <dst id="STTLng">34318.8053333333</dst>
            <dst id="WASHng">262960.298666667</dst>
        </src>
    </IntraTM>
</TrafficMatrixFile>
