<?xml version="1.0" encoding="ISO-8859-1" standalone="yes"?>
<TrafficMatrixFile xsi:noNamespaceSchemaLocation="http://totem.run.montefiore.ulg.ac.be/Schema/TrafficMatrix-v1_2.xsd" xmlns:xsi="http://www.w3.org/2001/XMLSchema-instance">
    <IntraTM ASID="11537">
        <src id="ATLA-M5">
            <dst id="ATLA-M5">0</dst>
            <dst id="ATLAng">0</dst>
            <dst id="CHINng">149.781333333333</dst>
            <dst id="DNVRng">0</dst>
            <dst id="HSTNng">100.645333333333</dst>
            <dst id="IPLSng">86.216</dst>
            <dst id="KSCYng">767.576</dst>
            <dst id="LOSAng">169.194666666667</dst>
            <dst id="NYCMng">26.6666666666667</dst>
            <dst id="SNVAng">0</dst>
            <dst id="STTLng">529.373333333333</dst>
            <dst id="WASHng">242.266666666667</dst>
        </src>
        <src id="ATLAng">
            <dst id="ATLA-M5">71.4613333333333</dst>
            <dst id="ATLAng">35091.9173333333</dst>
            <dst id="CHINng">3368.04</dst>
            <dst id="DNVRng">4102.10933333333</dst>
            <dst id="HSTNng">2110.38933333333</dst>
            <dst id="IPLSng">11644.2106666667</dst>
            <dst id="KSCYng">875.368</dst>
            <dst id="LOSAng">16947.088</dst>
            <dst id="NYCMng">7996.37866666667</dst>
            <dst id="SNVAng">40.128</dst>
            <dst id="STTLng">5037.20266666667</dst>
            <dst id="WASHng">19114.536</dst>
        </src>
        <src id="CHINng">
            <dst id="ATLA-M5">735.650666666667</dst>
            <dst id="ATLAng">9990.71733333333</dst>
            <dst id="CHINng">58207.88</dst>
            <dst id="DNVRng">14990.064</dst>
            <dst id="HSTNng">6463.76266666667</dst>
            <dst id="IPLSng">54724.2666666667</dst>
            <dst id="KSCYng">5666.872</dst>
            <dst id="LOSAng">38903.704</dst>
            <dst id="NYCMng">12664.04</dst>
            <dst id="SNVAng">1495.176</dst>
            <dst id="STTLng">4893.46666666667</dst>
            <dst id="WASHng">29553.592</dst>
        </src>
        <src id="DNVRng">
            <dst id="ATLA-M5">101.92</dst>
            <dst id="ATLAng">15046.5626666667</dst>
            <dst id="CHINng">48895.0053333333</dst>
            <dst id="DNVRng">6095.59466666667</dst>
            <dst id="HSTNng">9328.57333333333</dst>
            <dst id="IPLSng">26878.9386666667</dst>
            <dst id="KSCYng">10697.3893333333</dst>
            <dst id="LOSAng">11464.1386666667</dst>
            <dst id="NYCMng">17323.184</dst>
            <dst id="SNVAng">20659.288</dst>
            <dst id="STTLng">4083.02666666667</dst>
            <dst id="WASHng">30698.3306666667</dst>
        </src>
        <src id="HSTNng">
            <dst id="ATLA-M5">2366.07733333333</dst>
            <dst id="ATLAng">7383.30133333333</dst>
            <dst id="CHINng">4049.18133333333</dst>
            <dst id="DNVRng">743.658666666667</dst>
            <dst id="HSTNng">13198.1466666667</dst>
            <dst id="IPLSng">9345.328</dst>
            <dst id="KSCYng">1532.94933333333</dst>
            <dst id="LOSAng">3340.41066666667</dst>
            <dst id="NYCMng">2890.70133333333</dst>
            <dst id="SNVAng">0</dst>
            <dst id="STTLng">1443.16533333333</dst>
            <dst id="WASHng">13210.2773333333</dst>
        </src>
        <src id="IPLSng">
            <dst id="ATLA-M5">172.501333333333</dst>
            <dst id="ATLAng">13307.8373333333</dst>
            <dst id="CHINng">38957.8</dst>
            <dst id="DNVRng">16186.7066666667</dst>
            <dst id="HSTNng">1583.472</dst>
            <dst id="IPLSng">17859.4133333333</dst>
            <dst id="KSCYng">2700.152</dst>
            <dst id="LOSAng">21128.3386666667</dst>
            <dst id="NYCMng">25700.0053333333</dst>
            <dst id="SNVAng">391.725333333333</dst>
            <dst id="STTLng">10065.8746666667</dst>
            <dst id="WASHng">15506.1893333333</dst>
        </src>
        <src id="KSCYng">
            <dst id="ATLA-M5">1213.10133333333</dst>
            <dst id="ATLAng">2102.64</dst>
            <dst id="CHINng">12177.4533333333</dst>
            <dst id="DNVRng">9476.064</dst>
            <dst id="HSTNng">6196.65066666667</dst>
            <dst id="IPLSng">9296.512</dst>
            <dst id="KSCYng">4554.51733333333</dst>
            <dst id="LOSAng">5333.952</dst>
            <dst id="NYCMng">3037.36</dst>
            <dst id="SNVAng">2479.79733333333</dst>
            <dst id="STTLng">4421.54933333333</dst>
            <dst id="WASHng">8459.86933333333</dst>
        </src>
        <src id="LOSAng">
            <dst id="ATLA-M5">53.3333333333333</dst>
            <dst id="ATLAng">12385</dst>
            <dst id="CHINng">56352.176</dst>
            <dst id="DNVRng">6202.624</dst>
            <dst id="HSTNng">7203.14666666667</dst>
            <dst id="IPLSng">34709.4106666667</dst>
            <dst id="KSCYng">2844.72266666667</dst>
            <dst id="LOSAng">85779.7173333333</dst>
            <dst id="NYCMng">25456.1093333333</dst>
            <dst id="SNVAng">14253.688</dst>
            <dst id="STTLng">36521.7893333333</dst>
            <dst id="WASHng">32773.992</dst>
        </src>
        <src id="NYCMng">
            <dst id="ATLA-M5">1075.45066666667</dst>
            <dst id="ATLAng">13974.7973333333</dst>
            <dst id="CHINng">17906.3146666667</dst>
            <dst id="DNVRng">25722.464</dst>
            <dst id="HSTNng">9172.66133333333</dst>
            <dst id="IPLSng">22650.184</dst>
            <dst id="KSCYng">10290.2986666667</dst>
            <dst id="LOSAng">85117.9946666667</dst>
            <dst id="NYCMng">87463.3173333333</dst>
            <dst id="SNVAng">2266.408</dst>
            <dst id="STTLng">22093.4746666667</dst>
            <dst id="WASHng">64935.408</dst>
        </src>
        <src id="SNVAng">
            <dst id="ATLA-M5">0</dst>
            <dst id="ATLAng">633.781333333333</dst>
            <dst id="CHINng">26.6666666666667</dst>
            <dst id="DNVRng">9129.09333333333</dst>
            <dst id="HSTNng">1615.08266666667</dst>
            <dst id="IPLSng">181.106666666667</dst>
            <dst id="KSCYng">26.6666666666667</dst>
            <dst id="LOSAng">37690.064</dst>
            <dst id="NYCMng">269.162666666667</dst>
            <dst id="SNVAng">8879.93333333333</dst>
            <dst id="STTLng">34079.7733333333</dst>
            <dst id="WASHng">218.194666666667</dst>
        </src>
        <src id="STTLng">
            <dst id="ATLA-M5">58.656</dst>
            <dst id="ATLAng">6515.42133333333</dst>
            <dst id="CHINng">16100.5653333333</dst>
            <dst id="DNVRng">4835.704</dst>
            <dst id="HSTNng">2003.30133333333</dst>
            <dst id="IPLSng">5069.728</dst>
            <dst id="KSCYng">2187.52533333333</dst>
            <dst id="LOSAng">471243.813333333</dst>
            <dst id="NYCMng">10494.0186666667</dst>
            <dst id="SNVAng">2398.55466666667</dst>
            <dst id="STTLng">18384.1466666667</dst>
            <dst id="WASHng">15344.6373333333</dst>
        </src>
        <src id="WASHng">
            <dst id="ATLA-M5">1620.49066666667</dst>
            <dst id="ATLAng">65701.976</dst>
            <dst id="CHINng">91008.2746666667</dst>
            <dst id="DNVRng">56609.696</dst>
            <dst id="HSTNng">30890.52</dst>
            <dst id="IPLSng">46675.3093333334</dst>
            <dst id="KSCYng">8632.46133333333</dst>
            <dst id="LOSAng">87670.752</dst>
            <dst id="NYCMng">164769.882666667</dst>
            <dst id="SNVAng">2767.896</dst>
            <dst id="STTLng">43504.8186666667</dst>
            <dst id="WASHng">191194.997333333</dst>
        </src>
    </IntraTM>
</TrafficMatrixFile>
