<?xml version="1.0" encoding="ISO-8859-1" standalone="yes"?>
<TrafficMatrixFile xsi:noNamespaceSchemaLocation="http://totem.run.montefiore.ulg.ac.be/Schema/TrafficMatrix-v1_2.xsd" xmlns:xsi="http://www.w3.org/2001/XMLSchema-instance">
    <IntraTM ASID="11537">
        <src id="ATLA-M5">
            <dst id="ATLA-M5">0</dst>
            <dst id="ATLAng">53.3333333333333</dst>
            <dst id="CHINng">136.8</dst>
            <dst id="DNVRng">0</dst>
            <dst id="HSTNng">82.6666666666667</dst>
            <dst id="IPLSng">0</dst>
            <dst id="KSCYng">387.493333333333</dst>
            <dst id="LOSAng">335.941333333333</dst>
            <dst id="NYCMng">145.389333333333</dst>
            <dst id="SNVAng">0</dst>
            <dst id="STTLng">370.549333333333</dst>
            <dst id="WASHng">106.666666666667</dst>
        </src>
        <src id="ATLAng">
            <dst id="ATLA-M5">32.0613333333333</dst>
            <dst id="ATLAng">64542.9466666667</dst>
            <dst id="CHINng">14438.32</dst>
            <dst id="DNVRng">2969.352</dst>
            <dst id="HSTNng">13590.576</dst>
            <dst id="IPLSng">11344.216</dst>
            <dst id="KSCYng">1264.57333333333</dst>
            <dst id="LOSAng">13533.4026666667</dst>
            <dst id="NYCMng">6038.15733333333</dst>
            <dst id="SNVAng">13.3333333333333</dst>
            <dst id="STTLng">5551.792</dst>
            <dst id="WASHng">24053.2266666667</dst>
        </src>
        <src id="CHINng">
            <dst id="ATLA-M5">727.197333333333</dst>
            <dst id="ATLAng">8457.85333333333</dst>
            <dst id="CHINng">56244.536</dst>
            <dst id="DNVRng">10250.3973333333</dst>
            <dst id="HSTNng">4247.25866666667</dst>
            <dst id="IPLSng">21536.896</dst>
            <dst id="KSCYng">4331.81066666667</dst>
            <dst id="LOSAng">43724.9946666667</dst>
            <dst id="NYCMng">11498.0133333333</dst>
            <dst id="SNVAng">1665.104</dst>
            <dst id="STTLng">7587.57333333333</dst>
            <dst id="WASHng">39389.6293333333</dst>
        </src>
        <src id="DNVRng">
            <dst id="ATLA-M5">220.96</dst>
            <dst id="ATLAng">13553.3066666667</dst>
            <dst id="CHINng">71414.88</dst>
            <dst id="DNVRng">14579.4186666667</dst>
            <dst id="HSTNng">14825.8133333333</dst>
            <dst id="IPLSng">25001.9146666667</dst>
            <dst id="KSCYng">17773.4826666667</dst>
            <dst id="LOSAng">16689.8373333333</dst>
            <dst id="NYCMng">14556.1546666667</dst>
            <dst id="SNVAng">9641.87466666667</dst>
            <dst id="STTLng">10909.512</dst>
            <dst id="WASHng">35351.5306666667</dst>
        </src>
        <src id="HSTNng">
            <dst id="ATLA-M5">2713.80266666667</dst>
            <dst id="ATLAng">4844.192</dst>
            <dst id="CHINng">5271.82933333333</dst>
            <dst id="DNVRng">1760.488</dst>
            <dst id="HSTNng">16057.568</dst>
            <dst id="IPLSng">12816.128</dst>
            <dst id="KSCYng">2314.64266666667</dst>
            <dst id="LOSAng">7852.01333333333</dst>
            <dst id="NYCMng">4193.928</dst>
            <dst id="SNVAng">0</dst>
            <dst id="STTLng">687.968</dst>
            <dst id="WASHng">1757.992</dst>
        </src>
        <src id="IPLSng">
            <dst id="ATLA-M5">0</dst>
            <dst id="ATLAng">15166.4026666667</dst>
            <dst id="CHINng">56086.5226666667</dst>
            <dst id="DNVRng">17343.2453333333</dst>
            <dst id="HSTNng">4173.65333333333</dst>
            <dst id="IPLSng">11714.984</dst>
            <dst id="KSCYng">2220.67466666667</dst>
            <dst id="LOSAng">17183.1573333333</dst>
            <dst id="NYCMng">26051.9333333333</dst>
            <dst id="SNVAng">369.912</dst>
            <dst id="STTLng">9790.51733333333</dst>
            <dst id="WASHng">17461.6533333333</dst>
        </src>
        <src id="KSCYng">
            <dst id="ATLA-M5">1064.76266666667</dst>
            <dst id="ATLAng">1494.42933333333</dst>
            <dst id="CHINng">19900.3386666667</dst>
            <dst id="DNVRng">9497.23733333333</dst>
            <dst id="HSTNng">4786.21866666667</dst>
            <dst id="IPLSng">10084.272</dst>
            <dst id="KSCYng">3867.61866666667</dst>
            <dst id="LOSAng">7860.96533333333</dst>
            <dst id="NYCMng">4420.112</dst>
            <dst id="SNVAng">2329.01866666667</dst>
            <dst id="STTLng">3146.992</dst>
            <dst id="WASHng">7682.13866666667</dst>
        </src>
        <src id="LOSAng">
            <dst id="ATLA-M5">269.84</dst>
            <dst id="ATLAng">23613.4026666667</dst>
            <dst id="CHINng">67205.3253333333</dst>
            <dst id="DNVRng">6316.02933333333</dst>
            <dst id="HSTNng">6136.88533333333</dst>
            <dst id="IPLSng">20972.7066666667</dst>
            <dst id="KSCYng">3207.90133333333</dst>
            <dst id="LOSAng">24765.6293333333</dst>
            <dst id="NYCMng">32183.6426666667</dst>
            <dst id="SNVAng">12775.2613333333</dst>
            <dst id="STTLng">30329.424</dst>
            <dst id="WASHng">29976.4213333333</dst>
        </src>
        <src id="NYCMng">
            <dst id="ATLA-M5">4178.216</dst>
            <dst id="ATLAng">14625.3306666667</dst>
            <dst id="CHINng">13433.2506666667</dst>
            <dst id="DNVRng">25152.072</dst>
            <dst id="HSTNng">12847.2853333333</dst>
            <dst id="IPLSng">21642.72</dst>
            <dst id="KSCYng">4991.32266666667</dst>
            <dst id="LOSAng">71373.048</dst>
            <dst id="NYCMng">74026.184</dst>
            <dst id="SNVAng">1643.352</dst>
            <dst id="STTLng">39586.7306666667</dst>
            <dst id="WASHng">41169.16</dst>
        </src>
        <src id="SNVAng">
            <dst id="ATLA-M5">0</dst>
            <dst id="ATLAng">598.685333333333</dst>
            <dst id="CHINng">0</dst>
            <dst id="DNVRng">13660.5226666667</dst>
            <dst id="HSTNng">2008.768</dst>
            <dst id="IPLSng">251.922666666667</dst>
            <dst id="KSCYng">53.3333333333333</dst>
            <dst id="LOSAng">34993.6346666667</dst>
            <dst id="NYCMng">350.962666666667</dst>
            <dst id="SNVAng">11269.6853333333</dst>
            <dst id="STTLng">32133.8933333333</dst>
            <dst id="WASHng">45.472</dst>
        </src>
        <src id="STTLng">
            <dst id="ATLA-M5">53.56</dst>
            <dst id="ATLAng">6488.10666666667</dst>
            <dst id="CHINng">15093.7733333333</dst>
            <dst id="DNVRng">4640.69866666667</dst>
            <dst id="HSTNng">2008.40533333333</dst>
            <dst id="IPLSng">6601.30933333333</dst>
            <dst id="KSCYng">2881.45866666667</dst>
            <dst id="LOSAng">548323.173333333</dst>
            <dst id="NYCMng">14586.6026666667</dst>
            <dst id="SNVAng">1875.448</dst>
            <dst id="STTLng">21767.7493333333</dst>
            <dst id="WASHng">10986.9946666667</dst>
        </src>
        <src id="WASHng">
            <dst id="ATLA-M5">364.168</dst>
            <dst id="ATLAng">60320.1706666667</dst>
            <dst id="CHINng">106169.810666667</dst>
            <dst id="DNVRng">72363.4106666667</dst>
            <dst id="HSTNng">22341.1413333333</dst>
            <dst id="IPLSng">66369.9413333333</dst>
            <dst id="KSCYng">10888.9173333333</dst>
            <dst id="LOSAng">76741.168</dst>
            <dst id="NYCMng">176926.082666667</dst>
            <dst id="SNVAng">1618.08533333333</dst>
            <dst id="STTLng">56545.7706666667</dst>
            <dst id="WASHng">187097.317333333</dst>
        </src>
    </IntraTM>
</TrafficMatrixFile>
