<?xml version="1.0" encoding="ISO-8859-1" standalone="yes"?>
<TrafficMatrixFile xsi:noNamespaceSchemaLocation="http://totem.run.montefiore.ulg.ac.be/Schema/TrafficMatrix-v1_2.xsd" xmlns:xsi="http://www.w3.org/2001/XMLSchema-instance">
    <IntraTM ASID="11537">
        <src id="ATLA-M5">
            <dst id="ATLA-M5">0</dst>
            <dst id="ATLAng">0</dst>
            <dst id="CHINng">1718.12266666667</dst>
            <dst id="DNVRng">0</dst>
            <dst id="HSTNng">49.1573333333333</dst>
            <dst id="IPLSng">53.3333333333333</dst>
            <dst id="KSCYng">1067.41066666667</dst>
            <dst id="LOSAng">267.730666666667</dst>
            <dst id="NYCMng">97.5733333333333</dst>
            <dst id="SNVAng">0</dst>
            <dst id="STTLng">461.976</dst>
            <dst id="WASHng">317.394666666667</dst>
        </src>
        <src id="ATLAng">
            <dst id="ATLA-M5">32.344</dst>
            <dst id="ATLAng">31226.4586666667</dst>
            <dst id="CHINng">4211.968</dst>
            <dst id="DNVRng">3844.24266666667</dst>
            <dst id="HSTNng">1892.44266666667</dst>
            <dst id="IPLSng">13054.832</dst>
            <dst id="KSCYng">1688.37866666667</dst>
            <dst id="LOSAng">12879.488</dst>
            <dst id="NYCMng">6053.12</dst>
            <dst id="SNVAng">42.024</dst>
            <dst id="STTLng">5588.112</dst>
            <dst id="WASHng">27976.8506666667</dst>
        </src>
        <src id="CHINng">
            <dst id="ATLA-M5">682.824</dst>
            <dst id="ATLAng">7566.01066666667</dst>
            <dst id="CHINng">47317.9386666667</dst>
            <dst id="DNVRng">5620.16</dst>
            <dst id="HSTNng">5677.08</dst>
            <dst id="IPLSng">29844.056</dst>
            <dst id="KSCYng">7428.048</dst>
            <dst id="LOSAng">42315.9626666667</dst>
            <dst id="NYCMng">9381.368</dst>
            <dst id="SNVAng">3929.192</dst>
            <dst id="STTLng">6445.21066666667</dst>
            <dst id="WASHng">32858.8</dst>
        </src>
        <src id="DNVRng">
            <dst id="ATLA-M5">169.92</dst>
            <dst id="ATLAng">14332.5733333333</dst>
            <dst id="CHINng">50121.3093333333</dst>
            <dst id="DNVRng">24484.5253333333</dst>
            <dst id="HSTNng">14667.288</dst>
            <dst id="IPLSng">21718.216</dst>
            <dst id="KSCYng">27564.0293333333</dst>
            <dst id="LOSAng">12713.0746666667</dst>
            <dst id="NYCMng">17268.0773333333</dst>
            <dst id="SNVAng">10621.2906666667</dst>
            <dst id="STTLng">16865.632</dst>
            <dst id="WASHng">37859.2693333333</dst>
        </src>
        <src id="HSTNng">
            <dst id="ATLA-M5">341.226666666667</dst>
            <dst id="ATLAng">7489.544</dst>
            <dst id="CHINng">4702.064</dst>
            <dst id="DNVRng">1326.712</dst>
            <dst id="HSTNng">15277.592</dst>
            <dst id="IPLSng">12558.4106666667</dst>
            <dst id="KSCYng">2356.12533333333</dst>
            <dst id="LOSAng">9291.88533333333</dst>
            <dst id="NYCMng">1997.176</dst>
            <dst id="SNVAng">0</dst>
            <dst id="STTLng">639.168</dst>
            <dst id="WASHng">8381.056</dst>
        </src>
        <src id="IPLSng">
            <dst id="ATLA-M5">30.5946666666667</dst>
            <dst id="ATLAng">19716.5546666667</dst>
            <dst id="CHINng">34184.5733333333</dst>
            <dst id="DNVRng">19846.3173333333</dst>
            <dst id="HSTNng">1026.864</dst>
            <dst id="IPLSng">10657.7386666667</dst>
            <dst id="KSCYng">2941.056</dst>
            <dst id="LOSAng">23231.2506666667</dst>
            <dst id="NYCMng">26481.1813333333</dst>
            <dst id="SNVAng">1084.50133333333</dst>
            <dst id="STTLng">14245.2773333333</dst>
            <dst id="WASHng">12943.9013333333</dst>
        </src>
        <src id="KSCYng">
            <dst id="ATLA-M5">1396.53333333333</dst>
            <dst id="ATLAng">1466.376</dst>
            <dst id="CHINng">17405.5386666667</dst>
            <dst id="DNVRng">11711.0133333333</dst>
            <dst id="HSTNng">4097.208</dst>
            <dst id="IPLSng">9802.46933333333</dst>
            <dst id="KSCYng">7156.46933333333</dst>
            <dst id="LOSAng">5747.216</dst>
            <dst id="NYCMng">2487.36533333333</dst>
            <dst id="SNVAng">2382.74933333333</dst>
            <dst id="STTLng">7632.248</dst>
            <dst id="WASHng">7187.02666666667</dst>
        </src>
        <src id="LOSAng">
            <dst id="ATLA-M5">109.362666666667</dst>
            <dst id="ATLAng">12421.1333333333</dst>
            <dst id="CHINng">85975.8613333333</dst>
            <dst id="DNVRng">7410.53866666667</dst>
            <dst id="HSTNng">5436.49866666667</dst>
            <dst id="IPLSng">21661.152</dst>
            <dst id="KSCYng">3550.48266666667</dst>
            <dst id="LOSAng">20086.9013333333</dst>
            <dst id="NYCMng">23946.344</dst>
            <dst id="SNVAng">13836.5066666667</dst>
            <dst id="STTLng">29704.8506666667</dst>
            <dst id="WASHng">31683.584</dst>
        </src>
        <src id="NYCMng">
            <dst id="ATLA-M5">3209.61866666667</dst>
            <dst id="ATLAng">9267.18933333333</dst>
            <dst id="CHINng">11567.5306666667</dst>
            <dst id="DNVRng">26210.712</dst>
            <dst id="HSTNng">14427.8986666667</dst>
            <dst id="IPLSng">14827.136</dst>
            <dst id="KSCYng">3741.89866666667</dst>
            <dst id="LOSAng">68795.9813333333</dst>
            <dst id="NYCMng">81767.1706666667</dst>
            <dst id="SNVAng">2051.24266666667</dst>
            <dst id="STTLng">31899.28</dst>
            <dst id="WASHng">42549.376</dst>
        </src>
        <src id="SNVAng">
            <dst id="ATLA-M5">0</dst>
            <dst id="ATLAng">574.698666666667</dst>
            <dst id="CHINng">53.3333333333333</dst>
            <dst id="DNVRng">9278.36</dst>
            <dst id="HSTNng">1287.33866666667</dst>
            <dst id="IPLSng">192.928</dst>
            <dst id="KSCYng">0</dst>
            <dst id="LOSAng">53351.2666666667</dst>
            <dst id="NYCMng">401.034666666667</dst>
            <dst id="SNVAng">9806.496</dst>
            <dst id="STTLng">36219.9893333333</dst>
            <dst id="WASHng">53.3333333333333</dst>
        </src>
        <src id="STTLng">
            <dst id="ATLA-M5">100.770666666667</dst>
            <dst id="ATLAng">6397.608</dst>
            <dst id="CHINng">10639.408</dst>
            <dst id="DNVRng">3689.72</dst>
            <dst id="HSTNng">1865.328</dst>
            <dst id="IPLSng">4517.12533333333</dst>
            <dst id="KSCYng">2637.71466666667</dst>
            <dst id="LOSAng">420322.186666667</dst>
            <dst id="NYCMng">9559.648</dst>
            <dst id="SNVAng">1851.17866666667</dst>
            <dst id="STTLng">22488.512</dst>
            <dst id="WASHng">13503.6426666667</dst>
        </src>
        <src id="WASHng">
            <dst id="ATLA-M5">924.090666666667</dst>
            <dst id="ATLAng">90566.8693333333</dst>
            <dst id="CHINng">95435.9466666666</dst>
            <dst id="DNVRng">65411.312</dst>
            <dst id="HSTNng">38466.6186666667</dst>
            <dst id="IPLSng">50247.3786666667</dst>
            <dst id="KSCYng">9483.984</dst>
            <dst id="LOSAng">73717.5946666666</dst>
            <dst id="NYCMng">207813.128</dst>
            <dst id="SNVAng">1685.056</dst>
            <dst id="STTLng">44752.4853333333</dst>
            <dst id="WASHng">194615.184</dst>
        </src>
    </IntraTM>
</TrafficMatrixFile>
