<?xml version="1.0" encoding="ISO-8859-1" standalone="yes"?>
<TrafficMatrixFile xsi:noNamespaceSchemaLocation="http://totem.run.montefiore.ulg.ac.be/Schema/TrafficMatrix-v1_2.xsd" xmlns:xsi="http://www.w3.org/2001/XMLSchema-instance">
    <IntraTM ASID="11537">
        <src id="ATLA-M5">
            <dst id="ATLA-M5">109.568</dst>
            <dst id="ATLAng">1967.232</dst>
            <dst id="CHINng">531.472</dst>
            <dst id="DNVRng">26.6666666666667</dst>
            <dst id="HSTNng">89.3173333333333</dst>
            <dst id="IPLSng">188</dst>
            <dst id="KSCYng">243.778666666667</dst>
            <dst id="LOSAng">110.234666666667</dst>
            <dst id="NYCMng">179.389333333333</dst>
            <dst id="SNVAng">13.3333333333333</dst>
            <dst id="STTLng">26.6666666666667</dst>
            <dst id="WASHng">372.208</dst>
        </src>
        <src id="ATLAng">
            <dst id="ATLA-M5">85.5706666666667</dst>
            <dst id="ATLAng">59584.4906666667</dst>
            <dst id="CHINng">4353.264</dst>
            <dst id="DNVRng">4711.43733333333</dst>
            <dst id="HSTNng">677.138666666667</dst>
            <dst id="IPLSng">15215.008</dst>
            <dst id="KSCYng">1051.24</dst>
            <dst id="LOSAng">14326.2173333333</dst>
            <dst id="NYCMng">7369.62666666667</dst>
            <dst id="SNVAng">202.462666666667</dst>
            <dst id="STTLng">5394.264</dst>
            <dst id="WASHng">29184.5946666667</dst>
        </src>
        <src id="CHINng">
            <dst id="ATLA-M5">797.176</dst>
            <dst id="ATLAng">20938.192</dst>
            <dst id="CHINng">48160.8826666667</dst>
            <dst id="DNVRng">19207.984</dst>
            <dst id="HSTNng">14256.3893333333</dst>
            <dst id="IPLSng">41323.568</dst>
            <dst id="KSCYng">6046.74133333333</dst>
            <dst id="LOSAng">52656.224</dst>
            <dst id="NYCMng">13641.32</dst>
            <dst id="SNVAng">3536.33866666667</dst>
            <dst id="STTLng">5389.408</dst>
            <dst id="WASHng">23799.544</dst>
        </src>
        <src id="DNVRng">
            <dst id="ATLA-M5">277.397333333333</dst>
            <dst id="ATLAng">11420.5093333333</dst>
            <dst id="CHINng">48982.312</dst>
            <dst id="DNVRng">11430.4026666667</dst>
            <dst id="HSTNng">17573.0453333333</dst>
            <dst id="IPLSng">21251.36</dst>
            <dst id="KSCYng">18907.4853333333</dst>
            <dst id="LOSAng">26189.904</dst>
            <dst id="NYCMng">17688.296</dst>
            <dst id="SNVAng">9702.80266666667</dst>
            <dst id="STTLng">20282.4693333333</dst>
            <dst id="WASHng">41469.7146666667</dst>
        </src>
        <src id="HSTNng">
            <dst id="ATLA-M5">2387.496</dst>
            <dst id="ATLAng">6195.62933333333</dst>
            <dst id="CHINng">10308.6373333333</dst>
            <dst id="DNVRng">1617.05866666667</dst>
            <dst id="HSTNng">14827.048</dst>
            <dst id="IPLSng">2893.77333333333</dst>
            <dst id="KSCYng">1689.736</dst>
            <dst id="LOSAng">37433.8613333333</dst>
            <dst id="NYCMng">4086.21066666667</dst>
            <dst id="SNVAng">0</dst>
            <dst id="STTLng">594.077333333333</dst>
            <dst id="WASHng">8676.368</dst>
        </src>
        <src id="IPLSng">
            <dst id="ATLA-M5">83.1413333333333</dst>
            <dst id="ATLAng">19417.5493333333</dst>
            <dst id="CHINng">49312.184</dst>
            <dst id="DNVRng">10254.5333333333</dst>
            <dst id="HSTNng">940.690666666667</dst>
            <dst id="IPLSng">17237.9893333333</dst>
            <dst id="KSCYng">4382.016</dst>
            <dst id="LOSAng">25498.7893333333</dst>
            <dst id="NYCMng">25058.12</dst>
            <dst id="SNVAng">2375.296</dst>
            <dst id="STTLng">11173.0213333333</dst>
            <dst id="WASHng">7769.75733333333</dst>
        </src>
        <src id="KSCYng">
            <dst id="ATLA-M5">1263.024</dst>
            <dst id="ATLAng">3490.85866666667</dst>
            <dst id="CHINng">9422.10933333333</dst>
            <dst id="DNVRng">8574.16533333333</dst>
            <dst id="HSTNng">4242.46933333333</dst>
            <dst id="IPLSng">13199.856</dst>
            <dst id="KSCYng">9500.688</dst>
            <dst id="LOSAng">8636.368</dst>
            <dst id="NYCMng">2271.952</dst>
            <dst id="SNVAng">3106.024</dst>
            <dst id="STTLng">4420.68533333333</dst>
            <dst id="WASHng">15259.5573333333</dst>
        </src>
        <src id="LOSAng">
            <dst id="ATLA-M5">243.205333333333</dst>
            <dst id="ATLAng">38248.408</dst>
            <dst id="CHINng">105594.093333333</dst>
            <dst id="DNVRng">28927.8026666667</dst>
            <dst id="HSTNng">9472.736</dst>
            <dst id="IPLSng">24274.968</dst>
            <dst id="KSCYng">4615.02133333333</dst>
            <dst id="LOSAng">26838.7306666667</dst>
            <dst id="NYCMng">35744.656</dst>
            <dst id="SNVAng">25020.432</dst>
            <dst id="STTLng">33176.856</dst>
            <dst id="WASHng">34632.2186666667</dst>
        </src>
        <src id="NYCMng">
            <dst id="ATLA-M5">4108.46133333333</dst>
            <dst id="ATLAng">25754.7333333333</dst>
            <dst id="CHINng">16482.352</dst>
            <dst id="DNVRng">25816.016</dst>
            <dst id="HSTNng">6205</dst>
            <dst id="IPLSng">19734.84</dst>
            <dst id="KSCYng">12448.328</dst>
            <dst id="LOSAng">76187.3786666667</dst>
            <dst id="NYCMng">104521</dst>
            <dst id="SNVAng">3682.04266666667</dst>
            <dst id="STTLng">20331.5173333333</dst>
            <dst id="WASHng">51577.88</dst>
        </src>
        <src id="SNVAng">
            <dst id="ATLA-M5">0</dst>
            <dst id="ATLAng">476.626666666667</dst>
            <dst id="CHINng">26.6666666666667</dst>
            <dst id="DNVRng">11191.5893333333</dst>
            <dst id="HSTNng">2307.11466666667</dst>
            <dst id="IPLSng">277.178666666667</dst>
            <dst id="KSCYng">53.3333333333333</dst>
            <dst id="LOSAng">46330.4933333333</dst>
            <dst id="NYCMng">365.962666666667</dst>
            <dst id="SNVAng">12579.8373333333</dst>
            <dst id="STTLng">33210.456</dst>
            <dst id="WASHng">879.608</dst>
        </src>
        <src id="STTLng">
            <dst id="ATLA-M5">557.189333333333</dst>
            <dst id="ATLAng">10493.8266666667</dst>
            <dst id="CHINng">21686.3626666667</dst>
            <dst id="DNVRng">4497.09066666667</dst>
            <dst id="HSTNng">4506.32</dst>
            <dst id="IPLSng">4271.68533333333</dst>
            <dst id="KSCYng">3361.712</dst>
            <dst id="LOSAng">26329.9013333333</dst>
            <dst id="NYCMng">10649.5866666667</dst>
            <dst id="SNVAng">4409.65066666667</dst>
            <dst id="STTLng">21813.2666666667</dst>
            <dst id="WASHng">10234.6613333333</dst>
        </src>
        <src id="WASHng">
            <dst id="ATLA-M5">290.914666666667</dst>
            <dst id="ATLAng">95375.0986666667</dst>
            <dst id="CHINng">68182.744</dst>
            <dst id="DNVRng">73270.152</dst>
            <dst id="HSTNng">44940.0373333333</dst>
            <dst id="IPLSng">49065.5866666667</dst>
            <dst id="KSCYng">18124.528</dst>
            <dst id="LOSAng">72639.2133333333</dst>
            <dst id="NYCMng">167407.330666667</dst>
            <dst id="SNVAng">5781.65866666667</dst>
            <dst id="STTLng">55582.032</dst>
            <dst id="WASHng">215064.506666667</dst>
        </src>
    </IntraTM>
</TrafficMatrixFile>
