<?xml version="1.0" encoding="ISO-8859-1" standalone="yes"?>
<TrafficMatrixFile xsi:noNamespaceSchemaLocation="http://totem.run.montefiore.ulg.ac.be/Schema/TrafficMatrix-v1_2.xsd" xmlns:xsi="http://www.w3.org/2001/XMLSchema-instance">
    <IntraTM ASID="11537">
        <src id="ATLA-M5">
            <dst id="ATLA-M5">0</dst>
            <dst id="ATLAng">0</dst>
            <dst id="CHINng">101.973333333333</dst>
            <dst id="DNVRng">0</dst>
            <dst id="HSTNng">53.3333333333333</dst>
            <dst id="IPLSng">45.3866666666667</dst>
            <dst id="KSCYng">745.602666666667</dst>
            <dst id="LOSAng">230.885333333333</dst>
            <dst id="NYCMng">50.9866666666667</dst>
            <dst id="SNVAng">0</dst>
            <dst id="STTLng">509.282666666667</dst>
            <dst id="WASHng">540.349333333333</dst>
        </src>
        <src id="ATLAng">
            <dst id="ATLA-M5">26.6666666666667</dst>
            <dst id="ATLAng">30596.632</dst>
            <dst id="CHINng">3041.008</dst>
            <dst id="DNVRng">3792.28</dst>
            <dst id="HSTNng">14375.712</dst>
            <dst id="IPLSng">10362.2053333333</dst>
            <dst id="KSCYng">750.218666666667</dst>
            <dst id="LOSAng">15882.3373333333</dst>
            <dst id="NYCMng">5001.112</dst>
            <dst id="SNVAng">208.102666666667</dst>
            <dst id="STTLng">5857.56533333333</dst>
            <dst id="WASHng">25723.8346666667</dst>
        </src>
        <src id="CHINng">
            <dst id="ATLA-M5">5250.28266666667</dst>
            <dst id="ATLAng">3998.464</dst>
            <dst id="CHINng">43123.6266666667</dst>
            <dst id="DNVRng">12164.6533333333</dst>
            <dst id="HSTNng">4852.488</dst>
            <dst id="IPLSng">36536.8933333333</dst>
            <dst id="KSCYng">2342.45333333333</dst>
            <dst id="LOSAng">45668.2986666667</dst>
            <dst id="NYCMng">9903.15733333333</dst>
            <dst id="SNVAng">5245.89066666667</dst>
            <dst id="STTLng">6649.42133333333</dst>
            <dst id="WASHng">19703.544</dst>
        </src>
        <src id="DNVRng">
            <dst id="ATLA-M5">64.96</dst>
            <dst id="ATLAng">8322.81333333333</dst>
            <dst id="CHINng">55271.064</dst>
            <dst id="DNVRng">13141.7413333333</dst>
            <dst id="HSTNng">10857.336</dst>
            <dst id="IPLSng">28709.5253333333</dst>
            <dst id="KSCYng">16387.3786666667</dst>
            <dst id="LOSAng">28143.136</dst>
            <dst id="NYCMng">14196.5813333333</dst>
            <dst id="SNVAng">8607.69066666667</dst>
            <dst id="STTLng">9470.68266666667</dst>
            <dst id="WASHng">27140.1973333333</dst>
        </src>
        <src id="HSTNng">
            <dst id="ATLA-M5">1065.25866666667</dst>
            <dst id="ATLAng">4546.92533333333</dst>
            <dst id="CHINng">7069.97333333333</dst>
            <dst id="DNVRng">1134.95733333333</dst>
            <dst id="HSTNng">10386.464</dst>
            <dst id="IPLSng">11596.4213333333</dst>
            <dst id="KSCYng">2174.6</dst>
            <dst id="LOSAng">9525.65866666666</dst>
            <dst id="NYCMng">2532.17333333333</dst>
            <dst id="SNVAng">26.6666666666667</dst>
            <dst id="STTLng">839.973333333333</dst>
            <dst id="WASHng">1055.848</dst>
        </src>
        <src id="IPLSng">
            <dst id="ATLA-M5">0</dst>
            <dst id="ATLAng">9851.63466666666</dst>
            <dst id="CHINng">63176.1573333333</dst>
            <dst id="DNVRng">24221.232</dst>
            <dst id="HSTNng">428.944</dst>
            <dst id="IPLSng">13684.7333333333</dst>
            <dst id="KSCYng">3029.10133333333</dst>
            <dst id="LOSAng">26097.168</dst>
            <dst id="NYCMng">28370.672</dst>
            <dst id="SNVAng">298.709333333333</dst>
            <dst id="STTLng">13593.424</dst>
            <dst id="WASHng">7805.45066666667</dst>
        </src>
        <src id="KSCYng">
            <dst id="ATLA-M5">1017.072</dst>
            <dst id="ATLAng">1279.33866666667</dst>
            <dst id="CHINng">12588.0986666667</dst>
            <dst id="DNVRng">9963.49866666666</dst>
            <dst id="HSTNng">3264.62933333333</dst>
            <dst id="IPLSng">15894.7146666667</dst>
            <dst id="KSCYng">5445.00266666667</dst>
            <dst id="LOSAng">7547.39733333333</dst>
            <dst id="NYCMng">2496.52266666667</dst>
            <dst id="SNVAng">2196.13333333333</dst>
            <dst id="STTLng">3038.50933333333</dst>
            <dst id="WASHng">16368.0506666667</dst>
        </src>
        <src id="LOSAng">
            <dst id="ATLA-M5">242.794666666667</dst>
            <dst id="ATLAng">10187.44</dst>
            <dst id="CHINng">84142.8</dst>
            <dst id="DNVRng">28236.456</dst>
            <dst id="HSTNng">3376.376</dst>
            <dst id="IPLSng">11105.0906666667</dst>
            <dst id="KSCYng">6815.70933333333</dst>
            <dst id="LOSAng">26979.3573333333</dst>
            <dst id="NYCMng">29649.0613333333</dst>
            <dst id="SNVAng">19106.4453333333</dst>
            <dst id="STTLng">40122.7173333333</dst>
            <dst id="WASHng">22501.9706666667</dst>
        </src>
        <src id="NYCMng">
            <dst id="ATLA-M5">3774.704</dst>
            <dst id="ATLAng">10800.128</dst>
            <dst id="CHINng">12841.368</dst>
            <dst id="DNVRng">25510.416</dst>
            <dst id="HSTNng">13260.5306666667</dst>
            <dst id="IPLSng">25144.4213333333</dst>
            <dst id="KSCYng">7891.01333333333</dst>
            <dst id="LOSAng">70771.664</dst>
            <dst id="NYCMng">75428.9066666667</dst>
            <dst id="SNVAng">2254.50666666667</dst>
            <dst id="STTLng">34536.5093333333</dst>
            <dst id="WASHng">56418.0026666667</dst>
        </src>
        <src id="SNVAng">
            <dst id="ATLA-M5">0</dst>
            <dst id="ATLAng">53.3333333333333</dst>
            <dst id="CHINng">0</dst>
            <dst id="DNVRng">8793.07466666667</dst>
            <dst id="HSTNng">40.16</dst>
            <dst id="IPLSng">166.709333333333</dst>
            <dst id="KSCYng">0</dst>
            <dst id="LOSAng">36498.1946666667</dst>
            <dst id="NYCMng">264.512</dst>
            <dst id="SNVAng">6001.52266666667</dst>
            <dst id="STTLng">25686.664</dst>
            <dst id="WASHng">53.3333333333333</dst>
        </src>
        <src id="STTLng">
            <dst id="ATLA-M5">361.861333333333</dst>
            <dst id="ATLAng">7194.76</dst>
            <dst id="CHINng">18613.4933333333</dst>
            <dst id="DNVRng">3319.296</dst>
            <dst id="HSTNng">905.976</dst>
            <dst id="IPLSng">5428.23733333333</dst>
            <dst id="KSCYng">1364.31733333333</dst>
            <dst id="LOSAng">471362.933333333</dst>
            <dst id="NYCMng">15302.7173333333</dst>
            <dst id="SNVAng">3395.12</dst>
            <dst id="STTLng">22047.0613333333</dst>
            <dst id="WASHng">6089.95733333333</dst>
        </src>
        <src id="WASHng">
            <dst id="ATLA-M5">20839.1946666667</dst>
            <dst id="ATLAng">63936.144</dst>
            <dst id="CHINng">95353.584</dst>
            <dst id="DNVRng">52823.6426666667</dst>
            <dst id="HSTNng">20217.9146666667</dst>
            <dst id="IPLSng">39074.024</dst>
            <dst id="KSCYng">9511.58666666667</dst>
            <dst id="LOSAng">71652.5893333334</dst>
            <dst id="NYCMng">167332.226666667</dst>
            <dst id="SNVAng">1915.104</dst>
            <dst id="STTLng">65035.6293333333</dst>
            <dst id="WASHng">223171.344</dst>
        </src>
    </IntraTM>
</TrafficMatrixFile>
