<?xml version="1.0" encoding="ISO-8859-1" standalone="yes"?>
<TrafficMatrixFile xsi:noNamespaceSchemaLocation="http://totem.run.montefiore.ulg.ac.be/Schema/TrafficMatrix-v1_2.xsd" xmlns:xsi="http://www.w3.org/2001/XMLSchema-instance">
    <IntraTM ASID="11537">
        <src id="ATLA-M5">
            <dst id="ATLA-M5">106.717333333333</dst>
            <dst id="ATLAng">314.762666666667</dst>
            <dst id="CHINng">133.333333333333</dst>
            <dst id="DNVRng">0</dst>
            <dst id="HSTNng">122.813333333333</dst>
            <dst id="IPLSng">26.6666666666667</dst>
            <dst id="KSCYng">53.3333333333333</dst>
            <dst id="LOSAng">664.808</dst>
            <dst id="NYCMng">360.205333333333</dst>
            <dst id="SNVAng">13.3333333333333</dst>
            <dst id="STTLng">28</dst>
            <dst id="WASHng">1890.464</dst>
        </src>
        <src id="ATLAng">
            <dst id="ATLA-M5">255.242666666667</dst>
            <dst id="ATLAng">29296.4026666667</dst>
            <dst id="CHINng">54605.416</dst>
            <dst id="DNVRng">3448.192</dst>
            <dst id="HSTNng">3225.08533333333</dst>
            <dst id="IPLSng">14418.888</dst>
            <dst id="KSCYng">1805.672</dst>
            <dst id="LOSAng">13652.0426666667</dst>
            <dst id="NYCMng">28140.5226666667</dst>
            <dst id="SNVAng">589.314666666667</dst>
            <dst id="STTLng">7846.88</dst>
            <dst id="WASHng">48981.56</dst>
        </src>
        <src id="CHINng">
            <dst id="ATLA-M5">111.634666666667</dst>
            <dst id="ATLAng">19910.5573333333</dst>
            <dst id="CHINng">97905.8106666666</dst>
            <dst id="DNVRng">7649.52</dst>
            <dst id="HSTNng">11328.816</dst>
            <dst id="IPLSng">30752.52</dst>
            <dst id="KSCYng">25456.2293333333</dst>
            <dst id="LOSAng">36501.5733333333</dst>
            <dst id="NYCMng">16468.4826666667</dst>
            <dst id="SNVAng">5713.024</dst>
            <dst id="STTLng">4903.77333333333</dst>
            <dst id="WASHng">43902.6853333333</dst>
        </src>
        <src id="DNVRng">
            <dst id="ATLA-M5">230.688</dst>
            <dst id="ATLAng">9389.864</dst>
            <dst id="CHINng">69962.008</dst>
            <dst id="DNVRng">16705.056</dst>
            <dst id="HSTNng">20922.192</dst>
            <dst id="IPLSng">25743.688</dst>
            <dst id="KSCYng">31663.1466666667</dst>
            <dst id="LOSAng">8441.096</dst>
            <dst id="NYCMng">33128.576</dst>
            <dst id="SNVAng">13559.4506666667</dst>
            <dst id="STTLng">14572.9466666667</dst>
            <dst id="WASHng">41286.9493333333</dst>
        </src>
        <src id="HSTNng">
            <dst id="ATLA-M5">588.810666666667</dst>
            <dst id="ATLAng">3524.07466666667</dst>
            <dst id="CHINng">17159.392</dst>
            <dst id="DNVRng">1233.89333333333</dst>
            <dst id="HSTNng">14393.48</dst>
            <dst id="IPLSng">7298.424</dst>
            <dst id="KSCYng">2955.968</dst>
            <dst id="LOSAng">10395.7546666667</dst>
            <dst id="NYCMng">4018.496</dst>
            <dst id="SNVAng">172.672</dst>
            <dst id="STTLng">687.354666666667</dst>
            <dst id="WASHng">6002.06666666667</dst>
        </src>
        <src id="IPLSng">
            <dst id="ATLA-M5">238.818666666667</dst>
            <dst id="ATLAng">32082.5013333333</dst>
            <dst id="CHINng">108360.08</dst>
            <dst id="DNVRng">8002.656</dst>
            <dst id="HSTNng">4083.85066666667</dst>
            <dst id="IPLSng">29719.136</dst>
            <dst id="KSCYng">18189.696</dst>
            <dst id="LOSAng">13635.528</dst>
            <dst id="NYCMng">53942.2293333333</dst>
            <dst id="SNVAng">840.973333333333</dst>
            <dst id="STTLng">5576.30933333333</dst>
            <dst id="WASHng">23223.8346666667</dst>
        </src>
        <src id="KSCYng">
            <dst id="ATLA-M5">26.6666666666667</dst>
            <dst id="ATLAng">1802.26933333333</dst>
            <dst id="CHINng">28839.2693333333</dst>
            <dst id="DNVRng">10540.72</dst>
            <dst id="HSTNng">4496.42133333333</dst>
            <dst id="IPLSng">9889.25066666667</dst>
            <dst id="KSCYng">4715.79466666667</dst>
            <dst id="LOSAng">4584.33066666667</dst>
            <dst id="NYCMng">4739.78933333333</dst>
            <dst id="SNVAng">1863.95466666667</dst>
            <dst id="STTLng">2679.896</dst>
            <dst id="WASHng">12144.528</dst>
        </src>
        <src id="LOSAng">
            <dst id="ATLA-M5">0</dst>
            <dst id="ATLAng">18481.0906666667</dst>
            <dst id="CHINng">162165.173333333</dst>
            <dst id="DNVRng">22606.5013333333</dst>
            <dst id="HSTNng">10249.0506666667</dst>
            <dst id="IPLSng">31832.0293333333</dst>
            <dst id="KSCYng">9251.088</dst>
            <dst id="LOSAng">11901.2106666667</dst>
            <dst id="NYCMng">33786.648</dst>
            <dst id="SNVAng">9707.192</dst>
            <dst id="STTLng">17822.5066666667</dst>
            <dst id="WASHng">29782.5413333333</dst>
        </src>
        <src id="NYCMng">
            <dst id="ATLA-M5">269.573333333333</dst>
            <dst id="ATLAng">33891.5466666667</dst>
            <dst id="CHINng">24167.992</dst>
            <dst id="DNVRng">23572.8693333333</dst>
            <dst id="HSTNng">11152.384</dst>
            <dst id="IPLSng">19644.0453333333</dst>
            <dst id="KSCYng">14075.9013333333</dst>
            <dst id="LOSAng">77023.7413333333</dst>
            <dst id="NYCMng">120842.912</dst>
            <dst id="SNVAng">711.28</dst>
            <dst id="STTLng">17117.68</dst>
            <dst id="WASHng">95658.04</dst>
        </src>
        <src id="SNVAng">
            <dst id="ATLA-M5">0</dst>
            <dst id="ATLAng">183.933333333333</dst>
            <dst id="CHINng">353.152</dst>
            <dst id="DNVRng">5327.25066666667</dst>
            <dst id="HSTNng">97.0666666666667</dst>
            <dst id="IPLSng">242.456</dst>
            <dst id="KSCYng">26.6666666666667</dst>
            <dst id="LOSAng">31990.632</dst>
            <dst id="NYCMng">421.157333333333</dst>
            <dst id="SNVAng">4658.00266666667</dst>
            <dst id="STTLng">30621.056</dst>
            <dst id="WASHng">296.074666666667</dst>
        </src>
        <src id="STTLng">
            <dst id="ATLA-M5">26.6666666666667</dst>
            <dst id="ATLAng">11538.3546666667</dst>
            <dst id="CHINng">30868.5733333333</dst>
            <dst id="DNVRng">2070.616</dst>
            <dst id="HSTNng">1336.67466666667</dst>
            <dst id="IPLSng">6798.17866666667</dst>
            <dst id="KSCYng">4591.4</dst>
            <dst id="LOSAng">12392.4346666667</dst>
            <dst id="NYCMng">13200.016</dst>
            <dst id="SNVAng">2299.83733333333</dst>
            <dst id="STTLng">7750.26933333333</dst>
            <dst id="WASHng">16716.792</dst>
        </src>
        <src id="WASHng">
            <dst id="ATLA-M5">1158.04533333333</dst>
            <dst id="ATLAng">98066.1306666667</dst>
            <dst id="CHINng">83376.6613333333</dst>
            <dst id="DNVRng">54316.3733333333</dst>
            <dst id="HSTNng">21456.5146666667</dst>
            <dst id="IPLSng">61903.2746666667</dst>
            <dst id="KSCYng">9734.648</dst>
            <dst id="LOSAng">65653.808</dst>
            <dst id="NYCMng">185583.058666667</dst>
            <dst id="SNVAng">6650.89066666667</dst>
            <dst id="STTLng">33870.1946666667</dst>
            <dst id="WASHng">332768.613333333</dst>
        </src>
    </IntraTM>
</TrafficMatrixFile>
