<?xml version="1.0" encoding="ISO-8859-1" standalone="yes"?>
<TrafficMatrixFile xsi:noNamespaceSchemaLocation="http://totem.run.montefiore.ulg.ac.be/Schema/TrafficMatrix-v1_2.xsd" xmlns:xsi="http://www.w3.org/2001/XMLSchema-instance">
    <IntraTM ASID="11537">
        <src id="ATLA-M5">
            <dst id="ATLA-M5">0</dst>
            <dst id="ATLAng">0</dst>
            <dst id="CHINng">778.08</dst>
            <dst id="DNVRng">26.6666666666667</dst>
            <dst id="HSTNng">146.522666666667</dst>
            <dst id="IPLSng">142.666666666667</dst>
            <dst id="KSCYng">71.4613333333333</dst>
            <dst id="LOSAng">263.906666666667</dst>
            <dst id="NYCMng">606.744</dst>
            <dst id="SNVAng">0</dst>
            <dst id="STTLng">327.997333333333</dst>
            <dst id="WASHng">742.010666666667</dst>
        </src>
        <src id="ATLAng">
            <dst id="ATLA-M5">313.016</dst>
            <dst id="ATLAng">26176.8613333333</dst>
            <dst id="CHINng">11278.1706666667</dst>
            <dst id="DNVRng">2973.70666666667</dst>
            <dst id="HSTNng">2035.74133333333</dst>
            <dst id="IPLSng">31292.4453333333</dst>
            <dst id="KSCYng">2938.94133333333</dst>
            <dst id="LOSAng">16456.4573333333</dst>
            <dst id="NYCMng">6219.26666666667</dst>
            <dst id="SNVAng">684.638666666666</dst>
            <dst id="STTLng">5512.76</dst>
            <dst id="WASHng">28233.1786666667</dst>
        </src>
        <src id="CHINng">
            <dst id="ATLA-M5">2867.46666666667</dst>
            <dst id="ATLAng">19292.368</dst>
            <dst id="CHINng">62100.584</dst>
            <dst id="DNVRng">12811.1733333333</dst>
            <dst id="HSTNng">9966.78133333333</dst>
            <dst id="IPLSng">45270.472</dst>
            <dst id="KSCYng">6063.34933333333</dst>
            <dst id="LOSAng">55000.032</dst>
            <dst id="NYCMng">9627.45066666667</dst>
            <dst id="SNVAng">6087.50666666667</dst>
            <dst id="STTLng">8223.43733333333</dst>
            <dst id="WASHng">13916.6453333333</dst>
        </src>
        <src id="DNVRng">
            <dst id="ATLA-M5">418.101333333333</dst>
            <dst id="ATLAng">11577.8746666667</dst>
            <dst id="CHINng">36552.832</dst>
            <dst id="DNVRng">5849.74666666667</dst>
            <dst id="HSTNng">12712.3173333333</dst>
            <dst id="IPLSng">31525.3173333333</dst>
            <dst id="KSCYng">9726.28533333333</dst>
            <dst id="LOSAng">11090.3733333333</dst>
            <dst id="NYCMng">10650.3493333333</dst>
            <dst id="SNVAng">19167.7466666667</dst>
            <dst id="STTLng">16884.192</dst>
            <dst id="WASHng">38029.0933333333</dst>
        </src>
        <src id="HSTNng">
            <dst id="ATLA-M5">3539.984</dst>
            <dst id="ATLAng">13336.8133333333</dst>
            <dst id="CHINng">9157.976</dst>
            <dst id="DNVRng">5478.112</dst>
            <dst id="HSTNng">15292.3893333333</dst>
            <dst id="IPLSng">2434.34933333333</dst>
            <dst id="KSCYng">1571.97066666667</dst>
            <dst id="LOSAng">14105.7093333333</dst>
            <dst id="NYCMng">3207.00266666667</dst>
            <dst id="SNVAng">0</dst>
            <dst id="STTLng">1776.18933333333</dst>
            <dst id="WASHng">16747.3653333333</dst>
        </src>
        <src id="IPLSng">
            <dst id="ATLA-M5">88.288</dst>
            <dst id="ATLAng">21400.6826666667</dst>
            <dst id="CHINng">51418.8346666667</dst>
            <dst id="DNVRng">8455.52</dst>
            <dst id="HSTNng">2984.992</dst>
            <dst id="IPLSng">13770.7493333333</dst>
            <dst id="KSCYng">4436.07733333333</dst>
            <dst id="LOSAng">25188.5146666667</dst>
            <dst id="NYCMng">26844.744</dst>
            <dst id="SNVAng">1860.67733333333</dst>
            <dst id="STTLng">8568.54933333333</dst>
            <dst id="WASHng">9993.24</dst>
        </src>
        <src id="KSCYng">
            <dst id="ATLA-M5">621.248</dst>
            <dst id="ATLAng">3143.72533333333</dst>
            <dst id="CHINng">13056.096</dst>
            <dst id="DNVRng">9468.88266666667</dst>
            <dst id="HSTNng">3656.25866666667</dst>
            <dst id="IPLSng">12110.7333333333</dst>
            <dst id="KSCYng">8387.66933333334</dst>
            <dst id="LOSAng">7332.704</dst>
            <dst id="NYCMng">3511.13333333333</dst>
            <dst id="SNVAng">3266.69333333333</dst>
            <dst id="STTLng">5528.72533333333</dst>
            <dst id="WASHng">17058.8666666667</dst>
        </src>
        <src id="LOSAng">
            <dst id="ATLA-M5">143.005333333333</dst>
            <dst id="ATLAng">27834.728</dst>
            <dst id="CHINng">124591.557333333</dst>
            <dst id="DNVRng">27226.2026666667</dst>
            <dst id="HSTNng">7263.824</dst>
            <dst id="IPLSng">12642.24</dst>
            <dst id="KSCYng">6954.65333333333</dst>
            <dst id="LOSAng">18864.144</dst>
            <dst id="NYCMng">55434.776</dst>
            <dst id="SNVAng">25829.808</dst>
            <dst id="STTLng">36490.7386666667</dst>
            <dst id="WASHng">69222.072</dst>
        </src>
        <src id="NYCMng">
            <dst id="ATLA-M5">4648.44266666667</dst>
            <dst id="ATLAng">23187.5733333333</dst>
            <dst id="CHINng">12973.8746666667</dst>
            <dst id="DNVRng">28226.2693333333</dst>
            <dst id="HSTNng">16054.8906666667</dst>
            <dst id="IPLSng">27312.3146666667</dst>
            <dst id="KSCYng">18924.096</dst>
            <dst id="LOSAng">87369.6533333333</dst>
            <dst id="NYCMng">82546.6453333333</dst>
            <dst id="SNVAng">4935.632</dst>
            <dst id="STTLng">22286.328</dst>
            <dst id="WASHng">48776.1146666667</dst>
        </src>
        <src id="SNVAng">
            <dst id="ATLA-M5">0</dst>
            <dst id="ATLAng">57.152</dst>
            <dst id="CHINng">82.9973333333333</dst>
            <dst id="DNVRng">5629.008</dst>
            <dst id="HSTNng">2006.24</dst>
            <dst id="IPLSng">243.029333333333</dst>
            <dst id="KSCYng">26.6666666666667</dst>
            <dst id="LOSAng">42595.2346666667</dst>
            <dst id="NYCMng">374.528</dst>
            <dst id="SNVAng">9545.97066666667</dst>
            <dst id="STTLng">31072.2933333333</dst>
            <dst id="WASHng">580.992</dst>
        </src>
        <src id="STTLng">
            <dst id="ATLA-M5">206.746666666667</dst>
            <dst id="ATLAng">11329.2346666667</dst>
            <dst id="CHINng">17458.32</dst>
            <dst id="DNVRng">4920.152</dst>
            <dst id="HSTNng">7236.50933333333</dst>
            <dst id="IPLSng">5776.05333333333</dst>
            <dst id="KSCYng">7330.27733333333</dst>
            <dst id="LOSAng">22867.4986666667</dst>
            <dst id="NYCMng">10506.8133333333</dst>
            <dst id="SNVAng">11691.8133333333</dst>
            <dst id="STTLng">8470.984</dst>
            <dst id="WASHng">13329.5413333333</dst>
        </src>
        <src id="WASHng">
            <dst id="ATLA-M5">233.8</dst>
            <dst id="ATLAng">77711.264</dst>
            <dst id="CHINng">32266.1413333333</dst>
            <dst id="DNVRng">69594.704</dst>
            <dst id="HSTNng">31969.608</dst>
            <dst id="IPLSng">53689.6906666666</dst>
            <dst id="KSCYng">13440.168</dst>
            <dst id="LOSAng">81154.024</dst>
            <dst id="NYCMng">119377.472</dst>
            <dst id="SNVAng">7114.03733333333</dst>
            <dst id="STTLng">51394.4826666667</dst>
            <dst id="WASHng">200381.896</dst>
        </src>
    </IntraTM>
</TrafficMatrixFile>
