<?xml version="1.0" encoding="ISO-8859-1" standalone="yes"?>
<TrafficMatrixFile xsi:noNamespaceSchemaLocation="http://totem.run.montefiore.ulg.ac.be/Schema/TrafficMatrix-v1_2.xsd" xmlns:xsi="http://www.w3.org/2001/XMLSchema-instance">
    <IntraTM ASID="11537">
        <src id="ATLA-M5">
            <dst id="ATLA-M5">0</dst>
            <dst id="ATLAng">106.666666666667</dst>
            <dst id="CHINng">123.581333333333</dst>
            <dst id="DNVRng">0</dst>
            <dst id="HSTNng">95.2826666666667</dst>
            <dst id="IPLSng">0</dst>
            <dst id="KSCYng">0</dst>
            <dst id="LOSAng">249.352</dst>
            <dst id="NYCMng">53.3333333333333</dst>
            <dst id="SNVAng">0</dst>
            <dst id="STTLng">0</dst>
            <dst id="WASHng">1129.58133333333</dst>
        </src>
        <src id="ATLAng">
            <dst id="ATLA-M5">258.234666666667</dst>
            <dst id="ATLAng">10134.2533333333</dst>
            <dst id="CHINng">3599.38133333333</dst>
            <dst id="DNVRng">2178.93066666667</dst>
            <dst id="HSTNng">554.173333333333</dst>
            <dst id="IPLSng">24894.9253333333</dst>
            <dst id="KSCYng">1196.91466666667</dst>
            <dst id="LOSAng">7570.64266666667</dst>
            <dst id="NYCMng">5518.09066666667</dst>
            <dst id="SNVAng">627.765333333333</dst>
            <dst id="STTLng">10795.5466666667</dst>
            <dst id="WASHng">38155.352</dst>
        </src>
        <src id="CHINng">
            <dst id="ATLA-M5">26.6666666666667</dst>
            <dst id="ATLAng">12206.2613333333</dst>
            <dst id="CHINng">54153.2346666667</dst>
            <dst id="DNVRng">7288.74133333334</dst>
            <dst id="HSTNng">3877.808</dst>
            <dst id="IPLSng">42778.456</dst>
            <dst id="KSCYng">4259.21333333333</dst>
            <dst id="LOSAng">36376.9093333333</dst>
            <dst id="NYCMng">13505.456</dst>
            <dst id="SNVAng">579.901333333333</dst>
            <dst id="STTLng">4790.088</dst>
            <dst id="WASHng">23289.792</dst>
        </src>
        <src id="DNVRng">
            <dst id="ATLA-M5">190.584</dst>
            <dst id="ATLAng">4520.77066666667</dst>
            <dst id="CHINng">55353.304</dst>
            <dst id="DNVRng">2845.584</dst>
            <dst id="HSTNng">9977.06133333333</dst>
            <dst id="IPLSng">34564.8</dst>
            <dst id="KSCYng">10866.536</dst>
            <dst id="LOSAng">9310.84266666667</dst>
            <dst id="NYCMng">22789.3626666667</dst>
            <dst id="SNVAng">6007.79466666666</dst>
            <dst id="STTLng">5741.28533333333</dst>
            <dst id="WASHng">40656.2613333333</dst>
        </src>
        <src id="HSTNng">
            <dst id="ATLA-M5">3083.09333333333</dst>
            <dst id="ATLAng">1472.62666666667</dst>
            <dst id="CHINng">10196.0933333333</dst>
            <dst id="DNVRng">490.408</dst>
            <dst id="HSTNng">15442.704</dst>
            <dst id="IPLSng">3239.90133333333</dst>
            <dst id="KSCYng">704.816</dst>
            <dst id="LOSAng">2582.18933333333</dst>
            <dst id="NYCMng">1558.664</dst>
            <dst id="SNVAng">80</dst>
            <dst id="STTLng">5901.03466666667</dst>
            <dst id="WASHng">8748.20533333334</dst>
        </src>
        <src id="IPLSng">
            <dst id="ATLA-M5">0</dst>
            <dst id="ATLAng">14548.632</dst>
            <dst id="CHINng">51180.552</dst>
            <dst id="DNVRng">11014.6346666667</dst>
            <dst id="HSTNng">1452.55466666667</dst>
            <dst id="IPLSng">4701.496</dst>
            <dst id="KSCYng">2272.192</dst>
            <dst id="LOSAng">11241.5973333333</dst>
            <dst id="NYCMng">22862.5893333333</dst>
            <dst id="SNVAng">666.165333333333</dst>
            <dst id="STTLng">9955.072</dst>
            <dst id="WASHng">11411.9466666667</dst>
        </src>
        <src id="KSCYng">
            <dst id="ATLA-M5">0</dst>
            <dst id="ATLAng">4199.25866666667</dst>
            <dst id="CHINng">12557.4053333333</dst>
            <dst id="DNVRng">8405.968</dst>
            <dst id="HSTNng">2428.32266666667</dst>
            <dst id="IPLSng">7014.09066666667</dst>
            <dst id="KSCYng">5114.704</dst>
            <dst id="LOSAng">4303.90666666667</dst>
            <dst id="NYCMng">2935.448</dst>
            <dst id="SNVAng">1864.45066666667</dst>
            <dst id="STTLng">6880.45066666667</dst>
            <dst id="WASHng">6257.85066666667</dst>
        </src>
        <src id="LOSAng">
            <dst id="ATLA-M5">53.3333333333333</dst>
            <dst id="ATLAng">11383.9626666667</dst>
            <dst id="CHINng">114662.96</dst>
            <dst id="DNVRng">18916.9253333333</dst>
            <dst id="HSTNng">2949.18666666667</dst>
            <dst id="IPLSng">11342.5973333333</dst>
            <dst id="KSCYng">2589.91733333333</dst>
            <dst id="LOSAng">10351.5253333333</dst>
            <dst id="NYCMng">44695.0826666667</dst>
            <dst id="SNVAng">28174.8133333333</dst>
            <dst id="STTLng">32817.0986666667</dst>
            <dst id="WASHng">20572.088</dst>
        </src>
        <src id="NYCMng">
            <dst id="ATLA-M5">65.7573333333333</dst>
            <dst id="ATLAng">25938.3386666667</dst>
            <dst id="CHINng">11027.4026666667</dst>
            <dst id="DNVRng">22595.1893333333</dst>
            <dst id="HSTNng">4404.496</dst>
            <dst id="IPLSng">25133.4053333333</dst>
            <dst id="KSCYng">19705.536</dst>
            <dst id="LOSAng">78073.856</dst>
            <dst id="NYCMng">77664.6133333333</dst>
            <dst id="SNVAng">1760.00533333333</dst>
            <dst id="STTLng">15892.8266666667</dst>
            <dst id="WASHng">38834.32</dst>
        </src>
        <src id="SNVAng">
            <dst id="ATLA-M5">0</dst>
            <dst id="ATLAng">53.3333333333333</dst>
            <dst id="CHINng">53.3333333333333</dst>
            <dst id="DNVRng">10402.84</dst>
            <dst id="HSTNng">26.6666666666667</dst>
            <dst id="IPLSng">252.44</dst>
            <dst id="KSCYng">26.6666666666667</dst>
            <dst id="LOSAng">30531.5546666667</dst>
            <dst id="NYCMng">268.309333333333</dst>
            <dst id="SNVAng">7006.89333333333</dst>
            <dst id="STTLng">28558.4746666667</dst>
            <dst id="WASHng">80</dst>
        </src>
        <src id="STTLng">
            <dst id="ATLA-M5">0</dst>
            <dst id="ATLAng">9310.24533333333</dst>
            <dst id="CHINng">25906.7626666667</dst>
            <dst id="DNVRng">1311.36</dst>
            <dst id="HSTNng">1403.07733333333</dst>
            <dst id="IPLSng">6537.056</dst>
            <dst id="KSCYng">804.888</dst>
            <dst id="LOSAng">12532.6346666667</dst>
            <dst id="NYCMng">15015.5413333333</dst>
            <dst id="SNVAng">1496.09066666667</dst>
            <dst id="STTLng">1096.736</dst>
            <dst id="WASHng">7213.31733333333</dst>
        </src>
        <src id="WASHng">
            <dst id="ATLA-M5">171.146666666667</dst>
            <dst id="ATLAng">75755.184</dst>
            <dst id="CHINng">29791.3813333333</dst>
            <dst id="DNVRng">32937.24</dst>
            <dst id="HSTNng">9684.80266666667</dst>
            <dst id="IPLSng">46747.328</dst>
            <dst id="KSCYng">5551.504</dst>
            <dst id="LOSAng">60158.824</dst>
            <dst id="NYCMng">122347.381333333</dst>
            <dst id="SNVAng">5021.12266666667</dst>
            <dst id="STTLng">27348.4506666667</dst>
            <dst id="WASHng">345540.986666667</dst>
        </src>
    </IntraTM>
</TrafficMatrixFile>
