<?xml version="1.0" encoding="ISO-8859-1" standalone="yes"?>
<TrafficMatrixFile xsi:noNamespaceSchemaLocation="http://totem.run.montefiore.ulg.ac.be/Schema/TrafficMatrix-v1_2.xsd" xmlns:xsi="http://www.w3.org/2001/XMLSchema-instance">
    <IntraTM ASID="11537">
        <src id="ATLA-M5">
            <dst id="ATLA-M5">93.6586666666667</dst>
            <dst id="ATLAng">53.3333333333333</dst>
            <dst id="CHINng">129.042666666667</dst>
            <dst id="DNVRng">271.210666666667</dst>
            <dst id="HSTNng">169.842666666667</dst>
            <dst id="IPLSng">55.0506666666667</dst>
            <dst id="KSCYng">71.856</dst>
            <dst id="LOSAng">256.637333333333</dst>
            <dst id="NYCMng">53.3333333333333</dst>
            <dst id="SNVAng">13.3333333333333</dst>
            <dst id="STTLng">0</dst>
            <dst id="WASHng">297.509333333333</dst>
        </src>
        <src id="ATLAng">
            <dst id="ATLA-M5">295.221333333333</dst>
            <dst id="ATLAng">41234.1413333333</dst>
            <dst id="CHINng">15859.6773333333</dst>
            <dst id="DNVRng">2273.15733333333</dst>
            <dst id="HSTNng">18188.328</dst>
            <dst id="IPLSng">35107.664</dst>
            <dst id="KSCYng">10304.6746666667</dst>
            <dst id="LOSAng">10088.9653333333</dst>
            <dst id="NYCMng">7892.40266666667</dst>
            <dst id="SNVAng">958.048</dst>
            <dst id="STTLng">17843.0533333333</dst>
            <dst id="WASHng">45507.8613333333</dst>
        </src>
        <src id="CHINng">
            <dst id="ATLA-M5">165.957333333333</dst>
            <dst id="ATLAng">26172.5413333333</dst>
            <dst id="CHINng">60580.3013333333</dst>
            <dst id="DNVRng">16640.264</dst>
            <dst id="HSTNng">12677.536</dst>
            <dst id="IPLSng">56018.824</dst>
            <dst id="KSCYng">26229.6426666667</dst>
            <dst id="LOSAng">44544.536</dst>
            <dst id="NYCMng">11818.328</dst>
            <dst id="SNVAng">3392.16533333333</dst>
            <dst id="STTLng">12773.3626666667</dst>
            <dst id="WASHng">39365.488</dst>
        </src>
        <src id="DNVRng">
            <dst id="ATLA-M5">268.618666666667</dst>
            <dst id="ATLAng">6548.84</dst>
            <dst id="CHINng">61195.376</dst>
            <dst id="DNVRng">15567.9173333333</dst>
            <dst id="HSTNng">38264.6453333333</dst>
            <dst id="IPLSng">36749.6773333333</dst>
            <dst id="KSCYng">26354.8666666667</dst>
            <dst id="LOSAng">12023.112</dst>
            <dst id="NYCMng">14839.0986666667</dst>
            <dst id="SNVAng">24535.832</dst>
            <dst id="STTLng">8505.71466666667</dst>
            <dst id="WASHng">46684.0533333333</dst>
        </src>
        <src id="HSTNng">
            <dst id="ATLA-M5">442.824</dst>
            <dst id="ATLAng">11091.6853333333</dst>
            <dst id="CHINng">14440.864</dst>
            <dst id="DNVRng">2317.36</dst>
            <dst id="HSTNng">14667.5493333333</dst>
            <dst id="IPLSng">4334.68</dst>
            <dst id="KSCYng">1968.86133333333</dst>
            <dst id="LOSAng">10727.8106666667</dst>
            <dst id="NYCMng">4925.03733333333</dst>
            <dst id="SNVAng">472.184</dst>
            <dst id="STTLng">2849.26933333333</dst>
            <dst id="WASHng">8563.72</dst>
        </src>
        <src id="IPLSng">
            <dst id="ATLA-M5">313.762666666667</dst>
            <dst id="ATLAng">15722.3786666667</dst>
            <dst id="CHINng">101744.117333333</dst>
            <dst id="DNVRng">17813.872</dst>
            <dst id="HSTNng">9769.53066666667</dst>
            <dst id="IPLSng">8808.352</dst>
            <dst id="KSCYng">6676.57066666667</dst>
            <dst id="LOSAng">22644.784</dst>
            <dst id="NYCMng">27118.6426666667</dst>
            <dst id="SNVAng">1233.86666666667</dst>
            <dst id="STTLng">18759.4613333333</dst>
            <dst id="WASHng">13682.3706666667</dst>
        </src>
        <src id="KSCYng">
            <dst id="ATLA-M5">0</dst>
            <dst id="ATLAng">1994.344</dst>
            <dst id="CHINng">17563.5306666667</dst>
            <dst id="DNVRng">17610.744</dst>
            <dst id="HSTNng">4780.15466666667</dst>
            <dst id="IPLSng">21223.1973333333</dst>
            <dst id="KSCYng">12163.7333333333</dst>
            <dst id="LOSAng">6764.44</dst>
            <dst id="NYCMng">3630.45866666667</dst>
            <dst id="SNVAng">2492.35466666667</dst>
            <dst id="STTLng">4107.61333333333</dst>
            <dst id="WASHng">19627.168</dst>
        </src>
        <src id="LOSAng">
            <dst id="ATLA-M5">247.453333333333</dst>
            <dst id="ATLAng">35563.9306666667</dst>
            <dst id="CHINng">139507.922666667</dst>
            <dst id="DNVRng">25609.7386666667</dst>
            <dst id="HSTNng">8630.07733333333</dst>
            <dst id="IPLSng">34590.9786666667</dst>
            <dst id="KSCYng">11977.6906666667</dst>
            <dst id="LOSAng">19760.9813333333</dst>
            <dst id="NYCMng">39173.344</dst>
            <dst id="SNVAng">26698.8266666667</dst>
            <dst id="STTLng">22501.5573333333</dst>
            <dst id="WASHng">37969.8213333333</dst>
        </src>
        <src id="NYCMng">
            <dst id="ATLA-M5">427.741333333333</dst>
            <dst id="ATLAng">37273.032</dst>
            <dst id="CHINng">16557.6133333333</dst>
            <dst id="DNVRng">28293.8933333333</dst>
            <dst id="HSTNng">15178.488</dst>
            <dst id="IPLSng">31496.6373333333</dst>
            <dst id="KSCYng">12678.5146666667</dst>
            <dst id="LOSAng">88974.12</dst>
            <dst id="NYCMng">113380.696</dst>
            <dst id="SNVAng">7382.37333333333</dst>
            <dst id="STTLng">27020.0933333333</dst>
            <dst id="WASHng">79032.744</dst>
        </src>
        <src id="SNVAng">
            <dst id="ATLA-M5">0</dst>
            <dst id="ATLAng">96.4453333333333</dst>
            <dst id="CHINng">158.890666666667</dst>
            <dst id="DNVRng">11360.2773333333</dst>
            <dst id="HSTNng">135.824</dst>
            <dst id="IPLSng">5901.42133333333</dst>
            <dst id="KSCYng">26.6666666666667</dst>
            <dst id="LOSAng">33066.7013333333</dst>
            <dst id="NYCMng">332.309333333333</dst>
            <dst id="SNVAng">6293.90133333333</dst>
            <dst id="STTLng">32011.4106666667</dst>
            <dst id="WASHng">149.909333333333</dst>
        </src>
        <src id="STTLng">
            <dst id="ATLA-M5">144.096</dst>
            <dst id="ATLAng">12948.2746666667</dst>
            <dst id="CHINng">30309</dst>
            <dst id="DNVRng">6539.85066666667</dst>
            <dst id="HSTNng">4570.352</dst>
            <dst id="IPLSng">18981.256</dst>
            <dst id="KSCYng">7070.49066666667</dst>
            <dst id="LOSAng">18920.5413333333</dst>
            <dst id="NYCMng">15901.4426666667</dst>
            <dst id="SNVAng">7770.736</dst>
            <dst id="STTLng">6795.44</dst>
            <dst id="WASHng">18908.184</dst>
        </src>
        <src id="WASHng">
            <dst id="ATLA-M5">1436.38666666667</dst>
            <dst id="ATLAng">110307.304</dst>
            <dst id="CHINng">67595.2106666667</dst>
            <dst id="DNVRng">77737.16</dst>
            <dst id="HSTNng">16075.6</dst>
            <dst id="IPLSng">71804.7546666667</dst>
            <dst id="KSCYng">30759.3653333333</dst>
            <dst id="LOSAng">84171.0426666667</dst>
            <dst id="NYCMng">168616.898666667</dst>
            <dst id="SNVAng">3342.048</dst>
            <dst id="STTLng">35672.6986666667</dst>
            <dst id="WASHng">293773.92</dst>
        </src>
    </IntraTM>
</TrafficMatrixFile>
