<?xml version="1.0" encoding="ISO-8859-1" standalone="yes"?>
<TrafficMatrixFile xsi:noNamespaceSchemaLocation="http://totem.run.montefiore.ulg.ac.be/Schema/TrafficMatrix-v1_2.xsd" xmlns:xsi="http://www.w3.org/2001/XMLSchema-instance">
    <IntraTM ASID="11537">
        <src id="ATLA-M5">
            <dst id="ATLA-M5">0</dst>
            <dst id="ATLAng">56.7573333333333</dst>
            <dst id="CHINng">89.312</dst>
            <dst id="DNVRng">0</dst>
            <dst id="HSTNng">0</dst>
            <dst id="IPLSng">0</dst>
            <dst id="KSCYng">26.6666666666667</dst>
            <dst id="LOSAng">26.6666666666667</dst>
            <dst id="NYCMng">0</dst>
            <dst id="SNVAng">0</dst>
            <dst id="STTLng">53.3333333333333</dst>
            <dst id="WASHng">210.330666666667</dst>
        </src>
        <src id="ATLAng">
            <dst id="ATLA-M5">28.888</dst>
            <dst id="ATLAng">6265.01333333334</dst>
            <dst id="CHINng">6192.42133333333</dst>
            <dst id="DNVRng">3071.08266666667</dst>
            <dst id="HSTNng">1682.256</dst>
            <dst id="IPLSng">28800.9973333333</dst>
            <dst id="KSCYng">721.304</dst>
            <dst id="LOSAng">6682.72266666667</dst>
            <dst id="NYCMng">7715.456</dst>
            <dst id="SNVAng">40</dst>
            <dst id="STTLng">8217.424</dst>
            <dst id="WASHng">30812.0773333333</dst>
        </src>
        <src id="CHINng">
            <dst id="ATLA-M5">50.5813333333333</dst>
            <dst id="ATLAng">11208.0426666667</dst>
            <dst id="CHINng">49325.0346666667</dst>
            <dst id="DNVRng">7076.22133333333</dst>
            <dst id="HSTNng">7430.288</dst>
            <dst id="IPLSng">89089.6373333333</dst>
            <dst id="KSCYng">26651.8533333333</dst>
            <dst id="LOSAng">40922.8373333333</dst>
            <dst id="NYCMng">12709.5413333333</dst>
            <dst id="SNVAng">530.136</dst>
            <dst id="STTLng">6009.464</dst>
            <dst id="WASHng">27605.144</dst>
        </src>
        <src id="DNVRng">
            <dst id="ATLA-M5">85.7066666666667</dst>
            <dst id="ATLAng">4107.632</dst>
            <dst id="CHINng">58027.4906666667</dst>
            <dst id="DNVRng">14954.7146666667</dst>
            <dst id="HSTNng">18778.1786666667</dst>
            <dst id="IPLSng">33376.472</dst>
            <dst id="KSCYng">25758.7866666667</dst>
            <dst id="LOSAng">16840.0346666667</dst>
            <dst id="NYCMng">13317.784</dst>
            <dst id="SNVAng">14998.3093333333</dst>
            <dst id="STTLng">10996.0133333333</dst>
            <dst id="WASHng">42886.0266666667</dst>
        </src>
        <src id="HSTNng">
            <dst id="ATLA-M5">262.122666666667</dst>
            <dst id="ATLAng">1961.61066666667</dst>
            <dst id="CHINng">10710.728</dst>
            <dst id="DNVRng">745.506666666667</dst>
            <dst id="HSTNng">18338.016</dst>
            <dst id="IPLSng">1664.55466666667</dst>
            <dst id="KSCYng">421.328</dst>
            <dst id="LOSAng">66047.5866666667</dst>
            <dst id="NYCMng">1314.78666666667</dst>
            <dst id="SNVAng">0</dst>
            <dst id="STTLng">840.645333333333</dst>
            <dst id="WASHng">1419.59466666667</dst>
        </src>
        <src id="IPLSng">
            <dst id="ATLA-M5">0</dst>
            <dst id="ATLAng">29779.1706666667</dst>
            <dst id="CHINng">51070.848</dst>
            <dst id="DNVRng">6225.37066666667</dst>
            <dst id="HSTNng">2563.81866666667</dst>
            <dst id="IPLSng">7900.856</dst>
            <dst id="KSCYng">7357.20266666667</dst>
            <dst id="LOSAng">17328.5893333333</dst>
            <dst id="NYCMng">23628.5173333333</dst>
            <dst id="SNVAng">268.277333333333</dst>
            <dst id="STTLng">11940.0213333333</dst>
            <dst id="WASHng">12106.5146666667</dst>
        </src>
        <src id="KSCYng">
            <dst id="ATLA-M5">1012.8</dst>
            <dst id="ATLAng">1295.536</dst>
            <dst id="CHINng">13872.3653333333</dst>
            <dst id="DNVRng">10870.9946666667</dst>
            <dst id="HSTNng">3376.704</dst>
            <dst id="IPLSng">13380.0346666667</dst>
            <dst id="KSCYng">12872.76</dst>
            <dst id="LOSAng">6846.87733333333</dst>
            <dst id="NYCMng">3263.26666666667</dst>
            <dst id="SNVAng">2401.792</dst>
            <dst id="STTLng">6968.04533333333</dst>
            <dst id="WASHng">6488.77066666667</dst>
        </src>
        <src id="LOSAng">
            <dst id="ATLA-M5">383.882666666667</dst>
            <dst id="ATLAng">11969.008</dst>
            <dst id="CHINng">114014.181333333</dst>
            <dst id="DNVRng">19101.224</dst>
            <dst id="HSTNng">12383.6133333333</dst>
            <dst id="IPLSng">16070.0826666667</dst>
            <dst id="KSCYng">3007.688</dst>
            <dst id="LOSAng">20906.6506666667</dst>
            <dst id="NYCMng">37234.3386666667</dst>
            <dst id="SNVAng">14076.432</dst>
            <dst id="STTLng">21304.2106666667</dst>
            <dst id="WASHng">17044.3386666667</dst>
        </src>
        <src id="NYCMng">
            <dst id="ATLA-M5">442.616</dst>
            <dst id="ATLAng">15710.9466666667</dst>
            <dst id="CHINng">9485.09066666667</dst>
            <dst id="DNVRng">21556.0613333333</dst>
            <dst id="HSTNng">10367.08</dst>
            <dst id="IPLSng">22111.592</dst>
            <dst id="KSCYng">4987.12533333333</dst>
            <dst id="LOSAng">79682.16</dst>
            <dst id="NYCMng">102138.76</dst>
            <dst id="SNVAng">1590.98133333333</dst>
            <dst id="STTLng">15465.4986666667</dst>
            <dst id="WASHng">46505.3093333334</dst>
        </src>
        <src id="SNVAng">
            <dst id="ATLA-M5">0</dst>
            <dst id="ATLAng">26.6666666666667</dst>
            <dst id="CHINng">0</dst>
            <dst id="DNVRng">3641.48</dst>
            <dst id="HSTNng">46.6773333333333</dst>
            <dst id="IPLSng">242.952</dst>
            <dst id="KSCYng">0</dst>
            <dst id="LOSAng">29478.488</dst>
            <dst id="NYCMng">384.064</dst>
            <dst id="SNVAng">5088.38133333333</dst>
            <dst id="STTLng">13972.4133333333</dst>
            <dst id="WASHng">53.3333333333333</dst>
        </src>
        <src id="STTLng">
            <dst id="ATLA-M5">26.6666666666667</dst>
            <dst id="ATLAng">7949.016</dst>
            <dst id="CHINng">14670.8586666667</dst>
            <dst id="DNVRng">2587.02933333333</dst>
            <dst id="HSTNng">1418.83733333333</dst>
            <dst id="IPLSng">7214.80266666667</dst>
            <dst id="KSCYng">1069.61866666667</dst>
            <dst id="LOSAng">17214.328</dst>
            <dst id="NYCMng">13465.7786666667</dst>
            <dst id="SNVAng">3448.32266666667</dst>
            <dst id="STTLng">5664.98133333333</dst>
            <dst id="WASHng">9673.69066666667</dst>
        </src>
        <src id="WASHng">
            <dst id="ATLA-M5">150.424</dst>
            <dst id="ATLAng">67967.832</dst>
            <dst id="CHINng">52879.624</dst>
            <dst id="DNVRng">49115.3146666667</dst>
            <dst id="HSTNng">13790.2026666667</dst>
            <dst id="IPLSng">50102.7733333333</dst>
            <dst id="KSCYng">19694.12</dst>
            <dst id="LOSAng">72100.7706666666</dst>
            <dst id="NYCMng">161842.786666667</dst>
            <dst id="SNVAng">12139.6106666667</dst>
            <dst id="STTLng">43331.2986666666</dst>
            <dst id="WASHng">313887.866666667</dst>
        </src>
    </IntraTM>
</TrafficMatrixFile>
