<?xml version="1.0" encoding="ISO-8859-1" standalone="yes"?>
<TrafficMatrixFile xsi:noNamespaceSchemaLocation="http://totem.run.montefiore.ulg.ac.be/Schema/TrafficMatrix-v1_2.xsd" xmlns:xsi="http://www.w3.org/2001/XMLSchema-instance">
    <IntraTM ASID="11537">
        <src id="ATLA-M5">
            <dst id="ATLA-M5">26.6666666666667</dst>
            <dst id="ATLAng">53.3333333333333</dst>
            <dst id="CHINng">918.106666666667</dst>
            <dst id="DNVRng">0</dst>
            <dst id="HSTNng">145.117333333333</dst>
            <dst id="IPLSng">196.226666666667</dst>
            <dst id="KSCYng">677.618666666667</dst>
            <dst id="LOSAng">26.6666666666667</dst>
            <dst id="NYCMng">78.2933333333333</dst>
            <dst id="SNVAng">0</dst>
            <dst id="STTLng">26.6666666666667</dst>
            <dst id="WASHng">368.826666666667</dst>
        </src>
        <src id="ATLAng">
            <dst id="ATLA-M5">679.232</dst>
            <dst id="ATLAng">26712.5573333333</dst>
            <dst id="CHINng">9337.56533333333</dst>
            <dst id="DNVRng">3810.45333333333</dst>
            <dst id="HSTNng">3318.04</dst>
            <dst id="IPLSng">13693.088</dst>
            <dst id="KSCYng">9948.26933333334</dst>
            <dst id="LOSAng">18794.968</dst>
            <dst id="NYCMng">6675.336</dst>
            <dst id="SNVAng">217.848</dst>
            <dst id="STTLng">7929.48533333333</dst>
            <dst id="WASHng">38563.4106666667</dst>
        </src>
        <src id="CHINng">
            <dst id="ATLA-M5">316.192</dst>
            <dst id="ATLAng">12265.4106666667</dst>
            <dst id="CHINng">56927.1413333333</dst>
            <dst id="DNVRng">7545.192</dst>
            <dst id="HSTNng">5144.472</dst>
            <dst id="IPLSng">22564.6346666667</dst>
            <dst id="KSCYng">3874.86133333333</dst>
            <dst id="LOSAng">52113.9786666667</dst>
            <dst id="NYCMng">10173.1466666667</dst>
            <dst id="SNVAng">6904.74133333333</dst>
            <dst id="STTLng">11531.544</dst>
            <dst id="WASHng">21942.056</dst>
        </src>
        <src id="DNVRng">
            <dst id="ATLA-M5">128.8</dst>
            <dst id="ATLAng">8662.77066666667</dst>
            <dst id="CHINng">43548.76</dst>
            <dst id="DNVRng">6854.30133333333</dst>
            <dst id="HSTNng">10695.9386666667</dst>
            <dst id="IPLSng">26801.9893333333</dst>
            <dst id="KSCYng">11674.4773333333</dst>
            <dst id="LOSAng">9736.66933333333</dst>
            <dst id="NYCMng">14365.6373333333</dst>
            <dst id="SNVAng">3673.93333333333</dst>
            <dst id="STTLng">16633.088</dst>
            <dst id="WASHng">35117.128</dst>
        </src>
        <src id="HSTNng">
            <dst id="ATLA-M5">3658.91733333333</dst>
            <dst id="ATLAng">10452.5626666667</dst>
            <dst id="CHINng">16675.6026666667</dst>
            <dst id="DNVRng">1084.94933333333</dst>
            <dst id="HSTNng">15503.016</dst>
            <dst id="IPLSng">2198.57066666667</dst>
            <dst id="KSCYng">1232.51733333333</dst>
            <dst id="LOSAng">3612.70666666667</dst>
            <dst id="NYCMng">3199.38666666667</dst>
            <dst id="SNVAng">0</dst>
            <dst id="STTLng">2604.4</dst>
            <dst id="WASHng">4329.21333333333</dst>
        </src>
        <src id="IPLSng">
            <dst id="ATLA-M5">165.848</dst>
            <dst id="ATLAng">14744.256</dst>
            <dst id="CHINng">60252.2853333333</dst>
            <dst id="DNVRng">9757.728</dst>
            <dst id="HSTNng">3820.52266666667</dst>
            <dst id="IPLSng">13098.8906666667</dst>
            <dst id="KSCYng">3364.89333333333</dst>
            <dst id="LOSAng">36696.4853333333</dst>
            <dst id="NYCMng">24609.4453333333</dst>
            <dst id="SNVAng">565.506666666667</dst>
            <dst id="STTLng">15454.872</dst>
            <dst id="WASHng">10273.12</dst>
        </src>
        <src id="KSCYng">
            <dst id="ATLA-M5">684.778666666667</dst>
            <dst id="ATLAng">2109.224</dst>
            <dst id="CHINng">12229.9146666667</dst>
            <dst id="DNVRng">8926.512</dst>
            <dst id="HSTNng">3319.61066666667</dst>
            <dst id="IPLSng">8772.50133333334</dst>
            <dst id="KSCYng">5811.86933333333</dst>
            <dst id="LOSAng">6537.10133333333</dst>
            <dst id="NYCMng">2337.98933333333</dst>
            <dst id="SNVAng">2580.62666666667</dst>
            <dst id="STTLng">3814.41066666667</dst>
            <dst id="WASHng">14894.3813333333</dst>
        </src>
        <src id="LOSAng">
            <dst id="ATLA-M5">0</dst>
            <dst id="ATLAng">22507.6826666667</dst>
            <dst id="CHINng">337059.386666667</dst>
            <dst id="DNVRng">22205.8693333333</dst>
            <dst id="HSTNng">6652.768</dst>
            <dst id="IPLSng">28523.024</dst>
            <dst id="KSCYng">4367.864</dst>
            <dst id="LOSAng">18522.9573333333</dst>
            <dst id="NYCMng">31063.648</dst>
            <dst id="SNVAng">25786.8</dst>
            <dst id="STTLng">32529.8506666667</dst>
            <dst id="WASHng">39079.8453333333</dst>
        </src>
        <src id="NYCMng">
            <dst id="ATLA-M5">5451.456</dst>
            <dst id="ATLAng">19542.7333333333</dst>
            <dst id="CHINng">9722.63466666667</dst>
            <dst id="DNVRng">28386.152</dst>
            <dst id="HSTNng">8801.90933333333</dst>
            <dst id="IPLSng">18044.1706666667</dst>
            <dst id="KSCYng">16426.5573333333</dst>
            <dst id="LOSAng">74332.9013333333</dst>
            <dst id="NYCMng">96888.416</dst>
            <dst id="SNVAng">4571.45866666666</dst>
            <dst id="STTLng">33980.9333333333</dst>
            <dst id="WASHng">39537.3893333333</dst>
        </src>
        <src id="SNVAng">
            <dst id="ATLA-M5">0</dst>
            <dst id="ATLAng">0</dst>
            <dst id="CHINng">0</dst>
            <dst id="DNVRng">4600.95733333333</dst>
            <dst id="HSTNng">1518.96533333333</dst>
            <dst id="IPLSng">263.909333333333</dst>
            <dst id="KSCYng">26.6666666666667</dst>
            <dst id="LOSAng">45899.232</dst>
            <dst id="NYCMng">8468.66133333333</dst>
            <dst id="SNVAng">15891.56</dst>
            <dst id="STTLng">31571.1946666667</dst>
            <dst id="WASHng">552.224</dst>
        </src>
        <src id="STTLng">
            <dst id="ATLA-M5">132.949333333333</dst>
            <dst id="ATLAng">10684.504</dst>
            <dst id="CHINng">22594.328</dst>
            <dst id="DNVRng">4411.64</dst>
            <dst id="HSTNng">5676.77066666667</dst>
            <dst id="IPLSng">7658.64266666667</dst>
            <dst id="KSCYng">4729.26933333333</dst>
            <dst id="LOSAng">29070.344</dst>
            <dst id="NYCMng">10625.6186666667</dst>
            <dst id="SNVAng">3213.67466666667</dst>
            <dst id="STTLng">18895.1493333333</dst>
            <dst id="WASHng">13383.3786666667</dst>
        </src>
        <src id="WASHng">
            <dst id="ATLA-M5">200.117333333333</dst>
            <dst id="ATLAng">99277.7466666667</dst>
            <dst id="CHINng">62824.0213333334</dst>
            <dst id="DNVRng">70677.576</dst>
            <dst id="HSTNng">29056.7066666667</dst>
            <dst id="IPLSng">47402.96</dst>
            <dst id="KSCYng">9022.53333333333</dst>
            <dst id="LOSAng">86559.1413333333</dst>
            <dst id="NYCMng">106099.682666667</dst>
            <dst id="SNVAng">7200.50666666667</dst>
            <dst id="STTLng">49653.3733333333</dst>
            <dst id="WASHng">218403.514666667</dst>
        </src>
    </IntraTM>
</TrafficMatrixFile>
