<?xml version="1.0" encoding="ISO-8859-1" standalone="yes"?>
<TrafficMatrixFile xsi:noNamespaceSchemaLocation="http://totem.run.montefiore.ulg.ac.be/Schema/TrafficMatrix-v1_2.xsd" xmlns:xsi="http://www.w3.org/2001/XMLSchema-instance">
    <IntraTM ASID="11537">
        <src id="ATLA-M5">
            <dst id="ATLA-M5">0</dst>
            <dst id="ATLAng">939.869333333334</dst>
            <dst id="CHINng">81.0666666666667</dst>
            <dst id="DNVRng">0</dst>
            <dst id="HSTNng">26.6666666666667</dst>
            <dst id="IPLSng">26.6666666666667</dst>
            <dst id="KSCYng">229.805333333333</dst>
            <dst id="LOSAng">287.914666666667</dst>
            <dst id="NYCMng">167.290666666667</dst>
            <dst id="SNVAng">0</dst>
            <dst id="STTLng">507.365333333333</dst>
            <dst id="WASHng">247.762666666667</dst>
        </src>
        <src id="ATLAng">
            <dst id="ATLA-M5">26.6666666666667</dst>
            <dst id="ATLAng">55193.3253333333</dst>
            <dst id="CHINng">2951.65866666667</dst>
            <dst id="DNVRng">7469.08266666667</dst>
            <dst id="HSTNng">15887.6533333333</dst>
            <dst id="IPLSng">11939.2213333333</dst>
            <dst id="KSCYng">3265.40266666667</dst>
            <dst id="LOSAng">12409.16</dst>
            <dst id="NYCMng">1960.848</dst>
            <dst id="SNVAng">20.7546666666667</dst>
            <dst id="STTLng">6434.56266666667</dst>
            <dst id="WASHng">25015.344</dst>
        </src>
        <src id="CHINng">
            <dst id="ATLA-M5">5751.2</dst>
            <dst id="ATLAng">8697.39733333333</dst>
            <dst id="CHINng">63098.0106666667</dst>
            <dst id="DNVRng">7506.056</dst>
            <dst id="HSTNng">4404.78666666667</dst>
            <dst id="IPLSng">41483.7066666667</dst>
            <dst id="KSCYng">4311.32266666667</dst>
            <dst id="LOSAng">40880.2346666667</dst>
            <dst id="NYCMng">9272.17066666667</dst>
            <dst id="SNVAng">2610.256</dst>
            <dst id="STTLng">5810.08</dst>
            <dst id="WASHng">32292.9333333333</dst>
        </src>
        <src id="DNVRng">
            <dst id="ATLA-M5">191.669333333333</dst>
            <dst id="ATLAng">13117.728</dst>
            <dst id="CHINng">51262.3626666667</dst>
            <dst id="DNVRng">10286.2106666667</dst>
            <dst id="HSTNng">15521.6826666667</dst>
            <dst id="IPLSng">34460.4986666667</dst>
            <dst id="KSCYng">16227.688</dst>
            <dst id="LOSAng">10231.5866666667</dst>
            <dst id="NYCMng">12926.2453333333</dst>
            <dst id="SNVAng">7215.94133333333</dst>
            <dst id="STTLng">10050.7173333333</dst>
            <dst id="WASHng">34656.3146666667</dst>
        </src>
        <src id="HSTNng">
            <dst id="ATLA-M5">260.042666666667</dst>
            <dst id="ATLAng">6032.76266666667</dst>
            <dst id="CHINng">7559.54133333333</dst>
            <dst id="DNVRng">1638.93333333333</dst>
            <dst id="HSTNng">13442.8933333333</dst>
            <dst id="IPLSng">10569.336</dst>
            <dst id="KSCYng">1957.55466666667</dst>
            <dst id="LOSAng">11100.824</dst>
            <dst id="NYCMng">2891.82933333333</dst>
            <dst id="SNVAng">0</dst>
            <dst id="STTLng">1627.60266666667</dst>
            <dst id="WASHng">4421.95466666667</dst>
        </src>
        <src id="IPLSng">
            <dst id="ATLA-M5">0</dst>
            <dst id="ATLAng">12363.48</dst>
            <dst id="CHINng">49249.456</dst>
            <dst id="DNVRng">21223.504</dst>
            <dst id="HSTNng">1275.94933333333</dst>
            <dst id="IPLSng">18994.2986666667</dst>
            <dst id="KSCYng">8448.92533333333</dst>
            <dst id="LOSAng">19165.816</dst>
            <dst id="NYCMng">34331.7173333333</dst>
            <dst id="SNVAng">984.133333333333</dst>
            <dst id="STTLng">4760.64533333333</dst>
            <dst id="WASHng">10200.5253333333</dst>
        </src>
        <src id="KSCYng">
            <dst id="ATLA-M5">948.389333333333</dst>
            <dst id="ATLAng">4131.72</dst>
            <dst id="CHINng">10438.6533333333</dst>
            <dst id="DNVRng">10435.824</dst>
            <dst id="HSTNng">3216.296</dst>
            <dst id="IPLSng">9967.56533333333</dst>
            <dst id="KSCYng">5849.76533333333</dst>
            <dst id="LOSAng">8094.57866666667</dst>
            <dst id="NYCMng">2127.65866666667</dst>
            <dst id="SNVAng">2346.48533333333</dst>
            <dst id="STTLng">6764.27733333333</dst>
            <dst id="WASHng">7317.24</dst>
        </src>
        <src id="LOSAng">
            <dst id="ATLA-M5">193.533333333333</dst>
            <dst id="ATLAng">30504.4933333333</dst>
            <dst id="CHINng">73080.0266666667</dst>
            <dst id="DNVRng">24928.984</dst>
            <dst id="HSTNng">4613.368</dst>
            <dst id="IPLSng">19238.5493333333</dst>
            <dst id="KSCYng">2593.98933333333</dst>
            <dst id="LOSAng">24552.8613333333</dst>
            <dst id="NYCMng">24844.4773333333</dst>
            <dst id="SNVAng">22445.16</dst>
            <dst id="STTLng">55284.6986666667</dst>
            <dst id="WASHng">43771.184</dst>
        </src>
        <src id="NYCMng">
            <dst id="ATLA-M5">4183.81333333333</dst>
            <dst id="ATLAng">17961.8106666667</dst>
            <dst id="CHINng">8863.14133333333</dst>
            <dst id="DNVRng">31425.336</dst>
            <dst id="HSTNng">13508.5493333333</dst>
            <dst id="IPLSng">18139.5466666667</dst>
            <dst id="KSCYng">4373.648</dst>
            <dst id="LOSAng">73829.6853333333</dst>
            <dst id="NYCMng">74270.008</dst>
            <dst id="SNVAng">1049.49066666667</dst>
            <dst id="STTLng">31877.9786666667</dst>
            <dst id="WASHng">39087.696</dst>
        </src>
        <src id="SNVAng">
            <dst id="ATLA-M5">0</dst>
            <dst id="ATLAng">627.576</dst>
            <dst id="CHINng">0</dst>
            <dst id="DNVRng">8646.76533333333</dst>
            <dst id="HSTNng">36.2666666666667</dst>
            <dst id="IPLSng">9032.28533333333</dst>
            <dst id="KSCYng">53.3333333333333</dst>
            <dst id="LOSAng">34791.856</dst>
            <dst id="NYCMng">349.504</dst>
            <dst id="SNVAng">10285.792</dst>
            <dst id="STTLng">30957.6853333333</dst>
            <dst id="WASHng">90.9573333333333</dst>
        </src>
        <src id="STTLng">
            <dst id="ATLA-M5">236.536</dst>
            <dst id="ATLAng">5944.77066666667</dst>
            <dst id="CHINng">14520.3413333333</dst>
            <dst id="DNVRng">3272.36533333333</dst>
            <dst id="HSTNng">1936.416</dst>
            <dst id="IPLSng">17225.008</dst>
            <dst id="KSCYng">2367.536</dst>
            <dst id="LOSAng">21833.376</dst>
            <dst id="NYCMng">16563.4693333333</dst>
            <dst id="SNVAng">2496.13333333333</dst>
            <dst id="STTLng">21737.2693333333</dst>
            <dst id="WASHng">10062.0533333333</dst>
        </src>
        <src id="WASHng">
            <dst id="ATLA-M5">818.901333333333</dst>
            <dst id="ATLAng">62910.9093333333</dst>
            <dst id="CHINng">110796.784</dst>
            <dst id="DNVRng">56654.76</dst>
            <dst id="HSTNng">21269.096</dst>
            <dst id="IPLSng">65635.3733333333</dst>
            <dst id="KSCYng">16692.096</dst>
            <dst id="LOSAng">75503.2533333333</dst>
            <dst id="NYCMng">154675.733333333</dst>
            <dst id="SNVAng">2956.376</dst>
            <dst id="STTLng">63168.4773333333</dst>
            <dst id="WASHng">378819.28</dst>
        </src>
    </IntraTM>
</TrafficMatrixFile>
