<?xml version="1.0" encoding="ISO-8859-1" standalone="yes"?>
<TrafficMatrixFile xsi:noNamespaceSchemaLocation="http://totem.run.montefiore.ulg.ac.be/Schema/TrafficMatrix-v1_2.xsd" xmlns:xsi="http://www.w3.org/2001/XMLSchema-instance">
    <IntraTM ASID="11537">
        <src id="ATLA-M5">
            <dst id="ATLA-M5">0</dst>
            <dst id="ATLAng">31.312</dst>
            <dst id="CHINng">134.186666666667</dst>
            <dst id="DNVRng">0</dst>
            <dst id="HSTNng">26.6666666666667</dst>
            <dst id="IPLSng">0</dst>
            <dst id="KSCYng">424.074666666667</dst>
            <dst id="LOSAng">237.24</dst>
            <dst id="NYCMng">76.16</dst>
            <dst id="SNVAng">0</dst>
            <dst id="STTLng">436.528</dst>
            <dst id="WASHng">704.4</dst>
        </src>
        <src id="ATLAng">
            <dst id="ATLA-M5">100.674666666667</dst>
            <dst id="ATLAng">30425.2746666667</dst>
            <dst id="CHINng">3545.104</dst>
            <dst id="DNVRng">3196.09066666667</dst>
            <dst id="HSTNng">13875.0373333333</dst>
            <dst id="IPLSng">10933.5733333333</dst>
            <dst id="KSCYng">433.485333333333</dst>
            <dst id="LOSAng">13115.5133333333</dst>
            <dst id="NYCMng">2850.57333333333</dst>
            <dst id="SNVAng">88.8893333333333</dst>
            <dst id="STTLng">6242.00533333333</dst>
            <dst id="WASHng">30487.2506666667</dst>
        </src>
        <src id="CHINng">
            <dst id="ATLA-M5">5776.63733333333</dst>
            <dst id="ATLAng">4729.70666666667</dst>
            <dst id="CHINng">45134.424</dst>
            <dst id="DNVRng">11004.832</dst>
            <dst id="HSTNng">3720.44266666667</dst>
            <dst id="IPLSng">30767.9706666667</dst>
            <dst id="KSCYng">2292.04533333333</dst>
            <dst id="LOSAng">41990.8</dst>
            <dst id="NYCMng">8611.16</dst>
            <dst id="SNVAng">4847.552</dst>
            <dst id="STTLng">6340.95466666667</dst>
            <dst id="WASHng">11448.632</dst>
        </src>
        <src id="DNVRng">
            <dst id="ATLA-M5">240.266666666667</dst>
            <dst id="ATLAng">13101.072</dst>
            <dst id="CHINng">60459.8133333333</dst>
            <dst id="DNVRng">11410.2026666667</dst>
            <dst id="HSTNng">10867.9626666667</dst>
            <dst id="IPLSng">28841.4426666667</dst>
            <dst id="KSCYng">19533.648</dst>
            <dst id="LOSAng">9106.992</dst>
            <dst id="NYCMng">12954.544</dst>
            <dst id="SNVAng">7934.528</dst>
            <dst id="STTLng">7846.69333333333</dst>
            <dst id="WASHng">25255.64</dst>
        </src>
        <src id="HSTNng">
            <dst id="ATLA-M5">146.592</dst>
            <dst id="ATLAng">1489.95466666667</dst>
            <dst id="CHINng">8961.336</dst>
            <dst id="DNVRng">1206.72</dst>
            <dst id="HSTNng">2827.936</dst>
            <dst id="IPLSng">10519.1546666667</dst>
            <dst id="KSCYng">1761.74933333333</dst>
            <dst id="LOSAng">9450.56533333333</dst>
            <dst id="NYCMng">3108.488</dst>
            <dst id="SNVAng">26.6666666666667</dst>
            <dst id="STTLng">1837.992</dst>
            <dst id="WASHng">923.181333333333</dst>
        </src>
        <src id="IPLSng">
            <dst id="ATLA-M5">26.6666666666667</dst>
            <dst id="ATLAng">9119.78133333333</dst>
            <dst id="CHINng">51166.52</dst>
            <dst id="DNVRng">23536.784</dst>
            <dst id="HSTNng">873.76</dst>
            <dst id="IPLSng">13022.8693333333</dst>
            <dst id="KSCYng">3401.62666666667</dst>
            <dst id="LOSAng">23243.6</dst>
            <dst id="NYCMng">30563.2133333333</dst>
            <dst id="SNVAng">215.776</dst>
            <dst id="STTLng">12727.2133333333</dst>
            <dst id="WASHng">7333.53866666667</dst>
        </src>
        <src id="KSCYng">
            <dst id="ATLA-M5">949.408</dst>
            <dst id="ATLAng">1029.38933333333</dst>
            <dst id="CHINng">20597.6453333333</dst>
            <dst id="DNVRng">10322.464</dst>
            <dst id="HSTNng">3093.98666666667</dst>
            <dst id="IPLSng">16064.136</dst>
            <dst id="KSCYng">2932.38666666667</dst>
            <dst id="LOSAng">8520.44533333333</dst>
            <dst id="NYCMng">1227.41066666667</dst>
            <dst id="SNVAng">2148.696</dst>
            <dst id="STTLng">3619.776</dst>
            <dst id="WASHng">15034.3253333333</dst>
        </src>
        <src id="LOSAng">
            <dst id="ATLA-M5">194.888</dst>
            <dst id="ATLAng">23999.7973333333</dst>
            <dst id="CHINng">89754.4853333333</dst>
            <dst id="DNVRng">32761.6346666667</dst>
            <dst id="HSTNng">2826.432</dst>
            <dst id="IPLSng">11558.2213333333</dst>
            <dst id="KSCYng">16214.2693333333</dst>
            <dst id="LOSAng">24143.744</dst>
            <dst id="NYCMng">34348.608</dst>
            <dst id="SNVAng">18966.1466666667</dst>
            <dst id="STTLng">39316.4453333333</dst>
            <dst id="WASHng">22284.4373333333</dst>
        </src>
        <src id="NYCMng">
            <dst id="ATLA-M5">3767.33066666667</dst>
            <dst id="ATLAng">10402.568</dst>
            <dst id="CHINng">13091.208</dst>
            <dst id="DNVRng">25767.6026666667</dst>
            <dst id="HSTNng">23165.4106666667</dst>
            <dst id="IPLSng">25462.4186666667</dst>
            <dst id="KSCYng">8999.99466666667</dst>
            <dst id="LOSAng">79043.1226666667</dst>
            <dst id="NYCMng">101092.298666667</dst>
            <dst id="SNVAng">2113.85333333333</dst>
            <dst id="STTLng">24773.608</dst>
            <dst id="WASHng">36088.9466666667</dst>
        </src>
        <src id="SNVAng">
            <dst id="ATLA-M5">0</dst>
            <dst id="ATLAng">26.6666666666667</dst>
            <dst id="CHINng">53.3333333333333</dst>
            <dst id="DNVRng">16392.6053333333</dst>
            <dst id="HSTNng">26.6666666666667</dst>
            <dst id="IPLSng">261.165333333333</dst>
            <dst id="KSCYng">64.24</dst>
            <dst id="LOSAng">36520.304</dst>
            <dst id="NYCMng">280.032</dst>
            <dst id="SNVAng">5355.24</dst>
            <dst id="STTLng">24264.6773333333</dst>
            <dst id="WASHng">53.3333333333333</dst>
        </src>
        <src id="STTLng">
            <dst id="ATLA-M5">352.330666666667</dst>
            <dst id="ATLAng">7037.52533333333</dst>
            <dst id="CHINng">15213.2826666667</dst>
            <dst id="DNVRng">2836.78666666667</dst>
            <dst id="HSTNng">1221.17866666667</dst>
            <dst id="IPLSng">5605.88</dst>
            <dst id="KSCYng">5883.368</dst>
            <dst id="LOSAng">396773.146666667</dst>
            <dst id="NYCMng">14734.712</dst>
            <dst id="SNVAng">3447.49066666667</dst>
            <dst id="STTLng">20134.5386666667</dst>
            <dst id="WASHng">5538.44533333333</dst>
        </src>
        <src id="WASHng">
            <dst id="ATLA-M5">19871.608</dst>
            <dst id="ATLAng">57261.4506666667</dst>
            <dst id="CHINng">94392.2773333333</dst>
            <dst id="DNVRng">59034.5813333333</dst>
            <dst id="HSTNng">15567.2426666667</dst>
            <dst id="IPLSng">53349.2373333333</dst>
            <dst id="KSCYng">9949.43733333333</dst>
            <dst id="LOSAng">64134.0133333333</dst>
            <dst id="NYCMng">173522.213333333</dst>
            <dst id="SNVAng">3624.77866666667</dst>
            <dst id="STTLng">64984.4906666667</dst>
            <dst id="WASHng">223947.141333333</dst>
        </src>
    </IntraTM>
</TrafficMatrixFile>
