<?xml version="1.0" encoding="ISO-8859-1" standalone="yes"?>
<TrafficMatrixFile xsi:noNamespaceSchemaLocation="http://totem.run.montefiore.ulg.ac.be/Schema/TrafficMatrix-v1_2.xsd" xmlns:xsi="http://www.w3.org/2001/XMLSchema-instance">
    <IntraTM ASID="11537">
        <src id="ATLA-M5">
            <dst id="ATLA-M5">200.16</dst>
            <dst id="ATLAng">567.810666666667</dst>
            <dst id="CHINng">322.034666666667</dst>
            <dst id="DNVRng">53.3333333333333</dst>
            <dst id="HSTNng">0</dst>
            <dst id="IPLSng">4058.78933333333</dst>
            <dst id="KSCYng">53.3333333333333</dst>
            <dst id="LOSAng">120.853333333333</dst>
            <dst id="NYCMng">136.682666666667</dst>
            <dst id="SNVAng">0</dst>
            <dst id="STTLng">93.856</dst>
            <dst id="WASHng">1820.77866666667</dst>
        </src>
        <src id="ATLAng">
            <dst id="ATLA-M5">189.08</dst>
            <dst id="ATLAng">49010.6506666667</dst>
            <dst id="CHINng">7312.504</dst>
            <dst id="DNVRng">3771.97066666667</dst>
            <dst id="HSTNng">7971.416</dst>
            <dst id="IPLSng">14005.6133333333</dst>
            <dst id="KSCYng">3158.82933333333</dst>
            <dst id="LOSAng">11707.008</dst>
            <dst id="NYCMng">20705.992</dst>
            <dst id="SNVAng">806.36</dst>
            <dst id="STTLng">13642.1226666667</dst>
            <dst id="WASHng">55253.5306666667</dst>
        </src>
        <src id="CHINng">
            <dst id="ATLA-M5">509.186666666667</dst>
            <dst id="ATLAng">16493.6773333333</dst>
            <dst id="CHINng">61830.4986666667</dst>
            <dst id="DNVRng">7512.65066666667</dst>
            <dst id="HSTNng">12879.2213333333</dst>
            <dst id="IPLSng">40936.0506666667</dst>
            <dst id="KSCYng">9300.904</dst>
            <dst id="LOSAng">30931.288</dst>
            <dst id="NYCMng">15733.6266666667</dst>
            <dst id="SNVAng">3736.29333333333</dst>
            <dst id="STTLng">10463.5946666667</dst>
            <dst id="WASHng">29430.6026666667</dst>
        </src>
        <src id="DNVRng">
            <dst id="ATLA-M5">280.544</dst>
            <dst id="ATLAng">11502.32</dst>
            <dst id="CHINng">81932.7253333333</dst>
            <dst id="DNVRng">15823.176</dst>
            <dst id="HSTNng">31926.6133333333</dst>
            <dst id="IPLSng">34920.7093333333</dst>
            <dst id="KSCYng">32181.0453333333</dst>
            <dst id="LOSAng">42926.168</dst>
            <dst id="NYCMng">26784.7893333333</dst>
            <dst id="SNVAng">25770.968</dst>
            <dst id="STTLng">12935.0506666667</dst>
            <dst id="WASHng">47808.92</dst>
        </src>
        <src id="HSTNng">
            <dst id="ATLA-M5">120.266666666667</dst>
            <dst id="ATLAng">3852.29333333333</dst>
            <dst id="CHINng">19734.5573333333</dst>
            <dst id="DNVRng">1378.89333333333</dst>
            <dst id="HSTNng">14916.2613333333</dst>
            <dst id="IPLSng">4726.83466666667</dst>
            <dst id="KSCYng">5797.61866666667</dst>
            <dst id="LOSAng">9603.88533333333</dst>
            <dst id="NYCMng">8012.944</dst>
            <dst id="SNVAng">482.818666666667</dst>
            <dst id="STTLng">764.696</dst>
            <dst id="WASHng">4605.30133333333</dst>
        </src>
        <src id="IPLSng">
            <dst id="ATLA-M5">162.165333333333</dst>
            <dst id="ATLAng">34313.6213333333</dst>
            <dst id="CHINng">113898.712</dst>
            <dst id="DNVRng">11024.1253333333</dst>
            <dst id="HSTNng">6416.13333333333</dst>
            <dst id="IPLSng">50699.472</dst>
            <dst id="KSCYng">9595.248</dst>
            <dst id="LOSAng">19481.5386666667</dst>
            <dst id="NYCMng">31603.648</dst>
            <dst id="SNVAng">3230.712</dst>
            <dst id="STTLng">17276.176</dst>
            <dst id="WASHng">20437.8213333333</dst>
        </src>
        <src id="KSCYng">
            <dst id="ATLA-M5">28.752</dst>
            <dst id="ATLAng">7221.648</dst>
            <dst id="CHINng">31650.848</dst>
            <dst id="DNVRng">11385.9813333333</dst>
            <dst id="HSTNng">6339.768</dst>
            <dst id="IPLSng">15911.7333333333</dst>
            <dst id="KSCYng">12219.1893333333</dst>
            <dst id="LOSAng">3681.55466666667</dst>
            <dst id="NYCMng">1606.51733333333</dst>
            <dst id="SNVAng">1905.984</dst>
            <dst id="STTLng">2482.96</dst>
            <dst id="WASHng">30767.6853333333</dst>
        </src>
        <src id="LOSAng">
            <dst id="ATLA-M5">507.538666666667</dst>
            <dst id="ATLAng">19977.3546666667</dst>
            <dst id="CHINng">158226.432</dst>
            <dst id="DNVRng">27083.9546666667</dst>
            <dst id="HSTNng">6921.93333333333</dst>
            <dst id="IPLSng">54770.8293333333</dst>
            <dst id="KSCYng">5793.568</dst>
            <dst id="LOSAng">15201.1013333333</dst>
            <dst id="NYCMng">40312.3253333333</dst>
            <dst id="SNVAng">15570.1866666667</dst>
            <dst id="STTLng">20690.0133333333</dst>
            <dst id="WASHng">39779.4266666667</dst>
        </src>
        <src id="NYCMng">
            <dst id="ATLA-M5">552.365333333333</dst>
            <dst id="ATLAng">27382.2933333333</dst>
            <dst id="CHINng">31660.872</dst>
            <dst id="DNVRng">24646.7733333333</dst>
            <dst id="HSTNng">14642.8293333333</dst>
            <dst id="IPLSng">26710.8693333333</dst>
            <dst id="KSCYng">9318.52</dst>
            <dst id="LOSAng">81925.5226666667</dst>
            <dst id="NYCMng">160495.933333333</dst>
            <dst id="SNVAng">1556.51466666667</dst>
            <dst id="STTLng">18108.696</dst>
            <dst id="WASHng">74815.3573333333</dst>
        </src>
        <src id="SNVAng">
            <dst id="ATLA-M5">26.6666666666667</dst>
            <dst id="ATLAng">101.936</dst>
            <dst id="CHINng">107.570666666667</dst>
            <dst id="DNVRng">7082.656</dst>
            <dst id="HSTNng">206.429333333333</dst>
            <dst id="IPLSng">318.277333333333</dst>
            <dst id="KSCYng">53.3333333333333</dst>
            <dst id="LOSAng">29795.9386666667</dst>
            <dst id="NYCMng">693.541333333333</dst>
            <dst id="SNVAng">11174.888</dst>
            <dst id="STTLng">27843.4773333333</dst>
            <dst id="WASHng">205.178666666667</dst>
        </src>
        <src id="STTLng">
            <dst id="ATLA-M5">232.498666666667</dst>
            <dst id="ATLAng">11439.9946666667</dst>
            <dst id="CHINng">42433.464</dst>
            <dst id="DNVRng">2579.16266666667</dst>
            <dst id="HSTNng">2390.944</dst>
            <dst id="IPLSng">9840.68266666667</dst>
            <dst id="KSCYng">6554.13066666667</dst>
            <dst id="LOSAng">16124.2133333333</dst>
            <dst id="NYCMng">12882.264</dst>
            <dst id="SNVAng">4918.368</dst>
            <dst id="STTLng">7198.39466666667</dst>
            <dst id="WASHng">17149.528</dst>
        </src>
        <src id="WASHng">
            <dst id="ATLA-M5">368.069333333333</dst>
            <dst id="ATLAng">120128.456</dst>
            <dst id="CHINng">49352.6346666667</dst>
            <dst id="DNVRng">53803.136</dst>
            <dst id="HSTNng">28337.7626666667</dst>
            <dst id="IPLSng">68784.5066666667</dst>
            <dst id="KSCYng">16062.0106666667</dst>
            <dst id="LOSAng">64633.88</dst>
            <dst id="NYCMng">181076.837333333</dst>
            <dst id="SNVAng">9826.152</dst>
            <dst id="STTLng">30810.7866666667</dst>
            <dst id="WASHng">344658.24</dst>
        </src>
    </IntraTM>
</TrafficMatrixFile>
