<?xml version="1.0" encoding="ISO-8859-1" standalone="yes"?>
<TrafficMatrixFile xsi:noNamespaceSchemaLocation="http://totem.run.montefiore.ulg.ac.be/Schema/TrafficMatrix-v1_2.xsd" xmlns:xsi="http://www.w3.org/2001/XMLSchema-instance">
    <IntraTM ASID="11537">
        <src id="ATLA-M5">
            <dst id="ATLA-M5">109.666666666667</dst>
            <dst id="ATLAng">1916.544</dst>
            <dst id="CHINng">1591.53866666667</dst>
            <dst id="DNVRng">0</dst>
            <dst id="HSTNng">36.2133333333333</dst>
            <dst id="IPLSng">172.746666666667</dst>
            <dst id="KSCYng">597.802666666667</dst>
            <dst id="LOSAng">66.6666666666667</dst>
            <dst id="NYCMng">136.72</dst>
            <dst id="SNVAng">13.3333333333333</dst>
            <dst id="STTLng">53.3333333333333</dst>
            <dst id="WASHng">696.544</dst>
        </src>
        <src id="ATLAng">
            <dst id="ATLA-M5">68.8746666666667</dst>
            <dst id="ATLAng">27651.664</dst>
            <dst id="CHINng">3917.88533333333</dst>
            <dst id="DNVRng">3789.52</dst>
            <dst id="HSTNng">2565.272</dst>
            <dst id="IPLSng">12675.0506666667</dst>
            <dst id="KSCYng">694.624</dst>
            <dst id="LOSAng">14370.412</dst>
            <dst id="NYCMng">7016.112</dst>
            <dst id="SNVAng">510.233333333333</dst>
            <dst id="STTLng">5633.84533333333</dst>
            <dst id="WASHng">33741.088</dst>
        </src>
        <src id="CHINng">
            <dst id="ATLA-M5">893.653333333333</dst>
            <dst id="ATLAng">15756.2746666667</dst>
            <dst id="CHINng">54703.832</dst>
            <dst id="DNVRng">20443.0506666667</dst>
            <dst id="HSTNng">12714.4266666667</dst>
            <dst id="IPLSng">38137.6293333333</dst>
            <dst id="KSCYng">5893.464</dst>
            <dst id="LOSAng">48537.2213333333</dst>
            <dst id="NYCMng">10126.2293333333</dst>
            <dst id="SNVAng">2510.22133333333</dst>
            <dst id="STTLng">4015.808</dst>
            <dst id="WASHng">19721.1733333333</dst>
        </src>
        <src id="DNVRng">
            <dst id="ATLA-M5">116</dst>
            <dst id="ATLAng">12919.304</dst>
            <dst id="CHINng">44724.144</dst>
            <dst id="DNVRng">8263.808</dst>
            <dst id="HSTNng">15049.9813333333</dst>
            <dst id="IPLSng">18174.2133333333</dst>
            <dst id="KSCYng">16611.6666666667</dst>
            <dst id="LOSAng">29136.7813333333</dst>
            <dst id="NYCMng">15213.624</dst>
            <dst id="SNVAng">8337.26666666667</dst>
            <dst id="STTLng">18582.6213333333</dst>
            <dst id="WASHng">39181.392</dst>
        </src>
        <src id="HSTNng">
            <dst id="ATLA-M5">269.28</dst>
            <dst id="ATLAng">6200.21066666667</dst>
            <dst id="CHINng">13419.2746666667</dst>
            <dst id="DNVRng">1277.80533333333</dst>
            <dst id="HSTNng">15028.408</dst>
            <dst id="IPLSng">3610.696</dst>
            <dst id="KSCYng">1590.82666666667</dst>
            <dst id="LOSAng">43124.6933333333</dst>
            <dst id="NYCMng">3260.57066666667</dst>
            <dst id="SNVAng">26.6666666666667</dst>
            <dst id="STTLng">1683.45066666667</dst>
            <dst id="WASHng">9223.93066666667</dst>
        </src>
        <src id="IPLSng">
            <dst id="ATLA-M5">80</dst>
            <dst id="ATLAng">16953.2906666667</dst>
            <dst id="CHINng">49390.5146666667</dst>
            <dst id="DNVRng">10116.2213333333</dst>
            <dst id="HSTNng">1671.13866666667</dst>
            <dst id="IPLSng">22707.136</dst>
            <dst id="KSCYng">3604.75466666667</dst>
            <dst id="LOSAng">23134.5813333333</dst>
            <dst id="NYCMng">23740.112</dst>
            <dst id="SNVAng">2512.392</dst>
            <dst id="STTLng">12589.072</dst>
            <dst id="WASHng">8191.74133333333</dst>
        </src>
        <src id="KSCYng">
            <dst id="ATLA-M5">1160.00533333333</dst>
            <dst id="ATLAng">2421.18666666667</dst>
            <dst id="CHINng">12155.0053333333</dst>
            <dst id="DNVRng">10118.36</dst>
            <dst id="HSTNng">4823.31466666667</dst>
            <dst id="IPLSng">10928.352</dst>
            <dst id="KSCYng">7425.168</dst>
            <dst id="LOSAng">9717.81333333333</dst>
            <dst id="NYCMng">2597.27733333333</dst>
            <dst id="SNVAng">3270.90666666667</dst>
            <dst id="STTLng">4536.61333333333</dst>
            <dst id="WASHng">14016.7066666667</dst>
        </src>
        <src id="LOSAng">
            <dst id="ATLA-M5">150.930666666667</dst>
            <dst id="ATLAng">20625.728</dst>
            <dst id="CHINng">84423.7413333333</dst>
            <dst id="DNVRng">29603.392</dst>
            <dst id="HSTNng">8815.54133333333</dst>
            <dst id="IPLSng">24005.04</dst>
            <dst id="KSCYng">4268.448</dst>
            <dst id="LOSAng">30514.4106666667</dst>
            <dst id="NYCMng">30995.4773333333</dst>
            <dst id="SNVAng">24838.368</dst>
            <dst id="STTLng">28459.0373333333</dst>
            <dst id="WASHng">36783.0693333333</dst>
        </src>
        <src id="NYCMng">
            <dst id="ATLA-M5">4033.20266666667</dst>
            <dst id="ATLAng">26827.2293333333</dst>
            <dst id="CHINng">16034.6533333333</dst>
            <dst id="DNVRng">28335.448</dst>
            <dst id="HSTNng">5371.66666666667</dst>
            <dst id="IPLSng">25817.208</dst>
            <dst id="KSCYng">13966.16</dst>
            <dst id="LOSAng">73280.984</dst>
            <dst id="NYCMng">91173.968</dst>
            <dst id="SNVAng">5554.43466666667</dst>
            <dst id="STTLng">22577.4533333333</dst>
            <dst id="WASHng">44151.824</dst>
        </src>
        <src id="SNVAng">
            <dst id="ATLA-M5">0</dst>
            <dst id="ATLAng">33.7493333333333</dst>
            <dst id="CHINng">53.3333333333333</dst>
            <dst id="DNVRng">10478.9653333333</dst>
            <dst id="HSTNng">1583.30666666667</dst>
            <dst id="IPLSng">279.592</dst>
            <dst id="KSCYng">26.6666666666667</dst>
            <dst id="LOSAng">44604.1146666667</dst>
            <dst id="NYCMng">234.656</dst>
            <dst id="SNVAng">13390.032</dst>
            <dst id="STTLng">33765.5306666667</dst>
            <dst id="WASHng">973.122666666667</dst>
        </src>
        <src id="STTLng">
            <dst id="ATLA-M5">792.584</dst>
            <dst id="ATLAng">10124.4</dst>
            <dst id="CHINng">18797.88</dst>
            <dst id="DNVRng">3795.84266666667</dst>
            <dst id="HSTNng">4843.27733333333</dst>
            <dst id="IPLSng">5171.48533333333</dst>
            <dst id="KSCYng">3493.18133333333</dst>
            <dst id="LOSAng">24813.824</dst>
            <dst id="NYCMng">10451.2186666667</dst>
            <dst id="SNVAng">2456.06133333333</dst>
            <dst id="STTLng">21728.816</dst>
            <dst id="WASHng">9085.76266666667</dst>
        </src>
        <src id="WASHng">
            <dst id="ATLA-M5">229.242666666667</dst>
            <dst id="ATLAng">112349.458666667</dst>
            <dst id="CHINng">68293.8933333333</dst>
            <dst id="DNVRng">93232.9146666667</dst>
            <dst id="HSTNng">50891.7226666667</dst>
            <dst id="IPLSng">40230.336</dst>
            <dst id="KSCYng">15111.9813333333</dst>
            <dst id="LOSAng">75418.2106666667</dst>
            <dst id="NYCMng">141385.392</dst>
            <dst id="SNVAng">5853.46666666667</dst>
            <dst id="STTLng">49286.1333333333</dst>
            <dst id="WASHng">207393.008</dst>
        </src>
    </IntraTM>
</TrafficMatrixFile>
