<?xml version="1.0" encoding="ISO-8859-1" standalone="yes"?>
<TrafficMatrixFile xsi:noNamespaceSchemaLocation="http://totem.run.montefiore.ulg.ac.be/Schema/TrafficMatrix-v1_2.xsd" xmlns:xsi="http://www.w3.org/2001/XMLSchema-instance">
    <IntraTM ASID="11537">
        <src id="ATLA-M5">
            <dst id="ATLA-M5">106.602666666667</dst>
            <dst id="ATLAng">795.186666666667</dst>
            <dst id="CHINng">204.752</dst>
            <dst id="DNVRng">129.621333333333</dst>
            <dst id="HSTNng">140.706666666667</dst>
            <dst id="IPLSng">514.181333333333</dst>
            <dst id="KSCYng">219.546666666667</dst>
            <dst id="LOSAng">219.130666666667</dst>
            <dst id="NYCMng">269.138666666667</dst>
            <dst id="SNVAng">16.8693333333333</dst>
            <dst id="STTLng">26.6666666666667</dst>
            <dst id="WASHng">486.656</dst>
        </src>
        <src id="ATLAng">
            <dst id="ATLA-M5">828.733333333333</dst>
            <dst id="ATLAng">48836.408</dst>
            <dst id="CHINng">9146.264</dst>
            <dst id="DNVRng">3978.752</dst>
            <dst id="HSTNng">6990.60533333333</dst>
            <dst id="IPLSng">16121.6426666667</dst>
            <dst id="KSCYng">7945.656</dst>
            <dst id="LOSAng">13570.216</dst>
            <dst id="NYCMng">16289.992</dst>
            <dst id="SNVAng">725.205333333333</dst>
            <dst id="STTLng">9260.43466666667</dst>
            <dst id="WASHng">29912.6773333333</dst>
        </src>
        <src id="CHINng">
            <dst id="ATLA-M5">1183.23466666667</dst>
            <dst id="ATLAng">31813.6933333333</dst>
            <dst id="CHINng">59064.4266666667</dst>
            <dst id="DNVRng">17927.6746666667</dst>
            <dst id="HSTNng">38812.3466666667</dst>
            <dst id="IPLSng">72110.136</dst>
            <dst id="KSCYng">23516.2213333333</dst>
            <dst id="LOSAng">56263.9306666667</dst>
            <dst id="NYCMng">11538.16</dst>
            <dst id="SNVAng">6384.37866666667</dst>
            <dst id="STTLng">12806.7093333333</dst>
            <dst id="WASHng">28708.9226666667</dst>
        </src>
        <src id="DNVRng">
            <dst id="ATLA-M5">438.384</dst>
            <dst id="ATLAng">13613.784</dst>
            <dst id="CHINng">56827.1973333333</dst>
            <dst id="DNVRng">17742.7386666667</dst>
            <dst id="HSTNng">17425.8933333333</dst>
            <dst id="IPLSng">45889.8533333333</dst>
            <dst id="KSCYng">23347.4746666667</dst>
            <dst id="LOSAng">11540.6426666667</dst>
            <dst id="NYCMng">17375.0373333333</dst>
            <dst id="SNVAng">12349.456</dst>
            <dst id="STTLng">23378.608</dst>
            <dst id="WASHng">46589.2373333333</dst>
        </src>
        <src id="HSTNng">
            <dst id="ATLA-M5">3589.20533333333</dst>
            <dst id="ATLAng">9403.29066666667</dst>
            <dst id="CHINng">18028.848</dst>
            <dst id="DNVRng">1747.71733333333</dst>
            <dst id="HSTNng">16730.296</dst>
            <dst id="IPLSng">3775.52</dst>
            <dst id="KSCYng">3387.02933333333</dst>
            <dst id="LOSAng">10112.4693333333</dst>
            <dst id="NYCMng">3088.984</dst>
            <dst id="SNVAng">496.053333333333</dst>
            <dst id="STTLng">10607.512</dst>
            <dst id="WASHng">7818.72</dst>
        </src>
        <src id="IPLSng">
            <dst id="ATLA-M5">1730.28</dst>
            <dst id="ATLAng">23365.3893333333</dst>
            <dst id="CHINng">91135.0853333333</dst>
            <dst id="DNVRng">11455.3066666667</dst>
            <dst id="HSTNng">14518.848</dst>
            <dst id="IPLSng">39072.1173333333</dst>
            <dst id="KSCYng">7070.97333333333</dst>
            <dst id="LOSAng">25544.1813333333</dst>
            <dst id="NYCMng">44764.376</dst>
            <dst id="SNVAng">2986.30933333333</dst>
            <dst id="STTLng">17027.072</dst>
            <dst id="WASHng">31721.7733333333</dst>
        </src>
        <src id="KSCYng">
            <dst id="ATLA-M5">779.808</dst>
            <dst id="ATLAng">4285.18133333333</dst>
            <dst id="CHINng">19051.4346666667</dst>
            <dst id="DNVRng">11036.1093333333</dst>
            <dst id="HSTNng">9054.744</dst>
            <dst id="IPLSng">26547.9973333333</dst>
            <dst id="KSCYng">8664.72266666666</dst>
            <dst id="LOSAng">12636.936</dst>
            <dst id="NYCMng">5456.72533333333</dst>
            <dst id="SNVAng">3260.64533333333</dst>
            <dst id="STTLng">4454.41066666667</dst>
            <dst id="WASHng">15863.2373333333</dst>
        </src>
        <src id="LOSAng">
            <dst id="ATLA-M5">751.584</dst>
            <dst id="ATLAng">22781.9333333333</dst>
            <dst id="CHINng">100925.506666667</dst>
            <dst id="DNVRng">38842.2933333333</dst>
            <dst id="HSTNng">7346.272</dst>
            <dst id="IPLSng">39140.28</dst>
            <dst id="KSCYng">7297.21066666667</dst>
            <dst id="LOSAng">15019.6186666667</dst>
            <dst id="NYCMng">38099.6506666667</dst>
            <dst id="SNVAng">16937.0346666667</dst>
            <dst id="STTLng">35002.68</dst>
            <dst id="WASHng">81803.9386666667</dst>
        </src>
        <src id="NYCMng">
            <dst id="ATLA-M5">1077.92</dst>
            <dst id="ATLAng">42285.1413333333</dst>
            <dst id="CHINng">22790.6293333333</dst>
            <dst id="DNVRng">45323.248</dst>
            <dst id="HSTNng">27470.2773333333</dst>
            <dst id="IPLSng">47385.7653333333</dst>
            <dst id="KSCYng">12960.2506666667</dst>
            <dst id="LOSAng">94554.3786666667</dst>
            <dst id="NYCMng">124783.282666667</dst>
            <dst id="SNVAng">6023.83466666667</dst>
            <dst id="STTLng">54329.0506666667</dst>
            <dst id="WASHng">98295.5306666667</dst>
        </src>
        <src id="SNVAng">
            <dst id="ATLA-M5">0</dst>
            <dst id="ATLAng">26.6666666666667</dst>
            <dst id="CHINng">0</dst>
            <dst id="DNVRng">5006.98133333333</dst>
            <dst id="HSTNng">327.304</dst>
            <dst id="IPLSng">378.757333333333</dst>
            <dst id="KSCYng">53.3333333333333</dst>
            <dst id="LOSAng">36035.3733333333</dst>
            <dst id="NYCMng">370.218666666667</dst>
            <dst id="SNVAng">9349.18133333334</dst>
            <dst id="STTLng">36638.7706666667</dst>
            <dst id="WASHng">26.6666666666667</dst>
        </src>
        <src id="STTLng">
            <dst id="ATLA-M5">228.197333333333</dst>
            <dst id="ATLAng">12417.112</dst>
            <dst id="CHINng">19821.768</dst>
            <dst id="DNVRng">10957.6026666667</dst>
            <dst id="HSTNng">5676.63733333333</dst>
            <dst id="IPLSng">14507.464</dst>
            <dst id="KSCYng">4419.46133333333</dst>
            <dst id="LOSAng">34970.3333333333</dst>
            <dst id="NYCMng">12291.0506666667</dst>
            <dst id="SNVAng">5933.16266666667</dst>
            <dst id="STTLng">3898.552</dst>
            <dst id="WASHng">17774.3253333333</dst>
        </src>
        <src id="WASHng">
            <dst id="ATLA-M5">1180.51733333333</dst>
            <dst id="ATLAng">152876.901333333</dst>
            <dst id="CHINng">83353.9013333333</dst>
            <dst id="DNVRng">100385.477333333</dst>
            <dst id="HSTNng">27275.4533333333</dst>
            <dst id="IPLSng">69882.552</dst>
            <dst id="KSCYng">16925.8853333333</dst>
            <dst id="LOSAng">68031.472</dst>
            <dst id="NYCMng">185544.381333333</dst>
            <dst id="SNVAng">12330.92</dst>
            <dst id="STTLng">49097.368</dst>
            <dst id="WASHng">254240.304</dst>
        </src>
    </IntraTM>
</TrafficMatrixFile>
