<?xml version="1.0" encoding="ISO-8859-1" standalone="yes"?>
<TrafficMatrixFile xsi:noNamespaceSchemaLocation="http://totem.run.montefiore.ulg.ac.be/Schema/TrafficMatrix-v1_2.xsd" xmlns:xsi="http://www.w3.org/2001/XMLSchema-instance">
    <IntraTM ASID="11537">
        <src id="ATLA-M5">
            <dst id="ATLA-M5">111.808</dst>
            <dst id="ATLAng">133.333333333333</dst>
            <dst id="CHINng">80</dst>
            <dst id="DNVRng">0</dst>
            <dst id="HSTNng">224.109333333333</dst>
            <dst id="IPLSng">107.210666666667</dst>
            <dst id="KSCYng">80</dst>
            <dst id="LOSAng">732.210666666667</dst>
            <dst id="NYCMng">418.768</dst>
            <dst id="SNVAng">0</dst>
            <dst id="STTLng">82.48</dst>
            <dst id="WASHng">2574.45866666667</dst>
        </src>
        <src id="ATLAng">
            <dst id="ATLA-M5">184.010666666667</dst>
            <dst id="ATLAng">30355.608</dst>
            <dst id="CHINng">6613.168</dst>
            <dst id="DNVRng">3381.05333333333</dst>
            <dst id="HSTNng">6613.99466666667</dst>
            <dst id="IPLSng">15381.7493333333</dst>
            <dst id="KSCYng">1265.488</dst>
            <dst id="LOSAng">11518.7626666667</dst>
            <dst id="NYCMng">34467.8266666667</dst>
            <dst id="SNVAng">590.336</dst>
            <dst id="STTLng">13313.232</dst>
            <dst id="WASHng">67510.12</dst>
        </src>
        <src id="CHINng">
            <dst id="ATLA-M5">210.928</dst>
            <dst id="ATLAng">18770.1013333333</dst>
            <dst id="CHINng">84161.6</dst>
            <dst id="DNVRng">7781.94933333334</dst>
            <dst id="HSTNng">9817</dst>
            <dst id="IPLSng">32044.5386666667</dst>
            <dst id="KSCYng">9853.11733333333</dst>
            <dst id="LOSAng">35322.1173333333</dst>
            <dst id="NYCMng">17779.1306666667</dst>
            <dst id="SNVAng">1972.07466666667</dst>
            <dst id="STTLng">8648.632</dst>
            <dst id="WASHng">28425.6373333333</dst>
        </src>
        <src id="DNVRng">
            <dst id="ATLA-M5">150.4</dst>
            <dst id="ATLAng">8562.82933333333</dst>
            <dst id="CHINng">93082.9173333333</dst>
            <dst id="DNVRng">10361.648</dst>
            <dst id="HSTNng">17044.736</dst>
            <dst id="IPLSng">34041.8213333333</dst>
            <dst id="KSCYng">17007.368</dst>
            <dst id="LOSAng">10794.2453333333</dst>
            <dst id="NYCMng">16492.568</dst>
            <dst id="SNVAng">24685.856</dst>
            <dst id="STTLng">8711.98133333333</dst>
            <dst id="WASHng">41765.624</dst>
        </src>
        <src id="HSTNng">
            <dst id="ATLA-M5">3407.94933333333</dst>
            <dst id="ATLAng">5159.536</dst>
            <dst id="CHINng">15877.648</dst>
            <dst id="DNVRng">1439.94133333333</dst>
            <dst id="HSTNng">14113.7706666667</dst>
            <dst id="IPLSng">3356.05866666667</dst>
            <dst id="KSCYng">3145.144</dst>
            <dst id="LOSAng">9279.39733333333</dst>
            <dst id="NYCMng">5042.79733333333</dst>
            <dst id="SNVAng">1276.176</dst>
            <dst id="STTLng">1036.096</dst>
            <dst id="WASHng">3694.17333333333</dst>
        </src>
        <src id="IPLSng">
            <dst id="ATLA-M5">26.6666666666667</dst>
            <dst id="ATLAng">27066.1573333333</dst>
            <dst id="CHINng">98177.7733333333</dst>
            <dst id="DNVRng">10010.8453333333</dst>
            <dst id="HSTNng">4169.16533333333</dst>
            <dst id="IPLSng">19595.2613333333</dst>
            <dst id="KSCYng">11529.008</dst>
            <dst id="LOSAng">14242.952</dst>
            <dst id="NYCMng">28466.112</dst>
            <dst id="SNVAng">877.242666666667</dst>
            <dst id="STTLng">22540.368</dst>
            <dst id="WASHng">43466.4373333333</dst>
        </src>
        <src id="KSCYng">
            <dst id="ATLA-M5">0</dst>
            <dst id="ATLAng">2070.392</dst>
            <dst id="CHINng">26194.6106666667</dst>
            <dst id="DNVRng">9653.10133333333</dst>
            <dst id="HSTNng">5441.47466666667</dst>
            <dst id="IPLSng">13014.768</dst>
            <dst id="KSCYng">9450.41333333333</dst>
            <dst id="LOSAng">4259.42133333333</dst>
            <dst id="NYCMng">4001.07733333333</dst>
            <dst id="SNVAng">2027.72533333333</dst>
            <dst id="STTLng">2166.18133333333</dst>
            <dst id="WASHng">27399.768</dst>
        </src>
        <src id="LOSAng">
            <dst id="ATLA-M5">228.429333333333</dst>
            <dst id="ATLAng">14635.1093333333</dst>
            <dst id="CHINng">150412.138666667</dst>
            <dst id="DNVRng">26604.8613333333</dst>
            <dst id="HSTNng">7878.608</dst>
            <dst id="IPLSng">46919.7146666667</dst>
            <dst id="KSCYng">7833.03733333333</dst>
            <dst id="LOSAng">11058.904</dst>
            <dst id="NYCMng">42956.4853333333</dst>
            <dst id="SNVAng">8826.648</dst>
            <dst id="STTLng">20295.7093333333</dst>
            <dst id="WASHng">32301.8506666667</dst>
        </src>
        <src id="NYCMng">
            <dst id="ATLA-M5">1162.08533333333</dst>
            <dst id="ATLAng">29306.0693333333</dst>
            <dst id="CHINng">28317.328</dst>
            <dst id="DNVRng">26074.512</dst>
            <dst id="HSTNng">10093.1786666667</dst>
            <dst id="IPLSng">21877.0426666667</dst>
            <dst id="KSCYng">11576.3173333333</dst>
            <dst id="LOSAng">91889.6826666667</dst>
            <dst id="NYCMng">112143.474666667</dst>
            <dst id="SNVAng">1652.456</dst>
            <dst id="STTLng">18008.088</dst>
            <dst id="WASHng">71197.0213333334</dst>
        </src>
        <src id="SNVAng">
            <dst id="ATLA-M5">0</dst>
            <dst id="ATLAng">174.357333333333</dst>
            <dst id="CHINng">53.3333333333333</dst>
            <dst id="DNVRng">4096.952</dst>
            <dst id="HSTNng">45.2053333333333</dst>
            <dst id="IPLSng">389.496</dst>
            <dst id="KSCYng">0</dst>
            <dst id="LOSAng">30347.512</dst>
            <dst id="NYCMng">395.456</dst>
            <dst id="SNVAng">11010.992</dst>
            <dst id="STTLng">28682.4133333333</dst>
            <dst id="WASHng">120.794666666667</dst>
        </src>
        <src id="STTLng">
            <dst id="ATLA-M5">93.3546666666667</dst>
            <dst id="ATLAng">11316.016</dst>
            <dst id="CHINng">32950.0426666667</dst>
            <dst id="DNVRng">2378.016</dst>
            <dst id="HSTNng">1828.46933333333</dst>
            <dst id="IPLSng">10276.2373333333</dst>
            <dst id="KSCYng">3676.248</dst>
            <dst id="LOSAng">15227.4506666667</dst>
            <dst id="NYCMng">13518.992</dst>
            <dst id="SNVAng">4555.49066666667</dst>
            <dst id="STTLng">5037.79466666667</dst>
            <dst id="WASHng">22520.192</dst>
        </src>
        <src id="WASHng">
            <dst id="ATLA-M5">1164.58133333333</dst>
            <dst id="ATLAng">185168.752</dst>
            <dst id="CHINng">52738.816</dst>
            <dst id="DNVRng">55086.56</dst>
            <dst id="HSTNng">25970.9706666667</dst>
            <dst id="IPLSng">52411.648</dst>
            <dst id="KSCYng">16665.7893333333</dst>
            <dst id="LOSAng">63108.5226666667</dst>
            <dst id="NYCMng">171616.736</dst>
            <dst id="SNVAng">10193.448</dst>
            <dst id="STTLng">43249.8533333333</dst>
            <dst id="WASHng">383494</dst>
        </src>
    </IntraTM>
</TrafficMatrixFile>
