<?xml version="1.0" encoding="ISO-8859-1" standalone="yes"?>
<TrafficMatrixFile xsi:noNamespaceSchemaLocation="http://totem.run.montefiore.ulg.ac.be/Schema/TrafficMatrix-v1_2.xsd" xmlns:xsi="http://www.w3.org/2001/XMLSchema-instance">
    <IntraTM ASID="11537">
        <src id="ATLA-M5">
            <dst id="ATLA-M5">0</dst>
            <dst id="ATLAng">3074.272</dst>
            <dst id="CHINng">934.136</dst>
            <dst id="DNVRng">0</dst>
            <dst id="HSTNng">147.04</dst>
            <dst id="IPLSng">205.834666666667</dst>
            <dst id="KSCYng">53.3333333333333</dst>
            <dst id="LOSAng">84.728</dst>
            <dst id="NYCMng">231.2</dst>
            <dst id="SNVAng">13.3333333333333</dst>
            <dst id="STTLng">97.2106666666667</dst>
            <dst id="WASHng">506.6</dst>
        </src>
        <src id="ATLAng">
            <dst id="ATLA-M5">184.922666666667</dst>
            <dst id="ATLAng">57043.3546666667</dst>
            <dst id="CHINng">13551.3733333333</dst>
            <dst id="DNVRng">3656.248</dst>
            <dst id="HSTNng">16998.6426666667</dst>
            <dst id="IPLSng">18630.536</dst>
            <dst id="KSCYng">563.722666666667</dst>
            <dst id="LOSAng">19413.248</dst>
            <dst id="NYCMng">3079.00533333333</dst>
            <dst id="SNVAng">199.208</dst>
            <dst id="STTLng">7072.552</dst>
            <dst id="WASHng">39793.5093333333</dst>
        </src>
        <src id="CHINng">
            <dst id="ATLA-M5">801.12</dst>
            <dst id="ATLAng">24400.9066666667</dst>
            <dst id="CHINng">44756.2293333333</dst>
            <dst id="DNVRng">11412.3493333333</dst>
            <dst id="HSTNng">11443.7253333333</dst>
            <dst id="IPLSng">29063.5733333333</dst>
            <dst id="KSCYng">6120.53066666667</dst>
            <dst id="LOSAng">47450.1413333333</dst>
            <dst id="NYCMng">12205.432</dst>
            <dst id="SNVAng">2430.128</dst>
            <dst id="STTLng">6374.688</dst>
            <dst id="WASHng">32363.264</dst>
        </src>
        <src id="DNVRng">
            <dst id="ATLA-M5">302.72</dst>
            <dst id="ATLAng">9435.944</dst>
            <dst id="CHINng">48407.8426666667</dst>
            <dst id="DNVRng">10270.3946666667</dst>
            <dst id="HSTNng">15935.6693333333</dst>
            <dst id="IPLSng">31135.1066666667</dst>
            <dst id="KSCYng">25859.496</dst>
            <dst id="LOSAng">24842.4213333333</dst>
            <dst id="NYCMng">17514.6666666667</dst>
            <dst id="SNVAng">6938.42666666667</dst>
            <dst id="STTLng">7380.256</dst>
            <dst id="WASHng">34346.456</dst>
        </src>
        <src id="HSTNng">
            <dst id="ATLA-M5">2778.536</dst>
            <dst id="ATLAng">2321.66133333333</dst>
            <dst id="CHINng">7284.224</dst>
            <dst id="DNVRng">1780.808</dst>
            <dst id="HSTNng">15870.7893333333</dst>
            <dst id="IPLSng">8276.40533333333</dst>
            <dst id="KSCYng">2168.36266666667</dst>
            <dst id="LOSAng">10356.7413333333</dst>
            <dst id="NYCMng">2874.79466666667</dst>
            <dst id="SNVAng">0</dst>
            <dst id="STTLng">1605.112</dst>
            <dst id="WASHng">6881.41066666667</dst>
        </src>
        <src id="IPLSng">
            <dst id="ATLA-M5">717.952</dst>
            <dst id="ATLAng">16057.344</dst>
            <dst id="CHINng">50397.6506666667</dst>
            <dst id="DNVRng">15090.1573333333</dst>
            <dst id="HSTNng">3093.44</dst>
            <dst id="IPLSng">15440.6</dst>
            <dst id="KSCYng">7526.48</dst>
            <dst id="LOSAng">28095.68</dst>
            <dst id="NYCMng">32050.208</dst>
            <dst id="SNVAng">6389.52533333333</dst>
            <dst id="STTLng">11235.7546666667</dst>
            <dst id="WASHng">6407.37333333333</dst>
        </src>
        <src id="KSCYng">
            <dst id="ATLA-M5">914.122666666667</dst>
            <dst id="ATLAng">2515.184</dst>
            <dst id="CHINng">13644.496</dst>
            <dst id="DNVRng">9373.536</dst>
            <dst id="HSTNng">3258.66133333333</dst>
            <dst id="IPLSng">11853.0666666667</dst>
            <dst id="KSCYng">7770.57066666667</dst>
            <dst id="LOSAng">15727.872</dst>
            <dst id="NYCMng">3557.80533333333</dst>
            <dst id="SNVAng">2716.88</dst>
            <dst id="STTLng">4366.34933333333</dst>
            <dst id="WASHng">7471.82666666667</dst>
        </src>
        <src id="LOSAng">
            <dst id="ATLA-M5">53.3333333333333</dst>
            <dst id="ATLAng">28649.24</dst>
            <dst id="CHINng">61119.3653333333</dst>
            <dst id="DNVRng">27015.1813333333</dst>
            <dst id="HSTNng">9040.272</dst>
            <dst id="IPLSng">19016.2213333333</dst>
            <dst id="KSCYng">4677.608</dst>
            <dst id="LOSAng">20582.9306666667</dst>
            <dst id="NYCMng">33860.536</dst>
            <dst id="SNVAng">12669.576</dst>
            <dst id="STTLng">32211.1226666667</dst>
            <dst id="WASHng">19984.3706666667</dst>
        </src>
        <src id="NYCMng">
            <dst id="ATLA-M5">326.88</dst>
            <dst id="ATLAng">23840.6346666667</dst>
            <dst id="CHINng">9401.2</dst>
            <dst id="DNVRng">24747.056</dst>
            <dst id="HSTNng">10429.168</dst>
            <dst id="IPLSng">19411.192</dst>
            <dst id="KSCYng">14090.8133333333</dst>
            <dst id="LOSAng">75162.8853333333</dst>
            <dst id="NYCMng">64034.2346666667</dst>
            <dst id="SNVAng">3986.984</dst>
            <dst id="STTLng">17955.3813333333</dst>
            <dst id="WASHng">52542.3253333333</dst>
        </src>
        <src id="SNVAng">
            <dst id="ATLA-M5">0</dst>
            <dst id="ATLAng">417.752</dst>
            <dst id="CHINng">150.890666666667</dst>
            <dst id="DNVRng">3038.36533333333</dst>
            <dst id="HSTNng">2157.01333333333</dst>
            <dst id="IPLSng">222.874666666667</dst>
            <dst id="KSCYng">26.6666666666667</dst>
            <dst id="LOSAng">51226.904</dst>
            <dst id="NYCMng">786.429333333333</dst>
            <dst id="SNVAng">12769.592</dst>
            <dst id="STTLng">34601.52</dst>
            <dst id="WASHng">465.248</dst>
        </src>
        <src id="STTLng">
            <dst id="ATLA-M5">189.898666666667</dst>
            <dst id="ATLAng">11491.6</dst>
            <dst id="CHINng">14259.2186666667</dst>
            <dst id="DNVRng">4960.368</dst>
            <dst id="HSTNng">3309.38666666667</dst>
            <dst id="IPLSng">6542.36266666667</dst>
            <dst id="KSCYng">2754.00533333333</dst>
            <dst id="LOSAng">227883.933333333</dst>
            <dst id="NYCMng">16717.2186666667</dst>
            <dst id="SNVAng">4345.42933333334</dst>
            <dst id="STTLng">23330.3466666667</dst>
            <dst id="WASHng">10071.2373333333</dst>
        </src>
        <src id="WASHng">
            <dst id="ATLA-M5">240.096</dst>
            <dst id="ATLAng">74361.0853333333</dst>
            <dst id="CHINng">67716.2693333333</dst>
            <dst id="DNVRng">57949.4453333333</dst>
            <dst id="HSTNng">23481.3226666667</dst>
            <dst id="IPLSng">59078.1066666667</dst>
            <dst id="KSCYng">20136.848</dst>
            <dst id="LOSAng">60291.7093333333</dst>
            <dst id="NYCMng">134087.213333333</dst>
            <dst id="SNVAng">4004.856</dst>
            <dst id="STTLng">59345.72</dst>
            <dst id="WASHng">219107.106666667</dst>
        </src>
    </IntraTM>
</TrafficMatrixFile>
