<?xml version="1.0" encoding="ISO-8859-1" standalone="yes"?>
<TrafficMatrixFile xsi:noNamespaceSchemaLocation="http://totem.run.montefiore.ulg.ac.be/Schema/TrafficMatrix-v1_2.xsd" xmlns:xsi="http://www.w3.org/2001/XMLSchema-instance">
    <IntraTM ASID="11537">
        <src id="ATLA-M5">
            <dst id="ATLA-M5">456.186666666667</dst>
            <dst id="ATLAng">174.874666666667</dst>
            <dst id="CHINng">310.754666666667</dst>
            <dst id="DNVRng">26.6666666666667</dst>
            <dst id="HSTNng">201.216</dst>
            <dst id="IPLSng">216.066666666667</dst>
            <dst id="KSCYng">188.856</dst>
            <dst id="LOSAng">129.098666666667</dst>
            <dst id="NYCMng">26.6666666666667</dst>
            <dst id="SNVAng">0</dst>
            <dst id="STTLng">26.6666666666667</dst>
            <dst id="WASHng">1585.51466666667</dst>
        </src>
        <src id="ATLAng">
            <dst id="ATLA-M5">366.485333333333</dst>
            <dst id="ATLAng">31371.696</dst>
            <dst id="CHINng">16048.904</dst>
            <dst id="DNVRng">2544.712</dst>
            <dst id="HSTNng">24215.5653333333</dst>
            <dst id="IPLSng">28385.08</dst>
            <dst id="KSCYng">4217.26933333333</dst>
            <dst id="LOSAng">40194.688</dst>
            <dst id="NYCMng">11264.728</dst>
            <dst id="SNVAng">1427.104</dst>
            <dst id="STTLng">10807.64</dst>
            <dst id="WASHng">48696.7626666667</dst>
        </src>
        <src id="CHINng">
            <dst id="ATLA-M5">1348.05066666667</dst>
            <dst id="ATLAng">33876.2266666667</dst>
            <dst id="CHINng">65992.784</dst>
            <dst id="DNVRng">12595.0453333333</dst>
            <dst id="HSTNng">24495.8693333333</dst>
            <dst id="IPLSng">44464.3573333333</dst>
            <dst id="KSCYng">18253.3493333333</dst>
            <dst id="LOSAng">53204.0933333333</dst>
            <dst id="NYCMng">25284.2826666667</dst>
            <dst id="SNVAng">6550.25866666667</dst>
            <dst id="STTLng">6808.69333333333</dst>
            <dst id="WASHng">26367.456</dst>
        </src>
        <src id="DNVRng">
            <dst id="ATLA-M5">474.109333333333</dst>
            <dst id="ATLAng">18049.5226666667</dst>
            <dst id="CHINng">71309.664</dst>
            <dst id="DNVRng">17263.712</dst>
            <dst id="HSTNng">32707.824</dst>
            <dst id="IPLSng">47904.5306666667</dst>
            <dst id="KSCYng">21351.664</dst>
            <dst id="LOSAng">11013.7093333333</dst>
            <dst id="NYCMng">17773.024</dst>
            <dst id="SNVAng">12318.4426666667</dst>
            <dst id="STTLng">14815.2426666667</dst>
            <dst id="WASHng">47189.1093333333</dst>
        </src>
        <src id="HSTNng">
            <dst id="ATLA-M5">1115.25333333333</dst>
            <dst id="ATLAng">18589.728</dst>
            <dst id="CHINng">21716.1013333333</dst>
            <dst id="DNVRng">2006.49866666667</dst>
            <dst id="HSTNng">5572.792</dst>
            <dst id="IPLSng">8528.59466666667</dst>
            <dst id="KSCYng">2627.76266666667</dst>
            <dst id="LOSAng">16740.8746666667</dst>
            <dst id="NYCMng">4106.384</dst>
            <dst id="SNVAng">81.144</dst>
            <dst id="STTLng">4661.688</dst>
            <dst id="WASHng">8292.14133333333</dst>
        </src>
        <src id="IPLSng">
            <dst id="ATLA-M5">270.309333333333</dst>
            <dst id="ATLAng">33924.2853333333</dst>
            <dst id="CHINng">101201.176</dst>
            <dst id="DNVRng">22097.0373333333</dst>
            <dst id="HSTNng">33440.7733333333</dst>
            <dst id="IPLSng">31163.2373333333</dst>
            <dst id="KSCYng">15944.3013333333</dst>
            <dst id="LOSAng">28743.8853333333</dst>
            <dst id="NYCMng">48995.76</dst>
            <dst id="SNVAng">4692.136</dst>
            <dst id="STTLng">9729.48533333333</dst>
            <dst id="WASHng">23848.5466666667</dst>
        </src>
        <src id="KSCYng">
            <dst id="ATLA-M5">992.928</dst>
            <dst id="ATLAng">6382.456</dst>
            <dst id="CHINng">21520.0293333333</dst>
            <dst id="DNVRng">10626.3866666667</dst>
            <dst id="HSTNng">6658.184</dst>
            <dst id="IPLSng">31001.7013333333</dst>
            <dst id="KSCYng">10845.7146666667</dst>
            <dst id="LOSAng">8589.65333333333</dst>
            <dst id="NYCMng">6989.35733333333</dst>
            <dst id="SNVAng">4359.16533333333</dst>
            <dst id="STTLng">4013.73066666667</dst>
            <dst id="WASHng">14809.1786666667</dst>
        </src>
        <src id="LOSAng">
            <dst id="ATLA-M5">495.184</dst>
            <dst id="ATLAng">37425.568</dst>
            <dst id="CHINng">102409.88</dst>
            <dst id="DNVRng">28892.032</dst>
            <dst id="HSTNng">17316.0666666667</dst>
            <dst id="IPLSng">38969.7706666667</dst>
            <dst id="KSCYng">14027.4266666667</dst>
            <dst id="LOSAng">14412.856</dst>
            <dst id="NYCMng">42075.2746666667</dst>
            <dst id="SNVAng">47906.3813333333</dst>
            <dst id="STTLng">22969.0453333333</dst>
            <dst id="WASHng">55364.0906666667</dst>
        </src>
        <src id="NYCMng">
            <dst id="ATLA-M5">1104.36266666667</dst>
            <dst id="ATLAng">47774.0453333333</dst>
            <dst id="CHINng">30864.0986666667</dst>
            <dst id="DNVRng">38675.7546666667</dst>
            <dst id="HSTNng">20247.9546666667</dst>
            <dst id="IPLSng">35416.8826666667</dst>
            <dst id="KSCYng">13429.6746666667</dst>
            <dst id="LOSAng">79104.176</dst>
            <dst id="NYCMng">114434.552</dst>
            <dst id="SNVAng">3897.384</dst>
            <dst id="STTLng">50862.6426666667</dst>
            <dst id="WASHng">141841.989333333</dst>
        </src>
        <src id="SNVAng">
            <dst id="ATLA-M5">26.6666666666667</dst>
            <dst id="ATLAng">86.496</dst>
            <dst id="CHINng">53.3333333333333</dst>
            <dst id="DNVRng">53455.704</dst>
            <dst id="HSTNng">165.610666666667</dst>
            <dst id="IPLSng">429.592</dst>
            <dst id="KSCYng">108.496</dst>
            <dst id="LOSAng">36904.576</dst>
            <dst id="NYCMng">306.877333333333</dst>
            <dst id="SNVAng">6555.13066666667</dst>
            <dst id="STTLng">30902.1386666667</dst>
            <dst id="WASHng">228.24</dst>
        </src>
        <src id="STTLng">
            <dst id="ATLA-M5">26.6666666666667</dst>
            <dst id="ATLAng">20923.5946666667</dst>
            <dst id="CHINng">30774.2826666667</dst>
            <dst id="DNVRng">5492.85333333333</dst>
            <dst id="HSTNng">5890.952</dst>
            <dst id="IPLSng">19198.4133333333</dst>
            <dst id="KSCYng">7277.608</dst>
            <dst id="LOSAng">25623.4293333333</dst>
            <dst id="NYCMng">23010.2826666667</dst>
            <dst id="SNVAng">6957.12533333333</dst>
            <dst id="STTLng">4420.63733333333</dst>
            <dst id="WASHng">15956.0293333333</dst>
        </src>
        <src id="WASHng">
            <dst id="ATLA-M5">9432.232</dst>
            <dst id="ATLAng">158780.914666667</dst>
            <dst id="CHINng">71796.0373333333</dst>
            <dst id="DNVRng">83419.2506666667</dst>
            <dst id="HSTNng">33793.704</dst>
            <dst id="IPLSng">68086.6106666667</dst>
            <dst id="KSCYng">28355.3493333333</dst>
            <dst id="LOSAng">86473.3626666667</dst>
            <dst id="NYCMng">172303.330666667</dst>
            <dst id="SNVAng">7411.73066666667</dst>
            <dst id="STTLng">71729.3626666667</dst>
            <dst id="WASHng">229901.376</dst>
        </src>
    </IntraTM>
</TrafficMatrixFile>
