<?xml version="1.0" encoding="ISO-8859-1" standalone="yes"?>
<TrafficMatrixFile xsi:noNamespaceSchemaLocation="http://totem.run.montefiore.ulg.ac.be/Schema/TrafficMatrix-v1_2.xsd" xmlns:xsi="http://www.w3.org/2001/XMLSchema-instance">
    <IntraTM ASID="11537">
        <src id="ATLA-M5">
            <dst id="ATLA-M5">303.44</dst>
            <dst id="ATLAng">392.165333333333</dst>
            <dst id="CHINng">245.736</dst>
            <dst id="DNVRng">0</dst>
            <dst id="HSTNng">85.5893333333333</dst>
            <dst id="IPLSng">292.498666666667</dst>
            <dst id="KSCYng">2321.52533333333</dst>
            <dst id="LOSAng">546.176</dst>
            <dst id="NYCMng">26.6666666666667</dst>
            <dst id="SNVAng">0</dst>
            <dst id="STTLng">0</dst>
            <dst id="WASHng">1430.14666666667</dst>
        </src>
        <src id="ATLAng">
            <dst id="ATLA-M5">3519.688</dst>
            <dst id="ATLAng">46103.6106666667</dst>
            <dst id="CHINng">9966.48</dst>
            <dst id="DNVRng">1960.42933333333</dst>
            <dst id="HSTNng">14521.3093333333</dst>
            <dst id="IPLSng">32004.5066666667</dst>
            <dst id="KSCYng">4314.46933333333</dst>
            <dst id="LOSAng">6431.492</dst>
            <dst id="NYCMng">9418.29866666667</dst>
            <dst id="SNVAng">1620.892</dst>
            <dst id="STTLng">9731.39733333333</dst>
            <dst id="WASHng">48899.712</dst>
        </src>
        <src id="CHINng">
            <dst id="ATLA-M5">189.296</dst>
            <dst id="ATLAng">20866.0746666667</dst>
            <dst id="CHINng">71125.2666666667</dst>
            <dst id="DNVRng">6569.336</dst>
            <dst id="HSTNng">9471.11466666667</dst>
            <dst id="IPLSng">36255.96</dst>
            <dst id="KSCYng">13437.536</dst>
            <dst id="LOSAng">38658.384</dst>
            <dst id="NYCMng">16461.0826666667</dst>
            <dst id="SNVAng">3015.496</dst>
            <dst id="STTLng">4344.45866666667</dst>
            <dst id="WASHng">26326.5946666667</dst>
        </src>
        <src id="DNVRng">
            <dst id="ATLA-M5">412.813333333333</dst>
            <dst id="ATLAng">6742.59733333333</dst>
            <dst id="CHINng">71735.2773333333</dst>
            <dst id="DNVRng">17047.744</dst>
            <dst id="HSTNng">16210.048</dst>
            <dst id="IPLSng">41982.8133333333</dst>
            <dst id="KSCYng">24338.68</dst>
            <dst id="LOSAng">12231.208</dst>
            <dst id="NYCMng">11931.712</dst>
            <dst id="SNVAng">13688.1413333333</dst>
            <dst id="STTLng">13154.936</dst>
            <dst id="WASHng">40809.9173333333</dst>
        </src>
        <src id="HSTNng">
            <dst id="ATLA-M5">655.856</dst>
            <dst id="ATLAng">13095.5066666667</dst>
            <dst id="CHINng">15529.3093333333</dst>
            <dst id="DNVRng">7444.07733333333</dst>
            <dst id="HSTNng">16896.488</dst>
            <dst id="IPLSng">1825.82933333333</dst>
            <dst id="KSCYng">1956.216</dst>
            <dst id="LOSAng">25631.5066666667</dst>
            <dst id="NYCMng">7383.672</dst>
            <dst id="SNVAng">217.008</dst>
            <dst id="STTLng">943.277333333333</dst>
            <dst id="WASHng">8809.096</dst>
        </src>
        <src id="IPLSng">
            <dst id="ATLA-M5">359.901333333333</dst>
            <dst id="ATLAng">23007.392</dst>
            <dst id="CHINng">89224.3653333333</dst>
            <dst id="DNVRng">9865.93333333333</dst>
            <dst id="HSTNng">1954.50133333333</dst>
            <dst id="IPLSng">29161.9066666667</dst>
            <dst id="KSCYng">3735.01333333333</dst>
            <dst id="LOSAng">10905.712</dst>
            <dst id="NYCMng">28936.9466666667</dst>
            <dst id="SNVAng">4417.58666666667</dst>
            <dst id="STTLng">10589.6373333333</dst>
            <dst id="WASHng">19939.5333333333</dst>
        </src>
        <src id="KSCYng">
            <dst id="ATLA-M5">48.8106666666667</dst>
            <dst id="ATLAng">3530.16</dst>
            <dst id="CHINng">23468.1653333333</dst>
            <dst id="DNVRng">8268.71733333333</dst>
            <dst id="HSTNng">3307.48</dst>
            <dst id="IPLSng">13579.816</dst>
            <dst id="KSCYng">7743.136</dst>
            <dst id="LOSAng">5962.29066666667</dst>
            <dst id="NYCMng">1916.79466666667</dst>
            <dst id="SNVAng">2108.536</dst>
            <dst id="STTLng">3907.10133333333</dst>
            <dst id="WASHng">13977.6506666667</dst>
        </src>
        <src id="LOSAng">
            <dst id="ATLA-M5">1079.54666666667</dst>
            <dst id="ATLAng">15524.6693333333</dst>
            <dst id="CHINng">136670.304</dst>
            <dst id="DNVRng">22596.7893333333</dst>
            <dst id="HSTNng">10461.376</dst>
            <dst id="IPLSng">24924.0346666667</dst>
            <dst id="KSCYng">11177.9573333333</dst>
            <dst id="LOSAng">17591.112</dst>
            <dst id="NYCMng">43740.1786666667</dst>
            <dst id="SNVAng">14810.512</dst>
            <dst id="STTLng">22310.168</dst>
            <dst id="WASHng">28570.1093333333</dst>
        </src>
        <src id="NYCMng">
            <dst id="ATLA-M5">810.602666666667</dst>
            <dst id="ATLAng">46372.6613333333</dst>
            <dst id="CHINng">32058.0373333333</dst>
            <dst id="DNVRng">26838.6213333333</dst>
            <dst id="HSTNng">11950.8986666667</dst>
            <dst id="IPLSng">42715.8693333333</dst>
            <dst id="KSCYng">19187.5893333333</dst>
            <dst id="LOSAng">82700.0053333333</dst>
            <dst id="NYCMng">98964.3893333333</dst>
            <dst id="SNVAng">2993.00533333333</dst>
            <dst id="STTLng">18602.8533333333</dst>
            <dst id="WASHng">82464.2853333333</dst>
        </src>
        <src id="SNVAng">
            <dst id="ATLA-M5">0</dst>
            <dst id="ATLAng">179.072</dst>
            <dst id="CHINng">130.336</dst>
            <dst id="DNVRng">1156.736</dst>
            <dst id="HSTNng">1044.10666666667</dst>
            <dst id="IPLSng">190.122666666667</dst>
            <dst id="KSCYng">99.056</dst>
            <dst id="LOSAng">27170.3973333333</dst>
            <dst id="NYCMng">978.368</dst>
            <dst id="SNVAng">4708.16533333333</dst>
            <dst id="STTLng">23821.3013333333</dst>
            <dst id="WASHng">454.794666666667</dst>
        </src>
        <src id="STTLng">
            <dst id="ATLA-M5">138.576</dst>
            <dst id="ATLAng">19174.488</dst>
            <dst id="CHINng">27871.216</dst>
            <dst id="DNVRng">4755.608</dst>
            <dst id="HSTNng">2754.02666666667</dst>
            <dst id="IPLSng">9430.86933333333</dst>
            <dst id="KSCYng">3068.336</dst>
            <dst id="LOSAng">23359.464</dst>
            <dst id="NYCMng">17035.7146666667</dst>
            <dst id="SNVAng">8253.45333333333</dst>
            <dst id="STTLng">6009.352</dst>
            <dst id="WASHng">17012.064</dst>
        </src>
        <src id="WASHng">
            <dst id="ATLA-M5">340.645333333333</dst>
            <dst id="ATLAng">120010.8</dst>
            <dst id="CHINng">46075.12</dst>
            <dst id="DNVRng">63341.984</dst>
            <dst id="HSTNng">27260.2426666667</dst>
            <dst id="IPLSng">80502.6453333333</dst>
            <dst id="KSCYng">20442.3253333333</dst>
            <dst id="LOSAng">55879.0773333333</dst>
            <dst id="NYCMng">163255.538666667</dst>
            <dst id="SNVAng">6705.448</dst>
            <dst id="STTLng">30768.08</dst>
            <dst id="WASHng">380745.68</dst>
        </src>
    </IntraTM>
</TrafficMatrixFile>
