<?xml version="1.0" encoding="ISO-8859-1" standalone="yes"?>
<TrafficMatrixFile xsi:noNamespaceSchemaLocation="http://totem.run.montefiore.ulg.ac.be/Schema/TrafficMatrix-v1_2.xsd" xmlns:xsi="http://www.w3.org/2001/XMLSchema-instance">
    <IntraTM ASID="11537">
        <src id="ATLA-M5">
            <dst id="ATLA-M5">0</dst>
            <dst id="ATLAng">2009.664</dst>
            <dst id="CHINng">993.202666666667</dst>
            <dst id="DNVRng">0</dst>
            <dst id="HSTNng">26.6666666666667</dst>
            <dst id="IPLSng">132</dst>
            <dst id="KSCYng">107.456</dst>
            <dst id="LOSAng">83.3973333333333</dst>
            <dst id="NYCMng">140.842666666667</dst>
            <dst id="SNVAng">0</dst>
            <dst id="STTLng">112.362666666667</dst>
            <dst id="WASHng">284.392</dst>
        </src>
        <src id="ATLAng">
            <dst id="ATLA-M5">129.290666666667</dst>
            <dst id="ATLAng">27393.0613333333</dst>
            <dst id="CHINng">5761.02933333333</dst>
            <dst id="DNVRng">2976.45333333333</dst>
            <dst id="HSTNng">1235.584</dst>
            <dst id="IPLSng">21154.0373333333</dst>
            <dst id="KSCYng">732.445333333333</dst>
            <dst id="LOSAng">17547.5013333333</dst>
            <dst id="NYCMng">3804.032</dst>
            <dst id="SNVAng">213.706666666667</dst>
            <dst id="STTLng">6875.70666666667</dst>
            <dst id="WASHng">25778.088</dst>
        </src>
        <src id="CHINng">
            <dst id="ATLA-M5">1322.74666666667</dst>
            <dst id="ATLAng">22468.3493333333</dst>
            <dst id="CHINng">47989.648</dst>
            <dst id="DNVRng">10095.6106666667</dst>
            <dst id="HSTNng">14973.5413333333</dst>
            <dst id="IPLSng">22611.624</dst>
            <dst id="KSCYng">6052.60533333333</dst>
            <dst id="LOSAng">51620.072</dst>
            <dst id="NYCMng">11224.648</dst>
            <dst id="SNVAng">3855.18666666667</dst>
            <dst id="STTLng">4743.41866666667</dst>
            <dst id="WASHng">21741.3573333333</dst>
        </src>
        <src id="DNVRng">
            <dst id="ATLA-M5">127.253333333333</dst>
            <dst id="ATLAng">15031.16</dst>
            <dst id="CHINng">44047.576</dst>
            <dst id="DNVRng">16041.7653333333</dst>
            <dst id="HSTNng">19861.3493333333</dst>
            <dst id="IPLSng">32153.6826666667</dst>
            <dst id="KSCYng">29420.728</dst>
            <dst id="LOSAng">28489.816</dst>
            <dst id="NYCMng">15186.9653333333</dst>
            <dst id="SNVAng">8532.824</dst>
            <dst id="STTLng">14165.544</dst>
            <dst id="WASHng">38991.8213333333</dst>
        </src>
        <src id="HSTNng">
            <dst id="ATLA-M5">1218.272</dst>
            <dst id="ATLAng">5157.66666666667</dst>
            <dst id="CHINng">6562.73066666667</dst>
            <dst id="DNVRng">1313.46133333333</dst>
            <dst id="HSTNng">16250.9973333333</dst>
            <dst id="IPLSng">5562.71466666667</dst>
            <dst id="KSCYng">1734.08</dst>
            <dst id="LOSAng">10276.1066666667</dst>
            <dst id="NYCMng">5464.056</dst>
            <dst id="SNVAng">0</dst>
            <dst id="STTLng">1588.14666666667</dst>
            <dst id="WASHng">5124.03466666667</dst>
        </src>
        <src id="IPLSng">
            <dst id="ATLA-M5">53.3333333333333</dst>
            <dst id="ATLAng">26205.568</dst>
            <dst id="CHINng">54059.5093333333</dst>
            <dst id="DNVRng">13591.7386666667</dst>
            <dst id="HSTNng">3951.768</dst>
            <dst id="IPLSng">15197.7706666667</dst>
            <dst id="KSCYng">7847.16</dst>
            <dst id="LOSAng">36618.8506666667</dst>
            <dst id="NYCMng">26497.0746666667</dst>
            <dst id="SNVAng">5989.85866666667</dst>
            <dst id="STTLng">12746.3546666667</dst>
            <dst id="WASHng">7659.06933333333</dst>
        </src>
        <src id="KSCYng">
            <dst id="ATLA-M5">954.752</dst>
            <dst id="ATLAng">3967.55466666667</dst>
            <dst id="CHINng">13076.6613333333</dst>
            <dst id="DNVRng">10887.5973333333</dst>
            <dst id="HSTNng">4282.62933333333</dst>
            <dst id="IPLSng">14747.5653333333</dst>
            <dst id="KSCYng">12963.2186666667</dst>
            <dst id="LOSAng">6545.28</dst>
            <dst id="NYCMng">2665.056</dst>
            <dst id="SNVAng">2608.21333333333</dst>
            <dst id="STTLng">4205.12533333333</dst>
            <dst id="WASHng">14222.1733333333</dst>
        </src>
        <src id="LOSAng">
            <dst id="ATLA-M5">247.664</dst>
            <dst id="ATLAng">22435.1066666667</dst>
            <dst id="CHINng">99450.536</dst>
            <dst id="DNVRng">25945.9173333333</dst>
            <dst id="HSTNng">11661.3173333333</dst>
            <dst id="IPLSng">28721.408</dst>
            <dst id="KSCYng">4972.952</dst>
            <dst id="LOSAng">27605.336</dst>
            <dst id="NYCMng">34032.7413333333</dst>
            <dst id="SNVAng">14102.6586666667</dst>
            <dst id="STTLng">27717.72</dst>
            <dst id="WASHng">28954.3173333333</dst>
        </src>
        <src id="NYCMng">
            <dst id="ATLA-M5">817.853333333333</dst>
            <dst id="ATLAng">19522.152</dst>
            <dst id="CHINng">12952.9866666667</dst>
            <dst id="DNVRng">27385.4853333333</dst>
            <dst id="HSTNng">7135.30666666667</dst>
            <dst id="IPLSng">17100.6933333333</dst>
            <dst id="KSCYng">11072.3066666667</dst>
            <dst id="LOSAng">69584.7413333334</dst>
            <dst id="NYCMng">105793.12</dst>
            <dst id="SNVAng">4733.168</dst>
            <dst id="STTLng">23447.0053333333</dst>
            <dst id="WASHng">50160.7253333333</dst>
        </src>
        <src id="SNVAng">
            <dst id="ATLA-M5">0</dst>
            <dst id="ATLAng">372.352</dst>
            <dst id="CHINng">246.666666666667</dst>
            <dst id="DNVRng">10701.128</dst>
            <dst id="HSTNng">1386.08</dst>
            <dst id="IPLSng">192.698666666667</dst>
            <dst id="KSCYng">26.6666666666667</dst>
            <dst id="LOSAng">70022.8373333333</dst>
            <dst id="NYCMng">260.096</dst>
            <dst id="SNVAng">13071.68</dst>
            <dst id="STTLng">41325.5706666667</dst>
            <dst id="WASHng">295.157333333333</dst>
        </src>
        <src id="STTLng">
            <dst id="ATLA-M5">498.325333333334</dst>
            <dst id="ATLAng">12608.056</dst>
            <dst id="CHINng">13745.0106666667</dst>
            <dst id="DNVRng">3112.92</dst>
            <dst id="HSTNng">4226.28266666667</dst>
            <dst id="IPLSng">5007.032</dst>
            <dst id="KSCYng">2449.60266666667</dst>
            <dst id="LOSAng">69792.472</dst>
            <dst id="NYCMng">11703.5546666667</dst>
            <dst id="SNVAng">5273.768</dst>
            <dst id="STTLng">24733.5626666667</dst>
            <dst id="WASHng">9201.88266666667</dst>
        </src>
        <src id="WASHng">
            <dst id="ATLA-M5">153.397333333333</dst>
            <dst id="ATLAng">77251.92</dst>
            <dst id="CHINng">61711.016</dst>
            <dst id="DNVRng">84678.736</dst>
            <dst id="HSTNng">31895.28</dst>
            <dst id="IPLSng">64834.432</dst>
            <dst id="KSCYng">12080.9973333333</dst>
            <dst id="LOSAng">68474</dst>
            <dst id="NYCMng">170298.984</dst>
            <dst id="SNVAng">3833.94666666667</dst>
            <dst id="STTLng">55307.5946666667</dst>
            <dst id="WASHng">224024.704</dst>
        </src>
    </IntraTM>
</TrafficMatrixFile>
