<?xml version="1.0" encoding="ISO-8859-1" standalone="yes"?>
<TrafficMatrixFile xsi:noNamespaceSchemaLocation="http://totem.run.montefiore.ulg.ac.be/Schema/TrafficMatrix-v1_2.xsd" xmlns:xsi="http://www.w3.org/2001/XMLSchema-instance">
    <IntraTM ASID="11537">
        <src id="ATLA-M5">
            <dst id="ATLA-M5">100.954666666667</dst>
            <dst id="ATLAng">97.3333333333333</dst>
            <dst id="CHINng">116.224</dst>
            <dst id="DNVRng">0</dst>
            <dst id="HSTNng">406.242666666667</dst>
            <dst id="IPLSng">53.3333333333333</dst>
            <dst id="KSCYng">599.621333333333</dst>
            <dst id="LOSAng">89.0026666666667</dst>
            <dst id="NYCMng">53.3333333333333</dst>
            <dst id="SNVAng">13.3333333333333</dst>
            <dst id="STTLng">0</dst>
            <dst id="WASHng">401.8</dst>
        </src>
        <src id="ATLAng">
            <dst id="ATLA-M5">1187.128</dst>
            <dst id="ATLAng">11369.6693333333</dst>
            <dst id="CHINng">24672.4426666667</dst>
            <dst id="DNVRng">4304.54133333333</dst>
            <dst id="HSTNng">10343.8053333333</dst>
            <dst id="IPLSng">36565.8266666667</dst>
            <dst id="KSCYng">5536.62933333333</dst>
            <dst id="LOSAng">11196.812</dst>
            <dst id="NYCMng">9159.78666666667</dst>
            <dst id="SNVAng">869.009333333333</dst>
            <dst id="STTLng">10607.2666666667</dst>
            <dst id="WASHng">48667.7626666667</dst>
        </src>
        <src id="CHINng">
            <dst id="ATLA-M5">231.688</dst>
            <dst id="ATLAng">32419.5253333333</dst>
            <dst id="CHINng">59119.9733333333</dst>
            <dst id="DNVRng">8350.536</dst>
            <dst id="HSTNng">46851.0453333333</dst>
            <dst id="IPLSng">35339.7786666667</dst>
            <dst id="KSCYng">22746.624</dst>
            <dst id="LOSAng">58687.8826666667</dst>
            <dst id="NYCMng">11362.376</dst>
            <dst id="SNVAng">5941.736</dst>
            <dst id="STTLng">9262.30133333333</dst>
            <dst id="WASHng">42051.0373333333</dst>
        </src>
        <src id="DNVRng">
            <dst id="ATLA-M5">253.546666666667</dst>
            <dst id="ATLAng">6690.32</dst>
            <dst id="CHINng">48622.056</dst>
            <dst id="DNVRng">14345.2453333333</dst>
            <dst id="HSTNng">29501.848</dst>
            <dst id="IPLSng">34049.072</dst>
            <dst id="KSCYng">29804.5653333333</dst>
            <dst id="LOSAng">13084.2986666667</dst>
            <dst id="NYCMng">28540.7733333333</dst>
            <dst id="SNVAng">25607.6053333333</dst>
            <dst id="STTLng">9934.088</dst>
            <dst id="WASHng">41922.152</dst>
        </src>
        <src id="HSTNng">
            <dst id="ATLA-M5">2574.72266666667</dst>
            <dst id="ATLAng">12098.592</dst>
            <dst id="CHINng">16860.7813333333</dst>
            <dst id="DNVRng">1370.38933333333</dst>
            <dst id="HSTNng">13946.4693333333</dst>
            <dst id="IPLSng">4215.84</dst>
            <dst id="KSCYng">1763.56</dst>
            <dst id="LOSAng">7648.69066666667</dst>
            <dst id="NYCMng">5308.83466666667</dst>
            <dst id="SNVAng">457.130666666667</dst>
            <dst id="STTLng">7283.84533333333</dst>
            <dst id="WASHng">8593.472</dst>
        </src>
        <src id="IPLSng">
            <dst id="ATLA-M5">168.552</dst>
            <dst id="ATLAng">18856.592</dst>
            <dst id="CHINng">68955.552</dst>
            <dst id="DNVRng">17945.9093333333</dst>
            <dst id="HSTNng">6581.6</dst>
            <dst id="IPLSng">16367.2426666667</dst>
            <dst id="KSCYng">10114.6533333333</dst>
            <dst id="LOSAng">21676.6453333333</dst>
            <dst id="NYCMng">22980.1146666667</dst>
            <dst id="SNVAng">1904.192</dst>
            <dst id="STTLng">15801.672</dst>
            <dst id="WASHng">19564.6266666667</dst>
        </src>
        <src id="KSCYng">
            <dst id="ATLA-M5">53.3333333333333</dst>
            <dst id="ATLAng">2497.14666666667</dst>
            <dst id="CHINng">15776.5253333333</dst>
            <dst id="DNVRng">10981.3093333333</dst>
            <dst id="HSTNng">6130.69866666667</dst>
            <dst id="IPLSng">11960.9813333333</dst>
            <dst id="KSCYng">11030.152</dst>
            <dst id="LOSAng">6812.80533333333</dst>
            <dst id="NYCMng">3252.77333333333</dst>
            <dst id="SNVAng">2603.59466666667</dst>
            <dst id="STTLng">3853.49333333333</dst>
            <dst id="WASHng">18399.6346666667</dst>
        </src>
        <src id="LOSAng">
            <dst id="ATLA-M5">142.106666666667</dst>
            <dst id="ATLAng">45715.032</dst>
            <dst id="CHINng">150385.293333333</dst>
            <dst id="DNVRng">23128.1066666667</dst>
            <dst id="HSTNng">11377.0293333333</dst>
            <dst id="IPLSng">31320.464</dst>
            <dst id="KSCYng">12673.3226666667</dst>
            <dst id="LOSAng">16394.0933333333</dst>
            <dst id="NYCMng">47104.7706666667</dst>
            <dst id="SNVAng">26851.1173333333</dst>
            <dst id="STTLng">20813.3013333333</dst>
            <dst id="WASHng">28718.2853333333</dst>
        </src>
        <src id="NYCMng">
            <dst id="ATLA-M5">257.04</dst>
            <dst id="ATLAng">37439.8</dst>
            <dst id="CHINng">15698.2426666667</dst>
            <dst id="DNVRng">34021.8586666667</dst>
            <dst id="HSTNng">18077.752</dst>
            <dst id="IPLSng">34428.304</dst>
            <dst id="KSCYng">17858.48</dst>
            <dst id="LOSAng">94302.5306666667</dst>
            <dst id="NYCMng">118595.264</dst>
            <dst id="SNVAng">5662.09333333333</dst>
            <dst id="STTLng">30649.5093333333</dst>
            <dst id="WASHng">92634.072</dst>
        </src>
        <src id="SNVAng">
            <dst id="ATLA-M5">0</dst>
            <dst id="ATLAng">0</dst>
            <dst id="CHINng">148.789333333333</dst>
            <dst id="DNVRng">16058.0746666667</dst>
            <dst id="HSTNng">91.1786666666667</dst>
            <dst id="IPLSng">326.408</dst>
            <dst id="KSCYng">315.338666666667</dst>
            <dst id="LOSAng">32518.7013333333</dst>
            <dst id="NYCMng">283.2</dst>
            <dst id="SNVAng">7964.91466666667</dst>
            <dst id="STTLng">32683.536</dst>
            <dst id="WASHng">219.68</dst>
        </src>
        <src id="STTLng">
            <dst id="ATLA-M5">154.976</dst>
            <dst id="ATLAng">15290.0373333333</dst>
            <dst id="CHINng">25722.2373333333</dst>
            <dst id="DNVRng">5898.16266666667</dst>
            <dst id="HSTNng">3185.904</dst>
            <dst id="IPLSng">13589.9973333333</dst>
            <dst id="KSCYng">7997.37066666667</dst>
            <dst id="LOSAng">15639.3066666667</dst>
            <dst id="NYCMng">17367.0586666667</dst>
            <dst id="SNVAng">6633.73866666667</dst>
            <dst id="STTLng">6743.632</dst>
            <dst id="WASHng">17947.584</dst>
        </src>
        <src id="WASHng">
            <dst id="ATLA-M5">450.749333333333</dst>
            <dst id="ATLAng">117106.458666667</dst>
            <dst id="CHINng">68008.384</dst>
            <dst id="DNVRng">72697.0266666667</dst>
            <dst id="HSTNng">26241.5306666667</dst>
            <dst id="IPLSng">68594.7146666667</dst>
            <dst id="KSCYng">29478.0426666667</dst>
            <dst id="LOSAng">93144.7066666667</dst>
            <dst id="NYCMng">145417.464</dst>
            <dst id="SNVAng">10195.28</dst>
            <dst id="STTLng">38428.6666666667</dst>
            <dst id="WASHng">283105.306666667</dst>
        </src>
    </IntraTM>
</TrafficMatrixFile>
