<?xml version="1.0" encoding="ISO-8859-1" standalone="yes"?>
<TrafficMatrixFile xsi:noNamespaceSchemaLocation="http://totem.run.montefiore.ulg.ac.be/Schema/TrafficMatrix-v1_2.xsd" xmlns:xsi="http://www.w3.org/2001/XMLSchema-instance">
    <IntraTM ASID="11537">
        <src id="ATLA-M5">
            <dst id="ATLA-M5">0</dst>
            <dst id="ATLAng">349.290666666667</dst>
            <dst id="CHINng">53.3333333333333</dst>
            <dst id="DNVRng">0</dst>
            <dst id="HSTNng">26.6666666666667</dst>
            <dst id="IPLSng">174.666666666667</dst>
            <dst id="KSCYng">268.554666666667</dst>
            <dst id="LOSAng">270.282666666667</dst>
            <dst id="NYCMng">87.232</dst>
            <dst id="SNVAng">0</dst>
            <dst id="STTLng">53.3333333333333</dst>
            <dst id="WASHng">387.410666666667</dst>
        </src>
        <src id="ATLAng">
            <dst id="ATLA-M5">53.3333333333333</dst>
            <dst id="ATLAng">29244.9866666667</dst>
            <dst id="CHINng">4442.976</dst>
            <dst id="DNVRng">3379.712</dst>
            <dst id="HSTNng">2980.56533333333</dst>
            <dst id="IPLSng">17443.472</dst>
            <dst id="KSCYng">1805.16</dst>
            <dst id="LOSAng">13884.0013333333</dst>
            <dst id="NYCMng">1966.63733333333</dst>
            <dst id="SNVAng">80.6173333333333</dst>
            <dst id="STTLng">7809.256</dst>
            <dst id="WASHng">33033.728</dst>
        </src>
        <src id="CHINng">
            <dst id="ATLA-M5">865.184</dst>
            <dst id="ATLAng">13701.0106666667</dst>
            <dst id="CHINng">39183.168</dst>
            <dst id="DNVRng">22149.1973333333</dst>
            <dst id="HSTNng">9413.84266666667</dst>
            <dst id="IPLSng">21726.952</dst>
            <dst id="KSCYng">7258.248</dst>
            <dst id="LOSAng">43252.032</dst>
            <dst id="NYCMng">10340.168</dst>
            <dst id="SNVAng">3758.72266666667</dst>
            <dst id="STTLng">12887.4346666667</dst>
            <dst id="WASHng">35644.6506666667</dst>
        </src>
        <src id="DNVRng">
            <dst id="ATLA-M5">229.866666666667</dst>
            <dst id="ATLAng">8572.90933333333</dst>
            <dst id="CHINng">51077.7546666667</dst>
            <dst id="DNVRng">17491.136</dst>
            <dst id="HSTNng">17082.1093333333</dst>
            <dst id="IPLSng">26616.4853333333</dst>
            <dst id="KSCYng">29983.6506666667</dst>
            <dst id="LOSAng">26177.4186666667</dst>
            <dst id="NYCMng">14073.5253333333</dst>
            <dst id="SNVAng">26268.9173333333</dst>
            <dst id="STTLng">11356.3813333333</dst>
            <dst id="WASHng">35710.1866666667</dst>
        </src>
        <src id="HSTNng">
            <dst id="ATLA-M5">126.752</dst>
            <dst id="ATLAng">6587.03733333333</dst>
            <dst id="CHINng">11156.488</dst>
            <dst id="DNVRng">1044.67466666667</dst>
            <dst id="HSTNng">13681.6026666667</dst>
            <dst id="IPLSng">1081.464</dst>
            <dst id="KSCYng">2179.30933333333</dst>
            <dst id="LOSAng">8623.64533333333</dst>
            <dst id="NYCMng">2365.29333333333</dst>
            <dst id="SNVAng">53.3333333333333</dst>
            <dst id="STTLng">3115.45066666667</dst>
            <dst id="WASHng">7997.576</dst>
        </src>
        <src id="IPLSng">
            <dst id="ATLA-M5">26.6666666666667</dst>
            <dst id="ATLAng">14350.36</dst>
            <dst id="CHINng">48146.0533333333</dst>
            <dst id="DNVRng">29717.8666666667</dst>
            <dst id="HSTNng">1362.592</dst>
            <dst id="IPLSng">41273.8106666667</dst>
            <dst id="KSCYng">6122.008</dst>
            <dst id="LOSAng">17105.152</dst>
            <dst id="NYCMng">19324.04</dst>
            <dst id="SNVAng">2172.77066666667</dst>
            <dst id="STTLng">12686.5546666667</dst>
            <dst id="WASHng">9650.10933333333</dst>
        </src>
        <src id="KSCYng">
            <dst id="ATLA-M5">920.418666666666</dst>
            <dst id="ATLAng">2595.88266666667</dst>
            <dst id="CHINng">13141.168</dst>
            <dst id="DNVRng">10644.9013333333</dst>
            <dst id="HSTNng">4140.64</dst>
            <dst id="IPLSng">15778.9093333333</dst>
            <dst id="KSCYng">9696.61066666667</dst>
            <dst id="LOSAng">11727.5466666667</dst>
            <dst id="NYCMng">3973.824</dst>
            <dst id="SNVAng">2620.72</dst>
            <dst id="STTLng">5445.82133333333</dst>
            <dst id="WASHng">6576.744</dst>
        </src>
        <src id="LOSAng">
            <dst id="ATLA-M5">26.6666666666667</dst>
            <dst id="ATLAng">16335.592</dst>
            <dst id="CHINng">52981.7653333334</dst>
            <dst id="DNVRng">7318.808</dst>
            <dst id="HSTNng">8733.49866666667</dst>
            <dst id="IPLSng">15455.984</dst>
            <dst id="KSCYng">3524.84</dst>
            <dst id="LOSAng">107585.688</dst>
            <dst id="NYCMng">29264.1893333333</dst>
            <dst id="SNVAng">19238.2586666667</dst>
            <dst id="STTLng">22359.536</dst>
            <dst id="WASHng">23925.4293333333</dst>
        </src>
        <src id="NYCMng">
            <dst id="ATLA-M5">309.693333333333</dst>
            <dst id="ATLAng">19957.992</dst>
            <dst id="CHINng">22689.3226666667</dst>
            <dst id="DNVRng">27195.3093333333</dst>
            <dst id="HSTNng">10909.5893333333</dst>
            <dst id="IPLSng">15257.2026666667</dst>
            <dst id="KSCYng">10877.2133333333</dst>
            <dst id="LOSAng">74115.128</dst>
            <dst id="NYCMng">55647.0106666667</dst>
            <dst id="SNVAng">3400.096</dst>
            <dst id="STTLng">25693.56</dst>
            <dst id="WASHng">43476.1626666667</dst>
        </src>
        <src id="SNVAng">
            <dst id="ATLA-M5">0</dst>
            <dst id="ATLAng">749.92</dst>
            <dst id="CHINng">26.6666666666667</dst>
            <dst id="DNVRng">8477.64266666666</dst>
            <dst id="HSTNng">1941.06666666667</dst>
            <dst id="IPLSng">180.469333333333</dst>
            <dst id="KSCYng">26.6666666666667</dst>
            <dst id="LOSAng">36761.5813333333</dst>
            <dst id="NYCMng">299.424</dst>
            <dst id="SNVAng">9522.40533333333</dst>
            <dst id="STTLng">37962.688</dst>
            <dst id="WASHng">613.152</dst>
        </src>
        <src id="STTLng">
            <dst id="ATLA-M5">604.864</dst>
            <dst id="ATLAng">11637.9813333333</dst>
            <dst id="CHINng">12213.504</dst>
            <dst id="DNVRng">3170.65333333333</dst>
            <dst id="HSTNng">3570.63466666667</dst>
            <dst id="IPLSng">4802.37066666667</dst>
            <dst id="KSCYng">2839.08266666667</dst>
            <dst id="LOSAng">19132.0373333333</dst>
            <dst id="NYCMng">10313.1493333333</dst>
            <dst id="SNVAng">10948.0026666667</dst>
            <dst id="STTLng">24618.0213333333</dst>
            <dst id="WASHng">9764.57066666667</dst>
        </src>
        <src id="WASHng">
            <dst id="ATLA-M5">241.944</dst>
            <dst id="ATLAng">98997.7706666667</dst>
            <dst id="CHINng">87423.784</dst>
            <dst id="DNVRng">61344.0826666667</dst>
            <dst id="HSTNng">63263.912</dst>
            <dst id="IPLSng">44444.904</dst>
            <dst id="KSCYng">12151.112</dst>
            <dst id="LOSAng">71107.992</dst>
            <dst id="NYCMng">166885.645333333</dst>
            <dst id="SNVAng">3211.528</dst>
            <dst id="STTLng">53980.5546666667</dst>
            <dst id="WASHng">223168.88</dst>
        </src>
    </IntraTM>
</TrafficMatrixFile>
