<?xml version="1.0" encoding="ISO-8859-1" standalone="yes"?>
<TrafficMatrixFile xsi:noNamespaceSchemaLocation="http://totem.run.montefiore.ulg.ac.be/Schema/TrafficMatrix-v1_2.xsd" xmlns:xsi="http://www.w3.org/2001/XMLSchema-instance">
    <IntraTM ASID="11537">
        <src id="ATLA-M5">
            <dst id="ATLA-M5">0</dst>
            <dst id="ATLAng">40.224</dst>
            <dst id="CHINng">1059.92533333333</dst>
            <dst id="DNVRng">0</dst>
            <dst id="HSTNng">106.821333333333</dst>
            <dst id="IPLSng">715.653333333333</dst>
            <dst id="KSCYng">234.8</dst>
            <dst id="LOSAng">173.288</dst>
            <dst id="NYCMng">74.9866666666667</dst>
            <dst id="SNVAng">17.0933333333333</dst>
            <dst id="STTLng">121.749333333333</dst>
            <dst id="WASHng">202.416</dst>
        </src>
        <src id="ATLAng">
            <dst id="ATLA-M5">198.032</dst>
            <dst id="ATLAng">23858.328</dst>
            <dst id="CHINng">10134.2666666667</dst>
            <dst id="DNVRng">3504.43733333333</dst>
            <dst id="HSTNng">2595.23466666667</dst>
            <dst id="IPLSng">27123.16</dst>
            <dst id="KSCYng">5674.82133333333</dst>
            <dst id="LOSAng">15327.1346666667</dst>
            <dst id="NYCMng">5552.03733333333</dst>
            <dst id="SNVAng">704.854666666667</dst>
            <dst id="STTLng">5417.33333333333</dst>
            <dst id="WASHng">34239.3573333333</dst>
        </src>
        <src id="CHINng">
            <dst id="ATLA-M5">2945.00533333333</dst>
            <dst id="ATLAng">16687.536</dst>
            <dst id="CHINng">62286.0773333333</dst>
            <dst id="DNVRng">7428.18933333333</dst>
            <dst id="HSTNng">5584.74666666667</dst>
            <dst id="IPLSng">22472.072</dst>
            <dst id="KSCYng">4430.4</dst>
            <dst id="LOSAng">56628.4293333333</dst>
            <dst id="NYCMng">11842.7253333333</dst>
            <dst id="SNVAng">7253.744</dst>
            <dst id="STTLng">9384.02133333333</dst>
            <dst id="WASHng">24422.3066666667</dst>
        </src>
        <src id="DNVRng">
            <dst id="ATLA-M5">123.626666666667</dst>
            <dst id="ATLAng">9749.376</dst>
            <dst id="CHINng">35948.9386666667</dst>
            <dst id="DNVRng">5699.736</dst>
            <dst id="HSTNng">10476.3493333333</dst>
            <dst id="IPLSng">27548.1813333333</dst>
            <dst id="KSCYng">11263.568</dst>
            <dst id="LOSAng">25154.3733333333</dst>
            <dst id="NYCMng">16988.552</dst>
            <dst id="SNVAng">17977.5866666667</dst>
            <dst id="STTLng">14737.696</dst>
            <dst id="WASHng">38813.76</dst>
        </src>
        <src id="HSTNng">
            <dst id="ATLA-M5">3472.93866666667</dst>
            <dst id="ATLAng">10352.8053333333</dst>
            <dst id="CHINng">18555.0106666667</dst>
            <dst id="DNVRng">899.928</dst>
            <dst id="HSTNng">12587.3146666667</dst>
            <dst id="IPLSng">2804.53866666667</dst>
            <dst id="KSCYng">1296.11733333333</dst>
            <dst id="LOSAng">13871.096</dst>
            <dst id="NYCMng">2780.95466666667</dst>
            <dst id="SNVAng">0</dst>
            <dst id="STTLng">2386.18933333333</dst>
            <dst id="WASHng">12436.8266666667</dst>
        </src>
        <src id="IPLSng">
            <dst id="ATLA-M5">188.106666666667</dst>
            <dst id="ATLAng">15390.696</dst>
            <dst id="CHINng">64572.4773333333</dst>
            <dst id="DNVRng">10501.6613333333</dst>
            <dst id="HSTNng">2889.576</dst>
            <dst id="IPLSng">13547.5093333333</dst>
            <dst id="KSCYng">3425.48533333333</dst>
            <dst id="LOSAng">31374.0266666667</dst>
            <dst id="NYCMng">23995.0906666667</dst>
            <dst id="SNVAng">2299.328</dst>
            <dst id="STTLng">14527.3226666667</dst>
            <dst id="WASHng">13024.5146666667</dst>
        </src>
        <src id="KSCYng">
            <dst id="ATLA-M5">720.394666666667</dst>
            <dst id="ATLAng">2844.704</dst>
            <dst id="CHINng">14773.2986666667</dst>
            <dst id="DNVRng">8162.03466666667</dst>
            <dst id="HSTNng">3696.68533333333</dst>
            <dst id="IPLSng">10452.9066666667</dst>
            <dst id="KSCYng">7086.11733333333</dst>
            <dst id="LOSAng">6802.44533333333</dst>
            <dst id="NYCMng">3348.872</dst>
            <dst id="SNVAng">3115.49333333333</dst>
            <dst id="STTLng">4870.62933333333</dst>
            <dst id="WASHng">15111.48</dst>
        </src>
        <src id="LOSAng">
            <dst id="ATLA-M5">109.514666666667</dst>
            <dst id="ATLAng">24412.3386666667</dst>
            <dst id="CHINng">277323.733333333</dst>
            <dst id="DNVRng">23621.5626666667</dst>
            <dst id="HSTNng">7926.50933333333</dst>
            <dst id="IPLSng">12350.6773333333</dst>
            <dst id="KSCYng">6022.53333333333</dst>
            <dst id="LOSAng">19039.6026666667</dst>
            <dst id="NYCMng">36914.1466666667</dst>
            <dst id="SNVAng">29977.2373333333</dst>
            <dst id="STTLng">24968.8213333333</dst>
            <dst id="WASHng">39398.248</dst>
        </src>
        <src id="NYCMng">
            <dst id="ATLA-M5">3984.81066666667</dst>
            <dst id="ATLAng">20885.68</dst>
            <dst id="CHINng">12367.32</dst>
            <dst id="DNVRng">28603.344</dst>
            <dst id="HSTNng">12054.1653333333</dst>
            <dst id="IPLSng">22125.5306666667</dst>
            <dst id="KSCYng">14761.7546666667</dst>
            <dst id="LOSAng">74324.8746666667</dst>
            <dst id="NYCMng">86688.5786666667</dst>
            <dst id="SNVAng">4367.952</dst>
            <dst id="STTLng">22960.7093333333</dst>
            <dst id="WASHng">40519.408</dst>
        </src>
        <src id="SNVAng">
            <dst id="ATLA-M5">0</dst>
            <dst id="ATLAng">27.552</dst>
            <dst id="CHINng">0</dst>
            <dst id="DNVRng">9763.59733333333</dst>
            <dst id="HSTNng">2360.92266666667</dst>
            <dst id="IPLSng">300.072</dst>
            <dst id="KSCYng">26.6666666666667</dst>
            <dst id="LOSAng">37633.968</dst>
            <dst id="NYCMng">238.802666666667</dst>
            <dst id="SNVAng">11424.8186666667</dst>
            <dst id="STTLng">32870.792</dst>
            <dst id="WASHng">698.514666666667</dst>
        </src>
        <src id="STTLng">
            <dst id="ATLA-M5">244.938666666667</dst>
            <dst id="ATLAng">10201.328</dst>
            <dst id="CHINng">19094.232</dst>
            <dst id="DNVRng">4091.13066666667</dst>
            <dst id="HSTNng">6019.704</dst>
            <dst id="IPLSng">6343.088</dst>
            <dst id="KSCYng">7019.46933333333</dst>
            <dst id="LOSAng">33206.032</dst>
            <dst id="NYCMng">11356.7333333333</dst>
            <dst id="SNVAng">4542.768</dst>
            <dst id="STTLng">17734.5573333333</dst>
            <dst id="WASHng">14735.6186666667</dst>
        </src>
        <src id="WASHng">
            <dst id="ATLA-M5">138.445333333333</dst>
            <dst id="ATLAng">86192.1946666667</dst>
            <dst id="CHINng">46653.6933333333</dst>
            <dst id="DNVRng">75015.984</dst>
            <dst id="HSTNng">34421.208</dst>
            <dst id="IPLSng">49195.0346666667</dst>
            <dst id="KSCYng">11716.9946666667</dst>
            <dst id="LOSAng">74475.1866666667</dst>
            <dst id="NYCMng">137124.202666667</dst>
            <dst id="SNVAng">6606.712</dst>
            <dst id="STTLng">51889.2533333333</dst>
            <dst id="WASHng">186662.448</dst>
        </src>
    </IntraTM>
</TrafficMatrixFile>
