<?xml version="1.0" encoding="ISO-8859-1" standalone="yes"?>
<TrafficMatrixFile xsi:noNamespaceSchemaLocation="http://totem.run.montefiore.ulg.ac.be/Schema/TrafficMatrix-v1_2.xsd" xmlns:xsi="http://www.w3.org/2001/XMLSchema-instance">
    <IntraTM ASID="11537">
        <src id="ATLA-M5">
            <dst id="ATLA-M5">26.6666666666667</dst>
            <dst id="ATLAng">58.6666666666667</dst>
            <dst id="CHINng">8685.36</dst>
            <dst id="DNVRng">0</dst>
            <dst id="HSTNng">53.3333333333333</dst>
            <dst id="IPLSng">104</dst>
            <dst id="KSCYng">471.354666666667</dst>
            <dst id="LOSAng">380.757333333333</dst>
            <dst id="NYCMng">26.6666666666667</dst>
            <dst id="SNVAng">13.3333333333333</dst>
            <dst id="STTLng">26.6666666666667</dst>
            <dst id="WASHng">418.570666666667</dst>
        </src>
        <src id="ATLAng">
            <dst id="ATLA-M5">257.130666666667</dst>
            <dst id="ATLAng">33250.496</dst>
            <dst id="CHINng">6389.96266666667</dst>
            <dst id="DNVRng">5121.66933333333</dst>
            <dst id="HSTNng">687.416</dst>
            <dst id="IPLSng">12835.7226666667</dst>
            <dst id="KSCYng">493.08</dst>
            <dst id="LOSAng">11697.6826666667</dst>
            <dst id="NYCMng">5947.65866666667</dst>
            <dst id="SNVAng">26.6666666666667</dst>
            <dst id="STTLng">5081.82666666667</dst>
            <dst id="WASHng">19118.216</dst>
        </src>
        <src id="CHINng">
            <dst id="ATLA-M5">801.381333333333</dst>
            <dst id="ATLAng">12107.0106666667</dst>
            <dst id="CHINng">70447.9306666667</dst>
            <dst id="DNVRng">20476.2666666667</dst>
            <dst id="HSTNng">8027.73866666667</dst>
            <dst id="IPLSng">55628.464</dst>
            <dst id="KSCYng">10176.4106666667</dst>
            <dst id="LOSAng">70614.4453333333</dst>
            <dst id="NYCMng">9317.80266666667</dst>
            <dst id="SNVAng">2909.57066666667</dst>
            <dst id="STTLng">8962.776</dst>
            <dst id="WASHng">30440.3013333333</dst>
        </src>
        <src id="DNVRng">
            <dst id="ATLA-M5">212.186666666667</dst>
            <dst id="ATLAng">8861.42666666667</dst>
            <dst id="CHINng">40450.0826666667</dst>
            <dst id="DNVRng">15548.8266666667</dst>
            <dst id="HSTNng">15942.9173333333</dst>
            <dst id="IPLSng">26280.2613333333</dst>
            <dst id="KSCYng">22923.4613333333</dst>
            <dst id="LOSAng">28212.264</dst>
            <dst id="NYCMng">12688.3733333333</dst>
            <dst id="SNVAng">12928.216</dst>
            <dst id="STTLng">13759.7466666667</dst>
            <dst id="WASHng">37661.4666666667</dst>
        </src>
        <src id="HSTNng">
            <dst id="ATLA-M5">216.437333333333</dst>
            <dst id="ATLAng">3453.056</dst>
            <dst id="CHINng">7893.024</dst>
            <dst id="DNVRng">988.789333333333</dst>
            <dst id="HSTNng">11932.5493333333</dst>
            <dst id="IPLSng">5037.44533333333</dst>
            <dst id="KSCYng">1650.13066666667</dst>
            <dst id="LOSAng">6096.68266666667</dst>
            <dst id="NYCMng">4406.6</dst>
            <dst id="SNVAng">0</dst>
            <dst id="STTLng">1584.152</dst>
            <dst id="WASHng">11668.9386666667</dst>
        </src>
        <src id="IPLSng">
            <dst id="ATLA-M5">26.6666666666667</dst>
            <dst id="ATLAng">19677.408</dst>
            <dst id="CHINng">38492.512</dst>
            <dst id="DNVRng">21056.1013333333</dst>
            <dst id="HSTNng">1355.78666666667</dst>
            <dst id="IPLSng">31655.976</dst>
            <dst id="KSCYng">7150.04533333333</dst>
            <dst id="LOSAng">20792.8906666667</dst>
            <dst id="NYCMng">29198.6373333333</dst>
            <dst id="SNVAng">2291.42666666667</dst>
            <dst id="STTLng">15278.8693333333</dst>
            <dst id="WASHng">8668.97333333333</dst>
        </src>
        <src id="KSCYng">
            <dst id="ATLA-M5">1042.50933333333</dst>
            <dst id="ATLAng">2390.45866666667</dst>
            <dst id="CHINng">12322.6186666667</dst>
            <dst id="DNVRng">10708.8453333333</dst>
            <dst id="HSTNng">3891.39733333333</dst>
            <dst id="IPLSng">11156.2906666667</dst>
            <dst id="KSCYng">12717.024</dst>
            <dst id="LOSAng">6805.688</dst>
            <dst id="NYCMng">2091.90666666667</dst>
            <dst id="SNVAng">2593.03466666667</dst>
            <dst id="STTLng">7059.45866666666</dst>
            <dst id="WASHng">7488.18133333333</dst>
        </src>
        <src id="LOSAng">
            <dst id="ATLA-M5">92.9146666666667</dst>
            <dst id="ATLAng">13167.456</dst>
            <dst id="CHINng">51937.52</dst>
            <dst id="DNVRng">6795.32</dst>
            <dst id="HSTNng">11496.216</dst>
            <dst id="IPLSng">20066.1973333333</dst>
            <dst id="KSCYng">3493.016</dst>
            <dst id="LOSAng">83944.424</dst>
            <dst id="NYCMng">29006.616</dst>
            <dst id="SNVAng">12028.1866666667</dst>
            <dst id="STTLng">29858.7813333333</dst>
            <dst id="WASHng">28150.232</dst>
        </src>
        <src id="NYCMng">
            <dst id="ATLA-M5">173.826666666667</dst>
            <dst id="ATLAng">21327.0373333333</dst>
            <dst id="CHINng">10770.2106666667</dst>
            <dst id="DNVRng">24737.3413333333</dst>
            <dst id="HSTNng">10794.1173333333</dst>
            <dst id="IPLSng">15487.7173333333</dst>
            <dst id="KSCYng">8181.17333333333</dst>
            <dst id="LOSAng">68428.408</dst>
            <dst id="NYCMng">77074.584</dst>
            <dst id="SNVAng">1702.10666666667</dst>
            <dst id="STTLng">21151.9653333333</dst>
            <dst id="WASHng">58382.9093333333</dst>
        </src>
        <src id="SNVAng">
            <dst id="ATLA-M5">0</dst>
            <dst id="ATLAng">765.493333333333</dst>
            <dst id="CHINng">26.6666666666667</dst>
            <dst id="DNVRng">16804.784</dst>
            <dst id="HSTNng">935.466666666666</dst>
            <dst id="IPLSng">240.778666666667</dst>
            <dst id="KSCYng">26.6666666666667</dst>
            <dst id="LOSAng">37678.9786666667</dst>
            <dst id="NYCMng">264.373333333333</dst>
            <dst id="SNVAng">8145.016</dst>
            <dst id="STTLng">35003.8773333333</dst>
            <dst id="WASHng">26.6666666666667</dst>
        </src>
        <src id="STTLng">
            <dst id="ATLA-M5">74.2826666666667</dst>
            <dst id="ATLAng">9594.376</dst>
            <dst id="CHINng">9916.95733333333</dst>
            <dst id="DNVRng">3656.63733333333</dst>
            <dst id="HSTNng">3617.42933333333</dst>
            <dst id="IPLSng">6548.50666666667</dst>
            <dst id="KSCYng">2543.68533333333</dst>
            <dst id="LOSAng">423223.68</dst>
            <dst id="NYCMng">11445.104</dst>
            <dst id="SNVAng">3641.17066666667</dst>
            <dst id="STTLng">23151.0506666667</dst>
            <dst id="WASHng">8955.69333333333</dst>
        </src>
        <src id="WASHng">
            <dst id="ATLA-M5">864</dst>
            <dst id="ATLAng">94148.4586666667</dst>
            <dst id="CHINng">94029.096</dst>
            <dst id="DNVRng">69278.2106666667</dst>
            <dst id="HSTNng">30446.4746666667</dst>
            <dst id="IPLSng">51790.424</dst>
            <dst id="KSCYng">14110.7226666667</dst>
            <dst id="LOSAng">70901.8693333333</dst>
            <dst id="NYCMng">167373.384</dst>
            <dst id="SNVAng">1909.12533333333</dst>
            <dst id="STTLng">47295.528</dst>
            <dst id="WASHng">258307.784</dst>
        </src>
    </IntraTM>
</TrafficMatrixFile>
