<?xml version="1.0" encoding="ISO-8859-1" standalone="yes"?>
<TrafficMatrixFile xsi:noNamespaceSchemaLocation="http://totem.run.montefiore.ulg.ac.be/Schema/TrafficMatrix-v1_2.xsd" xmlns:xsi="http://www.w3.org/2001/XMLSchema-instance">
    <IntraTM ASID="11537">
        <src id="ATLA-M5">
            <dst id="ATLA-M5">26.6666666666667</dst>
            <dst id="ATLAng">1888.56533333333</dst>
            <dst id="CHINng">79.9813333333333</dst>
            <dst id="DNVRng">26.6666666666667</dst>
            <dst id="HSTNng">26.6666666666667</dst>
            <dst id="IPLSng">26.6666666666667</dst>
            <dst id="KSCYng">156.962666666667</dst>
            <dst id="LOSAng">198.818666666667</dst>
            <dst id="NYCMng">0</dst>
            <dst id="SNVAng">13.3333333333333</dst>
            <dst id="STTLng">40</dst>
            <dst id="WASHng">314.858666666667</dst>
        </src>
        <src id="ATLAng">
            <dst id="ATLA-M5">845.104</dst>
            <dst id="ATLAng">57031.5973333333</dst>
            <dst id="CHINng">4265.94666666667</dst>
            <dst id="DNVRng">2413.94666666667</dst>
            <dst id="HSTNng">2212.88533333333</dst>
            <dst id="IPLSng">21224.6453333333</dst>
            <dst id="KSCYng">1556.82666666667</dst>
            <dst id="LOSAng">9986.776</dst>
            <dst id="NYCMng">3257.6</dst>
            <dst id="SNVAng">1051.784</dst>
            <dst id="STTLng">7691.10133333333</dst>
            <dst id="WASHng">24801.5013333333</dst>
        </src>
        <src id="CHINng">
            <dst id="ATLA-M5">205.053333333333</dst>
            <dst id="ATLAng">28273.8053333333</dst>
            <dst id="CHINng">46401.176</dst>
            <dst id="DNVRng">5950.056</dst>
            <dst id="HSTNng">8859.18133333334</dst>
            <dst id="IPLSng">23280.6613333333</dst>
            <dst id="KSCYng">8801.23466666667</dst>
            <dst id="LOSAng">40656.8453333333</dst>
            <dst id="NYCMng">12077.5386666667</dst>
            <dst id="SNVAng">7452.69333333333</dst>
            <dst id="STTLng">11615.896</dst>
            <dst id="WASHng">23319.712</dst>
        </src>
        <src id="DNVRng">
            <dst id="ATLA-M5">297.514666666667</dst>
            <dst id="ATLAng">7381.74666666667</dst>
            <dst id="CHINng">48636.6346666667</dst>
            <dst id="DNVRng">12777.7066666667</dst>
            <dst id="HSTNng">15023.3653333333</dst>
            <dst id="IPLSng">48704.736</dst>
            <dst id="KSCYng">17375.3093333333</dst>
            <dst id="LOSAng">19877.3893333333</dst>
            <dst id="NYCMng">17622.0453333333</dst>
            <dst id="SNVAng">13702.1013333333</dst>
            <dst id="STTLng">29047.384</dst>
            <dst id="WASHng">38401.936</dst>
        </src>
        <src id="HSTNng">
            <dst id="ATLA-M5">159.018666666667</dst>
            <dst id="ATLAng">6000.98133333333</dst>
            <dst id="CHINng">28416.096</dst>
            <dst id="DNVRng">960.341333333333</dst>
            <dst id="HSTNng">18953.1866666667</dst>
            <dst id="IPLSng">5483.456</dst>
            <dst id="KSCYng">1300.824</dst>
            <dst id="LOSAng">3591.90133333333</dst>
            <dst id="NYCMng">1821.44</dst>
            <dst id="SNVAng">76.256</dst>
            <dst id="STTLng">3061.78666666667</dst>
            <dst id="WASHng">16618.6213333333</dst>
        </src>
        <src id="IPLSng">
            <dst id="ATLA-M5">32.3866666666667</dst>
            <dst id="ATLAng">27683.864</dst>
            <dst id="CHINng">52649.7466666667</dst>
            <dst id="DNVRng">9725.50933333333</dst>
            <dst id="HSTNng">1758.112</dst>
            <dst id="IPLSng">24118.7546666667</dst>
            <dst id="KSCYng">4950.82933333333</dst>
            <dst id="LOSAng">19930.2</dst>
            <dst id="NYCMng">20386.9653333333</dst>
            <dst id="SNVAng">2240.20533333333</dst>
            <dst id="STTLng">12346.256</dst>
            <dst id="WASHng">14550.3013333333</dst>
        </src>
        <src id="KSCYng">
            <dst id="ATLA-M5">0</dst>
            <dst id="ATLAng">2516.76266666667</dst>
            <dst id="CHINng">20335.568</dst>
            <dst id="DNVRng">11807.1226666667</dst>
            <dst id="HSTNng">11689.0933333333</dst>
            <dst id="IPLSng">17524.6186666667</dst>
            <dst id="KSCYng">4469.24</dst>
            <dst id="LOSAng">8604.792</dst>
            <dst id="NYCMng">4464.976</dst>
            <dst id="SNVAng">3959.29866666667</dst>
            <dst id="STTLng">4982.98666666667</dst>
            <dst id="WASHng">10418.5893333333</dst>
        </src>
        <src id="LOSAng">
            <dst id="ATLA-M5">1517.08266666667</dst>
            <dst id="ATLAng">21646.544</dst>
            <dst id="CHINng">79051.24</dst>
            <dst id="DNVRng">36607.184</dst>
            <dst id="HSTNng">7137.12266666667</dst>
            <dst id="IPLSng">14852.9813333333</dst>
            <dst id="KSCYng">6358.592</dst>
            <dst id="LOSAng">17733.3306666667</dst>
            <dst id="NYCMng">30007.2373333333</dst>
            <dst id="SNVAng">11931.3786666667</dst>
            <dst id="STTLng">22776.0826666667</dst>
            <dst id="WASHng">33280.5786666667</dst>
        </src>
        <src id="NYCMng">
            <dst id="ATLA-M5">671.165333333333</dst>
            <dst id="ATLAng">28078.8853333333</dst>
            <dst id="CHINng">19882.9386666667</dst>
            <dst id="DNVRng">44042.336</dst>
            <dst id="HSTNng">12429.208</dst>
            <dst id="IPLSng">31349.08</dst>
            <dst id="KSCYng">8130.05333333333</dst>
            <dst id="LOSAng">82585.8213333333</dst>
            <dst id="NYCMng">112319.784</dst>
            <dst id="SNVAng">6034.16533333333</dst>
            <dst id="STTLng">29695.5946666667</dst>
            <dst id="WASHng">74922.7013333333</dst>
        </src>
        <src id="SNVAng">
            <dst id="ATLA-M5">0</dst>
            <dst id="ATLAng">51.936</dst>
            <dst id="CHINng">26.6666666666667</dst>
            <dst id="DNVRng">7297.496</dst>
            <dst id="HSTNng">90.0266666666666</dst>
            <dst id="IPLSng">219.410666666667</dst>
            <dst id="KSCYng">26.6666666666667</dst>
            <dst id="LOSAng">43630.704</dst>
            <dst id="NYCMng">494.88</dst>
            <dst id="SNVAng">6102.704</dst>
            <dst id="STTLng">31162.7573333333</dst>
            <dst id="WASHng">53.3333333333333</dst>
        </src>
        <src id="STTLng">
            <dst id="ATLA-M5">0</dst>
            <dst id="ATLAng">10163.752</dst>
            <dst id="CHINng">13497.16</dst>
            <dst id="DNVRng">4443.98933333333</dst>
            <dst id="HSTNng">4554.46933333333</dst>
            <dst id="IPLSng">5829.41333333333</dst>
            <dst id="KSCYng">3224.48533333333</dst>
            <dst id="LOSAng">24539.784</dst>
            <dst id="NYCMng">9630.62933333333</dst>
            <dst id="SNVAng">5742.74666666667</dst>
            <dst id="STTLng">3481.624</dst>
            <dst id="WASHng">6443.816</dst>
        </src>
        <src id="WASHng">
            <dst id="ATLA-M5">141.272</dst>
            <dst id="ATLAng">123090.797333333</dst>
            <dst id="CHINng">55452.9333333333</dst>
            <dst id="DNVRng">75026.8453333333</dst>
            <dst id="HSTNng">16068.168</dst>
            <dst id="IPLSng">52279.4053333333</dst>
            <dst id="KSCYng">6213.06133333333</dst>
            <dst id="LOSAng">60271.68</dst>
            <dst id="NYCMng">161330.626666667</dst>
            <dst id="SNVAng">14877.24</dst>
            <dst id="STTLng">64113.8773333333</dst>
            <dst id="WASHng">224995.632</dst>
        </src>
    </IntraTM>
</TrafficMatrixFile>
