<?xml version="1.0" encoding="ISO-8859-1" standalone="yes"?>
<TrafficMatrixFile xsi:noNamespaceSchemaLocation="http://totem.run.montefiore.ulg.ac.be/Schema/TrafficMatrix-v1_2.xsd" xmlns:xsi="http://www.w3.org/2001/XMLSchema-instance">
    <IntraTM ASID="11537">
        <src id="ATLA-M5">
            <dst id="ATLA-M5">105.664</dst>
            <dst id="ATLAng">147.04</dst>
            <dst id="CHINng">199.592</dst>
            <dst id="DNVRng">53.3333333333333</dst>
            <dst id="HSTNng">127.064</dst>
            <dst id="IPLSng">94.448</dst>
            <dst id="KSCYng">36</dst>
            <dst id="LOSAng">155.690666666667</dst>
            <dst id="NYCMng">26.6666666666667</dst>
            <dst id="SNVAng">0</dst>
            <dst id="STTLng">26.6666666666667</dst>
            <dst id="WASHng">489.576</dst>
        </src>
        <src id="ATLAng">
            <dst id="ATLA-M5">270.024</dst>
            <dst id="ATLAng">11662.1466666667</dst>
            <dst id="CHINng">14378.0906666667</dst>
            <dst id="DNVRng">3241.264</dst>
            <dst id="HSTNng">8798.55466666667</dst>
            <dst id="IPLSng">27634.984</dst>
            <dst id="KSCYng">1667.096</dst>
            <dst id="LOSAng">7936.88266666667</dst>
            <dst id="NYCMng">10599.6186666667</dst>
            <dst id="SNVAng">1419.38133333333</dst>
            <dst id="STTLng">12812.232</dst>
            <dst id="WASHng">44813.1626666667</dst>
        </src>
        <src id="CHINng">
            <dst id="ATLA-M5">349.928</dst>
            <dst id="ATLAng">31709.8586666667</dst>
            <dst id="CHINng">65049.4133333333</dst>
            <dst id="DNVRng">20268.744</dst>
            <dst id="HSTNng">12550.9893333333</dst>
            <dst id="IPLSng">51272.2773333333</dst>
            <dst id="KSCYng">6373.12266666667</dst>
            <dst id="LOSAng">52974.4613333333</dst>
            <dst id="NYCMng">15145.832</dst>
            <dst id="SNVAng">4382.12266666667</dst>
            <dst id="STTLng">12428.8853333333</dst>
            <dst id="WASHng">36986.6</dst>
        </src>
        <src id="DNVRng">
            <dst id="ATLA-M5">1070.75733333333</dst>
            <dst id="ATLAng">6654.46666666667</dst>
            <dst id="CHINng">45514.84</dst>
            <dst id="DNVRng">18129.1066666667</dst>
            <dst id="HSTNng">25244.5013333333</dst>
            <dst id="IPLSng">35991.8106666667</dst>
            <dst id="KSCYng">19313.608</dst>
            <dst id="LOSAng">12695.8826666667</dst>
            <dst id="NYCMng">17525.3066666667</dst>
            <dst id="SNVAng">25081.6666666667</dst>
            <dst id="STTLng">6151.89333333333</dst>
            <dst id="WASHng">48454.16</dst>
        </src>
        <src id="HSTNng">
            <dst id="ATLA-M5">3521.20533333333</dst>
            <dst id="ATLAng">16522.056</dst>
            <dst id="CHINng">10250.4533333333</dst>
            <dst id="DNVRng">2138.91466666667</dst>
            <dst id="HSTNng">14147.4133333333</dst>
            <dst id="IPLSng">1904.30133333333</dst>
            <dst id="KSCYng">1978.408</dst>
            <dst id="LOSAng">4220.67466666667</dst>
            <dst id="NYCMng">13917.6346666667</dst>
            <dst id="SNVAng">705.962666666667</dst>
            <dst id="STTLng">8256.37066666667</dst>
            <dst id="WASHng">6927.088</dst>
        </src>
        <src id="IPLSng">
            <dst id="ATLA-M5">121.770666666667</dst>
            <dst id="ATLAng">32315.0053333333</dst>
            <dst id="CHINng">69687.4266666667</dst>
            <dst id="DNVRng">33045.216</dst>
            <dst id="HSTNng">1648.632</dst>
            <dst id="IPLSng">13367.3306666667</dst>
            <dst id="KSCYng">14163.7493333333</dst>
            <dst id="LOSAng">30090.304</dst>
            <dst id="NYCMng">28516.3226666667</dst>
            <dst id="SNVAng">10588.8453333333</dst>
            <dst id="STTLng">24161.272</dst>
            <dst id="WASHng">18312.552</dst>
        </src>
        <src id="KSCYng">
            <dst id="ATLA-M5">37.3173333333333</dst>
            <dst id="ATLAng">1952.152</dst>
            <dst id="CHINng">15694.8373333333</dst>
            <dst id="DNVRng">12469.4613333333</dst>
            <dst id="HSTNng">2911.83733333333</dst>
            <dst id="IPLSng">10890.112</dst>
            <dst id="KSCYng">11144.28</dst>
            <dst id="LOSAng">14483.192</dst>
            <dst id="NYCMng">3944.088</dst>
            <dst id="SNVAng">2771.58133333333</dst>
            <dst id="STTLng">7908.12533333334</dst>
            <dst id="WASHng">14832.8106666667</dst>
        </src>
        <src id="LOSAng">
            <dst id="ATLA-M5">375.786666666667</dst>
            <dst id="ATLAng">18291.08</dst>
            <dst id="CHINng">107126.368</dst>
            <dst id="DNVRng">34513.0453333333</dst>
            <dst id="HSTNng">5895.65333333333</dst>
            <dst id="IPLSng">26390.8533333333</dst>
            <dst id="KSCYng">8011.904</dst>
            <dst id="LOSAng">19740.2933333333</dst>
            <dst id="NYCMng">45352.0773333333</dst>
            <dst id="SNVAng">18002.7306666667</dst>
            <dst id="STTLng">24240.648</dst>
            <dst id="WASHng">33155.9173333333</dst>
        </src>
        <src id="NYCMng">
            <dst id="ATLA-M5">915.36</dst>
            <dst id="ATLAng">43261.5733333333</dst>
            <dst id="CHINng">19639.4</dst>
            <dst id="DNVRng">32463.56</dst>
            <dst id="HSTNng">9746.28533333333</dst>
            <dst id="IPLSng">40906.608</dst>
            <dst id="KSCYng">11476.4</dst>
            <dst id="LOSAng">150891.981333333</dst>
            <dst id="NYCMng">103751.477333333</dst>
            <dst id="SNVAng">6044.792</dst>
            <dst id="STTLng">23269.184</dst>
            <dst id="WASHng">98294.9946666667</dst>
        </src>
        <src id="SNVAng">
            <dst id="ATLA-M5">0</dst>
            <dst id="ATLAng">865.632</dst>
            <dst id="CHINng">107.208</dst>
            <dst id="DNVRng">1352.616</dst>
            <dst id="HSTNng">122.485333333333</dst>
            <dst id="IPLSng">463.056</dst>
            <dst id="KSCYng">26.6666666666667</dst>
            <dst id="LOSAng">31968.024</dst>
            <dst id="NYCMng">342.208</dst>
            <dst id="SNVAng">6890.67466666667</dst>
            <dst id="STTLng">28285.2586666667</dst>
            <dst id="WASHng">266.72</dst>
        </src>
        <src id="STTLng">
            <dst id="ATLA-M5">26.6666666666667</dst>
            <dst id="ATLAng">11091.5733333333</dst>
            <dst id="CHINng">21696.7413333333</dst>
            <dst id="DNVRng">4877.00266666667</dst>
            <dst id="HSTNng">4341.77866666667</dst>
            <dst id="IPLSng">15117.0666666667</dst>
            <dst id="KSCYng">6338.432</dst>
            <dst id="LOSAng">26463.112</dst>
            <dst id="NYCMng">14894.968</dst>
            <dst id="SNVAng">6281.472</dst>
            <dst id="STTLng">4363.73066666667</dst>
            <dst id="WASHng">19628.5893333333</dst>
        </src>
        <src id="WASHng">
            <dst id="ATLA-M5">379.672</dst>
            <dst id="ATLAng">155612.237333333</dst>
            <dst id="CHINng">67025.3626666667</dst>
            <dst id="DNVRng">86454.1386666667</dst>
            <dst id="HSTNng">24907.4373333333</dst>
            <dst id="IPLSng">57832.3066666667</dst>
            <dst id="KSCYng">27976.3946666667</dst>
            <dst id="LOSAng">64643.8613333333</dst>
            <dst id="NYCMng">191021.634666667</dst>
            <dst id="SNVAng">7292.984</dst>
            <dst id="STTLng">34448.8293333333</dst>
            <dst id="WASHng">295571.226666667</dst>
        </src>
    </IntraTM>
</TrafficMatrixFile>
