<?xml version="1.0" encoding="ISO-8859-1" standalone="yes"?>
<TrafficMatrixFile xsi:noNamespaceSchemaLocation="http://totem.run.montefiore.ulg.ac.be/Schema/TrafficMatrix-v1_2.xsd" xmlns:xsi="http://www.w3.org/2001/XMLSchema-instance">
    <IntraTM ASID="11537">
        <src id="ATLA-M5">
            <dst id="ATLA-M5">161.088</dst>
            <dst id="ATLAng">1225.27466666667</dst>
            <dst id="CHINng">196.848</dst>
            <dst id="DNVRng">53.3333333333333</dst>
            <dst id="HSTNng">182.698666666667</dst>
            <dst id="IPLSng">3865.06933333333</dst>
            <dst id="KSCYng">1739.40533333333</dst>
            <dst id="LOSAng">107.792</dst>
            <dst id="NYCMng">167.466666666667</dst>
            <dst id="SNVAng">0</dst>
            <dst id="STTLng">353.258666666667</dst>
            <dst id="WASHng">1866.86666666667</dst>
        </src>
        <src id="ATLAng">
            <dst id="ATLA-M5">274.584</dst>
            <dst id="ATLAng">48100.9546666667</dst>
            <dst id="CHINng">9324.01066666667</dst>
            <dst id="DNVRng">3155.97866666667</dst>
            <dst id="HSTNng">5204.464</dst>
            <dst id="IPLSng">17388.1626666667</dst>
            <dst id="KSCYng">7424.528</dst>
            <dst id="LOSAng">15009.6026666667</dst>
            <dst id="NYCMng">29186.6106666667</dst>
            <dst id="SNVAng">754.890666666667</dst>
            <dst id="STTLng">6117.92</dst>
            <dst id="WASHng">63243.4533333333</dst>
        </src>
        <src id="CHINng">
            <dst id="ATLA-M5">490.309333333333</dst>
            <dst id="ATLAng">18361.1306666667</dst>
            <dst id="CHINng">64982.448</dst>
            <dst id="DNVRng">19940.792</dst>
            <dst id="HSTNng">9915.032</dst>
            <dst id="IPLSng">41675.6133333333</dst>
            <dst id="KSCYng">8401.87733333334</dst>
            <dst id="LOSAng">32239.792</dst>
            <dst id="NYCMng">25411.8</dst>
            <dst id="SNVAng">6042.328</dst>
            <dst id="STTLng">8061.34666666667</dst>
            <dst id="WASHng">37767.9306666667</dst>
        </src>
        <src id="DNVRng">
            <dst id="ATLA-M5">229.034666666667</dst>
            <dst id="ATLAng">14170.3066666667</dst>
            <dst id="CHINng">70978.144</dst>
            <dst id="DNVRng">11257.7733333333</dst>
            <dst id="HSTNng">19680.928</dst>
            <dst id="IPLSng">38519.0933333333</dst>
            <dst id="KSCYng">21872.1226666667</dst>
            <dst id="LOSAng">21455.272</dst>
            <dst id="NYCMng">19816.32</dst>
            <dst id="SNVAng">11130.3733333333</dst>
            <dst id="STTLng">9023.28533333334</dst>
            <dst id="WASHng">50168.352</dst>
        </src>
        <src id="HSTNng">
            <dst id="ATLA-M5">629.181333333333</dst>
            <dst id="ATLAng">4859.42933333333</dst>
            <dst id="CHINng">22780.8853333333</dst>
            <dst id="DNVRng">1749.216</dst>
            <dst id="HSTNng">18217.8826666667</dst>
            <dst id="IPLSng">3291.38133333333</dst>
            <dst id="KSCYng">3703.656</dst>
            <dst id="LOSAng">9868.26133333333</dst>
            <dst id="NYCMng">4977.14933333333</dst>
            <dst id="SNVAng">359.96</dst>
            <dst id="STTLng">948.317333333334</dst>
            <dst id="WASHng">3210.86666666667</dst>
        </src>
        <src id="IPLSng">
            <dst id="ATLA-M5">382.368</dst>
            <dst id="ATLAng">19800.1893333333</dst>
            <dst id="CHINng">82357.6293333334</dst>
            <dst id="DNVRng">12986.8853333333</dst>
            <dst id="HSTNng">2294.192</dst>
            <dst id="IPLSng">39651.1973333333</dst>
            <dst id="KSCYng">11702.4533333333</dst>
            <dst id="LOSAng">14978.4453333333</dst>
            <dst id="NYCMng">31507.0506666667</dst>
            <dst id="SNVAng">3137.488</dst>
            <dst id="STTLng">9554.68266666667</dst>
            <dst id="WASHng">23201.8453333333</dst>
        </src>
        <src id="KSCYng">
            <dst id="ATLA-M5">80</dst>
            <dst id="ATLAng">8317.03733333333</dst>
            <dst id="CHINng">27812.3653333333</dst>
            <dst id="DNVRng">22150.552</dst>
            <dst id="HSTNng">5777.29066666667</dst>
            <dst id="IPLSng">13464.3253333333</dst>
            <dst id="KSCYng">9311.06666666667</dst>
            <dst id="LOSAng">3934.78933333333</dst>
            <dst id="NYCMng">1867.27466666667</dst>
            <dst id="SNVAng">2060.58666666667</dst>
            <dst id="STTLng">2508.24266666667</dst>
            <dst id="WASHng">25705.88</dst>
        </src>
        <src id="LOSAng">
            <dst id="ATLA-M5">454.856</dst>
            <dst id="ATLAng">15740.7626666667</dst>
            <dst id="CHINng">135825.592</dst>
            <dst id="DNVRng">27923.656</dst>
            <dst id="HSTNng">15954.4906666667</dst>
            <dst id="IPLSng">40159.4213333333</dst>
            <dst id="KSCYng">6915.73866666667</dst>
            <dst id="LOSAng">15564.0533333333</dst>
            <dst id="NYCMng">35623.384</dst>
            <dst id="SNVAng">12377.7946666667</dst>
            <dst id="STTLng">17384.792</dst>
            <dst id="WASHng">43550.584</dst>
        </src>
        <src id="NYCMng">
            <dst id="ATLA-M5">357.765333333333</dst>
            <dst id="ATLAng">41329.552</dst>
            <dst id="CHINng">43037.5333333333</dst>
            <dst id="DNVRng">31342.5813333333</dst>
            <dst id="HSTNng">8724.28</dst>
            <dst id="IPLSng">45892.1733333333</dst>
            <dst id="KSCYng">17069.008</dst>
            <dst id="LOSAng">83999.5306666666</dst>
            <dst id="NYCMng">129283.44</dst>
            <dst id="SNVAng">1700.54133333333</dst>
            <dst id="STTLng">23803.8986666667</dst>
            <dst id="WASHng">80584.4773333333</dst>
        </src>
        <src id="SNVAng">
            <dst id="ATLA-M5">0</dst>
            <dst id="ATLAng">176.050666666667</dst>
            <dst id="CHINng">106.666666666667</dst>
            <dst id="DNVRng">4846.008</dst>
            <dst id="HSTNng">88.3413333333333</dst>
            <dst id="IPLSng">307.869333333333</dst>
            <dst id="KSCYng">26.6666666666667</dst>
            <dst id="LOSAng">31321.0586666667</dst>
            <dst id="NYCMng">498.917333333333</dst>
            <dst id="SNVAng">12062.4746666667</dst>
            <dst id="STTLng">31515.2666666667</dst>
            <dst id="WASHng">138.792</dst>
        </src>
        <src id="STTLng">
            <dst id="ATLA-M5">81.1653333333333</dst>
            <dst id="ATLAng">12254.432</dst>
            <dst id="CHINng">42191.704</dst>
            <dst id="DNVRng">3324.56266666667</dst>
            <dst id="HSTNng">3362.42666666667</dst>
            <dst id="IPLSng">11172.1653333333</dst>
            <dst id="KSCYng">7352.28533333333</dst>
            <dst id="LOSAng">17055.9306666667</dst>
            <dst id="NYCMng">19728.2773333333</dst>
            <dst id="SNVAng">4268.75466666667</dst>
            <dst id="STTLng">6561.85333333333</dst>
            <dst id="WASHng">26005.704</dst>
        </src>
        <src id="WASHng">
            <dst id="ATLA-M5">461.784</dst>
            <dst id="ATLAng">131109.586666667</dst>
            <dst id="CHINng">37199.3626666667</dst>
            <dst id="DNVRng">45909.7253333333</dst>
            <dst id="HSTNng">21389.7466666667</dst>
            <dst id="IPLSng">88219.9866666666</dst>
            <dst id="KSCYng">25855.3226666667</dst>
            <dst id="LOSAng">56503.8293333333</dst>
            <dst id="NYCMng">197734.68</dst>
            <dst id="SNVAng">11716.9253333333</dst>
            <dst id="STTLng">35458.3306666667</dst>
            <dst id="WASHng">358984.693333333</dst>
        </src>
    </IntraTM>
</TrafficMatrixFile>
