<?xml version="1.0" encoding="ISO-8859-1" standalone="yes"?>
<TrafficMatrixFile xsi:noNamespaceSchemaLocation="http://totem.run.montefiore.ulg.ac.be/Schema/TrafficMatrix-v1_2.xsd" xmlns:xsi="http://www.w3.org/2001/XMLSchema-instance">
    <IntraTM ASID="11537">
        <src id="ATLA-M5">
            <dst id="ATLA-M5">53.3333333333333</dst>
            <dst id="ATLAng">133.333333333333</dst>
            <dst id="CHINng">103.530666666667</dst>
            <dst id="DNVRng">0</dst>
            <dst id="HSTNng">26.6666666666667</dst>
            <dst id="IPLSng">0</dst>
            <dst id="KSCYng">53.3333333333333</dst>
            <dst id="LOSAng">145.418666666667</dst>
            <dst id="NYCMng">867.994666666667</dst>
            <dst id="SNVAng">0</dst>
            <dst id="STTLng">0</dst>
            <dst id="WASHng">1597.2</dst>
        </src>
        <src id="ATLAng">
            <dst id="ATLA-M5">366.810666666667</dst>
            <dst id="ATLAng">9513.584</dst>
            <dst id="CHINng">6551.28533333333</dst>
            <dst id="DNVRng">5065.73333333333</dst>
            <dst id="HSTNng">1781.54933333333</dst>
            <dst id="IPLSng">26051.1066666667</dst>
            <dst id="KSCYng">1091.78666666667</dst>
            <dst id="LOSAng">9995.98266666667</dst>
            <dst id="NYCMng">9043.41866666667</dst>
            <dst id="SNVAng">1034.63866666667</dst>
            <dst id="STTLng">10805.1626666667</dst>
            <dst id="WASHng">55461.4506666667</dst>
        </src>
        <src id="CHINng">
            <dst id="ATLA-M5">408.477333333333</dst>
            <dst id="ATLAng">23297.528</dst>
            <dst id="CHINng">60589.568</dst>
            <dst id="DNVRng">10161.4506666667</dst>
            <dst id="HSTNng">6980.888</dst>
            <dst id="IPLSng">37343.032</dst>
            <dst id="KSCYng">4914.184</dst>
            <dst id="LOSAng">30341.8586666667</dst>
            <dst id="NYCMng">9904.85333333333</dst>
            <dst id="SNVAng">1803.63733333333</dst>
            <dst id="STTLng">2732.53333333333</dst>
            <dst id="WASHng">26929.384</dst>
        </src>
        <src id="DNVRng">
            <dst id="ATLA-M5">605.792</dst>
            <dst id="ATLAng">2698.2</dst>
            <dst id="CHINng">69668.5226666667</dst>
            <dst id="DNVRng">9366.41866666667</dst>
            <dst id="HSTNng">16575.9626666667</dst>
            <dst id="IPLSng">33092.3386666667</dst>
            <dst id="KSCYng">26257.76</dst>
            <dst id="LOSAng">12651.1093333333</dst>
            <dst id="NYCMng">16062.8266666667</dst>
            <dst id="SNVAng">17120.568</dst>
            <dst id="STTLng">8358.08533333333</dst>
            <dst id="WASHng">44527.2506666667</dst>
        </src>
        <src id="HSTNng">
            <dst id="ATLA-M5">1926.848</dst>
            <dst id="ATLAng">3996.81866666667</dst>
            <dst id="CHINng">10457.0986666667</dst>
            <dst id="DNVRng">506.301333333333</dst>
            <dst id="HSTNng">16590.76</dst>
            <dst id="IPLSng">3292.41066666667</dst>
            <dst id="KSCYng">629.794666666667</dst>
            <dst id="LOSAng">2823.48266666667</dst>
            <dst id="NYCMng">2288.192</dst>
            <dst id="SNVAng">121.68</dst>
            <dst id="STTLng">5310.79733333333</dst>
            <dst id="WASHng">12974.2853333333</dst>
        </src>
        <src id="IPLSng">
            <dst id="ATLA-M5">53.3333333333333</dst>
            <dst id="ATLAng">16789.304</dst>
            <dst id="CHINng">48271.5333333333</dst>
            <dst id="DNVRng">7284.192</dst>
            <dst id="HSTNng">4872.50133333333</dst>
            <dst id="IPLSng">32703.2</dst>
            <dst id="KSCYng">4667.04</dst>
            <dst id="LOSAng">20224.5546666667</dst>
            <dst id="NYCMng">15927.8293333333</dst>
            <dst id="SNVAng">631.437333333333</dst>
            <dst id="STTLng">9158.43466666667</dst>
            <dst id="WASHng">22520.9226666667</dst>
        </src>
        <src id="KSCYng">
            <dst id="ATLA-M5">146.221333333333</dst>
            <dst id="ATLAng">5307.18666666667</dst>
            <dst id="CHINng">15735.024</dst>
            <dst id="DNVRng">13752.5546666667</dst>
            <dst id="HSTNng">2776.36533333333</dst>
            <dst id="IPLSng">11010.9386666667</dst>
            <dst id="KSCYng">7903.624</dst>
            <dst id="LOSAng">5532.416</dst>
            <dst id="NYCMng">2165.57066666667</dst>
            <dst id="SNVAng">2474.848</dst>
            <dst id="STTLng">3208.18666666667</dst>
            <dst id="WASHng">7492.8</dst>
        </src>
        <src id="LOSAng">
            <dst id="ATLA-M5">63.744</dst>
            <dst id="ATLAng">10443.1893333333</dst>
            <dst id="CHINng">137438.042666667</dst>
            <dst id="DNVRng">21008.5866666667</dst>
            <dst id="HSTNng">8591.45333333333</dst>
            <dst id="IPLSng">17469.9946666667</dst>
            <dst id="KSCYng">6269.09333333333</dst>
            <dst id="LOSAng">15449.3306666667</dst>
            <dst id="NYCMng">38853.5146666667</dst>
            <dst id="SNVAng">26972.544</dst>
            <dst id="STTLng">19058.5306666667</dst>
            <dst id="WASHng">58818.2586666667</dst>
        </src>
        <src id="NYCMng">
            <dst id="ATLA-M5">431.837333333333</dst>
            <dst id="ATLAng">38031.6053333333</dst>
            <dst id="CHINng">37414.9173333333</dst>
            <dst id="DNVRng">23215.8186666667</dst>
            <dst id="HSTNng">5358.632</dst>
            <dst id="IPLSng">28480.9626666667</dst>
            <dst id="KSCYng">10800.7226666667</dst>
            <dst id="LOSAng">81927.4186666667</dst>
            <dst id="NYCMng">118998.141333333</dst>
            <dst id="SNVAng">1015.45333333333</dst>
            <dst id="STTLng">16705.8906666667</dst>
            <dst id="WASHng">61773.4746666667</dst>
        </src>
        <src id="SNVAng">
            <dst id="ATLA-M5">0</dst>
            <dst id="ATLAng">336.181333333333</dst>
            <dst id="CHINng">80</dst>
            <dst id="DNVRng">9433.976</dst>
            <dst id="HSTNng">26.6666666666667</dst>
            <dst id="IPLSng">703.045333333333</dst>
            <dst id="KSCYng">26.6666666666667</dst>
            <dst id="LOSAng">32126.4106666667</dst>
            <dst id="NYCMng">371.616</dst>
            <dst id="SNVAng">7169.88</dst>
            <dst id="STTLng">29740.0266666667</dst>
            <dst id="WASHng">133.333333333333</dst>
        </src>
        <src id="STTLng">
            <dst id="ATLA-M5">0</dst>
            <dst id="ATLAng">12550.5866666667</dst>
            <dst id="CHINng">27609.0133333333</dst>
            <dst id="DNVRng">1977.23733333333</dst>
            <dst id="HSTNng">2163.29866666667</dst>
            <dst id="IPLSng">8353.36</dst>
            <dst id="KSCYng">1041.31733333333</dst>
            <dst id="LOSAng">23510.3546666667</dst>
            <dst id="NYCMng">13593.7653333333</dst>
            <dst id="SNVAng">1624.28266666667</dst>
            <dst id="STTLng">3748.39466666667</dst>
            <dst id="WASHng">12874.04</dst>
        </src>
        <src id="WASHng">
            <dst id="ATLA-M5">686.085333333334</dst>
            <dst id="ATLAng">104923.504</dst>
            <dst id="CHINng">57204.304</dst>
            <dst id="DNVRng">44397.872</dst>
            <dst id="HSTNng">22576.392</dst>
            <dst id="IPLSng">60034.8693333333</dst>
            <dst id="KSCYng">13812.864</dst>
            <dst id="LOSAng">68774.256</dst>
            <dst id="NYCMng">143254.149333333</dst>
            <dst id="SNVAng">5934.896</dst>
            <dst id="STTLng">36084.552</dst>
            <dst id="WASHng">360956.373333333</dst>
        </src>
    </IntraTM>
</TrafficMatrixFile>
