<?xml version="1.0" encoding="ISO-8859-1" standalone="yes"?>
<TrafficMatrixFile xsi:noNamespaceSchemaLocation="http://totem.run.montefiore.ulg.ac.be/Schema/TrafficMatrix-v1_2.xsd" xmlns:xsi="http://www.w3.org/2001/XMLSchema-instance">
    <IntraTM ASID="11537">
        <src id="ATLA-M5">
            <dst id="ATLA-M5">0</dst>
            <dst id="ATLAng">0</dst>
            <dst id="CHINng">132.48</dst>
            <dst id="DNVRng">0</dst>
            <dst id="HSTNng">134.378666666667</dst>
            <dst id="IPLSng">0</dst>
            <dst id="KSCYng">469.045333333333</dst>
            <dst id="LOSAng">144.802666666667</dst>
            <dst id="NYCMng">26.6666666666667</dst>
            <dst id="SNVAng">0</dst>
            <dst id="STTLng">454.816</dst>
            <dst id="WASHng">2998.088</dst>
        </src>
        <src id="ATLAng">
            <dst id="ATLA-M5">72.08</dst>
            <dst id="ATLAng">32732.9013333333</dst>
            <dst id="CHINng">2648.53866666667</dst>
            <dst id="DNVRng">3369.53066666667</dst>
            <dst id="HSTNng">634.586666666667</dst>
            <dst id="IPLSng">11444.7333333333</dst>
            <dst id="KSCYng">479.405333333333</dst>
            <dst id="LOSAng">12374.9586666667</dst>
            <dst id="NYCMng">3629.616</dst>
            <dst id="SNVAng">44.4813333333333</dst>
            <dst id="STTLng">6637.92</dst>
            <dst id="WASHng">28436.5013333333</dst>
        </src>
        <src id="CHINng">
            <dst id="ATLA-M5">5724.20266666667</dst>
            <dst id="ATLAng">5473.19466666667</dst>
            <dst id="CHINng">74403.7066666667</dst>
            <dst id="DNVRng">9252.05066666666</dst>
            <dst id="HSTNng">6121.03466666667</dst>
            <dst id="IPLSng">37423.3306666667</dst>
            <dst id="KSCYng">4281.816</dst>
            <dst id="LOSAng">51039.1333333333</dst>
            <dst id="NYCMng">12531.664</dst>
            <dst id="SNVAng">5671.26666666667</dst>
            <dst id="STTLng">6957.82666666667</dst>
            <dst id="WASHng">25409.5706666667</dst>
        </src>
        <src id="DNVRng">
            <dst id="ATLA-M5">232.64</dst>
            <dst id="ATLAng">12566.3066666667</dst>
            <dst id="CHINng">66793.36</dst>
            <dst id="DNVRng">18080.8426666667</dst>
            <dst id="HSTNng">16641.5706666667</dst>
            <dst id="IPLSng">27366.24</dst>
            <dst id="KSCYng">17284.368</dst>
            <dst id="LOSAng">9762.15733333333</dst>
            <dst id="NYCMng">14457.5226666667</dst>
            <dst id="SNVAng">8213.65066666666</dst>
            <dst id="STTLng">13581</dst>
            <dst id="WASHng">35558.6746666667</dst>
        </src>
        <src id="HSTNng">
            <dst id="ATLA-M5">203.349333333333</dst>
            <dst id="ATLAng">2415.672</dst>
            <dst id="CHINng">8590.152</dst>
            <dst id="DNVRng">1269.41866666667</dst>
            <dst id="HSTNng">14140.856</dst>
            <dst id="IPLSng">4793.05333333333</dst>
            <dst id="KSCYng">1528.23466666667</dst>
            <dst id="LOSAng">19605.976</dst>
            <dst id="NYCMng">2229.44</dst>
            <dst id="SNVAng">0</dst>
            <dst id="STTLng">354.888</dst>
            <dst id="WASHng">1094.86666666667</dst>
        </src>
        <src id="IPLSng">
            <dst id="ATLA-M5">0</dst>
            <dst id="ATLAng">18736.7733333333</dst>
            <dst id="CHINng">71954.0293333333</dst>
            <dst id="DNVRng">22056.184</dst>
            <dst id="HSTNng">337.925333333333</dst>
            <dst id="IPLSng">12706.2666666667</dst>
            <dst id="KSCYng">2867.384</dst>
            <dst id="LOSAng">23222.104</dst>
            <dst id="NYCMng">22457.552</dst>
            <dst id="SNVAng">508.293333333333</dst>
            <dst id="STTLng">8421.97866666667</dst>
            <dst id="WASHng">8463.336</dst>
        </src>
        <src id="KSCYng">
            <dst id="ATLA-M5">63.92</dst>
            <dst id="ATLAng">1206.37333333333</dst>
            <dst id="CHINng">16147.544</dst>
            <dst id="DNVRng">9355.00266666667</dst>
            <dst id="HSTNng">2777.28266666667</dst>
            <dst id="IPLSng">14467.3226666667</dst>
            <dst id="KSCYng">11070.1893333333</dst>
            <dst id="LOSAng">9901.944</dst>
            <dst id="NYCMng">2580.63466666667</dst>
            <dst id="SNVAng">2025.16266666667</dst>
            <dst id="STTLng">2825.18666666667</dst>
            <dst id="WASHng">9128.328</dst>
        </src>
        <src id="LOSAng">
            <dst id="ATLA-M5">147.989333333333</dst>
            <dst id="ATLAng">7452.43466666667</dst>
            <dst id="CHINng">105007.981333333</dst>
            <dst id="DNVRng">28876.5653333333</dst>
            <dst id="HSTNng">4826.30666666667</dst>
            <dst id="IPLSng">10585.688</dst>
            <dst id="KSCYng">3905.704</dst>
            <dst id="LOSAng">19863.1626666667</dst>
            <dst id="NYCMng">34722.4693333333</dst>
            <dst id="SNVAng">23913.184</dst>
            <dst id="STTLng">32437.8693333333</dst>
            <dst id="WASHng">22897.4533333333</dst>
        </src>
        <src id="NYCMng">
            <dst id="ATLA-M5">195.394666666667</dst>
            <dst id="ATLAng">12113.2053333333</dst>
            <dst id="CHINng">14433.368</dst>
            <dst id="DNVRng">25485.6933333333</dst>
            <dst id="HSTNng">8984.01866666667</dst>
            <dst id="IPLSng">35278.8533333333</dst>
            <dst id="KSCYng">5264.29066666667</dst>
            <dst id="LOSAng">77427.2053333333</dst>
            <dst id="NYCMng">86720.4746666667</dst>
            <dst id="SNVAng">1730.08</dst>
            <dst id="STTLng">22742.2986666667</dst>
            <dst id="WASHng">31265.5173333333</dst>
        </src>
        <src id="SNVAng">
            <dst id="ATLA-M5">0</dst>
            <dst id="ATLAng">29.44</dst>
            <dst id="CHINng">81.3333333333333</dst>
            <dst id="DNVRng">9434.832</dst>
            <dst id="HSTNng">58.624</dst>
            <dst id="IPLSng">182.922666666667</dst>
            <dst id="KSCYng">26.6666666666667</dst>
            <dst id="LOSAng">36681.904</dst>
            <dst id="NYCMng">304.832</dst>
            <dst id="SNVAng">5730.76</dst>
            <dst id="STTLng">26318.44</dst>
            <dst id="WASHng">80</dst>
        </src>
        <src id="STTLng">
            <dst id="ATLA-M5">436.058666666667</dst>
            <dst id="ATLAng">6841.81866666666</dst>
            <dst id="CHINng">17172.064</dst>
            <dst id="DNVRng">3024.536</dst>
            <dst id="HSTNng">1280.392</dst>
            <dst id="IPLSng">3829.62133333333</dst>
            <dst id="KSCYng">1638.784</dst>
            <dst id="LOSAng">261295.605333333</dst>
            <dst id="NYCMng">11847.056</dst>
            <dst id="SNVAng">6450.40266666667</dst>
            <dst id="STTLng">22495.8213333333</dst>
            <dst id="WASHng">4336.992</dst>
        </src>
        <src id="WASHng">
            <dst id="ATLA-M5">1134.512</dst>
            <dst id="ATLAng">79854.0826666667</dst>
            <dst id="CHINng">88956.1493333333</dst>
            <dst id="DNVRng">55778.4773333333</dst>
            <dst id="HSTNng">17653.7226666667</dst>
            <dst id="IPLSng">59366.096</dst>
            <dst id="KSCYng">19765.8133333333</dst>
            <dst id="LOSAng">70243.8</dst>
            <dst id="NYCMng">157493.426666667</dst>
            <dst id="SNVAng">1551.79733333333</dst>
            <dst id="STTLng">48510.7413333333</dst>
            <dst id="WASHng">304927.893333333</dst>
        </src>
    </IntraTM>
</TrafficMatrixFile>
