<?xml version="1.0" encoding="ISO-8859-1" standalone="yes"?>
<TrafficMatrixFile xsi:noNamespaceSchemaLocation="http://totem.run.montefiore.ulg.ac.be/Schema/TrafficMatrix-v1_2.xsd" xmlns:xsi="http://www.w3.org/2001/XMLSchema-instance">
    <IntraTM ASID="11537">
        <src id="ATLA-M5">
            <dst id="ATLA-M5">111.469333333333</dst>
            <dst id="ATLAng">259.642666666667</dst>
            <dst id="CHINng">190.208</dst>
            <dst id="DNVRng">58.6666666666667</dst>
            <dst id="HSTNng">108.544</dst>
            <dst id="IPLSng">270.152</dst>
            <dst id="KSCYng">3209.60533333333</dst>
            <dst id="LOSAng">376.941333333333</dst>
            <dst id="NYCMng">157.202666666667</dst>
            <dst id="SNVAng">0</dst>
            <dst id="STTLng">0</dst>
            <dst id="WASHng">961.549333333333</dst>
        </src>
        <src id="ATLAng">
            <dst id="ATLA-M5">260.765333333333</dst>
            <dst id="ATLAng">43346.5333333333</dst>
            <dst id="CHINng">14796.3973333333</dst>
            <dst id="DNVRng">2388.53866666667</dst>
            <dst id="HSTNng">7768.216</dst>
            <dst id="IPLSng">30233.3946666667</dst>
            <dst id="KSCYng">3066.464</dst>
            <dst id="LOSAng">16138.688</dst>
            <dst id="NYCMng">11581.1093333333</dst>
            <dst id="SNVAng">1278.30133333333</dst>
            <dst id="STTLng">8678.88533333333</dst>
            <dst id="WASHng">42981.5626666667</dst>
        </src>
        <src id="CHINng">
            <dst id="ATLA-M5">866.354666666666</dst>
            <dst id="ATLAng">38566.84</dst>
            <dst id="CHINng">68591.8933333333</dst>
            <dst id="DNVRng">21444.368</dst>
            <dst id="HSTNng">20975.9946666667</dst>
            <dst id="IPLSng">36511.48</dst>
            <dst id="KSCYng">16921.2613333333</dst>
            <dst id="LOSAng">58742.3466666667</dst>
            <dst id="NYCMng">26063.6906666667</dst>
            <dst id="SNVAng">6625.94933333333</dst>
            <dst id="STTLng">5632.14933333333</dst>
            <dst id="WASHng">33739.6826666667</dst>
        </src>
        <src id="DNVRng">
            <dst id="ATLA-M5">230.664</dst>
            <dst id="ATLAng">21083.4133333333</dst>
            <dst id="CHINng">69840.6373333333</dst>
            <dst id="DNVRng">19655.1386666667</dst>
            <dst id="HSTNng">33766.208</dst>
            <dst id="IPLSng">38481.8186666667</dst>
            <dst id="KSCYng">35797.1173333333</dst>
            <dst id="LOSAng">17764.8533333333</dst>
            <dst id="NYCMng">18470.288</dst>
            <dst id="SNVAng">13691.7466666667</dst>
            <dst id="STTLng">12981.1653333333</dst>
            <dst id="WASHng">49233.6853333333</dst>
        </src>
        <src id="HSTNng">
            <dst id="ATLA-M5">787.296</dst>
            <dst id="ATLAng">20280.12</dst>
            <dst id="CHINng">22611.1653333333</dst>
            <dst id="DNVRng">1701.22666666667</dst>
            <dst id="HSTNng">4773.792</dst>
            <dst id="IPLSng">7407.544</dst>
            <dst id="KSCYng">3956.34933333333</dst>
            <dst id="LOSAng">18492.712</dst>
            <dst id="NYCMng">4614.66666666667</dst>
            <dst id="SNVAng">181.653333333333</dst>
            <dst id="STTLng">868.706666666666</dst>
            <dst id="WASHng">7286.99466666666</dst>
        </src>
        <src id="IPLSng">
            <dst id="ATLA-M5">147.797333333333</dst>
            <dst id="ATLAng">35426.6293333333</dst>
            <dst id="CHINng">83124.5413333333</dst>
            <dst id="DNVRng">17890.5946666667</dst>
            <dst id="HSTNng">6004.06666666667</dst>
            <dst id="IPLSng">33550.184</dst>
            <dst id="KSCYng">18170.944</dst>
            <dst id="LOSAng">35940.144</dst>
            <dst id="NYCMng">42465.3226666667</dst>
            <dst id="SNVAng">3170.92</dst>
            <dst id="STTLng">12309.5333333333</dst>
            <dst id="WASHng">31922.9173333333</dst>
        </src>
        <src id="KSCYng">
            <dst id="ATLA-M5">1058.51733333333</dst>
            <dst id="ATLAng">4830.81333333333</dst>
            <dst id="CHINng">26745.544</dst>
            <dst id="DNVRng">13107.6933333333</dst>
            <dst id="HSTNng">5763.75466666667</dst>
            <dst id="IPLSng">26163.0506666667</dst>
            <dst id="KSCYng">5952.06666666667</dst>
            <dst id="LOSAng">7913.32</dst>
            <dst id="NYCMng">4573.888</dst>
            <dst id="SNVAng">3926.54133333333</dst>
            <dst id="STTLng">7485.36</dst>
            <dst id="WASHng">14194.7146666667</dst>
        </src>
        <src id="LOSAng">
            <dst id="ATLA-M5">1421.4</dst>
            <dst id="ATLAng">47023.6026666667</dst>
            <dst id="CHINng">98777.256</dst>
            <dst id="DNVRng">30194.5146666667</dst>
            <dst id="HSTNng">23729.3013333333</dst>
            <dst id="IPLSng">40497.0533333333</dst>
            <dst id="KSCYng">11570.8986666667</dst>
            <dst id="LOSAng">20155.4213333333</dst>
            <dst id="NYCMng">39852.5573333333</dst>
            <dst id="SNVAng">33052.2613333333</dst>
            <dst id="STTLng">26168.5093333333</dst>
            <dst id="WASHng">50914.1493333333</dst>
        </src>
        <src id="NYCMng">
            <dst id="ATLA-M5">889.266666666667</dst>
            <dst id="ATLAng">41685.3946666667</dst>
            <dst id="CHINng">30678.5306666667</dst>
            <dst id="DNVRng">39644.224</dst>
            <dst id="HSTNng">17948.6693333333</dst>
            <dst id="IPLSng">48535.7173333333</dst>
            <dst id="KSCYng">13872.8586666667</dst>
            <dst id="LOSAng">81354.4693333333</dst>
            <dst id="NYCMng">147428.170666667</dst>
            <dst id="SNVAng">5270.25066666667</dst>
            <dst id="STTLng">53407.344</dst>
            <dst id="WASHng">106038.626666667</dst>
        </src>
        <src id="SNVAng">
            <dst id="ATLA-M5">0</dst>
            <dst id="ATLAng">80</dst>
            <dst id="CHINng">138.933333333333</dst>
            <dst id="DNVRng">59072.6773333333</dst>
            <dst id="HSTNng">1010.14666666667</dst>
            <dst id="IPLSng">391.2</dst>
            <dst id="KSCYng">53.3333333333333</dst>
            <dst id="LOSAng">33485.2026666667</dst>
            <dst id="NYCMng">296.042666666667</dst>
            <dst id="SNVAng">7554.488</dst>
            <dst id="STTLng">31210.2293333333</dst>
            <dst id="WASHng">247.88</dst>
        </src>
        <src id="STTLng">
            <dst id="ATLA-M5">66.88</dst>
            <dst id="ATLAng">17877.4</dst>
            <dst id="CHINng">28588.4666666667</dst>
            <dst id="DNVRng">6321.27733333333</dst>
            <dst id="HSTNng">6162.152</dst>
            <dst id="IPLSng">14119.0453333333</dst>
            <dst id="KSCYng">6923.06933333333</dst>
            <dst id="LOSAng">30618.384</dst>
            <dst id="NYCMng">19725.2373333333</dst>
            <dst id="SNVAng">5207.36266666667</dst>
            <dst id="STTLng">7583.10933333333</dst>
            <dst id="WASHng">23091.144</dst>
        </src>
        <src id="WASHng">
            <dst id="ATLA-M5">2253.87733333333</dst>
            <dst id="ATLAng">222312.672</dst>
            <dst id="CHINng">88391.344</dst>
            <dst id="DNVRng">101682.874666667</dst>
            <dst id="HSTNng">31015.3386666667</dst>
            <dst id="IPLSng">62993.6293333333</dst>
            <dst id="KSCYng">29133.104</dst>
            <dst id="LOSAng">94293.6186666666</dst>
            <dst id="NYCMng">165022.005333333</dst>
            <dst id="SNVAng">16926.0026666667</dst>
            <dst id="STTLng">57516.7973333333</dst>
            <dst id="WASHng">324557.52</dst>
        </src>
    </IntraTM>
</TrafficMatrixFile>
