<?xml version="1.0" encoding="ISO-8859-1" standalone="yes"?>
<TrafficMatrixFile xsi:noNamespaceSchemaLocation="http://totem.run.montefiore.ulg.ac.be/Schema/TrafficMatrix-v1_2.xsd" xmlns:xsi="http://www.w3.org/2001/XMLSchema-instance">
    <IntraTM ASID="11537">
        <src id="ATLA-M5">
            <dst id="ATLA-M5">26.6666666666667</dst>
            <dst id="ATLAng">237.258666666667</dst>
            <dst id="CHINng">167.64</dst>
            <dst id="DNVRng">110.381333333333</dst>
            <dst id="HSTNng">88.3813333333333</dst>
            <dst id="IPLSng">261.770666666667</dst>
            <dst id="KSCYng">53.3333333333333</dst>
            <dst id="LOSAng">262.6</dst>
            <dst id="NYCMng">103.536</dst>
            <dst id="SNVAng">0</dst>
            <dst id="STTLng">80</dst>
            <dst id="WASHng">357.557333333333</dst>
        </src>
        <src id="ATLAng">
            <dst id="ATLA-M5">372.944</dst>
            <dst id="ATLAng">16430.4293333333</dst>
            <dst id="CHINng">8622.38933333333</dst>
            <dst id="DNVRng">5080.97333333333</dst>
            <dst id="HSTNng">2815.88</dst>
            <dst id="IPLSng">26216.5573333333</dst>
            <dst id="KSCYng">1511.13066666667</dst>
            <dst id="LOSAng">10309.248</dst>
            <dst id="NYCMng">4947.68533333333</dst>
            <dst id="SNVAng">267.213333333333</dst>
            <dst id="STTLng">8674.648</dst>
            <dst id="WASHng">33754.8986666667</dst>
        </src>
        <src id="CHINng">
            <dst id="ATLA-M5">60.8533333333333</dst>
            <dst id="ATLAng">14203.5653333333</dst>
            <dst id="CHINng">37310.1413333333</dst>
            <dst id="DNVRng">9213.57066666667</dst>
            <dst id="HSTNng">9973.54933333333</dst>
            <dst id="IPLSng">21386.536</dst>
            <dst id="KSCYng">7150.17866666666</dst>
            <dst id="LOSAng">38413.7413333333</dst>
            <dst id="NYCMng">8282.82133333334</dst>
            <dst id="SNVAng">4179.056</dst>
            <dst id="STTLng">5512.088</dst>
            <dst id="WASHng">24532.7493333333</dst>
        </src>
        <src id="DNVRng">
            <dst id="ATLA-M5">953.725333333333</dst>
            <dst id="ATLAng">3279.78133333333</dst>
            <dst id="CHINng">65757.528</dst>
            <dst id="DNVRng">11717.3253333333</dst>
            <dst id="HSTNng">17931.792</dst>
            <dst id="IPLSng">36754.08</dst>
            <dst id="KSCYng">26752.3333333333</dst>
            <dst id="LOSAng">30105.7253333333</dst>
            <dst id="NYCMng">11240.408</dst>
            <dst id="SNVAng">12094.3733333333</dst>
            <dst id="STTLng">15791.216</dst>
            <dst id="WASHng">41428.9546666667</dst>
        </src>
        <src id="HSTNng">
            <dst id="ATLA-M5">3729.376</dst>
            <dst id="ATLAng">40148.8266666667</dst>
            <dst id="CHINng">4961.22666666667</dst>
            <dst id="DNVRng">853.365333333333</dst>
            <dst id="HSTNng">16402.36</dst>
            <dst id="IPLSng">3403.63466666667</dst>
            <dst id="KSCYng">3796.34133333333</dst>
            <dst id="LOSAng">4946.33866666667</dst>
            <dst id="NYCMng">1194.888</dst>
            <dst id="SNVAng">0</dst>
            <dst id="STTLng">1059.37866666667</dst>
            <dst id="WASHng">2898.784</dst>
        </src>
        <src id="IPLSng">
            <dst id="ATLA-M5">261.725333333333</dst>
            <dst id="ATLAng">19982.1386666667</dst>
            <dst id="CHINng">56533.8906666667</dst>
            <dst id="DNVRng">7423.68533333334</dst>
            <dst id="HSTNng">884.653333333333</dst>
            <dst id="IPLSng">22317.8106666667</dst>
            <dst id="KSCYng">10134.6346666667</dst>
            <dst id="LOSAng">18184.1226666667</dst>
            <dst id="NYCMng">32299.0426666667</dst>
            <dst id="SNVAng">501.208</dst>
            <dst id="STTLng">10607.6453333333</dst>
            <dst id="WASHng">20092.0533333333</dst>
        </src>
        <src id="KSCYng">
            <dst id="ATLA-M5">913.749333333333</dst>
            <dst id="ATLAng">2048.664</dst>
            <dst id="CHINng">10901.0906666667</dst>
            <dst id="DNVRng">10426.704</dst>
            <dst id="HSTNng">10548.1253333333</dst>
            <dst id="IPLSng">13076.0186666667</dst>
            <dst id="KSCYng">9666.57333333333</dst>
            <dst id="LOSAng">9567.15466666667</dst>
            <dst id="NYCMng">3352.72266666667</dst>
            <dst id="SNVAng">2634.84533333333</dst>
            <dst id="STTLng">4001.29066666667</dst>
            <dst id="WASHng">6389.168</dst>
        </src>
        <src id="LOSAng">
            <dst id="ATLA-M5">72.8533333333333</dst>
            <dst id="ATLAng">27639.2693333333</dst>
            <dst id="CHINng">46213.9413333333</dst>
            <dst id="DNVRng">31645.6533333333</dst>
            <dst id="HSTNng">4088.94133333333</dst>
            <dst id="IPLSng">14973.2906666667</dst>
            <dst id="KSCYng">6127.93066666667</dst>
            <dst id="LOSAng">15576.5813333333</dst>
            <dst id="NYCMng">31257.6106666667</dst>
            <dst id="SNVAng">16569.768</dst>
            <dst id="STTLng">24481.4053333333</dst>
            <dst id="WASHng">16830.312</dst>
        </src>
        <src id="NYCMng">
            <dst id="ATLA-M5">973.376</dst>
            <dst id="ATLAng">22913.0293333333</dst>
            <dst id="CHINng">14168.9973333333</dst>
            <dst id="DNVRng">24660.2773333333</dst>
            <dst id="HSTNng">10250.2266666667</dst>
            <dst id="IPLSng">27131.0373333333</dst>
            <dst id="KSCYng">12923.8773333333</dst>
            <dst id="LOSAng">81932.9333333333</dst>
            <dst id="NYCMng">70552.56</dst>
            <dst id="SNVAng">2038.59466666667</dst>
            <dst id="STTLng">16933.3386666667</dst>
            <dst id="WASHng">27962.128</dst>
        </src>
        <src id="SNVAng">
            <dst id="ATLA-M5">0</dst>
            <dst id="ATLAng">375.274666666667</dst>
            <dst id="CHINng">0</dst>
            <dst id="DNVRng">7218.632</dst>
            <dst id="HSTNng">71.3493333333333</dst>
            <dst id="IPLSng">226.277333333333</dst>
            <dst id="KSCYng">0</dst>
            <dst id="LOSAng">35736.2613333333</dst>
            <dst id="NYCMng">8626.176</dst>
            <dst id="SNVAng">6865.304</dst>
            <dst id="STTLng">33141.7386666667</dst>
            <dst id="WASHng">0</dst>
        </src>
        <src id="STTLng">
            <dst id="ATLA-M5">66.3466666666667</dst>
            <dst id="ATLAng">10187.424</dst>
            <dst id="CHINng">10315.9493333333</dst>
            <dst id="DNVRng">3403.264</dst>
            <dst id="HSTNng">2264.77333333333</dst>
            <dst id="IPLSng">8989.008</dst>
            <dst id="KSCYng">1220.03466666667</dst>
            <dst id="LOSAng">22165.664</dst>
            <dst id="NYCMng">10272.952</dst>
            <dst id="SNVAng">3613.264</dst>
            <dst id="STTLng">4760.86933333333</dst>
            <dst id="WASHng">9396.72266666667</dst>
        </src>
        <src id="WASHng">
            <dst id="ATLA-M5">26.6666666666667</dst>
            <dst id="ATLAng">99678.2746666667</dst>
            <dst id="CHINng">45814.4426666667</dst>
            <dst id="DNVRng">77191.68</dst>
            <dst id="HSTNng">37263.152</dst>
            <dst id="IPLSng">53913.936</dst>
            <dst id="KSCYng">8030.02133333333</dst>
            <dst id="LOSAng">64747.0586666667</dst>
            <dst id="NYCMng">137368.536</dst>
            <dst id="SNVAng">4433.536</dst>
            <dst id="STTLng">46066.6773333333</dst>
            <dst id="WASHng">212946.944</dst>
        </src>
    </IntraTM>
</TrafficMatrixFile>
