<?xml version="1.0" encoding="ISO-8859-1" standalone="yes"?>
<TrafficMatrixFile xsi:noNamespaceSchemaLocation="http://totem.run.montefiore.ulg.ac.be/Schema/TrafficMatrix-v1_2.xsd" xmlns:xsi="http://www.w3.org/2001/XMLSchema-instance">
    <IntraTM ASID="11537">
        <src id="ATLA-M5">
            <dst id="ATLA-M5">154.528</dst>
            <dst id="ATLAng">152.666666666667</dst>
            <dst id="CHINng">249.490666666667</dst>
            <dst id="DNVRng">0</dst>
            <dst id="HSTNng">53.8293333333333</dst>
            <dst id="IPLSng">200.8</dst>
            <dst id="KSCYng">26.6666666666667</dst>
            <dst id="LOSAng">109.192</dst>
            <dst id="NYCMng">110.197333333333</dst>
            <dst id="SNVAng">13.3333333333333</dst>
            <dst id="STTLng">53.3333333333333</dst>
            <dst id="WASHng">3186.85866666667</dst>
        </src>
        <src id="ATLAng">
            <dst id="ATLA-M5">3413.42666666667</dst>
            <dst id="ATLAng">9411.99466666667</dst>
            <dst id="CHINng">18401.7706666667</dst>
            <dst id="DNVRng">10644.584</dst>
            <dst id="HSTNng">5830.01866666667</dst>
            <dst id="IPLSng">31433.1253333333</dst>
            <dst id="KSCYng">2451.51466666667</dst>
            <dst id="LOSAng">8352.68533333333</dst>
            <dst id="NYCMng">11065.5706666667</dst>
            <dst id="SNVAng">1517.088</dst>
            <dst id="STTLng">9016.05066666667</dst>
            <dst id="WASHng">49980.304</dst>
        </src>
        <src id="CHINng">
            <dst id="ATLA-M5">280.296</dst>
            <dst id="ATLAng">29743.3413333333</dst>
            <dst id="CHINng">65540.5413333333</dst>
            <dst id="DNVRng">6815.20266666667</dst>
            <dst id="HSTNng">8265.288</dst>
            <dst id="IPLSng">40796.7973333333</dst>
            <dst id="KSCYng">15022.4506666667</dst>
            <dst id="LOSAng">53976.4106666666</dst>
            <dst id="NYCMng">10623</dst>
            <dst id="SNVAng">3693.24266666667</dst>
            <dst id="STTLng">15780.7786666667</dst>
            <dst id="WASHng">21372.6773333333</dst>
        </src>
        <src id="DNVRng">
            <dst id="ATLA-M5">183.128</dst>
            <dst id="ATLAng">6242.64266666667</dst>
            <dst id="CHINng">62202.1493333333</dst>
            <dst id="DNVRng">16301.7253333333</dst>
            <dst id="HSTNng">29938.6986666667</dst>
            <dst id="IPLSng">54260.0613333333</dst>
            <dst id="KSCYng">32335.7573333333</dst>
            <dst id="LOSAng">16985.5546666667</dst>
            <dst id="NYCMng">11826.0533333333</dst>
            <dst id="SNVAng">27818.1066666667</dst>
            <dst id="STTLng">11107.328</dst>
            <dst id="WASHng">41707.416</dst>
        </src>
        <src id="HSTNng">
            <dst id="ATLA-M5">115.456</dst>
            <dst id="ATLAng">5313.58133333333</dst>
            <dst id="CHINng">11058.9733333333</dst>
            <dst id="DNVRng">1424.248</dst>
            <dst id="HSTNng">12122.6773333333</dst>
            <dst id="IPLSng">4807.40266666667</dst>
            <dst id="KSCYng">2795.04</dst>
            <dst id="LOSAng">17763.136</dst>
            <dst id="NYCMng">5288.71733333333</dst>
            <dst id="SNVAng">361.056</dst>
            <dst id="STTLng">7474.296</dst>
            <dst id="WASHng">4682.57333333333</dst>
        </src>
        <src id="IPLSng">
            <dst id="ATLA-M5">106.56</dst>
            <dst id="ATLAng">20659.4613333333</dst>
            <dst id="CHINng">91449.256</dst>
            <dst id="DNVRng">8166.256</dst>
            <dst id="HSTNng">3670.10933333333</dst>
            <dst id="IPLSng">17349.7306666667</dst>
            <dst id="KSCYng">10638.2826666667</dst>
            <dst id="LOSAng">28718.76</dst>
            <dst id="NYCMng">28895.8906666667</dst>
            <dst id="SNVAng">571.069333333333</dst>
            <dst id="STTLng">10059.208</dst>
            <dst id="WASHng">21553.016</dst>
        </src>
        <src id="KSCYng">
            <dst id="ATLA-M5">583.469333333333</dst>
            <dst id="ATLAng">2080.27733333333</dst>
            <dst id="CHINng">23169.9066666667</dst>
            <dst id="DNVRng">11347.7706666667</dst>
            <dst id="HSTNng">9319.02933333333</dst>
            <dst id="IPLSng">11954.3653333333</dst>
            <dst id="KSCYng">12832.568</dst>
            <dst id="LOSAng">4943.01066666667</dst>
            <dst id="NYCMng">2799.09066666667</dst>
            <dst id="SNVAng">2113.94666666667</dst>
            <dst id="STTLng">3785.38133333333</dst>
            <dst id="WASHng">17260.1546666667</dst>
        </src>
        <src id="LOSAng">
            <dst id="ATLA-M5">316.312</dst>
            <dst id="ATLAng">20433.872</dst>
            <dst id="CHINng">120997.058666667</dst>
            <dst id="DNVRng">23214.8426666667</dst>
            <dst id="HSTNng">9013.10666666667</dst>
            <dst id="IPLSng">29590.6906666667</dst>
            <dst id="KSCYng">10776.1786666667</dst>
            <dst id="LOSAng">21351.2586666667</dst>
            <dst id="NYCMng">44092.8213333333</dst>
            <dst id="SNVAng">10767.168</dst>
            <dst id="STTLng">28197.8613333333</dst>
            <dst id="WASHng">27953.984</dst>
        </src>
        <src id="NYCMng">
            <dst id="ATLA-M5">896.581333333333</dst>
            <dst id="ATLAng">29290.984</dst>
            <dst id="CHINng">20128.4613333333</dst>
            <dst id="DNVRng">31541.7893333333</dst>
            <dst id="HSTNng">17367.032</dst>
            <dst id="IPLSng">44238.0453333333</dst>
            <dst id="KSCYng">11891.7306666667</dst>
            <dst id="LOSAng">84919.0533333333</dst>
            <dst id="NYCMng">101682.117333333</dst>
            <dst id="SNVAng">5164.28</dst>
            <dst id="STTLng">23989.4213333333</dst>
            <dst id="WASHng">93166.304</dst>
        </src>
        <src id="SNVAng">
            <dst id="ATLA-M5">0</dst>
            <dst id="ATLAng">53.3333333333333</dst>
            <dst id="CHINng">53.3413333333333</dst>
            <dst id="DNVRng">11451.0666666667</dst>
            <dst id="HSTNng">58.0266666666667</dst>
            <dst id="IPLSng">348.530666666667</dst>
            <dst id="KSCYng">26.6666666666667</dst>
            <dst id="LOSAng">30449.76</dst>
            <dst id="NYCMng">1750.77333333333</dst>
            <dst id="SNVAng">5682.22133333333</dst>
            <dst id="STTLng">26616.488</dst>
            <dst id="WASHng">837.850666666667</dst>
        </src>
        <src id="STTLng">
            <dst id="ATLA-M5">181.397333333333</dst>
            <dst id="ATLAng">13703.4186666667</dst>
            <dst id="CHINng">25247.056</dst>
            <dst id="DNVRng">4920.488</dst>
            <dst id="HSTNng">2628.65333333333</dst>
            <dst id="IPLSng">11027.256</dst>
            <dst id="KSCYng">8863.00266666667</dst>
            <dst id="LOSAng">16813.2906666667</dst>
            <dst id="NYCMng">14386.0026666667</dst>
            <dst id="SNVAng">7289.39466666667</dst>
            <dst id="STTLng">7475.504</dst>
            <dst id="WASHng">20988.224</dst>
        </src>
        <src id="WASHng">
            <dst id="ATLA-M5">555.290666666667</dst>
            <dst id="ATLAng">177063.957333333</dst>
            <dst id="CHINng">73795.2053333333</dst>
            <dst id="DNVRng">94193.784</dst>
            <dst id="HSTNng">30988.3653333333</dst>
            <dst id="IPLSng">72287.792</dst>
            <dst id="KSCYng">29981.704</dst>
            <dst id="LOSAng">68409.928</dst>
            <dst id="NYCMng">171219.733333333</dst>
            <dst id="SNVAng">5902.32266666667</dst>
            <dst id="STTLng">39002.104</dst>
            <dst id="WASHng">286839.52</dst>
        </src>
    </IntraTM>
</TrafficMatrixFile>
