<?xml version="1.0" encoding="ISO-8859-1" standalone="yes"?>
<TrafficMatrixFile xsi:noNamespaceSchemaLocation="http://totem.run.montefiore.ulg.ac.be/Schema/TrafficMatrix-v1_2.xsd" xmlns:xsi="http://www.w3.org/2001/XMLSchema-instance">
    <IntraTM ASID="11537">
        <src id="ATLA-M5">
            <dst id="ATLA-M5">90.4106666666667</dst>
            <dst id="ATLAng">173.674666666667</dst>
            <dst id="CHINng">270.690666666667</dst>
            <dst id="DNVRng">26.6666666666667</dst>
            <dst id="HSTNng">51.6293333333333</dst>
            <dst id="IPLSng">127.722666666667</dst>
            <dst id="KSCYng">876.741333333333</dst>
            <dst id="LOSAng">154.416</dst>
            <dst id="NYCMng">80</dst>
            <dst id="SNVAng">13.3333333333333</dst>
            <dst id="STTLng">72.624</dst>
            <dst id="WASHng">836.12</dst>
        </src>
        <src id="ATLAng">
            <dst id="ATLA-M5">381.112</dst>
            <dst id="ATLAng">59993.3893333333</dst>
            <dst id="CHINng">17309.3946666667</dst>
            <dst id="DNVRng">10372.1706666667</dst>
            <dst id="HSTNng">2913.27466666667</dst>
            <dst id="IPLSng">17570.6693333333</dst>
            <dst id="KSCYng">4171.64</dst>
            <dst id="LOSAng">10732.468</dst>
            <dst id="NYCMng">17103.8026666667</dst>
            <dst id="SNVAng">1050.39066666667</dst>
            <dst id="STTLng">8143.82933333333</dst>
            <dst id="WASHng">74555.648</dst>
        </src>
        <src id="CHINng">
            <dst id="ATLA-M5">389.832</dst>
            <dst id="ATLAng">25271.9573333333</dst>
            <dst id="CHINng">85821.888</dst>
            <dst id="DNVRng">17854.088</dst>
            <dst id="HSTNng">11301.2586666667</dst>
            <dst id="IPLSng">46022.6133333333</dst>
            <dst id="KSCYng">10301.1066666667</dst>
            <dst id="LOSAng">43052.9333333333</dst>
            <dst id="NYCMng">14094.416</dst>
            <dst id="SNVAng">11919.536</dst>
            <dst id="STTLng">13378.7146666667</dst>
            <dst id="WASHng">27511.8853333333</dst>
        </src>
        <src id="DNVRng">
            <dst id="ATLA-M5">305.218666666667</dst>
            <dst id="ATLAng">14236.8826666667</dst>
            <dst id="CHINng">62604.1066666667</dst>
            <dst id="DNVRng">7664.47733333333</dst>
            <dst id="HSTNng">12273.1253333333</dst>
            <dst id="IPLSng">42911.6693333333</dst>
            <dst id="KSCYng">23917.344</dst>
            <dst id="LOSAng">13952.3733333333</dst>
            <dst id="NYCMng">15329.7146666667</dst>
            <dst id="SNVAng">9330.79733333333</dst>
            <dst id="STTLng">16616.2826666667</dst>
            <dst id="WASHng">44398.072</dst>
        </src>
        <src id="HSTNng">
            <dst id="ATLA-M5">486.845333333333</dst>
            <dst id="ATLAng">6702.71466666667</dst>
            <dst id="CHINng">13707.4133333333</dst>
            <dst id="DNVRng">1468.05066666667</dst>
            <dst id="HSTNng">12016.7066666667</dst>
            <dst id="IPLSng">1958.96</dst>
            <dst id="KSCYng">2043.29066666667</dst>
            <dst id="LOSAng">7958.24266666667</dst>
            <dst id="NYCMng">1802.44</dst>
            <dst id="SNVAng">207.506666666667</dst>
            <dst id="STTLng">1714.288</dst>
            <dst id="WASHng">10963.448</dst>
        </src>
        <src id="IPLSng">
            <dst id="ATLA-M5">72.3306666666667</dst>
            <dst id="ATLAng">24948.48</dst>
            <dst id="CHINng">107852.242666667</dst>
            <dst id="DNVRng">16852.32</dst>
            <dst id="HSTNng">3642.496</dst>
            <dst id="IPLSng">25678.3413333333</dst>
            <dst id="KSCYng">8419.15733333333</dst>
            <dst id="LOSAng">28572.008</dst>
            <dst id="NYCMng">40781</dst>
            <dst id="SNVAng">2562.96266666667</dst>
            <dst id="STTLng">13719.2613333333</dst>
            <dst id="WASHng">28595.232</dst>
        </src>
        <src id="KSCYng">
            <dst id="ATLA-M5">2812.53333333333</dst>
            <dst id="ATLAng">15818.5173333333</dst>
            <dst id="CHINng">17322.0346666667</dst>
            <dst id="DNVRng">12886.9946666667</dst>
            <dst id="HSTNng">17117.3333333333</dst>
            <dst id="IPLSng">10128.5546666667</dst>
            <dst id="KSCYng">4732.50933333333</dst>
            <dst id="LOSAng">9769.45866666667</dst>
            <dst id="NYCMng">6419.52</dst>
            <dst id="SNVAng">2820.8</dst>
            <dst id="STTLng">2895.78133333333</dst>
            <dst id="WASHng">16658.6933333333</dst>
        </src>
        <src id="LOSAng">
            <dst id="ATLA-M5">489.992</dst>
            <dst id="ATLAng">30452.3466666667</dst>
            <dst id="CHINng">106419.941333333</dst>
            <dst id="DNVRng">36563.1066666667</dst>
            <dst id="HSTNng">14966.024</dst>
            <dst id="IPLSng">48246.4666666667</dst>
            <dst id="KSCYng">11545.6133333333</dst>
            <dst id="LOSAng">9550.50666666667</dst>
            <dst id="NYCMng">45959.7413333333</dst>
            <dst id="SNVAng">17968.304</dst>
            <dst id="STTLng">23551.3946666667</dst>
            <dst id="WASHng">49375.0373333333</dst>
        </src>
        <src id="NYCMng">
            <dst id="ATLA-M5">568.701333333333</dst>
            <dst id="ATLAng">45081.4506666667</dst>
            <dst id="CHINng">22084.0186666667</dst>
            <dst id="DNVRng">50279.2453333333</dst>
            <dst id="HSTNng">17328.3306666667</dst>
            <dst id="IPLSng">38922.8106666667</dst>
            <dst id="KSCYng">12949.1813333333</dst>
            <dst id="LOSAng">87322.7306666667</dst>
            <dst id="NYCMng">119168.282666667</dst>
            <dst id="SNVAng">10639.92</dst>
            <dst id="STTLng">54772.8133333333</dst>
            <dst id="WASHng">108151.466666667</dst>
        </src>
        <src id="SNVAng">
            <dst id="ATLA-M5">0</dst>
            <dst id="ATLAng">26.6666666666667</dst>
            <dst id="CHINng">264.096</dst>
            <dst id="DNVRng">4099.21333333333</dst>
            <dst id="HSTNng">133.117333333333</dst>
            <dst id="IPLSng">10384.2666666667</dst>
            <dst id="KSCYng">80</dst>
            <dst id="LOSAng">39273.0666666667</dst>
            <dst id="NYCMng">402.453333333333</dst>
            <dst id="SNVAng">7932.14933333333</dst>
            <dst id="STTLng">32177.3066666667</dst>
            <dst id="WASHng">309.517333333333</dst>
        </src>
        <src id="STTLng">
            <dst id="ATLA-M5">586.032</dst>
            <dst id="ATLAng">15803.76</dst>
            <dst id="CHINng">24177.0266666667</dst>
            <dst id="DNVRng">9914.48533333333</dst>
            <dst id="HSTNng">2761.064</dst>
            <dst id="IPLSng">9803.81866666666</dst>
            <dst id="KSCYng">6023.104</dst>
            <dst id="LOSAng">36981.0586666666</dst>
            <dst id="NYCMng">15324.776</dst>
            <dst id="SNVAng">4755.89866666667</dst>
            <dst id="STTLng">4489.312</dst>
            <dst id="WASHng">21353.472</dst>
        </src>
        <src id="WASHng">
            <dst id="ATLA-M5">7133.072</dst>
            <dst id="ATLAng">101680.581333333</dst>
            <dst id="CHINng">69030.3173333333</dst>
            <dst id="DNVRng">116506.336</dst>
            <dst id="HSTNng">17094.6026666667</dst>
            <dst id="IPLSng">101997.488</dst>
            <dst id="KSCYng">17856.9146666667</dst>
            <dst id="LOSAng">75258.728</dst>
            <dst id="NYCMng">194938.410666667</dst>
            <dst id="SNVAng">28621.9226666667</dst>
            <dst id="STTLng">46125.3093333333</dst>
            <dst id="WASHng">265162.648</dst>
        </src>
    </IntraTM>
</TrafficMatrixFile>
