<?xml version="1.0" encoding="ISO-8859-1" standalone="yes"?>
<TrafficMatrixFile xsi:noNamespaceSchemaLocation="http://totem.run.montefiore.ulg.ac.be/Schema/TrafficMatrix-v1_2.xsd" xmlns:xsi="http://www.w3.org/2001/XMLSchema-instance">
    <IntraTM ASID="11537">
        <src id="ATLA-M5">
            <dst id="ATLA-M5">0</dst>
            <dst id="ATLAng">36.5786666666667</dst>
            <dst id="CHINng">131.554666666667</dst>
            <dst id="DNVRng">26.6666666666667</dst>
            <dst id="HSTNng">71.8346666666667</dst>
            <dst id="IPLSng">0</dst>
            <dst id="KSCYng">0</dst>
            <dst id="LOSAng">124.778666666667</dst>
            <dst id="NYCMng">0</dst>
            <dst id="SNVAng">0</dst>
            <dst id="STTLng">0</dst>
            <dst id="WASHng">690.117333333333</dst>
        </src>
        <src id="ATLAng">
            <dst id="ATLA-M5">2261.448</dst>
            <dst id="ATLAng">3516.192</dst>
            <dst id="CHINng">3173.52</dst>
            <dst id="DNVRng">3025.50933333333</dst>
            <dst id="HSTNng">268.024</dst>
            <dst id="IPLSng">24604.3973333333</dst>
            <dst id="KSCYng">495.522666666667</dst>
            <dst id="LOSAng">4533.50133333333</dst>
            <dst id="NYCMng">4177.82133333333</dst>
            <dst id="SNVAng">26.6666666666667</dst>
            <dst id="STTLng">9637.25333333333</dst>
            <dst id="WASHng">41356.248</dst>
        </src>
        <src id="CHINng">
            <dst id="ATLA-M5">80</dst>
            <dst id="ATLAng">4682.57866666667</dst>
            <dst id="CHINng">45053.256</dst>
            <dst id="DNVRng">12064.856</dst>
            <dst id="HSTNng">3602.408</dst>
            <dst id="IPLSng">68494.92</dst>
            <dst id="KSCYng">2867.04</dst>
            <dst id="LOSAng">27935.7786666667</dst>
            <dst id="NYCMng">5280.536</dst>
            <dst id="SNVAng">980.776</dst>
            <dst id="STTLng">4724.34133333333</dst>
            <dst id="WASHng">15204.7813333333</dst>
        </src>
        <src id="DNVRng">
            <dst id="ATLA-M5">197.328</dst>
            <dst id="ATLAng">1370.92533333333</dst>
            <dst id="CHINng">48809.6053333333</dst>
            <dst id="DNVRng">4893.80266666667</dst>
            <dst id="HSTNng">13690.9653333333</dst>
            <dst id="IPLSng">32760.5306666667</dst>
            <dst id="KSCYng">16107.8533333333</dst>
            <dst id="LOSAng">8976.65066666667</dst>
            <dst id="NYCMng">14884.0826666667</dst>
            <dst id="SNVAng">11760.5733333333</dst>
            <dst id="STTLng">10450.4986666667</dst>
            <dst id="WASHng">33172.9653333333</dst>
        </src>
        <src id="HSTNng">
            <dst id="ATLA-M5">3168.44266666667</dst>
            <dst id="ATLAng">1464.86933333333</dst>
            <dst id="CHINng">20139.952</dst>
            <dst id="DNVRng">810.554666666667</dst>
            <dst id="HSTNng">16963.6666666667</dst>
            <dst id="IPLSng">693.954666666667</dst>
            <dst id="KSCYng">628.626666666667</dst>
            <dst id="LOSAng">2792.2</dst>
            <dst id="NYCMng">5309.71733333333</dst>
            <dst id="SNVAng">26.6666666666667</dst>
            <dst id="STTLng">2982.472</dst>
            <dst id="WASHng">967.112</dst>
        </src>
        <src id="IPLSng">
            <dst id="ATLA-M5">0</dst>
            <dst id="ATLAng">48086.384</dst>
            <dst id="CHINng">67647.2506666667</dst>
            <dst id="DNVRng">3895.98666666667</dst>
            <dst id="HSTNng">2498.312</dst>
            <dst id="IPLSng">45418.76</dst>
            <dst id="KSCYng">8497.21333333333</dst>
            <dst id="LOSAng">8528.82933333333</dst>
            <dst id="NYCMng">23383.0986666667</dst>
            <dst id="SNVAng">126.885333333333</dst>
            <dst id="STTLng">11267.9066666667</dst>
            <dst id="WASHng">6567.704</dst>
        </src>
        <src id="KSCYng">
            <dst id="ATLA-M5">0</dst>
            <dst id="ATLAng">1081.25066666667</dst>
            <dst id="CHINng">16268.288</dst>
            <dst id="DNVRng">11822.5653333333</dst>
            <dst id="HSTNng">2710.09066666667</dst>
            <dst id="IPLSng">10983.7066666667</dst>
            <dst id="KSCYng">7030.31466666667</dst>
            <dst id="LOSAng">4499.60533333333</dst>
            <dst id="NYCMng">1878.31466666667</dst>
            <dst id="SNVAng">1938.70133333333</dst>
            <dst id="STTLng">8740.344</dst>
            <dst id="WASHng">5249.62933333333</dst>
        </src>
        <src id="LOSAng">
            <dst id="ATLA-M5">484.042666666667</dst>
            <dst id="ATLAng">6473.07466666667</dst>
            <dst id="CHINng">114410.221333333</dst>
            <dst id="DNVRng">17236.864</dst>
            <dst id="HSTNng">2770.17066666667</dst>
            <dst id="IPLSng">12292.6906666667</dst>
            <dst id="KSCYng">2922.39466666667</dst>
            <dst id="LOSAng">11536.0693333333</dst>
            <dst id="NYCMng">33334.5013333333</dst>
            <dst id="SNVAng">19505.912</dst>
            <dst id="STTLng">37983.6106666667</dst>
            <dst id="WASHng">44076.5866666667</dst>
        </src>
        <src id="NYCMng">
            <dst id="ATLA-M5">128.346666666667</dst>
            <dst id="ATLAng">18373.4053333333</dst>
            <dst id="CHINng">18874.704</dst>
            <dst id="DNVRng">27737.6426666667</dst>
            <dst id="HSTNng">2340.86133333333</dst>
            <dst id="IPLSng">32031.5066666667</dst>
            <dst id="KSCYng">4564.768</dst>
            <dst id="LOSAng">72822.672</dst>
            <dst id="NYCMng">103002.861333333</dst>
            <dst id="SNVAng">2067.592</dst>
            <dst id="STTLng">20258.9626666667</dst>
            <dst id="WASHng">50783.9573333333</dst>
        </src>
        <src id="SNVAng">
            <dst id="ATLA-M5">0</dst>
            <dst id="ATLAng">26.6666666666667</dst>
            <dst id="CHINng">53.3333333333333</dst>
            <dst id="DNVRng">10075.488</dst>
            <dst id="HSTNng">36.3733333333333</dst>
            <dst id="IPLSng">204.352</dst>
            <dst id="KSCYng">26.6666666666667</dst>
            <dst id="LOSAng">27643.4266666667</dst>
            <dst id="NYCMng">8681.97333333333</dst>
            <dst id="SNVAng">5674.848</dst>
            <dst id="STTLng">29490.6426666667</dst>
            <dst id="WASHng">26.6666666666667</dst>
        </src>
        <src id="STTLng">
            <dst id="ATLA-M5">0</dst>
            <dst id="ATLAng">6984.77333333333</dst>
            <dst id="CHINng">23180.5733333333</dst>
            <dst id="DNVRng">4715.82666666667</dst>
            <dst id="HSTNng">1027.28533333333</dst>
            <dst id="IPLSng">4226.352</dst>
            <dst id="KSCYng">1323.01866666667</dst>
            <dst id="LOSAng">13786.6986666667</dst>
            <dst id="NYCMng">9218.65333333333</dst>
            <dst id="SNVAng">1879.53066666667</dst>
            <dst id="STTLng">2028.60533333333</dst>
            <dst id="WASHng">11324.8533333333</dst>
        </src>
        <src id="WASHng">
            <dst id="ATLA-M5">74.3893333333333</dst>
            <dst id="ATLAng">107483.301333333</dst>
            <dst id="CHINng">30874.64</dst>
            <dst id="DNVRng">43426.2453333333</dst>
            <dst id="HSTNng">9404.12266666667</dst>
            <dst id="IPLSng">65311.904</dst>
            <dst id="KSCYng">2783.97333333333</dst>
            <dst id="LOSAng">74375.9253333333</dst>
            <dst id="NYCMng">116835.538666667</dst>
            <dst id="SNVAng">4807.872</dst>
            <dst id="STTLng">26962.8906666667</dst>
            <dst id="WASHng">340667.6</dst>
        </src>
    </IntraTM>
</TrafficMatrixFile>
