<?xml version="1.0" encoding="ISO-8859-1" standalone="yes"?>
<TrafficMatrixFile xsi:noNamespaceSchemaLocation="http://totem.run.montefiore.ulg.ac.be/Schema/TrafficMatrix-v1_2.xsd" xmlns:xsi="http://www.w3.org/2001/XMLSchema-instance">
    <IntraTM ASID="11537">
        <src id="ATLA-M5">
            <dst id="ATLA-M5">609.434666666667</dst>
            <dst id="ATLAng">0</dst>
            <dst id="CHINng">61.648</dst>
            <dst id="DNVRng">0</dst>
            <dst id="HSTNng">0</dst>
            <dst id="IPLSng">0</dst>
            <dst id="KSCYng">0</dst>
            <dst id="LOSAng">420.965333333333</dst>
            <dst id="NYCMng">0</dst>
            <dst id="SNVAng">0</dst>
            <dst id="STTLng">0</dst>
            <dst id="WASHng">229.802666666667</dst>
        </src>
        <src id="ATLAng">
            <dst id="ATLA-M5">143.288</dst>
            <dst id="ATLAng">9599.68</dst>
            <dst id="CHINng">2848.032</dst>
            <dst id="DNVRng">3166.384</dst>
            <dst id="HSTNng">393.744</dst>
            <dst id="IPLSng">32480.3013333333</dst>
            <dst id="KSCYng">560.309333333333</dst>
            <dst id="LOSAng">8812.656</dst>
            <dst id="NYCMng">5713.47466666667</dst>
            <dst id="SNVAng">0</dst>
            <dst id="STTLng">10197.8426666667</dst>
            <dst id="WASHng">38990.728</dst>
        </src>
        <src id="CHINng">
            <dst id="ATLA-M5">26.6666666666667</dst>
            <dst id="ATLAng">10300.24</dst>
            <dst id="CHINng">53748.504</dst>
            <dst id="DNVRng">7256.04</dst>
            <dst id="HSTNng">3935.65333333333</dst>
            <dst id="IPLSng">84538.7093333333</dst>
            <dst id="KSCYng">3044.11733333333</dst>
            <dst id="LOSAng">37113.416</dst>
            <dst id="NYCMng">6186.392</dst>
            <dst id="SNVAng">142.957333333333</dst>
            <dst id="STTLng">3474.184</dst>
            <dst id="WASHng">33481.552</dst>
        </src>
        <src id="DNVRng">
            <dst id="ATLA-M5">254.738666666667</dst>
            <dst id="ATLAng">3665.22666666667</dst>
            <dst id="CHINng">52992.504</dst>
            <dst id="DNVRng">13588.456</dst>
            <dst id="HSTNng">15709.056</dst>
            <dst id="IPLSng">34182.9573333333</dst>
            <dst id="KSCYng">27770.2426666667</dst>
            <dst id="LOSAng">29428.136</dst>
            <dst id="NYCMng">14478.0906666667</dst>
            <dst id="SNVAng">15745.3946666667</dst>
            <dst id="STTLng">10392.2293333333</dst>
            <dst id="WASHng">32336.7066666667</dst>
        </src>
        <src id="HSTNng">
            <dst id="ATLA-M5">210.272</dst>
            <dst id="ATLAng">1501.22666666667</dst>
            <dst id="CHINng">15417.9413333333</dst>
            <dst id="DNVRng">493.656</dst>
            <dst id="HSTNng">18096.7493333333</dst>
            <dst id="IPLSng">4099.75466666667</dst>
            <dst id="KSCYng">522.418666666667</dst>
            <dst id="LOSAng">17789.1946666667</dst>
            <dst id="NYCMng">4729.784</dst>
            <dst id="SNVAng">0</dst>
            <dst id="STTLng">249.589333333333</dst>
            <dst id="WASHng">899.6</dst>
        </src>
        <src id="IPLSng">
            <dst id="ATLA-M5">26.6666666666667</dst>
            <dst id="ATLAng">11842.3066666667</dst>
            <dst id="CHINng">65710.3946666667</dst>
            <dst id="DNVRng">15166.7973333333</dst>
            <dst id="HSTNng">5194.08266666667</dst>
            <dst id="IPLSng">17163.6506666667</dst>
            <dst id="KSCYng">25305.944</dst>
            <dst id="LOSAng">13201.8693333333</dst>
            <dst id="NYCMng">35655.408</dst>
            <dst id="SNVAng">403.362666666667</dst>
            <dst id="STTLng">9612.16</dst>
            <dst id="WASHng">29416.0133333333</dst>
        </src>
        <src id="KSCYng">
            <dst id="ATLA-M5">730.765333333333</dst>
            <dst id="ATLAng">1186.808</dst>
            <dst id="CHINng">17151.1226666667</dst>
            <dst id="DNVRng">11367.984</dst>
            <dst id="HSTNng">2472.128</dst>
            <dst id="IPLSng">20775.3866666667</dst>
            <dst id="KSCYng">5456.86666666667</dst>
            <dst id="LOSAng">5940.53866666666</dst>
            <dst id="NYCMng">3604.22933333333</dst>
            <dst id="SNVAng">3102.87733333333</dst>
            <dst id="STTLng">4475.47466666667</dst>
            <dst id="WASHng">5437.63466666667</dst>
        </src>
        <src id="LOSAng">
            <dst id="ATLA-M5">531.864</dst>
            <dst id="ATLAng">6993.39733333333</dst>
            <dst id="CHINng">115643.666666667</dst>
            <dst id="DNVRng">6201.77866666667</dst>
            <dst id="HSTNng">2024.46666666667</dst>
            <dst id="IPLSng">10274.336</dst>
            <dst id="KSCYng">3694.65866666667</dst>
            <dst id="LOSAng">16926.072</dst>
            <dst id="NYCMng">42777.2186666667</dst>
            <dst id="SNVAng">7393.80266666667</dst>
            <dst id="STTLng">26181.648</dst>
            <dst id="WASHng">12437.3013333333</dst>
        </src>
        <src id="NYCMng">
            <dst id="ATLA-M5">656.578666666667</dst>
            <dst id="ATLAng">15711.2266666667</dst>
            <dst id="CHINng">16862.0906666667</dst>
            <dst id="DNVRng">30576.152</dst>
            <dst id="HSTNng">4275.584</dst>
            <dst id="IPLSng">23613.704</dst>
            <dst id="KSCYng">9102.06133333333</dst>
            <dst id="LOSAng">82727.2666666667</dst>
            <dst id="NYCMng">130459.237333333</dst>
            <dst id="SNVAng">931.986666666667</dst>
            <dst id="STTLng">29408.816</dst>
            <dst id="WASHng">42194.84</dst>
        </src>
        <src id="SNVAng">
            <dst id="ATLA-M5">0</dst>
            <dst id="ATLAng">26.6666666666667</dst>
            <dst id="CHINng">0</dst>
            <dst id="DNVRng">4215.776</dst>
            <dst id="HSTNng">31.2213333333333</dst>
            <dst id="IPLSng">253.976</dst>
            <dst id="KSCYng">26.6666666666667</dst>
            <dst id="LOSAng">31527.6826666667</dst>
            <dst id="NYCMng">365.045333333333</dst>
            <dst id="SNVAng">4492.14133333333</dst>
            <dst id="STTLng">21794.2666666667</dst>
            <dst id="WASHng">26.6666666666667</dst>
        </src>
        <src id="STTLng">
            <dst id="ATLA-M5">26.6666666666667</dst>
            <dst id="ATLAng">6686.30133333333</dst>
            <dst id="CHINng">22438.3866666667</dst>
            <dst id="DNVRng">1900.37066666667</dst>
            <dst id="HSTNng">866.274666666667</dst>
            <dst id="IPLSng">5401.53066666667</dst>
            <dst id="KSCYng">2689.43733333333</dst>
            <dst id="LOSAng">15219.8533333333</dst>
            <dst id="NYCMng">14933.2693333333</dst>
            <dst id="SNVAng">1929.20266666667</dst>
            <dst id="STTLng">6584.48533333333</dst>
            <dst id="WASHng">5435.552</dst>
        </src>
        <src id="WASHng">
            <dst id="ATLA-M5">104.805333333333</dst>
            <dst id="ATLAng">56812.016</dst>
            <dst id="CHINng">47259.584</dst>
            <dst id="DNVRng">43808.6106666667</dst>
            <dst id="HSTNng">14632.8506666667</dst>
            <dst id="IPLSng">47706.7226666667</dst>
            <dst id="KSCYng">6483.272</dst>
            <dst id="LOSAng">62617.208</dst>
            <dst id="NYCMng">167684.490666667</dst>
            <dst id="SNVAng">6216.56</dst>
            <dst id="STTLng">33196.2346666667</dst>
            <dst id="WASHng">309585.12</dst>
        </src>
    </IntraTM>
</TrafficMatrixFile>
