<?xml version="1.0" encoding="ISO-8859-1" standalone="yes"?>
<TrafficMatrixFile xsi:noNamespaceSchemaLocation="http://totem.run.montefiore.ulg.ac.be/Schema/TrafficMatrix-v1_2.xsd" xmlns:xsi="http://www.w3.org/2001/XMLSchema-instance">
    <IntraTM ASID="11537">
        <src id="ATLA-M5">
            <dst id="ATLA-M5">0</dst>
            <dst id="ATLAng">54.648</dst>
            <dst id="CHINng">166.656</dst>
            <dst id="DNVRng">26.6666666666667</dst>
            <dst id="HSTNng">114.890666666667</dst>
            <dst id="IPLSng">182.632</dst>
            <dst id="KSCYng">26.6666666666667</dst>
            <dst id="LOSAng">200.842666666667</dst>
            <dst id="NYCMng">1911.784</dst>
            <dst id="SNVAng">0</dst>
            <dst id="STTLng">0</dst>
            <dst id="WASHng">166.672</dst>
        </src>
        <src id="ATLAng">
            <dst id="ATLA-M5">217.125333333333</dst>
            <dst id="ATLAng">31686.1786666667</dst>
            <dst id="CHINng">8995.736</dst>
            <dst id="DNVRng">1943.304</dst>
            <dst id="HSTNng">7493.792</dst>
            <dst id="IPLSng">28986.832</dst>
            <dst id="KSCYng">1835.744</dst>
            <dst id="LOSAng">7184.192</dst>
            <dst id="NYCMng">4733.55466666667</dst>
            <dst id="SNVAng">106.666666666667</dst>
            <dst id="STTLng">8258.00266666667</dst>
            <dst id="WASHng">23842.5973333333</dst>
        </src>
        <src id="CHINng">
            <dst id="ATLA-M5">304.149333333333</dst>
            <dst id="ATLAng">10349.5786666667</dst>
            <dst id="CHINng">58391.792</dst>
            <dst id="DNVRng">23512.5546666667</dst>
            <dst id="HSTNng">6031.288</dst>
            <dst id="IPLSng">76852.5626666667</dst>
            <dst id="KSCYng">5151.056</dst>
            <dst id="LOSAng">42590.3253333333</dst>
            <dst id="NYCMng">7630.896</dst>
            <dst id="SNVAng">2032.232</dst>
            <dst id="STTLng">5437.09866666667</dst>
            <dst id="WASHng">16420.6106666667</dst>
        </src>
        <src id="DNVRng">
            <dst id="ATLA-M5">200.789333333333</dst>
            <dst id="ATLAng">3320.50133333333</dst>
            <dst id="CHINng">52296.096</dst>
            <dst id="DNVRng">17709.3786666667</dst>
            <dst id="HSTNng">15673.4106666667</dst>
            <dst id="IPLSng">38068.0933333333</dst>
            <dst id="KSCYng">24315.4586666667</dst>
            <dst id="LOSAng">27337.76</dst>
            <dst id="NYCMng">7669.86666666667</dst>
            <dst id="SNVAng">14668.1306666667</dst>
            <dst id="STTLng">14249.2506666667</dst>
            <dst id="WASHng">31682.776</dst>
        </src>
        <src id="HSTNng">
            <dst id="ATLA-M5">2211.73866666667</dst>
            <dst id="ATLAng">2564.00266666667</dst>
            <dst id="CHINng">4532.14666666667</dst>
            <dst id="DNVRng">1499.384</dst>
            <dst id="HSTNng">11573.6613333333</dst>
            <dst id="IPLSng">1646.90666666667</dst>
            <dst id="KSCYng">4838.10933333333</dst>
            <dst id="LOSAng">12904.8933333333</dst>
            <dst id="NYCMng">1513.09066666667</dst>
            <dst id="SNVAng">0</dst>
            <dst id="STTLng">1956.52</dst>
            <dst id="WASHng">7261.088</dst>
        </src>
        <src id="IPLSng">
            <dst id="ATLA-M5">62.7946666666667</dst>
            <dst id="ATLAng">21501.8693333333</dst>
            <dst id="CHINng">43274.5733333333</dst>
            <dst id="DNVRng">11488.8</dst>
            <dst id="HSTNng">2381.33333333333</dst>
            <dst id="IPLSng">16524</dst>
            <dst id="KSCYng">1779.45066666667</dst>
            <dst id="LOSAng">23250.8346666667</dst>
            <dst id="NYCMng">33812.1866666667</dst>
            <dst id="SNVAng">397.090666666667</dst>
            <dst id="STTLng">8192.53333333333</dst>
            <dst id="WASHng">21406.6</dst>
        </src>
        <src id="KSCYng">
            <dst id="ATLA-M5">894.037333333333</dst>
            <dst id="ATLAng">1543.45066666667</dst>
            <dst id="CHINng">10361.568</dst>
            <dst id="DNVRng">8409.784</dst>
            <dst id="HSTNng">10927.2986666667</dst>
            <dst id="IPLSng">9818.66133333333</dst>
            <dst id="KSCYng">7358.85866666667</dst>
            <dst id="LOSAng">9300.87733333333</dst>
            <dst id="NYCMng">2712.48</dst>
            <dst id="SNVAng">3551.16266666667</dst>
            <dst id="STTLng">3638.016</dst>
            <dst id="WASHng">7437.76</dst>
        </src>
        <src id="LOSAng">
            <dst id="ATLA-M5">80</dst>
            <dst id="ATLAng">20846.0906666667</dst>
            <dst id="CHINng">55601.1413333333</dst>
            <dst id="DNVRng">21653.2026666667</dst>
            <dst id="HSTNng">14120.6506666667</dst>
            <dst id="IPLSng">21112.9866666667</dst>
            <dst id="KSCYng">3038.8</dst>
            <dst id="LOSAng">28377.256</dst>
            <dst id="NYCMng">48604.872</dst>
            <dst id="SNVAng">13110.6346666667</dst>
            <dst id="STTLng">31043.9946666667</dst>
            <dst id="WASHng">62712.344</dst>
        </src>
        <src id="NYCMng">
            <dst id="ATLA-M5">765</dst>
            <dst id="ATLAng">22310.9866666667</dst>
            <dst id="CHINng">16492.88</dst>
            <dst id="DNVRng">24010.1466666667</dst>
            <dst id="HSTNng">8935.31733333333</dst>
            <dst id="IPLSng">16032.2506666667</dst>
            <dst id="KSCYng">8208.28533333333</dst>
            <dst id="LOSAng">86869.296</dst>
            <dst id="NYCMng">71049.5573333333</dst>
            <dst id="SNVAng">1499.752</dst>
            <dst id="STTLng">23556.096</dst>
            <dst id="WASHng">27342.816</dst>
        </src>
        <src id="SNVAng">
            <dst id="ATLA-M5">0</dst>
            <dst id="ATLAng">586.533333333333</dst>
            <dst id="CHINng">66.2933333333333</dst>
            <dst id="DNVRng">5889.00266666667</dst>
            <dst id="HSTNng">42.2613333333333</dst>
            <dst id="IPLSng">311.122666666667</dst>
            <dst id="KSCYng">0</dst>
            <dst id="LOSAng">31921.9653333333</dst>
            <dst id="NYCMng">572.36</dst>
            <dst id="SNVAng">4682.736</dst>
            <dst id="STTLng">25620.8586666667</dst>
            <dst id="WASHng">26.6666666666667</dst>
        </src>
        <src id="STTLng">
            <dst id="ATLA-M5">397.954666666667</dst>
            <dst id="ATLAng">9330.90666666667</dst>
            <dst id="CHINng">10854.6106666667</dst>
            <dst id="DNVRng">3594.808</dst>
            <dst id="HSTNng">1428.848</dst>
            <dst id="IPLSng">8502.24</dst>
            <dst id="KSCYng">1350.136</dst>
            <dst id="LOSAng">22177.1813333333</dst>
            <dst id="NYCMng">10485.568</dst>
            <dst id="SNVAng">2984.696</dst>
            <dst id="STTLng">5197.592</dst>
            <dst id="WASHng">11248.4666666667</dst>
        </src>
        <src id="WASHng">
            <dst id="ATLA-M5">26.6666666666667</dst>
            <dst id="ATLAng">73314.032</dst>
            <dst id="CHINng">38854.7146666667</dst>
            <dst id="DNVRng">62120.856</dst>
            <dst id="HSTNng">23081.2186666667</dst>
            <dst id="IPLSng">50811.4826666667</dst>
            <dst id="KSCYng">13726.7546666667</dst>
            <dst id="LOSAng">64331.2133333333</dst>
            <dst id="NYCMng">146254.8</dst>
            <dst id="SNVAng">4436.464</dst>
            <dst id="STTLng">40500.2826666667</dst>
            <dst id="WASHng">218995.696</dst>
        </src>
    </IntraTM>
</TrafficMatrixFile>
