<?xml version="1.0" encoding="ISO-8859-1" standalone="yes"?>
<TrafficMatrixFile xsi:noNamespaceSchemaLocation="http://totem.run.montefiore.ulg.ac.be/Schema/TrafficMatrix-v1_2.xsd" xmlns:xsi="http://www.w3.org/2001/XMLSchema-instance">
    <IntraTM ASID="11537">
        <src id="ATLA-M5">
            <dst id="ATLA-M5">0</dst>
            <dst id="ATLAng">40.344</dst>
            <dst id="CHINng">66.8986666666667</dst>
            <dst id="DNVRng">0</dst>
            <dst id="HSTNng">55.6746666666667</dst>
            <dst id="IPLSng">26.6666666666667</dst>
            <dst id="KSCYng">0</dst>
            <dst id="LOSAng">250.954666666667</dst>
            <dst id="NYCMng">0</dst>
            <dst id="SNVAng">13.3333333333333</dst>
            <dst id="STTLng">0</dst>
            <dst id="WASHng">1057.49066666667</dst>
        </src>
        <src id="ATLAng">
            <dst id="ATLA-M5">2693.17066666667</dst>
            <dst id="ATLAng">36742.6506666667</dst>
            <dst id="CHINng">2446.43466666667</dst>
            <dst id="DNVRng">3611.10933333333</dst>
            <dst id="HSTNng">6488.936</dst>
            <dst id="IPLSng">23779.2666666667</dst>
            <dst id="KSCYng">2860.08266666667</dst>
            <dst id="LOSAng">5086.40266666667</dst>
            <dst id="NYCMng">4711.80533333333</dst>
            <dst id="SNVAng">93.7626666666667</dst>
            <dst id="STTLng">9743.528</dst>
            <dst id="WASHng">34583.9706666667</dst>
        </src>
        <src id="CHINng">
            <dst id="ATLA-M5">132.810666666667</dst>
            <dst id="ATLAng">7700.096</dst>
            <dst id="CHINng">42685.1306666667</dst>
            <dst id="DNVRng">18159.4186666667</dst>
            <dst id="HSTNng">3532.46133333333</dst>
            <dst id="IPLSng">59880.5013333333</dst>
            <dst id="KSCYng">5866.224</dst>
            <dst id="LOSAng">34664.3973333333</dst>
            <dst id="NYCMng">10038.464</dst>
            <dst id="SNVAng">345.202666666667</dst>
            <dst id="STTLng">4786.84</dst>
            <dst id="WASHng">30858.2373333333</dst>
        </src>
        <src id="DNVRng">
            <dst id="ATLA-M5">156.298666666667</dst>
            <dst id="ATLAng">1859.30133333333</dst>
            <dst id="CHINng">58223.168</dst>
            <dst id="DNVRng">3991.176</dst>
            <dst id="HSTNng">12869.424</dst>
            <dst id="IPLSng">40160.3413333333</dst>
            <dst id="KSCYng">10896.4773333333</dst>
            <dst id="LOSAng">7540.26133333333</dst>
            <dst id="NYCMng">14101.2133333333</dst>
            <dst id="SNVAng">7334.504</dst>
            <dst id="STTLng">9857.23733333333</dst>
            <dst id="WASHng">34620.568</dst>
        </src>
        <src id="HSTNng">
            <dst id="ATLA-M5">2286.85066666667</dst>
            <dst id="ATLAng">2146.32533333333</dst>
            <dst id="CHINng">24367.536</dst>
            <dst id="DNVRng">1218.12</dst>
            <dst id="HSTNng">18652.2133333333</dst>
            <dst id="IPLSng">1031.744</dst>
            <dst id="KSCYng">593.589333333333</dst>
            <dst id="LOSAng">2840.53333333333</dst>
            <dst id="NYCMng">5886.592</dst>
            <dst id="SNVAng">0</dst>
            <dst id="STTLng">2931.192</dst>
            <dst id="WASHng">1154.83733333333</dst>
        </src>
        <src id="IPLSng">
            <dst id="ATLA-M5">26.6666666666667</dst>
            <dst id="ATLAng">13365.312</dst>
            <dst id="CHINng">61988.6133333333</dst>
            <dst id="DNVRng">4992.33333333333</dst>
            <dst id="HSTNng">2349.73333333333</dst>
            <dst id="IPLSng">26475.488</dst>
            <dst id="KSCYng">8865.01866666667</dst>
            <dst id="LOSAng">7783.65866666667</dst>
            <dst id="NYCMng">25523.5546666667</dst>
            <dst id="SNVAng">216.373333333333</dst>
            <dst id="STTLng">10563.6293333333</dst>
            <dst id="WASHng">10834.2746666667</dst>
        </src>
        <src id="KSCYng">
            <dst id="ATLA-M5">0</dst>
            <dst id="ATLAng">1331.62133333333</dst>
            <dst id="CHINng">18752.304</dst>
            <dst id="DNVRng">12346.6773333333</dst>
            <dst id="HSTNng">2667.13866666667</dst>
            <dst id="IPLSng">11122.7066666667</dst>
            <dst id="KSCYng">5830.03466666667</dst>
            <dst id="LOSAng">5461.38666666667</dst>
            <dst id="NYCMng">1886.208</dst>
            <dst id="SNVAng">2287.68</dst>
            <dst id="STTLng">9015.94133333333</dst>
            <dst id="WASHng">5428.25066666667</dst>
        </src>
        <src id="LOSAng">
            <dst id="ATLA-M5">504.648</dst>
            <dst id="ATLAng">25346.6853333333</dst>
            <dst id="CHINng">120709.005333333</dst>
            <dst id="DNVRng">28265.032</dst>
            <dst id="HSTNng">2221.408</dst>
            <dst id="IPLSng">12588.304</dst>
            <dst id="KSCYng">3206.456</dst>
            <dst id="LOSAng">11750.5253333333</dst>
            <dst id="NYCMng">43109.6666666667</dst>
            <dst id="SNVAng">27392.1253333333</dst>
            <dst id="STTLng">36442.6186666667</dst>
            <dst id="WASHng">18150.4506666667</dst>
        </src>
        <src id="NYCMng">
            <dst id="ATLA-M5">26.6666666666667</dst>
            <dst id="ATLAng">18088.3333333333</dst>
            <dst id="CHINng">19232.8133333333</dst>
            <dst id="DNVRng">27910.568</dst>
            <dst id="HSTNng">2944.816</dst>
            <dst id="IPLSng">30634.5013333333</dst>
            <dst id="KSCYng">4704.95466666667</dst>
            <dst id="LOSAng">77486.5626666667</dst>
            <dst id="NYCMng">114598.92</dst>
            <dst id="SNVAng">2892.45066666667</dst>
            <dst id="STTLng">20975.4826666667</dst>
            <dst id="WASHng">55202.3786666667</dst>
        </src>
        <src id="SNVAng">
            <dst id="ATLA-M5">0</dst>
            <dst id="ATLAng">86.0266666666667</dst>
            <dst id="CHINng">84.3626666666667</dst>
            <dst id="DNVRng">526.709333333333</dst>
            <dst id="HSTNng">29.2266666666667</dst>
            <dst id="IPLSng">288.312</dst>
            <dst id="KSCYng">0</dst>
            <dst id="LOSAng">20674.6986666667</dst>
            <dst id="NYCMng">286.432</dst>
            <dst id="SNVAng">5477.728</dst>
            <dst id="STTLng">26106.1493333333</dst>
            <dst id="WASHng">26.6666666666667</dst>
        </src>
        <src id="STTLng">
            <dst id="ATLA-M5">0</dst>
            <dst id="ATLAng">7660.88533333333</dst>
            <dst id="CHINng">18046.176</dst>
            <dst id="DNVRng">5396.37866666667</dst>
            <dst id="HSTNng">1096</dst>
            <dst id="IPLSng">4493.21333333333</dst>
            <dst id="KSCYng">1072.31733333333</dst>
            <dst id="LOSAng">15938.0933333333</dst>
            <dst id="NYCMng">10406.6933333333</dst>
            <dst id="SNVAng">1894.47733333333</dst>
            <dst id="STTLng">2315.80533333333</dst>
            <dst id="WASHng">17051.16</dst>
        </src>
        <src id="WASHng">
            <dst id="ATLA-M5">168.498666666667</dst>
            <dst id="ATLAng">68495.4693333333</dst>
            <dst id="CHINng">30446.76</dst>
            <dst id="DNVRng">40799.4933333333</dst>
            <dst id="HSTNng">17020.5226666667</dst>
            <dst id="IPLSng">47468.424</dst>
            <dst id="KSCYng">4548.36266666667</dst>
            <dst id="LOSAng">69917.9653333333</dst>
            <dst id="NYCMng">129426.848</dst>
            <dst id="SNVAng">4649.29866666667</dst>
            <dst id="STTLng">23295.2933333333</dst>
            <dst id="WASHng">365400.64</dst>
        </src>
    </IntraTM>
</TrafficMatrixFile>
