<?xml version="1.0" encoding="ISO-8859-1" standalone="yes"?>
<TrafficMatrixFile xsi:noNamespaceSchemaLocation="http://totem.run.montefiore.ulg.ac.be/Schema/TrafficMatrix-v1_2.xsd" xmlns:xsi="http://www.w3.org/2001/XMLSchema-instance">
    <IntraTM ASID="11537">
        <src id="ATLA-M5">
            <dst id="ATLA-M5">0</dst>
            <dst id="ATLAng">2220.40533333333</dst>
            <dst id="CHINng">880.165333333333</dst>
            <dst id="DNVRng">0</dst>
            <dst id="HSTNng">189.792</dst>
            <dst id="IPLSng">165.333333333333</dst>
            <dst id="KSCYng">340.48</dst>
            <dst id="LOSAng">694.664</dst>
            <dst id="NYCMng">53.3333333333333</dst>
            <dst id="SNVAng">0</dst>
            <dst id="STTLng">26.6666666666667</dst>
            <dst id="WASHng">364.114666666667</dst>
        </src>
        <src id="ATLAng">
            <dst id="ATLA-M5">180.272</dst>
            <dst id="ATLAng">25587.888</dst>
            <dst id="CHINng">12860.04</dst>
            <dst id="DNVRng">3487.74933333333</dst>
            <dst id="HSTNng">2888.752</dst>
            <dst id="IPLSng">18038.3013333333</dst>
            <dst id="KSCYng">693.618666666667</dst>
            <dst id="LOSAng">11846.5133333333</dst>
            <dst id="NYCMng">2707.208</dst>
            <dst id="SNVAng">159.524</dst>
            <dst id="STTLng">7000.90133333333</dst>
            <dst id="WASHng">51757.904</dst>
        </src>
        <src id="CHINng">
            <dst id="ATLA-M5">861.226666666667</dst>
            <dst id="ATLAng">18295.7893333333</dst>
            <dst id="CHINng">61001.688</dst>
            <dst id="DNVRng">6984.36</dst>
            <dst id="HSTNng">10883.7893333333</dst>
            <dst id="IPLSng">30028.5893333333</dst>
            <dst id="KSCYng">7362.936</dst>
            <dst id="LOSAng">55220.5226666667</dst>
            <dst id="NYCMng">13078.4693333333</dst>
            <dst id="SNVAng">2537.77866666667</dst>
            <dst id="STTLng">8517.064</dst>
            <dst id="WASHng">34855.944</dst>
        </src>
        <src id="DNVRng">
            <dst id="ATLA-M5">103.626666666667</dst>
            <dst id="ATLAng">8296.08533333333</dst>
            <dst id="CHINng">44404.7466666667</dst>
            <dst id="DNVRng">13857.2933333333</dst>
            <dst id="HSTNng">23224.7466666667</dst>
            <dst id="IPLSng">30083.5786666667</dst>
            <dst id="KSCYng">17088.208</dst>
            <dst id="LOSAng">23511.5093333333</dst>
            <dst id="NYCMng">13988.792</dst>
            <dst id="SNVAng">15123.936</dst>
            <dst id="STTLng">9884.70666666667</dst>
            <dst id="WASHng">45737.6346666667</dst>
        </src>
        <src id="HSTNng">
            <dst id="ATLA-M5">343.477333333333</dst>
            <dst id="ATLAng">2710.76</dst>
            <dst id="CHINng">11645.6613333333</dst>
            <dst id="DNVRng">2144.4</dst>
            <dst id="HSTNng">16125.4506666667</dst>
            <dst id="IPLSng">2388.37866666667</dst>
            <dst id="KSCYng">1777.032</dst>
            <dst id="LOSAng">9963.808</dst>
            <dst id="NYCMng">3484.016</dst>
            <dst id="SNVAng">0</dst>
            <dst id="STTLng">3064.15733333333</dst>
            <dst id="WASHng">6668.70933333333</dst>
        </src>
        <src id="IPLSng">
            <dst id="ATLA-M5">137.805333333333</dst>
            <dst id="ATLAng">14086.2053333333</dst>
            <dst id="CHINng">59812.6293333333</dst>
            <dst id="DNVRng">13167.4106666667</dst>
            <dst id="HSTNng">7149.92533333333</dst>
            <dst id="IPLSng">15372.2666666667</dst>
            <dst id="KSCYng">4386.232</dst>
            <dst id="LOSAng">23339.8266666667</dst>
            <dst id="NYCMng">29030.4826666667</dst>
            <dst id="SNVAng">6040.048</dst>
            <dst id="STTLng">11816.3866666667</dst>
            <dst id="WASHng">16039.824</dst>
        </src>
        <src id="KSCYng">
            <dst id="ATLA-M5">1124.592</dst>
            <dst id="ATLAng">2896.40266666667</dst>
            <dst id="CHINng">13708.3333333333</dst>
            <dst id="DNVRng">9697.752</dst>
            <dst id="HSTNng">23141.5813333333</dst>
            <dst id="IPLSng">10743.1493333333</dst>
            <dst id="KSCYng">12972.776</dst>
            <dst id="LOSAng">16066.3173333333</dst>
            <dst id="NYCMng">3971.264</dst>
            <dst id="SNVAng">2627.09066666667</dst>
            <dst id="STTLng">3997.824</dst>
            <dst id="WASHng">8343.94933333333</dst>
        </src>
        <src id="LOSAng">
            <dst id="ATLA-M5">1425.36266666667</dst>
            <dst id="ATLAng">21171.9333333333</dst>
            <dst id="CHINng">70655.304</dst>
            <dst id="DNVRng">21957.4186666667</dst>
            <dst id="HSTNng">14834.0373333333</dst>
            <dst id="IPLSng">16659.1946666667</dst>
            <dst id="KSCYng">4226.82133333333</dst>
            <dst id="LOSAng">30755.4613333333</dst>
            <dst id="NYCMng">33549.1466666667</dst>
            <dst id="SNVAng">13782.0373333333</dst>
            <dst id="STTLng">31870.16</dst>
            <dst id="WASHng">18135.8453333333</dst>
        </src>
        <src id="NYCMng">
            <dst id="ATLA-M5">170.741333333333</dst>
            <dst id="ATLAng">22907.1946666667</dst>
            <dst id="CHINng">12794.584</dst>
            <dst id="DNVRng">28210.9386666667</dst>
            <dst id="HSTNng">9337.896</dst>
            <dst id="IPLSng">14159.5173333333</dst>
            <dst id="KSCYng">13072.0293333333</dst>
            <dst id="LOSAng">76128.2</dst>
            <dst id="NYCMng">62507.9093333333</dst>
            <dst id="SNVAng">2947.06933333333</dst>
            <dst id="STTLng">20086.408</dst>
            <dst id="WASHng">52082.2293333333</dst>
        </src>
        <src id="SNVAng">
            <dst id="ATLA-M5">0</dst>
            <dst id="ATLAng">652.512</dst>
            <dst id="CHINng">0</dst>
            <dst id="DNVRng">3503.616</dst>
            <dst id="HSTNng">892.586666666667</dst>
            <dst id="IPLSng">175.757333333333</dst>
            <dst id="KSCYng">26.6666666666667</dst>
            <dst id="LOSAng">49988.3466666667</dst>
            <dst id="NYCMng">358.026666666667</dst>
            <dst id="SNVAng">11120.4906666667</dst>
            <dst id="STTLng">31099.4213333333</dst>
            <dst id="WASHng">710.133333333333</dst>
        </src>
        <src id="STTLng">
            <dst id="ATLA-M5">231.453333333333</dst>
            <dst id="ATLAng">11402.3386666667</dst>
            <dst id="CHINng">11337.36</dst>
            <dst id="DNVRng">5728.944</dst>
            <dst id="HSTNng">3427.39466666667</dst>
            <dst id="IPLSng">6224.208</dst>
            <dst id="KSCYng">2548.44533333333</dst>
            <dst id="LOSAng">309578.586666667</dst>
            <dst id="NYCMng">14920.9413333333</dst>
            <dst id="SNVAng">4587.18933333333</dst>
            <dst id="STTLng">23107.3973333333</dst>
            <dst id="WASHng">10764.5386666667</dst>
        </src>
        <src id="WASHng">
            <dst id="ATLA-M5">212.418666666667</dst>
            <dst id="ATLAng">94392.1306666666</dst>
            <dst id="CHINng">69977.8026666667</dst>
            <dst id="DNVRng">70657.072</dst>
            <dst id="HSTNng">22544.8133333333</dst>
            <dst id="IPLSng">59532.4533333333</dst>
            <dst id="KSCYng">16965.5573333333</dst>
            <dst id="LOSAng">63481.4346666667</dst>
            <dst id="NYCMng">177914.168</dst>
            <dst id="SNVAng">5072.70666666667</dst>
            <dst id="STTLng">67366.6693333334</dst>
            <dst id="WASHng">227573.090666667</dst>
        </src>
    </IntraTM>
</TrafficMatrixFile>
