<?xml version="1.0" encoding="ISO-8859-1" standalone="yes"?>
<TrafficMatrixFile xsi:noNamespaceSchemaLocation="http://totem.run.montefiore.ulg.ac.be/Schema/TrafficMatrix-v1_2.xsd" xmlns:xsi="http://www.w3.org/2001/XMLSchema-instance">
    <IntraTM ASID="11537">
        <src id="ATLA-M5">
            <dst id="ATLA-M5">224.928</dst>
            <dst id="ATLAng">431.261333333333</dst>
            <dst id="CHINng">80</dst>
            <dst id="DNVRng">26.6666666666667</dst>
            <dst id="HSTNng">134.986666666667</dst>
            <dst id="IPLSng">3532.90666666667</dst>
            <dst id="KSCYng">40</dst>
            <dst id="LOSAng">37.5253333333333</dst>
            <dst id="NYCMng">53.3333333333333</dst>
            <dst id="SNVAng">0</dst>
            <dst id="STTLng">128.354666666667</dst>
            <dst id="WASHng">1901.41333333333</dst>
        </src>
        <src id="ATLAng">
            <dst id="ATLA-M5">268.917333333333</dst>
            <dst id="ATLAng">51030.816</dst>
            <dst id="CHINng">5741.30933333333</dst>
            <dst id="DNVRng">4639.10666666667</dst>
            <dst id="HSTNng">16501.4266666667</dst>
            <dst id="IPLSng">14013.8426666667</dst>
            <dst id="KSCYng">6504.18933333333</dst>
            <dst id="LOSAng">13075.16</dst>
            <dst id="NYCMng">20327.1386666667</dst>
            <dst id="SNVAng">553.632</dst>
            <dst id="STTLng">13610.888</dst>
            <dst id="WASHng">54551.9013333333</dst>
        </src>
        <src id="CHINng">
            <dst id="ATLA-M5">450.048</dst>
            <dst id="ATLAng">18518.8186666667</dst>
            <dst id="CHINng">61820.3386666667</dst>
            <dst id="DNVRng">8591.376</dst>
            <dst id="HSTNng">10036.488</dst>
            <dst id="IPLSng">47031.4133333333</dst>
            <dst id="KSCYng">9508.04533333333</dst>
            <dst id="LOSAng">27170.7813333333</dst>
            <dst id="NYCMng">16133.6453333333</dst>
            <dst id="SNVAng">4639.74666666667</dst>
            <dst id="STTLng">10464.7253333333</dst>
            <dst id="WASHng">35334.456</dst>
        </src>
        <src id="DNVRng">
            <dst id="ATLA-M5">230.282666666667</dst>
            <dst id="ATLAng">11054.368</dst>
            <dst id="CHINng">72496.68</dst>
            <dst id="DNVRng">15343.8213333333</dst>
            <dst id="HSTNng">29291.944</dst>
            <dst id="IPLSng">38614.496</dst>
            <dst id="KSCYng">32649.0933333333</dst>
            <dst id="LOSAng">43409.4026666667</dst>
            <dst id="NYCMng">21109.08</dst>
            <dst id="SNVAng">27543.6746666667</dst>
            <dst id="STTLng">14109.9226666667</dst>
            <dst id="WASHng">45117.696</dst>
        </src>
        <src id="HSTNng">
            <dst id="ATLA-M5">2962.39466666667</dst>
            <dst id="ATLAng">3944.848</dst>
            <dst id="CHINng">19696.64</dst>
            <dst id="DNVRng">1350.37866666667</dst>
            <dst id="HSTNng">16193.4346666667</dst>
            <dst id="IPLSng">5093.38933333333</dst>
            <dst id="KSCYng">3950.85066666667</dst>
            <dst id="LOSAng">10608.1306666667</dst>
            <dst id="NYCMng">8693.05333333334</dst>
            <dst id="SNVAng">250.08</dst>
            <dst id="STTLng">601.016</dst>
            <dst id="WASHng">4588.26933333333</dst>
        </src>
        <src id="IPLSng">
            <dst id="ATLA-M5">99.9146666666666</dst>
            <dst id="ATLAng">35464.6906666667</dst>
            <dst id="CHINng">102670.36</dst>
            <dst id="DNVRng">13098.3573333333</dst>
            <dst id="HSTNng">2092.26666666667</dst>
            <dst id="IPLSng">19639.6186666667</dst>
            <dst id="KSCYng">10501.328</dst>
            <dst id="LOSAng">18201.24</dst>
            <dst id="NYCMng">31758.152</dst>
            <dst id="SNVAng">2895.40533333333</dst>
            <dst id="STTLng">15830.176</dst>
            <dst id="WASHng">20498.464</dst>
        </src>
        <src id="KSCYng">
            <dst id="ATLA-M5">80</dst>
            <dst id="ATLAng">8848.99733333333</dst>
            <dst id="CHINng">28881.456</dst>
            <dst id="DNVRng">14479.552</dst>
            <dst id="HSTNng">6484.90133333333</dst>
            <dst id="IPLSng">16387.5626666667</dst>
            <dst id="KSCYng">15650.0373333333</dst>
            <dst id="LOSAng">3871.83466666667</dst>
            <dst id="NYCMng">1859.90933333333</dst>
            <dst id="SNVAng">2063.49333333333</dst>
            <dst id="STTLng">2416.904</dst>
            <dst id="WASHng">31810.4666666667</dst>
        </src>
        <src id="LOSAng">
            <dst id="ATLA-M5">586.450666666667</dst>
            <dst id="ATLAng">33534.0933333333</dst>
            <dst id="CHINng">150498.736</dst>
            <dst id="DNVRng">25819.6586666667</dst>
            <dst id="HSTNng">7490.09066666667</dst>
            <dst id="IPLSng">44587.8426666667</dst>
            <dst id="KSCYng">4951.25066666667</dst>
            <dst id="LOSAng">14963.9786666667</dst>
            <dst id="NYCMng">45206.6106666667</dst>
            <dst id="SNVAng">11362.0693333333</dst>
            <dst id="STTLng">19384.2026666667</dst>
            <dst id="WASHng">39589.056</dst>
        </src>
        <src id="NYCMng">
            <dst id="ATLA-M5">468.258666666667</dst>
            <dst id="ATLAng">33519.6</dst>
            <dst id="CHINng">30686.7226666667</dst>
            <dst id="DNVRng">24356.8453333333</dst>
            <dst id="HSTNng">13524.528</dst>
            <dst id="IPLSng">27079.2346666667</dst>
            <dst id="KSCYng">9982.61066666667</dst>
            <dst id="LOSAng">79771.1733333333</dst>
            <dst id="NYCMng">115360.197333333</dst>
            <dst id="SNVAng">1793.85866666667</dst>
            <dst id="STTLng">18481.0986666667</dst>
            <dst id="WASHng">84298.6613333333</dst>
        </src>
        <src id="SNVAng">
            <dst id="ATLA-M5">0</dst>
            <dst id="ATLAng">429.578666666667</dst>
            <dst id="CHINng">80</dst>
            <dst id="DNVRng">4120.67733333333</dst>
            <dst id="HSTNng">604.861333333333</dst>
            <dst id="IPLSng">2363.33333333333</dst>
            <dst id="KSCYng">53.3333333333333</dst>
            <dst id="LOSAng">31554.9626666667</dst>
            <dst id="NYCMng">8339.168</dst>
            <dst id="SNVAng">7698.50133333333</dst>
            <dst id="STTLng">31877.7493333333</dst>
            <dst id="WASHng">80</dst>
        </src>
        <src id="STTLng">
            <dst id="ATLA-M5">279.357333333333</dst>
            <dst id="ATLAng">10987.7786666667</dst>
            <dst id="CHINng">39240.7546666667</dst>
            <dst id="DNVRng">2385.048</dst>
            <dst id="HSTNng">2924.42933333333</dst>
            <dst id="IPLSng">10495.3866666667</dst>
            <dst id="KSCYng">5442.13066666667</dst>
            <dst id="LOSAng">17102.976</dst>
            <dst id="NYCMng">12910.984</dst>
            <dst id="SNVAng">4605.38933333333</dst>
            <dst id="STTLng">8150.59466666667</dst>
            <dst id="WASHng">22969.616</dst>
        </src>
        <src id="WASHng">
            <dst id="ATLA-M5">439.386666666667</dst>
            <dst id="ATLAng">131434.090666667</dst>
            <dst id="CHINng">50936.4293333333</dst>
            <dst id="DNVRng">49546.3226666667</dst>
            <dst id="HSTNng">24764.3386666667</dst>
            <dst id="IPLSng">71843.1573333333</dst>
            <dst id="KSCYng">15066.0213333333</dst>
            <dst id="LOSAng">66633.0453333333</dst>
            <dst id="NYCMng">182715.568</dst>
            <dst id="SNVAng">12732.1786666667</dst>
            <dst id="STTLng">29199.48</dst>
            <dst id="WASHng">372354.72</dst>
        </src>
    </IntraTM>
</TrafficMatrixFile>
