<?xml version="1.0" encoding="ISO-8859-1" standalone="yes"?>
<TrafficMatrixFile xsi:noNamespaceSchemaLocation="http://totem.run.montefiore.ulg.ac.be/Schema/TrafficMatrix-v1_2.xsd" xmlns:xsi="http://www.w3.org/2001/XMLSchema-instance">
    <IntraTM ASID="11537">
        <src id="ATLA-M5">
            <dst id="ATLA-M5">12866.824</dst>
            <dst id="ATLAng">429.752</dst>
            <dst id="CHINng">53.3333333333333</dst>
            <dst id="DNVRng">26.6666666666667</dst>
            <dst id="HSTNng">74.1333333333333</dst>
            <dst id="IPLSng">107.936</dst>
            <dst id="KSCYng">58.5333333333333</dst>
            <dst id="LOSAng">66.6666666666667</dst>
            <dst id="NYCMng">26.6666666666667</dst>
            <dst id="SNVAng">13.3333333333333</dst>
            <dst id="STTLng">56.1786666666667</dst>
            <dst id="WASHng">1410.14133333333</dst>
        </src>
        <src id="ATLAng">
            <dst id="ATLA-M5">210.565333333333</dst>
            <dst id="ATLAng">69441.648</dst>
            <dst id="CHINng">18642.5546666667</dst>
            <dst id="DNVRng">10938.7653333333</dst>
            <dst id="HSTNng">13938.2906666667</dst>
            <dst id="IPLSng">21299.3413333333</dst>
            <dst id="KSCYng">9707.544</dst>
            <dst id="LOSAng">17475.2533333333</dst>
            <dst id="NYCMng">15785.1306666667</dst>
            <dst id="SNVAng">2213.65333333333</dst>
            <dst id="STTLng">13912.792</dst>
            <dst id="WASHng">53224.4373333333</dst>
        </src>
        <src id="CHINng">
            <dst id="ATLA-M5">488.093333333333</dst>
            <dst id="ATLAng">31812.3146666667</dst>
            <dst id="CHINng">65588.688</dst>
            <dst id="DNVRng">14503.3413333333</dst>
            <dst id="HSTNng">26111.1226666667</dst>
            <dst id="IPLSng">39524.8693333333</dst>
            <dst id="KSCYng">18238.16</dst>
            <dst id="LOSAng">31051.656</dst>
            <dst id="NYCMng">11983.432</dst>
            <dst id="SNVAng">9625.344</dst>
            <dst id="STTLng">10325.3626666667</dst>
            <dst id="WASHng">46111.968</dst>
        </src>
        <src id="DNVRng">
            <dst id="ATLA-M5">351.018666666667</dst>
            <dst id="ATLAng">14758.288</dst>
            <dst id="CHINng">81647.2586666667</dst>
            <dst id="DNVRng">16156.1493333333</dst>
            <dst id="HSTNng">13208.048</dst>
            <dst id="IPLSng">38808.4186666667</dst>
            <dst id="KSCYng">23718.4986666667</dst>
            <dst id="LOSAng">13951.424</dst>
            <dst id="NYCMng">24002.616</dst>
            <dst id="SNVAng">16036.72</dst>
            <dst id="STTLng">13033.8586666667</dst>
            <dst id="WASHng">34048.456</dst>
        </src>
        <src id="HSTNng">
            <dst id="ATLA-M5">443.322666666667</dst>
            <dst id="ATLAng">6884.02933333333</dst>
            <dst id="CHINng">21648.8746666667</dst>
            <dst id="DNVRng">1494.90933333333</dst>
            <dst id="HSTNng">12619.2933333333</dst>
            <dst id="IPLSng">3815.888</dst>
            <dst id="KSCYng">2562.38933333333</dst>
            <dst id="LOSAng">7304.968</dst>
            <dst id="NYCMng">3975.12</dst>
            <dst id="SNVAng">80.4826666666667</dst>
            <dst id="STTLng">1716.60533333333</dst>
            <dst id="WASHng">4801.448</dst>
        </src>
        <src id="IPLSng">
            <dst id="ATLA-M5">152.794666666667</dst>
            <dst id="ATLAng">25451.7066666667</dst>
            <dst id="CHINng">83427.624</dst>
            <dst id="DNVRng">20075.5413333333</dst>
            <dst id="HSTNng">3248.04</dst>
            <dst id="IPLSng">46347.9973333333</dst>
            <dst id="KSCYng">5726.13066666667</dst>
            <dst id="LOSAng">22459.9066666667</dst>
            <dst id="NYCMng">58012.0266666667</dst>
            <dst id="SNVAng">2893.41866666667</dst>
            <dst id="STTLng">6572.75466666667</dst>
            <dst id="WASHng">23081.1146666667</dst>
        </src>
        <src id="KSCYng">
            <dst id="ATLA-M5">99.1546666666667</dst>
            <dst id="ATLAng">9828.92266666667</dst>
            <dst id="CHINng">32394.0026666667</dst>
            <dst id="DNVRng">8493.58933333333</dst>
            <dst id="HSTNng">3790.096</dst>
            <dst id="IPLSng">16067.072</dst>
            <dst id="KSCYng">11054.024</dst>
            <dst id="LOSAng">6963.19466666667</dst>
            <dst id="NYCMng">2554.568</dst>
            <dst id="SNVAng">3937.85333333333</dst>
            <dst id="STTLng">3135.36</dst>
            <dst id="WASHng">20127.6186666667</dst>
        </src>
        <src id="LOSAng">
            <dst id="ATLA-M5">1276.696</dst>
            <dst id="ATLAng">35970.4853333333</dst>
            <dst id="CHINng">129976.904</dst>
            <dst id="DNVRng">24895.3466666667</dst>
            <dst id="HSTNng">7941.016</dst>
            <dst id="IPLSng">47340.0293333333</dst>
            <dst id="KSCYng">12619.9573333333</dst>
            <dst id="LOSAng">16950.7893333333</dst>
            <dst id="NYCMng">46888.8186666667</dst>
            <dst id="SNVAng">21003.4506666667</dst>
            <dst id="STTLng">22883.1733333333</dst>
            <dst id="WASHng">54847.8533333333</dst>
        </src>
        <src id="NYCMng">
            <dst id="ATLA-M5">357.722666666667</dst>
            <dst id="ATLAng">49046.528</dst>
            <dst id="CHINng">19766.392</dst>
            <dst id="DNVRng">34313.56</dst>
            <dst id="HSTNng">14766.2373333333</dst>
            <dst id="IPLSng">58351.8666666667</dst>
            <dst id="KSCYng">12976.3066666667</dst>
            <dst id="LOSAng">83822.8266666667</dst>
            <dst id="NYCMng">136834.397333333</dst>
            <dst id="SNVAng">6685.30133333333</dst>
            <dst id="STTLng">42761.4666666667</dst>
            <dst id="WASHng">89692.0186666667</dst>
        </src>
        <src id="SNVAng">
            <dst id="ATLA-M5">0</dst>
            <dst id="ATLAng">270.669333333333</dst>
            <dst id="CHINng">62.8666666666667</dst>
            <dst id="DNVRng">5435.22133333333</dst>
            <dst id="HSTNng">57.232</dst>
            <dst id="IPLSng">10879.2266666667</dst>
            <dst id="KSCYng">26.6666666666667</dst>
            <dst id="LOSAng">35089.2053333333</dst>
            <dst id="NYCMng">421.741333333333</dst>
            <dst id="SNVAng">7765.496</dst>
            <dst id="STTLng">25285.0586666667</dst>
            <dst id="WASHng">218.885333333333</dst>
        </src>
        <src id="STTLng">
            <dst id="ATLA-M5">350.336</dst>
            <dst id="ATLAng">15086.7253333333</dst>
            <dst id="CHINng">28512.7786666667</dst>
            <dst id="DNVRng">5066</dst>
            <dst id="HSTNng">3345.496</dst>
            <dst id="IPLSng">17192.256</dst>
            <dst id="KSCYng">6059.78933333333</dst>
            <dst id="LOSAng">22733.5733333333</dst>
            <dst id="NYCMng">15430.5333333333</dst>
            <dst id="SNVAng">6843.33066666666</dst>
            <dst id="STTLng">5901.544</dst>
            <dst id="WASHng">22441.3413333333</dst>
        </src>
        <src id="WASHng">
            <dst id="ATLA-M5">8061.78666666667</dst>
            <dst id="ATLAng">132889.077333333</dst>
            <dst id="CHINng">61560.9066666667</dst>
            <dst id="DNVRng">72162.1386666667</dst>
            <dst id="HSTNng">15298.8213333333</dst>
            <dst id="IPLSng">73121.9946666667</dst>
            <dst id="KSCYng">23596.7493333333</dst>
            <dst id="LOSAng">70616.368</dst>
            <dst id="NYCMng">174839.421333333</dst>
            <dst id="SNVAng">19159.9226666667</dst>
            <dst id="STTLng">48954.5226666667</dst>
            <dst id="WASHng">342550.933333333</dst>
        </src>
    </IntraTM>
</TrafficMatrixFile>
