<?xml version="1.0" encoding="ISO-8859-1" standalone="yes"?>
<TrafficMatrixFile xsi:noNamespaceSchemaLocation="http://totem.run.montefiore.ulg.ac.be/Schema/TrafficMatrix-v1_2.xsd" xmlns:xsi="http://www.w3.org/2001/XMLSchema-instance">
    <IntraTM ASID="11537">
        <src id="ATLA-M5">
            <dst id="ATLA-M5">53.3333333333333</dst>
            <dst id="ATLAng">133.333333333333</dst>
            <dst id="CHINng">126.485333333333</dst>
            <dst id="DNVRng">0</dst>
            <dst id="HSTNng">80.9546666666667</dst>
            <dst id="IPLSng">26.6666666666667</dst>
            <dst id="KSCYng">85.32</dst>
            <dst id="LOSAng">499.586666666667</dst>
            <dst id="NYCMng">365.709333333333</dst>
            <dst id="SNVAng">0</dst>
            <dst id="STTLng">26.6666666666667</dst>
            <dst id="WASHng">2154.872</dst>
        </src>
        <src id="ATLAng">
            <dst id="ATLA-M5">303.482666666667</dst>
            <dst id="ATLAng">64270.3813333334</dst>
            <dst id="CHINng">7722.424</dst>
            <dst id="DNVRng">3164.88</dst>
            <dst id="HSTNng">5242.12266666667</dst>
            <dst id="IPLSng">17024.0346666667</dst>
            <dst id="KSCYng">1677.61333333333</dst>
            <dst id="LOSAng">10688.6053333333</dst>
            <dst id="NYCMng">19135.192</dst>
            <dst id="SNVAng">545.157333333333</dst>
            <dst id="STTLng">7367.51466666667</dst>
            <dst id="WASHng">65409.0133333333</dst>
        </src>
        <src id="CHINng">
            <dst id="ATLA-M5">63.8906666666667</dst>
            <dst id="ATLAng">18923.9386666667</dst>
            <dst id="CHINng">107773.501333333</dst>
            <dst id="DNVRng">10365.6933333333</dst>
            <dst id="HSTNng">12066.3226666667</dst>
            <dst id="IPLSng">40106.152</dst>
            <dst id="KSCYng">19249.1546666667</dst>
            <dst id="LOSAng">33077.9493333333</dst>
            <dst id="NYCMng">17989.8213333333</dst>
            <dst id="SNVAng">3616.38933333333</dst>
            <dst id="STTLng">8204.89866666667</dst>
            <dst id="WASHng">31198.0053333333</dst>
        </src>
        <src id="DNVRng">
            <dst id="ATLA-M5">287.626666666667</dst>
            <dst id="ATLAng">14801.5306666667</dst>
            <dst id="CHINng">84392.7973333334</dst>
            <dst id="DNVRng">11283.9973333333</dst>
            <dst id="HSTNng">17458.488</dst>
            <dst id="IPLSng">26452.752</dst>
            <dst id="KSCYng">16563.3066666667</dst>
            <dst id="LOSAng">9853.36533333333</dst>
            <dst id="NYCMng">16596.3493333333</dst>
            <dst id="SNVAng">24514.9653333333</dst>
            <dst id="STTLng">9489.91466666666</dst>
            <dst id="WASHng">38835.92</dst>
        </src>
        <src id="HSTNng">
            <dst id="ATLA-M5">2673.75466666667</dst>
            <dst id="ATLAng">11169.296</dst>
            <dst id="CHINng">16920.7013333333</dst>
            <dst id="DNVRng">1680.61333333333</dst>
            <dst id="HSTNng">12933.232</dst>
            <dst id="IPLSng">1764.624</dst>
            <dst id="KSCYng">2719.624</dst>
            <dst id="LOSAng">30618.1546666667</dst>
            <dst id="NYCMng">3954.896</dst>
            <dst id="SNVAng">285.269333333333</dst>
            <dst id="STTLng">266.701333333333</dst>
            <dst id="WASHng">4456.21866666667</dst>
        </src>
        <src id="IPLSng">
            <dst id="ATLA-M5">151.906666666667</dst>
            <dst id="ATLAng">20537.5306666667</dst>
            <dst id="CHINng">94034.992</dst>
            <dst id="DNVRng">9678.456</dst>
            <dst id="HSTNng">3883.63733333333</dst>
            <dst id="IPLSng">20634.08</dst>
            <dst id="KSCYng">5940.984</dst>
            <dst id="LOSAng">11651.336</dst>
            <dst id="NYCMng">43192.848</dst>
            <dst id="SNVAng">1166.33866666667</dst>
            <dst id="STTLng">6723.23733333333</dst>
            <dst id="WASHng">28942.4106666667</dst>
        </src>
        <src id="KSCYng">
            <dst id="ATLA-M5">104.722666666667</dst>
            <dst id="ATLAng">3169.376</dst>
            <dst id="CHINng">30687.0026666667</dst>
            <dst id="DNVRng">6252.208</dst>
            <dst id="HSTNng">5099.68266666667</dst>
            <dst id="IPLSng">10896.76</dst>
            <dst id="KSCYng">8926.70133333333</dst>
            <dst id="LOSAng">4028.43733333333</dst>
            <dst id="NYCMng">1972.57066666667</dst>
            <dst id="SNVAng">1872.50133333333</dst>
            <dst id="STTLng">2556.43733333333</dst>
            <dst id="WASHng">12241.6666666667</dst>
        </src>
        <src id="LOSAng">
            <dst id="ATLA-M5">5409.38133333333</dst>
            <dst id="ATLAng">34556.648</dst>
            <dst id="CHINng">150711.349333333</dst>
            <dst id="DNVRng">25111.504</dst>
            <dst id="HSTNng">5013.88</dst>
            <dst id="IPLSng">39568.9146666667</dst>
            <dst id="KSCYng">8555.94666666667</dst>
            <dst id="LOSAng">12100.2426666667</dst>
            <dst id="NYCMng">39220.376</dst>
            <dst id="SNVAng">9718.70666666667</dst>
            <dst id="STTLng">20811.232</dst>
            <dst id="WASHng">23562.8293333333</dst>
        </src>
        <src id="NYCMng">
            <dst id="ATLA-M5">841.773333333333</dst>
            <dst id="ATLAng">36697.936</dst>
            <dst id="CHINng">23290.368</dst>
            <dst id="DNVRng">26226.552</dst>
            <dst id="HSTNng">11155.7546666667</dst>
            <dst id="IPLSng">25017.4133333333</dst>
            <dst id="KSCYng">9759.52266666667</dst>
            <dst id="LOSAng">72314.2586666667</dst>
            <dst id="NYCMng">125229.261333333</dst>
            <dst id="SNVAng">1664.12266666667</dst>
            <dst id="STTLng">17132.8186666667</dst>
            <dst id="WASHng">82712.4293333333</dst>
        </src>
        <src id="SNVAng">
            <dst id="ATLA-M5">0</dst>
            <dst id="ATLAng">182.304</dst>
            <dst id="CHINng">482.058666666667</dst>
            <dst id="DNVRng">3978.83466666667</dst>
            <dst id="HSTNng">171.472</dst>
            <dst id="IPLSng">1261.56266666667</dst>
            <dst id="KSCYng">26.6666666666667</dst>
            <dst id="LOSAng">28999.1146666667</dst>
            <dst id="NYCMng">361.016</dst>
            <dst id="SNVAng">11229.0826666667</dst>
            <dst id="STTLng">26011.2933333333</dst>
            <dst id="WASHng">160.824</dst>
        </src>
        <src id="STTLng">
            <dst id="ATLA-M5">0</dst>
            <dst id="ATLAng">11524.616</dst>
            <dst id="CHINng">35011.3866666667</dst>
            <dst id="DNVRng">3008.94666666667</dst>
            <dst id="HSTNng">1231.656</dst>
            <dst id="IPLSng">6574.71733333333</dst>
            <dst id="KSCYng">3950.35466666667</dst>
            <dst id="LOSAng">13485.3493333333</dst>
            <dst id="NYCMng">12854.2186666667</dst>
            <dst id="SNVAng">3589.66666666667</dst>
            <dst id="STTLng">6001.456</dst>
            <dst id="WASHng">20204.976</dst>
        </src>
        <src id="WASHng">
            <dst id="ATLA-M5">1294.704</dst>
            <dst id="ATLAng">126215.277333333</dst>
            <dst id="CHINng">52033.6533333333</dst>
            <dst id="DNVRng">52997.2773333333</dst>
            <dst id="HSTNng">27289.6053333333</dst>
            <dst id="IPLSng">67171.1093333333</dst>
            <dst id="KSCYng">19816.9866666667</dst>
            <dst id="LOSAng">53571.896</dst>
            <dst id="NYCMng">171340.778666667</dst>
            <dst id="SNVAng">6666.12</dst>
            <dst id="STTLng">42737.464</dst>
            <dst id="WASHng">357779.68</dst>
        </src>
    </IntraTM>
</TrafficMatrixFile>
