<?xml version="1.0" encoding="ISO-8859-1" standalone="yes"?>
<TrafficMatrixFile xsi:noNamespaceSchemaLocation="http://totem.run.montefiore.ulg.ac.be/Schema/TrafficMatrix-v1_2.xsd" xmlns:xsi="http://www.w3.org/2001/XMLSchema-instance">
    <IntraTM ASID="11537">
        <src id="ATLA-M5">
            <dst id="ATLA-M5">78.3786666666667</dst>
            <dst id="ATLAng">534.797333333333</dst>
            <dst id="CHINng">82.2986666666667</dst>
            <dst id="DNVRng">67.8506666666667</dst>
            <dst id="HSTNng">97.88</dst>
            <dst id="IPLSng">313.821333333333</dst>
            <dst id="KSCYng">0</dst>
            <dst id="LOSAng">99.6373333333333</dst>
            <dst id="NYCMng">115.496</dst>
            <dst id="SNVAng">13.3333333333333</dst>
            <dst id="STTLng">80</dst>
            <dst id="WASHng">1006.62133333333</dst>
        </src>
        <src id="ATLAng">
            <dst id="ATLA-M5">290.725333333333</dst>
            <dst id="ATLAng">39789.5573333333</dst>
            <dst id="CHINng">22424.656</dst>
            <dst id="DNVRng">10826.7946666667</dst>
            <dst id="HSTNng">3915.51733333333</dst>
            <dst id="IPLSng">17157.1333333333</dst>
            <dst id="KSCYng">13941.256</dst>
            <dst id="LOSAng">14092.7826666667</dst>
            <dst id="NYCMng">14399.2053333333</dst>
            <dst id="SNVAng">2325.93466666667</dst>
            <dst id="STTLng">12446</dst>
            <dst id="WASHng">69636.904</dst>
        </src>
        <src id="CHINng">
            <dst id="ATLA-M5">821.344</dst>
            <dst id="ATLAng">15514.9333333333</dst>
            <dst id="CHINng">74815.88</dst>
            <dst id="DNVRng">12130.152</dst>
            <dst id="HSTNng">8837.37333333333</dst>
            <dst id="IPLSng">30612.36</dst>
            <dst id="KSCYng">22003.5786666667</dst>
            <dst id="LOSAng">27836.1786666667</dst>
            <dst id="NYCMng">14319.0026666667</dst>
            <dst id="SNVAng">8182.70666666667</dst>
            <dst id="STTLng">6957.92</dst>
            <dst id="WASHng">41297.8053333333</dst>
        </src>
        <src id="DNVRng">
            <dst id="ATLA-M5">4861.90666666667</dst>
            <dst id="ATLAng">11889.4666666667</dst>
            <dst id="CHINng">77230.288</dst>
            <dst id="DNVRng">9583.032</dst>
            <dst id="HSTNng">16043.0426666667</dst>
            <dst id="IPLSng">40112.192</dst>
            <dst id="KSCYng">22235.248</dst>
            <dst id="LOSAng">12684.6586666667</dst>
            <dst id="NYCMng">25529.8773333333</dst>
            <dst id="SNVAng">16836.584</dst>
            <dst id="STTLng">25036.2373333333</dst>
            <dst id="WASHng">40218.056</dst>
        </src>
        <src id="HSTNng">
            <dst id="ATLA-M5">483.597333333333</dst>
            <dst id="ATLAng">5904.83466666667</dst>
            <dst id="CHINng">18494.712</dst>
            <dst id="DNVRng">1842.58933333333</dst>
            <dst id="HSTNng">17216.1226666667</dst>
            <dst id="IPLSng">3486.42933333333</dst>
            <dst id="KSCYng">2437.968</dst>
            <dst id="LOSAng">8861.80266666667</dst>
            <dst id="NYCMng">3614.36266666667</dst>
            <dst id="SNVAng">85.6506666666667</dst>
            <dst id="STTLng">490.157333333333</dst>
            <dst id="WASHng">5018.35466666667</dst>
        </src>
        <src id="IPLSng">
            <dst id="ATLA-M5">0</dst>
            <dst id="ATLAng">22856.896</dst>
            <dst id="CHINng">77695.5253333333</dst>
            <dst id="DNVRng">24398.9493333333</dst>
            <dst id="HSTNng">3890.73866666667</dst>
            <dst id="IPLSng">52933.9706666667</dst>
            <dst id="KSCYng">7213.08533333333</dst>
            <dst id="LOSAng">29673.408</dst>
            <dst id="NYCMng">52081.4133333333</dst>
            <dst id="SNVAng">3839.28266666667</dst>
            <dst id="STTLng">7788.704</dst>
            <dst id="WASHng">18647.64</dst>
        </src>
        <src id="KSCYng">
            <dst id="ATLA-M5">209.621333333333</dst>
            <dst id="ATLAng">8414.26933333333</dst>
            <dst id="CHINng">31957.9226666667</dst>
            <dst id="DNVRng">9369.23733333333</dst>
            <dst id="HSTNng">5327.53866666667</dst>
            <dst id="IPLSng">19318.104</dst>
            <dst id="KSCYng">7941.65333333333</dst>
            <dst id="LOSAng">6834.568</dst>
            <dst id="NYCMng">2126.608</dst>
            <dst id="SNVAng">5919.29866666667</dst>
            <dst id="STTLng">3244.14933333333</dst>
            <dst id="WASHng">20362.416</dst>
        </src>
        <src id="LOSAng">
            <dst id="ATLA-M5">1046.13066666667</dst>
            <dst id="ATLAng">19879.504</dst>
            <dst id="CHINng">129370.997333333</dst>
            <dst id="DNVRng">24408.304</dst>
            <dst id="HSTNng">14752.9066666667</dst>
            <dst id="IPLSng">46426.1653333333</dst>
            <dst id="KSCYng">11896.3013333333</dst>
            <dst id="LOSAng">13649.9333333333</dst>
            <dst id="NYCMng">43946.456</dst>
            <dst id="SNVAng">17418.3573333333</dst>
            <dst id="STTLng">27011.512</dst>
            <dst id="WASHng">42791.3973333333</dst>
        </src>
        <src id="NYCMng">
            <dst id="ATLA-M5">343.842666666667</dst>
            <dst id="ATLAng">55472.76</dst>
            <dst id="CHINng">26476.8506666667</dst>
            <dst id="DNVRng">38418.4453333333</dst>
            <dst id="HSTNng">10676.216</dst>
            <dst id="IPLSng">48887.96</dst>
            <dst id="KSCYng">15458.6346666667</dst>
            <dst id="LOSAng">80976.5546666667</dst>
            <dst id="NYCMng">172547.629333333</dst>
            <dst id="SNVAng">6044.62666666667</dst>
            <dst id="STTLng">45169.904</dst>
            <dst id="WASHng">82458.728</dst>
        </src>
        <src id="SNVAng">
            <dst id="ATLA-M5">0</dst>
            <dst id="ATLAng">110.122666666667</dst>
            <dst id="CHINng">133.837333333333</dst>
            <dst id="DNVRng">5495.496</dst>
            <dst id="HSTNng">420.002666666667</dst>
            <dst id="IPLSng">1959.64</dst>
            <dst id="KSCYng">163.402666666667</dst>
            <dst id="LOSAng">38589.432</dst>
            <dst id="NYCMng">360.906666666667</dst>
            <dst id="SNVAng">8825.92533333333</dst>
            <dst id="STTLng">29480.08</dst>
            <dst id="WASHng">278.92</dst>
        </src>
        <src id="STTLng">
            <dst id="ATLA-M5">552.405333333333</dst>
            <dst id="ATLAng">15045.104</dst>
            <dst id="CHINng">26147.3813333333</dst>
            <dst id="DNVRng">6219.144</dst>
            <dst id="HSTNng">3646.32533333333</dst>
            <dst id="IPLSng">15804.9146666667</dst>
            <dst id="KSCYng">5829.072</dst>
            <dst id="LOSAng">21327.5626666667</dst>
            <dst id="NYCMng">15345.224</dst>
            <dst id="SNVAng">6258.92533333333</dst>
            <dst id="STTLng">5029.09066666667</dst>
            <dst id="WASHng">30514.8746666667</dst>
        </src>
        <src id="WASHng">
            <dst id="ATLA-M5">10831.3626666667</dst>
            <dst id="ATLAng">173225.176</dst>
            <dst id="CHINng">58144.5866666667</dst>
            <dst id="DNVRng">68567.8613333333</dst>
            <dst id="HSTNng">18525.288</dst>
            <dst id="IPLSng">68762.824</dst>
            <dst id="KSCYng">18604.576</dst>
            <dst id="LOSAng">65517.1066666667</dst>
            <dst id="NYCMng">179069.437333333</dst>
            <dst id="SNVAng">23743.944</dst>
            <dst id="STTLng">46543.6986666667</dst>
            <dst id="WASHng">343881.2</dst>
        </src>
    </IntraTM>
</TrafficMatrixFile>
