<?xml version="1.0" encoding="ISO-8859-1" standalone="yes"?>
<TrafficMatrixFile xsi:noNamespaceSchemaLocation="http://totem.run.montefiore.ulg.ac.be/Schema/TrafficMatrix-v1_2.xsd" xmlns:xsi="http://www.w3.org/2001/XMLSchema-instance">
    <IntraTM ASID="11537">
        <src id="ATLA-M5">
            <dst id="ATLA-M5">185.493333333333</dst>
            <dst id="ATLAng">233.125333333333</dst>
            <dst id="CHINng">212.461333333333</dst>
            <dst id="DNVRng">59.0533333333333</dst>
            <dst id="HSTNng">269.72</dst>
            <dst id="IPLSng">191.909333333333</dst>
            <dst id="KSCYng">174.792</dst>
            <dst id="LOSAng">310.250666666667</dst>
            <dst id="NYCMng">292.384</dst>
            <dst id="SNVAng">0</dst>
            <dst id="STTLng">26.6666666666667</dst>
            <dst id="WASHng">670.805333333333</dst>
        </src>
        <src id="ATLAng">
            <dst id="ATLA-M5">487.762666666667</dst>
            <dst id="ATLAng">36486.456</dst>
            <dst id="CHINng">21744.616</dst>
            <dst id="DNVRng">3826.152</dst>
            <dst id="HSTNng">12125.344</dst>
            <dst id="IPLSng">24911.424</dst>
            <dst id="KSCYng">3806.512</dst>
            <dst id="LOSAng">13691.1946666667</dst>
            <dst id="NYCMng">9616.48</dst>
            <dst id="SNVAng">2120.6</dst>
            <dst id="STTLng">8563.82933333333</dst>
            <dst id="WASHng">41142.192</dst>
        </src>
        <src id="CHINng">
            <dst id="ATLA-M5">1324.504</dst>
            <dst id="ATLAng">54784.7093333333</dst>
            <dst id="CHINng">68790.7973333333</dst>
            <dst id="DNVRng">16344.536</dst>
            <dst id="HSTNng">23068.1866666667</dst>
            <dst id="IPLSng">35128.7173333333</dst>
            <dst id="KSCYng">29136.7546666667</dst>
            <dst id="LOSAng">57707.6586666667</dst>
            <dst id="NYCMng">25846.6773333333</dst>
            <dst id="SNVAng">6436.61866666667</dst>
            <dst id="STTLng">7430.47733333333</dst>
            <dst id="WASHng">35813.72</dst>
        </src>
        <src id="DNVRng">
            <dst id="ATLA-M5">425.978666666667</dst>
            <dst id="ATLAng">14748.048</dst>
            <dst id="CHINng">78953.488</dst>
            <dst id="DNVRng">16456.712</dst>
            <dst id="HSTNng">23653.648</dst>
            <dst id="IPLSng">37812.872</dst>
            <dst id="KSCYng">22726.544</dst>
            <dst id="LOSAng">12113.392</dst>
            <dst id="NYCMng">70377.5333333334</dst>
            <dst id="SNVAng">22149.9866666667</dst>
            <dst id="STTLng">11302.7946666667</dst>
            <dst id="WASHng">51193.096</dst>
        </src>
        <src id="HSTNng">
            <dst id="ATLA-M5">368.384</dst>
            <dst id="ATLAng">7779.936</dst>
            <dst id="CHINng">21046.6853333333</dst>
            <dst id="DNVRng">1482.69333333333</dst>
            <dst id="HSTNng">4464.768</dst>
            <dst id="IPLSng">6674.90666666667</dst>
            <dst id="KSCYng">2212.05066666667</dst>
            <dst id="LOSAng">14716.0826666667</dst>
            <dst id="NYCMng">3592.85866666667</dst>
            <dst id="SNVAng">282.994666666667</dst>
            <dst id="STTLng">843.442666666667</dst>
            <dst id="WASHng">6191.99733333333</dst>
        </src>
        <src id="IPLSng">
            <dst id="ATLA-M5">300.909333333333</dst>
            <dst id="ATLAng">36557.328</dst>
            <dst id="CHINng">78162.3066666667</dst>
            <dst id="DNVRng">12419.872</dst>
            <dst id="HSTNng">5061.28266666667</dst>
            <dst id="IPLSng">21888.8133333333</dst>
            <dst id="KSCYng">7127.816</dst>
            <dst id="LOSAng">34780.5573333333</dst>
            <dst id="NYCMng">35276.2106666667</dst>
            <dst id="SNVAng">2989.55466666667</dst>
            <dst id="STTLng">13397.936</dst>
            <dst id="WASHng">24049.56</dst>
        </src>
        <src id="KSCYng">
            <dst id="ATLA-M5">3366.664</dst>
            <dst id="ATLAng">4478.55466666667</dst>
            <dst id="CHINng">25722.704</dst>
            <dst id="DNVRng">12197.8026666667</dst>
            <dst id="HSTNng">14786.0426666667</dst>
            <dst id="IPLSng">28772.76</dst>
            <dst id="KSCYng">6221.30933333333</dst>
            <dst id="LOSAng">9215.83733333333</dst>
            <dst id="NYCMng">3706.216</dst>
            <dst id="SNVAng">3478.40266666667</dst>
            <dst id="STTLng">3633.34133333333</dst>
            <dst id="WASHng">14036.2106666667</dst>
        </src>
        <src id="LOSAng">
            <dst id="ATLA-M5">2120.70933333333</dst>
            <dst id="ATLAng">38017.936</dst>
            <dst id="CHINng">95200.984</dst>
            <dst id="DNVRng">31742.984</dst>
            <dst id="HSTNng">25190.16</dst>
            <dst id="IPLSng">43375.48</dst>
            <dst id="KSCYng">13304.5573333333</dst>
            <dst id="LOSAng">18052.6</dst>
            <dst id="NYCMng">45776.904</dst>
            <dst id="SNVAng">43979.976</dst>
            <dst id="STTLng">32287.52</dst>
            <dst id="WASHng">45919.6106666667</dst>
        </src>
        <src id="NYCMng">
            <dst id="ATLA-M5">4630.53066666667</dst>
            <dst id="ATLAng">40274.9786666667</dst>
            <dst id="CHINng">32353.808</dst>
            <dst id="DNVRng">37356.9146666667</dst>
            <dst id="HSTNng">19565.0853333333</dst>
            <dst id="IPLSng">38121.344</dst>
            <dst id="KSCYng">16241.7493333333</dst>
            <dst id="LOSAng">93630.232</dst>
            <dst id="NYCMng">129177.84</dst>
            <dst id="SNVAng">8149.21333333333</dst>
            <dst id="STTLng">53706.6666666666</dst>
            <dst id="WASHng">113366.978666667</dst>
        </src>
        <src id="SNVAng">
            <dst id="ATLA-M5">0</dst>
            <dst id="ATLAng">135.04</dst>
            <dst id="CHINng">111.208</dst>
            <dst id="DNVRng">51308.4986666667</dst>
            <dst id="HSTNng">90.3546666666667</dst>
            <dst id="IPLSng">498.442666666667</dst>
            <dst id="KSCYng">91.5093333333333</dst>
            <dst id="LOSAng">33567.7253333333</dst>
            <dst id="NYCMng">272.704</dst>
            <dst id="SNVAng">6400.34933333333</dst>
            <dst id="STTLng">29360.2133333333</dst>
            <dst id="WASHng">125.474666666667</dst>
        </src>
        <src id="STTLng">
            <dst id="ATLA-M5">589.976</dst>
            <dst id="ATLAng">19301.3893333333</dst>
            <dst id="CHINng">28021.5493333333</dst>
            <dst id="DNVRng">7453.008</dst>
            <dst id="HSTNng">5126.72533333333</dst>
            <dst id="IPLSng">14296.8506666667</dst>
            <dst id="KSCYng">5754.07466666667</dst>
            <dst id="LOSAng">28070.1573333333</dst>
            <dst id="NYCMng">22227.5146666667</dst>
            <dst id="SNVAng">5676.42666666667</dst>
            <dst id="STTLng">6376.70666666667</dst>
            <dst id="WASHng">25128.9413333333</dst>
        </src>
        <src id="WASHng">
            <dst id="ATLA-M5">1179.82933333333</dst>
            <dst id="ATLAng">148470.04</dst>
            <dst id="CHINng">71365.5013333333</dst>
            <dst id="DNVRng">71174.0613333333</dst>
            <dst id="HSTNng">36414.952</dst>
            <dst id="IPLSng">75812.768</dst>
            <dst id="KSCYng">16539.8293333333</dst>
            <dst id="LOSAng">73471.984</dst>
            <dst id="NYCMng">156198.226666667</dst>
            <dst id="SNVAng">17249.808</dst>
            <dst id="STTLng">56539.5946666667</dst>
            <dst id="WASHng">244690.789333333</dst>
        </src>
    </IntraTM>
</TrafficMatrixFile>
