<?xml version="1.0" encoding="ISO-8859-1" standalone="yes"?>
<TrafficMatrixFile xsi:noNamespaceSchemaLocation="http://totem.run.montefiore.ulg.ac.be/Schema/TrafficMatrix-v1_2.xsd" xmlns:xsi="http://www.w3.org/2001/XMLSchema-instance">
    <IntraTM ASID="11537">
        <src id="ATLA-M5">
            <dst id="ATLA-M5">0</dst>
            <dst id="ATLAng">0</dst>
            <dst id="CHINng">53.3333333333333</dst>
            <dst id="DNVRng">0</dst>
            <dst id="HSTNng">0</dst>
            <dst id="IPLSng">0</dst>
            <dst id="KSCYng">26.6666666666667</dst>
            <dst id="LOSAng">157.266666666667</dst>
            <dst id="NYCMng">53.3333333333333</dst>
            <dst id="SNVAng">0</dst>
            <dst id="STTLng">26.6666666666667</dst>
            <dst id="WASHng">941.792</dst>
        </src>
        <src id="ATLAng">
            <dst id="ATLA-M5">124.533333333333</dst>
            <dst id="ATLAng">8571.27466666667</dst>
            <dst id="CHINng">5163.74133333333</dst>
            <dst id="DNVRng">3600.528</dst>
            <dst id="HSTNng">399.810666666667</dst>
            <dst id="IPLSng">26585.6586666667</dst>
            <dst id="KSCYng">1009.568</dst>
            <dst id="LOSAng">6702.80533333333</dst>
            <dst id="NYCMng">6469.552</dst>
            <dst id="SNVAng">76.4213333333334</dst>
            <dst id="STTLng">7943.94666666667</dst>
            <dst id="WASHng">32472.1493333333</dst>
        </src>
        <src id="CHINng">
            <dst id="ATLA-M5">108.261333333333</dst>
            <dst id="ATLAng">8060.528</dst>
            <dst id="CHINng">45962.5386666667</dst>
            <dst id="DNVRng">6663.12</dst>
            <dst id="HSTNng">5197.08533333333</dst>
            <dst id="IPLSng">63791.304</dst>
            <dst id="KSCYng">29531.1466666667</dst>
            <dst id="LOSAng">41647.5173333333</dst>
            <dst id="NYCMng">14861.2053333333</dst>
            <dst id="SNVAng">423.458666666667</dst>
            <dst id="STTLng">3752.33333333333</dst>
            <dst id="WASHng">37030.9973333333</dst>
        </src>
        <src id="DNVRng">
            <dst id="ATLA-M5">298.624</dst>
            <dst id="ATLAng">2839.49333333333</dst>
            <dst id="CHINng">64994.3786666667</dst>
            <dst id="DNVRng">16653.0853333333</dst>
            <dst id="HSTNng">17980.792</dst>
            <dst id="IPLSng">29953.5786666667</dst>
            <dst id="KSCYng">22960.9733333333</dst>
            <dst id="LOSAng">19420.376</dst>
            <dst id="NYCMng">11296.3093333333</dst>
            <dst id="SNVAng">13415.3226666667</dst>
            <dst id="STTLng">9658.96266666667</dst>
            <dst id="WASHng">35274.5013333333</dst>
        </src>
        <src id="HSTNng">
            <dst id="ATLA-M5">114.464</dst>
            <dst id="ATLAng">1308.36266666667</dst>
            <dst id="CHINng">10745.1413333333</dst>
            <dst id="DNVRng">644.525333333333</dst>
            <dst id="HSTNng">14731.5306666667</dst>
            <dst id="IPLSng">1387.61066666667</dst>
            <dst id="KSCYng">582.629333333333</dst>
            <dst id="LOSAng">10146.0826666667</dst>
            <dst id="NYCMng">3945.08266666667</dst>
            <dst id="SNVAng">0</dst>
            <dst id="STTLng">670.416</dst>
            <dst id="WASHng">1297.78133333333</dst>
        </src>
        <src id="IPLSng">
            <dst id="ATLA-M5">0</dst>
            <dst id="ATLAng">20220.1493333333</dst>
            <dst id="CHINng">67051.832</dst>
            <dst id="DNVRng">6501.38933333333</dst>
            <dst id="HSTNng">2184.10133333333</dst>
            <dst id="IPLSng">24751.5653333333</dst>
            <dst id="KSCYng">9130.13333333333</dst>
            <dst id="LOSAng">21599.672</dst>
            <dst id="NYCMng">26865.5466666667</dst>
            <dst id="SNVAng">337.498666666667</dst>
            <dst id="STTLng">10565.5226666667</dst>
            <dst id="WASHng">10291.0773333333</dst>
        </src>
        <src id="KSCYng">
            <dst id="ATLA-M5">1020.40266666667</dst>
            <dst id="ATLAng">1249.408</dst>
            <dst id="CHINng">11332.0773333333</dst>
            <dst id="DNVRng">10035.8906666667</dst>
            <dst id="HSTNng">3664.83733333333</dst>
            <dst id="IPLSng">13776.5813333333</dst>
            <dst id="KSCYng">10057.2373333333</dst>
            <dst id="LOSAng">7561.27733333333</dst>
            <dst id="NYCMng">4059.88533333333</dst>
            <dst id="SNVAng">2970.928</dst>
            <dst id="STTLng">8385.46666666667</dst>
            <dst id="WASHng">6564.27466666667</dst>
        </src>
        <src id="LOSAng">
            <dst id="ATLA-M5">439.808</dst>
            <dst id="ATLAng">11140.4106666667</dst>
            <dst id="CHINng">118962.130666667</dst>
            <dst id="DNVRng">21137.528</dst>
            <dst id="HSTNng">2340.81066666667</dst>
            <dst id="IPLSng">13153.4613333333</dst>
            <dst id="KSCYng">2809.53866666667</dst>
            <dst id="LOSAng">20737.6613333333</dst>
            <dst id="NYCMng">39805.0026666667</dst>
            <dst id="SNVAng">11622.2186666667</dst>
            <dst id="STTLng">21110.176</dst>
            <dst id="WASHng">21376.2773333333</dst>
        </src>
        <src id="NYCMng">
            <dst id="ATLA-M5">438.248</dst>
            <dst id="ATLAng">12186.688</dst>
            <dst id="CHINng">12069.232</dst>
            <dst id="DNVRng">24338.2666666667</dst>
            <dst id="HSTNng">12086.4773333333</dst>
            <dst id="IPLSng">12080.0933333333</dst>
            <dst id="KSCYng">6933.68266666667</dst>
            <dst id="LOSAng">90834.664</dst>
            <dst id="NYCMng">90792.9546666667</dst>
            <dst id="SNVAng">1677.88533333333</dst>
            <dst id="STTLng">18183.8266666667</dst>
            <dst id="WASHng">37910.36</dst>
        </src>
        <src id="SNVAng">
            <dst id="ATLA-M5">0</dst>
            <dst id="ATLAng">26.6666666666667</dst>
            <dst id="CHINng">26.6666666666667</dst>
            <dst id="DNVRng">11850.7786666667</dst>
            <dst id="HSTNng">38.0586666666667</dst>
            <dst id="IPLSng">220.645333333333</dst>
            <dst id="KSCYng">26.6666666666667</dst>
            <dst id="LOSAng">34630.2613333333</dst>
            <dst id="NYCMng">310.442666666667</dst>
            <dst id="SNVAng">4852.76</dst>
            <dst id="STTLng">28561.9066666667</dst>
            <dst id="WASHng">53.3333333333333</dst>
        </src>
        <src id="STTLng">
            <dst id="ATLA-M5">80</dst>
            <dst id="ATLAng">7195.168</dst>
            <dst id="CHINng">16690.7653333333</dst>
            <dst id="DNVRng">3822.688</dst>
            <dst id="HSTNng">916.914666666666</dst>
            <dst id="IPLSng">5815.61066666666</dst>
            <dst id="KSCYng">1283.31733333333</dst>
            <dst id="LOSAng">21901.5493333333</dst>
            <dst id="NYCMng">14474.4693333333</dst>
            <dst id="SNVAng">3718.69333333333</dst>
            <dst id="STTLng">4999.792</dst>
            <dst id="WASHng">6282.83466666667</dst>
        </src>
        <src id="WASHng">
            <dst id="ATLA-M5">155.101333333333</dst>
            <dst id="ATLAng">72967.1866666667</dst>
            <dst id="CHINng">44634.0106666667</dst>
            <dst id="DNVRng">53295.0213333333</dst>
            <dst id="HSTNng">9210.43733333333</dst>
            <dst id="IPLSng">47446.224</dst>
            <dst id="KSCYng">24566.3653333333</dst>
            <dst id="LOSAng">72572.7973333333</dst>
            <dst id="NYCMng">164249.192</dst>
            <dst id="SNVAng">4226.59733333333</dst>
            <dst id="STTLng">41601.2026666667</dst>
            <dst id="WASHng">291816.16</dst>
        </src>
    </IntraTM>
</TrafficMatrixFile>
