<?xml version="1.0" encoding="ISO-8859-1" standalone="yes"?>
<TrafficMatrixFile xsi:noNamespaceSchemaLocation="http://totem.run.montefiore.ulg.ac.be/Schema/TrafficMatrix-v1_2.xsd" xmlns:xsi="http://www.w3.org/2001/XMLSchema-instance">
    <IntraTM ASID="11537">
        <src id="ATLA-M5">
            <dst id="ATLA-M5">0</dst>
            <dst id="ATLAng">74.1226666666667</dst>
            <dst id="CHINng">140.213333333333</dst>
            <dst id="DNVRng">0</dst>
            <dst id="HSTNng">93.064</dst>
            <dst id="IPLSng">0</dst>
            <dst id="KSCYng">26.6666666666667</dst>
            <dst id="LOSAng">84.4266666666667</dst>
            <dst id="NYCMng">26.6666666666667</dst>
            <dst id="SNVAng">13.3333333333333</dst>
            <dst id="STTLng">110.666666666667</dst>
            <dst id="WASHng">646.032</dst>
        </src>
        <src id="ATLAng">
            <dst id="ATLA-M5">26.6666666666667</dst>
            <dst id="ATLAng">24991.1146666667</dst>
            <dst id="CHINng">5992.152</dst>
            <dst id="DNVRng">4061.816</dst>
            <dst id="HSTNng">1734.272</dst>
            <dst id="IPLSng">31162.9653333333</dst>
            <dst id="KSCYng">7722.93066666667</dst>
            <dst id="LOSAng">6977.328</dst>
            <dst id="NYCMng">7737.6</dst>
            <dst id="SNVAng">53.3333333333333</dst>
            <dst id="STTLng">8768.57866666667</dst>
            <dst id="WASHng">32979.992</dst>
        </src>
        <src id="CHINng">
            <dst id="ATLA-M5">53.3333333333333</dst>
            <dst id="ATLAng">7034.62933333333</dst>
            <dst id="CHINng">45862.3493333333</dst>
            <dst id="DNVRng">8876.94933333334</dst>
            <dst id="HSTNng">4328.344</dst>
            <dst id="IPLSng">70370.0026666667</dst>
            <dst id="KSCYng">26594.5626666667</dst>
            <dst id="LOSAng">37375.288</dst>
            <dst id="NYCMng">9745.59466666667</dst>
            <dst id="SNVAng">264.296</dst>
            <dst id="STTLng">4753.096</dst>
            <dst id="WASHng">26321.4053333333</dst>
        </src>
        <src id="DNVRng">
            <dst id="ATLA-M5">94.6453333333333</dst>
            <dst id="ATLAng">4516.24</dst>
            <dst id="CHINng">63927.1066666667</dst>
            <dst id="DNVRng">19311.7546666667</dst>
            <dst id="HSTNng">15917.0213333333</dst>
            <dst id="IPLSng">31296.5706666667</dst>
            <dst id="KSCYng">26208.8613333333</dst>
            <dst id="LOSAng">18981.2746666667</dst>
            <dst id="NYCMng">20000.7066666667</dst>
            <dst id="SNVAng">14143.7733333333</dst>
            <dst id="STTLng">8055.984</dst>
            <dst id="WASHng">43236.8426666667</dst>
        </src>
        <src id="HSTNng">
            <dst id="ATLA-M5">1960.504</dst>
            <dst id="ATLAng">1815.61066666667</dst>
            <dst id="CHINng">8311.376</dst>
            <dst id="DNVRng">1264.848</dst>
            <dst id="HSTNng">16079.48</dst>
            <dst id="IPLSng">1891.12533333333</dst>
            <dst id="KSCYng">716.173333333333</dst>
            <dst id="LOSAng">46256.4026666667</dst>
            <dst id="NYCMng">2068.77866666667</dst>
            <dst id="SNVAng">0</dst>
            <dst id="STTLng">602.682666666667</dst>
            <dst id="WASHng">988.605333333333</dst>
        </src>
        <src id="IPLSng">
            <dst id="ATLA-M5">26.6666666666667</dst>
            <dst id="ATLAng">19384.68</dst>
            <dst id="CHINng">66838.112</dst>
            <dst id="DNVRng">5342.784</dst>
            <dst id="HSTNng">3136.768</dst>
            <dst id="IPLSng">9000.54933333333</dst>
            <dst id="KSCYng">2339.00533333333</dst>
            <dst id="LOSAng">16994.1013333333</dst>
            <dst id="NYCMng">26480.864</dst>
            <dst id="SNVAng">349.042666666667</dst>
            <dst id="STTLng">4870.21333333333</dst>
            <dst id="WASHng">11418.288</dst>
        </src>
        <src id="KSCYng">
            <dst id="ATLA-M5">1026.02666666667</dst>
            <dst id="ATLAng">1344.87733333333</dst>
            <dst id="CHINng">13920.6826666667</dst>
            <dst id="DNVRng">10501.088</dst>
            <dst id="HSTNng">2540.992</dst>
            <dst id="IPLSng">7040.784</dst>
            <dst id="KSCYng">5070.98933333333</dst>
            <dst id="LOSAng">6625.66133333333</dst>
            <dst id="NYCMng">3863.68</dst>
            <dst id="SNVAng">2547.79733333333</dst>
            <dst id="STTLng">6468.32</dst>
            <dst id="WASHng">6967.12533333333</dst>
        </src>
        <src id="LOSAng">
            <dst id="ATLA-M5">659.781333333333</dst>
            <dst id="ATLAng">29201.672</dst>
            <dst id="CHINng">104051.6</dst>
            <dst id="DNVRng">19676.448</dst>
            <dst id="HSTNng">3004.48</dst>
            <dst id="IPLSng">12422.8933333333</dst>
            <dst id="KSCYng">2852.51733333333</dst>
            <dst id="LOSAng">21599.072</dst>
            <dst id="NYCMng">42119.168</dst>
            <dst id="SNVAng">9212.30666666667</dst>
            <dst id="STTLng">19113.2586666667</dst>
            <dst id="WASHng">18943.968</dst>
        </src>
        <src id="NYCMng">
            <dst id="ATLA-M5">431.845333333333</dst>
            <dst id="ATLAng">14994.0373333333</dst>
            <dst id="CHINng">11694.272</dst>
            <dst id="DNVRng">33203.2</dst>
            <dst id="HSTNng">11467.1866666667</dst>
            <dst id="IPLSng">13044.256</dst>
            <dst id="KSCYng">5508.82133333334</dst>
            <dst id="LOSAng">79181.3066666667</dst>
            <dst id="NYCMng">108827.832</dst>
            <dst id="SNVAng">1608.064</dst>
            <dst id="STTLng">19332.3546666667</dst>
            <dst id="WASHng">43974.104</dst>
        </src>
        <src id="SNVAng">
            <dst id="ATLA-M5">0</dst>
            <dst id="ATLAng">57.9786666666667</dst>
            <dst id="CHINng">53.3333333333333</dst>
            <dst id="DNVRng">3189.496</dst>
            <dst id="HSTNng">46.656</dst>
            <dst id="IPLSng">297.36</dst>
            <dst id="KSCYng">0</dst>
            <dst id="LOSAng">34832.1733333333</dst>
            <dst id="NYCMng">364.938666666667</dst>
            <dst id="SNVAng">5294.64</dst>
            <dst id="STTLng">29577.5546666667</dst>
            <dst id="WASHng">26.6666666666667</dst>
        </src>
        <src id="STTLng">
            <dst id="ATLA-M5">26.6666666666667</dst>
            <dst id="ATLAng">7956.17066666667</dst>
            <dst id="CHINng">17775.744</dst>
            <dst id="DNVRng">2366.37066666667</dst>
            <dst id="HSTNng">851.36</dst>
            <dst id="IPLSng">4941.97866666667</dst>
            <dst id="KSCYng">1028.14933333333</dst>
            <dst id="LOSAng">18428.224</dst>
            <dst id="NYCMng">16323.936</dst>
            <dst id="SNVAng">2499.32533333333</dst>
            <dst id="STTLng">5517.71466666667</dst>
            <dst id="WASHng">10408.0933333333</dst>
        </src>
        <src id="WASHng">
            <dst id="ATLA-M5">178.352</dst>
            <dst id="ATLAng">59832.392</dst>
            <dst id="CHINng">45955.1306666666</dst>
            <dst id="DNVRng">54771.128</dst>
            <dst id="HSTNng">19907.336</dst>
            <dst id="IPLSng">55470.2506666667</dst>
            <dst id="KSCYng">23151.4026666667</dst>
            <dst id="LOSAng">68977.8506666667</dst>
            <dst id="NYCMng">156953.210666667</dst>
            <dst id="SNVAng">11909.3226666667</dst>
            <dst id="STTLng">34111.776</dst>
            <dst id="WASHng">283184.746666667</dst>
        </src>
    </IntraTM>
</TrafficMatrixFile>
