<?xml version="1.0" encoding="ISO-8859-1" standalone="yes"?>
<TrafficMatrixFile xsi:noNamespaceSchemaLocation="http://totem.run.montefiore.ulg.ac.be/Schema/TrafficMatrix-v1_2.xsd" xmlns:xsi="http://www.w3.org/2001/XMLSchema-instance">
    <IntraTM ASID="11537">
        <src id="ATLA-M5">
            <dst id="ATLA-M5">0</dst>
            <dst id="ATLAng">0</dst>
            <dst id="CHINng">738.848</dst>
            <dst id="DNVRng">0</dst>
            <dst id="HSTNng">26.6666666666667</dst>
            <dst id="IPLSng">0</dst>
            <dst id="KSCYng">943.514666666666</dst>
            <dst id="LOSAng">643.266666666667</dst>
            <dst id="NYCMng">219.912</dst>
            <dst id="SNVAng">0</dst>
            <dst id="STTLng">445.298666666667</dst>
            <dst id="WASHng">418.944</dst>
        </src>
        <src id="ATLAng">
            <dst id="ATLA-M5">70.8026666666667</dst>
            <dst id="ATLAng">29916.3226666667</dst>
            <dst id="CHINng">4108.32533333333</dst>
            <dst id="DNVRng">4371.61866666667</dst>
            <dst id="HSTNng">2355.14666666667</dst>
            <dst id="IPLSng">11814.2746666667</dst>
            <dst id="KSCYng">1240.77866666667</dst>
            <dst id="LOSAng">13746.6453333333</dst>
            <dst id="NYCMng">4859.03466666667</dst>
            <dst id="SNVAng">67.928</dst>
            <dst id="STTLng">5717.80533333333</dst>
            <dst id="WASHng">26883.144</dst>
        </src>
        <src id="CHINng">
            <dst id="ATLA-M5">790.616</dst>
            <dst id="ATLAng">7281.656</dst>
            <dst id="CHINng">58386.9493333333</dst>
            <dst id="DNVRng">6317.56266666667</dst>
            <dst id="HSTNng">4503.56266666667</dst>
            <dst id="IPLSng">23391.9173333333</dst>
            <dst id="KSCYng">3815.72266666667</dst>
            <dst id="LOSAng">40143.4453333333</dst>
            <dst id="NYCMng">10418.144</dst>
            <dst id="SNVAng">2145.90933333333</dst>
            <dst id="STTLng">4922.51466666667</dst>
            <dst id="WASHng">34975.984</dst>
        </src>
        <src id="DNVRng">
            <dst id="ATLA-M5">97.8666666666667</dst>
            <dst id="ATLAng">15771.208</dst>
            <dst id="CHINng">50269.6693333333</dst>
            <dst id="DNVRng">19706.6986666667</dst>
            <dst id="HSTNng">14840.1253333333</dst>
            <dst id="IPLSng">24502.4933333333</dst>
            <dst id="KSCYng">11226.008</dst>
            <dst id="LOSAng">12769.632</dst>
            <dst id="NYCMng">17172.6666666667</dst>
            <dst id="SNVAng">6262.20266666667</dst>
            <dst id="STTLng">7744.43733333333</dst>
            <dst id="WASHng">33288.5653333333</dst>
        </src>
        <src id="HSTNng">
            <dst id="ATLA-M5">74.272</dst>
            <dst id="ATLAng">6800.416</dst>
            <dst id="CHINng">6019.00266666667</dst>
            <dst id="DNVRng">1147.10666666667</dst>
            <dst id="HSTNng">17592.1813333333</dst>
            <dst id="IPLSng">10792.3626666667</dst>
            <dst id="KSCYng">1562.12533333333</dst>
            <dst id="LOSAng">5406.71466666667</dst>
            <dst id="NYCMng">1987.56266666667</dst>
            <dst id="SNVAng">0</dst>
            <dst id="STTLng">813.546666666667</dst>
            <dst id="WASHng">7921.66133333333</dst>
        </src>
        <src id="IPLSng">
            <dst id="ATLA-M5">53.3333333333333</dst>
            <dst id="ATLAng">20072.592</dst>
            <dst id="CHINng">46950.168</dst>
            <dst id="DNVRng">15756.6426666667</dst>
            <dst id="HSTNng">1156.83466666667</dst>
            <dst id="IPLSng">10857.1333333333</dst>
            <dst id="KSCYng">2677.36266666667</dst>
            <dst id="LOSAng">21231.6533333333</dst>
            <dst id="NYCMng">24808.7546666667</dst>
            <dst id="SNVAng">621.512</dst>
            <dst id="STTLng">16334.92</dst>
            <dst id="WASHng">13766.0666666667</dst>
        </src>
        <src id="KSCYng">
            <dst id="ATLA-M5">1389.21333333333</dst>
            <dst id="ATLAng">1031.43466666667</dst>
            <dst id="CHINng">16861.9333333333</dst>
            <dst id="DNVRng">12455.0533333333</dst>
            <dst id="HSTNng">2990.704</dst>
            <dst id="IPLSng">9856.98933333333</dst>
            <dst id="KSCYng">4468.01333333333</dst>
            <dst id="LOSAng">6523.72533333333</dst>
            <dst id="NYCMng">1956.97333333333</dst>
            <dst id="SNVAng">2427.60266666667</dst>
            <dst id="STTLng">6778.14666666667</dst>
            <dst id="WASHng">7130.13066666667</dst>
        </src>
        <src id="LOSAng">
            <dst id="ATLA-M5">144.506666666667</dst>
            <dst id="ATLAng">12302.2533333333</dst>
            <dst id="CHINng">108536.322666667</dst>
            <dst id="DNVRng">6774.98933333333</dst>
            <dst id="HSTNng">4983.80533333333</dst>
            <dst id="IPLSng">20407.024</dst>
            <dst id="KSCYng">3536.152</dst>
            <dst id="LOSAng">23137.6266666667</dst>
            <dst id="NYCMng">24221.2</dst>
            <dst id="SNVAng">17332.5253333333</dst>
            <dst id="STTLng">26676.9146666667</dst>
            <dst id="WASHng">30653.8373333333</dst>
        </src>
        <src id="NYCMng">
            <dst id="ATLA-M5">3443.24266666667</dst>
            <dst id="ATLAng">11063.9546666667</dst>
            <dst id="CHINng">13509.4826666667</dst>
            <dst id="DNVRng">25308.5413333333</dst>
            <dst id="HSTNng">13638.5813333333</dst>
            <dst id="IPLSng">15691.7066666667</dst>
            <dst id="KSCYng">3888.176</dst>
            <dst id="LOSAng">68197.8053333333</dst>
            <dst id="NYCMng">84339.6026666667</dst>
            <dst id="SNVAng">2164.90666666667</dst>
            <dst id="STTLng">32430.008</dst>
            <dst id="WASHng">41853.8586666667</dst>
        </src>
        <src id="SNVAng">
            <dst id="ATLA-M5">0</dst>
            <dst id="ATLAng">704.693333333333</dst>
            <dst id="CHINng">26.6666666666667</dst>
            <dst id="DNVRng">9057.91733333333</dst>
            <dst id="HSTNng">2233.68533333333</dst>
            <dst id="IPLSng">261.162666666667</dst>
            <dst id="KSCYng">0</dst>
            <dst id="LOSAng">55321.2613333333</dst>
            <dst id="NYCMng">274.666666666667</dst>
            <dst id="SNVAng">9251.74933333333</dst>
            <dst id="STTLng">34808.152</dst>
            <dst id="WASHng">0</dst>
        </src>
        <src id="STTLng">
            <dst id="ATLA-M5">60.68</dst>
            <dst id="ATLAng">7115.992</dst>
            <dst id="CHINng">13408.5706666667</dst>
            <dst id="DNVRng">4213.75466666667</dst>
            <dst id="HSTNng">1766.704</dst>
            <dst id="IPLSng">4983.30133333333</dst>
            <dst id="KSCYng">2940.17866666667</dst>
            <dst id="LOSAng">378232.373333333</dst>
            <dst id="NYCMng">10233.6213333333</dst>
            <dst id="SNVAng">3076.288</dst>
            <dst id="STTLng">19587.264</dst>
            <dst id="WASHng">11514.8586666667</dst>
        </src>
        <src id="WASHng">
            <dst id="ATLA-M5">1002.752</dst>
            <dst id="ATLAng">96789.4266666667</dst>
            <dst id="CHINng">77529.4666666667</dst>
            <dst id="DNVRng">55051.9066666667</dst>
            <dst id="HSTNng">32490.272</dst>
            <dst id="IPLSng">43936.5946666667</dst>
            <dst id="KSCYng">10849.4026666667</dst>
            <dst id="LOSAng">66833.52</dst>
            <dst id="NYCMng">188112.130666667</dst>
            <dst id="SNVAng">1788.49333333333</dst>
            <dst id="STTLng">47309.7973333333</dst>
            <dst id="WASHng">184846.402666667</dst>
        </src>
    </IntraTM>
</TrafficMatrixFile>
