<?xml version="1.0" encoding="ISO-8859-1" standalone="yes"?>
<TrafficMatrixFile xsi:noNamespaceSchemaLocation="http://totem.run.montefiore.ulg.ac.be/Schema/TrafficMatrix-v1_2.xsd" xmlns:xsi="http://www.w3.org/2001/XMLSchema-instance">
    <IntraTM ASID="11537">
        <src id="ATLA-M5">
            <dst id="ATLA-M5">26.6666666666667</dst>
            <dst id="ATLAng">0</dst>
            <dst id="CHINng">53.496</dst>
            <dst id="DNVRng">26.6666666666667</dst>
            <dst id="HSTNng">53.3333333333333</dst>
            <dst id="IPLSng">0</dst>
            <dst id="KSCYng">26.6666666666667</dst>
            <dst id="LOSAng">81.568</dst>
            <dst id="NYCMng">1354.79466666667</dst>
            <dst id="SNVAng">0</dst>
            <dst id="STTLng">0</dst>
            <dst id="WASHng">233.256</dst>
        </src>
        <src id="ATLAng">
            <dst id="ATLA-M5">26.6666666666667</dst>
            <dst id="ATLAng">8188.24</dst>
            <dst id="CHINng">5606.52266666667</dst>
            <dst id="DNVRng">2715.73066666667</dst>
            <dst id="HSTNng">1475.03733333333</dst>
            <dst id="IPLSng">30007.7706666667</dst>
            <dst id="KSCYng">736.842666666667</dst>
            <dst id="LOSAng">8159.18133333333</dst>
            <dst id="NYCMng">7687.096</dst>
            <dst id="SNVAng">83.8186666666667</dst>
            <dst id="STTLng">7933.99466666667</dst>
            <dst id="WASHng">35441.7866666667</dst>
        </src>
        <src id="CHINng">
            <dst id="ATLA-M5">26.6666666666667</dst>
            <dst id="ATLAng">11447.432</dst>
            <dst id="CHINng">48326.8213333333</dst>
            <dst id="DNVRng">6071.42933333333</dst>
            <dst id="HSTNng">5218.71466666667</dst>
            <dst id="IPLSng">43347.7946666667</dst>
            <dst id="KSCYng">27889.5573333333</dst>
            <dst id="LOSAng">37161.7146666667</dst>
            <dst id="NYCMng">10428.7626666667</dst>
            <dst id="SNVAng">293.226666666667</dst>
            <dst id="STTLng">5006.13866666667</dst>
            <dst id="WASHng">10472.672</dst>
        </src>
        <src id="DNVRng">
            <dst id="ATLA-M5">285.501333333333</dst>
            <dst id="ATLAng">3075.024</dst>
            <dst id="CHINng">60420.8613333333</dst>
            <dst id="DNVRng">16390.28</dst>
            <dst id="HSTNng">21443.9786666667</dst>
            <dst id="IPLSng">36321.3386666667</dst>
            <dst id="KSCYng">28600.3173333333</dst>
            <dst id="LOSAng">17080.744</dst>
            <dst id="NYCMng">14030.664</dst>
            <dst id="SNVAng">15571.9306666667</dst>
            <dst id="STTLng">10743.152</dst>
            <dst id="WASHng">32809.8213333333</dst>
        </src>
        <src id="HSTNng">
            <dst id="ATLA-M5">132.597333333333</dst>
            <dst id="ATLAng">1586.06666666667</dst>
            <dst id="CHINng">10630.872</dst>
            <dst id="DNVRng">725.634666666667</dst>
            <dst id="HSTNng">16372.04</dst>
            <dst id="IPLSng">1341.58133333333</dst>
            <dst id="KSCYng">616.405333333333</dst>
            <dst id="LOSAng">62247.2053333334</dst>
            <dst id="NYCMng">2316.29866666667</dst>
            <dst id="SNVAng">0</dst>
            <dst id="STTLng">489.968</dst>
            <dst id="WASHng">993.288</dst>
        </src>
        <src id="IPLSng">
            <dst id="ATLA-M5">26.6666666666667</dst>
            <dst id="ATLAng">73370.0613333333</dst>
            <dst id="CHINng">52036.344</dst>
            <dst id="DNVRng">6534.38666666667</dst>
            <dst id="HSTNng">2665.51733333333</dst>
            <dst id="IPLSng">8137.304</dst>
            <dst id="KSCYng">6614.736</dst>
            <dst id="LOSAng">16623.8373333333</dst>
            <dst id="NYCMng">18648.856</dst>
            <dst id="SNVAng">232.037333333333</dst>
            <dst id="STTLng">29758.2853333333</dst>
            <dst id="WASHng">16804.152</dst>
        </src>
        <src id="KSCYng">
            <dst id="ATLA-M5">981.92</dst>
            <dst id="ATLAng">1230.02933333333</dst>
            <dst id="CHINng">13014.9066666667</dst>
            <dst id="DNVRng">11594.272</dst>
            <dst id="HSTNng">3534.75733333333</dst>
            <dst id="IPLSng">12823.3893333333</dst>
            <dst id="KSCYng">10254.5946666667</dst>
            <dst id="LOSAng">6815.85066666667</dst>
            <dst id="NYCMng">2751.24533333333</dst>
            <dst id="SNVAng">2236.74666666667</dst>
            <dst id="STTLng">7041</dst>
            <dst id="WASHng">6572.61066666667</dst>
        </src>
        <src id="LOSAng">
            <dst id="ATLA-M5">870.365333333333</dst>
            <dst id="ATLAng">11187.6693333333</dst>
            <dst id="CHINng">106727.266666667</dst>
            <dst id="DNVRng">21479.4213333333</dst>
            <dst id="HSTNng">3004.90133333333</dst>
            <dst id="IPLSng">14643.84</dst>
            <dst id="KSCYng">3994.80266666667</dst>
            <dst id="LOSAng">20380.5226666667</dst>
            <dst id="NYCMng">42510.3733333333</dst>
            <dst id="SNVAng">14786.4746666667</dst>
            <dst id="STTLng">22239.3413333333</dst>
            <dst id="WASHng">14728.4853333333</dst>
        </src>
        <src id="NYCMng">
            <dst id="ATLA-M5">426.296</dst>
            <dst id="ATLAng">20316.5386666667</dst>
            <dst id="CHINng">9357.416</dst>
            <dst id="DNVRng">21229.28</dst>
            <dst id="HSTNng">12025.4426666667</dst>
            <dst id="IPLSng">17851.872</dst>
            <dst id="KSCYng">5412.60266666667</dst>
            <dst id="LOSAng">82981.808</dst>
            <dst id="NYCMng">64051.6293333333</dst>
            <dst id="SNVAng">1465.128</dst>
            <dst id="STTLng">15440.736</dst>
            <dst id="WASHng">48692.8213333333</dst>
        </src>
        <src id="SNVAng">
            <dst id="ATLA-M5">0</dst>
            <dst id="ATLAng">26.6666666666667</dst>
            <dst id="CHINng">0</dst>
            <dst id="DNVRng">3737.16533333333</dst>
            <dst id="HSTNng">26.6666666666667</dst>
            <dst id="IPLSng">196.848</dst>
            <dst id="KSCYng">0</dst>
            <dst id="LOSAng">27995.7733333333</dst>
            <dst id="NYCMng">401.6</dst>
            <dst id="SNVAng">4907.848</dst>
            <dst id="STTLng">12349.2613333333</dst>
            <dst id="WASHng">26.6666666666667</dst>
        </src>
        <src id="STTLng">
            <dst id="ATLA-M5">0</dst>
            <dst id="ATLAng">7592.336</dst>
            <dst id="CHINng">15326.7413333333</dst>
            <dst id="DNVRng">2708.93333333333</dst>
            <dst id="HSTNng">1437.656</dst>
            <dst id="IPLSng">5189.344</dst>
            <dst id="KSCYng">1092.53866666667</dst>
            <dst id="LOSAng">16431.168</dst>
            <dst id="NYCMng">13646.1146666667</dst>
            <dst id="SNVAng">4218.592</dst>
            <dst id="STTLng">5844.70933333333</dst>
            <dst id="WASHng">8832.25866666667</dst>
        </src>
        <src id="WASHng">
            <dst id="ATLA-M5">111.362666666667</dst>
            <dst id="ATLAng">61255.9626666667</dst>
            <dst id="CHINng">49995.368</dst>
            <dst id="DNVRng">52490.384</dst>
            <dst id="HSTNng">13103.904</dst>
            <dst id="IPLSng">54705.4746666667</dst>
            <dst id="KSCYng">13831.7946666667</dst>
            <dst id="LOSAng">77843.6026666667</dst>
            <dst id="NYCMng">151586.696</dst>
            <dst id="SNVAng">12417.616</dst>
            <dst id="STTLng">40205.944</dst>
            <dst id="WASHng">331145.626666667</dst>
        </src>
    </IntraTM>
</TrafficMatrixFile>
