<?xml version="1.0" encoding="ISO-8859-1" standalone="yes"?>
<TrafficMatrixFile xsi:noNamespaceSchemaLocation="http://totem.run.montefiore.ulg.ac.be/Schema/TrafficMatrix-v1_2.xsd" xmlns:xsi="http://www.w3.org/2001/XMLSchema-instance">
    <IntraTM ASID="11537">
        <src id="ATLA-M5">
            <dst id="ATLA-M5">1579.63733333333</dst>
            <dst id="ATLAng">26.6666666666667</dst>
            <dst id="CHINng">82.4373333333333</dst>
            <dst id="DNVRng">0</dst>
            <dst id="HSTNng">0</dst>
            <dst id="IPLSng">0</dst>
            <dst id="KSCYng">26.6666666666667</dst>
            <dst id="LOSAng">379.058666666667</dst>
            <dst id="NYCMng">66.6666666666667</dst>
            <dst id="SNVAng">0</dst>
            <dst id="STTLng">29.368</dst>
            <dst id="WASHng">897.797333333333</dst>
        </src>
        <src id="ATLAng">
            <dst id="ATLA-M5">146.474666666667</dst>
            <dst id="ATLAng">34478.9253333333</dst>
            <dst id="CHINng">2297.04</dst>
            <dst id="DNVRng">2984.78933333333</dst>
            <dst id="HSTNng">3480.04533333333</dst>
            <dst id="IPLSng">28471.704</dst>
            <dst id="KSCYng">239.850666666667</dst>
            <dst id="LOSAng">7405.20266666667</dst>
            <dst id="NYCMng">7249.448</dst>
            <dst id="SNVAng">40</dst>
            <dst id="STTLng">9999.86666666667</dst>
            <dst id="WASHng">34499.0506666667</dst>
        </src>
        <src id="CHINng">
            <dst id="ATLA-M5">26.6666666666667</dst>
            <dst id="ATLAng">5722.85333333333</dst>
            <dst id="CHINng">120217.064</dst>
            <dst id="DNVRng">7989.60533333334</dst>
            <dst id="HSTNng">4531.73066666667</dst>
            <dst id="IPLSng">84969.4</dst>
            <dst id="KSCYng">4234.43466666667</dst>
            <dst id="LOSAng">37883.536</dst>
            <dst id="NYCMng">8507.04</dst>
            <dst id="SNVAng">222.312</dst>
            <dst id="STTLng">4962.63466666667</dst>
            <dst id="WASHng">16762.9066666667</dst>
        </src>
        <src id="DNVRng">
            <dst id="ATLA-M5">296.088</dst>
            <dst id="ATLAng">2929.472</dst>
            <dst id="CHINng">54476.824</dst>
            <dst id="DNVRng">9602.21866666667</dst>
            <dst id="HSTNng">16627.9573333333</dst>
            <dst id="IPLSng">33657.528</dst>
            <dst id="KSCYng">22282.6826666667</dst>
            <dst id="LOSAng">30992.1226666667</dst>
            <dst id="NYCMng">19049.824</dst>
            <dst id="SNVAng">13382.1573333333</dst>
            <dst id="STTLng">10471.0133333333</dst>
            <dst id="WASHng">29796.2026666667</dst>
        </src>
        <src id="HSTNng">
            <dst id="ATLA-M5">245.184</dst>
            <dst id="ATLAng">1856.12266666667</dst>
            <dst id="CHINng">16491.9573333333</dst>
            <dst id="DNVRng">1212.09066666667</dst>
            <dst id="HSTNng">15253.752</dst>
            <dst id="IPLSng">6470.23733333333</dst>
            <dst id="KSCYng">697.856</dst>
            <dst id="LOSAng">3823.77866666667</dst>
            <dst id="NYCMng">5991.848</dst>
            <dst id="SNVAng">26.6666666666667</dst>
            <dst id="STTLng">1336.58933333333</dst>
            <dst id="WASHng">732.621333333333</dst>
        </src>
        <src id="IPLSng">
            <dst id="ATLA-M5">181.213333333333</dst>
            <dst id="ATLAng">10267.7413333333</dst>
            <dst id="CHINng">70575.504</dst>
            <dst id="DNVRng">11212.7893333333</dst>
            <dst id="HSTNng">2880.39733333333</dst>
            <dst id="IPLSng">20628.3173333333</dst>
            <dst id="KSCYng">3791.168</dst>
            <dst id="LOSAng">9931.31466666667</dst>
            <dst id="NYCMng">30193.0746666667</dst>
            <dst id="SNVAng">607.512</dst>
            <dst id="STTLng">7771.78933333333</dst>
            <dst id="WASHng">9880.35733333334</dst>
        </src>
        <src id="KSCYng">
            <dst id="ATLA-M5">744.608</dst>
            <dst id="ATLAng">864.477333333333</dst>
            <dst id="CHINng">16405.352</dst>
            <dst id="DNVRng">13301.336</dst>
            <dst id="HSTNng">2790.11733333333</dst>
            <dst id="IPLSng">20921.3226666667</dst>
            <dst id="KSCYng">9331.14666666667</dst>
            <dst id="LOSAng">5321.99466666667</dst>
            <dst id="NYCMng">3681.99466666667</dst>
            <dst id="SNVAng">2622.56</dst>
            <dst id="STTLng">4081.49066666667</dst>
            <dst id="WASHng">6403.96533333333</dst>
        </src>
        <src id="LOSAng">
            <dst id="ATLA-M5">473.554666666667</dst>
            <dst id="ATLAng">26317.7386666667</dst>
            <dst id="CHINng">116504.864</dst>
            <dst id="DNVRng">4405.54133333333</dst>
            <dst id="HSTNng">1276.46666666667</dst>
            <dst id="IPLSng">10528.3653333333</dst>
            <dst id="KSCYng">4294.17066666667</dst>
            <dst id="LOSAng">15679.1173333333</dst>
            <dst id="NYCMng">34797.9573333333</dst>
            <dst id="SNVAng">17990.976</dst>
            <dst id="STTLng">27981.7866666667</dst>
            <dst id="WASHng">24308.4346666667</dst>
        </src>
        <src id="NYCMng">
            <dst id="ATLA-M5">31.928</dst>
            <dst id="ATLAng">13185.9066666667</dst>
            <dst id="CHINng">10188.48</dst>
            <dst id="DNVRng">30298.6053333333</dst>
            <dst id="HSTNng">3214.93866666667</dst>
            <dst id="IPLSng">25324.0186666667</dst>
            <dst id="KSCYng">5521.05333333333</dst>
            <dst id="LOSAng">74958.992</dst>
            <dst id="NYCMng">120718.914666667</dst>
            <dst id="SNVAng">909.456</dst>
            <dst id="STTLng">25776.7306666667</dst>
            <dst id="WASHng">36348.9093333333</dst>
        </src>
        <src id="SNVAng">
            <dst id="ATLA-M5">0</dst>
            <dst id="ATLAng">71.032</dst>
            <dst id="CHINng">0</dst>
            <dst id="DNVRng">3504.47466666667</dst>
            <dst id="HSTNng">0</dst>
            <dst id="IPLSng">7311.47733333333</dst>
            <dst id="KSCYng">0</dst>
            <dst id="LOSAng">32961.608</dst>
            <dst id="NYCMng">529.784</dst>
            <dst id="SNVAng">6222.10133333333</dst>
            <dst id="STTLng">26473.952</dst>
            <dst id="WASHng">54.8746666666667</dst>
        </src>
        <src id="STTLng">
            <dst id="ATLA-M5">87.968</dst>
            <dst id="ATLAng">6839.632</dst>
            <dst id="CHINng">27413.0986666667</dst>
            <dst id="DNVRng">2544.67466666667</dst>
            <dst id="HSTNng">1785.008</dst>
            <dst id="IPLSng">4348.752</dst>
            <dst id="KSCYng">962.837333333333</dst>
            <dst id="LOSAng">13726.0666666667</dst>
            <dst id="NYCMng">14342.5573333333</dst>
            <dst id="SNVAng">3286.46133333333</dst>
            <dst id="STTLng">5338.104</dst>
            <dst id="WASHng">5297.28533333333</dst>
        </src>
        <src id="WASHng">
            <dst id="ATLA-M5">101.709333333333</dst>
            <dst id="ATLAng">79610.9893333333</dst>
            <dst id="CHINng">44215.0613333333</dst>
            <dst id="DNVRng">43791.3706666667</dst>
            <dst id="HSTNng">11093.5013333333</dst>
            <dst id="IPLSng">51491.7066666667</dst>
            <dst id="KSCYng">9654.15466666667</dst>
            <dst id="LOSAng">77422.752</dst>
            <dst id="NYCMng">137298.794666667</dst>
            <dst id="SNVAng">5364.70133333333</dst>
            <dst id="STTLng">24490.8426666667</dst>
            <dst id="WASHng">300655.146666667</dst>
        </src>
    </IntraTM>
</TrafficMatrixFile>
