<?xml version="1.0" encoding="ISO-8859-1" standalone="yes"?>
<TrafficMatrixFile xsi:noNamespaceSchemaLocation="http://totem.run.montefiore.ulg.ac.be/Schema/TrafficMatrix-v1_2.xsd" xmlns:xsi="http://www.w3.org/2001/XMLSchema-instance">
    <IntraTM ASID="11537">
        <src id="ATLA-M5">
            <dst id="ATLA-M5">0</dst>
            <dst id="ATLAng">259.997333333333</dst>
            <dst id="CHINng">3696.10133333333</dst>
            <dst id="DNVRng">0</dst>
            <dst id="HSTNng">214.866666666667</dst>
            <dst id="IPLSng">246.666666666667</dst>
            <dst id="KSCYng">545.722666666667</dst>
            <dst id="LOSAng">182.88</dst>
            <dst id="NYCMng">450.293333333333</dst>
            <dst id="SNVAng">0</dst>
            <dst id="STTLng">283.514666666667</dst>
            <dst id="WASHng">3307.87733333333</dst>
        </src>
        <src id="ATLAng">
            <dst id="ATLA-M5">53.3333333333333</dst>
            <dst id="ATLAng">53250.2613333333</dst>
            <dst id="CHINng">9673.472</dst>
            <dst id="DNVRng">4169.27466666667</dst>
            <dst id="HSTNng">3924.50133333333</dst>
            <dst id="IPLSng">17104.16</dst>
            <dst id="KSCYng">6875.90133333333</dst>
            <dst id="LOSAng">19586.2613333333</dst>
            <dst id="NYCMng">6660.26933333333</dst>
            <dst id="SNVAng">422.16</dst>
            <dst id="STTLng">6479.63733333333</dst>
            <dst id="WASHng">30910.6053333333</dst>
        </src>
        <src id="CHINng">
            <dst id="ATLA-M5">308.546666666667</dst>
            <dst id="ATLAng">11304.168</dst>
            <dst id="CHINng">58662.6346666667</dst>
            <dst id="DNVRng">17192.4</dst>
            <dst id="HSTNng">15675.3093333333</dst>
            <dst id="IPLSng">47585.3333333333</dst>
            <dst id="KSCYng">5736.91733333333</dst>
            <dst id="LOSAng">58483.016</dst>
            <dst id="NYCMng">12684.464</dst>
            <dst id="SNVAng">8402.096</dst>
            <dst id="STTLng">13335.2506666667</dst>
            <dst id="WASHng">20116.7333333333</dst>
        </src>
        <src id="DNVRng">
            <dst id="ATLA-M5">306.845333333333</dst>
            <dst id="ATLAng">19662.9306666667</dst>
            <dst id="CHINng">45507.6773333333</dst>
            <dst id="DNVRng">11562.8293333333</dst>
            <dst id="HSTNng">14479.016</dst>
            <dst id="IPLSng">31266.536</dst>
            <dst id="KSCYng">12037.4586666667</dst>
            <dst id="LOSAng">24390.7573333333</dst>
            <dst id="NYCMng">15083.6906666667</dst>
            <dst id="SNVAng">7892.50666666667</dst>
            <dst id="STTLng">16346.536</dst>
            <dst id="WASHng">40227.5333333333</dst>
        </src>
        <src id="HSTNng">
            <dst id="ATLA-M5">3030.99466666667</dst>
            <dst id="ATLAng">13867.9146666667</dst>
            <dst id="CHINng">8458.06666666667</dst>
            <dst id="DNVRng">1678.13066666667</dst>
            <dst id="HSTNng">15888.008</dst>
            <dst id="IPLSng">2115.224</dst>
            <dst id="KSCYng">3257.70666666667</dst>
            <dst id="LOSAng">5020.93333333333</dst>
            <dst id="NYCMng">2924.34666666667</dst>
            <dst id="SNVAng">53.3333333333333</dst>
            <dst id="STTLng">1107.68</dst>
            <dst id="WASHng">14119.536</dst>
        </src>
        <src id="IPLSng">
            <dst id="ATLA-M5">73.0533333333333</dst>
            <dst id="ATLAng">16876.5626666667</dst>
            <dst id="CHINng">58748.1253333333</dst>
            <dst id="DNVRng">9868.81866666666</dst>
            <dst id="HSTNng">4476.752</dst>
            <dst id="IPLSng">17948.2186666667</dst>
            <dst id="KSCYng">5363.06666666667</dst>
            <dst id="LOSAng">25846.4666666667</dst>
            <dst id="NYCMng">28227.4026666667</dst>
            <dst id="SNVAng">1404.70666666667</dst>
            <dst id="STTLng">7174.61066666666</dst>
            <dst id="WASHng">15067.2506666667</dst>
        </src>
        <src id="KSCYng">
            <dst id="ATLA-M5">1352.09866666667</dst>
            <dst id="ATLAng">3921.30933333333</dst>
            <dst id="CHINng">16479.5786666667</dst>
            <dst id="DNVRng">12391.9786666667</dst>
            <dst id="HSTNng">3513.256</dst>
            <dst id="IPLSng">13157.376</dst>
            <dst id="KSCYng">5487.8</dst>
            <dst id="LOSAng">5971.78666666667</dst>
            <dst id="NYCMng">2393.65866666667</dst>
            <dst id="SNVAng">2723.22133333333</dst>
            <dst id="STTLng">5421.65866666667</dst>
            <dst id="WASHng">16739.056</dst>
        </src>
        <src id="LOSAng">
            <dst id="ATLA-M5">49.256</dst>
            <dst id="ATLAng">32734.3706666667</dst>
            <dst id="CHINng">78854.5253333333</dst>
            <dst id="DNVRng">28526.7493333333</dst>
            <dst id="HSTNng">6251.49066666667</dst>
            <dst id="IPLSng">12952.3493333333</dst>
            <dst id="KSCYng">9381.552</dst>
            <dst id="LOSAng">19669.7893333333</dst>
            <dst id="NYCMng">32106.4</dst>
            <dst id="SNVAng">25523.144</dst>
            <dst id="STTLng">52984.8</dst>
            <dst id="WASHng">46528.2613333333</dst>
        </src>
        <src id="NYCMng">
            <dst id="ATLA-M5">4840.38133333333</dst>
            <dst id="ATLAng">23414.5466666667</dst>
            <dst id="CHINng">21749.2213333333</dst>
            <dst id="DNVRng">28404.1333333333</dst>
            <dst id="HSTNng">14578.4773333333</dst>
            <dst id="IPLSng">24333.9066666667</dst>
            <dst id="KSCYng">16477.928</dst>
            <dst id="LOSAng">75206.7626666667</dst>
            <dst id="NYCMng">91553.672</dst>
            <dst id="SNVAng">4718.23466666667</dst>
            <dst id="STTLng">21118.5066666667</dst>
            <dst id="WASHng">75777.056</dst>
        </src>
        <src id="SNVAng">
            <dst id="ATLA-M5">0</dst>
            <dst id="ATLAng">153.250666666667</dst>
            <dst id="CHINng">26.6666666666667</dst>
            <dst id="DNVRng">5677.632</dst>
            <dst id="HSTNng">2596.08533333333</dst>
            <dst id="IPLSng">192.050666666667</dst>
            <dst id="KSCYng">26.6666666666667</dst>
            <dst id="LOSAng">42836.0933333333</dst>
            <dst id="NYCMng">358.130666666667</dst>
            <dst id="SNVAng">10940.6293333333</dst>
            <dst id="STTLng">36161.76</dst>
            <dst id="WASHng">587.728</dst>
        </src>
        <src id="STTLng">
            <dst id="ATLA-M5">168.434666666667</dst>
            <dst id="ATLAng">10243.0266666667</dst>
            <dst id="CHINng">15749.0026666667</dst>
            <dst id="DNVRng">2899.616</dst>
            <dst id="HSTNng">6391.76533333333</dst>
            <dst id="IPLSng">6474.19466666667</dst>
            <dst id="KSCYng">7256.82933333333</dst>
            <dst id="LOSAng">23241.6266666667</dst>
            <dst id="NYCMng">9073.848</dst>
            <dst id="SNVAng">3743.18666666667</dst>
            <dst id="STTLng">16216.672</dst>
            <dst id="WASHng">14711.4506666667</dst>
        </src>
        <src id="WASHng">
            <dst id="ATLA-M5">187.610666666667</dst>
            <dst id="ATLAng">97855.3893333334</dst>
            <dst id="CHINng">59751.4426666667</dst>
            <dst id="DNVRng">82689.0666666667</dst>
            <dst id="HSTNng">30826.7386666667</dst>
            <dst id="IPLSng">52059.6746666667</dst>
            <dst id="KSCYng">16615.0266666667</dst>
            <dst id="LOSAng">67261.0986666667</dst>
            <dst id="NYCMng">120130.608</dst>
            <dst id="SNVAng">10301.4826666667</dst>
            <dst id="STTLng">53369.9626666667</dst>
            <dst id="WASHng">211325.512</dst>
        </src>
    </IntraTM>
</TrafficMatrixFile>
