<?xml version="1.0" encoding="ISO-8859-1" standalone="yes"?>
<TrafficMatrixFile xsi:noNamespaceSchemaLocation="http://totem.run.montefiore.ulg.ac.be/Schema/TrafficMatrix-v1_2.xsd" xmlns:xsi="http://www.w3.org/2001/XMLSchema-instance">
    <IntraTM ASID="11537">
        <src id="ATLA-M5">
            <dst id="ATLA-M5">0</dst>
            <dst id="ATLAng">106.666666666667</dst>
            <dst id="CHINng">973.288</dst>
            <dst id="DNVRng">0</dst>
            <dst id="HSTNng">438.936</dst>
            <dst id="IPLSng">128</dst>
            <dst id="KSCYng">912.213333333333</dst>
            <dst id="LOSAng">26.6666666666667</dst>
            <dst id="NYCMng">80</dst>
            <dst id="SNVAng">0</dst>
            <dst id="STTLng">28.32</dst>
            <dst id="WASHng">289.066666666667</dst>
        </src>
        <src id="ATLAng">
            <dst id="ATLA-M5">406.664</dst>
            <dst id="ATLAng">27569.608</dst>
            <dst id="CHINng">6486.90666666667</dst>
            <dst id="DNVRng">2714.76</dst>
            <dst id="HSTNng">2779.136</dst>
            <dst id="IPLSng">15176.5413333333</dst>
            <dst id="KSCYng">1806.31466666667</dst>
            <dst id="LOSAng">17179.2013333333</dst>
            <dst id="NYCMng">6635.216</dst>
            <dst id="SNVAng">297.204</dst>
            <dst id="STTLng">7015.304</dst>
            <dst id="WASHng">29928.7013333333</dst>
        </src>
        <src id="CHINng">
            <dst id="ATLA-M5">4796.528</dst>
            <dst id="ATLAng">15744.4853333333</dst>
            <dst id="CHINng">53275.3466666667</dst>
            <dst id="DNVRng">6165.11466666667</dst>
            <dst id="HSTNng">9819.712</dst>
            <dst id="IPLSng">23039.2213333333</dst>
            <dst id="KSCYng">6032.47466666667</dst>
            <dst id="LOSAng">58739.8453333333</dst>
            <dst id="NYCMng">9584.936</dst>
            <dst id="SNVAng">4508.17866666667</dst>
            <dst id="STTLng">11277.7013333333</dst>
            <dst id="WASHng">28162.6693333333</dst>
        </src>
        <src id="DNVRng">
            <dst id="ATLA-M5">121.76</dst>
            <dst id="ATLAng">7439.872</dst>
            <dst id="CHINng">46787.8186666667</dst>
            <dst id="DNVRng">18990.6213333333</dst>
            <dst id="HSTNng">17156.544</dst>
            <dst id="IPLSng">28109.3733333333</dst>
            <dst id="KSCYng">25789.1066666667</dst>
            <dst id="LOSAng">17654.1253333333</dst>
            <dst id="NYCMng">14896.3226666667</dst>
            <dst id="SNVAng">11723.256</dst>
            <dst id="STTLng">23200.3706666667</dst>
            <dst id="WASHng">47958.288</dst>
        </src>
        <src id="HSTNng">
            <dst id="ATLA-M5">315.2</dst>
            <dst id="ATLAng">10273.1946666667</dst>
            <dst id="CHINng">10598.6133333333</dst>
            <dst id="DNVRng">2137.512</dst>
            <dst id="HSTNng">15356.5653333333</dst>
            <dst id="IPLSng">5149.25866666667</dst>
            <dst id="KSCYng">2004.176</dst>
            <dst id="LOSAng">8812.78666666667</dst>
            <dst id="NYCMng">3230.62133333333</dst>
            <dst id="SNVAng">53.3333333333333</dst>
            <dst id="STTLng">1368.76533333333</dst>
            <dst id="WASHng">4337.912</dst>
        </src>
        <src id="IPLSng">
            <dst id="ATLA-M5">265.050666666667</dst>
            <dst id="ATLAng">17514.792</dst>
            <dst id="CHINng">66577.2186666667</dst>
            <dst id="DNVRng">11853.3413333333</dst>
            <dst id="HSTNng">4073.656</dst>
            <dst id="IPLSng">28139.6106666667</dst>
            <dst id="KSCYng">3607.85866666667</dst>
            <dst id="LOSAng">25250.216</dst>
            <dst id="NYCMng">30052.592</dst>
            <dst id="SNVAng">1615.656</dst>
            <dst id="STTLng">16189.7013333333</dst>
            <dst id="WASHng">13522.504</dst>
        </src>
        <src id="KSCYng">
            <dst id="ATLA-M5">1339.816</dst>
            <dst id="ATLAng">2181.68533333333</dst>
            <dst id="CHINng">9826.216</dst>
            <dst id="DNVRng">9837.84266666667</dst>
            <dst id="HSTNng">5041.31733333333</dst>
            <dst id="IPLSng">12438.3626666667</dst>
            <dst id="KSCYng">7623.18666666667</dst>
            <dst id="LOSAng">7128.81066666667</dst>
            <dst id="NYCMng">2240.088</dst>
            <dst id="SNVAng">2664.57333333333</dst>
            <dst id="STTLng">3322.08</dst>
            <dst id="WASHng">14638.24</dst>
        </src>
        <src id="LOSAng">
            <dst id="ATLA-M5">83.9946666666667</dst>
            <dst id="ATLAng">33239.5413333333</dst>
            <dst id="CHINng">74054.1066666667</dst>
            <dst id="DNVRng">26454.0346666667</dst>
            <dst id="HSTNng">8638.28</dst>
            <dst id="IPLSng">29060.3306666667</dst>
            <dst id="KSCYng">3676.18933333333</dst>
            <dst id="LOSAng">21534.4773333333</dst>
            <dst id="NYCMng">37837.4106666667</dst>
            <dst id="SNVAng">36623.7093333333</dst>
            <dst id="STTLng">27708.056</dst>
            <dst id="WASHng">36275.3973333333</dst>
        </src>
        <src id="NYCMng">
            <dst id="ATLA-M5">496.824</dst>
            <dst id="ATLAng">20776.1866666667</dst>
            <dst id="CHINng">8991.56266666667</dst>
            <dst id="DNVRng">41491.9946666667</dst>
            <dst id="HSTNng">13706.9573333333</dst>
            <dst id="IPLSng">28407.3413333333</dst>
            <dst id="KSCYng">16583.9653333333</dst>
            <dst id="LOSAng">82751.6826666667</dst>
            <dst id="NYCMng">73950.104</dst>
            <dst id="SNVAng">2170.216</dst>
            <dst id="STTLng">38186.8426666667</dst>
            <dst id="WASHng">64541.36</dst>
        </src>
        <src id="SNVAng">
            <dst id="ATLA-M5">0</dst>
            <dst id="ATLAng">26.6666666666667</dst>
            <dst id="CHINng">213.928</dst>
            <dst id="DNVRng">13161.488</dst>
            <dst id="HSTNng">1789.81333333333</dst>
            <dst id="IPLSng">303.144</dst>
            <dst id="KSCYng">0</dst>
            <dst id="LOSAng">37986.2186666667</dst>
            <dst id="NYCMng">318.890666666667</dst>
            <dst id="SNVAng">12929.0666666667</dst>
            <dst id="STTLng">34479.296</dst>
            <dst id="WASHng">456.928</dst>
        </src>
        <src id="STTLng">
            <dst id="ATLA-M5">180.312</dst>
            <dst id="ATLAng">8738.78666666667</dst>
            <dst id="CHINng">18569.9973333333</dst>
            <dst id="DNVRng">5800.23466666667</dst>
            <dst id="HSTNng">4685.71466666667</dst>
            <dst id="IPLSng">7458.14933333333</dst>
            <dst id="KSCYng">6082.568</dst>
            <dst id="LOSAng">24918.1413333333</dst>
            <dst id="NYCMng">10829.416</dst>
            <dst id="SNVAng">3082.392</dst>
            <dst id="STTLng">23677.5733333333</dst>
            <dst id="WASHng">15072.2026666667</dst>
        </src>
        <src id="WASHng">
            <dst id="ATLA-M5">259.514666666667</dst>
            <dst id="ATLAng">103308.584</dst>
            <dst id="CHINng">65419.752</dst>
            <dst id="DNVRng">91338.0506666666</dst>
            <dst id="HSTNng">45627.816</dst>
            <dst id="IPLSng">65552.944</dst>
            <dst id="KSCYng">12850.7866666667</dst>
            <dst id="LOSAng">87575.4453333334</dst>
            <dst id="NYCMng">153739.117333333</dst>
            <dst id="SNVAng">5321.66933333333</dst>
            <dst id="STTLng">62040.1386666667</dst>
            <dst id="WASHng">213995.037333333</dst>
        </src>
    </IntraTM>
</TrafficMatrixFile>
