<?xml version="1.0" encoding="ISO-8859-1" standalone="yes"?>
<TrafficMatrixFile xsi:noNamespaceSchemaLocation="http://totem.run.montefiore.ulg.ac.be/Schema/TrafficMatrix-v1_2.xsd" xmlns:xsi="http://www.w3.org/2001/XMLSchema-instance">
    <IntraTM ASID="11537">
        <src id="ATLA-M5">
            <dst id="ATLA-M5">0</dst>
            <dst id="ATLAng">0</dst>
            <dst id="CHINng">197.64</dst>
            <dst id="DNVRng">0</dst>
            <dst id="HSTNng">108.410666666667</dst>
            <dst id="IPLSng">0</dst>
            <dst id="KSCYng">878.552</dst>
            <dst id="LOSAng">401.552</dst>
            <dst id="NYCMng">81.8773333333333</dst>
            <dst id="SNVAng">0</dst>
            <dst id="STTLng">346.192</dst>
            <dst id="WASHng">122.36</dst>
        </src>
        <src id="ATLAng">
            <dst id="ATLA-M5">37.072</dst>
            <dst id="ATLAng">26762.7253333333</dst>
            <dst id="CHINng">11038.5306666667</dst>
            <dst id="DNVRng">3639.50666666667</dst>
            <dst id="HSTNng">8579.18933333333</dst>
            <dst id="IPLSng">11756.5413333333</dst>
            <dst id="KSCYng">786.136</dst>
            <dst id="LOSAng">12798.804</dst>
            <dst id="NYCMng">7155.93333333333</dst>
            <dst id="SNVAng">72.0493333333333</dst>
            <dst id="STTLng">5499.13066666667</dst>
            <dst id="WASHng">30994.184</dst>
        </src>
        <src id="CHINng">
            <dst id="ATLA-M5">781.509333333333</dst>
            <dst id="ATLAng">7694.77866666667</dst>
            <dst id="CHINng">54239.7893333333</dst>
            <dst id="DNVRng">5463.936</dst>
            <dst id="HSTNng">4360.94666666667</dst>
            <dst id="IPLSng">25443.264</dst>
            <dst id="KSCYng">3519.192</dst>
            <dst id="LOSAng">39272.32</dst>
            <dst id="NYCMng">10453.8373333333</dst>
            <dst id="SNVAng">1716.82133333333</dst>
            <dst id="STTLng">4977.11733333333</dst>
            <dst id="WASHng">29163.8693333333</dst>
        </src>
        <src id="DNVRng">
            <dst id="ATLA-M5">182.506666666667</dst>
            <dst id="ATLAng">14458.2613333333</dst>
            <dst id="CHINng">52765.3333333333</dst>
            <dst id="DNVRng">20490.4693333333</dst>
            <dst id="HSTNng">11941.0506666667</dst>
            <dst id="IPLSng">24496.2853333333</dst>
            <dst id="KSCYng">11178.4133333333</dst>
            <dst id="LOSAng">8794.90133333334</dst>
            <dst id="NYCMng">16751.3306666667</dst>
            <dst id="SNVAng">6094.864</dst>
            <dst id="STTLng">6407.768</dst>
            <dst id="WASHng">34722.3546666667</dst>
        </src>
        <src id="HSTNng">
            <dst id="ATLA-M5">3880.45333333333</dst>
            <dst id="ATLAng">6294.624</dst>
            <dst id="CHINng">6759.07733333333</dst>
            <dst id="DNVRng">966.922666666667</dst>
            <dst id="HSTNng">15990.088</dst>
            <dst id="IPLSng">9369.34933333334</dst>
            <dst id="KSCYng">1138.55466666667</dst>
            <dst id="LOSAng">4339.20533333333</dst>
            <dst id="NYCMng">4820.79466666667</dst>
            <dst id="SNVAng">0</dst>
            <dst id="STTLng">537.578666666667</dst>
            <dst id="WASHng">4988.272</dst>
        </src>
        <src id="IPLSng">
            <dst id="ATLA-M5">90.1146666666667</dst>
            <dst id="ATLAng">17970.896</dst>
            <dst id="CHINng">62720.784</dst>
            <dst id="DNVRng">15400.7706666667</dst>
            <dst id="HSTNng">442.184</dst>
            <dst id="IPLSng">11460.1173333333</dst>
            <dst id="KSCYng">2423.08</dst>
            <dst id="LOSAng">22304.424</dst>
            <dst id="NYCMng">24437.6826666667</dst>
            <dst id="SNVAng">361.042666666667</dst>
            <dst id="STTLng">12714.896</dst>
            <dst id="WASHng">13031.0293333333</dst>
        </src>
        <src id="KSCYng">
            <dst id="ATLA-M5">1268.064</dst>
            <dst id="ATLAng">981.296</dst>
            <dst id="CHINng">17582.2453333333</dst>
            <dst id="DNVRng">11076.2533333333</dst>
            <dst id="HSTNng">2978.07733333333</dst>
            <dst id="IPLSng">11201.9413333333</dst>
            <dst id="KSCYng">4155.69333333333</dst>
            <dst id="LOSAng">7650.28266666667</dst>
            <dst id="NYCMng">2346.87733333333</dst>
            <dst id="SNVAng">2453.312</dst>
            <dst id="STTLng">3698.064</dst>
            <dst id="WASHng">5969.31733333333</dst>
        </src>
        <src id="LOSAng">
            <dst id="ATLA-M5">232.253333333333</dst>
            <dst id="ATLAng">27236.3386666667</dst>
            <dst id="CHINng">57178.7386666667</dst>
            <dst id="DNVRng">5675.104</dst>
            <dst id="HSTNng">6354.97866666667</dst>
            <dst id="IPLSng">20603.92</dst>
            <dst id="KSCYng">2946.00266666667</dst>
            <dst id="LOSAng">25057.032</dst>
            <dst id="NYCMng">29730.1146666667</dst>
            <dst id="SNVAng">16106.8906666667</dst>
            <dst id="STTLng">30841.176</dst>
            <dst id="WASHng">31266.488</dst>
        </src>
        <src id="NYCMng">
            <dst id="ATLA-M5">3481.336</dst>
            <dst id="ATLAng">11782.696</dst>
            <dst id="CHINng">12897.824</dst>
            <dst id="DNVRng">25749.6773333333</dst>
            <dst id="HSTNng">13055.216</dst>
            <dst id="IPLSng">15381.9626666667</dst>
            <dst id="KSCYng">4284.06933333333</dst>
            <dst id="LOSAng">70237.456</dst>
            <dst id="NYCMng">94387.0666666667</dst>
            <dst id="SNVAng">2707.304</dst>
            <dst id="STTLng">36488.2826666667</dst>
            <dst id="WASHng">40471.4506666667</dst>
        </src>
        <src id="SNVAng">
            <dst id="ATLA-M5">0</dst>
            <dst id="ATLAng">672.810666666667</dst>
            <dst id="CHINng">150.434666666667</dst>
            <dst id="DNVRng">8982.00533333333</dst>
            <dst id="HSTNng">1619.872</dst>
            <dst id="IPLSng">223.106666666667</dst>
            <dst id="KSCYng">0</dst>
            <dst id="LOSAng">49961.1093333333</dst>
            <dst id="NYCMng">8679.21066666666</dst>
            <dst id="SNVAng">8666.224</dst>
            <dst id="STTLng">36130.592</dst>
            <dst id="WASHng">53.3333333333333</dst>
        </src>
        <src id="STTLng">
            <dst id="ATLA-M5">111.106666666667</dst>
            <dst id="ATLAng">6462.09866666667</dst>
            <dst id="CHINng">13937.7386666667</dst>
            <dst id="DNVRng">4897.816</dst>
            <dst id="HSTNng">1853.54933333333</dst>
            <dst id="IPLSng">4723.74666666667</dst>
            <dst id="KSCYng">3545.06666666667</dst>
            <dst id="LOSAng">446382.026666667</dst>
            <dst id="NYCMng">11839.4293333333</dst>
            <dst id="SNVAng">1409.992</dst>
            <dst id="STTLng">18623.8533333333</dst>
            <dst id="WASHng">10633.0746666667</dst>
        </src>
        <src id="WASHng">
            <dst id="ATLA-M5">861.466666666667</dst>
            <dst id="ATLAng">92401.344</dst>
            <dst id="CHINng">79317.6426666666</dst>
            <dst id="DNVRng">55283.1626666667</dst>
            <dst id="HSTNng">27130.4933333333</dst>
            <dst id="IPLSng">44352.6053333333</dst>
            <dst id="KSCYng">5520.89066666666</dst>
            <dst id="LOSAng">79352.6746666667</dst>
            <dst id="NYCMng">147614.205333333</dst>
            <dst id="SNVAng">1948.55466666667</dst>
            <dst id="STTLng">42477.2613333333</dst>
            <dst id="WASHng">183110.946666667</dst>
        </src>
    </IntraTM>
</TrafficMatrixFile>
