<?xml version="1.0" encoding="ISO-8859-1" standalone="yes"?>
<TrafficMatrixFile xsi:noNamespaceSchemaLocation="http://totem.run.montefiore.ulg.ac.be/Schema/TrafficMatrix-v1_2.xsd" xmlns:xsi="http://www.w3.org/2001/XMLSchema-instance">
    <IntraTM ASID="11537">
        <src id="ATLA-M5">
            <dst id="ATLA-M5">53.3333333333333</dst>
            <dst id="ATLAng">1490.22933333333</dst>
            <dst id="CHINng">1458.336</dst>
            <dst id="DNVRng">0</dst>
            <dst id="HSTNng">0</dst>
            <dst id="IPLSng">157.333333333333</dst>
            <dst id="KSCYng">98.76</dst>
            <dst id="LOSAng">142.184</dst>
            <dst id="NYCMng">135.418666666667</dst>
            <dst id="SNVAng">0</dst>
            <dst id="STTLng">55.9493333333333</dst>
            <dst id="WASHng">121.074666666667</dst>
        </src>
        <src id="ATLAng">
            <dst id="ATLA-M5">210.133333333333</dst>
            <dst id="ATLAng">28340.8106666667</dst>
            <dst id="CHINng">5121.63466666667</dst>
            <dst id="DNVRng">3534.72</dst>
            <dst id="HSTNng">7179.74933333334</dst>
            <dst id="IPLSng">17856.0266666667</dst>
            <dst id="KSCYng">895.738666666667</dst>
            <dst id="LOSAng">24269.716</dst>
            <dst id="NYCMng">3150.32266666667</dst>
            <dst id="SNVAng">379.38</dst>
            <dst id="STTLng">7230.87466666666</dst>
            <dst id="WASHng">38055.536</dst>
        </src>
        <src id="CHINng">
            <dst id="ATLA-M5">773.941333333334</dst>
            <dst id="ATLAng">14555.0853333333</dst>
            <dst id="CHINng">47134.3253333333</dst>
            <dst id="DNVRng">10353.512</dst>
            <dst id="HSTNng">11096.944</dst>
            <dst id="IPLSng">23886.6293333333</dst>
            <dst id="KSCYng">12339.4693333333</dst>
            <dst id="LOSAng">53055.9493333333</dst>
            <dst id="NYCMng">10506.664</dst>
            <dst id="SNVAng">3622.65866666667</dst>
            <dst id="STTLng">3883.56</dst>
            <dst id="WASHng">25959.9093333333</dst>
        </src>
        <src id="DNVRng">
            <dst id="ATLA-M5">247.84</dst>
            <dst id="ATLAng">7989.392</dst>
            <dst id="CHINng">49672.5946666667</dst>
            <dst id="DNVRng">16631.672</dst>
            <dst id="HSTNng">20666.3786666667</dst>
            <dst id="IPLSng">30584.5653333333</dst>
            <dst id="KSCYng">27127.688</dst>
            <dst id="LOSAng">27765.424</dst>
            <dst id="NYCMng">19455.0666666667</dst>
            <dst id="SNVAng">7681.29066666667</dst>
            <dst id="STTLng">13170.4346666667</dst>
            <dst id="WASHng">37690.0453333333</dst>
        </src>
        <src id="HSTNng">
            <dst id="ATLA-M5">170.773333333333</dst>
            <dst id="ATLAng">3186.776</dst>
            <dst id="CHINng">7838.352</dst>
            <dst id="DNVRng">1090.30933333333</dst>
            <dst id="HSTNng">16394.168</dst>
            <dst id="IPLSng">7642.70933333333</dst>
            <dst id="KSCYng">2100.37066666667</dst>
            <dst id="LOSAng">9244.064</dst>
            <dst id="NYCMng">3299.33066666667</dst>
            <dst id="SNVAng">0</dst>
            <dst id="STTLng">986.866666666667</dst>
            <dst id="WASHng">6789.68</dst>
        </src>
        <src id="IPLSng">
            <dst id="ATLA-M5">150.781333333333</dst>
            <dst id="ATLAng">17254.3173333333</dst>
            <dst id="CHINng">66809.9306666667</dst>
            <dst id="DNVRng">10873.5226666667</dst>
            <dst id="HSTNng">3619.816</dst>
            <dst id="IPLSng">15504.288</dst>
            <dst id="KSCYng">13825.0026666667</dst>
            <dst id="LOSAng">28803.1013333333</dst>
            <dst id="NYCMng">23535.8613333333</dst>
            <dst id="SNVAng">5945.50666666667</dst>
            <dst id="STTLng">10606.1813333333</dst>
            <dst id="WASHng">10208.7013333333</dst>
        </src>
        <src id="KSCYng">
            <dst id="ATLA-M5">825.805333333333</dst>
            <dst id="ATLAng">1908.26933333333</dst>
            <dst id="CHINng">14293.0106666667</dst>
            <dst id="DNVRng">11232.632</dst>
            <dst id="HSTNng">5037.19466666667</dst>
            <dst id="IPLSng">14783.896</dst>
            <dst id="KSCYng">12406.0533333333</dst>
            <dst id="LOSAng">8477.384</dst>
            <dst id="NYCMng">3636.976</dst>
            <dst id="SNVAng">2740.86133333333</dst>
            <dst id="STTLng">4153.70133333333</dst>
            <dst id="WASHng">14270.472</dst>
        </src>
        <src id="LOSAng">
            <dst id="ATLA-M5">236.56</dst>
            <dst id="ATLAng">16966.5866666667</dst>
            <dst id="CHINng">126462.709333333</dst>
            <dst id="DNVRng">20955.9173333333</dst>
            <dst id="HSTNng">9767.704</dst>
            <dst id="IPLSng">22468.8906666667</dst>
            <dst id="KSCYng">8383.52266666667</dst>
            <dst id="LOSAng">22780.9146666667</dst>
            <dst id="NYCMng">36484.3066666667</dst>
            <dst id="SNVAng">17616.3893333333</dst>
            <dst id="STTLng">29432.2826666667</dst>
            <dst id="WASHng">26299.224</dst>
        </src>
        <src id="NYCMng">
            <dst id="ATLA-M5">1299.71466666667</dst>
            <dst id="ATLAng">18231.6133333333</dst>
            <dst id="CHINng">9106.14933333333</dst>
            <dst id="DNVRng">26842.5786666667</dst>
            <dst id="HSTNng">7693.584</dst>
            <dst id="IPLSng">18026.7786666667</dst>
            <dst id="KSCYng">14616.8933333333</dst>
            <dst id="LOSAng">72863.3946666667</dst>
            <dst id="NYCMng">66262.76</dst>
            <dst id="SNVAng">4336.42133333333</dst>
            <dst id="STTLng">22101.8506666667</dst>
            <dst id="WASHng">59587.2533333333</dst>
        </src>
        <src id="SNVAng">
            <dst id="ATLA-M5">0</dst>
            <dst id="ATLAng">524.408</dst>
            <dst id="CHINng">0</dst>
            <dst id="DNVRng">4893.75733333333</dst>
            <dst id="HSTNng">2331.936</dst>
            <dst id="IPLSng">214.266666666667</dst>
            <dst id="KSCYng">26.6666666666667</dst>
            <dst id="LOSAng">52905.264</dst>
            <dst id="NYCMng">283.434666666667</dst>
            <dst id="SNVAng">14362.232</dst>
            <dst id="STTLng">42451.688</dst>
            <dst id="WASHng">419.456</dst>
        </src>
        <src id="STTLng">
            <dst id="ATLA-M5">262.981333333333</dst>
            <dst id="ATLAng">10595.08</dst>
            <dst id="CHINng">14361.064</dst>
            <dst id="DNVRng">2921.98133333333</dst>
            <dst id="HSTNng">3863.81866666667</dst>
            <dst id="IPLSng">4796.94933333333</dst>
            <dst id="KSCYng">2529.4</dst>
            <dst id="LOSAng">99109.8</dst>
            <dst id="NYCMng">15846.4346666667</dst>
            <dst id="SNVAng">5702.04266666667</dst>
            <dst id="STTLng">26199.1466666667</dst>
            <dst id="WASHng">12341.136</dst>
        </src>
        <src id="WASHng">
            <dst id="ATLA-M5">215.272</dst>
            <dst id="ATLAng">88889.9093333333</dst>
            <dst id="CHINng">67234.6453333333</dst>
            <dst id="DNVRng">66828.3546666667</dst>
            <dst id="HSTNng">27763.9333333333</dst>
            <dst id="IPLSng">52603.3626666667</dst>
            <dst id="KSCYng">11209.1546666667</dst>
            <dst id="LOSAng">62389.7386666667</dst>
            <dst id="NYCMng">162018.245333333</dst>
            <dst id="SNVAng">3217.68266666667</dst>
            <dst id="STTLng">58072.6266666667</dst>
            <dst id="WASHng">299078.96</dst>
        </src>
    </IntraTM>
</TrafficMatrixFile>
