<?xml version="1.0" encoding="ISO-8859-1" standalone="yes"?>
<TrafficMatrixFile xsi:noNamespaceSchemaLocation="http://totem.run.montefiore.ulg.ac.be/Schema/TrafficMatrix-v1_2.xsd" xmlns:xsi="http://www.w3.org/2001/XMLSchema-instance">
    <IntraTM ASID="11537">
        <src id="ATLA-M5">
            <dst id="ATLA-M5">70.4853333333333</dst>
            <dst id="ATLAng">53.3333333333333</dst>
            <dst id="CHINng">144.168</dst>
            <dst id="DNVRng">35.5546666666667</dst>
            <dst id="HSTNng">123.461333333333</dst>
            <dst id="IPLSng">0</dst>
            <dst id="KSCYng">136.778666666667</dst>
            <dst id="LOSAng">516.954666666667</dst>
            <dst id="NYCMng">53.3333333333333</dst>
            <dst id="SNVAng">0</dst>
            <dst id="STTLng">101.930666666667</dst>
            <dst id="WASHng">90.008</dst>
        </src>
        <src id="ATLAng">
            <dst id="ATLA-M5">107.597333333333</dst>
            <dst id="ATLAng">36495.792</dst>
            <dst id="CHINng">4328.36266666667</dst>
            <dst id="DNVRng">1664.45333333333</dst>
            <dst id="HSTNng">6335.39466666667</dst>
            <dst id="IPLSng">23272.8133333333</dst>
            <dst id="KSCYng">1673.85866666667</dst>
            <dst id="LOSAng">7591.59866666667</dst>
            <dst id="NYCMng">2787.784</dst>
            <dst id="SNVAng">274.617333333333</dst>
            <dst id="STTLng">8885.848</dst>
            <dst id="WASHng">23209.84</dst>
        </src>
        <src id="CHINng">
            <dst id="ATLA-M5">26.6666666666667</dst>
            <dst id="ATLAng">17066.7146666667</dst>
            <dst id="CHINng">37474.9093333333</dst>
            <dst id="DNVRng">10154.296</dst>
            <dst id="HSTNng">7242.61866666667</dst>
            <dst id="IPLSng">36376.3386666667</dst>
            <dst id="KSCYng">8120.41866666667</dst>
            <dst id="LOSAng">42316.224</dst>
            <dst id="NYCMng">18618.9946666667</dst>
            <dst id="SNVAng">2592.67466666667</dst>
            <dst id="STTLng">6484.79733333333</dst>
            <dst id="WASHng">30581.12</dst>
        </src>
        <src id="DNVRng">
            <dst id="ATLA-M5">598.365333333333</dst>
            <dst id="ATLAng">5780.856</dst>
            <dst id="CHINng">54447.232</dst>
            <dst id="DNVRng">13052.736</dst>
            <dst id="HSTNng">18402.248</dst>
            <dst id="IPLSng">36592.784</dst>
            <dst id="KSCYng">34281</dst>
            <dst id="LOSAng">15395.7973333333</dst>
            <dst id="NYCMng">12696.0293333333</dst>
            <dst id="SNVAng">12660.0453333333</dst>
            <dst id="STTLng">20482.3973333333</dst>
            <dst id="WASHng">35265.7573333333</dst>
        </src>
        <src id="HSTNng">
            <dst id="ATLA-M5">3151.016</dst>
            <dst id="ATLAng">3976.576</dst>
            <dst id="CHINng">5165.872</dst>
            <dst id="DNVRng">1428.88533333333</dst>
            <dst id="HSTNng">14427.744</dst>
            <dst id="IPLSng">3973.56266666667</dst>
            <dst id="KSCYng">1091.83733333333</dst>
            <dst id="LOSAng">14159.8613333333</dst>
            <dst id="NYCMng">1466.96</dst>
            <dst id="SNVAng">0</dst>
            <dst id="STTLng">785.256</dst>
            <dst id="WASHng">3356.064</dst>
        </src>
        <src id="IPLSng">
            <dst id="ATLA-M5">0</dst>
            <dst id="ATLAng">25196.9706666667</dst>
            <dst id="CHINng">58667.008</dst>
            <dst id="DNVRng">7145.85066666667</dst>
            <dst id="HSTNng">1485.19733333333</dst>
            <dst id="IPLSng">11733.72</dst>
            <dst id="KSCYng">2565.952</dst>
            <dst id="LOSAng">23885.1466666667</dst>
            <dst id="NYCMng">29658.1653333333</dst>
            <dst id="SNVAng">314.245333333333</dst>
            <dst id="STTLng">11005.728</dst>
            <dst id="WASHng">13137.28</dst>
        </src>
        <src id="KSCYng">
            <dst id="ATLA-M5">561.973333333333</dst>
            <dst id="ATLAng">2389.51733333333</dst>
            <dst id="CHINng">10231.4986666667</dst>
            <dst id="DNVRng">8075.72</dst>
            <dst id="HSTNng">11234.768</dst>
            <dst id="IPLSng">11723.1866666667</dst>
            <dst id="KSCYng">6935.61066666666</dst>
            <dst id="LOSAng">9179.512</dst>
            <dst id="NYCMng">2361.65066666667</dst>
            <dst id="SNVAng">2864.98133333333</dst>
            <dst id="STTLng">7937.45866666667</dst>
            <dst id="WASHng">7037.82666666667</dst>
        </src>
        <src id="LOSAng">
            <dst id="ATLA-M5">171.842666666667</dst>
            <dst id="ATLAng">20641.5466666667</dst>
            <dst id="CHINng">70393.4906666667</dst>
            <dst id="DNVRng">27892.3066666667</dst>
            <dst id="HSTNng">30538.48</dst>
            <dst id="IPLSng">24843.8266666667</dst>
            <dst id="KSCYng">3273.056</dst>
            <dst id="LOSAng">24612.5306666667</dst>
            <dst id="NYCMng">36461.5813333333</dst>
            <dst id="SNVAng">13658.3786666667</dst>
            <dst id="STTLng">29159.32</dst>
            <dst id="WASHng">20151.0613333333</dst>
        </src>
        <src id="NYCMng">
            <dst id="ATLA-M5">302.141333333333</dst>
            <dst id="ATLAng">19655.8106666667</dst>
            <dst id="CHINng">11061.9946666667</dst>
            <dst id="DNVRng">24238.1066666667</dst>
            <dst id="HSTNng">10527.576</dst>
            <dst id="IPLSng">17081.568</dst>
            <dst id="KSCYng">16752.2826666667</dst>
            <dst id="LOSAng">84603.7146666667</dst>
            <dst id="NYCMng">94522.216</dst>
            <dst id="SNVAng">1794.472</dst>
            <dst id="STTLng">25561.5573333333</dst>
            <dst id="WASHng">35619.9413333333</dst>
        </src>
        <src id="SNVAng">
            <dst id="ATLA-M5">0</dst>
            <dst id="ATLAng">501.706666666667</dst>
            <dst id="CHINng">0</dst>
            <dst id="DNVRng">4017.82666666667</dst>
            <dst id="HSTNng">27.8613333333333</dst>
            <dst id="IPLSng">259.2</dst>
            <dst id="KSCYng">0</dst>
            <dst id="LOSAng">41572.3333333333</dst>
            <dst id="NYCMng">643.872</dst>
            <dst id="SNVAng">6674.38933333333</dst>
            <dst id="STTLng">30622</dst>
            <dst id="WASHng">67.6693333333333</dst>
        </src>
        <src id="STTLng">
            <dst id="ATLA-M5">500.048</dst>
            <dst id="ATLAng">12001.88</dst>
            <dst id="CHINng">14524.752</dst>
            <dst id="DNVRng">3785.58133333333</dst>
            <dst id="HSTNng">1669.41333333333</dst>
            <dst id="IPLSng">7904.77866666667</dst>
            <dst id="KSCYng">2476.95733333333</dst>
            <dst id="LOSAng">21935.032</dst>
            <dst id="NYCMng">9757.24533333333</dst>
            <dst id="SNVAng">2962.75733333333</dst>
            <dst id="STTLng">4818.536</dst>
            <dst id="WASHng">12276.488</dst>
        </src>
        <src id="WASHng">
            <dst id="ATLA-M5">170.610666666667</dst>
            <dst id="ATLAng">73420.0106666667</dst>
            <dst id="CHINng">42020.512</dst>
            <dst id="DNVRng">67271.168</dst>
            <dst id="HSTNng">11565.6933333333</dst>
            <dst id="IPLSng">65551.424</dst>
            <dst id="KSCYng">9968.88266666667</dst>
            <dst id="LOSAng">64635.7013333333</dst>
            <dst id="NYCMng">126470.410666667</dst>
            <dst id="SNVAng">3966.61066666667</dst>
            <dst id="STTLng">39127.2</dst>
            <dst id="WASHng">195048.064</dst>
        </src>
    </IntraTM>
</TrafficMatrixFile>
