<?xml version="1.0" encoding="ISO-8859-1" standalone="yes"?>
<TrafficMatrixFile xsi:noNamespaceSchemaLocation="http://totem.run.montefiore.ulg.ac.be/Schema/TrafficMatrix-v1_2.xsd" xmlns:xsi="http://www.w3.org/2001/XMLSchema-instance">
    <IntraTM ASID="11537">
        <src id="ATLA-M5">
            <dst id="ATLA-M5">101.258666666667</dst>
            <dst id="ATLAng">2032</dst>
            <dst id="CHINng">1935.81066666667</dst>
            <dst id="DNVRng">0</dst>
            <dst id="HSTNng">61.208</dst>
            <dst id="IPLSng">0</dst>
            <dst id="KSCYng">76.2426666666667</dst>
            <dst id="LOSAng">266.862666666667</dst>
            <dst id="NYCMng">26.6666666666667</dst>
            <dst id="SNVAng">48.4946666666667</dst>
            <dst id="STTLng">58.6666666666667</dst>
            <dst id="WASHng">253.624</dst>
        </src>
        <src id="ATLAng">
            <dst id="ATLA-M5">996.618666666667</dst>
            <dst id="ATLAng">37844.5173333333</dst>
            <dst id="CHINng">4343.90666666667</dst>
            <dst id="DNVRng">3483.19733333333</dst>
            <dst id="HSTNng">2188.37066666667</dst>
            <dst id="IPLSng">22560.3466666667</dst>
            <dst id="KSCYng">2291.792</dst>
            <dst id="LOSAng">12550.2106666667</dst>
            <dst id="NYCMng">3515.43466666667</dst>
            <dst id="SNVAng">2636.31733333333</dst>
            <dst id="STTLng">8177.8</dst>
            <dst id="WASHng">33630.04</dst>
        </src>
        <src id="CHINng">
            <dst id="ATLA-M5">272.317333333333</dst>
            <dst id="ATLAng">25523.656</dst>
            <dst id="CHINng">55331.4133333333</dst>
            <dst id="DNVRng">10809.6186666667</dst>
            <dst id="HSTNng">11932.2133333333</dst>
            <dst id="IPLSng">27509.6826666667</dst>
            <dst id="KSCYng">10704.2853333333</dst>
            <dst id="LOSAng">70133.4426666667</dst>
            <dst id="NYCMng">9889.90133333334</dst>
            <dst id="SNVAng">5591.94666666667</dst>
            <dst id="STTLng">10435.936</dst>
            <dst id="WASHng">25229.8346666667</dst>
        </src>
        <src id="DNVRng">
            <dst id="ATLA-M5">117.970666666667</dst>
            <dst id="ATLAng">6696.99466666667</dst>
            <dst id="CHINng">50547.9493333333</dst>
            <dst id="DNVRng">14235.8853333333</dst>
            <dst id="HSTNng">14084.7546666667</dst>
            <dst id="IPLSng">48328.3653333333</dst>
            <dst id="KSCYng">15150.1493333333</dst>
            <dst id="LOSAng">18599.6586666667</dst>
            <dst id="NYCMng">18667.8853333333</dst>
            <dst id="SNVAng">15710.5466666667</dst>
            <dst id="STTLng">22013.544</dst>
            <dst id="WASHng">38748.5173333333</dst>
        </src>
        <src id="HSTNng">
            <dst id="ATLA-M5">1168.96266666667</dst>
            <dst id="ATLAng">7294.6</dst>
            <dst id="CHINng">24319.5253333333</dst>
            <dst id="DNVRng">1064.11733333333</dst>
            <dst id="HSTNng">18353.448</dst>
            <dst id="IPLSng">6788.62666666667</dst>
            <dst id="KSCYng">1948.36266666667</dst>
            <dst id="LOSAng">4414.656</dst>
            <dst id="NYCMng">1710.63466666667</dst>
            <dst id="SNVAng">358.952</dst>
            <dst id="STTLng">2843.13333333333</dst>
            <dst id="WASHng">14278.696</dst>
        </src>
        <src id="IPLSng">
            <dst id="ATLA-M5">26.6666666666667</dst>
            <dst id="ATLAng">23629.6693333333</dst>
            <dst id="CHINng">67305.1733333333</dst>
            <dst id="DNVRng">8495.488</dst>
            <dst id="HSTNng">3117.22133333333</dst>
            <dst id="IPLSng">27907.4346666667</dst>
            <dst id="KSCYng">5158.90933333333</dst>
            <dst id="LOSAng">16332.4853333333</dst>
            <dst id="NYCMng">27912.9093333333</dst>
            <dst id="SNVAng">4828.17866666667</dst>
            <dst id="STTLng">12717.544</dst>
            <dst id="WASHng">13625.7893333333</dst>
        </src>
        <src id="KSCYng">
            <dst id="ATLA-M5">26.6666666666667</dst>
            <dst id="ATLAng">3641.07733333333</dst>
            <dst id="CHINng">18332.1386666667</dst>
            <dst id="DNVRng">12628.6026666667</dst>
            <dst id="HSTNng">11817.848</dst>
            <dst id="IPLSng">15413.344</dst>
            <dst id="KSCYng">5999.86133333333</dst>
            <dst id="LOSAng">9122.35466666667</dst>
            <dst id="NYCMng">3864.768</dst>
            <dst id="SNVAng">3541.45866666667</dst>
            <dst id="STTLng">4291.21066666667</dst>
            <dst id="WASHng">10686.4693333333</dst>
        </src>
        <src id="LOSAng">
            <dst id="ATLA-M5">1362.224</dst>
            <dst id="ATLAng">21283.8693333333</dst>
            <dst id="CHINng">82137.5413333333</dst>
            <dst id="DNVRng">40267.408</dst>
            <dst id="HSTNng">10454.3973333333</dst>
            <dst id="IPLSng">21877.7173333333</dst>
            <dst id="KSCYng">6444.92533333333</dst>
            <dst id="LOSAng">17359.7013333333</dst>
            <dst id="NYCMng">36688.1253333333</dst>
            <dst id="SNVAng">18269.2906666667</dst>
            <dst id="STTLng">23865.6933333333</dst>
            <dst id="WASHng">34962.3973333333</dst>
        </src>
        <src id="NYCMng">
            <dst id="ATLA-M5">647.584</dst>
            <dst id="ATLAng">30237.7306666667</dst>
            <dst id="CHINng">16370.8426666667</dst>
            <dst id="DNVRng">43979.832</dst>
            <dst id="HSTNng">11632.5413333333</dst>
            <dst id="IPLSng">36040.472</dst>
            <dst id="KSCYng">7949.94133333333</dst>
            <dst id="LOSAng">75658.68</dst>
            <dst id="NYCMng">112556.010666667</dst>
            <dst id="SNVAng">4832.66933333333</dst>
            <dst id="STTLng">28836.6453333333</dst>
            <dst id="WASHng">79321.2906666667</dst>
        </src>
        <src id="SNVAng">
            <dst id="ATLA-M5">0</dst>
            <dst id="ATLAng">53.3333333333333</dst>
            <dst id="CHINng">26.6666666666667</dst>
            <dst id="DNVRng">4396.76533333333</dst>
            <dst id="HSTNng">119.424</dst>
            <dst id="IPLSng">227.034666666667</dst>
            <dst id="KSCYng">26.6666666666667</dst>
            <dst id="LOSAng">50575.4213333333</dst>
            <dst id="NYCMng">459.882666666667</dst>
            <dst id="SNVAng">6880.69333333333</dst>
            <dst id="STTLng">31253.6373333333</dst>
            <dst id="WASHng">26.6666666666667</dst>
        </src>
        <src id="STTLng">
            <dst id="ATLA-M5">34.2853333333333</dst>
            <dst id="ATLAng">9549.94933333333</dst>
            <dst id="CHINng">12208.2266666667</dst>
            <dst id="DNVRng">5003.51733333333</dst>
            <dst id="HSTNng">2916.43466666667</dst>
            <dst id="IPLSng">6448.376</dst>
            <dst id="KSCYng">2355.12266666667</dst>
            <dst id="LOSAng">23639.2586666667</dst>
            <dst id="NYCMng">10335.56</dst>
            <dst id="SNVAng">6552.37333333333</dst>
            <dst id="STTLng">3831.82666666667</dst>
            <dst id="WASHng">6173.60266666667</dst>
        </src>
        <src id="WASHng">
            <dst id="ATLA-M5">206.282666666667</dst>
            <dst id="ATLAng">107635.208</dst>
            <dst id="CHINng">48286.7893333333</dst>
            <dst id="DNVRng">66822.208</dst>
            <dst id="HSTNng">18449.2746666667</dst>
            <dst id="IPLSng">55662.9493333333</dst>
            <dst id="KSCYng">9293.61333333333</dst>
            <dst id="LOSAng">61309.096</dst>
            <dst id="NYCMng">139742.696</dst>
            <dst id="SNVAng">13159.632</dst>
            <dst id="STTLng">46146.512</dst>
            <dst id="WASHng">231211.144</dst>
        </src>
    </IntraTM>
</TrafficMatrixFile>
