<?xml version="1.0" encoding="ISO-8859-1" standalone="yes"?>
<TrafficMatrixFile xsi:noNamespaceSchemaLocation="http://totem.run.montefiore.ulg.ac.be/Schema/TrafficMatrix-v1_2.xsd" xmlns:xsi="http://www.w3.org/2001/XMLSchema-instance">
    <IntraTM ASID="11537">
        <src id="ATLA-M5">
            <dst id="ATLA-M5">173.528</dst>
            <dst id="ATLAng">907.978666666667</dst>
            <dst id="CHINng">699.04</dst>
            <dst id="DNVRng">205.781333333333</dst>
            <dst id="HSTNng">137.133333333333</dst>
            <dst id="IPLSng">108.189333333333</dst>
            <dst id="KSCYng">413.869333333333</dst>
            <dst id="LOSAng">80.3413333333333</dst>
            <dst id="NYCMng">127.210666666667</dst>
            <dst id="SNVAng">26.6666666666667</dst>
            <dst id="STTLng">62.7866666666667</dst>
            <dst id="WASHng">824.789333333333</dst>
        </src>
        <src id="ATLAng">
            <dst id="ATLA-M5">1825.936</dst>
            <dst id="ATLAng">24382.0346666667</dst>
            <dst id="CHINng">17201.7493333333</dst>
            <dst id="DNVRng">9117.42933333333</dst>
            <dst id="HSTNng">4544.72533333333</dst>
            <dst id="IPLSng">19147.9866666667</dst>
            <dst id="KSCYng">5542.73333333333</dst>
            <dst id="LOSAng">7906.744</dst>
            <dst id="NYCMng">17196.792</dst>
            <dst id="SNVAng">1238.81866666667</dst>
            <dst id="STTLng">7818.37333333333</dst>
            <dst id="WASHng">74757.52</dst>
        </src>
        <src id="CHINng">
            <dst id="ATLA-M5">702.866666666667</dst>
            <dst id="ATLAng">25663.5653333333</dst>
            <dst id="CHINng">55040.608</dst>
            <dst id="DNVRng">6312.74133333333</dst>
            <dst id="HSTNng">37577.7093333333</dst>
            <dst id="IPLSng">40183.6266666667</dst>
            <dst id="KSCYng">16061.856</dst>
            <dst id="LOSAng">32121.9653333333</dst>
            <dst id="NYCMng">18927.4986666667</dst>
            <dst id="SNVAng">10284.3786666667</dst>
            <dst id="STTLng">6939.30133333333</dst>
            <dst id="WASHng">20254.9893333333</dst>
        </src>
        <src id="DNVRng">
            <dst id="ATLA-M5">248.533333333333</dst>
            <dst id="ATLAng">12210.4453333333</dst>
            <dst id="CHINng">62820.088</dst>
            <dst id="DNVRng">11440.952</dst>
            <dst id="HSTNng">11248.2533333333</dst>
            <dst id="IPLSng">43606.648</dst>
            <dst id="KSCYng">23365.792</dst>
            <dst id="LOSAng">13438.72</dst>
            <dst id="NYCMng">20566.44</dst>
            <dst id="SNVAng">11252.664</dst>
            <dst id="STTLng">10512.568</dst>
            <dst id="WASHng">47107.3626666667</dst>
        </src>
        <src id="HSTNng">
            <dst id="ATLA-M5">3607.57066666667</dst>
            <dst id="ATLAng">7676.94133333333</dst>
            <dst id="CHINng">14437.64</dst>
            <dst id="DNVRng">2377.22666666667</dst>
            <dst id="HSTNng">4935.64</dst>
            <dst id="IPLSng">1644.27733333333</dst>
            <dst id="KSCYng">1892.76533333333</dst>
            <dst id="LOSAng">7618.96533333333</dst>
            <dst id="NYCMng">3587.51466666667</dst>
            <dst id="SNVAng">239.722666666667</dst>
            <dst id="STTLng">489.728</dst>
            <dst id="WASHng">4449.27466666667</dst>
        </src>
        <src id="IPLSng">
            <dst id="ATLA-M5">245.144</dst>
            <dst id="ATLAng">23278.888</dst>
            <dst id="CHINng">104187.594666667</dst>
            <dst id="DNVRng">10263.8373333333</dst>
            <dst id="HSTNng">7616.94933333334</dst>
            <dst id="IPLSng">33450.4133333333</dst>
            <dst id="KSCYng">7900.29333333333</dst>
            <dst id="LOSAng">26274.8373333333</dst>
            <dst id="NYCMng">60496.6186666667</dst>
            <dst id="SNVAng">2538.87466666667</dst>
            <dst id="STTLng">13462.9813333333</dst>
            <dst id="WASHng">29948.208</dst>
        </src>
        <src id="KSCYng">
            <dst id="ATLA-M5">331.154666666667</dst>
            <dst id="ATLAng">6764.53866666666</dst>
            <dst id="CHINng">20089.9493333333</dst>
            <dst id="DNVRng">11739.72</dst>
            <dst id="HSTNng">3049.83466666667</dst>
            <dst id="IPLSng">14902.6906666667</dst>
            <dst id="KSCYng">6824.504</dst>
            <dst id="LOSAng">9691.37866666667</dst>
            <dst id="NYCMng">3872.816</dst>
            <dst id="SNVAng">2568.58666666667</dst>
            <dst id="STTLng">4652.94133333333</dst>
            <dst id="WASHng">30316.552</dst>
        </src>
        <src id="LOSAng">
            <dst id="ATLA-M5">483.402666666667</dst>
            <dst id="ATLAng">25639.4826666667</dst>
            <dst id="CHINng">109810.634666667</dst>
            <dst id="DNVRng">45241.1973333333</dst>
            <dst id="HSTNng">7138.11466666667</dst>
            <dst id="IPLSng">60943.5546666667</dst>
            <dst id="KSCYng">10998.192</dst>
            <dst id="LOSAng">10161.7706666667</dst>
            <dst id="NYCMng">42394.5626666667</dst>
            <dst id="SNVAng">15494.176</dst>
            <dst id="STTLng">23064.96</dst>
            <dst id="WASHng">38968.0426666667</dst>
        </src>
        <src id="NYCMng">
            <dst id="ATLA-M5">543.464</dst>
            <dst id="ATLAng">39854.696</dst>
            <dst id="CHINng">24569.0826666667</dst>
            <dst id="DNVRng">51836.3066666667</dst>
            <dst id="HSTNng">12811.5626666667</dst>
            <dst id="IPLSng">39098.6106666667</dst>
            <dst id="KSCYng">13403.4</dst>
            <dst id="LOSAng">89066.7306666667</dst>
            <dst id="NYCMng">137368.333333333</dst>
            <dst id="SNVAng">6688.4</dst>
            <dst id="STTLng">48181.92</dst>
            <dst id="WASHng">74373.3466666667</dst>
        </src>
        <src id="SNVAng">
            <dst id="ATLA-M5">26.6666666666667</dst>
            <dst id="ATLAng">69.304</dst>
            <dst id="CHINng">497.970666666667</dst>
            <dst id="DNVRng">4136.392</dst>
            <dst id="HSTNng">160.226666666667</dst>
            <dst id="IPLSng">2852.20533333333</dst>
            <dst id="KSCYng">126.821333333333</dst>
            <dst id="LOSAng">53133.1893333333</dst>
            <dst id="NYCMng">415.056</dst>
            <dst id="SNVAng">9409.36</dst>
            <dst id="STTLng">35324.5306666667</dst>
            <dst id="WASHng">242.554666666667</dst>
        </src>
        <src id="STTLng">
            <dst id="ATLA-M5">645.941333333333</dst>
            <dst id="ATLAng">15588.976</dst>
            <dst id="CHINng">26703.4826666667</dst>
            <dst id="DNVRng">7332.456</dst>
            <dst id="HSTNng">3344.71466666667</dst>
            <dst id="IPLSng">10229.3146666667</dst>
            <dst id="KSCYng">6737.30666666667</dst>
            <dst id="LOSAng">38844.5306666667</dst>
            <dst id="NYCMng">14528.7253333333</dst>
            <dst id="SNVAng">5543.14933333333</dst>
            <dst id="STTLng">2604.584</dst>
            <dst id="WASHng">24206.5493333333</dst>
        </src>
        <src id="WASHng">
            <dst id="ATLA-M5">5136.34133333333</dst>
            <dst id="ATLAng">95541.76</dst>
            <dst id="CHINng">57447.6213333333</dst>
            <dst id="DNVRng">106865.338666667</dst>
            <dst id="HSTNng">19370.9413333333</dst>
            <dst id="IPLSng">81197.9333333333</dst>
            <dst id="KSCYng">19658.264</dst>
            <dst id="LOSAng">71538.56</dst>
            <dst id="NYCMng">192452.048</dst>
            <dst id="SNVAng">28249.768</dst>
            <dst id="STTLng">41466.9173333333</dst>
            <dst id="WASHng">285095.706666667</dst>
        </src>
    </IntraTM>
</TrafficMatrixFile>
