<?xml version="1.0" encoding="ISO-8859-1" standalone="yes"?>
<TrafficMatrixFile xsi:noNamespaceSchemaLocation="http://totem.run.montefiore.ulg.ac.be/Schema/TrafficMatrix-v1_2.xsd" xmlns:xsi="http://www.w3.org/2001/XMLSchema-instance">
    <IntraTM ASID="11537">
        <src id="ATLA-M5">
            <dst id="ATLA-M5">0</dst>
            <dst id="ATLAng">26.6666666666667</dst>
            <dst id="CHINng">99.2213333333333</dst>
            <dst id="DNVRng">26.6666666666667</dst>
            <dst id="HSTNng">142.986666666667</dst>
            <dst id="IPLSng">26.6666666666667</dst>
            <dst id="KSCYng">1065.68266666667</dst>
            <dst id="LOSAng">414.624</dst>
            <dst id="NYCMng">812.626666666667</dst>
            <dst id="SNVAng">0</dst>
            <dst id="STTLng">476.741333333333</dst>
            <dst id="WASHng">1291.696</dst>
        </src>
        <src id="ATLAng">
            <dst id="ATLA-M5">0</dst>
            <dst id="ATLAng">23296.096</dst>
            <dst id="CHINng">2105.90666666667</dst>
            <dst id="DNVRng">13161.3466666667</dst>
            <dst id="HSTNng">8291.744</dst>
            <dst id="IPLSng">17101.0826666667</dst>
            <dst id="KSCYng">326.568</dst>
            <dst id="LOSAng">12328.104</dst>
            <dst id="NYCMng">7994.10666666667</dst>
            <dst id="SNVAng">125.421333333333</dst>
            <dst id="STTLng">8697.352</dst>
            <dst id="WASHng">30781.2613333333</dst>
        </src>
        <src id="CHINng">
            <dst id="ATLA-M5">5240.704</dst>
            <dst id="ATLAng">4678.75466666667</dst>
            <dst id="CHINng">94419.96</dst>
            <dst id="DNVRng">9720.31466666667</dst>
            <dst id="HSTNng">5468.53333333333</dst>
            <dst id="IPLSng">19273.6266666667</dst>
            <dst id="KSCYng">2652.512</dst>
            <dst id="LOSAng">29330.0426666667</dst>
            <dst id="NYCMng">12891.44</dst>
            <dst id="SNVAng">1217.48266666667</dst>
            <dst id="STTLng">3828.73333333333</dst>
            <dst id="WASHng">18073.2933333333</dst>
        </src>
        <src id="DNVRng">
            <dst id="ATLA-M5">114.986666666667</dst>
            <dst id="ATLAng">12490.3333333333</dst>
            <dst id="CHINng">67366.728</dst>
            <dst id="DNVRng">15213.12</dst>
            <dst id="HSTNng">16203.6426666667</dst>
            <dst id="IPLSng">31879.0453333333</dst>
            <dst id="KSCYng">22845.6346666667</dst>
            <dst id="LOSAng">14970.568</dst>
            <dst id="NYCMng">19197.1946666667</dst>
            <dst id="SNVAng">8457.60266666667</dst>
            <dst id="STTLng">11412.7333333333</dst>
            <dst id="WASHng">29490.2986666667</dst>
        </src>
        <src id="HSTNng">
            <dst id="ATLA-M5">5240.536</dst>
            <dst id="ATLAng">1039.464</dst>
            <dst id="CHINng">14132.304</dst>
            <dst id="DNVRng">1380.048</dst>
            <dst id="HSTNng">12085.3253333333</dst>
            <dst id="IPLSng">839.864</dst>
            <dst id="KSCYng">3188.50133333333</dst>
            <dst id="LOSAng">13628.664</dst>
            <dst id="NYCMng">1967.51733333333</dst>
            <dst id="SNVAng">0</dst>
            <dst id="STTLng">1067.26933333333</dst>
            <dst id="WASHng">1831.40533333333</dst>
        </src>
        <src id="IPLSng">
            <dst id="ATLA-M5">0</dst>
            <dst id="ATLAng">15499.5626666667</dst>
            <dst id="CHINng">103071.44</dst>
            <dst id="DNVRng">21521.6026666667</dst>
            <dst id="HSTNng">679.165333333333</dst>
            <dst id="IPLSng">35673.4346666667</dst>
            <dst id="KSCYng">5659.50133333333</dst>
            <dst id="LOSAng">46993.904</dst>
            <dst id="NYCMng">30711.456</dst>
            <dst id="SNVAng">303.485333333333</dst>
            <dst id="STTLng">7939.53866666667</dst>
            <dst id="WASHng">9098.24</dst>
        </src>
        <src id="KSCYng">
            <dst id="ATLA-M5">28.1706666666667</dst>
            <dst id="ATLAng">886.474666666667</dst>
            <dst id="CHINng">18228.8373333333</dst>
            <dst id="DNVRng">7871.288</dst>
            <dst id="HSTNng">2537.184</dst>
            <dst id="IPLSng">12284.9386666667</dst>
            <dst id="KSCYng">11042.8933333333</dst>
            <dst id="LOSAng">5513.42933333333</dst>
            <dst id="NYCMng">2427.74133333333</dst>
            <dst id="SNVAng">2974.52</dst>
            <dst id="STTLng">5600.46133333333</dst>
            <dst id="WASHng">6708.88533333333</dst>
        </src>
        <src id="LOSAng">
            <dst id="ATLA-M5">0</dst>
            <dst id="ATLAng">6229.82133333333</dst>
            <dst id="CHINng">130264.053333333</dst>
            <dst id="DNVRng">23877.1946666667</dst>
            <dst id="HSTNng">3777.84266666667</dst>
            <dst id="IPLSng">14412.7013333333</dst>
            <dst id="KSCYng">2668.33866666667</dst>
            <dst id="LOSAng">19217.688</dst>
            <dst id="NYCMng">32559.488</dst>
            <dst id="SNVAng">21599.4933333333</dst>
            <dst id="STTLng">31039.784</dst>
            <dst id="WASHng">17186.1733333333</dst>
        </src>
        <src id="NYCMng">
            <dst id="ATLA-M5">682.770666666667</dst>
            <dst id="ATLAng">4452.512</dst>
            <dst id="CHINng">12324.7786666667</dst>
            <dst id="DNVRng">22429.936</dst>
            <dst id="HSTNng">6714.86933333333</dst>
            <dst id="IPLSng">18373.7733333333</dst>
            <dst id="KSCYng">5116.68266666667</dst>
            <dst id="LOSAng">80685.4133333333</dst>
            <dst id="NYCMng">86144.0346666667</dst>
            <dst id="SNVAng">859.336</dst>
            <dst id="STTLng">18854.0266666667</dst>
            <dst id="WASHng">52579.3253333333</dst>
        </src>
        <src id="SNVAng">
            <dst id="ATLA-M5">0</dst>
            <dst id="ATLAng">26.6666666666667</dst>
            <dst id="CHINng">66.2746666666667</dst>
            <dst id="DNVRng">3572.85066666667</dst>
            <dst id="HSTNng">26.6666666666667</dst>
            <dst id="IPLSng">303.664</dst>
            <dst id="KSCYng">0</dst>
            <dst id="LOSAng">33030.1706666667</dst>
            <dst id="NYCMng">251.221333333333</dst>
            <dst id="SNVAng">4119.66666666667</dst>
            <dst id="STTLng">25086.368</dst>
            <dst id="WASHng">104.962666666667</dst>
        </src>
        <src id="STTLng">
            <dst id="ATLA-M5">0</dst>
            <dst id="ATLAng">6384.36266666667</dst>
            <dst id="CHINng">49091.976</dst>
            <dst id="DNVRng">2144.27466666667</dst>
            <dst id="HSTNng">1272.47466666667</dst>
            <dst id="IPLSng">3659.08266666667</dst>
            <dst id="KSCYng">1365.97866666667</dst>
            <dst id="LOSAng">31099.0773333333</dst>
            <dst id="NYCMng">12670.832</dst>
            <dst id="SNVAng">3658.52266666667</dst>
            <dst id="STTLng">21596.936</dst>
            <dst id="WASHng">3569.89066666667</dst>
        </src>
        <src id="WASHng">
            <dst id="ATLA-M5">1088.96533333333</dst>
            <dst id="ATLAng">68418.7813333333</dst>
            <dst id="CHINng">89570.9013333333</dst>
            <dst id="DNVRng">59088.1306666667</dst>
            <dst id="HSTNng">38351.9546666667</dst>
            <dst id="IPLSng">57912.3226666667</dst>
            <dst id="KSCYng">14315.736</dst>
            <dst id="LOSAng">61778.064</dst>
            <dst id="NYCMng">136929.077333333</dst>
            <dst id="SNVAng">5588.36533333333</dst>
            <dst id="STTLng">45180.3626666667</dst>
            <dst id="WASHng">328700.293333333</dst>
        </src>
    </IntraTM>
</TrafficMatrixFile>
