<?xml version="1.0" encoding="ISO-8859-1" standalone="yes"?>
<TrafficMatrixFile xsi:noNamespaceSchemaLocation="http://totem.run.montefiore.ulg.ac.be/Schema/TrafficMatrix-v1_2.xsd" xmlns:xsi="http://www.w3.org/2001/XMLSchema-instance">
    <IntraTM ASID="11537">
        <src id="ATLA-M5">
            <dst id="ATLA-M5">0</dst>
            <dst id="ATLAng">67.4133333333333</dst>
            <dst id="CHINng">101.16</dst>
            <dst id="DNVRng">167.794666666667</dst>
            <dst id="HSTNng">54.064</dst>
            <dst id="IPLSng">327.346666666667</dst>
            <dst id="KSCYng">53.3333333333333</dst>
            <dst id="LOSAng">422.824</dst>
            <dst id="NYCMng">384.504</dst>
            <dst id="SNVAng">0</dst>
            <dst id="STTLng">519.024</dst>
            <dst id="WASHng">753.461333333333</dst>
        </src>
        <src id="ATLAng">
            <dst id="ATLA-M5">381.733333333333</dst>
            <dst id="ATLAng">6714.23466666667</dst>
            <dst id="CHINng">4427.46666666667</dst>
            <dst id="DNVRng">2778.12</dst>
            <dst id="HSTNng">1740.02933333333</dst>
            <dst id="IPLSng">25525.3786666667</dst>
            <dst id="KSCYng">307.192</dst>
            <dst id="LOSAng">7034.532</dst>
            <dst id="NYCMng">3225.944</dst>
            <dst id="SNVAng">383.5</dst>
            <dst id="STTLng">7135.81333333333</dst>
            <dst id="WASHng">33540.4906666667</dst>
        </src>
        <src id="CHINng">
            <dst id="ATLA-M5">315.296</dst>
            <dst id="ATLAng">9552.85333333333</dst>
            <dst id="CHINng">31604.0426666667</dst>
            <dst id="DNVRng">22298.84</dst>
            <dst id="HSTNng">7102.91733333333</dst>
            <dst id="IPLSng">49465.912</dst>
            <dst id="KSCYng">2765.44533333333</dst>
            <dst id="LOSAng">39281.4853333333</dst>
            <dst id="NYCMng">6949.016</dst>
            <dst id="SNVAng">997.717333333333</dst>
            <dst id="STTLng">5239.58133333333</dst>
            <dst id="WASHng">29944.2693333333</dst>
        </src>
        <src id="DNVRng">
            <dst id="ATLA-M5">218.264</dst>
            <dst id="ATLAng">2036.29066666667</dst>
            <dst id="CHINng">53361.984</dst>
            <dst id="DNVRng">9304.016</dst>
            <dst id="HSTNng">17810.5973333333</dst>
            <dst id="IPLSng">33707.576</dst>
            <dst id="KSCYng">24141.184</dst>
            <dst id="LOSAng">10623.04</dst>
            <dst id="NYCMng">14377.6453333333</dst>
            <dst id="SNVAng">14886.304</dst>
            <dst id="STTLng">22929.1653333333</dst>
            <dst id="WASHng">35892.9013333333</dst>
        </src>
        <src id="HSTNng">
            <dst id="ATLA-M5">3448.65066666667</dst>
            <dst id="ATLAng">13987.816</dst>
            <dst id="CHINng">3758.91733333333</dst>
            <dst id="DNVRng">637.677333333333</dst>
            <dst id="HSTNng">12767.04</dst>
            <dst id="IPLSng">1007.33066666667</dst>
            <dst id="KSCYng">1187.81066666667</dst>
            <dst id="LOSAng">3891.608</dst>
            <dst id="NYCMng">1903.44</dst>
            <dst id="SNVAng">0</dst>
            <dst id="STTLng">1411.12533333333</dst>
            <dst id="WASHng">3317.66133333333</dst>
        </src>
        <src id="IPLSng">
            <dst id="ATLA-M5">0</dst>
            <dst id="ATLAng">12359.9893333333</dst>
            <dst id="CHINng">47918.208</dst>
            <dst id="DNVRng">10734.752</dst>
            <dst id="HSTNng">3289.65333333333</dst>
            <dst id="IPLSng">14813.768</dst>
            <dst id="KSCYng">2369.22666666667</dst>
            <dst id="LOSAng">21863.2933333333</dst>
            <dst id="NYCMng">39519.0186666667</dst>
            <dst id="SNVAng">457.472</dst>
            <dst id="STTLng">8762.296</dst>
            <dst id="WASHng">12564.784</dst>
        </src>
        <src id="KSCYng">
            <dst id="ATLA-M5">901.861333333333</dst>
            <dst id="ATLAng">1839.04533333333</dst>
            <dst id="CHINng">12432.088</dst>
            <dst id="DNVRng">10148.5333333333</dst>
            <dst id="HSTNng">11026.6586666667</dst>
            <dst id="IPLSng">15651.1733333333</dst>
            <dst id="KSCYng">6107.968</dst>
            <dst id="LOSAng">8610.864</dst>
            <dst id="NYCMng">2924.70133333333</dst>
            <dst id="SNVAng">3172.97066666667</dst>
            <dst id="STTLng">7251.25866666666</dst>
            <dst id="WASHng">8179.65066666667</dst>
        </src>
        <src id="LOSAng">
            <dst id="ATLA-M5">448.509333333333</dst>
            <dst id="ATLAng">23758.9093333333</dst>
            <dst id="CHINng">58335.84</dst>
            <dst id="DNVRng">21606.504</dst>
            <dst id="HSTNng">2494.08533333333</dst>
            <dst id="IPLSng">25362.68</dst>
            <dst id="KSCYng">4539.36266666667</dst>
            <dst id="LOSAng">19630.0293333333</dst>
            <dst id="NYCMng">46781.656</dst>
            <dst id="SNVAng">14297.424</dst>
            <dst id="STTLng">23225.7093333333</dst>
            <dst id="WASHng">52899.256</dst>
        </src>
        <src id="NYCMng">
            <dst id="ATLA-M5">865.877333333333</dst>
            <dst id="ATLAng">19847.5333333333</dst>
            <dst id="CHINng">12100.296</dst>
            <dst id="DNVRng">23249.616</dst>
            <dst id="HSTNng">10960.288</dst>
            <dst id="IPLSng">10777.3493333333</dst>
            <dst id="KSCYng">5051.42666666667</dst>
            <dst id="LOSAng">73195.224</dst>
            <dst id="NYCMng">67529.6506666667</dst>
            <dst id="SNVAng">1315.552</dst>
            <dst id="STTLng">17018.056</dst>
            <dst id="WASHng">39498.9226666667</dst>
        </src>
        <src id="SNVAng">
            <dst id="ATLA-M5">0</dst>
            <dst id="ATLAng">566.314666666667</dst>
            <dst id="CHINng">1835.25066666667</dst>
            <dst id="DNVRng">856.306666666667</dst>
            <dst id="HSTNng">31.9573333333333</dst>
            <dst id="IPLSng">298.450666666667</dst>
            <dst id="KSCYng">0</dst>
            <dst id="LOSAng">35510.296</dst>
            <dst id="NYCMng">295.253333333333</dst>
            <dst id="SNVAng">6017.88266666667</dst>
            <dst id="STTLng">30632.096</dst>
            <dst id="WASHng">165.392</dst>
        </src>
        <src id="STTLng">
            <dst id="ATLA-M5">317.144</dst>
            <dst id="ATLAng">8768.87733333333</dst>
            <dst id="CHINng">14026.9866666667</dst>
            <dst id="DNVRng">2740.29333333333</dst>
            <dst id="HSTNng">1935.70666666667</dst>
            <dst id="IPLSng">9700.70133333333</dst>
            <dst id="KSCYng">9953.672</dst>
            <dst id="LOSAng">19721.152</dst>
            <dst id="NYCMng">10447.352</dst>
            <dst id="SNVAng">1456.90133333333</dst>
            <dst id="STTLng">5450.07733333333</dst>
            <dst id="WASHng">5702.04266666667</dst>
        </src>
        <src id="WASHng">
            <dst id="ATLA-M5">873.237333333333</dst>
            <dst id="ATLAng">113550.84</dst>
            <dst id="CHINng">50019.7866666667</dst>
            <dst id="DNVRng">65733.5813333333</dst>
            <dst id="HSTNng">10914.952</dst>
            <dst id="IPLSng">42878.8933333333</dst>
            <dst id="KSCYng">11672.744</dst>
            <dst id="LOSAng">56852.5706666667</dst>
            <dst id="NYCMng">150768.405333333</dst>
            <dst id="SNVAng">4789.96533333333</dst>
            <dst id="STTLng">30999.2613333333</dst>
            <dst id="WASHng">209109.088</dst>
        </src>
    </IntraTM>
</TrafficMatrixFile>
