<?xml version="1.0" encoding="ISO-8859-1" standalone="yes"?>
<TrafficMatrixFile xsi:noNamespaceSchemaLocation="http://totem.run.montefiore.ulg.ac.be/Schema/TrafficMatrix-v1_2.xsd" xmlns:xsi="http://www.w3.org/2001/XMLSchema-instance">
    <IntraTM ASID="11537">
        <src id="ATLA-M5">
            <dst id="ATLA-M5">75.2213333333333</dst>
            <dst id="ATLAng">53.3333333333333</dst>
            <dst id="CHINng">497.930666666667</dst>
            <dst id="DNVRng">29.6693333333333</dst>
            <dst id="HSTNng">397.832</dst>
            <dst id="IPLSng">133.333333333333</dst>
            <dst id="KSCYng">87.168</dst>
            <dst id="LOSAng">266.781333333333</dst>
            <dst id="NYCMng">53.3333333333333</dst>
            <dst id="SNVAng">48.0106666666667</dst>
            <dst id="STTLng">80</dst>
            <dst id="WASHng">677.738666666667</dst>
        </src>
        <src id="ATLAng">
            <dst id="ATLA-M5">443.605333333333</dst>
            <dst id="ATLAng">10523.176</dst>
            <dst id="CHINng">24183.5546666667</dst>
            <dst id="DNVRng">3265.82666666667</dst>
            <dst id="HSTNng">11191.544</dst>
            <dst id="IPLSng">35556.0293333333</dst>
            <dst id="KSCYng">10712.6853333333</dst>
            <dst id="LOSAng">9386.552</dst>
            <dst id="NYCMng">11038.2266666667</dst>
            <dst id="SNVAng">839.877333333333</dst>
            <dst id="STTLng">12084.856</dst>
            <dst id="WASHng">46422.4933333333</dst>
        </src>
        <src id="CHINng">
            <dst id="ATLA-M5">304.832</dst>
            <dst id="ATLAng">30388.8293333333</dst>
            <dst id="CHINng">56381.7413333333</dst>
            <dst id="DNVRng">20669.6773333333</dst>
            <dst id="HSTNng">14921.192</dst>
            <dst id="IPLSng">61712.0133333333</dst>
            <dst id="KSCYng">17168.0906666667</dst>
            <dst id="LOSAng">51131.3253333333</dst>
            <dst id="NYCMng">9540.29333333333</dst>
            <dst id="SNVAng">2283.92</dst>
            <dst id="STTLng">9516.19466666667</dst>
            <dst id="WASHng">37340.1493333333</dst>
        </src>
        <src id="DNVRng">
            <dst id="ATLA-M5">104</dst>
            <dst id="ATLAng">7205.16266666667</dst>
            <dst id="CHINng">59195.712</dst>
            <dst id="DNVRng">12106.824</dst>
            <dst id="HSTNng">42229.704</dst>
            <dst id="IPLSng">36171.336</dst>
            <dst id="KSCYng">27357.2613333333</dst>
            <dst id="LOSAng">14096.784</dst>
            <dst id="NYCMng">16937.1066666667</dst>
            <dst id="SNVAng">22175.2746666667</dst>
            <dst id="STTLng">9424.35733333333</dst>
            <dst id="WASHng">43129.5306666667</dst>
        </src>
        <src id="HSTNng">
            <dst id="ATLA-M5">3839.83733333333</dst>
            <dst id="ATLAng">10736.2906666667</dst>
            <dst id="CHINng">15850.9786666667</dst>
            <dst id="DNVRng">1396.03733333333</dst>
            <dst id="HSTNng">13823.7466666667</dst>
            <dst id="IPLSng">4524.68533333333</dst>
            <dst id="KSCYng">1504.55466666667</dst>
            <dst id="LOSAng">9783.552</dst>
            <dst id="NYCMng">4936.58666666667</dst>
            <dst id="SNVAng">475.637333333333</dst>
            <dst id="STTLng">6999.27466666667</dst>
            <dst id="WASHng">9263.40266666667</dst>
        </src>
        <src id="IPLSng">
            <dst id="ATLA-M5">364.101333333333</dst>
            <dst id="ATLAng">19548.9573333333</dst>
            <dst id="CHINng">76820.1546666667</dst>
            <dst id="DNVRng">17149.016</dst>
            <dst id="HSTNng">9391.35733333333</dst>
            <dst id="IPLSng">8713.736</dst>
            <dst id="KSCYng">6894.6</dst>
            <dst id="LOSAng">21554.424</dst>
            <dst id="NYCMng">21527.2986666667</dst>
            <dst id="SNVAng">1227.24266666667</dst>
            <dst id="STTLng">17737.7386666667</dst>
            <dst id="WASHng">15303.536</dst>
        </src>
        <src id="KSCYng">
            <dst id="ATLA-M5">0</dst>
            <dst id="ATLAng">2138.784</dst>
            <dst id="CHINng">19420.2346666667</dst>
            <dst id="DNVRng">10335.0293333333</dst>
            <dst id="HSTNng">4306.408</dst>
            <dst id="IPLSng">13695.0133333333</dst>
            <dst id="KSCYng">13101.368</dst>
            <dst id="LOSAng">6950.16533333333</dst>
            <dst id="NYCMng">3120.96</dst>
            <dst id="SNVAng">3577.17866666667</dst>
            <dst id="STTLng">4142.43466666667</dst>
            <dst id="WASHng">14173.08</dst>
        </src>
        <src id="LOSAng">
            <dst id="ATLA-M5">152.832</dst>
            <dst id="ATLAng">25442.3813333333</dst>
            <dst id="CHINng">154124.352</dst>
            <dst id="DNVRng">24048.1413333333</dst>
            <dst id="HSTNng">8223.02933333333</dst>
            <dst id="IPLSng">31210.9173333333</dst>
            <dst id="KSCYng">11109.5386666667</dst>
            <dst id="LOSAng">16810.8666666667</dst>
            <dst id="NYCMng">40302.12</dst>
            <dst id="SNVAng">29404.6826666667</dst>
            <dst id="STTLng">20977.7413333333</dst>
            <dst id="WASHng">27032.1546666667</dst>
        </src>
        <src id="NYCMng">
            <dst id="ATLA-M5">267.68</dst>
            <dst id="ATLAng">39335.9653333333</dst>
            <dst id="CHINng">15427.328</dst>
            <dst id="DNVRng">28258.928</dst>
            <dst id="HSTNng">15067.3573333333</dst>
            <dst id="IPLSng">29239.5866666667</dst>
            <dst id="KSCYng">16579.536</dst>
            <dst id="LOSAng">88757.0373333333</dst>
            <dst id="NYCMng">106366.525333333</dst>
            <dst id="SNVAng">6829.52266666667</dst>
            <dst id="STTLng">28497.7413333333</dst>
            <dst id="WASHng">78406.6746666667</dst>
        </src>
        <src id="SNVAng">
            <dst id="ATLA-M5">0</dst>
            <dst id="ATLAng">117.152</dst>
            <dst id="CHINng">113.117333333333</dst>
            <dst id="DNVRng">14358.608</dst>
            <dst id="HSTNng">131.413333333333</dst>
            <dst id="IPLSng">235.616</dst>
            <dst id="KSCYng">378.698666666667</dst>
            <dst id="LOSAng">31953.352</dst>
            <dst id="NYCMng">352.682666666667</dst>
            <dst id="SNVAng">6875.672</dst>
            <dst id="STTLng">30532.0213333333</dst>
            <dst id="WASHng">80</dst>
        </src>
        <src id="STTLng">
            <dst id="ATLA-M5">205.968</dst>
            <dst id="ATLAng">12890.0293333333</dst>
            <dst id="CHINng">29598.744</dst>
            <dst id="DNVRng">14992.088</dst>
            <dst id="HSTNng">3983.92266666667</dst>
            <dst id="IPLSng">15743.5653333333</dst>
            <dst id="KSCYng">8110.31733333333</dst>
            <dst id="LOSAng">15854.5386666667</dst>
            <dst id="NYCMng">17063.4213333333</dst>
            <dst id="SNVAng">7656</dst>
            <dst id="STTLng">5942.38666666667</dst>
            <dst id="WASHng">17935.384</dst>
        </src>
        <src id="WASHng">
            <dst id="ATLA-M5">755.301333333333</dst>
            <dst id="ATLAng">128637.130666667</dst>
            <dst id="CHINng">58916.1653333333</dst>
            <dst id="DNVRng">78798.0773333333</dst>
            <dst id="HSTNng">29642.0186666667</dst>
            <dst id="IPLSng">69448.48</dst>
            <dst id="KSCYng">28726.1973333333</dst>
            <dst id="LOSAng">84985.336</dst>
            <dst id="NYCMng">151762.626666667</dst>
            <dst id="SNVAng">3801.22666666667</dst>
            <dst id="STTLng">40739.4986666667</dst>
            <dst id="WASHng">312388.8</dst>
        </src>
    </IntraTM>
</TrafficMatrixFile>
