<?xml version="1.0" encoding="ISO-8859-1" standalone="yes"?>
<TrafficMatrixFile xsi:noNamespaceSchemaLocation="http://totem.run.montefiore.ulg.ac.be/Schema/TrafficMatrix-v1_2.xsd" xmlns:xsi="http://www.w3.org/2001/XMLSchema-instance">
    <IntraTM ASID="11537">
        <src id="ATLA-M5">
            <dst id="ATLA-M5">0</dst>
            <dst id="ATLAng">61.152</dst>
            <dst id="CHINng">130.464</dst>
            <dst id="DNVRng">0</dst>
            <dst id="HSTNng">55.288</dst>
            <dst id="IPLSng">26.6666666666667</dst>
            <dst id="KSCYng">0</dst>
            <dst id="LOSAng">76</dst>
            <dst id="NYCMng">0</dst>
            <dst id="SNVAng">13.3333333333333</dst>
            <dst id="STTLng">36</dst>
            <dst id="WASHng">243.168</dst>
        </src>
        <src id="ATLAng">
            <dst id="ATLA-M5">53.3333333333333</dst>
            <dst id="ATLAng">6434.496</dst>
            <dst id="CHINng">7386.82133333334</dst>
            <dst id="DNVRng">3810.75733333333</dst>
            <dst id="HSTNng">1407.56</dst>
            <dst id="IPLSng">26996.328</dst>
            <dst id="KSCYng">7615.94933333333</dst>
            <dst id="LOSAng">6136.92</dst>
            <dst id="NYCMng">7074.52266666667</dst>
            <dst id="SNVAng">53.9093333333333</dst>
            <dst id="STTLng">8232.648</dst>
            <dst id="WASHng">45827.528</dst>
        </src>
        <src id="CHINng">
            <dst id="ATLA-M5">135.149333333333</dst>
            <dst id="ATLAng">8090.51733333333</dst>
            <dst id="CHINng">43407.3226666667</dst>
            <dst id="DNVRng">6861.872</dst>
            <dst id="HSTNng">6518.744</dst>
            <dst id="IPLSng">42584.2506666667</dst>
            <dst id="KSCYng">25764.4106666667</dst>
            <dst id="LOSAng">42507.432</dst>
            <dst id="NYCMng">12663.152</dst>
            <dst id="SNVAng">224.122666666667</dst>
            <dst id="STTLng">4327.63733333333</dst>
            <dst id="WASHng">32580.3466666667</dst>
        </src>
        <src id="DNVRng">
            <dst id="ATLA-M5">89.6853333333333</dst>
            <dst id="ATLAng">2601.704</dst>
            <dst id="CHINng">59988.9386666667</dst>
            <dst id="DNVRng">18978.96</dst>
            <dst id="HSTNng">17110.472</dst>
            <dst id="IPLSng">32595.576</dst>
            <dst id="KSCYng">28332.88</dst>
            <dst id="LOSAng">20710.64</dst>
            <dst id="NYCMng">14900.1066666667</dst>
            <dst id="SNVAng">14274.1573333333</dst>
            <dst id="STTLng">12863.1013333333</dst>
            <dst id="WASHng">40237.8933333333</dst>
        </src>
        <src id="HSTNng">
            <dst id="ATLA-M5">2824.296</dst>
            <dst id="ATLAng">1262.136</dst>
            <dst id="CHINng">9746.77866666667</dst>
            <dst id="DNVRng">505.874666666667</dst>
            <dst id="HSTNng">18221.8586666667</dst>
            <dst id="IPLSng">1510.25866666667</dst>
            <dst id="KSCYng">544.298666666667</dst>
            <dst id="LOSAng">49459.8266666667</dst>
            <dst id="NYCMng">2273.304</dst>
            <dst id="SNVAng">0</dst>
            <dst id="STTLng">906.952</dst>
            <dst id="WASHng">1195.78933333333</dst>
        </src>
        <src id="IPLSng">
            <dst id="ATLA-M5">0</dst>
            <dst id="ATLAng">16319.8853333333</dst>
            <dst id="CHINng">63747.696</dst>
            <dst id="DNVRng">5198.19733333333</dst>
            <dst id="HSTNng">3798.31466666667</dst>
            <dst id="IPLSng">10096.904</dst>
            <dst id="KSCYng">2401.15466666667</dst>
            <dst id="LOSAng">18180.608</dst>
            <dst id="NYCMng">23500.152</dst>
            <dst id="SNVAng">304.408</dst>
            <dst id="STTLng">4281.18666666667</dst>
            <dst id="WASHng">9510.67466666667</dst>
        </src>
        <src id="KSCYng">
            <dst id="ATLA-M5">598.528</dst>
            <dst id="ATLAng">1039.856</dst>
            <dst id="CHINng">14669.7013333333</dst>
            <dst id="DNVRng">10866.5546666667</dst>
            <dst id="HSTNng">3517.472</dst>
            <dst id="IPLSng">13712.392</dst>
            <dst id="KSCYng">14916.8426666667</dst>
            <dst id="LOSAng">7154.56266666667</dst>
            <dst id="NYCMng">4023.26933333333</dst>
            <dst id="SNVAng">3238.712</dst>
            <dst id="STTLng">6188.51733333333</dst>
            <dst id="WASHng">6822.64266666667</dst>
        </src>
        <src id="LOSAng">
            <dst id="ATLA-M5">649.448</dst>
            <dst id="ATLAng">9208.63466666666</dst>
            <dst id="CHINng">104099.157333333</dst>
            <dst id="DNVRng">20785.6133333333</dst>
            <dst id="HSTNng">3589.29333333333</dst>
            <dst id="IPLSng">13745.6746666667</dst>
            <dst id="KSCYng">2969.46133333333</dst>
            <dst id="LOSAng">21796.1013333333</dst>
            <dst id="NYCMng">36776.912</dst>
            <dst id="SNVAng">9807.688</dst>
            <dst id="STTLng">19329.432</dst>
            <dst id="WASHng">15325.1866666667</dst>
        </src>
        <src id="NYCMng">
            <dst id="ATLA-M5">374.373333333333</dst>
            <dst id="ATLAng">13050.5786666667</dst>
            <dst id="CHINng">11520.68</dst>
            <dst id="DNVRng">30160.5066666667</dst>
            <dst id="HSTNng">9355.32533333333</dst>
            <dst id="IPLSng">15937.0826666667</dst>
            <dst id="KSCYng">5278.88266666667</dst>
            <dst id="LOSAng">78519.7626666667</dst>
            <dst id="NYCMng">95650.9626666667</dst>
            <dst id="SNVAng">1397.93866666667</dst>
            <dst id="STTLng">18656.4773333333</dst>
            <dst id="WASHng">50310.5066666667</dst>
        </src>
        <src id="SNVAng">
            <dst id="ATLA-M5">0</dst>
            <dst id="ATLAng">83.6693333333333</dst>
            <dst id="CHINng">0</dst>
            <dst id="DNVRng">3356.22133333333</dst>
            <dst id="HSTNng">62.72</dst>
            <dst id="IPLSng">223.368</dst>
            <dst id="KSCYng">26.6666666666667</dst>
            <dst id="LOSAng">33535.6666666667</dst>
            <dst id="NYCMng">308.192</dst>
            <dst id="SNVAng">5272.34666666667</dst>
            <dst id="STTLng">28535.4293333333</dst>
            <dst id="WASHng">53.3333333333333</dst>
        </src>
        <src id="STTLng">
            <dst id="ATLA-M5">0</dst>
            <dst id="ATLAng">7235.05066666666</dst>
            <dst id="CHINng">16134.6773333333</dst>
            <dst id="DNVRng">3651.27733333333</dst>
            <dst id="HSTNng">1129.18933333333</dst>
            <dst id="IPLSng">4589.224</dst>
            <dst id="KSCYng">1303.25066666667</dst>
            <dst id="LOSAng">18929.0373333333</dst>
            <dst id="NYCMng">13068.368</dst>
            <dst id="SNVAng">4742.24533333333</dst>
            <dst id="STTLng">6352.08</dst>
            <dst id="WASHng">9806.00533333333</dst>
        </src>
        <src id="WASHng">
            <dst id="ATLA-M5">175.474666666667</dst>
            <dst id="ATLAng">71512.8266666667</dst>
            <dst id="CHINng">53930.2853333333</dst>
            <dst id="DNVRng">50448.072</dst>
            <dst id="HSTNng">16519.8186666667</dst>
            <dst id="IPLSng">48275.8346666667</dst>
            <dst id="KSCYng">22861.9173333333</dst>
            <dst id="LOSAng">71710.7973333334</dst>
            <dst id="NYCMng">153607.530666667</dst>
            <dst id="SNVAng">12743.6506666667</dst>
            <dst id="STTLng">42088.1786666667</dst>
            <dst id="WASHng">292206.666666667</dst>
        </src>
    </IntraTM>
</TrafficMatrixFile>
