<?xml version="1.0" encoding="ISO-8859-1" standalone="yes"?>
<TrafficMatrixFile xsi:noNamespaceSchemaLocation="http://totem.run.montefiore.ulg.ac.be/Schema/TrafficMatrix-v1_2.xsd" xmlns:xsi="http://www.w3.org/2001/XMLSchema-instance">
    <IntraTM ASID="11537">
        <src id="ATLA-M5">
            <dst id="ATLA-M5">0</dst>
            <dst id="ATLAng">481.434666666667</dst>
            <dst id="CHINng">0</dst>
            <dst id="DNVRng">0</dst>
            <dst id="HSTNng">61.416</dst>
            <dst id="IPLSng">186.666666666667</dst>
            <dst id="KSCYng">462.621333333333</dst>
            <dst id="LOSAng">138.24</dst>
            <dst id="NYCMng">54.28</dst>
            <dst id="SNVAng">0</dst>
            <dst id="STTLng">26.6666666666667</dst>
            <dst id="WASHng">136.082666666667</dst>
        </src>
        <src id="ATLAng">
            <dst id="ATLA-M5">515.114666666667</dst>
            <dst id="ATLAng">22594.856</dst>
            <dst id="CHINng">3856.184</dst>
            <dst id="DNVRng">2475.72266666667</dst>
            <dst id="HSTNng">1303.93333333333</dst>
            <dst id="IPLSng">17579.064</dst>
            <dst id="KSCYng">487.642666666667</dst>
            <dst id="LOSAng">11950.1093333333</dst>
            <dst id="NYCMng">2801.37333333333</dst>
            <dst id="SNVAng">105.554666666667</dst>
            <dst id="STTLng">6182.86666666667</dst>
            <dst id="WASHng">23307.944</dst>
        </src>
        <src id="CHINng">
            <dst id="ATLA-M5">826.802666666667</dst>
            <dst id="ATLAng">13882.064</dst>
            <dst id="CHINng">64367.0293333333</dst>
            <dst id="DNVRng">21440.8133333333</dst>
            <dst id="HSTNng">8515.88266666667</dst>
            <dst id="IPLSng">23623.3413333333</dst>
            <dst id="KSCYng">6365.38933333334</dst>
            <dst id="LOSAng">40676.0346666667</dst>
            <dst id="NYCMng">13578.456</dst>
            <dst id="SNVAng">3308.90933333333</dst>
            <dst id="STTLng">11790.0026666667</dst>
            <dst id="WASHng">33460.8</dst>
        </src>
        <src id="DNVRng">
            <dst id="ATLA-M5">108.96</dst>
            <dst id="ATLAng">8523.256</dst>
            <dst id="CHINng">49935.3093333333</dst>
            <dst id="DNVRng">16778.6186666667</dst>
            <dst id="HSTNng">15693.1386666667</dst>
            <dst id="IPLSng">26972.9626666667</dst>
            <dst id="KSCYng">31363.72</dst>
            <dst id="LOSAng">33197.096</dst>
            <dst id="NYCMng">18623.9573333333</dst>
            <dst id="SNVAng">26213.6933333333</dst>
            <dst id="STTLng">10893.352</dst>
            <dst id="WASHng">37995.96</dst>
        </src>
        <src id="HSTNng">
            <dst id="ATLA-M5">3401.91733333333</dst>
            <dst id="ATLAng">10844.4106666667</dst>
            <dst id="CHINng">8611.00533333333</dst>
            <dst id="DNVRng">1069.41066666667</dst>
            <dst id="HSTNng">15468.384</dst>
            <dst id="IPLSng">802.349333333334</dst>
            <dst id="KSCYng">2602.25866666667</dst>
            <dst id="LOSAng">10438.48</dst>
            <dst id="NYCMng">2829.04533333333</dst>
            <dst id="SNVAng">0</dst>
            <dst id="STTLng">6183.632</dst>
            <dst id="WASHng">5802.27733333333</dst>
        </src>
        <src id="IPLSng">
            <dst id="ATLA-M5">0</dst>
            <dst id="ATLAng">15298.9226666667</dst>
            <dst id="CHINng">35940.5173333333</dst>
            <dst id="DNVRng">25524.5466666667</dst>
            <dst id="HSTNng">1224.44533333333</dst>
            <dst id="IPLSng">22295.5093333333</dst>
            <dst id="KSCYng">7730.68</dst>
            <dst id="LOSAng">53856.96</dst>
            <dst id="NYCMng">28451.3013333333</dst>
            <dst id="SNVAng">2597.968</dst>
            <dst id="STTLng">11448.312</dst>
            <dst id="WASHng">8162.08266666667</dst>
        </src>
        <src id="KSCYng">
            <dst id="ATLA-M5">288.024</dst>
            <dst id="ATLAng">2754.81066666667</dst>
            <dst id="CHINng">11586.4213333333</dst>
            <dst id="DNVRng">10141.752</dst>
            <dst id="HSTNng">4254.09066666667</dst>
            <dst id="IPLSng">10766.456</dst>
            <dst id="KSCYng">11210.4853333333</dst>
            <dst id="LOSAng">12475.5066666667</dst>
            <dst id="NYCMng">3867.70666666667</dst>
            <dst id="SNVAng">2364.832</dst>
            <dst id="STTLng">4325.59466666667</dst>
            <dst id="WASHng">8346.312</dst>
        </src>
        <src id="LOSAng">
            <dst id="ATLA-M5">80</dst>
            <dst id="ATLAng">15954.6586666667</dst>
            <dst id="CHINng">61289.6746666667</dst>
            <dst id="DNVRng">6418.58133333333</dst>
            <dst id="HSTNng">9704.32266666667</dst>
            <dst id="IPLSng">18237.5013333333</dst>
            <dst id="KSCYng">3844.576</dst>
            <dst id="LOSAng">23801.232</dst>
            <dst id="NYCMng">30628.2533333333</dst>
            <dst id="SNVAng">16920.9173333333</dst>
            <dst id="STTLng">24005.0586666667</dst>
            <dst id="WASHng">17501.952</dst>
        </src>
        <src id="NYCMng">
            <dst id="ATLA-M5">272.456</dst>
            <dst id="ATLAng">18934.7146666667</dst>
            <dst id="CHINng">11452.408</dst>
            <dst id="DNVRng">31472.5626666667</dst>
            <dst id="HSTNng">13387.4026666667</dst>
            <dst id="IPLSng">17756.0933333333</dst>
            <dst id="KSCYng">11434.8346666667</dst>
            <dst id="LOSAng">70579.7866666667</dst>
            <dst id="NYCMng">73456.3013333334</dst>
            <dst id="SNVAng">3097.576</dst>
            <dst id="STTLng">21535.8586666667</dst>
            <dst id="WASHng">44046.4933333333</dst>
        </src>
        <src id="SNVAng">
            <dst id="ATLA-M5">0</dst>
            <dst id="ATLAng">533.056</dst>
            <dst id="CHINng">76</dst>
            <dst id="DNVRng">2930.42133333333</dst>
            <dst id="HSTNng">1390.48533333333</dst>
            <dst id="IPLSng">211.802666666667</dst>
            <dst id="KSCYng">0</dst>
            <dst id="LOSAng">37701.936</dst>
            <dst id="NYCMng">287.253333333333</dst>
            <dst id="SNVAng">9221.55733333333</dst>
            <dst id="STTLng">37356.528</dst>
            <dst id="WASHng">524.352</dst>
        </src>
        <src id="STTLng">
            <dst id="ATLA-M5">627.496</dst>
            <dst id="ATLAng">8797.79466666667</dst>
            <dst id="CHINng">12075.5146666667</dst>
            <dst id="DNVRng">3609.29333333333</dst>
            <dst id="HSTNng">3589.8</dst>
            <dst id="IPLSng">5675.45866666667</dst>
            <dst id="KSCYng">3300.58933333333</dst>
            <dst id="LOSAng">132196.474666667</dst>
            <dst id="NYCMng">11171.72</dst>
            <dst id="SNVAng">3556.016</dst>
            <dst id="STTLng">24523.9546666667</dst>
            <dst id="WASHng">9119.73333333333</dst>
        </src>
        <src id="WASHng">
            <dst id="ATLA-M5">169.44</dst>
            <dst id="ATLAng">97019.1226666667</dst>
            <dst id="CHINng">81624.32</dst>
            <dst id="DNVRng">63251.8586666667</dst>
            <dst id="HSTNng">71593.5066666667</dst>
            <dst id="IPLSng">49750.1253333333</dst>
            <dst id="KSCYng">11078.6213333333</dst>
            <dst id="LOSAng">69900.8213333333</dst>
            <dst id="NYCMng">207487.037333333</dst>
            <dst id="SNVAng">4050.768</dst>
            <dst id="STTLng">53187.7866666667</dst>
            <dst id="WASHng">222663.088</dst>
        </src>
    </IntraTM>
</TrafficMatrixFile>
