<?xml version="1.0" encoding="ISO-8859-1" standalone="yes"?>
<TrafficMatrixFile xsi:noNamespaceSchemaLocation="http://totem.run.montefiore.ulg.ac.be/Schema/TrafficMatrix-v1_2.xsd" xmlns:xsi="http://www.w3.org/2001/XMLSchema-instance">
    <IntraTM ASID="11537">
        <src id="ATLA-M5">
            <dst id="ATLA-M5">0</dst>
            <dst id="ATLAng">26.6666666666667</dst>
            <dst id="CHINng">67.8186666666667</dst>
            <dst id="DNVRng">53.3333333333333</dst>
            <dst id="HSTNng">54.3306666666667</dst>
            <dst id="IPLSng">0</dst>
            <dst id="KSCYng">0</dst>
            <dst id="LOSAng">508.250666666667</dst>
            <dst id="NYCMng">53.3333333333333</dst>
            <dst id="SNVAng">13.3333333333333</dst>
            <dst id="STTLng">26.6666666666667</dst>
            <dst id="WASHng">581.16</dst>
        </src>
        <src id="ATLAng">
            <dst id="ATLA-M5">580.069333333333</dst>
            <dst id="ATLAng">4991.53066666667</dst>
            <dst id="CHINng">3850.18933333333</dst>
            <dst id="DNVRng">7936.68266666666</dst>
            <dst id="HSTNng">497.944</dst>
            <dst id="IPLSng">24809.6426666667</dst>
            <dst id="KSCYng">333.216</dst>
            <dst id="LOSAng">7197.66</dst>
            <dst id="NYCMng">8358.93333333333</dst>
            <dst id="SNVAng">574.116</dst>
            <dst id="STTLng">10843.0613333333</dst>
            <dst id="WASHng">44048.6506666667</dst>
        </src>
        <src id="CHINng">
            <dst id="ATLA-M5">70.72</dst>
            <dst id="ATLAng">5238.86933333333</dst>
            <dst id="CHINng">48531.7386666667</dst>
            <dst id="DNVRng">6941.94666666667</dst>
            <dst id="HSTNng">3739.18933333333</dst>
            <dst id="IPLSng">90791.0053333333</dst>
            <dst id="KSCYng">9481.86933333333</dst>
            <dst id="LOSAng">34101.024</dst>
            <dst id="NYCMng">8259.52266666667</dst>
            <dst id="SNVAng">3162.624</dst>
            <dst id="STTLng">4204.31466666667</dst>
            <dst id="WASHng">19328.3626666667</dst>
        </src>
        <src id="DNVRng">
            <dst id="ATLA-M5">73.184</dst>
            <dst id="ATLAng">2991.72266666667</dst>
            <dst id="CHINng">50561.8373333333</dst>
            <dst id="DNVRng">11002.2026666667</dst>
            <dst id="HSTNng">24845.8106666667</dst>
            <dst id="IPLSng">45070.0986666667</dst>
            <dst id="KSCYng">12603.8853333333</dst>
            <dst id="LOSAng">12261.9306666667</dst>
            <dst id="NYCMng">17836.2533333333</dst>
            <dst id="SNVAng">6661.09333333333</dst>
            <dst id="STTLng">3566.62666666667</dst>
            <dst id="WASHng">38385.7626666667</dst>
        </src>
        <src id="HSTNng">
            <dst id="ATLA-M5">3337.75466666667</dst>
            <dst id="ATLAng">1431.52266666667</dst>
            <dst id="CHINng">12046.6293333333</dst>
            <dst id="DNVRng">658.069333333333</dst>
            <dst id="HSTNng">14932.576</dst>
            <dst id="IPLSng">3292.65333333333</dst>
            <dst id="KSCYng">678.482666666667</dst>
            <dst id="LOSAng">6031.72266666667</dst>
            <dst id="NYCMng">1082.41333333333</dst>
            <dst id="SNVAng">127.208</dst>
            <dst id="STTLng">353.565333333333</dst>
            <dst id="WASHng">3428.17333333333</dst>
        </src>
        <src id="IPLSng">
            <dst id="ATLA-M5">0</dst>
            <dst id="ATLAng">14878.8426666667</dst>
            <dst id="CHINng">46316.8213333333</dst>
            <dst id="DNVRng">11247.736</dst>
            <dst id="HSTNng">517.082666666667</dst>
            <dst id="IPLSng">3707.872</dst>
            <dst id="KSCYng">1696.70133333333</dst>
            <dst id="LOSAng">14844.48</dst>
            <dst id="NYCMng">24609.96</dst>
            <dst id="SNVAng">739.642666666667</dst>
            <dst id="STTLng">9408.44</dst>
            <dst id="WASHng">10612.44</dst>
        </src>
        <src id="KSCYng">
            <dst id="ATLA-M5">0</dst>
            <dst id="ATLAng">6928.06933333333</dst>
            <dst id="CHINng">12264.592</dst>
            <dst id="DNVRng">12889.2373333333</dst>
            <dst id="HSTNng">2189.77333333333</dst>
            <dst id="IPLSng">10016.6906666667</dst>
            <dst id="KSCYng">5726.09333333333</dst>
            <dst id="LOSAng">6747.32</dst>
            <dst id="NYCMng">8423.86133333333</dst>
            <dst id="SNVAng">2016.89066666667</dst>
            <dst id="STTLng">3114.06133333333</dst>
            <dst id="WASHng">5703.93066666667</dst>
        </src>
        <src id="LOSAng">
            <dst id="ATLA-M5">137.08</dst>
            <dst id="ATLAng">8947.67733333333</dst>
            <dst id="CHINng">110422.285333333</dst>
            <dst id="DNVRng">18569.2373333333</dst>
            <dst id="HSTNng">2870.54133333333</dst>
            <dst id="IPLSng">10707.56</dst>
            <dst id="KSCYng">2517.056</dst>
            <dst id="LOSAng">12234.5973333333</dst>
            <dst id="NYCMng">47655.304</dst>
            <dst id="SNVAng">11069.7866666667</dst>
            <dst id="STTLng">34138.1946666667</dst>
            <dst id="WASHng">17815.6186666667</dst>
        </src>
        <src id="NYCMng">
            <dst id="ATLA-M5">108.922666666667</dst>
            <dst id="ATLAng">30066.2506666667</dst>
            <dst id="CHINng">7335.88533333333</dst>
            <dst id="DNVRng">22640.6586666667</dst>
            <dst id="HSTNng">3374.64</dst>
            <dst id="IPLSng">28253.3466666667</dst>
            <dst id="KSCYng">11424.7146666667</dst>
            <dst id="LOSAng">74280.2266666667</dst>
            <dst id="NYCMng">81456.9413333333</dst>
            <dst id="SNVAng">1098.47733333333</dst>
            <dst id="STTLng">20209.1066666667</dst>
            <dst id="WASHng">41242.4746666667</dst>
        </src>
        <src id="SNVAng">
            <dst id="ATLA-M5">0</dst>
            <dst id="ATLAng">0</dst>
            <dst id="CHINng">41.0133333333333</dst>
            <dst id="DNVRng">430.821333333333</dst>
            <dst id="HSTNng">124.576</dst>
            <dst id="IPLSng">266.365333333333</dst>
            <dst id="KSCYng">26.6666666666667</dst>
            <dst id="LOSAng">30674.0906666667</dst>
            <dst id="NYCMng">354.922666666667</dst>
            <dst id="SNVAng">7121.88266666667</dst>
            <dst id="STTLng">30449.8266666667</dst>
            <dst id="WASHng">0</dst>
        </src>
        <src id="STTLng">
            <dst id="ATLA-M5">0</dst>
            <dst id="ATLAng">8393.856</dst>
            <dst id="CHINng">33091.6186666667</dst>
            <dst id="DNVRng">1610.95733333333</dst>
            <dst id="HSTNng">565.128</dst>
            <dst id="IPLSng">5297.78933333333</dst>
            <dst id="KSCYng">967.056</dst>
            <dst id="LOSAng">14380.952</dst>
            <dst id="NYCMng">12348.1946666667</dst>
            <dst id="SNVAng">1379.88533333333</dst>
            <dst id="STTLng">1106.48</dst>
            <dst id="WASHng">4905.64</dst>
        </src>
        <src id="WASHng">
            <dst id="ATLA-M5">26.6666666666667</dst>
            <dst id="ATLAng">67749.7013333333</dst>
            <dst id="CHINng">36815.1093333333</dst>
            <dst id="DNVRng">37722.36</dst>
            <dst id="HSTNng">16284.432</dst>
            <dst id="IPLSng">49109.64</dst>
            <dst id="KSCYng">10259.9306666667</dst>
            <dst id="LOSAng">55134.9173333333</dst>
            <dst id="NYCMng">115889.461333333</dst>
            <dst id="SNVAng">9692.79733333333</dst>
            <dst id="STTLng">27626.8053333333</dst>
            <dst id="WASHng">320193.946666667</dst>
        </src>
    </IntraTM>
</TrafficMatrixFile>
