<?xml version="1.0" encoding="ISO-8859-1" standalone="yes"?>
<TrafficMatrixFile xsi:noNamespaceSchemaLocation="http://totem.run.montefiore.ulg.ac.be/Schema/TrafficMatrix-v1_2.xsd" xmlns:xsi="http://www.w3.org/2001/XMLSchema-instance">
    <IntraTM ASID="11537">
        <src id="ATLA-M5">
            <dst id="ATLA-M5">693.344</dst>
            <dst id="ATLAng">2318.42133333333</dst>
            <dst id="CHINng">807.157333333333</dst>
            <dst id="DNVRng">26.6666666666667</dst>
            <dst id="HSTNng">26.6666666666667</dst>
            <dst id="IPLSng">122.666666666667</dst>
            <dst id="KSCYng">63.504</dst>
            <dst id="LOSAng">265.941333333333</dst>
            <dst id="NYCMng">53.3333333333333</dst>
            <dst id="SNVAng">13.3333333333333</dst>
            <dst id="STTLng">26.6666666666667</dst>
            <dst id="WASHng">134.666666666667</dst>
        </src>
        <src id="ATLAng">
            <dst id="ATLA-M5">83.728</dst>
            <dst id="ATLAng">26468.8453333333</dst>
            <dst id="CHINng">6162.424</dst>
            <dst id="DNVRng">4054.84533333333</dst>
            <dst id="HSTNng">5822.15733333333</dst>
            <dst id="IPLSng">21105.0666666667</dst>
            <dst id="KSCYng">689.029333333333</dst>
            <dst id="LOSAng">17983.108</dst>
            <dst id="NYCMng">4008.86933333333</dst>
            <dst id="SNVAng">309.574666666667</dst>
            <dst id="STTLng">6474.464</dst>
            <dst id="WASHng">33841.552</dst>
        </src>
        <src id="CHINng">
            <dst id="ATLA-M5">723.245333333333</dst>
            <dst id="ATLAng">16284.7253333333</dst>
            <dst id="CHINng">42407.632</dst>
            <dst id="DNVRng">10579.9946666667</dst>
            <dst id="HSTNng">9556.58666666667</dst>
            <dst id="IPLSng">26131.9386666667</dst>
            <dst id="KSCYng">14030.1066666667</dst>
            <dst id="LOSAng">53639.2906666667</dst>
            <dst id="NYCMng">12402.1733333333</dst>
            <dst id="SNVAng">2733.93866666667</dst>
            <dst id="STTLng">4630.95466666667</dst>
            <dst id="WASHng">24283.2</dst>
        </src>
        <src id="DNVRng">
            <dst id="ATLA-M5">76.96</dst>
            <dst id="ATLAng">8738.00533333334</dst>
            <dst id="CHINng">47533.4586666667</dst>
            <dst id="DNVRng">19368.2773333333</dst>
            <dst id="HSTNng">19415.4853333333</dst>
            <dst id="IPLSng">29914.2053333333</dst>
            <dst id="KSCYng">27348.6613333333</dst>
            <dst id="LOSAng">23439.8986666667</dst>
            <dst id="NYCMng">21662.5706666667</dst>
            <dst id="SNVAng">9794.67733333333</dst>
            <dst id="STTLng">17527.72</dst>
            <dst id="WASHng">37165.7413333333</dst>
        </src>
        <src id="HSTNng">
            <dst id="ATLA-M5">290.389333333333</dst>
            <dst id="ATLAng">3456.29866666667</dst>
            <dst id="CHINng">6675.72533333333</dst>
            <dst id="DNVRng">1301.33066666667</dst>
            <dst id="HSTNng">17904</dst>
            <dst id="IPLSng">8208.05866666667</dst>
            <dst id="KSCYng">2502.87466666667</dst>
            <dst id="LOSAng">11219.872</dst>
            <dst id="NYCMng">3271.20533333333</dst>
            <dst id="SNVAng">26.6666666666667</dst>
            <dst id="STTLng">1108.18666666667</dst>
            <dst id="WASHng">4999.33066666667</dst>
        </src>
        <src id="IPLSng">
            <dst id="ATLA-M5">26.6666666666667</dst>
            <dst id="ATLAng">20629.888</dst>
            <dst id="CHINng">59295.6693333334</dst>
            <dst id="DNVRng">11802.4186666667</dst>
            <dst id="HSTNng">4017.55733333333</dst>
            <dst id="IPLSng">31929.0373333333</dst>
            <dst id="KSCYng">13700.0266666667</dst>
            <dst id="LOSAng">31206.68</dst>
            <dst id="NYCMng">36341.656</dst>
            <dst id="SNVAng">6016.68</dst>
            <dst id="STTLng">11562.1146666667</dst>
            <dst id="WASHng">7759.18666666667</dst>
        </src>
        <src id="KSCYng">
            <dst id="ATLA-M5">886.026666666667</dst>
            <dst id="ATLAng">2359.21066666667</dst>
            <dst id="CHINng">15225.6586666667</dst>
            <dst id="DNVRng">10671.232</dst>
            <dst id="HSTNng">4715.95466666667</dst>
            <dst id="IPLSng">12619.1493333333</dst>
            <dst id="KSCYng">11998.032</dst>
            <dst id="LOSAng">10308.784</dst>
            <dst id="NYCMng">3115.99466666667</dst>
            <dst id="SNVAng">2905.88533333333</dst>
            <dst id="STTLng">4449.68266666667</dst>
            <dst id="WASHng">17266.56</dst>
        </src>
        <src id="LOSAng">
            <dst id="ATLA-M5">123.658666666667</dst>
            <dst id="ATLAng">20606.488</dst>
            <dst id="CHINng">134605.352</dst>
            <dst id="DNVRng">22584.5653333333</dst>
            <dst id="HSTNng">10956.856</dst>
            <dst id="IPLSng">24460.5013333333</dst>
            <dst id="KSCYng">8934.12266666667</dst>
            <dst id="LOSAng">24624.9306666667</dst>
            <dst id="NYCMng">40555.6613333333</dst>
            <dst id="SNVAng">13495.4106666667</dst>
            <dst id="STTLng">30140.8213333333</dst>
            <dst id="WASHng">29085.784</dst>
        </src>
        <src id="NYCMng">
            <dst id="ATLA-M5">1666.79733333333</dst>
            <dst id="ATLAng">21232.496</dst>
            <dst id="CHINng">10444.2693333333</dst>
            <dst id="DNVRng">28160.8693333333</dst>
            <dst id="HSTNng">8328.49333333333</dst>
            <dst id="IPLSng">16779.4293333333</dst>
            <dst id="KSCYng">15031.7146666667</dst>
            <dst id="LOSAng">71389.408</dst>
            <dst id="NYCMng">72660.264</dst>
            <dst id="SNVAng">4270.62133333333</dst>
            <dst id="STTLng">23971.1786666667</dst>
            <dst id="WASHng">43252.3146666667</dst>
        </src>
        <src id="SNVAng">
            <dst id="ATLA-M5">0</dst>
            <dst id="ATLAng">405.013333333333</dst>
            <dst id="CHINng">0</dst>
            <dst id="DNVRng">5280.76266666667</dst>
            <dst id="HSTNng">1914.56</dst>
            <dst id="IPLSng">166.682666666667</dst>
            <dst id="KSCYng">0</dst>
            <dst id="LOSAng">61477.8426666667</dst>
            <dst id="NYCMng">387.2</dst>
            <dst id="SNVAng">13405.8933333333</dst>
            <dst id="STTLng">38699.56</dst>
            <dst id="WASHng">408.992</dst>
        </src>
        <src id="STTLng">
            <dst id="ATLA-M5">271.178666666667</dst>
            <dst id="ATLAng">12789.08</dst>
            <dst id="CHINng">15835.9226666667</dst>
            <dst id="DNVRng">3510.68266666667</dst>
            <dst id="HSTNng">3944.73333333333</dst>
            <dst id="IPLSng">5923.728</dst>
            <dst id="KSCYng">2593.57333333333</dst>
            <dst id="LOSAng">119990.688</dst>
            <dst id="NYCMng">13835.648</dst>
            <dst id="SNVAng">4549.09066666667</dst>
            <dst id="STTLng">25796.1866666667</dst>
            <dst id="WASHng">12854.4906666667</dst>
        </src>
        <src id="WASHng">
            <dst id="ATLA-M5">211.2</dst>
            <dst id="ATLAng">71928.8</dst>
            <dst id="CHINng">72355.5653333333</dst>
            <dst id="DNVRng">81407.4186666667</dst>
            <dst id="HSTNng">27490.928</dst>
            <dst id="IPLSng">66070.8506666667</dst>
            <dst id="KSCYng">11329.136</dst>
            <dst id="LOSAng">67675.928</dst>
            <dst id="NYCMng">168940.925333333</dst>
            <dst id="SNVAng">3128.45066666667</dst>
            <dst id="STTLng">62422.8773333333</dst>
            <dst id="WASHng">227062.317333333</dst>
        </src>
    </IntraTM>
</TrafficMatrixFile>
