<?xml version="1.0" encoding="ISO-8859-1" standalone="yes"?>
<TrafficMatrixFile xsi:noNamespaceSchemaLocation="http://totem.run.montefiore.ulg.ac.be/Schema/TrafficMatrix-v1_2.xsd" xmlns:xsi="http://www.w3.org/2001/XMLSchema-instance">
    <IntraTM ASID="11537">
        <src id="ATLA-M5">
            <dst id="ATLA-M5">118.528</dst>
            <dst id="ATLAng">455.466666666667</dst>
            <dst id="CHINng">26.6666666666667</dst>
            <dst id="DNVRng">26.6666666666667</dst>
            <dst id="HSTNng">26.6666666666667</dst>
            <dst id="IPLSng">213.333333333333</dst>
            <dst id="KSCYng">520.568</dst>
            <dst id="LOSAng">356.984</dst>
            <dst id="NYCMng">80</dst>
            <dst id="SNVAng">13.3333333333333</dst>
            <dst id="STTLng">26.6666666666667</dst>
            <dst id="WASHng">425.005333333333</dst>
        </src>
        <src id="ATLAng">
            <dst id="ATLA-M5">81.0426666666666</dst>
            <dst id="ATLAng">21210.944</dst>
            <dst id="CHINng">10487.928</dst>
            <dst id="DNVRng">2896.816</dst>
            <dst id="HSTNng">3284.448</dst>
            <dst id="IPLSng">17326.2373333333</dst>
            <dst id="KSCYng">692.154666666667</dst>
            <dst id="LOSAng">11271.208</dst>
            <dst id="NYCMng">1819.76266666667</dst>
            <dst id="SNVAng">65.5173333333333</dst>
            <dst id="STTLng">6243.944</dst>
            <dst id="WASHng">27105.1466666667</dst>
        </src>
        <src id="CHINng">
            <dst id="ATLA-M5">747.384</dst>
            <dst id="ATLAng">18616.76</dst>
            <dst id="CHINng">49498.8666666667</dst>
            <dst id="DNVRng">18316.4906666667</dst>
            <dst id="HSTNng">8710.34933333334</dst>
            <dst id="IPLSng">28527.824</dst>
            <dst id="KSCYng">8740.66133333333</dst>
            <dst id="LOSAng">37888.736</dst>
            <dst id="NYCMng">10295.3946666667</dst>
            <dst id="SNVAng">2958.74933333333</dst>
            <dst id="STTLng">9939.36533333334</dst>
            <dst id="WASHng">28072.9626666667</dst>
        </src>
        <src id="DNVRng">
            <dst id="ATLA-M5">165.546666666667</dst>
            <dst id="ATLAng">9143.51733333333</dst>
            <dst id="CHINng">45105.3146666667</dst>
            <dst id="DNVRng">17371.0773333333</dst>
            <dst id="HSTNng">16885.6826666667</dst>
            <dst id="IPLSng">26642.7946666667</dst>
            <dst id="KSCYng">31559.5653333333</dst>
            <dst id="LOSAng">27344.1226666667</dst>
            <dst id="NYCMng">12145.12</dst>
            <dst id="SNVAng">28602.4</dst>
            <dst id="STTLng">12406.0506666667</dst>
            <dst id="WASHng">36157.7946666667</dst>
        </src>
        <src id="HSTNng">
            <dst id="ATLA-M5">153.984</dst>
            <dst id="ATLAng">2636.58933333333</dst>
            <dst id="CHINng">13082.872</dst>
            <dst id="DNVRng">731.525333333333</dst>
            <dst id="HSTNng">12721.32</dst>
            <dst id="IPLSng">624.584</dst>
            <dst id="KSCYng">2043.728</dst>
            <dst id="LOSAng">7218.44266666667</dst>
            <dst id="NYCMng">2943.88533333333</dst>
            <dst id="SNVAng">0</dst>
            <dst id="STTLng">1432.04</dst>
            <dst id="WASHng">10273.576</dst>
        </src>
        <src id="IPLSng">
            <dst id="ATLA-M5">130.666666666667</dst>
            <dst id="ATLAng">16845.128</dst>
            <dst id="CHINng">42321.152</dst>
            <dst id="DNVRng">21430.1253333333</dst>
            <dst id="HSTNng">1641.17866666667</dst>
            <dst id="IPLSng">29488.9893333333</dst>
            <dst id="KSCYng">7548.83466666667</dst>
            <dst id="LOSAng">17384.5706666667</dst>
            <dst id="NYCMng">22989.8693333333</dst>
            <dst id="SNVAng">2339.49333333333</dst>
            <dst id="STTLng">11825.4853333333</dst>
            <dst id="WASHng">7762.02133333333</dst>
        </src>
        <src id="KSCYng">
            <dst id="ATLA-M5">1121.432</dst>
            <dst id="ATLAng">2547.552</dst>
            <dst id="CHINng">13550.7226666667</dst>
            <dst id="DNVRng">10674.2213333333</dst>
            <dst id="HSTNng">3574.51466666667</dst>
            <dst id="IPLSng">14804.648</dst>
            <dst id="KSCYng">12442.352</dst>
            <dst id="LOSAng">10949.544</dst>
            <dst id="NYCMng">2860.60533333333</dst>
            <dst id="SNVAng">2634.38933333333</dst>
            <dst id="STTLng">5161.59466666667</dst>
            <dst id="WASHng">7731.16266666667</dst>
        </src>
        <src id="LOSAng">
            <dst id="ATLA-M5">0</dst>
            <dst id="ATLAng">13852.704</dst>
            <dst id="CHINng">52265.312</dst>
            <dst id="DNVRng">6460.064</dst>
            <dst id="HSTNng">9035.12</dst>
            <dst id="IPLSng">14222.4826666667</dst>
            <dst id="KSCYng">3390.984</dst>
            <dst id="LOSAng">123814.954666667</dst>
            <dst id="NYCMng">31590.648</dst>
            <dst id="SNVAng">17387.6453333333</dst>
            <dst id="STTLng">22493.264</dst>
            <dst id="WASHng">21817.1706666667</dst>
        </src>
        <src id="NYCMng">
            <dst id="ATLA-M5">377.333333333333</dst>
            <dst id="ATLAng">19961.8453333333</dst>
            <dst id="CHINng">22867.0853333333</dst>
            <dst id="DNVRng">26568.7626666667</dst>
            <dst id="HSTNng">11293.1093333333</dst>
            <dst id="IPLSng">16162.376</dst>
            <dst id="KSCYng">10086.1253333333</dst>
            <dst id="LOSAng">66750.5413333333</dst>
            <dst id="NYCMng">67170.264</dst>
            <dst id="SNVAng">4901.25333333333</dst>
            <dst id="STTLng">34805.8773333333</dst>
            <dst id="WASHng">38299.5146666667</dst>
        </src>
        <src id="SNVAng">
            <dst id="ATLA-M5">0</dst>
            <dst id="ATLAng">668.010666666667</dst>
            <dst id="CHINng">26.6666666666667</dst>
            <dst id="DNVRng">9503.58133333333</dst>
            <dst id="HSTNng">1671.59466666667</dst>
            <dst id="IPLSng">207.874666666667</dst>
            <dst id="KSCYng">26.6666666666667</dst>
            <dst id="LOSAng">36763.832</dst>
            <dst id="NYCMng">262.549333333333</dst>
            <dst id="SNVAng">9047.02133333333</dst>
            <dst id="STTLng">37115.576</dst>
            <dst id="WASHng">751.269333333333</dst>
        </src>
        <src id="STTLng">
            <dst id="ATLA-M5">508.341333333333</dst>
            <dst id="ATLAng">10658.2986666667</dst>
            <dst id="CHINng">12420.344</dst>
            <dst id="DNVRng">2771.41866666667</dst>
            <dst id="HSTNng">3618.872</dst>
            <dst id="IPLSng">5727.44533333333</dst>
            <dst id="KSCYng">1794.10933333333</dst>
            <dst id="LOSAng">19207.4586666667</dst>
            <dst id="NYCMng">12376.512</dst>
            <dst id="SNVAng">3753.76</dst>
            <dst id="STTLng">29466.08</dst>
            <dst id="WASHng">13458.0026666667</dst>
        </src>
        <src id="WASHng">
            <dst id="ATLA-M5">144.706666666667</dst>
            <dst id="ATLAng">111498.968</dst>
            <dst id="CHINng">81612.0293333333</dst>
            <dst id="DNVRng">65150.888</dst>
            <dst id="HSTNng">35207.8026666667</dst>
            <dst id="IPLSng">46481.3013333333</dst>
            <dst id="KSCYng">13627.5253333333</dst>
            <dst id="LOSAng">65962.9893333333</dst>
            <dst id="NYCMng">146666.098666667</dst>
            <dst id="SNVAng">2254.96533333333</dst>
            <dst id="STTLng">50424.2773333333</dst>
            <dst id="WASHng">220682.634666667</dst>
        </src>
    </IntraTM>
</TrafficMatrixFile>
