<?xml version="1.0" encoding="ISO-8859-1" standalone="yes"?>
<TrafficMatrixFile xsi:noNamespaceSchemaLocation="http://totem.run.montefiore.ulg.ac.be/Schema/TrafficMatrix-v1_2.xsd" xmlns:xsi="http://www.w3.org/2001/XMLSchema-instance">
    <IntraTM ASID="11537">
        <src id="ATLA-M5">
            <dst id="ATLA-M5">127.165333333333</dst>
            <dst id="ATLAng">123.485333333333</dst>
            <dst id="CHINng">193.189333333333</dst>
            <dst id="DNVRng">53.3333333333333</dst>
            <dst id="HSTNng">93.8853333333333</dst>
            <dst id="IPLSng">72.768</dst>
            <dst id="KSCYng">80</dst>
            <dst id="LOSAng">105.952</dst>
            <dst id="NYCMng">106.666666666667</dst>
            <dst id="SNVAng">0</dst>
            <dst id="STTLng">80.016</dst>
            <dst id="WASHng">418.245333333333</dst>
        </src>
        <src id="ATLAng">
            <dst id="ATLA-M5">279.28</dst>
            <dst id="ATLAng">38365.2373333333</dst>
            <dst id="CHINng">11390.456</dst>
            <dst id="DNVRng">4776.832</dst>
            <dst id="HSTNng">5716.55733333333</dst>
            <dst id="IPLSng">28738.1626666667</dst>
            <dst id="KSCYng">1324.74933333333</dst>
            <dst id="LOSAng">7291.968</dst>
            <dst id="NYCMng">11642.8106666667</dst>
            <dst id="SNVAng">1397.59733333333</dst>
            <dst id="STTLng">12853.12</dst>
            <dst id="WASHng">50653.6133333333</dst>
        </src>
        <src id="CHINng">
            <dst id="ATLA-M5">212.304</dst>
            <dst id="ATLAng">31532.2106666667</dst>
            <dst id="CHINng">81837.1946666666</dst>
            <dst id="DNVRng">20446.1866666667</dst>
            <dst id="HSTNng">13855.4426666667</dst>
            <dst id="IPLSng">63898.608</dst>
            <dst id="KSCYng">8501.12266666666</dst>
            <dst id="LOSAng">48714.1413333333</dst>
            <dst id="NYCMng">10286.584</dst>
            <dst id="SNVAng">1749.31466666667</dst>
            <dst id="STTLng">12494.4426666667</dst>
            <dst id="WASHng">27315.8613333333</dst>
        </src>
        <src id="DNVRng">
            <dst id="ATLA-M5">310.122666666667</dst>
            <dst id="ATLAng">6900.82133333333</dst>
            <dst id="CHINng">44698.5733333333</dst>
            <dst id="DNVRng">22757.984</dst>
            <dst id="HSTNng">24987.472</dst>
            <dst id="IPLSng">36793.768</dst>
            <dst id="KSCYng">18574.3253333333</dst>
            <dst id="LOSAng">15708.6026666667</dst>
            <dst id="NYCMng">14473.7733333333</dst>
            <dst id="SNVAng">18758.3893333333</dst>
            <dst id="STTLng">6377.34666666667</dst>
            <dst id="WASHng">48342.1306666667</dst>
        </src>
        <src id="HSTNng">
            <dst id="ATLA-M5">391.776</dst>
            <dst id="ATLAng">11307.0186666667</dst>
            <dst id="CHINng">10956.592</dst>
            <dst id="DNVRng">2787.64</dst>
            <dst id="HSTNng">12372.784</dst>
            <dst id="IPLSng">2790.61066666667</dst>
            <dst id="KSCYng">2813.896</dst>
            <dst id="LOSAng">3299.11733333333</dst>
            <dst id="NYCMng">14334.8986666667</dst>
            <dst id="SNVAng">616.752</dst>
            <dst id="STTLng">8791.352</dst>
            <dst id="WASHng">6624.52533333333</dst>
        </src>
        <src id="IPLSng">
            <dst id="ATLA-M5">0</dst>
            <dst id="ATLAng">28529.1146666667</dst>
            <dst id="CHINng">54943.7173333333</dst>
            <dst id="DNVRng">30108.904</dst>
            <dst id="HSTNng">3472.29333333333</dst>
            <dst id="IPLSng">12954.864</dst>
            <dst id="KSCYng">8366.25066666667</dst>
            <dst id="LOSAng">31454.0373333333</dst>
            <dst id="NYCMng">27542.096</dst>
            <dst id="SNVAng">10406.896</dst>
            <dst id="STTLng">24583.2426666667</dst>
            <dst id="WASHng">14380.1973333333</dst>
        </src>
        <src id="KSCYng">
            <dst id="ATLA-M5">53.3333333333333</dst>
            <dst id="ATLAng">2144.8</dst>
            <dst id="CHINng">15049.1973333333</dst>
            <dst id="DNVRng">26202.0853333333</dst>
            <dst id="HSTNng">3470.544</dst>
            <dst id="IPLSng">11471.3093333333</dst>
            <dst id="KSCYng">23737.52</dst>
            <dst id="LOSAng">13952.1173333333</dst>
            <dst id="NYCMng">3267.224</dst>
            <dst id="SNVAng">2484.78666666667</dst>
            <dst id="STTLng">8304.30666666667</dst>
            <dst id="WASHng">15014.6613333333</dst>
        </src>
        <src id="LOSAng">
            <dst id="ATLA-M5">430.386666666667</dst>
            <dst id="ATLAng">17792.3493333333</dst>
            <dst id="CHINng">111033.976</dst>
            <dst id="DNVRng">30545.5786666667</dst>
            <dst id="HSTNng">5269.39466666667</dst>
            <dst id="IPLSng">29981.1306666667</dst>
            <dst id="KSCYng">11659.8373333333</dst>
            <dst id="LOSAng">17518.3653333333</dst>
            <dst id="NYCMng">43678.1786666667</dst>
            <dst id="SNVAng">30925.3386666667</dst>
            <dst id="STTLng">21153.44</dst>
            <dst id="WASHng">91697.6133333334</dst>
        </src>
        <src id="NYCMng">
            <dst id="ATLA-M5">1302.688</dst>
            <dst id="ATLAng">40531.0586666666</dst>
            <dst id="CHINng">17832.5626666667</dst>
            <dst id="DNVRng">34890.9333333333</dst>
            <dst id="HSTNng">16988.432</dst>
            <dst id="IPLSng">44352.9893333333</dst>
            <dst id="KSCYng">11035.5893333333</dst>
            <dst id="LOSAng">105796.877333333</dst>
            <dst id="NYCMng">101499.762666667</dst>
            <dst id="SNVAng">8534.93066666667</dst>
            <dst id="STTLng">22651.592</dst>
            <dst id="WASHng">96456.3786666667</dst>
        </src>
        <src id="SNVAng">
            <dst id="ATLA-M5">0</dst>
            <dst id="ATLAng">1190.976</dst>
            <dst id="CHINng">117.786666666667</dst>
            <dst id="DNVRng">2050.37866666667</dst>
            <dst id="HSTNng">136.128</dst>
            <dst id="IPLSng">288.725333333333</dst>
            <dst id="KSCYng">53.3333333333333</dst>
            <dst id="LOSAng">38794.2933333333</dst>
            <dst id="NYCMng">393.784</dst>
            <dst id="SNVAng">9829.63733333333</dst>
            <dst id="STTLng">35751.2186666667</dst>
            <dst id="WASHng">80</dst>
        </src>
        <src id="STTLng">
            <dst id="ATLA-M5">26.6666666666667</dst>
            <dst id="ATLAng">11280.512</dst>
            <dst id="CHINng">24937.0026666667</dst>
            <dst id="DNVRng">5375.30933333333</dst>
            <dst id="HSTNng">4140.64533333333</dst>
            <dst id="IPLSng">13996.6533333333</dst>
            <dst id="KSCYng">6527.65866666667</dst>
            <dst id="LOSAng">35352.72</dst>
            <dst id="NYCMng">14996.8773333333</dst>
            <dst id="SNVAng">5190.68</dst>
            <dst id="STTLng">5453.14933333333</dst>
            <dst id="WASHng">19776.344</dst>
        </src>
        <src id="WASHng">
            <dst id="ATLA-M5">3557.53066666667</dst>
            <dst id="ATLAng">132180.005333333</dst>
            <dst id="CHINng">59829.448</dst>
            <dst id="DNVRng">83934.368</dst>
            <dst id="HSTNng">23325.0746666667</dst>
            <dst id="IPLSng">69745.768</dst>
            <dst id="KSCYng">36751.4293333333</dst>
            <dst id="LOSAng">81723.9066666667</dst>
            <dst id="NYCMng">176866.501333333</dst>
            <dst id="SNVAng">8673.336</dst>
            <dst id="STTLng">41315.8213333333</dst>
            <dst id="WASHng">267668.533333333</dst>
        </src>
    </IntraTM>
</TrafficMatrixFile>
