<?xml version="1.0" encoding="ISO-8859-1" standalone="yes"?>
<TrafficMatrixFile xsi:noNamespaceSchemaLocation="http://totem.run.montefiore.ulg.ac.be/Schema/TrafficMatrix-v1_2.xsd" xmlns:xsi="http://www.w3.org/2001/XMLSchema-instance">
    <IntraTM ASID="11537">
        <src id="ATLA-M5">
            <dst id="ATLA-M5">0</dst>
            <dst id="ATLAng">0</dst>
            <dst id="CHINng">82.2613333333333</dst>
            <dst id="DNVRng">0</dst>
            <dst id="HSTNng">68.5866666666667</dst>
            <dst id="IPLSng">0</dst>
            <dst id="KSCYng">346.976</dst>
            <dst id="LOSAng">141.072</dst>
            <dst id="NYCMng">0</dst>
            <dst id="SNVAng">0</dst>
            <dst id="STTLng">435.714666666667</dst>
            <dst id="WASHng">1730.74133333333</dst>
        </src>
        <src id="ATLAng">
            <dst id="ATLA-M5">26.6666666666667</dst>
            <dst id="ATLAng">31818.3013333333</dst>
            <dst id="CHINng">3559.61066666667</dst>
            <dst id="DNVRng">2781.02666666667</dst>
            <dst id="HSTNng">3743.432</dst>
            <dst id="IPLSng">11790.2906666667</dst>
            <dst id="KSCYng">333.234666666667</dst>
            <dst id="LOSAng">12560.2546666667</dst>
            <dst id="NYCMng">2047.73866666667</dst>
            <dst id="SNVAng">18.8573333333333</dst>
            <dst id="STTLng">7122.32533333333</dst>
            <dst id="WASHng">17759.3333333333</dst>
        </src>
        <src id="CHINng">
            <dst id="ATLA-M5">6003.87733333333</dst>
            <dst id="ATLAng">6119.54666666667</dst>
            <dst id="CHINng">67729.8426666667</dst>
            <dst id="DNVRng">5373.26666666667</dst>
            <dst id="HSTNng">5807.368</dst>
            <dst id="IPLSng">39108.712</dst>
            <dst id="KSCYng">4609.71733333333</dst>
            <dst id="LOSAng">45622.8986666667</dst>
            <dst id="NYCMng">16129.032</dst>
            <dst id="SNVAng">3774.968</dst>
            <dst id="STTLng">7081.816</dst>
            <dst id="WASHng">15639.9706666667</dst>
        </src>
        <src id="DNVRng">
            <dst id="ATLA-M5">110.029333333333</dst>
            <dst id="ATLAng">12857.7333333333</dst>
            <dst id="CHINng">60186.2106666667</dst>
            <dst id="DNVRng">22820.888</dst>
            <dst id="HSTNng">16756.696</dst>
            <dst id="IPLSng">27340.2</dst>
            <dst id="KSCYng">33205.992</dst>
            <dst id="LOSAng">8519.87733333333</dst>
            <dst id="NYCMng">18809.5413333333</dst>
            <dst id="SNVAng">8324.60266666667</dst>
            <dst id="STTLng">15091.6373333333</dst>
            <dst id="WASHng">31880.2373333333</dst>
        </src>
        <src id="HSTNng">
            <dst id="ATLA-M5">3375.32</dst>
            <dst id="ATLAng">2655.24266666667</dst>
            <dst id="CHINng">9056.86933333333</dst>
            <dst id="DNVRng">1095.248</dst>
            <dst id="HSTNng">12290.896</dst>
            <dst id="IPLSng">9862.45066666667</dst>
            <dst id="KSCYng">2818.328</dst>
            <dst id="LOSAng">20532.0746666667</dst>
            <dst id="NYCMng">2573.91466666667</dst>
            <dst id="SNVAng">0</dst>
            <dst id="STTLng">891.76</dst>
            <dst id="WASHng">1864.224</dst>
        </src>
        <src id="IPLSng">
            <dst id="ATLA-M5">0</dst>
            <dst id="ATLAng">9233.01333333333</dst>
            <dst id="CHINng">58417.408</dst>
            <dst id="DNVRng">24228.8133333333</dst>
            <dst id="HSTNng">546.392</dst>
            <dst id="IPLSng">11713.4533333333</dst>
            <dst id="KSCYng">2817.48266666667</dst>
            <dst id="LOSAng">25779.7733333333</dst>
            <dst id="NYCMng">21274.6293333333</dst>
            <dst id="SNVAng">828.730666666667</dst>
            <dst id="STTLng">17123.4</dst>
            <dst id="WASHng">8654.856</dst>
        </src>
        <src id="KSCYng">
            <dst id="ATLA-M5">101.928</dst>
            <dst id="ATLAng">1061.648</dst>
            <dst id="CHINng">14379.0773333333</dst>
            <dst id="DNVRng">11162.6533333333</dst>
            <dst id="HSTNng">3312.56533333333</dst>
            <dst id="IPLSng">14497.5893333333</dst>
            <dst id="KSCYng">12093.1413333333</dst>
            <dst id="LOSAng">8765.02933333333</dst>
            <dst id="NYCMng">1812.88</dst>
            <dst id="SNVAng">2196.14133333333</dst>
            <dst id="STTLng">2328.16266666667</dst>
            <dst id="WASHng">7099.952</dst>
        </src>
        <src id="LOSAng">
            <dst id="ATLA-M5">89.5813333333334</dst>
            <dst id="ATLAng">7335.93066666667</dst>
            <dst id="CHINng">98416.9813333333</dst>
            <dst id="DNVRng">27752.3866666667</dst>
            <dst id="HSTNng">5286.97333333333</dst>
            <dst id="IPLSng">11378.2906666667</dst>
            <dst id="KSCYng">3164.544</dst>
            <dst id="LOSAng">20265.6933333333</dst>
            <dst id="NYCMng">32096.4266666667</dst>
            <dst id="SNVAng">19007.856</dst>
            <dst id="STTLng">35415.952</dst>
            <dst id="WASHng">20761.272</dst>
        </src>
        <src id="NYCMng">
            <dst id="ATLA-M5">110.128</dst>
            <dst id="ATLAng">13276.9066666667</dst>
            <dst id="CHINng">14272.8346666667</dst>
            <dst id="DNVRng">27190.0746666667</dst>
            <dst id="HSTNng">10486.384</dst>
            <dst id="IPLSng">22926.12</dst>
            <dst id="KSCYng">5077.18133333333</dst>
            <dst id="LOSAng">76698.0026666667</dst>
            <dst id="NYCMng">87782.8906666667</dst>
            <dst id="SNVAng">1508.13333333333</dst>
            <dst id="STTLng">26222.7413333333</dst>
            <dst id="WASHng">33752.7573333333</dst>
        </src>
        <src id="SNVAng">
            <dst id="ATLA-M5">26.6666666666667</dst>
            <dst id="ATLAng">0</dst>
            <dst id="CHINng">0</dst>
            <dst id="DNVRng">9225.576</dst>
            <dst id="HSTNng">48.3626666666667</dst>
            <dst id="IPLSng">220.250666666667</dst>
            <dst id="KSCYng">0</dst>
            <dst id="LOSAng">36566.5973333333</dst>
            <dst id="NYCMng">242.634666666667</dst>
            <dst id="SNVAng">6988.53333333333</dst>
            <dst id="STTLng">31290.8693333333</dst>
            <dst id="WASHng">26.6666666666667</dst>
        </src>
        <src id="STTLng">
            <dst id="ATLA-M5">327.893333333333</dst>
            <dst id="ATLAng">6625.832</dst>
            <dst id="CHINng">18350.368</dst>
            <dst id="DNVRng">3615</dst>
            <dst id="HSTNng">863.792</dst>
            <dst id="IPLSng">5607.84533333333</dst>
            <dst id="KSCYng">1395.03466666667</dst>
            <dst id="LOSAng">457655.573333333</dst>
            <dst id="NYCMng">12320.9146666667</dst>
            <dst id="SNVAng">3682.14666666667</dst>
            <dst id="STTLng">25760.808</dst>
            <dst id="WASHng">5158.76266666667</dst>
        </src>
        <src id="WASHng">
            <dst id="ATLA-M5">1165.06133333333</dst>
            <dst id="ATLAng">74096.7066666667</dst>
            <dst id="CHINng">90718.9493333333</dst>
            <dst id="DNVRng">63686.432</dst>
            <dst id="HSTNng">19520.448</dst>
            <dst id="IPLSng">75342.1253333333</dst>
            <dst id="KSCYng">20205.0373333333</dst>
            <dst id="LOSAng">63053.3813333333</dst>
            <dst id="NYCMng">178533.184</dst>
            <dst id="SNVAng">2221.47733333333</dst>
            <dst id="STTLng">42945.4133333333</dst>
            <dst id="WASHng">258534.370666667</dst>
        </src>
    </IntraTM>
</TrafficMatrixFile>
