<?xml version="1.0" encoding="ISO-8859-1" standalone="yes"?>
<TrafficMatrixFile xsi:noNamespaceSchemaLocation="http://totem.run.montefiore.ulg.ac.be/Schema/TrafficMatrix-v1_2.xsd" xmlns:xsi="http://www.w3.org/2001/XMLSchema-instance">
    <IntraTM ASID="11537">
        <src id="ATLA-M5">
            <dst id="ATLA-M5">343.813333333333</dst>
            <dst id="ATLAng">1166.83466666667</dst>
            <dst id="CHINng">223.405333333333</dst>
            <dst id="DNVRng">26.6666666666667</dst>
            <dst id="HSTNng">48</dst>
            <dst id="IPLSng">3876.944</dst>
            <dst id="KSCYng">1074.792</dst>
            <dst id="LOSAng">1523.21333333333</dst>
            <dst id="NYCMng">53.3333333333333</dst>
            <dst id="SNVAng">0</dst>
            <dst id="STTLng">234.405333333333</dst>
            <dst id="WASHng">1331.13333333333</dst>
        </src>
        <src id="ATLAng">
            <dst id="ATLA-M5">280.069333333333</dst>
            <dst id="ATLAng">50084.7813333333</dst>
            <dst id="CHINng">10925.5973333333</dst>
            <dst id="DNVRng">3276.01066666667</dst>
            <dst id="HSTNng">8399.16266666667</dst>
            <dst id="IPLSng">15920.0613333333</dst>
            <dst id="KSCYng">3721.712</dst>
            <dst id="LOSAng">13249.548</dst>
            <dst id="NYCMng">26208.9493333333</dst>
            <dst id="SNVAng">512.825333333334</dst>
            <dst id="STTLng">6149.208</dst>
            <dst id="WASHng">60251.5306666667</dst>
        </src>
        <src id="CHINng">
            <dst id="ATLA-M5">640.170666666667</dst>
            <dst id="ATLAng">18550.6213333333</dst>
            <dst id="CHINng">66822.832</dst>
            <dst id="DNVRng">17032.1893333333</dst>
            <dst id="HSTNng">13290.84</dst>
            <dst id="IPLSng">48674.3786666667</dst>
            <dst id="KSCYng">8647.904</dst>
            <dst id="LOSAng">29901.6</dst>
            <dst id="NYCMng">16295.8053333333</dst>
            <dst id="SNVAng">4489.89866666667</dst>
            <dst id="STTLng">6816.704</dst>
            <dst id="WASHng">22139.88</dst>
        </src>
        <src id="DNVRng">
            <dst id="ATLA-M5">362.776</dst>
            <dst id="ATLAng">15156.5413333333</dst>
            <dst id="CHINng">69853.416</dst>
            <dst id="DNVRng">16114.1253333333</dst>
            <dst id="HSTNng">28125.416</dst>
            <dst id="IPLSng">51235.2026666667</dst>
            <dst id="KSCYng">25996.864</dst>
            <dst id="LOSAng">22242.5413333333</dst>
            <dst id="NYCMng">19753.208</dst>
            <dst id="SNVAng">10855.5066666667</dst>
            <dst id="STTLng">11188.4453333333</dst>
            <dst id="WASHng">42326.176</dst>
        </src>
        <src id="HSTNng">
            <dst id="ATLA-M5">452.650666666667</dst>
            <dst id="ATLAng">5275.43466666667</dst>
            <dst id="CHINng">23364.8053333333</dst>
            <dst id="DNVRng">1484.12533333333</dst>
            <dst id="HSTNng">13363.9866666667</dst>
            <dst id="IPLSng">2409.38933333333</dst>
            <dst id="KSCYng">2336.44266666667</dst>
            <dst id="LOSAng">10999.896</dst>
            <dst id="NYCMng">4834.98933333333</dst>
            <dst id="SNVAng">313.128</dst>
            <dst id="STTLng">906.298666666667</dst>
            <dst id="WASHng">4221.28</dst>
        </src>
        <src id="IPLSng">
            <dst id="ATLA-M5">203.858666666667</dst>
            <dst id="ATLAng">28658.0986666667</dst>
            <dst id="CHINng">70188.1173333333</dst>
            <dst id="DNVRng">17403.0613333333</dst>
            <dst id="HSTNng">1646.85333333333</dst>
            <dst id="IPLSng">52786.208</dst>
            <dst id="KSCYng">10873.5013333333</dst>
            <dst id="LOSAng">13656.6586666667</dst>
            <dst id="NYCMng">39856.608</dst>
            <dst id="SNVAng">3465.90933333334</dst>
            <dst id="STTLng">12923.1626666667</dst>
            <dst id="WASHng">29721.912</dst>
        </src>
        <src id="KSCYng">
            <dst id="ATLA-M5">47.7413333333333</dst>
            <dst id="ATLAng">10325.4586666667</dst>
            <dst id="CHINng">36964.552</dst>
            <dst id="DNVRng">11829.632</dst>
            <dst id="HSTNng">5539.98933333333</dst>
            <dst id="IPLSng">22584.52</dst>
            <dst id="KSCYng">8888.24533333333</dst>
            <dst id="LOSAng">4255.22933333333</dst>
            <dst id="NYCMng">1756.26933333333</dst>
            <dst id="SNVAng">2300.97066666667</dst>
            <dst id="STTLng">2982.48533333333</dst>
            <dst id="WASHng">11150.6346666667</dst>
        </src>
        <src id="LOSAng">
            <dst id="ATLA-M5">199.474666666667</dst>
            <dst id="ATLAng">15362.9493333333</dst>
            <dst id="CHINng">135275.592</dst>
            <dst id="DNVRng">25525.5173333333</dst>
            <dst id="HSTNng">6454.97066666667</dst>
            <dst id="IPLSng">35676.7146666667</dst>
            <dst id="KSCYng">7286.48</dst>
            <dst id="LOSAng">15092.0293333333</dst>
            <dst id="NYCMng">37494.9306666667</dst>
            <dst id="SNVAng">27267.888</dst>
            <dst id="STTLng">19037.64</dst>
            <dst id="WASHng">44111.16</dst>
        </src>
        <src id="NYCMng">
            <dst id="ATLA-M5">455.218666666667</dst>
            <dst id="ATLAng">37787.4026666667</dst>
            <dst id="CHINng">27650.2986666667</dst>
            <dst id="DNVRng">33676.7386666667</dst>
            <dst id="HSTNng">16122.3173333333</dst>
            <dst id="IPLSng">46846.136</dst>
            <dst id="KSCYng">15181.7466666667</dst>
            <dst id="LOSAng">82852.36</dst>
            <dst id="NYCMng">135187.394666667</dst>
            <dst id="SNVAng">1645.27466666667</dst>
            <dst id="STTLng">24184.5946666667</dst>
            <dst id="WASHng">84618.4986666667</dst>
        </src>
        <src id="SNVAng">
            <dst id="ATLA-M5">0</dst>
            <dst id="ATLAng">80</dst>
            <dst id="CHINng">208.466666666667</dst>
            <dst id="DNVRng">5276.26933333333</dst>
            <dst id="HSTNng">86.1626666666667</dst>
            <dst id="IPLSng">2758.53866666667</dst>
            <dst id="KSCYng">80</dst>
            <dst id="LOSAng">27122.3733333333</dst>
            <dst id="NYCMng">577.16</dst>
            <dst id="SNVAng">10925.8773333333</dst>
            <dst id="STTLng">22837.752</dst>
            <dst id="WASHng">141.8</dst>
        </src>
        <src id="STTLng">
            <dst id="ATLA-M5">215.112</dst>
            <dst id="ATLAng">14774.52</dst>
            <dst id="CHINng">39086.024</dst>
            <dst id="DNVRng">3103.77066666667</dst>
            <dst id="HSTNng">3923.88</dst>
            <dst id="IPLSng">11819.304</dst>
            <dst id="KSCYng">11720.984</dst>
            <dst id="LOSAng">16035.84</dst>
            <dst id="NYCMng">17004.8266666667</dst>
            <dst id="SNVAng">4556.648</dst>
            <dst id="STTLng">5960.168</dst>
            <dst id="WASHng">30238.256</dst>
        </src>
        <src id="WASHng">
            <dst id="ATLA-M5">1392.05333333333</dst>
            <dst id="ATLAng">148973.448</dst>
            <dst id="CHINng">45716.3573333333</dst>
            <dst id="DNVRng">57220.3893333333</dst>
            <dst id="HSTNng">19294.2506666667</dst>
            <dst id="IPLSng">78223.3653333333</dst>
            <dst id="KSCYng">22853.9146666667</dst>
            <dst id="LOSAng">54642.7626666667</dst>
            <dst id="NYCMng">208640.306666667</dst>
            <dst id="SNVAng">12639.1066666667</dst>
            <dst id="STTLng">36350.376</dst>
            <dst id="WASHng">357354.026666667</dst>
        </src>
    </IntraTM>
</TrafficMatrixFile>
