<?xml version="1.0" encoding="ISO-8859-1" standalone="yes"?>
<TrafficMatrixFile xsi:noNamespaceSchemaLocation="http://totem.run.montefiore.ulg.ac.be/Schema/TrafficMatrix-v1_2.xsd" xmlns:xsi="http://www.w3.org/2001/XMLSchema-instance">
    <IntraTM ASID="11537">
        <src id="ATLA-M5">
            <dst id="ATLA-M5">78.776</dst>
            <dst id="ATLAng">1321.14933333333</dst>
            <dst id="CHINng">199.421333333333</dst>
            <dst id="DNVRng">53.3333333333333</dst>
            <dst id="HSTNng">166.381333333333</dst>
            <dst id="IPLSng">1591.864</dst>
            <dst id="KSCYng">0</dst>
            <dst id="LOSAng">117.877333333333</dst>
            <dst id="NYCMng">26.6666666666667</dst>
            <dst id="SNVAng">0</dst>
            <dst id="STTLng">32.4586666666667</dst>
            <dst id="WASHng">1417.56533333333</dst>
        </src>
        <src id="ATLAng">
            <dst id="ATLA-M5">2875.21066666667</dst>
            <dst id="ATLAng">39525.12</dst>
            <dst id="CHINng">10898.928</dst>
            <dst id="DNVRng">2932.05066666667</dst>
            <dst id="HSTNng">6397.856</dst>
            <dst id="IPLSng">32824.544</dst>
            <dst id="KSCYng">3824.56</dst>
            <dst id="LOSAng">6107.112</dst>
            <dst id="NYCMng">9348.81866666666</dst>
            <dst id="SNVAng">1252.13866666667</dst>
            <dst id="STTLng">10893.0986666667</dst>
            <dst id="WASHng">67354.08</dst>
        </src>
        <src id="CHINng">
            <dst id="ATLA-M5">839.8</dst>
            <dst id="ATLAng">22031.792</dst>
            <dst id="CHINng">71772.2666666667</dst>
            <dst id="DNVRng">5944.224</dst>
            <dst id="HSTNng">12426.4026666667</dst>
            <dst id="IPLSng">34211.768</dst>
            <dst id="KSCYng">16400.7093333333</dst>
            <dst id="LOSAng">36269.1653333333</dst>
            <dst id="NYCMng">14197.1226666667</dst>
            <dst id="SNVAng">5505.048</dst>
            <dst id="STTLng">7203.184</dst>
            <dst id="WASHng">24434.5706666667</dst>
        </src>
        <src id="DNVRng">
            <dst id="ATLA-M5">290.048</dst>
            <dst id="ATLAng">7080.168</dst>
            <dst id="CHINng">64409.232</dst>
            <dst id="DNVRng">14199.8533333333</dst>
            <dst id="HSTNng">21189.4053333333</dst>
            <dst id="IPLSng">36190.5733333333</dst>
            <dst id="KSCYng">28822.856</dst>
            <dst id="LOSAng">12167.2506666667</dst>
            <dst id="NYCMng">9098.62933333334</dst>
            <dst id="SNVAng">23609.0453333333</dst>
            <dst id="STTLng">9539.216</dst>
            <dst id="WASHng">42367.5013333333</dst>
        </src>
        <src id="HSTNng">
            <dst id="ATLA-M5">323.498666666667</dst>
            <dst id="ATLAng">6244.51733333333</dst>
            <dst id="CHINng">11604.7946666667</dst>
            <dst id="DNVRng">2205.81333333333</dst>
            <dst id="HSTNng">17265.6266666667</dst>
            <dst id="IPLSng">3586.93066666667</dst>
            <dst id="KSCYng">2772.304</dst>
            <dst id="LOSAng">11053.6613333333</dst>
            <dst id="NYCMng">4897.42133333333</dst>
            <dst id="SNVAng">57.3066666666667</dst>
            <dst id="STTLng">9793.40266666667</dst>
            <dst id="WASHng">5056.104</dst>
        </src>
        <src id="IPLSng">
            <dst id="ATLA-M5">309.538666666667</dst>
            <dst id="ATLAng">20942.128</dst>
            <dst id="CHINng">79464.848</dst>
            <dst id="DNVRng">20533.5066666667</dst>
            <dst id="HSTNng">3468.992</dst>
            <dst id="IPLSng">19849.9173333333</dst>
            <dst id="KSCYng">4904.912</dst>
            <dst id="LOSAng">21859.2133333333</dst>
            <dst id="NYCMng">23275.344</dst>
            <dst id="SNVAng">1071.59733333333</dst>
            <dst id="STTLng">8892.14133333333</dst>
            <dst id="WASHng">19594.8026666667</dst>
        </src>
        <src id="KSCYng">
            <dst id="ATLA-M5">0</dst>
            <dst id="ATLAng">3352.12533333333</dst>
            <dst id="CHINng">21940.7386666667</dst>
            <dst id="DNVRng">11281.352</dst>
            <dst id="HSTNng">7075.26666666667</dst>
            <dst id="IPLSng">22700.9946666667</dst>
            <dst id="KSCYng">12556.832</dst>
            <dst id="LOSAng">6750.96533333333</dst>
            <dst id="NYCMng">2061.568</dst>
            <dst id="SNVAng">2631.45333333333</dst>
            <dst id="STTLng">3553.12533333333</dst>
            <dst id="WASHng">18824.784</dst>
        </src>
        <src id="LOSAng">
            <dst id="ATLA-M5">829.402666666667</dst>
            <dst id="ATLAng">15156.3093333333</dst>
            <dst id="CHINng">142378.277333333</dst>
            <dst id="DNVRng">22802.4986666667</dst>
            <dst id="HSTNng">9496.14666666667</dst>
            <dst id="IPLSng">26099.9146666667</dst>
            <dst id="KSCYng">9849.008</dst>
            <dst id="LOSAng">17094.4906666667</dst>
            <dst id="NYCMng">39704.2453333333</dst>
            <dst id="SNVAng">13917.5253333333</dst>
            <dst id="STTLng">27148.3626666667</dst>
            <dst id="WASHng">45521.48</dst>
        </src>
        <src id="NYCMng">
            <dst id="ATLA-M5">659.349333333333</dst>
            <dst id="ATLAng">43412.0533333333</dst>
            <dst id="CHINng">36620.3626666667</dst>
            <dst id="DNVRng">30237.7413333333</dst>
            <dst id="HSTNng">11546.1173333333</dst>
            <dst id="IPLSng">40644.8373333333</dst>
            <dst id="KSCYng">14971.2213333333</dst>
            <dst id="LOSAng">87201.92</dst>
            <dst id="NYCMng">114404.832</dst>
            <dst id="SNVAng">5662.296</dst>
            <dst id="STTLng">15717.1866666667</dst>
            <dst id="WASHng">83036.0053333333</dst>
        </src>
        <src id="SNVAng">
            <dst id="ATLA-M5">0</dst>
            <dst id="ATLAng">329.570666666667</dst>
            <dst id="CHINng">191.370666666667</dst>
            <dst id="DNVRng">1529.92</dst>
            <dst id="HSTNng">205.602666666667</dst>
            <dst id="IPLSng">7363.10933333333</dst>
            <dst id="KSCYng">119.421333333333</dst>
            <dst id="LOSAng">27956.6106666667</dst>
            <dst id="NYCMng">408.448</dst>
            <dst id="SNVAng">6017.54666666667</dst>
            <dst id="STTLng">21745.3306666667</dst>
            <dst id="WASHng">133.901333333333</dst>
        </src>
        <src id="STTLng">
            <dst id="ATLA-M5">286.768</dst>
            <dst id="ATLAng">10714.1573333333</dst>
            <dst id="CHINng">26650.2213333333</dst>
            <dst id="DNVRng">7219.33066666667</dst>
            <dst id="HSTNng">3449.34933333333</dst>
            <dst id="IPLSng">12095.1173333333</dst>
            <dst id="KSCYng">5899.77866666667</dst>
            <dst id="LOSAng">17992.976</dst>
            <dst id="NYCMng">13414.6026666667</dst>
            <dst id="SNVAng">7321.28533333333</dst>
            <dst id="STTLng">9527.616</dst>
            <dst id="WASHng">21941.1866666667</dst>
        </src>
        <src id="WASHng">
            <dst id="ATLA-M5">443.189333333333</dst>
            <dst id="ATLAng">144733.229333333</dst>
            <dst id="CHINng">63547.032</dst>
            <dst id="DNVRng">71266.3866666667</dst>
            <dst id="HSTNng">23639.744</dst>
            <dst id="IPLSng">87361.2453333334</dst>
            <dst id="KSCYng">23252.6746666667</dst>
            <dst id="LOSAng">79400.5733333333</dst>
            <dst id="NYCMng">170786.122666667</dst>
            <dst id="SNVAng">2629.968</dst>
            <dst id="STTLng">31187.744</dst>
            <dst id="WASHng">310127.066666667</dst>
        </src>
    </IntraTM>
</TrafficMatrixFile>
