<?xml version="1.0" encoding="ISO-8859-1" standalone="yes"?>
<TrafficMatrixFile xsi:noNamespaceSchemaLocation="http://totem.run.montefiore.ulg.ac.be/Schema/TrafficMatrix-v1_2.xsd" xmlns:xsi="http://www.w3.org/2001/XMLSchema-instance">
    <IntraTM ASID="11537">
        <src id="ATLA-M5">
            <dst id="ATLA-M5">36.9226666666667</dst>
            <dst id="ATLAng">80</dst>
            <dst id="CHINng">163.885333333333</dst>
            <dst id="DNVRng">35.8186666666667</dst>
            <dst id="HSTNng">53.3333333333333</dst>
            <dst id="IPLSng">87.1786666666667</dst>
            <dst id="KSCYng">26.6666666666667</dst>
            <dst id="LOSAng">128.096</dst>
            <dst id="NYCMng">80</dst>
            <dst id="SNVAng">0</dst>
            <dst id="STTLng">80</dst>
            <dst id="WASHng">830.741333333333</dst>
        </src>
        <src id="ATLAng">
            <dst id="ATLA-M5">228.008</dst>
            <dst id="ATLAng">10040.1333333333</dst>
            <dst id="CHINng">7936.27466666667</dst>
            <dst id="DNVRng">9576.712</dst>
            <dst id="HSTNng">11452.7573333333</dst>
            <dst id="IPLSng">27039.6213333333</dst>
            <dst id="KSCYng">1930.46933333333</dst>
            <dst id="LOSAng">5942.22133333333</dst>
            <dst id="NYCMng">13009.2346666667</dst>
            <dst id="SNVAng">1227.61866666667</dst>
            <dst id="STTLng">12384.8853333333</dst>
            <dst id="WASHng">56026.176</dst>
        </src>
        <src id="CHINng">
            <dst id="ATLA-M5">238.744</dst>
            <dst id="ATLAng">30482.8426666667</dst>
            <dst id="CHINng">79143.5573333333</dst>
            <dst id="DNVRng">9796.61333333333</dst>
            <dst id="HSTNng">12252.856</dst>
            <dst id="IPLSng">50917.3946666667</dst>
            <dst id="KSCYng">9253.94133333333</dst>
            <dst id="LOSAng">46010.7493333333</dst>
            <dst id="NYCMng">10198.0186666667</dst>
            <dst id="SNVAng">1637.23466666667</dst>
            <dst id="STTLng">12352.584</dst>
            <dst id="WASHng">18908.4666666667</dst>
        </src>
        <src id="DNVRng">
            <dst id="ATLA-M5">239.893333333333</dst>
            <dst id="ATLAng">11608.512</dst>
            <dst id="CHINng">44368.896</dst>
            <dst id="DNVRng">18672.4533333333</dst>
            <dst id="HSTNng">21552.76</dst>
            <dst id="IPLSng">34578.1493333333</dst>
            <dst id="KSCYng">13116.056</dst>
            <dst id="LOSAng">14432.6</dst>
            <dst id="NYCMng">14809.032</dst>
            <dst id="SNVAng">9362.45333333333</dst>
            <dst id="STTLng">4414.336</dst>
            <dst id="WASHng">46231.9093333333</dst>
        </src>
        <src id="HSTNng">
            <dst id="ATLA-M5">1542.60266666667</dst>
            <dst id="ATLAng">13309.5253333333</dst>
            <dst id="CHINng">9447.56266666667</dst>
            <dst id="DNVRng">1463.57866666667</dst>
            <dst id="HSTNng">13588.5333333333</dst>
            <dst id="IPLSng">3225.62933333333</dst>
            <dst id="KSCYng">2540.52533333333</dst>
            <dst id="LOSAng">10654.896</dst>
            <dst id="NYCMng">14148.464</dst>
            <dst id="SNVAng">287.613333333333</dst>
            <dst id="STTLng">8098.13866666667</dst>
            <dst id="WASHng">11276.0746666667</dst>
        </src>
        <src id="IPLSng">
            <dst id="ATLA-M5">26.6666666666667</dst>
            <dst id="ATLAng">31402.9706666667</dst>
            <dst id="CHINng">54504.8213333333</dst>
            <dst id="DNVRng">33272.3786666667</dst>
            <dst id="HSTNng">3053.984</dst>
            <dst id="IPLSng">15793.5946666667</dst>
            <dst id="KSCYng">7898.74666666667</dst>
            <dst id="LOSAng">34386.0453333333</dst>
            <dst id="NYCMng">25229.296</dst>
            <dst id="SNVAng">6564.32266666667</dst>
            <dst id="STTLng">25019.3813333333</dst>
            <dst id="WASHng">13370.7386666667</dst>
        </src>
        <src id="KSCYng">
            <dst id="ATLA-M5">53.3333333333333</dst>
            <dst id="ATLAng">2009.46666666667</dst>
            <dst id="CHINng">16306.6586666667</dst>
            <dst id="DNVRng">15181.496</dst>
            <dst id="HSTNng">2903.61866666667</dst>
            <dst id="IPLSng">12029.8986666667</dst>
            <dst id="KSCYng">5458.344</dst>
            <dst id="LOSAng">8270.752</dst>
            <dst id="NYCMng">3103.21066666667</dst>
            <dst id="SNVAng">2478.01866666667</dst>
            <dst id="STTLng">7177.74933333333</dst>
            <dst id="WASHng">13430.7813333333</dst>
        </src>
        <src id="LOSAng">
            <dst id="ATLA-M5">459.074666666667</dst>
            <dst id="ATLAng">16786.0533333333</dst>
            <dst id="CHINng">110119.594666667</dst>
            <dst id="DNVRng">31197.392</dst>
            <dst id="HSTNng">7563.688</dst>
            <dst id="IPLSng">25939.4586666667</dst>
            <dst id="KSCYng">11652.648</dst>
            <dst id="LOSAng">21456.2533333333</dst>
            <dst id="NYCMng">40027.568</dst>
            <dst id="SNVAng">34271.6773333333</dst>
            <dst id="STTLng">21275.4293333333</dst>
            <dst id="WASHng">50472.088</dst>
        </src>
        <src id="NYCMng">
            <dst id="ATLA-M5">1167.112</dst>
            <dst id="ATLAng">36470.968</dst>
            <dst id="CHINng">18414.928</dst>
            <dst id="DNVRng">33683.0533333333</dst>
            <dst id="HSTNng">17939.9413333333</dst>
            <dst id="IPLSng">44058.152</dst>
            <dst id="KSCYng">12203.7413333333</dst>
            <dst id="LOSAng">103172.477333333</dst>
            <dst id="NYCMng">93322.016</dst>
            <dst id="SNVAng">8919.99466666667</dst>
            <dst id="STTLng">20409.4906666667</dst>
            <dst id="WASHng">92156.736</dst>
        </src>
        <src id="SNVAng">
            <dst id="ATLA-M5">0</dst>
            <dst id="ATLAng">1775.168</dst>
            <dst id="CHINng">53.3333333333333</dst>
            <dst id="DNVRng">2192.912</dst>
            <dst id="HSTNng">56</dst>
            <dst id="IPLSng">346.701333333333</dst>
            <dst id="KSCYng">53.3333333333333</dst>
            <dst id="LOSAng">35447.552</dst>
            <dst id="NYCMng">343.277333333333</dst>
            <dst id="SNVAng">7730.72266666667</dst>
            <dst id="STTLng">30154.392</dst>
            <dst id="WASHng">106.666666666667</dst>
        </src>
        <src id="STTLng">
            <dst id="ATLA-M5">106.288</dst>
            <dst id="ATLAng">12087.5626666667</dst>
            <dst id="CHINng">21826.3786666667</dst>
            <dst id="DNVRng">4623.14133333333</dst>
            <dst id="HSTNng">3814.992</dst>
            <dst id="IPLSng">16628.0693333333</dst>
            <dst id="KSCYng">6546.472</dst>
            <dst id="LOSAng">34885.4186666667</dst>
            <dst id="NYCMng">14753.5093333333</dst>
            <dst id="SNVAng">4201.22133333333</dst>
            <dst id="STTLng">3084.75466666667</dst>
            <dst id="WASHng">22799.1973333333</dst>
        </src>
        <src id="WASHng">
            <dst id="ATLA-M5">2478.016</dst>
            <dst id="ATLAng">142289.776</dst>
            <dst id="CHINng">44748.208</dst>
            <dst id="DNVRng">84762.096</dst>
            <dst id="HSTNng">27205.0826666667</dst>
            <dst id="IPLSng">53090.9653333333</dst>
            <dst id="KSCYng">29137.7226666667</dst>
            <dst id="LOSAng">75252.3093333333</dst>
            <dst id="NYCMng">150789.621333333</dst>
            <dst id="SNVAng">8734.03466666667</dst>
            <dst id="STTLng">46291.36</dst>
            <dst id="WASHng">290307.04</dst>
        </src>
    </IntraTM>
</TrafficMatrixFile>
