<?xml version="1.0" encoding="ISO-8859-1" standalone="yes"?>
<TrafficMatrixFile xsi:noNamespaceSchemaLocation="http://totem.run.montefiore.ulg.ac.be/Schema/TrafficMatrix-v1_2.xsd" xmlns:xsi="http://www.w3.org/2001/XMLSchema-instance">
    <IntraTM ASID="11537">
        <src id="ATLA-M5">
            <dst id="ATLA-M5">0</dst>
            <dst id="ATLAng">124</dst>
            <dst id="CHINng">0</dst>
            <dst id="DNVRng">0</dst>
            <dst id="HSTNng">119.672</dst>
            <dst id="IPLSng">53.3333333333333</dst>
            <dst id="KSCYng">26.6666666666667</dst>
            <dst id="LOSAng">191.269333333333</dst>
            <dst id="NYCMng">396.642666666667</dst>
            <dst id="SNVAng">0</dst>
            <dst id="STTLng">26.6666666666667</dst>
            <dst id="WASHng">2027.648</dst>
        </src>
        <src id="ATLAng">
            <dst id="ATLA-M5">213.224</dst>
            <dst id="ATLAng">22061.32</dst>
            <dst id="CHINng">13809.4373333333</dst>
            <dst id="DNVRng">3592.96</dst>
            <dst id="HSTNng">1166.88266666667</dst>
            <dst id="IPLSng">14189.5813333333</dst>
            <dst id="KSCYng">1013.63466666667</dst>
            <dst id="LOSAng">11639.3706666667</dst>
            <dst id="NYCMng">10053.128</dst>
            <dst id="SNVAng">1219.78133333333</dst>
            <dst id="STTLng">6514.616</dst>
            <dst id="WASHng">60760.0373333333</dst>
        </src>
        <src id="CHINng">
            <dst id="ATLA-M5">175.472</dst>
            <dst id="ATLAng">10798.0346666667</dst>
            <dst id="CHINng">112522.122666667</dst>
            <dst id="DNVRng">12058.88</dst>
            <dst id="HSTNng">3356.20266666667</dst>
            <dst id="IPLSng">37576.312</dst>
            <dst id="KSCYng">2994.39733333333</dst>
            <dst id="LOSAng">31523.0106666667</dst>
            <dst id="NYCMng">15184.6293333333</dst>
            <dst id="SNVAng">1890.496</dst>
            <dst id="STTLng">5348.23733333333</dst>
            <dst id="WASHng">30585.7946666667</dst>
        </src>
        <src id="DNVRng">
            <dst id="ATLA-M5">124.906666666667</dst>
            <dst id="ATLAng">10522.688</dst>
            <dst id="CHINng">70159.0773333333</dst>
            <dst id="DNVRng">5477.53066666667</dst>
            <dst id="HSTNng">10285.496</dst>
            <dst id="IPLSng">36008.1386666667</dst>
            <dst id="KSCYng">8462.49066666667</dst>
            <dst id="LOSAng">7625.57333333333</dst>
            <dst id="NYCMng">15866.584</dst>
            <dst id="SNVAng">3274.02933333333</dst>
            <dst id="STTLng">3314.68</dst>
            <dst id="WASHng">45675.1493333333</dst>
        </src>
        <src id="HSTNng">
            <dst id="ATLA-M5">3129.48266666667</dst>
            <dst id="ATLAng">2716.98933333333</dst>
            <dst id="CHINng">17127.7466666667</dst>
            <dst id="DNVRng">731.661333333333</dst>
            <dst id="HSTNng">12080.0506666667</dst>
            <dst id="IPLSng">3230.23733333333</dst>
            <dst id="KSCYng">1051.64266666667</dst>
            <dst id="LOSAng">7660.23733333333</dst>
            <dst id="NYCMng">3395.88</dst>
            <dst id="SNVAng">63.288</dst>
            <dst id="STTLng">268.037333333333</dst>
            <dst id="WASHng">3812.824</dst>
        </src>
        <src id="IPLSng">
            <dst id="ATLA-M5">53.3333333333333</dst>
            <dst id="ATLAng">30722.9146666667</dst>
            <dst id="CHINng">75909.6506666667</dst>
            <dst id="DNVRng">10859.096</dst>
            <dst id="HSTNng">5455.72</dst>
            <dst id="IPLSng">20743.2</dst>
            <dst id="KSCYng">13659.944</dst>
            <dst id="LOSAng">24522.896</dst>
            <dst id="NYCMng">27904.5226666667</dst>
            <dst id="SNVAng">2046.528</dst>
            <dst id="STTLng">10386.512</dst>
            <dst id="WASHng">17070.2373333333</dst>
        </src>
        <src id="KSCYng">
            <dst id="ATLA-M5">0</dst>
            <dst id="ATLAng">2888.288</dst>
            <dst id="CHINng">17052.1093333333</dst>
            <dst id="DNVRng">7407.08</dst>
            <dst id="HSTNng">2170.61866666667</dst>
            <dst id="IPLSng">5866.688</dst>
            <dst id="KSCYng">4909.06933333333</dst>
            <dst id="LOSAng">3924.96</dst>
            <dst id="NYCMng">2771.78933333333</dst>
            <dst id="SNVAng">9265.41866666667</dst>
            <dst id="STTLng">2483.50933333333</dst>
            <dst id="WASHng">15547.0186666667</dst>
        </src>
        <src id="LOSAng">
            <dst id="ATLA-M5">332.581333333333</dst>
            <dst id="ATLAng">10470.5173333333</dst>
            <dst id="CHINng">132110.272</dst>
            <dst id="DNVRng">20914.2826666667</dst>
            <dst id="HSTNng">3961.53066666667</dst>
            <dst id="IPLSng">25406.1973333333</dst>
            <dst id="KSCYng">2265.048</dst>
            <dst id="LOSAng">12090.7626666667</dst>
            <dst id="NYCMng">39401.4586666667</dst>
            <dst id="SNVAng">12400.544</dst>
            <dst id="STTLng">22336.4453333333</dst>
            <dst id="WASHng">27485.8586666667</dst>
        </src>
        <src id="NYCMng">
            <dst id="ATLA-M5">577.309333333333</dst>
            <dst id="ATLAng">22654.736</dst>
            <dst id="CHINng">14749.32</dst>
            <dst id="DNVRng">26883.8506666667</dst>
            <dst id="HSTNng">3411.60533333333</dst>
            <dst id="IPLSng">19506.0746666667</dst>
            <dst id="KSCYng">4273.928</dst>
            <dst id="LOSAng">75298.5226666667</dst>
            <dst id="NYCMng">104791.994666667</dst>
            <dst id="SNVAng">1096.97333333333</dst>
            <dst id="STTLng">20131.8613333333</dst>
            <dst id="WASHng">39230.1546666667</dst>
        </src>
        <src id="SNVAng">
            <dst id="ATLA-M5">0</dst>
            <dst id="ATLAng">80</dst>
            <dst id="CHINng">406.674666666667</dst>
            <dst id="DNVRng">3727.16266666667</dst>
            <dst id="HSTNng">27.8613333333333</dst>
            <dst id="IPLSng">264.88</dst>
            <dst id="KSCYng">53.3333333333333</dst>
            <dst id="LOSAng">31831.8853333333</dst>
            <dst id="NYCMng">8400.45866666667</dst>
            <dst id="SNVAng">3852.76</dst>
            <dst id="STTLng">29688.384</dst>
            <dst id="WASHng">523.149333333334</dst>
        </src>
        <src id="STTLng">
            <dst id="ATLA-M5">0</dst>
            <dst id="ATLAng">12790.2053333333</dst>
            <dst id="CHINng">31719.2586666667</dst>
            <dst id="DNVRng">1298.46933333333</dst>
            <dst id="HSTNng">1278.41066666667</dst>
            <dst id="IPLSng">4890.112</dst>
            <dst id="KSCYng">2866.06666666667</dst>
            <dst id="LOSAng">13801.728</dst>
            <dst id="NYCMng">13084.4533333333</dst>
            <dst id="SNVAng">1870.41333333333</dst>
            <dst id="STTLng">909.557333333333</dst>
            <dst id="WASHng">11085.024</dst>
        </src>
        <src id="WASHng">
            <dst id="ATLA-M5">1114.496</dst>
            <dst id="ATLAng">125041.842666667</dst>
            <dst id="CHINng">65116.2533333333</dst>
            <dst id="DNVRng">42634.384</dst>
            <dst id="HSTNng">22383.8746666667</dst>
            <dst id="IPLSng">52517.4053333333</dst>
            <dst id="KSCYng">16306.3173333333</dst>
            <dst id="LOSAng">63405.0586666667</dst>
            <dst id="NYCMng">137157.84</dst>
            <dst id="SNVAng">5225.52266666667</dst>
            <dst id="STTLng">36975.0746666667</dst>
            <dst id="WASHng">365944.906666667</dst>
        </src>
    </IntraTM>
</TrafficMatrixFile>
