<?xml version="1.0" encoding="ISO-8859-1" standalone="yes"?>
<TrafficMatrixFile xsi:noNamespaceSchemaLocation="http://totem.run.montefiore.ulg.ac.be/Schema/TrafficMatrix-v1_2.xsd" xmlns:xsi="http://www.w3.org/2001/XMLSchema-instance">
    <IntraTM ASID="11537">
        <src id="ATLA-M5">
            <dst id="ATLA-M5">864.826666666666</dst>
            <dst id="ATLAng">26.6666666666667</dst>
            <dst id="CHINng">54.4773333333333</dst>
            <dst id="DNVRng">0</dst>
            <dst id="HSTNng">87.848</dst>
            <dst id="IPLSng">863.392</dst>
            <dst id="KSCYng">0</dst>
            <dst id="LOSAng">504.781333333333</dst>
            <dst id="NYCMng">0</dst>
            <dst id="SNVAng">0</dst>
            <dst id="STTLng">26.6666666666667</dst>
            <dst id="WASHng">2739.648</dst>
        </src>
        <src id="ATLAng">
            <dst id="ATLA-M5">371.338666666667</dst>
            <dst id="ATLAng">5703.08533333333</dst>
            <dst id="CHINng">3815.528</dst>
            <dst id="DNVRng">3419.544</dst>
            <dst id="HSTNng">470.218666666667</dst>
            <dst id="IPLSng">29111.1813333333</dst>
            <dst id="KSCYng">303.136</dst>
            <dst id="LOSAng">5811.18133333333</dst>
            <dst id="NYCMng">6468.032</dst>
            <dst id="SNVAng">65.9093333333333</dst>
            <dst id="STTLng">9526.04</dst>
            <dst id="WASHng">35170.824</dst>
        </src>
        <src id="CHINng">
            <dst id="ATLA-M5">37.8666666666667</dst>
            <dst id="ATLAng">6346.80533333333</dst>
            <dst id="CHINng">51925.128</dst>
            <dst id="DNVRng">8129.55466666667</dst>
            <dst id="HSTNng">6275.76533333333</dst>
            <dst id="IPLSng">92485.4</dst>
            <dst id="KSCYng">3847.896</dst>
            <dst id="LOSAng">32178.6746666667</dst>
            <dst id="NYCMng">9777.81866666666</dst>
            <dst id="SNVAng">287.536</dst>
            <dst id="STTLng">6788.56</dst>
            <dst id="WASHng">17825.1626666667</dst>
        </src>
        <src id="DNVRng">
            <dst id="ATLA-M5">138.138666666667</dst>
            <dst id="ATLAng">3447.904</dst>
            <dst id="CHINng">68163.784</dst>
            <dst id="DNVRng">13986.6346666667</dst>
            <dst id="HSTNng">17523.336</dst>
            <dst id="IPLSng">35206.1146666667</dst>
            <dst id="KSCYng">32111.112</dst>
            <dst id="LOSAng">29971.0053333333</dst>
            <dst id="NYCMng">21471.6373333333</dst>
            <dst id="SNVAng">17466.8853333333</dst>
            <dst id="STTLng">16898.4586666667</dst>
            <dst id="WASHng">30603.12</dst>
        </src>
        <src id="HSTNng">
            <dst id="ATLA-M5">3460.184</dst>
            <dst id="ATLAng">1494.432</dst>
            <dst id="CHINng">12680.936</dst>
            <dst id="DNVRng">710.301333333333</dst>
            <dst id="HSTNng">16863.7466666667</dst>
            <dst id="IPLSng">6322.02933333333</dst>
            <dst id="KSCYng">508.674666666666</dst>
            <dst id="LOSAng">4135.216</dst>
            <dst id="NYCMng">5343.032</dst>
            <dst id="SNVAng">0</dst>
            <dst id="STTLng">686.629333333334</dst>
            <dst id="WASHng">1178.00266666667</dst>
        </src>
        <src id="IPLSng">
            <dst id="ATLA-M5">0</dst>
            <dst id="ATLAng">11764.888</dst>
            <dst id="CHINng">70217.2533333333</dst>
            <dst id="DNVRng">10308.792</dst>
            <dst id="HSTNng">2626.58666666667</dst>
            <dst id="IPLSng">10014.5866666667</dst>
            <dst id="KSCYng">3981.08266666667</dst>
            <dst id="LOSAng">10701.7413333333</dst>
            <dst id="NYCMng">15774.1253333333</dst>
            <dst id="SNVAng">400.928</dst>
            <dst id="STTLng">7481.58933333333</dst>
            <dst id="WASHng">10287.0986666667</dst>
        </src>
        <src id="KSCYng">
            <dst id="ATLA-M5">83.9893333333333</dst>
            <dst id="ATLAng">817.826666666667</dst>
            <dst id="CHINng">18200.04</dst>
            <dst id="DNVRng">12989.264</dst>
            <dst id="HSTNng">3140.25866666667</dst>
            <dst id="IPLSng">17509.3173333333</dst>
            <dst id="KSCYng">11150.672</dst>
            <dst id="LOSAng">5323.06133333333</dst>
            <dst id="NYCMng">3171.82666666667</dst>
            <dst id="SNVAng">2237.35733333333</dst>
            <dst id="STTLng">9605.90666666667</dst>
            <dst id="WASHng">5571.592</dst>
        </src>
        <src id="LOSAng">
            <dst id="ATLA-M5">505.794666666667</dst>
            <dst id="ATLAng">7434.44</dst>
            <dst id="CHINng">118440.685333333</dst>
            <dst id="DNVRng">7451.01333333333</dst>
            <dst id="HSTNng">9900.61333333333</dst>
            <dst id="IPLSng">10348.9226666667</dst>
            <dst id="KSCYng">3604.344</dst>
            <dst id="LOSAng">17887.5573333333</dst>
            <dst id="NYCMng">35090.0346666667</dst>
            <dst id="SNVAng">9372.75733333333</dst>
            <dst id="STTLng">36925.8026666667</dst>
            <dst id="WASHng">12746.9386666667</dst>
        </src>
        <src id="NYCMng">
            <dst id="ATLA-M5">126.848</dst>
            <dst id="ATLAng">13282.7306666667</dst>
            <dst id="CHINng">10335.592</dst>
            <dst id="DNVRng">28873.24</dst>
            <dst id="HSTNng">4105.41866666667</dst>
            <dst id="IPLSng">21720.1653333333</dst>
            <dst id="KSCYng">5988.54666666667</dst>
            <dst id="LOSAng">79175.5973333333</dst>
            <dst id="NYCMng">90276.9093333333</dst>
            <dst id="SNVAng">953.090666666667</dst>
            <dst id="STTLng">29327.312</dst>
            <dst id="WASHng">37631.2</dst>
        </src>
        <src id="SNVAng">
            <dst id="ATLA-M5">0</dst>
            <dst id="ATLAng">26.6666666666667</dst>
            <dst id="CHINng">80</dst>
            <dst id="DNVRng">4072.832</dst>
            <dst id="HSTNng">33.4293333333333</dst>
            <dst id="IPLSng">270.568</dst>
            <dst id="KSCYng">26.6666666666667</dst>
            <dst id="LOSAng">32575.8933333333</dst>
            <dst id="NYCMng">321.557333333333</dst>
            <dst id="SNVAng">5467.736</dst>
            <dst id="STTLng">24505.64</dst>
            <dst id="WASHng">53.3333333333333</dst>
        </src>
        <src id="STTLng">
            <dst id="ATLA-M5">0</dst>
            <dst id="ATLAng">6508.416</dst>
            <dst id="CHINng">19604.76</dst>
            <dst id="DNVRng">2749.21333333333</dst>
            <dst id="HSTNng">769.365333333333</dst>
            <dst id="IPLSng">5196.37333333333</dst>
            <dst id="KSCYng">1007.78666666667</dst>
            <dst id="LOSAng">16305.8906666667</dst>
            <dst id="NYCMng">14278.792</dst>
            <dst id="SNVAng">2612.09866666667</dst>
            <dst id="STTLng">6761.752</dst>
            <dst id="WASHng">4684.99466666667</dst>
        </src>
        <src id="WASHng">
            <dst id="ATLA-M5">111.074666666667</dst>
            <dst id="ATLAng">65526.1706666667</dst>
            <dst id="CHINng">49265.44</dst>
            <dst id="DNVRng">45774.056</dst>
            <dst id="HSTNng">9514.552</dst>
            <dst id="IPLSng">43787.6586666667</dst>
            <dst id="KSCYng">7149.12533333333</dst>
            <dst id="LOSAng">78945.4266666667</dst>
            <dst id="NYCMng">135926.848</dst>
            <dst id="SNVAng">4017.67466666667</dst>
            <dst id="STTLng">23969.888</dst>
            <dst id="WASHng">297792.053333333</dst>
        </src>
    </IntraTM>
</TrafficMatrixFile>
