<?xml version="1.0" encoding="ISO-8859-1" standalone="yes"?>
<TrafficMatrixFile xsi:noNamespaceSchemaLocation="http://totem.run.montefiore.ulg.ac.be/Schema/TrafficMatrix-v1_2.xsd" xmlns:xsi="http://www.w3.org/2001/XMLSchema-instance">
    <IntraTM ASID="11537">
        <src id="ATLA-M5">
            <dst id="ATLA-M5">0</dst>
            <dst id="ATLAng">0</dst>
            <dst id="CHINng">29.664</dst>
            <dst id="DNVRng">26.6666666666667</dst>
            <dst id="HSTNng">947.258666666667</dst>
            <dst id="IPLSng">0</dst>
            <dst id="KSCYng">75.7786666666667</dst>
            <dst id="LOSAng">267.789333333333</dst>
            <dst id="NYCMng">78.9866666666667</dst>
            <dst id="SNVAng">0</dst>
            <dst id="STTLng">26.6666666666667</dst>
            <dst id="WASHng">1582.65066666667</dst>
        </src>
        <src id="ATLAng">
            <dst id="ATLA-M5">81.1226666666667</dst>
            <dst id="ATLAng">50664.816</dst>
            <dst id="CHINng">2539.02666666667</dst>
            <dst id="DNVRng">2416.31733333333</dst>
            <dst id="HSTNng">2581.928</dst>
            <dst id="IPLSng">11545.952</dst>
            <dst id="KSCYng">2631.95733333333</dst>
            <dst id="LOSAng">29677.1626666667</dst>
            <dst id="NYCMng">9161.10933333333</dst>
            <dst id="SNVAng">41.4013333333333</dst>
            <dst id="STTLng">5735.92266666667</dst>
            <dst id="WASHng">53433.5253333333</dst>
        </src>
        <src id="CHINng">
            <dst id="ATLA-M5">169.674666666667</dst>
            <dst id="ATLAng">6183.36266666667</dst>
            <dst id="CHINng">97898.8826666667</dst>
            <dst id="DNVRng">19132.984</dst>
            <dst id="HSTNng">4307.85333333333</dst>
            <dst id="IPLSng">38217.536</dst>
            <dst id="KSCYng">3386.89333333333</dst>
            <dst id="LOSAng">45089.376</dst>
            <dst id="NYCMng">15328.3733333333</dst>
            <dst id="SNVAng">1188.06933333333</dst>
            <dst id="STTLng">9730.98133333333</dst>
            <dst id="WASHng">19514.8746666667</dst>
        </src>
        <src id="DNVRng">
            <dst id="ATLA-M5">181.92</dst>
            <dst id="ATLAng">9444.952</dst>
            <dst id="CHINng">69880.5093333333</dst>
            <dst id="DNVRng">6654.94133333333</dst>
            <dst id="HSTNng">12550.4213333333</dst>
            <dst id="IPLSng">25743.4213333333</dst>
            <dst id="KSCYng">9254.31733333333</dst>
            <dst id="LOSAng">9741.16</dst>
            <dst id="NYCMng">18008.9946666667</dst>
            <dst id="SNVAng">6284.06133333333</dst>
            <dst id="STTLng">10029.232</dst>
            <dst id="WASHng">33513.472</dst>
        </src>
        <src id="HSTNng">
            <dst id="ATLA-M5">5669.12533333333</dst>
            <dst id="ATLAng">1555.38933333333</dst>
            <dst id="CHINng">13844.2346666667</dst>
            <dst id="DNVRng">1338.432</dst>
            <dst id="HSTNng">12562.4213333333</dst>
            <dst id="IPLSng">3314.92</dst>
            <dst id="KSCYng">770.149333333333</dst>
            <dst id="LOSAng">14724.8373333333</dst>
            <dst id="NYCMng">1297.92</dst>
            <dst id="SNVAng">0</dst>
            <dst id="STTLng">138.413333333333</dst>
            <dst id="WASHng">1778.79466666667</dst>
        </src>
        <src id="IPLSng">
            <dst id="ATLA-M5">0</dst>
            <dst id="ATLAng">20328.344</dst>
            <dst id="CHINng">79667.7253333333</dst>
            <dst id="DNVRng">15564.9066666667</dst>
            <dst id="HSTNng">19143.9493333333</dst>
            <dst id="IPLSng">12968.2853333333</dst>
            <dst id="KSCYng">7970.336</dst>
            <dst id="LOSAng">16832.5626666667</dst>
            <dst id="NYCMng">22576.4693333333</dst>
            <dst id="SNVAng">286.738666666667</dst>
            <dst id="STTLng">12239.9706666667</dst>
            <dst id="WASHng">5068.29333333333</dst>
        </src>
        <src id="KSCYng">
            <dst id="ATLA-M5">39.2266666666667</dst>
            <dst id="ATLAng">918.141333333333</dst>
            <dst id="CHINng">25045.344</dst>
            <dst id="DNVRng">13592.888</dst>
            <dst id="HSTNng">1962.14133333333</dst>
            <dst id="IPLSng">15557.4986666667</dst>
            <dst id="KSCYng">5084.09066666667</dst>
            <dst id="LOSAng">4326.43466666667</dst>
            <dst id="NYCMng">2396.30933333333</dst>
            <dst id="SNVAng">2438.98933333333</dst>
            <dst id="STTLng">7061.976</dst>
            <dst id="WASHng">16096.92</dst>
        </src>
        <src id="LOSAng">
            <dst id="ATLA-M5">93.4053333333333</dst>
            <dst id="ATLAng">30219.52</dst>
            <dst id="CHINng">143577.84</dst>
            <dst id="DNVRng">19339.712</dst>
            <dst id="HSTNng">2956.976</dst>
            <dst id="IPLSng">8660.312</dst>
            <dst id="KSCYng">3843.34133333333</dst>
            <dst id="LOSAng">15893.76</dst>
            <dst id="NYCMng">28879.4533333333</dst>
            <dst id="SNVAng">17327.9066666667</dst>
            <dst id="STTLng">37075.8053333333</dst>
            <dst id="WASHng">14537.6213333333</dst>
        </src>
        <src id="NYCMng">
            <dst id="ATLA-M5">242.685333333333</dst>
            <dst id="ATLAng">10311.008</dst>
            <dst id="CHINng">13811.7493333333</dst>
            <dst id="DNVRng">21477.8613333333</dst>
            <dst id="HSTNng">9374.22933333333</dst>
            <dst id="IPLSng">11290.8346666667</dst>
            <dst id="KSCYng">9997.66933333334</dst>
            <dst id="LOSAng">73398.7546666667</dst>
            <dst id="NYCMng">100936.994666667</dst>
            <dst id="SNVAng">2144.91466666667</dst>
            <dst id="STTLng">16251.7786666667</dst>
            <dst id="WASHng">42513.8693333333</dst>
        </src>
        <src id="SNVAng">
            <dst id="ATLA-M5">0</dst>
            <dst id="ATLAng">42.4506666666667</dst>
            <dst id="CHINng">26.6666666666667</dst>
            <dst id="DNVRng">3512.024</dst>
            <dst id="HSTNng">30.6986666666667</dst>
            <dst id="IPLSng">236.090666666667</dst>
            <dst id="KSCYng">0</dst>
            <dst id="LOSAng">27936.1146666667</dst>
            <dst id="NYCMng">280.554666666667</dst>
            <dst id="SNVAng">4030.90133333333</dst>
            <dst id="STTLng">29096.4266666667</dst>
            <dst id="WASHng">53.3333333333333</dst>
        </src>
        <src id="STTLng">
            <dst id="ATLA-M5">0</dst>
            <dst id="ATLAng">5476.74933333333</dst>
            <dst id="CHINng">21643.3333333333</dst>
            <dst id="DNVRng">2833.336</dst>
            <dst id="HSTNng">1164.25866666667</dst>
            <dst id="IPLSng">3505.90933333333</dst>
            <dst id="KSCYng">3183.49333333333</dst>
            <dst id="LOSAng">14079.76</dst>
            <dst id="NYCMng">11779.9013333333</dst>
            <dst id="SNVAng">3014.49333333333</dst>
            <dst id="STTLng">1683.12533333333</dst>
            <dst id="WASHng">12830.1333333333</dst>
        </src>
        <src id="WASHng">
            <dst id="ATLA-M5">1045.56266666667</dst>
            <dst id="ATLAng">81361.4826666667</dst>
            <dst id="CHINng">45055.7946666667</dst>
            <dst id="DNVRng">46607.4346666667</dst>
            <dst id="HSTNng">30008.992</dst>
            <dst id="IPLSng">56766.9146666667</dst>
            <dst id="KSCYng">12469.7893333333</dst>
            <dst id="LOSAng">51712.352</dst>
            <dst id="NYCMng">106417.757333333</dst>
            <dst id="SNVAng">2264.69066666667</dst>
            <dst id="STTLng">35322.96</dst>
            <dst id="WASHng">284172.133333333</dst>
        </src>
    </IntraTM>
</TrafficMatrixFile>
