<?xml version="1.0" encoding="ISO-8859-1" standalone="yes"?>
<TrafficMatrixFile xsi:noNamespaceSchemaLocation="http://totem.run.montefiore.ulg.ac.be/Schema/TrafficMatrix-v1_2.xsd" xmlns:xsi="http://www.w3.org/2001/XMLSchema-instance">
    <IntraTM ASID="11537">
        <src id="ATLA-M5">
            <dst id="ATLA-M5">53.3333333333333</dst>
            <dst id="ATLAng">61.152</dst>
            <dst id="CHINng">178.386666666667</dst>
            <dst id="DNVRng">0</dst>
            <dst id="HSTNng">26.6666666666667</dst>
            <dst id="IPLSng">0</dst>
            <dst id="KSCYng">0</dst>
            <dst id="LOSAng">153.802666666667</dst>
            <dst id="NYCMng">106.666666666667</dst>
            <dst id="SNVAng">0</dst>
            <dst id="STTLng">84.2986666666667</dst>
            <dst id="WASHng">129.946666666667</dst>
        </src>
        <src id="ATLAng">
            <dst id="ATLA-M5">303.746666666667</dst>
            <dst id="ATLAng">12281.4693333333</dst>
            <dst id="CHINng">4506.10133333333</dst>
            <dst id="DNVRng">2126.01866666667</dst>
            <dst id="HSTNng">3318.352</dst>
            <dst id="IPLSng">20490.592</dst>
            <dst id="KSCYng">565.472</dst>
            <dst id="LOSAng">10440.9133333333</dst>
            <dst id="NYCMng">3990.91733333333</dst>
            <dst id="SNVAng">179.668</dst>
            <dst id="STTLng">12344.8773333333</dst>
            <dst id="WASHng">37160.6266666667</dst>
        </src>
        <src id="CHINng">
            <dst id="ATLA-M5">127.704</dst>
            <dst id="ATLAng">26722.808</dst>
            <dst id="CHINng">44057.9573333333</dst>
            <dst id="DNVRng">10479.872</dst>
            <dst id="HSTNng">3815.056</dst>
            <dst id="IPLSng">26622.856</dst>
            <dst id="KSCYng">5624.06933333333</dst>
            <dst id="LOSAng">49737.48</dst>
            <dst id="NYCMng">18068.9386666667</dst>
            <dst id="SNVAng">3580.12</dst>
            <dst id="STTLng">7727.568</dst>
            <dst id="WASHng">39031.0106666667</dst>
        </src>
        <src id="DNVRng">
            <dst id="ATLA-M5">341.92</dst>
            <dst id="ATLAng">3085.792</dst>
            <dst id="CHINng">45703.2906666667</dst>
            <dst id="DNVRng">13058.3146666667</dst>
            <dst id="HSTNng">13630.1146666667</dst>
            <dst id="IPLSng">46309.784</dst>
            <dst id="KSCYng">9424.43466666667</dst>
            <dst id="LOSAng">18209.736</dst>
            <dst id="NYCMng">12641.128</dst>
            <dst id="SNVAng">8566.44533333333</dst>
            <dst id="STTLng">24000.0853333333</dst>
            <dst id="WASHng">38244.9306666667</dst>
        </src>
        <src id="HSTNng">
            <dst id="ATLA-M5">209.248</dst>
            <dst id="ATLAng">13017.3546666667</dst>
            <dst id="CHINng">10582.0826666667</dst>
            <dst id="DNVRng">1021.832</dst>
            <dst id="HSTNng">14895.664</dst>
            <dst id="IPLSng">1346.936</dst>
            <dst id="KSCYng">1112.03733333333</dst>
            <dst id="LOSAng">5197.288</dst>
            <dst id="NYCMng">5875.34933333333</dst>
            <dst id="SNVAng">0</dst>
            <dst id="STTLng">1517.76266666667</dst>
            <dst id="WASHng">7517.35466666667</dst>
        </src>
        <src id="IPLSng">
            <dst id="ATLA-M5">0</dst>
            <dst id="ATLAng">31075.6613333333</dst>
            <dst id="CHINng">77023.6666666667</dst>
            <dst id="DNVRng">6162.144</dst>
            <dst id="HSTNng">1672.37333333333</dst>
            <dst id="IPLSng">41107.216</dst>
            <dst id="KSCYng">4937.208</dst>
            <dst id="LOSAng">24648.3626666667</dst>
            <dst id="NYCMng">24743.2853333333</dst>
            <dst id="SNVAng">864.242666666667</dst>
            <dst id="STTLng">10065.424</dst>
            <dst id="WASHng">42692.688</dst>
        </src>
        <src id="KSCYng">
            <dst id="ATLA-M5">26.6666666666667</dst>
            <dst id="ATLAng">3441.77066666667</dst>
            <dst id="CHINng">15559.28</dst>
            <dst id="DNVRng">8016.74933333333</dst>
            <dst id="HSTNng">11393.2533333333</dst>
            <dst id="IPLSng">9215.088</dst>
            <dst id="KSCYng">4399.46666666667</dst>
            <dst id="LOSAng">6792.328</dst>
            <dst id="NYCMng">3729.784</dst>
            <dst id="SNVAng">2826.872</dst>
            <dst id="STTLng">3016.36266666667</dst>
            <dst id="WASHng">12658.736</dst>
        </src>
        <src id="LOSAng">
            <dst id="ATLA-M5">286.234666666667</dst>
            <dst id="ATLAng">23391.896</dst>
            <dst id="CHINng">75571.4426666667</dst>
            <dst id="DNVRng">29898.8026666667</dst>
            <dst id="HSTNng">7514.624</dst>
            <dst id="IPLSng">11089.5626666667</dst>
            <dst id="KSCYng">6096.46666666667</dst>
            <dst id="LOSAng">29223.8213333333</dst>
            <dst id="NYCMng">35814.7733333333</dst>
            <dst id="SNVAng">19670.3493333333</dst>
            <dst id="STTLng">25367.888</dst>
            <dst id="WASHng">27032.8213333333</dst>
        </src>
        <src id="NYCMng">
            <dst id="ATLA-M5">535.408</dst>
            <dst id="ATLAng">23404.888</dst>
            <dst id="CHINng">18121.0026666667</dst>
            <dst id="DNVRng">29137.664</dst>
            <dst id="HSTNng">8500.16</dst>
            <dst id="IPLSng">31694.656</dst>
            <dst id="KSCYng">14016.4666666667</dst>
            <dst id="LOSAng">82532.8213333334</dst>
            <dst id="NYCMng">87386.1546666667</dst>
            <dst id="SNVAng">4693.48</dst>
            <dst id="STTLng">27686.6213333333</dst>
            <dst id="WASHng">61037.8293333333</dst>
        </src>
        <src id="SNVAng">
            <dst id="ATLA-M5">0</dst>
            <dst id="ATLAng">36.5866666666667</dst>
            <dst id="CHINng">0</dst>
            <dst id="DNVRng">5981.65333333333</dst>
            <dst id="HSTNng">122.389333333333</dst>
            <dst id="IPLSng">272.045333333333</dst>
            <dst id="KSCYng">26.6666666666667</dst>
            <dst id="LOSAng">42385.68</dst>
            <dst id="NYCMng">487.136</dst>
            <dst id="SNVAng">5242.49066666667</dst>
            <dst id="STTLng">28642.8026666667</dst>
            <dst id="WASHng">53.3333333333333</dst>
        </src>
        <src id="STTLng">
            <dst id="ATLA-M5">80</dst>
            <dst id="ATLAng">7807.21333333333</dst>
            <dst id="CHINng">16335.9173333333</dst>
            <dst id="DNVRng">4127.77333333333</dst>
            <dst id="HSTNng">8937.79733333333</dst>
            <dst id="IPLSng">8497.76533333333</dst>
            <dst id="KSCYng">2159.68</dst>
            <dst id="LOSAng">22183.888</dst>
            <dst id="NYCMng">11806.8586666667</dst>
            <dst id="SNVAng">2854.09866666667</dst>
            <dst id="STTLng">1418.52266666667</dst>
            <dst id="WASHng">10228.6666666667</dst>
        </src>
        <src id="WASHng">
            <dst id="ATLA-M5">113.245333333333</dst>
            <dst id="ATLAng">114893.781333333</dst>
            <dst id="CHINng">44585.3386666667</dst>
            <dst id="DNVRng">83885.9306666667</dst>
            <dst id="HSTNng">12770.0826666667</dst>
            <dst id="IPLSng">51276.2266666667</dst>
            <dst id="KSCYng">8932.06933333333</dst>
            <dst id="LOSAng">75248.1013333333</dst>
            <dst id="NYCMng">130697.114666667</dst>
            <dst id="SNVAng">19604.104</dst>
            <dst id="STTLng">47649.728</dst>
            <dst id="WASHng">199890.722666667</dst>
        </src>
    </IntraTM>
</TrafficMatrixFile>
