<?xml version="1.0" encoding="ISO-8859-1" standalone="yes"?>
<TrafficMatrixFile xsi:noNamespaceSchemaLocation="http://totem.run.montefiore.ulg.ac.be/Schema/TrafficMatrix-v1_2.xsd" xmlns:xsi="http://www.w3.org/2001/XMLSchema-instance">
    <IntraTM ASID="11537">
        <src id="ATLA-M5">
            <dst id="ATLA-M5">276.938666666667</dst>
            <dst id="ATLAng">314.453333333333</dst>
            <dst id="CHINng">105.189333333333</dst>
            <dst id="DNVRng">26.6666666666667</dst>
            <dst id="HSTNng">123.938666666667</dst>
            <dst id="IPLSng">26.6666666666667</dst>
            <dst id="KSCYng">491.952</dst>
            <dst id="LOSAng">213.584</dst>
            <dst id="NYCMng">204.8</dst>
            <dst id="SNVAng">0</dst>
            <dst id="STTLng">26.6666666666667</dst>
            <dst id="WASHng">213.912</dst>
        </src>
        <src id="ATLAng">
            <dst id="ATLA-M5">3414.31466666667</dst>
            <dst id="ATLAng">16403.2026666667</dst>
            <dst id="CHINng">11575.3733333333</dst>
            <dst id="DNVRng">5956.936</dst>
            <dst id="HSTNng">24256.6346666667</dst>
            <dst id="IPLSng">22022.1813333333</dst>
            <dst id="KSCYng">6290.64</dst>
            <dst id="LOSAng">8785.628</dst>
            <dst id="NYCMng">7951.10133333333</dst>
            <dst id="SNVAng">2093.35066666667</dst>
            <dst id="STTLng">8662.04533333333</dst>
            <dst id="WASHng">22582.3386666667</dst>
        </src>
        <src id="CHINng">
            <dst id="ATLA-M5">647.224</dst>
            <dst id="ATLAng">35258.3626666667</dst>
            <dst id="CHINng">51493.5786666667</dst>
            <dst id="DNVRng">11970.84</dst>
            <dst id="HSTNng">17592.8453333333</dst>
            <dst id="IPLSng">57005.7173333333</dst>
            <dst id="KSCYng">20548.4586666667</dst>
            <dst id="LOSAng">42757.3226666667</dst>
            <dst id="NYCMng">10937.3466666667</dst>
            <dst id="SNVAng">3456.168</dst>
            <dst id="STTLng">6000.47466666667</dst>
            <dst id="WASHng">21731.712</dst>
        </src>
        <src id="DNVRng">
            <dst id="ATLA-M5">185.234666666667</dst>
            <dst id="ATLAng">15543.792</dst>
            <dst id="CHINng">64402.6666666666</dst>
            <dst id="DNVRng">11610.496</dst>
            <dst id="HSTNng">19605.7413333333</dst>
            <dst id="IPLSng">46980.96</dst>
            <dst id="KSCYng">21593.1573333333</dst>
            <dst id="LOSAng">23274.7386666667</dst>
            <dst id="NYCMng">15447.112</dst>
            <dst id="SNVAng">11030.776</dst>
            <dst id="STTLng">22785.7253333333</dst>
            <dst id="WASHng">49644.2133333333</dst>
        </src>
        <src id="HSTNng">
            <dst id="ATLA-M5">4125.44</dst>
            <dst id="ATLAng">9241.32533333333</dst>
            <dst id="CHINng">8227.57333333333</dst>
            <dst id="DNVRng">1625.64266666667</dst>
            <dst id="HSTNng">16693.1013333333</dst>
            <dst id="IPLSng">3167.23733333333</dst>
            <dst id="KSCYng">2773.93333333333</dst>
            <dst id="LOSAng">4530.616</dst>
            <dst id="NYCMng">4377.69866666667</dst>
            <dst id="SNVAng">332.928</dst>
            <dst id="STTLng">10928.32</dst>
            <dst id="WASHng">6035.29066666667</dst>
        </src>
        <src id="IPLSng">
            <dst id="ATLA-M5">95.8586666666667</dst>
            <dst id="ATLAng">21181.0133333333</dst>
            <dst id="CHINng">76427.4346666667</dst>
            <dst id="DNVRng">13819.8586666667</dst>
            <dst id="HSTNng">3710.2</dst>
            <dst id="IPLSng">33512.5706666667</dst>
            <dst id="KSCYng">12096.8986666667</dst>
            <dst id="LOSAng">29983.7813333333</dst>
            <dst id="NYCMng">53680.256</dst>
            <dst id="SNVAng">3337.73333333333</dst>
            <dst id="STTLng">20288.5173333333</dst>
            <dst id="WASHng">33259.1973333333</dst>
        </src>
        <src id="KSCYng">
            <dst id="ATLA-M5">1202.53333333333</dst>
            <dst id="ATLAng">7221.62933333333</dst>
            <dst id="CHINng">17710.44</dst>
            <dst id="DNVRng">10718.688</dst>
            <dst id="HSTNng">7224.736</dst>
            <dst id="IPLSng">25243.8373333333</dst>
            <dst id="KSCYng">8243.58666666667</dst>
            <dst id="LOSAng">13795.6133333333</dst>
            <dst id="NYCMng">3381.21866666667</dst>
            <dst id="SNVAng">3428.44266666667</dst>
            <dst id="STTLng">4606.368</dst>
            <dst id="WASHng">17338.7546666667</dst>
        </src>
        <src id="LOSAng">
            <dst id="ATLA-M5">2002.34133333333</dst>
            <dst id="ATLAng">25845.0693333333</dst>
            <dst id="CHINng">85313.896</dst>
            <dst id="DNVRng">32308.96</dst>
            <dst id="HSTNng">10787.0853333333</dst>
            <dst id="IPLSng">35378.6773333333</dst>
            <dst id="KSCYng">8224.648</dst>
            <dst id="LOSAng">22716.976</dst>
            <dst id="NYCMng">35660.3706666667</dst>
            <dst id="SNVAng">23734.8426666667</dst>
            <dst id="STTLng">31134.8933333333</dst>
            <dst id="WASHng">89494.968</dst>
        </src>
        <src id="NYCMng">
            <dst id="ATLA-M5">1060.86666666667</dst>
            <dst id="ATLAng">35916.448</dst>
            <dst id="CHINng">29697.0293333333</dst>
            <dst id="DNVRng">41222.9653333333</dst>
            <dst id="HSTNng">11912.888</dst>
            <dst id="IPLSng">33297.0826666667</dst>
            <dst id="KSCYng">19138.3093333333</dst>
            <dst id="LOSAng">103475.354666667</dst>
            <dst id="NYCMng">112038.608</dst>
            <dst id="SNVAng">5357.08</dst>
            <dst id="STTLng">51478.344</dst>
            <dst id="WASHng">108372.061333333</dst>
        </src>
        <src id="SNVAng">
            <dst id="ATLA-M5">0</dst>
            <dst id="ATLAng">133.333333333333</dst>
            <dst id="CHINng">165.957333333333</dst>
            <dst id="DNVRng">5450.41066666667</dst>
            <dst id="HSTNng">443.114666666667</dst>
            <dst id="IPLSng">329.090666666667</dst>
            <dst id="KSCYng">26.6666666666667</dst>
            <dst id="LOSAng">45709.2826666667</dst>
            <dst id="NYCMng">271.754666666667</dst>
            <dst id="SNVAng">9886.44533333333</dst>
            <dst id="STTLng">37914.608</dst>
            <dst id="WASHng">787.026666666667</dst>
        </src>
        <src id="STTLng">
            <dst id="ATLA-M5">0</dst>
            <dst id="ATLAng">14014.8026666667</dst>
            <dst id="CHINng">22272.3946666667</dst>
            <dst id="DNVRng">6430.056</dst>
            <dst id="HSTNng">9341.05066666667</dst>
            <dst id="IPLSng">9873.33866666667</dst>
            <dst id="KSCYng">3625.95733333333</dst>
            <dst id="LOSAng">30133.696</dst>
            <dst id="NYCMng">13415.8026666667</dst>
            <dst id="SNVAng">7056.90933333333</dst>
            <dst id="STTLng">1687.16533333333</dst>
            <dst id="WASHng">20331.224</dst>
        </src>
        <src id="WASHng">
            <dst id="ATLA-M5">327.976</dst>
            <dst id="ATLAng">122865.757333333</dst>
            <dst id="CHINng">58087.6346666667</dst>
            <dst id="DNVRng">91019.112</dst>
            <dst id="HSTNng">22971.0053333333</dst>
            <dst id="IPLSng">69841.6613333333</dst>
            <dst id="KSCYng">13629.624</dst>
            <dst id="LOSAng">72899.7066666667</dst>
            <dst id="NYCMng">174968.989333333</dst>
            <dst id="SNVAng">11941.3146666667</dst>
            <dst id="STTLng">47792.92</dst>
            <dst id="WASHng">376634.106666667</dst>
        </src>
    </IntraTM>
</TrafficMatrixFile>
