<?xml version="1.0" encoding="ISO-8859-1" standalone="yes"?>
<TrafficMatrixFile xsi:noNamespaceSchemaLocation="http://totem.run.montefiore.ulg.ac.be/Schema/TrafficMatrix-v1_2.xsd" xmlns:xsi="http://www.w3.org/2001/XMLSchema-instance">
    <IntraTM ASID="11537">
        <src id="ATLA-M5">
            <dst id="ATLA-M5">0</dst>
            <dst id="ATLAng">28.8</dst>
            <dst id="CHINng">80</dst>
            <dst id="DNVRng">0</dst>
            <dst id="HSTNng">26.6666666666667</dst>
            <dst id="IPLSng">53.3333333333333</dst>
            <dst id="KSCYng">0</dst>
            <dst id="LOSAng">523.24</dst>
            <dst id="NYCMng">1278.61866666667</dst>
            <dst id="SNVAng">0</dst>
            <dst id="STTLng">26.6666666666667</dst>
            <dst id="WASHng">846.906666666667</dst>
        </src>
        <src id="ATLAng">
            <dst id="ATLA-M5">84.7386666666667</dst>
            <dst id="ATLAng">19934.4826666667</dst>
            <dst id="CHINng">7594.21866666667</dst>
            <dst id="DNVRng">2492.81333333333</dst>
            <dst id="HSTNng">9523.52</dst>
            <dst id="IPLSng">18613.2026666667</dst>
            <dst id="KSCYng">810.44</dst>
            <dst id="LOSAng">11765.6506666667</dst>
            <dst id="NYCMng">7488.97066666667</dst>
            <dst id="SNVAng">278.352</dst>
            <dst id="STTLng">6549.768</dst>
            <dst id="WASHng">51768.2266666667</dst>
        </src>
        <src id="CHINng">
            <dst id="ATLA-M5">142.925333333333</dst>
            <dst id="ATLAng">12216.5866666667</dst>
            <dst id="CHINng">99664.6586666667</dst>
            <dst id="DNVRng">3591.74933333333</dst>
            <dst id="HSTNng">3589.09866666667</dst>
            <dst id="IPLSng">22996.9893333333</dst>
            <dst id="KSCYng">2521.96266666667</dst>
            <dst id="LOSAng">41756.0026666667</dst>
            <dst id="NYCMng">7374.57866666667</dst>
            <dst id="SNVAng">1762.19466666667</dst>
            <dst id="STTLng">7227.04533333333</dst>
            <dst id="WASHng">19920.0506666667</dst>
        </src>
        <src id="DNVRng">
            <dst id="ATLA-M5">195.68</dst>
            <dst id="ATLAng">8759.53066666667</dst>
            <dst id="CHINng">60033.5173333333</dst>
            <dst id="DNVRng">3049.10666666667</dst>
            <dst id="HSTNng">26284.1866666667</dst>
            <dst id="IPLSng">30514.1306666667</dst>
            <dst id="KSCYng">9101.70133333333</dst>
            <dst id="LOSAng">8924.088</dst>
            <dst id="NYCMng">16994.3653333333</dst>
            <dst id="SNVAng">4710.25866666667</dst>
            <dst id="STTLng">4296.96266666667</dst>
            <dst id="WASHng">32851.752</dst>
        </src>
        <src id="HSTNng">
            <dst id="ATLA-M5">1543.14933333333</dst>
            <dst id="ATLAng">13014.872</dst>
            <dst id="CHINng">18498.6986666667</dst>
            <dst id="DNVRng">870.341333333333</dst>
            <dst id="HSTNng">9367.464</dst>
            <dst id="IPLSng">3222.768</dst>
            <dst id="KSCYng">591.602666666667</dst>
            <dst id="LOSAng">9573.06666666667</dst>
            <dst id="NYCMng">2580.824</dst>
            <dst id="SNVAng">0</dst>
            <dst id="STTLng">265.613333333333</dst>
            <dst id="WASHng">3079.8</dst>
        </src>
        <src id="IPLSng">
            <dst id="ATLA-M5">1195.93866666667</dst>
            <dst id="ATLAng">18825.152</dst>
            <dst id="CHINng">86768.104</dst>
            <dst id="DNVRng">12812.08</dst>
            <dst id="HSTNng">322.517333333333</dst>
            <dst id="IPLSng">17488.656</dst>
            <dst id="KSCYng">1924.904</dst>
            <dst id="LOSAng">65899.6026666667</dst>
            <dst id="NYCMng">39319.3013333333</dst>
            <dst id="SNVAng">469.664</dst>
            <dst id="STTLng">10248.1253333333</dst>
            <dst id="WASHng">19430.224</dst>
        </src>
        <src id="KSCYng">
            <dst id="ATLA-M5">0</dst>
            <dst id="ATLAng">1602.17066666667</dst>
            <dst id="CHINng">21119.8773333333</dst>
            <dst id="DNVRng">8226.65066666666</dst>
            <dst id="HSTNng">1922.90133333333</dst>
            <dst id="IPLSng">8749.93066666667</dst>
            <dst id="KSCYng">3101.224</dst>
            <dst id="LOSAng">4007.68</dst>
            <dst id="NYCMng">2332.47733333333</dst>
            <dst id="SNVAng">2120.38133333333</dst>
            <dst id="STTLng">2435.08266666667</dst>
            <dst id="WASHng">20839.6906666667</dst>
        </src>
        <src id="LOSAng">
            <dst id="ATLA-M5">127.101333333333</dst>
            <dst id="ATLAng">13654.0346666667</dst>
            <dst id="CHINng">144237.741333333</dst>
            <dst id="DNVRng">20843.9146666667</dst>
            <dst id="HSTNng">2078.89066666667</dst>
            <dst id="IPLSng">16737.72</dst>
            <dst id="KSCYng">4134.06133333333</dst>
            <dst id="LOSAng">14861.6586666667</dst>
            <dst id="NYCMng">33475.6586666667</dst>
            <dst id="SNVAng">19655.9946666667</dst>
            <dst id="STTLng">21558.8906666667</dst>
            <dst id="WASHng">26520.3653333333</dst>
        </src>
        <src id="NYCMng">
            <dst id="ATLA-M5">314.978666666667</dst>
            <dst id="ATLAng">17463.5493333333</dst>
            <dst id="CHINng">15324.4346666667</dst>
            <dst id="DNVRng">23208.4986666667</dst>
            <dst id="HSTNng">10346.976</dst>
            <dst id="IPLSng">25351.4986666667</dst>
            <dst id="KSCYng">4132.752</dst>
            <dst id="LOSAng">72209.6106666667</dst>
            <dst id="NYCMng">115341.138666667</dst>
            <dst id="SNVAng">1029.032</dst>
            <dst id="STTLng">13336.4106666667</dst>
            <dst id="WASHng">30520.664</dst>
        </src>
        <src id="SNVAng">
            <dst id="ATLA-M5">0</dst>
            <dst id="ATLAng">53.3333333333333</dst>
            <dst id="CHINng">106.666666666667</dst>
            <dst id="DNVRng">3812.112</dst>
            <dst id="HSTNng">108.032</dst>
            <dst id="IPLSng">318.056</dst>
            <dst id="KSCYng">0</dst>
            <dst id="LOSAng">32791.2186666667</dst>
            <dst id="NYCMng">442.541333333333</dst>
            <dst id="SNVAng">3940.936</dst>
            <dst id="STTLng">25760.6853333333</dst>
            <dst id="WASHng">671.173333333333</dst>
        </src>
        <src id="STTLng">
            <dst id="ATLA-M5">1051.944</dst>
            <dst id="ATLAng">7474.48266666667</dst>
            <dst id="CHINng">26049.168</dst>
            <dst id="DNVRng">1458.13866666667</dst>
            <dst id="HSTNng">699.477333333333</dst>
            <dst id="IPLSng">2874.52</dst>
            <dst id="KSCYng">2975.48</dst>
            <dst id="LOSAng">13698.464</dst>
            <dst id="NYCMng">13577.04</dst>
            <dst id="SNVAng">2281.58133333333</dst>
            <dst id="STTLng">1058.992</dst>
            <dst id="WASHng">8677.50666666667</dst>
        </src>
        <src id="WASHng">
            <dst id="ATLA-M5">1105.184</dst>
            <dst id="ATLAng">89506.9653333333</dst>
            <dst id="CHINng">56232.816</dst>
            <dst id="DNVRng">51694.2293333333</dst>
            <dst id="HSTNng">21817.2533333333</dst>
            <dst id="IPLSng">40751.696</dst>
            <dst id="KSCYng">14583.9146666667</dst>
            <dst id="LOSAng">49696.424</dst>
            <dst id="NYCMng">139765.778666667</dst>
            <dst id="SNVAng">4792.328</dst>
            <dst id="STTLng">34160.616</dst>
            <dst id="WASHng">261767.218666667</dst>
        </src>
    </IntraTM>
</TrafficMatrixFile>
