<?xml version="1.0" encoding="ISO-8859-1" standalone="yes"?>
<TrafficMatrixFile xsi:noNamespaceSchemaLocation="http://totem.run.montefiore.ulg.ac.be/Schema/TrafficMatrix-v1_2.xsd" xmlns:xsi="http://www.w3.org/2001/XMLSchema-instance">
    <IntraTM ASID="11537">
        <src id="ATLA-M5">
            <dst id="ATLA-M5">26.6666666666667</dst>
            <dst id="ATLAng">53.3333333333333</dst>
            <dst id="CHINng">144.016</dst>
            <dst id="DNVRng">26.6666666666667</dst>
            <dst id="HSTNng">26.6666666666667</dst>
            <dst id="IPLSng">112</dst>
            <dst id="KSCYng">53.3333333333333</dst>
            <dst id="LOSAng">337.874666666667</dst>
            <dst id="NYCMng">0</dst>
            <dst id="SNVAng">0</dst>
            <dst id="STTLng">27.016</dst>
            <dst id="WASHng">211.298666666667</dst>
        </src>
        <src id="ATLAng">
            <dst id="ATLA-M5">1035.94933333333</dst>
            <dst id="ATLAng">26105.9253333333</dst>
            <dst id="CHINng">13277.8266666667</dst>
            <dst id="DNVRng">10369.6906666667</dst>
            <dst id="HSTNng">1475.92</dst>
            <dst id="IPLSng">17960.36</dst>
            <dst id="KSCYng">1136.8</dst>
            <dst id="LOSAng">11944.78</dst>
            <dst id="NYCMng">6077.86666666667</dst>
            <dst id="SNVAng">71.884</dst>
            <dst id="STTLng">5399.10666666667</dst>
            <dst id="WASHng">24851.6666666667</dst>
        </src>
        <src id="CHINng">
            <dst id="ATLA-M5">715.536</dst>
            <dst id="ATLAng">8800.56266666667</dst>
            <dst id="CHINng">43685.312</dst>
            <dst id="DNVRng">5097.12533333333</dst>
            <dst id="HSTNng">8029.34933333333</dst>
            <dst id="IPLSng">30348.1893333333</dst>
            <dst id="KSCYng">13039.2693333333</dst>
            <dst id="LOSAng">40962.3386666667</dst>
            <dst id="NYCMng">14667.344</dst>
            <dst id="SNVAng">5971.728</dst>
            <dst id="STTLng">8831.91733333333</dst>
            <dst id="WASHng">34502.2773333333</dst>
        </src>
        <src id="DNVRng">
            <dst id="ATLA-M5">106.293333333333</dst>
            <dst id="ATLAng">8305.60533333333</dst>
            <dst id="CHINng">50836.5973333333</dst>
            <dst id="DNVRng">18983.8346666667</dst>
            <dst id="HSTNng">18599.9253333333</dst>
            <dst id="IPLSng">26479.712</dst>
            <dst id="KSCYng">34247.2453333333</dst>
            <dst id="LOSAng">31487.96</dst>
            <dst id="NYCMng">16106.2506666667</dst>
            <dst id="SNVAng">27388.6586666667</dst>
            <dst id="STTLng">14846.7466666667</dst>
            <dst id="WASHng">44617.936</dst>
        </src>
        <src id="HSTNng">
            <dst id="ATLA-M5">1084.72533333333</dst>
            <dst id="ATLAng">1830.17066666667</dst>
            <dst id="CHINng">9884.456</dst>
            <dst id="DNVRng">854.16</dst>
            <dst id="HSTNng">14330.472</dst>
            <dst id="IPLSng">4293.24</dst>
            <dst id="KSCYng">3042.32533333333</dst>
            <dst id="LOSAng">7337.424</dst>
            <dst id="NYCMng">3973.616</dst>
            <dst id="SNVAng">26.6666666666667</dst>
            <dst id="STTLng">884.333333333333</dst>
            <dst id="WASHng">14837.264</dst>
        </src>
        <src id="IPLSng">
            <dst id="ATLA-M5">26.6666666666667</dst>
            <dst id="ATLAng">14493.5706666667</dst>
            <dst id="CHINng">44007.0693333333</dst>
            <dst id="DNVRng">17937.1866666667</dst>
            <dst id="HSTNng">1254.04533333333</dst>
            <dst id="IPLSng">31252.8426666667</dst>
            <dst id="KSCYng">7885.496</dst>
            <dst id="LOSAng">19678.816</dst>
            <dst id="NYCMng">31545.256</dst>
            <dst id="SNVAng">2411.11466666667</dst>
            <dst id="STTLng">14218.184</dst>
            <dst id="WASHng">21063.912</dst>
        </src>
        <src id="KSCYng">
            <dst id="ATLA-M5">906.432</dst>
            <dst id="ATLAng">1375.616</dst>
            <dst id="CHINng">10540.1546666667</dst>
            <dst id="DNVRng">10982.3306666667</dst>
            <dst id="HSTNng">3953.41866666667</dst>
            <dst id="IPLSng">11568.12</dst>
            <dst id="KSCYng">11897.8906666667</dst>
            <dst id="LOSAng">7486.864</dst>
            <dst id="NYCMng">3124.77066666667</dst>
            <dst id="SNVAng">2631.43466666667</dst>
            <dst id="STTLng">5448.45333333333</dst>
            <dst id="WASHng">7401.976</dst>
        </src>
        <src id="LOSAng">
            <dst id="ATLA-M5">0</dst>
            <dst id="ATLAng">15565.224</dst>
            <dst id="CHINng">57237.04</dst>
            <dst id="DNVRng">7815.30933333333</dst>
            <dst id="HSTNng">9038.912</dst>
            <dst id="IPLSng">18327.152</dst>
            <dst id="KSCYng">3091.24533333333</dst>
            <dst id="LOSAng">88420.624</dst>
            <dst id="NYCMng">29768.976</dst>
            <dst id="SNVAng">15334.04</dst>
            <dst id="STTLng">32803.84</dst>
            <dst id="WASHng">28129.0906666667</dst>
        </src>
        <src id="NYCMng">
            <dst id="ATLA-M5">412.208</dst>
            <dst id="ATLAng">19367.256</dst>
            <dst id="CHINng">16484.248</dst>
            <dst id="DNVRng">25877.1626666667</dst>
            <dst id="HSTNng">11032.6666666667</dst>
            <dst id="IPLSng">14305.648</dst>
            <dst id="KSCYng">8705.776</dst>
            <dst id="LOSAng">69098.0453333333</dst>
            <dst id="NYCMng">80116.0773333333</dst>
            <dst id="SNVAng">3326.62133333333</dst>
            <dst id="STTLng">36900.248</dst>
            <dst id="WASHng">40323.816</dst>
        </src>
        <src id="SNVAng">
            <dst id="ATLA-M5">0</dst>
            <dst id="ATLAng">492.874666666667</dst>
            <dst id="CHINng">26.6666666666667</dst>
            <dst id="DNVRng">16960.0773333333</dst>
            <dst id="HSTNng">1169.64266666667</dst>
            <dst id="IPLSng">213.170666666667</dst>
            <dst id="KSCYng">26.6666666666667</dst>
            <dst id="LOSAng">39776.4746666667</dst>
            <dst id="NYCMng">247.968</dst>
            <dst id="SNVAng">8990.80533333333</dst>
            <dst id="STTLng">36837.664</dst>
            <dst id="WASHng">0</dst>
        </src>
        <src id="STTLng">
            <dst id="ATLA-M5">26.6666666666667</dst>
            <dst id="ATLAng">9118.06133333333</dst>
            <dst id="CHINng">12575.04</dst>
            <dst id="DNVRng">2500.912</dst>
            <dst id="HSTNng">2508.504</dst>
            <dst id="IPLSng">5934.66666666667</dst>
            <dst id="KSCYng">1877.01333333333</dst>
            <dst id="LOSAng">435101.066666667</dst>
            <dst id="NYCMng">12970.4293333333</dst>
            <dst id="SNVAng">4632.25066666666</dst>
            <dst id="STTLng">25357.9093333333</dst>
            <dst id="WASHng">13344.6293333333</dst>
        </src>
        <src id="WASHng">
            <dst id="ATLA-M5">80</dst>
            <dst id="ATLAng">87231.4906666667</dst>
            <dst id="CHINng">82040.1173333333</dst>
            <dst id="DNVRng">68824.8613333333</dst>
            <dst id="HSTNng">31405.568</dst>
            <dst id="IPLSng">48659.264</dst>
            <dst id="KSCYng">13786.5173333333</dst>
            <dst id="LOSAng">71412.2053333333</dst>
            <dst id="NYCMng">152525.88</dst>
            <dst id="SNVAng">2148.92</dst>
            <dst id="STTLng">54580</dst>
            <dst id="WASHng">237558.293333333</dst>
        </src>
    </IntraTM>
</TrafficMatrixFile>
