<?xml version="1.0" encoding="ISO-8859-1" standalone="yes"?>
<TrafficMatrixFile xsi:noNamespaceSchemaLocation="http://totem.run.montefiore.ulg.ac.be/Schema/TrafficMatrix-v1_2.xsd" xmlns:xsi="http://www.w3.org/2001/XMLSchema-instance">
    <IntraTM ASID="11537">
        <src id="ATLA-M5">
            <dst id="ATLA-M5">0</dst>
            <dst id="ATLAng">146.154666666667</dst>
            <dst id="CHINng">67.896</dst>
            <dst id="DNVRng">49.0933333333333</dst>
            <dst id="HSTNng">80.6613333333333</dst>
            <dst id="IPLSng">474.992</dst>
            <dst id="KSCYng">26.6666666666667</dst>
            <dst id="LOSAng">488.157333333333</dst>
            <dst id="NYCMng">26.6666666666667</dst>
            <dst id="SNVAng">0</dst>
            <dst id="STTLng">0</dst>
            <dst id="WASHng">459.205333333333</dst>
        </src>
        <src id="ATLAng">
            <dst id="ATLA-M5">246.44</dst>
            <dst id="ATLAng">9638.15466666667</dst>
            <dst id="CHINng">7214.488</dst>
            <dst id="DNVRng">3079.59733333333</dst>
            <dst id="HSTNng">5565.10666666666</dst>
            <dst id="IPLSng">26981.768</dst>
            <dst id="KSCYng">1326.01866666667</dst>
            <dst id="LOSAng">7531.99333333333</dst>
            <dst id="NYCMng">4139.61866666667</dst>
            <dst id="SNVAng">190.252</dst>
            <dst id="STTLng">8479.92533333333</dst>
            <dst id="WASHng">22140.4986666667</dst>
        </src>
        <src id="CHINng">
            <dst id="ATLA-M5">53.3333333333333</dst>
            <dst id="ATLAng">14393.2933333333</dst>
            <dst id="CHINng">41303.8373333333</dst>
            <dst id="DNVRng">19196.7386666667</dst>
            <dst id="HSTNng">9144.49066666667</dst>
            <dst id="IPLSng">23360.6533333333</dst>
            <dst id="KSCYng">6298.24</dst>
            <dst id="LOSAng">41783.72</dst>
            <dst id="NYCMng">10834.7893333333</dst>
            <dst id="SNVAng">2352.824</dst>
            <dst id="STTLng">7509.328</dst>
            <dst id="WASHng">19779.592</dst>
        </src>
        <src id="DNVRng">
            <dst id="ATLA-M5">650.088</dst>
            <dst id="ATLAng">3600.912</dst>
            <dst id="CHINng">47914.7946666667</dst>
            <dst id="DNVRng">9670.81866666666</dst>
            <dst id="HSTNng">16723.6933333333</dst>
            <dst id="IPLSng">32964.792</dst>
            <dst id="KSCYng">24319.9893333333</dst>
            <dst id="LOSAng">23452.5653333333</dst>
            <dst id="NYCMng">11793.552</dst>
            <dst id="SNVAng">15701.048</dst>
            <dst id="STTLng">13308.2533333333</dst>
            <dst id="WASHng">33666.36</dst>
        </src>
        <src id="HSTNng">
            <dst id="ATLA-M5">2732.12533333333</dst>
            <dst id="ATLAng">24882.904</dst>
            <dst id="CHINng">3779.736</dst>
            <dst id="DNVRng">1132.13333333333</dst>
            <dst id="HSTNng">8292.82933333333</dst>
            <dst id="IPLSng">1380.024</dst>
            <dst id="KSCYng">1386.09866666667</dst>
            <dst id="LOSAng">12230.504</dst>
            <dst id="NYCMng">936.904</dst>
            <dst id="SNVAng">26.6666666666667</dst>
            <dst id="STTLng">1679.54933333333</dst>
            <dst id="WASHng">1258.392</dst>
        </src>
        <src id="IPLSng">
            <dst id="ATLA-M5">757.528</dst>
            <dst id="ATLAng">17871.528</dst>
            <dst id="CHINng">43253.3466666667</dst>
            <dst id="DNVRng">12493.376</dst>
            <dst id="HSTNng">1027.49333333333</dst>
            <dst id="IPLSng">32808.7706666667</dst>
            <dst id="KSCYng">3190.168</dst>
            <dst id="LOSAng">21044.2533333333</dst>
            <dst id="NYCMng">33697.976</dst>
            <dst id="SNVAng">334.181333333333</dst>
            <dst id="STTLng">6908.288</dst>
            <dst id="WASHng">21458.3866666667</dst>
        </src>
        <src id="KSCYng">
            <dst id="ATLA-M5">791.285333333333</dst>
            <dst id="ATLAng">1697.10933333333</dst>
            <dst id="CHINng">10875.032</dst>
            <dst id="DNVRng">8489.864</dst>
            <dst id="HSTNng">12292.8693333333</dst>
            <dst id="IPLSng">10758.72</dst>
            <dst id="KSCYng">9029.304</dst>
            <dst id="LOSAng">9212.50133333334</dst>
            <dst id="NYCMng">3054.232</dst>
            <dst id="SNVAng">26.6666666666667</dst>
            <dst id="STTLng">3793.99466666667</dst>
            <dst id="WASHng">6549.56533333333</dst>
        </src>
        <src id="LOSAng">
            <dst id="ATLA-M5">102.573333333333</dst>
            <dst id="ATLAng">19278.2266666667</dst>
            <dst id="CHINng">47687.4933333333</dst>
            <dst id="DNVRng">24095.3733333333</dst>
            <dst id="HSTNng">15036.9893333333</dst>
            <dst id="IPLSng">15405.432</dst>
            <dst id="KSCYng">5016.992</dst>
            <dst id="LOSAng">22982.1306666667</dst>
            <dst id="NYCMng">37215.2933333333</dst>
            <dst id="SNVAng">13592.152</dst>
            <dst id="STTLng">29925.7013333333</dst>
            <dst id="WASHng">18561.2746666667</dst>
        </src>
        <src id="NYCMng">
            <dst id="ATLA-M5">973.216</dst>
            <dst id="ATLAng">21524.8213333333</dst>
            <dst id="CHINng">14131.904</dst>
            <dst id="DNVRng">26381.9306666667</dst>
            <dst id="HSTNng">7125.89333333333</dst>
            <dst id="IPLSng">14996.7813333333</dst>
            <dst id="KSCYng">8764.86666666666</dst>
            <dst id="LOSAng">79894.136</dst>
            <dst id="NYCMng">84987.9706666667</dst>
            <dst id="SNVAng">1588.624</dst>
            <dst id="STTLng">26912.5706666667</dst>
            <dst id="WASHng">31734.0506666667</dst>
        </src>
        <src id="SNVAng">
            <dst id="ATLA-M5">0</dst>
            <dst id="ATLAng">611.8</dst>
            <dst id="CHINng">112.717333333333</dst>
            <dst id="DNVRng">12530.7813333333</dst>
            <dst id="HSTNng">26.6666666666667</dst>
            <dst id="IPLSng">182.256</dst>
            <dst id="KSCYng">0</dst>
            <dst id="LOSAng">34165.8053333333</dst>
            <dst id="NYCMng">281.741333333333</dst>
            <dst id="SNVAng">5942.016</dst>
            <dst id="STTLng">29469.2933333333</dst>
            <dst id="WASHng">26.6666666666667</dst>
        </src>
        <src id="STTLng">
            <dst id="ATLA-M5">329.554666666667</dst>
            <dst id="ATLAng">8920.71733333334</dst>
            <dst id="CHINng">13105.7413333333</dst>
            <dst id="DNVRng">3987.96</dst>
            <dst id="HSTNng">2406.512</dst>
            <dst id="IPLSng">8905.69066666667</dst>
            <dst id="KSCYng">1072.35466666667</dst>
            <dst id="LOSAng">21157.8346666667</dst>
            <dst id="NYCMng">9584.656</dst>
            <dst id="SNVAng">2655.43466666667</dst>
            <dst id="STTLng">5022.31733333333</dst>
            <dst id="WASHng">6842.28533333333</dst>
        </src>
        <src id="WASHng">
            <dst id="ATLA-M5">392.002666666667</dst>
            <dst id="ATLAng">76871.1013333334</dst>
            <dst id="CHINng">52305.1013333333</dst>
            <dst id="DNVRng">63719.104</dst>
            <dst id="HSTNng">8294.23733333333</dst>
            <dst id="IPLSng">50177.1173333333</dst>
            <dst id="KSCYng">12054.96</dst>
            <dst id="LOSAng">71450.0906666667</dst>
            <dst id="NYCMng">153522.714666667</dst>
            <dst id="SNVAng">5453.632</dst>
            <dst id="STTLng">37637.304</dst>
            <dst id="WASHng">194429.645333333</dst>
        </src>
    </IntraTM>
</TrafficMatrixFile>
