<?xml version="1.0" encoding="ISO-8859-1" standalone="yes"?>
<TrafficMatrixFile xsi:noNamespaceSchemaLocation="http://totem.run.montefiore.ulg.ac.be/Schema/TrafficMatrix-v1_2.xsd" xmlns:xsi="http://www.w3.org/2001/XMLSchema-instance">
    <IntraTM ASID="11537">
        <src id="ATLA-M5">
            <dst id="ATLA-M5">0</dst>
            <dst id="ATLAng">26.6666666666667</dst>
            <dst id="CHINng">112.746666666667</dst>
            <dst id="DNVRng">0</dst>
            <dst id="HSTNng">0</dst>
            <dst id="IPLSng">26.6666666666667</dst>
            <dst id="KSCYng">1110.408</dst>
            <dst id="LOSAng">242.450666666667</dst>
            <dst id="NYCMng">26.6666666666667</dst>
            <dst id="SNVAng">0</dst>
            <dst id="STTLng">819.597333333333</dst>
            <dst id="WASHng">1347.376</dst>
        </src>
        <src id="ATLAng">
            <dst id="ATLA-M5">46.424</dst>
            <dst id="ATLAng">35516.0986666667</dst>
            <dst id="CHINng">4783.936</dst>
            <dst id="DNVRng">3649.07733333333</dst>
            <dst id="HSTNng">1686.824</dst>
            <dst id="IPLSng">13425.3146666667</dst>
            <dst id="KSCYng">416.584</dst>
            <dst id="LOSAng">17336.0626666667</dst>
            <dst id="NYCMng">8494.14133333333</dst>
            <dst id="SNVAng">51.3053333333333</dst>
            <dst id="STTLng">6740.41066666667</dst>
            <dst id="WASHng">34819.792</dst>
        </src>
        <src id="CHINng">
            <dst id="ATLA-M5">5503.45866666667</dst>
            <dst id="ATLAng">4006.23733333333</dst>
            <dst id="CHINng">83225.504</dst>
            <dst id="DNVRng">9882.23466666667</dst>
            <dst id="HSTNng">4732.984</dst>
            <dst id="IPLSng">23210.1786666667</dst>
            <dst id="KSCYng">20147.2</dst>
            <dst id="LOSAng">36376.9333333333</dst>
            <dst id="NYCMng">12120.2453333333</dst>
            <dst id="SNVAng">1845.20533333333</dst>
            <dst id="STTLng">3636.064</dst>
            <dst id="WASHng">20196.5253333333</dst>
        </src>
        <src id="DNVRng">
            <dst id="ATLA-M5">281.664</dst>
            <dst id="ATLAng">13622.096</dst>
            <dst id="CHINng">71999.968</dst>
            <dst id="DNVRng">12821.6906666667</dst>
            <dst id="HSTNng">11621.7626666667</dst>
            <dst id="IPLSng">30083.0293333333</dst>
            <dst id="KSCYng">11994.0266666667</dst>
            <dst id="LOSAng">7249.22666666667</dst>
            <dst id="NYCMng">27951.848</dst>
            <dst id="SNVAng">5454.448</dst>
            <dst id="STTLng">7966.54133333333</dst>
            <dst id="WASHng">29331.0426666667</dst>
        </src>
        <src id="HSTNng">
            <dst id="ATLA-M5">165.418666666667</dst>
            <dst id="ATLAng">1253.74933333333</dst>
            <dst id="CHINng">11200.5573333333</dst>
            <dst id="DNVRng">1210.94666666667</dst>
            <dst id="HSTNng">13701.6426666667</dst>
            <dst id="IPLSng">6890.536</dst>
            <dst id="KSCYng">1323.07733333333</dst>
            <dst id="LOSAng">16143.5706666667</dst>
            <dst id="NYCMng">2006.51466666667</dst>
            <dst id="SNVAng">0</dst>
            <dst id="STTLng">355.821333333333</dst>
            <dst id="WASHng">1356.192</dst>
        </src>
        <src id="IPLSng">
            <dst id="ATLA-M5">0</dst>
            <dst id="ATLAng">10175.4533333333</dst>
            <dst id="CHINng">46753.5866666667</dst>
            <dst id="DNVRng">30741.0773333333</dst>
            <dst id="HSTNng">759.122666666667</dst>
            <dst id="IPLSng">30871.7626666667</dst>
            <dst id="KSCYng">3063.90666666667</dst>
            <dst id="LOSAng">21129.0746666667</dst>
            <dst id="NYCMng">25028.9386666667</dst>
            <dst id="SNVAng">178.544</dst>
            <dst id="STTLng">10884.4293333333</dst>
            <dst id="WASHng">17883.496</dst>
        </src>
        <src id="KSCYng">
            <dst id="ATLA-M5">33.344</dst>
            <dst id="ATLAng">777.954666666667</dst>
            <dst id="CHINng">14354.3946666667</dst>
            <dst id="DNVRng">15981.36</dst>
            <dst id="HSTNng">3062.57066666667</dst>
            <dst id="IPLSng">20639.5866666667</dst>
            <dst id="KSCYng">3759.112</dst>
            <dst id="LOSAng">6308.47466666667</dst>
            <dst id="NYCMng">2339.92533333333</dst>
            <dst id="SNVAng">2034.06133333333</dst>
            <dst id="STTLng">5957.632</dst>
            <dst id="WASHng">16730.6613333333</dst>
        </src>
        <src id="LOSAng">
            <dst id="ATLA-M5">49.2053333333333</dst>
            <dst id="ATLAng">8732.61866666667</dst>
            <dst id="CHINng">136761.784</dst>
            <dst id="DNVRng">20651.0666666667</dst>
            <dst id="HSTNng">3978.29066666667</dst>
            <dst id="IPLSng">8375.86133333333</dst>
            <dst id="KSCYng">2892.712</dst>
            <dst id="LOSAng">18055.2026666667</dst>
            <dst id="NYCMng">31389.1973333333</dst>
            <dst id="SNVAng">23558.76</dst>
            <dst id="STTLng">29740.72</dst>
            <dst id="WASHng">16233.7066666667</dst>
        </src>
        <src id="NYCMng">
            <dst id="ATLA-M5">250.421333333333</dst>
            <dst id="ATLAng">8533.05866666667</dst>
            <dst id="CHINng">14599.8826666667</dst>
            <dst id="DNVRng">22941.6186666667</dst>
            <dst id="HSTNng">10282.0293333333</dst>
            <dst id="IPLSng">31396.304</dst>
            <dst id="KSCYng">4567.54133333333</dst>
            <dst id="LOSAng">82847.32</dst>
            <dst id="NYCMng">101408.178666667</dst>
            <dst id="SNVAng">2600.79466666667</dst>
            <dst id="STTLng">19125.7786666667</dst>
            <dst id="WASHng">32662.5813333333</dst>
        </src>
        <src id="SNVAng">
            <dst id="ATLA-M5">0</dst>
            <dst id="ATLAng">26.6666666666667</dst>
            <dst id="CHINng">221.28</dst>
            <dst id="DNVRng">5270.24</dst>
            <dst id="HSTNng">58.8373333333333</dst>
            <dst id="IPLSng">180.648</dst>
            <dst id="KSCYng">0</dst>
            <dst id="LOSAng">34883.5866666667</dst>
            <dst id="NYCMng">365.098666666667</dst>
            <dst id="SNVAng">4249.896</dst>
            <dst id="STTLng">26779.36</dst>
            <dst id="WASHng">26.6666666666667</dst>
        </src>
        <src id="STTLng">
            <dst id="ATLA-M5">327.378666666667</dst>
            <dst id="ATLAng">6861.288</dst>
            <dst id="CHINng">18551.68</dst>
            <dst id="DNVRng">3404.58666666667</dst>
            <dst id="HSTNng">853.770666666667</dst>
            <dst id="IPLSng">3696.38133333333</dst>
            <dst id="KSCYng">1276.51466666667</dst>
            <dst id="LOSAng">19972.64</dst>
            <dst id="NYCMng">12443.4613333333</dst>
            <dst id="SNVAng">3717.76266666667</dst>
            <dst id="STTLng">18118.992</dst>
            <dst id="WASHng">3567.73866666667</dst>
        </src>
        <src id="WASHng">
            <dst id="ATLA-M5">1021.696</dst>
            <dst id="ATLAng">58605.16</dst>
            <dst id="CHINng">84842.9706666667</dst>
            <dst id="DNVRng">39262.5626666667</dst>
            <dst id="HSTNng">27536.2933333333</dst>
            <dst id="IPLSng">45012.0746666667</dst>
            <dst id="KSCYng">11243.3013333333</dst>
            <dst id="LOSAng">64776.6453333333</dst>
            <dst id="NYCMng">130020.301333333</dst>
            <dst id="SNVAng">5605.27466666667</dst>
            <dst id="STTLng">42710.0186666667</dst>
            <dst id="WASHng">258731.373333333</dst>
        </src>
    </IntraTM>
</TrafficMatrixFile>
