<?xml version="1.0" encoding="ISO-8859-1" standalone="yes"?>
<TrafficMatrixFile xsi:noNamespaceSchemaLocation="http://totem.run.montefiore.ulg.ac.be/Schema/TrafficMatrix-v1_2.xsd" xmlns:xsi="http://www.w3.org/2001/XMLSchema-instance">
    <IntraTM ASID="11537">
        <src id="ATLA-M5">
            <dst id="ATLA-M5">107.701333333333</dst>
            <dst id="ATLAng">56.8346666666667</dst>
            <dst id="CHINng">81.3333333333333</dst>
            <dst id="DNVRng">0</dst>
            <dst id="HSTNng">0</dst>
            <dst id="IPLSng">0</dst>
            <dst id="KSCYng">56.9226666666667</dst>
            <dst id="LOSAng">242.488</dst>
            <dst id="NYCMng">80</dst>
            <dst id="SNVAng">0</dst>
            <dst id="STTLng">61.8533333333333</dst>
            <dst id="WASHng">375.901333333333</dst>
        </src>
        <src id="ATLAng">
            <dst id="ATLA-M5">1244.728</dst>
            <dst id="ATLAng">36771.4346666667</dst>
            <dst id="CHINng">3971.88533333333</dst>
            <dst id="DNVRng">3514.17866666667</dst>
            <dst id="HSTNng">560.725333333333</dst>
            <dst id="IPLSng">12121.7466666667</dst>
            <dst id="KSCYng">1553.176</dst>
            <dst id="LOSAng">17481.504</dst>
            <dst id="NYCMng">5993.8</dst>
            <dst id="SNVAng">26.6666666666667</dst>
            <dst id="STTLng">5084.09066666667</dst>
            <dst id="WASHng">27638.8213333333</dst>
        </src>
        <src id="CHINng">
            <dst id="ATLA-M5">633.098666666667</dst>
            <dst id="ATLAng">9609.176</dst>
            <dst id="CHINng">52570.2666666667</dst>
            <dst id="DNVRng">5135.112</dst>
            <dst id="HSTNng">7505.01866666667</dst>
            <dst id="IPLSng">44578.5413333333</dst>
            <dst id="KSCYng">3210.176</dst>
            <dst id="LOSAng">65253.2346666667</dst>
            <dst id="NYCMng">11788.896</dst>
            <dst id="SNVAng">4519.04</dst>
            <dst id="STTLng">5762.75733333333</dst>
            <dst id="WASHng">24388.2</dst>
        </src>
        <src id="DNVRng">
            <dst id="ATLA-M5">495.176</dst>
            <dst id="ATLAng">7847.02933333333</dst>
            <dst id="CHINng">45182.8853333333</dst>
            <dst id="DNVRng">21218.2346666667</dst>
            <dst id="HSTNng">16855.64</dst>
            <dst id="IPLSng">27512.9013333333</dst>
            <dst id="KSCYng">21138.2693333333</dst>
            <dst id="LOSAng">36579.5146666667</dst>
            <dst id="NYCMng">16661.3413333333</dst>
            <dst id="SNVAng">26983.192</dst>
            <dst id="STTLng">10603.464</dst>
            <dst id="WASHng">31769.1066666667</dst>
        </src>
        <src id="HSTNng">
            <dst id="ATLA-M5">632.725333333333</dst>
            <dst id="ATLAng">2805.608</dst>
            <dst id="CHINng">5487.49333333333</dst>
            <dst id="DNVRng">754.378666666667</dst>
            <dst id="HSTNng">11204.5413333333</dst>
            <dst id="IPLSng">7304.344</dst>
            <dst id="KSCYng">2022.60266666667</dst>
            <dst id="LOSAng">7894.536</dst>
            <dst id="NYCMng">4611.024</dst>
            <dst id="SNVAng">0</dst>
            <dst id="STTLng">1323.45866666667</dst>
            <dst id="WASHng">14539.9413333333</dst>
        </src>
        <src id="IPLSng">
            <dst id="ATLA-M5">73.256</dst>
            <dst id="ATLAng">18946.872</dst>
            <dst id="CHINng">42131.9866666667</dst>
            <dst id="DNVRng">19077.6506666667</dst>
            <dst id="HSTNng">3951.91466666667</dst>
            <dst id="IPLSng">11242.096</dst>
            <dst id="KSCYng">4759.66933333333</dst>
            <dst id="LOSAng">22051.656</dst>
            <dst id="NYCMng">34055.2853333333</dst>
            <dst id="SNVAng">457.290666666667</dst>
            <dst id="STTLng">10995.5013333333</dst>
            <dst id="WASHng">16307.3813333333</dst>
        </src>
        <src id="KSCYng">
            <dst id="ATLA-M5">1014.42933333333</dst>
            <dst id="ATLAng">2551.368</dst>
            <dst id="CHINng">10688.8426666667</dst>
            <dst id="DNVRng">9765.23466666667</dst>
            <dst id="HSTNng">3803.32266666667</dst>
            <dst id="IPLSng">9447.98933333333</dst>
            <dst id="KSCYng">7139.264</dst>
            <dst id="LOSAng">5902.05866666667</dst>
            <dst id="NYCMng">3076.76</dst>
            <dst id="SNVAng">2674.472</dst>
            <dst id="STTLng">5589.56266666667</dst>
            <dst id="WASHng">7903.848</dst>
        </src>
        <src id="LOSAng">
            <dst id="ATLA-M5">66.4426666666667</dst>
            <dst id="ATLAng">14262.464</dst>
            <dst id="CHINng">74742.8</dst>
            <dst id="DNVRng">5855.416</dst>
            <dst id="HSTNng">6026.72266666667</dst>
            <dst id="IPLSng">14867.272</dst>
            <dst id="KSCYng">3205.82933333333</dst>
            <dst id="LOSAng">136100.986666667</dst>
            <dst id="NYCMng">25023.8693333333</dst>
            <dst id="SNVAng">12074.472</dst>
            <dst id="STTLng">28640.1573333333</dst>
            <dst id="WASHng">35847.2613333333</dst>
        </src>
        <src id="NYCMng">
            <dst id="ATLA-M5">681.685333333333</dst>
            <dst id="ATLAng">17466.0773333333</dst>
            <dst id="CHINng">15011.2346666667</dst>
            <dst id="DNVRng">25924.384</dst>
            <dst id="HSTNng">10430.3093333333</dst>
            <dst id="IPLSng">27761.9386666667</dst>
            <dst id="KSCYng">9381.832</dst>
            <dst id="LOSAng">68932.2293333333</dst>
            <dst id="NYCMng">65551.1786666667</dst>
            <dst id="SNVAng">1690.2</dst>
            <dst id="STTLng">18730.184</dst>
            <dst id="WASHng">49636.3733333333</dst>
        </src>
        <src id="SNVAng">
            <dst id="ATLA-M5">0</dst>
            <dst id="ATLAng">693.008</dst>
            <dst id="CHINng">306.928</dst>
            <dst id="DNVRng">9369.21066666667</dst>
            <dst id="HSTNng">1990.21866666667</dst>
            <dst id="IPLSng">151.88</dst>
            <dst id="KSCYng">0</dst>
            <dst id="LOSAng">37986.1973333333</dst>
            <dst id="NYCMng">271.264</dst>
            <dst id="SNVAng">8345.54666666667</dst>
            <dst id="STTLng">36009.5386666667</dst>
            <dst id="WASHng">180.056</dst>
        </src>
        <src id="STTLng">
            <dst id="ATLA-M5">0</dst>
            <dst id="ATLAng">6589.36533333333</dst>
            <dst id="CHINng">11227.2213333333</dst>
            <dst id="DNVRng">3455.49066666667</dst>
            <dst id="HSTNng">2389.30133333333</dst>
            <dst id="IPLSng">5950.96533333333</dst>
            <dst id="KSCYng">3031.72533333333</dst>
            <dst id="LOSAng">337585.226666667</dst>
            <dst id="NYCMng">11052.9066666667</dst>
            <dst id="SNVAng">3865.12533333333</dst>
            <dst id="STTLng">21861.0586666667</dst>
            <dst id="WASHng">8354.57066666666</dst>
        </src>
        <src id="WASHng">
            <dst id="ATLA-M5">900.245333333333</dst>
            <dst id="ATLAng">109747.946666667</dst>
            <dst id="CHINng">85853.8026666667</dst>
            <dst id="DNVRng">70381.984</dst>
            <dst id="HSTNng">33950.12</dst>
            <dst id="IPLSng">69507.9146666667</dst>
            <dst id="KSCYng">13912.832</dst>
            <dst id="LOSAng">76122.7066666667</dst>
            <dst id="NYCMng">178441.594666667</dst>
            <dst id="SNVAng">4361.39733333333</dst>
            <dst id="STTLng">46927.472</dst>
            <dst id="WASHng">178285.413333333</dst>
        </src>
    </IntraTM>
</TrafficMatrixFile>
