<?xml version="1.0" encoding="ISO-8859-1" standalone="yes"?>
<TrafficMatrixFile xsi:noNamespaceSchemaLocation="http://totem.run.montefiore.ulg.ac.be/Schema/TrafficMatrix-v1_2.xsd" xmlns:xsi="http://www.w3.org/2001/XMLSchema-instance">
    <IntraTM ASID="11537">
        <src id="ATLA-M5">
            <dst id="ATLA-M5">0</dst>
            <dst id="ATLAng">0</dst>
            <dst id="CHINng">114.685333333333</dst>
            <dst id="DNVRng">26.6666666666667</dst>
            <dst id="HSTNng">103.544</dst>
            <dst id="IPLSng">0</dst>
            <dst id="KSCYng">26.6666666666667</dst>
            <dst id="LOSAng">184.602666666667</dst>
            <dst id="NYCMng">26.6666666666667</dst>
            <dst id="SNVAng">0</dst>
            <dst id="STTLng">469.109333333333</dst>
            <dst id="WASHng">493.48</dst>
        </src>
        <src id="ATLAng">
            <dst id="ATLA-M5">151.533333333333</dst>
            <dst id="ATLAng">9941.29333333333</dst>
            <dst id="CHINng">2315.808</dst>
            <dst id="DNVRng">3207.96</dst>
            <dst id="HSTNng">199.352</dst>
            <dst id="IPLSng">27705.4533333333</dst>
            <dst id="KSCYng">303.114666666667</dst>
            <dst id="LOSAng">8474.392</dst>
            <dst id="NYCMng">6619.784</dst>
            <dst id="SNVAng">196.650666666667</dst>
            <dst id="STTLng">10359.68</dst>
            <dst id="WASHng">38451.4453333333</dst>
        </src>
        <src id="CHINng">
            <dst id="ATLA-M5">143.429333333333</dst>
            <dst id="ATLAng">7651.24</dst>
            <dst id="CHINng">49832.368</dst>
            <dst id="DNVRng">6376.80266666667</dst>
            <dst id="HSTNng">5016.85866666667</dst>
            <dst id="IPLSng">67284.16</dst>
            <dst id="KSCYng">5018.93866666667</dst>
            <dst id="LOSAng">38138.5226666667</dst>
            <dst id="NYCMng">10719.408</dst>
            <dst id="SNVAng">749.728</dst>
            <dst id="STTLng">4718.96533333333</dst>
            <dst id="WASHng">42249.1253333333</dst>
        </src>
        <src id="DNVRng">
            <dst id="ATLA-M5">147.608</dst>
            <dst id="ATLAng">2786.49866666667</dst>
            <dst id="CHINng">63388.5333333333</dst>
            <dst id="DNVRng">8490.616</dst>
            <dst id="HSTNng">15792.8906666667</dst>
            <dst id="IPLSng">33267.296</dst>
            <dst id="KSCYng">21195.3226666667</dst>
            <dst id="LOSAng">29968.7733333333</dst>
            <dst id="NYCMng">13259.9973333333</dst>
            <dst id="SNVAng">12463.888</dst>
            <dst id="STTLng">10779.2293333333</dst>
            <dst id="WASHng">33211.8026666667</dst>
        </src>
        <src id="HSTNng">
            <dst id="ATLA-M5">3032.696</dst>
            <dst id="ATLAng">773.96</dst>
            <dst id="CHINng">18830.096</dst>
            <dst id="DNVRng">557.661333333333</dst>
            <dst id="HSTNng">19009.2053333333</dst>
            <dst id="IPLSng">2029.53866666667</dst>
            <dst id="KSCYng">472.573333333333</dst>
            <dst id="LOSAng">23416.0666666667</dst>
            <dst id="NYCMng">4454.728</dst>
            <dst id="SNVAng">53.3333333333333</dst>
            <dst id="STTLng">114.634666666667</dst>
            <dst id="WASHng">1334.94666666667</dst>
        </src>
        <src id="IPLSng">
            <dst id="ATLA-M5">0</dst>
            <dst id="ATLAng">9606.104</dst>
            <dst id="CHINng">85921.7493333333</dst>
            <dst id="DNVRng">13260.7946666667</dst>
            <dst id="HSTNng">3167.176</dst>
            <dst id="IPLSng">21174.0213333333</dst>
            <dst id="KSCYng">20166.872</dst>
            <dst id="LOSAng">14683.728</dst>
            <dst id="NYCMng">15207.4</dst>
            <dst id="SNVAng">461.645333333333</dst>
            <dst id="STTLng">10029.64</dst>
            <dst id="WASHng">37047.4506666667</dst>
        </src>
        <src id="KSCYng">
            <dst id="ATLA-M5">853.696</dst>
            <dst id="ATLAng">864.762666666667</dst>
            <dst id="CHINng">17030.1466666667</dst>
            <dst id="DNVRng">20181.7386666667</dst>
            <dst id="HSTNng">3040.43466666667</dst>
            <dst id="IPLSng">11092.9466666667</dst>
            <dst id="KSCYng">7721.57066666667</dst>
            <dst id="LOSAng">6495.66933333334</dst>
            <dst id="NYCMng">2332.40266666667</dst>
            <dst id="SNVAng">3056.256</dst>
            <dst id="STTLng">3694.97333333333</dst>
            <dst id="WASHng">5817.224</dst>
        </src>
        <src id="LOSAng">
            <dst id="ATLA-M5">566.208</dst>
            <dst id="ATLAng">27142.8586666667</dst>
            <dst id="CHINng">105856.72</dst>
            <dst id="DNVRng">20905.984</dst>
            <dst id="HSTNng">3495.832</dst>
            <dst id="IPLSng">9838.968</dst>
            <dst id="KSCYng">3397.29333333333</dst>
            <dst id="LOSAng">18350.888</dst>
            <dst id="NYCMng">42006.5893333333</dst>
            <dst id="SNVAng">10559.7653333333</dst>
            <dst id="STTLng">31165.4613333333</dst>
            <dst id="WASHng">12354.0746666667</dst>
        </src>
        <src id="NYCMng">
            <dst id="ATLA-M5">525.869333333333</dst>
            <dst id="ATLAng">22357.7013333333</dst>
            <dst id="CHINng">10054.2453333333</dst>
            <dst id="DNVRng">27427.6186666667</dst>
            <dst id="HSTNng">6859.24</dst>
            <dst id="IPLSng">13180.5813333333</dst>
            <dst id="KSCYng">4863.592</dst>
            <dst id="LOSAng">79732.6853333333</dst>
            <dst id="NYCMng">91137.6506666667</dst>
            <dst id="SNVAng">2253.008</dst>
            <dst id="STTLng">16931.0426666667</dst>
            <dst id="WASHng">55138.624</dst>
        </src>
        <src id="SNVAng">
            <dst id="ATLA-M5">0</dst>
            <dst id="ATLAng">26.6666666666667</dst>
            <dst id="CHINng">0</dst>
            <dst id="DNVRng">4436.86933333333</dst>
            <dst id="HSTNng">36.5866666666667</dst>
            <dst id="IPLSng">215.896</dst>
            <dst id="KSCYng">26.6666666666667</dst>
            <dst id="LOSAng">37379.2266666667</dst>
            <dst id="NYCMng">8799.464</dst>
            <dst id="SNVAng">7875.39733333333</dst>
            <dst id="STTLng">32667.72</dst>
            <dst id="WASHng">26.6666666666667</dst>
        </src>
        <src id="STTLng">
            <dst id="ATLA-M5">26.6666666666667</dst>
            <dst id="ATLAng">5530.89333333333</dst>
            <dst id="CHINng">21351.8373333333</dst>
            <dst id="DNVRng">11797.8906666667</dst>
            <dst id="HSTNng">1033.93866666667</dst>
            <dst id="IPLSng">5674.00266666667</dst>
            <dst id="KSCYng">997.370666666666</dst>
            <dst id="LOSAng">17492.1786666667</dst>
            <dst id="NYCMng">20361.24</dst>
            <dst id="SNVAng">2992.43733333333</dst>
            <dst id="STTLng">4109.99733333333</dst>
            <dst id="WASHng">5695.00266666667</dst>
        </src>
        <src id="WASHng">
            <dst id="ATLA-M5">141.008</dst>
            <dst id="ATLAng">110091.842666667</dst>
            <dst id="CHINng">40649.6826666667</dst>
            <dst id="DNVRng">43125.2426666667</dst>
            <dst id="HSTNng">24931.7733333333</dst>
            <dst id="IPLSng">62238.4026666667</dst>
            <dst id="KSCYng">7935.856</dst>
            <dst id="LOSAng">71894.24</dst>
            <dst id="NYCMng">137962.24</dst>
            <dst id="SNVAng">9814.04533333333</dst>
            <dst id="STTLng">24279.0666666667</dst>
            <dst id="WASHng">378546.986666667</dst>
        </src>
    </IntraTM>
</TrafficMatrixFile>
