<?xml version="1.0" encoding="ISO-8859-1" standalone="yes"?>
<TrafficMatrixFile xsi:noNamespaceSchemaLocation="http://totem.run.montefiore.ulg.ac.be/Schema/TrafficMatrix-v1_2.xsd" xmlns:xsi="http://www.w3.org/2001/XMLSchema-instance">
    <IntraTM ASID="11537">
        <src id="ATLA-M5">
            <dst id="ATLA-M5">737.994666666667</dst>
            <dst id="ATLAng">53.3333333333333</dst>
            <dst id="CHINng">53.2986666666667</dst>
            <dst id="DNVRng">0</dst>
            <dst id="HSTNng">79.9173333333333</dst>
            <dst id="IPLSng">0</dst>
            <dst id="KSCYng">26.6666666666667</dst>
            <dst id="LOSAng">389.898666666667</dst>
            <dst id="NYCMng">26.6666666666667</dst>
            <dst id="SNVAng">13.3333333333333</dst>
            <dst id="STTLng">26.6666666666667</dst>
            <dst id="WASHng">1740.25333333333</dst>
        </src>
        <src id="ATLAng">
            <dst id="ATLA-M5">53.3333333333333</dst>
            <dst id="ATLAng">33641.2373333333</dst>
            <dst id="CHINng">3410.89333333333</dst>
            <dst id="DNVRng">2671.49066666667</dst>
            <dst id="HSTNng">965.098666666667</dst>
            <dst id="IPLSng">25303.064</dst>
            <dst id="KSCYng">895.730666666666</dst>
            <dst id="LOSAng">7372.36</dst>
            <dst id="NYCMng">6412.976</dst>
            <dst id="SNVAng">93.3333333333333</dst>
            <dst id="STTLng">10440.7813333333</dst>
            <dst id="WASHng">38281.3893333333</dst>
        </src>
        <src id="CHINng">
            <dst id="ATLA-M5">102.56</dst>
            <dst id="ATLAng">7493.90933333333</dst>
            <dst id="CHINng">57383.5253333333</dst>
            <dst id="DNVRng">10020.6986666667</dst>
            <dst id="HSTNng">5907.00266666667</dst>
            <dst id="IPLSng">68806.4373333333</dst>
            <dst id="KSCYng">3610.77066666667</dst>
            <dst id="LOSAng">31481.3413333333</dst>
            <dst id="NYCMng">7199.04533333333</dst>
            <dst id="SNVAng">316.837333333333</dst>
            <dst id="STTLng">6528.128</dst>
            <dst id="WASHng">12532.576</dst>
        </src>
        <src id="DNVRng">
            <dst id="ATLA-M5">714.173333333333</dst>
            <dst id="ATLAng">4892.06666666667</dst>
            <dst id="CHINng">62490.624</dst>
            <dst id="DNVRng">14524.8986666667</dst>
            <dst id="HSTNng">18059.9813333333</dst>
            <dst id="IPLSng">42128.2986666667</dst>
            <dst id="KSCYng">29440.256</dst>
            <dst id="LOSAng">27181.064</dst>
            <dst id="NYCMng">21725.0853333333</dst>
            <dst id="SNVAng">18396.5306666667</dst>
            <dst id="STTLng">15794.3786666667</dst>
            <dst id="WASHng">30890.5466666667</dst>
        </src>
        <src id="HSTNng">
            <dst id="ATLA-M5">2294.52</dst>
            <dst id="ATLAng">591.712</dst>
            <dst id="CHINng">13683.5333333333</dst>
            <dst id="DNVRng">1334.832</dst>
            <dst id="HSTNng">15045.1253333333</dst>
            <dst id="IPLSng">3534.20533333333</dst>
            <dst id="KSCYng">581.429333333333</dst>
            <dst id="LOSAng">3558.51733333333</dst>
            <dst id="NYCMng">5735.32</dst>
            <dst id="SNVAng">0</dst>
            <dst id="STTLng">2728.54666666667</dst>
            <dst id="WASHng">690.168</dst>
        </src>
        <src id="IPLSng">
            <dst id="ATLA-M5">0</dst>
            <dst id="ATLAng">11637.024</dst>
            <dst id="CHINng">75776.008</dst>
            <dst id="DNVRng">17214.96</dst>
            <dst id="HSTNng">16725.984</dst>
            <dst id="IPLSng">10198.8986666667</dst>
            <dst id="KSCYng">3930.54133333333</dst>
            <dst id="LOSAng">11172.456</dst>
            <dst id="NYCMng">17700.4506666667</dst>
            <dst id="SNVAng">7558.656</dst>
            <dst id="STTLng">8603.46933333333</dst>
            <dst id="WASHng">11523.312</dst>
        </src>
        <src id="KSCYng">
            <dst id="ATLA-M5">26.6666666666667</dst>
            <dst id="ATLAng">989.629333333333</dst>
            <dst id="CHINng">13196.1706666667</dst>
            <dst id="DNVRng">10559.168</dst>
            <dst id="HSTNng">2451.53866666667</dst>
            <dst id="IPLSng">12154.456</dst>
            <dst id="KSCYng">11205.8693333333</dst>
            <dst id="LOSAng">5063.616</dst>
            <dst id="NYCMng">3666.872</dst>
            <dst id="SNVAng">2042.70133333333</dst>
            <dst id="STTLng">9712.528</dst>
            <dst id="WASHng">5202.80266666667</dst>
        </src>
        <src id="LOSAng">
            <dst id="ATLA-M5">653.445333333333</dst>
            <dst id="ATLAng">6917.848</dst>
            <dst id="CHINng">117370.197333333</dst>
            <dst id="DNVRng">5317.45866666667</dst>
            <dst id="HSTNng">1225.368</dst>
            <dst id="IPLSng">14618.9093333333</dst>
            <dst id="KSCYng">3093.23466666667</dst>
            <dst id="LOSAng">14461.44</dst>
            <dst id="NYCMng">37239.536</dst>
            <dst id="SNVAng">17927.3786666667</dst>
            <dst id="STTLng">35844.6373333333</dst>
            <dst id="WASHng">33372.752</dst>
        </src>
        <src id="NYCMng">
            <dst id="ATLA-M5">189.704</dst>
            <dst id="ATLAng">16659.4613333333</dst>
            <dst id="CHINng">10573.4853333333</dst>
            <dst id="DNVRng">22139.1573333333</dst>
            <dst id="HSTNng">5057.22933333333</dst>
            <dst id="IPLSng">15881.3173333333</dst>
            <dst id="KSCYng">4862.08</dst>
            <dst id="LOSAng">78954.9893333333</dst>
            <dst id="NYCMng">97900.232</dst>
            <dst id="SNVAng">862.576</dst>
            <dst id="STTLng">21775.048</dst>
            <dst id="WASHng">43488.3946666667</dst>
        </src>
        <src id="SNVAng">
            <dst id="ATLA-M5">0</dst>
            <dst id="ATLAng">83.272</dst>
            <dst id="CHINng">26.6666666666667</dst>
            <dst id="DNVRng">8826.432</dst>
            <dst id="HSTNng">33.4293333333333</dst>
            <dst id="IPLSng">256.421333333333</dst>
            <dst id="KSCYng">26.6666666666667</dst>
            <dst id="LOSAng">29679.1653333333</dst>
            <dst id="NYCMng">363.157333333333</dst>
            <dst id="SNVAng">5263.368</dst>
            <dst id="STTLng">25692.2586666667</dst>
            <dst id="WASHng">0</dst>
        </src>
        <src id="STTLng">
            <dst id="ATLA-M5">0</dst>
            <dst id="ATLAng">7459.16266666667</dst>
            <dst id="CHINng">22373.7706666667</dst>
            <dst id="DNVRng">12393.7173333333</dst>
            <dst id="HSTNng">977.928</dst>
            <dst id="IPLSng">5025.488</dst>
            <dst id="KSCYng">965.928</dst>
            <dst id="LOSAng">16434.768</dst>
            <dst id="NYCMng">8622.04533333333</dst>
            <dst id="SNVAng">2738.72266666667</dst>
            <dst id="STTLng">7517.936</dst>
            <dst id="WASHng">9620.088</dst>
        </src>
        <src id="WASHng">
            <dst id="ATLA-M5">76.5813333333333</dst>
            <dst id="ATLAng">91679.328</dst>
            <dst id="CHINng">40479.3093333333</dst>
            <dst id="DNVRng">47462.16</dst>
            <dst id="HSTNng">8690.184</dst>
            <dst id="IPLSng">59643.8586666667</dst>
            <dst id="KSCYng">11462.1973333333</dst>
            <dst id="LOSAng">69753.5546666667</dst>
            <dst id="NYCMng">128245.237333333</dst>
            <dst id="SNVAng">6267.47466666667</dst>
            <dst id="STTLng">31624.0666666667</dst>
            <dst id="WASHng">420920.16</dst>
        </src>
    </IntraTM>
</TrafficMatrixFile>
