<?xml version="1.0" encoding="ISO-8859-1" standalone="yes"?>
<TrafficMatrixFile xsi:noNamespaceSchemaLocation="http://totem.run.montefiore.ulg.ac.be/Schema/TrafficMatrix-v1_2.xsd" xmlns:xsi="http://www.w3.org/2001/XMLSchema-instance">
    <IntraTM ASID="11537">
        <src id="ATLA-M5">
            <dst id="ATLA-M5">0</dst>
            <dst id="ATLAng">128.016</dst>
            <dst id="CHINng">110.4</dst>
            <dst id="DNVRng">0</dst>
            <dst id="HSTNng">0</dst>
            <dst id="IPLSng">53.3333333333333</dst>
            <dst id="KSCYng">511.498666666667</dst>
            <dst id="LOSAng">312.069333333333</dst>
            <dst id="NYCMng">302.450666666667</dst>
            <dst id="SNVAng">0</dst>
            <dst id="STTLng">356.192</dst>
            <dst id="WASHng">408.957333333333</dst>
        </src>
        <src id="ATLAng">
            <dst id="ATLA-M5">73.0453333333333</dst>
            <dst id="ATLAng">33147.8266666667</dst>
            <dst id="CHINng">2997.66666666667</dst>
            <dst id="DNVRng">3878.928</dst>
            <dst id="HSTNng">16485.04</dst>
            <dst id="IPLSng">12066.3066666667</dst>
            <dst id="KSCYng">2445.992</dst>
            <dst id="LOSAng">12542.332</dst>
            <dst id="NYCMng">1464.21066666667</dst>
            <dst id="SNVAng">21.1346666666667</dst>
            <dst id="STTLng">6360.24533333333</dst>
            <dst id="WASHng">19797.2186666667</dst>
        </src>
        <src id="CHINng">
            <dst id="ATLA-M5">6138.42133333333</dst>
            <dst id="ATLAng">9192.81066666666</dst>
            <dst id="CHINng">60612.728</dst>
            <dst id="DNVRng">7522.344</dst>
            <dst id="HSTNng">4913.56</dst>
            <dst id="IPLSng">34780.3706666667</dst>
            <dst id="KSCYng">5586.02666666667</dst>
            <dst id="LOSAng">41128.136</dst>
            <dst id="NYCMng">9806.04</dst>
            <dst id="SNVAng">2274.096</dst>
            <dst id="STTLng">5950.472</dst>
            <dst id="WASHng">32873.1893333333</dst>
        </src>
        <src id="DNVRng">
            <dst id="ATLA-M5">68.96</dst>
            <dst id="ATLAng">15207.176</dst>
            <dst id="CHINng">52407.9946666667</dst>
            <dst id="DNVRng">11671.816</dst>
            <dst id="HSTNng">18418.4213333333</dst>
            <dst id="IPLSng">34583.128</dst>
            <dst id="KSCYng">17901.896</dst>
            <dst id="LOSAng">8545.41066666667</dst>
            <dst id="NYCMng">12479.56</dst>
            <dst id="SNVAng">7307.29333333333</dst>
            <dst id="STTLng">10948.136</dst>
            <dst id="WASHng">29427.4533333333</dst>
        </src>
        <src id="HSTNng">
            <dst id="ATLA-M5">1349.96533333333</dst>
            <dst id="ATLAng">5024.07466666667</dst>
            <dst id="CHINng">8201.12266666667</dst>
            <dst id="DNVRng">1388.02666666667</dst>
            <dst id="HSTNng">13544.0106666667</dst>
            <dst id="IPLSng">9981.384</dst>
            <dst id="KSCYng">2104.832</dst>
            <dst id="LOSAng">11920.5226666667</dst>
            <dst id="NYCMng">2739.696</dst>
            <dst id="SNVAng">0</dst>
            <dst id="STTLng">1302.77066666667</dst>
            <dst id="WASHng">4244.06933333333</dst>
        </src>
        <src id="IPLSng">
            <dst id="ATLA-M5">1182.64533333333</dst>
            <dst id="ATLAng">14080.7626666667</dst>
            <dst id="CHINng">49847.6906666666</dst>
            <dst id="DNVRng">19372.9946666667</dst>
            <dst id="HSTNng">1277.536</dst>
            <dst id="IPLSng">10441.952</dst>
            <dst id="KSCYng">5084.976</dst>
            <dst id="LOSAng">21885.7466666667</dst>
            <dst id="NYCMng">32976.144</dst>
            <dst id="SNVAng">542.037333333333</dst>
            <dst id="STTLng">5190.288</dst>
            <dst id="WASHng">10069.7626666667</dst>
        </src>
        <src id="KSCYng">
            <dst id="ATLA-M5">1576.49866666667</dst>
            <dst id="ATLAng">1417.75466666667</dst>
            <dst id="CHINng">11094.0426666667</dst>
            <dst id="DNVRng">10789.9386666667</dst>
            <dst id="HSTNng">3340.39466666667</dst>
            <dst id="IPLSng">13666.7093333333</dst>
            <dst id="KSCYng">7720.96533333333</dst>
            <dst id="LOSAng">7600.63466666667</dst>
            <dst id="NYCMng">2734.08</dst>
            <dst id="SNVAng">2331.512</dst>
            <dst id="STTLng">8284.33866666667</dst>
            <dst id="WASHng">7448.624</dst>
        </src>
        <src id="LOSAng">
            <dst id="ATLA-M5">169.098666666667</dst>
            <dst id="ATLAng">13258.5813333333</dst>
            <dst id="CHINng">66679.176</dst>
            <dst id="DNVRng">23640.2586666667</dst>
            <dst id="HSTNng">5079.376</dst>
            <dst id="IPLSng">20141.2906666667</dst>
            <dst id="KSCYng">2889.912</dst>
            <dst id="LOSAng">24097.3093333333</dst>
            <dst id="NYCMng">26131.7706666667</dst>
            <dst id="SNVAng">23109.7253333333</dst>
            <dst id="STTLng">49967.9946666667</dst>
            <dst id="WASHng">29303.6373333333</dst>
        </src>
        <src id="NYCMng">
            <dst id="ATLA-M5">4082.976</dst>
            <dst id="ATLAng">17518.68</dst>
            <dst id="CHINng">7869.824</dst>
            <dst id="DNVRng">35555.256</dst>
            <dst id="HSTNng">12529.176</dst>
            <dst id="IPLSng">20027.7253333333</dst>
            <dst id="KSCYng">4297.06666666667</dst>
            <dst id="LOSAng">70434.768</dst>
            <dst id="NYCMng">78122.5786666667</dst>
            <dst id="SNVAng">1389.8</dst>
            <dst id="STTLng">29394.8026666667</dst>
            <dst id="WASHng">35738.5013333333</dst>
        </src>
        <src id="SNVAng">
            <dst id="ATLA-M5">0</dst>
            <dst id="ATLAng">642.8</dst>
            <dst id="CHINng">26.6666666666667</dst>
            <dst id="DNVRng">8399.25333333333</dst>
            <dst id="HSTNng">674.090666666667</dst>
            <dst id="IPLSng">196.992</dst>
            <dst id="KSCYng">0</dst>
            <dst id="LOSAng">37144.4666666667</dst>
            <dst id="NYCMng">318.581333333333</dst>
            <dst id="SNVAng">7966.488</dst>
            <dst id="STTLng">29969.8746666667</dst>
            <dst id="WASHng">26.6666666666667</dst>
        </src>
        <src id="STTLng">
            <dst id="ATLA-M5">260.56</dst>
            <dst id="ATLAng">6756.93333333333</dst>
            <dst id="CHINng">12288.9226666667</dst>
            <dst id="DNVRng">3610.26133333333</dst>
            <dst id="HSTNng">2318.848</dst>
            <dst id="IPLSng">16437.7973333333</dst>
            <dst id="KSCYng">2945.43466666667</dst>
            <dst id="LOSAng">20486.792</dst>
            <dst id="NYCMng">15094.976</dst>
            <dst id="SNVAng">2235.71466666667</dst>
            <dst id="STTLng">22467.2026666667</dst>
            <dst id="WASHng">11370.0373333333</dst>
        </src>
        <src id="WASHng">
            <dst id="ATLA-M5">88.7093333333333</dst>
            <dst id="ATLAng">81985.2826666667</dst>
            <dst id="CHINng">106568.744</dst>
            <dst id="DNVRng">61926.408</dst>
            <dst id="HSTNng">23672.056</dst>
            <dst id="IPLSng">58395.5466666667</dst>
            <dst id="KSCYng">14837.9813333333</dst>
            <dst id="LOSAng">79981.328</dst>
            <dst id="NYCMng">140329.136</dst>
            <dst id="SNVAng">3621.776</dst>
            <dst id="STTLng">65617.5466666667</dst>
            <dst id="WASHng">299213.066666667</dst>
        </src>
    </IntraTM>
</TrafficMatrixFile>
