<?xml version="1.0" encoding="ISO-8859-1" standalone="yes"?>
<TrafficMatrixFile xsi:noNamespaceSchemaLocation="http://totem.run.montefiore.ulg.ac.be/Schema/TrafficMatrix-v1_2.xsd" xmlns:xsi="http://www.w3.org/2001/XMLSchema-instance">
    <IntraTM ASID="11537">
        <src id="ATLA-M5">
            <dst id="ATLA-M5">0</dst>
            <dst id="ATLAng">26.6666666666667</dst>
            <dst id="CHINng">167.093333333333</dst>
            <dst id="DNVRng">0</dst>
            <dst id="HSTNng">26.6666666666667</dst>
            <dst id="IPLSng">98.4533333333334</dst>
            <dst id="KSCYng">1052.00533333333</dst>
            <dst id="LOSAng">228.357333333333</dst>
            <dst id="NYCMng">0</dst>
            <dst id="SNVAng">0</dst>
            <dst id="STTLng">443.890666666667</dst>
            <dst id="WASHng">245.52</dst>
        </src>
        <src id="ATLAng">
            <dst id="ATLA-M5">883.274666666667</dst>
            <dst id="ATLAng">34953.048</dst>
            <dst id="CHINng">4085.392</dst>
            <dst id="DNVRng">4703.39733333334</dst>
            <dst id="HSTNng">2355.34133333333</dst>
            <dst id="IPLSng">11820.6026666667</dst>
            <dst id="KSCYng">845.970666666667</dst>
            <dst id="LOSAng">16895.408</dst>
            <dst id="NYCMng">6742.33066666666</dst>
            <dst id="SNVAng">0</dst>
            <dst id="STTLng">5028.448</dst>
            <dst id="WASHng">21865.8426666667</dst>
        </src>
        <src id="CHINng">
            <dst id="ATLA-M5">654.850666666667</dst>
            <dst id="ATLAng">12741.832</dst>
            <dst id="CHINng">56902.3066666667</dst>
            <dst id="DNVRng">17400.9093333333</dst>
            <dst id="HSTNng">8187.24533333333</dst>
            <dst id="IPLSng">57691.3973333333</dst>
            <dst id="KSCYng">4730.13866666667</dst>
            <dst id="LOSAng">39160.5333333333</dst>
            <dst id="NYCMng">10285.8613333333</dst>
            <dst id="SNVAng">1101.632</dst>
            <dst id="STTLng">4742.71466666667</dst>
            <dst id="WASHng">25413.96</dst>
        </src>
        <src id="DNVRng">
            <dst id="ATLA-M5">232.8</dst>
            <dst id="ATLAng">14240.4266666667</dst>
            <dst id="CHINng">45228.6666666667</dst>
            <dst id="DNVRng">6095.544</dst>
            <dst id="HSTNng">10669.392</dst>
            <dst id="IPLSng">27189.304</dst>
            <dst id="KSCYng">10113.6853333333</dst>
            <dst id="LOSAng">12864.0613333333</dst>
            <dst id="NYCMng">15432.1573333333</dst>
            <dst id="SNVAng">22386.24</dst>
            <dst id="STTLng">4152.456</dst>
            <dst id="WASHng">27494.7306666667</dst>
        </src>
        <src id="HSTNng">
            <dst id="ATLA-M5">160.885333333333</dst>
            <dst id="ATLAng">8970.31733333333</dst>
            <dst id="CHINng">5917.22666666667</dst>
            <dst id="DNVRng">786.234666666667</dst>
            <dst id="HSTNng">15449.848</dst>
            <dst id="IPLSng">9228.33333333333</dst>
            <dst id="KSCYng">2433.67733333333</dst>
            <dst id="LOSAng">3726.632</dst>
            <dst id="NYCMng">3567.61333333333</dst>
            <dst id="SNVAng">0</dst>
            <dst id="STTLng">1385.63733333333</dst>
            <dst id="WASHng">15963.1573333333</dst>
        </src>
        <src id="IPLSng">
            <dst id="ATLA-M5">49.576</dst>
            <dst id="ATLAng">12823.336</dst>
            <dst id="CHINng">43899.3013333333</dst>
            <dst id="DNVRng">17237.688</dst>
            <dst id="HSTNng">1081.42666666667</dst>
            <dst id="IPLSng">13374.2266666667</dst>
            <dst id="KSCYng">2860.384</dst>
            <dst id="LOSAng">18710.8</dst>
            <dst id="NYCMng">24034.816</dst>
            <dst id="SNVAng">512.325333333333</dst>
            <dst id="STTLng">11528.7386666667</dst>
            <dst id="WASHng">14512.968</dst>
        </src>
        <src id="KSCYng">
            <dst id="ATLA-M5">1191.34133333333</dst>
            <dst id="ATLAng">2262.05066666667</dst>
            <dst id="CHINng">14020.1066666667</dst>
            <dst id="DNVRng">11130.5226666667</dst>
            <dst id="HSTNng">7960.33866666667</dst>
            <dst id="IPLSng">10615.008</dst>
            <dst id="KSCYng">5224.34133333333</dst>
            <dst id="LOSAng">5602.78933333333</dst>
            <dst id="NYCMng">3869.72533333333</dst>
            <dst id="SNVAng">2760.544</dst>
            <dst id="STTLng">5001.744</dst>
            <dst id="WASHng">8994.51466666667</dst>
        </src>
        <src id="LOSAng">
            <dst id="ATLA-M5">26.6666666666667</dst>
            <dst id="ATLAng">12317.8666666667</dst>
            <dst id="CHINng">69204.0266666667</dst>
            <dst id="DNVRng">6465.02133333333</dst>
            <dst id="HSTNng">7130.37333333333</dst>
            <dst id="IPLSng">20726.736</dst>
            <dst id="KSCYng">3711.57866666667</dst>
            <dst id="LOSAng">107514.186666667</dst>
            <dst id="NYCMng">23021.888</dst>
            <dst id="SNVAng">15391.84</dst>
            <dst id="STTLng">45225.152</dst>
            <dst id="WASHng">32261.048</dst>
        </src>
        <src id="NYCMng">
            <dst id="ATLA-M5">1777.168</dst>
            <dst id="ATLAng">17240.3866666667</dst>
            <dst id="CHINng">17654.6666666667</dst>
            <dst id="DNVRng">24211.9173333333</dst>
            <dst id="HSTNng">19174.4346666667</dst>
            <dst id="IPLSng">20050.7493333333</dst>
            <dst id="KSCYng">8772.01333333333</dst>
            <dst id="LOSAng">66481.7653333333</dst>
            <dst id="NYCMng">67783.848</dst>
            <dst id="SNVAng">1659.456</dst>
            <dst id="STTLng">19977.6</dst>
            <dst id="WASHng">61543.1573333333</dst>
        </src>
        <src id="SNVAng">
            <dst id="ATLA-M5">0</dst>
            <dst id="ATLAng">599.690666666667</dst>
            <dst id="CHINng">26.6666666666667</dst>
            <dst id="DNVRng">9980.97333333334</dst>
            <dst id="HSTNng">1632.21333333333</dst>
            <dst id="IPLSng">1230.08</dst>
            <dst id="KSCYng">0</dst>
            <dst id="LOSAng">36920.352</dst>
            <dst id="NYCMng">332.842666666667</dst>
            <dst id="SNVAng">8434.58933333333</dst>
            <dst id="STTLng">33774.8533333333</dst>
            <dst id="WASHng">189.056</dst>
        </src>
        <src id="STTLng">
            <dst id="ATLA-M5">55.0106666666667</dst>
            <dst id="ATLAng">6775.02133333333</dst>
            <dst id="CHINng">14418.7653333333</dst>
            <dst id="DNVRng">3715.57333333333</dst>
            <dst id="HSTNng">3113.37333333333</dst>
            <dst id="IPLSng">7011.72533333333</dst>
            <dst id="KSCYng">3905.472</dst>
            <dst id="LOSAng">346567.386666667</dst>
            <dst id="NYCMng">9391.31733333333</dst>
            <dst id="SNVAng">2731.696</dst>
            <dst id="STTLng">18492.5066666667</dst>
            <dst id="WASHng">14647.488</dst>
        </src>
        <src id="WASHng">
            <dst id="ATLA-M5">2582.73866666667</dst>
            <dst id="ATLAng">63842.3146666667</dst>
            <dst id="CHINng">86602.344</dst>
            <dst id="DNVRng">57386.2906666667</dst>
            <dst id="HSTNng">28573.9093333333</dst>
            <dst id="IPLSng">55351.28</dst>
            <dst id="KSCYng">8996.61866666667</dst>
            <dst id="LOSAng">73003.8266666667</dst>
            <dst id="NYCMng">168756.437333333</dst>
            <dst id="SNVAng">4562.18666666667</dst>
            <dst id="STTLng">47674.5733333333</dst>
            <dst id="WASHng">181797.512</dst>
        </src>
    </IntraTM>
</TrafficMatrixFile>
