<?xml version="1.0" encoding="ISO-8859-1" standalone="yes"?>
<TrafficMatrixFile xsi:noNamespaceSchemaLocation="http://totem.run.montefiore.ulg.ac.be/Schema/TrafficMatrix-v1_2.xsd" xmlns:xsi="http://www.w3.org/2001/XMLSchema-instance">
    <IntraTM ASID="11537">
        <src id="ATLA-M5">
            <dst id="ATLA-M5">0</dst>
            <dst id="ATLAng">26.6666666666667</dst>
            <dst id="CHINng">105.194666666667</dst>
            <dst id="DNVRng">0</dst>
            <dst id="HSTNng">298.261333333333</dst>
            <dst id="IPLSng">0</dst>
            <dst id="KSCYng">91.2453333333333</dst>
            <dst id="LOSAng">136.872</dst>
            <dst id="NYCMng">0</dst>
            <dst id="SNVAng">0</dst>
            <dst id="STTLng">910.325333333333</dst>
            <dst id="WASHng">1436.144</dst>
        </src>
        <src id="ATLAng">
            <dst id="ATLA-M5">0</dst>
            <dst id="ATLAng">58173.5733333333</dst>
            <dst id="CHINng">6127.43733333333</dst>
            <dst id="DNVRng">2969.536</dst>
            <dst id="HSTNng">2396.02666666667</dst>
            <dst id="IPLSng">12357.8</dst>
            <dst id="KSCYng">568.744</dst>
            <dst id="LOSAng">15942.3066666667</dst>
            <dst id="NYCMng">8285.54133333333</dst>
            <dst id="SNVAng">717.125333333334</dst>
            <dst id="STTLng">6355.952</dst>
            <dst id="WASHng">30571.9893333333</dst>
        </src>
        <src id="CHINng">
            <dst id="ATLA-M5">5003.82933333333</dst>
            <dst id="ATLAng">4586.69066666667</dst>
            <dst id="CHINng">77874.7866666667</dst>
            <dst id="DNVRng">10390.8106666667</dst>
            <dst id="HSTNng">5831.04266666667</dst>
            <dst id="IPLSng">28994.8773333333</dst>
            <dst id="KSCYng">27977.384</dst>
            <dst id="LOSAng">45474.2373333333</dst>
            <dst id="NYCMng">13019.5066666667</dst>
            <dst id="SNVAng">2396.24533333333</dst>
            <dst id="STTLng">6390.42666666667</dst>
            <dst id="WASHng">26034.6026666667</dst>
        </src>
        <src id="DNVRng">
            <dst id="ATLA-M5">247.84</dst>
            <dst id="ATLAng">12854.496</dst>
            <dst id="CHINng">65886.8453333333</dst>
            <dst id="DNVRng">11879.2613333333</dst>
            <dst id="HSTNng">12181.6746666667</dst>
            <dst id="IPLSng">39457.312</dst>
            <dst id="KSCYng">12883.2213333333</dst>
            <dst id="LOSAng">9544.98666666667</dst>
            <dst id="NYCMng">17640.0586666667</dst>
            <dst id="SNVAng">6689.94666666667</dst>
            <dst id="STTLng">26938.2666666667</dst>
            <dst id="WASHng">30988.392</dst>
        </src>
        <src id="HSTNng">
            <dst id="ATLA-M5">312.853333333333</dst>
            <dst id="ATLAng">1477.232</dst>
            <dst id="CHINng">14417.92</dst>
            <dst id="DNVRng">1740.23733333333</dst>
            <dst id="HSTNng">13283.0906666667</dst>
            <dst id="IPLSng">4929.26133333333</dst>
            <dst id="KSCYng">1189.81066666667</dst>
            <dst id="LOSAng">10024.12</dst>
            <dst id="NYCMng">2766.71466666667</dst>
            <dst id="SNVAng">0</dst>
            <dst id="STTLng">1555.73333333333</dst>
            <dst id="WASHng">1484.8</dst>
        </src>
        <src id="IPLSng">
            <dst id="ATLA-M5">26.6666666666667</dst>
            <dst id="ATLAng">10588.0853333333</dst>
            <dst id="CHINng">51165.984</dst>
            <dst id="DNVRng">32350.4053333333</dst>
            <dst id="HSTNng">257.786666666667</dst>
            <dst id="IPLSng">35031.0106666667</dst>
            <dst id="KSCYng">3927.27466666667</dst>
            <dst id="LOSAng">20448.5973333333</dst>
            <dst id="NYCMng">22903.5226666667</dst>
            <dst id="SNVAng">513.76</dst>
            <dst id="STTLng">22077.176</dst>
            <dst id="WASHng">4355.88</dst>
        </src>
        <src id="KSCYng">
            <dst id="ATLA-M5">0</dst>
            <dst id="ATLAng">797.818666666667</dst>
            <dst id="CHINng">19160.6186666667</dst>
            <dst id="DNVRng">13848.912</dst>
            <dst id="HSTNng">2917.38933333333</dst>
            <dst id="IPLSng">36480.936</dst>
            <dst id="KSCYng">4092.30933333333</dst>
            <dst id="LOSAng">5718.008</dst>
            <dst id="NYCMng">2179.336</dst>
            <dst id="SNVAng">2068.18133333333</dst>
            <dst id="STTLng">4137.01866666667</dst>
            <dst id="WASHng">10059.8266666667</dst>
        </src>
        <src id="LOSAng">
            <dst id="ATLA-M5">45.184</dst>
            <dst id="ATLAng">8499.69066666667</dst>
            <dst id="CHINng">136029.576</dst>
            <dst id="DNVRng">20101.864</dst>
            <dst id="HSTNng">4967.07733333333</dst>
            <dst id="IPLSng">18543.7066666667</dst>
            <dst id="KSCYng">3072.552</dst>
            <dst id="LOSAng">15651.4053333333</dst>
            <dst id="NYCMng">29744.448</dst>
            <dst id="SNVAng">19754.696</dst>
            <dst id="STTLng">27258.6053333333</dst>
            <dst id="WASHng">34198.2373333333</dst>
        </src>
        <src id="NYCMng">
            <dst id="ATLA-M5">126.074666666667</dst>
            <dst id="ATLAng">16430.864</dst>
            <dst id="CHINng">17116.8293333333</dst>
            <dst id="DNVRng">25917.12</dst>
            <dst id="HSTNng">9288.704</dst>
            <dst id="IPLSng">32301.472</dst>
            <dst id="KSCYng">4991.37066666667</dst>
            <dst id="LOSAng">81742.1706666667</dst>
            <dst id="NYCMng">101750.52</dst>
            <dst id="SNVAng">2212.50133333333</dst>
            <dst id="STTLng">19794.0746666667</dst>
            <dst id="WASHng">36558.6026666667</dst>
        </src>
        <src id="SNVAng">
            <dst id="ATLA-M5">0</dst>
            <dst id="ATLAng">26.6666666666667</dst>
            <dst id="CHINng">53.3333333333333</dst>
            <dst id="DNVRng">6199.53866666666</dst>
            <dst id="HSTNng">68.928</dst>
            <dst id="IPLSng">9305.792</dst>
            <dst id="KSCYng">26.6666666666667</dst>
            <dst id="LOSAng">35956.8506666667</dst>
            <dst id="NYCMng">444.778666666667</dst>
            <dst id="SNVAng">6934.82133333333</dst>
            <dst id="STTLng">28764.0586666667</dst>
            <dst id="WASHng">80</dst>
        </src>
        <src id="STTLng">
            <dst id="ATLA-M5">356.618666666667</dst>
            <dst id="ATLAng">7314.08533333333</dst>
            <dst id="CHINng">17160.0986666667</dst>
            <dst id="DNVRng">3280.544</dst>
            <dst id="HSTNng">2060.39733333333</dst>
            <dst id="IPLSng">3378.928</dst>
            <dst id="KSCYng">1214.112</dst>
            <dst id="LOSAng">29574.8586666667</dst>
            <dst id="NYCMng">11760.1173333333</dst>
            <dst id="SNVAng">3811.696</dst>
            <dst id="STTLng">18866.7946666667</dst>
            <dst id="WASHng">3924.048</dst>
        </src>
        <src id="WASHng">
            <dst id="ATLA-M5">1012</dst>
            <dst id="ATLAng">56480.96</dst>
            <dst id="CHINng">95549.6826666667</dst>
            <dst id="DNVRng">50996.52</dst>
            <dst id="HSTNng">30092.5573333333</dst>
            <dst id="IPLSng">49351.1973333333</dst>
            <dst id="KSCYng">11836.224</dst>
            <dst id="LOSAng">67729.4533333334</dst>
            <dst id="NYCMng">123420.493333333</dst>
            <dst id="SNVAng">6342.864</dst>
            <dst id="STTLng">36896.1893333333</dst>
            <dst id="WASHng">270433.706666667</dst>
        </src>
    </IntraTM>
</TrafficMatrixFile>
