<?xml version="1.0" encoding="ISO-8859-1" standalone="yes"?>
<TrafficMatrixFile xsi:noNamespaceSchemaLocation="http://totem.run.montefiore.ulg.ac.be/Schema/TrafficMatrix-v1_2.xsd" xmlns:xsi="http://www.w3.org/2001/XMLSchema-instance">
    <IntraTM ASID="11537">
        <src id="ATLA-M5">
            <dst id="ATLA-M5">1555.424</dst>
            <dst id="ATLAng">0</dst>
            <dst id="CHINng">58.9333333333333</dst>
            <dst id="DNVRng">0</dst>
            <dst id="HSTNng">103.189333333333</dst>
            <dst id="IPLSng">0</dst>
            <dst id="KSCYng">26.6666666666667</dst>
            <dst id="LOSAng">571.042666666667</dst>
            <dst id="NYCMng">26.6666666666667</dst>
            <dst id="SNVAng">13.3333333333333</dst>
            <dst id="STTLng">26.6666666666667</dst>
            <dst id="WASHng">541.994666666667</dst>
        </src>
        <src id="ATLAng">
            <dst id="ATLA-M5">379.781333333333</dst>
            <dst id="ATLAng">7672.48</dst>
            <dst id="CHINng">3631.912</dst>
            <dst id="DNVRng">2683.45066666667</dst>
            <dst id="HSTNng">619</dst>
            <dst id="IPLSng">27793.7653333333</dst>
            <dst id="KSCYng">325.653333333333</dst>
            <dst id="LOSAng">6498.152</dst>
            <dst id="NYCMng">6040.62933333333</dst>
            <dst id="SNVAng">53.3333333333333</dst>
            <dst id="STTLng">9841.024</dst>
            <dst id="WASHng">33964.3546666667</dst>
        </src>
        <src id="CHINng">
            <dst id="ATLA-M5">129.898666666667</dst>
            <dst id="ATLAng">5813.08</dst>
            <dst id="CHINng">65965.016</dst>
            <dst id="DNVRng">7737.992</dst>
            <dst id="HSTNng">4365.54133333333</dst>
            <dst id="IPLSng">109858.072</dst>
            <dst id="KSCYng">3465.856</dst>
            <dst id="LOSAng">35277.7706666667</dst>
            <dst id="NYCMng">8542.81066666667</dst>
            <dst id="SNVAng">246.632</dst>
            <dst id="STTLng">6285.624</dst>
            <dst id="WASHng">11847.9466666667</dst>
        </src>
        <src id="DNVRng">
            <dst id="ATLA-M5">157.402666666667</dst>
            <dst id="ATLAng">3043.776</dst>
            <dst id="CHINng">59436.9893333333</dst>
            <dst id="DNVRng">12673.9466666667</dst>
            <dst id="HSTNng">17258.024</dst>
            <dst id="IPLSng">34152.408</dst>
            <dst id="KSCYng">30187.9866666667</dst>
            <dst id="LOSAng">25986.2</dst>
            <dst id="NYCMng">18771.4453333333</dst>
            <dst id="SNVAng">15939.392</dst>
            <dst id="STTLng">12202.5946666667</dst>
            <dst id="WASHng">31840.0693333333</dst>
        </src>
        <src id="HSTNng">
            <dst id="ATLA-M5">3233.976</dst>
            <dst id="ATLAng">1753.568</dst>
            <dst id="CHINng">13627.5093333333</dst>
            <dst id="DNVRng">544.816</dst>
            <dst id="HSTNng">15946.5093333333</dst>
            <dst id="IPLSng">4405.952</dst>
            <dst id="KSCYng">621.594666666667</dst>
            <dst id="LOSAng">4087.832</dst>
            <dst id="NYCMng">5267.04266666667</dst>
            <dst id="SNVAng">26.6666666666667</dst>
            <dst id="STTLng">1188.36266666667</dst>
            <dst id="WASHng">1240.736</dst>
        </src>
        <src id="IPLSng">
            <dst id="ATLA-M5">0</dst>
            <dst id="ATLAng">10256.432</dst>
            <dst id="CHINng">78007.5466666667</dst>
            <dst id="DNVRng">9844.464</dst>
            <dst id="HSTNng">2742.49333333333</dst>
            <dst id="IPLSng">12097.952</dst>
            <dst id="KSCYng">5270.40533333333</dst>
            <dst id="LOSAng">9236.736</dst>
            <dst id="NYCMng">19899.456</dst>
            <dst id="SNVAng">428.448</dst>
            <dst id="STTLng">6978.288</dst>
            <dst id="WASHng">11168.7493333333</dst>
        </src>
        <src id="KSCYng">
            <dst id="ATLA-M5">878.229333333333</dst>
            <dst id="ATLAng">998.808</dst>
            <dst id="CHINng">17751.848</dst>
            <dst id="DNVRng">15474.824</dst>
            <dst id="HSTNng">2708.23466666667</dst>
            <dst id="IPLSng">14803.04</dst>
            <dst id="KSCYng">11664.0933333333</dst>
            <dst id="LOSAng">5548.57333333333</dst>
            <dst id="NYCMng">3950.12533333333</dst>
            <dst id="SNVAng">2511.15733333333</dst>
            <dst id="STTLng">9209.152</dst>
            <dst id="WASHng">6444.73066666667</dst>
        </src>
        <src id="LOSAng">
            <dst id="ATLA-M5">463.333333333333</dst>
            <dst id="ATLAng">9983.87466666667</dst>
            <dst id="CHINng">114882.002666667</dst>
            <dst id="DNVRng">7864.696</dst>
            <dst id="HSTNng">1824.144</dst>
            <dst id="IPLSng">9857.14666666667</dst>
            <dst id="KSCYng">3986.88</dst>
            <dst id="LOSAng">19491.1946666667</dst>
            <dst id="NYCMng">36702.5973333333</dst>
            <dst id="SNVAng">10508.6026666667</dst>
            <dst id="STTLng">33762.3653333333</dst>
            <dst id="WASHng">12603.7626666667</dst>
        </src>
        <src id="NYCMng">
            <dst id="ATLA-M5">207.410666666667</dst>
            <dst id="ATLAng">13842.496</dst>
            <dst id="CHINng">9722.57866666667</dst>
            <dst id="DNVRng">28883.4533333333</dst>
            <dst id="HSTNng">3670.09333333333</dst>
            <dst id="IPLSng">29296.1733333333</dst>
            <dst id="KSCYng">5547.74666666667</dst>
            <dst id="LOSAng">74023.2533333333</dst>
            <dst id="NYCMng">93013.9066666666</dst>
            <dst id="SNVAng">731.202666666667</dst>
            <dst id="STTLng">28340.1813333333</dst>
            <dst id="WASHng">44397.328</dst>
        </src>
        <src id="SNVAng">
            <dst id="ATLA-M5">0</dst>
            <dst id="ATLAng">26.6666666666667</dst>
            <dst id="CHINng">0</dst>
            <dst id="DNVRng">3038.65866666667</dst>
            <dst id="HSTNng">37.1093333333333</dst>
            <dst id="IPLSng">208.925333333333</dst>
            <dst id="KSCYng">26.6666666666667</dst>
            <dst id="LOSAng">32441.768</dst>
            <dst id="NYCMng">270.357333333333</dst>
            <dst id="SNVAng">5969.784</dst>
            <dst id="STTLng">24481.1413333333</dst>
            <dst id="WASHng">69.6106666666667</dst>
        </src>
        <src id="STTLng">
            <dst id="ATLA-M5">0</dst>
            <dst id="ATLAng">6634.448</dst>
            <dst id="CHINng">23532.976</dst>
            <dst id="DNVRng">2199</dst>
            <dst id="HSTNng">926.818666666667</dst>
            <dst id="IPLSng">4389.30666666667</dst>
            <dst id="KSCYng">1058.46133333333</dst>
            <dst id="LOSAng">15478.5626666667</dst>
            <dst id="NYCMng">15198.1866666667</dst>
            <dst id="SNVAng">2358.82666666667</dst>
            <dst id="STTLng">5999.608</dst>
            <dst id="WASHng">5057.44533333333</dst>
        </src>
        <src id="WASHng">
            <dst id="ATLA-M5">110.752</dst>
            <dst id="ATLAng">78492.8026666667</dst>
            <dst id="CHINng">47717.1413333333</dst>
            <dst id="DNVRng">56262.3466666667</dst>
            <dst id="HSTNng">9256.30666666667</dst>
            <dst id="IPLSng">42364.9786666667</dst>
            <dst id="KSCYng">7484.424</dst>
            <dst id="LOSAng">67317.1866666667</dst>
            <dst id="NYCMng">137923.136</dst>
            <dst id="SNVAng">6396.04266666667</dst>
            <dst id="STTLng">26720.1253333333</dst>
            <dst id="WASHng">293959.946666667</dst>
        </src>
    </IntraTM>
</TrafficMatrixFile>
