<?xml version="1.0" encoding="ISO-8859-1" standalone="yes"?>
<TrafficMatrixFile xsi:noNamespaceSchemaLocation="http://totem.run.montefiore.ulg.ac.be/Schema/TrafficMatrix-v1_2.xsd" xmlns:xsi="http://www.w3.org/2001/XMLSchema-instance">
    <IntraTM ASID="11537">
        <src id="ATLA-M5">
            <dst id="ATLA-M5">26.6666666666667</dst>
            <dst id="ATLAng">2099.96266666667</dst>
            <dst id="CHINng">940.258666666667</dst>
            <dst id="DNVRng">26.6666666666667</dst>
            <dst id="HSTNng">97.0906666666667</dst>
            <dst id="IPLSng">148</dst>
            <dst id="KSCYng">684.157333333333</dst>
            <dst id="LOSAng">599.392</dst>
            <dst id="NYCMng">504.754666666667</dst>
            <dst id="SNVAng">0</dst>
            <dst id="STTLng">0</dst>
            <dst id="WASHng">457.581333333333</dst>
        </src>
        <src id="ATLAng">
            <dst id="ATLA-M5">286.376</dst>
            <dst id="ATLAng">26350.1573333333</dst>
            <dst id="CHINng">3930.59466666667</dst>
            <dst id="DNVRng">4641.72</dst>
            <dst id="HSTNng">2293.61333333333</dst>
            <dst id="IPLSng">13008.8746666667</dst>
            <dst id="KSCYng">1154.4</dst>
            <dst id="LOSAng">16022.4386666667</dst>
            <dst id="NYCMng">7052.48533333333</dst>
            <dst id="SNVAng">218.782666666667</dst>
            <dst id="STTLng">6643.912</dst>
            <dst id="WASHng">24306.5066666667</dst>
        </src>
        <src id="CHINng">
            <dst id="ATLA-M5">996.672</dst>
            <dst id="ATLAng">19612.3493333333</dst>
            <dst id="CHINng">56173.0906666667</dst>
            <dst id="DNVRng">26018.6986666667</dst>
            <dst id="HSTNng">9242.17066666667</dst>
            <dst id="IPLSng">26457.928</dst>
            <dst id="KSCYng">4157.744</dst>
            <dst id="LOSAng">54845.808</dst>
            <dst id="NYCMng">9791.352</dst>
            <dst id="SNVAng">8590.89066666667</dst>
            <dst id="STTLng">8289.14666666667</dst>
            <dst id="WASHng">20703.408</dst>
        </src>
        <src id="DNVRng">
            <dst id="ATLA-M5">200.213333333333</dst>
            <dst id="ATLAng">9994.62133333333</dst>
            <dst id="CHINng">39852.6533333333</dst>
            <dst id="DNVRng">15432.512</dst>
            <dst id="HSTNng">14462.728</dst>
            <dst id="IPLSng">30520.248</dst>
            <dst id="KSCYng">23684.872</dst>
            <dst id="LOSAng">20355.4986666667</dst>
            <dst id="NYCMng">25719.312</dst>
            <dst id="SNVAng">8152.04533333333</dst>
            <dst id="STTLng">20248.2826666667</dst>
            <dst id="WASHng">38984.4746666667</dst>
        </src>
        <src id="HSTNng">
            <dst id="ATLA-M5">3357.36266666667</dst>
            <dst id="ATLAng">8783.78666666667</dst>
            <dst id="CHINng">12995.4</dst>
            <dst id="DNVRng">926.637333333333</dst>
            <dst id="HSTNng">14626.7786666667</dst>
            <dst id="IPLSng">4446.784</dst>
            <dst id="KSCYng">2186.29066666667</dst>
            <dst id="LOSAng">15387.4933333333</dst>
            <dst id="NYCMng">2923.73866666667</dst>
            <dst id="SNVAng">26.6666666666667</dst>
            <dst id="STTLng">2953.45333333333</dst>
            <dst id="WASHng">7176.90133333333</dst>
        </src>
        <src id="IPLSng">
            <dst id="ATLA-M5">68.1733333333333</dst>
            <dst id="ATLAng">17483.5546666667</dst>
            <dst id="CHINng">65317.9653333333</dst>
            <dst id="DNVRng">9281.89333333333</dst>
            <dst id="HSTNng">3451.49066666667</dst>
            <dst id="IPLSng">23949.52</dst>
            <dst id="KSCYng">3620.304</dst>
            <dst id="LOSAng">26275.192</dst>
            <dst id="NYCMng">23202.8346666667</dst>
            <dst id="SNVAng">3331.20266666667</dst>
            <dst id="STTLng">26495.616</dst>
            <dst id="WASHng">7876.064</dst>
        </src>
        <src id="KSCYng">
            <dst id="ATLA-M5">1095.73866666667</dst>
            <dst id="ATLAng">3489.39466666667</dst>
            <dst id="CHINng">8642.14933333333</dst>
            <dst id="DNVRng">9527.464</dst>
            <dst id="HSTNng">4967.928</dst>
            <dst id="IPLSng">12586.888</dst>
            <dst id="KSCYng">5057.30933333333</dst>
            <dst id="LOSAng">8526.95733333333</dst>
            <dst id="NYCMng">2443.808</dst>
            <dst id="SNVAng">2856.06933333333</dst>
            <dst id="STTLng">4475.2</dst>
            <dst id="WASHng">15497.784</dst>
        </src>
        <src id="LOSAng">
            <dst id="ATLA-M5">122</dst>
            <dst id="ATLAng">32057.2666666667</dst>
            <dst id="CHINng">80594.1466666667</dst>
            <dst id="DNVRng">20638.336</dst>
            <dst id="HSTNng">10910.648</dst>
            <dst id="IPLSng">27096.256</dst>
            <dst id="KSCYng">4221.4</dst>
            <dst id="LOSAng">29434.4</dst>
            <dst id="NYCMng">33812.7413333333</dst>
            <dst id="SNVAng">31042.32</dst>
            <dst id="STTLng">29832.3706666667</dst>
            <dst id="WASHng">32830.3173333333</dst>
        </src>
        <src id="NYCMng">
            <dst id="ATLA-M5">3671.14933333333</dst>
            <dst id="ATLAng">22319.5626666667</dst>
            <dst id="CHINng">15300.1573333333</dst>
            <dst id="DNVRng">27364.6666666667</dst>
            <dst id="HSTNng">9720.02933333333</dst>
            <dst id="IPLSng">37601.4533333333</dst>
            <dst id="KSCYng">19623.3866666667</dst>
            <dst id="LOSAng">82786.1733333333</dst>
            <dst id="NYCMng">65602.72</dst>
            <dst id="SNVAng">3250.152</dst>
            <dst id="STTLng">38556.7653333333</dst>
            <dst id="WASHng">48274.3946666667</dst>
        </src>
        <src id="SNVAng">
            <dst id="ATLA-M5">0</dst>
            <dst id="ATLAng">53.3333333333333</dst>
            <dst id="CHINng">87.48</dst>
            <dst id="DNVRng">4759.19733333333</dst>
            <dst id="HSTNng">1676.74933333333</dst>
            <dst id="IPLSng">331.373333333333</dst>
            <dst id="KSCYng">26.6666666666667</dst>
            <dst id="LOSAng">43790.32</dst>
            <dst id="NYCMng">243.797333333333</dst>
            <dst id="SNVAng">12743.6506666667</dst>
            <dst id="STTLng">38258.9893333333</dst>
            <dst id="WASHng">646.154666666667</dst>
        </src>
        <src id="STTLng">
            <dst id="ATLA-M5">280.984</dst>
            <dst id="ATLAng">12440.4506666667</dst>
            <dst id="CHINng">24272.952</dst>
            <dst id="DNVRng">4043.67733333333</dst>
            <dst id="HSTNng">4737.41333333333</dst>
            <dst id="IPLSng">9971.51466666667</dst>
            <dst id="KSCYng">3366.45333333333</dst>
            <dst id="LOSAng">22400.1093333333</dst>
            <dst id="NYCMng">12210.8773333333</dst>
            <dst id="SNVAng">3838.50133333333</dst>
            <dst id="STTLng">23524.408</dst>
            <dst id="WASHng">11388.9173333333</dst>
        </src>
        <src id="WASHng">
            <dst id="ATLA-M5">278.629333333333</dst>
            <dst id="ATLAng">96760.7706666667</dst>
            <dst id="CHINng">69712.8426666667</dst>
            <dst id="DNVRng">90987</dst>
            <dst id="HSTNng">48133.5946666667</dst>
            <dst id="IPLSng">53156.824</dst>
            <dst id="KSCYng">16101.9546666667</dst>
            <dst id="LOSAng">71586.544</dst>
            <dst id="NYCMng">139894.264</dst>
            <dst id="SNVAng">5435.61333333333</dst>
            <dst id="STTLng">47815.912</dst>
            <dst id="WASHng">206583.552</dst>
        </src>
    </IntraTM>
</TrafficMatrixFile>
