<?xml version="1.0" encoding="ISO-8859-1" standalone="yes"?>
<TrafficMatrixFile xsi:noNamespaceSchemaLocation="http://totem.run.montefiore.ulg.ac.be/Schema/TrafficMatrix-v1_2.xsd" xmlns:xsi="http://www.w3.org/2001/XMLSchema-instance">
    <IntraTM ASID="11537">
        <src id="ATLA-M5">
            <dst id="ATLA-M5">0</dst>
            <dst id="ATLAng">204.562666666667</dst>
            <dst id="CHINng">0</dst>
            <dst id="DNVRng">0</dst>
            <dst id="HSTNng">149.053333333333</dst>
            <dst id="IPLSng">0</dst>
            <dst id="KSCYng">0</dst>
            <dst id="LOSAng">582.68</dst>
            <dst id="NYCMng">351.493333333333</dst>
            <dst id="SNVAng">13.3333333333333</dst>
            <dst id="STTLng">0</dst>
            <dst id="WASHng">1238.27733333333</dst>
        </src>
        <src id="ATLAng">
            <dst id="ATLA-M5">76.2586666666667</dst>
            <dst id="ATLAng">22796.6186666667</dst>
            <dst id="CHINng">14718.8533333333</dst>
            <dst id="DNVRng">2609.304</dst>
            <dst id="HSTNng">792.346666666667</dst>
            <dst id="IPLSng">14824.232</dst>
            <dst id="KSCYng">1127.60533333333</dst>
            <dst id="LOSAng">13586.4266666667</dst>
            <dst id="NYCMng">9112.98133333333</dst>
            <dst id="SNVAng">863.125333333333</dst>
            <dst id="STTLng">6074.904</dst>
            <dst id="WASHng">63233.2586666667</dst>
        </src>
        <src id="CHINng">
            <dst id="ATLA-M5">585.261333333333</dst>
            <dst id="ATLAng">15440.1093333333</dst>
            <dst id="CHINng">98275.08</dst>
            <dst id="DNVRng">8696.05866666667</dst>
            <dst id="HSTNng">4629.39466666667</dst>
            <dst id="IPLSng">32742.112</dst>
            <dst id="KSCYng">2838.024</dst>
            <dst id="LOSAng">36018.2746666667</dst>
            <dst id="NYCMng">8196.37333333333</dst>
            <dst id="SNVAng">3008.25333333333</dst>
            <dst id="STTLng">3862.456</dst>
            <dst id="WASHng">28316.96</dst>
        </src>
        <src id="DNVRng">
            <dst id="ATLA-M5">321.109333333333</dst>
            <dst id="ATLAng">9277.88533333334</dst>
            <dst id="CHINng">60799.2213333334</dst>
            <dst id="DNVRng">2158.93066666667</dst>
            <dst id="HSTNng">24843.936</dst>
            <dst id="IPLSng">27757.6613333333</dst>
            <dst id="KSCYng">9615.97866666667</dst>
            <dst id="LOSAng">6833.05866666667</dst>
            <dst id="NYCMng">20234.912</dst>
            <dst id="SNVAng">4498.16266666667</dst>
            <dst id="STTLng">4213.76</dst>
            <dst id="WASHng">35164.6213333333</dst>
        </src>
        <src id="HSTNng">
            <dst id="ATLA-M5">4731.24266666667</dst>
            <dst id="ATLAng">5529.38933333333</dst>
            <dst id="CHINng">19604.6693333333</dst>
            <dst id="DNVRng">1040.352</dst>
            <dst id="HSTNng">12672.4373333333</dst>
            <dst id="IPLSng">3938.83466666667</dst>
            <dst id="KSCYng">613.312</dst>
            <dst id="LOSAng">9875.23733333333</dst>
            <dst id="NYCMng">6936.41333333333</dst>
            <dst id="SNVAng">137.749333333333</dst>
            <dst id="STTLng">839.957333333333</dst>
            <dst id="WASHng">3646.304</dst>
        </src>
        <src id="IPLSng">
            <dst id="ATLA-M5">26.6666666666667</dst>
            <dst id="ATLAng">29349.2533333333</dst>
            <dst id="CHINng">64493.568</dst>
            <dst id="DNVRng">13083.624</dst>
            <dst id="HSTNng">8081.92533333333</dst>
            <dst id="IPLSng">9566.71466666667</dst>
            <dst id="KSCYng">3133.392</dst>
            <dst id="LOSAng">13290.9733333333</dst>
            <dst id="NYCMng">36259.4853333333</dst>
            <dst id="SNVAng">583.277333333333</dst>
            <dst id="STTLng">9817.344</dst>
            <dst id="WASHng">16335.3653333333</dst>
        </src>
        <src id="KSCYng">
            <dst id="ATLA-M5">0</dst>
            <dst id="ATLAng">2938.90933333333</dst>
            <dst id="CHINng">20716.6026666667</dst>
            <dst id="DNVRng">8036.47733333333</dst>
            <dst id="HSTNng">2680.52266666667</dst>
            <dst id="IPLSng">5993.55733333333</dst>
            <dst id="KSCYng">4921.90933333333</dst>
            <dst id="LOSAng">3940.872</dst>
            <dst id="NYCMng">1113.04533333333</dst>
            <dst id="SNVAng">9440.42133333333</dst>
            <dst id="STTLng">2703.4</dst>
            <dst id="WASHng">21120.1653333333</dst>
        </src>
        <src id="LOSAng">
            <dst id="ATLA-M5">61.5546666666666</dst>
            <dst id="ATLAng">13346.3573333333</dst>
            <dst id="CHINng">137301.018666667</dst>
            <dst id="DNVRng">19639.2453333333</dst>
            <dst id="HSTNng">3222.496</dst>
            <dst id="IPLSng">16290.5786666667</dst>
            <dst id="KSCYng">4077.168</dst>
            <dst id="LOSAng">15694.6693333333</dst>
            <dst id="NYCMng">33764.6933333333</dst>
            <dst id="SNVAng">9910.99466666667</dst>
            <dst id="STTLng">34114.3733333333</dst>
            <dst id="WASHng">32672.6693333333</dst>
        </src>
        <src id="NYCMng">
            <dst id="ATLA-M5">232.650666666667</dst>
            <dst id="ATLAng">22055.7866666667</dst>
            <dst id="CHINng">13907.1733333333</dst>
            <dst id="DNVRng">27576.6853333333</dst>
            <dst id="HSTNng">7907.75466666667</dst>
            <dst id="IPLSng">18964.0986666667</dst>
            <dst id="KSCYng">4638.35466666667</dst>
            <dst id="LOSAng">75128.176</dst>
            <dst id="NYCMng">110176.552</dst>
            <dst id="SNVAng">862.061333333333</dst>
            <dst id="STTLng">15379.096</dst>
            <dst id="WASHng">41672.5813333333</dst>
        </src>
        <src id="SNVAng">
            <dst id="ATLA-M5">0</dst>
            <dst id="ATLAng">132.661333333333</dst>
            <dst id="CHINng">133.429333333333</dst>
            <dst id="DNVRng">3556.69333333333</dst>
            <dst id="HSTNng">55.296</dst>
            <dst id="IPLSng">223.04</dst>
            <dst id="KSCYng">0</dst>
            <dst id="LOSAng">32522.9546666667</dst>
            <dst id="NYCMng">571.528</dst>
            <dst id="SNVAng">4857.016</dst>
            <dst id="STTLng">34262.7813333333</dst>
            <dst id="WASHng">680.162666666667</dst>
        </src>
        <src id="STTLng">
            <dst id="ATLA-M5">0</dst>
            <dst id="ATLAng">12122.56</dst>
            <dst id="CHINng">29895.416</dst>
            <dst id="DNVRng">1393.13333333333</dst>
            <dst id="HSTNng">751.76</dst>
            <dst id="IPLSng">3963.81066666667</dst>
            <dst id="KSCYng">2860.07466666667</dst>
            <dst id="LOSAng">14016.792</dst>
            <dst id="NYCMng">12172.88</dst>
            <dst id="SNVAng">1640.31733333333</dst>
            <dst id="STTLng">825.728</dst>
            <dst id="WASHng">9522.56266666667</dst>
        </src>
        <src id="WASHng">
            <dst id="ATLA-M5">1158.11733333333</dst>
            <dst id="ATLAng">113003.810666667</dst>
            <dst id="CHINng">60677.7573333333</dst>
            <dst id="DNVRng">48905.0986666667</dst>
            <dst id="HSTNng">19630.008</dst>
            <dst id="IPLSng">46029.92</dst>
            <dst id="KSCYng">8519.90666666667</dst>
            <dst id="LOSAng">59359.0026666667</dst>
            <dst id="NYCMng">132048.210666667</dst>
            <dst id="SNVAng">5750.75466666667</dst>
            <dst id="STTLng">36277.2426666667</dst>
            <dst id="WASHng">301519.173333333</dst>
        </src>
    </IntraTM>
</TrafficMatrixFile>
