<?xml version="1.0" encoding="ISO-8859-1" standalone="yes"?>
<TrafficMatrixFile xsi:noNamespaceSchemaLocation="http://totem.run.montefiore.ulg.ac.be/Schema/TrafficMatrix-v1_2.xsd" xmlns:xsi="http://www.w3.org/2001/XMLSchema-instance">
    <IntraTM ASID="11537">
        <src id="ATLA-M5">
            <dst id="ATLA-M5">0</dst>
            <dst id="ATLAng">26.6666666666667</dst>
            <dst id="CHINng">77.8666666666667</dst>
            <dst id="DNVRng">0</dst>
            <dst id="HSTNng">109.914666666667</dst>
            <dst id="IPLSng">0</dst>
            <dst id="KSCYng">220.186666666667</dst>
            <dst id="LOSAng">174.536</dst>
            <dst id="NYCMng">0</dst>
            <dst id="SNVAng">0</dst>
            <dst id="STTLng">492.848</dst>
            <dst id="WASHng">2087.52266666667</dst>
        </src>
        <src id="ATLAng">
            <dst id="ATLA-M5">476.901333333333</dst>
            <dst id="ATLAng">57410.376</dst>
            <dst id="CHINng">4155.09866666667</dst>
            <dst id="DNVRng">3078.44533333333</dst>
            <dst id="HSTNng">957.637333333333</dst>
            <dst id="IPLSng">18760.7173333333</dst>
            <dst id="KSCYng">712.101333333333</dst>
            <dst id="LOSAng">12375.1986666667</dst>
            <dst id="NYCMng">3338.83466666667</dst>
            <dst id="SNVAng">40.4253333333333</dst>
            <dst id="STTLng">6402.78666666667</dst>
            <dst id="WASHng">31434.256</dst>
        </src>
        <src id="CHINng">
            <dst id="ATLA-M5">5576.512</dst>
            <dst id="ATLAng">4469.23733333333</dst>
            <dst id="CHINng">78720.896</dst>
            <dst id="DNVRng">9824.88</dst>
            <dst id="HSTNng">6508.94133333333</dst>
            <dst id="IPLSng">48368.2453333333</dst>
            <dst id="KSCYng">16662.5573333333</dst>
            <dst id="LOSAng">45744.536</dst>
            <dst id="NYCMng">11063.408</dst>
            <dst id="SNVAng">5700.872</dst>
            <dst id="STTLng">7600.184</dst>
            <dst id="WASHng">27402.1093333333</dst>
        </src>
        <src id="DNVRng">
            <dst id="ATLA-M5">286.186666666667</dst>
            <dst id="ATLAng">14309.6613333333</dst>
            <dst id="CHINng">78190.0906666667</dst>
            <dst id="DNVRng">19614.736</dst>
            <dst id="HSTNng">14889.0453333333</dst>
            <dst id="IPLSng">31326.7386666667</dst>
            <dst id="KSCYng">20430.576</dst>
            <dst id="LOSAng">8950.78666666667</dst>
            <dst id="NYCMng">23247.1093333333</dst>
            <dst id="SNVAng">8746.45333333333</dst>
            <dst id="STTLng">10128.4266666667</dst>
            <dst id="WASHng">32392.096</dst>
        </src>
        <src id="HSTNng">
            <dst id="ATLA-M5">2940.65066666667</dst>
            <dst id="ATLAng">2912.85066666667</dst>
            <dst id="CHINng">9282.14666666667</dst>
            <dst id="DNVRng">1706.10666666667</dst>
            <dst id="HSTNng">13227.28</dst>
            <dst id="IPLSng">4875.512</dst>
            <dst id="KSCYng">2154.10133333333</dst>
            <dst id="LOSAng">42762.7893333333</dst>
            <dst id="NYCMng">7553.464</dst>
            <dst id="SNVAng">0</dst>
            <dst id="STTLng">424.642666666667</dst>
            <dst id="WASHng">1352.18666666667</dst>
        </src>
        <src id="IPLSng">
            <dst id="ATLA-M5">0</dst>
            <dst id="ATLAng">19519.8</dst>
            <dst id="CHINng">72847.3413333333</dst>
            <dst id="DNVRng">28910.32</dst>
            <dst id="HSTNng">682.218666666667</dst>
            <dst id="IPLSng">16624.768</dst>
            <dst id="KSCYng">2862.85333333333</dst>
            <dst id="LOSAng">19906.4773333333</dst>
            <dst id="NYCMng">22929.248</dst>
            <dst id="SNVAng">414.053333333333</dst>
            <dst id="STTLng">6718.54133333333</dst>
            <dst id="WASHng">6637.65866666667</dst>
        </src>
        <src id="KSCYng">
            <dst id="ATLA-M5">150.445333333333</dst>
            <dst id="ATLAng">1054.64266666667</dst>
            <dst id="CHINng">14816.328</dst>
            <dst id="DNVRng">9548.48533333334</dst>
            <dst id="HSTNng">3347.60266666667</dst>
            <dst id="IPLSng">10277.7653333333</dst>
            <dst id="KSCYng">6113.424</dst>
            <dst id="LOSAng">5085.01866666667</dst>
            <dst id="NYCMng">2114.056</dst>
            <dst id="SNVAng">1963.44533333333</dst>
            <dst id="STTLng">2954.01866666667</dst>
            <dst id="WASHng">17307.752</dst>
        </src>
        <src id="LOSAng">
            <dst id="ATLA-M5">26.6666666666667</dst>
            <dst id="ATLAng">21055.432</dst>
            <dst id="CHINng">124002.925333333</dst>
            <dst id="DNVRng">26995.432</dst>
            <dst id="HSTNng">6630.19733333333</dst>
            <dst id="IPLSng">10632.4213333333</dst>
            <dst id="KSCYng">3815.56266666667</dst>
            <dst id="LOSAng">20257.9866666667</dst>
            <dst id="NYCMng">34644.56</dst>
            <dst id="SNVAng">20167.1626666667</dst>
            <dst id="STTLng">29413.528</dst>
            <dst id="WASHng">22191.2346666667</dst>
        </src>
        <src id="NYCMng">
            <dst id="ATLA-M5">102.557333333333</dst>
            <dst id="ATLAng">11186.5226666667</dst>
            <dst id="CHINng">15306.3226666667</dst>
            <dst id="DNVRng">34241.2746666667</dst>
            <dst id="HSTNng">6508.72</dst>
            <dst id="IPLSng">28409.4506666667</dst>
            <dst id="KSCYng">4730.488</dst>
            <dst id="LOSAng">77656.3093333333</dst>
            <dst id="NYCMng">103008.602666667</dst>
            <dst id="SNVAng">1540.22666666667</dst>
            <dst id="STTLng">22803.5733333333</dst>
            <dst id="WASHng">28065.8346666667</dst>
        </src>
        <src id="SNVAng">
            <dst id="ATLA-M5">0</dst>
            <dst id="ATLAng">46.5626666666667</dst>
            <dst id="CHINng">216.448</dst>
            <dst id="DNVRng">8977.904</dst>
            <dst id="HSTNng">41.184</dst>
            <dst id="IPLSng">230.792</dst>
            <dst id="KSCYng">26.6666666666667</dst>
            <dst id="LOSAng">37882.0826666667</dst>
            <dst id="NYCMng">332.930666666667</dst>
            <dst id="SNVAng">6354.51733333333</dst>
            <dst id="STTLng">29947.24</dst>
            <dst id="WASHng">106.666666666667</dst>
        </src>
        <src id="STTLng">
            <dst id="ATLA-M5">319.357333333333</dst>
            <dst id="ATLAng">7815.10666666666</dst>
            <dst id="CHINng">17189.1253333333</dst>
            <dst id="DNVRng">3083.37066666667</dst>
            <dst id="HSTNng">939.669333333333</dst>
            <dst id="IPLSng">3461.6</dst>
            <dst id="KSCYng">1212.86133333333</dst>
            <dst id="LOSAng">23829.208</dst>
            <dst id="NYCMng">14999.0853333333</dst>
            <dst id="SNVAng">5024.01866666667</dst>
            <dst id="STTLng">20151.808</dst>
            <dst id="WASHng">7274.07466666667</dst>
        </src>
        <src id="WASHng">
            <dst id="ATLA-M5">1022.224</dst>
            <dst id="ATLAng">59224.128</dst>
            <dst id="CHINng">93054.2026666667</dst>
            <dst id="DNVRng">57606.4053333333</dst>
            <dst id="HSTNng">27462.2</dst>
            <dst id="IPLSng">52653.2693333333</dst>
            <dst id="KSCYng">12316.272</dst>
            <dst id="LOSAng">65281.4933333333</dst>
            <dst id="NYCMng">143054.416</dst>
            <dst id="SNVAng">8554.87733333333</dst>
            <dst id="STTLng">35733.2933333333</dst>
            <dst id="WASHng">252367.117333333</dst>
        </src>
    </IntraTM>
</TrafficMatrixFile>
