<?xml version="1.0" encoding="ISO-8859-1" standalone="yes"?>
<TrafficMatrixFile xsi:noNamespaceSchemaLocation="http://totem.run.montefiore.ulg.ac.be/Schema/TrafficMatrix-v1_2.xsd" xmlns:xsi="http://www.w3.org/2001/XMLSchema-instance">
    <IntraTM ASID="11537">
        <src id="ATLA-M5">
            <dst id="ATLA-M5">0</dst>
            <dst id="ATLAng">0</dst>
            <dst id="CHINng">109.250666666667</dst>
            <dst id="DNVRng">26.6666666666667</dst>
            <dst id="HSTNng">974.930666666667</dst>
            <dst id="IPLSng">26.6666666666667</dst>
            <dst id="KSCYng">0</dst>
            <dst id="LOSAng">254.954666666667</dst>
            <dst id="NYCMng">112.792</dst>
            <dst id="SNVAng">0</dst>
            <dst id="STTLng">0</dst>
            <dst id="WASHng">406.909333333333</dst>
        </src>
        <src id="ATLAng">
            <dst id="ATLA-M5">39.8693333333333</dst>
            <dst id="ATLAng">18600.392</dst>
            <dst id="CHINng">2483.888</dst>
            <dst id="DNVRng">2803.15466666667</dst>
            <dst id="HSTNng">263.696</dst>
            <dst id="IPLSng">5781.20533333333</dst>
            <dst id="KSCYng">491.282666666667</dst>
            <dst id="LOSAng">9927.40266666667</dst>
            <dst id="NYCMng">8441.79466666666</dst>
            <dst id="SNVAng">364.061333333333</dst>
            <dst id="STTLng">5955.136</dst>
            <dst id="WASHng">44018.4693333333</dst>
        </src>
        <src id="CHINng">
            <dst id="ATLA-M5">291.608</dst>
            <dst id="ATLAng">7919.24266666667</dst>
            <dst id="CHINng">90192.304</dst>
            <dst id="DNVRng">14676.048</dst>
            <dst id="HSTNng">16284.968</dst>
            <dst id="IPLSng">20713.808</dst>
            <dst id="KSCYng">2533.73866666667</dst>
            <dst id="LOSAng">38179.3946666667</dst>
            <dst id="NYCMng">16912.6613333333</dst>
            <dst id="SNVAng">3534.53866666667</dst>
            <dst id="STTLng">5025.39733333333</dst>
            <dst id="WASHng">13097.6186666667</dst>
        </src>
        <src id="DNVRng">
            <dst id="ATLA-M5">84.96</dst>
            <dst id="ATLAng">7191.42666666667</dst>
            <dst id="CHINng">73616.9733333333</dst>
            <dst id="DNVRng">2983.99466666667</dst>
            <dst id="HSTNng">12126.1253333333</dst>
            <dst id="IPLSng">24415.24</dst>
            <dst id="KSCYng">11121.7733333333</dst>
            <dst id="LOSAng">9127.93066666667</dst>
            <dst id="NYCMng">15591.6106666667</dst>
            <dst id="SNVAng">5627.896</dst>
            <dst id="STTLng">5615.58133333333</dst>
            <dst id="WASHng">32572.8666666667</dst>
        </src>
        <src id="HSTNng">
            <dst id="ATLA-M5">7219.69866666667</dst>
            <dst id="ATLAng">1679.17866666667</dst>
            <dst id="CHINng">18029.7546666667</dst>
            <dst id="DNVRng">754.989333333333</dst>
            <dst id="HSTNng">15044.152</dst>
            <dst id="IPLSng">3293.66666666667</dst>
            <dst id="KSCYng">604.328</dst>
            <dst id="LOSAng">13123.6373333333</dst>
            <dst id="NYCMng">1847.4</dst>
            <dst id="SNVAng">0</dst>
            <dst id="STTLng">522.530666666667</dst>
            <dst id="WASHng">1876.25066666667</dst>
        </src>
        <src id="IPLSng">
            <dst id="ATLA-M5">0</dst>
            <dst id="ATLAng">16110.2106666667</dst>
            <dst id="CHINng">80012.6533333333</dst>
            <dst id="DNVRng">24592.8266666667</dst>
            <dst id="HSTNng">513.016</dst>
            <dst id="IPLSng">24977.1066666667</dst>
            <dst id="KSCYng">5375.736</dst>
            <dst id="LOSAng">20074.0026666667</dst>
            <dst id="NYCMng">31254.5813333333</dst>
            <dst id="SNVAng">400.56</dst>
            <dst id="STTLng">9044.25066666667</dst>
            <dst id="WASHng">12457.8826666667</dst>
        </src>
        <src id="KSCYng">
            <dst id="ATLA-M5">26.6666666666667</dst>
            <dst id="ATLAng">1918.69333333333</dst>
            <dst id="CHINng">23681.8533333333</dst>
            <dst id="DNVRng">9006.976</dst>
            <dst id="HSTNng">2289.14666666667</dst>
            <dst id="IPLSng">8659.696</dst>
            <dst id="KSCYng">5807.91466666667</dst>
            <dst id="LOSAng">4681.79733333333</dst>
            <dst id="NYCMng">1849.432</dst>
            <dst id="SNVAng">2408.57866666667</dst>
            <dst id="STTLng">2462.4</dst>
            <dst id="WASHng">17996.7386666667</dst>
        </src>
        <src id="LOSAng">
            <dst id="ATLA-M5">59.3066666666667</dst>
            <dst id="ATLAng">8557.32266666667</dst>
            <dst id="CHINng">140983.584</dst>
            <dst id="DNVRng">18585.0213333333</dst>
            <dst id="HSTNng">2768.456</dst>
            <dst id="IPLSng">7892.67733333333</dst>
            <dst id="KSCYng">4163.52266666667</dst>
            <dst id="LOSAng">19131.968</dst>
            <dst id="NYCMng">28022.6906666667</dst>
            <dst id="SNVAng">19166.7466666667</dst>
            <dst id="STTLng">36768.1626666667</dst>
            <dst id="WASHng">21656.36</dst>
        </src>
        <src id="NYCMng">
            <dst id="ATLA-M5">346.842666666667</dst>
            <dst id="ATLAng">14221.5866666667</dst>
            <dst id="CHINng">14181.352</dst>
            <dst id="DNVRng">24513.6586666667</dst>
            <dst id="HSTNng">9426.75466666666</dst>
            <dst id="IPLSng">22836.072</dst>
            <dst id="KSCYng">16426.4853333333</dst>
            <dst id="LOSAng">77158.1653333333</dst>
            <dst id="NYCMng">78890.104</dst>
            <dst id="SNVAng">874.92</dst>
            <dst id="STTLng">10964.832</dst>
            <dst id="WASHng">44185.4453333333</dst>
        </src>
        <src id="SNVAng">
            <dst id="ATLA-M5">0</dst>
            <dst id="ATLAng">53.3333333333333</dst>
            <dst id="CHINng">26.6666666666667</dst>
            <dst id="DNVRng">3277.62666666667</dst>
            <dst id="HSTNng">39.9253333333333</dst>
            <dst id="IPLSng">207.616</dst>
            <dst id="KSCYng">0</dst>
            <dst id="LOSAng">37322.824</dst>
            <dst id="NYCMng">565.773333333333</dst>
            <dst id="SNVAng">5711.064</dst>
            <dst id="STTLng">27743.08</dst>
            <dst id="WASHng">53.3333333333333</dst>
        </src>
        <src id="STTLng">
            <dst id="ATLA-M5">0</dst>
            <dst id="ATLAng">6142.37066666667</dst>
            <dst id="CHINng">23729.1306666667</dst>
            <dst id="DNVRng">1785.82133333333</dst>
            <dst id="HSTNng">737.109333333333</dst>
            <dst id="IPLSng">3253.30666666667</dst>
            <dst id="KSCYng">2768.448</dst>
            <dst id="LOSAng">16251.9253333333</dst>
            <dst id="NYCMng">14259.2213333333</dst>
            <dst id="SNVAng">2319.65866666667</dst>
            <dst id="STTLng">966.416</dst>
            <dst id="WASHng">13047.656</dst>
        </src>
        <src id="WASHng">
            <dst id="ATLA-M5">1140.91733333333</dst>
            <dst id="ATLAng">88494.16</dst>
            <dst id="CHINng">39681.3653333333</dst>
            <dst id="DNVRng">54088.9573333333</dst>
            <dst id="HSTNng">21421.2133333333</dst>
            <dst id="IPLSng">47572.1946666667</dst>
            <dst id="KSCYng">13583.3333333333</dst>
            <dst id="LOSAng">67423.104</dst>
            <dst id="NYCMng">107035.989333333</dst>
            <dst id="SNVAng">2400.97333333333</dst>
            <dst id="STTLng">36840.0026666667</dst>
            <dst id="WASHng">297313.36</dst>
        </src>
    </IntraTM>
</TrafficMatrixFile>
