<?xml version="1.0" encoding="ISO-8859-1" standalone="yes"?>
<TrafficMatrixFile xsi:noNamespaceSchemaLocation="http://totem.run.montefiore.ulg.ac.be/Schema/TrafficMatrix-v1_2.xsd" xmlns:xsi="http://www.w3.org/2001/XMLSchema-instance">
    <IntraTM ASID="11537">
        <src id="ATLA-M5">
            <dst id="ATLA-M5">0</dst>
            <dst id="ATLAng">108.616</dst>
            <dst id="CHINng">154.674666666667</dst>
            <dst id="DNVRng">0</dst>
            <dst id="HSTNng">56.432</dst>
            <dst id="IPLSng">26.6666666666667</dst>
            <dst id="KSCYng">53.3333333333333</dst>
            <dst id="LOSAng">575.778666666667</dst>
            <dst id="NYCMng">70.6533333333333</dst>
            <dst id="SNVAng">13.3333333333333</dst>
            <dst id="STTLng">68.2666666666667</dst>
            <dst id="WASHng">317.285333333333</dst>
        </src>
        <src id="ATLAng">
            <dst id="ATLA-M5">395.250666666667</dst>
            <dst id="ATLAng">18626.544</dst>
            <dst id="CHINng">7247.11733333333</dst>
            <dst id="DNVRng">2225.74666666667</dst>
            <dst id="HSTNng">9030.19466666666</dst>
            <dst id="IPLSng">23460.6826666667</dst>
            <dst id="KSCYng">498.616</dst>
            <dst id="LOSAng">12962.5506666667</dst>
            <dst id="NYCMng">3120.64533333333</dst>
            <dst id="SNVAng">215.972</dst>
            <dst id="STTLng">11764.2506666667</dst>
            <dst id="WASHng">31497.7173333333</dst>
        </src>
        <src id="CHINng">
            <dst id="ATLA-M5">87.7946666666667</dst>
            <dst id="ATLAng">22980.9626666667</dst>
            <dst id="CHINng">46207.3493333333</dst>
            <dst id="DNVRng">13512.776</dst>
            <dst id="HSTNng">5671.21066666667</dst>
            <dst id="IPLSng">42355.4453333333</dst>
            <dst id="KSCYng">4371.28533333333</dst>
            <dst id="LOSAng">46838.1573333333</dst>
            <dst id="NYCMng">15548.968</dst>
            <dst id="SNVAng">5351.008</dst>
            <dst id="STTLng">9096.896</dst>
            <dst id="WASHng">37684.2026666667</dst>
        </src>
        <src id="DNVRng">
            <dst id="ATLA-M5">152.965333333333</dst>
            <dst id="ATLAng">2373.00533333333</dst>
            <dst id="CHINng">45720.2</dst>
            <dst id="DNVRng">11072.9733333333</dst>
            <dst id="HSTNng">12993.4666666667</dst>
            <dst id="IPLSng">49905.4266666667</dst>
            <dst id="KSCYng">20551.8346666667</dst>
            <dst id="LOSAng">24355.08</dst>
            <dst id="NYCMng">17014.4533333333</dst>
            <dst id="SNVAng">13986.336</dst>
            <dst id="STTLng">37151.6373333333</dst>
            <dst id="WASHng">35495.952</dst>
        </src>
        <src id="HSTNng">
            <dst id="ATLA-M5">1210.63466666667</dst>
            <dst id="ATLAng">15960.5146666667</dst>
            <dst id="CHINng">10334.7573333333</dst>
            <dst id="DNVRng">717.570666666667</dst>
            <dst id="HSTNng">14434.312</dst>
            <dst id="IPLSng">4496.4</dst>
            <dst id="KSCYng">1216.91466666667</dst>
            <dst id="LOSAng">3022.76</dst>
            <dst id="NYCMng">5746.792</dst>
            <dst id="SNVAng">0</dst>
            <dst id="STTLng">7885.44266666667</dst>
            <dst id="WASHng">6900.60533333333</dst>
        </src>
        <src id="IPLSng">
            <dst id="ATLA-M5">53.3333333333333</dst>
            <dst id="ATLAng">31221.8773333333</dst>
            <dst id="CHINng">73412.9866666667</dst>
            <dst id="DNVRng">5917.496</dst>
            <dst id="HSTNng">1005.672</dst>
            <dst id="IPLSng">22054.5466666667</dst>
            <dst id="KSCYng">3641.40266666667</dst>
            <dst id="LOSAng">35565.8933333333</dst>
            <dst id="NYCMng">32151.7973333333</dst>
            <dst id="SNVAng">895.909333333333</dst>
            <dst id="STTLng">13405.568</dst>
            <dst id="WASHng">33720.208</dst>
        </src>
        <src id="KSCYng">
            <dst id="ATLA-M5">1936.49333333333</dst>
            <dst id="ATLAng">2589.56</dst>
            <dst id="CHINng">13913.28</dst>
            <dst id="DNVRng">9120.552</dst>
            <dst id="HSTNng">9348.05866666667</dst>
            <dst id="IPLSng">13396.3973333333</dst>
            <dst id="KSCYng">5338.224</dst>
            <dst id="LOSAng">6072.97333333333</dst>
            <dst id="NYCMng">4502.40533333333</dst>
            <dst id="SNVAng">2938.27733333333</dst>
            <dst id="STTLng">5762.26133333333</dst>
            <dst id="WASHng">13706.1493333333</dst>
        </src>
        <src id="LOSAng">
            <dst id="ATLA-M5">1331.33333333333</dst>
            <dst id="ATLAng">21752.7466666667</dst>
            <dst id="CHINng">72226.1066666667</dst>
            <dst id="DNVRng">38201.4986666667</dst>
            <dst id="HSTNng">10516.1573333333</dst>
            <dst id="IPLSng">21479.464</dst>
            <dst id="KSCYng">4772.59466666667</dst>
            <dst id="LOSAng">21713.352</dst>
            <dst id="NYCMng">31672.7813333333</dst>
            <dst id="SNVAng">13270.6693333333</dst>
            <dst id="STTLng">24732.5946666667</dst>
            <dst id="WASHng">23556.9093333333</dst>
        </src>
        <src id="NYCMng">
            <dst id="ATLA-M5">1263.40266666667</dst>
            <dst id="ATLAng">21778.168</dst>
            <dst id="CHINng">19544.536</dst>
            <dst id="DNVRng">28535.8</dst>
            <dst id="HSTNng">7265.27466666666</dst>
            <dst id="IPLSng">26575.312</dst>
            <dst id="KSCYng">12122.768</dst>
            <dst id="LOSAng">78776.248</dst>
            <dst id="NYCMng">104825.634666667</dst>
            <dst id="SNVAng">3879.62666666667</dst>
            <dst id="STTLng">27588.2506666667</dst>
            <dst id="WASHng">46998.688</dst>
        </src>
        <src id="SNVAng">
            <dst id="ATLA-M5">0</dst>
            <dst id="ATLAng">26.8426666666667</dst>
            <dst id="CHINng">80</dst>
            <dst id="DNVRng">4324.78933333333</dst>
            <dst id="HSTNng">91.4453333333333</dst>
            <dst id="IPLSng">200.114666666667</dst>
            <dst id="KSCYng">26.6666666666667</dst>
            <dst id="LOSAng">38764.4213333333</dst>
            <dst id="NYCMng">378.005333333333</dst>
            <dst id="SNVAng">5304.52533333333</dst>
            <dst id="STTLng">28835.9866666667</dst>
            <dst id="WASHng">124.149333333333</dst>
        </src>
        <src id="STTLng">
            <dst id="ATLA-M5">53.3333333333333</dst>
            <dst id="ATLAng">8046.08</dst>
            <dst id="CHINng">14534.208</dst>
            <dst id="DNVRng">4489.976</dst>
            <dst id="HSTNng">8847.90133333334</dst>
            <dst id="IPLSng">8595.61333333333</dst>
            <dst id="KSCYng">2138.144</dst>
            <dst id="LOSAng">21133.5226666667</dst>
            <dst id="NYCMng">9670.15733333333</dst>
            <dst id="SNVAng">3743.25333333333</dst>
            <dst id="STTLng">3801.34933333333</dst>
            <dst id="WASHng">10510.9333333333</dst>
        </src>
        <src id="WASHng">
            <dst id="ATLA-M5">160.912</dst>
            <dst id="ATLAng">80385.3813333333</dst>
            <dst id="CHINng">51340.936</dst>
            <dst id="DNVRng">80302.9173333333</dst>
            <dst id="HSTNng">19987.4426666667</dst>
            <dst id="IPLSng">54041.5786666667</dst>
            <dst id="KSCYng">14606.2373333333</dst>
            <dst id="LOSAng">72880.8986666667</dst>
            <dst id="NYCMng">118222.504</dst>
            <dst id="SNVAng">23205.1173333333</dst>
            <dst id="STTLng">52712.408</dst>
            <dst id="WASHng">213547.344</dst>
        </src>
    </IntraTM>
</TrafficMatrixFile>
