<?xml version="1.0" encoding="ISO-8859-1" standalone="yes"?>
<TrafficMatrixFile xsi:noNamespaceSchemaLocation="http://totem.run.montefiore.ulg.ac.be/Schema/TrafficMatrix-v1_2.xsd" xmlns:xsi="http://www.w3.org/2001/XMLSchema-instance">
    <IntraTM ASID="11537">
        <src id="ATLA-M5">
            <dst id="ATLA-M5">150.122666666667</dst>
            <dst id="ATLAng">80</dst>
            <dst id="CHINng">366.021333333333</dst>
            <dst id="DNVRng">0</dst>
            <dst id="HSTNng">69.392</dst>
            <dst id="IPLSng">153.829333333333</dst>
            <dst id="KSCYng">53.3333333333333</dst>
            <dst id="LOSAng">122.673333333333</dst>
            <dst id="NYCMng">95.568</dst>
            <dst id="SNVAng">17.66</dst>
            <dst id="STTLng">0</dst>
            <dst id="WASHng">513.904</dst>
        </src>
        <src id="ATLAng">
            <dst id="ATLA-M5">499.618666666667</dst>
            <dst id="ATLAng">33530.032</dst>
            <dst id="CHINng">11502.3093333333</dst>
            <dst id="DNVRng">1975.74933333333</dst>
            <dst id="HSTNng">22715.8906666667</dst>
            <dst id="IPLSng">20339.6506666667</dst>
            <dst id="KSCYng">4960.22133333333</dst>
            <dst id="LOSAng">9616.696</dst>
            <dst id="NYCMng">9944.79733333333</dst>
            <dst id="SNVAng">1337.68</dst>
            <dst id="STTLng">8001.864</dst>
            <dst id="WASHng">33964.544</dst>
        </src>
        <src id="CHINng">
            <dst id="ATLA-M5">1253.22133333333</dst>
            <dst id="ATLAng">27518.136</dst>
            <dst id="CHINng">69246.6666666667</dst>
            <dst id="DNVRng">12234.2213333333</dst>
            <dst id="HSTNng">20128.6933333333</dst>
            <dst id="IPLSng">39448.6533333333</dst>
            <dst id="KSCYng">15990.024</dst>
            <dst id="LOSAng">59224.4213333333</dst>
            <dst id="NYCMng">13986.2266666667</dst>
            <dst id="SNVAng">12657.9386666667</dst>
            <dst id="STTLng">6578.28533333333</dst>
            <dst id="WASHng">59578.6933333333</dst>
        </src>
        <src id="DNVRng">
            <dst id="ATLA-M5">376.394666666667</dst>
            <dst id="ATLAng">11787.368</dst>
            <dst id="CHINng">67305.2506666667</dst>
            <dst id="DNVRng">16170.224</dst>
            <dst id="HSTNng">33880.1866666667</dst>
            <dst id="IPLSng">53235.6506666667</dst>
            <dst id="KSCYng">25053.9093333333</dst>
            <dst id="LOSAng">16233.2186666667</dst>
            <dst id="NYCMng">19961.6</dst>
            <dst id="SNVAng">16188.112</dst>
            <dst id="STTLng">12326.472</dst>
            <dst id="WASHng">49304.584</dst>
        </src>
        <src id="HSTNng">
            <dst id="ATLA-M5">2150.62933333333</dst>
            <dst id="ATLAng">14441.9146666667</dst>
            <dst id="CHINng">15699.1946666667</dst>
            <dst id="DNVRng">1842.43466666667</dst>
            <dst id="HSTNng">6638.568</dst>
            <dst id="IPLSng">6061.38133333333</dst>
            <dst id="KSCYng">2927.57066666667</dst>
            <dst id="LOSAng">10662.464</dst>
            <dst id="NYCMng">4378.63733333333</dst>
            <dst id="SNVAng">606.432</dst>
            <dst id="STTLng">4010.43733333333</dst>
            <dst id="WASHng">5733.95466666667</dst>
        </src>
        <src id="IPLSng">
            <dst id="ATLA-M5">121.816</dst>
            <dst id="ATLAng">36679.624</dst>
            <dst id="CHINng">75891.672</dst>
            <dst id="DNVRng">19352.0346666667</dst>
            <dst id="HSTNng">13197.0133333333</dst>
            <dst id="IPLSng">29175.44</dst>
            <dst id="KSCYng">12538.7386666667</dst>
            <dst id="LOSAng">22229.896</dst>
            <dst id="NYCMng">47777.7946666667</dst>
            <dst id="SNVAng">1377.35466666667</dst>
            <dst id="STTLng">11157.656</dst>
            <dst id="WASHng">28613.816</dst>
        </src>
        <src id="KSCYng">
            <dst id="ATLA-M5">2432.096</dst>
            <dst id="ATLAng">5609.672</dst>
            <dst id="CHINng">22131.8</dst>
            <dst id="DNVRng">11721.2213333333</dst>
            <dst id="HSTNng">20359.6773333333</dst>
            <dst id="IPLSng">37759.7493333333</dst>
            <dst id="KSCYng">11292.064</dst>
            <dst id="LOSAng">9102.46133333333</dst>
            <dst id="NYCMng">4457.44</dst>
            <dst id="SNVAng">3197.50133333333</dst>
            <dst id="STTLng">3738.29333333333</dst>
            <dst id="WASHng">17634.112</dst>
        </src>
        <src id="LOSAng">
            <dst id="ATLA-M5">471.744</dst>
            <dst id="ATLAng">24897.7146666667</dst>
            <dst id="CHINng">94132.288</dst>
            <dst id="DNVRng">34207.816</dst>
            <dst id="HSTNng">8147.464</dst>
            <dst id="IPLSng">39168.728</dst>
            <dst id="KSCYng">8257.38933333334</dst>
            <dst id="LOSAng">15258.088</dst>
            <dst id="NYCMng">41025.2266666667</dst>
            <dst id="SNVAng">39620.32</dst>
            <dst id="STTLng">29455.5253333333</dst>
            <dst id="WASHng">69198.328</dst>
        </src>
        <src id="NYCMng">
            <dst id="ATLA-M5">933.728</dst>
            <dst id="ATLAng">34057.0506666667</dst>
            <dst id="CHINng">31243.7893333333</dst>
            <dst id="DNVRng">33809.7493333333</dst>
            <dst id="HSTNng">17543.3066666667</dst>
            <dst id="IPLSng">33562.512</dst>
            <dst id="KSCYng">17904.376</dst>
            <dst id="LOSAng">82543.0213333333</dst>
            <dst id="NYCMng">113003.496</dst>
            <dst id="SNVAng">8011.24</dst>
            <dst id="STTLng">58588.528</dst>
            <dst id="WASHng">96835.472</dst>
        </src>
        <src id="SNVAng">
            <dst id="ATLA-M5">0</dst>
            <dst id="ATLAng">250.4</dst>
            <dst id="CHINng">108.405333333333</dst>
            <dst id="DNVRng">3825.30666666667</dst>
            <dst id="HSTNng">111.248</dst>
            <dst id="IPLSng">344.221333333333</dst>
            <dst id="KSCYng">115.776</dst>
            <dst id="LOSAng">34591.9813333333</dst>
            <dst id="NYCMng">262.570666666667</dst>
            <dst id="SNVAng">9613.82133333333</dst>
            <dst id="STTLng">39308.6693333333</dst>
            <dst id="WASHng">221.717333333333</dst>
        </src>
        <src id="STTLng">
            <dst id="ATLA-M5">53.3333333333333</dst>
            <dst id="ATLAng">12191.888</dst>
            <dst id="CHINng">23019.8186666667</dst>
            <dst id="DNVRng">8893.704</dst>
            <dst id="HSTNng">6620.70933333333</dst>
            <dst id="IPLSng">15598.3093333333</dst>
            <dst id="KSCYng">8337.23466666667</dst>
            <dst id="LOSAng">26352.5546666667</dst>
            <dst id="NYCMng">16083.9893333333</dst>
            <dst id="SNVAng">7858.44533333333</dst>
            <dst id="STTLng">5025.25866666667</dst>
            <dst id="WASHng">21712.5573333333</dst>
        </src>
        <src id="WASHng">
            <dst id="ATLA-M5">1215.42933333333</dst>
            <dst id="ATLAng">193323.965333333</dst>
            <dst id="CHINng">94678.736</dst>
            <dst id="DNVRng">107623.733333333</dst>
            <dst id="HSTNng">27532.3066666667</dst>
            <dst id="IPLSng">65640.1546666667</dst>
            <dst id="KSCYng">33728.5653333333</dst>
            <dst id="LOSAng">106722.418666667</dst>
            <dst id="NYCMng">201224.248</dst>
            <dst id="SNVAng">9791.62933333333</dst>
            <dst id="STTLng">59763.8746666667</dst>
            <dst id="WASHng">315231.013333333</dst>
        </src>
    </IntraTM>
</TrafficMatrixFile>
