<?xml version="1.0" encoding="ISO-8859-1" standalone="yes"?>
<TrafficMatrixFile xsi:noNamespaceSchemaLocation="http://totem.run.montefiore.ulg.ac.be/Schema/TrafficMatrix-v1_2.xsd" xmlns:xsi="http://www.w3.org/2001/XMLSchema-instance">
    <IntraTM ASID="11537">
        <src id="ATLA-M5">
            <dst id="ATLA-M5">0</dst>
            <dst id="ATLAng">28.8933333333333</dst>
            <dst id="CHINng">0</dst>
            <dst id="DNVRng">26.6666666666667</dst>
            <dst id="HSTNng">94.0693333333333</dst>
            <dst id="IPLSng">0</dst>
            <dst id="KSCYng">0</dst>
            <dst id="LOSAng">586.48</dst>
            <dst id="NYCMng">940.96</dst>
            <dst id="SNVAng">0</dst>
            <dst id="STTLng">0</dst>
            <dst id="WASHng">991.592</dst>
        </src>
        <src id="ATLAng">
            <dst id="ATLA-M5">111.496</dst>
            <dst id="ATLAng">21856.44</dst>
            <dst id="CHINng">4077.09866666667</dst>
            <dst id="DNVRng">2595.02133333333</dst>
            <dst id="HSTNng">456.922666666667</dst>
            <dst id="IPLSng">16673.3946666667</dst>
            <dst id="KSCYng">307.306666666667</dst>
            <dst id="LOSAng">11035.0213333333</dst>
            <dst id="NYCMng">8522.936</dst>
            <dst id="SNVAng">619.085333333333</dst>
            <dst id="STTLng">6186.99466666667</dst>
            <dst id="WASHng">55421.4826666667</dst>
        </src>
        <src id="CHINng">
            <dst id="ATLA-M5">88.032</dst>
            <dst id="ATLAng">5924.19466666666</dst>
            <dst id="CHINng">93482.504</dst>
            <dst id="DNVRng">5862.088</dst>
            <dst id="HSTNng">11088.64</dst>
            <dst id="IPLSng">15687.5946666667</dst>
            <dst id="KSCYng">3060.12266666667</dst>
            <dst id="LOSAng">39190.984</dst>
            <dst id="NYCMng">13367.4053333333</dst>
            <dst id="SNVAng">1321.168</dst>
            <dst id="STTLng">4761.12</dst>
            <dst id="WASHng">13475.568</dst>
        </src>
        <src id="DNVRng">
            <dst id="ATLA-M5">91.6693333333333</dst>
            <dst id="ATLAng">9827.41333333333</dst>
            <dst id="CHINng">58686.96</dst>
            <dst id="DNVRng">3222.59733333333</dst>
            <dst id="HSTNng">10469.6666666667</dst>
            <dst id="IPLSng">26490.5226666667</dst>
            <dst id="KSCYng">9816.70133333333</dst>
            <dst id="LOSAng">4934</dst>
            <dst id="NYCMng">20330.24</dst>
            <dst id="SNVAng">11026.7093333333</dst>
            <dst id="STTLng">5608.63733333333</dst>
            <dst id="WASHng">41957.24</dst>
        </src>
        <src id="HSTNng">
            <dst id="ATLA-M5">4611.73066666667</dst>
            <dst id="ATLAng">2046.75466666667</dst>
            <dst id="CHINng">17152.8026666667</dst>
            <dst id="DNVRng">700.453333333333</dst>
            <dst id="HSTNng">14736.6133333333</dst>
            <dst id="IPLSng">3252.808</dst>
            <dst id="KSCYng">746.730666666667</dst>
            <dst id="LOSAng">14251.776</dst>
            <dst id="NYCMng">1374.66666666667</dst>
            <dst id="SNVAng">80.512</dst>
            <dst id="STTLng">361.904</dst>
            <dst id="WASHng">4040.952</dst>
        </src>
        <src id="IPLSng">
            <dst id="ATLA-M5">26.6666666666667</dst>
            <dst id="ATLAng">19209.712</dst>
            <dst id="CHINng">64141.84</dst>
            <dst id="DNVRng">15126.7626666667</dst>
            <dst id="HSTNng">525.490666666667</dst>
            <dst id="IPLSng">23117.7013333333</dst>
            <dst id="KSCYng">2163.15466666667</dst>
            <dst id="LOSAng">15838.744</dst>
            <dst id="NYCMng">38471.912</dst>
            <dst id="SNVAng">498.592</dst>
            <dst id="STTLng">11308.344</dst>
            <dst id="WASHng">7877.336</dst>
        </src>
        <src id="KSCYng">
            <dst id="ATLA-M5">0</dst>
            <dst id="ATLAng">1640.776</dst>
            <dst id="CHINng">19803.888</dst>
            <dst id="DNVRng">7693.37066666667</dst>
            <dst id="HSTNng">2157.13866666667</dst>
            <dst id="IPLSng">8363.73333333333</dst>
            <dst id="KSCYng">5708.92</dst>
            <dst id="LOSAng">4099.936</dst>
            <dst id="NYCMng">1222.33333333333</dst>
            <dst id="SNVAng">2359.49333333333</dst>
            <dst id="STTLng">2250.536</dst>
            <dst id="WASHng">11047.664</dst>
        </src>
        <src id="LOSAng">
            <dst id="ATLA-M5">99.7146666666667</dst>
            <dst id="ATLAng">26977.1173333333</dst>
            <dst id="CHINng">132231.152</dst>
            <dst id="DNVRng">19735.9546666667</dst>
            <dst id="HSTNng">2490.40266666667</dst>
            <dst id="IPLSng">12988.592</dst>
            <dst id="KSCYng">4875.76</dst>
            <dst id="LOSAng">16611.4853333333</dst>
            <dst id="NYCMng">41044.2613333333</dst>
            <dst id="SNVAng">18686.1253333333</dst>
            <dst id="STTLng">47006.5573333333</dst>
            <dst id="WASHng">20885.4586666667</dst>
        </src>
        <src id="NYCMng">
            <dst id="ATLA-M5">117.757333333333</dst>
            <dst id="ATLAng">22222.6773333333</dst>
            <dst id="CHINng">23271.2773333333</dst>
            <dst id="DNVRng">22825.288</dst>
            <dst id="HSTNng">4013.768</dst>
            <dst id="IPLSng">31437.0213333333</dst>
            <dst id="KSCYng">5594.376</dst>
            <dst id="LOSAng">74591.152</dst>
            <dst id="NYCMng">160695.770666667</dst>
            <dst id="SNVAng">1239.072</dst>
            <dst id="STTLng">10997.7466666667</dst>
            <dst id="WASHng">51173.0613333333</dst>
        </src>
        <src id="SNVAng">
            <dst id="ATLA-M5">0</dst>
            <dst id="ATLAng">30.8053333333333</dst>
            <dst id="CHINng">26.6666666666667</dst>
            <dst id="DNVRng">6553.32</dst>
            <dst id="HSTNng">35.328</dst>
            <dst id="IPLSng">204.544</dst>
            <dst id="KSCYng">26.6666666666667</dst>
            <dst id="LOSAng">30373.0266666667</dst>
            <dst id="NYCMng">8301.20533333334</dst>
            <dst id="SNVAng">4529.62933333333</dst>
            <dst id="STTLng">25814.6693333333</dst>
            <dst id="WASHng">26.6666666666667</dst>
        </src>
        <src id="STTLng">
            <dst id="ATLA-M5">0</dst>
            <dst id="ATLAng">6515.09333333333</dst>
            <dst id="CHINng">28101.4346666667</dst>
            <dst id="DNVRng">9519.776</dst>
            <dst id="HSTNng">806.701333333333</dst>
            <dst id="IPLSng">2993.81066666667</dst>
            <dst id="KSCYng">2551.94666666667</dst>
            <dst id="LOSAng">13420.8666666667</dst>
            <dst id="NYCMng">11913.4053333333</dst>
            <dst id="SNVAng">1991.40266666667</dst>
            <dst id="STTLng">1322.65333333333</dst>
            <dst id="WASHng">7861.896</dst>
        </src>
        <src id="WASHng">
            <dst id="ATLA-M5">1086.67733333333</dst>
            <dst id="ATLAng">108246.306666667</dst>
            <dst id="CHINng">59053.1466666667</dst>
            <dst id="DNVRng">48588.52</dst>
            <dst id="HSTNng">22125.7333333333</dst>
            <dst id="IPLSng">47652.3226666667</dst>
            <dst id="KSCYng">12978.432</dst>
            <dst id="LOSAng">59177.0186666667</dst>
            <dst id="NYCMng">131181.488</dst>
            <dst id="SNVAng">4695.93333333333</dst>
            <dst id="STTLng">27257.5466666667</dst>
            <dst id="WASHng">271897.466666667</dst>
        </src>
    </IntraTM>
</TrafficMatrixFile>
