<?xml version="1.0" encoding="ISO-8859-1" standalone="yes"?>
<TrafficMatrixFile xsi:noNamespaceSchemaLocation="http://totem.run.montefiore.ulg.ac.be/Schema/TrafficMatrix-v1_2.xsd" xmlns:xsi="http://www.w3.org/2001/XMLSchema-instance">
    <IntraTM ASID="11537">
        <src id="ATLA-M5">
            <dst id="ATLA-M5">158.504</dst>
            <dst id="ATLAng">657.130666666667</dst>
            <dst id="CHINng">81.8986666666667</dst>
            <dst id="DNVRng">0</dst>
            <dst id="HSTNng">59.8133333333333</dst>
            <dst id="IPLSng">1093.336</dst>
            <dst id="KSCYng">2217.37866666667</dst>
            <dst id="LOSAng">144.648</dst>
            <dst id="NYCMng">133.333333333333</dst>
            <dst id="SNVAng">13.3333333333333</dst>
            <dst id="STTLng">0</dst>
            <dst id="WASHng">1946.61333333333</dst>
        </src>
        <src id="ATLAng">
            <dst id="ATLA-M5">499.402666666667</dst>
            <dst id="ATLAng">25047.408</dst>
            <dst id="CHINng">8382.768</dst>
            <dst id="DNVRng">2448.57333333333</dst>
            <dst id="HSTNng">15691.1706666667</dst>
            <dst id="IPLSng">30134.04</dst>
            <dst id="KSCYng">6575.96533333333</dst>
            <dst id="LOSAng">26059.6066666667</dst>
            <dst id="NYCMng">10373.9333333333</dst>
            <dst id="SNVAng">1219.212</dst>
            <dst id="STTLng">9379.184</dst>
            <dst id="WASHng">42155.1706666667</dst>
        </src>
        <src id="CHINng">
            <dst id="ATLA-M5">226.36</dst>
            <dst id="ATLAng">26548.8453333333</dst>
            <dst id="CHINng">73268.984</dst>
            <dst id="DNVRng">4189.49866666667</dst>
            <dst id="HSTNng">10279.2213333333</dst>
            <dst id="IPLSng">20355.024</dst>
            <dst id="KSCYng">11781.0533333333</dst>
            <dst id="LOSAng">31462.4933333333</dst>
            <dst id="NYCMng">11085.912</dst>
            <dst id="SNVAng">2170.27733333333</dst>
            <dst id="STTLng">3857.08266666667</dst>
            <dst id="WASHng">47599.7546666667</dst>
        </src>
        <src id="DNVRng">
            <dst id="ATLA-M5">164.416</dst>
            <dst id="ATLAng">4735.83733333333</dst>
            <dst id="CHINng">69528.5066666667</dst>
            <dst id="DNVRng">11016.2</dst>
            <dst id="HSTNng">15867.088</dst>
            <dst id="IPLSng">45903.7386666667</dst>
            <dst id="KSCYng">23975.232</dst>
            <dst id="LOSAng">17210.512</dst>
            <dst id="NYCMng">16238.6906666667</dst>
            <dst id="SNVAng">13427.6746666667</dst>
            <dst id="STTLng">10050.48</dst>
            <dst id="WASHng">40644.144</dst>
        </src>
        <src id="HSTNng">
            <dst id="ATLA-M5">2139.56</dst>
            <dst id="ATLAng">8844.08</dst>
            <dst id="CHINng">22891.5973333333</dst>
            <dst id="DNVRng">1021.66933333333</dst>
            <dst id="HSTNng">19607.6026666667</dst>
            <dst id="IPLSng">1866.43733333333</dst>
            <dst id="KSCYng">1278.968</dst>
            <dst id="LOSAng">24644.592</dst>
            <dst id="NYCMng">4531.46933333333</dst>
            <dst id="SNVAng">109.792</dst>
            <dst id="STTLng">633.546666666667</dst>
            <dst id="WASHng">8898.528</dst>
        </src>
        <src id="IPLSng">
            <dst id="ATLA-M5">285.754666666667</dst>
            <dst id="ATLAng">38681.4266666667</dst>
            <dst id="CHINng">81931.9386666667</dst>
            <dst id="DNVRng">10575.632</dst>
            <dst id="HSTNng">6804.33066666666</dst>
            <dst id="IPLSng">17115.2986666667</dst>
            <dst id="KSCYng">7029.39466666666</dst>
            <dst id="LOSAng">17303.4133333333</dst>
            <dst id="NYCMng">43300.816</dst>
            <dst id="SNVAng">5319.704</dst>
            <dst id="STTLng">9858.96266666667</dst>
            <dst id="WASHng">28624.6506666667</dst>
        </src>
        <src id="KSCYng">
            <dst id="ATLA-M5">171.645333333333</dst>
            <dst id="ATLAng">4510.51466666667</dst>
            <dst id="CHINng">22077.7466666667</dst>
            <dst id="DNVRng">10017.7093333333</dst>
            <dst id="HSTNng">3815.488</dst>
            <dst id="IPLSng">16417.432</dst>
            <dst id="KSCYng">12081.2293333333</dst>
            <dst id="LOSAng">6458.43733333334</dst>
            <dst id="NYCMng">1581.98666666667</dst>
            <dst id="SNVAng">2065.58666666667</dst>
            <dst id="STTLng">3218.56</dst>
            <dst id="WASHng">15701.968</dst>
        </src>
        <src id="LOSAng">
            <dst id="ATLA-M5">815.077333333333</dst>
            <dst id="ATLAng">13856.7946666667</dst>
            <dst id="CHINng">133067.029333333</dst>
            <dst id="DNVRng">26275.3333333333</dst>
            <dst id="HSTNng">8059.10133333333</dst>
            <dst id="IPLSng">19793.0266666667</dst>
            <dst id="KSCYng">9389.008</dst>
            <dst id="LOSAng">17823.3173333333</dst>
            <dst id="NYCMng">39033.6853333333</dst>
            <dst id="SNVAng">17706.384</dst>
            <dst id="STTLng">21209.1866666667</dst>
            <dst id="WASHng">28331.4933333333</dst>
        </src>
        <src id="NYCMng">
            <dst id="ATLA-M5">945.608</dst>
            <dst id="ATLAng">44476.464</dst>
            <dst id="CHINng">25187.6133333333</dst>
            <dst id="DNVRng">26610.576</dst>
            <dst id="HSTNng">14544.4346666667</dst>
            <dst id="IPLSng">28109.1466666667</dst>
            <dst id="KSCYng">21089.272</dst>
            <dst id="LOSAng">89509.96</dst>
            <dst id="NYCMng">126924.16</dst>
            <dst id="SNVAng">5761.66133333333</dst>
            <dst id="STTLng">16257.1893333333</dst>
            <dst id="WASHng">70017.8266666667</dst>
        </src>
        <src id="SNVAng">
            <dst id="ATLA-M5">0</dst>
            <dst id="ATLAng">573.712</dst>
            <dst id="CHINng">372.832</dst>
            <dst id="DNVRng">2098.59733333333</dst>
            <dst id="HSTNng">1017.44533333333</dst>
            <dst id="IPLSng">384.413333333333</dst>
            <dst id="KSCYng">80</dst>
            <dst id="LOSAng">29122.8666666667</dst>
            <dst id="NYCMng">8802.80533333333</dst>
            <dst id="SNVAng">7148.51466666667</dst>
            <dst id="STTLng">28187.1786666667</dst>
            <dst id="WASHng">61.704</dst>
        </src>
        <src id="STTLng">
            <dst id="ATLA-M5">168.914666666667</dst>
            <dst id="ATLAng">11437.4693333333</dst>
            <dst id="CHINng">27937.3306666667</dst>
            <dst id="DNVRng">4175.57066666667</dst>
            <dst id="HSTNng">2220.95733333333</dst>
            <dst id="IPLSng">11042.9066666667</dst>
            <dst id="KSCYng">2778.15466666667</dst>
            <dst id="LOSAng">26058.5413333333</dst>
            <dst id="NYCMng">18474.2373333333</dst>
            <dst id="SNVAng">9697.24533333333</dst>
            <dst id="STTLng">5597.184</dst>
            <dst id="WASHng">15218.9013333333</dst>
        </src>
        <src id="WASHng">
            <dst id="ATLA-M5">1770.08533333333</dst>
            <dst id="ATLAng">136326.16</dst>
            <dst id="CHINng">57857.8986666667</dst>
            <dst id="DNVRng">58881.208</dst>
            <dst id="HSTNng">17765.616</dst>
            <dst id="IPLSng">80865.6186666667</dst>
            <dst id="KSCYng">23773.016</dst>
            <dst id="LOSAng">58023.4133333333</dst>
            <dst id="NYCMng">130195.714666667</dst>
            <dst id="SNVAng">13010.112</dst>
            <dst id="STTLng">27278.9146666667</dst>
            <dst id="WASHng">315633.68</dst>
        </src>
    </IntraTM>
</TrafficMatrixFile>
