<?xml version="1.0" encoding="ISO-8859-1" standalone="yes"?>
<TrafficMatrixFile xsi:noNamespaceSchemaLocation="http://totem.run.montefiore.ulg.ac.be/Schema/TrafficMatrix-v1_2.xsd" xmlns:xsi="http://www.w3.org/2001/XMLSchema-instance">
    <IntraTM ASID="11537">
        <src id="ATLA-M5">
            <dst id="ATLA-M5">92.3786666666667</dst>
            <dst id="ATLAng">167.093333333333</dst>
            <dst id="CHINng">133.333333333333</dst>
            <dst id="DNVRng">41.6533333333333</dst>
            <dst id="HSTNng">106.36</dst>
            <dst id="IPLSng">85.4773333333333</dst>
            <dst id="KSCYng">64.216</dst>
            <dst id="LOSAng">1097.26933333333</dst>
            <dst id="NYCMng">377.418666666667</dst>
            <dst id="SNVAng">0</dst>
            <dst id="STTLng">26.6666666666667</dst>
            <dst id="WASHng">1566.32533333333</dst>
        </src>
        <src id="ATLAng">
            <dst id="ATLA-M5">165.690666666667</dst>
            <dst id="ATLAng">31047.28</dst>
            <dst id="CHINng">7696.416</dst>
            <dst id="DNVRng">3474.63733333333</dst>
            <dst id="HSTNng">16638.9173333333</dst>
            <dst id="IPLSng">14615.2986666667</dst>
            <dst id="KSCYng">1551.06666666667</dst>
            <dst id="LOSAng">12011.3546666667</dst>
            <dst id="NYCMng">27803.5653333333</dst>
            <dst id="SNVAng">813.202666666667</dst>
            <dst id="STTLng">14745.088</dst>
            <dst id="WASHng">64768.984</dst>
        </src>
        <src id="CHINng">
            <dst id="ATLA-M5">1283.49066666667</dst>
            <dst id="ATLAng">20770.904</dst>
            <dst id="CHINng">82723.0293333333</dst>
            <dst id="DNVRng">7153.792</dst>
            <dst id="HSTNng">10280.2533333333</dst>
            <dst id="IPLSng">28466.8986666667</dst>
            <dst id="KSCYng">8156.72</dst>
            <dst id="LOSAng">34082.088</dst>
            <dst id="NYCMng">14169.4773333333</dst>
            <dst id="SNVAng">3667.89066666667</dst>
            <dst id="STTLng">7710.88533333333</dst>
            <dst id="WASHng">30726.2053333333</dst>
        </src>
        <src id="DNVRng">
            <dst id="ATLA-M5">274.261333333333</dst>
            <dst id="ATLAng">11721.008</dst>
            <dst id="CHINng">80254.064</dst>
            <dst id="DNVRng">11457.4053333333</dst>
            <dst id="HSTNng">20065.024</dst>
            <dst id="IPLSng">33300.3813333333</dst>
            <dst id="KSCYng">20674.7946666667</dst>
            <dst id="LOSAng">12126.0906666667</dst>
            <dst id="NYCMng">14911.3653333333</dst>
            <dst id="SNVAng">25055.672</dst>
            <dst id="STTLng">11886.5413333333</dst>
            <dst id="WASHng">42356.8373333333</dst>
        </src>
        <src id="HSTNng">
            <dst id="ATLA-M5">176.128</dst>
            <dst id="ATLAng">23638.0613333333</dst>
            <dst id="CHINng">18088.1706666667</dst>
            <dst id="DNVRng">1264.976</dst>
            <dst id="HSTNng">13320</dst>
            <dst id="IPLSng">1495.49866666667</dst>
            <dst id="KSCYng">3297.55466666667</dst>
            <dst id="LOSAng">10321.696</dst>
            <dst id="NYCMng">4041.27466666667</dst>
            <dst id="SNVAng">247.928</dst>
            <dst id="STTLng">935.034666666667</dst>
            <dst id="WASHng">4251.92533333333</dst>
        </src>
        <src id="IPLSng">
            <dst id="ATLA-M5">162.336</dst>
            <dst id="ATLAng">22605.1626666667</dst>
            <dst id="CHINng">97335.888</dst>
            <dst id="DNVRng">12458.8186666667</dst>
            <dst id="HSTNng">5452.81333333333</dst>
            <dst id="IPLSng">25508.9173333333</dst>
            <dst id="KSCYng">7831.256</dst>
            <dst id="LOSAng">11645.6</dst>
            <dst id="NYCMng">29991.1226666667</dst>
            <dst id="SNVAng">1109.45866666667</dst>
            <dst id="STTLng">16247.1253333333</dst>
            <dst id="WASHng">46739.192</dst>
        </src>
        <src id="KSCYng">
            <dst id="ATLA-M5">26.6666666666667</dst>
            <dst id="ATLAng">2098.49333333333</dst>
            <dst id="CHINng">23062.512</dst>
            <dst id="DNVRng">9444.856</dst>
            <dst id="HSTNng">5095.16266666667</dst>
            <dst id="IPLSng">15695.128</dst>
            <dst id="KSCYng">11965.1706666667</dst>
            <dst id="LOSAng">4565.58666666667</dst>
            <dst id="NYCMng">4368.76533333333</dst>
            <dst id="SNVAng">1888.58133333333</dst>
            <dst id="STTLng">2153.13066666667</dst>
            <dst id="WASHng">30944.1066666667</dst>
        </src>
        <src id="LOSAng">
            <dst id="ATLA-M5">158.104</dst>
            <dst id="ATLAng">14819.92</dst>
            <dst id="CHINng">142704.616</dst>
            <dst id="DNVRng">26080.72</dst>
            <dst id="HSTNng">4434.27466666667</dst>
            <dst id="IPLSng">39031.9413333333</dst>
            <dst id="KSCYng">9711.416</dst>
            <dst id="LOSAng">11620.568</dst>
            <dst id="NYCMng">41374.6933333333</dst>
            <dst id="SNVAng">9756.056</dst>
            <dst id="STTLng">20781.1706666667</dst>
            <dst id="WASHng">33168.3466666667</dst>
        </src>
        <src id="NYCMng">
            <dst id="ATLA-M5">885.002666666667</dst>
            <dst id="ATLAng">36561.4106666667</dst>
            <dst id="CHINng">30193.568</dst>
            <dst id="DNVRng">25391.8933333333</dst>
            <dst id="HSTNng">17231.1386666667</dst>
            <dst id="IPLSng">22500.8293333333</dst>
            <dst id="KSCYng">10721.8053333333</dst>
            <dst id="LOSAng">80242.0853333333</dst>
            <dst id="NYCMng">113206.570666667</dst>
            <dst id="SNVAng">1175.168</dst>
            <dst id="STTLng">16653.5546666667</dst>
            <dst id="WASHng">72036.5733333333</dst>
        </src>
        <src id="SNVAng">
            <dst id="ATLA-M5">0</dst>
            <dst id="ATLAng">27.648</dst>
            <dst id="CHINng">53.3653333333333</dst>
            <dst id="DNVRng">4492.60266666667</dst>
            <dst id="HSTNng">30.4853333333333</dst>
            <dst id="IPLSng">406.306666666667</dst>
            <dst id="KSCYng">80</dst>
            <dst id="LOSAng">29266.264</dst>
            <dst id="NYCMng">413.912</dst>
            <dst id="SNVAng">10056.568</dst>
            <dst id="STTLng">27582.552</dst>
            <dst id="WASHng">113.32</dst>
        </src>
        <src id="STTLng">
            <dst id="ATLA-M5">26.6666666666667</dst>
            <dst id="ATLAng">10704.272</dst>
            <dst id="CHINng">33304.456</dst>
            <dst id="DNVRng">2525.46133333333</dst>
            <dst id="HSTNng">1845.98933333333</dst>
            <dst id="IPLSng">8290.97066666667</dst>
            <dst id="KSCYng">2880.59733333333</dst>
            <dst id="LOSAng">14175.2613333333</dst>
            <dst id="NYCMng">12786.1466666667</dst>
            <dst id="SNVAng">4396.64266666667</dst>
            <dst id="STTLng">6002.752</dst>
            <dst id="WASHng">22685.4106666667</dst>
        </src>
        <src id="WASHng">
            <dst id="ATLA-M5">1544.78933333333</dst>
            <dst id="ATLAng">153087.154666667</dst>
            <dst id="CHINng">63927.792</dst>
            <dst id="DNVRng">59477.9493333333</dst>
            <dst id="HSTNng">24693.088</dst>
            <dst id="IPLSng">56948.2533333333</dst>
            <dst id="KSCYng">18016.2853333333</dst>
            <dst id="LOSAng">50526.5946666667</dst>
            <dst id="NYCMng">159703.789333333</dst>
            <dst id="SNVAng">9745.31733333333</dst>
            <dst id="STTLng">46479.9813333333</dst>
            <dst id="WASHng">464727.04</dst>
        </src>
    </IntraTM>
</TrafficMatrixFile>
