<?xml version="1.0" encoding="ISO-8859-1" standalone="yes"?>
<TrafficMatrixFile xsi:noNamespaceSchemaLocation="http://totem.run.montefiore.ulg.ac.be/Schema/TrafficMatrix-v1_2.xsd" xmlns:xsi="http://www.w3.org/2001/XMLSchema-instance">
    <IntraTM ASID="11537">
        <src id="ATLA-M5">
            <dst id="ATLA-M5">26.6666666666667</dst>
            <dst id="ATLAng">0</dst>
            <dst id="CHINng">90.336</dst>
            <dst id="DNVRng">26.6666666666667</dst>
            <dst id="HSTNng">26.6666666666667</dst>
            <dst id="IPLSng">0</dst>
            <dst id="KSCYng">0</dst>
            <dst id="LOSAng">478.389333333333</dst>
            <dst id="NYCMng">0</dst>
            <dst id="SNVAng">0</dst>
            <dst id="STTLng">0</dst>
            <dst id="WASHng">1264.78666666667</dst>
        </src>
        <src id="ATLAng">
            <dst id="ATLA-M5">119.904</dst>
            <dst id="ATLAng">6200.336</dst>
            <dst id="CHINng">3316.96266666667</dst>
            <dst id="DNVRng">2252.54933333333</dst>
            <dst id="HSTNng">629.237333333333</dst>
            <dst id="IPLSng">26084.3466666667</dst>
            <dst id="KSCYng">357.290666666667</dst>
            <dst id="LOSAng">5558.29466666666</dst>
            <dst id="NYCMng">12840.4266666667</dst>
            <dst id="SNVAng">583.54</dst>
            <dst id="STTLng">9717.624</dst>
            <dst id="WASHng">43933.0533333333</dst>
        </src>
        <src id="CHINng">
            <dst id="ATLA-M5">80.3146666666667</dst>
            <dst id="ATLAng">10222.248</dst>
            <dst id="CHINng">64917.1333333333</dst>
            <dst id="DNVRng">9081.98133333333</dst>
            <dst id="HSTNng">5390.94933333333</dst>
            <dst id="IPLSng">47593.064</dst>
            <dst id="KSCYng">2206.88</dst>
            <dst id="LOSAng">39406.704</dst>
            <dst id="NYCMng">6039.888</dst>
            <dst id="SNVAng">383.232</dst>
            <dst id="STTLng">6338.57866666667</dst>
            <dst id="WASHng">19331.3626666667</dst>
        </src>
        <src id="DNVRng">
            <dst id="ATLA-M5">299.898666666667</dst>
            <dst id="ATLAng">1861.43733333333</dst>
            <dst id="CHINng">60791.4106666666</dst>
            <dst id="DNVRng">13066.0453333333</dst>
            <dst id="HSTNng">14388.112</dst>
            <dst id="IPLSng">34649.2586666667</dst>
            <dst id="KSCYng">31160.152</dst>
            <dst id="LOSAng">21489.9733333333</dst>
            <dst id="NYCMng">20446.7546666667</dst>
            <dst id="SNVAng">19596.5733333333</dst>
            <dst id="STTLng">13189.4293333333</dst>
            <dst id="WASHng">29161.2746666667</dst>
        </src>
        <src id="HSTNng">
            <dst id="ATLA-M5">135.968</dst>
            <dst id="ATLAng">777.376</dst>
            <dst id="CHINng">14514.7493333333</dst>
            <dst id="DNVRng">561.722666666667</dst>
            <dst id="HSTNng">14045.4186666667</dst>
            <dst id="IPLSng">2875.57333333333</dst>
            <dst id="KSCYng">471.562666666667</dst>
            <dst id="LOSAng">2692.408</dst>
            <dst id="NYCMng">4757.54666666667</dst>
            <dst id="SNVAng">0</dst>
            <dst id="STTLng">2790.696</dst>
            <dst id="WASHng">1333.09333333333</dst>
        </src>
        <src id="IPLSng">
            <dst id="ATLA-M5">0</dst>
            <dst id="ATLAng">12122.424</dst>
            <dst id="CHINng">72622.9173333333</dst>
            <dst id="DNVRng">15347.824</dst>
            <dst id="HSTNng">2668.896</dst>
            <dst id="IPLSng">16159.4346666667</dst>
            <dst id="KSCYng">1798.44533333333</dst>
            <dst id="LOSAng">8403.632</dst>
            <dst id="NYCMng">19965.1253333333</dst>
            <dst id="SNVAng">6798.70666666667</dst>
            <dst id="STTLng">8903.36266666666</dst>
            <dst id="WASHng">13291.2613333333</dst>
        </src>
        <src id="KSCYng">
            <dst id="ATLA-M5">0</dst>
            <dst id="ATLAng">646.141333333333</dst>
            <dst id="CHINng">14270.3626666667</dst>
            <dst id="DNVRng">5549.84</dst>
            <dst id="HSTNng">2337.336</dst>
            <dst id="IPLSng">11105.208</dst>
            <dst id="KSCYng">10328.3653333333</dst>
            <dst id="LOSAng">5039.20533333333</dst>
            <dst id="NYCMng">3908.32533333333</dst>
            <dst id="SNVAng">2152.98666666667</dst>
            <dst id="STTLng">9108.13333333334</dst>
            <dst id="WASHng">5226.952</dst>
        </src>
        <src id="LOSAng">
            <dst id="ATLA-M5">445.768</dst>
            <dst id="ATLAng">7649.58933333333</dst>
            <dst id="CHINng">112588.949333333</dst>
            <dst id="DNVRng">14751.3493333333</dst>
            <dst id="HSTNng">1620.61333333333</dst>
            <dst id="IPLSng">10982.1173333333</dst>
            <dst id="KSCYng">2780.77066666667</dst>
            <dst id="LOSAng">13263.7493333333</dst>
            <dst id="NYCMng">34193.3173333333</dst>
            <dst id="SNVAng">9494.01066666667</dst>
            <dst id="STTLng">41796.1786666667</dst>
            <dst id="WASHng">17848.1866666667</dst>
        </src>
        <src id="NYCMng">
            <dst id="ATLA-M5">106.666666666667</dst>
            <dst id="ATLAng">15434.304</dst>
            <dst id="CHINng">27547.008</dst>
            <dst id="DNVRng">21976.456</dst>
            <dst id="HSTNng">4155.06133333333</dst>
            <dst id="IPLSng">11285.9306666667</dst>
            <dst id="KSCYng">5180.25333333333</dst>
            <dst id="LOSAng">78997.3466666667</dst>
            <dst id="NYCMng">114973.842666667</dst>
            <dst id="SNVAng">635.893333333333</dst>
            <dst id="STTLng">16854.7706666667</dst>
            <dst id="WASHng">46279.0533333333</dst>
        </src>
        <src id="SNVAng">
            <dst id="ATLA-M5">0</dst>
            <dst id="ATLAng">53.3333333333333</dst>
            <dst id="CHINng">0</dst>
            <dst id="DNVRng">3936.99733333333</dst>
            <dst id="HSTNng">36.16</dst>
            <dst id="IPLSng">2394.97066666667</dst>
            <dst id="KSCYng">0</dst>
            <dst id="LOSAng">27381.8133333333</dst>
            <dst id="NYCMng">313.877333333333</dst>
            <dst id="SNVAng">3315.08533333333</dst>
            <dst id="STTLng">16106.2346666667</dst>
            <dst id="WASHng">53.3333333333333</dst>
        </src>
        <src id="STTLng">
            <dst id="ATLA-M5">0</dst>
            <dst id="ATLAng">7398.57066666667</dst>
            <dst id="CHINng">17587.8586666667</dst>
            <dst id="DNVRng">12184.1866666667</dst>
            <dst id="HSTNng">1072.33066666667</dst>
            <dst id="IPLSng">6596.904</dst>
            <dst id="KSCYng">981.781333333333</dst>
            <dst id="LOSAng">16184.7733333333</dst>
            <dst id="NYCMng">10404.5546666667</dst>
            <dst id="SNVAng">1971.16</dst>
            <dst id="STTLng">6069.432</dst>
            <dst id="WASHng">11268.8746666667</dst>
        </src>
        <src id="WASHng">
            <dst id="ATLA-M5">94.1626666666667</dst>
            <dst id="ATLAng">64384.624</dst>
            <dst id="CHINng">39590.1813333333</dst>
            <dst id="DNVRng">47745.352</dst>
            <dst id="HSTNng">12387.536</dst>
            <dst id="IPLSng">31443.208</dst>
            <dst id="KSCYng">12303.8133333333</dst>
            <dst id="LOSAng">75080.9306666666</dst>
            <dst id="NYCMng">113505.906666667</dst>
            <dst id="SNVAng">7316.608</dst>
            <dst id="STTLng">29700.0106666667</dst>
            <dst id="WASHng">397256.826666667</dst>
        </src>
    </IntraTM>
</TrafficMatrixFile>
