<?xml version="1.0" encoding="ISO-8859-1" standalone="yes"?>
<TrafficMatrixFile xsi:noNamespaceSchemaLocation="http://totem.run.montefiore.ulg.ac.be/Schema/TrafficMatrix-v1_2.xsd" xmlns:xsi="http://www.w3.org/2001/XMLSchema-instance">
    <IntraTM ASID="11537">
        <src id="ATLA-M5">
            <dst id="ATLA-M5">0</dst>
            <dst id="ATLAng">86.0906666666667</dst>
            <dst id="CHINng">1411.62133333333</dst>
            <dst id="DNVRng">0</dst>
            <dst id="HSTNng">123.874666666667</dst>
            <dst id="IPLSng">53.3333333333333</dst>
            <dst id="KSCYng">53.3333333333333</dst>
            <dst id="LOSAng">144.909333333333</dst>
            <dst id="NYCMng">0</dst>
            <dst id="SNVAng">0</dst>
            <dst id="STTLng">0</dst>
            <dst id="WASHng">203.197333333333</dst>
        </src>
        <src id="ATLAng">
            <dst id="ATLA-M5">350.136</dst>
            <dst id="ATLAng">26721.1493333333</dst>
            <dst id="CHINng">4551.43733333333</dst>
            <dst id="DNVRng">3291.26933333333</dst>
            <dst id="HSTNng">6865.32</dst>
            <dst id="IPLSng">25294.968</dst>
            <dst id="KSCYng">3992.76</dst>
            <dst id="LOSAng">9781.768</dst>
            <dst id="NYCMng">4657.01333333333</dst>
            <dst id="SNVAng">144.117333333333</dst>
            <dst id="STTLng">8423.17333333333</dst>
            <dst id="WASHng">23896</dst>
        </src>
        <src id="CHINng">
            <dst id="ATLA-M5">80</dst>
            <dst id="ATLAng">16276.5173333333</dst>
            <dst id="CHINng">54950.4533333333</dst>
            <dst id="DNVRng">32649.136</dst>
            <dst id="HSTNng">5821.54933333333</dst>
            <dst id="IPLSng">28548.5786666667</dst>
            <dst id="KSCYng">9837.18133333334</dst>
            <dst id="LOSAng">43307.712</dst>
            <dst id="NYCMng">15402.728</dst>
            <dst id="SNVAng">2614.40266666667</dst>
            <dst id="STTLng">5269.90666666667</dst>
            <dst id="WASHng">29230.7893333333</dst>
        </src>
        <src id="DNVRng">
            <dst id="ATLA-M5">126.309333333333</dst>
            <dst id="ATLAng">9261.10666666667</dst>
            <dst id="CHINng">45092.1653333333</dst>
            <dst id="DNVRng">7749.85066666667</dst>
            <dst id="HSTNng">13085.8746666667</dst>
            <dst id="IPLSng">47644.4053333333</dst>
            <dst id="KSCYng">14139.912</dst>
            <dst id="LOSAng">14668.24</dst>
            <dst id="NYCMng">12371.536</dst>
            <dst id="SNVAng">10064.8426666667</dst>
            <dst id="STTLng">21732.8453333333</dst>
            <dst id="WASHng">34241.3093333333</dst>
        </src>
        <src id="HSTNng">
            <dst id="ATLA-M5">3954.52266666667</dst>
            <dst id="ATLAng">11170.664</dst>
            <dst id="CHINng">7698.024</dst>
            <dst id="DNVRng">1282.67733333333</dst>
            <dst id="HSTNng">17416.1466666667</dst>
            <dst id="IPLSng">2441.36266666667</dst>
            <dst id="KSCYng">1094.54933333333</dst>
            <dst id="LOSAng">3249.808</dst>
            <dst id="NYCMng">5099.768</dst>
            <dst id="SNVAng">224.024</dst>
            <dst id="STTLng">1629.93066666667</dst>
            <dst id="WASHng">18706.6506666667</dst>
        </src>
        <src id="IPLSng">
            <dst id="ATLA-M5">0</dst>
            <dst id="ATLAng">27970.6773333333</dst>
            <dst id="CHINng">69309.056</dst>
            <dst id="DNVRng">17644.1866666667</dst>
            <dst id="HSTNng">3672.288</dst>
            <dst id="IPLSng">29160.2373333333</dst>
            <dst id="KSCYng">7530.76266666667</dst>
            <dst id="LOSAng">35173.0426666667</dst>
            <dst id="NYCMng">22145.6293333333</dst>
            <dst id="SNVAng">816.021333333333</dst>
            <dst id="STTLng">10311.7066666667</dst>
            <dst id="WASHng">27246.9146666667</dst>
        </src>
        <src id="KSCYng">
            <dst id="ATLA-M5">0</dst>
            <dst id="ATLAng">2181.74666666667</dst>
            <dst id="CHINng">12697.1866666667</dst>
            <dst id="DNVRng">11308.1493333333</dst>
            <dst id="HSTNng">11242.784</dst>
            <dst id="IPLSng">11486.088</dst>
            <dst id="KSCYng">6130.65866666667</dst>
            <dst id="LOSAng">7416.56</dst>
            <dst id="NYCMng">3373.84</dst>
            <dst id="SNVAng">2553.23733333333</dst>
            <dst id="STTLng">3339.41866666667</dst>
            <dst id="WASHng">13818.6826666667</dst>
        </src>
        <src id="LOSAng">
            <dst id="ATLA-M5">766.194666666666</dst>
            <dst id="ATLAng">20171.32</dst>
            <dst id="CHINng">64864.3573333333</dst>
            <dst id="DNVRng">27740.52</dst>
            <dst id="HSTNng">6114.288</dst>
            <dst id="IPLSng">8807.88</dst>
            <dst id="KSCYng">11900.544</dst>
            <dst id="LOSAng">20221.9626666667</dst>
            <dst id="NYCMng">38223.6826666667</dst>
            <dst id="SNVAng">16142.1146666667</dst>
            <dst id="STTLng">24391.2693333333</dst>
            <dst id="WASHng">23782.8186666667</dst>
        </src>
        <src id="NYCMng">
            <dst id="ATLA-M5">620.616</dst>
            <dst id="ATLAng">24351.6026666667</dst>
            <dst id="CHINng">22680.192</dst>
            <dst id="DNVRng">34224.128</dst>
            <dst id="HSTNng">10405.496</dst>
            <dst id="IPLSng">24394.2293333333</dst>
            <dst id="KSCYng">15984.4933333333</dst>
            <dst id="LOSAng">75673.08</dst>
            <dst id="NYCMng">92316.2933333333</dst>
            <dst id="SNVAng">5534.43466666667</dst>
            <dst id="STTLng">26549.976</dst>
            <dst id="WASHng">69983.68</dst>
        </src>
        <src id="SNVAng">
            <dst id="ATLA-M5">0</dst>
            <dst id="ATLAng">53.3333333333333</dst>
            <dst id="CHINng">53.3333333333333</dst>
            <dst id="DNVRng">6313.94933333333</dst>
            <dst id="HSTNng">130.216</dst>
            <dst id="IPLSng">247.386666666667</dst>
            <dst id="KSCYng">376.114666666667</dst>
            <dst id="LOSAng">39270.4613333333</dst>
            <dst id="NYCMng">505.752</dst>
            <dst id="SNVAng">6380.16266666667</dst>
            <dst id="STTLng">32551.024</dst>
            <dst id="WASHng">102.474666666667</dst>
        </src>
        <src id="STTLng">
            <dst id="ATLA-M5">0</dst>
            <dst id="ATLAng">7351.96266666667</dst>
            <dst id="CHINng">10508.7733333333</dst>
            <dst id="DNVRng">4178.87466666667</dst>
            <dst id="HSTNng">3164.208</dst>
            <dst id="IPLSng">6467.888</dst>
            <dst id="KSCYng">5293.02666666667</dst>
            <dst id="LOSAng">23200.3813333333</dst>
            <dst id="NYCMng">13882.104</dst>
            <dst id="SNVAng">3806.81333333333</dst>
            <dst id="STTLng">2018.54133333333</dst>
            <dst id="WASHng">7333.256</dst>
        </src>
        <src id="WASHng">
            <dst id="ATLA-M5">26.6666666666667</dst>
            <dst id="ATLAng">100413.032</dst>
            <dst id="CHINng">43498.12</dst>
            <dst id="DNVRng">81940.6586666667</dst>
            <dst id="HSTNng">12159.296</dst>
            <dst id="IPLSng">52845.5733333333</dst>
            <dst id="KSCYng">6656.90666666667</dst>
            <dst id="LOSAng">88433.184</dst>
            <dst id="NYCMng">120235.285333333</dst>
            <dst id="SNVAng">18074.792</dst>
            <dst id="STTLng">54258.352</dst>
            <dst id="WASHng">308250.426666667</dst>
        </src>
    </IntraTM>
</TrafficMatrixFile>
