<?xml version="1.0" encoding="ISO-8859-1" standalone="yes"?>
<TrafficMatrixFile xsi:noNamespaceSchemaLocation="http://totem.run.montefiore.ulg.ac.be/Schema/TrafficMatrix-v1_2.xsd" xmlns:xsi="http://www.w3.org/2001/XMLSchema-instance">
    <IntraTM ASID="11537">
        <src id="ATLA-M5">
            <dst id="ATLA-M5">0</dst>
            <dst id="ATLAng">26.6666666666667</dst>
            <dst id="CHINng">201.493333333333</dst>
            <dst id="DNVRng">0</dst>
            <dst id="HSTNng">63.32</dst>
            <dst id="IPLSng">65.4266666666667</dst>
            <dst id="KSCYng">1112.16266666667</dst>
            <dst id="LOSAng">166.298666666667</dst>
            <dst id="NYCMng">26.6666666666667</dst>
            <dst id="SNVAng">0</dst>
            <dst id="STTLng">486.277333333333</dst>
            <dst id="WASHng">242.765333333333</dst>
        </src>
        <src id="ATLAng">
            <dst id="ATLA-M5">0</dst>
            <dst id="ATLAng">32421.2986666667</dst>
            <dst id="CHINng">4558.456</dst>
            <dst id="DNVRng">3234.168</dst>
            <dst id="HSTNng">1957.368</dst>
            <dst id="IPLSng">11604.2186666667</dst>
            <dst id="KSCYng">883.650666666667</dst>
            <dst id="LOSAng">17409.8813333333</dst>
            <dst id="NYCMng">7512.49066666667</dst>
            <dst id="SNVAng">39.4706666666667</dst>
            <dst id="STTLng">4919.55466666667</dst>
            <dst id="WASHng">24147.0026666667</dst>
        </src>
        <src id="CHINng">
            <dst id="ATLA-M5">563.52</dst>
            <dst id="ATLAng">8564.01866666667</dst>
            <dst id="CHINng">57291.4026666667</dst>
            <dst id="DNVRng">5936.79733333333</dst>
            <dst id="HSTNng">5776.04266666667</dst>
            <dst id="IPLSng">53138.4053333333</dst>
            <dst id="KSCYng">5272.528</dst>
            <dst id="LOSAng">38029.704</dst>
            <dst id="NYCMng">8312.488</dst>
            <dst id="SNVAng">1789.17333333333</dst>
            <dst id="STTLng">11558.352</dst>
            <dst id="WASHng">34038.4693333333</dst>
        </src>
        <src id="DNVRng">
            <dst id="ATLA-M5">143.84</dst>
            <dst id="ATLAng">12956.456</dst>
            <dst id="CHINng">45609.368</dst>
            <dst id="DNVRng">19447.552</dst>
            <dst id="HSTNng">11575.1786666667</dst>
            <dst id="IPLSng">16756.56</dst>
            <dst id="KSCYng">11238.9226666667</dst>
            <dst id="LOSAng">12857.1093333333</dst>
            <dst id="NYCMng">15329.6933333333</dst>
            <dst id="SNVAng">13151.896</dst>
            <dst id="STTLng">5088.512</dst>
            <dst id="WASHng">31282.7813333333</dst>
        </src>
        <src id="HSTNng">
            <dst id="ATLA-M5">3373.696</dst>
            <dst id="ATLAng">7993.65866666667</dst>
            <dst id="CHINng">3326.216</dst>
            <dst id="DNVRng">1084.77066666667</dst>
            <dst id="HSTNng">14475.3626666667</dst>
            <dst id="IPLSng">11670.3333333333</dst>
            <dst id="KSCYng">913.525333333333</dst>
            <dst id="LOSAng">5652.62933333333</dst>
            <dst id="NYCMng">2760.21333333333</dst>
            <dst id="SNVAng">0</dst>
            <dst id="STTLng">694.754666666667</dst>
            <dst id="WASHng">10169.376</dst>
        </src>
        <src id="IPLSng">
            <dst id="ATLA-M5">42.1333333333333</dst>
            <dst id="ATLAng">16923.3733333333</dst>
            <dst id="CHINng">37236.488</dst>
            <dst id="DNVRng">14283.3786666667</dst>
            <dst id="HSTNng">691.378666666667</dst>
            <dst id="IPLSng">13419.5093333333</dst>
            <dst id="KSCYng">2432.49333333333</dst>
            <dst id="LOSAng">17079.5386666667</dst>
            <dst id="NYCMng">21904.816</dst>
            <dst id="SNVAng">473.069333333333</dst>
            <dst id="STTLng">9059.97333333333</dst>
            <dst id="WASHng">13447.136</dst>
        </src>
        <src id="KSCYng">
            <dst id="ATLA-M5">1206.10666666667</dst>
            <dst id="ATLAng">2646.93066666667</dst>
            <dst id="CHINng">12676.1146666667</dst>
            <dst id="DNVRng">13429.3173333333</dst>
            <dst id="HSTNng">2621.07733333333</dst>
            <dst id="IPLSng">9211.168</dst>
            <dst id="KSCYng">5446.528</dst>
            <dst id="LOSAng">5310.62666666667</dst>
            <dst id="NYCMng">3221.696</dst>
            <dst id="SNVAng">2481.22133333333</dst>
            <dst id="STTLng">4303.808</dst>
            <dst id="WASHng">8066.79733333333</dst>
        </src>
        <src id="LOSAng">
            <dst id="ATLA-M5">26.6666666666667</dst>
            <dst id="ATLAng">12384.0586666667</dst>
            <dst id="CHINng">49692.68</dst>
            <dst id="DNVRng">6756.912</dst>
            <dst id="HSTNng">6739.66133333333</dst>
            <dst id="IPLSng">19725.72</dst>
            <dst id="KSCYng">2762.80533333333</dst>
            <dst id="LOSAng">25901.12</dst>
            <dst id="NYCMng">23793.536</dst>
            <dst id="SNVAng">13021.6346666667</dst>
            <dst id="STTLng">32156.4053333333</dst>
            <dst id="WASHng">31281.7786666667</dst>
        </src>
        <src id="NYCMng">
            <dst id="ATLA-M5">1049.18133333333</dst>
            <dst id="ATLAng">13021.1173333333</dst>
            <dst id="CHINng">17800.7493333333</dst>
            <dst id="DNVRng">26432.6453333333</dst>
            <dst id="HSTNng">11340.416</dst>
            <dst id="IPLSng">17371.736</dst>
            <dst id="KSCYng">9939.77866666667</dst>
            <dst id="LOSAng">70746.224</dst>
            <dst id="NYCMng">85300.7306666667</dst>
            <dst id="SNVAng">1873.21333333333</dst>
            <dst id="STTLng">28237.3466666667</dst>
            <dst id="WASHng">57393.704</dst>
        </src>
        <src id="SNVAng">
            <dst id="ATLA-M5">0</dst>
            <dst id="ATLAng">675.381333333333</dst>
            <dst id="CHINng">26.6666666666667</dst>
            <dst id="DNVRng">9051.08266666667</dst>
            <dst id="HSTNng">920.778666666667</dst>
            <dst id="IPLSng">219.373333333333</dst>
            <dst id="KSCYng">0</dst>
            <dst id="LOSAng">40459.8133333333</dst>
            <dst id="NYCMng">296.288</dst>
            <dst id="SNVAng">8734.84266666667</dst>
            <dst id="STTLng">35773.3786666667</dst>
            <dst id="WASHng">140.381333333333</dst>
        </src>
        <src id="STTLng">
            <dst id="ATLA-M5">61.056</dst>
            <dst id="ATLAng">7325.14133333333</dst>
            <dst id="CHINng">15544.5493333333</dst>
            <dst id="DNVRng">4071.91733333333</dst>
            <dst id="HSTNng">2961.536</dst>
            <dst id="IPLSng">4095.66933333333</dst>
            <dst id="KSCYng">2228.77866666667</dst>
            <dst id="LOSAng">397109.36</dst>
            <dst id="NYCMng">10256.6053333333</dst>
            <dst id="SNVAng">3836.52533333333</dst>
            <dst id="STTLng">18213.8533333333</dst>
            <dst id="WASHng">14110.544</dst>
        </src>
        <src id="WASHng">
            <dst id="ATLA-M5">1473.46933333333</dst>
            <dst id="ATLAng">87816.6</dst>
            <dst id="CHINng">66888.864</dst>
            <dst id="DNVRng">64172.4106666667</dst>
            <dst id="HSTNng">31276.744</dst>
            <dst id="IPLSng">43973.6373333333</dst>
            <dst id="KSCYng">9400.904</dst>
            <dst id="LOSAng">67774.1493333333</dst>
            <dst id="NYCMng">166026.997333333</dst>
            <dst id="SNVAng">1917.58133333333</dst>
            <dst id="STTLng">44714.2933333333</dst>
            <dst id="WASHng">223673.090666667</dst>
        </src>
    </IntraTM>
</TrafficMatrixFile>
