<?xml version="1.0" encoding="ISO-8859-1" standalone="yes"?>
<TrafficMatrixFile xsi:noNamespaceSchemaLocation="http://totem.run.montefiore.ulg.ac.be/Schema/TrafficMatrix-v1_2.xsd" xmlns:xsi="http://www.w3.org/2001/XMLSchema-instance">
    <IntraTM ASID="11537">
        <src id="ATLA-M5">
            <dst id="ATLA-M5">93.6293333333333</dst>
            <dst id="ATLAng">409.930666666667</dst>
            <dst id="CHINng">376.677333333333</dst>
            <dst id="DNVRng">26.6666666666667</dst>
            <dst id="HSTNng">212.344</dst>
            <dst id="IPLSng">82.2773333333333</dst>
            <dst id="KSCYng">138.976</dst>
            <dst id="LOSAng">159.584</dst>
            <dst id="NYCMng">53.3333333333333</dst>
            <dst id="SNVAng">13.3333333333333</dst>
            <dst id="STTLng">26.6666666666667</dst>
            <dst id="WASHng">1123.47466666667</dst>
        </src>
        <src id="ATLAng">
            <dst id="ATLA-M5">712.392</dst>
            <dst id="ATLAng">35182.7413333333</dst>
            <dst id="CHINng">15866.7173333333</dst>
            <dst id="DNVRng">3891.80266666667</dst>
            <dst id="HSTNng">11997</dst>
            <dst id="IPLSng">23256.408</dst>
            <dst id="KSCYng">4749.01066666667</dst>
            <dst id="LOSAng">9629.06266666666</dst>
            <dst id="NYCMng">8835.616</dst>
            <dst id="SNVAng">1094.604</dst>
            <dst id="STTLng">6321.416</dst>
            <dst id="WASHng">34508.8186666667</dst>
        </src>
        <src id="CHINng">
            <dst id="ATLA-M5">1036.352</dst>
            <dst id="ATLAng">27581.6853333333</dst>
            <dst id="CHINng">61100.8666666667</dst>
            <dst id="DNVRng">13788.08</dst>
            <dst id="HSTNng">19592.8133333333</dst>
            <dst id="IPLSng">46391.928</dst>
            <dst id="KSCYng">35230.7066666667</dst>
            <dst id="LOSAng">51216.7946666667</dst>
            <dst id="NYCMng">14585.088</dst>
            <dst id="SNVAng">9109.768</dst>
            <dst id="STTLng">11130.552</dst>
            <dst id="WASHng">102957.746666667</dst>
        </src>
        <src id="DNVRng">
            <dst id="ATLA-M5">374.429333333333</dst>
            <dst id="ATLAng">11750.2053333333</dst>
            <dst id="CHINng">64348.3813333333</dst>
            <dst id="DNVRng">23259.2266666667</dst>
            <dst id="HSTNng">28639.4</dst>
            <dst id="IPLSng">46653.352</dst>
            <dst id="KSCYng">19199.1813333333</dst>
            <dst id="LOSAng">10820.696</dst>
            <dst id="NYCMng">21627.2133333333</dst>
            <dst id="SNVAng">14823.3493333333</dst>
            <dst id="STTLng">8823.33333333333</dst>
            <dst id="WASHng">50197.3013333333</dst>
        </src>
        <src id="HSTNng">
            <dst id="ATLA-M5">5319.61333333333</dst>
            <dst id="ATLAng">34108.328</dst>
            <dst id="CHINng">12937.1786666667</dst>
            <dst id="DNVRng">1776.62933333333</dst>
            <dst id="HSTNng">7994.77066666667</dst>
            <dst id="IPLSng">4707.408</dst>
            <dst id="KSCYng">2963.608</dst>
            <dst id="LOSAng">8735.34133333334</dst>
            <dst id="NYCMng">3044.904</dst>
            <dst id="SNVAng">118.797333333333</dst>
            <dst id="STTLng">4821.39466666667</dst>
            <dst id="WASHng">6283.58666666667</dst>
        </src>
        <src id="IPLSng">
            <dst id="ATLA-M5">206.053333333333</dst>
            <dst id="ATLAng">34211.112</dst>
            <dst id="CHINng">79921.4773333333</dst>
            <dst id="DNVRng">23382.3466666667</dst>
            <dst id="HSTNng">14819.2693333333</dst>
            <dst id="IPLSng">18658.664</dst>
            <dst id="KSCYng">8122.26666666667</dst>
            <dst id="LOSAng">26456.744</dst>
            <dst id="NYCMng">61779</dst>
            <dst id="SNVAng">1593.09333333333</dst>
            <dst id="STTLng">10309.24</dst>
            <dst id="WASHng">36946.448</dst>
        </src>
        <src id="KSCYng">
            <dst id="ATLA-M5">939.68</dst>
            <dst id="ATLAng">6558.63466666667</dst>
            <dst id="CHINng">21172.936</dst>
            <dst id="DNVRng">9474.67466666667</dst>
            <dst id="HSTNng">8160.18666666667</dst>
            <dst id="IPLSng">26161.104</dst>
            <dst id="KSCYng">11627.72</dst>
            <dst id="LOSAng">8460.05066666666</dst>
            <dst id="NYCMng">7078.06133333333</dst>
            <dst id="SNVAng">3213.53866666667</dst>
            <dst id="STTLng">3820.00533333333</dst>
            <dst id="WASHng">16170.232</dst>
        </src>
        <src id="LOSAng">
            <dst id="ATLA-M5">624.296</dst>
            <dst id="ATLAng">30881.1493333333</dst>
            <dst id="CHINng">93325.4693333333</dst>
            <dst id="DNVRng">33872.456</dst>
            <dst id="HSTNng">15614.8293333333</dst>
            <dst id="IPLSng">41898.0506666667</dst>
            <dst id="KSCYng">8241.41333333334</dst>
            <dst id="LOSAng">15586.208</dst>
            <dst id="NYCMng">40849.8853333333</dst>
            <dst id="SNVAng">21221.344</dst>
            <dst id="STTLng">29836.128</dst>
            <dst id="WASHng">60645.536</dst>
        </src>
        <src id="NYCMng">
            <dst id="ATLA-M5">485.642666666667</dst>
            <dst id="ATLAng">37981.6666666667</dst>
            <dst id="CHINng">27777.376</dst>
            <dst id="DNVRng">34388.4986666667</dst>
            <dst id="HSTNng">13458.896</dst>
            <dst id="IPLSng">41659.9733333333</dst>
            <dst id="KSCYng">15127.5466666667</dst>
            <dst id="LOSAng">89441.1946666667</dst>
            <dst id="NYCMng">131603.362666667</dst>
            <dst id="SNVAng">8017.808</dst>
            <dst id="STTLng">58583.8293333333</dst>
            <dst id="WASHng">106036.317333333</dst>
        </src>
        <src id="SNVAng">
            <dst id="ATLA-M5">0</dst>
            <dst id="ATLAng">215.058666666667</dst>
            <dst id="CHINng">111.12</dst>
            <dst id="DNVRng">5516.656</dst>
            <dst id="HSTNng">313.293333333333</dst>
            <dst id="IPLSng">364.368</dst>
            <dst id="KSCYng">80</dst>
            <dst id="LOSAng">33889.0506666667</dst>
            <dst id="NYCMng">227.498666666667</dst>
            <dst id="SNVAng">8949.488</dst>
            <dst id="STTLng">35823.2506666667</dst>
            <dst id="WASHng">224.250666666667</dst>
        </src>
        <src id="STTLng">
            <dst id="ATLA-M5">72.6106666666667</dst>
            <dst id="ATLAng">9632.91466666667</dst>
            <dst id="CHINng">22949.2666666667</dst>
            <dst id="DNVRng">7145.49866666667</dst>
            <dst id="HSTNng">6361.31466666667</dst>
            <dst id="IPLSng">13273.8746666667</dst>
            <dst id="KSCYng">4778.376</dst>
            <dst id="LOSAng">26574.3013333333</dst>
            <dst id="NYCMng">17632.9893333333</dst>
            <dst id="SNVAng">6788.848</dst>
            <dst id="STTLng">3789.256</dst>
            <dst id="WASHng">21006.9226666667</dst>
        </src>
        <src id="WASHng">
            <dst id="ATLA-M5">1524.872</dst>
            <dst id="ATLAng">160393.794666667</dst>
            <dst id="CHINng">116166.386666667</dst>
            <dst id="DNVRng">88021.416</dst>
            <dst id="HSTNng">31898.76</dst>
            <dst id="IPLSng">81009.1226666667</dst>
            <dst id="KSCYng">28124.2853333333</dst>
            <dst id="LOSAng">86111.936</dst>
            <dst id="NYCMng">211677.928</dst>
            <dst id="SNVAng">9582.856</dst>
            <dst id="STTLng">51555.1093333333</dst>
            <dst id="WASHng">312422.053333333</dst>
        </src>
    </IntraTM>
</TrafficMatrixFile>
