<?xml version="1.0" encoding="ISO-8859-1" standalone="yes"?>
<TrafficMatrixFile xsi:noNamespaceSchemaLocation="http://totem.run.montefiore.ulg.ac.be/Schema/TrafficMatrix-v1_2.xsd" xmlns:xsi="http://www.w3.org/2001/XMLSchema-instance">
    <IntraTM ASID="11537">
        <src id="ATLA-M5">
            <dst id="ATLA-M5">0</dst>
            <dst id="ATLAng">0</dst>
            <dst id="CHINng">117.616</dst>
            <dst id="DNVRng">26.6666666666667</dst>
            <dst id="HSTNng">113.493333333333</dst>
            <dst id="IPLSng">0</dst>
            <dst id="KSCYng">0</dst>
            <dst id="LOSAng">274.685333333333</dst>
            <dst id="NYCMng">53.3333333333333</dst>
            <dst id="SNVAng">0</dst>
            <dst id="STTLng">26.6666666666667</dst>
            <dst id="WASHng">384.176</dst>
        </src>
        <src id="ATLAng">
            <dst id="ATLA-M5">76.1733333333333</dst>
            <dst id="ATLAng">34448.6026666667</dst>
            <dst id="CHINng">5843.30666666667</dst>
            <dst id="DNVRng">2053.14133333333</dst>
            <dst id="HSTNng">15237.9466666667</dst>
            <dst id="IPLSng">25879.208</dst>
            <dst id="KSCYng">8547.21333333333</dst>
            <dst id="LOSAng">7776.06133333333</dst>
            <dst id="NYCMng">7499.66133333333</dst>
            <dst id="SNVAng">693.821333333333</dst>
            <dst id="STTLng">9497.936</dst>
            <dst id="WASHng">43610.6746666667</dst>
        </src>
        <src id="CHINng">
            <dst id="ATLA-M5">95.464</dst>
            <dst id="ATLAng">12828.6106666667</dst>
            <dst id="CHINng">56479.544</dst>
            <dst id="DNVRng">11101.7253333333</dst>
            <dst id="HSTNng">5469.424</dst>
            <dst id="IPLSng">36279.664</dst>
            <dst id="KSCYng">5047.17866666667</dst>
            <dst id="LOSAng">34511.2933333333</dst>
            <dst id="NYCMng">8426.59733333333</dst>
            <dst id="SNVAng">306.074666666667</dst>
            <dst id="STTLng">3319.06666666667</dst>
            <dst id="WASHng">17336.5333333333</dst>
        </src>
        <src id="DNVRng">
            <dst id="ATLA-M5">212.034666666667</dst>
            <dst id="ATLAng">4238.95466666667</dst>
            <dst id="CHINng">62219.744</dst>
            <dst id="DNVRng">3253.736</dst>
            <dst id="HSTNng">13214.048</dst>
            <dst id="IPLSng">36482.5706666667</dst>
            <dst id="KSCYng">12662.3813333333</dst>
            <dst id="LOSAng">9904.11466666667</dst>
            <dst id="NYCMng">14383.7333333333</dst>
            <dst id="SNVAng">8410.66133333333</dst>
            <dst id="STTLng">4179.376</dst>
            <dst id="WASHng">38950.4933333333</dst>
        </src>
        <src id="HSTNng">
            <dst id="ATLA-M5">2209.99466666667</dst>
            <dst id="ATLAng">4038.312</dst>
            <dst id="CHINng">9446.68</dst>
            <dst id="DNVRng">1387.94133333333</dst>
            <dst id="HSTNng">13851.6826666667</dst>
            <dst id="IPLSng">3327.02666666667</dst>
            <dst id="KSCYng">679.418666666667</dst>
            <dst id="LOSAng">2503.42133333333</dst>
            <dst id="NYCMng">2147.528</dst>
            <dst id="SNVAng">143.661333333333</dst>
            <dst id="STTLng">5543.98933333333</dst>
            <dst id="WASHng">6925.352</dst>
        </src>
        <src id="IPLSng">
            <dst id="ATLA-M5">26.6666666666667</dst>
            <dst id="ATLAng">44973.9866666667</dst>
            <dst id="CHINng">43677.9173333333</dst>
            <dst id="DNVRng">7210.648</dst>
            <dst id="HSTNng">919.498666666667</dst>
            <dst id="IPLSng">8127.36533333333</dst>
            <dst id="KSCYng">2968.05333333333</dst>
            <dst id="LOSAng">10687.3653333333</dst>
            <dst id="NYCMng">19019.472</dst>
            <dst id="SNVAng">844.696</dst>
            <dst id="STTLng">13067.3386666667</dst>
            <dst id="WASHng">22276.328</dst>
        </src>
        <src id="KSCYng">
            <dst id="ATLA-M5">0</dst>
            <dst id="ATLAng">6166.45066666667</dst>
            <dst id="CHINng">16955.8266666667</dst>
            <dst id="DNVRng">10559.4026666667</dst>
            <dst id="HSTNng">2465.8</dst>
            <dst id="IPLSng">8217.2</dst>
            <dst id="KSCYng">4726.50133333333</dst>
            <dst id="LOSAng">4778.13866666667</dst>
            <dst id="NYCMng">2779.96533333333</dst>
            <dst id="SNVAng">2136.44533333333</dst>
            <dst id="STTLng">2986.24533333333</dst>
            <dst id="WASHng">6667.60533333333</dst>
        </src>
        <src id="LOSAng">
            <dst id="ATLA-M5">66.8</dst>
            <dst id="ATLAng">10726.936</dst>
            <dst id="CHINng">125700.738666667</dst>
            <dst id="DNVRng">21212.9146666667</dst>
            <dst id="HSTNng">4484.41333333333</dst>
            <dst id="IPLSng">14296.32</dst>
            <dst id="KSCYng">4783.93066666667</dst>
            <dst id="LOSAng">12548.2506666667</dst>
            <dst id="NYCMng">34015.9466666667</dst>
            <dst id="SNVAng">26538.9013333333</dst>
            <dst id="STTLng">27213.9973333333</dst>
            <dst id="WASHng">25425.008</dst>
        </src>
        <src id="NYCMng">
            <dst id="ATLA-M5">386.336</dst>
            <dst id="ATLAng">32492.9146666667</dst>
            <dst id="CHINng">11280.32</dst>
            <dst id="DNVRng">21648.904</dst>
            <dst id="HSTNng">4843.33333333333</dst>
            <dst id="IPLSng">14685.5333333333</dst>
            <dst id="KSCYng">6607.14933333333</dst>
            <dst id="LOSAng">77339.1093333333</dst>
            <dst id="NYCMng">83189.8186666667</dst>
            <dst id="SNVAng">1111.872</dst>
            <dst id="STTLng">16376.216</dst>
            <dst id="WASHng">50694.9093333333</dst>
        </src>
        <src id="SNVAng">
            <dst id="ATLA-M5">0</dst>
            <dst id="ATLAng">26.6666666666667</dst>
            <dst id="CHINng">0</dst>
            <dst id="DNVRng">972.050666666667</dst>
            <dst id="HSTNng">204.485333333333</dst>
            <dst id="IPLSng">261.157333333333</dst>
            <dst id="KSCYng">0</dst>
            <dst id="LOSAng">32679.8826666667</dst>
            <dst id="NYCMng">355.082666666667</dst>
            <dst id="SNVAng">6935.616</dst>
            <dst id="STTLng">27299.0533333333</dst>
            <dst id="WASHng">80</dst>
        </src>
        <src id="STTLng">
            <dst id="ATLA-M5">0</dst>
            <dst id="ATLAng">11652.4773333333</dst>
            <dst id="CHINng">21886.8986666667</dst>
            <dst id="DNVRng">1862.512</dst>
            <dst id="HSTNng">1643.67733333333</dst>
            <dst id="IPLSng">6716.82133333333</dst>
            <dst id="KSCYng">681.101333333333</dst>
            <dst id="LOSAng">20095.992</dst>
            <dst id="NYCMng">15836.5386666667</dst>
            <dst id="SNVAng">1417.61066666667</dst>
            <dst id="STTLng">1367.23466666667</dst>
            <dst id="WASHng">11272.0346666667</dst>
        </src>
        <src id="WASHng">
            <dst id="ATLA-M5">228.858666666667</dst>
            <dst id="ATLAng">88569.1733333333</dst>
            <dst id="CHINng">33217.1146666667</dst>
            <dst id="DNVRng">34284.3893333333</dst>
            <dst id="HSTNng">25549.6133333333</dst>
            <dst id="IPLSng">56777.2186666667</dst>
            <dst id="KSCYng">9877.17866666667</dst>
            <dst id="LOSAng">61427.032</dst>
            <dst id="NYCMng">132780.453333333</dst>
            <dst id="SNVAng">5781.536</dst>
            <dst id="STTLng">29915.656</dst>
            <dst id="WASHng">301333.733333333</dst>
        </src>
    </IntraTM>
</TrafficMatrixFile>
