<?xml version="1.0" encoding="ISO-8859-1" standalone="yes"?>
<TrafficMatrixFile xsi:noNamespaceSchemaLocation="http://totem.run.montefiore.ulg.ac.be/Schema/TrafficMatrix-v1_2.xsd" xmlns:xsi="http://www.w3.org/2001/XMLSchema-instance">
    <IntraTM ASID="11537">
        <src id="ATLA-M5">
            <dst id="ATLA-M5">0</dst>
            <dst id="ATLAng">0</dst>
            <dst id="CHINng">94.7466666666667</dst>
            <dst id="DNVRng">0</dst>
            <dst id="HSTNng">82.864</dst>
            <dst id="IPLSng">0</dst>
            <dst id="KSCYng">53.3333333333333</dst>
            <dst id="LOSAng">2277.44266666667</dst>
            <dst id="NYCMng">0</dst>
            <dst id="SNVAng">0</dst>
            <dst id="STTLng">53.3333333333333</dst>
            <dst id="WASHng">398.216</dst>
        </src>
        <src id="ATLAng">
            <dst id="ATLA-M5">148.685333333333</dst>
            <dst id="ATLAng">9812.08533333333</dst>
            <dst id="CHINng">3277.52266666667</dst>
            <dst id="DNVRng">3480.11466666667</dst>
            <dst id="HSTNng">614.917333333333</dst>
            <dst id="IPLSng">27379.1413333333</dst>
            <dst id="KSCYng">452.992</dst>
            <dst id="LOSAng">14620.288</dst>
            <dst id="NYCMng">5280.35466666667</dst>
            <dst id="SNVAng">84.6106666666667</dst>
            <dst id="STTLng">9311.264</dst>
            <dst id="WASHng">36047.2506666667</dst>
        </src>
        <src id="CHINng">
            <dst id="ATLA-M5">80</dst>
            <dst id="ATLAng">10561.2026666667</dst>
            <dst id="CHINng">37794.7786666667</dst>
            <dst id="DNVRng">13734.2266666667</dst>
            <dst id="HSTNng">4805.40533333333</dst>
            <dst id="IPLSng">25118.544</dst>
            <dst id="KSCYng">3885.31733333333</dst>
            <dst id="LOSAng">36369.512</dst>
            <dst id="NYCMng">4842.792</dst>
            <dst id="SNVAng">337.208</dst>
            <dst id="STTLng">3135.09866666667</dst>
            <dst id="WASHng">39291.848</dst>
        </src>
        <src id="DNVRng">
            <dst id="ATLA-M5">164.36</dst>
            <dst id="ATLAng">1767.90666666667</dst>
            <dst id="CHINng">61058.8293333333</dst>
            <dst id="DNVRng">11754.784</dst>
            <dst id="HSTNng">22902.0186666667</dst>
            <dst id="IPLSng">34317.8</dst>
            <dst id="KSCYng">22479.432</dst>
            <dst id="LOSAng">19241.1253333333</dst>
            <dst id="NYCMng">9121.28533333333</dst>
            <dst id="SNVAng">14574.4346666667</dst>
            <dst id="STTLng">20397.496</dst>
            <dst id="WASHng">32709.7546666667</dst>
        </src>
        <src id="HSTNng">
            <dst id="ATLA-M5">2509.288</dst>
            <dst id="ATLAng">2259.67466666667</dst>
            <dst id="CHINng">6948.01066666667</dst>
            <dst id="DNVRng">717.736</dst>
            <dst id="HSTNng">12150.0266666667</dst>
            <dst id="IPLSng">841.197333333333</dst>
            <dst id="KSCYng">432.485333333333</dst>
            <dst id="LOSAng">8088.152</dst>
            <dst id="NYCMng">2729.96266666667</dst>
            <dst id="SNVAng">0</dst>
            <dst id="STTLng">619.352</dst>
            <dst id="WASHng">781.645333333333</dst>
        </src>
        <src id="IPLSng">
            <dst id="ATLA-M5">53.3333333333333</dst>
            <dst id="ATLAng">18490.6586666667</dst>
            <dst id="CHINng">46673.8</dst>
            <dst id="DNVRng">9788.46133333333</dst>
            <dst id="HSTNng">3806.10133333333</dst>
            <dst id="IPLSng">3803.25333333333</dst>
            <dst id="KSCYng">10416.7253333333</dst>
            <dst id="LOSAng">12859.92</dst>
            <dst id="NYCMng">29812.7226666667</dst>
            <dst id="SNVAng">1722.57333333333</dst>
            <dst id="STTLng">8069.56266666667</dst>
            <dst id="WASHng">11270.8053333333</dst>
        </src>
        <src id="KSCYng">
            <dst id="ATLA-M5">930.986666666667</dst>
            <dst id="ATLAng">974.128</dst>
            <dst id="CHINng">8533.66933333334</dst>
            <dst id="DNVRng">9507.23733333333</dst>
            <dst id="HSTNng">2776.68266666667</dst>
            <dst id="IPLSng">11404.6453333333</dst>
            <dst id="KSCYng">8898.89066666667</dst>
            <dst id="LOSAng">13094.608</dst>
            <dst id="NYCMng">3559.86933333333</dst>
            <dst id="SNVAng">2846.28266666667</dst>
            <dst id="STTLng">8512.536</dst>
            <dst id="WASHng">6294.82133333334</dst>
        </src>
        <src id="LOSAng">
            <dst id="ATLA-M5">567.808</dst>
            <dst id="ATLAng">12947.8666666667</dst>
            <dst id="CHINng">84952.336</dst>
            <dst id="DNVRng">21365.672</dst>
            <dst id="HSTNng">5203.61866666667</dst>
            <dst id="IPLSng">16471.7733333333</dst>
            <dst id="KSCYng">3191.53333333333</dst>
            <dst id="LOSAng">22979.0933333333</dst>
            <dst id="NYCMng">46975.7546666667</dst>
            <dst id="SNVAng">7589.448</dst>
            <dst id="STTLng">20625.8026666667</dst>
            <dst id="WASHng">23455.6266666667</dst>
        </src>
        <src id="NYCMng">
            <dst id="ATLA-M5">83.048</dst>
            <dst id="ATLAng">11399.3413333333</dst>
            <dst id="CHINng">15865.5173333333</dst>
            <dst id="DNVRng">24142.64</dst>
            <dst id="HSTNng">10187.4186666667</dst>
            <dst id="IPLSng">15799.8</dst>
            <dst id="KSCYng">9152.26933333333</dst>
            <dst id="LOSAng">82314.224</dst>
            <dst id="NYCMng">62734.9733333333</dst>
            <dst id="SNVAng">2605.30133333333</dst>
            <dst id="STTLng">21668.592</dst>
            <dst id="WASHng">43616.5786666667</dst>
        </src>
        <src id="SNVAng">
            <dst id="ATLA-M5">0</dst>
            <dst id="ATLAng">668.653333333333</dst>
            <dst id="CHINng">26.6666666666667</dst>
            <dst id="DNVRng">605.901333333333</dst>
            <dst id="HSTNng">45.6426666666667</dst>
            <dst id="IPLSng">222.957333333333</dst>
            <dst id="KSCYng">26.6666666666667</dst>
            <dst id="LOSAng">31919.4533333333</dst>
            <dst id="NYCMng">283.744</dst>
            <dst id="SNVAng">4539.72266666667</dst>
            <dst id="STTLng">26981.1813333333</dst>
            <dst id="WASHng">127.344</dst>
        </src>
        <src id="STTLng">
            <dst id="ATLA-M5">313.621333333333</dst>
            <dst id="ATLAng">6869.29866666667</dst>
            <dst id="CHINng">13314.744</dst>
            <dst id="DNVRng">3339.104</dst>
            <dst id="HSTNng">825.605333333333</dst>
            <dst id="IPLSng">5928.60533333333</dst>
            <dst id="KSCYng">1445.74666666667</dst>
            <dst id="LOSAng">15973.1786666667</dst>
            <dst id="NYCMng">9211.19466666666</dst>
            <dst id="SNVAng">3752.104</dst>
            <dst id="STTLng">7725.52266666667</dst>
            <dst id="WASHng">5012.85333333333</dst>
        </src>
        <src id="WASHng">
            <dst id="ATLA-M5">372.917333333333</dst>
            <dst id="ATLAng">105772.802666667</dst>
            <dst id="CHINng">43790.168</dst>
            <dst id="DNVRng">47987.8426666667</dst>
            <dst id="HSTNng">12360.6533333333</dst>
            <dst id="IPLSng">41762.0453333333</dst>
            <dst id="KSCYng">26283.2986666667</dst>
            <dst id="LOSAng">70048.264</dst>
            <dst id="NYCMng">119670.386666667</dst>
            <dst id="SNVAng">4804.472</dst>
            <dst id="STTLng">60003.0346666667</dst>
            <dst id="WASHng">227143.170666667</dst>
        </src>
    </IntraTM>
</TrafficMatrixFile>
