<?xml version="1.0" encoding="ISO-8859-1" standalone="yes"?>
<TrafficMatrixFile xsi:noNamespaceSchemaLocation="http://totem.run.montefiore.ulg.ac.be/Schema/TrafficMatrix-v1_2.xsd" xmlns:xsi="http://www.w3.org/2001/XMLSchema-instance">
    <IntraTM ASID="11537">
        <src id="ATLA-M5">
            <dst id="ATLA-M5">138.530666666667</dst>
            <dst id="ATLAng">434.698666666667</dst>
            <dst id="CHINng">1570.68533333333</dst>
            <dst id="DNVRng">0</dst>
            <dst id="HSTNng">7405.968</dst>
            <dst id="IPLSng">168.562666666667</dst>
            <dst id="KSCYng">80</dst>
            <dst id="LOSAng">220.490666666667</dst>
            <dst id="NYCMng">26.6666666666667</dst>
            <dst id="SNVAng">0</dst>
            <dst id="STTLng">80</dst>
            <dst id="WASHng">902.570666666667</dst>
        </src>
        <src id="ATLAng">
            <dst id="ATLA-M5">703.642666666667</dst>
            <dst id="ATLAng">36258.9893333333</dst>
            <dst id="CHINng">12809.3226666667</dst>
            <dst id="DNVRng">2030.95733333333</dst>
            <dst id="HSTNng">31105.968</dst>
            <dst id="IPLSng">20693.984</dst>
            <dst id="KSCYng">5315.62133333333</dst>
            <dst id="LOSAng">11411.192</dst>
            <dst id="NYCMng">11174.368</dst>
            <dst id="SNVAng">1306.056</dst>
            <dst id="STTLng">7586.136</dst>
            <dst id="WASHng">44402.3333333333</dst>
        </src>
        <src id="CHINng">
            <dst id="ATLA-M5">1696.29866666667</dst>
            <dst id="ATLAng">34398.6</dst>
            <dst id="CHINng">70208.2293333334</dst>
            <dst id="DNVRng">16473.096</dst>
            <dst id="HSTNng">20340.616</dst>
            <dst id="IPLSng">42770.1493333333</dst>
            <dst id="KSCYng">16708.2213333333</dst>
            <dst id="LOSAng">61348.9653333333</dst>
            <dst id="NYCMng">15067.2053333333</dst>
            <dst id="SNVAng">8282.544</dst>
            <dst id="STTLng">5554.32</dst>
            <dst id="WASHng">42884.5093333333</dst>
        </src>
        <src id="DNVRng">
            <dst id="ATLA-M5">290.594666666667</dst>
            <dst id="ATLAng">11607.6453333333</dst>
            <dst id="CHINng">62611.4213333333</dst>
            <dst id="DNVRng">15459.008</dst>
            <dst id="HSTNng">30519.8613333333</dst>
            <dst id="IPLSng">50367.3973333333</dst>
            <dst id="KSCYng">22923.0693333333</dst>
            <dst id="LOSAng">12868.1333333333</dst>
            <dst id="NYCMng">20323.0346666667</dst>
            <dst id="SNVAng">15467.7306666667</dst>
            <dst id="STTLng">19690.1706666667</dst>
            <dst id="WASHng">47585.0266666667</dst>
        </src>
        <src id="HSTNng">
            <dst id="ATLA-M5">3693.84</dst>
            <dst id="ATLAng">8964.016</dst>
            <dst id="CHINng">17286.04</dst>
            <dst id="DNVRng">1534.89866666667</dst>
            <dst id="HSTNng">5639.928</dst>
            <dst id="IPLSng">10581.5066666667</dst>
            <dst id="KSCYng">3039.37866666667</dst>
            <dst id="LOSAng">18466.2666666667</dst>
            <dst id="NYCMng">4538.52</dst>
            <dst id="SNVAng">138.016</dst>
            <dst id="STTLng">7407.70933333333</dst>
            <dst id="WASHng">7635.82666666667</dst>
        </src>
        <src id="IPLSng">
            <dst id="ATLA-M5">187.933333333333</dst>
            <dst id="ATLAng">30853.3253333333</dst>
            <dst id="CHINng">86985.224</dst>
            <dst id="DNVRng">23678.656</dst>
            <dst id="HSTNng">16430.9013333333</dst>
            <dst id="IPLSng">16367.9653333333</dst>
            <dst id="KSCYng">15678.24</dst>
            <dst id="LOSAng">25851.496</dst>
            <dst id="NYCMng">51173.408</dst>
            <dst id="SNVAng">2230.05866666667</dst>
            <dst id="STTLng">11998.8373333333</dst>
            <dst id="WASHng">32446.5146666667</dst>
        </src>
        <src id="KSCYng">
            <dst id="ATLA-M5">1341.864</dst>
            <dst id="ATLAng">5043.032</dst>
            <dst id="CHINng">21284.1386666667</dst>
            <dst id="DNVRng">10079.992</dst>
            <dst id="HSTNng">14273.9466666667</dst>
            <dst id="IPLSng">24531.2053333333</dst>
            <dst id="KSCYng">12458.3653333333</dst>
            <dst id="LOSAng">9209.368</dst>
            <dst id="NYCMng">7603.57066666667</dst>
            <dst id="SNVAng">3398.344</dst>
            <dst id="STTLng">3924.96</dst>
            <dst id="WASHng">16231.2853333333</dst>
        </src>
        <src id="LOSAng">
            <dst id="ATLA-M5">659.616</dst>
            <dst id="ATLAng">24774.2506666667</dst>
            <dst id="CHINng">83154.4026666667</dst>
            <dst id="DNVRng">31112.8453333333</dst>
            <dst id="HSTNng">9038.08</dst>
            <dst id="IPLSng">38935.768</dst>
            <dst id="KSCYng">6916.03733333333</dst>
            <dst id="LOSAng">14022.2853333333</dst>
            <dst id="NYCMng">44164.728</dst>
            <dst id="SNVAng">32828.848</dst>
            <dst id="STTLng">28234.2293333333</dst>
            <dst id="WASHng">49192.4213333333</dst>
        </src>
        <src id="NYCMng">
            <dst id="ATLA-M5">870.624</dst>
            <dst id="ATLAng">36144.456</dst>
            <dst id="CHINng">23577.4693333333</dst>
            <dst id="DNVRng">35539.8453333333</dst>
            <dst id="HSTNng">20018.144</dst>
            <dst id="IPLSng">35074.32</dst>
            <dst id="KSCYng">19873.4186666667</dst>
            <dst id="LOSAng">97504.92</dst>
            <dst id="NYCMng">118828.32</dst>
            <dst id="SNVAng">7347.68</dst>
            <dst id="STTLng">61715.104</dst>
            <dst id="WASHng">123023.634666667</dst>
        </src>
        <src id="SNVAng">
            <dst id="ATLA-M5">0</dst>
            <dst id="ATLAng">90.9893333333333</dst>
            <dst id="CHINng">26.6666666666667</dst>
            <dst id="DNVRng">4706.016</dst>
            <dst id="HSTNng">147.242666666667</dst>
            <dst id="IPLSng">944.973333333333</dst>
            <dst id="KSCYng">32</dst>
            <dst id="LOSAng">31211.3653333333</dst>
            <dst id="NYCMng">285.618666666667</dst>
            <dst id="SNVAng">9032.29866666667</dst>
            <dst id="STTLng">35201.8853333333</dst>
            <dst id="WASHng">81.072</dst>
        </src>
        <src id="STTLng">
            <dst id="ATLA-M5">162.264</dst>
            <dst id="ATLAng">12195.5493333333</dst>
            <dst id="CHINng">25285.2133333333</dst>
            <dst id="DNVRng">7657.27733333333</dst>
            <dst id="HSTNng">7279.49333333333</dst>
            <dst id="IPLSng">15306.112</dst>
            <dst id="KSCYng">8284.552</dst>
            <dst id="LOSAng">27278.1866666667</dst>
            <dst id="NYCMng">24127.1013333333</dst>
            <dst id="SNVAng">7619.184</dst>
            <dst id="STTLng">4833.63466666667</dst>
            <dst id="WASHng">21539.0933333333</dst>
        </src>
        <src id="WASHng">
            <dst id="ATLA-M5">9927.14133333333</dst>
            <dst id="ATLAng">139275.752</dst>
            <dst id="CHINng">103459.626666667</dst>
            <dst id="DNVRng">94227.9653333333</dst>
            <dst id="HSTNng">29280.64</dst>
            <dst id="IPLSng">58471.184</dst>
            <dst id="KSCYng">26884.32</dst>
            <dst id="LOSAng">108722.541333333</dst>
            <dst id="NYCMng">196039.872</dst>
            <dst id="SNVAng">10814.8293333333</dst>
            <dst id="STTLng">58041.9173333333</dst>
            <dst id="WASHng">269356.64</dst>
        </src>
    </IntraTM>
</TrafficMatrixFile>
