<?xml version="1.0" encoding="ISO-8859-1" standalone="yes"?>
<TrafficMatrixFile xsi:noNamespaceSchemaLocation="http://totem.run.montefiore.ulg.ac.be/Schema/TrafficMatrix-v1_2.xsd" xmlns:xsi="http://www.w3.org/2001/XMLSchema-instance">
    <IntraTM ASID="11537">
        <src id="ATLA-M5">
            <dst id="ATLA-M5">3018.152</dst>
            <dst id="ATLAng">26.6666666666667</dst>
            <dst id="CHINng">142.224</dst>
            <dst id="DNVRng">0</dst>
            <dst id="HSTNng">53.3333333333333</dst>
            <dst id="IPLSng">75.1226666666667</dst>
            <dst id="KSCYng">209.117333333333</dst>
            <dst id="LOSAng">202.026666666667</dst>
            <dst id="NYCMng">0</dst>
            <dst id="SNVAng">0</dst>
            <dst id="STTLng">83.904</dst>
            <dst id="WASHng">537.621333333333</dst>
        </src>
        <src id="ATLAng">
            <dst id="ATLA-M5">311.098666666667</dst>
            <dst id="ATLAng">23064.744</dst>
            <dst id="CHINng">6188.976</dst>
            <dst id="DNVRng">2003.32266666667</dst>
            <dst id="HSTNng">4618.08266666667</dst>
            <dst id="IPLSng">21161.4773333333</dst>
            <dst id="KSCYng">1019.112</dst>
            <dst id="LOSAng">10705.4733333333</dst>
            <dst id="NYCMng">2944.06666666667</dst>
            <dst id="SNVAng">264.9</dst>
            <dst id="STTLng">7631.576</dst>
            <dst id="WASHng">30721.448</dst>
        </src>
        <src id="CHINng">
            <dst id="ATLA-M5">106.538666666667</dst>
            <dst id="ATLAng">16018.976</dst>
            <dst id="CHINng">42150.6213333333</dst>
            <dst id="DNVRng">25798.6453333333</dst>
            <dst id="HSTNng">5850.00266666667</dst>
            <dst id="IPLSng">22143.0053333333</dst>
            <dst id="KSCYng">7657.93333333334</dst>
            <dst id="LOSAng">47303.3226666667</dst>
            <dst id="NYCMng">15727.0426666667</dst>
            <dst id="SNVAng">7399.09066666667</dst>
            <dst id="STTLng">3640.368</dst>
            <dst id="WASHng">27087.528</dst>
        </src>
        <src id="DNVRng">
            <dst id="ATLA-M5">328.509333333333</dst>
            <dst id="ATLAng">10845.9253333333</dst>
            <dst id="CHINng">47805.6213333333</dst>
            <dst id="DNVRng">10558.064</dst>
            <dst id="HSTNng">15004.2186666667</dst>
            <dst id="IPLSng">46456.8933333333</dst>
            <dst id="KSCYng">19481.04</dst>
            <dst id="LOSAng">13475.8773333333</dst>
            <dst id="NYCMng">18103.712</dst>
            <dst id="SNVAng">14403.2773333333</dst>
            <dst id="STTLng">20795.032</dst>
            <dst id="WASHng">37020.2586666667</dst>
        </src>
        <src id="HSTNng">
            <dst id="ATLA-M5">373.744</dst>
            <dst id="ATLAng">12854.9093333333</dst>
            <dst id="CHINng">7029.42933333333</dst>
            <dst id="DNVRng">652.522666666667</dst>
            <dst id="HSTNng">17241.68</dst>
            <dst id="IPLSng">2071.45333333333</dst>
            <dst id="KSCYng">1378.12</dst>
            <dst id="LOSAng">6124.14666666667</dst>
            <dst id="NYCMng">3549.70933333333</dst>
            <dst id="SNVAng">134.784</dst>
            <dst id="STTLng">1220.69333333333</dst>
            <dst id="WASHng">16744.1493333333</dst>
        </src>
        <src id="IPLSng">
            <dst id="ATLA-M5">26.6666666666667</dst>
            <dst id="ATLAng">35428</dst>
            <dst id="CHINng">75311.192</dst>
            <dst id="DNVRng">11733.5866666667</dst>
            <dst id="HSTNng">1647.29866666667</dst>
            <dst id="IPLSng">49001.136</dst>
            <dst id="KSCYng">13054.9626666667</dst>
            <dst id="LOSAng">21656.8613333333</dst>
            <dst id="NYCMng">29660.4346666667</dst>
            <dst id="SNVAng">690.730666666666</dst>
            <dst id="STTLng">11615.8373333333</dst>
            <dst id="WASHng">25680.8133333333</dst>
        </src>
        <src id="KSCYng">
            <dst id="ATLA-M5">26.6666666666667</dst>
            <dst id="ATLAng">4530.48533333333</dst>
            <dst id="CHINng">18793.4506666667</dst>
            <dst id="DNVRng">9726.53066666667</dst>
            <dst id="HSTNng">12185.7226666667</dst>
            <dst id="IPLSng">16148.5493333333</dst>
            <dst id="KSCYng">9211.32</dst>
            <dst id="LOSAng">7602.66666666667</dst>
            <dst id="NYCMng">2646.95733333333</dst>
            <dst id="SNVAng">3045.51733333333</dst>
            <dst id="STTLng">3586.552</dst>
            <dst id="WASHng">13094.3493333333</dst>
        </src>
        <src id="LOSAng">
            <dst id="ATLA-M5">900.962666666667</dst>
            <dst id="ATLAng">21684.3146666667</dst>
            <dst id="CHINng">82756.7706666667</dst>
            <dst id="DNVRng">31212.1093333333</dst>
            <dst id="HSTNng">7566.144</dst>
            <dst id="IPLSng">13489.912</dst>
            <dst id="KSCYng">11800.3066666667</dst>
            <dst id="LOSAng">20364.736</dst>
            <dst id="NYCMng">30342.3893333333</dst>
            <dst id="SNVAng">13238.9226666667</dst>
            <dst id="STTLng">23941.5333333333</dst>
            <dst id="WASHng">29159.4693333333</dst>
        </src>
        <src id="NYCMng">
            <dst id="ATLA-M5">498.44</dst>
            <dst id="ATLAng">25760.36</dst>
            <dst id="CHINng">31653.9893333333</dst>
            <dst id="DNVRng">26692.5173333333</dst>
            <dst id="HSTNng">9821.56</dst>
            <dst id="IPLSng">38363.7946666667</dst>
            <dst id="KSCYng">9519.61333333333</dst>
            <dst id="LOSAng">76458.872</dst>
            <dst id="NYCMng">113309.477333333</dst>
            <dst id="SNVAng">3341.82133333333</dst>
            <dst id="STTLng">32512.6666666667</dst>
            <dst id="WASHng">83606.696</dst>
        </src>
        <src id="SNVAng">
            <dst id="ATLA-M5">0</dst>
            <dst id="ATLAng">29.12</dst>
            <dst id="CHINng">26.6666666666667</dst>
            <dst id="DNVRng">1934.66133333333</dst>
            <dst id="HSTNng">164.026666666667</dst>
            <dst id="IPLSng">247.2</dst>
            <dst id="KSCYng">26.6666666666667</dst>
            <dst id="LOSAng">38656.7866666667</dst>
            <dst id="NYCMng">546.229333333333</dst>
            <dst id="SNVAng">7110.12533333333</dst>
            <dst id="STTLng">30502.8373333333</dst>
            <dst id="WASHng">233.797333333333</dst>
        </src>
        <src id="STTLng">
            <dst id="ATLA-M5">26.6666666666667</dst>
            <dst id="ATLAng">9312.728</dst>
            <dst id="CHINng">9845.816</dst>
            <dst id="DNVRng">2872.09066666667</dst>
            <dst id="HSTNng">3404.82133333333</dst>
            <dst id="IPLSng">7083.32533333333</dst>
            <dst id="KSCYng">7236.05333333333</dst>
            <dst id="LOSAng">28542.6053333333</dst>
            <dst id="NYCMng">9754.57333333333</dst>
            <dst id="SNVAng">4424.79733333333</dst>
            <dst id="STTLng">1862.31733333333</dst>
            <dst id="WASHng">8441.384</dst>
        </src>
        <src id="WASHng">
            <dst id="ATLA-M5">26.6666666666667</dst>
            <dst id="ATLAng">152797.197333333</dst>
            <dst id="CHINng">34003.76</dst>
            <dst id="DNVRng">88469.1546666667</dst>
            <dst id="HSTNng">13267.5253333333</dst>
            <dst id="IPLSng">58329.7413333334</dst>
            <dst id="KSCYng">6337.29066666667</dst>
            <dst id="LOSAng">63843.256</dst>
            <dst id="NYCMng">132453.541333333</dst>
            <dst id="SNVAng">15573.032</dst>
            <dst id="STTLng">52027.3893333333</dst>
            <dst id="WASHng">207824.701333333</dst>
        </src>
    </IntraTM>
</TrafficMatrixFile>
