<?xml version="1.0" encoding="ISO-8859-1" standalone="yes"?>
<TrafficMatrixFile xsi:noNamespaceSchemaLocation="http://totem.run.montefiore.ulg.ac.be/Schema/TrafficMatrix-v1_2.xsd" xmlns:xsi="http://www.w3.org/2001/XMLSchema-instance">
    <IntraTM ASID="11537">
        <src id="ATLA-M5">
            <dst id="ATLA-M5">0</dst>
            <dst id="ATLAng">216.853333333333</dst>
            <dst id="CHINng">144.28</dst>
            <dst id="DNVRng">0</dst>
            <dst id="HSTNng">94.8026666666667</dst>
            <dst id="IPLSng">26.6666666666667</dst>
            <dst id="KSCYng">26.6666666666667</dst>
            <dst id="LOSAng">687.565333333333</dst>
            <dst id="NYCMng">206.389333333333</dst>
            <dst id="SNVAng">13.3333333333333</dst>
            <dst id="STTLng">157.522666666667</dst>
            <dst id="WASHng">370.469333333333</dst>
        </src>
        <src id="ATLAng">
            <dst id="ATLA-M5">237.589333333333</dst>
            <dst id="ATLAng">10761.7013333333</dst>
            <dst id="CHINng">3792.77333333333</dst>
            <dst id="DNVRng">3028.208</dst>
            <dst id="HSTNng">831.28</dst>
            <dst id="IPLSng">28323.5573333333</dst>
            <dst id="KSCYng">7508.624</dst>
            <dst id="LOSAng">7982.74533333333</dst>
            <dst id="NYCMng">8316.42933333333</dst>
            <dst id="SNVAng">191.068</dst>
            <dst id="STTLng">13643.1226666667</dst>
            <dst id="WASHng">26538.8773333333</dst>
        </src>
        <src id="CHINng">
            <dst id="ATLA-M5">95.4</dst>
            <dst id="ATLAng">11226.504</dst>
            <dst id="CHINng">44150.2506666667</dst>
            <dst id="DNVRng">6486.144</dst>
            <dst id="HSTNng">4462.51466666667</dst>
            <dst id="IPLSng">78909.0186666667</dst>
            <dst id="KSCYng">25587.656</dst>
            <dst id="LOSAng">44610.3946666667</dst>
            <dst id="NYCMng">18832.6906666667</dst>
            <dst id="SNVAng">316.405333333333</dst>
            <dst id="STTLng">4080.032</dst>
            <dst id="WASHng">40911.936</dst>
        </src>
        <src id="DNVRng">
            <dst id="ATLA-M5">128.136</dst>
            <dst id="ATLAng">2866.28533333333</dst>
            <dst id="CHINng">71555.696</dst>
            <dst id="DNVRng">15548.448</dst>
            <dst id="HSTNng">17942.368</dst>
            <dst id="IPLSng">34131.9066666667</dst>
            <dst id="KSCYng">23485.024</dst>
            <dst id="LOSAng">15795.672</dst>
            <dst id="NYCMng">15331.912</dst>
            <dst id="SNVAng">13699.3653333333</dst>
            <dst id="STTLng">9841.98666666667</dst>
            <dst id="WASHng">36180.8906666667</dst>
        </src>
        <src id="HSTNng">
            <dst id="ATLA-M5">3340.77866666667</dst>
            <dst id="ATLAng">17964.608</dst>
            <dst id="CHINng">8652.096</dst>
            <dst id="DNVRng">515.978666666667</dst>
            <dst id="HSTNng">13318.7013333333</dst>
            <dst id="IPLSng">1496.18133333333</dst>
            <dst id="KSCYng">664.741333333333</dst>
            <dst id="LOSAng">9445.85333333333</dst>
            <dst id="NYCMng">3774.288</dst>
            <dst id="SNVAng">0</dst>
            <dst id="STTLng">1489.33333333333</dst>
            <dst id="WASHng">2628.98666666667</dst>
        </src>
        <src id="IPLSng">
            <dst id="ATLA-M5">0</dst>
            <dst id="ATLAng">20002.0293333333</dst>
            <dst id="CHINng">58063.112</dst>
            <dst id="DNVRng">5740.97866666667</dst>
            <dst id="HSTNng">4508.42666666667</dst>
            <dst id="IPLSng">15669.8453333333</dst>
            <dst id="KSCYng">2794.424</dst>
            <dst id="LOSAng">18646.1786666667</dst>
            <dst id="NYCMng">28401.5653333333</dst>
            <dst id="SNVAng">367.322666666667</dst>
            <dst id="STTLng">10719.648</dst>
            <dst id="WASHng">13546.6373333333</dst>
        </src>
        <src id="KSCYng">
            <dst id="ATLA-M5">903.157333333333</dst>
            <dst id="ATLAng">1441.21333333333</dst>
            <dst id="CHINng">10296.6026666667</dst>
            <dst id="DNVRng">10104.1466666667</dst>
            <dst id="HSTNng">3459.83733333333</dst>
            <dst id="IPLSng">13176.1093333333</dst>
            <dst id="KSCYng">11888.0826666667</dst>
            <dst id="LOSAng">8568.36266666667</dst>
            <dst id="NYCMng">4062.34933333333</dst>
            <dst id="SNVAng">2883.16266666667</dst>
            <dst id="STTLng">8319.528</dst>
            <dst id="WASHng">6740.14133333333</dst>
        </src>
        <src id="LOSAng">
            <dst id="ATLA-M5">587.365333333333</dst>
            <dst id="ATLAng">12463.4666666667</dst>
            <dst id="CHINng">113045.986666667</dst>
            <dst id="DNVRng">21277.368</dst>
            <dst id="HSTNng">1928.75466666667</dst>
            <dst id="IPLSng">12181.5733333333</dst>
            <dst id="KSCYng">2634.33866666667</dst>
            <dst id="LOSAng">27152.192</dst>
            <dst id="NYCMng">40592.3973333333</dst>
            <dst id="SNVAng">9185.49333333334</dst>
            <dst id="STTLng">20507.3413333333</dst>
            <dst id="WASHng">23572.344</dst>
        </src>
        <src id="NYCMng">
            <dst id="ATLA-M5">53.3333333333333</dst>
            <dst id="ATLAng">9128.12533333333</dst>
            <dst id="CHINng">11495.272</dst>
            <dst id="DNVRng">23116.6746666667</dst>
            <dst id="HSTNng">10279.7733333333</dst>
            <dst id="IPLSng">14087.8373333333</dst>
            <dst id="KSCYng">5731.728</dst>
            <dst id="LOSAng">87545.288</dst>
            <dst id="NYCMng">83459.064</dst>
            <dst id="SNVAng">2030.448</dst>
            <dst id="STTLng">19738.672</dst>
            <dst id="WASHng">34225.7253333333</dst>
        </src>
        <src id="SNVAng">
            <dst id="ATLA-M5">0</dst>
            <dst id="ATLAng">53.3333333333333</dst>
            <dst id="CHINng">0</dst>
            <dst id="DNVRng">10525.848</dst>
            <dst id="HSTNng">69.1413333333333</dst>
            <dst id="IPLSng">282.32</dst>
            <dst id="KSCYng">0</dst>
            <dst id="LOSAng">36465.9093333333</dst>
            <dst id="NYCMng">274.837333333333</dst>
            <dst id="SNVAng">5675.872</dst>
            <dst id="STTLng">30838.976</dst>
            <dst id="WASHng">26.6666666666667</dst>
        </src>
        <src id="STTLng">
            <dst id="ATLA-M5">53.3333333333333</dst>
            <dst id="ATLAng">6824.24533333333</dst>
            <dst id="CHINng">17269.4586666667</dst>
            <dst id="DNVRng">4126.14133333333</dst>
            <dst id="HSTNng">914.378666666667</dst>
            <dst id="IPLSng">5566.82666666667</dst>
            <dst id="KSCYng">1406.304</dst>
            <dst id="LOSAng">20321.8053333333</dst>
            <dst id="NYCMng">11481.5706666667</dst>
            <dst id="SNVAng">3391.32</dst>
            <dst id="STTLng">5812.84266666667</dst>
            <dst id="WASHng">5689.74933333334</dst>
        </src>
        <src id="WASHng">
            <dst id="ATLA-M5">281.746666666667</dst>
            <dst id="ATLAng">64348.68</dst>
            <dst id="CHINng">48439.2293333333</dst>
            <dst id="DNVRng">54230.8533333333</dst>
            <dst id="HSTNng">9845.352</dst>
            <dst id="IPLSng">54707.984</dst>
            <dst id="KSCYng">24235.216</dst>
            <dst id="LOSAng">65250.352</dst>
            <dst id="NYCMng">133091.442666667</dst>
            <dst id="SNVAng">4049.47733333333</dst>
            <dst id="STTLng">46629.152</dst>
            <dst id="WASHng">307738.48</dst>
        </src>
    </IntraTM>
</TrafficMatrixFile>
