<?xml version="1.0" encoding="ISO-8859-1" standalone="yes"?>
<TrafficMatrixFile xsi:noNamespaceSchemaLocation="http://totem.run.montefiore.ulg.ac.be/Schema/TrafficMatrix-v1_2.xsd" xmlns:xsi="http://www.w3.org/2001/XMLSchema-instance">
    <IntraTM ASID="11537">
        <src id="ATLA-M5">
            <dst id="ATLA-M5">82.6533333333333</dst>
            <dst id="ATLAng">286.568</dst>
            <dst id="CHINng">142.344</dst>
            <dst id="DNVRng">0</dst>
            <dst id="HSTNng">109.232</dst>
            <dst id="IPLSng">2169.83466666667</dst>
            <dst id="KSCYng">0</dst>
            <dst id="LOSAng">317.269333333333</dst>
            <dst id="NYCMng">26.6666666666667</dst>
            <dst id="SNVAng">26.6666666666667</dst>
            <dst id="STTLng">26.6666666666667</dst>
            <dst id="WASHng">436.850666666667</dst>
        </src>
        <src id="ATLAng">
            <dst id="ATLA-M5">3431.67466666667</dst>
            <dst id="ATLAng">10654.544</dst>
            <dst id="CHINng">16421.2773333333</dst>
            <dst id="DNVRng">2594.024</dst>
            <dst id="HSTNng">12951.3013333333</dst>
            <dst id="IPLSng">30421.56</dst>
            <dst id="KSCYng">10762.9733333333</dst>
            <dst id="LOSAng">9038.49466666667</dst>
            <dst id="NYCMng">6998.62666666667</dst>
            <dst id="SNVAng">840.017333333333</dst>
            <dst id="STTLng">17310.4693333333</dst>
            <dst id="WASHng">49363.104</dst>
        </src>
        <src id="CHINng">
            <dst id="ATLA-M5">277.296</dst>
            <dst id="ATLAng">19513.36</dst>
            <dst id="CHINng">67636.0986666667</dst>
            <dst id="DNVRng">9115.15733333333</dst>
            <dst id="HSTNng">6904.544</dst>
            <dst id="IPLSng">32649.3946666667</dst>
            <dst id="KSCYng">10916.5413333333</dst>
            <dst id="LOSAng">47384.112</dst>
            <dst id="NYCMng">9347.632</dst>
            <dst id="SNVAng">2401.91733333333</dst>
            <dst id="STTLng">15863.3253333333</dst>
            <dst id="WASHng">42954.6533333333</dst>
        </src>
        <src id="DNVRng">
            <dst id="ATLA-M5">172.616</dst>
            <dst id="ATLAng">7797.06666666666</dst>
            <dst id="CHINng">68055.8933333333</dst>
            <dst id="DNVRng">13720.0506666667</dst>
            <dst id="HSTNng">26763.2586666667</dst>
            <dst id="IPLSng">42722.336</dst>
            <dst id="KSCYng">30039.5786666667</dst>
            <dst id="LOSAng">18526.472</dst>
            <dst id="NYCMng">17594.0826666667</dst>
            <dst id="SNVAng">29768.424</dst>
            <dst id="STTLng">11449.48</dst>
            <dst id="WASHng">42344.432</dst>
        </src>
        <src id="HSTNng">
            <dst id="ATLA-M5">6864.824</dst>
            <dst id="ATLAng">14866.2746666667</dst>
            <dst id="CHINng">21585.7493333333</dst>
            <dst id="DNVRng">1375.97866666667</dst>
            <dst id="HSTNng">13180.3706666667</dst>
            <dst id="IPLSng">4233.63733333333</dst>
            <dst id="KSCYng">1475.88</dst>
            <dst id="LOSAng">9041.04266666667</dst>
            <dst id="NYCMng">6098.008</dst>
            <dst id="SNVAng">436.357333333333</dst>
            <dst id="STTLng">7954.504</dst>
            <dst id="WASHng">9593.624</dst>
        </src>
        <src id="IPLSng">
            <dst id="ATLA-M5">378.850666666667</dst>
            <dst id="ATLAng">17408.9573333333</dst>
            <dst id="CHINng">86958.3066666667</dst>
            <dst id="DNVRng">18866.9173333333</dst>
            <dst id="HSTNng">15906</dst>
            <dst id="IPLSng">23537.384</dst>
            <dst id="KSCYng">7679.56266666667</dst>
            <dst id="LOSAng">20757.48</dst>
            <dst id="NYCMng">23133.2906666667</dst>
            <dst id="SNVAng">2525.024</dst>
            <dst id="STTLng">30759.3626666667</dst>
            <dst id="WASHng">18432.4933333333</dst>
        </src>
        <src id="KSCYng">
            <dst id="ATLA-M5">26.6666666666667</dst>
            <dst id="ATLAng">2129.64533333333</dst>
            <dst id="CHINng">21299.016</dst>
            <dst id="DNVRng">14879.9893333333</dst>
            <dst id="HSTNng">4522.352</dst>
            <dst id="IPLSng">12472.456</dst>
            <dst id="KSCYng">11645.7306666667</dst>
            <dst id="LOSAng">8482.52266666667</dst>
            <dst id="NYCMng">3732.86133333333</dst>
            <dst id="SNVAng">3307.736</dst>
            <dst id="STTLng">4940.02933333333</dst>
            <dst id="WASHng">14248.4453333333</dst>
        </src>
        <src id="LOSAng">
            <dst id="ATLA-M5">90.2213333333333</dst>
            <dst id="ATLAng">24539.1653333333</dst>
            <dst id="CHINng">146611</dst>
            <dst id="DNVRng">23617.3813333333</dst>
            <dst id="HSTNng">8878.04533333333</dst>
            <dst id="IPLSng">35525.4586666667</dst>
            <dst id="KSCYng">12320.7573333333</dst>
            <dst id="LOSAng">18550.728</dst>
            <dst id="NYCMng">39774.064</dst>
            <dst id="SNVAng">29254.8373333333</dst>
            <dst id="STTLng">23865.8186666667</dst>
            <dst id="WASHng">25905.144</dst>
        </src>
        <src id="NYCMng">
            <dst id="ATLA-M5">460.408</dst>
            <dst id="ATLAng">32640.56</dst>
            <dst id="CHINng">17436.696</dst>
            <dst id="DNVRng">32460.7786666667</dst>
            <dst id="HSTNng">12257.1466666667</dst>
            <dst id="IPLSng">43735.776</dst>
            <dst id="KSCYng">14550.8533333333</dst>
            <dst id="LOSAng">99749.2293333333</dst>
            <dst id="NYCMng">114487.805333333</dst>
            <dst id="SNVAng">7487.192</dst>
            <dst id="STTLng">25941.9866666667</dst>
            <dst id="WASHng">86285.1226666667</dst>
        </src>
        <src id="SNVAng">
            <dst id="ATLA-M5">0</dst>
            <dst id="ATLAng">26.6666666666667</dst>
            <dst id="CHINng">103.234666666667</dst>
            <dst id="DNVRng">14656.7573333333</dst>
            <dst id="HSTNng">145.885333333333</dst>
            <dst id="IPLSng">421.442666666667</dst>
            <dst id="KSCYng">0</dst>
            <dst id="LOSAng">33591.112</dst>
            <dst id="NYCMng">274.218666666667</dst>
            <dst id="SNVAng">8056.44266666667</dst>
            <dst id="STTLng">35759.6026666667</dst>
            <dst id="WASHng">121.381333333333</dst>
        </src>
        <src id="STTLng">
            <dst id="ATLA-M5">197.138666666667</dst>
            <dst id="ATLAng">13571.5493333333</dst>
            <dst id="CHINng">29636.1226666667</dst>
            <dst id="DNVRng">5540.34133333333</dst>
            <dst id="HSTNng">2736.6</dst>
            <dst id="IPLSng">17514.3653333333</dst>
            <dst id="KSCYng">16527.6933333333</dst>
            <dst id="LOSAng">17610.9866666667</dst>
            <dst id="NYCMng">18332.744</dst>
            <dst id="SNVAng">7375.704</dst>
            <dst id="STTLng">5939.71733333333</dst>
            <dst id="WASHng">19165.9706666667</dst>
        </src>
        <src id="WASHng">
            <dst id="ATLA-M5">2554.33066666667</dst>
            <dst id="ATLAng">110937.466666667</dst>
            <dst id="CHINng">60628.0586666667</dst>
            <dst id="DNVRng">80197.4506666667</dst>
            <dst id="HSTNng">38984.9546666667</dst>
            <dst id="IPLSng">73610.6986666667</dst>
            <dst id="KSCYng">20748.936</dst>
            <dst id="LOSAng">95297.4293333333</dst>
            <dst id="NYCMng">185050.458666667</dst>
            <dst id="SNVAng">3877.712</dst>
            <dst id="STTLng">32313.5813333333</dst>
            <dst id="WASHng">289508.746666667</dst>
        </src>
    </IntraTM>
</TrafficMatrixFile>
