<?xml version="1.0" encoding="ISO-8859-1" standalone="yes"?>
<TrafficMatrixFile xsi:noNamespaceSchemaLocation="http://totem.run.montefiore.ulg.ac.be/Schema/TrafficMatrix-v1_2.xsd" xmlns:xsi="http://www.w3.org/2001/XMLSchema-instance">
    <IntraTM ASID="11537">
        <src id="ATLA-M5">
            <dst id="ATLA-M5">342.002666666667</dst>
            <dst id="ATLAng">448.610666666667</dst>
            <dst id="CHINng">257.904</dst>
            <dst id="DNVRng">26.6666666666667</dst>
            <dst id="HSTNng">106.666666666667</dst>
            <dst id="IPLSng">194.114666666667</dst>
            <dst id="KSCYng">127.408</dst>
            <dst id="LOSAng">132.061333333333</dst>
            <dst id="NYCMng">147.245333333333</dst>
            <dst id="SNVAng">14.8</dst>
            <dst id="STTLng">87.0373333333334</dst>
            <dst id="WASHng">631.381333333333</dst>
        </src>
        <src id="ATLAng">
            <dst id="ATLA-M5">3313.48</dst>
            <dst id="ATLAng">30784.2853333333</dst>
            <dst id="CHINng">20223.6106666667</dst>
            <dst id="DNVRng">10654.6453333333</dst>
            <dst id="HSTNng">5781.648</dst>
            <dst id="IPLSng">17353.784</dst>
            <dst id="KSCYng">4336.21333333333</dst>
            <dst id="LOSAng">9247.056</dst>
            <dst id="NYCMng">15119.592</dst>
            <dst id="SNVAng">1474.58666666667</dst>
            <dst id="STTLng">9167.43733333333</dst>
            <dst id="WASHng">66711.3573333333</dst>
        </src>
        <src id="CHINng">
            <dst id="ATLA-M5">707.738666666667</dst>
            <dst id="ATLAng">25562.2053333333</dst>
            <dst id="CHINng">56610.168</dst>
            <dst id="DNVRng">15138.88</dst>
            <dst id="HSTNng">21481.6426666667</dst>
            <dst id="IPLSng">34393.0533333333</dst>
            <dst id="KSCYng">18973.4533333333</dst>
            <dst id="LOSAng">31973.64</dst>
            <dst id="NYCMng">16119.8293333333</dst>
            <dst id="SNVAng">16584.5413333333</dst>
            <dst id="STTLng">10239.5413333333</dst>
            <dst id="WASHng">22481.6</dst>
        </src>
        <src id="DNVRng">
            <dst id="ATLA-M5">222.586666666667</dst>
            <dst id="ATLAng">11580.576</dst>
            <dst id="CHINng">68955.112</dst>
            <dst id="DNVRng">14845.1013333333</dst>
            <dst id="HSTNng">15415.064</dst>
            <dst id="IPLSng">54891.0373333333</dst>
            <dst id="KSCYng">28451.928</dst>
            <dst id="LOSAng">15154.952</dst>
            <dst id="NYCMng">14707.3706666667</dst>
            <dst id="SNVAng">18301.2773333333</dst>
            <dst id="STTLng">12822.4533333333</dst>
            <dst id="WASHng">54803.512</dst>
        </src>
        <src id="HSTNng">
            <dst id="ATLA-M5">238.741333333333</dst>
            <dst id="ATLAng">10449.3226666667</dst>
            <dst id="CHINng">17100.1093333333</dst>
            <dst id="DNVRng">1582.968</dst>
            <dst id="HSTNng">6770.78933333333</dst>
            <dst id="IPLSng">2466.49866666667</dst>
            <dst id="KSCYng">1657.04533333333</dst>
            <dst id="LOSAng">17294.944</dst>
            <dst id="NYCMng">3247.02133333333</dst>
            <dst id="SNVAng">457.413333333333</dst>
            <dst id="STTLng">309.056</dst>
            <dst id="WASHng">3486.832</dst>
        </src>
        <src id="IPLSng">
            <dst id="ATLA-M5">271.013333333333</dst>
            <dst id="ATLAng">26578.944</dst>
            <dst id="CHINng">98080.496</dst>
            <dst id="DNVRng">15102.7013333333</dst>
            <dst id="HSTNng">5972.016</dst>
            <dst id="IPLSng">44199.184</dst>
            <dst id="KSCYng">9414.57333333333</dst>
            <dst id="LOSAng">34618.92</dst>
            <dst id="NYCMng">62585.8133333333</dst>
            <dst id="SNVAng">6030.56533333333</dst>
            <dst id="STTLng">14690.7866666667</dst>
            <dst id="WASHng">19120.4586666667</dst>
        </src>
        <src id="KSCYng">
            <dst id="ATLA-M5">125.712</dst>
            <dst id="ATLAng">12934.3493333333</dst>
            <dst id="CHINng">23509.6266666667</dst>
            <dst id="DNVRng">9625.68266666667</dst>
            <dst id="HSTNng">2977.72266666667</dst>
            <dst id="IPLSng">14887.6133333333</dst>
            <dst id="KSCYng">6382.936</dst>
            <dst id="LOSAng">5587.20533333334</dst>
            <dst id="NYCMng">1803.232</dst>
            <dst id="SNVAng">6006.968</dst>
            <dst id="STTLng">3028.33066666667</dst>
            <dst id="WASHng">30329.1546666667</dst>
        </src>
        <src id="LOSAng">
            <dst id="ATLA-M5">754.818666666667</dst>
            <dst id="ATLAng">29961.6346666667</dst>
            <dst id="CHINng">119099.749333333</dst>
            <dst id="DNVRng">31265.3493333333</dst>
            <dst id="HSTNng">14793.2426666667</dst>
            <dst id="IPLSng">52424.0266666667</dst>
            <dst id="KSCYng">9195.65333333333</dst>
            <dst id="LOSAng">9416.264</dst>
            <dst id="NYCMng">48216.832</dst>
            <dst id="SNVAng">16938.32</dst>
            <dst id="STTLng">21961.8613333333</dst>
            <dst id="WASHng">43673.624</dst>
        </src>
        <src id="NYCMng">
            <dst id="ATLA-M5">499.610666666667</dst>
            <dst id="ATLAng">35222.6666666667</dst>
            <dst id="CHINng">23713.296</dst>
            <dst id="DNVRng">47102.0026666667</dst>
            <dst id="HSTNng">12502.9386666667</dst>
            <dst id="IPLSng">45198.632</dst>
            <dst id="KSCYng">11792.4053333333</dst>
            <dst id="LOSAng">83401.4293333333</dst>
            <dst id="NYCMng">135300.592</dst>
            <dst id="SNVAng">6104.64533333333</dst>
            <dst id="STTLng">49182.232</dst>
            <dst id="WASHng">83582.4533333334</dst>
        </src>
        <src id="SNVAng">
            <dst id="ATLA-M5">0</dst>
            <dst id="ATLAng">194.397333333333</dst>
            <dst id="CHINng">286.194666666667</dst>
            <dst id="DNVRng">4523.952</dst>
            <dst id="HSTNng">219.381333333333</dst>
            <dst id="IPLSng">3050.17066666667</dst>
            <dst id="KSCYng">176</dst>
            <dst id="LOSAng">38831.3466666667</dst>
            <dst id="NYCMng">238.096</dst>
            <dst id="SNVAng">7685.29866666667</dst>
            <dst id="STTLng">27762.4613333333</dst>
            <dst id="WASHng">1295.248</dst>
        </src>
        <src id="STTLng">
            <dst id="ATLA-M5">598.114666666667</dst>
            <dst id="ATLAng">15461.4906666667</dst>
            <dst id="CHINng">27363.8533333333</dst>
            <dst id="DNVRng">6945.53866666666</dst>
            <dst id="HSTNng">2771.304</dst>
            <dst id="IPLSng">12231.136</dst>
            <dst id="KSCYng">7003.60266666667</dst>
            <dst id="LOSAng">23593.2746666667</dst>
            <dst id="NYCMng">18303.6853333333</dst>
            <dst id="SNVAng">5851.99733333333</dst>
            <dst id="STTLng">6752.46133333333</dst>
            <dst id="WASHng">28622.1786666667</dst>
        </src>
        <src id="WASHng">
            <dst id="ATLA-M5">3452.62666666667</dst>
            <dst id="ATLAng">103207.882666667</dst>
            <dst id="CHINng">54164.256</dst>
            <dst id="DNVRng">90265.6426666667</dst>
            <dst id="HSTNng">25347.7866666667</dst>
            <dst id="IPLSng">64280.4133333333</dst>
            <dst id="KSCYng">21428.0213333333</dst>
            <dst id="LOSAng">56701.4213333333</dst>
            <dst id="NYCMng">181297.245333333</dst>
            <dst id="SNVAng">21916.0853333333</dst>
            <dst id="STTLng">46662.3333333333</dst>
            <dst id="WASHng">303506.666666667</dst>
        </src>
    </IntraTM>
</TrafficMatrixFile>
