<?xml version="1.0" encoding="ISO-8859-1" standalone="yes"?>
<TrafficMatrixFile xsi:noNamespaceSchemaLocation="http://totem.run.montefiore.ulg.ac.be/Schema/TrafficMatrix-v1_2.xsd" xmlns:xsi="http://www.w3.org/2001/XMLSchema-instance">
    <IntraTM ASID="11537">
        <src id="ATLA-M5">
            <dst id="ATLA-M5">187.626666666667</dst>
            <dst id="ATLAng">179.528</dst>
            <dst id="CHINng">457.013333333333</dst>
            <dst id="DNVRng">63.208</dst>
            <dst id="HSTNng">105.829333333333</dst>
            <dst id="IPLSng">53.3333333333333</dst>
            <dst id="KSCYng">181.274666666667</dst>
            <dst id="LOSAng">284.322666666667</dst>
            <dst id="NYCMng">26.6666666666667</dst>
            <dst id="SNVAng">0</dst>
            <dst id="STTLng">0</dst>
            <dst id="WASHng">1448.30933333333</dst>
        </src>
        <src id="ATLAng">
            <dst id="ATLA-M5">3290.13866666667</dst>
            <dst id="ATLAng">21770.928</dst>
            <dst id="CHINng">11113.9066666667</dst>
            <dst id="DNVRng">4448.80533333333</dst>
            <dst id="HSTNng">7350.20533333334</dst>
            <dst id="IPLSng">23829.7573333333</dst>
            <dst id="KSCYng">4480.896</dst>
            <dst id="LOSAng">16569.8746666667</dst>
            <dst id="NYCMng">14870.5653333333</dst>
            <dst id="SNVAng">2007.304</dst>
            <dst id="STTLng">7830.36</dst>
            <dst id="WASHng">33177.5813333333</dst>
        </src>
        <src id="CHINng">
            <dst id="ATLA-M5">2119.96266666667</dst>
            <dst id="ATLAng">30170.6133333333</dst>
            <dst id="CHINng">62169.9706666667</dst>
            <dst id="DNVRng">16609.0186666667</dst>
            <dst id="HSTNng">15851.2346666667</dst>
            <dst id="IPLSng">71547.3573333333</dst>
            <dst id="KSCYng">20434.3226666667</dst>
            <dst id="LOSAng">51237.9786666667</dst>
            <dst id="NYCMng">13360.904</dst>
            <dst id="SNVAng">5604.74933333333</dst>
            <dst id="STTLng">5694.21866666667</dst>
            <dst id="WASHng">34826.736</dst>
        </src>
        <src id="DNVRng">
            <dst id="ATLA-M5">209.248</dst>
            <dst id="ATLAng">15897.9306666667</dst>
            <dst id="CHINng">56074.7546666667</dst>
            <dst id="DNVRng">20553.6693333333</dst>
            <dst id="HSTNng">21143.6693333333</dst>
            <dst id="IPLSng">37327.1946666667</dst>
            <dst id="KSCYng">32783.8933333333</dst>
            <dst id="LOSAng">24992.7973333333</dst>
            <dst id="NYCMng">12853.3653333333</dst>
            <dst id="SNVAng">11885.0773333333</dst>
            <dst id="STTLng">20657.9013333333</dst>
            <dst id="WASHng">57116.2346666667</dst>
        </src>
        <src id="HSTNng">
            <dst id="ATLA-M5">473.008</dst>
            <dst id="ATLAng">9832.2</dst>
            <dst id="CHINng">11672.504</dst>
            <dst id="DNVRng">5306.536</dst>
            <dst id="HSTNng">27835.4453333333</dst>
            <dst id="IPLSng">4171.98666666667</dst>
            <dst id="KSCYng">2368.86133333333</dst>
            <dst id="LOSAng">3467.62933333333</dst>
            <dst id="NYCMng">2021.312</dst>
            <dst id="SNVAng">122.266666666667</dst>
            <dst id="STTLng">10645.8906666667</dst>
            <dst id="WASHng">4669.24266666667</dst>
        </src>
        <src id="IPLSng">
            <dst id="ATLA-M5">238.762666666667</dst>
            <dst id="ATLAng">18675.1813333333</dst>
            <dst id="CHINng">87777.3706666667</dst>
            <dst id="DNVRng">16123.0266666667</dst>
            <dst id="HSTNng">12317.208</dst>
            <dst id="IPLSng">41897.472</dst>
            <dst id="KSCYng">16417.1626666667</dst>
            <dst id="LOSAng">28545.9146666667</dst>
            <dst id="NYCMng">65986.9413333333</dst>
            <dst id="SNVAng">2082.544</dst>
            <dst id="STTLng">13281.5706666667</dst>
            <dst id="WASHng">36585.1546666667</dst>
        </src>
        <src id="KSCYng">
            <dst id="ATLA-M5">1020.672</dst>
            <dst id="ATLAng">4974.272</dst>
            <dst id="CHINng">19354.5573333333</dst>
            <dst id="DNVRng">13809.1013333333</dst>
            <dst id="HSTNng">6655.83733333333</dst>
            <dst id="IPLSng">23278.8666666667</dst>
            <dst id="KSCYng">12715.656</dst>
            <dst id="LOSAng">11932.7706666667</dst>
            <dst id="NYCMng">3206.304</dst>
            <dst id="SNVAng">3602.544</dst>
            <dst id="STTLng">1302.872</dst>
            <dst id="WASHng">15200.9146666667</dst>
        </src>
        <src id="LOSAng">
            <dst id="ATLA-M5">948.317333333334</dst>
            <dst id="ATLAng">23387.7013333333</dst>
            <dst id="CHINng">85318.2533333333</dst>
            <dst id="DNVRng">35848.0506666667</dst>
            <dst id="HSTNng">10644.072</dst>
            <dst id="IPLSng">43943.2986666667</dst>
            <dst id="KSCYng">12713.2426666667</dst>
            <dst id="LOSAng">15051.8533333333</dst>
            <dst id="NYCMng">38429.752</dst>
            <dst id="SNVAng">17190.5066666667</dst>
            <dst id="STTLng">29554.552</dst>
            <dst id="WASHng">107282.277333333</dst>
        </src>
        <src id="NYCMng">
            <dst id="ATLA-M5">538.12</dst>
            <dst id="ATLAng">40885.7013333333</dst>
            <dst id="CHINng">27541.632</dst>
            <dst id="DNVRng">43967.208</dst>
            <dst id="HSTNng">14295.4026666667</dst>
            <dst id="IPLSng">38340.4906666667</dst>
            <dst id="KSCYng">15105.192</dst>
            <dst id="LOSAng">85743.1546666667</dst>
            <dst id="NYCMng">113222.861333333</dst>
            <dst id="SNVAng">9132.248</dst>
            <dst id="STTLng">51216.2053333333</dst>
            <dst id="WASHng">96086.6746666667</dst>
        </src>
        <src id="SNVAng">
            <dst id="ATLA-M5">0</dst>
            <dst id="ATLAng">87.48</dst>
            <dst id="CHINng">83.48</dst>
            <dst id="DNVRng">4704.44533333333</dst>
            <dst id="HSTNng">222.12</dst>
            <dst id="IPLSng">493.117333333333</dst>
            <dst id="KSCYng">0</dst>
            <dst id="LOSAng">33513.0133333333</dst>
            <dst id="NYCMng">358.645333333333</dst>
            <dst id="SNVAng">10829.7813333333</dst>
            <dst id="STTLng">36218.0213333333</dst>
            <dst id="WASHng">494.845333333333</dst>
        </src>
        <src id="STTLng">
            <dst id="ATLA-M5">525.472</dst>
            <dst id="ATLAng">12824.616</dst>
            <dst id="CHINng">19559.1413333333</dst>
            <dst id="DNVRng">6740.55733333333</dst>
            <dst id="HSTNng">8198.96</dst>
            <dst id="IPLSng">11373.4693333333</dst>
            <dst id="KSCYng">4071.98933333333</dst>
            <dst id="LOSAng">30293.456</dst>
            <dst id="NYCMng">11546.7706666667</dst>
            <dst id="SNVAng">6478.184</dst>
            <dst id="STTLng">2293.62933333333</dst>
            <dst id="WASHng">20557.0693333333</dst>
        </src>
        <src id="WASHng">
            <dst id="ATLA-M5">520.957333333333</dst>
            <dst id="ATLAng">144468.554666667</dst>
            <dst id="CHINng">106859.650666667</dst>
            <dst id="DNVRng">95343.12</dst>
            <dst id="HSTNng">24095.8106666667</dst>
            <dst id="IPLSng">61890.28</dst>
            <dst id="KSCYng">15053.1093333333</dst>
            <dst id="LOSAng">61212.4853333333</dst>
            <dst id="NYCMng">213236.877333333</dst>
            <dst id="SNVAng">10813.3946666667</dst>
            <dst id="STTLng">61621.064</dst>
            <dst id="WASHng">249665.28</dst>
        </src>
    </IntraTM>
</TrafficMatrixFile>
