<?xml version="1.0" encoding="ISO-8859-1" standalone="yes"?>
<TrafficMatrixFile xsi:noNamespaceSchemaLocation="http://totem.run.montefiore.ulg.ac.be/Schema/TrafficMatrix-v1_2.xsd" xmlns:xsi="http://www.w3.org/2001/XMLSchema-instance">
    <IntraTM ASID="11537">
        <src id="ATLA-M5">
            <dst id="ATLA-M5">96.2986666666667</dst>
            <dst id="ATLAng">106.069333333333</dst>
            <dst id="CHINng">481.392</dst>
            <dst id="DNVRng">0</dst>
            <dst id="HSTNng">153.205333333333</dst>
            <dst id="IPLSng">229.933333333333</dst>
            <dst id="KSCYng">26.6666666666667</dst>
            <dst id="LOSAng">26.6666666666667</dst>
            <dst id="NYCMng">160</dst>
            <dst id="SNVAng">0</dst>
            <dst id="STTLng">26.6666666666667</dst>
            <dst id="WASHng">2512.33066666667</dst>
        </src>
        <src id="ATLAng">
            <dst id="ATLA-M5">3279.91466666667</dst>
            <dst id="ATLAng">9552.632</dst>
            <dst id="CHINng">14306.1573333333</dst>
            <dst id="DNVRng">23448.2506666667</dst>
            <dst id="HSTNng">4700.00266666667</dst>
            <dst id="IPLSng">30204.4693333333</dst>
            <dst id="KSCYng">2839.52266666667</dst>
            <dst id="LOSAng">6932.92933333333</dst>
            <dst id="NYCMng">11042.704</dst>
            <dst id="SNVAng">1359.73466666667</dst>
            <dst id="STTLng">7525.192</dst>
            <dst id="WASHng">53795.192</dst>
        </src>
        <src id="CHINng">
            <dst id="ATLA-M5">401.701333333333</dst>
            <dst id="ATLAng">31378.3093333333</dst>
            <dst id="CHINng">77536.36</dst>
            <dst id="DNVRng">6496.232</dst>
            <dst id="HSTNng">9056.64</dst>
            <dst id="IPLSng">44414.5386666667</dst>
            <dst id="KSCYng">12682.3733333333</dst>
            <dst id="LOSAng">49952.5066666667</dst>
            <dst id="NYCMng">11161.0506666667</dst>
            <dst id="SNVAng">3860.096</dst>
            <dst id="STTLng">11595.64</dst>
            <dst id="WASHng">21418.904</dst>
        </src>
        <src id="DNVRng">
            <dst id="ATLA-M5">48.432</dst>
            <dst id="ATLAng">7222.41866666667</dst>
            <dst id="CHINng">53903.8106666667</dst>
            <dst id="DNVRng">14912.4826666667</dst>
            <dst id="HSTNng">28766.912</dst>
            <dst id="IPLSng">46122.5653333333</dst>
            <dst id="KSCYng">34550.008</dst>
            <dst id="LOSAng">15012.9493333333</dst>
            <dst id="NYCMng">10270.6906666667</dst>
            <dst id="SNVAng">24617.552</dst>
            <dst id="STTLng">10759.6906666667</dst>
            <dst id="WASHng">40317.344</dst>
        </src>
        <src id="HSTNng">
            <dst id="ATLA-M5">2457.536</dst>
            <dst id="ATLAng">5779.54133333333</dst>
            <dst id="CHINng">12912.08</dst>
            <dst id="DNVRng">1654.73066666667</dst>
            <dst id="HSTNng">14605.3413333333</dst>
            <dst id="IPLSng">6024.688</dst>
            <dst id="KSCYng">2519.89066666667</dst>
            <dst id="LOSAng">4166.73066666667</dst>
            <dst id="NYCMng">4083.104</dst>
            <dst id="SNVAng">174.397333333333</dst>
            <dst id="STTLng">6295.51466666667</dst>
            <dst id="WASHng">8523.57866666666</dst>
        </src>
        <src id="IPLSng">
            <dst id="ATLA-M5">214.157333333333</dst>
            <dst id="ATLAng">25156.6373333333</dst>
            <dst id="CHINng">80104.9226666667</dst>
            <dst id="DNVRng">7603.01333333333</dst>
            <dst id="HSTNng">3714.87466666667</dst>
            <dst id="IPLSng">17569.24</dst>
            <dst id="KSCYng">9614.008</dst>
            <dst id="LOSAng">17462.4</dst>
            <dst id="NYCMng">27285.8426666667</dst>
            <dst id="SNVAng">833.458666666667</dst>
            <dst id="STTLng">9288.06666666667</dst>
            <dst id="WASHng">19693.4906666667</dst>
        </src>
        <src id="KSCYng">
            <dst id="ATLA-M5">131.637333333333</dst>
            <dst id="ATLAng">2379.032</dst>
            <dst id="CHINng">21875.096</dst>
            <dst id="DNVRng">10654.2906666667</dst>
            <dst id="HSTNng">9317.93333333333</dst>
            <dst id="IPLSng">13737.3573333333</dst>
            <dst id="KSCYng">12353.5733333333</dst>
            <dst id="LOSAng">5879.57333333333</dst>
            <dst id="NYCMng">2615.08266666667</dst>
            <dst id="SNVAng">2714.56533333333</dst>
            <dst id="STTLng">3769.03466666667</dst>
            <dst id="WASHng">18533.7946666667</dst>
        </src>
        <src id="LOSAng">
            <dst id="ATLA-M5">441.933333333333</dst>
            <dst id="ATLAng">19001.3493333333</dst>
            <dst id="CHINng">121189.202666667</dst>
            <dst id="DNVRng">27616.3466666667</dst>
            <dst id="HSTNng">7746.54133333333</dst>
            <dst id="IPLSng">40984.6186666667</dst>
            <dst id="KSCYng">10878.08</dst>
            <dst id="LOSAng">16261.1973333333</dst>
            <dst id="NYCMng">42122.2613333333</dst>
            <dst id="SNVAng">11546.736</dst>
            <dst id="STTLng">30045.4373333333</dst>
            <dst id="WASHng">40880.1653333333</dst>
        </src>
        <src id="NYCMng">
            <dst id="ATLA-M5">450.858666666667</dst>
            <dst id="ATLAng">35172.7733333333</dst>
            <dst id="CHINng">22860.1893333333</dst>
            <dst id="DNVRng">32579.832</dst>
            <dst id="HSTNng">18470.4506666667</dst>
            <dst id="IPLSng">43501.9226666667</dst>
            <dst id="KSCYng">11996.5226666667</dst>
            <dst id="LOSAng">85106.0693333333</dst>
            <dst id="NYCMng">100047.941333333</dst>
            <dst id="SNVAng">7474.592</dst>
            <dst id="STTLng">25073.2213333333</dst>
            <dst id="WASHng">109291.858666667</dst>
        </src>
        <src id="SNVAng">
            <dst id="ATLA-M5">0</dst>
            <dst id="ATLAng">26.6666666666667</dst>
            <dst id="CHINng">26.6666666666667</dst>
            <dst id="DNVRng">7590.72533333333</dst>
            <dst id="HSTNng">118.581333333333</dst>
            <dst id="IPLSng">379.594666666667</dst>
            <dst id="KSCYng">26.6666666666667</dst>
            <dst id="LOSAng">30796.5786666667</dst>
            <dst id="NYCMng">12718.9653333333</dst>
            <dst id="SNVAng">7233.84533333333</dst>
            <dst id="STTLng">31117.096</dst>
            <dst id="WASHng">287.808</dst>
        </src>
        <src id="STTLng">
            <dst id="ATLA-M5">541.28</dst>
            <dst id="ATLAng">11530.4106666667</dst>
            <dst id="CHINng">24342.0693333333</dst>
            <dst id="DNVRng">5348.81866666667</dst>
            <dst id="HSTNng">2774.06133333333</dst>
            <dst id="IPLSng">11841.192</dst>
            <dst id="KSCYng">7858.78133333333</dst>
            <dst id="LOSAng">18649.2373333333</dst>
            <dst id="NYCMng">13812.9733333333</dst>
            <dst id="SNVAng">7592.984</dst>
            <dst id="STTLng">8776.25066666667</dst>
            <dst id="WASHng">19376.0186666667</dst>
        </src>
        <src id="WASHng">
            <dst id="ATLA-M5">290.330666666667</dst>
            <dst id="ATLAng">163018.741333333</dst>
            <dst id="CHINng">80000.3146666667</dst>
            <dst id="DNVRng">83716.1493333333</dst>
            <dst id="HSTNng">32040.2773333333</dst>
            <dst id="IPLSng">70725.7866666667</dst>
            <dst id="KSCYng">25210.9413333333</dst>
            <dst id="LOSAng">71712.3306666667</dst>
            <dst id="NYCMng">169036.077333333</dst>
            <dst id="SNVAng">3418.38933333333</dst>
            <dst id="STTLng">32515.44</dst>
            <dst id="WASHng">302730.08</dst>
        </src>
    </IntraTM>
</TrafficMatrixFile>
