<?xml version="1.0" encoding="ISO-8859-1" standalone="yes"?>
<TrafficMatrixFile xsi:noNamespaceSchemaLocation="http://totem.run.montefiore.ulg.ac.be/Schema/TrafficMatrix-v1_2.xsd" xmlns:xsi="http://www.w3.org/2001/XMLSchema-instance">
    <IntraTM ASID="11537">
        <src id="ATLA-M5">
            <dst id="ATLA-M5">0</dst>
            <dst id="ATLAng">26.6666666666667</dst>
            <dst id="CHINng">113.506666666667</dst>
            <dst id="DNVRng">0</dst>
            <dst id="HSTNng">47.3653333333333</dst>
            <dst id="IPLSng">26.6666666666667</dst>
            <dst id="KSCYng">26.7946666666667</dst>
            <dst id="LOSAng">109.128</dst>
            <dst id="NYCMng">53.3333333333333</dst>
            <dst id="SNVAng">26.6666666666667</dst>
            <dst id="STTLng">0</dst>
            <dst id="WASHng">244.242666666667</dst>
        </src>
        <src id="ATLAng">
            <dst id="ATLA-M5">49.8906666666667</dst>
            <dst id="ATLAng">10150.5173333333</dst>
            <dst id="CHINng">5383.39466666667</dst>
            <dst id="DNVRng">3672.264</dst>
            <dst id="HSTNng">1036.104</dst>
            <dst id="IPLSng">29854.4986666667</dst>
            <dst id="KSCYng">7381.20533333334</dst>
            <dst id="LOSAng">7176.62933333333</dst>
            <dst id="NYCMng">7407.736</dst>
            <dst id="SNVAng">66.6666666666667</dst>
            <dst id="STTLng">8748.33066666667</dst>
            <dst id="WASHng">31904.6746666667</dst>
        </src>
        <src id="CHINng">
            <dst id="ATLA-M5">187.786666666667</dst>
            <dst id="ATLAng">9812.15733333333</dst>
            <dst id="CHINng">49104.0106666667</dst>
            <dst id="DNVRng">5172.22133333333</dst>
            <dst id="HSTNng">4790.27466666667</dst>
            <dst id="IPLSng">58420.624</dst>
            <dst id="KSCYng">30780.4933333333</dst>
            <dst id="LOSAng">38815.36</dst>
            <dst id="NYCMng">12277.2666666667</dst>
            <dst id="SNVAng">241.88</dst>
            <dst id="STTLng">4842.488</dst>
            <dst id="WASHng">31892.472</dst>
        </src>
        <src id="DNVRng">
            <dst id="ATLA-M5">231.682666666667</dst>
            <dst id="ATLAng">3210.58933333333</dst>
            <dst id="CHINng">59836.1306666667</dst>
            <dst id="DNVRng">20079.5093333333</dst>
            <dst id="HSTNng">18394.7093333333</dst>
            <dst id="IPLSng">32388.1333333333</dst>
            <dst id="KSCYng">22707.0453333333</dst>
            <dst id="LOSAng">17533.0053333333</dst>
            <dst id="NYCMng">14091.5733333333</dst>
            <dst id="SNVAng">14755.7306666667</dst>
            <dst id="STTLng">10635.88</dst>
            <dst id="WASHng">45831.3413333333</dst>
        </src>
        <src id="HSTNng">
            <dst id="ATLA-M5">2917.344</dst>
            <dst id="ATLAng">2125.352</dst>
            <dst id="CHINng">10251.536</dst>
            <dst id="DNVRng">1237.50933333333</dst>
            <dst id="HSTNng">15976.1386666667</dst>
            <dst id="IPLSng">1238.44533333333</dst>
            <dst id="KSCYng">407.565333333333</dst>
            <dst id="LOSAng">46640.504</dst>
            <dst id="NYCMng">3259.74933333333</dst>
            <dst id="SNVAng">0</dst>
            <dst id="STTLng">818.813333333333</dst>
            <dst id="WASHng">1176.32</dst>
        </src>
        <src id="IPLSng">
            <dst id="ATLA-M5">53.3333333333333</dst>
            <dst id="ATLAng">22691.8026666667</dst>
            <dst id="CHINng">71405.1413333333</dst>
            <dst id="DNVRng">4613.26133333333</dst>
            <dst id="HSTNng">2358.73333333333</dst>
            <dst id="IPLSng">7621.56533333333</dst>
            <dst id="KSCYng">4549.392</dst>
            <dst id="LOSAng">20711.6906666667</dst>
            <dst id="NYCMng">22867.168</dst>
            <dst id="SNVAng">289.946666666667</dst>
            <dst id="STTLng">6551.82133333333</dst>
            <dst id="WASHng">12982.5626666667</dst>
        </src>
        <src id="KSCYng">
            <dst id="ATLA-M5">874.336</dst>
            <dst id="ATLAng">1206.08</dst>
            <dst id="CHINng">14517.0133333333</dst>
            <dst id="DNVRng">10294.6773333333</dst>
            <dst id="HSTNng">3926.59466666667</dst>
            <dst id="IPLSng">13944.096</dst>
            <dst id="KSCYng">13102.1333333333</dst>
            <dst id="LOSAng">7314.01333333333</dst>
            <dst id="NYCMng">4073.04</dst>
            <dst id="SNVAng">2391.70133333333</dst>
            <dst id="STTLng">8094.93333333333</dst>
            <dst id="WASHng">6435.824</dst>
        </src>
        <src id="LOSAng">
            <dst id="ATLA-M5">543.045333333333</dst>
            <dst id="ATLAng">13233.7173333333</dst>
            <dst id="CHINng">108227.517333333</dst>
            <dst id="DNVRng">20442.984</dst>
            <dst id="HSTNng">2855.616</dst>
            <dst id="IPLSng">12710.8266666667</dst>
            <dst id="KSCYng">3539.63466666667</dst>
            <dst id="LOSAng">21472.712</dst>
            <dst id="NYCMng">39028.528</dst>
            <dst id="SNVAng">9614.52266666667</dst>
            <dst id="STTLng">20412.9066666667</dst>
            <dst id="WASHng">16169.6293333333</dst>
        </src>
        <src id="NYCMng">
            <dst id="ATLA-M5">402.474666666667</dst>
            <dst id="ATLAng">18200.944</dst>
            <dst id="CHINng">11135.6453333333</dst>
            <dst id="DNVRng">30285.128</dst>
            <dst id="HSTNng">11449.2053333333</dst>
            <dst id="IPLSng">9735.39733333333</dst>
            <dst id="KSCYng">5043.63733333333</dst>
            <dst id="LOSAng">80337.7813333333</dst>
            <dst id="NYCMng">76185.6186666667</dst>
            <dst id="SNVAng">1692.792</dst>
            <dst id="STTLng">16623.464</dst>
            <dst id="WASHng">38196.9786666667</dst>
        </src>
        <src id="SNVAng">
            <dst id="ATLA-M5">0</dst>
            <dst id="ATLAng">72.9386666666667</dst>
            <dst id="CHINng">0</dst>
            <dst id="DNVRng">9163.23466666667</dst>
            <dst id="HSTNng">37.7493333333333</dst>
            <dst id="IPLSng">207.802666666667</dst>
            <dst id="KSCYng">53.3333333333333</dst>
            <dst id="LOSAng">33664.5893333333</dst>
            <dst id="NYCMng">288.704</dst>
            <dst id="SNVAng">4722.80533333333</dst>
            <dst id="STTLng">27069.8053333333</dst>
            <dst id="WASHng">128.805333333333</dst>
        </src>
        <src id="STTLng">
            <dst id="ATLA-M5">26.6666666666667</dst>
            <dst id="ATLAng">8577.368</dst>
            <dst id="CHINng">16234.088</dst>
            <dst id="DNVRng">3011.40533333333</dst>
            <dst id="HSTNng">826.984</dst>
            <dst id="IPLSng">4805.68533333333</dst>
            <dst id="KSCYng">1138.21066666667</dst>
            <dst id="LOSAng">20746.9546666667</dst>
            <dst id="NYCMng">20133.224</dst>
            <dst id="SNVAng">3380.13066666667</dst>
            <dst id="STTLng">5148.04266666667</dst>
            <dst id="WASHng">5473.424</dst>
        </src>
        <src id="WASHng">
            <dst id="ATLA-M5">117.4</dst>
            <dst id="ATLAng">106448.802666667</dst>
            <dst id="CHINng">44641.96</dst>
            <dst id="DNVRng">55965.8933333333</dst>
            <dst id="HSTNng">9885.70133333333</dst>
            <dst id="IPLSng">57468.4</dst>
            <dst id="KSCYng">23077.704</dst>
            <dst id="LOSAng">74317.7386666666</dst>
            <dst id="NYCMng">158310.874666667</dst>
            <dst id="SNVAng">4148.08266666667</dst>
            <dst id="STTLng">31130.0986666667</dst>
            <dst id="WASHng">278649.2</dst>
        </src>
    </IntraTM>
</TrafficMatrixFile>
