<?xml version="1.0" encoding="ISO-8859-1" standalone="yes"?>
<TrafficMatrixFile xsi:noNamespaceSchemaLocation="http://totem.run.montefiore.ulg.ac.be/Schema/TrafficMatrix-v1_2.xsd" xmlns:xsi="http://www.w3.org/2001/XMLSchema-instance">
    <IntraTM ASID="11537">
        <src id="ATLA-M5">
            <dst id="ATLA-M5">0</dst>
            <dst id="ATLAng">53.3333333333333</dst>
            <dst id="CHINng">26.6666666666667</dst>
            <dst id="DNVRng">0</dst>
            <dst id="HSTNng">233.88</dst>
            <dst id="IPLSng">69.8293333333333</dst>
            <dst id="KSCYng">26.6666666666667</dst>
            <dst id="LOSAng">208.032</dst>
            <dst id="NYCMng">551.917333333333</dst>
            <dst id="SNVAng">0</dst>
            <dst id="STTLng">0</dst>
            <dst id="WASHng">656.696</dst>
        </src>
        <src id="ATLAng">
            <dst id="ATLA-M5">270.618666666667</dst>
            <dst id="ATLAng">24578.4346666667</dst>
            <dst id="CHINng">20963.1946666667</dst>
            <dst id="DNVRng">2997.57066666667</dst>
            <dst id="HSTNng">2389.34933333333</dst>
            <dst id="IPLSng">12530.3226666667</dst>
            <dst id="KSCYng">9172.664</dst>
            <dst id="LOSAng">10673.0133333333</dst>
            <dst id="NYCMng">11409.1226666667</dst>
            <dst id="SNVAng">868.434666666667</dst>
            <dst id="STTLng">6398.36533333333</dst>
            <dst id="WASHng">63951.8293333333</dst>
        </src>
        <src id="CHINng">
            <dst id="ATLA-M5">136.293333333333</dst>
            <dst id="ATLAng">19227.696</dst>
            <dst id="CHINng">86982.5306666667</dst>
            <dst id="DNVRng">8037.93866666667</dst>
            <dst id="HSTNng">5063.616</dst>
            <dst id="IPLSng">42440.136</dst>
            <dst id="KSCYng">11950.0853333333</dst>
            <dst id="LOSAng">35065.4533333333</dst>
            <dst id="NYCMng">11428.6773333333</dst>
            <dst id="SNVAng">1986.288</dst>
            <dst id="STTLng">5079.04533333333</dst>
            <dst id="WASHng">32254.4026666667</dst>
        </src>
        <src id="DNVRng">
            <dst id="ATLA-M5">177.005333333333</dst>
            <dst id="ATLAng">9204.60266666667</dst>
            <dst id="CHINng">64326.6613333333</dst>
            <dst id="DNVRng">7701.29333333333</dst>
            <dst id="HSTNng">14407.6506666667</dst>
            <dst id="IPLSng">29251.5386666667</dst>
            <dst id="KSCYng">18292.0853333333</dst>
            <dst id="LOSAng">6577.77333333333</dst>
            <dst id="NYCMng">17096.3306666667</dst>
            <dst id="SNVAng">6446.472</dst>
            <dst id="STTLng">6617.504</dst>
            <dst id="WASHng">39263.672</dst>
        </src>
        <src id="HSTNng">
            <dst id="ATLA-M5">3559.60266666667</dst>
            <dst id="ATLAng">3778.888</dst>
            <dst id="CHINng">15850.5573333333</dst>
            <dst id="DNVRng">938.157333333333</dst>
            <dst id="HSTNng">13621.296</dst>
            <dst id="IPLSng">5002.78133333333</dst>
            <dst id="KSCYng">1776.528</dst>
            <dst id="LOSAng">8271.18133333333</dst>
            <dst id="NYCMng">3282.632</dst>
            <dst id="SNVAng">71.3866666666667</dst>
            <dst id="STTLng">312.109333333333</dst>
            <dst id="WASHng">13019.6106666667</dst>
        </src>
        <src id="IPLSng">
            <dst id="ATLA-M5">26.6666666666667</dst>
            <dst id="ATLAng">28934.992</dst>
            <dst id="CHINng">97590.1893333334</dst>
            <dst id="DNVRng">14183.6346666667</dst>
            <dst id="HSTNng">2689.624</dst>
            <dst id="IPLSng">29953.608</dst>
            <dst id="KSCYng">5718.33333333333</dst>
            <dst id="LOSAng">11987.888</dst>
            <dst id="NYCMng">35418.9386666667</dst>
            <dst id="SNVAng">831.717333333333</dst>
            <dst id="STTLng">5601.53066666667</dst>
            <dst id="WASHng">22140.0053333333</dst>
        </src>
        <src id="KSCYng">
            <dst id="ATLA-M5">26.6666666666667</dst>
            <dst id="ATLAng">3217.55466666667</dst>
            <dst id="CHINng">20501.8693333333</dst>
            <dst id="DNVRng">8895.90666666667</dst>
            <dst id="HSTNng">4561.01066666667</dst>
            <dst id="IPLSng">17458.5653333333</dst>
            <dst id="KSCYng">5522.29866666667</dst>
            <dst id="LOSAng">3960.83466666667</dst>
            <dst id="NYCMng">2271.104</dst>
            <dst id="SNVAng">2003.12</dst>
            <dst id="STTLng">1931.712</dst>
            <dst id="WASHng">6801.77333333333</dst>
        </src>
        <src id="LOSAng">
            <dst id="ATLA-M5">63.6746666666667</dst>
            <dst id="ATLAng">28991.4506666667</dst>
            <dst id="CHINng">150205.781333333</dst>
            <dst id="DNVRng">21377.992</dst>
            <dst id="HSTNng">4646.39466666667</dst>
            <dst id="IPLSng">26570.5546666667</dst>
            <dst id="KSCYng">7387.73066666667</dst>
            <dst id="LOSAng">15383.384</dst>
            <dst id="NYCMng">37111.5306666667</dst>
            <dst id="SNVAng">11240.32</dst>
            <dst id="STTLng">18597.0373333333</dst>
            <dst id="WASHng">31643.6266666667</dst>
        </src>
        <src id="NYCMng">
            <dst id="ATLA-M5">113.706666666667</dst>
            <dst id="ATLAng">26767.3733333333</dst>
            <dst id="CHINng">19248.1733333333</dst>
            <dst id="DNVRng">25505.096</dst>
            <dst id="HSTNng">7605.76</dst>
            <dst id="IPLSng">17895.1973333333</dst>
            <dst id="KSCYng">10492.544</dst>
            <dst id="LOSAng">86665.616</dst>
            <dst id="NYCMng">125240.373333333</dst>
            <dst id="SNVAng">876.589333333333</dst>
            <dst id="STTLng">21357.7653333333</dst>
            <dst id="WASHng">68496.4426666667</dst>
        </src>
        <src id="SNVAng">
            <dst id="ATLA-M5">0</dst>
            <dst id="ATLAng">0</dst>
            <dst id="CHINng">68.2933333333333</dst>
            <dst id="DNVRng">3136.152</dst>
            <dst id="HSTNng">55.8933333333333</dst>
            <dst id="IPLSng">369.061333333333</dst>
            <dst id="KSCYng">80</dst>
            <dst id="LOSAng">33990.448</dst>
            <dst id="NYCMng">244.288</dst>
            <dst id="SNVAng">5251.05866666667</dst>
            <dst id="STTLng">32409.3413333333</dst>
            <dst id="WASHng">122.333333333333</dst>
        </src>
        <src id="STTLng">
            <dst id="ATLA-M5">26.6666666666667</dst>
            <dst id="ATLAng">9453.032</dst>
            <dst id="CHINng">34257.232</dst>
            <dst id="DNVRng">1936.32</dst>
            <dst id="HSTNng">2266.18933333333</dst>
            <dst id="IPLSng">5850.05333333333</dst>
            <dst id="KSCYng">2240.21333333333</dst>
            <dst id="LOSAng">12843.2613333333</dst>
            <dst id="NYCMng">15811.152</dst>
            <dst id="SNVAng">2215.54933333333</dst>
            <dst id="STTLng">4867.32</dst>
            <dst id="WASHng">13555.6186666667</dst>
        </src>
        <src id="WASHng">
            <dst id="ATLA-M5">1356.56266666667</dst>
            <dst id="ATLAng">119869.392</dst>
            <dst id="CHINng">66910.472</dst>
            <dst id="DNVRng">60080.36</dst>
            <dst id="HSTNng">20751.9733333333</dst>
            <dst id="IPLSng">61462.3866666667</dst>
            <dst id="KSCYng">6985.91733333333</dst>
            <dst id="LOSAng">76453.9573333333</dst>
            <dst id="NYCMng">174184.850666667</dst>
            <dst id="SNVAng">3891.888</dst>
            <dst id="STTLng">27902.7813333333</dst>
            <dst id="WASHng">304144.426666667</dst>
        </src>
    </IntraTM>
</TrafficMatrixFile>
