<?xml version="1.0" encoding="ISO-8859-1" standalone="yes"?>
<TrafficMatrixFile xsi:noNamespaceSchemaLocation="http://totem.run.montefiore.ulg.ac.be/Schema/TrafficMatrix-v1_2.xsd" xmlns:xsi="http://www.w3.org/2001/XMLSchema-instance">
    <IntraTM ASID="11537">
        <src id="ATLA-M5">
            <dst id="ATLA-M5">170.984</dst>
            <dst id="ATLAng">1039.76</dst>
            <dst id="CHINng">206.074666666667</dst>
            <dst id="DNVRng">0</dst>
            <dst id="HSTNng">172.042666666667</dst>
            <dst id="IPLSng">351.341333333333</dst>
            <dst id="KSCYng">122.672</dst>
            <dst id="LOSAng">223.818666666667</dst>
            <dst id="NYCMng">89.648</dst>
            <dst id="SNVAng">13.3333333333333</dst>
            <dst id="STTLng">61.608</dst>
            <dst id="WASHng">943.296</dst>
        </src>
        <src id="ATLAng">
            <dst id="ATLA-M5">864.893333333333</dst>
            <dst id="ATLAng">24798.2826666667</dst>
            <dst id="CHINng">16590.656</dst>
            <dst id="DNVRng">3541.80533333333</dst>
            <dst id="HSTNng">3782.92266666667</dst>
            <dst id="IPLSng">21309.8106666667</dst>
            <dst id="KSCYng">9286.93066666667</dst>
            <dst id="LOSAng">7574.30666666667</dst>
            <dst id="NYCMng">23671.728</dst>
            <dst id="SNVAng">1341.54666666667</dst>
            <dst id="STTLng">8483.928</dst>
            <dst id="WASHng">54150.2293333333</dst>
        </src>
        <src id="CHINng">
            <dst id="ATLA-M5">260.322666666667</dst>
            <dst id="ATLAng">29177.104</dst>
            <dst id="CHINng">69819.0106666667</dst>
            <dst id="DNVRng">9949.056</dst>
            <dst id="HSTNng">19975.976</dst>
            <dst id="IPLSng">29342.6746666667</dst>
            <dst id="KSCYng">9029.85333333333</dst>
            <dst id="LOSAng">51500.72</dst>
            <dst id="NYCMng">20661.3253333333</dst>
            <dst id="SNVAng">7993.656</dst>
            <dst id="STTLng">6978.71733333333</dst>
            <dst id="WASHng">26042.616</dst>
        </src>
        <src id="DNVRng">
            <dst id="ATLA-M5">153.248</dst>
            <dst id="ATLAng">14694.6933333333</dst>
            <dst id="CHINng">84752.912</dst>
            <dst id="DNVRng">20180.3866666667</dst>
            <dst id="HSTNng">28030.2</dst>
            <dst id="IPLSng">35633.4666666667</dst>
            <dst id="KSCYng">23963.376</dst>
            <dst id="LOSAng">14890.296</dst>
            <dst id="NYCMng">16690.9013333333</dst>
            <dst id="SNVAng">34684.6533333333</dst>
            <dst id="STTLng">11642.5706666667</dst>
            <dst id="WASHng">52600.6373333333</dst>
        </src>
        <src id="HSTNng">
            <dst id="ATLA-M5">489.509333333333</dst>
            <dst id="ATLAng">10371.4533333333</dst>
            <dst id="CHINng">16265.2586666667</dst>
            <dst id="DNVRng">1477.056</dst>
            <dst id="HSTNng">4587.424</dst>
            <dst id="IPLSng">4480.06933333333</dst>
            <dst id="KSCYng">1901.57333333333</dst>
            <dst id="LOSAng">8702.98666666667</dst>
            <dst id="NYCMng">1978.808</dst>
            <dst id="SNVAng">443.768</dst>
            <dst id="STTLng">903.661333333333</dst>
            <dst id="WASHng">4888.53066666667</dst>
        </src>
        <src id="IPLSng">
            <dst id="ATLA-M5">53.3333333333333</dst>
            <dst id="ATLAng">34930.2373333333</dst>
            <dst id="CHINng">104915.688</dst>
            <dst id="DNVRng">19671.2933333333</dst>
            <dst id="HSTNng">5498.66933333334</dst>
            <dst id="IPLSng">35040.344</dst>
            <dst id="KSCYng">12302.4106666667</dst>
            <dst id="LOSAng">43539.4106666667</dst>
            <dst id="NYCMng">41967.96</dst>
            <dst id="SNVAng">3404.888</dst>
            <dst id="STTLng">14389.2746666667</dst>
            <dst id="WASHng">12739.336</dst>
        </src>
        <src id="KSCYng">
            <dst id="ATLA-M5">2814.92533333333</dst>
            <dst id="ATLAng">14749.9546666667</dst>
            <dst id="CHINng">23355.3146666667</dst>
            <dst id="DNVRng">11357.1706666667</dst>
            <dst id="HSTNng">2746.99466666667</dst>
            <dst id="IPLSng">13411.0426666667</dst>
            <dst id="KSCYng">9222.032</dst>
            <dst id="LOSAng">11455.3626666667</dst>
            <dst id="NYCMng">7468.968</dst>
            <dst id="SNVAng">4176.90666666667</dst>
            <dst id="STTLng">3296.27466666667</dst>
            <dst id="WASHng">12253.5893333333</dst>
        </src>
        <src id="LOSAng">
            <dst id="ATLA-M5">1183.22933333333</dst>
            <dst id="ATLAng">25707.6346666667</dst>
            <dst id="CHINng">111307.16</dst>
            <dst id="DNVRng">39898.2693333333</dst>
            <dst id="HSTNng">16745.9653333333</dst>
            <dst id="IPLSng">36492.0826666667</dst>
            <dst id="KSCYng">9569.17866666667</dst>
            <dst id="LOSAng">19020.9893333333</dst>
            <dst id="NYCMng">46046.7493333333</dst>
            <dst id="SNVAng">22354.6266666667</dst>
            <dst id="STTLng">23428.1866666667</dst>
            <dst id="WASHng">45994.136</dst>
        </src>
        <src id="NYCMng">
            <dst id="ATLA-M5">832.981333333333</dst>
            <dst id="ATLAng">44054.1306666667</dst>
            <dst id="CHINng">46060.504</dst>
            <dst id="DNVRng">49921.3653333333</dst>
            <dst id="HSTNng">16588.6533333333</dst>
            <dst id="IPLSng">24730.9013333333</dst>
            <dst id="KSCYng">26261.6906666667</dst>
            <dst id="LOSAng">93099.176</dst>
            <dst id="NYCMng">117486.384</dst>
            <dst id="SNVAng">4946.70666666667</dst>
            <dst id="STTLng">57085.6213333333</dst>
            <dst id="WASHng">150547.373333333</dst>
        </src>
        <src id="SNVAng">
            <dst id="ATLA-M5">0</dst>
            <dst id="ATLAng">106.666666666667</dst>
            <dst id="CHINng">153.264</dst>
            <dst id="DNVRng">5337.05866666667</dst>
            <dst id="HSTNng">109.418666666667</dst>
            <dst id="IPLSng">3347.21333333333</dst>
            <dst id="KSCYng">763.672</dst>
            <dst id="LOSAng">34421.3626666667</dst>
            <dst id="NYCMng">1280.272</dst>
            <dst id="SNVAng">8879.20533333334</dst>
            <dst id="STTLng">33714.7466666667</dst>
            <dst id="WASHng">96.288</dst>
        </src>
        <src id="STTLng">
            <dst id="ATLA-M5">615.565333333333</dst>
            <dst id="ATLAng">19514.008</dst>
            <dst id="CHINng">22133.9226666667</dst>
            <dst id="DNVRng">7973.992</dst>
            <dst id="HSTNng">4185.77866666667</dst>
            <dst id="IPLSng">13462.0906666667</dst>
            <dst id="KSCYng">4877.048</dst>
            <dst id="LOSAng">29763.7306666667</dst>
            <dst id="NYCMng">13553.7226666667</dst>
            <dst id="SNVAng">9090.46666666667</dst>
            <dst id="STTLng">6645.93333333333</dst>
            <dst id="WASHng">20436.2346666667</dst>
        </src>
        <src id="WASHng">
            <dst id="ATLA-M5">4149.95466666667</dst>
            <dst id="ATLAng">119570.677333333</dst>
            <dst id="CHINng">93168.6826666667</dst>
            <dst id="DNVRng">88299.3413333333</dst>
            <dst id="HSTNng">30465.3706666667</dst>
            <dst id="IPLSng">71546.6666666667</dst>
            <dst id="KSCYng">16280.1066666667</dst>
            <dst id="LOSAng">73477.752</dst>
            <dst id="NYCMng">169557.797333333</dst>
            <dst id="SNVAng">19225.9253333333</dst>
            <dst id="STTLng">55083.072</dst>
            <dst id="WASHng">222916.477333333</dst>
        </src>
    </IntraTM>
</TrafficMatrixFile>
