<?xml version="1.0" encoding="ISO-8859-1" standalone="yes"?>
<TrafficMatrixFile xsi:noNamespaceSchemaLocation="http://totem.run.montefiore.ulg.ac.be/Schema/TrafficMatrix-v1_2.xsd" xmlns:xsi="http://www.w3.org/2001/XMLSchema-instance">
    <IntraTM ASID="11537">
        <src id="ATLA-M5">
            <dst id="ATLA-M5">0</dst>
            <dst id="ATLAng">2295.12533333333</dst>
            <dst id="CHINng">1711.64</dst>
            <dst id="DNVRng">0</dst>
            <dst id="HSTNng">35.92</dst>
            <dst id="IPLSng">185.44</dst>
            <dst id="KSCYng">694.52</dst>
            <dst id="LOSAng">275.037333333333</dst>
            <dst id="NYCMng">0</dst>
            <dst id="SNVAng">0</dst>
            <dst id="STTLng">53.3333333333333</dst>
            <dst id="WASHng">319.872</dst>
        </src>
        <src id="ATLAng">
            <dst id="ATLA-M5">104.765333333333</dst>
            <dst id="ATLAng">24741.8773333333</dst>
            <dst id="CHINng">12728.44</dst>
            <dst id="DNVRng">2979.46933333333</dst>
            <dst id="HSTNng">1913.03466666667</dst>
            <dst id="IPLSng">18131.1413333333</dst>
            <dst id="KSCYng">712.274666666667</dst>
            <dst id="LOSAng">11501.5</dst>
            <dst id="NYCMng">2548.016</dst>
            <dst id="SNVAng">231.926666666667</dst>
            <dst id="STTLng">8511.896</dst>
            <dst id="WASHng">41980.808</dst>
        </src>
        <src id="CHINng">
            <dst id="ATLA-M5">769.416</dst>
            <dst id="ATLAng">20586.552</dst>
            <dst id="CHINng">74917.6</dst>
            <dst id="DNVRng">7489.88</dst>
            <dst id="HSTNng">9686.88533333333</dst>
            <dst id="IPLSng">23496.0933333333</dst>
            <dst id="KSCYng">7374.38133333333</dst>
            <dst id="LOSAng">50590.976</dst>
            <dst id="NYCMng">11025.4106666667</dst>
            <dst id="SNVAng">5886.87733333333</dst>
            <dst id="STTLng">10648.8533333333</dst>
            <dst id="WASHng">32137.1413333333</dst>
        </src>
        <src id="DNVRng">
            <dst id="ATLA-M5">311.317333333333</dst>
            <dst id="ATLAng">9300.26133333333</dst>
            <dst id="CHINng">49585.968</dst>
            <dst id="DNVRng">12431.648</dst>
            <dst id="HSTNng">23497.5173333333</dst>
            <dst id="IPLSng">33332</dst>
            <dst id="KSCYng">18418.824</dst>
            <dst id="LOSAng">20395.6293333333</dst>
            <dst id="NYCMng">14096.7893333333</dst>
            <dst id="SNVAng">21131.6506666667</dst>
            <dst id="STTLng">8702.46666666667</dst>
            <dst id="WASHng">36455.0266666667</dst>
        </src>
        <src id="HSTNng">
            <dst id="ATLA-M5">272.885333333333</dst>
            <dst id="ATLAng">5270.752</dst>
            <dst id="CHINng">7749.75466666667</dst>
            <dst id="DNVRng">1612.39466666667</dst>
            <dst id="HSTNng">14963.624</dst>
            <dst id="IPLSng">2221.84</dst>
            <dst id="KSCYng">2543.45333333333</dst>
            <dst id="LOSAng">5591.58133333333</dst>
            <dst id="NYCMng">4034.672</dst>
            <dst id="SNVAng">26.6666666666667</dst>
            <dst id="STTLng">4348.856</dst>
            <dst id="WASHng">5929.86933333333</dst>
        </src>
        <src id="IPLSng">
            <dst id="ATLA-M5">169.813333333333</dst>
            <dst id="ATLAng">17546.608</dst>
            <dst id="CHINng">51697.7573333333</dst>
            <dst id="DNVRng">13741.3653333333</dst>
            <dst id="HSTNng">7335.53066666667</dst>
            <dst id="IPLSng">14975.5813333333</dst>
            <dst id="KSCYng">6956.78933333333</dst>
            <dst id="LOSAng">23276.7893333333</dst>
            <dst id="NYCMng">29673.7866666667</dst>
            <dst id="SNVAng">6044.128</dst>
            <dst id="STTLng">11796.3493333333</dst>
            <dst id="WASHng">15940.776</dst>
        </src>
        <src id="KSCYng">
            <dst id="ATLA-M5">1482.912</dst>
            <dst id="ATLAng">2575.36</dst>
            <dst id="CHINng">13259.0133333333</dst>
            <dst id="DNVRng">10072.4693333333</dst>
            <dst id="HSTNng">16702.6933333333</dst>
            <dst id="IPLSng">12838.744</dst>
            <dst id="KSCYng">8890.81333333333</dst>
            <dst id="LOSAng">15250.24</dst>
            <dst id="NYCMng">3292.76266666667</dst>
            <dst id="SNVAng">2514.216</dst>
            <dst id="STTLng">4526.86133333333</dst>
            <dst id="WASHng">8660.4</dst>
        </src>
        <src id="LOSAng">
            <dst id="ATLA-M5">1196.976</dst>
            <dst id="ATLAng">20743.4293333333</dst>
            <dst id="CHINng">60846.048</dst>
            <dst id="DNVRng">22207.6026666667</dst>
            <dst id="HSTNng">8153.312</dst>
            <dst id="IPLSng">17285.3946666667</dst>
            <dst id="KSCYng">4576.50933333333</dst>
            <dst id="LOSAng">53514.1386666667</dst>
            <dst id="NYCMng">31498.5146666667</dst>
            <dst id="SNVAng">14398.7866666667</dst>
            <dst id="STTLng">31461.04</dst>
            <dst id="WASHng">18509.976</dst>
        </src>
        <src id="NYCMng">
            <dst id="ATLA-M5">288.594666666667</dst>
            <dst id="ATLAng">21456.5386666667</dst>
            <dst id="CHINng">13137.4346666667</dst>
            <dst id="DNVRng">29778.5706666667</dst>
            <dst id="HSTNng">16571.7253333333</dst>
            <dst id="IPLSng">14411.8026666667</dst>
            <dst id="KSCYng">14174.5546666667</dst>
            <dst id="LOSAng">77210.896</dst>
            <dst id="NYCMng">60698.1893333333</dst>
            <dst id="SNVAng">3503.56266666667</dst>
            <dst id="STTLng">22589.8</dst>
            <dst id="WASHng">56500.4266666667</dst>
        </src>
        <src id="SNVAng">
            <dst id="ATLA-M5">0</dst>
            <dst id="ATLAng">499.253333333333</dst>
            <dst id="CHINng">0</dst>
            <dst id="DNVRng">3868.04533333333</dst>
            <dst id="HSTNng">645.397333333333</dst>
            <dst id="IPLSng">195.773333333333</dst>
            <dst id="KSCYng">0</dst>
            <dst id="LOSAng">42110.1626666667</dst>
            <dst id="NYCMng">286.506666666667</dst>
            <dst id="SNVAng">11339.4746666667</dst>
            <dst id="STTLng">35426.9226666667</dst>
            <dst id="WASHng">713.290666666667</dst>
        </src>
        <src id="STTLng">
            <dst id="ATLA-M5">204.68</dst>
            <dst id="ATLAng">10207.6506666667</dst>
            <dst id="CHINng">15260.696</dst>
            <dst id="DNVRng">3797.21866666667</dst>
            <dst id="HSTNng">3186.80533333333</dst>
            <dst id="IPLSng">5742.61333333333</dst>
            <dst id="KSCYng">2818.79466666667</dst>
            <dst id="LOSAng">353643.04</dst>
            <dst id="NYCMng">11159.784</dst>
            <dst id="SNVAng">3760.17333333333</dst>
            <dst id="STTLng">23908.992</dst>
            <dst id="WASHng">9106.54933333333</dst>
        </src>
        <src id="WASHng">
            <dst id="ATLA-M5">228.698666666667</dst>
            <dst id="ATLAng">89441.104</dst>
            <dst id="CHINng">79142.2853333333</dst>
            <dst id="DNVRng">61869.744</dst>
            <dst id="HSTNng">27258.5413333333</dst>
            <dst id="IPLSng">55900.64</dst>
            <dst id="KSCYng">14497.1493333333</dst>
            <dst id="LOSAng">66475.016</dst>
            <dst id="NYCMng">212729.968</dst>
            <dst id="SNVAng">4840.008</dst>
            <dst id="STTLng">63972.2346666667</dst>
            <dst id="WASHng">215333.557333333</dst>
        </src>
    </IntraTM>
</TrafficMatrixFile>
