<?xml version="1.0" encoding="ISO-8859-1" standalone="yes"?>
<TrafficMatrixFile xsi:noNamespaceSchemaLocation="http://totem.run.montefiore.ulg.ac.be/Schema/TrafficMatrix-v1_2.xsd" xmlns:xsi="http://www.w3.org/2001/XMLSchema-instance">
    <IntraTM ASID="11537">
        <src id="ATLA-M5">
            <dst id="ATLA-M5">26.6666666666667</dst>
            <dst id="ATLAng">28.8106666666667</dst>
            <dst id="CHINng">110.533333333333</dst>
            <dst id="DNVRng">0</dst>
            <dst id="HSTNng">26.6666666666667</dst>
            <dst id="IPLSng">106.666666666667</dst>
            <dst id="KSCYng">26.6666666666667</dst>
            <dst id="LOSAng">1509.56</dst>
            <dst id="NYCMng">1091.47733333333</dst>
            <dst id="SNVAng">13.3333333333333</dst>
            <dst id="STTLng">26.6666666666667</dst>
            <dst id="WASHng">2107.024</dst>
        </src>
        <src id="ATLAng">
            <dst id="ATLA-M5">72.4746666666667</dst>
            <dst id="ATLAng">25900.1386666667</dst>
            <dst id="CHINng">6570.776</dst>
            <dst id="DNVRng">3131.096</dst>
            <dst id="HSTNng">261.136</dst>
            <dst id="IPLSng">14236.1253333333</dst>
            <dst id="KSCYng">364</dst>
            <dst id="LOSAng">11593.0573333333</dst>
            <dst id="NYCMng">8994.22666666667</dst>
            <dst id="SNVAng">502.158666666667</dst>
            <dst id="STTLng">6489.856</dst>
            <dst id="WASHng">53375.2586666667</dst>
        </src>
        <src id="CHINng">
            <dst id="ATLA-M5">26.6666666666667</dst>
            <dst id="ATLAng">10806.024</dst>
            <dst id="CHINng">93913.288</dst>
            <dst id="DNVRng">2336.69066666667</dst>
            <dst id="HSTNng">2917.83466666667</dst>
            <dst id="IPLSng">21429.3866666667</dst>
            <dst id="KSCYng">2117.744</dst>
            <dst id="LOSAng">38778.6506666667</dst>
            <dst id="NYCMng">9867.22133333333</dst>
            <dst id="SNVAng">1556.704</dst>
            <dst id="STTLng">4495.47466666667</dst>
            <dst id="WASHng">19683.9813333333</dst>
        </src>
        <src id="DNVRng">
            <dst id="ATLA-M5">33.0666666666667</dst>
            <dst id="ATLAng">10067.0933333333</dst>
            <dst id="CHINng">55838.24</dst>
            <dst id="DNVRng">8557.05866666667</dst>
            <dst id="HSTNng">9162</dst>
            <dst id="IPLSng">28713.9386666667</dst>
            <dst id="KSCYng">8728.82666666667</dst>
            <dst id="LOSAng">6902.61866666667</dst>
            <dst id="NYCMng">17436.144</dst>
            <dst id="SNVAng">8936.48</dst>
            <dst id="STTLng">3294.74666666667</dst>
            <dst id="WASHng">30564.9066666667</dst>
        </src>
        <src id="HSTNng">
            <dst id="ATLA-M5">925.205333333333</dst>
            <dst id="ATLAng">999.909333333333</dst>
            <dst id="CHINng">16773.5866666667</dst>
            <dst id="DNVRng">497.32</dst>
            <dst id="HSTNng">11527.9573333333</dst>
            <dst id="IPLSng">3104.32533333333</dst>
            <dst id="KSCYng">845.429333333333</dst>
            <dst id="LOSAng">8959.08266666667</dst>
            <dst id="NYCMng">2055.94133333333</dst>
            <dst id="SNVAng">47.4853333333333</dst>
            <dst id="STTLng">141.024</dst>
            <dst id="WASHng">7055.44266666667</dst>
        </src>
        <src id="IPLSng">
            <dst id="ATLA-M5">1245.34666666667</dst>
            <dst id="ATLAng">19503.096</dst>
            <dst id="CHINng">85459.5866666667</dst>
            <dst id="DNVRng">13394.1706666667</dst>
            <dst id="HSTNng">408.530666666667</dst>
            <dst id="IPLSng">8514.23733333333</dst>
            <dst id="KSCYng">2112.81066666667</dst>
            <dst id="LOSAng">19652.8586666667</dst>
            <dst id="NYCMng">43680.7386666667</dst>
            <dst id="SNVAng">362.712</dst>
            <dst id="STTLng">12262.5786666667</dst>
            <dst id="WASHng">24541.9466666667</dst>
        </src>
        <src id="KSCYng">
            <dst id="ATLA-M5">0</dst>
            <dst id="ATLAng">2120.67733333333</dst>
            <dst id="CHINng">19983.9653333333</dst>
            <dst id="DNVRng">7894.62133333333</dst>
            <dst id="HSTNng">1885.08533333333</dst>
            <dst id="IPLSng">8275.504</dst>
            <dst id="KSCYng">4944.12533333333</dst>
            <dst id="LOSAng">4041.496</dst>
            <dst id="NYCMng">1531.54133333333</dst>
            <dst id="SNVAng">2516.696</dst>
            <dst id="STTLng">2241.58666666667</dst>
            <dst id="WASHng">19847.4026666667</dst>
        </src>
        <src id="LOSAng">
            <dst id="ATLA-M5">91.3013333333333</dst>
            <dst id="ATLAng">9597.672</dst>
            <dst id="CHINng">142196.634666667</dst>
            <dst id="DNVRng">17320.5946666667</dst>
            <dst id="HSTNng">2172.672</dst>
            <dst id="IPLSng">13151.984</dst>
            <dst id="KSCYng">3875.96266666667</dst>
            <dst id="LOSAng">17298.9413333333</dst>
            <dst id="NYCMng">36802.5893333333</dst>
            <dst id="SNVAng">20169.632</dst>
            <dst id="STTLng">32233.5146666667</dst>
            <dst id="WASHng">22935.8533333333</dst>
        </src>
        <src id="NYCMng">
            <dst id="ATLA-M5">332.530666666667</dst>
            <dst id="ATLAng">16516.1146666667</dst>
            <dst id="CHINng">13471.6</dst>
            <dst id="DNVRng">21400.4213333333</dst>
            <dst id="HSTNng">4114.45066666667</dst>
            <dst id="IPLSng">19707.6613333333</dst>
            <dst id="KSCYng">3745.776</dst>
            <dst id="LOSAng">70271.0106666667</dst>
            <dst id="NYCMng">159500.701333333</dst>
            <dst id="SNVAng">1231.64266666667</dst>
            <dst id="STTLng">11059.9093333333</dst>
            <dst id="WASHng">33757.5173333333</dst>
        </src>
        <src id="SNVAng">
            <dst id="ATLA-M5">0</dst>
            <dst id="ATLAng">26.6666666666667</dst>
            <dst id="CHINng">26.6666666666667</dst>
            <dst id="DNVRng">3520.07466666667</dst>
            <dst id="HSTNng">26.6666666666667</dst>
            <dst id="IPLSng">234.669333333333</dst>
            <dst id="KSCYng">0</dst>
            <dst id="LOSAng">31476.52</dst>
            <dst id="NYCMng">407.52</dst>
            <dst id="SNVAng">4081.66133333333</dst>
            <dst id="STTLng">27270.3973333333</dst>
            <dst id="WASHng">683.264</dst>
        </src>
        <src id="STTLng">
            <dst id="ATLA-M5">0</dst>
            <dst id="ATLAng">5705.776</dst>
            <dst id="CHINng">24342.7173333333</dst>
            <dst id="DNVRng">1813.41866666667</dst>
            <dst id="HSTNng">573.490666666667</dst>
            <dst id="IPLSng">3425.64</dst>
            <dst id="KSCYng">2436.35733333333</dst>
            <dst id="LOSAng">13149.1093333333</dst>
            <dst id="NYCMng">12495.152</dst>
            <dst id="SNVAng">2014.97866666667</dst>
            <dst id="STTLng">923.664</dst>
            <dst id="WASHng">8194.432</dst>
        </src>
        <src id="WASHng">
            <dst id="ATLA-M5">1003.49333333333</dst>
            <dst id="ATLAng">107670.506666667</dst>
            <dst id="CHINng">63864.0586666667</dst>
            <dst id="DNVRng">45968.288</dst>
            <dst id="HSTNng">18479.2773333333</dst>
            <dst id="IPLSng">32423.616</dst>
            <dst id="KSCYng">14877.032</dst>
            <dst id="LOSAng">54556.6026666667</dst>
            <dst id="NYCMng">134923.488</dst>
            <dst id="SNVAng">5263.14666666667</dst>
            <dst id="STTLng">26697.432</dst>
            <dst id="WASHng">263740.869333333</dst>
        </src>
    </IntraTM>
</TrafficMatrixFile>
