<?xml version="1.0" encoding="ISO-8859-1" standalone="yes"?>
<TrafficMatrixFile xsi:noNamespaceSchemaLocation="http://totem.run.montefiore.ulg.ac.be/Schema/TrafficMatrix-v1_2.xsd" xmlns:xsi="http://www.w3.org/2001/XMLSchema-instance">
    <IntraTM ASID="11537">
        <src id="ATLA-M5">
            <dst id="ATLA-M5">290.834666666667</dst>
            <dst id="ATLAng">72.768</dst>
            <dst id="CHINng">143.152</dst>
            <dst id="DNVRng">0</dst>
            <dst id="HSTNng">26.6666666666667</dst>
            <dst id="IPLSng">132.88</dst>
            <dst id="KSCYng">205.517333333333</dst>
            <dst id="LOSAng">122.890666666667</dst>
            <dst id="NYCMng">376.306666666667</dst>
            <dst id="SNVAng">0</dst>
            <dst id="STTLng">26.6666666666667</dst>
            <dst id="WASHng">864.12</dst>
        </src>
        <src id="ATLAng">
            <dst id="ATLA-M5">266.376</dst>
            <dst id="ATLAng">31657.5813333333</dst>
            <dst id="CHINng">24390.632</dst>
            <dst id="DNVRng">9294.04266666667</dst>
            <dst id="HSTNng">27150.2346666667</dst>
            <dst id="IPLSng">21446.0773333333</dst>
            <dst id="KSCYng">11680.4506666667</dst>
            <dst id="LOSAng">12938.66</dst>
            <dst id="NYCMng">23577.1093333333</dst>
            <dst id="SNVAng">1197.44133333333</dst>
            <dst id="STTLng">10614.384</dst>
            <dst id="WASHng">46333.0186666667</dst>
        </src>
        <src id="CHINng">
            <dst id="ATLA-M5">402.053333333333</dst>
            <dst id="ATLAng">46556.2906666667</dst>
            <dst id="CHINng">71890.2693333333</dst>
            <dst id="DNVRng">6897.56266666667</dst>
            <dst id="HSTNng">20700.0026666667</dst>
            <dst id="IPLSng">38466.496</dst>
            <dst id="KSCYng">16817.3653333333</dst>
            <dst id="LOSAng">58979.8506666667</dst>
            <dst id="NYCMng">23943.096</dst>
            <dst id="SNVAng">9344.224</dst>
            <dst id="STTLng">4980.14133333333</dst>
            <dst id="WASHng">37552.68</dst>
        </src>
        <src id="DNVRng">
            <dst id="ATLA-M5">350.248</dst>
            <dst id="ATLAng">16871.7973333333</dst>
            <dst id="CHINng">69384.9706666667</dst>
            <dst id="DNVRng">17631.4266666667</dst>
            <dst id="HSTNng">13761.0293333333</dst>
            <dst id="IPLSng">41453.9466666667</dst>
            <dst id="KSCYng">20501.9973333333</dst>
            <dst id="LOSAng">10798.7626666667</dst>
            <dst id="NYCMng">21042.216</dst>
            <dst id="SNVAng">23336.9226666667</dst>
            <dst id="STTLng">13305.448</dst>
            <dst id="WASHng">38706.672</dst>
        </src>
        <src id="HSTNng">
            <dst id="ATLA-M5">254.090666666667</dst>
            <dst id="ATLAng">23272.6613333333</dst>
            <dst id="CHINng">14505.1466666667</dst>
            <dst id="DNVRng">1968.368</dst>
            <dst id="HSTNng">5199.50933333333</dst>
            <dst id="IPLSng">4991.18666666667</dst>
            <dst id="KSCYng">2138.104</dst>
            <dst id="LOSAng">9788.07733333334</dst>
            <dst id="NYCMng">1942.25066666667</dst>
            <dst id="SNVAng">140.618666666667</dst>
            <dst id="STTLng">1228.62133333333</dst>
            <dst id="WASHng">16722.984</dst>
        </src>
        <src id="IPLSng">
            <dst id="ATLA-M5">1031.91466666667</dst>
            <dst id="ATLAng">35439.16</dst>
            <dst id="CHINng">104834.512</dst>
            <dst id="DNVRng">18666.888</dst>
            <dst id="HSTNng">15773.832</dst>
            <dst id="IPLSng">33218.1013333333</dst>
            <dst id="KSCYng">9338.53333333333</dst>
            <dst id="LOSAng">43393.2053333333</dst>
            <dst id="NYCMng">43908.512</dst>
            <dst id="SNVAng">3438.88266666667</dst>
            <dst id="STTLng">12838.4426666667</dst>
            <dst id="WASHng">27760.304</dst>
        </src>
        <src id="KSCYng">
            <dst id="ATLA-M5">2674.18933333333</dst>
            <dst id="ATLAng">15426.256</dst>
            <dst id="CHINng">21742.0453333333</dst>
            <dst id="DNVRng">11369.6026666667</dst>
            <dst id="HSTNng">4063.52</dst>
            <dst id="IPLSng">17900.2986666667</dst>
            <dst id="KSCYng">5998.73066666667</dst>
            <dst id="LOSAng">7435.41333333333</dst>
            <dst id="NYCMng">5443.952</dst>
            <dst id="SNVAng">3765.16266666667</dst>
            <dst id="STTLng">8280.312</dst>
            <dst id="WASHng">13826.928</dst>
        </src>
        <src id="LOSAng">
            <dst id="ATLA-M5">2244.73866666667</dst>
            <dst id="ATLAng">31425.4453333333</dst>
            <dst id="CHINng">94746.4666666667</dst>
            <dst id="DNVRng">30386.3253333333</dst>
            <dst id="HSTNng">19552.6133333333</dst>
            <dst id="IPLSng">48041.464</dst>
            <dst id="KSCYng">15519.6853333333</dst>
            <dst id="LOSAng">24378.6</dst>
            <dst id="NYCMng">43806.0346666667</dst>
            <dst id="SNVAng">20690.456</dst>
            <dst id="STTLng">36227.4933333333</dst>
            <dst id="WASHng">56486.376</dst>
        </src>
        <src id="NYCMng">
            <dst id="ATLA-M5">1884.77333333333</dst>
            <dst id="ATLAng">45000.384</dst>
            <dst id="CHINng">34533.7093333333</dst>
            <dst id="DNVRng">52986.768</dst>
            <dst id="HSTNng">15386.3653333333</dst>
            <dst id="IPLSng">45327.5973333333</dst>
            <dst id="KSCYng">22403.92</dst>
            <dst id="LOSAng">91364.6133333333</dst>
            <dst id="NYCMng">123473.586666667</dst>
            <dst id="SNVAng">10789.136</dst>
            <dst id="STTLng">49293.248</dst>
            <dst id="WASHng">111657.570666667</dst>
        </src>
        <src id="SNVAng">
            <dst id="ATLA-M5">0</dst>
            <dst id="ATLAng">93.4693333333334</dst>
            <dst id="CHINng">106.666666666667</dst>
            <dst id="DNVRng">8296.232</dst>
            <dst id="HSTNng">36.48</dst>
            <dst id="IPLSng">2364.70666666667</dst>
            <dst id="KSCYng">52.8213333333333</dst>
            <dst id="LOSAng">35623.2</dst>
            <dst id="NYCMng">313.781333333333</dst>
            <dst id="SNVAng">7087.048</dst>
            <dst id="STTLng">27954.3146666667</dst>
            <dst id="WASHng">410.125333333333</dst>
        </src>
        <src id="STTLng">
            <dst id="ATLA-M5">438.064</dst>
            <dst id="ATLAng">16971.8746666667</dst>
            <dst id="CHINng">27897.7253333333</dst>
            <dst id="DNVRng">8722.45066666667</dst>
            <dst id="HSTNng">3728.992</dst>
            <dst id="IPLSng">12307.0346666667</dst>
            <dst id="KSCYng">5585.01066666667</dst>
            <dst id="LOSAng">39738.3813333333</dst>
            <dst id="NYCMng">20047.8186666667</dst>
            <dst id="SNVAng">5975.256</dst>
            <dst id="STTLng">5995.86133333333</dst>
            <dst id="WASHng">27459.4773333333</dst>
        </src>
        <src id="WASHng">
            <dst id="ATLA-M5">1877.18933333333</dst>
            <dst id="ATLAng">150285.157333333</dst>
            <dst id="CHINng">88736.952</dst>
            <dst id="DNVRng">90094.2106666667</dst>
            <dst id="HSTNng">34242.136</dst>
            <dst id="IPLSng">88390.2453333333</dst>
            <dst id="KSCYng">28632.1146666667</dst>
            <dst id="LOSAng">76035.0453333333</dst>
            <dst id="NYCMng">169993.533333333</dst>
            <dst id="SNVAng">23393.8213333333</dst>
            <dst id="STTLng">55537.2106666667</dst>
            <dst id="WASHng">331620.32</dst>
        </src>
    </IntraTM>
</TrafficMatrixFile>
