<?xml version="1.0" encoding="ISO-8859-1" standalone="yes"?>
<TrafficMatrixFile xsi:noNamespaceSchemaLocation="http://totem.run.montefiore.ulg.ac.be/Schema/TrafficMatrix-v1_2.xsd" xmlns:xsi="http://www.w3.org/2001/XMLSchema-instance">
    <IntraTM ASID="11537">
        <src id="ATLA-M5">
            <dst id="ATLA-M5">26.6666666666667</dst>
            <dst id="ATLAng">319.056</dst>
            <dst id="CHINng">26.6666666666667</dst>
            <dst id="DNVRng">0</dst>
            <dst id="HSTNng">126.84</dst>
            <dst id="IPLSng">80</dst>
            <dst id="KSCYng">26.6666666666667</dst>
            <dst id="LOSAng">504.733333333333</dst>
            <dst id="NYCMng">1189.06133333333</dst>
            <dst id="SNVAng">0</dst>
            <dst id="STTLng">53.3333333333333</dst>
            <dst id="WASHng">1393.432</dst>
        </src>
        <src id="ATLAng">
            <dst id="ATLA-M5">65.9146666666667</dst>
            <dst id="ATLAng">30085.2453333333</dst>
            <dst id="CHINng">6241.696</dst>
            <dst id="DNVRng">3344.056</dst>
            <dst id="HSTNng">2032.42666666667</dst>
            <dst id="IPLSng">14815.2773333333</dst>
            <dst id="KSCYng">587.792</dst>
            <dst id="LOSAng">12398.312</dst>
            <dst id="NYCMng">9125.74133333333</dst>
            <dst id="SNVAng">397.506666666667</dst>
            <dst id="STTLng">7340.72</dst>
            <dst id="WASHng">48381.16</dst>
        </src>
        <src id="CHINng">
            <dst id="ATLA-M5">53.3333333333333</dst>
            <dst id="ATLAng">12490.5813333333</dst>
            <dst id="CHINng">96799.1973333333</dst>
            <dst id="DNVRng">4308.02933333333</dst>
            <dst id="HSTNng">3570.072</dst>
            <dst id="IPLSng">25216.7786666667</dst>
            <dst id="KSCYng">3252.66666666667</dst>
            <dst id="LOSAng">42130.6533333333</dst>
            <dst id="NYCMng">8325.432</dst>
            <dst id="SNVAng">1630.84</dst>
            <dst id="STTLng">6901.26933333333</dst>
            <dst id="WASHng">19225.9333333333</dst>
        </src>
        <src id="DNVRng">
            <dst id="ATLA-M5">60.96</dst>
            <dst id="ATLAng">9218.88533333334</dst>
            <dst id="CHINng">58443.0613333333</dst>
            <dst id="DNVRng">3405.856</dst>
            <dst id="HSTNng">24246.632</dst>
            <dst id="IPLSng">32819.6826666667</dst>
            <dst id="KSCYng">8619.62666666667</dst>
            <dst id="LOSAng">9250.47466666667</dst>
            <dst id="NYCMng">15237.0666666667</dst>
            <dst id="SNVAng">4772.31733333333</dst>
            <dst id="STTLng">4493.672</dst>
            <dst id="WASHng">39705.136</dst>
        </src>
        <src id="HSTNng">
            <dst id="ATLA-M5">3797.11466666667</dst>
            <dst id="ATLAng">1427.12533333333</dst>
            <dst id="CHINng">14645.4986666667</dst>
            <dst id="DNVRng">1023.46666666667</dst>
            <dst id="HSTNng">9044.31733333333</dst>
            <dst id="IPLSng">3369.448</dst>
            <dst id="KSCYng">475.541333333333</dst>
            <dst id="LOSAng">8648.152</dst>
            <dst id="NYCMng">1951.55466666667</dst>
            <dst id="SNVAng">26.6666666666667</dst>
            <dst id="STTLng">144.986666666667</dst>
            <dst id="WASHng">4985.53333333333</dst>
        </src>
        <src id="IPLSng">
            <dst id="ATLA-M5">1231.32266666667</dst>
            <dst id="ATLAng">19640.4453333333</dst>
            <dst id="CHINng">82837.4293333333</dst>
            <dst id="DNVRng">14345.3173333333</dst>
            <dst id="HSTNng">336.664</dst>
            <dst id="IPLSng">18407.8666666667</dst>
            <dst id="KSCYng">1883.37066666667</dst>
            <dst id="LOSAng">38542.5546666667</dst>
            <dst id="NYCMng">45241.4373333333</dst>
            <dst id="SNVAng">517.688</dst>
            <dst id="STTLng">12045.8266666667</dst>
            <dst id="WASHng">21771.9893333333</dst>
        </src>
        <src id="KSCYng">
            <dst id="ATLA-M5">0</dst>
            <dst id="ATLAng">1688.11466666667</dst>
            <dst id="CHINng">20129.0266666667</dst>
            <dst id="DNVRng">7252.824</dst>
            <dst id="HSTNng">2081.552</dst>
            <dst id="IPLSng">8509.49333333333</dst>
            <dst id="KSCYng">3816.45066666667</dst>
            <dst id="LOSAng">4301.872</dst>
            <dst id="NYCMng">1549.59733333333</dst>
            <dst id="SNVAng">2178.768</dst>
            <dst id="STTLng">2284.25066666667</dst>
            <dst id="WASHng">20133.832</dst>
        </src>
        <src id="LOSAng">
            <dst id="ATLA-M5">53.8666666666667</dst>
            <dst id="ATLAng">12387.496</dst>
            <dst id="CHINng">148120.672</dst>
            <dst id="DNVRng">18499.36</dst>
            <dst id="HSTNng">8239.02933333333</dst>
            <dst id="IPLSng">16049.784</dst>
            <dst id="KSCYng">4355.68533333333</dst>
            <dst id="LOSAng">16861.832</dst>
            <dst id="NYCMng">39196.4266666667</dst>
            <dst id="SNVAng">25329.3706666667</dst>
            <dst id="STTLng">24902.168</dst>
            <dst id="WASHng">26437.216</dst>
        </src>
        <src id="NYCMng">
            <dst id="ATLA-M5">147.082666666667</dst>
            <dst id="ATLAng">17618.3013333333</dst>
            <dst id="CHINng">13464.96</dst>
            <dst id="DNVRng">22032.384</dst>
            <dst id="HSTNng">4278.968</dst>
            <dst id="IPLSng">17461.84</dst>
            <dst id="KSCYng">4154.432</dst>
            <dst id="LOSAng">75604.2586666667</dst>
            <dst id="NYCMng">111700.922666667</dst>
            <dst id="SNVAng">963.624</dst>
            <dst id="STTLng">10745.0693333333</dst>
            <dst id="WASHng">33129.968</dst>
        </src>
        <src id="SNVAng">
            <dst id="ATLA-M5">0</dst>
            <dst id="ATLAng">171.064</dst>
            <dst id="CHINng">0</dst>
            <dst id="DNVRng">3746.29066666667</dst>
            <dst id="HSTNng">26.6666666666667</dst>
            <dst id="IPLSng">279.858666666667</dst>
            <dst id="KSCYng">26.6666666666667</dst>
            <dst id="LOSAng">30112.032</dst>
            <dst id="NYCMng">348.6</dst>
            <dst id="SNVAng">3480.87466666667</dst>
            <dst id="STTLng">23943.6986666667</dst>
            <dst id="WASHng">581.936</dst>
        </src>
        <src id="STTLng">
            <dst id="ATLA-M5">828.296</dst>
            <dst id="ATLAng">7334.81866666667</dst>
            <dst id="CHINng">24155.3653333333</dst>
            <dst id="DNVRng">2370.41066666667</dst>
            <dst id="HSTNng">577.306666666667</dst>
            <dst id="IPLSng">3561.08266666667</dst>
            <dst id="KSCYng">2979.87466666667</dst>
            <dst id="LOSAng">13697.184</dst>
            <dst id="NYCMng">13370.1866666667</dst>
            <dst id="SNVAng">2620.128</dst>
            <dst id="STTLng">1568.92</dst>
            <dst id="WASHng">8467.55733333333</dst>
        </src>
        <src id="WASHng">
            <dst id="ATLA-M5">1176.672</dst>
            <dst id="ATLAng">84537.816</dst>
            <dst id="CHINng">58303.9093333333</dst>
            <dst id="DNVRng">46299.7546666667</dst>
            <dst id="HSTNng">19463.064</dst>
            <dst id="IPLSng">38709.2053333333</dst>
            <dst id="KSCYng">14603.8346666667</dst>
            <dst id="LOSAng">57411.744</dst>
            <dst id="NYCMng">162707.930666667</dst>
            <dst id="SNVAng">5005.064</dst>
            <dst id="STTLng">32945.0186666667</dst>
            <dst id="WASHng">256204.133333333</dst>
        </src>
    </IntraTM>
</TrafficMatrixFile>
