<?xml version="1.0" encoding="ISO-8859-1" standalone="yes"?>
<TrafficMatrixFile xsi:noNamespaceSchemaLocation="http://totem.run.montefiore.ulg.ac.be/Schema/TrafficMatrix-v1_2.xsd" xmlns:xsi="http://www.w3.org/2001/XMLSchema-instance">
    <IntraTM ASID="11537">
        <src id="ATLA-M5">
            <dst id="ATLA-M5">125.696</dst>
            <dst id="ATLAng">107.634666666667</dst>
            <dst id="CHINng">3433.304</dst>
            <dst id="DNVRng">0</dst>
            <dst id="HSTNng">98.16</dst>
            <dst id="IPLSng">26.6666666666667</dst>
            <dst id="KSCYng">227.973333333333</dst>
            <dst id="LOSAng">75.92</dst>
            <dst id="NYCMng">26.6666666666667</dst>
            <dst id="SNVAng">0</dst>
            <dst id="STTLng">53.3333333333333</dst>
            <dst id="WASHng">992.064</dst>
        </src>
        <src id="ATLAng">
            <dst id="ATLA-M5">290.362666666667</dst>
            <dst id="ATLAng">16428.3413333333</dst>
            <dst id="CHINng">6117.03733333333</dst>
            <dst id="DNVRng">2607.36533333333</dst>
            <dst id="HSTNng">1372.74133333333</dst>
            <dst id="IPLSng">30305.448</dst>
            <dst id="KSCYng">1917.65066666667</dst>
            <dst id="LOSAng">6380.632</dst>
            <dst id="NYCMng">9680.99733333333</dst>
            <dst id="SNVAng">882.976</dst>
            <dst id="STTLng">10188.7013333333</dst>
            <dst id="WASHng">50601.824</dst>
        </src>
        <src id="CHINng">
            <dst id="ATLA-M5">828.208</dst>
            <dst id="ATLAng">19902.8026666667</dst>
            <dst id="CHINng">72047.3253333333</dst>
            <dst id="DNVRng">11400.0666666667</dst>
            <dst id="HSTNng">15239.9466666667</dst>
            <dst id="IPLSng">38351.7893333333</dst>
            <dst id="KSCYng">13175.5386666667</dst>
            <dst id="LOSAng">33227.7866666667</dst>
            <dst id="NYCMng">12792.4773333333</dst>
            <dst id="SNVAng">990.709333333334</dst>
            <dst id="STTLng">3382.99466666667</dst>
            <dst id="WASHng">31862.16</dst>
        </src>
        <src id="DNVRng">
            <dst id="ATLA-M5">234.322666666667</dst>
            <dst id="ATLAng">5553.48266666667</dst>
            <dst id="CHINng">49888.5546666667</dst>
            <dst id="DNVRng">10915.512</dst>
            <dst id="HSTNng">16749.3893333333</dst>
            <dst id="IPLSng">43729.592</dst>
            <dst id="KSCYng">21200.3493333333</dst>
            <dst id="LOSAng">8462.896</dst>
            <dst id="NYCMng">15339.7973333333</dst>
            <dst id="SNVAng">14437.3573333333</dst>
            <dst id="STTLng">7124.976</dst>
            <dst id="WASHng">37785.12</dst>
        </src>
        <src id="HSTNng">
            <dst id="ATLA-M5">2729.42666666667</dst>
            <dst id="ATLAng">7886.28266666667</dst>
            <dst id="CHINng">13706.0773333333</dst>
            <dst id="DNVRng">1169.392</dst>
            <dst id="HSTNng">17079.1306666667</dst>
            <dst id="IPLSng">5076.512</dst>
            <dst id="KSCYng">1510.47733333333</dst>
            <dst id="LOSAng">2490.81066666667</dst>
            <dst id="NYCMng">3120.37333333333</dst>
            <dst id="SNVAng">247.645333333333</dst>
            <dst id="STTLng">312.821333333333</dst>
            <dst id="WASHng">5754.152</dst>
        </src>
        <src id="IPLSng">
            <dst id="ATLA-M5">1390.08</dst>
            <dst id="ATLAng">96134.7893333333</dst>
            <dst id="CHINng">56074.512</dst>
            <dst id="DNVRng">7058.264</dst>
            <dst id="HSTNng">4372.86666666667</dst>
            <dst id="IPLSng">19030.92</dst>
            <dst id="KSCYng">9414.888</dst>
            <dst id="LOSAng">13438.3653333333</dst>
            <dst id="NYCMng">18663.8773333333</dst>
            <dst id="SNVAng">649.178666666667</dst>
            <dst id="STTLng">8009.64266666667</dst>
            <dst id="WASHng">20440.568</dst>
        </src>
        <src id="KSCYng">
            <dst id="ATLA-M5">62.7946666666667</dst>
            <dst id="ATLAng">5086.47733333333</dst>
            <dst id="CHINng">21272.3013333333</dst>
            <dst id="DNVRng">12191.8293333333</dst>
            <dst id="HSTNng">2421.43733333333</dst>
            <dst id="IPLSng">13658.2106666667</dst>
            <dst id="KSCYng">7187.52533333333</dst>
            <dst id="LOSAng">6812.55733333333</dst>
            <dst id="NYCMng">1882.81333333333</dst>
            <dst id="SNVAng">2087.13066666667</dst>
            <dst id="STTLng">2890.54933333333</dst>
            <dst id="WASHng">12967.248</dst>
        </src>
        <src id="LOSAng">
            <dst id="ATLA-M5">73.1493333333333</dst>
            <dst id="ATLAng">16364.592</dst>
            <dst id="CHINng">126769.384</dst>
            <dst id="DNVRng">21877.9173333333</dst>
            <dst id="HSTNng">4456.37066666666</dst>
            <dst id="IPLSng">52577.6053333333</dst>
            <dst id="KSCYng">6954.05066666667</dst>
            <dst id="LOSAng">11237.3333333333</dst>
            <dst id="NYCMng">32166.4133333333</dst>
            <dst id="SNVAng">12915.6906666667</dst>
            <dst id="STTLng">18939.1386666667</dst>
            <dst id="WASHng">87123.9546666667</dst>
        </src>
        <src id="NYCMng">
            <dst id="ATLA-M5">364.234666666667</dst>
            <dst id="ATLAng">40238.9626666667</dst>
            <dst id="CHINng">44431.4106666667</dst>
            <dst id="DNVRng">26223.8266666667</dst>
            <dst id="HSTNng">5225.632</dst>
            <dst id="IPLSng">28305.0026666667</dst>
            <dst id="KSCYng">16421.8746666667</dst>
            <dst id="LOSAng">79667.128</dst>
            <dst id="NYCMng">89017.312</dst>
            <dst id="SNVAng">1677.46666666667</dst>
            <dst id="STTLng">15393.7733333333</dst>
            <dst id="WASHng">78288.072</dst>
        </src>
        <src id="SNVAng">
            <dst id="ATLA-M5">0</dst>
            <dst id="ATLAng">53.3333333333333</dst>
            <dst id="CHINng">53.3333333333333</dst>
            <dst id="DNVRng">10268.3306666667</dst>
            <dst id="HSTNng">331.717333333333</dst>
            <dst id="IPLSng">257.762666666667</dst>
            <dst id="KSCYng">80</dst>
            <dst id="LOSAng">31037.296</dst>
            <dst id="NYCMng">8439.11466666667</dst>
            <dst id="SNVAng">7076.88533333333</dst>
            <dst id="STTLng">27686.4986666667</dst>
            <dst id="WASHng">189.538666666667</dst>
        </src>
        <src id="STTLng">
            <dst id="ATLA-M5">26.6666666666667</dst>
            <dst id="ATLAng">11140.096</dst>
            <dst id="CHINng">29459.2906666667</dst>
            <dst id="DNVRng">1877.27733333333</dst>
            <dst id="HSTNng">1558.77866666667</dst>
            <dst id="IPLSng">15148.6986666667</dst>
            <dst id="KSCYng">1555.93066666667</dst>
            <dst id="LOSAng">16700.7253333333</dst>
            <dst id="NYCMng">13517.6613333333</dst>
            <dst id="SNVAng">1961.296</dst>
            <dst id="STTLng">3855.69333333333</dst>
            <dst id="WASHng">17509.36</dst>
        </src>
        <src id="WASHng">
            <dst id="ATLA-M5">289.965333333333</dst>
            <dst id="ATLAng">116000.354666667</dst>
            <dst id="CHINng">62989.6506666667</dst>
            <dst id="DNVRng">29718.9306666667</dst>
            <dst id="HSTNng">15983.4053333333</dst>
            <dst id="IPLSng">67671.8186666667</dst>
            <dst id="KSCYng">13052.1893333333</dst>
            <dst id="LOSAng">62508.4293333333</dst>
            <dst id="NYCMng">129516.674666667</dst>
            <dst id="SNVAng">6297.52</dst>
            <dst id="STTLng">23750.0026666667</dst>
            <dst id="WASHng">262136.613333333</dst>
        </src>
    </IntraTM>
</TrafficMatrixFile>
