<?xml version="1.0" encoding="ISO-8859-1" standalone="yes"?>
<TrafficMatrixFile xsi:noNamespaceSchemaLocation="http://totem.run.montefiore.ulg.ac.be/Schema/TrafficMatrix-v1_2.xsd" xmlns:xsi="http://www.w3.org/2001/XMLSchema-instance">
    <IntraTM ASID="11537">
        <src id="ATLA-M5">
            <dst id="ATLA-M5">1566.12266666667</dst>
            <dst id="ATLAng">1118.992</dst>
            <dst id="CHINng">232.674666666667</dst>
            <dst id="DNVRng">26.6666666666667</dst>
            <dst id="HSTNng">95.8</dst>
            <dst id="IPLSng">56.512</dst>
            <dst id="KSCYng">206.738666666667</dst>
            <dst id="LOSAng">131.418666666667</dst>
            <dst id="NYCMng">139.866666666667</dst>
            <dst id="SNVAng">0</dst>
            <dst id="STTLng">0</dst>
            <dst id="WASHng">1726.112</dst>
        </src>
        <src id="ATLAng">
            <dst id="ATLA-M5">583.144</dst>
            <dst id="ATLAng">19907.5013333333</dst>
            <dst id="CHINng">7254.22133333333</dst>
            <dst id="DNVRng">2137.01333333333</dst>
            <dst id="HSTNng">3929.336</dst>
            <dst id="IPLSng">30826.4053333333</dst>
            <dst id="KSCYng">1385.76533333333</dst>
            <dst id="LOSAng">5625.936</dst>
            <dst id="NYCMng">9180.02133333333</dst>
            <dst id="SNVAng">880.034666666667</dst>
            <dst id="STTLng">11104.8186666667</dst>
            <dst id="WASHng">51184.8186666667</dst>
        </src>
        <src id="CHINng">
            <dst id="ATLA-M5">167.770666666667</dst>
            <dst id="ATLAng">28399.0933333333</dst>
            <dst id="CHINng">71850.4693333333</dst>
            <dst id="DNVRng">8656.21866666667</dst>
            <dst id="HSTNng">40872.736</dst>
            <dst id="IPLSng">27182.432</dst>
            <dst id="KSCYng">8120.136</dst>
            <dst id="LOSAng">32628.7066666667</dst>
            <dst id="NYCMng">15205.9573333333</dst>
            <dst id="SNVAng">666.688</dst>
            <dst id="STTLng">4602.82933333333</dst>
            <dst id="WASHng">31202.1786666667</dst>
        </src>
        <src id="DNVRng">
            <dst id="ATLA-M5">254.208</dst>
            <dst id="ATLAng">9001.448</dst>
            <dst id="CHINng">75088.5546666667</dst>
            <dst id="DNVRng">12479.176</dst>
            <dst id="HSTNng">20790.7253333333</dst>
            <dst id="IPLSng">35999.104</dst>
            <dst id="KSCYng">27453.5413333333</dst>
            <dst id="LOSAng">11197.0426666667</dst>
            <dst id="NYCMng">20150.8693333333</dst>
            <dst id="SNVAng">16336.72</dst>
            <dst id="STTLng">11351.7253333333</dst>
            <dst id="WASHng">48947.1973333333</dst>
        </src>
        <src id="HSTNng">
            <dst id="ATLA-M5">368.109333333333</dst>
            <dst id="ATLAng">5859.152</dst>
            <dst id="CHINng">18168.6</dst>
            <dst id="DNVRng">1306.44266666667</dst>
            <dst id="HSTNng">19705.0986666667</dst>
            <dst id="IPLSng">4318.936</dst>
            <dst id="KSCYng">7242.368</dst>
            <dst id="LOSAng">15506.6213333333</dst>
            <dst id="NYCMng">2873.04266666667</dst>
            <dst id="SNVAng">122.034666666667</dst>
            <dst id="STTLng">803.818666666667</dst>
            <dst id="WASHng">2904.21066666667</dst>
        </src>
        <src id="IPLSng">
            <dst id="ATLA-M5">133.12</dst>
            <dst id="ATLAng">20799.7706666667</dst>
            <dst id="CHINng">47274.2426666667</dst>
            <dst id="DNVRng">7276.27466666667</dst>
            <dst id="HSTNng">4337.27466666667</dst>
            <dst id="IPLSng">9017.59466666667</dst>
            <dst id="KSCYng">6412.21333333333</dst>
            <dst id="LOSAng">11856.3653333333</dst>
            <dst id="NYCMng">17982.5893333333</dst>
            <dst id="SNVAng">1692.64</dst>
            <dst id="STTLng">8680.44</dst>
            <dst id="WASHng">28940.5626666667</dst>
        </src>
        <src id="KSCYng">
            <dst id="ATLA-M5">53.3333333333333</dst>
            <dst id="ATLAng">4532.36</dst>
            <dst id="CHINng">25139.9066666667</dst>
            <dst id="DNVRng">12963.9013333333</dst>
            <dst id="HSTNng">4133.41333333333</dst>
            <dst id="IPLSng">15900.0373333333</dst>
            <dst id="KSCYng">14754.2133333333</dst>
            <dst id="LOSAng">5617.77333333333</dst>
            <dst id="NYCMng">2147.6</dst>
            <dst id="SNVAng">1792.18133333333</dst>
            <dst id="STTLng">3048.41866666667</dst>
            <dst id="WASHng">12826.4346666667</dst>
        </src>
        <src id="LOSAng">
            <dst id="ATLA-M5">122.826666666667</dst>
            <dst id="ATLAng">15872.6613333333</dst>
            <dst id="CHINng">141013.261333333</dst>
            <dst id="DNVRng">29950.8213333333</dst>
            <dst id="HSTNng">14897.672</dst>
            <dst id="IPLSng">27957.9493333333</dst>
            <dst id="KSCYng">6192.10133333333</dst>
            <dst id="LOSAng">13097.1706666667</dst>
            <dst id="NYCMng">44825.2933333333</dst>
            <dst id="SNVAng">22061.6026666667</dst>
            <dst id="STTLng">30162.416</dst>
            <dst id="WASHng">69681.1466666667</dst>
        </src>
        <src id="NYCMng">
            <dst id="ATLA-M5">612.72</dst>
            <dst id="ATLAng">43044.2266666667</dst>
            <dst id="CHINng">33300.7813333333</dst>
            <dst id="DNVRng">31450.7306666667</dst>
            <dst id="HSTNng">5752.152</dst>
            <dst id="IPLSng">25770.5733333333</dst>
            <dst id="KSCYng">17779.6773333333</dst>
            <dst id="LOSAng">82991.2213333333</dst>
            <dst id="NYCMng">101111.664</dst>
            <dst id="SNVAng">1026.10133333333</dst>
            <dst id="STTLng">15709.8266666667</dst>
            <dst id="WASHng">83809.224</dst>
        </src>
        <src id="SNVAng">
            <dst id="ATLA-M5">0</dst>
            <dst id="ATLAng">53.3333333333333</dst>
            <dst id="CHINng">53.3333333333333</dst>
            <dst id="DNVRng">1494.21866666667</dst>
            <dst id="HSTNng">160.381333333333</dst>
            <dst id="IPLSng">357.176</dst>
            <dst id="KSCYng">64.0853333333333</dst>
            <dst id="LOSAng">30089.1573333333</dst>
            <dst id="NYCMng">308.864</dst>
            <dst id="SNVAng">6248.04</dst>
            <dst id="STTLng">27973.7733333333</dst>
            <dst id="WASHng">26.6666666666667</dst>
        </src>
        <src id="STTLng">
            <dst id="ATLA-M5">26.6666666666667</dst>
            <dst id="ATLAng">11832.3573333333</dst>
            <dst id="CHINng">30335.2906666667</dst>
            <dst id="DNVRng">4338.27466666667</dst>
            <dst id="HSTNng">1751.00266666667</dst>
            <dst id="IPLSng">10083.4266666667</dst>
            <dst id="KSCYng">1948.44533333333</dst>
            <dst id="LOSAng">17388.7946666667</dst>
            <dst id="NYCMng">13627.904</dst>
            <dst id="SNVAng">8100.504</dst>
            <dst id="STTLng">5862.04533333333</dst>
            <dst id="WASHng">19352.08</dst>
        </src>
        <src id="WASHng">
            <dst id="ATLA-M5">298.813333333333</dst>
            <dst id="ATLAng">118218.936</dst>
            <dst id="CHINng">52404.2133333333</dst>
            <dst id="DNVRng">38543.352</dst>
            <dst id="HSTNng">24136.9706666667</dst>
            <dst id="IPLSng">90291.856</dst>
            <dst id="KSCYng">11829.4266666667</dst>
            <dst id="LOSAng">68269.384</dst>
            <dst id="NYCMng">153051.232</dst>
            <dst id="SNVAng">7664.05066666667</dst>
            <dst id="STTLng">35771.296</dst>
            <dst id="WASHng">269888.56</dst>
        </src>
    </IntraTM>
</TrafficMatrixFile>
