<?xml version="1.0" encoding="ISO-8859-1" standalone="yes"?>
<TrafficMatrixFile xsi:noNamespaceSchemaLocation="http://totem.run.montefiore.ulg.ac.be/Schema/TrafficMatrix-v1_2.xsd" xmlns:xsi="http://www.w3.org/2001/XMLSchema-instance">
    <IntraTM ASID="11537">
        <src id="ATLA-M5">
            <dst id="ATLA-M5">53.3333333333333</dst>
            <dst id="ATLAng">187.594666666667</dst>
            <dst id="CHINng">130</dst>
            <dst id="DNVRng">0</dst>
            <dst id="HSTNng">44.1066666666667</dst>
            <dst id="IPLSng">80.08</dst>
            <dst id="KSCYng">30.7893333333333</dst>
            <dst id="LOSAng">311.525333333333</dst>
            <dst id="NYCMng">338.394666666667</dst>
            <dst id="SNVAng">26.6666666666667</dst>
            <dst id="STTLng">0</dst>
            <dst id="WASHng">834.184</dst>
        </src>
        <src id="ATLAng">
            <dst id="ATLA-M5">239.018666666667</dst>
            <dst id="ATLAng">23330.984</dst>
            <dst id="CHINng">38100.0293333333</dst>
            <dst id="DNVRng">3375.74133333333</dst>
            <dst id="HSTNng">2914.58933333333</dst>
            <dst id="IPLSng">12371.744</dst>
            <dst id="KSCYng">9472.88</dst>
            <dst id="LOSAng">10416.5026666667</dst>
            <dst id="NYCMng">12736.1946666667</dst>
            <dst id="SNVAng">505.433333333333</dst>
            <dst id="STTLng">5966.98133333333</dst>
            <dst id="WASHng">67391.968</dst>
        </src>
        <src id="CHINng">
            <dst id="ATLA-M5">178.752</dst>
            <dst id="ATLAng">15026.4346666667</dst>
            <dst id="CHINng">90452.3306666667</dst>
            <dst id="DNVRng">6676.49333333333</dst>
            <dst id="HSTNng">5975.72533333333</dst>
            <dst id="IPLSng">38384.5546666667</dst>
            <dst id="KSCYng">18805.9173333333</dst>
            <dst id="LOSAng">37451.112</dst>
            <dst id="NYCMng">10475.9013333333</dst>
            <dst id="SNVAng">2834.80533333333</dst>
            <dst id="STTLng">6204.336</dst>
            <dst id="WASHng">27425.2373333333</dst>
        </src>
        <src id="DNVRng">
            <dst id="ATLA-M5">105.248</dst>
            <dst id="ATLAng">9053.008</dst>
            <dst id="CHINng">72034.4533333334</dst>
            <dst id="DNVRng">8258.21066666667</dst>
            <dst id="HSTNng">17219.9173333333</dst>
            <dst id="IPLSng">24451.2</dst>
            <dst id="KSCYng">20266.512</dst>
            <dst id="LOSAng">8500.328</dst>
            <dst id="NYCMng">20763.784</dst>
            <dst id="SNVAng">6345.78933333333</dst>
            <dst id="STTLng">7638.51466666667</dst>
            <dst id="WASHng">36946.2986666667</dst>
        </src>
        <src id="HSTNng">
            <dst id="ATLA-M5">146.528</dst>
            <dst id="ATLAng">3236.33066666667</dst>
            <dst id="CHINng">13968.096</dst>
            <dst id="DNVRng">1208.65333333333</dst>
            <dst id="HSTNng">11185.808</dst>
            <dst id="IPLSng">3975.45866666667</dst>
            <dst id="KSCYng">1184.2</dst>
            <dst id="LOSAng">8160.184</dst>
            <dst id="NYCMng">4017.58666666667</dst>
            <dst id="SNVAng">120.904</dst>
            <dst id="STTLng">481.146666666667</dst>
            <dst id="WASHng">12173.944</dst>
        </src>
        <src id="IPLSng">
            <dst id="ATLA-M5">0</dst>
            <dst id="ATLAng">31474.4666666667</dst>
            <dst id="CHINng">108538.808</dst>
            <dst id="DNVRng">11121.112</dst>
            <dst id="HSTNng">2195.616</dst>
            <dst id="IPLSng">22995.6933333333</dst>
            <dst id="KSCYng">6087.136</dst>
            <dst id="LOSAng">13264.4213333333</dst>
            <dst id="NYCMng">30494.4746666667</dst>
            <dst id="SNVAng">946.712</dst>
            <dst id="STTLng">5753.15733333333</dst>
            <dst id="WASHng">25498.808</dst>
        </src>
        <src id="KSCYng">
            <dst id="ATLA-M5">37.016</dst>
            <dst id="ATLAng">3032.736</dst>
            <dst id="CHINng">22938.808</dst>
            <dst id="DNVRng">9525.648</dst>
            <dst id="HSTNng">4540.30133333333</dst>
            <dst id="IPLSng">10279.008</dst>
            <dst id="KSCYng">4484.17066666667</dst>
            <dst id="LOSAng">3733.14933333333</dst>
            <dst id="NYCMng">1881.06666666667</dst>
            <dst id="SNVAng">1788.34933333333</dst>
            <dst id="STTLng">2327.90933333333</dst>
            <dst id="WASHng">7187.55466666667</dst>
        </src>
        <src id="LOSAng">
            <dst id="ATLA-M5">164.552</dst>
            <dst id="ATLAng">17668.16</dst>
            <dst id="CHINng">167701.672</dst>
            <dst id="DNVRng">21939.4266666667</dst>
            <dst id="HSTNng">3316.424</dst>
            <dst id="IPLSng">27903.488</dst>
            <dst id="KSCYng">7281.336</dst>
            <dst id="LOSAng">13753.2666666667</dst>
            <dst id="NYCMng">42622.5493333333</dst>
            <dst id="SNVAng">11392.472</dst>
            <dst id="STTLng">17811.5573333333</dst>
            <dst id="WASHng">27413.0506666667</dst>
        </src>
        <src id="NYCMng">
            <dst id="ATLA-M5">117.842666666667</dst>
            <dst id="ATLAng">31772.672</dst>
            <dst id="CHINng">17584.16</dst>
            <dst id="DNVRng">28050.1013333333</dst>
            <dst id="HSTNng">8768.272</dst>
            <dst id="IPLSng">17712.512</dst>
            <dst id="KSCYng">12608.3653333333</dst>
            <dst id="LOSAng">81777.6453333333</dst>
            <dst id="NYCMng">132150.536</dst>
            <dst id="SNVAng">910.16</dst>
            <dst id="STTLng">17047.0586666667</dst>
            <dst id="WASHng">74726.2586666667</dst>
        </src>
        <src id="SNVAng">
            <dst id="ATLA-M5">0</dst>
            <dst id="ATLAng">26.6666666666667</dst>
            <dst id="CHINng">105.192</dst>
            <dst id="DNVRng">3313.60533333333</dst>
            <dst id="HSTNng">80</dst>
            <dst id="IPLSng">1243.41333333333</dst>
            <dst id="KSCYng">53.3333333333333</dst>
            <dst id="LOSAng">31578.672</dst>
            <dst id="NYCMng">339.146666666667</dst>
            <dst id="SNVAng">4583.10666666667</dst>
            <dst id="STTLng">29712.936</dst>
            <dst id="WASHng">26.6666666666667</dst>
        </src>
        <src id="STTLng">
            <dst id="ATLA-M5">0</dst>
            <dst id="ATLAng">10655.072</dst>
            <dst id="CHINng">38998.3653333333</dst>
            <dst id="DNVRng">1638.43733333333</dst>
            <dst id="HSTNng">1371.95733333333</dst>
            <dst id="IPLSng">6833.53333333333</dst>
            <dst id="KSCYng">2049.78133333333</dst>
            <dst id="LOSAng">12043.7786666667</dst>
            <dst id="NYCMng">13276.0186666667</dst>
            <dst id="SNVAng">2255.37333333333</dst>
            <dst id="STTLng">4675.384</dst>
            <dst id="WASHng">14580.312</dst>
        </src>
        <src id="WASHng">
            <dst id="ATLA-M5">1274.98666666667</dst>
            <dst id="ATLAng">134170.272</dst>
            <dst id="CHINng">76765.7626666667</dst>
            <dst id="DNVRng">62222.6746666667</dst>
            <dst id="HSTNng">21605.4426666667</dst>
            <dst id="IPLSng">56893.5573333333</dst>
            <dst id="KSCYng">8913.72266666667</dst>
            <dst id="LOSAng">55361.9146666667</dst>
            <dst id="NYCMng">168027.328</dst>
            <dst id="SNVAng">5515.73066666667</dst>
            <dst id="STTLng">30143.9626666667</dst>
            <dst id="WASHng">328312.88</dst>
        </src>
    </IntraTM>
</TrafficMatrixFile>
