<?xml version="1.0" encoding="ISO-8859-1" standalone="yes"?>
<TrafficMatrixFile xsi:noNamespaceSchemaLocation="http://totem.run.montefiore.ulg.ac.be/Schema/TrafficMatrix-v1_2.xsd" xmlns:xsi="http://www.w3.org/2001/XMLSchema-instance">
    <IntraTM ASID="11537">
        <src id="ATLA-M5">
            <dst id="ATLA-M5">26.6666666666667</dst>
            <dst id="ATLAng">83.3386666666667</dst>
            <dst id="CHINng">329.928</dst>
            <dst id="DNVRng">26.6666666666667</dst>
            <dst id="HSTNng">26.752</dst>
            <dst id="IPLSng">0</dst>
            <dst id="KSCYng">26.6666666666667</dst>
            <dst id="LOSAng">969.949333333333</dst>
            <dst id="NYCMng">0</dst>
            <dst id="SNVAng">31.0613333333333</dst>
            <dst id="STTLng">133.536</dst>
            <dst id="WASHng">1046.504</dst>
        </src>
        <src id="ATLAng">
            <dst id="ATLA-M5">360.498666666667</dst>
            <dst id="ATLAng">10864.16</dst>
            <dst id="CHINng">3561.38133333333</dst>
            <dst id="DNVRng">3748.064</dst>
            <dst id="HSTNng">1491.12</dst>
            <dst id="IPLSng">26124.536</dst>
            <dst id="KSCYng">311.754666666667</dst>
            <dst id="LOSAng">14563.568</dst>
            <dst id="NYCMng">4923.96</dst>
            <dst id="SNVAng">98.6933333333333</dst>
            <dst id="STTLng">8899.952</dst>
            <dst id="WASHng">31368.9653333333</dst>
        </src>
        <src id="CHINng">
            <dst id="ATLA-M5">120.794666666667</dst>
            <dst id="ATLAng">7555.26666666667</dst>
            <dst id="CHINng">46686.4133333333</dst>
            <dst id="DNVRng">9662.48</dst>
            <dst id="HSTNng">5043.952</dst>
            <dst id="IPLSng">26304.656</dst>
            <dst id="KSCYng">3558.16</dst>
            <dst id="LOSAng">35225.328</dst>
            <dst id="NYCMng">5075.47733333333</dst>
            <dst id="SNVAng">681.237333333333</dst>
            <dst id="STTLng">3378.00266666667</dst>
            <dst id="WASHng">36592.1493333333</dst>
        </src>
        <src id="DNVRng">
            <dst id="ATLA-M5">267.317333333333</dst>
            <dst id="ATLAng">1718.48266666667</dst>
            <dst id="CHINng">68367.2133333333</dst>
            <dst id="DNVRng">9330.90133333334</dst>
            <dst id="HSTNng">22319.3013333333</dst>
            <dst id="IPLSng">34373.0186666667</dst>
            <dst id="KSCYng">30069.296</dst>
            <dst id="LOSAng">18038.0986666667</dst>
            <dst id="NYCMng">6713.392</dst>
            <dst id="SNVAng">14117.4453333333</dst>
            <dst id="STTLng">20248.9466666667</dst>
            <dst id="WASHng">33725.6133333333</dst>
        </src>
        <src id="HSTNng">
            <dst id="ATLA-M5">1717.63466666667</dst>
            <dst id="ATLAng">2279.61066666667</dst>
            <dst id="CHINng">6932.04266666667</dst>
            <dst id="DNVRng">618.090666666667</dst>
            <dst id="HSTNng">13321.9413333333</dst>
            <dst id="IPLSng">1165.49066666667</dst>
            <dst id="KSCYng">681.509333333333</dst>
            <dst id="LOSAng">8140.8</dst>
            <dst id="NYCMng">3892.78933333333</dst>
            <dst id="SNVAng">74.624</dst>
            <dst id="STTLng">1045.41866666667</dst>
            <dst id="WASHng">956.373333333333</dst>
        </src>
        <src id="IPLSng">
            <dst id="ATLA-M5">26.6666666666667</dst>
            <dst id="ATLAng">12615.6853333333</dst>
            <dst id="CHINng">78682.8666666667</dst>
            <dst id="DNVRng">17311.2746666667</dst>
            <dst id="HSTNng">4129.73866666667</dst>
            <dst id="IPLSng">15481.928</dst>
            <dst id="KSCYng">1734.016</dst>
            <dst id="LOSAng">14394.472</dst>
            <dst id="NYCMng">17135.2933333333</dst>
            <dst id="SNVAng">412.757333333333</dst>
            <dst id="STTLng">8237.88533333333</dst>
            <dst id="WASHng">11586.56</dst>
        </src>
        <src id="KSCYng">
            <dst id="ATLA-M5">671.882666666667</dst>
            <dst id="ATLAng">1045.984</dst>
            <dst id="CHINng">6959.368</dst>
            <dst id="DNVRng">10075.5226666667</dst>
            <dst id="HSTNng">8330.472</dst>
            <dst id="IPLSng">10748.4773333333</dst>
            <dst id="KSCYng">6773.49333333333</dst>
            <dst id="LOSAng">11790.744</dst>
            <dst id="NYCMng">3520.64533333333</dst>
            <dst id="SNVAng">3194.97066666667</dst>
            <dst id="STTLng">9537.76266666667</dst>
            <dst id="WASHng">7180.78933333333</dst>
        </src>
        <src id="LOSAng">
            <dst id="ATLA-M5">962.808</dst>
            <dst id="ATLAng">11141.6613333333</dst>
            <dst id="CHINng">75407.9173333333</dst>
            <dst id="DNVRng">22679.424</dst>
            <dst id="HSTNng">2223.35466666667</dst>
            <dst id="IPLSng">21182.2373333333</dst>
            <dst id="KSCYng">2559.53333333333</dst>
            <dst id="LOSAng">17322.888</dst>
            <dst id="NYCMng">48674.016</dst>
            <dst id="SNVAng">10164.8106666667</dst>
            <dst id="STTLng">20173.2026666667</dst>
            <dst id="WASHng">21118.6373333333</dst>
        </src>
        <src id="NYCMng">
            <dst id="ATLA-M5">26.6666666666667</dst>
            <dst id="ATLAng">18497.0853333333</dst>
            <dst id="CHINng">15030.4693333333</dst>
            <dst id="DNVRng">24629.2373333333</dst>
            <dst id="HSTNng">10913.104</dst>
            <dst id="IPLSng">15599.096</dst>
            <dst id="KSCYng">9837.21066666666</dst>
            <dst id="LOSAng">78217.424</dst>
            <dst id="NYCMng">69117.9866666667</dst>
            <dst id="SNVAng">2566.344</dst>
            <dst id="STTLng">21478.8186666667</dst>
            <dst id="WASHng">49378.9626666667</dst>
        </src>
        <src id="SNVAng">
            <dst id="ATLA-M5">0</dst>
            <dst id="ATLAng">561.282666666667</dst>
            <dst id="CHINng">26.6666666666667</dst>
            <dst id="DNVRng">990.530666666667</dst>
            <dst id="HSTNng">42.048</dst>
            <dst id="IPLSng">252.010666666667</dst>
            <dst id="KSCYng">0</dst>
            <dst id="LOSAng">31018.6586666667</dst>
            <dst id="NYCMng">371.989333333333</dst>
            <dst id="SNVAng">4575.888</dst>
            <dst id="STTLng">25363.904</dst>
            <dst id="WASHng">26.6666666666667</dst>
        </src>
        <src id="STTLng">
            <dst id="ATLA-M5">289.829333333333</dst>
            <dst id="ATLAng">6753.032</dst>
            <dst id="CHINng">19038.488</dst>
            <dst id="DNVRng">3262.83733333333</dst>
            <dst id="HSTNng">1238.664</dst>
            <dst id="IPLSng">5135.51733333333</dst>
            <dst id="KSCYng">1961.25333333333</dst>
            <dst id="LOSAng">16508.4746666667</dst>
            <dst id="NYCMng">11373.472</dst>
            <dst id="SNVAng">2080.392</dst>
            <dst id="STTLng">5007.25333333333</dst>
            <dst id="WASHng">5307.424</dst>
        </src>
        <src id="WASHng">
            <dst id="ATLA-M5">1264.86933333333</dst>
            <dst id="ATLAng">73366.192</dst>
            <dst id="CHINng">39644.5253333333</dst>
            <dst id="DNVRng">51276.4933333333</dst>
            <dst id="HSTNng">9032.112</dst>
            <dst id="IPLSng">44621.1893333333</dst>
            <dst id="KSCYng">21721.1173333333</dst>
            <dst id="LOSAng">71607.0266666667</dst>
            <dst id="NYCMng">131862.536</dst>
            <dst id="SNVAng">4842.24266666667</dst>
            <dst id="STTLng">62309.8533333333</dst>
            <dst id="WASHng">214950.922666667</dst>
        </src>
    </IntraTM>
</TrafficMatrixFile>
