<?xml version="1.0" encoding="ISO-8859-1" standalone="yes"?>
<TrafficMatrixFile xsi:noNamespaceSchemaLocation="http://totem.run.montefiore.ulg.ac.be/Schema/TrafficMatrix-v1_2.xsd" xmlns:xsi="http://www.w3.org/2001/XMLSchema-instance">
    <IntraTM ASID="11537">
        <src id="ATLA-M5">
            <dst id="ATLA-M5">55.9946666666667</dst>
            <dst id="ATLAng">26.6666666666667</dst>
            <dst id="CHINng">1045.624</dst>
            <dst id="DNVRng">0</dst>
            <dst id="HSTNng">26.6666666666667</dst>
            <dst id="IPLSng">150.773333333333</dst>
            <dst id="KSCYng">883.570666666667</dst>
            <dst id="LOSAng">26.6666666666667</dst>
            <dst id="NYCMng">80</dst>
            <dst id="SNVAng">0</dst>
            <dst id="STTLng">0</dst>
            <dst id="WASHng">285.418666666667</dst>
        </src>
        <src id="ATLAng">
            <dst id="ATLA-M5">92.04</dst>
            <dst id="ATLAng">26501.84</dst>
            <dst id="CHINng">6662.672</dst>
            <dst id="DNVRng">2978.00533333333</dst>
            <dst id="HSTNng">2782.696</dst>
            <dst id="IPLSng">16741.8346666667</dst>
            <dst id="KSCYng">1033.48</dst>
            <dst id="LOSAng">13844.7706666667</dst>
            <dst id="NYCMng">6356.51466666667</dst>
            <dst id="SNVAng">317.96</dst>
            <dst id="STTLng">4614.98133333333</dst>
            <dst id="WASHng">24394.104</dst>
        </src>
        <src id="CHINng">
            <dst id="ATLA-M5">6878.95466666667</dst>
            <dst id="ATLAng">18804.12</dst>
            <dst id="CHINng">60480.0293333333</dst>
            <dst id="DNVRng">9360.408</dst>
            <dst id="HSTNng">9102.464</dst>
            <dst id="IPLSng">26866.4613333333</dst>
            <dst id="KSCYng">5667.39466666667</dst>
            <dst id="LOSAng">49352.8053333333</dst>
            <dst id="NYCMng">8896.68266666667</dst>
            <dst id="SNVAng">4116.89866666667</dst>
            <dst id="STTLng">9171.10666666667</dst>
            <dst id="WASHng">21426.392</dst>
        </src>
        <src id="DNVRng">
            <dst id="ATLA-M5">220.042666666667</dst>
            <dst id="ATLAng">7668.992</dst>
            <dst id="CHINng">51603.1813333333</dst>
            <dst id="DNVRng">16866.5306666667</dst>
            <dst id="HSTNng">20215.0266666667</dst>
            <dst id="IPLSng">29631.3066666667</dst>
            <dst id="KSCYng">23130.7786666667</dst>
            <dst id="LOSAng">19273.92</dst>
            <dst id="NYCMng">15050.04</dst>
            <dst id="SNVAng">10177.496</dst>
            <dst id="STTLng">21092.784</dst>
            <dst id="WASHng">40430.272</dst>
        </src>
        <src id="HSTNng">
            <dst id="ATLA-M5">152.256</dst>
            <dst id="ATLAng">7591.288</dst>
            <dst id="CHINng">15595.384</dst>
            <dst id="DNVRng">2328.52533333333</dst>
            <dst id="HSTNng">14081.832</dst>
            <dst id="IPLSng">5614.736</dst>
            <dst id="KSCYng">2738.77333333333</dst>
            <dst id="LOSAng">12640.528</dst>
            <dst id="NYCMng">3252.96</dst>
            <dst id="SNVAng">0</dst>
            <dst id="STTLng">1458.10933333333</dst>
            <dst id="WASHng">4721.52</dst>
        </src>
        <src id="IPLSng">
            <dst id="ATLA-M5">148.053333333333</dst>
            <dst id="ATLAng">14297.2506666667</dst>
            <dst id="CHINng">70000.6533333333</dst>
            <dst id="DNVRng">9100.99466666667</dst>
            <dst id="HSTNng">4017.2</dst>
            <dst id="IPLSng">19462.848</dst>
            <dst id="KSCYng">3550.01066666667</dst>
            <dst id="LOSAng">22658.8133333333</dst>
            <dst id="NYCMng">35766.8826666667</dst>
            <dst id="SNVAng">870.442666666666</dst>
            <dst id="STTLng">15952.08</dst>
            <dst id="WASHng">10365.2053333333</dst>
        </src>
        <src id="KSCYng">
            <dst id="ATLA-M5">986.962666666667</dst>
            <dst id="ATLAng">2399.168</dst>
            <dst id="CHINng">11060.4853333333</dst>
            <dst id="DNVRng">9836.48533333333</dst>
            <dst id="HSTNng">4764.464</dst>
            <dst id="IPLSng">13026.592</dst>
            <dst id="KSCYng">5702.576</dst>
            <dst id="LOSAng">7489.664</dst>
            <dst id="NYCMng">1781.32266666667</dst>
            <dst id="SNVAng">2754.11466666667</dst>
            <dst id="STTLng">4343.39733333333</dst>
            <dst id="WASHng">14334.3253333333</dst>
        </src>
        <src id="LOSAng">
            <dst id="ATLA-M5">82.5173333333333</dst>
            <dst id="ATLAng">28113.6186666667</dst>
            <dst id="CHINng">76675.248</dst>
            <dst id="DNVRng">38356.4613333333</dst>
            <dst id="HSTNng">8872.28</dst>
            <dst id="IPLSng">29745.9813333333</dst>
            <dst id="KSCYng">3712.61333333333</dst>
            <dst id="LOSAng">22708.4133333333</dst>
            <dst id="NYCMng">35702.5626666667</dst>
            <dst id="SNVAng">34478.2453333333</dst>
            <dst id="STTLng">28303.12</dst>
            <dst id="WASHng">32766.1013333333</dst>
        </src>
        <src id="NYCMng">
            <dst id="ATLA-M5">423.978666666667</dst>
            <dst id="ATLAng">19956.1893333333</dst>
            <dst id="CHINng">11375.9573333333</dst>
            <dst id="DNVRng">33873.3653333333</dst>
            <dst id="HSTNng">23263.3893333333</dst>
            <dst id="IPLSng">27331.256</dst>
            <dst id="KSCYng">16666.6186666667</dst>
            <dst id="LOSAng">77070.1973333333</dst>
            <dst id="NYCMng">69363.616</dst>
            <dst id="SNVAng">3038.592</dst>
            <dst id="STTLng">36766.3573333333</dst>
            <dst id="WASHng">61375.776</dst>
        </src>
        <src id="SNVAng">
            <dst id="ATLA-M5">0</dst>
            <dst id="ATLAng">57.912</dst>
            <dst id="CHINng">91.2</dst>
            <dst id="DNVRng">11938.504</dst>
            <dst id="HSTNng">1855.936</dst>
            <dst id="IPLSng">277.832</dst>
            <dst id="KSCYng">53.3333333333333</dst>
            <dst id="LOSAng">37140.5066666667</dst>
            <dst id="NYCMng">282.634666666667</dst>
            <dst id="SNVAng">13195.3946666667</dst>
            <dst id="STTLng">34741.624</dst>
            <dst id="WASHng">622.016</dst>
        </src>
        <src id="STTLng">
            <dst id="ATLA-M5">235.192</dst>
            <dst id="ATLAng">8985.78666666667</dst>
            <dst id="CHINng">18109.5226666667</dst>
            <dst id="DNVRng">5532.78133333333</dst>
            <dst id="HSTNng">4724.816</dst>
            <dst id="IPLSng">7671.31466666666</dst>
            <dst id="KSCYng">4177.82666666667</dst>
            <dst id="LOSAng">23063.752</dst>
            <dst id="NYCMng">9201.64533333333</dst>
            <dst id="SNVAng">2979.2</dst>
            <dst id="STTLng">23960.264</dst>
            <dst id="WASHng">15610.3146666667</dst>
        </src>
        <src id="WASHng">
            <dst id="ATLA-M5">206.666666666667</dst>
            <dst id="ATLAng">91427.56</dst>
            <dst id="CHINng">78368.3093333334</dst>
            <dst id="DNVRng">96948.936</dst>
            <dst id="HSTNng">44819.376</dst>
            <dst id="IPLSng">60679.4213333333</dst>
            <dst id="KSCYng">14685.9706666667</dst>
            <dst id="LOSAng">92719.56</dst>
            <dst id="NYCMng">160023.989333333</dst>
            <dst id="SNVAng">5853.712</dst>
            <dst id="STTLng">57706.8826666667</dst>
            <dst id="WASHng">213537.002666667</dst>
        </src>
    </IntraTM>
</TrafficMatrixFile>
