<?xml version="1.0" encoding="ISO-8859-1" standalone="yes"?>
<TrafficMatrixFile xsi:noNamespaceSchemaLocation="http://totem.run.montefiore.ulg.ac.be/Schema/TrafficMatrix-v1_2.xsd" xmlns:xsi="http://www.w3.org/2001/XMLSchema-instance">
    <IntraTM ASID="11537">
        <src id="ATLA-M5">
            <dst id="ATLA-M5">0</dst>
            <dst id="ATLAng">26.6666666666667</dst>
            <dst id="CHINng">111.466666666667</dst>
            <dst id="DNVRng">0</dst>
            <dst id="HSTNng">38.24</dst>
            <dst id="IPLSng">0</dst>
            <dst id="KSCYng">1057.56266666667</dst>
            <dst id="LOSAng">106.666666666667</dst>
            <dst id="NYCMng">201.170666666667</dst>
            <dst id="SNVAng">0</dst>
            <dst id="STTLng">264.912</dst>
            <dst id="WASHng">3227.06666666667</dst>
        </src>
        <src id="ATLAng">
            <dst id="ATLA-M5">231.837333333333</dst>
            <dst id="ATLAng">25727.288</dst>
            <dst id="CHINng">1519.92</dst>
            <dst id="DNVRng">2943.57333333333</dst>
            <dst id="HSTNng">9885.39466666667</dst>
            <dst id="IPLSng">17223.96</dst>
            <dst id="KSCYng">369.032</dst>
            <dst id="LOSAng">10800.552</dst>
            <dst id="NYCMng">10618.0213333333</dst>
            <dst id="SNVAng">1697.49866666667</dst>
            <dst id="STTLng">7015.08533333333</dst>
            <dst id="WASHng">41720.8373333333</dst>
        </src>
        <src id="CHINng">
            <dst id="ATLA-M5">3829.81866666667</dst>
            <dst id="ATLAng">4321.128</dst>
            <dst id="CHINng">86758.232</dst>
            <dst id="DNVRng">16456.3173333333</dst>
            <dst id="HSTNng">5691.20266666667</dst>
            <dst id="IPLSng">18444.8586666667</dst>
            <dst id="KSCYng">3835.18666666667</dst>
            <dst id="LOSAng">39713.576</dst>
            <dst id="NYCMng">11286.9306666667</dst>
            <dst id="SNVAng">3139.31733333333</dst>
            <dst id="STTLng">8496.92533333333</dst>
            <dst id="WASHng">16698.672</dst>
        </src>
        <src id="DNVRng">
            <dst id="ATLA-M5">75.7866666666667</dst>
            <dst id="ATLAng">10993.1866666667</dst>
            <dst id="CHINng">65053.5413333333</dst>
            <dst id="DNVRng">12946.9093333333</dst>
            <dst id="HSTNng">17343.5413333333</dst>
            <dst id="IPLSng">30555.0933333333</dst>
            <dst id="KSCYng">19788.1253333333</dst>
            <dst id="LOSAng">10664.944</dst>
            <dst id="NYCMng">15831.664</dst>
            <dst id="SNVAng">8536.63733333334</dst>
            <dst id="STTLng">9661.88533333333</dst>
            <dst id="WASHng">31009.6506666667</dst>
        </src>
        <src id="HSTNng">
            <dst id="ATLA-M5">3659</dst>
            <dst id="ATLAng">393.802666666667</dst>
            <dst id="CHINng">11307.2186666667</dst>
            <dst id="DNVRng">819.970666666667</dst>
            <dst id="HSTNng">13599.4266666667</dst>
            <dst id="IPLSng">4491.848</dst>
            <dst id="KSCYng">2588.32266666667</dst>
            <dst id="LOSAng">10093.512</dst>
            <dst id="NYCMng">1963.368</dst>
            <dst id="SNVAng">0</dst>
            <dst id="STTLng">331.352</dst>
            <dst id="WASHng">1151.896</dst>
        </src>
        <src id="IPLSng">
            <dst id="ATLA-M5">0</dst>
            <dst id="ATLAng">13304.424</dst>
            <dst id="CHINng">78578.4666666667</dst>
            <dst id="DNVRng">24263.272</dst>
            <dst id="HSTNng">10512.1333333333</dst>
            <dst id="IPLSng">17321.68</dst>
            <dst id="KSCYng">5845.28266666667</dst>
            <dst id="LOSAng">14855.4533333333</dst>
            <dst id="NYCMng">25687.9493333333</dst>
            <dst id="SNVAng">222.864</dst>
            <dst id="STTLng">29757.0133333333</dst>
            <dst id="WASHng">7676.88</dst>
        </src>
        <src id="KSCYng">
            <dst id="ATLA-M5">30.04</dst>
            <dst id="ATLAng">920.397333333334</dst>
            <dst id="CHINng">16974.344</dst>
            <dst id="DNVRng">8505.14933333333</dst>
            <dst id="HSTNng">2869.94933333333</dst>
            <dst id="IPLSng">24428.144</dst>
            <dst id="KSCYng">11799.192</dst>
            <dst id="LOSAng">7252.44266666667</dst>
            <dst id="NYCMng">4267.352</dst>
            <dst id="SNVAng">3117.86666666667</dst>
            <dst id="STTLng">6717.04266666667</dst>
            <dst id="WASHng">7730.072</dst>
        </src>
        <src id="LOSAng">
            <dst id="ATLA-M5">30.656</dst>
            <dst id="ATLAng">6783.38666666667</dst>
            <dst id="CHINng">141090.602666667</dst>
            <dst id="DNVRng">21534.984</dst>
            <dst id="HSTNng">3931.94666666667</dst>
            <dst id="IPLSng">16220.336</dst>
            <dst id="KSCYng">2797.768</dst>
            <dst id="LOSAng">17127.1306666667</dst>
            <dst id="NYCMng">33220.672</dst>
            <dst id="SNVAng">21908.576</dst>
            <dst id="STTLng">35876.6346666667</dst>
            <dst id="WASHng">17199.84</dst>
        </src>
        <src id="NYCMng">
            <dst id="ATLA-M5">497.245333333333</dst>
            <dst id="ATLAng">6899</dst>
            <dst id="CHINng">12850.912</dst>
            <dst id="DNVRng">25026.7973333333</dst>
            <dst id="HSTNng">4246.10666666667</dst>
            <dst id="IPLSng">22302.592</dst>
            <dst id="KSCYng">8324.128</dst>
            <dst id="LOSAng">81184.1413333333</dst>
            <dst id="NYCMng">110387.138666667</dst>
            <dst id="SNVAng">1096.01866666667</dst>
            <dst id="STTLng">16085.4826666667</dst>
            <dst id="WASHng">27282.088</dst>
        </src>
        <src id="SNVAng">
            <dst id="ATLA-M5">0</dst>
            <dst id="ATLAng">26.6666666666667</dst>
            <dst id="CHINng">26.6666666666667</dst>
            <dst id="DNVRng">10670.9013333333</dst>
            <dst id="HSTNng">42.2613333333333</dst>
            <dst id="IPLSng">252.528</dst>
            <dst id="KSCYng">0</dst>
            <dst id="LOSAng">32564.0693333333</dst>
            <dst id="NYCMng">624.128</dst>
            <dst id="SNVAng">3974.336</dst>
            <dst id="STTLng">23533.4266666667</dst>
            <dst id="WASHng">0</dst>
        </src>
        <src id="STTLng">
            <dst id="ATLA-M5">360.44</dst>
            <dst id="ATLAng">5188.81333333333</dst>
            <dst id="CHINng">22489.528</dst>
            <dst id="DNVRng">2031.34133333333</dst>
            <dst id="HSTNng">8793.06133333333</dst>
            <dst id="IPLSng">7301.88533333333</dst>
            <dst id="KSCYng">2163.99733333333</dst>
            <dst id="LOSAng">16807.0293333333</dst>
            <dst id="NYCMng">11829.0533333333</dst>
            <dst id="SNVAng">4146.04266666667</dst>
            <dst id="STTLng">11784.488</dst>
            <dst id="WASHng">4551.952</dst>
        </src>
        <src id="WASHng">
            <dst id="ATLA-M5">1004.43733333333</dst>
            <dst id="ATLAng">69487.8053333333</dst>
            <dst id="CHINng">86663.4533333333</dst>
            <dst id="DNVRng">61218.5093333333</dst>
            <dst id="HSTNng">32328.6026666667</dst>
            <dst id="IPLSng">53474.16</dst>
            <dst id="KSCYng">18037.968</dst>
            <dst id="LOSAng">64195.272</dst>
            <dst id="NYCMng">109451.608</dst>
            <dst id="SNVAng">4087.58133333333</dst>
            <dst id="STTLng">51353.8213333333</dst>
            <dst id="WASHng">266417.709333333</dst>
        </src>
    </IntraTM>
</TrafficMatrixFile>
