<?xml version="1.0" encoding="ISO-8859-1" standalone="yes"?>
<TrafficMatrixFile xsi:noNamespaceSchemaLocation="http://totem.run.montefiore.ulg.ac.be/Schema/TrafficMatrix-v1_2.xsd" xmlns:xsi="http://www.w3.org/2001/XMLSchema-instance">
    <IntraTM ASID="11537">
        <src id="ATLA-M5">
            <dst id="ATLA-M5">0</dst>
            <dst id="ATLAng">201.269333333333</dst>
            <dst id="CHINng">166.882666666667</dst>
            <dst id="DNVRng">0</dst>
            <dst id="HSTNng">26.6666666666667</dst>
            <dst id="IPLSng">531.184</dst>
            <dst id="KSCYng">26.6666666666667</dst>
            <dst id="LOSAng">348.770666666667</dst>
            <dst id="NYCMng">240.842666666667</dst>
            <dst id="SNVAng">0</dst>
            <dst id="STTLng">26.6666666666667</dst>
            <dst id="WASHng">272.077333333333</dst>
        </src>
        <src id="ATLAng">
            <dst id="ATLA-M5">179.789333333333</dst>
            <dst id="ATLAng">8721.64</dst>
            <dst id="CHINng">9822.69866666667</dst>
            <dst id="DNVRng">3145.424</dst>
            <dst id="HSTNng">4819.54133333333</dst>
            <dst id="IPLSng">25010.5733333333</dst>
            <dst id="KSCYng">1307.808</dst>
            <dst id="LOSAng">7375.228</dst>
            <dst id="NYCMng">4255.61333333333</dst>
            <dst id="SNVAng">232.734666666667</dst>
            <dst id="STTLng">8272.176</dst>
            <dst id="WASHng">27042.848</dst>
        </src>
        <src id="CHINng">
            <dst id="ATLA-M5">269.917333333333</dst>
            <dst id="ATLAng">14648.848</dst>
            <dst id="CHINng">41810.2533333333</dst>
            <dst id="DNVRng">18068.8506666667</dst>
            <dst id="HSTNng">8338.05333333334</dst>
            <dst id="IPLSng">19658.5413333333</dst>
            <dst id="KSCYng">6861.36266666667</dst>
            <dst id="LOSAng">42783.5893333333</dst>
            <dst id="NYCMng">7795.312</dst>
            <dst id="SNVAng">1480.576</dst>
            <dst id="STTLng">8535.608</dst>
            <dst id="WASHng">17704.7466666667</dst>
        </src>
        <src id="DNVRng">
            <dst id="ATLA-M5">646.613333333333</dst>
            <dst id="ATLAng">3128.03466666667</dst>
            <dst id="CHINng">45889.7306666667</dst>
            <dst id="DNVRng">20721.4746666667</dst>
            <dst id="HSTNng">15154.0373333333</dst>
            <dst id="IPLSng">35049.368</dst>
            <dst id="KSCYng">27508.4533333333</dst>
            <dst id="LOSAng">31611.3626666667</dst>
            <dst id="NYCMng">9547.23733333333</dst>
            <dst id="SNVAng">14817.024</dst>
            <dst id="STTLng">7439.088</dst>
            <dst id="WASHng">32290.048</dst>
        </src>
        <src id="HSTNng">
            <dst id="ATLA-M5">95.7653333333333</dst>
            <dst id="ATLAng">12920.2426666667</dst>
            <dst id="CHINng">3761.45333333333</dst>
            <dst id="DNVRng">722</dst>
            <dst id="HSTNng">7815.09866666667</dst>
            <dst id="IPLSng">1246.24266666667</dst>
            <dst id="KSCYng">1997.49866666667</dst>
            <dst id="LOSAng">13163.6453333333</dst>
            <dst id="NYCMng">1267.024</dst>
            <dst id="SNVAng">0</dst>
            <dst id="STTLng">2034.14933333333</dst>
            <dst id="WASHng">9041.064</dst>
        </src>
        <src id="IPLSng">
            <dst id="ATLA-M5">737.141333333333</dst>
            <dst id="ATLAng">18246.232</dst>
            <dst id="CHINng">41769.1173333333</dst>
            <dst id="DNVRng">11737.8746666667</dst>
            <dst id="HSTNng">2018.66666666667</dst>
            <dst id="IPLSng">17832.992</dst>
            <dst id="KSCYng">3837.26666666667</dst>
            <dst id="LOSAng">24241.16</dst>
            <dst id="NYCMng">29885.0293333333</dst>
            <dst id="SNVAng">375.336</dst>
            <dst id="STTLng">6528.54133333333</dst>
            <dst id="WASHng">26001.2853333333</dst>
        </src>
        <src id="KSCYng">
            <dst id="ATLA-M5">725.013333333333</dst>
            <dst id="ATLAng">1643.93066666667</dst>
            <dst id="CHINng">10343.984</dst>
            <dst id="DNVRng">9395.376</dst>
            <dst id="HSTNng">14154.9893333333</dst>
            <dst id="IPLSng">12040.6266666667</dst>
            <dst id="KSCYng">6787.22133333333</dst>
            <dst id="LOSAng">8912.91466666667</dst>
            <dst id="NYCMng">3478.312</dst>
            <dst id="SNVAng">26.6666666666667</dst>
            <dst id="STTLng">3762.11733333333</dst>
            <dst id="WASHng">7306.27466666667</dst>
        </src>
        <src id="LOSAng">
            <dst id="ATLA-M5">120.082666666667</dst>
            <dst id="ATLAng">23000.792</dst>
            <dst id="CHINng">49996.808</dst>
            <dst id="DNVRng">23262.4213333333</dst>
            <dst id="HSTNng">13500.2906666667</dst>
            <dst id="IPLSng">13994.136</dst>
            <dst id="KSCYng">5611.34666666667</dst>
            <dst id="LOSAng">22261.6666666667</dst>
            <dst id="NYCMng">38686.5866666667</dst>
            <dst id="SNVAng">18794.4266666667</dst>
            <dst id="STTLng">22976.5466666667</dst>
            <dst id="WASHng">60512.6266666667</dst>
        </src>
        <src id="NYCMng">
            <dst id="ATLA-M5">1043.60266666667</dst>
            <dst id="ATLAng">21527.2106666667</dst>
            <dst id="CHINng">15286.2613333333</dst>
            <dst id="DNVRng">25064.9306666667</dst>
            <dst id="HSTNng">6635.13066666667</dst>
            <dst id="IPLSng">18069.3786666667</dst>
            <dst id="KSCYng">7017.10666666667</dst>
            <dst id="LOSAng">83114.0933333333</dst>
            <dst id="NYCMng">93066.8133333333</dst>
            <dst id="SNVAng">1385.42666666667</dst>
            <dst id="STTLng">25298.352</dst>
            <dst id="WASHng">29648.96</dst>
        </src>
        <src id="SNVAng">
            <dst id="ATLA-M5">0</dst>
            <dst id="ATLAng">582.048</dst>
            <dst id="CHINng">110.912</dst>
            <dst id="DNVRng">9101.88</dst>
            <dst id="HSTNng">42.5813333333333</dst>
            <dst id="IPLSng">282.744</dst>
            <dst id="KSCYng">0</dst>
            <dst id="LOSAng">34027.256</dst>
            <dst id="NYCMng">275.402666666667</dst>
            <dst id="SNVAng">5494.952</dst>
            <dst id="STTLng">28546.4506666667</dst>
            <dst id="WASHng">118.426666666667</dst>
        </src>
        <src id="STTLng">
            <dst id="ATLA-M5">320.629333333333</dst>
            <dst id="ATLAng">10774.7546666667</dst>
            <dst id="CHINng">11706.6133333333</dst>
            <dst id="DNVRng">3289.86666666667</dst>
            <dst id="HSTNng">2347.44266666667</dst>
            <dst id="IPLSng">8790.45066666667</dst>
            <dst id="KSCYng">965.589333333333</dst>
            <dst id="LOSAng">20045.0133333333</dst>
            <dst id="NYCMng">10083.6506666667</dst>
            <dst id="SNVAng">2646.88266666667</dst>
            <dst id="STTLng">4659.664</dst>
            <dst id="WASHng">8148.15733333333</dst>
        </src>
        <src id="WASHng">
            <dst id="ATLA-M5">380.565333333333</dst>
            <dst id="ATLAng">84721.12</dst>
            <dst id="CHINng">58695.416</dst>
            <dst id="DNVRng">68058.2986666667</dst>
            <dst id="HSTNng">11594.9813333333</dst>
            <dst id="IPLSng">52014.872</dst>
            <dst id="KSCYng">13324.84</dst>
            <dst id="LOSAng">72283.2853333333</dst>
            <dst id="NYCMng">166165.048</dst>
            <dst id="SNVAng">5060.79466666667</dst>
            <dst id="STTLng">41651.2266666667</dst>
            <dst id="WASHng">185027.192</dst>
        </src>
    </IntraTM>
</TrafficMatrixFile>
