<?xml version="1.0" encoding="ISO-8859-1" standalone="yes"?>
<TrafficMatrixFile xsi:noNamespaceSchemaLocation="http://totem.run.montefiore.ulg.ac.be/Schema/TrafficMatrix-v1_2.xsd" xmlns:xsi="http://www.w3.org/2001/XMLSchema-instance">
    <IntraTM ASID="11537">
        <src id="ATLA-M5">
            <dst id="ATLA-M5">136.282666666667</dst>
            <dst id="ATLAng">676.288</dst>
            <dst id="CHINng">236.130666666667</dst>
            <dst id="DNVRng">0</dst>
            <dst id="HSTNng">385.36</dst>
            <dst id="IPLSng">3123.808</dst>
            <dst id="KSCYng">1104.736</dst>
            <dst id="LOSAng">86.32</dst>
            <dst id="NYCMng">122.130666666667</dst>
            <dst id="SNVAng">0</dst>
            <dst id="STTLng">73.4053333333333</dst>
            <dst id="WASHng">2249.328</dst>
        </src>
        <src id="ATLAng">
            <dst id="ATLA-M5">473.514666666667</dst>
            <dst id="ATLAng">53797.5893333334</dst>
            <dst id="CHINng">12516.592</dst>
            <dst id="DNVRng">12439.04</dst>
            <dst id="HSTNng">7218.42666666667</dst>
            <dst id="IPLSng">18363.1226666667</dst>
            <dst id="KSCYng">5077.384</dst>
            <dst id="LOSAng">16250.8973333333</dst>
            <dst id="NYCMng">11366.4666666667</dst>
            <dst id="SNVAng">560.196</dst>
            <dst id="STTLng">7326.41866666667</dst>
            <dst id="WASHng">67847.4746666667</dst>
        </src>
        <src id="CHINng">
            <dst id="ATLA-M5">825.157333333333</dst>
            <dst id="ATLAng">15767.5306666667</dst>
            <dst id="CHINng">72491.8</dst>
            <dst id="DNVRng">23745.944</dst>
            <dst id="HSTNng">10196.8453333333</dst>
            <dst id="IPLSng">31099.4853333333</dst>
            <dst id="KSCYng">24443.3093333333</dst>
            <dst id="LOSAng">30574.8773333333</dst>
            <dst id="NYCMng">12215.312</dst>
            <dst id="SNVAng">8091.93066666667</dst>
            <dst id="STTLng">6599.54666666667</dst>
            <dst id="WASHng">23149.5733333333</dst>
        </src>
        <src id="DNVRng">
            <dst id="ATLA-M5">757.256</dst>
            <dst id="ATLAng">8412.92266666667</dst>
            <dst id="CHINng">66064.288</dst>
            <dst id="DNVRng">15883.7893333333</dst>
            <dst id="HSTNng">22287.6</dst>
            <dst id="IPLSng">35720.3546666667</dst>
            <dst id="KSCYng">31805.904</dst>
            <dst id="LOSAng">13114.6933333333</dst>
            <dst id="NYCMng">15358.6346666667</dst>
            <dst id="SNVAng">29902.4826666667</dst>
            <dst id="STTLng">12533.8933333333</dst>
            <dst id="WASHng">48778.6613333333</dst>
        </src>
        <src id="HSTNng">
            <dst id="ATLA-M5">3646.69066666667</dst>
            <dst id="ATLAng">8411.04266666667</dst>
            <dst id="CHINng">27192.9546666667</dst>
            <dst id="DNVRng">1417.152</dst>
            <dst id="HSTNng">14253.2586666667</dst>
            <dst id="IPLSng">2106.71466666667</dst>
            <dst id="KSCYng">5569.85866666667</dst>
            <dst id="LOSAng">12464.9786666667</dst>
            <dst id="NYCMng">3119.832</dst>
            <dst id="SNVAng">548.197333333333</dst>
            <dst id="STTLng">581.138666666666</dst>
            <dst id="WASHng">6003.472</dst>
        </src>
        <src id="IPLSng">
            <dst id="ATLA-M5">233.952</dst>
            <dst id="ATLAng">31015.4106666667</dst>
            <dst id="CHINng">80355.5946666667</dst>
            <dst id="DNVRng">13904.9066666667</dst>
            <dst id="HSTNng">1884.73866666667</dst>
            <dst id="IPLSng">41404.824</dst>
            <dst id="KSCYng">9277.78666666667</dst>
            <dst id="LOSAng">27246.1493333333</dst>
            <dst id="NYCMng">50443.1653333333</dst>
            <dst id="SNVAng">6841.192</dst>
            <dst id="STTLng">5422.28266666667</dst>
            <dst id="WASHng">33608.6133333333</dst>
        </src>
        <src id="KSCYng">
            <dst id="ATLA-M5">65.088</dst>
            <dst id="ATLAng">13475.4773333333</dst>
            <dst id="CHINng">27800.8213333333</dst>
            <dst id="DNVRng">11413.2026666667</dst>
            <dst id="HSTNng">3142.37066666667</dst>
            <dst id="IPLSng">14472.872</dst>
            <dst id="KSCYng">12061.8266666667</dst>
            <dst id="LOSAng">4920.192</dst>
            <dst id="NYCMng">3309.81333333333</dst>
            <dst id="SNVAng">2765.04533333333</dst>
            <dst id="STTLng">3525.14133333333</dst>
            <dst id="WASHng">11038.1733333333</dst>
        </src>
        <src id="LOSAng">
            <dst id="ATLA-M5">852.616</dst>
            <dst id="ATLAng">21977.1386666667</dst>
            <dst id="CHINng">138519.648</dst>
            <dst id="DNVRng">27844.744</dst>
            <dst id="HSTNng">8064.94666666667</dst>
            <dst id="IPLSng">51505.7333333333</dst>
            <dst id="KSCYng">7783.20533333334</dst>
            <dst id="LOSAng">16465.5226666667</dst>
            <dst id="NYCMng">36663.44</dst>
            <dst id="SNVAng">26831.6133333333</dst>
            <dst id="STTLng">21796.832</dst>
            <dst id="WASHng">46954.6186666667</dst>
        </src>
        <src id="NYCMng">
            <dst id="ATLA-M5">643.285333333333</dst>
            <dst id="ATLAng">40991.936</dst>
            <dst id="CHINng">35711.016</dst>
            <dst id="DNVRng">30748.08</dst>
            <dst id="HSTNng">11271.448</dst>
            <dst id="IPLSng">42024.6586666667</dst>
            <dst id="KSCYng">18848.08</dst>
            <dst id="LOSAng">78919.04</dst>
            <dst id="NYCMng">146625.952</dst>
            <dst id="SNVAng">5853.27733333333</dst>
            <dst id="STTLng">29005.968</dst>
            <dst id="WASHng">71130.6906666667</dst>
        </src>
        <src id="SNVAng">
            <dst id="ATLA-M5">0</dst>
            <dst id="ATLAng">106.666666666667</dst>
            <dst id="CHINng">26.6666666666667</dst>
            <dst id="DNVRng">9725.18933333333</dst>
            <dst id="HSTNng">124.098666666667</dst>
            <dst id="IPLSng">311.544</dst>
            <dst id="KSCYng">26.6666666666667</dst>
            <dst id="LOSAng">53830.5813333333</dst>
            <dst id="NYCMng">522.104</dst>
            <dst id="SNVAng">8673.13066666667</dst>
            <dst id="STTLng">31701.168</dst>
            <dst id="WASHng">173.4</dst>
        </src>
        <src id="STTLng">
            <dst id="ATLA-M5">594.997333333333</dst>
            <dst id="ATLAng">11767.72</dst>
            <dst id="CHINng">25906.48</dst>
            <dst id="DNVRng">4216.192</dst>
            <dst id="HSTNng">3632.85066666667</dst>
            <dst id="IPLSng">11534.1306666667</dst>
            <dst id="KSCYng">9199.05866666667</dst>
            <dst id="LOSAng">19248.104</dst>
            <dst id="NYCMng">14894.4213333333</dst>
            <dst id="SNVAng">4303.26666666667</dst>
            <dst id="STTLng">7329.288</dst>
            <dst id="WASHng">22691.7413333333</dst>
        </src>
        <src id="WASHng">
            <dst id="ATLA-M5">3635.78133333333</dst>
            <dst id="ATLAng">133523.048</dst>
            <dst id="CHINng">56875.9946666666</dst>
            <dst id="DNVRng">58805.6906666666</dst>
            <dst id="HSTNng">42578.1306666667</dst>
            <dst id="IPLSng">62176.768</dst>
            <dst id="KSCYng">30588.8773333333</dst>
            <dst id="LOSAng">64579.5626666667</dst>
            <dst id="NYCMng">152598.954666667</dst>
            <dst id="SNVAng">13644.696</dst>
            <dst id="STTLng">41973.2213333333</dst>
            <dst id="WASHng">358162.506666667</dst>
        </src>
    </IntraTM>
</TrafficMatrixFile>
