<?xml version="1.0" encoding="ISO-8859-1" standalone="yes"?>
<TrafficMatrixFile xsi:noNamespaceSchemaLocation="http://totem.run.montefiore.ulg.ac.be/Schema/TrafficMatrix-v1_2.xsd" xmlns:xsi="http://www.w3.org/2001/XMLSchema-instance">
    <IntraTM ASID="11537">
        <src id="ATLA-M5">
            <dst id="ATLA-M5">26.6666666666667</dst>
            <dst id="ATLAng">80</dst>
            <dst id="CHINng">146.165333333333</dst>
            <dst id="DNVRng">0</dst>
            <dst id="HSTNng">53.3333333333333</dst>
            <dst id="IPLSng">0</dst>
            <dst id="KSCYng">26.6666666666667</dst>
            <dst id="LOSAng">401.970666666667</dst>
            <dst id="NYCMng">26.6666666666667</dst>
            <dst id="SNVAng">0</dst>
            <dst id="STTLng">0</dst>
            <dst id="WASHng">1638.30933333333</dst>
        </src>
        <src id="ATLAng">
            <dst id="ATLA-M5">1089.144</dst>
            <dst id="ATLAng">9409.34133333333</dst>
            <dst id="CHINng">6402.328</dst>
            <dst id="DNVRng">2132.95733333333</dst>
            <dst id="HSTNng">2257.096</dst>
            <dst id="IPLSng">28807.6746666667</dst>
            <dst id="KSCYng">1694.82133333333</dst>
            <dst id="LOSAng">7518.68933333333</dst>
            <dst id="NYCMng">8800.94133333333</dst>
            <dst id="SNVAng">570.006666666667</dst>
            <dst id="STTLng">9404.68</dst>
            <dst id="WASHng">53750.264</dst>
        </src>
        <src id="CHINng">
            <dst id="ATLA-M5">221.517333333333</dst>
            <dst id="ATLAng">14779.7866666667</dst>
            <dst id="CHINng">60478.0373333333</dst>
            <dst id="DNVRng">8925.61866666667</dst>
            <dst id="HSTNng">4765.856</dst>
            <dst id="IPLSng">41261.12</dst>
            <dst id="KSCYng">5409.08</dst>
            <dst id="LOSAng">30717.5386666667</dst>
            <dst id="NYCMng">8095.93066666667</dst>
            <dst id="SNVAng">691.781333333333</dst>
            <dst id="STTLng">3000.48533333333</dst>
            <dst id="WASHng">19875.1866666667</dst>
        </src>
        <src id="DNVRng">
            <dst id="ATLA-M5">315.122666666667</dst>
            <dst id="ATLAng">3045.48266666667</dst>
            <dst id="CHINng">62963.064</dst>
            <dst id="DNVRng">10802</dst>
            <dst id="HSTNng">16130.872</dst>
            <dst id="IPLSng">43630.6</dst>
            <dst id="KSCYng">28209.568</dst>
            <dst id="LOSAng">10186.7466666667</dst>
            <dst id="NYCMng">12665.864</dst>
            <dst id="SNVAng">12603.4106666667</dst>
            <dst id="STTLng">7763.59733333333</dst>
            <dst id="WASHng">39596.0373333333</dst>
        </src>
        <src id="HSTNng">
            <dst id="ATLA-M5">106.485333333333</dst>
            <dst id="ATLAng">8433.01866666667</dst>
            <dst id="CHINng">11679.1333333333</dst>
            <dst id="DNVRng">661.216</dst>
            <dst id="HSTNng">15579.5626666667</dst>
            <dst id="IPLSng">3480.88</dst>
            <dst id="KSCYng">852.893333333333</dst>
            <dst id="LOSAng">3027.728</dst>
            <dst id="NYCMng">1814.69333333333</dst>
            <dst id="SNVAng">319.357333333333</dst>
            <dst id="STTLng">5397.33333333333</dst>
            <dst id="WASHng">5371.45066666667</dst>
        </src>
        <src id="IPLSng">
            <dst id="ATLA-M5">0</dst>
            <dst id="ATLAng">16136.888</dst>
            <dst id="CHINng">49343.0053333333</dst>
            <dst id="DNVRng">7221.08266666667</dst>
            <dst id="HSTNng">3609.8</dst>
            <dst id="IPLSng">17836.6133333333</dst>
            <dst id="KSCYng">3165.81066666667</dst>
            <dst id="LOSAng">10739.2613333333</dst>
            <dst id="NYCMng">21928.416</dst>
            <dst id="SNVAng">808.872</dst>
            <dst id="STTLng">10319.2106666667</dst>
            <dst id="WASHng">24223.5093333333</dst>
        </src>
        <src id="KSCYng">
            <dst id="ATLA-M5">36.672</dst>
            <dst id="ATLAng">4886.01333333333</dst>
            <dst id="CHINng">15872.3066666667</dst>
            <dst id="DNVRng">10693.3573333333</dst>
            <dst id="HSTNng">2969.99466666667</dst>
            <dst id="IPLSng">11376.3066666667</dst>
            <dst id="KSCYng">5874.168</dst>
            <dst id="LOSAng">5016.28</dst>
            <dst id="NYCMng">2559.57866666667</dst>
            <dst id="SNVAng">898.482666666667</dst>
            <dst id="STTLng">2753.43466666667</dst>
            <dst id="WASHng">9812.936</dst>
        </src>
        <src id="LOSAng">
            <dst id="ATLA-M5">98.9066666666667</dst>
            <dst id="ATLAng">10357.9173333333</dst>
            <dst id="CHINng">128371.168</dst>
            <dst id="DNVRng">20409.36</dst>
            <dst id="HSTNng">6831.16533333333</dst>
            <dst id="IPLSng">10752.784</dst>
            <dst id="KSCYng">4433.60533333333</dst>
            <dst id="LOSAng">12508.1013333333</dst>
            <dst id="NYCMng">35926.0773333333</dst>
            <dst id="SNVAng">26722.048</dst>
            <dst id="STTLng">21995.816</dst>
            <dst id="WASHng">26074.728</dst>
        </src>
        <src id="NYCMng">
            <dst id="ATLA-M5">423.84</dst>
            <dst id="ATLAng">31386.0933333333</dst>
            <dst id="CHINng">23822.576</dst>
            <dst id="DNVRng">22108.288</dst>
            <dst id="HSTNng">5323.352</dst>
            <dst id="IPLSng">29384.8213333333</dst>
            <dst id="KSCYng">6814.86666666667</dst>
            <dst id="LOSAng">84753.368</dst>
            <dst id="NYCMng">101859.28</dst>
            <dst id="SNVAng">1156.83466666667</dst>
            <dst id="STTLng">16667.312</dst>
            <dst id="WASHng">49217.6506666667</dst>
        </src>
        <src id="SNVAng">
            <dst id="ATLA-M5">0</dst>
            <dst id="ATLAng">36.5866666666667</dst>
            <dst id="CHINng">53.3333333333333</dst>
            <dst id="DNVRng">1359.08</dst>
            <dst id="HSTNng">90.3866666666666</dst>
            <dst id="IPLSng">236.165333333333</dst>
            <dst id="KSCYng">0</dst>
            <dst id="LOSAng">31877.8426666667</dst>
            <dst id="NYCMng">555.453333333333</dst>
            <dst id="SNVAng">4813.192</dst>
            <dst id="STTLng">24660.4986666667</dst>
            <dst id="WASHng">37.32</dst>
        </src>
        <src id="STTLng">
            <dst id="ATLA-M5">231.149333333333</dst>
            <dst id="ATLAng">11660.68</dst>
            <dst id="CHINng">26948.6293333333</dst>
            <dst id="DNVRng">2016.94933333333</dst>
            <dst id="HSTNng">1338.688</dst>
            <dst id="IPLSng">7577.22133333333</dst>
            <dst id="KSCYng">1042.53333333333</dst>
            <dst id="LOSAng">21792.7573333333</dst>
            <dst id="NYCMng">13703.6106666667</dst>
            <dst id="SNVAng">2066.936</dst>
            <dst id="STTLng">4317.592</dst>
            <dst id="WASHng">12074.544</dst>
        </src>
        <src id="WASHng">
            <dst id="ATLA-M5">568.4</dst>
            <dst id="ATLAng">79166.3573333333</dst>
            <dst id="CHINng">46944.064</dst>
            <dst id="DNVRng">42518.608</dst>
            <dst id="HSTNng">14029.1706666667</dst>
            <dst id="IPLSng">58201.368</dst>
            <dst id="KSCYng">16418.6586666667</dst>
            <dst id="LOSAng">64410.104</dst>
            <dst id="NYCMng">134885.152</dst>
            <dst id="SNVAng">5865.98133333333</dst>
            <dst id="STTLng">31302.7653333333</dst>
            <dst id="WASHng">299158.16</dst>
        </src>
    </IntraTM>
</TrafficMatrixFile>
