<?xml version="1.0" encoding="ISO-8859-1" standalone="yes"?>
<TrafficMatrixFile xsi:noNamespaceSchemaLocation="http://totem.run.montefiore.ulg.ac.be/Schema/TrafficMatrix-v1_2.xsd" xmlns:xsi="http://www.w3.org/2001/XMLSchema-instance">
    <IntraTM ASID="11537">
        <src id="ATLA-M5">
            <dst id="ATLA-M5">0</dst>
            <dst id="ATLAng">53.3333333333333</dst>
            <dst id="CHINng">96.2853333333333</dst>
            <dst id="DNVRng">0</dst>
            <dst id="HSTNng">78.0666666666667</dst>
            <dst id="IPLSng">0</dst>
            <dst id="KSCYng">0</dst>
            <dst id="LOSAng">443.794666666667</dst>
            <dst id="NYCMng">53.3333333333333</dst>
            <dst id="SNVAng">0</dst>
            <dst id="STTLng">0</dst>
            <dst id="WASHng">712.594666666667</dst>
        </src>
        <src id="ATLAng">
            <dst id="ATLA-M5">225.898666666667</dst>
            <dst id="ATLAng">5498.656</dst>
            <dst id="CHINng">2767.34666666667</dst>
            <dst id="DNVRng">9211.57333333334</dst>
            <dst id="HSTNng">381.805333333333</dst>
            <dst id="IPLSng">24348.728</dst>
            <dst id="KSCYng">524.613333333333</dst>
            <dst id="LOSAng">8368.57733333333</dst>
            <dst id="NYCMng">5960.98666666666</dst>
            <dst id="SNVAng">2528.56666666667</dst>
            <dst id="STTLng">10601.344</dst>
            <dst id="WASHng">36285.1733333333</dst>
        </src>
        <src id="CHINng">
            <dst id="ATLA-M5">94.896</dst>
            <dst id="ATLAng">5260.57066666667</dst>
            <dst id="CHINng">61754.9893333333</dst>
            <dst id="DNVRng">7930.82133333334</dst>
            <dst id="HSTNng">3499.58933333333</dst>
            <dst id="IPLSng">82835.6533333333</dst>
            <dst id="KSCYng">15743.448</dst>
            <dst id="LOSAng">33975.3733333333</dst>
            <dst id="NYCMng">9748.55466666667</dst>
            <dst id="SNVAng">382.197333333333</dst>
            <dst id="STTLng">3764.69066666667</dst>
            <dst id="WASHng">12301.8346666667</dst>
        </src>
        <src id="DNVRng">
            <dst id="ATLA-M5">184.770666666667</dst>
            <dst id="ATLAng">2665.432</dst>
            <dst id="CHINng">52718.9253333333</dst>
            <dst id="DNVRng">3006.84533333333</dst>
            <dst id="HSTNng">12614.68</dst>
            <dst id="IPLSng">43218.304</dst>
            <dst id="KSCYng">13909.1146666667</dst>
            <dst id="LOSAng">9388.03466666667</dst>
            <dst id="NYCMng">18171.64</dst>
            <dst id="SNVAng">8201.62666666667</dst>
            <dst id="STTLng">6565.88</dst>
            <dst id="WASHng">37808.5333333333</dst>
        </src>
        <src id="HSTNng">
            <dst id="ATLA-M5">4348.14666666667</dst>
            <dst id="ATLAng">1162.92</dst>
            <dst id="CHINng">11552.6293333333</dst>
            <dst id="DNVRng">631.122666666667</dst>
            <dst id="HSTNng">16672.9653333333</dst>
            <dst id="IPLSng">3178.23466666667</dst>
            <dst id="KSCYng">404.68</dst>
            <dst id="LOSAng">5308.808</dst>
            <dst id="NYCMng">925.397333333333</dst>
            <dst id="SNVAng">26.6666666666667</dst>
            <dst id="STTLng">486.048</dst>
            <dst id="WASHng">3459.86666666667</dst>
        </src>
        <src id="IPLSng">
            <dst id="ATLA-M5">0</dst>
            <dst id="ATLAng">14199.9706666667</dst>
            <dst id="CHINng">52493.0426666667</dst>
            <dst id="DNVRng">10213.4906666667</dst>
            <dst id="HSTNng">1017.04533333333</dst>
            <dst id="IPLSng">4711.20533333333</dst>
            <dst id="KSCYng">1804.392</dst>
            <dst id="LOSAng">13927.4826666667</dst>
            <dst id="NYCMng">19801.6746666667</dst>
            <dst id="SNVAng">715.538666666667</dst>
            <dst id="STTLng">10604.1466666667</dst>
            <dst id="WASHng">7450.04266666667</dst>
        </src>
        <src id="KSCYng">
            <dst id="ATLA-M5">0</dst>
            <dst id="ATLAng">9010.42133333333</dst>
            <dst id="CHINng">14063.2826666667</dst>
            <dst id="DNVRng">13496.936</dst>
            <dst id="HSTNng">2275.06133333333</dst>
            <dst id="IPLSng">13485.2453333333</dst>
            <dst id="KSCYng">6152.97866666667</dst>
            <dst id="LOSAng">4161.536</dst>
            <dst id="NYCMng">4630.944</dst>
            <dst id="SNVAng">2312.072</dst>
            <dst id="STTLng">2754.4</dst>
            <dst id="WASHng">5316.98933333333</dst>
        </src>
        <src id="LOSAng">
            <dst id="ATLA-M5">416.936</dst>
            <dst id="ATLAng">7768.104</dst>
            <dst id="CHINng">115429.242666667</dst>
            <dst id="DNVRng">25317.6613333333</dst>
            <dst id="HSTNng">1692.19466666667</dst>
            <dst id="IPLSng">10218.3866666667</dst>
            <dst id="KSCYng">2121.77066666667</dst>
            <dst id="LOSAng">11256.7973333333</dst>
            <dst id="NYCMng">38325.472</dst>
            <dst id="SNVAng">9368.25066666667</dst>
            <dst id="STTLng">31041.568</dst>
            <dst id="WASHng">22823.44</dst>
        </src>
        <src id="NYCMng">
            <dst id="ATLA-M5">133.922666666667</dst>
            <dst id="ATLAng">27406.5013333333</dst>
            <dst id="CHINng">9690.46666666667</dst>
            <dst id="DNVRng">25605.0933333333</dst>
            <dst id="HSTNng">3347.352</dst>
            <dst id="IPLSng">29144.8106666667</dst>
            <dst id="KSCYng">10621.072</dst>
            <dst id="LOSAng">71905.872</dst>
            <dst id="NYCMng">82702.7733333333</dst>
            <dst id="SNVAng">832.202666666667</dst>
            <dst id="STTLng">20756.9226666667</dst>
            <dst id="WASHng">41666.7973333333</dst>
        </src>
        <src id="SNVAng">
            <dst id="ATLA-M5">0</dst>
            <dst id="ATLAng">26.6666666666667</dst>
            <dst id="CHINng">26.6666666666667</dst>
            <dst id="DNVRng">1250.13866666667</dst>
            <dst id="HSTNng">27.8613333333333</dst>
            <dst id="IPLSng">269.616</dst>
            <dst id="KSCYng">0</dst>
            <dst id="LOSAng">30981.5973333333</dst>
            <dst id="NYCMng">299.68</dst>
            <dst id="SNVAng">6462.96266666667</dst>
            <dst id="STTLng">27572.5413333333</dst>
            <dst id="WASHng">177.834666666667</dst>
        </src>
        <src id="STTLng">
            <dst id="ATLA-M5">0</dst>
            <dst id="ATLAng">7505.50133333333</dst>
            <dst id="CHINng">22938.5653333333</dst>
            <dst id="DNVRng">1561.76266666667</dst>
            <dst id="HSTNng">1531.488</dst>
            <dst id="IPLSng">4666.824</dst>
            <dst id="KSCYng">996.330666666667</dst>
            <dst id="LOSAng">11836.3786666667</dst>
            <dst id="NYCMng">10870.5333333333</dst>
            <dst id="SNVAng">1278.184</dst>
            <dst id="STTLng">1155.624</dst>
            <dst id="WASHng">3980.76</dst>
        </src>
        <src id="WASHng">
            <dst id="ATLA-M5">40.632</dst>
            <dst id="ATLAng">128000.714666667</dst>
            <dst id="CHINng">26069.2266666667</dst>
            <dst id="DNVRng">48117.7733333333</dst>
            <dst id="HSTNng">19988.5226666667</dst>
            <dst id="IPLSng">46692.5173333333</dst>
            <dst id="KSCYng">4237.64266666667</dst>
            <dst id="LOSAng">53054.7706666667</dst>
            <dst id="NYCMng">98210.432</dst>
            <dst id="SNVAng">9642.336</dst>
            <dst id="STTLng">27921.712</dst>
            <dst id="WASHng">393705.493333333</dst>
        </src>
    </IntraTM>
</TrafficMatrixFile>
