<?xml version="1.0" encoding="ISO-8859-1" standalone="yes"?>
<TrafficMatrixFile xsi:noNamespaceSchemaLocation="http://totem.run.montefiore.ulg.ac.be/Schema/TrafficMatrix-v1_2.xsd" xmlns:xsi="http://www.w3.org/2001/XMLSchema-instance">
    <IntraTM ASID="11537">
        <src id="ATLA-M5">
            <dst id="ATLA-M5">0</dst>
            <dst id="ATLAng">80</dst>
            <dst id="CHINng">54.352</dst>
            <dst id="DNVRng">0</dst>
            <dst id="HSTNng">31.832</dst>
            <dst id="IPLSng">124.874666666667</dst>
            <dst id="KSCYng">0</dst>
            <dst id="LOSAng">578.357333333333</dst>
            <dst id="NYCMng">934.248</dst>
            <dst id="SNVAng">0</dst>
            <dst id="STTLng">26.6666666666667</dst>
            <dst id="WASHng">1073.35733333333</dst>
        </src>
        <src id="ATLAng">
            <dst id="ATLA-M5">138.608</dst>
            <dst id="ATLAng">21049.752</dst>
            <dst id="CHINng">5218.01866666667</dst>
            <dst id="DNVRng">3657.26133333333</dst>
            <dst id="HSTNng">1220.46133333333</dst>
            <dst id="IPLSng">16530.256</dst>
            <dst id="KSCYng">383.058666666667</dst>
            <dst id="LOSAng">12273.9066666667</dst>
            <dst id="NYCMng">8768.06666666667</dst>
            <dst id="SNVAng">2371.928</dst>
            <dst id="STTLng">6172.01866666667</dst>
            <dst id="WASHng">50080.936</dst>
        </src>
        <src id="CHINng">
            <dst id="ATLA-M5">99.3946666666667</dst>
            <dst id="ATLAng">6221.03466666667</dst>
            <dst id="CHINng">94734.0106666666</dst>
            <dst id="DNVRng">5341.98933333333</dst>
            <dst id="HSTNng">3638.824</dst>
            <dst id="IPLSng">17839.768</dst>
            <dst id="KSCYng">2408.30666666667</dst>
            <dst id="LOSAng">37709.6053333333</dst>
            <dst id="NYCMng">12853.128</dst>
            <dst id="SNVAng">1639.32266666667</dst>
            <dst id="STTLng">4864.24533333333</dst>
            <dst id="WASHng">12174.0373333333</dst>
        </src>
        <src id="DNVRng">
            <dst id="ATLA-M5">87.12</dst>
            <dst id="ATLAng">10806.016</dst>
            <dst id="CHINng">57492.9466666667</dst>
            <dst id="DNVRng">2057.64</dst>
            <dst id="HSTNng">11423.232</dst>
            <dst id="IPLSng">31481.0853333333</dst>
            <dst id="KSCYng">8649.896</dst>
            <dst id="LOSAng">7472.53333333333</dst>
            <dst id="NYCMng">16676.2373333333</dst>
            <dst id="SNVAng">7289.36533333334</dst>
            <dst id="STTLng">5391.33333333333</dst>
            <dst id="WASHng">35819.248</dst>
        </src>
        <src id="HSTNng">
            <dst id="ATLA-M5">3633.84</dst>
            <dst id="ATLAng">1938.21066666667</dst>
            <dst id="CHINng">18811.1173333333</dst>
            <dst id="DNVRng">604.36</dst>
            <dst id="HSTNng">9005.02933333333</dst>
            <dst id="IPLSng">3281.29333333333</dst>
            <dst id="KSCYng">638.944</dst>
            <dst id="LOSAng">14981.2346666667</dst>
            <dst id="NYCMng">1625.34666666667</dst>
            <dst id="SNVAng">26.6666666666667</dst>
            <dst id="STTLng">397.989333333333</dst>
            <dst id="WASHng">3815.50666666667</dst>
        </src>
        <src id="IPLSng">
            <dst id="ATLA-M5">987.813333333333</dst>
            <dst id="ATLAng">18630.2053333333</dst>
            <dst id="CHINng">75675.2453333333</dst>
            <dst id="DNVRng">14401.704</dst>
            <dst id="HSTNng">689.538666666667</dst>
            <dst id="IPLSng">36831.752</dst>
            <dst id="KSCYng">1698.67733333333</dst>
            <dst id="LOSAng">13820.8053333333</dst>
            <dst id="NYCMng">37783.384</dst>
            <dst id="SNVAng">378.453333333333</dst>
            <dst id="STTLng">11850.4906666667</dst>
            <dst id="WASHng">7543.352</dst>
        </src>
        <src id="KSCYng">
            <dst id="ATLA-M5">0</dst>
            <dst id="ATLAng">1816.41333333333</dst>
            <dst id="CHINng">23181.136</dst>
            <dst id="DNVRng">7706.90666666667</dst>
            <dst id="HSTNng">1906.184</dst>
            <dst id="IPLSng">7540.10666666666</dst>
            <dst id="KSCYng">2943.94933333333</dst>
            <dst id="LOSAng">4912.296</dst>
            <dst id="NYCMng">1381.86133333333</dst>
            <dst id="SNVAng">2534.32533333333</dst>
            <dst id="STTLng">2387.08533333333</dst>
            <dst id="WASHng">14213.8986666667</dst>
        </src>
        <src id="LOSAng">
            <dst id="ATLA-M5">123.538666666667</dst>
            <dst id="ATLAng">8942.696</dst>
            <dst id="CHINng">138096.898666667</dst>
            <dst id="DNVRng">19551.4586666667</dst>
            <dst id="HSTNng">2176.46933333333</dst>
            <dst id="IPLSng">11736.1893333333</dst>
            <dst id="KSCYng">4940.61066666667</dst>
            <dst id="LOSAng">17456.3413333333</dst>
            <dst id="NYCMng">36423.8026666667</dst>
            <dst id="SNVAng">18775.9573333333</dst>
            <dst id="STTLng">35648.096</dst>
            <dst id="WASHng">21101.3066666667</dst>
        </src>
        <src id="NYCMng">
            <dst id="ATLA-M5">198.125333333333</dst>
            <dst id="ATLAng">23488.6826666667</dst>
            <dst id="CHINng">20060.5146666667</dst>
            <dst id="DNVRng">21400.2293333333</dst>
            <dst id="HSTNng">4197.856</dst>
            <dst id="IPLSng">23398.528</dst>
            <dst id="KSCYng">4229.08533333333</dst>
            <dst id="LOSAng">69091.1306666667</dst>
            <dst id="NYCMng">133285.762666667</dst>
            <dst id="SNVAng">844.138666666667</dst>
            <dst id="STTLng">10246.0533333333</dst>
            <dst id="WASHng">44609.088</dst>
        </src>
        <src id="SNVAng">
            <dst id="ATLA-M5">0</dst>
            <dst id="ATLAng">26.6666666666667</dst>
            <dst id="CHINng">103.328</dst>
            <dst id="DNVRng">3161.304</dst>
            <dst id="HSTNng">26.6986666666667</dst>
            <dst id="IPLSng">238.544</dst>
            <dst id="KSCYng">0</dst>
            <dst id="LOSAng">31066.272</dst>
            <dst id="NYCMng">247.338666666667</dst>
            <dst id="SNVAng">3354.13333333333</dst>
            <dst id="STTLng">22612.6186666667</dst>
            <dst id="WASHng">673.058666666667</dst>
        </src>
        <src id="STTLng">
            <dst id="ATLA-M5">26.6666666666667</dst>
            <dst id="ATLAng">5962.90666666667</dst>
            <dst id="CHINng">27692.7466666667</dst>
            <dst id="DNVRng">7457.22666666667</dst>
            <dst id="HSTNng">698.728</dst>
            <dst id="IPLSng">2801.31466666667</dst>
            <dst id="KSCYng">2454.176</dst>
            <dst id="LOSAng">10703.408</dst>
            <dst id="NYCMng">12622.0186666667</dst>
            <dst id="SNVAng">1813.85866666667</dst>
            <dst id="STTLng">1153.34133333333</dst>
            <dst id="WASHng">7781.41066666667</dst>
        </src>
        <src id="WASHng">
            <dst id="ATLA-M5">915.434666666667</dst>
            <dst id="ATLAng">151537.410666667</dst>
            <dst id="CHINng">58010.1946666667</dst>
            <dst id="DNVRng">48133.072</dst>
            <dst id="HSTNng">30633.1066666667</dst>
            <dst id="IPLSng">49002.1893333333</dst>
            <dst id="KSCYng">14291.2026666667</dst>
            <dst id="LOSAng">46016.6986666666</dst>
            <dst id="NYCMng">135598.402666667</dst>
            <dst id="SNVAng">5681.32533333333</dst>
            <dst id="STTLng">28101.0613333333</dst>
            <dst id="WASHng">250914.106666667</dst>
        </src>
    </IntraTM>
</TrafficMatrixFile>
