<?xml version="1.0" encoding="ISO-8859-1" standalone="yes"?>
<TrafficMatrixFile xsi:noNamespaceSchemaLocation="http://totem.run.montefiore.ulg.ac.be/Schema/TrafficMatrix-v1_2.xsd" xmlns:xsi="http://www.w3.org/2001/XMLSchema-instance">
    <IntraTM ASID="11537">
        <src id="ATLA-M5">
            <dst id="ATLA-M5">117.205333333333</dst>
            <dst id="ATLAng">73.4826666666666</dst>
            <dst id="CHINng">202.632</dst>
            <dst id="DNVRng">0</dst>
            <dst id="HSTNng">110.568</dst>
            <dst id="IPLSng">161.602666666667</dst>
            <dst id="KSCYng">64.608</dst>
            <dst id="LOSAng">80</dst>
            <dst id="NYCMng">80</dst>
            <dst id="SNVAng">0</dst>
            <dst id="STTLng">63.1253333333333</dst>
            <dst id="WASHng">1952.84</dst>
        </src>
        <src id="ATLAng">
            <dst id="ATLA-M5">310.648</dst>
            <dst id="ATLAng">58273.8693333333</dst>
            <dst id="CHINng">6085.09066666667</dst>
            <dst id="DNVRng">3782.10666666667</dst>
            <dst id="HSTNng">18150.4586666667</dst>
            <dst id="IPLSng">14591.8773333333</dst>
            <dst id="KSCYng">1342.648</dst>
            <dst id="LOSAng">12151.4306666667</dst>
            <dst id="NYCMng">37223.2213333333</dst>
            <dst id="SNVAng">1515.268</dst>
            <dst id="STTLng">14031.4266666667</dst>
            <dst id="WASHng">53247.072</dst>
        </src>
        <src id="CHINng">
            <dst id="ATLA-M5">709.730666666667</dst>
            <dst id="ATLAng">19499.2293333333</dst>
            <dst id="CHINng">81279.744</dst>
            <dst id="DNVRng">8256.336</dst>
            <dst id="HSTNng">11093.224</dst>
            <dst id="IPLSng">32056.6933333333</dst>
            <dst id="KSCYng">9916.42133333333</dst>
            <dst id="LOSAng">31688.9733333333</dst>
            <dst id="NYCMng">22139.912</dst>
            <dst id="SNVAng">2481.808</dst>
            <dst id="STTLng">12286.8693333333</dst>
            <dst id="WASHng">36641.9706666667</dst>
        </src>
        <src id="DNVRng">
            <dst id="ATLA-M5">234.482666666667</dst>
            <dst id="ATLAng">12309.3573333333</dst>
            <dst id="CHINng">66167.9413333333</dst>
            <dst id="DNVRng">11436.4533333333</dst>
            <dst id="HSTNng">21502.5546666667</dst>
            <dst id="IPLSng">43393.4746666667</dst>
            <dst id="KSCYng">22966.6026666667</dst>
            <dst id="LOSAng">14387.9493333333</dst>
            <dst id="NYCMng">17397.744</dst>
            <dst id="SNVAng">24611.544</dst>
            <dst id="STTLng">8903.55466666667</dst>
            <dst id="WASHng">51555.9626666667</dst>
        </src>
        <src id="HSTNng">
            <dst id="ATLA-M5">406.901333333333</dst>
            <dst id="ATLAng">4427.368</dst>
            <dst id="CHINng">17114.544</dst>
            <dst id="DNVRng">1431.408</dst>
            <dst id="HSTNng">13274.6426666667</dst>
            <dst id="IPLSng">4371.54133333333</dst>
            <dst id="KSCYng">4082.93866666667</dst>
            <dst id="LOSAng">9043.75733333333</dst>
            <dst id="NYCMng">5729.65066666667</dst>
            <dst id="SNVAng">294.744</dst>
            <dst id="STTLng">3177.73333333333</dst>
            <dst id="WASHng">4973.856</dst>
        </src>
        <src id="IPLSng">
            <dst id="ATLA-M5">27.688</dst>
            <dst id="ATLAng">27139.7253333333</dst>
            <dst id="CHINng">98021.1973333333</dst>
            <dst id="DNVRng">10139.4053333333</dst>
            <dst id="HSTNng">9695.336</dst>
            <dst id="IPLSng">25657.4053333333</dst>
            <dst id="KSCYng">12437.816</dst>
            <dst id="LOSAng">15782.792</dst>
            <dst id="NYCMng">28735.736</dst>
            <dst id="SNVAng">1280.72</dst>
            <dst id="STTLng">16673.4906666667</dst>
            <dst id="WASHng">38811.9706666667</dst>
        </src>
        <src id="KSCYng">
            <dst id="ATLA-M5">80</dst>
            <dst id="ATLAng">2803.8</dst>
            <dst id="CHINng">29501.6</dst>
            <dst id="DNVRng">9948.66133333333</dst>
            <dst id="HSTNng">5732.53333333333</dst>
            <dst id="IPLSng">13859.2026666667</dst>
            <dst id="KSCYng">10437.8586666667</dst>
            <dst id="LOSAng">3690.216</dst>
            <dst id="NYCMng">2758.45333333333</dst>
            <dst id="SNVAng">1990.832</dst>
            <dst id="STTLng">2521.11733333333</dst>
            <dst id="WASHng">32112.3093333333</dst>
        </src>
        <src id="LOSAng">
            <dst id="ATLA-M5">86.9813333333333</dst>
            <dst id="ATLAng">16139.8213333333</dst>
            <dst id="CHINng">145326.122666667</dst>
            <dst id="DNVRng">26139.736</dst>
            <dst id="HSTNng">7400.99733333333</dst>
            <dst id="IPLSng">34981.616</dst>
            <dst id="KSCYng">8123.576</dst>
            <dst id="LOSAng">9959.70666666667</dst>
            <dst id="NYCMng">39554.5226666667</dst>
            <dst id="SNVAng">10177.4026666667</dst>
            <dst id="STTLng">18847.5466666667</dst>
            <dst id="WASHng">49407.16</dst>
        </src>
        <src id="NYCMng">
            <dst id="ATLA-M5">917.832</dst>
            <dst id="ATLAng">38597.2906666667</dst>
            <dst id="CHINng">36830.8</dst>
            <dst id="DNVRng">28041.9093333333</dst>
            <dst id="HSTNng">15190.3226666667</dst>
            <dst id="IPLSng">24734.6293333333</dst>
            <dst id="KSCYng">11845.6506666667</dst>
            <dst id="LOSAng">91530.1226666667</dst>
            <dst id="NYCMng">118567.525333333</dst>
            <dst id="SNVAng">1527.2</dst>
            <dst id="STTLng">14852.2026666667</dst>
            <dst id="WASHng">82883.992</dst>
        </src>
        <src id="SNVAng">
            <dst id="ATLA-M5">0</dst>
            <dst id="ATLAng">80</dst>
            <dst id="CHINng">891.874666666666</dst>
            <dst id="DNVRng">3609.736</dst>
            <dst id="HSTNng">178.122666666667</dst>
            <dst id="IPLSng">9525.048</dst>
            <dst id="KSCYng">0</dst>
            <dst id="LOSAng">30138.1893333333</dst>
            <dst id="NYCMng">319.136</dst>
            <dst id="SNVAng">10995.5813333333</dst>
            <dst id="STTLng">30545.448</dst>
            <dst id="WASHng">120.213333333333</dst>
        </src>
        <src id="STTLng">
            <dst id="ATLA-M5">148.466666666667</dst>
            <dst id="ATLAng">10863.5066666667</dst>
            <dst id="CHINng">32766.2186666667</dst>
            <dst id="DNVRng">2664.89333333333</dst>
            <dst id="HSTNng">2214.45066666667</dst>
            <dst id="IPLSng">9350.152</dst>
            <dst id="KSCYng">4156.30666666667</dst>
            <dst id="LOSAng">16540.1466666667</dst>
            <dst id="NYCMng">13135.5946666667</dst>
            <dst id="SNVAng">4136.4</dst>
            <dst id="STTLng">6573.58666666667</dst>
            <dst id="WASHng">20486.1306666667</dst>
        </src>
        <src id="WASHng">
            <dst id="ATLA-M5">455.477333333333</dst>
            <dst id="ATLAng">128205.237333333</dst>
            <dst id="CHINng">42863.3626666667</dst>
            <dst id="DNVRng">62178.6613333333</dst>
            <dst id="HSTNng">23289.48</dst>
            <dst id="IPLSng">51984.6506666667</dst>
            <dst id="KSCYng">18809.1173333333</dst>
            <dst id="LOSAng">69271.128</dst>
            <dst id="NYCMng">175503.298666667</dst>
            <dst id="SNVAng">10809.9146666667</dst>
            <dst id="STTLng">33721.2133333333</dst>
            <dst id="WASHng">327772.586666667</dst>
        </src>
    </IntraTM>
</TrafficMatrixFile>
