<?xml version="1.0" encoding="ISO-8859-1" standalone="yes"?>
<TrafficMatrixFile xsi:noNamespaceSchemaLocation="http://totem.run.montefiore.ulg.ac.be/Schema/TrafficMatrix-v1_2.xsd" xmlns:xsi="http://www.w3.org/2001/XMLSchema-instance">
    <IntraTM ASID="11537">
        <src id="ATLA-M5">
            <dst id="ATLA-M5">62.1626666666667</dst>
            <dst id="ATLAng">120.442666666667</dst>
            <dst id="CHINng">667.525333333333</dst>
            <dst id="DNVRng">26.6666666666667</dst>
            <dst id="HSTNng">102.122666666667</dst>
            <dst id="IPLSng">182.485333333333</dst>
            <dst id="KSCYng">58.6666666666667</dst>
            <dst id="LOSAng">54.36</dst>
            <dst id="NYCMng">104.813333333333</dst>
            <dst id="SNVAng">0</dst>
            <dst id="STTLng">26.6666666666667</dst>
            <dst id="WASHng">794.810666666667</dst>
        </src>
        <src id="ATLAng">
            <dst id="ATLA-M5">3501.12</dst>
            <dst id="ATLAng">9323.416</dst>
            <dst id="CHINng">14520.3946666667</dst>
            <dst id="DNVRng">3233.984</dst>
            <dst id="HSTNng">14700.4906666667</dst>
            <dst id="IPLSng">37163.784</dst>
            <dst id="KSCYng">1860.896</dst>
            <dst id="LOSAng">8255.47333333333</dst>
            <dst id="NYCMng">12111.4213333333</dst>
            <dst id="SNVAng">1084.836</dst>
            <dst id="STTLng">10139.488</dst>
            <dst id="WASHng">46371.1866666667</dst>
        </src>
        <src id="CHINng">
            <dst id="ATLA-M5">532.661333333333</dst>
            <dst id="ATLAng">29446.3866666667</dst>
            <dst id="CHINng">58813.08</dst>
            <dst id="DNVRng">6847.96533333333</dst>
            <dst id="HSTNng">19320.248</dst>
            <dst id="IPLSng">44924.672</dst>
            <dst id="KSCYng">15995.992</dst>
            <dst id="LOSAng">57725.3893333333</dst>
            <dst id="NYCMng">12705.5066666667</dst>
            <dst id="SNVAng">3517.34666666667</dst>
            <dst id="STTLng">15096.3653333333</dst>
            <dst id="WASHng">29558.6533333333</dst>
        </src>
        <src id="DNVRng">
            <dst id="ATLA-M5">111.626666666667</dst>
            <dst id="ATLAng">6679.264</dst>
            <dst id="CHINng">62816.048</dst>
            <dst id="DNVRng">18859.5146666667</dst>
            <dst id="HSTNng">28504.8373333333</dst>
            <dst id="IPLSng">37746.2773333333</dst>
            <dst id="KSCYng">33129.6933333333</dst>
            <dst id="LOSAng">20725.1946666667</dst>
            <dst id="NYCMng">21334.7226666667</dst>
            <dst id="SNVAng">27183.1626666667</dst>
            <dst id="STTLng">10392.3946666667</dst>
            <dst id="WASHng">51390.392</dst>
        </src>
        <src id="HSTNng">
            <dst id="ATLA-M5">301.568</dst>
            <dst id="ATLAng">10862.3946666667</dst>
            <dst id="CHINng">12523.3466666667</dst>
            <dst id="DNVRng">2038.528</dst>
            <dst id="HSTNng">13316.5013333333</dst>
            <dst id="IPLSng">5619.61066666667</dst>
            <dst id="KSCYng">3583.528</dst>
            <dst id="LOSAng">8718.448</dst>
            <dst id="NYCMng">3747.17866666667</dst>
            <dst id="SNVAng">507.709333333333</dst>
            <dst id="STTLng">1016.09333333333</dst>
            <dst id="WASHng">5686.232</dst>
        </src>
        <src id="IPLSng">
            <dst id="ATLA-M5">231.576</dst>
            <dst id="ATLAng">23052.5653333333</dst>
            <dst id="CHINng">80713.4586666667</dst>
            <dst id="DNVRng">13419.112</dst>
            <dst id="HSTNng">7854.30666666667</dst>
            <dst id="IPLSng">17333.552</dst>
            <dst id="KSCYng">10243.1013333333</dst>
            <dst id="LOSAng">20146.288</dst>
            <dst id="NYCMng">28357.7306666667</dst>
            <dst id="SNVAng">2585.464</dst>
            <dst id="STTLng">15934.2</dst>
            <dst id="WASHng">19787.9493333333</dst>
        </src>
        <src id="KSCYng">
            <dst id="ATLA-M5">0</dst>
            <dst id="ATLAng">1972.95733333333</dst>
            <dst id="CHINng">20428.3013333333</dst>
            <dst id="DNVRng">9029.51733333333</dst>
            <dst id="HSTNng">9959.89066666667</dst>
            <dst id="IPLSng">13215.376</dst>
            <dst id="KSCYng">13330.8453333333</dst>
            <dst id="LOSAng">4928.81333333333</dst>
            <dst id="NYCMng">2956.84266666667</dst>
            <dst id="SNVAng">1994.576</dst>
            <dst id="STTLng">3411.47466666667</dst>
            <dst id="WASHng">23145.672</dst>
        </src>
        <src id="LOSAng">
            <dst id="ATLA-M5">138.746666666667</dst>
            <dst id="ATLAng">21236.1226666667</dst>
            <dst id="CHINng">143761.064</dst>
            <dst id="DNVRng">24233.72</dst>
            <dst id="HSTNng">5959.17333333333</dst>
            <dst id="IPLSng">27916.728</dst>
            <dst id="KSCYng">13926.12</dst>
            <dst id="LOSAng">16434.4773333333</dst>
            <dst id="NYCMng">42691.3253333333</dst>
            <dst id="SNVAng">34548.296</dst>
            <dst id="STTLng">18445.1466666667</dst>
            <dst id="WASHng">27311.6266666667</dst>
        </src>
        <src id="NYCMng">
            <dst id="ATLA-M5">545.104</dst>
            <dst id="ATLAng">39137.576</dst>
            <dst id="CHINng">18197.6586666667</dst>
            <dst id="DNVRng">34037.2826666667</dst>
            <dst id="HSTNng">14867.256</dst>
            <dst id="IPLSng">40655.952</dst>
            <dst id="KSCYng">17692.224</dst>
            <dst id="LOSAng">88248.6346666667</dst>
            <dst id="NYCMng">111053.144</dst>
            <dst id="SNVAng">4886.768</dst>
            <dst id="STTLng">25460.3093333333</dst>
            <dst id="WASHng">87498.0586666667</dst>
        </src>
        <src id="SNVAng">
            <dst id="ATLA-M5">0</dst>
            <dst id="ATLAng">160</dst>
            <dst id="CHINng">26.6666666666667</dst>
            <dst id="DNVRng">12718.0346666667</dst>
            <dst id="HSTNng">295.328</dst>
            <dst id="IPLSng">219.229333333333</dst>
            <dst id="KSCYng">38.2533333333333</dst>
            <dst id="LOSAng">28992.7333333333</dst>
            <dst id="NYCMng">3068.72533333333</dst>
            <dst id="SNVAng">6012.4</dst>
            <dst id="STTLng">27700.4986666667</dst>
            <dst id="WASHng">387.221333333333</dst>
        </src>
        <src id="STTLng">
            <dst id="ATLA-M5">137.826666666667</dst>
            <dst id="ATLAng">13503.2</dst>
            <dst id="CHINng">24807.5813333333</dst>
            <dst id="DNVRng">5771.784</dst>
            <dst id="HSTNng">3103.83466666667</dst>
            <dst id="IPLSng">11271.0773333333</dst>
            <dst id="KSCYng">7749.712</dst>
            <dst id="LOSAng">14626.2106666667</dst>
            <dst id="NYCMng">13990.016</dst>
            <dst id="SNVAng">7161.816</dst>
            <dst id="STTLng">7162.77866666667</dst>
            <dst id="WASHng">19619.112</dst>
        </src>
        <src id="WASHng">
            <dst id="ATLA-M5">316.949333333333</dst>
            <dst id="ATLAng">110531.282666667</dst>
            <dst id="CHINng">69206.864</dst>
            <dst id="DNVRng">72103.736</dst>
            <dst id="HSTNng">15486.5333333333</dst>
            <dst id="IPLSng">55524.328</dst>
            <dst id="KSCYng">22065.1466666667</dst>
            <dst id="LOSAng">72737.96</dst>
            <dst id="NYCMng">155420.274666667</dst>
            <dst id="SNVAng">4389.46133333333</dst>
            <dst id="STTLng">42112.44</dst>
            <dst id="WASHng">276891.466666667</dst>
        </src>
    </IntraTM>
</TrafficMatrixFile>
