<?xml version="1.0" encoding="ISO-8859-1" standalone="yes"?>
<TrafficMatrixFile xsi:noNamespaceSchemaLocation="http://totem.run.montefiore.ulg.ac.be/Schema/TrafficMatrix-v1_2.xsd" xmlns:xsi="http://www.w3.org/2001/XMLSchema-instance">
    <IntraTM ASID="11537">
        <src id="ATLA-M5">
            <dst id="ATLA-M5">0</dst>
            <dst id="ATLAng">53.3333333333333</dst>
            <dst id="CHINng">121.402666666667</dst>
            <dst id="DNVRng">0</dst>
            <dst id="HSTNng">26.6666666666667</dst>
            <dst id="IPLSng">705.648</dst>
            <dst id="KSCYng">80</dst>
            <dst id="LOSAng">1455.62133333333</dst>
            <dst id="NYCMng">198.224</dst>
            <dst id="SNVAng">0</dst>
            <dst id="STTLng">424.277333333333</dst>
            <dst id="WASHng">341.8</dst>
        </src>
        <src id="ATLAng">
            <dst id="ATLA-M5">506.568</dst>
            <dst id="ATLAng">6603.304</dst>
            <dst id="CHINng">4930.76</dst>
            <dst id="DNVRng">3024.45333333333</dst>
            <dst id="HSTNng">1253.23466666667</dst>
            <dst id="IPLSng">31089.4933333333</dst>
            <dst id="KSCYng">437.917333333333</dst>
            <dst id="LOSAng">7602.148</dst>
            <dst id="NYCMng">14900.6293333333</dst>
            <dst id="SNVAng">385.924</dst>
            <dst id="STTLng">7728.34933333333</dst>
            <dst id="WASHng">32468.4773333333</dst>
        </src>
        <src id="CHINng">
            <dst id="ATLA-M5">88.4133333333333</dst>
            <dst id="ATLAng">8612.184</dst>
            <dst id="CHINng">37236.8373333333</dst>
            <dst id="DNVRng">22746.7253333333</dst>
            <dst id="HSTNng">7605.49333333333</dst>
            <dst id="IPLSng">50704.8826666667</dst>
            <dst id="KSCYng">4181.57866666667</dst>
            <dst id="LOSAng">40577.6266666667</dst>
            <dst id="NYCMng">8167.992</dst>
            <dst id="SNVAng">2009.912</dst>
            <dst id="STTLng">7359.08533333333</dst>
            <dst id="WASHng">28277.472</dst>
        </src>
        <src id="DNVRng">
            <dst id="ATLA-M5">249.546666666667</dst>
            <dst id="ATLAng">1974.35466666667</dst>
            <dst id="CHINng">38602.5973333333</dst>
            <dst id="DNVRng">20226.016</dst>
            <dst id="HSTNng">14719.2213333333</dst>
            <dst id="IPLSng">36882.5653333333</dst>
            <dst id="KSCYng">17687.424</dst>
            <dst id="LOSAng">11744.904</dst>
            <dst id="NYCMng">13295.5573333333</dst>
            <dst id="SNVAng">12906.7173333333</dst>
            <dst id="STTLng">21685.6</dst>
            <dst id="WASHng">30093.4906666667</dst>
        </src>
        <src id="HSTNng">
            <dst id="ATLA-M5">256.688</dst>
            <dst id="ATLAng">13432.8373333333</dst>
            <dst id="CHINng">4028.51733333333</dst>
            <dst id="DNVRng">691.602666666667</dst>
            <dst id="HSTNng">12971.9466666667</dst>
            <dst id="IPLSng">1013.008</dst>
            <dst id="KSCYng">3524.10666666667</dst>
            <dst id="LOSAng">4861.064</dst>
            <dst id="NYCMng">1611.25333333333</dst>
            <dst id="SNVAng">0</dst>
            <dst id="STTLng">2896.81866666667</dst>
            <dst id="WASHng">3012.408</dst>
        </src>
        <src id="IPLSng">
            <dst id="ATLA-M5">0</dst>
            <dst id="ATLAng">14420.3306666667</dst>
            <dst id="CHINng">40346.1253333333</dst>
            <dst id="DNVRng">12399.0933333333</dst>
            <dst id="HSTNng">1990.13866666667</dst>
            <dst id="IPLSng">12335.0346666667</dst>
            <dst id="KSCYng">2379.29866666667</dst>
            <dst id="LOSAng">20973.6506666667</dst>
            <dst id="NYCMng">44750.9146666667</dst>
            <dst id="SNVAng">446.882666666667</dst>
            <dst id="STTLng">9511.73866666667</dst>
            <dst id="WASHng">18466.2906666667</dst>
        </src>
        <src id="KSCYng">
            <dst id="ATLA-M5">851.818666666667</dst>
            <dst id="ATLAng">3314.18666666667</dst>
            <dst id="CHINng">8130.10133333333</dst>
            <dst id="DNVRng">6982.33333333333</dst>
            <dst id="HSTNng">11999.976</dst>
            <dst id="IPLSng">10930.7813333333</dst>
            <dst id="KSCYng">3413.992</dst>
            <dst id="LOSAng">7867.048</dst>
            <dst id="NYCMng">2570.168</dst>
            <dst id="SNVAng">3526.50933333333</dst>
            <dst id="STTLng">4513.38133333333</dst>
            <dst id="WASHng">7111.51466666667</dst>
        </src>
        <src id="LOSAng">
            <dst id="ATLA-M5">102.626666666667</dst>
            <dst id="ATLAng">25131.0506666667</dst>
            <dst id="CHINng">58367.024</dst>
            <dst id="DNVRng">20553.0693333333</dst>
            <dst id="HSTNng">2512.37066666667</dst>
            <dst id="IPLSng">23650.2773333333</dst>
            <dst id="KSCYng">5629.54666666667</dst>
            <dst id="LOSAng">21404.5786666667</dst>
            <dst id="NYCMng">44718.944</dst>
            <dst id="SNVAng">14710.1306666667</dst>
            <dst id="STTLng">26813.6986666667</dst>
            <dst id="WASHng">63262.1946666667</dst>
        </src>
        <src id="NYCMng">
            <dst id="ATLA-M5">620.869333333333</dst>
            <dst id="ATLAng">17164.3173333333</dst>
            <dst id="CHINng">12068.0933333333</dst>
            <dst id="DNVRng">22857.1013333333</dst>
            <dst id="HSTNng">16531.3813333333</dst>
            <dst id="IPLSng">12540.8506666667</dst>
            <dst id="KSCYng">4885.944</dst>
            <dst id="LOSAng">76056.2426666667</dst>
            <dst id="NYCMng">54685.488</dst>
            <dst id="SNVAng">1783.02933333333</dst>
            <dst id="STTLng">15151.7253333333</dst>
            <dst id="WASHng">33187.04</dst>
        </src>
        <src id="SNVAng">
            <dst id="ATLA-M5">0</dst>
            <dst id="ATLAng">621.378666666667</dst>
            <dst id="CHINng">1930.58133333333</dst>
            <dst id="DNVRng">1336.21333333333</dst>
            <dst id="HSTNng">26.6666666666667</dst>
            <dst id="IPLSng">227.437333333333</dst>
            <dst id="KSCYng">0</dst>
            <dst id="LOSAng">34318.2293333333</dst>
            <dst id="NYCMng">308.928</dst>
            <dst id="SNVAng">4948.26133333333</dst>
            <dst id="STTLng">26713.0506666667</dst>
            <dst id="WASHng">26.6666666666667</dst>
        </src>
        <src id="STTLng">
            <dst id="ATLA-M5">419.717333333333</dst>
            <dst id="ATLAng">9667.49866666666</dst>
            <dst id="CHINng">12804.3493333333</dst>
            <dst id="DNVRng">2747.21066666667</dst>
            <dst id="HSTNng">1448.576</dst>
            <dst id="IPLSng">9228.728</dst>
            <dst id="KSCYng">10054.5333333333</dst>
            <dst id="LOSAng">22300.4213333333</dst>
            <dst id="NYCMng">10793.5493333333</dst>
            <dst id="SNVAng">1668.37866666667</dst>
            <dst id="STTLng">2718.296</dst>
            <dst id="WASHng">6047.30133333333</dst>
        </src>
        <src id="WASHng">
            <dst id="ATLA-M5">581.445333333333</dst>
            <dst id="ATLAng">103525.674666667</dst>
            <dst id="CHINng">37444.9253333333</dst>
            <dst id="DNVRng">59656.456</dst>
            <dst id="HSTNng">12706.8186666667</dst>
            <dst id="IPLSng">46920.2053333333</dst>
            <dst id="KSCYng">10407.288</dst>
            <dst id="LOSAng">66541.1973333333</dst>
            <dst id="NYCMng">152421.450666667</dst>
            <dst id="SNVAng">4695.61333333333</dst>
            <dst id="STTLng">35885.3306666667</dst>
            <dst id="WASHng">174221.466666667</dst>
        </src>
    </IntraTM>
</TrafficMatrixFile>
