<?xml version="1.0" encoding="ISO-8859-1" standalone="yes"?>
<TrafficMatrixFile xsi:noNamespaceSchemaLocation="http://totem.run.montefiore.ulg.ac.be/Schema/TrafficMatrix-v1_2.xsd" xmlns:xsi="http://www.w3.org/2001/XMLSchema-instance">
    <IntraTM ASID="11537">
        <src id="ATLA-M5">
            <dst id="ATLA-M5">80.0693333333333</dst>
            <dst id="ATLAng">254.285333333333</dst>
            <dst id="CHINng">28</dst>
            <dst id="DNVRng">26.6666666666667</dst>
            <dst id="HSTNng">90.0186666666667</dst>
            <dst id="IPLSng">142.666666666667</dst>
            <dst id="KSCYng">74.1253333333333</dst>
            <dst id="LOSAng">357.093333333333</dst>
            <dst id="NYCMng">26.6666666666667</dst>
            <dst id="SNVAng">13.3333333333333</dst>
            <dst id="STTLng">26.6666666666667</dst>
            <dst id="WASHng">164.274666666667</dst>
        </src>
        <src id="ATLAng">
            <dst id="ATLA-M5">192.989333333333</dst>
            <dst id="ATLAng">50109.088</dst>
            <dst id="CHINng">11001.6826666667</dst>
            <dst id="DNVRng">8041.41333333333</dst>
            <dst id="HSTNng">2327.51733333333</dst>
            <dst id="IPLSng">17675.264</dst>
            <dst id="KSCYng">528.237333333333</dst>
            <dst id="LOSAng">11918.608</dst>
            <dst id="NYCMng">2851.488</dst>
            <dst id="SNVAng">60.9466666666667</dst>
            <dst id="STTLng">6841.224</dst>
            <dst id="WASHng">28900.112</dst>
        </src>
        <src id="CHINng">
            <dst id="ATLA-M5">862.861333333333</dst>
            <dst id="ATLAng">8482.464</dst>
            <dst id="CHINng">37436.96</dst>
            <dst id="DNVRng">10749.008</dst>
            <dst id="HSTNng">10591.928</dst>
            <dst id="IPLSng">27462.672</dst>
            <dst id="KSCYng">10486.4106666667</dst>
            <dst id="LOSAng">41777.6666666667</dst>
            <dst id="NYCMng">13043.968</dst>
            <dst id="SNVAng">7401.41066666667</dst>
            <dst id="STTLng">9643.05333333334</dst>
            <dst id="WASHng">31822.9093333333</dst>
        </src>
        <src id="DNVRng">
            <dst id="ATLA-M5">261.546666666667</dst>
            <dst id="ATLAng">8909.032</dst>
            <dst id="CHINng">51248.1013333333</dst>
            <dst id="DNVRng">18235.7786666667</dst>
            <dst id="HSTNng">19969.36</dst>
            <dst id="IPLSng">27180.8613333333</dst>
            <dst id="KSCYng">30994.3706666667</dst>
            <dst id="LOSAng">32502.992</dst>
            <dst id="NYCMng">17052.808</dst>
            <dst id="SNVAng">28044.64</dst>
            <dst id="STTLng">11044.728</dst>
            <dst id="WASHng">38117.128</dst>
        </src>
        <src id="HSTNng">
            <dst id="ATLA-M5">2834.616</dst>
            <dst id="ATLAng">1809.19466666667</dst>
            <dst id="CHINng">10914.3466666667</dst>
            <dst id="DNVRng">1386.688</dst>
            <dst id="HSTNng">13145.256</dst>
            <dst id="IPLSng">1191.88</dst>
            <dst id="KSCYng">2448.90133333333</dst>
            <dst id="LOSAng">7479.13866666667</dst>
            <dst id="NYCMng">3122.07466666667</dst>
            <dst id="SNVAng">0</dst>
            <dst id="STTLng">1119.76266666667</dst>
            <dst id="WASHng">15427.9573333333</dst>
        </src>
        <src id="IPLSng">
            <dst id="ATLA-M5">0</dst>
            <dst id="ATLAng">11540.4293333333</dst>
            <dst id="CHINng">45060.9866666667</dst>
            <dst id="DNVRng">17146.4746666667</dst>
            <dst id="HSTNng">1348.784</dst>
            <dst id="IPLSng">28459.6933333333</dst>
            <dst id="KSCYng">8787.91466666667</dst>
            <dst id="LOSAng">18665.872</dst>
            <dst id="NYCMng">25387.9146666667</dst>
            <dst id="SNVAng">2238.36266666667</dst>
            <dst id="STTLng">13739.3546666667</dst>
            <dst id="WASHng">22413.016</dst>
        </src>
        <src id="KSCYng">
            <dst id="ATLA-M5">551.626666666667</dst>
            <dst id="ATLAng">1886.05066666667</dst>
            <dst id="CHINng">12996.9786666667</dst>
            <dst id="DNVRng">9409.24533333333</dst>
            <dst id="HSTNng">3262.11466666667</dst>
            <dst id="IPLSng">14891.704</dst>
            <dst id="KSCYng">10644.3893333333</dst>
            <dst id="LOSAng">8326.23466666667</dst>
            <dst id="NYCMng">3780.328</dst>
            <dst id="SNVAng">2548.39466666667</dst>
            <dst id="STTLng">5479.45866666667</dst>
            <dst id="WASHng">7446.14933333333</dst>
        </src>
        <src id="LOSAng">
            <dst id="ATLA-M5">26.6666666666667</dst>
            <dst id="ATLAng">16786.9253333333</dst>
            <dst id="CHINng">50957.7626666667</dst>
            <dst id="DNVRng">8853.60533333333</dst>
            <dst id="HSTNng">9485.05866666667</dst>
            <dst id="IPLSng">17813.264</dst>
            <dst id="KSCYng">3309.43733333333</dst>
            <dst id="LOSAng">77773.2773333333</dst>
            <dst id="NYCMng">32344.6026666667</dst>
            <dst id="SNVAng">18187.9893333333</dst>
            <dst id="STTLng">24391.5786666667</dst>
            <dst id="WASHng">24634.0133333333</dst>
        </src>
        <src id="NYCMng">
            <dst id="ATLA-M5">523.256</dst>
            <dst id="ATLAng">19394.7306666667</dst>
            <dst id="CHINng">15532.2746666667</dst>
            <dst id="DNVRng">26155.856</dst>
            <dst id="HSTNng">12696.416</dst>
            <dst id="IPLSng">16345.7093333333</dst>
            <dst id="KSCYng">12842.9013333333</dst>
            <dst id="LOSAng">67341.416</dst>
            <dst id="NYCMng">70921.2986666667</dst>
            <dst id="SNVAng">3836.52533333333</dst>
            <dst id="STTLng">33521.3146666667</dst>
            <dst id="WASHng">43891.1653333333</dst>
        </src>
        <src id="SNVAng">
            <dst id="ATLA-M5">0</dst>
            <dst id="ATLAng">685.213333333333</dst>
            <dst id="CHINng">80</dst>
            <dst id="DNVRng">12626.6426666667</dst>
            <dst id="HSTNng">1772.24533333333</dst>
            <dst id="IPLSng">204.466666666667</dst>
            <dst id="KSCYng">26.6666666666667</dst>
            <dst id="LOSAng">37726.6266666667</dst>
            <dst id="NYCMng">279.973333333333</dst>
            <dst id="SNVAng">9452.81333333333</dst>
            <dst id="STTLng">37415.68</dst>
            <dst id="WASHng">318.816</dst>
        </src>
        <src id="STTLng">
            <dst id="ATLA-M5">64.0586666666667</dst>
            <dst id="ATLAng">11856.9813333333</dst>
            <dst id="CHINng">11503.3866666667</dst>
            <dst id="DNVRng">2804.23733333333</dst>
            <dst id="HSTNng">7691.20266666667</dst>
            <dst id="IPLSng">5772.94133333333</dst>
            <dst id="KSCYng">3042.864</dst>
            <dst id="LOSAng">117933.082666667</dst>
            <dst id="NYCMng">15238.5493333333</dst>
            <dst id="SNVAng">3627.37333333333</dst>
            <dst id="STTLng">25176.256</dst>
            <dst id="WASHng">14784.208</dst>
        </src>
        <src id="WASHng">
            <dst id="ATLA-M5">80</dst>
            <dst id="ATLAng">91623.5946666667</dst>
            <dst id="CHINng">81576.7573333333</dst>
            <dst id="DNVRng">62928.248</dst>
            <dst id="HSTNng">30151.496</dst>
            <dst id="IPLSng">51092.4</dst>
            <dst id="KSCYng">13246.9413333333</dst>
            <dst id="LOSAng">74330.0186666667</dst>
            <dst id="NYCMng">172909.533333333</dst>
            <dst id="SNVAng">1748.016</dst>
            <dst id="STTLng">51460.9333333333</dst>
            <dst id="WASHng">226861.442666667</dst>
        </src>
    </IntraTM>
</TrafficMatrixFile>
