<?xml version="1.0" encoding="ISO-8859-1" standalone="yes"?>
<TrafficMatrixFile xsi:noNamespaceSchemaLocation="http://totem.run.montefiore.ulg.ac.be/Schema/TrafficMatrix-v1_2.xsd" xmlns:xsi="http://www.w3.org/2001/XMLSchema-instance">
    <IntraTM ASID="11537">
        <src id="ATLA-M5">
            <dst id="ATLA-M5">0</dst>
            <dst id="ATLAng">79.52</dst>
            <dst id="CHINng">171.722666666667</dst>
            <dst id="DNVRng">0</dst>
            <dst id="HSTNng">68.3093333333333</dst>
            <dst id="IPLSng">0</dst>
            <dst id="KSCYng">1018.29066666667</dst>
            <dst id="LOSAng">289.309333333333</dst>
            <dst id="NYCMng">74.88</dst>
            <dst id="SNVAng">0</dst>
            <dst id="STTLng">424.752</dst>
            <dst id="WASHng">755.277333333333</dst>
        </src>
        <src id="ATLAng">
            <dst id="ATLA-M5">55.7706666666667</dst>
            <dst id="ATLAng">29044.4933333333</dst>
            <dst id="CHINng">3214.792</dst>
            <dst id="DNVRng">3877.09333333333</dst>
            <dst id="HSTNng">6337.72</dst>
            <dst id="IPLSng">11916.296</dst>
            <dst id="KSCYng">436.506666666667</dst>
            <dst id="LOSAng">12325.9386666667</dst>
            <dst id="NYCMng">2151.77066666667</dst>
            <dst id="SNVAng">26.6666666666667</dst>
            <dst id="STTLng">6874.232</dst>
            <dst id="WASHng">28024.48</dst>
        </src>
        <src id="CHINng">
            <dst id="ATLA-M5">5795.14933333333</dst>
            <dst id="ATLAng">9557.81333333333</dst>
            <dst id="CHINng">61902.464</dst>
            <dst id="DNVRng">6610.30933333333</dst>
            <dst id="HSTNng">5392.57066666667</dst>
            <dst id="IPLSng">23278.544</dst>
            <dst id="KSCYng">6413.95733333333</dst>
            <dst id="LOSAng">39656.9786666667</dst>
            <dst id="NYCMng">9677.71733333333</dst>
            <dst id="SNVAng">2706.98133333333</dst>
            <dst id="STTLng">6783.62133333333</dst>
            <dst id="WASHng">27855.736</dst>
        </src>
        <src id="DNVRng">
            <dst id="ATLA-M5">152.821333333333</dst>
            <dst id="ATLAng">14121.0506666667</dst>
            <dst id="CHINng">52564.2933333333</dst>
            <dst id="DNVRng">11709.64</dst>
            <dst id="HSTNng">14469.3733333333</dst>
            <dst id="IPLSng">29890.424</dst>
            <dst id="KSCYng">21215.9093333333</dst>
            <dst id="LOSAng">12016.504</dst>
            <dst id="NYCMng">16058.232</dst>
            <dst id="SNVAng">8385.544</dst>
            <dst id="STTLng">12655.5866666667</dst>
            <dst id="WASHng">29521.9946666667</dst>
        </src>
        <src id="HSTNng">
            <dst id="ATLA-M5">1279.62133333333</dst>
            <dst id="ATLAng">5410.248</dst>
            <dst id="CHINng">4888.95466666667</dst>
            <dst id="DNVRng">1401.80533333333</dst>
            <dst id="HSTNng">13472.1653333333</dst>
            <dst id="IPLSng">11630.3173333333</dst>
            <dst id="KSCYng">2122.392</dst>
            <dst id="LOSAng">13590.0293333333</dst>
            <dst id="NYCMng">1887.904</dst>
            <dst id="SNVAng">0</dst>
            <dst id="STTLng">685.293333333333</dst>
            <dst id="WASHng">3950.52533333333</dst>
        </src>
        <src id="IPLSng">
            <dst id="ATLA-M5">0</dst>
            <dst id="ATLAng">15386.576</dst>
            <dst id="CHINng">53763.64</dst>
            <dst id="DNVRng">23760.2026666667</dst>
            <dst id="HSTNng">1482.90933333333</dst>
            <dst id="IPLSng">22025.8986666667</dst>
            <dst id="KSCYng">13261.488</dst>
            <dst id="LOSAng">18736.0826666667</dst>
            <dst id="NYCMng">27671.904</dst>
            <dst id="SNVAng">413.221333333333</dst>
            <dst id="STTLng">6504.39466666667</dst>
            <dst id="WASHng">8221.47466666667</dst>
        </src>
        <src id="KSCYng">
            <dst id="ATLA-M5">968.261333333333</dst>
            <dst id="ATLAng">1465.48</dst>
            <dst id="CHINng">11502.6186666667</dst>
            <dst id="DNVRng">10742.9146666667</dst>
            <dst id="HSTNng">2812.23466666667</dst>
            <dst id="IPLSng">14397.824</dst>
            <dst id="KSCYng">6530.99733333333</dst>
            <dst id="LOSAng">10233.1413333333</dst>
            <dst id="NYCMng">2548.992</dst>
            <dst id="SNVAng">2204.33066666667</dst>
            <dst id="STTLng">3403.18666666667</dst>
            <dst id="WASHng">7916.64266666667</dst>
        </src>
        <src id="LOSAng">
            <dst id="ATLA-M5">227.64</dst>
            <dst id="ATLAng">13877.4746666667</dst>
            <dst id="CHINng">74961.3306666667</dst>
            <dst id="DNVRng">24881.224</dst>
            <dst id="HSTNng">12555.688</dst>
            <dst id="IPLSng">19827.312</dst>
            <dst id="KSCYng">2854.82133333333</dst>
            <dst id="LOSAng">26954.16</dst>
            <dst id="NYCMng">27534.2293333333</dst>
            <dst id="SNVAng">19250.6133333333</dst>
            <dst id="STTLng">67599.88</dst>
            <dst id="WASHng">27596.6053333333</dst>
        </src>
        <src id="NYCMng">
            <dst id="ATLA-M5">4589.272</dst>
            <dst id="ATLAng">27424.6666666667</dst>
            <dst id="CHINng">11530.2026666667</dst>
            <dst id="DNVRng">30373.6693333333</dst>
            <dst id="HSTNng">9128.75466666667</dst>
            <dst id="IPLSng">24627.7333333333</dst>
            <dst id="KSCYng">6662.55466666667</dst>
            <dst id="LOSAng">69067.3386666667</dst>
            <dst id="NYCMng">86951.5493333333</dst>
            <dst id="SNVAng">1479.328</dst>
            <dst id="STTLng">30573.6373333333</dst>
            <dst id="WASHng">47264.928</dst>
        </src>
        <src id="SNVAng">
            <dst id="ATLA-M5">0</dst>
            <dst id="ATLAng">641.002666666667</dst>
            <dst id="CHINng">26.6666666666667</dst>
            <dst id="DNVRng">9499.112</dst>
            <dst id="HSTNng">39.424</dst>
            <dst id="IPLSng">140.746666666667</dst>
            <dst id="KSCYng">0</dst>
            <dst id="LOSAng">34954.8986666667</dst>
            <dst id="NYCMng">239.274666666667</dst>
            <dst id="SNVAng">6756.91733333333</dst>
            <dst id="STTLng">29069.3546666667</dst>
            <dst id="WASHng">26.6666666666667</dst>
        </src>
        <src id="STTLng">
            <dst id="ATLA-M5">343.693333333333</dst>
            <dst id="ATLAng">6968.70933333333</dst>
            <dst id="CHINng">12781.6853333333</dst>
            <dst id="DNVRng">3504.432</dst>
            <dst id="HSTNng">952.368</dst>
            <dst id="IPLSng">12250.9386666667</dst>
            <dst id="KSCYng">1587.62933333333</dst>
            <dst id="LOSAng">20132.44</dst>
            <dst id="NYCMng">17476.0853333333</dst>
            <dst id="SNVAng">2186.328</dst>
            <dst id="STTLng">20841.3466666667</dst>
            <dst id="WASHng">10608.08</dst>
        </src>
        <src id="WASHng">
            <dst id="ATLA-M5">1853.54933333333</dst>
            <dst id="ATLAng">64675.344</dst>
            <dst id="CHINng">98008.88</dst>
            <dst id="DNVRng">57292.096</dst>
            <dst id="HSTNng">20224.9386666667</dst>
            <dst id="IPLSng">56594.688</dst>
            <dst id="KSCYng">24232.248</dst>
            <dst id="LOSAng">64030.76</dst>
            <dst id="NYCMng">160439.904</dst>
            <dst id="SNVAng">2068.05333333333</dst>
            <dst id="STTLng">59241.456</dst>
            <dst id="WASHng">212705.504</dst>
        </src>
    </IntraTM>
</TrafficMatrixFile>
