<?xml version="1.0" encoding="ISO-8859-1" standalone="yes"?>
<TrafficMatrixFile xsi:noNamespaceSchemaLocation="http://totem.run.montefiore.ulg.ac.be/Schema/TrafficMatrix-v1_2.xsd" xmlns:xsi="http://www.w3.org/2001/XMLSchema-instance">
    <IntraTM ASID="11537">
        <src id="ATLA-M5">
            <dst id="ATLA-M5">0</dst>
            <dst id="ATLAng">0</dst>
            <dst id="CHINng">121.149333333333</dst>
            <dst id="DNVRng">66.4746666666667</dst>
            <dst id="HSTNng">29.8933333333333</dst>
            <dst id="IPLSng">53.3333333333333</dst>
            <dst id="KSCYng">26.6666666666667</dst>
            <dst id="LOSAng">306.792</dst>
            <dst id="NYCMng">26.6666666666667</dst>
            <dst id="SNVAng">0</dst>
            <dst id="STTLng">153.536</dst>
            <dst id="WASHng">961.421333333333</dst>
        </src>
        <src id="ATLAng">
            <dst id="ATLA-M5">171.528</dst>
            <dst id="ATLAng">8459.71733333333</dst>
            <dst id="CHINng">4043.13333333333</dst>
            <dst id="DNVRng">1831.10133333333</dst>
            <dst id="HSTNng">3767.41866666667</dst>
            <dst id="IPLSng">21250.9893333333</dst>
            <dst id="KSCYng">506.317333333333</dst>
            <dst id="LOSAng">7519.732</dst>
            <dst id="NYCMng">5166.75466666667</dst>
            <dst id="SNVAng">230.041333333333</dst>
            <dst id="STTLng">11469.2613333333</dst>
            <dst id="WASHng">32797.0586666667</dst>
        </src>
        <src id="CHINng">
            <dst id="ATLA-M5">53.0133333333333</dst>
            <dst id="ATLAng">11627.4853333333</dst>
            <dst id="CHINng">41976.2053333333</dst>
            <dst id="DNVRng">40348.2533333333</dst>
            <dst id="HSTNng">5671.488</dst>
            <dst id="IPLSng">28207.184</dst>
            <dst id="KSCYng">6540.82933333333</dst>
            <dst id="LOSAng">38060.8933333333</dst>
            <dst id="NYCMng">20692.2026666667</dst>
            <dst id="SNVAng">3111.40266666667</dst>
            <dst id="STTLng">5833.63733333333</dst>
            <dst id="WASHng">47813.2106666667</dst>
        </src>
        <src id="DNVRng">
            <dst id="ATLA-M5">167.293333333333</dst>
            <dst id="ATLAng">3274.70933333333</dst>
            <dst id="CHINng">46646.9813333333</dst>
            <dst id="DNVRng">28895.64</dst>
            <dst id="HSTNng">13921.0853333333</dst>
            <dst id="IPLSng">48084.7386666667</dst>
            <dst id="KSCYng">12244.6346666667</dst>
            <dst id="LOSAng">16763.04</dst>
            <dst id="NYCMng">14925.792</dst>
            <dst id="SNVAng">11278.1813333333</dst>
            <dst id="STTLng">27186.3733333333</dst>
            <dst id="WASHng">37777.1866666667</dst>
        </src>
        <src id="HSTNng">
            <dst id="ATLA-M5">363.562666666667</dst>
            <dst id="ATLAng">12565.3306666667</dst>
            <dst id="CHINng">9518.50133333333</dst>
            <dst id="DNVRng">1053.52533333333</dst>
            <dst id="HSTNng">14734.984</dst>
            <dst id="IPLSng">2242.39733333333</dst>
            <dst id="KSCYng">954.546666666667</dst>
            <dst id="LOSAng">5386.14933333333</dst>
            <dst id="NYCMng">5869.92266666667</dst>
            <dst id="SNVAng">36</dst>
            <dst id="STTLng">2144.66666666667</dst>
            <dst id="WASHng">16075.904</dst>
        </src>
        <src id="IPLSng">
            <dst id="ATLA-M5">0</dst>
            <dst id="ATLAng">29834.5066666667</dst>
            <dst id="CHINng">64259.6826666667</dst>
            <dst id="DNVRng">7130.33333333333</dst>
            <dst id="HSTNng">2255.032</dst>
            <dst id="IPLSng">47361.2746666667</dst>
            <dst id="KSCYng">5392.26933333333</dst>
            <dst id="LOSAng">20362.7813333333</dst>
            <dst id="NYCMng">20287.5733333333</dst>
            <dst id="SNVAng">1030.18933333333</dst>
            <dst id="STTLng">7007.13866666667</dst>
            <dst id="WASHng">40185.616</dst>
        </src>
        <src id="KSCYng">
            <dst id="ATLA-M5">0</dst>
            <dst id="ATLAng">3238.224</dst>
            <dst id="CHINng">14904.3386666667</dst>
            <dst id="DNVRng">8156.976</dst>
            <dst id="HSTNng">12321.8133333333</dst>
            <dst id="IPLSng">8612.984</dst>
            <dst id="KSCYng">7302.95733333333</dst>
            <dst id="LOSAng">6651.768</dst>
            <dst id="NYCMng">3604.14666666667</dst>
            <dst id="SNVAng">2521.304</dst>
            <dst id="STTLng">3133.47733333333</dst>
            <dst id="WASHng">13967.6026666667</dst>
        </src>
        <src id="LOSAng">
            <dst id="ATLA-M5">534.984</dst>
            <dst id="ATLAng">17879.2106666667</dst>
            <dst id="CHINng">74914.272</dst>
            <dst id="DNVRng">32633.56</dst>
            <dst id="HSTNng">8346.21333333333</dst>
            <dst id="IPLSng">12545.2933333333</dst>
            <dst id="KSCYng">5435.43733333333</dst>
            <dst id="LOSAng">25830.3013333333</dst>
            <dst id="NYCMng">31599.384</dst>
            <dst id="SNVAng">16480.3493333333</dst>
            <dst id="STTLng">24472.5973333333</dst>
            <dst id="WASHng">24118.1653333333</dst>
        </src>
        <src id="NYCMng">
            <dst id="ATLA-M5">700.776</dst>
            <dst id="ATLAng">20686.48</dst>
            <dst id="CHINng">23261.3546666667</dst>
            <dst id="DNVRng">27763.9946666667</dst>
            <dst id="HSTNng">7512.46133333333</dst>
            <dst id="IPLSng">30495.1653333333</dst>
            <dst id="KSCYng">15647.048</dst>
            <dst id="LOSAng">80470.8213333333</dst>
            <dst id="NYCMng">114252.704</dst>
            <dst id="SNVAng">5786.704</dst>
            <dst id="STTLng">25735.7573333333</dst>
            <dst id="WASHng">65827.304</dst>
        </src>
        <src id="SNVAng">
            <dst id="ATLA-M5">0</dst>
            <dst id="ATLAng">60.7573333333333</dst>
            <dst id="CHINng">106.666666666667</dst>
            <dst id="DNVRng">5057.824</dst>
            <dst id="HSTNng">68.048</dst>
            <dst id="IPLSng">185.026666666667</dst>
            <dst id="KSCYng">0</dst>
            <dst id="LOSAng">43015.2426666667</dst>
            <dst id="NYCMng">560.202666666667</dst>
            <dst id="SNVAng">5124.45333333333</dst>
            <dst id="STTLng">27687.7146666667</dst>
            <dst id="WASHng">195.546666666667</dst>
        </src>
        <src id="STTLng">
            <dst id="ATLA-M5">88.4426666666667</dst>
            <dst id="ATLAng">7454.88266666667</dst>
            <dst id="CHINng">13977.0346666667</dst>
            <dst id="DNVRng">4990.936</dst>
            <dst id="HSTNng">8477.216</dst>
            <dst id="IPLSng">8774.864</dst>
            <dst id="KSCYng">2243.632</dst>
            <dst id="LOSAng">21512.4826666667</dst>
            <dst id="NYCMng">15132.0693333333</dst>
            <dst id="SNVAng">2645.84</dst>
            <dst id="STTLng">1829.37866666667</dst>
            <dst id="WASHng">11623.7866666667</dst>
        </src>
        <src id="WASHng">
            <dst id="ATLA-M5">138.752</dst>
            <dst id="ATLAng">102291.016</dst>
            <dst id="CHINng">55711.2133333333</dst>
            <dst id="DNVRng">80519.128</dst>
            <dst id="HSTNng">10621.6586666667</dst>
            <dst id="IPLSng">53824.7493333333</dst>
            <dst id="KSCYng">8017.34666666667</dst>
            <dst id="LOSAng">80357.256</dst>
            <dst id="NYCMng">121192.634666667</dst>
            <dst id="SNVAng">18392.72</dst>
            <dst id="STTLng">42153.216</dst>
            <dst id="WASHng">208279.008</dst>
        </src>
    </IntraTM>
</TrafficMatrixFile>
