<?xml version="1.0" encoding="ISO-8859-1" standalone="yes"?>
<TrafficMatrixFile xsi:noNamespaceSchemaLocation="http://totem.run.montefiore.ulg.ac.be/Schema/TrafficMatrix-v1_2.xsd" xmlns:xsi="http://www.w3.org/2001/XMLSchema-instance">
    <IntraTM ASID="11537">
        <src id="ATLA-M5">
            <dst id="ATLA-M5">162.608</dst>
            <dst id="ATLAng">1298.83733333333</dst>
            <dst id="CHINng">80</dst>
            <dst id="DNVRng">26.6666666666667</dst>
            <dst id="HSTNng">265.394666666667</dst>
            <dst id="IPLSng">386.853333333333</dst>
            <dst id="KSCYng">453.018666666667</dst>
            <dst id="LOSAng">206.997333333333</dst>
            <dst id="NYCMng">26.6666666666667</dst>
            <dst id="SNVAng">0</dst>
            <dst id="STTLng">164.056</dst>
            <dst id="WASHng">975.776</dst>
        </src>
        <src id="ATLAng">
            <dst id="ATLA-M5">366.826666666667</dst>
            <dst id="ATLAng">77596.5066666667</dst>
            <dst id="CHINng">16265.6773333333</dst>
            <dst id="DNVRng">3139.28</dst>
            <dst id="HSTNng">4286.77866666667</dst>
            <dst id="IPLSng">21416.2826666667</dst>
            <dst id="KSCYng">6375.592</dst>
            <dst id="LOSAng">18291.492</dst>
            <dst id="NYCMng">11038.8693333333</dst>
            <dst id="SNVAng">937.86</dst>
            <dst id="STTLng">8611.34933333334</dst>
            <dst id="WASHng">71390.08</dst>
        </src>
        <src id="CHINng">
            <dst id="ATLA-M5">691.746666666667</dst>
            <dst id="ATLAng">20052.512</dst>
            <dst id="CHINng">68433.6293333334</dst>
            <dst id="DNVRng">15444.0906666667</dst>
            <dst id="HSTNng">12305.5733333333</dst>
            <dst id="IPLSng">38721.616</dst>
            <dst id="KSCYng">28952.928</dst>
            <dst id="LOSAng">32701.4533333333</dst>
            <dst id="NYCMng">12286.8666666667</dst>
            <dst id="SNVAng">9479.264</dst>
            <dst id="STTLng">7718.53066666667</dst>
            <dst id="WASHng">27212.512</dst>
        </src>
        <src id="DNVRng">
            <dst id="ATLA-M5">347.674666666667</dst>
            <dst id="ATLAng">8625.42666666667</dst>
            <dst id="CHINng">73325.2293333334</dst>
            <dst id="DNVRng">12889.5573333333</dst>
            <dst id="HSTNng">23678.4106666667</dst>
            <dst id="IPLSng">37942.0373333333</dst>
            <dst id="KSCYng">35981.5813333333</dst>
            <dst id="LOSAng">11897.7253333333</dst>
            <dst id="NYCMng">26393.408</dst>
            <dst id="SNVAng">33065.7866666667</dst>
            <dst id="STTLng">11308.2746666667</dst>
            <dst id="WASHng">41833.52</dst>
        </src>
        <src id="HSTNng">
            <dst id="ATLA-M5">3131.352</dst>
            <dst id="ATLAng">11251.352</dst>
            <dst id="CHINng">21342.904</dst>
            <dst id="DNVRng">2487.10133333333</dst>
            <dst id="HSTNng">12870.9386666667</dst>
            <dst id="IPLSng">2258.44533333333</dst>
            <dst id="KSCYng">6233.608</dst>
            <dst id="LOSAng">10082.808</dst>
            <dst id="NYCMng">2733.21333333333</dst>
            <dst id="SNVAng">133.456</dst>
            <dst id="STTLng">352.909333333333</dst>
            <dst id="WASHng">13548.3893333333</dst>
        </src>
        <src id="IPLSng">
            <dst id="ATLA-M5">199.525333333333</dst>
            <dst id="ATLAng">31384.376</dst>
            <dst id="CHINng">74426.7946666667</dst>
            <dst id="DNVRng">10337.0266666667</dst>
            <dst id="HSTNng">1526.34133333333</dst>
            <dst id="IPLSng">31745.368</dst>
            <dst id="KSCYng">7500.43466666667</dst>
            <dst id="LOSAng">22561.2266666667</dst>
            <dst id="NYCMng">54546.0186666667</dst>
            <dst id="SNVAng">8536.01333333333</dst>
            <dst id="STTLng">6121.42133333333</dst>
            <dst id="WASHng">23481.4666666667</dst>
        </src>
        <src id="KSCYng">
            <dst id="ATLA-M5">117.061333333333</dst>
            <dst id="ATLAng">10302.6293333333</dst>
            <dst id="CHINng">24990.712</dst>
            <dst id="DNVRng">8308.23733333333</dst>
            <dst id="HSTNng">3479.48</dst>
            <dst id="IPLSng">12698.8773333333</dst>
            <dst id="KSCYng">8680.096</dst>
            <dst id="LOSAng">4770.78666666667</dst>
            <dst id="NYCMng">2633.11466666667</dst>
            <dst id="SNVAng">3105.63466666667</dst>
            <dst id="STTLng">2668.36</dst>
            <dst id="WASHng">9634.88</dst>
        </src>
        <src id="LOSAng">
            <dst id="ATLA-M5">672.976</dst>
            <dst id="ATLAng">19464.7226666667</dst>
            <dst id="CHINng">2703394.4</dst>
            <dst id="DNVRng">26970.2906666667</dst>
            <dst id="HSTNng">6011.60533333333</dst>
            <dst id="IPLSng">39717.9013333333</dst>
            <dst id="KSCYng">14610.6746666667</dst>
            <dst id="LOSAng">16443.328</dst>
            <dst id="NYCMng">48770.6586666667</dst>
            <dst id="SNVAng">30234.9306666667</dst>
            <dst id="STTLng">23843.4373333333</dst>
            <dst id="WASHng">36843.472</dst>
        </src>
        <src id="NYCMng">
            <dst id="ATLA-M5">487.346666666667</dst>
            <dst id="ATLAng">37791.808</dst>
            <dst id="CHINng">32394.6746666667</dst>
            <dst id="DNVRng">32034.656</dst>
            <dst id="HSTNng">11505.1173333333</dst>
            <dst id="IPLSng">43283.376</dst>
            <dst id="KSCYng">20100.7866666667</dst>
            <dst id="LOSAng">82065.5733333333</dst>
            <dst id="NYCMng">142979.509333333</dst>
            <dst id="SNVAng">4759.81066666667</dst>
            <dst id="STTLng">25078.6506666667</dst>
            <dst id="WASHng">68182.8053333333</dst>
        </src>
        <src id="SNVAng">
            <dst id="ATLA-M5">0</dst>
            <dst id="ATLAng">117.432</dst>
            <dst id="CHINng">68</dst>
            <dst id="DNVRng">19779.392</dst>
            <dst id="HSTNng">112.261333333333</dst>
            <dst id="IPLSng">291.309333333333</dst>
            <dst id="KSCYng">0</dst>
            <dst id="LOSAng">40772.9386666667</dst>
            <dst id="NYCMng">467.52</dst>
            <dst id="SNVAng">9565.408</dst>
            <dst id="STTLng">31542.7866666667</dst>
            <dst id="WASHng">116.096</dst>
        </src>
        <src id="STTLng">
            <dst id="ATLA-M5">512.901333333333</dst>
            <dst id="ATLAng">14146.8506666667</dst>
            <dst id="CHINng">22871.864</dst>
            <dst id="DNVRng">3537.14933333333</dst>
            <dst id="HSTNng">3465.12533333333</dst>
            <dst id="IPLSng">10474.0293333333</dst>
            <dst id="KSCYng">10445.712</dst>
            <dst id="LOSAng">20042.3173333333</dst>
            <dst id="NYCMng">15264.5786666667</dst>
            <dst id="SNVAng">4040.096</dst>
            <dst id="STTLng">7067.13066666667</dst>
            <dst id="WASHng">20622.9866666667</dst>
        </src>
        <src id="WASHng">
            <dst id="ATLA-M5">3044.43466666667</dst>
            <dst id="ATLAng">114141.061333333</dst>
            <dst id="CHINng">49364.9733333333</dst>
            <dst id="DNVRng">47176.3013333333</dst>
            <dst id="HSTNng">43473.0693333333</dst>
            <dst id="IPLSng">68540.5333333333</dst>
            <dst id="KSCYng">33428.1866666667</dst>
            <dst id="LOSAng">63502.1413333333</dst>
            <dst id="NYCMng">161155.858666667</dst>
            <dst id="SNVAng">12004.6453333333</dst>
            <dst id="STTLng">43840.0453333333</dst>
            <dst id="WASHng">466018.64</dst>
        </src>
    </IntraTM>
</TrafficMatrixFile>
