<?xml version="1.0" encoding="ISO-8859-1" standalone="yes"?>
<TrafficMatrixFile xsi:noNamespaceSchemaLocation="http://totem.run.montefiore.ulg.ac.be/Schema/TrafficMatrix-v1_2.xsd" xmlns:xsi="http://www.w3.org/2001/XMLSchema-instance">
    <IntraTM ASID="11537">
        <src id="ATLA-M5">
            <dst id="ATLA-M5">53.3333333333333</dst>
            <dst id="ATLAng">1934.93066666667</dst>
            <dst id="CHINng">488.850666666667</dst>
            <dst id="DNVRng">0</dst>
            <dst id="HSTNng">89.464</dst>
            <dst id="IPLSng">53.3333333333333</dst>
            <dst id="KSCYng">86.7733333333333</dst>
            <dst id="LOSAng">182.624</dst>
            <dst id="NYCMng">319.077333333333</dst>
            <dst id="SNVAng">0</dst>
            <dst id="STTLng">29.0986666666667</dst>
            <dst id="WASHng">906.608</dst>
        </src>
        <src id="ATLAng">
            <dst id="ATLA-M5">232.282666666667</dst>
            <dst id="ATLAng">17701.1813333333</dst>
            <dst id="CHINng">7200.496</dst>
            <dst id="DNVRng">4008.78133333333</dst>
            <dst id="HSTNng">6446.76</dst>
            <dst id="IPLSng">24766.8773333333</dst>
            <dst id="KSCYng">1660.59733333333</dst>
            <dst id="LOSAng">8810.44933333334</dst>
            <dst id="NYCMng">5015.912</dst>
            <dst id="SNVAng">297.02</dst>
            <dst id="STTLng">6907.72266666667</dst>
            <dst id="WASHng">34859.72</dst>
        </src>
        <src id="CHINng">
            <dst id="ATLA-M5">349.018666666667</dst>
            <dst id="ATLAng">22786.904</dst>
            <dst id="CHINng">53025.8853333333</dst>
            <dst id="DNVRng">12052.4533333333</dst>
            <dst id="HSTNng">12770.3573333333</dst>
            <dst id="IPLSng">31757.6453333333</dst>
            <dst id="KSCYng">9567.28533333333</dst>
            <dst id="LOSAng">42197.104</dst>
            <dst id="NYCMng">26459.256</dst>
            <dst id="SNVAng">4994.792</dst>
            <dst id="STTLng">13353.8133333333</dst>
            <dst id="WASHng">32493.2</dst>
        </src>
        <src id="DNVRng">
            <dst id="ATLA-M5">136.842666666667</dst>
            <dst id="ATLAng">10637.456</dst>
            <dst id="CHINng">49695.5946666667</dst>
            <dst id="DNVRng">16615.6666666667</dst>
            <dst id="HSTNng">21544.952</dst>
            <dst id="IPLSng">51933.4426666667</dst>
            <dst id="KSCYng">28061.32</dst>
            <dst id="LOSAng">17267.448</dst>
            <dst id="NYCMng">15481.5466666667</dst>
            <dst id="SNVAng">19882.936</dst>
            <dst id="STTLng">25306.4266666667</dst>
            <dst id="WASHng">42689.744</dst>
        </src>
        <src id="HSTNng">
            <dst id="ATLA-M5">3647.29866666667</dst>
            <dst id="ATLAng">5418.424</dst>
            <dst id="CHINng">14423.5653333333</dst>
            <dst id="DNVRng">2496.00266666667</dst>
            <dst id="HSTNng">17063.2213333333</dst>
            <dst id="IPLSng">4045.328</dst>
            <dst id="KSCYng">2081.11733333333</dst>
            <dst id="LOSAng">2987.98666666667</dst>
            <dst id="NYCMng">2111.67733333333</dst>
            <dst id="SNVAng">0</dst>
            <dst id="STTLng">6820.08266666667</dst>
            <dst id="WASHng">10223.76</dst>
        </src>
        <src id="IPLSng">
            <dst id="ATLA-M5">125.498666666667</dst>
            <dst id="ATLAng">90107.5546666667</dst>
            <dst id="CHINng">90524.9946666667</dst>
            <dst id="DNVRng">20392.3813333333</dst>
            <dst id="HSTNng">5013.48266666667</dst>
            <dst id="IPLSng">29013.7706666667</dst>
            <dst id="KSCYng">6114.37866666667</dst>
            <dst id="LOSAng">23918.0613333333</dst>
            <dst id="NYCMng">21555.3973333333</dst>
            <dst id="SNVAng">4214.848</dst>
            <dst id="STTLng">7337.29333333333</dst>
            <dst id="WASHng">19523.944</dst>
        </src>
        <src id="KSCYng">
            <dst id="ATLA-M5">90.2826666666667</dst>
            <dst id="ATLAng">2753.816</dst>
            <dst id="CHINng">14556.928</dst>
            <dst id="DNVRng">12783.064</dst>
            <dst id="HSTNng">7954.00266666667</dst>
            <dst id="IPLSng">16160.3066666667</dst>
            <dst id="KSCYng">11280.7386666667</dst>
            <dst id="LOSAng">8365.528</dst>
            <dst id="NYCMng">3170.88533333333</dst>
            <dst id="SNVAng">5703.86133333333</dst>
            <dst id="STTLng">4453.53866666667</dst>
            <dst id="WASHng">12993.1173333333</dst>
        </src>
        <src id="LOSAng">
            <dst id="ATLA-M5">701.912</dst>
            <dst id="ATLAng">22798.0853333333</dst>
            <dst id="CHINng">84553.656</dst>
            <dst id="DNVRng">42184.4853333333</dst>
            <dst id="HSTNng">8171.24533333333</dst>
            <dst id="IPLSng">27988.096</dst>
            <dst id="KSCYng">15443.6586666667</dst>
            <dst id="LOSAng">20270.9946666667</dst>
            <dst id="NYCMng">33589.5146666667</dst>
            <dst id="SNVAng">34996.9973333333</dst>
            <dst id="STTLng">29421.88</dst>
            <dst id="WASHng">48137.592</dst>
        </src>
        <src id="NYCMng">
            <dst id="ATLA-M5">965.402666666667</dst>
            <dst id="ATLAng">35665.3066666667</dst>
            <dst id="CHINng">20138.8533333333</dst>
            <dst id="DNVRng">39394.1653333333</dst>
            <dst id="HSTNng">13604.1573333333</dst>
            <dst id="IPLSng">32172.136</dst>
            <dst id="KSCYng">7766.144</dst>
            <dst id="LOSAng">88401.7866666667</dst>
            <dst id="NYCMng">140543.976</dst>
            <dst id="SNVAng">7553.78933333333</dst>
            <dst id="STTLng">27446.6106666667</dst>
            <dst id="WASHng">67439.8613333333</dst>
        </src>
        <src id="SNVAng">
            <dst id="ATLA-M5">0</dst>
            <dst id="ATLAng">474.613333333333</dst>
            <dst id="CHINng">196.608</dst>
            <dst id="DNVRng">6194.61333333333</dst>
            <dst id="HSTNng">57.152</dst>
            <dst id="IPLSng">307.752</dst>
            <dst id="KSCYng">1062.112</dst>
            <dst id="LOSAng">36640.088</dst>
            <dst id="NYCMng">284.544</dst>
            <dst id="SNVAng">9134.088</dst>
            <dst id="STTLng">33861.256</dst>
            <dst id="WASHng">80</dst>
        </src>
        <src id="STTLng">
            <dst id="ATLA-M5">63.7626666666667</dst>
            <dst id="ATLAng">11740.4293333333</dst>
            <dst id="CHINng">14955.784</dst>
            <dst id="DNVRng">5901.176</dst>
            <dst id="HSTNng">3710.16533333333</dst>
            <dst id="IPLSng">15060.6</dst>
            <dst id="KSCYng">3113.56533333333</dst>
            <dst id="LOSAng">30499.68</dst>
            <dst id="NYCMng">11358.2853333333</dst>
            <dst id="SNVAng">8276.448</dst>
            <dst id="STTLng">6912.256</dst>
            <dst id="WASHng">7198.89866666667</dst>
        </src>
        <src id="WASHng">
            <dst id="ATLA-M5">138.978666666667</dst>
            <dst id="ATLAng">93199.448</dst>
            <dst id="CHINng">59526.584</dst>
            <dst id="DNVRng">94404.56</dst>
            <dst id="HSTNng">29633.032</dst>
            <dst id="IPLSng">55680.712</dst>
            <dst id="KSCYng">13750.0826666667</dst>
            <dst id="LOSAng">68615.3813333333</dst>
            <dst id="NYCMng">132513.912</dst>
            <dst id="SNVAng">22837.8453333333</dst>
            <dst id="STTLng">43871.8</dst>
            <dst id="WASHng">242146.338666667</dst>
        </src>
    </IntraTM>
</TrafficMatrixFile>
