<?xml version="1.0" encoding="ISO-8859-1" standalone="yes"?>
<TrafficMatrixFile xsi:noNamespaceSchemaLocation="http://totem.run.montefiore.ulg.ac.be/Schema/TrafficMatrix-v1_2.xsd" xmlns:xsi="http://www.w3.org/2001/XMLSchema-instance">
    <IntraTM ASID="11537">
        <src id="ATLA-M5">
            <dst id="ATLA-M5">26.6666666666667</dst>
            <dst id="ATLAng">1857.14133333333</dst>
            <dst id="CHINng">1238.20533333333</dst>
            <dst id="DNVRng">0</dst>
            <dst id="HSTNng">26.6666666666667</dst>
            <dst id="IPLSng">146.666666666667</dst>
            <dst id="KSCYng">782.290666666667</dst>
            <dst id="LOSAng">1056.632</dst>
            <dst id="NYCMng">181.013333333333</dst>
            <dst id="SNVAng">0</dst>
            <dst id="STTLng">54.2</dst>
            <dst id="WASHng">701.245333333333</dst>
        </src>
        <src id="ATLAng">
            <dst id="ATLA-M5">124.192</dst>
            <dst id="ATLAng">35200.6026666667</dst>
            <dst id="CHINng">3865.46666666667</dst>
            <dst id="DNVRng">4907.87733333333</dst>
            <dst id="HSTNng">564.594666666667</dst>
            <dst id="IPLSng">13480.4373333333</dst>
            <dst id="KSCYng">1021.50133333333</dst>
            <dst id="LOSAng">14446.4586666667</dst>
            <dst id="NYCMng">6472.82933333333</dst>
            <dst id="SNVAng">560.154666666667</dst>
            <dst id="STTLng">6106.98666666666</dst>
            <dst id="WASHng">28641.632</dst>
        </src>
        <src id="CHINng">
            <dst id="ATLA-M5">965.437333333333</dst>
            <dst id="ATLAng">12708.6826666667</dst>
            <dst id="CHINng">75129.2293333333</dst>
            <dst id="DNVRng">24146.04</dst>
            <dst id="HSTNng">14105.9786666667</dst>
            <dst id="IPLSng">47717.408</dst>
            <dst id="KSCYng">8877.15733333333</dst>
            <dst id="LOSAng">54625.7573333333</dst>
            <dst id="NYCMng">8034.49866666667</dst>
            <dst id="SNVAng">7654.81066666667</dst>
            <dst id="STTLng">5282.06666666667</dst>
            <dst id="WASHng">22482.2693333333</dst>
        </src>
        <src id="DNVRng">
            <dst id="ATLA-M5">287.669333333333</dst>
            <dst id="ATLAng">9619.20266666667</dst>
            <dst id="CHINng">39832.2373333333</dst>
            <dst id="DNVRng">10611.7946666667</dst>
            <dst id="HSTNng">16355.5786666667</dst>
            <dst id="IPLSng">27738.0933333333</dst>
            <dst id="KSCYng">19714.9093333333</dst>
            <dst id="LOSAng">28082.4346666667</dst>
            <dst id="NYCMng">14628.512</dst>
            <dst id="SNVAng">7519.77066666667</dst>
            <dst id="STTLng">18057.7146666667</dst>
            <dst id="WASHng">38804.5813333333</dst>
        </src>
        <src id="HSTNng">
            <dst id="ATLA-M5">184.672</dst>
            <dst id="ATLAng">6865.016</dst>
            <dst id="CHINng">12451.7466666667</dst>
            <dst id="DNVRng">1035.21333333333</dst>
            <dst id="HSTNng">13769.2906666667</dst>
            <dst id="IPLSng">4277.672</dst>
            <dst id="KSCYng">2243.48533333333</dst>
            <dst id="LOSAng">12682.0853333333</dst>
            <dst id="NYCMng">2959.104</dst>
            <dst id="SNVAng">26.6666666666667</dst>
            <dst id="STTLng">2011.384</dst>
            <dst id="WASHng">5179.75733333333</dst>
        </src>
        <src id="IPLSng">
            <dst id="ATLA-M5">95.4613333333333</dst>
            <dst id="ATLAng">18758.48</dst>
            <dst id="CHINng">63599.88</dst>
            <dst id="DNVRng">12414.4693333333</dst>
            <dst id="HSTNng">4165.31466666667</dst>
            <dst id="IPLSng">12079.04</dst>
            <dst id="KSCYng">3990.01066666667</dst>
            <dst id="LOSAng">30328.112</dst>
            <dst id="NYCMng">23830.3253333333</dst>
            <dst id="SNVAng">3069.46933333333</dst>
            <dst id="STTLng">21509.8586666667</dst>
            <dst id="WASHng">10016.184</dst>
        </src>
        <src id="KSCYng">
            <dst id="ATLA-M5">1222.48266666667</dst>
            <dst id="ATLAng">2243.66933333333</dst>
            <dst id="CHINng">9841.33333333333</dst>
            <dst id="DNVRng">8955.06133333333</dst>
            <dst id="HSTNng">4686.48</dst>
            <dst id="IPLSng">11113.912</dst>
            <dst id="KSCYng">4835.50933333333</dst>
            <dst id="LOSAng">8452.15466666667</dst>
            <dst id="NYCMng">2422.6</dst>
            <dst id="SNVAng">2615.288</dst>
            <dst id="STTLng">4713.80533333333</dst>
            <dst id="WASHng">14310.7013333333</dst>
        </src>
        <src id="LOSAng">
            <dst id="ATLA-M5">138.469333333333</dst>
            <dst id="ATLAng">29150.3253333333</dst>
            <dst id="CHINng">71045.7786666667</dst>
            <dst id="DNVRng">22227.9546666667</dst>
            <dst id="HSTNng">12963.344</dst>
            <dst id="IPLSng">25325.928</dst>
            <dst id="KSCYng">4721.30933333333</dst>
            <dst id="LOSAng">32222.432</dst>
            <dst id="NYCMng">32267.328</dst>
            <dst id="SNVAng">30860.2</dst>
            <dst id="STTLng">26442.9333333333</dst>
            <dst id="WASHng">33932.3146666667</dst>
        </src>
        <src id="NYCMng">
            <dst id="ATLA-M5">3954.36</dst>
            <dst id="ATLAng">18193.032</dst>
            <dst id="CHINng">14478.944</dst>
            <dst id="DNVRng">27338.4986666667</dst>
            <dst id="HSTNng">9019.59466666667</dst>
            <dst id="IPLSng">37011.6</dst>
            <dst id="KSCYng">18585.0666666667</dst>
            <dst id="LOSAng">80613.0906666667</dst>
            <dst id="NYCMng">82276.552</dst>
            <dst id="SNVAng">3052.864</dst>
            <dst id="STTLng">39032.4</dst>
            <dst id="WASHng">45689.704</dst>
        </src>
        <src id="SNVAng">
            <dst id="ATLA-M5">0</dst>
            <dst id="ATLAng">26.6666666666667</dst>
            <dst id="CHINng">26.6666666666667</dst>
            <dst id="DNVRng">10301.9573333333</dst>
            <dst id="HSTNng">2063.06133333333</dst>
            <dst id="IPLSng">268.557333333333</dst>
            <dst id="KSCYng">0</dst>
            <dst id="LOSAng">43756.336</dst>
            <dst id="NYCMng">238.698666666667</dst>
            <dst id="SNVAng">12062.6133333333</dst>
            <dst id="STTLng">32028.6133333333</dst>
            <dst id="WASHng">822.549333333333</dst>
        </src>
        <src id="STTLng">
            <dst id="ATLA-M5">87.936</dst>
            <dst id="ATLAng">11820.032</dst>
            <dst id="CHINng">19701.2613333333</dst>
            <dst id="DNVRng">3548.208</dst>
            <dst id="HSTNng">5092.2</dst>
            <dst id="IPLSng">8234.59466666667</dst>
            <dst id="KSCYng">3511.232</dst>
            <dst id="LOSAng">23424.752</dst>
            <dst id="NYCMng">12985.232</dst>
            <dst id="SNVAng">2321.248</dst>
            <dst id="STTLng">21521.4613333333</dst>
            <dst id="WASHng">9293.688</dst>
        </src>
        <src id="WASHng">
            <dst id="ATLA-M5">112.509333333333</dst>
            <dst id="ATLAng">126035.384</dst>
            <dst id="CHINng">73886.384</dst>
            <dst id="DNVRng">83237.9573333333</dst>
            <dst id="HSTNng">50199.1386666667</dst>
            <dst id="IPLSng">58565.16</dst>
            <dst id="KSCYng">13422.472</dst>
            <dst id="LOSAng">80367.9333333333</dst>
            <dst id="NYCMng">150578.813333333</dst>
            <dst id="SNVAng">5500.10133333333</dst>
            <dst id="STTLng">50560.5386666667</dst>
            <dst id="WASHng">297130.56</dst>
        </src>
    </IntraTM>
</TrafficMatrixFile>
