<?xml version="1.0" encoding="ISO-8859-1" standalone="yes"?>
<TrafficMatrixFile xsi:noNamespaceSchemaLocation="http://totem.run.montefiore.ulg.ac.be/Schema/TrafficMatrix-v1_2.xsd" xmlns:xsi="http://www.w3.org/2001/XMLSchema-instance">
    <IntraTM ASID="11537">
        <src id="ATLA-M5">
            <dst id="ATLA-M5">32.5173333333333</dst>
            <dst id="ATLAng">0</dst>
            <dst id="CHINng">26.6666666666667</dst>
            <dst id="DNVRng">0</dst>
            <dst id="HSTNng">26.6666666666667</dst>
            <dst id="IPLSng">0</dst>
            <dst id="KSCYng">181.066666666667</dst>
            <dst id="LOSAng">240.325333333333</dst>
            <dst id="NYCMng">684.264</dst>
            <dst id="SNVAng">0</dst>
            <dst id="STTLng">473.928</dst>
            <dst id="WASHng">450.848</dst>
        </src>
        <src id="ATLAng">
            <dst id="ATLA-M5">190.352</dst>
            <dst id="ATLAng">31644.0986666667</dst>
            <dst id="CHINng">8097.144</dst>
            <dst id="DNVRng">4913.34933333333</dst>
            <dst id="HSTNng">13963.376</dst>
            <dst id="IPLSng">11657.3386666667</dst>
            <dst id="KSCYng">2095.13333333333</dst>
            <dst id="LOSAng">13073.78</dst>
            <dst id="NYCMng">5253.04266666667</dst>
            <dst id="SNVAng">84.516</dst>
            <dst id="STTLng">5671.09333333333</dst>
            <dst id="WASHng">18602.4986666667</dst>
        </src>
        <src id="CHINng">
            <dst id="ATLA-M5">539.757333333333</dst>
            <dst id="ATLAng">13804.1306666667</dst>
            <dst id="CHINng">55950.288</dst>
            <dst id="DNVRng">7794.648</dst>
            <dst id="HSTNng">5769.984</dst>
            <dst id="IPLSng">24073.6</dst>
            <dst id="KSCYng">5595.05066666667</dst>
            <dst id="LOSAng">45405.472</dst>
            <dst id="NYCMng">10696.2266666667</dst>
            <dst id="SNVAng">2943.48</dst>
            <dst id="STTLng">8239.16533333333</dst>
            <dst id="WASHng">42897.488</dst>
        </src>
        <src id="DNVRng">
            <dst id="ATLA-M5">122.88</dst>
            <dst id="ATLAng">14847.8133333333</dst>
            <dst id="CHINng">56440.752</dst>
            <dst id="DNVRng">13188.7253333333</dst>
            <dst id="HSTNng">16022.2</dst>
            <dst id="IPLSng">24025.4373333333</dst>
            <dst id="KSCYng">19536.4373333333</dst>
            <dst id="LOSAng">8696.32266666667</dst>
            <dst id="NYCMng">15099.528</dst>
            <dst id="SNVAng">9960.90933333333</dst>
            <dst id="STTLng">9277.33066666666</dst>
            <dst id="WASHng">43410.3093333333</dst>
        </src>
        <src id="HSTNng">
            <dst id="ATLA-M5">345.557333333333</dst>
            <dst id="ATLAng">15446.1546666667</dst>
            <dst id="CHINng">6304.488</dst>
            <dst id="DNVRng">1497.112</dst>
            <dst id="HSTNng">16178.0213333333</dst>
            <dst id="IPLSng">11939.376</dst>
            <dst id="KSCYng">1883.47466666667</dst>
            <dst id="LOSAng">7900.13066666667</dst>
            <dst id="NYCMng">2497.448</dst>
            <dst id="SNVAng">0</dst>
            <dst id="STTLng">601.285333333333</dst>
            <dst id="WASHng">3728.088</dst>
        </src>
        <src id="IPLSng">
            <dst id="ATLA-M5">0</dst>
            <dst id="ATLAng">13671.5146666667</dst>
            <dst id="CHINng">40190.136</dst>
            <dst id="DNVRng">17219.208</dst>
            <dst id="HSTNng">1490.47466666667</dst>
            <dst id="IPLSng">10671.9706666667</dst>
            <dst id="KSCYng">3089.50933333333</dst>
            <dst id="LOSAng">20185.6933333333</dst>
            <dst id="NYCMng">32106.464</dst>
            <dst id="SNVAng">442.170666666667</dst>
            <dst id="STTLng">8342.32533333333</dst>
            <dst id="WASHng">10812.848</dst>
        </src>
        <src id="KSCYng">
            <dst id="ATLA-M5">842.048</dst>
            <dst id="ATLAng">1139.56</dst>
            <dst id="CHINng">14360.104</dst>
            <dst id="DNVRng">10705.712</dst>
            <dst id="HSTNng">3265.84533333333</dst>
            <dst id="IPLSng">14252.9386666667</dst>
            <dst id="KSCYng">7800.192</dst>
            <dst id="LOSAng">8691.84533333333</dst>
            <dst id="NYCMng">3132.816</dst>
            <dst id="SNVAng">2392.93866666667</dst>
            <dst id="STTLng">2828.42933333333</dst>
            <dst id="WASHng">7330.12266666667</dst>
        </src>
        <src id="LOSAng">
            <dst id="ATLA-M5">1710.44</dst>
            <dst id="ATLAng">14091.328</dst>
            <dst id="CHINng">70567.24</dst>
            <dst id="DNVRng">5091.312</dst>
            <dst id="HSTNng">12039.7253333333</dst>
            <dst id="IPLSng">22885.8613333333</dst>
            <dst id="KSCYng">3880.05866666667</dst>
            <dst id="LOSAng">23606.8106666667</dst>
            <dst id="NYCMng">28400</dst>
            <dst id="SNVAng">18803.432</dst>
            <dst id="STTLng">29809.352</dst>
            <dst id="WASHng">27049.1946666667</dst>
        </src>
        <src id="NYCMng">
            <dst id="ATLA-M5">5828.072</dst>
            <dst id="ATLAng">18640.848</dst>
            <dst id="CHINng">10051.368</dst>
            <dst id="DNVRng">29545.1653333333</dst>
            <dst id="HSTNng">12472.9173333333</dst>
            <dst id="IPLSng">22960.8906666667</dst>
            <dst id="KSCYng">3924.49066666667</dst>
            <dst id="LOSAng">73668.896</dst>
            <dst id="NYCMng">73203.776</dst>
            <dst id="SNVAng">1850.80266666667</dst>
            <dst id="STTLng">34532.8426666667</dst>
            <dst id="WASHng">34893.3653333333</dst>
        </src>
        <src id="SNVAng">
            <dst id="ATLA-M5">0</dst>
            <dst id="ATLAng">674.709333333333</dst>
            <dst id="CHINng">26.6666666666667</dst>
            <dst id="DNVRng">13164.0693333333</dst>
            <dst id="HSTNng">1590.72</dst>
            <dst id="IPLSng">153.573333333333</dst>
            <dst id="KSCYng">33.9733333333333</dst>
            <dst id="LOSAng">35763.6026666667</dst>
            <dst id="NYCMng">327.616</dst>
            <dst id="SNVAng">8725.504</dst>
            <dst id="STTLng">32361.1386666667</dst>
            <dst id="WASHng">66.6666666666667</dst>
        </src>
        <src id="STTLng">
            <dst id="ATLA-M5">28.8133333333333</dst>
            <dst id="ATLAng">6743.90666666667</dst>
            <dst id="CHINng">13548.8053333333</dst>
            <dst id="DNVRng">4685.41066666667</dst>
            <dst id="HSTNng">1572.24</dst>
            <dst id="IPLSng">5576.896</dst>
            <dst id="KSCYng">1988.67466666667</dst>
            <dst id="LOSAng">421570.4</dst>
            <dst id="NYCMng">15625.6826666667</dst>
            <dst id="SNVAng">2398.33866666667</dst>
            <dst id="STTLng">21588.0853333333</dst>
            <dst id="WASHng">13491.8986666667</dst>
        </src>
        <src id="WASHng">
            <dst id="ATLA-M5">107.050666666667</dst>
            <dst id="ATLAng">66419.952</dst>
            <dst id="CHINng">96406.248</dst>
            <dst id="DNVRng">71922.6213333333</dst>
            <dst id="HSTNng">22403.992</dst>
            <dst id="IPLSng">86200.0693333333</dst>
            <dst id="KSCYng">9886.00533333333</dst>
            <dst id="LOSAng">86226.5786666667</dst>
            <dst id="NYCMng">189208.424</dst>
            <dst id="SNVAng">1457.792</dst>
            <dst id="STTLng">72687.968</dst>
            <dst id="WASHng">215317.88</dst>
        </src>
    </IntraTM>
</TrafficMatrixFile>
