<?xml version="1.0" encoding="ISO-8859-1" standalone="yes"?>
<TrafficMatrixFile xsi:noNamespaceSchemaLocation="http://totem.run.montefiore.ulg.ac.be/Schema/TrafficMatrix-v1_2.xsd" xmlns:xsi="http://www.w3.org/2001/XMLSchema-instance">
    <IntraTM ASID="11537">
        <src id="ATLA-M5">
            <dst id="ATLA-M5">0</dst>
            <dst id="ATLAng">0</dst>
            <dst id="CHINng">97.3253333333333</dst>
            <dst id="DNVRng">0</dst>
            <dst id="HSTNng">82.352</dst>
            <dst id="IPLSng">0</dst>
            <dst id="KSCYng">0</dst>
            <dst id="LOSAng">186.648</dst>
            <dst id="NYCMng">0</dst>
            <dst id="SNVAng">0</dst>
            <dst id="STTLng">0</dst>
            <dst id="WASHng">527.077333333333</dst>
        </src>
        <src id="ATLAng">
            <dst id="ATLA-M5">130.597333333333</dst>
            <dst id="ATLAng">4165.216</dst>
            <dst id="CHINng">9854.89333333333</dst>
            <dst id="DNVRng">8880.256</dst>
            <dst id="HSTNng">236.952</dst>
            <dst id="IPLSng">24983.496</dst>
            <dst id="KSCYng">421.477333333333</dst>
            <dst id="LOSAng">5020.42933333333</dst>
            <dst id="NYCMng">5645.368</dst>
            <dst id="SNVAng">61.72</dst>
            <dst id="STTLng">10908.6106666667</dst>
            <dst id="WASHng">20170.024</dst>
        </src>
        <src id="CHINng">
            <dst id="ATLA-M5">26.6666666666667</dst>
            <dst id="ATLAng">5431.96266666667</dst>
            <dst id="CHINng">64286.88</dst>
            <dst id="DNVRng">13106.848</dst>
            <dst id="HSTNng">5035.808</dst>
            <dst id="IPLSng">63495.3253333333</dst>
            <dst id="KSCYng">17072.2373333333</dst>
            <dst id="LOSAng">34983.3146666667</dst>
            <dst id="NYCMng">9355.952</dst>
            <dst id="SNVAng">588.013333333333</dst>
            <dst id="STTLng">3877.488</dst>
            <dst id="WASHng">11080.4213333333</dst>
        </src>
        <src id="DNVRng">
            <dst id="ATLA-M5">152.184</dst>
            <dst id="ATLAng">2553.62933333333</dst>
            <dst id="CHINng">55164.192</dst>
            <dst id="DNVRng">14906.3093333333</dst>
            <dst id="HSTNng">17490.9813333333</dst>
            <dst id="IPLSng">35878.808</dst>
            <dst id="KSCYng">33938.6106666667</dst>
            <dst id="LOSAng">9695.45866666667</dst>
            <dst id="NYCMng">15146.7573333333</dst>
            <dst id="SNVAng">20625.344</dst>
            <dst id="STTLng">16492.0266666667</dst>
            <dst id="WASHng">36851.6293333333</dst>
        </src>
        <src id="HSTNng">
            <dst id="ATLA-M5">3787.82133333333</dst>
            <dst id="ATLAng">2032.75733333333</dst>
            <dst id="CHINng">13548.6693333333</dst>
            <dst id="DNVRng">726.84</dst>
            <dst id="HSTNng">15504.0933333333</dst>
            <dst id="IPLSng">2624.11466666667</dst>
            <dst id="KSCYng">536.906666666667</dst>
            <dst id="LOSAng">5493.40266666667</dst>
            <dst id="NYCMng">1147.74933333333</dst>
            <dst id="SNVAng">0</dst>
            <dst id="STTLng">106.666666666667</dst>
            <dst id="WASHng">1106.912</dst>
        </src>
        <src id="IPLSng">
            <dst id="ATLA-M5">0</dst>
            <dst id="ATLAng">13584.648</dst>
            <dst id="CHINng">147940.384</dst>
            <dst id="DNVRng">10821.152</dst>
            <dst id="HSTNng">664.416</dst>
            <dst id="IPLSng">3704.88533333333</dst>
            <dst id="KSCYng">1753.576</dst>
            <dst id="LOSAng">14263.3146666667</dst>
            <dst id="NYCMng">15898.2693333333</dst>
            <dst id="SNVAng">307.829333333333</dst>
            <dst id="STTLng">9557.16</dst>
            <dst id="WASHng">8985.104</dst>
        </src>
        <src id="KSCYng">
            <dst id="ATLA-M5">26.6666666666667</dst>
            <dst id="ATLAng">2692.416</dst>
            <dst id="CHINng">14276.672</dst>
            <dst id="DNVRng">11001.888</dst>
            <dst id="HSTNng">2438.25066666667</dst>
            <dst id="IPLSng">11572.5226666667</dst>
            <dst id="KSCYng">6593.00533333333</dst>
            <dst id="LOSAng">4093.808</dst>
            <dst id="NYCMng">4960.392</dst>
            <dst id="SNVAng">2362.53866666667</dst>
            <dst id="STTLng">2880.58133333333</dst>
            <dst id="WASHng">5274.8</dst>
        </src>
        <src id="LOSAng">
            <dst id="ATLA-M5">361.658666666667</dst>
            <dst id="ATLAng">9091.88266666667</dst>
            <dst id="CHINng">114263.581333333</dst>
            <dst id="DNVRng">27222.6213333333</dst>
            <dst id="HSTNng">2828.67733333333</dst>
            <dst id="IPLSng">11041.72</dst>
            <dst id="KSCYng">2208.21066666667</dst>
            <dst id="LOSAng">13717.256</dst>
            <dst id="NYCMng">33056.9493333333</dst>
            <dst id="SNVAng">7366.80266666667</dst>
            <dst id="STTLng">38261.5066666667</dst>
            <dst id="WASHng">18069.3973333333</dst>
        </src>
        <src id="NYCMng">
            <dst id="ATLA-M5">117.538666666667</dst>
            <dst id="ATLAng">22480.456</dst>
            <dst id="CHINng">14043.0933333333</dst>
            <dst id="DNVRng">35257.7466666667</dst>
            <dst id="HSTNng">2342.57066666667</dst>
            <dst id="IPLSng">22974.4186666667</dst>
            <dst id="KSCYng">5181.968</dst>
            <dst id="LOSAng">74194.4853333333</dst>
            <dst id="NYCMng">81452.0853333333</dst>
            <dst id="SNVAng">738.456</dst>
            <dst id="STTLng">22802.3013333333</dst>
            <dst id="WASHng">49247.5466666667</dst>
        </src>
        <src id="SNVAng">
            <dst id="ATLA-M5">0</dst>
            <dst id="ATLAng">0</dst>
            <dst id="CHINng">0</dst>
            <dst id="DNVRng">1462.656</dst>
            <dst id="HSTNng">27.3386666666667</dst>
            <dst id="IPLSng">193.277333333333</dst>
            <dst id="KSCYng">0</dst>
            <dst id="LOSAng">27781.968</dst>
            <dst id="NYCMng">272.576</dst>
            <dst id="SNVAng">5739.63733333333</dst>
            <dst id="STTLng">26749.8</dst>
            <dst id="WASHng">0</dst>
        </src>
        <src id="STTLng">
            <dst id="ATLA-M5">0</dst>
            <dst id="ATLAng">6629.59466666667</dst>
            <dst id="CHINng">25723.192</dst>
            <dst id="DNVRng">2049.86133333333</dst>
            <dst id="HSTNng">1612.744</dst>
            <dst id="IPLSng">4503.73066666667</dst>
            <dst id="KSCYng">523.786666666667</dst>
            <dst id="LOSAng">12533.1813333333</dst>
            <dst id="NYCMng">12843.0586666667</dst>
            <dst id="SNVAng">1715.29866666667</dst>
            <dst id="STTLng">6249.61866666667</dst>
            <dst id="WASHng">4273.89866666667</dst>
        </src>
        <src id="WASHng">
            <dst id="ATLA-M5">26.6666666666667</dst>
            <dst id="ATLAng">80070.6186666666</dst>
            <dst id="CHINng">43904.4746666667</dst>
            <dst id="DNVRng">66033.2746666667</dst>
            <dst id="HSTNng">20931.1253333333</dst>
            <dst id="IPLSng">52562.16</dst>
            <dst id="KSCYng">4161.568</dst>
            <dst id="LOSAng">57284.5013333333</dst>
            <dst id="NYCMng">130823.181333333</dst>
            <dst id="SNVAng">9284.18133333334</dst>
            <dst id="STTLng">28344.4293333333</dst>
            <dst id="WASHng">281543.76</dst>
        </src>
    </IntraTM>
</TrafficMatrixFile>
