<?xml version="1.0" encoding="ISO-8859-1" standalone="yes"?>
<TrafficMatrixFile xsi:noNamespaceSchemaLocation="http://totem.run.montefiore.ulg.ac.be/Schema/TrafficMatrix-v1_2.xsd" xmlns:xsi="http://www.w3.org/2001/XMLSchema-instance">
    <IntraTM ASID="11537">
        <src id="ATLA-M5">
            <dst id="ATLA-M5">0</dst>
            <dst id="ATLAng">0</dst>
            <dst id="CHINng">45.8746666666667</dst>
            <dst id="DNVRng">0</dst>
            <dst id="HSTNng">117.738666666667</dst>
            <dst id="IPLSng">0</dst>
            <dst id="KSCYng">0</dst>
            <dst id="LOSAng">597.464</dst>
            <dst id="NYCMng">0</dst>
            <dst id="SNVAng">0</dst>
            <dst id="STTLng">0</dst>
            <dst id="WASHng">437.749333333333</dst>
        </src>
        <src id="ATLAng">
            <dst id="ATLA-M5">101.954666666667</dst>
            <dst id="ATLAng">5884.68533333333</dst>
            <dst id="CHINng">3705.30933333333</dst>
            <dst id="DNVRng">2803.29866666667</dst>
            <dst id="HSTNng">328.650666666667</dst>
            <dst id="IPLSng">24074.1306666667</dst>
            <dst id="KSCYng">381.064</dst>
            <dst id="LOSAng">4990.17866666666</dst>
            <dst id="NYCMng">9083.232</dst>
            <dst id="SNVAng">651.416</dst>
            <dst id="STTLng">9560.256</dst>
            <dst id="WASHng">44814.4133333333</dst>
        </src>
        <src id="CHINng">
            <dst id="ATLA-M5">53.3333333333333</dst>
            <dst id="ATLAng">5767.48</dst>
            <dst id="CHINng">70194.8666666667</dst>
            <dst id="DNVRng">13331.7066666667</dst>
            <dst id="HSTNng">4959.864</dst>
            <dst id="IPLSng">82043.952</dst>
            <dst id="KSCYng">2707.90933333333</dst>
            <dst id="LOSAng">37911.448</dst>
            <dst id="NYCMng">9911.66666666667</dst>
            <dst id="SNVAng">257.821333333333</dst>
            <dst id="STTLng">4357.58933333333</dst>
            <dst id="WASHng">13151.2773333333</dst>
        </src>
        <src id="DNVRng">
            <dst id="ATLA-M5">159.802666666667</dst>
            <dst id="ATLAng">1624.62133333333</dst>
            <dst id="CHINng">51942.776</dst>
            <dst id="DNVRng">12713.6613333333</dst>
            <dst id="HSTNng">17731.3626666667</dst>
            <dst id="IPLSng">43631.096</dst>
            <dst id="KSCYng">31660.6106666667</dst>
            <dst id="LOSAng">21348.6933333333</dst>
            <dst id="NYCMng">17254.8</dst>
            <dst id="SNVAng">17452.9066666667</dst>
            <dst id="STTLng">15626.1706666667</dst>
            <dst id="WASHng">32905.504</dst>
        </src>
        <src id="HSTNng">
            <dst id="ATLA-M5">4931.928</dst>
            <dst id="ATLAng">1324.22933333333</dst>
            <dst id="CHINng">16911.7466666667</dst>
            <dst id="DNVRng">667.498666666667</dst>
            <dst id="HSTNng">16836.76</dst>
            <dst id="IPLSng">995.752</dst>
            <dst id="KSCYng">443.997333333333</dst>
            <dst id="LOSAng">3208.08</dst>
            <dst id="NYCMng">5128.896</dst>
            <dst id="SNVAng">26.6666666666667</dst>
            <dst id="STTLng">2857.29866666667</dst>
            <dst id="WASHng">1086.92533333333</dst>
        </src>
        <src id="IPLSng">
            <dst id="ATLA-M5">0</dst>
            <dst id="ATLAng">12955.7413333333</dst>
            <dst id="CHINng">78890.4693333333</dst>
            <dst id="DNVRng">13777.36</dst>
            <dst id="HSTNng">4400.86666666667</dst>
            <dst id="IPLSng">47824.6666666666</dst>
            <dst id="KSCYng">2550.208</dst>
            <dst id="LOSAng">7816.05066666667</dst>
            <dst id="NYCMng">17044.1466666667</dst>
            <dst id="SNVAng">390.325333333333</dst>
            <dst id="STTLng">7967.72</dst>
            <dst id="WASHng">13670.48</dst>
        </src>
        <src id="KSCYng">
            <dst id="ATLA-M5">0</dst>
            <dst id="ATLAng">782.002666666667</dst>
            <dst id="CHINng">18221.648</dst>
            <dst id="DNVRng">9994.54933333333</dst>
            <dst id="HSTNng">2918.06933333333</dst>
            <dst id="IPLSng">12281.52</dst>
            <dst id="KSCYng">12188.9493333333</dst>
            <dst id="LOSAng">4432.8</dst>
            <dst id="NYCMng">3794.70133333333</dst>
            <dst id="SNVAng">2054.98666666667</dst>
            <dst id="STTLng">8540.11466666667</dst>
            <dst id="WASHng">5401.12266666667</dst>
        </src>
        <src id="LOSAng">
            <dst id="ATLA-M5">490.989333333333</dst>
            <dst id="ATLAng">12959.5546666667</dst>
            <dst id="CHINng">108521.210666667</dst>
            <dst id="DNVRng">11521.5146666667</dst>
            <dst id="HSTNng">1787.03733333333</dst>
            <dst id="IPLSng">13630.84</dst>
            <dst id="KSCYng">3281.592</dst>
            <dst id="LOSAng">15112.112</dst>
            <dst id="NYCMng">34489.8</dst>
            <dst id="SNVAng">8184.53866666667</dst>
            <dst id="STTLng">38115.8773333333</dst>
            <dst id="WASHng">17885.9893333333</dst>
        </src>
        <src id="NYCMng">
            <dst id="ATLA-M5">170.930666666667</dst>
            <dst id="ATLAng">17433.0426666667</dst>
            <dst id="CHINng">18283.816</dst>
            <dst id="DNVRng">29700.5253333333</dst>
            <dst id="HSTNng">1873.848</dst>
            <dst id="IPLSng">21715.88</dst>
            <dst id="KSCYng">5013.37066666667</dst>
            <dst id="LOSAng">77212.0133333333</dst>
            <dst id="NYCMng">106501.490666667</dst>
            <dst id="SNVAng">756.506666666667</dst>
            <dst id="STTLng">16950.104</dst>
            <dst id="WASHng">44437.176</dst>
        </src>
        <src id="SNVAng">
            <dst id="ATLA-M5">0</dst>
            <dst id="ATLAng">0</dst>
            <dst id="CHINng">0</dst>
            <dst id="DNVRng">11488.1493333333</dst>
            <dst id="HSTNng">57.6106666666667</dst>
            <dst id="IPLSng">204.416</dst>
            <dst id="KSCYng">0</dst>
            <dst id="LOSAng">25739.3973333333</dst>
            <dst id="NYCMng">384.149333333333</dst>
            <dst id="SNVAng">4697.83733333333</dst>
            <dst id="STTLng">20399.256</dst>
            <dst id="WASHng">53.3333333333333</dst>
        </src>
        <src id="STTLng">
            <dst id="ATLA-M5">0</dst>
            <dst id="ATLAng">6517.088</dst>
            <dst id="CHINng">20046.4693333333</dst>
            <dst id="DNVRng">11551.624</dst>
            <dst id="HSTNng">1602.58133333333</dst>
            <dst id="IPLSng">3918.53066666667</dst>
            <dst id="KSCYng">1331.312</dst>
            <dst id="LOSAng">16107.6933333333</dst>
            <dst id="NYCMng">8264.712</dst>
            <dst id="SNVAng">2693.184</dst>
            <dst id="STTLng">6737.58666666667</dst>
            <dst id="WASHng">10665.9146666667</dst>
        </src>
        <src id="WASHng">
            <dst id="ATLA-M5">62.7493333333333</dst>
            <dst id="ATLAng">92441.536</dst>
            <dst id="CHINng">59081.384</dst>
            <dst id="DNVRng">53914.4453333333</dst>
            <dst id="HSTNng">15016.664</dst>
            <dst id="IPLSng">45059.5973333333</dst>
            <dst id="KSCYng">14802.4586666667</dst>
            <dst id="LOSAng">68157.7653333333</dst>
            <dst id="NYCMng">117157.546666667</dst>
            <dst id="SNVAng">6839.88266666667</dst>
            <dst id="STTLng">30159.352</dst>
            <dst id="WASHng">324757.653333333</dst>
        </src>
    </IntraTM>
</TrafficMatrixFile>
