<?xml version="1.0" encoding="ISO-8859-1" standalone="yes"?>
<TrafficMatrixFile xsi:noNamespaceSchemaLocation="http://totem.run.montefiore.ulg.ac.be/Schema/TrafficMatrix-v1_2.xsd" xmlns:xsi="http://www.w3.org/2001/XMLSchema-instance">
    <IntraTM ASID="11537">
        <src id="ATLA-M5">
            <dst id="ATLA-M5">0</dst>
            <dst id="ATLAng">114.778666666667</dst>
            <dst id="CHINng">2199.496</dst>
            <dst id="DNVRng">26.6666666666667</dst>
            <dst id="HSTNng">119.842666666667</dst>
            <dst id="IPLSng">122.666666666667</dst>
            <dst id="KSCYng">125.485333333333</dst>
            <dst id="LOSAng">106.381333333333</dst>
            <dst id="NYCMng">565.128</dst>
            <dst id="SNVAng">40</dst>
            <dst id="STTLng">248.688</dst>
            <dst id="WASHng">3993.896</dst>
        </src>
        <src id="ATLAng">
            <dst id="ATLA-M5">189.485333333333</dst>
            <dst id="ATLAng">26518.3306666667</dst>
            <dst id="CHINng">9366.688</dst>
            <dst id="DNVRng">3723.12266666667</dst>
            <dst id="HSTNng">4530.968</dst>
            <dst id="IPLSng">26741.7306666667</dst>
            <dst id="KSCYng">6340.80266666667</dst>
            <dst id="LOSAng">16872.52</dst>
            <dst id="NYCMng">6381.768</dst>
            <dst id="SNVAng">348.144</dst>
            <dst id="STTLng">5766.35733333333</dst>
            <dst id="WASHng">37153.616</dst>
        </src>
        <src id="CHINng">
            <dst id="ATLA-M5">507.994666666667</dst>
            <dst id="ATLAng">14637.6266666667</dst>
            <dst id="CHINng">67374.4133333333</dst>
            <dst id="DNVRng">12142.0986666667</dst>
            <dst id="HSTNng">13161.9653333333</dst>
            <dst id="IPLSng">45447.504</dst>
            <dst id="KSCYng">3997.43733333333</dst>
            <dst id="LOSAng">56589.3546666667</dst>
            <dst id="NYCMng">8718.50933333333</dst>
            <dst id="SNVAng">7567.20533333334</dst>
            <dst id="STTLng">14782.9706666667</dst>
            <dst id="WASHng">18262.8213333333</dst>
        </src>
        <src id="DNVRng">
            <dst id="ATLA-M5">52.0933333333333</dst>
            <dst id="ATLAng">14902.9306666667</dst>
            <dst id="CHINng">34861.2266666667</dst>
            <dst id="DNVRng">10160.16</dst>
            <dst id="HSTNng">11316.8266666667</dst>
            <dst id="IPLSng">28736.3253333333</dst>
            <dst id="KSCYng">9128.384</dst>
            <dst id="LOSAng">22906.2426666667</dst>
            <dst id="NYCMng">12630.8106666667</dst>
            <dst id="SNVAng">6281.32533333333</dst>
            <dst id="STTLng">15739.8373333333</dst>
            <dst id="WASHng">39831.8746666667</dst>
        </src>
        <src id="HSTNng">
            <dst id="ATLA-M5">1468.30933333333</dst>
            <dst id="ATLAng">13796.216</dst>
            <dst id="CHINng">7169.904</dst>
            <dst id="DNVRng">804.189333333333</dst>
            <dst id="HSTNng">14994.8613333333</dst>
            <dst id="IPLSng">1966.45866666667</dst>
            <dst id="KSCYng">3000.80533333333</dst>
            <dst id="LOSAng">8416.97866666667</dst>
            <dst id="NYCMng">4192.21866666667</dst>
            <dst id="SNVAng">0</dst>
            <dst id="STTLng">1726.37333333333</dst>
            <dst id="WASHng">13805.304</dst>
        </src>
        <src id="IPLSng">
            <dst id="ATLA-M5">48.0426666666667</dst>
            <dst id="ATLAng">18354.6373333333</dst>
            <dst id="CHINng">60563.6746666667</dst>
            <dst id="DNVRng">9865.57333333333</dst>
            <dst id="HSTNng">4875.112</dst>
            <dst id="IPLSng">17886.224</dst>
            <dst id="KSCYng">4756.84266666667</dst>
            <dst id="LOSAng">27190.952</dst>
            <dst id="NYCMng">27333.6</dst>
            <dst id="SNVAng">891.101333333333</dst>
            <dst id="STTLng">7773.91466666667</dst>
            <dst id="WASHng">15492.5626666667</dst>
        </src>
        <src id="KSCYng">
            <dst id="ATLA-M5">611.701333333333</dst>
            <dst id="ATLAng">3206.74666666667</dst>
            <dst id="CHINng">19217.728</dst>
            <dst id="DNVRng">16815.9333333333</dst>
            <dst id="HSTNng">3786.21866666667</dst>
            <dst id="IPLSng">11715.104</dst>
            <dst id="KSCYng">7864.52266666667</dst>
            <dst id="LOSAng">6400.25333333333</dst>
            <dst id="NYCMng">2491.85866666667</dst>
            <dst id="SNVAng">2598.70933333333</dst>
            <dst id="STTLng">4916.66666666667</dst>
            <dst id="WASHng">15827.7626666667</dst>
        </src>
        <src id="LOSAng">
            <dst id="ATLA-M5">63.552</dst>
            <dst id="ATLAng">23755.1226666667</dst>
            <dst id="CHINng">87944.048</dst>
            <dst id="DNVRng">29253.8266666667</dst>
            <dst id="HSTNng">7285.41333333333</dst>
            <dst id="IPLSng">12707.2773333333</dst>
            <dst id="KSCYng">4680.37866666667</dst>
            <dst id="LOSAng">19095.2693333333</dst>
            <dst id="NYCMng">31852.4426666667</dst>
            <dst id="SNVAng">25836.6213333333</dst>
            <dst id="STTLng">43427.4</dst>
            <dst id="WASHng">41417.992</dst>
        </src>
        <src id="NYCMng">
            <dst id="ATLA-M5">5130.31733333333</dst>
            <dst id="ATLAng">24022.936</dst>
            <dst id="CHINng">15480.72</dst>
            <dst id="DNVRng">27850.2826666667</dst>
            <dst id="HSTNng">14016.4293333333</dst>
            <dst id="IPLSng">22429.7013333333</dst>
            <dst id="KSCYng">15039.328</dst>
            <dst id="LOSAng">75630.8986666667</dst>
            <dst id="NYCMng">89342.2373333333</dst>
            <dst id="SNVAng">4960.26133333333</dst>
            <dst id="STTLng">23709.2826666667</dst>
            <dst id="WASHng">66025.8106666667</dst>
        </src>
        <src id="SNVAng">
            <dst id="ATLA-M5">0</dst>
            <dst id="ATLAng">191.152</dst>
            <dst id="CHINng">26.6666666666667</dst>
            <dst id="DNVRng">4178.608</dst>
            <dst id="HSTNng">1639.24266666667</dst>
            <dst id="IPLSng">193.578666666667</dst>
            <dst id="KSCYng">53.3333333333333</dst>
            <dst id="LOSAng">46550.336</dst>
            <dst id="NYCMng">248.384</dst>
            <dst id="SNVAng">10489.1866666667</dst>
            <dst id="STTLng">35035.768</dst>
            <dst id="WASHng">534.922666666667</dst>
        </src>
        <src id="STTLng">
            <dst id="ATLA-M5">190.096</dst>
            <dst id="ATLAng">9569.408</dst>
            <dst id="CHINng">15020.6906666667</dst>
            <dst id="DNVRng">3665.78666666667</dst>
            <dst id="HSTNng">6790.37333333333</dst>
            <dst id="IPLSng">6151.46666666667</dst>
            <dst id="KSCYng">7070.93333333334</dst>
            <dst id="LOSAng">24722.7386666667</dst>
            <dst id="NYCMng">9786.824</dst>
            <dst id="SNVAng">3603.792</dst>
            <dst id="STTLng">12579.9546666667</dst>
            <dst id="WASHng">13798.704</dst>
        </src>
        <src id="WASHng">
            <dst id="ATLA-M5">248.010666666667</dst>
            <dst id="ATLAng">81466.1466666667</dst>
            <dst id="CHINng">56462.072</dst>
            <dst id="DNVRng">67804.1333333333</dst>
            <dst id="HSTNng">33107.5813333333</dst>
            <dst id="IPLSng">44923.0613333333</dst>
            <dst id="KSCYng">14337.3066666667</dst>
            <dst id="LOSAng">63890.3066666667</dst>
            <dst id="NYCMng">106011.210666667</dst>
            <dst id="SNVAng">13009.104</dst>
            <dst id="STTLng">51186.1226666667</dst>
            <dst id="WASHng">217950.88</dst>
        </src>
    </IntraTM>
</TrafficMatrixFile>
