<?xml version="1.0" encoding="ISO-8859-1" standalone="yes"?>
<TrafficMatrixFile xsi:noNamespaceSchemaLocation="http://totem.run.montefiore.ulg.ac.be/Schema/TrafficMatrix-v1_2.xsd" xmlns:xsi="http://www.w3.org/2001/XMLSchema-instance">
    <IntraTM ASID="11537">
        <src id="ATLA-M5">
            <dst id="ATLA-M5">0</dst>
            <dst id="ATLAng">150.581333333333</dst>
            <dst id="CHINng">0</dst>
            <dst id="DNVRng">26.6666666666667</dst>
            <dst id="HSTNng">55.5813333333333</dst>
            <dst id="IPLSng">26.6666666666667</dst>
            <dst id="KSCYng">0</dst>
            <dst id="LOSAng">671.050666666667</dst>
            <dst id="NYCMng">304.093333333333</dst>
            <dst id="SNVAng">0</dst>
            <dst id="STTLng">0</dst>
            <dst id="WASHng">949.146666666666</dst>
        </src>
        <src id="ATLAng">
            <dst id="ATLA-M5">45.0666666666667</dst>
            <dst id="ATLAng">50826.2</dst>
            <dst id="CHINng">15701.3706666667</dst>
            <dst id="DNVRng">2954.46933333333</dst>
            <dst id="HSTNng">846.730666666667</dst>
            <dst id="IPLSng">16669.6053333333</dst>
            <dst id="KSCYng">706.189333333333</dst>
            <dst id="LOSAng">14842.2106666667</dst>
            <dst id="NYCMng">10123.3493333333</dst>
            <dst id="SNVAng">376.189333333333</dst>
            <dst id="STTLng">6235.33066666666</dst>
            <dst id="WASHng">68859.4986666667</dst>
        </src>
        <src id="CHINng">
            <dst id="ATLA-M5">114.453333333333</dst>
            <dst id="ATLAng">15830.6213333333</dst>
            <dst id="CHINng">90547.3013333333</dst>
            <dst id="DNVRng">10902.232</dst>
            <dst id="HSTNng">5576.992</dst>
            <dst id="IPLSng">35643.7493333333</dst>
            <dst id="KSCYng">2593.18133333333</dst>
            <dst id="LOSAng">37733.1013333333</dst>
            <dst id="NYCMng">7309.25333333333</dst>
            <dst id="SNVAng">1770.18666666667</dst>
            <dst id="STTLng">3327.53066666667</dst>
            <dst id="WASHng">31537.1413333333</dst>
        </src>
        <src id="DNVRng">
            <dst id="ATLA-M5">234.88</dst>
            <dst id="ATLAng">9085.42666666667</dst>
            <dst id="CHINng">62201.352</dst>
            <dst id="DNVRng">3055.45866666667</dst>
            <dst id="HSTNng">29860.2133333333</dst>
            <dst id="IPLSng">32840.472</dst>
            <dst id="KSCYng">8569.15733333333</dst>
            <dst id="LOSAng">7809.95466666667</dst>
            <dst id="NYCMng">14977.2133333333</dst>
            <dst id="SNVAng">4484.832</dst>
            <dst id="STTLng">4089.208</dst>
            <dst id="WASHng">31974.3146666667</dst>
        </src>
        <src id="HSTNng">
            <dst id="ATLA-M5">895.933333333333</dst>
            <dst id="ATLAng">5305.86666666667</dst>
            <dst id="CHINng">17413.2826666667</dst>
            <dst id="DNVRng">1417.32533333333</dst>
            <dst id="HSTNng">9513.664</dst>
            <dst id="IPLSng">3556.08533333333</dst>
            <dst id="KSCYng">675.989333333333</dst>
            <dst id="LOSAng">7825.46666666667</dst>
            <dst id="NYCMng">7506.60533333333</dst>
            <dst id="SNVAng">0</dst>
            <dst id="STTLng">1351.424</dst>
            <dst id="WASHng">4019.09333333333</dst>
        </src>
        <src id="IPLSng">
            <dst id="ATLA-M5">0</dst>
            <dst id="ATLAng">29162.688</dst>
            <dst id="CHINng">77269.4026666667</dst>
            <dst id="DNVRng">13124.184</dst>
            <dst id="HSTNng">5905.464</dst>
            <dst id="IPLSng">9306.80266666666</dst>
            <dst id="KSCYng">2905.888</dst>
            <dst id="LOSAng">14456.3066666667</dst>
            <dst id="NYCMng">37285.2853333333</dst>
            <dst id="SNVAng">661.429333333333</dst>
            <dst id="STTLng">10258.0906666667</dst>
            <dst id="WASHng">17733.5413333333</dst>
        </src>
        <src id="KSCYng">
            <dst id="ATLA-M5">0</dst>
            <dst id="ATLAng">2943.94933333333</dst>
            <dst id="CHINng">18698.488</dst>
            <dst id="DNVRng">7753.00266666667</dst>
            <dst id="HSTNng">2019.216</dst>
            <dst id="IPLSng">8138.896</dst>
            <dst id="KSCYng">3320.816</dst>
            <dst id="LOSAng">3915.67466666667</dst>
            <dst id="NYCMng">1221.912</dst>
            <dst id="SNVAng">9134.02933333333</dst>
            <dst id="STTLng">2683.784</dst>
            <dst id="WASHng">18585.216</dst>
        </src>
        <src id="LOSAng">
            <dst id="ATLA-M5">26.6666666666667</dst>
            <dst id="ATLAng">29523.2266666667</dst>
            <dst id="CHINng">134041.733333333</dst>
            <dst id="DNVRng">19509.1333333333</dst>
            <dst id="HSTNng">2349.776</dst>
            <dst id="IPLSng">15791.8186666667</dst>
            <dst id="KSCYng">3840.46666666667</dst>
            <dst id="LOSAng">14204.2026666667</dst>
            <dst id="NYCMng">35403.5893333333</dst>
            <dst id="SNVAng">9142.87466666667</dst>
            <dst id="STTLng">32982.224</dst>
            <dst id="WASHng">40219.2026666667</dst>
        </src>
        <src id="NYCMng">
            <dst id="ATLA-M5">308.765333333333</dst>
            <dst id="ATLAng">21463.4986666667</dst>
            <dst id="CHINng">14426.5546666667</dst>
            <dst id="DNVRng">23472.5973333333</dst>
            <dst id="HSTNng">6520.59733333333</dst>
            <dst id="IPLSng">19978.1386666667</dst>
            <dst id="KSCYng">5071.17866666667</dst>
            <dst id="LOSAng">80597.1626666667</dst>
            <dst id="NYCMng">105907.848</dst>
            <dst id="SNVAng">912.064</dst>
            <dst id="STTLng">15796.648</dst>
            <dst id="WASHng">34315.2746666667</dst>
        </src>
        <src id="SNVAng">
            <dst id="ATLA-M5">0</dst>
            <dst id="ATLAng">83.9013333333333</dst>
            <dst id="CHINng">200</dst>
            <dst id="DNVRng">3026.44266666667</dst>
            <dst id="HSTNng">94.9973333333333</dst>
            <dst id="IPLSng">9408.872</dst>
            <dst id="KSCYng">0</dst>
            <dst id="LOSAng">30876.6346666667</dst>
            <dst id="NYCMng">684.485333333333</dst>
            <dst id="SNVAng">3610.16266666667</dst>
            <dst id="STTLng">27967.0053333333</dst>
            <dst id="WASHng">669.421333333333</dst>
        </src>
        <src id="STTLng">
            <dst id="ATLA-M5">206.805333333333</dst>
            <dst id="ATLAng">11819.1306666667</dst>
            <dst id="CHINng">28240.5946666667</dst>
            <dst id="DNVRng">1702.85333333333</dst>
            <dst id="HSTNng">913.464</dst>
            <dst id="IPLSng">5542.38666666667</dst>
            <dst id="KSCYng">2477.38666666667</dst>
            <dst id="LOSAng">13768.4933333333</dst>
            <dst id="NYCMng">11477.3813333333</dst>
            <dst id="SNVAng">1884.82933333333</dst>
            <dst id="STTLng">1177.87466666667</dst>
            <dst id="WASHng">9184.296</dst>
        </src>
        <src id="WASHng">
            <dst id="ATLA-M5">2908.77866666667</dst>
            <dst id="ATLAng">104414.925333333</dst>
            <dst id="CHINng">65947.0746666667</dst>
            <dst id="DNVRng">45850.8266666667</dst>
            <dst id="HSTNng">19996.0773333333</dst>
            <dst id="IPLSng">52377.8773333333</dst>
            <dst id="KSCYng">15261.648</dst>
            <dst id="LOSAng">65323.488</dst>
            <dst id="NYCMng">129080.72</dst>
            <dst id="SNVAng">5704.05333333333</dst>
            <dst id="STTLng">39607.9306666667</dst>
            <dst id="WASHng">299924.266666667</dst>
        </src>
    </IntraTM>
</TrafficMatrixFile>
