<?xml version="1.0" encoding="ISO-8859-1" standalone="yes"?>
<TrafficMatrixFile xsi:noNamespaceSchemaLocation="http://totem.run.montefiore.ulg.ac.be/Schema/TrafficMatrix-v1_2.xsd" xmlns:xsi="http://www.w3.org/2001/XMLSchema-instance">
    <IntraTM ASID="11537">
        <src id="ATLA-M5">
            <dst id="ATLA-M5">0</dst>
            <dst id="ATLAng">0</dst>
            <dst id="CHINng">153.12</dst>
            <dst id="DNVRng">0</dst>
            <dst id="HSTNng">92.5626666666667</dst>
            <dst id="IPLSng">0</dst>
            <dst id="KSCYng">26.6666666666667</dst>
            <dst id="LOSAng">446.672</dst>
            <dst id="NYCMng">26.6666666666667</dst>
            <dst id="SNVAng">0</dst>
            <dst id="STTLng">0</dst>
            <dst id="WASHng">531.917333333333</dst>
        </src>
        <src id="ATLAng">
            <dst id="ATLA-M5">96.608</dst>
            <dst id="ATLAng">6120.38133333333</dst>
            <dst id="CHINng">3305.856</dst>
            <dst id="DNVRng">2858.64533333333</dst>
            <dst id="HSTNng">658.896</dst>
            <dst id="IPLSng">25936.7493333333</dst>
            <dst id="KSCYng">407.538666666667</dst>
            <dst id="LOSAng">5714.92266666667</dst>
            <dst id="NYCMng">12540.9573333333</dst>
            <dst id="SNVAng">618.776</dst>
            <dst id="STTLng">9876.86133333333</dst>
            <dst id="WASHng">43628.8506666667</dst>
        </src>
        <src id="CHINng">
            <dst id="ATLA-M5">53.2293333333333</dst>
            <dst id="ATLAng">8544.73866666667</dst>
            <dst id="CHINng">76419.5333333333</dst>
            <dst id="DNVRng">13210.6</dst>
            <dst id="HSTNng">5323.34133333333</dst>
            <dst id="IPLSng">109647</dst>
            <dst id="KSCYng">2909.84</dst>
            <dst id="LOSAng">38021.8453333333</dst>
            <dst id="NYCMng">14563.9306666667</dst>
            <dst id="SNVAng">245.712</dst>
            <dst id="STTLng">4713.71466666667</dst>
            <dst id="WASHng">31678.688</dst>
        </src>
        <src id="DNVRng">
            <dst id="ATLA-M5">140.352</dst>
            <dst id="ATLAng">1982.88533333333</dst>
            <dst id="CHINng">52796.744</dst>
            <dst id="DNVRng">13578.9413333333</dst>
            <dst id="HSTNng">15791.7626666667</dst>
            <dst id="IPLSng">40128.0426666667</dst>
            <dst id="KSCYng">32811.0293333333</dst>
            <dst id="LOSAng">21220.664</dst>
            <dst id="NYCMng">20295.7093333333</dst>
            <dst id="SNVAng">18312.84</dst>
            <dst id="STTLng">13693.0613333333</dst>
            <dst id="WASHng">31211.9786666667</dst>
        </src>
        <src id="HSTNng">
            <dst id="ATLA-M5">2963.87733333333</dst>
            <dst id="ATLAng">550.677333333333</dst>
            <dst id="CHINng">16714.2933333333</dst>
            <dst id="DNVRng">961.429333333333</dst>
            <dst id="HSTNng">16979.5733333333</dst>
            <dst id="IPLSng">3368.224</dst>
            <dst id="KSCYng">604.864</dst>
            <dst id="LOSAng">2823.408</dst>
            <dst id="NYCMng">5633.36533333334</dst>
            <dst id="SNVAng">0</dst>
            <dst id="STTLng">3580.928</dst>
            <dst id="WASHng">3396.928</dst>
        </src>
        <src id="IPLSng">
            <dst id="ATLA-M5">0</dst>
            <dst id="ATLAng">11751.3333333333</dst>
            <dst id="CHINng">78440.048</dst>
            <dst id="DNVRng">18181.6106666667</dst>
            <dst id="HSTNng">1948.04</dst>
            <dst id="IPLSng">22845.888</dst>
            <dst id="KSCYng">2006.17866666667</dst>
            <dst id="LOSAng">8181.46666666667</dst>
            <dst id="NYCMng">17364.6853333333</dst>
            <dst id="SNVAng">258.682666666667</dst>
            <dst id="STTLng">8747.34933333333</dst>
            <dst id="WASHng">13203.9546666667</dst>
        </src>
        <src id="KSCYng">
            <dst id="ATLA-M5">0</dst>
            <dst id="ATLAng">885.213333333333</dst>
            <dst id="CHINng">13561.92</dst>
            <dst id="DNVRng">6929.18666666667</dst>
            <dst id="HSTNng">2723.29066666667</dst>
            <dst id="IPLSng">11304.472</dst>
            <dst id="KSCYng">13331.8853333333</dst>
            <dst id="LOSAng">4375.84266666667</dst>
            <dst id="NYCMng">3814.87733333333</dst>
            <dst id="SNVAng">1925.2</dst>
            <dst id="STTLng">9202.56533333333</dst>
            <dst id="WASHng">6083.712</dst>
        </src>
        <src id="LOSAng">
            <dst id="ATLA-M5">416.424</dst>
            <dst id="ATLAng">21804.6026666667</dst>
            <dst id="CHINng">113572.778666667</dst>
            <dst id="DNVRng">12542.3786666667</dst>
            <dst id="HSTNng">2571.36533333333</dst>
            <dst id="IPLSng">14755.7546666667</dst>
            <dst id="KSCYng">2729.35733333333</dst>
            <dst id="LOSAng">14180.3946666667</dst>
            <dst id="NYCMng">33660.2613333333</dst>
            <dst id="SNVAng">10011.96</dst>
            <dst id="STTLng">36926.3066666667</dst>
            <dst id="WASHng">19335.5333333333</dst>
        </src>
        <src id="NYCMng">
            <dst id="ATLA-M5">57.0106666666667</dst>
            <dst id="ATLAng">15153.216</dst>
            <dst id="CHINng">31898.8986666667</dst>
            <dst id="DNVRng">27407.504</dst>
            <dst id="HSTNng">3246.448</dst>
            <dst id="IPLSng">24976.7706666667</dst>
            <dst id="KSCYng">5059.06133333333</dst>
            <dst id="LOSAng">76107.5226666667</dst>
            <dst id="NYCMng">104518.234666667</dst>
            <dst id="SNVAng">692.141333333333</dst>
            <dst id="STTLng">18009.7093333333</dst>
            <dst id="WASHng">51617.3413333333</dst>
        </src>
        <src id="SNVAng">
            <dst id="ATLA-M5">0</dst>
            <dst id="ATLAng">26.6666666666667</dst>
            <dst id="CHINng">0</dst>
            <dst id="DNVRng">10971.288</dst>
            <dst id="HSTNng">36.7893333333333</dst>
            <dst id="IPLSng">270.405333333333</dst>
            <dst id="KSCYng">26.6666666666667</dst>
            <dst id="LOSAng">26795.4906666667</dst>
            <dst id="NYCMng">374.069333333333</dst>
            <dst id="SNVAng">5428.91733333333</dst>
            <dst id="STTLng">19796.928</dst>
            <dst id="WASHng">26.6666666666667</dst>
        </src>
        <src id="STTLng">
            <dst id="ATLA-M5">26.6666666666667</dst>
            <dst id="ATLAng">6952.232</dst>
            <dst id="CHINng">20407.6506666667</dst>
            <dst id="DNVRng">12425.696</dst>
            <dst id="HSTNng">982.058666666667</dst>
            <dst id="IPLSng">3867.38933333333</dst>
            <dst id="KSCYng">1067.816</dst>
            <dst id="LOSAng">17521.2026666667</dst>
            <dst id="NYCMng">8233.16533333333</dst>
            <dst id="SNVAng">2195.12</dst>
            <dst id="STTLng">6720.688</dst>
            <dst id="WASHng">10805.7733333333</dst>
        </src>
        <src id="WASHng">
            <dst id="ATLA-M5">67.3306666666667</dst>
            <dst id="ATLAng">76065.4666666667</dst>
            <dst id="CHINng">50137.6586666667</dst>
            <dst id="DNVRng">53028.992</dst>
            <dst id="HSTNng">14782.8346666667</dst>
            <dst id="IPLSng">53535.9653333333</dst>
            <dst id="KSCYng">12476.3813333333</dst>
            <dst id="LOSAng">85624.12</dst>
            <dst id="NYCMng">123595.330666667</dst>
            <dst id="SNVAng">7052.856</dst>
            <dst id="STTLng">23593.648</dst>
            <dst id="WASHng">354732.773333333</dst>
        </src>
    </IntraTM>
</TrafficMatrixFile>
