<?xml version="1.0" encoding="ISO-8859-1" standalone="yes"?>
<TrafficMatrixFile xsi:noNamespaceSchemaLocation="http://totem.run.montefiore.ulg.ac.be/Schema/TrafficMatrix-v1_2.xsd" xmlns:xsi="http://www.w3.org/2001/XMLSchema-instance">
    <IntraTM ASID="11537">
        <src id="ATLA-M5">
            <dst id="ATLA-M5">0</dst>
            <dst id="ATLAng">26.6666666666667</dst>
            <dst id="CHINng">453.008</dst>
            <dst id="DNVRng">0</dst>
            <dst id="HSTNng">65.2693333333333</dst>
            <dst id="IPLSng">0</dst>
            <dst id="KSCYng">0</dst>
            <dst id="LOSAng">123.378666666667</dst>
            <dst id="NYCMng">0</dst>
            <dst id="SNVAng">0</dst>
            <dst id="STTLng">0</dst>
            <dst id="WASHng">2527.47466666667</dst>
        </src>
        <src id="ATLAng">
            <dst id="ATLA-M5">66.3253333333333</dst>
            <dst id="ATLAng">4272.472</dst>
            <dst id="CHINng">2675.71466666667</dst>
            <dst id="DNVRng">3674.976</dst>
            <dst id="HSTNng">1084.66933333333</dst>
            <dst id="IPLSng">23907.072</dst>
            <dst id="KSCYng">514.088</dst>
            <dst id="LOSAng">5346.38666666667</dst>
            <dst id="NYCMng">6765.00533333333</dst>
            <dst id="SNVAng">94.9253333333333</dst>
            <dst id="STTLng">10804.544</dst>
            <dst id="WASHng">39936.2586666667</dst>
        </src>
        <src id="CHINng">
            <dst id="ATLA-M5">80</dst>
            <dst id="ATLAng">7176.704</dst>
            <dst id="CHINng">58895.3786666667</dst>
            <dst id="DNVRng">16713.3946666667</dst>
            <dst id="HSTNng">2816.47733333333</dst>
            <dst id="IPLSng">102374.930666667</dst>
            <dst id="KSCYng">16136.144</dst>
            <dst id="LOSAng">30299.5946666667</dst>
            <dst id="NYCMng">6900.13333333333</dst>
            <dst id="SNVAng">3052.144</dst>
            <dst id="STTLng">3692.94933333333</dst>
            <dst id="WASHng">11303.512</dst>
        </src>
        <src id="DNVRng">
            <dst id="ATLA-M5">152.344</dst>
            <dst id="ATLAng">1441.86666666667</dst>
            <dst id="CHINng">50152.4</dst>
            <dst id="DNVRng">2583.56</dst>
            <dst id="HSTNng">11112.7253333333</dst>
            <dst id="IPLSng">32284.3013333333</dst>
            <dst id="KSCYng">10682.4133333333</dst>
            <dst id="LOSAng">25595.1893333333</dst>
            <dst id="NYCMng">15650.3653333333</dst>
            <dst id="SNVAng">8123.632</dst>
            <dst id="STTLng">9790.98666666667</dst>
            <dst id="WASHng">36636.5066666667</dst>
        </src>
        <src id="HSTNng">
            <dst id="ATLA-M5">2011.22133333333</dst>
            <dst id="ATLAng">1357.59466666667</dst>
            <dst id="CHINng">22124.2213333333</dst>
            <dst id="DNVRng">490.669333333333</dst>
            <dst id="HSTNng">16667.8693333333</dst>
            <dst id="IPLSng">562.912</dst>
            <dst id="KSCYng">621.488</dst>
            <dst id="LOSAng">5675.616</dst>
            <dst id="NYCMng">5754.416</dst>
            <dst id="SNVAng">53.3333333333333</dst>
            <dst id="STTLng">2851.816</dst>
            <dst id="WASHng">1177.776</dst>
        </src>
        <src id="IPLSng">
            <dst id="ATLA-M5">0</dst>
            <dst id="ATLAng">10922.352</dst>
            <dst id="CHINng">68961.92</dst>
            <dst id="DNVRng">9201.93066666667</dst>
            <dst id="HSTNng">1865.83466666667</dst>
            <dst id="IPLSng">12556.168</dst>
            <dst id="KSCYng">1847.39466666667</dst>
            <dst id="LOSAng">12525.8853333333</dst>
            <dst id="NYCMng">22084.0506666667</dst>
            <dst id="SNVAng">1118.66666666667</dst>
            <dst id="STTLng">10155.2586666667</dst>
            <dst id="WASHng">5606.21333333333</dst>
        </src>
        <src id="KSCYng">
            <dst id="ATLA-M5">0</dst>
            <dst id="ATLAng">2484.97866666667</dst>
            <dst id="CHINng">14521.52</dst>
            <dst id="DNVRng">14564.6506666667</dst>
            <dst id="HSTNng">2207.20266666667</dst>
            <dst id="IPLSng">11450.3306666667</dst>
            <dst id="KSCYng">5371.54933333333</dst>
            <dst id="LOSAng">5385.064</dst>
            <dst id="NYCMng">3774.648</dst>
            <dst id="SNVAng">2064.136</dst>
            <dst id="STTLng">7326.21333333333</dst>
            <dst id="WASHng">9411.73866666667</dst>
        </src>
        <src id="LOSAng">
            <dst id="ATLA-M5">500.144</dst>
            <dst id="ATLAng">7239.98666666667</dst>
            <dst id="CHINng">117865.042666667</dst>
            <dst id="DNVRng">25823.416</dst>
            <dst id="HSTNng">1487.36266666667</dst>
            <dst id="IPLSng">25082.2213333333</dst>
            <dst id="KSCYng">2731.048</dst>
            <dst id="LOSAng">13672.9946666667</dst>
            <dst id="NYCMng">37534.992</dst>
            <dst id="SNVAng">21048.424</dst>
            <dst id="STTLng">33118.6533333333</dst>
            <dst id="WASHng">21724.3493333333</dst>
        </src>
        <src id="NYCMng">
            <dst id="ATLA-M5">394.458666666667</dst>
            <dst id="ATLAng">19086.696</dst>
            <dst id="CHINng">8823.096</dst>
            <dst id="DNVRng">30382.0586666667</dst>
            <dst id="HSTNng">3683.75733333333</dst>
            <dst id="IPLSng">24979.1653333333</dst>
            <dst id="KSCYng">4398.91733333333</dst>
            <dst id="LOSAng">77539.4186666667</dst>
            <dst id="NYCMng">70750.6773333333</dst>
            <dst id="SNVAng">1302.168</dst>
            <dst id="STTLng">21955.488</dst>
            <dst id="WASHng">67397.8186666667</dst>
        </src>
        <src id="SNVAng">
            <dst id="ATLA-M5">0</dst>
            <dst id="ATLAng">26.6666666666667</dst>
            <dst id="CHINng">0</dst>
            <dst id="DNVRng">1722.52533333333</dst>
            <dst id="HSTNng">48.256</dst>
            <dst id="IPLSng">204.402666666667</dst>
            <dst id="KSCYng">26.6666666666667</dst>
            <dst id="LOSAng">32125.7013333333</dst>
            <dst id="NYCMng">324.864</dst>
            <dst id="SNVAng">6708.86133333333</dst>
            <dst id="STTLng">27076.816</dst>
            <dst id="WASHng">53.3333333333333</dst>
        </src>
        <src id="STTLng">
            <dst id="ATLA-M5">0</dst>
            <dst id="ATLAng">6882.16266666667</dst>
            <dst id="CHINng">21633.8426666667</dst>
            <dst id="DNVRng">1280.56533333333</dst>
            <dst id="HSTNng">1291.25866666667</dst>
            <dst id="IPLSng">4499.57333333333</dst>
            <dst id="KSCYng">1316.30666666667</dst>
            <dst id="LOSAng">12217.456</dst>
            <dst id="NYCMng">11132.6986666667</dst>
            <dst id="SNVAng">1284.63733333333</dst>
            <dst id="STTLng">1690.69066666667</dst>
            <dst id="WASHng">13382.1493333333</dst>
        </src>
        <src id="WASHng">
            <dst id="ATLA-M5">111.112</dst>
            <dst id="ATLAng">55013.2453333333</dst>
            <dst id="CHINng">29157.8506666667</dst>
            <dst id="DNVRng">55926.2426666667</dst>
            <dst id="HSTNng">19918.3333333333</dst>
            <dst id="IPLSng">37434.424</dst>
            <dst id="KSCYng">3240.54933333333</dst>
            <dst id="LOSAng">82689.4853333333</dst>
            <dst id="NYCMng">111925.456</dst>
            <dst id="SNVAng">7074.39466666667</dst>
            <dst id="STTLng">23895.2586666667</dst>
            <dst id="WASHng">323748.826666667</dst>
        </src>
    </IntraTM>
</TrafficMatrixFile>
