<?xml version="1.0" encoding="ISO-8859-1" standalone="yes"?>
<TrafficMatrixFile xsi:noNamespaceSchemaLocation="http://totem.run.montefiore.ulg.ac.be/Schema/TrafficMatrix-v1_2.xsd" xmlns:xsi="http://www.w3.org/2001/XMLSchema-instance">
    <IntraTM ASID="11537">
        <src id="ATLA-M5">
            <dst id="ATLA-M5">0</dst>
            <dst id="ATLAng">53.3333333333333</dst>
            <dst id="CHINng">104.418666666667</dst>
            <dst id="DNVRng">162.906666666667</dst>
            <dst id="HSTNng">63.72</dst>
            <dst id="IPLSng">0</dst>
            <dst id="KSCYng">80</dst>
            <dst id="LOSAng">651.845333333333</dst>
            <dst id="NYCMng">26.6666666666667</dst>
            <dst id="SNVAng">0</dst>
            <dst id="STTLng">63.5706666666667</dst>
            <dst id="WASHng">454.570666666667</dst>
        </src>
        <src id="ATLAng">
            <dst id="ATLA-M5">554.282666666667</dst>
            <dst id="ATLAng">11941.3946666667</dst>
            <dst id="CHINng">6617.176</dst>
            <dst id="DNVRng">5926.61066666666</dst>
            <dst id="HSTNng">2693.632</dst>
            <dst id="IPLSng">24882.016</dst>
            <dst id="KSCYng">2429.13333333333</dst>
            <dst id="LOSAng">8776.32666666667</dst>
            <dst id="NYCMng">4288.56</dst>
            <dst id="SNVAng">309.737333333333</dst>
            <dst id="STTLng">8062.00266666667</dst>
            <dst id="WASHng">26826.256</dst>
        </src>
        <src id="CHINng">
            <dst id="ATLA-M5">97.8026666666667</dst>
            <dst id="ATLAng">14367.32</dst>
            <dst id="CHINng">38348.92</dst>
            <dst id="DNVRng">7749.25333333333</dst>
            <dst id="HSTNng">12193.7333333333</dst>
            <dst id="IPLSng">19847.3173333333</dst>
            <dst id="KSCYng">7132.896</dst>
            <dst id="LOSAng">43994.1013333333</dst>
            <dst id="NYCMng">12585.7013333333</dst>
            <dst id="SNVAng">3725.89866666667</dst>
            <dst id="STTLng">7088.816</dst>
            <dst id="WASHng">19286.9306666667</dst>
        </src>
        <src id="DNVRng">
            <dst id="ATLA-M5">974.570666666667</dst>
            <dst id="ATLAng">3392.72</dst>
            <dst id="CHINng">51893.2026666667</dst>
            <dst id="DNVRng">12640.2506666667</dst>
            <dst id="HSTNng">17547.6186666667</dst>
            <dst id="IPLSng">34301.568</dst>
            <dst id="KSCYng">31247.7573333333</dst>
            <dst id="LOSAng">14245.2133333333</dst>
            <dst id="NYCMng">15345.7413333333</dst>
            <dst id="SNVAng">12128.5146666667</dst>
            <dst id="STTLng">13678.4986666667</dst>
            <dst id="WASHng">37665.6666666667</dst>
        </src>
        <src id="HSTNng">
            <dst id="ATLA-M5">1653.46133333333</dst>
            <dst id="ATLAng">36564.2853333333</dst>
            <dst id="CHINng">4656.89333333333</dst>
            <dst id="DNVRng">1316.792</dst>
            <dst id="HSTNng">14173.1413333333</dst>
            <dst id="IPLSng">1206.66933333333</dst>
            <dst id="KSCYng">3608.35733333333</dst>
            <dst id="LOSAng">4320.256</dst>
            <dst id="NYCMng">1482.38666666667</dst>
            <dst id="SNVAng">0</dst>
            <dst id="STTLng">1909.68266666667</dst>
            <dst id="WASHng">5607.70933333333</dst>
        </src>
        <src id="IPLSng">
            <dst id="ATLA-M5">26.6666666666667</dst>
            <dst id="ATLAng">16901.2986666667</dst>
            <dst id="CHINng">70390.384</dst>
            <dst id="DNVRng">6535.82933333333</dst>
            <dst id="HSTNng">691.664</dst>
            <dst id="IPLSng">23484.6906666667</dst>
            <dst id="KSCYng">11116.584</dst>
            <dst id="LOSAng">17266.976</dst>
            <dst id="NYCMng">38188.7893333333</dst>
            <dst id="SNVAng">2892.552</dst>
            <dst id="STTLng">8058.992</dst>
            <dst id="WASHng">11924.264</dst>
        </src>
        <src id="KSCYng">
            <dst id="ATLA-M5">1004.48</dst>
            <dst id="ATLAng">1502.952</dst>
            <dst id="CHINng">10118.7013333333</dst>
            <dst id="DNVRng">10596.5653333333</dst>
            <dst id="HSTNng">11067.1013333333</dst>
            <dst id="IPLSng">14168.0693333333</dst>
            <dst id="KSCYng">11262.008</dst>
            <dst id="LOSAng">8523.44</dst>
            <dst id="NYCMng">2971.32</dst>
            <dst id="SNVAng">2691.88</dst>
            <dst id="STTLng">4434.41066666667</dst>
            <dst id="WASHng">7287.02133333333</dst>
        </src>
        <src id="LOSAng">
            <dst id="ATLA-M5">404.568</dst>
            <dst id="ATLAng">20840.664</dst>
            <dst id="CHINng">50000.9573333333</dst>
            <dst id="DNVRng">24900.7013333333</dst>
            <dst id="HSTNng">16344.4293333333</dst>
            <dst id="IPLSng">14717.1946666667</dst>
            <dst id="KSCYng">4601.576</dst>
            <dst id="LOSAng">21167.6826666667</dst>
            <dst id="NYCMng">36626.7226666667</dst>
            <dst id="SNVAng">18444.9226666667</dst>
            <dst id="STTLng">21918.5546666667</dst>
            <dst id="WASHng">17133.0453333333</dst>
        </src>
        <src id="NYCMng">
            <dst id="ATLA-M5">2364.58133333333</dst>
            <dst id="ATLAng">21867.2533333333</dst>
            <dst id="CHINng">12775.1093333333</dst>
            <dst id="DNVRng">24376.68</dst>
            <dst id="HSTNng">10349.8346666667</dst>
            <dst id="IPLSng">15259.0266666667</dst>
            <dst id="KSCYng">11531.2773333333</dst>
            <dst id="LOSAng">86043.968</dst>
            <dst id="NYCMng">101715.048</dst>
            <dst id="SNVAng">2757.14933333333</dst>
            <dst id="STTLng">22679.664</dst>
            <dst id="WASHng">36710.0826666667</dst>
        </src>
        <src id="SNVAng">
            <dst id="ATLA-M5">0</dst>
            <dst id="ATLAng">461.589333333333</dst>
            <dst id="CHINng">0</dst>
            <dst id="DNVRng">7912.712</dst>
            <dst id="HSTNng">30.6986666666667</dst>
            <dst id="IPLSng">294.037333333333</dst>
            <dst id="KSCYng">0</dst>
            <dst id="LOSAng">34954.544</dst>
            <dst id="NYCMng">368.234666666667</dst>
            <dst id="SNVAng">6076.17866666666</dst>
            <dst id="STTLng">30368.168</dst>
            <dst id="WASHng">0</dst>
        </src>
        <src id="STTLng">
            <dst id="ATLA-M5">29.6</dst>
            <dst id="ATLAng">8803.29066666667</dst>
            <dst id="CHINng">13069.464</dst>
            <dst id="DNVRng">3969.98933333333</dst>
            <dst id="HSTNng">1720.82666666667</dst>
            <dst id="IPLSng">8978.98666666667</dst>
            <dst id="KSCYng">827.872</dst>
            <dst id="LOSAng">22554.3066666667</dst>
            <dst id="NYCMng">8601.288</dst>
            <dst id="SNVAng">4499.76266666667</dst>
            <dst id="STTLng">6616.392</dst>
            <dst id="WASHng">7080.25066666667</dst>
        </src>
        <src id="WASHng">
            <dst id="ATLA-M5">26.6666666666667</dst>
            <dst id="ATLAng">84923.3146666667</dst>
            <dst id="CHINng">47728.7386666667</dst>
            <dst id="DNVRng">82247.552</dst>
            <dst id="HSTNng">9210.68</dst>
            <dst id="IPLSng">49682.0826666667</dst>
            <dst id="KSCYng">12090.4533333333</dst>
            <dst id="LOSAng">57752.6186666667</dst>
            <dst id="NYCMng">136804.738666667</dst>
            <dst id="SNVAng">4884.70666666667</dst>
            <dst id="STTLng">47763.8773333333</dst>
            <dst id="WASHng">212869.034666667</dst>
        </src>
    </IntraTM>
</TrafficMatrixFile>
