<?xml version="1.0" encoding="ISO-8859-1" standalone="yes"?>
<TrafficMatrixFile xsi:noNamespaceSchemaLocation="http://totem.run.montefiore.ulg.ac.be/Schema/TrafficMatrix-v1_2.xsd" xmlns:xsi="http://www.w3.org/2001/XMLSchema-instance">
    <IntraTM ASID="11537">
        <src id="ATLA-M5">
            <dst id="ATLA-M5">318.861333333333</dst>
            <dst id="ATLAng">179.349333333333</dst>
            <dst id="CHINng">210.018666666667</dst>
            <dst id="DNVRng">0</dst>
            <dst id="HSTNng">80</dst>
            <dst id="IPLSng">57.2773333333333</dst>
            <dst id="KSCYng">61.4933333333333</dst>
            <dst id="LOSAng">246.730666666667</dst>
            <dst id="NYCMng">0</dst>
            <dst id="SNVAng">32.9093333333333</dst>
            <dst id="STTLng">26.6666666666667</dst>
            <dst id="WASHng">3728.80533333333</dst>
        </src>
        <src id="ATLAng">
            <dst id="ATLA-M5">511.485333333333</dst>
            <dst id="ATLAng">32010.5866666667</dst>
            <dst id="CHINng">8658.53066666667</dst>
            <dst id="DNVRng">3690.74133333333</dst>
            <dst id="HSTNng">17823.8453333333</dst>
            <dst id="IPLSng">15869.6933333333</dst>
            <dst id="KSCYng">1830.208</dst>
            <dst id="LOSAng">11187.576</dst>
            <dst id="NYCMng">39889.7626666667</dst>
            <dst id="SNVAng">777.453333333333</dst>
            <dst id="STTLng">14564.12</dst>
            <dst id="WASHng">54892.9546666667</dst>
        </src>
        <src id="CHINng">
            <dst id="ATLA-M5">373.472</dst>
            <dst id="ATLAng">20436.4373333333</dst>
            <dst id="CHINng">80723.6133333333</dst>
            <dst id="DNVRng">5466.91466666667</dst>
            <dst id="HSTNng">9750.83733333333</dst>
            <dst id="IPLSng">31483.7706666667</dst>
            <dst id="KSCYng">10070.5733333333</dst>
            <dst id="LOSAng">30352.2693333333</dst>
            <dst id="NYCMng">22817.112</dst>
            <dst id="SNVAng">3486.39733333333</dst>
            <dst id="STTLng">11708.1253333333</dst>
            <dst id="WASHng">29100.7386666667</dst>
        </src>
        <src id="DNVRng">
            <dst id="ATLA-M5">148.8</dst>
            <dst id="ATLAng">10075.36</dst>
            <dst id="CHINng">82883.0106666667</dst>
            <dst id="DNVRng">9476.10933333333</dst>
            <dst id="HSTNng">20809.176</dst>
            <dst id="IPLSng">41168.792</dst>
            <dst id="KSCYng">22087.592</dst>
            <dst id="LOSAng">13225.2533333333</dst>
            <dst id="NYCMng">17869.3573333333</dst>
            <dst id="SNVAng">23263.1333333333</dst>
            <dst id="STTLng">11989.192</dst>
            <dst id="WASHng">40657.9946666667</dst>
        </src>
        <src id="HSTNng">
            <dst id="ATLA-M5">1478.69066666667</dst>
            <dst id="ATLAng">4244.50933333333</dst>
            <dst id="CHINng">19437.0293333333</dst>
            <dst id="DNVRng">1113.35466666667</dst>
            <dst id="HSTNng">13432.3653333333</dst>
            <dst id="IPLSng">4004.11466666667</dst>
            <dst id="KSCYng">3812.16</dst>
            <dst id="LOSAng">8996.33333333333</dst>
            <dst id="NYCMng">5626.12266666667</dst>
            <dst id="SNVAng">2600.38666666667</dst>
            <dst id="STTLng">1889.44266666667</dst>
            <dst id="WASHng">5675.99466666667</dst>
        </src>
        <src id="IPLSng">
            <dst id="ATLA-M5">0</dst>
            <dst id="ATLAng">24615.6693333333</dst>
            <dst id="CHINng">105948.504</dst>
            <dst id="DNVRng">12878.3786666667</dst>
            <dst id="HSTNng">6162.78933333333</dst>
            <dst id="IPLSng">18818.2293333333</dst>
            <dst id="KSCYng">11635.9066666667</dst>
            <dst id="LOSAng">13135.9413333333</dst>
            <dst id="NYCMng">30966.72</dst>
            <dst id="SNVAng">845.869333333333</dst>
            <dst id="STTLng">25364.1093333333</dst>
            <dst id="WASHng">44494.2746666667</dst>
        </src>
        <src id="KSCYng">
            <dst id="ATLA-M5">53.3333333333333</dst>
            <dst id="ATLAng">2482.904</dst>
            <dst id="CHINng">31671.2666666667</dst>
            <dst id="DNVRng">9577.328</dst>
            <dst id="HSTNng">6177.38666666667</dst>
            <dst id="IPLSng">18256.0346666667</dst>
            <dst id="KSCYng">11109.8693333333</dst>
            <dst id="LOSAng">3743.54666666667</dst>
            <dst id="NYCMng">4588.304</dst>
            <dst id="SNVAng">1908.704</dst>
            <dst id="STTLng">2378.696</dst>
            <dst id="WASHng">27334.2533333333</dst>
        </src>
        <src id="LOSAng">
            <dst id="ATLA-M5">112.925333333333</dst>
            <dst id="ATLAng">17029.456</dst>
            <dst id="CHINng">139513.64</dst>
            <dst id="DNVRng">27157.6133333333</dst>
            <dst id="HSTNng">5234.20266666667</dst>
            <dst id="IPLSng">29411.888</dst>
            <dst id="KSCYng">7202.51733333333</dst>
            <dst id="LOSAng">16652.5546666667</dst>
            <dst id="NYCMng">39743.2986666667</dst>
            <dst id="SNVAng">8804.712</dst>
            <dst id="STTLng">18972.1306666667</dst>
            <dst id="WASHng">38510.8746666667</dst>
        </src>
        <src id="NYCMng">
            <dst id="ATLA-M5">938.4</dst>
            <dst id="ATLAng">31686.4613333333</dst>
            <dst id="CHINng">34280.6133333333</dst>
            <dst id="DNVRng">26934.32</dst>
            <dst id="HSTNng">11339.4426666667</dst>
            <dst id="IPLSng">22801.304</dst>
            <dst id="KSCYng">11993.9093333333</dst>
            <dst id="LOSAng">81017.1866666667</dst>
            <dst id="NYCMng">114731.562666667</dst>
            <dst id="SNVAng">1420.98133333333</dst>
            <dst id="STTLng">16315.5146666667</dst>
            <dst id="WASHng">78819.8613333333</dst>
        </src>
        <src id="SNVAng">
            <dst id="ATLA-M5">0</dst>
            <dst id="ATLAng">267.104</dst>
            <dst id="CHINng">26.6666666666667</dst>
            <dst id="DNVRng">3594.52</dst>
            <dst id="HSTNng">26.6666666666667</dst>
            <dst id="IPLSng">284.109333333333</dst>
            <dst id="KSCYng">26.6666666666667</dst>
            <dst id="LOSAng">30626.2933333333</dst>
            <dst id="NYCMng">283.008</dst>
            <dst id="SNVAng">11010.9706666667</dst>
            <dst id="STTLng">28605.648</dst>
            <dst id="WASHng">206.52</dst>
        </src>
        <src id="STTLng">
            <dst id="ATLA-M5">220.488</dst>
            <dst id="ATLAng">10409.4266666667</dst>
            <dst id="CHINng">32362.6933333333</dst>
            <dst id="DNVRng">2356.368</dst>
            <dst id="HSTNng">2250.144</dst>
            <dst id="IPLSng">11877.4293333333</dst>
            <dst id="KSCYng">3315.216</dst>
            <dst id="LOSAng">14179.128</dst>
            <dst id="NYCMng">13357.552</dst>
            <dst id="SNVAng">5370.33333333333</dst>
            <dst id="STTLng">5057.248</dst>
            <dst id="WASHng">23690.6933333333</dst>
        </src>
        <src id="WASHng">
            <dst id="ATLA-M5">816.264</dst>
            <dst id="ATLAng">181563.36</dst>
            <dst id="CHINng">43501.8106666667</dst>
            <dst id="DNVRng">55624.952</dst>
            <dst id="HSTNng">25315.9173333333</dst>
            <dst id="IPLSng">58077.2106666667</dst>
            <dst id="KSCYng">18700.1813333333</dst>
            <dst id="LOSAng">50395.4906666667</dst>
            <dst id="NYCMng">161528.904</dst>
            <dst id="SNVAng">10604.0986666667</dst>
            <dst id="STTLng">44988.2266666667</dst>
            <dst id="WASHng">351670.586666667</dst>
        </src>
    </IntraTM>
</TrafficMatrixFile>
