<?xml version="1.0" encoding="ISO-8859-1" standalone="yes"?>
<TrafficMatrixFile xsi:noNamespaceSchemaLocation="http://totem.run.montefiore.ulg.ac.be/Schema/TrafficMatrix-v1_2.xsd" xmlns:xsi="http://www.w3.org/2001/XMLSchema-instance">
    <IntraTM ASID="11537">
        <src id="ATLA-M5">
            <dst id="ATLA-M5">0</dst>
            <dst id="ATLAng">26.6666666666667</dst>
            <dst id="CHINng">325.122666666667</dst>
            <dst id="DNVRng">0</dst>
            <dst id="HSTNng">67.3786666666667</dst>
            <dst id="IPLSng">0</dst>
            <dst id="KSCYng">0</dst>
            <dst id="LOSAng">823.32</dst>
            <dst id="NYCMng">451.072</dst>
            <dst id="SNVAng">0</dst>
            <dst id="STTLng">0</dst>
            <dst id="WASHng">689.48</dst>
        </src>
        <src id="ATLAng">
            <dst id="ATLA-M5">227.264</dst>
            <dst id="ATLAng">30416.752</dst>
            <dst id="CHINng">6738.93866666667</dst>
            <dst id="DNVRng">3143.12533333333</dst>
            <dst id="HSTNng">689.706666666667</dst>
            <dst id="IPLSng">24537.1573333333</dst>
            <dst id="KSCYng">626.84</dst>
            <dst id="LOSAng">5508.66666666667</dst>
            <dst id="NYCMng">4878.81866666667</dst>
            <dst id="SNVAng">117.333333333333</dst>
            <dst id="STTLng">10321.408</dst>
            <dst id="WASHng">35603.1786666667</dst>
        </src>
        <src id="CHINng">
            <dst id="ATLA-M5">0</dst>
            <dst id="ATLAng">4495.68266666667</dst>
            <dst id="CHINng">47224.4666666667</dst>
            <dst id="DNVRng">13074.224</dst>
            <dst id="HSTNng">3986.80533333333</dst>
            <dst id="IPLSng">55796.8</dst>
            <dst id="KSCYng">16087.656</dst>
            <dst id="LOSAng">32988.1573333333</dst>
            <dst id="NYCMng">7215.70133333333</dst>
            <dst id="SNVAng">3099.784</dst>
            <dst id="STTLng">4107.41866666667</dst>
            <dst id="WASHng">15898.6773333333</dst>
        </src>
        <src id="DNVRng">
            <dst id="ATLA-M5">265.418666666667</dst>
            <dst id="ATLAng">1785.51733333333</dst>
            <dst id="CHINng">53547.6186666667</dst>
            <dst id="DNVRng">6201.41066666667</dst>
            <dst id="HSTNng">12856.1653333333</dst>
            <dst id="IPLSng">36324.0746666667</dst>
            <dst id="KSCYng">15741.528</dst>
            <dst id="LOSAng">8684.94133333333</dst>
            <dst id="NYCMng">13524.928</dst>
            <dst id="SNVAng">9888.11466666667</dst>
            <dst id="STTLng">8569.33333333333</dst>
            <dst id="WASHng">35976.3733333333</dst>
        </src>
        <src id="HSTNng">
            <dst id="ATLA-M5">2293.02133333333</dst>
            <dst id="ATLAng">1252.17333333333</dst>
            <dst id="CHINng">15753.9306666667</dst>
            <dst id="DNVRng">1458.12266666667</dst>
            <dst id="HSTNng">14347.4026666667</dst>
            <dst id="IPLSng">675.552</dst>
            <dst id="KSCYng">591.386666666667</dst>
            <dst id="LOSAng">5663.36533333333</dst>
            <dst id="NYCMng">1561.86133333333</dst>
            <dst id="SNVAng">0</dst>
            <dst id="STTLng">1770.352</dst>
            <dst id="WASHng">1025.024</dst>
        </src>
        <src id="IPLSng">
            <dst id="ATLA-M5">0</dst>
            <dst id="ATLAng">11828.9413333333</dst>
            <dst id="CHINng">59632.5493333333</dst>
            <dst id="DNVRng">14687.7813333333</dst>
            <dst id="HSTNng">665.770666666667</dst>
            <dst id="IPLSng">16577.88</dst>
            <dst id="KSCYng">1992.904</dst>
            <dst id="LOSAng">14679.464</dst>
            <dst id="NYCMng">17129</dst>
            <dst id="SNVAng">726.296</dst>
            <dst id="STTLng">9640.864</dst>
            <dst id="WASHng">5983.51733333333</dst>
        </src>
        <src id="KSCYng">
            <dst id="ATLA-M5">26.6666666666667</dst>
            <dst id="ATLAng">2766.33333333333</dst>
            <dst id="CHINng">11705.04</dst>
            <dst id="DNVRng">13554.9733333333</dst>
            <dst id="HSTNng">2521.584</dst>
            <dst id="IPLSng">11049.2426666667</dst>
            <dst id="KSCYng">5829</dst>
            <dst id="LOSAng">5584.248</dst>
            <dst id="NYCMng">4337.49333333333</dst>
            <dst id="SNVAng">2187.81866666667</dst>
            <dst id="STTLng">3181.656</dst>
            <dst id="WASHng">5736.032</dst>
        </src>
        <src id="LOSAng">
            <dst id="ATLA-M5">494.757333333333</dst>
            <dst id="ATLAng">8141.86666666667</dst>
            <dst id="CHINng">122179.552</dst>
            <dst id="DNVRng">27494.592</dst>
            <dst id="HSTNng">2147.96</dst>
            <dst id="IPLSng">13316.224</dst>
            <dst id="KSCYng">3079.88266666667</dst>
            <dst id="LOSAng">12225.472</dst>
            <dst id="NYCMng">35512.8106666667</dst>
            <dst id="SNVAng">9850.96533333333</dst>
            <dst id="STTLng">36626.16</dst>
            <dst id="WASHng">28841.768</dst>
        </src>
        <src id="NYCMng">
            <dst id="ATLA-M5">910.256</dst>
            <dst id="ATLAng">18927.72</dst>
            <dst id="CHINng">11430.7093333333</dst>
            <dst id="DNVRng">26569.3173333333</dst>
            <dst id="HSTNng">3309.88</dst>
            <dst id="IPLSng">22664.2613333333</dst>
            <dst id="KSCYng">4301.87466666667</dst>
            <dst id="LOSAng">74244.1893333333</dst>
            <dst id="NYCMng">79435.7253333333</dst>
            <dst id="SNVAng">728.064</dst>
            <dst id="STTLng">17992.3786666667</dst>
            <dst id="WASHng">63544.56</dst>
        </src>
        <src id="SNVAng">
            <dst id="ATLA-M5">0</dst>
            <dst id="ATLAng">80</dst>
            <dst id="CHINng">0</dst>
            <dst id="DNVRng">4235.904</dst>
            <dst id="HSTNng">32.064</dst>
            <dst id="IPLSng">9655.39466666667</dst>
            <dst id="KSCYng">26.6666666666667</dst>
            <dst id="LOSAng">30453.9866666667</dst>
            <dst id="NYCMng">468.234666666667</dst>
            <dst id="SNVAng">6049.77066666667</dst>
            <dst id="STTLng">26759.0826666667</dst>
            <dst id="WASHng">53.3333333333333</dst>
        </src>
        <src id="STTLng">
            <dst id="ATLA-M5">0</dst>
            <dst id="ATLAng">7042.632</dst>
            <dst id="CHINng">23821.6746666667</dst>
            <dst id="DNVRng">1964.21333333333</dst>
            <dst id="HSTNng">2288.072</dst>
            <dst id="IPLSng">4789.912</dst>
            <dst id="KSCYng">993.101333333333</dst>
            <dst id="LOSAng">13439.696</dst>
            <dst id="NYCMng">11172.992</dst>
            <dst id="SNVAng">1730.78133333333</dst>
            <dst id="STTLng">2967.944</dst>
            <dst id="WASHng">10578.6426666667</dst>
        </src>
        <src id="WASHng">
            <dst id="ATLA-M5">96.4026666666667</dst>
            <dst id="ATLAng">68556.5973333333</dst>
            <dst id="CHINng">33556.0906666667</dst>
            <dst id="DNVRng">72347.4853333333</dst>
            <dst id="HSTNng">24045.528</dst>
            <dst id="IPLSng">39735.216</dst>
            <dst id="KSCYng">5266.112</dst>
            <dst id="LOSAng">78005.04</dst>
            <dst id="NYCMng">126419.797333333</dst>
            <dst id="SNVAng">10481.5573333333</dst>
            <dst id="STTLng">27870.392</dst>
            <dst id="WASHng">334990.026666667</dst>
        </src>
    </IntraTM>
</TrafficMatrixFile>
