<?xml version="1.0" encoding="ISO-8859-1" standalone="yes"?>
<TrafficMatrixFile xsi:noNamespaceSchemaLocation="http://totem.run.montefiore.ulg.ac.be/Schema/TrafficMatrix-v1_2.xsd" xmlns:xsi="http://www.w3.org/2001/XMLSchema-instance">
    <IntraTM ASID="11537">
        <src id="ATLA-M5">
            <dst id="ATLA-M5">0</dst>
            <dst id="ATLAng">445.272</dst>
            <dst id="CHINng">26.6666666666667</dst>
            <dst id="DNVRng">26.6666666666667</dst>
            <dst id="HSTNng">80</dst>
            <dst id="IPLSng">196.125333333333</dst>
            <dst id="KSCYng">606.725333333333</dst>
            <dst id="LOSAng">275.826666666667</dst>
            <dst id="NYCMng">53.3333333333333</dst>
            <dst id="SNVAng">0</dst>
            <dst id="STTLng">54.9813333333333</dst>
            <dst id="WASHng">283.234666666667</dst>
        </src>
        <src id="ATLAng">
            <dst id="ATLA-M5">89.6506666666667</dst>
            <dst id="ATLAng">27970.8773333333</dst>
            <dst id="CHINng">3960.216</dst>
            <dst id="DNVRng">3323.088</dst>
            <dst id="HSTNng">1097.05333333333</dst>
            <dst id="IPLSng">17922.8986666667</dst>
            <dst id="KSCYng">570.890666666667</dst>
            <dst id="LOSAng">12232.1866666667</dst>
            <dst id="NYCMng">2140.984</dst>
            <dst id="SNVAng">88.7626666666667</dst>
            <dst id="STTLng">7866.69066666667</dst>
            <dst id="WASHng">31872.264</dst>
        </src>
        <src id="CHINng">
            <dst id="ATLA-M5">880.309333333333</dst>
            <dst id="ATLAng">13403.968</dst>
            <dst id="CHINng">52470.28</dst>
            <dst id="DNVRng">19473.6453333333</dst>
            <dst id="HSTNng">9403.712</dst>
            <dst id="IPLSng">23502.416</dst>
            <dst id="KSCYng">7103.98933333333</dst>
            <dst id="LOSAng">42713.3253333333</dst>
            <dst id="NYCMng">10241.4293333333</dst>
            <dst id="SNVAng">4613.81333333333</dst>
            <dst id="STTLng">12386.3493333333</dst>
            <dst id="WASHng">32726.84</dst>
        </src>
        <src id="DNVRng">
            <dst id="ATLA-M5">117.088</dst>
            <dst id="ATLAng">8640.45066666667</dst>
            <dst id="CHINng">50141.0053333333</dst>
            <dst id="DNVRng">16704.5386666667</dst>
            <dst id="HSTNng">19611.1733333333</dst>
            <dst id="IPLSng">26843.1466666667</dst>
            <dst id="KSCYng">33353.4266666667</dst>
            <dst id="LOSAng">28550.4853333333</dst>
            <dst id="NYCMng">18072.272</dst>
            <dst id="SNVAng">25838.2026666667</dst>
            <dst id="STTLng">15437.1013333333</dst>
            <dst id="WASHng">39053.096</dst>
        </src>
        <src id="HSTNng">
            <dst id="ATLA-M5">293.514666666667</dst>
            <dst id="ATLAng">8620.8</dst>
            <dst id="CHINng">6766.46933333333</dst>
            <dst id="DNVRng">1329.16266666667</dst>
            <dst id="HSTNng">14166.7146666667</dst>
            <dst id="IPLSng">1290.74933333333</dst>
            <dst id="KSCYng">3068.31733333333</dst>
            <dst id="LOSAng">10555.8906666667</dst>
            <dst id="NYCMng">2869.408</dst>
            <dst id="SNVAng">26.6666666666667</dst>
            <dst id="STTLng">4443.224</dst>
            <dst id="WASHng">6253.55466666667</dst>
        </src>
        <src id="IPLSng">
            <dst id="ATLA-M5">0</dst>
            <dst id="ATLAng">15317.984</dst>
            <dst id="CHINng">34478.144</dst>
            <dst id="DNVRng">27247.6213333333</dst>
            <dst id="HSTNng">1782.60533333333</dst>
            <dst id="IPLSng">27654.5013333333</dst>
            <dst id="KSCYng">7533.552</dst>
            <dst id="LOSAng">50179.4293333333</dst>
            <dst id="NYCMng">20333.3306666667</dst>
            <dst id="SNVAng">2437.14133333333</dst>
            <dst id="STTLng">11636.9093333333</dst>
            <dst id="WASHng">10605.1893333333</dst>
        </src>
        <src id="KSCYng">
            <dst id="ATLA-M5">389.904</dst>
            <dst id="ATLAng">2666.24266666667</dst>
            <dst id="CHINng">14377.2746666667</dst>
            <dst id="DNVRng">9294.63466666667</dst>
            <dst id="HSTNng">4459.744</dst>
            <dst id="IPLSng">13354.1013333333</dst>
            <dst id="KSCYng">9733.6</dst>
            <dst id="LOSAng">12251.8746666667</dst>
            <dst id="NYCMng">3287.216</dst>
            <dst id="SNVAng">2729.90933333333</dst>
            <dst id="STTLng">5391.096</dst>
            <dst id="WASHng">7029.82666666667</dst>
        </src>
        <src id="LOSAng">
            <dst id="ATLA-M5">0</dst>
            <dst id="ATLAng">17341.7386666667</dst>
            <dst id="CHINng">61209.1786666667</dst>
            <dst id="DNVRng">8294.74666666667</dst>
            <dst id="HSTNng">17660.8026666667</dst>
            <dst id="IPLSng">16976.496</dst>
            <dst id="KSCYng">3818.74133333333</dst>
            <dst id="LOSAng">106054.752</dst>
            <dst id="NYCMng">29641.3093333333</dst>
            <dst id="SNVAng">16324.0773333333</dst>
            <dst id="STTLng">23738.8773333333</dst>
            <dst id="WASHng">19988.944</dst>
        </src>
        <src id="NYCMng">
            <dst id="ATLA-M5">233.453333333333</dst>
            <dst id="ATLAng">18993.5306666667</dst>
            <dst id="CHINng">22423.536</dst>
            <dst id="DNVRng">28848.424</dst>
            <dst id="HSTNng">10313.8773333333</dst>
            <dst id="IPLSng">17759.6426666667</dst>
            <dst id="KSCYng">10784.416</dst>
            <dst id="LOSAng">72361.1066666667</dst>
            <dst id="NYCMng">54168.2773333333</dst>
            <dst id="SNVAng">4087.21066666667</dst>
            <dst id="STTLng">21169.0693333333</dst>
            <dst id="WASHng">43762.576</dst>
        </src>
        <src id="SNVAng">
            <dst id="ATLA-M5">0</dst>
            <dst id="ATLAng">489.794666666667</dst>
            <dst id="CHINng">26.6666666666667</dst>
            <dst id="DNVRng">7609.57066666667</dst>
            <dst id="HSTNng">1416.88533333333</dst>
            <dst id="IPLSng">176.608</dst>
            <dst id="KSCYng">26.6666666666667</dst>
            <dst id="LOSAng">36539.3306666667</dst>
            <dst id="NYCMng">259.136</dst>
            <dst id="SNVAng">10120.872</dst>
            <dst id="STTLng">38153.0773333333</dst>
            <dst id="WASHng">496.170666666667</dst>
        </src>
        <src id="STTLng">
            <dst id="ATLA-M5">627.6</dst>
            <dst id="ATLAng">10247.8293333333</dst>
            <dst id="CHINng">12108.3706666667</dst>
            <dst id="DNVRng">3382.87733333333</dst>
            <dst id="HSTNng">2878.89866666667</dst>
            <dst id="IPLSng">5206.17333333333</dst>
            <dst id="KSCYng">2484.92</dst>
            <dst id="LOSAng">116761.730666667</dst>
            <dst id="NYCMng">11116.7973333333</dst>
            <dst id="SNVAng">8991.22933333333</dst>
            <dst id="STTLng">25056.5706666667</dst>
            <dst id="WASHng">9498.62933333334</dst>
        </src>
        <src id="WASHng">
            <dst id="ATLA-M5">248.282666666667</dst>
            <dst id="ATLAng">82538.6266666667</dst>
            <dst id="CHINng">85017.8133333333</dst>
            <dst id="DNVRng">66040.32</dst>
            <dst id="HSTNng">78066.4053333333</dst>
            <dst id="IPLSng">49131.8426666667</dst>
            <dst id="KSCYng">9095.57333333333</dst>
            <dst id="LOSAng">77473.4106666667</dst>
            <dst id="NYCMng">183741.546666667</dst>
            <dst id="SNVAng">3813.12266666667</dst>
            <dst id="STTLng">49086.8853333333</dst>
            <dst id="WASHng">230345.426666667</dst>
        </src>
    </IntraTM>
</TrafficMatrixFile>
