<?xml version="1.0" encoding="ISO-8859-1" standalone="yes"?>
<TrafficMatrixFile xsi:noNamespaceSchemaLocation="http://totem.run.montefiore.ulg.ac.be/Schema/TrafficMatrix-v1_2.xsd" xmlns:xsi="http://www.w3.org/2001/XMLSchema-instance">
    <IntraTM ASID="11537">
        <src id="ATLA-M5">
            <dst id="ATLA-M5">1062.472</dst>
            <dst id="ATLAng">120.717333333333</dst>
            <dst id="CHINng">1499.83466666667</dst>
            <dst id="DNVRng">157.658666666667</dst>
            <dst id="HSTNng">118.861333333333</dst>
            <dst id="IPLSng">252.504</dst>
            <dst id="KSCYng">110.410666666667</dst>
            <dst id="LOSAng">274.096</dst>
            <dst id="NYCMng">500.648</dst>
            <dst id="SNVAng">0</dst>
            <dst id="STTLng">116.917333333333</dst>
            <dst id="WASHng">2961.85866666667</dst>
        </src>
        <src id="ATLAng">
            <dst id="ATLA-M5">265.938666666667</dst>
            <dst id="ATLAng">24467.5066666667</dst>
            <dst id="CHINng">18826.48</dst>
            <dst id="DNVRng">5004.78666666667</dst>
            <dst id="HSTNng">2884.072</dst>
            <dst id="IPLSng">14332.272</dst>
            <dst id="KSCYng">1342.16533333333</dst>
            <dst id="LOSAng">19708.8746666667</dst>
            <dst id="NYCMng">10475.8693333333</dst>
            <dst id="SNVAng">249.882666666667</dst>
            <dst id="STTLng">9678.624</dst>
            <dst id="WASHng">41887.9466666667</dst>
        </src>
        <src id="CHINng">
            <dst id="ATLA-M5">1881.49333333333</dst>
            <dst id="ATLAng">22319.9386666667</dst>
            <dst id="CHINng">128731.517333333</dst>
            <dst id="DNVRng">19994.9706666667</dst>
            <dst id="HSTNng">59236.7226666667</dst>
            <dst id="IPLSng">48730.3893333333</dst>
            <dst id="KSCYng">16949.7093333333</dst>
            <dst id="LOSAng">367378.133333333</dst>
            <dst id="NYCMng">30086.2693333333</dst>
            <dst id="SNVAng">3784.76533333333</dst>
            <dst id="STTLng">8881.26133333333</dst>
            <dst id="WASHng">34297.4</dst>
        </src>
        <src id="DNVRng">
            <dst id="ATLA-M5">386.408</dst>
            <dst id="ATLAng">8294.42933333333</dst>
            <dst id="CHINng">59336.6293333333</dst>
            <dst id="DNVRng">11540.7786666667</dst>
            <dst id="HSTNng">15110.544</dst>
            <dst id="IPLSng">33129.5146666667</dst>
            <dst id="KSCYng">16234.328</dst>
            <dst id="LOSAng">4694.76</dst>
            <dst id="NYCMng">19133.1946666667</dst>
            <dst id="SNVAng">11245.0506666667</dst>
            <dst id="STTLng">11331.8986666667</dst>
            <dst id="WASHng">47736.648</dst>
        </src>
        <src id="HSTNng">
            <dst id="ATLA-M5">4579.10933333333</dst>
            <dst id="ATLAng">3299.12</dst>
            <dst id="CHINng">26940.2666666667</dst>
            <dst id="DNVRng">2561.29333333333</dst>
            <dst id="HSTNng">14049.1066666667</dst>
            <dst id="IPLSng">5029.54666666667</dst>
            <dst id="KSCYng">2004.23733333333</dst>
            <dst id="LOSAng">5511.60533333333</dst>
            <dst id="NYCMng">6552.54133333333</dst>
            <dst id="SNVAng">679.088</dst>
            <dst id="STTLng">1562.08266666667</dst>
            <dst id="WASHng">6373.66133333333</dst>
        </src>
        <src id="IPLSng">
            <dst id="ATLA-M5">685.597333333333</dst>
            <dst id="ATLAng">22563.7173333333</dst>
            <dst id="CHINng">96579.4373333333</dst>
            <dst id="DNVRng">23685.2133333333</dst>
            <dst id="HSTNng">5918.85866666667</dst>
            <dst id="IPLSng">24161.896</dst>
            <dst id="KSCYng">13409.6506666667</dst>
            <dst id="LOSAng">37140.328</dst>
            <dst id="NYCMng">50903.128</dst>
            <dst id="SNVAng">3349.92</dst>
            <dst id="STTLng">17589.3573333333</dst>
            <dst id="WASHng">41092.4506666667</dst>
        </src>
        <src id="KSCYng">
            <dst id="ATLA-M5">249.925333333333</dst>
            <dst id="ATLAng">3962.91466666667</dst>
            <dst id="CHINng">22909.288</dst>
            <dst id="DNVRng">8608.83466666667</dst>
            <dst id="HSTNng">3432.93333333333</dst>
            <dst id="IPLSng">20232.416</dst>
            <dst id="KSCYng">8068.01333333333</dst>
            <dst id="LOSAng">6292.152</dst>
            <dst id="NYCMng">6281.94933333333</dst>
            <dst id="SNVAng">527.552</dst>
            <dst id="STTLng">1556.92</dst>
            <dst id="WASHng">16512.1093333333</dst>
        </src>
        <src id="LOSAng">
            <dst id="ATLA-M5">3236.27466666667</dst>
            <dst id="ATLAng">26926.592</dst>
            <dst id="CHINng">1081014.13333333</dst>
            <dst id="DNVRng">8639.44266666667</dst>
            <dst id="HSTNng">11173.4266666667</dst>
            <dst id="IPLSng">50167.1786666667</dst>
            <dst id="KSCYng">14452.3786666667</dst>
            <dst id="LOSAng">8529.73866666667</dst>
            <dst id="NYCMng">80829.8</dst>
            <dst id="SNVAng">11162.7626666667</dst>
            <dst id="STTLng">23795.3493333333</dst>
            <dst id="WASHng">111753.144</dst>
        </src>
        <src id="NYCMng">
            <dst id="ATLA-M5">1948.74933333333</dst>
            <dst id="ATLAng">33792.56</dst>
            <dst id="CHINng">56841.0506666667</dst>
            <dst id="DNVRng">32757.216</dst>
            <dst id="HSTNng">15838.696</dst>
            <dst id="IPLSng">71575.8506666667</dst>
            <dst id="KSCYng">24722.1946666667</dst>
            <dst id="LOSAng">66634.8506666667</dst>
            <dst id="NYCMng">222759.909333333</dst>
            <dst id="SNVAng">14509.4346666667</dst>
            <dst id="STTLng">19030.9893333333</dst>
            <dst id="WASHng">108761.786666667</dst>
        </src>
        <src id="SNVAng">
            <dst id="ATLA-M5">219.093333333333</dst>
            <dst id="ATLAng">744.256</dst>
            <dst id="CHINng">1463.744</dst>
            <dst id="DNVRng">4892.456</dst>
            <dst id="HSTNng">745.341333333333</dst>
            <dst id="IPLSng">1418.328</dst>
            <dst id="KSCYng">206.778666666667</dst>
            <dst id="LOSAng">34237.9893333333</dst>
            <dst id="NYCMng">964.461333333333</dst>
            <dst id="SNVAng">14197.3466666667</dst>
            <dst id="STTLng">49503.2773333333</dst>
            <dst id="WASHng">1194.02666666667</dst>
        </src>
        <src id="STTLng">
            <dst id="ATLA-M5">105.773333333333</dst>
            <dst id="ATLAng">10787.1253333333</dst>
            <dst id="CHINng">19850.112</dst>
            <dst id="DNVRng">3230.072</dst>
            <dst id="HSTNng">10146.032</dst>
            <dst id="IPLSng">7179.28533333333</dst>
            <dst id="KSCYng">7144.568</dst>
            <dst id="LOSAng">15851.304</dst>
            <dst id="NYCMng">11319.3466666667</dst>
            <dst id="SNVAng">4211.89333333333</dst>
            <dst id="STTLng">6158.30933333333</dst>
            <dst id="WASHng">13906.72</dst>
        </src>
        <src id="WASHng">
            <dst id="ATLA-M5">2004.52533333333</dst>
            <dst id="ATLAng">80629.8026666667</dst>
            <dst id="CHINng">89305.3546666667</dst>
            <dst id="DNVRng">43292.7493333333</dst>
            <dst id="HSTNng">14405.08</dst>
            <dst id="IPLSng">67622.5386666667</dst>
            <dst id="KSCYng">13152.928</dst>
            <dst id="LOSAng">121855.218666667</dst>
            <dst id="NYCMng">175161.898666667</dst>
            <dst id="SNVAng">7809.24</dst>
            <dst id="STTLng">41889.0373333333</dst>
            <dst id="WASHng">338873.253333333</dst>
        </src>
    </IntraTM>
</TrafficMatrixFile>
