<?xml version="1.0" encoding="ISO-8859-1" standalone="yes"?>
<TrafficMatrixFile xsi:noNamespaceSchemaLocation="http://totem.run.montefiore.ulg.ac.be/Schema/TrafficMatrix-v1_2.xsd" xmlns:xsi="http://www.w3.org/2001/XMLSchema-instance">
    <IntraTM ASID="11537">
        <src id="ATLA-M5">
            <dst id="ATLA-M5">68.7893333333333</dst>
            <dst id="ATLAng">316.957333333333</dst>
            <dst id="CHINng">1358.06133333333</dst>
            <dst id="DNVRng">654.216</dst>
            <dst id="HSTNng">386.144</dst>
            <dst id="IPLSng">1519.66933333333</dst>
            <dst id="KSCYng">179.797333333333</dst>
            <dst id="LOSAng">293.28</dst>
            <dst id="NYCMng">425.84</dst>
            <dst id="SNVAng">0</dst>
            <dst id="STTLng">80</dst>
            <dst id="WASHng">741.248</dst>
        </src>
        <src id="ATLAng">
            <dst id="ATLA-M5">901.4</dst>
            <dst id="ATLAng">39893.272</dst>
            <dst id="CHINng">20886.6933333333</dst>
            <dst id="DNVRng">5654.832</dst>
            <dst id="HSTNng">12112.6213333333</dst>
            <dst id="IPLSng">19947.9813333333</dst>
            <dst id="KSCYng">2389.82133333333</dst>
            <dst id="LOSAng">24081.2133333333</dst>
            <dst id="NYCMng">5721.53866666666</dst>
            <dst id="SNVAng">598.213333333333</dst>
            <dst id="STTLng">5099.28266666667</dst>
            <dst id="WASHng">39738.9706666667</dst>
        </src>
        <src id="CHINng">
            <dst id="ATLA-M5">1181.2</dst>
            <dst id="ATLAng">25220.4666666667</dst>
            <dst id="CHINng">90527.624</dst>
            <dst id="DNVRng">25190.1493333333</dst>
            <dst id="HSTNng">56507.992</dst>
            <dst id="IPLSng">61979.9306666667</dst>
            <dst id="KSCYng">15155.272</dst>
            <dst id="LOSAng">2034748.74666667</dst>
            <dst id="NYCMng">27179.9786666667</dst>
            <dst id="SNVAng">2684.10133333333</dst>
            <dst id="STTLng">14346.2133333333</dst>
            <dst id="WASHng">30709.7653333333</dst>
        </src>
        <src id="DNVRng">
            <dst id="ATLA-M5">252.848</dst>
            <dst id="ATLAng">5401.32266666667</dst>
            <dst id="CHINng">64821.1653333333</dst>
            <dst id="DNVRng">20090.2266666667</dst>
            <dst id="HSTNng">16664.808</dst>
            <dst id="IPLSng">37946.464</dst>
            <dst id="KSCYng">17328.6773333333</dst>
            <dst id="LOSAng">9702.50666666667</dst>
            <dst id="NYCMng">17539.5146666667</dst>
            <dst id="SNVAng">11844.9413333333</dst>
            <dst id="STTLng">9871.68266666667</dst>
            <dst id="WASHng">43421.0133333333</dst>
        </src>
        <src id="HSTNng">
            <dst id="ATLA-M5">1497.09066666667</dst>
            <dst id="ATLAng">7937.06933333333</dst>
            <dst id="CHINng">27104.256</dst>
            <dst id="DNVRng">3520.37333333333</dst>
            <dst id="HSTNng">8713.38933333333</dst>
            <dst id="IPLSng">5721.616</dst>
            <dst id="KSCYng">2687.408</dst>
            <dst id="LOSAng">36956.1653333333</dst>
            <dst id="NYCMng">5997.10666666667</dst>
            <dst id="SNVAng">1185.89333333333</dst>
            <dst id="STTLng">2680.18933333333</dst>
            <dst id="WASHng">10644.904</dst>
        </src>
        <src id="IPLSng">
            <dst id="ATLA-M5">1267.064</dst>
            <dst id="ATLAng">15915.9573333333</dst>
            <dst id="CHINng">146214.202666667</dst>
            <dst id="DNVRng">27279.44</dst>
            <dst id="HSTNng">11997.4</dst>
            <dst id="IPLSng">25503.904</dst>
            <dst id="KSCYng">7804.984</dst>
            <dst id="LOSAng">67671.1466666667</dst>
            <dst id="NYCMng">63862.3733333333</dst>
            <dst id="SNVAng">9767.872</dst>
            <dst id="STTLng">12122.4693333333</dst>
            <dst id="WASHng">49527.9093333333</dst>
        </src>
        <src id="KSCYng">
            <dst id="ATLA-M5">124.322666666667</dst>
            <dst id="ATLAng">2287.49066666667</dst>
            <dst id="CHINng">22920.536</dst>
            <dst id="DNVRng">10284.5386666667</dst>
            <dst id="HSTNng">4002.48266666667</dst>
            <dst id="IPLSng">10363.12</dst>
            <dst id="KSCYng">6610.86133333333</dst>
            <dst id="LOSAng">8144.36266666667</dst>
            <dst id="NYCMng">5072.28533333333</dst>
            <dst id="SNVAng">942.066666666667</dst>
            <dst id="STTLng">2067.13066666667</dst>
            <dst id="WASHng">26625.2853333333</dst>
        </src>
        <src id="LOSAng">
            <dst id="ATLA-M5">1445.77333333333</dst>
            <dst id="ATLAng">22433.616</dst>
            <dst id="CHINng">1070643.52</dst>
            <dst id="DNVRng">14438.5333333333</dst>
            <dst id="HSTNng">30228.8933333333</dst>
            <dst id="IPLSng">47288</dst>
            <dst id="KSCYng">14926.3306666667</dst>
            <dst id="LOSAng">14637.0586666667</dst>
            <dst id="NYCMng">75189.3813333334</dst>
            <dst id="SNVAng">9524.75733333333</dst>
            <dst id="STTLng">27549.8506666667</dst>
            <dst id="WASHng">96548.296</dst>
        </src>
        <src id="NYCMng">
            <dst id="ATLA-M5">2849.26666666667</dst>
            <dst id="ATLAng">22021.304</dst>
            <dst id="CHINng">55623.6613333333</dst>
            <dst id="DNVRng">43362.704</dst>
            <dst id="HSTNng">18482.9013333333</dst>
            <dst id="IPLSng">69403.2026666667</dst>
            <dst id="KSCYng">13407.728</dst>
            <dst id="LOSAng">89991.5973333333</dst>
            <dst id="NYCMng">191996.704</dst>
            <dst id="SNVAng">8167.14933333333</dst>
            <dst id="STTLng">29422.952</dst>
            <dst id="WASHng">149608.669333333</dst>
        </src>
        <src id="SNVAng">
            <dst id="ATLA-M5">70.1546666666667</dst>
            <dst id="ATLAng">26.6666666666667</dst>
            <dst id="CHINng">1123.64266666667</dst>
            <dst id="DNVRng">13488.9973333333</dst>
            <dst id="HSTNng">468.165333333333</dst>
            <dst id="IPLSng">6450.77333333333</dst>
            <dst id="KSCYng">2070.18666666667</dst>
            <dst id="LOSAng">36089.8826666667</dst>
            <dst id="NYCMng">1143.08266666667</dst>
            <dst id="SNVAng">19304.4346666667</dst>
            <dst id="STTLng">60759.5733333333</dst>
            <dst id="WASHng">369.530666666667</dst>
        </src>
        <src id="STTLng">
            <dst id="ATLA-M5">156.437333333333</dst>
            <dst id="ATLAng">13753.696</dst>
            <dst id="CHINng">21893.904</dst>
            <dst id="DNVRng">4953.328</dst>
            <dst id="HSTNng">9928.25866666667</dst>
            <dst id="IPLSng">11294.2106666667</dst>
            <dst id="KSCYng">3638.50666666667</dst>
            <dst id="LOSAng">25682.104</dst>
            <dst id="NYCMng">10816.2186666667</dst>
            <dst id="SNVAng">3760.51733333333</dst>
            <dst id="STTLng">6585.904</dst>
            <dst id="WASHng">10680.744</dst>
        </src>
        <src id="WASHng">
            <dst id="ATLA-M5">1466.816</dst>
            <dst id="ATLAng">86532.8906666667</dst>
            <dst id="CHINng">66081.768</dst>
            <dst id="DNVRng">57781.288</dst>
            <dst id="HSTNng">28731.7493333333</dst>
            <dst id="IPLSng">58606.4026666667</dst>
            <dst id="KSCYng">17491.0826666667</dst>
            <dst id="LOSAng">104381.194666667</dst>
            <dst id="NYCMng">149678.024</dst>
            <dst id="SNVAng">5136.70933333333</dst>
            <dst id="STTLng">33599.336</dst>
            <dst id="WASHng">405343.12</dst>
        </src>
    </IntraTM>
</TrafficMatrixFile>
