<?xml version="1.0" encoding="ISO-8859-1" standalone="yes"?>
<TrafficMatrixFile xsi:noNamespaceSchemaLocation="http://totem.run.montefiore.ulg.ac.be/Schema/TrafficMatrix-v1_2.xsd" xmlns:xsi="http://www.w3.org/2001/XMLSchema-instance">
    <IntraTM ASID="11537">
        <src id="ATLA-M5">
            <dst id="ATLA-M5">26.7973333333333</dst>
            <dst id="ATLAng">159.173333333333</dst>
            <dst id="CHINng">797.224</dst>
            <dst id="DNVRng">491.530666666667</dst>
            <dst id="HSTNng">53.3333333333333</dst>
            <dst id="IPLSng">3277.74933333333</dst>
            <dst id="KSCYng">326.349333333333</dst>
            <dst id="LOSAng">779.162666666667</dst>
            <dst id="NYCMng">885.893333333333</dst>
            <dst id="SNVAng">0</dst>
            <dst id="STTLng">191.429333333333</dst>
            <dst id="WASHng">1000.57066666667</dst>
        </src>
        <src id="ATLAng">
            <dst id="ATLA-M5">279.656</dst>
            <dst id="ATLAng">47388.6773333333</dst>
            <dst id="CHINng">27386.792</dst>
            <dst id="DNVRng">3631.25866666667</dst>
            <dst id="HSTNng">2903.656</dst>
            <dst id="IPLSng">23551.7813333333</dst>
            <dst id="KSCYng">5887.384</dst>
            <dst id="LOSAng">20125.9173333333</dst>
            <dst id="NYCMng">11444.568</dst>
            <dst id="SNVAng">1069.88</dst>
            <dst id="STTLng">6103.07466666667</dst>
            <dst id="WASHng">48659.6533333333</dst>
        </src>
        <src id="CHINng">
            <dst id="ATLA-M5">1288.31466666667</dst>
            <dst id="ATLAng">35480.712</dst>
            <dst id="CHINng">86135.4053333333</dst>
            <dst id="DNVRng">18105.9333333333</dst>
            <dst id="HSTNng">51084.8053333333</dst>
            <dst id="IPLSng">61048.2186666666</dst>
            <dst id="KSCYng">13295.7226666667</dst>
            <dst id="LOSAng">74529.7253333333</dst>
            <dst id="NYCMng">26417.1333333333</dst>
            <dst id="SNVAng">3612.84</dst>
            <dst id="STTLng">15727.968</dst>
            <dst id="WASHng">35597.992</dst>
        </src>
        <src id="DNVRng">
            <dst id="ATLA-M5">777.306666666667</dst>
            <dst id="ATLAng">3880.58666666667</dst>
            <dst id="CHINng">65497.0666666667</dst>
            <dst id="DNVRng">13244.7066666667</dst>
            <dst id="HSTNng">14677.6506666667</dst>
            <dst id="IPLSng">26960.9813333333</dst>
            <dst id="KSCYng">20715.224</dst>
            <dst id="LOSAng">5756.13866666667</dst>
            <dst id="NYCMng">18978.9493333333</dst>
            <dst id="SNVAng">16377.296</dst>
            <dst id="STTLng">13410.696</dst>
            <dst id="WASHng">65068.3946666667</dst>
        </src>
        <src id="HSTNng">
            <dst id="ATLA-M5">513.328</dst>
            <dst id="ATLAng">4742.01333333333</dst>
            <dst id="CHINng">19985.0666666667</dst>
            <dst id="DNVRng">4516.872</dst>
            <dst id="HSTNng">6586.824</dst>
            <dst id="IPLSng">5116.616</dst>
            <dst id="KSCYng">4533.2</dst>
            <dst id="LOSAng">39582.3466666667</dst>
            <dst id="NYCMng">6313.51466666667</dst>
            <dst id="SNVAng">2736.03466666667</dst>
            <dst id="STTLng">3366.256</dst>
            <dst id="WASHng">7184.12</dst>
        </src>
        <src id="IPLSng">
            <dst id="ATLA-M5">2481.66666666667</dst>
            <dst id="ATLAng">31403.7386666667</dst>
            <dst id="CHINng">110953.952</dst>
            <dst id="DNVRng">9679.216</dst>
            <dst id="HSTNng">6390.06933333333</dst>
            <dst id="IPLSng">17438.76</dst>
            <dst id="KSCYng">8890.04266666667</dst>
            <dst id="LOSAng">37661.056</dst>
            <dst id="NYCMng">60748.816</dst>
            <dst id="SNVAng">2027.336</dst>
            <dst id="STTLng">9810.704</dst>
            <dst id="WASHng">47551.784</dst>
        </src>
        <src id="KSCYng">
            <dst id="ATLA-M5">278.266666666667</dst>
            <dst id="ATLAng">4355.20533333333</dst>
            <dst id="CHINng">26738.7893333333</dst>
            <dst id="DNVRng">22844.072</dst>
            <dst id="HSTNng">4296.42133333333</dst>
            <dst id="IPLSng">17294.0186666667</dst>
            <dst id="KSCYng">8570.37066666667</dst>
            <dst id="LOSAng">11047.4133333333</dst>
            <dst id="NYCMng">6895.02666666667</dst>
            <dst id="SNVAng">2159.95466666667</dst>
            <dst id="STTLng">3946.176</dst>
            <dst id="WASHng">19880.04</dst>
        </src>
        <src id="LOSAng">
            <dst id="ATLA-M5">1613.00266666667</dst>
            <dst id="ATLAng">39117.6186666667</dst>
            <dst id="CHINng">101032.618666667</dst>
            <dst id="DNVRng">12870.68</dst>
            <dst id="HSTNng">11083.4693333333</dst>
            <dst id="IPLSng">52343.4986666667</dst>
            <dst id="KSCYng">14374.064</dst>
            <dst id="LOSAng">17175.5466666667</dst>
            <dst id="NYCMng">78894.3706666667</dst>
            <dst id="SNVAng">10170.1733333333</dst>
            <dst id="STTLng">29291.4586666667</dst>
            <dst id="WASHng">107454.968</dst>
        </src>
        <src id="NYCMng">
            <dst id="ATLA-M5">2925.49866666667</dst>
            <dst id="ATLAng">35044.2213333333</dst>
            <dst id="CHINng">74079.1013333333</dst>
            <dst id="DNVRng">34531.6106666667</dst>
            <dst id="HSTNng">24875.8986666667</dst>
            <dst id="IPLSng">74453.456</dst>
            <dst id="KSCYng">18646.4293333333</dst>
            <dst id="LOSAng">81235.6373333333</dst>
            <dst id="NYCMng">180515.277333333</dst>
            <dst id="SNVAng">6408.73866666667</dst>
            <dst id="STTLng">24880.848</dst>
            <dst id="WASHng">116694.181333333</dst>
        </src>
        <src id="SNVAng">
            <dst id="ATLA-M5">0</dst>
            <dst id="ATLAng">169.282666666667</dst>
            <dst id="CHINng">1589.49333333333</dst>
            <dst id="DNVRng">8210.07466666667</dst>
            <dst id="HSTNng">707.565333333333</dst>
            <dst id="IPLSng">12167.3946666667</dst>
            <dst id="KSCYng">330.76</dst>
            <dst id="LOSAng">52907.3893333333</dst>
            <dst id="NYCMng">964.677333333333</dst>
            <dst id="SNVAng">23898.1493333333</dst>
            <dst id="STTLng">65633.2293333333</dst>
            <dst id="WASHng">1356.30133333333</dst>
        </src>
        <src id="STTLng">
            <dst id="ATLA-M5">255.869333333333</dst>
            <dst id="ATLAng">9466.152</dst>
            <dst id="CHINng">15726.0186666667</dst>
            <dst id="DNVRng">3681.50133333333</dst>
            <dst id="HSTNng">8162.95733333333</dst>
            <dst id="IPLSng">10666.7066666667</dst>
            <dst id="KSCYng">3180.79733333333</dst>
            <dst id="LOSAng">37491.1813333333</dst>
            <dst id="NYCMng">5951.36533333333</dst>
            <dst id="SNVAng">4212.448</dst>
            <dst id="STTLng">5264.792</dst>
            <dst id="WASHng">10345.3733333333</dst>
        </src>
        <src id="WASHng">
            <dst id="ATLA-M5">1233.92533333333</dst>
            <dst id="ATLAng">107464.933333333</dst>
            <dst id="CHINng">95479.1253333334</dst>
            <dst id="DNVRng">58174.2053333333</dst>
            <dst id="HSTNng">26479.1013333333</dst>
            <dst id="IPLSng">57721.8906666667</dst>
            <dst id="KSCYng">24475.2</dst>
            <dst id="LOSAng">132301.010666667</dst>
            <dst id="NYCMng">162164.293333333</dst>
            <dst id="SNVAng">3345.56</dst>
            <dst id="STTLng">25804.784</dst>
            <dst id="WASHng">237887.76</dst>
        </src>
    </IntraTM>
</TrafficMatrixFile>
