<?xml version="1.0" encoding="ISO-8859-1" standalone="yes"?>
<TrafficMatrixFile xsi:noNamespaceSchemaLocation="http://totem.run.montefiore.ulg.ac.be/Schema/TrafficMatrix-v1_2.xsd" xmlns:xsi="http://www.w3.org/2001/XMLSchema-instance">
    <IntraTM ASID="11537">
        <src id="ATLA-M5">
            <dst id="ATLA-M5">9075.53333333333</dst>
            <dst id="ATLAng">572.170666666667</dst>
            <dst id="CHINng">287.114666666667</dst>
            <dst id="DNVRng">71.7333333333333</dst>
            <dst id="HSTNng">117.104</dst>
            <dst id="IPLSng">281.032</dst>
            <dst id="KSCYng">168.277333333333</dst>
            <dst id="LOSAng">215.936</dst>
            <dst id="NYCMng">187.818666666667</dst>
            <dst id="SNVAng">0</dst>
            <dst id="STTLng">108.549333333333</dst>
            <dst id="WASHng">3734.56533333333</dst>
        </src>
        <src id="ATLAng">
            <dst id="ATLA-M5">172.792</dst>
            <dst id="ATLAng">52606.7946666667</dst>
            <dst id="CHINng">16296.2</dst>
            <dst id="DNVRng">3290.45333333333</dst>
            <dst id="HSTNng">1916.50933333333</dst>
            <dst id="IPLSng">16047.0053333333</dst>
            <dst id="KSCYng">1985.62666666667</dst>
            <dst id="LOSAng">28939.1146666667</dst>
            <dst id="NYCMng">16233.56</dst>
            <dst id="SNVAng">4970.42133333333</dst>
            <dst id="STTLng">5384.15733333333</dst>
            <dst id="WASHng">52999.128</dst>
        </src>
        <src id="CHINng">
            <dst id="ATLA-M5">493.6</dst>
            <dst id="ATLAng">17828.2293333333</dst>
            <dst id="CHINng">108752.362666667</dst>
            <dst id="DNVRng">20558.6106666667</dst>
            <dst id="HSTNng">52348.6293333333</dst>
            <dst id="IPLSng">51480.0933333333</dst>
            <dst id="KSCYng">18233.4426666667</dst>
            <dst id="LOSAng">37450.104</dst>
            <dst id="NYCMng">25101.4986666667</dst>
            <dst id="SNVAng">2147.448</dst>
            <dst id="STTLng">13901.36</dst>
            <dst id="WASHng">31192.5173333333</dst>
        </src>
        <src id="DNVRng">
            <dst id="ATLA-M5">154.656</dst>
            <dst id="ATLAng">9007.76533333333</dst>
            <dst id="CHINng">53300.8026666667</dst>
            <dst id="DNVRng">13000.648</dst>
            <dst id="HSTNng">11412.0346666667</dst>
            <dst id="IPLSng">34777.7253333333</dst>
            <dst id="KSCYng">23528.8746666667</dst>
            <dst id="LOSAng">18852.5386666667</dst>
            <dst id="NYCMng">32437.248</dst>
            <dst id="SNVAng">12664.0053333333</dst>
            <dst id="STTLng">13444.1733333333</dst>
            <dst id="WASHng">47669.432</dst>
        </src>
        <src id="HSTNng">
            <dst id="ATLA-M5">470.205333333333</dst>
            <dst id="ATLAng">7402.28533333333</dst>
            <dst id="CHINng">18500.3093333333</dst>
            <dst id="DNVRng">1493.65866666667</dst>
            <dst id="HSTNng">5698.35466666667</dst>
            <dst id="IPLSng">1970.90933333333</dst>
            <dst id="KSCYng">4194.528</dst>
            <dst id="LOSAng">4197.46933333333</dst>
            <dst id="NYCMng">7873.29066666667</dst>
            <dst id="SNVAng">508.578666666667</dst>
            <dst id="STTLng">2391.81866666667</dst>
            <dst id="WASHng">9932.456</dst>
        </src>
        <src id="IPLSng">
            <dst id="ATLA-M5">410.637333333333</dst>
            <dst id="ATLAng">17030.272</dst>
            <dst id="CHINng">118628.570666667</dst>
            <dst id="DNVRng">21131.16</dst>
            <dst id="HSTNng">3576.34133333333</dst>
            <dst id="IPLSng">26622.5493333333</dst>
            <dst id="KSCYng">8337.97066666667</dst>
            <dst id="LOSAng">31876.3946666667</dst>
            <dst id="NYCMng">48784.808</dst>
            <dst id="SNVAng">1125.69333333333</dst>
            <dst id="STTLng">9404.49333333333</dst>
            <dst id="WASHng">51095.7786666667</dst>
        </src>
        <src id="KSCYng">
            <dst id="ATLA-M5">186.154666666667</dst>
            <dst id="ATLAng">2678.85866666667</dst>
            <dst id="CHINng">25179.624</dst>
            <dst id="DNVRng">18459.064</dst>
            <dst id="HSTNng">3321.744</dst>
            <dst id="IPLSng">24493.064</dst>
            <dst id="KSCYng">7634.33866666667</dst>
            <dst id="LOSAng">6807.24266666667</dst>
            <dst id="NYCMng">13632.072</dst>
            <dst id="SNVAng">794.253333333334</dst>
            <dst id="STTLng">2930.728</dst>
            <dst id="WASHng">21152.368</dst>
        </src>
        <src id="LOSAng">
            <dst id="ATLA-M5">2137.40266666667</dst>
            <dst id="ATLAng">36363.7013333333</dst>
            <dst id="CHINng">1084529.44</dst>
            <dst id="DNVRng">16431.1146666667</dst>
            <dst id="HSTNng">9553.38933333333</dst>
            <dst id="IPLSng">47965.3333333333</dst>
            <dst id="KSCYng">12174.2746666667</dst>
            <dst id="LOSAng">11933.4026666667</dst>
            <dst id="NYCMng">70541.2506666667</dst>
            <dst id="SNVAng">10123.992</dst>
            <dst id="STTLng">22938.872</dst>
            <dst id="WASHng">170055.290666667</dst>
        </src>
        <src id="NYCMng">
            <dst id="ATLA-M5">1415.28266666667</dst>
            <dst id="ATLAng">38847.5013333333</dst>
            <dst id="CHINng">56015.928</dst>
            <dst id="DNVRng">34959.7013333333</dst>
            <dst id="HSTNng">10933.704</dst>
            <dst id="IPLSng">63307.336</dst>
            <dst id="KSCYng">19156.7653333333</dst>
            <dst id="LOSAng">38405.5226666667</dst>
            <dst id="NYCMng">215757.533333333</dst>
            <dst id="SNVAng">2738.34666666667</dst>
            <dst id="STTLng">21480.592</dst>
            <dst id="WASHng">147477.013333333</dst>
        </src>
        <src id="SNVAng">
            <dst id="ATLA-M5">26.6666666666667</dst>
            <dst id="ATLAng">111.834666666667</dst>
            <dst id="CHINng">1147.66133333333</dst>
            <dst id="DNVRng">12787.4906666667</dst>
            <dst id="HSTNng">338.418666666667</dst>
            <dst id="IPLSng">9294.072</dst>
            <dst id="KSCYng">53.3333333333333</dst>
            <dst id="LOSAng">34627.0293333333</dst>
            <dst id="NYCMng">1350.28</dst>
            <dst id="SNVAng">13991.3653333333</dst>
            <dst id="STTLng">48436.4586666667</dst>
            <dst id="WASHng">1353.88266666667</dst>
        </src>
        <src id="STTLng">
            <dst id="ATLA-M5">119.538666666667</dst>
            <dst id="ATLAng">7664.09866666667</dst>
            <dst id="CHINng">17101.5813333333</dst>
            <dst id="DNVRng">2417.34666666667</dst>
            <dst id="HSTNng">11413.7813333333</dst>
            <dst id="IPLSng">4472.34666666667</dst>
            <dst id="KSCYng">4631.336</dst>
            <dst id="LOSAng">17589.5546666667</dst>
            <dst id="NYCMng">12048.12</dst>
            <dst id="SNVAng">3815.87466666667</dst>
            <dst id="STTLng">7041.85866666667</dst>
            <dst id="WASHng">8384.256</dst>
        </src>
        <src id="WASHng">
            <dst id="ATLA-M5">4149.42933333333</dst>
            <dst id="ATLAng">181075.682666667</dst>
            <dst id="CHINng">88506.0186666667</dst>
            <dst id="DNVRng">44719.9626666667</dst>
            <dst id="HSTNng">9640.224</dst>
            <dst id="IPLSng">78702.7733333333</dst>
            <dst id="KSCYng">21039.936</dst>
            <dst id="LOSAng">106840.274666667</dst>
            <dst id="NYCMng">141960.296</dst>
            <dst id="SNVAng">1237.07466666667</dst>
            <dst id="STTLng">35090.344</dst>
            <dst id="WASHng">307205.253333333</dst>
        </src>
    </IntraTM>
</TrafficMatrixFile>
