<?xml version="1.0" encoding="ISO-8859-1" standalone="yes"?>
<TrafficMatrixFile xsi:noNamespaceSchemaLocation="http://totem.run.montefiore.ulg.ac.be/Schema/TrafficMatrix-v1_2.xsd" xmlns:xsi="http://www.w3.org/2001/XMLSchema-instance">
    <IntraTM ASID="11537">
        <src id="ATLA-M5">
            <dst id="ATLA-M5">8932.53866666667</dst>
            <dst id="ATLAng">174.728</dst>
            <dst id="CHINng">178.384</dst>
            <dst id="DNVRng">125.216</dst>
            <dst id="HSTNng">168.410666666667</dst>
            <dst id="IPLSng">668.288</dst>
            <dst id="KSCYng">220.165333333333</dst>
            <dst id="LOSAng">244.248</dst>
            <dst id="NYCMng">482.986666666667</dst>
            <dst id="SNVAng">0</dst>
            <dst id="STTLng">85.2133333333333</dst>
            <dst id="WASHng">2833.31733333333</dst>
        </src>
        <src id="ATLAng">
            <dst id="ATLA-M5">2133.54133333333</dst>
            <dst id="ATLAng">64502.1626666667</dst>
            <dst id="CHINng">19595.9226666667</dst>
            <dst id="DNVRng">4811.40533333333</dst>
            <dst id="HSTNng">7555.77066666667</dst>
            <dst id="IPLSng">22164.7226666667</dst>
            <dst id="KSCYng">2293.048</dst>
            <dst id="LOSAng">20411.7146666667</dst>
            <dst id="NYCMng">11148.536</dst>
            <dst id="SNVAng">372.432</dst>
            <dst id="STTLng">6273</dst>
            <dst id="WASHng">45494.9893333333</dst>
        </src>
        <src id="CHINng">
            <dst id="ATLA-M5">1739.032</dst>
            <dst id="ATLAng">22862.3786666667</dst>
            <dst id="CHINng">119337.834666667</dst>
            <dst id="DNVRng">20914.3813333333</dst>
            <dst id="HSTNng">54959.328</dst>
            <dst id="IPLSng">57684.496</dst>
            <dst id="KSCYng">14636.4346666667</dst>
            <dst id="LOSAng">2028165.52</dst>
            <dst id="NYCMng">20390.2693333333</dst>
            <dst id="SNVAng">3174.22933333333</dst>
            <dst id="STTLng">8922.80533333333</dst>
            <dst id="WASHng">43233.1253333333</dst>
        </src>
        <src id="DNVRng">
            <dst id="ATLA-M5">179.256</dst>
            <dst id="ATLAng">8304.448</dst>
            <dst id="CHINng">74395.3626666667</dst>
            <dst id="DNVRng">15292.4106666667</dst>
            <dst id="HSTNng">12503.2186666667</dst>
            <dst id="IPLSng">36940.2453333333</dst>
            <dst id="KSCYng">17222.7226666667</dst>
            <dst id="LOSAng">16011.7893333333</dst>
            <dst id="NYCMng">20309.824</dst>
            <dst id="SNVAng">9352.38933333333</dst>
            <dst id="STTLng">10239.1573333333</dst>
            <dst id="WASHng">47359.8213333333</dst>
        </src>
        <src id="HSTNng">
            <dst id="ATLA-M5">379.749333333333</dst>
            <dst id="ATLAng">3778.87733333333</dst>
            <dst id="CHINng">20178.3866666667</dst>
            <dst id="DNVRng">4841.70666666667</dst>
            <dst id="HSTNng">7674.09333333333</dst>
            <dst id="IPLSng">5697.256</dst>
            <dst id="KSCYng">3285.41866666667</dst>
            <dst id="LOSAng">4736.48533333333</dst>
            <dst id="NYCMng">11207.184</dst>
            <dst id="SNVAng">1630.06666666667</dst>
            <dst id="STTLng">2562.512</dst>
            <dst id="WASHng">9037.50133333334</dst>
        </src>
        <src id="IPLSng">
            <dst id="ATLA-M5">481.432</dst>
            <dst id="ATLAng">20803.8133333333</dst>
            <dst id="CHINng">124013.52</dst>
            <dst id="DNVRng">42393.2773333333</dst>
            <dst id="HSTNng">6365.13333333333</dst>
            <dst id="IPLSng">36001.3413333333</dst>
            <dst id="KSCYng">13003.6506666667</dst>
            <dst id="LOSAng">50035.5333333333</dst>
            <dst id="NYCMng">58923.928</dst>
            <dst id="SNVAng">1691.184</dst>
            <dst id="STTLng">16055.9626666667</dst>
            <dst id="WASHng">44469.456</dst>
        </src>
        <src id="KSCYng">
            <dst id="ATLA-M5">385.466666666667</dst>
            <dst id="ATLAng">2606.15466666667</dst>
            <dst id="CHINng">26416.5173333333</dst>
            <dst id="DNVRng">10118.024</dst>
            <dst id="HSTNng">5853.104</dst>
            <dst id="IPLSng">14224.2426666667</dst>
            <dst id="KSCYng">8622.17866666666</dst>
            <dst id="LOSAng">6600.552</dst>
            <dst id="NYCMng">10757.8186666667</dst>
            <dst id="SNVAng">1393.63466666667</dst>
            <dst id="STTLng">1268.2</dst>
            <dst id="WASHng">19375.2053333333</dst>
        </src>
        <src id="LOSAng">
            <dst id="ATLA-M5">2126.17866666667</dst>
            <dst id="ATLAng">18766.792</dst>
            <dst id="CHINng">1086657.28</dst>
            <dst id="DNVRng">7669.2</dst>
            <dst id="HSTNng">10382.304</dst>
            <dst id="IPLSng">55256.736</dst>
            <dst id="KSCYng">12399.9413333333</dst>
            <dst id="LOSAng">10299.736</dst>
            <dst id="NYCMng">77537.8213333334</dst>
            <dst id="SNVAng">18882.7973333333</dst>
            <dst id="STTLng">27068.9626666667</dst>
            <dst id="WASHng">109079.768</dst>
        </src>
        <src id="NYCMng">
            <dst id="ATLA-M5">1802.144</dst>
            <dst id="ATLAng">32806.3386666667</dst>
            <dst id="CHINng">72371.904</dst>
            <dst id="DNVRng">34917.6266666667</dst>
            <dst id="HSTNng">30576.3306666667</dst>
            <dst id="IPLSng">64560.6293333333</dst>
            <dst id="KSCYng">13419.8773333333</dst>
            <dst id="LOSAng">78266.704</dst>
            <dst id="NYCMng">212075.082666667</dst>
            <dst id="SNVAng">8585.608</dst>
            <dst id="STTLng">19892.352</dst>
            <dst id="WASHng">143046.005333333</dst>
        </src>
        <src id="SNVAng">
            <dst id="ATLA-M5">100.933333333333</dst>
            <dst id="ATLAng">653.528</dst>
            <dst id="CHINng">2964.448</dst>
            <dst id="DNVRng">4271.71733333333</dst>
            <dst id="HSTNng">483.330666666667</dst>
            <dst id="IPLSng">1888.94133333333</dst>
            <dst id="KSCYng">101.850666666667</dst>
            <dst id="LOSAng">31864.2826666667</dst>
            <dst id="NYCMng">973.456</dst>
            <dst id="SNVAng">12174.72</dst>
            <dst id="STTLng">47771.7573333333</dst>
            <dst id="WASHng">1155.696</dst>
        </src>
        <src id="STTLng">
            <dst id="ATLA-M5">214.866666666667</dst>
            <dst id="ATLAng">9991.44266666667</dst>
            <dst id="CHINng">16129.36</dst>
            <dst id="DNVRng">4822.52266666667</dst>
            <dst id="HSTNng">10058.6186666667</dst>
            <dst id="IPLSng">8418.09333333333</dst>
            <dst id="KSCYng">4365.86666666667</dst>
            <dst id="LOSAng">46829.6293333333</dst>
            <dst id="NYCMng">11739.1146666667</dst>
            <dst id="SNVAng">2544.15733333333</dst>
            <dst id="STTLng">6628.152</dst>
            <dst id="WASHng">12139.0693333333</dst>
        </src>
        <src id="WASHng">
            <dst id="ATLA-M5">850.914666666666</dst>
            <dst id="ATLAng">202320.688</dst>
            <dst id="CHINng">93877.6266666667</dst>
            <dst id="DNVRng">45674.592</dst>
            <dst id="HSTNng">23060.52</dst>
            <dst id="IPLSng">68988.016</dst>
            <dst id="KSCYng">22532.048</dst>
            <dst id="LOSAng">110902.186666667</dst>
            <dst id="NYCMng">145184.848</dst>
            <dst id="SNVAng">2393.392</dst>
            <dst id="STTLng">43078.1866666667</dst>
            <dst id="WASHng">202432.056</dst>
        </src>
    </IntraTM>
</TrafficMatrixFile>
