<?xml version="1.0" encoding="ISO-8859-1" standalone="yes"?>
<TrafficMatrixFile xsi:noNamespaceSchemaLocation="http://totem.run.montefiore.ulg.ac.be/Schema/TrafficMatrix-v1_2.xsd" xmlns:xsi="http://www.w3.org/2001/XMLSchema-instance">
    <IntraTM ASID="11537">
        <src id="ATLA-M5">
            <dst id="ATLA-M5">93.3546666666667</dst>
            <dst id="ATLAng">31.464</dst>
            <dst id="CHINng">242.554666666667</dst>
            <dst id="DNVRng">807.034666666666</dst>
            <dst id="HSTNng">1092.50933333333</dst>
            <dst id="IPLSng">782.869333333333</dst>
            <dst id="KSCYng">95.8853333333333</dst>
            <dst id="LOSAng">493.226666666667</dst>
            <dst id="NYCMng">80</dst>
            <dst id="SNVAng">0</dst>
            <dst id="STTLng">0</dst>
            <dst id="WASHng">313.4</dst>
        </src>
        <src id="ATLAng">
            <dst id="ATLA-M5">53.3333333333333</dst>
            <dst id="ATLAng">26506.4826666667</dst>
            <dst id="CHINng">18752.3626666667</dst>
            <dst id="DNVRng">4639.57866666667</dst>
            <dst id="HSTNng">2803.86933333333</dst>
            <dst id="IPLSng">16565.6986666667</dst>
            <dst id="KSCYng">1410.46933333333</dst>
            <dst id="LOSAng">17447.7013333333</dst>
            <dst id="NYCMng">3706.616</dst>
            <dst id="SNVAng">463.541333333333</dst>
            <dst id="STTLng">4736.41066666667</dst>
            <dst id="WASHng">30432.3706666667</dst>
        </src>
        <src id="CHINng">
            <dst id="ATLA-M5">1533.61333333333</dst>
            <dst id="ATLAng">10419.4506666667</dst>
            <dst id="CHINng">86101.968</dst>
            <dst id="DNVRng">35276.328</dst>
            <dst id="HSTNng">57323.8133333333</dst>
            <dst id="IPLSng">59024.0186666667</dst>
            <dst id="KSCYng">17413.256</dst>
            <dst id="LOSAng">2034843.22666667</dst>
            <dst id="NYCMng">19109.5493333333</dst>
            <dst id="SNVAng">3192.38666666667</dst>
            <dst id="STTLng">14322.2586666667</dst>
            <dst id="WASHng">36045.296</dst>
        </src>
        <src id="DNVRng">
            <dst id="ATLA-M5">107.042666666667</dst>
            <dst id="ATLAng">5930.432</dst>
            <dst id="CHINng">80005.064</dst>
            <dst id="DNVRng">10050.0346666667</dst>
            <dst id="HSTNng">15505.8586666667</dst>
            <dst id="IPLSng">32277.4933333333</dst>
            <dst id="KSCYng">9927.12533333333</dst>
            <dst id="LOSAng">4795.664</dst>
            <dst id="NYCMng">14351.984</dst>
            <dst id="SNVAng">3555.09066666667</dst>
            <dst id="STTLng">9100.296</dst>
            <dst id="WASHng">41140.448</dst>
        </src>
        <src id="HSTNng">
            <dst id="ATLA-M5">3305.904</dst>
            <dst id="ATLAng">2467.62933333333</dst>
            <dst id="CHINng">31668.3093333333</dst>
            <dst id="DNVRng">1572.48</dst>
            <dst id="HSTNng">5089.22933333333</dst>
            <dst id="IPLSng">5185.184</dst>
            <dst id="KSCYng">3626.33333333333</dst>
            <dst id="LOSAng">21862.4533333333</dst>
            <dst id="NYCMng">2168.13066666667</dst>
            <dst id="SNVAng">888.146666666667</dst>
            <dst id="STTLng">3682.992</dst>
            <dst id="WASHng">4239.84266666667</dst>
        </src>
        <src id="IPLSng">
            <dst id="ATLA-M5">880.837333333333</dst>
            <dst id="ATLAng">12541.864</dst>
            <dst id="CHINng">93500.2586666667</dst>
            <dst id="DNVRng">26799.0053333333</dst>
            <dst id="HSTNng">8548.208</dst>
            <dst id="IPLSng">35318.6026666667</dst>
            <dst id="KSCYng">6039.25333333333</dst>
            <dst id="LOSAng">58020.128</dst>
            <dst id="NYCMng">47063.5093333333</dst>
            <dst id="SNVAng">2653.33066666667</dst>
            <dst id="STTLng">8401.20533333334</dst>
            <dst id="WASHng">47386.36</dst>
        </src>
        <src id="KSCYng">
            <dst id="ATLA-M5">479.768</dst>
            <dst id="ATLAng">1711.52533333333</dst>
            <dst id="CHINng">18021.68</dst>
            <dst id="DNVRng">10153.0373333333</dst>
            <dst id="HSTNng">3473.22133333333</dst>
            <dst id="IPLSng">18029.0133333333</dst>
            <dst id="KSCYng">8421.976</dst>
            <dst id="LOSAng">6460.30133333333</dst>
            <dst id="NYCMng">10161.4693333333</dst>
            <dst id="SNVAng">222.789333333333</dst>
            <dst id="STTLng">1788.30133333333</dst>
            <dst id="WASHng">21628.9173333333</dst>
        </src>
        <src id="LOSAng">
            <dst id="ATLA-M5">1258.37333333333</dst>
            <dst id="ATLAng">17004.6133333333</dst>
            <dst id="CHINng">577171.066666667</dst>
            <dst id="DNVRng">9354.19466666667</dst>
            <dst id="HSTNng">12369.0826666667</dst>
            <dst id="IPLSng">28409.8293333333</dst>
            <dst id="KSCYng">11634.2213333333</dst>
            <dst id="LOSAng">11850.6133333333</dst>
            <dst id="NYCMng">54325.7226666667</dst>
            <dst id="SNVAng">8409.01866666667</dst>
            <dst id="STTLng">28454.976</dst>
            <dst id="WASHng">70873.816</dst>
        </src>
        <src id="NYCMng">
            <dst id="ATLA-M5">1332.98933333333</dst>
            <dst id="ATLAng">17813.3706666667</dst>
            <dst id="CHINng">59489.792</dst>
            <dst id="DNVRng">34607.0933333333</dst>
            <dst id="HSTNng">11301.816</dst>
            <dst id="IPLSng">52169.0693333333</dst>
            <dst id="KSCYng">10653.2213333333</dst>
            <dst id="LOSAng">85876.688</dst>
            <dst id="NYCMng">144559.133333333</dst>
            <dst id="SNVAng">6846.57333333333</dst>
            <dst id="STTLng">28945.1173333333</dst>
            <dst id="WASHng">91358.064</dst>
        </src>
        <src id="SNVAng">
            <dst id="ATLA-M5">63.8346666666667</dst>
            <dst id="ATLAng">121.109333333333</dst>
            <dst id="CHINng">3149.06133333333</dst>
            <dst id="DNVRng">1352.568</dst>
            <dst id="HSTNng">500.301333333333</dst>
            <dst id="IPLSng">866.869333333333</dst>
            <dst id="KSCYng">4888.48</dst>
            <dst id="LOSAng">30611.2746666667</dst>
            <dst id="NYCMng">764.485333333333</dst>
            <dst id="SNVAng">10057.6266666667</dst>
            <dst id="STTLng">43322.968</dst>
            <dst id="WASHng">345.306666666667</dst>
        </src>
        <src id="STTLng">
            <dst id="ATLA-M5">783.176</dst>
            <dst id="ATLAng">5319.888</dst>
            <dst id="CHINng">19288.136</dst>
            <dst id="DNVRng">12690.5013333333</dst>
            <dst id="HSTNng">4401.78133333333</dst>
            <dst id="IPLSng">6191.84266666667</dst>
            <dst id="KSCYng">2908.54933333333</dst>
            <dst id="LOSAng">17748.832</dst>
            <dst id="NYCMng">6189.376</dst>
            <dst id="SNVAng">4895.064</dst>
            <dst id="STTLng">1510.62133333333</dst>
            <dst id="WASHng">6888.688</dst>
        </src>
        <src id="WASHng">
            <dst id="ATLA-M5">2076.00266666667</dst>
            <dst id="ATLAng">47006.784</dst>
            <dst id="CHINng">84855.3253333333</dst>
            <dst id="DNVRng">49033.12</dst>
            <dst id="HSTNng">16578.4</dst>
            <dst id="IPLSng">67431.752</dst>
            <dst id="KSCYng">19689.952</dst>
            <dst id="LOSAng">111609.194666667</dst>
            <dst id="NYCMng">152900.573333333</dst>
            <dst id="SNVAng">9160.71466666667</dst>
            <dst id="STTLng">33365.8853333333</dst>
            <dst id="WASHng">240106.045333333</dst>
        </src>
    </IntraTM>
</TrafficMatrixFile>
