<?xml version="1.0" encoding="ISO-8859-1" standalone="yes"?>
<TrafficMatrixFile xsi:noNamespaceSchemaLocation="http://totem.run.montefiore.ulg.ac.be/Schema/TrafficMatrix-v1_2.xsd" xmlns:xsi="http://www.w3.org/2001/XMLSchema-instance">
    <IntraTM ASID="11537">
        <src id="ATLA-M5">
            <dst id="ATLA-M5">76.656</dst>
            <dst id="ATLAng">1155.14666666667</dst>
            <dst id="CHINng">1826.04266666667</dst>
            <dst id="DNVRng">506.021333333333</dst>
            <dst id="HSTNng">168.469333333333</dst>
            <dst id="IPLSng">549.52</dst>
            <dst id="KSCYng">1942.416</dst>
            <dst id="LOSAng">333.248</dst>
            <dst id="NYCMng">142.509333333333</dst>
            <dst id="SNVAng">0</dst>
            <dst id="STTLng">0</dst>
            <dst id="WASHng">949.989333333333</dst>
        </src>
        <src id="ATLAng">
            <dst id="ATLA-M5">453.338666666667</dst>
            <dst id="ATLAng">50399.408</dst>
            <dst id="CHINng">28732.696</dst>
            <dst id="DNVRng">4212.70133333333</dst>
            <dst id="HSTNng">2146.048</dst>
            <dst id="IPLSng">27774.592</dst>
            <dst id="KSCYng">4574.21866666667</dst>
            <dst id="LOSAng">22603.68</dst>
            <dst id="NYCMng">13876.5066666667</dst>
            <dst id="SNVAng">1358.14133333333</dst>
            <dst id="STTLng">5283.632</dst>
            <dst id="WASHng">34237.8106666667</dst>
        </src>
        <src id="CHINng">
            <dst id="ATLA-M5">1578.232</dst>
            <dst id="ATLAng">37664.728</dst>
            <dst id="CHINng">78885.0693333333</dst>
            <dst id="DNVRng">15802.008</dst>
            <dst id="HSTNng">47534.04</dst>
            <dst id="IPLSng">46216.152</dst>
            <dst id="KSCYng">19045.1573333333</dst>
            <dst id="LOSAng">76355.4906666667</dst>
            <dst id="NYCMng">29326.6906666667</dst>
            <dst id="SNVAng">4739.58666666667</dst>
            <dst id="STTLng">11817.2266666667</dst>
            <dst id="WASHng">34461.7493333333</dst>
        </src>
        <src id="DNVRng">
            <dst id="ATLA-M5">268.84</dst>
            <dst id="ATLAng">4756.44266666667</dst>
            <dst id="CHINng">60288.784</dst>
            <dst id="DNVRng">12703.1333333333</dst>
            <dst id="HSTNng">17939.5946666667</dst>
            <dst id="IPLSng">34146.144</dst>
            <dst id="KSCYng">20242.6933333333</dst>
            <dst id="LOSAng">30488.7706666667</dst>
            <dst id="NYCMng">20497.184</dst>
            <dst id="SNVAng">12131.5786666667</dst>
            <dst id="STTLng">12454.2773333333</dst>
            <dst id="WASHng">53991.4213333333</dst>
        </src>
        <src id="HSTNng">
            <dst id="ATLA-M5">1070.30666666667</dst>
            <dst id="ATLAng">3805.70133333333</dst>
            <dst id="CHINng">25642.312</dst>
            <dst id="DNVRng">2639.73066666667</dst>
            <dst id="HSTNng">8910.264</dst>
            <dst id="IPLSng">6816.95466666667</dst>
            <dst id="KSCYng">4788.80533333333</dst>
            <dst id="LOSAng">9994.872</dst>
            <dst id="NYCMng">8059.632</dst>
            <dst id="SNVAng">939.341333333333</dst>
            <dst id="STTLng">2427.288</dst>
            <dst id="WASHng">10201.6986666667</dst>
        </src>
        <src id="IPLSng">
            <dst id="ATLA-M5">511.773333333333</dst>
            <dst id="ATLAng">26660.9546666667</dst>
            <dst id="CHINng">111899.357333333</dst>
            <dst id="DNVRng">10250.96</dst>
            <dst id="HSTNng">5891.91466666667</dst>
            <dst id="IPLSng">34547.5146666667</dst>
            <dst id="KSCYng">9857.68266666667</dst>
            <dst id="LOSAng">34835.4533333333</dst>
            <dst id="NYCMng">62290.7813333334</dst>
            <dst id="SNVAng">5359.14933333333</dst>
            <dst id="STTLng">7971.62666666667</dst>
            <dst id="WASHng">35709.688</dst>
        </src>
        <src id="KSCYng">
            <dst id="ATLA-M5">497.205333333333</dst>
            <dst id="ATLAng">4311.55733333333</dst>
            <dst id="CHINng">22088.496</dst>
            <dst id="DNVRng">19021.2133333333</dst>
            <dst id="HSTNng">4151.92266666667</dst>
            <dst id="IPLSng">17562.8533333333</dst>
            <dst id="KSCYng">8444.744</dst>
            <dst id="LOSAng">7013.70666666667</dst>
            <dst id="NYCMng">6767.592</dst>
            <dst id="SNVAng">632.269333333333</dst>
            <dst id="STTLng">2488.58933333333</dst>
            <dst id="WASHng">29654.368</dst>
        </src>
        <src id="LOSAng">
            <dst id="ATLA-M5">1831.95466666667</dst>
            <dst id="ATLAng">36047.024</dst>
            <dst id="CHINng">100315.077333333</dst>
            <dst id="DNVRng">19671.3013333333</dst>
            <dst id="HSTNng">7423.32533333333</dst>
            <dst id="IPLSng">62140.5813333333</dst>
            <dst id="KSCYng">14847.936</dst>
            <dst id="LOSAng">15487.5093333333</dst>
            <dst id="NYCMng">70700.4426666667</dst>
            <dst id="SNVAng">10391.9973333333</dst>
            <dst id="STTLng">26191.9173333333</dst>
            <dst id="WASHng">102207.074666667</dst>
        </src>
        <src id="NYCMng">
            <dst id="ATLA-M5">1323.424</dst>
            <dst id="ATLAng">43764.6826666667</dst>
            <dst id="CHINng">61244.8453333333</dst>
            <dst id="DNVRng">38505.0693333333</dst>
            <dst id="HSTNng">28766.0133333333</dst>
            <dst id="IPLSng">70278.2346666667</dst>
            <dst id="KSCYng">27357.312</dst>
            <dst id="LOSAng">86459.2986666667</dst>
            <dst id="NYCMng">218273.992</dst>
            <dst id="SNVAng">3832.20266666667</dst>
            <dst id="STTLng">34156.5306666667</dst>
            <dst id="WASHng">131562.906666667</dst>
        </src>
        <src id="SNVAng">
            <dst id="ATLA-M5">26.6666666666667</dst>
            <dst id="ATLAng">471.312</dst>
            <dst id="CHINng">2393.45333333333</dst>
            <dst id="DNVRng">7850.39466666667</dst>
            <dst id="HSTNng">1880.84266666667</dst>
            <dst id="IPLSng">4472.46133333333</dst>
            <dst id="KSCYng">603.141333333333</dst>
            <dst id="LOSAng">52457.4346666667</dst>
            <dst id="NYCMng">721.653333333333</dst>
            <dst id="SNVAng">21891.4986666667</dst>
            <dst id="STTLng">65313.16</dst>
            <dst id="WASHng">1264.52533333333</dst>
        </src>
        <src id="STTLng">
            <dst id="ATLA-M5">314.053333333333</dst>
            <dst id="ATLAng">9201.31466666667</dst>
            <dst id="CHINng">12892.544</dst>
            <dst id="DNVRng">3610.02666666667</dst>
            <dst id="HSTNng">6908.41066666667</dst>
            <dst id="IPLSng">9079.24533333333</dst>
            <dst id="KSCYng">3617.87733333333</dst>
            <dst id="LOSAng">25514.2533333333</dst>
            <dst id="NYCMng">9588.208</dst>
            <dst id="SNVAng">4136.99733333333</dst>
            <dst id="STTLng">5287.064</dst>
            <dst id="WASHng">7313.75466666667</dst>
        </src>
        <src id="WASHng">
            <dst id="ATLA-M5">1509.768</dst>
            <dst id="ATLAng">98453.696</dst>
            <dst id="CHINng">115644.269333333</dst>
            <dst id="DNVRng">69487.6613333333</dst>
            <dst id="HSTNng">30942.136</dst>
            <dst id="IPLSng">49871.5733333333</dst>
            <dst id="KSCYng">23926.4186666667</dst>
            <dst id="LOSAng">129023.544</dst>
            <dst id="NYCMng">155016.674666667</dst>
            <dst id="SNVAng">3653.26933333333</dst>
            <dst id="STTLng">26510.2506666667</dst>
            <dst id="WASHng">221951.642666667</dst>
        </src>
    </IntraTM>
</TrafficMatrixFile>
