<?xml version="1.0" encoding="ISO-8859-1" standalone="yes"?>
<TrafficMatrixFile xsi:noNamespaceSchemaLocation="http://totem.run.montefiore.ulg.ac.be/Schema/TrafficMatrix-v1_2.xsd" xmlns:xsi="http://www.w3.org/2001/XMLSchema-instance">
    <IntraTM ASID="11537">
        <src id="ATLA-M5">
            <dst id="ATLA-M5">142.970666666667</dst>
            <dst id="ATLAng">186.968</dst>
            <dst id="CHINng">829.576</dst>
            <dst id="DNVRng">357.328</dst>
            <dst id="HSTNng">208.008</dst>
            <dst id="IPLSng">406.970666666667</dst>
            <dst id="KSCYng">0</dst>
            <dst id="LOSAng">193.570666666667</dst>
            <dst id="NYCMng">307.856</dst>
            <dst id="SNVAng">0</dst>
            <dst id="STTLng">235.490666666667</dst>
            <dst id="WASHng">159.637333333333</dst>
        </src>
        <src id="ATLAng">
            <dst id="ATLA-M5">3320.37866666667</dst>
            <dst id="ATLAng">23168.752</dst>
            <dst id="CHINng">28062.5466666667</dst>
            <dst id="DNVRng">5537.952</dst>
            <dst id="HSTNng">4380.57866666667</dst>
            <dst id="IPLSng">25504.488</dst>
            <dst id="KSCYng">3248.576</dst>
            <dst id="LOSAng">20603.1706666667</dst>
            <dst id="NYCMng">10348.0693333333</dst>
            <dst id="SNVAng">1394.456</dst>
            <dst id="STTLng">6389.848</dst>
            <dst id="WASHng">37226.872</dst>
        </src>
        <src id="CHINng">
            <dst id="ATLA-M5">915.197333333333</dst>
            <dst id="ATLAng">37324.9786666667</dst>
            <dst id="CHINng">76627.504</dst>
            <dst id="DNVRng">23289.6373333333</dst>
            <dst id="HSTNng">51056.0586666667</dst>
            <dst id="IPLSng">55526.3973333333</dst>
            <dst id="KSCYng">30574.0826666667</dst>
            <dst id="LOSAng">67183.1386666667</dst>
            <dst id="NYCMng">20687.3573333333</dst>
            <dst id="SNVAng">7396.20533333333</dst>
            <dst id="STTLng">13563.4346666667</dst>
            <dst id="WASHng">28167.296</dst>
        </src>
        <src id="DNVRng">
            <dst id="ATLA-M5">326.221333333333</dst>
            <dst id="ATLAng">5962.77066666667</dst>
            <dst id="CHINng">59637.6986666667</dst>
            <dst id="DNVRng">10744.6906666667</dst>
            <dst id="HSTNng">14477.168</dst>
            <dst id="IPLSng">28204.5066666667</dst>
            <dst id="KSCYng">22964.68</dst>
            <dst id="LOSAng">4693.15466666667</dst>
            <dst id="NYCMng">20039.1973333333</dst>
            <dst id="SNVAng">10611.9226666667</dst>
            <dst id="STTLng">9716.49066666667</dst>
            <dst id="WASHng">50074.6586666667</dst>
        </src>
        <src id="HSTNng">
            <dst id="ATLA-M5">2715.02133333333</dst>
            <dst id="ATLAng">2649.36</dst>
            <dst id="CHINng">11575.9653333333</dst>
            <dst id="DNVRng">2791.36266666667</dst>
            <dst id="HSTNng">5672.39733333333</dst>
            <dst id="IPLSng">8800.18133333334</dst>
            <dst id="KSCYng">6814.976</dst>
            <dst id="LOSAng">13703.1786666667</dst>
            <dst id="NYCMng">4221.30666666667</dst>
            <dst id="SNVAng">446.709333333333</dst>
            <dst id="STTLng">2758.85066666667</dst>
            <dst id="WASHng">6493.78666666667</dst>
        </src>
        <src id="IPLSng">
            <dst id="ATLA-M5">432.224</dst>
            <dst id="ATLAng">40038.8426666667</dst>
            <dst id="CHINng">97807.552</dst>
            <dst id="DNVRng">19509.7146666667</dst>
            <dst id="HSTNng">4678.55466666667</dst>
            <dst id="IPLSng">29263.096</dst>
            <dst id="KSCYng">9186.69333333333</dst>
            <dst id="LOSAng">48458.9333333333</dst>
            <dst id="NYCMng">51726.1733333333</dst>
            <dst id="SNVAng">1855.048</dst>
            <dst id="STTLng">7799.16533333333</dst>
            <dst id="WASHng">39266.6666666667</dst>
        </src>
        <src id="KSCYng">
            <dst id="ATLA-M5">111.2</dst>
            <dst id="ATLAng">2148.83733333333</dst>
            <dst id="CHINng">27868.3306666667</dst>
            <dst id="DNVRng">22746.0906666667</dst>
            <dst id="HSTNng">3953.65866666667</dst>
            <dst id="IPLSng">14489.7946666667</dst>
            <dst id="KSCYng">6955.23466666667</dst>
            <dst id="LOSAng">6384.48533333333</dst>
            <dst id="NYCMng">7371.07466666667</dst>
            <dst id="SNVAng">263.882666666667</dst>
            <dst id="STTLng">1986.83733333333</dst>
            <dst id="WASHng">16963.6666666667</dst>
        </src>
        <src id="LOSAng">
            <dst id="ATLA-M5">1859.912</dst>
            <dst id="ATLAng">16592.5413333333</dst>
            <dst id="CHINng">93305.544</dst>
            <dst id="DNVRng">25814.6746666667</dst>
            <dst id="HSTNng">35682.2746666667</dst>
            <dst id="IPLSng">46461.7466666667</dst>
            <dst id="KSCYng">24726.2293333333</dst>
            <dst id="LOSAng">24319.768</dst>
            <dst id="NYCMng">67339.9093333333</dst>
            <dst id="SNVAng">4966.208</dst>
            <dst id="STTLng">24660.0293333333</dst>
            <dst id="WASHng">159605.018666667</dst>
        </src>
        <src id="NYCMng">
            <dst id="ATLA-M5">1099.344</dst>
            <dst id="ATLAng">32871.7893333333</dst>
            <dst id="CHINng">58826.5973333333</dst>
            <dst id="DNVRng">38218.9733333333</dst>
            <dst id="HSTNng">16704.3493333333</dst>
            <dst id="IPLSng">48887.1626666667</dst>
            <dst id="KSCYng">21214.0693333333</dst>
            <dst id="LOSAng">66340.376</dst>
            <dst id="NYCMng">162851.584</dst>
            <dst id="SNVAng">7991.23733333333</dst>
            <dst id="STTLng">21284.6293333333</dst>
            <dst id="WASHng">120684.005333333</dst>
        </src>
        <src id="SNVAng">
            <dst id="ATLA-M5">0</dst>
            <dst id="ATLAng">145.944</dst>
            <dst id="CHINng">2365.008</dst>
            <dst id="DNVRng">5683.984</dst>
            <dst id="HSTNng">361.837333333333</dst>
            <dst id="IPLSng">6136.824</dst>
            <dst id="KSCYng">179.578666666667</dst>
            <dst id="LOSAng">52042.0213333333</dst>
            <dst id="NYCMng">1529.176</dst>
            <dst id="SNVAng">16713.7066666667</dst>
            <dst id="STTLng">59742.1733333333</dst>
            <dst id="WASHng">891.941333333333</dst>
        </src>
        <src id="STTLng">
            <dst id="ATLA-M5">596.162666666667</dst>
            <dst id="ATLAng">9329.352</dst>
            <dst id="CHINng">10265.4666666667</dst>
            <dst id="DNVRng">4150.32533333333</dst>
            <dst id="HSTNng">6828.49333333333</dst>
            <dst id="IPLSng">8076.496</dst>
            <dst id="KSCYng">3307.352</dst>
            <dst id="LOSAng">21711.104</dst>
            <dst id="NYCMng">6480.232</dst>
            <dst id="SNVAng">4893.448</dst>
            <dst id="STTLng">3999.28266666667</dst>
            <dst id="WASHng">10220.024</dst>
        </src>
        <src id="WASHng">
            <dst id="ATLA-M5">2694.512</dst>
            <dst id="ATLAng">73716.8693333333</dst>
            <dst id="CHINng">70804.0853333333</dst>
            <dst id="DNVRng">53939.4346666667</dst>
            <dst id="HSTNng">29657.8666666667</dst>
            <dst id="IPLSng">68027.8773333333</dst>
            <dst id="KSCYng">23956.944</dst>
            <dst id="LOSAng">119621.504</dst>
            <dst id="NYCMng">154511.114666667</dst>
            <dst id="SNVAng">3328.20533333333</dst>
            <dst id="STTLng">30706.5146666667</dst>
            <dst id="WASHng">226428.864</dst>
        </src>
    </IntraTM>
</TrafficMatrixFile>
