<?xml version="1.0" encoding="ISO-8859-1" standalone="yes"?>
<TrafficMatrixFile xsi:noNamespaceSchemaLocation="http://totem.run.montefiore.ulg.ac.be/Schema/TrafficMatrix-v1_2.xsd" xmlns:xsi="http://www.w3.org/2001/XMLSchema-instance">
    <IntraTM ASID="11537">
        <src id="ATLA-M5">
            <dst id="ATLA-M5">35.1253333333333</dst>
            <dst id="ATLAng">97.112</dst>
            <dst id="CHINng">2207.80533333333</dst>
            <dst id="DNVRng">0</dst>
            <dst id="HSTNng">220.002666666667</dst>
            <dst id="IPLSng">133.453333333333</dst>
            <dst id="KSCYng">1440.45866666667</dst>
            <dst id="LOSAng">584.413333333333</dst>
            <dst id="NYCMng">285.677333333333</dst>
            <dst id="SNVAng">26.6666666666667</dst>
            <dst id="STTLng">0</dst>
            <dst id="WASHng">486</dst>
        </src>
        <src id="ATLAng">
            <dst id="ATLA-M5">157.549333333333</dst>
            <dst id="ATLAng">24123.736</dst>
            <dst id="CHINng">15693.28</dst>
            <dst id="DNVRng">3439.89866666667</dst>
            <dst id="HSTNng">1913.456</dst>
            <dst id="IPLSng">14380.1413333333</dst>
            <dst id="KSCYng">2389.2</dst>
            <dst id="LOSAng">21427.24</dst>
            <dst id="NYCMng">9347.67466666667</dst>
            <dst id="SNVAng">1295.74133333333</dst>
            <dst id="STTLng">5750.912</dst>
            <dst id="WASHng">28848.8586666667</dst>
        </src>
        <src id="CHINng">
            <dst id="ATLA-M5">522.106666666667</dst>
            <dst id="ATLAng">12089.6773333333</dst>
            <dst id="CHINng">107308.76</dst>
            <dst id="DNVRng">22109.1546666667</dst>
            <dst id="HSTNng">46956.3786666667</dst>
            <dst id="IPLSng">32866.3333333333</dst>
            <dst id="KSCYng">17376.0533333333</dst>
            <dst id="LOSAng">225485.472</dst>
            <dst id="NYCMng">25085.968</dst>
            <dst id="SNVAng">4595.416</dst>
            <dst id="STTLng">8393.04</dst>
            <dst id="WASHng">17324.9146666667</dst>
        </src>
        <src id="DNVRng">
            <dst id="ATLA-M5">341.328</dst>
            <dst id="ATLAng">4206.67733333333</dst>
            <dst id="CHINng">67664.8026666667</dst>
            <dst id="DNVRng">6624.72533333333</dst>
            <dst id="HSTNng">11995.9386666667</dst>
            <dst id="IPLSng">37646.5013333333</dst>
            <dst id="KSCYng">10682.128</dst>
            <dst id="LOSAng">5051.50666666667</dst>
            <dst id="NYCMng">21013.6826666667</dst>
            <dst id="SNVAng">8116.18133333333</dst>
            <dst id="STTLng">5108.376</dst>
            <dst id="WASHng">45721.2373333333</dst>
        </src>
        <src id="HSTNng">
            <dst id="ATLA-M5">4007.50666666667</dst>
            <dst id="ATLAng">2347.81866666667</dst>
            <dst id="CHINng">20658.136</dst>
            <dst id="DNVRng">2379.37066666667</dst>
            <dst id="HSTNng">4790.776</dst>
            <dst id="IPLSng">2211.73066666667</dst>
            <dst id="KSCYng">6065.83466666667</dst>
            <dst id="LOSAng">5198.08</dst>
            <dst id="NYCMng">3518.50933333333</dst>
            <dst id="SNVAng">522.141333333333</dst>
            <dst id="STTLng">1684.44533333333</dst>
            <dst id="WASHng">3469.75466666667</dst>
        </src>
        <src id="IPLSng">
            <dst id="ATLA-M5">338.253333333333</dst>
            <dst id="ATLAng">34422.4453333333</dst>
            <dst id="CHINng">77614.9013333333</dst>
            <dst id="DNVRng">27829.464</dst>
            <dst id="HSTNng">2843.16</dst>
            <dst id="IPLSng">24482.1866666667</dst>
            <dst id="KSCYng">3991.37866666667</dst>
            <dst id="LOSAng">37366.8186666667</dst>
            <dst id="NYCMng">25609.392</dst>
            <dst id="SNVAng">1881.832</dst>
            <dst id="STTLng">9574.808</dst>
            <dst id="WASHng">36990.8053333333</dst>
        </src>
        <src id="KSCYng">
            <dst id="ATLA-M5">100.488</dst>
            <dst id="ATLAng">2050.38133333333</dst>
            <dst id="CHINng">22415.296</dst>
            <dst id="DNVRng">19016.3946666667</dst>
            <dst id="HSTNng">2983.51733333333</dst>
            <dst id="IPLSng">11676.256</dst>
            <dst id="KSCYng">8479.98666666667</dst>
            <dst id="LOSAng">6254.67733333333</dst>
            <dst id="NYCMng">3244.008</dst>
            <dst id="SNVAng">302.229333333333</dst>
            <dst id="STTLng">2493.93866666667</dst>
            <dst id="WASHng">13396.9893333333</dst>
        </src>
        <src id="LOSAng">
            <dst id="ATLA-M5">1228.88533333333</dst>
            <dst id="ATLAng">24485.456</dst>
            <dst id="CHINng">75354.0373333333</dst>
            <dst id="DNVRng">6638.90666666667</dst>
            <dst id="HSTNng">7635.38666666667</dst>
            <dst id="IPLSng">24068.2026666667</dst>
            <dst id="KSCYng">10167.1253333333</dst>
            <dst id="LOSAng">11250.9013333333</dst>
            <dst id="NYCMng">46083.1786666667</dst>
            <dst id="SNVAng">8601.01333333333</dst>
            <dst id="STTLng">13748.288</dst>
            <dst id="WASHng">141213.429333333</dst>
        </src>
        <src id="NYCMng">
            <dst id="ATLA-M5">1807.93866666667</dst>
            <dst id="ATLAng">28069.5733333333</dst>
            <dst id="CHINng">51468.3333333333</dst>
            <dst id="DNVRng">34293.4346666667</dst>
            <dst id="HSTNng">5822.27466666667</dst>
            <dst id="IPLSng">36832.6613333333</dst>
            <dst id="KSCYng">12247.5093333333</dst>
            <dst id="LOSAng">64207.9413333333</dst>
            <dst id="NYCMng">143690.536</dst>
            <dst id="SNVAng">3757.608</dst>
            <dst id="STTLng">19156.576</dst>
            <dst id="WASHng">107984.16</dst>
        </src>
        <src id="SNVAng">
            <dst id="ATLA-M5">0</dst>
            <dst id="ATLAng">55.8293333333333</dst>
            <dst id="CHINng">872.72</dst>
            <dst id="DNVRng">6508.38933333334</dst>
            <dst id="HSTNng">61.888</dst>
            <dst id="IPLSng">410.330666666667</dst>
            <dst id="KSCYng">147.541333333333</dst>
            <dst id="LOSAng">41452.6</dst>
            <dst id="NYCMng">1118.74133333333</dst>
            <dst id="SNVAng">15821.6613333333</dst>
            <dst id="STTLng">60665.328</dst>
            <dst id="WASHng">214.933333333333</dst>
        </src>
        <src id="STTLng">
            <dst id="ATLA-M5">138.365333333333</dst>
            <dst id="ATLAng">7131.69066666667</dst>
            <dst id="CHINng">13453.0533333333</dst>
            <dst id="DNVRng">1975.62933333333</dst>
            <dst id="HSTNng">10354.5306666667</dst>
            <dst id="IPLSng">3735.35466666667</dst>
            <dst id="KSCYng">4660.14933333333</dst>
            <dst id="LOSAng">14811.3413333333</dst>
            <dst id="NYCMng">6331.848</dst>
            <dst id="SNVAng">2554.06133333333</dst>
            <dst id="STTLng">752.293333333334</dst>
            <dst id="WASHng">4347.048</dst>
        </src>
        <src id="WASHng">
            <dst id="ATLA-M5">487.752</dst>
            <dst id="ATLAng">106912.053333333</dst>
            <dst id="CHINng">60656.8026666667</dst>
            <dst id="DNVRng">61114.0266666667</dst>
            <dst id="HSTNng">28196.9813333333</dst>
            <dst id="IPLSng">49875.768</dst>
            <dst id="KSCYng">12838.5706666667</dst>
            <dst id="LOSAng">120977.410666667</dst>
            <dst id="NYCMng">175893.898666667</dst>
            <dst id="SNVAng">2108.94133333333</dst>
            <dst id="STTLng">29106.3813333333</dst>
            <dst id="WASHng">249446.274666667</dst>
        </src>
    </IntraTM>
</TrafficMatrixFile>
