<?xml version="1.0" encoding="ISO-8859-1" standalone="yes"?>
<TrafficMatrixFile xsi:noNamespaceSchemaLocation="http://totem.run.montefiore.ulg.ac.be/Schema/TrafficMatrix-v1_2.xsd" xmlns:xsi="http://www.w3.org/2001/XMLSchema-instance">
    <IntraTM ASID="11537">
        <src id="ATLA-M5">
            <dst id="ATLA-M5">60.896</dst>
            <dst id="ATLAng">80.9146666666667</dst>
            <dst id="CHINng">96.9653333333333</dst>
            <dst id="DNVRng">0</dst>
            <dst id="HSTNng">195.906666666667</dst>
            <dst id="IPLSng">583.741333333333</dst>
            <dst id="KSCYng">437.069333333333</dst>
            <dst id="LOSAng">80</dst>
            <dst id="NYCMng">0</dst>
            <dst id="SNVAng">39.064</dst>
            <dst id="STTLng">288.117333333333</dst>
            <dst id="WASHng">1090.99733333333</dst>
        </src>
        <src id="ATLAng">
            <dst id="ATLA-M5">1360.53333333333</dst>
            <dst id="ATLAng">52807.832</dst>
            <dst id="CHINng">13465.8</dst>
            <dst id="DNVRng">10566.8133333333</dst>
            <dst id="HSTNng">4942.52266666667</dst>
            <dst id="IPLSng">19453.3093333333</dst>
            <dst id="KSCYng">1017.25866666667</dst>
            <dst id="LOSAng">16665.3573333333</dst>
            <dst id="NYCMng">5647.19733333333</dst>
            <dst id="SNVAng">425.330666666667</dst>
            <dst id="STTLng">8815.74133333333</dst>
            <dst id="WASHng">30451.216</dst>
        </src>
        <src id="CHINng">
            <dst id="ATLA-M5">1956.528</dst>
            <dst id="ATLAng">12778.304</dst>
            <dst id="CHINng">107540.530666667</dst>
            <dst id="DNVRng">19081.4666666667</dst>
            <dst id="HSTNng">48127.9813333333</dst>
            <dst id="IPLSng">37647.3253333333</dst>
            <dst id="KSCYng">9104.328</dst>
            <dst id="LOSAng">48338.8853333333</dst>
            <dst id="NYCMng">23728.2746666667</dst>
            <dst id="SNVAng">4076.50933333333</dst>
            <dst id="STTLng">10402.16</dst>
            <dst id="WASHng">23038.7973333333</dst>
        </src>
        <src id="DNVRng">
            <dst id="ATLA-M5">115.072</dst>
            <dst id="ATLAng">6058.62133333333</dst>
            <dst id="CHINng">70698.776</dst>
            <dst id="DNVRng">11903.8666666667</dst>
            <dst id="HSTNng">10964.1066666667</dst>
            <dst id="IPLSng">29005.5813333333</dst>
            <dst id="KSCYng">6777.28</dst>
            <dst id="LOSAng">3089.77866666667</dst>
            <dst id="NYCMng">12498.3386666667</dst>
            <dst id="SNVAng">6718.64266666667</dst>
            <dst id="STTLng">4141.78933333333</dst>
            <dst id="WASHng">35278.936</dst>
        </src>
        <src id="HSTNng">
            <dst id="ATLA-M5">2392.05066666667</dst>
            <dst id="ATLAng">1621.07733333333</dst>
            <dst id="CHINng">15625.328</dst>
            <dst id="DNVRng">1186.78933333333</dst>
            <dst id="HSTNng">2929.45866666667</dst>
            <dst id="IPLSng">3378.37866666667</dst>
            <dst id="KSCYng">2051.23466666667</dst>
            <dst id="LOSAng">4755.05066666667</dst>
            <dst id="NYCMng">2443.872</dst>
            <dst id="SNVAng">773.784</dst>
            <dst id="STTLng">3972.488</dst>
            <dst id="WASHng">3933.76533333333</dst>
        </src>
        <src id="IPLSng">
            <dst id="ATLA-M5">216.64</dst>
            <dst id="ATLAng">14973.5173333333</dst>
            <dst id="CHINng">93596.2373333333</dst>
            <dst id="DNVRng">6519.328</dst>
            <dst id="HSTNng">5687.68</dst>
            <dst id="IPLSng">7557.69866666667</dst>
            <dst id="KSCYng">4651.54666666667</dst>
            <dst id="LOSAng">44904.5546666667</dst>
            <dst id="NYCMng">36604.6</dst>
            <dst id="SNVAng">1740.264</dst>
            <dst id="STTLng">11011.5733333333</dst>
            <dst id="WASHng">31642.928</dst>
        </src>
        <src id="KSCYng">
            <dst id="ATLA-M5">241.469333333333</dst>
            <dst id="ATLAng">2157.624</dst>
            <dst id="CHINng">17855.096</dst>
            <dst id="DNVRng">6608.34933333333</dst>
            <dst id="HSTNng">2798.52</dst>
            <dst id="IPLSng">9165.61066666667</dst>
            <dst id="KSCYng">7595.63466666667</dst>
            <dst id="LOSAng">3608.36533333333</dst>
            <dst id="NYCMng">3263.46933333333</dst>
            <dst id="SNVAng">490.389333333333</dst>
            <dst id="STTLng">4313.90933333333</dst>
            <dst id="WASHng">10260.1146666667</dst>
        </src>
        <src id="LOSAng">
            <dst id="ATLA-M5">1014.224</dst>
            <dst id="ATLAng">23864.4933333333</dst>
            <dst id="CHINng">88563.2346666667</dst>
            <dst id="DNVRng">4922.42133333333</dst>
            <dst id="HSTNng">4023.05866666667</dst>
            <dst id="IPLSng">16931.1946666667</dst>
            <dst id="KSCYng">9308.14933333333</dst>
            <dst id="LOSAng">15045.9626666667</dst>
            <dst id="NYCMng">43114.7093333333</dst>
            <dst id="SNVAng">12194.3946666667</dst>
            <dst id="STTLng">21558.0666666667</dst>
            <dst id="WASHng">69679.0826666667</dst>
        </src>
        <src id="NYCMng">
            <dst id="ATLA-M5">1179.80266666667</dst>
            <dst id="ATLAng">11990.5573333333</dst>
            <dst id="CHINng">56976.736</dst>
            <dst id="DNVRng">29461.8613333333</dst>
            <dst id="HSTNng">11479.904</dst>
            <dst id="IPLSng">33057.36</dst>
            <dst id="KSCYng">10276.504</dst>
            <dst id="LOSAng">53770.5146666667</dst>
            <dst id="NYCMng">158893.666666667</dst>
            <dst id="SNVAng">3815.81333333333</dst>
            <dst id="STTLng">22746.1146666667</dst>
            <dst id="WASHng">76776.456</dst>
        </src>
        <src id="SNVAng">
            <dst id="ATLA-M5">241.456</dst>
            <dst id="ATLAng">26.6666666666667</dst>
            <dst id="CHINng">1478.37866666667</dst>
            <dst id="DNVRng">5779.18133333333</dst>
            <dst id="HSTNng">113.536</dst>
            <dst id="IPLSng">285.296</dst>
            <dst id="KSCYng">3863.50933333333</dst>
            <dst id="LOSAng">24533.4106666667</dst>
            <dst id="NYCMng">723.298666666667</dst>
            <dst id="SNVAng">11941.5786666667</dst>
            <dst id="STTLng">49820.8586666667</dst>
            <dst id="WASHng">176.533333333333</dst>
        </src>
        <src id="STTLng">
            <dst id="ATLA-M5">453.773333333333</dst>
            <dst id="ATLAng">5663.96</dst>
            <dst id="CHINng">15223.0106666667</dst>
            <dst id="DNVRng">3877.784</dst>
            <dst id="HSTNng">5208.88266666667</dst>
            <dst id="IPLSng">4748.15466666667</dst>
            <dst id="KSCYng">2149.86133333333</dst>
            <dst id="LOSAng">20337.5066666667</dst>
            <dst id="NYCMng">7931.77333333333</dst>
            <dst id="SNVAng">4068.58933333333</dst>
            <dst id="STTLng">537.477333333333</dst>
            <dst id="WASHng">11163.304</dst>
        </src>
        <src id="WASHng">
            <dst id="ATLA-M5">808.762666666667</dst>
            <dst id="ATLAng">75781.152</dst>
            <dst id="CHINng">61366.3146666667</dst>
            <dst id="DNVRng">48723.6346666667</dst>
            <dst id="HSTNng">7312.14133333333</dst>
            <dst id="IPLSng">67044.408</dst>
            <dst id="KSCYng">14984.344</dst>
            <dst id="LOSAng">89115.8373333333</dst>
            <dst id="NYCMng">154224.626666667</dst>
            <dst id="SNVAng">5817.53333333333</dst>
            <dst id="STTLng">32665.872</dst>
            <dst id="WASHng">290301.786666667</dst>
        </src>
    </IntraTM>
</TrafficMatrixFile>
