<?xml version="1.0" encoding="ISO-8859-1" standalone="yes"?>
<TrafficMatrixFile xsi:noNamespaceSchemaLocation="http://totem.run.montefiore.ulg.ac.be/Schema/TrafficMatrix-v1_2.xsd" xmlns:xsi="http://www.w3.org/2001/XMLSchema-instance">
    <IntraTM ASID="11537">
        <src id="ATLA-M5">
            <dst id="ATLA-M5">95.1066666666667</dst>
            <dst id="ATLAng">53.3333333333333</dst>
            <dst id="CHINng">569.728</dst>
            <dst id="DNVRng">151.056</dst>
            <dst id="HSTNng">252</dst>
            <dst id="IPLSng">582.008</dst>
            <dst id="KSCYng">892.218666666667</dst>
            <dst id="LOSAng">386.8</dst>
            <dst id="NYCMng">1258.72533333333</dst>
            <dst id="SNVAng">0</dst>
            <dst id="STTLng">73.7706666666667</dst>
            <dst id="WASHng">1375.42933333333</dst>
        </src>
        <src id="ATLAng">
            <dst id="ATLA-M5">788.714666666667</dst>
            <dst id="ATLAng">21443.6533333333</dst>
            <dst id="CHINng">22630.7066666667</dst>
            <dst id="DNVRng">7561.54666666667</dst>
            <dst id="HSTNng">2321.61866666667</dst>
            <dst id="IPLSng">26331.9306666667</dst>
            <dst id="KSCYng">3395.296</dst>
            <dst id="LOSAng">21950.0133333333</dst>
            <dst id="NYCMng">11972.7226666667</dst>
            <dst id="SNVAng">1315.37866666667</dst>
            <dst id="STTLng">10845.3013333333</dst>
            <dst id="WASHng">37732.704</dst>
        </src>
        <src id="CHINng">
            <dst id="ATLA-M5">1947.10933333333</dst>
            <dst id="ATLAng">32284.8906666667</dst>
            <dst id="CHINng">95276.6853333333</dst>
            <dst id="DNVRng">24666.9306666667</dst>
            <dst id="HSTNng">48584.7413333333</dst>
            <dst id="IPLSng">66492.9733333333</dst>
            <dst id="KSCYng">16702.088</dst>
            <dst id="LOSAng">78227.4186666667</dst>
            <dst id="NYCMng">27167.1653333333</dst>
            <dst id="SNVAng">3773.81066666667</dst>
            <dst id="STTLng">14465.3786666667</dst>
            <dst id="WASHng">37903.28</dst>
        </src>
        <src id="DNVRng">
            <dst id="ATLA-M5">294.837333333333</dst>
            <dst id="ATLAng">5899.176</dst>
            <dst id="CHINng">73033.9546666667</dst>
            <dst id="DNVRng">11433.4106666667</dst>
            <dst id="HSTNng">13545.4506666667</dst>
            <dst id="IPLSng">31556.1493333333</dst>
            <dst id="KSCYng">20522.1146666667</dst>
            <dst id="LOSAng">11675.6773333333</dst>
            <dst id="NYCMng">16217.056</dst>
            <dst id="SNVAng">10931.7706666667</dst>
            <dst id="STTLng">11578.7813333333</dst>
            <dst id="WASHng">56357.44</dst>
        </src>
        <src id="HSTNng">
            <dst id="ATLA-M5">334.104</dst>
            <dst id="ATLAng">4426.096</dst>
            <dst id="CHINng">30097.7253333333</dst>
            <dst id="DNVRng">3830.42133333333</dst>
            <dst id="HSTNng">9966.17866666667</dst>
            <dst id="IPLSng">4145.23466666667</dst>
            <dst id="KSCYng">3376.84533333333</dst>
            <dst id="LOSAng">8694.072</dst>
            <dst id="NYCMng">5755.18933333333</dst>
            <dst id="SNVAng">2103.26666666667</dst>
            <dst id="STTLng">2843.39733333333</dst>
            <dst id="WASHng">5960.44533333333</dst>
        </src>
        <src id="IPLSng">
            <dst id="ATLA-M5">866.512</dst>
            <dst id="ATLAng">35172.64</dst>
            <dst id="CHINng">101525.717333333</dst>
            <dst id="DNVRng">9537.624</dst>
            <dst id="HSTNng">6746.54933333333</dst>
            <dst id="IPLSng">22728.096</dst>
            <dst id="KSCYng">25094.3573333333</dst>
            <dst id="LOSAng">44153.0026666667</dst>
            <dst id="NYCMng">53557.6826666667</dst>
            <dst id="SNVAng">5673.56266666667</dst>
            <dst id="STTLng">22256.3866666667</dst>
            <dst id="WASHng">47517.664</dst>
        </src>
        <src id="KSCYng">
            <dst id="ATLA-M5">296.976</dst>
            <dst id="ATLAng">3579.94933333333</dst>
            <dst id="CHINng">25991.64</dst>
            <dst id="DNVRng">24925.208</dst>
            <dst id="HSTNng">6410.416</dst>
            <dst id="IPLSng">13908.4186666667</dst>
            <dst id="KSCYng">8303.544</dst>
            <dst id="LOSAng">6422.37866666667</dst>
            <dst id="NYCMng">7410.28533333333</dst>
            <dst id="SNVAng">1666.93866666667</dst>
            <dst id="STTLng">3367.01866666667</dst>
            <dst id="WASHng">21719.656</dst>
        </src>
        <src id="LOSAng">
            <dst id="ATLA-M5">1817.80533333333</dst>
            <dst id="ATLAng">29095.0053333333</dst>
            <dst id="CHINng">87750.0906666667</dst>
            <dst id="DNVRng">12648.7786666667</dst>
            <dst id="HSTNng">16940.624</dst>
            <dst id="IPLSng">54893.224</dst>
            <dst id="KSCYng">16853.456</dst>
            <dst id="LOSAng">13545.3253333333</dst>
            <dst id="NYCMng">72444.6026666667</dst>
            <dst id="SNVAng">15178.952</dst>
            <dst id="STTLng">27275.088</dst>
            <dst id="WASHng">163557.946666667</dst>
        </src>
        <src id="NYCMng">
            <dst id="ATLA-M5">2938.272</dst>
            <dst id="ATLAng">42723.472</dst>
            <dst id="CHINng">73175.744</dst>
            <dst id="DNVRng">35397.9306666667</dst>
            <dst id="HSTNng">19780.7493333333</dst>
            <dst id="IPLSng">73239.7306666667</dst>
            <dst id="KSCYng">25190.216</dst>
            <dst id="LOSAng">82620.6293333333</dst>
            <dst id="NYCMng">200609.573333333</dst>
            <dst id="SNVAng">7170.48533333333</dst>
            <dst id="STTLng">25109.8853333333</dst>
            <dst id="WASHng">143897.08</dst>
        </src>
        <src id="SNVAng">
            <dst id="ATLA-M5">0</dst>
            <dst id="ATLAng">734.213333333333</dst>
            <dst id="CHINng">2341.75733333333</dst>
            <dst id="DNVRng">15357.592</dst>
            <dst id="HSTNng">283.029333333333</dst>
            <dst id="IPLSng">6530.75733333333</dst>
            <dst id="KSCYng">502.192</dst>
            <dst id="LOSAng">60147.408</dst>
            <dst id="NYCMng">6265.61866666667</dst>
            <dst id="SNVAng">23391.48</dst>
            <dst id="STTLng">61527.872</dst>
            <dst id="WASHng">1414.928</dst>
        </src>
        <src id="STTLng">
            <dst id="ATLA-M5">268.746666666667</dst>
            <dst id="ATLAng">9663.15466666667</dst>
            <dst id="CHINng">11257.4426666667</dst>
            <dst id="DNVRng">3431.12533333333</dst>
            <dst id="HSTNng">8281.37333333333</dst>
            <dst id="IPLSng">11116.92</dst>
            <dst id="KSCYng">3208.17333333333</dst>
            <dst id="LOSAng">35687.4186666667</dst>
            <dst id="NYCMng">8082.89066666667</dst>
            <dst id="SNVAng">4812.25866666667</dst>
            <dst id="STTLng">5060.28533333333</dst>
            <dst id="WASHng">9624.448</dst>
        </src>
        <src id="WASHng">
            <dst id="ATLA-M5">1836.352</dst>
            <dst id="ATLAng">112006.082666667</dst>
            <dst id="CHINng">95111.9146666666</dst>
            <dst id="DNVRng">78148.9866666667</dst>
            <dst id="HSTNng">40638.912</dst>
            <dst id="IPLSng">49539.992</dst>
            <dst id="KSCYng">19258.2693333333</dst>
            <dst id="LOSAng">126280.957333333</dst>
            <dst id="NYCMng">182444.226666667</dst>
            <dst id="SNVAng">5451.344</dst>
            <dst id="STTLng">31926.1493333333</dst>
            <dst id="WASHng">210827.922666667</dst>
        </src>
    </IntraTM>
</TrafficMatrixFile>
