<?xml version="1.0" encoding="ISO-8859-1" standalone="yes"?>
<TrafficMatrixFile xsi:noNamespaceSchemaLocation="http://totem.run.montefiore.ulg.ac.be/Schema/TrafficMatrix-v1_2.xsd" xmlns:xsi="http://www.w3.org/2001/XMLSchema-instance">
    <IntraTM ASID="11537">
        <src id="ATLA-M5">
            <dst id="ATLA-M5">1329.86666666667</dst>
            <dst id="ATLAng">26.6666666666667</dst>
            <dst id="CHINng">1328.216</dst>
            <dst id="DNVRng">46.152</dst>
            <dst id="HSTNng">88.6106666666667</dst>
            <dst id="IPLSng">170.848</dst>
            <dst id="KSCYng">129.24</dst>
            <dst id="LOSAng">175.709333333333</dst>
            <dst id="NYCMng">225.496</dst>
            <dst id="SNVAng">0</dst>
            <dst id="STTLng">53.3333333333333</dst>
            <dst id="WASHng">863.989333333333</dst>
        </src>
        <src id="ATLAng">
            <dst id="ATLA-M5">221.336</dst>
            <dst id="ATLAng">31912.744</dst>
            <dst id="CHINng">16403.5306666667</dst>
            <dst id="DNVRng">3984.832</dst>
            <dst id="HSTNng">2919.91733333333</dst>
            <dst id="IPLSng">15410.496</dst>
            <dst id="KSCYng">2114.856</dst>
            <dst id="LOSAng">29265.2293333333</dst>
            <dst id="NYCMng">11222.928</dst>
            <dst id="SNVAng">267.738666666667</dst>
            <dst id="STTLng">4857.93866666667</dst>
            <dst id="WASHng">50112.1093333333</dst>
        </src>
        <src id="CHINng">
            <dst id="ATLA-M5">1067.312</dst>
            <dst id="ATLAng">21303.8906666667</dst>
            <dst id="CHINng">102202.573333333</dst>
            <dst id="DNVRng">20413.3973333333</dst>
            <dst id="HSTNng">45878.104</dst>
            <dst id="IPLSng">39671.704</dst>
            <dst id="KSCYng">15600.904</dst>
            <dst id="LOSAng">36929.6133333333</dst>
            <dst id="NYCMng">20250.3386666667</dst>
            <dst id="SNVAng">718.058666666667</dst>
            <dst id="STTLng">12576.096</dst>
            <dst id="WASHng">36619.1626666667</dst>
        </src>
        <src id="DNVRng">
            <dst id="ATLA-M5">378.594666666667</dst>
            <dst id="ATLAng">5063.00533333333</dst>
            <dst id="CHINng">51831.4746666667</dst>
            <dst id="DNVRng">10920.984</dst>
            <dst id="HSTNng">13092.5626666667</dst>
            <dst id="IPLSng">38370.1946666667</dst>
            <dst id="KSCYng">16366.3546666667</dst>
            <dst id="LOSAng">6075.13066666667</dst>
            <dst id="NYCMng">15650.2666666667</dst>
            <dst id="SNVAng">9659.05333333334</dst>
            <dst id="STTLng">9670.97066666667</dst>
            <dst id="WASHng">45448.3146666667</dst>
        </src>
        <src id="HSTNng">
            <dst id="ATLA-M5">658.477333333333</dst>
            <dst id="ATLAng">1100.01066666667</dst>
            <dst id="CHINng">15600.912</dst>
            <dst id="DNVRng">1645.70133333333</dst>
            <dst id="HSTNng">8424.82933333333</dst>
            <dst id="IPLSng">1811.20266666667</dst>
            <dst id="KSCYng">2843.19733333333</dst>
            <dst id="LOSAng">3306.87733333333</dst>
            <dst id="NYCMng">5293.024</dst>
            <dst id="SNVAng">272.117333333333</dst>
            <dst id="STTLng">1342.792</dst>
            <dst id="WASHng">12356.8506666667</dst>
        </src>
        <src id="IPLSng">
            <dst id="ATLA-M5">161.794666666667</dst>
            <dst id="ATLAng">14140.8666666667</dst>
            <dst id="CHINng">89871.432</dst>
            <dst id="DNVRng">15925.4933333333</dst>
            <dst id="HSTNng">3080.896</dst>
            <dst id="IPLSng">14392.0906666667</dst>
            <dst id="KSCYng">6645.488</dst>
            <dst id="LOSAng">26004.7573333333</dst>
            <dst id="NYCMng">55838.792</dst>
            <dst id="SNVAng">678.714666666667</dst>
            <dst id="STTLng">9311.13866666667</dst>
            <dst id="WASHng">28359.392</dst>
        </src>
        <src id="KSCYng">
            <dst id="ATLA-M5">241.333333333333</dst>
            <dst id="ATLAng">4291.656</dst>
            <dst id="CHINng">26079.3066666667</dst>
            <dst id="DNVRng">13677.8693333333</dst>
            <dst id="HSTNng">3589.29866666667</dst>
            <dst id="IPLSng">29247.3013333333</dst>
            <dst id="KSCYng">9160.00533333333</dst>
            <dst id="LOSAng">5452.26933333333</dst>
            <dst id="NYCMng">5174.02133333333</dst>
            <dst id="SNVAng">1362.06133333333</dst>
            <dst id="STTLng">1830.76533333333</dst>
            <dst id="WASHng">15194.4213333333</dst>
        </src>
        <src id="LOSAng">
            <dst id="ATLA-M5">1938.09333333333</dst>
            <dst id="ATLAng">21247.1146666667</dst>
            <dst id="CHINng">337123.786666667</dst>
            <dst id="DNVRng">7950.86933333333</dst>
            <dst id="HSTNng">5890.376</dst>
            <dst id="IPLSng">38262.4746666667</dst>
            <dst id="KSCYng">10792.8906666667</dst>
            <dst id="LOSAng">12791.8213333333</dst>
            <dst id="NYCMng">65045.672</dst>
            <dst id="SNVAng">8863.69866666667</dst>
            <dst id="STTLng">20055.7786666667</dst>
            <dst id="WASHng">127344.837333333</dst>
        </src>
        <src id="NYCMng">
            <dst id="ATLA-M5">739.621333333333</dst>
            <dst id="ATLAng">25922.8986666667</dst>
            <dst id="CHINng">44932.2746666667</dst>
            <dst id="DNVRng">31096.7413333333</dst>
            <dst id="HSTNng">6611.93333333333</dst>
            <dst id="IPLSng">67345.264</dst>
            <dst id="KSCYng">20770.2746666667</dst>
            <dst id="LOSAng">34508.1173333333</dst>
            <dst id="NYCMng">164805.432</dst>
            <dst id="SNVAng">1182.98666666667</dst>
            <dst id="STTLng">21795.7653333333</dst>
            <dst id="WASHng">163132.989333333</dst>
        </src>
        <src id="SNVAng">
            <dst id="ATLA-M5">0</dst>
            <dst id="ATLAng">179.048</dst>
            <dst id="CHINng">1211.13066666667</dst>
            <dst id="DNVRng">5835.64266666667</dst>
            <dst id="HSTNng">183.013333333333</dst>
            <dst id="IPLSng">751.997333333333</dst>
            <dst id="KSCYng">118.298666666667</dst>
            <dst id="LOSAng">32145.4533333333</dst>
            <dst id="NYCMng">586.733333333333</dst>
            <dst id="SNVAng">14390.6213333333</dst>
            <dst id="STTLng">50561.144</dst>
            <dst id="WASHng">188.197333333333</dst>
        </src>
        <src id="STTLng">
            <dst id="ATLA-M5">88.4746666666667</dst>
            <dst id="ATLAng">8807.63466666667</dst>
            <dst id="CHINng">12724.8</dst>
            <dst id="DNVRng">2267.392</dst>
            <dst id="HSTNng">6011.16266666667</dst>
            <dst id="IPLSng">3740.69066666667</dst>
            <dst id="KSCYng">4870.976</dst>
            <dst id="LOSAng">12088.32</dst>
            <dst id="NYCMng">6637.82933333333</dst>
            <dst id="SNVAng">4068.05333333333</dst>
            <dst id="STTLng">6045.46666666667</dst>
            <dst id="WASHng">9714.07466666666</dst>
        </src>
        <src id="WASHng">
            <dst id="ATLA-M5">293.522666666667</dst>
            <dst id="ATLAng">135373.026666667</dst>
            <dst id="CHINng">77583.4213333333</dst>
            <dst id="DNVRng">37000.568</dst>
            <dst id="HSTNng">25662.7173333333</dst>
            <dst id="IPLSng">53939.656</dst>
            <dst id="KSCYng">19870.1466666667</dst>
            <dst id="LOSAng">94919.0453333333</dst>
            <dst id="NYCMng">187152.101333333</dst>
            <dst id="SNVAng">1327.12266666667</dst>
            <dst id="STTLng">32143.6986666667</dst>
            <dst id="WASHng">269813.386666667</dst>
        </src>
    </IntraTM>
</TrafficMatrixFile>
