<?xml version="1.0" encoding="ISO-8859-1" standalone="yes"?>
<TrafficMatrixFile xsi:noNamespaceSchemaLocation="http://totem.run.montefiore.ulg.ac.be/Schema/TrafficMatrix-v1_2.xsd" xmlns:xsi="http://www.w3.org/2001/XMLSchema-instance">
    <IntraTM ASID="11537">
        <src id="ATLA-M5">
            <dst id="ATLA-M5">961.117333333333</dst>
            <dst id="ATLAng">345.352</dst>
            <dst id="CHINng">677.565333333333</dst>
            <dst id="DNVRng">554.837333333333</dst>
            <dst id="HSTNng">308.232</dst>
            <dst id="IPLSng">339.490666666667</dst>
            <dst id="KSCYng">480.208</dst>
            <dst id="LOSAng">326.968</dst>
            <dst id="NYCMng">211.757333333333</dst>
            <dst id="SNVAng">299.690666666667</dst>
            <dst id="STTLng">124.930666666667</dst>
            <dst id="WASHng">533.896</dst>
        </src>
        <src id="ATLAng">
            <dst id="ATLA-M5">3591.168</dst>
            <dst id="ATLAng">21830.0586666667</dst>
            <dst id="CHINng">35779.5093333333</dst>
            <dst id="DNVRng">4007.77866666667</dst>
            <dst id="HSTNng">9442.42133333333</dst>
            <dst id="IPLSng">27307.7066666667</dst>
            <dst id="KSCYng">3873.22933333333</dst>
            <dst id="LOSAng">25154.2493333333</dst>
            <dst id="NYCMng">10727.5813333333</dst>
            <dst id="SNVAng">2141.252</dst>
            <dst id="STTLng">5603.02933333333</dst>
            <dst id="WASHng">34114.8453333333</dst>
        </src>
        <src id="CHINng">
            <dst id="ATLA-M5">722.530666666667</dst>
            <dst id="ATLAng">32921.0613333333</dst>
            <dst id="CHINng">76103.864</dst>
            <dst id="DNVRng">24422.0533333333</dst>
            <dst id="HSTNng">54404.024</dst>
            <dst id="IPLSng">56315.888</dst>
            <dst id="KSCYng">27653.424</dst>
            <dst id="LOSAng">71884.5866666667</dst>
            <dst id="NYCMng">21736.056</dst>
            <dst id="SNVAng">5532.83733333333</dst>
            <dst id="STTLng">13879.5706666667</dst>
            <dst id="WASHng">33380.248</dst>
        </src>
        <src id="DNVRng">
            <dst id="ATLA-M5">226.208</dst>
            <dst id="ATLAng">5250.696</dst>
            <dst id="CHINng">69205.8586666667</dst>
            <dst id="DNVRng">17688.384</dst>
            <dst id="HSTNng">15338.2666666667</dst>
            <dst id="IPLSng">27823.904</dst>
            <dst id="KSCYng">28667.8453333333</dst>
            <dst id="LOSAng">4457.624</dst>
            <dst id="NYCMng">20760.8693333333</dst>
            <dst id="SNVAng">13197.808</dst>
            <dst id="STTLng">16276.8906666667</dst>
            <dst id="WASHng">52164.2186666667</dst>
        </src>
        <src id="HSTNng">
            <dst id="ATLA-M5">3034.272</dst>
            <dst id="ATLAng">4887.35733333333</dst>
            <dst id="CHINng">17736.6746666667</dst>
            <dst id="DNVRng">2862.91466666667</dst>
            <dst id="HSTNng">4647.576</dst>
            <dst id="IPLSng">5122.28</dst>
            <dst id="KSCYng">6386.99733333333</dst>
            <dst id="LOSAng">10411.2053333333</dst>
            <dst id="NYCMng">4365.18933333333</dst>
            <dst id="SNVAng">963.912</dst>
            <dst id="STTLng">2434.856</dst>
            <dst id="WASHng">6765.568</dst>
        </src>
        <src id="IPLSng">
            <dst id="ATLA-M5">596.384</dst>
            <dst id="ATLAng">41518.4266666667</dst>
            <dst id="CHINng">104452.085333333</dst>
            <dst id="DNVRng">16310.696</dst>
            <dst id="HSTNng">5590.776</dst>
            <dst id="IPLSng">24134.016</dst>
            <dst id="KSCYng">20952.4693333333</dst>
            <dst id="LOSAng">45973.8186666667</dst>
            <dst id="NYCMng">51954.0906666667</dst>
            <dst id="SNVAng">1510.76</dst>
            <dst id="STTLng">8342.88266666667</dst>
            <dst id="WASHng">39671.336</dst>
        </src>
        <src id="KSCYng">
            <dst id="ATLA-M5">146.669333333333</dst>
            <dst id="ATLAng">2881.88533333333</dst>
            <dst id="CHINng">28302.4106666667</dst>
            <dst id="DNVRng">21470.9146666667</dst>
            <dst id="HSTNng">4412.304</dst>
            <dst id="IPLSng">15520.5333333333</dst>
            <dst id="KSCYng">8642.79733333333</dst>
            <dst id="LOSAng">7517.784</dst>
            <dst id="NYCMng">6707.664</dst>
            <dst id="SNVAng">601.141333333333</dst>
            <dst id="STTLng">3394.34666666667</dst>
            <dst id="WASHng">26407.1146666667</dst>
        </src>
        <src id="LOSAng">
            <dst id="ATLA-M5">1950.70133333333</dst>
            <dst id="ATLAng">20212.592</dst>
            <dst id="CHINng">101452.338666667</dst>
            <dst id="DNVRng">17474.152</dst>
            <dst id="HSTNng">17465.776</dst>
            <dst id="IPLSng">53119.944</dst>
            <dst id="KSCYng">13205.4906666667</dst>
            <dst id="LOSAng">21166.9866666667</dst>
            <dst id="NYCMng">73085.3946666667</dst>
            <dst id="SNVAng">7129.24</dst>
            <dst id="STTLng">24780.688</dst>
            <dst id="WASHng">103378.770666667</dst>
        </src>
        <src id="NYCMng">
            <dst id="ATLA-M5">1341.69066666667</dst>
            <dst id="ATLAng">33835.6933333333</dst>
            <dst id="CHINng">62101.9386666667</dst>
            <dst id="DNVRng">34230.8106666667</dst>
            <dst id="HSTNng">17564.5546666667</dst>
            <dst id="IPLSng">50334.8026666667</dst>
            <dst id="KSCYng">17142.912</dst>
            <dst id="LOSAng">65734.6026666667</dst>
            <dst id="NYCMng">179327.997333333</dst>
            <dst id="SNVAng">6215.42666666667</dst>
            <dst id="STTLng">24517.4693333333</dst>
            <dst id="WASHng">175624.874666667</dst>
        </src>
        <src id="SNVAng">
            <dst id="ATLA-M5">26.6666666666667</dst>
            <dst id="ATLAng">80</dst>
            <dst id="CHINng">2257.99733333333</dst>
            <dst id="DNVRng">5269.072</dst>
            <dst id="HSTNng">440.242666666667</dst>
            <dst id="IPLSng">5090.14666666667</dst>
            <dst id="KSCYng">82.7413333333333</dst>
            <dst id="LOSAng">55625.5306666667</dst>
            <dst id="NYCMng">900.669333333333</dst>
            <dst id="SNVAng">16762.5066666667</dst>
            <dst id="STTLng">66061.736</dst>
            <dst id="WASHng">970.677333333333</dst>
        </src>
        <src id="STTLng">
            <dst id="ATLA-M5">516.850666666667</dst>
            <dst id="ATLAng">10250.9093333333</dst>
            <dst id="CHINng">9296.24533333333</dst>
            <dst id="DNVRng">3601.74933333333</dst>
            <dst id="HSTNng">6828.448</dst>
            <dst id="IPLSng">7987.70933333333</dst>
            <dst id="KSCYng">3301.60266666667</dst>
            <dst id="LOSAng">23371.8293333333</dst>
            <dst id="NYCMng">7025.656</dst>
            <dst id="SNVAng">4168.73066666667</dst>
            <dst id="STTLng">7358.336</dst>
            <dst id="WASHng">8584.792</dst>
        </src>
        <src id="WASHng">
            <dst id="ATLA-M5">3057.624</dst>
            <dst id="ATLAng">83252.2026666667</dst>
            <dst id="CHINng">75776.8133333333</dst>
            <dst id="DNVRng">75412.0666666667</dst>
            <dst id="HSTNng">23525.1653333333</dst>
            <dst id="IPLSng">71512.72</dst>
            <dst id="KSCYng">21975.096</dst>
            <dst id="LOSAng">123283.562666667</dst>
            <dst id="NYCMng">144025.328</dst>
            <dst id="SNVAng">2831.36266666667</dst>
            <dst id="STTLng">30729.6293333333</dst>
            <dst id="WASHng">202812.877333333</dst>
        </src>
    </IntraTM>
</TrafficMatrixFile>
