<?xml version="1.0" encoding="ISO-8859-1" standalone="yes"?>
<TrafficMatrixFile xsi:noNamespaceSchemaLocation="http://totem.run.montefiore.ulg.ac.be/Schema/TrafficMatrix-v1_2.xsd" xmlns:xsi="http://www.w3.org/2001/XMLSchema-instance">
    <IntraTM ASID="11537">
        <src id="ATLA-M5">
            <dst id="ATLA-M5">166.330666666667</dst>
            <dst id="ATLAng">91.632</dst>
            <dst id="CHINng">1509.63466666667</dst>
            <dst id="DNVRng">53.3333333333333</dst>
            <dst id="HSTNng">56.7013333333333</dst>
            <dst id="IPLSng">351.165333333333</dst>
            <dst id="KSCYng">166.912</dst>
            <dst id="LOSAng">247.056</dst>
            <dst id="NYCMng">34.1173333333333</dst>
            <dst id="SNVAng">325.552</dst>
            <dst id="STTLng">26.6666666666667</dst>
            <dst id="WASHng">1172.984</dst>
        </src>
        <src id="ATLAng">
            <dst id="ATLA-M5">674.848</dst>
            <dst id="ATLAng">25028.4693333333</dst>
            <dst id="CHINng">20364.184</dst>
            <dst id="DNVRng">4948.264</dst>
            <dst id="HSTNng">6474.752</dst>
            <dst id="IPLSng">20354.232</dst>
            <dst id="KSCYng">2851.45066666667</dst>
            <dst id="LOSAng">20635.672</dst>
            <dst id="NYCMng">6042.61333333333</dst>
            <dst id="SNVAng">1200.04</dst>
            <dst id="STTLng">4086.30666666667</dst>
            <dst id="WASHng">32917.8533333333</dst>
        </src>
        <src id="CHINng">
            <dst id="ATLA-M5">1744.168</dst>
            <dst id="ATLAng">26683.3013333333</dst>
            <dst id="CHINng">89120.3413333333</dst>
            <dst id="DNVRng">26824.672</dst>
            <dst id="HSTNng">50459.1733333333</dst>
            <dst id="IPLSng">71651.744</dst>
            <dst id="KSCYng">15353.736</dst>
            <dst id="LOSAng">2071280.69333333</dst>
            <dst id="NYCMng">12303.52</dst>
            <dst id="SNVAng">3037.57333333333</dst>
            <dst id="STTLng">32900.8853333333</dst>
            <dst id="WASHng">37619.504</dst>
        </src>
        <src id="DNVRng">
            <dst id="ATLA-M5">356.466666666667</dst>
            <dst id="ATLAng">4615.328</dst>
            <dst id="CHINng">60637.304</dst>
            <dst id="DNVRng">19879.8853333333</dst>
            <dst id="HSTNng">15368.816</dst>
            <dst id="IPLSng">38598.4213333333</dst>
            <dst id="KSCYng">19629.176</dst>
            <dst id="LOSAng">20631.1306666667</dst>
            <dst id="NYCMng">8207.752</dst>
            <dst id="SNVAng">13739.1706666667</dst>
            <dst id="STTLng">12802.7626666667</dst>
            <dst id="WASHng">40055.2586666667</dst>
        </src>
        <src id="HSTNng">
            <dst id="ATLA-M5">1654.26933333333</dst>
            <dst id="ATLAng">10171.0186666667</dst>
            <dst id="CHINng">19609.1813333333</dst>
            <dst id="DNVRng">2950.544</dst>
            <dst id="HSTNng">6140.45866666666</dst>
            <dst id="IPLSng">6788.704</dst>
            <dst id="KSCYng">6683.69333333333</dst>
            <dst id="LOSAng">5152.328</dst>
            <dst id="NYCMng">1786.65333333333</dst>
            <dst id="SNVAng">1645.62133333333</dst>
            <dst id="STTLng">3116.80533333333</dst>
            <dst id="WASHng">9623.75733333333</dst>
        </src>
        <src id="IPLSng">
            <dst id="ATLA-M5">1291.45066666667</dst>
            <dst id="ATLAng">17035.0693333333</dst>
            <dst id="CHINng">146278.344</dst>
            <dst id="DNVRng">22317.8053333333</dst>
            <dst id="HSTNng">7569.68</dst>
            <dst id="IPLSng">26430.2693333333</dst>
            <dst id="KSCYng">10134.888</dst>
            <dst id="LOSAng">68569.0933333333</dst>
            <dst id="NYCMng">3113.912</dst>
            <dst id="SNVAng">2239.288</dst>
            <dst id="STTLng">13947.3946666667</dst>
            <dst id="WASHng">48632.2746666667</dst>
        </src>
        <src id="KSCYng">
            <dst id="ATLA-M5">365.224</dst>
            <dst id="ATLAng">2165.82933333333</dst>
            <dst id="CHINng">21403.7013333333</dst>
            <dst id="DNVRng">12344.0986666667</dst>
            <dst id="HSTNng">3792.464</dst>
            <dst id="IPLSng">11489.3893333333</dst>
            <dst id="KSCYng">11194.992</dst>
            <dst id="LOSAng">6774.49866666667</dst>
            <dst id="NYCMng">1433.58133333333</dst>
            <dst id="SNVAng">148.461333333333</dst>
            <dst id="STTLng">4781.648</dst>
            <dst id="WASHng">15754.704</dst>
        </src>
        <src id="LOSAng">
            <dst id="ATLA-M5">2298.256</dst>
            <dst id="ATLAng">17974.3973333333</dst>
            <dst id="CHINng">1095507.73333333</dst>
            <dst id="DNVRng">12094.3066666667</dst>
            <dst id="HSTNng">15401.2906666667</dst>
            <dst id="IPLSng">57509.32</dst>
            <dst id="KSCYng">10266.288</dst>
            <dst id="LOSAng">12637.7653333333</dst>
            <dst id="NYCMng">8854.70666666667</dst>
            <dst id="SNVAng">11163.6666666667</dst>
            <dst id="STTLng">24803.6613333333</dst>
            <dst id="WASHng">96585.144</dst>
        </src>
        <src id="NYCMng">
            <dst id="ATLA-M5">817.773333333333</dst>
            <dst id="ATLAng">7686.86933333333</dst>
            <dst id="CHINng">15386.4266666667</dst>
            <dst id="DNVRng">9626.60266666667</dst>
            <dst id="HSTNng">6699.53333333333</dst>
            <dst id="IPLSng">22737.5626666667</dst>
            <dst id="KSCYng">5332.05066666667</dst>
            <dst id="LOSAng">23280.9466666667</dst>
            <dst id="NYCMng">59253.7333333333</dst>
            <dst id="SNVAng">1138.66666666667</dst>
            <dst id="STTLng">7273.80266666667</dst>
            <dst id="WASHng">35773.2746666667</dst>
        </src>
        <src id="SNVAng">
            <dst id="ATLA-M5">0</dst>
            <dst id="ATLAng">65.752</dst>
            <dst id="CHINng">1581.27466666667</dst>
            <dst id="DNVRng">20450.688</dst>
            <dst id="HSTNng">133.333333333333</dst>
            <dst id="IPLSng">5747.72266666667</dst>
            <dst id="KSCYng">4597.19466666667</dst>
            <dst id="LOSAng">38987.976</dst>
            <dst id="NYCMng">1180.104</dst>
            <dst id="SNVAng">21871.1546666667</dst>
            <dst id="STTLng">55466.9413333333</dst>
            <dst id="WASHng">415.149333333333</dst>
        </src>
        <src id="STTLng">
            <dst id="ATLA-M5">80</dst>
            <dst id="ATLAng">13973.7813333333</dst>
            <dst id="CHINng">20420.3866666667</dst>
            <dst id="DNVRng">4254.65066666667</dst>
            <dst id="HSTNng">10030.5573333333</dst>
            <dst id="IPLSng">7170.50666666667</dst>
            <dst id="KSCYng">3504.19733333333</dst>
            <dst id="LOSAng">28115.5066666667</dst>
            <dst id="NYCMng">4058.05866666667</dst>
            <dst id="SNVAng">3635.96266666667</dst>
            <dst id="STTLng">7482.82933333333</dst>
            <dst id="WASHng">12358.8213333333</dst>
        </src>
        <src id="WASHng">
            <dst id="ATLA-M5">2191.77333333333</dst>
            <dst id="ATLAng">105022.312</dst>
            <dst id="CHINng">68916.0533333333</dst>
            <dst id="DNVRng">49525.64</dst>
            <dst id="HSTNng">38362.8613333333</dst>
            <dst id="IPLSng">64031.4666666667</dst>
            <dst id="KSCYng">16661.8693333333</dst>
            <dst id="LOSAng">116063.469333333</dst>
            <dst id="NYCMng">124885.448</dst>
            <dst id="SNVAng">5227.06666666667</dst>
            <dst id="STTLng">30973.176</dst>
            <dst id="WASHng">299363.573333333</dst>
        </src>
    </IntraTM>
</TrafficMatrixFile>
