<?xml version="1.0" encoding="ISO-8859-1" standalone="yes"?>
<TrafficMatrixFile xsi:noNamespaceSchemaLocation="http://totem.run.montefiore.ulg.ac.be/Schema/TrafficMatrix-v1_2.xsd" xmlns:xsi="http://www.w3.org/2001/XMLSchema-instance">
    <IntraTM ASID="11537">
        <src id="ATLA-M5">
            <dst id="ATLA-M5">41.1466666666667</dst>
            <dst id="ATLAng">110.866666666667</dst>
            <dst id="CHINng">1116.704</dst>
            <dst id="DNVRng">53.3333333333333</dst>
            <dst id="HSTNng">280.197333333333</dst>
            <dst id="IPLSng">880.32</dst>
            <dst id="KSCYng">207.002666666667</dst>
            <dst id="LOSAng">359.930666666667</dst>
            <dst id="NYCMng">236.346666666667</dst>
            <dst id="SNVAng">95.088</dst>
            <dst id="STTLng">0</dst>
            <dst id="WASHng">133.333333333333</dst>
        </src>
        <src id="ATLAng">
            <dst id="ATLA-M5">77.6106666666667</dst>
            <dst id="ATLAng">25084.0213333333</dst>
            <dst id="CHINng">22965.3973333333</dst>
            <dst id="DNVRng">7062.44533333333</dst>
            <dst id="HSTNng">6930.088</dst>
            <dst id="IPLSng">25710.3306666667</dst>
            <dst id="KSCYng">2988.74933333333</dst>
            <dst id="LOSAng">28969.848</dst>
            <dst id="NYCMng">9800.42933333333</dst>
            <dst id="SNVAng">795.877333333333</dst>
            <dst id="STTLng">4931.10666666667</dst>
            <dst id="WASHng">34895.936</dst>
        </src>
        <src id="CHINng">
            <dst id="ATLA-M5">693.586666666667</dst>
            <dst id="ATLAng">30937.5146666667</dst>
            <dst id="CHINng">98466.7253333333</dst>
            <dst id="DNVRng">16393.5653333333</dst>
            <dst id="HSTNng">50883.3226666667</dst>
            <dst id="IPLSng">47272.128</dst>
            <dst id="KSCYng">17110.784</dst>
            <dst id="LOSAng">74932.672</dst>
            <dst id="NYCMng">19621.9386666667</dst>
            <dst id="SNVAng">5623.97333333333</dst>
            <dst id="STTLng">11893.544</dst>
            <dst id="WASHng">27746.424</dst>
        </src>
        <src id="DNVRng">
            <dst id="ATLA-M5">371.082666666667</dst>
            <dst id="ATLAng">5584.21333333333</dst>
            <dst id="CHINng">71441.2986666667</dst>
            <dst id="DNVRng">12967.2853333333</dst>
            <dst id="HSTNng">15953.0586666667</dst>
            <dst id="IPLSng">39004.6853333333</dst>
            <dst id="KSCYng">19812.9306666667</dst>
            <dst id="LOSAng">8485.472</dst>
            <dst id="NYCMng">18447.472</dst>
            <dst id="SNVAng">10022.1706666667</dst>
            <dst id="STTLng">10832.3786666667</dst>
            <dst id="WASHng">49498.776</dst>
        </src>
        <src id="HSTNng">
            <dst id="ATLA-M5">1397.168</dst>
            <dst id="ATLAng">2598.95733333333</dst>
            <dst id="CHINng">14200.8293333333</dst>
            <dst id="DNVRng">3512.58933333333</dst>
            <dst id="HSTNng">6986.46666666667</dst>
            <dst id="IPLSng">6491.96</dst>
            <dst id="KSCYng">3333.29866666667</dst>
            <dst id="LOSAng">7106.504</dst>
            <dst id="NYCMng">3813.2</dst>
            <dst id="SNVAng">2231.44</dst>
            <dst id="STTLng">3235.12</dst>
            <dst id="WASHng">8885.49066666667</dst>
        </src>
        <src id="IPLSng">
            <dst id="ATLA-M5">488.64</dst>
            <dst id="ATLAng">37514.9066666667</dst>
            <dst id="CHINng">97933.5386666667</dst>
            <dst id="DNVRng">19830.872</dst>
            <dst id="HSTNng">11445.328</dst>
            <dst id="IPLSng">25406.2533333333</dst>
            <dst id="KSCYng">14694.3786666667</dst>
            <dst id="LOSAng">36811.9813333333</dst>
            <dst id="NYCMng">49487.3386666667</dst>
            <dst id="SNVAng">1692.904</dst>
            <dst id="STTLng">9404.53066666667</dst>
            <dst id="WASHng">43367.9466666667</dst>
        </src>
        <src id="KSCYng">
            <dst id="ATLA-M5">243.496</dst>
            <dst id="ATLAng">2316.26933333333</dst>
            <dst id="CHINng">24810.8693333333</dst>
            <dst id="DNVRng">15928.28</dst>
            <dst id="HSTNng">4161.656</dst>
            <dst id="IPLSng">13447.344</dst>
            <dst id="KSCYng">12764.4533333333</dst>
            <dst id="LOSAng">6627.50933333333</dst>
            <dst id="NYCMng">5459.86666666667</dst>
            <dst id="SNVAng">1078.31733333333</dst>
            <dst id="STTLng">2780.05066666667</dst>
            <dst id="WASHng">17735.976</dst>
        </src>
        <src id="LOSAng">
            <dst id="ATLA-M5">1365.21866666667</dst>
            <dst id="ATLAng">21236.9493333333</dst>
            <dst id="CHINng">105801.56</dst>
            <dst id="DNVRng">27463.8106666667</dst>
            <dst id="HSTNng">6856.91466666667</dst>
            <dst id="IPLSng">68661.4586666667</dst>
            <dst id="KSCYng">8808.75466666666</dst>
            <dst id="LOSAng">14206.1493333333</dst>
            <dst id="NYCMng">61160.6666666666</dst>
            <dst id="SNVAng">8762.99466666667</dst>
            <dst id="STTLng">25740.7866666667</dst>
            <dst id="WASHng">132993.629333333</dst>
        </src>
        <src id="NYCMng">
            <dst id="ATLA-M5">408.12</dst>
            <dst id="ATLAng">34153.5813333333</dst>
            <dst id="CHINng">63271.3226666667</dst>
            <dst id="DNVRng">40514.8773333333</dst>
            <dst id="HSTNng">12325.7733333333</dst>
            <dst id="IPLSng">56204.8186666667</dst>
            <dst id="KSCYng">18432.9146666667</dst>
            <dst id="LOSAng">81856.6853333333</dst>
            <dst id="NYCMng">154520.528</dst>
            <dst id="SNVAng">4927.736</dst>
            <dst id="STTLng">28173.552</dst>
            <dst id="WASHng">175186.248</dst>
        </src>
        <src id="SNVAng">
            <dst id="ATLA-M5">0</dst>
            <dst id="ATLAng">78.1946666666667</dst>
            <dst id="CHINng">3377.824</dst>
            <dst id="DNVRng">3990.91466666667</dst>
            <dst id="HSTNng">574.962666666667</dst>
            <dst id="IPLSng">508.170666666667</dst>
            <dst id="KSCYng">447.066666666667</dst>
            <dst id="LOSAng">55561.8186666667</dst>
            <dst id="NYCMng">684.042666666667</dst>
            <dst id="SNVAng">21296.12</dst>
            <dst id="STTLng">57976.72</dst>
            <dst id="WASHng">933.682666666667</dst>
        </src>
        <src id="STTLng">
            <dst id="ATLA-M5">243.928</dst>
            <dst id="ATLAng">9052.208</dst>
            <dst id="CHINng">15015.6</dst>
            <dst id="DNVRng">3602.52</dst>
            <dst id="HSTNng">7477.36266666667</dst>
            <dst id="IPLSng">11976.624</dst>
            <dst id="KSCYng">4116.76533333333</dst>
            <dst id="LOSAng">19601.2613333333</dst>
            <dst id="NYCMng">6763.784</dst>
            <dst id="SNVAng">4691.848</dst>
            <dst id="STTLng">4739.81066666667</dst>
            <dst id="WASHng">6621.13066666667</dst>
        </src>
        <src id="WASHng">
            <dst id="ATLA-M5">598.834666666667</dst>
            <dst id="ATLAng">91785.992</dst>
            <dst id="CHINng">83369.176</dst>
            <dst id="DNVRng">50679.8426666667</dst>
            <dst id="HSTNng">29639.2</dst>
            <dst id="IPLSng">65783.7253333333</dst>
            <dst id="KSCYng">21776.848</dst>
            <dst id="LOSAng">112485.36</dst>
            <dst id="NYCMng">150253.448</dst>
            <dst id="SNVAng">8653.84266666667</dst>
            <dst id="STTLng">31263.056</dst>
            <dst id="WASHng">439796.426666667</dst>
        </src>
    </IntraTM>
</TrafficMatrixFile>
