<?xml version="1.0" encoding="ISO-8859-1" standalone="yes"?>
<TrafficMatrixFile xsi:noNamespaceSchemaLocation="http://totem.run.montefiore.ulg.ac.be/Schema/TrafficMatrix-v1_2.xsd" xmlns:xsi="http://www.w3.org/2001/XMLSchema-instance">
    <IntraTM ASID="11537">
        <src id="ATLA-M5">
            <dst id="ATLA-M5">49.5573333333333</dst>
            <dst id="ATLAng">652.328</dst>
            <dst id="CHINng">525.864</dst>
            <dst id="DNVRng">82.6933333333333</dst>
            <dst id="HSTNng">26.6666666666667</dst>
            <dst id="IPLSng">2346.66666666667</dst>
            <dst id="KSCYng">431.794666666667</dst>
            <dst id="LOSAng">653.314666666667</dst>
            <dst id="NYCMng">1790.472</dst>
            <dst id="SNVAng">0</dst>
            <dst id="STTLng">156.213333333333</dst>
            <dst id="WASHng">1032.632</dst>
        </src>
        <src id="ATLAng">
            <dst id="ATLA-M5">234.554666666667</dst>
            <dst id="ATLAng">21731.096</dst>
            <dst id="CHINng">35030.9466666667</dst>
            <dst id="DNVRng">3247.28</dst>
            <dst id="HSTNng">3026.19466666667</dst>
            <dst id="IPLSng">25486.8533333333</dst>
            <dst id="KSCYng">5253.24533333333</dst>
            <dst id="LOSAng">17164.9626666667</dst>
            <dst id="NYCMng">12876.768</dst>
            <dst id="SNVAng">1377.816</dst>
            <dst id="STTLng">5740.66666666667</dst>
            <dst id="WASHng">30586.9626666667</dst>
        </src>
        <src id="CHINng">
            <dst id="ATLA-M5">1354.95466666667</dst>
            <dst id="ATLAng">37449.1973333333</dst>
            <dst id="CHINng">93333.08</dst>
            <dst id="DNVRng">20552.608</dst>
            <dst id="HSTNng">50785.0773333333</dst>
            <dst id="IPLSng">45043.1413333333</dst>
            <dst id="KSCYng">14055.408</dst>
            <dst id="LOSAng">73786.6346666667</dst>
            <dst id="NYCMng">28390.0266666667</dst>
            <dst id="SNVAng">4020.64533333333</dst>
            <dst id="STTLng">17515.2986666667</dst>
            <dst id="WASHng">31591.136</dst>
        </src>
        <src id="DNVRng">
            <dst id="ATLA-M5">312.28</dst>
            <dst id="ATLAng">4594.13066666667</dst>
            <dst id="CHINng">66386.8266666667</dst>
            <dst id="DNVRng">15171.2</dst>
            <dst id="HSTNng">15005.208</dst>
            <dst id="IPLSng">26507.1786666667</dst>
            <dst id="KSCYng">22176.032</dst>
            <dst id="LOSAng">6499.47466666667</dst>
            <dst id="NYCMng">19743.776</dst>
            <dst id="SNVAng">15542.5706666667</dst>
            <dst id="STTLng">12894.3493333333</dst>
            <dst id="WASHng">60369.688</dst>
        </src>
        <src id="HSTNng">
            <dst id="ATLA-M5">1005.808</dst>
            <dst id="ATLAng">4353.78666666667</dst>
            <dst id="CHINng">25125.8346666667</dst>
            <dst id="DNVRng">3349.07466666667</dst>
            <dst id="HSTNng">9295.73333333334</dst>
            <dst id="IPLSng">4425.62666666667</dst>
            <dst id="KSCYng">5509.79466666666</dst>
            <dst id="LOSAng">40195.9706666667</dst>
            <dst id="NYCMng">4771.74933333333</dst>
            <dst id="SNVAng">2042.592</dst>
            <dst id="STTLng">3102.79733333333</dst>
            <dst id="WASHng">7094.89066666667</dst>
        </src>
        <src id="IPLSng">
            <dst id="ATLA-M5">2224.98666666667</dst>
            <dst id="ATLAng">29243.128</dst>
            <dst id="CHINng">81062.1466666667</dst>
            <dst id="DNVRng">8698.288</dst>
            <dst id="HSTNng">7835.82666666667</dst>
            <dst id="IPLSng">16821.0746666667</dst>
            <dst id="KSCYng">10789.696</dst>
            <dst id="LOSAng">24781.8586666667</dst>
            <dst id="NYCMng">33089.1493333333</dst>
            <dst id="SNVAng">2009.53866666667</dst>
            <dst id="STTLng">12188.4533333333</dst>
            <dst id="WASHng">30953.048</dst>
        </src>
        <src id="KSCYng">
            <dst id="ATLA-M5">556.434666666667</dst>
            <dst id="ATLAng">4485.336</dst>
            <dst id="CHINng">25569.2346666667</dst>
            <dst id="DNVRng">24787.952</dst>
            <dst id="HSTNng">4581.83733333333</dst>
            <dst id="IPLSng">17422.688</dst>
            <dst id="KSCYng">10591.8346666667</dst>
            <dst id="LOSAng">12421.6346666667</dst>
            <dst id="NYCMng">8246.264</dst>
            <dst id="SNVAng">1274.48</dst>
            <dst id="STTLng">3127.49866666667</dst>
            <dst id="WASHng">19946.6853333333</dst>
        </src>
        <src id="LOSAng">
            <dst id="ATLA-M5">1494.248</dst>
            <dst id="ATLAng">20355.6773333333</dst>
            <dst id="CHINng">98735.7333333333</dst>
            <dst id="DNVRng">12090.8666666667</dst>
            <dst id="HSTNng">11130.032</dst>
            <dst id="IPLSng">51311.232</dst>
            <dst id="KSCYng">13914.1973333333</dst>
            <dst id="LOSAng">15300.4133333333</dst>
            <dst id="NYCMng">84758.5173333334</dst>
            <dst id="SNVAng">11284.04</dst>
            <dst id="STTLng">25929.28</dst>
            <dst id="WASHng">112480.186666667</dst>
        </src>
        <src id="NYCMng">
            <dst id="ATLA-M5">3100.048</dst>
            <dst id="ATLAng">34714.9973333333</dst>
            <dst id="CHINng">72792.136</dst>
            <dst id="DNVRng">37990.7466666667</dst>
            <dst id="HSTNng">24590.3893333333</dst>
            <dst id="IPLSng">63363.6826666667</dst>
            <dst id="KSCYng">21419.4453333333</dst>
            <dst id="LOSAng">78121.7386666666</dst>
            <dst id="NYCMng">178360.928</dst>
            <dst id="SNVAng">3847.65866666667</dst>
            <dst id="STTLng">26308.0693333333</dst>
            <dst id="WASHng">116407.821333333</dst>
        </src>
        <src id="SNVAng">
            <dst id="ATLA-M5">110.08</dst>
            <dst id="ATLAng">359.096</dst>
            <dst id="CHINng">1886.07733333333</dst>
            <dst id="DNVRng">8501.22133333333</dst>
            <dst id="HSTNng">644.752</dst>
            <dst id="IPLSng">3603.584</dst>
            <dst id="KSCYng">213.216</dst>
            <dst id="LOSAng">55155.672</dst>
            <dst id="NYCMng">782.496</dst>
            <dst id="SNVAng">21787.76</dst>
            <dst id="STTLng">67222.7733333333</dst>
            <dst id="WASHng">1268.06933333333</dst>
        </src>
        <src id="STTLng">
            <dst id="ATLA-M5">231.690666666667</dst>
            <dst id="ATLAng">9534.89333333333</dst>
            <dst id="CHINng">14155.6666666667</dst>
            <dst id="DNVRng">3520.65333333333</dst>
            <dst id="HSTNng">7819.82133333334</dst>
            <dst id="IPLSng">9299.55466666667</dst>
            <dst id="KSCYng">3266.29866666667</dst>
            <dst id="LOSAng">34021.4373333333</dst>
            <dst id="NYCMng">5845.248</dst>
            <dst id="SNVAng">4632.46933333333</dst>
            <dst id="STTLng">7024.888</dst>
            <dst id="WASHng">11474.3253333333</dst>
        </src>
        <src id="WASHng">
            <dst id="ATLA-M5">1110.832</dst>
            <dst id="ATLAng">108827.165333333</dst>
            <dst id="CHINng">88328.8186666667</dst>
            <dst id="DNVRng">68592.2026666667</dst>
            <dst id="HSTNng">24727.864</dst>
            <dst id="IPLSng">49124.312</dst>
            <dst id="KSCYng">27815.2026666667</dst>
            <dst id="LOSAng">135327.306666667</dst>
            <dst id="NYCMng">162474.170666667</dst>
            <dst id="SNVAng">5046.77866666667</dst>
            <dst id="STTLng">27482.544</dst>
            <dst id="WASHng">239205.125333333</dst>
        </src>
    </IntraTM>
</TrafficMatrixFile>
