<?xml version="1.0" encoding="ISO-8859-1" standalone="yes"?>
<TrafficMatrixFile xsi:noNamespaceSchemaLocation="http://totem.run.montefiore.ulg.ac.be/Schema/TrafficMatrix-v1_2.xsd" xmlns:xsi="http://www.w3.org/2001/XMLSchema-instance">
    <IntraTM ASID="11537">
        <src id="ATLA-M5">
            <dst id="ATLA-M5">64.9733333333333</dst>
            <dst id="ATLAng">26.6666666666667</dst>
            <dst id="CHINng">627.130666666667</dst>
            <dst id="DNVRng">26.6666666666667</dst>
            <dst id="HSTNng">233.493333333333</dst>
            <dst id="IPLSng">2137.49866666667</dst>
            <dst id="KSCYng">254.530666666667</dst>
            <dst id="LOSAng">240</dst>
            <dst id="NYCMng">394.922666666667</dst>
            <dst id="SNVAng">102.021333333333</dst>
            <dst id="STTLng">53.3333333333333</dst>
            <dst id="WASHng">1101.49333333333</dst>
        </src>
        <src id="ATLAng">
            <dst id="ATLA-M5">1200.18133333333</dst>
            <dst id="ATLAng">19985.16</dst>
            <dst id="CHINng">21302.2453333333</dst>
            <dst id="DNVRng">3791.384</dst>
            <dst id="HSTNng">3740.848</dst>
            <dst id="IPLSng">18742.6293333333</dst>
            <dst id="KSCYng">3293.368</dst>
            <dst id="LOSAng">19420.584</dst>
            <dst id="NYCMng">10350.0186666667</dst>
            <dst id="SNVAng">983.125333333334</dst>
            <dst id="STTLng">5185.41866666667</dst>
            <dst id="WASHng">34817.8373333333</dst>
        </src>
        <src id="CHINng">
            <dst id="ATLA-M5">1234.84266666667</dst>
            <dst id="ATLAng">16941.504</dst>
            <dst id="CHINng">76195.976</dst>
            <dst id="DNVRng">18417.1173333333</dst>
            <dst id="HSTNng">51027.7253333333</dst>
            <dst id="IPLSng">63144.4346666667</dst>
            <dst id="KSCYng">17456.2453333333</dst>
            <dst id="LOSAng">2050954.50666667</dst>
            <dst id="NYCMng">20199.2853333333</dst>
            <dst id="SNVAng">3958.95466666667</dst>
            <dst id="STTLng">16005.3466666667</dst>
            <dst id="WASHng">29508.112</dst>
        </src>
        <src id="DNVRng">
            <dst id="ATLA-M5">405.098666666667</dst>
            <dst id="ATLAng">8515.32</dst>
            <dst id="CHINng">73567.4106666667</dst>
            <dst id="DNVRng">22994.7013333333</dst>
            <dst id="HSTNng">14965.1653333333</dst>
            <dst id="IPLSng">34715.3733333333</dst>
            <dst id="KSCYng">17132.04</dst>
            <dst id="LOSAng">27179.4026666667</dst>
            <dst id="NYCMng">20805.8453333333</dst>
            <dst id="SNVAng">11265.0426666667</dst>
            <dst id="STTLng">10289.28</dst>
            <dst id="WASHng">39375.3333333333</dst>
        </src>
        <src id="HSTNng">
            <dst id="ATLA-M5">2615.70933333333</dst>
            <dst id="ATLAng">2450.29866666667</dst>
            <dst id="CHINng">19300.0053333333</dst>
            <dst id="DNVRng">2653.96</dst>
            <dst id="HSTNng">8836.28533333334</dst>
            <dst id="IPLSng">7710.69866666667</dst>
            <dst id="KSCYng">4878.44533333333</dst>
            <dst id="LOSAng">10076.6693333333</dst>
            <dst id="NYCMng">3656.69333333333</dst>
            <dst id="SNVAng">1312.70666666667</dst>
            <dst id="STTLng">1967.73066666667</dst>
            <dst id="WASHng">24168.912</dst>
        </src>
        <src id="IPLSng">
            <dst id="ATLA-M5">990.890666666667</dst>
            <dst id="ATLAng">14966.5333333333</dst>
            <dst id="CHINng">101286.789333333</dst>
            <dst id="DNVRng">32220.3626666667</dst>
            <dst id="HSTNng">12838.9546666667</dst>
            <dst id="IPLSng">29811.5013333333</dst>
            <dst id="KSCYng">10001.488</dst>
            <dst id="LOSAng">72102.4533333333</dst>
            <dst id="NYCMng">77189.6373333333</dst>
            <dst id="SNVAng">1814.82933333333</dst>
            <dst id="STTLng">6382.50666666667</dst>
            <dst id="WASHng">35637.4506666667</dst>
        </src>
        <src id="KSCYng">
            <dst id="ATLA-M5">340.989333333333</dst>
            <dst id="ATLAng">2307.14133333333</dst>
            <dst id="CHINng">18923.8506666667</dst>
            <dst id="DNVRng">11376.3413333333</dst>
            <dst id="HSTNng">3797.79466666667</dst>
            <dst id="IPLSng">12093.3466666667</dst>
            <dst id="KSCYng">7132.016</dst>
            <dst id="LOSAng">6675.66666666667</dst>
            <dst id="NYCMng">6066.18133333333</dst>
            <dst id="SNVAng">1086.25066666667</dst>
            <dst id="STTLng">1420.57066666667</dst>
            <dst id="WASHng">13929.248</dst>
        </src>
        <src id="LOSAng">
            <dst id="ATLA-M5">2853.616</dst>
            <dst id="ATLAng">17326.632</dst>
            <dst id="CHINng">1070469.22666667</dst>
            <dst id="DNVRng">16260.5866666667</dst>
            <dst id="HSTNng">15873.68</dst>
            <dst id="IPLSng">44358.3573333333</dst>
            <dst id="KSCYng">11644.2</dst>
            <dst id="LOSAng">12576.888</dst>
            <dst id="NYCMng">84714.1706666667</dst>
            <dst id="SNVAng">8509.02666666667</dst>
            <dst id="STTLng">19578.432</dst>
            <dst id="WASHng">90589.5653333333</dst>
        </src>
        <src id="NYCMng">
            <dst id="ATLA-M5">2343.04266666667</dst>
            <dst id="ATLAng">28462.3066666667</dst>
            <dst id="CHINng">53028.792</dst>
            <dst id="DNVRng">30030.224</dst>
            <dst id="HSTNng">20750.168</dst>
            <dst id="IPLSng">72603.5413333333</dst>
            <dst id="KSCYng">15453.1733333333</dst>
            <dst id="LOSAng">85264.44</dst>
            <dst id="NYCMng">179483.645333333</dst>
            <dst id="SNVAng">3325.92533333333</dst>
            <dst id="STTLng">19097.4266666667</dst>
            <dst id="WASHng">134051.544</dst>
        </src>
        <src id="SNVAng">
            <dst id="ATLA-M5">335.504</dst>
            <dst id="ATLAng">159.106666666667</dst>
            <dst id="CHINng">1189.58666666667</dst>
            <dst id="DNVRng">4666.032</dst>
            <dst id="HSTNng">505.013333333333</dst>
            <dst id="IPLSng">5293.2</dst>
            <dst id="KSCYng">4704.88266666667</dst>
            <dst id="LOSAng">32207.304</dst>
            <dst id="NYCMng">1366.29066666667</dst>
            <dst id="SNVAng">14955.7093333333</dst>
            <dst id="STTLng">51072.672</dst>
            <dst id="WASHng">225.725333333333</dst>
        </src>
        <src id="STTLng">
            <dst id="ATLA-M5">331.813333333333</dst>
            <dst id="ATLAng">8723.44266666667</dst>
            <dst id="CHINng">10437.5546666667</dst>
            <dst id="DNVRng">3120.65866666667</dst>
            <dst id="HSTNng">6478.344</dst>
            <dst id="IPLSng">7325.46133333333</dst>
            <dst id="KSCYng">2697.73866666667</dst>
            <dst id="LOSAng">21177.664</dst>
            <dst id="NYCMng">6161.37066666667</dst>
            <dst id="SNVAng">4258.02133333333</dst>
            <dst id="STTLng">4441.20533333333</dst>
            <dst id="WASHng">8240.21066666667</dst>
        </src>
        <src id="WASHng">
            <dst id="ATLA-M5">3466.68</dst>
            <dst id="ATLAng">66793.8506666667</dst>
            <dst id="CHINng">93592.056</dst>
            <dst id="DNVRng">58455.7946666667</dst>
            <dst id="HSTNng">23430.1386666667</dst>
            <dst id="IPLSng">47504.5333333333</dst>
            <dst id="KSCYng">25708.8133333333</dst>
            <dst id="LOSAng">118704.984</dst>
            <dst id="NYCMng">183067.92</dst>
            <dst id="SNVAng">4914.63733333333</dst>
            <dst id="STTLng">41888.9546666667</dst>
            <dst id="WASHng">346525.76</dst>
        </src>
    </IntraTM>
</TrafficMatrixFile>
