<?xml version="1.0" encoding="ISO-8859-1" standalone="yes"?>
<TrafficMatrixFile xsi:noNamespaceSchemaLocation="http://totem.run.montefiore.ulg.ac.be/Schema/TrafficMatrix-v1_2.xsd" xmlns:xsi="http://www.w3.org/2001/XMLSchema-instance">
    <IntraTM ASID="11537">
        <src id="ATLA-M5">
            <dst id="ATLA-M5">30.368</dst>
            <dst id="ATLAng">113.109333333333</dst>
            <dst id="CHINng">242.253333333333</dst>
            <dst id="DNVRng">53.3333333333333</dst>
            <dst id="HSTNng">141.133333333333</dst>
            <dst id="IPLSng">2823.36</dst>
            <dst id="KSCYng">53.3333333333333</dst>
            <dst id="LOSAng">147.125333333333</dst>
            <dst id="NYCMng">155.84</dst>
            <dst id="SNVAng">0</dst>
            <dst id="STTLng">53.3333333333333</dst>
            <dst id="WASHng">843.530666666667</dst>
        </src>
        <src id="ATLAng">
            <dst id="ATLA-M5">210.904</dst>
            <dst id="ATLAng">26633.9386666667</dst>
            <dst id="CHINng">16124.6693333333</dst>
            <dst id="DNVRng">2898.55466666667</dst>
            <dst id="HSTNng">1324.19466666667</dst>
            <dst id="IPLSng">13120.208</dst>
            <dst id="KSCYng">1879.32266666667</dst>
            <dst id="LOSAng">36346.1226666667</dst>
            <dst id="NYCMng">11067.0666666667</dst>
            <dst id="SNVAng">891.432</dst>
            <dst id="STTLng">5441.45333333333</dst>
            <dst id="WASHng">33876.7866666667</dst>
        </src>
        <src id="CHINng">
            <dst id="ATLA-M5">756.704</dst>
            <dst id="ATLAng">12320.5786666667</dst>
            <dst id="CHINng">113514.277333333</dst>
            <dst id="DNVRng">18099.0666666667</dst>
            <dst id="HSTNng">48236.5466666667</dst>
            <dst id="IPLSng">32011.8506666667</dst>
            <dst id="KSCYng">12738.224</dst>
            <dst id="LOSAng">45056.5866666667</dst>
            <dst id="NYCMng">17950.6426666667</dst>
            <dst id="SNVAng">1764.048</dst>
            <dst id="STTLng">11416.536</dst>
            <dst id="WASHng">30752.5333333333</dst>
        </src>
        <src id="DNVRng">
            <dst id="ATLA-M5">37.4266666666667</dst>
            <dst id="ATLAng">6600.88266666667</dst>
            <dst id="CHINng">72188.208</dst>
            <dst id="DNVRng">5158.58666666667</dst>
            <dst id="HSTNng">11892.792</dst>
            <dst id="IPLSng">33898.5146666667</dst>
            <dst id="KSCYng">9260.192</dst>
            <dst id="LOSAng">4884.03733333333</dst>
            <dst id="NYCMng">15823.5173333333</dst>
            <dst id="SNVAng">6275.73066666667</dst>
            <dst id="STTLng">6761.32266666667</dst>
            <dst id="WASHng">44721.712</dst>
        </src>
        <src id="HSTNng">
            <dst id="ATLA-M5">637.738666666667</dst>
            <dst id="ATLAng">3250.12</dst>
            <dst id="CHINng">23376.2826666667</dst>
            <dst id="DNVRng">2760.40266666667</dst>
            <dst id="HSTNng">5323.33333333333</dst>
            <dst id="IPLSng">1973.728</dst>
            <dst id="KSCYng">1379.83733333333</dst>
            <dst id="LOSAng">2755.78133333333</dst>
            <dst id="NYCMng">3057.26666666667</dst>
            <dst id="SNVAng">241.328</dst>
            <dst id="STTLng">1285.04266666667</dst>
            <dst id="WASHng">3160.78133333333</dst>
        </src>
        <src id="IPLSng">
            <dst id="ATLA-M5">598.893333333333</dst>
            <dst id="ATLAng">14525.7413333333</dst>
            <dst id="CHINng">81122.6293333333</dst>
            <dst id="DNVRng">34865.1893333333</dst>
            <dst id="HSTNng">1935.952</dst>
            <dst id="IPLSng">9050.888</dst>
            <dst id="KSCYng">6811.26133333333</dst>
            <dst id="LOSAng">26750.5093333333</dst>
            <dst id="NYCMng">26506.9466666667</dst>
            <dst id="SNVAng">1941.208</dst>
            <dst id="STTLng">20924.4746666667</dst>
            <dst id="WASHng">27374.5626666667</dst>
        </src>
        <src id="KSCYng">
            <dst id="ATLA-M5">53.3333333333333</dst>
            <dst id="ATLAng">2169.78666666667</dst>
            <dst id="CHINng">25441.448</dst>
            <dst id="DNVRng">14837.0746666667</dst>
            <dst id="HSTNng">3136.92266666667</dst>
            <dst id="IPLSng">15178.7626666667</dst>
            <dst id="KSCYng">7451.33866666667</dst>
            <dst id="LOSAng">6651.8</dst>
            <dst id="NYCMng">3575.54133333333</dst>
            <dst id="SNVAng">911.122666666667</dst>
            <dst id="STTLng">3038.2</dst>
            <dst id="WASHng">10739.776</dst>
        </src>
        <src id="LOSAng">
            <dst id="ATLA-M5">1650.048</dst>
            <dst id="ATLAng">10002.4106666667</dst>
            <dst id="CHINng">75408.856</dst>
            <dst id="DNVRng">5464.184</dst>
            <dst id="HSTNng">3520.37333333333</dst>
            <dst id="IPLSng">44738.624</dst>
            <dst id="KSCYng">7868.76533333333</dst>
            <dst id="LOSAng">10303.1493333333</dst>
            <dst id="NYCMng">47152.1493333333</dst>
            <dst id="SNVAng">7841.36533333333</dst>
            <dst id="STTLng">16531.768</dst>
            <dst id="WASHng">102100.888</dst>
        </src>
        <src id="NYCMng">
            <dst id="ATLA-M5">1692.87733333333</dst>
            <dst id="ATLAng">22917.448</dst>
            <dst id="CHINng">50875.4213333333</dst>
            <dst id="DNVRng">39535.7226666667</dst>
            <dst id="HSTNng">9845.16266666667</dst>
            <dst id="IPLSng">41965.9813333333</dst>
            <dst id="KSCYng">12569.888</dst>
            <dst id="LOSAng">46663.5626666667</dst>
            <dst id="NYCMng">127457.464</dst>
            <dst id="SNVAng">4145.752</dst>
            <dst id="STTLng">19366.536</dst>
            <dst id="WASHng">118988.861333333</dst>
        </src>
        <src id="SNVAng">
            <dst id="ATLA-M5">0</dst>
            <dst id="ATLAng">73.1626666666667</dst>
            <dst id="CHINng">2014.056</dst>
            <dst id="DNVRng">4550.62666666667</dst>
            <dst id="HSTNng">116</dst>
            <dst id="IPLSng">1616.58666666667</dst>
            <dst id="KSCYng">0</dst>
            <dst id="LOSAng">33923.8026666667</dst>
            <dst id="NYCMng">8740.92266666666</dst>
            <dst id="SNVAng">14109.52</dst>
            <dst id="STTLng">55217.792</dst>
            <dst id="WASHng">347.589333333333</dst>
        </src>
        <src id="STTLng">
            <dst id="ATLA-M5">100.610666666667</dst>
            <dst id="ATLAng">6656.17866666667</dst>
            <dst id="CHINng">12958.8186666667</dst>
            <dst id="DNVRng">1938.27733333333</dst>
            <dst id="HSTNng">9861.32</dst>
            <dst id="IPLSng">5942.60533333333</dst>
            <dst id="KSCYng">5887.784</dst>
            <dst id="LOSAng">12420.0933333333</dst>
            <dst id="NYCMng">7863.49066666667</dst>
            <dst id="SNVAng">1950.976</dst>
            <dst id="STTLng">2402.352</dst>
            <dst id="WASHng">5501.50133333333</dst>
        </src>
        <src id="WASHng">
            <dst id="ATLA-M5">830.578666666667</dst>
            <dst id="ATLAng">88919.152</dst>
            <dst id="CHINng">71161.264</dst>
            <dst id="DNVRng">47743.952</dst>
            <dst id="HSTNng">21911.0453333333</dst>
            <dst id="IPLSng">50980.936</dst>
            <dst id="KSCYng">19151.0586666667</dst>
            <dst id="LOSAng">106267.344</dst>
            <dst id="NYCMng">145142.002666667</dst>
            <dst id="SNVAng">1281.49866666667</dst>
            <dst id="STTLng">33490.832</dst>
            <dst id="WASHng">230453.930666667</dst>
        </src>
    </IntraTM>
</TrafficMatrixFile>
