<?xml version="1.0" encoding="ISO-8859-1" standalone="yes"?>
<TrafficMatrixFile xsi:noNamespaceSchemaLocation="http://totem.run.montefiore.ulg.ac.be/Schema/TrafficMatrix-v1_2.xsd" xmlns:xsi="http://www.w3.org/2001/XMLSchema-instance">
    <IntraTM ASID="11537">
        <src id="ATLA-M5">
            <dst id="ATLA-M5">50.2773333333333</dst>
            <dst id="ATLAng">105.333333333333</dst>
            <dst id="CHINng">336.781333333333</dst>
            <dst id="DNVRng">1198.616</dst>
            <dst id="HSTNng">298.093333333333</dst>
            <dst id="IPLSng">640.794666666667</dst>
            <dst id="KSCYng">103.205333333333</dst>
            <dst id="LOSAng">296.504</dst>
            <dst id="NYCMng">33.888</dst>
            <dst id="SNVAng">26.6666666666667</dst>
            <dst id="STTLng">0</dst>
            <dst id="WASHng">237.536</dst>
        </src>
        <src id="ATLAng">
            <dst id="ATLA-M5">83.6933333333333</dst>
            <dst id="ATLAng">26120.4133333333</dst>
            <dst id="CHINng">18473.24</dst>
            <dst id="DNVRng">5556.512</dst>
            <dst id="HSTNng">3405.89333333333</dst>
            <dst id="IPLSng">14752.5013333333</dst>
            <dst id="KSCYng">1152.21866666667</dst>
            <dst id="LOSAng">19561.0133333333</dst>
            <dst id="NYCMng">4997.39733333333</dst>
            <dst id="SNVAng">354.570666666667</dst>
            <dst id="STTLng">4288.64533333333</dst>
            <dst id="WASHng">29986.3573333333</dst>
        </src>
        <src id="CHINng">
            <dst id="ATLA-M5">1336.05866666667</dst>
            <dst id="ATLAng">8347.85333333333</dst>
            <dst id="CHINng">97004.9173333333</dst>
            <dst id="DNVRng">32986.8826666667</dst>
            <dst id="HSTNng">50204.4693333333</dst>
            <dst id="IPLSng">63510.0826666667</dst>
            <dst id="KSCYng">15223.9306666667</dst>
            <dst id="LOSAng">2045355.73333333</dst>
            <dst id="NYCMng">17480.632</dst>
            <dst id="SNVAng">2821.72533333333</dst>
            <dst id="STTLng">13672.4693333333</dst>
            <dst id="WASHng">34637.6293333333</dst>
        </src>
        <src id="DNVRng">
            <dst id="ATLA-M5">203.485333333333</dst>
            <dst id="ATLAng">6267.16533333333</dst>
            <dst id="CHINng">79022.84</dst>
            <dst id="DNVRng">15153.424</dst>
            <dst id="HSTNng">16913.2106666667</dst>
            <dst id="IPLSng">21758.5733333333</dst>
            <dst id="KSCYng">12113.848</dst>
            <dst id="LOSAng">7898.64266666667</dst>
            <dst id="NYCMng">15253.504</dst>
            <dst id="SNVAng">4276.89066666667</dst>
            <dst id="STTLng">10087.9173333333</dst>
            <dst id="WASHng">46444.824</dst>
        </src>
        <src id="HSTNng">
            <dst id="ATLA-M5">3797.97333333333</dst>
            <dst id="ATLAng">2473.56</dst>
            <dst id="CHINng">30297.368</dst>
            <dst id="DNVRng">1487.23466666667</dst>
            <dst id="HSTNng">3984.66666666667</dst>
            <dst id="IPLSng">4900.12533333333</dst>
            <dst id="KSCYng">3641.13066666667</dst>
            <dst id="LOSAng">40284.328</dst>
            <dst id="NYCMng">2106.63733333333</dst>
            <dst id="SNVAng">610.562666666667</dst>
            <dst id="STTLng">6521.752</dst>
            <dst id="WASHng">4747.88533333333</dst>
        </src>
        <src id="IPLSng">
            <dst id="ATLA-M5">1034.37066666667</dst>
            <dst id="ATLAng">12550.904</dst>
            <dst id="CHINng">105240.274666667</dst>
            <dst id="DNVRng">33811.8906666667</dst>
            <dst id="HSTNng">9170.88533333333</dst>
            <dst id="IPLSng">34923.9653333333</dst>
            <dst id="KSCYng">6070.55733333333</dst>
            <dst id="LOSAng">119994.832</dst>
            <dst id="NYCMng">37814.224</dst>
            <dst id="SNVAng">2802.67733333333</dst>
            <dst id="STTLng">8772.78933333334</dst>
            <dst id="WASHng">54248.8453333333</dst>
        </src>
        <src id="KSCYng">
            <dst id="ATLA-M5">558.005333333333</dst>
            <dst id="ATLAng">2006.45066666667</dst>
            <dst id="CHINng">18120.208</dst>
            <dst id="DNVRng">9652.01333333333</dst>
            <dst id="HSTNng">3063.68</dst>
            <dst id="IPLSng">15687.76</dst>
            <dst id="KSCYng">7280.8</dst>
            <dst id="LOSAng">5735.76533333333</dst>
            <dst id="NYCMng">13664.2933333333</dst>
            <dst id="SNVAng">271.861333333333</dst>
            <dst id="STTLng">1344.61066666667</dst>
            <dst id="WASHng">20254.9733333333</dst>
        </src>
        <src id="LOSAng">
            <dst id="ATLA-M5">1347.84</dst>
            <dst id="ATLAng">9263.64533333333</dst>
            <dst id="CHINng">1061383.68</dst>
            <dst id="DNVRng">13694.3706666667</dst>
            <dst id="HSTNng">6595.86666666667</dst>
            <dst id="IPLSng">27063.3653333333</dst>
            <dst id="KSCYng">11894.4266666667</dst>
            <dst id="LOSAng">14220.2826666667</dst>
            <dst id="NYCMng">56418.176</dst>
            <dst id="SNVAng">5928.41066666667</dst>
            <dst id="STTLng">30958.592</dst>
            <dst id="WASHng">96381.3253333333</dst>
        </src>
        <src id="NYCMng">
            <dst id="ATLA-M5">1576.17066666667</dst>
            <dst id="ATLAng">15163.632</dst>
            <dst id="CHINng">58151.4186666667</dst>
            <dst id="DNVRng">34643.336</dst>
            <dst id="HSTNng">11214.0213333333</dst>
            <dst id="IPLSng">51391.5093333333</dst>
            <dst id="KSCYng">9741.83733333333</dst>
            <dst id="LOSAng">91784.288</dst>
            <dst id="NYCMng">138424.066666667</dst>
            <dst id="SNVAng">5827.152</dst>
            <dst id="STTLng">29284.9573333333</dst>
            <dst id="WASHng">97984.4853333333</dst>
        </src>
        <src id="SNVAng">
            <dst id="ATLA-M5">251.272</dst>
            <dst id="ATLAng">53.3333333333333</dst>
            <dst id="CHINng">2898.23466666667</dst>
            <dst id="DNVRng">1331.136</dst>
            <dst id="HSTNng">736.232</dst>
            <dst id="IPLSng">828.381333333333</dst>
            <dst id="KSCYng">4856.30133333333</dst>
            <dst id="LOSAng">33225.6346666667</dst>
            <dst id="NYCMng">681.269333333333</dst>
            <dst id="SNVAng">13105.1333333333</dst>
            <dst id="STTLng">48749.4133333333</dst>
            <dst id="WASHng">335.914666666667</dst>
        </src>
        <src id="STTLng">
            <dst id="ATLA-M5">290.421333333333</dst>
            <dst id="ATLAng">5759.41866666667</dst>
            <dst id="CHINng">19689.0986666667</dst>
            <dst id="DNVRng">11481.6053333333</dst>
            <dst id="HSTNng">4941.32266666667</dst>
            <dst id="IPLSng">7597.17066666667</dst>
            <dst id="KSCYng">2907.06133333333</dst>
            <dst id="LOSAng">19189.92</dst>
            <dst id="NYCMng">6344.86133333333</dst>
            <dst id="SNVAng">4081.248</dst>
            <dst id="STTLng">3022.352</dst>
            <dst id="WASHng">8109.184</dst>
        </src>
        <src id="WASHng">
            <dst id="ATLA-M5">1910.00266666667</dst>
            <dst id="ATLAng">62548.4693333333</dst>
            <dst id="CHINng">79440.416</dst>
            <dst id="DNVRng">55697.4186666667</dst>
            <dst id="HSTNng">14536.5866666667</dst>
            <dst id="IPLSng">57162.28</dst>
            <dst id="KSCYng">23322.9226666667</dst>
            <dst id="LOSAng">110704.816</dst>
            <dst id="NYCMng">174566.461333333</dst>
            <dst id="SNVAng">6068.096</dst>
            <dst id="STTLng">33706.632</dst>
            <dst id="WASHng">219643.16</dst>
        </src>
    </IntraTM>
</TrafficMatrixFile>
