<?xml version="1.0" encoding="ISO-8859-1" standalone="yes"?>
<TrafficMatrixFile xsi:noNamespaceSchemaLocation="http://totem.run.montefiore.ulg.ac.be/Schema/TrafficMatrix-v1_2.xsd" xmlns:xsi="http://www.w3.org/2001/XMLSchema-instance">
    <IntraTM ASID="11537">
        <src id="ATLA-M5">
            <dst id="ATLA-M5">26.6666666666667</dst>
            <dst id="ATLAng">207.229333333333</dst>
            <dst id="CHINng">168.042666666667</dst>
            <dst id="DNVRng">0</dst>
            <dst id="HSTNng">121.210666666667</dst>
            <dst id="IPLSng">687.528</dst>
            <dst id="KSCYng">236.234666666667</dst>
            <dst id="LOSAng">243.722666666667</dst>
            <dst id="NYCMng">53.3333333333333</dst>
            <dst id="SNVAng">0</dst>
            <dst id="STTLng">36.2373333333333</dst>
            <dst id="WASHng">451.688</dst>
        </src>
        <src id="ATLAng">
            <dst id="ATLA-M5">322.424</dst>
            <dst id="ATLAng">26465.6773333333</dst>
            <dst id="CHINng">11588.6773333333</dst>
            <dst id="DNVRng">5955.71466666667</dst>
            <dst id="HSTNng">4785.97066666667</dst>
            <dst id="IPLSng">13530.7253333333</dst>
            <dst id="KSCYng">1102.05333333333</dst>
            <dst id="LOSAng">16428.4346666667</dst>
            <dst id="NYCMng">7783.54933333333</dst>
            <dst id="SNVAng">211.648</dst>
            <dst id="STTLng">4558.57866666667</dst>
            <dst id="WASHng">32436.4053333333</dst>
        </src>
        <src id="CHINng">
            <dst id="ATLA-M5">338.288</dst>
            <dst id="ATLAng">29358.5226666667</dst>
            <dst id="CHINng">93878.7093333334</dst>
            <dst id="DNVRng">14519.9253333333</dst>
            <dst id="HSTNng">47237.4693333333</dst>
            <dst id="IPLSng">40089.2613333333</dst>
            <dst id="KSCYng">9599.77066666667</dst>
            <dst id="LOSAng">39208.4533333333</dst>
            <dst id="NYCMng">19170.24</dst>
            <dst id="SNVAng">2063.464</dst>
            <dst id="STTLng">19344.0906666667</dst>
            <dst id="WASHng">25397.9893333333</dst>
        </src>
        <src id="DNVRng">
            <dst id="ATLA-M5">185.546666666667</dst>
            <dst id="ATLAng">2726.51466666667</dst>
            <dst id="CHINng">85906.872</dst>
            <dst id="DNVRng">10898.0213333333</dst>
            <dst id="HSTNng">20269.8186666667</dst>
            <dst id="IPLSng">20650.192</dst>
            <dst id="KSCYng">23778.08</dst>
            <dst id="LOSAng">4475.89866666667</dst>
            <dst id="NYCMng">15715.5653333333</dst>
            <dst id="SNVAng">8853.16266666667</dst>
            <dst id="STTLng">16166.6613333333</dst>
            <dst id="WASHng">40929.3653333333</dst>
        </src>
        <src id="HSTNng">
            <dst id="ATLA-M5">5337.13066666667</dst>
            <dst id="ATLAng">3790.84266666667</dst>
            <dst id="CHINng">16391.8133333333</dst>
            <dst id="DNVRng">1521.32266666667</dst>
            <dst id="HSTNng">3305.632</dst>
            <dst id="IPLSng">3587.848</dst>
            <dst id="KSCYng">792.010666666667</dst>
            <dst id="LOSAng">2567.25333333333</dst>
            <dst id="NYCMng">4140.568</dst>
            <dst id="SNVAng">158.741333333333</dst>
            <dst id="STTLng">1919.02933333333</dst>
            <dst id="WASHng">2471.872</dst>
        </src>
        <src id="IPLSng">
            <dst id="ATLA-M5">371.8</dst>
            <dst id="ATLAng">12628.608</dst>
            <dst id="CHINng">99141.336</dst>
            <dst id="DNVRng">6153.13866666667</dst>
            <dst id="HSTNng">4655.74933333333</dst>
            <dst id="IPLSng">10832.856</dst>
            <dst id="KSCYng">4012.71733333333</dst>
            <dst id="LOSAng">26098.816</dst>
            <dst id="NYCMng">37369.464</dst>
            <dst id="SNVAng">1123.376</dst>
            <dst id="STTLng">8523.45333333333</dst>
            <dst id="WASHng">44187.4373333333</dst>
        </src>
        <src id="KSCYng">
            <dst id="ATLA-M5">61.632</dst>
            <dst id="ATLAng">1883.232</dst>
            <dst id="CHINng">27797.8346666667</dst>
            <dst id="DNVRng">9447.27466666667</dst>
            <dst id="HSTNng">3340.37066666667</dst>
            <dst id="IPLSng">8398.91466666667</dst>
            <dst id="KSCYng">8649.23466666667</dst>
            <dst id="LOSAng">4049.91733333333</dst>
            <dst id="NYCMng">4424.08266666667</dst>
            <dst id="SNVAng">30.512</dst>
            <dst id="STTLng">1564.38933333333</dst>
            <dst id="WASHng">18085.5653333333</dst>
        </src>
        <src id="LOSAng">
            <dst id="ATLA-M5">509.853333333333</dst>
            <dst id="ATLAng">9971.31733333333</dst>
            <dst id="CHINng">76148.712</dst>
            <dst id="DNVRng">3801.38133333333</dst>
            <dst id="HSTNng">6099.08266666667</dst>
            <dst id="IPLSng">20842.624</dst>
            <dst id="KSCYng">5746.072</dst>
            <dst id="LOSAng">13256.7253333333</dst>
            <dst id="NYCMng">46333.9253333333</dst>
            <dst id="SNVAng">5931.336</dst>
            <dst id="STTLng">30414.808</dst>
            <dst id="WASHng">73604.5733333333</dst>
        </src>
        <src id="NYCMng">
            <dst id="ATLA-M5">1088.056</dst>
            <dst id="ATLAng">17799.1573333333</dst>
            <dst id="CHINng">39155.5866666667</dst>
            <dst id="DNVRng">29722.5786666667</dst>
            <dst id="HSTNng">8427.51466666667</dst>
            <dst id="IPLSng">21931.6053333333</dst>
            <dst id="KSCYng">10977.4533333333</dst>
            <dst id="LOSAng">54377.784</dst>
            <dst id="NYCMng">125431.266666667</dst>
            <dst id="SNVAng">2252.44</dst>
            <dst id="STTLng">22654.8853333333</dst>
            <dst id="WASHng">79976.1386666667</dst>
        </src>
        <src id="SNVAng">
            <dst id="ATLA-M5">0</dst>
            <dst id="ATLAng">80</dst>
            <dst id="CHINng">1164.864</dst>
            <dst id="DNVRng">10243.408</dst>
            <dst id="HSTNng">108.344</dst>
            <dst id="IPLSng">1116.792</dst>
            <dst id="KSCYng">120.96</dst>
            <dst id="LOSAng">31878.4826666667</dst>
            <dst id="NYCMng">1180.16</dst>
            <dst id="SNVAng">11811.6293333333</dst>
            <dst id="STTLng">48454.032</dst>
            <dst id="WASHng">337.085333333333</dst>
        </src>
        <src id="STTLng">
            <dst id="ATLA-M5">178.461333333333</dst>
            <dst id="ATLAng">5461.97866666667</dst>
            <dst id="CHINng">20460.0773333333</dst>
            <dst id="DNVRng">1899.048</dst>
            <dst id="HSTNng">3195.24</dst>
            <dst id="IPLSng">6996.784</dst>
            <dst id="KSCYng">2549.95466666667</dst>
            <dst id="LOSAng">18856.7786666667</dst>
            <dst id="NYCMng">6293.27466666667</dst>
            <dst id="SNVAng">3306.15466666667</dst>
            <dst id="STTLng">5487.296</dst>
            <dst id="WASHng">16106.0533333333</dst>
        </src>
        <src id="WASHng">
            <dst id="ATLA-M5">805.757333333333</dst>
            <dst id="ATLAng">58098.792</dst>
            <dst id="CHINng">69036.184</dst>
            <dst id="DNVRng">68944.6746666667</dst>
            <dst id="HSTNng">11207.1333333333</dst>
            <dst id="IPLSng">56656.7813333334</dst>
            <dst id="KSCYng">11434.2266666667</dst>
            <dst id="LOSAng">86325.0933333333</dst>
            <dst id="NYCMng">147288.442666667</dst>
            <dst id="SNVAng">4124.76533333333</dst>
            <dst id="STTLng">24627.6293333333</dst>
            <dst id="WASHng">221291.016</dst>
        </src>
    </IntraTM>
</TrafficMatrixFile>
