<?xml version="1.0" encoding="ISO-8859-1" standalone="yes"?>
<TrafficMatrixFile xsi:noNamespaceSchemaLocation="http://totem.run.montefiore.ulg.ac.be/Schema/TrafficMatrix-v1_2.xsd" xmlns:xsi="http://www.w3.org/2001/XMLSchema-instance">
    <IntraTM ASID="11537">
        <src id="ATLA-M5">
            <dst id="ATLA-M5">91.072</dst>
            <dst id="ATLAng">0</dst>
            <dst id="CHINng">245.258666666667</dst>
            <dst id="DNVRng">26.6666666666667</dst>
            <dst id="HSTNng">401.144</dst>
            <dst id="IPLSng">1243.10933333333</dst>
            <dst id="KSCYng">26.6666666666667</dst>
            <dst id="LOSAng">53.3333333333333</dst>
            <dst id="NYCMng">26.6666666666667</dst>
            <dst id="SNVAng">0</dst>
            <dst id="STTLng">137.050666666667</dst>
            <dst id="WASHng">296.248</dst>
        </src>
        <src id="ATLAng">
            <dst id="ATLA-M5">211.938666666667</dst>
            <dst id="ATLAng">28644.6613333333</dst>
            <dst id="CHINng">14660.1786666667</dst>
            <dst id="DNVRng">4455.77866666667</dst>
            <dst id="HSTNng">5178.76533333333</dst>
            <dst id="IPLSng">14596.1973333333</dst>
            <dst id="KSCYng">1394.81866666667</dst>
            <dst id="LOSAng">20137.9733333333</dst>
            <dst id="NYCMng">4204.51733333333</dst>
            <dst id="SNVAng">1055.42133333333</dst>
            <dst id="STTLng">6338.95466666667</dst>
            <dst id="WASHng">39804.6773333333</dst>
        </src>
        <src id="CHINng">
            <dst id="ATLA-M5">1083.92533333333</dst>
            <dst id="ATLAng">12190.3173333333</dst>
            <dst id="CHINng">104701.098666667</dst>
            <dst id="DNVRng">22911.8</dst>
            <dst id="HSTNng">49160.2533333333</dst>
            <dst id="IPLSng">49880.6346666667</dst>
            <dst id="KSCYng">11035.1306666667</dst>
            <dst id="LOSAng">71801.0373333333</dst>
            <dst id="NYCMng">16485.2213333333</dst>
            <dst id="SNVAng">4052.73866666667</dst>
            <dst id="STTLng">13378.1546666667</dst>
            <dst id="WASHng">20282.1866666667</dst>
        </src>
        <src id="DNVRng">
            <dst id="ATLA-M5">96.488</dst>
            <dst id="ATLAng">2438.70933333333</dst>
            <dst id="CHINng">82238.7573333333</dst>
            <dst id="DNVRng">20804.776</dst>
            <dst id="HSTNng">16387.5866666667</dst>
            <dst id="IPLSng">34274.752</dst>
            <dst id="KSCYng">20999.7386666667</dst>
            <dst id="LOSAng">4489.82133333333</dst>
            <dst id="NYCMng">14456.4106666667</dst>
            <dst id="SNVAng">5857.87466666667</dst>
            <dst id="STTLng">14646.632</dst>
            <dst id="WASHng">43861.096</dst>
        </src>
        <src id="HSTNng">
            <dst id="ATLA-M5">4754.304</dst>
            <dst id="ATLAng">1401.74933333333</dst>
            <dst id="CHINng">18543.4293333333</dst>
            <dst id="DNVRng">2979.73333333333</dst>
            <dst id="HSTNng">3539.78666666667</dst>
            <dst id="IPLSng">4324.456</dst>
            <dst id="KSCYng">1676.704</dst>
            <dst id="LOSAng">5577.34133333333</dst>
            <dst id="NYCMng">3147.744</dst>
            <dst id="SNVAng">1180.68</dst>
            <dst id="STTLng">3372.85333333333</dst>
            <dst id="WASHng">5133.10133333333</dst>
        </src>
        <src id="IPLSng">
            <dst id="ATLA-M5">1105.02933333333</dst>
            <dst id="ATLAng">14051.7093333333</dst>
            <dst id="CHINng">91683.8773333333</dst>
            <dst id="DNVRng">16691.4293333333</dst>
            <dst id="HSTNng">6027.26933333333</dst>
            <dst id="IPLSng">32491.888</dst>
            <dst id="KSCYng">5119.95466666667</dst>
            <dst id="LOSAng">52595.112</dst>
            <dst id="NYCMng">35081.9306666667</dst>
            <dst id="SNVAng">1424.128</dst>
            <dst id="STTLng">12589.8026666667</dst>
            <dst id="WASHng">41916.4506666667</dst>
        </src>
        <src id="KSCYng">
            <dst id="ATLA-M5">469.997333333333</dst>
            <dst id="ATLAng">1749.85066666667</dst>
            <dst id="CHINng">26768.992</dst>
            <dst id="DNVRng">9517.504</dst>
            <dst id="HSTNng">3067.14933333333</dst>
            <dst id="IPLSng">9254.16266666667</dst>
            <dst id="KSCYng">8321.62666666667</dst>
            <dst id="LOSAng">5376.144</dst>
            <dst id="NYCMng">3084.04266666667</dst>
            <dst id="SNVAng">708.008</dst>
            <dst id="STTLng">2508.22666666667</dst>
            <dst id="WASHng">16449.0213333333</dst>
        </src>
        <src id="LOSAng">
            <dst id="ATLA-M5">1856.62666666667</dst>
            <dst id="ATLAng">21698.304</dst>
            <dst id="CHINng">74888.0933333333</dst>
            <dst id="DNVRng">8804.09066666667</dst>
            <dst id="HSTNng">12858.6853333333</dst>
            <dst id="IPLSng">19322.0186666667</dst>
            <dst id="KSCYng">9891.98933333333</dst>
            <dst id="LOSAng">13199.5386666667</dst>
            <dst id="NYCMng">45948.7386666667</dst>
            <dst id="SNVAng">7635.912</dst>
            <dst id="STTLng">24509.256</dst>
            <dst id="WASHng">73248.264</dst>
        </src>
        <src id="NYCMng">
            <dst id="ATLA-M5">2596.48266666667</dst>
            <dst id="ATLAng">14915.8986666667</dst>
            <dst id="CHINng">46297.4026666667</dst>
            <dst id="DNVRng">28509.1546666667</dst>
            <dst id="HSTNng">12849.0106666667</dst>
            <dst id="IPLSng">33688.32</dst>
            <dst id="KSCYng">13866.1306666667</dst>
            <dst id="LOSAng">69209.8426666667</dst>
            <dst id="NYCMng">105895.424</dst>
            <dst id="SNVAng">5446.81333333333</dst>
            <dst id="STTLng">25684.7973333333</dst>
            <dst id="WASHng">89092.5813333333</dst>
        </src>
        <src id="SNVAng">
            <dst id="ATLA-M5">129.624</dst>
            <dst id="ATLAng">166.04</dst>
            <dst id="CHINng">1200.056</dst>
            <dst id="DNVRng">10632.9386666667</dst>
            <dst id="HSTNng">191.056</dst>
            <dst id="IPLSng">330.621333333333</dst>
            <dst id="KSCYng">3359.14933333333</dst>
            <dst id="LOSAng">29588.9653333333</dst>
            <dst id="NYCMng">277.178666666667</dst>
            <dst id="SNVAng">12702.8426666667</dst>
            <dst id="STTLng">50012.7946666667</dst>
            <dst id="WASHng">216.064</dst>
        </src>
        <src id="STTLng">
            <dst id="ATLA-M5">418.410666666667</dst>
            <dst id="ATLAng">5819.52533333333</dst>
            <dst id="CHINng">13246.4026666667</dst>
            <dst id="DNVRng">4147.66666666667</dst>
            <dst id="HSTNng">3714.77333333333</dst>
            <dst id="IPLSng">4878.21066666667</dst>
            <dst id="KSCYng">2477.33866666667</dst>
            <dst id="LOSAng">14836.8266666667</dst>
            <dst id="NYCMng">6669.83733333333</dst>
            <dst id="SNVAng">3811.62666666667</dst>
            <dst id="STTLng">5442.57866666667</dst>
            <dst id="WASHng">7814.32266666667</dst>
        </src>
        <src id="WASHng">
            <dst id="ATLA-M5">1857.976</dst>
            <dst id="ATLAng">58961.064</dst>
            <dst id="CHINng">71131.472</dst>
            <dst id="DNVRng">60681.4773333333</dst>
            <dst id="HSTNng">7054.504</dst>
            <dst id="IPLSng">59943.1226666667</dst>
            <dst id="KSCYng">13929.6533333333</dst>
            <dst id="LOSAng">91361.6266666667</dst>
            <dst id="NYCMng">164255.528</dst>
            <dst id="SNVAng">4456.17066666667</dst>
            <dst id="STTLng">31448.8106666667</dst>
            <dst id="WASHng">214586.242666667</dst>
        </src>
    </IntraTM>
</TrafficMatrixFile>
