<?xml version="1.0" encoding="ISO-8859-1" standalone="yes"?>
<TrafficMatrixFile xsi:noNamespaceSchemaLocation="http://totem.run.montefiore.ulg.ac.be/Schema/TrafficMatrix-v1_2.xsd" xmlns:xsi="http://www.w3.org/2001/XMLSchema-instance">
    <IntraTM ASID="11537">
        <src id="ATLA-M5">
            <dst id="ATLA-M5">145.202666666667</dst>
            <dst id="ATLAng">209.032</dst>
            <dst id="CHINng">1203.63733333333</dst>
            <dst id="DNVRng">125.994666666667</dst>
            <dst id="HSTNng">238.858666666667</dst>
            <dst id="IPLSng">2757.36</dst>
            <dst id="KSCYng">1683.91733333333</dst>
            <dst id="LOSAng">556.882666666667</dst>
            <dst id="NYCMng">494.738666666667</dst>
            <dst id="SNVAng">0</dst>
            <dst id="STTLng">106.592</dst>
            <dst id="WASHng">1235.95733333333</dst>
        </src>
        <src id="ATLAng">
            <dst id="ATLA-M5">657.336</dst>
            <dst id="ATLAng">23681.712</dst>
            <dst id="CHINng">31139.4346666667</dst>
            <dst id="DNVRng">7111.376</dst>
            <dst id="HSTNng">2808.192</dst>
            <dst id="IPLSng">25841.12</dst>
            <dst id="KSCYng">6745.84533333333</dst>
            <dst id="LOSAng">22041.1573333333</dst>
            <dst id="NYCMng">13221.384</dst>
            <dst id="SNVAng">1591.96533333333</dst>
            <dst id="STTLng">7086.72266666667</dst>
            <dst id="WASHng">34262.3893333333</dst>
        </src>
        <src id="CHINng">
            <dst id="ATLA-M5">1542.768</dst>
            <dst id="ATLAng">44243.0133333333</dst>
            <dst id="CHINng">96874.1306666667</dst>
            <dst id="DNVRng">27052.0293333333</dst>
            <dst id="HSTNng">15394.9306666667</dst>
            <dst id="IPLSng">50395.808</dst>
            <dst id="KSCYng">21022.0533333333</dst>
            <dst id="LOSAng">79149.5946666667</dst>
            <dst id="NYCMng">23764.8</dst>
            <dst id="SNVAng">8533.144</dst>
            <dst id="STTLng">16349.7413333333</dst>
            <dst id="WASHng">41291.1866666667</dst>
        </src>
        <src id="DNVRng">
            <dst id="ATLA-M5">913.624</dst>
            <dst id="ATLAng">5192.05066666667</dst>
            <dst id="CHINng">66959.2373333333</dst>
            <dst id="DNVRng">14522.1946666667</dst>
            <dst id="HSTNng">17403.1253333333</dst>
            <dst id="IPLSng">31857.288</dst>
            <dst id="KSCYng">15553.808</dst>
            <dst id="LOSAng">6416.86133333333</dst>
            <dst id="NYCMng">18509.3653333333</dst>
            <dst id="SNVAng">11971.5813333333</dst>
            <dst id="STTLng">15108.6186666667</dst>
            <dst id="WASHng">65091.12</dst>
        </src>
        <src id="HSTNng">
            <dst id="ATLA-M5">3889.23733333333</dst>
            <dst id="ATLAng">4759.77066666667</dst>
            <dst id="CHINng">20671.728</dst>
            <dst id="DNVRng">3306.36266666667</dst>
            <dst id="HSTNng">7434.03466666667</dst>
            <dst id="IPLSng">7577.94666666667</dst>
            <dst id="KSCYng">4755.92533333333</dst>
            <dst id="LOSAng">16917.6533333333</dst>
            <dst id="NYCMng">5699.30133333333</dst>
            <dst id="SNVAng">2063.35733333333</dst>
            <dst id="STTLng">1759.50933333333</dst>
            <dst id="WASHng">23700.112</dst>
        </src>
        <src id="IPLSng">
            <dst id="ATLA-M5">1873.09066666667</dst>
            <dst id="ATLAng">30585.6586666667</dst>
            <dst id="CHINng">113897.858666667</dst>
            <dst id="DNVRng">15985.4373333333</dst>
            <dst id="HSTNng">8917.26933333333</dst>
            <dst id="IPLSng">31557.0373333333</dst>
            <dst id="KSCYng">15693.5173333333</dst>
            <dst id="LOSAng">45326.856</dst>
            <dst id="NYCMng">57744.7253333333</dst>
            <dst id="SNVAng">4589.432</dst>
            <dst id="STTLng">12240.3333333333</dst>
            <dst id="WASHng">40220.7253333333</dst>
        </src>
        <src id="KSCYng">
            <dst id="ATLA-M5">291.333333333333</dst>
            <dst id="ATLAng">2987.60266666667</dst>
            <dst id="CHINng">24756.264</dst>
            <dst id="DNVRng">23561.7306666667</dst>
            <dst id="HSTNng">3984.90133333333</dst>
            <dst id="IPLSng">16231.0613333333</dst>
            <dst id="KSCYng">8692.704</dst>
            <dst id="LOSAng">8639.03466666667</dst>
            <dst id="NYCMng">7432.29066666667</dst>
            <dst id="SNVAng">605.256</dst>
            <dst id="STTLng">2641.82933333333</dst>
            <dst id="WASHng">22082.504</dst>
        </src>
        <src id="LOSAng">
            <dst id="ATLA-M5">1325.53866666667</dst>
            <dst id="ATLAng">36632.7306666667</dst>
            <dst id="CHINng">93621.104</dst>
            <dst id="DNVRng">15003.0293333333</dst>
            <dst id="HSTNng">8515.25866666667</dst>
            <dst id="IPLSng">53679.816</dst>
            <dst id="KSCYng">12474.4746666667</dst>
            <dst id="LOSAng">15117.3066666667</dst>
            <dst id="NYCMng">58461.2133333333</dst>
            <dst id="SNVAng">9293.54666666667</dst>
            <dst id="STTLng">33451.6106666667</dst>
            <dst id="WASHng">109396.218666667</dst>
        </src>
        <src id="NYCMng">
            <dst id="ATLA-M5">3307.408</dst>
            <dst id="ATLAng">35666.5226666667</dst>
            <dst id="CHINng">64649.9786666666</dst>
            <dst id="DNVRng">34318.8106666667</dst>
            <dst id="HSTNng">21822.7573333333</dst>
            <dst id="IPLSng">52525.9226666667</dst>
            <dst id="KSCYng">22099.6533333333</dst>
            <dst id="LOSAng">80139.9093333333</dst>
            <dst id="NYCMng">194923.952</dst>
            <dst id="SNVAng">6830.68266666667</dst>
            <dst id="STTLng">29086.464</dst>
            <dst id="WASHng">124548.621333333</dst>
        </src>
        <src id="SNVAng">
            <dst id="ATLA-M5">30.6453333333333</dst>
            <dst id="ATLAng">398.634666666667</dst>
            <dst id="CHINng">1751.304</dst>
            <dst id="DNVRng">11806.256</dst>
            <dst id="HSTNng">721.578666666667</dst>
            <dst id="IPLSng">820.24</dst>
            <dst id="KSCYng">239.813333333333</dst>
            <dst id="LOSAng">57177.7573333333</dst>
            <dst id="NYCMng">730.192</dst>
            <dst id="SNVAng">22814.92</dst>
            <dst id="STTLng">63312.4693333333</dst>
            <dst id="WASHng">1433.41333333333</dst>
        </src>
        <src id="STTLng">
            <dst id="ATLA-M5">245.306666666667</dst>
            <dst id="ATLAng">7639.488</dst>
            <dst id="CHINng">15719.2773333333</dst>
            <dst id="DNVRng">5885.30133333333</dst>
            <dst id="HSTNng">8200.472</dst>
            <dst id="IPLSng">7031.624</dst>
            <dst id="KSCYng">3287.152</dst>
            <dst id="LOSAng">24267.4186666667</dst>
            <dst id="NYCMng">8074.97066666667</dst>
            <dst id="SNVAng">4501.29866666667</dst>
            <dst id="STTLng">3770.36533333333</dst>
            <dst id="WASHng">8149.17333333333</dst>
        </src>
        <src id="WASHng">
            <dst id="ATLA-M5">1559.288</dst>
            <dst id="ATLAng">88751.6986666667</dst>
            <dst id="CHINng">79742.5146666667</dst>
            <dst id="DNVRng">65052.632</dst>
            <dst id="HSTNng">30125.536</dst>
            <dst id="IPLSng">52199.304</dst>
            <dst id="KSCYng">28275.9066666667</dst>
            <dst id="LOSAng">132844.677333333</dst>
            <dst id="NYCMng">174132.504</dst>
            <dst id="SNVAng">2176.74933333333</dst>
            <dst id="STTLng">32410.84</dst>
            <dst id="WASHng">233943.184</dst>
        </src>
    </IntraTM>
</TrafficMatrixFile>
