<?xml version="1.0" encoding="ISO-8859-1" standalone="yes"?>
<TrafficMatrixFile xsi:noNamespaceSchemaLocation="http://totem.run.montefiore.ulg.ac.be/Schema/TrafficMatrix-v1_2.xsd" xmlns:xsi="http://www.w3.org/2001/XMLSchema-instance">
    <IntraTM ASID="11537">
        <src id="ATLA-M5">
            <dst id="ATLA-M5">60.6293333333333</dst>
            <dst id="ATLAng">106.666666666667</dst>
            <dst id="CHINng">322.053333333333</dst>
            <dst id="DNVRng">143.397333333333</dst>
            <dst id="HSTNng">134.773333333333</dst>
            <dst id="IPLSng">941.589333333333</dst>
            <dst id="KSCYng">87.7733333333333</dst>
            <dst id="LOSAng">618.402666666667</dst>
            <dst id="NYCMng">26.6666666666667</dst>
            <dst id="SNVAng">174.901333333333</dst>
            <dst id="STTLng">108.189333333333</dst>
            <dst id="WASHng">186.666666666667</dst>
        </src>
        <src id="ATLAng">
            <dst id="ATLA-M5">201.650666666667</dst>
            <dst id="ATLAng">27724.5386666667</dst>
            <dst id="CHINng">15569.4986666667</dst>
            <dst id="DNVRng">4112.65066666667</dst>
            <dst id="HSTNng">5186.31466666667</dst>
            <dst id="IPLSng">13324.904</dst>
            <dst id="KSCYng">1477.032</dst>
            <dst id="LOSAng">17811.0906666667</dst>
            <dst id="NYCMng">3865.72533333333</dst>
            <dst id="SNVAng">1214.05866666667</dst>
            <dst id="STTLng">6107.28533333333</dst>
            <dst id="WASHng">38233.888</dst>
        </src>
        <src id="CHINng">
            <dst id="ATLA-M5">837.442666666667</dst>
            <dst id="ATLAng">11832.784</dst>
            <dst id="CHINng">115523.768</dst>
            <dst id="DNVRng">23551.408</dst>
            <dst id="HSTNng">49159.4426666667</dst>
            <dst id="IPLSng">40661.7866666667</dst>
            <dst id="KSCYng">12627.4453333333</dst>
            <dst id="LOSAng">74073.8373333333</dst>
            <dst id="NYCMng">16301.3253333333</dst>
            <dst id="SNVAng">3008.472</dst>
            <dst id="STTLng">12404.7226666667</dst>
            <dst id="WASHng">19313.6506666667</dst>
        </src>
        <src id="DNVRng">
            <dst id="ATLA-M5">264.986666666667</dst>
            <dst id="ATLAng">3603.408</dst>
            <dst id="CHINng">78795.872</dst>
            <dst id="DNVRng">13161.7013333333</dst>
            <dst id="HSTNng">14875.0106666667</dst>
            <dst id="IPLSng">35469.1893333333</dst>
            <dst id="KSCYng">7333.144</dst>
            <dst id="LOSAng">2097.01066666667</dst>
            <dst id="NYCMng">11016.9253333333</dst>
            <dst id="SNVAng">6022.98666666667</dst>
            <dst id="STTLng">6309.064</dst>
            <dst id="WASHng">42549.44</dst>
        </src>
        <src id="HSTNng">
            <dst id="ATLA-M5">516.232</dst>
            <dst id="ATLAng">1254.016</dst>
            <dst id="CHINng">18252.6373333333</dst>
            <dst id="DNVRng">1544.90133333333</dst>
            <dst id="HSTNng">3744.304</dst>
            <dst id="IPLSng">3423.824</dst>
            <dst id="KSCYng">1668.81333333333</dst>
            <dst id="LOSAng">4883.12266666667</dst>
            <dst id="NYCMng">3977.52266666667</dst>
            <dst id="SNVAng">1026.14133333333</dst>
            <dst id="STTLng">3956.57333333333</dst>
            <dst id="WASHng">4608.856</dst>
        </src>
        <src id="IPLSng">
            <dst id="ATLA-M5">1257.00533333333</dst>
            <dst id="ATLAng">16103.2986666667</dst>
            <dst id="CHINng">88668.944</dst>
            <dst id="DNVRng">12659.7146666667</dst>
            <dst id="HSTNng">7194.304</dst>
            <dst id="IPLSng">29648.3466666667</dst>
            <dst id="KSCYng">5654.76266666667</dst>
            <dst id="LOSAng">44860.64</dst>
            <dst id="NYCMng">30769.8506666667</dst>
            <dst id="SNVAng">1394.664</dst>
            <dst id="STTLng">14494.864</dst>
            <dst id="WASHng">46308.9013333333</dst>
        </src>
        <src id="KSCYng">
            <dst id="ATLA-M5">203.106666666667</dst>
            <dst id="ATLAng">2369.312</dst>
            <dst id="CHINng">24346.1066666667</dst>
            <dst id="DNVRng">10206.776</dst>
            <dst id="HSTNng">3193.528</dst>
            <dst id="IPLSng">11633.104</dst>
            <dst id="KSCYng">6799.38933333333</dst>
            <dst id="LOSAng">3971.71733333333</dst>
            <dst id="NYCMng">3091.62933333333</dst>
            <dst id="SNVAng">864.568</dst>
            <dst id="STTLng">1683.38933333333</dst>
            <dst id="WASHng">10992.656</dst>
        </src>
        <src id="LOSAng">
            <dst id="ATLA-M5">1990.16533333333</dst>
            <dst id="ATLAng">11746.8426666667</dst>
            <dst id="CHINng">69036.288</dst>
            <dst id="DNVRng">6071.032</dst>
            <dst id="HSTNng">3734.73066666667</dst>
            <dst id="IPLSng">18403.6266666667</dst>
            <dst id="KSCYng">10563.8453333333</dst>
            <dst id="LOSAng">14052.8506666667</dst>
            <dst id="NYCMng">46149.928</dst>
            <dst id="SNVAng">9976.59733333333</dst>
            <dst id="STTLng">27643.7973333333</dst>
            <dst id="WASHng">93942.2</dst>
        </src>
        <src id="NYCMng">
            <dst id="ATLA-M5">2718.49066666667</dst>
            <dst id="ATLAng">13478.184</dst>
            <dst id="CHINng">44199.2533333333</dst>
            <dst id="DNVRng">27748.2053333333</dst>
            <dst id="HSTNng">12642.5973333333</dst>
            <dst id="IPLSng">27759.8613333333</dst>
            <dst id="KSCYng">10735.4266666667</dst>
            <dst id="LOSAng">72787.808</dst>
            <dst id="NYCMng">110646.104</dst>
            <dst id="SNVAng">6435.80266666667</dst>
            <dst id="STTLng">27919.992</dst>
            <dst id="WASHng">82582.1306666667</dst>
        </src>
        <src id="SNVAng">
            <dst id="ATLA-M5">174.362666666667</dst>
            <dst id="ATLAng">80</dst>
            <dst id="CHINng">1612.512</dst>
            <dst id="DNVRng">9203.81866666666</dst>
            <dst id="HSTNng">290.330666666667</dst>
            <dst id="IPLSng">638.317333333333</dst>
            <dst id="KSCYng">4374.864</dst>
            <dst id="LOSAng">28427.216</dst>
            <dst id="NYCMng">8602.656</dst>
            <dst id="SNVAng">12444.4746666667</dst>
            <dst id="STTLng">49619.7386666667</dst>
            <dst id="WASHng">250.773333333333</dst>
        </src>
        <src id="STTLng">
            <dst id="ATLA-M5">315.994666666667</dst>
            <dst id="ATLAng">6855.856</dst>
            <dst id="CHINng">12943.4613333333</dst>
            <dst id="DNVRng">4653.18666666667</dst>
            <dst id="HSTNng">2315.656</dst>
            <dst id="IPLSng">4395.67733333333</dst>
            <dst id="KSCYng">1813.608</dst>
            <dst id="LOSAng">16558.048</dst>
            <dst id="NYCMng">6692.94933333333</dst>
            <dst id="SNVAng">4641.91733333333</dst>
            <dst id="STTLng">1131.92</dst>
            <dst id="WASHng">7997.02666666667</dst>
        </src>
        <src id="WASHng">
            <dst id="ATLA-M5">881.448</dst>
            <dst id="ATLAng">67832.2426666667</dst>
            <dst id="CHINng">64511.5706666667</dst>
            <dst id="DNVRng">41823.3333333333</dst>
            <dst id="HSTNng">5910.46666666667</dst>
            <dst id="IPLSng">57228.6666666667</dst>
            <dst id="KSCYng">14227.4373333333</dst>
            <dst id="LOSAng">92119.6826666667</dst>
            <dst id="NYCMng">156632.904</dst>
            <dst id="SNVAng">5080.69333333333</dst>
            <dst id="STTLng">35392.5146666667</dst>
            <dst id="WASHng">218450.637333333</dst>
        </src>
    </IntraTM>
</TrafficMatrixFile>
