<?xml version="1.0" encoding="ISO-8859-1" standalone="yes"?>
<TrafficMatrixFile xsi:noNamespaceSchemaLocation="http://totem.run.montefiore.ulg.ac.be/Schema/TrafficMatrix-v1_2.xsd" xmlns:xsi="http://www.w3.org/2001/XMLSchema-instance">
    <IntraTM ASID="11537">
        <src id="ATLA-M5">
            <dst id="ATLA-M5">87.0666666666667</dst>
            <dst id="ATLAng">80</dst>
            <dst id="CHINng">766.853333333333</dst>
            <dst id="DNVRng">80</dst>
            <dst id="HSTNng">663.394666666667</dst>
            <dst id="IPLSng">598.912</dst>
            <dst id="KSCYng">915.928</dst>
            <dst id="LOSAng">438.306666666667</dst>
            <dst id="NYCMng">1802.92533333333</dst>
            <dst id="SNVAng">0</dst>
            <dst id="STTLng">155.690666666667</dst>
            <dst id="WASHng">1264.41866666667</dst>
        </src>
        <src id="ATLAng">
            <dst id="ATLA-M5">925.376</dst>
            <dst id="ATLAng">24971.1573333333</dst>
            <dst id="CHINng">21895.672</dst>
            <dst id="DNVRng">8128.472</dst>
            <dst id="HSTNng">1624.896</dst>
            <dst id="IPLSng">25353.7306666667</dst>
            <dst id="KSCYng">3188.52</dst>
            <dst id="LOSAng">24412.5386666667</dst>
            <dst id="NYCMng">13938.8853333333</dst>
            <dst id="SNVAng">1328.104</dst>
            <dst id="STTLng">12004.0133333333</dst>
            <dst id="WASHng">39262.7706666667</dst>
        </src>
        <src id="CHINng">
            <dst id="ATLA-M5">2145.42133333333</dst>
            <dst id="ATLAng">59069.072</dst>
            <dst id="CHINng">97288.136</dst>
            <dst id="DNVRng">22381.6346666667</dst>
            <dst id="HSTNng">43126.336</dst>
            <dst id="IPLSng">67444.312</dst>
            <dst id="KSCYng">14731.152</dst>
            <dst id="LOSAng">77209.7653333333</dst>
            <dst id="NYCMng">25105.2266666667</dst>
            <dst id="SNVAng">3235.20533333333</dst>
            <dst id="STTLng">13138.4346666667</dst>
            <dst id="WASHng">42240.768</dst>
        </src>
        <src id="DNVRng">
            <dst id="ATLA-M5">137.373333333333</dst>
            <dst id="ATLAng">4574.21866666667</dst>
            <dst id="CHINng">75777.6853333333</dst>
            <dst id="DNVRng">11090.9946666667</dst>
            <dst id="HSTNng">14201.9093333333</dst>
            <dst id="IPLSng">28388.272</dst>
            <dst id="KSCYng">22723.9066666667</dst>
            <dst id="LOSAng">13348.6906666667</dst>
            <dst id="NYCMng">19236.88</dst>
            <dst id="SNVAng">12330.5413333333</dst>
            <dst id="STTLng">16724.8906666667</dst>
            <dst id="WASHng">56367.7706666667</dst>
        </src>
        <src id="HSTNng">
            <dst id="ATLA-M5">4631.09066666667</dst>
            <dst id="ATLAng">3541.62666666667</dst>
            <dst id="CHINng">28705.688</dst>
            <dst id="DNVRng">5167.12</dst>
            <dst id="HSTNng">12363.2</dst>
            <dst id="IPLSng">4240.35733333333</dst>
            <dst id="KSCYng">3871.50133333333</dst>
            <dst id="LOSAng">10404.1973333333</dst>
            <dst id="NYCMng">8245.76533333333</dst>
            <dst id="SNVAng">1667.62133333333</dst>
            <dst id="STTLng">2623.456</dst>
            <dst id="WASHng">7090.248</dst>
        </src>
        <src id="IPLSng">
            <dst id="ATLA-M5">455.138666666667</dst>
            <dst id="ATLAng">31294.4986666667</dst>
            <dst id="CHINng">104128.282666667</dst>
            <dst id="DNVRng">13278.96</dst>
            <dst id="HSTNng">7073.02666666667</dst>
            <dst id="IPLSng">26590.5653333333</dst>
            <dst id="KSCYng">15654.688</dst>
            <dst id="LOSAng">44753.24</dst>
            <dst id="NYCMng">56572.3626666667</dst>
            <dst id="SNVAng">3826.77333333333</dst>
            <dst id="STTLng">21380.936</dst>
            <dst id="WASHng">49293.3066666667</dst>
        </src>
        <src id="KSCYng">
            <dst id="ATLA-M5">335.429333333333</dst>
            <dst id="ATLAng">4388.808</dst>
            <dst id="CHINng">29391.976</dst>
            <dst id="DNVRng">21724.904</dst>
            <dst id="HSTNng">6264.73333333333</dst>
            <dst id="IPLSng">14647.4826666667</dst>
            <dst id="KSCYng">11211.976</dst>
            <dst id="LOSAng">7293.744</dst>
            <dst id="NYCMng">7102.13066666667</dst>
            <dst id="SNVAng">1069.53866666667</dst>
            <dst id="STTLng">2935.21066666667</dst>
            <dst id="WASHng">23143.1306666667</dst>
        </src>
        <src id="LOSAng">
            <dst id="ATLA-M5">1143.4</dst>
            <dst id="ATLAng">28185.8693333333</dst>
            <dst id="CHINng">99113.768</dst>
            <dst id="DNVRng">14869.128</dst>
            <dst id="HSTNng">11069.5653333333</dst>
            <dst id="IPLSng">56129.4293333333</dst>
            <dst id="KSCYng">16605.6853333333</dst>
            <dst id="LOSAng">14866.2453333333</dst>
            <dst id="NYCMng">69407.7466666667</dst>
            <dst id="SNVAng">10760.9946666667</dst>
            <dst id="STTLng">24883.6373333333</dst>
            <dst id="WASHng">166055.44</dst>
        </src>
        <src id="NYCMng">
            <dst id="ATLA-M5">3581.09333333333</dst>
            <dst id="ATLAng">45786.6266666667</dst>
            <dst id="CHINng">77775.32</dst>
            <dst id="DNVRng">37665.1946666667</dst>
            <dst id="HSTNng">21851.2986666667</dst>
            <dst id="IPLSng">68376.832</dst>
            <dst id="KSCYng">25139.6906666667</dst>
            <dst id="LOSAng">83095.16</dst>
            <dst id="NYCMng">210716.426666667</dst>
            <dst id="SNVAng">7656.49866666667</dst>
            <dst id="STTLng">26738.4106666667</dst>
            <dst id="WASHng">136870.261333333</dst>
        </src>
        <src id="SNVAng">
            <dst id="ATLA-M5">0</dst>
            <dst id="ATLAng">1016.60266666667</dst>
            <dst id="CHINng">2619.86666666667</dst>
            <dst id="DNVRng">16493.4906666667</dst>
            <dst id="HSTNng">207.978666666667</dst>
            <dst id="IPLSng">6812.71466666667</dst>
            <dst id="KSCYng">424.218666666667</dst>
            <dst id="LOSAng">64761.5466666667</dst>
            <dst id="NYCMng">5482.03733333333</dst>
            <dst id="SNVAng">23613.0266666667</dst>
            <dst id="STTLng">60409.3013333333</dst>
            <dst id="WASHng">4325.904</dst>
        </src>
        <src id="STTLng">
            <dst id="ATLA-M5">187.186666666667</dst>
            <dst id="ATLAng">10271.7253333333</dst>
            <dst id="CHINng">13057.6906666667</dst>
            <dst id="DNVRng">4201.12533333333</dst>
            <dst id="HSTNng">9574.272</dst>
            <dst id="IPLSng">10118.1893333333</dst>
            <dst id="KSCYng">3346.50133333333</dst>
            <dst id="LOSAng">36193.944</dst>
            <dst id="NYCMng">6770.43733333333</dst>
            <dst id="SNVAng">4981.98933333333</dst>
            <dst id="STTLng">5663.71466666667</dst>
            <dst id="WASHng">10605.1973333333</dst>
        </src>
        <src id="WASHng">
            <dst id="ATLA-M5">2120.52266666667</dst>
            <dst id="ATLAng">97420.8186666667</dst>
            <dst id="CHINng">91905.1733333333</dst>
            <dst id="DNVRng">71227.5866666667</dst>
            <dst id="HSTNng">44268.5546666667</dst>
            <dst id="IPLSng">51883.3653333333</dst>
            <dst id="KSCYng">19621.104</dst>
            <dst id="LOSAng">128835.88</dst>
            <dst id="NYCMng">148435.413333333</dst>
            <dst id="SNVAng">6204.38133333333</dst>
            <dst id="STTLng">22939.8933333333</dst>
            <dst id="WASHng">212715.301333333</dst>
        </src>
    </IntraTM>
</TrafficMatrixFile>
