<?xml version="1.0" encoding="ISO-8859-1" standalone="yes"?>
<TrafficMatrixFile xsi:noNamespaceSchemaLocation="http://totem.run.montefiore.ulg.ac.be/Schema/TrafficMatrix-v1_2.xsd" xmlns:xsi="http://www.w3.org/2001/XMLSchema-instance">
    <IntraTM ASID="11537">
        <src id="ATLA-M5">
            <dst id="ATLA-M5">79.6693333333333</dst>
            <dst id="ATLAng">482.706666666667</dst>
            <dst id="CHINng">738.234666666667</dst>
            <dst id="DNVRng">26.6666666666667</dst>
            <dst id="HSTNng">439.834666666667</dst>
            <dst id="IPLSng">867.72</dst>
            <dst id="KSCYng">152.896</dst>
            <dst id="LOSAng">279.965333333333</dst>
            <dst id="NYCMng">367.562666666667</dst>
            <dst id="SNVAng">338.725333333333</dst>
            <dst id="STTLng">353.317333333333</dst>
            <dst id="WASHng">333.613333333333</dst>
        </src>
        <src id="ATLAng">
            <dst id="ATLA-M5">134.021333333333</dst>
            <dst id="ATLAng">20491.52</dst>
            <dst id="CHINng">25232.5013333333</dst>
            <dst id="DNVRng">4905.792</dst>
            <dst id="HSTNng">4145.93066666667</dst>
            <dst id="IPLSng">21715.456</dst>
            <dst id="KSCYng">1403.92533333333</dst>
            <dst id="LOSAng">18592.04</dst>
            <dst id="NYCMng">6776.63466666667</dst>
            <dst id="SNVAng">469.048</dst>
            <dst id="STTLng">4909.936</dst>
            <dst id="WASHng">35452.76</dst>
        </src>
        <src id="CHINng">
            <dst id="ATLA-M5">1129.168</dst>
            <dst id="ATLAng">16989.9706666667</dst>
            <dst id="CHINng">86799.9813333333</dst>
            <dst id="DNVRng">26841.3706666667</dst>
            <dst id="HSTNng">53048.9093333333</dst>
            <dst id="IPLSng">78950.752</dst>
            <dst id="KSCYng">19630.7973333333</dst>
            <dst id="LOSAng">2068314.32</dst>
            <dst id="NYCMng">40626.4266666667</dst>
            <dst id="SNVAng">3743.44266666667</dst>
            <dst id="STTLng">15321.6613333333</dst>
            <dst id="WASHng">27489.8373333333</dst>
        </src>
        <src id="DNVRng">
            <dst id="ATLA-M5">443.213333333333</dst>
            <dst id="ATLAng">8367.736</dst>
            <dst id="CHINng">78427.2853333333</dst>
            <dst id="DNVRng">13463.7866666667</dst>
            <dst id="HSTNng">14513.3573333333</dst>
            <dst id="IPLSng">33575.208</dst>
            <dst id="KSCYng">18072.1893333333</dst>
            <dst id="LOSAng">20974.4133333333</dst>
            <dst id="NYCMng">17654.2506666667</dst>
            <dst id="SNVAng">9388.152</dst>
            <dst id="STTLng">10008.9813333333</dst>
            <dst id="WASHng">41984.6186666667</dst>
        </src>
        <src id="HSTNng">
            <dst id="ATLA-M5">2762.72</dst>
            <dst id="ATLAng">1798.95733333333</dst>
            <dst id="CHINng">22922.8213333333</dst>
            <dst id="DNVRng">5032.368</dst>
            <dst id="HSTNng">6695.77866666667</dst>
            <dst id="IPLSng">6770.14933333333</dst>
            <dst id="KSCYng">4160.04533333333</dst>
            <dst id="LOSAng">10099.792</dst>
            <dst id="NYCMng">6180.98666666666</dst>
            <dst id="SNVAng">3189.36266666667</dst>
            <dst id="STTLng">2012.82666666667</dst>
            <dst id="WASHng">7701.928</dst>
        </src>
        <src id="IPLSng">
            <dst id="ATLA-M5">1039.38133333333</dst>
            <dst id="ATLAng">12818.0906666667</dst>
            <dst id="CHINng">109537.072</dst>
            <dst id="DNVRng">33622.2533333333</dst>
            <dst id="HSTNng">7409.88266666667</dst>
            <dst id="IPLSng">16144.304</dst>
            <dst id="KSCYng">8990.264</dst>
            <dst id="LOSAng">73597.0026666667</dst>
            <dst id="NYCMng">61387.0906666667</dst>
            <dst id="SNVAng">2860.00533333333</dst>
            <dst id="STTLng">10092.2586666667</dst>
            <dst id="WASHng">33908.6773333333</dst>
        </src>
        <src id="KSCYng">
            <dst id="ATLA-M5">892.544</dst>
            <dst id="ATLAng">2533.46933333333</dst>
            <dst id="CHINng">20430.2106666667</dst>
            <dst id="DNVRng">9302.504</dst>
            <dst id="HSTNng">4339.72533333333</dst>
            <dst id="IPLSng">13202.976</dst>
            <dst id="KSCYng">6783.02933333333</dst>
            <dst id="LOSAng">6640.25333333333</dst>
            <dst id="NYCMng">5489.22933333333</dst>
            <dst id="SNVAng">1978.04266666667</dst>
            <dst id="STTLng">2166.42666666667</dst>
            <dst id="WASHng">15548.8666666667</dst>
        </src>
        <src id="LOSAng">
            <dst id="ATLA-M5">1230.944</dst>
            <dst id="ATLAng">17257.6586666667</dst>
            <dst id="CHINng">1067646.66666667</dst>
            <dst id="DNVRng">14418.7573333333</dst>
            <dst id="HSTNng">11446.456</dst>
            <dst id="IPLSng">39026.6986666667</dst>
            <dst id="KSCYng">11160.1573333333</dst>
            <dst id="LOSAng">19837.7413333333</dst>
            <dst id="NYCMng">91195.136</dst>
            <dst id="SNVAng">7346.27466666667</dst>
            <dst id="STTLng">20611.2426666667</dst>
            <dst id="WASHng">88035.864</dst>
        </src>
        <src id="NYCMng">
            <dst id="ATLA-M5">2465.272</dst>
            <dst id="ATLAng">23977.432</dst>
            <dst id="CHINng">51686.0293333333</dst>
            <dst id="DNVRng">29605.8453333333</dst>
            <dst id="HSTNng">19857.4533333333</dst>
            <dst id="IPLSng">74146.2693333333</dst>
            <dst id="KSCYng">15876.9626666667</dst>
            <dst id="LOSAng">83066.4533333333</dst>
            <dst id="NYCMng">152638.264</dst>
            <dst id="SNVAng">4070.18933333333</dst>
            <dst id="STTLng">27769.848</dst>
            <dst id="WASHng">125164.736</dst>
        </src>
        <src id="SNVAng">
            <dst id="ATLA-M5">188.954666666667</dst>
            <dst id="ATLAng">120.818666666667</dst>
            <dst id="CHINng">4214.81066666667</dst>
            <dst id="DNVRng">5838.424</dst>
            <dst id="HSTNng">710.346666666667</dst>
            <dst id="IPLSng">1039.976</dst>
            <dst id="KSCYng">5431.55466666667</dst>
            <dst id="LOSAng">34315.9466666667</dst>
            <dst id="NYCMng">554.392</dst>
            <dst id="SNVAng">13974.4373333333</dst>
            <dst id="STTLng">53838.6373333333</dst>
            <dst id="WASHng">255.130666666667</dst>
        </src>
        <src id="STTLng">
            <dst id="ATLA-M5">212.349333333333</dst>
            <dst id="ATLAng">8293.376</dst>
            <dst id="CHINng">9608.024</dst>
            <dst id="DNVRng">4291.18933333333</dst>
            <dst id="HSTNng">5709.856</dst>
            <dst id="IPLSng">10427.224</dst>
            <dst id="KSCYng">3017.17333333333</dst>
            <dst id="LOSAng">21630.9146666667</dst>
            <dst id="NYCMng">3793.952</dst>
            <dst id="SNVAng">8773.656</dst>
            <dst id="STTLng">3646.42933333333</dst>
            <dst id="WASHng">7570.63733333333</dst>
        </src>
        <src id="WASHng">
            <dst id="ATLA-M5">1666.90133333333</dst>
            <dst id="ATLAng">69202.672</dst>
            <dst id="CHINng">85958.6453333333</dst>
            <dst id="DNVRng">67126.256</dst>
            <dst id="HSTNng">17478.8693333333</dst>
            <dst id="IPLSng">50836.7333333333</dst>
            <dst id="KSCYng">29587.752</dst>
            <dst id="LOSAng">116952.533333333</dst>
            <dst id="NYCMng">202273.848</dst>
            <dst id="SNVAng">4132.13866666667</dst>
            <dst id="STTLng">31641.6986666667</dst>
            <dst id="WASHng">221053.205333333</dst>
        </src>
    </IntraTM>
</TrafficMatrixFile>
