<?xml version="1.0" encoding="ISO-8859-1" standalone="yes"?>
<TrafficMatrixFile xsi:noNamespaceSchemaLocation="http://totem.run.montefiore.ulg.ac.be/Schema/TrafficMatrix-v1_2.xsd" xmlns:xsi="http://www.w3.org/2001/XMLSchema-instance">
    <IntraTM ASID="11537">
        <src id="ATLA-M5">
            <dst id="ATLA-M5">830.744</dst>
            <dst id="ATLAng">397.597333333333</dst>
            <dst id="CHINng">1042.53333333333</dst>
            <dst id="DNVRng">107.573333333333</dst>
            <dst id="HSTNng">80</dst>
            <dst id="IPLSng">327.456</dst>
            <dst id="KSCYng">90.1413333333333</dst>
            <dst id="LOSAng">195.413333333333</dst>
            <dst id="NYCMng">141.434666666667</dst>
            <dst id="SNVAng">26.6666666666667</dst>
            <dst id="STTLng">165.818666666667</dst>
            <dst id="WASHng">396.338666666667</dst>
        </src>
        <src id="ATLAng">
            <dst id="ATLA-M5">1381.97333333333</dst>
            <dst id="ATLAng">61897.88</dst>
            <dst id="CHINng">16832.432</dst>
            <dst id="DNVRng">5153.152</dst>
            <dst id="HSTNng">2580.928</dst>
            <dst id="IPLSng">19853.5626666667</dst>
            <dst id="KSCYng">3552.312</dst>
            <dst id="LOSAng">42146.4666666667</dst>
            <dst id="NYCMng">10192.928</dst>
            <dst id="SNVAng">603.485333333333</dst>
            <dst id="STTLng">5098.62933333333</dst>
            <dst id="WASHng">42959.0213333333</dst>
        </src>
        <src id="CHINng">
            <dst id="ATLA-M5">1311.72266666667</dst>
            <dst id="ATLAng">29728.64</dst>
            <dst id="CHINng">112422.544</dst>
            <dst id="DNVRng">14969.0906666667</dst>
            <dst id="HSTNng">48344.0506666667</dst>
            <dst id="IPLSng">60392.5546666667</dst>
            <dst id="KSCYng">16375.0666666667</dst>
            <dst id="LOSAng">2037211.70666667</dst>
            <dst id="NYCMng">25482.7626666667</dst>
            <dst id="SNVAng">2308.82933333333</dst>
            <dst id="STTLng">8528.49866666667</dst>
            <dst id="WASHng">38728.32</dst>
        </src>
        <src id="DNVRng">
            <dst id="ATLA-M5">187.696</dst>
            <dst id="ATLAng">6478.62666666667</dst>
            <dst id="CHINng">64061.1333333333</dst>
            <dst id="DNVRng">20681.6613333333</dst>
            <dst id="HSTNng">16657.1706666667</dst>
            <dst id="IPLSng">41591.5493333333</dst>
            <dst id="KSCYng">19282.8373333333</dst>
            <dst id="LOSAng">25381.9013333333</dst>
            <dst id="NYCMng">18746.2933333333</dst>
            <dst id="SNVAng">11922.7786666667</dst>
            <dst id="STTLng">16038.9786666667</dst>
            <dst id="WASHng">45557.2533333333</dst>
        </src>
        <src id="HSTNng">
            <dst id="ATLA-M5">334.506666666667</dst>
            <dst id="ATLAng">4048.216</dst>
            <dst id="CHINng">21290.1893333333</dst>
            <dst id="DNVRng">3532.24266666667</dst>
            <dst id="HSTNng">9371.936</dst>
            <dst id="IPLSng">5477.032</dst>
            <dst id="KSCYng">4678.67733333333</dst>
            <dst id="LOSAng">4547.77866666667</dst>
            <dst id="NYCMng">12493.496</dst>
            <dst id="SNVAng">913.538666666667</dst>
            <dst id="STTLng">3353.608</dst>
            <dst id="WASHng">6765.21066666667</dst>
        </src>
        <src id="IPLSng">
            <dst id="ATLA-M5">659.968</dst>
            <dst id="ATLAng">16679.4666666667</dst>
            <dst id="CHINng">107391.389333333</dst>
            <dst id="DNVRng">34234.2266666667</dst>
            <dst id="HSTNng">7092.58933333333</dst>
            <dst id="IPLSng">30909.928</dst>
            <dst id="KSCYng">7176.83466666667</dst>
            <dst id="LOSAng">48569.3333333333</dst>
            <dst id="NYCMng">64360.9146666667</dst>
            <dst id="SNVAng">1858.97866666667</dst>
            <dst id="STTLng">11861.696</dst>
            <dst id="WASHng">39108.672</dst>
        </src>
        <src id="KSCYng">
            <dst id="ATLA-M5">286.810666666667</dst>
            <dst id="ATLAng">2636.48533333333</dst>
            <dst id="CHINng">25529.1466666667</dst>
            <dst id="DNVRng">9908.992</dst>
            <dst id="HSTNng">4868.784</dst>
            <dst id="IPLSng">18481.5893333333</dst>
            <dst id="KSCYng">14254.0453333333</dst>
            <dst id="LOSAng">10368.7306666667</dst>
            <dst id="NYCMng">8216.05066666667</dst>
            <dst id="SNVAng">1308.01333333333</dst>
            <dst id="STTLng">2313.71466666667</dst>
            <dst id="WASHng">18325.304</dst>
        </src>
        <src id="LOSAng">
            <dst id="ATLA-M5">2216.44533333333</dst>
            <dst id="ATLAng">33120.664</dst>
            <dst id="CHINng">1089077.86666667</dst>
            <dst id="DNVRng">11534.5946666667</dst>
            <dst id="HSTNng">19657.7973333333</dst>
            <dst id="IPLSng">47226.3013333333</dst>
            <dst id="KSCYng">16351.6533333333</dst>
            <dst id="LOSAng">6218.69866666667</dst>
            <dst id="NYCMng">82544.5973333333</dst>
            <dst id="SNVAng">13680.2453333333</dst>
            <dst id="STTLng">39968.9226666667</dst>
            <dst id="WASHng">112227.898666667</dst>
        </src>
        <src id="NYCMng">
            <dst id="ATLA-M5">1572.64266666667</dst>
            <dst id="ATLAng">32084.88</dst>
            <dst id="CHINng">53922.2053333333</dst>
            <dst id="DNVRng">33381.7066666667</dst>
            <dst id="HSTNng">21161.6986666667</dst>
            <dst id="IPLSng">77329.904</dst>
            <dst id="KSCYng">24135.184</dst>
            <dst id="LOSAng">71722.4453333334</dst>
            <dst id="NYCMng">187320.077333333</dst>
            <dst id="SNVAng">8942.82666666667</dst>
            <dst id="STTLng">23630.8986666667</dst>
            <dst id="WASHng">141711.525333333</dst>
        </src>
        <src id="SNVAng">
            <dst id="ATLA-M5">131.181333333333</dst>
            <dst id="ATLAng">2720.416</dst>
            <dst id="CHINng">1391.90133333333</dst>
            <dst id="DNVRng">12282.8373333333</dst>
            <dst id="HSTNng">293.901333333333</dst>
            <dst id="IPLSng">10247.0186666667</dst>
            <dst id="KSCYng">279.493333333333</dst>
            <dst id="LOSAng">37357.2533333333</dst>
            <dst id="NYCMng">1138.656</dst>
            <dst id="SNVAng">13271.048</dst>
            <dst id="STTLng">45145.328</dst>
            <dst id="WASHng">216.909333333333</dst>
        </src>
        <src id="STTLng">
            <dst id="ATLA-M5">105.029333333333</dst>
            <dst id="ATLAng">10799.9733333333</dst>
            <dst id="CHINng">25422.312</dst>
            <dst id="DNVRng">6895.27466666667</dst>
            <dst id="HSTNng">11250.144</dst>
            <dst id="IPLSng">9097.18933333334</dst>
            <dst id="KSCYng">5751.68266666667</dst>
            <dst id="LOSAng">21329.9973333333</dst>
            <dst id="NYCMng">9273.896</dst>
            <dst id="SNVAng">9605.44266666667</dst>
            <dst id="STTLng">6968.832</dst>
            <dst id="WASHng">11131.888</dst>
        </src>
        <src id="WASHng">
            <dst id="ATLA-M5">535.421333333333</dst>
            <dst id="ATLAng">223122.976</dst>
            <dst id="CHINng">84395.2293333334</dst>
            <dst id="DNVRng">45576.28</dst>
            <dst id="HSTNng">21904.096</dst>
            <dst id="IPLSng">72994.7333333333</dst>
            <dst id="KSCYng">18779.352</dst>
            <dst id="LOSAng">129367.325333333</dst>
            <dst id="NYCMng">144931.682666667</dst>
            <dst id="SNVAng">2388.992</dst>
            <dst id="STTLng">43624.8746666667</dst>
            <dst id="WASHng">246978.949333333</dst>
        </src>
    </IntraTM>
</TrafficMatrixFile>
