<?xml version="1.0" encoding="ISO-8859-1" standalone="yes"?>
<TrafficMatrixFile xsi:noNamespaceSchemaLocation="http://totem.run.montefiore.ulg.ac.be/Schema/TrafficMatrix-v1_2.xsd" xmlns:xsi="http://www.w3.org/2001/XMLSchema-instance">
    <IntraTM ASID="11537">
        <src id="ATLA-M5">
            <dst id="ATLA-M5">972.336</dst>
            <dst id="ATLAng">1845.36533333333</dst>
            <dst id="CHINng">662.917333333333</dst>
            <dst id="DNVRng">160.434666666667</dst>
            <dst id="HSTNng">98.1226666666667</dst>
            <dst id="IPLSng">355.765333333333</dst>
            <dst id="KSCYng">53.3333333333333</dst>
            <dst id="LOSAng">205.477333333333</dst>
            <dst id="NYCMng">126.88</dst>
            <dst id="SNVAng">44.1386666666667</dst>
            <dst id="STTLng">232.312</dst>
            <dst id="WASHng">949.402666666667</dst>
        </src>
        <src id="ATLAng">
            <dst id="ATLA-M5">1585.248</dst>
            <dst id="ATLAng">38205.3706666667</dst>
            <dst id="CHINng">18202.464</dst>
            <dst id="DNVRng">5434.78666666667</dst>
            <dst id="HSTNng">2477.42666666667</dst>
            <dst id="IPLSng">20460.7093333333</dst>
            <dst id="KSCYng">3661.272</dst>
            <dst id="LOSAng">40062.3173333333</dst>
            <dst id="NYCMng">9608.664</dst>
            <dst id="SNVAng">631.170666666667</dst>
            <dst id="STTLng">6218.72266666667</dst>
            <dst id="WASHng">44810.7413333333</dst>
        </src>
        <src id="CHINng">
            <dst id="ATLA-M5">1299.25066666667</dst>
            <dst id="ATLAng">26674.7706666667</dst>
            <dst id="CHINng">126528.544</dst>
            <dst id="DNVRng">15748.1546666667</dst>
            <dst id="HSTNng">52348.5146666667</dst>
            <dst id="IPLSng">57711.5173333333</dst>
            <dst id="KSCYng">14308.8293333333</dst>
            <dst id="LOSAng">2009855.30666667</dst>
            <dst id="NYCMng">21437.4746666667</dst>
            <dst id="SNVAng">3316.48533333333</dst>
            <dst id="STTLng">9133.592</dst>
            <dst id="WASHng">33755.3813333333</dst>
        </src>
        <src id="DNVRng">
            <dst id="ATLA-M5">206.744</dst>
            <dst id="ATLAng">7141.92266666667</dst>
            <dst id="CHINng">67017.4853333333</dst>
            <dst id="DNVRng">16465.456</dst>
            <dst id="HSTNng">15512.1733333333</dst>
            <dst id="IPLSng">39419.7253333333</dst>
            <dst id="KSCYng">17661.5386666667</dst>
            <dst id="LOSAng">10871.9146666667</dst>
            <dst id="NYCMng">18113.184</dst>
            <dst id="SNVAng">10313.424</dst>
            <dst id="STTLng">16004.1626666667</dst>
            <dst id="WASHng">45236.8853333333</dst>
        </src>
        <src id="HSTNng">
            <dst id="ATLA-M5">1746.90933333333</dst>
            <dst id="ATLAng">3464.192</dst>
            <dst id="CHINng">22399.1706666667</dst>
            <dst id="DNVRng">4909.30666666667</dst>
            <dst id="HSTNng">7337.64</dst>
            <dst id="IPLSng">4603.61866666667</dst>
            <dst id="KSCYng">4078.19733333333</dst>
            <dst id="LOSAng">4081.44266666667</dst>
            <dst id="NYCMng">10902.0666666667</dst>
            <dst id="SNVAng">1252.28266666667</dst>
            <dst id="STTLng">2421.72533333333</dst>
            <dst id="WASHng">7663.92266666667</dst>
        </src>
        <src id="IPLSng">
            <dst id="ATLA-M5">213.96</dst>
            <dst id="ATLAng">16376.704</dst>
            <dst id="CHINng">109395.981333333</dst>
            <dst id="DNVRng">31842.6026666667</dst>
            <dst id="HSTNng">7183.78666666667</dst>
            <dst id="IPLSng">36143.3813333333</dst>
            <dst id="KSCYng">8311.76</dst>
            <dst id="LOSAng">50850.9466666667</dst>
            <dst id="NYCMng">58941.8666666667</dst>
            <dst id="SNVAng">1619.00533333333</dst>
            <dst id="STTLng">13166.7546666667</dst>
            <dst id="WASHng">36994.3306666667</dst>
        </src>
        <src id="KSCYng">
            <dst id="ATLA-M5">766.413333333333</dst>
            <dst id="ATLAng">2775.54933333333</dst>
            <dst id="CHINng">28078.5333333333</dst>
            <dst id="DNVRng">10609.2906666667</dst>
            <dst id="HSTNng">3710.53333333333</dst>
            <dst id="IPLSng">29335.2666666667</dst>
            <dst id="KSCYng">9725.14933333333</dst>
            <dst id="LOSAng">8014.74133333333</dst>
            <dst id="NYCMng">9124.22666666667</dst>
            <dst id="SNVAng">1220.59733333333</dst>
            <dst id="STTLng">1723.65333333333</dst>
            <dst id="WASHng">17504.632</dst>
        </src>
        <src id="LOSAng">
            <dst id="ATLA-M5">2385.936</dst>
            <dst id="ATLAng">29524.008</dst>
            <dst id="CHINng">1081066.56</dst>
            <dst id="DNVRng">9991.83733333333</dst>
            <dst id="HSTNng">19701.7706666667</dst>
            <dst id="IPLSng">48676.4053333333</dst>
            <dst id="KSCYng">17047.5146666667</dst>
            <dst id="LOSAng">7592.13066666667</dst>
            <dst id="NYCMng">73254</dst>
            <dst id="SNVAng">11763.2666666667</dst>
            <dst id="STTLng">27656.5653333333</dst>
            <dst id="WASHng">106482.874666667</dst>
        </src>
        <src id="NYCMng">
            <dst id="ATLA-M5">2785.57866666667</dst>
            <dst id="ATLAng">31124.1706666667</dst>
            <dst id="CHINng">55781.648</dst>
            <dst id="DNVRng">32663.312</dst>
            <dst id="HSTNng">23077.8346666667</dst>
            <dst id="IPLSng">66163.6506666667</dst>
            <dst id="KSCYng">20725.3253333333</dst>
            <dst id="LOSAng">62687.8906666667</dst>
            <dst id="NYCMng">180156.125333333</dst>
            <dst id="SNVAng">7492.75466666667</dst>
            <dst id="STTLng">24150.464</dst>
            <dst id="WASHng">128870.530666667</dst>
        </src>
        <src id="SNVAng">
            <dst id="ATLA-M5">113.938666666667</dst>
            <dst id="ATLAng">3508.84533333333</dst>
            <dst id="CHINng">1281.46133333333</dst>
            <dst id="DNVRng">10825.608</dst>
            <dst id="HSTNng">468.8</dst>
            <dst id="IPLSng">2195.22133333333</dst>
            <dst id="KSCYng">274.794666666667</dst>
            <dst id="LOSAng">40437.6853333333</dst>
            <dst id="NYCMng">922.477333333333</dst>
            <dst id="SNVAng">12815.696</dst>
            <dst id="STTLng">49421.3066666667</dst>
            <dst id="WASHng">204.608</dst>
        </src>
        <src id="STTLng">
            <dst id="ATLA-M5">199.714666666667</dst>
            <dst id="ATLAng">11413.5546666667</dst>
            <dst id="CHINng">19314.2346666667</dst>
            <dst id="DNVRng">6350.848</dst>
            <dst id="HSTNng">10859.1493333333</dst>
            <dst id="IPLSng">9619.464</dst>
            <dst id="KSCYng">4560.416</dst>
            <dst id="LOSAng">17853.5546666667</dst>
            <dst id="NYCMng">9054.18933333333</dst>
            <dst id="SNVAng">8293.552</dst>
            <dst id="STTLng">5743.416</dst>
            <dst id="WASHng">11490.0826666667</dst>
        </src>
        <src id="WASHng">
            <dst id="ATLA-M5">931.778666666667</dst>
            <dst id="ATLAng">233872.584</dst>
            <dst id="CHINng">84132.144</dst>
            <dst id="DNVRng">51102.488</dst>
            <dst id="HSTNng">18456.776</dst>
            <dst id="IPLSng">60364.8373333333</dst>
            <dst id="KSCYng">20194.2613333333</dst>
            <dst id="LOSAng">123632.493333333</dst>
            <dst id="NYCMng">150075.042666667</dst>
            <dst id="SNVAng">1818.552</dst>
            <dst id="STTLng">40334.6506666667</dst>
            <dst id="WASHng">274701.466666667</dst>
        </src>
    </IntraTM>
</TrafficMatrixFile>
