<?xml version="1.0" encoding="ISO-8859-1" standalone="yes"?>
<TrafficMatrixFile xsi:noNamespaceSchemaLocation="http://totem.run.montefiore.ulg.ac.be/Schema/TrafficMatrix-v1_2.xsd" xmlns:xsi="http://www.w3.org/2001/XMLSchema-instance">
    <IntraTM ASID="11537">
        <src id="ATLA-M5">
            <dst id="ATLA-M5">46.464</dst>
            <dst id="ATLAng">44.768</dst>
            <dst id="CHINng">138.08</dst>
            <dst id="DNVRng">26.6666666666667</dst>
            <dst id="HSTNng">193.685333333333</dst>
            <dst id="IPLSng">143.04</dst>
            <dst id="KSCYng">40.1653333333333</dst>
            <dst id="LOSAng">155.573333333333</dst>
            <dst id="NYCMng">53.3333333333333</dst>
            <dst id="SNVAng">0</dst>
            <dst id="STTLng">154.773333333333</dst>
            <dst id="WASHng">214.445333333333</dst>
        </src>
        <src id="ATLAng">
            <dst id="ATLA-M5">851.581333333333</dst>
            <dst id="ATLAng">25991.9146666667</dst>
            <dst id="CHINng">15112.0453333333</dst>
            <dst id="DNVRng">4523.712</dst>
            <dst id="HSTNng">5715.952</dst>
            <dst id="IPLSng">15120.44</dst>
            <dst id="KSCYng">2361.544</dst>
            <dst id="LOSAng">17044.4186666667</dst>
            <dst id="NYCMng">7288.17866666667</dst>
            <dst id="SNVAng">1153.10133333333</dst>
            <dst id="STTLng">3720.096</dst>
            <dst id="WASHng">191231.861333333</dst>
        </src>
        <src id="CHINng">
            <dst id="ATLA-M5">635.536</dst>
            <dst id="ATLAng">10487.192</dst>
            <dst id="CHINng">101860.776</dst>
            <dst id="DNVRng">28680.0746666667</dst>
            <dst id="HSTNng">43862.4213333333</dst>
            <dst id="IPLSng">37100.28</dst>
            <dst id="KSCYng">14453.0106666667</dst>
            <dst id="LOSAng">63469.456</dst>
            <dst id="NYCMng">17951.928</dst>
            <dst id="SNVAng">1941.17333333333</dst>
            <dst id="STTLng">9458.84266666667</dst>
            <dst id="WASHng">26365.6026666667</dst>
        </src>
        <src id="DNVRng">
            <dst id="ATLA-M5">161.733333333333</dst>
            <dst id="ATLAng">4556.94666666667</dst>
            <dst id="CHINng">65784.128</dst>
            <dst id="DNVRng">5377.33333333333</dst>
            <dst id="HSTNng">12285.3893333333</dst>
            <dst id="IPLSng">29216.5173333333</dst>
            <dst id="KSCYng">12713.304</dst>
            <dst id="LOSAng">5259.704</dst>
            <dst id="NYCMng">21925.9466666667</dst>
            <dst id="SNVAng">8514.40533333333</dst>
            <dst id="STTLng">6535.63466666667</dst>
            <dst id="WASHng">54401.2826666667</dst>
        </src>
        <src id="HSTNng">
            <dst id="ATLA-M5">4859.20533333333</dst>
            <dst id="ATLAng">1295.39466666667</dst>
            <dst id="CHINng">21337.288</dst>
            <dst id="DNVRng">5252.872</dst>
            <dst id="HSTNng">4001.52</dst>
            <dst id="IPLSng">4038.42933333333</dst>
            <dst id="KSCYng">2252.61866666667</dst>
            <dst id="LOSAng">5433.44533333333</dst>
            <dst id="NYCMng">3600.064</dst>
            <dst id="SNVAng">549.058666666667</dst>
            <dst id="STTLng">2547.93866666667</dst>
            <dst id="WASHng">4131.33333333333</dst>
        </src>
        <src id="IPLSng">
            <dst id="ATLA-M5">412.952</dst>
            <dst id="ATLAng">29743.376</dst>
            <dst id="CHINng">77330.2293333333</dst>
            <dst id="DNVRng">9786.224</dst>
            <dst id="HSTNng">4853.20266666667</dst>
            <dst id="IPLSng">32682.8213333333</dst>
            <dst id="KSCYng">8780.09066666667</dst>
            <dst id="LOSAng">43726.7946666667</dst>
            <dst id="NYCMng">26904.3786666667</dst>
            <dst id="SNVAng">2311.704</dst>
            <dst id="STTLng">9558.83733333333</dst>
            <dst id="WASHng">27403.2026666667</dst>
        </src>
        <src id="KSCYng">
            <dst id="ATLA-M5">459.488</dst>
            <dst id="ATLAng">1882.21333333333</dst>
            <dst id="CHINng">23305.1013333333</dst>
            <dst id="DNVRng">20479.1413333333</dst>
            <dst id="HSTNng">2989.76533333333</dst>
            <dst id="IPLSng">11784.9946666667</dst>
            <dst id="KSCYng">9272.28533333334</dst>
            <dst id="LOSAng">6449.40533333333</dst>
            <dst id="NYCMng">4938.616</dst>
            <dst id="SNVAng">751.509333333333</dst>
            <dst id="STTLng">1965.21866666667</dst>
            <dst id="WASHng">12199.944</dst>
        </src>
        <src id="LOSAng">
            <dst id="ATLA-M5">891.210666666667</dst>
            <dst id="ATLAng">14952.3973333333</dst>
            <dst id="CHINng">86371.144</dst>
            <dst id="DNVRng">6702.832</dst>
            <dst id="HSTNng">4157.14933333333</dst>
            <dst id="IPLSng">25465.592</dst>
            <dst id="KSCYng">7904.64</dst>
            <dst id="LOSAng">10727.096</dst>
            <dst id="NYCMng">48459.28</dst>
            <dst id="SNVAng">14064.4053333333</dst>
            <dst id="STTLng">22197.36</dst>
            <dst id="WASHng">112848.536</dst>
        </src>
        <src id="NYCMng">
            <dst id="ATLA-M5">702.594666666667</dst>
            <dst id="ATLAng">31358.7813333333</dst>
            <dst id="CHINng">50387.6186666667</dst>
            <dst id="DNVRng">46511.5253333333</dst>
            <dst id="HSTNng">7898.07733333333</dst>
            <dst id="IPLSng">49712.5066666667</dst>
            <dst id="KSCYng">15795.2266666667</dst>
            <dst id="LOSAng">65370.1626666667</dst>
            <dst id="NYCMng">149936.048</dst>
            <dst id="SNVAng">2670.512</dst>
            <dst id="STTLng">27131.0133333333</dst>
            <dst id="WASHng">93671.2693333334</dst>
        </src>
        <src id="SNVAng">
            <dst id="ATLA-M5">0</dst>
            <dst id="ATLAng">133.333333333333</dst>
            <dst id="CHINng">1965.82133333333</dst>
            <dst id="DNVRng">7872.96266666667</dst>
            <dst id="HSTNng">424.149333333333</dst>
            <dst id="IPLSng">855.957333333333</dst>
            <dst id="KSCYng">211.765333333333</dst>
            <dst id="LOSAng">42080.6213333333</dst>
            <dst id="NYCMng">281.970666666667</dst>
            <dst id="SNVAng">14207.704</dst>
            <dst id="STTLng">60754.816</dst>
            <dst id="WASHng">262.365333333333</dst>
        </src>
        <src id="STTLng">
            <dst id="ATLA-M5">383.357333333333</dst>
            <dst id="ATLAng">8357.936</dst>
            <dst id="CHINng">13865.2533333333</dst>
            <dst id="DNVRng">4038.43733333333</dst>
            <dst id="HSTNng">10780.3733333333</dst>
            <dst id="IPLSng">8405.264</dst>
            <dst id="KSCYng">3916.37333333333</dst>
            <dst id="LOSAng">13080.36</dst>
            <dst id="NYCMng">5946.22133333333</dst>
            <dst id="SNVAng">3065.544</dst>
            <dst id="STTLng">870.696</dst>
            <dst id="WASHng">4427.07466666667</dst>
        </src>
        <src id="WASHng">
            <dst id="ATLA-M5">299.08</dst>
            <dst id="ATLAng">93493.5573333333</dst>
            <dst id="CHINng">75859.5573333333</dst>
            <dst id="DNVRng">55942.28</dst>
            <dst id="HSTNng">39631.9173333333</dst>
            <dst id="IPLSng">64838.7226666667</dst>
            <dst id="KSCYng">14447.3386666667</dst>
            <dst id="LOSAng">102458.853333333</dst>
            <dst id="NYCMng">176041.864</dst>
            <dst id="SNVAng">3693.05866666667</dst>
            <dst id="STTLng">30087.8613333333</dst>
            <dst id="WASHng">235282.36</dst>
        </src>
    </IntraTM>
</TrafficMatrixFile>
