<?xml version="1.0" encoding="ISO-8859-1" standalone="yes"?>
<TrafficMatrixFile xsi:noNamespaceSchemaLocation="http://totem.run.montefiore.ulg.ac.be/Schema/TrafficMatrix-v1_2.xsd" xmlns:xsi="http://www.w3.org/2001/XMLSchema-instance">
    <IntraTM ASID="11537">
        <src id="ATLA-M5">
            <dst id="ATLA-M5">651.552</dst>
            <dst id="ATLAng">411.285333333333</dst>
            <dst id="CHINng">3172.448</dst>
            <dst id="DNVRng">0</dst>
            <dst id="HSTNng">118.352</dst>
            <dst id="IPLSng">258.616</dst>
            <dst id="KSCYng">386.493333333333</dst>
            <dst id="LOSAng">731.074666666667</dst>
            <dst id="NYCMng">3232.18933333333</dst>
            <dst id="SNVAng">1241.28</dst>
            <dst id="STTLng">106.018666666667</dst>
            <dst id="WASHng">578.032</dst>
        </src>
        <src id="ATLAng">
            <dst id="ATLA-M5">819.125333333333</dst>
            <dst id="ATLAng">39151.472</dst>
            <dst id="CHINng">15698.4213333333</dst>
            <dst id="DNVRng">6216.93333333333</dst>
            <dst id="HSTNng">15273.848</dst>
            <dst id="IPLSng">26711.7066666667</dst>
            <dst id="KSCYng">2804.68266666667</dst>
            <dst id="LOSAng">21070.2933333333</dst>
            <dst id="NYCMng">9553.14133333333</dst>
            <dst id="SNVAng">1679.216</dst>
            <dst id="STTLng">4094.12533333333</dst>
            <dst id="WASHng">111946.074666667</dst>
        </src>
        <src id="CHINng">
            <dst id="ATLA-M5">1649.688</dst>
            <dst id="ATLAng">29299.248</dst>
            <dst id="CHINng">113112.597333333</dst>
            <dst id="DNVRng">29832.736</dst>
            <dst id="HSTNng">55490.5466666667</dst>
            <dst id="IPLSng">61964.5733333333</dst>
            <dst id="KSCYng">15951.784</dst>
            <dst id="LOSAng">2041831.86666667</dst>
            <dst id="NYCMng">21227.888</dst>
            <dst id="SNVAng">10115.4666666667</dst>
            <dst id="STTLng">9049.29866666667</dst>
            <dst id="WASHng">25313.3573333333</dst>
        </src>
        <src id="DNVRng">
            <dst id="ATLA-M5">333.149333333333</dst>
            <dst id="ATLAng">12083.112</dst>
            <dst id="CHINng">63523.184</dst>
            <dst id="DNVRng">14886.968</dst>
            <dst id="HSTNng">22278.8026666667</dst>
            <dst id="IPLSng">31097.0933333333</dst>
            <dst id="KSCYng">21564.9813333333</dst>
            <dst id="LOSAng">7870.384</dst>
            <dst id="NYCMng">17394.9413333333</dst>
            <dst id="SNVAng">12673.2346666667</dst>
            <dst id="STTLng">11117.9946666667</dst>
            <dst id="WASHng">51614.8986666667</dst>
        </src>
        <src id="HSTNng">
            <dst id="ATLA-M5">3258.856</dst>
            <dst id="ATLAng">5661.50933333333</dst>
            <dst id="CHINng">17000.6986666667</dst>
            <dst id="DNVRng">5375.256</dst>
            <dst id="HSTNng">6198.09866666667</dst>
            <dst id="IPLSng">8023.61866666667</dst>
            <dst id="KSCYng">3206.25066666667</dst>
            <dst id="LOSAng">5868.672</dst>
            <dst id="NYCMng">7803.09866666667</dst>
            <dst id="SNVAng">945.058666666667</dst>
            <dst id="STTLng">2108.98133333333</dst>
            <dst id="WASHng">5539.464</dst>
        </src>
        <src id="IPLSng">
            <dst id="ATLA-M5">1172.30133333333</dst>
            <dst id="ATLAng">21116.3706666667</dst>
            <dst id="CHINng">124965.984</dst>
            <dst id="DNVRng">23809.8186666667</dst>
            <dst id="HSTNng">10087.056</dst>
            <dst id="IPLSng">26396.0773333333</dst>
            <dst id="KSCYng">14638.352</dst>
            <dst id="LOSAng">57549.992</dst>
            <dst id="NYCMng">59459.576</dst>
            <dst id="SNVAng">2861.66133333333</dst>
            <dst id="STTLng">10170.288</dst>
            <dst id="WASHng">57503.6266666667</dst>
        </src>
        <src id="KSCYng">
            <dst id="ATLA-M5">409.381333333333</dst>
            <dst id="ATLAng">6401.15733333333</dst>
            <dst id="CHINng">21896.5546666667</dst>
            <dst id="DNVRng">9344.20533333334</dst>
            <dst id="HSTNng">6174.368</dst>
            <dst id="IPLSng">16351.2213333333</dst>
            <dst id="KSCYng">7225.42133333333</dst>
            <dst id="LOSAng">6179.30666666667</dst>
            <dst id="NYCMng">5651.17066666667</dst>
            <dst id="SNVAng">1149.13866666667</dst>
            <dst id="STTLng">1258.79733333333</dst>
            <dst id="WASHng">13753.0826666667</dst>
        </src>
        <src id="LOSAng">
            <dst id="ATLA-M5">3849.70666666667</dst>
            <dst id="ATLAng">17674.4986666667</dst>
            <dst id="CHINng">895533.866666666</dst>
            <dst id="DNVRng">13770.0293333333</dst>
            <dst id="HSTNng">33898.168</dst>
            <dst id="IPLSng">43483.8453333333</dst>
            <dst id="KSCYng">17544.776</dst>
            <dst id="LOSAng">11446.936</dst>
            <dst id="NYCMng">83606.776</dst>
            <dst id="SNVAng">17772.144</dst>
            <dst id="STTLng">24509.2053333333</dst>
            <dst id="WASHng">108574.498666667</dst>
        </src>
        <src id="NYCMng">
            <dst id="ATLA-M5">875.037333333333</dst>
            <dst id="ATLAng">26842.0346666667</dst>
            <dst id="CHINng">56711.44</dst>
            <dst id="DNVRng">47893.7386666667</dst>
            <dst id="HSTNng">19154.24</dst>
            <dst id="IPLSng">73493.5813333333</dst>
            <dst id="KSCYng">22795.3866666667</dst>
            <dst id="LOSAng">85416.4053333333</dst>
            <dst id="NYCMng">192669.965333333</dst>
            <dst id="SNVAng">8701.87733333334</dst>
            <dst id="STTLng">23935.2293333333</dst>
            <dst id="WASHng">129004.138666667</dst>
        </src>
        <src id="SNVAng">
            <dst id="ATLA-M5">331.989333333333</dst>
            <dst id="ATLAng">178.848</dst>
            <dst id="CHINng">2094.54666666667</dst>
            <dst id="DNVRng">14065.96</dst>
            <dst id="HSTNng">375.493333333333</dst>
            <dst id="IPLSng">1365.34133333333</dst>
            <dst id="KSCYng">555.136</dst>
            <dst id="LOSAng">31906.0693333333</dst>
            <dst id="NYCMng">994.96</dst>
            <dst id="SNVAng">14839.3786666667</dst>
            <dst id="STTLng">53958.016</dst>
            <dst id="WASHng">374.728</dst>
        </src>
        <src id="STTLng">
            <dst id="ATLA-M5">210.618666666667</dst>
            <dst id="ATLAng">10095.136</dst>
            <dst id="CHINng">15597.536</dst>
            <dst id="DNVRng">12466.1253333333</dst>
            <dst id="HSTNng">8629.672</dst>
            <dst id="IPLSng">12430.7093333333</dst>
            <dst id="KSCYng">5620.71733333333</dst>
            <dst id="LOSAng">21181.0533333333</dst>
            <dst id="NYCMng">11113.544</dst>
            <dst id="SNVAng">4878.01333333333</dst>
            <dst id="STTLng">6143.88533333333</dst>
            <dst id="WASHng">16198.5093333333</dst>
        </src>
        <src id="WASHng">
            <dst id="ATLA-M5">1280.064</dst>
            <dst id="ATLAng">117848.626666667</dst>
            <dst id="CHINng">67961.032</dst>
            <dst id="DNVRng">66096.192</dst>
            <dst id="HSTNng">13764.04</dst>
            <dst id="IPLSng">77117.7546666667</dst>
            <dst id="KSCYng">14516.6933333333</dst>
            <dst id="LOSAng">134384.68</dst>
            <dst id="NYCMng">184511.685333333</dst>
            <dst id="SNVAng">8382.232</dst>
            <dst id="STTLng">33419.1146666667</dst>
            <dst id="WASHng">258087.677333333</dst>
        </src>
    </IntraTM>
</TrafficMatrixFile>
