<?xml version="1.0" encoding="ISO-8859-1" standalone="yes"?>
<TrafficMatrixFile xsi:noNamespaceSchemaLocation="http://totem.run.montefiore.ulg.ac.be/Schema/TrafficMatrix-v1_2.xsd" xmlns:xsi="http://www.w3.org/2001/XMLSchema-instance">
    <IntraTM ASID="11537">
        <src id="ATLA-M5">
            <dst id="ATLA-M5">45.9973333333333</dst>
            <dst id="ATLAng">201.674666666667</dst>
            <dst id="CHINng">155.589333333333</dst>
            <dst id="DNVRng">29.7813333333333</dst>
            <dst id="HSTNng">39.24</dst>
            <dst id="IPLSng">370.682666666667</dst>
            <dst id="KSCYng">192.072</dst>
            <dst id="LOSAng">135.336</dst>
            <dst id="NYCMng">172.357333333333</dst>
            <dst id="SNVAng">0</dst>
            <dst id="STTLng">81.664</dst>
            <dst id="WASHng">1453.06666666667</dst>
        </src>
        <src id="ATLAng">
            <dst id="ATLA-M5">109.464</dst>
            <dst id="ATLAng">22090.6533333333</dst>
            <dst id="CHINng">14269.2906666667</dst>
            <dst id="DNVRng">4914.856</dst>
            <dst id="HSTNng">4779.44</dst>
            <dst id="IPLSng">12206.048</dst>
            <dst id="KSCYng">1185.65866666667</dst>
            <dst id="LOSAng">20270.9626666667</dst>
            <dst id="NYCMng">5880.65866666667</dst>
            <dst id="SNVAng">237.146666666667</dst>
            <dst id="STTLng">3563.49866666667</dst>
            <dst id="WASHng">32066.144</dst>
        </src>
        <src id="CHINng">
            <dst id="ATLA-M5">305.114666666667</dst>
            <dst id="ATLAng">34875.5786666667</dst>
            <dst id="CHINng">99999.9333333333</dst>
            <dst id="DNVRng">14164.6106666667</dst>
            <dst id="HSTNng">46740.0133333333</dst>
            <dst id="IPLSng">47362.6586666667</dst>
            <dst id="KSCYng">9768.664</dst>
            <dst id="LOSAng">43659.016</dst>
            <dst id="NYCMng">14384.9253333333</dst>
            <dst id="SNVAng">1885.21866666667</dst>
            <dst id="STTLng">18370.5386666667</dst>
            <dst id="WASHng">25944.04</dst>
        </src>
        <src id="DNVRng">
            <dst id="ATLA-M5">155.064</dst>
            <dst id="ATLAng">4479.26933333333</dst>
            <dst id="CHINng">82815.1573333333</dst>
            <dst id="DNVRng">6289.22933333333</dst>
            <dst id="HSTNng">19130.6853333333</dst>
            <dst id="IPLSng">20103.5573333333</dst>
            <dst id="KSCYng">12551.744</dst>
            <dst id="LOSAng">2851.51466666667</dst>
            <dst id="NYCMng">15586.048</dst>
            <dst id="SNVAng">8681.63733333333</dst>
            <dst id="STTLng">8300.26933333333</dst>
            <dst id="WASHng">36485.48</dst>
        </src>
        <src id="HSTNng">
            <dst id="ATLA-M5">670.746666666667</dst>
            <dst id="ATLAng">3896.112</dst>
            <dst id="CHINng">15673.2693333333</dst>
            <dst id="DNVRng">1608.35466666667</dst>
            <dst id="HSTNng">3371.616</dst>
            <dst id="IPLSng">4022.66666666667</dst>
            <dst id="KSCYng">1241.64</dst>
            <dst id="LOSAng">1878.688</dst>
            <dst id="NYCMng">2668.26933333333</dst>
            <dst id="SNVAng">464.952</dst>
            <dst id="STTLng">3895.26133333333</dst>
            <dst id="WASHng">2487.13333333333</dst>
        </src>
        <src id="IPLSng">
            <dst id="ATLA-M5">187.288</dst>
            <dst id="ATLAng">11342.8906666667</dst>
            <dst id="CHINng">103812.674666667</dst>
            <dst id="DNVRng">5458.14133333333</dst>
            <dst id="HSTNng">4240.78133333333</dst>
            <dst id="IPLSng">18571.7413333333</dst>
            <dst id="KSCYng">4152.544</dst>
            <dst id="LOSAng">25050.6746666667</dst>
            <dst id="NYCMng">48806.36</dst>
            <dst id="SNVAng">1260.35466666667</dst>
            <dst id="STTLng">7975.01866666667</dst>
            <dst id="WASHng">32728.7173333333</dst>
        </src>
        <src id="KSCYng">
            <dst id="ATLA-M5">148.528</dst>
            <dst id="ATLAng">1488.24533333333</dst>
            <dst id="CHINng">29056.5653333333</dst>
            <dst id="DNVRng">8770.8</dst>
            <dst id="HSTNng">2819.62933333333</dst>
            <dst id="IPLSng">7747.76533333333</dst>
            <dst id="KSCYng">7274.784</dst>
            <dst id="LOSAng">3748.544</dst>
            <dst id="NYCMng">5705.88533333333</dst>
            <dst id="SNVAng">58.192</dst>
            <dst id="STTLng">1338.81333333333</dst>
            <dst id="WASHng">18466.2186666667</dst>
        </src>
        <src id="LOSAng">
            <dst id="ATLA-M5">611.76</dst>
            <dst id="ATLAng">8247.04266666667</dst>
            <dst id="CHINng">75508.5333333333</dst>
            <dst id="DNVRng">2950.14666666667</dst>
            <dst id="HSTNng">3845.648</dst>
            <dst id="IPLSng">21389.768</dst>
            <dst id="KSCYng">6413.544</dst>
            <dst id="LOSAng">9590.38666666667</dst>
            <dst id="NYCMng">46749.2186666667</dst>
            <dst id="SNVAng">13784.5466666667</dst>
            <dst id="STTLng">29497.0613333333</dst>
            <dst id="WASHng">97847.8773333333</dst>
        </src>
        <src id="NYCMng">
            <dst id="ATLA-M5">847.36</dst>
            <dst id="ATLAng">13008.016</dst>
            <dst id="CHINng">48409.944</dst>
            <dst id="DNVRng">28309.1866666667</dst>
            <dst id="HSTNng">8044.42666666667</dst>
            <dst id="IPLSng">35511.0746666667</dst>
            <dst id="KSCYng">12201.336</dst>
            <dst id="LOSAng">57394.7626666667</dst>
            <dst id="NYCMng">142655.850666667</dst>
            <dst id="SNVAng">2793.79466666667</dst>
            <dst id="STTLng">25489.9786666667</dst>
            <dst id="WASHng">93019.7386666667</dst>
        </src>
        <src id="SNVAng">
            <dst id="ATLA-M5">26.6666666666667</dst>
            <dst id="ATLAng">26.6666666666667</dst>
            <dst id="CHINng">1320.824</dst>
            <dst id="DNVRng">9763.66666666667</dst>
            <dst id="HSTNng">146.090666666667</dst>
            <dst id="IPLSng">473.013333333333</dst>
            <dst id="KSCYng">142.272</dst>
            <dst id="LOSAng">27408.1813333333</dst>
            <dst id="NYCMng">9204.33066666666</dst>
            <dst id="SNVAng">10865.0533333333</dst>
            <dst id="STTLng">43272.7306666667</dst>
            <dst id="WASHng">151.845333333333</dst>
        </src>
        <src id="STTLng">
            <dst id="ATLA-M5">160.245333333333</dst>
            <dst id="ATLAng">4989.74933333333</dst>
            <dst id="CHINng">18616.2346666667</dst>
            <dst id="DNVRng">1189.50133333333</dst>
            <dst id="HSTNng">1985.848</dst>
            <dst id="IPLSng">5387.55733333333</dst>
            <dst id="KSCYng">2710.688</dst>
            <dst id="LOSAng">17335.8213333333</dst>
            <dst id="NYCMng">6925.936</dst>
            <dst id="SNVAng">2701.55466666667</dst>
            <dst id="STTLng">3017.616</dst>
            <dst id="WASHng">14474.984</dst>
        </src>
        <src id="WASHng">
            <dst id="ATLA-M5">277.242666666667</dst>
            <dst id="ATLAng">76564.7786666667</dst>
            <dst id="CHINng">56742.1813333333</dst>
            <dst id="DNVRng">44161.8373333333</dst>
            <dst id="HSTNng">6905.744</dst>
            <dst id="IPLSng">54507.336</dst>
            <dst id="KSCYng">14936.8346666667</dst>
            <dst id="LOSAng">90747.056</dst>
            <dst id="NYCMng">136409.789333333</dst>
            <dst id="SNVAng">4557.08533333333</dst>
            <dst id="STTLng">22038.8826666667</dst>
            <dst id="WASHng">198107.666666667</dst>
        </src>
    </IntraTM>
</TrafficMatrixFile>
