<?xml version="1.0" encoding="ISO-8859-1" standalone="yes"?>
<TrafficMatrixFile xsi:noNamespaceSchemaLocation="http://totem.run.montefiore.ulg.ac.be/Schema/TrafficMatrix-v1_2.xsd" xmlns:xsi="http://www.w3.org/2001/XMLSchema-instance">
    <IntraTM ASID="11537">
        <src id="ATLA-M5">
            <dst id="ATLA-M5">31.7013333333333</dst>
            <dst id="ATLAng">173.333333333333</dst>
            <dst id="CHINng">650.432</dst>
            <dst id="DNVRng">242.506666666667</dst>
            <dst id="HSTNng">139.776</dst>
            <dst id="IPLSng">1059.912</dst>
            <dst id="KSCYng">146.018666666667</dst>
            <dst id="LOSAng">429.864</dst>
            <dst id="NYCMng">414.269333333333</dst>
            <dst id="SNVAng">39.48</dst>
            <dst id="STTLng">0</dst>
            <dst id="WASHng">616.269333333333</dst>
        </src>
        <src id="ATLAng">
            <dst id="ATLA-M5">214.829333333333</dst>
            <dst id="ATLAng">24191.1013333333</dst>
            <dst id="CHINng">23027.432</dst>
            <dst id="DNVRng">5936.976</dst>
            <dst id="HSTNng">4727.23733333333</dst>
            <dst id="IPLSng">20605.5226666667</dst>
            <dst id="KSCYng">1496.74933333333</dst>
            <dst id="LOSAng">17047.4986666667</dst>
            <dst id="NYCMng">9281.84266666667</dst>
            <dst id="SNVAng">1031.99466666667</dst>
            <dst id="STTLng">5555.552</dst>
            <dst id="WASHng">36116.0853333333</dst>
        </src>
        <src id="CHINng">
            <dst id="ATLA-M5">768.397333333333</dst>
            <dst id="ATLAng">18560.952</dst>
            <dst id="CHINng">80132.264</dst>
            <dst id="DNVRng">24716.92</dst>
            <dst id="HSTNng">53003.1333333333</dst>
            <dst id="IPLSng">71061.8586666666</dst>
            <dst id="KSCYng">21688.024</dst>
            <dst id="LOSAng">2042457.89333333</dst>
            <dst id="NYCMng">21540.064</dst>
            <dst id="SNVAng">4130.85866666667</dst>
            <dst id="STTLng">15501.4213333333</dst>
            <dst id="WASHng">36451.1493333333</dst>
        </src>
        <src id="DNVRng">
            <dst id="ATLA-M5">424.178666666667</dst>
            <dst id="ATLAng">9246.00266666667</dst>
            <dst id="CHINng">80878.8026666667</dst>
            <dst id="DNVRng">16538.0186666667</dst>
            <dst id="HSTNng">13931.1146666667</dst>
            <dst id="IPLSng">34547.8746666667</dst>
            <dst id="KSCYng">21848.136</dst>
            <dst id="LOSAng">9705.2</dst>
            <dst id="NYCMng">19323.2346666667</dst>
            <dst id="SNVAng">9765.53333333333</dst>
            <dst id="STTLng">11374.312</dst>
            <dst id="WASHng">40675.464</dst>
        </src>
        <src id="HSTNng">
            <dst id="ATLA-M5">3867.61066666667</dst>
            <dst id="ATLAng">2547.85866666667</dst>
            <dst id="CHINng">20700.2506666667</dst>
            <dst id="DNVRng">3037.73866666667</dst>
            <dst id="HSTNng">5659.39733333333</dst>
            <dst id="IPLSng">7818.536</dst>
            <dst id="KSCYng">4108.21866666667</dst>
            <dst id="LOSAng">8566.99733333333</dst>
            <dst id="NYCMng">3482.87733333333</dst>
            <dst id="SNVAng">2614.81866666667</dst>
            <dst id="STTLng">2216.10133333333</dst>
            <dst id="WASHng">7630.90666666667</dst>
        </src>
        <src id="IPLSng">
            <dst id="ATLA-M5">900.138666666667</dst>
            <dst id="ATLAng">19822.984</dst>
            <dst id="CHINng">95594.6373333333</dst>
            <dst id="DNVRng">27766.5546666667</dst>
            <dst id="HSTNng">8524.25066666667</dst>
            <dst id="IPLSng">16552.84</dst>
            <dst id="KSCYng">9401.16266666667</dst>
            <dst id="LOSAng">72111.1413333333</dst>
            <dst id="NYCMng">63286.3946666667</dst>
            <dst id="SNVAng">1526.55466666667</dst>
            <dst id="STTLng">8322.08266666667</dst>
            <dst id="WASHng">34401.5813333333</dst>
        </src>
        <src id="KSCYng">
            <dst id="ATLA-M5">475.570666666667</dst>
            <dst id="ATLAng">2094.43733333333</dst>
            <dst id="CHINng">20012.608</dst>
            <dst id="DNVRng">10836.608</dst>
            <dst id="HSTNng">3890.24</dst>
            <dst id="IPLSng">11887.0613333333</dst>
            <dst id="KSCYng">6783.328</dst>
            <dst id="LOSAng">6350.416</dst>
            <dst id="NYCMng">5852.45866666667</dst>
            <dst id="SNVAng">2214.46933333333</dst>
            <dst id="STTLng">1608.58666666667</dst>
            <dst id="WASHng">16415.552</dst>
        </src>
        <src id="LOSAng">
            <dst id="ATLA-M5">1813.568</dst>
            <dst id="ATLAng">15418.7973333333</dst>
            <dst id="CHINng">1057793.65333333</dst>
            <dst id="DNVRng">16506.776</dst>
            <dst id="HSTNng">8013.968</dst>
            <dst id="IPLSng">37578.08</dst>
            <dst id="KSCYng">10719.16</dst>
            <dst id="LOSAng">12542.72</dst>
            <dst id="NYCMng">87871.8613333333</dst>
            <dst id="SNVAng">10864.6053333333</dst>
            <dst id="STTLng">23678.1013333333</dst>
            <dst id="WASHng">89130.824</dst>
        </src>
        <src id="NYCMng">
            <dst id="ATLA-M5">2806.47733333333</dst>
            <dst id="ATLAng">24323.104</dst>
            <dst id="CHINng">46877.7386666667</dst>
            <dst id="DNVRng">30673.64</dst>
            <dst id="HSTNng">18063.7466666667</dst>
            <dst id="IPLSng">54823.3653333333</dst>
            <dst id="KSCYng">19726.8986666667</dst>
            <dst id="LOSAng">81261.064</dst>
            <dst id="NYCMng">148728.528</dst>
            <dst id="SNVAng">4114.816</dst>
            <dst id="STTLng">24740.48</dst>
            <dst id="WASHng">131714.250666667</dst>
        </src>
        <src id="SNVAng">
            <dst id="ATLA-M5">218.637333333333</dst>
            <dst id="ATLAng">126.541333333333</dst>
            <dst id="CHINng">3118.328</dst>
            <dst id="DNVRng">5087.008</dst>
            <dst id="HSTNng">738.984</dst>
            <dst id="IPLSng">5161.824</dst>
            <dst id="KSCYng">4858.55466666667</dst>
            <dst id="LOSAng">35363.136</dst>
            <dst id="NYCMng">330.114666666667</dst>
            <dst id="SNVAng">11157.0506666667</dst>
            <dst id="STTLng">49257.8906666667</dst>
            <dst id="WASHng">259.442666666667</dst>
        </src>
        <src id="STTLng">
            <dst id="ATLA-M5">162.394666666667</dst>
            <dst id="ATLAng">8628.49866666667</dst>
            <dst id="CHINng">10594.624</dst>
            <dst id="DNVRng">6093.04266666667</dst>
            <dst id="HSTNng">7093.26933333333</dst>
            <dst id="IPLSng">8111.30933333333</dst>
            <dst id="KSCYng">2668.00533333333</dst>
            <dst id="LOSAng">21761.048</dst>
            <dst id="NYCMng">4266.73333333333</dst>
            <dst id="SNVAng">8508.34933333334</dst>
            <dst id="STTLng">4597.75733333333</dst>
            <dst id="WASHng">6092.792</dst>
        </src>
        <src id="WASHng">
            <dst id="ATLA-M5">1927.984</dst>
            <dst id="ATLAng">95858.592</dst>
            <dst id="CHINng">92001.1146666667</dst>
            <dst id="DNVRng">60699.7626666667</dst>
            <dst id="HSTNng">18187.3733333333</dst>
            <dst id="IPLSng">55340.0053333333</dst>
            <dst id="KSCYng">39195.896</dst>
            <dst id="LOSAng">112392.386666667</dst>
            <dst id="NYCMng">205939.797333333</dst>
            <dst id="SNVAng">4898.896</dst>
            <dst id="STTLng">39904.2826666667</dst>
            <dst id="WASHng">206134.285333333</dst>
        </src>
    </IntraTM>
</TrafficMatrixFile>
