<?xml version="1.0" encoding="ISO-8859-1" standalone="yes"?>
<TrafficMatrixFile xsi:noNamespaceSchemaLocation="http://totem.run.montefiore.ulg.ac.be/Schema/TrafficMatrix-v1_2.xsd" xmlns:xsi="http://www.w3.org/2001/XMLSchema-instance">
    <IntraTM ASID="11537">
        <src id="ATLA-M5">
            <dst id="ATLA-M5">59.208</dst>
            <dst id="ATLAng">329.288</dst>
            <dst id="CHINng">130.205333333333</dst>
            <dst id="DNVRng">0</dst>
            <dst id="HSTNng">131.309333333333</dst>
            <dst id="IPLSng">64.56</dst>
            <dst id="KSCYng">375.949333333333</dst>
            <dst id="LOSAng">140.426666666667</dst>
            <dst id="NYCMng">106.666666666667</dst>
            <dst id="SNVAng">0</dst>
            <dst id="STTLng">262.648</dst>
            <dst id="WASHng">1560.96266666667</dst>
        </src>
        <src id="ATLAng">
            <dst id="ATLA-M5">130.68</dst>
            <dst id="ATLAng">23251.992</dst>
            <dst id="CHINng">12564.7546666667</dst>
            <dst id="DNVRng">2663.88</dst>
            <dst id="HSTNng">4661.59466666667</dst>
            <dst id="IPLSng">13356.2426666667</dst>
            <dst id="KSCYng">1093.08266666667</dst>
            <dst id="LOSAng">16444.7626666667</dst>
            <dst id="NYCMng">9060.58133333333</dst>
            <dst id="SNVAng">310.749333333333</dst>
            <dst id="STTLng">2688.016</dst>
            <dst id="WASHng">40015.2373333333</dst>
        </src>
        <src id="CHINng">
            <dst id="ATLA-M5">525.68</dst>
            <dst id="ATLAng">16942.68</dst>
            <dst id="CHINng">132572.018666667</dst>
            <dst id="DNVRng">11877.024</dst>
            <dst id="HSTNng">46907.8853333333</dst>
            <dst id="IPLSng">41907.9946666667</dst>
            <dst id="KSCYng">10589.256</dst>
            <dst id="LOSAng">52197.9093333333</dst>
            <dst id="NYCMng">24071.352</dst>
            <dst id="SNVAng">2577.136</dst>
            <dst id="STTLng">11760.8933333333</dst>
            <dst id="WASHng">26691.7893333333</dst>
        </src>
        <src id="DNVRng">
            <dst id="ATLA-M5">155.253333333333</dst>
            <dst id="ATLAng">4107.28533333333</dst>
            <dst id="CHINng">84626.72</dst>
            <dst id="DNVRng">10162.8026666667</dst>
            <dst id="HSTNng">20112.0453333333</dst>
            <dst id="IPLSng">21294.416</dst>
            <dst id="KSCYng">16387.52</dst>
            <dst id="LOSAng">4271.368</dst>
            <dst id="NYCMng">17195.36</dst>
            <dst id="SNVAng">8797.72266666667</dst>
            <dst id="STTLng">12020.416</dst>
            <dst id="WASHng">37580</dst>
        </src>
        <src id="HSTNng">
            <dst id="ATLA-M5">3386.02666666667</dst>
            <dst id="ATLAng">2194.57066666667</dst>
            <dst id="CHINng">14133.816</dst>
            <dst id="DNVRng">1228.728</dst>
            <dst id="HSTNng">4914.36533333333</dst>
            <dst id="IPLSng">3439.88533333333</dst>
            <dst id="KSCYng">1224.048</dst>
            <dst id="LOSAng">5080.80533333333</dst>
            <dst id="NYCMng">1894.86666666667</dst>
            <dst id="SNVAng">281.002666666667</dst>
            <dst id="STTLng">1825.52266666667</dst>
            <dst id="WASHng">4199.59466666667</dst>
        </src>
        <src id="IPLSng">
            <dst id="ATLA-M5">171.072</dst>
            <dst id="ATLAng">9737</dst>
            <dst id="CHINng">124905.338666667</dst>
            <dst id="DNVRng">11076.9306666667</dst>
            <dst id="HSTNng">4523.02933333333</dst>
            <dst id="IPLSng">44572.944</dst>
            <dst id="KSCYng">4914.02933333333</dst>
            <dst id="LOSAng">18470.448</dst>
            <dst id="NYCMng">35091.68</dst>
            <dst id="SNVAng">1442.384</dst>
            <dst id="STTLng">11447.3493333333</dst>
            <dst id="WASHng">38957.8453333333</dst>
        </src>
        <src id="KSCYng">
            <dst id="ATLA-M5">266.293333333333</dst>
            <dst id="ATLAng">1283.992</dst>
            <dst id="CHINng">25290.0613333333</dst>
            <dst id="DNVRng">8523.50666666666</dst>
            <dst id="HSTNng">2858.25066666667</dst>
            <dst id="IPLSng">12161.504</dst>
            <dst id="KSCYng">10503.3626666667</dst>
            <dst id="LOSAng">3379.79466666667</dst>
            <dst id="NYCMng">5290.19733333333</dst>
            <dst id="SNVAng">51.9226666666667</dst>
            <dst id="STTLng">1887.33333333333</dst>
            <dst id="WASHng">16410.6666666667</dst>
        </src>
        <src id="LOSAng">
            <dst id="ATLA-M5">1403.35733333333</dst>
            <dst id="ATLAng">8916.90133333334</dst>
            <dst id="CHINng">77221.7333333333</dst>
            <dst id="DNVRng">7040.736</dst>
            <dst id="HSTNng">4342.512</dst>
            <dst id="IPLSng">47035.6453333333</dst>
            <dst id="KSCYng">7033.24</dst>
            <dst id="LOSAng">23015.9173333333</dst>
            <dst id="NYCMng">58296.7653333333</dst>
            <dst id="SNVAng">6944.42133333333</dst>
            <dst id="STTLng">32807.52</dst>
            <dst id="WASHng">71773.64</dst>
        </src>
        <src id="NYCMng">
            <dst id="ATLA-M5">1229.28266666667</dst>
            <dst id="ATLAng">12506.6346666667</dst>
            <dst id="CHINng">50176.7013333333</dst>
            <dst id="DNVRng">32804.9386666667</dst>
            <dst id="HSTNng">10042.3466666667</dst>
            <dst id="IPLSng">29639.6026666667</dst>
            <dst id="KSCYng">12326.5386666667</dst>
            <dst id="LOSAng">50932.008</dst>
            <dst id="NYCMng">183614.485333333</dst>
            <dst id="SNVAng">3219.85333333333</dst>
            <dst id="STTLng">24423.888</dst>
            <dst id="WASHng">69384.7733333333</dst>
        </src>
        <src id="SNVAng">
            <dst id="ATLA-M5">0</dst>
            <dst id="ATLAng">0</dst>
            <dst id="CHINng">1005.86133333333</dst>
            <dst id="DNVRng">1275.56</dst>
            <dst id="HSTNng">337.28</dst>
            <dst id="IPLSng">253.64</dst>
            <dst id="KSCYng">67.648</dst>
            <dst id="LOSAng">28729.6826666667</dst>
            <dst id="NYCMng">956.978666666667</dst>
            <dst id="SNVAng">12524.848</dst>
            <dst id="STTLng">46772.496</dst>
            <dst id="WASHng">185.392</dst>
        </src>
        <src id="STTLng">
            <dst id="ATLA-M5">305.216</dst>
            <dst id="ATLAng">4756.80266666667</dst>
            <dst id="CHINng">19690.8133333333</dst>
            <dst id="DNVRng">1342.73066666667</dst>
            <dst id="HSTNng">2499.81066666667</dst>
            <dst id="IPLSng">5365.52266666667</dst>
            <dst id="KSCYng">3348.94933333333</dst>
            <dst id="LOSAng">14728.5786666667</dst>
            <dst id="NYCMng">7546.61066666666</dst>
            <dst id="SNVAng">5240.18666666667</dst>
            <dst id="STTLng">4675.8</dst>
            <dst id="WASHng">6547.28533333333</dst>
        </src>
        <src id="WASHng">
            <dst id="ATLA-M5">569.762666666667</dst>
            <dst id="ATLAng">65216.2853333333</dst>
            <dst id="CHINng">71450.0666666667</dst>
            <dst id="DNVRng">56809.7066666667</dst>
            <dst id="HSTNng">9893.65866666667</dst>
            <dst id="IPLSng">56696.0213333334</dst>
            <dst id="KSCYng">15547.7066666667</dst>
            <dst id="LOSAng">93864.9386666667</dst>
            <dst id="NYCMng">162238.362666667</dst>
            <dst id="SNVAng">4457.02933333333</dst>
            <dst id="STTLng">30350.6293333333</dst>
            <dst id="WASHng">209146.298666667</dst>
        </src>
    </IntraTM>
</TrafficMatrixFile>
