<?xml version="1.0" encoding="ISO-8859-1" standalone="yes"?>
<TrafficMatrixFile xsi:noNamespaceSchemaLocation="http://totem.run.montefiore.ulg.ac.be/Schema/TrafficMatrix-v1_2.xsd" xmlns:xsi="http://www.w3.org/2001/XMLSchema-instance">
    <IntraTM ASID="11537">
        <src id="ATLA-M5">
            <dst id="ATLA-M5">622.157333333333</dst>
            <dst id="ATLAng">120.701333333333</dst>
            <dst id="CHINng">728.354666666667</dst>
            <dst id="DNVRng">209.877333333333</dst>
            <dst id="HSTNng">193.256</dst>
            <dst id="IPLSng">481.184</dst>
            <dst id="KSCYng">74.7493333333333</dst>
            <dst id="LOSAng">889.344</dst>
            <dst id="NYCMng">2454.34133333333</dst>
            <dst id="SNVAng">71.8933333333333</dst>
            <dst id="STTLng">181.034666666667</dst>
            <dst id="WASHng">1767.58933333333</dst>
        </src>
        <src id="ATLAng">
            <dst id="ATLA-M5">610.906666666667</dst>
            <dst id="ATLAng">29828.2026666667</dst>
            <dst id="CHINng">33768.808</dst>
            <dst id="DNVRng">3228.688</dst>
            <dst id="HSTNng">5019.248</dst>
            <dst id="IPLSng">18772.3733333333</dst>
            <dst id="KSCYng">5862.36533333333</dst>
            <dst id="LOSAng">26548.4</dst>
            <dst id="NYCMng">10453.7333333333</dst>
            <dst id="SNVAng">733.173333333333</dst>
            <dst id="STTLng">6689.58133333333</dst>
            <dst id="WASHng">30850.6346666667</dst>
        </src>
        <src id="CHINng">
            <dst id="ATLA-M5">4485.39733333333</dst>
            <dst id="ATLAng">23515.6666666667</dst>
            <dst id="CHINng">125009.176</dst>
            <dst id="DNVRng">32067.8373333333</dst>
            <dst id="HSTNng">51214.3093333333</dst>
            <dst id="IPLSng">57965.3733333333</dst>
            <dst id="KSCYng">12234.8346666667</dst>
            <dst id="LOSAng">2027625.25333333</dst>
            <dst id="NYCMng">35386.8053333333</dst>
            <dst id="SNVAng">2314.816</dst>
            <dst id="STTLng">10990.9226666667</dst>
            <dst id="WASHng">34319.8826666667</dst>
        </src>
        <src id="DNVRng">
            <dst id="ATLA-M5">387.736</dst>
            <dst id="ATLAng">7749.13866666667</dst>
            <dst id="CHINng">62253.7626666667</dst>
            <dst id="DNVRng">9601.264</dst>
            <dst id="HSTNng">15250.472</dst>
            <dst id="IPLSng">44309.624</dst>
            <dst id="KSCYng">10276.36</dst>
            <dst id="LOSAng">11238.008</dst>
            <dst id="NYCMng">14959.6666666667</dst>
            <dst id="SNVAng">7655.30133333333</dst>
            <dst id="STTLng">6023.47733333333</dst>
            <dst id="WASHng">46854.0826666667</dst>
        </src>
        <src id="HSTNng">
            <dst id="ATLA-M5">239.594666666667</dst>
            <dst id="ATLAng">4095.67733333333</dst>
            <dst id="CHINng">19829.3013333333</dst>
            <dst id="DNVRng">4332.624</dst>
            <dst id="HSTNng">7509.28</dst>
            <dst id="IPLSng">9198.67466666667</dst>
            <dst id="KSCYng">5012.93066666667</dst>
            <dst id="LOSAng">7582.728</dst>
            <dst id="NYCMng">9996.016</dst>
            <dst id="SNVAng">513.890666666667</dst>
            <dst id="STTLng">1947.54133333333</dst>
            <dst id="WASHng">14025.144</dst>
        </src>
        <src id="IPLSng">
            <dst id="ATLA-M5">590.210666666667</dst>
            <dst id="ATLAng">17838.28</dst>
            <dst id="CHINng">140776.109333333</dst>
            <dst id="DNVRng">31444.2453333333</dst>
            <dst id="HSTNng">8168.57066666667</dst>
            <dst id="IPLSng">29610</dst>
            <dst id="KSCYng">8905.98666666667</dst>
            <dst id="LOSAng">49310.72</dst>
            <dst id="NYCMng">79414.0186666667</dst>
            <dst id="SNVAng">1002.11466666667</dst>
            <dst id="STTLng">11539.76</dst>
            <dst id="WASHng">48667.8773333333</dst>
        </src>
        <src id="KSCYng">
            <dst id="ATLA-M5">53.7386666666667</dst>
            <dst id="ATLAng">4445.05333333333</dst>
            <dst id="CHINng">24246.5946666667</dst>
            <dst id="DNVRng">10142.4453333333</dst>
            <dst id="HSTNng">4478.64533333333</dst>
            <dst id="IPLSng">14725.7813333333</dst>
            <dst id="KSCYng">8230.77066666667</dst>
            <dst id="LOSAng">6697.98933333333</dst>
            <dst id="NYCMng">4605.57333333333</dst>
            <dst id="SNVAng">332.973333333333</dst>
            <dst id="STTLng">1465.57333333333</dst>
            <dst id="WASHng">19967.336</dst>
        </src>
        <src id="LOSAng">
            <dst id="ATLA-M5">3833.50133333333</dst>
            <dst id="ATLAng">32524.3813333333</dst>
            <dst id="CHINng">1107842.10666667</dst>
            <dst id="DNVRng">7989.42933333333</dst>
            <dst id="HSTNng">33564.9973333333</dst>
            <dst id="IPLSng">46214.3146666667</dst>
            <dst id="KSCYng">12885.088</dst>
            <dst id="LOSAng">8737.44533333333</dst>
            <dst id="NYCMng">85281.6533333333</dst>
            <dst id="SNVAng">10012.568</dst>
            <dst id="STTLng">37337.712</dst>
            <dst id="WASHng">108888.522666667</dst>
        </src>
        <src id="NYCMng">
            <dst id="ATLA-M5">2458.29333333333</dst>
            <dst id="ATLAng">30596.5786666667</dst>
            <dst id="CHINng">58518.5893333333</dst>
            <dst id="DNVRng">41105.2693333333</dst>
            <dst id="HSTNng">19002.3573333333</dst>
            <dst id="IPLSng">71471.3253333333</dst>
            <dst id="KSCYng">22571.4213333333</dst>
            <dst id="LOSAng">75085.984</dst>
            <dst id="NYCMng">215331.354666667</dst>
            <dst id="SNVAng">7535.30666666667</dst>
            <dst id="STTLng">21695.0453333333</dst>
            <dst id="WASHng">170802.005333333</dst>
        </src>
        <src id="SNVAng">
            <dst id="ATLA-M5">0</dst>
            <dst id="ATLAng">548.085333333333</dst>
            <dst id="CHINng">3912.824</dst>
            <dst id="DNVRng">4687.032</dst>
            <dst id="HSTNng">2573.352</dst>
            <dst id="IPLSng">2180.336</dst>
            <dst id="KSCYng">239.829333333333</dst>
            <dst id="LOSAng">34355.6906666667</dst>
            <dst id="NYCMng">8851.84</dst>
            <dst id="SNVAng">13212.944</dst>
            <dst id="STTLng">52252.304</dst>
            <dst id="WASHng">543.864</dst>
        </src>
        <src id="STTLng">
            <dst id="ATLA-M5">2084.44533333333</dst>
            <dst id="ATLAng">9009.224</dst>
            <dst id="CHINng">16761.7066666667</dst>
            <dst id="DNVRng">8614.59466666667</dst>
            <dst id="HSTNng">12757.32</dst>
            <dst id="IPLSng">9813.384</dst>
            <dst id="KSCYng">5279.168</dst>
            <dst id="LOSAng">20104.1306666667</dst>
            <dst id="NYCMng">8711.64266666666</dst>
            <dst id="SNVAng">2553.05333333333</dst>
            <dst id="STTLng">1449.52</dst>
            <dst id="WASHng">10804.1866666667</dst>
        </src>
        <src id="WASHng">
            <dst id="ATLA-M5">1653.81066666667</dst>
            <dst id="ATLAng">75844.7573333333</dst>
            <dst id="CHINng">72558.5493333333</dst>
            <dst id="DNVRng">51810.792</dst>
            <dst id="HSTNng">23747.0986666667</dst>
            <dst id="IPLSng">77383.5893333333</dst>
            <dst id="KSCYng">18233.4533333333</dst>
            <dst id="LOSAng">114149.624</dst>
            <dst id="NYCMng">181184.530666667</dst>
            <dst id="SNVAng">3364.296</dst>
            <dst id="STTLng">33587.8106666667</dst>
            <dst id="WASHng">236456.445333333</dst>
        </src>
    </IntraTM>
</TrafficMatrixFile>
