<?xml version="1.0" encoding="ISO-8859-1" standalone="yes"?>
<TrafficMatrixFile xsi:noNamespaceSchemaLocation="http://totem.run.montefiore.ulg.ac.be/Schema/TrafficMatrix-v1_2.xsd" xmlns:xsi="http://www.w3.org/2001/XMLSchema-instance">
    <IntraTM ASID="11537">
        <src id="ATLA-M5">
            <dst id="ATLA-M5">0</dst>
            <dst id="ATLAng">235.901333333333</dst>
            <dst id="CHINng">1241.52533333333</dst>
            <dst id="DNVRng">253.445333333333</dst>
            <dst id="HSTNng">479.405333333333</dst>
            <dst id="IPLSng">369.901333333333</dst>
            <dst id="KSCYng">192.592</dst>
            <dst id="LOSAng">232.677333333333</dst>
            <dst id="NYCMng">26.6666666666667</dst>
            <dst id="SNVAng">40.6293333333333</dst>
            <dst id="STTLng">168.52</dst>
            <dst id="WASHng">767.165333333333</dst>
        </src>
        <src id="ATLAng">
            <dst id="ATLA-M5">2311.80533333333</dst>
            <dst id="ATLAng">25491.1866666667</dst>
            <dst id="CHINng">20671.1493333333</dst>
            <dst id="DNVRng">4626.29866666667</dst>
            <dst id="HSTNng">3463.616</dst>
            <dst id="IPLSng">24976.8026666667</dst>
            <dst id="KSCYng">5507.488</dst>
            <dst id="LOSAng">28594.6346666667</dst>
            <dst id="NYCMng">9568.44533333333</dst>
            <dst id="SNVAng">1171.112</dst>
            <dst id="STTLng">4583.74933333333</dst>
            <dst id="WASHng">53158.7733333333</dst>
        </src>
        <src id="CHINng">
            <dst id="ATLA-M5">1324.40533333333</dst>
            <dst id="ATLAng">27642.8933333333</dst>
            <dst id="CHINng">79815.7733333333</dst>
            <dst id="DNVRng">29135.4453333333</dst>
            <dst id="HSTNng">53411.4613333333</dst>
            <dst id="IPLSng">50592.632</dst>
            <dst id="KSCYng">21704.32</dst>
            <dst id="LOSAng">69158.704</dst>
            <dst id="NYCMng">36787.0773333333</dst>
            <dst id="SNVAng">8166.20266666667</dst>
            <dst id="STTLng">15623.8026666667</dst>
            <dst id="WASHng">24764.2746666667</dst>
        </src>
        <src id="DNVRng">
            <dst id="ATLA-M5">330.216</dst>
            <dst id="ATLAng">4432.71733333333</dst>
            <dst id="CHINng">69343.744</dst>
            <dst id="DNVRng">17409.4826666667</dst>
            <dst id="HSTNng">15233.8746666667</dst>
            <dst id="IPLSng">27641.8506666667</dst>
            <dst id="KSCYng">14222.4586666667</dst>
            <dst id="LOSAng">12957.7653333333</dst>
            <dst id="NYCMng">23305.952</dst>
            <dst id="SNVAng">9249.136</dst>
            <dst id="STTLng">8752.15466666667</dst>
            <dst id="WASHng">53843.5173333333</dst>
        </src>
        <src id="HSTNng">
            <dst id="ATLA-M5">3183.31733333333</dst>
            <dst id="ATLAng">2950.81066666667</dst>
            <dst id="CHINng">14857.1466666667</dst>
            <dst id="DNVRng">4574.464</dst>
            <dst id="HSTNng">5467.63466666667</dst>
            <dst id="IPLSng">6983.344</dst>
            <dst id="KSCYng">5757.056</dst>
            <dst id="LOSAng">7737.21333333333</dst>
            <dst id="NYCMng">4061.15733333333</dst>
            <dst id="SNVAng">1560.40266666667</dst>
            <dst id="STTLng">2979.416</dst>
            <dst id="WASHng">9991.91733333333</dst>
        </src>
        <src id="IPLSng">
            <dst id="ATLA-M5">2157.73866666667</dst>
            <dst id="ATLAng">27942.344</dst>
            <dst id="CHINng">96103.5386666667</dst>
            <dst id="DNVRng">22916.648</dst>
            <dst id="HSTNng">6327.696</dst>
            <dst id="IPLSng">25576.992</dst>
            <dst id="KSCYng">11572.472</dst>
            <dst id="LOSAng">51591.944</dst>
            <dst id="NYCMng">54991.8666666667</dst>
            <dst id="SNVAng">1698.89866666667</dst>
            <dst id="STTLng">6676.056</dst>
            <dst id="WASHng">45399.0266666667</dst>
        </src>
        <src id="KSCYng">
            <dst id="ATLA-M5">139.845333333333</dst>
            <dst id="ATLAng">2107.43466666667</dst>
            <dst id="CHINng">28205.4533333333</dst>
            <dst id="DNVRng">15143.216</dst>
            <dst id="HSTNng">4030.75733333333</dst>
            <dst id="IPLSng">10074.8986666667</dst>
            <dst id="KSCYng">6573.56533333333</dst>
            <dst id="LOSAng">5983.76</dst>
            <dst id="NYCMng">6726.94133333333</dst>
            <dst id="SNVAng">445.968</dst>
            <dst id="STTLng">1478.512</dst>
            <dst id="WASHng">16167.5626666667</dst>
        </src>
        <src id="LOSAng">
            <dst id="ATLA-M5">1389.08</dst>
            <dst id="ATLAng">39373.336</dst>
            <dst id="CHINng">96592.4613333333</dst>
            <dst id="DNVRng">19644.0906666667</dst>
            <dst id="HSTNng">25567.4906666667</dst>
            <dst id="IPLSng">46173.4106666667</dst>
            <dst id="KSCYng">10480.2506666667</dst>
            <dst id="LOSAng">16966.8266666667</dst>
            <dst id="NYCMng">74705.032</dst>
            <dst id="SNVAng">6985.45066666667</dst>
            <dst id="STTLng">28562.68</dst>
            <dst id="WASHng">134870.549333333</dst>
        </src>
        <src id="NYCMng">
            <dst id="ATLA-M5">444.149333333333</dst>
            <dst id="ATLAng">33860.3173333333</dst>
            <dst id="CHINng">52213.5013333333</dst>
            <dst id="DNVRng">33430.9413333333</dst>
            <dst id="HSTNng">15096.808</dst>
            <dst id="IPLSng">74700.408</dst>
            <dst id="KSCYng">22007.5306666667</dst>
            <dst id="LOSAng">78646.7866666667</dst>
            <dst id="NYCMng">163471.528</dst>
            <dst id="SNVAng">4615.56</dst>
            <dst id="STTLng">24460.3973333333</dst>
            <dst id="WASHng">128832.048</dst>
        </src>
        <src id="SNVAng">
            <dst id="ATLA-M5">26.6666666666667</dst>
            <dst id="ATLAng">169.298666666667</dst>
            <dst id="CHINng">1514.90666666667</dst>
            <dst id="DNVRng">3982.6</dst>
            <dst id="HSTNng">454.36</dst>
            <dst id="IPLSng">6606.496</dst>
            <dst id="KSCYng">121.354666666667</dst>
            <dst id="LOSAng">52513.4666666667</dst>
            <dst id="NYCMng">915.141333333333</dst>
            <dst id="SNVAng">20047.5093333333</dst>
            <dst id="STTLng">59468.392</dst>
            <dst id="WASHng">1085.93866666667</dst>
        </src>
        <src id="STTLng">
            <dst id="ATLA-M5">242.88</dst>
            <dst id="ATLAng">9281.59733333333</dst>
            <dst id="CHINng">12010.4853333333</dst>
            <dst id="DNVRng">2056.50666666667</dst>
            <dst id="HSTNng">7646.77333333333</dst>
            <dst id="IPLSng">7632.688</dst>
            <dst id="KSCYng">3125.88</dst>
            <dst id="LOSAng">19625.7786666667</dst>
            <dst id="NYCMng">5369.82666666667</dst>
            <dst id="SNVAng">3664.47733333333</dst>
            <dst id="STTLng">3026.46666666667</dst>
            <dst id="WASHng">7029.672</dst>
        </src>
        <src id="WASHng">
            <dst id="ATLA-M5">22261.472</dst>
            <dst id="ATLAng">87422.7653333333</dst>
            <dst id="CHINng">71038.2186666667</dst>
            <dst id="DNVRng">46962.936</dst>
            <dst id="HSTNng">28284.7173333333</dst>
            <dst id="IPLSng">50887.096</dst>
            <dst id="KSCYng">25555.7733333333</dst>
            <dst id="LOSAng">130541.914666667</dst>
            <dst id="NYCMng">150648.437333333</dst>
            <dst id="SNVAng">6552.79733333333</dst>
            <dst id="STTLng">34536.3946666667</dst>
            <dst id="WASHng">281357.253333333</dst>
        </src>
    </IntraTM>
</TrafficMatrixFile>
