<?xml version="1.0" encoding="ISO-8859-1" standalone="yes"?>
<TrafficMatrixFile xsi:noNamespaceSchemaLocation="http://totem.run.montefiore.ulg.ac.be/Schema/TrafficMatrix-v1_2.xsd" xmlns:xsi="http://www.w3.org/2001/XMLSchema-instance">
    <IntraTM ASID="11537">
        <src id="ATLA-M5">
            <dst id="ATLA-M5">59.5946666666667</dst>
            <dst id="ATLAng">80</dst>
            <dst id="CHINng">885.605333333333</dst>
            <dst id="DNVRng">28.376</dst>
            <dst id="HSTNng">237.245333333333</dst>
            <dst id="IPLSng">1818.53866666667</dst>
            <dst id="KSCYng">128.992</dst>
            <dst id="LOSAng">661.872</dst>
            <dst id="NYCMng">286.861333333333</dst>
            <dst id="SNVAng">0</dst>
            <dst id="STTLng">106.666666666667</dst>
            <dst id="WASHng">1341.736</dst>
        </src>
        <src id="ATLAng">
            <dst id="ATLA-M5">763.565333333333</dst>
            <dst id="ATLAng">24979.664</dst>
            <dst id="CHINng">20231.0533333333</dst>
            <dst id="DNVRng">3490.536</dst>
            <dst id="HSTNng">4657.70933333333</dst>
            <dst id="IPLSng">19747.8213333333</dst>
            <dst id="KSCYng">2700.552</dst>
            <dst id="LOSAng">19320.472</dst>
            <dst id="NYCMng">9051.75733333333</dst>
            <dst id="SNVAng">1042.04</dst>
            <dst id="STTLng">5287.01066666667</dst>
            <dst id="WASHng">34735.032</dst>
        </src>
        <src id="CHINng">
            <dst id="ATLA-M5">1432.93066666667</dst>
            <dst id="ATLAng">17481.1786666667</dst>
            <dst id="CHINng">84504.1813333333</dst>
            <dst id="DNVRng">18583.1733333333</dst>
            <dst id="HSTNng">52203.264</dst>
            <dst id="IPLSng">76347.9946666667</dst>
            <dst id="KSCYng">18110.1226666667</dst>
            <dst id="LOSAng">2048752.42666667</dst>
            <dst id="NYCMng">20924.6533333333</dst>
            <dst id="SNVAng">4150.73066666667</dst>
            <dst id="STTLng">15496.4106666667</dst>
            <dst id="WASHng">35146.152</dst>
        </src>
        <src id="DNVRng">
            <dst id="ATLA-M5">661.570666666667</dst>
            <dst id="ATLAng">9308.73866666667</dst>
            <dst id="CHINng">71965.376</dst>
            <dst id="DNVRng">22177.16</dst>
            <dst id="HSTNng">16351.1253333333</dst>
            <dst id="IPLSng">33914.3466666667</dst>
            <dst id="KSCYng">18165.5573333333</dst>
            <dst id="LOSAng">9286.648</dst>
            <dst id="NYCMng">20852.8106666667</dst>
            <dst id="SNVAng">11322.9706666667</dst>
            <dst id="STTLng">9610.992</dst>
            <dst id="WASHng">45546.224</dst>
        </src>
        <src id="HSTNng">
            <dst id="ATLA-M5">4300.66666666667</dst>
            <dst id="ATLAng">2699.56266666667</dst>
            <dst id="CHINng">18706.52</dst>
            <dst id="DNVRng">3464.456</dst>
            <dst id="HSTNng">8251.66666666667</dst>
            <dst id="IPLSng">9912.46933333333</dst>
            <dst id="KSCYng">4556.888</dst>
            <dst id="LOSAng">10288.624</dst>
            <dst id="NYCMng">4593.13333333333</dst>
            <dst id="SNVAng">1434.11733333333</dst>
            <dst id="STTLng">2336.74666666667</dst>
            <dst id="WASHng">20065.5413333333</dst>
        </src>
        <src id="IPLSng">
            <dst id="ATLA-M5">1044.04266666667</dst>
            <dst id="ATLAng">15406.152</dst>
            <dst id="CHINng">96304.6293333333</dst>
            <dst id="DNVRng">34815.4053333333</dst>
            <dst id="HSTNng">18240.1093333333</dst>
            <dst id="IPLSng">18163.1813333333</dst>
            <dst id="KSCYng">9979.6</dst>
            <dst id="LOSAng">71898.0826666667</dst>
            <dst id="NYCMng">82017.9813333333</dst>
            <dst id="SNVAng">2318.71466666667</dst>
            <dst id="STTLng">7440.704</dst>
            <dst id="WASHng">35567.68</dst>
        </src>
        <src id="KSCYng">
            <dst id="ATLA-M5">319.797333333333</dst>
            <dst id="ATLAng">2249.83733333333</dst>
            <dst id="CHINng">19250.1093333333</dst>
            <dst id="DNVRng">10867.856</dst>
            <dst id="HSTNng">3703.816</dst>
            <dst id="IPLSng">11866.8906666667</dst>
            <dst id="KSCYng">7491.69866666667</dst>
            <dst id="LOSAng">6468.096</dst>
            <dst id="NYCMng">6595.65866666667</dst>
            <dst id="SNVAng">1190.47466666667</dst>
            <dst id="STTLng">1778.37066666667</dst>
            <dst id="WASHng">14170.4773333333</dst>
        </src>
        <src id="LOSAng">
            <dst id="ATLA-M5">2505.85333333333</dst>
            <dst id="ATLAng">15509.9093333333</dst>
            <dst id="CHINng">1052818.93333333</dst>
            <dst id="DNVRng">14524.9066666667</dst>
            <dst id="HSTNng">9834.94666666667</dst>
            <dst id="IPLSng">46854.1226666667</dst>
            <dst id="KSCYng">10209.3333333333</dst>
            <dst id="LOSAng">14776.6826666667</dst>
            <dst id="NYCMng">77659.9946666667</dst>
            <dst id="SNVAng">8974.91466666667</dst>
            <dst id="STTLng">22548.7786666667</dst>
            <dst id="WASHng">115649.688</dst>
        </src>
        <src id="NYCMng">
            <dst id="ATLA-M5">2447.76533333333</dst>
            <dst id="ATLAng">29706.0986666667</dst>
            <dst id="CHINng">48120.968</dst>
            <dst id="DNVRng">29621.392</dst>
            <dst id="HSTNng">17682.7813333333</dst>
            <dst id="IPLSng">70103.5893333334</dst>
            <dst id="KSCYng">15345.96</dst>
            <dst id="LOSAng">75012.9546666667</dst>
            <dst id="NYCMng">161494.274666667</dst>
            <dst id="SNVAng">3221.36533333333</dst>
            <dst id="STTLng">20481.2933333333</dst>
            <dst id="WASHng">136564.336</dst>
        </src>
        <src id="SNVAng">
            <dst id="ATLA-M5">443.272</dst>
            <dst id="ATLAng">176.154666666667</dst>
            <dst id="CHINng">981.544</dst>
            <dst id="DNVRng">4346.82133333333</dst>
            <dst id="HSTNng">372.514666666667</dst>
            <dst id="IPLSng">4991.69066666667</dst>
            <dst id="KSCYng">4867.42666666667</dst>
            <dst id="LOSAng">32499.3866666667</dst>
            <dst id="NYCMng">1007.344</dst>
            <dst id="SNVAng">15252.3253333333</dst>
            <dst id="STTLng">51968.5866666667</dst>
            <dst id="WASHng">135.426666666667</dst>
        </src>
        <src id="STTLng">
            <dst id="ATLA-M5">141.914666666667</dst>
            <dst id="ATLAng">8167.34666666667</dst>
            <dst id="CHINng">10621.424</dst>
            <dst id="DNVRng">3475.008</dst>
            <dst id="HSTNng">7391.248</dst>
            <dst id="IPLSng">7005.46666666667</dst>
            <dst id="KSCYng">3219.232</dst>
            <dst id="LOSAng">21838.6026666667</dst>
            <dst id="NYCMng">7534.44</dst>
            <dst id="SNVAng">4739.632</dst>
            <dst id="STTLng">4596.32266666667</dst>
            <dst id="WASHng">8122.504</dst>
        </src>
        <src id="WASHng">
            <dst id="ATLA-M5">3189.088</dst>
            <dst id="ATLAng">73226.0106666667</dst>
            <dst id="CHINng">94765.2266666667</dst>
            <dst id="DNVRng">59897.648</dst>
            <dst id="HSTNng">29220.6266666667</dst>
            <dst id="IPLSng">48253.7813333333</dst>
            <dst id="KSCYng">27271.192</dst>
            <dst id="LOSAng">116603.885333333</dst>
            <dst id="NYCMng">182205.528</dst>
            <dst id="SNVAng">4608.62133333333</dst>
            <dst id="STTLng">41308.8666666667</dst>
            <dst id="WASHng">245095.101333333</dst>
        </src>
    </IntraTM>
</TrafficMatrixFile>
