<?xml version="1.0" encoding="ISO-8859-1" standalone="yes"?>
<TrafficMatrixFile xsi:noNamespaceSchemaLocation="http://totem.run.montefiore.ulg.ac.be/Schema/TrafficMatrix-v1_2.xsd" xmlns:xsi="http://www.w3.org/2001/XMLSchema-instance">
    <IntraTM ASID="11537">
        <src id="ATLA-M5">
            <dst id="ATLA-M5">53.1946666666667</dst>
            <dst id="ATLAng">0</dst>
            <dst id="CHINng">327.514666666667</dst>
            <dst id="DNVRng">26.6666666666667</dst>
            <dst id="HSTNng">68.144</dst>
            <dst id="IPLSng">185.549333333333</dst>
            <dst id="KSCYng">26.6666666666667</dst>
            <dst id="LOSAng">594.992</dst>
            <dst id="NYCMng">53.3333333333333</dst>
            <dst id="SNVAng">26.6666666666667</dst>
            <dst id="STTLng">0</dst>
            <dst id="WASHng">203.325333333333</dst>
        </src>
        <src id="ATLAng">
            <dst id="ATLA-M5">713.688</dst>
            <dst id="ATLAng">24405.3813333333</dst>
            <dst id="CHINng">15199.0533333333</dst>
            <dst id="DNVRng">4379.32533333333</dst>
            <dst id="HSTNng">5904.68533333333</dst>
            <dst id="IPLSng">14136.0853333333</dst>
            <dst id="KSCYng">6976.168</dst>
            <dst id="LOSAng">19201.704</dst>
            <dst id="NYCMng">10095.0506666667</dst>
            <dst id="SNVAng">437.488</dst>
            <dst id="STTLng">3898.14933333333</dst>
            <dst id="WASHng">91352.496</dst>
        </src>
        <src id="CHINng">
            <dst id="ATLA-M5">407.626666666667</dst>
            <dst id="ATLAng">9764.48533333333</dst>
            <dst id="CHINng">98192.6186666666</dst>
            <dst id="DNVRng">24657.1333333333</dst>
            <dst id="HSTNng">46020.2746666667</dst>
            <dst id="IPLSng">36532.9333333333</dst>
            <dst id="KSCYng">11498.1253333333</dst>
            <dst id="LOSAng">52652.4346666667</dst>
            <dst id="NYCMng">17691.6106666667</dst>
            <dst id="SNVAng">1599.856</dst>
            <dst id="STTLng">10183.3973333333</dst>
            <dst id="WASHng">24282.056</dst>
        </src>
        <src id="DNVRng">
            <dst id="ATLA-M5">445.365333333333</dst>
            <dst id="ATLAng">4725.96266666667</dst>
            <dst id="CHINng">61075.4133333333</dst>
            <dst id="DNVRng">5688.60266666667</dst>
            <dst id="HSTNng">10910.1973333333</dst>
            <dst id="IPLSng">53829.0506666667</dst>
            <dst id="KSCYng">10039.6906666667</dst>
            <dst id="LOSAng">10856.088</dst>
            <dst id="NYCMng">19732.704</dst>
            <dst id="SNVAng">6518.36</dst>
            <dst id="STTLng">5483.95733333333</dst>
            <dst id="WASHng">44901.4293333333</dst>
        </src>
        <src id="HSTNng">
            <dst id="ATLA-M5">782.298666666667</dst>
            <dst id="ATLAng">1404.552</dst>
            <dst id="CHINng">21086.76</dst>
            <dst id="DNVRng">12372.1626666667</dst>
            <dst id="HSTNng">5841.21333333333</dst>
            <dst id="IPLSng">2653.89333333333</dst>
            <dst id="KSCYng">2154.44533333333</dst>
            <dst id="LOSAng">5362.79466666667</dst>
            <dst id="NYCMng">3453.14133333333</dst>
            <dst id="SNVAng">895.928</dst>
            <dst id="STTLng">3022.92266666667</dst>
            <dst id="WASHng">7586.224</dst>
        </src>
        <src id="IPLSng">
            <dst id="ATLA-M5">429.997333333333</dst>
            <dst id="ATLAng">32942.832</dst>
            <dst id="CHINng">87319.6826666666</dst>
            <dst id="DNVRng">12309.1813333333</dst>
            <dst id="HSTNng">13812.2826666667</dst>
            <dst id="IPLSng">39418.256</dst>
            <dst id="KSCYng">8256.97866666667</dst>
            <dst id="LOSAng">37169.7733333333</dst>
            <dst id="NYCMng">27999.9866666667</dst>
            <dst id="SNVAng">2129.09333333333</dst>
            <dst id="STTLng">9740.344</dst>
            <dst id="WASHng">53599.2906666667</dst>
        </src>
        <src id="KSCYng">
            <dst id="ATLA-M5">241.898666666667</dst>
            <dst id="ATLAng">2155.54133333333</dst>
            <dst id="CHINng">22324.248</dst>
            <dst id="DNVRng">16518.1333333333</dst>
            <dst id="HSTNng">3281.94666666667</dst>
            <dst id="IPLSng">12585.2906666667</dst>
            <dst id="KSCYng">8781.60533333333</dst>
            <dst id="LOSAng">6212.07733333333</dst>
            <dst id="NYCMng">4564.61333333333</dst>
            <dst id="SNVAng">460.733333333333</dst>
            <dst id="STTLng">2745.97066666667</dst>
            <dst id="WASHng">11755.776</dst>
        </src>
        <src id="LOSAng">
            <dst id="ATLA-M5">910.002666666667</dst>
            <dst id="ATLAng">20016.7733333333</dst>
            <dst id="CHINng">81217.3493333333</dst>
            <dst id="DNVRng">10730.9733333333</dst>
            <dst id="HSTNng">4475.56533333333</dst>
            <dst id="IPLSng">22395.3813333333</dst>
            <dst id="KSCYng">8804.67466666667</dst>
            <dst id="LOSAng">10206.3066666667</dst>
            <dst id="NYCMng">46681.9706666667</dst>
            <dst id="SNVAng">14590.6773333333</dst>
            <dst id="STTLng">19354.6293333333</dst>
            <dst id="WASHng">114805.864</dst>
        </src>
        <src id="NYCMng">
            <dst id="ATLA-M5">516.122666666667</dst>
            <dst id="ATLAng">30216.3333333333</dst>
            <dst id="CHINng">47161.1706666667</dst>
            <dst id="DNVRng">40297.8746666667</dst>
            <dst id="HSTNng">7611.39466666667</dst>
            <dst id="IPLSng">49695.6613333333</dst>
            <dst id="KSCYng">15367.3973333333</dst>
            <dst id="LOSAng">54651.32</dst>
            <dst id="NYCMng">135086.885333333</dst>
            <dst id="SNVAng">2660.056</dst>
            <dst id="STTLng">26879.9573333333</dst>
            <dst id="WASHng">87085.664</dst>
        </src>
        <src id="SNVAng">
            <dst id="ATLA-M5">26.6666666666667</dst>
            <dst id="ATLAng">121.090666666667</dst>
            <dst id="CHINng">2149.12266666667</dst>
            <dst id="DNVRng">5296.232</dst>
            <dst id="HSTNng">219.968</dst>
            <dst id="IPLSng">1939.31733333333</dst>
            <dst id="KSCYng">158.632</dst>
            <dst id="LOSAng">40600.8533333333</dst>
            <dst id="NYCMng">382</dst>
            <dst id="SNVAng">15116.6746666667</dst>
            <dst id="STTLng">53757.9386666667</dst>
            <dst id="WASHng">256.384</dst>
        </src>
        <src id="STTLng">
            <dst id="ATLA-M5">96.16</dst>
            <dst id="ATLAng">7991.50666666667</dst>
            <dst id="CHINng">11823.616</dst>
            <dst id="DNVRng">3450.09066666667</dst>
            <dst id="HSTNng">10605.5733333333</dst>
            <dst id="IPLSng">4422.512</dst>
            <dst id="KSCYng">4178.16</dst>
            <dst id="LOSAng">14986.4933333333</dst>
            <dst id="NYCMng">5373.648</dst>
            <dst id="SNVAng">2578.352</dst>
            <dst id="STTLng">841.506666666667</dst>
            <dst id="WASHng">5255.74133333333</dst>
        </src>
        <src id="WASHng">
            <dst id="ATLA-M5">289.010666666667</dst>
            <dst id="ATLAng">109429.32</dst>
            <dst id="CHINng">69730.5306666666</dst>
            <dst id="DNVRng">56027.8986666667</dst>
            <dst id="HSTNng">51591.3333333333</dst>
            <dst id="IPLSng">78302.6773333333</dst>
            <dst id="KSCYng">14415.4266666667</dst>
            <dst id="LOSAng">114559.570666667</dst>
            <dst id="NYCMng">166933.661333333</dst>
            <dst id="SNVAng">3562.55466666667</dst>
            <dst id="STTLng">28387.2666666667</dst>
            <dst id="WASHng">241616.968</dst>
        </src>
    </IntraTM>
</TrafficMatrixFile>
