<?xml version="1.0" encoding="ISO-8859-1" standalone="yes"?>
<TrafficMatrixFile xsi:noNamespaceSchemaLocation="http://totem.run.montefiore.ulg.ac.be/Schema/TrafficMatrix-v1_2.xsd" xmlns:xsi="http://www.w3.org/2001/XMLSchema-instance">
    <IntraTM ASID="11537">
        <src id="ATLA-M5">
            <dst id="ATLA-M5">9564.73066666667</dst>
            <dst id="ATLAng">271.104</dst>
            <dst id="CHINng">470.4</dst>
            <dst id="DNVRng">64.9066666666667</dst>
            <dst id="HSTNng">108.109333333333</dst>
            <dst id="IPLSng">351.792</dst>
            <dst id="KSCYng">101.554666666667</dst>
            <dst id="LOSAng">203.154666666667</dst>
            <dst id="NYCMng">88.7626666666667</dst>
            <dst id="SNVAng">66.6666666666667</dst>
            <dst id="STTLng">99.808</dst>
            <dst id="WASHng">3744.776</dst>
        </src>
        <src id="ATLAng">
            <dst id="ATLA-M5">334.341333333333</dst>
            <dst id="ATLAng">32523.6666666667</dst>
            <dst id="CHINng">14477.8586666667</dst>
            <dst id="DNVRng">3463.288</dst>
            <dst id="HSTNng">2892.82933333333</dst>
            <dst id="IPLSng">15665.992</dst>
            <dst id="KSCYng">1066.728</dst>
            <dst id="LOSAng">25370.488</dst>
            <dst id="NYCMng">10662.2133333333</dst>
            <dst id="SNVAng">259.053333333333</dst>
            <dst id="STTLng">6874.696</dst>
            <dst id="WASHng">48293.8666666667</dst>
        </src>
        <src id="CHINng">
            <dst id="ATLA-M5">634.090666666667</dst>
            <dst id="ATLAng">25255.4213333333</dst>
            <dst id="CHINng">101970.429333333</dst>
            <dst id="DNVRng">19267.3706666667</dst>
            <dst id="HSTNng">41521.5546666667</dst>
            <dst id="IPLSng">47691.288</dst>
            <dst id="KSCYng">15064.2186666667</dst>
            <dst id="LOSAng">44255.8933333333</dst>
            <dst id="NYCMng">23488.8106666667</dst>
            <dst id="SNVAng">1562.56533333333</dst>
            <dst id="STTLng">16089.6586666667</dst>
            <dst id="WASHng">25854.216</dst>
        </src>
        <src id="DNVRng">
            <dst id="ATLA-M5">276.024</dst>
            <dst id="ATLAng">7493.06666666666</dst>
            <dst id="CHINng">52904.96</dst>
            <dst id="DNVRng">10395.248</dst>
            <dst id="HSTNng">11921.5306666667</dst>
            <dst id="IPLSng">35540.624</dst>
            <dst id="KSCYng">20602.4613333333</dst>
            <dst id="LOSAng">6783.808</dst>
            <dst id="NYCMng">26220.0693333333</dst>
            <dst id="SNVAng">10638.2773333333</dst>
            <dst id="STTLng">10126.1226666667</dst>
            <dst id="WASHng">50498.6133333333</dst>
        </src>
        <src id="HSTNng">
            <dst id="ATLA-M5">185.109333333333</dst>
            <dst id="ATLAng">3925.54133333333</dst>
            <dst id="CHINng">15507.6853333333</dst>
            <dst id="DNVRng">1202.816</dst>
            <dst id="HSTNng">5639.21066666667</dst>
            <dst id="IPLSng">2147.76266666667</dst>
            <dst id="KSCYng">3045.36266666667</dst>
            <dst id="LOSAng">3247.94133333333</dst>
            <dst id="NYCMng">6472.43733333333</dst>
            <dst id="SNVAng">146.474666666667</dst>
            <dst id="STTLng">2767.34933333333</dst>
            <dst id="WASHng">6885.83733333333</dst>
        </src>
        <src id="IPLSng">
            <dst id="ATLA-M5">280.184</dst>
            <dst id="ATLAng">14410.7066666667</dst>
            <dst id="CHINng">92630.2826666667</dst>
            <dst id="DNVRng">21577.1253333333</dst>
            <dst id="HSTNng">3690.18933333333</dst>
            <dst id="IPLSng">29060.784</dst>
            <dst id="KSCYng">6259.60266666667</dst>
            <dst id="LOSAng">30988.5173333333</dst>
            <dst id="NYCMng">47587.6426666667</dst>
            <dst id="SNVAng">841.357333333333</dst>
            <dst id="STTLng">13258.7653333333</dst>
            <dst id="WASHng">48283.824</dst>
        </src>
        <src id="KSCYng">
            <dst id="ATLA-M5">183.906666666667</dst>
            <dst id="ATLAng">2303.78666666667</dst>
            <dst id="CHINng">26051.8773333333</dst>
            <dst id="DNVRng">13049.4106666667</dst>
            <dst id="HSTNng">3080.63733333333</dst>
            <dst id="IPLSng">15148.728</dst>
            <dst id="KSCYng">6356.71733333333</dst>
            <dst id="LOSAng">6701.16533333333</dst>
            <dst id="NYCMng">14813.8106666667</dst>
            <dst id="SNVAng">1202.48</dst>
            <dst id="STTLng">1900.84533333333</dst>
            <dst id="WASHng">24801.6933333333</dst>
        </src>
        <src id="LOSAng">
            <dst id="ATLA-M5">3346.392</dst>
            <dst id="ATLAng">24274.24</dst>
            <dst id="CHINng">1080555.62666667</dst>
            <dst id="DNVRng">6893.024</dst>
            <dst id="HSTNng">10065.4186666667</dst>
            <dst id="IPLSng">43634.3066666667</dst>
            <dst id="KSCYng">12562.648</dst>
            <dst id="LOSAng">9510.664</dst>
            <dst id="NYCMng">72550.512</dst>
            <dst id="SNVAng">11084.8986666667</dst>
            <dst id="STTLng">28754.0666666667</dst>
            <dst id="WASHng">149455.602666667</dst>
        </src>
        <src id="NYCMng">
            <dst id="ATLA-M5">1077.60533333333</dst>
            <dst id="ATLAng">34167.96</dst>
            <dst id="CHINng">69708</dst>
            <dst id="DNVRng">41318.224</dst>
            <dst id="HSTNng">9547.92</dst>
            <dst id="IPLSng">48997.9573333333</dst>
            <dst id="KSCYng">14986.464</dst>
            <dst id="LOSAng">36246.904</dst>
            <dst id="NYCMng">181444.776</dst>
            <dst id="SNVAng">1672.928</dst>
            <dst id="STTLng">22775.76</dst>
            <dst id="WASHng">168076.832</dst>
        </src>
        <src id="SNVAng">
            <dst id="ATLA-M5">0</dst>
            <dst id="ATLAng">53.3333333333333</dst>
            <dst id="CHINng">1354.74666666667</dst>
            <dst id="DNVRng">5644.40266666667</dst>
            <dst id="HSTNng">4255.09333333333</dst>
            <dst id="IPLSng">399.826666666667</dst>
            <dst id="KSCYng">26.6666666666667</dst>
            <dst id="LOSAng">33685.0533333333</dst>
            <dst id="NYCMng">1260.91466666667</dst>
            <dst id="SNVAng">13865.5493333333</dst>
            <dst id="STTLng">53891.1333333333</dst>
            <dst id="WASHng">816.754666666667</dst>
        </src>
        <src id="STTLng">
            <dst id="ATLA-M5">89.3653333333333</dst>
            <dst id="ATLAng">8046.09066666667</dst>
            <dst id="CHINng">12270.9626666667</dst>
            <dst id="DNVRng">1838.64533333333</dst>
            <dst id="HSTNng">12562.0053333333</dst>
            <dst id="IPLSng">6793.89066666666</dst>
            <dst id="KSCYng">5153.74933333333</dst>
            <dst id="LOSAng">18964.784</dst>
            <dst id="NYCMng">14821.7866666667</dst>
            <dst id="SNVAng">2723.24266666667</dst>
            <dst id="STTLng">5569.38133333333</dst>
            <dst id="WASHng">7624.504</dst>
        </src>
        <src id="WASHng">
            <dst id="ATLA-M5">1998.53066666667</dst>
            <dst id="ATLAng">212305.634666667</dst>
            <dst id="CHINng">92958.3973333333</dst>
            <dst id="DNVRng">57192.2026666667</dst>
            <dst id="HSTNng">18330.4026666667</dst>
            <dst id="IPLSng">56603.328</dst>
            <dst id="KSCYng">18365.7093333333</dst>
            <dst id="LOSAng">117200.656</dst>
            <dst id="NYCMng">171508.704</dst>
            <dst id="SNVAng">1193.032</dst>
            <dst id="STTLng">42546.76</dst>
            <dst id="WASHng">314976.48</dst>
        </src>
    </IntraTM>
</TrafficMatrixFile>
