<?xml version="1.0" encoding="ISO-8859-1" standalone="yes"?>
<TrafficMatrixFile xsi:noNamespaceSchemaLocation="http://totem.run.montefiore.ulg.ac.be/Schema/TrafficMatrix-v1_2.xsd" xmlns:xsi="http://www.w3.org/2001/XMLSchema-instance">
    <IntraTM ASID="11537">
        <src id="ATLA-M5">
            <dst id="ATLA-M5">1247.29333333333</dst>
            <dst id="ATLAng">28</dst>
            <dst id="CHINng">1335.744</dst>
            <dst id="DNVRng">80</dst>
            <dst id="HSTNng">259.629333333333</dst>
            <dst id="IPLSng">189.133333333333</dst>
            <dst id="KSCYng">171.442666666667</dst>
            <dst id="LOSAng">157.514666666667</dst>
            <dst id="NYCMng">159.738666666667</dst>
            <dst id="SNVAng">0</dst>
            <dst id="STTLng">39.672</dst>
            <dst id="WASHng">553.584</dst>
        </src>
        <src id="ATLAng">
            <dst id="ATLA-M5">90.7626666666667</dst>
            <dst id="ATLAng">31592.7226666667</dst>
            <dst id="CHINng">16046.6213333333</dst>
            <dst id="DNVRng">3972.10666666667</dst>
            <dst id="HSTNng">2961.328</dst>
            <dst id="IPLSng">15543.2613333333</dst>
            <dst id="KSCYng">2786.13866666667</dst>
            <dst id="LOSAng">27786.232</dst>
            <dst id="NYCMng">9186.33866666667</dst>
            <dst id="SNVAng">116.858666666667</dst>
            <dst id="STTLng">4484.41333333333</dst>
            <dst id="WASHng">52375.216</dst>
        </src>
        <src id="CHINng">
            <dst id="ATLA-M5">833.666666666667</dst>
            <dst id="ATLAng">21849.592</dst>
            <dst id="CHINng">101712.085333333</dst>
            <dst id="DNVRng">20367.8586666667</dst>
            <dst id="HSTNng">42727.9466666667</dst>
            <dst id="IPLSng">55746.3733333333</dst>
            <dst id="KSCYng">15856.9226666667</dst>
            <dst id="LOSAng">35230.5706666667</dst>
            <dst id="NYCMng">21529.016</dst>
            <dst id="SNVAng">732.986666666667</dst>
            <dst id="STTLng">12163.24</dst>
            <dst id="WASHng">30412.1386666667</dst>
        </src>
        <src id="DNVRng">
            <dst id="ATLA-M5">307.045333333333</dst>
            <dst id="ATLAng">5662.296</dst>
            <dst id="CHINng">56146.3386666667</dst>
            <dst id="DNVRng">13225.6453333333</dst>
            <dst id="HSTNng">18038.8773333333</dst>
            <dst id="IPLSng">30794.9946666667</dst>
            <dst id="KSCYng">17159.0053333333</dst>
            <dst id="LOSAng">7561.67466666667</dst>
            <dst id="NYCMng">14070.2853333333</dst>
            <dst id="SNVAng">11465.3146666667</dst>
            <dst id="STTLng">10087.848</dst>
            <dst id="WASHng">52766.5813333333</dst>
        </src>
        <src id="HSTNng">
            <dst id="ATLA-M5">4801.60266666667</dst>
            <dst id="ATLAng">1074.77866666667</dst>
            <dst id="CHINng">18504.008</dst>
            <dst id="DNVRng">2458.36</dst>
            <dst id="HSTNng">7863.53333333333</dst>
            <dst id="IPLSng">1755.432</dst>
            <dst id="KSCYng">2865.62933333333</dst>
            <dst id="LOSAng">3837.424</dst>
            <dst id="NYCMng">4607.59733333333</dst>
            <dst id="SNVAng">392.261333333333</dst>
            <dst id="STTLng">1519.88533333333</dst>
            <dst id="WASHng">11848.9813333333</dst>
        </src>
        <src id="IPLSng">
            <dst id="ATLA-M5">274.810666666667</dst>
            <dst id="ATLAng">14668.7813333333</dst>
            <dst id="CHINng">95555.9306666667</dst>
            <dst id="DNVRng">23030.6506666667</dst>
            <dst id="HSTNng">3731.376</dst>
            <dst id="IPLSng">29180.16</dst>
            <dst id="KSCYng">7078.01333333333</dst>
            <dst id="LOSAng">26495.208</dst>
            <dst id="NYCMng">59536.3813333333</dst>
            <dst id="SNVAng">851.784</dst>
            <dst id="STTLng">9901.89866666667</dst>
            <dst id="WASHng">26283.4933333333</dst>
        </src>
        <src id="KSCYng">
            <dst id="ATLA-M5">188.872</dst>
            <dst id="ATLAng">2243.71466666667</dst>
            <dst id="CHINng">36860.2693333333</dst>
            <dst id="DNVRng">15224.8453333333</dst>
            <dst id="HSTNng">3123.832</dst>
            <dst id="IPLSng">35409.064</dst>
            <dst id="KSCYng">10767.784</dst>
            <dst id="LOSAng">5089.89866666667</dst>
            <dst id="NYCMng">6085.976</dst>
            <dst id="SNVAng">1221.98133333333</dst>
            <dst id="STTLng">1923.50666666667</dst>
            <dst id="WASHng">12809.48</dst>
        </src>
        <src id="LOSAng">
            <dst id="ATLA-M5">2276.10666666667</dst>
            <dst id="ATLAng">22630.816</dst>
            <dst id="CHINng">91695.5413333333</dst>
            <dst id="DNVRng">8660.37866666667</dst>
            <dst id="HSTNng">8117.23466666667</dst>
            <dst id="IPLSng">39432.456</dst>
            <dst id="KSCYng">11609.1946666667</dst>
            <dst id="LOSAng">13489.9386666667</dst>
            <dst id="NYCMng">70640.5893333333</dst>
            <dst id="SNVAng">9892.43733333333</dst>
            <dst id="STTLng">20048.6213333333</dst>
            <dst id="WASHng">141679.754666667</dst>
        </src>
        <src id="NYCMng">
            <dst id="ATLA-M5">864.312</dst>
            <dst id="ATLAng">25104.264</dst>
            <dst id="CHINng">44479.1466666667</dst>
            <dst id="DNVRng">30932.232</dst>
            <dst id="HSTNng">7675.45333333333</dst>
            <dst id="IPLSng">69027.8053333333</dst>
            <dst id="KSCYng">19974.4853333333</dst>
            <dst id="LOSAng">35924.9413333333</dst>
            <dst id="NYCMng">174334.744</dst>
            <dst id="SNVAng">1938.76</dst>
            <dst id="STTLng">21478.5866666667</dst>
            <dst id="WASHng">157671.829333333</dst>
        </src>
        <src id="SNVAng">
            <dst id="ATLA-M5">0</dst>
            <dst id="ATLAng">99.2213333333333</dst>
            <dst id="CHINng">949.229333333333</dst>
            <dst id="DNVRng">4105.76266666667</dst>
            <dst id="HSTNng">140.565333333333</dst>
            <dst id="IPLSng">523.330666666667</dst>
            <dst id="KSCYng">80</dst>
            <dst id="LOSAng">31232.312</dst>
            <dst id="NYCMng">3058.66933333333</dst>
            <dst id="SNVAng">13342.8186666667</dst>
            <dst id="STTLng">47240.832</dst>
            <dst id="WASHng">225.890666666667</dst>
        </src>
        <src id="STTLng">
            <dst id="ATLA-M5">94.0746666666667</dst>
            <dst id="ATLAng">8609.232</dst>
            <dst id="CHINng">14199.4533333333</dst>
            <dst id="DNVRng">2205.22666666667</dst>
            <dst id="HSTNng">6391.00266666667</dst>
            <dst id="IPLSng">3766.31466666667</dst>
            <dst id="KSCYng">5311.64</dst>
            <dst id="LOSAng">12346.6186666667</dst>
            <dst id="NYCMng">6475.73066666667</dst>
            <dst id="SNVAng">3882.688</dst>
            <dst id="STTLng">6583.61866666667</dst>
            <dst id="WASHng">9149.66933333333</dst>
        </src>
        <src id="WASHng">
            <dst id="ATLA-M5">230.72</dst>
            <dst id="ATLAng">284983.76</dst>
            <dst id="CHINng">78591.16</dst>
            <dst id="DNVRng">43940.2933333333</dst>
            <dst id="HSTNng">28935.1653333333</dst>
            <dst id="IPLSng">46773.936</dst>
            <dst id="KSCYng">18631.8773333333</dst>
            <dst id="LOSAng">100386.442666667</dst>
            <dst id="NYCMng">186582.493333333</dst>
            <dst id="SNVAng">1755.63733333333</dst>
            <dst id="STTLng">33264.5013333333</dst>
            <dst id="WASHng">289633.44</dst>
        </src>
    </IntraTM>
</TrafficMatrixFile>
