<?xml version="1.0" encoding="ISO-8859-1" standalone="yes"?>
<TrafficMatrixFile xsi:noNamespaceSchemaLocation="http://totem.run.montefiore.ulg.ac.be/Schema/TrafficMatrix-v1_2.xsd" xmlns:xsi="http://www.w3.org/2001/XMLSchema-instance">
    <IntraTM ASID="11537">
        <src id="ATLA-M5">
            <dst id="ATLA-M5">1217.02933333333</dst>
            <dst id="ATLAng">262.208</dst>
            <dst id="CHINng">290.28</dst>
            <dst id="DNVRng">53.3333333333333</dst>
            <dst id="HSTNng">157.088</dst>
            <dst id="IPLSng">241.744</dst>
            <dst id="KSCYng">66.792</dst>
            <dst id="LOSAng">87.048</dst>
            <dst id="NYCMng">53.3333333333333</dst>
            <dst id="SNVAng">0</dst>
            <dst id="STTLng">35.616</dst>
            <dst id="WASHng">772.392</dst>
        </src>
        <src id="ATLAng">
            <dst id="ATLA-M5">140.421333333333</dst>
            <dst id="ATLAng">31170.888</dst>
            <dst id="CHINng">15396.6746666667</dst>
            <dst id="DNVRng">2606.31466666667</dst>
            <dst id="HSTNng">2501.93866666667</dst>
            <dst id="IPLSng">14635.576</dst>
            <dst id="KSCYng">1473.528</dst>
            <dst id="LOSAng">20817.7493333333</dst>
            <dst id="NYCMng">20561.304</dst>
            <dst id="SNVAng">138.48</dst>
            <dst id="STTLng">4912.19466666667</dst>
            <dst id="WASHng">37599.4026666667</dst>
        </src>
        <src id="CHINng">
            <dst id="ATLA-M5">491.653333333333</dst>
            <dst id="ATLAng">27536.2506666667</dst>
            <dst id="CHINng">103973.856</dst>
            <dst id="DNVRng">15011.776</dst>
            <dst id="HSTNng">46033.4746666667</dst>
            <dst id="IPLSng">51816.7066666667</dst>
            <dst id="KSCYng">14249.528</dst>
            <dst id="LOSAng">38249.0133333333</dst>
            <dst id="NYCMng">22225.128</dst>
            <dst id="SNVAng">2059.75466666667</dst>
            <dst id="STTLng">11439.2026666667</dst>
            <dst id="WASHng">25044.6773333333</dst>
        </src>
        <src id="DNVRng">
            <dst id="ATLA-M5">260.357333333333</dst>
            <dst id="ATLAng">5025.64</dst>
            <dst id="CHINng">55932.4986666667</dst>
            <dst id="DNVRng">11725.0133333333</dst>
            <dst id="HSTNng">13854.1333333333</dst>
            <dst id="IPLSng">36206.6933333333</dst>
            <dst id="KSCYng">16404.712</dst>
            <dst id="LOSAng">5327.10133333333</dst>
            <dst id="NYCMng">23276.3066666667</dst>
            <dst id="SNVAng">11653.464</dst>
            <dst id="STTLng">11025.7973333333</dst>
            <dst id="WASHng">45224.8666666667</dst>
        </src>
        <src id="HSTNng">
            <dst id="ATLA-M5">3779.79733333333</dst>
            <dst id="ATLAng">2019.768</dst>
            <dst id="CHINng">16037.4906666667</dst>
            <dst id="DNVRng">2361.72533333333</dst>
            <dst id="HSTNng">12562.5226666667</dst>
            <dst id="IPLSng">4586.97866666667</dst>
            <dst id="KSCYng">1548.89333333333</dst>
            <dst id="LOSAng">3881.12266666667</dst>
            <dst id="NYCMng">6056.352</dst>
            <dst id="SNVAng">532.029333333333</dst>
            <dst id="STTLng">2150.85866666667</dst>
            <dst id="WASHng">8883.072</dst>
        </src>
        <src id="IPLSng">
            <dst id="ATLA-M5">539.864</dst>
            <dst id="ATLAng">18823.2986666667</dst>
            <dst id="CHINng">74498.5813333333</dst>
            <dst id="DNVRng">22998.264</dst>
            <dst id="HSTNng">2135.52533333333</dst>
            <dst id="IPLSng">26077.832</dst>
            <dst id="KSCYng">6169.592</dst>
            <dst id="LOSAng">19074.4026666667</dst>
            <dst id="NYCMng">42364.0373333333</dst>
            <dst id="SNVAng">1308.472</dst>
            <dst id="STTLng">8005.72266666667</dst>
            <dst id="WASHng">28892.6213333333</dst>
        </src>
        <src id="KSCYng">
            <dst id="ATLA-M5">69.6826666666667</dst>
            <dst id="ATLAng">3446.22666666667</dst>
            <dst id="CHINng">21284.4533333333</dst>
            <dst id="DNVRng">17599.976</dst>
            <dst id="HSTNng">3997.29866666667</dst>
            <dst id="IPLSng">21130.5866666667</dst>
            <dst id="KSCYng">9632.72</dst>
            <dst id="LOSAng">6576.24266666667</dst>
            <dst id="NYCMng">5040.11466666667</dst>
            <dst id="SNVAng">1240.65066666667</dst>
            <dst id="STTLng">1600.25333333333</dst>
            <dst id="WASHng">14598.24</dst>
        </src>
        <src id="LOSAng">
            <dst id="ATLA-M5">1402.328</dst>
            <dst id="ATLAng">24236.3706666667</dst>
            <dst id="CHINng">84061.104</dst>
            <dst id="DNVRng">8317.136</dst>
            <dst id="HSTNng">6711.87466666667</dst>
            <dst id="IPLSng">49184.8533333333</dst>
            <dst id="KSCYng">8919.99733333333</dst>
            <dst id="LOSAng">11711.712</dst>
            <dst id="NYCMng">61158.3493333333</dst>
            <dst id="SNVAng">7862.89866666667</dst>
            <dst id="STTLng">18347.736</dst>
            <dst id="WASHng">141079.898666667</dst>
        </src>
        <src id="NYCMng">
            <dst id="ATLA-M5">2706.07733333333</dst>
            <dst id="ATLAng">31837.6213333333</dst>
            <dst id="CHINng">49077.1813333333</dst>
            <dst id="DNVRng">33631.2106666667</dst>
            <dst id="HSTNng">7102.32266666667</dst>
            <dst id="IPLSng">52756.4933333333</dst>
            <dst id="KSCYng">12407.1573333333</dst>
            <dst id="LOSAng">40853.2693333333</dst>
            <dst id="NYCMng">145454.386666667</dst>
            <dst id="SNVAng">2076.44266666667</dst>
            <dst id="STTLng">21392.2586666667</dst>
            <dst id="WASHng">102659.424</dst>
        </src>
        <src id="SNVAng">
            <dst id="ATLA-M5">0</dst>
            <dst id="ATLAng">295.405333333333</dst>
            <dst id="CHINng">1517.29066666667</dst>
            <dst id="DNVRng">3951.50133333333</dst>
            <dst id="HSTNng">1250.18133333333</dst>
            <dst id="IPLSng">199.936</dst>
            <dst id="KSCYng">53.3333333333333</dst>
            <dst id="LOSAng">35029.9973333333</dst>
            <dst id="NYCMng">647.858666666667</dst>
            <dst id="SNVAng">14897.84</dst>
            <dst id="STTLng">53552.5226666667</dst>
            <dst id="WASHng">251.992</dst>
        </src>
        <src id="STTLng">
            <dst id="ATLA-M5">142.568</dst>
            <dst id="ATLAng">7687.93333333334</dst>
            <dst id="CHINng">12671.992</dst>
            <dst id="DNVRng">2477.73066666667</dst>
            <dst id="HSTNng">6408.064</dst>
            <dst id="IPLSng">3630.224</dst>
            <dst id="KSCYng">5658.8</dst>
            <dst id="LOSAng">14025.7573333333</dst>
            <dst id="NYCMng">9023.07466666666</dst>
            <dst id="SNVAng">4080.26933333333</dst>
            <dst id="STTLng">5513.72</dst>
            <dst id="WASHng">9161.76266666667</dst>
        </src>
        <src id="WASHng">
            <dst id="ATLA-M5">293.853333333333</dst>
            <dst id="ATLAng">81407.9333333333</dst>
            <dst id="CHINng">63356.712</dst>
            <dst id="DNVRng">45184.9173333333</dst>
            <dst id="HSTNng">28253.0613333333</dst>
            <dst id="IPLSng">48257.8773333333</dst>
            <dst id="KSCYng">20401.5226666667</dst>
            <dst id="LOSAng">97382.0613333333</dst>
            <dst id="NYCMng">163924.496</dst>
            <dst id="SNVAng">2933.83466666667</dst>
            <dst id="STTLng">31994.3573333333</dst>
            <dst id="WASHng">260846.778666667</dst>
        </src>
    </IntraTM>
</TrafficMatrixFile>
