<?xml version="1.0" encoding="ISO-8859-1" standalone="yes"?>
<TrafficMatrixFile xsi:noNamespaceSchemaLocation="http://totem.run.montefiore.ulg.ac.be/Schema/TrafficMatrix-v1_2.xsd" xmlns:xsi="http://www.w3.org/2001/XMLSchema-instance">
    <IntraTM ASID="11537">
        <src id="ATLA-M5">
            <dst id="ATLA-M5">26.6666666666667</dst>
            <dst id="ATLAng">80</dst>
            <dst id="CHINng">678.96</dst>
            <dst id="DNVRng">26.6666666666667</dst>
            <dst id="HSTNng">82.4293333333333</dst>
            <dst id="IPLSng">252.632</dst>
            <dst id="KSCYng">513.84</dst>
            <dst id="LOSAng">284.906666666667</dst>
            <dst id="NYCMng">543.930666666667</dst>
            <dst id="SNVAng">88.5253333333333</dst>
            <dst id="STTLng">26.6666666666667</dst>
            <dst id="WASHng">926.624</dst>
        </src>
        <src id="ATLAng">
            <dst id="ATLA-M5">934.056</dst>
            <dst id="ATLAng">52234.496</dst>
            <dst id="CHINng">25588.304</dst>
            <dst id="DNVRng">6727.71733333333</dst>
            <dst id="HSTNng">4615.57066666667</dst>
            <dst id="IPLSng">25602.6346666667</dst>
            <dst id="KSCYng">3013.12</dst>
            <dst id="LOSAng">28250.7146666667</dst>
            <dst id="NYCMng">10239.568</dst>
            <dst id="SNVAng">758.256</dst>
            <dst id="STTLng">5053.89866666667</dst>
            <dst id="WASHng">37074.3733333333</dst>
        </src>
        <src id="CHINng">
            <dst id="ATLA-M5">573.512</dst>
            <dst id="ATLAng">28040.0506666667</dst>
            <dst id="CHINng">98396.016</dst>
            <dst id="DNVRng">18443.792</dst>
            <dst id="HSTNng">56219.576</dst>
            <dst id="IPLSng">48119.2773333333</dst>
            <dst id="KSCYng">16118.0346666667</dst>
            <dst id="LOSAng">75050.5786666667</dst>
            <dst id="NYCMng">22821.3546666667</dst>
            <dst id="SNVAng">4533.208</dst>
            <dst id="STTLng">12880.7706666667</dst>
            <dst id="WASHng">32300.9493333333</dst>
        </src>
        <src id="DNVRng">
            <dst id="ATLA-M5">147.184</dst>
            <dst id="ATLAng">5200.60533333333</dst>
            <dst id="CHINng">75504.8373333333</dst>
            <dst id="DNVRng">12300.7013333333</dst>
            <dst id="HSTNng">14326.72</dst>
            <dst id="IPLSng">29722.7973333333</dst>
            <dst id="KSCYng">16494.8933333333</dst>
            <dst id="LOSAng">5954.38133333333</dst>
            <dst id="NYCMng">20560.6506666667</dst>
            <dst id="SNVAng">9271.03466666667</dst>
            <dst id="STTLng">8405.44266666667</dst>
            <dst id="WASHng">58805.696</dst>
        </src>
        <src id="HSTNng">
            <dst id="ATLA-M5">607.786666666667</dst>
            <dst id="ATLAng">2844.65066666667</dst>
            <dst id="CHINng">12785.9733333333</dst>
            <dst id="DNVRng">3795.66666666667</dst>
            <dst id="HSTNng">11674.2026666667</dst>
            <dst id="IPLSng">4215.77333333333</dst>
            <dst id="KSCYng">3273.152</dst>
            <dst id="LOSAng">5414.08</dst>
            <dst id="NYCMng">3535.76266666667</dst>
            <dst id="SNVAng">1505.82666666667</dst>
            <dst id="STTLng">2427.32533333333</dst>
            <dst id="WASHng">7647.888</dst>
        </src>
        <src id="IPLSng">
            <dst id="ATLA-M5">437.845333333333</dst>
            <dst id="ATLAng">40399.6853333333</dst>
            <dst id="CHINng">113221.602666667</dst>
            <dst id="DNVRng">14584.4986666667</dst>
            <dst id="HSTNng">13368.1386666667</dst>
            <dst id="IPLSng">22672.704</dst>
            <dst id="KSCYng">17392.4133333333</dst>
            <dst id="LOSAng">40237.2586666667</dst>
            <dst id="NYCMng">55391.88</dst>
            <dst id="SNVAng">1560.63466666667</dst>
            <dst id="STTLng">9828.84</dst>
            <dst id="WASHng">46968.536</dst>
        </src>
        <src id="KSCYng">
            <dst id="ATLA-M5">99.1253333333333</dst>
            <dst id="ATLAng">3242.384</dst>
            <dst id="CHINng">24032.9146666667</dst>
            <dst id="DNVRng">16712.8026666667</dst>
            <dst id="HSTNng">4288.712</dst>
            <dst id="IPLSng">12053.04</dst>
            <dst id="KSCYng">9547.584</dst>
            <dst id="LOSAng">7951.06933333333</dst>
            <dst id="NYCMng">4794.55466666667</dst>
            <dst id="SNVAng">971.642666666667</dst>
            <dst id="STTLng">2199.856</dst>
            <dst id="WASHng">15140.04</dst>
        </src>
        <src id="LOSAng">
            <dst id="ATLA-M5">1230.17333333333</dst>
            <dst id="ATLAng">28877.256</dst>
            <dst id="CHINng">87350.272</dst>
            <dst id="DNVRng">16236.2453333333</dst>
            <dst id="HSTNng">23628.6613333333</dst>
            <dst id="IPLSng">40105.568</dst>
            <dst id="KSCYng">9477.67733333333</dst>
            <dst id="LOSAng">13839.424</dst>
            <dst id="NYCMng">65653.8053333333</dst>
            <dst id="SNVAng">6628.52</dst>
            <dst id="STTLng">29317.6586666667</dst>
            <dst id="WASHng">127229.373333333</dst>
        </src>
        <src id="NYCMng">
            <dst id="ATLA-M5">666.293333333333</dst>
            <dst id="ATLAng">34146.1813333333</dst>
            <dst id="CHINng">58607.04</dst>
            <dst id="DNVRng">33717.872</dst>
            <dst id="HSTNng">14636.2933333333</dst>
            <dst id="IPLSng">66563.848</dst>
            <dst id="KSCYng">19719.3973333333</dst>
            <dst id="LOSAng">82020.4133333333</dst>
            <dst id="NYCMng">164837.344</dst>
            <dst id="SNVAng">5136.61866666667</dst>
            <dst id="STTLng">21905.7386666667</dst>
            <dst id="WASHng">190814.658666667</dst>
        </src>
        <src id="SNVAng">
            <dst id="ATLA-M5">0</dst>
            <dst id="ATLAng">80</dst>
            <dst id="CHINng">3300.86666666667</dst>
            <dst id="DNVRng">10559.5013333333</dst>
            <dst id="HSTNng">419.44</dst>
            <dst id="IPLSng">1165.848</dst>
            <dst id="KSCYng">491.642666666667</dst>
            <dst id="LOSAng">58579.7413333334</dst>
            <dst id="NYCMng">1016.46666666667</dst>
            <dst id="SNVAng">20931.6826666667</dst>
            <dst id="STTLng">58730.3466666667</dst>
            <dst id="WASHng">967.736</dst>
        </src>
        <src id="STTLng">
            <dst id="ATLA-M5">165.901333333333</dst>
            <dst id="ATLAng">11511.4</dst>
            <dst id="CHINng">8953.17066666667</dst>
            <dst id="DNVRng">1961.70933333333</dst>
            <dst id="HSTNng">7298.144</dst>
            <dst id="IPLSng">10789.696</dst>
            <dst id="KSCYng">3780.03733333333</dst>
            <dst id="LOSAng">20490.0133333333</dst>
            <dst id="NYCMng">5480.4</dst>
            <dst id="SNVAng">4374.75733333333</dst>
            <dst id="STTLng">4016.22133333333</dst>
            <dst id="WASHng">5505.74133333333</dst>
        </src>
        <src id="WASHng">
            <dst id="ATLA-M5">294.888</dst>
            <dst id="ATLAng">86956.9946666667</dst>
            <dst id="CHINng">73881.592</dst>
            <dst id="DNVRng">61783.6693333333</dst>
            <dst id="HSTNng">26310.912</dst>
            <dst id="IPLSng">70855.968</dst>
            <dst id="KSCYng">26491.4053333333</dst>
            <dst id="LOSAng">108213.074666667</dst>
            <dst id="NYCMng">174487.250666667</dst>
            <dst id="SNVAng">3859.248</dst>
            <dst id="STTLng">34955.4506666667</dst>
            <dst id="WASHng">343652.346666667</dst>
        </src>
    </IntraTM>
</TrafficMatrixFile>
