<?xml version="1.0" encoding="ISO-8859-1" standalone="yes"?>
<TrafficMatrixFile xsi:noNamespaceSchemaLocation="http://totem.run.montefiore.ulg.ac.be/Schema/TrafficMatrix-v1_2.xsd" xmlns:xsi="http://www.w3.org/2001/XMLSchema-instance">
    <IntraTM ASID="11537">
        <src id="ATLA-M5">
            <dst id="ATLA-M5">76.0613333333333</dst>
            <dst id="ATLAng">120.672</dst>
            <dst id="CHINng">407.058666666667</dst>
            <dst id="DNVRng">110.762666666667</dst>
            <dst id="HSTNng">1016.26666666667</dst>
            <dst id="IPLSng">713.768</dst>
            <dst id="KSCYng">737.768</dst>
            <dst id="LOSAng">934.098666666667</dst>
            <dst id="NYCMng">327.648</dst>
            <dst id="SNVAng">26.6666666666667</dst>
            <dst id="STTLng">0</dst>
            <dst id="WASHng">541.194666666667</dst>
        </src>
        <src id="ATLAng">
            <dst id="ATLA-M5">270.189333333333</dst>
            <dst id="ATLAng">45394.6266666667</dst>
            <dst id="CHINng">42046.5973333333</dst>
            <dst id="DNVRng">5490.08266666667</dst>
            <dst id="HSTNng">5440.37066666666</dst>
            <dst id="IPLSng">23402.7973333333</dst>
            <dst id="KSCYng">4469.92533333333</dst>
            <dst id="LOSAng">38958.0373333333</dst>
            <dst id="NYCMng">7807.2</dst>
            <dst id="SNVAng">784.510666666667</dst>
            <dst id="STTLng">6350.944</dst>
            <dst id="WASHng">38796.008</dst>
        </src>
        <src id="CHINng">
            <dst id="ATLA-M5">958.154666666667</dst>
            <dst id="ATLAng">36288.528</dst>
            <dst id="CHINng">80730.2666666667</dst>
            <dst id="DNVRng">23641.3066666667</dst>
            <dst id="HSTNng">52714.4826666667</dst>
            <dst id="IPLSng">58146.4266666667</dst>
            <dst id="KSCYng">16445.104</dst>
            <dst id="LOSAng">66361.9733333333</dst>
            <dst id="NYCMng">21933.0266666667</dst>
            <dst id="SNVAng">6138.12533333333</dst>
            <dst id="STTLng">13795.2266666667</dst>
            <dst id="WASHng">26477.9386666667</dst>
        </src>
        <src id="DNVRng">
            <dst id="ATLA-M5">1040.22666666667</dst>
            <dst id="ATLAng">4413.01333333333</dst>
            <dst id="CHINng">69340.0133333333</dst>
            <dst id="DNVRng">12200.7733333333</dst>
            <dst id="HSTNng">14245.7093333333</dst>
            <dst id="IPLSng">29788.2586666667</dst>
            <dst id="KSCYng">15938.608</dst>
            <dst id="LOSAng">4190.33066666667</dst>
            <dst id="NYCMng">23016.5333333333</dst>
            <dst id="SNVAng">11196.952</dst>
            <dst id="STTLng">9473.57066666667</dst>
            <dst id="WASHng">48791.7626666667</dst>
        </src>
        <src id="HSTNng">
            <dst id="ATLA-M5">2848.45066666667</dst>
            <dst id="ATLAng">2996.72533333333</dst>
            <dst id="CHINng">15986.896</dst>
            <dst id="DNVRng">5035.52266666667</dst>
            <dst id="HSTNng">6268.52266666667</dst>
            <dst id="IPLSng">6315.48266666667</dst>
            <dst id="KSCYng">4515.29333333333</dst>
            <dst id="LOSAng">12200.5333333333</dst>
            <dst id="NYCMng">5444.368</dst>
            <dst id="SNVAng">1205.112</dst>
            <dst id="STTLng">2907.736</dst>
            <dst id="WASHng">8246.79466666666</dst>
        </src>
        <src id="IPLSng">
            <dst id="ATLA-M5">903.208</dst>
            <dst id="ATLAng">33543.8746666667</dst>
            <dst id="CHINng">104144.181333333</dst>
            <dst id="DNVRng">16276.8906666667</dst>
            <dst id="HSTNng">5107.78933333333</dst>
            <dst id="IPLSng">29915.824</dst>
            <dst id="KSCYng">9010.96</dst>
            <dst id="LOSAng">53856.3226666667</dst>
            <dst id="NYCMng">60993.784</dst>
            <dst id="SNVAng">2205.33066666667</dst>
            <dst id="STTLng">9448.528</dst>
            <dst id="WASHng">42745.4133333333</dst>
        </src>
        <src id="KSCYng">
            <dst id="ATLA-M5">166.874666666667</dst>
            <dst id="ATLAng">3077.56533333333</dst>
            <dst id="CHINng">26129.776</dst>
            <dst id="DNVRng">17755.568</dst>
            <dst id="HSTNng">3891.36533333333</dst>
            <dst id="IPLSng">17632.952</dst>
            <dst id="KSCYng">8627.22933333333</dst>
            <dst id="LOSAng">6579.632</dst>
            <dst id="NYCMng">4476.54933333333</dst>
            <dst id="SNVAng">487.416</dst>
            <dst id="STTLng">3673.54933333333</dst>
            <dst id="WASHng">25821.9626666667</dst>
        </src>
        <src id="LOSAng">
            <dst id="ATLA-M5">1855.68</dst>
            <dst id="ATLAng">20530.408</dst>
            <dst id="CHINng">111510.277333333</dst>
            <dst id="DNVRng">17158.92</dst>
            <dst id="HSTNng">16156.528</dst>
            <dst id="IPLSng">64084.2453333333</dst>
            <dst id="KSCYng">10742.4106666667</dst>
            <dst id="LOSAng">20796.1013333333</dst>
            <dst id="NYCMng">72625.9546666667</dst>
            <dst id="SNVAng">8105.024</dst>
            <dst id="STTLng">32338.3573333333</dst>
            <dst id="WASHng">110243.12</dst>
        </src>
        <src id="NYCMng">
            <dst id="ATLA-M5">2268.82133333333</dst>
            <dst id="ATLAng">53027.808</dst>
            <dst id="CHINng">63310.84</dst>
            <dst id="DNVRng">38755.184</dst>
            <dst id="HSTNng">17601.224</dst>
            <dst id="IPLSng">56082.8906666667</dst>
            <dst id="KSCYng">18350.4346666667</dst>
            <dst id="LOSAng">75829.3413333333</dst>
            <dst id="NYCMng">167612.626666667</dst>
            <dst id="SNVAng">6492.86666666667</dst>
            <dst id="STTLng">26629.7733333333</dst>
            <dst id="WASHng">148674.592</dst>
        </src>
        <src id="SNVAng">
            <dst id="ATLA-M5">26.6666666666667</dst>
            <dst id="ATLAng">91.2746666666667</dst>
            <dst id="CHINng">2162.48533333333</dst>
            <dst id="DNVRng">4744.12</dst>
            <dst id="HSTNng">541.349333333333</dst>
            <dst id="IPLSng">5974.21066666667</dst>
            <dst id="KSCYng">766.341333333333</dst>
            <dst id="LOSAng">52834.608</dst>
            <dst id="NYCMng">840.36</dst>
            <dst id="SNVAng">21145.2506666667</dst>
            <dst id="STTLng">67605.928</dst>
            <dst id="WASHng">1273.85866666667</dst>
        </src>
        <src id="STTLng">
            <dst id="ATLA-M5">255.536</dst>
            <dst id="ATLAng">13498</dst>
            <dst id="CHINng">12322.3333333333</dst>
            <dst id="DNVRng">2909.31733333333</dst>
            <dst id="HSTNng">5443.12</dst>
            <dst id="IPLSng">9620.91733333333</dst>
            <dst id="KSCYng">4088.69066666667</dst>
            <dst id="LOSAng">20999.096</dst>
            <dst id="NYCMng">6875.74933333334</dst>
            <dst id="SNVAng">4259.36266666667</dst>
            <dst id="STTLng">4089.49066666667</dst>
            <dst id="WASHng">9195.768</dst>
        </src>
        <src id="WASHng">
            <dst id="ATLA-M5">1818.79733333333</dst>
            <dst id="ATLAng">87931.184</dst>
            <dst id="CHINng">94793.4933333333</dst>
            <dst id="DNVRng">55413.24</dst>
            <dst id="HSTNng">30887.624</dst>
            <dst id="IPLSng">74276.2133333333</dst>
            <dst id="KSCYng">26035.48</dst>
            <dst id="LOSAng">119189.784</dst>
            <dst id="NYCMng">150431.354666667</dst>
            <dst id="SNVAng">4341.4</dst>
            <dst id="STTLng">32639.5973333333</dst>
            <dst id="WASHng">200925.690666667</dst>
        </src>
    </IntraTM>
</TrafficMatrixFile>
