<?xml version="1.0" encoding="ISO-8859-1" standalone="yes"?>
<TrafficMatrixFile xsi:noNamespaceSchemaLocation="http://totem.run.montefiore.ulg.ac.be/Schema/TrafficMatrix-v1_2.xsd" xmlns:xsi="http://www.w3.org/2001/XMLSchema-instance">
    <IntraTM ASID="11537">
        <src id="ATLA-M5">
            <dst id="ATLA-M5">63.7013333333333</dst>
            <dst id="ATLAng">508.938666666667</dst>
            <dst id="CHINng">855.488</dst>
            <dst id="DNVRng">34.848</dst>
            <dst id="HSTNng">131.176</dst>
            <dst id="IPLSng">679.914666666667</dst>
            <dst id="KSCYng">476.709333333333</dst>
            <dst id="LOSAng">614.832</dst>
            <dst id="NYCMng">940.352</dst>
            <dst id="SNVAng">0</dst>
            <dst id="STTLng">80</dst>
            <dst id="WASHng">486.477333333333</dst>
        </src>
        <src id="ATLAng">
            <dst id="ATLA-M5">1161.872</dst>
            <dst id="ATLAng">38643.1546666667</dst>
            <dst id="CHINng">42277.552</dst>
            <dst id="DNVRng">5619.54133333333</dst>
            <dst id="HSTNng">9258.83466666667</dst>
            <dst id="IPLSng">23012.776</dst>
            <dst id="KSCYng">2423.49866666667</dst>
            <dst id="LOSAng">40364.6693333333</dst>
            <dst id="NYCMng">9251.25333333333</dst>
            <dst id="SNVAng">739.802666666667</dst>
            <dst id="STTLng">4827.50933333333</dst>
            <dst id="WASHng">50567.704</dst>
        </src>
        <src id="CHINng">
            <dst id="ATLA-M5">1910.67466666667</dst>
            <dst id="ATLAng">42926.2373333333</dst>
            <dst id="CHINng">98238.976</dst>
            <dst id="DNVRng">22689.8026666667</dst>
            <dst id="HSTNng">57018.1626666667</dst>
            <dst id="IPLSng">57641.496</dst>
            <dst id="KSCYng">14019.3813333333</dst>
            <dst id="LOSAng">2052748.32</dst>
            <dst id="NYCMng">21074.792</dst>
            <dst id="SNVAng">2269.35466666667</dst>
            <dst id="STTLng">18328.7946666667</dst>
            <dst id="WASHng">23775.9013333333</dst>
        </src>
        <src id="DNVRng">
            <dst id="ATLA-M5">216.904</dst>
            <dst id="ATLAng">12790.6</dst>
            <dst id="CHINng">59848.7413333334</dst>
            <dst id="DNVRng">9694.144</dst>
            <dst id="HSTNng">16186.7813333333</dst>
            <dst id="IPLSng">30453.24</dst>
            <dst id="KSCYng">23540.0186666667</dst>
            <dst id="LOSAng">16445.52</dst>
            <dst id="NYCMng">16035.512</dst>
            <dst id="SNVAng">9925.93066666667</dst>
            <dst id="STTLng">9694.32</dst>
            <dst id="WASHng">52042.656</dst>
        </src>
        <src id="HSTNng">
            <dst id="ATLA-M5">4746.11733333333</dst>
            <dst id="ATLAng">4653.128</dst>
            <dst id="CHINng">23333.7813333333</dst>
            <dst id="DNVRng">4592.56</dst>
            <dst id="HSTNng">4814.05866666667</dst>
            <dst id="IPLSng">6124.06933333333</dst>
            <dst id="KSCYng">3549.60533333333</dst>
            <dst id="LOSAng">6384.29866666667</dst>
            <dst id="NYCMng">3918.632</dst>
            <dst id="SNVAng">1045.688</dst>
            <dst id="STTLng">9890.99733333333</dst>
            <dst id="WASHng">8036.82666666667</dst>
        </src>
        <src id="IPLSng">
            <dst id="ATLA-M5">513.616</dst>
            <dst id="ATLAng">19459.9146666667</dst>
            <dst id="CHINng">109108.96</dst>
            <dst id="DNVRng">18387.5706666667</dst>
            <dst id="HSTNng">5424.104</dst>
            <dst id="IPLSng">13935.7066666667</dst>
            <dst id="KSCYng">13006.3466666667</dst>
            <dst id="LOSAng">55799.576</dst>
            <dst id="NYCMng">51849.5093333333</dst>
            <dst id="SNVAng">3308.608</dst>
            <dst id="STTLng">18909.904</dst>
            <dst id="WASHng">36766.5386666667</dst>
        </src>
        <src id="KSCYng">
            <dst id="ATLA-M5">1055.50933333333</dst>
            <dst id="ATLAng">2167.41866666667</dst>
            <dst id="CHINng">25860.3546666667</dst>
            <dst id="DNVRng">9217.112</dst>
            <dst id="HSTNng">6221.05866666667</dst>
            <dst id="IPLSng">11457.408</dst>
            <dst id="KSCYng">5500.46933333333</dst>
            <dst id="LOSAng">8676.69866666667</dst>
            <dst id="NYCMng">7329.248</dst>
            <dst id="SNVAng">1092.49066666667</dst>
            <dst id="STTLng">1322.336</dst>
            <dst id="WASHng">14399.72</dst>
        </src>
        <src id="LOSAng">
            <dst id="ATLA-M5">1340.632</dst>
            <dst id="ATLAng">26977.8453333333</dst>
            <dst id="CHINng">890629.173333334</dst>
            <dst id="DNVRng">9596.128</dst>
            <dst id="HSTNng">15395.592</dst>
            <dst id="IPLSng">32425.76</dst>
            <dst id="KSCYng">10931.688</dst>
            <dst id="LOSAng">10499.6693333333</dst>
            <dst id="NYCMng">86956.8346666667</dst>
            <dst id="SNVAng">12513.584</dst>
            <dst id="STTLng">24647.92</dst>
            <dst id="WASHng">118333.589333333</dst>
        </src>
        <src id="NYCMng">
            <dst id="ATLA-M5">836.952</dst>
            <dst id="ATLAng">30630.8693333333</dst>
            <dst id="CHINng">54378.4693333333</dst>
            <dst id="DNVRng">41010.4293333333</dst>
            <dst id="HSTNng">18407.2453333333</dst>
            <dst id="IPLSng">67209.9653333333</dst>
            <dst id="KSCYng">23859.2586666667</dst>
            <dst id="LOSAng">89194.3173333333</dst>
            <dst id="NYCMng">236577.136</dst>
            <dst id="SNVAng">6361.22933333333</dst>
            <dst id="STTLng">17371.9946666667</dst>
            <dst id="WASHng">139290.008</dst>
        </src>
        <src id="SNVAng">
            <dst id="ATLA-M5">355.936</dst>
            <dst id="ATLAng">1616.88533333333</dst>
            <dst id="CHINng">1724.76</dst>
            <dst id="DNVRng">6555.46933333333</dst>
            <dst id="HSTNng">1311.15733333333</dst>
            <dst id="IPLSng">1170.96533333333</dst>
            <dst id="KSCYng">595.68</dst>
            <dst id="LOSAng">44569.3013333333</dst>
            <dst id="NYCMng">1012.24266666667</dst>
            <dst id="SNVAng">17218.4453333333</dst>
            <dst id="STTLng">57923.8</dst>
            <dst id="WASHng">368.624</dst>
        </src>
        <src id="STTLng">
            <dst id="ATLA-M5">131.050666666667</dst>
            <dst id="ATLAng">12277.8026666667</dst>
            <dst id="CHINng">22661.5786666667</dst>
            <dst id="DNVRng">3492.672</dst>
            <dst id="HSTNng">10383.136</dst>
            <dst id="IPLSng">9534.52</dst>
            <dst id="KSCYng">4077.72</dst>
            <dst id="LOSAng">26386.2826666667</dst>
            <dst id="NYCMng">8164.41066666666</dst>
            <dst id="SNVAng">4754</dst>
            <dst id="STTLng">7673.22666666667</dst>
            <dst id="WASHng">10886.1253333333</dst>
        </src>
        <src id="WASHng">
            <dst id="ATLA-M5">806.733333333333</dst>
            <dst id="ATLAng">246456.768</dst>
            <dst id="CHINng">59762.728</dst>
            <dst id="DNVRng">36465.816</dst>
            <dst id="HSTNng">19850.4293333333</dst>
            <dst id="IPLSng">44678.2906666667</dst>
            <dst id="KSCYng">16962.2026666667</dst>
            <dst id="LOSAng">128039.128</dst>
            <dst id="NYCMng">170503.421333333</dst>
            <dst id="SNVAng">8927.27733333333</dst>
            <dst id="STTLng">26851.7786666667</dst>
            <dst id="WASHng">214194.514666667</dst>
        </src>
    </IntraTM>
</TrafficMatrixFile>
