<?xml version="1.0" encoding="ISO-8859-1" standalone="yes"?>
<TrafficMatrixFile xsi:noNamespaceSchemaLocation="http://totem.run.montefiore.ulg.ac.be/Schema/TrafficMatrix-v1_2.xsd" xmlns:xsi="http://www.w3.org/2001/XMLSchema-instance">
    <IntraTM ASID="11537">
        <src id="ATLA-M5">
            <dst id="ATLA-M5">51.0826666666667</dst>
            <dst id="ATLAng">126.850666666667</dst>
            <dst id="CHINng">722.637333333333</dst>
            <dst id="DNVRng">227.922666666667</dst>
            <dst id="HSTNng">53.3333333333333</dst>
            <dst id="IPLSng">3121.93066666667</dst>
            <dst id="KSCYng">171.861333333333</dst>
            <dst id="LOSAng">378.92</dst>
            <dst id="NYCMng">2191.66933333333</dst>
            <dst id="SNVAng">368.562666666667</dst>
            <dst id="STTLng">0</dst>
            <dst id="WASHng">537.909333333333</dst>
        </src>
        <src id="ATLAng">
            <dst id="ATLA-M5">1209.464</dst>
            <dst id="ATLAng">39268.072</dst>
            <dst id="CHINng">17739.4346666667</dst>
            <dst id="DNVRng">7986.45333333333</dst>
            <dst id="HSTNng">11949.3706666667</dst>
            <dst id="IPLSng">18603.5173333333</dst>
            <dst id="KSCYng">1898</dst>
            <dst id="LOSAng">24559.4133333333</dst>
            <dst id="NYCMng">8645.83733333333</dst>
            <dst id="SNVAng">677.037333333333</dst>
            <dst id="STTLng">4248.52266666667</dst>
            <dst id="WASHng">40772.8133333333</dst>
        </src>
        <src id="CHINng">
            <dst id="ATLA-M5">2664.21066666667</dst>
            <dst id="ATLAng">23594.9146666667</dst>
            <dst id="CHINng">88412.368</dst>
            <dst id="DNVRng">26548.2746666667</dst>
            <dst id="HSTNng">61993.4666666667</dst>
            <dst id="IPLSng">68143.4933333333</dst>
            <dst id="KSCYng">11662.112</dst>
            <dst id="LOSAng">2034614.66666667</dst>
            <dst id="NYCMng">23816.5386666667</dst>
            <dst id="SNVAng">2304.416</dst>
            <dst id="STTLng">13412.7706666667</dst>
            <dst id="WASHng">35671.512</dst>
        </src>
        <src id="DNVRng">
            <dst id="ATLA-M5">233.992</dst>
            <dst id="ATLAng">7157.42933333333</dst>
            <dst id="CHINng">65425.496</dst>
            <dst id="DNVRng">23338.064</dst>
            <dst id="HSTNng">18910.1493333333</dst>
            <dst id="IPLSng">37809.2986666667</dst>
            <dst id="KSCYng">22783.7493333333</dst>
            <dst id="LOSAng">8692.088</dst>
            <dst id="NYCMng">16410.9386666667</dst>
            <dst id="SNVAng">11088.424</dst>
            <dst id="STTLng">15177.9173333333</dst>
            <dst id="WASHng">46302.9866666667</dst>
        </src>
        <src id="HSTNng">
            <dst id="ATLA-M5">894.472</dst>
            <dst id="ATLAng">3584.46933333333</dst>
            <dst id="CHINng">15862.8933333333</dst>
            <dst id="DNVRng">4245.936</dst>
            <dst id="HSTNng">9724.63466666667</dst>
            <dst id="IPLSng">10157.064</dst>
            <dst id="KSCYng">3680.72</dst>
            <dst id="LOSAng">7152.76</dst>
            <dst id="NYCMng">4949.17866666667</dst>
            <dst id="SNVAng">1009.58666666667</dst>
            <dst id="STTLng">7261.63466666667</dst>
            <dst id="WASHng">13724.3573333333</dst>
        </src>
        <src id="IPLSng">
            <dst id="ATLA-M5">972.154666666667</dst>
            <dst id="ATLAng">24164.1413333333</dst>
            <dst id="CHINng">117285.722666667</dst>
            <dst id="DNVRng">31640.2266666667</dst>
            <dst id="HSTNng">9756.656</dst>
            <dst id="IPLSng">16311.272</dst>
            <dst id="KSCYng">9580.67466666667</dst>
            <dst id="LOSAng">61569.2453333333</dst>
            <dst id="NYCMng">56040.9066666667</dst>
            <dst id="SNVAng">8773.432</dst>
            <dst id="STTLng">16604.2506666667</dst>
            <dst id="WASHng">93962.992</dst>
        </src>
        <src id="KSCYng">
            <dst id="ATLA-M5">232.136</dst>
            <dst id="ATLAng">2314.20266666667</dst>
            <dst id="CHINng">19824.8906666667</dst>
            <dst id="DNVRng">9356.78666666667</dst>
            <dst id="HSTNng">3051.848</dst>
            <dst id="IPLSng">21480.28</dst>
            <dst id="KSCYng">14743.8133333333</dst>
            <dst id="LOSAng">7822.20533333333</dst>
            <dst id="NYCMng">5288.42933333333</dst>
            <dst id="SNVAng">1311.33333333333</dst>
            <dst id="STTLng">3416.10133333333</dst>
            <dst id="WASHng">16753.6346666667</dst>
        </src>
        <src id="LOSAng">
            <dst id="ATLA-M5">1314.58133333333</dst>
            <dst id="ATLAng">19289.3893333333</dst>
            <dst id="CHINng">1069746.66666667</dst>
            <dst id="DNVRng">14000.1493333333</dst>
            <dst id="HSTNng">14123.1333333333</dst>
            <dst id="IPLSng">41122.3813333333</dst>
            <dst id="KSCYng">13431.408</dst>
            <dst id="LOSAng">10241.2746666667</dst>
            <dst id="NYCMng">83451.5066666667</dst>
            <dst id="SNVAng">18312.1546666667</dst>
            <dst id="STTLng">27758.6693333333</dst>
            <dst id="WASHng">95081.7733333333</dst>
        </src>
        <src id="NYCMng">
            <dst id="ATLA-M5">1438.95733333333</dst>
            <dst id="ATLAng">27427.5733333333</dst>
            <dst id="CHINng">50439.3626666667</dst>
            <dst id="DNVRng">39163.352</dst>
            <dst id="HSTNng">25865.9786666667</dst>
            <dst id="IPLSng">55764.9333333333</dst>
            <dst id="KSCYng">19215.2533333333</dst>
            <dst id="LOSAng">94360.0426666667</dst>
            <dst id="NYCMng">184428.797333333</dst>
            <dst id="SNVAng">6434.632</dst>
            <dst id="STTLng">30199.072</dst>
            <dst id="WASHng">148160.952</dst>
        </src>
        <src id="SNVAng">
            <dst id="ATLA-M5">342.152</dst>
            <dst id="ATLAng">268.818666666667</dst>
            <dst id="CHINng">1555.744</dst>
            <dst id="DNVRng">8131.53866666667</dst>
            <dst id="HSTNng">220.269333333333</dst>
            <dst id="IPLSng">7859.83466666667</dst>
            <dst id="KSCYng">463.322666666667</dst>
            <dst id="LOSAng">37056.6853333333</dst>
            <dst id="NYCMng">1163.23733333333</dst>
            <dst id="SNVAng">18263.856</dst>
            <dst id="STTLng">52594.008</dst>
            <dst id="WASHng">527.861333333333</dst>
        </src>
        <src id="STTLng">
            <dst id="ATLA-M5">110.16</dst>
            <dst id="ATLAng">7798.29866666667</dst>
            <dst id="CHINng">11795.1146666667</dst>
            <dst id="DNVRng">4559.712</dst>
            <dst id="HSTNng">12050.5493333333</dst>
            <dst id="IPLSng">9388.36533333333</dst>
            <dst id="KSCYng">8706.20533333333</dst>
            <dst id="LOSAng">23012.9893333333</dst>
            <dst id="NYCMng">10193.352</dst>
            <dst id="SNVAng">5621.20533333334</dst>
            <dst id="STTLng">7767.90933333333</dst>
            <dst id="WASHng">15932.7306666667</dst>
        </src>
        <src id="WASHng">
            <dst id="ATLA-M5">1035.344</dst>
            <dst id="ATLAng">143785.76</dst>
            <dst id="CHINng">66798.4453333333</dst>
            <dst id="DNVRng">51550.672</dst>
            <dst id="HSTNng">30011.6213333333</dst>
            <dst id="IPLSng">65960.7813333333</dst>
            <dst id="KSCYng">16086.9946666667</dst>
            <dst id="LOSAng">96894.808</dst>
            <dst id="NYCMng">185604.768</dst>
            <dst id="SNVAng">16001.6506666667</dst>
            <dst id="STTLng">35102.5893333333</dst>
            <dst id="WASHng">251098.802666667</dst>
        </src>
    </IntraTM>
</TrafficMatrixFile>
