<?xml version="1.0" encoding="ISO-8859-1" standalone="yes"?>
<TrafficMatrixFile xsi:noNamespaceSchemaLocation="http://totem.run.montefiore.ulg.ac.be/Schema/TrafficMatrix-v1_2.xsd" xmlns:xsi="http://www.w3.org/2001/XMLSchema-instance">
    <IntraTM ASID="11537">
        <src id="ATLA-M5">
            <dst id="ATLA-M5">0</dst>
            <dst id="ATLAng">235.605333333333</dst>
            <dst id="CHINng">1028.10133333333</dst>
            <dst id="DNVRng">80</dst>
            <dst id="HSTNng">423.050666666667</dst>
            <dst id="IPLSng">364.458666666667</dst>
            <dst id="KSCYng">88.7226666666667</dst>
            <dst id="LOSAng">80</dst>
            <dst id="NYCMng">90.4906666666667</dst>
            <dst id="SNVAng">38.1306666666667</dst>
            <dst id="STTLng">0</dst>
            <dst id="WASHng">1027.336</dst>
        </src>
        <src id="ATLAng">
            <dst id="ATLA-M5">3174.968</dst>
            <dst id="ATLAng">21389.7973333333</dst>
            <dst id="CHINng">25648.8773333333</dst>
            <dst id="DNVRng">4635.86133333333</dst>
            <dst id="HSTNng">4451.32533333333</dst>
            <dst id="IPLSng">23395.3386666667</dst>
            <dst id="KSCYng">4465.08</dst>
            <dst id="LOSAng">27744.16</dst>
            <dst id="NYCMng">11360.296</dst>
            <dst id="SNVAng">1043.36133333333</dst>
            <dst id="STTLng">4651.31466666667</dst>
            <dst id="WASHng">40381.9226666667</dst>
        </src>
        <src id="CHINng">
            <dst id="ATLA-M5">1107.272</dst>
            <dst id="ATLAng">30912.56</dst>
            <dst id="CHINng">75262.112</dst>
            <dst id="DNVRng">30778.3866666667</dst>
            <dst id="HSTNng">48314.448</dst>
            <dst id="IPLSng">60364.6053333333</dst>
            <dst id="KSCYng">27686.4826666667</dst>
            <dst id="LOSAng">64607.3093333333</dst>
            <dst id="NYCMng">21307.5653333333</dst>
            <dst id="SNVAng">7239.15466666667</dst>
            <dst id="STTLng">14197.704</dst>
            <dst id="WASHng">30532.3013333333</dst>
        </src>
        <src id="DNVRng">
            <dst id="ATLA-M5">346.664</dst>
            <dst id="ATLAng">6280.62133333333</dst>
            <dst id="CHINng">72484.3893333333</dst>
            <dst id="DNVRng">6110.54933333333</dst>
            <dst id="HSTNng">14348.624</dst>
            <dst id="IPLSng">28690.36</dst>
            <dst id="KSCYng">10519.296</dst>
            <dst id="LOSAng">7203.06933333333</dst>
            <dst id="NYCMng">17844.0373333333</dst>
            <dst id="SNVAng">7280.01866666667</dst>
            <dst id="STTLng">6534.00266666667</dst>
            <dst id="WASHng">58135.04</dst>
        </src>
        <src id="HSTNng">
            <dst id="ATLA-M5">3691.73066666667</dst>
            <dst id="ATLAng">2647.8</dst>
            <dst id="CHINng">13280.2026666667</dst>
            <dst id="DNVRng">3624.04</dst>
            <dst id="HSTNng">5933.29333333333</dst>
            <dst id="IPLSng">6345.176</dst>
            <dst id="KSCYng">5617.03733333333</dst>
            <dst id="LOSAng">11490.5013333333</dst>
            <dst id="NYCMng">4408.4</dst>
            <dst id="SNVAng">1202.30933333333</dst>
            <dst id="STTLng">2238.976</dst>
            <dst id="WASHng">6098.41066666667</dst>
        </src>
        <src id="IPLSng">
            <dst id="ATLA-M5">394.338666666667</dst>
            <dst id="ATLAng">31839.128</dst>
            <dst id="CHINng">110660.24</dst>
            <dst id="DNVRng">23503.2293333333</dst>
            <dst id="HSTNng">5829.712</dst>
            <dst id="IPLSng">24948.2826666667</dst>
            <dst id="KSCYng">10627.2373333333</dst>
            <dst id="LOSAng">49330.2053333333</dst>
            <dst id="NYCMng">57543.1813333333</dst>
            <dst id="SNVAng">1855.89066666667</dst>
            <dst id="STTLng">8833.216</dst>
            <dst id="WASHng">39902.7333333333</dst>
        </src>
        <src id="KSCYng">
            <dst id="ATLA-M5">313.714666666667</dst>
            <dst id="ATLAng">2020.03733333333</dst>
            <dst id="CHINng">31522.376</dst>
            <dst id="DNVRng">16591.8773333333</dst>
            <dst id="HSTNng">4491.06666666667</dst>
            <dst id="IPLSng">11057.112</dst>
            <dst id="KSCYng">7015.17866666666</dst>
            <dst id="LOSAng">6411.50133333333</dst>
            <dst id="NYCMng">6656.40533333333</dst>
            <dst id="SNVAng">945.528</dst>
            <dst id="STTLng">1776.38666666667</dst>
            <dst id="WASHng">15168.1573333333</dst>
        </src>
        <src id="LOSAng">
            <dst id="ATLA-M5">1468.408</dst>
            <dst id="ATLAng">16793.4986666667</dst>
            <dst id="CHINng">85663.1386666667</dst>
            <dst id="DNVRng">17905.7013333333</dst>
            <dst id="HSTNng">35712.9173333333</dst>
            <dst id="IPLSng">45474.8426666667</dst>
            <dst id="KSCYng">12823.216</dst>
            <dst id="LOSAng">17323.5146666667</dst>
            <dst id="NYCMng">73909.208</dst>
            <dst id="SNVAng">6107.51466666667</dst>
            <dst id="STTLng">30514.2693333333</dst>
            <dst id="WASHng">139934.301333333</dst>
        </src>
        <src id="NYCMng">
            <dst id="ATLA-M5">498.421333333333</dst>
            <dst id="ATLAng">33010.7946666667</dst>
            <dst id="CHINng">51209.2666666667</dst>
            <dst id="DNVRng">40736.8453333333</dst>
            <dst id="HSTNng">15543.2373333333</dst>
            <dst id="IPLSng">63589.5226666667</dst>
            <dst id="KSCYng">22005.9733333333</dst>
            <dst id="LOSAng">70585.7973333333</dst>
            <dst id="NYCMng">170034.501333333</dst>
            <dst id="SNVAng">6921.46133333333</dst>
            <dst id="STTLng">20468.896</dst>
            <dst id="WASHng">127657.549333333</dst>
        </src>
        <src id="SNVAng">
            <dst id="ATLA-M5">0</dst>
            <dst id="ATLAng">278.061333333333</dst>
            <dst id="CHINng">1381.02933333333</dst>
            <dst id="DNVRng">4912.544</dst>
            <dst id="HSTNng">386.832</dst>
            <dst id="IPLSng">5966.90933333333</dst>
            <dst id="KSCYng">125.253333333333</dst>
            <dst id="LOSAng">49693.9973333333</dst>
            <dst id="NYCMng">3199.504</dst>
            <dst id="SNVAng">14959.52</dst>
            <dst id="STTLng">54255.424</dst>
            <dst id="WASHng">1060.256</dst>
        </src>
        <src id="STTLng">
            <dst id="ATLA-M5">232.573333333333</dst>
            <dst id="ATLAng">8806.456</dst>
            <dst id="CHINng">9815.208</dst>
            <dst id="DNVRng">3350.15733333333</dst>
            <dst id="HSTNng">8583.496</dst>
            <dst id="IPLSng">9336.95733333333</dst>
            <dst id="KSCYng">3447.93066666667</dst>
            <dst id="LOSAng">20953.8106666667</dst>
            <dst id="NYCMng">6070.65866666667</dst>
            <dst id="SNVAng">4827.368</dst>
            <dst id="STTLng">1625.12</dst>
            <dst id="WASHng">6320.20266666667</dst>
        </src>
        <src id="WASHng">
            <dst id="ATLA-M5">20525.4053333333</dst>
            <dst id="ATLAng">73607.2266666667</dst>
            <dst id="CHINng">62381.4266666667</dst>
            <dst id="DNVRng">35283.088</dst>
            <dst id="HSTNng">26196.9306666667</dst>
            <dst id="IPLSng">64493.9093333333</dst>
            <dst id="KSCYng">30450.248</dst>
            <dst id="LOSAng">133090.986666667</dst>
            <dst id="NYCMng">132521.92</dst>
            <dst id="SNVAng">7624.896</dst>
            <dst id="STTLng">31897.744</dst>
            <dst id="WASHng">262550.330666667</dst>
        </src>
    </IntraTM>
</TrafficMatrixFile>
