<?xml version="1.0" encoding="ISO-8859-1" standalone="yes"?>
<TrafficMatrixFile xsi:noNamespaceSchemaLocation="http://totem.run.montefiore.ulg.ac.be/Schema/TrafficMatrix-v1_2.xsd" xmlns:xsi="http://www.w3.org/2001/XMLSchema-instance">
    <IntraTM ASID="11537">
        <src id="ATLA-M5">
            <dst id="ATLA-M5">50.3626666666667</dst>
            <dst id="ATLAng">195.328</dst>
            <dst id="CHINng">215.186666666667</dst>
            <dst id="DNVRng">849.893333333333</dst>
            <dst id="HSTNng">165.637333333333</dst>
            <dst id="IPLSng">416.333333333333</dst>
            <dst id="KSCYng">220.416</dst>
            <dst id="LOSAng">372.701333333333</dst>
            <dst id="NYCMng">26.6666666666667</dst>
            <dst id="SNVAng">0</dst>
            <dst id="STTLng">139.522666666667</dst>
            <dst id="WASHng">410.44</dst>
        </src>
        <src id="ATLAng">
            <dst id="ATLA-M5">307.405333333333</dst>
            <dst id="ATLAng">24342.8933333333</dst>
            <dst id="CHINng">11539.5386666667</dst>
            <dst id="DNVRng">5545.536</dst>
            <dst id="HSTNng">4632.36266666667</dst>
            <dst id="IPLSng">12960.5306666667</dst>
            <dst id="KSCYng">1044.19466666667</dst>
            <dst id="LOSAng">16431.64</dst>
            <dst id="NYCMng">9728.256</dst>
            <dst id="SNVAng">101.074666666667</dst>
            <dst id="STTLng">5407.76266666667</dst>
            <dst id="WASHng">29680.8186666667</dst>
        </src>
        <src id="CHINng">
            <dst id="ATLA-M5">728.914666666666</dst>
            <dst id="ATLAng">32610.6746666667</dst>
            <dst id="CHINng">100717.32</dst>
            <dst id="DNVRng">12906.7173333333</dst>
            <dst id="HSTNng">46406.5706666666</dst>
            <dst id="IPLSng">40415.536</dst>
            <dst id="KSCYng">10654.984</dst>
            <dst id="LOSAng">47153.3866666667</dst>
            <dst id="NYCMng">16358.976</dst>
            <dst id="SNVAng">1923.98133333333</dst>
            <dst id="STTLng">19033.224</dst>
            <dst id="WASHng">25016.6826666667</dst>
        </src>
        <src id="DNVRng">
            <dst id="ATLA-M5">191.821333333333</dst>
            <dst id="ATLAng">3718.78666666667</dst>
            <dst id="CHINng">84068.9653333333</dst>
            <dst id="DNVRng">10195.2746666667</dst>
            <dst id="HSTNng">20192.744</dst>
            <dst id="IPLSng">20659.6293333333</dst>
            <dst id="KSCYng">18747.7413333333</dst>
            <dst id="LOSAng">3131.03466666667</dst>
            <dst id="NYCMng">12943.7173333333</dst>
            <dst id="SNVAng">8337.92</dst>
            <dst id="STTLng">9695.01333333333</dst>
            <dst id="WASHng">32081.312</dst>
        </src>
        <src id="HSTNng">
            <dst id="ATLA-M5">5506.06666666667</dst>
            <dst id="ATLAng">3534.47733333333</dst>
            <dst id="CHINng">14537.24</dst>
            <dst id="DNVRng">1166.25066666667</dst>
            <dst id="HSTNng">3240.87733333333</dst>
            <dst id="IPLSng">3483.68</dst>
            <dst id="KSCYng">1068.752</dst>
            <dst id="LOSAng">2154.54933333333</dst>
            <dst id="NYCMng">3462.344</dst>
            <dst id="SNVAng">313.456</dst>
            <dst id="STTLng">1890.904</dst>
            <dst id="WASHng">2116.464</dst>
        </src>
        <src id="IPLSng">
            <dst id="ATLA-M5">370.306666666667</dst>
            <dst id="ATLAng">11501.1706666667</dst>
            <dst id="CHINng">98312.144</dst>
            <dst id="DNVRng">5917.38666666667</dst>
            <dst id="HSTNng">4119.66933333333</dst>
            <dst id="IPLSng">6844.15466666667</dst>
            <dst id="KSCYng">4811.46666666667</dst>
            <dst id="LOSAng">26472.2986666667</dst>
            <dst id="NYCMng">39590.2106666667</dst>
            <dst id="SNVAng">988.488</dst>
            <dst id="STTLng">8437.51466666667</dst>
            <dst id="WASHng">35573.872</dst>
        </src>
        <src id="KSCYng">
            <dst id="ATLA-M5">80</dst>
            <dst id="ATLAng">1440.496</dst>
            <dst id="CHINng">29623.664</dst>
            <dst id="DNVRng">8235.13866666667</dst>
            <dst id="HSTNng">2912.064</dst>
            <dst id="IPLSng">7732.85066666667</dst>
            <dst id="KSCYng">6285.71733333333</dst>
            <dst id="LOSAng">3583.54933333333</dst>
            <dst id="NYCMng">4872.968</dst>
            <dst id="SNVAng">0</dst>
            <dst id="STTLng">1412.336</dst>
            <dst id="WASHng">18795.9946666667</dst>
        </src>
        <src id="LOSAng">
            <dst id="ATLA-M5">715.970666666667</dst>
            <dst id="ATLAng">8785.936</dst>
            <dst id="CHINng">70108.376</dst>
            <dst id="DNVRng">4189.03733333333</dst>
            <dst id="HSTNng">8533.46133333333</dst>
            <dst id="IPLSng">22432.496</dst>
            <dst id="KSCYng">5951.34133333333</dst>
            <dst id="LOSAng">11727.8506666667</dst>
            <dst id="NYCMng">43920.0826666667</dst>
            <dst id="SNVAng">8397.75733333333</dst>
            <dst id="STTLng">29821.7413333333</dst>
            <dst id="WASHng">75580.5253333333</dst>
        </src>
        <src id="NYCMng">
            <dst id="ATLA-M5">1308.15733333333</dst>
            <dst id="ATLAng">19876.2346666667</dst>
            <dst id="CHINng">41856.9973333333</dst>
            <dst id="DNVRng">27524.3946666667</dst>
            <dst id="HSTNng">8027.896</dst>
            <dst id="IPLSng">27299.76</dst>
            <dst id="KSCYng">12212.3626666667</dst>
            <dst id="LOSAng">57657.9066666667</dst>
            <dst id="NYCMng">138313.032</dst>
            <dst id="SNVAng">2408.12</dst>
            <dst id="STTLng">23550.6373333333</dst>
            <dst id="WASHng">92933.8773333333</dst>
        </src>
        <src id="SNVAng">
            <dst id="ATLA-M5">0</dst>
            <dst id="ATLAng">26.6666666666667</dst>
            <dst id="CHINng">1085.02666666667</dst>
            <dst id="DNVRng">9369.61866666667</dst>
            <dst id="HSTNng">26.6666666666667</dst>
            <dst id="IPLSng">358.386666666667</dst>
            <dst id="KSCYng">86.5706666666667</dst>
            <dst id="LOSAng">25433.0373333333</dst>
            <dst id="NYCMng">1312.74666666667</dst>
            <dst id="SNVAng">8915.29066666667</dst>
            <dst id="STTLng">39728.6586666667</dst>
            <dst id="WASHng">254.946666666667</dst>
        </src>
        <src id="STTLng">
            <dst id="ATLA-M5">227.368</dst>
            <dst id="ATLAng">4961.01066666667</dst>
            <dst id="CHINng">17413.4506666667</dst>
            <dst id="DNVRng">1463.38666666667</dst>
            <dst id="HSTNng">1972.04533333333</dst>
            <dst id="IPLSng">5141.656</dst>
            <dst id="KSCYng">2588.44533333333</dst>
            <dst id="LOSAng">17353.1946666667</dst>
            <dst id="NYCMng">6441.928</dst>
            <dst id="SNVAng">2851.62133333333</dst>
            <dst id="STTLng">4438.64266666667</dst>
            <dst id="WASHng">16632.0373333333</dst>
        </src>
        <src id="WASHng">
            <dst id="ATLA-M5">944.514666666666</dst>
            <dst id="ATLAng">82552.496</dst>
            <dst id="CHINng">62826.9333333333</dst>
            <dst id="DNVRng">68847.4533333333</dst>
            <dst id="HSTNng">5623.31466666667</dst>
            <dst id="IPLSng">52503.9173333333</dst>
            <dst id="KSCYng">11679.384</dst>
            <dst id="LOSAng">85794.9253333333</dst>
            <dst id="NYCMng">152023.770666667</dst>
            <dst id="SNVAng">4150.93066666667</dst>
            <dst id="STTLng">24243.5813333333</dst>
            <dst id="WASHng">219542.866666667</dst>
        </src>
    </IntraTM>
</TrafficMatrixFile>
