<?xml version="1.0" encoding="ISO-8859-1" standalone="yes"?>
<TrafficMatrixFile xsi:noNamespaceSchemaLocation="http://totem.run.montefiore.ulg.ac.be/Schema/TrafficMatrix-v1_2.xsd" xmlns:xsi="http://www.w3.org/2001/XMLSchema-instance">
    <IntraTM ASID="11537">
        <src id="ATLA-M5">
            <dst id="ATLA-M5">66.224</dst>
            <dst id="ATLAng">176.826666666667</dst>
            <dst id="CHINng">768.016</dst>
            <dst id="DNVRng">53.3333333333333</dst>
            <dst id="HSTNng">53.3333333333333</dst>
            <dst id="IPLSng">1135.21333333333</dst>
            <dst id="KSCYng">95.1173333333333</dst>
            <dst id="LOSAng">528.984</dst>
            <dst id="NYCMng">340.442666666667</dst>
            <dst id="SNVAng">128.786666666667</dst>
            <dst id="STTLng">133.333333333333</dst>
            <dst id="WASHng">1785.43466666667</dst>
        </src>
        <src id="ATLAng">
            <dst id="ATLA-M5">2152.29333333333</dst>
            <dst id="ATLAng">22478.048</dst>
            <dst id="CHINng">42267.6293333333</dst>
            <dst id="DNVRng">4093.03466666667</dst>
            <dst id="HSTNng">5234.41066666667</dst>
            <dst id="IPLSng">20388.8026666667</dst>
            <dst id="KSCYng">1528.94933333333</dst>
            <dst id="LOSAng">19133.6506666667</dst>
            <dst id="NYCMng">8260.344</dst>
            <dst id="SNVAng">566.106666666667</dst>
            <dst id="STTLng">5587.15466666667</dst>
            <dst id="WASHng">32899.192</dst>
        </src>
        <src id="CHINng">
            <dst id="ATLA-M5">1656.784</dst>
            <dst id="ATLAng">21047.248</dst>
            <dst id="CHINng">80860.0986666667</dst>
            <dst id="DNVRng">18789.896</dst>
            <dst id="HSTNng">55314.9706666667</dst>
            <dst id="IPLSng">67543.064</dst>
            <dst id="KSCYng">18375.4506666667</dst>
            <dst id="LOSAng">2044215.70666667</dst>
            <dst id="NYCMng">33733.44</dst>
            <dst id="SNVAng">3231.58133333333</dst>
            <dst id="STTLng">24462.096</dst>
            <dst id="WASHng">36294.5306666667</dst>
        </src>
        <src id="DNVRng">
            <dst id="ATLA-M5">487.309333333333</dst>
            <dst id="ATLAng">6217.77066666667</dst>
            <dst id="CHINng">64133.272</dst>
            <dst id="DNVRng">13140.2266666667</dst>
            <dst id="HSTNng">14285.2133333333</dst>
            <dst id="IPLSng">38013.5786666667</dst>
            <dst id="KSCYng">13333.0906666667</dst>
            <dst id="LOSAng">11055.7733333333</dst>
            <dst id="NYCMng">19062.6666666667</dst>
            <dst id="SNVAng">9007.68</dst>
            <dst id="STTLng">10906.5013333333</dst>
            <dst id="WASHng">45020.744</dst>
        </src>
        <src id="HSTNng">
            <dst id="ATLA-M5">718.170666666667</dst>
            <dst id="ATLAng">2248.77066666667</dst>
            <dst id="CHINng">15572.2266666667</dst>
            <dst id="DNVRng">1711.776</dst>
            <dst id="HSTNng">7534.744</dst>
            <dst id="IPLSng">3783.608</dst>
            <dst id="KSCYng">3836.12266666667</dst>
            <dst id="LOSAng">5187.17333333333</dst>
            <dst id="NYCMng">4426.62133333333</dst>
            <dst id="SNVAng">1140.928</dst>
            <dst id="STTLng">2750.15466666667</dst>
            <dst id="WASHng">7916.40266666667</dst>
        </src>
        <src id="IPLSng">
            <dst id="ATLA-M5">833</dst>
            <dst id="ATLAng">19482.256</dst>
            <dst id="CHINng">106091.512</dst>
            <dst id="DNVRng">25904.1706666667</dst>
            <dst id="HSTNng">9054.52266666667</dst>
            <dst id="IPLSng">29976.4853333333</dst>
            <dst id="KSCYng">8250.992</dst>
            <dst id="LOSAng">66662.2933333333</dst>
            <dst id="NYCMng">83653.7733333333</dst>
            <dst id="SNVAng">3020.94133333333</dst>
            <dst id="STTLng">9967.32</dst>
            <dst id="WASHng">41673.3653333333</dst>
        </src>
        <src id="KSCYng">
            <dst id="ATLA-M5">253.304</dst>
            <dst id="ATLAng">2007.82133333333</dst>
            <dst id="CHINng">23164.3173333333</dst>
            <dst id="DNVRng">10174.648</dst>
            <dst id="HSTNng">3441.67733333333</dst>
            <dst id="IPLSng">12820.0053333333</dst>
            <dst id="KSCYng">7622.888</dst>
            <dst id="LOSAng">9565.30666666667</dst>
            <dst id="NYCMng">2983.52266666667</dst>
            <dst id="SNVAng">365.074666666667</dst>
            <dst id="STTLng">2185.10666666667</dst>
            <dst id="WASHng">15819.0186666667</dst>
        </src>
        <src id="LOSAng">
            <dst id="ATLA-M5">2846.30933333333</dst>
            <dst id="ATLAng">17751.1413333333</dst>
            <dst id="CHINng">469200.453333333</dst>
            <dst id="DNVRng">18075.3626666667</dst>
            <dst id="HSTNng">16436.3013333333</dst>
            <dst id="IPLSng">38933.3973333333</dst>
            <dst id="KSCYng">10285.6213333333</dst>
            <dst id="LOSAng">14570.8533333333</dst>
            <dst id="NYCMng">78378.7573333333</dst>
            <dst id="SNVAng">15583.0266666667</dst>
            <dst id="STTLng">22453.176</dst>
            <dst id="WASHng">84796.1173333333</dst>
        </src>
        <src id="NYCMng">
            <dst id="ATLA-M5">1806.30933333333</dst>
            <dst id="ATLAng">24039.4773333333</dst>
            <dst id="CHINng">41566.416</dst>
            <dst id="DNVRng">29522.8213333333</dst>
            <dst id="HSTNng">19642.6746666667</dst>
            <dst id="IPLSng">63645.488</dst>
            <dst id="KSCYng">19275.3146666667</dst>
            <dst id="LOSAng">77114.3866666667</dst>
            <dst id="NYCMng">180916.373333333</dst>
            <dst id="SNVAng">4304.33066666667</dst>
            <dst id="STTLng">20101.0613333333</dst>
            <dst id="WASHng">89499.2186666667</dst>
        </src>
        <src id="SNVAng">
            <dst id="ATLA-M5">124.477333333333</dst>
            <dst id="ATLAng">963.205333333333</dst>
            <dst id="CHINng">878.861333333333</dst>
            <dst id="DNVRng">4683.616</dst>
            <dst id="HSTNng">311.792</dst>
            <dst id="IPLSng">10583.104</dst>
            <dst id="KSCYng">4816.98666666667</dst>
            <dst id="LOSAng">34426.7466666667</dst>
            <dst id="NYCMng">783.144</dst>
            <dst id="SNVAng">20973.5946666667</dst>
            <dst id="STTLng">61294.9653333333</dst>
            <dst id="WASHng">499.784</dst>
        </src>
        <src id="STTLng">
            <dst id="ATLA-M5">650.976</dst>
            <dst id="ATLAng">9606.95466666667</dst>
            <dst id="CHINng">13136.6106666667</dst>
            <dst id="DNVRng">2305.792</dst>
            <dst id="HSTNng">7703.18666666667</dst>
            <dst id="IPLSng">13593.6933333333</dst>
            <dst id="KSCYng">2627.2</dst>
            <dst id="LOSAng">22867.3146666667</dst>
            <dst id="NYCMng">6202.18666666667</dst>
            <dst id="SNVAng">10952.6586666667</dst>
            <dst id="STTLng">3148.424</dst>
            <dst id="WASHng">4840.816</dst>
        </src>
        <src id="WASHng">
            <dst id="ATLA-M5">1373.02933333333</dst>
            <dst id="ATLAng">91081.928</dst>
            <dst id="CHINng">70290.1466666667</dst>
            <dst id="DNVRng">52152.256</dst>
            <dst id="HSTNng">12796.2853333333</dst>
            <dst id="IPLSng">52142.144</dst>
            <dst id="KSCYng">13008.216</dst>
            <dst id="LOSAng">114020.928</dst>
            <dst id="NYCMng">180422.192</dst>
            <dst id="SNVAng">5513.00266666667</dst>
            <dst id="STTLng">28019.0213333333</dst>
            <dst id="WASHng">229321.672</dst>
        </src>
    </IntraTM>
</TrafficMatrixFile>
