<?xml version="1.0" encoding="ISO-8859-1" standalone="yes"?>
<TrafficMatrixFile xsi:noNamespaceSchemaLocation="http://totem.run.montefiore.ulg.ac.be/Schema/TrafficMatrix-v1_2.xsd" xmlns:xsi="http://www.w3.org/2001/XMLSchema-instance">
    <IntraTM ASID="11537">
        <src id="ATLA-M5">
            <dst id="ATLA-M5">27.632</dst>
            <dst id="ATLAng">53.3333333333333</dst>
            <dst id="CHINng">230.277333333333</dst>
            <dst id="DNVRng">26.6666666666667</dst>
            <dst id="HSTNng">127.493333333333</dst>
            <dst id="IPLSng">471.168</dst>
            <dst id="KSCYng">228.002666666667</dst>
            <dst id="LOSAng">160</dst>
            <dst id="NYCMng">26.6666666666667</dst>
            <dst id="SNVAng">0</dst>
            <dst id="STTLng">269.544</dst>
            <dst id="WASHng">413.581333333333</dst>
        </src>
        <src id="ATLAng">
            <dst id="ATLA-M5">1253.464</dst>
            <dst id="ATLAng">26672.936</dst>
            <dst id="CHINng">11736.5626666667</dst>
            <dst id="DNVRng">9465.344</dst>
            <dst id="HSTNng">3983.25333333333</dst>
            <dst id="IPLSng">11827.5813333333</dst>
            <dst id="KSCYng">1067.39733333333</dst>
            <dst id="LOSAng">17029.4853333333</dst>
            <dst id="NYCMng">4892.23466666667</dst>
            <dst id="SNVAng">407.418666666667</dst>
            <dst id="STTLng">7835.22666666667</dst>
            <dst id="WASHng">35039.0213333333</dst>
        </src>
        <src id="CHINng">
            <dst id="ATLA-M5">2540.944</dst>
            <dst id="ATLAng">15207.2666666667</dst>
            <dst id="CHINng">109567.501333333</dst>
            <dst id="DNVRng">22889.2453333333</dst>
            <dst id="HSTNng">46696.3733333333</dst>
            <dst id="IPLSng">37296.3946666667</dst>
            <dst id="KSCYng">7580.61866666667</dst>
            <dst id="LOSAng">50513.24</dst>
            <dst id="NYCMng">25983.2986666667</dst>
            <dst id="SNVAng">5025.672</dst>
            <dst id="STTLng">9449.44</dst>
            <dst id="WASHng">22064.64</dst>
        </src>
        <src id="DNVRng">
            <dst id="ATLA-M5">132.864</dst>
            <dst id="ATLAng">3097.80533333333</dst>
            <dst id="CHINng">76802.4986666667</dst>
            <dst id="DNVRng">13780.552</dst>
            <dst id="HSTNng">12095.7306666667</dst>
            <dst id="IPLSng">26216.152</dst>
            <dst id="KSCYng">7319.98133333333</dst>
            <dst id="LOSAng">2207.58666666667</dst>
            <dst id="NYCMng">12417.3546666667</dst>
            <dst id="SNVAng">6953.96266666667</dst>
            <dst id="STTLng">5566.57333333333</dst>
            <dst id="WASHng">37429.3013333333</dst>
        </src>
        <src id="HSTNng">
            <dst id="ATLA-M5">358.728</dst>
            <dst id="ATLAng">1149.76533333333</dst>
            <dst id="CHINng">14750.4133333333</dst>
            <dst id="DNVRng">921</dst>
            <dst id="HSTNng">2729.34133333333</dst>
            <dst id="IPLSng">2822.25333333333</dst>
            <dst id="KSCYng">2132.96</dst>
            <dst id="LOSAng">5420.44533333333</dst>
            <dst id="NYCMng">3535.46666666667</dst>
            <dst id="SNVAng">591.32</dst>
            <dst id="STTLng">4936.88533333333</dst>
            <dst id="WASHng">4394.68533333333</dst>
        </src>
        <src id="IPLSng">
            <dst id="ATLA-M5">710.344</dst>
            <dst id="ATLAng">18377.168</dst>
            <dst id="CHINng">102416.066666667</dst>
            <dst id="DNVRng">5587.22666666667</dst>
            <dst id="HSTNng">5794.41866666667</dst>
            <dst id="IPLSng">9741.64</dst>
            <dst id="KSCYng">8132.73866666667</dst>
            <dst id="LOSAng">46212.384</dst>
            <dst id="NYCMng">34880.7066666667</dst>
            <dst id="SNVAng">1669.96</dst>
            <dst id="STTLng">15442.5173333333</dst>
            <dst id="WASHng">34576.5413333333</dst>
        </src>
        <src id="KSCYng">
            <dst id="ATLA-M5">121.869333333333</dst>
            <dst id="ATLAng">2380.33066666667</dst>
            <dst id="CHINng">20057.6026666667</dst>
            <dst id="DNVRng">7995.93066666667</dst>
            <dst id="HSTNng">2985.06133333333</dst>
            <dst id="IPLSng">9047.09066666667</dst>
            <dst id="KSCYng">7364.69333333333</dst>
            <dst id="LOSAng">4277.56</dst>
            <dst id="NYCMng">4719.78666666667</dst>
            <dst id="SNVAng">372.277333333333</dst>
            <dst id="STTLng">2065.592</dst>
            <dst id="WASHng">9701.12266666667</dst>
        </src>
        <src id="LOSAng">
            <dst id="ATLA-M5">788.992</dst>
            <dst id="ATLAng">23607.032</dst>
            <dst id="CHINng">73616.8906666666</dst>
            <dst id="DNVRng">5119.816</dst>
            <dst id="HSTNng">4041.29333333333</dst>
            <dst id="IPLSng">18642.5573333333</dst>
            <dst id="KSCYng">7449.34133333333</dst>
            <dst id="LOSAng">17699.6053333333</dst>
            <dst id="NYCMng">44637.5253333333</dst>
            <dst id="SNVAng">11177.5573333333</dst>
            <dst id="STTLng">20510.4293333333</dst>
            <dst id="WASHng">67755.1546666667</dst>
        </src>
        <src id="NYCMng">
            <dst id="ATLA-M5">1029.78666666667</dst>
            <dst id="ATLAng">11415.08</dst>
            <dst id="CHINng">54763.6853333333</dst>
            <dst id="DNVRng">29389.4266666667</dst>
            <dst id="HSTNng">17737.864</dst>
            <dst id="IPLSng">28929.776</dst>
            <dst id="KSCYng">9488.83466666666</dst>
            <dst id="LOSAng">69786.968</dst>
            <dst id="NYCMng">129260.618666667</dst>
            <dst id="SNVAng">4164.136</dst>
            <dst id="STTLng">32398.696</dst>
            <dst id="WASHng">79481.3093333334</dst>
        </src>
        <src id="SNVAng">
            <dst id="ATLA-M5">191.002666666667</dst>
            <dst id="ATLAng">80</dst>
            <dst id="CHINng">1593.47733333333</dst>
            <dst id="DNVRng">877.578666666667</dst>
            <dst id="HSTNng">58.944</dst>
            <dst id="IPLSng">191.776</dst>
            <dst id="KSCYng">3654.51733333333</dst>
            <dst id="LOSAng">21181.768</dst>
            <dst id="NYCMng">8705.09333333333</dst>
            <dst id="SNVAng">11224.4026666667</dst>
            <dst id="STTLng">50249.496</dst>
            <dst id="WASHng">186.749333333333</dst>
        </src>
        <src id="STTLng">
            <dst id="ATLA-M5">539.2</dst>
            <dst id="ATLAng">6087.24266666667</dst>
            <dst id="CHINng">16968.2906666667</dst>
            <dst id="DNVRng">4191.52</dst>
            <dst id="HSTNng">4888.448</dst>
            <dst id="IPLSng">4677.568</dst>
            <dst id="KSCYng">1892.912</dst>
            <dst id="LOSAng">18815.648</dst>
            <dst id="NYCMng">7913.45066666667</dst>
            <dst id="SNVAng">3487.73866666667</dst>
            <dst id="STTLng">578.296</dst>
            <dst id="WASHng">6145.56533333333</dst>
        </src>
        <src id="WASHng">
            <dst id="ATLA-M5">696.186666666667</dst>
            <dst id="ATLAng">87639.5973333334</dst>
            <dst id="CHINng">61766.464</dst>
            <dst id="DNVRng">54764.472</dst>
            <dst id="HSTNng">5657.024</dst>
            <dst id="IPLSng">45005.7653333333</dst>
            <dst id="KSCYng">10579.008</dst>
            <dst id="LOSAng">92421.656</dst>
            <dst id="NYCMng">146364.122666667</dst>
            <dst id="SNVAng">5615.504</dst>
            <dst id="STTLng">26876.1786666667</dst>
            <dst id="WASHng">165423.498666667</dst>
        </src>
    </IntraTM>
</TrafficMatrixFile>
