<?xml version="1.0" encoding="ISO-8859-1" standalone="yes"?>
<TrafficMatrixFile xsi:noNamespaceSchemaLocation="http://totem.run.montefiore.ulg.ac.be/Schema/TrafficMatrix-v1_2.xsd" xmlns:xsi="http://www.w3.org/2001/XMLSchema-instance">
    <IntraTM ASID="11537">
        <src id="ATLA-M5">
            <dst id="ATLA-M5">98.0053333333333</dst>
            <dst id="ATLAng">187.968</dst>
            <dst id="CHINng">196.12</dst>
            <dst id="DNVRng">53.3333333333333</dst>
            <dst id="HSTNng">54.6773333333333</dst>
            <dst id="IPLSng">661.701333333333</dst>
            <dst id="KSCYng">217.706666666667</dst>
            <dst id="LOSAng">101.978666666667</dst>
            <dst id="NYCMng">937.424</dst>
            <dst id="SNVAng">0</dst>
            <dst id="STTLng">362.050666666667</dst>
            <dst id="WASHng">217.597333333333</dst>
        </src>
        <src id="ATLAng">
            <dst id="ATLA-M5">121.981333333333</dst>
            <dst id="ATLAng">25881.2453333333</dst>
            <dst id="CHINng">15432.9066666667</dst>
            <dst id="DNVRng">6804.92266666667</dst>
            <dst id="HSTNng">4864.872</dst>
            <dst id="IPLSng">13498.2</dst>
            <dst id="KSCYng">1072.208</dst>
            <dst id="LOSAng">17944.6346666667</dst>
            <dst id="NYCMng">6721.98133333333</dst>
            <dst id="SNVAng">434.970666666667</dst>
            <dst id="STTLng">3947.496</dst>
            <dst id="WASHng">34181.1333333333</dst>
        </src>
        <src id="CHINng">
            <dst id="ATLA-M5">709.202666666667</dst>
            <dst id="ATLAng">10647.216</dst>
            <dst id="CHINng">101589.442666667</dst>
            <dst id="DNVRng">10434.5946666667</dst>
            <dst id="HSTNng">47331.424</dst>
            <dst id="IPLSng">35331.5546666667</dst>
            <dst id="KSCYng">9603.62666666667</dst>
            <dst id="LOSAng">39293.8</dst>
            <dst id="NYCMng">14614.0533333333</dst>
            <dst id="SNVAng">2452.168</dst>
            <dst id="STTLng">18006.4346666667</dst>
            <dst id="WASHng">25410.5013333333</dst>
        </src>
        <src id="DNVRng">
            <dst id="ATLA-M5">154.528</dst>
            <dst id="ATLAng">2395.712</dst>
            <dst id="CHINng">87660.192</dst>
            <dst id="DNVRng">6855.88266666667</dst>
            <dst id="HSTNng">11314.2613333333</dst>
            <dst id="IPLSng">23172.2026666667</dst>
            <dst id="KSCYng">18285.5066666667</dst>
            <dst id="LOSAng">4670.62133333333</dst>
            <dst id="NYCMng">11832.04</dst>
            <dst id="SNVAng">3716.70933333333</dst>
            <dst id="STTLng">12131.448</dst>
            <dst id="WASHng">36663.7973333333</dst>
        </src>
        <src id="HSTNng">
            <dst id="ATLA-M5">2039.512</dst>
            <dst id="ATLAng">1701.608</dst>
            <dst id="CHINng">18451.5466666667</dst>
            <dst id="DNVRng">1334.57066666667</dst>
            <dst id="HSTNng">3941.69866666667</dst>
            <dst id="IPLSng">2760.352</dst>
            <dst id="KSCYng">953.693333333333</dst>
            <dst id="LOSAng">2965.28</dst>
            <dst id="NYCMng">2900.43466666667</dst>
            <dst id="SNVAng">1304.71466666667</dst>
            <dst id="STTLng">2830.6</dst>
            <dst id="WASHng">3445.592</dst>
        </src>
        <src id="IPLSng">
            <dst id="ATLA-M5">501.896</dst>
            <dst id="ATLAng">13087.3386666667</dst>
            <dst id="CHINng">101009.173333333</dst>
            <dst id="DNVRng">5581.72</dst>
            <dst id="HSTNng">4802.704</dst>
            <dst id="IPLSng">13524.0133333333</dst>
            <dst id="KSCYng">6148.064</dst>
            <dst id="LOSAng">34108.8533333333</dst>
            <dst id="NYCMng">29029.2373333333</dst>
            <dst id="SNVAng">1433.97866666667</dst>
            <dst id="STTLng">12044.16</dst>
            <dst id="WASHng">28585.8613333333</dst>
        </src>
        <src id="KSCYng">
            <dst id="ATLA-M5">176.16</dst>
            <dst id="ATLAng">1620.68</dst>
            <dst id="CHINng">25015.0506666667</dst>
            <dst id="DNVRng">10162.3973333333</dst>
            <dst id="HSTNng">3167.736</dst>
            <dst id="IPLSng">15067.3253333333</dst>
            <dst id="KSCYng">7178.608</dst>
            <dst id="LOSAng">3413.43733333333</dst>
            <dst id="NYCMng">4033.46933333333</dst>
            <dst id="SNVAng">43.6453333333333</dst>
            <dst id="STTLng">1136.91733333333</dst>
            <dst id="WASHng">17990.9386666667</dst>
        </src>
        <src id="LOSAng">
            <dst id="ATLA-M5">705.082666666667</dst>
            <dst id="ATLAng">13416.1546666667</dst>
            <dst id="CHINng">72447.4213333333</dst>
            <dst id="DNVRng">3988.74666666667</dst>
            <dst id="HSTNng">5390.94933333333</dst>
            <dst id="IPLSng">21852.768</dst>
            <dst id="KSCYng">6432.59466666667</dst>
            <dst id="LOSAng">21092.6026666667</dst>
            <dst id="NYCMng">43686.4906666667</dst>
            <dst id="SNVAng">6012.904</dst>
            <dst id="STTLng">20463.4746666667</dst>
            <dst id="WASHng">74913.5333333334</dst>
        </src>
        <src id="NYCMng">
            <dst id="ATLA-M5">2151.12266666667</dst>
            <dst id="ATLAng">12822.3893333333</dst>
            <dst id="CHINng">44119</dst>
            <dst id="DNVRng">31217.176</dst>
            <dst id="HSTNng">8130.96533333333</dst>
            <dst id="IPLSng">20997.32</dst>
            <dst id="KSCYng">15162.216</dst>
            <dst id="LOSAng">50496.016</dst>
            <dst id="NYCMng">127836.989333333</dst>
            <dst id="SNVAng">2989.87466666667</dst>
            <dst id="STTLng">23351.352</dst>
            <dst id="WASHng">98991.6133333333</dst>
        </src>
        <src id="SNVAng">
            <dst id="ATLA-M5">0</dst>
            <dst id="ATLAng">26.6666666666667</dst>
            <dst id="CHINng">1573.99466666667</dst>
            <dst id="DNVRng">9314.992</dst>
            <dst id="HSTNng">197.845333333333</dst>
            <dst id="IPLSng">275.402666666667</dst>
            <dst id="KSCYng">107.44</dst>
            <dst id="LOSAng">30107.4293333333</dst>
            <dst id="NYCMng">1018.83466666667</dst>
            <dst id="SNVAng">12174.12</dst>
            <dst id="STTLng">49322.5786666667</dst>
            <dst id="WASHng">123.941333333333</dst>
        </src>
        <src id="STTLng">
            <dst id="ATLA-M5">523.330666666667</dst>
            <dst id="ATLAng">4999.92533333333</dst>
            <dst id="CHINng">19950.728</dst>
            <dst id="DNVRng">3948.81066666667</dst>
            <dst id="HSTNng">4056.51466666667</dst>
            <dst id="IPLSng">4714.48533333333</dst>
            <dst id="KSCYng">2116.78933333333</dst>
            <dst id="LOSAng">16658.904</dst>
            <dst id="NYCMng">7470.95466666667</dst>
            <dst id="SNVAng">3451.61066666667</dst>
            <dst id="STTLng">3399.33066666667</dst>
            <dst id="WASHng">15503.472</dst>
        </src>
        <src id="WASHng">
            <dst id="ATLA-M5">1035.21333333333</dst>
            <dst id="ATLAng">54068.424</dst>
            <dst id="CHINng">76117.384</dst>
            <dst id="DNVRng">41427.7546666667</dst>
            <dst id="HSTNng">9193.73333333333</dst>
            <dst id="IPLSng">44216.0293333333</dst>
            <dst id="KSCYng">10092.488</dst>
            <dst id="LOSAng">85612.4693333333</dst>
            <dst id="NYCMng">146897.864</dst>
            <dst id="SNVAng">4359.09066666667</dst>
            <dst id="STTLng">24278.336</dst>
            <dst id="WASHng">229201.674666667</dst>
        </src>
    </IntraTM>
</TrafficMatrixFile>
