<?xml version="1.0" encoding="ISO-8859-1" standalone="yes"?>
<TrafficMatrixFile xsi:noNamespaceSchemaLocation="http://totem.run.montefiore.ulg.ac.be/Schema/TrafficMatrix-v1_2.xsd" xmlns:xsi="http://www.w3.org/2001/XMLSchema-instance">
    <IntraTM ASID="11537">
        <src id="ATLA-M5">
            <dst id="ATLA-M5">96.0693333333333</dst>
            <dst id="ATLAng">490.650666666667</dst>
            <dst id="CHINng">813.4</dst>
            <dst id="DNVRng">384.837333333333</dst>
            <dst id="HSTNng">888.808</dst>
            <dst id="IPLSng">1288.192</dst>
            <dst id="KSCYng">175.186666666667</dst>
            <dst id="LOSAng">326.226666666667</dst>
            <dst id="NYCMng">529.226666666667</dst>
            <dst id="SNVAng">0</dst>
            <dst id="STTLng">62.4</dst>
            <dst id="WASHng">899.04</dst>
        </src>
        <src id="ATLAng">
            <dst id="ATLA-M5">2053.09333333333</dst>
            <dst id="ATLAng">40221.9733333333</dst>
            <dst id="CHINng">20347.024</dst>
            <dst id="DNVRng">6471.38666666666</dst>
            <dst id="HSTNng">9896.56533333333</dst>
            <dst id="IPLSng">21250.776</dst>
            <dst id="KSCYng">2549.56266666667</dst>
            <dst id="LOSAng">24732.5253333333</dst>
            <dst id="NYCMng">8797.048</dst>
            <dst id="SNVAng">616.125333333333</dst>
            <dst id="STTLng">6525.55733333333</dst>
            <dst id="WASHng">37588.44</dst>
        </src>
        <src id="CHINng">
            <dst id="ATLA-M5">1236.736</dst>
            <dst id="ATLAng">26309.7973333333</dst>
            <dst id="CHINng">92423.3786666667</dst>
            <dst id="DNVRng">26339.784</dst>
            <dst id="HSTNng">51570.8346666667</dst>
            <dst id="IPLSng">64637.888</dst>
            <dst id="KSCYng">15175.4533333333</dst>
            <dst id="LOSAng">2044752.08</dst>
            <dst id="NYCMng">24825.632</dst>
            <dst id="SNVAng">3426.36</dst>
            <dst id="STTLng">10884.92</dst>
            <dst id="WASHng">29596.3546666667</dst>
        </src>
        <src id="DNVRng">
            <dst id="ATLA-M5">292.773333333333</dst>
            <dst id="ATLAng">5803.88</dst>
            <dst id="CHINng">64320.1413333333</dst>
            <dst id="DNVRng">17291.7333333333</dst>
            <dst id="HSTNng">16200.3866666667</dst>
            <dst id="IPLSng">38607.3946666667</dst>
            <dst id="KSCYng">13632.048</dst>
            <dst id="LOSAng">7144.28266666667</dst>
            <dst id="NYCMng">15203.4853333333</dst>
            <dst id="SNVAng">11111.8186666667</dst>
            <dst id="STTLng">8684.81866666667</dst>
            <dst id="WASHng">40702.312</dst>
        </src>
        <src id="HSTNng">
            <dst id="ATLA-M5">3709.08533333333</dst>
            <dst id="ATLAng">5103.528</dst>
            <dst id="CHINng">24015.768</dst>
            <dst id="DNVRng">2803.08</dst>
            <dst id="HSTNng">8144.86933333333</dst>
            <dst id="IPLSng">6503.12533333333</dst>
            <dst id="KSCYng">3399.02666666667</dst>
            <dst id="LOSAng">33777.0506666667</dst>
            <dst id="NYCMng">5952.032</dst>
            <dst id="SNVAng">1331.936</dst>
            <dst id="STTLng">1607.38666666667</dst>
            <dst id="WASHng">11900.5546666667</dst>
        </src>
        <src id="IPLSng">
            <dst id="ATLA-M5">1756.12266666667</dst>
            <dst id="ATLAng">16011.7253333333</dst>
            <dst id="CHINng">119954.248</dst>
            <dst id="DNVRng">34711.5226666667</dst>
            <dst id="HSTNng">8720.608</dst>
            <dst id="IPLSng">13788.8506666667</dst>
            <dst id="KSCYng">6974.34133333333</dst>
            <dst id="LOSAng">88777.576</dst>
            <dst id="NYCMng">56596.728</dst>
            <dst id="SNVAng">9527.49066666667</dst>
            <dst id="STTLng">15179.0026666667</dst>
            <dst id="WASHng">52989.9973333333</dst>
        </src>
        <src id="KSCYng">
            <dst id="ATLA-M5">157.386666666667</dst>
            <dst id="ATLAng">2392.26666666667</dst>
            <dst id="CHINng">18751.3493333333</dst>
            <dst id="DNVRng">10336.832</dst>
            <dst id="HSTNng">3598.00266666667</dst>
            <dst id="IPLSng">11909.6586666667</dst>
            <dst id="KSCYng">8345.34933333334</dst>
            <dst id="LOSAng">8199.224</dst>
            <dst id="NYCMng">4664.344</dst>
            <dst id="SNVAng">359.690666666667</dst>
            <dst id="STTLng">1927.23733333333</dst>
            <dst id="WASHng">25326.7653333333</dst>
        </src>
        <src id="LOSAng">
            <dst id="ATLA-M5">1367.06133333333</dst>
            <dst id="ATLAng">19460.2693333333</dst>
            <dst id="CHINng">1070029.65333333</dst>
            <dst id="DNVRng">9525.664</dst>
            <dst id="HSTNng">38320.0746666667</dst>
            <dst id="IPLSng">40219.2746666667</dst>
            <dst id="KSCYng">14354.928</dst>
            <dst id="LOSAng">13200.8853333333</dst>
            <dst id="NYCMng">79546.9253333333</dst>
            <dst id="SNVAng">12739.2266666667</dst>
            <dst id="STTLng">29697.96</dst>
            <dst id="WASHng">119455.634666667</dst>
        </src>
        <src id="NYCMng">
            <dst id="ATLA-M5">1920.09333333333</dst>
            <dst id="ATLAng">22537.2826666667</dst>
            <dst id="CHINng">54628.6453333333</dst>
            <dst id="DNVRng">40016.4586666667</dst>
            <dst id="HSTNng">19332.4613333333</dst>
            <dst id="IPLSng">70756.776</dst>
            <dst id="KSCYng">13753.32</dst>
            <dst id="LOSAng">91587.2106666667</dst>
            <dst id="NYCMng">183492.496</dst>
            <dst id="SNVAng">8220.54133333333</dst>
            <dst id="STTLng">28671.4453333333</dst>
            <dst id="WASHng">154169.52</dst>
        </src>
        <src id="SNVAng">
            <dst id="ATLA-M5">0</dst>
            <dst id="ATLAng">107.861333333333</dst>
            <dst id="CHINng">1465.848</dst>
            <dst id="DNVRng">11231.16</dst>
            <dst id="HSTNng">479.882666666667</dst>
            <dst id="IPLSng">5729.37333333333</dst>
            <dst id="KSCYng">1430.592</dst>
            <dst id="LOSAng">37733.9413333334</dst>
            <dst id="NYCMng">1197.75733333333</dst>
            <dst id="SNVAng">18433.8186666667</dst>
            <dst id="STTLng">62394.5493333333</dst>
            <dst id="WASHng">453.184</dst>
        </src>
        <src id="STTLng">
            <dst id="ATLA-M5">163.837333333333</dst>
            <dst id="ATLAng">11333.912</dst>
            <dst id="CHINng">26627.6826666667</dst>
            <dst id="DNVRng">5211.96</dst>
            <dst id="HSTNng">6662.97333333333</dst>
            <dst id="IPLSng">9792.98666666667</dst>
            <dst id="KSCYng">4311.14666666667</dst>
            <dst id="LOSAng">26885.728</dst>
            <dst id="NYCMng">11649.1146666667</dst>
            <dst id="SNVAng">3701.632</dst>
            <dst id="STTLng">5581.232</dst>
            <dst id="WASHng">8958.008</dst>
        </src>
        <src id="WASHng">
            <dst id="ATLA-M5">1643.456</dst>
            <dst id="ATLAng">100231.938666667</dst>
            <dst id="CHINng">61021.0506666667</dst>
            <dst id="DNVRng">49633.664</dst>
            <dst id="HSTNng">32140.6533333333</dst>
            <dst id="IPLSng">62780.9253333333</dst>
            <dst id="KSCYng">13281.2186666667</dst>
            <dst id="LOSAng">105506.008</dst>
            <dst id="NYCMng">157919.514666667</dst>
            <dst id="SNVAng">5140.96266666667</dst>
            <dst id="STTLng">38452.5946666667</dst>
            <dst id="WASHng">335993.68</dst>
        </src>
    </IntraTM>
</TrafficMatrixFile>
