<?xml version="1.0" encoding="ISO-8859-1" standalone="yes"?>
<TrafficMatrixFile xsi:noNamespaceSchemaLocation="http://totem.run.montefiore.ulg.ac.be/Schema/TrafficMatrix-v1_2.xsd" xmlns:xsi="http://www.w3.org/2001/XMLSchema-instance">
    <IntraTM ASID="11537">
        <src id="ATLA-M5">
            <dst id="ATLA-M5">42.7733333333333</dst>
            <dst id="ATLAng">106.666666666667</dst>
            <dst id="CHINng">408.6</dst>
            <dst id="DNVRng">92.2426666666667</dst>
            <dst id="HSTNng">109.552</dst>
            <dst id="IPLSng">376.88</dst>
            <dst id="KSCYng">71.7546666666667</dst>
            <dst id="LOSAng">298.794666666667</dst>
            <dst id="NYCMng">291.477333333333</dst>
            <dst id="SNVAng">0</dst>
            <dst id="STTLng">0</dst>
            <dst id="WASHng">627.490666666667</dst>
        </src>
        <src id="ATLAng">
            <dst id="ATLA-M5">171.888</dst>
            <dst id="ATLAng">21427.1733333333</dst>
            <dst id="CHINng">20725.112</dst>
            <dst id="DNVRng">4949.54933333333</dst>
            <dst id="HSTNng">6191.49866666667</dst>
            <dst id="IPLSng">33276.9226666667</dst>
            <dst id="KSCYng">2698.46133333333</dst>
            <dst id="LOSAng">28728.3946666667</dst>
            <dst id="NYCMng">11456.6666666667</dst>
            <dst id="SNVAng">894.069333333333</dst>
            <dst id="STTLng">5409.27466666667</dst>
            <dst id="WASHng">32433.4693333333</dst>
        </src>
        <src id="CHINng">
            <dst id="ATLA-M5">805.536</dst>
            <dst id="ATLAng">35227.3893333333</dst>
            <dst id="CHINng">89687.376</dst>
            <dst id="DNVRng">14113.1813333333</dst>
            <dst id="HSTNng">52448.672</dst>
            <dst id="IPLSng">51374.0453333333</dst>
            <dst id="KSCYng">18571.16</dst>
            <dst id="LOSAng">60894.0906666666</dst>
            <dst id="NYCMng">20114.12</dst>
            <dst id="SNVAng">3822.45066666667</dst>
            <dst id="STTLng">10249.568</dst>
            <dst id="WASHng">38920.3173333333</dst>
        </src>
        <src id="DNVRng">
            <dst id="ATLA-M5">318.421333333333</dst>
            <dst id="ATLAng">6159.06666666667</dst>
            <dst id="CHINng">67973.3333333333</dst>
            <dst id="DNVRng">18125.9306666667</dst>
            <dst id="HSTNng">14878.6186666667</dst>
            <dst id="IPLSng">30059.6853333333</dst>
            <dst id="KSCYng">17350.752</dst>
            <dst id="LOSAng">7685.072</dst>
            <dst id="NYCMng">23945.9386666667</dst>
            <dst id="SNVAng">9693.936</dst>
            <dst id="STTLng">12192.536</dst>
            <dst id="WASHng">47446.2933333333</dst>
        </src>
        <src id="HSTNng">
            <dst id="ATLA-M5">1819.85333333333</dst>
            <dst id="ATLAng">1991.98133333333</dst>
            <dst id="CHINng">13881.688</dst>
            <dst id="DNVRng">5008.98666666667</dst>
            <dst id="HSTNng">10909.008</dst>
            <dst id="IPLSng">4611.61066666667</dst>
            <dst id="KSCYng">2924.368</dst>
            <dst id="LOSAng">6686.25333333333</dst>
            <dst id="NYCMng">2761.456</dst>
            <dst id="SNVAng">2673.66133333333</dst>
            <dst id="STTLng">1763.26666666667</dst>
            <dst id="WASHng">8701.616</dst>
        </src>
        <src id="IPLSng">
            <dst id="ATLA-M5">816.154666666667</dst>
            <dst id="ATLAng">37294.9013333333</dst>
            <dst id="CHINng">93442.376</dst>
            <dst id="DNVRng">25467.344</dst>
            <dst id="HSTNng">6539.34666666667</dst>
            <dst id="IPLSng">27850.7386666667</dst>
            <dst id="KSCYng">12930.568</dst>
            <dst id="LOSAng">33670.4293333333</dst>
            <dst id="NYCMng">50352.656</dst>
            <dst id="SNVAng">1865.968</dst>
            <dst id="STTLng">9234.448</dst>
            <dst id="WASHng">41429.3813333333</dst>
        </src>
        <src id="KSCYng">
            <dst id="ATLA-M5">53.3333333333333</dst>
            <dst id="ATLAng">2415.384</dst>
            <dst id="CHINng">26058.456</dst>
            <dst id="DNVRng">13734.5493333333</dst>
            <dst id="HSTNng">4299.42133333333</dst>
            <dst id="IPLSng">20855.4426666667</dst>
            <dst id="KSCYng">11500.184</dst>
            <dst id="LOSAng">6980.432</dst>
            <dst id="NYCMng">4543.31733333333</dst>
            <dst id="SNVAng">328.688</dst>
            <dst id="STTLng">2795.82133333333</dst>
            <dst id="WASHng">15777.9306666667</dst>
        </src>
        <src id="LOSAng">
            <dst id="ATLA-M5">983.368</dst>
            <dst id="ATLAng">18428.2213333333</dst>
            <dst id="CHINng">101757.405333333</dst>
            <dst id="DNVRng">19405.2533333333</dst>
            <dst id="HSTNng">6074.40266666667</dst>
            <dst id="IPLSng">44364.2586666667</dst>
            <dst id="KSCYng">12847.1253333333</dst>
            <dst id="LOSAng">10216.544</dst>
            <dst id="NYCMng">59143.728</dst>
            <dst id="SNVAng">6481.68</dst>
            <dst id="STTLng">23079.88</dst>
            <dst id="WASHng">134729.397333333</dst>
        </src>
        <src id="NYCMng">
            <dst id="ATLA-M5">1119.92</dst>
            <dst id="ATLAng">40970.016</dst>
            <dst id="CHINng">51703.56</dst>
            <dst id="DNVRng">46083.0773333333</dst>
            <dst id="HSTNng">14635.7333333333</dst>
            <dst id="IPLSng">51483.5253333333</dst>
            <dst id="KSCYng">14937.2266666667</dst>
            <dst id="LOSAng">75715.3973333333</dst>
            <dst id="NYCMng">157182.789333333</dst>
            <dst id="SNVAng">3904.34666666667</dst>
            <dst id="STTLng">25285.816</dst>
            <dst id="WASHng">138382.293333333</dst>
        </src>
        <src id="SNVAng">
            <dst id="ATLA-M5">53.3333333333333</dst>
            <dst id="ATLAng">0</dst>
            <dst id="CHINng">2605.144</dst>
            <dst id="DNVRng">4411.56266666667</dst>
            <dst id="HSTNng">312.573333333333</dst>
            <dst id="IPLSng">570.997333333333</dst>
            <dst id="KSCYng">630.2</dst>
            <dst id="LOSAng">52920.2426666667</dst>
            <dst id="NYCMng">463.570666666667</dst>
            <dst id="SNVAng">17682.3066666667</dst>
            <dst id="STTLng">56789.9093333333</dst>
            <dst id="WASHng">1473.25333333333</dst>
        </src>
        <src id="STTLng">
            <dst id="ATLA-M5">101.522666666667</dst>
            <dst id="ATLAng">9503.84266666667</dst>
            <dst id="CHINng">13571.8933333333</dst>
            <dst id="DNVRng">1755.63466666667</dst>
            <dst id="HSTNng">6630.74133333333</dst>
            <dst id="IPLSng">10293.048</dst>
            <dst id="KSCYng">4176.392</dst>
            <dst id="LOSAng">18818.728</dst>
            <dst id="NYCMng">5773.81333333333</dst>
            <dst id="SNVAng">4383.16266666667</dst>
            <dst id="STTLng">4221.55733333333</dst>
            <dst id="WASHng">5852.496</dst>
        </src>
        <src id="WASHng">
            <dst id="ATLA-M5">548.602666666667</dst>
            <dst id="ATLAng">68845.28</dst>
            <dst id="CHINng">71094.1093333333</dst>
            <dst id="DNVRng">63736.8053333333</dst>
            <dst id="HSTNng">35838.6906666667</dst>
            <dst id="IPLSng">64493.0986666667</dst>
            <dst id="KSCYng">21179.9226666667</dst>
            <dst id="LOSAng">118534.88</dst>
            <dst id="NYCMng">139834.986666667</dst>
            <dst id="SNVAng">6452.064</dst>
            <dst id="STTLng">41848.6426666667</dst>
            <dst id="WASHng">298070.693333333</dst>
        </src>
    </IntraTM>
</TrafficMatrixFile>
