<?xml version="1.0" encoding="ISO-8859-1" standalone="yes"?>
<TrafficMatrixFile xsi:noNamespaceSchemaLocation="http://totem.run.montefiore.ulg.ac.be/Schema/TrafficMatrix-v1_2.xsd" xmlns:xsi="http://www.w3.org/2001/XMLSchema-instance">
    <IntraTM ASID="11537">
        <src id="ATLA-M5">
            <dst id="ATLA-M5">63.864</dst>
            <dst id="ATLAng">233.701333333333</dst>
            <dst id="CHINng">2043.03733333333</dst>
            <dst id="DNVRng">1549.62666666667</dst>
            <dst id="HSTNng">198.970666666667</dst>
            <dst id="IPLSng">2382.31466666667</dst>
            <dst id="KSCYng">217.56</dst>
            <dst id="LOSAng">651.84</dst>
            <dst id="NYCMng">201.610666666667</dst>
            <dst id="SNVAng">26.6666666666667</dst>
            <dst id="STTLng">122.402666666667</dst>
            <dst id="WASHng">1266.75466666667</dst>
        </src>
        <src id="ATLAng">
            <dst id="ATLA-M5">328.928</dst>
            <dst id="ATLAng">24766.792</dst>
            <dst id="CHINng">26057.352</dst>
            <dst id="DNVRng">4469.45866666667</dst>
            <dst id="HSTNng">2205.89333333333</dst>
            <dst id="IPLSng">30101.872</dst>
            <dst id="KSCYng">5847.6</dst>
            <dst id="LOSAng">26024.656</dst>
            <dst id="NYCMng">11458.3306666667</dst>
            <dst id="SNVAng">1154.16</dst>
            <dst id="STTLng">8386.33066666666</dst>
            <dst id="WASHng">115263.133333333</dst>
        </src>
        <src id="CHINng">
            <dst id="ATLA-M5">1092.76533333333</dst>
            <dst id="ATLAng">37370.6533333333</dst>
            <dst id="CHINng">115720.885333333</dst>
            <dst id="DNVRng">24042.576</dst>
            <dst id="HSTNng">52211.536</dst>
            <dst id="IPLSng">61240.5546666667</dst>
            <dst id="KSCYng">19916.1946666667</dst>
            <dst id="LOSAng">85382.4053333334</dst>
            <dst id="NYCMng">25118.9013333333</dst>
            <dst id="SNVAng">2584.77333333333</dst>
            <dst id="STTLng">13969.536</dst>
            <dst id="WASHng">35230.7093333333</dst>
        </src>
        <src id="DNVRng">
            <dst id="ATLA-M5">999.754666666667</dst>
            <dst id="ATLAng">5421.33066666667</dst>
            <dst id="CHINng">71375.0346666667</dst>
            <dst id="DNVRng">13668.264</dst>
            <dst id="HSTNng">17239.2</dst>
            <dst id="IPLSng">27739.0506666667</dst>
            <dst id="KSCYng">18482.0746666667</dst>
            <dst id="LOSAng">12470.168</dst>
            <dst id="NYCMng">15092.24</dst>
            <dst id="SNVAng">11766.3813333333</dst>
            <dst id="STTLng">12723.1173333333</dst>
            <dst id="WASHng">66383.88</dst>
        </src>
        <src id="HSTNng">
            <dst id="ATLA-M5">4136.37333333333</dst>
            <dst id="ATLAng">5247.88</dst>
            <dst id="CHINng">25524.3333333333</dst>
            <dst id="DNVRng">4030.496</dst>
            <dst id="HSTNng">8934.312</dst>
            <dst id="IPLSng">8792.94933333333</dst>
            <dst id="KSCYng">6287.35466666667</dst>
            <dst id="LOSAng">7693.256</dst>
            <dst id="NYCMng">5918.40266666667</dst>
            <dst id="SNVAng">1150.744</dst>
            <dst id="STTLng">3698.84266666667</dst>
            <dst id="WASHng">8367.048</dst>
        </src>
        <src id="IPLSng">
            <dst id="ATLA-M5">2359.97066666667</dst>
            <dst id="ATLAng">30831.5973333333</dst>
            <dst id="CHINng">108585.101333333</dst>
            <dst id="DNVRng">11730.6773333333</dst>
            <dst id="HSTNng">6646.97866666667</dst>
            <dst id="IPLSng">27764.792</dst>
            <dst id="KSCYng">6469.44533333333</dst>
            <dst id="LOSAng">78428.0693333333</dst>
            <dst id="NYCMng">65451.432</dst>
            <dst id="SNVAng">1479.69333333333</dst>
            <dst id="STTLng">8862.48533333333</dst>
            <dst id="WASHng">46414.3013333333</dst>
        </src>
        <src id="KSCYng">
            <dst id="ATLA-M5">261.088</dst>
            <dst id="ATLAng">4911.31466666667</dst>
            <dst id="CHINng">35799.9626666667</dst>
            <dst id="DNVRng">22355.0026666667</dst>
            <dst id="HSTNng">5552.336</dst>
            <dst id="IPLSng">19456.736</dst>
            <dst id="KSCYng">12872.512</dst>
            <dst id="LOSAng">8616.54666666667</dst>
            <dst id="NYCMng">8221.05866666667</dst>
            <dst id="SNVAng">1336.06666666667</dst>
            <dst id="STTLng">4068.98133333333</dst>
            <dst id="WASHng">19700.5786666667</dst>
        </src>
        <src id="LOSAng">
            <dst id="ATLA-M5">1227.81333333333</dst>
            <dst id="ATLAng">35613.1893333333</dst>
            <dst id="CHINng">101643.013333333</dst>
            <dst id="DNVRng">13223.8426666667</dst>
            <dst id="HSTNng">8055.56</dst>
            <dst id="IPLSng">49490.28</dst>
            <dst id="KSCYng">17000</dst>
            <dst id="LOSAng">17021.1866666667</dst>
            <dst id="NYCMng">74272.728</dst>
            <dst id="SNVAng">8610.68533333333</dst>
            <dst id="STTLng">27495.944</dst>
            <dst id="WASHng">115415.949333333</dst>
        </src>
        <src id="NYCMng">
            <dst id="ATLA-M5">3360.20533333333</dst>
            <dst id="ATLAng">36100.2693333333</dst>
            <dst id="CHINng">75539.6826666666</dst>
            <dst id="DNVRng">37437.2533333333</dst>
            <dst id="HSTNng">22011.8346666667</dst>
            <dst id="IPLSng">53736.8133333333</dst>
            <dst id="KSCYng">21317.1466666667</dst>
            <dst id="LOSAng">75163.9546666667</dst>
            <dst id="NYCMng">171665.669333333</dst>
            <dst id="SNVAng">3426.21866666667</dst>
            <dst id="STTLng">21447.504</dst>
            <dst id="WASHng">132989.856</dst>
        </src>
        <src id="SNVAng">
            <dst id="ATLA-M5">77.2613333333333</dst>
            <dst id="ATLAng">183.706666666667</dst>
            <dst id="CHINng">1466.57866666667</dst>
            <dst id="DNVRng">6521.39466666667</dst>
            <dst id="HSTNng">415.650666666667</dst>
            <dst id="IPLSng">4333.65333333333</dst>
            <dst id="KSCYng">121.314666666667</dst>
            <dst id="LOSAng">56495.9306666667</dst>
            <dst id="NYCMng">2852.75466666667</dst>
            <dst id="SNVAng">23638.7946666667</dst>
            <dst id="STTLng">61053.3946666667</dst>
            <dst id="WASHng">1253.29066666667</dst>
        </src>
        <src id="STTLng">
            <dst id="ATLA-M5">321.032</dst>
            <dst id="ATLAng">9009.69066666667</dst>
            <dst id="CHINng">10625.4053333333</dst>
            <dst id="DNVRng">3292.072</dst>
            <dst id="HSTNng">8058.05066666666</dst>
            <dst id="IPLSng">9111.61866666667</dst>
            <dst id="KSCYng">3277.86933333333</dst>
            <dst id="LOSAng">42756.5333333333</dst>
            <dst id="NYCMng">6152.62666666667</dst>
            <dst id="SNVAng">5296.58133333333</dst>
            <dst id="STTLng">4939.41333333333</dst>
            <dst id="WASHng">9771.24</dst>
        </src>
        <src id="WASHng">
            <dst id="ATLA-M5">2450.048</dst>
            <dst id="ATLAng">93933.5706666667</dst>
            <dst id="CHINng">86372.08</dst>
            <dst id="DNVRng">42828.8133333333</dst>
            <dst id="HSTNng">32004.4853333333</dst>
            <dst id="IPLSng">47912.4266666667</dst>
            <dst id="KSCYng">27579.7226666667</dst>
            <dst id="LOSAng">142398.064</dst>
            <dst id="NYCMng">182732.792</dst>
            <dst id="SNVAng">4030.36533333333</dst>
            <dst id="STTLng">33578.096</dst>
            <dst id="WASHng">233103.530666667</dst>
        </src>
    </IntraTM>
</TrafficMatrixFile>
