<?xml version="1.0" encoding="ISO-8859-1" standalone="yes"?>
<TrafficMatrixFile xsi:noNamespaceSchemaLocation="http://totem.run.montefiore.ulg.ac.be/Schema/TrafficMatrix-v1_2.xsd" xmlns:xsi="http://www.w3.org/2001/XMLSchema-instance">
    <IntraTM ASID="11537">
        <src id="ATLA-M5">
            <dst id="ATLA-M5">1153.37333333333</dst>
            <dst id="ATLAng">72.6133333333333</dst>
            <dst id="CHINng">457.712</dst>
            <dst id="DNVRng">26.6666666666667</dst>
            <dst id="HSTNng">195.464</dst>
            <dst id="IPLSng">361.466666666667</dst>
            <dst id="KSCYng">140.109333333333</dst>
            <dst id="LOSAng">384.629333333333</dst>
            <dst id="NYCMng">2281.73066666667</dst>
            <dst id="SNVAng">0</dst>
            <dst id="STTLng">133.333333333333</dst>
            <dst id="WASHng">308.005333333333</dst>
        </src>
        <src id="ATLAng">
            <dst id="ATLA-M5">635.797333333333</dst>
            <dst id="ATLAng">35251.8373333333</dst>
            <dst id="CHINng">28734.0266666667</dst>
            <dst id="DNVRng">4572.40266666667</dst>
            <dst id="HSTNng">4138.79733333333</dst>
            <dst id="IPLSng">19754.3946666667</dst>
            <dst id="KSCYng">3947.55733333333</dst>
            <dst id="LOSAng">21464.5546666667</dst>
            <dst id="NYCMng">12608.2106666667</dst>
            <dst id="SNVAng">976.386666666667</dst>
            <dst id="STTLng">6821.18133333333</dst>
            <dst id="WASHng">37797.3226666667</dst>
        </src>
        <src id="CHINng">
            <dst id="ATLA-M5">2952.18933333333</dst>
            <dst id="ATLAng">29616.2693333333</dst>
            <dst id="CHINng">132607.461333333</dst>
            <dst id="DNVRng">25811.0453333333</dst>
            <dst id="HSTNng">49506.424</dst>
            <dst id="IPLSng">68563.088</dst>
            <dst id="KSCYng">13517.8586666667</dst>
            <dst id="LOSAng">2008744.50666667</dst>
            <dst id="NYCMng">28726.2373333333</dst>
            <dst id="SNVAng">3070.344</dst>
            <dst id="STTLng">21648.4266666667</dst>
            <dst id="WASHng">37311.3706666667</dst>
        </src>
        <src id="DNVRng">
            <dst id="ATLA-M5">127.36</dst>
            <dst id="ATLAng">6098.456</dst>
            <dst id="CHINng">60669.0933333333</dst>
            <dst id="DNVRng">9292.488</dst>
            <dst id="HSTNng">17036.896</dst>
            <dst id="IPLSng">33510.4373333333</dst>
            <dst id="KSCYng">11435.7813333333</dst>
            <dst id="LOSAng">7704.65866666667</dst>
            <dst id="NYCMng">18024.624</dst>
            <dst id="SNVAng">7527.25066666667</dst>
            <dst id="STTLng">10605.0426666667</dst>
            <dst id="WASHng">55547.536</dst>
        </src>
        <src id="HSTNng">
            <dst id="ATLA-M5">4514.22666666667</dst>
            <dst id="ATLAng">3830.17333333333</dst>
            <dst id="CHINng">21283.7653333333</dst>
            <dst id="DNVRng">5206.19466666667</dst>
            <dst id="HSTNng">6491.26133333333</dst>
            <dst id="IPLSng">9942.26933333333</dst>
            <dst id="KSCYng">3850.92533333333</dst>
            <dst id="LOSAng">6738.6</dst>
            <dst id="NYCMng">5871.456</dst>
            <dst id="SNVAng">1363.81066666667</dst>
            <dst id="STTLng">2596.13866666667</dst>
            <dst id="WASHng">13444.2053333333</dst>
        </src>
        <src id="IPLSng">
            <dst id="ATLA-M5">702.704</dst>
            <dst id="ATLAng">17038.6773333333</dst>
            <dst id="CHINng">132130.824</dst>
            <dst id="DNVRng">18766.36</dst>
            <dst id="HSTNng">8330.47466666667</dst>
            <dst id="IPLSng">28520.6</dst>
            <dst id="KSCYng">9133.92266666666</dst>
            <dst id="LOSAng">40228.2666666667</dst>
            <dst id="NYCMng">70552.9253333333</dst>
            <dst id="SNVAng">1760.91733333333</dst>
            <dst id="STTLng">9688.87733333333</dst>
            <dst id="WASHng">44008.9093333333</dst>
        </src>
        <src id="KSCYng">
            <dst id="ATLA-M5">117.208</dst>
            <dst id="ATLAng">5404.696</dst>
            <dst id="CHINng">21307.7893333333</dst>
            <dst id="DNVRng">9269.27733333333</dst>
            <dst id="HSTNng">5160.984</dst>
            <dst id="IPLSng">33466.9546666667</dst>
            <dst id="KSCYng">8921.56</dst>
            <dst id="LOSAng">9841.672</dst>
            <dst id="NYCMng">3981.79733333333</dst>
            <dst id="SNVAng">461.546666666667</dst>
            <dst id="STTLng">1567.976</dst>
            <dst id="WASHng">17782.5973333333</dst>
        </src>
        <src id="LOSAng">
            <dst id="ATLA-M5">2510.47466666667</dst>
            <dst id="ATLAng">34024.0186666667</dst>
            <dst id="CHINng">1092778.18666667</dst>
            <dst id="DNVRng">7724.656</dst>
            <dst id="HSTNng">34828.5386666667</dst>
            <dst id="IPLSng">51268.3093333334</dst>
            <dst id="KSCYng">17870.7333333333</dst>
            <dst id="LOSAng">10224.9226666667</dst>
            <dst id="NYCMng">78023.7413333333</dst>
            <dst id="SNVAng">6886.144</dst>
            <dst id="STTLng">35431.552</dst>
            <dst id="WASHng">105527.744</dst>
        </src>
        <src id="NYCMng">
            <dst id="ATLA-M5">1164.752</dst>
            <dst id="ATLAng">47535.6133333333</dst>
            <dst id="CHINng">55426.5733333333</dst>
            <dst id="DNVRng">39751.5253333333</dst>
            <dst id="HSTNng">18687.1226666667</dst>
            <dst id="IPLSng">68322.7333333333</dst>
            <dst id="KSCYng">24245.3386666667</dst>
            <dst id="LOSAng">66018.7626666667</dst>
            <dst id="NYCMng">206143.309333333</dst>
            <dst id="SNVAng">6078.65333333333</dst>
            <dst id="STTLng">18110.9946666667</dst>
            <dst id="WASHng">187730.861333333</dst>
        </src>
        <src id="SNVAng">
            <dst id="ATLA-M5">277.872</dst>
            <dst id="ATLAng">81.848</dst>
            <dst id="CHINng">1731.94933333333</dst>
            <dst id="DNVRng">5272.61866666667</dst>
            <dst id="HSTNng">3437.08</dst>
            <dst id="IPLSng">1426.71466666667</dst>
            <dst id="KSCYng">89.8693333333333</dst>
            <dst id="LOSAng">31728.568</dst>
            <dst id="NYCMng">3186.92533333333</dst>
            <dst id="SNVAng">12625.4533333333</dst>
            <dst id="STTLng">48735.8373333333</dst>
            <dst id="WASHng">273.296</dst>
        </src>
        <src id="STTLng">
            <dst id="ATLA-M5">232.218666666667</dst>
            <dst id="ATLAng">8729.46133333333</dst>
            <dst id="CHINng">18112.8346666667</dst>
            <dst id="DNVRng">11295.4773333333</dst>
            <dst id="HSTNng">11892.5733333333</dst>
            <dst id="IPLSng">10144.7493333333</dst>
            <dst id="KSCYng">5455.09866666667</dst>
            <dst id="LOSAng">19012.216</dst>
            <dst id="NYCMng">7608.19466666667</dst>
            <dst id="SNVAng">2594.06133333333</dst>
            <dst id="STTLng">1955.488</dst>
            <dst id="WASHng">11879.576</dst>
        </src>
        <src id="WASHng">
            <dst id="ATLA-M5">1242.67466666667</dst>
            <dst id="ATLAng">235943.850666667</dst>
            <dst id="CHINng">61559.832</dst>
            <dst id="DNVRng">42345.7253333333</dst>
            <dst id="HSTNng">31564.1466666667</dst>
            <dst id="IPLSng">54437.92</dst>
            <dst id="KSCYng">17645.7146666667</dst>
            <dst id="LOSAng">107528.946666667</dst>
            <dst id="NYCMng">160150.141333333</dst>
            <dst id="SNVAng">4715.54933333333</dst>
            <dst id="STTLng">28774.8373333333</dst>
            <dst id="WASHng">219310.965333333</dst>
        </src>
    </IntraTM>
</TrafficMatrixFile>
