<?xml version="1.0" encoding="ISO-8859-1" standalone="yes"?>
<TrafficMatrixFile xsi:noNamespaceSchemaLocation="http://totem.run.montefiore.ulg.ac.be/Schema/TrafficMatrix-v1_2.xsd" xmlns:xsi="http://www.w3.org/2001/XMLSchema-instance">
    <IntraTM ASID="11537">
        <src id="ATLA-M5">
            <dst id="ATLA-M5">563.653333333333</dst>
            <dst id="ATLAng">555.157333333333</dst>
            <dst id="CHINng">2101.28266666667</dst>
            <dst id="DNVRng">53.3333333333333</dst>
            <dst id="HSTNng">133.333333333333</dst>
            <dst id="IPLSng">379.685333333333</dst>
            <dst id="KSCYng">120.592</dst>
            <dst id="LOSAng">342.248</dst>
            <dst id="NYCMng">3503.76533333333</dst>
            <dst id="SNVAng">26.6666666666667</dst>
            <dst id="STTLng">190.597333333333</dst>
            <dst id="WASHng">910.144</dst>
        </src>
        <src id="ATLAng">
            <dst id="ATLA-M5">870.698666666667</dst>
            <dst id="ATLAng">62917.504</dst>
            <dst id="CHINng">30069.1813333333</dst>
            <dst id="DNVRng">4929.024</dst>
            <dst id="HSTNng">13935.4666666667</dst>
            <dst id="IPLSng">26762.9626666667</dst>
            <dst id="KSCYng">1987.34933333333</dst>
            <dst id="LOSAng">22173.8826666667</dst>
            <dst id="NYCMng">10798.424</dst>
            <dst id="SNVAng">1356.40266666667</dst>
            <dst id="STTLng">5392.98933333333</dst>
            <dst id="WASHng">127117.010666667</dst>
        </src>
        <src id="CHINng">
            <dst id="ATLA-M5">2323.832</dst>
            <dst id="ATLAng">38095.264</dst>
            <dst id="CHINng">112908.976</dst>
            <dst id="DNVRng">33132.5493333333</dst>
            <dst id="HSTNng">50457.8986666667</dst>
            <dst id="IPLSng">67299.072</dst>
            <dst id="KSCYng">15194.6906666667</dst>
            <dst id="LOSAng">2040591.25333333</dst>
            <dst id="NYCMng">20630.6773333333</dst>
            <dst id="SNVAng">11393.0906666667</dst>
            <dst id="STTLng">12067.5253333333</dst>
            <dst id="WASHng">33880.584</dst>
        </src>
        <src id="DNVRng">
            <dst id="ATLA-M5">300.301333333333</dst>
            <dst id="ATLAng">11734.104</dst>
            <dst id="CHINng">66275.2533333333</dst>
            <dst id="DNVRng">8881.86666666667</dst>
            <dst id="HSTNng">16813.5146666667</dst>
            <dst id="IPLSng">32180.3466666667</dst>
            <dst id="KSCYng">11982.392</dst>
            <dst id="LOSAng">7553.04533333333</dst>
            <dst id="NYCMng">15639.3626666667</dst>
            <dst id="SNVAng">8040.56</dst>
            <dst id="STTLng">7234.17066666666</dst>
            <dst id="WASHng">43523.904</dst>
        </src>
        <src id="HSTNng">
            <dst id="ATLA-M5">1451.336</dst>
            <dst id="ATLAng">6275.81866666667</dst>
            <dst id="CHINng">25916.2213333333</dst>
            <dst id="DNVRng">5793.808</dst>
            <dst id="HSTNng">6012.30933333333</dst>
            <dst id="IPLSng">9224.36</dst>
            <dst id="KSCYng">3483.30666666667</dst>
            <dst id="LOSAng">9284.71733333333</dst>
            <dst id="NYCMng">7174.58933333333</dst>
            <dst id="SNVAng">1484.97066666667</dst>
            <dst id="STTLng">3202.368</dst>
            <dst id="WASHng">7197.78133333333</dst>
        </src>
        <src id="IPLSng">
            <dst id="ATLA-M5">741.637333333333</dst>
            <dst id="ATLAng">23987.92</dst>
            <dst id="CHINng">134903.141333333</dst>
            <dst id="DNVRng">17677.6746666667</dst>
            <dst id="HSTNng">6672.328</dst>
            <dst id="IPLSng">16343.4133333333</dst>
            <dst id="KSCYng">12084.5013333333</dst>
            <dst id="LOSAng">48501.9786666667</dst>
            <dst id="NYCMng">58138.392</dst>
            <dst id="SNVAng">8391.44266666667</dst>
            <dst id="STTLng">10996.3413333333</dst>
            <dst id="WASHng">39165.12</dst>
        </src>
        <src id="KSCYng">
            <dst id="ATLA-M5">686.261333333333</dst>
            <dst id="ATLAng">1970.77866666667</dst>
            <dst id="CHINng">22085.9813333333</dst>
            <dst id="DNVRng">8616.512</dst>
            <dst id="HSTNng">6440.15466666667</dst>
            <dst id="IPLSng">15538.944</dst>
            <dst id="KSCYng">6155.36</dst>
            <dst id="LOSAng">5512.30666666667</dst>
            <dst id="NYCMng">8432.648</dst>
            <dst id="SNVAng">1060.056</dst>
            <dst id="STTLng">1238.61333333333</dst>
            <dst id="WASHng">11766.2853333333</dst>
        </src>
        <src id="LOSAng">
            <dst id="ATLA-M5">4193.21333333333</dst>
            <dst id="ATLAng">36769.1146666667</dst>
            <dst id="CHINng">1095604.4</dst>
            <dst id="DNVRng">16951.024</dst>
            <dst id="HSTNng">34141.6933333333</dst>
            <dst id="IPLSng">48388.1146666667</dst>
            <dst id="KSCYng">12556.9573333333</dst>
            <dst id="LOSAng">9834.96</dst>
            <dst id="NYCMng">80029.752</dst>
            <dst id="SNVAng">15078.376</dst>
            <dst id="STTLng">23681.9653333333</dst>
            <dst id="WASHng">110269.730666667</dst>
        </src>
        <src id="NYCMng">
            <dst id="ATLA-M5">650.021333333333</dst>
            <dst id="ATLAng">25988.2906666667</dst>
            <dst id="CHINng">54626.3546666667</dst>
            <dst id="DNVRng">45534.2426666667</dst>
            <dst id="HSTNng">19816.1653333333</dst>
            <dst id="IPLSng">65760.9466666667</dst>
            <dst id="KSCYng">20465.8933333333</dst>
            <dst id="LOSAng">91075.1093333333</dst>
            <dst id="NYCMng">188415.842666667</dst>
            <dst id="SNVAng">7514.66133333333</dst>
            <dst id="STTLng">22166.712</dst>
            <dst id="WASHng">141590.648</dst>
        </src>
        <src id="SNVAng">
            <dst id="ATLA-M5">42.4586666666667</dst>
            <dst id="ATLAng">75.736</dst>
            <dst id="CHINng">1125.10133333333</dst>
            <dst id="DNVRng">5084.81066666667</dst>
            <dst id="HSTNng">578.845333333333</dst>
            <dst id="IPLSng">1162.512</dst>
            <dst id="KSCYng">738.533333333333</dst>
            <dst id="LOSAng">35002.6613333333</dst>
            <dst id="NYCMng">810.472</dst>
            <dst id="SNVAng">15546.096</dst>
            <dst id="STTLng">53037.6746666667</dst>
            <dst id="WASHng">915.250666666667</dst>
        </src>
        <src id="STTLng">
            <dst id="ATLA-M5">287.157333333333</dst>
            <dst id="ATLAng">8792.43466666667</dst>
            <dst id="CHINng">21549.6693333333</dst>
            <dst id="DNVRng">13157.1786666667</dst>
            <dst id="HSTNng">10579.28</dst>
            <dst id="IPLSng">8643.22133333333</dst>
            <dst id="KSCYng">3878.392</dst>
            <dst id="LOSAng">22998.1493333333</dst>
            <dst id="NYCMng">8544.34666666667</dst>
            <dst id="SNVAng">4434.90133333333</dst>
            <dst id="STTLng">5392.68</dst>
            <dst id="WASHng">15354.976</dst>
        </src>
        <src id="WASHng">
            <dst id="ATLA-M5">11400.9733333333</dst>
            <dst id="ATLAng">101194.402666667</dst>
            <dst id="CHINng">60843.864</dst>
            <dst id="DNVRng">47276.9413333333</dst>
            <dst id="HSTNng">20482.904</dst>
            <dst id="IPLSng">79740.6186666667</dst>
            <dst id="KSCYng">18689.0826666667</dst>
            <dst id="LOSAng">136008.037333333</dst>
            <dst id="NYCMng">169430.802666667</dst>
            <dst id="SNVAng">11205.5253333333</dst>
            <dst id="STTLng">33691.3893333333</dst>
            <dst id="WASHng">232571.312</dst>
        </src>
    </IntraTM>
</TrafficMatrixFile>
