<?xml version="1.0" encoding="ISO-8859-1" standalone="yes"?>
<TrafficMatrixFile xsi:noNamespaceSchemaLocation="http://totem.run.montefiore.ulg.ac.be/Schema/TrafficMatrix-v1_2.xsd" xmlns:xsi="http://www.w3.org/2001/XMLSchema-instance">
    <IntraTM ASID="11537">
        <src id="ATLA-M5">
            <dst id="ATLA-M5">100.613333333333</dst>
            <dst id="ATLAng">794.816</dst>
            <dst id="CHINng">1255.21333333333</dst>
            <dst id="DNVRng">26.6666666666667</dst>
            <dst id="HSTNng">106.666666666667</dst>
            <dst id="IPLSng">265.4</dst>
            <dst id="KSCYng">204.197333333333</dst>
            <dst id="LOSAng">547.786666666667</dst>
            <dst id="NYCMng">92.3146666666667</dst>
            <dst id="SNVAng">26.6666666666667</dst>
            <dst id="STTLng">26.6666666666667</dst>
            <dst id="WASHng">483.149333333333</dst>
        </src>
        <src id="ATLAng">
            <dst id="ATLA-M5">1161.49333333333</dst>
            <dst id="ATLAng">37441.272</dst>
            <dst id="CHINng">35734.3893333333</dst>
            <dst id="DNVRng">4499.264</dst>
            <dst id="HSTNng">5885.98933333333</dst>
            <dst id="IPLSng">22557.7093333333</dst>
            <dst id="KSCYng">2948.648</dst>
            <dst id="LOSAng">22691.92</dst>
            <dst id="NYCMng">8908.19733333334</dst>
            <dst id="SNVAng">1144.04266666667</dst>
            <dst id="STTLng">5602.744</dst>
            <dst id="WASHng">45800.9706666667</dst>
        </src>
        <src id="CHINng">
            <dst id="ATLA-M5">1850.59733333333</dst>
            <dst id="ATLAng">43476.1253333333</dst>
            <dst id="CHINng">108093.802666667</dst>
            <dst id="DNVRng">26736.64</dst>
            <dst id="HSTNng">54831.6666666667</dst>
            <dst id="IPLSng">51638.2986666667</dst>
            <dst id="KSCYng">16071.1493333333</dst>
            <dst id="LOSAng">2046022.10666667</dst>
            <dst id="NYCMng">20719.0826666667</dst>
            <dst id="SNVAng">2631.384</dst>
            <dst id="STTLng">17635.912</dst>
            <dst id="WASHng">25789.36</dst>
        </src>
        <src id="DNVRng">
            <dst id="ATLA-M5">233.949333333333</dst>
            <dst id="ATLAng">12599.936</dst>
            <dst id="CHINng">52654.104</dst>
            <dst id="DNVRng">13075.2053333333</dst>
            <dst id="HSTNng">15778.2986666667</dst>
            <dst id="IPLSng">29847.0773333333</dst>
            <dst id="KSCYng">23387.184</dst>
            <dst id="LOSAng">10042.3546666667</dst>
            <dst id="NYCMng">15020.376</dst>
            <dst id="SNVAng">8889.17066666667</dst>
            <dst id="STTLng">10031.848</dst>
            <dst id="WASHng">50382.696</dst>
        </src>
        <src id="HSTNng">
            <dst id="ATLA-M5">338.317333333333</dst>
            <dst id="ATLAng">4227.92</dst>
            <dst id="CHINng">22457.6693333333</dst>
            <dst id="DNVRng">2587.40266666667</dst>
            <dst id="HSTNng">5184.63466666667</dst>
            <dst id="IPLSng">6782.496</dst>
            <dst id="KSCYng">4101.91466666667</dst>
            <dst id="LOSAng">7128.02933333333</dst>
            <dst id="NYCMng">4355.68533333333</dst>
            <dst id="SNVAng">1104.28</dst>
            <dst id="STTLng">6129.896</dst>
            <dst id="WASHng">7711.62666666667</dst>
        </src>
        <src id="IPLSng">
            <dst id="ATLA-M5">502.077333333333</dst>
            <dst id="ATLAng">18953.4106666667</dst>
            <dst id="CHINng">123890.237333333</dst>
            <dst id="DNVRng">19736.7813333333</dst>
            <dst id="HSTNng">7078.23466666667</dst>
            <dst id="IPLSng">13343.2293333333</dst>
            <dst id="KSCYng">12857.8186666667</dst>
            <dst id="LOSAng">49530.84</dst>
            <dst id="NYCMng">53450.3973333333</dst>
            <dst id="SNVAng">3109.38933333333</dst>
            <dst id="STTLng">20310.7306666667</dst>
            <dst id="WASHng">35560.3386666667</dst>
        </src>
        <src id="KSCYng">
            <dst id="ATLA-M5">1824.81066666667</dst>
            <dst id="ATLAng">3007.24</dst>
            <dst id="CHINng">23228.4666666667</dst>
            <dst id="DNVRng">9875.016</dst>
            <dst id="HSTNng">5057.85866666667</dst>
            <dst id="IPLSng">12729.6506666667</dst>
            <dst id="KSCYng">5049.82133333333</dst>
            <dst id="LOSAng">9266.34666666667</dst>
            <dst id="NYCMng">7788.87733333333</dst>
            <dst id="SNVAng">628.6</dst>
            <dst id="STTLng">1855.43733333333</dst>
            <dst id="WASHng">14445.224</dst>
        </src>
        <src id="LOSAng">
            <dst id="ATLA-M5">1497.52266666667</dst>
            <dst id="ATLAng">36425.104</dst>
            <dst id="CHINng">1092115.86666667</dst>
            <dst id="DNVRng">13229.5626666667</dst>
            <dst id="HSTNng">12578.0586666667</dst>
            <dst id="IPLSng">34273.6026666667</dst>
            <dst id="KSCYng">11254.0106666667</dst>
            <dst id="LOSAng">9276.00533333333</dst>
            <dst id="NYCMng">91141.416</dst>
            <dst id="SNVAng">12589.64</dst>
            <dst id="STTLng">23204.2586666667</dst>
            <dst id="WASHng">109375.514666667</dst>
        </src>
        <src id="NYCMng">
            <dst id="ATLA-M5">1003.44533333333</dst>
            <dst id="ATLAng">26447.8186666667</dst>
            <dst id="CHINng">51813.8586666667</dst>
            <dst id="DNVRng">39665.9173333333</dst>
            <dst id="HSTNng">18329.6426666667</dst>
            <dst id="IPLSng">64668.2426666667</dst>
            <dst id="KSCYng">22980.072</dst>
            <dst id="LOSAng">84475.2426666667</dst>
            <dst id="NYCMng">243055.170666667</dst>
            <dst id="SNVAng">5944.54666666667</dst>
            <dst id="STTLng">18928.912</dst>
            <dst id="WASHng">156966.861333333</dst>
        </src>
        <src id="SNVAng">
            <dst id="ATLA-M5">402.125333333333</dst>
            <dst id="ATLAng">1114.66666666667</dst>
            <dst id="CHINng">1845.704</dst>
            <dst id="DNVRng">5854.03733333333</dst>
            <dst id="HSTNng">1177.696</dst>
            <dst id="IPLSng">979.696</dst>
            <dst id="KSCYng">546.664</dst>
            <dst id="LOSAng">40864.304</dst>
            <dst id="NYCMng">9084.76266666667</dst>
            <dst id="SNVAng">17489.232</dst>
            <dst id="STTLng">56347.8</dst>
            <dst id="WASHng">273.474666666667</dst>
        </src>
        <src id="STTLng">
            <dst id="ATLA-M5">69.7386666666667</dst>
            <dst id="ATLAng">9093.02933333333</dst>
            <dst id="CHINng">25408.8026666667</dst>
            <dst id="DNVRng">3784.98133333333</dst>
            <dst id="HSTNng">11045.2053333333</dst>
            <dst id="IPLSng">8649.8</dst>
            <dst id="KSCYng">4564.75466666667</dst>
            <dst id="LOSAng">27390.2613333333</dst>
            <dst id="NYCMng">8228.49866666667</dst>
            <dst id="SNVAng">5524.54133333333</dst>
            <dst id="STTLng">10107.5866666667</dst>
            <dst id="WASHng">12928.1413333333</dst>
        </src>
        <src id="WASHng">
            <dst id="ATLA-M5">2348.208</dst>
            <dst id="ATLAng">188524.642666667</dst>
            <dst id="CHINng">65864.3493333333</dst>
            <dst id="DNVRng">39502.9946666667</dst>
            <dst id="HSTNng">14299.52</dst>
            <dst id="IPLSng">63597.392</dst>
            <dst id="KSCYng">20049.1093333333</dst>
            <dst id="LOSAng">148313.898666667</dst>
            <dst id="NYCMng">149773.72</dst>
            <dst id="SNVAng">11512.8533333333</dst>
            <dst id="STTLng">28576.976</dst>
            <dst id="WASHng">316262.08</dst>
        </src>
    </IntraTM>
</TrafficMatrixFile>
