<?xml version="1.0" encoding="ISO-8859-1" standalone="yes"?>
<TrafficMatrixFile xsi:noNamespaceSchemaLocation="http://totem.run.montefiore.ulg.ac.be/Schema/TrafficMatrix-v1_2.xsd" xmlns:xsi="http://www.w3.org/2001/XMLSchema-instance">
    <IntraTM ASID="11537">
        <src id="ATLA-M5">
            <dst id="ATLA-M5">56.208</dst>
            <dst id="ATLAng">564.688</dst>
            <dst id="CHINng">2834.85066666667</dst>
            <dst id="DNVRng">773.405333333333</dst>
            <dst id="HSTNng">187.264</dst>
            <dst id="IPLSng">491.749333333333</dst>
            <dst id="KSCYng">2368.36266666667</dst>
            <dst id="LOSAng">331.109333333333</dst>
            <dst id="NYCMng">186.666666666667</dst>
            <dst id="SNVAng">0</dst>
            <dst id="STTLng">75.808</dst>
            <dst id="WASHng">662.125333333333</dst>
        </src>
        <src id="ATLAng">
            <dst id="ATLA-M5">780.549333333333</dst>
            <dst id="ATLAng">25634.2346666667</dst>
            <dst id="CHINng">27572.8693333333</dst>
            <dst id="DNVRng">4086.31466666667</dst>
            <dst id="HSTNng">2036.93066666667</dst>
            <dst id="IPLSng">30777.2266666667</dst>
            <dst id="KSCYng">4173.99733333333</dst>
            <dst id="LOSAng">22848.764</dst>
            <dst id="NYCMng">13172.824</dst>
            <dst id="SNVAng">1255.06</dst>
            <dst id="STTLng">6976.78666666667</dst>
            <dst id="WASHng">40278.3786666667</dst>
        </src>
        <src id="CHINng">
            <dst id="ATLA-M5">1038.264</dst>
            <dst id="ATLAng">37301.5653333333</dst>
            <dst id="CHINng">81667.9493333333</dst>
            <dst id="DNVRng">18486.3333333333</dst>
            <dst id="HSTNng">51897.7893333333</dst>
            <dst id="IPLSng">53119.1493333333</dst>
            <dst id="KSCYng">18767.3626666667</dst>
            <dst id="LOSAng">78141</dst>
            <dst id="NYCMng">28930.5306666667</dst>
            <dst id="SNVAng">5880.072</dst>
            <dst id="STTLng">10524.632</dst>
            <dst id="WASHng">34306.536</dst>
        </src>
        <src id="DNVRng">
            <dst id="ATLA-M5">258.056</dst>
            <dst id="ATLAng">4512.66666666667</dst>
            <dst id="CHINng">61027.1066666667</dst>
            <dst id="DNVRng">16158.68</dst>
            <dst id="HSTNng">19493.2213333333</dst>
            <dst id="IPLSng">33036.1866666667</dst>
            <dst id="KSCYng">15876.9253333333</dst>
            <dst id="LOSAng">23328.7413333333</dst>
            <dst id="NYCMng">20229.976</dst>
            <dst id="SNVAng">12218.5333333333</dst>
            <dst id="STTLng">11821.9626666667</dst>
            <dst id="WASHng">54343.7813333333</dst>
        </src>
        <src id="HSTNng">
            <dst id="ATLA-M5">5056.69066666667</dst>
            <dst id="ATLAng">5402.41866666667</dst>
            <dst id="CHINng">17108.5386666667</dst>
            <dst id="DNVRng">3379.304</dst>
            <dst id="HSTNng">7824.64533333333</dst>
            <dst id="IPLSng">6436.816</dst>
            <dst id="KSCYng">4866.552</dst>
            <dst id="LOSAng">6943.25333333333</dst>
            <dst id="NYCMng">7147.66666666667</dst>
            <dst id="SNVAng">1354.568</dst>
            <dst id="STTLng">2316.41333333333</dst>
            <dst id="WASHng">8719.152</dst>
        </src>
        <src id="IPLSng">
            <dst id="ATLA-M5">351.042666666667</dst>
            <dst id="ATLAng">26111.8373333333</dst>
            <dst id="CHINng">110750.856</dst>
            <dst id="DNVRng">10587.5653333333</dst>
            <dst id="HSTNng">5615.68533333333</dst>
            <dst id="IPLSng">39525.7493333333</dst>
            <dst id="KSCYng">12286.6213333333</dst>
            <dst id="LOSAng">39106.768</dst>
            <dst id="NYCMng">63330.8266666667</dst>
            <dst id="SNVAng">5530.56</dst>
            <dst id="STTLng">6955.552</dst>
            <dst id="WASHng">33868.3173333333</dst>
        </src>
        <src id="KSCYng">
            <dst id="ATLA-M5">304.08</dst>
            <dst id="ATLAng">3558.87466666667</dst>
            <dst id="CHINng">23969.8746666667</dst>
            <dst id="DNVRng">19974.1733333333</dst>
            <dst id="HSTNng">4562.82133333333</dst>
            <dst id="IPLSng">16719.8506666667</dst>
            <dst id="KSCYng">9686.376</dst>
            <dst id="LOSAng">6334.18133333333</dst>
            <dst id="NYCMng">6650.49866666667</dst>
            <dst id="SNVAng">349.277333333333</dst>
            <dst id="STTLng">2742.78933333333</dst>
            <dst id="WASHng">28629.0426666667</dst>
        </src>
        <src id="LOSAng">
            <dst id="ATLA-M5">2102.41066666667</dst>
            <dst id="ATLAng">26463.3653333333</dst>
            <dst id="CHINng">92918.5946666667</dst>
            <dst id="DNVRng">16661.456</dst>
            <dst id="HSTNng">7933.312</dst>
            <dst id="IPLSng">48098.5146666667</dst>
            <dst id="KSCYng">14653.208</dst>
            <dst id="LOSAng">15601.72</dst>
            <dst id="NYCMng">64518.8106666667</dst>
            <dst id="SNVAng">11704.1013333333</dst>
            <dst id="STTLng">27751.0666666667</dst>
            <dst id="WASHng">94719.0613333333</dst>
        </src>
        <src id="NYCMng">
            <dst id="ATLA-M5">1831.648</dst>
            <dst id="ATLAng">42904.5493333333</dst>
            <dst id="CHINng">57704.0186666667</dst>
            <dst id="DNVRng">36577.664</dst>
            <dst id="HSTNng">27165</dst>
            <dst id="IPLSng">66050.6533333333</dst>
            <dst id="KSCYng">27880.52</dst>
            <dst id="LOSAng">78426.2133333333</dst>
            <dst id="NYCMng">207734.352</dst>
            <dst id="SNVAng">5606.26666666667</dst>
            <dst id="STTLng">31172.1146666667</dst>
            <dst id="WASHng">131025.125333333</dst>
        </src>
        <src id="SNVAng">
            <dst id="ATLA-M5">0</dst>
            <dst id="ATLAng">506.045333333333</dst>
            <dst id="CHINng">2540.34933333333</dst>
            <dst id="DNVRng">9943.88</dst>
            <dst id="HSTNng">1974.63466666667</dst>
            <dst id="IPLSng">697.664</dst>
            <dst id="KSCYng">464.021333333333</dst>
            <dst id="LOSAng">54730.0826666667</dst>
            <dst id="NYCMng">808.762666666667</dst>
            <dst id="SNVAng">21004.2986666667</dst>
            <dst id="STTLng">64348.8053333333</dst>
            <dst id="WASHng">1532.528</dst>
        </src>
        <src id="STTLng">
            <dst id="ATLA-M5">304.216</dst>
            <dst id="ATLAng">8859.568</dst>
            <dst id="CHINng">12450.4666666667</dst>
            <dst id="DNVRng">3748.86666666667</dst>
            <dst id="HSTNng">7710.344</dst>
            <dst id="IPLSng">9395.33866666667</dst>
            <dst id="KSCYng">2937.61333333333</dst>
            <dst id="LOSAng">24084.3493333333</dst>
            <dst id="NYCMng">10156.248</dst>
            <dst id="SNVAng">4548.832</dst>
            <dst id="STTLng">3589.768</dst>
            <dst id="WASHng">5765.296</dst>
        </src>
        <src id="WASHng">
            <dst id="ATLA-M5">1376.17866666667</dst>
            <dst id="ATLAng">92978.5306666667</dst>
            <dst id="CHINng">90751.8533333333</dst>
            <dst id="DNVRng">66842.248</dst>
            <dst id="HSTNng">35480.1653333333</dst>
            <dst id="IPLSng">55696.7626666667</dst>
            <dst id="KSCYng">25321.88</dst>
            <dst id="LOSAng">127413.936</dst>
            <dst id="NYCMng">163399.2</dst>
            <dst id="SNVAng">2844.92266666667</dst>
            <dst id="STTLng">28401.8106666667</dst>
            <dst id="WASHng">222704.098666667</dst>
        </src>
    </IntraTM>
</TrafficMatrixFile>
