<?xml version="1.0" encoding="ISO-8859-1" standalone="yes"?>
<TrafficMatrixFile xsi:noNamespaceSchemaLocation="http://totem.run.montefiore.ulg.ac.be/Schema/TrafficMatrix-v1_2.xsd" xmlns:xsi="http://www.w3.org/2001/XMLSchema-instance">
    <IntraTM ASID="11537">
        <src id="ATLA-M5">
            <dst id="ATLA-M5">30.48</dst>
            <dst id="ATLAng">201.013333333333</dst>
            <dst id="CHINng">894.512</dst>
            <dst id="DNVRng">27.3813333333333</dst>
            <dst id="HSTNng">229.288</dst>
            <dst id="IPLSng">1665.43733333333</dst>
            <dst id="KSCYng">192.954666666667</dst>
            <dst id="LOSAng">720.301333333333</dst>
            <dst id="NYCMng">437.768</dst>
            <dst id="SNVAng">26.6666666666667</dst>
            <dst id="STTLng">0</dst>
            <dst id="WASHng">1588.38933333333</dst>
        </src>
        <src id="ATLAng">
            <dst id="ATLA-M5">1040.93066666667</dst>
            <dst id="ATLAng">33927.1253333333</dst>
            <dst id="CHINng">30521.6213333333</dst>
            <dst id="DNVRng">7648.18933333333</dst>
            <dst id="HSTNng">5661.89066666666</dst>
            <dst id="IPLSng">23132.3893333333</dst>
            <dst id="KSCYng">2531.95466666667</dst>
            <dst id="LOSAng">24413.7093333333</dst>
            <dst id="NYCMng">10019.6506666667</dst>
            <dst id="SNVAng">666.984</dst>
            <dst id="STTLng">4484.62133333333</dst>
            <dst id="WASHng">48329.7146666667</dst>
        </src>
        <src id="CHINng">
            <dst id="ATLA-M5">3042.86133333333</dst>
            <dst id="ATLAng">25705.2186666667</dst>
            <dst id="CHINng">95076.9253333333</dst>
            <dst id="DNVRng">29753.408</dst>
            <dst id="HSTNng">53928.552</dst>
            <dst id="IPLSng">54462.0746666666</dst>
            <dst id="KSCYng">14035.4586666667</dst>
            <dst id="LOSAng">2038787.70666667</dst>
            <dst id="NYCMng">19381.2133333333</dst>
            <dst id="SNVAng">3313.52</dst>
            <dst id="STTLng">18551.216</dst>
            <dst id="WASHng">32998.4186666667</dst>
        </src>
        <src id="DNVRng">
            <dst id="ATLA-M5">1015.37333333333</dst>
            <dst id="ATLAng">11118.2293333333</dst>
            <dst id="CHINng">59323.6613333333</dst>
            <dst id="DNVRng">8422.848</dst>
            <dst id="HSTNng">14883.576</dst>
            <dst id="IPLSng">31644.6453333333</dst>
            <dst id="KSCYng">7416.30666666667</dst>
            <dst id="LOSAng">3634.38933333333</dst>
            <dst id="NYCMng">25667.256</dst>
            <dst id="SNVAng">7427.26666666667</dst>
            <dst id="STTLng">8668.85066666667</dst>
            <dst id="WASHng">46851.896</dst>
        </src>
        <src id="HSTNng">
            <dst id="ATLA-M5">3689.05866666667</dst>
            <dst id="ATLAng">3608.688</dst>
            <dst id="CHINng">21126.192</dst>
            <dst id="DNVRng">2588.09866666667</dst>
            <dst id="HSTNng">5230.98133333333</dst>
            <dst id="IPLSng">6682.48533333333</dst>
            <dst id="KSCYng">4436.35733333333</dst>
            <dst id="LOSAng">5525.42666666667</dst>
            <dst id="NYCMng">5464.20533333334</dst>
            <dst id="SNVAng">625.914666666667</dst>
            <dst id="STTLng">8367.968</dst>
            <dst id="WASHng">8391.032</dst>
        </src>
        <src id="IPLSng">
            <dst id="ATLA-M5">1710.99733333333</dst>
            <dst id="ATLAng">17695.2293333333</dst>
            <dst id="CHINng">138092.781333333</dst>
            <dst id="DNVRng">16612.7866666667</dst>
            <dst id="HSTNng">6440.71466666667</dst>
            <dst id="IPLSng">23090.7626666667</dst>
            <dst id="KSCYng">8556.336</dst>
            <dst id="LOSAng">53637.6186666667</dst>
            <dst id="NYCMng">66628.4853333333</dst>
            <dst id="SNVAng">1410.57866666667</dst>
            <dst id="STTLng">16634.4853333333</dst>
            <dst id="WASHng">40251.3466666667</dst>
        </src>
        <src id="KSCYng">
            <dst id="ATLA-M5">733.336</dst>
            <dst id="ATLAng">2028.78666666667</dst>
            <dst id="CHINng">22664.76</dst>
            <dst id="DNVRng">8220.16533333333</dst>
            <dst id="HSTNng">12840.072</dst>
            <dst id="IPLSng">10899.656</dst>
            <dst id="KSCYng">7106.73866666667</dst>
            <dst id="LOSAng">7561.40266666667</dst>
            <dst id="NYCMng">5930.024</dst>
            <dst id="SNVAng">1449.128</dst>
            <dst id="STTLng">2464.232</dst>
            <dst id="WASHng">13048.6346666667</dst>
        </src>
        <src id="LOSAng">
            <dst id="ATLA-M5">3025.42666666667</dst>
            <dst id="ATLAng">20392.2346666667</dst>
            <dst id="CHINng">1098143.94666667</dst>
            <dst id="DNVRng">11434.2773333333</dst>
            <dst id="HSTNng">15260.1333333333</dst>
            <dst id="IPLSng">37500.9093333333</dst>
            <dst id="KSCYng">9440.90666666667</dst>
            <dst id="LOSAng">11720.576</dst>
            <dst id="NYCMng">77730.072</dst>
            <dst id="SNVAng">10106.856</dst>
            <dst id="STTLng">32227.1893333333</dst>
            <dst id="WASHng">128249.722666667</dst>
        </src>
        <src id="NYCMng">
            <dst id="ATLA-M5">978.816</dst>
            <dst id="ATLAng">29879.672</dst>
            <dst id="CHINng">48939.2746666667</dst>
            <dst id="DNVRng">42991.5253333333</dst>
            <dst id="HSTNng">19425.376</dst>
            <dst id="IPLSng">62103.4746666667</dst>
            <dst id="KSCYng">22478.192</dst>
            <dst id="LOSAng">91332.6453333333</dst>
            <dst id="NYCMng">211349.066666667</dst>
            <dst id="SNVAng">4523.65866666667</dst>
            <dst id="STTLng">21256.5253333333</dst>
            <dst id="WASHng">147869.224</dst>
        </src>
        <src id="SNVAng">
            <dst id="ATLA-M5">81.0346666666667</dst>
            <dst id="ATLAng">1014.35733333333</dst>
            <dst id="CHINng">686.285333333333</dst>
            <dst id="DNVRng">6748.02666666667</dst>
            <dst id="HSTNng">277.685333333333</dst>
            <dst id="IPLSng">1521.896</dst>
            <dst id="KSCYng">737.762666666667</dst>
            <dst id="LOSAng">50774.3173333333</dst>
            <dst id="NYCMng">1216.8</dst>
            <dst id="SNVAng">18033.4613333333</dst>
            <dst id="STTLng">59071.48</dst>
            <dst id="WASHng">819.330666666667</dst>
        </src>
        <src id="STTLng">
            <dst id="ATLA-M5">83.76</dst>
            <dst id="ATLAng">9716.888</dst>
            <dst id="CHINng">22717.872</dst>
            <dst id="DNVRng">7097.53333333333</dst>
            <dst id="HSTNng">11620.2373333333</dst>
            <dst id="IPLSng">8111.544</dst>
            <dst id="KSCYng">4738.36</dst>
            <dst id="LOSAng">23291.736</dst>
            <dst id="NYCMng">6704.72266666667</dst>
            <dst id="SNVAng">6009.09866666667</dst>
            <dst id="STTLng">7311.02133333333</dst>
            <dst id="WASHng">18502.4186666667</dst>
        </src>
        <src id="WASHng">
            <dst id="ATLA-M5">1687.82133333333</dst>
            <dst id="ATLAng">157699.893333333</dst>
            <dst id="CHINng">55357.68</dst>
            <dst id="DNVRng">54103.8133333333</dst>
            <dst id="HSTNng">16040.552</dst>
            <dst id="IPLSng">49048.136</dst>
            <dst id="KSCYng">13667.5813333333</dst>
            <dst id="LOSAng">105895.328</dst>
            <dst id="NYCMng">175664.224</dst>
            <dst id="SNVAng">10212.0906666667</dst>
            <dst id="STTLng">28738.0106666667</dst>
            <dst id="WASHng">244235.157333333</dst>
        </src>
    </IntraTM>
</TrafficMatrixFile>
