<?xml version="1.0" encoding="ISO-8859-1" standalone="yes"?>
<TrafficMatrixFile xsi:noNamespaceSchemaLocation="http://totem.run.montefiore.ulg.ac.be/Schema/TrafficMatrix-v1_2.xsd" xmlns:xsi="http://www.w3.org/2001/XMLSchema-instance">
    <IntraTM ASID="11537">
        <src id="ATLA-M5">
            <dst id="ATLA-M5">45.52</dst>
            <dst id="ATLAng">107.912</dst>
            <dst id="CHINng">734.450666666667</dst>
            <dst id="DNVRng">26.6666666666667</dst>
            <dst id="HSTNng">138.992</dst>
            <dst id="IPLSng">166.306666666667</dst>
            <dst id="KSCYng">0</dst>
            <dst id="LOSAng">382.056</dst>
            <dst id="NYCMng">26.6666666666667</dst>
            <dst id="SNVAng">178.693333333333</dst>
            <dst id="STTLng">0</dst>
            <dst id="WASHng">595.309333333333</dst>
        </src>
        <src id="ATLAng">
            <dst id="ATLA-M5">462.072</dst>
            <dst id="ATLAng">26229.7093333333</dst>
            <dst id="CHINng">17608.5333333333</dst>
            <dst id="DNVRng">4785.81866666667</dst>
            <dst id="HSTNng">6444.944</dst>
            <dst id="IPLSng">21804.5013333333</dst>
            <dst id="KSCYng">2812.95466666667</dst>
            <dst id="LOSAng">21626.8373333333</dst>
            <dst id="NYCMng">10072.68</dst>
            <dst id="SNVAng">562.749333333333</dst>
            <dst id="STTLng">3629.056</dst>
            <dst id="WASHng">33423.2826666667</dst>
        </src>
        <src id="CHINng">
            <dst id="ATLA-M5">1025.28533333333</dst>
            <dst id="ATLAng">29731.1733333333</dst>
            <dst id="CHINng">108511.037333333</dst>
            <dst id="DNVRng">16179.576</dst>
            <dst id="HSTNng">41565.392</dst>
            <dst id="IPLSng">47318.8773333333</dst>
            <dst id="KSCYng">11187.896</dst>
            <dst id="LOSAng">77758.424</dst>
            <dst id="NYCMng">17669.944</dst>
            <dst id="SNVAng">3718.304</dst>
            <dst id="STTLng">15227.504</dst>
            <dst id="WASHng">35740.6213333333</dst>
        </src>
        <src id="DNVRng">
            <dst id="ATLA-M5">129.282666666667</dst>
            <dst id="ATLAng">7274</dst>
            <dst id="CHINng">67365.56</dst>
            <dst id="DNVRng">20421.9786666667</dst>
            <dst id="HSTNng">11890.192</dst>
            <dst id="IPLSng">27645.1253333333</dst>
            <dst id="KSCYng">19465.808</dst>
            <dst id="LOSAng">7549.55466666667</dst>
            <dst id="NYCMng">16999.624</dst>
            <dst id="SNVAng">10894.952</dst>
            <dst id="STTLng">8614.02666666666</dst>
            <dst id="WASHng">37855.176</dst>
        </src>
        <src id="HSTNng">
            <dst id="ATLA-M5">2320.584</dst>
            <dst id="ATLAng">2390.35466666667</dst>
            <dst id="CHINng">18979.2266666667</dst>
            <dst id="DNVRng">2268.91466666667</dst>
            <dst id="HSTNng">9277.11733333333</dst>
            <dst id="IPLSng">5625.26133333333</dst>
            <dst id="KSCYng">2679.95733333333</dst>
            <dst id="LOSAng">5257.43733333333</dst>
            <dst id="NYCMng">3265.54133333333</dst>
            <dst id="SNVAng">2002.6</dst>
            <dst id="STTLng">1893.93866666667</dst>
            <dst id="WASHng">11352.2133333333</dst>
        </src>
        <src id="IPLSng">
            <dst id="ATLA-M5">718.290666666667</dst>
            <dst id="ATLAng">23481.6906666667</dst>
            <dst id="CHINng">99746.3173333333</dst>
            <dst id="DNVRng">17290.8533333333</dst>
            <dst id="HSTNng">7013.848</dst>
            <dst id="IPLSng">35621.376</dst>
            <dst id="KSCYng">7307.272</dst>
            <dst id="LOSAng">54734.5946666667</dst>
            <dst id="NYCMng">36293.9253333333</dst>
            <dst id="SNVAng">3205.88</dst>
            <dst id="STTLng">9947.368</dst>
            <dst id="WASHng">34214.8293333333</dst>
        </src>
        <src id="KSCYng">
            <dst id="ATLA-M5">453.136</dst>
            <dst id="ATLAng">2594.83733333333</dst>
            <dst id="CHINng">22781.936</dst>
            <dst id="DNVRng">10266.6613333333</dst>
            <dst id="HSTNng">4581.536</dst>
            <dst id="IPLSng">7477.936</dst>
            <dst id="KSCYng">6379.496</dst>
            <dst id="LOSAng">8018.38933333333</dst>
            <dst id="NYCMng">7157.87466666667</dst>
            <dst id="SNVAng">452.762666666667</dst>
            <dst id="STTLng">2970.29066666667</dst>
            <dst id="WASHng">12848.744</dst>
        </src>
        <src id="LOSAng">
            <dst id="ATLA-M5">1335.79466666667</dst>
            <dst id="ATLAng">10211.408</dst>
            <dst id="CHINng">85710.6266666667</dst>
            <dst id="DNVRng">13069.9493333333</dst>
            <dst id="HSTNng">5951.22933333333</dst>
            <dst id="IPLSng">43562.9493333333</dst>
            <dst id="KSCYng">8441.13333333333</dst>
            <dst id="LOSAng">11632.736</dst>
            <dst id="NYCMng">56606.5546666667</dst>
            <dst id="SNVAng">6936.46933333333</dst>
            <dst id="STTLng">29596.3973333333</dst>
            <dst id="WASHng">108383.754666667</dst>
        </src>
        <src id="NYCMng">
            <dst id="ATLA-M5">491.053333333333</dst>
            <dst id="ATLAng">30392.864</dst>
            <dst id="CHINng">67932.32</dst>
            <dst id="DNVRng">37550.7253333333</dst>
            <dst id="HSTNng">7310.84533333333</dst>
            <dst id="IPLSng">52452.4293333333</dst>
            <dst id="KSCYng">16164.9146666667</dst>
            <dst id="LOSAng">83252.36</dst>
            <dst id="NYCMng">142891.066666667</dst>
            <dst id="SNVAng">5084.608</dst>
            <dst id="STTLng">28728.7253333333</dst>
            <dst id="WASHng">150405.901333333</dst>
        </src>
        <src id="SNVAng">
            <dst id="ATLA-M5">87.1786666666667</dst>
            <dst id="ATLAng">134.528</dst>
            <dst id="CHINng">1266.29066666667</dst>
            <dst id="DNVRng">4934.38133333333</dst>
            <dst id="HSTNng">308.192</dst>
            <dst id="IPLSng">1046.928</dst>
            <dst id="KSCYng">821.181333333333</dst>
            <dst id="LOSAng">43513.5653333333</dst>
            <dst id="NYCMng">611.413333333333</dst>
            <dst id="SNVAng">15127.9066666667</dst>
            <dst id="STTLng">50941.3333333333</dst>
            <dst id="WASHng">152.141333333333</dst>
        </src>
        <src id="STTLng">
            <dst id="ATLA-M5">80</dst>
            <dst id="ATLAng">7623.952</dst>
            <dst id="CHINng">12991.4133333333</dst>
            <dst id="DNVRng">15950.968</dst>
            <dst id="HSTNng">7070.92266666667</dst>
            <dst id="IPLSng">12043.2453333333</dst>
            <dst id="KSCYng">3936.816</dst>
            <dst id="LOSAng">18979.4373333333</dst>
            <dst id="NYCMng">5174.82133333333</dst>
            <dst id="SNVAng">2506.84533333333</dst>
            <dst id="STTLng">3821.89333333333</dst>
            <dst id="WASHng">9785.15733333333</dst>
        </src>
        <src id="WASHng">
            <dst id="ATLA-M5">576.336</dst>
            <dst id="ATLAng">117674.248</dst>
            <dst id="CHINng">79579.144</dst>
            <dst id="DNVRng">58797.2</dst>
            <dst id="HSTNng">35227.552</dst>
            <dst id="IPLSng">43319.7866666667</dst>
            <dst id="KSCYng">21206.5626666667</dst>
            <dst id="LOSAng">134168.941333333</dst>
            <dst id="NYCMng">120300.754666667</dst>
            <dst id="SNVAng">14153.936</dst>
            <dst id="STTLng">31960.3626666667</dst>
            <dst id="WASHng">273390.906666667</dst>
        </src>
    </IntraTM>
</TrafficMatrixFile>
