<?xml version="1.0" encoding="ISO-8859-1" standalone="yes"?>
<TrafficMatrixFile xsi:noNamespaceSchemaLocation="http://totem.run.montefiore.ulg.ac.be/Schema/TrafficMatrix-v1_2.xsd" xmlns:xsi="http://www.w3.org/2001/XMLSchema-instance">
    <IntraTM ASID="11537">
        <src id="ATLA-M5">
            <dst id="ATLA-M5">0</dst>
            <dst id="ATLAng">225.517333333333</dst>
            <dst id="CHINng">609.482666666667</dst>
            <dst id="DNVRng">133.333333333333</dst>
            <dst id="HSTNng">1740.40533333333</dst>
            <dst id="IPLSng">610.917333333333</dst>
            <dst id="KSCYng">1300.496</dst>
            <dst id="LOSAng">523.498666666667</dst>
            <dst id="NYCMng">496.026666666667</dst>
            <dst id="SNVAng">26.6666666666667</dst>
            <dst id="STTLng">93.9893333333333</dst>
            <dst id="WASHng">538.229333333333</dst>
        </src>
        <src id="ATLAng">
            <dst id="ATLA-M5">493.906666666667</dst>
            <dst id="ATLAng">48251.5946666667</dst>
            <dst id="CHINng">38733.2426666667</dst>
            <dst id="DNVRng">6532.328</dst>
            <dst id="HSTNng">11178.4666666667</dst>
            <dst id="IPLSng">32036.1786666667</dst>
            <dst id="KSCYng">4910.264</dst>
            <dst id="LOSAng">37061.2213333333</dst>
            <dst id="NYCMng">11143.9093333333</dst>
            <dst id="SNVAng">512.976</dst>
            <dst id="STTLng">5621.18666666667</dst>
            <dst id="WASHng">40771.584</dst>
        </src>
        <src id="CHINng">
            <dst id="ATLA-M5">897.152</dst>
            <dst id="ATLAng">33572.208</dst>
            <dst id="CHINng">81913.064</dst>
            <dst id="DNVRng">27029.32</dst>
            <dst id="HSTNng">49351.0986666667</dst>
            <dst id="IPLSng">57085.5813333334</dst>
            <dst id="KSCYng">15943.248</dst>
            <dst id="LOSAng">70325.0453333333</dst>
            <dst id="NYCMng">24388.8</dst>
            <dst id="SNVAng">5572.408</dst>
            <dst id="STTLng">15075.9386666667</dst>
            <dst id="WASHng">35405.7706666667</dst>
        </src>
        <src id="DNVRng">
            <dst id="ATLA-M5">261.92</dst>
            <dst id="ATLAng">4591.536</dst>
            <dst id="CHINng">70757.8106666667</dst>
            <dst id="DNVRng">12687.168</dst>
            <dst id="HSTNng">15294.5333333333</dst>
            <dst id="IPLSng">25416.4613333333</dst>
            <dst id="KSCYng">17501.0906666667</dst>
            <dst id="LOSAng">4525.784</dst>
            <dst id="NYCMng">22728.176</dst>
            <dst id="SNVAng">10874.984</dst>
            <dst id="STTLng">9761.72266666667</dst>
            <dst id="WASHng">51650.704</dst>
        </src>
        <src id="HSTNng">
            <dst id="ATLA-M5">464.578666666667</dst>
            <dst id="ATLAng">3611.89333333333</dst>
            <dst id="CHINng">18678.5253333333</dst>
            <dst id="DNVRng">5668.67466666667</dst>
            <dst id="HSTNng">6756.41066666667</dst>
            <dst id="IPLSng">5645.40533333333</dst>
            <dst id="KSCYng">4372.93866666667</dst>
            <dst id="LOSAng">11760.968</dst>
            <dst id="NYCMng">4116.25066666667</dst>
            <dst id="SNVAng">1230.27733333333</dst>
            <dst id="STTLng">2893.15466666667</dst>
            <dst id="WASHng">6793.216</dst>
        </src>
        <src id="IPLSng">
            <dst id="ATLA-M5">1176.184</dst>
            <dst id="ATLAng">31833.152</dst>
            <dst id="CHINng">104338.810666667</dst>
            <dst id="DNVRng">16740.912</dst>
            <dst id="HSTNng">4647.632</dst>
            <dst id="IPLSng">24150.1866666667</dst>
            <dst id="KSCYng">12202.3226666667</dst>
            <dst id="LOSAng">56511.816</dst>
            <dst id="NYCMng">58163.7146666667</dst>
            <dst id="SNVAng">3343.17333333333</dst>
            <dst id="STTLng">9662.84266666667</dst>
            <dst id="WASHng">40320.5413333333</dst>
        </src>
        <src id="KSCYng">
            <dst id="ATLA-M5">143.074666666667</dst>
            <dst id="ATLAng">7918.92266666667</dst>
            <dst id="CHINng">27034.0853333333</dst>
            <dst id="DNVRng">20895.3066666667</dst>
            <dst id="HSTNng">4485.71733333333</dst>
            <dst id="IPLSng">15587.3546666667</dst>
            <dst id="KSCYng">7520.96533333333</dst>
            <dst id="LOSAng">6701.048</dst>
            <dst id="NYCMng">8309.40533333333</dst>
            <dst id="SNVAng">1129.248</dst>
            <dst id="STTLng">3600.36</dst>
            <dst id="WASHng">26344.5146666667</dst>
        </src>
        <src id="LOSAng">
            <dst id="ATLA-M5">1526.86133333333</dst>
            <dst id="ATLAng">40707.6613333333</dst>
            <dst id="CHINng">102154.616</dst>
            <dst id="DNVRng">18187.1093333333</dst>
            <dst id="HSTNng">8937.072</dst>
            <dst id="IPLSng">55208.792</dst>
            <dst id="KSCYng">10703.2</dst>
            <dst id="LOSAng">18881.7546666667</dst>
            <dst id="NYCMng">77708.328</dst>
            <dst id="SNVAng">8195.15733333333</dst>
            <dst id="STTLng">25592.0533333333</dst>
            <dst id="WASHng">104603.885333333</dst>
        </src>
        <src id="NYCMng">
            <dst id="ATLA-M5">2127.49333333333</dst>
            <dst id="ATLAng">42634.104</dst>
            <dst id="CHINng">64120.4533333333</dst>
            <dst id="DNVRng">34175.1946666667</dst>
            <dst id="HSTNng">19304.92</dst>
            <dst id="IPLSng">63793.8506666667</dst>
            <dst id="KSCYng">18871.76</dst>
            <dst id="LOSAng">79665.28</dst>
            <dst id="NYCMng">165725.04</dst>
            <dst id="SNVAng">5234.78133333333</dst>
            <dst id="STTLng">23837.4</dst>
            <dst id="WASHng">152184.330666667</dst>
        </src>
        <src id="SNVAng">
            <dst id="ATLA-M5">26.6666666666667</dst>
            <dst id="ATLAng">120.573333333333</dst>
            <dst id="CHINng">2051.93333333333</dst>
            <dst id="DNVRng">4970.088</dst>
            <dst id="HSTNng">434.994666666667</dst>
            <dst id="IPLSng">12654.3173333333</dst>
            <dst id="KSCYng">177.04</dst>
            <dst id="LOSAng">55819.8293333333</dst>
            <dst id="NYCMng">956.058666666667</dst>
            <dst id="SNVAng">21144.392</dst>
            <dst id="STTLng">63577.76</dst>
            <dst id="WASHng">964.818666666667</dst>
        </src>
        <src id="STTLng">
            <dst id="ATLA-M5">355.434666666667</dst>
            <dst id="ATLAng">9666.32533333333</dst>
            <dst id="CHINng">10737.384</dst>
            <dst id="DNVRng">3934.94133333333</dst>
            <dst id="HSTNng">6249.21866666667</dst>
            <dst id="IPLSng">9177.896</dst>
            <dst id="KSCYng">4120.25866666667</dst>
            <dst id="LOSAng">23247.296</dst>
            <dst id="NYCMng">6509.19733333333</dst>
            <dst id="SNVAng">4955.616</dst>
            <dst id="STTLng">4653.04</dst>
            <dst id="WASHng">9519.53066666667</dst>
        </src>
        <src id="WASHng">
            <dst id="ATLA-M5">1525.66933333333</dst>
            <dst id="ATLAng">72346.4266666667</dst>
            <dst id="CHINng">94595.72</dst>
            <dst id="DNVRng">56915.6613333333</dst>
            <dst id="HSTNng">21082.7386666667</dst>
            <dst id="IPLSng">75394.1386666667</dst>
            <dst id="KSCYng">21466.8373333333</dst>
            <dst id="LOSAng">116414.16</dst>
            <dst id="NYCMng">139536.074666667</dst>
            <dst id="SNVAng">3506.92533333333</dst>
            <dst id="STTLng">32205.4853333333</dst>
            <dst id="WASHng">288777.36</dst>
        </src>
    </IntraTM>
</TrafficMatrixFile>
