<?xml version="1.0" encoding="ISO-8859-1" standalone="yes"?>
<TrafficMatrixFile xsi:noNamespaceSchemaLocation="http://totem.run.montefiore.ulg.ac.be/Schema/TrafficMatrix-v1_2.xsd" xmlns:xsi="http://www.w3.org/2001/XMLSchema-instance">
    <IntraTM ASID="11537">
        <src id="ATLA-M5">
            <dst id="ATLA-M5">38.192</dst>
            <dst id="ATLAng">196.930666666667</dst>
            <dst id="CHINng">293.557333333333</dst>
            <dst id="DNVRng">53.3333333333333</dst>
            <dst id="HSTNng">55.2346666666667</dst>
            <dst id="IPLSng">460.68</dst>
            <dst id="KSCYng">376.549333333333</dst>
            <dst id="LOSAng">101.04</dst>
            <dst id="NYCMng">106.666666666667</dst>
            <dst id="SNVAng">26.6666666666667</dst>
            <dst id="STTLng">53.3333333333333</dst>
            <dst id="WASHng">1265.64266666667</dst>
        </src>
        <src id="ATLAng">
            <dst id="ATLA-M5">423.52</dst>
            <dst id="ATLAng">28454.44</dst>
            <dst id="CHINng">26250.6373333333</dst>
            <dst id="DNVRng">2911.10666666667</dst>
            <dst id="HSTNng">15637.1413333333</dst>
            <dst id="IPLSng">13512.8613333333</dst>
            <dst id="KSCYng">3103.22666666667</dst>
            <dst id="LOSAng">17760.3706666667</dst>
            <dst id="NYCMng">10045.856</dst>
            <dst id="SNVAng">130.032</dst>
            <dst id="STTLng">4128.90933333333</dst>
            <dst id="WASHng">45551.1653333333</dst>
        </src>
        <src id="CHINng">
            <dst id="ATLA-M5">2204.29866666667</dst>
            <dst id="ATLAng">19806.1546666667</dst>
            <dst id="CHINng">100083.501333333</dst>
            <dst id="DNVRng">24986.176</dst>
            <dst id="HSTNng">62403.4826666667</dst>
            <dst id="IPLSng">66134.296</dst>
            <dst id="KSCYng">9808.03466666667</dst>
            <dst id="LOSAng">39710.384</dst>
            <dst id="NYCMng">23330.168</dst>
            <dst id="SNVAng">1484.272</dst>
            <dst id="STTLng">19332.4373333333</dst>
            <dst id="WASHng">22036.2</dst>
        </src>
        <src id="DNVRng">
            <dst id="ATLA-M5">217.144</dst>
            <dst id="ATLAng">3071.35733333333</dst>
            <dst id="CHINng">76810.504</dst>
            <dst id="DNVRng">8060.48</dst>
            <dst id="HSTNng">13935.6693333333</dst>
            <dst id="IPLSng">31733.8213333333</dst>
            <dst id="KSCYng">13340.4906666667</dst>
            <dst id="LOSAng">16123.192</dst>
            <dst id="NYCMng">15341.336</dst>
            <dst id="SNVAng">18429.04</dst>
            <dst id="STTLng">9601.54933333333</dst>
            <dst id="WASHng">43621.312</dst>
        </src>
        <src id="HSTNng">
            <dst id="ATLA-M5">462.413333333333</dst>
            <dst id="ATLAng">1669.90666666667</dst>
            <dst id="CHINng">18666.4293333333</dst>
            <dst id="DNVRng">1103.61333333333</dst>
            <dst id="HSTNng">3934.976</dst>
            <dst id="IPLSng">19730.3866666667</dst>
            <dst id="KSCYng">4441.77866666667</dst>
            <dst id="LOSAng">3039.95466666667</dst>
            <dst id="NYCMng">6154.184</dst>
            <dst id="SNVAng">1892.99733333333</dst>
            <dst id="STTLng">2319.66666666667</dst>
            <dst id="WASHng">10364.68</dst>
        </src>
        <src id="IPLSng">
            <dst id="ATLA-M5">634.989333333333</dst>
            <dst id="ATLAng">18584.1813333333</dst>
            <dst id="CHINng">124535.536</dst>
            <dst id="DNVRng">11678.656</dst>
            <dst id="HSTNng">7230.34666666667</dst>
            <dst id="IPLSng">17027.24</dst>
            <dst id="KSCYng">7501.256</dst>
            <dst id="LOSAng">25825.8613333333</dst>
            <dst id="NYCMng">108740.173333333</dst>
            <dst id="SNVAng">923.469333333333</dst>
            <dst id="STTLng">10094.624</dst>
            <dst id="WASHng">54431.8346666667</dst>
        </src>
        <src id="KSCYng">
            <dst id="ATLA-M5">346.293333333333</dst>
            <dst id="ATLAng">7864.95733333333</dst>
            <dst id="CHINng">26233.496</dst>
            <dst id="DNVRng">8260.92266666667</dst>
            <dst id="HSTNng">5029.344</dst>
            <dst id="IPLSng">18649.088</dst>
            <dst id="KSCYng">7195.99466666667</dst>
            <dst id="LOSAng">3454.55733333333</dst>
            <dst id="NYCMng">6891.55466666667</dst>
            <dst id="SNVAng">133.202666666667</dst>
            <dst id="STTLng">2346.77866666667</dst>
            <dst id="WASHng">14391.248</dst>
        </src>
        <src id="LOSAng">
            <dst id="ATLA-M5">1464.54933333333</dst>
            <dst id="ATLAng">16267.2186666667</dst>
            <dst id="CHINng">78681.9866666667</dst>
            <dst id="DNVRng">8167.47733333333</dst>
            <dst id="HSTNng">31861.656</dst>
            <dst id="IPLSng">30090.048</dst>
            <dst id="KSCYng">9234.88266666667</dst>
            <dst id="LOSAng">20949.792</dst>
            <dst id="NYCMng">65936.9946666667</dst>
            <dst id="SNVAng">9967.09066666667</dst>
            <dst id="STTLng">32392.296</dst>
            <dst id="WASHng">119208.184</dst>
        </src>
        <src id="NYCMng">
            <dst id="ATLA-M5">1148.23466666667</dst>
            <dst id="ATLAng">25089.6293333333</dst>
            <dst id="CHINng">51696.3333333333</dst>
            <dst id="DNVRng">26573.9093333333</dst>
            <dst id="HSTNng">15844.4346666667</dst>
            <dst id="IPLSng">65747.7946666667</dst>
            <dst id="KSCYng">18290.896</dst>
            <dst id="LOSAng">39301.9573333333</dst>
            <dst id="NYCMng">206081.077333333</dst>
            <dst id="SNVAng">1594.77066666667</dst>
            <dst id="STTLng">30328.5946666667</dst>
            <dst id="WASHng">150063.088</dst>
        </src>
        <src id="SNVAng">
            <dst id="ATLA-M5">0</dst>
            <dst id="ATLAng">2049.94666666667</dst>
            <dst id="CHINng">3014.976</dst>
            <dst id="DNVRng">7198.96</dst>
            <dst id="HSTNng">224.864</dst>
            <dst id="IPLSng">2131.256</dst>
            <dst id="KSCYng">70.176</dst>
            <dst id="LOSAng">37798.0533333333</dst>
            <dst id="NYCMng">9505.31733333333</dst>
            <dst id="SNVAng">14183.2106666667</dst>
            <dst id="STTLng">51336.7173333333</dst>
            <dst id="WASHng">231.133333333333</dst>
        </src>
        <src id="STTLng">
            <dst id="ATLA-M5">206.56</dst>
            <dst id="ATLAng">5475.66666666667</dst>
            <dst id="CHINng">25876.112</dst>
            <dst id="DNVRng">2371.80266666667</dst>
            <dst id="HSTNng">1784.61066666667</dst>
            <dst id="IPLSng">4557.16266666667</dst>
            <dst id="KSCYng">2521.43733333333</dst>
            <dst id="LOSAng">18092.9706666667</dst>
            <dst id="NYCMng">11693.9626666667</dst>
            <dst id="SNVAng">2618.29866666667</dst>
            <dst id="STTLng">3999.536</dst>
            <dst id="WASHng">12531.816</dst>
        </src>
        <src id="WASHng">
            <dst id="ATLA-M5">678.701333333333</dst>
            <dst id="ATLAng">94476.592</dst>
            <dst id="CHINng">81080.5306666667</dst>
            <dst id="DNVRng">59709.9173333333</dst>
            <dst id="HSTNng">8045.72</dst>
            <dst id="IPLSng">54448.5573333333</dst>
            <dst id="KSCYng">14971.5413333333</dst>
            <dst id="LOSAng">102286.504</dst>
            <dst id="NYCMng">156954.496</dst>
            <dst id="SNVAng">755.304</dst>
            <dst id="STTLng">23019.6106666667</dst>
            <dst id="WASHng">239831.570666667</dst>
        </src>
    </IntraTM>
</TrafficMatrixFile>
