<?xml version="1.0" encoding="ISO-8859-1" standalone="yes"?>
<TrafficMatrixFile xsi:noNamespaceSchemaLocation="http://totem.run.montefiore.ulg.ac.be/Schema/TrafficMatrix-v1_2.xsd" xmlns:xsi="http://www.w3.org/2001/XMLSchema-instance">
    <IntraTM ASID="11537">
        <src id="ATLA-M5">
            <dst id="ATLA-M5">688.373333333333</dst>
            <dst id="ATLAng">606.122666666667</dst>
            <dst id="CHINng">726.784</dst>
            <dst id="DNVRng">81.7093333333333</dst>
            <dst id="HSTNng">281.224</dst>
            <dst id="IPLSng">1372.08533333333</dst>
            <dst id="KSCYng">65.1866666666667</dst>
            <dst id="LOSAng">534.605333333333</dst>
            <dst id="NYCMng">199.52</dst>
            <dst id="SNVAng">1236.128</dst>
            <dst id="STTLng">26.6666666666667</dst>
            <dst id="WASHng">2105.912</dst>
        </src>
        <src id="ATLAng">
            <dst id="ATLA-M5">2036.85066666667</dst>
            <dst id="ATLAng">37226.4986666667</dst>
            <dst id="CHINng">28218.5866666667</dst>
            <dst id="DNVRng">3310.08</dst>
            <dst id="HSTNng">13658.6</dst>
            <dst id="IPLSng">28741.7333333333</dst>
            <dst id="KSCYng">5704.34933333333</dst>
            <dst id="LOSAng">30846.6586666667</dst>
            <dst id="NYCMng">6315.44</dst>
            <dst id="SNVAng">666.336</dst>
            <dst id="STTLng">4946.552</dst>
            <dst id="WASHng">38050.3893333333</dst>
        </src>
        <src id="CHINng">
            <dst id="ATLA-M5">2991.07733333333</dst>
            <dst id="ATLAng">28708.0613333333</dst>
            <dst id="CHINng">114502.304</dst>
            <dst id="DNVRng">31844.224</dst>
            <dst id="HSTNng">56027.0373333333</dst>
            <dst id="IPLSng">60172.6693333333</dst>
            <dst id="KSCYng">16221.9146666667</dst>
            <dst id="LOSAng">2053231.57333333</dst>
            <dst id="NYCMng">31070.288</dst>
            <dst id="SNVAng">2632.376</dst>
            <dst id="STTLng">9621.672</dst>
            <dst id="WASHng">55398.448</dst>
        </src>
        <src id="DNVRng">
            <dst id="ATLA-M5">169.746666666667</dst>
            <dst id="ATLAng">10308.5573333333</dst>
            <dst id="CHINng">69736.9386666667</dst>
            <dst id="DNVRng">20245.56</dst>
            <dst id="HSTNng">16589.064</dst>
            <dst id="IPLSng">37532.4106666667</dst>
            <dst id="KSCYng">26741.24</dst>
            <dst id="LOSAng">10682.9626666667</dst>
            <dst id="NYCMng">20172.5546666667</dst>
            <dst id="SNVAng">13300.3146666667</dst>
            <dst id="STTLng">17163.512</dst>
            <dst id="WASHng">49408.0933333333</dst>
        </src>
        <src id="HSTNng">
            <dst id="ATLA-M5">4926.02933333333</dst>
            <dst id="ATLAng">3106.152</dst>
            <dst id="CHINng">24534.7733333333</dst>
            <dst id="DNVRng">4228.30666666667</dst>
            <dst id="HSTNng">7581.16266666667</dst>
            <dst id="IPLSng">10097.9013333333</dst>
            <dst id="KSCYng">3241.98666666667</dst>
            <dst id="LOSAng">14973.128</dst>
            <dst id="NYCMng">7038.94133333333</dst>
            <dst id="SNVAng">1056.584</dst>
            <dst id="STTLng">2270.97066666667</dst>
            <dst id="WASHng">13729.6106666667</dst>
        </src>
        <src id="IPLSng">
            <dst id="ATLA-M5">441.578666666667</dst>
            <dst id="ATLAng">23854.816</dst>
            <dst id="CHINng">128891.613333333</dst>
            <dst id="DNVRng">18519.5146666667</dst>
            <dst id="HSTNng">10592.3466666667</dst>
            <dst id="IPLSng">21177.9413333333</dst>
            <dst id="KSCYng">10371.3706666667</dst>
            <dst id="LOSAng">58561.296</dst>
            <dst id="NYCMng">52846.44</dst>
            <dst id="SNVAng">5903.184</dst>
            <dst id="STTLng">10991.0986666667</dst>
            <dst id="WASHng">51592.3973333333</dst>
        </src>
        <src id="KSCYng">
            <dst id="ATLA-M5">170.909333333333</dst>
            <dst id="ATLAng">10683.2506666667</dst>
            <dst id="CHINng">26673.7466666667</dst>
            <dst id="DNVRng">12045.9146666667</dst>
            <dst id="HSTNng">4651.768</dst>
            <dst id="IPLSng">17232.6346666667</dst>
            <dst id="KSCYng">8542.968</dst>
            <dst id="LOSAng">9601.616</dst>
            <dst id="NYCMng">4570</dst>
            <dst id="SNVAng">2829.42133333333</dst>
            <dst id="STTLng">1166.08533333333</dst>
            <dst id="WASHng">13904.888</dst>
        </src>
        <src id="LOSAng">
            <dst id="ATLA-M5">5311.816</dst>
            <dst id="ATLAng">19792.216</dst>
            <dst id="CHINng">1106408.10666667</dst>
            <dst id="DNVRng">10947.5093333333</dst>
            <dst id="HSTNng">49787.032</dst>
            <dst id="IPLSng">48476.0853333333</dst>
            <dst id="KSCYng">22369.0053333333</dst>
            <dst id="LOSAng">8306.064</dst>
            <dst id="NYCMng">91138.5973333334</dst>
            <dst id="SNVAng">7384.616</dst>
            <dst id="STTLng">22069.0213333333</dst>
            <dst id="WASHng">105434.349333333</dst>
        </src>
        <src id="NYCMng">
            <dst id="ATLA-M5">1228.94133333333</dst>
            <dst id="ATLAng">38043.4506666667</dst>
            <dst id="CHINng">55131.1893333333</dst>
            <dst id="DNVRng">45981.2826666667</dst>
            <dst id="HSTNng">15778.2746666667</dst>
            <dst id="IPLSng">69848.3626666667</dst>
            <dst id="KSCYng">30981.112</dst>
            <dst id="LOSAng">78996.0746666667</dst>
            <dst id="NYCMng">218341.976</dst>
            <dst id="SNVAng">6673.648</dst>
            <dst id="STTLng">17501.2106666667</dst>
            <dst id="WASHng">194410.570666667</dst>
        </src>
        <src id="SNVAng">
            <dst id="ATLA-M5">332.938666666667</dst>
            <dst id="ATLAng">57.112</dst>
            <dst id="CHINng">1648.616</dst>
            <dst id="DNVRng">5549.79733333333</dst>
            <dst id="HSTNng">986.018666666667</dst>
            <dst id="IPLSng">3547.58666666667</dst>
            <dst id="KSCYng">722.530666666667</dst>
            <dst id="LOSAng">37093.2026666667</dst>
            <dst id="NYCMng">634.610666666667</dst>
            <dst id="SNVAng">12944.2746666667</dst>
            <dst id="STTLng">51676.5466666667</dst>
            <dst id="WASHng">1775.70666666667</dst>
        </src>
        <src id="STTLng">
            <dst id="ATLA-M5">366.752</dst>
            <dst id="ATLAng">7030.07466666667</dst>
            <dst id="CHINng">16135.6986666667</dst>
            <dst id="DNVRng">11029.576</dst>
            <dst id="HSTNng">11413.44</dst>
            <dst id="IPLSng">13519.3173333333</dst>
            <dst id="KSCYng">5938.488</dst>
            <dst id="LOSAng">25896.864</dst>
            <dst id="NYCMng">8380.65866666666</dst>
            <dst id="SNVAng">7349.52533333333</dst>
            <dst id="STTLng">7417.89066666667</dst>
            <dst id="WASHng">11221.4586666667</dst>
        </src>
        <src id="WASHng">
            <dst id="ATLA-M5">1616.49333333333</dst>
            <dst id="ATLAng">267612.106666667</dst>
            <dst id="CHINng">79078.4346666667</dst>
            <dst id="DNVRng">65150.32</dst>
            <dst id="HSTNng">22178.7866666667</dst>
            <dst id="IPLSng">67037.984</dst>
            <dst id="KSCYng">17684.9146666667</dst>
            <dst id="LOSAng">121637.328</dst>
            <dst id="NYCMng">167705.8</dst>
            <dst id="SNVAng">8250.14933333333</dst>
            <dst id="STTLng">28262.8906666667</dst>
            <dst id="WASHng">284196.213333333</dst>
        </src>
    </IntraTM>
</TrafficMatrixFile>
