<?xml version="1.0" encoding="ISO-8859-1" standalone="yes"?>
<TrafficMatrixFile xsi:noNamespaceSchemaLocation="http://totem.run.montefiore.ulg.ac.be/Schema/TrafficMatrix-v1_2.xsd" xmlns:xsi="http://www.w3.org/2001/XMLSchema-instance">
    <IntraTM ASID="11537">
        <src id="ATLA-M5">
            <dst id="ATLA-M5">40.9253333333333</dst>
            <dst id="ATLAng">26.6666666666667</dst>
            <dst id="CHINng">424.922666666667</dst>
            <dst id="DNVRng">1072.78666666667</dst>
            <dst id="HSTNng">119.328</dst>
            <dst id="IPLSng">975.546666666667</dst>
            <dst id="KSCYng">56.9493333333333</dst>
            <dst id="LOSAng">244.370666666667</dst>
            <dst id="NYCMng">53.3333333333333</dst>
            <dst id="SNVAng">26.6666666666667</dst>
            <dst id="STTLng">219.970666666667</dst>
            <dst id="WASHng">249.293333333333</dst>
        </src>
        <src id="ATLAng">
            <dst id="ATLA-M5">141.493333333333</dst>
            <dst id="ATLAng">26715.9413333333</dst>
            <dst id="CHINng">13033.0586666667</dst>
            <dst id="DNVRng">3417.94933333333</dst>
            <dst id="HSTNng">5987.88533333333</dst>
            <dst id="IPLSng">15236.8</dst>
            <dst id="KSCYng">1685.904</dst>
            <dst id="LOSAng">21365.7093333333</dst>
            <dst id="NYCMng">3506.26933333333</dst>
            <dst id="SNVAng">1043.36</dst>
            <dst id="STTLng">4436.816</dst>
            <dst id="WASHng">26183.072</dst>
        </src>
        <src id="CHINng">
            <dst id="ATLA-M5">984.058666666667</dst>
            <dst id="ATLAng">13293.744</dst>
            <dst id="CHINng">98541.7706666667</dst>
            <dst id="DNVRng">22834.376</dst>
            <dst id="HSTNng">27479.7626666667</dst>
            <dst id="IPLSng">45586.5866666667</dst>
            <dst id="KSCYng">13979.272</dst>
            <dst id="LOSAng">1994359.52</dst>
            <dst id="NYCMng">16054.9466666667</dst>
            <dst id="SNVAng">4204.80533333333</dst>
            <dst id="STTLng">16474.7333333333</dst>
            <dst id="WASHng">24653.9466666667</dst>
        </src>
        <src id="DNVRng">
            <dst id="ATLA-M5">292.562666666667</dst>
            <dst id="ATLAng">3076.94133333333</dst>
            <dst id="CHINng">79294.68</dst>
            <dst id="DNVRng">22830.8933333333</dst>
            <dst id="HSTNng">22319.568</dst>
            <dst id="IPLSng">29943.9573333333</dst>
            <dst id="KSCYng">20988.3333333333</dst>
            <dst id="LOSAng">7422.144</dst>
            <dst id="NYCMng">12891.0053333333</dst>
            <dst id="SNVAng">5539.96</dst>
            <dst id="STTLng">11183.872</dst>
            <dst id="WASHng">39534.2213333333</dst>
        </src>
        <src id="HSTNng">
            <dst id="ATLA-M5">605.861333333333</dst>
            <dst id="ATLAng">1282.49333333333</dst>
            <dst id="CHINng">18899.2773333333</dst>
            <dst id="DNVRng">2093.70666666667</dst>
            <dst id="HSTNng">6247.744</dst>
            <dst id="IPLSng">4476.38133333333</dst>
            <dst id="KSCYng">2609.384</dst>
            <dst id="LOSAng">3275.368</dst>
            <dst id="NYCMng">2080.112</dst>
            <dst id="SNVAng">815.472</dst>
            <dst id="STTLng">1758.55466666667</dst>
            <dst id="WASHng">5017.176</dst>
        </src>
        <src id="IPLSng">
            <dst id="ATLA-M5">1107.76</dst>
            <dst id="ATLAng">63289.7306666667</dst>
            <dst id="CHINng">104059.544</dst>
            <dst id="DNVRng">22471.68</dst>
            <dst id="HSTNng">5123.69066666667</dst>
            <dst id="IPLSng">18065.024</dst>
            <dst id="KSCYng">6166.232</dst>
            <dst id="LOSAng">47231.96</dst>
            <dst id="NYCMng">30757.7786666667</dst>
            <dst id="SNVAng">2871.08266666667</dst>
            <dst id="STTLng">8129.01333333333</dst>
            <dst id="WASHng">43303.704</dst>
        </src>
        <src id="KSCYng">
            <dst id="ATLA-M5">403.133333333333</dst>
            <dst id="ATLAng">2331.06133333333</dst>
            <dst id="CHINng">25362.816</dst>
            <dst id="DNVRng">9105.024</dst>
            <dst id="HSTNng">3025.976</dst>
            <dst id="IPLSng">16686.7733333333</dst>
            <dst id="KSCYng">7615.81333333333</dst>
            <dst id="LOSAng">5664.13866666667</dst>
            <dst id="NYCMng">3090.58133333333</dst>
            <dst id="SNVAng">193.821333333333</dst>
            <dst id="STTLng">2341.77066666667</dst>
            <dst id="WASHng">23762.4266666667</dst>
        </src>
        <src id="LOSAng">
            <dst id="ATLA-M5">2009.17333333333</dst>
            <dst id="ATLAng">15066.9493333333</dst>
            <dst id="CHINng">1057229.06666667</dst>
            <dst id="DNVRng">6730.49866666667</dst>
            <dst id="HSTNng">4045.66133333333</dst>
            <dst id="IPLSng">20554.3866666667</dst>
            <dst id="KSCYng">8703.65333333333</dst>
            <dst id="LOSAng">12523.752</dst>
            <dst id="NYCMng">52184.68</dst>
            <dst id="SNVAng">6702.14133333333</dst>
            <dst id="STTLng">19686.8586666667</dst>
            <dst id="WASHng">73081.8906666666</dst>
        </src>
        <src id="NYCMng">
            <dst id="ATLA-M5">964.808</dst>
            <dst id="ATLAng">15195.1973333333</dst>
            <dst id="CHINng">50911.9066666667</dst>
            <dst id="DNVRng">26650.088</dst>
            <dst id="HSTNng">9520.09333333333</dst>
            <dst id="IPLSng">31319.9626666667</dst>
            <dst id="KSCYng">10953.3866666667</dst>
            <dst id="LOSAng">76486.2026666666</dst>
            <dst id="NYCMng">124717.576</dst>
            <dst id="SNVAng">5031.80533333333</dst>
            <dst id="STTLng">22296.2053333333</dst>
            <dst id="WASHng">71490.9493333333</dst>
        </src>
        <src id="SNVAng">
            <dst id="ATLA-M5">112.245333333333</dst>
            <dst id="ATLAng">53.3333333333333</dst>
            <dst id="CHINng">1833.888</dst>
            <dst id="DNVRng">6916.84533333333</dst>
            <dst id="HSTNng">679.746666666667</dst>
            <dst id="IPLSng">510.152</dst>
            <dst id="KSCYng">4701.18933333333</dst>
            <dst id="LOSAng">29842.912</dst>
            <dst id="NYCMng">525.253333333333</dst>
            <dst id="SNVAng">10115.0133333333</dst>
            <dst id="STTLng">50749.2186666667</dst>
            <dst id="WASHng">225.885333333333</dst>
        </src>
        <src id="STTLng">
            <dst id="ATLA-M5">429.048</dst>
            <dst id="ATLAng">5886.10666666667</dst>
            <dst id="CHINng">11148.9546666667</dst>
            <dst id="DNVRng">4822.15733333333</dst>
            <dst id="HSTNng">4206.66933333333</dst>
            <dst id="IPLSng">5390.29333333333</dst>
            <dst id="KSCYng">10711.7866666667</dst>
            <dst id="LOSAng">16060.272</dst>
            <dst id="NYCMng">6404.448</dst>
            <dst id="SNVAng">3352.13066666667</dst>
            <dst id="STTLng">6370.624</dst>
            <dst id="WASHng">6554.40266666667</dst>
        </src>
        <src id="WASHng">
            <dst id="ATLA-M5">1047.23733333333</dst>
            <dst id="ATLAng">83955.912</dst>
            <dst id="CHINng">76619.152</dst>
            <dst id="DNVRng">63840.9333333333</dst>
            <dst id="HSTNng">8024.61866666667</dst>
            <dst id="IPLSng">63286.56</dst>
            <dst id="KSCYng">23377.6106666667</dst>
            <dst id="LOSAng">105388.52</dst>
            <dst id="NYCMng">178183.957333333</dst>
            <dst id="SNVAng">11909.0533333333</dst>
            <dst id="STTLng">29754.6293333333</dst>
            <dst id="WASHng">197240.053333333</dst>
        </src>
    </IntraTM>
</TrafficMatrixFile>
