<?xml version="1.0" encoding="ISO-8859-1" standalone="yes"?>
<TrafficMatrixFile xsi:noNamespaceSchemaLocation="http://totem.run.montefiore.ulg.ac.be/Schema/TrafficMatrix-v1_2.xsd" xmlns:xsi="http://www.w3.org/2001/XMLSchema-instance">
    <IntraTM ASID="11537">
        <src id="ATLA-M5">
            <dst id="ATLA-M5">55.3466666666667</dst>
            <dst id="ATLAng">862.728</dst>
            <dst id="CHINng">532.362666666667</dst>
            <dst id="DNVRng">80.536</dst>
            <dst id="HSTNng">110.285333333333</dst>
            <dst id="IPLSng">219.989333333333</dst>
            <dst id="KSCYng">100.597333333333</dst>
            <dst id="LOSAng">288.629333333333</dst>
            <dst id="NYCMng">61.8026666666667</dst>
            <dst id="SNVAng">126.445333333333</dst>
            <dst id="STTLng">26.6666666666667</dst>
            <dst id="WASHng">451.44</dst>
        </src>
        <src id="ATLAng">
            <dst id="ATLA-M5">2755.21866666667</dst>
            <dst id="ATLAng">26099.08</dst>
            <dst id="CHINng">19649.48</dst>
            <dst id="DNVRng">5605.39466666667</dst>
            <dst id="HSTNng">2332.65866666667</dst>
            <dst id="IPLSng">23382.9146666667</dst>
            <dst id="KSCYng">4381.43733333333</dst>
            <dst id="LOSAng">29276.8</dst>
            <dst id="NYCMng">7459.43466666667</dst>
            <dst id="SNVAng">2368.13333333333</dst>
            <dst id="STTLng">4088.85866666667</dst>
            <dst id="WASHng">42612.0106666667</dst>
        </src>
        <src id="CHINng">
            <dst id="ATLA-M5">1259.56266666667</dst>
            <dst id="ATLAng">31871.2133333333</dst>
            <dst id="CHINng">75728.104</dst>
            <dst id="DNVRng">17163.616</dst>
            <dst id="HSTNng">51085.6666666667</dst>
            <dst id="IPLSng">55154.1173333333</dst>
            <dst id="KSCYng">28120.7413333333</dst>
            <dst id="LOSAng">81354.8133333333</dst>
            <dst id="NYCMng">26130.152</dst>
            <dst id="SNVAng">5693.528</dst>
            <dst id="STTLng">12023.2</dst>
            <dst id="WASHng">26613.2586666667</dst>
        </src>
        <src id="DNVRng">
            <dst id="ATLA-M5">288.074666666667</dst>
            <dst id="ATLAng">4783.79466666667</dst>
            <dst id="CHINng">82094.8586666667</dst>
            <dst id="DNVRng">17026.5226666667</dst>
            <dst id="HSTNng">15920.7333333333</dst>
            <dst id="IPLSng">28397</dst>
            <dst id="KSCYng">21634.5573333333</dst>
            <dst id="LOSAng">6920.672</dst>
            <dst id="NYCMng">24436.728</dst>
            <dst id="SNVAng">10980.336</dst>
            <dst id="STTLng">11762.6906666667</dst>
            <dst id="WASHng">51526.3866666667</dst>
        </src>
        <src id="HSTNng">
            <dst id="ATLA-M5">1132.36266666667</dst>
            <dst id="ATLAng">3614.72</dst>
            <dst id="CHINng">15019.432</dst>
            <dst id="DNVRng">4345.75466666667</dst>
            <dst id="HSTNng">5981.50133333333</dst>
            <dst id="IPLSng">7103.10666666667</dst>
            <dst id="KSCYng">4857.09333333333</dst>
            <dst id="LOSAng">9246.208</dst>
            <dst id="NYCMng">3597.10133333333</dst>
            <dst id="SNVAng">2024.90666666667</dst>
            <dst id="STTLng">3100.13866666667</dst>
            <dst id="WASHng">9186.96533333333</dst>
        </src>
        <src id="IPLSng">
            <dst id="ATLA-M5">953.298666666667</dst>
            <dst id="ATLAng">33469.1573333333</dst>
            <dst id="CHINng">117006.933333333</dst>
            <dst id="DNVRng">17619.3813333333</dst>
            <dst id="HSTNng">7919.59733333333</dst>
            <dst id="IPLSng">25818.5626666667</dst>
            <dst id="KSCYng">14219.56</dst>
            <dst id="LOSAng">42593.7386666667</dst>
            <dst id="NYCMng">55319.2453333333</dst>
            <dst id="SNVAng">1469.14933333333</dst>
            <dst id="STTLng">8423.43466666667</dst>
            <dst id="WASHng">43965.1626666667</dst>
        </src>
        <src id="KSCYng">
            <dst id="ATLA-M5">84.0933333333333</dst>
            <dst id="ATLAng">2417.832</dst>
            <dst id="CHINng">24184.5653333333</dst>
            <dst id="DNVRng">19680.136</dst>
            <dst id="HSTNng">4410.248</dst>
            <dst id="IPLSng">16183.7413333333</dst>
            <dst id="KSCYng">12232.2266666667</dst>
            <dst id="LOSAng">6365.01333333334</dst>
            <dst id="NYCMng">5816.54666666667</dst>
            <dst id="SNVAng">1105.936</dst>
            <dst id="STTLng">2403.61866666667</dst>
            <dst id="WASHng">14839.7013333333</dst>
        </src>
        <src id="LOSAng">
            <dst id="ATLA-M5">1616.72533333333</dst>
            <dst id="ATLAng">11298.208</dst>
            <dst id="CHINng">84265.6826666667</dst>
            <dst id="DNVRng">20436.7386666667</dst>
            <dst id="HSTNng">29952.584</dst>
            <dst id="IPLSng">44206.4693333333</dst>
            <dst id="KSCYng">9788.52266666667</dst>
            <dst id="LOSAng">16626.024</dst>
            <dst id="NYCMng">74028.136</dst>
            <dst id="SNVAng">9135.62666666667</dst>
            <dst id="STTLng">27749.744</dst>
            <dst id="WASHng">120095.661333333</dst>
        </src>
        <src id="NYCMng">
            <dst id="ATLA-M5">986.565333333333</dst>
            <dst id="ATLAng">34009.768</dst>
            <dst id="CHINng">46230.3813333333</dst>
            <dst id="DNVRng">33454.1466666667</dst>
            <dst id="HSTNng">15824.3946666667</dst>
            <dst id="IPLSng">56989.9813333333</dst>
            <dst id="KSCYng">19590.5093333333</dst>
            <dst id="LOSAng">79297.9253333333</dst>
            <dst id="NYCMng">164301.205333333</dst>
            <dst id="SNVAng">5501.84</dst>
            <dst id="STTLng">24115.792</dst>
            <dst id="WASHng">128438.576</dst>
        </src>
        <src id="SNVAng">
            <dst id="ATLA-M5">0</dst>
            <dst id="ATLAng">182.2</dst>
            <dst id="CHINng">2907.05866666667</dst>
            <dst id="DNVRng">13049.448</dst>
            <dst id="HSTNng">226.149333333333</dst>
            <dst id="IPLSng">2581.01066666667</dst>
            <dst id="KSCYng">167.474666666667</dst>
            <dst id="LOSAng">59410.3093333333</dst>
            <dst id="NYCMng">922.194666666667</dst>
            <dst id="SNVAng">18919.3226666667</dst>
            <dst id="STTLng">58781.896</dst>
            <dst id="WASHng">920.301333333333</dst>
        </src>
        <src id="STTLng">
            <dst id="ATLA-M5">190.941333333333</dst>
            <dst id="ATLAng">9840.77866666667</dst>
            <dst id="CHINng">10222.888</dst>
            <dst id="DNVRng">2659.872</dst>
            <dst id="HSTNng">7710.61066666666</dst>
            <dst id="IPLSng">6199.83466666667</dst>
            <dst id="KSCYng">3565.23466666667</dst>
            <dst id="LOSAng">21071.3946666667</dst>
            <dst id="NYCMng">6325.18133333333</dst>
            <dst id="SNVAng">4759.536</dst>
            <dst id="STTLng">5423.36266666667</dst>
            <dst id="WASHng">6157.46933333333</dst>
        </src>
        <src id="WASHng">
            <dst id="ATLA-M5">2120.86133333333</dst>
            <dst id="ATLAng">101740.864</dst>
            <dst id="CHINng">70400.2213333333</dst>
            <dst id="DNVRng">65330.728</dst>
            <dst id="HSTNng">25398.5146666667</dst>
            <dst id="IPLSng">67679.072</dst>
            <dst id="KSCYng">31448.1146666667</dst>
            <dst id="LOSAng">128033.234666667</dst>
            <dst id="NYCMng">140020.613333333</dst>
            <dst id="SNVAng">4118.456</dst>
            <dst id="STTLng">36006.7546666667</dst>
            <dst id="WASHng">291895.52</dst>
        </src>
    </IntraTM>
</TrafficMatrixFile>
