<?xml version="1.0" encoding="ISO-8859-1" standalone="yes"?>
<TrafficMatrixFile xsi:noNamespaceSchemaLocation="http://totem.run.montefiore.ulg.ac.be/Schema/TrafficMatrix-v1_2.xsd" xmlns:xsi="http://www.w3.org/2001/XMLSchema-instance">
    <IntraTM ASID="11537">
        <src id="ATLA-M5">
            <dst id="ATLA-M5">62.232</dst>
            <dst id="ATLAng">162.173333333333</dst>
            <dst id="CHINng">420.525333333333</dst>
            <dst id="DNVRng">55.1066666666667</dst>
            <dst id="HSTNng">53.3333333333333</dst>
            <dst id="IPLSng">384.744</dst>
            <dst id="KSCYng">897.325333333333</dst>
            <dst id="LOSAng">744.48</dst>
            <dst id="NYCMng">463.941333333333</dst>
            <dst id="SNVAng">65.584</dst>
            <dst id="STTLng">170.496</dst>
            <dst id="WASHng">1423.944</dst>
        </src>
        <src id="ATLAng">
            <dst id="ATLA-M5">452.914666666667</dst>
            <dst id="ATLAng">23886.528</dst>
            <dst id="CHINng">26523.3653333333</dst>
            <dst id="DNVRng">4645.368</dst>
            <dst id="HSTNng">3042.968</dst>
            <dst id="IPLSng">23440.1013333333</dst>
            <dst id="KSCYng">6012.584</dst>
            <dst id="LOSAng">21040.2613333333</dst>
            <dst id="NYCMng">7270.92</dst>
            <dst id="SNVAng">1826.17866666667</dst>
            <dst id="STTLng">10748.864</dst>
            <dst id="WASHng">43258.944</dst>
        </src>
        <src id="CHINng">
            <dst id="ATLA-M5">838.904</dst>
            <dst id="ATLAng">60928.36</dst>
            <dst id="CHINng">89226.352</dst>
            <dst id="DNVRng">24218.8613333333</dst>
            <dst id="HSTNng">54334.3706666667</dst>
            <dst id="IPLSng">71231.6933333333</dst>
            <dst id="KSCYng">18421.856</dst>
            <dst id="LOSAng">1911562.50666667</dst>
            <dst id="NYCMng">18787.9653333333</dst>
            <dst id="SNVAng">3726.02133333333</dst>
            <dst id="STTLng">10523.6693333333</dst>
            <dst id="WASHng">35059.944</dst>
        </src>
        <src id="DNVRng">
            <dst id="ATLA-M5">364.12</dst>
            <dst id="ATLAng">6289.672</dst>
            <dst id="CHINng">68338.2453333333</dst>
            <dst id="DNVRng">8795.34666666667</dst>
            <dst id="HSTNng">12155.8453333333</dst>
            <dst id="IPLSng">29474.944</dst>
            <dst id="KSCYng">18233.1813333333</dst>
            <dst id="LOSAng">24301.7146666667</dst>
            <dst id="NYCMng">21274.6586666667</dst>
            <dst id="SNVAng">9242.456</dst>
            <dst id="STTLng">11337.3226666667</dst>
            <dst id="WASHng">54293.3226666667</dst>
        </src>
        <src id="HSTNng">
            <dst id="ATLA-M5">841.624</dst>
            <dst id="ATLAng">3650.03466666667</dst>
            <dst id="CHINng">31165.024</dst>
            <dst id="DNVRng">5147.128</dst>
            <dst id="HSTNng">9321.24</dst>
            <dst id="IPLSng">11565.904</dst>
            <dst id="KSCYng">3452.21066666667</dst>
            <dst id="LOSAng">12160.2906666667</dst>
            <dst id="NYCMng">9760.312</dst>
            <dst id="SNVAng">1207.05066666667</dst>
            <dst id="STTLng">1808.36533333333</dst>
            <dst id="WASHng">7656.816</dst>
        </src>
        <src id="IPLSng">
            <dst id="ATLA-M5">379.349333333333</dst>
            <dst id="ATLAng">31688.3253333333</dst>
            <dst id="CHINng">116874.426666667</dst>
            <dst id="DNVRng">14078.248</dst>
            <dst id="HSTNng">11342.5253333333</dst>
            <dst id="IPLSng">26293.008</dst>
            <dst id="KSCYng">7966.77333333333</dst>
            <dst id="LOSAng">46842.928</dst>
            <dst id="NYCMng">56287.6906666667</dst>
            <dst id="SNVAng">6521.42933333333</dst>
            <dst id="STTLng">12012.0826666667</dst>
            <dst id="WASHng">48925.8373333333</dst>
        </src>
        <src id="KSCYng">
            <dst id="ATLA-M5">359.072</dst>
            <dst id="ATLAng">5474.272</dst>
            <dst id="CHINng">27209.1146666667</dst>
            <dst id="DNVRng">13571.7893333333</dst>
            <dst id="HSTNng">5079.54666666667</dst>
            <dst id="IPLSng">12478.952</dst>
            <dst id="KSCYng">8669.624</dst>
            <dst id="LOSAng">8211.936</dst>
            <dst id="NYCMng">7776.49866666667</dst>
            <dst id="SNVAng">1252.50133333333</dst>
            <dst id="STTLng">1596.08533333333</dst>
            <dst id="WASHng">31178.7466666667</dst>
        </src>
        <src id="LOSAng">
            <dst id="ATLA-M5">1207.27733333333</dst>
            <dst id="ATLAng">19888.448</dst>
            <dst id="CHINng">96434.1413333333</dst>
            <dst id="DNVRng">13663.3093333333</dst>
            <dst id="HSTNng">7084.29866666667</dst>
            <dst id="IPLSng">44057.52</dst>
            <dst id="KSCYng">11121.64</dst>
            <dst id="LOSAng">11863.064</dst>
            <dst id="NYCMng">64916.68</dst>
            <dst id="SNVAng">8088.09066666667</dst>
            <dst id="STTLng">27075.9066666667</dst>
            <dst id="WASHng">145606.2</dst>
        </src>
        <src id="NYCMng">
            <dst id="ATLA-M5">1377.672</dst>
            <dst id="ATLAng">50898.432</dst>
            <dst id="CHINng">80203.664</dst>
            <dst id="DNVRng">42518.8853333333</dst>
            <dst id="HSTNng">20511.9946666667</dst>
            <dst id="IPLSng">78746.08</dst>
            <dst id="KSCYng">21573.4213333333</dst>
            <dst id="LOSAng">97481.2453333333</dst>
            <dst id="NYCMng">215725.522666667</dst>
            <dst id="SNVAng">8995.544</dst>
            <dst id="STTLng">24323.136</dst>
            <dst id="WASHng">123065.514666667</dst>
        </src>
        <src id="SNVAng">
            <dst id="ATLA-M5">26.6666666666667</dst>
            <dst id="ATLAng">579.96</dst>
            <dst id="CHINng">1434.31466666667</dst>
            <dst id="DNVRng">21724.8746666667</dst>
            <dst id="HSTNng">277.648</dst>
            <dst id="IPLSng">6203.54933333333</dst>
            <dst id="KSCYng">2121.52</dst>
            <dst id="LOSAng">61821.008</dst>
            <dst id="NYCMng">913.749333333333</dst>
            <dst id="SNVAng">19612.1786666667</dst>
            <dst id="STTLng">75577.1866666667</dst>
            <dst id="WASHng">1538.31733333333</dst>
        </src>
        <src id="STTLng">
            <dst id="ATLA-M5">212.610666666667</dst>
            <dst id="ATLAng">10045.496</dst>
            <dst id="CHINng">20853.7093333333</dst>
            <dst id="DNVRng">3370.45333333333</dst>
            <dst id="HSTNng">7739.92</dst>
            <dst id="IPLSng">12324.0266666667</dst>
            <dst id="KSCYng">7074.75733333333</dst>
            <dst id="LOSAng">38294.12</dst>
            <dst id="NYCMng">5903.26933333333</dst>
            <dst id="SNVAng">4213.21066666667</dst>
            <dst id="STTLng">4443.14133333333</dst>
            <dst id="WASHng">9089.37866666667</dst>
        </src>
        <src id="WASHng">
            <dst id="ATLA-M5">2344.48</dst>
            <dst id="ATLAng">106035.736</dst>
            <dst id="CHINng">65721.8346666667</dst>
            <dst id="DNVRng">48670.3546666667</dst>
            <dst id="HSTNng">40078.2266666667</dst>
            <dst id="IPLSng">48380.5306666667</dst>
            <dst id="KSCYng">26280.008</dst>
            <dst id="LOSAng">133972.264</dst>
            <dst id="NYCMng">160515.154666667</dst>
            <dst id="SNVAng">8342.62133333333</dst>
            <dst id="STTLng">24209.6506666667</dst>
            <dst id="WASHng">201636.624</dst>
        </src>
    </IntraTM>
</TrafficMatrixFile>
