<?xml version="1.0" encoding="ISO-8859-1" standalone="yes"?>
<TrafficMatrixFile xsi:noNamespaceSchemaLocation="http://totem.run.montefiore.ulg.ac.be/Schema/TrafficMatrix-v1_2.xsd" xmlns:xsi="http://www.w3.org/2001/XMLSchema-instance">
    <IntraTM ASID="11537">
        <src id="ATLA-M5">
            <dst id="ATLA-M5">62.7093333333333</dst>
            <dst id="ATLAng">932.293333333333</dst>
            <dst id="CHINng">311.952</dst>
            <dst id="DNVRng">106.666666666667</dst>
            <dst id="HSTNng">96.8026666666667</dst>
            <dst id="IPLSng">206.565333333333</dst>
            <dst id="KSCYng">255.568</dst>
            <dst id="LOSAng">220.333333333333</dst>
            <dst id="NYCMng">146.914666666667</dst>
            <dst id="SNVAng">76.1786666666667</dst>
            <dst id="STTLng">0</dst>
            <dst id="WASHng">443.298666666667</dst>
        </src>
        <src id="ATLAng">
            <dst id="ATLA-M5">328.762666666667</dst>
            <dst id="ATLAng">48688.672</dst>
            <dst id="CHINng">19417.5546666667</dst>
            <dst id="DNVRng">3314.66666666667</dst>
            <dst id="HSTNng">13486.504</dst>
            <dst id="IPLSng">18488.2213333333</dst>
            <dst id="KSCYng">4237.47466666667</dst>
            <dst id="LOSAng">17152.5866666667</dst>
            <dst id="NYCMng">8053.73066666667</dst>
            <dst id="SNVAng">111.672</dst>
            <dst id="STTLng">4587.88533333333</dst>
            <dst id="WASHng">49434.9493333333</dst>
        </src>
        <src id="CHINng">
            <dst id="ATLA-M5">2574.36</dst>
            <dst id="ATLAng">20025.52</dst>
            <dst id="CHINng">107548.816</dst>
            <dst id="DNVRng">24317.2453333333</dst>
            <dst id="HSTNng">54413.7893333333</dst>
            <dst id="IPLSng">63246.4373333333</dst>
            <dst id="KSCYng">10129.2746666667</dst>
            <dst id="LOSAng">42988.392</dst>
            <dst id="NYCMng">33301.8533333333</dst>
            <dst id="SNVAng">1261.42666666667</dst>
            <dst id="STTLng">18765.2026666667</dst>
            <dst id="WASHng">28925.4826666667</dst>
        </src>
        <src id="DNVRng">
            <dst id="ATLA-M5">181.077333333333</dst>
            <dst id="ATLAng">3129.69866666667</dst>
            <dst id="CHINng">81324.152</dst>
            <dst id="DNVRng">9318.29066666667</dst>
            <dst id="HSTNng">14879.8666666667</dst>
            <dst id="IPLSng">29427.864</dst>
            <dst id="KSCYng">18216.8586666667</dst>
            <dst id="LOSAng">32639.384</dst>
            <dst id="NYCMng">14993.048</dst>
            <dst id="SNVAng">18182.7146666667</dst>
            <dst id="STTLng">11853.8133333333</dst>
            <dst id="WASHng">44729.7173333333</dst>
        </src>
        <src id="HSTNng">
            <dst id="ATLA-M5">1849.88533333333</dst>
            <dst id="ATLAng">2035.26666666667</dst>
            <dst id="CHINng">18942.4133333333</dst>
            <dst id="DNVRng">1598.904</dst>
            <dst id="HSTNng">4586.29066666667</dst>
            <dst id="IPLSng">13802.8</dst>
            <dst id="KSCYng">1015.168</dst>
            <dst id="LOSAng">3545.776</dst>
            <dst id="NYCMng">6915.70933333334</dst>
            <dst id="SNVAng">1307.424</dst>
            <dst id="STTLng">1665.22933333333</dst>
            <dst id="WASHng">9682.71466666667</dst>
        </src>
        <src id="IPLSng">
            <dst id="ATLA-M5">1144.08266666667</dst>
            <dst id="ATLAng">19233.744</dst>
            <dst id="CHINng">149793.296</dst>
            <dst id="DNVRng">17752.5386666667</dst>
            <dst id="HSTNng">11464.8933333333</dst>
            <dst id="IPLSng">21685.0053333333</dst>
            <dst id="KSCYng">7199.86933333333</dst>
            <dst id="LOSAng">20449.8</dst>
            <dst id="NYCMng">98666.0746666667</dst>
            <dst id="SNVAng">1303.00533333333</dst>
            <dst id="STTLng">9486.552</dst>
            <dst id="WASHng">40983.2426666667</dst>
        </src>
        <src id="KSCYng">
            <dst id="ATLA-M5">219.354666666667</dst>
            <dst id="ATLAng">4557.936</dst>
            <dst id="CHINng">28992.5946666667</dst>
            <dst id="DNVRng">14478.088</dst>
            <dst id="HSTNng">5320.80266666667</dst>
            <dst id="IPLSng">19927.7226666667</dst>
            <dst id="KSCYng">7969.808</dst>
            <dst id="LOSAng">3498.37066666667</dst>
            <dst id="NYCMng">7109.752</dst>
            <dst id="SNVAng">382.912</dst>
            <dst id="STTLng">2120.072</dst>
            <dst id="WASHng">14856.352</dst>
        </src>
        <src id="LOSAng">
            <dst id="ATLA-M5">3869.24533333333</dst>
            <dst id="ATLAng">33329.3813333333</dst>
            <dst id="CHINng">84978.5173333334</dst>
            <dst id="DNVRng">6611.488</dst>
            <dst id="HSTNng">30709.1973333333</dst>
            <dst id="IPLSng">42359.1253333333</dst>
            <dst id="KSCYng">15849.7066666667</dst>
            <dst id="LOSAng">24834.192</dst>
            <dst id="NYCMng">67740.8053333333</dst>
            <dst id="SNVAng">11347.0186666667</dst>
            <dst id="STTLng">32523.2266666667</dst>
            <dst id="WASHng">99203.4986666667</dst>
        </src>
        <src id="NYCMng">
            <dst id="ATLA-M5">1371</dst>
            <dst id="ATLAng">22592.0133333333</dst>
            <dst id="CHINng">49223.9866666667</dst>
            <dst id="DNVRng">27769.6293333333</dst>
            <dst id="HSTNng">13973.008</dst>
            <dst id="IPLSng">59526.032</dst>
            <dst id="KSCYng">17740.1733333333</dst>
            <dst id="LOSAng">44964.816</dst>
            <dst id="NYCMng">214400.24</dst>
            <dst id="SNVAng">2041.608</dst>
            <dst id="STTLng">28130.6506666667</dst>
            <dst id="WASHng">143090.744</dst>
        </src>
        <src id="SNVAng">
            <dst id="ATLA-M5">0</dst>
            <dst id="ATLAng">1724.17866666667</dst>
            <dst id="CHINng">3053.45333333333</dst>
            <dst id="DNVRng">4841.43733333333</dst>
            <dst id="HSTNng">213.333333333333</dst>
            <dst id="IPLSng">1777.17333333333</dst>
            <dst id="KSCYng">122.101333333333</dst>
            <dst id="LOSAng">34380.8986666667</dst>
            <dst id="NYCMng">1058.21066666667</dst>
            <dst id="SNVAng">14682.4906666667</dst>
            <dst id="STTLng">53117.064</dst>
            <dst id="WASHng">175.205333333333</dst>
        </src>
        <src id="STTLng">
            <dst id="ATLA-M5">176.082666666667</dst>
            <dst id="ATLAng">5063.55733333333</dst>
            <dst id="CHINng">19115.52</dst>
            <dst id="DNVRng">2056.16266666667</dst>
            <dst id="HSTNng">2397.98133333333</dst>
            <dst id="IPLSng">4903.96533333333</dst>
            <dst id="KSCYng">2129.86133333333</dst>
            <dst id="LOSAng">16173.416</dst>
            <dst id="NYCMng">9154.94933333334</dst>
            <dst id="SNVAng">2868.05866666667</dst>
            <dst id="STTLng">5558.66933333333</dst>
            <dst id="WASHng">11706.0933333333</dst>
        </src>
        <src id="WASHng">
            <dst id="ATLA-M5">639.394666666667</dst>
            <dst id="ATLAng">71995.0826666667</dst>
            <dst id="CHINng">77745.792</dst>
            <dst id="DNVRng">59048.304</dst>
            <dst id="HSTNng">8462.25333333333</dst>
            <dst id="IPLSng">58690.2426666667</dst>
            <dst id="KSCYng">13688.5893333333</dst>
            <dst id="LOSAng">105876.882666667</dst>
            <dst id="NYCMng">166029.632</dst>
            <dst id="SNVAng">826.613333333333</dst>
            <dst id="STTLng">25544.592</dst>
            <dst id="WASHng">193758.408</dst>
        </src>
    </IntraTM>
</TrafficMatrixFile>
