<?xml version="1.0" encoding="ISO-8859-1" standalone="yes"?>
<TrafficMatrixFile xsi:noNamespaceSchemaLocation="http://totem.run.montefiore.ulg.ac.be/Schema/TrafficMatrix-v1_2.xsd" xmlns:xsi="http://www.w3.org/2001/XMLSchema-instance">
    <IntraTM ASID="11537">
        <src id="ATLA-M5">
            <dst id="ATLA-M5">69.32</dst>
            <dst id="ATLAng">444.554666666667</dst>
            <dst id="CHINng">499.413333333333</dst>
            <dst id="DNVRng">0</dst>
            <dst id="HSTNng">53.3333333333333</dst>
            <dst id="IPLSng">331.168</dst>
            <dst id="KSCYng">160.448</dst>
            <dst id="LOSAng">200.312</dst>
            <dst id="NYCMng">1037.44</dst>
            <dst id="SNVAng">0</dst>
            <dst id="STTLng">53.3333333333333</dst>
            <dst id="WASHng">1828.78666666667</dst>
        </src>
        <src id="ATLAng">
            <dst id="ATLA-M5">1409.43466666667</dst>
            <dst id="ATLAng">25282.848</dst>
            <dst id="CHINng">21540.136</dst>
            <dst id="DNVRng">2528.83733333333</dst>
            <dst id="HSTNng">5026.744</dst>
            <dst id="IPLSng">17380.3066666667</dst>
            <dst id="KSCYng">11968.44</dst>
            <dst id="LOSAng">16625.824</dst>
            <dst id="NYCMng">12257.3733333333</dst>
            <dst id="SNVAng">1850.79733333333</dst>
            <dst id="STTLng">5432.64533333333</dst>
            <dst id="WASHng">57055.8853333333</dst>
        </src>
        <src id="CHINng">
            <dst id="ATLA-M5">3130.47466666667</dst>
            <dst id="ATLAng">18323.3546666667</dst>
            <dst id="CHINng">133554.621333333</dst>
            <dst id="DNVRng">15062.8613333333</dst>
            <dst id="HSTNng">48526.9546666667</dst>
            <dst id="IPLSng">67305.424</dst>
            <dst id="KSCYng">11033.3653333333</dst>
            <dst id="LOSAng">43430.4266666667</dst>
            <dst id="NYCMng">24172.5146666667</dst>
            <dst id="SNVAng">989.592</dst>
            <dst id="STTLng">12302.696</dst>
            <dst id="WASHng">31947.9013333333</dst>
        </src>
        <src id="DNVRng">
            <dst id="ATLA-M5">131.901333333333</dst>
            <dst id="ATLAng">4025.856</dst>
            <dst id="CHINng">79097.1493333333</dst>
            <dst id="DNVRng">5915.568</dst>
            <dst id="HSTNng">13447.3893333333</dst>
            <dst id="IPLSng">34715.0266666667</dst>
            <dst id="KSCYng">13302.896</dst>
            <dst id="LOSAng">6018.448</dst>
            <dst id="NYCMng">25456.0853333333</dst>
            <dst id="SNVAng">8195.49066666667</dst>
            <dst id="STTLng">8095.01066666667</dst>
            <dst id="WASHng">44230.5306666667</dst>
        </src>
        <src id="HSTNng">
            <dst id="ATLA-M5">308.586666666667</dst>
            <dst id="ATLAng">1528.392</dst>
            <dst id="CHINng">24211.6666666667</dst>
            <dst id="DNVRng">3006.31466666667</dst>
            <dst id="HSTNng">35027.7386666667</dst>
            <dst id="IPLSng">15874.8666666667</dst>
            <dst id="KSCYng">1197.35466666667</dst>
            <dst id="LOSAng">3676.15466666667</dst>
            <dst id="NYCMng">7106.40533333333</dst>
            <dst id="SNVAng">1429.616</dst>
            <dst id="STTLng">9680.00533333333</dst>
            <dst id="WASHng">13758.784</dst>
        </src>
        <src id="IPLSng">
            <dst id="ATLA-M5">294.877333333333</dst>
            <dst id="ATLAng">18478.3066666667</dst>
            <dst id="CHINng">137603.141333333</dst>
            <dst id="DNVRng">20203.8213333333</dst>
            <dst id="HSTNng">12992.72</dst>
            <dst id="IPLSng">38137.4</dst>
            <dst id="KSCYng">9337.35466666667</dst>
            <dst id="LOSAng">32063.1253333333</dst>
            <dst id="NYCMng">97416.664</dst>
            <dst id="SNVAng">1316.06133333333</dst>
            <dst id="STTLng">17700.0453333333</dst>
            <dst id="WASHng">61306.952</dst>
        </src>
        <src id="KSCYng">
            <dst id="ATLA-M5">401.429333333333</dst>
            <dst id="ATLAng">3858.44266666667</dst>
            <dst id="CHINng">32148.1866666667</dst>
            <dst id="DNVRng">22754.7893333333</dst>
            <dst id="HSTNng">4026.73866666667</dst>
            <dst id="IPLSng">13193.2026666667</dst>
            <dst id="KSCYng">7442.448</dst>
            <dst id="LOSAng">3829.28266666667</dst>
            <dst id="NYCMng">7644.552</dst>
            <dst id="SNVAng">663.904</dst>
            <dst id="STTLng">2146.936</dst>
            <dst id="WASHng">29474.024</dst>
        </src>
        <src id="LOSAng">
            <dst id="ATLA-M5">1509.58933333333</dst>
            <dst id="ATLAng">14700.9946666667</dst>
            <dst id="CHINng">87442.7786666667</dst>
            <dst id="DNVRng">5908.39466666667</dst>
            <dst id="HSTNng">12455.128</dst>
            <dst id="IPLSng">54417.456</dst>
            <dst id="KSCYng">12100.104</dst>
            <dst id="LOSAng">24329.0506666667</dst>
            <dst id="NYCMng">75780.5413333333</dst>
            <dst id="SNVAng">9704.736</dst>
            <dst id="STTLng">13984.504</dst>
            <dst id="WASHng">95739.776</dst>
        </src>
        <src id="NYCMng">
            <dst id="ATLA-M5">1455.93333333333</dst>
            <dst id="ATLAng">22680.504</dst>
            <dst id="CHINng">55992.6533333333</dst>
            <dst id="DNVRng">27760.896</dst>
            <dst id="HSTNng">19557.7546666667</dst>
            <dst id="IPLSng">70183.6266666667</dst>
            <dst id="KSCYng">17797.488</dst>
            <dst id="LOSAng">55525.176</dst>
            <dst id="NYCMng">223801.517333333</dst>
            <dst id="SNVAng">2831.048</dst>
            <dst id="STTLng">22907.0133333333</dst>
            <dst id="WASHng">133926.450666667</dst>
        </src>
        <src id="SNVAng">
            <dst id="ATLA-M5">0</dst>
            <dst id="ATLAng">2296.072</dst>
            <dst id="CHINng">2689.07466666667</dst>
            <dst id="DNVRng">1012.69333333333</dst>
            <dst id="HSTNng">562.810666666667</dst>
            <dst id="IPLSng">2223.38666666667</dst>
            <dst id="KSCYng">543.066666666667</dst>
            <dst id="LOSAng">37910.888</dst>
            <dst id="NYCMng">1844.84</dst>
            <dst id="SNVAng">18223.2106666667</dst>
            <dst id="STTLng">62881.2773333333</dst>
            <dst id="WASHng">167.770666666667</dst>
        </src>
        <src id="STTLng">
            <dst id="ATLA-M5">325.496</dst>
            <dst id="ATLAng">5600.45066666667</dst>
            <dst id="CHINng">20312.952</dst>
            <dst id="DNVRng">2400.832</dst>
            <dst id="HSTNng">10671.5413333333</dst>
            <dst id="IPLSng">6120.048</dst>
            <dst id="KSCYng">2222.21333333333</dst>
            <dst id="LOSAng">17226.0746666667</dst>
            <dst id="NYCMng">9517.64266666667</dst>
            <dst id="SNVAng">1689.056</dst>
            <dst id="STTLng">3663.576</dst>
            <dst id="WASHng">14715.0053333333</dst>
        </src>
        <src id="WASHng">
            <dst id="ATLA-M5">446.362666666667</dst>
            <dst id="ATLAng">79923.6533333333</dst>
            <dst id="CHINng">64832.1413333333</dst>
            <dst id="DNVRng">49917.3573333333</dst>
            <dst id="HSTNng">15607.2186666667</dst>
            <dst id="IPLSng">47143.088</dst>
            <dst id="KSCYng">11362.3093333333</dst>
            <dst id="LOSAng">113569.658666667</dst>
            <dst id="NYCMng">136959.621333333</dst>
            <dst id="SNVAng">1102.34666666667</dst>
            <dst id="STTLng">28215.2</dst>
            <dst id="WASHng">191154.218666667</dst>
        </src>
    </IntraTM>
</TrafficMatrixFile>
