<?xml version="1.0" encoding="ISO-8859-1" standalone="yes"?>
<TrafficMatrixFile xsi:noNamespaceSchemaLocation="http://totem.run.montefiore.ulg.ac.be/Schema/TrafficMatrix-v1_2.xsd" xmlns:xsi="http://www.w3.org/2001/XMLSchema-instance">
    <IntraTM ASID="11537">
        <src id="ATLA-M5">
            <dst id="ATLA-M5">2943.46933333333</dst>
            <dst id="ATLAng">1550.91733333333</dst>
            <dst id="CHINng">852.005333333333</dst>
            <dst id="DNVRng">26.6666666666667</dst>
            <dst id="HSTNng">193.493333333333</dst>
            <dst id="IPLSng">586.738666666667</dst>
            <dst id="KSCYng">55.4533333333333</dst>
            <dst id="LOSAng">394.917333333333</dst>
            <dst id="NYCMng">506.773333333333</dst>
            <dst id="SNVAng">32.1733333333333</dst>
            <dst id="STTLng">64.2693333333333</dst>
            <dst id="WASHng">1849.34666666667</dst>
        </src>
        <src id="ATLAng">
            <dst id="ATLA-M5">2318.10666666667</dst>
            <dst id="ATLAng">39498.5546666667</dst>
            <dst id="CHINng">16628.1093333333</dst>
            <dst id="DNVRng">5007.06666666667</dst>
            <dst id="HSTNng">4416.66133333333</dst>
            <dst id="IPLSng">20944</dst>
            <dst id="KSCYng">5168.416</dst>
            <dst id="LOSAng">43073.7333333333</dst>
            <dst id="NYCMng">9642.19733333333</dst>
            <dst id="SNVAng">500.68</dst>
            <dst id="STTLng">5583.45066666667</dst>
            <dst id="WASHng">48169.4026666667</dst>
        </src>
        <src id="CHINng">
            <dst id="ATLA-M5">1192.29333333333</dst>
            <dst id="ATLAng">26947.248</dst>
            <dst id="CHINng">120348.936</dst>
            <dst id="DNVRng">18766.1866666667</dst>
            <dst id="HSTNng">52336.5093333333</dst>
            <dst id="IPLSng">65591.728</dst>
            <dst id="KSCYng">13091.8693333333</dst>
            <dst id="LOSAng">2011131.46666667</dst>
            <dst id="NYCMng">22244.24</dst>
            <dst id="SNVAng">3434.02133333333</dst>
            <dst id="STTLng">8502.35466666667</dst>
            <dst id="WASHng">31110.68</dst>
        </src>
        <src id="DNVRng">
            <dst id="ATLA-M5">376.088</dst>
            <dst id="ATLAng">8305.03733333333</dst>
            <dst id="CHINng">71624.6533333333</dst>
            <dst id="DNVRng">17322.4826666667</dst>
            <dst id="HSTNng">15657.2773333333</dst>
            <dst id="IPLSng">40900.4986666667</dst>
            <dst id="KSCYng">13679.1173333333</dst>
            <dst id="LOSAng">17620.9306666667</dst>
            <dst id="NYCMng">23038.0506666667</dst>
            <dst id="SNVAng">10044.8053333333</dst>
            <dst id="STTLng">14013.1573333333</dst>
            <dst id="WASHng">44777.5546666667</dst>
        </src>
        <src id="HSTNng">
            <dst id="ATLA-M5">3550.944</dst>
            <dst id="ATLAng">4124.86133333333</dst>
            <dst id="CHINng">27084.5093333333</dst>
            <dst id="DNVRng">4513.216</dst>
            <dst id="HSTNng">9193.67733333333</dst>
            <dst id="IPLSng">5038.504</dst>
            <dst id="KSCYng">3744.45333333333</dst>
            <dst id="LOSAng">3167.47466666667</dst>
            <dst id="NYCMng">9951.84266666667</dst>
            <dst id="SNVAng">1316.40533333333</dst>
            <dst id="STTLng">2679.00266666667</dst>
            <dst id="WASHng">6314.60533333333</dst>
        </src>
        <src id="IPLSng">
            <dst id="ATLA-M5">505.282666666667</dst>
            <dst id="ATLAng">17315.3786666667</dst>
            <dst id="CHINng">115699.272</dst>
            <dst id="DNVRng">32387.9013333333</dst>
            <dst id="HSTNng">8172.744</dst>
            <dst id="IPLSng">34394.3146666667</dst>
            <dst id="KSCYng">10508.44</dst>
            <dst id="LOSAng">50128.3013333333</dst>
            <dst id="NYCMng">65565.368</dst>
            <dst id="SNVAng">1550.22666666667</dst>
            <dst id="STTLng">14637.512</dst>
            <dst id="WASHng">38437.8106666667</dst>
        </src>
        <src id="KSCYng">
            <dst id="ATLA-M5">187.386666666667</dst>
            <dst id="ATLAng">3355.64266666667</dst>
            <dst id="CHINng">27470.872</dst>
            <dst id="DNVRng">10156.592</dst>
            <dst id="HSTNng">4209.42666666667</dst>
            <dst id="IPLSng">27839.2853333333</dst>
            <dst id="KSCYng">5101.52</dst>
            <dst id="LOSAng">7216.29866666667</dst>
            <dst id="NYCMng">8774.89333333333</dst>
            <dst id="SNVAng">1132.928</dst>
            <dst id="STTLng">1652.272</dst>
            <dst id="WASHng">17524.5386666667</dst>
        </src>
        <src id="LOSAng">
            <dst id="ATLA-M5">2597.28533333333</dst>
            <dst id="ATLAng">34262.432</dst>
            <dst id="CHINng">1092629.17333333</dst>
            <dst id="DNVRng">9689.82133333333</dst>
            <dst id="HSTNng">17622.2293333333</dst>
            <dst id="IPLSng">45620.6026666667</dst>
            <dst id="KSCYng">15740.6053333333</dst>
            <dst id="LOSAng">6484.01066666667</dst>
            <dst id="NYCMng">66003.824</dst>
            <dst id="SNVAng">11631.544</dst>
            <dst id="STTLng">27533.84</dst>
            <dst id="WASHng">104257.624</dst>
        </src>
        <src id="NYCMng">
            <dst id="ATLA-M5">2342.72533333333</dst>
            <dst id="ATLAng">29547.912</dst>
            <dst id="CHINng">60289.2213333333</dst>
            <dst id="DNVRng">33490.1333333333</dst>
            <dst id="HSTNng">24376.736</dst>
            <dst id="IPLSng">60237.2</dst>
            <dst id="KSCYng">19357.3226666667</dst>
            <dst id="LOSAng">67188.5253333333</dst>
            <dst id="NYCMng">193823.706666667</dst>
            <dst id="SNVAng">8952.17866666667</dst>
            <dst id="STTLng">27632.152</dst>
            <dst id="WASHng">150562.381333333</dst>
        </src>
        <src id="SNVAng">
            <dst id="ATLA-M5">77.16</dst>
            <dst id="ATLAng">987.557333333333</dst>
            <dst id="CHINng">1361.99733333333</dst>
            <dst id="DNVRng">5093.21066666667</dst>
            <dst id="HSTNng">595.645333333333</dst>
            <dst id="IPLSng">1946.01066666667</dst>
            <dst id="KSCYng">126.088</dst>
            <dst id="LOSAng">36234.9493333333</dst>
            <dst id="NYCMng">577.141333333333</dst>
            <dst id="SNVAng">13513.5946666667</dst>
            <dst id="STTLng">49178.0533333333</dst>
            <dst id="WASHng">697.602666666667</dst>
        </src>
        <src id="STTLng">
            <dst id="ATLA-M5">281.522666666667</dst>
            <dst id="ATLAng">10961.1146666667</dst>
            <dst id="CHINng">17331.3893333333</dst>
            <dst id="DNVRng">5913.93866666667</dst>
            <dst id="HSTNng">11890.9066666667</dst>
            <dst id="IPLSng">11150.816</dst>
            <dst id="KSCYng">4762.89333333333</dst>
            <dst id="LOSAng">17972.7946666667</dst>
            <dst id="NYCMng">9262.55733333333</dst>
            <dst id="SNVAng">7771.68</dst>
            <dst id="STTLng">5352.47733333333</dst>
            <dst id="WASHng">10649.096</dst>
        </src>
        <src id="WASHng">
            <dst id="ATLA-M5">835.205333333333</dst>
            <dst id="ATLAng">233881.533333333</dst>
            <dst id="CHINng">84511.9146666667</dst>
            <dst id="DNVRng">47102.3146666666</dst>
            <dst id="HSTNng">18972.288</dst>
            <dst id="IPLSng">56219.6533333333</dst>
            <dst id="KSCYng">22184.688</dst>
            <dst id="LOSAng">120641.933333333</dst>
            <dst id="NYCMng">198033.970666667</dst>
            <dst id="SNVAng">1784.61333333333</dst>
            <dst id="STTLng">41288.5866666667</dst>
            <dst id="WASHng">210415.2</dst>
        </src>
    </IntraTM>
</TrafficMatrixFile>
