<?xml version="1.0" encoding="ISO-8859-1" standalone="yes"?>
<TrafficMatrixFile xsi:noNamespaceSchemaLocation="http://totem.run.montefiore.ulg.ac.be/Schema/TrafficMatrix-v1_2.xsd" xmlns:xsi="http://www.w3.org/2001/XMLSchema-instance">
    <IntraTM ASID="11537">
        <src id="ATLA-M5">
            <dst id="ATLA-M5">32.2986666666667</dst>
            <dst id="ATLAng">96.576</dst>
            <dst id="CHINng">378.789333333333</dst>
            <dst id="DNVRng">80</dst>
            <dst id="HSTNng">243.456</dst>
            <dst id="IPLSng">214.272</dst>
            <dst id="KSCYng">217.010666666667</dst>
            <dst id="LOSAng">229.805333333333</dst>
            <dst id="NYCMng">313.506666666667</dst>
            <dst id="SNVAng">132.885333333333</dst>
            <dst id="STTLng">0</dst>
            <dst id="WASHng">493.637333333333</dst>
        </src>
        <src id="ATLAng">
            <dst id="ATLA-M5">275.064</dst>
            <dst id="ATLAng">27878.3866666667</dst>
            <dst id="CHINng">24806.5386666667</dst>
            <dst id="DNVRng">6958.44266666667</dst>
            <dst id="HSTNng">6622.76266666667</dst>
            <dst id="IPLSng">24488.968</dst>
            <dst id="KSCYng">2256.20533333333</dst>
            <dst id="LOSAng">27987.8026666667</dst>
            <dst id="NYCMng">9095.25866666667</dst>
            <dst id="SNVAng">727.629333333333</dst>
            <dst id="STTLng">6635.63466666667</dst>
            <dst id="WASHng">31476.8426666667</dst>
        </src>
        <src id="CHINng">
            <dst id="ATLA-M5">562.522666666667</dst>
            <dst id="ATLAng">31195.8826666667</dst>
            <dst id="CHINng">100317.384</dst>
            <dst id="DNVRng">18542.7013333333</dst>
            <dst id="HSTNng">57542.4</dst>
            <dst id="IPLSng">47654.752</dst>
            <dst id="KSCYng">16599.3733333333</dst>
            <dst id="LOSAng">71507.944</dst>
            <dst id="NYCMng">21646.52</dst>
            <dst id="SNVAng">4245.872</dst>
            <dst id="STTLng">11229.5813333333</dst>
            <dst id="WASHng">31028.1973333333</dst>
        </src>
        <src id="DNVRng">
            <dst id="ATLA-M5">107.733333333333</dst>
            <dst id="ATLAng">4731.50666666667</dst>
            <dst id="CHINng">69019.4666666666</dst>
            <dst id="DNVRng">12104.9626666667</dst>
            <dst id="HSTNng">15525.2026666667</dst>
            <dst id="IPLSng">29247.3866666667</dst>
            <dst id="KSCYng">18340.6826666667</dst>
            <dst id="LOSAng">7540.78933333333</dst>
            <dst id="NYCMng">17615.984</dst>
            <dst id="SNVAng">9120.31466666667</dst>
            <dst id="STTLng">9455.73333333334</dst>
            <dst id="WASHng">56725.8613333333</dst>
        </src>
        <src id="HSTNng">
            <dst id="ATLA-M5">4656.24266666667</dst>
            <dst id="ATLAng">2115.88266666667</dst>
            <dst id="CHINng">12701.96</dst>
            <dst id="DNVRng">2943.128</dst>
            <dst id="HSTNng">8794.94933333334</dst>
            <dst id="IPLSng">4056.73866666667</dst>
            <dst id="KSCYng">2838.89866666667</dst>
            <dst id="LOSAng">7569.232</dst>
            <dst id="NYCMng">2436.38133333333</dst>
            <dst id="SNVAng">2044.37866666667</dst>
            <dst id="STTLng">2090.18133333333</dst>
            <dst id="WASHng">8546.78666666667</dst>
        </src>
        <src id="IPLSng">
            <dst id="ATLA-M5">561.162666666667</dst>
            <dst id="ATLAng">40314.6586666667</dst>
            <dst id="CHINng">96063.4826666667</dst>
            <dst id="DNVRng">9242.05333333333</dst>
            <dst id="HSTNng">13147.104</dst>
            <dst id="IPLSng">22006.9173333333</dst>
            <dst id="KSCYng">9890.57066666667</dst>
            <dst id="LOSAng">38337.136</dst>
            <dst id="NYCMng">49415.4373333333</dst>
            <dst id="SNVAng">1810.80533333333</dst>
            <dst id="STTLng">8018.90933333333</dst>
            <dst id="WASHng">43240.5706666667</dst>
        </src>
        <src id="KSCYng">
            <dst id="ATLA-M5">93.3226666666667</dst>
            <dst id="ATLAng">2635.64533333333</dst>
            <dst id="CHINng">25865.128</dst>
            <dst id="DNVRng">15239.1466666667</dst>
            <dst id="HSTNng">4921.15466666667</dst>
            <dst id="IPLSng">14816.6773333333</dst>
            <dst id="KSCYng">12800.5866666667</dst>
            <dst id="LOSAng">7382.27733333333</dst>
            <dst id="NYCMng">4452.46133333333</dst>
            <dst id="SNVAng">1274.25333333333</dst>
            <dst id="STTLng">1911.97866666667</dst>
            <dst id="WASHng">16769.472</dst>
        </src>
        <src id="LOSAng">
            <dst id="ATLA-M5">1237.44533333333</dst>
            <dst id="ATLAng">19301.008</dst>
            <dst id="CHINng">87147.808</dst>
            <dst id="DNVRng">18862.3066666667</dst>
            <dst id="HSTNng">16184.5866666667</dst>
            <dst id="IPLSng">43180.696</dst>
            <dst id="KSCYng">10034.8026666667</dst>
            <dst id="LOSAng">13971.328</dst>
            <dst id="NYCMng">69631.6213333333</dst>
            <dst id="SNVAng">5223.17866666667</dst>
            <dst id="STTLng">28172.0773333333</dst>
            <dst id="WASHng">106416.874666667</dst>
        </src>
        <src id="NYCMng">
            <dst id="ATLA-M5">470.736</dst>
            <dst id="ATLAng">37952.5733333333</dst>
            <dst id="CHINng">56868.1146666667</dst>
            <dst id="DNVRng">39603.7093333333</dst>
            <dst id="HSTNng">15835.552</dst>
            <dst id="IPLSng">54861.304</dst>
            <dst id="KSCYng">19789.704</dst>
            <dst id="LOSAng">77904.032</dst>
            <dst id="NYCMng">168078.045333333</dst>
            <dst id="SNVAng">4900.81866666667</dst>
            <dst id="STTLng">24263.0613333333</dst>
            <dst id="WASHng">203042.922666667</dst>
        </src>
        <src id="SNVAng">
            <dst id="ATLA-M5">26.6666666666667</dst>
            <dst id="ATLAng">53.3333333333333</dst>
            <dst id="CHINng">2683.992</dst>
            <dst id="DNVRng">5580.072</dst>
            <dst id="HSTNng">360.653333333333</dst>
            <dst id="IPLSng">530.594666666667</dst>
            <dst id="KSCYng">612.725333333333</dst>
            <dst id="LOSAng">54270.4906666667</dst>
            <dst id="NYCMng">3406.36</dst>
            <dst id="SNVAng">15362.608</dst>
            <dst id="STTLng">52852.5786666667</dst>
            <dst id="WASHng">984.032</dst>
        </src>
        <src id="STTLng">
            <dst id="ATLA-M5">122.272</dst>
            <dst id="ATLAng">10332.9946666667</dst>
            <dst id="CHINng">11153.8746666667</dst>
            <dst id="DNVRng">16407.9226666667</dst>
            <dst id="HSTNng">7538.808</dst>
            <dst id="IPLSng">15195.1733333333</dst>
            <dst id="KSCYng">3637.32533333333</dst>
            <dst id="LOSAng">22104.456</dst>
            <dst id="NYCMng">5864.70133333333</dst>
            <dst id="SNVAng">4882.696</dst>
            <dst id="STTLng">3470.528</dst>
            <dst id="WASHng">6045.32266666667</dst>
        </src>
        <src id="WASHng">
            <dst id="ATLA-M5">348.669333333333</dst>
            <dst id="ATLAng">88286.64</dst>
            <dst id="CHINng">70653.0746666667</dst>
            <dst id="DNVRng">62929.8213333333</dst>
            <dst id="HSTNng">26806.864</dst>
            <dst id="IPLSng">77716.1946666667</dst>
            <dst id="KSCYng">20430.9786666667</dst>
            <dst id="LOSAng">124824.077333333</dst>
            <dst id="NYCMng">152916.677333333</dst>
            <dst id="SNVAng">3868.59466666667</dst>
            <dst id="STTLng">29179.0933333333</dst>
            <dst id="WASHng">324646.986666667</dst>
        </src>
    </IntraTM>
</TrafficMatrixFile>
