<?xml version="1.0" encoding="ISO-8859-1" standalone="yes"?>
<TrafficMatrixFile xsi:noNamespaceSchemaLocation="http://totem.run.montefiore.ulg.ac.be/Schema/TrafficMatrix-v1_2.xsd" xmlns:xsi="http://www.w3.org/2001/XMLSchema-instance">
    <IntraTM ASID="11537">
        <src id="ATLA-M5">
            <dst id="ATLA-M5">37.9146666666667</dst>
            <dst id="ATLAng">176.672</dst>
            <dst id="CHINng">138.666666666667</dst>
            <dst id="DNVRng">0</dst>
            <dst id="HSTNng">50.1306666666667</dst>
            <dst id="IPLSng">1018.97066666667</dst>
            <dst id="KSCYng">152.138666666667</dst>
            <dst id="LOSAng">80</dst>
            <dst id="NYCMng">26.6666666666667</dst>
            <dst id="SNVAng">26.6666666666667</dst>
            <dst id="STTLng">253.269333333333</dst>
            <dst id="WASHng">291.765333333333</dst>
        </src>
        <src id="ATLAng">
            <dst id="ATLA-M5">1181.79466666667</dst>
            <dst id="ATLAng">26714.0933333333</dst>
            <dst id="CHINng">14400.6933333333</dst>
            <dst id="DNVRng">6645.76533333333</dst>
            <dst id="HSTNng">5702.46133333333</dst>
            <dst id="IPLSng">13016.688</dst>
            <dst id="KSCYng">898.346666666666</dst>
            <dst id="LOSAng">16808.5706666667</dst>
            <dst id="NYCMng">3902.38666666667</dst>
            <dst id="SNVAng">281.52</dst>
            <dst id="STTLng">3959.328</dst>
            <dst id="WASHng">37651.0106666667</dst>
        </src>
        <src id="CHINng">
            <dst id="ATLA-M5">689.050666666667</dst>
            <dst id="ATLAng">11855.8746666667</dst>
            <dst id="CHINng">111528.024</dst>
            <dst id="DNVRng">8121.56266666667</dst>
            <dst id="HSTNng">51262.7146666667</dst>
            <dst id="IPLSng">38604.992</dst>
            <dst id="KSCYng">9107.30933333333</dst>
            <dst id="LOSAng">61077.1946666667</dst>
            <dst id="NYCMng">15149.2506666667</dst>
            <dst id="SNVAng">3983.64</dst>
            <dst id="STTLng">10015.112</dst>
            <dst id="WASHng">21465.2986666667</dst>
        </src>
        <src id="DNVRng">
            <dst id="ATLA-M5">157.173333333333</dst>
            <dst id="ATLAng">3384.02666666667</dst>
            <dst id="CHINng">79440.968</dst>
            <dst id="DNVRng">2288.69866666667</dst>
            <dst id="HSTNng">11353.1306666667</dst>
            <dst id="IPLSng">22911.568</dst>
            <dst id="KSCYng">7134.86933333333</dst>
            <dst id="LOSAng">2357.8</dst>
            <dst id="NYCMng">15668.4106666667</dst>
            <dst id="SNVAng">3882.34933333333</dst>
            <dst id="STTLng">9261.23733333333</dst>
            <dst id="WASHng">36876.0293333333</dst>
        </src>
        <src id="HSTNng">
            <dst id="ATLA-M5">338.84</dst>
            <dst id="ATLAng">1213.41333333333</dst>
            <dst id="CHINng">16476.3946666667</dst>
            <dst id="DNVRng">1962.80266666667</dst>
            <dst id="HSTNng">3387.624</dst>
            <dst id="IPLSng">3107.38666666667</dst>
            <dst id="KSCYng">2037.38666666667</dst>
            <dst id="LOSAng">2819.624</dst>
            <dst id="NYCMng">4260.66933333333</dst>
            <dst id="SNVAng">671.674666666666</dst>
            <dst id="STTLng">3031.03733333333</dst>
            <dst id="WASHng">2987.384</dst>
        </src>
        <src id="IPLSng">
            <dst id="ATLA-M5">387.605333333333</dst>
            <dst id="ATLAng">12301.6933333333</dst>
            <dst id="CHINng">90992.4826666666</dst>
            <dst id="DNVRng">5465.07466666667</dst>
            <dst id="HSTNng">4744.08</dst>
            <dst id="IPLSng">11133.504</dst>
            <dst id="KSCYng">5574.02133333333</dst>
            <dst id="LOSAng">50263.2373333333</dst>
            <dst id="NYCMng">34161.6933333333</dst>
            <dst id="SNVAng">4294.728</dst>
            <dst id="STTLng">18680.12</dst>
            <dst id="WASHng">27311.4106666667</dst>
        </src>
        <src id="KSCYng">
            <dst id="ATLA-M5">319.544</dst>
            <dst id="ATLAng">1912.496</dst>
            <dst id="CHINng">19282.8773333333</dst>
            <dst id="DNVRng">9400.78933333334</dst>
            <dst id="HSTNng">3048.56533333333</dst>
            <dst id="IPLSng">7976.792</dst>
            <dst id="KSCYng">8216.97066666667</dst>
            <dst id="LOSAng">3495.48</dst>
            <dst id="NYCMng">3602.192</dst>
            <dst id="SNVAng">109.789333333333</dst>
            <dst id="STTLng">4322.94933333333</dst>
            <dst id="WASHng">10056.1066666667</dst>
        </src>
        <src id="LOSAng">
            <dst id="ATLA-M5">682.053333333333</dst>
            <dst id="ATLAng">6415.08266666667</dst>
            <dst id="CHINng">78065.5386666667</dst>
            <dst id="DNVRng">4303.33066666667</dst>
            <dst id="HSTNng">5079.35466666667</dst>
            <dst id="IPLSng">15307.512</dst>
            <dst id="KSCYng">6348.18666666667</dst>
            <dst id="LOSAng">17319.6826666667</dst>
            <dst id="NYCMng">43639.72</dst>
            <dst id="SNVAng">6373.65866666667</dst>
            <dst id="STTLng">18687.7066666667</dst>
            <dst id="WASHng">73250.448</dst>
        </src>
        <src id="NYCMng">
            <dst id="ATLA-M5">1053.144</dst>
            <dst id="ATLAng">11424.0106666667</dst>
            <dst id="CHINng">42991.8133333333</dst>
            <dst id="DNVRng">30477.7146666667</dst>
            <dst id="HSTNng">9117.42933333333</dst>
            <dst id="IPLSng">24212.2346666667</dst>
            <dst id="KSCYng">8887.27466666667</dst>
            <dst id="LOSAng">60789.056</dst>
            <dst id="NYCMng">123557.877333333</dst>
            <dst id="SNVAng">6214.45866666667</dst>
            <dst id="STTLng">21877.504</dst>
            <dst id="WASHng">69488.3653333333</dst>
        </src>
        <src id="SNVAng">
            <dst id="ATLA-M5">174.176</dst>
            <dst id="ATLAng">0</dst>
            <dst id="CHINng">1353.86933333333</dst>
            <dst id="DNVRng">6752.22666666667</dst>
            <dst id="HSTNng">101.376</dst>
            <dst id="IPLSng">1799.38666666667</dst>
            <dst id="KSCYng">123.544</dst>
            <dst id="LOSAng">31488.7146666667</dst>
            <dst id="NYCMng">299.432</dst>
            <dst id="SNVAng">13922.7146666667</dst>
            <dst id="STTLng">53330.872</dst>
            <dst id="WASHng">253.608</dst>
        </src>
        <src id="STTLng">
            <dst id="ATLA-M5">434.194666666667</dst>
            <dst id="ATLAng">4827.77333333333</dst>
            <dst id="CHINng">15052.896</dst>
            <dst id="DNVRng">3807.368</dst>
            <dst id="HSTNng">4131.056</dst>
            <dst id="IPLSng">3752.14133333333</dst>
            <dst id="KSCYng">10691.7333333333</dst>
            <dst id="LOSAng">17379.952</dst>
            <dst id="NYCMng">6303.28</dst>
            <dst id="SNVAng">3349.03466666667</dst>
            <dst id="STTLng">553.917333333333</dst>
            <dst id="WASHng">11948.2266666667</dst>
        </src>
        <src id="WASHng">
            <dst id="ATLA-M5">814.394666666667</dst>
            <dst id="ATLAng">87931.8133333333</dst>
            <dst id="CHINng">62703.4213333333</dst>
            <dst id="DNVRng">47685.0746666667</dst>
            <dst id="HSTNng">4636.816</dst>
            <dst id="IPLSng">51915.584</dst>
            <dst id="KSCYng">7724.392</dst>
            <dst id="LOSAng">93991.7893333333</dst>
            <dst id="NYCMng">160969.648</dst>
            <dst id="SNVAng">4563.336</dst>
            <dst id="STTLng">30118.3573333333</dst>
            <dst id="WASHng">193584.941333333</dst>
        </src>
    </IntraTM>
</TrafficMatrixFile>
