<?xml version="1.0" encoding="ISO-8859-1" standalone="yes"?>
<TrafficMatrixFile xsi:noNamespaceSchemaLocation="http://totem.run.montefiore.ulg.ac.be/Schema/TrafficMatrix-v1_2.xsd" xmlns:xsi="http://www.w3.org/2001/XMLSchema-instance">
    <IntraTM ASID="11537">
        <src id="ATLA-M5">
            <dst id="ATLA-M5">281.696</dst>
            <dst id="ATLAng">135.04</dst>
            <dst id="CHINng">256.304</dst>
            <dst id="DNVRng">80.7093333333333</dst>
            <dst id="HSTNng">1215.016</dst>
            <dst id="IPLSng">1365.37866666667</dst>
            <dst id="KSCYng">179.904</dst>
            <dst id="LOSAng">1506.616</dst>
            <dst id="NYCMng">505.877333333333</dst>
            <dst id="SNVAng">0</dst>
            <dst id="STTLng">26.6666666666667</dst>
            <dst id="WASHng">978.8</dst>
        </src>
        <src id="ATLAng">
            <dst id="ATLA-M5">1627.42133333333</dst>
            <dst id="ATLAng">30595.8853333333</dst>
            <dst id="CHINng">24136.232</dst>
            <dst id="DNVRng">6449.21066666667</dst>
            <dst id="HSTNng">3904.376</dst>
            <dst id="IPLSng">20399.3306666667</dst>
            <dst id="KSCYng">3253.66666666667</dst>
            <dst id="LOSAng">21623.864</dst>
            <dst id="NYCMng">7764.928</dst>
            <dst id="SNVAng">797.317333333334</dst>
            <dst id="STTLng">6058.00533333333</dst>
            <dst id="WASHng">42049.2426666667</dst>
        </src>
        <src id="CHINng">
            <dst id="ATLA-M5">1837.87733333333</dst>
            <dst id="ATLAng">21729.5253333333</dst>
            <dst id="CHINng">91288.536</dst>
            <dst id="DNVRng">26946.584</dst>
            <dst id="HSTNng">53748.784</dst>
            <dst id="IPLSng">55613.1573333333</dst>
            <dst id="KSCYng">14674.2213333333</dst>
            <dst id="LOSAng">1724563.33333333</dst>
            <dst id="NYCMng">21402.8426666667</dst>
            <dst id="SNVAng">2918.76266666667</dst>
            <dst id="STTLng">18063.7306666667</dst>
            <dst id="WASHng">37026.52</dst>
        </src>
        <src id="DNVRng">
            <dst id="ATLA-M5">413.56</dst>
            <dst id="ATLAng">11147.9253333333</dst>
            <dst id="CHINng">53148.664</dst>
            <dst id="DNVRng">8493.23466666667</dst>
            <dst id="HSTNng">14859.4906666667</dst>
            <dst id="IPLSng">29908.1733333333</dst>
            <dst id="KSCYng">10112.5146666667</dst>
            <dst id="LOSAng">7251.216</dst>
            <dst id="NYCMng">17508.1093333333</dst>
            <dst id="SNVAng">6649.592</dst>
            <dst id="STTLng">12694.96</dst>
            <dst id="WASHng">40132.2106666667</dst>
        </src>
        <src id="HSTNng">
            <dst id="ATLA-M5">4829.27466666667</dst>
            <dst id="ATLAng">3363.78133333333</dst>
            <dst id="CHINng">31925.9253333333</dst>
            <dst id="DNVRng">3832.48</dst>
            <dst id="HSTNng">6427.93866666667</dst>
            <dst id="IPLSng">7727.10933333333</dst>
            <dst id="KSCYng">4816.19733333333</dst>
            <dst id="LOSAng">6030.84</dst>
            <dst id="NYCMng">5286.82933333333</dst>
            <dst id="SNVAng">1919.38133333333</dst>
            <dst id="STTLng">5933.17866666667</dst>
            <dst id="WASHng">9428.792</dst>
        </src>
        <src id="IPLSng">
            <dst id="ATLA-M5">3911.53866666667</dst>
            <dst id="ATLAng">19131.536</dst>
            <dst id="CHINng">109556.773333333</dst>
            <dst id="DNVRng">7815.00533333333</dst>
            <dst id="HSTNng">6495.384</dst>
            <dst id="IPLSng">14530.4106666667</dst>
            <dst id="KSCYng">8096.176</dst>
            <dst id="LOSAng">55457.5813333333</dst>
            <dst id="NYCMng">53658.9066666667</dst>
            <dst id="SNVAng">1200.79466666667</dst>
            <dst id="STTLng">10772.104</dst>
            <dst id="WASHng">42665.4773333333</dst>
        </src>
        <src id="KSCYng">
            <dst id="ATLA-M5">614.989333333333</dst>
            <dst id="ATLAng">2612.152</dst>
            <dst id="CHINng">21414.7973333333</dst>
            <dst id="DNVRng">9271.35466666667</dst>
            <dst id="HSTNng">5642.97333333333</dst>
            <dst id="IPLSng">9715.34133333333</dst>
            <dst id="KSCYng">7160.12533333333</dst>
            <dst id="LOSAng">6825.88533333333</dst>
            <dst id="NYCMng">7666.744</dst>
            <dst id="SNVAng">1354.528</dst>
            <dst id="STTLng">1345.76</dst>
            <dst id="WASHng">14074.896</dst>
        </src>
        <src id="LOSAng">
            <dst id="ATLA-M5">2387.42933333333</dst>
            <dst id="ATLAng">15126.5013333333</dst>
            <dst id="CHINng">1095000.64</dst>
            <dst id="DNVRng">15446.5786666667</dst>
            <dst id="HSTNng">36622.6186666667</dst>
            <dst id="IPLSng">33689.08</dst>
            <dst id="KSCYng">12697.4</dst>
            <dst id="LOSAng">12108.4053333333</dst>
            <dst id="NYCMng">59795.6293333333</dst>
            <dst id="SNVAng">12348.808</dst>
            <dst id="STTLng">25667.9013333333</dst>
            <dst id="WASHng">92490.9946666667</dst>
        </src>
        <src id="NYCMng">
            <dst id="ATLA-M5">1652.40266666667</dst>
            <dst id="ATLAng">25121.2133333333</dst>
            <dst id="CHINng">49768.016</dst>
            <dst id="DNVRng">41865.3146666667</dst>
            <dst id="HSTNng">15382.2773333333</dst>
            <dst id="IPLSng">63608.8933333333</dst>
            <dst id="KSCYng">25385.616</dst>
            <dst id="LOSAng">82678.2426666667</dst>
            <dst id="NYCMng">207968.458666667</dst>
            <dst id="SNVAng">4214.41333333333</dst>
            <dst id="STTLng">24831.392</dst>
            <dst id="WASHng">140939.877333333</dst>
        </src>
        <src id="SNVAng">
            <dst id="ATLA-M5">37.76</dst>
            <dst id="ATLAng">1219.15466666667</dst>
            <dst id="CHINng">1165.42933333333</dst>
            <dst id="DNVRng">5222.304</dst>
            <dst id="HSTNng">624.416</dst>
            <dst id="IPLSng">929.608</dst>
            <dst id="KSCYng">562.986666666667</dst>
            <dst id="LOSAng">61981.536</dst>
            <dst id="NYCMng">957.125333333334</dst>
            <dst id="SNVAng">15597.3386666667</dst>
            <dst id="STTLng">53389.7973333333</dst>
            <dst id="WASHng">317.04</dst>
        </src>
        <src id="STTLng">
            <dst id="ATLA-M5">185.314666666667</dst>
            <dst id="ATLAng">8027.96266666667</dst>
            <dst id="CHINng">22033.8746666667</dst>
            <dst id="DNVRng">7850.808</dst>
            <dst id="HSTNng">11060.3306666667</dst>
            <dst id="IPLSng">7550.00266666667</dst>
            <dst id="KSCYng">4049.37866666667</dst>
            <dst id="LOSAng">22792.2986666667</dst>
            <dst id="NYCMng">9094.73866666667</dst>
            <dst id="SNVAng">6662.95733333333</dst>
            <dst id="STTLng">10080.9466666667</dst>
            <dst id="WASHng">11591.2666666667</dst>
        </src>
        <src id="WASHng">
            <dst id="ATLA-M5">1243.05333333333</dst>
            <dst id="ATLAng">92589.5013333333</dst>
            <dst id="CHINng">75610.056</dst>
            <dst id="DNVRng">62726.744</dst>
            <dst id="HSTNng">11409.9146666667</dst>
            <dst id="IPLSng">67457.016</dst>
            <dst id="KSCYng">16129.0906666667</dst>
            <dst id="LOSAng">101383.264</dst>
            <dst id="NYCMng">131675.816</dst>
            <dst id="SNVAng">6250.22933333333</dst>
            <dst id="STTLng">23610.2186666667</dst>
            <dst id="WASHng">227583.917333333</dst>
        </src>
    </IntraTM>
</TrafficMatrixFile>
