<?xml version="1.0" encoding="ISO-8859-1" standalone="yes"?>
<TrafficMatrixFile xsi:noNamespaceSchemaLocation="http://totem.run.montefiore.ulg.ac.be/Schema/TrafficMatrix-v1_2.xsd" xmlns:xsi="http://www.w3.org/2001/XMLSchema-instance">
    <IntraTM ASID="11537">
        <src id="ATLA-M5">
            <dst id="ATLA-M5">26.6666666666667</dst>
            <dst id="ATLAng">171.114666666667</dst>
            <dst id="CHINng">738.706666666667</dst>
            <dst id="DNVRng">26.6666666666667</dst>
            <dst id="HSTNng">1076.93866666667</dst>
            <dst id="IPLSng">436.845333333333</dst>
            <dst id="KSCYng">1406.584</dst>
            <dst id="LOSAng">112.405333333333</dst>
            <dst id="NYCMng">149.378666666667</dst>
            <dst id="SNVAng">0</dst>
            <dst id="STTLng">306.229333333333</dst>
            <dst id="WASHng">1455.00266666667</dst>
        </src>
        <src id="ATLAng">
            <dst id="ATLA-M5">83.3573333333333</dst>
            <dst id="ATLAng">19443.7013333333</dst>
            <dst id="CHINng">19092.472</dst>
            <dst id="DNVRng">7962.85066666667</dst>
            <dst id="HSTNng">4147.46133333333</dst>
            <dst id="IPLSng">20680.104</dst>
            <dst id="KSCYng">983.768</dst>
            <dst id="LOSAng">20041.9893333333</dst>
            <dst id="NYCMng">7309.85866666667</dst>
            <dst id="SNVAng">555.738666666667</dst>
            <dst id="STTLng">5026.05066666667</dst>
            <dst id="WASHng">39952.1786666667</dst>
        </src>
        <src id="CHINng">
            <dst id="ATLA-M5">936.189333333333</dst>
            <dst id="ATLAng">13514.1013333333</dst>
            <dst id="CHINng">83503.976</dst>
            <dst id="DNVRng">25652.68</dst>
            <dst id="HSTNng">40883.1253333333</dst>
            <dst id="IPLSng">66005.5253333333</dst>
            <dst id="KSCYng">28428.6293333333</dst>
            <dst id="LOSAng">2052906.66666667</dst>
            <dst id="NYCMng">19883.1253333333</dst>
            <dst id="SNVAng">3189.33866666667</dst>
            <dst id="STTLng">11974.9066666667</dst>
            <dst id="WASHng">33655.0906666667</dst>
        </src>
        <src id="DNVRng">
            <dst id="ATLA-M5">620.386666666667</dst>
            <dst id="ATLAng">7014.96266666667</dst>
            <dst id="CHINng">75147.6986666666</dst>
            <dst id="DNVRng">21185.6026666667</dst>
            <dst id="HSTNng">14421.024</dst>
            <dst id="IPLSng">37086.688</dst>
            <dst id="KSCYng">22504.2213333333</dst>
            <dst id="LOSAng">18011.5413333333</dst>
            <dst id="NYCMng">18720.808</dst>
            <dst id="SNVAng">11448.008</dst>
            <dst id="STTLng">14457.0186666667</dst>
            <dst id="WASHng">44967.776</dst>
        </src>
        <src id="HSTNng">
            <dst id="ATLA-M5">1463.984</dst>
            <dst id="ATLAng">2600.60533333333</dst>
            <dst id="CHINng">17238.48</dst>
            <dst id="DNVRng">2229.58133333333</dst>
            <dst id="HSTNng">6780.976</dst>
            <dst id="IPLSng">10486.5813333333</dst>
            <dst id="KSCYng">4657.344</dst>
            <dst id="LOSAng">8476.72</dst>
            <dst id="NYCMng">7516.89866666667</dst>
            <dst id="SNVAng">1586.48</dst>
            <dst id="STTLng">4093.86666666667</dst>
            <dst id="WASHng">6482.49333333333</dst>
        </src>
        <src id="IPLSng">
            <dst id="ATLA-M5">389.272</dst>
            <dst id="ATLAng">15760.9466666667</dst>
            <dst id="CHINng">112331.216</dst>
            <dst id="DNVRng">32303.3706666667</dst>
            <dst id="HSTNng">8605.896</dst>
            <dst id="IPLSng">14310.6853333333</dst>
            <dst id="KSCYng">7520.26133333333</dst>
            <dst id="LOSAng">69800.9013333333</dst>
            <dst id="NYCMng">62565.8613333333</dst>
            <dst id="SNVAng">3529.184</dst>
            <dst id="STTLng">10230.7706666667</dst>
            <dst id="WASHng">37779.6906666667</dst>
        </src>
        <src id="KSCYng">
            <dst id="ATLA-M5">370.496</dst>
            <dst id="ATLAng">2581.304</dst>
            <dst id="CHINng">26272.648</dst>
            <dst id="DNVRng">9870.91466666667</dst>
            <dst id="HSTNng">4061.83466666667</dst>
            <dst id="IPLSng">16726.8266666667</dst>
            <dst id="KSCYng">9450.78133333333</dst>
            <dst id="LOSAng">6000.30133333333</dst>
            <dst id="NYCMng">6853.72266666667</dst>
            <dst id="SNVAng">1719.87733333333</dst>
            <dst id="STTLng">1794.28</dst>
            <dst id="WASHng">15934.064</dst>
        </src>
        <src id="LOSAng">
            <dst id="ATLA-M5">1765.16266666667</dst>
            <dst id="ATLAng">9811.25066666667</dst>
            <dst id="CHINng">1073550.42666667</dst>
            <dst id="DNVRng">17684.368</dst>
            <dst id="HSTNng">7025.816</dst>
            <dst id="IPLSng">36806.792</dst>
            <dst id="KSCYng">12404</dst>
            <dst id="LOSAng">14134.4266666667</dst>
            <dst id="NYCMng">70484.7173333333</dst>
            <dst id="SNVAng">10248.4533333333</dst>
            <dst id="STTLng">23226.248</dst>
            <dst id="WASHng">78355.5333333334</dst>
        </src>
        <src id="NYCMng">
            <dst id="ATLA-M5">2046.51466666667</dst>
            <dst id="ATLAng">17523.1573333333</dst>
            <dst id="CHINng">56323.1973333333</dst>
            <dst id="DNVRng">32396.1226666667</dst>
            <dst id="HSTNng">20968.6853333333</dst>
            <dst id="IPLSng">69540.5253333333</dst>
            <dst id="KSCYng">18752.2426666667</dst>
            <dst id="LOSAng">67264.448</dst>
            <dst id="NYCMng">148572.232</dst>
            <dst id="SNVAng">4120.05866666667</dst>
            <dst id="STTLng">36737.984</dst>
            <dst id="WASHng">129970.664</dst>
        </src>
        <src id="SNVAng">
            <dst id="ATLA-M5">47.568</dst>
            <dst id="ATLAng">273.069333333333</dst>
            <dst id="CHINng">3797.376</dst>
            <dst id="DNVRng">12027.6613333333</dst>
            <dst id="HSTNng">709.978666666667</dst>
            <dst id="IPLSng">2464.32</dst>
            <dst id="KSCYng">4869.12533333333</dst>
            <dst id="LOSAng">33760.536</dst>
            <dst id="NYCMng">1532.096</dst>
            <dst id="SNVAng">11844.3973333333</dst>
            <dst id="STTLng">53735.456</dst>
            <dst id="WASHng">277.341333333333</dst>
        </src>
        <src id="STTLng">
            <dst id="ATLA-M5">416.802666666667</dst>
            <dst id="ATLAng">8944.05066666667</dst>
            <dst id="CHINng">16167.6106666667</dst>
            <dst id="DNVRng">4412.09333333333</dst>
            <dst id="HSTNng">9362.77866666667</dst>
            <dst id="IPLSng">6655.55466666667</dst>
            <dst id="KSCYng">9462.624</dst>
            <dst id="LOSAng">20145.7146666667</dst>
            <dst id="NYCMng">4797.88533333333</dst>
            <dst id="SNVAng">5224.688</dst>
            <dst id="STTLng">5723.79733333333</dst>
            <dst id="WASHng">12993.2213333333</dst>
        </src>
        <src id="WASHng">
            <dst id="ATLA-M5">1536.29866666667</dst>
            <dst id="ATLAng">71280.688</dst>
            <dst id="CHINng">76988.5066666667</dst>
            <dst id="DNVRng">70365.4666666667</dst>
            <dst id="HSTNng">12115.208</dst>
            <dst id="IPLSng">63863.9653333333</dst>
            <dst id="KSCYng">50554.1173333333</dst>
            <dst id="LOSAng">136879.597333333</dst>
            <dst id="NYCMng">162522.570666667</dst>
            <dst id="SNVAng">3135.13866666667</dst>
            <dst id="STTLng">36369.0986666667</dst>
            <dst id="WASHng">274712.56</dst>
        </src>
    </IntraTM>
</TrafficMatrixFile>
