<?xml version="1.0" encoding="ISO-8859-1" standalone="yes"?>
<TrafficMatrixFile xsi:noNamespaceSchemaLocation="http://totem.run.montefiore.ulg.ac.be/Schema/TrafficMatrix-v1_2.xsd" xmlns:xsi="http://www.w3.org/2001/XMLSchema-instance">
    <IntraTM ASID="11537">
        <src id="ATLA-M5">
            <dst id="ATLA-M5">733.674666666666</dst>
            <dst id="ATLAng">271.338666666667</dst>
            <dst id="CHINng">785.133333333333</dst>
            <dst id="DNVRng">58.44</dst>
            <dst id="HSTNng">80.5706666666667</dst>
            <dst id="IPLSng">391.501333333333</dst>
            <dst id="KSCYng">80</dst>
            <dst id="LOSAng">622.285333333333</dst>
            <dst id="NYCMng">685.170666666667</dst>
            <dst id="SNVAng">1345.62933333333</dst>
            <dst id="STTLng">53.3333333333333</dst>
            <dst id="WASHng">2074.89866666667</dst>
        </src>
        <src id="ATLAng">
            <dst id="ATLA-M5">746.125333333333</dst>
            <dst id="ATLAng">36044.3626666667</dst>
            <dst id="CHINng">15875.2853333333</dst>
            <dst id="DNVRng">8567.79733333333</dst>
            <dst id="HSTNng">12614.0533333333</dst>
            <dst id="IPLSng">30422.44</dst>
            <dst id="KSCYng">5754.984</dst>
            <dst id="LOSAng">20645.6613333333</dst>
            <dst id="NYCMng">7669.968</dst>
            <dst id="SNVAng">940.224</dst>
            <dst id="STTLng">4696.90933333333</dst>
            <dst id="WASHng">56126.672</dst>
        </src>
        <src id="CHINng">
            <dst id="ATLA-M5">2774.34133333333</dst>
            <dst id="ATLAng">23887.2533333333</dst>
            <dst id="CHINng">107890.68</dst>
            <dst id="DNVRng">31062.4933333333</dst>
            <dst id="HSTNng">57802.016</dst>
            <dst id="IPLSng">56844.9946666666</dst>
            <dst id="KSCYng">17345.784</dst>
            <dst id="LOSAng">2022059.09333333</dst>
            <dst id="NYCMng">20819.8906666667</dst>
            <dst id="SNVAng">3614.17066666667</dst>
            <dst id="STTLng">13707.0453333333</dst>
            <dst id="WASHng">57573.536</dst>
        </src>
        <src id="DNVRng">
            <dst id="ATLA-M5">329.586666666667</dst>
            <dst id="ATLAng">12051.7546666667</dst>
            <dst id="CHINng">60129.056</dst>
            <dst id="DNVRng">23552.3466666667</dst>
            <dst id="HSTNng">16193.72</dst>
            <dst id="IPLSng">31552.6133333333</dst>
            <dst id="KSCYng">21886.6773333333</dst>
            <dst id="LOSAng">9342.24533333333</dst>
            <dst id="NYCMng">15794.512</dst>
            <dst id="SNVAng">13549.4826666667</dst>
            <dst id="STTLng">13244.1146666667</dst>
            <dst id="WASHng">49295.7626666667</dst>
        </src>
        <src id="HSTNng">
            <dst id="ATLA-M5">930.570666666667</dst>
            <dst id="ATLAng">4245.82933333333</dst>
            <dst id="CHINng">18487.144</dst>
            <dst id="DNVRng">4210.84266666667</dst>
            <dst id="HSTNng">6691.512</dst>
            <dst id="IPLSng">5973.95733333333</dst>
            <dst id="KSCYng">3456.64533333333</dst>
            <dst id="LOSAng">6915.41066666667</dst>
            <dst id="NYCMng">7656.08266666667</dst>
            <dst id="SNVAng">859.762666666667</dst>
            <dst id="STTLng">1407.664</dst>
            <dst id="WASHng">8758.76</dst>
        </src>
        <src id="IPLSng">
            <dst id="ATLA-M5">682.149333333333</dst>
            <dst id="ATLAng">40417.4373333333</dst>
            <dst id="CHINng">145819.928</dst>
            <dst id="DNVRng">28189.2266666667</dst>
            <dst id="HSTNng">6477.10933333334</dst>
            <dst id="IPLSng">26242.2133333333</dst>
            <dst id="KSCYng">17886.24</dst>
            <dst id="LOSAng">58552.4586666667</dst>
            <dst id="NYCMng">55857.4933333333</dst>
            <dst id="SNVAng">1156.98933333333</dst>
            <dst id="STTLng">11577.304</dst>
            <dst id="WASHng">69704.1013333333</dst>
        </src>
        <src id="KSCYng">
            <dst id="ATLA-M5">217.52</dst>
            <dst id="ATLAng">9790.81333333333</dst>
            <dst id="CHINng">21534.296</dst>
            <dst id="DNVRng">10948.5653333333</dst>
            <dst id="HSTNng">5923.67466666667</dst>
            <dst id="IPLSng">14730.5386666667</dst>
            <dst id="KSCYng">8343.784</dst>
            <dst id="LOSAng">10121.9146666667</dst>
            <dst id="NYCMng">4195.37866666667</dst>
            <dst id="SNVAng">1005.608</dst>
            <dst id="STTLng">1540.68</dst>
            <dst id="WASHng">13575.7386666667</dst>
        </src>
        <src id="LOSAng">
            <dst id="ATLA-M5">5340.23466666667</dst>
            <dst id="ATLAng">38417.968</dst>
            <dst id="CHINng">1090428.90666667</dst>
            <dst id="DNVRng">9939.17066666667</dst>
            <dst id="HSTNng">35363.0773333333</dst>
            <dst id="IPLSng">46757.6933333333</dst>
            <dst id="KSCYng">18205.448</dst>
            <dst id="LOSAng">11556.1066666667</dst>
            <dst id="NYCMng">90217.7626666666</dst>
            <dst id="SNVAng">10041.9413333333</dst>
            <dst id="STTLng">23534.5973333333</dst>
            <dst id="WASHng">105107.52</dst>
        </src>
        <src id="NYCMng">
            <dst id="ATLA-M5">844.909333333333</dst>
            <dst id="ATLAng">27703.92</dst>
            <dst id="CHINng">50719.7413333333</dst>
            <dst id="DNVRng">38763.6026666667</dst>
            <dst id="HSTNng">18017.7786666667</dst>
            <dst id="IPLSng">72652.024</dst>
            <dst id="KSCYng">17423.1333333333</dst>
            <dst id="LOSAng">83099.0693333333</dst>
            <dst id="NYCMng">230765.266666667</dst>
            <dst id="SNVAng">5678.89866666667</dst>
            <dst id="STTLng">20530.3306666667</dst>
            <dst id="WASHng">145256.376</dst>
        </src>
        <src id="SNVAng">
            <dst id="ATLA-M5">161.272</dst>
            <dst id="ATLAng">190.338666666667</dst>
            <dst id="CHINng">2087.25866666667</dst>
            <dst id="DNVRng">8992.08</dst>
            <dst id="HSTNng">887.229333333333</dst>
            <dst id="IPLSng">1946.52266666667</dst>
            <dst id="KSCYng">580.474666666667</dst>
            <dst id="LOSAng">33946.8373333333</dst>
            <dst id="NYCMng">368.944</dst>
            <dst id="SNVAng">15815.9066666667</dst>
            <dst id="STTLng">55495.6426666666</dst>
            <dst id="WASHng">256.736</dst>
        </src>
        <src id="STTLng">
            <dst id="ATLA-M5">312.730666666667</dst>
            <dst id="ATLAng">7784.14666666667</dst>
            <dst id="CHINng">17708.12</dst>
            <dst id="DNVRng">5359.224</dst>
            <dst id="HSTNng">7022.38133333333</dst>
            <dst id="IPLSng">8827.28266666667</dst>
            <dst id="KSCYng">4941.43466666667</dst>
            <dst id="LOSAng">20757.696</dst>
            <dst id="NYCMng">7957.23733333333</dst>
            <dst id="SNVAng">3082.61066666667</dst>
            <dst id="STTLng">9281.656</dst>
            <dst id="WASHng">11063.9413333333</dst>
        </src>
        <src id="WASHng">
            <dst id="ATLA-M5">1664.848</dst>
            <dst id="ATLAng">236502.042666667</dst>
            <dst id="CHINng">74293.8026666667</dst>
            <dst id="DNVRng">72672.416</dst>
            <dst id="HSTNng">15340.9893333333</dst>
            <dst id="IPLSng">88673.1093333333</dst>
            <dst id="KSCYng">18993.5413333333</dst>
            <dst id="LOSAng">118458.936</dst>
            <dst id="NYCMng">179245.554666667</dst>
            <dst id="SNVAng">10483.816</dst>
            <dst id="STTLng">31735.568</dst>
            <dst id="WASHng">238009.24</dst>
        </src>
    </IntraTM>
</TrafficMatrixFile>
