<?xml version="1.0" encoding="ISO-8859-1" standalone="yes"?>
<TrafficMatrixFile xsi:noNamespaceSchemaLocation="http://totem.run.montefiore.ulg.ac.be/Schema/TrafficMatrix-v1_2.xsd" xmlns:xsi="http://www.w3.org/2001/XMLSchema-instance">
    <IntraTM ASID="11537">
        <src id="ATLA-M5">
            <dst id="ATLA-M5">802.125333333333</dst>
            <dst id="ATLAng">1160.15466666667</dst>
            <dst id="CHINng">2049.90666666667</dst>
            <dst id="DNVRng">53.3333333333333</dst>
            <dst id="HSTNng">26.6666666666667</dst>
            <dst id="IPLSng">263.253333333333</dst>
            <dst id="KSCYng">32.736</dst>
            <dst id="LOSAng">351.370666666667</dst>
            <dst id="NYCMng">53.3333333333333</dst>
            <dst id="SNVAng">1293.66933333333</dst>
            <dst id="STTLng">26.6666666666667</dst>
            <dst id="WASHng">2297.78133333333</dst>
        </src>
        <src id="ATLAng">
            <dst id="ATLA-M5">590.605333333333</dst>
            <dst id="ATLAng">37358.9493333333</dst>
            <dst id="CHINng">20959.5866666667</dst>
            <dst id="DNVRng">5365.66666666667</dst>
            <dst id="HSTNng">12565.464</dst>
            <dst id="IPLSng">27283.2186666667</dst>
            <dst id="KSCYng">2974.06933333333</dst>
            <dst id="LOSAng">19815.0426666667</dst>
            <dst id="NYCMng">7856.424</dst>
            <dst id="SNVAng">1349.03466666667</dst>
            <dst id="STTLng">5828.328</dst>
            <dst id="WASHng">116100.506666667</dst>
        </src>
        <src id="CHINng">
            <dst id="ATLA-M5">1652.81333333333</dst>
            <dst id="ATLAng">28456.2506666667</dst>
            <dst id="CHINng">123313.605333333</dst>
            <dst id="DNVRng">27621.28</dst>
            <dst id="HSTNng">61773.9573333333</dst>
            <dst id="IPLSng">67835.9466666667</dst>
            <dst id="KSCYng">23041.12</dst>
            <dst id="LOSAng">2063349.6</dst>
            <dst id="NYCMng">28112.7573333333</dst>
            <dst id="SNVAng">5495.02133333333</dst>
            <dst id="STTLng">11169.4613333333</dst>
            <dst id="WASHng">43594.2506666667</dst>
        </src>
        <src id="DNVRng">
            <dst id="ATLA-M5">229.344</dst>
            <dst id="ATLAng">10341.0053333333</dst>
            <dst id="CHINng">63331.1493333333</dst>
            <dst id="DNVRng">18967.872</dst>
            <dst id="HSTNng">18843.9626666667</dst>
            <dst id="IPLSng">32241.976</dst>
            <dst id="KSCYng">22078.7386666667</dst>
            <dst id="LOSAng">13386.096</dst>
            <dst id="NYCMng">17246.9333333333</dst>
            <dst id="SNVAng">12933.2213333333</dst>
            <dst id="STTLng">12926.5946666667</dst>
            <dst id="WASHng">46169.8986666667</dst>
        </src>
        <src id="HSTNng">
            <dst id="ATLA-M5">2559.08533333333</dst>
            <dst id="ATLAng">5597.20266666667</dst>
            <dst id="CHINng">21396.6773333333</dst>
            <dst id="DNVRng">4727.85066666667</dst>
            <dst id="HSTNng">5593.304</dst>
            <dst id="IPLSng">7717.528</dst>
            <dst id="KSCYng">3325.96</dst>
            <dst id="LOSAng">5810.52266666667</dst>
            <dst id="NYCMng">7592.792</dst>
            <dst id="SNVAng">906.36</dst>
            <dst id="STTLng">2515.6</dst>
            <dst id="WASHng">4966.49333333333</dst>
        </src>
        <src id="IPLSng">
            <dst id="ATLA-M5">272.576</dst>
            <dst id="ATLAng">43706.608</dst>
            <dst id="CHINng">120328.84</dst>
            <dst id="DNVRng">25935.7893333333</dst>
            <dst id="HSTNng">6809.17066666667</dst>
            <dst id="IPLSng">16648.272</dst>
            <dst id="KSCYng">12508.3493333333</dst>
            <dst id="LOSAng">61920.0666666667</dst>
            <dst id="NYCMng">57321.3466666667</dst>
            <dst id="SNVAng">1637.57066666667</dst>
            <dst id="STTLng">13465.4826666667</dst>
            <dst id="WASHng">63250.9946666667</dst>
        </src>
        <src id="KSCYng">
            <dst id="ATLA-M5">317.781333333333</dst>
            <dst id="ATLAng">8226.72266666667</dst>
            <dst id="CHINng">24685.9573333333</dst>
            <dst id="DNVRng">12802.2773333333</dst>
            <dst id="HSTNng">8504.61066666667</dst>
            <dst id="IPLSng">15392.6853333333</dst>
            <dst id="KSCYng">6980.30133333333</dst>
            <dst id="LOSAng">8263.056</dst>
            <dst id="NYCMng">7672.312</dst>
            <dst id="SNVAng">811.744</dst>
            <dst id="STTLng">2522</dst>
            <dst id="WASHng">12623.0346666667</dst>
        </src>
        <src id="LOSAng">
            <dst id="ATLA-M5">2916.14133333333</dst>
            <dst id="ATLAng">27806.3653333333</dst>
            <dst id="CHINng">1094079.84</dst>
            <dst id="DNVRng">7665.584</dst>
            <dst id="HSTNng">31957.8613333333</dst>
            <dst id="IPLSng">53887.4613333333</dst>
            <dst id="KSCYng">16678.1626666667</dst>
            <dst id="LOSAng">11167.888</dst>
            <dst id="NYCMng">73486.4773333333</dst>
            <dst id="SNVAng">9802.91466666667</dst>
            <dst id="STTLng">21540.1626666667</dst>
            <dst id="WASHng">104618.088</dst>
        </src>
        <src id="NYCMng">
            <dst id="ATLA-M5">711.429333333333</dst>
            <dst id="ATLAng">31188.8773333333</dst>
            <dst id="CHINng">48019.6026666667</dst>
            <dst id="DNVRng">45244.0213333333</dst>
            <dst id="HSTNng">17743.84</dst>
            <dst id="IPLSng">59507.448</dst>
            <dst id="KSCYng">22609.4426666667</dst>
            <dst id="LOSAng">94457.9573333333</dst>
            <dst id="NYCMng">220320.173333333</dst>
            <dst id="SNVAng">5937.45866666667</dst>
            <dst id="STTLng">22809.3866666667</dst>
            <dst id="WASHng">162800.682666667</dst>
        </src>
        <src id="SNVAng">
            <dst id="ATLA-M5">309.530666666667</dst>
            <dst id="ATLAng">110.648</dst>
            <dst id="CHINng">1521.95466666667</dst>
            <dst id="DNVRng">13588.104</dst>
            <dst id="HSTNng">1001.87466666667</dst>
            <dst id="IPLSng">1204.06666666667</dst>
            <dst id="KSCYng">588.72</dst>
            <dst id="LOSAng">33909.7333333333</dst>
            <dst id="NYCMng">460.146666666667</dst>
            <dst id="SNVAng">17136.208</dst>
            <dst id="STTLng">55161.9546666667</dst>
            <dst id="WASHng">283.234666666667</dst>
        </src>
        <src id="STTLng">
            <dst id="ATLA-M5">266.576</dst>
            <dst id="ATLAng">9048.088</dst>
            <dst id="CHINng">14066.1866666667</dst>
            <dst id="DNVRng">4178.75733333333</dst>
            <dst id="HSTNng">9634.936</dst>
            <dst id="IPLSng">7790.60533333333</dst>
            <dst id="KSCYng">4111.096</dst>
            <dst id="LOSAng">19931.968</dst>
            <dst id="NYCMng">6604.272</dst>
            <dst id="SNVAng">3829.10666666667</dst>
            <dst id="STTLng">7315.54666666667</dst>
            <dst id="WASHng">11540.9786666667</dst>
        </src>
        <src id="WASHng">
            <dst id="ATLA-M5">1391.744</dst>
            <dst id="ATLAng">123775.373333333</dst>
            <dst id="CHINng">77476.2106666667</dst>
            <dst id="DNVRng">54929.696</dst>
            <dst id="HSTNng">21705.84</dst>
            <dst id="IPLSng">70350.104</dst>
            <dst id="KSCYng">22091.3786666667</dst>
            <dst id="LOSAng">131957.789333333</dst>
            <dst id="NYCMng">176343.613333333</dst>
            <dst id="SNVAng">5697.976</dst>
            <dst id="STTLng">30695.9946666667</dst>
            <dst id="WASHng">342463.306666667</dst>
        </src>
    </IntraTM>
</TrafficMatrixFile>
