<?xml version="1.0" encoding="ISO-8859-1" standalone="yes"?>
<TrafficMatrixFile xsi:noNamespaceSchemaLocation="http://totem.run.montefiore.ulg.ac.be/Schema/TrafficMatrix-v1_2.xsd" xmlns:xsi="http://www.w3.org/2001/XMLSchema-instance">
    <IntraTM ASID="11537">
        <src id="ATLA-M5">
            <dst id="ATLA-M5">74.2826666666667</dst>
            <dst id="ATLAng">53.3333333333333</dst>
            <dst id="CHINng">133.821333333333</dst>
            <dst id="DNVRng">26.6666666666667</dst>
            <dst id="HSTNng">124.296</dst>
            <dst id="IPLSng">201.669333333333</dst>
            <dst id="KSCYng">219.562666666667</dst>
            <dst id="LOSAng">147.930666666667</dst>
            <dst id="NYCMng">324.930666666667</dst>
            <dst id="SNVAng">92.3013333333333</dst>
            <dst id="STTLng">0</dst>
            <dst id="WASHng">1471.07466666667</dst>
        </src>
        <src id="ATLAng">
            <dst id="ATLA-M5">134.976</dst>
            <dst id="ATLAng">23473.7866666667</dst>
            <dst id="CHINng">16031.376</dst>
            <dst id="DNVRng">7206.30666666667</dst>
            <dst id="HSTNng">4756.56</dst>
            <dst id="IPLSng">15233.2133333333</dst>
            <dst id="KSCYng">1275.06133333333</dst>
            <dst id="LOSAng">15888.4613333333</dst>
            <dst id="NYCMng">7210.72266666667</dst>
            <dst id="SNVAng">506.472</dst>
            <dst id="STTLng">3589.13066666667</dst>
            <dst id="WASHng">41474.984</dst>
        </src>
        <src id="CHINng">
            <dst id="ATLA-M5">758.205333333333</dst>
            <dst id="ATLAng">20513.8933333333</dst>
            <dst id="CHINng">114108.557333333</dst>
            <dst id="DNVRng">33333.0773333333</dst>
            <dst id="HSTNng">47652.3093333334</dst>
            <dst id="IPLSng">52058.5546666667</dst>
            <dst id="KSCYng">10837.096</dst>
            <dst id="LOSAng">40847.4453333333</dst>
            <dst id="NYCMng">24506.2986666667</dst>
            <dst id="SNVAng">1582.776</dst>
            <dst id="STTLng">13407.768</dst>
            <dst id="WASHng">24498.0906666667</dst>
        </src>
        <src id="DNVRng">
            <dst id="ATLA-M5">153.890666666667</dst>
            <dst id="ATLAng">4197.65066666667</dst>
            <dst id="CHINng">91633.448</dst>
            <dst id="DNVRng">7074.71733333333</dst>
            <dst id="HSTNng">19192.3493333333</dst>
            <dst id="IPLSng">23956.984</dst>
            <dst id="KSCYng">14864.4906666667</dst>
            <dst id="LOSAng">7244.376</dst>
            <dst id="NYCMng">16157.4</dst>
            <dst id="SNVAng">5561.448</dst>
            <dst id="STTLng">9797.70133333333</dst>
            <dst id="WASHng">46028.848</dst>
        </src>
        <src id="HSTNng">
            <dst id="ATLA-M5">5205.61866666667</dst>
            <dst id="ATLAng">1010.192</dst>
            <dst id="CHINng">17306.52</dst>
            <dst id="DNVRng">1181.80533333333</dst>
            <dst id="HSTNng">4487.91466666667</dst>
            <dst id="IPLSng">2955.77866666667</dst>
            <dst id="KSCYng">4161.072</dst>
            <dst id="LOSAng">4628.66133333333</dst>
            <dst id="NYCMng">4651.60533333333</dst>
            <dst id="SNVAng">266.013333333333</dst>
            <dst id="STTLng">2314.13333333333</dst>
            <dst id="WASHng">7804.008</dst>
        </src>
        <src id="IPLSng">
            <dst id="ATLA-M5">229.688</dst>
            <dst id="ATLAng">11453.8666666667</dst>
            <dst id="CHINng">157581.885333333</dst>
            <dst id="DNVRng">15213.9146666667</dst>
            <dst id="HSTNng">5270.36533333333</dst>
            <dst id="IPLSng">27256.4613333333</dst>
            <dst id="KSCYng">6920.14133333333</dst>
            <dst id="LOSAng">16134.528</dst>
            <dst id="NYCMng">71736.4426666667</dst>
            <dst id="SNVAng">1106.44266666667</dst>
            <dst id="STTLng">12922.2693333333</dst>
            <dst id="WASHng">61729.0346666667</dst>
        </src>
        <src id="KSCYng">
            <dst id="ATLA-M5">171.008</dst>
            <dst id="ATLAng">1476.87466666667</dst>
            <dst id="CHINng">31176.6186666667</dst>
            <dst id="DNVRng">9469.288</dst>
            <dst id="HSTNng">3589.89866666667</dst>
            <dst id="IPLSng">22611.2533333333</dst>
            <dst id="KSCYng">11456.8</dst>
            <dst id="LOSAng">19556.416</dst>
            <dst id="NYCMng">4280.86133333333</dst>
            <dst id="SNVAng">29.8746666666667</dst>
            <dst id="STTLng">1139.23466666667</dst>
            <dst id="WASHng">18458.312</dst>
        </src>
        <src id="LOSAng">
            <dst id="ATLA-M5">892.488</dst>
            <dst id="ATLAng">12516.7066666667</dst>
            <dst id="CHINng">76841.6613333334</dst>
            <dst id="DNVRng">7349.69066666667</dst>
            <dst id="HSTNng">12018.2426666667</dst>
            <dst id="IPLSng">29560.7973333333</dst>
            <dst id="KSCYng">8642.23733333333</dst>
            <dst id="LOSAng">19373.3066666667</dst>
            <dst id="NYCMng">55955.4266666667</dst>
            <dst id="SNVAng">11285.7466666667</dst>
            <dst id="STTLng">32338.7146666667</dst>
            <dst id="WASHng">84922.4853333333</dst>
        </src>
        <src id="NYCMng">
            <dst id="ATLA-M5">2639.89333333333</dst>
            <dst id="ATLAng">18577.3866666667</dst>
            <dst id="CHINng">46202.1493333333</dst>
            <dst id="DNVRng">30117.1226666667</dst>
            <dst id="HSTNng">9845.55733333333</dst>
            <dst id="IPLSng">43734.7173333333</dst>
            <dst id="KSCYng">11338.4906666667</dst>
            <dst id="LOSAng">48412.8826666667</dst>
            <dst id="NYCMng">178844.906666667</dst>
            <dst id="SNVAng">2439.22933333333</dst>
            <dst id="STTLng">24732.7093333333</dst>
            <dst id="WASHng">90321.5546666667</dst>
        </src>
        <src id="SNVAng">
            <dst id="ATLA-M5">26.6666666666667</dst>
            <dst id="ATLAng">106.666666666667</dst>
            <dst id="CHINng">1022.66133333333</dst>
            <dst id="DNVRng">1704.88</dst>
            <dst id="HSTNng">120.856</dst>
            <dst id="IPLSng">393.805333333333</dst>
            <dst id="KSCYng">53.3333333333333</dst>
            <dst id="LOSAng">31769.9146666667</dst>
            <dst id="NYCMng">2321.62666666667</dst>
            <dst id="SNVAng">12299.2853333333</dst>
            <dst id="STTLng">53248.3786666667</dst>
            <dst id="WASHng">213.725333333333</dst>
        </src>
        <src id="STTLng">
            <dst id="ATLA-M5">151.16</dst>
            <dst id="ATLAng">5387.976</dst>
            <dst id="CHINng">23183.712</dst>
            <dst id="DNVRng">1693.66933333333</dst>
            <dst id="HSTNng">2627.73333333333</dst>
            <dst id="IPLSng">3494.33066666667</dst>
            <dst id="KSCYng">3326.92533333333</dst>
            <dst id="LOSAng">16410.1013333333</dst>
            <dst id="NYCMng">7060.344</dst>
            <dst id="SNVAng">5737.54933333333</dst>
            <dst id="STTLng">3776.84</dst>
            <dst id="WASHng">5933.91466666667</dst>
        </src>
        <src id="WASHng">
            <dst id="ATLA-M5">645.322666666667</dst>
            <dst id="ATLAng">63946.0666666667</dst>
            <dst id="CHINng">74977.416</dst>
            <dst id="DNVRng">49660.72</dst>
            <dst id="HSTNng">17719.6453333333</dst>
            <dst id="IPLSng">72526.576</dst>
            <dst id="KSCYng">16360.2373333333</dst>
            <dst id="LOSAng">98752.264</dst>
            <dst id="NYCMng">210145.256</dst>
            <dst id="SNVAng">4416.96</dst>
            <dst id="STTLng">35352.312</dst>
            <dst id="WASHng">237632.826666667</dst>
        </src>
    </IntraTM>
</TrafficMatrixFile>
