<?xml version="1.0" encoding="ISO-8859-1" standalone="yes"?>
<TrafficMatrixFile xsi:noNamespaceSchemaLocation="http://totem.run.montefiore.ulg.ac.be/Schema/TrafficMatrix-v1_2.xsd" xmlns:xsi="http://www.w3.org/2001/XMLSchema-instance">
    <IntraTM ASID="11537">
        <src id="ATLA-M5">
            <dst id="ATLA-M5">39.8506666666667</dst>
            <dst id="ATLAng">88.0693333333333</dst>
            <dst id="CHINng">959.890666666667</dst>
            <dst id="DNVRng">53.3333333333333</dst>
            <dst id="HSTNng">120.112</dst>
            <dst id="IPLSng">5001.57333333333</dst>
            <dst id="KSCYng">2166.69333333333</dst>
            <dst id="LOSAng">628.216</dst>
            <dst id="NYCMng">339.936</dst>
            <dst id="SNVAng">26.6666666666667</dst>
            <dst id="STTLng">167.936</dst>
            <dst id="WASHng">1578.90133333333</dst>
        </src>
        <src id="ATLAng">
            <dst id="ATLA-M5">458.773333333333</dst>
            <dst id="ATLAng">24329.12</dst>
            <dst id="CHINng">31654.0346666667</dst>
            <dst id="DNVRng">7462.52266666667</dst>
            <dst id="HSTNng">2752.30133333333</dst>
            <dst id="IPLSng">24292.6293333333</dst>
            <dst id="KSCYng">8321.792</dst>
            <dst id="LOSAng">20142.8213333333</dst>
            <dst id="NYCMng">15306.4</dst>
            <dst id="SNVAng">936.410666666667</dst>
            <dst id="STTLng">5544.76266666667</dst>
            <dst id="WASHng">32883.2826666667</dst>
        </src>
        <src id="CHINng">
            <dst id="ATLA-M5">1456.30933333333</dst>
            <dst id="ATLAng">39981.928</dst>
            <dst id="CHINng">89595.712</dst>
            <dst id="DNVRng">25031.9653333333</dst>
            <dst id="HSTNng">57623.7146666667</dst>
            <dst id="IPLSng">58263.3573333333</dst>
            <dst id="KSCYng">22991.224</dst>
            <dst id="LOSAng">88309.0613333334</dst>
            <dst id="NYCMng">21069.6693333333</dst>
            <dst id="SNVAng">6659.56</dst>
            <dst id="STTLng">14162.2826666667</dst>
            <dst id="WASHng">30592.2373333333</dst>
        </src>
        <src id="DNVRng">
            <dst id="ATLA-M5">297.669333333333</dst>
            <dst id="ATLAng">5438.59466666667</dst>
            <dst id="CHINng">73384.6933333333</dst>
            <dst id="DNVRng">14166.4026666667</dst>
            <dst id="HSTNng">14581.7786666667</dst>
            <dst id="IPLSng">26533.064</dst>
            <dst id="KSCYng">21140.4506666667</dst>
            <dst id="LOSAng">6102.072</dst>
            <dst id="NYCMng">18365.152</dst>
            <dst id="SNVAng">16589.5093333333</dst>
            <dst id="STTLng">12869.5866666667</dst>
            <dst id="WASHng">62533.1253333333</dst>
        </src>
        <src id="HSTNng">
            <dst id="ATLA-M5">4316.51466666667</dst>
            <dst id="ATLAng">2933.48533333333</dst>
            <dst id="CHINng">22259.9706666667</dst>
            <dst id="DNVRng">3159.03466666667</dst>
            <dst id="HSTNng">8467.77333333333</dst>
            <dst id="IPLSng">4187.464</dst>
            <dst id="KSCYng">5224.86933333333</dst>
            <dst id="LOSAng">8572.62666666667</dst>
            <dst id="NYCMng">4580.49333333333</dst>
            <dst id="SNVAng">2014.54933333333</dst>
            <dst id="STTLng">1660.27466666667</dst>
            <dst id="WASHng">6374.56533333333</dst>
        </src>
        <src id="IPLSng">
            <dst id="ATLA-M5">1306.656</dst>
            <dst id="ATLAng">30575.0133333333</dst>
            <dst id="CHINng">112877.141333333</dst>
            <dst id="DNVRng">13505.272</dst>
            <dst id="HSTNng">6364.68266666667</dst>
            <dst id="IPLSng">18826.2986666667</dst>
            <dst id="KSCYng">9786.336</dst>
            <dst id="LOSAng">41027.8026666667</dst>
            <dst id="NYCMng">51747.4826666667</dst>
            <dst id="SNVAng">5976.68533333333</dst>
            <dst id="STTLng">11823.344</dst>
            <dst id="WASHng">38482.8186666667</dst>
        </src>
        <src id="KSCYng">
            <dst id="ATLA-M5">979.992</dst>
            <dst id="ATLAng">3976.128</dst>
            <dst id="CHINng">25454.0293333333</dst>
            <dst id="DNVRng">22705.856</dst>
            <dst id="HSTNng">5022.92</dst>
            <dst id="IPLSng">16599.4746666667</dst>
            <dst id="KSCYng">11036.288</dst>
            <dst id="LOSAng">6491.91733333333</dst>
            <dst id="NYCMng">5897.64266666667</dst>
            <dst id="SNVAng">772.672</dst>
            <dst id="STTLng">2195.4</dst>
            <dst id="WASHng">20316.6266666667</dst>
        </src>
        <src id="LOSAng">
            <dst id="ATLA-M5">2143.44266666667</dst>
            <dst id="ATLAng">19386.5146666667</dst>
            <dst id="CHINng">90404.712</dst>
            <dst id="DNVRng">15954.9573333333</dst>
            <dst id="HSTNng">9680.18666666667</dst>
            <dst id="IPLSng">73028.7786666667</dst>
            <dst id="KSCYng">12004.5146666667</dst>
            <dst id="LOSAng">20649.4346666667</dst>
            <dst id="NYCMng">66403.6053333333</dst>
            <dst id="SNVAng">9095.672</dst>
            <dst id="STTLng">31111.6186666667</dst>
            <dst id="WASHng">104726.122666667</dst>
        </src>
        <src id="NYCMng">
            <dst id="ATLA-M5">2629.78933333333</dst>
            <dst id="ATLAng">33023.3813333333</dst>
            <dst id="CHINng">65571.1493333333</dst>
            <dst id="DNVRng">34348.552</dst>
            <dst id="HSTNng">23743.0586666667</dst>
            <dst id="IPLSng">76947.976</dst>
            <dst id="KSCYng">19870.6106666667</dst>
            <dst id="LOSAng">86036.6906666666</dst>
            <dst id="NYCMng">172943.818666667</dst>
            <dst id="SNVAng">3253.24266666667</dst>
            <dst id="STTLng">27137.352</dst>
            <dst id="WASHng">143817.181333333</dst>
        </src>
        <src id="SNVAng">
            <dst id="ATLA-M5">151.488</dst>
            <dst id="ATLAng">105.312</dst>
            <dst id="CHINng">1388.77066666667</dst>
            <dst id="DNVRng">18791.7226666667</dst>
            <dst id="HSTNng">349.930666666667</dst>
            <dst id="IPLSng">1231.95466666667</dst>
            <dst id="KSCYng">88.5173333333334</dst>
            <dst id="LOSAng">51106.3333333333</dst>
            <dst id="NYCMng">649.808</dst>
            <dst id="SNVAng">27162.0853333333</dst>
            <dst id="STTLng">65978.0373333333</dst>
            <dst id="WASHng">1391.34933333333</dst>
        </src>
        <src id="STTLng">
            <dst id="ATLA-M5">142.901333333333</dst>
            <dst id="ATLAng">8407.02933333333</dst>
            <dst id="CHINng">15320.9973333333</dst>
            <dst id="DNVRng">4010.50666666667</dst>
            <dst id="HSTNng">7792.75466666667</dst>
            <dst id="IPLSng">9235.904</dst>
            <dst id="KSCYng">3213.74666666667</dst>
            <dst id="LOSAng">27723.832</dst>
            <dst id="NYCMng">7376.18133333333</dst>
            <dst id="SNVAng">4912.60266666666</dst>
            <dst id="STTLng">5394.392</dst>
            <dst id="WASHng">11912.0533333333</dst>
        </src>
        <src id="WASHng">
            <dst id="ATLA-M5">1694.60266666667</dst>
            <dst id="ATLAng">100061.664</dst>
            <dst id="CHINng">91793.048</dst>
            <dst id="DNVRng">69755.7866666667</dst>
            <dst id="HSTNng">30179.6746666667</dst>
            <dst id="IPLSng">56208.8</dst>
            <dst id="KSCYng">24302.5706666667</dst>
            <dst id="LOSAng">133100.592</dst>
            <dst id="NYCMng">160549.458666667</dst>
            <dst id="SNVAng">2030.84</dst>
            <dst id="STTLng">26906.8666666667</dst>
            <dst id="WASHng">238034.525333333</dst>
        </src>
    </IntraTM>
</TrafficMatrixFile>
