<?xml version="1.0" encoding="ISO-8859-1" standalone="yes"?>
<TrafficMatrixFile xsi:noNamespaceSchemaLocation="http://totem.run.montefiore.ulg.ac.be/Schema/TrafficMatrix-v1_2.xsd" xmlns:xsi="http://www.w3.org/2001/XMLSchema-instance">
    <IntraTM ASID="11537">
        <src id="ATLA-M5">
            <dst id="ATLA-M5">1310.64533333333</dst>
            <dst id="ATLAng">1072.872</dst>
            <dst id="CHINng">1683.768</dst>
            <dst id="DNVRng">98.0426666666666</dst>
            <dst id="HSTNng">302.141333333333</dst>
            <dst id="IPLSng">331.144</dst>
            <dst id="KSCYng">29.5386666666667</dst>
            <dst id="LOSAng">317.064</dst>
            <dst id="NYCMng">412.874666666667</dst>
            <dst id="SNVAng">1293.85333333333</dst>
            <dst id="STTLng">238.637333333333</dst>
            <dst id="WASHng">969.850666666667</dst>
        </src>
        <src id="ATLAng">
            <dst id="ATLA-M5">670.010666666667</dst>
            <dst id="ATLAng">39389.6106666667</dst>
            <dst id="CHINng">16416.5573333333</dst>
            <dst id="DNVRng">6448.56533333333</dst>
            <dst id="HSTNng">12698.0453333333</dst>
            <dst id="IPLSng">29390.1946666667</dst>
            <dst id="KSCYng">4581.736</dst>
            <dst id="LOSAng">20004.8146666667</dst>
            <dst id="NYCMng">6988.896</dst>
            <dst id="SNVAng">1580.27066666667</dst>
            <dst id="STTLng">4686.19733333333</dst>
            <dst id="WASHng">121260.557333333</dst>
        </src>
        <src id="CHINng">
            <dst id="ATLA-M5">1673.208</dst>
            <dst id="ATLAng">27142.0533333333</dst>
            <dst id="CHINng">125532.810666667</dst>
            <dst id="DNVRng">26059.4186666667</dst>
            <dst id="HSTNng">57589.776</dst>
            <dst id="IPLSng">65383.4373333333</dst>
            <dst id="KSCYng">20118.104</dst>
            <dst id="LOSAng">2054408.69333333</dst>
            <dst id="NYCMng">28156.8986666667</dst>
            <dst id="SNVAng">9765.54933333333</dst>
            <dst id="STTLng">13301.536</dst>
            <dst id="WASHng">56040.9146666667</dst>
        </src>
        <src id="DNVRng">
            <dst id="ATLA-M5">316.437333333333</dst>
            <dst id="ATLAng">12398.5333333333</dst>
            <dst id="CHINng">65927.0266666667</dst>
            <dst id="DNVRng">19040.2266666667</dst>
            <dst id="HSTNng">16308.4346666667</dst>
            <dst id="IPLSng">33308.28</dst>
            <dst id="KSCYng">21870.68</dst>
            <dst id="LOSAng">11256.432</dst>
            <dst id="NYCMng">15640.5173333333</dst>
            <dst id="SNVAng">13171.9226666667</dst>
            <dst id="STTLng">12511.0506666667</dst>
            <dst id="WASHng">46229.0293333333</dst>
        </src>
        <src id="HSTNng">
            <dst id="ATLA-M5">5129.38133333333</dst>
            <dst id="ATLAng">4484.304</dst>
            <dst id="CHINng">19373.0346666667</dst>
            <dst id="DNVRng">4216.82933333333</dst>
            <dst id="HSTNng">4994.33866666667</dst>
            <dst id="IPLSng">7952.344</dst>
            <dst id="KSCYng">2549.84533333333</dst>
            <dst id="LOSAng">6201.53333333333</dst>
            <dst id="NYCMng">7506.344</dst>
            <dst id="SNVAng">1408.01866666667</dst>
            <dst id="STTLng">2094.93066666667</dst>
            <dst id="WASHng">4540.09066666667</dst>
        </src>
        <src id="IPLSng">
            <dst id="ATLA-M5">398.898666666667</dst>
            <dst id="ATLAng">26646.7226666667</dst>
            <dst id="CHINng">118625.554666667</dst>
            <dst id="DNVRng">28324.8106666667</dst>
            <dst id="HSTNng">6693.58133333333</dst>
            <dst id="IPLSng">21651.5973333333</dst>
            <dst id="KSCYng">18234.6933333333</dst>
            <dst id="LOSAng">62671.672</dst>
            <dst id="NYCMng">56260.7173333333</dst>
            <dst id="SNVAng">1287.776</dst>
            <dst id="STTLng">13167.296</dst>
            <dst id="WASHng">57098.8533333333</dst>
        </src>
        <src id="KSCYng">
            <dst id="ATLA-M5">94.7466666666667</dst>
            <dst id="ATLAng">8294.288</dst>
            <dst id="CHINng">24409.248</dst>
            <dst id="DNVRng">11651.2906666667</dst>
            <dst id="HSTNng">8939.32533333333</dst>
            <dst id="IPLSng">27551.264</dst>
            <dst id="KSCYng">7578.232</dst>
            <dst id="LOSAng">7968.84533333333</dst>
            <dst id="NYCMng">4638.472</dst>
            <dst id="SNVAng">844.245333333333</dst>
            <dst id="STTLng">1392.504</dst>
            <dst id="WASHng">12441.272</dst>
        </src>
        <src id="LOSAng">
            <dst id="ATLA-M5">2867.768</dst>
            <dst id="ATLAng">38122.6133333333</dst>
            <dst id="CHINng">1105098.61333333</dst>
            <dst id="DNVRng">9325.14933333333</dst>
            <dst id="HSTNng">31849.128</dst>
            <dst id="IPLSng">42612.2346666667</dst>
            <dst id="KSCYng">14373.624</dst>
            <dst id="LOSAng">12168.408</dst>
            <dst id="NYCMng">80662.2586666667</dst>
            <dst id="SNVAng">10432.7386666667</dst>
            <dst id="STTLng">20853.1226666667</dst>
            <dst id="WASHng">108169.869333333</dst>
        </src>
        <src id="NYCMng">
            <dst id="ATLA-M5">570.184</dst>
            <dst id="ATLAng">24168.0933333333</dst>
            <dst id="CHINng">44977.3813333333</dst>
            <dst id="DNVRng">41012.6026666667</dst>
            <dst id="HSTNng">18348.152</dst>
            <dst id="IPLSng">56268.1733333333</dst>
            <dst id="KSCYng">18352.88</dst>
            <dst id="LOSAng">96352.536</dst>
            <dst id="NYCMng">217167.221333333</dst>
            <dst id="SNVAng">6579.21066666667</dst>
            <dst id="STTLng">20837.9333333333</dst>
            <dst id="WASHng">175075.885333333</dst>
        </src>
        <src id="SNVAng">
            <dst id="ATLA-M5">174.784</dst>
            <dst id="ATLAng">183.837333333333</dst>
            <dst id="CHINng">1067.512</dst>
            <dst id="DNVRng">5014.97866666667</dst>
            <dst id="HSTNng">1315.504</dst>
            <dst id="IPLSng">2006.67733333333</dst>
            <dst id="KSCYng">529.418666666667</dst>
            <dst id="LOSAng">33399.672</dst>
            <dst id="NYCMng">417.792</dst>
            <dst id="SNVAng">16365.8133333333</dst>
            <dst id="STTLng">52798.1573333333</dst>
            <dst id="WASHng">265.376</dst>
        </src>
        <src id="STTLng">
            <dst id="ATLA-M5">572.053333333333</dst>
            <dst id="ATLAng">8350.752</dst>
            <dst id="CHINng">14724.4026666667</dst>
            <dst id="DNVRng">5779.32266666667</dst>
            <dst id="HSTNng">9934.712</dst>
            <dst id="IPLSng">7959.256</dst>
            <dst id="KSCYng">5397.57866666667</dst>
            <dst id="LOSAng">18353.432</dst>
            <dst id="NYCMng">9299.736</dst>
            <dst id="SNVAng">3654.09066666667</dst>
            <dst id="STTLng">8751.69066666667</dst>
            <dst id="WASHng">10565.4613333333</dst>
        </src>
        <src id="WASHng">
            <dst id="ATLA-M5">1687.21066666667</dst>
            <dst id="ATLAng">196484.170666667</dst>
            <dst id="CHINng">69788.0106666667</dst>
            <dst id="DNVRng">58217.936</dst>
            <dst id="HSTNng">14524.2213333333</dst>
            <dst id="IPLSng">66466.0053333333</dst>
            <dst id="KSCYng">22321.6053333333</dst>
            <dst id="LOSAng">124247.448</dst>
            <dst id="NYCMng">159725.386666667</dst>
            <dst id="SNVAng">5323.008</dst>
            <dst id="STTLng">29209.568</dst>
            <dst id="WASHng">359851.36</dst>
        </src>
    </IntraTM>
</TrafficMatrixFile>
