<?xml version="1.0" encoding="ISO-8859-1" standalone="yes"?>
<TrafficMatrixFile xsi:noNamespaceSchemaLocation="http://totem.run.montefiore.ulg.ac.be/Schema/TrafficMatrix-v1_2.xsd" xmlns:xsi="http://www.w3.org/2001/XMLSchema-instance">
    <IntraTM ASID="11537">
        <src id="ATLA-M5">
            <dst id="ATLA-M5">1010.832</dst>
            <dst id="ATLAng">580.730666666667</dst>
            <dst id="CHINng">1120.20266666667</dst>
            <dst id="DNVRng">53.3333333333333</dst>
            <dst id="HSTNng">0</dst>
            <dst id="IPLSng">417.978666666667</dst>
            <dst id="KSCYng">99.5573333333334</dst>
            <dst id="LOSAng">167.832</dst>
            <dst id="NYCMng">1517.824</dst>
            <dst id="SNVAng">0</dst>
            <dst id="STTLng">26.6666666666667</dst>
            <dst id="WASHng">2504.216</dst>
        </src>
        <src id="ATLAng">
            <dst id="ATLA-M5">2364.688</dst>
            <dst id="ATLAng">40807.856</dst>
            <dst id="CHINng">17760.368</dst>
            <dst id="DNVRng">5062.76266666667</dst>
            <dst id="HSTNng">2859.11733333333</dst>
            <dst id="IPLSng">19964.4613333333</dst>
            <dst id="KSCYng">3408.936</dst>
            <dst id="LOSAng">29078.3813333333</dst>
            <dst id="NYCMng">8795.048</dst>
            <dst id="SNVAng">604.584</dst>
            <dst id="STTLng">5747.232</dst>
            <dst id="WASHng">49698.0506666667</dst>
        </src>
        <src id="CHINng">
            <dst id="ATLA-M5">1979.17333333333</dst>
            <dst id="ATLAng">26602.9573333333</dst>
            <dst id="CHINng">112754.530666667</dst>
            <dst id="DNVRng">20722.6133333333</dst>
            <dst id="HSTNng">54847.5466666667</dst>
            <dst id="IPLSng">59526.6613333333</dst>
            <dst id="KSCYng">14105.0346666667</dst>
            <dst id="LOSAng">2019443.76</dst>
            <dst id="NYCMng">25456.3653333333</dst>
            <dst id="SNVAng">2722.816</dst>
            <dst id="STTLng">8129.03466666667</dst>
            <dst id="WASHng">28316.808</dst>
        </src>
        <src id="DNVRng">
            <dst id="ATLA-M5">224.981333333333</dst>
            <dst id="ATLAng">7334.29866666667</dst>
            <dst id="CHINng">70870.8666666667</dst>
            <dst id="DNVRng">16468.3893333333</dst>
            <dst id="HSTNng">14920.2933333333</dst>
            <dst id="IPLSng">41324.4373333333</dst>
            <dst id="KSCYng">15187.1333333333</dst>
            <dst id="LOSAng">33962.3946666667</dst>
            <dst id="NYCMng">22630.2773333333</dst>
            <dst id="SNVAng">9714.336</dst>
            <dst id="STTLng">14840.5173333333</dst>
            <dst id="WASHng">46880.9706666667</dst>
        </src>
        <src id="HSTNng">
            <dst id="ATLA-M5">513.426666666667</dst>
            <dst id="ATLAng">3045.69866666667</dst>
            <dst id="CHINng">27925.9386666667</dst>
            <dst id="DNVRng">2253.78933333333</dst>
            <dst id="HSTNng">7326.22666666667</dst>
            <dst id="IPLSng">4807.36266666667</dst>
            <dst id="KSCYng">3697.576</dst>
            <dst id="LOSAng">4760.20266666667</dst>
            <dst id="NYCMng">10630.064</dst>
            <dst id="SNVAng">1695.54133333333</dst>
            <dst id="STTLng">2708.30933333333</dst>
            <dst id="WASHng">6636.89066666667</dst>
        </src>
        <src id="IPLSng">
            <dst id="ATLA-M5">533.466666666667</dst>
            <dst id="ATLAng">18452.2826666667</dst>
            <dst id="CHINng">117785.786666667</dst>
            <dst id="DNVRng">28692.1546666667</dst>
            <dst id="HSTNng">7228.92533333333</dst>
            <dst id="IPLSng">38296.3866666667</dst>
            <dst id="KSCYng">12718.04</dst>
            <dst id="LOSAng">40136.2826666667</dst>
            <dst id="NYCMng">62610.9333333333</dst>
            <dst id="SNVAng">1576.78133333333</dst>
            <dst id="STTLng">14054.0053333333</dst>
            <dst id="WASHng">36279.0133333333</dst>
        </src>
        <src id="KSCYng">
            <dst id="ATLA-M5">288.701333333333</dst>
            <dst id="ATLAng">2681.536</dst>
            <dst id="CHINng">26797</dst>
            <dst id="DNVRng">10254.7653333333</dst>
            <dst id="HSTNng">4331.57866666667</dst>
            <dst id="IPLSng">14199.968</dst>
            <dst id="KSCYng">6847.56</dst>
            <dst id="LOSAng">8533.65066666667</dst>
            <dst id="NYCMng">9522.41333333333</dst>
            <dst id="SNVAng">1305.76266666667</dst>
            <dst id="STTLng">1625.208</dst>
            <dst id="WASHng">18035.544</dst>
        </src>
        <src id="LOSAng">
            <dst id="ATLA-M5">1642.46933333333</dst>
            <dst id="ATLAng">24150.9573333333</dst>
            <dst id="CHINng">1088964.48</dst>
            <dst id="DNVRng">9320.192</dst>
            <dst id="HSTNng">10406.712</dst>
            <dst id="IPLSng">41249.256</dst>
            <dst id="KSCYng">14827.5893333333</dst>
            <dst id="LOSAng">6852.70666666667</dst>
            <dst id="NYCMng">62239.4533333333</dst>
            <dst id="SNVAng">11814.8746666667</dst>
            <dst id="STTLng">28672.4826666667</dst>
            <dst id="WASHng">104372.538666667</dst>
        </src>
        <src id="NYCMng">
            <dst id="ATLA-M5">1604.58133333333</dst>
            <dst id="ATLAng">34368.8</dst>
            <dst id="CHINng">58167.4773333333</dst>
            <dst id="DNVRng">32426.6533333333</dst>
            <dst id="HSTNng">24876.8293333333</dst>
            <dst id="IPLSng">54720.448</dst>
            <dst id="KSCYng">17886.2373333333</dst>
            <dst id="LOSAng">74943.5786666667</dst>
            <dst id="NYCMng">193170.637333333</dst>
            <dst id="SNVAng">9246.45333333333</dst>
            <dst id="STTLng">21412.4426666667</dst>
            <dst id="WASHng">162970.104</dst>
        </src>
        <src id="SNVAng">
            <dst id="ATLA-M5">103.714666666667</dst>
            <dst id="ATLAng">702.933333333334</dst>
            <dst id="CHINng">1207.712</dst>
            <dst id="DNVRng">3774.61066666667</dst>
            <dst id="HSTNng">633.653333333333</dst>
            <dst id="IPLSng">1841.904</dst>
            <dst id="KSCYng">200.208</dst>
            <dst id="LOSAng">32816.0853333333</dst>
            <dst id="NYCMng">1173.64</dst>
            <dst id="SNVAng">13333.3013333333</dst>
            <dst id="STTLng">49049.264</dst>
            <dst id="WASHng">1751.13066666667</dst>
        </src>
        <src id="STTLng">
            <dst id="ATLA-M5">208.392</dst>
            <dst id="ATLAng">10435.3253333333</dst>
            <dst id="CHINng">16765.4586666667</dst>
            <dst id="DNVRng">4450.552</dst>
            <dst id="HSTNng">11155.112</dst>
            <dst id="IPLSng">9968.072</dst>
            <dst id="KSCYng">4936.01333333333</dst>
            <dst id="LOSAng">16692.4293333333</dst>
            <dst id="NYCMng">12865.44</dst>
            <dst id="SNVAng">4635.37333333333</dst>
            <dst id="STTLng">5347.568</dst>
            <dst id="WASHng">9904.91733333333</dst>
        </src>
        <src id="WASHng">
            <dst id="ATLA-M5">863.194666666666</dst>
            <dst id="ATLAng">219304.757333333</dst>
            <dst id="CHINng">83453.048</dst>
            <dst id="DNVRng">49240.8</dst>
            <dst id="HSTNng">19994.2693333333</dst>
            <dst id="IPLSng">54207.0933333333</dst>
            <dst id="KSCYng">19356.672</dst>
            <dst id="LOSAng">113607.96</dst>
            <dst id="NYCMng">161357.338666667</dst>
            <dst id="SNVAng">1922.68</dst>
            <dst id="STTLng">44304.6853333333</dst>
            <dst id="WASHng">209259.314666667</dst>
        </src>
    </IntraTM>
</TrafficMatrixFile>
