<?xml version="1.0" encoding="ISO-8859-1" standalone="yes"?>
<TrafficMatrixFile xsi:noNamespaceSchemaLocation="http://totem.run.montefiore.ulg.ac.be/Schema/TrafficMatrix-v1_2.xsd" xmlns:xsi="http://www.w3.org/2001/XMLSchema-instance">
    <IntraTM ASID="11537">
        <src id="ATLA-M5">
            <dst id="ATLA-M5">648.762666666667</dst>
            <dst id="ATLAng">302.754666666667</dst>
            <dst id="CHINng">926.405333333333</dst>
            <dst id="DNVRng">26.6666666666667</dst>
            <dst id="HSTNng">244.648</dst>
            <dst id="IPLSng">1561.832</dst>
            <dst id="KSCYng">128.2</dst>
            <dst id="LOSAng">617.381333333333</dst>
            <dst id="NYCMng">294.978666666667</dst>
            <dst id="SNVAng">1322.27733333333</dst>
            <dst id="STTLng">80</dst>
            <dst id="WASHng">1923.968</dst>
        </src>
        <src id="ATLAng">
            <dst id="ATLA-M5">1215.26133333333</dst>
            <dst id="ATLAng">36454.456</dst>
            <dst id="CHINng">25967.2186666667</dst>
            <dst id="DNVRng">3453.57066666667</dst>
            <dst id="HSTNng">13219.264</dst>
            <dst id="IPLSng">24166.256</dst>
            <dst id="KSCYng">6237.28266666667</dst>
            <dst id="LOSAng">39450.7466666667</dst>
            <dst id="NYCMng">7297.944</dst>
            <dst id="SNVAng">1119.54933333333</dst>
            <dst id="STTLng">4487.62933333333</dst>
            <dst id="WASHng">41821.8693333333</dst>
        </src>
        <src id="CHINng">
            <dst id="ATLA-M5">2946.99466666667</dst>
            <dst id="ATLAng">27841.648</dst>
            <dst id="CHINng">107643.141333333</dst>
            <dst id="DNVRng">33048.616</dst>
            <dst id="HSTNng">52019.936</dst>
            <dst id="IPLSng">59642.8906666667</dst>
            <dst id="KSCYng">18328.216</dst>
            <dst id="LOSAng">2048026.85333333</dst>
            <dst id="NYCMng">29192.992</dst>
            <dst id="SNVAng">2815.352</dst>
            <dst id="STTLng">10394.4826666667</dst>
            <dst id="WASHng">58804.9973333333</dst>
        </src>
        <src id="DNVRng">
            <dst id="ATLA-M5">361.629333333333</dst>
            <dst id="ATLAng">10385.5573333333</dst>
            <dst id="CHINng">67605.224</dst>
            <dst id="DNVRng">17595.0026666667</dst>
            <dst id="HSTNng">18675.8106666667</dst>
            <dst id="IPLSng">34455.8826666667</dst>
            <dst id="KSCYng">24786.4986666667</dst>
            <dst id="LOSAng">10178.528</dst>
            <dst id="NYCMng">21479.7946666667</dst>
            <dst id="SNVAng">12106.3546666667</dst>
            <dst id="STTLng">13474.1626666667</dst>
            <dst id="WASHng">49179.456</dst>
        </src>
        <src id="HSTNng">
            <dst id="ATLA-M5">2664.73333333333</dst>
            <dst id="ATLAng">3283.51733333333</dst>
            <dst id="CHINng">24982.4826666667</dst>
            <dst id="DNVRng">5589.97333333333</dst>
            <dst id="HSTNng">7277.488</dst>
            <dst id="IPLSng">9586.6</dst>
            <dst id="KSCYng">2708.13066666667</dst>
            <dst id="LOSAng">6722.45866666667</dst>
            <dst id="NYCMng">8994.06666666667</dst>
            <dst id="SNVAng">1125.86133333333</dst>
            <dst id="STTLng">1617.68</dst>
            <dst id="WASHng">12989.848</dst>
        </src>
        <src id="IPLSng">
            <dst id="ATLA-M5">633.874666666667</dst>
            <dst id="ATLAng">22931.4773333333</dst>
            <dst id="CHINng">132436.698666667</dst>
            <dst id="DNVRng">18489.4426666667</dst>
            <dst id="HSTNng">10006.904</dst>
            <dst id="IPLSng">22714.408</dst>
            <dst id="KSCYng">12020.9706666667</dst>
            <dst id="LOSAng">57512.7013333333</dst>
            <dst id="NYCMng">50603.0506666667</dst>
            <dst id="SNVAng">5673.448</dst>
            <dst id="STTLng">14464.8693333333</dst>
            <dst id="WASHng">48619.8026666667</dst>
        </src>
        <src id="KSCYng">
            <dst id="ATLA-M5">211.128</dst>
            <dst id="ATLAng">11294.9093333333</dst>
            <dst id="CHINng">22877.4213333333</dst>
            <dst id="DNVRng">11110.2586666667</dst>
            <dst id="HSTNng">4269.71466666667</dst>
            <dst id="IPLSng">16271.32</dst>
            <dst id="KSCYng">8342.576</dst>
            <dst id="LOSAng">9825.91466666667</dst>
            <dst id="NYCMng">5597.008</dst>
            <dst id="SNVAng">3089.03733333333</dst>
            <dst id="STTLng">1634.776</dst>
            <dst id="WASHng">13120.448</dst>
        </src>
        <src id="LOSAng">
            <dst id="ATLA-M5">4729.456</dst>
            <dst id="ATLAng">15024.368</dst>
            <dst id="CHINng">1104130.74666667</dst>
            <dst id="DNVRng">10246.1333333333</dst>
            <dst id="HSTNng">51015.896</dst>
            <dst id="IPLSng">43817.5173333333</dst>
            <dst id="KSCYng">21562.824</dst>
            <dst id="LOSAng">10382.248</dst>
            <dst id="NYCMng">85224.1306666667</dst>
            <dst id="SNVAng">15741.4</dst>
            <dst id="STTLng">23152.2613333333</dst>
            <dst id="WASHng">101600.069333333</dst>
        </src>
        <src id="NYCMng">
            <dst id="ATLA-M5">2068.57866666667</dst>
            <dst id="ATLAng">31753.768</dst>
            <dst id="CHINng">57041.5413333333</dst>
            <dst id="DNVRng">46112.4053333333</dst>
            <dst id="HSTNng">16327.504</dst>
            <dst id="IPLSng">71163.5893333334</dst>
            <dst id="KSCYng">30693.4026666667</dst>
            <dst id="LOSAng">81891.5786666667</dst>
            <dst id="NYCMng">216582.056</dst>
            <dst id="SNVAng">6123.78933333333</dst>
            <dst id="STTLng">19925.5706666667</dst>
            <dst id="WASHng">187290.053333333</dst>
        </src>
        <src id="SNVAng">
            <dst id="ATLA-M5">326.648</dst>
            <dst id="ATLAng">183.656</dst>
            <dst id="CHINng">1245.26666666667</dst>
            <dst id="DNVRng">5436.62933333333</dst>
            <dst id="HSTNng">1003.23466666667</dst>
            <dst id="IPLSng">4635.73866666667</dst>
            <dst id="KSCYng">775.376</dst>
            <dst id="LOSAng">37095.0746666667</dst>
            <dst id="NYCMng">532.242666666667</dst>
            <dst id="SNVAng">15402.272</dst>
            <dst id="STTLng">56562.5306666667</dst>
            <dst id="WASHng">1888.50933333333</dst>
        </src>
        <src id="STTLng">
            <dst id="ATLA-M5">429.554666666667</dst>
            <dst id="ATLAng">7106.70666666667</dst>
            <dst id="CHINng">15253.1786666667</dst>
            <dst id="DNVRng">9545.952</dst>
            <dst id="HSTNng">12047.9013333333</dst>
            <dst id="IPLSng">14180.352</dst>
            <dst id="KSCYng">6302.07466666667</dst>
            <dst id="LOSAng">24410.024</dst>
            <dst id="NYCMng">7310.91733333333</dst>
            <dst id="SNVAng">3771.568</dst>
            <dst id="STTLng">6964.01333333334</dst>
            <dst id="WASHng">12370.6666666667</dst>
        </src>
        <src id="WASHng">
            <dst id="ATLA-M5">1831.76</dst>
            <dst id="ATLAng">266958.026666667</dst>
            <dst id="CHINng">80365.9466666667</dst>
            <dst id="DNVRng">58907.5706666667</dst>
            <dst id="HSTNng">23895.2773333333</dst>
            <dst id="IPLSng">65627.48</dst>
            <dst id="KSCYng">17286.4506666667</dst>
            <dst id="LOSAng">123940.605333333</dst>
            <dst id="NYCMng">206234.853333333</dst>
            <dst id="SNVAng">6840.352</dst>
            <dst id="STTLng">31382.6746666667</dst>
            <dst id="WASHng">362172.693333333</dst>
        </src>
    </IntraTM>
</TrafficMatrixFile>
