<?xml version="1.0" encoding="ISO-8859-1" standalone="yes"?>
<TrafficMatrixFile xsi:noNamespaceSchemaLocation="http://totem.run.montefiore.ulg.ac.be/Schema/TrafficMatrix-v1_2.xsd" xmlns:xsi="http://www.w3.org/2001/XMLSchema-instance">
    <IntraTM ASID="11537">
        <src id="ATLA-M5">
            <dst id="ATLA-M5">660.112</dst>
            <dst id="ATLAng">371.333333333333</dst>
            <dst id="CHINng">1391.44</dst>
            <dst id="DNVRng">0</dst>
            <dst id="HSTNng">160</dst>
            <dst id="IPLSng">934.946666666667</dst>
            <dst id="KSCYng">67.4693333333334</dst>
            <dst id="LOSAng">262.52</dst>
            <dst id="NYCMng">0</dst>
            <dst id="SNVAng">124.698666666667</dst>
            <dst id="STTLng">106.592</dst>
            <dst id="WASHng">1194.71733333333</dst>
        </src>
        <src id="ATLAng">
            <dst id="ATLA-M5">976.44</dst>
            <dst id="ATLAng">51698.0986666667</dst>
            <dst id="CHINng">19121.6266666667</dst>
            <dst id="DNVRng">5879.664</dst>
            <dst id="HSTNng">3575.24533333333</dst>
            <dst id="IPLSng">22228.4506666667</dst>
            <dst id="KSCYng">3077.072</dst>
            <dst id="LOSAng">21722.7573333333</dst>
            <dst id="NYCMng">1619.24</dst>
            <dst id="SNVAng">546.690666666667</dst>
            <dst id="STTLng">4158.704</dst>
            <dst id="WASHng">68909.7573333333</dst>
        </src>
        <src id="CHINng">
            <dst id="ATLA-M5">1689.13333333333</dst>
            <dst id="ATLAng">31979.9093333333</dst>
            <dst id="CHINng">96207.6693333333</dst>
            <dst id="DNVRng">22983.072</dst>
            <dst id="HSTNng">53344.7866666667</dst>
            <dst id="IPLSng">67440.3946666667</dst>
            <dst id="KSCYng">16926.6506666667</dst>
            <dst id="LOSAng">2059831.73333333</dst>
            <dst id="NYCMng">4713.03466666667</dst>
            <dst id="SNVAng">3556.376</dst>
            <dst id="STTLng">28017.2826666667</dst>
            <dst id="WASHng">41684.3546666667</dst>
        </src>
        <src id="DNVRng">
            <dst id="ATLA-M5">398.056</dst>
            <dst id="ATLAng">4414.21066666667</dst>
            <dst id="CHINng">65294.5226666667</dst>
            <dst id="DNVRng">24157.68</dst>
            <dst id="HSTNng">17375.4346666667</dst>
            <dst id="IPLSng">38212.912</dst>
            <dst id="KSCYng">22676.0053333333</dst>
            <dst id="LOSAng">21363.6933333333</dst>
            <dst id="NYCMng">1657.33333333333</dst>
            <dst id="SNVAng">14313.0346666667</dst>
            <dst id="STTLng">15095.2613333333</dst>
            <dst id="WASHng">23168.32</dst>
        </src>
        <src id="HSTNng">
            <dst id="ATLA-M5">904.864</dst>
            <dst id="ATLAng">8367.13866666667</dst>
            <dst id="CHINng">26835.2346666667</dst>
            <dst id="DNVRng">2940.46933333333</dst>
            <dst id="HSTNng">6416.62933333333</dst>
            <dst id="IPLSng">7087.51466666667</dst>
            <dst id="KSCYng">4415.56533333333</dst>
            <dst id="LOSAng">5908.54933333333</dst>
            <dst id="NYCMng">1552.85066666667</dst>
            <dst id="SNVAng">1008.96533333333</dst>
            <dst id="STTLng">3209.46666666667</dst>
            <dst id="WASHng">9929.13333333333</dst>
        </src>
        <src id="IPLSng">
            <dst id="ATLA-M5">1469.91466666667</dst>
            <dst id="ATLAng">16878.344</dst>
            <dst id="CHINng">151779.650666667</dst>
            <dst id="DNVRng">22725.4</dst>
            <dst id="HSTNng">7324.208</dst>
            <dst id="IPLSng">26531.008</dst>
            <dst id="KSCYng">10317.248</dst>
            <dst id="LOSAng">65327.2533333333</dst>
            <dst id="NYCMng">398.482666666667</dst>
            <dst id="SNVAng">2690.28266666667</dst>
            <dst id="STTLng">15150.2426666667</dst>
            <dst id="WASHng">37578.184</dst>
        </src>
        <src id="KSCYng">
            <dst id="ATLA-M5">363.216</dst>
            <dst id="ATLAng">2333.6</dst>
            <dst id="CHINng">21980.8586666667</dst>
            <dst id="DNVRng">9883.968</dst>
            <dst id="HSTNng">3689.28</dst>
            <dst id="IPLSng">13731.8293333333</dst>
            <dst id="KSCYng">13497.096</dst>
            <dst id="LOSAng">5696.88266666667</dst>
            <dst id="NYCMng">313.802666666667</dst>
            <dst id="SNVAng">661.157333333333</dst>
            <dst id="STTLng">5158.70133333333</dst>
            <dst id="WASHng">10604.8133333333</dst>
        </src>
        <src id="LOSAng">
            <dst id="ATLA-M5">2211.4</dst>
            <dst id="ATLAng">39508.368</dst>
            <dst id="CHINng">1097519.62666667</dst>
            <dst id="DNVRng">14331.872</dst>
            <dst id="HSTNng">9198.66666666667</dst>
            <dst id="IPLSng">46752.8773333333</dst>
            <dst id="KSCYng">11267.1653333333</dst>
            <dst id="LOSAng">14255.6026666667</dst>
            <dst id="NYCMng">1728.28</dst>
            <dst id="SNVAng">10899.6133333333</dst>
            <dst id="STTLng">26458.56</dst>
            <dst id="WASHng">96213.5706666667</dst>
        </src>
        <src id="NYCMng">
            <dst id="ATLA-M5">0</dst>
            <dst id="ATLAng">4843.56533333333</dst>
            <dst id="CHINng">12556.4053333333</dst>
            <dst id="DNVRng">9414.91733333333</dst>
            <dst id="HSTNng">4956.296</dst>
            <dst id="IPLSng">0</dst>
            <dst id="KSCYng">4097.19733333333</dst>
            <dst id="LOSAng">15968.256</dst>
            <dst id="NYCMng">30115.8106666667</dst>
            <dst id="SNVAng">1009.85866666667</dst>
            <dst id="STTLng">0</dst>
            <dst id="WASHng">27734.7813333333</dst>
        </src>
        <src id="SNVAng">
            <dst id="ATLA-M5">26.6666666666667</dst>
            <dst id="ATLAng">84.928</dst>
            <dst id="CHINng">1895.33333333333</dst>
            <dst id="DNVRng">17772.792</dst>
            <dst id="HSTNng">139.368</dst>
            <dst id="IPLSng">10777.0426666667</dst>
            <dst id="KSCYng">6094.79733333333</dst>
            <dst id="LOSAng">41907.072</dst>
            <dst id="NYCMng">976.202666666667</dst>
            <dst id="SNVAng">20866.2293333333</dst>
            <dst id="STTLng">57600.6133333333</dst>
            <dst id="WASHng">95.8026666666667</dst>
        </src>
        <src id="STTLng">
            <dst id="ATLA-M5">106.666666666667</dst>
            <dst id="ATLAng">12991.9253333333</dst>
            <dst id="CHINng">17488.4213333333</dst>
            <dst id="DNVRng">3998.18666666667</dst>
            <dst id="HSTNng">9677.33333333333</dst>
            <dst id="IPLSng">7135.86666666667</dst>
            <dst id="KSCYng">3074.53333333333</dst>
            <dst id="LOSAng">25635.712</dst>
            <dst id="NYCMng">479.034666666667</dst>
            <dst id="SNVAng">5417.224</dst>
            <dst id="STTLng">10811.2053333333</dst>
            <dst id="WASHng">10252.0213333333</dst>
        </src>
        <src id="WASHng">
            <dst id="ATLA-M5">3511.16</dst>
            <dst id="ATLAng">102319.72</dst>
            <dst id="CHINng">81134.0426666667</dst>
            <dst id="DNVRng">53377.3226666667</dst>
            <dst id="HSTNng">27893.7253333333</dst>
            <dst id="IPLSng">75200.392</dst>
            <dst id="KSCYng">23570.9333333333</dst>
            <dst id="LOSAng">117051.650666667</dst>
            <dst id="NYCMng">78332.256</dst>
            <dst id="SNVAng">6393.08266666667</dst>
            <dst id="STTLng">25347.624</dst>
            <dst id="WASHng">238734.344</dst>
        </src>
    </IntraTM>
</TrafficMatrixFile>
