<?xml version="1.0" encoding="ISO-8859-1" standalone="yes"?>
<TrafficMatrixFile xsi:noNamespaceSchemaLocation="http://totem.run.montefiore.ulg.ac.be/Schema/TrafficMatrix-v1_2.xsd" xmlns:xsi="http://www.w3.org/2001/XMLSchema-instance">
    <IntraTM ASID="11537">
        <src id="ATLA-M5">
            <dst id="ATLA-M5">82.704</dst>
            <dst id="ATLAng">60.1066666666667</dst>
            <dst id="CHINng">232.293333333333</dst>
            <dst id="DNVRng">0</dst>
            <dst id="HSTNng">112.597333333333</dst>
            <dst id="IPLSng">129.978666666667</dst>
            <dst id="KSCYng">398.16</dst>
            <dst id="LOSAng">151.394666666667</dst>
            <dst id="NYCMng">618.384</dst>
            <dst id="SNVAng">0</dst>
            <dst id="STTLng">66.5413333333333</dst>
            <dst id="WASHng">974.813333333333</dst>
        </src>
        <src id="ATLAng">
            <dst id="ATLA-M5">348.261333333333</dst>
            <dst id="ATLAng">55067.984</dst>
            <dst id="CHINng">24245.96</dst>
            <dst id="DNVRng">2931.408</dst>
            <dst id="HSTNng">5013.06666666667</dst>
            <dst id="IPLSng">13496.4426666667</dst>
            <dst id="KSCYng">3812.41333333333</dst>
            <dst id="LOSAng">15436.0053333333</dst>
            <dst id="NYCMng">11819.064</dst>
            <dst id="SNVAng">181.008</dst>
            <dst id="STTLng">3817.32533333333</dst>
            <dst id="WASHng">50224</dst>
        </src>
        <src id="CHINng">
            <dst id="ATLA-M5">2390.544</dst>
            <dst id="ATLAng">25877.0506666667</dst>
            <dst id="CHINng">119633.984</dst>
            <dst id="DNVRng">27309.0533333333</dst>
            <dst id="HSTNng">68471.904</dst>
            <dst id="IPLSng">62441.3173333333</dst>
            <dst id="KSCYng">14109.696</dst>
            <dst id="LOSAng">47149.8426666667</dst>
            <dst id="NYCMng">29068.3306666667</dst>
            <dst id="SNVAng">2535.2</dst>
            <dst id="STTLng">19089.7786666667</dst>
            <dst id="WASHng">23526.472</dst>
        </src>
        <src id="DNVRng">
            <dst id="ATLA-M5">168.421333333333</dst>
            <dst id="ATLAng">3906.744</dst>
            <dst id="CHINng">82103.224</dst>
            <dst id="DNVRng">10173.6053333333</dst>
            <dst id="HSTNng">15581.9333333333</dst>
            <dst id="IPLSng">32019.12</dst>
            <dst id="KSCYng">17745.2666666667</dst>
            <dst id="LOSAng">21379.9306666667</dst>
            <dst id="NYCMng">22672.536</dst>
            <dst id="SNVAng">14760.296</dst>
            <dst id="STTLng">10684.2986666667</dst>
            <dst id="WASHng">41945.5546666667</dst>
        </src>
        <src id="HSTNng">
            <dst id="ATLA-M5">640.498666666667</dst>
            <dst id="ATLAng">5111.94933333333</dst>
            <dst id="CHINng">21599.072</dst>
            <dst id="DNVRng">1463.55466666667</dst>
            <dst id="HSTNng">5878.136</dst>
            <dst id="IPLSng">14159.9466666667</dst>
            <dst id="KSCYng">4770.53333333333</dst>
            <dst id="LOSAng">4568.50666666667</dst>
            <dst id="NYCMng">6004.704</dst>
            <dst id="SNVAng">1885.20266666667</dst>
            <dst id="STTLng">3422.656</dst>
            <dst id="WASHng">5650.19733333333</dst>
        </src>
        <src id="IPLSng">
            <dst id="ATLA-M5">451.957333333333</dst>
            <dst id="ATLAng">11945.896</dst>
            <dst id="CHINng">122358.877333333</dst>
            <dst id="DNVRng">19942.7413333333</dst>
            <dst id="HSTNng">8091.00533333333</dst>
            <dst id="IPLSng">34186.1786666667</dst>
            <dst id="KSCYng">8988.90133333334</dst>
            <dst id="LOSAng">21662.088</dst>
            <dst id="NYCMng">95563.4186666667</dst>
            <dst id="SNVAng">1584.25066666667</dst>
            <dst id="STTLng">12501.048</dst>
            <dst id="WASHng">40696.2213333333</dst>
        </src>
        <src id="KSCYng">
            <dst id="ATLA-M5">321.013333333333</dst>
            <dst id="ATLAng">5351.31733333333</dst>
            <dst id="CHINng">29737.9546666667</dst>
            <dst id="DNVRng">12077.384</dst>
            <dst id="HSTNng">4724.216</dst>
            <dst id="IPLSng">22309.752</dst>
            <dst id="KSCYng">9826.48</dst>
            <dst id="LOSAng">3316.51733333333</dst>
            <dst id="NYCMng">7124.18133333333</dst>
            <dst id="SNVAng">159.976</dst>
            <dst id="STTLng">1544.13066666667</dst>
            <dst id="WASHng">14013.6106666667</dst>
        </src>
        <src id="LOSAng">
            <dst id="ATLA-M5">1769.87733333333</dst>
            <dst id="ATLAng">17043.3093333333</dst>
            <dst id="CHINng">82029.7466666667</dst>
            <dst id="DNVRng">7457.87466666667</dst>
            <dst id="HSTNng">34834.3653333333</dst>
            <dst id="IPLSng">28838.9733333333</dst>
            <dst id="KSCYng">8825.02133333333</dst>
            <dst id="LOSAng">25615.5093333333</dst>
            <dst id="NYCMng">63493.1733333333</dst>
            <dst id="SNVAng">9391.30933333333</dst>
            <dst id="STTLng">22695.6</dst>
            <dst id="WASHng">88372.8293333333</dst>
        </src>
        <src id="NYCMng">
            <dst id="ATLA-M5">1079.296</dst>
            <dst id="ATLAng">19400.3226666667</dst>
            <dst id="CHINng">60752.5173333333</dst>
            <dst id="DNVRng">29827.4533333333</dst>
            <dst id="HSTNng">16329.616</dst>
            <dst id="IPLSng">56565.0266666667</dst>
            <dst id="KSCYng">19126.8826666667</dst>
            <dst id="LOSAng">37439.3386666667</dst>
            <dst id="NYCMng">217709.704</dst>
            <dst id="SNVAng">904.061333333333</dst>
            <dst id="STTLng">31407.8426666667</dst>
            <dst id="WASHng">131477.445333333</dst>
        </src>
        <src id="SNVAng">
            <dst id="ATLA-M5">0</dst>
            <dst id="ATLAng">1499.58666666667</dst>
            <dst id="CHINng">2203.784</dst>
            <dst id="DNVRng">9426.39466666667</dst>
            <dst id="HSTNng">146.330666666667</dst>
            <dst id="IPLSng">6243.984</dst>
            <dst id="KSCYng">167.8</dst>
            <dst id="LOSAng">34915.6293333333</dst>
            <dst id="NYCMng">1139.432</dst>
            <dst id="SNVAng">12259.5386666667</dst>
            <dst id="STTLng">44453.1466666667</dst>
            <dst id="WASHng">410.168</dst>
        </src>
        <src id="STTLng">
            <dst id="ATLA-M5">670.402666666667</dst>
            <dst id="ATLAng">4429.37066666667</dst>
            <dst id="CHINng">18248.816</dst>
            <dst id="DNVRng">2231.84266666667</dst>
            <dst id="HSTNng">2379.59466666667</dst>
            <dst id="IPLSng">4900.464</dst>
            <dst id="KSCYng">3052.62133333333</dst>
            <dst id="LOSAng">16998.6506666667</dst>
            <dst id="NYCMng">6809.728</dst>
            <dst id="SNVAng">3692.80533333333</dst>
            <dst id="STTLng">7328.12</dst>
            <dst id="WASHng">9755.86666666667</dst>
        </src>
        <src id="WASHng">
            <dst id="ATLA-M5">2887.38666666667</dst>
            <dst id="ATLAng">67520.272</dst>
            <dst id="CHINng">78884.608</dst>
            <dst id="DNVRng">52315.528</dst>
            <dst id="HSTNng">9503.49066666667</dst>
            <dst id="IPLSng">53779.4746666667</dst>
            <dst id="KSCYng">17820.216</dst>
            <dst id="LOSAng">90823.672</dst>
            <dst id="NYCMng">175894.946666667</dst>
            <dst id="SNVAng">692.92</dst>
            <dst id="STTLng">32658.92</dst>
            <dst id="WASHng">278975.466666667</dst>
        </src>
    </IntraTM>
</TrafficMatrixFile>
