<?xml version="1.0" encoding="ISO-8859-1" standalone="yes"?>
<TrafficMatrixFile xsi:noNamespaceSchemaLocation="http://totem.run.montefiore.ulg.ac.be/Schema/TrafficMatrix-v1_2.xsd" xmlns:xsi="http://www.w3.org/2001/XMLSchema-instance">
    <IntraTM ASID="11537">
        <src id="ATLA-M5">
            <dst id="ATLA-M5">39.1146666666667</dst>
            <dst id="ATLAng">67.8853333333333</dst>
            <dst id="CHINng">268.706666666667</dst>
            <dst id="DNVRng">0</dst>
            <dst id="HSTNng">161.16</dst>
            <dst id="IPLSng">436.208</dst>
            <dst id="KSCYng">325.389333333333</dst>
            <dst id="LOSAng">80</dst>
            <dst id="NYCMng">26.6666666666667</dst>
            <dst id="SNVAng">26.6666666666667</dst>
            <dst id="STTLng">259.744</dst>
            <dst id="WASHng">390.949333333333</dst>
        </src>
        <src id="ATLAng">
            <dst id="ATLA-M5">984.165333333333</dst>
            <dst id="ATLAng">24942.768</dst>
            <dst id="CHINng">14315.7226666667</dst>
            <dst id="DNVRng">7706.76266666667</dst>
            <dst id="HSTNng">5086.56</dst>
            <dst id="IPLSng">12666.88</dst>
            <dst id="KSCYng">1033.46933333333</dst>
            <dst id="LOSAng">17676.368</dst>
            <dst id="NYCMng">3968.42666666667</dst>
            <dst id="SNVAng">362.349333333333</dst>
            <dst id="STTLng">3124.30133333333</dst>
            <dst id="WASHng">30234.7333333333</dst>
        </src>
        <src id="CHINng">
            <dst id="ATLA-M5">349.528</dst>
            <dst id="ATLAng">11128.0906666667</dst>
            <dst id="CHINng">138084.749333333</dst>
            <dst id="DNVRng">8365.312</dst>
            <dst id="HSTNng">47716.8266666667</dst>
            <dst id="IPLSng">33203.4826666667</dst>
            <dst id="KSCYng">8765.48266666667</dst>
            <dst id="LOSAng">55949.1333333333</dst>
            <dst id="NYCMng">14523.5013333333</dst>
            <dst id="SNVAng">2779.84</dst>
            <dst id="STTLng">12088.1173333333</dst>
            <dst id="WASHng">23931.1706666667</dst>
        </src>
        <src id="DNVRng">
            <dst id="ATLA-M5">131.392</dst>
            <dst id="ATLAng">2937.77333333333</dst>
            <dst id="CHINng">80107.28</dst>
            <dst id="DNVRng">2232.84</dst>
            <dst id="HSTNng">10838.664</dst>
            <dst id="IPLSng">23215.8613333333</dst>
            <dst id="KSCYng">8704.49333333333</dst>
            <dst id="LOSAng">3117.104</dst>
            <dst id="NYCMng">11770.2106666667</dst>
            <dst id="SNVAng">4942.15466666667</dst>
            <dst id="STTLng">9004.76266666667</dst>
            <dst id="WASHng">34777.0826666667</dst>
        </src>
        <src id="HSTNng">
            <dst id="ATLA-M5">5653.016</dst>
            <dst id="ATLAng">1456.064</dst>
            <dst id="CHINng">15980.4853333333</dst>
            <dst id="DNVRng">1623.944</dst>
            <dst id="HSTNng">3218.30133333333</dst>
            <dst id="IPLSng">2959.66666666667</dst>
            <dst id="KSCYng">1476.34133333333</dst>
            <dst id="LOSAng">2629.08</dst>
            <dst id="NYCMng">3775.53066666667</dst>
            <dst id="SNVAng">1422.36533333333</dst>
            <dst id="STTLng">1841.22666666667</dst>
            <dst id="WASHng">3899.104</dst>
        </src>
        <src id="IPLSng">
            <dst id="ATLA-M5">525.573333333333</dst>
            <dst id="ATLAng">11375.4506666667</dst>
            <dst id="CHINng">104911.637333333</dst>
            <dst id="DNVRng">5685.84533333333</dst>
            <dst id="HSTNng">5303.52</dst>
            <dst id="IPLSng">11807.176</dst>
            <dst id="KSCYng">6605.88533333333</dst>
            <dst id="LOSAng">44984.7813333333</dst>
            <dst id="NYCMng">32590.8186666667</dst>
            <dst id="SNVAng">4520.05066666667</dst>
            <dst id="STTLng">15080.9813333333</dst>
            <dst id="WASHng">25472.7893333333</dst>
        </src>
        <src id="KSCYng">
            <dst id="ATLA-M5">113.589333333333</dst>
            <dst id="ATLAng">1836.46933333333</dst>
            <dst id="CHINng">19890.6773333333</dst>
            <dst id="DNVRng">8154.432</dst>
            <dst id="HSTNng">15291.6666666667</dst>
            <dst id="IPLSng">5625.15733333333</dst>
            <dst id="KSCYng">8755.41866666667</dst>
            <dst id="LOSAng">4536.78133333333</dst>
            <dst id="NYCMng">4525.81333333333</dst>
            <dst id="SNVAng">203.098666666667</dst>
            <dst id="STTLng">3487.76533333333</dst>
            <dst id="WASHng">11027.8746666667</dst>
        </src>
        <src id="LOSAng">
            <dst id="ATLA-M5">686.749333333333</dst>
            <dst id="ATLAng">7490.128</dst>
            <dst id="CHINng">76283.2746666667</dst>
            <dst id="DNVRng">8093.72533333333</dst>
            <dst id="HSTNng">3708.28533333333</dst>
            <dst id="IPLSng">18125.7973333333</dst>
            <dst id="KSCYng">6825.36266666667</dst>
            <dst id="LOSAng">24811.632</dst>
            <dst id="NYCMng">39982.872</dst>
            <dst id="SNVAng">8982.032</dst>
            <dst id="STTLng">18858.7893333333</dst>
            <dst id="WASHng">72955.9786666667</dst>
        </src>
        <src id="NYCMng">
            <dst id="ATLA-M5">1050.29066666667</dst>
            <dst id="ATLAng">10974.9546666667</dst>
            <dst id="CHINng">41846.6426666667</dst>
            <dst id="DNVRng">29414.3546666667</dst>
            <dst id="HSTNng">8534.78133333333</dst>
            <dst id="IPLSng">23966.5386666667</dst>
            <dst id="KSCYng">8533.18133333333</dst>
            <dst id="LOSAng">56620.3146666667</dst>
            <dst id="NYCMng">133976.370666667</dst>
            <dst id="SNVAng">6050.08</dst>
            <dst id="STTLng">21535.104</dst>
            <dst id="WASHng">68499.5333333333</dst>
        </src>
        <src id="SNVAng">
            <dst id="ATLA-M5">239.757333333333</dst>
            <dst id="ATLAng">53.3333333333333</dst>
            <dst id="CHINng">1226.37066666667</dst>
            <dst id="DNVRng">2044.85066666667</dst>
            <dst id="HSTNng">94.3253333333333</dst>
            <dst id="IPLSng">377.330666666667</dst>
            <dst id="KSCYng">26.6666666666667</dst>
            <dst id="LOSAng">29015.1946666667</dst>
            <dst id="NYCMng">396.456</dst>
            <dst id="SNVAng">11446.3653333333</dst>
            <dst id="STTLng">48046.8906666667</dst>
            <dst id="WASHng">207.565333333333</dst>
        </src>
        <src id="STTLng">
            <dst id="ATLA-M5">564.354666666667</dst>
            <dst id="ATLAng">4873.26133333333</dst>
            <dst id="CHINng">17768.2693333333</dst>
            <dst id="DNVRng">3887.34933333333</dst>
            <dst id="HSTNng">4491.928</dst>
            <dst id="IPLSng">3429.38666666667</dst>
            <dst id="KSCYng">10092.0773333333</dst>
            <dst id="LOSAng">17191.392</dst>
            <dst id="NYCMng">5666.92533333333</dst>
            <dst id="SNVAng">3254.176</dst>
            <dst id="STTLng">525.072</dst>
            <dst id="WASHng">8319.57066666666</dst>
        </src>
        <src id="WASHng">
            <dst id="ATLA-M5">909.056</dst>
            <dst id="ATLAng">96990.2746666667</dst>
            <dst id="CHINng">59488.2533333333</dst>
            <dst id="DNVRng">34660.0826666667</dst>
            <dst id="HSTNng">4313.05866666667</dst>
            <dst id="IPLSng">56471.8266666667</dst>
            <dst id="KSCYng">9406.21333333333</dst>
            <dst id="LOSAng">83444.848</dst>
            <dst id="NYCMng">190127.84</dst>
            <dst id="SNVAng">4353.16533333333</dst>
            <dst id="STTLng">32701.576</dst>
            <dst id="WASHng">180911.074666667</dst>
        </src>
    </IntraTM>
</TrafficMatrixFile>
