<?xml version="1.0" encoding="ISO-8859-1" standalone="yes"?>
<TrafficMatrixFile xsi:noNamespaceSchemaLocation="http://totem.run.montefiore.ulg.ac.be/Schema/TrafficMatrix-v1_2.xsd" xmlns:xsi="http://www.w3.org/2001/XMLSchema-instance">
    <IntraTM ASID="11537">
        <src id="ATLA-M5">
            <dst id="ATLA-M5">32.5653333333333</dst>
            <dst id="ATLAng">3744.472</dst>
            <dst id="CHINng">702.546666666667</dst>
            <dst id="DNVRng">26.6666666666667</dst>
            <dst id="HSTNng">67.8106666666667</dst>
            <dst id="IPLSng">1406.32533333333</dst>
            <dst id="KSCYng">115.645333333333</dst>
            <dst id="LOSAng">590.621333333333</dst>
            <dst id="NYCMng">196.837333333333</dst>
            <dst id="SNVAng">618.08</dst>
            <dst id="STTLng">115.490666666667</dst>
            <dst id="WASHng">662.474666666667</dst>
        </src>
        <src id="ATLAng">
            <dst id="ATLA-M5">2692.528</dst>
            <dst id="ATLAng">21130.5226666667</dst>
            <dst id="CHINng">27008.152</dst>
            <dst id="DNVRng">3333.46133333333</dst>
            <dst id="HSTNng">1893.88533333333</dst>
            <dst id="IPLSng">27155.2693333333</dst>
            <dst id="KSCYng">5089.968</dst>
            <dst id="LOSAng">24478.184</dst>
            <dst id="NYCMng">16422.736</dst>
            <dst id="SNVAng">1167.49333333333</dst>
            <dst id="STTLng">6899.01066666667</dst>
            <dst id="WASHng">31112.1573333333</dst>
        </src>
        <src id="CHINng">
            <dst id="ATLA-M5">1121.296</dst>
            <dst id="ATLAng">38482.7733333333</dst>
            <dst id="CHINng">86485.384</dst>
            <dst id="DNVRng">24733.1253333333</dst>
            <dst id="HSTNng">55412.8213333333</dst>
            <dst id="IPLSng">52968.352</dst>
            <dst id="KSCYng">22066.4453333333</dst>
            <dst id="LOSAng">79456.256</dst>
            <dst id="NYCMng">28541.9093333333</dst>
            <dst id="SNVAng">3851.25866666667</dst>
            <dst id="STTLng">12149.9226666667</dst>
            <dst id="WASHng">29332.2906666667</dst>
        </src>
        <src id="DNVRng">
            <dst id="ATLA-M5">350.68</dst>
            <dst id="ATLAng">5139.58133333333</dst>
            <dst id="CHINng">58633.8373333333</dst>
            <dst id="DNVRng">8658.808</dst>
            <dst id="HSTNng">13805.6373333333</dst>
            <dst id="IPLSng">33274.6213333333</dst>
            <dst id="KSCYng">12871.2746666667</dst>
            <dst id="LOSAng">35827.9093333333</dst>
            <dst id="NYCMng">25708.7733333333</dst>
            <dst id="SNVAng">10266.2506666667</dst>
            <dst id="STTLng">8162.62133333333</dst>
            <dst id="WASHng">57722.7306666667</dst>
        </src>
        <src id="HSTNng">
            <dst id="ATLA-M5">1463.73333333333</dst>
            <dst id="ATLAng">3102.90666666667</dst>
            <dst id="CHINng">15562.7893333333</dst>
            <dst id="DNVRng">2880.88266666667</dst>
            <dst id="HSTNng">6281.93866666667</dst>
            <dst id="IPLSng">5562.81866666667</dst>
            <dst id="KSCYng">4314.79466666667</dst>
            <dst id="LOSAng">7852.49066666667</dst>
            <dst id="NYCMng">6747.984</dst>
            <dst id="SNVAng">1601.23733333333</dst>
            <dst id="STTLng">2864.09066666667</dst>
            <dst id="WASHng">9304.88266666667</dst>
        </src>
        <src id="IPLSng">
            <dst id="ATLA-M5">766.325333333334</dst>
            <dst id="ATLAng">26058.9626666667</dst>
            <dst id="CHINng">105999.189333333</dst>
            <dst id="DNVRng">22778.88</dst>
            <dst id="HSTNng">8975.18133333333</dst>
            <dst id="IPLSng">28168.1413333333</dst>
            <dst id="KSCYng">10313.872</dst>
            <dst id="LOSAng">53358.096</dst>
            <dst id="NYCMng">49677.1013333333</dst>
            <dst id="SNVAng">1999.14666666667</dst>
            <dst id="STTLng">7826.49066666667</dst>
            <dst id="WASHng">42865.592</dst>
        </src>
        <src id="KSCYng">
            <dst id="ATLA-M5">125.114666666667</dst>
            <dst id="ATLAng">7377.94933333333</dst>
            <dst id="CHINng">25449.0933333333</dst>
            <dst id="DNVRng">18465.664</dst>
            <dst id="HSTNng">4366.97333333333</dst>
            <dst id="IPLSng">14209.7333333333</dst>
            <dst id="KSCYng">5010.112</dst>
            <dst id="LOSAng">6566.28266666667</dst>
            <dst id="NYCMng">5088.12533333333</dst>
            <dst id="SNVAng">1023.624</dst>
            <dst id="STTLng">3106.09866666667</dst>
            <dst id="WASHng">16677.7946666667</dst>
        </src>
        <src id="LOSAng">
            <dst id="ATLA-M5">1220.36533333333</dst>
            <dst id="ATLAng">35386.5573333333</dst>
            <dst id="CHINng">101381.448</dst>
            <dst id="DNVRng">19237.7946666667</dst>
            <dst id="HSTNng">13913.6826666667</dst>
            <dst id="IPLSng">58159.92</dst>
            <dst id="KSCYng">11351.7253333333</dst>
            <dst id="LOSAng">16711.992</dst>
            <dst id="NYCMng">70647.056</dst>
            <dst id="SNVAng">10745.048</dst>
            <dst id="STTLng">26087.4373333333</dst>
            <dst id="WASHng">106230.696</dst>
        </src>
        <src id="NYCMng">
            <dst id="ATLA-M5">582.264</dst>
            <dst id="ATLAng">40351.7466666667</dst>
            <dst id="CHINng">69535.6</dst>
            <dst id="DNVRng">34743.72</dst>
            <dst id="HSTNng">16710.8826666667</dst>
            <dst id="IPLSng">47257.3146666667</dst>
            <dst id="KSCYng">19252.8933333333</dst>
            <dst id="LOSAng">87872.4293333333</dst>
            <dst id="NYCMng">189333.458666667</dst>
            <dst id="SNVAng">4219.544</dst>
            <dst id="STTLng">27721.32</dst>
            <dst id="WASHng">149947.829333333</dst>
        </src>
        <src id="SNVAng">
            <dst id="ATLA-M5">66.1066666666667</dst>
            <dst id="ATLAng">53.3333333333333</dst>
            <dst id="CHINng">2174.70666666667</dst>
            <dst id="DNVRng">6689.74666666667</dst>
            <dst id="HSTNng">724.530666666667</dst>
            <dst id="IPLSng">5524.43466666667</dst>
            <dst id="KSCYng">730.930666666667</dst>
            <dst id="LOSAng">51382.1626666667</dst>
            <dst id="NYCMng">8838.752</dst>
            <dst id="SNVAng">22971.088</dst>
            <dst id="STTLng">69355.376</dst>
            <dst id="WASHng">1953.74666666667</dst>
        </src>
        <src id="STTLng">
            <dst id="ATLA-M5">323.290666666667</dst>
            <dst id="ATLAng">9855.02133333333</dst>
            <dst id="CHINng">12950.6453333333</dst>
            <dst id="DNVRng">1621.34933333333</dst>
            <dst id="HSTNng">6887.20266666667</dst>
            <dst id="IPLSng">8585.78933333333</dst>
            <dst id="KSCYng">3452.78133333333</dst>
            <dst id="LOSAng">22882.3786666667</dst>
            <dst id="NYCMng">9210.36266666667</dst>
            <dst id="SNVAng">3774.09333333333</dst>
            <dst id="STTLng">2670.576</dst>
            <dst id="WASHng">6600.79733333333</dst>
        </src>
        <src id="WASHng">
            <dst id="ATLA-M5">2095.23466666667</dst>
            <dst id="ATLAng">95015.9386666667</dst>
            <dst id="CHINng">79602.1493333333</dst>
            <dst id="DNVRng">53554.1733333333</dst>
            <dst id="HSTNng">33191.3386666667</dst>
            <dst id="IPLSng">60208.0373333333</dst>
            <dst id="KSCYng">20039.9226666667</dst>
            <dst id="LOSAng">127176.786666667</dst>
            <dst id="NYCMng">156457.661333333</dst>
            <dst id="SNVAng">2372.38666666667</dst>
            <dst id="STTLng">29369.4533333333</dst>
            <dst id="WASHng">231041.781333333</dst>
        </src>
    </IntraTM>
</TrafficMatrixFile>
