<?xml version="1.0" encoding="ISO-8859-1" standalone="yes"?>
<TrafficMatrixFile xsi:noNamespaceSchemaLocation="http://totem.run.montefiore.ulg.ac.be/Schema/TrafficMatrix-v1_2.xsd" xmlns:xsi="http://www.w3.org/2001/XMLSchema-instance">
    <IntraTM ASID="11537">
        <src id="ATLA-M5">
            <dst id="ATLA-M5">43.792</dst>
            <dst id="ATLAng">66.6666666666667</dst>
            <dst id="CHINng">105.578666666667</dst>
            <dst id="DNVRng">0</dst>
            <dst id="HSTNng">190.357333333333</dst>
            <dst id="IPLSng">514.16</dst>
            <dst id="KSCYng">186.392</dst>
            <dst id="LOSAng">137.962666666667</dst>
            <dst id="NYCMng">53.3333333333333</dst>
            <dst id="SNVAng">38.8693333333333</dst>
            <dst id="STTLng">216.725333333333</dst>
            <dst id="WASHng">343.221333333333</dst>
        </src>
        <src id="ATLAng">
            <dst id="ATLA-M5">270.224</dst>
            <dst id="ATLAng">26610.2986666667</dst>
            <dst id="CHINng">13882.5786666667</dst>
            <dst id="DNVRng">8071.32266666667</dst>
            <dst id="HSTNng">4494.376</dst>
            <dst id="IPLSng">13822.1173333333</dst>
            <dst id="KSCYng">1024.15733333333</dst>
            <dst id="LOSAng">17640.2533333333</dst>
            <dst id="NYCMng">5729.62666666667</dst>
            <dst id="SNVAng">812.018666666667</dst>
            <dst id="STTLng">8904.61066666667</dst>
            <dst id="WASHng">33829.592</dst>
        </src>
        <src id="CHINng">
            <dst id="ATLA-M5">462.608</dst>
            <dst id="ATLAng">13987.4373333333</dst>
            <dst id="CHINng">114720.853333333</dst>
            <dst id="DNVRng">27539.5386666667</dst>
            <dst id="HSTNng">45578.784</dst>
            <dst id="IPLSng">41877.4293333333</dst>
            <dst id="KSCYng">8915.95733333333</dst>
            <dst id="LOSAng">47332.128</dst>
            <dst id="NYCMng">17623.16</dst>
            <dst id="SNVAng">3989.88</dst>
            <dst id="STTLng">9966.67466666666</dst>
            <dst id="WASHng">22287.984</dst>
        </src>
        <src id="DNVRng">
            <dst id="ATLA-M5">127.253333333333</dst>
            <dst id="ATLAng">4716.79466666667</dst>
            <dst id="CHINng">76921.6293333333</dst>
            <dst id="DNVRng">8624.72266666667</dst>
            <dst id="HSTNng">10652.4453333333</dst>
            <dst id="IPLSng">30216.8426666667</dst>
            <dst id="KSCYng">9437.99466666667</dst>
            <dst id="LOSAng">3457.736</dst>
            <dst id="NYCMng">12829.936</dst>
            <dst id="SNVAng">6176.93333333333</dst>
            <dst id="STTLng">5987.78666666667</dst>
            <dst id="WASHng">43567.8853333333</dst>
        </src>
        <src id="HSTNng">
            <dst id="ATLA-M5">4805.89066666667</dst>
            <dst id="ATLAng">1692.36533333333</dst>
            <dst id="CHINng">13814.064</dst>
            <dst id="DNVRng">983.757333333333</dst>
            <dst id="HSTNng">3027.58666666667</dst>
            <dst id="IPLSng">2931.28</dst>
            <dst id="KSCYng">1961.73866666667</dst>
            <dst id="LOSAng">4674.52533333333</dst>
            <dst id="NYCMng">2225.76533333333</dst>
            <dst id="SNVAng">3492.05866666667</dst>
            <dst id="STTLng">4876.976</dst>
            <dst id="WASHng">4798.32533333333</dst>
        </src>
        <src id="IPLSng">
            <dst id="ATLA-M5">570.096</dst>
            <dst id="ATLAng">12765.4773333333</dst>
            <dst id="CHINng">92401.744</dst>
            <dst id="DNVRng">9318.10133333333</dst>
            <dst id="HSTNng">4974.22933333333</dst>
            <dst id="IPLSng">7712.59733333333</dst>
            <dst id="KSCYng">4724.704</dst>
            <dst id="LOSAng">34535.5253333333</dst>
            <dst id="NYCMng">34435.168</dst>
            <dst id="SNVAng">3380.52266666667</dst>
            <dst id="STTLng">16928.632</dst>
            <dst id="WASHng">25619.2</dst>
        </src>
        <src id="KSCYng">
            <dst id="ATLA-M5">239.082666666667</dst>
            <dst id="ATLAng">2178.86933333333</dst>
            <dst id="CHINng">18902.3893333333</dst>
            <dst id="DNVRng">7968.52533333333</dst>
            <dst id="HSTNng">3050.344</dst>
            <dst id="IPLSng">9500.008</dst>
            <dst id="KSCYng">10590.08</dst>
            <dst id="LOSAng">4943.99466666667</dst>
            <dst id="NYCMng">4195.888</dst>
            <dst id="SNVAng">809.064</dst>
            <dst id="STTLng">2019.928</dst>
            <dst id="WASHng">10114.1946666667</dst>
        </src>
        <src id="LOSAng">
            <dst id="ATLA-M5">613.288</dst>
            <dst id="ATLAng">8239.248</dst>
            <dst id="CHINng">84196.3973333333</dst>
            <dst id="DNVRng">6135.312</dst>
            <dst id="HSTNng">4303.184</dst>
            <dst id="IPLSng">21222.1813333333</dst>
            <dst id="KSCYng">7763.688</dst>
            <dst id="LOSAng">14370.9653333333</dst>
            <dst id="NYCMng">45799.584</dst>
            <dst id="SNVAng">6115.20266666667</dst>
            <dst id="STTLng">21955.0453333333</dst>
            <dst id="WASHng">86990.592</dst>
        </src>
        <src id="NYCMng">
            <dst id="ATLA-M5">995.074666666667</dst>
            <dst id="ATLAng">9977.336</dst>
            <dst id="CHINng">49602.024</dst>
            <dst id="DNVRng">29581.6426666667</dst>
            <dst id="HSTNng">9005.168</dst>
            <dst id="IPLSng">30204.568</dst>
            <dst id="KSCYng">10572.096</dst>
            <dst id="LOSAng">54679.704</dst>
            <dst id="NYCMng">125297.597333333</dst>
            <dst id="SNVAng">3598.52266666667</dst>
            <dst id="STTLng">22817.52</dst>
            <dst id="WASHng">85915.2293333334</dst>
        </src>
        <src id="SNVAng">
            <dst id="ATLA-M5">201.525333333333</dst>
            <dst id="ATLAng">26.6666666666667</dst>
            <dst id="CHINng">1624.69866666667</dst>
            <dst id="DNVRng">1750.544</dst>
            <dst id="HSTNng">80</dst>
            <dst id="IPLSng">219.082666666667</dst>
            <dst id="KSCYng">3886.08533333333</dst>
            <dst id="LOSAng">28487.0826666667</dst>
            <dst id="NYCMng">2183.79733333333</dst>
            <dst id="SNVAng">9955.75466666667</dst>
            <dst id="STTLng">44162.1466666667</dst>
            <dst id="WASHng">337.213333333333</dst>
        </src>
        <src id="STTLng">
            <dst id="ATLA-M5">420.117333333333</dst>
            <dst id="ATLAng">9995.32533333333</dst>
            <dst id="CHINng">14826.7866666667</dst>
            <dst id="DNVRng">3533.92</dst>
            <dst id="HSTNng">4664.71733333333</dst>
            <dst id="IPLSng">4755.13333333333</dst>
            <dst id="KSCYng">2074.60533333333</dst>
            <dst id="LOSAng">18982.2426666667</dst>
            <dst id="NYCMng">7396.06666666666</dst>
            <dst id="SNVAng">4454.16533333333</dst>
            <dst id="STTLng">1412.216</dst>
            <dst id="WASHng">11550.216</dst>
        </src>
        <src id="WASHng">
            <dst id="ATLA-M5">880.469333333334</dst>
            <dst id="ATLAng">68741.5413333333</dst>
            <dst id="CHINng">57468.2773333333</dst>
            <dst id="DNVRng">46858.224</dst>
            <dst id="HSTNng">5320.90133333333</dst>
            <dst id="IPLSng">57228.504</dst>
            <dst id="KSCYng">9632.864</dst>
            <dst id="LOSAng">90228.6533333334</dst>
            <dst id="NYCMng">160859.024</dst>
            <dst id="SNVAng">4579.75466666667</dst>
            <dst id="STTLng">30343.5066666667</dst>
            <dst id="WASHng">188251.626666667</dst>
        </src>
    </IntraTM>
</TrafficMatrixFile>
