<?xml version="1.0" encoding="ISO-8859-1" standalone="yes"?>
<TrafficMatrixFile xsi:noNamespaceSchemaLocation="http://totem.run.montefiore.ulg.ac.be/Schema/TrafficMatrix-v1_2.xsd" xmlns:xsi="http://www.w3.org/2001/XMLSchema-instance">
    <IntraTM ASID="11537">
        <src id="ATLA-M5">
            <dst id="ATLA-M5">55.5973333333334</dst>
            <dst id="ATLAng">109.333333333333</dst>
            <dst id="CHINng">599.165333333333</dst>
            <dst id="DNVRng">529.674666666666</dst>
            <dst id="HSTNng">123.104</dst>
            <dst id="IPLSng">716.952</dst>
            <dst id="KSCYng">2555.84533333333</dst>
            <dst id="LOSAng">551.976</dst>
            <dst id="NYCMng">133.333333333333</dst>
            <dst id="SNVAng">0</dst>
            <dst id="STTLng">38.016</dst>
            <dst id="WASHng">2122.016</dst>
        </src>
        <src id="ATLAng">
            <dst id="ATLA-M5">388.514666666667</dst>
            <dst id="ATLAng">50434.8906666667</dst>
            <dst id="CHINng">28407.2773333333</dst>
            <dst id="DNVRng">3288.51466666667</dst>
            <dst id="HSTNng">3300.44533333333</dst>
            <dst id="IPLSng">34371.2586666667</dst>
            <dst id="KSCYng">4674.24533333333</dst>
            <dst id="LOSAng">19490.6213333333</dst>
            <dst id="NYCMng">11828.3626666667</dst>
            <dst id="SNVAng">1171.97866666667</dst>
            <dst id="STTLng">6601.93066666667</dst>
            <dst id="WASHng">40005.9893333333</dst>
        </src>
        <src id="CHINng">
            <dst id="ATLA-M5">1363.65066666667</dst>
            <dst id="ATLAng">42459.0826666667</dst>
            <dst id="CHINng">88345.9386666667</dst>
            <dst id="DNVRng">27729.1946666667</dst>
            <dst id="HSTNng">49046.4453333333</dst>
            <dst id="IPLSng">47664.7626666667</dst>
            <dst id="KSCYng">17779.1866666667</dst>
            <dst id="LOSAng">76468.9093333333</dst>
            <dst id="NYCMng">25152.9893333333</dst>
            <dst id="SNVAng">9052.44533333333</dst>
            <dst id="STTLng">13678.8586666667</dst>
            <dst id="WASHng">34825.912</dst>
        </src>
        <src id="DNVRng">
            <dst id="ATLA-M5">321.24</dst>
            <dst id="ATLAng">5078.27733333333</dst>
            <dst id="CHINng">70282.1146666667</dst>
            <dst id="DNVRng">12355.6506666667</dst>
            <dst id="HSTNng">17155.3893333333</dst>
            <dst id="IPLSng">34367.2186666667</dst>
            <dst id="KSCYng">15838.4453333333</dst>
            <dst id="LOSAng">7708.50666666667</dst>
            <dst id="NYCMng">19402.48</dst>
            <dst id="SNVAng">13380.0213333333</dst>
            <dst id="STTLng">15859.192</dst>
            <dst id="WASHng">61973.9866666667</dst>
        </src>
        <src id="HSTNng">
            <dst id="ATLA-M5">850.866666666667</dst>
            <dst id="ATLAng">3449.8</dst>
            <dst id="CHINng">24454.8746666667</dst>
            <dst id="DNVRng">2993.09333333333</dst>
            <dst id="HSTNng">7030.64</dst>
            <dst id="IPLSng">7943.37066666667</dst>
            <dst id="KSCYng">3818.184</dst>
            <dst id="LOSAng">15465.1893333333</dst>
            <dst id="NYCMng">6924.72533333333</dst>
            <dst id="SNVAng">1565.49866666667</dst>
            <dst id="STTLng">3614.02933333333</dst>
            <dst id="WASHng">24585.328</dst>
        </src>
        <src id="IPLSng">
            <dst id="ATLA-M5">674.890666666667</dst>
            <dst id="ATLAng">27361.9093333333</dst>
            <dst id="CHINng">110594.538666667</dst>
            <dst id="DNVRng">11318.2106666667</dst>
            <dst id="HSTNng">6269.41866666667</dst>
            <dst id="IPLSng">29056.3093333333</dst>
            <dst id="KSCYng">12240.112</dst>
            <dst id="LOSAng">37193.8026666667</dst>
            <dst id="NYCMng">65520.9573333333</dst>
            <dst id="SNVAng">3145.52533333333</dst>
            <dst id="STTLng">12137.944</dst>
            <dst id="WASHng">35036.4666666667</dst>
        </src>
        <src id="KSCYng">
            <dst id="ATLA-M5">392.973333333333</dst>
            <dst id="ATLAng">2548.21066666667</dst>
            <dst id="CHINng">24394.6213333333</dst>
            <dst id="DNVRng">19031.2826666667</dst>
            <dst id="HSTNng">4441.27466666667</dst>
            <dst id="IPLSng">17589.0533333333</dst>
            <dst id="KSCYng">10460.92</dst>
            <dst id="LOSAng">6369.96</dst>
            <dst id="NYCMng">6264.82666666667</dst>
            <dst id="SNVAng">561.384</dst>
            <dst id="STTLng">1965.776</dst>
            <dst id="WASHng">29312.0426666667</dst>
        </src>
        <src id="LOSAng">
            <dst id="ATLA-M5">1225.352</dst>
            <dst id="ATLAng">29728.4346666667</dst>
            <dst id="CHINng">95370.712</dst>
            <dst id="DNVRng">14956.512</dst>
            <dst id="HSTNng">7808.34933333333</dst>
            <dst id="IPLSng">53241.6613333333</dst>
            <dst id="KSCYng">10907.3573333333</dst>
            <dst id="LOSAng">13385.4853333333</dst>
            <dst id="NYCMng">56544.896</dst>
            <dst id="SNVAng">8437.504</dst>
            <dst id="STTLng">25725.6853333333</dst>
            <dst id="WASHng">105182.538666667</dst>
        </src>
        <src id="NYCMng">
            <dst id="ATLA-M5">3398.856</dst>
            <dst id="ATLAng">32910.656</dst>
            <dst id="CHINng">66606.2106666667</dst>
            <dst id="DNVRng">34286.576</dst>
            <dst id="HSTNng">24603.216</dst>
            <dst id="IPLSng">49079.9866666667</dst>
            <dst id="KSCYng">27156.064</dst>
            <dst id="LOSAng">79432.8906666667</dst>
            <dst id="NYCMng">193932.402666667</dst>
            <dst id="SNVAng">6221.34666666667</dst>
            <dst id="STTLng">30584.0293333333</dst>
            <dst id="WASHng">132597.312</dst>
        </src>
        <src id="SNVAng">
            <dst id="ATLA-M5">36.768</dst>
            <dst id="ATLAng">180.44</dst>
            <dst id="CHINng">1757.496</dst>
            <dst id="DNVRng">13587.9626666667</dst>
            <dst id="HSTNng">677.4</dst>
            <dst id="IPLSng">8892.09066666667</dst>
            <dst id="KSCYng">326.133333333333</dst>
            <dst id="LOSAng">55277.7066666667</dst>
            <dst id="NYCMng">609.533333333333</dst>
            <dst id="SNVAng">18590.248</dst>
            <dst id="STTLng">58809.8773333333</dst>
            <dst id="WASHng">2217.488</dst>
        </src>
        <src id="STTLng">
            <dst id="ATLA-M5">126.114666666667</dst>
            <dst id="ATLAng">8416.58933333333</dst>
            <dst id="CHINng">15908.0133333333</dst>
            <dst id="DNVRng">4341.21066666667</dst>
            <dst id="HSTNng">7384.05333333333</dst>
            <dst id="IPLSng">8402.93066666667</dst>
            <dst id="KSCYng">2943.992</dst>
            <dst id="LOSAng">22625.1146666667</dst>
            <dst id="NYCMng">9441.97333333333</dst>
            <dst id="SNVAng">5376.336</dst>
            <dst id="STTLng">5206.00533333333</dst>
            <dst id="WASHng">6787.94666666667</dst>
        </src>
        <src id="WASHng">
            <dst id="ATLA-M5">2684.664</dst>
            <dst id="ATLAng">81764.104</dst>
            <dst id="CHINng">89093.6186666666</dst>
            <dst id="DNVRng">61892.5146666667</dst>
            <dst id="HSTNng">29582.3626666667</dst>
            <dst id="IPLSng">59760.1493333333</dst>
            <dst id="KSCYng">27828.032</dst>
            <dst id="LOSAng">125701.794666667</dst>
            <dst id="NYCMng">169235.514666667</dst>
            <dst id="SNVAng">2464.61333333333</dst>
            <dst id="STTLng">24340.096</dst>
            <dst id="WASHng">245499.256</dst>
        </src>
    </IntraTM>
</TrafficMatrixFile>
