<?xml version="1.0" encoding="ISO-8859-1" standalone="yes"?>
<TrafficMatrixFile xsi:noNamespaceSchemaLocation="http://totem.run.montefiore.ulg.ac.be/Schema/TrafficMatrix-v1_2.xsd" xmlns:xsi="http://www.w3.org/2001/XMLSchema-instance">
    <IntraTM ASID="11537">
        <src id="ATLA-M5">
            <dst id="ATLA-M5">54.992</dst>
            <dst id="ATLAng">186.136</dst>
            <dst id="CHINng">1272.06133333333</dst>
            <dst id="DNVRng">26.6666666666667</dst>
            <dst id="HSTNng">193.056</dst>
            <dst id="IPLSng">3325.064</dst>
            <dst id="KSCYng">547.146666666667</dst>
            <dst id="LOSAng">256.693333333333</dst>
            <dst id="NYCMng">189.648</dst>
            <dst id="SNVAng">182.858666666667</dst>
            <dst id="STTLng">302.144</dst>
            <dst id="WASHng">1610.59466666667</dst>
        </src>
        <src id="ATLAng">
            <dst id="ATLA-M5">227.626666666667</dst>
            <dst id="ATLAng">27820.776</dst>
            <dst id="CHINng">22120.312</dst>
            <dst id="DNVRng">5508.34133333333</dst>
            <dst id="HSTNng">3719.96533333333</dst>
            <dst id="IPLSng">24811.9786666667</dst>
            <dst id="KSCYng">2878.96266666667</dst>
            <dst id="LOSAng">20533.7226666667</dst>
            <dst id="NYCMng">4681.08266666667</dst>
            <dst id="SNVAng">354.501333333333</dst>
            <dst id="STTLng">4466.14933333333</dst>
            <dst id="WASHng">37033.7413333333</dst>
        </src>
        <src id="CHINng">
            <dst id="ATLA-M5">1434.424</dst>
            <dst id="ATLAng">33244.68</dst>
            <dst id="CHINng">85010.3146666667</dst>
            <dst id="DNVRng">19231.5413333333</dst>
            <dst id="HSTNng">54644.4106666667</dst>
            <dst id="IPLSng">68790.0266666667</dst>
            <dst id="KSCYng">17921.5306666667</dst>
            <dst id="LOSAng">2063959.38666667</dst>
            <dst id="NYCMng">12341.4853333333</dst>
            <dst id="SNVAng">7994.99733333333</dst>
            <dst id="STTLng">25364.5493333333</dst>
            <dst id="WASHng">22705.168</dst>
        </src>
        <src id="DNVRng">
            <dst id="ATLA-M5">524.645333333333</dst>
            <dst id="ATLAng">4604.816</dst>
            <dst id="CHINng">65260.8293333333</dst>
            <dst id="DNVRng">20733.96</dst>
            <dst id="HSTNng">16215.3573333333</dst>
            <dst id="IPLSng">37699.0853333333</dst>
            <dst id="KSCYng">21405.9786666667</dst>
            <dst id="LOSAng">17952.144</dst>
            <dst id="NYCMng">4258.00266666667</dst>
            <dst id="SNVAng">11783.1093333333</dst>
            <dst id="STTLng">13498.464</dst>
            <dst id="WASHng">8586.37066666667</dst>
        </src>
        <src id="HSTNng">
            <dst id="ATLA-M5">904.669333333333</dst>
            <dst id="ATLAng">7580.25066666667</dst>
            <dst id="CHINng">19448.848</dst>
            <dst id="DNVRng">2333.43733333333</dst>
            <dst id="HSTNng">6045.73066666667</dst>
            <dst id="IPLSng">6972.49866666667</dst>
            <dst id="KSCYng">4779.61066666667</dst>
            <dst id="LOSAng">6268.65866666667</dst>
            <dst id="NYCMng">2901.30666666667</dst>
            <dst id="SNVAng">864.368</dst>
            <dst id="STTLng">2745.73866666667</dst>
            <dst id="WASHng">10461.8</dst>
        </src>
        <src id="IPLSng">
            <dst id="ATLA-M5">1503.672</dst>
            <dst id="ATLAng">16482.5626666667</dst>
            <dst id="CHINng">145039.648</dst>
            <dst id="DNVRng">20822.5546666667</dst>
            <dst id="HSTNng">8539.832</dst>
            <dst id="IPLSng">31139.2373333333</dst>
            <dst id="KSCYng">8347.936</dst>
            <dst id="LOSAng">64808.0346666667</dst>
            <dst id="NYCMng">4620.13333333333</dst>
            <dst id="SNVAng">1665.84</dst>
            <dst id="STTLng">13127.9013333333</dst>
            <dst id="WASHng">20583.6</dst>
        </src>
        <src id="KSCYng">
            <dst id="ATLA-M5">298.024</dst>
            <dst id="ATLAng">1921.97333333333</dst>
            <dst id="CHINng">20795.88</dst>
            <dst id="DNVRng">9417.344</dst>
            <dst id="HSTNng">3589.84533333333</dst>
            <dst id="IPLSng">11615.8</dst>
            <dst id="KSCYng">10806.7466666667</dst>
            <dst id="LOSAng">6167.48533333333</dst>
            <dst id="NYCMng">1406.336</dst>
            <dst id="SNVAng">620.168</dst>
            <dst id="STTLng">5710.824</dst>
            <dst id="WASHng">2840.944</dst>
        </src>
        <src id="LOSAng">
            <dst id="ATLA-M5">2797.09866666667</dst>
            <dst id="ATLAng">20162.4373333333</dst>
            <dst id="CHINng">1088981.86666667</dst>
            <dst id="DNVRng">11499.248</dst>
            <dst id="HSTNng">10919.632</dst>
            <dst id="IPLSng">42823.712</dst>
            <dst id="KSCYng">11350.2293333333</dst>
            <dst id="LOSAng">13446.9226666667</dst>
            <dst id="NYCMng">2337.67466666667</dst>
            <dst id="SNVAng">10876.0106666667</dst>
            <dst id="STTLng">23438.7813333333</dst>
            <dst id="WASHng">96586.2773333333</dst>
        </src>
        <src id="NYCMng">
            <dst id="ATLA-M5">556.378666666667</dst>
            <dst id="ATLAng">13135.0586666667</dst>
            <dst id="CHINng">34996.1306666667</dst>
            <dst id="DNVRng">25630.0773333333</dst>
            <dst id="HSTNng">12444.3226666667</dst>
            <dst id="IPLSng">53311.344</dst>
            <dst id="KSCYng">10235.2106666667</dst>
            <dst id="LOSAng">62068.256</dst>
            <dst id="NYCMng">120652.045333333</dst>
            <dst id="SNVAng">1987.504</dst>
            <dst id="STTLng">15409.8746666667</dst>
            <dst id="WASHng">91494.392</dst>
        </src>
        <src id="SNVAng">
            <dst id="ATLA-M5">26.6666666666667</dst>
            <dst id="ATLAng">265.792</dst>
            <dst id="CHINng">1208.16266666667</dst>
            <dst id="DNVRng">15995.7546666667</dst>
            <dst id="HSTNng">141.936</dst>
            <dst id="IPLSng">1031.992</dst>
            <dst id="KSCYng">4830.33333333333</dst>
            <dst id="LOSAng">40627.344</dst>
            <dst id="NYCMng">315.664</dst>
            <dst id="SNVAng">21673.648</dst>
            <dst id="STTLng">60369.7386666667</dst>
            <dst id="WASHng">212.482666666667</dst>
        </src>
        <src id="STTLng">
            <dst id="ATLA-M5">499.2</dst>
            <dst id="ATLAng">13587.4666666667</dst>
            <dst id="CHINng">24259.1306666667</dst>
            <dst id="DNVRng">4335.168</dst>
            <dst id="HSTNng">8500.32266666667</dst>
            <dst id="IPLSng">8190.76266666667</dst>
            <dst id="KSCYng">2644.21333333333</dst>
            <dst id="LOSAng">25710.6213333333</dst>
            <dst id="NYCMng">3538.22933333333</dst>
            <dst id="SNVAng">4295.56533333333</dst>
            <dst id="STTLng">8944.09866666666</dst>
            <dst id="WASHng">10210.384</dst>
        </src>
        <src id="WASHng">
            <dst id="ATLA-M5">1719.832</dst>
            <dst id="ATLAng">102065.168</dst>
            <dst id="CHINng">85946.8506666667</dst>
            <dst id="DNVRng">47872.856</dst>
            <dst id="HSTNng">24356.7253333333</dst>
            <dst id="IPLSng">50427.392</dst>
            <dst id="KSCYng">14420.28</dst>
            <dst id="LOSAng">122655.981333333</dst>
            <dst id="NYCMng">164002.192</dst>
            <dst id="SNVAng">5186.41066666667</dst>
            <dst id="STTLng">25459.2</dst>
            <dst id="WASHng">251013.365333333</dst>
        </src>
    </IntraTM>
</TrafficMatrixFile>
