<?xml version="1.0" encoding="ISO-8859-1" standalone="yes"?>
<TrafficMatrixFile xsi:noNamespaceSchemaLocation="http://totem.run.montefiore.ulg.ac.be/Schema/TrafficMatrix-v1_2.xsd" xmlns:xsi="http://www.w3.org/2001/XMLSchema-instance">
    <IntraTM ASID="11537">
        <src id="ATLA-M5">
            <dst id="ATLA-M5">37.8133333333333</dst>
            <dst id="ATLAng">26.6666666666667</dst>
            <dst id="CHINng">749.610666666667</dst>
            <dst id="DNVRng">26.6666666666667</dst>
            <dst id="HSTNng">198.557333333333</dst>
            <dst id="IPLSng">175.408</dst>
            <dst id="KSCYng">956.013333333333</dst>
            <dst id="LOSAng">973.128</dst>
            <dst id="NYCMng">80</dst>
            <dst id="SNVAng">316.533333333333</dst>
            <dst id="STTLng">26.6666666666667</dst>
            <dst id="WASHng">1547.22133333333</dst>
        </src>
        <src id="ATLAng">
            <dst id="ATLA-M5">359.045333333333</dst>
            <dst id="ATLAng">25309.8106666667</dst>
            <dst id="CHINng">15495.2933333333</dst>
            <dst id="DNVRng">3629.21333333333</dst>
            <dst id="HSTNng">5991.416</dst>
            <dst id="IPLSng">14300.5253333333</dst>
            <dst id="KSCYng">3600.928</dst>
            <dst id="LOSAng">20067.9706666667</dst>
            <dst id="NYCMng">7757.008</dst>
            <dst id="SNVAng">401.325333333333</dst>
            <dst id="STTLng">3855.26933333333</dst>
            <dst id="WASHng">42928.8213333333</dst>
        </src>
        <src id="CHINng">
            <dst id="ATLA-M5">544.717333333333</dst>
            <dst id="ATLAng">13086.9973333333</dst>
            <dst id="CHINng">103001.282666667</dst>
            <dst id="DNVRng">23993.7146666667</dst>
            <dst id="HSTNng">46268.3093333334</dst>
            <dst id="IPLSng">28482.7333333333</dst>
            <dst id="KSCYng">12826.9386666667</dst>
            <dst id="LOSAng">65504.5813333334</dst>
            <dst id="NYCMng">17113.8213333333</dst>
            <dst id="SNVAng">1025.792</dst>
            <dst id="STTLng">9352.768</dst>
            <dst id="WASHng">19708.696</dst>
        </src>
        <src id="DNVRng">
            <dst id="ATLA-M5">152.045333333333</dst>
            <dst id="ATLAng">4402.776</dst>
            <dst id="CHINng">64849.4293333333</dst>
            <dst id="DNVRng">5372.488</dst>
            <dst id="HSTNng">13186.808</dst>
            <dst id="IPLSng">44580.832</dst>
            <dst id="KSCYng">11156.5066666667</dst>
            <dst id="LOSAng">6759.304</dst>
            <dst id="NYCMng">21591.9093333333</dst>
            <dst id="SNVAng">6661.68</dst>
            <dst id="STTLng">5840.44533333333</dst>
            <dst id="WASHng">45438.2933333333</dst>
        </src>
        <src id="HSTNng">
            <dst id="ATLA-M5">2180.50666666667</dst>
            <dst id="ATLAng">1829.576</dst>
            <dst id="CHINng">19027.6906666667</dst>
            <dst id="DNVRng">1872.91466666667</dst>
            <dst id="HSTNng">20321.8426666667</dst>
            <dst id="IPLSng">3198.43733333333</dst>
            <dst id="KSCYng">2083.20266666667</dst>
            <dst id="LOSAng">6126.14933333333</dst>
            <dst id="NYCMng">2866.17866666667</dst>
            <dst id="SNVAng">435.877333333333</dst>
            <dst id="STTLng">2275.04533333333</dst>
            <dst id="WASHng">6013.99733333333</dst>
        </src>
        <src id="IPLSng">
            <dst id="ATLA-M5">295.389333333333</dst>
            <dst id="ATLAng">73674.8586666667</dst>
            <dst id="CHINng">95647.7733333333</dst>
            <dst id="DNVRng">8137.74933333333</dst>
            <dst id="HSTNng">12844.576</dst>
            <dst id="IPLSng">34806.0613333333</dst>
            <dst id="KSCYng">9443.048</dst>
            <dst id="LOSAng">41866.248</dst>
            <dst id="NYCMng">25702.9973333333</dst>
            <dst id="SNVAng">2506.656</dst>
            <dst id="STTLng">9190.89333333333</dst>
            <dst id="WASHng">57352.1413333333</dst>
        </src>
        <src id="KSCYng">
            <dst id="ATLA-M5">71.2746666666667</dst>
            <dst id="ATLAng">1880.87466666667</dst>
            <dst id="CHINng">21289.4773333333</dst>
            <dst id="DNVRng">19605.48</dst>
            <dst id="HSTNng">3486.99733333333</dst>
            <dst id="IPLSng">12183.064</dst>
            <dst id="KSCYng">8033.056</dst>
            <dst id="LOSAng">6800.48266666667</dst>
            <dst id="NYCMng">4332.99466666667</dst>
            <dst id="SNVAng">828.464</dst>
            <dst id="STTLng">3151.24</dst>
            <dst id="WASHng">12755.192</dst>
        </src>
        <src id="LOSAng">
            <dst id="ATLA-M5">1298.48533333333</dst>
            <dst id="ATLAng">7071.21866666667</dst>
            <dst id="CHINng">68325.432</dst>
            <dst id="DNVRng">5827.21333333333</dst>
            <dst id="HSTNng">4883.824</dst>
            <dst id="IPLSng">20140.3706666667</dst>
            <dst id="KSCYng">8786.528</dst>
            <dst id="LOSAng">12222.8293333333</dst>
            <dst id="NYCMng">45026.8293333333</dst>
            <dst id="SNVAng">9979.016</dst>
            <dst id="STTLng">20850.5946666667</dst>
            <dst id="WASHng">119243.328</dst>
        </src>
        <src id="NYCMng">
            <dst id="ATLA-M5">464.568</dst>
            <dst id="ATLAng">30904.376</dst>
            <dst id="CHINng">47967.088</dst>
            <dst id="DNVRng">41718.736</dst>
            <dst id="HSTNng">7493.66933333334</dst>
            <dst id="IPLSng">41218.592</dst>
            <dst id="KSCYng">16007.36</dst>
            <dst id="LOSAng">63165.536</dst>
            <dst id="NYCMng">136608.669333333</dst>
            <dst id="SNVAng">3511.02666666667</dst>
            <dst id="STTLng">20421.2773333333</dst>
            <dst id="WASHng">85801.328</dst>
        </src>
        <src id="SNVAng">
            <dst id="ATLA-M5">0</dst>
            <dst id="ATLAng">57.8693333333333</dst>
            <dst id="CHINng">989.453333333333</dst>
            <dst id="DNVRng">5008.14133333333</dst>
            <dst id="HSTNng">86.5226666666667</dst>
            <dst id="IPLSng">639.098666666667</dst>
            <dst id="KSCYng">159.56</dst>
            <dst id="LOSAng">41695.336</dst>
            <dst id="NYCMng">483.776</dst>
            <dst id="SNVAng">17999.2533333333</dst>
            <dst id="STTLng">55226.3706666667</dst>
            <dst id="WASHng">270.234666666667</dst>
        </src>
        <src id="STTLng">
            <dst id="ATLA-M5">117.672</dst>
            <dst id="ATLAng">7781.656</dst>
            <dst id="CHINng">11808.3866666667</dst>
            <dst id="DNVRng">2660.33333333333</dst>
            <dst id="HSTNng">10314.2453333333</dst>
            <dst id="IPLSng">4844.36</dst>
            <dst id="KSCYng">3930.66666666667</dst>
            <dst id="LOSAng">16332.6426666667</dst>
            <dst id="NYCMng">6866.13066666667</dst>
            <dst id="SNVAng">2360.48266666667</dst>
            <dst id="STTLng">776.410666666667</dst>
            <dst id="WASHng">4637.136</dst>
        </src>
        <src id="WASHng">
            <dst id="ATLA-M5">197.768</dst>
            <dst id="ATLAng">92111.6346666667</dst>
            <dst id="CHINng">73705.5146666667</dst>
            <dst id="DNVRng">51865.4666666667</dst>
            <dst id="HSTNng">55307.4106666667</dst>
            <dst id="IPLSng">59714.392</dst>
            <dst id="KSCYng">11756.28</dst>
            <dst id="LOSAng">112684.146666667</dst>
            <dst id="NYCMng">184718.024</dst>
            <dst id="SNVAng">3660.71733333333</dst>
            <dst id="STTLng">33297.9066666667</dst>
            <dst id="WASHng">238930.928</dst>
        </src>
    </IntraTM>
</TrafficMatrixFile>
