<?xml version="1.0" encoding="ISO-8859-1" standalone="yes"?>
<TrafficMatrixFile xsi:noNamespaceSchemaLocation="http://totem.run.montefiore.ulg.ac.be/Schema/TrafficMatrix-v1_2.xsd" xmlns:xsi="http://www.w3.org/2001/XMLSchema-instance">
    <IntraTM ASID="11537">
        <src id="ATLA-M5">
            <dst id="ATLA-M5">1331.21066666667</dst>
            <dst id="ATLAng">71.808</dst>
            <dst id="CHINng">224.488</dst>
            <dst id="DNVRng">26.6666666666667</dst>
            <dst id="HSTNng">53.3333333333333</dst>
            <dst id="IPLSng">253.261333333333</dst>
            <dst id="KSCYng">0</dst>
            <dst id="LOSAng">171.688</dst>
            <dst id="NYCMng">161.730666666667</dst>
            <dst id="SNVAng">0</dst>
            <dst id="STTLng">188.602666666667</dst>
            <dst id="WASHng">769</dst>
        </src>
        <src id="ATLAng">
            <dst id="ATLA-M5">146.893333333333</dst>
            <dst id="ATLAng">34810.1093333333</dst>
            <dst id="CHINng">15827.944</dst>
            <dst id="DNVRng">2625.648</dst>
            <dst id="HSTNng">2521.592</dst>
            <dst id="IPLSng">15215.6666666667</dst>
            <dst id="KSCYng">1255.584</dst>
            <dst id="LOSAng">19644.5706666667</dst>
            <dst id="NYCMng">15954.904</dst>
            <dst id="SNVAng">77.0693333333333</dst>
            <dst id="STTLng">4603.128</dst>
            <dst id="WASHng">39478.408</dst>
        </src>
        <src id="CHINng">
            <dst id="ATLA-M5">595.197333333333</dst>
            <dst id="ATLAng">17707.904</dst>
            <dst id="CHINng">101413.16</dst>
            <dst id="DNVRng">16089.6586666667</dst>
            <dst id="HSTNng">50752.848</dst>
            <dst id="IPLSng">38603.16</dst>
            <dst id="KSCYng">14325.256</dst>
            <dst id="LOSAng">36816.6666666667</dst>
            <dst id="NYCMng">19902.1573333333</dst>
            <dst id="SNVAng">1376.35733333333</dst>
            <dst id="STTLng">11160.784</dst>
            <dst id="WASHng">25751.6746666667</dst>
        </src>
        <src id="DNVRng">
            <dst id="ATLA-M5">107.733333333333</dst>
            <dst id="ATLAng">5222.96533333333</dst>
            <dst id="CHINng">52589.8266666667</dst>
            <dst id="DNVRng">8102.04266666667</dst>
            <dst id="HSTNng">13385.648</dst>
            <dst id="IPLSng">36701.9333333333</dst>
            <dst id="KSCYng">14037.528</dst>
            <dst id="LOSAng">5120.48533333333</dst>
            <dst id="NYCMng">16421.8453333333</dst>
            <dst id="SNVAng">7396.33333333333</dst>
            <dst id="STTLng">9199.536</dst>
            <dst id="WASHng">45251.28</dst>
        </src>
        <src id="HSTNng">
            <dst id="ATLA-M5">909.952</dst>
            <dst id="ATLAng">2403.45866666667</dst>
            <dst id="CHINng">20493.0826666667</dst>
            <dst id="DNVRng">1958.04533333333</dst>
            <dst id="HSTNng">11053.048</dst>
            <dst id="IPLSng">3428.67466666667</dst>
            <dst id="KSCYng">1613.33066666667</dst>
            <dst id="LOSAng">3669.16533333333</dst>
            <dst id="NYCMng">5113.632</dst>
            <dst id="SNVAng">590.173333333333</dst>
            <dst id="STTLng">1646.00533333333</dst>
            <dst id="WASHng">7726.10933333333</dst>
        </src>
        <src id="IPLSng">
            <dst id="ATLA-M5">303.072</dst>
            <dst id="ATLAng">20835.5306666667</dst>
            <dst id="CHINng">79238.2533333333</dst>
            <dst id="DNVRng">23970.2506666667</dst>
            <dst id="HSTNng">2657.512</dst>
            <dst id="IPLSng">26488.5386666667</dst>
            <dst id="KSCYng">3566.09333333333</dst>
            <dst id="LOSAng">18779.8906666667</dst>
            <dst id="NYCMng">44327.4906666667</dst>
            <dst id="SNVAng">868.296</dst>
            <dst id="STTLng">7531.97333333333</dst>
            <dst id="WASHng">28453.8586666667</dst>
        </src>
        <src id="KSCYng">
            <dst id="ATLA-M5">0</dst>
            <dst id="ATLAng">2113.54933333333</dst>
            <dst id="CHINng">24177.944</dst>
            <dst id="DNVRng">16538.0506666667</dst>
            <dst id="HSTNng">3395.624</dst>
            <dst id="IPLSng">15933.5893333333</dst>
            <dst id="KSCYng">7951.87466666666</dst>
            <dst id="LOSAng">6832.96266666667</dst>
            <dst id="NYCMng">7190.168</dst>
            <dst id="SNVAng">1077.06933333333</dst>
            <dst id="STTLng">1749.95466666667</dst>
            <dst id="WASHng">15193.1093333333</dst>
        </src>
        <src id="LOSAng">
            <dst id="ATLA-M5">1517.552</dst>
            <dst id="ATLAng">20028.5226666667</dst>
            <dst id="CHINng">96867.9893333333</dst>
            <dst id="DNVRng">7898.64</dst>
            <dst id="HSTNng">7493.09866666667</dst>
            <dst id="IPLSng">23994.6346666667</dst>
            <dst id="KSCYng">8744.51466666667</dst>
            <dst id="LOSAng">17040.1466666667</dst>
            <dst id="NYCMng">69079.8986666667</dst>
            <dst id="SNVAng">7472.984</dst>
            <dst id="STTLng">15198.064</dst>
            <dst id="WASHng">129980.392</dst>
        </src>
        <src id="NYCMng">
            <dst id="ATLA-M5">1840.22933333333</dst>
            <dst id="ATLAng">30061.0026666667</dst>
            <dst id="CHINng">48964.0773333333</dst>
            <dst id="DNVRng">31814.5893333333</dst>
            <dst id="HSTNng">5552.04</dst>
            <dst id="IPLSng">39930.2</dst>
            <dst id="KSCYng">11398.528</dst>
            <dst id="LOSAng">45126.6186666667</dst>
            <dst id="NYCMng">123617.536</dst>
            <dst id="SNVAng">2134.264</dst>
            <dst id="STTLng">21659.04</dst>
            <dst id="WASHng">96750.6986666667</dst>
        </src>
        <src id="SNVAng">
            <dst id="ATLA-M5">0</dst>
            <dst id="ATLAng">292.042666666667</dst>
            <dst id="CHINng">1318.42666666667</dst>
            <dst id="DNVRng">4641.37066666667</dst>
            <dst id="HSTNng">223.861333333333</dst>
            <dst id="IPLSng">206.957333333333</dst>
            <dst id="KSCYng">0</dst>
            <dst id="LOSAng">36302.7706666667</dst>
            <dst id="NYCMng">742.525333333333</dst>
            <dst id="SNVAng">13291.2773333333</dst>
            <dst id="STTLng">51967.9066666667</dst>
            <dst id="WASHng">463.725333333333</dst>
        </src>
        <src id="STTLng">
            <dst id="ATLA-M5">74.4533333333333</dst>
            <dst id="ATLAng">7341.65333333333</dst>
            <dst id="CHINng">12788.4826666667</dst>
            <dst id="DNVRng">2509.29866666667</dst>
            <dst id="HSTNng">5931.176</dst>
            <dst id="IPLSng">4125.24</dst>
            <dst id="KSCYng">5669.60266666667</dst>
            <dst id="LOSAng">13139.2133333333</dst>
            <dst id="NYCMng">7856.91466666667</dst>
            <dst id="SNVAng">2429.008</dst>
            <dst id="STTLng">5292.19466666667</dst>
            <dst id="WASHng">8606.704</dst>
        </src>
        <src id="WASHng">
            <dst id="ATLA-M5">399.992</dst>
            <dst id="ATLAng">77293.4106666667</dst>
            <dst id="CHINng">58763.52</dst>
            <dst id="DNVRng">52091.08</dst>
            <dst id="HSTNng">26918.0373333333</dst>
            <dst id="IPLSng">46794.2266666667</dst>
            <dst id="KSCYng">20601.2853333333</dst>
            <dst id="LOSAng">98919.3333333333</dst>
            <dst id="NYCMng">141821.437333333</dst>
            <dst id="SNVAng">682.994666666667</dst>
            <dst id="STTLng">33484.3893333333</dst>
            <dst id="WASHng">284643.146666667</dst>
        </src>
    </IntraTM>
</TrafficMatrixFile>
