<?xml version="1.0" encoding="ISO-8859-1" standalone="yes"?>
<TrafficMatrixFile xsi:noNamespaceSchemaLocation="http://totem.run.montefiore.ulg.ac.be/Schema/TrafficMatrix-v1_2.xsd" xmlns:xsi="http://www.w3.org/2001/XMLSchema-instance">
    <IntraTM ASID="11537">
        <src id="ATLA-M5">
            <dst id="ATLA-M5">42.0746666666667</dst>
            <dst id="ATLAng">105.848</dst>
            <dst id="CHINng">473.253333333333</dst>
            <dst id="DNVRng">178.941333333333</dst>
            <dst id="HSTNng">177.501333333333</dst>
            <dst id="IPLSng">442.242666666667</dst>
            <dst id="KSCYng">158.032</dst>
            <dst id="LOSAng">170.666666666667</dst>
            <dst id="NYCMng">83.1573333333333</dst>
            <dst id="SNVAng">146.178666666667</dst>
            <dst id="STTLng">26.6666666666667</dst>
            <dst id="WASHng">940.042666666667</dst>
        </src>
        <src id="ATLAng">
            <dst id="ATLA-M5">3004.04266666667</dst>
            <dst id="ATLAng">20579.5306666667</dst>
            <dst id="CHINng">19974.32</dst>
            <dst id="DNVRng">5191.752</dst>
            <dst id="HSTNng">2538.128</dst>
            <dst id="IPLSng">24283.96</dst>
            <dst id="KSCYng">5508.66133333333</dst>
            <dst id="LOSAng">31688.7546666667</dst>
            <dst id="NYCMng">7822.64533333334</dst>
            <dst id="SNVAng">1168.22133333333</dst>
            <dst id="STTLng">4619.62666666667</dst>
            <dst id="WASHng">32914.9626666667</dst>
        </src>
        <src id="CHINng">
            <dst id="ATLA-M5">1155.81333333333</dst>
            <dst id="ATLAng">32072.2026666667</dst>
            <dst id="CHINng">79910.4133333333</dst>
            <dst id="DNVRng">16649.2106666667</dst>
            <dst id="HSTNng">56931.2213333333</dst>
            <dst id="IPLSng">56872.2026666667</dst>
            <dst id="KSCYng">18483.0693333333</dst>
            <dst id="LOSAng">80555.512</dst>
            <dst id="NYCMng">22706.4426666667</dst>
            <dst id="SNVAng">6137.37066666667</dst>
            <dst id="STTLng">10466.9546666667</dst>
            <dst id="WASHng">26628.784</dst>
        </src>
        <src id="DNVRng">
            <dst id="ATLA-M5">251.069333333333</dst>
            <dst id="ATLAng">4746.176</dst>
            <dst id="CHINng">83673.3573333333</dst>
            <dst id="DNVRng">18540.9493333333</dst>
            <dst id="HSTNng">16175.9466666667</dst>
            <dst id="IPLSng">30109.8906666667</dst>
            <dst id="KSCYng">26781.6586666667</dst>
            <dst id="LOSAng">7879.176</dst>
            <dst id="NYCMng">21834.5786666667</dst>
            <dst id="SNVAng">13224.776</dst>
            <dst id="STTLng">17686.9306666667</dst>
            <dst id="WASHng">46384.6933333333</dst>
        </src>
        <src id="HSTNng">
            <dst id="ATLA-M5">5301.97066666667</dst>
            <dst id="ATLAng">2749.83733333333</dst>
            <dst id="CHINng">15150.5813333333</dst>
            <dst id="DNVRng">4260.27466666667</dst>
            <dst id="HSTNng">5771.37333333333</dst>
            <dst id="IPLSng">7773.40533333333</dst>
            <dst id="KSCYng">4345.82933333333</dst>
            <dst id="LOSAng">7100.50933333333</dst>
            <dst id="NYCMng">4567.54933333333</dst>
            <dst id="SNVAng">1394.37866666667</dst>
            <dst id="STTLng">2922.53866666667</dst>
            <dst id="WASHng">9761.53066666667</dst>
        </src>
        <src id="IPLSng">
            <dst id="ATLA-M5">914.826666666666</dst>
            <dst id="ATLAng">33906.8266666667</dst>
            <dst id="CHINng">101904.597333333</dst>
            <dst id="DNVRng">18195.2773333333</dst>
            <dst id="HSTNng">7364.08533333333</dst>
            <dst id="IPLSng">25169.4133333333</dst>
            <dst id="KSCYng">15253.8693333333</dst>
            <dst id="LOSAng">36955.7493333333</dst>
            <dst id="NYCMng">53528.2906666667</dst>
            <dst id="SNVAng">1600.872</dst>
            <dst id="STTLng">9532.93333333333</dst>
            <dst id="WASHng">42985.8613333333</dst>
        </src>
        <src id="KSCYng">
            <dst id="ATLA-M5">125.821333333333</dst>
            <dst id="ATLAng">2522.14666666667</dst>
            <dst id="CHINng">24903.816</dst>
            <dst id="DNVRng">13869.2426666667</dst>
            <dst id="HSTNng">4423.05866666667</dst>
            <dst id="IPLSng">17180.6346666667</dst>
            <dst id="KSCYng">13529.8026666667</dst>
            <dst id="LOSAng">6102.928</dst>
            <dst id="NYCMng">5460.57333333333</dst>
            <dst id="SNVAng">415.92</dst>
            <dst id="STTLng">2183.376</dst>
            <dst id="WASHng">13922.8346666667</dst>
        </src>
        <src id="LOSAng">
            <dst id="ATLA-M5">1483.35466666667</dst>
            <dst id="ATLAng">10881.9173333333</dst>
            <dst id="CHINng">96295.4453333333</dst>
            <dst id="DNVRng">18807.112</dst>
            <dst id="HSTNng">22959.3626666667</dst>
            <dst id="IPLSng">43222.072</dst>
            <dst id="KSCYng">10006.552</dst>
            <dst id="LOSAng">13764.5226666667</dst>
            <dst id="NYCMng">75468.5013333333</dst>
            <dst id="SNVAng">6517.89866666667</dst>
            <dst id="STTLng">27315.136</dst>
            <dst id="WASHng">111699.402666667</dst>
        </src>
        <src id="NYCMng">
            <dst id="ATLA-M5">753.197333333333</dst>
            <dst id="ATLAng">34871.4906666667</dst>
            <dst id="CHINng">45610.928</dst>
            <dst id="DNVRng">33140.9093333333</dst>
            <dst id="HSTNng">17323.768</dst>
            <dst id="IPLSng">55526.8266666667</dst>
            <dst id="KSCYng">20721.32</dst>
            <dst id="LOSAng">76585.5493333333</dst>
            <dst id="NYCMng">169090.992</dst>
            <dst id="SNVAng">4196.856</dst>
            <dst id="STTLng">23856.544</dst>
            <dst id="WASHng">143312.229333333</dst>
        </src>
        <src id="SNVAng">
            <dst id="ATLA-M5">26.6666666666667</dst>
            <dst id="ATLAng">113.466666666667</dst>
            <dst id="CHINng">2652.51733333333</dst>
            <dst id="DNVRng">13453.88</dst>
            <dst id="HSTNng">202.365333333333</dst>
            <dst id="IPLSng">994.656</dst>
            <dst id="KSCYng">140.821333333333</dst>
            <dst id="LOSAng">62197.12</dst>
            <dst id="NYCMng">794.253333333334</dst>
            <dst id="SNVAng">14729.568</dst>
            <dst id="STTLng">53980.3946666667</dst>
            <dst id="WASHng">1226.04</dst>
        </src>
        <src id="STTLng">
            <dst id="ATLA-M5">142.674666666667</dst>
            <dst id="ATLAng">9249.41066666667</dst>
            <dst id="CHINng">10153.9146666667</dst>
            <dst id="DNVRng">2776.952</dst>
            <dst id="HSTNng">8018.25066666667</dst>
            <dst id="IPLSng">7196.24533333333</dst>
            <dst id="KSCYng">3021.90933333333</dst>
            <dst id="LOSAng">19144.888</dst>
            <dst id="NYCMng">6733.96266666667</dst>
            <dst id="SNVAng">6466.824</dst>
            <dst id="STTLng">7302.85066666667</dst>
            <dst id="WASHng">5919.25866666667</dst>
        </src>
        <src id="WASHng">
            <dst id="ATLA-M5">1805.35466666667</dst>
            <dst id="ATLAng">88909.432</dst>
            <dst id="CHINng">65724.8693333333</dst>
            <dst id="DNVRng">60681.6826666667</dst>
            <dst id="HSTNng">20422.4746666667</dst>
            <dst id="IPLSng">66040.5813333333</dst>
            <dst id="KSCYng">26192.3333333333</dst>
            <dst id="LOSAng">116573.776</dst>
            <dst id="NYCMng">147768.216</dst>
            <dst id="SNVAng">2161.69333333333</dst>
            <dst id="STTLng">32763.416</dst>
            <dst id="WASHng">304175.52</dst>
        </src>
    </IntraTM>
</TrafficMatrixFile>
