<?xml version="1.0" encoding="ISO-8859-1" standalone="yes"?>
<TrafficMatrixFile xsi:noNamespaceSchemaLocation="http://totem.run.montefiore.ulg.ac.be/Schema/TrafficMatrix-v1_2.xsd" xmlns:xsi="http://www.w3.org/2001/XMLSchema-instance">
    <IntraTM ASID="11537">
        <src id="ATLA-M5">
            <dst id="ATLA-M5">5264.232</dst>
            <dst id="ATLAng">26.6666666666667</dst>
            <dst id="CHINng">423.157333333333</dst>
            <dst id="DNVRng">26.6666666666667</dst>
            <dst id="HSTNng">565.405333333333</dst>
            <dst id="IPLSng">361.533333333333</dst>
            <dst id="KSCYng">130.786666666667</dst>
            <dst id="LOSAng">354.04</dst>
            <dst id="NYCMng">80.032</dst>
            <dst id="SNVAng">0</dst>
            <dst id="STTLng">26.6666666666667</dst>
            <dst id="WASHng">2894.65866666667</dst>
        </src>
        <src id="ATLAng">
            <dst id="ATLA-M5">1067.248</dst>
            <dst id="ATLAng">37910.96</dst>
            <dst id="CHINng">23695.6506666667</dst>
            <dst id="DNVRng">3835.304</dst>
            <dst id="HSTNng">8579.85066666667</dst>
            <dst id="IPLSng">28198.5146666667</dst>
            <dst id="KSCYng">3634.82133333333</dst>
            <dst id="LOSAng">18919.28</dst>
            <dst id="NYCMng">9518.54133333333</dst>
            <dst id="SNVAng">403.906666666667</dst>
            <dst id="STTLng">6436.65066666667</dst>
            <dst id="WASHng">112611.928</dst>
        </src>
        <src id="CHINng">
            <dst id="ATLA-M5">1252.89333333333</dst>
            <dst id="ATLAng">20945.5626666667</dst>
            <dst id="CHINng">112552.186666667</dst>
            <dst id="DNVRng">23338.3946666667</dst>
            <dst id="HSTNng">58251.2693333333</dst>
            <dst id="IPLSng">65831.6506666667</dst>
            <dst id="KSCYng">13269.4533333333</dst>
            <dst id="LOSAng">2040054.50666667</dst>
            <dst id="NYCMng">22007.4106666667</dst>
            <dst id="SNVAng">2907.176</dst>
            <dst id="STTLng">8551.67733333333</dst>
            <dst id="WASHng">25721.12</dst>
        </src>
        <src id="DNVRng">
            <dst id="ATLA-M5">135.397333333333</dst>
            <dst id="ATLAng">8198.18933333333</dst>
            <dst id="CHINng">69542.6506666667</dst>
            <dst id="DNVRng">12448.9253333333</dst>
            <dst id="HSTNng">13237.624</dst>
            <dst id="IPLSng">33738.9093333333</dst>
            <dst id="KSCYng">16231.1653333333</dst>
            <dst id="LOSAng">7333.62933333333</dst>
            <dst id="NYCMng">22956.7653333333</dst>
            <dst id="SNVAng">9966.26933333333</dst>
            <dst id="STTLng">9709.18133333334</dst>
            <dst id="WASHng">50397.752</dst>
        </src>
        <src id="HSTNng">
            <dst id="ATLA-M5">5275.04266666667</dst>
            <dst id="ATLAng">3594.54666666667</dst>
            <dst id="CHINng">20565.112</dst>
            <dst id="DNVRng">4380.03466666667</dst>
            <dst id="HSTNng">8887.57866666667</dst>
            <dst id="IPLSng">4073.94133333333</dst>
            <dst id="KSCYng">2454.98666666667</dst>
            <dst id="LOSAng">5823.07733333333</dst>
            <dst id="NYCMng">8563.36533333333</dst>
            <dst id="SNVAng">1200.28266666667</dst>
            <dst id="STTLng">2464.97333333333</dst>
            <dst id="WASHng">10228.7413333333</dst>
        </src>
        <src id="IPLSng">
            <dst id="ATLA-M5">423.744</dst>
            <dst id="ATLAng">19039.0053333333</dst>
            <dst id="CHINng">131672.666666667</dst>
            <dst id="DNVRng">22749.9733333333</dst>
            <dst id="HSTNng">6960.17866666667</dst>
            <dst id="IPLSng">43257.2346666667</dst>
            <dst id="KSCYng">11477.272</dst>
            <dst id="LOSAng">41731.8293333333</dst>
            <dst id="NYCMng">59680.6</dst>
            <dst id="SNVAng">1579.128</dst>
            <dst id="STTLng">17468.2053333333</dst>
            <dst id="WASHng">42211.5253333333</dst>
        </src>
        <src id="KSCYng">
            <dst id="ATLA-M5">314.557333333333</dst>
            <dst id="ATLAng">2851.16533333333</dst>
            <dst id="CHINng">27875.6053333333</dst>
            <dst id="DNVRng">10725.4986666667</dst>
            <dst id="HSTNng">6705.792</dst>
            <dst id="IPLSng">13628.9573333333</dst>
            <dst id="KSCYng">7436.97066666667</dst>
            <dst id="LOSAng">6875.03466666667</dst>
            <dst id="NYCMng">10293.8506666667</dst>
            <dst id="SNVAng">1204.30133333333</dst>
            <dst id="STTLng">1735.22133333333</dst>
            <dst id="WASHng">18832.92</dst>
        </src>
        <src id="LOSAng">
            <dst id="ATLA-M5">1803.952</dst>
            <dst id="ATLAng">19681.984</dst>
            <dst id="CHINng">1087036</dst>
            <dst id="DNVRng">7671.35733333333</dst>
            <dst id="HSTNng">11097.2506666667</dst>
            <dst id="IPLSng">53215.8746666667</dst>
            <dst id="KSCYng">12166.8533333333</dst>
            <dst id="LOSAng">15554.832</dst>
            <dst id="NYCMng">81924.16</dst>
            <dst id="SNVAng">12894.7946666667</dst>
            <dst id="STTLng">23584.3306666667</dst>
            <dst id="WASHng">100099.826666667</dst>
        </src>
        <src id="NYCMng">
            <dst id="ATLA-M5">1768.42933333333</dst>
            <dst id="ATLAng">34719.1253333333</dst>
            <dst id="CHINng">64170.456</dst>
            <dst id="DNVRng">39108.6906666667</dst>
            <dst id="HSTNng">24196.208</dst>
            <dst id="IPLSng">77212.2293333333</dst>
            <dst id="KSCYng">15010.3493333333</dst>
            <dst id="LOSAng">56561.5493333333</dst>
            <dst id="NYCMng">219411.029333333</dst>
            <dst id="SNVAng">9736.41333333333</dst>
            <dst id="STTLng">18325.8826666667</dst>
            <dst id="WASHng">146691.461333333</dst>
        </src>
        <src id="SNVAng">
            <dst id="ATLA-M5">95.592</dst>
            <dst id="ATLAng">601.936</dst>
            <dst id="CHINng">3346.47466666667</dst>
            <dst id="DNVRng">4111.40266666667</dst>
            <dst id="HSTNng">410.293333333333</dst>
            <dst id="IPLSng">1568.06133333333</dst>
            <dst id="KSCYng">180.437333333333</dst>
            <dst id="LOSAng">32618.2186666667</dst>
            <dst id="NYCMng">605.970666666667</dst>
            <dst id="SNVAng">12426.4026666667</dst>
            <dst id="STTLng">51645.208</dst>
            <dst id="WASHng">1215.63733333333</dst>
        </src>
        <src id="STTLng">
            <dst id="ATLA-M5">260.906666666667</dst>
            <dst id="ATLAng">9135.392</dst>
            <dst id="CHINng">17660.304</dst>
            <dst id="DNVRng">4330.89333333333</dst>
            <dst id="HSTNng">11250.0453333333</dst>
            <dst id="IPLSng">9504.264</dst>
            <dst id="KSCYng">4383.16</dst>
            <dst id="LOSAng">19654.8826666667</dst>
            <dst id="NYCMng">12123.184</dst>
            <dst id="SNVAng">2557.20533333333</dst>
            <dst id="STTLng">9573.53066666667</dst>
            <dst id="WASHng">11180.1973333333</dst>
        </src>
        <src id="WASHng">
            <dst id="ATLA-M5">1270.592</dst>
            <dst id="ATLAng">81924.176</dst>
            <dst id="CHINng">98275.6906666666</dst>
            <dst id="DNVRng">45615.8</dst>
            <dst id="HSTNng">29190.4506666667</dst>
            <dst id="IPLSng">87173.6133333333</dst>
            <dst id="KSCYng">20745.4</dst>
            <dst id="LOSAng">117526.28</dst>
            <dst id="NYCMng">152999.261333333</dst>
            <dst id="SNVAng">3411.27466666667</dst>
            <dst id="STTLng">45656.8506666667</dst>
            <dst id="WASHng">215203.018666667</dst>
        </src>
    </IntraTM>
</TrafficMatrixFile>
