<?xml version="1.0" encoding="ISO-8859-1" standalone="yes"?>
<TrafficMatrixFile xsi:noNamespaceSchemaLocation="http://totem.run.montefiore.ulg.ac.be/Schema/TrafficMatrix-v1_2.xsd" xmlns:xsi="http://www.w3.org/2001/XMLSchema-instance">
    <IntraTM ASID="11537">
        <src id="ATLA-M5">
            <dst id="ATLA-M5">55.04</dst>
            <dst id="ATLAng">95.7866666666667</dst>
            <dst id="CHINng">658.885333333333</dst>
            <dst id="DNVRng">60.824</dst>
            <dst id="HSTNng">215.090666666667</dst>
            <dst id="IPLSng">155.029333333333</dst>
            <dst id="KSCYng">53.3333333333333</dst>
            <dst id="LOSAng">696.128</dst>
            <dst id="NYCMng">53.3333333333333</dst>
            <dst id="SNVAng">504.314666666667</dst>
            <dst id="STTLng">26.6666666666667</dst>
            <dst id="WASHng">459.232</dst>
        </src>
        <src id="ATLAng">
            <dst id="ATLA-M5">78.7626666666667</dst>
            <dst id="ATLAng">23367.632</dst>
            <dst id="CHINng">14415.5573333333</dst>
            <dst id="DNVRng">6247.064</dst>
            <dst id="HSTNng">4901.47466666667</dst>
            <dst id="IPLSng">17516.4986666667</dst>
            <dst id="KSCYng">10588.776</dst>
            <dst id="LOSAng">17827.3173333333</dst>
            <dst id="NYCMng">12486.6026666667</dst>
            <dst id="SNVAng">257.136</dst>
            <dst id="STTLng">5612.60533333333</dst>
            <dst id="WASHng">40376.8186666667</dst>
        </src>
        <src id="CHINng">
            <dst id="ATLA-M5">875.178666666667</dst>
            <dst id="ATLAng">15123.232</dst>
            <dst id="CHINng">103858.688</dst>
            <dst id="DNVRng">23227.7253333333</dst>
            <dst id="HSTNng">50163.8</dst>
            <dst id="IPLSng">40779.1306666667</dst>
            <dst id="KSCYng">12461.4453333333</dst>
            <dst id="LOSAng">79929.0346666667</dst>
            <dst id="NYCMng">33243</dst>
            <dst id="SNVAng">2202.68533333333</dst>
            <dst id="STTLng">15828.0186666667</dst>
            <dst id="WASHng">24599.1386666667</dst>
        </src>
        <src id="DNVRng">
            <dst id="ATLA-M5">153.802666666667</dst>
            <dst id="ATLAng">5647.28266666667</dst>
            <dst id="CHINng">73843.76</dst>
            <dst id="DNVRng">16394.184</dst>
            <dst id="HSTNng">13327.5013333333</dst>
            <dst id="IPLSng">28031.1706666667</dst>
            <dst id="KSCYng">24179.1066666667</dst>
            <dst id="LOSAng">16738.1893333333</dst>
            <dst id="NYCMng">23845.6693333333</dst>
            <dst id="SNVAng">14186.792</dst>
            <dst id="STTLng">12221.224</dst>
            <dst id="WASHng">56392.5626666667</dst>
        </src>
        <src id="HSTNng">
            <dst id="ATLA-M5">5386.29333333333</dst>
            <dst id="ATLAng">2104.392</dst>
            <dst id="CHINng">12779.072</dst>
            <dst id="DNVRng">2141.712</dst>
            <dst id="HSTNng">6414.56533333333</dst>
            <dst id="IPLSng">4158.42666666667</dst>
            <dst id="KSCYng">2730.912</dst>
            <dst id="LOSAng">8806.616</dst>
            <dst id="NYCMng">2357.23466666667</dst>
            <dst id="SNVAng">2206.09066666667</dst>
            <dst id="STTLng">2133.02133333333</dst>
            <dst id="WASHng">13081.1866666667</dst>
        </src>
        <src id="IPLSng">
            <dst id="ATLA-M5">590.053333333333</dst>
            <dst id="ATLAng">31277.7013333333</dst>
            <dst id="CHINng">78931.3386666667</dst>
            <dst id="DNVRng">16085.6293333333</dst>
            <dst id="HSTNng">6805.864</dst>
            <dst id="IPLSng">20897.752</dst>
            <dst id="KSCYng">5966.68</dst>
            <dst id="LOSAng">53972.08</dst>
            <dst id="NYCMng">30950.6613333333</dst>
            <dst id="SNVAng">1247.69066666667</dst>
            <dst id="STTLng">10033.144</dst>
            <dst id="WASHng">36618.168</dst>
        </src>
        <src id="KSCYng">
            <dst id="ATLA-M5">107.616</dst>
            <dst id="ATLAng">2264.30133333333</dst>
            <dst id="CHINng">24308.384</dst>
            <dst id="DNVRng">16656.9386666667</dst>
            <dst id="HSTNng">3565.68266666667</dst>
            <dst id="IPLSng">18058.976</dst>
            <dst id="KSCYng">9207.07733333333</dst>
            <dst id="LOSAng">7142.13333333333</dst>
            <dst id="NYCMng">6411.09866666667</dst>
            <dst id="SNVAng">233.56</dst>
            <dst id="STTLng">3354.496</dst>
            <dst id="WASHng">11652.888</dst>
        </src>
        <src id="LOSAng">
            <dst id="ATLA-M5">1178.92</dst>
            <dst id="ATLAng">15237.632</dst>
            <dst id="CHINng">78311</dst>
            <dst id="DNVRng">12615.8506666667</dst>
            <dst id="HSTNng">5034.16</dst>
            <dst id="IPLSng">40844.1333333333</dst>
            <dst id="KSCYng">7359.40533333333</dst>
            <dst id="LOSAng">11954.0133333333</dst>
            <dst id="NYCMng">62063.088</dst>
            <dst id="SNVAng">5452.94666666667</dst>
            <dst id="STTLng">21262.3173333333</dst>
            <dst id="WASHng">112865.168</dst>
        </src>
        <src id="NYCMng">
            <dst id="ATLA-M5">868.010666666667</dst>
            <dst id="ATLAng">36768.312</dst>
            <dst id="CHINng">54190.1226666667</dst>
            <dst id="DNVRng">39662.5466666667</dst>
            <dst id="HSTNng">9763.62666666667</dst>
            <dst id="IPLSng">43145.928</dst>
            <dst id="KSCYng">14535.9466666667</dst>
            <dst id="LOSAng">79523.1973333333</dst>
            <dst id="NYCMng">154549.229333333</dst>
            <dst id="SNVAng">3236.416</dst>
            <dst id="STTLng">21158.92</dst>
            <dst id="WASHng">156408.450666667</dst>
        </src>
        <src id="SNVAng">
            <dst id="ATLA-M5">0</dst>
            <dst id="ATLAng">107.938666666667</dst>
            <dst id="CHINng">1673.192</dst>
            <dst id="DNVRng">9059.968</dst>
            <dst id="HSTNng">416.058666666667</dst>
            <dst id="IPLSng">1011.184</dst>
            <dst id="KSCYng">120.197333333333</dst>
            <dst id="LOSAng">51164.1413333333</dst>
            <dst id="NYCMng">2783.87733333333</dst>
            <dst id="SNVAng">15151.272</dst>
            <dst id="STTLng">59760.1253333333</dst>
            <dst id="WASHng">154.757333333333</dst>
        </src>
        <src id="STTLng">
            <dst id="ATLA-M5">65.0453333333333</dst>
            <dst id="ATLAng">9924.00266666667</dst>
            <dst id="CHINng">20966.632</dst>
            <dst id="DNVRng">2629.42666666667</dst>
            <dst id="HSTNng">6623.808</dst>
            <dst id="IPLSng">9474.696</dst>
            <dst id="KSCYng">3706.784</dst>
            <dst id="LOSAng">15266.4213333333</dst>
            <dst id="NYCMng">5280.688</dst>
            <dst id="SNVAng">3640.01866666667</dst>
            <dst id="STTLng">6612.95466666667</dst>
            <dst id="WASHng">10509.0986666667</dst>
        </src>
        <src id="WASHng">
            <dst id="ATLA-M5">947.618666666667</dst>
            <dst id="ATLAng">76972.8666666667</dst>
            <dst id="CHINng">100748.597333333</dst>
            <dst id="DNVRng">64589.2213333333</dst>
            <dst id="HSTNng">32997.8853333333</dst>
            <dst id="IPLSng">59551.1386666667</dst>
            <dst id="KSCYng">19980.56</dst>
            <dst id="LOSAng">106489.493333333</dst>
            <dst id="NYCMng">154602.861333333</dst>
            <dst id="SNVAng">8588.11733333333</dst>
            <dst id="STTLng">26241.9813333333</dst>
            <dst id="WASHng">304586.773333333</dst>
        </src>
    </IntraTM>
</TrafficMatrixFile>
