<?xml version="1.0" encoding="ISO-8859-1" standalone="yes"?>
<TrafficMatrixFile xsi:noNamespaceSchemaLocation="http://totem.run.montefiore.ulg.ac.be/Schema/TrafficMatrix-v1_2.xsd" xmlns:xsi="http://www.w3.org/2001/XMLSchema-instance">
    <IntraTM ASID="11537">
        <src id="ATLA-M5">
            <dst id="ATLA-M5">8794.24533333333</dst>
            <dst id="ATLAng">155.104</dst>
            <dst id="CHINng">773.682666666667</dst>
            <dst id="DNVRng">53.3333333333333</dst>
            <dst id="HSTNng">95.4133333333333</dst>
            <dst id="IPLSng">520.474666666667</dst>
            <dst id="KSCYng">173.944</dst>
            <dst id="LOSAng">194.309333333333</dst>
            <dst id="NYCMng">237.090666666667</dst>
            <dst id="SNVAng">0</dst>
            <dst id="STTLng">218.525333333333</dst>
            <dst id="WASHng">4538.39733333334</dst>
        </src>
        <src id="ATLAng">
            <dst id="ATLA-M5">163.914666666667</dst>
            <dst id="ATLAng">26429.088</dst>
            <dst id="CHINng">15492.104</dst>
            <dst id="DNVRng">3016.608</dst>
            <dst id="HSTNng">2296.56</dst>
            <dst id="IPLSng">15649.6933333333</dst>
            <dst id="KSCYng">1251.56266666667</dst>
            <dst id="LOSAng">24943.024</dst>
            <dst id="NYCMng">16358.952</dst>
            <dst id="SNVAng">3167.496</dst>
            <dst id="STTLng">5271.04533333333</dst>
            <dst id="WASHng">54636.208</dst>
        </src>
        <src id="CHINng">
            <dst id="ATLA-M5">785.016</dst>
            <dst id="ATLAng">24294.9466666667</dst>
            <dst id="CHINng">109413.96</dst>
            <dst id="DNVRng">25899.2426666667</dst>
            <dst id="HSTNng">49920.904</dst>
            <dst id="IPLSng">67008.976</dst>
            <dst id="KSCYng">16888.288</dst>
            <dst id="LOSAng">44141.9706666667</dst>
            <dst id="NYCMng">20317.7226666667</dst>
            <dst id="SNVAng">2186.536</dst>
            <dst id="STTLng">13745.4746666667</dst>
            <dst id="WASHng">28280.0853333333</dst>
        </src>
        <src id="DNVRng">
            <dst id="ATLA-M5">403.786666666667</dst>
            <dst id="ATLAng">8133.34666666667</dst>
            <dst id="CHINng">62138.384</dst>
            <dst id="DNVRng">12237.144</dst>
            <dst id="HSTNng">12901.472</dst>
            <dst id="IPLSng">36965.5386666667</dst>
            <dst id="KSCYng">24565.416</dst>
            <dst id="LOSAng">8126.69866666667</dst>
            <dst id="NYCMng">24677.1226666667</dst>
            <dst id="SNVAng">11541.2746666667</dst>
            <dst id="STTLng">11751.3653333333</dst>
            <dst id="WASHng">47419.7573333333</dst>
        </src>
        <src id="HSTNng">
            <dst id="ATLA-M5">4248.69333333333</dst>
            <dst id="ATLAng">5088.008</dst>
            <dst id="CHINng">15293.4026666667</dst>
            <dst id="DNVRng">1101.68266666667</dst>
            <dst id="HSTNng">4893.33866666667</dst>
            <dst id="IPLSng">1552.48533333333</dst>
            <dst id="KSCYng">2760.56</dst>
            <dst id="LOSAng">3228.45066666667</dst>
            <dst id="NYCMng">7232.89066666667</dst>
            <dst id="SNVAng">125.904</dst>
            <dst id="STTLng">3174.50133333333</dst>
            <dst id="WASHng">8300.82933333333</dst>
        </src>
        <src id="IPLSng">
            <dst id="ATLA-M5">211.565333333333</dst>
            <dst id="ATLAng">17039.4693333333</dst>
            <dst id="CHINng">102204.378666667</dst>
            <dst id="DNVRng">19903.2506666667</dst>
            <dst id="HSTNng">3105.008</dst>
            <dst id="IPLSng">17867.32</dst>
            <dst id="KSCYng">6260.92266666667</dst>
            <dst id="LOSAng">32150.2586666667</dst>
            <dst id="NYCMng">53803.0853333333</dst>
            <dst id="SNVAng">931.064</dst>
            <dst id="STTLng">14331.4106666667</dst>
            <dst id="WASHng">49814.4186666667</dst>
        </src>
        <src id="KSCYng">
            <dst id="ATLA-M5">115.469333333333</dst>
            <dst id="ATLAng">2423.42666666667</dst>
            <dst id="CHINng">28386.8346666667</dst>
            <dst id="DNVRng">12611.6346666667</dst>
            <dst id="HSTNng">3170.04</dst>
            <dst id="IPLSng">22569.0666666667</dst>
            <dst id="KSCYng">7129.79733333333</dst>
            <dst id="LOSAng">7105.824</dst>
            <dst id="NYCMng">15132.0506666667</dst>
            <dst id="SNVAng">1278.52</dst>
            <dst id="STTLng">1974.56</dst>
            <dst id="WASHng">17612.104</dst>
        </src>
        <src id="LOSAng">
            <dst id="ATLA-M5">3160.19466666667</dst>
            <dst id="ATLAng">42376.0053333333</dst>
            <dst id="CHINng">1085245.33333333</dst>
            <dst id="DNVRng">7561.57866666667</dst>
            <dst id="HSTNng">9121.05066666667</dst>
            <dst id="IPLSng">39350.8613333333</dst>
            <dst id="KSCYng">14030.888</dst>
            <dst id="LOSAng">9794.02133333333</dst>
            <dst id="NYCMng">79307.7226666667</dst>
            <dst id="SNVAng">10208.7413333333</dst>
            <dst id="STTLng">23805.0426666667</dst>
            <dst id="WASHng">134040.154666667</dst>
        </src>
        <src id="NYCMng">
            <dst id="ATLA-M5">1914.06933333333</dst>
            <dst id="ATLAng">33123.4213333333</dst>
            <dst id="CHINng">49993.1706666667</dst>
            <dst id="DNVRng">33383.1546666667</dst>
            <dst id="HSTNng">13490.5093333333</dst>
            <dst id="IPLSng">58528.1733333333</dst>
            <dst id="KSCYng">19080.264</dst>
            <dst id="LOSAng">36887.0213333333</dst>
            <dst id="NYCMng">189894.338666667</dst>
            <dst id="SNVAng">2535.27466666667</dst>
            <dst id="STTLng">23103.1786666667</dst>
            <dst id="WASHng">171681.208</dst>
        </src>
        <src id="SNVAng">
            <dst id="ATLA-M5">0</dst>
            <dst id="ATLAng">59.8613333333333</dst>
            <dst id="CHINng">1083.02666666667</dst>
            <dst id="DNVRng">4750.17866666667</dst>
            <dst id="HSTNng">1269.312</dst>
            <dst id="IPLSng">361.669333333333</dst>
            <dst id="KSCYng">196.394666666667</dst>
            <dst id="LOSAng">32316.8506666667</dst>
            <dst id="NYCMng">1205.224</dst>
            <dst id="SNVAng">15265.4426666667</dst>
            <dst id="STTLng">51877.5466666667</dst>
            <dst id="WASHng">1309.00533333333</dst>
        </src>
        <src id="STTLng">
            <dst id="ATLA-M5">129.578666666667</dst>
            <dst id="ATLAng">8363.856</dst>
            <dst id="CHINng">11325.4373333333</dst>
            <dst id="DNVRng">1822.89333333333</dst>
            <dst id="HSTNng">10366.6426666667</dst>
            <dst id="IPLSng">4669.008</dst>
            <dst id="KSCYng">4927.25866666667</dst>
            <dst id="LOSAng">17816.5733333333</dst>
            <dst id="NYCMng">14706.8773333333</dst>
            <dst id="SNVAng">3476.01333333333</dst>
            <dst id="STTLng">6113.14933333333</dst>
            <dst id="WASHng">8820.696</dst>
        </src>
        <src id="WASHng">
            <dst id="ATLA-M5">3102.888</dst>
            <dst id="ATLAng">226420.002666667</dst>
            <dst id="CHINng">87322.6293333334</dst>
            <dst id="DNVRng">45098.616</dst>
            <dst id="HSTNng">12962.648</dst>
            <dst id="IPLSng">64301.752</dst>
            <dst id="KSCYng">20453.752</dst>
            <dst id="LOSAng">107377.877333333</dst>
            <dst id="NYCMng">169311.328</dst>
            <dst id="SNVAng">1298.36533333333</dst>
            <dst id="STTLng">38195.0346666667</dst>
            <dst id="WASHng">339940.933333333</dst>
        </src>
    </IntraTM>
</TrafficMatrixFile>
