<?xml version="1.0" encoding="ISO-8859-1" standalone="yes"?>
<TrafficMatrixFile xsi:noNamespaceSchemaLocation="http://totem.run.montefiore.ulg.ac.be/Schema/TrafficMatrix-v1_2.xsd" xmlns:xsi="http://www.w3.org/2001/XMLSchema-instance">
    <IntraTM ASID="11537">
        <src id="ATLA-M5">
            <dst id="ATLA-M5">124.202666666667</dst>
            <dst id="ATLAng">34.4613333333333</dst>
            <dst id="CHINng">1379.23733333333</dst>
            <dst id="DNVRng">0</dst>
            <dst id="HSTNng">273.610666666667</dst>
            <dst id="IPLSng">330.053333333333</dst>
            <dst id="KSCYng">82.6506666666667</dst>
            <dst id="LOSAng">283.653333333333</dst>
            <dst id="NYCMng">136.365333333333</dst>
            <dst id="SNVAng">0</dst>
            <dst id="STTLng">0</dst>
            <dst id="WASHng">1043.04533333333</dst>
        </src>
        <src id="ATLAng">
            <dst id="ATLA-M5">216.813333333333</dst>
            <dst id="ATLAng">28459.5306666667</dst>
            <dst id="CHINng">20452.856</dst>
            <dst id="DNVRng">6624.536</dst>
            <dst id="HSTNng">4178.66666666667</dst>
            <dst id="IPLSng">17707.1706666667</dst>
            <dst id="KSCYng">2961.17066666667</dst>
            <dst id="LOSAng">20652.1973333333</dst>
            <dst id="NYCMng">5857.256</dst>
            <dst id="SNVAng">654.256</dst>
            <dst id="STTLng">4555.95733333333</dst>
            <dst id="WASHng">50310.9706666667</dst>
        </src>
        <src id="CHINng">
            <dst id="ATLA-M5">2180.77066666667</dst>
            <dst id="ATLAng">26499.808</dst>
            <dst id="CHINng">90329.4</dst>
            <dst id="DNVRng">19994.712</dst>
            <dst id="HSTNng">54945.4613333333</dst>
            <dst id="IPLSng">64121.3146666667</dst>
            <dst id="KSCYng">18444.3706666667</dst>
            <dst id="LOSAng">2051454.53333333</dst>
            <dst id="NYCMng">18795.5253333333</dst>
            <dst id="SNVAng">3155.544</dst>
            <dst id="STTLng">31650.224</dst>
            <dst id="WASHng">31947.0666666667</dst>
        </src>
        <src id="DNVRng">
            <dst id="ATLA-M5">448.533333333333</dst>
            <dst id="ATLAng">5831.98133333333</dst>
            <dst id="CHINng">71194.344</dst>
            <dst id="DNVRng">20930.9306666667</dst>
            <dst id="HSTNng">16939.9013333333</dst>
            <dst id="IPLSng">36994.3173333333</dst>
            <dst id="KSCYng">19366.208</dst>
            <dst id="LOSAng">20147.6426666667</dst>
            <dst id="NYCMng">12141.1786666667</dst>
            <dst id="SNVAng">13308.8693333333</dst>
            <dst id="STTLng">13246.4613333333</dst>
            <dst id="WASHng">38415.3733333333</dst>
        </src>
        <src id="HSTNng">
            <dst id="ATLA-M5">4042.68533333333</dst>
            <dst id="ATLAng">7396.344</dst>
            <dst id="CHINng">16304.0346666667</dst>
            <dst id="DNVRng">3728.68533333333</dst>
            <dst id="HSTNng">7230.14133333333</dst>
            <dst id="IPLSng">6869.91466666667</dst>
            <dst id="KSCYng">7582.64533333333</dst>
            <dst id="LOSAng">6969.49866666667</dst>
            <dst id="NYCMng">3087.28</dst>
            <dst id="SNVAng">1401.06133333333</dst>
            <dst id="STTLng">2761.69866666667</dst>
            <dst id="WASHng">10705.1706666667</dst>
        </src>
        <src id="IPLSng">
            <dst id="ATLA-M5">1365.088</dst>
            <dst id="ATLAng">14606.336</dst>
            <dst id="CHINng">146935.685333333</dst>
            <dst id="DNVRng">21079.7973333333</dst>
            <dst id="HSTNng">6953.952</dst>
            <dst id="IPLSng">30027.4666666667</dst>
            <dst id="KSCYng">9249.57866666667</dst>
            <dst id="LOSAng">66775.2426666667</dst>
            <dst id="NYCMng">4262.75733333333</dst>
            <dst id="SNVAng">2360.26666666667</dst>
            <dst id="STTLng">13735.784</dst>
            <dst id="WASHng">45188.8186666667</dst>
        </src>
        <src id="KSCYng">
            <dst id="ATLA-M5">350.624</dst>
            <dst id="ATLAng">2777.06133333333</dst>
            <dst id="CHINng">17802.752</dst>
            <dst id="DNVRng">10541.896</dst>
            <dst id="HSTNng">3943.83733333333</dst>
            <dst id="IPLSng">11128.4026666667</dst>
            <dst id="KSCYng">8095.688</dst>
            <dst id="LOSAng">6806.91466666667</dst>
            <dst id="NYCMng">2393.05866666667</dst>
            <dst id="SNVAng">192.154666666667</dst>
            <dst id="STTLng">3515.94933333333</dst>
            <dst id="WASHng">19076.0426666667</dst>
        </src>
        <src id="LOSAng">
            <dst id="ATLA-M5">2282.136</dst>
            <dst id="ATLAng">34414.7973333333</dst>
            <dst id="CHINng">1087783.92</dst>
            <dst id="DNVRng">12368.8106666667</dst>
            <dst id="HSTNng">14170.136</dst>
            <dst id="IPLSng">56809.9066666667</dst>
            <dst id="KSCYng">10193.272</dst>
            <dst id="LOSAng">12794.2586666667</dst>
            <dst id="NYCMng">8683.85866666667</dst>
            <dst id="SNVAng">9976.31733333333</dst>
            <dst id="STTLng">25281.6053333333</dst>
            <dst id="WASHng">91620.5466666666</dst>
        </src>
        <src id="NYCMng">
            <dst id="ATLA-M5">0</dst>
            <dst id="ATLAng">0</dst>
            <dst id="CHINng">0</dst>
            <dst id="DNVRng">0</dst>
            <dst id="HSTNng">0</dst>
            <dst id="IPLSng">0</dst>
            <dst id="KSCYng">0</dst>
            <dst id="LOSAng">0</dst>
            <dst id="NYCMng">0</dst>
            <dst id="SNVAng">0</dst>
            <dst id="STTLng">0</dst>
            <dst id="WASHng">0</dst>
        </src>
        <src id="SNVAng">
            <dst id="ATLA-M5">71.8213333333333</dst>
            <dst id="ATLAng">136.290666666667</dst>
            <dst id="CHINng">562.586666666667</dst>
            <dst id="DNVRng">17340.7493333333</dst>
            <dst id="HSTNng">298.154666666667</dst>
            <dst id="IPLSng">5304.936</dst>
            <dst id="KSCYng">4647.19466666667</dst>
            <dst id="LOSAng">38868.16</dst>
            <dst id="NYCMng">526.757333333333</dst>
            <dst id="SNVAng">19138.184</dst>
            <dst id="STTLng">54700.592</dst>
            <dst id="WASHng">320.890666666667</dst>
        </src>
        <src id="STTLng">
            <dst id="ATLA-M5">106.666666666667</dst>
            <dst id="ATLAng">14559.2586666667</dst>
            <dst id="CHINng">21085.2986666667</dst>
            <dst id="DNVRng">3858.05333333333</dst>
            <dst id="HSTNng">10538.912</dst>
            <dst id="IPLSng">7814.22133333333</dst>
            <dst id="KSCYng">3540.69066666667</dst>
            <dst id="LOSAng">27990.5253333333</dst>
            <dst id="NYCMng">6298.41066666667</dst>
            <dst id="SNVAng">3317.14133333333</dst>
            <dst id="STTLng">9115.39466666667</dst>
            <dst id="WASHng">12951.608</dst>
        </src>
        <src id="WASHng">
            <dst id="ATLA-M5">1654.30933333333</dst>
            <dst id="ATLAng">96729.224</dst>
            <dst id="CHINng">84796.9893333333</dst>
            <dst id="DNVRng">55711.6826666667</dst>
            <dst id="HSTNng">39766.0666666667</dst>
            <dst id="IPLSng">59719.184</dst>
            <dst id="KSCYng">19881.352</dst>
            <dst id="LOSAng">112431.874666667</dst>
            <dst id="NYCMng">167859.541333333</dst>
            <dst id="SNVAng">5478.27466666667</dst>
            <dst id="STTLng">35317.776</dst>
            <dst id="WASHng">260687.922666667</dst>
        </src>
    </IntraTM>
</TrafficMatrixFile>
