<?xml version="1.0" encoding="ISO-8859-1" standalone="yes"?>
<TrafficMatrixFile xsi:noNamespaceSchemaLocation="http://totem.run.montefiore.ulg.ac.be/Schema/TrafficMatrix-v1_2.xsd" xmlns:xsi="http://www.w3.org/2001/XMLSchema-instance">
    <IntraTM ASID="11537">
        <src id="ATLA-M5">
            <dst id="ATLA-M5">60.7146666666667</dst>
            <dst id="ATLAng">347.514666666667</dst>
            <dst id="CHINng">1155.89866666667</dst>
            <dst id="DNVRng">135.08</dst>
            <dst id="HSTNng">298.109333333333</dst>
            <dst id="IPLSng">3176.45066666667</dst>
            <dst id="KSCYng">1628.25866666667</dst>
            <dst id="LOSAng">823.554666666667</dst>
            <dst id="NYCMng">329.672</dst>
            <dst id="SNVAng">0</dst>
            <dst id="STTLng">252.106666666667</dst>
            <dst id="WASHng">1011.52</dst>
        </src>
        <src id="ATLAng">
            <dst id="ATLA-M5">544.506666666667</dst>
            <dst id="ATLAng">24188.2586666667</dst>
            <dst id="CHINng">28913.7066666667</dst>
            <dst id="DNVRng">7711.17333333333</dst>
            <dst id="HSTNng">5783.91466666667</dst>
            <dst id="IPLSng">23174.408</dst>
            <dst id="KSCYng">9221.70666666667</dst>
            <dst id="LOSAng">21171.64</dst>
            <dst id="NYCMng">13221.9573333333</dst>
            <dst id="SNVAng">1127.26133333333</dst>
            <dst id="STTLng">7323.02666666667</dst>
            <dst id="WASHng">34282.6933333333</dst>
        </src>
        <src id="CHINng">
            <dst id="ATLA-M5">1320.09066666667</dst>
            <dst id="ATLAng">42750.744</dst>
            <dst id="CHINng">89671.856</dst>
            <dst id="DNVRng">33386.032</dst>
            <dst id="HSTNng">45300.2853333333</dst>
            <dst id="IPLSng">57938.5413333333</dst>
            <dst id="KSCYng">20439.5866666667</dst>
            <dst id="LOSAng">74518.4266666667</dst>
            <dst id="NYCMng">21959.4213333333</dst>
            <dst id="SNVAng">7286.616</dst>
            <dst id="STTLng">15279.1226666667</dst>
            <dst id="WASHng">41100.0026666667</dst>
        </src>
        <src id="DNVRng">
            <dst id="ATLA-M5">278.701333333333</dst>
            <dst id="ATLAng">4664.74133333333</dst>
            <dst id="CHINng">70288.496</dst>
            <dst id="DNVRng">18699.2373333333</dst>
            <dst id="HSTNng">15192.24</dst>
            <dst id="IPLSng">31013.8266666667</dst>
            <dst id="KSCYng">22254.784</dst>
            <dst id="LOSAng">7419.28</dst>
            <dst id="NYCMng">17671.424</dst>
            <dst id="SNVAng">14214.6026666667</dst>
            <dst id="STTLng">18340.296</dst>
            <dst id="WASHng">70402.3626666667</dst>
        </src>
        <src id="HSTNng">
            <dst id="ATLA-M5">4351.02133333333</dst>
            <dst id="ATLAng">4241.52</dst>
            <dst id="CHINng">26344.1573333333</dst>
            <dst id="DNVRng">3561.46133333333</dst>
            <dst id="HSTNng">6910.48266666667</dst>
            <dst id="IPLSng">5167.504</dst>
            <dst id="KSCYng">4567.17066666667</dst>
            <dst id="LOSAng">14458.4053333333</dst>
            <dst id="NYCMng">5154.216</dst>
            <dst id="SNVAng">1178.40533333333</dst>
            <dst id="STTLng">1995.024</dst>
            <dst id="WASHng">17103.872</dst>
        </src>
        <src id="IPLSng">
            <dst id="ATLA-M5">1507.71733333333</dst>
            <dst id="ATLAng">31959.5253333333</dst>
            <dst id="CHINng">99432.184</dst>
            <dst id="DNVRng">15040.632</dst>
            <dst id="HSTNng">7013.432</dst>
            <dst id="IPLSng">23924.0506666667</dst>
            <dst id="KSCYng">13246.9626666667</dst>
            <dst id="LOSAng">41142.0453333333</dst>
            <dst id="NYCMng">60185.1973333333</dst>
            <dst id="SNVAng">3780.14666666667</dst>
            <dst id="STTLng">13498.792</dst>
            <dst id="WASHng">38688.08</dst>
        </src>
        <src id="KSCYng">
            <dst id="ATLA-M5">989.32</dst>
            <dst id="ATLAng">3486.528</dst>
            <dst id="CHINng">27823.48</dst>
            <dst id="DNVRng">19471.88</dst>
            <dst id="HSTNng">4493.352</dst>
            <dst id="IPLSng">17193.928</dst>
            <dst id="KSCYng">11773.9946666667</dst>
            <dst id="LOSAng">5637.496</dst>
            <dst id="NYCMng">7799.70933333333</dst>
            <dst id="SNVAng">552.922666666667</dst>
            <dst id="STTLng">2208.38666666667</dst>
            <dst id="WASHng">21010.8773333333</dst>
        </src>
        <src id="LOSAng">
            <dst id="ATLA-M5">1543.56</dst>
            <dst id="ATLAng">13598.328</dst>
            <dst id="CHINng">89702.1306666667</dst>
            <dst id="DNVRng">15913.9973333333</dst>
            <dst id="HSTNng">9581.784</dst>
            <dst id="IPLSng">44620.9973333333</dst>
            <dst id="KSCYng">11701.5226666667</dst>
            <dst id="LOSAng">14252.632</dst>
            <dst id="NYCMng">59746.0933333333</dst>
            <dst id="SNVAng">8724.34666666667</dst>
            <dst id="STTLng">27237.9226666667</dst>
            <dst id="WASHng">94128.7813333333</dst>
        </src>
        <src id="NYCMng">
            <dst id="ATLA-M5">3615.33333333333</dst>
            <dst id="ATLAng">33833.7146666667</dst>
            <dst id="CHINng">57528.36</dst>
            <dst id="DNVRng">33852.6106666667</dst>
            <dst id="HSTNng">18938.9413333333</dst>
            <dst id="IPLSng">65918.4906666667</dst>
            <dst id="KSCYng">20496.4986666667</dst>
            <dst id="LOSAng">76529.528</dst>
            <dst id="NYCMng">182326.96</dst>
            <dst id="SNVAng">3974.94133333333</dst>
            <dst id="STTLng">25804.672</dst>
            <dst id="WASHng">133592.064</dst>
        </src>
        <src id="SNVAng">
            <dst id="ATLA-M5">29.0133333333333</dst>
            <dst id="ATLAng">55.1573333333333</dst>
            <dst id="CHINng">1156.48</dst>
            <dst id="DNVRng">12272.3226666667</dst>
            <dst id="HSTNng">470.858666666667</dst>
            <dst id="IPLSng">1267.59733333333</dst>
            <dst id="KSCYng">189.130666666667</dst>
            <dst id="LOSAng">52211.776</dst>
            <dst id="NYCMng">2694.80266666667</dst>
            <dst id="SNVAng">22117.048</dst>
            <dst id="STTLng">65927.4293333333</dst>
            <dst id="WASHng">1186.45333333333</dst>
        </src>
        <src id="STTLng">
            <dst id="ATLA-M5">396.557333333333</dst>
            <dst id="ATLAng">8456.97866666667</dst>
            <dst id="CHINng">15539.7466666667</dst>
            <dst id="DNVRng">6351.78133333333</dst>
            <dst id="HSTNng">7982.31466666667</dst>
            <dst id="IPLSng">7850.29066666667</dst>
            <dst id="KSCYng">3264.83733333333</dst>
            <dst id="LOSAng">25850.6373333333</dst>
            <dst id="NYCMng">6719.09333333333</dst>
            <dst id="SNVAng">3706.61066666667</dst>
            <dst id="STTLng">6093.52266666667</dst>
            <dst id="WASHng">9840.73333333334</dst>
        </src>
        <src id="WASHng">
            <dst id="ATLA-M5">911.896</dst>
            <dst id="ATLAng">93678.1973333333</dst>
            <dst id="CHINng">106006.266666667</dst>
            <dst id="DNVRng">65184.5546666667</dst>
            <dst id="HSTNng">25971.8426666667</dst>
            <dst id="IPLSng">70690.088</dst>
            <dst id="KSCYng">27172.1066666667</dst>
            <dst id="LOSAng">124984.034666667</dst>
            <dst id="NYCMng">163698.669333333</dst>
            <dst id="SNVAng">2705.46133333333</dst>
            <dst id="STTLng">34723.352</dst>
            <dst id="WASHng">245275.394666667</dst>
        </src>
    </IntraTM>
</TrafficMatrixFile>
