<?xml version="1.0" encoding="ISO-8859-1" standalone="yes"?>
<TrafficMatrixFile xsi:noNamespaceSchemaLocation="http://totem.run.montefiore.ulg.ac.be/Schema/TrafficMatrix-v1_2.xsd" xmlns:xsi="http://www.w3.org/2001/XMLSchema-instance">
    <IntraTM ASID="11537">
        <src id="ATLA-M5">
            <dst id="ATLA-M5">53.3333333333333</dst>
            <dst id="ATLAng">326.245333333333</dst>
            <dst id="CHINng">198.981333333333</dst>
            <dst id="DNVRng">0</dst>
            <dst id="HSTNng">353.472</dst>
            <dst id="IPLSng">91.5226666666667</dst>
            <dst id="KSCYng">213.541333333333</dst>
            <dst id="LOSAng">252.962666666667</dst>
            <dst id="NYCMng">235.058666666667</dst>
            <dst id="SNVAng">0</dst>
            <dst id="STTLng">106.666666666667</dst>
            <dst id="WASHng">386.733333333333</dst>
        </src>
        <src id="ATLAng">
            <dst id="ATLA-M5">77.1866666666667</dst>
            <dst id="ATLAng">26625.56</dst>
            <dst id="CHINng">12326.4773333333</dst>
            <dst id="DNVRng">2363.66933333333</dst>
            <dst id="HSTNng">5235.304</dst>
            <dst id="IPLSng">13121.1013333333</dst>
            <dst id="KSCYng">2526.07733333333</dst>
            <dst id="LOSAng">19026.4</dst>
            <dst id="NYCMng">8026.73866666667</dst>
            <dst id="SNVAng">392.349333333333</dst>
            <dst id="STTLng">4370.06133333333</dst>
            <dst id="WASHng">49153.9333333333</dst>
        </src>
        <src id="CHINng">
            <dst id="ATLA-M5">2342.928</dst>
            <dst id="ATLAng">21808.7386666667</dst>
            <dst id="CHINng">111622.962666667</dst>
            <dst id="DNVRng">24254.2986666667</dst>
            <dst id="HSTNng">50461.4026666667</dst>
            <dst id="IPLSng">76391.7226666667</dst>
            <dst id="KSCYng">16666.3333333333</dst>
            <dst id="LOSAng">39647.3413333333</dst>
            <dst id="NYCMng">21240.568</dst>
            <dst id="SNVAng">2179.71466666667</dst>
            <dst id="STTLng">19591.5466666667</dst>
            <dst id="WASHng">29074.5653333333</dst>
        </src>
        <src id="DNVRng">
            <dst id="ATLA-M5">242.989333333333</dst>
            <dst id="ATLAng">6279.784</dst>
            <dst id="CHINng">82777.392</dst>
            <dst id="DNVRng">11350.3173333333</dst>
            <dst id="HSTNng">14682.856</dst>
            <dst id="IPLSng">27188.0106666667</dst>
            <dst id="KSCYng">19355.5813333333</dst>
            <dst id="LOSAng">9956.176</dst>
            <dst id="NYCMng">20033.056</dst>
            <dst id="SNVAng">5699.544</dst>
            <dst id="STTLng">10884.3093333333</dst>
            <dst id="WASHng">41788.0746666667</dst>
        </src>
        <src id="HSTNng">
            <dst id="ATLA-M5">272.08</dst>
            <dst id="ATLAng">998.712</dst>
            <dst id="CHINng">17255.464</dst>
            <dst id="DNVRng">2024.864</dst>
            <dst id="HSTNng">4091.90133333333</dst>
            <dst id="IPLSng">11165.5653333333</dst>
            <dst id="KSCYng">5092.55466666667</dst>
            <dst id="LOSAng">2839.08266666667</dst>
            <dst id="NYCMng">3519.22666666667</dst>
            <dst id="SNVAng">4482.51466666667</dst>
            <dst id="STTLng">2905.96</dst>
            <dst id="WASHng">3561</dst>
        </src>
        <src id="IPLSng">
            <dst id="ATLA-M5">275.725333333333</dst>
            <dst id="ATLAng">12632.8826666667</dst>
            <dst id="CHINng">123094.085333333</dst>
            <dst id="DNVRng">17931.5893333333</dst>
            <dst id="HSTNng">6277.33866666667</dst>
            <dst id="IPLSng">36942.736</dst>
            <dst id="KSCYng">19057.984</dst>
            <dst id="LOSAng">18686.704</dst>
            <dst id="NYCMng">93328.04</dst>
            <dst id="SNVAng">869.344</dst>
            <dst id="STTLng">8474.42133333333</dst>
            <dst id="WASHng">32230.08</dst>
        </src>
        <src id="KSCYng">
            <dst id="ATLA-M5">214.933333333333</dst>
            <dst id="ATLAng">4398.13066666667</dst>
            <dst id="CHINng">36258.5093333333</dst>
            <dst id="DNVRng">9729.64266666666</dst>
            <dst id="HSTNng">4497.72</dst>
            <dst id="IPLSng">12514.8506666667</dst>
            <dst id="KSCYng">7221.82133333334</dst>
            <dst id="LOSAng">4023.10666666667</dst>
            <dst id="NYCMng">9093.688</dst>
            <dst id="SNVAng">249.16</dst>
            <dst id="STTLng">1327.09333333333</dst>
            <dst id="WASHng">10551.536</dst>
        </src>
        <src id="LOSAng">
            <dst id="ATLA-M5">2242.54933333333</dst>
            <dst id="ATLAng">18487.6533333333</dst>
            <dst id="CHINng">79795.2986666667</dst>
            <dst id="DNVRng">6791.864</dst>
            <dst id="HSTNng">6050.816</dst>
            <dst id="IPLSng">33600.176</dst>
            <dst id="KSCYng">9565.89333333333</dst>
            <dst id="LOSAng">25451.3226666667</dst>
            <dst id="NYCMng">64332.248</dst>
            <dst id="SNVAng">9339.83733333333</dst>
            <dst id="STTLng">20528.808</dst>
            <dst id="WASHng">85617.032</dst>
        </src>
        <src id="NYCMng">
            <dst id="ATLA-M5">767.210666666667</dst>
            <dst id="ATLAng">20959.032</dst>
            <dst id="CHINng">49956.0346666667</dst>
            <dst id="DNVRng">33722.288</dst>
            <dst id="HSTNng">9872.168</dst>
            <dst id="IPLSng">60091.1333333333</dst>
            <dst id="KSCYng">20522.6746666667</dst>
            <dst id="LOSAng">37425.6853333333</dst>
            <dst id="NYCMng">196000.32</dst>
            <dst id="SNVAng">934.792</dst>
            <dst id="STTLng">27883.9013333333</dst>
            <dst id="WASHng">140652.218666667</dst>
        </src>
        <src id="SNVAng">
            <dst id="ATLA-M5">0</dst>
            <dst id="ATLAng">45.24</dst>
            <dst id="CHINng">2364.024</dst>
            <dst id="DNVRng">12812.272</dst>
            <dst id="HSTNng">96.024</dst>
            <dst id="IPLSng">1625.608</dst>
            <dst id="KSCYng">196.650666666667</dst>
            <dst id="LOSAng">33134.488</dst>
            <dst id="NYCMng">1077.43466666667</dst>
            <dst id="SNVAng">12506.9653333333</dst>
            <dst id="STTLng">51521.192</dst>
            <dst id="WASHng">283.101333333333</dst>
        </src>
        <src id="STTLng">
            <dst id="ATLA-M5">423.189333333333</dst>
            <dst id="ATLAng">5498.81066666667</dst>
            <dst id="CHINng">25140.5706666667</dst>
            <dst id="DNVRng">1379.20533333333</dst>
            <dst id="HSTNng">2492.07466666667</dst>
            <dst id="IPLSng">4317.58666666667</dst>
            <dst id="KSCYng">3132.88266666667</dst>
            <dst id="LOSAng">17071.032</dst>
            <dst id="NYCMng">9112.35466666667</dst>
            <dst id="SNVAng">3269.98666666667</dst>
            <dst id="STTLng">7636.688</dst>
            <dst id="WASHng">10224.3706666667</dst>
        </src>
        <src id="WASHng">
            <dst id="ATLA-M5">574.522666666667</dst>
            <dst id="ATLAng">92249.0773333333</dst>
            <dst id="CHINng">82233.0186666667</dst>
            <dst id="DNVRng">60177.2853333333</dst>
            <dst id="HSTNng">11840.0053333333</dst>
            <dst id="IPLSng">75286.0853333333</dst>
            <dst id="KSCYng">15512.2506666667</dst>
            <dst id="LOSAng">102830.344</dst>
            <dst id="NYCMng">210982.8</dst>
            <dst id="SNVAng">508.565333333333</dst>
            <dst id="STTLng">28464.0746666667</dst>
            <dst id="WASHng">249316.149333333</dst>
        </src>
    </IntraTM>
</TrafficMatrixFile>
