<?xml version="1.0" encoding="ISO-8859-1" standalone="yes"?>
<TrafficMatrixFile xsi:noNamespaceSchemaLocation="http://totem.run.montefiore.ulg.ac.be/Schema/TrafficMatrix-v1_2.xsd" xmlns:xsi="http://www.w3.org/2001/XMLSchema-instance">
    <IntraTM ASID="11537">
        <src id="ATLA-M5">
            <dst id="ATLA-M5">53.72</dst>
            <dst id="ATLAng">119.034666666667</dst>
            <dst id="CHINng">1643.56</dst>
            <dst id="DNVRng">228.069333333333</dst>
            <dst id="HSTNng">309.970666666667</dst>
            <dst id="IPLSng">729.688</dst>
            <dst id="KSCYng">53.3333333333333</dst>
            <dst id="LOSAng">938.84</dst>
            <dst id="NYCMng">85.3413333333333</dst>
            <dst id="SNVAng">0</dst>
            <dst id="STTLng">104.005333333333</dst>
            <dst id="WASHng">2110.71466666667</dst>
        </src>
        <src id="ATLAng">
            <dst id="ATLA-M5">179.394666666667</dst>
            <dst id="ATLAng">42812.328</dst>
            <dst id="CHINng">18180.7466666667</dst>
            <dst id="DNVRng">3728.90133333333</dst>
            <dst id="HSTNng">4564.00266666667</dst>
            <dst id="IPLSng">19552.4906666667</dst>
            <dst id="KSCYng">2519.872</dst>
            <dst id="LOSAng">20088.6026666667</dst>
            <dst id="NYCMng">8844.41866666667</dst>
            <dst id="SNVAng">785.154666666667</dst>
            <dst id="STTLng">5090.824</dst>
            <dst id="WASHng">35671.5546666667</dst>
        </src>
        <src id="CHINng">
            <dst id="ATLA-M5">1678.26133333333</dst>
            <dst id="ATLAng">16235.496</dst>
            <dst id="CHINng">86051.8346666667</dst>
            <dst id="DNVRng">18489.232</dst>
            <dst id="HSTNng">51539.3226666667</dst>
            <dst id="IPLSng">71589.8213333333</dst>
            <dst id="KSCYng">22061.328</dst>
            <dst id="LOSAng">2023407.89333333</dst>
            <dst id="NYCMng">22380.6746666667</dst>
            <dst id="SNVAng">3119.04533333333</dst>
            <dst id="STTLng">10764.6026666667</dst>
            <dst id="WASHng">46673.544</dst>
        </src>
        <src id="DNVRng">
            <dst id="ATLA-M5">378.504</dst>
            <dst id="ATLAng">7460.96</dst>
            <dst id="CHINng">74458.7546666667</dst>
            <dst id="DNVRng">21049.8853333333</dst>
            <dst id="HSTNng">14943.5333333333</dst>
            <dst id="IPLSng">35362.0746666667</dst>
            <dst id="KSCYng">14298.552</dst>
            <dst id="LOSAng">10013.5626666667</dst>
            <dst id="NYCMng">17439.232</dst>
            <dst id="SNVAng">9721.61866666667</dst>
            <dst id="STTLng">9090.912</dst>
            <dst id="WASHng">44748.808</dst>
        </src>
        <src id="HSTNng">
            <dst id="ATLA-M5">936.728</dst>
            <dst id="ATLAng">2066.35733333333</dst>
            <dst id="CHINng">19771.432</dst>
            <dst id="DNVRng">3347.54666666667</dst>
            <dst id="HSTNng">7394.83733333333</dst>
            <dst id="IPLSng">8806.15733333333</dst>
            <dst id="KSCYng">5557.84266666667</dst>
            <dst id="LOSAng">7732.76533333333</dst>
            <dst id="NYCMng">4247.30933333333</dst>
            <dst id="SNVAng">1936.55733333333</dst>
            <dst id="STTLng">3350.92533333333</dst>
            <dst id="WASHng">19848.6666666667</dst>
        </src>
        <src id="IPLSng">
            <dst id="ATLA-M5">1182.544</dst>
            <dst id="ATLAng">12980.7813333333</dst>
            <dst id="CHINng">107873.544</dst>
            <dst id="DNVRng">36105.2586666667</dst>
            <dst id="HSTNng">15249.8186666667</dst>
            <dst id="IPLSng">20902.4373333333</dst>
            <dst id="KSCYng">11090.2746666667</dst>
            <dst id="LOSAng">71677.696</dst>
            <dst id="NYCMng">63600.8506666667</dst>
            <dst id="SNVAng">2392.28533333333</dst>
            <dst id="STTLng">7315.752</dst>
            <dst id="WASHng">36641.9306666667</dst>
        </src>
        <src id="KSCYng">
            <dst id="ATLA-M5">275.792</dst>
            <dst id="ATLAng">6488.78933333333</dst>
            <dst id="CHINng">20802.6</dst>
            <dst id="DNVRng">10910.4533333333</dst>
            <dst id="HSTNng">4042.056</dst>
            <dst id="IPLSng">12258.0666666667</dst>
            <dst id="KSCYng">6234.89066666666</dst>
            <dst id="LOSAng">6748.07733333333</dst>
            <dst id="NYCMng">5627.95466666667</dst>
            <dst id="SNVAng">504.461333333333</dst>
            <dst id="STTLng">1468.288</dst>
            <dst id="WASHng">14037.184</dst>
        </src>
        <src id="LOSAng">
            <dst id="ATLA-M5">1768.056</dst>
            <dst id="ATLAng">32998.7226666667</dst>
            <dst id="CHINng">1082528.69333333</dst>
            <dst id="DNVRng">11710.032</dst>
            <dst id="HSTNng">8848.46666666667</dst>
            <dst id="IPLSng">40593.0613333333</dst>
            <dst id="KSCYng">11276.0053333333</dst>
            <dst id="LOSAng">13402.056</dst>
            <dst id="NYCMng">78356.0746666667</dst>
            <dst id="SNVAng">9564.064</dst>
            <dst id="STTLng">20234.952</dst>
            <dst id="WASHng">94116.52</dst>
        </src>
        <src id="NYCMng">
            <dst id="ATLA-M5">1988.57866666667</dst>
            <dst id="ATLAng">26473.176</dst>
            <dst id="CHINng">45054.2133333333</dst>
            <dst id="DNVRng">29590.4906666667</dst>
            <dst id="HSTNng">20714.6186666667</dst>
            <dst id="IPLSng">59905.4746666667</dst>
            <dst id="KSCYng">14314.2506666667</dst>
            <dst id="LOSAng">87084.6693333333</dst>
            <dst id="NYCMng">154990.106666667</dst>
            <dst id="SNVAng">2500.53066666667</dst>
            <dst id="STTLng">24561.48</dst>
            <dst id="WASHng">134451.066666667</dst>
        </src>
        <src id="SNVAng">
            <dst id="ATLA-M5">427.04</dst>
            <dst id="ATLAng">253.888</dst>
            <dst id="CHINng">1196.00266666667</dst>
            <dst id="DNVRng">4717.97866666667</dst>
            <dst id="HSTNng">779.173333333333</dst>
            <dst id="IPLSng">10611.0986666667</dst>
            <dst id="KSCYng">4620.09066666667</dst>
            <dst id="LOSAng">31450.0026666667</dst>
            <dst id="NYCMng">1033.784</dst>
            <dst id="SNVAng">14156.3466666667</dst>
            <dst id="STTLng">48943.7386666667</dst>
            <dst id="WASHng">225.458666666667</dst>
        </src>
        <src id="STTLng">
            <dst id="ATLA-M5">465.789333333333</dst>
            <dst id="ATLAng">8071.53866666667</dst>
            <dst id="CHINng">12973.264</dst>
            <dst id="DNVRng">4935.51733333333</dst>
            <dst id="HSTNng">6442.72266666667</dst>
            <dst id="IPLSng">7411.93066666667</dst>
            <dst id="KSCYng">2453.03466666667</dst>
            <dst id="LOSAng">23117.0266666667</dst>
            <dst id="NYCMng">4325.336</dst>
            <dst id="SNVAng">4399.96266666667</dst>
            <dst id="STTLng">3557.46666666667</dst>
            <dst id="WASHng">7225.064</dst>
        </src>
        <src id="WASHng">
            <dst id="ATLA-M5">1844.42933333333</dst>
            <dst id="ATLAng">78567.8666666667</dst>
            <dst id="CHINng">106809.650666667</dst>
            <dst id="DNVRng">59947.0533333333</dst>
            <dst id="HSTNng">19911.5066666667</dst>
            <dst id="IPLSng">56707.1253333333</dst>
            <dst id="KSCYng">32800.544</dst>
            <dst id="LOSAng">117801.594666667</dst>
            <dst id="NYCMng">186185.517333333</dst>
            <dst id="SNVAng">4828.704</dst>
            <dst id="STTLng">39282.4373333333</dst>
            <dst id="WASHng">231879.925333333</dst>
        </src>
    </IntraTM>
</TrafficMatrixFile>
