<?xml version="1.0" encoding="ISO-8859-1" standalone="yes"?>
<TrafficMatrixFile xsi:noNamespaceSchemaLocation="http://totem.run.montefiore.ulg.ac.be/Schema/TrafficMatrix-v1_2.xsd" xmlns:xsi="http://www.w3.org/2001/XMLSchema-instance">
    <IntraTM ASID="11537">
        <src id="ATLA-M5">
            <dst id="ATLA-M5">41.632</dst>
            <dst id="ATLAng">262.642666666667</dst>
            <dst id="CHINng">409.392</dst>
            <dst id="DNVRng">0</dst>
            <dst id="HSTNng">102.210666666667</dst>
            <dst id="IPLSng">199.069333333333</dst>
            <dst id="KSCYng">412.333333333333</dst>
            <dst id="LOSAng">205.768</dst>
            <dst id="NYCMng">240.909333333333</dst>
            <dst id="SNVAng">0</dst>
            <dst id="STTLng">53.3333333333333</dst>
            <dst id="WASHng">436.448</dst>
        </src>
        <src id="ATLAng">
            <dst id="ATLA-M5">96.176</dst>
            <dst id="ATLAng">51441.976</dst>
            <dst id="CHINng">14717.1386666667</dst>
            <dst id="DNVRng">2223.944</dst>
            <dst id="HSTNng">5163.712</dst>
            <dst id="IPLSng">16078.3493333333</dst>
            <dst id="KSCYng">2815.992</dst>
            <dst id="LOSAng">18658.184</dst>
            <dst id="NYCMng">8214.30666666667</dst>
            <dst id="SNVAng">385.837333333333</dst>
            <dst id="STTLng">3827.77066666667</dst>
            <dst id="WASHng">39397.9253333333</dst>
        </src>
        <src id="CHINng">
            <dst id="ATLA-M5">1708.64266666667</dst>
            <dst id="ATLAng">20684.2853333333</dst>
            <dst id="CHINng">121315.674666667</dst>
            <dst id="DNVRng">28601.0346666667</dst>
            <dst id="HSTNng">49436.6666666667</dst>
            <dst id="IPLSng">68494.608</dst>
            <dst id="KSCYng">18037.3493333333</dst>
            <dst id="LOSAng">44173.5946666667</dst>
            <dst id="NYCMng">23025.5466666667</dst>
            <dst id="SNVAng">2612.08</dst>
            <dst id="STTLng">18797.0506666667</dst>
            <dst id="WASHng">31672.5706666667</dst>
        </src>
        <src id="DNVRng">
            <dst id="ATLA-M5">129.989333333333</dst>
            <dst id="ATLAng">5521.10133333333</dst>
            <dst id="CHINng">92606.9333333333</dst>
            <dst id="DNVRng">7894.352</dst>
            <dst id="HSTNng">15887.2266666667</dst>
            <dst id="IPLSng">26898.7093333333</dst>
            <dst id="KSCYng">14170.5146666667</dst>
            <dst id="LOSAng">8847.08</dst>
            <dst id="NYCMng">20799.8986666667</dst>
            <dst id="SNVAng">5746.46933333333</dst>
            <dst id="STTLng">7858.47466666667</dst>
            <dst id="WASHng">47174.3866666667</dst>
        </src>
        <src id="HSTNng">
            <dst id="ATLA-M5">2506.896</dst>
            <dst id="ATLAng">1256.34133333333</dst>
            <dst id="CHINng">18844.4266666667</dst>
            <dst id="DNVRng">2379.39733333333</dst>
            <dst id="HSTNng">3543.57866666667</dst>
            <dst id="IPLSng">13659.4693333333</dst>
            <dst id="KSCYng">5138.98933333333</dst>
            <dst id="LOSAng">2704.11466666667</dst>
            <dst id="NYCMng">3672.288</dst>
            <dst id="SNVAng">762.544</dst>
            <dst id="STTLng">3164.53333333333</dst>
            <dst id="WASHng">4368.90666666667</dst>
        </src>
        <src id="IPLSng">
            <dst id="ATLA-M5">265.44</dst>
            <dst id="ATLAng">15806.512</dst>
            <dst id="CHINng">116934.338666667</dst>
            <dst id="DNVRng">15879.784</dst>
            <dst id="HSTNng">7718.84</dst>
            <dst id="IPLSng">43234.2346666667</dst>
            <dst id="KSCYng">17156.9333333333</dst>
            <dst id="LOSAng">20509.4506666667</dst>
            <dst id="NYCMng">96233.368</dst>
            <dst id="SNVAng">1254.95466666667</dst>
            <dst id="STTLng">7583.89333333333</dst>
            <dst id="WASHng">40936.4826666667</dst>
        </src>
        <src id="KSCYng">
            <dst id="ATLA-M5">196.626666666667</dst>
            <dst id="ATLAng">3535.216</dst>
            <dst id="CHINng">38098.6053333333</dst>
            <dst id="DNVRng">8994.01333333333</dst>
            <dst id="HSTNng">4841.96533333333</dst>
            <dst id="IPLSng">13076.128</dst>
            <dst id="KSCYng">7477.87466666667</dst>
            <dst id="LOSAng">3390.33066666667</dst>
            <dst id="NYCMng">9533.824</dst>
            <dst id="SNVAng">187.101333333333</dst>
            <dst id="STTLng">913.074666666667</dst>
            <dst id="WASHng">10941.8533333333</dst>
        </src>
        <src id="LOSAng">
            <dst id="ATLA-M5">2889.30133333333</dst>
            <dst id="ATLAng">21170.3386666667</dst>
            <dst id="CHINng">76100.7546666667</dst>
            <dst id="DNVRng">6924.04</dst>
            <dst id="HSTNng">5195.31466666667</dst>
            <dst id="IPLSng">39383.0453333333</dst>
            <dst id="KSCYng">9909.23733333333</dst>
            <dst id="LOSAng">14395.1333333333</dst>
            <dst id="NYCMng">66932.9306666667</dst>
            <dst id="SNVAng">12499.7466666667</dst>
            <dst id="STTLng">21868.6373333333</dst>
            <dst id="WASHng">94612.3226666667</dst>
        </src>
        <src id="NYCMng">
            <dst id="ATLA-M5">1393.12266666667</dst>
            <dst id="ATLAng">15582.7573333333</dst>
            <dst id="CHINng">53834.8186666667</dst>
            <dst id="DNVRng">32835.0773333333</dst>
            <dst id="HSTNng">10051.1066666667</dst>
            <dst id="IPLSng">67228.1706666667</dst>
            <dst id="KSCYng">18144.088</dst>
            <dst id="LOSAng">39769.368</dst>
            <dst id="NYCMng">207385.138666667</dst>
            <dst id="SNVAng">1545.68</dst>
            <dst id="STTLng">26483.6106666667</dst>
            <dst id="WASHng">164687.090666667</dst>
        </src>
        <src id="SNVAng">
            <dst id="ATLA-M5">0</dst>
            <dst id="ATLAng">57.704</dst>
            <dst id="CHINng">2098.81333333333</dst>
            <dst id="DNVRng">12325.5226666667</dst>
            <dst id="HSTNng">85.6106666666667</dst>
            <dst id="IPLSng">1877.49333333333</dst>
            <dst id="KSCYng">186.168</dst>
            <dst id="LOSAng">32456.184</dst>
            <dst id="NYCMng">937.389333333333</dst>
            <dst id="SNVAng">13642.1173333333</dst>
            <dst id="STTLng">51816.5546666667</dst>
            <dst id="WASHng">509.077333333333</dst>
        </src>
        <src id="STTLng">
            <dst id="ATLA-M5">493.026666666667</dst>
            <dst id="ATLAng">5403.69333333333</dst>
            <dst id="CHINng">25332.2186666667</dst>
            <dst id="DNVRng">1605.224</dst>
            <dst id="HSTNng">2535.384</dst>
            <dst id="IPLSng">3771.4</dst>
            <dst id="KSCYng">2455.35733333333</dst>
            <dst id="LOSAng">18719.3413333333</dst>
            <dst id="NYCMng">10293.568</dst>
            <dst id="SNVAng">2697.73333333333</dst>
            <dst id="STTLng">4634.36</dst>
            <dst id="WASHng">10769.4586666667</dst>
        </src>
        <src id="WASHng">
            <dst id="ATLA-M5">363.730666666667</dst>
            <dst id="ATLAng">70574.5546666666</dst>
            <dst id="CHINng">68192.856</dst>
            <dst id="DNVRng">53316.3973333333</dst>
            <dst id="HSTNng">9805.256</dst>
            <dst id="IPLSng">85730.2826666667</dst>
            <dst id="KSCYng">14427.1306666667</dst>
            <dst id="LOSAng">109371.109333333</dst>
            <dst id="NYCMng">220645.125333333</dst>
            <dst id="SNVAng">406.717333333333</dst>
            <dst id="STTLng">32508.248</dst>
            <dst id="WASHng">260857.176</dst>
        </src>
    </IntraTM>
</TrafficMatrixFile>
