<?xml version="1.0" encoding="ISO-8859-1" standalone="yes"?>
<TrafficMatrixFile xsi:noNamespaceSchemaLocation="http://totem.run.montefiore.ulg.ac.be/Schema/TrafficMatrix-v1_2.xsd" xmlns:xsi="http://www.w3.org/2001/XMLSchema-instance">
    <IntraTM ASID="11537">
        <src id="ATLA-M5">
            <dst id="ATLA-M5">64.3306666666667</dst>
            <dst id="ATLAng">121.965333333333</dst>
            <dst id="CHINng">409.189333333333</dst>
            <dst id="DNVRng">121.312</dst>
            <dst id="HSTNng">204.928</dst>
            <dst id="IPLSng">273.2</dst>
            <dst id="KSCYng">96.984</dst>
            <dst id="LOSAng">453.237333333333</dst>
            <dst id="NYCMng">26.6666666666667</dst>
            <dst id="SNVAng">30.5706666666667</dst>
            <dst id="STTLng">193.653333333333</dst>
            <dst id="WASHng">186.666666666667</dst>
        </src>
        <src id="ATLAng">
            <dst id="ATLA-M5">180.461333333333</dst>
            <dst id="ATLAng">53087.7626666667</dst>
            <dst id="CHINng">15091.472</dst>
            <dst id="DNVRng">3356.984</dst>
            <dst id="HSTNng">6081.496</dst>
            <dst id="IPLSng">19988.3066666667</dst>
            <dst id="KSCYng">1664.96</dst>
            <dst id="LOSAng">20158.6826666667</dst>
            <dst id="NYCMng">3778.35466666667</dst>
            <dst id="SNVAng">741.922666666667</dst>
            <dst id="STTLng">3767.152</dst>
            <dst id="WASHng">26487.696</dst>
        </src>
        <src id="CHINng">
            <dst id="ATLA-M5">1929.16533333333</dst>
            <dst id="ATLAng">16063.3173333333</dst>
            <dst id="CHINng">100940.858666667</dst>
            <dst id="DNVRng">19361.304</dst>
            <dst id="HSTNng">40730.8506666667</dst>
            <dst id="IPLSng">44987.728</dst>
            <dst id="KSCYng">16571.0586666667</dst>
            <dst id="LOSAng">2044394.85333333</dst>
            <dst id="NYCMng">19096.6693333333</dst>
            <dst id="SNVAng">3053.016</dst>
            <dst id="STTLng">16313.1866666667</dst>
            <dst id="WASHng">23113.5173333333</dst>
        </src>
        <src id="DNVRng">
            <dst id="ATLA-M5">634.496</dst>
            <dst id="ATLAng">6312.504</dst>
            <dst id="CHINng">82902.8293333334</dst>
            <dst id="DNVRng">21941.432</dst>
            <dst id="HSTNng">15639.3333333333</dst>
            <dst id="IPLSng">26728.7493333333</dst>
            <dst id="KSCYng">21581.624</dst>
            <dst id="LOSAng">7895.472</dst>
            <dst id="NYCMng">13773.1706666667</dst>
            <dst id="SNVAng">7349.576</dst>
            <dst id="STTLng">12775.9706666667</dst>
            <dst id="WASHng">44355.4453333333</dst>
        </src>
        <src id="HSTNng">
            <dst id="ATLA-M5">3620.09066666667</dst>
            <dst id="ATLAng">2314.61866666667</dst>
            <dst id="CHINng">21415.0453333333</dst>
            <dst id="DNVRng">2577.85066666667</dst>
            <dst id="HSTNng">6411.74933333333</dst>
            <dst id="IPLSng">6173.33066666666</dst>
            <dst id="KSCYng">3207.78133333333</dst>
            <dst id="LOSAng">3431.632</dst>
            <dst id="NYCMng">2507.45866666667</dst>
            <dst id="SNVAng">719.026666666667</dst>
            <dst id="STTLng">1525.54933333333</dst>
            <dst id="WASHng">5280.44</dst>
        </src>
        <src id="IPLSng">
            <dst id="ATLA-M5">1013.85333333333</dst>
            <dst id="ATLAng">33156.5146666667</dst>
            <dst id="CHINng">91377.5386666667</dst>
            <dst id="DNVRng">20989.3893333333</dst>
            <dst id="HSTNng">7662.76</dst>
            <dst id="IPLSng">17175.2026666667</dst>
            <dst id="KSCYng">5991.54133333333</dst>
            <dst id="LOSAng">50283.8133333333</dst>
            <dst id="NYCMng">32062.248</dst>
            <dst id="SNVAng">2509.64</dst>
            <dst id="STTLng">7546.608</dst>
            <dst id="WASHng">49393.3493333333</dst>
        </src>
        <src id="KSCYng">
            <dst id="ATLA-M5">328.930666666667</dst>
            <dst id="ATLAng">1873.72533333333</dst>
            <dst id="CHINng">23625.768</dst>
            <dst id="DNVRng">8152.49066666667</dst>
            <dst id="HSTNng">4624.416</dst>
            <dst id="IPLSng">19156.8773333333</dst>
            <dst id="KSCYng">10518.2826666667</dst>
            <dst id="LOSAng">6015.26666666667</dst>
            <dst id="NYCMng">3440.63466666667</dst>
            <dst id="SNVAng">174.946666666667</dst>
            <dst id="STTLng">1864.104</dst>
            <dst id="WASHng">27973.0106666667</dst>
        </src>
        <src id="LOSAng">
            <dst id="ATLA-M5">1506.81066666667</dst>
            <dst id="ATLAng">13137.0106666667</dst>
            <dst id="CHINng">1059551.36</dst>
            <dst id="DNVRng">8419.776</dst>
            <dst id="HSTNng">5875.352</dst>
            <dst id="IPLSng">24668.0746666667</dst>
            <dst id="KSCYng">9604.62666666667</dst>
            <dst id="LOSAng">15854.2906666667</dst>
            <dst id="NYCMng">51909.7866666667</dst>
            <dst id="SNVAng">9609.064</dst>
            <dst id="STTLng">19412.4266666667</dst>
            <dst id="WASHng">75095.2933333333</dst>
        </src>
        <src id="NYCMng">
            <dst id="ATLA-M5">860.034666666667</dst>
            <dst id="ATLAng">13168.2613333333</dst>
            <dst id="CHINng">52701.4906666667</dst>
            <dst id="DNVRng">31392.6213333333</dst>
            <dst id="HSTNng">12121.4853333333</dst>
            <dst id="IPLSng">33820.2933333333</dst>
            <dst id="KSCYng">10711.6666666667</dst>
            <dst id="LOSAng">72415.0133333333</dst>
            <dst id="NYCMng">109840.458666667</dst>
            <dst id="SNVAng">5848.32</dst>
            <dst id="STTLng">21676.7306666667</dst>
            <dst id="WASHng">76139.4053333333</dst>
        </src>
        <src id="SNVAng">
            <dst id="ATLA-M5">35.6293333333333</dst>
            <dst id="ATLAng">53.3333333333333</dst>
            <dst id="CHINng">1667.248</dst>
            <dst id="DNVRng">2117.87733333333</dst>
            <dst id="HSTNng">548.637333333333</dst>
            <dst id="IPLSng">450.029333333333</dst>
            <dst id="KSCYng">5036.04266666667</dst>
            <dst id="LOSAng">31232.816</dst>
            <dst id="NYCMng">575.690666666667</dst>
            <dst id="SNVAng">14158.0426666667</dst>
            <dst id="STTLng">53528.968</dst>
            <dst id="WASHng">313.786666666667</dst>
        </src>
        <src id="STTLng">
            <dst id="ATLA-M5">480.002666666667</dst>
            <dst id="ATLAng">5398</dst>
            <dst id="CHINng">16967.8266666667</dst>
            <dst id="DNVRng">5718.872</dst>
            <dst id="HSTNng">4598.44533333333</dst>
            <dst id="IPLSng">4821.04533333333</dst>
            <dst id="KSCYng">10981.512</dst>
            <dst id="LOSAng">18167.0906666667</dst>
            <dst id="NYCMng">6435.72</dst>
            <dst id="SNVAng">4649.37866666667</dst>
            <dst id="STTLng">6575.56533333333</dst>
            <dst id="WASHng">6370.82133333333</dst>
        </src>
        <src id="WASHng">
            <dst id="ATLA-M5">951.578666666667</dst>
            <dst id="ATLAng">64560.2506666667</dst>
            <dst id="CHINng">84836.0106666667</dst>
            <dst id="DNVRng">66557.0213333334</dst>
            <dst id="HSTNng">18195.464</dst>
            <dst id="IPLSng">67578.96</dst>
            <dst id="KSCYng">24624.864</dst>
            <dst id="LOSAng">106882.949333333</dst>
            <dst id="NYCMng">179618.416</dst>
            <dst id="SNVAng">11348.1573333333</dst>
            <dst id="STTLng">34705.6266666667</dst>
            <dst id="WASHng">206930.069333333</dst>
        </src>
    </IntraTM>
</TrafficMatrixFile>
