<?xml version="1.0" encoding="ISO-8859-1" standalone="yes"?>
<TrafficMatrixFile xsi:noNamespaceSchemaLocation="http://totem.run.montefiore.ulg.ac.be/Schema/TrafficMatrix-v1_2.xsd" xmlns:xsi="http://www.w3.org/2001/XMLSchema-instance">
    <IntraTM ASID="11537">
        <src id="ATLA-M5">
            <dst id="ATLA-M5">29.7653333333333</dst>
            <dst id="ATLAng">81.3333333333333</dst>
            <dst id="CHINng">522.141333333333</dst>
            <dst id="DNVRng">146.330666666667</dst>
            <dst id="HSTNng">143.181333333333</dst>
            <dst id="IPLSng">454.304</dst>
            <dst id="KSCYng">399.733333333333</dst>
            <dst id="LOSAng">656.458666666667</dst>
            <dst id="NYCMng">87.496</dst>
            <dst id="SNVAng">53.3333333333333</dst>
            <dst id="STTLng">89.456</dst>
            <dst id="WASHng">306.888</dst>
        </src>
        <src id="ATLAng">
            <dst id="ATLA-M5">173.944</dst>
            <dst id="ATLAng">25742.9813333333</dst>
            <dst id="CHINng">14223.4133333333</dst>
            <dst id="DNVRng">4017.97333333333</dst>
            <dst id="HSTNng">6318.09066666667</dst>
            <dst id="IPLSng">15158.9786666667</dst>
            <dst id="KSCYng">1158.74666666667</dst>
            <dst id="LOSAng">20533.6426666667</dst>
            <dst id="NYCMng">4279.976</dst>
            <dst id="SNVAng">1121.448</dst>
            <dst id="STTLng">4085.55466666667</dst>
            <dst id="WASHng">31144.928</dst>
        </src>
        <src id="CHINng">
            <dst id="ATLA-M5">1591.06933333333</dst>
            <dst id="ATLAng">14309.928</dst>
            <dst id="CHINng">99267.9226666667</dst>
            <dst id="DNVRng">19365.328</dst>
            <dst id="HSTNng">49573.0613333333</dst>
            <dst id="IPLSng">53338.9386666667</dst>
            <dst id="KSCYng">12679.592</dst>
            <dst id="LOSAng">2039047.62666667</dst>
            <dst id="NYCMng">18085.536</dst>
            <dst id="SNVAng">4283.848</dst>
            <dst id="STTLng">18215.2773333333</dst>
            <dst id="WASHng">22404.3493333333</dst>
        </src>
        <src id="DNVRng">
            <dst id="ATLA-M5">150.250666666667</dst>
            <dst id="ATLAng">3506.03466666667</dst>
            <dst id="CHINng">84115.0426666667</dst>
            <dst id="DNVRng">21659.3413333333</dst>
            <dst id="HSTNng">16310.4746666667</dst>
            <dst id="IPLSng">24527.672</dst>
            <dst id="KSCYng">19988.7946666667</dst>
            <dst id="LOSAng">11470.1226666667</dst>
            <dst id="NYCMng">16536.616</dst>
            <dst id="SNVAng">6144.46933333333</dst>
            <dst id="STTLng">12492.896</dst>
            <dst id="WASHng">46938.0693333333</dst>
        </src>
        <src id="HSTNng">
            <dst id="ATLA-M5">1453.55733333333</dst>
            <dst id="ATLAng">1089.312</dst>
            <dst id="CHINng">19934.5973333333</dst>
            <dst id="DNVRng">2103.528</dst>
            <dst id="HSTNng">5470.18933333333</dst>
            <dst id="IPLSng">4997.48</dst>
            <dst id="KSCYng">3508.2</dst>
            <dst id="LOSAng">4060.00533333333</dst>
            <dst id="NYCMng">2341.912</dst>
            <dst id="SNVAng">960.458666666667</dst>
            <dst id="STTLng">2403.10133333333</dst>
            <dst id="WASHng">5224.216</dst>
        </src>
        <src id="IPLSng">
            <dst id="ATLA-M5">2053.39733333333</dst>
            <dst id="ATLAng">21185.592</dst>
            <dst id="CHINng">105654.786666667</dst>
            <dst id="DNVRng">19164.84</dst>
            <dst id="HSTNng">7281.65066666667</dst>
            <dst id="IPLSng">45137</dst>
            <dst id="KSCYng">6191.712</dst>
            <dst id="LOSAng">45701.3306666667</dst>
            <dst id="NYCMng">30703</dst>
            <dst id="SNVAng">1002.408</dst>
            <dst id="STTLng">10152.5306666667</dst>
            <dst id="WASHng">34907.1093333333</dst>
        </src>
        <src id="KSCYng">
            <dst id="ATLA-M5">516.685333333333</dst>
            <dst id="ATLAng">2282.704</dst>
            <dst id="CHINng">22903.2746666667</dst>
            <dst id="DNVRng">9794.67466666667</dst>
            <dst id="HSTNng">3907.33066666667</dst>
            <dst id="IPLSng">19053.7813333333</dst>
            <dst id="KSCYng">9014.34133333333</dst>
            <dst id="LOSAng">5012.52533333333</dst>
            <dst id="NYCMng">3507.832</dst>
            <dst id="SNVAng">94.424</dst>
            <dst id="STTLng">1245.43466666667</dst>
            <dst id="WASHng">27982.8906666667</dst>
        </src>
        <src id="LOSAng">
            <dst id="ATLA-M5">1434.70133333333</dst>
            <dst id="ATLAng">12833.472</dst>
            <dst id="CHINng">1065002.02666667</dst>
            <dst id="DNVRng">12039.032</dst>
            <dst id="HSTNng">5667.14933333333</dst>
            <dst id="IPLSng">44892.968</dst>
            <dst id="KSCYng">8921.48533333333</dst>
            <dst id="LOSAng">20547.744</dst>
            <dst id="NYCMng">53100.232</dst>
            <dst id="SNVAng">7120.62933333333</dst>
            <dst id="STTLng">20057.5946666667</dst>
            <dst id="WASHng">75615.4373333333</dst>
        </src>
        <src id="NYCMng">
            <dst id="ATLA-M5">1292.52</dst>
            <dst id="ATLAng">17745.5466666667</dst>
            <dst id="CHINng">55561.4026666667</dst>
            <dst id="DNVRng">31584.104</dst>
            <dst id="HSTNng">12811.472</dst>
            <dst id="IPLSng">43508.6133333333</dst>
            <dst id="KSCYng">11995.32</dst>
            <dst id="LOSAng">74554.6826666667</dst>
            <dst id="NYCMng">129581.973333333</dst>
            <dst id="SNVAng">4084.736</dst>
            <dst id="STTLng">25545.6906666667</dst>
            <dst id="WASHng">97217.8213333333</dst>
        </src>
        <src id="SNVAng">
            <dst id="ATLA-M5">39.9413333333333</dst>
            <dst id="ATLAng">26.6666666666667</dst>
            <dst id="CHINng">1532.82666666667</dst>
            <dst id="DNVRng">1895.912</dst>
            <dst id="HSTNng">581.064</dst>
            <dst id="IPLSng">360.917333333333</dst>
            <dst id="KSCYng">4031.024</dst>
            <dst id="LOSAng">31597.744</dst>
            <dst id="NYCMng">8895.26666666667</dst>
            <dst id="SNVAng">14545.088</dst>
            <dst id="STTLng">52211.176</dst>
            <dst id="WASHng">282.741333333333</dst>
        </src>
        <src id="STTLng">
            <dst id="ATLA-M5">321.757333333333</dst>
            <dst id="ATLAng">5872.256</dst>
            <dst id="CHINng">13210.92</dst>
            <dst id="DNVRng">5872.32266666667</dst>
            <dst id="HSTNng">4728.44533333333</dst>
            <dst id="IPLSng">8025.63733333333</dst>
            <dst id="KSCYng">3837.97066666667</dst>
            <dst id="LOSAng">18480.0746666667</dst>
            <dst id="NYCMng">7276.392</dst>
            <dst id="SNVAng">4498.26933333333</dst>
            <dst id="STTLng">5819.088</dst>
            <dst id="WASHng">6395.67733333333</dst>
        </src>
        <src id="WASHng">
            <dst id="ATLA-M5">1503.01866666667</dst>
            <dst id="ATLAng">83076.1653333333</dst>
            <dst id="CHINng">81518.5253333333</dst>
            <dst id="DNVRng">65026.6853333333</dst>
            <dst id="HSTNng">11194.7493333333</dst>
            <dst id="IPLSng">55987.6373333333</dst>
            <dst id="KSCYng">29820.048</dst>
            <dst id="LOSAng">106678.693333333</dst>
            <dst id="NYCMng">157565.618666667</dst>
            <dst id="SNVAng">11911.4</dst>
            <dst id="STTLng">30636.256</dst>
            <dst id="WASHng">218366.274666667</dst>
        </src>
    </IntraTM>
</TrafficMatrixFile>
