<?xml version="1.0" encoding="ISO-8859-1" standalone="yes"?>
<TrafficMatrixFile xsi:noNamespaceSchemaLocation="http://totem.run.montefiore.ulg.ac.be/Schema/TrafficMatrix-v1_2.xsd" xmlns:xsi="http://www.w3.org/2001/XMLSchema-instance">
    <IntraTM ASID="11537">
        <src id="ATLA-M5">
            <dst id="ATLA-M5">10254.272</dst>
            <dst id="ATLAng">85.3333333333333</dst>
            <dst id="CHINng">585.432</dst>
            <dst id="DNVRng">68.4186666666667</dst>
            <dst id="HSTNng">150.053333333333</dst>
            <dst id="IPLSng">255.368</dst>
            <dst id="KSCYng">81.3626666666667</dst>
            <dst id="LOSAng">400.517333333333</dst>
            <dst id="NYCMng">1108.12533333333</dst>
            <dst id="SNVAng">0</dst>
            <dst id="STTLng">61.2053333333333</dst>
            <dst id="WASHng">2964.34133333333</dst>
        </src>
        <src id="ATLAng">
            <dst id="ATLA-M5">1476.51733333333</dst>
            <dst id="ATLAng">30329.0826666667</dst>
            <dst id="CHINng">13199.88</dst>
            <dst id="DNVRng">2929.96533333333</dst>
            <dst id="HSTNng">2993.74133333333</dst>
            <dst id="IPLSng">15625.4053333333</dst>
            <dst id="KSCYng">1267.05866666667</dst>
            <dst id="LOSAng">26385.9653333333</dst>
            <dst id="NYCMng">9404.27466666667</dst>
            <dst id="SNVAng">94.4373333333333</dst>
            <dst id="STTLng">5241.33333333333</dst>
            <dst id="WASHng">49037.088</dst>
        </src>
        <src id="CHINng">
            <dst id="ATLA-M5">532.282666666667</dst>
            <dst id="ATLAng">22892.0213333333</dst>
            <dst id="CHINng">94915.7706666667</dst>
            <dst id="DNVRng">18927.104</dst>
            <dst id="HSTNng">46561.4293333333</dst>
            <dst id="IPLSng">36805.072</dst>
            <dst id="KSCYng">17523.976</dst>
            <dst id="LOSAng">44779.216</dst>
            <dst id="NYCMng">24284.9413333333</dst>
            <dst id="SNVAng">1190.72533333333</dst>
            <dst id="STTLng">16347.912</dst>
            <dst id="WASHng">31845.8693333333</dst>
        </src>
        <src id="DNVRng">
            <dst id="ATLA-M5">215.84</dst>
            <dst id="ATLAng">6935.59466666667</dst>
            <dst id="CHINng">51476.8266666667</dst>
            <dst id="DNVRng">13940.552</dst>
            <dst id="HSTNng">10799.1626666667</dst>
            <dst id="IPLSng">34205.552</dst>
            <dst id="KSCYng">20398.8186666667</dst>
            <dst id="LOSAng">6127.12</dst>
            <dst id="NYCMng">23467.2293333333</dst>
            <dst id="SNVAng">12017.9706666667</dst>
            <dst id="STTLng">10836.8453333333</dst>
            <dst id="WASHng">49329.9066666667</dst>
        </src>
        <src id="HSTNng">
            <dst id="ATLA-M5">1332.14133333333</dst>
            <dst id="ATLAng">2794.07466666667</dst>
            <dst id="CHINng">15132.3946666667</dst>
            <dst id="DNVRng">2484.28266666667</dst>
            <dst id="HSTNng">6974.656</dst>
            <dst id="IPLSng">2155.14133333333</dst>
            <dst id="KSCYng">3051.264</dst>
            <dst id="LOSAng">3508.97866666667</dst>
            <dst id="NYCMng">5582.128</dst>
            <dst id="SNVAng">135.192</dst>
            <dst id="STTLng">3128.50133333333</dst>
            <dst id="WASHng">8632.74933333334</dst>
        </src>
        <src id="IPLSng">
            <dst id="ATLA-M5">247.237333333333</dst>
            <dst id="ATLAng">14104.152</dst>
            <dst id="CHINng">105339.373333333</dst>
            <dst id="DNVRng">16790.1333333333</dst>
            <dst id="HSTNng">2647.128</dst>
            <dst id="IPLSng">18948.9173333333</dst>
            <dst id="KSCYng">5299.34933333333</dst>
            <dst id="LOSAng">34021.2373333333</dst>
            <dst id="NYCMng">54261.1786666667</dst>
            <dst id="SNVAng">768.981333333333</dst>
            <dst id="STTLng">12575.9173333333</dst>
            <dst id="WASHng">33656.9813333333</dst>
        </src>
        <src id="KSCYng">
            <dst id="ATLA-M5">152.090666666667</dst>
            <dst id="ATLAng">2416.44</dst>
            <dst id="CHINng">22769.7493333333</dst>
            <dst id="DNVRng">12644.4746666667</dst>
            <dst id="HSTNng">3287.36266666667</dst>
            <dst id="IPLSng">17257.4346666667</dst>
            <dst id="KSCYng">9828.28533333333</dst>
            <dst id="LOSAng">6441.15733333333</dst>
            <dst id="NYCMng">12766.976</dst>
            <dst id="SNVAng">1273.99466666667</dst>
            <dst id="STTLng">2222.28</dst>
            <dst id="WASHng">21740.9866666667</dst>
        </src>
        <src id="LOSAng">
            <dst id="ATLA-M5">2552.05866666667</dst>
            <dst id="ATLAng">29988.5706666667</dst>
            <dst id="CHINng">1083547.41333333</dst>
            <dst id="DNVRng">7639.24</dst>
            <dst id="HSTNng">10452.0373333333</dst>
            <dst id="IPLSng">45032.688</dst>
            <dst id="KSCYng">13096.864</dst>
            <dst id="LOSAng">11427.7733333333</dst>
            <dst id="NYCMng">65127.2453333333</dst>
            <dst id="SNVAng">10812.9093333333</dst>
            <dst id="STTLng">31410.3093333333</dst>
            <dst id="WASHng">144229.093333333</dst>
        </src>
        <src id="NYCMng">
            <dst id="ATLA-M5">717.514666666667</dst>
            <dst id="ATLAng">44532.3653333333</dst>
            <dst id="CHINng">49866.28</dst>
            <dst id="DNVRng">33222.064</dst>
            <dst id="HSTNng">8040.39733333333</dst>
            <dst id="IPLSng">64370.2293333333</dst>
            <dst id="KSCYng">20177.9413333333</dst>
            <dst id="LOSAng">39690.5786666667</dst>
            <dst id="NYCMng">184963.594666667</dst>
            <dst id="SNVAng">2480.936</dst>
            <dst id="STTLng">21948.2666666667</dst>
            <dst id="WASHng">164526.528</dst>
        </src>
        <src id="SNVAng">
            <dst id="ATLA-M5">26.6666666666667</dst>
            <dst id="ATLAng">136.026666666667</dst>
            <dst id="CHINng">1839.93066666667</dst>
            <dst id="DNVRng">15585.8906666667</dst>
            <dst id="HSTNng">4050.43466666667</dst>
            <dst id="IPLSng">232.133333333333</dst>
            <dst id="KSCYng">887.808</dst>
            <dst id="LOSAng">32185.9386666667</dst>
            <dst id="NYCMng">1167.77066666667</dst>
            <dst id="SNVAng">15416.5866666667</dst>
            <dst id="STTLng">56381.624</dst>
            <dst id="WASHng">1017.78666666667</dst>
        </src>
        <src id="STTLng">
            <dst id="ATLA-M5">68.6613333333333</dst>
            <dst id="ATLAng">9082.18933333334</dst>
            <dst id="CHINng">15429.2506666667</dst>
            <dst id="DNVRng">2184.17333333333</dst>
            <dst id="HSTNng">10463.3573333333</dst>
            <dst id="IPLSng">4302.59733333333</dst>
            <dst id="KSCYng">5506.04266666667</dst>
            <dst id="LOSAng">19907.6613333333</dst>
            <dst id="NYCMng">13494.032</dst>
            <dst id="SNVAng">4174.31733333333</dst>
            <dst id="STTLng">6959.37866666667</dst>
            <dst id="WASHng">10516.7306666667</dst>
        </src>
        <src id="WASHng">
            <dst id="ATLA-M5">2515.176</dst>
            <dst id="ATLAng">246442.28</dst>
            <dst id="CHINng">88255.6053333334</dst>
            <dst id="DNVRng">53643.9146666667</dst>
            <dst id="HSTNng">14519.7013333333</dst>
            <dst id="IPLSng">63122.8053333333</dst>
            <dst id="KSCYng">14049.352</dst>
            <dst id="LOSAng">113993.146666667</dst>
            <dst id="NYCMng">173350.410666667</dst>
            <dst id="SNVAng">2068.768</dst>
            <dst id="STTLng">34573.3946666667</dst>
            <dst id="WASHng">324003.946666667</dst>
        </src>
    </IntraTM>
</TrafficMatrixFile>
