<?xml version="1.0" encoding="ISO-8859-1" standalone="yes"?>
<TrafficMatrixFile xsi:noNamespaceSchemaLocation="http://totem.run.montefiore.ulg.ac.be/Schema/TrafficMatrix-v1_2.xsd" xmlns:xsi="http://www.w3.org/2001/XMLSchema-instance">
    <IntraTM ASID="11537">
        <src id="ATLA-M5">
            <dst id="ATLA-M5">58.768</dst>
            <dst id="ATLAng">26.6666666666667</dst>
            <dst id="CHINng">416.128</dst>
            <dst id="DNVRng">26.6666666666667</dst>
            <dst id="HSTNng">53.3333333333333</dst>
            <dst id="IPLSng">428.064</dst>
            <dst id="KSCYng">120</dst>
            <dst id="LOSAng">89.76</dst>
            <dst id="NYCMng">0</dst>
            <dst id="SNVAng">0</dst>
            <dst id="STTLng">152.389333333333</dst>
            <dst id="WASHng">230.890666666667</dst>
        </src>
        <src id="ATLAng">
            <dst id="ATLA-M5">203.109333333333</dst>
            <dst id="ATLAng">26415.9253333333</dst>
            <dst id="CHINng">12673.8506666667</dst>
            <dst id="DNVRng">8921.88533333333</dst>
            <dst id="HSTNng">4692.36266666667</dst>
            <dst id="IPLSng">19190.0133333333</dst>
            <dst id="KSCYng">901.058666666667</dst>
            <dst id="LOSAng">20391.8826666667</dst>
            <dst id="NYCMng">3740.49866666667</dst>
            <dst id="SNVAng">738.514666666667</dst>
            <dst id="STTLng">6985.18933333333</dst>
            <dst id="WASHng">46889.0506666667</dst>
        </src>
        <src id="CHINng">
            <dst id="ATLA-M5">938.253333333333</dst>
            <dst id="ATLAng">14699.3493333333</dst>
            <dst id="CHINng">112260.477333333</dst>
            <dst id="DNVRng">27029.1866666667</dst>
            <dst id="HSTNng">48270.3093333334</dst>
            <dst id="IPLSng">51090.008</dst>
            <dst id="KSCYng">8164.40533333333</dst>
            <dst id="LOSAng">67136.896</dst>
            <dst id="NYCMng">18088.4053333333</dst>
            <dst id="SNVAng">2561.68266666667</dst>
            <dst id="STTLng">9647.352</dst>
            <dst id="WASHng">21306.8986666667</dst>
        </src>
        <src id="DNVRng">
            <dst id="ATLA-M5">185.92</dst>
            <dst id="ATLAng">4269.04266666667</dst>
            <dst id="CHINng">81767.2106666667</dst>
            <dst id="DNVRng">12934.2213333333</dst>
            <dst id="HSTNng">14408.7066666667</dst>
            <dst id="IPLSng">22052.9066666667</dst>
            <dst id="KSCYng">10214.4186666667</dst>
            <dst id="LOSAng">2888.336</dst>
            <dst id="NYCMng">14077.8586666667</dst>
            <dst id="SNVAng">6247.21866666667</dst>
            <dst id="STTLng">5708.09066666667</dst>
            <dst id="WASHng">38559.8906666667</dst>
        </src>
        <src id="HSTNng">
            <dst id="ATLA-M5">1795.04266666667</dst>
            <dst id="ATLAng">1270.73866666667</dst>
            <dst id="CHINng">22078.568</dst>
            <dst id="DNVRng">2099.42133333333</dst>
            <dst id="HSTNng">4342.75466666667</dst>
            <dst id="IPLSng">3216.09066666667</dst>
            <dst id="KSCYng">1649.888</dst>
            <dst id="LOSAng">6001.44533333333</dst>
            <dst id="NYCMng">3233.45333333333</dst>
            <dst id="SNVAng">893.765333333333</dst>
            <dst id="STTLng">4799.82666666667</dst>
            <dst id="WASHng">5279.472</dst>
        </src>
        <src id="IPLSng">
            <dst id="ATLA-M5">2174.84533333333</dst>
            <dst id="ATLAng">47066.1866666667</dst>
            <dst id="CHINng">88121.5866666667</dst>
            <dst id="DNVRng">7194.35733333333</dst>
            <dst id="HSTNng">6010.23466666667</dst>
            <dst id="IPLSng">7556.25066666667</dst>
            <dst id="KSCYng">6064.34933333333</dst>
            <dst id="LOSAng">50470.2026666667</dst>
            <dst id="NYCMng">26715.88</dst>
            <dst id="SNVAng">1564.808</dst>
            <dst id="STTLng">9037.66133333333</dst>
            <dst id="WASHng">64395.4106666667</dst>
        </src>
        <src id="KSCYng">
            <dst id="ATLA-M5">566.808</dst>
            <dst id="ATLAng">1600.18133333333</dst>
            <dst id="CHINng">19359.1093333333</dst>
            <dst id="DNVRng">9958.05866666667</dst>
            <dst id="HSTNng">3227.09333333333</dst>
            <dst id="IPLSng">8798.384</dst>
            <dst id="KSCYng">8188.96533333333</dst>
            <dst id="LOSAng">3967.864</dst>
            <dst id="NYCMng">2955.792</dst>
            <dst id="SNVAng">167.333333333333</dst>
            <dst id="STTLng">1903.91733333333</dst>
            <dst id="WASHng">9145.568</dst>
        </src>
        <src id="LOSAng">
            <dst id="ATLA-M5">844.514666666667</dst>
            <dst id="ATLAng">6916.472</dst>
            <dst id="CHINng">70707.7173333333</dst>
            <dst id="DNVRng">6200.89333333333</dst>
            <dst id="HSTNng">4028.21333333333</dst>
            <dst id="IPLSng">15699.256</dst>
            <dst id="KSCYng">9401.57333333333</dst>
            <dst id="LOSAng">20619.1973333333</dst>
            <dst id="NYCMng">41276.456</dst>
            <dst id="SNVAng">7145.832</dst>
            <dst id="STTLng">22158.248</dst>
            <dst id="WASHng">72140.6293333333</dst>
        </src>
        <src id="NYCMng">
            <dst id="ATLA-M5">1007.30933333333</dst>
            <dst id="ATLAng">12126.4613333333</dst>
            <dst id="CHINng">47755.3226666667</dst>
            <dst id="DNVRng">32979.1733333333</dst>
            <dst id="HSTNng">14057.176</dst>
            <dst id="IPLSng">29021.7413333333</dst>
            <dst id="KSCYng">10582.8666666667</dst>
            <dst id="LOSAng">70023.48</dst>
            <dst id="NYCMng">121186.149333333</dst>
            <dst id="SNVAng">5855.46933333333</dst>
            <dst id="STTLng">26507.616</dst>
            <dst id="WASHng">78785.9173333333</dst>
        </src>
        <src id="SNVAng">
            <dst id="ATLA-M5">209.082666666667</dst>
            <dst id="ATLAng">26.6666666666667</dst>
            <dst id="CHINng">1282.89066666667</dst>
            <dst id="DNVRng">2160.80533333333</dst>
            <dst id="HSTNng">84.032</dst>
            <dst id="IPLSng">290.08</dst>
            <dst id="KSCYng">3628.616</dst>
            <dst id="LOSAng">26785.576</dst>
            <dst id="NYCMng">492.010666666667</dst>
            <dst id="SNVAng">11551.952</dst>
            <dst id="STTLng">47760.2133333333</dst>
            <dst id="WASHng">165.608</dst>
        </src>
        <src id="STTLng">
            <dst id="ATLA-M5">485.522666666667</dst>
            <dst id="ATLAng">6476.464</dst>
            <dst id="CHINng">12267.1066666667</dst>
            <dst id="DNVRng">3610.90133333333</dst>
            <dst id="HSTNng">6414.54933333333</dst>
            <dst id="IPLSng">3936.152</dst>
            <dst id="KSCYng">1913.416</dst>
            <dst id="LOSAng">17737.4773333333</dst>
            <dst id="NYCMng">6906.056</dst>
            <dst id="SNVAng">3545.92</dst>
            <dst id="STTLng">1063.024</dst>
            <dst id="WASHng">12349.8</dst>
        </src>
        <src id="WASHng">
            <dst id="ATLA-M5">835.266666666667</dst>
            <dst id="ATLAng">60938.032</dst>
            <dst id="CHINng">67987.5306666667</dst>
            <dst id="DNVRng">64474.9173333333</dst>
            <dst id="HSTNng">22172.7733333333</dst>
            <dst id="IPLSng">47802.8026666667</dst>
            <dst id="KSCYng">12926.1973333333</dst>
            <dst id="LOSAng">94252.7226666667</dst>
            <dst id="NYCMng">155162.029333333</dst>
            <dst id="SNVAng">8090.21866666667</dst>
            <dst id="STTLng">27290.1173333333</dst>
            <dst id="WASHng">213448.538666667</dst>
        </src>
    </IntraTM>
</TrafficMatrixFile>
