<?xml version="1.0" encoding="ISO-8859-1" standalone="yes"?>
<TrafficMatrixFile xsi:noNamespaceSchemaLocation="http://totem.run.montefiore.ulg.ac.be/Schema/TrafficMatrix-v1_2.xsd" xmlns:xsi="http://www.w3.org/2001/XMLSchema-instance">
    <IntraTM ASID="11537">
        <src id="ATLA-M5">
            <dst id="ATLA-M5">62.8613333333333</dst>
            <dst id="ATLAng">81.2693333333333</dst>
            <dst id="CHINng">137.629333333333</dst>
            <dst id="DNVRng">0</dst>
            <dst id="HSTNng">96.496</dst>
            <dst id="IPLSng">201.872</dst>
            <dst id="KSCYng">277.842666666667</dst>
            <dst id="LOSAng">284.426666666667</dst>
            <dst id="NYCMng">83.5306666666667</dst>
            <dst id="SNVAng">26.6666666666667</dst>
            <dst id="STTLng">26.6666666666667</dst>
            <dst id="WASHng">1643.58666666667</dst>
        </src>
        <src id="ATLAng">
            <dst id="ATLA-M5">92.048</dst>
            <dst id="ATLAng">45351.392</dst>
            <dst id="CHINng">15885.9626666667</dst>
            <dst id="DNVRng">6613.55466666667</dst>
            <dst id="HSTNng">4711.80266666667</dst>
            <dst id="IPLSng">17800.4373333333</dst>
            <dst id="KSCYng">1498.89866666667</dst>
            <dst id="LOSAng">19081.4453333333</dst>
            <dst id="NYCMng">7987.55466666667</dst>
            <dst id="SNVAng">303.794666666667</dst>
            <dst id="STTLng">3460.01333333333</dst>
            <dst id="WASHng">40436.7226666667</dst>
        </src>
        <src id="CHINng">
            <dst id="ATLA-M5">391.858666666667</dst>
            <dst id="ATLAng">31098.6293333333</dst>
            <dst id="CHINng">114853.370666667</dst>
            <dst id="DNVRng">27179.4106666667</dst>
            <dst id="HSTNng">33739.096</dst>
            <dst id="IPLSng">48498.3173333333</dst>
            <dst id="KSCYng">8904.05333333333</dst>
            <dst id="LOSAng">35027.32</dst>
            <dst id="NYCMng">26652.0133333333</dst>
            <dst id="SNVAng">1843.88266666667</dst>
            <dst id="STTLng">13205.9626666667</dst>
            <dst id="WASHng">29897.568</dst>
        </src>
        <src id="DNVRng">
            <dst id="ATLA-M5">142.293333333333</dst>
            <dst id="ATLAng">4021.51733333333</dst>
            <dst id="CHINng">85645.4026666667</dst>
            <dst id="DNVRng">8116.392</dst>
            <dst id="HSTNng">15541.7733333333</dst>
            <dst id="IPLSng">23149.6986666667</dst>
            <dst id="KSCYng">15630.136</dst>
            <dst id="LOSAng">9711.736</dst>
            <dst id="NYCMng">15473.7946666667</dst>
            <dst id="SNVAng">4226.73866666667</dst>
            <dst id="STTLng">11045.7493333333</dst>
            <dst id="WASHng">39805.168</dst>
        </src>
        <src id="HSTNng">
            <dst id="ATLA-M5">3015.68</dst>
            <dst id="ATLAng">1800.90666666667</dst>
            <dst id="CHINng">17649.4346666667</dst>
            <dst id="DNVRng">6932.12533333333</dst>
            <dst id="HSTNng">3963.99733333333</dst>
            <dst id="IPLSng">2732.31466666667</dst>
            <dst id="KSCYng">2325.672</dst>
            <dst id="LOSAng">2168.52</dst>
            <dst id="NYCMng">4479.288</dst>
            <dst id="SNVAng">313.232</dst>
            <dst id="STTLng">2716.49866666667</dst>
            <dst id="WASHng">7420.47733333333</dst>
        </src>
        <src id="IPLSng">
            <dst id="ATLA-M5">213.869333333333</dst>
            <dst id="ATLAng">11592.6586666667</dst>
            <dst id="CHINng">139357.253333333</dst>
            <dst id="DNVRng">10832.344</dst>
            <dst id="HSTNng">5675.976</dst>
            <dst id="IPLSng">28708.7893333333</dst>
            <dst id="KSCYng">4508.01333333333</dst>
            <dst id="LOSAng">20143.0933333333</dst>
            <dst id="NYCMng">75925.0746666667</dst>
            <dst id="SNVAng">945.176</dst>
            <dst id="STTLng">7707.90133333333</dst>
            <dst id="WASHng">62756.4053333333</dst>
        </src>
        <src id="KSCYng">
            <dst id="ATLA-M5">72.2133333333333</dst>
            <dst id="ATLAng">1939.92</dst>
            <dst id="CHINng">32197.488</dst>
            <dst id="DNVRng">7615.70133333333</dst>
            <dst id="HSTNng">3088.50133333333</dst>
            <dst id="IPLSng">12830.9013333333</dst>
            <dst id="KSCYng">9334.27466666667</dst>
            <dst id="LOSAng">3001.50666666667</dst>
            <dst id="NYCMng">4039.392</dst>
            <dst id="SNVAng">81.616</dst>
            <dst id="STTLng">1479.88266666667</dst>
            <dst id="WASHng">16652.9173333333</dst>
        </src>
        <src id="LOSAng">
            <dst id="ATLA-M5">2590.82666666667</dst>
            <dst id="ATLAng">13203.6373333333</dst>
            <dst id="CHINng">74829.5066666667</dst>
            <dst id="DNVRng">7215.32</dst>
            <dst id="HSTNng">4774.26666666667</dst>
            <dst id="IPLSng">29684.2266666667</dst>
            <dst id="KSCYng">8095.45333333333</dst>
            <dst id="LOSAng">23560.336</dst>
            <dst id="NYCMng">57371.008</dst>
            <dst id="SNVAng">12689.6373333333</dst>
            <dst id="STTLng">31417.7626666667</dst>
            <dst id="WASHng">77390.9946666667</dst>
        </src>
        <src id="NYCMng">
            <dst id="ATLA-M5">739.322666666667</dst>
            <dst id="ATLAng">13704.2853333333</dst>
            <dst id="CHINng">51004.2053333333</dst>
            <dst id="DNVRng">28407.784</dst>
            <dst id="HSTNng">8379.328</dst>
            <dst id="IPLSng">38745.4906666667</dst>
            <dst id="KSCYng">10279.136</dst>
            <dst id="LOSAng">54323.6773333333</dst>
            <dst id="NYCMng">179089.434666667</dst>
            <dst id="SNVAng">2297.57866666667</dst>
            <dst id="STTLng">25007.9653333333</dst>
            <dst id="WASHng">85447.5093333333</dst>
        </src>
        <src id="SNVAng">
            <dst id="ATLA-M5">0</dst>
            <dst id="ATLAng">53.3333333333333</dst>
            <dst id="CHINng">1324.50666666667</dst>
            <dst id="DNVRng">1318.07466666667</dst>
            <dst id="HSTNng">54.3146666666667</dst>
            <dst id="IPLSng">511.352</dst>
            <dst id="KSCYng">142.458666666667</dst>
            <dst id="LOSAng">30657.5706666667</dst>
            <dst id="NYCMng">456.066666666667</dst>
            <dst id="SNVAng">12573.296</dst>
            <dst id="STTLng">56561.5466666667</dst>
            <dst id="WASHng">2414.64266666667</dst>
        </src>
        <src id="STTLng">
            <dst id="ATLA-M5">150.664</dst>
            <dst id="ATLAng">5972</dst>
            <dst id="CHINng">20847.1706666667</dst>
            <dst id="DNVRng">1393.83466666667</dst>
            <dst id="HSTNng">2696.528</dst>
            <dst id="IPLSng">3981.50666666667</dst>
            <dst id="KSCYng">3324.728</dst>
            <dst id="LOSAng">48897.992</dst>
            <dst id="NYCMng">8640.192</dst>
            <dst id="SNVAng">4451.128</dst>
            <dst id="STTLng">3761.60266666667</dst>
            <dst id="WASHng">5755.53866666666</dst>
        </src>
        <src id="WASHng">
            <dst id="ATLA-M5">234.504</dst>
            <dst id="ATLAng">79727.1813333333</dst>
            <dst id="CHINng">80659.184</dst>
            <dst id="DNVRng">50410.5706666667</dst>
            <dst id="HSTNng">11100.3546666667</dst>
            <dst id="IPLSng">64216.784</dst>
            <dst id="KSCYng">21132.0933333333</dst>
            <dst id="LOSAng">94801.0826666667</dst>
            <dst id="NYCMng">191528.784</dst>
            <dst id="SNVAng">4113.656</dst>
            <dst id="STTLng">26531.7173333333</dst>
            <dst id="WASHng">204196.853333333</dst>
        </src>
    </IntraTM>
</TrafficMatrixFile>
