<?xml version="1.0" encoding="ISO-8859-1" standalone="yes"?>
<TrafficMatrixFile xsi:noNamespaceSchemaLocation="http://totem.run.montefiore.ulg.ac.be/Schema/TrafficMatrix-v1_2.xsd" xmlns:xsi="http://www.w3.org/2001/XMLSchema-instance">
    <IntraTM ASID="11537">
        <src id="ATLA-M5">
            <dst id="ATLA-M5">92.928</dst>
            <dst id="ATLAng">85.3333333333333</dst>
            <dst id="CHINng">241.237333333333</dst>
            <dst id="DNVRng">0</dst>
            <dst id="HSTNng">178.330666666667</dst>
            <dst id="IPLSng">259.258666666667</dst>
            <dst id="KSCYng">159.589333333333</dst>
            <dst id="LOSAng">421.170666666667</dst>
            <dst id="NYCMng">196.365333333333</dst>
            <dst id="SNVAng">0</dst>
            <dst id="STTLng">56.7893333333333</dst>
            <dst id="WASHng">230.893333333333</dst>
        </src>
        <src id="ATLAng">
            <dst id="ATLA-M5">356.76</dst>
            <dst id="ATLAng">28542.8453333333</dst>
            <dst id="CHINng">14226.7786666667</dst>
            <dst id="DNVRng">2457.136</dst>
            <dst id="HSTNng">5292.104</dst>
            <dst id="IPLSng">14542.672</dst>
            <dst id="KSCYng">2228.80533333333</dst>
            <dst id="LOSAng">17287.3493333333</dst>
            <dst id="NYCMng">10098.4693333333</dst>
            <dst id="SNVAng">434.64</dst>
            <dst id="STTLng">4131.136</dst>
            <dst id="WASHng">49436.9573333333</dst>
        </src>
        <src id="CHINng">
            <dst id="ATLA-M5">2216.45333333333</dst>
            <dst id="ATLAng">26390.488</dst>
            <dst id="CHINng">117655.290666667</dst>
            <dst id="DNVRng">23515.8746666667</dst>
            <dst id="HSTNng">50315.792</dst>
            <dst id="IPLSng">71633.8426666667</dst>
            <dst id="KSCYng">16288.4293333333</dst>
            <dst id="LOSAng">41170.9546666667</dst>
            <dst id="NYCMng">24544.552</dst>
            <dst id="SNVAng">1866.53066666667</dst>
            <dst id="STTLng">19515.4586666667</dst>
            <dst id="WASHng">22497.704</dst>
        </src>
        <src id="DNVRng">
            <dst id="ATLA-M5">153.066666666667</dst>
            <dst id="ATLAng">4568.50933333333</dst>
            <dst id="CHINng">81798.5173333333</dst>
            <dst id="DNVRng">11706.3786666667</dst>
            <dst id="HSTNng">16608.28</dst>
            <dst id="IPLSng">32542.944</dst>
            <dst id="KSCYng">23968.84</dst>
            <dst id="LOSAng">10808.4346666667</dst>
            <dst id="NYCMng">14050.1653333333</dst>
            <dst id="SNVAng">5957.89866666667</dst>
            <dst id="STTLng">11952.672</dst>
            <dst id="WASHng">53572.5706666667</dst>
        </src>
        <src id="HSTNng">
            <dst id="ATLA-M5">5113.66933333333</dst>
            <dst id="ATLAng">1218.44266666667</dst>
            <dst id="CHINng">17725.168</dst>
            <dst id="DNVRng">1920.856</dst>
            <dst id="HSTNng">4291.82933333333</dst>
            <dst id="IPLSng">14137.9413333333</dst>
            <dst id="KSCYng">4774.312</dst>
            <dst id="LOSAng">2369.096</dst>
            <dst id="NYCMng">3922.42933333333</dst>
            <dst id="SNVAng">1855.87733333333</dst>
            <dst id="STTLng">2930.75466666667</dst>
            <dst id="WASHng">4448.36533333333</dst>
        </src>
        <src id="IPLSng">
            <dst id="ATLA-M5">514.533333333333</dst>
            <dst id="ATLAng">14727.792</dst>
            <dst id="CHINng">112492.562666667</dst>
            <dst id="DNVRng">18854.448</dst>
            <dst id="HSTNng">7438.648</dst>
            <dst id="IPLSng">29888.6453333333</dst>
            <dst id="KSCYng">17690.7946666667</dst>
            <dst id="LOSAng">20576.512</dst>
            <dst id="NYCMng">100265.461333333</dst>
            <dst id="SNVAng">847.661333333333</dst>
            <dst id="STTLng">10531.1946666667</dst>
            <dst id="WASHng">37244.0746666667</dst>
        </src>
        <src id="KSCYng">
            <dst id="ATLA-M5">323.018666666667</dst>
            <dst id="ATLAng">5453.11733333333</dst>
            <dst id="CHINng">33658.3653333333</dst>
            <dst id="DNVRng">10077.664</dst>
            <dst id="HSTNng">4181.74666666667</dst>
            <dst id="IPLSng">12936.4453333333</dst>
            <dst id="KSCYng">7780.536</dst>
            <dst id="LOSAng">3474.86666666667</dst>
            <dst id="NYCMng">10290.4906666667</dst>
            <dst id="SNVAng">310.034666666667</dst>
            <dst id="STTLng">1183.09333333333</dst>
            <dst id="WASHng">12284.1466666667</dst>
        </src>
        <src id="LOSAng">
            <dst id="ATLA-M5">1688.552</dst>
            <dst id="ATLAng">17580.3786666667</dst>
            <dst id="CHINng">75566.4773333333</dst>
            <dst id="DNVRng">7772.08266666667</dst>
            <dst id="HSTNng">5956.208</dst>
            <dst id="IPLSng">36039.9493333333</dst>
            <dst id="KSCYng">10700.4666666667</dst>
            <dst id="LOSAng">22474.2</dst>
            <dst id="NYCMng">66371.024</dst>
            <dst id="SNVAng">7449.096</dst>
            <dst id="STTLng">25441.384</dst>
            <dst id="WASHng">85271.0106666667</dst>
        </src>
        <src id="NYCMng">
            <dst id="ATLA-M5">468.88</dst>
            <dst id="ATLAng">20929.8346666667</dst>
            <dst id="CHINng">50107.1893333333</dst>
            <dst id="DNVRng">31917.6746666667</dst>
            <dst id="HSTNng">10461.2613333333</dst>
            <dst id="IPLSng">65347.1093333333</dst>
            <dst id="KSCYng">19259.2613333333</dst>
            <dst id="LOSAng">35097.0293333333</dst>
            <dst id="NYCMng">198281.114666667</dst>
            <dst id="SNVAng">1001.58933333333</dst>
            <dst id="STTLng">28073.5546666667</dst>
            <dst id="WASHng">131819.341333333</dst>
        </src>
        <src id="SNVAng">
            <dst id="ATLA-M5">0</dst>
            <dst id="ATLAng">53.3333333333333</dst>
            <dst id="CHINng">2961.26666666667</dst>
            <dst id="DNVRng">9772.62933333333</dst>
            <dst id="HSTNng">80</dst>
            <dst id="IPLSng">1704.38933333333</dst>
            <dst id="KSCYng">243.205333333333</dst>
            <dst id="LOSAng">35700.256</dst>
            <dst id="NYCMng">3111.456</dst>
            <dst id="SNVAng">13303.912</dst>
            <dst id="STTLng">48662.8586666667</dst>
            <dst id="WASHng">157.301333333333</dst>
        </src>
        <src id="STTLng">
            <dst id="ATLA-M5">583.074666666667</dst>
            <dst id="ATLAng">4636.6</dst>
            <dst id="CHINng">22643.0426666667</dst>
            <dst id="DNVRng">1640.10133333333</dst>
            <dst id="HSTNng">2848.864</dst>
            <dst id="IPLSng">5980.104</dst>
            <dst id="KSCYng">2861.368</dst>
            <dst id="LOSAng">17985.384</dst>
            <dst id="NYCMng">9201.24533333334</dst>
            <dst id="SNVAng">3033.97333333333</dst>
            <dst id="STTLng">7245.96266666667</dst>
            <dst id="WASHng">10322.552</dst>
        </src>
        <src id="WASHng">
            <dst id="ATLA-M5">1064.624</dst>
            <dst id="ATLAng">69881.4586666667</dst>
            <dst id="CHINng">74060.6986666667</dst>
            <dst id="DNVRng">57493.808</dst>
            <dst id="HSTNng">14931.9973333333</dst>
            <dst id="IPLSng">76771.496</dst>
            <dst id="KSCYng">13327.2693333333</dst>
            <dst id="LOSAng">99417.176</dst>
            <dst id="NYCMng">208995.229333333</dst>
            <dst id="SNVAng">504.232</dst>
            <dst id="STTLng">36516.0773333333</dst>
            <dst id="WASHng">260860.458666667</dst>
        </src>
    </IntraTM>
</TrafficMatrixFile>
