<?xml version="1.0" encoding="ISO-8859-1" standalone="yes"?>
<TrafficMatrixFile xsi:noNamespaceSchemaLocation="http://totem.run.montefiore.ulg.ac.be/Schema/TrafficMatrix-v1_2.xsd" xmlns:xsi="http://www.w3.org/2001/XMLSchema-instance">
    <IntraTM ASID="11537">
        <src id="ATLA-M5">
            <dst id="ATLA-M5">893.576</dst>
            <dst id="ATLAng">207.568</dst>
            <dst id="CHINng">1676.256</dst>
            <dst id="DNVRng">355.941333333333</dst>
            <dst id="HSTNng">147.834666666667</dst>
            <dst id="IPLSng">340.333333333333</dst>
            <dst id="KSCYng">76.2533333333333</dst>
            <dst id="LOSAng">241.072</dst>
            <dst id="NYCMng">218.832</dst>
            <dst id="SNVAng">1424.66666666667</dst>
            <dst id="STTLng">185.493333333333</dst>
            <dst id="WASHng">1930.32266666667</dst>
        </src>
        <src id="ATLAng">
            <dst id="ATLA-M5">457.024</dst>
            <dst id="ATLAng">65723.2773333333</dst>
            <dst id="CHINng">17960.5306666667</dst>
            <dst id="DNVRng">6616.98933333333</dst>
            <dst id="HSTNng">14058.8586666667</dst>
            <dst id="IPLSng">27755.608</dst>
            <dst id="KSCYng">6808.79733333333</dst>
            <dst id="LOSAng">21550.2573333333</dst>
            <dst id="NYCMng">8313.84</dst>
            <dst id="SNVAng">1448.324</dst>
            <dst id="STTLng">4943.85866666667</dst>
            <dst id="WASHng">38882.968</dst>
        </src>
        <src id="CHINng">
            <dst id="ATLA-M5">3434.00266666667</dst>
            <dst id="ATLAng">25189.1226666667</dst>
            <dst id="CHINng">111894.309333333</dst>
            <dst id="DNVRng">34109.1866666667</dst>
            <dst id="HSTNng">51101.3413333333</dst>
            <dst id="IPLSng">62884.5306666667</dst>
            <dst id="KSCYng">15346.84</dst>
            <dst id="LOSAng">2038085.68</dst>
            <dst id="NYCMng">18909.4906666667</dst>
            <dst id="SNVAng">4070.168</dst>
            <dst id="STTLng">11863.7653333333</dst>
            <dst id="WASHng">58953.8026666667</dst>
        </src>
        <src id="DNVRng">
            <dst id="ATLA-M5">631.008</dst>
            <dst id="ATLAng">10492.5466666667</dst>
            <dst id="CHINng">63633.0613333333</dst>
            <dst id="DNVRng">21633.1946666667</dst>
            <dst id="HSTNng">19361.768</dst>
            <dst id="IPLSng">38961.632</dst>
            <dst id="KSCYng">27748.816</dst>
            <dst id="LOSAng">12693.992</dst>
            <dst id="NYCMng">16840.8186666667</dst>
            <dst id="SNVAng">13710.9253333333</dst>
            <dst id="STTLng">15391.0026666667</dst>
            <dst id="WASHng">48795.1866666667</dst>
        </src>
        <src id="HSTNng">
            <dst id="ATLA-M5">1606.424</dst>
            <dst id="ATLAng">4609.54666666667</dst>
            <dst id="CHINng">21760.936</dst>
            <dst id="DNVRng">5386.392</dst>
            <dst id="HSTNng">7726.45333333333</dst>
            <dst id="IPLSng">5608.25333333333</dst>
            <dst id="KSCYng">3674.944</dst>
            <dst id="LOSAng">7127.096</dst>
            <dst id="NYCMng">7707.496</dst>
            <dst id="SNVAng">1317.944</dst>
            <dst id="STTLng">1410.53866666667</dst>
            <dst id="WASHng">9621.17866666667</dst>
        </src>
        <src id="IPLSng">
            <dst id="ATLA-M5">829.989333333333</dst>
            <dst id="ATLAng">19758.32</dst>
            <dst id="CHINng">127263.997333333</dst>
            <dst id="DNVRng">24121.4106666667</dst>
            <dst id="HSTNng">5776.97333333333</dst>
            <dst id="IPLSng">39764.504</dst>
            <dst id="KSCYng">9888.136</dst>
            <dst id="LOSAng">55874.7466666667</dst>
            <dst id="NYCMng">65957.4773333333</dst>
            <dst id="SNVAng">3498.73333333333</dst>
            <dst id="STTLng">13147.704</dst>
            <dst id="WASHng">58892.088</dst>
        </src>
        <src id="KSCYng">
            <dst id="ATLA-M5">227.373333333333</dst>
            <dst id="ATLAng">7965.72266666667</dst>
            <dst id="CHINng">22282.0853333333</dst>
            <dst id="DNVRng">9615.032</dst>
            <dst id="HSTNng">7043.536</dst>
            <dst id="IPLSng">15356.1226666667</dst>
            <dst id="KSCYng">10538.6613333333</dst>
            <dst id="LOSAng">8367.33066666666</dst>
            <dst id="NYCMng">4426.67733333333</dst>
            <dst id="SNVAng">611.866666666667</dst>
            <dst id="STTLng">1319.30666666667</dst>
            <dst id="WASHng">13629.7786666667</dst>
        </src>
        <src id="LOSAng">
            <dst id="ATLA-M5">5183.21333333333</dst>
            <dst id="ATLAng">32340.8826666667</dst>
            <dst id="CHINng">1082736.16</dst>
            <dst id="DNVRng">13736.6666666667</dst>
            <dst id="HSTNng">37701.8533333333</dst>
            <dst id="IPLSng">45032.616</dst>
            <dst id="KSCYng">19649.176</dst>
            <dst id="LOSAng">10322.0426666667</dst>
            <dst id="NYCMng">83356.4906666667</dst>
            <dst id="SNVAng">10876.7066666667</dst>
            <dst id="STTLng">25896.768</dst>
            <dst id="WASHng">109691.792</dst>
        </src>
        <src id="NYCMng">
            <dst id="ATLA-M5">928.813333333333</dst>
            <dst id="ATLAng">26061.3466666667</dst>
            <dst id="CHINng">58555.824</dst>
            <dst id="DNVRng">36516.024</dst>
            <dst id="HSTNng">15788.0986666667</dst>
            <dst id="IPLSng">83885.16</dst>
            <dst id="KSCYng">18858.4746666667</dst>
            <dst id="LOSAng">86822.496</dst>
            <dst id="NYCMng">220915.453333333</dst>
            <dst id="SNVAng">5732.92</dst>
            <dst id="STTLng">18187.448</dst>
            <dst id="WASHng">155757.178666667</dst>
        </src>
        <src id="SNVAng">
            <dst id="ATLA-M5">197.552</dst>
            <dst id="ATLAng">236.461333333333</dst>
            <dst id="CHINng">1724.84266666667</dst>
            <dst id="DNVRng">5069.31466666667</dst>
            <dst id="HSTNng">1076.592</dst>
            <dst id="IPLSng">1987.82133333333</dst>
            <dst id="KSCYng">676.613333333333</dst>
            <dst id="LOSAng">34602.008</dst>
            <dst id="NYCMng">306.512</dst>
            <dst id="SNVAng">15587.7333333333</dst>
            <dst id="STTLng">53332.0693333333</dst>
            <dst id="WASHng">1229.32</dst>
        </src>
        <src id="STTLng">
            <dst id="ATLA-M5">385.373333333333</dst>
            <dst id="ATLAng">8162.72</dst>
            <dst id="CHINng">13490.3786666667</dst>
            <dst id="DNVRng">5704.90933333333</dst>
            <dst id="HSTNng">8753.97866666667</dst>
            <dst id="IPLSng">9788.75466666667</dst>
            <dst id="KSCYng">6016.152</dst>
            <dst id="LOSAng">22169.1786666667</dst>
            <dst id="NYCMng">7507.72266666667</dst>
            <dst id="SNVAng">3590.93066666667</dst>
            <dst id="STTLng">10085.0533333333</dst>
            <dst id="WASHng">11342.912</dst>
        </src>
        <src id="WASHng">
            <dst id="ATLA-M5">1222.57333333333</dst>
            <dst id="ATLAng">228211.749333333</dst>
            <dst id="CHINng">80858.0826666667</dst>
            <dst id="DNVRng">71310.0266666667</dst>
            <dst id="HSTNng">17118.816</dst>
            <dst id="IPLSng">90912.8133333334</dst>
            <dst id="KSCYng">20787.1866666667</dst>
            <dst id="LOSAng">116655.002666667</dst>
            <dst id="NYCMng">181429.517333333</dst>
            <dst id="SNVAng">11012.0026666667</dst>
            <dst id="STTLng">31485.952</dst>
            <dst id="WASHng">244256.682666667</dst>
        </src>
    </IntraTM>
</TrafficMatrixFile>
