<?xml version="1.0" encoding="ISO-8859-1" standalone="yes"?>
<TrafficMatrixFile xsi:noNamespaceSchemaLocation="http://totem.run.montefiore.ulg.ac.be/Schema/TrafficMatrix-v1_2.xsd" xmlns:xsi="http://www.w3.org/2001/XMLSchema-instance">
    <IntraTM ASID="11537">
        <src id="ATLA-M5">
            <dst id="ATLA-M5">124.293333333333</dst>
            <dst id="ATLAng">642.338666666667</dst>
            <dst id="CHINng">1493.512</dst>
            <dst id="DNVRng">169.512</dst>
            <dst id="HSTNng">223.794666666667</dst>
            <dst id="IPLSng">1036.76</dst>
            <dst id="KSCYng">206.114666666667</dst>
            <dst id="LOSAng">507.453333333333</dst>
            <dst id="NYCMng">1629.49066666667</dst>
            <dst id="SNVAng">0</dst>
            <dst id="STTLng">53.3333333333333</dst>
            <dst id="WASHng">523.994666666667</dst>
        </src>
        <src id="ATLAng">
            <dst id="ATLA-M5">1340.16266666667</dst>
            <dst id="ATLAng">39926.9466666667</dst>
            <dst id="CHINng">26849.488</dst>
            <dst id="DNVRng">6113.88</dst>
            <dst id="HSTNng">3646.66933333333</dst>
            <dst id="IPLSng">24788.7466666667</dst>
            <dst id="KSCYng">1628.976</dst>
            <dst id="LOSAng">42366.1386666667</dst>
            <dst id="NYCMng">8901.64</dst>
            <dst id="SNVAng">955.469333333334</dst>
            <dst id="STTLng">3455.352</dst>
            <dst id="WASHng">30527.5786666667</dst>
        </src>
        <src id="CHINng">
            <dst id="ATLA-M5">2264.184</dst>
            <dst id="ATLAng">22011.744</dst>
            <dst id="CHINng">103964.304</dst>
            <dst id="DNVRng">27584.6373333333</dst>
            <dst id="HSTNng">50510.7253333333</dst>
            <dst id="IPLSng">65566.0773333333</dst>
            <dst id="KSCYng">12206.328</dst>
            <dst id="LOSAng">2022136</dst>
            <dst id="NYCMng">22617.1066666667</dst>
            <dst id="SNVAng">2469.07733333333</dst>
            <dst id="STTLng">8670.88266666667</dst>
            <dst id="WASHng">43132.808</dst>
        </src>
        <src id="DNVRng">
            <dst id="ATLA-M5">489.242666666667</dst>
            <dst id="ATLAng">7866.35733333333</dst>
            <dst id="CHINng">66085.24</dst>
            <dst id="DNVRng">23923.3573333333</dst>
            <dst id="HSTNng">18407.2933333333</dst>
            <dst id="IPLSng">33395.832</dst>
            <dst id="KSCYng">21953.656</dst>
            <dst id="LOSAng">6467.90666666667</dst>
            <dst id="NYCMng">17691.24</dst>
            <dst id="SNVAng">11707.9493333333</dst>
            <dst id="STTLng">13492.1226666667</dst>
            <dst id="WASHng">44817.2106666667</dst>
        </src>
        <src id="HSTNng">
            <dst id="ATLA-M5">1017.02133333333</dst>
            <dst id="ATLAng">3332.68266666667</dst>
            <dst id="CHINng">19037.456</dst>
            <dst id="DNVRng">4106.768</dst>
            <dst id="HSTNng">11432.3333333333</dst>
            <dst id="IPLSng">4490.36266666667</dst>
            <dst id="KSCYng">4775.392</dst>
            <dst id="LOSAng">6731.13866666667</dst>
            <dst id="NYCMng">6021.73066666667</dst>
            <dst id="SNVAng">2496.448</dst>
            <dst id="STTLng">2161.37066666667</dst>
            <dst id="WASHng">10433.6853333333</dst>
        </src>
        <src id="IPLSng">
            <dst id="ATLA-M5">929.136</dst>
            <dst id="ATLAng">19962.4533333333</dst>
            <dst id="CHINng">120312.877333333</dst>
            <dst id="DNVRng">20729.0853333333</dst>
            <dst id="HSTNng">5364.12</dst>
            <dst id="IPLSng">15122.9466666667</dst>
            <dst id="KSCYng">11023.256</dst>
            <dst id="LOSAng">71277.856</dst>
            <dst id="NYCMng">59391.776</dst>
            <dst id="SNVAng">3597.45333333333</dst>
            <dst id="STTLng">13867.44</dst>
            <dst id="WASHng">81234.3573333333</dst>
        </src>
        <src id="KSCYng">
            <dst id="ATLA-M5">588.677333333333</dst>
            <dst id="ATLAng">2057.74666666667</dst>
            <dst id="CHINng">19710.8533333333</dst>
            <dst id="DNVRng">9493.01066666667</dst>
            <dst id="HSTNng">3310.12533333333</dst>
            <dst id="IPLSng">19614.304</dst>
            <dst id="KSCYng">15265.504</dst>
            <dst id="LOSAng">7861.14666666667</dst>
            <dst id="NYCMng">6532.68</dst>
            <dst id="SNVAng">795.525333333333</dst>
            <dst id="STTLng">2907.392</dst>
            <dst id="WASHng">17327.7013333333</dst>
        </src>
        <src id="LOSAng">
            <dst id="ATLA-M5">1452.07733333333</dst>
            <dst id="ATLAng">19047.6826666667</dst>
            <dst id="CHINng">1079240.02666667</dst>
            <dst id="DNVRng">12840.312</dst>
            <dst id="HSTNng">14998.64</dst>
            <dst id="IPLSng">54203.608</dst>
            <dst id="KSCYng">14139.4293333333</dst>
            <dst id="LOSAng">11533.5306666667</dst>
            <dst id="NYCMng">88093.416</dst>
            <dst id="SNVAng">13541.1146666667</dst>
            <dst id="STTLng">26165.7733333333</dst>
            <dst id="WASHng">94325.544</dst>
        </src>
        <src id="NYCMng">
            <dst id="ATLA-M5">1759.36</dst>
            <dst id="ATLAng">23789.8213333333</dst>
            <dst id="CHINng">44719.592</dst>
            <dst id="DNVRng">34817.2666666667</dst>
            <dst id="HSTNng">22501.168</dst>
            <dst id="IPLSng">51400.0106666667</dst>
            <dst id="KSCYng">20970.1493333333</dst>
            <dst id="LOSAng">80782.0826666667</dst>
            <dst id="NYCMng">180170.717333333</dst>
            <dst id="SNVAng">5868.75466666667</dst>
            <dst id="STTLng">33325.0186666667</dst>
            <dst id="WASHng">127598.861333333</dst>
        </src>
        <src id="SNVAng">
            <dst id="ATLA-M5">344.834666666667</dst>
            <dst id="ATLAng">418.357333333333</dst>
            <dst id="CHINng">1361.28266666667</dst>
            <dst id="DNVRng">8364.432</dst>
            <dst id="HSTNng">465.517333333333</dst>
            <dst id="IPLSng">5979.43466666667</dst>
            <dst id="KSCYng">1016.84</dst>
            <dst id="LOSAng">34252.6453333333</dst>
            <dst id="NYCMng">1180.15466666667</dst>
            <dst id="SNVAng">19087.9093333333</dst>
            <dst id="STTLng">55981.1573333333</dst>
            <dst id="WASHng">525.346666666667</dst>
        </src>
        <src id="STTLng">
            <dst id="ATLA-M5">95.6453333333333</dst>
            <dst id="ATLAng">8070.112</dst>
            <dst id="CHINng">14837.5733333333</dst>
            <dst id="DNVRng">4035.14933333333</dst>
            <dst id="HSTNng">6356.71466666667</dst>
            <dst id="IPLSng">10322.9786666667</dst>
            <dst id="KSCYng">8483.86666666667</dst>
            <dst id="LOSAng">24292.5573333333</dst>
            <dst id="NYCMng">9811.97866666667</dst>
            <dst id="SNVAng">5387.84533333333</dst>
            <dst id="STTLng">8209.42133333333</dst>
            <dst id="WASHng">16352.168</dst>
        </src>
        <src id="WASHng">
            <dst id="ATLA-M5">1783.936</dst>
            <dst id="ATLAng">121747.229333333</dst>
            <dst id="CHINng">79575.1386666667</dst>
            <dst id="DNVRng">56592.5226666667</dst>
            <dst id="HSTNng">20751.4826666667</dst>
            <dst id="IPLSng">63801.2906666667</dst>
            <dst id="KSCYng">17775.5546666667</dst>
            <dst id="LOSAng">106493.810666667</dst>
            <dst id="NYCMng">175842.381333333</dst>
            <dst id="SNVAng">16237.0933333333</dst>
            <dst id="STTLng">26695.6373333333</dst>
            <dst id="WASHng">342335.013333333</dst>
        </src>
    </IntraTM>
</TrafficMatrixFile>
