<?xml version="1.0" encoding="ISO-8859-1" standalone="yes"?>
<TrafficMatrixFile xsi:noNamespaceSchemaLocation="http://totem.run.montefiore.ulg.ac.be/Schema/TrafficMatrix-v1_2.xsd" xmlns:xsi="http://www.w3.org/2001/XMLSchema-instance">
    <IntraTM ASID="11537">
        <src id="ATLA-M5">
            <dst id="ATLA-M5">50.2506666666667</dst>
            <dst id="ATLAng">322.608</dst>
            <dst id="CHINng">606.088</dst>
            <dst id="DNVRng">925.170666666667</dst>
            <dst id="HSTNng">371.378666666667</dst>
            <dst id="IPLSng">859.994666666667</dst>
            <dst id="KSCYng">73.912</dst>
            <dst id="LOSAng">1726.80533333333</dst>
            <dst id="NYCMng">26.6666666666667</dst>
            <dst id="SNVAng">0</dst>
            <dst id="STTLng">117.746666666667</dst>
            <dst id="WASHng">133.333333333333</dst>
        </src>
        <src id="ATLAng">
            <dst id="ATLA-M5">112.624</dst>
            <dst id="ATLAng">26976.536</dst>
            <dst id="CHINng">16333.6533333333</dst>
            <dst id="DNVRng">4334.59466666667</dst>
            <dst id="HSTNng">5946.712</dst>
            <dst id="IPLSng">14829.888</dst>
            <dst id="KSCYng">1651.62133333333</dst>
            <dst id="LOSAng">20887.3493333333</dst>
            <dst id="NYCMng">6358.648</dst>
            <dst id="SNVAng">767.296</dst>
            <dst id="STTLng">5369.37866666667</dst>
            <dst id="WASHng">25602.0986666667</dst>
        </src>
        <src id="CHINng">
            <dst id="ATLA-M5">996.418666666667</dst>
            <dst id="ATLAng">12102.5413333333</dst>
            <dst id="CHINng">99880.904</dst>
            <dst id="DNVRng">25705.9573333333</dst>
            <dst id="HSTNng">47937.4906666667</dst>
            <dst id="IPLSng">46524.0693333333</dst>
            <dst id="KSCYng">12341.608</dst>
            <dst id="LOSAng">2032496.4</dst>
            <dst id="NYCMng">16542.3066666667</dst>
            <dst id="SNVAng">3895.70933333333</dst>
            <dst id="STTLng">16961.9866666667</dst>
            <dst id="WASHng">20761.616</dst>
        </src>
        <src id="DNVRng">
            <dst id="ATLA-M5">154.682666666667</dst>
            <dst id="ATLAng">2619.64533333333</dst>
            <dst id="CHINng">85774.3893333333</dst>
            <dst id="DNVRng">24440.4933333333</dst>
            <dst id="HSTNng">23569.448</dst>
            <dst id="IPLSng">23364.1973333333</dst>
            <dst id="KSCYng">22290.1066666667</dst>
            <dst id="LOSAng">10019.5866666667</dst>
            <dst id="NYCMng">13695.5946666667</dst>
            <dst id="SNVAng">5715.18933333333</dst>
            <dst id="STTLng">11476.3066666667</dst>
            <dst id="WASHng">54180.8586666667</dst>
        </src>
        <src id="HSTNng">
            <dst id="ATLA-M5">5215.07466666667</dst>
            <dst id="ATLAng">2073.984</dst>
            <dst id="CHINng">13908.2346666667</dst>
            <dst id="DNVRng">2409.66666666667</dst>
            <dst id="HSTNng">5363.74666666667</dst>
            <dst id="IPLSng">3844.72533333333</dst>
            <dst id="KSCYng">2351.47733333333</dst>
            <dst id="LOSAng">3735.776</dst>
            <dst id="NYCMng">3129.24266666667</dst>
            <dst id="SNVAng">1570.23733333333</dst>
            <dst id="STTLng">1683.81866666667</dst>
            <dst id="WASHng">6489.92266666667</dst>
        </src>
        <src id="IPLSng">
            <dst id="ATLA-M5">1099.09333333333</dst>
            <dst id="ATLAng">39842.2986666666</dst>
            <dst id="CHINng">104601.997333333</dst>
            <dst id="DNVRng">17470.0586666667</dst>
            <dst id="HSTNng">5249.568</dst>
            <dst id="IPLSng">31260.9013333333</dst>
            <dst id="KSCYng">5680.256</dst>
            <dst id="LOSAng">43564.9946666667</dst>
            <dst id="NYCMng">30657.8426666667</dst>
            <dst id="SNVAng">3069.85333333333</dst>
            <dst id="STTLng">9725.22666666667</dst>
            <dst id="WASHng">58118.3706666667</dst>
        </src>
        <src id="KSCYng">
            <dst id="ATLA-M5">243.693333333333</dst>
            <dst id="ATLAng">1840.83466666667</dst>
            <dst id="CHINng">26510.8986666667</dst>
            <dst id="DNVRng">8958.74666666667</dst>
            <dst id="HSTNng">3061.05866666667</dst>
            <dst id="IPLSng">23123.0826666667</dst>
            <dst id="KSCYng">7495.71466666667</dst>
            <dst id="LOSAng">5763.93866666667</dst>
            <dst id="NYCMng">2948.984</dst>
            <dst id="SNVAng">519.12</dst>
            <dst id="STTLng">2257.19466666667</dst>
            <dst id="WASHng">17652.176</dst>
        </src>
        <src id="LOSAng">
            <dst id="ATLA-M5">2277.98133333333</dst>
            <dst id="ATLAng">13291.7306666667</dst>
            <dst id="CHINng">1072307.6</dst>
            <dst id="DNVRng">7603.768</dst>
            <dst id="HSTNng">3321.128</dst>
            <dst id="IPLSng">26510.1226666667</dst>
            <dst id="KSCYng">9350.496</dst>
            <dst id="LOSAng">15189.3786666667</dst>
            <dst id="NYCMng">52664.136</dst>
            <dst id="SNVAng">4181.30666666667</dst>
            <dst id="STTLng">20039.8213333333</dst>
            <dst id="WASHng">72022.8133333333</dst>
        </src>
        <src id="NYCMng">
            <dst id="ATLA-M5">887.450666666667</dst>
            <dst id="ATLAng">14704.2426666667</dst>
            <dst id="CHINng">53175.7413333333</dst>
            <dst id="DNVRng">25266.6986666667</dst>
            <dst id="HSTNng">8250.01333333333</dst>
            <dst id="IPLSng">34596.1173333333</dst>
            <dst id="KSCYng">13392.4693333333</dst>
            <dst id="LOSAng">77262.5573333333</dst>
            <dst id="NYCMng">121211.018666667</dst>
            <dst id="SNVAng">3696.86133333333</dst>
            <dst id="STTLng">21165.3253333333</dst>
            <dst id="WASHng">79162.08</dst>
        </src>
        <src id="SNVAng">
            <dst id="ATLA-M5">26.6666666666667</dst>
            <dst id="ATLAng">26.6666666666667</dst>
            <dst id="CHINng">1712.6</dst>
            <dst id="DNVRng">4238.03466666667</dst>
            <dst id="HSTNng">420.597333333333</dst>
            <dst id="IPLSng">698.770666666667</dst>
            <dst id="KSCYng">4736.18133333333</dst>
            <dst id="LOSAng">32255.6986666667</dst>
            <dst id="NYCMng">2518.18666666667</dst>
            <dst id="SNVAng">14764.9706666667</dst>
            <dst id="STTLng">56968.008</dst>
            <dst id="WASHng">331.328</dst>
        </src>
        <src id="STTLng">
            <dst id="ATLA-M5">441.824</dst>
            <dst id="ATLAng">6358.48</dst>
            <dst id="CHINng">12843.9706666667</dst>
            <dst id="DNVRng">5337.82666666667</dst>
            <dst id="HSTNng">3609.17333333333</dst>
            <dst id="IPLSng">5414.968</dst>
            <dst id="KSCYng">7349.99733333333</dst>
            <dst id="LOSAng">15379.2853333333</dst>
            <dst id="NYCMng">6056.08266666667</dst>
            <dst id="SNVAng">3559.54933333333</dst>
            <dst id="STTLng">6289.43466666667</dst>
            <dst id="WASHng">6528.51733333333</dst>
        </src>
        <src id="WASHng">
            <dst id="ATLA-M5">877.106666666667</dst>
            <dst id="ATLAng">73162.8853333334</dst>
            <dst id="CHINng">82720.9493333333</dst>
            <dst id="DNVRng">58270.3333333334</dst>
            <dst id="HSTNng">8813.86933333333</dst>
            <dst id="IPLSng">66928.1546666667</dst>
            <dst id="KSCYng">25917.3413333333</dst>
            <dst id="LOSAng">100199.744</dst>
            <dst id="NYCMng">198902.64</dst>
            <dst id="SNVAng">11811.648</dst>
            <dst id="STTLng">35963.9493333333</dst>
            <dst id="WASHng">210154.168</dst>
        </src>
    </IntraTM>
</TrafficMatrixFile>
