<?xml version="1.0" encoding="ISO-8859-1" standalone="yes"?>
<TrafficMatrixFile xsi:noNamespaceSchemaLocation="http://totem.run.montefiore.ulg.ac.be/Schema/TrafficMatrix-v1_2.xsd" xmlns:xsi="http://www.w3.org/2001/XMLSchema-instance">
    <IntraTM ASID="11537">
        <src id="ATLA-M5">
            <dst id="ATLA-M5">1304.20533333333</dst>
            <dst id="ATLAng">371.76</dst>
            <dst id="CHINng">254.293333333333</dst>
            <dst id="DNVRng">26.6666666666667</dst>
            <dst id="HSTNng">80</dst>
            <dst id="IPLSng">307.421333333333</dst>
            <dst id="KSCYng">165.669333333333</dst>
            <dst id="LOSAng">147.44</dst>
            <dst id="NYCMng">160</dst>
            <dst id="SNVAng">0</dst>
            <dst id="STTLng">64.2106666666667</dst>
            <dst id="WASHng">2588.48266666667</dst>
        </src>
        <src id="ATLAng">
            <dst id="ATLA-M5">1567.51733333333</dst>
            <dst id="ATLAng">27047.6693333333</dst>
            <dst id="CHINng">19728.6453333333</dst>
            <dst id="DNVRng">4769.096</dst>
            <dst id="HSTNng">6088.98666666666</dst>
            <dst id="IPLSng">31263.0373333333</dst>
            <dst id="KSCYng">1457.33866666667</dst>
            <dst id="LOSAng">19077.704</dst>
            <dst id="NYCMng">10202.8</dst>
            <dst id="SNVAng">284.138666666667</dst>
            <dst id="STTLng">9279.20266666667</dst>
            <dst id="WASHng">50367.3813333333</dst>
        </src>
        <src id="CHINng">
            <dst id="ATLA-M5">1141.91466666667</dst>
            <dst id="ATLAng">18767.776</dst>
            <dst id="CHINng">109696.322666667</dst>
            <dst id="DNVRng">18669.0773333333</dst>
            <dst id="HSTNng">54958.9573333333</dst>
            <dst id="IPLSng">61792.3173333333</dst>
            <dst id="KSCYng">14596.6906666667</dst>
            <dst id="LOSAng">978085.92</dst>
            <dst id="NYCMng">22778.544</dst>
            <dst id="SNVAng">1784.136</dst>
            <dst id="STTLng">7497.85866666667</dst>
            <dst id="WASHng">35911.5946666667</dst>
        </src>
        <src id="DNVRng">
            <dst id="ATLA-M5">747.618666666667</dst>
            <dst id="ATLAng">8345.77066666667</dst>
            <dst id="CHINng">66932.5626666667</dst>
            <dst id="DNVRng">9918.41066666667</dst>
            <dst id="HSTNng">15262.776</dst>
            <dst id="IPLSng">58115.76</dst>
            <dst id="KSCYng">15587.472</dst>
            <dst id="LOSAng">6150.85866666667</dst>
            <dst id="NYCMng">21147.8426666667</dst>
            <dst id="SNVAng">10829.3733333333</dst>
            <dst id="STTLng">9264.50933333333</dst>
            <dst id="WASHng">45710.064</dst>
        </src>
        <src id="HSTNng">
            <dst id="ATLA-M5">239.965333333333</dst>
            <dst id="ATLAng">3800.39466666667</dst>
            <dst id="CHINng">19192.6426666667</dst>
            <dst id="DNVRng">4076.46933333333</dst>
            <dst id="HSTNng">8307.848</dst>
            <dst id="IPLSng">3420.46666666667</dst>
            <dst id="KSCYng">2599.312</dst>
            <dst id="LOSAng">4419.456</dst>
            <dst id="NYCMng">7814.92533333333</dst>
            <dst id="SNVAng">965.36</dst>
            <dst id="STTLng">2461.04266666667</dst>
            <dst id="WASHng">10073.3893333333</dst>
        </src>
        <src id="IPLSng">
            <dst id="ATLA-M5">492.168</dst>
            <dst id="ATLAng">24803.0533333333</dst>
            <dst id="CHINng">107290.773333333</dst>
            <dst id="DNVRng">30024.9946666667</dst>
            <dst id="HSTNng">6195.696</dst>
            <dst id="IPLSng">28551.208</dst>
            <dst id="KSCYng">11101.8026666667</dst>
            <dst id="LOSAng">40172</dst>
            <dst id="NYCMng">55853.784</dst>
            <dst id="SNVAng">1959.64533333333</dst>
            <dst id="STTLng">17706.9973333333</dst>
            <dst id="WASHng">42888.8533333333</dst>
        </src>
        <src id="KSCYng">
            <dst id="ATLA-M5">56.0426666666666</dst>
            <dst id="ATLAng">2971.89066666667</dst>
            <dst id="CHINng">23193.648</dst>
            <dst id="DNVRng">8947.53866666667</dst>
            <dst id="HSTNng">3729.8</dst>
            <dst id="IPLSng">18574.3093333333</dst>
            <dst id="KSCYng">7569.86666666666</dst>
            <dst id="LOSAng">5977.304</dst>
            <dst id="NYCMng">7791.232</dst>
            <dst id="SNVAng">269.093333333333</dst>
            <dst id="STTLng">1451.86666666667</dst>
            <dst id="WASHng">18197.4346666667</dst>
        </src>
        <src id="LOSAng">
            <dst id="ATLA-M5">1069.82133333333</dst>
            <dst id="ATLAng">42864.2826666667</dst>
            <dst id="CHINng">1089823.01333333</dst>
            <dst id="DNVRng">8353.85066666667</dst>
            <dst id="HSTNng">11248.5333333333</dst>
            <dst id="IPLSng">47302.496</dst>
            <dst id="KSCYng">13136.6</dst>
            <dst id="LOSAng">7324.14133333333</dst>
            <dst id="NYCMng">77552.3253333333</dst>
            <dst id="SNVAng">9850.568</dst>
            <dst id="STTLng">30899.3013333333</dst>
            <dst id="WASHng">99422.2426666667</dst>
        </src>
        <src id="NYCMng">
            <dst id="ATLA-M5">2101.74133333333</dst>
            <dst id="ATLAng">39564.816</dst>
            <dst id="CHINng">62057.992</dst>
            <dst id="DNVRng">32115.1786666667</dst>
            <dst id="HSTNng">14722.5653333333</dst>
            <dst id="IPLSng">59975.576</dst>
            <dst id="KSCYng">18243.9866666667</dst>
            <dst id="LOSAng">63177.0986666667</dst>
            <dst id="NYCMng">211251.304</dst>
            <dst id="SNVAng">9430.05866666667</dst>
            <dst id="STTLng">18710.6986666667</dst>
            <dst id="WASHng">155257.845333333</dst>
        </src>
        <src id="SNVAng">
            <dst id="ATLA-M5">48.128</dst>
            <dst id="ATLAng">750.602666666667</dst>
            <dst id="CHINng">2332.344</dst>
            <dst id="DNVRng">5581.11466666667</dst>
            <dst id="HSTNng">357.450666666667</dst>
            <dst id="IPLSng">1313.93866666667</dst>
            <dst id="KSCYng">0</dst>
            <dst id="LOSAng">32236.344</dst>
            <dst id="NYCMng">1544.392</dst>
            <dst id="SNVAng">13174.256</dst>
            <dst id="STTLng">48534.2693333333</dst>
            <dst id="WASHng">1099.04266666667</dst>
        </src>
        <src id="STTLng">
            <dst id="ATLA-M5">186.856</dst>
            <dst id="ATLAng">10737.696</dst>
            <dst id="CHINng">18859.736</dst>
            <dst id="DNVRng">5137.256</dst>
            <dst id="HSTNng">10563.5386666667</dst>
            <dst id="IPLSng">7864.46933333333</dst>
            <dst id="KSCYng">9762.85066666667</dst>
            <dst id="LOSAng">15716.1066666667</dst>
            <dst id="NYCMng">12562.6346666667</dst>
            <dst id="SNVAng">2581.44</dst>
            <dst id="STTLng">5587.904</dst>
            <dst id="WASHng">13997.7253333333</dst>
        </src>
        <src id="WASHng">
            <dst id="ATLA-M5">2006.82133333333</dst>
            <dst id="ATLAng">77026.704</dst>
            <dst id="CHINng">99370.512</dst>
            <dst id="DNVRng">48302.2986666667</dst>
            <dst id="HSTNng">16762.944</dst>
            <dst id="IPLSng">61368.9733333333</dst>
            <dst id="KSCYng">18883.872</dst>
            <dst id="LOSAng">132389.442666667</dst>
            <dst id="NYCMng">167736.333333333</dst>
            <dst id="SNVAng">11168.616</dst>
            <dst id="STTLng">41390.1466666667</dst>
            <dst id="WASHng">227440.786666667</dst>
        </src>
    </IntraTM>
</TrafficMatrixFile>
