<?xml version="1.0" encoding="ISO-8859-1" standalone="yes"?>
<TrafficMatrixFile xsi:noNamespaceSchemaLocation="http://totem.run.montefiore.ulg.ac.be/Schema/TrafficMatrix-v1_2.xsd" xmlns:xsi="http://www.w3.org/2001/XMLSchema-instance">
    <IntraTM ASID="11537">
        <src id="ATLA-M5">
            <dst id="ATLA-M5">1266.176</dst>
            <dst id="ATLAng">80</dst>
            <dst id="CHINng">1121.74133333333</dst>
            <dst id="DNVRng">80</dst>
            <dst id="HSTNng">81.8773333333333</dst>
            <dst id="IPLSng">544.093333333333</dst>
            <dst id="KSCYng">113.357333333333</dst>
            <dst id="LOSAng">186.666666666667</dst>
            <dst id="NYCMng">901.893333333333</dst>
            <dst id="SNVAng">0</dst>
            <dst id="STTLng">175.658666666667</dst>
            <dst id="WASHng">1180.62133333333</dst>
        </src>
        <src id="ATLAng">
            <dst id="ATLA-M5">368.48</dst>
            <dst id="ATLAng">31359.6906666667</dst>
            <dst id="CHINng">14214.2</dst>
            <dst id="DNVRng">2940.97066666667</dst>
            <dst id="HSTNng">3360.35733333333</dst>
            <dst id="IPLSng">16145.9813333333</dst>
            <dst id="KSCYng">1411.29333333333</dst>
            <dst id="LOSAng">29049.0426666667</dst>
            <dst id="NYCMng">8911.736</dst>
            <dst id="SNVAng">133.733333333333</dst>
            <dst id="STTLng">5746.49333333333</dst>
            <dst id="WASHng">50924.7626666667</dst>
        </src>
        <src id="CHINng">
            <dst id="ATLA-M5">812.184</dst>
            <dst id="ATLAng">25285.336</dst>
            <dst id="CHINng">102905.333333333</dst>
            <dst id="DNVRng">18993.0986666667</dst>
            <dst id="HSTNng">45656.7173333333</dst>
            <dst id="IPLSng">35361.1893333333</dst>
            <dst id="KSCYng">15073.976</dst>
            <dst id="LOSAng">33597.4613333333</dst>
            <dst id="NYCMng">20641.5013333333</dst>
            <dst id="SNVAng">567.909333333333</dst>
            <dst id="STTLng">10918.5706666667</dst>
            <dst id="WASHng">26152.7066666667</dst>
        </src>
        <src id="DNVRng">
            <dst id="ATLA-M5">199.189333333333</dst>
            <dst id="ATLAng">3592.136</dst>
            <dst id="CHINng">58239.232</dst>
            <dst id="DNVRng">14359.1493333333</dst>
            <dst id="HSTNng">11974.7466666667</dst>
            <dst id="IPLSng">35075.7146666667</dst>
            <dst id="KSCYng">20299.9706666667</dst>
            <dst id="LOSAng">15127.144</dst>
            <dst id="NYCMng">16821.1706666667</dst>
            <dst id="SNVAng">11876.2213333333</dst>
            <dst id="STTLng">11931.488</dst>
            <dst id="WASHng">45079.8453333333</dst>
        </src>
        <src id="HSTNng">
            <dst id="ATLA-M5">680.024</dst>
            <dst id="ATLAng">2509.888</dst>
            <dst id="CHINng">15102.328</dst>
            <dst id="DNVRng">2241.11466666667</dst>
            <dst id="HSTNng">6040.712</dst>
            <dst id="IPLSng">2705.62933333333</dst>
            <dst id="KSCYng">4587.29333333333</dst>
            <dst id="LOSAng">2724.02666666667</dst>
            <dst id="NYCMng">4831.99466666667</dst>
            <dst id="SNVAng">322.445333333333</dst>
            <dst id="STTLng">1576.26666666667</dst>
            <dst id="WASHng">12259.3013333333</dst>
        </src>
        <src id="IPLSng">
            <dst id="ATLA-M5">290.477333333333</dst>
            <dst id="ATLAng">18284.616</dst>
            <dst id="CHINng">94568.5226666667</dst>
            <dst id="DNVRng">16517.968</dst>
            <dst id="HSTNng">2576.41066666667</dst>
            <dst id="IPLSng">23496.4266666667</dst>
            <dst id="KSCYng">6674.86133333333</dst>
            <dst id="LOSAng">30473.7546666667</dst>
            <dst id="NYCMng">52873.5173333333</dst>
            <dst id="SNVAng">831.181333333333</dst>
            <dst id="STTLng">12090.1253333333</dst>
            <dst id="WASHng">27110.128</dst>
        </src>
        <src id="KSCYng">
            <dst id="ATLA-M5">179.277333333333</dst>
            <dst id="ATLAng">2497.888</dst>
            <dst id="CHINng">33799.9093333333</dst>
            <dst id="DNVRng">10832.6613333333</dst>
            <dst id="HSTNng">4542.968</dst>
            <dst id="IPLSng">17764.1813333333</dst>
            <dst id="KSCYng">6960.50933333333</dst>
            <dst id="LOSAng">7872.25866666666</dst>
            <dst id="NYCMng">10298.3626666667</dst>
            <dst id="SNVAng">1290.03733333333</dst>
            <dst id="STTLng">1900.42133333333</dst>
            <dst id="WASHng">15144.0666666667</dst>
        </src>
        <src id="LOSAng">
            <dst id="ATLA-M5">2283.28</dst>
            <dst id="ATLAng">30240.8053333333</dst>
            <dst id="CHINng">329851.36</dst>
            <dst id="DNVRng">12693.504</dst>
            <dst id="HSTNng">9636.69333333333</dst>
            <dst id="IPLSng">30210.2506666667</dst>
            <dst id="KSCYng">14174.992</dst>
            <dst id="LOSAng">12513.8613333333</dst>
            <dst id="NYCMng">65638.9146666667</dst>
            <dst id="SNVAng">9159.79733333333</dst>
            <dst id="STTLng">29090.688</dst>
            <dst id="WASHng">142424.053333333</dst>
        </src>
        <src id="NYCMng">
            <dst id="ATLA-M5">1580.00266666667</dst>
            <dst id="ATLAng">28237.64</dst>
            <dst id="CHINng">51103.0746666667</dst>
            <dst id="DNVRng">30881.0026666667</dst>
            <dst id="HSTNng">7254.59466666667</dst>
            <dst id="IPLSng">55614.936</dst>
            <dst id="KSCYng">21054.4666666667</dst>
            <dst id="LOSAng">41642.0453333333</dst>
            <dst id="NYCMng">175250.445333333</dst>
            <dst id="SNVAng">2225.6</dst>
            <dst id="STTLng">22959.8053333333</dst>
            <dst id="WASHng">157219.074666667</dst>
        </src>
        <src id="SNVAng">
            <dst id="ATLA-M5">0</dst>
            <dst id="ATLAng">168.213333333333</dst>
            <dst id="CHINng">1020.54933333333</dst>
            <dst id="DNVRng">3438.22666666667</dst>
            <dst id="HSTNng">145.258666666667</dst>
            <dst id="IPLSng">452.885333333333</dst>
            <dst id="KSCYng">53.3333333333333</dst>
            <dst id="LOSAng">29298.5946666667</dst>
            <dst id="NYCMng">1155.46133333333</dst>
            <dst id="SNVAng">12850.616</dst>
            <dst id="STTLng">47682.1333333333</dst>
            <dst id="WASHng">304.056</dst>
        </src>
        <src id="STTLng">
            <dst id="ATLA-M5">242.093333333333</dst>
            <dst id="ATLAng">7492.072</dst>
            <dst id="CHINng">13380.6133333333</dst>
            <dst id="DNVRng">1380.34933333333</dst>
            <dst id="HSTNng">6505.97333333333</dst>
            <dst id="IPLSng">3389.6</dst>
            <dst id="KSCYng">6133.64266666667</dst>
            <dst id="LOSAng">12362.4933333333</dst>
            <dst id="NYCMng">9680.94133333333</dst>
            <dst id="SNVAng">3348.912</dst>
            <dst id="STTLng">7197.25333333333</dst>
            <dst id="WASHng">7895.344</dst>
        </src>
        <src id="WASHng">
            <dst id="ATLA-M5">1016.976</dst>
            <dst id="ATLAng">221880.797333333</dst>
            <dst id="CHINng">88330.4906666667</dst>
            <dst id="DNVRng">50368.4666666667</dst>
            <dst id="HSTNng">21704.5493333333</dst>
            <dst id="IPLSng">62279.6693333334</dst>
            <dst id="KSCYng">17033.064</dst>
            <dst id="LOSAng">96472.16</dst>
            <dst id="NYCMng">169037.941333333</dst>
            <dst id="SNVAng">1114.71466666667</dst>
            <dst id="STTLng">33423.2</dst>
            <dst id="WASHng">297206.613333333</dst>
        </src>
    </IntraTM>
</TrafficMatrixFile>
