<?xml version="1.0" encoding="ISO-8859-1" standalone="yes"?>
<TrafficMatrixFile xsi:noNamespaceSchemaLocation="http://totem.run.montefiore.ulg.ac.be/Schema/TrafficMatrix-v1_2.xsd" xmlns:xsi="http://www.w3.org/2001/XMLSchema-instance">
    <IntraTM ASID="11537">
        <src id="ATLA-M5">
            <dst id="ATLA-M5">870.954666666667</dst>
            <dst id="ATLAng">189.290666666667</dst>
            <dst id="CHINng">1891.21333333333</dst>
            <dst id="DNVRng">45.28</dst>
            <dst id="HSTNng">123.056</dst>
            <dst id="IPLSng">314.357333333333</dst>
            <dst id="KSCYng">161.813333333333</dst>
            <dst id="LOSAng">144.954666666667</dst>
            <dst id="NYCMng">272.552</dst>
            <dst id="SNVAng">0</dst>
            <dst id="STTLng">56.4506666666667</dst>
            <dst id="WASHng">3414.33066666667</dst>
        </src>
        <src id="ATLAng">
            <dst id="ATLA-M5">107.749333333333</dst>
            <dst id="ATLAng">29396.1386666667</dst>
            <dst id="CHINng">18491.376</dst>
            <dst id="DNVRng">3741.88266666667</dst>
            <dst id="HSTNng">1740.072</dst>
            <dst id="IPLSng">16417.6906666667</dst>
            <dst id="KSCYng">1525.52</dst>
            <dst id="LOSAng">22137.6373333333</dst>
            <dst id="NYCMng">11850.1546666667</dst>
            <dst id="SNVAng">70.984</dst>
            <dst id="STTLng">5165.552</dst>
            <dst id="WASHng">39163.9893333333</dst>
        </src>
        <src id="CHINng">
            <dst id="ATLA-M5">652.970666666667</dst>
            <dst id="ATLAng">17675.064</dst>
            <dst id="CHINng">115453.541333333</dst>
            <dst id="DNVRng">27526.4986666667</dst>
            <dst id="HSTNng">48376.7813333333</dst>
            <dst id="IPLSng">51502.744</dst>
            <dst id="KSCYng">18413.4026666667</dst>
            <dst id="LOSAng">52037.9066666667</dst>
            <dst id="NYCMng">19611.4693333333</dst>
            <dst id="SNVAng">2585.15466666667</dst>
            <dst id="STTLng">10378.8666666667</dst>
            <dst id="WASHng">32513.0373333333</dst>
        </src>
        <src id="DNVRng">
            <dst id="ATLA-M5">324.730666666667</dst>
            <dst id="ATLAng">6824.49066666667</dst>
            <dst id="CHINng">53185.9653333333</dst>
            <dst id="DNVRng">10877.6213333333</dst>
            <dst id="HSTNng">12465.72</dst>
            <dst id="IPLSng">35078.0586666667</dst>
            <dst id="KSCYng">18260.056</dst>
            <dst id="LOSAng">7735.01866666667</dst>
            <dst id="NYCMng">15455.7733333333</dst>
            <dst id="SNVAng">12453.192</dst>
            <dst id="STTLng">13311.6186666667</dst>
            <dst id="WASHng">51456.5066666667</dst>
        </src>
        <src id="HSTNng">
            <dst id="ATLA-M5">4377.03466666667</dst>
            <dst id="ATLAng">3608.44266666667</dst>
            <dst id="CHINng">16977.7653333333</dst>
            <dst id="DNVRng">1753.21066666667</dst>
            <dst id="HSTNng">5895.16533333333</dst>
            <dst id="IPLSng">3660.37066666666</dst>
            <dst id="KSCYng">3017.752</dst>
            <dst id="LOSAng">3194.11466666667</dst>
            <dst id="NYCMng">5867.64</dst>
            <dst id="SNVAng">734.090666666667</dst>
            <dst id="STTLng">1146.01066666667</dst>
            <dst id="WASHng">10050.3973333333</dst>
        </src>
        <src id="IPLSng">
            <dst id="ATLA-M5">398.688</dst>
            <dst id="ATLAng">14182.104</dst>
            <dst id="CHINng">97761.4213333333</dst>
            <dst id="DNVRng">27650.448</dst>
            <dst id="HSTNng">5045.44533333333</dst>
            <dst id="IPLSng">18052.1306666667</dst>
            <dst id="KSCYng">5531.696</dst>
            <dst id="LOSAng">36382.9413333333</dst>
            <dst id="NYCMng">43142.432</dst>
            <dst id="SNVAng">1101.86666666667</dst>
            <dst id="STTLng">9485.176</dst>
            <dst id="WASHng">44755.3786666667</dst>
        </src>
        <src id="KSCYng">
            <dst id="ATLA-M5">405.253333333333</dst>
            <dst id="ATLAng">3180.14133333333</dst>
            <dst id="CHINng">24867.1786666667</dst>
            <dst id="DNVRng">17726.04</dst>
            <dst id="HSTNng">3170.97066666667</dst>
            <dst id="IPLSng">18147.1386666667</dst>
            <dst id="KSCYng">7356.15466666667</dst>
            <dst id="LOSAng">5992.752</dst>
            <dst id="NYCMng">11424.7226666667</dst>
            <dst id="SNVAng">1040.768</dst>
            <dst id="STTLng">2694.46666666667</dst>
            <dst id="WASHng">15150.9546666667</dst>
        </src>
        <src id="LOSAng">
            <dst id="ATLA-M5">2176.86666666667</dst>
            <dst id="ATLAng">22019.8293333333</dst>
            <dst id="CHINng">1077354.32</dst>
            <dst id="DNVRng">12106.824</dst>
            <dst id="HSTNng">9924.048</dst>
            <dst id="IPLSng">72772.9413333333</dst>
            <dst id="KSCYng">10665.2986666667</dst>
            <dst id="LOSAng">11770.4533333333</dst>
            <dst id="NYCMng">75467.024</dst>
            <dst id="SNVAng">10609.7146666667</dst>
            <dst id="STTLng">28336.1093333333</dst>
            <dst id="WASHng">173501.458666667</dst>
        </src>
        <src id="NYCMng">
            <dst id="ATLA-M5">3822.44</dst>
            <dst id="ATLAng">25206.6106666667</dst>
            <dst id="CHINng">64119.6666666667</dst>
            <dst id="DNVRng">34973.3866666667</dst>
            <dst id="HSTNng">10502.2613333333</dst>
            <dst id="IPLSng">72546.1306666667</dst>
            <dst id="KSCYng">14840.288</dst>
            <dst id="LOSAng">35815.6293333333</dst>
            <dst id="NYCMng">235700.021333333</dst>
            <dst id="SNVAng">2968.704</dst>
            <dst id="STTLng">22241.552</dst>
            <dst id="WASHng">96619.6453333333</dst>
        </src>
        <src id="SNVAng">
            <dst id="ATLA-M5">26.6666666666667</dst>
            <dst id="ATLAng">86.1973333333333</dst>
            <dst id="CHINng">2400.96</dst>
            <dst id="DNVRng">11603.5093333333</dst>
            <dst id="HSTNng">380.525333333333</dst>
            <dst id="IPLSng">765.981333333333</dst>
            <dst id="KSCYng">53.3333333333333</dst>
            <dst id="LOSAng">36015.5653333333</dst>
            <dst id="NYCMng">530.397333333333</dst>
            <dst id="SNVAng">16953.216</dst>
            <dst id="STTLng">57581.632</dst>
            <dst id="WASHng">382.346666666667</dst>
        </src>
        <src id="STTLng">
            <dst id="ATLA-M5">112.533333333333</dst>
            <dst id="ATLAng">6847.088</dst>
            <dst id="CHINng">13982.24</dst>
            <dst id="DNVRng">2030.18666666667</dst>
            <dst id="HSTNng">10685.0053333333</dst>
            <dst id="IPLSng">4780.94666666667</dst>
            <dst id="KSCYng">6190.64</dst>
            <dst id="LOSAng">16053.9946666667</dst>
            <dst id="NYCMng">13790.344</dst>
            <dst id="SNVAng">3462.81333333333</dst>
            <dst id="STTLng">5663.576</dst>
            <dst id="WASHng">8384.536</dst>
        </src>
        <src id="WASHng">
            <dst id="ATLA-M5">884.805333333333</dst>
            <dst id="ATLAng">97285.6666666667</dst>
            <dst id="CHINng">91058.4666666667</dst>
            <dst id="DNVRng">51021.4346666667</dst>
            <dst id="HSTNng">20899.552</dst>
            <dst id="IPLSng">81943.368</dst>
            <dst id="KSCYng">14409.208</dst>
            <dst id="LOSAng">122654.181333333</dst>
            <dst id="NYCMng">170784.138666667</dst>
            <dst id="SNVAng">1390.07733333333</dst>
            <dst id="STTLng">28320.072</dst>
            <dst id="WASHng">267189.253333333</dst>
        </src>
    </IntraTM>
</TrafficMatrixFile>
