<?xml version="1.0" encoding="ISO-8859-1" standalone="yes"?>
<TrafficMatrixFile xsi:noNamespaceSchemaLocation="http://totem.run.montefiore.ulg.ac.be/Schema/TrafficMatrix-v1_2.xsd" xmlns:xsi="http://www.w3.org/2001/XMLSchema-instance">
    <IntraTM ASID="11537">
        <src id="ATLA-M5">
            <dst id="ATLA-M5">42.912</dst>
            <dst id="ATLAng">119.466666666667</dst>
            <dst id="CHINng">418.074666666667</dst>
            <dst id="DNVRng">53.3333333333333</dst>
            <dst id="HSTNng">179.76</dst>
            <dst id="IPLSng">526.672</dst>
            <dst id="KSCYng">152.106666666667</dst>
            <dst id="LOSAng">106.666666666667</dst>
            <dst id="NYCMng">80</dst>
            <dst id="SNVAng">26.6666666666667</dst>
            <dst id="STTLng">255.746666666667</dst>
            <dst id="WASHng">155.96</dst>
        </src>
        <src id="ATLAng">
            <dst id="ATLA-M5">228.778666666667</dst>
            <dst id="ATLAng">52730.4346666667</dst>
            <dst id="CHINng">12067.1226666667</dst>
            <dst id="DNVRng">8881.90933333333</dst>
            <dst id="HSTNng">4244.21066666667</dst>
            <dst id="IPLSng">12936.7866666667</dst>
            <dst id="KSCYng">1074.12533333333</dst>
            <dst id="LOSAng">20104.36</dst>
            <dst id="NYCMng">4171.496</dst>
            <dst id="SNVAng">982.461333333333</dst>
            <dst id="STTLng">7085.71733333333</dst>
            <dst id="WASHng">45985.92</dst>
        </src>
        <src id="CHINng">
            <dst id="ATLA-M5">1562.904</dst>
            <dst id="ATLAng">14534.664</dst>
            <dst id="CHINng">106858.018666667</dst>
            <dst id="DNVRng">23034.448</dst>
            <dst id="HSTNng">41743.6186666667</dst>
            <dst id="IPLSng">47189.264</dst>
            <dst id="KSCYng">13369.416</dst>
            <dst id="LOSAng">60335.664</dst>
            <dst id="NYCMng">27373.8266666667</dst>
            <dst id="SNVAng">2136.02133333333</dst>
            <dst id="STTLng">10811.3546666667</dst>
            <dst id="WASHng">26199.6426666667</dst>
        </src>
        <src id="DNVRng">
            <dst id="ATLA-M5">211</dst>
            <dst id="ATLAng">3184.19733333333</dst>
            <dst id="CHINng">78191.6453333333</dst>
            <dst id="DNVRng">16367.608</dst>
            <dst id="HSTNng">14974.1626666667</dst>
            <dst id="IPLSng">22659.68</dst>
            <dst id="KSCYng">13082.5573333333</dst>
            <dst id="LOSAng">2044.97866666667</dst>
            <dst id="NYCMng">12893.1493333333</dst>
            <dst id="SNVAng">7964.99733333333</dst>
            <dst id="STTLng">6027.29333333333</dst>
            <dst id="WASHng">38579.072</dst>
        </src>
        <src id="HSTNng">
            <dst id="ATLA-M5">638.170666666667</dst>
            <dst id="ATLAng">844.448</dst>
            <dst id="CHINng">22367.808</dst>
            <dst id="DNVRng">2847.17066666667</dst>
            <dst id="HSTNng">3364.03733333333</dst>
            <dst id="IPLSng">3582.29066666667</dst>
            <dst id="KSCYng">1577.224</dst>
            <dst id="LOSAng">6574.392</dst>
            <dst id="NYCMng">3325.75733333333</dst>
            <dst id="SNVAng">940.917333333333</dst>
            <dst id="STTLng">5783.576</dst>
            <dst id="WASHng">4974.52266666667</dst>
        </src>
        <src id="IPLSng">
            <dst id="ATLA-M5">2253.50933333333</dst>
            <dst id="ATLAng">46541.7306666667</dst>
            <dst id="CHINng">94558.48</dst>
            <dst id="DNVRng">7616.88266666667</dst>
            <dst id="HSTNng">6491.58666666667</dst>
            <dst id="IPLSng">8174.89066666667</dst>
            <dst id="KSCYng">9204.65066666666</dst>
            <dst id="LOSAng">45570.328</dst>
            <dst id="NYCMng">31060.2373333333</dst>
            <dst id="SNVAng">2311.45866666667</dst>
            <dst id="STTLng">14730.48</dst>
            <dst id="WASHng">45890.6106666667</dst>
        </src>
        <src id="KSCYng">
            <dst id="ATLA-M5">292.312</dst>
            <dst id="ATLAng">2239.90933333333</dst>
            <dst id="CHINng">21253.7173333333</dst>
            <dst id="DNVRng">8552.75466666667</dst>
            <dst id="HSTNng">3129.20533333333</dst>
            <dst id="IPLSng">8830.32533333333</dst>
            <dst id="KSCYng">9144.35466666667</dst>
            <dst id="LOSAng">3624.42933333333</dst>
            <dst id="NYCMng">3993.41066666667</dst>
            <dst id="SNVAng">375.64</dst>
            <dst id="STTLng">1087.25066666667</dst>
            <dst id="WASHng">9262.336</dst>
        </src>
        <src id="LOSAng">
            <dst id="ATLA-M5">1017.544</dst>
            <dst id="ATLAng">7600.26133333333</dst>
            <dst id="CHINng">78770.6773333333</dst>
            <dst id="DNVRng">6278.03466666667</dst>
            <dst id="HSTNng">3708.896</dst>
            <dst id="IPLSng">17736.3893333333</dst>
            <dst id="KSCYng">9356.504</dst>
            <dst id="LOSAng">14198.496</dst>
            <dst id="NYCMng">40993.7173333333</dst>
            <dst id="SNVAng">7112.67733333333</dst>
            <dst id="STTLng">21232.904</dst>
            <dst id="WASHng">72738.496</dst>
        </src>
        <src id="NYCMng">
            <dst id="ATLA-M5">1054.79733333333</dst>
            <dst id="ATLAng">12486.2853333333</dst>
            <dst id="CHINng">48483.7466666667</dst>
            <dst id="DNVRng">33361.6826666667</dst>
            <dst id="HSTNng">14979.3733333333</dst>
            <dst id="IPLSng">29945.8586666667</dst>
            <dst id="KSCYng">8770.40533333333</dst>
            <dst id="LOSAng">72616.4533333333</dst>
            <dst id="NYCMng">120017.389333333</dst>
            <dst id="SNVAng">5926.056</dst>
            <dst id="STTLng">21522.328</dst>
            <dst id="WASHng">77855.2586666667</dst>
        </src>
        <src id="SNVAng">
            <dst id="ATLA-M5">179.114666666667</dst>
            <dst id="ATLAng">26.6666666666667</dst>
            <dst id="CHINng">1598.24266666667</dst>
            <dst id="DNVRng">6012.28</dst>
            <dst id="HSTNng">106.666666666667</dst>
            <dst id="IPLSng">5194.736</dst>
            <dst id="KSCYng">1491.05333333333</dst>
            <dst id="LOSAng">29546.2133333333</dst>
            <dst id="NYCMng">2589.94933333333</dst>
            <dst id="SNVAng">12238.64</dst>
            <dst id="STTLng">45793.5573333333</dst>
            <dst id="WASHng">165.866666666667</dst>
        </src>
        <src id="STTLng">
            <dst id="ATLA-M5">440.544</dst>
            <dst id="ATLAng">5533.816</dst>
            <dst id="CHINng">13189.552</dst>
            <dst id="DNVRng">5789.94133333333</dst>
            <dst id="HSTNng">6343.98133333333</dst>
            <dst id="IPLSng">5098.81066666667</dst>
            <dst id="KSCYng">1614.496</dst>
            <dst id="LOSAng">18514.0613333333</dst>
            <dst id="NYCMng">6974.56533333333</dst>
            <dst id="SNVAng">3821.208</dst>
            <dst id="STTLng">2776.8</dst>
            <dst id="WASHng">11364.344</dst>
        </src>
        <src id="WASHng">
            <dst id="ATLA-M5">687.184</dst>
            <dst id="ATLAng">67617.8853333333</dst>
            <dst id="CHINng">67269.264</dst>
            <dst id="DNVRng">67716.1413333333</dst>
            <dst id="HSTNng">7955.04533333333</dst>
            <dst id="IPLSng">50502.3893333333</dst>
            <dst id="KSCYng">13185.44</dst>
            <dst id="LOSAng">95309.9226666667</dst>
            <dst id="NYCMng">155257.584</dst>
            <dst id="SNVAng">7778.224</dst>
            <dst id="STTLng">30064.9013333333</dst>
            <dst id="WASHng">175852.810666667</dst>
        </src>
    </IntraTM>
</TrafficMatrixFile>
