<?xml version="1.0" encoding="ISO-8859-1" standalone="yes"?>
<TrafficMatrixFile xsi:noNamespaceSchemaLocation="http://totem.run.montefiore.ulg.ac.be/Schema/TrafficMatrix-v1_2.xsd" xmlns:xsi="http://www.w3.org/2001/XMLSchema-instance">
    <IntraTM ASID="11537">
        <src id="ATLA-M5">
            <dst id="ATLA-M5">504.866666666667</dst>
            <dst id="ATLAng">708.253333333334</dst>
            <dst id="CHINng">1798.36266666667</dst>
            <dst id="DNVRng">53.3333333333333</dst>
            <dst id="HSTNng">108.309333333333</dst>
            <dst id="IPLSng">602.162666666667</dst>
            <dst id="KSCYng">80</dst>
            <dst id="LOSAng">372.344</dst>
            <dst id="NYCMng">591.522666666667</dst>
            <dst id="SNVAng">514.178666666667</dst>
            <dst id="STTLng">227.733333333333</dst>
            <dst id="WASHng">833.096</dst>
        </src>
        <src id="ATLAng">
            <dst id="ATLA-M5">1208.02133333333</dst>
            <dst id="ATLAng">35960.7146666667</dst>
            <dst id="CHINng">38197.9866666667</dst>
            <dst id="DNVRng">3371.39733333333</dst>
            <dst id="HSTNng">11170.3573333333</dst>
            <dst id="IPLSng">20420.832</dst>
            <dst id="KSCYng">9167.176</dst>
            <dst id="LOSAng">29677.976</dst>
            <dst id="NYCMng">8098.72</dst>
            <dst id="SNVAng">1195.592</dst>
            <dst id="STTLng">4766.94133333333</dst>
            <dst id="WASHng">39593.464</dst>
        </src>
        <src id="CHINng">
            <dst id="ATLA-M5">1225.66133333333</dst>
            <dst id="ATLAng">43887.1493333333</dst>
            <dst id="CHINng">109583.261333333</dst>
            <dst id="DNVRng">34821.7786666667</dst>
            <dst id="HSTNng">54663.8213333333</dst>
            <dst id="IPLSng">62487.4053333333</dst>
            <dst id="KSCYng">16065.1013333333</dst>
            <dst id="LOSAng">2046462</dst>
            <dst id="NYCMng">19007.5493333333</dst>
            <dst id="SNVAng">4185.39466666667</dst>
            <dst id="STTLng">14480.784</dst>
            <dst id="WASHng">30486.184</dst>
        </src>
        <src id="DNVRng">
            <dst id="ATLA-M5">312.042666666667</dst>
            <dst id="ATLAng">12154.7626666667</dst>
            <dst id="CHINng">59667.6746666667</dst>
            <dst id="DNVRng">7793.03466666667</dst>
            <dst id="HSTNng">16531.688</dst>
            <dst id="IPLSng">30041.9013333333</dst>
            <dst id="KSCYng">11604.5813333333</dst>
            <dst id="LOSAng">6693.79733333333</dst>
            <dst id="NYCMng">14187.6826666667</dst>
            <dst id="SNVAng">7734.23733333333</dst>
            <dst id="STTLng">5856.624</dst>
            <dst id="WASHng">44583.4853333333</dst>
        </src>
        <src id="HSTNng">
            <dst id="ATLA-M5">3654.05333333333</dst>
            <dst id="ATLAng">5645.53866666667</dst>
            <dst id="CHINng">27485.9093333333</dst>
            <dst id="DNVRng">7824.18133333333</dst>
            <dst id="HSTNng">7079.048</dst>
            <dst id="IPLSng">6232.12533333333</dst>
            <dst id="KSCYng">3900.14666666667</dst>
            <dst id="LOSAng">7887.09066666667</dst>
            <dst id="NYCMng">6252.75733333333</dst>
            <dst id="SNVAng">2702.06933333333</dst>
            <dst id="STTLng">7269.82933333333</dst>
            <dst id="WASHng">6015.32266666667</dst>
        </src>
        <src id="IPLSng">
            <dst id="ATLA-M5">546.712</dst>
            <dst id="ATLAng">15549.5333333333</dst>
            <dst id="CHINng">123391.16</dst>
            <dst id="DNVRng">19829.5786666667</dst>
            <dst id="HSTNng">8948.304</dst>
            <dst id="IPLSng">31412.0293333333</dst>
            <dst id="KSCYng">12673.488</dst>
            <dst id="LOSAng">49256.9973333333</dst>
            <dst id="NYCMng">71031.456</dst>
            <dst id="SNVAng">2707.06933333333</dst>
            <dst id="STTLng">11449.8693333333</dst>
            <dst id="WASHng">34022.1573333333</dst>
        </src>
        <src id="KSCYng">
            <dst id="ATLA-M5">434.826666666667</dst>
            <dst id="ATLAng">4362.96266666667</dst>
            <dst id="CHINng">22320.832</dst>
            <dst id="DNVRng">9617.776</dst>
            <dst id="HSTNng">5680.336</dst>
            <dst id="IPLSng">12852.7653333333</dst>
            <dst id="KSCYng">5902.968</dst>
            <dst id="LOSAng">7228.26666666667</dst>
            <dst id="NYCMng">6835.80266666667</dst>
            <dst id="SNVAng">683.042666666667</dst>
            <dst id="STTLng">1047.63733333333</dst>
            <dst id="WASHng">10932.768</dst>
        </src>
        <src id="LOSAng">
            <dst id="ATLA-M5">3010.10933333333</dst>
            <dst id="ATLAng">23084.9573333333</dst>
            <dst id="CHINng">1092847.06666667</dst>
            <dst id="DNVRng">11776.1093333333</dst>
            <dst id="HSTNng">33283.9946666667</dst>
            <dst id="IPLSng">44262.5813333333</dst>
            <dst id="KSCYng">9575.57866666667</dst>
            <dst id="LOSAng">8739.90666666667</dst>
            <dst id="NYCMng">83467.016</dst>
            <dst id="SNVAng">9604.88533333334</dst>
            <dst id="STTLng">32514.608</dst>
            <dst id="WASHng">112507.552</dst>
        </src>
        <src id="NYCMng">
            <dst id="ATLA-M5">1466.48266666667</dst>
            <dst id="ATLAng">34300.8613333333</dst>
            <dst id="CHINng">54962.5173333333</dst>
            <dst id="DNVRng">40773.0826666667</dst>
            <dst id="HSTNng">15524.144</dst>
            <dst id="IPLSng">51317.3706666666</dst>
            <dst id="KSCYng">20172.712</dst>
            <dst id="LOSAng">86024.656</dst>
            <dst id="NYCMng">235836.28</dst>
            <dst id="SNVAng">6015.99466666667</dst>
            <dst id="STTLng">19116.6186666667</dst>
            <dst id="WASHng">129999.936</dst>
        </src>
        <src id="SNVAng">
            <dst id="ATLA-M5">122.157333333333</dst>
            <dst id="ATLAng">269.64</dst>
            <dst id="CHINng">934.290666666666</dst>
            <dst id="DNVRng">4748.52533333333</dst>
            <dst id="HSTNng">301.848</dst>
            <dst id="IPLSng">1525.89333333333</dst>
            <dst id="KSCYng">548.048</dst>
            <dst id="LOSAng">31517.7786666667</dst>
            <dst id="NYCMng">1187.28266666667</dst>
            <dst id="SNVAng">14429.2533333333</dst>
            <dst id="STTLng">50725.952</dst>
            <dst id="WASHng">545.213333333333</dst>
        </src>
        <src id="STTLng">
            <dst id="ATLA-M5">239.749333333333</dst>
            <dst id="ATLAng">10044.8586666667</dst>
            <dst id="CHINng">20525.3146666667</dst>
            <dst id="DNVRng">5388.944</dst>
            <dst id="HSTNng">11021.968</dst>
            <dst id="IPLSng">5815.912</dst>
            <dst id="KSCYng">3383.33866666667</dst>
            <dst id="LOSAng">23995.736</dst>
            <dst id="NYCMng">7660.13333333333</dst>
            <dst id="SNVAng">4678.19466666667</dst>
            <dst id="STTLng">9487.80533333334</dst>
            <dst id="WASHng">15345.256</dst>
        </src>
        <src id="WASHng">
            <dst id="ATLA-M5">12658.7626666667</dst>
            <dst id="ATLAng">94365.952</dst>
            <dst id="CHINng">81095.72</dst>
            <dst id="DNVRng">53931.504</dst>
            <dst id="HSTNng">22328.7653333333</dst>
            <dst id="IPLSng">59729.96</dst>
            <dst id="KSCYng">13795.3626666667</dst>
            <dst id="LOSAng">140859.485333333</dst>
            <dst id="NYCMng">151729.4</dst>
            <dst id="SNVAng">6333.95733333333</dst>
            <dst id="STTLng">34508.5893333333</dst>
            <dst id="WASHng">320419.466666667</dst>
        </src>
    </IntraTM>
</TrafficMatrixFile>
