<?xml version="1.0" encoding="ISO-8859-1" standalone="yes"?>
<TrafficMatrixFile xsi:noNamespaceSchemaLocation="http://totem.run.montefiore.ulg.ac.be/Schema/TrafficMatrix-v1_2.xsd" xmlns:xsi="http://www.w3.org/2001/XMLSchema-instance">
    <IntraTM ASID="11537">
        <src id="ATLA-M5">
            <dst id="ATLA-M5">26.6666666666667</dst>
            <dst id="ATLAng">84.512</dst>
            <dst id="CHINng">464.165333333333</dst>
            <dst id="DNVRng">0</dst>
            <dst id="HSTNng">147.376</dst>
            <dst id="IPLSng">361.026666666667</dst>
            <dst id="KSCYng">1033.04533333333</dst>
            <dst id="LOSAng">737.658666666667</dst>
            <dst id="NYCMng">268.365333333333</dst>
            <dst id="SNVAng">120.202666666667</dst>
            <dst id="STTLng">53.3333333333333</dst>
            <dst id="WASHng">694.885333333333</dst>
        </src>
        <src id="ATLAng">
            <dst id="ATLA-M5">221.194666666667</dst>
            <dst id="ATLAng">29694.7653333333</dst>
            <dst id="CHINng">27356.8133333333</dst>
            <dst id="DNVRng">3332.01066666667</dst>
            <dst id="HSTNng">4438.94133333333</dst>
            <dst id="IPLSng">26952.344</dst>
            <dst id="KSCYng">3962.152</dst>
            <dst id="LOSAng">20076.14</dst>
            <dst id="NYCMng">16285.6773333333</dst>
            <dst id="SNVAng">971.596</dst>
            <dst id="STTLng">5403.256</dst>
            <dst id="WASHng">35707</dst>
        </src>
        <src id="CHINng">
            <dst id="ATLA-M5">1191.39466666667</dst>
            <dst id="ATLAng">36179.888</dst>
            <dst id="CHINng">80518.5306666666</dst>
            <dst id="DNVRng">19833.0773333333</dst>
            <dst id="HSTNng">53107.3173333333</dst>
            <dst id="IPLSng">49266.864</dst>
            <dst id="KSCYng">21308.072</dst>
            <dst id="LOSAng">72391.8533333333</dst>
            <dst id="NYCMng">24715.2506666667</dst>
            <dst id="SNVAng">4084.16533333333</dst>
            <dst id="STTLng">12455.3893333333</dst>
            <dst id="WASHng">30781.4826666667</dst>
        </src>
        <src id="DNVRng">
            <dst id="ATLA-M5">756.282666666667</dst>
            <dst id="ATLAng">5149.616</dst>
            <dst id="CHINng">67151.1466666667</dst>
            <dst id="DNVRng">12054.6533333333</dst>
            <dst id="HSTNng">13781.184</dst>
            <dst id="IPLSng">32237.2533333333</dst>
            <dst id="KSCYng">17221.456</dst>
            <dst id="LOSAng">5482.81866666667</dst>
            <dst id="NYCMng">21606.048</dst>
            <dst id="SNVAng">13073.4</dst>
            <dst id="STTLng">9917.10666666666</dst>
            <dst id="WASHng">47289.752</dst>
        </src>
        <src id="HSTNng">
            <dst id="ATLA-M5">962.034666666666</dst>
            <dst id="ATLAng">3599.11466666667</dst>
            <dst id="CHINng">15613.8453333333</dst>
            <dst id="DNVRng">3113.25866666667</dst>
            <dst id="HSTNng">9652.72</dst>
            <dst id="IPLSng">7070.992</dst>
            <dst id="KSCYng">4599.68266666667</dst>
            <dst id="LOSAng">8134.48</dst>
            <dst id="NYCMng">5566.11466666667</dst>
            <dst id="SNVAng">1376.81066666667</dst>
            <dst id="STTLng">2147.008</dst>
            <dst id="WASHng">6980.48266666667</dst>
        </src>
        <src id="IPLSng">
            <dst id="ATLA-M5">870.634666666667</dst>
            <dst id="ATLAng">31001.3813333333</dst>
            <dst id="CHINng">137828.392</dst>
            <dst id="DNVRng">19024.3706666667</dst>
            <dst id="HSTNng">5130.74133333333</dst>
            <dst id="IPLSng">21299.7066666667</dst>
            <dst id="KSCYng">17144.6293333333</dst>
            <dst id="LOSAng">50396.4</dst>
            <dst id="NYCMng">40167.1973333333</dst>
            <dst id="SNVAng">1862.952</dst>
            <dst id="STTLng">8402.97066666667</dst>
            <dst id="WASHng">40883.7733333333</dst>
        </src>
        <src id="KSCYng">
            <dst id="ATLA-M5">185.517333333333</dst>
            <dst id="ATLAng">2822.75733333333</dst>
            <dst id="CHINng">26124.8133333333</dst>
            <dst id="DNVRng">16584.9466666667</dst>
            <dst id="HSTNng">4230.62133333333</dst>
            <dst id="IPLSng">15539.5013333333</dst>
            <dst id="KSCYng">8049.65333333333</dst>
            <dst id="LOSAng">6559.02666666667</dst>
            <dst id="NYCMng">4141.38133333333</dst>
            <dst id="SNVAng">1019.94133333333</dst>
            <dst id="STTLng">3675.64266666667</dst>
            <dst id="WASHng">17355.8826666667</dst>
        </src>
        <src id="LOSAng">
            <dst id="ATLA-M5">1762.75466666667</dst>
            <dst id="ATLAng">18745.0986666667</dst>
            <dst id="CHINng">96958.92</dst>
            <dst id="DNVRng">15344.0506666667</dst>
            <dst id="HSTNng">7927.72266666667</dst>
            <dst id="IPLSng">45392.8853333333</dst>
            <dst id="KSCYng">11500.2293333333</dst>
            <dst id="LOSAng">18793.384</dst>
            <dst id="NYCMng">79029.432</dst>
            <dst id="SNVAng">13027.8826666667</dst>
            <dst id="STTLng">25772.368</dst>
            <dst id="WASHng">104015.794666667</dst>
        </src>
        <src id="NYCMng">
            <dst id="ATLA-M5">2286.46933333333</dst>
            <dst id="ATLAng">44964.4293333333</dst>
            <dst id="CHINng">57701.6773333333</dst>
            <dst id="DNVRng">36076.5386666667</dst>
            <dst id="HSTNng">13162.9386666667</dst>
            <dst id="IPLSng">51493.816</dst>
            <dst id="KSCYng">18368.824</dst>
            <dst id="LOSAng">74785.728</dst>
            <dst id="NYCMng">181961.384</dst>
            <dst id="SNVAng">6108.40266666667</dst>
            <dst id="STTLng">23810.28</dst>
            <dst id="WASHng">167578.048</dst>
        </src>
        <src id="SNVAng">
            <dst id="ATLA-M5">0</dst>
            <dst id="ATLAng">70.5546666666666</dst>
            <dst id="CHINng">2034.44266666667</dst>
            <dst id="DNVRng">8125.208</dst>
            <dst id="HSTNng">773.533333333333</dst>
            <dst id="IPLSng">5867.784</dst>
            <dst id="KSCYng">325.885333333333</dst>
            <dst id="LOSAng">53349.1626666667</dst>
            <dst id="NYCMng">813.368</dst>
            <dst id="SNVAng">19153.9066666667</dst>
            <dst id="STTLng">71452.4426666667</dst>
            <dst id="WASHng">1401.2</dst>
        </src>
        <src id="STTLng">
            <dst id="ATLA-M5">408.08</dst>
            <dst id="ATLAng">10354.544</dst>
            <dst id="CHINng">10046.16</dst>
            <dst id="DNVRng">3250.82933333333</dst>
            <dst id="HSTNng">5781.472</dst>
            <dst id="IPLSng">10646.9093333333</dst>
            <dst id="KSCYng">3668.37333333333</dst>
            <dst id="LOSAng">21761.064</dst>
            <dst id="NYCMng">7727.66133333333</dst>
            <dst id="SNVAng">4556.69866666667</dst>
            <dst id="STTLng">5692.84</dst>
            <dst id="WASHng">6294.152</dst>
        </src>
        <src id="WASHng">
            <dst id="ATLA-M5">1530.30933333333</dst>
            <dst id="ATLAng">97698.288</dst>
            <dst id="CHINng">90634.504</dst>
            <dst id="DNVRng">66713.9173333333</dst>
            <dst id="HSTNng">35822.2773333333</dst>
            <dst id="IPLSng">72458.8213333333</dst>
            <dst id="KSCYng">29782.8906666667</dst>
            <dst id="LOSAng">117084.410666667</dst>
            <dst id="NYCMng">146366.202666667</dst>
            <dst id="SNVAng">2665.13866666667</dst>
            <dst id="STTLng">35983.8613333333</dst>
            <dst id="WASHng">232458.474666667</dst>
        </src>
    </IntraTM>
</TrafficMatrixFile>
