<?xml version="1.0" encoding="ISO-8859-1" standalone="yes"?>
<TrafficMatrixFile xsi:noNamespaceSchemaLocation="http://totem.run.montefiore.ulg.ac.be/Schema/TrafficMatrix-v1_2.xsd" xmlns:xsi="http://www.w3.org/2001/XMLSchema-instance">
    <IntraTM ASID="11537">
        <src id="ATLA-M5">
            <dst id="ATLA-M5">98.1146666666667</dst>
            <dst id="ATLAng">1322.66933333333</dst>
            <dst id="CHINng">322.653333333333</dst>
            <dst id="DNVRng">214.592</dst>
            <dst id="HSTNng">285.066666666667</dst>
            <dst id="IPLSng">660.224</dst>
            <dst id="KSCYng">98.5173333333334</dst>
            <dst id="LOSAng">167.578666666667</dst>
            <dst id="NYCMng">428.442666666667</dst>
            <dst id="SNVAng">0</dst>
            <dst id="STTLng">53.3333333333333</dst>
            <dst id="WASHng">1368.75466666667</dst>
        </src>
        <src id="ATLAng">
            <dst id="ATLA-M5">1888.04266666667</dst>
            <dst id="ATLAng">51735.12</dst>
            <dst id="CHINng">23394.728</dst>
            <dst id="DNVRng">2692.70933333333</dst>
            <dst id="HSTNng">4909.46133333333</dst>
            <dst id="IPLSng">16944.4026666667</dst>
            <dst id="KSCYng">8931.504</dst>
            <dst id="LOSAng">17224.2853333333</dst>
            <dst id="NYCMng">12875.7493333333</dst>
            <dst id="SNVAng">1870.76533333333</dst>
            <dst id="STTLng">4438.544</dst>
            <dst id="WASHng">50442.3253333333</dst>
        </src>
        <src id="CHINng">
            <dst id="ATLA-M5">3403.6</dst>
            <dst id="ATLAng">17998.8586666667</dst>
            <dst id="CHINng">119545.32</dst>
            <dst id="DNVRng">15846.8853333333</dst>
            <dst id="HSTNng">49143.1733333333</dst>
            <dst id="IPLSng">66618.2133333333</dst>
            <dst id="KSCYng">11512.832</dst>
            <dst id="LOSAng">43750.04</dst>
            <dst id="NYCMng">25725.736</dst>
            <dst id="SNVAng">1206.344</dst>
            <dst id="STTLng">16077.184</dst>
            <dst id="WASHng">35568.4773333333</dst>
        </src>
        <src id="DNVRng">
            <dst id="ATLA-M5">226.656</dst>
            <dst id="ATLAng">3682.85066666667</dst>
            <dst id="CHINng">82087.8213333334</dst>
            <dst id="DNVRng">5305.94133333333</dst>
            <dst id="HSTNng">14046.056</dst>
            <dst id="IPLSng">34577.9066666667</dst>
            <dst id="KSCYng">13323.712</dst>
            <dst id="LOSAng">6117.89333333333</dst>
            <dst id="NYCMng">22601.0853333333</dst>
            <dst id="SNVAng">9243.952</dst>
            <dst id="STTLng">7570.472</dst>
            <dst id="WASHng">45941.0026666667</dst>
        </src>
        <src id="HSTNng">
            <dst id="ATLA-M5">457.010666666667</dst>
            <dst id="ATLAng">1474.42133333333</dst>
            <dst id="CHINng">24009.0906666667</dst>
            <dst id="DNVRng">2333.08533333333</dst>
            <dst id="HSTNng">4058.43733333333</dst>
            <dst id="IPLSng">12893.6586666667</dst>
            <dst id="KSCYng">2683.18133333333</dst>
            <dst id="LOSAng">6472.25066666667</dst>
            <dst id="NYCMng">6345.82933333333</dst>
            <dst id="SNVAng">1633.52</dst>
            <dst id="STTLng">5976.2</dst>
            <dst id="WASHng">13232.1013333333</dst>
        </src>
        <src id="IPLSng">
            <dst id="ATLA-M5">412.010666666667</dst>
            <dst id="ATLAng">14469.3253333333</dst>
            <dst id="CHINng">142348.157333333</dst>
            <dst id="DNVRng">19770.136</dst>
            <dst id="HSTNng">12325.3626666667</dst>
            <dst id="IPLSng">37708.744</dst>
            <dst id="KSCYng">9475.71733333333</dst>
            <dst id="LOSAng">27468.7546666667</dst>
            <dst id="NYCMng">98079.128</dst>
            <dst id="SNVAng">1364.40266666667</dst>
            <dst id="STTLng">15213.8586666667</dst>
            <dst id="WASHng">58539.2133333333</dst>
        </src>
        <src id="KSCYng">
            <dst id="ATLA-M5">327.730666666667</dst>
            <dst id="ATLAng">4174.46666666667</dst>
            <dst id="CHINng">30163.0213333333</dst>
            <dst id="DNVRng">21918.68</dst>
            <dst id="HSTNng">4090.328</dst>
            <dst id="IPLSng">15120.7013333333</dst>
            <dst id="KSCYng">8240.008</dst>
            <dst id="LOSAng">3631.26933333333</dst>
            <dst id="NYCMng">7039.328</dst>
            <dst id="SNVAng">883.709333333333</dst>
            <dst id="STTLng">2710.76266666667</dst>
            <dst id="WASHng">22206.3093333333</dst>
        </src>
        <src id="LOSAng">
            <dst id="ATLA-M5">1649.13866666667</dst>
            <dst id="ATLAng">15861.9253333333</dst>
            <dst id="CHINng">88039.864</dst>
            <dst id="DNVRng">5741.856</dst>
            <dst id="HSTNng">34366.9386666667</dst>
            <dst id="IPLSng">60334.9973333333</dst>
            <dst id="KSCYng">11312.2346666667</dst>
            <dst id="LOSAng">25255.48</dst>
            <dst id="NYCMng">82836.9013333333</dst>
            <dst id="SNVAng">10025.5386666667</dst>
            <dst id="STTLng">21349.552</dst>
            <dst id="WASHng">96281.08</dst>
        </src>
        <src id="NYCMng">
            <dst id="ATLA-M5">701.272</dst>
            <dst id="ATLAng">23645.6586666667</dst>
            <dst id="CHINng">56779.6453333333</dst>
            <dst id="DNVRng">28803.384</dst>
            <dst id="HSTNng">17978.5973333333</dst>
            <dst id="IPLSng">70863.2</dst>
            <dst id="KSCYng">16414.2773333333</dst>
            <dst id="LOSAng">52165.072</dst>
            <dst id="NYCMng">222363.592</dst>
            <dst id="SNVAng">2929.76266666667</dst>
            <dst id="STTLng">27525.0773333333</dst>
            <dst id="WASHng">137931.189333333</dst>
        </src>
        <src id="SNVAng">
            <dst id="ATLA-M5">0</dst>
            <dst id="ATLAng">2579.39733333333</dst>
            <dst id="CHINng">2218.392</dst>
            <dst id="DNVRng">941.522666666667</dst>
            <dst id="HSTNng">351.789333333333</dst>
            <dst id="IPLSng">7281.80266666667</dst>
            <dst id="KSCYng">502.08</dst>
            <dst id="LOSAng">41333.7173333333</dst>
            <dst id="NYCMng">2650.57333333333</dst>
            <dst id="SNVAng">17531.16</dst>
            <dst id="STTLng">57520.0586666667</dst>
            <dst id="WASHng">194.189333333333</dst>
        </src>
        <src id="STTLng">
            <dst id="ATLA-M5">277.68</dst>
            <dst id="ATLAng">5073.56</dst>
            <dst id="CHINng">20064.08</dst>
            <dst id="DNVRng">2113.20533333333</dst>
            <dst id="HSTNng">9637.26666666667</dst>
            <dst id="IPLSng">5689.49333333333</dst>
            <dst id="KSCYng">2974.144</dst>
            <dst id="LOSAng">16848.2906666667</dst>
            <dst id="NYCMng">8491.304</dst>
            <dst id="SNVAng">2525.128</dst>
            <dst id="STTLng">4025.704</dst>
            <dst id="WASHng">14922.544</dst>
        </src>
        <src id="WASHng">
            <dst id="ATLA-M5">599.290666666667</dst>
            <dst id="ATLAng">67913.96</dst>
            <dst id="CHINng">66475.736</dst>
            <dst id="DNVRng">48542.6693333333</dst>
            <dst id="HSTNng">16146.8746666667</dst>
            <dst id="IPLSng">44405.5546666667</dst>
            <dst id="KSCYng">10713.1093333333</dst>
            <dst id="LOSAng">102453.336</dst>
            <dst id="NYCMng">143262.546666667</dst>
            <dst id="SNVAng">1265.21333333333</dst>
            <dst id="STTLng">32626.7386666667</dst>
            <dst id="WASHng">187597.376</dst>
        </src>
    </IntraTM>
</TrafficMatrixFile>
