<?xml version="1.0" encoding="ISO-8859-1" standalone="yes"?>
<TrafficMatrixFile xsi:noNamespaceSchemaLocation="http://totem.run.montefiore.ulg.ac.be/Schema/TrafficMatrix-v1_2.xsd" xmlns:xsi="http://www.w3.org/2001/XMLSchema-instance">
    <IntraTM ASID="11537">
        <src id="ATLA-M5">
            <dst id="ATLA-M5">30.6533333333333</dst>
            <dst id="ATLAng">219.597333333333</dst>
            <dst id="CHINng">424.261333333333</dst>
            <dst id="DNVRng">0</dst>
            <dst id="HSTNng">1691.28533333333</dst>
            <dst id="IPLSng">515.461333333333</dst>
            <dst id="KSCYng">824.117333333333</dst>
            <dst id="LOSAng">1085.08266666667</dst>
            <dst id="NYCMng">496.933333333333</dst>
            <dst id="SNVAng">0</dst>
            <dst id="STTLng">53.3333333333333</dst>
            <dst id="WASHng">757.322666666667</dst>
        </src>
        <src id="ATLAng">
            <dst id="ATLA-M5">847.576</dst>
            <dst id="ATLAng">43890.2586666667</dst>
            <dst id="CHINng">38638.3466666667</dst>
            <dst id="DNVRng">6301.90666666667</dst>
            <dst id="HSTNng">5609.33333333333</dst>
            <dst id="IPLSng">23662.5733333333</dst>
            <dst id="KSCYng">4251.57866666667</dst>
            <dst id="LOSAng">38575.928</dst>
            <dst id="NYCMng">8515.48533333333</dst>
            <dst id="SNVAng">540.856</dst>
            <dst id="STTLng">6437.05066666667</dst>
            <dst id="WASHng">32725.9413333333</dst>
        </src>
        <src id="CHINng">
            <dst id="ATLA-M5">933.224</dst>
            <dst id="ATLAng">32789.32</dst>
            <dst id="CHINng">89879.7466666667</dst>
            <dst id="DNVRng">19964.3653333333</dst>
            <dst id="HSTNng">59481.5786666667</dst>
            <dst id="IPLSng">56523.1653333334</dst>
            <dst id="KSCYng">14427.4506666667</dst>
            <dst id="LOSAng">67881.248</dst>
            <dst id="NYCMng">22150.52</dst>
            <dst id="SNVAng">5112.152</dst>
            <dst id="STTLng">19431.3306666667</dst>
            <dst id="WASHng">32460.2853333333</dst>
        </src>
        <src id="DNVRng">
            <dst id="ATLA-M5">322.618666666667</dst>
            <dst id="ATLAng">4145</dst>
            <dst id="CHINng">69282.8266666667</dst>
            <dst id="DNVRng">12095.128</dst>
            <dst id="HSTNng">13558.3546666667</dst>
            <dst id="IPLSng">28684.184</dst>
            <dst id="KSCYng">17508.6666666667</dst>
            <dst id="LOSAng">4745.03733333333</dst>
            <dst id="NYCMng">21838.1413333333</dst>
            <dst id="SNVAng">10103.9066666667</dst>
            <dst id="STTLng">10265.736</dst>
            <dst id="WASHng">47440.12</dst>
        </src>
        <src id="HSTNng">
            <dst id="ATLA-M5">1316.38666666667</dst>
            <dst id="ATLAng">3161.94933333333</dst>
            <dst id="CHINng">21308.8266666667</dst>
            <dst id="DNVRng">3980.968</dst>
            <dst id="HSTNng">5796.192</dst>
            <dst id="IPLSng">5333.17866666667</dst>
            <dst id="KSCYng">5081.47733333333</dst>
            <dst id="LOSAng">16196.624</dst>
            <dst id="NYCMng">3811.992</dst>
            <dst id="SNVAng">1366.12</dst>
            <dst id="STTLng">2325.672</dst>
            <dst id="WASHng">8625.81866666667</dst>
        </src>
        <src id="IPLSng">
            <dst id="ATLA-M5">897.952</dst>
            <dst id="ATLAng">31689.552</dst>
            <dst id="CHINng">98982.3973333333</dst>
            <dst id="DNVRng">15801.056</dst>
            <dst id="HSTNng">4699.01866666667</dst>
            <dst id="IPLSng">28892.1893333333</dst>
            <dst id="KSCYng">8532.54933333333</dst>
            <dst id="LOSAng">55527.3946666667</dst>
            <dst id="NYCMng">59236.872</dst>
            <dst id="SNVAng">2170.58133333333</dst>
            <dst id="STTLng">9711.872</dst>
            <dst id="WASHng">41498.248</dst>
        </src>
        <src id="KSCYng">
            <dst id="ATLA-M5">177.496</dst>
            <dst id="ATLAng">2641.73333333333</dst>
            <dst id="CHINng">25643.3386666667</dst>
            <dst id="DNVRng">21804.792</dst>
            <dst id="HSTNng">4062.208</dst>
            <dst id="IPLSng">15209.5786666667</dst>
            <dst id="KSCYng">7801.08266666667</dst>
            <dst id="LOSAng">7152.26666666667</dst>
            <dst id="NYCMng">8515.41333333333</dst>
            <dst id="SNVAng">496.802666666667</dst>
            <dst id="STTLng">3848.78933333333</dst>
            <dst id="WASHng">26053.192</dst>
        </src>
        <src id="LOSAng">
            <dst id="ATLA-M5">2164.03466666667</dst>
            <dst id="ATLAng">20741.392</dst>
            <dst id="CHINng">108643.237333333</dst>
            <dst id="DNVRng">16629.7226666667</dst>
            <dst id="HSTNng">17571.3973333333</dst>
            <dst id="IPLSng">59646.1893333333</dst>
            <dst id="KSCYng">10880.04</dst>
            <dst id="LOSAng">19040.728</dst>
            <dst id="NYCMng">80614.7546666667</dst>
            <dst id="SNVAng">9119.82933333333</dst>
            <dst id="STTLng">31394.4933333333</dst>
            <dst id="WASHng">96094.704</dst>
        </src>
        <src id="NYCMng">
            <dst id="ATLA-M5">2486.32</dst>
            <dst id="ATLAng">47865.808</dst>
            <dst id="CHINng">66091.288</dst>
            <dst id="DNVRng">34744.2666666667</dst>
            <dst id="HSTNng">17202.5493333333</dst>
            <dst id="IPLSng">63195.1546666667</dst>
            <dst id="KSCYng">17891.6373333333</dst>
            <dst id="LOSAng">77629.8293333333</dst>
            <dst id="NYCMng">165304.048</dst>
            <dst id="SNVAng">4937.22666666667</dst>
            <dst id="STTLng">26930.0933333333</dst>
            <dst id="WASHng">143904.16</dst>
        </src>
        <src id="SNVAng">
            <dst id="ATLA-M5">53.3333333333333</dst>
            <dst id="ATLAng">53.3333333333333</dst>
            <dst id="CHINng">2099.23466666667</dst>
            <dst id="DNVRng">5416.696</dst>
            <dst id="HSTNng">518.149333333333</dst>
            <dst id="IPLSng">5879.19466666667</dst>
            <dst id="KSCYng">550.28</dst>
            <dst id="LOSAng">54149.4693333333</dst>
            <dst id="NYCMng">1148.64</dst>
            <dst id="SNVAng">19477.4986666667</dst>
            <dst id="STTLng">66577.1333333333</dst>
            <dst id="WASHng">1081.67733333333</dst>
        </src>
        <src id="STTLng">
            <dst id="ATLA-M5">691.744</dst>
            <dst id="ATLAng">15108.9466666667</dst>
            <dst id="CHINng">10248.56</dst>
            <dst id="DNVRng">3302.312</dst>
            <dst id="HSTNng">5672.62933333333</dst>
            <dst id="IPLSng">9282.24</dst>
            <dst id="KSCYng">3952.98666666667</dst>
            <dst id="LOSAng">22631.1466666667</dst>
            <dst id="NYCMng">6082.86933333333</dst>
            <dst id="SNVAng">3876.28266666667</dst>
            <dst id="STTLng">4735.50133333333</dst>
            <dst id="WASHng">8947.74133333333</dst>
        </src>
        <src id="WASHng">
            <dst id="ATLA-M5">1580.65333333333</dst>
            <dst id="ATLAng">92856.7386666667</dst>
            <dst id="CHINng">80180.9733333333</dst>
            <dst id="DNVRng">59033.752</dst>
            <dst id="HSTNng">20304.4346666667</dst>
            <dst id="IPLSng">65559.2426666667</dst>
            <dst id="KSCYng">24439.5146666667</dst>
            <dst id="LOSAng">115976.477333333</dst>
            <dst id="NYCMng">141025.930666667</dst>
            <dst id="SNVAng">4427.23733333333</dst>
            <dst id="STTLng">31828.312</dst>
            <dst id="WASHng">233169.064</dst>
        </src>
    </IntraTM>
</TrafficMatrixFile>
