<?xml version="1.0" encoding="ISO-8859-1" standalone="yes"?>
<TrafficMatrixFile xsi:noNamespaceSchemaLocation="http://totem.run.montefiore.ulg.ac.be/Schema/TrafficMatrix-v1_2.xsd" xmlns:xsi="http://www.w3.org/2001/XMLSchema-instance">
    <IntraTM ASID="11537">
        <src id="ATLA-M5">
            <dst id="ATLA-M5">53.0373333333333</dst>
            <dst id="ATLAng">194.850666666667</dst>
            <dst id="CHINng">624.042666666667</dst>
            <dst id="DNVRng">80</dst>
            <dst id="HSTNng">126.733333333333</dst>
            <dst id="IPLSng">210.730666666667</dst>
            <dst id="KSCYng">0</dst>
            <dst id="LOSAng">318.530666666667</dst>
            <dst id="NYCMng">80</dst>
            <dst id="SNVAng">209.376</dst>
            <dst id="STTLng">58.0906666666667</dst>
            <dst id="WASHng">938.912</dst>
        </src>
        <src id="ATLAng">
            <dst id="ATLA-M5">136.808</dst>
            <dst id="ATLAng">24936.3866666667</dst>
            <dst id="CHINng">16646.584</dst>
            <dst id="DNVRng">3862.99466666667</dst>
            <dst id="HSTNng">6005.29866666667</dst>
            <dst id="IPLSng">16877.52</dst>
            <dst id="KSCYng">6662.24533333333</dst>
            <dst id="LOSAng">18766.3946666667</dst>
            <dst id="NYCMng">8912.47733333333</dst>
            <dst id="SNVAng">624.072</dst>
            <dst id="STTLng">4397.256</dst>
            <dst id="WASHng">43082.8746666667</dst>
        </src>
        <src id="CHINng">
            <dst id="ATLA-M5">734.946666666667</dst>
            <dst id="ATLAng">10057.112</dst>
            <dst id="CHINng">102472.728</dst>
            <dst id="DNVRng">24204.272</dst>
            <dst id="HSTNng">56463.8053333333</dst>
            <dst id="IPLSng">44361.7093333333</dst>
            <dst id="KSCYng">15334.048</dst>
            <dst id="LOSAng">62885.6533333333</dst>
            <dst id="NYCMng">29968.992</dst>
            <dst id="SNVAng">2470.008</dst>
            <dst id="STTLng">9812.05066666666</dst>
            <dst id="WASHng">27847.8613333333</dst>
        </src>
        <src id="DNVRng">
            <dst id="ATLA-M5">135.517333333333</dst>
            <dst id="ATLAng">5195.25333333333</dst>
            <dst id="CHINng">66076.736</dst>
            <dst id="DNVRng">13439.88</dst>
            <dst id="HSTNng">12597.7893333333</dst>
            <dst id="IPLSng">28737.7093333333</dst>
            <dst id="KSCYng">18773.5253333333</dst>
            <dst id="LOSAng">5797.352</dst>
            <dst id="NYCMng">27430.9306666667</dst>
            <dst id="SNVAng">11036.4293333333</dst>
            <dst id="STTLng">9669.248</dst>
            <dst id="WASHng">52356.8026666667</dst>
        </src>
        <src id="HSTNng">
            <dst id="ATLA-M5">832.658666666667</dst>
            <dst id="ATLAng">3243.696</dst>
            <dst id="CHINng">25239.8133333333</dst>
            <dst id="DNVRng">2205.392</dst>
            <dst id="HSTNng">7257.152</dst>
            <dst id="IPLSng">4119.51733333333</dst>
            <dst id="KSCYng">2300.68</dst>
            <dst id="LOSAng">7256.888</dst>
            <dst id="NYCMng">3509.74666666667</dst>
            <dst id="SNVAng">1547.20266666667</dst>
            <dst id="STTLng">3242.54133333333</dst>
            <dst id="WASHng">6909.09333333333</dst>
        </src>
        <src id="IPLSng">
            <dst id="ATLA-M5">537.733333333333</dst>
            <dst id="ATLAng">34014.4133333333</dst>
            <dst id="CHINng">93567.048</dst>
            <dst id="DNVRng">16707.784</dst>
            <dst id="HSTNng">5179.04</dst>
            <dst id="IPLSng">30785.4933333333</dst>
            <dst id="KSCYng">12368.5413333333</dst>
            <dst id="LOSAng">43274.7653333333</dst>
            <dst id="NYCMng">27984.488</dst>
            <dst id="SNVAng">1569.43466666667</dst>
            <dst id="STTLng">10032.3626666667</dst>
            <dst id="WASHng">35763.8586666667</dst>
        </src>
        <src id="KSCYng">
            <dst id="ATLA-M5">108.138666666667</dst>
            <dst id="ATLAng">2307.63466666667</dst>
            <dst id="CHINng">25663.9813333333</dst>
            <dst id="DNVRng">16855.696</dst>
            <dst id="HSTNng">4100.096</dst>
            <dst id="IPLSng">16515.68</dst>
            <dst id="KSCYng">11768.232</dst>
            <dst id="LOSAng">6602.09866666667</dst>
            <dst id="NYCMng">5620.19733333333</dst>
            <dst id="SNVAng">382.874666666667</dst>
            <dst id="STTLng">1443.99733333333</dst>
            <dst id="WASHng">12324.9306666667</dst>
        </src>
        <src id="LOSAng">
            <dst id="ATLA-M5">1112.19733333333</dst>
            <dst id="ATLAng">9907.66933333334</dst>
            <dst id="CHINng">82603.8693333333</dst>
            <dst id="DNVRng">9387.45066666667</dst>
            <dst id="HSTNng">4569.21866666667</dst>
            <dst id="IPLSng">34717.8133333333</dst>
            <dst id="KSCYng">7656.74133333334</dst>
            <dst id="LOSAng">11978.7093333333</dst>
            <dst id="NYCMng">46677.2213333333</dst>
            <dst id="SNVAng">9450.77066666667</dst>
            <dst id="STTLng">21922.7333333333</dst>
            <dst id="WASHng">120297.602666667</dst>
        </src>
        <src id="NYCMng">
            <dst id="ATLA-M5">930.546666666667</dst>
            <dst id="ATLAng">36769.68</dst>
            <dst id="CHINng">47785.4453333333</dst>
            <dst id="DNVRng">40184.7866666667</dst>
            <dst id="HSTNng">9807.856</dst>
            <dst id="IPLSng">42659.6133333333</dst>
            <dst id="KSCYng">15748.6933333333</dst>
            <dst id="LOSAng">68659.9146666667</dst>
            <dst id="NYCMng">158492.312</dst>
            <dst id="SNVAng">2742.008</dst>
            <dst id="STTLng">15774.736</dst>
            <dst id="WASHng">110511.952</dst>
        </src>
        <src id="SNVAng">
            <dst id="ATLA-M5">26.6666666666667</dst>
            <dst id="ATLAng">127.986666666667</dst>
            <dst id="CHINng">1630.8</dst>
            <dst id="DNVRng">15326.1466666667</dst>
            <dst id="HSTNng">472.472</dst>
            <dst id="IPLSng">428.888</dst>
            <dst id="KSCYng">358.621333333333</dst>
            <dst id="LOSAng">43561.8106666667</dst>
            <dst id="NYCMng">426.909333333333</dst>
            <dst id="SNVAng">14484.04</dst>
            <dst id="STTLng">57359.4106666667</dst>
            <dst id="WASHng">177.205333333333</dst>
        </src>
        <src id="STTLng">
            <dst id="ATLA-M5">87.2666666666667</dst>
            <dst id="ATLAng">6775.624</dst>
            <dst id="CHINng">17087.52</dst>
            <dst id="DNVRng">2284.15733333333</dst>
            <dst id="HSTNng">10687.104</dst>
            <dst id="IPLSng">7838.36533333333</dst>
            <dst id="KSCYng">4408.13066666667</dst>
            <dst id="LOSAng">14033.4026666667</dst>
            <dst id="NYCMng">4427.94933333333</dst>
            <dst id="SNVAng">3361.344</dst>
            <dst id="STTLng">4781.05866666667</dst>
            <dst id="WASHng">10871.4213333333</dst>
        </src>
        <src id="WASHng">
            <dst id="ATLA-M5">366.336</dst>
            <dst id="ATLAng">123886.058666667</dst>
            <dst id="CHINng">98914.4026666666</dst>
            <dst id="DNVRng">69018.9173333333</dst>
            <dst id="HSTNng">33909.7146666667</dst>
            <dst id="IPLSng">50912.5333333333</dst>
            <dst id="KSCYng">13632.7733333333</dst>
            <dst id="LOSAng">115669.834666667</dst>
            <dst id="NYCMng">139934.733333333</dst>
            <dst id="SNVAng">7678.18933333333</dst>
            <dst id="STTLng">33739.2373333333</dst>
            <dst id="WASHng">268661.093333333</dst>
        </src>
    </IntraTM>
</TrafficMatrixFile>
