<?xml version="1.0" encoding="ISO-8859-1" standalone="yes"?>
<TrafficMatrixFile xsi:noNamespaceSchemaLocation="http://totem.run.montefiore.ulg.ac.be/Schema/TrafficMatrix-v1_2.xsd" xmlns:xsi="http://www.w3.org/2001/XMLSchema-instance">
    <IntraTM ASID="11537">
        <src id="ATLA-M5">
            <dst id="ATLA-M5">9345.50133333334</dst>
            <dst id="ATLAng">432.576</dst>
            <dst id="CHINng">479.104</dst>
            <dst id="DNVRng">98.4</dst>
            <dst id="HSTNng">111.061333333333</dst>
            <dst id="IPLSng">216.752</dst>
            <dst id="KSCYng">161.392</dst>
            <dst id="LOSAng">159.968</dst>
            <dst id="NYCMng">108.562666666667</dst>
            <dst id="SNVAng">26.6666666666667</dst>
            <dst id="STTLng">33.6906666666667</dst>
            <dst id="WASHng">5649.29066666667</dst>
        </src>
        <src id="ATLAng">
            <dst id="ATLA-M5">162.122666666667</dst>
            <dst id="ATLAng">26492.328</dst>
            <dst id="CHINng">14874.1786666667</dst>
            <dst id="DNVRng">5665.904</dst>
            <dst id="HSTNng">1352.17333333333</dst>
            <dst id="IPLSng">16472.816</dst>
            <dst id="KSCYng">1864.22933333333</dst>
            <dst id="LOSAng">33351.712</dst>
            <dst id="NYCMng">9732.77333333333</dst>
            <dst id="SNVAng">4940.664</dst>
            <dst id="STTLng">4740.152</dst>
            <dst id="WASHng">44751.0693333333</dst>
        </src>
        <src id="CHINng">
            <dst id="ATLA-M5">561.04</dst>
            <dst id="ATLAng">18754.9013333333</dst>
            <dst id="CHINng">112274.741333333</dst>
            <dst id="DNVRng">20231.04</dst>
            <dst id="HSTNng">50340.1413333333</dst>
            <dst id="IPLSng">38681.0986666667</dst>
            <dst id="KSCYng">16992.1973333333</dst>
            <dst id="LOSAng">38215.096</dst>
            <dst id="NYCMng">21623.2693333333</dst>
            <dst id="SNVAng">3262.27466666667</dst>
            <dst id="STTLng">12934.928</dst>
            <dst id="WASHng">37528.3573333333</dst>
        </src>
        <src id="DNVRng">
            <dst id="ATLA-M5">137.784</dst>
            <dst id="ATLAng">7672.48</dst>
            <dst id="CHINng">54905.9546666667</dst>
            <dst id="DNVRng">14430.4426666667</dst>
            <dst id="HSTNng">12268.6506666667</dst>
            <dst id="IPLSng">34051.6213333333</dst>
            <dst id="KSCYng">21422.6053333333</dst>
            <dst id="LOSAng">10511.1946666667</dst>
            <dst id="NYCMng">32648.1946666667</dst>
            <dst id="SNVAng">12279.4453333333</dst>
            <dst id="STTLng">13165.744</dst>
            <dst id="WASHng">49262.832</dst>
        </src>
        <src id="HSTNng">
            <dst id="ATLA-M5">719.797333333333</dst>
            <dst id="ATLAng">3819.07466666667</dst>
            <dst id="CHINng">15974.5253333333</dst>
            <dst id="DNVRng">1992.48266666667</dst>
            <dst id="HSTNng">6369.072</dst>
            <dst id="IPLSng">2281.54133333333</dst>
            <dst id="KSCYng">4319.472</dst>
            <dst id="LOSAng">4007.54933333333</dst>
            <dst id="NYCMng">6699.944</dst>
            <dst id="SNVAng">306.322666666667</dst>
            <dst id="STTLng">1682.496</dst>
            <dst id="WASHng">9040.33333333333</dst>
        </src>
        <src id="IPLSng">
            <dst id="ATLA-M5">179.205333333333</dst>
            <dst id="ATLAng">14588.144</dst>
            <dst id="CHINng">112726.496</dst>
            <dst id="DNVRng">24074.624</dst>
            <dst id="HSTNng">3515.024</dst>
            <dst id="IPLSng">30180.7226666667</dst>
            <dst id="KSCYng">10585.816</dst>
            <dst id="LOSAng">30569.9546666667</dst>
            <dst id="NYCMng">47996.56</dst>
            <dst id="SNVAng">1040.67466666667</dst>
            <dst id="STTLng">10203.176</dst>
            <dst id="WASHng">51200.6773333333</dst>
        </src>
        <src id="KSCYng">
            <dst id="ATLA-M5">178.370666666667</dst>
            <dst id="ATLAng">2331.47733333333</dst>
            <dst id="CHINng">24699.24</dst>
            <dst id="DNVRng">18443.6986666667</dst>
            <dst id="HSTNng">3339.08266666667</dst>
            <dst id="IPLSng">22508.7813333333</dst>
            <dst id="KSCYng">7062.28266666667</dst>
            <dst id="LOSAng">5991.67733333333</dst>
            <dst id="NYCMng">10634.7493333333</dst>
            <dst id="SNVAng">351.573333333333</dst>
            <dst id="STTLng">2184.13866666667</dst>
            <dst id="WASHng">17126.1573333333</dst>
        </src>
        <src id="LOSAng">
            <dst id="ATLA-M5">2331.19466666667</dst>
            <dst id="ATLAng">22556.456</dst>
            <dst id="CHINng">1083520.98666667</dst>
            <dst id="DNVRng">7941.95733333333</dst>
            <dst id="HSTNng">9083.34133333334</dst>
            <dst id="IPLSng">47874.8426666667</dst>
            <dst id="KSCYng">11547.9253333333</dst>
            <dst id="LOSAng">14721.5013333333</dst>
            <dst id="NYCMng">67019.9573333333</dst>
            <dst id="SNVAng">10143.1066666667</dst>
            <dst id="STTLng">16559.7306666667</dst>
            <dst id="WASHng">141310.826666667</dst>
        </src>
        <src id="NYCMng">
            <dst id="ATLA-M5">1585.94933333333</dst>
            <dst id="ATLAng">33434.096</dst>
            <dst id="CHINng">60679.152</dst>
            <dst id="DNVRng">35169.6986666667</dst>
            <dst id="HSTNng">11989.328</dst>
            <dst id="IPLSng">76117.496</dst>
            <dst id="KSCYng">19845.3546666667</dst>
            <dst id="LOSAng">39725.3093333333</dst>
            <dst id="NYCMng">213082.832</dst>
            <dst id="SNVAng">3054.20533333333</dst>
            <dst id="STTLng">22037.8533333333</dst>
            <dst id="WASHng">144466.450666667</dst>
        </src>
        <src id="SNVAng">
            <dst id="ATLA-M5">32.2693333333333</dst>
            <dst id="ATLAng">310.898666666667</dst>
            <dst id="CHINng">1016.58133333333</dst>
            <dst id="DNVRng">11975.8186666667</dst>
            <dst id="HSTNng">380.813333333333</dst>
            <dst id="IPLSng">342.672</dst>
            <dst id="KSCYng">224.4</dst>
            <dst id="LOSAng">36389.3653333333</dst>
            <dst id="NYCMng">1360.34666666667</dst>
            <dst id="SNVAng">16898.088</dst>
            <dst id="STTLng">54503.4346666667</dst>
            <dst id="WASHng">1048.04</dst>
        </src>
        <src id="STTLng">
            <dst id="ATLA-M5">121.768</dst>
            <dst id="ATLAng">7472.952</dst>
            <dst id="CHINng">13128.0453333333</dst>
            <dst id="DNVRng">2917.33333333333</dst>
            <dst id="HSTNng">11173.856</dst>
            <dst id="IPLSng">4184.17866666667</dst>
            <dst id="KSCYng">4437.97333333333</dst>
            <dst id="LOSAng">17343.5066666667</dst>
            <dst id="NYCMng">11248.6346666667</dst>
            <dst id="SNVAng">3549.50133333333</dst>
            <dst id="STTLng">7034.62933333333</dst>
            <dst id="WASHng">6888.552</dst>
        </src>
        <src id="WASHng">
            <dst id="ATLA-M5">2083.256</dst>
            <dst id="ATLAng">213522.896</dst>
            <dst id="CHINng">88928.0773333333</dst>
            <dst id="DNVRng">44549.952</dst>
            <dst id="HSTNng">12195.7013333333</dst>
            <dst id="IPLSng">89939.9493333333</dst>
            <dst id="KSCYng">20034.5413333333</dst>
            <dst id="LOSAng">116598.768</dst>
            <dst id="NYCMng">148243.072</dst>
            <dst id="SNVAng">1458.50933333333</dst>
            <dst id="STTLng">30888.9173333333</dst>
            <dst id="WASHng">340681.546666667</dst>
        </src>
    </IntraTM>
</TrafficMatrixFile>
