<?xml version="1.0" encoding="ISO-8859-1" standalone="yes"?>
<TrafficMatrixFile xsi:noNamespaceSchemaLocation="http://totem.run.montefiore.ulg.ac.be/Schema/TrafficMatrix-v1_2.xsd" xmlns:xsi="http://www.w3.org/2001/XMLSchema-instance">
    <IntraTM ASID="11537">
        <src id="ATLA-M5">
            <dst id="ATLA-M5">236.848</dst>
            <dst id="ATLAng">190.157333333333</dst>
            <dst id="CHINng">627.341333333333</dst>
            <dst id="DNVRng">356.141333333333</dst>
            <dst id="HSTNng">144.533333333333</dst>
            <dst id="IPLSng">1082.192</dst>
            <dst id="KSCYng">1189.82133333333</dst>
            <dst id="LOSAng">1226.81866666667</dst>
            <dst id="NYCMng">146.085333333333</dst>
            <dst id="SNVAng">177.632</dst>
            <dst id="STTLng">26.6666666666667</dst>
            <dst id="WASHng">1717.60533333333</dst>
        </src>
        <src id="ATLAng">
            <dst id="ATLA-M5">678.050666666667</dst>
            <dst id="ATLAng">23281.6773333333</dst>
            <dst id="CHINng">23675.0746666667</dst>
            <dst id="DNVRng">12161.6746666667</dst>
            <dst id="HSTNng">1923.224</dst>
            <dst id="IPLSng">22570.5573333333</dst>
            <dst id="KSCYng">4050.096</dst>
            <dst id="LOSAng">33410.1333333333</dst>
            <dst id="NYCMng">9521.31466666667</dst>
            <dst id="SNVAng">2032.92133333333</dst>
            <dst id="STTLng">6732.16</dst>
            <dst id="WASHng">37232.752</dst>
        </src>
        <src id="CHINng">
            <dst id="ATLA-M5">1382.168</dst>
            <dst id="ATLAng">67794.3573333333</dst>
            <dst id="CHINng">97040.1066666667</dst>
            <dst id="DNVRng">26238.5466666667</dst>
            <dst id="HSTNng">58529.1946666667</dst>
            <dst id="IPLSng">72489.8506666667</dst>
            <dst id="KSCYng">15795.3973333333</dst>
            <dst id="LOSAng">60244.1813333333</dst>
            <dst id="NYCMng">40110.5706666667</dst>
            <dst id="SNVAng">4652.928</dst>
            <dst id="STTLng">15774.5893333333</dst>
            <dst id="WASHng">41553.0613333333</dst>
        </src>
        <src id="DNVRng">
            <dst id="ATLA-M5">180.970666666667</dst>
            <dst id="ATLAng">6671.08</dst>
            <dst id="CHINng">75154.152</dst>
            <dst id="DNVRng">7753.86666666667</dst>
            <dst id="HSTNng">12568.7653333333</dst>
            <dst id="IPLSng">28832.16</dst>
            <dst id="KSCYng">10208.5226666667</dst>
            <dst id="LOSAng">53555.8346666667</dst>
            <dst id="NYCMng">23900.944</dst>
            <dst id="SNVAng">6600.71733333333</dst>
            <dst id="STTLng">10511.5306666667</dst>
            <dst id="WASHng">55015.1333333333</dst>
        </src>
        <src id="HSTNng">
            <dst id="ATLA-M5">2096.65333333333</dst>
            <dst id="ATLAng">3798.02933333333</dst>
            <dst id="CHINng">25553.032</dst>
            <dst id="DNVRng">5705.24</dst>
            <dst id="HSTNng">9901.04266666667</dst>
            <dst id="IPLSng">9220.20533333334</dst>
            <dst id="KSCYng">3025.92</dst>
            <dst id="LOSAng">7510.07466666667</dst>
            <dst id="NYCMng">7849.41066666666</dst>
            <dst id="SNVAng">2097.976</dst>
            <dst id="STTLng">3522.63733333333</dst>
            <dst id="WASHng">6040.24533333333</dst>
        </src>
        <src id="IPLSng">
            <dst id="ATLA-M5">681.312</dst>
            <dst id="ATLAng">41653.9866666667</dst>
            <dst id="CHINng">118621.165333333</dst>
            <dst id="DNVRng">31297.3973333333</dst>
            <dst id="HSTNng">6153.95733333333</dst>
            <dst id="IPLSng">23950.6293333333</dst>
            <dst id="KSCYng">11145.704</dst>
            <dst id="LOSAng">46478.2106666667</dst>
            <dst id="NYCMng">90007.336</dst>
            <dst id="SNVAng">2646.30933333333</dst>
            <dst id="STTLng">17646.912</dst>
            <dst id="WASHng">43231.752</dst>
        </src>
        <src id="KSCYng">
            <dst id="ATLA-M5">838.549333333333</dst>
            <dst id="ATLAng">9473.60266666667</dst>
            <dst id="CHINng">24398.7386666667</dst>
            <dst id="DNVRng">14125.128</dst>
            <dst id="HSTNng">6878.00266666667</dst>
            <dst id="IPLSng">12336.56</dst>
            <dst id="KSCYng">8397.83733333333</dst>
            <dst id="LOSAng">11827.4213333333</dst>
            <dst id="NYCMng">5699.47466666667</dst>
            <dst id="SNVAng">2721.11466666667</dst>
            <dst id="STTLng">2983.85333333333</dst>
            <dst id="WASHng">24525.192</dst>
        </src>
        <src id="LOSAng">
            <dst id="ATLA-M5">2161.904</dst>
            <dst id="ATLAng">22614.5013333333</dst>
            <dst id="CHINng">86312.4346666667</dst>
            <dst id="DNVRng">20829.6453333333</dst>
            <dst id="HSTNng">7354.23733333333</dst>
            <dst id="IPLSng">38168.544</dst>
            <dst id="KSCYng">11418.848</dst>
            <dst id="LOSAng">13985.7653333333</dst>
            <dst id="NYCMng">60931.744</dst>
            <dst id="SNVAng">8709.096</dst>
            <dst id="STTLng">32186.0133333333</dst>
            <dst id="WASHng">151778.170666667</dst>
        </src>
        <src id="NYCMng">
            <dst id="ATLA-M5">988.802666666667</dst>
            <dst id="ATLAng">39370.8186666667</dst>
            <dst id="CHINng">62504.1866666667</dst>
            <dst id="DNVRng">50852.2613333333</dst>
            <dst id="HSTNng">17272.1226666667</dst>
            <dst id="IPLSng">73820.416</dst>
            <dst id="KSCYng">28371.6666666667</dst>
            <dst id="LOSAng">81206.92</dst>
            <dst id="NYCMng">227406.994666667</dst>
            <dst id="SNVAng">10829.0826666667</dst>
            <dst id="STTLng">25605.4266666667</dst>
            <dst id="WASHng">121153.472</dst>
        </src>
        <src id="SNVAng">
            <dst id="ATLA-M5">26.6666666666667</dst>
            <dst id="ATLAng">239.248</dst>
            <dst id="CHINng">1656.008</dst>
            <dst id="DNVRng">23432.9013333333</dst>
            <dst id="HSTNng">311.858666666667</dst>
            <dst id="IPLSng">6932.784</dst>
            <dst id="KSCYng">748.050666666667</dst>
            <dst id="LOSAng">60695.7573333333</dst>
            <dst id="NYCMng">1133.872</dst>
            <dst id="SNVAng">23643.432</dst>
            <dst id="STTLng">63517.7333333333</dst>
            <dst id="WASHng">1343.568</dst>
        </src>
        <src id="STTLng">
            <dst id="ATLA-M5">184.493333333333</dst>
            <dst id="ATLAng">11547.2506666667</dst>
            <dst id="CHINng">17231.8853333333</dst>
            <dst id="DNVRng">5968.096</dst>
            <dst id="HSTNng">10118.9226666667</dst>
            <dst id="IPLSng">9757.848</dst>
            <dst id="KSCYng">3746.584</dst>
            <dst id="LOSAng">30816.0053333333</dst>
            <dst id="NYCMng">5864.63466666667</dst>
            <dst id="SNVAng">3867.97333333333</dst>
            <dst id="STTLng">1486.62133333333</dst>
            <dst id="WASHng">8387.928</dst>
        </src>
        <src id="WASHng">
            <dst id="ATLA-M5">596.626666666667</dst>
            <dst id="ATLAng">88384.5733333333</dst>
            <dst id="CHINng">68693.184</dst>
            <dst id="DNVRng">73416.296</dst>
            <dst id="HSTNng">22196.8533333333</dst>
            <dst id="IPLSng">51098.0586666667</dst>
            <dst id="KSCYng">23098.304</dst>
            <dst id="LOSAng">120972.602666667</dst>
            <dst id="NYCMng">181993.554666667</dst>
            <dst id="SNVAng">6314.344</dst>
            <dst id="STTLng">26649.016</dst>
            <dst id="WASHng">242962.290666667</dst>
        </src>
    </IntraTM>
</TrafficMatrixFile>
