<?xml version="1.0" encoding="ISO-8859-1" standalone="yes"?>
<TrafficMatrixFile xsi:noNamespaceSchemaLocation="http://totem.run.montefiore.ulg.ac.be/Schema/TrafficMatrix-v1_2.xsd" xmlns:xsi="http://www.w3.org/2001/XMLSchema-instance">
    <IntraTM ASID="11537">
        <src id="ATLA-M5">
            <dst id="ATLA-M5">143.896</dst>
            <dst id="ATLAng">106.666666666667</dst>
            <dst id="CHINng">509.754666666667</dst>
            <dst id="DNVRng">305.746666666667</dst>
            <dst id="HSTNng">26.6666666666667</dst>
            <dst id="IPLSng">1436.92533333333</dst>
            <dst id="KSCYng">179.213333333333</dst>
            <dst id="LOSAng">399.290666666667</dst>
            <dst id="NYCMng">1195.43733333333</dst>
            <dst id="SNVAng">162.848</dst>
            <dst id="STTLng">125.621333333333</dst>
            <dst id="WASHng">567.018666666667</dst>
        </src>
        <src id="ATLAng">
            <dst id="ATLA-M5">1770.16533333333</dst>
            <dst id="ATLAng">40719.72</dst>
            <dst id="CHINng">18189.2853333333</dst>
            <dst id="DNVRng">5333.73066666667</dst>
            <dst id="HSTNng">10903.3013333333</dst>
            <dst id="IPLSng">25087.2933333333</dst>
            <dst id="KSCYng">1894.58933333333</dst>
            <dst id="LOSAng">25342.3893333333</dst>
            <dst id="NYCMng">10271.808</dst>
            <dst id="SNVAng">534.026666666667</dst>
            <dst id="STTLng">3591.30133333333</dst>
            <dst id="WASHng">41986.4</dst>
        </src>
        <src id="CHINng">
            <dst id="ATLA-M5">1326.088</dst>
            <dst id="ATLAng">25618.3333333333</dst>
            <dst id="CHINng">99092.152</dst>
            <dst id="DNVRng">26953.616</dst>
            <dst id="HSTNng">55246.9013333333</dst>
            <dst id="IPLSng">68963.632</dst>
            <dst id="KSCYng">15082.9466666667</dst>
            <dst id="LOSAng">2056113.36</dst>
            <dst id="NYCMng">23670.4453333333</dst>
            <dst id="SNVAng">3145.52266666667</dst>
            <dst id="STTLng">12036.7413333333</dst>
            <dst id="WASHng">36409.0693333333</dst>
        </src>
        <src id="DNVRng">
            <dst id="ATLA-M5">258.242666666667</dst>
            <dst id="ATLAng">5711.18933333333</dst>
            <dst id="CHINng">65039.8133333333</dst>
            <dst id="DNVRng">17174.416</dst>
            <dst id="HSTNng">18281.3066666667</dst>
            <dst id="IPLSng">38939.8213333333</dst>
            <dst id="KSCYng">16243.7466666667</dst>
            <dst id="LOSAng">7758.06666666667</dst>
            <dst id="NYCMng">18643.5306666667</dst>
            <dst id="SNVAng">8755.66666666667</dst>
            <dst id="STTLng">9649.32</dst>
            <dst id="WASHng">45235.6346666667</dst>
        </src>
        <src id="HSTNng">
            <dst id="ATLA-M5">682.544</dst>
            <dst id="ATLAng">3802.152</dst>
            <dst id="CHINng">26327.6053333333</dst>
            <dst id="DNVRng">3796.64533333333</dst>
            <dst id="HSTNng">10604.1813333333</dst>
            <dst id="IPLSng">5546.912</dst>
            <dst id="KSCYng">3810.01066666667</dst>
            <dst id="LOSAng">22143.9333333333</dst>
            <dst id="NYCMng">5976.36533333333</dst>
            <dst id="SNVAng">1359.60266666667</dst>
            <dst id="STTLng">3787.264</dst>
            <dst id="WASHng">14118.792</dst>
        </src>
        <src id="IPLSng">
            <dst id="ATLA-M5">1786.63466666667</dst>
            <dst id="ATLAng">18277.952</dst>
            <dst id="CHINng">119009.664</dst>
            <dst id="DNVRng">32210.0213333333</dst>
            <dst id="HSTNng">9639.784</dst>
            <dst id="IPLSng">14762.2586666667</dst>
            <dst id="KSCYng">7607.112</dst>
            <dst id="LOSAng">70666.9066666667</dst>
            <dst id="NYCMng">55930.5013333333</dst>
            <dst id="SNVAng">2133.832</dst>
            <dst id="STTLng">17410.2933333333</dst>
            <dst id="WASHng">49834.68</dst>
        </src>
        <src id="KSCYng">
            <dst id="ATLA-M5">210.082666666667</dst>
            <dst id="ATLAng">2552.264</dst>
            <dst id="CHINng">17388.9466666667</dst>
            <dst id="DNVRng">10615.616</dst>
            <dst id="HSTNng">3665.912</dst>
            <dst id="IPLSng">13848.216</dst>
            <dst id="KSCYng">9152.512</dst>
            <dst id="LOSAng">8586.68533333333</dst>
            <dst id="NYCMng">5196.16266666667</dst>
            <dst id="SNVAng">382.392</dst>
            <dst id="STTLng">2414.53866666667</dst>
            <dst id="WASHng">25984.128</dst>
        </src>
        <src id="LOSAng">
            <dst id="ATLA-M5">2263.89066666667</dst>
            <dst id="ATLAng">19110.0746666667</dst>
            <dst id="CHINng">1058456.85333333</dst>
            <dst id="DNVRng">12128.648</dst>
            <dst id="HSTNng">39389.12</dst>
            <dst id="IPLSng">39636.52</dst>
            <dst id="KSCYng">13582.5306666667</dst>
            <dst id="LOSAng">12147.5653333333</dst>
            <dst id="NYCMng">73004.4613333333</dst>
            <dst id="SNVAng">12908.4266666667</dst>
            <dst id="STTLng">26526.3466666667</dst>
            <dst id="WASHng">97299.0506666667</dst>
        </src>
        <src id="NYCMng">
            <dst id="ATLA-M5">2783.784</dst>
            <dst id="ATLAng">22868.9706666667</dst>
            <dst id="CHINng">55229.9866666667</dst>
            <dst id="DNVRng">37534.7013333333</dst>
            <dst id="HSTNng">16804.9733333333</dst>
            <dst id="IPLSng">68581.2453333333</dst>
            <dst id="KSCYng">15615.9786666667</dst>
            <dst id="LOSAng">90035.512</dst>
            <dst id="NYCMng">181947.498666667</dst>
            <dst id="SNVAng">8283.38133333333</dst>
            <dst id="STTLng">28845.096</dst>
            <dst id="WASHng">151526.88</dst>
        </src>
        <src id="SNVAng">
            <dst id="ATLA-M5">0</dst>
            <dst id="ATLAng">198.109333333333</dst>
            <dst id="CHINng">1766.40266666667</dst>
            <dst id="DNVRng">10094.848</dst>
            <dst id="HSTNng">389.528</dst>
            <dst id="IPLSng">5917.42133333333</dst>
            <dst id="KSCYng">523.24</dst>
            <dst id="LOSAng">35001.84</dst>
            <dst id="NYCMng">1307.88</dst>
            <dst id="SNVAng">19943.496</dst>
            <dst id="STTLng">60402.3786666667</dst>
            <dst id="WASHng">475.904</dst>
        </src>
        <src id="STTLng">
            <dst id="ATLA-M5">187.357333333333</dst>
            <dst id="ATLAng">11559.3386666667</dst>
            <dst id="CHINng">24655.136</dst>
            <dst id="DNVRng">5289.672</dst>
            <dst id="HSTNng">9470.92266666667</dst>
            <dst id="IPLSng">9306.02933333333</dst>
            <dst id="KSCYng">3966.95733333333</dst>
            <dst id="LOSAng">25717.584</dst>
            <dst id="NYCMng">9906.31466666667</dst>
            <dst id="SNVAng">4771.096</dst>
            <dst id="STTLng">5629.55733333333</dst>
            <dst id="WASHng">10984.2133333333</dst>
        </src>
        <src id="WASHng">
            <dst id="ATLA-M5">2328.176</dst>
            <dst id="ATLAng">99901.512</dst>
            <dst id="CHINng">69537.2533333333</dst>
            <dst id="DNVRng">52751.0213333333</dst>
            <dst id="HSTNng">24123.1626666667</dst>
            <dst id="IPLSng">69192.1973333333</dst>
            <dst id="KSCYng">10739.5653333333</dst>
            <dst id="LOSAng">112407.048</dst>
            <dst id="NYCMng">172182.552</dst>
            <dst id="SNVAng">6266.82133333333</dst>
            <dst id="STTLng">37355.7413333333</dst>
            <dst id="WASHng">314066.826666667</dst>
        </src>
    </IntraTM>
</TrafficMatrixFile>
