<?xml version="1.0" encoding="ISO-8859-1" standalone="yes"?>
<TrafficMatrixFile xsi:noNamespaceSchemaLocation="http://totem.run.montefiore.ulg.ac.be/Schema/TrafficMatrix-v1_2.xsd" xmlns:xsi="http://www.w3.org/2001/XMLSchema-instance">
    <IntraTM ASID="11537">
        <src id="ATLA-M5">
            <dst id="ATLA-M5">68.5253333333333</dst>
            <dst id="ATLAng">120.248</dst>
            <dst id="CHINng">451.416</dst>
            <dst id="DNVRng">93.776</dst>
            <dst id="HSTNng">330.829333333333</dst>
            <dst id="IPLSng">1111.28</dst>
            <dst id="KSCYng">325.042666666667</dst>
            <dst id="LOSAng">152.453333333333</dst>
            <dst id="NYCMng">193.568</dst>
            <dst id="SNVAng">129.909333333333</dst>
            <dst id="STTLng">172.373333333333</dst>
            <dst id="WASHng">849.12</dst>
        </src>
        <src id="ATLAng">
            <dst id="ATLA-M5">73.048</dst>
            <dst id="ATLAng">20230.336</dst>
            <dst id="CHINng">19399.096</dst>
            <dst id="DNVRng">6012.59733333333</dst>
            <dst id="HSTNng">10347.6293333333</dst>
            <dst id="IPLSng">23640.4346666667</dst>
            <dst id="KSCYng">1687.55733333333</dst>
            <dst id="LOSAng">18225.7706666667</dst>
            <dst id="NYCMng">6394.472</dst>
            <dst id="SNVAng">267.672</dst>
            <dst id="STTLng">4293.17866666667</dst>
            <dst id="WASHng">29874.1893333333</dst>
        </src>
        <src id="CHINng">
            <dst id="ATLA-M5">754.464</dst>
            <dst id="ATLAng">12700.2613333333</dst>
            <dst id="CHINng">86226.2026666666</dst>
            <dst id="DNVRng">22863.9813333333</dst>
            <dst id="HSTNng">59198.8506666667</dst>
            <dst id="IPLSng">62872.2346666667</dst>
            <dst id="KSCYng">25026.2453333333</dst>
            <dst id="LOSAng">2044135.28</dst>
            <dst id="NYCMng">23527.7546666667</dst>
            <dst id="SNVAng">3775.76</dst>
            <dst id="STTLng">10028.104</dst>
            <dst id="WASHng">24655.1813333333</dst>
        </src>
        <src id="DNVRng">
            <dst id="ATLA-M5">395.048</dst>
            <dst id="ATLAng">7586.34133333333</dst>
            <dst id="CHINng">76492.88</dst>
            <dst id="DNVRng">13672.1866666667</dst>
            <dst id="HSTNng">14429.1973333333</dst>
            <dst id="IPLSng">47693.4</dst>
            <dst id="KSCYng">13442.4613333333</dst>
            <dst id="LOSAng">13077.8106666667</dst>
            <dst id="NYCMng">16779.7573333333</dst>
            <dst id="SNVAng">7716.83466666667</dst>
            <dst id="STTLng">10167.6506666667</dst>
            <dst id="WASHng">44451.8933333333</dst>
        </src>
        <src id="HSTNng">
            <dst id="ATLA-M5">3442.23733333333</dst>
            <dst id="ATLAng">2860.61333333333</dst>
            <dst id="CHINng">24177.7173333333</dst>
            <dst id="DNVRng">2650.16</dst>
            <dst id="HSTNng">5856.63466666667</dst>
            <dst id="IPLSng">5355.99733333333</dst>
            <dst id="KSCYng">3133.30933333333</dst>
            <dst id="LOSAng">14676.2773333333</dst>
            <dst id="NYCMng">9093.43733333333</dst>
            <dst id="SNVAng">1614.15466666667</dst>
            <dst id="STTLng">4890.70933333333</dst>
            <dst id="WASHng">5562.192</dst>
        </src>
        <src id="IPLSng">
            <dst id="ATLA-M5">796.130666666667</dst>
            <dst id="ATLAng">14045.9093333333</dst>
            <dst id="CHINng">125102.882666667</dst>
            <dst id="DNVRng">28497.4453333333</dst>
            <dst id="HSTNng">11049.5413333333</dst>
            <dst id="IPLSng">21269.0346666667</dst>
            <dst id="KSCYng">8464.54933333333</dst>
            <dst id="LOSAng">67224.7066666667</dst>
            <dst id="NYCMng">67057.5066666667</dst>
            <dst id="SNVAng">1639.664</dst>
            <dst id="STTLng">10523.4293333333</dst>
            <dst id="WASHng">33972.872</dst>
        </src>
        <src id="KSCYng">
            <dst id="ATLA-M5">1061.02133333333</dst>
            <dst id="ATLAng">4429.296</dst>
            <dst id="CHINng">16221.4293333333</dst>
            <dst id="DNVRng">9128.48266666667</dst>
            <dst id="HSTNng">3498.36266666667</dst>
            <dst id="IPLSng">12369.1226666667</dst>
            <dst id="KSCYng">5045.36533333333</dst>
            <dst id="LOSAng">5597.784</dst>
            <dst id="NYCMng">5505.496</dst>
            <dst id="SNVAng">1898.38133333333</dst>
            <dst id="STTLng">1917.44533333333</dst>
            <dst id="WASHng">13120.4186666667</dst>
        </src>
        <src id="LOSAng">
            <dst id="ATLA-M5">1305.44</dst>
            <dst id="ATLAng">18364.456</dst>
            <dst id="CHINng">1050572.74666667</dst>
            <dst id="DNVRng">15162.1706666667</dst>
            <dst id="HSTNng">9596.28533333333</dst>
            <dst id="IPLSng">36278.696</dst>
            <dst id="KSCYng">8929.312</dst>
            <dst id="LOSAng">12036.752</dst>
            <dst id="NYCMng">81513.488</dst>
            <dst id="SNVAng">8378.46133333333</dst>
            <dst id="STTLng">23040.864</dst>
            <dst id="WASHng">85274.2186666667</dst>
        </src>
        <src id="NYCMng">
            <dst id="ATLA-M5">1335.23733333333</dst>
            <dst id="ATLAng">21887.4773333333</dst>
            <dst id="CHINng">57259.136</dst>
            <dst id="DNVRng">28995.4</dst>
            <dst id="HSTNng">18482.248</dst>
            <dst id="IPLSng">70313.1893333333</dst>
            <dst id="KSCYng">17646.8826666667</dst>
            <dst id="LOSAng">72789.9386666667</dst>
            <dst id="NYCMng">153265.890666667</dst>
            <dst id="SNVAng">4184.30933333333</dst>
            <dst id="STTLng">33599.36</dst>
            <dst id="WASHng">142467.709333333</dst>
        </src>
        <src id="SNVAng">
            <dst id="ATLA-M5">129.064</dst>
            <dst id="ATLAng">286.021333333333</dst>
            <dst id="CHINng">3361.12533333333</dst>
            <dst id="DNVRng">5615.39466666667</dst>
            <dst id="HSTNng">949.306666666667</dst>
            <dst id="IPLSng">1051.04266666667</dst>
            <dst id="KSCYng">4609.77066666667</dst>
            <dst id="LOSAng">34443.8</dst>
            <dst id="NYCMng">606.288</dst>
            <dst id="SNVAng">12026.3493333333</dst>
            <dst id="STTLng">50308.2426666667</dst>
            <dst id="WASHng">381.109333333333</dst>
        </src>
        <src id="STTLng">
            <dst id="ATLA-M5">467.669333333333</dst>
            <dst id="ATLAng">9149.896</dst>
            <dst id="CHINng">13000.3173333333</dst>
            <dst id="DNVRng">3843.72</dst>
            <dst id="HSTNng">13233.8213333333</dst>
            <dst id="IPLSng">7597.66133333333</dst>
            <dst id="KSCYng">2398.87733333333</dst>
            <dst id="LOSAng">17558.4133333333</dst>
            <dst id="NYCMng">4110.58666666667</dst>
            <dst id="SNVAng">3939.4</dst>
            <dst id="STTLng">2759.12266666667</dst>
            <dst id="WASHng">9198.14133333333</dst>
        </src>
        <src id="WASHng">
            <dst id="ATLA-M5">24644.3306666667</dst>
            <dst id="ATLAng">47584.856</dst>
            <dst id="CHINng">84564.824</dst>
            <dst id="DNVRng">52143.6266666667</dst>
            <dst id="HSTNng">15621.5813333333</dst>
            <dst id="IPLSng">52857.136</dst>
            <dst id="KSCYng">43406.9333333333</dst>
            <dst id="LOSAng">130113.432</dst>
            <dst id="NYCMng">181518.269333333</dst>
            <dst id="SNVAng">3181.984</dst>
            <dst id="STTLng">36128.9866666667</dst>
            <dst id="WASHng">297070.853333333</dst>
        </src>
    </IntraTM>
</TrafficMatrixFile>
