<?xml version="1.0" encoding="ISO-8859-1" standalone="yes"?>
<TrafficMatrixFile xsi:noNamespaceSchemaLocation="http://totem.run.montefiore.ulg.ac.be/Schema/TrafficMatrix-v1_2.xsd" xmlns:xsi="http://www.w3.org/2001/XMLSchema-instance">
    <IntraTM ASID="11537">
        <src id="ATLA-M5">
            <dst id="ATLA-M5">87.824</dst>
            <dst id="ATLAng">128.450666666667</dst>
            <dst id="CHINng">333.090666666667</dst>
            <dst id="DNVRng">58.616</dst>
            <dst id="HSTNng">465.229333333333</dst>
            <dst id="IPLSng">1206.112</dst>
            <dst id="KSCYng">116.874666666667</dst>
            <dst id="LOSAng">497.501333333333</dst>
            <dst id="NYCMng">387.733333333333</dst>
            <dst id="SNVAng">0</dst>
            <dst id="STTLng">228.501333333333</dst>
            <dst id="WASHng">556.309333333333</dst>
        </src>
        <src id="ATLAng">
            <dst id="ATLA-M5">197.84</dst>
            <dst id="ATLAng">45483.9733333333</dst>
            <dst id="CHINng">20529.3706666667</dst>
            <dst id="DNVRng">5094.072</dst>
            <dst id="HSTNng">4381.50666666667</dst>
            <dst id="IPLSng">20755.24</dst>
            <dst id="KSCYng">1719.51733333333</dst>
            <dst id="LOSAng">18693.0213333333</dst>
            <dst id="NYCMng">6547.00533333333</dst>
            <dst id="SNVAng">424.061333333333</dst>
            <dst id="STTLng">4597.97333333333</dst>
            <dst id="WASHng">32200.608</dst>
        </src>
        <src id="CHINng">
            <dst id="ATLA-M5">1008.76</dst>
            <dst id="ATLAng">17169.064</dst>
            <dst id="CHINng">85001.848</dst>
            <dst id="DNVRng">22059.9013333333</dst>
            <dst id="HSTNng">53830.1706666667</dst>
            <dst id="IPLSng">75297.3146666667</dst>
            <dst id="KSCYng">22653.912</dst>
            <dst id="LOSAng">2025319.94666667</dst>
            <dst id="NYCMng">29640.504</dst>
            <dst id="SNVAng">3033.51466666667</dst>
            <dst id="STTLng">14873.8</dst>
            <dst id="WASHng">29869.9066666667</dst>
        </src>
        <src id="DNVRng">
            <dst id="ATLA-M5">306.810666666667</dst>
            <dst id="ATLAng">8355.30666666667</dst>
            <dst id="CHINng">76510.376</dst>
            <dst id="DNVRng">14378.768</dst>
            <dst id="HSTNng">15027.1066666667</dst>
            <dst id="IPLSng">40291.168</dst>
            <dst id="KSCYng">17267.6346666667</dst>
            <dst id="LOSAng">11898.064</dst>
            <dst id="NYCMng">19343.4</dst>
            <dst id="SNVAng">10734.5493333333</dst>
            <dst id="STTLng">13728.5946666667</dst>
            <dst id="WASHng">40870.2373333333</dst>
        </src>
        <src id="HSTNng">
            <dst id="ATLA-M5">3277.13333333333</dst>
            <dst id="ATLAng">2245.648</dst>
            <dst id="CHINng">24010.4613333333</dst>
            <dst id="DNVRng">4790.50133333333</dst>
            <dst id="HSTNng">6406.344</dst>
            <dst id="IPLSng">7071.52</dst>
            <dst id="KSCYng">3026.06933333333</dst>
            <dst id="LOSAng">10218.432</dst>
            <dst id="NYCMng">5272.66133333333</dst>
            <dst id="SNVAng">2773.664</dst>
            <dst id="STTLng">1232.288</dst>
            <dst id="WASHng">6576.52266666667</dst>
        </src>
        <src id="IPLSng">
            <dst id="ATLA-M5">682.52</dst>
            <dst id="ATLAng">16921.28</dst>
            <dst id="CHINng">107959.893333333</dst>
            <dst id="DNVRng">29555.2186666667</dst>
            <dst id="HSTNng">8558.456</dst>
            <dst id="IPLSng">18748.8826666667</dst>
            <dst id="KSCYng">9313.21866666667</dst>
            <dst id="LOSAng">71940.96</dst>
            <dst id="NYCMng">66665.6773333333</dst>
            <dst id="SNVAng">2758.08533333333</dst>
            <dst id="STTLng">12138.7413333333</dst>
            <dst id="WASHng">29950.448</dst>
        </src>
        <src id="KSCYng">
            <dst id="ATLA-M5">625.658666666667</dst>
            <dst id="ATLAng">2453.22666666667</dst>
            <dst id="CHINng">19280.5493333333</dst>
            <dst id="DNVRng">7638.552</dst>
            <dst id="HSTNng">3703.06933333333</dst>
            <dst id="IPLSng">13386.792</dst>
            <dst id="KSCYng">6662.98933333333</dst>
            <dst id="LOSAng">6327.504</dst>
            <dst id="NYCMng">5958.07733333333</dst>
            <dst id="SNVAng">1925.62933333333</dst>
            <dst id="STTLng">1678.72</dst>
            <dst id="WASHng">14991.968</dst>
        </src>
        <src id="LOSAng">
            <dst id="ATLA-M5">2679.17333333333</dst>
            <dst id="ATLAng">16159.3733333333</dst>
            <dst id="CHINng">1075113.46666667</dst>
            <dst id="DNVRng">14984.528</dst>
            <dst id="HSTNng">8473.78666666667</dst>
            <dst id="IPLSng">39328.12</dst>
            <dst id="KSCYng">10994.192</dst>
            <dst id="LOSAng">12784.6533333333</dst>
            <dst id="NYCMng">82873.5626666667</dst>
            <dst id="SNVAng">9784.63466666667</dst>
            <dst id="STTLng">22777.3733333333</dst>
            <dst id="WASHng">87044.2853333333</dst>
        </src>
        <src id="NYCMng">
            <dst id="ATLA-M5">2436.92</dst>
            <dst id="ATLAng">26210.7573333333</dst>
            <dst id="CHINng">54301.0853333333</dst>
            <dst id="DNVRng">29349.9413333333</dst>
            <dst id="HSTNng">20671.6053333333</dst>
            <dst id="IPLSng">83792.128</dst>
            <dst id="KSCYng">15291.8586666667</dst>
            <dst id="LOSAng">91871.608</dst>
            <dst id="NYCMng">157792.450666667</dst>
            <dst id="SNVAng">4895.46666666667</dst>
            <dst id="STTLng">28311.9626666667</dst>
            <dst id="WASHng">131725.984</dst>
        </src>
        <src id="SNVAng">
            <dst id="ATLA-M5">253.221333333333</dst>
            <dst id="ATLAng">317.277333333333</dst>
            <dst id="CHINng">3079.41333333333</dst>
            <dst id="DNVRng">5799.30933333333</dst>
            <dst id="HSTNng">760.136</dst>
            <dst id="IPLSng">944.714666666667</dst>
            <dst id="KSCYng">4306.54666666667</dst>
            <dst id="LOSAng">31152.8186666667</dst>
            <dst id="NYCMng">849.218666666667</dst>
            <dst id="SNVAng">12711.2373333333</dst>
            <dst id="STTLng">53417.1333333333</dst>
            <dst id="WASHng">310.645333333333</dst>
        </src>
        <src id="STTLng">
            <dst id="ATLA-M5">163.216</dst>
            <dst id="ATLAng">8395.50133333333</dst>
            <dst id="CHINng">10242.0746666667</dst>
            <dst id="DNVRng">4750.448</dst>
            <dst id="HSTNng">7978.528</dst>
            <dst id="IPLSng">10153.2693333333</dst>
            <dst id="KSCYng">2222.896</dst>
            <dst id="LOSAng">21698.216</dst>
            <dst id="NYCMng">4258.86933333333</dst>
            <dst id="SNVAng">13371.904</dst>
            <dst id="STTLng">4226.2</dst>
            <dst id="WASHng">7708.51733333333</dst>
        </src>
        <src id="WASHng">
            <dst id="ATLA-M5">7028.37333333333</dst>
            <dst id="ATLAng">61243.0826666667</dst>
            <dst id="CHINng">84301.848</dst>
            <dst id="DNVRng">58940.216</dst>
            <dst id="HSTNng">12890.3066666667</dst>
            <dst id="IPLSng">61682.3653333333</dst>
            <dst id="KSCYng">39197.4186666667</dst>
            <dst id="LOSAng">125610.912</dst>
            <dst id="NYCMng">194572.24</dst>
            <dst id="SNVAng">3535.25333333333</dst>
            <dst id="STTLng">32399.4453333333</dst>
            <dst id="WASHng">237734.565333333</dst>
        </src>
    </IntraTM>
</TrafficMatrixFile>
