<?xml version="1.0" encoding="ISO-8859-1" standalone="yes"?>
<TrafficMatrixFile xsi:noNamespaceSchemaLocation="http://totem.run.montefiore.ulg.ac.be/Schema/TrafficMatrix-v1_2.xsd" xmlns:xsi="http://www.w3.org/2001/XMLSchema-instance">
    <IntraTM ASID="11537">
        <src id="ATLA-M5">
            <dst id="ATLA-M5">59.008</dst>
            <dst id="ATLAng">63.2426666666667</dst>
            <dst id="CHINng">792.616</dst>
            <dst id="DNVRng">53.3333333333333</dst>
            <dst id="HSTNng">142.890666666667</dst>
            <dst id="IPLSng">467.978666666667</dst>
            <dst id="KSCYng">93.448</dst>
            <dst id="LOSAng">527.848</dst>
            <dst id="NYCMng">279.944</dst>
            <dst id="SNVAng">173.325333333333</dst>
            <dst id="STTLng">80</dst>
            <dst id="WASHng">1256.11466666667</dst>
        </src>
        <src id="ATLAng">
            <dst id="ATLA-M5">2385.608</dst>
            <dst id="ATLAng">50646.3653333333</dst>
            <dst id="CHINng">25710.1493333333</dst>
            <dst id="DNVRng">6204.64533333333</dst>
            <dst id="HSTNng">4550.90666666667</dst>
            <dst id="IPLSng">21673.2826666667</dst>
            <dst id="KSCYng">2026.57333333333</dst>
            <dst id="LOSAng">19604.408</dst>
            <dst id="NYCMng">13462.1253333333</dst>
            <dst id="SNVAng">711.674666666666</dst>
            <dst id="STTLng">4641.23733333333</dst>
            <dst id="WASHng">34085.136</dst>
        </src>
        <src id="CHINng">
            <dst id="ATLA-M5">1063.24533333333</dst>
            <dst id="ATLAng">24852.816</dst>
            <dst id="CHINng">96862.112</dst>
            <dst id="DNVRng">20493.1413333333</dst>
            <dst id="HSTNng">47572.056</dst>
            <dst id="IPLSng">68156.0026666667</dst>
            <dst id="KSCYng">18576.7493333333</dst>
            <dst id="LOSAng">2014145.57333333</dst>
            <dst id="NYCMng">36386.0933333333</dst>
            <dst id="SNVAng">2964.58133333333</dst>
            <dst id="STTLng">25708.0026666667</dst>
            <dst id="WASHng">34211.264</dst>
        </src>
        <src id="DNVRng">
            <dst id="ATLA-M5">674.568</dst>
            <dst id="ATLAng">7454.64533333333</dst>
            <dst id="CHINng">65546.2293333333</dst>
            <dst id="DNVRng">15103.6506666667</dst>
            <dst id="HSTNng">14783.5413333333</dst>
            <dst id="IPLSng">38690.7173333333</dst>
            <dst id="KSCYng">15637.3226666667</dst>
            <dst id="LOSAng">13109.0133333333</dst>
            <dst id="NYCMng">21823.2906666667</dst>
            <dst id="SNVAng">10549.0053333333</dst>
            <dst id="STTLng">10826.4906666667</dst>
            <dst id="WASHng">44008.624</dst>
        </src>
        <src id="HSTNng">
            <dst id="ATLA-M5">1110.06666666667</dst>
            <dst id="ATLAng">2924.472</dst>
            <dst id="CHINng">16139.9173333333</dst>
            <dst id="DNVRng">2038.65866666667</dst>
            <dst id="HSTNng">6503.75466666667</dst>
            <dst id="IPLSng">5163</dst>
            <dst id="KSCYng">4082.38933333333</dst>
            <dst id="LOSAng">5308.09866666667</dst>
            <dst id="NYCMng">4004.31466666667</dst>
            <dst id="SNVAng">1697.92266666667</dst>
            <dst id="STTLng">2682.29066666667</dst>
            <dst id="WASHng">11136.704</dst>
        </src>
        <src id="IPLSng">
            <dst id="ATLA-M5">1321.88</dst>
            <dst id="ATLAng">16991.6266666667</dst>
            <dst id="CHINng">101640.304</dst>
            <dst id="DNVRng">21535.088</dst>
            <dst id="HSTNng">7555.64266666667</dst>
            <dst id="IPLSng">30578.184</dst>
            <dst id="KSCYng">9766.544</dst>
            <dst id="LOSAng">71869.6293333333</dst>
            <dst id="NYCMng">85543.7493333333</dst>
            <dst id="SNVAng">3848.13333333333</dst>
            <dst id="STTLng">12127.8133333333</dst>
            <dst id="WASHng">39993.704</dst>
        </src>
        <src id="KSCYng">
            <dst id="ATLA-M5">152.189333333333</dst>
            <dst id="ATLAng">3252.21333333333</dst>
            <dst id="CHINng">20498.6666666667</dst>
            <dst id="DNVRng">9393.50933333333</dst>
            <dst id="HSTNng">3835.39466666667</dst>
            <dst id="IPLSng">12865.8986666667</dst>
            <dst id="KSCYng">7047.74133333334</dst>
            <dst id="LOSAng">6264.58933333333</dst>
            <dst id="NYCMng">3186.52266666667</dst>
            <dst id="SNVAng">293.341333333333</dst>
            <dst id="STTLng">2523.02133333333</dst>
            <dst id="WASHng">15378.3093333333</dst>
        </src>
        <src id="LOSAng">
            <dst id="ATLA-M5">2251.576</dst>
            <dst id="ATLAng">19645.5973333333</dst>
            <dst id="CHINng">459736.133333333</dst>
            <dst id="DNVRng">16910.8426666667</dst>
            <dst id="HSTNng">17601.7706666667</dst>
            <dst id="IPLSng">38344.3706666667</dst>
            <dst id="KSCYng">10155.0266666667</dst>
            <dst id="LOSAng">13564.6186666667</dst>
            <dst id="NYCMng">80184.4426666667</dst>
            <dst id="SNVAng">14059.192</dst>
            <dst id="STTLng">23206.1866666667</dst>
            <dst id="WASHng">87644.584</dst>
        </src>
        <src id="NYCMng">
            <dst id="ATLA-M5">2428.96533333333</dst>
            <dst id="ATLAng">22062.2506666667</dst>
            <dst id="CHINng">41218.3813333333</dst>
            <dst id="DNVRng">30190.6773333333</dst>
            <dst id="HSTNng">19813.6053333333</dst>
            <dst id="IPLSng">85289.4453333333</dst>
            <dst id="KSCYng">22037.5093333333</dst>
            <dst id="LOSAng">79995.7626666667</dst>
            <dst id="NYCMng">188253.749333333</dst>
            <dst id="SNVAng">2981.58133333333</dst>
            <dst id="STTLng">23178.7333333333</dst>
            <dst id="WASHng">93029.4506666667</dst>
        </src>
        <src id="SNVAng">
            <dst id="ATLA-M5">0</dst>
            <dst id="ATLAng">1057.00533333333</dst>
            <dst id="CHINng">849.258666666667</dst>
            <dst id="DNVRng">4608.81333333333</dst>
            <dst id="HSTNng">463.4</dst>
            <dst id="IPLSng">9970.52533333334</dst>
            <dst id="KSCYng">4557.44266666667</dst>
            <dst id="LOSAng">34528.6133333333</dst>
            <dst id="NYCMng">1046.512</dst>
            <dst id="SNVAng">19186.9813333333</dst>
            <dst id="STTLng">54904.376</dst>
            <dst id="WASHng">235.346666666667</dst>
        </src>
        <src id="STTLng">
            <dst id="ATLA-M5">623.981333333333</dst>
            <dst id="ATLAng">8667.2</dst>
            <dst id="CHINng">16486.8053333333</dst>
            <dst id="DNVRng">2599.06666666667</dst>
            <dst id="HSTNng">6145.59466666667</dst>
            <dst id="IPLSng">11711.696</dst>
            <dst id="KSCYng">2774.22666666667</dst>
            <dst id="LOSAng">26293.192</dst>
            <dst id="NYCMng">6063.73066666667</dst>
            <dst id="SNVAng">7409.184</dst>
            <dst id="STTLng">5193.864</dst>
            <dst id="WASHng">7345.58133333333</dst>
        </src>
        <src id="WASHng">
            <dst id="ATLA-M5">2507.544</dst>
            <dst id="ATLAng">76841.8106666667</dst>
            <dst id="CHINng">63321.4346666667</dst>
            <dst id="DNVRng">46889.12</dst>
            <dst id="HSTNng">18536.4293333333</dst>
            <dst id="IPLSng">58913.5626666667</dst>
            <dst id="KSCYng">12671.4933333333</dst>
            <dst id="LOSAng">113385.418666667</dst>
            <dst id="NYCMng">163663.810666667</dst>
            <dst id="SNVAng">5549.90933333333</dst>
            <dst id="STTLng">26890.84</dst>
            <dst id="WASHng">225596.824</dst>
        </src>
    </IntraTM>
</TrafficMatrixFile>
