<?xml version="1.0" encoding="ISO-8859-1" standalone="yes"?>
<TrafficMatrixFile xsi:noNamespaceSchemaLocation="http://totem.run.montefiore.ulg.ac.be/Schema/TrafficMatrix-v1_2.xsd" xmlns:xsi="http://www.w3.org/2001/XMLSchema-instance">
    <IntraTM ASID="11537">
        <src id="ATLA-M5">
            <dst id="ATLA-M5">1273.16</dst>
            <dst id="ATLAng">0</dst>
            <dst id="CHINng">263.861333333333</dst>
            <dst id="DNVRng">53.3333333333333</dst>
            <dst id="HSTNng">91.2</dst>
            <dst id="IPLSng">382.866666666667</dst>
            <dst id="KSCYng">26.6666666666667</dst>
            <dst id="LOSAng">53.3333333333333</dst>
            <dst id="NYCMng">230.194666666667</dst>
            <dst id="SNVAng">0</dst>
            <dst id="STTLng">27.4826666666667</dst>
            <dst id="WASHng">1143.144</dst>
        </src>
        <src id="ATLAng">
            <dst id="ATLA-M5">244.205333333333</dst>
            <dst id="ATLAng">31079.1226666667</dst>
            <dst id="CHINng">13546.472</dst>
            <dst id="DNVRng">3480.432</dst>
            <dst id="HSTNng">1569.65866666667</dst>
            <dst id="IPLSng">13981.8293333333</dst>
            <dst id="KSCYng">2554.888</dst>
            <dst id="LOSAng">35799.1866666667</dst>
            <dst id="NYCMng">8640.064</dst>
            <dst id="SNVAng">303.749333333333</dst>
            <dst id="STTLng">4908.416</dst>
            <dst id="WASHng">38257.4346666667</dst>
        </src>
        <src id="CHINng">
            <dst id="ATLA-M5">1093.94666666667</dst>
            <dst id="ATLAng">16311.144</dst>
            <dst id="CHINng">110232.605333333</dst>
            <dst id="DNVRng">16358.36</dst>
            <dst id="HSTNng">44821.4666666667</dst>
            <dst id="IPLSng">28470.2506666667</dst>
            <dst id="KSCYng">13557.664</dst>
            <dst id="LOSAng">43084.4586666667</dst>
            <dst id="NYCMng">17132.9546666667</dst>
            <dst id="SNVAng">1467.89866666667</dst>
            <dst id="STTLng">11633.6106666667</dst>
            <dst id="WASHng">31693.312</dst>
        </src>
        <src id="DNVRng">
            <dst id="ATLA-M5">66.9866666666667</dst>
            <dst id="ATLAng">4696.25066666667</dst>
            <dst id="CHINng">69163.776</dst>
            <dst id="DNVRng">9412.04</dst>
            <dst id="HSTNng">11663.168</dst>
            <dst id="IPLSng">34087.8693333333</dst>
            <dst id="KSCYng">16065.6</dst>
            <dst id="LOSAng">4687.97066666667</dst>
            <dst id="NYCMng">13297.3306666667</dst>
            <dst id="SNVAng">7697.58666666667</dst>
            <dst id="STTLng">8751.336</dst>
            <dst id="WASHng">40585.7973333333</dst>
        </src>
        <src id="HSTNng">
            <dst id="ATLA-M5">659.661333333333</dst>
            <dst id="ATLAng">3564.048</dst>
            <dst id="CHINng">20263.1333333333</dst>
            <dst id="DNVRng">1797.31733333333</dst>
            <dst id="HSTNng">7170.67466666667</dst>
            <dst id="IPLSng">2227.72266666667</dst>
            <dst id="KSCYng">1715.10933333333</dst>
            <dst id="LOSAng">3011.384</dst>
            <dst id="NYCMng">4951.136</dst>
            <dst id="SNVAng">507.496</dst>
            <dst id="STTLng">1107.07466666667</dst>
            <dst id="WASHng">4568.528</dst>
        </src>
        <src id="IPLSng">
            <dst id="ATLA-M5">854.834666666667</dst>
            <dst id="ATLAng">15016.6213333333</dst>
            <dst id="CHINng">102539.333333333</dst>
            <dst id="DNVRng">35770.152</dst>
            <dst id="HSTNng">3016.26133333333</dst>
            <dst id="IPLSng">12962.1813333333</dst>
            <dst id="KSCYng">10573.84</dst>
            <dst id="LOSAng">28581.3466666667</dst>
            <dst id="NYCMng">19342.9253333333</dst>
            <dst id="SNVAng">927.314666666667</dst>
            <dst id="STTLng">18971.0106666667</dst>
            <dst id="WASHng">33146.9973333333</dst>
        </src>
        <src id="KSCYng">
            <dst id="ATLA-M5">53.3333333333333</dst>
            <dst id="ATLAng">1953.73866666667</dst>
            <dst id="CHINng">26570.672</dst>
            <dst id="DNVRng">15503.952</dst>
            <dst id="HSTNng">14773.9413333333</dst>
            <dst id="IPLSng">15372.32</dst>
            <dst id="KSCYng">6582.616</dst>
            <dst id="LOSAng">7361.13866666667</dst>
            <dst id="NYCMng">2925.72</dst>
            <dst id="SNVAng">365.018666666667</dst>
            <dst id="STTLng">1751.98933333333</dst>
            <dst id="WASHng">10608.136</dst>
        </src>
        <src id="LOSAng">
            <dst id="ATLA-M5">1021.24</dst>
            <dst id="ATLAng">11822.7706666667</dst>
            <dst id="CHINng">71414.9973333333</dst>
            <dst id="DNVRng">5565.95733333333</dst>
            <dst id="HSTNng">3964.49333333333</dst>
            <dst id="IPLSng">22113.6693333333</dst>
            <dst id="KSCYng">8875.66133333333</dst>
            <dst id="LOSAng">12527.4293333333</dst>
            <dst id="NYCMng">67875.792</dst>
            <dst id="SNVAng">8069.05333333333</dst>
            <dst id="STTLng">17296.744</dst>
            <dst id="WASHng">132540.765333333</dst>
        </src>
        <src id="NYCMng">
            <dst id="ATLA-M5">1371.29066666667</dst>
            <dst id="ATLAng">23606.1306666667</dst>
            <dst id="CHINng">46418.264</dst>
            <dst id="DNVRng">36963.432</dst>
            <dst id="HSTNng">7064.38666666667</dst>
            <dst id="IPLSng">38958.8293333333</dst>
            <dst id="KSCYng">13804.1973333333</dst>
            <dst id="LOSAng">69650.088</dst>
            <dst id="NYCMng">132352.944</dst>
            <dst id="SNVAng">2437.432</dst>
            <dst id="STTLng">24050.3813333333</dst>
            <dst id="WASHng">92766.6933333333</dst>
        </src>
        <src id="SNVAng">
            <dst id="ATLA-M5">0</dst>
            <dst id="ATLAng">107.493333333333</dst>
            <dst id="CHINng">220.746666666667</dst>
            <dst id="DNVRng">14393.4426666667</dst>
            <dst id="HSTNng">26.6666666666667</dst>
            <dst id="IPLSng">229.392</dst>
            <dst id="KSCYng">53.728</dst>
            <dst id="LOSAng">34984.768</dst>
            <dst id="NYCMng">477.245333333334</dst>
            <dst id="SNVAng">14720.4613333333</dst>
            <dst id="STTLng">51927.528</dst>
            <dst id="WASHng">157.032</dst>
        </src>
        <src id="STTLng">
            <dst id="ATLA-M5">53.3333333333333</dst>
            <dst id="ATLAng">7082.28266666667</dst>
            <dst id="CHINng">17709.224</dst>
            <dst id="DNVRng">1468.352</dst>
            <dst id="HSTNng">6606.504</dst>
            <dst id="IPLSng">4026.66133333333</dst>
            <dst id="KSCYng">3465.72266666667</dst>
            <dst id="LOSAng">12345.0773333333</dst>
            <dst id="NYCMng">7093.47733333333</dst>
            <dst id="SNVAng">1444.32533333333</dst>
            <dst id="STTLng">5727.49333333333</dst>
            <dst id="WASHng">4509.48266666667</dst>
        </src>
        <src id="WASHng">
            <dst id="ATLA-M5">559.661333333333</dst>
            <dst id="ATLAng">86579.5146666667</dst>
            <dst id="CHINng">63838.232</dst>
            <dst id="DNVRng">53303.104</dst>
            <dst id="HSTNng">22383.1066666667</dst>
            <dst id="IPLSng">59776.1946666667</dst>
            <dst id="KSCYng">12010.4426666667</dst>
            <dst id="LOSAng">96497.496</dst>
            <dst id="NYCMng">140888.165333333</dst>
            <dst id="SNVAng">1027.168</dst>
            <dst id="STTLng">27471.296</dst>
            <dst id="WASHng">239837.306666667</dst>
        </src>
    </IntraTM>
</TrafficMatrixFile>
