<?xml version="1.0" encoding="ISO-8859-1" standalone="yes"?>
<TrafficMatrixFile xsi:noNamespaceSchemaLocation="http://totem.run.montefiore.ulg.ac.be/Schema/TrafficMatrix-v1_2.xsd" xmlns:xsi="http://www.w3.org/2001/XMLSchema-instance">
    <IntraTM ASID="11537">
        <src id="ATLA-M5">
            <dst id="ATLA-M5">1084.68533333333</dst>
            <dst id="ATLAng">166.76</dst>
            <dst id="CHINng">2938.09333333333</dst>
            <dst id="DNVRng">169.432</dst>
            <dst id="HSTNng">53.3333333333333</dst>
            <dst id="IPLSng">157.669333333333</dst>
            <dst id="KSCYng">107.242666666667</dst>
            <dst id="LOSAng">454.64</dst>
            <dst id="NYCMng">138.962666666667</dst>
            <dst id="SNVAng">0</dst>
            <dst id="STTLng">56.4453333333333</dst>
            <dst id="WASHng">5715.46133333334</dst>
        </src>
        <src id="ATLAng">
            <dst id="ATLA-M5">160.874666666667</dst>
            <dst id="ATLAng">28688.6026666667</dst>
            <dst id="CHINng">16007.0586666667</dst>
            <dst id="DNVRng">3029.94133333333</dst>
            <dst id="HSTNng">2141.81333333333</dst>
            <dst id="IPLSng">15889.5173333333</dst>
            <dst id="KSCYng">2145.50666666667</dst>
            <dst id="LOSAng">27398.8853333333</dst>
            <dst id="NYCMng">9376.67466666667</dst>
            <dst id="SNVAng">4527.528</dst>
            <dst id="STTLng">4724.12</dst>
            <dst id="WASHng">37136.256</dst>
        </src>
        <src id="CHINng">
            <dst id="ATLA-M5">592.250666666667</dst>
            <dst id="ATLAng">22456.3786666667</dst>
            <dst id="CHINng">105480.256</dst>
            <dst id="DNVRng">22976.304</dst>
            <dst id="HSTNng">51058.6106666667</dst>
            <dst id="IPLSng">47678.5573333333</dst>
            <dst id="KSCYng">20423.376</dst>
            <dst id="LOSAng">43316.0693333333</dst>
            <dst id="NYCMng">19922.52</dst>
            <dst id="SNVAng">2086.50666666667</dst>
            <dst id="STTLng">12713.048</dst>
            <dst id="WASHng">36252.9813333333</dst>
        </src>
        <src id="DNVRng">
            <dst id="ATLA-M5">119.429333333333</dst>
            <dst id="ATLAng">6612.872</dst>
            <dst id="CHINng">60544.824</dst>
            <dst id="DNVRng">22139.528</dst>
            <dst id="HSTNng">12545.3493333333</dst>
            <dst id="IPLSng">30044.4666666667</dst>
            <dst id="KSCYng">14991.1093333333</dst>
            <dst id="LOSAng">6707.92533333333</dst>
            <dst id="NYCMng">25538.5146666667</dst>
            <dst id="SNVAng">12222.1893333333</dst>
            <dst id="STTLng">11105.136</dst>
            <dst id="WASHng">49927.9386666667</dst>
        </src>
        <src id="HSTNng">
            <dst id="ATLA-M5">280.770666666667</dst>
            <dst id="ATLAng">2155.24266666667</dst>
            <dst id="CHINng">16959.0693333333</dst>
            <dst id="DNVRng">1429.256</dst>
            <dst id="HSTNng">5957.568</dst>
            <dst id="IPLSng">2501.82666666667</dst>
            <dst id="KSCYng">2811.128</dst>
            <dst id="LOSAng">3529.55466666667</dst>
            <dst id="NYCMng">5607.488</dst>
            <dst id="SNVAng">609.728</dst>
            <dst id="STTLng">1043.312</dst>
            <dst id="WASHng">8926.80266666666</dst>
        </src>
        <src id="IPLSng">
            <dst id="ATLA-M5">293.314666666667</dst>
            <dst id="ATLAng">17231.928</dst>
            <dst id="CHINng">95699.0933333333</dst>
            <dst id="DNVRng">20599.6133333333</dst>
            <dst id="HSTNng">3485.26133333333</dst>
            <dst id="IPLSng">22270.5466666667</dst>
            <dst id="KSCYng">9812.03466666667</dst>
            <dst id="LOSAng">32467.552</dst>
            <dst id="NYCMng">40594.6293333333</dst>
            <dst id="SNVAng">1055.112</dst>
            <dst id="STTLng">9848.77066666667</dst>
            <dst id="WASHng">47656.752</dst>
        </src>
        <src id="KSCYng">
            <dst id="ATLA-M5">970.221333333333</dst>
            <dst id="ATLAng">2366.93333333333</dst>
            <dst id="CHINng">24295.464</dst>
            <dst id="DNVRng">16088.0853333333</dst>
            <dst id="HSTNng">3427.02133333333</dst>
            <dst id="IPLSng">26889.9066666667</dst>
            <dst id="KSCYng">7552.46133333333</dst>
            <dst id="LOSAng">9234.45866666667</dst>
            <dst id="NYCMng">10578.0213333333</dst>
            <dst id="SNVAng">653.298666666667</dst>
            <dst id="STTLng">1920.12266666667</dst>
            <dst id="WASHng">16288.184</dst>
        </src>
        <src id="LOSAng">
            <dst id="ATLA-M5">2926.86666666667</dst>
            <dst id="ATLAng">22615.24</dst>
            <dst id="CHINng">1091550.26666667</dst>
            <dst id="DNVRng">8783.90666666667</dst>
            <dst id="HSTNng">15069.9413333333</dst>
            <dst id="IPLSng">79847.0533333333</dst>
            <dst id="KSCYng">13327.688</dst>
            <dst id="LOSAng">11880.0106666667</dst>
            <dst id="NYCMng">83461.3413333333</dst>
            <dst id="SNVAng">16691.648</dst>
            <dst id="STTLng">23478.36</dst>
            <dst id="WASHng">150630.042666667</dst>
        </src>
        <src id="NYCMng">
            <dst id="ATLA-M5">4153.24533333333</dst>
            <dst id="ATLAng">25021.544</dst>
            <dst id="CHINng">50561.3333333333</dst>
            <dst id="DNVRng">33476.6746666667</dst>
            <dst id="HSTNng">9769.424</dst>
            <dst id="IPLSng">62243.5626666667</dst>
            <dst id="KSCYng">18688.96</dst>
            <dst id="LOSAng">47952.864</dst>
            <dst id="NYCMng">235921.776</dst>
            <dst id="SNVAng">2927.64</dst>
            <dst id="STTLng">18893.752</dst>
            <dst id="WASHng">111304.634666667</dst>
        </src>
        <src id="SNVAng">
            <dst id="ATLA-M5">26.6666666666667</dst>
            <dst id="ATLAng">394.594666666667</dst>
            <dst id="CHINng">937.68</dst>
            <dst id="DNVRng">12236.736</dst>
            <dst id="HSTNng">453.858666666667</dst>
            <dst id="IPLSng">585.053333333333</dst>
            <dst id="KSCYng">423.136</dst>
            <dst id="LOSAng">35208.216</dst>
            <dst id="NYCMng">656.133333333333</dst>
            <dst id="SNVAng">16539.4053333333</dst>
            <dst id="STTLng">55355.5626666667</dst>
            <dst id="WASHng">1014.82666666667</dst>
        </src>
        <src id="STTLng">
            <dst id="ATLA-M5">126.368</dst>
            <dst id="ATLAng">7200.89333333333</dst>
            <dst id="CHINng">13661.8586666667</dst>
            <dst id="DNVRng">2424.74666666667</dst>
            <dst id="HSTNng">11277.9413333333</dst>
            <dst id="IPLSng">5163.87733333333</dst>
            <dst id="KSCYng">4810.65866666667</dst>
            <dst id="LOSAng">16940.304</dst>
            <dst id="NYCMng">11023.4613333333</dst>
            <dst id="SNVAng">3679.97866666667</dst>
            <dst id="STTLng">5324.51466666667</dst>
            <dst id="WASHng">7276.94666666667</dst>
        </src>
        <src id="WASHng">
            <dst id="ATLA-M5">1661.06133333333</dst>
            <dst id="ATLAng">114658.533333333</dst>
            <dst id="CHINng">89441.4506666667</dst>
            <dst id="DNVRng">49003.728</dst>
            <dst id="HSTNng">16489.9226666667</dst>
            <dst id="IPLSng">74636.072</dst>
            <dst id="KSCYng">18104.5226666667</dst>
            <dst id="LOSAng">119236.530666667</dst>
            <dst id="NYCMng">155902.845333333</dst>
            <dst id="SNVAng">1182.54666666667</dst>
            <dst id="STTLng">37740.3253333333</dst>
            <dst id="WASHng">301971.733333333</dst>
        </src>
    </IntraTM>
</TrafficMatrixFile>
