<?xml version="1.0" encoding="ISO-8859-1" standalone="yes"?>
<TrafficMatrixFile xsi:noNamespaceSchemaLocation="http://totem.run.montefiore.ulg.ac.be/Schema/TrafficMatrix-v1_2.xsd" xmlns:xsi="http://www.w3.org/2001/XMLSchema-instance">
    <IntraTM ASID="11537">
        <src id="ATLA-M5">
            <dst id="ATLA-M5">0</dst>
            <dst id="ATLAng">623.125333333333</dst>
            <dst id="CHINng">429.802666666667</dst>
            <dst id="DNVRng">279.882666666667</dst>
            <dst id="HSTNng">543.842666666667</dst>
            <dst id="IPLSng">1124.58666666667</dst>
            <dst id="KSCYng">0</dst>
            <dst id="LOSAng">831.696</dst>
            <dst id="NYCMng">1977.85866666667</dst>
            <dst id="SNVAng">117.930666666667</dst>
            <dst id="STTLng">290.666666666667</dst>
            <dst id="WASHng">2219.24266666667</dst>
        </src>
        <src id="ATLAng">
            <dst id="ATLA-M5">1071.38933333333</dst>
            <dst id="ATLAng">29796.5173333333</dst>
            <dst id="CHINng">28206.472</dst>
            <dst id="DNVRng">5306.72</dst>
            <dst id="HSTNng">3253.32533333333</dst>
            <dst id="IPLSng">21530.7466666667</dst>
            <dst id="KSCYng">2053.432</dst>
            <dst id="LOSAng">21427.456</dst>
            <dst id="NYCMng">8988.51466666667</dst>
            <dst id="SNVAng">364.930666666667</dst>
            <dst id="STTLng">2912.41333333333</dst>
            <dst id="WASHng">29121.6266666667</dst>
        </src>
        <src id="CHINng">
            <dst id="ATLA-M5">2629.28</dst>
            <dst id="ATLAng">20909.232</dst>
            <dst id="CHINng">99389.6186666667</dst>
            <dst id="DNVRng">24611.008</dst>
            <dst id="HSTNng">47580.1093333333</dst>
            <dst id="IPLSng">72369.7546666667</dst>
            <dst id="KSCYng">15073.8426666667</dst>
            <dst id="LOSAng">2021747.2</dst>
            <dst id="NYCMng">24763.3733333333</dst>
            <dst id="SNVAng">3910.44533333333</dst>
            <dst id="STTLng">10373.464</dst>
            <dst id="WASHng">32787.3973333333</dst>
        </src>
        <src id="DNVRng">
            <dst id="ATLA-M5">274.376</dst>
            <dst id="ATLAng">7613.728</dst>
            <dst id="CHINng">68750.1466666667</dst>
            <dst id="DNVRng">17916.5946666667</dst>
            <dst id="HSTNng">19451.6453333333</dst>
            <dst id="IPLSng">33107.688</dst>
            <dst id="KSCYng">18240.7493333333</dst>
            <dst id="LOSAng">7881.24533333333</dst>
            <dst id="NYCMng">15712</dst>
            <dst id="SNVAng">9958.808</dst>
            <dst id="STTLng">10742.832</dst>
            <dst id="WASHng">47870.5706666667</dst>
        </src>
        <src id="HSTNng">
            <dst id="ATLA-M5">3454.648</dst>
            <dst id="ATLAng">3915.096</dst>
            <dst id="CHINng">20366.408</dst>
            <dst id="DNVRng">2972.11466666667</dst>
            <dst id="HSTNng">11347.5386666667</dst>
            <dst id="IPLSng">5222.66666666667</dst>
            <dst id="KSCYng">3069</dst>
            <dst id="LOSAng">7671.00266666667</dst>
            <dst id="NYCMng">6582.83466666667</dst>
            <dst id="SNVAng">1856.752</dst>
            <dst id="STTLng">2103.64533333333</dst>
            <dst id="WASHng">16633.1146666667</dst>
        </src>
        <src id="IPLSng">
            <dst id="ATLA-M5">1964.368</dst>
            <dst id="ATLAng">19265.2186666667</dst>
            <dst id="CHINng">125333.088</dst>
            <dst id="DNVRng">25704.8666666667</dst>
            <dst id="HSTNng">10473.424</dst>
            <dst id="IPLSng">31867.432</dst>
            <dst id="KSCYng">8425.69333333333</dst>
            <dst id="LOSAng">57476.232</dst>
            <dst id="NYCMng">45576.6506666667</dst>
            <dst id="SNVAng">9315.24</dst>
            <dst id="STTLng">10084.9253333333</dst>
            <dst id="WASHng">45147.9813333333</dst>
        </src>
        <src id="KSCYng">
            <dst id="ATLA-M5">378.165333333333</dst>
            <dst id="ATLAng">2527.272</dst>
            <dst id="CHINng">20541.3013333333</dst>
            <dst id="DNVRng">10180.1813333333</dst>
            <dst id="HSTNng">3443.18666666667</dst>
            <dst id="IPLSng">17023.12</dst>
            <dst id="KSCYng">17091.896</dst>
            <dst id="LOSAng">5531.91733333333</dst>
            <dst id="NYCMng">6023.336</dst>
            <dst id="SNVAng">1106.73333333333</dst>
            <dst id="STTLng">2354.90666666667</dst>
            <dst id="WASHng">18232.4613333333</dst>
        </src>
        <src id="LOSAng">
            <dst id="ATLA-M5">1537.864</dst>
            <dst id="ATLAng">13087.5546666667</dst>
            <dst id="CHINng">1082618.72</dst>
            <dst id="DNVRng">16424.6533333333</dst>
            <dst id="HSTNng">15740.4426666667</dst>
            <dst id="IPLSng">46266.0426666667</dst>
            <dst id="KSCYng">11663.392</dst>
            <dst id="LOSAng">12195.2906666667</dst>
            <dst id="NYCMng">90513.1173333333</dst>
            <dst id="SNVAng">17212.472</dst>
            <dst id="STTLng">27898.9146666667</dst>
            <dst id="WASHng">90187.9786666667</dst>
        </src>
        <src id="NYCMng">
            <dst id="ATLA-M5">4601.03466666667</dst>
            <dst id="ATLAng">26682.544</dst>
            <dst id="CHINng">48064.152</dst>
            <dst id="DNVRng">35601.9013333333</dst>
            <dst id="HSTNng">15444.752</dst>
            <dst id="IPLSng">48987.456</dst>
            <dst id="KSCYng">22945.816</dst>
            <dst id="LOSAng">79298.1946666667</dst>
            <dst id="NYCMng">190615.64</dst>
            <dst id="SNVAng">6096.568</dst>
            <dst id="STTLng">26294.8026666667</dst>
            <dst id="WASHng">146897.850666667</dst>
        </src>
        <src id="SNVAng">
            <dst id="ATLA-M5">175.898666666667</dst>
            <dst id="ATLAng">143.661333333333</dst>
            <dst id="CHINng">1299.392</dst>
            <dst id="DNVRng">7007.56266666667</dst>
            <dst id="HSTNng">403.344</dst>
            <dst id="IPLSng">6129.92</dst>
            <dst id="KSCYng">1798.96533333333</dst>
            <dst id="LOSAng">31360.792</dst>
            <dst id="NYCMng">1226.94666666667</dst>
            <dst id="SNVAng">15787.08</dst>
            <dst id="STTLng">59166.0373333333</dst>
            <dst id="WASHng">259.021333333333</dst>
        </src>
        <src id="STTLng">
            <dst id="ATLA-M5">241.605333333333</dst>
            <dst id="ATLAng">7766.784</dst>
            <dst id="CHINng">11115.2773333333</dst>
            <dst id="DNVRng">3659.976</dst>
            <dst id="HSTNng">6381.91466666667</dst>
            <dst id="IPLSng">7654.91466666667</dst>
            <dst id="KSCYng">5828.85333333333</dst>
            <dst id="LOSAng">20667.808</dst>
            <dst id="NYCMng">12386.568</dst>
            <dst id="SNVAng">6129.272</dst>
            <dst id="STTLng">6838.78666666666</dst>
            <dst id="WASHng">14483.5946666667</dst>
        </src>
        <src id="WASHng">
            <dst id="ATLA-M5">4096.52</dst>
            <dst id="ATLAng">76852.584</dst>
            <dst id="CHINng">78734.288</dst>
            <dst id="DNVRng">55668.464</dst>
            <dst id="HSTNng">25244.896</dst>
            <dst id="IPLSng">57382.7333333333</dst>
            <dst id="KSCYng">17466.576</dst>
            <dst id="LOSAng">99685.9546666667</dst>
            <dst id="NYCMng">203774.754666667</dst>
            <dst id="SNVAng">14980.496</dst>
            <dst id="STTLng">30827.4133333333</dst>
            <dst id="WASHng">322953.013333333</dst>
        </src>
    </IntraTM>
</TrafficMatrixFile>
