<?xml version="1.0" encoding="ISO-8859-1" standalone="yes"?>
<TrafficMatrixFile xsi:noNamespaceSchemaLocation="http://totem.run.montefiore.ulg.ac.be/Schema/TrafficMatrix-v1_2.xsd" xmlns:xsi="http://www.w3.org/2001/XMLSchema-instance">
    <IntraTM ASID="11537">
        <src id="ATLA-M5">
            <dst id="ATLA-M5">502.453333333333</dst>
            <dst id="ATLAng">80</dst>
            <dst id="CHINng">596.693333333333</dst>
            <dst id="DNVRng">211.253333333333</dst>
            <dst id="HSTNng">113.602666666667</dst>
            <dst id="IPLSng">706.122666666667</dst>
            <dst id="KSCYng">216.570666666667</dst>
            <dst id="LOSAng">764.989333333333</dst>
            <dst id="NYCMng">2507.848</dst>
            <dst id="SNVAng">0</dst>
            <dst id="STTLng">97.9653333333333</dst>
            <dst id="WASHng">701.408</dst>
        </src>
        <src id="ATLAng">
            <dst id="ATLA-M5">681.053333333333</dst>
            <dst id="ATLAng">62101.6746666667</dst>
            <dst id="CHINng">29315.2933333333</dst>
            <dst id="DNVRng">3372.6</dst>
            <dst id="HSTNng">5749.33066666666</dst>
            <dst id="IPLSng">20668.5973333333</dst>
            <dst id="KSCYng">7199.64266666667</dst>
            <dst id="LOSAng">20729.3493333333</dst>
            <dst id="NYCMng">10371.16</dst>
            <dst id="SNVAng">666.981333333333</dst>
            <dst id="STTLng">6668.536</dst>
            <dst id="WASHng">33003.5093333333</dst>
        </src>
        <src id="CHINng">
            <dst id="ATLA-M5">4664.22133333333</dst>
            <dst id="ATLAng">28163.4</dst>
            <dst id="CHINng">125710.626666667</dst>
            <dst id="DNVRng">24555.2053333333</dst>
            <dst id="HSTNng">55899.576</dst>
            <dst id="IPLSng">78043.696</dst>
            <dst id="KSCYng">14810.92</dst>
            <dst id="LOSAng">2040690.24</dst>
            <dst id="NYCMng">29358.8986666667</dst>
            <dst id="SNVAng">1244.18133333333</dst>
            <dst id="STTLng">16481.0453333333</dst>
            <dst id="WASHng">35737.4746666667</dst>
        </src>
        <src id="DNVRng">
            <dst id="ATLA-M5">190.597333333333</dst>
            <dst id="ATLAng">5946.32533333333</dst>
            <dst id="CHINng">67653.2426666667</dst>
            <dst id="DNVRng">8397.84266666667</dst>
            <dst id="HSTNng">14399.8586666667</dst>
            <dst id="IPLSng">32906.808</dst>
            <dst id="KSCYng">8959.42666666667</dst>
            <dst id="LOSAng">6939.672</dst>
            <dst id="NYCMng">16716.1626666667</dst>
            <dst id="SNVAng">7064.58133333333</dst>
            <dst id="STTLng">6074.696</dst>
            <dst id="WASHng">43292.464</dst>
        </src>
        <src id="HSTNng">
            <dst id="ATLA-M5">1220.38933333333</dst>
            <dst id="ATLAng">3618.86133333333</dst>
            <dst id="CHINng">23195.576</dst>
            <dst id="DNVRng">5378.19733333333</dst>
            <dst id="HSTNng">5555.89333333333</dst>
            <dst id="IPLSng">9588.84266666667</dst>
            <dst id="KSCYng">4034.26666666667</dst>
            <dst id="LOSAng">8435.008</dst>
            <dst id="NYCMng">8159.32533333333</dst>
            <dst id="SNVAng">701.872</dst>
            <dst id="STTLng">2151.98666666667</dst>
            <dst id="WASHng">12517.7386666667</dst>
        </src>
        <src id="IPLSng">
            <dst id="ATLA-M5">562.698666666667</dst>
            <dst id="ATLAng">16674.072</dst>
            <dst id="CHINng">131729.386666667</dst>
            <dst id="DNVRng">20268.984</dst>
            <dst id="HSTNng">7905.32</dst>
            <dst id="IPLSng">32487.8666666667</dst>
            <dst id="KSCYng">8198.192</dst>
            <dst id="LOSAng">51975.5253333333</dst>
            <dst id="NYCMng">72891.4</dst>
            <dst id="SNVAng">1223.07733333333</dst>
            <dst id="STTLng">10778.0746666667</dst>
            <dst id="WASHng">40782.4773333333</dst>
        </src>
        <src id="KSCYng">
            <dst id="ATLA-M5">29.6906666666667</dst>
            <dst id="ATLAng">5096.32266666667</dst>
            <dst id="CHINng">24275.792</dst>
            <dst id="DNVRng">8131.30933333333</dst>
            <dst id="HSTNng">4237.512</dst>
            <dst id="IPLSng">30409.2666666667</dst>
            <dst id="KSCYng">7536.59466666667</dst>
            <dst id="LOSAng">6723.336</dst>
            <dst id="NYCMng">5225.416</dst>
            <dst id="SNVAng">390.901333333333</dst>
            <dst id="STTLng">1284.32266666667</dst>
            <dst id="WASHng">18758.128</dst>
        </src>
        <src id="LOSAng">
            <dst id="ATLA-M5">2892.41866666667</dst>
            <dst id="ATLAng">28085.5546666667</dst>
            <dst id="CHINng">1100883.68</dst>
            <dst id="DNVRng">7863.16533333333</dst>
            <dst id="HSTNng">36203.208</dst>
            <dst id="IPLSng">61726.224</dst>
            <dst id="KSCYng">14644.952</dst>
            <dst id="LOSAng">9717.89866666667</dst>
            <dst id="NYCMng">83065.432</dst>
            <dst id="SNVAng">10796.2293333333</dst>
            <dst id="STTLng">37317.6933333333</dst>
            <dst id="WASHng">113270.48</dst>
        </src>
        <src id="NYCMng">
            <dst id="ATLA-M5">3533.32</dst>
            <dst id="ATLAng">42011.016</dst>
            <dst id="CHINng">57252.4</dst>
            <dst id="DNVRng">39997.0533333333</dst>
            <dst id="HSTNng">20721.2293333333</dst>
            <dst id="IPLSng">73781.816</dst>
            <dst id="KSCYng">22909.3946666667</dst>
            <dst id="LOSAng">82306.9066666667</dst>
            <dst id="NYCMng">211660.608</dst>
            <dst id="SNVAng">7323.056</dst>
            <dst id="STTLng">18504.7413333333</dst>
            <dst id="WASHng">166225.525333333</dst>
        </src>
        <src id="SNVAng">
            <dst id="ATLA-M5">40.352</dst>
            <dst id="ATLAng">1311.432</dst>
            <dst id="CHINng">1253.056</dst>
            <dst id="DNVRng">5046.248</dst>
            <dst id="HSTNng">3728.23466666667</dst>
            <dst id="IPLSng">6623.67733333333</dst>
            <dst id="KSCYng">106.666666666667</dst>
            <dst id="LOSAng">31115.6186666667</dst>
            <dst id="NYCMng">880.749333333333</dst>
            <dst id="SNVAng">12857.7813333333</dst>
            <dst id="STTLng">49887.9973333333</dst>
            <dst id="WASHng">1453.568</dst>
        </src>
        <src id="STTLng">
            <dst id="ATLA-M5">349.514666666667</dst>
            <dst id="ATLAng">7957.06933333333</dst>
            <dst id="CHINng">17195.8613333333</dst>
            <dst id="DNVRng">9988.488</dst>
            <dst id="HSTNng">12340.6133333333</dst>
            <dst id="IPLSng">10256.4613333333</dst>
            <dst id="KSCYng">4830.05066666667</dst>
            <dst id="LOSAng">18987.8853333333</dst>
            <dst id="NYCMng">7690.35733333333</dst>
            <dst id="SNVAng">2382.288</dst>
            <dst id="STTLng">1657.192</dst>
            <dst id="WASHng">11618.92</dst>
        </src>
        <src id="WASHng">
            <dst id="ATLA-M5">1319.58666666667</dst>
            <dst id="ATLAng">209709.581333333</dst>
            <dst id="CHINng">78772.9493333333</dst>
            <dst id="DNVRng">52594.7626666667</dst>
            <dst id="HSTNng">29977.8853333333</dst>
            <dst id="IPLSng">64410.9146666667</dst>
            <dst id="KSCYng">22954.1173333333</dst>
            <dst id="LOSAng">106920.272</dst>
            <dst id="NYCMng">183480.106666667</dst>
            <dst id="SNVAng">8122.296</dst>
            <dst id="STTLng">30703.48</dst>
            <dst id="WASHng">225705.346666667</dst>
        </src>
    </IntraTM>
</TrafficMatrixFile>
