<?xml version="1.0" encoding="ISO-8859-1" standalone="yes"?>
<TrafficMatrixFile xsi:noNamespaceSchemaLocation="http://totem.run.montefiore.ulg.ac.be/Schema/TrafficMatrix-v1_2.xsd" xmlns:xsi="http://www.w3.org/2001/XMLSchema-instance">
    <IntraTM ASID="11537">
        <src id="ATLA-M5">
            <dst id="ATLA-M5">1413.904</dst>
            <dst id="ATLAng">53.3333333333333</dst>
            <dst id="CHINng">982.056</dst>
            <dst id="DNVRng">0</dst>
            <dst id="HSTNng">127.602666666667</dst>
            <dst id="IPLSng">584.154666666667</dst>
            <dst id="KSCYng">111.141333333333</dst>
            <dst id="LOSAng">80</dst>
            <dst id="NYCMng">0</dst>
            <dst id="SNVAng">0</dst>
            <dst id="STTLng">93.9226666666666</dst>
            <dst id="WASHng">690.992</dst>
        </src>
        <src id="ATLAng">
            <dst id="ATLA-M5">135.28</dst>
            <dst id="ATLAng">29111.8826666667</dst>
            <dst id="CHINng">12128.5173333333</dst>
            <dst id="DNVRng">3404.49066666667</dst>
            <dst id="HSTNng">1586.62666666667</dst>
            <dst id="IPLSng">17950.832</dst>
            <dst id="KSCYng">2063.72266666667</dst>
            <dst id="LOSAng">18669.9493333333</dst>
            <dst id="NYCMng">6791.89333333333</dst>
            <dst id="SNVAng">354.722666666667</dst>
            <dst id="STTLng">4969.752</dst>
            <dst id="WASHng">30979.2986666667</dst>
        </src>
        <src id="CHINng">
            <dst id="ATLA-M5">943.642666666667</dst>
            <dst id="ATLAng">20388.0026666667</dst>
            <dst id="CHINng">121242.890666667</dst>
            <dst id="DNVRng">14757.12</dst>
            <dst id="HSTNng">46572.7973333333</dst>
            <dst id="IPLSng">27090.0933333333</dst>
            <dst id="KSCYng">16066.2586666667</dst>
            <dst id="LOSAng">42954.808</dst>
            <dst id="NYCMng">21109.2266666667</dst>
            <dst id="SNVAng">2349.936</dst>
            <dst id="STTLng">11786.008</dst>
            <dst id="WASHng">22783.728</dst>
        </src>
        <src id="DNVRng">
            <dst id="ATLA-M5">142.629333333333</dst>
            <dst id="ATLAng">5494.85333333333</dst>
            <dst id="CHINng">65758.568</dst>
            <dst id="DNVRng">11959.0373333333</dst>
            <dst id="HSTNng">12645.5146666667</dst>
            <dst id="IPLSng">36221.5546666667</dst>
            <dst id="KSCYng">17389.2586666667</dst>
            <dst id="LOSAng">4643.744</dst>
            <dst id="NYCMng">13824.5733333333</dst>
            <dst id="SNVAng">8833.528</dst>
            <dst id="STTLng">9316.28</dst>
            <dst id="WASHng">40170.3226666667</dst>
        </src>
        <src id="HSTNng">
            <dst id="ATLA-M5">206.805333333333</dst>
            <dst id="ATLAng">1739.14133333333</dst>
            <dst id="CHINng">21995.2853333333</dst>
            <dst id="DNVRng">1586.704</dst>
            <dst id="HSTNng">4584.376</dst>
            <dst id="IPLSng">1867.84266666667</dst>
            <dst id="KSCYng">1519.14133333333</dst>
            <dst id="LOSAng">3108.04266666667</dst>
            <dst id="NYCMng">2755.53866666667</dst>
            <dst id="SNVAng">645.501333333333</dst>
            <dst id="STTLng">999.458666666667</dst>
            <dst id="WASHng">4675.69333333333</dst>
        </src>
        <src id="IPLSng">
            <dst id="ATLA-M5">655.301333333333</dst>
            <dst id="ATLAng">15542.0133333333</dst>
            <dst id="CHINng">86549.2186666667</dst>
            <dst id="DNVRng">22995.648</dst>
            <dst id="HSTNng">2453.28533333333</dst>
            <dst id="IPLSng">11439.912</dst>
            <dst id="KSCYng">5921.85333333333</dst>
            <dst id="LOSAng">26477.5786666667</dst>
            <dst id="NYCMng">26821.848</dst>
            <dst id="SNVAng">1190.56266666667</dst>
            <dst id="STTLng">8367.76533333333</dst>
            <dst id="WASHng">29799.7413333333</dst>
        </src>
        <src id="KSCYng">
            <dst id="ATLA-M5">0</dst>
            <dst id="ATLAng">2284.336</dst>
            <dst id="CHINng">24718.8906666667</dst>
            <dst id="DNVRng">17149.8906666667</dst>
            <dst id="HSTNng">3246.04266666667</dst>
            <dst id="IPLSng">15547.6106666667</dst>
            <dst id="KSCYng">7883.60266666667</dst>
            <dst id="LOSAng">8356.90933333333</dst>
            <dst id="NYCMng">2974.36</dst>
            <dst id="SNVAng">167.813333333333</dst>
            <dst id="STTLng">1311.52266666667</dst>
            <dst id="WASHng">10850.8906666667</dst>
        </src>
        <src id="LOSAng">
            <dst id="ATLA-M5">1286.64533333333</dst>
            <dst id="ATLAng">16032.632</dst>
            <dst id="CHINng">67533.952</dst>
            <dst id="DNVRng">5117.648</dst>
            <dst id="HSTNng">4079.14133333333</dst>
            <dst id="IPLSng">20526.264</dst>
            <dst id="KSCYng">7739.36533333333</dst>
            <dst id="LOSAng">13477.2213333333</dst>
            <dst id="NYCMng">56802.8693333333</dst>
            <dst id="SNVAng">5766.13866666667</dst>
            <dst id="STTLng">14656.192</dst>
            <dst id="WASHng">105219.429333333</dst>
        </src>
        <src id="NYCMng">
            <dst id="ATLA-M5">1123.248</dst>
            <dst id="ATLAng">27516.2186666667</dst>
            <dst id="CHINng">52565.704</dst>
            <dst id="DNVRng">40271.3866666667</dst>
            <dst id="HSTNng">10930.9333333333</dst>
            <dst id="IPLSng">38537.2933333333</dst>
            <dst id="KSCYng">11995.1413333333</dst>
            <dst id="LOSAng">52788.984</dst>
            <dst id="NYCMng">141622.976</dst>
            <dst id="SNVAng">4173.04</dst>
            <dst id="STTLng">22724.9893333333</dst>
            <dst id="WASHng">116591.408</dst>
        </src>
        <src id="SNVAng">
            <dst id="ATLA-M5">0</dst>
            <dst id="ATLAng">26.6666666666667</dst>
            <dst id="CHINng">978.357333333333</dst>
            <dst id="DNVRng">7003.54933333333</dst>
            <dst id="HSTNng">140.381333333333</dst>
            <dst id="IPLSng">380.392</dst>
            <dst id="KSCYng">26.6666666666667</dst>
            <dst id="LOSAng">37053.6426666667</dst>
            <dst id="NYCMng">659.114666666667</dst>
            <dst id="SNVAng">13087.0453333333</dst>
            <dst id="STTLng">51448.1493333333</dst>
            <dst id="WASHng">174.645333333333</dst>
        </src>
        <src id="STTLng">
            <dst id="ATLA-M5">70.248</dst>
            <dst id="ATLAng">7087.28</dst>
            <dst id="CHINng">15477.5946666667</dst>
            <dst id="DNVRng">1623.648</dst>
            <dst id="HSTNng">6457.52266666667</dst>
            <dst id="IPLSng">4138.192</dst>
            <dst id="KSCYng">4282.62133333333</dst>
            <dst id="LOSAng">13101.248</dst>
            <dst id="NYCMng">6970.65066666667</dst>
            <dst id="SNVAng">3831.32266666667</dst>
            <dst id="STTLng">4822.944</dst>
            <dst id="WASHng">4866.624</dst>
        </src>
        <src id="WASHng">
            <dst id="ATLA-M5">625.44</dst>
            <dst id="ATLAng">95302.136</dst>
            <dst id="CHINng">76427.312</dst>
            <dst id="DNVRng">56525.472</dst>
            <dst id="HSTNng">23262.7253333333</dst>
            <dst id="IPLSng">46793.4933333333</dst>
            <dst id="KSCYng">12528.7333333333</dst>
            <dst id="LOSAng">97705.9173333333</dst>
            <dst id="NYCMng">151574.309333333</dst>
            <dst id="SNVAng">788.632</dst>
            <dst id="STTLng">29797.3813333333</dst>
            <dst id="WASHng">241287.976</dst>
        </src>
    </IntraTM>
</TrafficMatrixFile>
