<?xml version="1.0" encoding="ISO-8859-1" standalone="yes"?>
<TrafficMatrixFile xsi:noNamespaceSchemaLocation="http://totem.run.montefiore.ulg.ac.be/Schema/TrafficMatrix-v1_2.xsd" xmlns:xsi="http://www.w3.org/2001/XMLSchema-instance">
    <IntraTM ASID="11537">
        <src id="ATLA-M5">
            <dst id="ATLA-M5">1685.584</dst>
            <dst id="ATLAng">61.792</dst>
            <dst id="CHINng">818.522666666667</dst>
            <dst id="DNVRng">327.368</dst>
            <dst id="HSTNng">53.3333333333333</dst>
            <dst id="IPLSng">1461.83733333333</dst>
            <dst id="KSCYng">47.3466666666667</dst>
            <dst id="LOSAng">134.754666666667</dst>
            <dst id="NYCMng">55.0106666666667</dst>
            <dst id="SNVAng">26.6666666666667</dst>
            <dst id="STTLng">53.3333333333333</dst>
            <dst id="WASHng">436.2</dst>
        </src>
        <src id="ATLAng">
            <dst id="ATLA-M5">138.130666666667</dst>
            <dst id="ATLAng">50378.5306666667</dst>
            <dst id="CHINng">13091.4</dst>
            <dst id="DNVRng">2869.82666666667</dst>
            <dst id="HSTNng">2115.18133333333</dst>
            <dst id="IPLSng">13976.624</dst>
            <dst id="KSCYng">2342.744</dst>
            <dst id="LOSAng">17793.064</dst>
            <dst id="NYCMng">10776.7946666667</dst>
            <dst id="SNVAng">426.842666666667</dst>
            <dst id="STTLng">5197.72533333333</dst>
            <dst id="WASHng">33056.9386666667</dst>
        </src>
        <src id="CHINng">
            <dst id="ATLA-M5">1016.25333333333</dst>
            <dst id="ATLAng">15076.04</dst>
            <dst id="CHINng">117672.557333333</dst>
            <dst id="DNVRng">12173.1466666667</dst>
            <dst id="HSTNng">49174.9146666667</dst>
            <dst id="IPLSng">28977.1813333333</dst>
            <dst id="KSCYng">17318.8826666667</dst>
            <dst id="LOSAng">42992.6506666667</dst>
            <dst id="NYCMng">23734.8133333333</dst>
            <dst id="SNVAng">1959.904</dst>
            <dst id="STTLng">11785.3306666667</dst>
            <dst id="WASHng">24022.272</dst>
        </src>
        <src id="DNVRng">
            <dst id="ATLA-M5">128.624</dst>
            <dst id="ATLAng">4459.06133333333</dst>
            <dst id="CHINng">68534.6453333333</dst>
            <dst id="DNVRng">10156.056</dst>
            <dst id="HSTNng">12151.0746666667</dst>
            <dst id="IPLSng">30302.0933333333</dst>
            <dst id="KSCYng">18004.3653333333</dst>
            <dst id="LOSAng">5272.848</dst>
            <dst id="NYCMng">21021.536</dst>
            <dst id="SNVAng">13578.784</dst>
            <dst id="STTLng">9174.216</dst>
            <dst id="WASHng">44447.112</dst>
        </src>
        <src id="HSTNng">
            <dst id="ATLA-M5">484.730666666667</dst>
            <dst id="ATLAng">910.093333333333</dst>
            <dst id="CHINng">22466.408</dst>
            <dst id="DNVRng">2263.75733333333</dst>
            <dst id="HSTNng">7959.16266666667</dst>
            <dst id="IPLSng">1572.29866666667</dst>
            <dst id="KSCYng">1753.51466666667</dst>
            <dst id="LOSAng">4071.888</dst>
            <dst id="NYCMng">3585.90666666667</dst>
            <dst id="SNVAng">219.472</dst>
            <dst id="STTLng">2581.39466666667</dst>
            <dst id="WASHng">5817.46666666667</dst>
        </src>
        <src id="IPLSng">
            <dst id="ATLA-M5">634.688</dst>
            <dst id="ATLAng">16812.352</dst>
            <dst id="CHINng">83069.72</dst>
            <dst id="DNVRng">19499.7813333333</dst>
            <dst id="HSTNng">2296.12</dst>
            <dst id="IPLSng">8567.66133333333</dst>
            <dst id="KSCYng">8025.01866666667</dst>
            <dst id="LOSAng">22648.056</dst>
            <dst id="NYCMng">43126.0293333333</dst>
            <dst id="SNVAng">1674.28266666667</dst>
            <dst id="STTLng">9250.632</dst>
            <dst id="WASHng">23290.4106666667</dst>
        </src>
        <src id="KSCYng">
            <dst id="ATLA-M5">0</dst>
            <dst id="ATLAng">2247.22933333333</dst>
            <dst id="CHINng">25255.3626666667</dst>
            <dst id="DNVRng">16940.2213333333</dst>
            <dst id="HSTNng">2980.08533333333</dst>
            <dst id="IPLSng">16740.64</dst>
            <dst id="KSCYng">8421.59733333333</dst>
            <dst id="LOSAng">6637.82933333333</dst>
            <dst id="NYCMng">3999.232</dst>
            <dst id="SNVAng">884.213333333333</dst>
            <dst id="STTLng">1541.43466666667</dst>
            <dst id="WASHng">11260.9733333333</dst>
        </src>
        <src id="LOSAng">
            <dst id="ATLA-M5">2044.56266666667</dst>
            <dst id="ATLAng">23640.1733333333</dst>
            <dst id="CHINng">77789.4826666666</dst>
            <dst id="DNVRng">5604.352</dst>
            <dst id="HSTNng">3966.864</dst>
            <dst id="IPLSng">23656.3946666667</dst>
            <dst id="KSCYng">8818.94133333333</dst>
            <dst id="LOSAng">11684.2613333333</dst>
            <dst id="NYCMng">59467.7253333333</dst>
            <dst id="SNVAng">5926.14133333333</dst>
            <dst id="STTLng">18610.3386666667</dst>
            <dst id="WASHng">124778.605333333</dst>
        </src>
        <src id="NYCMng">
            <dst id="ATLA-M5">1619.57866666667</dst>
            <dst id="ATLAng">36606.192</dst>
            <dst id="CHINng">48738.104</dst>
            <dst id="DNVRng">38218.0293333333</dst>
            <dst id="HSTNng">9857.376</dst>
            <dst id="IPLSng">32164.5173333333</dst>
            <dst id="KSCYng">12025.5333333333</dst>
            <dst id="LOSAng">56027.4053333333</dst>
            <dst id="NYCMng">158407.464</dst>
            <dst id="SNVAng">2292.67466666667</dst>
            <dst id="STTLng">24371.64</dst>
            <dst id="WASHng">110504.144</dst>
        </src>
        <src id="SNVAng">
            <dst id="ATLA-M5">26.6666666666667</dst>
            <dst id="ATLAng">167.032</dst>
            <dst id="CHINng">480.272</dst>
            <dst id="DNVRng">13362.5226666667</dst>
            <dst id="HSTNng">166.976</dst>
            <dst id="IPLSng">6245.70933333333</dst>
            <dst id="KSCYng">80</dst>
            <dst id="LOSAng">36361.664</dst>
            <dst id="NYCMng">1048.78133333333</dst>
            <dst id="SNVAng">13658.8586666667</dst>
            <dst id="STTLng">51772.68</dst>
            <dst id="WASHng">308.890666666667</dst>
        </src>
        <src id="STTLng">
            <dst id="ATLA-M5">53.3333333333333</dst>
            <dst id="ATLAng">7493.048</dst>
            <dst id="CHINng">14558.9866666667</dst>
            <dst id="DNVRng">1712.21333333333</dst>
            <dst id="HSTNng">6728.21333333333</dst>
            <dst id="IPLSng">3976.87466666667</dst>
            <dst id="KSCYng">4083.04266666667</dst>
            <dst id="LOSAng">12101.6373333333</dst>
            <dst id="NYCMng">7290.11466666667</dst>
            <dst id="SNVAng">3908.90666666667</dst>
            <dst id="STTLng">5949.856</dst>
            <dst id="WASHng">5873.448</dst>
        </src>
        <src id="WASHng">
            <dst id="ATLA-M5">811.264</dst>
            <dst id="ATLAng">91635.9946666667</dst>
            <dst id="CHINng">74516.0506666667</dst>
            <dst id="DNVRng">51493.5866666667</dst>
            <dst id="HSTNng">24126.216</dst>
            <dst id="IPLSng">57809.408</dst>
            <dst id="KSCYng">13284.9573333333</dst>
            <dst id="LOSAng">93531.232</dst>
            <dst id="NYCMng">147068.984</dst>
            <dst id="SNVAng">3996.34933333333</dst>
            <dst id="STTLng">28419.664</dst>
            <dst id="WASHng">235925.426666667</dst>
        </src>
    </IntraTM>
</TrafficMatrixFile>
