<?xml version="1.0" encoding="ISO-8859-1" standalone="yes"?>
<TrafficMatrixFile xsi:noNamespaceSchemaLocation="http://totem.run.montefiore.ulg.ac.be/Schema/TrafficMatrix-v1_2.xsd" xmlns:xsi="http://www.w3.org/2001/XMLSchema-instance">
    <IntraTM ASID="11537">
        <src id="ATLA-M5">
            <dst id="ATLA-M5">32.352</dst>
            <dst id="ATLAng">136.370666666667</dst>
            <dst id="CHINng">1435.74666666667</dst>
            <dst id="DNVRng">238.698666666667</dst>
            <dst id="HSTNng">159.178666666667</dst>
            <dst id="IPLSng">4132.17333333333</dst>
            <dst id="KSCYng">1945.312</dst>
            <dst id="LOSAng">1033.544</dst>
            <dst id="NYCMng">185.522666666667</dst>
            <dst id="SNVAng">53.3333333333333</dst>
            <dst id="STTLng">265.28</dst>
            <dst id="WASHng">679.096</dst>
        </src>
        <src id="ATLAng">
            <dst id="ATLA-M5">580.496</dst>
            <dst id="ATLAng">50432.1733333333</dst>
            <dst id="CHINng">32862.2773333333</dst>
            <dst id="DNVRng">7224.34133333333</dst>
            <dst id="HSTNng">3068.21866666667</dst>
            <dst id="IPLSng">23136.5173333333</dst>
            <dst id="KSCYng">7848.824</dst>
            <dst id="LOSAng">18154.112</dst>
            <dst id="NYCMng">15976.664</dst>
            <dst id="SNVAng">1166.39733333333</dst>
            <dst id="STTLng">6030.55733333333</dst>
            <dst id="WASHng">28097.0666666667</dst>
        </src>
        <src id="CHINng">
            <dst id="ATLA-M5">1643.63466666667</dst>
            <dst id="ATLAng">42983.304</dst>
            <dst id="CHINng">89026.2773333334</dst>
            <dst id="DNVRng">24460.9146666667</dst>
            <dst id="HSTNng">54806.5413333333</dst>
            <dst id="IPLSng">52722.392</dst>
            <dst id="KSCYng">20465.4906666667</dst>
            <dst id="LOSAng">68025.5146666667</dst>
            <dst id="NYCMng">20622.064</dst>
            <dst id="SNVAng">7507.55466666667</dst>
            <dst id="STTLng">13554.1466666667</dst>
            <dst id="WASHng">33023.576</dst>
        </src>
        <src id="DNVRng">
            <dst id="ATLA-M5">205.498666666667</dst>
            <dst id="ATLAng">5045.752</dst>
            <dst id="CHINng">73628.056</dst>
            <dst id="DNVRng">14333.416</dst>
            <dst id="HSTNng">16372.424</dst>
            <dst id="IPLSng">26584.9493333333</dst>
            <dst id="KSCYng">21942.56</dst>
            <dst id="LOSAng">9639.104</dst>
            <dst id="NYCMng">18979.72</dst>
            <dst id="SNVAng">16419.4026666667</dst>
            <dst id="STTLng">15035.9333333333</dst>
            <dst id="WASHng">60636.5546666667</dst>
        </src>
        <src id="HSTNng">
            <dst id="ATLA-M5">602.882666666667</dst>
            <dst id="ATLAng">5136.44533333333</dst>
            <dst id="CHINng">20025.416</dst>
            <dst id="DNVRng">3714.55466666667</dst>
            <dst id="HSTNng">6933.52533333333</dst>
            <dst id="IPLSng">6232.48533333333</dst>
            <dst id="KSCYng">4995.44</dst>
            <dst id="LOSAng">7222.06133333333</dst>
            <dst id="NYCMng">5458.92533333333</dst>
            <dst id="SNVAng">1064.44533333333</dst>
            <dst id="STTLng">1844.328</dst>
            <dst id="WASHng">7614.10666666667</dst>
        </src>
        <src id="IPLSng">
            <dst id="ATLA-M5">1495.85066666667</dst>
            <dst id="ATLAng">31182.032</dst>
            <dst id="CHINng">96595.2346666667</dst>
            <dst id="DNVRng">12820.2453333333</dst>
            <dst id="HSTNng">9056.84266666667</dst>
            <dst id="IPLSng">16285.1093333333</dst>
            <dst id="KSCYng">9078.33333333333</dst>
            <dst id="LOSAng">35023.704</dst>
            <dst id="NYCMng">56157.208</dst>
            <dst id="SNVAng">4276.008</dst>
            <dst id="STTLng">12463.28</dst>
            <dst id="WASHng">40435.336</dst>
        </src>
        <src id="KSCYng">
            <dst id="ATLA-M5">733.645333333333</dst>
            <dst id="ATLAng">3973.55733333333</dst>
            <dst id="CHINng">26455.1306666667</dst>
            <dst id="DNVRng">22908.2853333333</dst>
            <dst id="HSTNng">4837.89333333333</dst>
            <dst id="IPLSng">17665.9173333333</dst>
            <dst id="KSCYng">13673.752</dst>
            <dst id="LOSAng">6523.61066666666</dst>
            <dst id="NYCMng">6767.85866666667</dst>
            <dst id="SNVAng">493.810666666667</dst>
            <dst id="STTLng">2709.888</dst>
            <dst id="WASHng">21959.296</dst>
        </src>
        <src id="LOSAng">
            <dst id="ATLA-M5">2052.69866666667</dst>
            <dst id="ATLAng">16223.504</dst>
            <dst id="CHINng">85582.712</dst>
            <dst id="DNVRng">12353.4133333333</dst>
            <dst id="HSTNng">9469.104</dst>
            <dst id="IPLSng">53133.0746666667</dst>
            <dst id="KSCYng">15243.296</dst>
            <dst id="LOSAng">12902.1546666667</dst>
            <dst id="NYCMng">58948.1813333333</dst>
            <dst id="SNVAng">8544.18933333333</dst>
            <dst id="STTLng">26439.2426666667</dst>
            <dst id="WASHng">89686.16</dst>
        </src>
        <src id="NYCMng">
            <dst id="ATLA-M5">2818.30133333333</dst>
            <dst id="ATLAng">32171.6186666667</dst>
            <dst id="CHINng">67484.2106666667</dst>
            <dst id="DNVRng">33665.0293333333</dst>
            <dst id="HSTNng">23389.7653333333</dst>
            <dst id="IPLSng">75409.912</dst>
            <dst id="KSCYng">22305.1306666667</dst>
            <dst id="LOSAng">73922.5413333333</dst>
            <dst id="NYCMng">179773.141333333</dst>
            <dst id="SNVAng">3097.608</dst>
            <dst id="STTLng">25909.792</dst>
            <dst id="WASHng">143681.613333333</dst>
        </src>
        <src id="SNVAng">
            <dst id="ATLA-M5">0</dst>
            <dst id="ATLAng">180.949333333333</dst>
            <dst id="CHINng">1475.53333333333</dst>
            <dst id="DNVRng">13870.688</dst>
            <dst id="HSTNng">371.642666666667</dst>
            <dst id="IPLSng">1608.77866666667</dst>
            <dst id="KSCYng">216.757333333333</dst>
            <dst id="LOSAng">51533.8586666667</dst>
            <dst id="NYCMng">630.28</dst>
            <dst id="SNVAng">24223.9626666667</dst>
            <dst id="STTLng">65677.624</dst>
            <dst id="WASHng">1249.35733333333</dst>
        </src>
        <src id="STTLng">
            <dst id="ATLA-M5">182.053333333333</dst>
            <dst id="ATLAng">8148.49066666667</dst>
            <dst id="CHINng">17204.4533333333</dst>
            <dst id="DNVRng">4040.96</dst>
            <dst id="HSTNng">8583.432</dst>
            <dst id="IPLSng">9042.69333333333</dst>
            <dst id="KSCYng">3130.58133333333</dst>
            <dst id="LOSAng">29375.0373333333</dst>
            <dst id="NYCMng">7637.944</dst>
            <dst id="SNVAng">4309.98933333333</dst>
            <dst id="STTLng">6239.536</dst>
            <dst id="WASHng">10162.472</dst>
        </src>
        <src id="WASHng">
            <dst id="ATLA-M5">1201.81066666667</dst>
            <dst id="ATLAng">107271.213333333</dst>
            <dst id="CHINng">96267.9093333333</dst>
            <dst id="DNVRng">64267.32</dst>
            <dst id="HSTNng">23067.9973333333</dst>
            <dst id="IPLSng">65835.8853333333</dst>
            <dst id="KSCYng">28301.84</dst>
            <dst id="LOSAng">119056.490666667</dst>
            <dst id="NYCMng">169804.730666667</dst>
            <dst id="SNVAng">2374.384</dst>
            <dst id="STTLng">28784.624</dst>
            <dst id="WASHng">236009.666666667</dst>
        </src>
    </IntraTM>
</TrafficMatrixFile>
