<?xml version="1.0" encoding="ISO-8859-1" standalone="yes"?>
<TrafficMatrixFile xsi:noNamespaceSchemaLocation="http://totem.run.montefiore.ulg.ac.be/Schema/TrafficMatrix-v1_2.xsd" xmlns:xsi="http://www.w3.org/2001/XMLSchema-instance">
    <IntraTM ASID="11537">
        <src id="ATLA-M5">
            <dst id="ATLA-M5">38.8906666666667</dst>
            <dst id="ATLAng">121.984</dst>
            <dst id="CHINng">539.970666666667</dst>
            <dst id="DNVRng">53.3333333333333</dst>
            <dst id="HSTNng">368.210666666667</dst>
            <dst id="IPLSng">1072.10133333333</dst>
            <dst id="KSCYng">160.976</dst>
            <dst id="LOSAng">302.365333333333</dst>
            <dst id="NYCMng">222.773333333333</dst>
            <dst id="SNVAng">0</dst>
            <dst id="STTLng">186.917333333333</dst>
            <dst id="WASHng">558.250666666667</dst>
        </src>
        <src id="ATLAng">
            <dst id="ATLA-M5">209.656</dst>
            <dst id="ATLAng">19203.1546666667</dst>
            <dst id="CHINng">18457.7226666667</dst>
            <dst id="DNVRng">5467.8</dst>
            <dst id="HSTNng">4598.29333333333</dst>
            <dst id="IPLSng">21431.3653333333</dst>
            <dst id="KSCYng">1356.54133333333</dst>
            <dst id="LOSAng">17329.3386666667</dst>
            <dst id="NYCMng">8767.75466666667</dst>
            <dst id="SNVAng">616.794666666667</dst>
            <dst id="STTLng">4924.76533333333</dst>
            <dst id="WASHng">36292.4746666667</dst>
        </src>
        <src id="CHINng">
            <dst id="ATLA-M5">1460.06933333333</dst>
            <dst id="ATLAng">17987.4426666667</dst>
            <dst id="CHINng">87884.7466666667</dst>
            <dst id="DNVRng">22034.3413333333</dst>
            <dst id="HSTNng">60947.536</dst>
            <dst id="IPLSng">75566.2773333333</dst>
            <dst id="KSCYng">23187.8986666667</dst>
            <dst id="LOSAng">2035339.09333333</dst>
            <dst id="NYCMng">22372.904</dst>
            <dst id="SNVAng">2525.66133333333</dst>
            <dst id="STTLng">13669.2693333333</dst>
            <dst id="WASHng">34534.7733333333</dst>
        </src>
        <src id="DNVRng">
            <dst id="ATLA-M5">633.536</dst>
            <dst id="ATLAng">7310.18666666667</dst>
            <dst id="CHINng">77598.0986666667</dst>
            <dst id="DNVRng">8717.952</dst>
            <dst id="HSTNng">11607.6293333333</dst>
            <dst id="IPLSng">34380.12</dst>
            <dst id="KSCYng">10234.928</dst>
            <dst id="LOSAng">11150.2373333333</dst>
            <dst id="NYCMng">19265.784</dst>
            <dst id="SNVAng">6494.83466666667</dst>
            <dst id="STTLng">7792.61333333333</dst>
            <dst id="WASHng">43809.2426666667</dst>
        </src>
        <src id="HSTNng">
            <dst id="ATLA-M5">613.565333333333</dst>
            <dst id="ATLAng">1734.67733333333</dst>
            <dst id="CHINng">26110.3173333333</dst>
            <dst id="DNVRng">2944.23466666667</dst>
            <dst id="HSTNng">6029.23466666667</dst>
            <dst id="IPLSng">6568.464</dst>
            <dst id="KSCYng">4281.008</dst>
            <dst id="LOSAng">10613.7813333333</dst>
            <dst id="NYCMng">8212.52266666667</dst>
            <dst id="SNVAng">2355.38133333333</dst>
            <dst id="STTLng">6804.09066666667</dst>
            <dst id="WASHng">6632.77333333333</dst>
        </src>
        <src id="IPLSng">
            <dst id="ATLA-M5">969.554666666667</dst>
            <dst id="ATLAng">12829.6906666667</dst>
            <dst id="CHINng">115497.752</dst>
            <dst id="DNVRng">29426.1253333333</dst>
            <dst id="HSTNng">13989.8746666667</dst>
            <dst id="IPLSng">19982.1866666667</dst>
            <dst id="KSCYng">9501.92</dst>
            <dst id="LOSAng">71707.3413333333</dst>
            <dst id="NYCMng">61636.9813333333</dst>
            <dst id="SNVAng">1530.48533333333</dst>
            <dst id="STTLng">10337.56</dst>
            <dst id="WASHng">28925.7013333333</dst>
        </src>
        <src id="KSCYng">
            <dst id="ATLA-M5">568.168</dst>
            <dst id="ATLAng">2628.704</dst>
            <dst id="CHINng">18868.1173333333</dst>
            <dst id="DNVRng">9472.50933333333</dst>
            <dst id="HSTNng">3976.16</dst>
            <dst id="IPLSng">11886.5813333333</dst>
            <dst id="KSCYng">5154.032</dst>
            <dst id="LOSAng">6189.32533333333</dst>
            <dst id="NYCMng">6057.22933333333</dst>
            <dst id="SNVAng">2130.032</dst>
            <dst id="STTLng">1852.648</dst>
            <dst id="WASHng">13129.6746666667</dst>
        </src>
        <src id="LOSAng">
            <dst id="ATLA-M5">1979.62933333333</dst>
            <dst id="ATLAng">20823.2506666667</dst>
            <dst id="CHINng">1068074.13333333</dst>
            <dst id="DNVRng">15130.2746666667</dst>
            <dst id="HSTNng">10452.552</dst>
            <dst id="IPLSng">40522.784</dst>
            <dst id="KSCYng">9260.16533333333</dst>
            <dst id="LOSAng">11728.0026666667</dst>
            <dst id="NYCMng">79743.976</dst>
            <dst id="SNVAng">8879.832</dst>
            <dst id="STTLng">22372.6213333333</dst>
            <dst id="WASHng">81112.288</dst>
        </src>
        <src id="NYCMng">
            <dst id="ATLA-M5">2059.696</dst>
            <dst id="ATLAng">22792.6586666667</dst>
            <dst id="CHINng">53521.2026666667</dst>
            <dst id="DNVRng">29536.9493333333</dst>
            <dst id="HSTNng">25013.3173333333</dst>
            <dst id="IPLSng">74850.5386666667</dst>
            <dst id="KSCYng">20129.368</dst>
            <dst id="LOSAng">72622.112</dst>
            <dst id="NYCMng">176511.125333333</dst>
            <dst id="SNVAng">4322.568</dst>
            <dst id="STTLng">28577.464</dst>
            <dst id="WASHng">138059.848</dst>
        </src>
        <src id="SNVAng">
            <dst id="ATLA-M5">142.936</dst>
            <dst id="ATLAng">156.28</dst>
            <dst id="CHINng">2970.96533333333</dst>
            <dst id="DNVRng">6374.792</dst>
            <dst id="HSTNng">881.64</dst>
            <dst id="IPLSng">751.861333333333</dst>
            <dst id="KSCYng">5148.904</dst>
            <dst id="LOSAng">36277.232</dst>
            <dst id="NYCMng">747.757333333333</dst>
            <dst id="SNVAng">12849.448</dst>
            <dst id="STTLng">53783.544</dst>
            <dst id="WASHng">456.778666666667</dst>
        </src>
        <src id="STTLng">
            <dst id="ATLA-M5">100.672</dst>
            <dst id="ATLAng">8696.728</dst>
            <dst id="CHINng">14286.904</dst>
            <dst id="DNVRng">4578.408</dst>
            <dst id="HSTNng">11652.6933333333</dst>
            <dst id="IPLSng">7705.976</dst>
            <dst id="KSCYng">2260.344</dst>
            <dst id="LOSAng">19843.128</dst>
            <dst id="NYCMng">4104.76533333333</dst>
            <dst id="SNVAng">3477.23733333333</dst>
            <dst id="STTLng">974.194666666667</dst>
            <dst id="WASHng">7403.36</dst>
        </src>
        <src id="WASHng">
            <dst id="ATLA-M5">20357.0986666667</dst>
            <dst id="ATLAng">79781.5173333333</dst>
            <dst id="CHINng">85059.464</dst>
            <dst id="DNVRng">45255.2026666667</dst>
            <dst id="HSTNng">23607.016</dst>
            <dst id="IPLSng">62221.2586666667</dst>
            <dst id="KSCYng">52520.3626666667</dst>
            <dst id="LOSAng">138822.048</dst>
            <dst id="NYCMng">186447.416</dst>
            <dst id="SNVAng">4804.90133333333</dst>
            <dst id="STTLng">35854.728</dst>
            <dst id="WASHng">265435.208</dst>
        </src>
    </IntraTM>
</TrafficMatrixFile>
