<?xml version="1.0" encoding="ISO-8859-1" standalone="yes"?>
<TrafficMatrixFile xsi:noNamespaceSchemaLocation="http://totem.run.montefiore.ulg.ac.be/Schema/TrafficMatrix-v1_2.xsd" xmlns:xsi="http://www.w3.org/2001/XMLSchema-instance">
    <IntraTM ASID="11537">
        <src id="ATLA-M5">
            <dst id="ATLA-M5">10086.416</dst>
            <dst id="ATLAng">187.306666666667</dst>
            <dst id="CHINng">808.736</dst>
            <dst id="DNVRng">26.6666666666667</dst>
            <dst id="HSTNng">241.706666666667</dst>
            <dst id="IPLSng">264.173333333333</dst>
            <dst id="KSCYng">133.024</dst>
            <dst id="LOSAng">163.106666666667</dst>
            <dst id="NYCMng">200.592</dst>
            <dst id="SNVAng">0</dst>
            <dst id="STTLng">0</dst>
            <dst id="WASHng">3232.96</dst>
        </src>
        <src id="ATLAng">
            <dst id="ATLA-M5">1202.73866666667</dst>
            <dst id="ATLAng">30566.8373333333</dst>
            <dst id="CHINng">13531.1946666667</dst>
            <dst id="DNVRng">3219.99733333333</dst>
            <dst id="HSTNng">2812.25333333333</dst>
            <dst id="IPLSng">14970.6773333333</dst>
            <dst id="KSCYng">1062.74933333333</dst>
            <dst id="LOSAng">25079.3</dst>
            <dst id="NYCMng">10233.8186666667</dst>
            <dst id="SNVAng">177.42</dst>
            <dst id="STTLng">6357.51733333333</dst>
            <dst id="WASHng">48649.3573333333</dst>
        </src>
        <src id="CHINng">
            <dst id="ATLA-M5">442.6</dst>
            <dst id="ATLAng">22477.9093333333</dst>
            <dst id="CHINng">106437.256</dst>
            <dst id="DNVRng">20326.7813333333</dst>
            <dst id="HSTNng">45808.8906666667</dst>
            <dst id="IPLSng">42211.616</dst>
            <dst id="KSCYng">18406.4853333333</dst>
            <dst id="LOSAng">43631.7253333333</dst>
            <dst id="NYCMng">25070.6</dst>
            <dst id="SNVAng">1362.24</dst>
            <dst id="STTLng">15683.272</dst>
            <dst id="WASHng">28901.1946666667</dst>
        </src>
        <src id="DNVRng">
            <dst id="ATLA-M5">116.746666666667</dst>
            <dst id="ATLAng">6925.41066666667</dst>
            <dst id="CHINng">56218.3093333333</dst>
            <dst id="DNVRng">13325.152</dst>
            <dst id="HSTNng">12372.2746666667</dst>
            <dst id="IPLSng">35108.4293333333</dst>
            <dst id="KSCYng">22985.2053333333</dst>
            <dst id="LOSAng">7367.008</dst>
            <dst id="NYCMng">23088.5946666667</dst>
            <dst id="SNVAng">13739.3093333333</dst>
            <dst id="STTLng">12304.3333333333</dst>
            <dst id="WASHng">57266.96</dst>
        </src>
        <src id="HSTNng">
            <dst id="ATLA-M5">4487.728</dst>
            <dst id="ATLAng">2495.66133333333</dst>
            <dst id="CHINng">14194.5253333333</dst>
            <dst id="DNVRng">1322.98133333333</dst>
            <dst id="HSTNng">5698.416</dst>
            <dst id="IPLSng">2269.75466666667</dst>
            <dst id="KSCYng">2608.98133333333</dst>
            <dst id="LOSAng">3753.08266666667</dst>
            <dst id="NYCMng">5949.08533333333</dst>
            <dst id="SNVAng">140.338666666667</dst>
            <dst id="STTLng">1167.49333333333</dst>
            <dst id="WASHng">7871.55733333333</dst>
        </src>
        <src id="IPLSng">
            <dst id="ATLA-M5">233.229333333333</dst>
            <dst id="ATLAng">13653.184</dst>
            <dst id="CHINng">101250.826666667</dst>
            <dst id="DNVRng">21811.9333333333</dst>
            <dst id="HSTNng">3252.46133333333</dst>
            <dst id="IPLSng">19026.0933333333</dst>
            <dst id="KSCYng">6972.288</dst>
            <dst id="LOSAng">36339.2026666667</dst>
            <dst id="NYCMng">48733.8453333333</dst>
            <dst id="SNVAng">1081.35733333333</dst>
            <dst id="STTLng">12685.6186666667</dst>
            <dst id="WASHng">36678.7306666667</dst>
        </src>
        <src id="KSCYng">
            <dst id="ATLA-M5">130.712</dst>
            <dst id="ATLAng">2175.77066666667</dst>
            <dst id="CHINng">26062.6853333333</dst>
            <dst id="DNVRng">9196.48533333333</dst>
            <dst id="HSTNng">3099.75466666667</dst>
            <dst id="IPLSng">16814.32</dst>
            <dst id="KSCYng">9322.208</dst>
            <dst id="LOSAng">6000.344</dst>
            <dst id="NYCMng">12797.704</dst>
            <dst id="SNVAng">1095.49866666667</dst>
            <dst id="STTLng">2041.07733333333</dst>
            <dst id="WASHng">21379.24</dst>
        </src>
        <src id="LOSAng">
            <dst id="ATLA-M5">1982.75466666667</dst>
            <dst id="ATLAng">24605.424</dst>
            <dst id="CHINng">1076383.84</dst>
            <dst id="DNVRng">8496.26133333333</dst>
            <dst id="HSTNng">10806.064</dst>
            <dst id="IPLSng">48835.7413333333</dst>
            <dst id="KSCYng">16533.9813333333</dst>
            <dst id="LOSAng">10388.0346666667</dst>
            <dst id="NYCMng">67606.9626666667</dst>
            <dst id="SNVAng">11627.896</dst>
            <dst id="STTLng">29966.4693333333</dst>
            <dst id="WASHng">150455.077333333</dst>
        </src>
        <src id="NYCMng">
            <dst id="ATLA-M5">989.32</dst>
            <dst id="ATLAng">37067.728</dst>
            <dst id="CHINng">58819.744</dst>
            <dst id="DNVRng">41515.9386666667</dst>
            <dst id="HSTNng">9796.47733333333</dst>
            <dst id="IPLSng">47452.5706666667</dst>
            <dst id="KSCYng">16155.1946666667</dst>
            <dst id="LOSAng">42043.2826666667</dst>
            <dst id="NYCMng">168652.114666667</dst>
            <dst id="SNVAng">1900.06133333333</dst>
            <dst id="STTLng">23918.872</dst>
            <dst id="WASHng">160720.514666667</dst>
        </src>
        <src id="SNVAng">
            <dst id="ATLA-M5">0</dst>
            <dst id="ATLAng">53.3333333333333</dst>
            <dst id="CHINng">1239.79733333333</dst>
            <dst id="DNVRng">8765.096</dst>
            <dst id="HSTNng">3936.30666666667</dst>
            <dst id="IPLSng">424.072</dst>
            <dst id="KSCYng">279.232</dst>
            <dst id="LOSAng">30960.7813333333</dst>
            <dst id="NYCMng">2991.34133333333</dst>
            <dst id="SNVAng">13060.3733333333</dst>
            <dst id="STTLng">50242.656</dst>
            <dst id="WASHng">959.237333333333</dst>
        </src>
        <src id="STTLng">
            <dst id="ATLA-M5">253.84</dst>
            <dst id="ATLAng">9227.72533333333</dst>
            <dst id="CHINng">17250.6933333333</dst>
            <dst id="DNVRng">2181.13866666667</dst>
            <dst id="HSTNng">13691.984</dst>
            <dst id="IPLSng">5409.66666666667</dst>
            <dst id="KSCYng">5092.97333333333</dst>
            <dst id="LOSAng">19694.2506666667</dst>
            <dst id="NYCMng">14178.3306666667</dst>
            <dst id="SNVAng">4047.80533333333</dst>
            <dst id="STTLng">7077.288</dst>
            <dst id="WASHng">10025.352</dst>
        </src>
        <src id="WASHng">
            <dst id="ATLA-M5">2903.39733333333</dst>
            <dst id="ATLAng">214811.333333333</dst>
            <dst id="CHINng">85809.3173333333</dst>
            <dst id="DNVRng">51786.2453333333</dst>
            <dst id="HSTNng">20861.7386666667</dst>
            <dst id="IPLSng">60651.5866666667</dst>
            <dst id="KSCYng">14389.8613333333</dst>
            <dst id="LOSAng">114904.173333333</dst>
            <dst id="NYCMng">172514.432</dst>
            <dst id="SNVAng">2096.21866666667</dst>
            <dst id="STTLng">33432.792</dst>
            <dst id="WASHng">297715.2</dst>
        </src>
    </IntraTM>
</TrafficMatrixFile>
