<?xml version="1.0" encoding="ISO-8859-1" standalone="yes"?>
<TrafficMatrixFile xsi:noNamespaceSchemaLocation="http://totem.run.montefiore.ulg.ac.be/Schema/TrafficMatrix-v1_2.xsd" xmlns:xsi="http://www.w3.org/2001/XMLSchema-instance">
    <IntraTM ASID="11537">
        <src id="ATLA-M5">
            <dst id="ATLA-M5">91.3066666666667</dst>
            <dst id="ATLAng">54.6666666666667</dst>
            <dst id="CHINng">747.437333333333</dst>
            <dst id="DNVRng">65.5946666666667</dst>
            <dst id="HSTNng">181.426666666667</dst>
            <dst id="IPLSng">338.186666666667</dst>
            <dst id="KSCYng">53.8773333333333</dst>
            <dst id="LOSAng">82.24</dst>
            <dst id="NYCMng">80</dst>
            <dst id="SNVAng">0</dst>
            <dst id="STTLng">190.482666666667</dst>
            <dst id="WASHng">643.162666666667</dst>
        </src>
        <src id="ATLAng">
            <dst id="ATLA-M5">224.2</dst>
            <dst id="ATLAng">28560.2453333333</dst>
            <dst id="CHINng">17939.8106666667</dst>
            <dst id="DNVRng">4294.46133333333</dst>
            <dst id="HSTNng">5289.13066666667</dst>
            <dst id="IPLSng">15025.3893333333</dst>
            <dst id="KSCYng">1222.592</dst>
            <dst id="LOSAng">19778.688</dst>
            <dst id="NYCMng">3418.00533333333</dst>
            <dst id="SNVAng">764.68</dst>
            <dst id="STTLng">6136.18133333333</dst>
            <dst id="WASHng">35832.5013333333</dst>
        </src>
        <src id="CHINng">
            <dst id="ATLA-M5">902.546666666667</dst>
            <dst id="ATLAng">11898.456</dst>
            <dst id="CHINng">112860.501333333</dst>
            <dst id="DNVRng">25296.5226666667</dst>
            <dst id="HSTNng">48533.4293333333</dst>
            <dst id="IPLSng">45388.568</dst>
            <dst id="KSCYng">11062.4346666667</dst>
            <dst id="LOSAng">69475.7466666667</dst>
            <dst id="NYCMng">16747.1546666667</dst>
            <dst id="SNVAng">3235.22666666667</dst>
            <dst id="STTLng">12487.0133333333</dst>
            <dst id="WASHng">19941.056</dst>
        </src>
        <src id="DNVRng">
            <dst id="ATLA-M5">228.989333333333</dst>
            <dst id="ATLAng">2981.136</dst>
            <dst id="CHINng">78115.2586666667</dst>
            <dst id="DNVRng">20052.456</dst>
            <dst id="HSTNng">15080.6053333333</dst>
            <dst id="IPLSng">34977.0746666667</dst>
            <dst id="KSCYng">20214.056</dst>
            <dst id="LOSAng">3339.85066666667</dst>
            <dst id="NYCMng">12231.0693333333</dst>
            <dst id="SNVAng">5347.43466666667</dst>
            <dst id="STTLng">10067.952</dst>
            <dst id="WASHng">43615.9946666667</dst>
        </src>
        <src id="HSTNng">
            <dst id="ATLA-M5">4929.50133333333</dst>
            <dst id="ATLAng">1426.79466666667</dst>
            <dst id="CHINng">18562.0613333333</dst>
            <dst id="DNVRng">1307.528</dst>
            <dst id="HSTNng">3177.992</dst>
            <dst id="IPLSng">3351.624</dst>
            <dst id="KSCYng">1995.36266666667</dst>
            <dst id="LOSAng">5688.576</dst>
            <dst id="NYCMng">3606.032</dst>
            <dst id="SNVAng">608.821333333333</dst>
            <dst id="STTLng">3324.18933333333</dst>
            <dst id="WASHng">4689.93066666667</dst>
        </src>
        <src id="IPLSng">
            <dst id="ATLA-M5">1054.49333333333</dst>
            <dst id="ATLAng">17986.1226666667</dst>
            <dst id="CHINng">94198.2266666667</dst>
            <dst id="DNVRng">16878.384</dst>
            <dst id="HSTNng">5616.95466666667</dst>
            <dst id="IPLSng">26383.2426666667</dst>
            <dst id="KSCYng">5473.24266666667</dst>
            <dst id="LOSAng">45869.4533333333</dst>
            <dst id="NYCMng">29260.9466666667</dst>
            <dst id="SNVAng">894.824</dst>
            <dst id="STTLng">14912.3893333333</dst>
            <dst id="WASHng">41817.2826666667</dst>
        </src>
        <src id="KSCYng">
            <dst id="ATLA-M5">569.882666666667</dst>
            <dst id="ATLAng">2001.136</dst>
            <dst id="CHINng">24377.16</dst>
            <dst id="DNVRng">10362.448</dst>
            <dst id="HSTNng">3218.01333333333</dst>
            <dst id="IPLSng">11436.76</dst>
            <dst id="KSCYng">8253.024</dst>
            <dst id="LOSAng">4428.128</dst>
            <dst id="NYCMng">3203.352</dst>
            <dst id="SNVAng">957.92</dst>
            <dst id="STTLng">2312.92</dst>
            <dst id="WASHng">17213.992</dst>
        </src>
        <src id="LOSAng">
            <dst id="ATLA-M5">1776.856</dst>
            <dst id="ATLAng">17927.776</dst>
            <dst id="CHINng">68564.3013333333</dst>
            <dst id="DNVRng">8314.13333333333</dst>
            <dst id="HSTNng">6323.93066666667</dst>
            <dst id="IPLSng">16384.896</dst>
            <dst id="KSCYng">9775.344</dst>
            <dst id="LOSAng">12792.9786666667</dst>
            <dst id="NYCMng">47715.0373333333</dst>
            <dst id="SNVAng">13556.72</dst>
            <dst id="STTLng">23626.8506666667</dst>
            <dst id="WASHng">70272.384</dst>
        </src>
        <src id="NYCMng">
            <dst id="ATLA-M5">2337.59466666667</dst>
            <dst id="ATLAng">14394.8613333333</dst>
            <dst id="CHINng">46653.1946666667</dst>
            <dst id="DNVRng">28429.3573333333</dst>
            <dst id="HSTNng">12885.9013333333</dst>
            <dst id="IPLSng">27649.8106666667</dst>
            <dst id="KSCYng">11465.7333333333</dst>
            <dst id="LOSAng">72810.9093333333</dst>
            <dst id="NYCMng">112111.101333333</dst>
            <dst id="SNVAng">4144.02933333333</dst>
            <dst id="STTLng">26253.68</dst>
            <dst id="WASHng">89232.6026666667</dst>
        </src>
        <src id="SNVAng">
            <dst id="ATLA-M5">231.354666666667</dst>
            <dst id="ATLAng">254.584</dst>
            <dst id="CHINng">1413.41066666667</dst>
            <dst id="DNVRng">9699.81333333333</dst>
            <dst id="HSTNng">328.413333333333</dst>
            <dst id="IPLSng">517.528</dst>
            <dst id="KSCYng">4177.34933333333</dst>
            <dst id="LOSAng">29119.232</dst>
            <dst id="NYCMng">391.525333333333</dst>
            <dst id="SNVAng">13159.6053333333</dst>
            <dst id="STTLng">52597.5493333333</dst>
            <dst id="WASHng">113.394666666667</dst>
        </src>
        <src id="STTLng">
            <dst id="ATLA-M5">485.445333333333</dst>
            <dst id="ATLAng">5688.73333333333</dst>
            <dst id="CHINng">13214.0133333333</dst>
            <dst id="DNVRng">5201.26933333333</dst>
            <dst id="HSTNng">3046.58666666667</dst>
            <dst id="IPLSng">5010.75466666667</dst>
            <dst id="KSCYng">2227.496</dst>
            <dst id="LOSAng">20415.4586666667</dst>
            <dst id="NYCMng">6163.18666666667</dst>
            <dst id="SNVAng">4924.16266666667</dst>
            <dst id="STTLng">5190.50666666667</dst>
            <dst id="WASHng">9278.936</dst>
        </src>
        <src id="WASHng">
            <dst id="ATLA-M5">1430.02933333333</dst>
            <dst id="ATLAng">85598.368</dst>
            <dst id="CHINng">72686.1013333334</dst>
            <dst id="DNVRng">63476.9466666667</dst>
            <dst id="HSTNng">6743.51733333333</dst>
            <dst id="IPLSng">62375.936</dst>
            <dst id="KSCYng">15365.7573333333</dst>
            <dst id="LOSAng">92134.4053333333</dst>
            <dst id="NYCMng">173049.402666667</dst>
            <dst id="SNVAng">5074.536</dst>
            <dst id="STTLng">34400.1253333333</dst>
            <dst id="WASHng">209741.824</dst>
        </src>
    </IntraTM>
</TrafficMatrixFile>
