<?xml version="1.0" encoding="ISO-8859-1" standalone="yes"?>
<TrafficMatrixFile xsi:noNamespaceSchemaLocation="http://totem.run.montefiore.ulg.ac.be/Schema/TrafficMatrix-v1_2.xsd" xmlns:xsi="http://www.w3.org/2001/XMLSchema-instance">
    <IntraTM ASID="11537">
        <src id="ATLA-M5">
            <dst id="ATLA-M5">1292.04</dst>
            <dst id="ATLAng">53.3333333333333</dst>
            <dst id="CHINng">1373.99733333333</dst>
            <dst id="DNVRng">26.6666666666667</dst>
            <dst id="HSTNng">0</dst>
            <dst id="IPLSng">1000.34133333333</dst>
            <dst id="KSCYng">170.157333333333</dst>
            <dst id="LOSAng">163.842666666667</dst>
            <dst id="NYCMng">999.357333333333</dst>
            <dst id="SNVAng">26.6666666666667</dst>
            <dst id="STTLng">128.341333333333</dst>
            <dst id="WASHng">1954.664</dst>
        </src>
        <src id="ATLAng">
            <dst id="ATLA-M5">586.232</dst>
            <dst id="ATLAng">27793.344</dst>
            <dst id="CHINng">15620.0053333333</dst>
            <dst id="DNVRng">3399.34666666667</dst>
            <dst id="HSTNng">3178.08533333333</dst>
            <dst id="IPLSng">17393.6506666667</dst>
            <dst id="KSCYng">1556.24</dst>
            <dst id="LOSAng">27663.3386666667</dst>
            <dst id="NYCMng">7509.336</dst>
            <dst id="SNVAng">217.288</dst>
            <dst id="STTLng">5047.91733333333</dst>
            <dst id="WASHng">61537.9306666667</dst>
        </src>
        <src id="CHINng">
            <dst id="ATLA-M5">342.402666666667</dst>
            <dst id="ATLAng">24001.752</dst>
            <dst id="CHINng">97961.9786666667</dst>
            <dst id="DNVRng">15810.0053333333</dst>
            <dst id="HSTNng">45866.7386666667</dst>
            <dst id="IPLSng">39111.6693333333</dst>
            <dst id="KSCYng">13603.4933333333</dst>
            <dst id="LOSAng">36025.976</dst>
            <dst id="NYCMng">21882.0293333333</dst>
            <dst id="SNVAng">753.685333333333</dst>
            <dst id="STTLng">10329.2053333333</dst>
            <dst id="WASHng">28120.2346666667</dst>
        </src>
        <src id="DNVRng">
            <dst id="ATLA-M5">235.506666666667</dst>
            <dst id="ATLAng">3575.52533333333</dst>
            <dst id="CHINng">56106.176</dst>
            <dst id="DNVRng">13281.3626666667</dst>
            <dst id="HSTNng">12887.3546666667</dst>
            <dst id="IPLSng">37306.728</dst>
            <dst id="KSCYng">19684.04</dst>
            <dst id="LOSAng">14329.5733333333</dst>
            <dst id="NYCMng">15495.9173333333</dst>
            <dst id="SNVAng">11753.0613333333</dst>
            <dst id="STTLng">9858.87466666667</dst>
            <dst id="WASHng">47439.5413333333</dst>
        </src>
        <src id="HSTNng">
            <dst id="ATLA-M5">226.005333333333</dst>
            <dst id="ATLAng">1776.01866666667</dst>
            <dst id="CHINng">13541.9066666667</dst>
            <dst id="DNVRng">1402.76266666667</dst>
            <dst id="HSTNng">5920.01866666667</dst>
            <dst id="IPLSng">2982.40266666667</dst>
            <dst id="KSCYng">3555.88266666667</dst>
            <dst id="LOSAng">2892.288</dst>
            <dst id="NYCMng">4061.41066666667</dst>
            <dst id="SNVAng">336.394666666667</dst>
            <dst id="STTLng">611.92</dst>
            <dst id="WASHng">8662.824</dst>
        </src>
        <src id="IPLSng">
            <dst id="ATLA-M5">338.541333333333</dst>
            <dst id="ATLAng">14555.8906666667</dst>
            <dst id="CHINng">108481.52</dst>
            <dst id="DNVRng">16404.8293333333</dst>
            <dst id="HSTNng">2888.8</dst>
            <dst id="IPLSng">18676.5813333333</dst>
            <dst id="KSCYng">6495.89333333333</dst>
            <dst id="LOSAng">30052.032</dst>
            <dst id="NYCMng">44451.5386666667</dst>
            <dst id="SNVAng">893.616</dst>
            <dst id="STTLng">11936.184</dst>
            <dst id="WASHng">35787.0773333333</dst>
        </src>
        <src id="KSCYng">
            <dst id="ATLA-M5">216.754666666667</dst>
            <dst id="ATLAng">2397.49866666667</dst>
            <dst id="CHINng">23655.2933333333</dst>
            <dst id="DNVRng">9924.15466666667</dst>
            <dst id="HSTNng">3502.592</dst>
            <dst id="IPLSng">17998.0266666667</dst>
            <dst id="KSCYng">6408.2</dst>
            <dst id="LOSAng">7912.664</dst>
            <dst id="NYCMng">9734.89333333334</dst>
            <dst id="SNVAng">1239.34933333333</dst>
            <dst id="STTLng">1860.76533333333</dst>
            <dst id="WASHng">21913.8293333333</dst>
        </src>
        <src id="LOSAng">
            <dst id="ATLA-M5">2028.832</dst>
            <dst id="ATLAng">27199.968</dst>
            <dst id="CHINng">1068247.86666667</dst>
            <dst id="DNVRng">12976.4426666667</dst>
            <dst id="HSTNng">10034.7013333333</dst>
            <dst id="IPLSng">34486.1066666667</dst>
            <dst id="KSCYng">12821.3946666667</dst>
            <dst id="LOSAng">10853.528</dst>
            <dst id="NYCMng">67504.8426666667</dst>
            <dst id="SNVAng">14828.9573333333</dst>
            <dst id="STTLng">16894.1706666667</dst>
            <dst id="WASHng">132177.530666667</dst>
        </src>
        <src id="NYCMng">
            <dst id="ATLA-M5">1260.90133333333</dst>
            <dst id="ATLAng">33850.16</dst>
            <dst id="CHINng">60694.3173333333</dst>
            <dst id="DNVRng">31900.5626666667</dst>
            <dst id="HSTNng">9179.832</dst>
            <dst id="IPLSng">49358.5573333333</dst>
            <dst id="KSCYng">14855.528</dst>
            <dst id="LOSAng">37257.8826666667</dst>
            <dst id="NYCMng">167746.717333333</dst>
            <dst id="SNVAng">1187.58133333333</dst>
            <dst id="STTLng">19726.096</dst>
            <dst id="WASHng">135808.64</dst>
        </src>
        <src id="SNVAng">
            <dst id="ATLA-M5">0</dst>
            <dst id="ATLAng">119.12</dst>
            <dst id="CHINng">834.928</dst>
            <dst id="DNVRng">4565.91466666667</dst>
            <dst id="HSTNng">140.458666666667</dst>
            <dst id="IPLSng">605.530666666667</dst>
            <dst id="KSCYng">89.6426666666667</dst>
            <dst id="LOSAng">31679.6506666667</dst>
            <dst id="NYCMng">981.762666666667</dst>
            <dst id="SNVAng">12479.1386666667</dst>
            <dst id="STTLng">50846.0933333333</dst>
            <dst id="WASHng">389.272</dst>
        </src>
        <src id="STTLng">
            <dst id="ATLA-M5">214.450666666667</dst>
            <dst id="ATLAng">9119.82666666667</dst>
            <dst id="CHINng">12409.32</dst>
            <dst id="DNVRng">1594.952</dst>
            <dst id="HSTNng">6549.30133333333</dst>
            <dst id="IPLSng">3824.03466666667</dst>
            <dst id="KSCYng">5258.30666666667</dst>
            <dst id="LOSAng">14178.5733333333</dst>
            <dst id="NYCMng">13853.544</dst>
            <dst id="SNVAng">3716.04</dst>
            <dst id="STTLng">7378.14933333333</dst>
            <dst id="WASHng">7154.16</dst>
        </src>
        <src id="WASHng">
            <dst id="ATLA-M5">2056.10133333333</dst>
            <dst id="ATLAng">241245.818666667</dst>
            <dst id="CHINng">93233.52</dst>
            <dst id="DNVRng">56538.9066666667</dst>
            <dst id="HSTNng">25587.9386666667</dst>
            <dst id="IPLSng">64609.2853333333</dst>
            <dst id="KSCYng">12345.504</dst>
            <dst id="LOSAng">97469.6293333333</dst>
            <dst id="NYCMng">145523.208</dst>
            <dst id="SNVAng">1035.32533333333</dst>
            <dst id="STTLng">40525.0613333333</dst>
            <dst id="WASHng">343708.613333333</dst>
        </src>
    </IntraTM>
</TrafficMatrixFile>
