<?xml version="1.0" encoding="ISO-8859-1" standalone="yes"?>
<TrafficMatrixFile xsi:noNamespaceSchemaLocation="http://totem.run.montefiore.ulg.ac.be/Schema/TrafficMatrix-v1_2.xsd" xmlns:xsi="http://www.w3.org/2001/XMLSchema-instance">
    <IntraTM ASID="11537">
        <src id="ATLA-M5">
            <dst id="ATLA-M5">1770.54133333333</dst>
            <dst id="ATLAng">0</dst>
            <dst id="CHINng">284.037333333333</dst>
            <dst id="DNVRng">106.666666666667</dst>
            <dst id="HSTNng">133.333333333333</dst>
            <dst id="IPLSng">184.210666666667</dst>
            <dst id="KSCYng">53.3333333333333</dst>
            <dst id="LOSAng">109.434666666667</dst>
            <dst id="NYCMng">106.666666666667</dst>
            <dst id="SNVAng">0</dst>
            <dst id="STTLng">45.312</dst>
            <dst id="WASHng">666.12</dst>
        </src>
        <src id="ATLAng">
            <dst id="ATLA-M5">84.6906666666667</dst>
            <dst id="ATLAng">31606.2426666667</dst>
            <dst id="CHINng">14769.3013333333</dst>
            <dst id="DNVRng">3029.76266666667</dst>
            <dst id="HSTNng">1751.38666666667</dst>
            <dst id="IPLSng">14053.088</dst>
            <dst id="KSCYng">1606.19733333333</dst>
            <dst id="LOSAng">22520.8666666667</dst>
            <dst id="NYCMng">8357.21866666667</dst>
            <dst id="SNVAng">380.44</dst>
            <dst id="STTLng">4791.784</dst>
            <dst id="WASHng">35426.6613333333</dst>
        </src>
        <src id="CHINng">
            <dst id="ATLA-M5">560.866666666667</dst>
            <dst id="ATLAng">15008.0586666667</dst>
            <dst id="CHINng">110682.616</dst>
            <dst id="DNVRng">19578.2506666667</dst>
            <dst id="HSTNng">44954.2186666667</dst>
            <dst id="IPLSng">34639.568</dst>
            <dst id="KSCYng">14929.984</dst>
            <dst id="LOSAng">40565.5013333333</dst>
            <dst id="NYCMng">19597.6053333333</dst>
            <dst id="SNVAng">1663.448</dst>
            <dst id="STTLng">10966.2773333333</dst>
            <dst id="WASHng">22093.6186666667</dst>
        </src>
        <src id="DNVRng">
            <dst id="ATLA-M5">333.674666666667</dst>
            <dst id="ATLAng">5307.624</dst>
            <dst id="CHINng">64299.7546666667</dst>
            <dst id="DNVRng">10969.6506666667</dst>
            <dst id="HSTNng">13133.6533333333</dst>
            <dst id="IPLSng">31167.4426666667</dst>
            <dst id="KSCYng">13306.9546666667</dst>
            <dst id="LOSAng">4458.48266666667</dst>
            <dst id="NYCMng">12301.2373333333</dst>
            <dst id="SNVAng">12672.5173333333</dst>
            <dst id="STTLng">8719.176</dst>
            <dst id="WASHng">43345.768</dst>
        </src>
        <src id="HSTNng">
            <dst id="ATLA-M5">623.978666666667</dst>
            <dst id="ATLAng">2671.248</dst>
            <dst id="CHINng">19663.1973333333</dst>
            <dst id="DNVRng">1716.816</dst>
            <dst id="HSTNng">5180.536</dst>
            <dst id="IPLSng">2567.37066666667</dst>
            <dst id="KSCYng">1698.48</dst>
            <dst id="LOSAng">3078.59466666667</dst>
            <dst id="NYCMng">3182.80266666667</dst>
            <dst id="SNVAng">486.245333333333</dst>
            <dst id="STTLng">1590.70133333333</dst>
            <dst id="WASHng">3700.76533333333</dst>
        </src>
        <src id="IPLSng">
            <dst id="ATLA-M5">483.256</dst>
            <dst id="ATLAng">21615.5573333333</dst>
            <dst id="CHINng">70917.376</dst>
            <dst id="DNVRng">14587.448</dst>
            <dst id="HSTNng">3057.05066666667</dst>
            <dst id="IPLSng">24016.8506666667</dst>
            <dst id="KSCYng">5157.56266666667</dst>
            <dst id="LOSAng">21878.72</dst>
            <dst id="NYCMng">45493.616</dst>
            <dst id="SNVAng">1373.28</dst>
            <dst id="STTLng">8484.152</dst>
            <dst id="WASHng">26963.16</dst>
        </src>
        <src id="KSCYng">
            <dst id="ATLA-M5">0</dst>
            <dst id="ATLAng">2366.4</dst>
            <dst id="CHINng">22890.9573333333</dst>
            <dst id="DNVRng">15608.1786666667</dst>
            <dst id="HSTNng">3602.08266666667</dst>
            <dst id="IPLSng">16576.528</dst>
            <dst id="KSCYng">6490.73066666667</dst>
            <dst id="LOSAng">7116.44266666667</dst>
            <dst id="NYCMng">3102.01066666667</dst>
            <dst id="SNVAng">1332.968</dst>
            <dst id="STTLng">1525.984</dst>
            <dst id="WASHng">11497.936</dst>
        </src>
        <src id="LOSAng">
            <dst id="ATLA-M5">1344.18133333333</dst>
            <dst id="ATLAng">21750.6933333333</dst>
            <dst id="CHINng">76177.4053333333</dst>
            <dst id="DNVRng">5737.08</dst>
            <dst id="HSTNng">3714.53866666667</dst>
            <dst id="IPLSng">22820.688</dst>
            <dst id="KSCYng">9229.98133333333</dst>
            <dst id="LOSAng">11990.6506666667</dst>
            <dst id="NYCMng">66176.5173333333</dst>
            <dst id="SNVAng">8159.83733333333</dst>
            <dst id="STTLng">18344.1946666667</dst>
            <dst id="WASHng">153559.888</dst>
        </src>
        <src id="NYCMng">
            <dst id="ATLA-M5">1788.79466666667</dst>
            <dst id="ATLAng">21448.4373333333</dst>
            <dst id="CHINng">46411.224</dst>
            <dst id="DNVRng">32164.3226666667</dst>
            <dst id="HSTNng">9358.664</dst>
            <dst id="IPLSng">40286.624</dst>
            <dst id="KSCYng">15849.7546666667</dst>
            <dst id="LOSAng">42537.5706666667</dst>
            <dst id="NYCMng">137222.597333333</dst>
            <dst id="SNVAng">1849.75466666667</dst>
            <dst id="STTLng">23140.1013333333</dst>
            <dst id="WASHng">136768.234666667</dst>
        </src>
        <src id="SNVAng">
            <dst id="ATLA-M5">0</dst>
            <dst id="ATLAng">524.661333333333</dst>
            <dst id="CHINng">1029.552</dst>
            <dst id="DNVRng">11995.0133333333</dst>
            <dst id="HSTNng">116.48</dst>
            <dst id="IPLSng">179.146666666667</dst>
            <dst id="KSCYng">26.6666666666667</dst>
            <dst id="LOSAng">32853.4</dst>
            <dst id="NYCMng">9289.74133333333</dst>
            <dst id="SNVAng">11742.536</dst>
            <dst id="STTLng">49077.7386666667</dst>
            <dst id="WASHng">296.232</dst>
        </src>
        <src id="STTLng">
            <dst id="ATLA-M5">85.2213333333333</dst>
            <dst id="ATLAng">7089.056</dst>
            <dst id="CHINng">15740.8346666667</dst>
            <dst id="DNVRng">2451.54933333333</dst>
            <dst id="HSTNng">6247.032</dst>
            <dst id="IPLSng">3174.232</dst>
            <dst id="KSCYng">5292.424</dst>
            <dst id="LOSAng">12100.5573333333</dst>
            <dst id="NYCMng">6236.20266666667</dst>
            <dst id="SNVAng">3951.664</dst>
            <dst id="STTLng">5015.41866666667</dst>
            <dst id="WASHng">5485.17066666667</dst>
        </src>
        <src id="WASHng">
            <dst id="ATLA-M5">769.36</dst>
            <dst id="ATLAng">114059.002666667</dst>
            <dst id="CHINng">71398.8533333333</dst>
            <dst id="DNVRng">50805.76</dst>
            <dst id="HSTNng">28435.4053333333</dst>
            <dst id="IPLSng">53945.6373333333</dst>
            <dst id="KSCYng">19435.0586666667</dst>
            <dst id="LOSAng">98399.1786666667</dst>
            <dst id="NYCMng">154970.288</dst>
            <dst id="SNVAng">5220.94133333333</dst>
            <dst id="STTLng">27327.9013333333</dst>
            <dst id="WASHng">367920.693333333</dst>
        </src>
    </IntraTM>
</TrafficMatrixFile>
