<?xml version="1.0" encoding="ISO-8859-1" standalone="yes"?>
<TrafficMatrixFile xsi:noNamespaceSchemaLocation="http://totem.run.montefiore.ulg.ac.be/Schema/TrafficMatrix-v1_2.xsd" xmlns:xsi="http://www.w3.org/2001/XMLSchema-instance">
    <IntraTM ASID="11537">
        <src id="ATLA-M5">
            <dst id="ATLA-M5">26.6666666666667</dst>
            <dst id="ATLAng">80</dst>
            <dst id="CHINng">465.578666666667</dst>
            <dst id="DNVRng">123.818666666667</dst>
            <dst id="HSTNng">157.474666666667</dst>
            <dst id="IPLSng">513.325333333334</dst>
            <dst id="KSCYng">53.3333333333333</dst>
            <dst id="LOSAng">186.450666666667</dst>
            <dst id="NYCMng">547.552</dst>
            <dst id="SNVAng">26.6666666666667</dst>
            <dst id="STTLng">83.7626666666667</dst>
            <dst id="WASHng">320.730666666667</dst>
        </src>
        <src id="ATLAng">
            <dst id="ATLA-M5">212.898666666667</dst>
            <dst id="ATLAng">27871.248</dst>
            <dst id="CHINng">14876.6906666667</dst>
            <dst id="DNVRng">4598.81866666667</dst>
            <dst id="HSTNng">6053.74133333333</dst>
            <dst id="IPLSng">14145.848</dst>
            <dst id="KSCYng">1711.416</dst>
            <dst id="LOSAng">18384.1173333333</dst>
            <dst id="NYCMng">4852.688</dst>
            <dst id="SNVAng">1117.69066666667</dst>
            <dst id="STTLng">6901.71733333333</dst>
            <dst id="WASHng">31344.6293333333</dst>
        </src>
        <src id="CHINng">
            <dst id="ATLA-M5">1305.47733333333</dst>
            <dst id="ATLAng">13845.5466666667</dst>
            <dst id="CHINng">105990.88</dst>
            <dst id="DNVRng">20919.032</dst>
            <dst id="HSTNng">48217.272</dst>
            <dst id="IPLSng">46029.896</dst>
            <dst id="KSCYng">11411.0933333333</dst>
            <dst id="LOSAng">97156.0373333333</dst>
            <dst id="NYCMng">18613.456</dst>
            <dst id="SNVAng">2797.736</dst>
            <dst id="STTLng">14086.0773333333</dst>
            <dst id="WASHng">20274.4346666667</dst>
        </src>
        <src id="DNVRng">
            <dst id="ATLA-M5">123.149333333333</dst>
            <dst id="ATLAng">4466.21066666667</dst>
            <dst id="CHINng">84853.528</dst>
            <dst id="DNVRng">22083.1946666667</dst>
            <dst id="HSTNng">14678.1146666667</dst>
            <dst id="IPLSng">26307.8293333333</dst>
            <dst id="KSCYng">20524.9786666667</dst>
            <dst id="LOSAng">9720.90933333334</dst>
            <dst id="NYCMng">15542.5466666667</dst>
            <dst id="SNVAng">5493.86666666667</dst>
            <dst id="STTLng">12671.5333333333</dst>
            <dst id="WASHng">42895.6293333333</dst>
        </src>
        <src id="HSTNng">
            <dst id="ATLA-M5">2719.82933333333</dst>
            <dst id="ATLAng">1534.49066666667</dst>
            <dst id="CHINng">22037.6293333333</dst>
            <dst id="DNVRng">1936.512</dst>
            <dst id="HSTNng">5307.64533333333</dst>
            <dst id="IPLSng">3453.50133333333</dst>
            <dst id="KSCYng">1931.272</dst>
            <dst id="LOSAng">5689.61066666666</dst>
            <dst id="NYCMng">3303.85066666667</dst>
            <dst id="SNVAng">2250.376</dst>
            <dst id="STTLng">2737.06666666667</dst>
            <dst id="WASHng">6023.096</dst>
        </src>
        <src id="IPLSng">
            <dst id="ATLA-M5">869.445333333333</dst>
            <dst id="ATLAng">19440.3813333333</dst>
            <dst id="CHINng">87794.616</dst>
            <dst id="DNVRng">18415.2293333333</dst>
            <dst id="HSTNng">5527.50666666667</dst>
            <dst id="IPLSng">11933.5386666667</dst>
            <dst id="KSCYng">7390.656</dst>
            <dst id="LOSAng">56828.064</dst>
            <dst id="NYCMng">30884.4346666667</dst>
            <dst id="SNVAng">2934.71733333333</dst>
            <dst id="STTLng">11245.6106666667</dst>
            <dst id="WASHng">38974.656</dst>
        </src>
        <src id="KSCYng">
            <dst id="ATLA-M5">496.176</dst>
            <dst id="ATLAng">2782.65333333333</dst>
            <dst id="CHINng">28200.984</dst>
            <dst id="DNVRng">8906.42133333333</dst>
            <dst id="HSTNng">3459.50933333333</dst>
            <dst id="IPLSng">11726.6293333333</dst>
            <dst id="KSCYng">8362.816</dst>
            <dst id="LOSAng">7364.89333333333</dst>
            <dst id="NYCMng">3531.176</dst>
            <dst id="SNVAng">295.314666666667</dst>
            <dst id="STTLng">1842.19466666667</dst>
            <dst id="WASHng">16119.8666666667</dst>
        </src>
        <src id="LOSAng">
            <dst id="ATLA-M5">1859.51466666667</dst>
            <dst id="ATLAng">26026.632</dst>
            <dst id="CHINng">307639.733333333</dst>
            <dst id="DNVRng">10124.7893333333</dst>
            <dst id="HSTNng">4432.33333333333</dst>
            <dst id="IPLSng">16991.0533333333</dst>
            <dst id="KSCYng">8826.39733333333</dst>
            <dst id="LOSAng">15934.7146666667</dst>
            <dst id="NYCMng">46325.2186666667</dst>
            <dst id="SNVAng">5299.224</dst>
            <dst id="STTLng">21811.664</dst>
            <dst id="WASHng">75240.7733333333</dst>
        </src>
        <src id="NYCMng">
            <dst id="ATLA-M5">1939.63733333333</dst>
            <dst id="ATLAng">12316.224</dst>
            <dst id="CHINng">64192.424</dst>
            <dst id="DNVRng">26538.48</dst>
            <dst id="HSTNng">10319.9866666667</dst>
            <dst id="IPLSng">38982.4346666667</dst>
            <dst id="KSCYng">13151.0693333333</dst>
            <dst id="LOSAng">68750.4613333333</dst>
            <dst id="NYCMng">118070.026666667</dst>
            <dst id="SNVAng">6202.31466666667</dst>
            <dst id="STTLng">22167.3306666667</dst>
            <dst id="WASHng">96953.3786666667</dst>
        </src>
        <src id="SNVAng">
            <dst id="ATLA-M5">26.6666666666667</dst>
            <dst id="ATLAng">53.3333333333333</dst>
            <dst id="CHINng">1775.088</dst>
            <dst id="DNVRng">10472.8853333333</dst>
            <dst id="HSTNng">157.226666666667</dst>
            <dst id="IPLSng">2890.17866666667</dst>
            <dst id="KSCYng">4953.67466666667</dst>
            <dst id="LOSAng">28566.3546666667</dst>
            <dst id="NYCMng">595.645333333333</dst>
            <dst id="SNVAng">10951.528</dst>
            <dst id="STTLng">48607.5333333333</dst>
            <dst id="WASHng">165.570666666667</dst>
        </src>
        <src id="STTLng">
            <dst id="ATLA-M5">394.490666666667</dst>
            <dst id="ATLAng">6548.17866666667</dst>
            <dst id="CHINng">13534.9946666667</dst>
            <dst id="DNVRng">4592.93066666667</dst>
            <dst id="HSTNng">4057.16533333333</dst>
            <dst id="IPLSng">7343.14133333333</dst>
            <dst id="KSCYng">3177.61333333333</dst>
            <dst id="LOSAng">17517.5946666667</dst>
            <dst id="NYCMng">6808.688</dst>
            <dst id="SNVAng">4612.63733333333</dst>
            <dst id="STTLng">6175.904</dst>
            <dst id="WASHng">7535.23466666667</dst>
        </src>
        <src id="WASHng">
            <dst id="ATLA-M5">1171.11733333333</dst>
            <dst id="ATLAng">74120.8426666667</dst>
            <dst id="CHINng">74553.1493333333</dst>
            <dst id="DNVRng">52123.464</dst>
            <dst id="HSTNng">12997.7813333333</dst>
            <dst id="IPLSng">73774.7386666667</dst>
            <dst id="KSCYng">28351.1733333333</dst>
            <dst id="LOSAng">106193.533333333</dst>
            <dst id="NYCMng">166122.954666667</dst>
            <dst id="SNVAng">5041.648</dst>
            <dst id="STTLng">32928.4346666667</dst>
            <dst id="WASHng">356757.013333333</dst>
        </src>
    </IntraTM>
</TrafficMatrixFile>
