<?xml version="1.0" encoding="ISO-8859-1" standalone="yes"?>
<TrafficMatrixFile xsi:noNamespaceSchemaLocation="http://totem.run.montefiore.ulg.ac.be/Schema/TrafficMatrix-v1_2.xsd" xmlns:xsi="http://www.w3.org/2001/XMLSchema-instance">
    <IntraTM ASID="11537">
        <src id="ATLA-M5">
            <dst id="ATLA-M5">1228.58933333333</dst>
            <dst id="ATLAng">142.666666666667</dst>
            <dst id="CHINng">805.282666666667</dst>
            <dst id="DNVRng">91.4666666666667</dst>
            <dst id="HSTNng">217.64</dst>
            <dst id="IPLSng">308.250666666667</dst>
            <dst id="KSCYng">851.669333333333</dst>
            <dst id="LOSAng">177.146666666667</dst>
            <dst id="NYCMng">135.984</dst>
            <dst id="SNVAng">0</dst>
            <dst id="STTLng">195.074666666667</dst>
            <dst id="WASHng">2649.09066666667</dst>
        </src>
        <src id="ATLAng">
            <dst id="ATLA-M5">768.266666666667</dst>
            <dst id="ATLAng">21351.1653333333</dst>
            <dst id="CHINng">13307.5813333333</dst>
            <dst id="DNVRng">3967.02133333333</dst>
            <dst id="HSTNng">2312.92</dst>
            <dst id="IPLSng">18471.6213333333</dst>
            <dst id="KSCYng">1493.208</dst>
            <dst id="LOSAng">20183.288</dst>
            <dst id="NYCMng">12551.784</dst>
            <dst id="SNVAng">227.042666666667</dst>
            <dst id="STTLng">10034.2186666667</dst>
            <dst id="WASHng">37534.6506666667</dst>
        </src>
        <src id="CHINng">
            <dst id="ATLA-M5">479.576</dst>
            <dst id="ATLAng">13120.2506666667</dst>
            <dst id="CHINng">114341.384</dst>
            <dst id="DNVRng">26171.8426666667</dst>
            <dst id="HSTNng">54849.6026666667</dst>
            <dst id="IPLSng">36617.5013333333</dst>
            <dst id="KSCYng">12957.896</dst>
            <dst id="LOSAng">43368.6506666667</dst>
            <dst id="NYCMng">26309.9626666667</dst>
            <dst id="SNVAng">1438.23466666667</dst>
            <dst id="STTLng">18293.44</dst>
            <dst id="WASHng">21123.7253333333</dst>
        </src>
        <src id="DNVRng">
            <dst id="ATLA-M5">175.650666666667</dst>
            <dst id="ATLAng">4819.48533333333</dst>
            <dst id="CHINng">54539.1973333333</dst>
            <dst id="DNVRng">6129.69333333333</dst>
            <dst id="HSTNng">18225.2026666667</dst>
            <dst id="IPLSng">30574.6186666667</dst>
            <dst id="KSCYng">8562.49866666667</dst>
            <dst id="LOSAng">6086.69066666667</dst>
            <dst id="NYCMng">17462.7333333333</dst>
            <dst id="SNVAng">8109.22666666667</dst>
            <dst id="STTLng">6293.37866666667</dst>
            <dst id="WASHng">41583.7653333333</dst>
        </src>
        <src id="HSTNng">
            <dst id="ATLA-M5">3160.77333333333</dst>
            <dst id="ATLAng">2222.30133333333</dst>
            <dst id="CHINng">18964.4826666667</dst>
            <dst id="DNVRng">1899.57066666667</dst>
            <dst id="HSTNng">4953.79733333333</dst>
            <dst id="IPLSng">9260.232</dst>
            <dst id="KSCYng">2360.34133333333</dst>
            <dst id="LOSAng">3516.784</dst>
            <dst id="NYCMng">8228.25866666667</dst>
            <dst id="SNVAng">937.245333333334</dst>
            <dst id="STTLng">1481.30933333333</dst>
            <dst id="WASHng">6713.424</dst>
        </src>
        <src id="IPLSng">
            <dst id="ATLA-M5">655.181333333333</dst>
            <dst id="ATLAng">20425.08</dst>
            <dst id="CHINng">104825.824</dst>
            <dst id="DNVRng">17333.4986666667</dst>
            <dst id="HSTNng">5043.34933333333</dst>
            <dst id="IPLSng">19390.592</dst>
            <dst id="KSCYng">6182.10133333333</dst>
            <dst id="LOSAng">39153.2293333333</dst>
            <dst id="NYCMng">48097.1333333333</dst>
            <dst id="SNVAng">890.528</dst>
            <dst id="STTLng">10046.072</dst>
            <dst id="WASHng">40858.5973333333</dst>
        </src>
        <src id="KSCYng">
            <dst id="ATLA-M5">452.216</dst>
            <dst id="ATLAng">2261.504</dst>
            <dst id="CHINng">29546.2506666667</dst>
            <dst id="DNVRng">15523.5973333333</dst>
            <dst id="HSTNng">3639.21066666667</dst>
            <dst id="IPLSng">20888.3733333333</dst>
            <dst id="KSCYng">6640.856</dst>
            <dst id="LOSAng">6916.032</dst>
            <dst id="NYCMng">9128.992</dst>
            <dst id="SNVAng">1121.37066666667</dst>
            <dst id="STTLng">2815.44266666667</dst>
            <dst id="WASHng">16387.4133333333</dst>
        </src>
        <src id="LOSAng">
            <dst id="ATLA-M5">1703.31466666667</dst>
            <dst id="ATLAng">27803.0106666667</dst>
            <dst id="CHINng">1070207.17333333</dst>
            <dst id="DNVRng">9129.55733333333</dst>
            <dst id="HSTNng">9959.6</dst>
            <dst id="IPLSng">58534.768</dst>
            <dst id="KSCYng">12946.7893333333</dst>
            <dst id="LOSAng">11867.2133333333</dst>
            <dst id="NYCMng">86406.992</dst>
            <dst id="SNVAng">10718.0773333333</dst>
            <dst id="STTLng">26759.9946666667</dst>
            <dst id="WASHng">152439.578666667</dst>
        </src>
        <src id="NYCMng">
            <dst id="ATLA-M5">2063.81066666667</dst>
            <dst id="ATLAng">34279.32</dst>
            <dst id="CHINng">60397.312</dst>
            <dst id="DNVRng">39171.024</dst>
            <dst id="HSTNng">14220.944</dst>
            <dst id="IPLSng">51100.4746666667</dst>
            <dst id="KSCYng">19371.6186666667</dst>
            <dst id="LOSAng">49548.4213333333</dst>
            <dst id="NYCMng">231990.226666667</dst>
            <dst id="SNVAng">2835.66933333333</dst>
            <dst id="STTLng">21900.7493333333</dst>
            <dst id="WASHng">139483.744</dst>
        </src>
        <src id="SNVAng">
            <dst id="ATLA-M5">0</dst>
            <dst id="ATLAng">740.826666666667</dst>
            <dst id="CHINng">1364.81066666667</dst>
            <dst id="DNVRng">3850.50933333333</dst>
            <dst id="HSTNng">489.434666666667</dst>
            <dst id="IPLSng">872.381333333333</dst>
            <dst id="KSCYng">521.453333333333</dst>
            <dst id="LOSAng">33547.84</dst>
            <dst id="NYCMng">1905.27466666667</dst>
            <dst id="SNVAng">13045.1813333333</dst>
            <dst id="STTLng">51147.12</dst>
            <dst id="WASHng">308.962666666667</dst>
        </src>
        <src id="STTLng">
            <dst id="ATLA-M5">218.762666666667</dst>
            <dst id="ATLAng">7820.47466666667</dst>
            <dst id="CHINng">15523.4346666667</dst>
            <dst id="DNVRng">3347.136</dst>
            <dst id="HSTNng">11096.56</dst>
            <dst id="IPLSng">4636.112</dst>
            <dst id="KSCYng">3766.304</dst>
            <dst id="LOSAng">18184.008</dst>
            <dst id="NYCMng">7678.31733333334</dst>
            <dst id="SNVAng">4843.74666666667</dst>
            <dst id="STTLng">2932.088</dst>
            <dst id="WASHng">8467.68</dst>
        </src>
        <src id="WASHng">
            <dst id="ATLA-M5">1233.53066666667</dst>
            <dst id="ATLAng">66834.7386666667</dst>
            <dst id="CHINng">74235.0053333333</dst>
            <dst id="DNVRng">47922.0613333333</dst>
            <dst id="HSTNng">20067.744</dst>
            <dst id="IPLSng">46926.8053333333</dst>
            <dst id="KSCYng">14210.2106666667</dst>
            <dst id="LOSAng">128717.477333333</dst>
            <dst id="NYCMng">153206.653333333</dst>
            <dst id="SNVAng">6558.81333333333</dst>
            <dst id="STTLng">39682.208</dst>
            <dst id="WASHng">239571.309333333</dst>
        </src>
    </IntraTM>
</TrafficMatrixFile>
