<?xml version="1.0" encoding="ISO-8859-1" standalone="yes"?>
<TrafficMatrixFile xsi:noNamespaceSchemaLocation="http://totem.run.montefiore.ulg.ac.be/Schema/TrafficMatrix-v1_2.xsd" xmlns:xsi="http://www.w3.org/2001/XMLSchema-instance">
    <IntraTM ASID="11537">
        <src id="ATLA-M5">
            <dst id="ATLA-M5">73.0026666666667</dst>
            <dst id="ATLAng">53.3333333333333</dst>
            <dst id="CHINng">169.704</dst>
            <dst id="DNVRng">0</dst>
            <dst id="HSTNng">125.578666666667</dst>
            <dst id="IPLSng">747.909333333333</dst>
            <dst id="KSCYng">390.552</dst>
            <dst id="LOSAng">280</dst>
            <dst id="NYCMng">243.018666666667</dst>
            <dst id="SNVAng">0</dst>
            <dst id="STTLng">26.6666666666667</dst>
            <dst id="WASHng">186.666666666667</dst>
        </src>
        <src id="ATLAng">
            <dst id="ATLA-M5">130.282666666667</dst>
            <dst id="ATLAng">23846.9253333333</dst>
            <dst id="CHINng">16981.272</dst>
            <dst id="DNVRng">8492.68</dst>
            <dst id="HSTNng">5758.13866666667</dst>
            <dst id="IPLSng">13313.44</dst>
            <dst id="KSCYng">2093.28533333333</dst>
            <dst id="LOSAng">15443.2266666667</dst>
            <dst id="NYCMng">8466.10666666667</dst>
            <dst id="SNVAng">385.069333333333</dst>
            <dst id="STTLng">3221.864</dst>
            <dst id="WASHng">43667.024</dst>
        </src>
        <src id="CHINng">
            <dst id="ATLA-M5">336.36</dst>
            <dst id="ATLAng">24103.6373333333</dst>
            <dst id="CHINng">115562.469333333</dst>
            <dst id="DNVRng">29295.7866666667</dst>
            <dst id="HSTNng">46984.7253333333</dst>
            <dst id="IPLSng">53686.1413333333</dst>
            <dst id="KSCYng">14197.6453333333</dst>
            <dst id="LOSAng">45529.0373333333</dst>
            <dst id="NYCMng">19591.5093333333</dst>
            <dst id="SNVAng">2402.16266666667</dst>
            <dst id="STTLng">18532.0506666667</dst>
            <dst id="WASHng">34226.072</dst>
        </src>
        <src id="DNVRng">
            <dst id="ATLA-M5">132.093333333333</dst>
            <dst id="ATLAng">4882.848</dst>
            <dst id="CHINng">85834.968</dst>
            <dst id="DNVRng">10514.4826666667</dst>
            <dst id="HSTNng">14387.6</dst>
            <dst id="IPLSng">27644.456</dst>
            <dst id="KSCYng">20062.0826666667</dst>
            <dst id="LOSAng">5816.104</dst>
            <dst id="NYCMng">16675.0293333333</dst>
            <dst id="SNVAng">4695.73333333333</dst>
            <dst id="STTLng">10135.344</dst>
            <dst id="WASHng">44876.008</dst>
        </src>
        <src id="HSTNng">
            <dst id="ATLA-M5">4231.88266666667</dst>
            <dst id="ATLAng">1048.16</dst>
            <dst id="CHINng">19425.0693333333</dst>
            <dst id="DNVRng">1032.33333333333</dst>
            <dst id="HSTNng">4239.59733333333</dst>
            <dst id="IPLSng">13227.264</dst>
            <dst id="KSCYng">3294.21333333333</dst>
            <dst id="LOSAng">9675.01333333333</dst>
            <dst id="NYCMng">5164.42666666667</dst>
            <dst id="SNVAng">371.757333333333</dst>
            <dst id="STTLng">2596.92266666667</dst>
            <dst id="WASHng">4740.01066666667</dst>
        </src>
        <src id="IPLSng">
            <dst id="ATLA-M5">485.152</dst>
            <dst id="ATLAng">15761.1706666667</dst>
            <dst id="CHINng">124687.917333333</dst>
            <dst id="DNVRng">14449.2266666667</dst>
            <dst id="HSTNng">12813.8266666667</dst>
            <dst id="IPLSng">29037.9173333333</dst>
            <dst id="KSCYng">6491.00533333333</dst>
            <dst id="LOSAng">17864.9066666667</dst>
            <dst id="NYCMng">103811.16</dst>
            <dst id="SNVAng">849.290666666667</dst>
            <dst id="STTLng">8704.952</dst>
            <dst id="WASHng">46290.6693333333</dst>
        </src>
        <src id="KSCYng">
            <dst id="ATLA-M5">168.056</dst>
            <dst id="ATLAng">3561.51733333333</dst>
            <dst id="CHINng">33783.2373333333</dst>
            <dst id="DNVRng">9525.96266666667</dst>
            <dst id="HSTNng">4322.568</dst>
            <dst id="IPLSng">13815.1253333333</dst>
            <dst id="KSCYng">8217.81066666667</dst>
            <dst id="LOSAng">3038.784</dst>
            <dst id="NYCMng">9228.15733333333</dst>
            <dst id="SNVAng">187.322666666667</dst>
            <dst id="STTLng">1168.26666666667</dst>
            <dst id="WASHng">24783.912</dst>
        </src>
        <src id="LOSAng">
            <dst id="ATLA-M5">1642.248</dst>
            <dst id="ATLAng">17476.6986666667</dst>
            <dst id="CHINng">71866.8133333333</dst>
            <dst id="DNVRng">7233.352</dst>
            <dst id="HSTNng">22750.0986666667</dst>
            <dst id="IPLSng">22894.7573333333</dst>
            <dst id="KSCYng">8731.36533333333</dst>
            <dst id="LOSAng">10725.4986666667</dst>
            <dst id="NYCMng">54150.2266666667</dst>
            <dst id="SNVAng">13295.224</dst>
            <dst id="STTLng">32078.5813333333</dst>
            <dst id="WASHng">84167.4</dst>
        </src>
        <src id="NYCMng">
            <dst id="ATLA-M5">1335.08</dst>
            <dst id="ATLAng">20873.4053333333</dst>
            <dst id="CHINng">52148.976</dst>
            <dst id="DNVRng">28808.4186666667</dst>
            <dst id="HSTNng">12207.3066666667</dst>
            <dst id="IPLSng">59240.264</dst>
            <dst id="KSCYng">10831.904</dst>
            <dst id="LOSAng">37811.6586666667</dst>
            <dst id="NYCMng">192754.530666667</dst>
            <dst id="SNVAng">2345.41333333333</dst>
            <dst id="STTLng">24899.7413333333</dst>
            <dst id="WASHng">124683.082666667</dst>
        </src>
        <src id="SNVAng">
            <dst id="ATLA-M5">0</dst>
            <dst id="ATLAng">106.666666666667</dst>
            <dst id="CHINng">1632.66666666667</dst>
            <dst id="DNVRng">6338.68533333333</dst>
            <dst id="HSTNng">88.2346666666667</dst>
            <dst id="IPLSng">678.914666666667</dst>
            <dst id="KSCYng">89.3706666666667</dst>
            <dst id="LOSAng">35587.1066666667</dst>
            <dst id="NYCMng">466.76</dst>
            <dst id="SNVAng">12633.392</dst>
            <dst id="STTLng">56615.0506666667</dst>
            <dst id="WASHng">119.048</dst>
        </src>
        <src id="STTLng">
            <dst id="ATLA-M5">60.7413333333333</dst>
            <dst id="ATLAng">5058.976</dst>
            <dst id="CHINng">23389.5973333333</dst>
            <dst id="DNVRng">1403.224</dst>
            <dst id="HSTNng">5822.624</dst>
            <dst id="IPLSng">4329.68</dst>
            <dst id="KSCYng">2402.42933333333</dst>
            <dst id="LOSAng">17160.512</dst>
            <dst id="NYCMng">8137.032</dst>
            <dst id="SNVAng">4233</dst>
            <dst id="STTLng">5469.896</dst>
            <dst id="WASHng">9209.56533333333</dst>
        </src>
        <src id="WASHng">
            <dst id="ATLA-M5">265.821333333333</dst>
            <dst id="ATLAng">88909.0133333333</dst>
            <dst id="CHINng">67969.7706666666</dst>
            <dst id="DNVRng">64779.1093333333</dst>
            <dst id="HSTNng">18354.456</dst>
            <dst id="IPLSng">79067.464</dst>
            <dst id="KSCYng">12613.1653333333</dst>
            <dst id="LOSAng">101504.258666667</dst>
            <dst id="NYCMng">211557.474666667</dst>
            <dst id="SNVAng">476.018666666667</dst>
            <dst id="STTLng">26744.4586666667</dst>
            <dst id="WASHng">258420.088</dst>
        </src>
    </IntraTM>
</TrafficMatrixFile>
