<?xml version="1.0" encoding="ISO-8859-1" standalone="yes"?>
<TrafficMatrixFile xsi:noNamespaceSchemaLocation="http://totem.run.montefiore.ulg.ac.be/Schema/TrafficMatrix-v1_2.xsd" xmlns:xsi="http://www.w3.org/2001/XMLSchema-instance">
    <IntraTM ASID="11537">
        <src id="ATLA-M5">
            <dst id="ATLA-M5">643.96</dst>
            <dst id="ATLAng">189.466666666667</dst>
            <dst id="CHINng">1975.832</dst>
            <dst id="DNVRng">0</dst>
            <dst id="HSTNng">182.368</dst>
            <dst id="IPLSng">222.216</dst>
            <dst id="KSCYng">156.965333333333</dst>
            <dst id="LOSAng">759.610666666667</dst>
            <dst id="NYCMng">771.424</dst>
            <dst id="SNVAng">1244.336</dst>
            <dst id="STTLng">26.6666666666667</dst>
            <dst id="WASHng">535.04</dst>
        </src>
        <src id="ATLAng">
            <dst id="ATLA-M5">528.173333333333</dst>
            <dst id="ATLAng">62182.5893333334</dst>
            <dst id="CHINng">19900.6506666667</dst>
            <dst id="DNVRng">5868.64266666667</dst>
            <dst id="HSTNng">16337.6373333333</dst>
            <dst id="IPLSng">25971.016</dst>
            <dst id="KSCYng">2673.608</dst>
            <dst id="LOSAng">21077.6853333333</dst>
            <dst id="NYCMng">9349.37333333333</dst>
            <dst id="SNVAng">1397.61066666667</dst>
            <dst id="STTLng">5179.41066666667</dst>
            <dst id="WASHng">108796.168</dst>
        </src>
        <src id="CHINng">
            <dst id="ATLA-M5">1923.46933333333</dst>
            <dst id="ATLAng">30198.08</dst>
            <dst id="CHINng">112823.544</dst>
            <dst id="DNVRng">28642.032</dst>
            <dst id="HSTNng">69266.8053333333</dst>
            <dst id="IPLSng">72845.288</dst>
            <dst id="KSCYng">16876.576</dst>
            <dst id="LOSAng">2058303.49333333</dst>
            <dst id="NYCMng">29271.9973333333</dst>
            <dst id="SNVAng">6204.92</dst>
            <dst id="STTLng">10874.1173333333</dst>
            <dst id="WASHng">44125.92</dst>
        </src>
        <src id="DNVRng">
            <dst id="ATLA-M5">635.269333333333</dst>
            <dst id="ATLAng">10307.976</dst>
            <dst id="CHINng">60416.7626666667</dst>
            <dst id="DNVRng">16571.2853333333</dst>
            <dst id="HSTNng">17664.5386666667</dst>
            <dst id="IPLSng">30825.72</dst>
            <dst id="KSCYng">14674.016</dst>
            <dst id="LOSAng">18053.4026666667</dst>
            <dst id="NYCMng">17603.8106666667</dst>
            <dst id="SNVAng">10674.0053333333</dst>
            <dst id="STTLng">9578.62933333333</dst>
            <dst id="WASHng">46937.4613333333</dst>
        </src>
        <src id="HSTNng">
            <dst id="ATLA-M5">2430.42933333333</dst>
            <dst id="ATLAng">5097.648</dst>
            <dst id="CHINng">22619.208</dst>
            <dst id="DNVRng">5107.21866666667</dst>
            <dst id="HSTNng">6705.98133333333</dst>
            <dst id="IPLSng">6863.63733333333</dst>
            <dst id="KSCYng">3537.368</dst>
            <dst id="LOSAng">6812.53866666666</dst>
            <dst id="NYCMng">7688.93333333334</dst>
            <dst id="SNVAng">1069.25866666667</dst>
            <dst id="STTLng">3131.2</dst>
            <dst id="WASHng">5640.53333333333</dst>
        </src>
        <src id="IPLSng">
            <dst id="ATLA-M5">375.818666666667</dst>
            <dst id="ATLAng">18427.272</dst>
            <dst id="CHINng">117895.594666667</dst>
            <dst id="DNVRng">15346.1093333333</dst>
            <dst id="HSTNng">10260.4026666667</dst>
            <dst id="IPLSng">16476.528</dst>
            <dst id="KSCYng">10707.616</dst>
            <dst id="LOSAng">55077.848</dst>
            <dst id="NYCMng">57774.9546666667</dst>
            <dst id="SNVAng">1860.19466666667</dst>
            <dst id="STTLng">10310.2</dst>
            <dst id="WASHng">56629.6</dst>
        </src>
        <src id="KSCYng">
            <dst id="ATLA-M5">414.045333333333</dst>
            <dst id="ATLAng">9190.00533333333</dst>
            <dst id="CHINng">23514.9813333333</dst>
            <dst id="DNVRng">11355.7626666667</dst>
            <dst id="HSTNng">8178.81866666667</dst>
            <dst id="IPLSng">14157.2266666667</dst>
            <dst id="KSCYng">7120.984</dst>
            <dst id="LOSAng">6740.536</dst>
            <dst id="NYCMng">5905.35466666667</dst>
            <dst id="SNVAng">870.650666666667</dst>
            <dst id="STTLng">1962.76266666667</dst>
            <dst id="WASHng">13603.304</dst>
        </src>
        <src id="LOSAng">
            <dst id="ATLA-M5">4072.69066666667</dst>
            <dst id="ATLAng">26940.728</dst>
            <dst id="CHINng">1093970.88</dst>
            <dst id="DNVRng">12761.216</dst>
            <dst id="HSTNng">34237.44</dst>
            <dst id="IPLSng">55018.9493333333</dst>
            <dst id="KSCYng">16602.7813333333</dst>
            <dst id="LOSAng">12372.4533333333</dst>
            <dst id="NYCMng">80999.2133333333</dst>
            <dst id="SNVAng">10255.1226666667</dst>
            <dst id="STTLng">24472.9093333333</dst>
            <dst id="WASHng">110125.997333333</dst>
        </src>
        <src id="NYCMng">
            <dst id="ATLA-M5">627.557333333333</dst>
            <dst id="ATLAng">31555.0186666667</dst>
            <dst id="CHINng">52100.4773333333</dst>
            <dst id="DNVRng">48489.8906666667</dst>
            <dst id="HSTNng">18570.2453333333</dst>
            <dst id="IPLSng">69688.0026666667</dst>
            <dst id="KSCYng">19858.4106666667</dst>
            <dst id="LOSAng">83277.08</dst>
            <dst id="NYCMng">199292.797333333</dst>
            <dst id="SNVAng">5571.992</dst>
            <dst id="STTLng">21555.5946666667</dst>
            <dst id="WASHng">154583.506666667</dst>
        </src>
        <src id="SNVAng">
            <dst id="ATLA-M5">336.522666666667</dst>
            <dst id="ATLAng">70.6</dst>
            <dst id="CHINng">1462.944</dst>
            <dst id="DNVRng">15118.1493333333</dst>
            <dst id="HSTNng">588.602666666667</dst>
            <dst id="IPLSng">10214.5413333333</dst>
            <dst id="KSCYng">517.509333333333</dst>
            <dst id="LOSAng">37221.7653333333</dst>
            <dst id="NYCMng">394.949333333333</dst>
            <dst id="SNVAng">15760.8133333333</dst>
            <dst id="STTLng">51021.752</dst>
            <dst id="WASHng">380.733333333333</dst>
        </src>
        <src id="STTLng">
            <dst id="ATLA-M5">213.882666666667</dst>
            <dst id="ATLAng">8363.96533333333</dst>
            <dst id="CHINng">18232.0373333333</dst>
            <dst id="DNVRng">4520.32266666667</dst>
            <dst id="HSTNng">16230.04</dst>
            <dst id="IPLSng">6914.65866666667</dst>
            <dst id="KSCYng">4130.05866666667</dst>
            <dst id="LOSAng">19168.424</dst>
            <dst id="NYCMng">7341.816</dst>
            <dst id="SNVAng">4415.41333333333</dst>
            <dst id="STTLng">5964.41066666667</dst>
            <dst id="WASHng">11450.304</dst>
        </src>
        <src id="WASHng">
            <dst id="ATLA-M5">1544.69333333333</dst>
            <dst id="ATLAng">88907.4693333334</dst>
            <dst id="CHINng">75138.6666666667</dst>
            <dst id="DNVRng">45657.5066666667</dst>
            <dst id="HSTNng">25189.4906666667</dst>
            <dst id="IPLSng">83403.4853333333</dst>
            <dst id="KSCYng">16623.6666666667</dst>
            <dst id="LOSAng">115183.936</dst>
            <dst id="NYCMng">163406.048</dst>
            <dst id="SNVAng">5857.64533333333</dst>
            <dst id="STTLng">30429.4426666667</dst>
            <dst id="WASHng">238432.712</dst>
        </src>
    </IntraTM>
</TrafficMatrixFile>
