<?xml version="1.0" encoding="ISO-8859-1" standalone="yes"?>
<TrafficMatrixFile xsi:noNamespaceSchemaLocation="http://totem.run.montefiore.ulg.ac.be/Schema/TrafficMatrix-v1_2.xsd" xmlns:xsi="http://www.w3.org/2001/XMLSchema-instance">
    <IntraTM ASID="11537">
        <src id="ATLA-M5">
            <dst id="ATLA-M5">63.1893333333333</dst>
            <dst id="ATLAng">28</dst>
            <dst id="CHINng">113.909333333333</dst>
            <dst id="DNVRng">0</dst>
            <dst id="HSTNng">26.6666666666667</dst>
            <dst id="IPLSng">267.368</dst>
            <dst id="KSCYng">220.277333333333</dst>
            <dst id="LOSAng">168.330666666667</dst>
            <dst id="NYCMng">328.522666666667</dst>
            <dst id="SNVAng">0</dst>
            <dst id="STTLng">0</dst>
            <dst id="WASHng">330.666666666667</dst>
        </src>
        <src id="ATLAng">
            <dst id="ATLA-M5">149.642666666667</dst>
            <dst id="ATLAng">23932.2826666667</dst>
            <dst id="CHINng">19768.8213333333</dst>
            <dst id="DNVRng">3201.28</dst>
            <dst id="HSTNng">4753.86933333333</dst>
            <dst id="IPLSng">13978.5013333333</dst>
            <dst id="KSCYng">943.76</dst>
            <dst id="LOSAng">17173.5706666667</dst>
            <dst id="NYCMng">6849.64533333333</dst>
            <dst id="SNVAng">331.117333333333</dst>
            <dst id="STTLng">3563.59733333333</dst>
            <dst id="WASHng">44137.5573333333</dst>
        </src>
        <src id="CHINng">
            <dst id="ATLA-M5">651.402666666667</dst>
            <dst id="ATLAng">18774.3493333333</dst>
            <dst id="CHINng">107492.842666667</dst>
            <dst id="DNVRng">23891.2293333333</dst>
            <dst id="HSTNng">45079.568</dst>
            <dst id="IPLSng">50966.8373333333</dst>
            <dst id="KSCYng">9374.46133333333</dst>
            <dst id="LOSAng">40661.912</dst>
            <dst id="NYCMng">28461.0053333333</dst>
            <dst id="SNVAng">1719.144</dst>
            <dst id="STTLng">13700.3893333333</dst>
            <dst id="WASHng">35272.696</dst>
        </src>
        <src id="DNVRng">
            <dst id="ATLA-M5">83.2106666666667</dst>
            <dst id="ATLAng">4797.24533333333</dst>
            <dst id="CHINng">88043.016</dst>
            <dst id="DNVRng">7774.68</dst>
            <dst id="HSTNng">17316.5013333333</dst>
            <dst id="IPLSng">25640.2666666667</dst>
            <dst id="KSCYng">13596.8266666667</dst>
            <dst id="LOSAng">9444.34133333333</dst>
            <dst id="NYCMng">18184.8053333333</dst>
            <dst id="SNVAng">3890.032</dst>
            <dst id="STTLng">10527.6</dst>
            <dst id="WASHng">37943.92</dst>
        </src>
        <src id="HSTNng">
            <dst id="ATLA-M5">233.762666666667</dst>
            <dst id="ATLAng">1890.888</dst>
            <dst id="CHINng">18342.3093333333</dst>
            <dst id="DNVRng">1336.61866666667</dst>
            <dst id="HSTNng">5242.088</dst>
            <dst id="IPLSng">2426.28533333333</dst>
            <dst id="KSCYng">2180.576</dst>
            <dst id="LOSAng">3755.68</dst>
            <dst id="NYCMng">5405.24266666667</dst>
            <dst id="SNVAng">420.314666666667</dst>
            <dst id="STTLng">2582.27733333333</dst>
            <dst id="WASHng">7505.70933333333</dst>
        </src>
        <src id="IPLSng">
            <dst id="ATLA-M5">460.426666666667</dst>
            <dst id="ATLAng">11948.032</dst>
            <dst id="CHINng">150433.552</dst>
            <dst id="DNVRng">11348.2693333333</dst>
            <dst id="HSTNng">5005.89066666667</dst>
            <dst id="IPLSng">27275.9866666667</dst>
            <dst id="KSCYng">5088.79466666667</dst>
            <dst id="LOSAng">16902.128</dst>
            <dst id="NYCMng">76936.304</dst>
            <dst id="SNVAng">934.722666666667</dst>
            <dst id="STTLng">9100.056</dst>
            <dst id="WASHng">61724.9226666667</dst>
        </src>
        <src id="KSCYng">
            <dst id="ATLA-M5">153.418666666667</dst>
            <dst id="ATLAng">1323.73866666667</dst>
            <dst id="CHINng">30858.704</dst>
            <dst id="DNVRng">10269.184</dst>
            <dst id="HSTNng">3330.37866666667</dst>
            <dst id="IPLSng">15207.816</dst>
            <dst id="KSCYng">9890.872</dst>
            <dst id="LOSAng">14246.1813333333</dst>
            <dst id="NYCMng">4814.98666666667</dst>
            <dst id="SNVAng">70.5653333333333</dst>
            <dst id="STTLng">959.613333333333</dst>
            <dst id="WASHng">16479.12</dst>
        </src>
        <src id="LOSAng">
            <dst id="ATLA-M5">2496.48533333333</dst>
            <dst id="ATLAng">13983.9973333333</dst>
            <dst id="CHINng">86403.064</dst>
            <dst id="DNVRng">6579.928</dst>
            <dst id="HSTNng">5890.024</dst>
            <dst id="IPLSng">26454.4933333333</dst>
            <dst id="KSCYng">8481.22133333333</dst>
            <dst id="LOSAng">23818.08</dst>
            <dst id="NYCMng">56478.064</dst>
            <dst id="SNVAng">11086.3973333333</dst>
            <dst id="STTLng">31348.9413333333</dst>
            <dst id="WASHng">80087.8506666667</dst>
        </src>
        <src id="NYCMng">
            <dst id="ATLA-M5">854.376</dst>
            <dst id="ATLAng">16492.4613333333</dst>
            <dst id="CHINng">46888.3786666667</dst>
            <dst id="DNVRng">30413.336</dst>
            <dst id="HSTNng">8278.00533333333</dst>
            <dst id="IPLSng">38675.816</dst>
            <dst id="KSCYng">11023.8453333333</dst>
            <dst id="LOSAng">49133.864</dst>
            <dst id="NYCMng">179383.629333333</dst>
            <dst id="SNVAng">2363.47733333333</dst>
            <dst id="STTLng">27700.1413333333</dst>
            <dst id="WASHng">80784.576</dst>
        </src>
        <src id="SNVAng">
            <dst id="ATLA-M5">0</dst>
            <dst id="ATLAng">144.394666666667</dst>
            <dst id="CHINng">865.381333333333</dst>
            <dst id="DNVRng">2840.064</dst>
            <dst id="HSTNng">137.472</dst>
            <dst id="IPLSng">581.197333333333</dst>
            <dst id="KSCYng">231.482666666667</dst>
            <dst id="LOSAng">32772.8746666667</dst>
            <dst id="NYCMng">431.101333333333</dst>
            <dst id="SNVAng">13711.408</dst>
            <dst id="STTLng">56830.0666666667</dst>
            <dst id="WASHng">237.853333333333</dst>
        </src>
        <src id="STTLng">
            <dst id="ATLA-M5">153.157333333333</dst>
            <dst id="ATLAng">6215.29333333333</dst>
            <dst id="CHINng">22566.1866666667</dst>
            <dst id="DNVRng">1259.36</dst>
            <dst id="HSTNng">2937.12266666667</dst>
            <dst id="IPLSng">3726.53066666667</dst>
            <dst id="KSCYng">3765.944</dst>
            <dst id="LOSAng">32995.248</dst>
            <dst id="NYCMng">12669.9226666667</dst>
            <dst id="SNVAng">5009.656</dst>
            <dst id="STTLng">3524.65866666667</dst>
            <dst id="WASHng">5787.94133333333</dst>
        </src>
        <src id="WASHng">
            <dst id="ATLA-M5">452.770666666667</dst>
            <dst id="ATLAng">96463.6746666667</dst>
            <dst id="CHINng">83350.9946666667</dst>
            <dst id="DNVRng">49088.5253333333</dst>
            <dst id="HSTNng">12126.5413333333</dst>
            <dst id="IPLSng">63611.4106666666</dst>
            <dst id="KSCYng">16032.2666666667</dst>
            <dst id="LOSAng">94299.9226666667</dst>
            <dst id="NYCMng">180197.002666667</dst>
            <dst id="SNVAng">4203.368</dst>
            <dst id="STTLng">26650.9946666667</dst>
            <dst id="WASHng">205685.824</dst>
        </src>
    </IntraTM>
</TrafficMatrixFile>
