<?xml version="1.0" encoding="ISO-8859-1" standalone="yes"?>
<TrafficMatrixFile xsi:noNamespaceSchemaLocation="http://totem.run.montefiore.ulg.ac.be/Schema/TrafficMatrix-v1_2.xsd" xmlns:xsi="http://www.w3.org/2001/XMLSchema-instance">
    <IntraTM ASID="11537">
        <src id="ATLA-M5">
            <dst id="ATLA-M5">39.208</dst>
            <dst id="ATLAng">611.978666666667</dst>
            <dst id="CHINng">429.669333333333</dst>
            <dst id="DNVRng">356.901333333333</dst>
            <dst id="HSTNng">270.109333333333</dst>
            <dst id="IPLSng">1373.66133333333</dst>
            <dst id="KSCYng">189.762666666667</dst>
            <dst id="LOSAng">708.048</dst>
            <dst id="NYCMng">304.245333333333</dst>
            <dst id="SNVAng">0</dst>
            <dst id="STTLng">0</dst>
            <dst id="WASHng">975.104</dst>
        </src>
        <src id="ATLAng">
            <dst id="ATLA-M5">1418.208</dst>
            <dst id="ATLAng">58024.8826666667</dst>
            <dst id="CHINng">20849.6026666667</dst>
            <dst id="DNVRng">7736.448</dst>
            <dst id="HSTNng">6414.74666666667</dst>
            <dst id="IPLSng">20469.8453333333</dst>
            <dst id="KSCYng">9592.35466666667</dst>
            <dst id="LOSAng">22274.3466666667</dst>
            <dst id="NYCMng">9460.97866666667</dst>
            <dst id="SNVAng">904.96</dst>
            <dst id="STTLng">3257.216</dst>
            <dst id="WASHng">41685.48</dst>
        </src>
        <src id="CHINng">
            <dst id="ATLA-M5">1173.46666666667</dst>
            <dst id="ATLAng">24226.408</dst>
            <dst id="CHINng">114561.546666667</dst>
            <dst id="DNVRng">30441.68</dst>
            <dst id="HSTNng">54708.1626666667</dst>
            <dst id="IPLSng">55466.6933333333</dst>
            <dst id="KSCYng">14043.44</dst>
            <dst id="LOSAng">184070.002666667</dst>
            <dst id="NYCMng">23112.9866666667</dst>
            <dst id="SNVAng">3604.06133333333</dst>
            <dst id="STTLng">19492.4053333333</dst>
            <dst id="WASHng">36101.888</dst>
        </src>
        <src id="DNVRng">
            <dst id="ATLA-M5">394.04</dst>
            <dst id="ATLAng">11358.456</dst>
            <dst id="CHINng">53556.072</dst>
            <dst id="DNVRng">7494.84</dst>
            <dst id="HSTNng">16195.5466666667</dst>
            <dst id="IPLSng">29241.3946666667</dst>
            <dst id="KSCYng">8806.968</dst>
            <dst id="LOSAng">2935.192</dst>
            <dst id="NYCMng">23070.3573333333</dst>
            <dst id="SNVAng">6663.72266666667</dst>
            <dst id="STTLng">8706.848</dst>
            <dst id="WASHng">45066.0453333333</dst>
        </src>
        <src id="HSTNng">
            <dst id="ATLA-M5">273.594666666667</dst>
            <dst id="ATLAng">3730.54666666667</dst>
            <dst id="CHINng">25584.6373333333</dst>
            <dst id="DNVRng">3880.37866666667</dst>
            <dst id="HSTNng">6084.48</dst>
            <dst id="IPLSng">7778.84533333333</dst>
            <dst id="KSCYng">4334.00266666667</dst>
            <dst id="LOSAng">4966.24533333333</dst>
            <dst id="NYCMng">3717.15466666667</dst>
            <dst id="SNVAng">763.16</dst>
            <dst id="STTLng">8049.472</dst>
            <dst id="WASHng">8975.89333333333</dst>
        </src>
        <src id="IPLSng">
            <dst id="ATLA-M5">1567.72533333333</dst>
            <dst id="ATLAng">16002.92</dst>
            <dst id="CHINng">127903.029333333</dst>
            <dst id="DNVRng">11550.4853333333</dst>
            <dst id="HSTNng">5988.89066666666</dst>
            <dst id="IPLSng">16992.5093333333</dst>
            <dst id="KSCYng">8255.56533333333</dst>
            <dst id="LOSAng">40996.904</dst>
            <dst id="NYCMng">62190.272</dst>
            <dst id="SNVAng">1595.64533333333</dst>
            <dst id="STTLng">11329.168</dst>
            <dst id="WASHng">38437.4666666667</dst>
        </src>
        <src id="KSCYng">
            <dst id="ATLA-M5">492.464</dst>
            <dst id="ATLAng">2758.74666666667</dst>
            <dst id="CHINng">32310.9626666667</dst>
            <dst id="DNVRng">9408.25866666667</dst>
            <dst id="HSTNng">5133.2</dst>
            <dst id="IPLSng">11316.2773333333</dst>
            <dst id="KSCYng">4930.99733333333</dst>
            <dst id="LOSAng">5355.05866666667</dst>
            <dst id="NYCMng">6426.152</dst>
            <dst id="SNVAng">1372.61866666667</dst>
            <dst id="STTLng">1441.128</dst>
            <dst id="WASHng">13890.8666666667</dst>
        </src>
        <src id="LOSAng">
            <dst id="ATLA-M5">2438.57333333333</dst>
            <dst id="ATLAng">35155.4053333333</dst>
            <dst id="CHINng">884082</dst>
            <dst id="DNVRng">11412.5866666667</dst>
            <dst id="HSTNng">29426.8026666667</dst>
            <dst id="IPLSng">40483.224</dst>
            <dst id="KSCYng">11138.1626666667</dst>
            <dst id="LOSAng">11428.5466666667</dst>
            <dst id="NYCMng">63674.112</dst>
            <dst id="SNVAng">12638.8346666667</dst>
            <dst id="STTLng">34223.8933333333</dst>
            <dst id="WASHng">96974.8506666667</dst>
        </src>
        <src id="NYCMng">
            <dst id="ATLA-M5">1466.69333333333</dst>
            <dst id="ATLAng">26920.568</dst>
            <dst id="CHINng">45840.3013333333</dst>
            <dst id="DNVRng">43115.1066666667</dst>
            <dst id="HSTNng">19929.4826666667</dst>
            <dst id="IPLSng">59489.768</dst>
            <dst id="KSCYng">23504.7093333333</dst>
            <dst id="LOSAng">71503.6693333333</dst>
            <dst id="NYCMng">200157.317333333</dst>
            <dst id="SNVAng">5345.52</dst>
            <dst id="STTLng">21088.8213333333</dst>
            <dst id="WASHng">159580.506666667</dst>
        </src>
        <src id="SNVAng">
            <dst id="ATLA-M5">315.344</dst>
            <dst id="ATLAng">378.608</dst>
            <dst id="CHINng">1188.38666666667</dst>
            <dst id="DNVRng">6767.77333333333</dst>
            <dst id="HSTNng">231.016</dst>
            <dst id="IPLSng">10057.4373333333</dst>
            <dst id="KSCYng">719.250666666667</dst>
            <dst id="LOSAng">42818.4053333333</dst>
            <dst id="NYCMng">1154.70933333333</dst>
            <dst id="SNVAng">14358.4693333333</dst>
            <dst id="STTLng">49462.9653333333</dst>
            <dst id="WASHng">540.752</dst>
        </src>
        <src id="STTLng">
            <dst id="ATLA-M5">80.9386666666667</dst>
            <dst id="ATLAng">8770.62666666667</dst>
            <dst id="CHINng">25197.1306666667</dst>
            <dst id="DNVRng">9904.52</dst>
            <dst id="HSTNng">11711.2666666667</dst>
            <dst id="IPLSng">8056.27733333333</dst>
            <dst id="KSCYng">4464.128</dst>
            <dst id="LOSAng">23065.96</dst>
            <dst id="NYCMng">6629.69866666667</dst>
            <dst id="SNVAng">5827.14666666667</dst>
            <dst id="STTLng">9055.13866666667</dst>
            <dst id="WASHng">18459.448</dst>
        </src>
        <src id="WASHng">
            <dst id="ATLA-M5">3303.69333333333</dst>
            <dst id="ATLAng">190121.466666667</dst>
            <dst id="CHINng">65304.608</dst>
            <dst id="DNVRng">56021.0693333333</dst>
            <dst id="HSTNng">11233.376</dst>
            <dst id="IPLSng">58298.6613333333</dst>
            <dst id="KSCYng">13178.0746666667</dst>
            <dst id="LOSAng">102243.941333333</dst>
            <dst id="NYCMng">133988.173333333</dst>
            <dst id="SNVAng">10696.808</dst>
            <dst id="STTLng">25188.1413333333</dst>
            <dst id="WASHng">208599.309333333</dst>
        </src>
    </IntraTM>
</TrafficMatrixFile>
