<?xml version="1.0" encoding="ISO-8859-1" standalone="yes"?>
<TrafficMatrixFile xsi:noNamespaceSchemaLocation="http://totem.run.montefiore.ulg.ac.be/Schema/TrafficMatrix-v1_2.xsd" xmlns:xsi="http://www.w3.org/2001/XMLSchema-instance">
    <IntraTM ASID="11537">
        <src id="ATLA-M5">
            <dst id="ATLA-M5">396.92</dst>
            <dst id="ATLAng">74.6666666666667</dst>
            <dst id="CHINng">731.050666666667</dst>
            <dst id="DNVRng">145.621333333333</dst>
            <dst id="HSTNng">247.346666666667</dst>
            <dst id="IPLSng">151.448</dst>
            <dst id="KSCYng">302.432</dst>
            <dst id="LOSAng">419.746666666667</dst>
            <dst id="NYCMng">108.210666666667</dst>
            <dst id="SNVAng">0</dst>
            <dst id="STTLng">218.528</dst>
            <dst id="WASHng">1697.09066666667</dst>
        </src>
        <src id="ATLAng">
            <dst id="ATLA-M5">365.282666666667</dst>
            <dst id="ATLAng">24502.2426666667</dst>
            <dst id="CHINng">24016.4906666667</dst>
            <dst id="DNVRng">6147.976</dst>
            <dst id="HSTNng">4722.88</dst>
            <dst id="IPLSng">21887.2586666667</dst>
            <dst id="KSCYng">2773.82666666667</dst>
            <dst id="LOSAng">19553.744</dst>
            <dst id="NYCMng">4898.42666666667</dst>
            <dst id="SNVAng">529.258666666667</dst>
            <dst id="STTLng">4344.16533333333</dst>
            <dst id="WASHng">50713.5066666667</dst>
        </src>
        <src id="CHINng">
            <dst id="ATLA-M5">2229.58933333333</dst>
            <dst id="ATLAng">24546.7546666667</dst>
            <dst id="CHINng">82828.5173333334</dst>
            <dst id="DNVRng">24065.3786666667</dst>
            <dst id="HSTNng">51915.2453333333</dst>
            <dst id="IPLSng">74695.7706666667</dst>
            <dst id="KSCYng">23345.2986666667</dst>
            <dst id="LOSAng">2031558.90666667</dst>
            <dst id="NYCMng">18675.5146666667</dst>
            <dst id="SNVAng">3061.45866666667</dst>
            <dst id="STTLng">15923.408</dst>
            <dst id="WASHng">41029.9253333333</dst>
        </src>
        <src id="DNVRng">
            <dst id="ATLA-M5">545.621333333333</dst>
            <dst id="ATLAng">5143.44266666667</dst>
            <dst id="CHINng">64282.0346666667</dst>
            <dst id="DNVRng">22877.72</dst>
            <dst id="HSTNng">17524.3493333333</dst>
            <dst id="IPLSng">40615.0746666667</dst>
            <dst id="KSCYng">24817.648</dst>
            <dst id="LOSAng">20211.9706666667</dst>
            <dst id="NYCMng">11610.5786666667</dst>
            <dst id="SNVAng">13778.1013333333</dst>
            <dst id="STTLng">13533.624</dst>
            <dst id="WASHng">40663.1013333333</dst>
        </src>
        <src id="HSTNng">
            <dst id="ATLA-M5">989.461333333333</dst>
            <dst id="ATLAng">7233.528</dst>
            <dst id="CHINng">15223.064</dst>
            <dst id="DNVRng">2112.61333333333</dst>
            <dst id="HSTNng">14097.12</dst>
            <dst id="IPLSng">7135.86666666667</dst>
            <dst id="KSCYng">4827.57066666666</dst>
            <dst id="LOSAng">13865.136</dst>
            <dst id="NYCMng">4543.81066666667</dst>
            <dst id="SNVAng">1044.78933333333</dst>
            <dst id="STTLng">2203.472</dst>
            <dst id="WASHng">9985.57333333333</dst>
        </src>
        <src id="IPLSng">
            <dst id="ATLA-M5">1250.65066666667</dst>
            <dst id="ATLAng">14558.4506666667</dst>
            <dst id="CHINng">138518.293333333</dst>
            <dst id="DNVRng">21388.064</dst>
            <dst id="HSTNng">6276.008</dst>
            <dst id="IPLSng">31485.232</dst>
            <dst id="KSCYng">11036.432</dst>
            <dst id="LOSAng">56950.936</dst>
            <dst id="NYCMng">43334.1333333333</dst>
            <dst id="SNVAng">3833.56266666667</dst>
            <dst id="STTLng">13387.0186666667</dst>
            <dst id="WASHng">49668.9946666667</dst>
        </src>
        <src id="KSCYng">
            <dst id="ATLA-M5">451.986666666667</dst>
            <dst id="ATLAng">2552.976</dst>
            <dst id="CHINng">18178.5973333333</dst>
            <dst id="DNVRng">9376.91466666667</dst>
            <dst id="HSTNng">4171.544</dst>
            <dst id="IPLSng">12367.184</dst>
            <dst id="KSCYng">7909.016</dst>
            <dst id="LOSAng">7462.85333333333</dst>
            <dst id="NYCMng">3282.87733333333</dst>
            <dst id="SNVAng">459.496</dst>
            <dst id="STTLng">3110.15733333333</dst>
            <dst id="WASHng">15912.9706666667</dst>
        </src>
        <src id="LOSAng">
            <dst id="ATLA-M5">2468.98666666667</dst>
            <dst id="ATLAng">14895.5066666667</dst>
            <dst id="CHINng">1084774.53333333</dst>
            <dst id="DNVRng">12201.8266666667</dst>
            <dst id="HSTNng">38158.1306666667</dst>
            <dst id="IPLSng">50851.7173333333</dst>
            <dst id="KSCYng">12896.4533333333</dst>
            <dst id="LOSAng">14895.352</dst>
            <dst id="NYCMng">52612.1466666667</dst>
            <dst id="SNVAng">12538.344</dst>
            <dst id="STTLng">22011.5253333333</dst>
            <dst id="WASHng">88044.6613333333</dst>
        </src>
        <src id="NYCMng">
            <dst id="ATLA-M5">2580.57866666667</dst>
            <dst id="ATLAng">10072.6026666667</dst>
            <dst id="CHINng">27195.9093333333</dst>
            <dst id="DNVRng">16457.6986666667</dst>
            <dst id="HSTNng">6951.384</dst>
            <dst id="IPLSng">26330.52</dst>
            <dst id="KSCYng">7985.42133333333</dst>
            <dst id="LOSAng">34194.5946666667</dst>
            <dst id="NYCMng">90186.7786666667</dst>
            <dst id="SNVAng">3087.03466666667</dst>
            <dst id="STTLng">12970.392</dst>
            <dst id="WASHng">65120.168</dst>
        </src>
        <src id="SNVAng">
            <dst id="ATLA-M5">53.968</dst>
            <dst id="ATLAng">85.3333333333333</dst>
            <dst id="CHINng">1630.33066666667</dst>
            <dst id="DNVRng">24455.752</dst>
            <dst id="HSTNng">119.149333333333</dst>
            <dst id="IPLSng">5230.66666666667</dst>
            <dst id="KSCYng">4186.752</dst>
            <dst id="LOSAng">39893.8986666667</dst>
            <dst id="NYCMng">1442.62133333333</dst>
            <dst id="SNVAng">23026.008</dst>
            <dst id="STTLng">56044.376</dst>
            <dst id="WASHng">551.546666666667</dst>
        </src>
        <src id="STTLng">
            <dst id="ATLA-M5">256.296</dst>
            <dst id="ATLAng">13926.36</dst>
            <dst id="CHINng">18047.1093333333</dst>
            <dst id="DNVRng">4473.00266666667</dst>
            <dst id="HSTNng">10648.9653333333</dst>
            <dst id="IPLSng">7742.88</dst>
            <dst id="KSCYng">2388.59733333333</dst>
            <dst id="LOSAng">25087.552</dst>
            <dst id="NYCMng">7888.70133333333</dst>
            <dst id="SNVAng">4618.47466666667</dst>
            <dst id="STTLng">10515.3013333333</dst>
            <dst id="WASHng">12511.544</dst>
        </src>
        <src id="WASHng">
            <dst id="ATLA-M5">1960.84</dst>
            <dst id="ATLAng">109835.394666667</dst>
            <dst id="CHINng">92043.3253333333</dst>
            <dst id="DNVRng">54705.1706666667</dst>
            <dst id="HSTNng">42206.2906666667</dst>
            <dst id="IPLSng">63508.3706666667</dst>
            <dst id="KSCYng">18352.72</dst>
            <dst id="LOSAng">103918.290666667</dst>
            <dst id="NYCMng">126261.336</dst>
            <dst id="SNVAng">4713.02933333333</dst>
            <dst id="STTLng">32269.7573333333</dst>
            <dst id="WASHng">258507.298666667</dst>
        </src>
    </IntraTM>
</TrafficMatrixFile>
