<?xml version="1.0" encoding="ISO-8859-1" standalone="yes"?>
<TrafficMatrixFile xsi:noNamespaceSchemaLocation="http://totem.run.montefiore.ulg.ac.be/Schema/TrafficMatrix-v1_2.xsd" xmlns:xsi="http://www.w3.org/2001/XMLSchema-instance">
    <IntraTM ASID="11537">
        <src id="ATLA-M5">
            <dst id="ATLA-M5">55.8293333333333</dst>
            <dst id="ATLAng">53.3333333333333</dst>
            <dst id="CHINng">1095.51733333333</dst>
            <dst id="DNVRng">0</dst>
            <dst id="HSTNng">200.669333333333</dst>
            <dst id="IPLSng">243.389333333333</dst>
            <dst id="KSCYng">1040.82133333333</dst>
            <dst id="LOSAng">53.3333333333333</dst>
            <dst id="NYCMng">104.946666666667</dst>
            <dst id="SNVAng">53.3333333333333</dst>
            <dst id="STTLng">0</dst>
            <dst id="WASHng">819.869333333333</dst>
        </src>
        <src id="ATLAng">
            <dst id="ATLA-M5">211.218666666667</dst>
            <dst id="ATLAng">27126.3626666667</dst>
            <dst id="CHINng">12650.2666666667</dst>
            <dst id="DNVRng">2993.73866666667</dst>
            <dst id="HSTNng">1699.56533333333</dst>
            <dst id="IPLSng">14023.624</dst>
            <dst id="KSCYng">2688.72533333333</dst>
            <dst id="LOSAng">18838.7546666667</dst>
            <dst id="NYCMng">6804.95466666667</dst>
            <dst id="SNVAng">410.205333333333</dst>
            <dst id="STTLng">5401.91466666667</dst>
            <dst id="WASHng">30757.768</dst>
        </src>
        <src id="CHINng">
            <dst id="ATLA-M5">786.178666666667</dst>
            <dst id="ATLAng">8653.448</dst>
            <dst id="CHINng">95126.4213333333</dst>
            <dst id="DNVRng">19068.9653333333</dst>
            <dst id="HSTNng">40991.5146666667</dst>
            <dst id="IPLSng">66593.6533333333</dst>
            <dst id="KSCYng">11539.528</dst>
            <dst id="LOSAng">46178.664</dst>
            <dst id="NYCMng">17795.4613333333</dst>
            <dst id="SNVAng">1815.672</dst>
            <dst id="STTLng">8984.88266666667</dst>
            <dst id="WASHng">26369.264</dst>
        </src>
        <src id="DNVRng">
            <dst id="ATLA-M5">55.8853333333333</dst>
            <dst id="ATLAng">4222.81333333333</dst>
            <dst id="CHINng">66454.3546666667</dst>
            <dst id="DNVRng">5150.54933333333</dst>
            <dst id="HSTNng">13020.8293333333</dst>
            <dst id="IPLSng">30649.6426666667</dst>
            <dst id="KSCYng">9938.93333333333</dst>
            <dst id="LOSAng">4927.48533333333</dst>
            <dst id="NYCMng">15015.2773333333</dst>
            <dst id="SNVAng">6308.22666666667</dst>
            <dst id="STTLng">7403.25333333333</dst>
            <dst id="WASHng">49516.4746666667</dst>
        </src>
        <src id="HSTNng">
            <dst id="ATLA-M5">929.354666666667</dst>
            <dst id="ATLAng">2457.944</dst>
            <dst id="CHINng">25623.2746666667</dst>
            <dst id="DNVRng">1510.15466666667</dst>
            <dst id="HSTNng">3498.28533333333</dst>
            <dst id="IPLSng">1571.024</dst>
            <dst id="KSCYng">1336.84266666667</dst>
            <dst id="LOSAng">4314.10666666667</dst>
            <dst id="NYCMng">3400.856</dst>
            <dst id="SNVAng">1500.83466666667</dst>
            <dst id="STTLng">1079.896</dst>
            <dst id="WASHng">3634.696</dst>
        </src>
        <src id="IPLSng">
            <dst id="ATLA-M5">363.896</dst>
            <dst id="ATLAng">25693</dst>
            <dst id="CHINng">79931.36</dst>
            <dst id="DNVRng">29801.7706666667</dst>
            <dst id="HSTNng">2278.34666666667</dst>
            <dst id="IPLSng">13115.0826666667</dst>
            <dst id="KSCYng">4794.92</dst>
            <dst id="LOSAng">40372.1786666667</dst>
            <dst id="NYCMng">19951.9706666667</dst>
            <dst id="SNVAng">1562.81066666667</dst>
            <dst id="STTLng">9601.304</dst>
            <dst id="WASHng">31128.9893333333</dst>
        </src>
        <src id="KSCYng">
            <dst id="ATLA-M5">75.896</dst>
            <dst id="ATLAng">1992.04266666667</dst>
            <dst id="CHINng">27524.2826666667</dst>
            <dst id="DNVRng">19243.752</dst>
            <dst id="HSTNng">3179.39466666667</dst>
            <dst id="IPLSng">11904.4053333333</dst>
            <dst id="KSCYng">6933.86666666667</dst>
            <dst id="LOSAng">6754.59733333333</dst>
            <dst id="NYCMng">4151.72533333333</dst>
            <dst id="SNVAng">169.658666666667</dst>
            <dst id="STTLng">2029.78666666667</dst>
            <dst id="WASHng">11751.5733333333</dst>
        </src>
        <src id="LOSAng">
            <dst id="ATLA-M5">1323.42133333333</dst>
            <dst id="ATLAng">12869.5813333333</dst>
            <dst id="CHINng">73685.808</dst>
            <dst id="DNVRng">6639.664</dst>
            <dst id="HSTNng">5137.74666666667</dst>
            <dst id="IPLSng">21617.8906666667</dst>
            <dst id="KSCYng">7368.55466666667</dst>
            <dst id="LOSAng">10021.8666666667</dst>
            <dst id="NYCMng">52271.5093333333</dst>
            <dst id="SNVAng">8791.168</dst>
            <dst id="STTLng">17231.1866666667</dst>
            <dst id="WASHng">111249.674666667</dst>
        </src>
        <src id="NYCMng">
            <dst id="ATLA-M5">1172.68266666667</dst>
            <dst id="ATLAng">28766.6906666667</dst>
            <dst id="CHINng">50245.8746666667</dst>
            <dst id="DNVRng">30900.616</dst>
            <dst id="HSTNng">8236.456</dst>
            <dst id="IPLSng">32739.1306666667</dst>
            <dst id="KSCYng">14842.496</dst>
            <dst id="LOSAng">48004.2</dst>
            <dst id="NYCMng">131618.565333333</dst>
            <dst id="SNVAng">3964.12533333333</dst>
            <dst id="STTLng">20976.5733333333</dst>
            <dst id="WASHng">76227.6533333333</dst>
        </src>
        <src id="SNVAng">
            <dst id="ATLA-M5">0</dst>
            <dst id="ATLAng">53.3333333333333</dst>
            <dst id="CHINng">1397.58933333333</dst>
            <dst id="DNVRng">5050.41333333333</dst>
            <dst id="HSTNng">150.978666666667</dst>
            <dst id="IPLSng">2001.15733333333</dst>
            <dst id="KSCYng">26.6666666666667</dst>
            <dst id="LOSAng">38723.8453333333</dst>
            <dst id="NYCMng">772.032</dst>
            <dst id="SNVAng">16615.992</dst>
            <dst id="STTLng">59068.6186666666</dst>
            <dst id="WASHng">231.117333333333</dst>
        </src>
        <src id="STTLng">
            <dst id="ATLA-M5">134.176</dst>
            <dst id="ATLAng">6656.16</dst>
            <dst id="CHINng">15789.8773333333</dst>
            <dst id="DNVRng">1827.41066666667</dst>
            <dst id="HSTNng">9858.29066666667</dst>
            <dst id="IPLSng">5774.992</dst>
            <dst id="KSCYng">7272.61866666667</dst>
            <dst id="LOSAng">13010.9306666667</dst>
            <dst id="NYCMng">5358.02666666667</dst>
            <dst id="SNVAng">2225.824</dst>
            <dst id="STTLng">2847.76266666667</dst>
            <dst id="WASHng">10060.1813333333</dst>
        </src>
        <src id="WASHng">
            <dst id="ATLA-M5">330.192</dst>
            <dst id="ATLAng">96164.0666666667</dst>
            <dst id="CHINng">56741.24</dst>
            <dst id="DNVRng">46478.84</dst>
            <dst id="HSTNng">21289.6693333333</dst>
            <dst id="IPLSng">69530.4693333333</dst>
            <dst id="KSCYng">13355.352</dst>
            <dst id="LOSAng">109187.597333333</dst>
            <dst id="NYCMng">168924.898666667</dst>
            <dst id="SNVAng">915.362666666667</dst>
            <dst id="STTLng">26713.824</dst>
            <dst id="WASHng">274905.44</dst>
        </src>
    </IntraTM>
</TrafficMatrixFile>
