<?xml version="1.0" encoding="ISO-8859-1" standalone="yes"?>
<TrafficMatrixFile xsi:noNamespaceSchemaLocation="http://totem.run.montefiore.ulg.ac.be/Schema/TrafficMatrix-v1_2.xsd" xmlns:xsi="http://www.w3.org/2001/XMLSchema-instance">
    <IntraTM ASID="11537">
        <src id="ATLA-M5">
            <dst id="ATLA-M5">744.205333333333</dst>
            <dst id="ATLAng">156.213333333333</dst>
            <dst id="CHINng">994.12</dst>
            <dst id="DNVRng">440.84</dst>
            <dst id="HSTNng">0</dst>
            <dst id="IPLSng">904.898666666667</dst>
            <dst id="KSCYng">59.9386666666667</dst>
            <dst id="LOSAng">339.776</dst>
            <dst id="NYCMng">2020.22933333333</dst>
            <dst id="SNVAng">458.144</dst>
            <dst id="STTLng">234.168</dst>
            <dst id="WASHng">1901.30933333333</dst>
        </src>
        <src id="ATLAng">
            <dst id="ATLA-M5">302.36</dst>
            <dst id="ATLAng">34154.024</dst>
            <dst id="CHINng">17889.4826666667</dst>
            <dst id="DNVRng">5546.81333333333</dst>
            <dst id="HSTNng">5918.168</dst>
            <dst id="IPLSng">21547.2853333333</dst>
            <dst id="KSCYng">2207.984</dst>
            <dst id="LOSAng">20300.5226666667</dst>
            <dst id="NYCMng">9484.29866666667</dst>
            <dst id="SNVAng">252.018666666667</dst>
            <dst id="STTLng">5412.816</dst>
            <dst id="WASHng">29270.4933333333</dst>
        </src>
        <src id="CHINng">
            <dst id="ATLA-M5">2898.968</dst>
            <dst id="ATLAng">25531.032</dst>
            <dst id="CHINng">125487.648</dst>
            <dst id="DNVRng">38464.968</dst>
            <dst id="HSTNng">55563.696</dst>
            <dst id="IPLSng">69715.784</dst>
            <dst id="KSCYng">14752.248</dst>
            <dst id="LOSAng">2038601.70666667</dst>
            <dst id="NYCMng">34827.5973333333</dst>
            <dst id="SNVAng">2911.78666666667</dst>
            <dst id="STTLng">13275.9413333333</dst>
            <dst id="WASHng">41767.864</dst>
        </src>
        <src id="DNVRng">
            <dst id="ATLA-M5">283.162666666667</dst>
            <dst id="ATLAng">6356.992</dst>
            <dst id="CHINng">63488.1866666667</dst>
            <dst id="DNVRng">17766.4373333333</dst>
            <dst id="HSTNng">16465.5813333333</dst>
            <dst id="IPLSng">39221.7413333333</dst>
            <dst id="KSCYng">21431.584</dst>
            <dst id="LOSAng">10964.7653333333</dst>
            <dst id="NYCMng">16915.0266666667</dst>
            <dst id="SNVAng">12514.848</dst>
            <dst id="STTLng">12010.992</dst>
            <dst id="WASHng">48487.7013333333</dst>
        </src>
        <src id="HSTNng">
            <dst id="ATLA-M5">254.026666666667</dst>
            <dst id="ATLAng">3597.27466666667</dst>
            <dst id="CHINng">23208.3413333333</dst>
            <dst id="DNVRng">5039.06133333333</dst>
            <dst id="HSTNng">9726.82666666666</dst>
            <dst id="IPLSng">9252.10933333333</dst>
            <dst id="KSCYng">3542.792</dst>
            <dst id="LOSAng">6076.096</dst>
            <dst id="NYCMng">7264.976</dst>
            <dst id="SNVAng">1168.18666666667</dst>
            <dst id="STTLng">1734.648</dst>
            <dst id="WASHng">16212.2053333333</dst>
        </src>
        <src id="IPLSng">
            <dst id="ATLA-M5">498.624</dst>
            <dst id="ATLAng">16779.0346666667</dst>
            <dst id="CHINng">143019.282666667</dst>
            <dst id="DNVRng">23419.688</dst>
            <dst id="HSTNng">6478.20266666667</dst>
            <dst id="IPLSng">19258.1946666667</dst>
            <dst id="KSCYng">10126.3626666667</dst>
            <dst id="LOSAng">52807.2693333333</dst>
            <dst id="NYCMng">65694.1253333333</dst>
            <dst id="SNVAng">1283.104</dst>
            <dst id="STTLng">11898.392</dst>
            <dst id="WASHng">50156.0693333333</dst>
        </src>
        <src id="KSCYng">
            <dst id="ATLA-M5">53.3333333333333</dst>
            <dst id="ATLAng">2391.88</dst>
            <dst id="CHINng">26672.016</dst>
            <dst id="DNVRng">9876.48</dst>
            <dst id="HSTNng">4477.25866666667</dst>
            <dst id="IPLSng">24653.216</dst>
            <dst id="KSCYng">9813.42666666667</dst>
            <dst id="LOSAng">11526.8613333333</dst>
            <dst id="NYCMng">7647.15466666667</dst>
            <dst id="SNVAng">600.693333333333</dst>
            <dst id="STTLng">898.8</dst>
            <dst id="WASHng">14516.1866666667</dst>
        </src>
        <src id="LOSAng">
            <dst id="ATLA-M5">2688.112</dst>
            <dst id="ATLAng">20730.456</dst>
            <dst id="CHINng">1102811.46666667</dst>
            <dst id="DNVRng">14745.7146666667</dst>
            <dst id="HSTNng">13963.5493333333</dst>
            <dst id="IPLSng">40106.4106666667</dst>
            <dst id="KSCYng">14715.9093333333</dst>
            <dst id="LOSAng">10792.072</dst>
            <dst id="NYCMng">74470.1653333333</dst>
            <dst id="SNVAng">10963.9706666667</dst>
            <dst id="STTLng">34018.5466666667</dst>
            <dst id="WASHng">107979.941333333</dst>
        </src>
        <src id="NYCMng">
            <dst id="ATLA-M5">2298.05866666667</dst>
            <dst id="ATLAng">32065.7866666667</dst>
            <dst id="CHINng">56477.752</dst>
            <dst id="DNVRng">41071.4026666667</dst>
            <dst id="HSTNng">16548.6133333333</dst>
            <dst id="IPLSng">63706.984</dst>
            <dst id="KSCYng">18652.8186666667</dst>
            <dst id="LOSAng">79693.984</dst>
            <dst id="NYCMng">218198.048</dst>
            <dst id="SNVAng">5958.856</dst>
            <dst id="STTLng">20111.8666666667</dst>
            <dst id="WASHng">138925.589333333</dst>
        </src>
        <src id="SNVAng">
            <dst id="ATLA-M5">26.6666666666667</dst>
            <dst id="ATLAng">368.44</dst>
            <dst id="CHINng">2366.85866666667</dst>
            <dst id="DNVRng">8898.816</dst>
            <dst id="HSTNng">997.010666666667</dst>
            <dst id="IPLSng">3325.30933333333</dst>
            <dst id="KSCYng">821.405333333333</dst>
            <dst id="LOSAng">30872.4666666667</dst>
            <dst id="NYCMng">515.882666666667</dst>
            <dst id="SNVAng">12461.488</dst>
            <dst id="STTLng">50791</dst>
            <dst id="WASHng">494.794666666667</dst>
        </src>
        <src id="STTLng">
            <dst id="ATLA-M5">373.152</dst>
            <dst id="ATLAng">8392.15466666667</dst>
            <dst id="CHINng">13627.416</dst>
            <dst id="DNVRng">8729.488</dst>
            <dst id="HSTNng">11578.2693333333</dst>
            <dst id="IPLSng">11613.024</dst>
            <dst id="KSCYng">6080.912</dst>
            <dst id="LOSAng">24433.0533333333</dst>
            <dst id="NYCMng">7539.08266666667</dst>
            <dst id="SNVAng">9804.85066666667</dst>
            <dst id="STTLng">5848.25333333333</dst>
            <dst id="WASHng">15369.8106666667</dst>
        </src>
        <src id="WASHng">
            <dst id="ATLA-M5">1401.39466666667</dst>
            <dst id="ATLAng">102920.053333333</dst>
            <dst id="CHINng">82957.6186666667</dst>
            <dst id="DNVRng">50606.856</dst>
            <dst id="HSTNng">27694.7893333333</dst>
            <dst id="IPLSng">59354.152</dst>
            <dst id="KSCYng">16822.3466666667</dst>
            <dst id="LOSAng">112668.776</dst>
            <dst id="NYCMng">167813.242666667</dst>
            <dst id="SNVAng">2221.42133333333</dst>
            <dst id="STTLng">35276.4533333333</dst>
            <dst id="WASHng">237289.677333333</dst>
        </src>
    </IntraTM>
</TrafficMatrixFile>
