<?xml version="1.0" encoding="ISO-8859-1" standalone="yes"?>
<TrafficMatrixFile xsi:noNamespaceSchemaLocation="http://totem.run.montefiore.ulg.ac.be/Schema/TrafficMatrix-v1_2.xsd" xmlns:xsi="http://www.w3.org/2001/XMLSchema-instance">
    <IntraTM ASID="11537">
        <src id="ATLA-M5">
            <dst id="ATLA-M5">75.2026666666667</dst>
            <dst id="ATLAng">135.666666666667</dst>
            <dst id="CHINng">201.898666666667</dst>
            <dst id="DNVRng">53.3333333333333</dst>
            <dst id="HSTNng">254.690666666667</dst>
            <dst id="IPLSng">441.768</dst>
            <dst id="KSCYng">1448.8</dst>
            <dst id="LOSAng">86.224</dst>
            <dst id="NYCMng">53.3333333333333</dst>
            <dst id="SNVAng">26.6666666666667</dst>
            <dst id="STTLng">80</dst>
            <dst id="WASHng">455.333333333333</dst>
        </src>
        <src id="ATLAng">
            <dst id="ATLA-M5">507.954666666667</dst>
            <dst id="ATLAng">32796.2186666667</dst>
            <dst id="CHINng">17097.6746666667</dst>
            <dst id="DNVRng">6173.672</dst>
            <dst id="HSTNng">6562.792</dst>
            <dst id="IPLSng">23936.344</dst>
            <dst id="KSCYng">2227.09066666667</dst>
            <dst id="LOSAng">18710.1733333333</dst>
            <dst id="NYCMng">6657.87466666667</dst>
            <dst id="SNVAng">437.082666666667</dst>
            <dst id="STTLng">4585.91733333333</dst>
            <dst id="WASHng">26601.376</dst>
        </src>
        <src id="CHINng">
            <dst id="ATLA-M5">1064.38666666667</dst>
            <dst id="ATLAng">12576.9866666667</dst>
            <dst id="CHINng">93647.7253333333</dst>
            <dst id="DNVRng">18051.9013333333</dst>
            <dst id="HSTNng">62941.76</dst>
            <dst id="IPLSng">65689.0346666667</dst>
            <dst id="KSCYng">19518.1173333333</dst>
            <dst id="LOSAng">2072150.88</dst>
            <dst id="NYCMng">18765.984</dst>
            <dst id="SNVAng">2861.096</dst>
            <dst id="STTLng">11728.2106666667</dst>
            <dst id="WASHng">25172.4906666667</dst>
        </src>
        <src id="DNVRng">
            <dst id="ATLA-M5">263.405333333333</dst>
            <dst id="ATLAng">6381.68266666667</dst>
            <dst id="CHINng">76660.5653333333</dst>
            <dst id="DNVRng">14407.4426666667</dst>
            <dst id="HSTNng">17326.9786666667</dst>
            <dst id="IPLSng">40507.4533333333</dst>
            <dst id="KSCYng">19865.784</dst>
            <dst id="LOSAng">9430.144</dst>
            <dst id="NYCMng">20395.6266666667</dst>
            <dst id="SNVAng">7043.512</dst>
            <dst id="STTLng">12874.3413333333</dst>
            <dst id="WASHng">43640.7786666667</dst>
        </src>
        <src id="HSTNng">
            <dst id="ATLA-M5">5270.78133333333</dst>
            <dst id="ATLAng">2295.06933333333</dst>
            <dst id="CHINng">22508.9866666667</dst>
            <dst id="DNVRng">1677.32266666667</dst>
            <dst id="HSTNng">9026.80266666666</dst>
            <dst id="IPLSng">11023.296</dst>
            <dst id="KSCYng">2580.59466666667</dst>
            <dst id="LOSAng">8199.20266666667</dst>
            <dst id="NYCMng">4092.13866666667</dst>
            <dst id="SNVAng">1817.78133333333</dst>
            <dst id="STTLng">1822.464</dst>
            <dst id="WASHng">6795.68533333334</dst>
        </src>
        <src id="IPLSng">
            <dst id="ATLA-M5">390.736</dst>
            <dst id="ATLAng">14126.016</dst>
            <dst id="CHINng">96501.9813333333</dst>
            <dst id="DNVRng">23445.28</dst>
            <dst id="HSTNng">8244.56</dst>
            <dst id="IPLSng">16611.3653333333</dst>
            <dst id="KSCYng">6591.024</dst>
            <dst id="LOSAng">65210.952</dst>
            <dst id="NYCMng">65133.5466666667</dst>
            <dst id="SNVAng">3845.02666666667</dst>
            <dst id="STTLng">8651.536</dst>
            <dst id="WASHng">49255.5306666667</dst>
        </src>
        <src id="KSCYng">
            <dst id="ATLA-M5">467.173333333333</dst>
            <dst id="ATLAng">3197.19733333333</dst>
            <dst id="CHINng">33837.2213333333</dst>
            <dst id="DNVRng">8950.94666666667</dst>
            <dst id="HSTNng">4168.55466666667</dst>
            <dst id="IPLSng">18952.68</dst>
            <dst id="KSCYng">9795.43466666667</dst>
            <dst id="LOSAng">6937.79466666667</dst>
            <dst id="NYCMng">6256.09333333333</dst>
            <dst id="SNVAng">3074.02666666667</dst>
            <dst id="STTLng">1289.80533333333</dst>
            <dst id="WASHng">15192.0373333333</dst>
        </src>
        <src id="LOSAng">
            <dst id="ATLA-M5">1491.63466666667</dst>
            <dst id="ATLAng">14266.208</dst>
            <dst id="CHINng">482504.426666667</dst>
            <dst id="DNVRng">16283.7173333333</dst>
            <dst id="HSTNng">8134.112</dst>
            <dst id="IPLSng">45346.2133333333</dst>
            <dst id="KSCYng">9560.09866666666</dst>
            <dst id="LOSAng">16670.5333333333</dst>
            <dst id="NYCMng">65956.032</dst>
            <dst id="SNVAng">10325.0826666667</dst>
            <dst id="STTLng">26167.8613333333</dst>
            <dst id="WASHng">80582.2266666667</dst>
        </src>
        <src id="NYCMng">
            <dst id="ATLA-M5">986.504</dst>
            <dst id="ATLAng">19585.3013333333</dst>
            <dst id="CHINng">52584.1653333334</dst>
            <dst id="DNVRng">29918.0986666667</dst>
            <dst id="HSTNng">18134.8586666667</dst>
            <dst id="IPLSng">71565.3706666667</dst>
            <dst id="KSCYng">14463.0853333333</dst>
            <dst id="LOSAng">80804.2346666667</dst>
            <dst id="NYCMng">150925.032</dst>
            <dst id="SNVAng">4359.71466666667</dst>
            <dst id="STTLng">40749.6453333333</dst>
            <dst id="WASHng">129840.917333333</dst>
        </src>
        <src id="SNVAng">
            <dst id="ATLA-M5">138.992</dst>
            <dst id="ATLAng">26.6666666666667</dst>
            <dst id="CHINng">3208.32533333333</dst>
            <dst id="DNVRng">4752.73066666667</dst>
            <dst id="HSTNng">504.152</dst>
            <dst id="IPLSng">1013.48266666667</dst>
            <dst id="KSCYng">4876.19733333333</dst>
            <dst id="LOSAng">33839.0986666667</dst>
            <dst id="NYCMng">1037.52533333333</dst>
            <dst id="SNVAng">11854.2826666667</dst>
            <dst id="STTLng">49288.9786666667</dst>
            <dst id="WASHng">292.136</dst>
        </src>
        <src id="STTLng">
            <dst id="ATLA-M5">386.898666666667</dst>
            <dst id="ATLAng">6308.504</dst>
            <dst id="CHINng">17430.4933333333</dst>
            <dst id="DNVRng">9090.31466666667</dst>
            <dst id="HSTNng">4235.264</dst>
            <dst id="IPLSng">7271.81866666667</dst>
            <dst id="KSCYng">2162.2</dst>
            <dst id="LOSAng">17954.2</dst>
            <dst id="NYCMng">5493.48266666667</dst>
            <dst id="SNVAng">5051.576</dst>
            <dst id="STTLng">4183.696</dst>
            <dst id="WASHng">8862.05333333333</dst>
        </src>
        <src id="WASHng">
            <dst id="ATLA-M5">2949.368</dst>
            <dst id="ATLAng">57430.688</dst>
            <dst id="CHINng">71816.2613333334</dst>
            <dst id="DNVRng">53993.5013333333</dst>
            <dst id="HSTNng">15480.2506666667</dst>
            <dst id="IPLSng">53121.312</dst>
            <dst id="KSCYng">32291.2346666667</dst>
            <dst id="LOSAng">117491.12</dst>
            <dst id="NYCMng">160058.704</dst>
            <dst id="SNVAng">5687.74133333333</dst>
            <dst id="STTLng">40968.4506666667</dst>
            <dst id="WASHng">216837.072</dst>
        </src>
    </IntraTM>
</TrafficMatrixFile>
