<?xml version="1.0" encoding="ISO-8859-1" standalone="yes"?>
<TrafficMatrixFile xsi:noNamespaceSchemaLocation="http://totem.run.montefiore.ulg.ac.be/Schema/TrafficMatrix-v1_2.xsd" xmlns:xsi="http://www.w3.org/2001/XMLSchema-instance">
    <IntraTM ASID="11537">
        <src id="ATLA-M5">
            <dst id="ATLA-M5">0</dst>
            <dst id="ATLAng">595.298666666667</dst>
            <dst id="CHINng">195.802666666667</dst>
            <dst id="DNVRng">518.805333333333</dst>
            <dst id="HSTNng">28.392</dst>
            <dst id="IPLSng">290.618666666667</dst>
            <dst id="KSCYng">189.509333333333</dst>
            <dst id="LOSAng">787.562666666667</dst>
            <dst id="NYCMng">1593.952</dst>
            <dst id="SNVAng">26.6666666666667</dst>
            <dst id="STTLng">56.1226666666667</dst>
            <dst id="WASHng">930.064</dst>
        </src>
        <src id="ATLAng">
            <dst id="ATLA-M5">1554.35466666667</dst>
            <dst id="ATLAng">39122.2986666667</dst>
            <dst id="CHINng">25779.9546666667</dst>
            <dst id="DNVRng">6211.84533333333</dst>
            <dst id="HSTNng">3839.376</dst>
            <dst id="IPLSng">23266.288</dst>
            <dst id="KSCYng">1844.06933333333</dst>
            <dst id="LOSAng">40366.432</dst>
            <dst id="NYCMng">9907.02666666667</dst>
            <dst id="SNVAng">717.650666666667</dst>
            <dst id="STTLng">3560.90666666667</dst>
            <dst id="WASHng">38422.952</dst>
        </src>
        <src id="CHINng">
            <dst id="ATLA-M5">2130.70133333333</dst>
            <dst id="ATLAng">21574.2373333333</dst>
            <dst id="CHINng">98239.528</dst>
            <dst id="DNVRng">27114.2373333333</dst>
            <dst id="HSTNng">57944.8773333333</dst>
            <dst id="IPLSng">68609.2346666667</dst>
            <dst id="KSCYng">14140.6266666667</dst>
            <dst id="LOSAng">2027500.53333333</dst>
            <dst id="NYCMng">22068.28</dst>
            <dst id="SNVAng">3300.05333333333</dst>
            <dst id="STTLng">8788.256</dst>
            <dst id="WASHng">39835.5706666667</dst>
        </src>
        <src id="DNVRng">
            <dst id="ATLA-M5">229.733333333333</dst>
            <dst id="ATLAng">8498.616</dst>
            <dst id="CHINng">67487.6933333333</dst>
            <dst id="DNVRng">16196.9973333333</dst>
            <dst id="HSTNng">20533.464</dst>
            <dst id="IPLSng">33203.2506666667</dst>
            <dst id="KSCYng">19320.0586666667</dst>
            <dst id="LOSAng">7183.84266666667</dst>
            <dst id="NYCMng">15706.5146666667</dst>
            <dst id="SNVAng">9628.86133333333</dst>
            <dst id="STTLng">11861.9093333333</dst>
            <dst id="WASHng">48994.6586666667</dst>
        </src>
        <src id="HSTNng">
            <dst id="ATLA-M5">1619.10133333333</dst>
            <dst id="ATLAng">2919.05333333333</dst>
            <dst id="CHINng">24028.9653333333</dst>
            <dst id="DNVRng">4117.98666666667</dst>
            <dst id="HSTNng">8784.384</dst>
            <dst id="IPLSng">6638.96266666667</dst>
            <dst id="KSCYng">4580.83466666667</dst>
            <dst id="LOSAng">8702.21866666667</dst>
            <dst id="NYCMng">6688.54133333333</dst>
            <dst id="SNVAng">2866.13066666667</dst>
            <dst id="STTLng">2692.80533333333</dst>
            <dst id="WASHng">10742.6453333333</dst>
        </src>
        <src id="IPLSng">
            <dst id="ATLA-M5">544.106666666667</dst>
            <dst id="ATLAng">20577.8906666667</dst>
            <dst id="CHINng">124926.253333333</dst>
            <dst id="DNVRng">22505.552</dst>
            <dst id="HSTNng">6305.17333333333</dst>
            <dst id="IPLSng">20604.2506666667</dst>
            <dst id="KSCYng">8314.032</dst>
            <dst id="LOSAng">68576.0026666667</dst>
            <dst id="NYCMng">51054.5093333333</dst>
            <dst id="SNVAng">4414.14666666667</dst>
            <dst id="STTLng">12994.0826666667</dst>
            <dst id="WASHng">45475.912</dst>
        </src>
        <src id="KSCYng">
            <dst id="ATLA-M5">611.746666666667</dst>
            <dst id="ATLAng">2011.56</dst>
            <dst id="CHINng">21180.1973333333</dst>
            <dst id="DNVRng">9835.144</dst>
            <dst id="HSTNng">3702.38666666667</dst>
            <dst id="IPLSng">17683.0826666667</dst>
            <dst id="KSCYng">13736.8693333333</dst>
            <dst id="LOSAng">8592.97066666667</dst>
            <dst id="NYCMng">8065.41333333333</dst>
            <dst id="SNVAng">706.978666666667</dst>
            <dst id="STTLng">2441.19466666667</dst>
            <dst id="WASHng">16907.832</dst>
        </src>
        <src id="LOSAng">
            <dst id="ATLA-M5">1627.30933333333</dst>
            <dst id="ATLAng">17141.544</dst>
            <dst id="CHINng">1081179.46666667</dst>
            <dst id="DNVRng">12610.384</dst>
            <dst id="HSTNng">14019.368</dst>
            <dst id="IPLSng">49817.5786666667</dst>
            <dst id="KSCYng">11662.0613333333</dst>
            <dst id="LOSAng">19343.2293333333</dst>
            <dst id="NYCMng">87747.8266666667</dst>
            <dst id="SNVAng">12175.5146666667</dst>
            <dst id="STTLng">36948.4346666667</dst>
            <dst id="WASHng">94560.6613333333</dst>
        </src>
        <src id="NYCMng">
            <dst id="ATLA-M5">3373.26666666667</dst>
            <dst id="ATLAng">35585.1733333333</dst>
            <dst id="CHINng">40952.2133333333</dst>
            <dst id="DNVRng">35985.08</dst>
            <dst id="HSTNng">19342.2106666667</dst>
            <dst id="IPLSng">52639.936</dst>
            <dst id="KSCYng">23535.144</dst>
            <dst id="LOSAng">78801.528</dst>
            <dst id="NYCMng">180273.082666667</dst>
            <dst id="SNVAng">6945</dst>
            <dst id="STTLng">25184.6266666667</dst>
            <dst id="WASHng">138819.061333333</dst>
        </src>
        <src id="SNVAng">
            <dst id="ATLA-M5">287.357333333333</dst>
            <dst id="ATLAng">154.104</dst>
            <dst id="CHINng">1390.896</dst>
            <dst id="DNVRng">8572.27466666666</dst>
            <dst id="HSTNng">677.384</dst>
            <dst id="IPLSng">5837.98666666666</dst>
            <dst id="KSCYng">1294.75733333333</dst>
            <dst id="LOSAng">37208.5973333333</dst>
            <dst id="NYCMng">895.842666666667</dst>
            <dst id="SNVAng">19524.0026666667</dst>
            <dst id="STTLng">58249.4506666667</dst>
            <dst id="WASHng">919.034666666666</dst>
        </src>
        <src id="STTLng">
            <dst id="ATLA-M5">207.658666666667</dst>
            <dst id="ATLAng">8956.136</dst>
            <dst id="CHINng">8607.63466666667</dst>
            <dst id="DNVRng">4254.04</dst>
            <dst id="HSTNng">7082.35466666667</dst>
            <dst id="IPLSng">11900.544</dst>
            <dst id="KSCYng">5376.45066666667</dst>
            <dst id="LOSAng">22011.904</dst>
            <dst id="NYCMng">12344.3173333333</dst>
            <dst id="SNVAng">4893.12533333333</dst>
            <dst id="STTLng">5779.14933333333</dst>
            <dst id="WASHng">14103.8693333333</dst>
        </src>
        <src id="WASHng">
            <dst id="ATLA-M5">2692.63733333333</dst>
            <dst id="ATLAng">95167.4506666667</dst>
            <dst id="CHINng">67465.4373333333</dst>
            <dst id="DNVRng">54059.1226666667</dst>
            <dst id="HSTNng">31527.5333333333</dst>
            <dst id="IPLSng">58775.96</dst>
            <dst id="KSCYng">17133.52</dst>
            <dst id="LOSAng">97210.7173333333</dst>
            <dst id="NYCMng">171008.701333333</dst>
            <dst id="SNVAng">16024.7573333333</dst>
            <dst id="STTLng">26056.7813333333</dst>
            <dst id="WASHng">295514.506666667</dst>
        </src>
    </IntraTM>
</TrafficMatrixFile>
