<?xml version="1.0" encoding="ISO-8859-1" standalone="yes"?>
<TrafficMatrixFile xsi:noNamespaceSchemaLocation="http://totem.run.montefiore.ulg.ac.be/Schema/TrafficMatrix-v1_2.xsd" xmlns:xsi="http://www.w3.org/2001/XMLSchema-instance">
    <IntraTM ASID="11537">
        <src id="ATLA-M5">
            <dst id="ATLA-M5">66.1733333333333</dst>
            <dst id="ATLAng">75.1146666666667</dst>
            <dst id="CHINng">114.776</dst>
            <dst id="DNVRng">26.6666666666667</dst>
            <dst id="HSTNng">26.6666666666667</dst>
            <dst id="IPLSng">179.76</dst>
            <dst id="KSCYng">312.162666666667</dst>
            <dst id="LOSAng">187.208</dst>
            <dst id="NYCMng">921.797333333333</dst>
            <dst id="SNVAng">0</dst>
            <dst id="STTLng">202.074666666667</dst>
            <dst id="WASHng">1963.39466666667</dst>
        </src>
        <src id="ATLAng">
            <dst id="ATLA-M5">328.653333333333</dst>
            <dst id="ATLAng">27080.456</dst>
            <dst id="CHINng">26046.0346666667</dst>
            <dst id="DNVRng">2720.66133333333</dst>
            <dst id="HSTNng">5020.30666666667</dst>
            <dst id="IPLSng">12213.312</dst>
            <dst id="KSCYng">3808.70666666667</dst>
            <dst id="LOSAng">16466.9306666667</dst>
            <dst id="NYCMng">11093.6186666667</dst>
            <dst id="SNVAng">343.893333333333</dst>
            <dst id="STTLng">3798.61866666667</dst>
            <dst id="WASHng">50980.872</dst>
        </src>
        <src id="CHINng">
            <dst id="ATLA-M5">2225.05066666667</dst>
            <dst id="ATLAng">22787.0586666667</dst>
            <dst id="CHINng">116837.389333333</dst>
            <dst id="DNVRng">25255.2373333333</dst>
            <dst id="HSTNng">69654.864</dst>
            <dst id="IPLSng">65407.1066666667</dst>
            <dst id="KSCYng">12856.8346666667</dst>
            <dst id="LOSAng">50557.4613333333</dst>
            <dst id="NYCMng">24460.208</dst>
            <dst id="SNVAng">2310.73333333333</dst>
            <dst id="STTLng">19551.696</dst>
            <dst id="WASHng">21836.9173333333</dst>
        </src>
        <src id="DNVRng">
            <dst id="ATLA-M5">123.04</dst>
            <dst id="ATLAng">4018.888</dst>
            <dst id="CHINng">78149.2293333333</dst>
            <dst id="DNVRng">9111.392</dst>
            <dst id="HSTNng">15387.352</dst>
            <dst id="IPLSng">31691.3413333333</dst>
            <dst id="KSCYng">19187.32</dst>
            <dst id="LOSAng">11311.8453333333</dst>
            <dst id="NYCMng">18287.5653333333</dst>
            <dst id="SNVAng">4777.09866666667</dst>
            <dst id="STTLng">10720.7893333333</dst>
            <dst id="WASHng">45066.0906666667</dst>
        </src>
        <src id="HSTNng">
            <dst id="ATLA-M5">1409.67733333333</dst>
            <dst id="ATLAng">4038.752</dst>
            <dst id="CHINng">23309.8133333333</dst>
            <dst id="DNVRng">2183.96533333333</dst>
            <dst id="HSTNng">5202.81866666667</dst>
            <dst id="IPLSng">13863.6853333333</dst>
            <dst id="KSCYng">4166.272</dst>
            <dst id="LOSAng">3524.856</dst>
            <dst id="NYCMng">6495.46133333334</dst>
            <dst id="SNVAng">1675.41866666667</dst>
            <dst id="STTLng">2479.47733333333</dst>
            <dst id="WASHng">4276.30666666667</dst>
        </src>
        <src id="IPLSng">
            <dst id="ATLA-M5">696.936</dst>
            <dst id="ATLAng">11973.4026666667</dst>
            <dst id="CHINng">111036.218666667</dst>
            <dst id="DNVRng">18786.9306666667</dst>
            <dst id="HSTNng">8932.28266666667</dst>
            <dst id="IPLSng">30766.264</dst>
            <dst id="KSCYng">7775.04</dst>
            <dst id="LOSAng">23227.9653333333</dst>
            <dst id="NYCMng">102768.749333333</dst>
            <dst id="SNVAng">941.608</dst>
            <dst id="STTLng">9119.13866666667</dst>
            <dst id="WASHng">43902.0106666667</dst>
        </src>
        <src id="KSCYng">
            <dst id="ATLA-M5">271.762666666667</dst>
            <dst id="ATLAng">5199.616</dst>
            <dst id="CHINng">30937.912</dst>
            <dst id="DNVRng">10523.76</dst>
            <dst id="HSTNng">4467.53066666667</dst>
            <dst id="IPLSng">21347.7893333333</dst>
            <dst id="KSCYng">7665.672</dst>
            <dst id="LOSAng">3168.26133333333</dst>
            <dst id="NYCMng">8180.28266666667</dst>
            <dst id="SNVAng">216.418666666667</dst>
            <dst id="STTLng">1348.89066666667</dst>
            <dst id="WASHng">11664.2266666667</dst>
        </src>
        <src id="LOSAng">
            <dst id="ATLA-M5">1062.23733333333</dst>
            <dst id="ATLAng">30881.864</dst>
            <dst id="CHINng">81107.504</dst>
            <dst id="DNVRng">4693.63733333333</dst>
            <dst id="HSTNng">34603.5306666667</dst>
            <dst id="IPLSng">31834.608</dst>
            <dst id="KSCYng">9196.464</dst>
            <dst id="LOSAng">26869.4666666667</dst>
            <dst id="NYCMng">63835.296</dst>
            <dst id="SNVAng">9739.61066666667</dst>
            <dst id="STTLng">24867.328</dst>
            <dst id="WASHng">89506.904</dst>
        </src>
        <src id="NYCMng">
            <dst id="ATLA-M5">602.584</dst>
            <dst id="ATLAng">23295.2693333333</dst>
            <dst id="CHINng">58931.2613333334</dst>
            <dst id="DNVRng">29629.4533333333</dst>
            <dst id="HSTNng">18268.5333333333</dst>
            <dst id="IPLSng">51121.6426666667</dst>
            <dst id="KSCYng">19446.5306666667</dst>
            <dst id="LOSAng">41601.6773333333</dst>
            <dst id="NYCMng">207189.373333333</dst>
            <dst id="SNVAng">1145.42133333333</dst>
            <dst id="STTLng">29926.3306666667</dst>
            <dst id="WASHng">133748.808</dst>
        </src>
        <src id="SNVAng">
            <dst id="ATLA-M5">0</dst>
            <dst id="ATLAng">1059.95466666667</dst>
            <dst id="CHINng">2231.76533333333</dst>
            <dst id="DNVRng">11802.7866666667</dst>
            <dst id="HSTNng">85.232</dst>
            <dst id="IPLSng">1839.32266666667</dst>
            <dst id="KSCYng">278.568</dst>
            <dst id="LOSAng">33488.3413333333</dst>
            <dst id="NYCMng">1456.6</dst>
            <dst id="SNVAng">12540.872</dst>
            <dst id="STTLng">51482.4213333333</dst>
            <dst id="WASHng">442.317333333333</dst>
        </src>
        <src id="STTLng">
            <dst id="ATLA-M5">475.616</dst>
            <dst id="ATLAng">4469.712</dst>
            <dst id="CHINng">17705.5573333333</dst>
            <dst id="DNVRng">1422.584</dst>
            <dst id="HSTNng">2443.688</dst>
            <dst id="IPLSng">4855.90666666667</dst>
            <dst id="KSCYng">2793.96533333333</dst>
            <dst id="LOSAng">20202.9253333333</dst>
            <dst id="NYCMng">7420.21333333333</dst>
            <dst id="SNVAng">2707.54933333333</dst>
            <dst id="STTLng">5928.37066666667</dst>
            <dst id="WASHng">9250.53333333333</dst>
        </src>
        <src id="WASHng">
            <dst id="ATLA-M5">1695.73333333333</dst>
            <dst id="ATLAng">65645.192</dst>
            <dst id="CHINng">68008.2613333333</dst>
            <dst id="DNVRng">60583.984</dst>
            <dst id="HSTNng">18155.888</dst>
            <dst id="IPLSng">59145.992</dst>
            <dst id="KSCYng">16950.56</dst>
            <dst id="LOSAng">91282.0373333333</dst>
            <dst id="NYCMng">170789.112</dst>
            <dst id="SNVAng">1191.168</dst>
            <dst id="STTLng">28846.2853333333</dst>
            <dst id="WASHng">315271.36</dst>
        </src>
    </IntraTM>
</TrafficMatrixFile>
