<?xml version="1.0" encoding="ISO-8859-1" standalone="yes"?>
<TrafficMatrixFile xsi:noNamespaceSchemaLocation="http://totem.run.montefiore.ulg.ac.be/Schema/TrafficMatrix-v1_2.xsd" xmlns:xsi="http://www.w3.org/2001/XMLSchema-instance">
    <IntraTM ASID="11537">
        <src id="ATLA-M5">
            <dst id="ATLA-M5">26.8213333333333</dst>
            <dst id="ATLAng">507.288</dst>
            <dst id="CHINng">550.917333333333</dst>
            <dst id="DNVRng">169.858666666667</dst>
            <dst id="HSTNng">325.224</dst>
            <dst id="IPLSng">885.221333333334</dst>
            <dst id="KSCYng">981.626666666667</dst>
            <dst id="LOSAng">2160.608</dst>
            <dst id="NYCMng">363.336</dst>
            <dst id="SNVAng">458.893333333333</dst>
            <dst id="STTLng">53.3333333333333</dst>
            <dst id="WASHng">2547.48266666667</dst>
        </src>
        <src id="ATLAng">
            <dst id="ATLA-M5">536.770666666667</dst>
            <dst id="ATLAng">23980.6986666667</dst>
            <dst id="CHINng">20045.776</dst>
            <dst id="DNVRng">9385.50933333333</dst>
            <dst id="HSTNng">1960.712</dst>
            <dst id="IPLSng">22347.9253333333</dst>
            <dst id="KSCYng">3762.33866666667</dst>
            <dst id="LOSAng">22244.3666666667</dst>
            <dst id="NYCMng">16578.832</dst>
            <dst id="SNVAng">2229.32666666667</dst>
            <dst id="STTLng">8933.92266666666</dst>
            <dst id="WASHng">35621.5786666667</dst>
        </src>
        <src id="CHINng">
            <dst id="ATLA-M5">1645.66933333333</dst>
            <dst id="ATLAng">74615.504</dst>
            <dst id="CHINng">98515.44</dst>
            <dst id="DNVRng">24515.4346666667</dst>
            <dst id="HSTNng">46338.4213333333</dst>
            <dst id="IPLSng">79765.0426666667</dst>
            <dst id="KSCYng">19362.5306666667</dst>
            <dst id="LOSAng">73735.3466666667</dst>
            <dst id="NYCMng">32744.6346666667</dst>
            <dst id="SNVAng">3167.82666666667</dst>
            <dst id="STTLng">16066.976</dst>
            <dst id="WASHng">37914.704</dst>
        </src>
        <src id="DNVRng">
            <dst id="ATLA-M5">427.624</dst>
            <dst id="ATLAng">7950.768</dst>
            <dst id="CHINng">74763.2906666667</dst>
            <dst id="DNVRng">8652.696</dst>
            <dst id="HSTNng">11238.1706666667</dst>
            <dst id="IPLSng">30530.376</dst>
            <dst id="KSCYng">9749.824</dst>
            <dst id="LOSAng">50417.9066666667</dst>
            <dst id="NYCMng">22537.616</dst>
            <dst id="SNVAng">7849.24</dst>
            <dst id="STTLng">8399.936</dst>
            <dst id="WASHng">49680.3626666667</dst>
        </src>
        <src id="HSTNng">
            <dst id="ATLA-M5">4626.95733333333</dst>
            <dst id="ATLAng">4085.12533333333</dst>
            <dst id="CHINng">17295.1066666667</dst>
            <dst id="DNVRng">5691.18666666667</dst>
            <dst id="HSTNng">11721.144</dst>
            <dst id="IPLSng">8373.74666666667</dst>
            <dst id="KSCYng">2914.61066666667</dst>
            <dst id="LOSAng">8607.26133333333</dst>
            <dst id="NYCMng">6243.98666666667</dst>
            <dst id="SNVAng">1881.47466666667</dst>
            <dst id="STTLng">4052.256</dst>
            <dst id="WASHng">7864.94133333333</dst>
        </src>
        <src id="IPLSng">
            <dst id="ATLA-M5">521.938666666667</dst>
            <dst id="ATLAng">36830.616</dst>
            <dst id="CHINng">120370.861333333</dst>
            <dst id="DNVRng">31184.128</dst>
            <dst id="HSTNng">5956.656</dst>
            <dst id="IPLSng">23965.1653333333</dst>
            <dst id="KSCYng">12173.8773333333</dst>
            <dst id="LOSAng">64472.6933333333</dst>
            <dst id="NYCMng">82996.8</dst>
            <dst id="SNVAng">3415.208</dst>
            <dst id="STTLng">17839.0213333333</dst>
            <dst id="WASHng">54386.504</dst>
        </src>
        <src id="KSCYng">
            <dst id="ATLA-M5">768.077333333333</dst>
            <dst id="ATLAng">8402.144</dst>
            <dst id="CHINng">21936.7066666667</dst>
            <dst id="DNVRng">10756.712</dst>
            <dst id="HSTNng">6037.48533333333</dst>
            <dst id="IPLSng">15393.3893333333</dst>
            <dst id="KSCYng">5779.312</dst>
            <dst id="LOSAng">23459.1306666667</dst>
            <dst id="NYCMng">6528.08266666667</dst>
            <dst id="SNVAng">447.069333333333</dst>
            <dst id="STTLng">3117.11733333333</dst>
            <dst id="WASHng">26778.6933333333</dst>
        </src>
        <src id="LOSAng">
            <dst id="ATLA-M5">2701.416</dst>
            <dst id="ATLAng">21522.3946666667</dst>
            <dst id="CHINng">92486.832</dst>
            <dst id="DNVRng">20359.6693333333</dst>
            <dst id="HSTNng">9290.59733333333</dst>
            <dst id="IPLSng">41696.8373333333</dst>
            <dst id="KSCYng">11144.288</dst>
            <dst id="LOSAng">13934.1306666667</dst>
            <dst id="NYCMng">71316.608</dst>
            <dst id="SNVAng">11009.6853333333</dst>
            <dst id="STTLng">34698.0533333333</dst>
            <dst id="WASHng">100362.962666667</dst>
        </src>
        <src id="NYCMng">
            <dst id="ATLA-M5">1032.968</dst>
            <dst id="ATLAng">39900.5813333333</dst>
            <dst id="CHINng">62298.7386666666</dst>
            <dst id="DNVRng">46464.3493333333</dst>
            <dst id="HSTNng">15524.952</dst>
            <dst id="IPLSng">78543.5253333333</dst>
            <dst id="KSCYng">31154.4533333333</dst>
            <dst id="LOSAng">91569.984</dst>
            <dst id="NYCMng">214565.410666667</dst>
            <dst id="SNVAng">9626.432</dst>
            <dst id="STTLng">27583.1093333333</dst>
            <dst id="WASHng">121269.696</dst>
        </src>
        <src id="SNVAng">
            <dst id="ATLA-M5">88.496</dst>
            <dst id="ATLAng">325.568</dst>
            <dst id="CHINng">2178.52</dst>
            <dst id="DNVRng">20944.4773333333</dst>
            <dst id="HSTNng">481.914666666667</dst>
            <dst id="IPLSng">7392.42933333333</dst>
            <dst id="KSCYng">322.408</dst>
            <dst id="LOSAng">65594.4453333333</dst>
            <dst id="NYCMng">1120.552</dst>
            <dst id="SNVAng">18971.7946666667</dst>
            <dst id="STTLng">57772.5093333333</dst>
            <dst id="WASHng">948.066666666667</dst>
        </src>
        <src id="STTLng">
            <dst id="ATLA-M5">106.093333333333</dst>
            <dst id="ATLAng">11492.4346666667</dst>
            <dst id="CHINng">14009.5093333333</dst>
            <dst id="DNVRng">8864.90666666667</dst>
            <dst id="HSTNng">9920.37866666667</dst>
            <dst id="IPLSng">8531.43466666667</dst>
            <dst id="KSCYng">3642.952</dst>
            <dst id="LOSAng">31508.536</dst>
            <dst id="NYCMng">6356.88533333333</dst>
            <dst id="SNVAng">3429.42933333333</dst>
            <dst id="STTLng">1020.02133333333</dst>
            <dst id="WASHng">8362.58133333333</dst>
        </src>
        <src id="WASHng">
            <dst id="ATLA-M5">712.546666666667</dst>
            <dst id="ATLAng">90737.608</dst>
            <dst id="CHINng">73621.1173333333</dst>
            <dst id="DNVRng">68889.968</dst>
            <dst id="HSTNng">19836.8106666667</dst>
            <dst id="IPLSng">50753.5466666667</dst>
            <dst id="KSCYng">23389.9413333333</dst>
            <dst id="LOSAng">125019.037333333</dst>
            <dst id="NYCMng">172925.72</dst>
            <dst id="SNVAng">5869.91466666667</dst>
            <dst id="STTLng">28338.4853333333</dst>
            <dst id="WASHng">194451.573333333</dst>
        </src>
    </IntraTM>
</TrafficMatrixFile>
