<?xml version="1.0" encoding="ISO-8859-1" standalone="yes"?>
<TrafficMatrixFile xsi:noNamespaceSchemaLocation="http://totem.run.montefiore.ulg.ac.be/Schema/TrafficMatrix-v1_2.xsd" xmlns:xsi="http://www.w3.org/2001/XMLSchema-instance">
    <IntraTM ASID="11537">
        <src id="ATLA-M5">
            <dst id="ATLA-M5">42.1413333333333</dst>
            <dst id="ATLAng">155.757333333333</dst>
            <dst id="CHINng">433.76</dst>
            <dst id="DNVRng">53.3333333333333</dst>
            <dst id="HSTNng">175.306666666667</dst>
            <dst id="IPLSng">242.474666666667</dst>
            <dst id="KSCYng">104.573333333333</dst>
            <dst id="LOSAng">393.24</dst>
            <dst id="NYCMng">0</dst>
            <dst id="SNVAng">112.016</dst>
            <dst id="STTLng">56.2346666666667</dst>
            <dst id="WASHng">866.4</dst>
        </src>
        <src id="ATLAng">
            <dst id="ATLA-M5">139.573333333333</dst>
            <dst id="ATLAng">26301.8373333333</dst>
            <dst id="CHINng">19419.9013333333</dst>
            <dst id="DNVRng">4913.34666666667</dst>
            <dst id="HSTNng">6568.69333333333</dst>
            <dst id="IPLSng">21660.744</dst>
            <dst id="KSCYng">3010.93866666667</dst>
            <dst id="LOSAng">30584.1173333333</dst>
            <dst id="NYCMng">5980.05066666667</dst>
            <dst id="SNVAng">842.014666666667</dst>
            <dst id="STTLng">6184.58133333333</dst>
            <dst id="WASHng">35716.0133333333</dst>
        </src>
        <src id="CHINng">
            <dst id="ATLA-M5">735.896</dst>
            <dst id="ATLAng">28380.704</dst>
            <dst id="CHINng">101800.2</dst>
            <dst id="DNVRng">19261.5546666667</dst>
            <dst id="HSTNng">50045.5306666667</dst>
            <dst id="IPLSng">44452.7973333333</dst>
            <dst id="KSCYng">11522.7466666667</dst>
            <dst id="LOSAng">75373.8666666667</dst>
            <dst id="NYCMng">17374.744</dst>
            <dst id="SNVAng">4864.792</dst>
            <dst id="STTLng">9819.296</dst>
            <dst id="WASHng">30206.928</dst>
        </src>
        <src id="DNVRng">
            <dst id="ATLA-M5">431.874666666667</dst>
            <dst id="ATLAng">4842.40266666667</dst>
            <dst id="CHINng">69977.5653333333</dst>
            <dst id="DNVRng">9656.136</dst>
            <dst id="HSTNng">15128.9493333333</dst>
            <dst id="IPLSng">29884.952</dst>
            <dst id="KSCYng">11502.168</dst>
            <dst id="LOSAng">7308.13066666667</dst>
            <dst id="NYCMng">21201.0213333333</dst>
            <dst id="SNVAng">6012.73333333333</dst>
            <dst id="STTLng">5693.776</dst>
            <dst id="WASHng">46319.8426666667</dst>
        </src>
        <src id="HSTNng">
            <dst id="ATLA-M5">5848.92266666667</dst>
            <dst id="ATLAng">3171.24533333333</dst>
            <dst id="CHINng">20497.44</dst>
            <dst id="DNVRng">2242.48533333333</dst>
            <dst id="HSTNng">8616.17333333333</dst>
            <dst id="IPLSng">4119.52266666667</dst>
            <dst id="KSCYng">3127.824</dst>
            <dst id="LOSAng">25076.0346666667</dst>
            <dst id="NYCMng">3387.56533333333</dst>
            <dst id="SNVAng">2653.376</dst>
            <dst id="STTLng">1527.79733333333</dst>
            <dst id="WASHng">7613.112</dst>
        </src>
        <src id="IPLSng">
            <dst id="ATLA-M5">714.829333333333</dst>
            <dst id="ATLAng">26070.9146666667</dst>
            <dst id="CHINng">105878.669333333</dst>
            <dst id="DNVRng">17110.872</dst>
            <dst id="HSTNng">8021.072</dst>
            <dst id="IPLSng">31131.7466666667</dst>
            <dst id="KSCYng">10215.928</dst>
            <dst id="LOSAng">76384.912</dst>
            <dst id="NYCMng">41298.5066666667</dst>
            <dst id="SNVAng">3169.78133333333</dst>
            <dst id="STTLng">9319.576</dst>
            <dst id="WASHng">39384.0373333333</dst>
        </src>
        <src id="KSCYng">
            <dst id="ATLA-M5">680.362666666667</dst>
            <dst id="ATLAng">2690.01866666667</dst>
            <dst id="CHINng">22706.7146666667</dst>
            <dst id="DNVRng">18466.4933333333</dst>
            <dst id="HSTNng">4043.18933333333</dst>
            <dst id="IPLSng">9342.592</dst>
            <dst id="KSCYng">8447.296</dst>
            <dst id="LOSAng">8356.26666666667</dst>
            <dst id="NYCMng">5795.61066666666</dst>
            <dst id="SNVAng">420.968</dst>
            <dst id="STTLng">2525.984</dst>
            <dst id="WASHng">13648.0453333333</dst>
        </src>
        <src id="LOSAng">
            <dst id="ATLA-M5">1614.17333333333</dst>
            <dst id="ATLAng">9253.91733333333</dst>
            <dst id="CHINng">85888.472</dst>
            <dst id="DNVRng">13557.968</dst>
            <dst id="HSTNng">16837.5146666667</dst>
            <dst id="IPLSng">37679.6026666667</dst>
            <dst id="KSCYng">8449.392</dst>
            <dst id="LOSAng">11303.2586666667</dst>
            <dst id="NYCMng">55710.168</dst>
            <dst id="SNVAng">7677.72266666667</dst>
            <dst id="STTLng">31738.1653333333</dst>
            <dst id="WASHng">146995.522666667</dst>
        </src>
        <src id="NYCMng">
            <dst id="ATLA-M5">1879.336</dst>
            <dst id="ATLAng">26524.248</dst>
            <dst id="CHINng">64469.7226666667</dst>
            <dst id="DNVRng">39794.1626666667</dst>
            <dst id="HSTNng">8712.29066666667</dst>
            <dst id="IPLSng">49374.2026666667</dst>
            <dst id="KSCYng">16726.2826666667</dst>
            <dst id="LOSAng">88209.7893333333</dst>
            <dst id="NYCMng">167725.725333333</dst>
            <dst id="SNVAng">6246.912</dst>
            <dst id="STTLng">29376.936</dst>
            <dst id="WASHng">132198.314666667</dst>
        </src>
        <src id="SNVAng">
            <dst id="ATLA-M5">42.312</dst>
            <dst id="ATLAng">83.4026666666667</dst>
            <dst id="CHINng">1859.10666666667</dst>
            <dst id="DNVRng">4102.67466666667</dst>
            <dst id="HSTNng">462.162666666667</dst>
            <dst id="IPLSng">839.933333333334</dst>
            <dst id="KSCYng">832.757333333333</dst>
            <dst id="LOSAng">48849.24</dst>
            <dst id="NYCMng">492.645333333333</dst>
            <dst id="SNVAng">18972.392</dst>
            <dst id="STTLng">56304.8746666667</dst>
            <dst id="WASHng">278.365333333333</dst>
        </src>
        <src id="STTLng">
            <dst id="ATLA-M5">200.194666666667</dst>
            <dst id="ATLAng">10428.5093333333</dst>
            <dst id="CHINng">12614.4426666667</dst>
            <dst id="DNVRng">7969.20533333334</dst>
            <dst id="HSTNng">7043.312</dst>
            <dst id="IPLSng">11954.9146666667</dst>
            <dst id="KSCYng">4020.44533333333</dst>
            <dst id="LOSAng">18663.76</dst>
            <dst id="NYCMng">4963.52533333333</dst>
            <dst id="SNVAng">3187.42666666667</dst>
            <dst id="STTLng">1420.95733333333</dst>
            <dst id="WASHng">8522.68266666667</dst>
        </src>
        <src id="WASHng">
            <dst id="ATLA-M5">603.757333333333</dst>
            <dst id="ATLAng">119256.101333333</dst>
            <dst id="CHINng">73269.456</dst>
            <dst id="DNVRng">51267.4373333333</dst>
            <dst id="HSTNng">30143.9413333333</dst>
            <dst id="IPLSng">52519.7786666667</dst>
            <dst id="KSCYng">24500.6266666667</dst>
            <dst id="LOSAng">115553.304</dst>
            <dst id="NYCMng">137150.106666667</dst>
            <dst id="SNVAng">11072.16</dst>
            <dst id="STTLng">35408.0026666667</dst>
            <dst id="WASHng">228407.306666667</dst>
        </src>
    </IntraTM>
</TrafficMatrixFile>
