<?xml version="1.0" encoding="ISO-8859-1" standalone="yes"?>
<TrafficMatrixFile xsi:noNamespaceSchemaLocation="http://totem.run.montefiore.ulg.ac.be/Schema/TrafficMatrix-v1_2.xsd" xmlns:xsi="http://www.w3.org/2001/XMLSchema-instance">
    <IntraTM ASID="11537">
        <src id="ATLA-M5">
            <dst id="ATLA-M5">32.024</dst>
            <dst id="ATLAng">133.333333333333</dst>
            <dst id="CHINng">365.541333333333</dst>
            <dst id="DNVRng">203.469333333333</dst>
            <dst id="HSTNng">114.336</dst>
            <dst id="IPLSng">1626.58666666667</dst>
            <dst id="KSCYng">53.3333333333333</dst>
            <dst id="LOSAng">354.122666666667</dst>
            <dst id="NYCMng">791.133333333334</dst>
            <dst id="SNVAng">39.1253333333333</dst>
            <dst id="STTLng">0</dst>
            <dst id="WASHng">1183.392</dst>
        </src>
        <src id="ATLAng">
            <dst id="ATLA-M5">1091.78133333333</dst>
            <dst id="ATLAng">32921.9066666667</dst>
            <dst id="CHINng">19514.9466666667</dst>
            <dst id="DNVRng">6106.91466666667</dst>
            <dst id="HSTNng">4616.256</dst>
            <dst id="IPLSng">18356.072</dst>
            <dst id="KSCYng">2424.11466666667</dst>
            <dst id="LOSAng">23879.2986666667</dst>
            <dst id="NYCMng">9834.832</dst>
            <dst id="SNVAng">798.192</dst>
            <dst id="STTLng">3522.544</dst>
            <dst id="WASHng">44656.544</dst>
        </src>
        <src id="CHINng">
            <dst id="ATLA-M5">2695.10666666667</dst>
            <dst id="ATLAng">18328.1893333333</dst>
            <dst id="CHINng">83761.9946666667</dst>
            <dst id="DNVRng">22592.792</dst>
            <dst id="HSTNng">45967.9333333333</dst>
            <dst id="IPLSng">69558.5066666667</dst>
            <dst id="KSCYng">14333.3226666667</dst>
            <dst id="LOSAng">2046000.24</dst>
            <dst id="NYCMng">19556.12</dst>
            <dst id="SNVAng">4109.536</dst>
            <dst id="STTLng">12252.4666666667</dst>
            <dst id="WASHng">35458.848</dst>
        </src>
        <src id="DNVRng">
            <dst id="ATLA-M5">490.682666666667</dst>
            <dst id="ATLAng">6035.33866666667</dst>
            <dst id="CHINng">57818.3653333333</dst>
            <dst id="DNVRng">19705.648</dst>
            <dst id="HSTNng">17123.4293333333</dst>
            <dst id="IPLSng">33602.3066666667</dst>
            <dst id="KSCYng">18624.288</dst>
            <dst id="LOSAng">6442.20533333334</dst>
            <dst id="NYCMng">12879.1573333333</dst>
            <dst id="SNVAng">11158.96</dst>
            <dst id="STTLng">9355.74933333333</dst>
            <dst id="WASHng">46518.6773333333</dst>
        </src>
        <src id="HSTNng">
            <dst id="ATLA-M5">1294.36</dst>
            <dst id="ATLAng">3741.73866666667</dst>
            <dst id="CHINng">17549.1653333333</dst>
            <dst id="DNVRng">4567.696</dst>
            <dst id="HSTNng">7474.80533333333</dst>
            <dst id="IPLSng">8121.104</dst>
            <dst id="KSCYng">3210.672</dst>
            <dst id="LOSAng">8518.74133333334</dst>
            <dst id="NYCMng">7045.61066666666</dst>
            <dst id="SNVAng">1404.152</dst>
            <dst id="STTLng">2217.728</dst>
            <dst id="WASHng">9859.74933333334</dst>
        </src>
        <src id="IPLSng">
            <dst id="ATLA-M5">3184.384</dst>
            <dst id="ATLAng">22024.9813333333</dst>
            <dst id="CHINng">122175.896</dst>
            <dst id="DNVRng">20644.0133333333</dst>
            <dst id="HSTNng">8773.75733333333</dst>
            <dst id="IPLSng">16862.4293333333</dst>
            <dst id="KSCYng">6961.67733333333</dst>
            <dst id="LOSAng">58102.4133333333</dst>
            <dst id="NYCMng">49466.552</dst>
            <dst id="SNVAng">3540.81066666667</dst>
            <dst id="STTLng">10078.8293333333</dst>
            <dst id="WASHng">37624.1066666667</dst>
        </src>
        <src id="KSCYng">
            <dst id="ATLA-M5">610.101333333333</dst>
            <dst id="ATLAng">2649.58666666667</dst>
            <dst id="CHINng">26132.4053333333</dst>
            <dst id="DNVRng">8289.87733333333</dst>
            <dst id="HSTNng">3881.968</dst>
            <dst id="IPLSng">16253.2773333333</dst>
            <dst id="KSCYng">11974.5733333333</dst>
            <dst id="LOSAng">5394.696</dst>
            <dst id="NYCMng">7703.42666666667</dst>
            <dst id="SNVAng">1268.49066666667</dst>
            <dst id="STTLng">1772.45866666667</dst>
            <dst id="WASHng">13739.9946666667</dst>
        </src>
        <src id="LOSAng">
            <dst id="ATLA-M5">1603.13866666667</dst>
            <dst id="ATLAng">21753.776</dst>
            <dst id="CHINng">1076101.30666667</dst>
            <dst id="DNVRng">10520.008</dst>
            <dst id="HSTNng">35808.552</dst>
            <dst id="IPLSng">36793.744</dst>
            <dst id="KSCYng">15114.2213333333</dst>
            <dst id="LOSAng">12370.6853333333</dst>
            <dst id="NYCMng">85390.968</dst>
            <dst id="SNVAng">14649.504</dst>
            <dst id="STTLng">23356.7306666667</dst>
            <dst id="WASHng">90251.4266666667</dst>
        </src>
        <src id="NYCMng">
            <dst id="ATLA-M5">4228.78666666667</dst>
            <dst id="ATLAng">36086.8773333333</dst>
            <dst id="CHINng">48118.9226666667</dst>
            <dst id="DNVRng">38658.0666666667</dst>
            <dst id="HSTNng">19947.3066666667</dst>
            <dst id="IPLSng">62334.4346666667</dst>
            <dst id="KSCYng">24259.952</dst>
            <dst id="LOSAng">78419.6293333333</dst>
            <dst id="NYCMng">215297.792</dst>
            <dst id="SNVAng">4986.98933333333</dst>
            <dst id="STTLng">20405.272</dst>
            <dst id="WASHng">155753.490666667</dst>
        </src>
        <src id="SNVAng">
            <dst id="ATLA-M5">268.232</dst>
            <dst id="ATLAng">148.944</dst>
            <dst id="CHINng">1247.71466666667</dst>
            <dst id="DNVRng">13337.9866666667</dst>
            <dst id="HSTNng">299.458666666667</dst>
            <dst id="IPLSng">1074.44266666667</dst>
            <dst id="KSCYng">2442.648</dst>
            <dst id="LOSAng">35675.5706666667</dst>
            <dst id="NYCMng">1509.73866666667</dst>
            <dst id="SNVAng">16264.8106666667</dst>
            <dst id="STTLng">53623.1066666667</dst>
            <dst id="WASHng">386.709333333333</dst>
        </src>
        <src id="STTLng">
            <dst id="ATLA-M5">221.530666666667</dst>
            <dst id="ATLAng">7687.33333333333</dst>
            <dst id="CHINng">17838.3146666667</dst>
            <dst id="DNVRng">25690.4</dst>
            <dst id="HSTNng">7034.77066666667</dst>
            <dst id="IPLSng">8316.008</dst>
            <dst id="KSCYng">5821.47733333333</dst>
            <dst id="LOSAng">26588.8826666667</dst>
            <dst id="NYCMng">9528.57866666667</dst>
            <dst id="SNVAng">5266.296</dst>
            <dst id="STTLng">12945.448</dst>
            <dst id="WASHng">12116.8666666667</dst>
        </src>
        <src id="WASHng">
            <dst id="ATLA-M5">2042.26133333333</dst>
            <dst id="ATLAng">92428.144</dst>
            <dst id="CHINng">83109.6613333333</dst>
            <dst id="DNVRng">43232.4986666667</dst>
            <dst id="HSTNng">35389.8906666667</dst>
            <dst id="IPLSng">45464.616</dst>
            <dst id="KSCYng">14487.008</dst>
            <dst id="LOSAng">103806.133333333</dst>
            <dst id="NYCMng">160020.901333333</dst>
            <dst id="SNVAng">5966.25866666667</dst>
            <dst id="STTLng">24625.992</dst>
            <dst id="WASHng">279155.573333333</dst>
        </src>
    </IntraTM>
</TrafficMatrixFile>
