<?xml version="1.0" encoding="ISO-8859-1" standalone="yes"?>
<TrafficMatrixFile xsi:noNamespaceSchemaLocation="http://totem.run.montefiore.ulg.ac.be/Schema/TrafficMatrix-v1_2.xsd" xmlns:xsi="http://www.w3.org/2001/XMLSchema-instance">
    <IntraTM ASID="11537">
        <src id="ATLA-M5">
            <dst id="ATLA-M5">46.6186666666667</dst>
            <dst id="ATLAng">384.474666666667</dst>
            <dst id="CHINng">883.192</dst>
            <dst id="DNVRng">53.3333333333333</dst>
            <dst id="HSTNng">112.898666666667</dst>
            <dst id="IPLSng">263</dst>
            <dst id="KSCYng">54.6666666666667</dst>
            <dst id="LOSAng">206.397333333333</dst>
            <dst id="NYCMng">106.666666666667</dst>
            <dst id="SNVAng">305.634666666667</dst>
            <dst id="STTLng">45.3973333333333</dst>
            <dst id="WASHng">332.024</dst>
        </src>
        <src id="ATLAng">
            <dst id="ATLA-M5">105.096</dst>
            <dst id="ATLAng">23186.5973333333</dst>
            <dst id="CHINng">15560.3013333333</dst>
            <dst id="DNVRng">5846.784</dst>
            <dst id="HSTNng">5362.224</dst>
            <dst id="IPLSng">20139.6906666667</dst>
            <dst id="KSCYng">2637.11733333333</dst>
            <dst id="LOSAng">20033.784</dst>
            <dst id="NYCMng">11944.624</dst>
            <dst id="SNVAng">1217.46133333333</dst>
            <dst id="STTLng">4621.38133333333</dst>
            <dst id="WASHng">36627.952</dst>
        </src>
        <src id="CHINng">
            <dst id="ATLA-M5">1540.92533333333</dst>
            <dst id="ATLAng">26759.6266666667</dst>
            <dst id="CHINng">96000.7306666667</dst>
            <dst id="DNVRng">16451.9573333333</dst>
            <dst id="HSTNng">41795.2506666667</dst>
            <dst id="IPLSng">47519.2746666667</dst>
            <dst id="KSCYng">10521.8586666667</dst>
            <dst id="LOSAng">70388.0666666667</dst>
            <dst id="NYCMng">19372.3333333333</dst>
            <dst id="SNVAng">2651.376</dst>
            <dst id="STTLng">15834.8373333333</dst>
            <dst id="WASHng">25655.1093333333</dst>
        </src>
        <src id="DNVRng">
            <dst id="ATLA-M5">215.733333333333</dst>
            <dst id="ATLAng">5962.01066666667</dst>
            <dst id="CHINng">64813.304</dst>
            <dst id="DNVRng">15927.5733333333</dst>
            <dst id="HSTNng">13761.616</dst>
            <dst id="IPLSng">27736.032</dst>
            <dst id="KSCYng">20907.6933333333</dst>
            <dst id="LOSAng">8381.21333333333</dst>
            <dst id="NYCMng">22991.4666666667</dst>
            <dst id="SNVAng">12108.0506666667</dst>
            <dst id="STTLng">10001.936</dst>
            <dst id="WASHng">44188.8</dst>
        </src>
        <src id="HSTNng">
            <dst id="ATLA-M5">708.392</dst>
            <dst id="ATLAng">2546.392</dst>
            <dst id="CHINng">12597.272</dst>
            <dst id="DNVRng">2122.10933333333</dst>
            <dst id="HSTNng">7433.096</dst>
            <dst id="IPLSng">5675.056</dst>
            <dst id="KSCYng">2160.89333333333</dst>
            <dst id="LOSAng">5622.696</dst>
            <dst id="NYCMng">3341.81866666667</dst>
            <dst id="SNVAng">2378.2</dst>
            <dst id="STTLng">2023.496</dst>
            <dst id="WASHng">15391.8293333333</dst>
        </src>
        <src id="IPLSng">
            <dst id="ATLA-M5">495.408</dst>
            <dst id="ATLAng">23121.0453333333</dst>
            <dst id="CHINng">93429.9173333333</dst>
            <dst id="DNVRng">26616.272</dst>
            <dst id="HSTNng">7865.00266666667</dst>
            <dst id="IPLSng">21237.6426666667</dst>
            <dst id="KSCYng">7295.61333333333</dst>
            <dst id="LOSAng">40208.4586666667</dst>
            <dst id="NYCMng">28917.56</dst>
            <dst id="SNVAng">1092.29333333333</dst>
            <dst id="STTLng">9945.48533333333</dst>
            <dst id="WASHng">28175.416</dst>
        </src>
        <src id="KSCYng">
            <dst id="ATLA-M5">87.3573333333333</dst>
            <dst id="ATLAng">2864.50133333333</dst>
            <dst id="CHINng">23460.8426666667</dst>
            <dst id="DNVRng">14564.912</dst>
            <dst id="HSTNng">4670.144</dst>
            <dst id="IPLSng">9820.49866666666</dst>
            <dst id="KSCYng">9767.22933333333</dst>
            <dst id="LOSAng">8548.10933333333</dst>
            <dst id="NYCMng">3914.18666666667</dst>
            <dst id="SNVAng">471.245333333333</dst>
            <dst id="STTLng">3215.46933333333</dst>
            <dst id="WASHng">12135.0106666667</dst>
        </src>
        <src id="LOSAng">
            <dst id="ATLA-M5">1187.56266666667</dst>
            <dst id="ATLAng">11885.488</dst>
            <dst id="CHINng">87473.2986666667</dst>
            <dst id="DNVRng">11334.5706666667</dst>
            <dst id="HSTNng">5390.41333333333</dst>
            <dst id="IPLSng">63649.4106666667</dst>
            <dst id="KSCYng">7470.448</dst>
            <dst id="LOSAng">11701.7813333333</dst>
            <dst id="NYCMng">62108.2133333333</dst>
            <dst id="SNVAng">7257.128</dst>
            <dst id="STTLng">20520.7893333333</dst>
            <dst id="WASHng">103770.738666667</dst>
        </src>
        <src id="NYCMng">
            <dst id="ATLA-M5">373.344</dst>
            <dst id="ATLAng">32876.9786666667</dst>
            <dst id="CHINng">63709.3386666667</dst>
            <dst id="DNVRng">39557.072</dst>
            <dst id="HSTNng">10866.896</dst>
            <dst id="IPLSng">53879.3653333333</dst>
            <dst id="KSCYng">16022.7893333333</dst>
            <dst id="LOSAng">85795.24</dst>
            <dst id="NYCMng">137337.954666667</dst>
            <dst id="SNVAng">3414.47466666667</dst>
            <dst id="STTLng">20546.9786666667</dst>
            <dst id="WASHng">143121.370666667</dst>
        </src>
        <src id="SNVAng">
            <dst id="ATLA-M5">57.3173333333333</dst>
            <dst id="ATLAng">341.48</dst>
            <dst id="CHINng">1823.92266666667</dst>
            <dst id="DNVRng">4337.248</dst>
            <dst id="HSTNng">295.328</dst>
            <dst id="IPLSng">756.482666666667</dst>
            <dst id="KSCYng">513.450666666667</dst>
            <dst id="LOSAng">49055.552</dst>
            <dst id="NYCMng">8998.24</dst>
            <dst id="SNVAng">14586.7706666667</dst>
            <dst id="STTLng">53679.7893333333</dst>
            <dst id="WASHng">172.498666666667</dst>
        </src>
        <src id="STTLng">
            <dst id="ATLA-M5">117.056</dst>
            <dst id="ATLAng">7607.352</dst>
            <dst id="CHINng">15702.1413333333</dst>
            <dst id="DNVRng">2497.84</dst>
            <dst id="HSTNng">6655.14133333333</dst>
            <dst id="IPLSng">11883.3093333333</dst>
            <dst id="KSCYng">4471.20266666667</dst>
            <dst id="LOSAng">15339.6426666667</dst>
            <dst id="NYCMng">5947.144</dst>
            <dst id="SNVAng">2939.08</dst>
            <dst id="STTLng">5426.80533333333</dst>
            <dst id="WASHng">9819.44</dst>
        </src>
        <src id="WASHng">
            <dst id="ATLA-M5">1072.728</dst>
            <dst id="ATLAng">78953.6533333333</dst>
            <dst id="CHINng">81915.5626666667</dst>
            <dst id="DNVRng">75125.056</dst>
            <dst id="HSTNng">36335.7706666667</dst>
            <dst id="IPLSng">53366.944</dst>
            <dst id="KSCYng">26917.856</dst>
            <dst id="LOSAng">116725.752</dst>
            <dst id="NYCMng">145596.869333333</dst>
            <dst id="SNVAng">8679.23733333333</dst>
            <dst id="STTLng">26411.6506666667</dst>
            <dst id="WASHng">244978.968</dst>
        </src>
    </IntraTM>
</TrafficMatrixFile>
