<?xml version="1.0" encoding="ISO-8859-1" standalone="yes"?>
<TrafficMatrixFile xsi:noNamespaceSchemaLocation="http://totem.run.montefiore.ulg.ac.be/Schema/TrafficMatrix-v1_2.xsd" xmlns:xsi="http://www.w3.org/2001/XMLSchema-instance">
    <IntraTM ASID="11537">
        <src id="ATLA-M5">
            <dst id="ATLA-M5">51.072</dst>
            <dst id="ATLAng">0</dst>
            <dst id="CHINng">173.026666666667</dst>
            <dst id="DNVRng">26.6666666666667</dst>
            <dst id="HSTNng">180.557333333333</dst>
            <dst id="IPLSng">443.685333333333</dst>
            <dst id="KSCYng">168.685333333333</dst>
            <dst id="LOSAng">234.552</dst>
            <dst id="NYCMng">999.221333333333</dst>
            <dst id="SNVAng">140.802666666667</dst>
            <dst id="STTLng">26.6666666666667</dst>
            <dst id="WASHng">575.992</dst>
        </src>
        <src id="ATLAng">
            <dst id="ATLA-M5">154.392</dst>
            <dst id="ATLAng">22290.9333333333</dst>
            <dst id="CHINng">20349.2453333333</dst>
            <dst id="DNVRng">9353.504</dst>
            <dst id="HSTNng">4599.01333333333</dst>
            <dst id="IPLSng">15408.2746666667</dst>
            <dst id="KSCYng">1870.04266666667</dst>
            <dst id="LOSAng">15452.1493333333</dst>
            <dst id="NYCMng">5050.04533333333</dst>
            <dst id="SNVAng">709.306666666667</dst>
            <dst id="STTLng">4705.272</dst>
            <dst id="WASHng">43324.184</dst>
        </src>
        <src id="CHINng">
            <dst id="ATLA-M5">731.202666666667</dst>
            <dst id="ATLAng">20668.0053333333</dst>
            <dst id="CHINng">114687.909333333</dst>
            <dst id="DNVRng">24728.344</dst>
            <dst id="HSTNng">46416.112</dst>
            <dst id="IPLSng">44860.24</dst>
            <dst id="KSCYng">8791.088</dst>
            <dst id="LOSAng">46315.1226666667</dst>
            <dst id="NYCMng">20003.04</dst>
            <dst id="SNVAng">1912.792</dst>
            <dst id="STTLng">22826.4</dst>
            <dst id="WASHng">24751.2613333333</dst>
        </src>
        <src id="DNVRng">
            <dst id="ATLA-M5">206.605333333333</dst>
            <dst id="ATLAng">5141.15466666667</dst>
            <dst id="CHINng">71675.576</dst>
            <dst id="DNVRng">7464.576</dst>
            <dst id="HSTNng">15839.8933333333</dst>
            <dst id="IPLSng">19533.4746666667</dst>
            <dst id="KSCYng">14078.4266666667</dst>
            <dst id="LOSAng">5025.11733333333</dst>
            <dst id="NYCMng">15900.224</dst>
            <dst id="SNVAng">5536.232</dst>
            <dst id="STTLng">9512.936</dst>
            <dst id="WASHng">35209.8266666667</dst>
        </src>
        <src id="HSTNng">
            <dst id="ATLA-M5">3287.67466666667</dst>
            <dst id="ATLAng">904.496</dst>
            <dst id="CHINng">16997.8133333333</dst>
            <dst id="DNVRng">1272.264</dst>
            <dst id="HSTNng">3796.032</dst>
            <dst id="IPLSng">6639.90933333333</dst>
            <dst id="KSCYng">5836.52</dst>
            <dst id="LOSAng">34433.064</dst>
            <dst id="NYCMng">4514.832</dst>
            <dst id="SNVAng">261.010666666667</dst>
            <dst id="STTLng">1332</dst>
            <dst id="WASHng">5823.096</dst>
        </src>
        <src id="IPLSng">
            <dst id="ATLA-M5">505.818666666667</dst>
            <dst id="ATLAng">11790.9733333333</dst>
            <dst id="CHINng">133631.314666667</dst>
            <dst id="DNVRng">18702.0506666667</dst>
            <dst id="HSTNng">5762.45066666667</dst>
            <dst id="IPLSng">25669.864</dst>
            <dst id="KSCYng">5449.92533333333</dst>
            <dst id="LOSAng">34907.7786666667</dst>
            <dst id="NYCMng">77731.1013333333</dst>
            <dst id="SNVAng">812.402666666667</dst>
            <dst id="STTLng">10700.9786666667</dst>
            <dst id="WASHng">36256.776</dst>
        </src>
        <src id="KSCYng">
            <dst id="ATLA-M5">357.986666666667</dst>
            <dst id="ATLAng">1401.27466666667</dst>
            <dst id="CHINng">29203.48</dst>
            <dst id="DNVRng">9468.14666666667</dst>
            <dst id="HSTNng">4440.576</dst>
            <dst id="IPLSng">11240.1466666667</dst>
            <dst id="KSCYng">6725.488</dst>
            <dst id="LOSAng">18484.1493333333</dst>
            <dst id="NYCMng">4178.11466666667</dst>
            <dst id="SNVAng">53.0213333333333</dst>
            <dst id="STTLng">1135.22133333333</dst>
            <dst id="WASHng">27610.0586666667</dst>
        </src>
        <src id="LOSAng">
            <dst id="ATLA-M5">1268.75466666667</dst>
            <dst id="ATLAng">12856.2693333333</dst>
            <dst id="CHINng">78886.1493333333</dst>
            <dst id="DNVRng">5772.08266666667</dst>
            <dst id="HSTNng">16106.512</dst>
            <dst id="IPLSng">25977.368</dst>
            <dst id="KSCYng">8734.12</dst>
            <dst id="LOSAng">14409.3493333333</dst>
            <dst id="NYCMng">62245.88</dst>
            <dst id="SNVAng">9101.28</dst>
            <dst id="STTLng">37098.4773333333</dst>
            <dst id="WASHng">114690.976</dst>
        </src>
        <src id="NYCMng">
            <dst id="ATLA-M5">2974.688</dst>
            <dst id="ATLAng">19037.28</dst>
            <dst id="CHINng">50530.8346666667</dst>
            <dst id="DNVRng">29574.0933333333</dst>
            <dst id="HSTNng">10405.1946666667</dst>
            <dst id="IPLSng">51629.8</dst>
            <dst id="KSCYng">13797.3973333333</dst>
            <dst id="LOSAng">49991.504</dst>
            <dst id="NYCMng">191787.728</dst>
            <dst id="SNVAng">2121.18933333333</dst>
            <dst id="STTLng">25437.8453333333</dst>
            <dst id="WASHng">90257.3653333333</dst>
        </src>
        <src id="SNVAng">
            <dst id="ATLA-M5">0</dst>
            <dst id="ATLAng">167.072</dst>
            <dst id="CHINng">1176.71733333333</dst>
            <dst id="DNVRng">1209.08</dst>
            <dst id="HSTNng">76.288</dst>
            <dst id="IPLSng">1053.25333333333</dst>
            <dst id="KSCYng">80</dst>
            <dst id="LOSAng">34323.0853333333</dst>
            <dst id="NYCMng">743.794666666667</dst>
            <dst id="SNVAng">12835.9706666667</dst>
            <dst id="STTLng">55373.1573333333</dst>
            <dst id="WASHng">116.784</dst>
        </src>
        <src id="STTLng">
            <dst id="ATLA-M5">318.706666666667</dst>
            <dst id="ATLAng">4968.39466666667</dst>
            <dst id="CHINng">21279.2533333333</dst>
            <dst id="DNVRng">1424.608</dst>
            <dst id="HSTNng">2406.62133333333</dst>
            <dst id="IPLSng">5360.928</dst>
            <dst id="KSCYng">2352.48266666667</dst>
            <dst id="LOSAng">14572.1653333333</dst>
            <dst id="NYCMng">9263.18133333334</dst>
            <dst id="SNVAng">3815.02133333333</dst>
            <dst id="STTLng">3771.88266666667</dst>
            <dst id="WASHng">6542.816</dst>
        </src>
        <src id="WASHng">
            <dst id="ATLA-M5">2388.85866666667</dst>
            <dst id="ATLAng">88658.128</dst>
            <dst id="CHINng">61814.1626666667</dst>
            <dst id="DNVRng">56729.1466666667</dst>
            <dst id="HSTNng">7825.768</dst>
            <dst id="IPLSng">69780.528</dst>
            <dst id="KSCYng">14589.4266666667</dst>
            <dst id="LOSAng">99979.336</dst>
            <dst id="NYCMng">211265.338666667</dst>
            <dst id="SNVAng">4020.944</dst>
            <dst id="STTLng">31183.8293333333</dst>
            <dst id="WASHng">224152.416</dst>
        </src>
    </IntraTM>
</TrafficMatrixFile>
