<?xml version="1.0" encoding="ISO-8859-1" standalone="yes"?>
<TrafficMatrixFile xsi:noNamespaceSchemaLocation="http://totem.run.montefiore.ulg.ac.be/Schema/TrafficMatrix-v1_2.xsd" xmlns:xsi="http://www.w3.org/2001/XMLSchema-instance">
    <IntraTM ASID="11537">
        <src id="ATLA-M5">
            <dst id="ATLA-M5">87.504</dst>
            <dst id="ATLAng">249.805333333333</dst>
            <dst id="CHINng">1598.152</dst>
            <dst id="DNVRng">0</dst>
            <dst id="HSTNng">349.954666666667</dst>
            <dst id="IPLSng">637.602666666667</dst>
            <dst id="KSCYng">1630.42933333333</dst>
            <dst id="LOSAng">789.592</dst>
            <dst id="NYCMng">106.666666666667</dst>
            <dst id="SNVAng">66.824</dst>
            <dst id="STTLng">352.496</dst>
            <dst id="WASHng">1296.688</dst>
        </src>
        <src id="ATLAng">
            <dst id="ATLA-M5">309.082666666667</dst>
            <dst id="ATLAng">23704.9653333333</dst>
            <dst id="CHINng">24621.2906666667</dst>
            <dst id="DNVRng">4649.72266666667</dst>
            <dst id="HSTNng">2750.34666666667</dst>
            <dst id="IPLSng">21926.944</dst>
            <dst id="KSCYng">3978.33333333333</dst>
            <dst id="LOSAng">22611.3493333333</dst>
            <dst id="NYCMng">14543.3306666667</dst>
            <dst id="SNVAng">1571.35733333333</dst>
            <dst id="STTLng">5132.85066666667</dst>
            <dst id="WASHng">35025.04</dst>
        </src>
        <src id="CHINng">
            <dst id="ATLA-M5">1250.432</dst>
            <dst id="ATLAng">37593.016</dst>
            <dst id="CHINng">86989.752</dst>
            <dst id="DNVRng">28390.728</dst>
            <dst id="HSTNng">54413.2213333333</dst>
            <dst id="IPLSng">63801.1306666667</dst>
            <dst id="KSCYng">21857.9893333333</dst>
            <dst id="LOSAng">80264.592</dst>
            <dst id="NYCMng">25666.432</dst>
            <dst id="SNVAng">4869.36</dst>
            <dst id="STTLng">11148.0826666667</dst>
            <dst id="WASHng">26519.6906666667</dst>
        </src>
        <src id="DNVRng">
            <dst id="ATLA-M5">155.962666666667</dst>
            <dst id="ATLAng">6036.976</dst>
            <dst id="CHINng">71740.04</dst>
            <dst id="DNVRng">8289.42666666667</dst>
            <dst id="HSTNng">16692.4026666667</dst>
            <dst id="IPLSng">34995.512</dst>
            <dst id="KSCYng">13948.0933333333</dst>
            <dst id="LOSAng">45835.456</dst>
            <dst id="NYCMng">22186.2586666667</dst>
            <dst id="SNVAng">9743.93066666666</dst>
            <dst id="STTLng">10825.3546666667</dst>
            <dst id="WASHng">63484.08</dst>
        </src>
        <src id="HSTNng">
            <dst id="ATLA-M5">4781.608</dst>
            <dst id="ATLAng">3668.14933333333</dst>
            <dst id="CHINng">16384.3866666667</dst>
            <dst id="DNVRng">3790.64266666667</dst>
            <dst id="HSTNng">11352.784</dst>
            <dst id="IPLSng">7415.53333333333</dst>
            <dst id="KSCYng">4196.648</dst>
            <dst id="LOSAng">6303.656</dst>
            <dst id="NYCMng">7197.104</dst>
            <dst id="SNVAng">626.104</dst>
            <dst id="STTLng">2426.86133333333</dst>
            <dst id="WASHng">7923.13866666667</dst>
        </src>
        <src id="IPLSng">
            <dst id="ATLA-M5">414.741333333333</dst>
            <dst id="ATLAng">27042.4906666667</dst>
            <dst id="CHINng">103291.466666667</dst>
            <dst id="DNVRng">12038.0453333333</dst>
            <dst id="HSTNng">5611.36533333333</dst>
            <dst id="IPLSng">33845.0106666667</dst>
            <dst id="KSCYng">10767.8746666667</dst>
            <dst id="LOSAng">41412.8746666667</dst>
            <dst id="NYCMng">51732.4613333333</dst>
            <dst id="SNVAng">5253.81866666667</dst>
            <dst id="STTLng">8216.736</dst>
            <dst id="WASHng">45954.792</dst>
        </src>
        <src id="KSCYng">
            <dst id="ATLA-M5">135.098666666667</dst>
            <dst id="ATLAng">4065.28266666667</dst>
            <dst id="CHINng">22396.504</dst>
            <dst id="DNVRng">20878.2133333333</dst>
            <dst id="HSTNng">7107.03466666666</dst>
            <dst id="IPLSng">17872.0613333333</dst>
            <dst id="KSCYng">11152.2986666667</dst>
            <dst id="LOSAng">7030.736</dst>
            <dst id="NYCMng">6746.79733333333</dst>
            <dst id="SNVAng">537.424</dst>
            <dst id="STTLng">2393.84</dst>
            <dst id="WASHng">29426.984</dst>
        </src>
        <src id="LOSAng">
            <dst id="ATLA-M5">1737</dst>
            <dst id="ATLAng">20497.592</dst>
            <dst id="CHINng">91086.6053333333</dst>
            <dst id="DNVRng">22726.3306666667</dst>
            <dst id="HSTNng">14599.1946666667</dst>
            <dst id="IPLSng">58025.2746666667</dst>
            <dst id="KSCYng">15776.8</dst>
            <dst id="LOSAng">15491.2266666667</dst>
            <dst id="NYCMng">64527.1653333333</dst>
            <dst id="SNVAng">10549.6453333333</dst>
            <dst id="STTLng">28046.6746666667</dst>
            <dst id="WASHng">98426.2266666667</dst>
        </src>
        <src id="NYCMng">
            <dst id="ATLA-M5">1489.568</dst>
            <dst id="ATLAng">36845.952</dst>
            <dst id="CHINng">57018.584</dst>
            <dst id="DNVRng">38232.9306666667</dst>
            <dst id="HSTNng">22680.8346666667</dst>
            <dst id="IPLSng">58768.4693333333</dst>
            <dst id="KSCYng">27222.024</dst>
            <dst id="LOSAng">76567.4106666667</dst>
            <dst id="NYCMng">188238.744</dst>
            <dst id="SNVAng">3203.94933333333</dst>
            <dst id="STTLng">38176.488</dst>
            <dst id="WASHng">137466.376</dst>
        </src>
        <src id="SNVAng">
            <dst id="ATLA-M5">0</dst>
            <dst id="ATLAng">244.565333333333</dst>
            <dst id="CHINng">2012.79466666667</dst>
            <dst id="DNVRng">4151.70933333333</dst>
            <dst id="HSTNng">2006.84</dst>
            <dst id="IPLSng">5124.45866666667</dst>
            <dst id="KSCYng">648.429333333333</dst>
            <dst id="LOSAng">53449.592</dst>
            <dst id="NYCMng">3064.712</dst>
            <dst id="SNVAng">26024.3733333333</dst>
            <dst id="STTLng">68510.952</dst>
            <dst id="WASHng">1689.816</dst>
        </src>
        <src id="STTLng">
            <dst id="ATLA-M5">647.250666666667</dst>
            <dst id="ATLAng">8273.984</dst>
            <dst id="CHINng">13347.9573333333</dst>
            <dst id="DNVRng">2768.20266666667</dst>
            <dst id="HSTNng">7734.128</dst>
            <dst id="IPLSng">8677.176</dst>
            <dst id="KSCYng">4067.616</dst>
            <dst id="LOSAng">22610.2853333333</dst>
            <dst id="NYCMng">7941.032</dst>
            <dst id="SNVAng">4617.12266666667</dst>
            <dst id="STTLng">2602.896</dst>
            <dst id="WASHng">10159.5146666667</dst>
        </src>
        <src id="WASHng">
            <dst id="ATLA-M5">4243.048</dst>
            <dst id="ATLAng">81711.7386666667</dst>
            <dst id="CHINng">104209.522666667</dst>
            <dst id="DNVRng">49718.9573333333</dst>
            <dst id="HSTNng">28364.496</dst>
            <dst id="IPLSng">57090.8026666667</dst>
            <dst id="KSCYng">19572.1893333333</dst>
            <dst id="LOSAng">126341.792</dst>
            <dst id="NYCMng">173525.6</dst>
            <dst id="SNVAng">3557.568</dst>
            <dst id="STTLng">22394.936</dst>
            <dst id="WASHng">215704.813333333</dst>
        </src>
    </IntraTM>
</TrafficMatrixFile>
