<?xml version="1.0" encoding="ISO-8859-1" standalone="yes"?>
<TrafficMatrixFile xsi:noNamespaceSchemaLocation="http://totem.run.montefiore.ulg.ac.be/Schema/TrafficMatrix-v1_2.xsd" xmlns:xsi="http://www.w3.org/2001/XMLSchema-instance">
    <IntraTM ASID="11537">
        <src id="ATLA-M5">
            <dst id="ATLA-M5">1424.41066666667</dst>
            <dst id="ATLAng">102.666666666667</dst>
            <dst id="CHINng">730.584</dst>
            <dst id="DNVRng">53.3333333333333</dst>
            <dst id="HSTNng">128.466666666667</dst>
            <dst id="IPLSng">199.976</dst>
            <dst id="KSCYng">136.28</dst>
            <dst id="LOSAng">324.405333333333</dst>
            <dst id="NYCMng">80</dst>
            <dst id="SNVAng">0</dst>
            <dst id="STTLng">54.9946666666667</dst>
            <dst id="WASHng">1922.11733333333</dst>
        </src>
        <src id="ATLAng">
            <dst id="ATLA-M5">128.682666666667</dst>
            <dst id="ATLAng">30135.5546666667</dst>
            <dst id="CHINng">16426.712</dst>
            <dst id="DNVRng">3506.152</dst>
            <dst id="HSTNng">2781.16266666667</dst>
            <dst id="IPLSng">15969.712</dst>
            <dst id="KSCYng">1814.56</dst>
            <dst id="LOSAng">19280.6213333333</dst>
            <dst id="NYCMng">10987.7653333333</dst>
            <dst id="SNVAng">386.682666666667</dst>
            <dst id="STTLng">4937.008</dst>
            <dst id="WASHng">41011.8533333333</dst>
        </src>
        <src id="CHINng">
            <dst id="ATLA-M5">810.810666666667</dst>
            <dst id="ATLAng">20948.4986666667</dst>
            <dst id="CHINng">102655.458666667</dst>
            <dst id="DNVRng">19192.696</dst>
            <dst id="HSTNng">45428.3173333333</dst>
            <dst id="IPLSng">32960.168</dst>
            <dst id="KSCYng">16035.856</dst>
            <dst id="LOSAng">34319.6373333333</dst>
            <dst id="NYCMng">20451.9733333333</dst>
            <dst id="SNVAng">692.578666666667</dst>
            <dst id="STTLng">10343.2373333333</dst>
            <dst id="WASHng">28275.6106666667</dst>
        </src>
        <src id="DNVRng">
            <dst id="ATLA-M5">353.658666666667</dst>
            <dst id="ATLAng">5932.44266666667</dst>
            <dst id="CHINng">54161.0186666667</dst>
            <dst id="DNVRng">13715.792</dst>
            <dst id="HSTNng">14466.016</dst>
            <dst id="IPLSng">31219.9626666667</dst>
            <dst id="KSCYng">18655.7386666667</dst>
            <dst id="LOSAng">5861.504</dst>
            <dst id="NYCMng">16778.2186666667</dst>
            <dst id="SNVAng">9406.86666666667</dst>
            <dst id="STTLng">11002.5466666667</dst>
            <dst id="WASHng">43980.5733333333</dst>
        </src>
        <src id="HSTNng">
            <dst id="ATLA-M5">736.850666666667</dst>
            <dst id="ATLAng">2216.648</dst>
            <dst id="CHINng">15742.7333333333</dst>
            <dst id="DNVRng">3340.06933333333</dst>
            <dst id="HSTNng">6878.75466666667</dst>
            <dst id="IPLSng">2598.28</dst>
            <dst id="KSCYng">1719.39733333333</dst>
            <dst id="LOSAng">3125.05066666667</dst>
            <dst id="NYCMng">5087.61066666667</dst>
            <dst id="SNVAng">166.098666666667</dst>
            <dst id="STTLng">1607.65866666667</dst>
            <dst id="WASHng">11239.9306666667</dst>
        </src>
        <src id="IPLSng">
            <dst id="ATLA-M5">183.861333333333</dst>
            <dst id="ATLAng">12300.6293333333</dst>
            <dst id="CHINng">82295.248</dst>
            <dst id="DNVRng">13823.288</dst>
            <dst id="HSTNng">2814.896</dst>
            <dst id="IPLSng">15147.952</dst>
            <dst id="KSCYng">6003.168</dst>
            <dst id="LOSAng">31059.3306666667</dst>
            <dst id="NYCMng">56602.8293333333</dst>
            <dst id="SNVAng">680.837333333333</dst>
            <dst id="STTLng">9798.97066666667</dst>
            <dst id="WASHng">32817.1653333333</dst>
        </src>
        <src id="KSCYng">
            <dst id="ATLA-M5">152.066666666667</dst>
            <dst id="ATLAng">3705.14133333333</dst>
            <dst id="CHINng">24640.232</dst>
            <dst id="DNVRng">16231.904</dst>
            <dst id="HSTNng">3034.856</dst>
            <dst id="IPLSng">13436.232</dst>
            <dst id="KSCYng">8898.47466666667</dst>
            <dst id="LOSAng">5082.352</dst>
            <dst id="NYCMng">7858.73866666667</dst>
            <dst id="SNVAng">1503.352</dst>
            <dst id="STTLng">1619.01333333333</dst>
            <dst id="WASHng">21394.3626666667</dst>
        </src>
        <src id="LOSAng">
            <dst id="ATLA-M5">2172.16</dst>
            <dst id="ATLAng">37190.1626666667</dst>
            <dst id="CHINng">89769.32</dst>
            <dst id="DNVRng">9769.92266666666</dst>
            <dst id="HSTNng">6387.536</dst>
            <dst id="IPLSng">36568.5306666667</dst>
            <dst id="KSCYng">10417.68</dst>
            <dst id="LOSAng">12650.4746666667</dst>
            <dst id="NYCMng">65649.048</dst>
            <dst id="SNVAng">8807.96</dst>
            <dst id="STTLng">17711.7306666667</dst>
            <dst id="WASHng">140845.904</dst>
        </src>
        <src id="NYCMng">
            <dst id="ATLA-M5">903.658666666667</dst>
            <dst id="ATLAng">24960.4613333333</dst>
            <dst id="CHINng">46237.5413333333</dst>
            <dst id="DNVRng">32024.8666666667</dst>
            <dst id="HSTNng">6103.568</dst>
            <dst id="IPLSng">55035.7973333333</dst>
            <dst id="KSCYng">19250.544</dst>
            <dst id="LOSAng">34347.3973333333</dst>
            <dst id="NYCMng">157332.565333333</dst>
            <dst id="SNVAng">2300.52</dst>
            <dst id="STTLng">21868.4613333333</dst>
            <dst id="WASHng">108082.138666667</dst>
        </src>
        <src id="SNVAng">
            <dst id="ATLA-M5">0</dst>
            <dst id="ATLAng">86.304</dst>
            <dst id="CHINng">515.984</dst>
            <dst id="DNVRng">3673.21866666667</dst>
            <dst id="HSTNng">96.7626666666667</dst>
            <dst id="IPLSng">433.973333333333</dst>
            <dst id="KSCYng">93.872</dst>
            <dst id="LOSAng">33231.5173333333</dst>
            <dst id="NYCMng">8766.808</dst>
            <dst id="SNVAng">13780.4026666667</dst>
            <dst id="STTLng">51626.592</dst>
            <dst id="WASHng">367.402666666667</dst>
        </src>
        <src id="STTLng">
            <dst id="ATLA-M5">302.394666666667</dst>
            <dst id="ATLAng">7648.29866666667</dst>
            <dst id="CHINng">13452.4746666667</dst>
            <dst id="DNVRng">2793.03733333333</dst>
            <dst id="HSTNng">6263.47733333333</dst>
            <dst id="IPLSng">4161.18933333333</dst>
            <dst id="KSCYng">5720.248</dst>
            <dst id="LOSAng">12514.1066666667</dst>
            <dst id="NYCMng">7177.75733333333</dst>
            <dst id="SNVAng">3898.77333333333</dst>
            <dst id="STTLng">6682.97333333333</dst>
            <dst id="WASHng">9748.25066666667</dst>
        </src>
        <src id="WASHng">
            <dst id="ATLA-M5">315.56</dst>
            <dst id="ATLAng">91965.1866666667</dst>
            <dst id="CHINng">66680.2586666667</dst>
            <dst id="DNVRng">48557.16</dst>
            <dst id="HSTNng">23126.144</dst>
            <dst id="IPLSng">57172.8186666667</dst>
            <dst id="KSCYng">19883.3306666667</dst>
            <dst id="LOSAng">98309.368</dst>
            <dst id="NYCMng">159362.306666667</dst>
            <dst id="SNVAng">1531.632</dst>
            <dst id="STTLng">32458.016</dst>
            <dst id="WASHng">269583.573333333</dst>
        </src>
    </IntraTM>
</TrafficMatrixFile>
