<?xml version="1.0" encoding="ISO-8859-1" standalone="yes"?>
<TrafficMatrixFile xsi:noNamespaceSchemaLocation="http://totem.run.montefiore.ulg.ac.be/Schema/TrafficMatrix-v1_2.xsd" xmlns:xsi="http://www.w3.org/2001/XMLSchema-instance">
    <IntraTM ASID="11537">
        <src id="ATLA-M5">
            <dst id="ATLA-M5">718.202666666667</dst>
            <dst id="ATLAng">328.632</dst>
            <dst id="CHINng">1077.79733333333</dst>
            <dst id="DNVRng">70.1413333333333</dst>
            <dst id="HSTNng">112.514666666667</dst>
            <dst id="IPLSng">415.744</dst>
            <dst id="KSCYng">130.957333333333</dst>
            <dst id="LOSAng">159.565333333333</dst>
            <dst id="NYCMng">291.562666666667</dst>
            <dst id="SNVAng">26.6666666666667</dst>
            <dst id="STTLng">167.336</dst>
            <dst id="WASHng">252.853333333333</dst>
        </src>
        <src id="ATLAng">
            <dst id="ATLA-M5">831.610666666667</dst>
            <dst id="ATLAng">35315.448</dst>
            <dst id="CHINng">18310.7253333333</dst>
            <dst id="DNVRng">5341.89066666667</dst>
            <dst id="HSTNng">2352.43466666667</dst>
            <dst id="IPLSng">20499.56</dst>
            <dst id="KSCYng">5418.59733333333</dst>
            <dst id="LOSAng">42468.5386666667</dst>
            <dst id="NYCMng">9989.98666666667</dst>
            <dst id="SNVAng">367.44</dst>
            <dst id="STTLng">5464.19733333333</dst>
            <dst id="WASHng">43528.464</dst>
        </src>
        <src id="CHINng">
            <dst id="ATLA-M5">1450.77333333333</dst>
            <dst id="ATLAng">29478.0613333333</dst>
            <dst id="CHINng">114940.797333333</dst>
            <dst id="DNVRng">16088.208</dst>
            <dst id="HSTNng">48331.0453333333</dst>
            <dst id="IPLSng">61180.592</dst>
            <dst id="KSCYng">16200.1226666667</dst>
            <dst id="LOSAng">2037913.2</dst>
            <dst id="NYCMng">21652.5973333333</dst>
            <dst id="SNVAng">3055.65866666667</dst>
            <dst id="STTLng">9061.45066666667</dst>
            <dst id="WASHng">27319.3706666667</dst>
        </src>
        <src id="DNVRng">
            <dst id="ATLA-M5">216.509333333333</dst>
            <dst id="ATLAng">8006.872</dst>
            <dst id="CHINng">56983.2666666667</dst>
            <dst id="DNVRng">19679.3333333333</dst>
            <dst id="HSTNng">16174.4053333333</dst>
            <dst id="IPLSng">36323.1706666667</dst>
            <dst id="KSCYng">19139.6106666667</dst>
            <dst id="LOSAng">22591.5466666667</dst>
            <dst id="NYCMng">21570.312</dst>
            <dst id="SNVAng">11829.72</dst>
            <dst id="STTLng">15133.296</dst>
            <dst id="WASHng">44001.9146666667</dst>
        </src>
        <src id="HSTNng">
            <dst id="ATLA-M5">311.706666666667</dst>
            <dst id="ATLAng">4430.55466666667</dst>
            <dst id="CHINng">21879.2053333333</dst>
            <dst id="DNVRng">2369.648</dst>
            <dst id="HSTNng">10196.7866666667</dst>
            <dst id="IPLSng">6722.22133333333</dst>
            <dst id="KSCYng">4189.07466666667</dst>
            <dst id="LOSAng">5715.61333333333</dst>
            <dst id="NYCMng">9160.03466666667</dst>
            <dst id="SNVAng">921.173333333334</dst>
            <dst id="STTLng">3151.208</dst>
            <dst id="WASHng">6647.85866666667</dst>
        </src>
        <src id="IPLSng">
            <dst id="ATLA-M5">469.146666666667</dst>
            <dst id="ATLAng">17043.48</dst>
            <dst id="CHINng">102287.197333333</dst>
            <dst id="DNVRng">32487.1866666667</dst>
            <dst id="HSTNng">7781.03733333333</dst>
            <dst id="IPLSng">30057.5493333333</dst>
            <dst id="KSCYng">6997.016</dst>
            <dst id="LOSAng">46125.888</dst>
            <dst id="NYCMng">65314.3973333333</dst>
            <dst id="SNVAng">1220.45333333333</dst>
            <dst id="STTLng">13122.1893333333</dst>
            <dst id="WASHng">43404.0026666667</dst>
        </src>
        <src id="KSCYng">
            <dst id="ATLA-M5">348.965333333333</dst>
            <dst id="ATLAng">2831.768</dst>
            <dst id="CHINng">25245.456</dst>
            <dst id="DNVRng">9299.504</dst>
            <dst id="HSTNng">4074.176</dst>
            <dst id="IPLSng">12767.1653333333</dst>
            <dst id="KSCYng">9351.344</dst>
            <dst id="LOSAng">10571.5973333333</dst>
            <dst id="NYCMng">7530.13066666667</dst>
            <dst id="SNVAng">1303.33866666667</dst>
            <dst id="STTLng">1825.632</dst>
            <dst id="WASHng">19362.64</dst>
        </src>
        <src id="LOSAng">
            <dst id="ATLA-M5">2862.208</dst>
            <dst id="ATLAng">23400.1733333333</dst>
            <dst id="CHINng">1086144.48</dst>
            <dst id="DNVRng">9933.84</dst>
            <dst id="HSTNng">18677.2106666667</dst>
            <dst id="IPLSng">44406.8213333333</dst>
            <dst id="KSCYng">15287.56</dst>
            <dst id="LOSAng">7206.13866666667</dst>
            <dst id="NYCMng">88935.952</dst>
            <dst id="SNVAng">14480.5066666667</dst>
            <dst id="STTLng">38621.4373333333</dst>
            <dst id="WASHng">114047.114666667</dst>
        </src>
        <src id="NYCMng">
            <dst id="ATLA-M5">1971.65333333333</dst>
            <dst id="ATLAng">30990.28</dst>
            <dst id="CHINng">54960.4266666667</dst>
            <dst id="DNVRng">40378.0853333333</dst>
            <dst id="HSTNng">16599.5066666667</dst>
            <dst id="IPLSng">75298.1066666667</dst>
            <dst id="KSCYng">27049.0506666667</dst>
            <dst id="LOSAng">75189.0453333333</dst>
            <dst id="NYCMng">189052.488</dst>
            <dst id="SNVAng">8296.06933333333</dst>
            <dst id="STTLng">18142.3653333333</dst>
            <dst id="WASHng">143813.994666667</dst>
        </src>
        <src id="SNVAng">
            <dst id="ATLA-M5">117.92</dst>
            <dst id="ATLAng">1976.72</dst>
            <dst id="CHINng">1629.232</dst>
            <dst id="DNVRng">12360.648</dst>
            <dst id="HSTNng">80</dst>
            <dst id="IPLSng">1939.29333333333</dst>
            <dst id="KSCYng">386.338666666667</dst>
            <dst id="LOSAng">33011.584</dst>
            <dst id="NYCMng">1049.57866666667</dst>
            <dst id="SNVAng">11829.3733333333</dst>
            <dst id="STTLng">47178.5253333333</dst>
            <dst id="WASHng">293.562666666667</dst>
        </src>
        <src id="STTLng">
            <dst id="ATLA-M5">72.8426666666666</dst>
            <dst id="ATLAng">10881.6666666667</dst>
            <dst id="CHINng">24107.1413333333</dst>
            <dst id="DNVRng">7357.52</dst>
            <dst id="HSTNng">10527.0426666667</dst>
            <dst id="IPLSng">8976.184</dst>
            <dst id="KSCYng">5500.36</dst>
            <dst id="LOSAng">18153.8106666667</dst>
            <dst id="NYCMng">9600.016</dst>
            <dst id="SNVAng">8027.43466666667</dst>
            <dst id="STTLng">7413.58133333333</dst>
            <dst id="WASHng">10090.224</dst>
        </src>
        <src id="WASHng">
            <dst id="ATLA-M5">972.84</dst>
            <dst id="ATLAng">228773.938666667</dst>
            <dst id="CHINng">83825.608</dst>
            <dst id="DNVRng">56406.2933333333</dst>
            <dst id="HSTNng">20468.6693333333</dst>
            <dst id="IPLSng">63912.5253333333</dst>
            <dst id="KSCYng">21058.2746666667</dst>
            <dst id="LOSAng">126627.714666667</dst>
            <dst id="NYCMng">132656.664</dst>
            <dst id="SNVAng">2332.05866666667</dst>
            <dst id="STTLng">41414.3066666667</dst>
            <dst id="WASHng">208790.736</dst>
        </src>
    </IntraTM>
</TrafficMatrixFile>
