<?xml version="1.0" encoding="ISO-8859-1" standalone="yes"?>
<TrafficMatrixFile xsi:noNamespaceSchemaLocation="http://totem.run.montefiore.ulg.ac.be/Schema/TrafficMatrix-v1_2.xsd" xmlns:xsi="http://www.w3.org/2001/XMLSchema-instance">
    <IntraTM ASID="11537">
        <src id="ATLA-M5">
            <dst id="ATLA-M5">43.8293333333333</dst>
            <dst id="ATLAng">53.3333333333333</dst>
            <dst id="CHINng">305.186666666667</dst>
            <dst id="DNVRng">0</dst>
            <dst id="HSTNng">253.618666666667</dst>
            <dst id="IPLSng">515.690666666667</dst>
            <dst id="KSCYng">28.9386666666667</dst>
            <dst id="LOSAng">127.861333333333</dst>
            <dst id="NYCMng">80</dst>
            <dst id="SNVAng">0</dst>
            <dst id="STTLng">281.450666666667</dst>
            <dst id="WASHng">185.674666666667</dst>
        </src>
        <src id="ATLAng">
            <dst id="ATLA-M5">230.701333333333</dst>
            <dst id="ATLAng">26357.9733333333</dst>
            <dst id="CHINng">12629.0133333333</dst>
            <dst id="DNVRng">9724.624</dst>
            <dst id="HSTNng">4713.62133333333</dst>
            <dst id="IPLSng">19976.88</dst>
            <dst id="KSCYng">1017.144</dst>
            <dst id="LOSAng">19612.4026666667</dst>
            <dst id="NYCMng">3953.33066666667</dst>
            <dst id="SNVAng">698.458666666667</dst>
            <dst id="STTLng">6924.82133333333</dst>
            <dst id="WASHng">40537.1253333333</dst>
        </src>
        <src id="CHINng">
            <dst id="ATLA-M5">921.661333333333</dst>
            <dst id="ATLAng">15528.9333333333</dst>
            <dst id="CHINng">118237.354666667</dst>
            <dst id="DNVRng">30898.2933333333</dst>
            <dst id="HSTNng">46199.264</dst>
            <dst id="IPLSng">52592.6933333333</dst>
            <dst id="KSCYng">7936.71733333333</dst>
            <dst id="LOSAng">61985.3093333333</dst>
            <dst id="NYCMng">14374.9253333333</dst>
            <dst id="SNVAng">2155.41333333333</dst>
            <dst id="STTLng">10260.8053333333</dst>
            <dst id="WASHng">22361.1493333333</dst>
        </src>
        <src id="DNVRng">
            <dst id="ATLA-M5">186.88</dst>
            <dst id="ATLAng">3063.24</dst>
            <dst id="CHINng">83850.936</dst>
            <dst id="DNVRng">13624.568</dst>
            <dst id="HSTNng">16271.28</dst>
            <dst id="IPLSng">27756.7893333333</dst>
            <dst id="KSCYng">8553.94133333333</dst>
            <dst id="LOSAng">1966.768</dst>
            <dst id="NYCMng">11284.9893333333</dst>
            <dst id="SNVAng">6381.08</dst>
            <dst id="STTLng">5160.02666666667</dst>
            <dst id="WASHng">38322.9573333333</dst>
        </src>
        <src id="HSTNng">
            <dst id="ATLA-M5">3879.05866666667</dst>
            <dst id="ATLAng">5634.344</dst>
            <dst id="CHINng">18882.6293333333</dst>
            <dst id="DNVRng">1663.86133333333</dst>
            <dst id="HSTNng">3939.41333333333</dst>
            <dst id="IPLSng">4402.99466666667</dst>
            <dst id="KSCYng">1828.11733333333</dst>
            <dst id="LOSAng">6394.2</dst>
            <dst id="NYCMng">3452.27733333333</dst>
            <dst id="SNVAng">683.893333333333</dst>
            <dst id="STTLng">4264.01333333333</dst>
            <dst id="WASHng">4834.352</dst>
        </src>
        <src id="IPLSng">
            <dst id="ATLA-M5">2264.816</dst>
            <dst id="ATLAng">21657.1493333333</dst>
            <dst id="CHINng">86613.4506666667</dst>
            <dst id="DNVRng">7112.49066666667</dst>
            <dst id="HSTNng">5969.008</dst>
            <dst id="IPLSng">8631.73333333333</dst>
            <dst id="KSCYng">4688.13333333333</dst>
            <dst id="LOSAng">48036.5786666667</dst>
            <dst id="NYCMng">25126.4613333333</dst>
            <dst id="SNVAng">1206.87733333333</dst>
            <dst id="STTLng">8650.712</dst>
            <dst id="WASHng">48414.408</dst>
        </src>
        <src id="KSCYng">
            <dst id="ATLA-M5">345.530666666667</dst>
            <dst id="ATLAng">1859.29066666667</dst>
            <dst id="CHINng">20846.1226666667</dst>
            <dst id="DNVRng">9287.27733333333</dst>
            <dst id="HSTNng">4054.136</dst>
            <dst id="IPLSng">9014.416</dst>
            <dst id="KSCYng">8404.18933333333</dst>
            <dst id="LOSAng">3950.04266666667</dst>
            <dst id="NYCMng">3942.992</dst>
            <dst id="SNVAng">150.029333333333</dst>
            <dst id="STTLng">1241.97066666667</dst>
            <dst id="WASHng">9300.98666666667</dst>
        </src>
        <src id="LOSAng">
            <dst id="ATLA-M5">1010.696</dst>
            <dst id="ATLAng">7192.52533333333</dst>
            <dst id="CHINng">67963.152</dst>
            <dst id="DNVRng">5745.136</dst>
            <dst id="HSTNng">3449.58133333333</dst>
            <dst id="IPLSng">37702.7573333333</dst>
            <dst id="KSCYng">8652.49333333333</dst>
            <dst id="LOSAng">14026.6986666667</dst>
            <dst id="NYCMng">46094.0186666667</dst>
            <dst id="SNVAng">5441.672</dst>
            <dst id="STTLng">20689.7306666667</dst>
            <dst id="WASHng">72955.3626666667</dst>
        </src>
        <src id="NYCMng">
            <dst id="ATLA-M5">1090.26933333333</dst>
            <dst id="ATLAng">11526.72</dst>
            <dst id="CHINng">49462.0133333333</dst>
            <dst id="DNVRng">32814.0266666667</dst>
            <dst id="HSTNng">11527.56</dst>
            <dst id="IPLSng">27567.1306666667</dst>
            <dst id="KSCYng">10881.576</dst>
            <dst id="LOSAng">70420.3413333333</dst>
            <dst id="NYCMng">130035.608</dst>
            <dst id="SNVAng">5721.61866666667</dst>
            <dst id="STTLng">29134.6186666667</dst>
            <dst id="WASHng">79279.648</dst>
        </src>
        <src id="SNVAng">
            <dst id="ATLA-M5">203.528</dst>
            <dst id="ATLAng">53.3333333333333</dst>
            <dst id="CHINng">1522.79733333333</dst>
            <dst id="DNVRng">1692.91466666667</dst>
            <dst id="HSTNng">85.504</dst>
            <dst id="IPLSng">490.034666666667</dst>
            <dst id="KSCYng">3634.89333333333</dst>
            <dst id="LOSAng">30314.68</dst>
            <dst id="NYCMng">393.397333333333</dst>
            <dst id="SNVAng">10327</dst>
            <dst id="STTLng">46780.1413333333</dst>
            <dst id="WASHng">144.205333333333</dst>
        </src>
        <src id="STTLng">
            <dst id="ATLA-M5">473.712</dst>
            <dst id="ATLAng">6192.48266666667</dst>
            <dst id="CHINng">12242.752</dst>
            <dst id="DNVRng">4196.38133333333</dst>
            <dst id="HSTNng">7105.37066666667</dst>
            <dst id="IPLSng">3919.01066666667</dst>
            <dst id="KSCYng">2178.35466666667</dst>
            <dst id="LOSAng">17472.3893333333</dst>
            <dst id="NYCMng">7241.128</dst>
            <dst id="SNVAng">3826.16533333333</dst>
            <dst id="STTLng">1090.10666666667</dst>
            <dst id="WASHng">13508.9866666667</dst>
        </src>
        <src id="WASHng">
            <dst id="ATLA-M5">836.594666666667</dst>
            <dst id="ATLAng">63288.3066666667</dst>
            <dst id="CHINng">66940.56</dst>
            <dst id="DNVRng">56057.7626666667</dst>
            <dst id="HSTNng">23584.4453333333</dst>
            <dst id="IPLSng">46638.256</dst>
            <dst id="KSCYng">10699.5066666667</dst>
            <dst id="LOSAng">96181.9973333333</dst>
            <dst id="NYCMng">157163.554666667</dst>
            <dst id="SNVAng">7274.73866666667</dst>
            <dst id="STTLng">32822.712</dst>
            <dst id="WASHng">167674.928</dst>
        </src>
    </IntraTM>
</TrafficMatrixFile>
