<?xml version="1.0" encoding="ISO-8859-1" standalone="yes"?>
<TrafficMatrixFile xsi:noNamespaceSchemaLocation="http://totem.run.montefiore.ulg.ac.be/Schema/TrafficMatrix-v1_2.xsd" xmlns:xsi="http://www.w3.org/2001/XMLSchema-instance">
    <IntraTM ASID="11537">
        <src id="ATLA-M5">
            <dst id="ATLA-M5">26.6666666666667</dst>
            <dst id="ATLAng">53.3333333333333</dst>
            <dst id="CHINng">80.9173333333333</dst>
            <dst id="DNVRng">26.6666666666667</dst>
            <dst id="HSTNng">154.330666666667</dst>
            <dst id="IPLSng">563.650666666667</dst>
            <dst id="KSCYng">200.277333333333</dst>
            <dst id="LOSAng">104.986666666667</dst>
            <dst id="NYCMng">106.666666666667</dst>
            <dst id="SNVAng">30.8186666666667</dst>
            <dst id="STTLng">410.136</dst>
            <dst id="WASHng">594.925333333333</dst>
        </src>
        <src id="ATLAng">
            <dst id="ATLA-M5">1095.01866666667</dst>
            <dst id="ATLAng">27512.8533333333</dst>
            <dst id="CHINng">13784.88</dst>
            <dst id="DNVRng">8019.06133333333</dst>
            <dst id="HSTNng">4820.592</dst>
            <dst id="IPLSng">12115.552</dst>
            <dst id="KSCYng">965.896</dst>
            <dst id="LOSAng">16831.128</dst>
            <dst id="NYCMng">5400.76</dst>
            <dst id="SNVAng">547.733333333333</dst>
            <dst id="STTLng">6180.30666666667</dst>
            <dst id="WASHng">33094.7626666667</dst>
        </src>
        <src id="CHINng">
            <dst id="ATLA-M5">586.608</dst>
            <dst id="ATLAng">13382.1226666667</dst>
            <dst id="CHINng">101230.952</dst>
            <dst id="DNVRng">19634.8373333333</dst>
            <dst id="HSTNng">47614.0053333333</dst>
            <dst id="IPLSng">40830.3306666667</dst>
            <dst id="KSCYng">7844.032</dst>
            <dst id="LOSAng">47724.856</dst>
            <dst id="NYCMng">15836.608</dst>
            <dst id="SNVAng">2639.59733333333</dst>
            <dst id="STTLng">9298.544</dst>
            <dst id="WASHng">16604.9973333333</dst>
        </src>
        <src id="DNVRng">
            <dst id="ATLA-M5">579.008</dst>
            <dst id="ATLAng">2983.90933333333</dst>
            <dst id="CHINng">77215.024</dst>
            <dst id="DNVRng">5674.76266666667</dst>
            <dst id="HSTNng">10938.6346666667</dst>
            <dst id="IPLSng">30736.7093333333</dst>
            <dst id="KSCYng">7435.69866666667</dst>
            <dst id="LOSAng">2740.63466666667</dst>
            <dst id="NYCMng">13620.2053333333</dst>
            <dst id="SNVAng">5455.22666666667</dst>
            <dst id="STTLng">5625.192</dst>
            <dst id="WASHng">37286.3413333333</dst>
        </src>
        <src id="HSTNng">
            <dst id="ATLA-M5">3196.61066666667</dst>
            <dst id="ATLAng">1560.09866666667</dst>
            <dst id="CHINng">14282.3386666667</dst>
            <dst id="DNVRng">889.656</dst>
            <dst id="HSTNng">3271.128</dst>
            <dst id="IPLSng">2640.94933333333</dst>
            <dst id="KSCYng">2614.02133333333</dst>
            <dst id="LOSAng">2402.784</dst>
            <dst id="NYCMng">2956.112</dst>
            <dst id="SNVAng">3337.07466666667</dst>
            <dst id="STTLng">2446.22666666667</dst>
            <dst id="WASHng">4207.24266666667</dst>
        </src>
        <src id="IPLSng">
            <dst id="ATLA-M5">592.970666666667</dst>
            <dst id="ATLAng">25758.5573333333</dst>
            <dst id="CHINng">98913.1413333333</dst>
            <dst id="DNVRng">8975.62133333333</dst>
            <dst id="HSTNng">4949.80266666667</dst>
            <dst id="IPLSng">14289.5253333333</dst>
            <dst id="KSCYng">4886.592</dst>
            <dst id="LOSAng">39786.3066666667</dst>
            <dst id="NYCMng">33372.2693333333</dst>
            <dst id="SNVAng">3472.94133333333</dst>
            <dst id="STTLng">18136.952</dst>
            <dst id="WASHng">29494.1013333333</dst>
        </src>
        <src id="KSCYng">
            <dst id="ATLA-M5">236.186666666667</dst>
            <dst id="ATLAng">2028.70933333333</dst>
            <dst id="CHINng">17892.44</dst>
            <dst id="DNVRng">9201.08533333333</dst>
            <dst id="HSTNng">2825.84</dst>
            <dst id="IPLSng">9045.40533333333</dst>
            <dst id="KSCYng">10091.7226666667</dst>
            <dst id="LOSAng">5347.224</dst>
            <dst id="NYCMng">4861.44</dst>
            <dst id="SNVAng">740.778666666667</dst>
            <dst id="STTLng">3803.99733333333</dst>
            <dst id="WASHng">9600.68</dst>
        </src>
        <src id="LOSAng">
            <dst id="ATLA-M5">664.858666666667</dst>
            <dst id="ATLAng">6586.008</dst>
            <dst id="CHINng">90536.6533333333</dst>
            <dst id="DNVRng">5106.37866666667</dst>
            <dst id="HSTNng">9865.6</dst>
            <dst id="IPLSng">21466.5493333333</dst>
            <dst id="KSCYng">8204.224</dst>
            <dst id="LOSAng">17505.7333333333</dst>
            <dst id="NYCMng">42950.5573333333</dst>
            <dst id="SNVAng">5714.47466666667</dst>
            <dst id="STTLng">20329.904</dst>
            <dst id="WASHng">69896.288</dst>
        </src>
        <src id="NYCMng">
            <dst id="ATLA-M5">1174.22933333333</dst>
            <dst id="ATLAng">9744.02133333333</dst>
            <dst id="CHINng">53735.7013333334</dst>
            <dst id="DNVRng">25066.6373333333</dst>
            <dst id="HSTNng">9899.77866666667</dst>
            <dst id="IPLSng">35349.336</dst>
            <dst id="KSCYng">8548.576</dst>
            <dst id="LOSAng">55345.3733333333</dst>
            <dst id="NYCMng">129255.634666667</dst>
            <dst id="SNVAng">6527.552</dst>
            <dst id="STTLng">23663.7466666667</dst>
            <dst id="WASHng">95609.576</dst>
        </src>
        <src id="SNVAng">
            <dst id="ATLA-M5">209.242666666667</dst>
            <dst id="ATLAng">26.6666666666667</dst>
            <dst id="CHINng">1254.72</dst>
            <dst id="DNVRng">1367.09866666667</dst>
            <dst id="HSTNng">90.2666666666667</dst>
            <dst id="IPLSng">312.845333333333</dst>
            <dst id="KSCYng">4103.96</dst>
            <dst id="LOSAng">27681.5333333333</dst>
            <dst id="NYCMng">459.392</dst>
            <dst id="SNVAng">11505.9653333333</dst>
            <dst id="STTLng">46266.216</dst>
            <dst id="WASHng">178.192</dst>
        </src>
        <src id="STTLng">
            <dst id="ATLA-M5">376.413333333333</dst>
            <dst id="ATLAng">13228.9893333333</dst>
            <dst id="CHINng">14890.488</dst>
            <dst id="DNVRng">3437.69066666667</dst>
            <dst id="HSTNng">4937.76533333333</dst>
            <dst id="IPLSng">4567.01333333333</dst>
            <dst id="KSCYng">2344.75466666667</dst>
            <dst id="LOSAng">17449.4</dst>
            <dst id="NYCMng">9902.14133333333</dst>
            <dst id="SNVAng">4517.68</dst>
            <dst id="STTLng">1015.216</dst>
            <dst id="WASHng">10921.1173333333</dst>
        </src>
        <src id="WASHng">
            <dst id="ATLA-M5">707.922666666667</dst>
            <dst id="ATLAng">68741.552</dst>
            <dst id="CHINng">63179.4053333333</dst>
            <dst id="DNVRng">49604.32</dst>
            <dst id="HSTNng">5566.768</dst>
            <dst id="IPLSng">59260.5146666667</dst>
            <dst id="KSCYng">9410.71466666667</dst>
            <dst id="LOSAng">94669.5546666666</dst>
            <dst id="NYCMng">155864.509333333</dst>
            <dst id="SNVAng">5179.16</dst>
            <dst id="STTLng">28103.2613333333</dst>
            <dst id="WASHng">274566.08</dst>
        </src>
    </IntraTM>
</TrafficMatrixFile>
