<?xml version="1.0" encoding="ISO-8859-1" standalone="yes"?>
<TrafficMatrixFile xsi:noNamespaceSchemaLocation="http://totem.run.montefiore.ulg.ac.be/Schema/TrafficMatrix-v1_2.xsd" xmlns:xsi="http://www.w3.org/2001/XMLSchema-instance">
    <IntraTM ASID="11537">
        <src id="ATLA-M5">
            <dst id="ATLA-M5">31.552</dst>
            <dst id="ATLAng">105.333333333333</dst>
            <dst id="CHINng">1108.944</dst>
            <dst id="DNVRng">229.162666666667</dst>
            <dst id="HSTNng">130.314666666667</dst>
            <dst id="IPLSng">217.304</dst>
            <dst id="KSCYng">147.450666666667</dst>
            <dst id="LOSAng">186.666666666667</dst>
            <dst id="NYCMng">119.162666666667</dst>
            <dst id="SNVAng">829.941333333333</dst>
            <dst id="STTLng">66.416</dst>
            <dst id="WASHng">1561.24</dst>
        </src>
        <src id="ATLAng">
            <dst id="ATLA-M5">2276.66666666667</dst>
            <dst id="ATLAng">20847.7253333333</dst>
            <dst id="CHINng">24435.3626666667</dst>
            <dst id="DNVRng">6809.28</dst>
            <dst id="HSTNng">3290.08266666667</dst>
            <dst id="IPLSng">26722.704</dst>
            <dst id="KSCYng">4147.15733333333</dst>
            <dst id="LOSAng">28191.2666666667</dst>
            <dst id="NYCMng">7869.18933333333</dst>
            <dst id="SNVAng">1123.59466666667</dst>
            <dst id="STTLng">5027.69333333333</dst>
            <dst id="WASHng">35522.2106666667</dst>
        </src>
        <src id="CHINng">
            <dst id="ATLA-M5">692.413333333333</dst>
            <dst id="ATLAng">30178.408</dst>
            <dst id="CHINng">83026.12</dst>
            <dst id="DNVRng">14744.072</dst>
            <dst id="HSTNng">51919.352</dst>
            <dst id="IPLSng">60558.1146666667</dst>
            <dst id="KSCYng">16090.024</dst>
            <dst id="LOSAng">77880.6746666667</dst>
            <dst id="NYCMng">24072.5413333333</dst>
            <dst id="SNVAng">6106.248</dst>
            <dst id="STTLng">11106.352</dst>
            <dst id="WASHng">24901.7893333333</dst>
        </src>
        <src id="DNVRng">
            <dst id="ATLA-M5">257.285333333333</dst>
            <dst id="ATLAng">5874.632</dst>
            <dst id="CHINng">79114.5946666667</dst>
            <dst id="DNVRng">16332.464</dst>
            <dst id="HSTNng">15853.7386666667</dst>
            <dst id="IPLSng">30033.4213333333</dst>
            <dst id="KSCYng">21740.7653333333</dst>
            <dst id="LOSAng">7243.18133333333</dst>
            <dst id="NYCMng">20299.4533333333</dst>
            <dst id="SNVAng">10802.5226666667</dst>
            <dst id="STTLng">10933.704</dst>
            <dst id="WASHng">53816.128</dst>
        </src>
        <src id="HSTNng">
            <dst id="ATLA-M5">674.970666666667</dst>
            <dst id="ATLAng">2559.20533333333</dst>
            <dst id="CHINng">15075.1706666667</dst>
            <dst id="DNVRng">4696.616</dst>
            <dst id="HSTNng">6401.896</dst>
            <dst id="IPLSng">5035.48</dst>
            <dst id="KSCYng">4321.56</dst>
            <dst id="LOSAng">5152.91466666667</dst>
            <dst id="NYCMng">4199.25333333333</dst>
            <dst id="SNVAng">1178.18933333333</dst>
            <dst id="STTLng">2152.664</dst>
            <dst id="WASHng">8760.50933333333</dst>
        </src>
        <src id="IPLSng">
            <dst id="ATLA-M5">271.976</dst>
            <dst id="ATLAng">39124.336</dst>
            <dst id="CHINng">101052.277333333</dst>
            <dst id="DNVRng">15005.608</dst>
            <dst id="HSTNng">7066.17333333333</dst>
            <dst id="IPLSng">22118.7653333333</dst>
            <dst id="KSCYng">15509.016</dst>
            <dst id="LOSAng">30653.5306666667</dst>
            <dst id="NYCMng">52373.1333333333</dst>
            <dst id="SNVAng">1947.752</dst>
            <dst id="STTLng">9248.72533333333</dst>
            <dst id="WASHng">44034.536</dst>
        </src>
        <src id="KSCYng">
            <dst id="ATLA-M5">129.752</dst>
            <dst id="ATLAng">2441.78933333333</dst>
            <dst id="CHINng">24882.472</dst>
            <dst id="DNVRng">16685.4293333333</dst>
            <dst id="HSTNng">4843.104</dst>
            <dst id="IPLSng">14983.256</dst>
            <dst id="KSCYng">12722.7226666667</dst>
            <dst id="LOSAng">8725.27733333333</dst>
            <dst id="NYCMng">5568.57333333333</dst>
            <dst id="SNVAng">1104.58666666667</dst>
            <dst id="STTLng">2371.91466666667</dst>
            <dst id="WASHng">16584.144</dst>
        </src>
        <src id="LOSAng">
            <dst id="ATLA-M5">1142.84266666667</dst>
            <dst id="ATLAng">15379.448</dst>
            <dst id="CHINng">93467.648</dst>
            <dst id="DNVRng">18222.024</dst>
            <dst id="HSTNng">26595.7466666667</dst>
            <dst id="IPLSng">50408.3946666667</dst>
            <dst id="KSCYng">10476.016</dst>
            <dst id="LOSAng">12691.7493333333</dst>
            <dst id="NYCMng">65207.1546666667</dst>
            <dst id="SNVAng">6386.47466666667</dst>
            <dst id="STTLng">28782.7813333333</dst>
            <dst id="WASHng">121498.717333333</dst>
        </src>
        <src id="NYCMng">
            <dst id="ATLA-M5">653.896</dst>
            <dst id="ATLAng">37998.672</dst>
            <dst id="CHINng">53784.5733333333</dst>
            <dst id="DNVRng">34894.2586666667</dst>
            <dst id="HSTNng">18110.8853333333</dst>
            <dst id="IPLSng">60333.3893333333</dst>
            <dst id="KSCYng">19299.496</dst>
            <dst id="LOSAng">84036.288</dst>
            <dst id="NYCMng">181272.08</dst>
            <dst id="SNVAng">6491.496</dst>
            <dst id="STTLng">22743.9013333333</dst>
            <dst id="WASHng">163193.189333333</dst>
        </src>
        <src id="SNVAng">
            <dst id="ATLA-M5">0</dst>
            <dst id="ATLAng">55.88</dst>
            <dst id="CHINng">2877.97866666667</dst>
            <dst id="DNVRng">11600.7306666667</dst>
            <dst id="HSTNng">336.301333333333</dst>
            <dst id="IPLSng">1060.17066666667</dst>
            <dst id="KSCYng">29.504</dst>
            <dst id="LOSAng">58446.9333333333</dst>
            <dst id="NYCMng">9111.136</dst>
            <dst id="SNVAng">20187.968</dst>
            <dst id="STTLng">57733.9226666667</dst>
            <dst id="WASHng">922.368</dst>
        </src>
        <src id="STTLng">
            <dst id="ATLA-M5">195.173333333333</dst>
            <dst id="ATLAng">10447.3653333333</dst>
            <dst id="CHINng">9313.83466666666</dst>
            <dst id="DNVRng">1763.65333333333</dst>
            <dst id="HSTNng">7331.296</dst>
            <dst id="IPLSng">10008.9973333333</dst>
            <dst id="KSCYng">3471.95733333333</dst>
            <dst id="LOSAng">21242.9013333333</dst>
            <dst id="NYCMng">6583.70933333333</dst>
            <dst id="SNVAng">5579.808</dst>
            <dst id="STTLng">5635.69333333333</dst>
            <dst id="WASHng">4960.78933333333</dst>
        </src>
        <src id="WASHng">
            <dst id="ATLA-M5">2496.904</dst>
            <dst id="ATLAng">94938.5706666667</dst>
            <dst id="CHINng">70885.36</dst>
            <dst id="DNVRng">59123.648</dst>
            <dst id="HSTNng">19065.24</dst>
            <dst id="IPLSng">73123.592</dst>
            <dst id="KSCYng">24066.7306666667</dst>
            <dst id="LOSAng">117992.776</dst>
            <dst id="NYCMng">185043.496</dst>
            <dst id="SNVAng">2698.56266666667</dst>
            <dst id="STTLng">31695.5733333333</dst>
            <dst id="WASHng">408435.413333333</dst>
        </src>
    </IntraTM>
</TrafficMatrixFile>
