<?xml version="1.0" encoding="ISO-8859-1" standalone="yes"?>
<TrafficMatrixFile xsi:noNamespaceSchemaLocation="http://totem.run.montefiore.ulg.ac.be/Schema/TrafficMatrix-v1_2.xsd" xmlns:xsi="http://www.w3.org/2001/XMLSchema-instance">
    <IntraTM ASID="11537">
        <src id="ATLA-M5">
            <dst id="ATLA-M5">526.144</dst>
            <dst id="ATLAng">58.864</dst>
            <dst id="CHINng">1228.616</dst>
            <dst id="DNVRng">194.394666666667</dst>
            <dst id="HSTNng">39.456</dst>
            <dst id="IPLSng">1209.744</dst>
            <dst id="KSCYng">107.232</dst>
            <dst id="LOSAng">389.858666666667</dst>
            <dst id="NYCMng">214</dst>
            <dst id="SNVAng">26.6666666666667</dst>
            <dst id="STTLng">501.562666666667</dst>
            <dst id="WASHng">680.725333333333</dst>
        </src>
        <src id="ATLAng">
            <dst id="ATLA-M5">411.093333333333</dst>
            <dst id="ATLAng">60084.1973333333</dst>
            <dst id="CHINng">24020.1946666667</dst>
            <dst id="DNVRng">6853.51733333333</dst>
            <dst id="HSTNng">3068.06933333333</dst>
            <dst id="IPLSng">18375.5066666667</dst>
            <dst id="KSCYng">2124.89333333333</dst>
            <dst id="LOSAng">18096.9946666667</dst>
            <dst id="NYCMng">9164.848</dst>
            <dst id="SNVAng">473.925333333333</dst>
            <dst id="STTLng">7499.24266666667</dst>
            <dst id="WASHng">39475.5866666667</dst>
        </src>
        <src id="CHINng">
            <dst id="ATLA-M5">1009.70666666667</dst>
            <dst id="ATLAng">35491.352</dst>
            <dst id="CHINng">126195.405333333</dst>
            <dst id="DNVRng">14722.9893333333</dst>
            <dst id="HSTNng">52503.1573333333</dst>
            <dst id="IPLSng">73583.0133333334</dst>
            <dst id="KSCYng">16672.736</dst>
            <dst id="LOSAng">2002442.85333333</dst>
            <dst id="NYCMng">30908.6213333333</dst>
            <dst id="SNVAng">3354.46666666667</dst>
            <dst id="STTLng">10373.392</dst>
            <dst id="WASHng">35254.7226666667</dst>
        </src>
        <src id="DNVRng">
            <dst id="ATLA-M5">494.384</dst>
            <dst id="ATLAng">6647.99733333333</dst>
            <dst id="CHINng">62222.0586666667</dst>
            <dst id="DNVRng">15143.7493333333</dst>
            <dst id="HSTNng">16420.328</dst>
            <dst id="IPLSng">32413.9893333333</dst>
            <dst id="KSCYng">17958.5413333333</dst>
            <dst id="LOSAng">28929.632</dst>
            <dst id="NYCMng">23614.6746666667</dst>
            <dst id="SNVAng">9765.44</dst>
            <dst id="STTLng">11968.152</dst>
            <dst id="WASHng">44275.8053333333</dst>
        </src>
        <src id="HSTNng">
            <dst id="ATLA-M5">875.448</dst>
            <dst id="ATLAng">5409.06666666667</dst>
            <dst id="CHINng">17359.5066666667</dst>
            <dst id="DNVRng">4889.288</dst>
            <dst id="HSTNng">9834.17866666667</dst>
            <dst id="IPLSng">6767.49866666667</dst>
            <dst id="KSCYng">8691.624</dst>
            <dst id="LOSAng">6394.576</dst>
            <dst id="NYCMng">11164.8373333333</dst>
            <dst id="SNVAng">684.144</dst>
            <dst id="STTLng">1618.43466666667</dst>
            <dst id="WASHng">5942.376</dst>
        </src>
        <src id="IPLSng">
            <dst id="ATLA-M5">1055.02666666667</dst>
            <dst id="ATLAng">19284.2933333333</dst>
            <dst id="CHINng">135722.826666667</dst>
            <dst id="DNVRng">11420.9306666667</dst>
            <dst id="HSTNng">6077.76</dst>
            <dst id="IPLSng">28749.7973333333</dst>
            <dst id="KSCYng">8613.16533333333</dst>
            <dst id="LOSAng">41152.8346666667</dst>
            <dst id="NYCMng">66100.6026666667</dst>
            <dst id="SNVAng">2820.28</dst>
            <dst id="STTLng">14271.1466666667</dst>
            <dst id="WASHng">41631.3813333333</dst>
        </src>
        <src id="KSCYng">
            <dst id="ATLA-M5">197.976</dst>
            <dst id="ATLAng">2003.61333333333</dst>
            <dst id="CHINng">25558.5066666667</dst>
            <dst id="DNVRng">10891.3973333333</dst>
            <dst id="HSTNng">4221.71733333333</dst>
            <dst id="IPLSng">13610.8213333333</dst>
            <dst id="KSCYng">9670.136</dst>
            <dst id="LOSAng">14423.1813333333</dst>
            <dst id="NYCMng">10258.248</dst>
            <dst id="SNVAng">907.04</dst>
            <dst id="STTLng">1012.33866666667</dst>
            <dst id="WASHng">15101.8186666667</dst>
        </src>
        <src id="LOSAng">
            <dst id="ATLA-M5">3511.05333333333</dst>
            <dst id="ATLAng">21291.6453333333</dst>
            <dst id="CHINng">1097972.90666667</dst>
            <dst id="DNVRng">16437.744</dst>
            <dst id="HSTNng">30134.8666666667</dst>
            <dst id="IPLSng">49909.9786666667</dst>
            <dst id="KSCYng">15266.5093333333</dst>
            <dst id="LOSAng">8418.25066666667</dst>
            <dst id="NYCMng">82379.1226666667</dst>
            <dst id="SNVAng">12822.0133333333</dst>
            <dst id="STTLng">40996.4746666667</dst>
            <dst id="WASHng">113345.122666667</dst>
        </src>
        <src id="NYCMng">
            <dst id="ATLA-M5">2768.768</dst>
            <dst id="ATLAng">29202.1733333333</dst>
            <dst id="CHINng">59567.368</dst>
            <dst id="DNVRng">41966.36</dst>
            <dst id="HSTNng">21325.6853333333</dst>
            <dst id="IPLSng">75710.88</dst>
            <dst id="KSCYng">23398.1973333333</dst>
            <dst id="LOSAng">70206.6453333333</dst>
            <dst id="NYCMng">226476.210666667</dst>
            <dst id="SNVAng">9534.98933333333</dst>
            <dst id="STTLng">19052.5333333333</dst>
            <dst id="WASHng">160969.050666667</dst>
        </src>
        <src id="SNVAng">
            <dst id="ATLA-M5">185.68</dst>
            <dst id="ATLAng">249.845333333333</dst>
            <dst id="CHINng">2033.73066666667</dst>
            <dst id="DNVRng">5209.03733333333</dst>
            <dst id="HSTNng">2044.67733333333</dst>
            <dst id="IPLSng">1283.552</dst>
            <dst id="KSCYng">887.432</dst>
            <dst id="LOSAng">31298.9333333333</dst>
            <dst id="NYCMng">980.330666666667</dst>
            <dst id="SNVAng">13396.8053333333</dst>
            <dst id="STTLng">50810.3573333333</dst>
            <dst id="WASHng">421</dst>
        </src>
        <src id="STTLng">
            <dst id="ATLA-M5">176.706666666667</dst>
            <dst id="ATLAng">11978.056</dst>
            <dst id="CHINng">18884.3866666667</dst>
            <dst id="DNVRng">7132.36266666667</dst>
            <dst id="HSTNng">10117.0053333333</dst>
            <dst id="IPLSng">10275.6186666667</dst>
            <dst id="KSCYng">8116.32</dst>
            <dst id="LOSAng">21274.2213333333</dst>
            <dst id="NYCMng">9633.89066666667</dst>
            <dst id="SNVAng">4628.04266666667</dst>
            <dst id="STTLng">6465.30933333333</dst>
            <dst id="WASHng">9692.77333333333</dst>
        </src>
        <src id="WASHng">
            <dst id="ATLA-M5">1713.328</dst>
            <dst id="ATLAng">215060.274666667</dst>
            <dst id="CHINng">84121.9653333333</dst>
            <dst id="DNVRng">45911.7066666667</dst>
            <dst id="HSTNng">21313.384</dst>
            <dst id="IPLSng">54798.0453333333</dst>
            <dst id="KSCYng">22313.8906666667</dst>
            <dst id="LOSAng">111842.248</dst>
            <dst id="NYCMng">167362.52</dst>
            <dst id="SNVAng">3173</dst>
            <dst id="STTLng">40408.456</dst>
            <dst id="WASHng">233446.698666667</dst>
        </src>
    </IntraTM>
</TrafficMatrixFile>
