<?xml version="1.0" encoding="ISO-8859-1" standalone="yes"?>
<TrafficMatrixFile xsi:noNamespaceSchemaLocation="http://totem.run.montefiore.ulg.ac.be/Schema/TrafficMatrix-v1_2.xsd" xmlns:xsi="http://www.w3.org/2001/XMLSchema-instance">
    <IntraTM ASID="11537">
        <src id="ATLA-M5">
            <dst id="ATLA-M5">51.5786666666667</dst>
            <dst id="ATLAng">206.549333333333</dst>
            <dst id="CHINng">602.762666666667</dst>
            <dst id="DNVRng">56.5333333333333</dst>
            <dst id="HSTNng">157.429333333333</dst>
            <dst id="IPLSng">288.272</dst>
            <dst id="KSCYng">80</dst>
            <dst id="LOSAng">491.672</dst>
            <dst id="NYCMng">469.269333333333</dst>
            <dst id="SNVAng">26.6666666666667</dst>
            <dst id="STTLng">89.9493333333333</dst>
            <dst id="WASHng">738.373333333333</dst>
        </src>
        <src id="ATLAng">
            <dst id="ATLA-M5">1507.79733333333</dst>
            <dst id="ATLAng">35896.184</dst>
            <dst id="CHINng">41529.2853333333</dst>
            <dst id="DNVRng">3253.78933333333</dst>
            <dst id="HSTNng">7136.712</dst>
            <dst id="IPLSng">24653.496</dst>
            <dst id="KSCYng">9788.30133333333</dst>
            <dst id="LOSAng">30300.3626666667</dst>
            <dst id="NYCMng">9977.984</dst>
            <dst id="SNVAng">1030.716</dst>
            <dst id="STTLng">3752.72</dst>
            <dst id="WASHng">42709.8506666667</dst>
        </src>
        <src id="CHINng">
            <dst id="ATLA-M5">1498.51733333333</dst>
            <dst id="ATLAng">43441.2826666667</dst>
            <dst id="CHINng">111547.088</dst>
            <dst id="DNVRng">19882.1093333333</dst>
            <dst id="HSTNng">54922.8026666667</dst>
            <dst id="IPLSng">59161.4453333333</dst>
            <dst id="KSCYng">17231.8106666667</dst>
            <dst id="LOSAng">2043400.13333333</dst>
            <dst id="NYCMng">19392.0186666667</dst>
            <dst id="SNVAng">3196.03733333333</dst>
            <dst id="STTLng">15488.9306666667</dst>
            <dst id="WASHng">26122.104</dst>
        </src>
        <src id="DNVRng">
            <dst id="ATLA-M5">464.522666666667</dst>
            <dst id="ATLAng">8400.47466666667</dst>
            <dst id="CHINng">59400.9466666667</dst>
            <dst id="DNVRng">8149.90666666667</dst>
            <dst id="HSTNng">17325.5066666667</dst>
            <dst id="IPLSng">26669.8533333333</dst>
            <dst id="KSCYng">10524.032</dst>
            <dst id="LOSAng">7378.83733333333</dst>
            <dst id="NYCMng">17414.832</dst>
            <dst id="SNVAng">7943.90133333333</dst>
            <dst id="STTLng">7202.49333333333</dst>
            <dst id="WASHng">54578</dst>
        </src>
        <src id="HSTNng">
            <dst id="ATLA-M5">1138.17066666667</dst>
            <dst id="ATLAng">6136.72533333333</dst>
            <dst id="CHINng">19810.232</dst>
            <dst id="DNVRng">8633.94666666666</dst>
            <dst id="HSTNng">6511.344</dst>
            <dst id="IPLSng">6446.104</dst>
            <dst id="KSCYng">3076.888</dst>
            <dst id="LOSAng">8662.72</dst>
            <dst id="NYCMng">6696.12</dst>
            <dst id="SNVAng">1738.03466666667</dst>
            <dst id="STTLng">9602.76533333333</dst>
            <dst id="WASHng">6646.45866666666</dst>
        </src>
        <src id="IPLSng">
            <dst id="ATLA-M5">908.194666666667</dst>
            <dst id="ATLAng">14823.2293333333</dst>
            <dst id="CHINng">106735.952</dst>
            <dst id="DNVRng">20765.0133333333</dst>
            <dst id="HSTNng">5761.27466666667</dst>
            <dst id="IPLSng">17444.2586666667</dst>
            <dst id="KSCYng">9356.53866666667</dst>
            <dst id="LOSAng">55550.1253333334</dst>
            <dst id="NYCMng">63391.9786666666</dst>
            <dst id="SNVAng">2966.032</dst>
            <dst id="STTLng">15911.2426666667</dst>
            <dst id="WASHng">34281.6186666667</dst>
        </src>
        <src id="KSCYng">
            <dst id="ATLA-M5">357.368</dst>
            <dst id="ATLAng">2366.392</dst>
            <dst id="CHINng">32587.0426666667</dst>
            <dst id="DNVRng">7937.00533333333</dst>
            <dst id="HSTNng">5884.71466666667</dst>
            <dst id="IPLSng">14950.3653333333</dst>
            <dst id="KSCYng">5384.624</dst>
            <dst id="LOSAng">9402.42933333333</dst>
            <dst id="NYCMng">8097.16266666667</dst>
            <dst id="SNVAng">375.346666666667</dst>
            <dst id="STTLng">1022.41066666667</dst>
            <dst id="WASHng">12207.328</dst>
        </src>
        <src id="LOSAng">
            <dst id="ATLA-M5">2856.30666666667</dst>
            <dst id="ATLAng">21001.7866666667</dst>
            <dst id="CHINng">1104364.58666667</dst>
            <dst id="DNVRng">11453.2</dst>
            <dst id="HSTNng">10581.9413333333</dst>
            <dst id="IPLSng">51580.968</dst>
            <dst id="KSCYng">11140.96</dst>
            <dst id="LOSAng">16842.8213333333</dst>
            <dst id="NYCMng">90879.9066666667</dst>
            <dst id="SNVAng">8794.17866666667</dst>
            <dst id="STTLng">35335.1786666667</dst>
            <dst id="WASHng">113642.474666667</dst>
        </src>
        <src id="NYCMng">
            <dst id="ATLA-M5">532.205333333333</dst>
            <dst id="ATLAng">30187.52</dst>
            <dst id="CHINng">58044.1093333333</dst>
            <dst id="DNVRng">42181.192</dst>
            <dst id="HSTNng">15034.7973333333</dst>
            <dst id="IPLSng">64308.24</dst>
            <dst id="KSCYng">22124.1173333333</dst>
            <dst id="LOSAng">103362.013333333</dst>
            <dst id="NYCMng">211932.530666667</dst>
            <dst id="SNVAng">5317.99466666667</dst>
            <dst id="STTLng">19800.0933333333</dst>
            <dst id="WASHng">137293.36</dst>
        </src>
        <src id="SNVAng">
            <dst id="ATLA-M5">159.877333333333</dst>
            <dst id="ATLAng">422.093333333333</dst>
            <dst id="CHINng">1791.80533333333</dst>
            <dst id="DNVRng">5840.32</dst>
            <dst id="HSTNng">271.576</dst>
            <dst id="IPLSng">1250.912</dst>
            <dst id="KSCYng">649.453333333333</dst>
            <dst id="LOSAng">34576.0693333333</dst>
            <dst id="NYCMng">1181.19733333333</dst>
            <dst id="SNVAng">15289.584</dst>
            <dst id="STTLng">50327.224</dst>
            <dst id="WASHng">410.525333333333</dst>
        </src>
        <src id="STTLng">
            <dst id="ATLA-M5">134.322666666667</dst>
            <dst id="ATLAng">8922.616</dst>
            <dst id="CHINng">24784.7386666667</dst>
            <dst id="DNVRng">8088.49066666667</dst>
            <dst id="HSTNng">10123.9333333333</dst>
            <dst id="IPLSng">8174.656</dst>
            <dst id="KSCYng">6482.99733333333</dst>
            <dst id="LOSAng">23241.6586666667</dst>
            <dst id="NYCMng">8169.61333333333</dst>
            <dst id="SNVAng">7542.31733333333</dst>
            <dst id="STTLng">7980.416</dst>
            <dst id="WASHng">13145.7093333333</dst>
        </src>
        <src id="WASHng">
            <dst id="ATLA-M5">2084.872</dst>
            <dst id="ATLAng">85018.2133333333</dst>
            <dst id="CHINng">73547.7733333333</dst>
            <dst id="DNVRng">40133.8266666667</dst>
            <dst id="HSTNng">25424.768</dst>
            <dst id="IPLSng">66830.7546666667</dst>
            <dst id="KSCYng">15700.672</dst>
            <dst id="LOSAng">139302.658666667</dst>
            <dst id="NYCMng">155179.309333333</dst>
            <dst id="SNVAng">10624.0853333333</dst>
            <dst id="STTLng">31703.064</dst>
            <dst id="WASHng">275230.4</dst>
        </src>
    </IntraTM>
</TrafficMatrixFile>
