<?xml version="1.0" encoding="ISO-8859-1" standalone="yes"?>
<TrafficMatrixFile xsi:noNamespaceSchemaLocation="http://totem.run.montefiore.ulg.ac.be/Schema/TrafficMatrix-v1_2.xsd" xmlns:xsi="http://www.w3.org/2001/XMLSchema-instance">
    <IntraTM ASID="11537">
        <src id="ATLA-M5">
            <dst id="ATLA-M5">64.928</dst>
            <dst id="ATLAng">26.6666666666667</dst>
            <dst id="CHINng">2410.14133333333</dst>
            <dst id="DNVRng">26.6666666666667</dst>
            <dst id="HSTNng">467.357333333333</dst>
            <dst id="IPLSng">319.466666666667</dst>
            <dst id="KSCYng">1169.344</dst>
            <dst id="LOSAng">628.744</dst>
            <dst id="NYCMng">80</dst>
            <dst id="SNVAng">26.6666666666667</dst>
            <dst id="STTLng">119.994666666667</dst>
            <dst id="WASHng">1560.68533333333</dst>
        </src>
        <src id="ATLAng">
            <dst id="ATLA-M5">438.322666666667</dst>
            <dst id="ATLAng">26678.7386666667</dst>
            <dst id="CHINng">14084.384</dst>
            <dst id="DNVRng">4820.89866666667</dst>
            <dst id="HSTNng">2306.31733333333</dst>
            <dst id="IPLSng">16464.9706666667</dst>
            <dst id="KSCYng">2174.392</dst>
            <dst id="LOSAng">18213.016</dst>
            <dst id="NYCMng">6440.84533333333</dst>
            <dst id="SNVAng">916.133333333334</dst>
            <dst id="STTLng">3781.816</dst>
            <dst id="WASHng">39451.0026666667</dst>
        </src>
        <src id="CHINng">
            <dst id="ATLA-M5">568.189333333333</dst>
            <dst id="ATLAng">9508.472</dst>
            <dst id="CHINng">98703.6373333333</dst>
            <dst id="DNVRng">20667.552</dst>
            <dst id="HSTNng">40973.88</dst>
            <dst id="IPLSng">36717.6666666667</dst>
            <dst id="KSCYng">12648.136</dst>
            <dst id="LOSAng">54598.936</dst>
            <dst id="NYCMng">19708.664</dst>
            <dst id="SNVAng">6416.41866666667</dst>
            <dst id="STTLng">9350.984</dst>
            <dst id="WASHng">25295.96</dst>
        </src>
        <src id="DNVRng">
            <dst id="ATLA-M5">176.96</dst>
            <dst id="ATLAng">3826.16266666667</dst>
            <dst id="CHINng">80959.032</dst>
            <dst id="DNVRng">8628.392</dst>
            <dst id="HSTNng">11689.872</dst>
            <dst id="IPLSng">31864.1306666667</dst>
            <dst id="KSCYng">14520.432</dst>
            <dst id="LOSAng">5927.112</dst>
            <dst id="NYCMng">23539.352</dst>
            <dst id="SNVAng">8235.656</dst>
            <dst id="STTLng">6156.69333333333</dst>
            <dst id="WASHng">46161.904</dst>
        </src>
        <src id="HSTNng">
            <dst id="ATLA-M5">791.498666666667</dst>
            <dst id="ATLAng">1001.104</dst>
            <dst id="CHINng">17912.6986666667</dst>
            <dst id="DNVRng">1459.82666666667</dst>
            <dst id="HSTNng">7139.37333333333</dst>
            <dst id="IPLSng">2960.55733333333</dst>
            <dst id="KSCYng">4666.576</dst>
            <dst id="LOSAng">7183.58666666667</dst>
            <dst id="NYCMng">4262.93333333333</dst>
            <dst id="SNVAng">381.525333333333</dst>
            <dst id="STTLng">3050.69066666667</dst>
            <dst id="WASHng">6242.672</dst>
        </src>
        <src id="IPLSng">
            <dst id="ATLA-M5">314.061333333333</dst>
            <dst id="ATLAng">24968.992</dst>
            <dst id="CHINng">81161.4826666666</dst>
            <dst id="DNVRng">24075.048</dst>
            <dst id="HSTNng">2741.78933333333</dst>
            <dst id="IPLSng">10922.3813333333</dst>
            <dst id="KSCYng">8153.66666666667</dst>
            <dst id="LOSAng">33109.2133333333</dst>
            <dst id="NYCMng">29007.408</dst>
            <dst id="SNVAng">1425.288</dst>
            <dst id="STTLng">7946.01866666667</dst>
            <dst id="WASHng">47668.176</dst>
        </src>
        <src id="KSCYng">
            <dst id="ATLA-M5">111.586666666667</dst>
            <dst id="ATLAng">2133.56533333333</dst>
            <dst id="CHINng">19065.3813333333</dst>
            <dst id="DNVRng">19747.352</dst>
            <dst id="HSTNng">4799.216</dst>
            <dst id="IPLSng">11962.7333333333</dst>
            <dst id="KSCYng">8617.54133333333</dst>
            <dst id="LOSAng">8127.61866666667</dst>
            <dst id="NYCMng">4273.49866666667</dst>
            <dst id="SNVAng">369.234666666667</dst>
            <dst id="STTLng">2350.71466666667</dst>
            <dst id="WASHng">13242.9813333333</dst>
        </src>
        <src id="LOSAng">
            <dst id="ATLA-M5">896.861333333333</dst>
            <dst id="ATLAng">10745.6026666667</dst>
            <dst id="CHINng">62173.8746666667</dst>
            <dst id="DNVRng">5599.888</dst>
            <dst id="HSTNng">6089.632</dst>
            <dst id="IPLSng">22731.336</dst>
            <dst id="KSCYng">8100.90933333333</dst>
            <dst id="LOSAng">10384.2586666667</dst>
            <dst id="NYCMng">46189.6773333333</dst>
            <dst id="SNVAng">11427.2906666667</dst>
            <dst id="STTLng">13605.9733333333</dst>
            <dst id="WASHng">125829.328</dst>
        </src>
        <src id="NYCMng">
            <dst id="ATLA-M5">1269.69066666667</dst>
            <dst id="ATLAng">31444.208</dst>
            <dst id="CHINng">45307.0506666667</dst>
            <dst id="DNVRng">40712.264</dst>
            <dst id="HSTNng">7181.264</dst>
            <dst id="IPLSng">42732.512</dst>
            <dst id="KSCYng">13357.3946666667</dst>
            <dst id="LOSAng">73909.5333333333</dst>
            <dst id="NYCMng">128826.136</dst>
            <dst id="SNVAng">3236.41066666667</dst>
            <dst id="STTLng">19666.3093333333</dst>
            <dst id="WASHng">83433.1466666667</dst>
        </src>
        <src id="SNVAng">
            <dst id="ATLA-M5">0</dst>
            <dst id="ATLAng">136.472</dst>
            <dst id="CHINng">726.181333333333</dst>
            <dst id="DNVRng">8468.224</dst>
            <dst id="HSTNng">80</dst>
            <dst id="IPLSng">439.776</dst>
            <dst id="KSCYng">106.666666666667</dst>
            <dst id="LOSAng">51410.648</dst>
            <dst id="NYCMng">3637.39733333333</dst>
            <dst id="SNVAng">15576.0026666667</dst>
            <dst id="STTLng">56363.848</dst>
            <dst id="WASHng">153.922666666667</dst>
        </src>
        <src id="STTLng">
            <dst id="ATLA-M5">148.144</dst>
            <dst id="ATLAng">6683.304</dst>
            <dst id="CHINng">12853.4453333333</dst>
            <dst id="DNVRng">2718.65866666667</dst>
            <dst id="HSTNng">9877.32266666667</dst>
            <dst id="IPLSng">3775.97866666667</dst>
            <dst id="KSCYng">3533.84533333333</dst>
            <dst id="LOSAng">14507.696</dst>
            <dst id="NYCMng">6563.58933333333</dst>
            <dst id="SNVAng">3017.53333333333</dst>
            <dst id="STTLng">2730.4</dst>
            <dst id="WASHng">5073.63466666667</dst>
        </src>
        <src id="WASHng">
            <dst id="ATLA-M5">194.56</dst>
            <dst id="ATLAng">88545.6746666667</dst>
            <dst id="CHINng">70784.44</dst>
            <dst id="DNVRng">61109.4586666667</dst>
            <dst id="HSTNng">21342.9973333333</dst>
            <dst id="IPLSng">53094.7733333333</dst>
            <dst id="KSCYng">19764.5706666667</dst>
            <dst id="LOSAng">124507.597333333</dst>
            <dst id="NYCMng">147699.664</dst>
            <dst id="SNVAng">4455.77333333333</dst>
            <dst id="STTLng">29321.3253333333</dst>
            <dst id="WASHng">223932.605333333</dst>
        </src>
    </IntraTM>
</TrafficMatrixFile>
