<?xml version="1.0" encoding="ISO-8859-1" standalone="yes"?>
<TrafficMatrixFile xsi:noNamespaceSchemaLocation="http://totem.run.montefiore.ulg.ac.be/Schema/TrafficMatrix-v1_2.xsd" xmlns:xsi="http://www.w3.org/2001/XMLSchema-instance">
    <IntraTM ASID="11537">
        <src id="ATLA-M5">
            <dst id="ATLA-M5">53.3333333333333</dst>
            <dst id="ATLAng">383.197333333333</dst>
            <dst id="CHINng">738.290666666667</dst>
            <dst id="DNVRng">84.7786666666667</dst>
            <dst id="HSTNng">279.352</dst>
            <dst id="IPLSng">444.978666666667</dst>
            <dst id="KSCYng">903.216</dst>
            <dst id="LOSAng">259.76</dst>
            <dst id="NYCMng">321.381333333333</dst>
            <dst id="SNVAng">26.6666666666667</dst>
            <dst id="STTLng">670.453333333333</dst>
            <dst id="WASHng">1009.768</dst>
        </src>
        <src id="ATLAng">
            <dst id="ATLA-M5">444.277333333333</dst>
            <dst id="ATLAng">49592.744</dst>
            <dst id="CHINng">26999.7653333333</dst>
            <dst id="DNVRng">7857.2</dst>
            <dst id="HSTNng">2512.74133333333</dst>
            <dst id="IPLSng">27369.0026666667</dst>
            <dst id="KSCYng">3955.53066666667</dst>
            <dst id="LOSAng">26322.7626666667</dst>
            <dst id="NYCMng">12591.392</dst>
            <dst id="SNVAng">1524.84533333333</dst>
            <dst id="STTLng">11649.504</dst>
            <dst id="WASHng">42288.0213333333</dst>
        </src>
        <src id="CHINng">
            <dst id="ATLA-M5">2304.256</dst>
            <dst id="ATLAng">83348.608</dst>
            <dst id="CHINng">91103.6373333333</dst>
            <dst id="DNVRng">22389.208</dst>
            <dst id="HSTNng">48284.1893333333</dst>
            <dst id="IPLSng">71659.7226666667</dst>
            <dst id="KSCYng">15939.696</dst>
            <dst id="LOSAng">82194.2426666666</dst>
            <dst id="NYCMng">30682.7253333333</dst>
            <dst id="SNVAng">3911.34666666667</dst>
            <dst id="STTLng">13316.392</dst>
            <dst id="WASHng">37968.4053333333</dst>
        </src>
        <src id="DNVRng">
            <dst id="ATLA-M5">245.114666666667</dst>
            <dst id="ATLAng">3859.10666666667</dst>
            <dst id="CHINng">75712.6906666667</dst>
            <dst id="DNVRng">9482.224</dst>
            <dst id="HSTNng">13954.3013333333</dst>
            <dst id="IPLSng">27548.56</dst>
            <dst id="KSCYng">19279.5893333333</dst>
            <dst id="LOSAng">18636.6586666667</dst>
            <dst id="NYCMng">18994.0986666667</dst>
            <dst id="SNVAng">10937.2693333333</dst>
            <dst id="STTLng">10211.104</dst>
            <dst id="WASHng">51340.8133333333</dst>
        </src>
        <src id="HSTNng">
            <dst id="ATLA-M5">466.293333333333</dst>
            <dst id="ATLAng">3718.56266666667</dst>
            <dst id="CHINng">30619.4293333333</dst>
            <dst id="DNVRng">4172.92266666667</dst>
            <dst id="HSTNng">7487.94666666667</dst>
            <dst id="IPLSng">7027.09066666667</dst>
            <dst id="KSCYng">3180.18133333333</dst>
            <dst id="LOSAng">9752.88</dst>
            <dst id="NYCMng">8523.38666666667</dst>
            <dst id="SNVAng">1363.01866666667</dst>
            <dst id="STTLng">3466.33066666667</dst>
            <dst id="WASHng">5831.77066666667</dst>
        </src>
        <src id="IPLSng">
            <dst id="ATLA-M5">327.448</dst>
            <dst id="ATLAng">30310.3253333333</dst>
            <dst id="CHINng">122505.76</dst>
            <dst id="DNVRng">14339.784</dst>
            <dst id="HSTNng">8885.45066666667</dst>
            <dst id="IPLSng">27704.5253333333</dst>
            <dst id="KSCYng">12067.4053333333</dst>
            <dst id="LOSAng">47722.0693333333</dst>
            <dst id="NYCMng">52481.8586666667</dst>
            <dst id="SNVAng">4015.104</dst>
            <dst id="STTLng">20112.8293333333</dst>
            <dst id="WASHng">54028.64</dst>
        </src>
        <src id="KSCYng">
            <dst id="ATLA-M5">421.146666666667</dst>
            <dst id="ATLAng">4189.84266666667</dst>
            <dst id="CHINng">28757.312</dst>
            <dst id="DNVRng">17561.6666666667</dst>
            <dst id="HSTNng">5546.096</dst>
            <dst id="IPLSng">15926.0213333333</dst>
            <dst id="KSCYng">11429.656</dst>
            <dst id="LOSAng">7145.34133333333</dst>
            <dst id="NYCMng">7929.43733333333</dst>
            <dst id="SNVAng">1749.73066666667</dst>
            <dst id="STTLng">3489.50133333333</dst>
            <dst id="WASHng">22602.7093333333</dst>
        </src>
        <src id="LOSAng">
            <dst id="ATLA-M5">1151.15733333333</dst>
            <dst id="ATLAng">34986.76</dst>
            <dst id="CHINng">80737.1413333334</dst>
            <dst id="DNVRng">15051.432</dst>
            <dst id="HSTNng">8538.504</dst>
            <dst id="IPLSng">54125.0453333333</dst>
            <dst id="KSCYng">14368.9813333333</dst>
            <dst id="LOSAng">14385.232</dst>
            <dst id="NYCMng">68659.872</dst>
            <dst id="SNVAng">11531.8213333333</dst>
            <dst id="STTLng">31202.6506666667</dst>
            <dst id="WASHng">143798.205333333</dst>
        </src>
        <src id="NYCMng">
            <dst id="ATLA-M5">1689.048</dst>
            <dst id="ATLAng">45547.0693333333</dst>
            <dst id="CHINng">75464.152</dst>
            <dst id="DNVRng">38009.4613333333</dst>
            <dst id="HSTNng">21856.3173333333</dst>
            <dst id="IPLSng">76547.6346666667</dst>
            <dst id="KSCYng">24745.696</dst>
            <dst id="LOSAng">83612.008</dst>
            <dst id="NYCMng">209425.018666667</dst>
            <dst id="SNVAng">6678.096</dst>
            <dst id="STTLng">25890.0373333333</dst>
            <dst id="WASHng">128056.162666667</dst>
        </src>
        <src id="SNVAng">
            <dst id="ATLA-M5">0</dst>
            <dst id="ATLAng">895.402666666667</dst>
            <dst id="CHINng">1510.33866666667</dst>
            <dst id="DNVRng">25182.584</dst>
            <dst id="HSTNng">421.16</dst>
            <dst id="IPLSng">12884.9546666667</dst>
            <dst id="KSCYng">446.405333333333</dst>
            <dst id="LOSAng">70248.104</dst>
            <dst id="NYCMng">5368.00533333333</dst>
            <dst id="SNVAng">21124.2693333333</dst>
            <dst id="STTLng">60439.3253333333</dst>
            <dst id="WASHng">2888.808</dst>
        </src>
        <src id="STTLng">
            <dst id="ATLA-M5">263.178666666667</dst>
            <dst id="ATLAng">10858.424</dst>
            <dst id="CHINng">15535.888</dst>
            <dst id="DNVRng">4516.63733333333</dst>
            <dst id="HSTNng">8229.42933333333</dst>
            <dst id="IPLSng">8706.25333333333</dst>
            <dst id="KSCYng">6327.04266666667</dst>
            <dst id="LOSAng">37982.7306666667</dst>
            <dst id="NYCMng">6041.74933333333</dst>
            <dst id="SNVAng">5257.22133333333</dst>
            <dst id="STTLng">4678.42133333333</dst>
            <dst id="WASHng">9409.01066666667</dst>
        </src>
        <src id="WASHng">
            <dst id="ATLA-M5">2220.73866666667</dst>
            <dst id="ATLAng">84155.192</dst>
            <dst id="CHINng">86566.6666666667</dst>
            <dst id="DNVRng">50709.6213333333</dst>
            <dst id="HSTNng">43640.3386666667</dst>
            <dst id="IPLSng">55210.1813333333</dst>
            <dst id="KSCYng">19339.144</dst>
            <dst id="LOSAng">123861.653333333</dst>
            <dst id="NYCMng">147017.992</dst>
            <dst id="SNVAng">5958.112</dst>
            <dst id="STTLng">23135.4533333333</dst>
            <dst id="WASHng">196094.352</dst>
        </src>
    </IntraTM>
</TrafficMatrixFile>
