<?xml version="1.0" encoding="ISO-8859-1" standalone="yes"?>
<TrafficMatrixFile xsi:noNamespaceSchemaLocation="http://totem.run.montefiore.ulg.ac.be/Schema/TrafficMatrix-v1_2.xsd" xmlns:xsi="http://www.w3.org/2001/XMLSchema-instance">
    <IntraTM ASID="11537">
        <src id="ATLA-M5">
            <dst id="ATLA-M5">706.234666666667</dst>
            <dst id="ATLAng">53.3333333333333</dst>
            <dst id="CHINng">1175.83733333333</dst>
            <dst id="DNVRng">310.293333333333</dst>
            <dst id="HSTNng">145.122666666667</dst>
            <dst id="IPLSng">705.36</dst>
            <dst id="KSCYng">53.3333333333333</dst>
            <dst id="LOSAng">232.253333333333</dst>
            <dst id="NYCMng">303.050666666667</dst>
            <dst id="SNVAng">40</dst>
            <dst id="STTLng">297.088</dst>
            <dst id="WASHng">1601.83733333333</dst>
        </src>
        <src id="ATLAng">
            <dst id="ATLA-M5">355.994666666667</dst>
            <dst id="ATLAng">34696.8773333333</dst>
            <dst id="CHINng">15474.096</dst>
            <dst id="DNVRng">5242.05066666667</dst>
            <dst id="HSTNng">5205.11466666667</dst>
            <dst id="IPLSng">18529.0613333333</dst>
            <dst id="KSCYng">2342.05333333333</dst>
            <dst id="LOSAng">21080.0986666667</dst>
            <dst id="NYCMng">9074.488</dst>
            <dst id="SNVAng">261.138666666667</dst>
            <dst id="STTLng">6965.17333333333</dst>
            <dst id="WASHng">36416.424</dst>
        </src>
        <src id="CHINng">
            <dst id="ATLA-M5">3033.21333333333</dst>
            <dst id="ATLAng">25956.536</dst>
            <dst id="CHINng">124652.701333333</dst>
            <dst id="DNVRng">32347.0453333333</dst>
            <dst id="HSTNng">54684.7466666667</dst>
            <dst id="IPLSng">80087.5226666667</dst>
            <dst id="KSCYng">13092.9866666667</dst>
            <dst id="LOSAng">2012835.92</dst>
            <dst id="NYCMng">33856.3013333333</dst>
            <dst id="SNVAng">3051.16266666667</dst>
            <dst id="STTLng">13994.384</dst>
            <dst id="WASHng">32567.2666666667</dst>
        </src>
        <src id="DNVRng">
            <dst id="ATLA-M5">243.786666666667</dst>
            <dst id="ATLAng">6775.45866666667</dst>
            <dst id="CHINng">65711.9066666667</dst>
            <dst id="DNVRng">15615.9306666667</dst>
            <dst id="HSTNng">16423.9706666667</dst>
            <dst id="IPLSng">42961.3546666667</dst>
            <dst id="KSCYng">22472.4986666667</dst>
            <dst id="LOSAng">17622.432</dst>
            <dst id="NYCMng">18543.1066666667</dst>
            <dst id="SNVAng">10224.52</dst>
            <dst id="STTLng">12153.4266666667</dst>
            <dst id="WASHng">45812.664</dst>
        </src>
        <src id="HSTNng">
            <dst id="ATLA-M5">977.629333333334</dst>
            <dst id="ATLAng">6898.54133333333</dst>
            <dst id="CHINng">23102.0053333333</dst>
            <dst id="DNVRng">4732.704</dst>
            <dst id="HSTNng">7399.46933333333</dst>
            <dst id="IPLSng">7696.01066666667</dst>
            <dst id="KSCYng">3547.32533333333</dst>
            <dst id="LOSAng">7549.912</dst>
            <dst id="NYCMng">9045.77866666667</dst>
            <dst id="SNVAng">1260.51466666667</dst>
            <dst id="STTLng">1762.90133333333</dst>
            <dst id="WASHng">15421.5386666667</dst>
        </src>
        <src id="IPLSng">
            <dst id="ATLA-M5">380.445333333333</dst>
            <dst id="ATLAng">18744.848</dst>
            <dst id="CHINng">133574.861333333</dst>
            <dst id="DNVRng">22666.192</dst>
            <dst id="HSTNng">8354.84266666667</dst>
            <dst id="IPLSng">17549.1173333333</dst>
            <dst id="KSCYng">10006.8826666667</dst>
            <dst id="LOSAng">45558.3946666667</dst>
            <dst id="NYCMng">62419.6293333333</dst>
            <dst id="SNVAng">1677.17066666667</dst>
            <dst id="STTLng">16148.4133333333</dst>
            <dst id="WASHng">44889.136</dst>
        </src>
        <src id="KSCYng">
            <dst id="ATLA-M5">176.136</dst>
            <dst id="ATLAng">2324.304</dst>
            <dst id="CHINng">37023.9386666667</dst>
            <dst id="DNVRng">9899.61866666667</dst>
            <dst id="HSTNng">4771.71466666667</dst>
            <dst id="IPLSng">14849.3093333333</dst>
            <dst id="KSCYng">12452.08</dst>
            <dst id="LOSAng">10797.064</dst>
            <dst id="NYCMng">9789.69866666667</dst>
            <dst id="SNVAng">478.666666666667</dst>
            <dst id="STTLng">1101.25866666667</dst>
            <dst id="WASHng">13735.9786666667</dst>
        </src>
        <src id="LOSAng">
            <dst id="ATLA-M5">2650.54666666667</dst>
            <dst id="ATLAng">21174.5146666667</dst>
            <dst id="CHINng">1109054.58666667</dst>
            <dst id="DNVRng">17768.6906666667</dst>
            <dst id="HSTNng">21309.1146666667</dst>
            <dst id="IPLSng">41042.072</dst>
            <dst id="KSCYng">16193.728</dst>
            <dst id="LOSAng">18036.816</dst>
            <dst id="NYCMng">77463.3173333334</dst>
            <dst id="SNVAng">10257.8746666667</dst>
            <dst id="STTLng">34686.0426666667</dst>
            <dst id="WASHng">113581.984</dst>
        </src>
        <src id="NYCMng">
            <dst id="ATLA-M5">1861.664</dst>
            <dst id="ATLAng">25218.0853333333</dst>
            <dst id="CHINng">51864.3546666667</dst>
            <dst id="DNVRng">42658.888</dst>
            <dst id="HSTNng">16754.1093333333</dst>
            <dst id="IPLSng">60140.2826666667</dst>
            <dst id="KSCYng">18889.0266666667</dst>
            <dst id="LOSAng">75489.24</dst>
            <dst id="NYCMng">219397.528</dst>
            <dst id="SNVAng">8636.24266666667</dst>
            <dst id="STTLng">16796.264</dst>
            <dst id="WASHng">127139.314666667</dst>
        </src>
        <src id="SNVAng">
            <dst id="ATLA-M5">213.349333333333</dst>
            <dst id="ATLAng">265.173333333333</dst>
            <dst id="CHINng">2168.36266666667</dst>
            <dst id="DNVRng">5840.01866666667</dst>
            <dst id="HSTNng">427.445333333333</dst>
            <dst id="IPLSng">2121.50666666667</dst>
            <dst id="KSCYng">1030.92266666667</dst>
            <dst id="LOSAng">31962.712</dst>
            <dst id="NYCMng">833.170666666667</dst>
            <dst id="SNVAng">13397.168</dst>
            <dst id="STTLng">53055.224</dst>
            <dst id="WASHng">247.722666666667</dst>
        </src>
        <src id="STTLng">
            <dst id="ATLA-M5">555</dst>
            <dst id="ATLAng">9889.39466666667</dst>
            <dst id="CHINng">19718.128</dst>
            <dst id="DNVRng">9005.808</dst>
            <dst id="HSTNng">11480.9093333333</dst>
            <dst id="IPLSng">11936.296</dst>
            <dst id="KSCYng">8176.72</dst>
            <dst id="LOSAng">22039.552</dst>
            <dst id="NYCMng">7597.91466666667</dst>
            <dst id="SNVAng">7428.192</dst>
            <dst id="STTLng">5801.256</dst>
            <dst id="WASHng">12056.8666666667</dst>
        </src>
        <src id="WASHng">
            <dst id="ATLA-M5">1826.17866666667</dst>
            <dst id="ATLAng">168629.826666667</dst>
            <dst id="CHINng">76041.28</dst>
            <dst id="DNVRng">56365.688</dst>
            <dst id="HSTNng">23632.48</dst>
            <dst id="IPLSng">61951.6026666667</dst>
            <dst id="KSCYng">19437.8133333333</dst>
            <dst id="LOSAng">117182.682666667</dst>
            <dst id="NYCMng">166529.538666667</dst>
            <dst id="SNVAng">1627.70133333333</dst>
            <dst id="STTLng">37955.8666666667</dst>
            <dst id="WASHng">262217.530666667</dst>
        </src>
    </IntraTM>
</TrafficMatrixFile>
