<?xml version="1.0" encoding="ISO-8859-1" standalone="yes"?>
<TrafficMatrixFile xsi:noNamespaceSchemaLocation="http://totem.run.montefiore.ulg.ac.be/Schema/TrafficMatrix-v1_2.xsd" xmlns:xsi="http://www.w3.org/2001/XMLSchema-instance">
    <IntraTM ASID="11537">
        <src id="ATLA-M5">
            <dst id="ATLA-M5">1146.74133333333</dst>
            <dst id="ATLAng">163.365333333333</dst>
            <dst id="CHINng">397.184</dst>
            <dst id="DNVRng">80</dst>
            <dst id="HSTNng">73.0773333333333</dst>
            <dst id="IPLSng">234.696</dst>
            <dst id="KSCYng">197.346666666667</dst>
            <dst id="LOSAng">201.357333333333</dst>
            <dst id="NYCMng">186.666666666667</dst>
            <dst id="SNVAng">26.6666666666667</dst>
            <dst id="STTLng">53.3333333333333</dst>
            <dst id="WASHng">2778.70933333333</dst>
        </src>
        <src id="ATLAng">
            <dst id="ATLA-M5">1455.704</dst>
            <dst id="ATLAng">49135.096</dst>
            <dst id="CHINng">20131.136</dst>
            <dst id="DNVRng">4973.81066666667</dst>
            <dst id="HSTNng">3628.59733333333</dst>
            <dst id="IPLSng">18273.2853333333</dst>
            <dst id="KSCYng">1644.432</dst>
            <dst id="LOSAng">20002.864</dst>
            <dst id="NYCMng">11971.3413333333</dst>
            <dst id="SNVAng">548.186666666667</dst>
            <dst id="STTLng">9712.27733333333</dst>
            <dst id="WASHng">46073.7733333333</dst>
        </src>
        <src id="CHINng">
            <dst id="ATLA-M5">1125.45333333333</dst>
            <dst id="ATLAng">21381.5626666667</dst>
            <dst id="CHINng">119485.914666667</dst>
            <dst id="DNVRng">20762.4506666667</dst>
            <dst id="HSTNng">55364.6453333333</dst>
            <dst id="IPLSng">74214.4426666667</dst>
            <dst id="KSCYng">14778.5493333333</dst>
            <dst id="LOSAng">91514.6533333333</dst>
            <dst id="NYCMng">26824.0346666667</dst>
            <dst id="SNVAng">2215.184</dst>
            <dst id="STTLng">9023.46933333333</dst>
            <dst id="WASHng">40563.3813333333</dst>
        </src>
        <src id="DNVRng">
            <dst id="ATLA-M5">397.08</dst>
            <dst id="ATLAng">8199.632</dst>
            <dst id="CHINng">65737.0853333333</dst>
            <dst id="DNVRng">8883.552</dst>
            <dst id="HSTNng">15877.3253333333</dst>
            <dst id="IPLSng">47639.888</dst>
            <dst id="KSCYng">15185.0693333333</dst>
            <dst id="LOSAng">4999.50133333333</dst>
            <dst id="NYCMng">19152.664</dst>
            <dst id="SNVAng">10006.2906666667</dst>
            <dst id="STTLng">9936.328</dst>
            <dst id="WASHng">48243.6586666667</dst>
        </src>
        <src id="HSTNng">
            <dst id="ATLA-M5">486.936</dst>
            <dst id="ATLAng">3967.312</dst>
            <dst id="CHINng">22764.184</dst>
            <dst id="DNVRng">4937.51733333333</dst>
            <dst id="HSTNng">8042.01866666667</dst>
            <dst id="IPLSng">4473.53333333333</dst>
            <dst id="KSCYng">1810.49333333333</dst>
            <dst id="LOSAng">4474.672</dst>
            <dst id="NYCMng">7919.33866666667</dst>
            <dst id="SNVAng">904.418666666667</dst>
            <dst id="STTLng">2306.992</dst>
            <dst id="WASHng">9594.864</dst>
        </src>
        <src id="IPLSng">
            <dst id="ATLA-M5">981.730666666666</dst>
            <dst id="ATLAng">23420.9626666667</dst>
            <dst id="CHINng">108828.288</dst>
            <dst id="DNVRng">26333.0666666667</dst>
            <dst id="HSTNng">6531.82933333333</dst>
            <dst id="IPLSng">26941</dst>
            <dst id="KSCYng">11280.9866666667</dst>
            <dst id="LOSAng">45910.1226666667</dst>
            <dst id="NYCMng">56315.248</dst>
            <dst id="SNVAng">1379.89066666667</dst>
            <dst id="STTLng">17862.84</dst>
            <dst id="WASHng">47594.304</dst>
        </src>
        <src id="KSCYng">
            <dst id="ATLA-M5">137.277333333333</dst>
            <dst id="ATLAng">3725.42666666667</dst>
            <dst id="CHINng">22963.376</dst>
            <dst id="DNVRng">8820.712</dst>
            <dst id="HSTNng">3533.22133333333</dst>
            <dst id="IPLSng">18486.264</dst>
            <dst id="KSCYng">7769.352</dst>
            <dst id="LOSAng">5486</dst>
            <dst id="NYCMng">8778.984</dst>
            <dst id="SNVAng">339.261333333333</dst>
            <dst id="STTLng">1318.44266666667</dst>
            <dst id="WASHng">17706.6213333333</dst>
        </src>
        <src id="LOSAng">
            <dst id="ATLA-M5">2210.496</dst>
            <dst id="ATLAng">22817.7893333333</dst>
            <dst id="CHINng">1101226.88</dst>
            <dst id="DNVRng">8731.128</dst>
            <dst id="HSTNng">16294.368</dst>
            <dst id="IPLSng">46861.4506666667</dst>
            <dst id="KSCYng">14281.4453333333</dst>
            <dst id="LOSAng">9031.672</dst>
            <dst id="NYCMng">76925.3573333333</dst>
            <dst id="SNVAng">13379.6773333333</dst>
            <dst id="STTLng">26793.1226666667</dst>
            <dst id="WASHng">110623.661333333</dst>
        </src>
        <src id="NYCMng">
            <dst id="ATLA-M5">1909.93866666667</dst>
            <dst id="ATLAng">38188.2293333333</dst>
            <dst id="CHINng">59414.8906666667</dst>
            <dst id="DNVRng">36495.0746666667</dst>
            <dst id="HSTNng">14614.696</dst>
            <dst id="IPLSng">61761.0106666667</dst>
            <dst id="KSCYng">22430.1653333333</dst>
            <dst id="LOSAng">73219.1413333333</dst>
            <dst id="NYCMng">207259.768</dst>
            <dst id="SNVAng">12876.9813333333</dst>
            <dst id="STTLng">16516.12</dst>
            <dst id="WASHng">153979.672</dst>
        </src>
        <src id="SNVAng">
            <dst id="ATLA-M5">43.0746666666667</dst>
            <dst id="ATLAng">519.653333333333</dst>
            <dst id="CHINng">1999.63733333333</dst>
            <dst id="DNVRng">4723.72</dst>
            <dst id="HSTNng">409.152</dst>
            <dst id="IPLSng">7655.44533333333</dst>
            <dst id="KSCYng">92.256</dst>
            <dst id="LOSAng">32136.552</dst>
            <dst id="NYCMng">2035.33333333333</dst>
            <dst id="SNVAng">12960.344</dst>
            <dst id="STTLng">47018.7973333333</dst>
            <dst id="WASHng">1238.504</dst>
        </src>
        <src id="STTLng">
            <dst id="ATLA-M5">234.586666666667</dst>
            <dst id="ATLAng">11621.9733333333</dst>
            <dst id="CHINng">20370.128</dst>
            <dst id="DNVRng">5067.29066666667</dst>
            <dst id="HSTNng">8623.04</dst>
            <dst id="IPLSng">9759.63466666667</dst>
            <dst id="KSCYng">10709.248</dst>
            <dst id="LOSAng">16825.736</dst>
            <dst id="NYCMng">10591.7493333333</dst>
            <dst id="SNVAng">2900.65333333333</dst>
            <dst id="STTLng">5518.77866666667</dst>
            <dst id="WASHng">13215.408</dst>
        </src>
        <src id="WASHng">
            <dst id="ATLA-M5">2270.63466666667</dst>
            <dst id="ATLAng">72462.688</dst>
            <dst id="CHINng">91315.5093333333</dst>
            <dst id="DNVRng">52558.904</dst>
            <dst id="HSTNng">15017.2693333333</dst>
            <dst id="IPLSng">77189.7573333333</dst>
            <dst id="KSCYng">17205.072</dst>
            <dst id="LOSAng">106741.712</dst>
            <dst id="NYCMng">168402.837333333</dst>
            <dst id="SNVAng">11929.8933333333</dst>
            <dst id="STTLng">48341.168</dst>
            <dst id="WASHng">235686.525333333</dst>
        </src>
    </IntraTM>
</TrafficMatrixFile>
