<?xml version="1.0" encoding="ISO-8859-1" standalone="yes"?>
<TrafficMatrixFile xsi:noNamespaceSchemaLocation="http://totem.run.montefiore.ulg.ac.be/Schema/TrafficMatrix-v1_2.xsd" xmlns:xsi="http://www.w3.org/2001/XMLSchema-instance">
    <IntraTM ASID="11537">
        <src id="ATLA-M5">
            <dst id="ATLA-M5">118.506666666667</dst>
            <dst id="ATLAng">80</dst>
            <dst id="CHINng">896.146666666667</dst>
            <dst id="DNVRng">32.1066666666667</dst>
            <dst id="HSTNng">439.674666666666</dst>
            <dst id="IPLSng">821.218666666667</dst>
            <dst id="KSCYng">126.325333333333</dst>
            <dst id="LOSAng">236.109333333333</dst>
            <dst id="NYCMng">54.56</dst>
            <dst id="SNVAng">560.221333333333</dst>
            <dst id="STTLng">27.6906666666667</dst>
            <dst id="WASHng">328.258666666667</dst>
        </src>
        <src id="ATLAng">
            <dst id="ATLA-M5">86.4773333333333</dst>
            <dst id="ATLAng">24720.7146666667</dst>
            <dst id="CHINng">19695.4506666667</dst>
            <dst id="DNVRng">9596.68</dst>
            <dst id="HSTNng">6305.45066666667</dst>
            <dst id="IPLSng">22604.104</dst>
            <dst id="KSCYng">3082.40266666667</dst>
            <dst id="LOSAng">31443.5946666667</dst>
            <dst id="NYCMng">8079.96533333334</dst>
            <dst id="SNVAng">685.926666666667</dst>
            <dst id="STTLng">4406.76266666667</dst>
            <dst id="WASHng">36663.872</dst>
        </src>
        <src id="CHINng">
            <dst id="ATLA-M5">862.610666666666</dst>
            <dst id="ATLAng">27274.8933333333</dst>
            <dst id="CHINng">85525.3093333333</dst>
            <dst id="DNVRng">17230.1973333333</dst>
            <dst id="HSTNng">32081.3013333333</dst>
            <dst id="IPLSng">46934.952</dst>
            <dst id="KSCYng">11497.2613333333</dst>
            <dst id="LOSAng">85537.3093333333</dst>
            <dst id="NYCMng">30198.5813333333</dst>
            <dst id="SNVAng">4955.70666666667</dst>
            <dst id="STTLng">10949.9173333333</dst>
            <dst id="WASHng">36556.36</dst>
        </src>
        <src id="DNVRng">
            <dst id="ATLA-M5">372.368</dst>
            <dst id="ATLAng">6316.528</dst>
            <dst id="CHINng">65771.8453333333</dst>
            <dst id="DNVRng">9126.20266666667</dst>
            <dst id="HSTNng">11700.3253333333</dst>
            <dst id="IPLSng">28648.952</dst>
            <dst id="KSCYng">10432.2453333333</dst>
            <dst id="LOSAng">8420.68</dst>
            <dst id="NYCMng">20553.3253333333</dst>
            <dst id="SNVAng">6117.89333333333</dst>
            <dst id="STTLng">5289.60266666667</dst>
            <dst id="WASHng">47317.3306666667</dst>
        </src>
        <src id="HSTNng">
            <dst id="ATLA-M5">2973.16266666667</dst>
            <dst id="ATLAng">1853.50933333333</dst>
            <dst id="CHINng">19348.0186666667</dst>
            <dst id="DNVRng">3227.65066666667</dst>
            <dst id="HSTNng">9106.79733333333</dst>
            <dst id="IPLSng">2972.24</dst>
            <dst id="KSCYng">3867.104</dst>
            <dst id="LOSAng">7324.72</dst>
            <dst id="NYCMng">3503.26133333333</dst>
            <dst id="SNVAng">2439.44</dst>
            <dst id="STTLng">2096.09066666667</dst>
            <dst id="WASHng">6647.91466666667</dst>
        </src>
        <src id="IPLSng">
            <dst id="ATLA-M5">633.965333333333</dst>
            <dst id="ATLAng">25669.3786666667</dst>
            <dst id="CHINng">95007.8693333333</dst>
            <dst id="DNVRng">17797.3653333333</dst>
            <dst id="HSTNng">7934.832</dst>
            <dst id="IPLSng">24549.712</dst>
            <dst id="KSCYng">15161.6133333333</dst>
            <dst id="LOSAng">50264.48</dst>
            <dst id="NYCMng">46108.584</dst>
            <dst id="SNVAng">2745.26666666667</dst>
            <dst id="STTLng">10988.7946666667</dst>
            <dst id="WASHng">41607.0293333333</dst>
        </src>
        <src id="KSCYng">
            <dst id="ATLA-M5">59.272</dst>
            <dst id="ATLAng">4107.504</dst>
            <dst id="CHINng">29983.1173333333</dst>
            <dst id="DNVRng">17290.7546666667</dst>
            <dst id="HSTNng">4309.83733333333</dst>
            <dst id="IPLSng">8759.016</dst>
            <dst id="KSCYng">7129.06133333333</dst>
            <dst id="LOSAng">6510.42666666667</dst>
            <dst id="NYCMng">4452.80533333333</dst>
            <dst id="SNVAng">567.682666666667</dst>
            <dst id="STTLng">2310.37066666667</dst>
            <dst id="WASHng">13317.3226666667</dst>
        </src>
        <src id="LOSAng">
            <dst id="ATLA-M5">1087.36533333333</dst>
            <dst id="ATLAng">14855.4186666667</dst>
            <dst id="CHINng">101980.986666667</dst>
            <dst id="DNVRng">10132.2773333333</dst>
            <dst id="HSTNng">11995.072</dst>
            <dst id="IPLSng">42883.6453333333</dst>
            <dst id="KSCYng">15930.0693333333</dst>
            <dst id="LOSAng">10232.2</dst>
            <dst id="NYCMng">58169.4373333333</dst>
            <dst id="SNVAng">6745.296</dst>
            <dst id="STTLng">23460.952</dst>
            <dst id="WASHng">115376.546666667</dst>
        </src>
        <src id="NYCMng">
            <dst id="ATLA-M5">927.005333333333</dst>
            <dst id="ATLAng">33501.8773333333</dst>
            <dst id="CHINng">62278.376</dst>
            <dst id="DNVRng">41451.216</dst>
            <dst id="HSTNng">12704.5973333333</dst>
            <dst id="IPLSng">62615.6133333333</dst>
            <dst id="KSCYng">17235.4</dst>
            <dst id="LOSAng">88060.5946666667</dst>
            <dst id="NYCMng">151738.450666667</dst>
            <dst id="SNVAng">6486.27466666667</dst>
            <dst id="STTLng">22562.0293333333</dst>
            <dst id="WASHng">127308.389333333</dst>
        </src>
        <src id="SNVAng">
            <dst id="ATLA-M5">172.672</dst>
            <dst id="ATLAng">217.306666666667</dst>
            <dst id="CHINng">1901.69333333333</dst>
            <dst id="DNVRng">5813.60533333333</dst>
            <dst id="HSTNng">410.221333333333</dst>
            <dst id="IPLSng">3056.77333333333</dst>
            <dst id="KSCYng">877.309333333333</dst>
            <dst id="LOSAng">53022.8266666667</dst>
            <dst id="NYCMng">552.834666666667</dst>
            <dst id="SNVAng">20249.08</dst>
            <dst id="STTLng">57473.0533333333</dst>
            <dst id="WASHng">175.482666666667</dst>
        </src>
        <src id="STTLng">
            <dst id="ATLA-M5">96.3466666666667</dst>
            <dst id="ATLAng">7739.472</dst>
            <dst id="CHINng">13111.2933333333</dst>
            <dst id="DNVRng">2997.24266666667</dst>
            <dst id="HSTNng">7161.96266666667</dst>
            <dst id="IPLSng">15588.0986666667</dst>
            <dst id="KSCYng">3680.24266666667</dst>
            <dst id="LOSAng">16310.496</dst>
            <dst id="NYCMng">5743.36</dst>
            <dst id="SNVAng">2496.824</dst>
            <dst id="STTLng">1014.11466666667</dst>
            <dst id="WASHng">5759.02666666667</dst>
        </src>
        <src id="WASHng">
            <dst id="ATLA-M5">352.984</dst>
            <dst id="ATLAng">97719.9333333333</dst>
            <dst id="CHINng">70213.2586666667</dst>
            <dst id="DNVRng">53991.9973333333</dst>
            <dst id="HSTNng">29923.6426666667</dst>
            <dst id="IPLSng">63038.256</dst>
            <dst id="KSCYng">16334.6</dst>
            <dst id="LOSAng">117005.930666667</dst>
            <dst id="NYCMng">125056.928</dst>
            <dst id="SNVAng">12075.5813333333</dst>
            <dst id="STTLng">31321.1626666667</dst>
            <dst id="WASHng">365491.093333333</dst>
        </src>
    </IntraTM>
</TrafficMatrixFile>
