<?xml version="1.0" encoding="ISO-8859-1" standalone="yes"?>
<TrafficMatrixFile xsi:noNamespaceSchemaLocation="http://totem.run.montefiore.ulg.ac.be/Schema/TrafficMatrix-v1_2.xsd" xmlns:xsi="http://www.w3.org/2001/XMLSchema-instance">
    <IntraTM ASID="11537">
        <src id="ATLA-M5">
            <dst id="ATLA-M5">148.269333333333</dst>
            <dst id="ATLAng">96.6186666666667</dst>
            <dst id="CHINng">569.706666666667</dst>
            <dst id="DNVRng">635.818666666667</dst>
            <dst id="HSTNng">133.333333333333</dst>
            <dst id="IPLSng">1630.71466666667</dst>
            <dst id="KSCYng">61.8506666666667</dst>
            <dst id="LOSAng">1357.02933333333</dst>
            <dst id="NYCMng">1742.09066666667</dst>
            <dst id="SNVAng">515.512</dst>
            <dst id="STTLng">40.0773333333333</dst>
            <dst id="WASHng">1021.864</dst>
        </src>
        <src id="ATLAng">
            <dst id="ATLA-M5">2080.11466666667</dst>
            <dst id="ATLAng">66726.704</dst>
            <dst id="CHINng">19953.792</dst>
            <dst id="DNVRng">5603.08</dst>
            <dst id="HSTNng">9261.43733333333</dst>
            <dst id="IPLSng">24671.1813333333</dst>
            <dst id="KSCYng">2748.64266666667</dst>
            <dst id="LOSAng">26508.208</dst>
            <dst id="NYCMng">8415.62933333333</dst>
            <dst id="SNVAng">1483.39466666667</dst>
            <dst id="STTLng">3998.99733333333</dst>
            <dst id="WASHng">54261.8933333333</dst>
        </src>
        <src id="CHINng">
            <dst id="ATLA-M5">2565.448</dst>
            <dst id="ATLAng">33772.936</dst>
            <dst id="CHINng">91581.28</dst>
            <dst id="DNVRng">28928.3946666667</dst>
            <dst id="HSTNng">63530.8293333333</dst>
            <dst id="IPLSng">73839.552</dst>
            <dst id="KSCYng">10812.672</dst>
            <dst id="LOSAng">2029966.02666667</dst>
            <dst id="NYCMng">25425.928</dst>
            <dst id="SNVAng">2791.48533333333</dst>
            <dst id="STTLng">11849.0053333333</dst>
            <dst id="WASHng">36237.92</dst>
        </src>
        <src id="DNVRng">
            <dst id="ATLA-M5">828.194666666666</dst>
            <dst id="ATLAng">6481.10666666667</dst>
            <dst id="CHINng">64245.4853333333</dst>
            <dst id="DNVRng">19376.9786666667</dst>
            <dst id="HSTNng">17239.0506666667</dst>
            <dst id="IPLSng">31175.3866666667</dst>
            <dst id="KSCYng">14868.952</dst>
            <dst id="LOSAng">9307.6</dst>
            <dst id="NYCMng">19458.8186666667</dst>
            <dst id="SNVAng">8143.59733333333</dst>
            <dst id="STTLng">8812.24533333333</dst>
            <dst id="WASHng">43284.104</dst>
        </src>
        <src id="HSTNng">
            <dst id="ATLA-M5">495.642666666667</dst>
            <dst id="ATLAng">4378.88533333333</dst>
            <dst id="CHINng">22399.056</dst>
            <dst id="DNVRng">4704.048</dst>
            <dst id="HSTNng">9087.35733333333</dst>
            <dst id="IPLSng">9743.8</dst>
            <dst id="KSCYng">5020.41066666667</dst>
            <dst id="LOSAng">8343.45066666667</dst>
            <dst id="NYCMng">5062.01333333333</dst>
            <dst id="SNVAng">834.194666666666</dst>
            <dst id="STTLng">3065.94133333333</dst>
            <dst id="WASHng">9674.89333333333</dst>
        </src>
        <src id="IPLSng">
            <dst id="ATLA-M5">1168.53333333333</dst>
            <dst id="ATLAng">21260.5253333333</dst>
            <dst id="CHINng">118075.018666667</dst>
            <dst id="DNVRng">26798.0853333333</dst>
            <dst id="HSTNng">11091.8906666667</dst>
            <dst id="IPLSng">29006.4106666667</dst>
            <dst id="KSCYng">6686.25066666667</dst>
            <dst id="LOSAng">60652.2293333333</dst>
            <dst id="NYCMng">51724.4346666667</dst>
            <dst id="SNVAng">10999.6266666667</dst>
            <dst id="STTLng">13857.488</dst>
            <dst id="WASHng">62728.1573333333</dst>
        </src>
        <src id="KSCYng">
            <dst id="ATLA-M5">153.293333333333</dst>
            <dst id="ATLAng">2478.77333333333</dst>
            <dst id="CHINng">27495.2746666667</dst>
            <dst id="DNVRng">9826.83733333333</dst>
            <dst id="HSTNng">3426.91466666667</dst>
            <dst id="IPLSng">15055.3333333333</dst>
            <dst id="KSCYng">13405.24</dst>
            <dst id="LOSAng">9204.85866666667</dst>
            <dst id="NYCMng">5936.13333333333</dst>
            <dst id="SNVAng">250.962666666667</dst>
            <dst id="STTLng">2094.50133333333</dst>
            <dst id="WASHng">21562.704</dst>
        </src>
        <src id="LOSAng">
            <dst id="ATLA-M5">2817.776</dst>
            <dst id="ATLAng">35360.6933333333</dst>
            <dst id="CHINng">1073574.13333333</dst>
            <dst id="DNVRng">11562.8826666667</dst>
            <dst id="HSTNng">19576.1466666667</dst>
            <dst id="IPLSng">40462.552</dst>
            <dst id="KSCYng">19050.8453333333</dst>
            <dst id="LOSAng">10296.7013333333</dst>
            <dst id="NYCMng">86751.2293333333</dst>
            <dst id="SNVAng">14557.8693333333</dst>
            <dst id="STTLng">31815.072</dst>
            <dst id="WASHng">97792.384</dst>
        </src>
        <src id="NYCMng">
            <dst id="ATLA-M5">2266.296</dst>
            <dst id="ATLAng">24026.6453333333</dst>
            <dst id="CHINng">48806.48</dst>
            <dst id="DNVRng">39389.672</dst>
            <dst id="HSTNng">22372.4213333333</dst>
            <dst id="IPLSng">67341.9146666667</dst>
            <dst id="KSCYng">20563.4106666667</dst>
            <dst id="LOSAng">84568.9226666667</dst>
            <dst id="NYCMng">196039.061333333</dst>
            <dst id="SNVAng">7959.05333333333</dst>
            <dst id="STTLng">27438.8826666667</dst>
            <dst id="WASHng">154318.277333333</dst>
        </src>
        <src id="SNVAng">
            <dst id="ATLA-M5">26.6666666666667</dst>
            <dst id="ATLAng">363.914666666667</dst>
            <dst id="CHINng">2022.55733333333</dst>
            <dst id="DNVRng">7480.18933333333</dst>
            <dst id="HSTNng">232.2</dst>
            <dst id="IPLSng">5235.34133333333</dst>
            <dst id="KSCYng">515.152</dst>
            <dst id="LOSAng">40525.3573333333</dst>
            <dst id="NYCMng">1044.808</dst>
            <dst id="SNVAng">16188.2906666667</dst>
            <dst id="STTLng">50981.792</dst>
            <dst id="WASHng">175.64</dst>
        </src>
        <src id="STTLng">
            <dst id="ATLA-M5">26.6666666666667</dst>
            <dst id="ATLAng">10783.256</dst>
            <dst id="CHINng">12603.0453333333</dst>
            <dst id="DNVRng">4871.55466666667</dst>
            <dst id="HSTNng">11472.4426666667</dst>
            <dst id="IPLSng">8689.15466666667</dst>
            <dst id="KSCYng">4345.904</dst>
            <dst id="LOSAng">24830.4826666667</dst>
            <dst id="NYCMng">9214.23733333333</dst>
            <dst id="SNVAng">4683.59466666667</dst>
            <dst id="STTLng">5291.33066666667</dst>
            <dst id="WASHng">15682.7626666667</dst>
        </src>
        <src id="WASHng">
            <dst id="ATLA-M5">1382.10666666667</dst>
            <dst id="ATLAng">107478.610666667</dst>
            <dst id="CHINng">72726.976</dst>
            <dst id="DNVRng">41714.5946666667</dst>
            <dst id="HSTNng">28815.92</dst>
            <dst id="IPLSng">66051.0693333333</dst>
            <dst id="KSCYng">21835.2933333333</dst>
            <dst id="LOSAng">99625.1573333333</dst>
            <dst id="NYCMng">161555.330666667</dst>
            <dst id="SNVAng">7723.808</dst>
            <dst id="STTLng">29561.8986666667</dst>
            <dst id="WASHng">236423.28</dst>
        </src>
    </IntraTM>
</TrafficMatrixFile>
