<?xml version="1.0" encoding="ISO-8859-1" standalone="yes"?>
<TrafficMatrixFile xsi:noNamespaceSchemaLocation="http://totem.run.montefiore.ulg.ac.be/Schema/TrafficMatrix-v1_2.xsd" xmlns:xsi="http://www.w3.org/2001/XMLSchema-instance">
    <IntraTM ASID="11537">
        <src id="ATLA-M5">
            <dst id="ATLA-M5">153.552</dst>
            <dst id="ATLAng">62.6666666666667</dst>
            <dst id="CHINng">76.1226666666667</dst>
            <dst id="DNVRng">26.6666666666667</dst>
            <dst id="HSTNng">106.666666666667</dst>
            <dst id="IPLSng">478.744</dst>
            <dst id="KSCYng">120.277333333333</dst>
            <dst id="LOSAng">26.6666666666667</dst>
            <dst id="NYCMng">0</dst>
            <dst id="SNVAng">41.28</dst>
            <dst id="STTLng">232.584</dst>
            <dst id="WASHng">682.749333333333</dst>
        </src>
        <src id="ATLAng">
            <dst id="ATLA-M5">502.072</dst>
            <dst id="ATLAng">23807.8133333333</dst>
            <dst id="CHINng">14092.1466666667</dst>
            <dst id="DNVRng">9904.95733333333</dst>
            <dst id="HSTNng">4588.544</dst>
            <dst id="IPLSng">12389.5813333333</dst>
            <dst id="KSCYng">776.2</dst>
            <dst id="LOSAng">16730.608</dst>
            <dst id="NYCMng">5090.072</dst>
            <dst id="SNVAng">488.330666666667</dst>
            <dst id="STTLng">8305.656</dst>
            <dst id="WASHng">34317.552</dst>
        </src>
        <src id="CHINng">
            <dst id="ATLA-M5">377.272</dst>
            <dst id="ATLAng">12999.3306666667</dst>
            <dst id="CHINng">108115.410666667</dst>
            <dst id="DNVRng">20677.4026666667</dst>
            <dst id="HSTNng">46045.2933333333</dst>
            <dst id="IPLSng">42905.8106666667</dst>
            <dst id="KSCYng">11671.728</dst>
            <dst id="LOSAng">49875.56</dst>
            <dst id="NYCMng">23758.1253333333</dst>
            <dst id="SNVAng">4347.656</dst>
            <dst id="STTLng">12425.136</dst>
            <dst id="WASHng">25876.0346666667</dst>
        </src>
        <src id="DNVRng">
            <dst id="ATLA-M5">251.466666666667</dst>
            <dst id="ATLAng">5636.78666666667</dst>
            <dst id="CHINng">75275.8853333333</dst>
            <dst id="DNVRng">11622.4186666667</dst>
            <dst id="HSTNng">9341</dst>
            <dst id="IPLSng">29786.032</dst>
            <dst id="KSCYng">7192.36533333333</dst>
            <dst id="LOSAng">3533.06933333333</dst>
            <dst id="NYCMng">9404.18133333334</dst>
            <dst id="SNVAng">4959.89066666667</dst>
            <dst id="STTLng">4020.26666666667</dst>
            <dst id="WASHng">33238.4266666667</dst>
        </src>
        <src id="HSTNng">
            <dst id="ATLA-M5">253.712</dst>
            <dst id="ATLAng">1830.14133333333</dst>
            <dst id="CHINng">15870.992</dst>
            <dst id="DNVRng">917.309333333333</dst>
            <dst id="HSTNng">3391.93866666667</dst>
            <dst id="IPLSng">2537.11733333333</dst>
            <dst id="KSCYng">1967.44266666667</dst>
            <dst id="LOSAng">5270.10133333333</dst>
            <dst id="NYCMng">2434.50133333333</dst>
            <dst id="SNVAng">1518</dst>
            <dst id="STTLng">4282.02666666667</dst>
            <dst id="WASHng">4456.89866666667</dst>
        </src>
        <src id="IPLSng">
            <dst id="ATLA-M5">479.061333333333</dst>
            <dst id="ATLAng">12111.4346666667</dst>
            <dst id="CHINng">87609.2853333333</dst>
            <dst id="DNVRng">6018.056</dst>
            <dst id="HSTNng">5618.152</dst>
            <dst id="IPLSng">7955.416</dst>
            <dst id="KSCYng">4961.616</dst>
            <dst id="LOSAng">37430.072</dst>
            <dst id="NYCMng">31040.8293333333</dst>
            <dst id="SNVAng">1952.52266666667</dst>
            <dst id="STTLng">10686.6133333333</dst>
            <dst id="WASHng">30093.4106666667</dst>
        </src>
        <src id="KSCYng">
            <dst id="ATLA-M5">306.544</dst>
            <dst id="ATLAng">2005.46133333333</dst>
            <dst id="CHINng">18257.8266666667</dst>
            <dst id="DNVRng">8046.86933333333</dst>
            <dst id="HSTNng">2966.42666666667</dst>
            <dst id="IPLSng">9036.32</dst>
            <dst id="KSCYng">8385.50133333333</dst>
            <dst id="LOSAng">4105.704</dst>
            <dst id="NYCMng">3777.18933333333</dst>
            <dst id="SNVAng">711.077333333333</dst>
            <dst id="STTLng">4425.70933333333</dst>
            <dst id="WASHng">9596.82666666666</dst>
        </src>
        <src id="LOSAng">
            <dst id="ATLA-M5">935.186666666667</dst>
            <dst id="ATLAng">8777.28</dst>
            <dst id="CHINng">76814.5866666667</dst>
            <dst id="DNVRng">4627.50933333333</dst>
            <dst id="HSTNng">3732.63466666667</dst>
            <dst id="IPLSng">19840.9226666667</dst>
            <dst id="KSCYng">7601.54933333333</dst>
            <dst id="LOSAng">14286.2666666667</dst>
            <dst id="NYCMng">44341.536</dst>
            <dst id="SNVAng">8777.77866666667</dst>
            <dst id="STTLng">20748.1973333333</dst>
            <dst id="WASHng">68514.416</dst>
        </src>
        <src id="NYCMng">
            <dst id="ATLA-M5">1210.45066666667</dst>
            <dst id="ATLAng">9262.74133333333</dst>
            <dst id="CHINng">52876.0026666667</dst>
            <dst id="DNVRng">28417.2106666667</dst>
            <dst id="HSTNng">9815.784</dst>
            <dst id="IPLSng">33393.0133333333</dst>
            <dst id="KSCYng">10173.688</dst>
            <dst id="LOSAng">54575.528</dst>
            <dst id="NYCMng">143215.08</dst>
            <dst id="SNVAng">3270.048</dst>
            <dst id="STTLng">24209.5733333333</dst>
            <dst id="WASHng">86482.8613333333</dst>
        </src>
        <src id="SNVAng">
            <dst id="ATLA-M5">214.922666666667</dst>
            <dst id="ATLAng">106.666666666667</dst>
            <dst id="CHINng">1548.20266666667</dst>
            <dst id="DNVRng">7547.45066666667</dst>
            <dst id="HSTNng">110.378666666667</dst>
            <dst id="IPLSng">291.397333333333</dst>
            <dst id="KSCYng">3557.376</dst>
            <dst id="LOSAng">31567.7946666667</dst>
            <dst id="NYCMng">752.133333333333</dst>
            <dst id="SNVAng">9120.78666666667</dst>
            <dst id="STTLng">42614.136</dst>
            <dst id="WASHng">199.165333333333</dst>
        </src>
        <src id="STTLng">
            <dst id="ATLA-M5">637.098666666667</dst>
            <dst id="ATLAng">5064.25333333333</dst>
            <dst id="CHINng">15240.3626666667</dst>
            <dst id="DNVRng">3681.84266666667</dst>
            <dst id="HSTNng">4754.46933333333</dst>
            <dst id="IPLSng">5256.25333333333</dst>
            <dst id="KSCYng">1852.68533333333</dst>
            <dst id="LOSAng">19633.408</dst>
            <dst id="NYCMng">7269.232</dst>
            <dst id="SNVAng">4327.29066666667</dst>
            <dst id="STTLng">623.432</dst>
            <dst id="WASHng">11838.5066666667</dst>
        </src>
        <src id="WASHng">
            <dst id="ATLA-M5">521.456</dst>
            <dst id="ATLAng">87870.192</dst>
            <dst id="CHINng">67874.4133333333</dst>
            <dst id="DNVRng">45750.9626666667</dst>
            <dst id="HSTNng">6525.45066666667</dst>
            <dst id="IPLSng">61917.16</dst>
            <dst id="KSCYng">11051.592</dst>
            <dst id="LOSAng">85195.0293333333</dst>
            <dst id="NYCMng">146505.069333333</dst>
            <dst id="SNVAng">6616.648</dst>
            <dst id="STTLng">26233.2133333333</dst>
            <dst id="WASHng">197923.109333333</dst>
        </src>
    </IntraTM>
</TrafficMatrixFile>
