<?xml version="1.0" encoding="ISO-8859-1" standalone="yes"?>
<TrafficMatrixFile xsi:noNamespaceSchemaLocation="http://totem.run.montefiore.ulg.ac.be/Schema/TrafficMatrix-v1_2.xsd" xmlns:xsi="http://www.w3.org/2001/XMLSchema-instance">
    <IntraTM ASID="11537">
        <src id="ATLA-M5">
            <dst id="ATLA-M5">30.496</dst>
            <dst id="ATLAng">213.610666666667</dst>
            <dst id="CHINng">108.696</dst>
            <dst id="DNVRng">26.6666666666667</dst>
            <dst id="HSTNng">124.728</dst>
            <dst id="IPLSng">162.344</dst>
            <dst id="KSCYng">307.925333333333</dst>
            <dst id="LOSAng">259.669333333333</dst>
            <dst id="NYCMng">128.261333333333</dst>
            <dst id="SNVAng">0</dst>
            <dst id="STTLng">0</dst>
            <dst id="WASHng">350.122666666667</dst>
        </src>
        <src id="ATLAng">
            <dst id="ATLA-M5">26.6666666666667</dst>
            <dst id="ATLAng">21655.16</dst>
            <dst id="CHINng">18313.5493333333</dst>
            <dst id="DNVRng">6580.448</dst>
            <dst id="HSTNng">4222.25866666667</dst>
            <dst id="IPLSng">14111.9466666667</dst>
            <dst id="KSCYng">1754.47733333333</dst>
            <dst id="LOSAng">16729.16</dst>
            <dst id="NYCMng">8049.88533333333</dst>
            <dst id="SNVAng">393.728</dst>
            <dst id="STTLng">3599.71466666667</dst>
            <dst id="WASHng">45362.4053333333</dst>
        </src>
        <src id="CHINng">
            <dst id="ATLA-M5">425.277333333333</dst>
            <dst id="ATLAng">32237.0453333333</dst>
            <dst id="CHINng">127494.752</dst>
            <dst id="DNVRng">16955.2613333333</dst>
            <dst id="HSTNng">47405.9813333333</dst>
            <dst id="IPLSng">42815.1893333333</dst>
            <dst id="KSCYng">9355.336</dst>
            <dst id="LOSAng">35743.1413333333</dst>
            <dst id="NYCMng">26714.512</dst>
            <dst id="SNVAng">2690.27733333333</dst>
            <dst id="STTLng">12716.9946666667</dst>
            <dst id="WASHng">23131.3173333333</dst>
        </src>
        <src id="DNVRng">
            <dst id="ATLA-M5">141.653333333333</dst>
            <dst id="ATLAng">3716.56533333333</dst>
            <dst id="CHINng">86983.416</dst>
            <dst id="DNVRng">12963.2666666667</dst>
            <dst id="HSTNng">13546.504</dst>
            <dst id="IPLSng">23787.7226666667</dst>
            <dst id="KSCYng">22119.0506666667</dst>
            <dst id="LOSAng">4341.2</dst>
            <dst id="NYCMng">19799.6053333333</dst>
            <dst id="SNVAng">5150.30666666667</dst>
            <dst id="STTLng">12013.704</dst>
            <dst id="WASHng">35217.9306666667</dst>
        </src>
        <src id="HSTNng">
            <dst id="ATLA-M5">5197.65066666667</dst>
            <dst id="ATLAng">1500.44</dst>
            <dst id="CHINng">17857.6106666667</dst>
            <dst id="DNVRng">1077.528</dst>
            <dst id="HSTNng">4625.63733333333</dst>
            <dst id="IPLSng">4606.944</dst>
            <dst id="KSCYng">2174.83466666667</dst>
            <dst id="LOSAng">2063.25066666667</dst>
            <dst id="NYCMng">3936.64533333333</dst>
            <dst id="SNVAng">632.354666666667</dst>
            <dst id="STTLng">1978.64266666667</dst>
            <dst id="WASHng">5533.8</dst>
        </src>
        <src id="IPLSng">
            <dst id="ATLA-M5">222.738666666667</dst>
            <dst id="ATLAng">12423.928</dst>
            <dst id="CHINng">142524.192</dst>
            <dst id="DNVRng">11166.896</dst>
            <dst id="HSTNng">4492.95466666667</dst>
            <dst id="IPLSng">20806.2053333333</dst>
            <dst id="KSCYng">4712.99733333333</dst>
            <dst id="LOSAng">22426.9493333333</dst>
            <dst id="NYCMng">42640.1093333333</dst>
            <dst id="SNVAng">860.384</dst>
            <dst id="STTLng">11658.8906666667</dst>
            <dst id="WASHng">68708.6373333333</dst>
        </src>
        <src id="KSCYng">
            <dst id="ATLA-M5">404.925333333333</dst>
            <dst id="ATLAng">1614.12266666667</dst>
            <dst id="CHINng">23277.048</dst>
            <dst id="DNVRng">8161.73066666667</dst>
            <dst id="HSTNng">3169.05866666667</dst>
            <dst id="IPLSng">13187.1146666667</dst>
            <dst id="KSCYng">11575.6746666667</dst>
            <dst id="LOSAng">2832.90933333333</dst>
            <dst id="NYCMng">3368.98133333333</dst>
            <dst id="SNVAng">106.666666666667</dst>
            <dst id="STTLng">1094.70933333333</dst>
            <dst id="WASHng">25971.8213333333</dst>
        </src>
        <src id="LOSAng">
            <dst id="ATLA-M5">933.12</dst>
            <dst id="ATLAng">15938.7066666667</dst>
            <dst id="CHINng">72571.8453333333</dst>
            <dst id="DNVRng">8623.29066666667</dst>
            <dst id="HSTNng">5598.47466666667</dst>
            <dst id="IPLSng">28465.6293333333</dst>
            <dst id="KSCYng">8846.85866666667</dst>
            <dst id="LOSAng">18856.2346666667</dst>
            <dst id="NYCMng">53845.432</dst>
            <dst id="SNVAng">17654.1226666667</dst>
            <dst id="STTLng">30773.0266666667</dst>
            <dst id="WASHng">76550.3786666667</dst>
        </src>
        <src id="NYCMng">
            <dst id="ATLA-M5">675.669333333333</dst>
            <dst id="ATLAng">11088.0693333333</dst>
            <dst id="CHINng">55916.2026666667</dst>
            <dst id="DNVRng">33827.3306666667</dst>
            <dst id="HSTNng">9609.02666666667</dst>
            <dst id="IPLSng">39721.0613333333</dst>
            <dst id="KSCYng">12733.4773333333</dst>
            <dst id="LOSAng">51234.6586666667</dst>
            <dst id="NYCMng">171982.928</dst>
            <dst id="SNVAng">2227.224</dst>
            <dst id="STTLng">25267.984</dst>
            <dst id="WASHng">102493.693333333</dst>
        </src>
        <src id="SNVAng">
            <dst id="ATLA-M5">0</dst>
            <dst id="ATLAng">169.141333333333</dst>
            <dst id="CHINng">1339.78666666667</dst>
            <dst id="DNVRng">1414.85866666667</dst>
            <dst id="HSTNng">149.141333333333</dst>
            <dst id="IPLSng">296.514666666667</dst>
            <dst id="KSCYng">212.802666666667</dst>
            <dst id="LOSAng">27339.968</dst>
            <dst id="NYCMng">463.173333333333</dst>
            <dst id="SNVAng">10430.4746666667</dst>
            <dst id="STTLng">45784.2586666667</dst>
            <dst id="WASHng">180.56</dst>
        </src>
        <src id="STTLng">
            <dst id="ATLA-M5">230.261333333333</dst>
            <dst id="ATLAng">6273.27466666667</dst>
            <dst id="CHINng">18918.5333333333</dst>
            <dst id="DNVRng">1187.824</dst>
            <dst id="HSTNng">2435.28</dst>
            <dst id="IPLSng">4024.32</dst>
            <dst id="KSCYng">3306.30933333333</dst>
            <dst id="LOSAng">17519.9306666667</dst>
            <dst id="NYCMng">7448.096</dst>
            <dst id="SNVAng">5446.38666666667</dst>
            <dst id="STTLng">5996.78933333333</dst>
            <dst id="WASHng">4962.78666666667</dst>
        </src>
        <src id="WASHng">
            <dst id="ATLA-M5">305.757333333333</dst>
            <dst id="ATLAng">88824.88</dst>
            <dst id="CHINng">78309.0346666667</dst>
            <dst id="DNVRng">55221.5946666667</dst>
            <dst id="HSTNng">11546.2453333333</dst>
            <dst id="IPLSng">48136.904</dst>
            <dst id="KSCYng">10558.672</dst>
            <dst id="LOSAng">89154.208</dst>
            <dst id="NYCMng">198812.72</dst>
            <dst id="SNVAng">4093.29066666666</dst>
            <dst id="STTLng">23574.984</dst>
            <dst id="WASHng">198041.117333333</dst>
        </src>
    </IntraTM>
</TrafficMatrixFile>
