<?xml version="1.0" encoding="ISO-8859-1" standalone="yes"?>
<TrafficMatrixFile xsi:noNamespaceSchemaLocation="http://totem.run.montefiore.ulg.ac.be/Schema/TrafficMatrix-v1_2.xsd" xmlns:xsi="http://www.w3.org/2001/XMLSchema-instance">
    <IntraTM ASID="11537">
        <src id="ATLA-M5">
            <dst id="ATLA-M5">26.6666666666667</dst>
            <dst id="ATLAng">87.312</dst>
            <dst id="CHINng">245.848</dst>
            <dst id="DNVRng">134.466666666667</dst>
            <dst id="HSTNng">26.6666666666667</dst>
            <dst id="IPLSng">1254.58666666667</dst>
            <dst id="KSCYng">1585.20533333333</dst>
            <dst id="LOSAng">255.962666666667</dst>
            <dst id="NYCMng">129.597333333333</dst>
            <dst id="SNVAng">0</dst>
            <dst id="STTLng">80</dst>
            <dst id="WASHng">454.026666666667</dst>
        </src>
        <src id="ATLAng">
            <dst id="ATLA-M5">538.712</dst>
            <dst id="ATLAng">49682.3306666667</dst>
            <dst id="CHINng">18989.2746666667</dst>
            <dst id="DNVRng">4105.16533333333</dst>
            <dst id="HSTNng">5215.81066666667</dst>
            <dst id="IPLSng">21252.3013333333</dst>
            <dst id="KSCYng">1211.06133333333</dst>
            <dst id="LOSAng">18397.728</dst>
            <dst id="NYCMng">6185.504</dst>
            <dst id="SNVAng">286.32</dst>
            <dst id="STTLng">4895.66666666667</dst>
            <dst id="WASHng">27810.9333333333</dst>
        </src>
        <src id="CHINng">
            <dst id="ATLA-M5">1642.288</dst>
            <dst id="ATLAng">13978.1333333333</dst>
            <dst id="CHINng">88482.1706666667</dst>
            <dst id="DNVRng">15553.216</dst>
            <dst id="HSTNng">56747.1093333334</dst>
            <dst id="IPLSng">64813.712</dst>
            <dst id="KSCYng">18876.9626666667</dst>
            <dst id="LOSAng">2024417.17333333</dst>
            <dst id="NYCMng">19255.9546666667</dst>
            <dst id="SNVAng">3448.38666666667</dst>
            <dst id="STTLng">11726.6933333333</dst>
            <dst id="WASHng">24404.712</dst>
        </src>
        <src id="DNVRng">
            <dst id="ATLA-M5">446.096</dst>
            <dst id="ATLAng">6116.18666666667</dst>
            <dst id="CHINng">74195.4266666667</dst>
            <dst id="DNVRng">14042.4053333333</dst>
            <dst id="HSTNng">16131.288</dst>
            <dst id="IPLSng">31257.7093333333</dst>
            <dst id="KSCYng">15660.0213333333</dst>
            <dst id="LOSAng">9473.58666666667</dst>
            <dst id="NYCMng">21752.56</dst>
            <dst id="SNVAng">8002.58133333333</dst>
            <dst id="STTLng">10018.8266666667</dst>
            <dst id="WASHng">39680.4586666667</dst>
        </src>
        <src id="HSTNng">
            <dst id="ATLA-M5">1356.71466666667</dst>
            <dst id="ATLAng">2099.61333333333</dst>
            <dst id="CHINng">23256.4613333333</dst>
            <dst id="DNVRng">3252.85066666667</dst>
            <dst id="HSTNng">8491.98666666667</dst>
            <dst id="IPLSng">7314.26933333333</dst>
            <dst id="KSCYng">2199.328</dst>
            <dst id="LOSAng">7914.896</dst>
            <dst id="NYCMng">5695.44</dst>
            <dst id="SNVAng">2225.61333333333</dst>
            <dst id="STTLng">3916.248</dst>
            <dst id="WASHng">6544.6</dst>
        </src>
        <src id="IPLSng">
            <dst id="ATLA-M5">740.514666666667</dst>
            <dst id="ATLAng">16663.6693333333</dst>
            <dst id="CHINng">94675.0506666667</dst>
            <dst id="DNVRng">32278.896</dst>
            <dst id="HSTNng">7219.81866666667</dst>
            <dst id="IPLSng">29912.696</dst>
            <dst id="KSCYng">9012.344</dst>
            <dst id="LOSAng">65564.8426666667</dst>
            <dst id="NYCMng">48153.8053333333</dst>
            <dst id="SNVAng">4441.392</dst>
            <dst id="STTLng">7842.216</dst>
            <dst id="WASHng">45187.9626666667</dst>
        </src>
        <src id="KSCYng">
            <dst id="ATLA-M5">416.608</dst>
            <dst id="ATLAng">3158.392</dst>
            <dst id="CHINng">25010.4986666667</dst>
            <dst id="DNVRng">9861.99733333333</dst>
            <dst id="HSTNng">3383.94933333333</dst>
            <dst id="IPLSng">31967.9893333333</dst>
            <dst id="KSCYng">8160.144</dst>
            <dst id="LOSAng">5795.488</dst>
            <dst id="NYCMng">4308.38666666667</dst>
            <dst id="SNVAng">2783.8</dst>
            <dst id="STTLng">1769.36533333333</dst>
            <dst id="WASHng">14992.3733333333</dst>
        </src>
        <src id="LOSAng">
            <dst id="ATLA-M5">962.570666666667</dst>
            <dst id="ATLAng">15943.3946666667</dst>
            <dst id="CHINng">77924.7973333333</dst>
            <dst id="DNVRng">10470.8186666667</dst>
            <dst id="HSTNng">8864.46933333333</dst>
            <dst id="IPLSng">30627.952</dst>
            <dst id="KSCYng">8905.59466666667</dst>
            <dst id="LOSAng">13050.736</dst>
            <dst id="NYCMng">64764.8053333333</dst>
            <dst id="SNVAng">7391.59733333333</dst>
            <dst id="STTLng">23703.288</dst>
            <dst id="WASHng">84027.0933333333</dst>
        </src>
        <src id="NYCMng">
            <dst id="ATLA-M5">1997.72266666667</dst>
            <dst id="ATLAng">21487.032</dst>
            <dst id="CHINng">48081.216</dst>
            <dst id="DNVRng">38618.304</dst>
            <dst id="HSTNng">19809.9813333333</dst>
            <dst id="IPLSng">54606.3333333333</dst>
            <dst id="KSCYng">15423.8613333333</dst>
            <dst id="LOSAng">78254.2773333333</dst>
            <dst id="NYCMng">140644.322666667</dst>
            <dst id="SNVAng">4764.04266666667</dst>
            <dst id="STTLng">36554.128</dst>
            <dst id="WASHng">108292.12</dst>
        </src>
        <src id="SNVAng">
            <dst id="ATLA-M5">71.9253333333333</dst>
            <dst id="ATLAng">53.3333333333333</dst>
            <dst id="CHINng">4132.45866666667</dst>
            <dst id="DNVRng">5474.33866666667</dst>
            <dst id="HSTNng">890.586666666667</dst>
            <dst id="IPLSng">8204.224</dst>
            <dst id="KSCYng">4648.26133333333</dst>
            <dst id="LOSAng">34464.0106666667</dst>
            <dst id="NYCMng">867.842666666667</dst>
            <dst id="SNVAng">13692.6053333333</dst>
            <dst id="STTLng">46254.8346666667</dst>
            <dst id="WASHng">296.074666666667</dst>
        </src>
        <src id="STTLng">
            <dst id="ATLA-M5">227.282666666667</dst>
            <dst id="ATLAng">5786.65333333333</dst>
            <dst id="CHINng">17046.72</dst>
            <dst id="DNVRng">3376.968</dst>
            <dst id="HSTNng">7758.32266666667</dst>
            <dst id="IPLSng">9517.68266666667</dst>
            <dst id="KSCYng">2688.53066666667</dst>
            <dst id="LOSAng">20658.5493333333</dst>
            <dst id="NYCMng">5276.968</dst>
            <dst id="SNVAng">3857.25333333333</dst>
            <dst id="STTLng">3530.13333333333</dst>
            <dst id="WASHng">9047.13066666667</dst>
        </src>
        <src id="WASHng">
            <dst id="ATLA-M5">1464.84266666667</dst>
            <dst id="ATLAng">53989.2133333333</dst>
            <dst id="CHINng">79615.2373333333</dst>
            <dst id="DNVRng">51955.992</dst>
            <dst id="HSTNng">16548.5306666667</dst>
            <dst id="IPLSng">52555.0933333333</dst>
            <dst id="KSCYng">26393.9146666667</dst>
            <dst id="LOSAng">104502.813333333</dst>
            <dst id="NYCMng">149780.570666667</dst>
            <dst id="SNVAng">3789.34933333333</dst>
            <dst id="STTLng">36013.3173333333</dst>
            <dst id="WASHng">212304.469333333</dst>
        </src>
    </IntraTM>
</TrafficMatrixFile>
