<?xml version="1.0" encoding="ISO-8859-1" standalone="yes"?>
<TrafficMatrixFile xsi:noNamespaceSchemaLocation="http://totem.run.montefiore.ulg.ac.be/Schema/TrafficMatrix-v1_2.xsd" xmlns:xsi="http://www.w3.org/2001/XMLSchema-instance">
    <IntraTM ASID="11537">
        <src id="ATLA-M5">
            <dst id="ATLA-M5">37.32</dst>
            <dst id="ATLAng">80.8746666666667</dst>
            <dst id="CHINng">565.173333333333</dst>
            <dst id="DNVRng">53.3333333333333</dst>
            <dst id="HSTNng">440.018666666667</dst>
            <dst id="IPLSng">1858.568</dst>
            <dst id="KSCYng">175.122666666667</dst>
            <dst id="LOSAng">163.842666666667</dst>
            <dst id="NYCMng">1228.93866666667</dst>
            <dst id="SNVAng">0</dst>
            <dst id="STTLng">53.3333333333333</dst>
            <dst id="WASHng">2087.128</dst>
        </src>
        <src id="ATLAng">
            <dst id="ATLA-M5">1527.71733333333</dst>
            <dst id="ATLAng">24857.5573333333</dst>
            <dst id="CHINng">18844.4746666667</dst>
            <dst id="DNVRng">4012.87466666667</dst>
            <dst id="HSTNng">4601.688</dst>
            <dst id="IPLSng">19751.5333333333</dst>
            <dst id="KSCYng">1605.66666666667</dst>
            <dst id="LOSAng">18371.8346666667</dst>
            <dst id="NYCMng">14577.0346666667</dst>
            <dst id="SNVAng">1034.05333333333</dst>
            <dst id="STTLng">4441.29333333333</dst>
            <dst id="WASHng">34660.4133333333</dst>
        </src>
        <src id="CHINng">
            <dst id="ATLA-M5">1138.90666666667</dst>
            <dst id="ATLAng">15271.1253333333</dst>
            <dst id="CHINng">78606.4533333333</dst>
            <dst id="DNVRng">24328.5146666667</dst>
            <dst id="HSTNng">52785.4826666667</dst>
            <dst id="IPLSng">68254.416</dst>
            <dst id="KSCYng">19182.1413333333</dst>
            <dst id="LOSAng">2058223.46666667</dst>
            <dst id="NYCMng">21099.1146666667</dst>
            <dst id="SNVAng">3448.79733333333</dst>
            <dst id="STTLng">16266.496</dst>
            <dst id="WASHng">37884.688</dst>
        </src>
        <src id="DNVRng">
            <dst id="ATLA-M5">489.869333333333</dst>
            <dst id="ATLAng">8189.17066666666</dst>
            <dst id="CHINng">79235.008</dst>
            <dst id="DNVRng">24792.1013333333</dst>
            <dst id="HSTNng">15865.552</dst>
            <dst id="IPLSng">35866.4053333333</dst>
            <dst id="KSCYng">18026.3173333333</dst>
            <dst id="LOSAng">22888.8533333333</dst>
            <dst id="NYCMng">19001.9333333333</dst>
            <dst id="SNVAng">12285.3786666667</dst>
            <dst id="STTLng">10528.5626666667</dst>
            <dst id="WASHng">48939.2693333333</dst>
        </src>
        <src id="HSTNng">
            <dst id="ATLA-M5">4267.87733333333</dst>
            <dst id="ATLAng">2567.14933333333</dst>
            <dst id="CHINng">22402.5386666667</dst>
            <dst id="DNVRng">2330.99733333333</dst>
            <dst id="HSTNng">8855.20533333334</dst>
            <dst id="IPLSng">6585.69333333333</dst>
            <dst id="KSCYng">4405.77866666667</dst>
            <dst id="LOSAng">7789.12533333334</dst>
            <dst id="NYCMng">3854.136</dst>
            <dst id="SNVAng">2443.39466666667</dst>
            <dst id="STTLng">2028.37866666667</dst>
            <dst id="WASHng">22078.5386666667</dst>
        </src>
        <src id="IPLSng">
            <dst id="ATLA-M5">1124.944</dst>
            <dst id="ATLAng">14610.2293333333</dst>
            <dst id="CHINng">111281.056</dst>
            <dst id="DNVRng">29559.0533333333</dst>
            <dst id="HSTNng">11039.9973333333</dst>
            <dst id="IPLSng">31548.344</dst>
            <dst id="KSCYng">9483.608</dst>
            <dst id="LOSAng">68586.9253333334</dst>
            <dst id="NYCMng">77539.64</dst>
            <dst id="SNVAng">1879.264</dst>
            <dst id="STTLng">6499.37333333333</dst>
            <dst id="WASHng">38216.5786666667</dst>
        </src>
        <src id="KSCYng">
            <dst id="ATLA-M5">470.381333333333</dst>
            <dst id="ATLAng">2103.84266666667</dst>
            <dst id="CHINng">20009.9893333333</dst>
            <dst id="DNVRng">11305.4373333333</dst>
            <dst id="HSTNng">4099.49333333333</dst>
            <dst id="IPLSng">11679.464</dst>
            <dst id="KSCYng">6783.79466666666</dst>
            <dst id="LOSAng">6535.392</dst>
            <dst id="NYCMng">5254.86933333333</dst>
            <dst id="SNVAng">862.04</dst>
            <dst id="STTLng">1853.17333333333</dst>
            <dst id="WASHng">15231.16</dst>
        </src>
        <src id="LOSAng">
            <dst id="ATLA-M5">3053.27466666667</dst>
            <dst id="ATLAng">14970.7733333333</dst>
            <dst id="CHINng">1078668.88</dst>
            <dst id="DNVRng">15164.8506666667</dst>
            <dst id="HSTNng">11929.32</dst>
            <dst id="IPLSng">47772.84</dst>
            <dst id="KSCYng">11212.7493333333</dst>
            <dst id="LOSAng">13373.2773333333</dst>
            <dst id="NYCMng">85020.144</dst>
            <dst id="SNVAng">11903.48</dst>
            <dst id="STTLng">24119.3893333333</dst>
            <dst id="WASHng">85947.3893333333</dst>
        </src>
        <src id="NYCMng">
            <dst id="ATLA-M5">2101.504</dst>
            <dst id="ATLAng">30247.1146666667</dst>
            <dst id="CHINng">50999.1306666667</dst>
            <dst id="DNVRng">32749.8026666667</dst>
            <dst id="HSTNng">16642.0506666667</dst>
            <dst id="IPLSng">65750.592</dst>
            <dst id="KSCYng">14255.6586666667</dst>
            <dst id="LOSAng">81676.648</dst>
            <dst id="NYCMng">171118.448</dst>
            <dst id="SNVAng">3376.33066666667</dst>
            <dst id="STTLng">17707.352</dst>
            <dst id="WASHng">120174.173333333</dst>
        </src>
        <src id="SNVAng">
            <dst id="ATLA-M5">373.813333333333</dst>
            <dst id="ATLAng">53.016</dst>
            <dst id="CHINng">842.173333333333</dst>
            <dst id="DNVRng">5512.296</dst>
            <dst id="HSTNng">431.216</dst>
            <dst id="IPLSng">5234.32266666667</dst>
            <dst id="KSCYng">4540.184</dst>
            <dst id="LOSAng">35235.9013333333</dst>
            <dst id="NYCMng">3027.04533333333</dst>
            <dst id="SNVAng">12713.2186666667</dst>
            <dst id="STTLng">51686.0133333333</dst>
            <dst id="WASHng">377.149333333333</dst>
        </src>
        <src id="STTLng">
            <dst id="ATLA-M5">605.389333333333</dst>
            <dst id="ATLAng">9394.06933333333</dst>
            <dst id="CHINng">8890.504</dst>
            <dst id="DNVRng">4363.49333333333</dst>
            <dst id="HSTNng">6518.37333333333</dst>
            <dst id="IPLSng">8216.21866666667</dst>
            <dst id="KSCYng">5198.432</dst>
            <dst id="LOSAng">25113.8026666667</dst>
            <dst id="NYCMng">5736.32533333333</dst>
            <dst id="SNVAng">4298.88</dst>
            <dst id="STTLng">4722.552</dst>
            <dst id="WASHng">8844.73866666667</dst>
        </src>
        <src id="WASHng">
            <dst id="ATLA-M5">3108.64266666667</dst>
            <dst id="ATLAng">78069.0346666667</dst>
            <dst id="CHINng">87989.0106666667</dst>
            <dst id="DNVRng">59688.3973333333</dst>
            <dst id="HSTNng">27150.7786666667</dst>
            <dst id="IPLSng">47933.768</dst>
            <dst id="KSCYng">27591.3946666667</dst>
            <dst id="LOSAng">119593.117333333</dst>
            <dst id="NYCMng">169501.162666667</dst>
            <dst id="SNVAng">5007.48</dst>
            <dst id="STTLng">44951.728</dst>
            <dst id="WASHng">342618.746666667</dst>
        </src>
    </IntraTM>
</TrafficMatrixFile>
