<?xml version="1.0" encoding="ISO-8859-1" standalone="yes"?>
<TrafficMatrixFile xsi:noNamespaceSchemaLocation="http://totem.run.montefiore.ulg.ac.be/Schema/TrafficMatrix-v1_2.xsd" xmlns:xsi="http://www.w3.org/2001/XMLSchema-instance">
    <IntraTM ASID="11537">
        <src id="ATLA-M5">
            <dst id="ATLA-M5">1330.17333333333</dst>
            <dst id="ATLAng">94.464</dst>
            <dst id="CHINng">203.144</dst>
            <dst id="DNVRng">0</dst>
            <dst id="HSTNng">97.6026666666667</dst>
            <dst id="IPLSng">803.429333333333</dst>
            <dst id="KSCYng">26.6666666666667</dst>
            <dst id="LOSAng">117.544</dst>
            <dst id="NYCMng">159.706666666667</dst>
            <dst id="SNVAng">0</dst>
            <dst id="STTLng">35.3573333333333</dst>
            <dst id="WASHng">1060.17333333333</dst>
        </src>
        <src id="ATLAng">
            <dst id="ATLA-M5">141.992</dst>
            <dst id="ATLAng">53446.9733333333</dst>
            <dst id="CHINng">12660.4933333333</dst>
            <dst id="DNVRng">3113.90666666667</dst>
            <dst id="HSTNng">1571.85333333333</dst>
            <dst id="IPLSng">13217.3253333333</dst>
            <dst id="KSCYng">2308.072</dst>
            <dst id="LOSAng">33264.248</dst>
            <dst id="NYCMng">8723.56533333333</dst>
            <dst id="SNVAng">316.978666666667</dst>
            <dst id="STTLng">5267.66933333333</dst>
            <dst id="WASHng">28989.216</dst>
        </src>
        <src id="CHINng">
            <dst id="ATLA-M5">1611.41066666667</dst>
            <dst id="ATLAng">14795.7253333333</dst>
            <dst id="CHINng">117360.754666667</dst>
            <dst id="DNVRng">12659.6586666667</dst>
            <dst id="HSTNng">41780.1093333333</dst>
            <dst id="IPLSng">29914.8586666667</dst>
            <dst id="KSCYng">13369.8373333333</dst>
            <dst id="LOSAng">42168.9973333333</dst>
            <dst id="NYCMng">19068.168</dst>
            <dst id="SNVAng">1382.61333333333</dst>
            <dst id="STTLng">11529.8213333333</dst>
            <dst id="WASHng">24290.208</dst>
        </src>
        <src id="DNVRng">
            <dst id="ATLA-M5">74.7733333333333</dst>
            <dst id="ATLAng">7506.77066666667</dst>
            <dst id="CHINng">69891.88</dst>
            <dst id="DNVRng">5412.344</dst>
            <dst id="HSTNng">12697.9866666667</dst>
            <dst id="IPLSng">33758.1973333333</dst>
            <dst id="KSCYng">8953.06666666667</dst>
            <dst id="LOSAng">5424.21866666667</dst>
            <dst id="NYCMng">14933.1306666667</dst>
            <dst id="SNVAng">5936.02933333333</dst>
            <dst id="STTLng">6353.456</dst>
            <dst id="WASHng">50940.4506666667</dst>
        </src>
        <src id="HSTNng">
            <dst id="ATLA-M5">407.821333333333</dst>
            <dst id="ATLAng">2279.74666666667</dst>
            <dst id="CHINng">23842.584</dst>
            <dst id="DNVRng">2299.56533333333</dst>
            <dst id="HSTNng">5876.752</dst>
            <dst id="IPLSng">2197.12</dst>
            <dst id="KSCYng">1810.13333333333</dst>
            <dst id="LOSAng">3737.824</dst>
            <dst id="NYCMng">4093.16</dst>
            <dst id="SNVAng">282.685333333333</dst>
            <dst id="STTLng">738.272</dst>
            <dst id="WASHng">3933.152</dst>
        </src>
        <src id="IPLSng">
            <dst id="ATLA-M5">777.045333333333</dst>
            <dst id="ATLAng">14773.9946666667</dst>
            <dst id="CHINng">89201.8773333333</dst>
            <dst id="DNVRng">36251.6613333333</dst>
            <dst id="HSTNng">2637.624</dst>
            <dst id="IPLSng">13725.264</dst>
            <dst id="KSCYng">7096.01066666667</dst>
            <dst id="LOSAng">27887.4426666667</dst>
            <dst id="NYCMng">20435.728</dst>
            <dst id="SNVAng">1110.928</dst>
            <dst id="STTLng">19636.28</dst>
            <dst id="WASHng">33467.2906666667</dst>
        </src>
        <src id="KSCYng">
            <dst id="ATLA-M5">71.7333333333333</dst>
            <dst id="ATLAng">2086.87733333333</dst>
            <dst id="CHINng">23567.7813333333</dst>
            <dst id="DNVRng">16057.064</dst>
            <dst id="HSTNng">3049.51733333333</dst>
            <dst id="IPLSng">13530.6826666667</dst>
            <dst id="KSCYng">6819.11733333333</dst>
            <dst id="LOSAng">6630.304</dst>
            <dst id="NYCMng">3236.98666666667</dst>
            <dst id="SNVAng">430.669333333333</dst>
            <dst id="STTLng">2354.61066666667</dst>
            <dst id="WASHng">9740.47733333333</dst>
        </src>
        <src id="LOSAng">
            <dst id="ATLA-M5">1764.03466666667</dst>
            <dst id="ATLAng">12943.4</dst>
            <dst id="CHINng">71599.1333333333</dst>
            <dst id="DNVRng">7764.48</dst>
            <dst id="HSTNng">4464.72266666667</dst>
            <dst id="IPLSng">32180.688</dst>
            <dst id="KSCYng">8053.272</dst>
            <dst id="LOSAng">12199.9306666667</dst>
            <dst id="NYCMng">51233.856</dst>
            <dst id="SNVAng">7493.96266666667</dst>
            <dst id="STTLng">18402.7653333333</dst>
            <dst id="WASHng">133781.898666667</dst>
        </src>
        <src id="NYCMng">
            <dst id="ATLA-M5">2029.512</dst>
            <dst id="ATLAng">22404.0266666667</dst>
            <dst id="CHINng">46502.9253333333</dst>
            <dst id="DNVRng">39382.8613333333</dst>
            <dst id="HSTNng">7687.95466666667</dst>
            <dst id="IPLSng">42992.2773333333</dst>
            <dst id="KSCYng">12044.912</dst>
            <dst id="LOSAng">63116.0826666667</dst>
            <dst id="NYCMng">126945.994666667</dst>
            <dst id="SNVAng">3867.05066666667</dst>
            <dst id="STTLng">22273.0693333333</dst>
            <dst id="WASHng">108481.386666667</dst>
        </src>
        <src id="SNVAng">
            <dst id="ATLA-M5">0</dst>
            <dst id="ATLAng">101.034666666667</dst>
            <dst id="CHINng">2100.264</dst>
            <dst id="DNVRng">10204.64</dst>
            <dst id="HSTNng">148.944</dst>
            <dst id="IPLSng">1393.82666666667</dst>
            <dst id="KSCYng">26.6666666666667</dst>
            <dst id="LOSAng">38570.816</dst>
            <dst id="NYCMng">326.048</dst>
            <dst id="SNVAng">9322.21066666666</dst>
            <dst id="STTLng">56373.5413333333</dst>
            <dst id="WASHng">217.605333333333</dst>
        </src>
        <src id="STTLng">
            <dst id="ATLA-M5">26.6666666666667</dst>
            <dst id="ATLAng">7260.52533333333</dst>
            <dst id="CHINng">16690.088</dst>
            <dst id="DNVRng">1844.06666666667</dst>
            <dst id="HSTNng">6303.52266666667</dst>
            <dst id="IPLSng">4688.76533333333</dst>
            <dst id="KSCYng">5624.264</dst>
            <dst id="LOSAng">13199.5546666667</dst>
            <dst id="NYCMng">7066.552</dst>
            <dst id="SNVAng">1912.2</dst>
            <dst id="STTLng">3681.90933333333</dst>
            <dst id="WASHng">4874.944</dst>
        </src>
        <src id="WASHng">
            <dst id="ATLA-M5">802.594666666667</dst>
            <dst id="ATLAng">112043.808</dst>
            <dst id="CHINng">56695.968</dst>
            <dst id="DNVRng">50109.7333333333</dst>
            <dst id="HSTNng">22654.024</dst>
            <dst id="IPLSng">62729.5226666667</dst>
            <dst id="KSCYng">13000.888</dst>
            <dst id="LOSAng">98928.6906666666</dst>
            <dst id="NYCMng">142274.845333333</dst>
            <dst id="SNVAng">2516.49066666667</dst>
            <dst id="STTLng">31238.5946666667</dst>
            <dst id="WASHng">230590.621333333</dst>
        </src>
    </IntraTM>
</TrafficMatrixFile>
