<?xml version="1.0" encoding="ISO-8859-1" standalone="yes"?>
<TrafficMatrixFile xsi:noNamespaceSchemaLocation="http://totem.run.montefiore.ulg.ac.be/Schema/TrafficMatrix-v1_2.xsd" xmlns:xsi="http://www.w3.org/2001/XMLSchema-instance">
    <IntraTM ASID="11537">
        <src id="ATLA-M5">
            <dst id="ATLA-M5">1529.49066666667</dst>
            <dst id="ATLAng">53.3333333333333</dst>
            <dst id="CHINng">272.714666666667</dst>
            <dst id="DNVRng">0</dst>
            <dst id="HSTNng">66.7973333333333</dst>
            <dst id="IPLSng">229.28</dst>
            <dst id="KSCYng">26.6666666666667</dst>
            <dst id="LOSAng">106.666666666667</dst>
            <dst id="NYCMng">186.666666666667</dst>
            <dst id="SNVAng">0</dst>
            <dst id="STTLng">106.666666666667</dst>
            <dst id="WASHng">563.642666666667</dst>
        </src>
        <src id="ATLAng">
            <dst id="ATLA-M5">93.5493333333334</dst>
            <dst id="ATLAng">30412.0826666667</dst>
            <dst id="CHINng">14379.1066666667</dst>
            <dst id="DNVRng">2441.33333333333</dst>
            <dst id="HSTNng">2618.93866666667</dst>
            <dst id="IPLSng">14454.328</dst>
            <dst id="KSCYng">1563.848</dst>
            <dst id="LOSAng">20602.2986666667</dst>
            <dst id="NYCMng">12066.416</dst>
            <dst id="SNVAng">588.152</dst>
            <dst id="STTLng">5038.256</dst>
            <dst id="WASHng">39751.9973333333</dst>
        </src>
        <src id="CHINng">
            <dst id="ATLA-M5">462.501333333333</dst>
            <dst id="ATLAng">19696.0933333333</dst>
            <dst id="CHINng">106095.218666667</dst>
            <dst id="DNVRng">18892.8613333333</dst>
            <dst id="HSTNng">47570.256</dst>
            <dst id="IPLSng">47945.3653333333</dst>
            <dst id="KSCYng">15682.9466666667</dst>
            <dst id="LOSAng">37662.488</dst>
            <dst id="NYCMng">22900.2746666667</dst>
            <dst id="SNVAng">1131.768</dst>
            <dst id="STTLng">10622.912</dst>
            <dst id="WASHng">19485.3946666667</dst>
        </src>
        <src id="DNVRng">
            <dst id="ATLA-M5">53.3333333333333</dst>
            <dst id="ATLAng">4902.91466666667</dst>
            <dst id="CHINng">58344.7253333333</dst>
            <dst id="DNVRng">10860.2426666667</dst>
            <dst id="HSTNng">13744.96</dst>
            <dst id="IPLSng">34340.9573333333</dst>
            <dst id="KSCYng">16350.0853333333</dst>
            <dst id="LOSAng">5109.33866666667</dst>
            <dst id="NYCMng">16299.2266666667</dst>
            <dst id="SNVAng">12893.8186666667</dst>
            <dst id="STTLng">10501.976</dst>
            <dst id="WASHng">43911.2373333333</dst>
        </src>
        <src id="HSTNng">
            <dst id="ATLA-M5">1634.04266666667</dst>
            <dst id="ATLAng">2461.98933333333</dst>
            <dst id="CHINng">19809.48</dst>
            <dst id="DNVRng">1741.94666666667</dst>
            <dst id="HSTNng">11786.224</dst>
            <dst id="IPLSng">3552.94933333333</dst>
            <dst id="KSCYng">2398.70133333333</dst>
            <dst id="LOSAng">3344.21333333333</dst>
            <dst id="NYCMng">5359.71466666667</dst>
            <dst id="SNVAng">1983.21866666667</dst>
            <dst id="STTLng">1534.65066666667</dst>
            <dst id="WASHng">8051.272</dst>
        </src>
        <src id="IPLSng">
            <dst id="ATLA-M5">473.114666666667</dst>
            <dst id="ATLAng">20129.0746666667</dst>
            <dst id="CHINng">69044.7626666667</dst>
            <dst id="DNVRng">17861.3253333333</dst>
            <dst id="HSTNng">2816.47733333333</dst>
            <dst id="IPLSng">12473.288</dst>
            <dst id="KSCYng">8984.09333333333</dst>
            <dst id="LOSAng">20354.3306666667</dst>
            <dst id="NYCMng">46818.816</dst>
            <dst id="SNVAng">1265.53066666667</dst>
            <dst id="STTLng">10157.3306666667</dst>
            <dst id="WASHng">28703.952</dst>
        </src>
        <src id="KSCYng">
            <dst id="ATLA-M5">26.6666666666667</dst>
            <dst id="ATLAng">2939.65333333334</dst>
            <dst id="CHINng">23137.336</dst>
            <dst id="DNVRng">17774.1946666667</dst>
            <dst id="HSTNng">3101.87466666667</dst>
            <dst id="IPLSng">18375.04</dst>
            <dst id="KSCYng">10770.9653333333</dst>
            <dst id="LOSAng">6594.31733333333</dst>
            <dst id="NYCMng">5360.79733333333</dst>
            <dst id="SNVAng">1151.07466666667</dst>
            <dst id="STTLng">1568.90666666667</dst>
            <dst id="WASHng">14954.488</dst>
        </src>
        <src id="LOSAng">
            <dst id="ATLA-M5">1897.20266666667</dst>
            <dst id="ATLAng">25341.0586666667</dst>
            <dst id="CHINng">90743.1386666667</dst>
            <dst id="DNVRng">8527.384</dst>
            <dst id="HSTNng">5693.68533333333</dst>
            <dst id="IPLSng">22615.008</dst>
            <dst id="KSCYng">10272.5306666667</dst>
            <dst id="LOSAng">10760.6453333333</dst>
            <dst id="NYCMng">61757.496</dst>
            <dst id="SNVAng">8536.008</dst>
            <dst id="STTLng">19612.5706666667</dst>
            <dst id="WASHng">130931.938666667</dst>
        </src>
        <src id="NYCMng">
            <dst id="ATLA-M5">1464.79466666667</dst>
            <dst id="ATLAng">30874.16</dst>
            <dst id="CHINng">49239.408</dst>
            <dst id="DNVRng">37154.0826666667</dst>
            <dst id="HSTNng">6229.76</dst>
            <dst id="IPLSng">58492.92</dst>
            <dst id="KSCYng">13104.4986666667</dst>
            <dst id="LOSAng">36871.0106666667</dst>
            <dst id="NYCMng">143659.205333333</dst>
            <dst id="SNVAng">1605.70133333333</dst>
            <dst id="STTLng">20728.1546666667</dst>
            <dst id="WASHng">101648.168</dst>
        </src>
        <src id="SNVAng">
            <dst id="ATLA-M5">0</dst>
            <dst id="ATLAng">298.96</dst>
            <dst id="CHINng">1787.33066666667</dst>
            <dst id="DNVRng">4466.872</dst>
            <dst id="HSTNng">1582.46133333333</dst>
            <dst id="IPLSng">256.877333333333</dst>
            <dst id="KSCYng">26.6666666666667</dst>
            <dst id="LOSAng">36257.8133333333</dst>
            <dst id="NYCMng">559.178666666667</dst>
            <dst id="SNVAng">14365.1786666667</dst>
            <dst id="STTLng">52536.3333333333</dst>
            <dst id="WASHng">300.202666666667</dst>
        </src>
        <src id="STTLng">
            <dst id="ATLA-M5">295.981333333333</dst>
            <dst id="ATLAng">7827.14666666667</dst>
            <dst id="CHINng">13397.8026666667</dst>
            <dst id="DNVRng">2967.648</dst>
            <dst id="HSTNng">6045.992</dst>
            <dst id="IPLSng">3566.56</dst>
            <dst id="KSCYng">5915.79466666666</dst>
            <dst id="LOSAng">13494.056</dst>
            <dst id="NYCMng">7640.808</dst>
            <dst id="SNVAng">4210.21333333333</dst>
            <dst id="STTLng">5803.568</dst>
            <dst id="WASHng">9881.42133333333</dst>
        </src>
        <src id="WASHng">
            <dst id="ATLA-M5">687.397333333333</dst>
            <dst id="ATLAng">98698.696</dst>
            <dst id="CHINng">72720.928</dst>
            <dst id="DNVRng">55049.4826666666</dst>
            <dst id="HSTNng">25510.8053333333</dst>
            <dst id="IPLSng">50861.7333333333</dst>
            <dst id="KSCYng">21411.6026666667</dst>
            <dst id="LOSAng">101659.397333333</dst>
            <dst id="NYCMng">169817.664</dst>
            <dst id="SNVAng">5289.61066666667</dst>
            <dst id="STTLng">39820.008</dst>
            <dst id="WASHng">255525.090666667</dst>
        </src>
    </IntraTM>
</TrafficMatrixFile>
