<?xml version="1.0" encoding="ISO-8859-1" standalone="yes"?>
<TrafficMatrixFile xsi:noNamespaceSchemaLocation="http://totem.run.montefiore.ulg.ac.be/Schema/TrafficMatrix-v1_2.xsd" xmlns:xsi="http://www.w3.org/2001/XMLSchema-instance">
    <IntraTM ASID="11537">
        <src id="ATLA-M5">
            <dst id="ATLA-M5">53.3333333333333</dst>
            <dst id="ATLAng">134.922666666667</dst>
            <dst id="CHINng">241.258666666667</dst>
            <dst id="DNVRng">431.037333333333</dst>
            <dst id="HSTNng">553.205333333333</dst>
            <dst id="IPLSng">954.325333333333</dst>
            <dst id="KSCYng">53.3333333333333</dst>
            <dst id="LOSAng">325.848</dst>
            <dst id="NYCMng">868.298666666667</dst>
            <dst id="SNVAng">26.6666666666667</dst>
            <dst id="STTLng">127.282666666667</dst>
            <dst id="WASHng">3568</dst>
        </src>
        <src id="ATLAng">
            <dst id="ATLA-M5">1417.40266666667</dst>
            <dst id="ATLAng">30171.2293333333</dst>
            <dst id="CHINng">19412.8213333333</dst>
            <dst id="DNVRng">4914.76533333333</dst>
            <dst id="HSTNng">7255.824</dst>
            <dst id="IPLSng">20358.5866666667</dst>
            <dst id="KSCYng">1810.25066666667</dst>
            <dst id="LOSAng">21133.332</dst>
            <dst id="NYCMng">8524.29066666667</dst>
            <dst id="SNVAng">633.326666666667</dst>
            <dst id="STTLng">3129.04533333333</dst>
            <dst id="WASHng">36642.688</dst>
        </src>
        <src id="CHINng">
            <dst id="ATLA-M5">2460.184</dst>
            <dst id="ATLAng">17851.9413333333</dst>
            <dst id="CHINng">84920.088</dst>
            <dst id="DNVRng">24082.648</dst>
            <dst id="HSTNng">47140.8293333333</dst>
            <dst id="IPLSng">70123.288</dst>
            <dst id="KSCYng">20834.968</dst>
            <dst id="LOSAng">2028119.52</dst>
            <dst id="NYCMng">24646.2533333333</dst>
            <dst id="SNVAng">3621.02933333333</dst>
            <dst id="STTLng">9297.05866666667</dst>
            <dst id="WASHng">31214.9786666667</dst>
        </src>
        <src id="DNVRng">
            <dst id="ATLA-M5">310.544</dst>
            <dst id="ATLAng">6409.928</dst>
            <dst id="CHINng">61944.8266666667</dst>
            <dst id="DNVRng">19734.912</dst>
            <dst id="HSTNng">16373.1466666667</dst>
            <dst id="IPLSng">30194.7386666667</dst>
            <dst id="KSCYng">16139.744</dst>
            <dst id="LOSAng">6228.69333333333</dst>
            <dst id="NYCMng">12859.1066666667</dst>
            <dst id="SNVAng">10220.8693333333</dst>
            <dst id="STTLng">10846.8986666667</dst>
            <dst id="WASHng">44926.9733333333</dst>
        </src>
        <src id="HSTNng">
            <dst id="ATLA-M5">212.898666666667</dst>
            <dst id="ATLAng">7995.67733333333</dst>
            <dst id="CHINng">15328.336</dst>
            <dst id="DNVRng">3997.928</dst>
            <dst id="HSTNng">6623.944</dst>
            <dst id="IPLSng">7863.832</dst>
            <dst id="KSCYng">3488.23733333333</dst>
            <dst id="LOSAng">7475.13066666667</dst>
            <dst id="NYCMng">9496.97333333333</dst>
            <dst id="SNVAng">1059.53333333333</dst>
            <dst id="STTLng">1372.26666666667</dst>
            <dst id="WASHng">10912.1893333333</dst>
        </src>
        <src id="IPLSng">
            <dst id="ATLA-M5">2130.41866666667</dst>
            <dst id="ATLAng">18788.616</dst>
            <dst id="CHINng">117649.741333333</dst>
            <dst id="DNVRng">23285.2133333333</dst>
            <dst id="HSTNng">8989.07466666666</dst>
            <dst id="IPLSng">27320.744</dst>
            <dst id="KSCYng">7163.85066666667</dst>
            <dst id="LOSAng">63194.9226666667</dst>
            <dst id="NYCMng">50179.192</dst>
            <dst id="SNVAng">5219.10133333333</dst>
            <dst id="STTLng">12026.8853333333</dst>
            <dst id="WASHng">47786.1626666667</dst>
        </src>
        <src id="KSCYng">
            <dst id="ATLA-M5">168.437333333333</dst>
            <dst id="ATLAng">1738.52533333333</dst>
            <dst id="CHINng">18182.5013333333</dst>
            <dst id="DNVRng">9201.448</dst>
            <dst id="HSTNng">4815.90133333333</dst>
            <dst id="IPLSng">16964.0426666667</dst>
            <dst id="KSCYng">12015.1546666667</dst>
            <dst id="LOSAng">5301.55466666667</dst>
            <dst id="NYCMng">7916.37866666667</dst>
            <dst id="SNVAng">536.954666666667</dst>
            <dst id="STTLng">2630.02666666667</dst>
            <dst id="WASHng">15316.0693333333</dst>
        </src>
        <src id="LOSAng">
            <dst id="ATLA-M5">1453.08533333333</dst>
            <dst id="ATLAng">21563</dst>
            <dst id="CHINng">1060105.12</dst>
            <dst id="DNVRng">12116.4533333333</dst>
            <dst id="HSTNng">13492.7786666667</dst>
            <dst id="IPLSng">47161.3706666667</dst>
            <dst id="KSCYng">12087.0106666667</dst>
            <dst id="LOSAng">10560.928</dst>
            <dst id="NYCMng">86866.4106666667</dst>
            <dst id="SNVAng">13811.8053333333</dst>
            <dst id="STTLng">22468.528</dst>
            <dst id="WASHng">117384.989333333</dst>
        </src>
        <src id="NYCMng">
            <dst id="ATLA-M5">2327.31466666667</dst>
            <dst id="ATLAng">34219.856</dst>
            <dst id="CHINng">43119.048</dst>
            <dst id="DNVRng">35768.832</dst>
            <dst id="HSTNng">21257.5306666667</dst>
            <dst id="IPLSng">60473.832</dst>
            <dst id="KSCYng">20409.4586666667</dst>
            <dst id="LOSAng">81677.1653333333</dst>
            <dst id="NYCMng">209093.834666667</dst>
            <dst id="SNVAng">5528.80266666667</dst>
            <dst id="STTLng">27502.9706666667</dst>
            <dst id="WASHng">157500.053333333</dst>
        </src>
        <src id="SNVAng">
            <dst id="ATLA-M5">250.264</dst>
            <dst id="ATLAng">3095.98933333333</dst>
            <dst id="CHINng">1755.37333333333</dst>
            <dst id="DNVRng">12423.0053333333</dst>
            <dst id="HSTNng">468.986666666667</dst>
            <dst id="IPLSng">873.064</dst>
            <dst id="KSCYng">1926.87733333333</dst>
            <dst id="LOSAng">32688.3413333333</dst>
            <dst id="NYCMng">9057.136</dst>
            <dst id="SNVAng">14518.4213333333</dst>
            <dst id="STTLng">53422.6266666667</dst>
            <dst id="WASHng">298.098666666667</dst>
        </src>
        <src id="STTLng">
            <dst id="ATLA-M5">302.84</dst>
            <dst id="ATLAng">7819.49333333333</dst>
            <dst id="CHINng">9721.25866666667</dst>
            <dst id="DNVRng">6029.384</dst>
            <dst id="HSTNng">8453.488</dst>
            <dst id="IPLSng">9247.86133333333</dst>
            <dst id="KSCYng">4304.13333333333</dst>
            <dst id="LOSAng">22036.3733333333</dst>
            <dst id="NYCMng">14566.472</dst>
            <dst id="SNVAng">5095.62133333333</dst>
            <dst id="STTLng">6095.53866666666</dst>
            <dst id="WASHng">16264.5093333333</dst>
        </src>
        <src id="WASHng">
            <dst id="ATLA-M5">3253.60533333333</dst>
            <dst id="ATLAng">88243.176</dst>
            <dst id="CHINng">70953.8026666667</dst>
            <dst id="DNVRng">43746.2826666667</dst>
            <dst id="HSTNng">38309.2186666667</dst>
            <dst id="IPLSng">51122.472</dst>
            <dst id="KSCYng">21766.4266666667</dst>
            <dst id="LOSAng">113260.029333333</dst>
            <dst id="NYCMng">172271.533333333</dst>
            <dst id="SNVAng">7379.07733333333</dst>
            <dst id="STTLng">27575.224</dst>
            <dst id="WASHng">242573.112</dst>
        </src>
    </IntraTM>
</TrafficMatrixFile>
