<?xml version="1.0" encoding="ISO-8859-1" standalone="yes"?>
<TrafficMatrixFile xsi:noNamespaceSchemaLocation="http://totem.run.montefiore.ulg.ac.be/Schema/TrafficMatrix-v1_2.xsd" xmlns:xsi="http://www.w3.org/2001/XMLSchema-instance">
    <IntraTM ASID="11537">
        <src id="ATLA-M5">
            <dst id="ATLA-M5">832.08</dst>
            <dst id="ATLAng">168.810666666667</dst>
            <dst id="CHINng">365.933333333333</dst>
            <dst id="DNVRng">53.3333333333333</dst>
            <dst id="HSTNng">258.768</dst>
            <dst id="IPLSng">742.978666666667</dst>
            <dst id="KSCYng">93.8506666666667</dst>
            <dst id="LOSAng">505.821333333333</dst>
            <dst id="NYCMng">133.333333333333</dst>
            <dst id="SNVAng">1348.94133333333</dst>
            <dst id="STTLng">80</dst>
            <dst id="WASHng">1750.02933333333</dst>
        </src>
        <src id="ATLAng">
            <dst id="ATLA-M5">850.362666666667</dst>
            <dst id="ATLAng">61550.7226666667</dst>
            <dst id="CHINng">25875.0053333333</dst>
            <dst id="DNVRng">3483.44266666667</dst>
            <dst id="HSTNng">6194.79733333333</dst>
            <dst id="IPLSng">22998.4373333333</dst>
            <dst id="KSCYng">6338.91733333333</dst>
            <dst id="LOSAng">20486.488</dst>
            <dst id="NYCMng">9218.35733333333</dst>
            <dst id="SNVAng">602.202666666667</dst>
            <dst id="STTLng">4652.60533333333</dst>
            <dst id="WASHng">42979.264</dst>
        </src>
        <src id="CHINng">
            <dst id="ATLA-M5">3321.34933333333</dst>
            <dst id="ATLAng">29513.048</dst>
            <dst id="CHINng">122165.962666667</dst>
            <dst id="DNVRng">36715.0746666667</dst>
            <dst id="HSTNng">53534.2693333333</dst>
            <dst id="IPLSng">63976.7946666667</dst>
            <dst id="KSCYng">17976.336</dst>
            <dst id="LOSAng">2034926.48</dst>
            <dst id="NYCMng">26468.144</dst>
            <dst id="SNVAng">2301.62666666667</dst>
            <dst id="STTLng">18118.7066666667</dst>
            <dst id="WASHng">41449.3733333333</dst>
        </src>
        <src id="DNVRng">
            <dst id="ATLA-M5">255.64</dst>
            <dst id="ATLAng">6776.74133333333</dst>
            <dst id="CHINng">65441.0906666666</dst>
            <dst id="DNVRng">16278.6933333333</dst>
            <dst id="HSTNng">14868.4933333333</dst>
            <dst id="IPLSng">34368.984</dst>
            <dst id="KSCYng">18966.1386666667</dst>
            <dst id="LOSAng">9038.96</dst>
            <dst id="NYCMng">22535.592</dst>
            <dst id="SNVAng">11336.24</dst>
            <dst id="STTLng">10444.76</dst>
            <dst id="WASHng">47699.9226666667</dst>
        </src>
        <src id="HSTNng">
            <dst id="ATLA-M5">531.173333333333</dst>
            <dst id="ATLAng">5209.83466666667</dst>
            <dst id="CHINng">24751.0053333333</dst>
            <dst id="DNVRng">4287.00533333333</dst>
            <dst id="HSTNng">9248.672</dst>
            <dst id="IPLSng">8891.05866666667</dst>
            <dst id="KSCYng">2720.8</dst>
            <dst id="LOSAng">24322.744</dst>
            <dst id="NYCMng">7648.00533333334</dst>
            <dst id="SNVAng">670.973333333333</dst>
            <dst id="STTLng">2582.776</dst>
            <dst id="WASHng">13490.6293333333</dst>
        </src>
        <src id="IPLSng">
            <dst id="ATLA-M5">500.602666666667</dst>
            <dst id="ATLAng">23746.24</dst>
            <dst id="CHINng">119961.554666667</dst>
            <dst id="DNVRng">22870.672</dst>
            <dst id="HSTNng">7449.528</dst>
            <dst id="IPLSng">32675.0746666667</dst>
            <dst id="KSCYng">12212.2453333333</dst>
            <dst id="LOSAng">47530.4613333333</dst>
            <dst id="NYCMng">54523.4693333333</dst>
            <dst id="SNVAng">1629.04533333333</dst>
            <dst id="STTLng">10656.0586666667</dst>
            <dst id="WASHng">46546.7466666667</dst>
        </src>
        <src id="KSCYng">
            <dst id="ATLA-M5">188.904</dst>
            <dst id="ATLAng">5823.04</dst>
            <dst id="CHINng">24927.536</dst>
            <dst id="DNVRng">11872.4133333333</dst>
            <dst id="HSTNng">3349.44533333333</dst>
            <dst id="IPLSng">19035.3626666667</dst>
            <dst id="KSCYng">7460.24266666667</dst>
            <dst id="LOSAng">7265.456</dst>
            <dst id="NYCMng">4924.032</dst>
            <dst id="SNVAng">894.496</dst>
            <dst id="STTLng">1316.60266666667</dst>
            <dst id="WASHng">14760.4746666667</dst>
        </src>
        <src id="LOSAng">
            <dst id="ATLA-M5">2763.54133333333</dst>
            <dst id="ATLAng">36162.2133333333</dst>
            <dst id="CHINng">1098701.14666667</dst>
            <dst id="DNVRng">9289.57066666667</dst>
            <dst id="HSTNng">32419.5973333333</dst>
            <dst id="IPLSng">45353.4213333333</dst>
            <dst id="KSCYng">23000.0933333333</dst>
            <dst id="LOSAng">7571.36266666667</dst>
            <dst id="NYCMng">84159.792</dst>
            <dst id="SNVAng">7313.344</dst>
            <dst id="STTLng">25872.4426666667</dst>
            <dst id="WASHng">102680.458666667</dst>
        </src>
        <src id="NYCMng">
            <dst id="ATLA-M5">1569.74133333333</dst>
            <dst id="ATLAng">42120.6373333333</dst>
            <dst id="CHINng">54985.8293333333</dst>
            <dst id="DNVRng">50394.8853333333</dst>
            <dst id="HSTNng">15911.48</dst>
            <dst id="IPLSng">68448.3653333333</dst>
            <dst id="KSCYng">27227.6186666667</dst>
            <dst id="LOSAng">74252.264</dst>
            <dst id="NYCMng">233672.642666667</dst>
            <dst id="SNVAng">6402.392</dst>
            <dst id="STTLng">16040.016</dst>
            <dst id="WASHng">208937.133333333</dst>
        </src>
        <src id="SNVAng">
            <dst id="ATLA-M5">304.813333333333</dst>
            <dst id="ATLAng">307.837333333333</dst>
            <dst id="CHINng">2025.488</dst>
            <dst id="DNVRng">3923.768</dst>
            <dst id="HSTNng">257.653333333333</dst>
            <dst id="IPLSng">13932.8346666667</dst>
            <dst id="KSCYng">324.858666666667</dst>
            <dst id="LOSAng">35941.112</dst>
            <dst id="NYCMng">440.530666666667</dst>
            <dst id="SNVAng">15132.2053333333</dst>
            <dst id="STTLng">48453.5626666667</dst>
            <dst id="WASHng">728.386666666667</dst>
        </src>
        <src id="STTLng">
            <dst id="ATLA-M5">293.304</dst>
            <dst id="ATLAng">7110.096</dst>
            <dst id="CHINng">23625.9093333333</dst>
            <dst id="DNVRng">10430.0133333333</dst>
            <dst id="HSTNng">12441.256</dst>
            <dst id="IPLSng">10766.9333333333</dst>
            <dst id="KSCYng">4586.33066666667</dst>
            <dst id="LOSAng">24919.7386666667</dst>
            <dst id="NYCMng">6524.68533333333</dst>
            <dst id="SNVAng">2760.648</dst>
            <dst id="STTLng">5079.09866666667</dst>
            <dst id="WASHng">10233.464</dst>
        </src>
        <src id="WASHng">
            <dst id="ATLA-M5">1615.24266666667</dst>
            <dst id="ATLAng">242555.968</dst>
            <dst id="CHINng">93828.9733333333</dst>
            <dst id="DNVRng">47825.1733333333</dst>
            <dst id="HSTNng">28016.6506666667</dst>
            <dst id="IPLSng">69941.3706666667</dst>
            <dst id="KSCYng">18940.5413333333</dst>
            <dst id="LOSAng">100223.130666667</dst>
            <dst id="NYCMng">185612.741333333</dst>
            <dst id="SNVAng">7854.248</dst>
            <dst id="STTLng">29974.392</dst>
            <dst id="WASHng">238694.381333333</dst>
        </src>
    </IntraTM>
</TrafficMatrixFile>
