<?xml version="1.0" encoding="ISO-8859-1" standalone="yes"?>
<TrafficMatrixFile xsi:noNamespaceSchemaLocation="http://totem.run.montefiore.ulg.ac.be/Schema/TrafficMatrix-v1_2.xsd" xmlns:xsi="http://www.w3.org/2001/XMLSchema-instance">
    <IntraTM ASID="11537">
        <src id="ATLA-M5">
            <dst id="ATLA-M5">85.12</dst>
            <dst id="ATLAng">72.3173333333333</dst>
            <dst id="CHINng">341.973333333333</dst>
            <dst id="DNVRng">98.2746666666667</dst>
            <dst id="HSTNng">304.757333333333</dst>
            <dst id="IPLSng">651.573333333333</dst>
            <dst id="KSCYng">99.904</dst>
            <dst id="LOSAng">134.885333333333</dst>
            <dst id="NYCMng">26.6666666666667</dst>
            <dst id="SNVAng">0</dst>
            <dst id="STTLng">80</dst>
            <dst id="WASHng">355.296</dst>
        </src>
        <src id="ATLAng">
            <dst id="ATLA-M5">180.434666666667</dst>
            <dst id="ATLAng">28287.3413333333</dst>
            <dst id="CHINng">14509.5013333333</dst>
            <dst id="DNVRng">5219.28533333333</dst>
            <dst id="HSTNng">5375.42133333333</dst>
            <dst id="IPLSng">16588.3066666667</dst>
            <dst id="KSCYng">1102.78933333333</dst>
            <dst id="LOSAng">21113.2293333333</dst>
            <dst id="NYCMng">4918.30133333333</dst>
            <dst id="SNVAng">827.970666666667</dst>
            <dst id="STTLng">4214.064</dst>
            <dst id="WASHng">30242.4666666667</dst>
        </src>
        <src id="CHINng">
            <dst id="ATLA-M5">1602.77866666667</dst>
            <dst id="ATLAng">11854.1866666667</dst>
            <dst id="CHINng">100803.298666667</dst>
            <dst id="DNVRng">26464.6</dst>
            <dst id="HSTNng">44964.88</dst>
            <dst id="IPLSng">62267.768</dst>
            <dst id="KSCYng">15655.8986666667</dst>
            <dst id="LOSAng">2027548.18666667</dst>
            <dst id="NYCMng">18113.712</dst>
            <dst id="SNVAng">4788.83466666667</dst>
            <dst id="STTLng">19419.312</dst>
            <dst id="WASHng">26728.8053333333</dst>
        </src>
        <src id="DNVRng">
            <dst id="ATLA-M5">205.242666666667</dst>
            <dst id="ATLAng">3598.69066666667</dst>
            <dst id="CHINng">81730.4426666667</dst>
            <dst id="DNVRng">23171.3013333333</dst>
            <dst id="HSTNng">15805.3973333333</dst>
            <dst id="IPLSng">25751.8293333333</dst>
            <dst id="KSCYng">23101.416</dst>
            <dst id="LOSAng">8226.86133333333</dst>
            <dst id="NYCMng">17324.8773333333</dst>
            <dst id="SNVAng">5337.25866666667</dst>
            <dst id="STTLng">18391.568</dst>
            <dst id="WASHng">50874.3333333333</dst>
        </src>
        <src id="HSTNng">
            <dst id="ATLA-M5">5534.136</dst>
            <dst id="ATLAng">1509.73333333333</dst>
            <dst id="CHINng">19600.56</dst>
            <dst id="DNVRng">2174.17333333333</dst>
            <dst id="HSTNng">3158.216</dst>
            <dst id="IPLSng">4684.64266666667</dst>
            <dst id="KSCYng">3173.45066666667</dst>
            <dst id="LOSAng">8991.504</dst>
            <dst id="NYCMng">2460.776</dst>
            <dst id="SNVAng">830.010666666667</dst>
            <dst id="STTLng">2247.30933333333</dst>
            <dst id="WASHng">4823.336</dst>
        </src>
        <src id="IPLSng">
            <dst id="ATLA-M5">2596.904</dst>
            <dst id="ATLAng">14340.3173333333</dst>
            <dst id="CHINng">101492.802666667</dst>
            <dst id="DNVRng">24284.448</dst>
            <dst id="HSTNng">7460.552</dst>
            <dst id="IPLSng">32979.4346666667</dst>
            <dst id="KSCYng">6590.85333333333</dst>
            <dst id="LOSAng">49051.4186666667</dst>
            <dst id="NYCMng">34646.792</dst>
            <dst id="SNVAng">2457.536</dst>
            <dst id="STTLng">9185.856</dst>
            <dst id="WASHng">33531.2906666667</dst>
        </src>
        <src id="KSCYng">
            <dst id="ATLA-M5">693.634666666667</dst>
            <dst id="ATLAng">1841.048</dst>
            <dst id="CHINng">24534.3253333333</dst>
            <dst id="DNVRng">11374.3066666667</dst>
            <dst id="HSTNng">3255.38133333333</dst>
            <dst id="IPLSng">18196.2986666667</dst>
            <dst id="KSCYng">8556.30933333333</dst>
            <dst id="LOSAng">5735.26666666667</dst>
            <dst id="NYCMng">3411.19466666667</dst>
            <dst id="SNVAng">489.237333333333</dst>
            <dst id="STTLng">1291.43466666667</dst>
            <dst id="WASHng">26862.928</dst>
        </src>
        <src id="LOSAng">
            <dst id="ATLA-M5">2199.67733333333</dst>
            <dst id="ATLAng">10329.8453333333</dst>
            <dst id="CHINng">1056629.78666667</dst>
            <dst id="DNVRng">14879.2506666667</dst>
            <dst id="HSTNng">12188.0746666667</dst>
            <dst id="IPLSng">20847.968</dst>
            <dst id="KSCYng">10098.2053333333</dst>
            <dst id="LOSAng">13700.4746666667</dst>
            <dst id="NYCMng">52264.5413333333</dst>
            <dst id="SNVAng">7693.84533333333</dst>
            <dst id="STTLng">21679.0986666667</dst>
            <dst id="WASHng">77013.624</dst>
        </src>
        <src id="NYCMng">
            <dst id="ATLA-M5">1211.59466666667</dst>
            <dst id="ATLAng">15446.4026666667</dst>
            <dst id="CHINng">54126.5973333333</dst>
            <dst id="DNVRng">33764.1626666667</dst>
            <dst id="HSTNng">12932.6</dst>
            <dst id="IPLSng">46266.368</dst>
            <dst id="KSCYng">9270.02933333333</dst>
            <dst id="LOSAng">84132.2586666667</dst>
            <dst id="NYCMng">124306.162666667</dst>
            <dst id="SNVAng">4037.70933333333</dst>
            <dst id="STTLng">25828.8266666667</dst>
            <dst id="WASHng">97209.0293333333</dst>
        </src>
        <src id="SNVAng">
            <dst id="ATLA-M5">277.890666666667</dst>
            <dst id="ATLAng">53.3333333333333</dst>
            <dst id="CHINng">1726.21066666667</dst>
            <dst id="DNVRng">1875.35466666667</dst>
            <dst id="HSTNng">475.277333333333</dst>
            <dst id="IPLSng">637.741333333333</dst>
            <dst id="KSCYng">4327.73066666667</dst>
            <dst id="LOSAng">32718.712</dst>
            <dst id="NYCMng">662.397333333333</dst>
            <dst id="SNVAng">12118.816</dst>
            <dst id="STTLng">45197.2906666667</dst>
            <dst id="WASHng">271.589333333333</dst>
        </src>
        <src id="STTLng">
            <dst id="ATLA-M5">179.736</dst>
            <dst id="ATLAng">5202.608</dst>
            <dst id="CHINng">14805.8746666667</dst>
            <dst id="DNVRng">3188.09066666667</dst>
            <dst id="HSTNng">5798.58666666667</dst>
            <dst id="IPLSng">5967.10133333333</dst>
            <dst id="KSCYng">3163.56</dst>
            <dst id="LOSAng">19708.1146666667</dst>
            <dst id="NYCMng">5570.50666666667</dst>
            <dst id="SNVAng">4812.904</dst>
            <dst id="STTLng">5818.36533333333</dst>
            <dst id="WASHng">6123.32</dst>
        </src>
        <src id="WASHng">
            <dst id="ATLA-M5">1267.8</dst>
            <dst id="ATLAng">60687.7413333333</dst>
            <dst id="CHINng">83644.168</dst>
            <dst id="DNVRng">59708.704</dst>
            <dst id="HSTNng">15710.3146666667</dst>
            <dst id="IPLSng">45266.504</dst>
            <dst id="KSCYng">17325.0613333333</dst>
            <dst id="LOSAng">103982.28</dst>
            <dst id="NYCMng">151863.301333333</dst>
            <dst id="SNVAng">11250.232</dst>
            <dst id="STTLng">28262.5466666667</dst>
            <dst id="WASHng">211390.154666667</dst>
        </src>
    </IntraTM>
</TrafficMatrixFile>
