<?xml version="1.0" encoding="ISO-8859-1" standalone="yes"?>
<TrafficMatrixFile xsi:noNamespaceSchemaLocation="http://totem.run.montefiore.ulg.ac.be/Schema/TrafficMatrix-v1_2.xsd" xmlns:xsi="http://www.w3.org/2001/XMLSchema-instance">
    <IntraTM ASID="11537">
        <src id="ATLA-M5">
            <dst id="ATLA-M5">77.9066666666667</dst>
            <dst id="ATLAng">93.3333333333333</dst>
            <dst id="CHINng">494.552</dst>
            <dst id="DNVRng">26.6666666666667</dst>
            <dst id="HSTNng">232.509333333333</dst>
            <dst id="IPLSng">251.152</dst>
            <dst id="KSCYng">844.885333333333</dst>
            <dst id="LOSAng">387.056</dst>
            <dst id="NYCMng">201.562666666667</dst>
            <dst id="SNVAng">48.2986666666667</dst>
            <dst id="STTLng">26.6666666666667</dst>
            <dst id="WASHng">703.186666666667</dst>
        </src>
        <src id="ATLAng">
            <dst id="ATLA-M5">185.634666666667</dst>
            <dst id="ATLAng">34091.7066666667</dst>
            <dst id="CHINng">35631.7386666667</dst>
            <dst id="DNVRng">5261.18133333333</dst>
            <dst id="HSTNng">5434.18933333333</dst>
            <dst id="IPLSng">25464.1173333333</dst>
            <dst id="KSCYng">4546.24266666667</dst>
            <dst id="LOSAng">17882.412</dst>
            <dst id="NYCMng">6935.30133333333</dst>
            <dst id="SNVAng">1084.52133333333</dst>
            <dst id="STTLng">7871.90133333333</dst>
            <dst id="WASHng">37249.0453333333</dst>
        </src>
        <src id="CHINng">
            <dst id="ATLA-M5">1352.69066666667</dst>
            <dst id="ATLAng">35058.584</dst>
            <dst id="CHINng">83513.9333333333</dst>
            <dst id="DNVRng">21098.9146666667</dst>
            <dst id="HSTNng">48544</dst>
            <dst id="IPLSng">57150.0533333333</dst>
            <dst id="KSCYng">17091.1413333333</dst>
            <dst id="LOSAng">69505.872</dst>
            <dst id="NYCMng">21986.9733333333</dst>
            <dst id="SNVAng">5274.53866666667</dst>
            <dst id="STTLng">11872.2693333333</dst>
            <dst id="WASHng">23982.8266666667</dst>
        </src>
        <src id="DNVRng">
            <dst id="ATLA-M5">880.482666666667</dst>
            <dst id="ATLAng">4829.86666666667</dst>
            <dst id="CHINng">65247.3466666667</dst>
            <dst id="DNVRng">12745.2293333333</dst>
            <dst id="HSTNng">14275.1946666667</dst>
            <dst id="IPLSng">29414.8106666667</dst>
            <dst id="KSCYng">17521.8453333333</dst>
            <dst id="LOSAng">4876.59733333333</dst>
            <dst id="NYCMng">25983.184</dst>
            <dst id="SNVAng">11756.5226666667</dst>
            <dst id="STTLng">9737.30933333333</dst>
            <dst id="WASHng">51674.256</dst>
        </src>
        <src id="HSTNng">
            <dst id="ATLA-M5">975.349333333333</dst>
            <dst id="ATLAng">2881</dst>
            <dst id="CHINng">19004.3786666667</dst>
            <dst id="DNVRng">4030.032</dst>
            <dst id="HSTNng">6175.688</dst>
            <dst id="IPLSng">5172.624</dst>
            <dst id="KSCYng">4258.68</dst>
            <dst id="LOSAng">11154.424</dst>
            <dst id="NYCMng">4320.32266666667</dst>
            <dst id="SNVAng">836.197333333333</dst>
            <dst id="STTLng">2647.968</dst>
            <dst id="WASHng">8230.51466666667</dst>
        </src>
        <src id="IPLSng">
            <dst id="ATLA-M5">1177.696</dst>
            <dst id="ATLAng">29526.9253333333</dst>
            <dst id="CHINng">125396.293333333</dst>
            <dst id="DNVRng">17653.7333333333</dst>
            <dst id="HSTNng">7198.81066666667</dst>
            <dst id="IPLSng">21401.2906666667</dst>
            <dst id="KSCYng">8193.66133333333</dst>
            <dst id="LOSAng">49754.96</dst>
            <dst id="NYCMng">56204.6293333333</dst>
            <dst id="SNVAng">2317.704</dst>
            <dst id="STTLng">11092.8853333333</dst>
            <dst id="WASHng">40470.5973333333</dst>
        </src>
        <src id="KSCYng">
            <dst id="ATLA-M5">373.12</dst>
            <dst id="ATLAng">3330.96</dst>
            <dst id="CHINng">26168.0853333333</dst>
            <dst id="DNVRng">21987.1546666667</dst>
            <dst id="HSTNng">3734.52266666667</dst>
            <dst id="IPLSng">20299.52</dst>
            <dst id="KSCYng">10071.7226666667</dst>
            <dst id="LOSAng">6405.90933333333</dst>
            <dst id="NYCMng">4368.752</dst>
            <dst id="SNVAng">337.013333333333</dst>
            <dst id="STTLng">3677.024</dst>
            <dst id="WASHng">25006.2266666667</dst>
        </src>
        <src id="LOSAng">
            <dst id="ATLA-M5">1457.22666666667</dst>
            <dst id="ATLAng">21529.416</dst>
            <dst id="CHINng">103348.168</dst>
            <dst id="DNVRng">20089.8426666667</dst>
            <dst id="HSTNng">24540.6666666667</dst>
            <dst id="IPLSng">60233.2186666666</dst>
            <dst id="KSCYng">11584.1866666667</dst>
            <dst id="LOSAng">21131.4373333333</dst>
            <dst id="NYCMng">69242.0986666667</dst>
            <dst id="SNVAng">7661.65066666667</dst>
            <dst id="STTLng">29840.2026666667</dst>
            <dst id="WASHng">107826.709333333</dst>
        </src>
        <src id="NYCMng">
            <dst id="ATLA-M5">1683.23466666667</dst>
            <dst id="ATLAng">53680.1946666667</dst>
            <dst id="CHINng">68464.1893333333</dst>
            <dst id="DNVRng">38499.6666666667</dst>
            <dst id="HSTNng">16876.8186666667</dst>
            <dst id="IPLSng">57222.4106666667</dst>
            <dst id="KSCYng">18218.0906666667</dst>
            <dst id="LOSAng">73508.064</dst>
            <dst id="NYCMng">166784.973333333</dst>
            <dst id="SNVAng">6703.28533333333</dst>
            <dst id="STTLng">27169.752</dst>
            <dst id="WASHng">162981.282666667</dst>
        </src>
        <src id="SNVAng">
            <dst id="ATLA-M5">0</dst>
            <dst id="ATLAng">53.3333333333333</dst>
            <dst id="CHINng">2488.57333333333</dst>
            <dst id="DNVRng">5348.46666666667</dst>
            <dst id="HSTNng">806.109333333333</dst>
            <dst id="IPLSng">6291.61333333333</dst>
            <dst id="KSCYng">432.469333333333</dst>
            <dst id="LOSAng">53164.76</dst>
            <dst id="NYCMng">558.136</dst>
            <dst id="SNVAng">23821.56</dst>
            <dst id="STTLng">66831.1493333333</dst>
            <dst id="WASHng">1285.87733333333</dst>
        </src>
        <src id="STTLng">
            <dst id="ATLA-M5">310.373333333333</dst>
            <dst id="ATLAng">10797.2213333333</dst>
            <dst id="CHINng">9994.496</dst>
            <dst id="DNVRng">3090.10133333333</dst>
            <dst id="HSTNng">4731.47733333333</dst>
            <dst id="IPLSng">9521.57333333333</dst>
            <dst id="KSCYng">3869.54666666667</dst>
            <dst id="LOSAng">22858.544</dst>
            <dst id="NYCMng">6819.79733333333</dst>
            <dst id="SNVAng">4371.78933333333</dst>
            <dst id="STTLng">4567.69066666667</dst>
            <dst id="WASHng">7941.32266666667</dst>
        </src>
        <src id="WASHng">
            <dst id="ATLA-M5">1532.08266666667</dst>
            <dst id="ATLAng">90372.104</dst>
            <dst id="CHINng">100199.704</dst>
            <dst id="DNVRng">72356.4213333333</dst>
            <dst id="HSTNng">31842.7253333333</dst>
            <dst id="IPLSng">70536.7306666667</dst>
            <dst id="KSCYng">24443.208</dst>
            <dst id="LOSAng">115701.642666667</dst>
            <dst id="NYCMng">150506.298666667</dst>
            <dst id="SNVAng">3907.10933333333</dst>
            <dst id="STTLng">36911.56</dst>
            <dst id="WASHng">308021.04</dst>
        </src>
    </IntraTM>
</TrafficMatrixFile>
