<?xml version="1.0" encoding="ISO-8859-1" standalone="yes"?>
<TrafficMatrixFile xsi:noNamespaceSchemaLocation="http://totem.run.montefiore.ulg.ac.be/Schema/TrafficMatrix-v1_2.xsd" xmlns:xsi="http://www.w3.org/2001/XMLSchema-instance">
    <IntraTM ASID="11537">
        <src id="ATLA-M5">
            <dst id="ATLA-M5">54.1813333333333</dst>
            <dst id="ATLAng">105.344</dst>
            <dst id="CHINng">181.333333333333</dst>
            <dst id="DNVRng">529.888</dst>
            <dst id="HSTNng">177.778666666667</dst>
            <dst id="IPLSng">356.965333333333</dst>
            <dst id="KSCYng">53.3333333333333</dst>
            <dst id="LOSAng">799.394666666667</dst>
            <dst id="NYCMng">53.3333333333333</dst>
            <dst id="SNVAng">60.0266666666667</dst>
            <dst id="STTLng">146.768</dst>
            <dst id="WASHng">429.632</dst>
        </src>
        <src id="ATLAng">
            <dst id="ATLA-M5">385.48</dst>
            <dst id="ATLAng">54185.6933333333</dst>
            <dst id="CHINng">13057.8373333333</dst>
            <dst id="DNVRng">4560.952</dst>
            <dst id="HSTNng">5089.39733333333</dst>
            <dst id="IPLSng">15909.28</dst>
            <dst id="KSCYng">3566.2</dst>
            <dst id="LOSAng">16995.9893333333</dst>
            <dst id="NYCMng">4102.64266666667</dst>
            <dst id="SNVAng">1078.048</dst>
            <dst id="STTLng">7211.94666666667</dst>
            <dst id="WASHng">28553.7146666667</dst>
        </src>
        <src id="CHINng">
            <dst id="ATLA-M5">1700.616</dst>
            <dst id="ATLAng">14155.8986666667</dst>
            <dst id="CHINng">116209.064</dst>
            <dst id="DNVRng">23965.6773333333</dst>
            <dst id="HSTNng">45371.5733333333</dst>
            <dst id="IPLSng">41684.4186666667</dst>
            <dst id="KSCYng">9516.51733333333</dst>
            <dst id="LOSAng">69989.8826666667</dst>
            <dst id="NYCMng">18571.0346666667</dst>
            <dst id="SNVAng">3062.528</dst>
            <dst id="STTLng">13319.8826666667</dst>
            <dst id="WASHng">21919.5306666667</dst>
        </src>
        <src id="DNVRng">
            <dst id="ATLA-M5">239.976</dst>
            <dst id="ATLAng">3658.976</dst>
            <dst id="CHINng">76214.5413333333</dst>
            <dst id="DNVRng">14600.2826666667</dst>
            <dst id="HSTNng">15107.072</dst>
            <dst id="IPLSng">30385.744</dst>
            <dst id="KSCYng">8822.31466666667</dst>
            <dst id="LOSAng">2525.89333333333</dst>
            <dst id="NYCMng">13418.5866666667</dst>
            <dst id="SNVAng">6491.22133333333</dst>
            <dst id="STTLng">6075.776</dst>
            <dst id="WASHng">41587.5893333333</dst>
        </src>
        <src id="HSTNng">
            <dst id="ATLA-M5">3078.49066666667</dst>
            <dst id="ATLAng">1541.97866666667</dst>
            <dst id="CHINng">18642.7893333333</dst>
            <dst id="DNVRng">2214.81866666667</dst>
            <dst id="HSTNng">5143.50133333333</dst>
            <dst id="IPLSng">3777.328</dst>
            <dst id="KSCYng">1980.832</dst>
            <dst id="LOSAng">4666.40533333333</dst>
            <dst id="NYCMng">2357.89066666667</dst>
            <dst id="SNVAng">1631.68266666667</dst>
            <dst id="STTLng">4027.648</dst>
            <dst id="WASHng">4708.912</dst>
        </src>
        <src id="IPLSng">
            <dst id="ATLA-M5">1749.712</dst>
            <dst id="ATLAng">49163.2746666667</dst>
            <dst id="CHINng">95453.192</dst>
            <dst id="DNVRng">10149.8826666667</dst>
            <dst id="HSTNng">18756.0666666667</dst>
            <dst id="IPLSng">22543.8453333333</dst>
            <dst id="KSCYng">5466.82666666667</dst>
            <dst id="LOSAng">45073.1226666667</dst>
            <dst id="NYCMng">23915.7733333333</dst>
            <dst id="SNVAng">1039.216</dst>
            <dst id="STTLng">13322.9573333333</dst>
            <dst id="WASHng">71010.992</dst>
        </src>
        <src id="KSCYng">
            <dst id="ATLA-M5">272.464</dst>
            <dst id="ATLAng">2466.50933333333</dst>
            <dst id="CHINng">17961.0213333333</dst>
            <dst id="DNVRng">10796.056</dst>
            <dst id="HSTNng">3103.81333333333</dst>
            <dst id="IPLSng">9860.01866666667</dst>
            <dst id="KSCYng">7000.02933333333</dst>
            <dst id="LOSAng">4924.792</dst>
            <dst id="NYCMng">4506.66933333333</dst>
            <dst id="SNVAng">689.208</dst>
            <dst id="STTLng">1537.32533333333</dst>
            <dst id="WASHng">10065.5866666667</dst>
        </src>
        <src id="LOSAng">
            <dst id="ATLA-M5">1896.352</dst>
            <dst id="ATLAng">29750.3893333333</dst>
            <dst id="CHINng">70661.632</dst>
            <dst id="DNVRng">6248.52</dst>
            <dst id="HSTNng">4199.25066666667</dst>
            <dst id="IPLSng">17080.2266666667</dst>
            <dst id="KSCYng">12304.7893333333</dst>
            <dst id="LOSAng">14407.32</dst>
            <dst id="NYCMng">51123.5226666667</dst>
            <dst id="SNVAng">7844.52533333333</dst>
            <dst id="STTLng">21448.9786666667</dst>
            <dst id="WASHng">73288.6053333333</dst>
        </src>
        <src id="NYCMng">
            <dst id="ATLA-M5">1315.79466666667</dst>
            <dst id="ATLAng">15403.7786666667</dst>
            <dst id="CHINng">43390.2666666667</dst>
            <dst id="DNVRng">29320.3626666667</dst>
            <dst id="HSTNng">13680.832</dst>
            <dst id="IPLSng">30842.84</dst>
            <dst id="KSCYng">11038.9866666667</dst>
            <dst id="LOSAng">74884.792</dst>
            <dst id="NYCMng">116082.749333333</dst>
            <dst id="SNVAng">7242.14933333333</dst>
            <dst id="STTLng">25270.5466666667</dst>
            <dst id="WASHng">81806.376</dst>
        </src>
        <src id="SNVAng">
            <dst id="ATLA-M5">207.749333333333</dst>
            <dst id="ATLAng">72.1413333333333</dst>
            <dst id="CHINng">1370.128</dst>
            <dst id="DNVRng">1578.42666666667</dst>
            <dst id="HSTNng">174.629333333333</dst>
            <dst id="IPLSng">474.968</dst>
            <dst id="KSCYng">3519.12</dst>
            <dst id="LOSAng">28036.1733333333</dst>
            <dst id="NYCMng">404.32</dst>
            <dst id="SNVAng">13385.7493333333</dst>
            <dst id="STTLng">50535.2186666667</dst>
            <dst id="WASHng">270.906666666667</dst>
        </src>
        <src id="STTLng">
            <dst id="ATLA-M5">375.76</dst>
            <dst id="ATLAng">5705.58133333333</dst>
            <dst id="CHINng">11343.704</dst>
            <dst id="DNVRng">3515.38133333333</dst>
            <dst id="HSTNng">5433.53066666667</dst>
            <dst id="IPLSng">4664.976</dst>
            <dst id="KSCYng">2387.76533333333</dst>
            <dst id="LOSAng">18531.2053333333</dst>
            <dst id="NYCMng">6290.81333333333</dst>
            <dst id="SNVAng">4177.02933333333</dst>
            <dst id="STTLng">1919.91466666667</dst>
            <dst id="WASHng">9185.64533333333</dst>
        </src>
        <src id="WASHng">
            <dst id="ATLA-M5">773.474666666667</dst>
            <dst id="ATLAng">60694.2693333333</dst>
            <dst id="CHINng">69036.6133333333</dst>
            <dst id="DNVRng">53201.768</dst>
            <dst id="HSTNng">17979.0826666667</dst>
            <dst id="IPLSng">62157.816</dst>
            <dst id="KSCYng">14180.5093333333</dst>
            <dst id="LOSAng">96540.2346666667</dst>
            <dst id="NYCMng">159857.730666667</dst>
            <dst id="SNVAng">5028.13333333333</dst>
            <dst id="STTLng">37028.7226666667</dst>
            <dst id="WASHng">205839.602666667</dst>
        </src>
    </IntraTM>
</TrafficMatrixFile>
