<?xml version="1.0" encoding="ISO-8859-1" standalone="yes"?>
<TrafficMatrixFile xsi:noNamespaceSchemaLocation="http://totem.run.montefiore.ulg.ac.be/Schema/TrafficMatrix-v1_2.xsd" xmlns:xsi="http://www.w3.org/2001/XMLSchema-instance">
    <IntraTM ASID="11537">
        <src id="ATLA-M5">
            <dst id="ATLA-M5">522.277333333333</dst>
            <dst id="ATLAng">172.501333333333</dst>
            <dst id="CHINng">1321.16266666667</dst>
            <dst id="DNVRng">26.6666666666667</dst>
            <dst id="HSTNng">382.272</dst>
            <dst id="IPLSng">521.093333333333</dst>
            <dst id="KSCYng">106.666666666667</dst>
            <dst id="LOSAng">496.522666666667</dst>
            <dst id="NYCMng">132.746666666667</dst>
            <dst id="SNVAng">0</dst>
            <dst id="STTLng">351.125333333333</dst>
            <dst id="WASHng">791.306666666667</dst>
        </src>
        <src id="ATLAng">
            <dst id="ATLA-M5">200.578666666667</dst>
            <dst id="ATLAng">34314.1226666667</dst>
            <dst id="CHINng">20254.3813333333</dst>
            <dst id="DNVRng">5494.864</dst>
            <dst id="HSTNng">4310.10933333333</dst>
            <dst id="IPLSng">21338.0426666667</dst>
            <dst id="KSCYng">2397.576</dst>
            <dst id="LOSAng">19893.5013333333</dst>
            <dst id="NYCMng">8871.09333333333</dst>
            <dst id="SNVAng">798.754666666667</dst>
            <dst id="STTLng">6329.54666666667</dst>
            <dst id="WASHng">41994.6533333333</dst>
        </src>
        <src id="CHINng">
            <dst id="ATLA-M5">1404.39466666667</dst>
            <dst id="ATLAng">28380.896</dst>
            <dst id="CHINng">119429.082666667</dst>
            <dst id="DNVRng">16804.128</dst>
            <dst id="HSTNng">49636.7866666667</dst>
            <dst id="IPLSng">70284.2506666667</dst>
            <dst id="KSCYng">16406.8986666667</dst>
            <dst id="LOSAng">2028963.57333333</dst>
            <dst id="NYCMng">31629.4186666667</dst>
            <dst id="SNVAng">2771.04266666667</dst>
            <dst id="STTLng">9805.02133333333</dst>
            <dst id="WASHng">31558.2853333333</dst>
        </src>
        <src id="DNVRng">
            <dst id="ATLA-M5">1153.53866666667</dst>
            <dst id="ATLAng">7731.09333333333</dst>
            <dst id="CHINng">61265.6133333333</dst>
            <dst id="DNVRng">16249.5386666667</dst>
            <dst id="HSTNng">17278.6693333333</dst>
            <dst id="IPLSng">33974.592</dst>
            <dst id="KSCYng">19568.5386666667</dst>
            <dst id="LOSAng">35375.8933333333</dst>
            <dst id="NYCMng">23540.6373333333</dst>
            <dst id="SNVAng">10585.5786666667</dst>
            <dst id="STTLng">15394.2666666667</dst>
            <dst id="WASHng">46137.28</dst>
        </src>
        <src id="HSTNng">
            <dst id="ATLA-M5">4338.59466666667</dst>
            <dst id="ATLAng">5117.55466666667</dst>
            <dst id="CHINng">16933.8826666667</dst>
            <dst id="DNVRng">5131.06933333333</dst>
            <dst id="HSTNng">9534.37333333333</dst>
            <dst id="IPLSng">6939.18666666667</dst>
            <dst id="KSCYng">4061.84533333333</dst>
            <dst id="LOSAng">5581.464</dst>
            <dst id="NYCMng">10120.344</dst>
            <dst id="SNVAng">820.130666666667</dst>
            <dst id="STTLng">1566.824</dst>
            <dst id="WASHng">6615.70666666667</dst>
        </src>
        <src id="IPLSng">
            <dst id="ATLA-M5">881.130666666666</dst>
            <dst id="ATLAng">20891.44</dst>
            <dst id="CHINng">135332.92</dst>
            <dst id="DNVRng">16407.92</dst>
            <dst id="HSTNng">6224.69066666667</dst>
            <dst id="IPLSng">29422.3813333333</dst>
            <dst id="KSCYng">8226.312</dst>
            <dst id="LOSAng">36232.3893333333</dst>
            <dst id="NYCMng">69887.9093333333</dst>
            <dst id="SNVAng">2197.248</dst>
            <dst id="STTLng">15428.5306666667</dst>
            <dst id="WASHng">41792.1946666667</dst>
        </src>
        <src id="KSCYng">
            <dst id="ATLA-M5">225.176</dst>
            <dst id="ATLAng">2398.15466666667</dst>
            <dst id="CHINng">29608.272</dst>
            <dst id="DNVRng">9653.136</dst>
            <dst id="HSTNng">4778.46933333333</dst>
            <dst id="IPLSng">13815.8906666667</dst>
            <dst id="KSCYng">9675.05333333333</dst>
            <dst id="LOSAng">14909.8533333333</dst>
            <dst id="NYCMng">8292.41066666667</dst>
            <dst id="SNVAng">548.178666666667</dst>
            <dst id="STTLng">1093.912</dst>
            <dst id="WASHng">15709.5706666667</dst>
        </src>
        <src id="LOSAng">
            <dst id="ATLA-M5">3346.38133333333</dst>
            <dst id="ATLAng">19124.0293333333</dst>
            <dst id="CHINng">1086781.17333333</dst>
            <dst id="DNVRng">14416.456</dst>
            <dst id="HSTNng">19742.808</dst>
            <dst id="IPLSng">48737.8613333333</dst>
            <dst id="KSCYng">14245.1093333333</dst>
            <dst id="LOSAng">7902.776</dst>
            <dst id="NYCMng">74340.5386666667</dst>
            <dst id="SNVAng">12714.08</dst>
            <dst id="STTLng">25558.9706666667</dst>
            <dst id="WASHng">137001.802666667</dst>
        </src>
        <src id="NYCMng">
            <dst id="ATLA-M5">2466.77066666667</dst>
            <dst id="ATLAng">31074.92</dst>
            <dst id="CHINng">53997.52</dst>
            <dst id="DNVRng">40924.552</dst>
            <dst id="HSTNng">19165.8533333333</dst>
            <dst id="IPLSng">66507.1226666667</dst>
            <dst id="KSCYng">24440.1493333333</dst>
            <dst id="LOSAng">59658.92</dst>
            <dst id="NYCMng">221746.098666667</dst>
            <dst id="SNVAng">10461.2186666667</dst>
            <dst id="STTLng">20188.368</dst>
            <dst id="WASHng">155250.973333333</dst>
        </src>
        <src id="SNVAng">
            <dst id="ATLA-M5">121.368</dst>
            <dst id="ATLAng">347.082666666667</dst>
            <dst id="CHINng">2534.29866666667</dst>
            <dst id="DNVRng">13551.648</dst>
            <dst id="HSTNng">387.48</dst>
            <dst id="IPLSng">4815.77066666667</dst>
            <dst id="KSCYng">607.021333333333</dst>
            <dst id="LOSAng">30769.4773333333</dst>
            <dst id="NYCMng">734.034666666666</dst>
            <dst id="SNVAng">13033.8026666667</dst>
            <dst id="STTLng">50189.9333333333</dst>
            <dst id="WASHng">605.437333333333</dst>
        </src>
        <src id="STTLng">
            <dst id="ATLA-M5">92.1813333333333</dst>
            <dst id="ATLAng">11195.3946666667</dst>
            <dst id="CHINng">23443.1066666667</dst>
            <dst id="DNVRng">9010.112</dst>
            <dst id="HSTNng">12180.5466666667</dst>
            <dst id="IPLSng">10914.0933333333</dst>
            <dst id="KSCYng">5392.72533333333</dst>
            <dst id="LOSAng">20588.4933333333</dst>
            <dst id="NYCMng">10538.6853333333</dst>
            <dst id="SNVAng">5047.09866666667</dst>
            <dst id="STTLng">6928.896</dst>
            <dst id="WASHng">10156.8746666667</dst>
        </src>
        <src id="WASHng">
            <dst id="ATLA-M5">1529.05866666667</dst>
            <dst id="ATLAng">214007.490666667</dst>
            <dst id="CHINng">80781.92</dst>
            <dst id="DNVRng">62186.592</dst>
            <dst id="HSTNng">23067.8933333333</dst>
            <dst id="IPLSng">56012.5093333333</dst>
            <dst id="KSCYng">23406.544</dst>
            <dst id="LOSAng">112076.952</dst>
            <dst id="NYCMng">164821.773333333</dst>
            <dst id="SNVAng">3675.53866666667</dst>
            <dst id="STTLng">39088.5626666667</dst>
            <dst id="WASHng">335751.546666667</dst>
        </src>
    </IntraTM>
</TrafficMatrixFile>
