<?xml version="1.0" encoding="ISO-8859-1" standalone="yes"?>
<TrafficMatrixFile xsi:noNamespaceSchemaLocation="http://totem.run.montefiore.ulg.ac.be/Schema/TrafficMatrix-v1_2.xsd" xmlns:xsi="http://www.w3.org/2001/XMLSchema-instance">
    <IntraTM ASID="11537">
        <src id="ATLA-M5">
            <dst id="ATLA-M5">53.3333333333333</dst>
            <dst id="ATLAng">141.048</dst>
            <dst id="CHINng">546.442666666667</dst>
            <dst id="DNVRng">71.712</dst>
            <dst id="HSTNng">80</dst>
            <dst id="IPLSng">4006.152</dst>
            <dst id="KSCYng">1099.904</dst>
            <dst id="LOSAng">640.829333333333</dst>
            <dst id="NYCMng">371.016</dst>
            <dst id="SNVAng">409.344</dst>
            <dst id="STTLng">140.234666666667</dst>
            <dst id="WASHng">1208.36533333333</dst>
        </src>
        <src id="ATLAng">
            <dst id="ATLA-M5">499.570666666667</dst>
            <dst id="ATLAng">29421.376</dst>
            <dst id="CHINng">23831.2933333333</dst>
            <dst id="DNVRng">3303.80266666667</dst>
            <dst id="HSTNng">2959.06666666667</dst>
            <dst id="IPLSng">23352.648</dst>
            <dst id="KSCYng">11143.208</dst>
            <dst id="LOSAng">23583.4053333333</dst>
            <dst id="NYCMng">15174.2266666667</dst>
            <dst id="SNVAng">977.536</dst>
            <dst id="STTLng">5134.94933333333</dst>
            <dst id="WASHng">33714.7893333333</dst>
        </src>
        <src id="CHINng">
            <dst id="ATLA-M5">1526.416</dst>
            <dst id="ATLAng">34418.5226666667</dst>
            <dst id="CHINng">88393.0373333333</dst>
            <dst id="DNVRng">21257.904</dst>
            <dst id="HSTNng">55425.536</dst>
            <dst id="IPLSng">55289.088</dst>
            <dst id="KSCYng">16232.4133333333</dst>
            <dst id="LOSAng">87963.8853333333</dst>
            <dst id="NYCMng">21917.5333333333</dst>
            <dst id="SNVAng">7578.01866666667</dst>
            <dst id="STTLng">15347.6293333333</dst>
            <dst id="WASHng">36915.416</dst>
        </src>
        <src id="DNVRng">
            <dst id="ATLA-M5">261.88</dst>
            <dst id="ATLAng">3933.38933333333</dst>
            <dst id="CHINng">67055.136</dst>
            <dst id="DNVRng">14324.3573333333</dst>
            <dst id="HSTNng">17101.032</dst>
            <dst id="IPLSng">27133.7786666667</dst>
            <dst id="KSCYng">23122.056</dst>
            <dst id="LOSAng">8083.784</dst>
            <dst id="NYCMng">17500.8213333333</dst>
            <dst id="SNVAng">15588.48</dst>
            <dst id="STTLng">13684.2906666667</dst>
            <dst id="WASHng">63385.456</dst>
        </src>
        <src id="HSTNng">
            <dst id="ATLA-M5">434.242666666667</dst>
            <dst id="ATLAng">3824.74133333333</dst>
            <dst id="CHINng">19835.368</dst>
            <dst id="DNVRng">5067.4</dst>
            <dst id="HSTNng">7382.424</dst>
            <dst id="IPLSng">4125.51733333333</dst>
            <dst id="KSCYng">4406.336</dst>
            <dst id="LOSAng">32022.2053333333</dst>
            <dst id="NYCMng">5715.24266666667</dst>
            <dst id="SNVAng">1913.848</dst>
            <dst id="STTLng">2637.68266666667</dst>
            <dst id="WASHng">7469.77866666667</dst>
        </src>
        <src id="IPLSng">
            <dst id="ATLA-M5">1992.112</dst>
            <dst id="ATLAng">30774.8426666667</dst>
            <dst id="CHINng">102937.432</dst>
            <dst id="DNVRng">9479.688</dst>
            <dst id="HSTNng">6982.85333333333</dst>
            <dst id="IPLSng">19024.44</dst>
            <dst id="KSCYng">8501.296</dst>
            <dst id="LOSAng">41532.1706666667</dst>
            <dst id="NYCMng">68532.0213333334</dst>
            <dst id="SNVAng">3053.904</dst>
            <dst id="STTLng">9909.92266666667</dst>
            <dst id="WASHng">39550.1253333333</dst>
        </src>
        <src id="KSCYng">
            <dst id="ATLA-M5">725.597333333333</dst>
            <dst id="ATLAng">3640.23733333333</dst>
            <dst id="CHINng">25538.9386666667</dst>
            <dst id="DNVRng">21915.5786666667</dst>
            <dst id="HSTNng">5443.66133333333</dst>
            <dst id="IPLSng">16945.9866666667</dst>
            <dst id="KSCYng">13349.8666666667</dst>
            <dst id="LOSAng">6323.30666666667</dst>
            <dst id="NYCMng">5477.02933333333</dst>
            <dst id="SNVAng">1699.704</dst>
            <dst id="STTLng">2614.21866666667</dst>
            <dst id="WASHng">20514.728</dst>
        </src>
        <src id="LOSAng">
            <dst id="ATLA-M5">1268.12</dst>
            <dst id="ATLAng">21089.832</dst>
            <dst id="CHINng">92263.1226666667</dst>
            <dst id="DNVRng">18867.736</dst>
            <dst id="HSTNng">10794.0213333333</dst>
            <dst id="IPLSng">52606.7946666667</dst>
            <dst id="KSCYng">12021</dst>
            <dst id="LOSAng">12783.4213333333</dst>
            <dst id="NYCMng">74836.9093333333</dst>
            <dst id="SNVAng">12938.8213333333</dst>
            <dst id="STTLng">29935.096</dst>
            <dst id="WASHng">97642.2</dst>
        </src>
        <src id="NYCMng">
            <dst id="ATLA-M5">2537.96266666667</dst>
            <dst id="ATLAng">32055.936</dst>
            <dst id="CHINng">70392.928</dst>
            <dst id="DNVRng">38274.9013333333</dst>
            <dst id="HSTNng">23067.728</dst>
            <dst id="IPLSng">76621.2293333333</dst>
            <dst id="KSCYng">19732.16</dst>
            <dst id="LOSAng">86817.1013333333</dst>
            <dst id="NYCMng">176210.034666667</dst>
            <dst id="SNVAng">3417.02933333333</dst>
            <dst id="STTLng">26664.184</dst>
            <dst id="WASHng">121733.098666667</dst>
        </src>
        <src id="SNVAng">
            <dst id="ATLA-M5">0</dst>
            <dst id="ATLAng">244.709333333333</dst>
            <dst id="CHINng">1174.024</dst>
            <dst id="DNVRng">10731.9333333333</dst>
            <dst id="HSTNng">306.84</dst>
            <dst id="IPLSng">1258.05866666667</dst>
            <dst id="KSCYng">257.192</dst>
            <dst id="LOSAng">54462.3573333333</dst>
            <dst id="NYCMng">421.229333333333</dst>
            <dst id="SNVAng">19957.752</dst>
            <dst id="STTLng">66903.52</dst>
            <dst id="WASHng">1722.384</dst>
        </src>
        <src id="STTLng">
            <dst id="ATLA-M5">205.930666666667</dst>
            <dst id="ATLAng">9236.848</dst>
            <dst id="CHINng">15663.3573333333</dst>
            <dst id="DNVRng">3784.84533333333</dst>
            <dst id="HSTNng">8243.6</dst>
            <dst id="IPLSng">9400.12266666667</dst>
            <dst id="KSCYng">4350.672</dst>
            <dst id="LOSAng">25090.7386666667</dst>
            <dst id="NYCMng">6189.464</dst>
            <dst id="SNVAng">4877.4</dst>
            <dst id="STTLng">7920.11733333333</dst>
            <dst id="WASHng">11431.5466666667</dst>
        </src>
        <src id="WASHng">
            <dst id="ATLA-M5">1424.47733333333</dst>
            <dst id="ATLAng">130977.042666667</dst>
            <dst id="CHINng">91790.8026666667</dst>
            <dst id="DNVRng">66217.6213333333</dst>
            <dst id="HSTNng">26173.112</dst>
            <dst id="IPLSng">50829.1706666667</dst>
            <dst id="KSCYng">22414.6373333333</dst>
            <dst id="LOSAng">134932.266666667</dst>
            <dst id="NYCMng">177939.890666667</dst>
            <dst id="SNVAng">3553.304</dst>
            <dst id="STTLng">34099.784</dst>
            <dst id="WASHng">232258.466666667</dst>
        </src>
    </IntraTM>
</TrafficMatrixFile>
