<?xml version="1.0" encoding="ISO-8859-1" standalone="yes"?>
<TrafficMatrixFile xsi:noNamespaceSchemaLocation="http://totem.run.montefiore.ulg.ac.be/Schema/TrafficMatrix-v1_2.xsd" xmlns:xsi="http://www.w3.org/2001/XMLSchema-instance">
    <IntraTM ASID="11537">
        <src id="ATLA-M5">
            <dst id="ATLA-M5">69.144</dst>
            <dst id="ATLAng">26.6666666666667</dst>
            <dst id="CHINng">430.08</dst>
            <dst id="DNVRng">53.3333333333333</dst>
            <dst id="HSTNng">184.904</dst>
            <dst id="IPLSng">993.853333333333</dst>
            <dst id="KSCYng">80</dst>
            <dst id="LOSAng">315.810666666667</dst>
            <dst id="NYCMng">80</dst>
            <dst id="SNVAng">50.4293333333333</dst>
            <dst id="STTLng">53.3333333333333</dst>
            <dst id="WASHng">358.256</dst>
        </src>
        <src id="ATLAng">
            <dst id="ATLA-M5">148.218666666667</dst>
            <dst id="ATLAng">27502.6453333333</dst>
            <dst id="CHINng">18974.5573333333</dst>
            <dst id="DNVRng">6029.376</dst>
            <dst id="HSTNng">7134.34133333333</dst>
            <dst id="IPLSng">31902.1813333333</dst>
            <dst id="KSCYng">2714.392</dst>
            <dst id="LOSAng">28475.7253333333</dst>
            <dst id="NYCMng">9556.65066666667</dst>
            <dst id="SNVAng">831.213333333333</dst>
            <dst id="STTLng">4734.30666666667</dst>
            <dst id="WASHng">33882.792</dst>
        </src>
        <src id="CHINng">
            <dst id="ATLA-M5">701.949333333333</dst>
            <dst id="ATLAng">33956.6986666667</dst>
            <dst id="CHINng">94775.0373333333</dst>
            <dst id="DNVRng">14861.608</dst>
            <dst id="HSTNng">53163.2933333333</dst>
            <dst id="IPLSng">46717.9466666667</dst>
            <dst id="KSCYng">14088.216</dst>
            <dst id="LOSAng">62571.3493333333</dst>
            <dst id="NYCMng">19606.376</dst>
            <dst id="SNVAng">3700.68533333333</dst>
            <dst id="STTLng">12453.288</dst>
            <dst id="WASHng">36311.3893333333</dst>
        </src>
        <src id="DNVRng">
            <dst id="ATLA-M5">199.032</dst>
            <dst id="ATLAng">6391.87733333333</dst>
            <dst id="CHINng">72716.736</dst>
            <dst id="DNVRng">11090.1253333333</dst>
            <dst id="HSTNng">15727.2293333333</dst>
            <dst id="IPLSng">34212.3973333333</dst>
            <dst id="KSCYng">18801.3413333333</dst>
            <dst id="LOSAng">10018.7306666667</dst>
            <dst id="NYCMng">17514.3973333333</dst>
            <dst id="SNVAng">9156.888</dst>
            <dst id="STTLng">9599.89066666667</dst>
            <dst id="WASHng">46250.8453333333</dst>
        </src>
        <src id="HSTNng">
            <dst id="ATLA-M5">5329.728</dst>
            <dst id="ATLAng">2260.59733333333</dst>
            <dst id="CHINng">18802.384</dst>
            <dst id="DNVRng">3315.17866666667</dst>
            <dst id="HSTNng">7136.77866666667</dst>
            <dst id="IPLSng">6021.672</dst>
            <dst id="KSCYng">2951.23466666667</dst>
            <dst id="LOSAng">6988.44533333333</dst>
            <dst id="NYCMng">3716.86133333333</dst>
            <dst id="SNVAng">2039.328</dst>
            <dst id="STTLng">2487.208</dst>
            <dst id="WASHng">7716.21333333333</dst>
        </src>
        <src id="IPLSng">
            <dst id="ATLA-M5">357.205333333333</dst>
            <dst id="ATLAng">36689.7093333333</dst>
            <dst id="CHINng">93035.3333333333</dst>
            <dst id="DNVRng">25324.064</dst>
            <dst id="HSTNng">9235.67466666667</dst>
            <dst id="IPLSng">25130.808</dst>
            <dst id="KSCYng">14597.288</dst>
            <dst id="LOSAng">42686.1733333333</dst>
            <dst id="NYCMng">53748.416</dst>
            <dst id="SNVAng">1151.37333333333</dst>
            <dst id="STTLng">9208.95733333333</dst>
            <dst id="WASHng">41692.968</dst>
        </src>
        <src id="KSCYng">
            <dst id="ATLA-M5">80</dst>
            <dst id="ATLAng">2141.53866666667</dst>
            <dst id="CHINng">26765.928</dst>
            <dst id="DNVRng">15668.2266666667</dst>
            <dst id="HSTNng">3876.112</dst>
            <dst id="IPLSng">12764.648</dst>
            <dst id="KSCYng">11572.328</dst>
            <dst id="LOSAng">6056.24266666667</dst>
            <dst id="NYCMng">5315.11733333333</dst>
            <dst id="SNVAng">1265.67466666667</dst>
            <dst id="STTLng">2875.95466666667</dst>
            <dst id="WASHng">17104.2</dst>
        </src>
        <src id="LOSAng">
            <dst id="ATLA-M5">1293.15466666667</dst>
            <dst id="ATLAng">19463.3013333333</dst>
            <dst id="CHINng">97957.1466666667</dst>
            <dst id="DNVRng">23852.4426666667</dst>
            <dst id="HSTNng">6414.448</dst>
            <dst id="IPLSng">44831.888</dst>
            <dst id="KSCYng">9128.97866666667</dst>
            <dst id="LOSAng">18953.7706666667</dst>
            <dst id="NYCMng">64902.3333333333</dst>
            <dst id="SNVAng">4587.67733333333</dst>
            <dst id="STTLng">28928.992</dst>
            <dst id="WASHng">99169.3493333334</dst>
        </src>
        <src id="NYCMng">
            <dst id="ATLA-M5">629.042666666667</dst>
            <dst id="ATLAng">39914.9493333333</dst>
            <dst id="CHINng">52866.68</dst>
            <dst id="DNVRng">42932.6746666667</dst>
            <dst id="HSTNng">13293.2826666667</dst>
            <dst id="IPLSng">51935.1386666667</dst>
            <dst id="KSCYng">17672.7013333333</dst>
            <dst id="LOSAng">77670.784</dst>
            <dst id="NYCMng">164523.184</dst>
            <dst id="SNVAng">5875.89066666667</dst>
            <dst id="STTLng">25471.1546666667</dst>
            <dst id="WASHng">154066.517333333</dst>
        </src>
        <src id="SNVAng">
            <dst id="ATLA-M5">0</dst>
            <dst id="ATLAng">136.277333333333</dst>
            <dst id="CHINng">3450.336</dst>
            <dst id="DNVRng">4816.54133333333</dst>
            <dst id="HSTNng">490.717333333333</dst>
            <dst id="IPLSng">486.485333333333</dst>
            <dst id="KSCYng">532.224</dst>
            <dst id="LOSAng">54639.6186666667</dst>
            <dst id="NYCMng">393.904</dst>
            <dst id="SNVAng">15685.424</dst>
            <dst id="STTLng">52889.2773333333</dst>
            <dst id="WASHng">767.064</dst>
        </src>
        <src id="STTLng">
            <dst id="ATLA-M5">107.229333333333</dst>
            <dst id="ATLAng">9531.18933333333</dst>
            <dst id="CHINng">16582.9386666667</dst>
            <dst id="DNVRng">1434.14933333333</dst>
            <dst id="HSTNng">7408.58133333333</dst>
            <dst id="IPLSng">12260.8106666667</dst>
            <dst id="KSCYng">3912.81333333333</dst>
            <dst id="LOSAng">18052.3333333333</dst>
            <dst id="NYCMng">6083.82933333333</dst>
            <dst id="SNVAng">4441.664</dst>
            <dst id="STTLng">4363.424</dst>
            <dst id="WASHng">5894.712</dst>
        </src>
        <src id="WASHng">
            <dst id="ATLA-M5">1044.63733333333</dst>
            <dst id="ATLAng">106042.098666667</dst>
            <dst id="CHINng">79744.2373333333</dst>
            <dst id="DNVRng">55675.7493333333</dst>
            <dst id="HSTNng">36622.2666666667</dst>
            <dst id="IPLSng">61454.1226666667</dst>
            <dst id="KSCYng">23654.576</dst>
            <dst id="LOSAng">102766.298666667</dst>
            <dst id="NYCMng">139736.181333333</dst>
            <dst id="SNVAng">7750.10666666667</dst>
            <dst id="STTLng">29178.7413333333</dst>
            <dst id="WASHng">511100.693333333</dst>
        </src>
    </IntraTM>
</TrafficMatrixFile>
