<?xml version="1.0" encoding="ISO-8859-1" standalone="yes"?>
<TrafficMatrixFile xsi:noNamespaceSchemaLocation="http://totem.run.montefiore.ulg.ac.be/Schema/TrafficMatrix-v1_2.xsd" xmlns:xsi="http://www.w3.org/2001/XMLSchema-instance">
    <IntraTM ASID="11537">
        <src id="ATLA-M5">
            <dst id="ATLA-M5">62.432</dst>
            <dst id="ATLAng">317.568</dst>
            <dst id="CHINng">538.613333333333</dst>
            <dst id="DNVRng">0</dst>
            <dst id="HSTNng">243.493333333333</dst>
            <dst id="IPLSng">412.706666666667</dst>
            <dst id="KSCYng">0</dst>
            <dst id="LOSAng">341.781333333333</dst>
            <dst id="NYCMng">80</dst>
            <dst id="SNVAng">28.2986666666667</dst>
            <dst id="STTLng">80</dst>
            <dst id="WASHng">284.933333333333</dst>
        </src>
        <src id="ATLAng">
            <dst id="ATLA-M5">683.629333333334</dst>
            <dst id="ATLAng">28153.92</dst>
            <dst id="CHINng">15393.6133333333</dst>
            <dst id="DNVRng">4414.552</dst>
            <dst id="HSTNng">5707.45333333333</dst>
            <dst id="IPLSng">16506.432</dst>
            <dst id="KSCYng">2810.66133333333</dst>
            <dst id="LOSAng">18742.7573333333</dst>
            <dst id="NYCMng">5756.36</dst>
            <dst id="SNVAng">953.896</dst>
            <dst id="STTLng">4326.02933333333</dst>
            <dst id="WASHng">30507.6266666667</dst>
        </src>
        <src id="CHINng">
            <dst id="ATLA-M5">1003.75466666667</dst>
            <dst id="ATLAng">14340.3013333333</dst>
            <dst id="CHINng">105137.229333333</dst>
            <dst id="DNVRng">23002.1813333333</dst>
            <dst id="HSTNng">48900.1066666667</dst>
            <dst id="IPLSng">43819.7893333333</dst>
            <dst id="KSCYng">11845.3653333333</dst>
            <dst id="LOSAng">2045168.02666667</dst>
            <dst id="NYCMng">18341.376</dst>
            <dst id="SNVAng">3395.96533333333</dst>
            <dst id="STTLng">14754.976</dst>
            <dst id="WASHng">25637.5893333333</dst>
        </src>
        <src id="DNVRng">
            <dst id="ATLA-M5">355.061333333333</dst>
            <dst id="ATLAng">2875.392</dst>
            <dst id="CHINng">80037.68</dst>
            <dst id="DNVRng">24495.224</dst>
            <dst id="HSTNng">14205.9306666667</dst>
            <dst id="IPLSng">25368.352</dst>
            <dst id="KSCYng">18666.928</dst>
            <dst id="LOSAng">9031.256</dst>
            <dst id="NYCMng">15550.344</dst>
            <dst id="SNVAng">5822.37066666667</dst>
            <dst id="STTLng">11722.6293333333</dst>
            <dst id="WASHng">45039.4826666667</dst>
        </src>
        <src id="HSTNng">
            <dst id="ATLA-M5">3879.392</dst>
            <dst id="ATLAng">1525.58933333333</dst>
            <dst id="CHINng">15166.2293333333</dst>
            <dst id="DNVRng">1278.536</dst>
            <dst id="HSTNng">4335.66933333333</dst>
            <dst id="IPLSng">3768.94666666667</dst>
            <dst id="KSCYng">2014.832</dst>
            <dst id="LOSAng">5474.992</dst>
            <dst id="NYCMng">2824.39466666667</dst>
            <dst id="SNVAng">1940.86933333333</dst>
            <dst id="STTLng">1862.55733333333</dst>
            <dst id="WASHng">6129.11466666667</dst>
        </src>
        <src id="IPLSng">
            <dst id="ATLA-M5">890.432</dst>
            <dst id="ATLAng">55927.6666666667</dst>
            <dst id="CHINng">92850.408</dst>
            <dst id="DNVRng">19310.4506666667</dst>
            <dst id="HSTNng">6234.94133333333</dst>
            <dst id="IPLSng">11451.9786666667</dst>
            <dst id="KSCYng">6606.06666666667</dst>
            <dst id="LOSAng">54122.1253333333</dst>
            <dst id="NYCMng">31377.3146666667</dst>
            <dst id="SNVAng">3132.76533333333</dst>
            <dst id="STTLng">10462.9173333333</dst>
            <dst id="WASHng">42802.0533333333</dst>
        </src>
        <src id="KSCYng">
            <dst id="ATLA-M5">521.669333333333</dst>
            <dst id="ATLAng">2435.808</dst>
            <dst id="CHINng">25749.976</dst>
            <dst id="DNVRng">8764.33866666667</dst>
            <dst id="HSTNng">3616.976</dst>
            <dst id="IPLSng">11440.1973333333</dst>
            <dst id="KSCYng">8491.192</dst>
            <dst id="LOSAng">5061.60266666667</dst>
            <dst id="NYCMng">3272.48266666667</dst>
            <dst id="SNVAng">263.576</dst>
            <dst id="STTLng">1865.48533333333</dst>
            <dst id="WASHng">16345.12</dst>
        </src>
        <src id="LOSAng">
            <dst id="ATLA-M5">2121.712</dst>
            <dst id="ATLAng">26884.8026666667</dst>
            <dst id="CHINng">1067162.29333333</dst>
            <dst id="DNVRng">8119.368</dst>
            <dst id="HSTNng">6041.86933333333</dst>
            <dst id="IPLSng">17817.4106666667</dst>
            <dst id="KSCYng">8703.82933333333</dst>
            <dst id="LOSAng">16520.7493333333</dst>
            <dst id="NYCMng">57292.4933333333</dst>
            <dst id="SNVAng">3438.73066666667</dst>
            <dst id="STTLng">21343.8906666667</dst>
            <dst id="WASHng">74694.192</dst>
        </src>
        <src id="NYCMng">
            <dst id="ATLA-M5">1577.84</dst>
            <dst id="ATLAng">13842.6666666667</dst>
            <dst id="CHINng">67941.7173333333</dst>
            <dst id="DNVRng">26208.536</dst>
            <dst id="HSTNng">8946.54133333333</dst>
            <dst id="IPLSng">46272.056</dst>
            <dst id="KSCYng">12882.904</dst>
            <dst id="LOSAng">70599.904</dst>
            <dst id="NYCMng">111627.253333333</dst>
            <dst id="SNVAng">5700.53066666667</dst>
            <dst id="STTLng">23975.016</dst>
            <dst id="WASHng">93720.8106666666</dst>
        </src>
        <src id="SNVAng">
            <dst id="ATLA-M5">26.6666666666667</dst>
            <dst id="ATLAng">26.6666666666667</dst>
            <dst id="CHINng">2115.83733333333</dst>
            <dst id="DNVRng">1543.52266666667</dst>
            <dst id="HSTNng">307.456</dst>
            <dst id="IPLSng">942.226666666667</dst>
            <dst id="KSCYng">4633.04533333333</dst>
            <dst id="LOSAng">29879.3866666667</dst>
            <dst id="NYCMng">632.437333333333</dst>
            <dst id="SNVAng">12390.0213333333</dst>
            <dst id="STTLng">51379.4106666667</dst>
            <dst id="WASHng">119.816</dst>
        </src>
        <src id="STTLng">
            <dst id="ATLA-M5">647.072</dst>
            <dst id="ATLAng">7181.04</dst>
            <dst id="CHINng">14373.656</dst>
            <dst id="DNVRng">5437.58666666667</dst>
            <dst id="HSTNng">4618.42933333333</dst>
            <dst id="IPLSng">4858.49866666667</dst>
            <dst id="KSCYng">3524.25066666667</dst>
            <dst id="LOSAng">18098.0666666667</dst>
            <dst id="NYCMng">7133.856</dst>
            <dst id="SNVAng">4278.408</dst>
            <dst id="STTLng">6649.17333333333</dst>
            <dst id="WASHng">7183.30933333333</dst>
        </src>
        <src id="WASHng">
            <dst id="ATLA-M5">1270.41333333333</dst>
            <dst id="ATLAng">72957.5066666667</dst>
            <dst id="CHINng">75775.84</dst>
            <dst id="DNVRng">65357.5146666667</dst>
            <dst id="HSTNng">7890.21066666667</dst>
            <dst id="IPLSng">70921.3173333333</dst>
            <dst id="KSCYng">29048.3146666667</dst>
            <dst id="LOSAng">102069.349333333</dst>
            <dst id="NYCMng">169110.677333333</dst>
            <dst id="SNVAng">10060.472</dst>
            <dst id="STTLng">32579.1653333333</dst>
            <dst id="WASHng">219753.901333333</dst>
        </src>
    </IntraTM>
</TrafficMatrixFile>
