<?xml version="1.0" encoding="ISO-8859-1" standalone="yes"?>
<TrafficMatrixFile xsi:noNamespaceSchemaLocation="http://totem.run.montefiore.ulg.ac.be/Schema/TrafficMatrix-v1_2.xsd" xmlns:xsi="http://www.w3.org/2001/XMLSchema-instance">
    <IntraTM ASID="11537">
        <src id="ATLA-M5">
            <dst id="ATLA-M5">0</dst>
            <dst id="ATLAng">80</dst>
            <dst id="CHINng">387.205333333333</dst>
            <dst id="DNVRng">0</dst>
            <dst id="HSTNng">125.656</dst>
            <dst id="IPLSng">1977.28</dst>
            <dst id="KSCYng">879.861333333333</dst>
            <dst id="LOSAng">534.698666666667</dst>
            <dst id="NYCMng">873.850666666667</dst>
            <dst id="SNVAng">96.584</dst>
            <dst id="STTLng">0</dst>
            <dst id="WASHng">1090.18933333333</dst>
        </src>
        <src id="ATLAng">
            <dst id="ATLA-M5">1233.03733333333</dst>
            <dst id="ATLAng">66340.792</dst>
            <dst id="CHINng">42850.3546666667</dst>
            <dst id="DNVRng">5602.67466666667</dst>
            <dst id="HSTNng">7612.29066666667</dst>
            <dst id="IPLSng">22595.8986666667</dst>
            <dst id="KSCYng">1878.77066666667</dst>
            <dst id="LOSAng">42141.992</dst>
            <dst id="NYCMng">9197.80533333334</dst>
            <dst id="SNVAng">605.717333333333</dst>
            <dst id="STTLng">3780.936</dst>
            <dst id="WASHng">43941.6746666667</dst>
        </src>
        <src id="CHINng">
            <dst id="ATLA-M5">2179.27733333333</dst>
            <dst id="ATLAng">39379.1653333333</dst>
            <dst id="CHINng">94716.224</dst>
            <dst id="DNVRng">19329.5546666667</dst>
            <dst id="HSTNng">59831.592</dst>
            <dst id="IPLSng">52650.664</dst>
            <dst id="KSCYng">13798.9573333333</dst>
            <dst id="LOSAng">2002437.09333333</dst>
            <dst id="NYCMng">23745.472</dst>
            <dst id="SNVAng">2999.38666666667</dst>
            <dst id="STTLng">18765.5306666667</dst>
            <dst id="WASHng">26207.4373333333</dst>
        </src>
        <src id="DNVRng">
            <dst id="ATLA-M5">537.933333333334</dst>
            <dst id="ATLAng">10174.9066666667</dst>
            <dst id="CHINng">58278.9253333333</dst>
            <dst id="DNVRng">9474.91733333333</dst>
            <dst id="HSTNng">16065.1466666667</dst>
            <dst id="IPLSng">29401.8266666667</dst>
            <dst id="KSCYng">15568.7013333333</dst>
            <dst id="LOSAng">26691.6346666667</dst>
            <dst id="NYCMng">18465.5066666667</dst>
            <dst id="SNVAng">7888.98133333333</dst>
            <dst id="STTLng">8393.6</dst>
            <dst id="WASHng">49714.136</dst>
        </src>
        <src id="HSTNng">
            <dst id="ATLA-M5">781.546666666667</dst>
            <dst id="ATLAng">4427.63466666667</dst>
            <dst id="CHINng">23345.4773333333</dst>
            <dst id="DNVRng">3741.4</dst>
            <dst id="HSTNng">6168.536</dst>
            <dst id="IPLSng">6742.88266666667</dst>
            <dst id="KSCYng">3180.72</dst>
            <dst id="LOSAng">5326.048</dst>
            <dst id="NYCMng">4437.30133333333</dst>
            <dst id="SNVAng">1163.64266666667</dst>
            <dst id="STTLng">10418.1626666667</dst>
            <dst id="WASHng">9043.78133333333</dst>
        </src>
        <src id="IPLSng">
            <dst id="ATLA-M5">1306.06933333333</dst>
            <dst id="ATLAng">20517.0853333333</dst>
            <dst id="CHINng">124785.76</dst>
            <dst id="DNVRng">19089.76</dst>
            <dst id="HSTNng">6230.88533333333</dst>
            <dst id="IPLSng">12824.1946666667</dst>
            <dst id="KSCYng">7189.20533333334</dst>
            <dst id="LOSAng">51099.464</dst>
            <dst id="NYCMng">51088.8986666667</dst>
            <dst id="SNVAng">2380.208</dst>
            <dst id="STTLng">15971.224</dst>
            <dst id="WASHng">42941.1173333333</dst>
        </src>
        <src id="KSCYng">
            <dst id="ATLA-M5">572.232</dst>
            <dst id="ATLAng">2043.144</dst>
            <dst id="CHINng">26973.6986666667</dst>
            <dst id="DNVRng">8107.63466666667</dst>
            <dst id="HSTNng">8737.09066666667</dst>
            <dst id="IPLSng">9326.47733333333</dst>
            <dst id="KSCYng">5125.024</dst>
            <dst id="LOSAng">7178.25866666667</dst>
            <dst id="NYCMng">8380.31466666667</dst>
            <dst id="SNVAng">402.984</dst>
            <dst id="STTLng">1152.85866666667</dst>
            <dst id="WASHng">14536.344</dst>
        </src>
        <src id="LOSAng">
            <dst id="ATLA-M5">1261.312</dst>
            <dst id="ATLAng">32812.4186666667</dst>
            <dst id="CHINng">1294723.44</dst>
            <dst id="DNVRng">11732.2266666667</dst>
            <dst id="HSTNng">14809.528</dst>
            <dst id="IPLSng">44428.152</dst>
            <dst id="KSCYng">10470.4026666667</dst>
            <dst id="LOSAng">11631.4426666667</dst>
            <dst id="NYCMng">91157.672</dst>
            <dst id="SNVAng">12883.72</dst>
            <dst id="STTLng">26571.3973333333</dst>
            <dst id="WASHng">125772.101333333</dst>
        </src>
        <src id="NYCMng">
            <dst id="ATLA-M5">660.626666666667</dst>
            <dst id="ATLAng">31049.4026666667</dst>
            <dst id="CHINng">53473.8773333334</dst>
            <dst id="DNVRng">38973.2533333333</dst>
            <dst id="HSTNng">18781.1226666667</dst>
            <dst id="IPLSng">63905.1866666667</dst>
            <dst id="KSCYng">22344.512</dst>
            <dst id="LOSAng">88220.5466666666</dst>
            <dst id="NYCMng">234093.072</dst>
            <dst id="SNVAng">5595.93066666667</dst>
            <dst id="STTLng">15188.3386666667</dst>
            <dst id="WASHng">131065.602666667</dst>
        </src>
        <src id="SNVAng">
            <dst id="ATLA-M5">834.898666666667</dst>
            <dst id="ATLAng">1199.296</dst>
            <dst id="CHINng">1704.84266666667</dst>
            <dst id="DNVRng">6847.38933333334</dst>
            <dst id="HSTNng">1833.672</dst>
            <dst id="IPLSng">1157.8</dst>
            <dst id="KSCYng">457.370666666667</dst>
            <dst id="LOSAng">47403.552</dst>
            <dst id="NYCMng">1181.96533333333</dst>
            <dst id="SNVAng">15747.9173333333</dst>
            <dst id="STTLng">54569.5093333333</dst>
            <dst id="WASHng">182.293333333333</dst>
        </src>
        <src id="STTLng">
            <dst id="ATLA-M5">113.312</dst>
            <dst id="ATLAng">9720.184</dst>
            <dst id="CHINng">19097.6986666667</dst>
            <dst id="DNVRng">5784.77333333333</dst>
            <dst id="HSTNng">11365.9653333333</dst>
            <dst id="IPLSng">8323.74666666667</dst>
            <dst id="KSCYng">5074.57333333333</dst>
            <dst id="LOSAng">26269.12</dst>
            <dst id="NYCMng">7761.45333333333</dst>
            <dst id="SNVAng">5401.952</dst>
            <dst id="STTLng">8795.22133333333</dst>
            <dst id="WASHng">11991.0213333333</dst>
        </src>
        <src id="WASHng">
            <dst id="ATLA-M5">557.613333333333</dst>
            <dst id="ATLAng">255338.541333333</dst>
            <dst id="CHINng">63334.5466666667</dst>
            <dst id="DNVRng">31642.4053333333</dst>
            <dst id="HSTNng">19046.064</dst>
            <dst id="IPLSng">48721.9653333333</dst>
            <dst id="KSCYng">18927.1786666667</dst>
            <dst id="LOSAng">115342.125333333</dst>
            <dst id="NYCMng">144953.845333333</dst>
            <dst id="SNVAng">5367.58666666667</dst>
            <dst id="STTLng">32262.48</dst>
            <dst id="WASHng">199668.741333333</dst>
        </src>
    </IntraTM>
</TrafficMatrixFile>
