<?xml version="1.0" encoding="ISO-8859-1" standalone="yes"?>
<TrafficMatrixFile xsi:noNamespaceSchemaLocation="http://totem.run.montefiore.ulg.ac.be/Schema/TrafficMatrix-v1_2.xsd" xmlns:xsi="http://www.w3.org/2001/XMLSchema-instance">
    <IntraTM ASID="11537">
        <src id="ATLA-M5">
            <dst id="ATLA-M5">1555.144</dst>
            <dst id="ATLAng">85.3333333333333</dst>
            <dst id="CHINng">328.829333333333</dst>
            <dst id="DNVRng">53.3333333333333</dst>
            <dst id="HSTNng">227.536</dst>
            <dst id="IPLSng">265.429333333333</dst>
            <dst id="KSCYng">110.794666666667</dst>
            <dst id="LOSAng">282.688</dst>
            <dst id="NYCMng">134.176</dst>
            <dst id="SNVAng">0</dst>
            <dst id="STTLng">32.432</dst>
            <dst id="WASHng">1445.93066666667</dst>
        </src>
        <src id="ATLAng">
            <dst id="ATLA-M5">56.512</dst>
            <dst id="ATLAng">32858.9253333333</dst>
            <dst id="CHINng">17288.6933333333</dst>
            <dst id="DNVRng">4264.368</dst>
            <dst id="HSTNng">2582.84</dst>
            <dst id="IPLSng">14268.008</dst>
            <dst id="KSCYng">2012.13333333333</dst>
            <dst id="LOSAng">20009.616</dst>
            <dst id="NYCMng">13097.7146666667</dst>
            <dst id="SNVAng">101.56</dst>
            <dst id="STTLng">4654.176</dst>
            <dst id="WASHng">90471.008</dst>
        </src>
        <src id="CHINng">
            <dst id="ATLA-M5">820.109333333333</dst>
            <dst id="ATLAng">18248.1066666667</dst>
            <dst id="CHINng">103263.136</dst>
            <dst id="DNVRng">19195.472</dst>
            <dst id="HSTNng">47274.6906666666</dst>
            <dst id="IPLSng">35914.496</dst>
            <dst id="KSCYng">14446.0026666667</dst>
            <dst id="LOSAng">38163.6426666667</dst>
            <dst id="NYCMng">18576.28</dst>
            <dst id="SNVAng">1159.75733333333</dst>
            <dst id="STTLng">10453.52</dst>
            <dst id="WASHng">26954.3413333333</dst>
        </src>
        <src id="DNVRng">
            <dst id="ATLA-M5">384.010666666667</dst>
            <dst id="ATLAng">5785.93333333333</dst>
            <dst id="CHINng">53940.88</dst>
            <dst id="DNVRng">12129.512</dst>
            <dst id="HSTNng">13179.2266666667</dst>
            <dst id="IPLSng">28824.5786666667</dst>
            <dst id="KSCYng">21664.4666666667</dst>
            <dst id="LOSAng">6895.88</dst>
            <dst id="NYCMng">15984.264</dst>
            <dst id="SNVAng">10287.8986666667</dst>
            <dst id="STTLng">11702.1573333333</dst>
            <dst id="WASHng">46470.152</dst>
        </src>
        <src id="HSTNng">
            <dst id="ATLA-M5">4588.35733333333</dst>
            <dst id="ATLAng">1455.04533333333</dst>
            <dst id="CHINng">19122.104</dst>
            <dst id="DNVRng">2169.86666666667</dst>
            <dst id="HSTNng">5314.008</dst>
            <dst id="IPLSng">1914.56</dst>
            <dst id="KSCYng">2988.16</dst>
            <dst id="LOSAng">4566.848</dst>
            <dst id="NYCMng">5477.72266666667</dst>
            <dst id="SNVAng">123.610666666667</dst>
            <dst id="STTLng">930.317333333333</dst>
            <dst id="WASHng">11977.7253333333</dst>
        </src>
        <src id="IPLSng">
            <dst id="ATLA-M5">248.853333333333</dst>
            <dst id="ATLAng">12908.568</dst>
            <dst id="CHINng">78885.1253333333</dst>
            <dst id="DNVRng">13612.7733333333</dst>
            <dst id="HSTNng">3475.58666666667</dst>
            <dst id="IPLSng">15292.672</dst>
            <dst id="KSCYng">6297.37333333333</dst>
            <dst id="LOSAng">24285.4453333333</dst>
            <dst id="NYCMng">51334.8133333333</dst>
            <dst id="SNVAng">664.178666666667</dst>
            <dst id="STTLng">8945.688</dst>
            <dst id="WASHng">41136.8133333333</dst>
        </src>
        <src id="KSCYng">
            <dst id="ATLA-M5">192.464</dst>
            <dst id="ATLAng">11178.5893333333</dst>
            <dst id="CHINng">27126.5333333333</dst>
            <dst id="DNVRng">17800.7413333333</dst>
            <dst id="HSTNng">3090.6</dst>
            <dst id="IPLSng">9977.72266666667</dst>
            <dst id="KSCYng">8584.488</dst>
            <dst id="LOSAng">5393.664</dst>
            <dst id="NYCMng">6466.50666666667</dst>
            <dst id="SNVAng">1463.41866666667</dst>
            <dst id="STTLng">1760.896</dst>
            <dst id="WASHng">22267.824</dst>
        </src>
        <src id="LOSAng">
            <dst id="ATLA-M5">2909.688</dst>
            <dst id="ATLAng">26758.4826666667</dst>
            <dst id="CHINng">88753.3813333333</dst>
            <dst id="DNVRng">8241.13333333333</dst>
            <dst id="HSTNng">6947.26133333333</dst>
            <dst id="IPLSng">34130.8533333333</dst>
            <dst id="KSCYng">14152.8986666667</dst>
            <dst id="LOSAng">13198.0266666667</dst>
            <dst id="NYCMng">65132.464</dst>
            <dst id="SNVAng">8311.86666666667</dst>
            <dst id="STTLng">16750.8373333333</dst>
            <dst id="WASHng">122147.533333333</dst>
        </src>
        <src id="NYCMng">
            <dst id="ATLA-M5">1246.29066666667</dst>
            <dst id="ATLAng">27650.2373333333</dst>
            <dst id="CHINng">47685.8346666667</dst>
            <dst id="DNVRng">31821.7626666667</dst>
            <dst id="HSTNng">6426.44</dst>
            <dst id="IPLSng">59160.56</dst>
            <dst id="KSCYng">19646.0026666667</dst>
            <dst id="LOSAng">35019.2666666667</dst>
            <dst id="NYCMng">168459.341333333</dst>
            <dst id="SNVAng">1510.04533333333</dst>
            <dst id="STTLng">22551.8933333333</dst>
            <dst id="WASHng">143395.472</dst>
        </src>
        <src id="SNVAng">
            <dst id="ATLA-M5">0</dst>
            <dst id="ATLAng">135.104</dst>
            <dst id="CHINng">502.496</dst>
            <dst id="DNVRng">4184.45866666667</dst>
            <dst id="HSTNng">66.7306666666667</dst>
            <dst id="IPLSng">529.146666666667</dst>
            <dst id="KSCYng">80</dst>
            <dst id="LOSAng">36469.6346666667</dst>
            <dst id="NYCMng">350.472</dst>
            <dst id="SNVAng">15710.0106666667</dst>
            <dst id="STTLng">53773.1866666667</dst>
            <dst id="WASHng">2037.24533333333</dst>
        </src>
        <src id="STTLng">
            <dst id="ATLA-M5">295.570666666667</dst>
            <dst id="ATLAng">7649.64</dst>
            <dst id="CHINng">11688.8133333333</dst>
            <dst id="DNVRng">2804.29066666667</dst>
            <dst id="HSTNng">5748.792</dst>
            <dst id="IPLSng">4565.03466666667</dst>
            <dst id="KSCYng">5409.86133333333</dst>
            <dst id="LOSAng">11602.688</dst>
            <dst id="NYCMng">7925.488</dst>
            <dst id="SNVAng">3023.57866666667</dst>
            <dst id="STTLng">6970.49066666667</dst>
            <dst id="WASHng">10695.416</dst>
        </src>
        <src id="WASHng">
            <dst id="ATLA-M5">326.442666666667</dst>
            <dst id="ATLAng">94929.0346666667</dst>
            <dst id="CHINng">73164.408</dst>
            <dst id="DNVRng">42263.8106666667</dst>
            <dst id="HSTNng">29921.8373333333</dst>
            <dst id="IPLSng">62082.9493333333</dst>
            <dst id="KSCYng">20873.7093333333</dst>
            <dst id="LOSAng">93889.2053333333</dst>
            <dst id="NYCMng">181467.706666667</dst>
            <dst id="SNVAng">1470.01866666667</dst>
            <dst id="STTLng">31333.816</dst>
            <dst id="WASHng">346440.32</dst>
        </src>
    </IntraTM>
</TrafficMatrixFile>
