<?xml version="1.0" encoding="ISO-8859-1" standalone="yes"?>
<TrafficMatrixFile xsi:noNamespaceSchemaLocation="http://totem.run.montefiore.ulg.ac.be/Schema/TrafficMatrix-v1_2.xsd" xmlns:xsi="http://www.w3.org/2001/XMLSchema-instance">
    <IntraTM ASID="11537">
        <src id="ATLA-M5">
            <dst id="ATLA-M5">31.2106666666667</dst>
            <dst id="ATLAng">53.3333333333333</dst>
            <dst id="CHINng">400.088</dst>
            <dst id="DNVRng">80</dst>
            <dst id="HSTNng">87.2373333333333</dst>
            <dst id="IPLSng">510.285333333333</dst>
            <dst id="KSCYng">34.08</dst>
            <dst id="LOSAng">198.189333333333</dst>
            <dst id="NYCMng">276.4</dst>
            <dst id="SNVAng">66.912</dst>
            <dst id="STTLng">26.6666666666667</dst>
            <dst id="WASHng">657.648</dst>
        </src>
        <src id="ATLAng">
            <dst id="ATLA-M5">177.237333333333</dst>
            <dst id="ATLAng">46398.7226666667</dst>
            <dst id="CHINng">22067.0106666667</dst>
            <dst id="DNVRng">4233.41333333333</dst>
            <dst id="HSTNng">8351.52533333333</dst>
            <dst id="IPLSng">36891.6</dst>
            <dst id="KSCYng">3505.184</dst>
            <dst id="LOSAng">27258.9893333333</dst>
            <dst id="NYCMng">10807.8426666667</dst>
            <dst id="SNVAng">639.32</dst>
            <dst id="STTLng">5416.81333333333</dst>
            <dst id="WASHng">32465.616</dst>
        </src>
        <src id="CHINng">
            <dst id="ATLA-M5">987.936</dst>
            <dst id="ATLAng">30869.4266666667</dst>
            <dst id="CHINng">101224.714666667</dst>
            <dst id="DNVRng">13816.9493333333</dst>
            <dst id="HSTNng">56046.8906666666</dst>
            <dst id="IPLSng">45267.7813333333</dst>
            <dst id="KSCYng">14494.9066666667</dst>
            <dst id="LOSAng">59537.848</dst>
            <dst id="NYCMng">22056.656</dst>
            <dst id="SNVAng">4275.45066666667</dst>
            <dst id="STTLng">10604.344</dst>
            <dst id="WASHng">43162.288</dst>
        </src>
        <src id="DNVRng">
            <dst id="ATLA-M5">637.72</dst>
            <dst id="ATLAng">5260.86666666667</dst>
            <dst id="CHINng">71277.1493333333</dst>
            <dst id="DNVRng">17357.3866666667</dst>
            <dst id="HSTNng">15134.136</dst>
            <dst id="IPLSng">30029.9226666667</dst>
            <dst id="KSCYng">17633.8666666667</dst>
            <dst id="LOSAng">14586.2666666667</dst>
            <dst id="NYCMng">20802.008</dst>
            <dst id="SNVAng">10238.328</dst>
            <dst id="STTLng">14142.2506666667</dst>
            <dst id="WASHng">45566.8986666667</dst>
        </src>
        <src id="HSTNng">
            <dst id="ATLA-M5">2444.97066666667</dst>
            <dst id="ATLAng">2580.25866666667</dst>
            <dst id="CHINng">16510.92</dst>
            <dst id="DNVRng">4759.28533333333</dst>
            <dst id="HSTNng">9181.15466666667</dst>
            <dst id="IPLSng">5566.88266666667</dst>
            <dst id="KSCYng">3445.04266666667</dst>
            <dst id="LOSAng">6040.98133333333</dst>
            <dst id="NYCMng">4258.76266666667</dst>
            <dst id="SNVAng">2443.66133333333</dst>
            <dst id="STTLng">2912.09066666667</dst>
            <dst id="WASHng">9260.01066666667</dst>
        </src>
        <src id="IPLSng">
            <dst id="ATLA-M5">547.104</dst>
            <dst id="ATLAng">39033.4</dst>
            <dst id="CHINng">93430.7973333333</dst>
            <dst id="DNVRng">26315.52</dst>
            <dst id="HSTNng">6797.30133333333</dst>
            <dst id="IPLSng">51727.7546666667</dst>
            <dst id="KSCYng">13871.1706666667</dst>
            <dst id="LOSAng">33732.76</dst>
            <dst id="NYCMng">54339.7813333333</dst>
            <dst id="SNVAng">2076.592</dst>
            <dst id="STTLng">9884.944</dst>
            <dst id="WASHng">42092.792</dst>
        </src>
        <src id="KSCYng">
            <dst id="ATLA-M5">90.616</dst>
            <dst id="ATLAng">2313.92</dst>
            <dst id="CHINng">23640.376</dst>
            <dst id="DNVRng">17082.304</dst>
            <dst id="HSTNng">3605.79466666667</dst>
            <dst id="IPLSng">20335.3013333333</dst>
            <dst id="KSCYng">10894.088</dst>
            <dst id="LOSAng">6474.89066666666</dst>
            <dst id="NYCMng">3993.45866666667</dst>
            <dst id="SNVAng">639.418666666667</dst>
            <dst id="STTLng">2428.02133333333</dst>
            <dst id="WASHng">17442.544</dst>
        </src>
        <src id="LOSAng">
            <dst id="ATLA-M5">1081.50133333333</dst>
            <dst id="ATLAng">21160.544</dst>
            <dst id="CHINng">100777.949333333</dst>
            <dst id="DNVRng">19525.5733333333</dst>
            <dst id="HSTNng">5639.62133333333</dst>
            <dst id="IPLSng">41661.4213333333</dst>
            <dst id="KSCYng">9691.02666666667</dst>
            <dst id="LOSAng">12853.2666666667</dst>
            <dst id="NYCMng">61833.8266666667</dst>
            <dst id="SNVAng">5451.25866666667</dst>
            <dst id="STTLng">25941.4293333333</dst>
            <dst id="WASHng">121981.024</dst>
        </src>
        <src id="NYCMng">
            <dst id="ATLA-M5">385.253333333333</dst>
            <dst id="ATLAng">36807.2213333333</dst>
            <dst id="CHINng">51185.6053333333</dst>
            <dst id="DNVRng">45804.8</dst>
            <dst id="HSTNng">14391.2373333333</dst>
            <dst id="IPLSng">54805.0933333333</dst>
            <dst id="KSCYng">15931.0213333333</dst>
            <dst id="LOSAng">79107.6826666667</dst>
            <dst id="NYCMng">168562.4</dst>
            <dst id="SNVAng">4967.93066666667</dst>
            <dst id="STTLng">25581.832</dst>
            <dst id="WASHng">128561.994666667</dst>
        </src>
        <src id="SNVAng">
            <dst id="ATLA-M5">26.6666666666667</dst>
            <dst id="ATLAng">107.093333333333</dst>
            <dst id="CHINng">2996.03733333333</dst>
            <dst id="DNVRng">4648.31733333333</dst>
            <dst id="HSTNng">358.642666666667</dst>
            <dst id="IPLSng">9546.32533333333</dst>
            <dst id="KSCYng">529.605333333333</dst>
            <dst id="LOSAng">53882.3946666667</dst>
            <dst id="NYCMng">313.341333333333</dst>
            <dst id="SNVAng">19801.552</dst>
            <dst id="STTLng">51874.6933333333</dst>
            <dst id="WASHng">901.962666666667</dst>
        </src>
        <src id="STTLng">
            <dst id="ATLA-M5">79.656</dst>
            <dst id="ATLAng">9179.69866666667</dst>
            <dst id="CHINng">16169.4453333333</dst>
            <dst id="DNVRng">1758.488</dst>
            <dst id="HSTNng">6520.23466666667</dst>
            <dst id="IPLSng">10414.272</dst>
            <dst id="KSCYng">3782.07733333333</dst>
            <dst id="LOSAng">18657.3413333333</dst>
            <dst id="NYCMng">5557.74933333333</dst>
            <dst id="SNVAng">4238.176</dst>
            <dst id="STTLng">5236.82933333333</dst>
            <dst id="WASHng">5367.712</dst>
        </src>
        <src id="WASHng">
            <dst id="ATLA-M5">1369.688</dst>
            <dst id="ATLAng">68061.952</dst>
            <dst id="CHINng">82091.3573333333</dst>
            <dst id="DNVRng">62046.9973333333</dst>
            <dst id="HSTNng">40164.9706666667</dst>
            <dst id="IPLSng">70470.7413333333</dst>
            <dst id="KSCYng">22669.8453333333</dst>
            <dst id="LOSAng">106578.946666667</dst>
            <dst id="NYCMng">136648.101333333</dst>
            <dst id="SNVAng">7283.61066666667</dst>
            <dst id="STTLng">36554.2373333333</dst>
            <dst id="WASHng">491877.386666667</dst>
        </src>
    </IntraTM>
</TrafficMatrixFile>
