<?xml version="1.0" encoding="ISO-8859-1" standalone="yes"?>
<TrafficMatrixFile xsi:noNamespaceSchemaLocation="http://totem.run.montefiore.ulg.ac.be/Schema/TrafficMatrix-v1_2.xsd" xmlns:xsi="http://www.w3.org/2001/XMLSchema-instance">
    <IntraTM ASID="11537">
        <src id="ATLA-M5">
            <dst id="ATLA-M5">58.6453333333333</dst>
            <dst id="ATLAng">53.3333333333333</dst>
            <dst id="CHINng">174.530666666667</dst>
            <dst id="DNVRng">26.6666666666667</dst>
            <dst id="HSTNng">275.245333333333</dst>
            <dst id="IPLSng">196.344</dst>
            <dst id="KSCYng">80</dst>
            <dst id="LOSAng">335.893333333333</dst>
            <dst id="NYCMng">53.3333333333333</dst>
            <dst id="SNVAng">180.565333333333</dst>
            <dst id="STTLng">70.8213333333333</dst>
            <dst id="WASHng">658.608</dst>
        </src>
        <src id="ATLAng">
            <dst id="ATLA-M5">182.666666666667</dst>
            <dst id="ATLAng">24840.952</dst>
            <dst id="CHINng">15159.6346666667</dst>
            <dst id="DNVRng">4149.17866666667</dst>
            <dst id="HSTNng">6086.08</dst>
            <dst id="IPLSng">14591.5226666667</dst>
            <dst id="KSCYng">5883.336</dst>
            <dst id="LOSAng">19393.672</dst>
            <dst id="NYCMng">8749.32</dst>
            <dst id="SNVAng">416.450666666667</dst>
            <dst id="STTLng">4329.264</dst>
            <dst id="WASHng">37028.4666666667</dst>
        </src>
        <src id="CHINng">
            <dst id="ATLA-M5">479.261333333333</dst>
            <dst id="ATLAng">10408.9786666667</dst>
            <dst id="CHINng">103340.322666667</dst>
            <dst id="DNVRng">25658.6293333333</dst>
            <dst id="HSTNng">48861.96</dst>
            <dst id="IPLSng">51297.6773333333</dst>
            <dst id="KSCYng">15252.496</dst>
            <dst id="LOSAng">59486.04</dst>
            <dst id="NYCMng">21157.512</dst>
            <dst id="SNVAng">2241.09333333333</dst>
            <dst id="STTLng">9583.36266666667</dst>
            <dst id="WASHng">27633.864</dst>
        </src>
        <src id="DNVRng">
            <dst id="ATLA-M5">166.314666666667</dst>
            <dst id="ATLAng">4399.57866666667</dst>
            <dst id="CHINng">62749.3786666667</dst>
            <dst id="DNVRng">12459.52</dst>
            <dst id="HSTNng">12201.8346666667</dst>
            <dst id="IPLSng">29084.192</dst>
            <dst id="KSCYng">19913.7893333333</dst>
            <dst id="LOSAng">5927.96266666667</dst>
            <dst id="NYCMng">26008.52</dst>
            <dst id="SNVAng">11941.488</dst>
            <dst id="STTLng">14775.776</dst>
            <dst id="WASHng">52078.2186666667</dst>
        </src>
        <src id="HSTNng">
            <dst id="ATLA-M5">5321.70933333333</dst>
            <dst id="ATLAng">3118.69866666667</dst>
            <dst id="CHINng">14319.9173333333</dst>
            <dst id="DNVRng">2302.29866666667</dst>
            <dst id="HSTNng">5597.85333333333</dst>
            <dst id="IPLSng">4201.13333333333</dst>
            <dst id="KSCYng">2173.728</dst>
            <dst id="LOSAng">4802.81333333333</dst>
            <dst id="NYCMng">5477.8</dst>
            <dst id="SNVAng">949.117333333334</dst>
            <dst id="STTLng">2558.62933333333</dst>
            <dst id="WASHng">4873.168</dst>
        </src>
        <src id="IPLSng">
            <dst id="ATLA-M5">473.650666666667</dst>
            <dst id="ATLAng">27908.4026666667</dst>
            <dst id="CHINng">85804.9093333333</dst>
            <dst id="DNVRng">15676.6133333333</dst>
            <dst id="HSTNng">4942.33066666667</dst>
            <dst id="IPLSng">53147.472</dst>
            <dst id="KSCYng">12260.3146666667</dst>
            <dst id="LOSAng">42959.0666666667</dst>
            <dst id="NYCMng">23958.752</dst>
            <dst id="SNVAng">1508.97333333333</dst>
            <dst id="STTLng">11439.416</dst>
            <dst id="WASHng">25250.3786666667</dst>
        </src>
        <src id="KSCYng">
            <dst id="ATLA-M5">53.3333333333333</dst>
            <dst id="ATLAng">2248.39466666667</dst>
            <dst id="CHINng">27864.24</dst>
            <dst id="DNVRng">13556.2373333333</dst>
            <dst id="HSTNng">3156.40266666667</dst>
            <dst id="IPLSng">13114.5546666667</dst>
            <dst id="KSCYng">9030.008</dst>
            <dst id="LOSAng">7533.30933333333</dst>
            <dst id="NYCMng">5592.56266666667</dst>
            <dst id="SNVAng">475.512</dst>
            <dst id="STTLng">2001.80266666667</dst>
            <dst id="WASHng">12044.912</dst>
        </src>
        <src id="LOSAng">
            <dst id="ATLA-M5">878.704</dst>
            <dst id="ATLAng">10366.5973333333</dst>
            <dst id="CHINng">75115.0293333333</dst>
            <dst id="DNVRng">9105.57866666667</dst>
            <dst id="HSTNng">3370.992</dst>
            <dst id="IPLSng">21090.3066666667</dst>
            <dst id="KSCYng">7175.67733333333</dst>
            <dst id="LOSAng">10548.2906666667</dst>
            <dst id="NYCMng">47488.1386666667</dst>
            <dst id="SNVAng">10318.28</dst>
            <dst id="STTLng">23330.392</dst>
            <dst id="WASHng">118069.557333333</dst>
        </src>
        <src id="NYCMng">
            <dst id="ATLA-M5">1179.56266666667</dst>
            <dst id="ATLAng">36009.7146666667</dst>
            <dst id="CHINng">45209.9946666667</dst>
            <dst id="DNVRng">43848.7173333333</dst>
            <dst id="HSTNng">9998.22666666667</dst>
            <dst id="IPLSng">50125.856</dst>
            <dst id="KSCYng">15231.1413333333</dst>
            <dst id="LOSAng">65078.5413333333</dst>
            <dst id="NYCMng">160875.213333333</dst>
            <dst id="SNVAng">56810.208</dst>
            <dst id="STTLng">16056.5466666667</dst>
            <dst id="WASHng">103512.768</dst>
        </src>
        <src id="SNVAng">
            <dst id="ATLA-M5">0</dst>
            <dst id="ATLAng">158.581333333333</dst>
            <dst id="CHINng">1909.32</dst>
            <dst id="DNVRng">14724.4293333333</dst>
            <dst id="HSTNng">424.552</dst>
            <dst id="IPLSng">498.874666666667</dst>
            <dst id="KSCYng">359.717333333333</dst>
            <dst id="LOSAng">41160.7413333333</dst>
            <dst id="NYCMng">3423.03466666667</dst>
            <dst id="SNVAng">13677.84</dst>
            <dst id="STTLng">54876.7893333333</dst>
            <dst id="WASHng">270.125333333333</dst>
        </src>
        <src id="STTLng">
            <dst id="ATLA-M5">85.8</dst>
            <dst id="ATLAng">7202.14133333333</dst>
            <dst id="CHINng">14138.7173333333</dst>
            <dst id="DNVRng">4546.41866666667</dst>
            <dst id="HSTNng">11128.5493333333</dst>
            <dst id="IPLSng">8389.82133333334</dst>
            <dst id="KSCYng">4192.42133333333</dst>
            <dst id="LOSAng">12495.1093333333</dst>
            <dst id="NYCMng">5005.84</dst>
            <dst id="SNVAng">2689.064</dst>
            <dst id="STTLng">4164.352</dst>
            <dst id="WASHng">11610.4293333333</dst>
        </src>
        <src id="WASHng">
            <dst id="ATLA-M5">269.696</dst>
            <dst id="ATLAng">105281.154666667</dst>
            <dst id="CHINng">90243.5093333333</dst>
            <dst id="DNVRng">63239.2426666667</dst>
            <dst id="HSTNng">39631.576</dst>
            <dst id="IPLSng">58439.192</dst>
            <dst id="KSCYng">14908.5946666667</dst>
            <dst id="LOSAng">113029.669333333</dst>
            <dst id="NYCMng">156451.901333333</dst>
            <dst id="SNVAng">4749.23733333333</dst>
            <dst id="STTLng">30875.9146666667</dst>
            <dst id="WASHng">271051.626666667</dst>
        </src>
    </IntraTM>
</TrafficMatrixFile>
