<?xml version="1.0" encoding="ISO-8859-1" standalone="yes"?>
<TrafficMatrixFile xsi:noNamespaceSchemaLocation="http://totem.run.montefiore.ulg.ac.be/Schema/TrafficMatrix-v1_2.xsd" xmlns:xsi="http://www.w3.org/2001/XMLSchema-instance">
    <IntraTM ASID="11537">
        <src id="ATLA-M5">
            <dst id="ATLA-M5">423.136</dst>
            <dst id="ATLAng">186.336</dst>
            <dst id="CHINng">1885.27466666667</dst>
            <dst id="DNVRng">53.3333333333333</dst>
            <dst id="HSTNng">1248.98133333333</dst>
            <dst id="IPLSng">739.450666666667</dst>
            <dst id="KSCYng">177.114666666667</dst>
            <dst id="LOSAng">346.392</dst>
            <dst id="NYCMng">270.538666666667</dst>
            <dst id="SNVAng">510.608</dst>
            <dst id="STTLng">148.234666666667</dst>
            <dst id="WASHng">745.618666666667</dst>
        </src>
        <src id="ATLAng">
            <dst id="ATLA-M5">1272.70666666667</dst>
            <dst id="ATLAng">35993.352</dst>
            <dst id="CHINng">36305.6026666667</dst>
            <dst id="DNVRng">3683.096</dst>
            <dst id="HSTNng">12562.624</dst>
            <dst id="IPLSng">22280.68</dst>
            <dst id="KSCYng">10752.208</dst>
            <dst id="LOSAng">34349.664</dst>
            <dst id="NYCMng">8443.976</dst>
            <dst id="SNVAng">1043.844</dst>
            <dst id="STTLng">3473.384</dst>
            <dst id="WASHng">40822.184</dst>
        </src>
        <src id="CHINng">
            <dst id="ATLA-M5">1456.816</dst>
            <dst id="ATLAng">41601.5413333333</dst>
            <dst id="CHINng">108905.925333333</dst>
            <dst id="DNVRng">24320.1386666667</dst>
            <dst id="HSTNng">54601.9226666667</dst>
            <dst id="IPLSng">58643.656</dst>
            <dst id="KSCYng">17210.8053333333</dst>
            <dst id="LOSAng">2051347.78666667</dst>
            <dst id="NYCMng">17298.8453333333</dst>
            <dst id="SNVAng">4328.85333333333</dst>
            <dst id="STTLng">16251.3893333333</dst>
            <dst id="WASHng">35794.472</dst>
        </src>
        <src id="DNVRng">
            <dst id="ATLA-M5">522.925333333333</dst>
            <dst id="ATLAng">12487.5386666667</dst>
            <dst id="CHINng">58032.6453333333</dst>
            <dst id="DNVRng">8183.12533333333</dst>
            <dst id="HSTNng">17627.8906666667</dst>
            <dst id="IPLSng">27899.248</dst>
            <dst id="KSCYng">9665.18666666667</dst>
            <dst id="LOSAng">6369.98666666666</dst>
            <dst id="NYCMng">15676.5973333333</dst>
            <dst id="SNVAng">7796.704</dst>
            <dst id="STTLng">5693.432</dst>
            <dst id="WASHng">51396.056</dst>
        </src>
        <src id="HSTNng">
            <dst id="ATLA-M5">3895.528</dst>
            <dst id="ATLAng">5262.65066666667</dst>
            <dst id="CHINng">21883.3733333333</dst>
            <dst id="DNVRng">9807.94666666666</dst>
            <dst id="HSTNng">7594.09066666667</dst>
            <dst id="IPLSng">6401.64266666667</dst>
            <dst id="KSCYng">3236.31466666667</dst>
            <dst id="LOSAng">8451.024</dst>
            <dst id="NYCMng">5817.18666666667</dst>
            <dst id="SNVAng">4128.44533333333</dst>
            <dst id="STTLng">8725.10133333333</dst>
            <dst id="WASHng">6365.056</dst>
        </src>
        <src id="IPLSng">
            <dst id="ATLA-M5">561.64</dst>
            <dst id="ATLAng">18273.168</dst>
            <dst id="CHINng">113807.410666667</dst>
            <dst id="DNVRng">19781.7226666667</dst>
            <dst id="HSTNng">7714.344</dst>
            <dst id="IPLSng">20069.536</dst>
            <dst id="KSCYng">9411.27466666667</dst>
            <dst id="LOSAng">52911.768</dst>
            <dst id="NYCMng">66595.6533333333</dst>
            <dst id="SNVAng">2186.38933333333</dst>
            <dst id="STTLng">14343.0133333333</dst>
            <dst id="WASHng">32110.4666666667</dst>
        </src>
        <src id="KSCYng">
            <dst id="ATLA-M5">306.424</dst>
            <dst id="ATLAng">3408.46933333333</dst>
            <dst id="CHINng">23742.8453333333</dst>
            <dst id="DNVRng">10791.792</dst>
            <dst id="HSTNng">5963.65333333333</dst>
            <dst id="IPLSng">14192.672</dst>
            <dst id="KSCYng">5649.04266666667</dst>
            <dst id="LOSAng">9519.66666666667</dst>
            <dst id="NYCMng">7779.2</dst>
            <dst id="SNVAng">662.810666666667</dst>
            <dst id="STTLng">1193.06133333333</dst>
            <dst id="WASHng">11125.2053333333</dst>
        </src>
        <src id="LOSAng">
            <dst id="ATLA-M5">2744.21866666667</dst>
            <dst id="ATLAng">20460.2186666667</dst>
            <dst id="CHINng">1295505.81333333</dst>
            <dst id="DNVRng">10755.5653333333</dst>
            <dst id="HSTNng">28780.8346666667</dst>
            <dst id="IPLSng">64402.568</dst>
            <dst id="KSCYng">10384.5386666667</dst>
            <dst id="LOSAng">10264.088</dst>
            <dst id="NYCMng">84498.9333333333</dst>
            <dst id="SNVAng">7674.82133333334</dst>
            <dst id="STTLng">32108.672</dst>
            <dst id="WASHng">111376.210666667</dst>
        </src>
        <src id="NYCMng">
            <dst id="ATLA-M5">528.978666666667</dst>
            <dst id="ATLAng">29786.1253333333</dst>
            <dst id="CHINng">54691.5706666667</dst>
            <dst id="DNVRng">42827.8373333333</dst>
            <dst id="HSTNng">15701.4666666667</dst>
            <dst id="IPLSng">56846.704</dst>
            <dst id="KSCYng">22450.1733333333</dst>
            <dst id="LOSAng">97794.2106666667</dst>
            <dst id="NYCMng">223099.392</dst>
            <dst id="SNVAng">5125.16266666667</dst>
            <dst id="STTLng">21924.2586666667</dst>
            <dst id="WASHng">139749.085333333</dst>
        </src>
        <src id="SNVAng">
            <dst id="ATLA-M5">234.890666666667</dst>
            <dst id="ATLAng">439.52</dst>
            <dst id="CHINng">2048.44266666667</dst>
            <dst id="DNVRng">6110.36266666667</dst>
            <dst id="HSTNng">386.290666666667</dst>
            <dst id="IPLSng">1216.552</dst>
            <dst id="KSCYng">574.397333333333</dst>
            <dst id="LOSAng">40951.5333333333</dst>
            <dst id="NYCMng">721.328</dst>
            <dst id="SNVAng">17432.3013333333</dst>
            <dst id="STTLng">55361.2133333333</dst>
            <dst id="WASHng">885.288</dst>
        </src>
        <src id="STTLng">
            <dst id="ATLA-M5">222.522666666667</dst>
            <dst id="ATLAng">8847.08533333333</dst>
            <dst id="CHINng">21587.536</dst>
            <dst id="DNVRng">5130.06933333333</dst>
            <dst id="HSTNng">9274.28266666667</dst>
            <dst id="IPLSng">6482.57333333333</dst>
            <dst id="KSCYng">4036.16</dst>
            <dst id="LOSAng">23880.8933333333</dst>
            <dst id="NYCMng">8200.69333333333</dst>
            <dst id="SNVAng">5412.53866666667</dst>
            <dst id="STTLng">7069.01333333333</dst>
            <dst id="WASHng">13842.1386666667</dst>
        </src>
        <src id="WASHng">
            <dst id="ATLA-M5">6643.78666666667</dst>
            <dst id="ATLAng">82419.9093333333</dst>
            <dst id="CHINng">73553.7706666667</dst>
            <dst id="DNVRng">46747.3146666667</dst>
            <dst id="HSTNng">23437.3626666667</dst>
            <dst id="IPLSng">62349.1066666667</dst>
            <dst id="KSCYng">13441.1093333333</dst>
            <dst id="LOSAng">141509.717333333</dst>
            <dst id="NYCMng">177785.906666667</dst>
            <dst id="SNVAng">6547.92266666667</dst>
            <dst id="STTLng">35901.1786666667</dst>
            <dst id="WASHng">264270.394666667</dst>
        </src>
    </IntraTM>
</TrafficMatrixFile>
