<?xml version="1.0" encoding="ISO-8859-1" standalone="yes"?>
<TrafficMatrixFile xsi:noNamespaceSchemaLocation="http://totem.run.montefiore.ulg.ac.be/Schema/TrafficMatrix-v1_2.xsd" xmlns:xsi="http://www.w3.org/2001/XMLSchema-instance">
    <IntraTM ASID="11537">
        <src id="ATLA-M5">
            <dst id="ATLA-M5">69.232</dst>
            <dst id="ATLAng">27.296</dst>
            <dst id="CHINng">331.365333333333</dst>
            <dst id="DNVRng">27.6346666666667</dst>
            <dst id="HSTNng">170.186666666667</dst>
            <dst id="IPLSng">550.573333333333</dst>
            <dst id="KSCYng">51.96</dst>
            <dst id="LOSAng">276.597333333333</dst>
            <dst id="NYCMng">26.6666666666667</dst>
            <dst id="SNVAng">26.6666666666667</dst>
            <dst id="STTLng">0</dst>
            <dst id="WASHng">488.274666666667</dst>
        </src>
        <src id="ATLAng">
            <dst id="ATLA-M5">264.618666666667</dst>
            <dst id="ATLAng">27352.52</dst>
            <dst id="CHINng">13304.1333333333</dst>
            <dst id="DNVRng">4958.20533333333</dst>
            <dst id="HSTNng">3530.75466666667</dst>
            <dst id="IPLSng">14662.792</dst>
            <dst id="KSCYng">1565.04533333333</dst>
            <dst id="LOSAng">17735.4506666667</dst>
            <dst id="NYCMng">8735.296</dst>
            <dst id="SNVAng">940.258666666667</dst>
            <dst id="STTLng">4724.43466666667</dst>
            <dst id="WASHng">26584.112</dst>
        </src>
        <src id="CHINng">
            <dst id="ATLA-M5">1010.66933333333</dst>
            <dst id="ATLAng">24138.216</dst>
            <dst id="CHINng">91368.288</dst>
            <dst id="DNVRng">23988.6506666667</dst>
            <dst id="HSTNng">58926.384</dst>
            <dst id="IPLSng">58587.6346666667</dst>
            <dst id="KSCYng">21025.992</dst>
            <dst id="LOSAng">2019053.97333333</dst>
            <dst id="NYCMng">18126.7813333333</dst>
            <dst id="SNVAng">4961.192</dst>
            <dst id="STTLng">12471.048</dst>
            <dst id="WASHng">23788.6986666667</dst>
        </src>
        <src id="DNVRng">
            <dst id="ATLA-M5">297.333333333333</dst>
            <dst id="ATLAng">8045.62666666667</dst>
            <dst id="CHINng">67043.7093333333</dst>
            <dst id="DNVRng">10779.7093333333</dst>
            <dst id="HSTNng">16109.2773333333</dst>
            <dst id="IPLSng">38922.576</dst>
            <dst id="KSCYng">12183.3386666667</dst>
            <dst id="LOSAng">6456.48</dst>
            <dst id="NYCMng">21279.2693333333</dst>
            <dst id="SNVAng">2406.23733333333</dst>
            <dst id="STTLng">7936.416</dst>
            <dst id="WASHng">40257.3546666667</dst>
        </src>
        <src id="HSTNng">
            <dst id="ATLA-M5">1412.17866666667</dst>
            <dst id="ATLAng">1969.71466666667</dst>
            <dst id="CHINng">28529.7093333333</dst>
            <dst id="DNVRng">1846.968</dst>
            <dst id="HSTNng">3545.39466666667</dst>
            <dst id="IPLSng">6788.38666666667</dst>
            <dst id="KSCYng">2353.216</dst>
            <dst id="LOSAng">6668.41333333333</dst>
            <dst id="NYCMng">3388.94933333333</dst>
            <dst id="SNVAng">4340.40266666667</dst>
            <dst id="STTLng">4728.86933333333</dst>
            <dst id="WASHng">5476.872</dst>
        </src>
        <src id="IPLSng">
            <dst id="ATLA-M5">807.248</dst>
            <dst id="ATLAng">13755.6453333333</dst>
            <dst id="CHINng">103752.922666667</dst>
            <dst id="DNVRng">25147.768</dst>
            <dst id="HSTNng">8577.43466666667</dst>
            <dst id="IPLSng">41821.232</dst>
            <dst id="KSCYng">5862.584</dst>
            <dst id="LOSAng">49446.3973333333</dst>
            <dst id="NYCMng">47544.4666666667</dst>
            <dst id="SNVAng">3766.112</dst>
            <dst id="STTLng">7716.85866666667</dst>
            <dst id="WASHng">51277.472</dst>
        </src>
        <src id="KSCYng">
            <dst id="ATLA-M5">353.472</dst>
            <dst id="ATLAng">1982.43466666667</dst>
            <dst id="CHINng">18608.8053333333</dst>
            <dst id="DNVRng">9331.60266666667</dst>
            <dst id="HSTNng">2845.18666666667</dst>
            <dst id="IPLSng">18617.56</dst>
            <dst id="KSCYng">5036.44533333333</dst>
            <dst id="LOSAng">5296.304</dst>
            <dst id="NYCMng">3954.25066666667</dst>
            <dst id="SNVAng">2407.26666666667</dst>
            <dst id="STTLng">2615.42666666667</dst>
            <dst id="WASHng">12328.2853333333</dst>
        </src>
        <src id="LOSAng">
            <dst id="ATLA-M5">1663.78666666667</dst>
            <dst id="ATLAng">35233.9333333333</dst>
            <dst id="CHINng">55501.2426666667</dst>
            <dst id="DNVRng">8110.496</dst>
            <dst id="HSTNng">6159.38933333334</dst>
            <dst id="IPLSng">26911.4346666667</dst>
            <dst id="KSCYng">10673.2586666667</dst>
            <dst id="LOSAng">12534.4</dst>
            <dst id="NYCMng">56656.7226666667</dst>
            <dst id="SNVAng">7982.62133333333</dst>
            <dst id="STTLng">28368.0373333333</dst>
            <dst id="WASHng">76049.432</dst>
        </src>
        <src id="NYCMng">
            <dst id="ATLA-M5">934.141333333333</dst>
            <dst id="ATLAng">24920.352</dst>
            <dst id="CHINng">55504.4293333334</dst>
            <dst id="DNVRng">34432.1946666667</dst>
            <dst id="HSTNng">20039.1253333333</dst>
            <dst id="IPLSng">51559.336</dst>
            <dst id="KSCYng">10152.312</dst>
            <dst id="LOSAng">66235.264</dst>
            <dst id="NYCMng">138743.429333333</dst>
            <dst id="SNVAng">5583.89333333333</dst>
            <dst id="STTLng">34985.392</dst>
            <dst id="WASHng">113759.970666667</dst>
        </src>
        <src id="SNVAng">
            <dst id="ATLA-M5">271.754666666667</dst>
            <dst id="ATLAng">26.6666666666667</dst>
            <dst id="CHINng">3126.14133333333</dst>
            <dst id="DNVRng">5230.28</dst>
            <dst id="HSTNng">1152.65333333333</dst>
            <dst id="IPLSng">554.242666666667</dst>
            <dst id="KSCYng">4525.66666666667</dst>
            <dst id="LOSAng">33677.5893333333</dst>
            <dst id="NYCMng">9293.49333333333</dst>
            <dst id="SNVAng">10809.5573333333</dst>
            <dst id="STTLng">46986.68</dst>
            <dst id="WASHng">202.312</dst>
        </src>
        <src id="STTLng">
            <dst id="ATLA-M5">175.090666666667</dst>
            <dst id="ATLAng">5270.192</dst>
            <dst id="CHINng">20312.76</dst>
            <dst id="DNVRng">2464.21866666667</dst>
            <dst id="HSTNng">4117.69066666667</dst>
            <dst id="IPLSng">9751.00533333333</dst>
            <dst id="KSCYng">10967.352</dst>
            <dst id="LOSAng">18460.7626666667</dst>
            <dst id="NYCMng">6532.912</dst>
            <dst id="SNVAng">4477.28266666667</dst>
            <dst id="STTLng">2198.2</dst>
            <dst id="WASHng">8554.26133333333</dst>
        </src>
        <src id="WASHng">
            <dst id="ATLA-M5">1425.91733333333</dst>
            <dst id="ATLAng">72751.2293333333</dst>
            <dst id="CHINng">74080.0053333333</dst>
            <dst id="DNVRng">50224.6853333333</dst>
            <dst id="HSTNng">16539.2293333333</dst>
            <dst id="IPLSng">54682.672</dst>
            <dst id="KSCYng">18722.9546666667</dst>
            <dst id="LOSAng">108331.461333333</dst>
            <dst id="NYCMng">147884.069333333</dst>
            <dst id="SNVAng">3276.112</dst>
            <dst id="STTLng">27152.264</dst>
            <dst id="WASHng">203090.026666667</dst>
        </src>
    </IntraTM>
</TrafficMatrixFile>
