<?xml version="1.0" encoding="ISO-8859-1" standalone="yes"?>
<TrafficMatrixFile xsi:noNamespaceSchemaLocation="http://totem.run.montefiore.ulg.ac.be/Schema/TrafficMatrix-v1_2.xsd" xmlns:xsi="http://www.w3.org/2001/XMLSchema-instance">
    <IntraTM ASID="11537">
        <src id="ATLA-M5">
            <dst id="ATLA-M5">42.8213333333333</dst>
            <dst id="ATLAng">89.3333333333333</dst>
            <dst id="CHINng">194.517333333333</dst>
            <dst id="DNVRng">26.6666666666667</dst>
            <dst id="HSTNng">551.149333333333</dst>
            <dst id="IPLSng">536.261333333333</dst>
            <dst id="KSCYng">108.277333333333</dst>
            <dst id="LOSAng">183.418666666667</dst>
            <dst id="NYCMng">53.3333333333333</dst>
            <dst id="SNVAng">0</dst>
            <dst id="STTLng">357.573333333333</dst>
            <dst id="WASHng">616.24</dst>
        </src>
        <src id="ATLAng">
            <dst id="ATLA-M5">1373.55466666667</dst>
            <dst id="ATLAng">24573.8026666667</dst>
            <dst id="CHINng">13537.672</dst>
            <dst id="DNVRng">9631.05333333333</dst>
            <dst id="HSTNng">4208.90133333333</dst>
            <dst id="IPLSng">11693.6053333333</dst>
            <dst id="KSCYng">1094.21066666667</dst>
            <dst id="LOSAng">15091.8693333333</dst>
            <dst id="NYCMng">4417.47466666667</dst>
            <dst id="SNVAng">642.810666666667</dst>
            <dst id="STTLng">8273.82666666667</dst>
            <dst id="WASHng">33941.8133333333</dst>
        </src>
        <src id="CHINng">
            <dst id="ATLA-M5">1968.95733333333</dst>
            <dst id="ATLAng">14590.5093333333</dst>
            <dst id="CHINng">103102.997333333</dst>
            <dst id="DNVRng">18997.3066666667</dst>
            <dst id="HSTNng">48119.7066666667</dst>
            <dst id="IPLSng">39334.3253333333</dst>
            <dst id="KSCYng">8411.21866666667</dst>
            <dst id="LOSAng">49348.44</dst>
            <dst id="NYCMng">24466.8026666667</dst>
            <dst id="SNVAng">4321.12533333333</dst>
            <dst id="STTLng">9503.34933333334</dst>
            <dst id="WASHng">19738.376</dst>
        </src>
        <src id="DNVRng">
            <dst id="ATLA-M5">299.253333333333</dst>
            <dst id="ATLAng">2925.696</dst>
            <dst id="CHINng">70234.4373333333</dst>
            <dst id="DNVRng">12240.984</dst>
            <dst id="HSTNng">10146.336</dst>
            <dst id="IPLSng">28108.8773333333</dst>
            <dst id="KSCYng">9366.536</dst>
            <dst id="LOSAng">4143.968</dst>
            <dst id="NYCMng">11544.2453333333</dst>
            <dst id="SNVAng">6615.704</dst>
            <dst id="STTLng">5556.05866666667</dst>
            <dst id="WASHng">40328.088</dst>
        </src>
        <src id="HSTNng">
            <dst id="ATLA-M5">4812.74133333333</dst>
            <dst id="ATLAng">1156.26133333333</dst>
            <dst id="CHINng">14332.3306666667</dst>
            <dst id="DNVRng">1345.65333333333</dst>
            <dst id="HSTNng">2434.96</dst>
            <dst id="IPLSng">2498.68</dst>
            <dst id="KSCYng">1843.76</dst>
            <dst id="LOSAng">5103.08533333333</dst>
            <dst id="NYCMng">2760.08533333333</dst>
            <dst id="SNVAng">717.290666666667</dst>
            <dst id="STTLng">4374.78933333333</dst>
            <dst id="WASHng">4392.78933333333</dst>
        </src>
        <src id="IPLSng">
            <dst id="ATLA-M5">334.469333333333</dst>
            <dst id="ATLAng">12977.4106666667</dst>
            <dst id="CHINng">99081.128</dst>
            <dst id="DNVRng">5199.42133333333</dst>
            <dst id="HSTNng">5402.92</dst>
            <dst id="IPLSng">7528.18933333333</dst>
            <dst id="KSCYng">5146.42933333333</dst>
            <dst id="LOSAng">42629.5146666667</dst>
            <dst id="NYCMng">36157.9786666667</dst>
            <dst id="SNVAng">1916.33333333333</dst>
            <dst id="STTLng">13484.16</dst>
            <dst id="WASHng">31766.6026666667</dst>
        </src>
        <src id="KSCYng">
            <dst id="ATLA-M5">220.997333333333</dst>
            <dst id="ATLAng">2494.21333333333</dst>
            <dst id="CHINng">20909.3813333333</dst>
            <dst id="DNVRng">8202.41066666667</dst>
            <dst id="HSTNng">3011.87733333333</dst>
            <dst id="IPLSng">9630.69866666667</dst>
            <dst id="KSCYng">7167.88</dst>
            <dst id="LOSAng">4150.12</dst>
            <dst id="NYCMng">3619.05333333333</dst>
            <dst id="SNVAng">483.746666666667</dst>
            <dst id="STTLng">3873.57066666667</dst>
            <dst id="WASHng">9514.49066666667</dst>
        </src>
        <src id="LOSAng">
            <dst id="ATLA-M5">946.909333333333</dst>
            <dst id="ATLAng">7118.61866666667</dst>
            <dst id="CHINng">71653.7573333333</dst>
            <dst id="DNVRng">6490.13066666667</dst>
            <dst id="HSTNng">3521.14133333333</dst>
            <dst id="IPLSng">16178.032</dst>
            <dst id="KSCYng">7237.05866666666</dst>
            <dst id="LOSAng">15442.24</dst>
            <dst id="NYCMng">41868.5866666667</dst>
            <dst id="SNVAng">9048.31466666667</dst>
            <dst id="STTLng">20133.0026666667</dst>
            <dst id="WASHng">67895.76</dst>
        </src>
        <src id="NYCMng">
            <dst id="ATLA-M5">1109.29333333333</dst>
            <dst id="ATLAng">12452.3306666667</dst>
            <dst id="CHINng">52835.8293333333</dst>
            <dst id="DNVRng">30396.1013333333</dst>
            <dst id="HSTNng">16765.552</dst>
            <dst id="IPLSng">30801.4586666667</dst>
            <dst id="KSCYng">9728.85066666667</dst>
            <dst id="LOSAng">63914.024</dst>
            <dst id="NYCMng">135965.536</dst>
            <dst id="SNVAng">3856.872</dst>
            <dst id="STTLng">34768.1093333333</dst>
            <dst id="WASHng">79864.3546666667</dst>
        </src>
        <src id="SNVAng">
            <dst id="ATLA-M5">204.789333333333</dst>
            <dst id="ATLAng">26.6666666666667</dst>
            <dst id="CHINng">1619.12</dst>
            <dst id="DNVRng">1329.92266666667</dst>
            <dst id="HSTNng">70.2933333333333</dst>
            <dst id="IPLSng">237.88</dst>
            <dst id="KSCYng">4030.00533333333</dst>
            <dst id="LOSAng">24141.56</dst>
            <dst id="NYCMng">582.597333333333</dst>
            <dst id="SNVAng">13880.1226666667</dst>
            <dst id="STTLng">53699.192</dst>
            <dst id="WASHng">216.277333333333</dst>
        </src>
        <src id="STTLng">
            <dst id="ATLA-M5">516.136</dst>
            <dst id="ATLAng">6261.04266666667</dst>
            <dst id="CHINng">14870.7066666667</dst>
            <dst id="DNVRng">3217.97866666667</dst>
            <dst id="HSTNng">5690.224</dst>
            <dst id="IPLSng">4940.176</dst>
            <dst id="KSCYng">2177.73333333333</dst>
            <dst id="LOSAng">18042.5786666667</dst>
            <dst id="NYCMng">7313.47466666667</dst>
            <dst id="SNVAng">3242.33866666667</dst>
            <dst id="STTLng">460.28</dst>
            <dst id="WASHng">6340.14666666667</dst>
        </src>
        <src id="WASHng">
            <dst id="ATLA-M5">788.461333333333</dst>
            <dst id="ATLAng">76191.848</dst>
            <dst id="CHINng">55059.8666666667</dst>
            <dst id="DNVRng">52986.3066666667</dst>
            <dst id="HSTNng">6949.304</dst>
            <dst id="IPLSng">48479.1573333333</dst>
            <dst id="KSCYng">11781.496</dst>
            <dst id="LOSAng">88490.5253333333</dst>
            <dst id="NYCMng">161477.026666667</dst>
            <dst id="SNVAng">7274.048</dst>
            <dst id="STTLng">29127.528</dst>
            <dst id="WASHng">216510.304</dst>
        </src>
    </IntraTM>
</TrafficMatrixFile>
