<?xml version="1.0" encoding="ISO-8859-1" standalone="yes"?>
<TrafficMatrixFile xsi:noNamespaceSchemaLocation="http://totem.run.montefiore.ulg.ac.be/Schema/TrafficMatrix-v1_2.xsd" xmlns:xsi="http://www.w3.org/2001/XMLSchema-instance">
    <IntraTM ASID="11537">
        <src id="ATLA-M5">
            <dst id="ATLA-M5">63.5893333333333</dst>
            <dst id="ATLAng">93.1946666666667</dst>
            <dst id="CHINng">1767.14933333333</dst>
            <dst id="DNVRng">80</dst>
            <dst id="HSTNng">177.061333333333</dst>
            <dst id="IPLSng">149.485333333333</dst>
            <dst id="KSCYng">1185.616</dst>
            <dst id="LOSAng">428.602666666667</dst>
            <dst id="NYCMng">107.237333333333</dst>
            <dst id="SNVAng">0</dst>
            <dst id="STTLng">80</dst>
            <dst id="WASHng">595.88</dst>
        </src>
        <src id="ATLAng">
            <dst id="ATLA-M5">213.466666666667</dst>
            <dst id="ATLAng">26000.5093333333</dst>
            <dst id="CHINng">12624.24</dst>
            <dst id="DNVRng">3446.97333333333</dst>
            <dst id="HSTNng">1654.95466666667</dst>
            <dst id="IPLSng">13569.2186666667</dst>
            <dst id="KSCYng">2070.09066666667</dst>
            <dst id="LOSAng">18355.0693333333</dst>
            <dst id="NYCMng">7693.736</dst>
            <dst id="SNVAng">349.378666666667</dst>
            <dst id="STTLng">5776.42933333333</dst>
            <dst id="WASHng">28800.4106666667</dst>
        </src>
        <src id="CHINng">
            <dst id="ATLA-M5">804.48</dst>
            <dst id="ATLAng">9841.11733333333</dst>
            <dst id="CHINng">106702.704</dst>
            <dst id="DNVRng">16900.0586666667</dst>
            <dst id="HSTNng">46856.2533333333</dst>
            <dst id="IPLSng">79754.7786666667</dst>
            <dst id="KSCYng">10374.7813333333</dst>
            <dst id="LOSAng">47629.7973333333</dst>
            <dst id="NYCMng">17604.728</dst>
            <dst id="SNVAng">1339.16533333333</dst>
            <dst id="STTLng">11079.1866666667</dst>
            <dst id="WASHng">20840.416</dst>
        </src>
        <src id="DNVRng">
            <dst id="ATLA-M5">0</dst>
            <dst id="ATLAng">4857.98133333333</dst>
            <dst id="CHINng">61776.2426666667</dst>
            <dst id="DNVRng">5731.552</dst>
            <dst id="HSTNng">11717.2746666667</dst>
            <dst id="IPLSng">30567.4346666667</dst>
            <dst id="KSCYng">9662.56533333333</dst>
            <dst id="LOSAng">5034.56533333333</dst>
            <dst id="NYCMng">16179.2</dst>
            <dst id="SNVAng">6250.57066666667</dst>
            <dst id="STTLng">6530.184</dst>
            <dst id="WASHng">41640.024</dst>
        </src>
        <src id="HSTNng">
            <dst id="ATLA-M5">4027.224</dst>
            <dst id="ATLAng">1521.53333333333</dst>
            <dst id="CHINng">19477.3173333333</dst>
            <dst id="DNVRng">2161.86933333333</dst>
            <dst id="HSTNng">4113.92</dst>
            <dst id="IPLSng">2207.15466666667</dst>
            <dst id="KSCYng">1340.86133333333</dst>
            <dst id="LOSAng">3310.512</dst>
            <dst id="NYCMng">3903.40266666667</dst>
            <dst id="SNVAng">621.250666666667</dst>
            <dst id="STTLng">1091.52</dst>
            <dst id="WASHng">3401.624</dst>
        </src>
        <src id="IPLSng">
            <dst id="ATLA-M5">268.925333333333</dst>
            <dst id="ATLAng">24591.296</dst>
            <dst id="CHINng">82741.9253333333</dst>
            <dst id="DNVRng">27284.1306666667</dst>
            <dst id="HSTNng">1898.79466666667</dst>
            <dst id="IPLSng">16545.4133333333</dst>
            <dst id="KSCYng">4976.05066666667</dst>
            <dst id="LOSAng">31486.992</dst>
            <dst id="NYCMng">19665.024</dst>
            <dst id="SNVAng">1841.20533333333</dst>
            <dst id="STTLng">8736.584</dst>
            <dst id="WASHng">24177.2453333333</dst>
        </src>
        <src id="KSCYng">
            <dst id="ATLA-M5">51.92</dst>
            <dst id="ATLAng">1850.80266666667</dst>
            <dst id="CHINng">21034.0506666667</dst>
            <dst id="DNVRng">14725.0986666667</dst>
            <dst id="HSTNng">3000.86133333333</dst>
            <dst id="IPLSng">12009.464</dst>
            <dst id="KSCYng">5425.43733333333</dst>
            <dst id="LOSAng">6287.064</dst>
            <dst id="NYCMng">4023.96</dst>
            <dst id="SNVAng">204.869333333333</dst>
            <dst id="STTLng">1989.43466666667</dst>
            <dst id="WASHng">13161.016</dst>
        </src>
        <src id="LOSAng">
            <dst id="ATLA-M5">1247.08533333333</dst>
            <dst id="ATLAng">13600.2533333333</dst>
            <dst id="CHINng">70576.9866666667</dst>
            <dst id="DNVRng">8430.59466666667</dst>
            <dst id="HSTNng">5487.96</dst>
            <dst id="IPLSng">21811.384</dst>
            <dst id="KSCYng">6803.704</dst>
            <dst id="LOSAng">10924.6133333333</dst>
            <dst id="NYCMng">52234.856</dst>
            <dst id="SNVAng">8860.112</dst>
            <dst id="STTLng">12745.52</dst>
            <dst id="WASHng">120218.072</dst>
        </src>
        <src id="NYCMng">
            <dst id="ATLA-M5">1121.80533333333</dst>
            <dst id="ATLAng">29871</dst>
            <dst id="CHINng">51420.0186666667</dst>
            <dst id="DNVRng">30568.104</dst>
            <dst id="HSTNng">5569.42133333333</dst>
            <dst id="IPLSng">32899.4506666667</dst>
            <dst id="KSCYng">14415.8453333333</dst>
            <dst id="LOSAng">52458.6293333333</dst>
            <dst id="NYCMng">124930.904</dst>
            <dst id="SNVAng">4348.424</dst>
            <dst id="STTLng">20031.5813333333</dst>
            <dst id="WASHng">82063.48</dst>
        </src>
        <src id="SNVAng">
            <dst id="ATLA-M5">0</dst>
            <dst id="ATLAng">0</dst>
            <dst id="CHINng">1242.944</dst>
            <dst id="DNVRng">4613.23733333333</dst>
            <dst id="HSTNng">53.3333333333333</dst>
            <dst id="IPLSng">1997.08266666667</dst>
            <dst id="KSCYng">146.944</dst>
            <dst id="LOSAng">41458.3893333333</dst>
            <dst id="NYCMng">579.274666666667</dst>
            <dst id="SNVAng">13730.3786666667</dst>
            <dst id="STTLng">54070.0853333333</dst>
            <dst id="WASHng">316.146666666667</dst>
        </src>
        <src id="STTLng">
            <dst id="ATLA-M5">205.693333333333</dst>
            <dst id="ATLAng">6432.92533333333</dst>
            <dst id="CHINng">17138.384</dst>
            <dst id="DNVRng">1796.95733333333</dst>
            <dst id="HSTNng">10366.72</dst>
            <dst id="IPLSng">4768.28266666667</dst>
            <dst id="KSCYng">7547.664</dst>
            <dst id="LOSAng">12290.16</dst>
            <dst id="NYCMng">5852.488</dst>
            <dst id="SNVAng">2146.944</dst>
            <dst id="STTLng">2534.89866666667</dst>
            <dst id="WASHng">10166.768</dst>
        </src>
        <src id="WASHng">
            <dst id="ATLA-M5">213.333333333333</dst>
            <dst id="ATLAng">94268.5066666667</dst>
            <dst id="CHINng">54629.688</dst>
            <dst id="DNVRng">45654.92</dst>
            <dst id="HSTNng">20885.84</dst>
            <dst id="IPLSng">72803.808</dst>
            <dst id="KSCYng">12204.4906666667</dst>
            <dst id="LOSAng">110328.016</dst>
            <dst id="NYCMng">174799.56</dst>
            <dst id="SNVAng">1063.40266666667</dst>
            <dst id="STTLng">26945.0746666667</dst>
            <dst id="WASHng">229739.984</dst>
        </src>
    </IntraTM>
</TrafficMatrixFile>
