<?xml version="1.0" encoding="ISO-8859-1" standalone="yes"?>
<TrafficMatrixFile xsi:noNamespaceSchemaLocation="http://totem.run.montefiore.ulg.ac.be/Schema/TrafficMatrix-v1_2.xsd" xmlns:xsi="http://www.w3.org/2001/XMLSchema-instance">
    <IntraTM ASID="11537">
        <src id="ATLA-M5">
            <dst id="ATLA-M5">36.16</dst>
            <dst id="ATLAng">215.594666666667</dst>
            <dst id="CHINng">287.36</dst>
            <dst id="DNVRng">53.3333333333333</dst>
            <dst id="HSTNng">229.269333333333</dst>
            <dst id="IPLSng">149.522666666667</dst>
            <dst id="KSCYng">53.3333333333333</dst>
            <dst id="LOSAng">192.098666666667</dst>
            <dst id="NYCMng">26.6666666666667</dst>
            <dst id="SNVAng">0</dst>
            <dst id="STTLng">0</dst>
            <dst id="WASHng">285.162666666667</dst>
        </src>
        <src id="ATLAng">
            <dst id="ATLA-M5">597.037333333333</dst>
            <dst id="ATLAng">50495.9813333333</dst>
            <dst id="CHINng">15286.9306666667</dst>
            <dst id="DNVRng">4530.90133333333</dst>
            <dst id="HSTNng">5586.89333333333</dst>
            <dst id="IPLSng">14596.7573333333</dst>
            <dst id="KSCYng">6515.98933333333</dst>
            <dst id="LOSAng">17459.3066666667</dst>
            <dst id="NYCMng">8262.184</dst>
            <dst id="SNVAng">1238.04266666667</dst>
            <dst id="STTLng">4275.272</dst>
            <dst id="WASHng">193040.818666667</dst>
        </src>
        <src id="CHINng">
            <dst id="ATLA-M5">417.197333333333</dst>
            <dst id="ATLAng">11413.7653333333</dst>
            <dst id="CHINng">100754.944</dst>
            <dst id="DNVRng">29387.2026666667</dst>
            <dst id="HSTNng">44165.1146666667</dst>
            <dst id="IPLSng">38858.7893333333</dst>
            <dst id="KSCYng">14257.304</dst>
            <dst id="LOSAng">51390.0186666667</dst>
            <dst id="NYCMng">18777.5306666667</dst>
            <dst id="SNVAng">1751.30666666667</dst>
            <dst id="STTLng">9558.87733333333</dst>
            <dst id="WASHng">27113.432</dst>
        </src>
        <src id="DNVRng">
            <dst id="ATLA-M5">156.32</dst>
            <dst id="ATLAng">4525.41333333333</dst>
            <dst id="CHINng">67520.4586666667</dst>
            <dst id="DNVRng">6437.416</dst>
            <dst id="HSTNng">12285.9093333333</dst>
            <dst id="IPLSng">45172.3013333334</dst>
            <dst id="KSCYng">12479.4533333333</dst>
            <dst id="LOSAng">4714.936</dst>
            <dst id="NYCMng">20749.992</dst>
            <dst id="SNVAng">8034.84266666667</dst>
            <dst id="STTLng">6231.22933333333</dst>
            <dst id="WASHng">51238.5626666667</dst>
        </src>
        <src id="HSTNng">
            <dst id="ATLA-M5">352</dst>
            <dst id="ATLAng">1904.25333333333</dst>
            <dst id="CHINng">19176.488</dst>
            <dst id="DNVRng">15058.0293333333</dst>
            <dst id="HSTNng">6428.50933333333</dst>
            <dst id="IPLSng">2726.36533333333</dst>
            <dst id="KSCYng">2003.60266666667</dst>
            <dst id="LOSAng">7235.78133333333</dst>
            <dst id="NYCMng">5106.92266666667</dst>
            <dst id="SNVAng">1258.64</dst>
            <dst id="STTLng">2540.48</dst>
            <dst id="WASHng">4628.728</dst>
        </src>
        <src id="IPLSng">
            <dst id="ATLA-M5">501.173333333333</dst>
            <dst id="ATLAng">26664.6666666667</dst>
            <dst id="CHINng">82585.5386666667</dst>
            <dst id="DNVRng">14607.6346666667</dst>
            <dst id="HSTNng">9661.97333333333</dst>
            <dst id="IPLSng">32662.48</dst>
            <dst id="KSCYng">9017.80266666667</dst>
            <dst id="LOSAng">46593.6346666667</dst>
            <dst id="NYCMng">42065.184</dst>
            <dst id="SNVAng">2543.61066666667</dst>
            <dst id="STTLng">8797.16533333333</dst>
            <dst id="WASHng">29351.2506666667</dst>
        </src>
        <src id="KSCYng">
            <dst id="ATLA-M5">403.637333333333</dst>
            <dst id="ATLAng">2012.84533333333</dst>
            <dst id="CHINng">21055.008</dst>
            <dst id="DNVRng">18782.8213333333</dst>
            <dst id="HSTNng">3738.77866666667</dst>
            <dst id="IPLSng">13007.632</dst>
            <dst id="KSCYng">11284.9786666667</dst>
            <dst id="LOSAng">5866.84</dst>
            <dst id="NYCMng">5398.704</dst>
            <dst id="SNVAng">497.093333333333</dst>
            <dst id="STTLng">1841.57866666667</dst>
            <dst id="WASHng">11957.632</dst>
        </src>
        <src id="LOSAng">
            <dst id="ATLA-M5">1921.74666666667</dst>
            <dst id="ATLAng">9422.97333333333</dst>
            <dst id="CHINng">77765.3493333333</dst>
            <dst id="DNVRng">10789.2693333333</dst>
            <dst id="HSTNng">5013.93066666667</dst>
            <dst id="IPLSng">26733.6986666667</dst>
            <dst id="KSCYng">11777.8293333333</dst>
            <dst id="LOSAng">11200.672</dst>
            <dst id="NYCMng">47706.2933333333</dst>
            <dst id="SNVAng">11354.7093333333</dst>
            <dst id="STTLng">24279.2506666667</dst>
            <dst id="WASHng">108488.354666667</dst>
        </src>
        <src id="NYCMng">
            <dst id="ATLA-M5">348.282666666667</dst>
            <dst id="ATLAng">28120.3946666667</dst>
            <dst id="CHINng">46815.768</dst>
            <dst id="DNVRng">41846.648</dst>
            <dst id="HSTNng">10867.1653333333</dst>
            <dst id="IPLSng">48469.3093333333</dst>
            <dst id="KSCYng">15793.4986666667</dst>
            <dst id="LOSAng">55909.6266666667</dst>
            <dst id="NYCMng">143764.861333333</dst>
            <dst id="SNVAng">3353.392</dst>
            <dst id="STTLng">26509.216</dst>
            <dst id="WASHng">88304.4106666666</dst>
        </src>
        <src id="SNVAng">
            <dst id="ATLA-M5">0</dst>
            <dst id="ATLAng">80</dst>
            <dst id="CHINng">2452.16266666667</dst>
            <dst id="DNVRng">9039.01066666667</dst>
            <dst id="HSTNng">166.616</dst>
            <dst id="IPLSng">1886.264</dst>
            <dst id="KSCYng">202.392</dst>
            <dst id="LOSAng">41750.312</dst>
            <dst id="NYCMng">394.032</dst>
            <dst id="SNVAng">17567.208</dst>
            <dst id="STTLng">61639.736</dst>
            <dst id="WASHng">235.954666666667</dst>
        </src>
        <src id="STTLng">
            <dst id="ATLA-M5">344.749333333333</dst>
            <dst id="ATLAng">8547.53866666667</dst>
            <dst id="CHINng">11943.3413333333</dst>
            <dst id="DNVRng">6289.8</dst>
            <dst id="HSTNng">10669.952</dst>
            <dst id="IPLSng">5932.06666666667</dst>
            <dst id="KSCYng">4212.48</dst>
            <dst id="LOSAng">15012.2826666667</dst>
            <dst id="NYCMng">4917.208</dst>
            <dst id="SNVAng">3524.936</dst>
            <dst id="STTLng">1756.81866666667</dst>
            <dst id="WASHng">5169.07733333333</dst>
        </src>
        <src id="WASHng">
            <dst id="ATLA-M5">232.994666666667</dst>
            <dst id="ATLAng">92882.5493333333</dst>
            <dst id="CHINng">76807.2826666667</dst>
            <dst id="DNVRng">55516.3333333333</dst>
            <dst id="HSTNng">39341.7253333333</dst>
            <dst id="IPLSng">69754.264</dst>
            <dst id="KSCYng">18026.1493333333</dst>
            <dst id="LOSAng">112547.069333333</dst>
            <dst id="NYCMng">172428.712</dst>
            <dst id="SNVAng">3701.872</dst>
            <dst id="STTLng">33012.7626666667</dst>
            <dst id="WASHng">236802.506666667</dst>
        </src>
    </IntraTM>
</TrafficMatrixFile>
