<?xml version="1.0" encoding="ISO-8859-1" standalone="yes"?>
<TrafficMatrixFile xsi:noNamespaceSchemaLocation="http://totem.run.montefiore.ulg.ac.be/Schema/TrafficMatrix-v1_2.xsd" xmlns:xsi="http://www.w3.org/2001/XMLSchema-instance">
    <IntraTM ASID="11537">
        <src id="ATLA-M5">
            <dst id="ATLA-M5">38.784</dst>
            <dst id="ATLAng">174.504</dst>
            <dst id="CHINng">863.605333333333</dst>
            <dst id="DNVRng">91.4533333333334</dst>
            <dst id="HSTNng">68.8453333333333</dst>
            <dst id="IPLSng">4167.87466666667</dst>
            <dst id="KSCYng">2117.98933333333</dst>
            <dst id="LOSAng">511.157333333333</dst>
            <dst id="NYCMng">349.706666666667</dst>
            <dst id="SNVAng">234.912</dst>
            <dst id="STTLng">40.4266666666667</dst>
            <dst id="WASHng">1508.05333333333</dst>
        </src>
        <src id="ATLAng">
            <dst id="ATLA-M5">279.189333333333</dst>
            <dst id="ATLAng">28902.0453333333</dst>
            <dst id="CHINng">25355.3093333333</dst>
            <dst id="DNVRng">5922.072</dst>
            <dst id="HSTNng">2914.12</dst>
            <dst id="IPLSng">22404.8346666667</dst>
            <dst id="KSCYng">10339.2613333333</dst>
            <dst id="LOSAng">22621.968</dst>
            <dst id="NYCMng">15838.6746666667</dst>
            <dst id="SNVAng">726.314666666667</dst>
            <dst id="STTLng">5899.416</dst>
            <dst id="WASHng">37640.6586666667</dst>
        </src>
        <src id="CHINng">
            <dst id="ATLA-M5">1415.592</dst>
            <dst id="ATLAng">34318.976</dst>
            <dst id="CHINng">87822.8053333333</dst>
            <dst id="DNVRng">22804.5066666667</dst>
            <dst id="HSTNng">53910.3466666667</dst>
            <dst id="IPLSng">60246.392</dst>
            <dst id="KSCYng">21847.1546666667</dst>
            <dst id="LOSAng">84959.3626666667</dst>
            <dst id="NYCMng">20728.3333333333</dst>
            <dst id="SNVAng">8040.02933333333</dst>
            <dst id="STTLng">12790.5013333333</dst>
            <dst id="WASHng">33100.5253333333</dst>
        </src>
        <src id="DNVRng">
            <dst id="ATLA-M5">183.624</dst>
            <dst id="ATLAng">4175.08266666667</dst>
            <dst id="CHINng">71878.7066666667</dst>
            <dst id="DNVRng">14670.7573333333</dst>
            <dst id="HSTNng">15429.9253333333</dst>
            <dst id="IPLSng">30540.9386666667</dst>
            <dst id="KSCYng">22255.624</dst>
            <dst id="LOSAng">8609.30666666667</dst>
            <dst id="NYCMng">19626.2373333333</dst>
            <dst id="SNVAng">16375.4853333333</dst>
            <dst id="STTLng">13692.6986666667</dst>
            <dst id="WASHng">63224.8693333333</dst>
        </src>
        <src id="HSTNng">
            <dst id="ATLA-M5">881.458666666667</dst>
            <dst id="ATLAng">2742.248</dst>
            <dst id="CHINng">24519.2693333333</dst>
            <dst id="DNVRng">3107.42133333333</dst>
            <dst id="HSTNng">7251.2</dst>
            <dst id="IPLSng">4667.22666666667</dst>
            <dst id="KSCYng">5839.936</dst>
            <dst id="LOSAng">7770.62666666667</dst>
            <dst id="NYCMng">7744.05333333333</dst>
            <dst id="SNVAng">1933.02933333333</dst>
            <dst id="STTLng">1949.52266666667</dst>
            <dst id="WASHng">7373.36533333334</dst>
        </src>
        <src id="IPLSng">
            <dst id="ATLA-M5">1575.88266666667</dst>
            <dst id="ATLAng">30009.5786666667</dst>
            <dst id="CHINng">113782.541333333</dst>
            <dst id="DNVRng">12240.4186666667</dst>
            <dst id="HSTNng">6849.728</dst>
            <dst id="IPLSng">21447.2453333333</dst>
            <dst id="KSCYng">9415.168</dst>
            <dst id="LOSAng">40204.6826666667</dst>
            <dst id="NYCMng">54753.0266666667</dst>
            <dst id="SNVAng">3313.33866666667</dst>
            <dst id="STTLng">12420.808</dst>
            <dst id="WASHng">38281.4</dst>
        </src>
        <src id="KSCYng">
            <dst id="ATLA-M5">705.829333333333</dst>
            <dst id="ATLAng">4263.52533333333</dst>
            <dst id="CHINng">25319.1706666667</dst>
            <dst id="DNVRng">22914.0213333333</dst>
            <dst id="HSTNng">4680.41066666667</dst>
            <dst id="IPLSng">16723.0533333333</dst>
            <dst id="KSCYng">13674.92</dst>
            <dst id="LOSAng">6882.64266666667</dst>
            <dst id="NYCMng">6232.944</dst>
            <dst id="SNVAng">1063.088</dst>
            <dst id="STTLng">2393.416</dst>
            <dst id="WASHng">20509.7013333333</dst>
        </src>
        <src id="LOSAng">
            <dst id="ATLA-M5">1890.752</dst>
            <dst id="ATLAng">19007.6666666667</dst>
            <dst id="CHINng">96749.752</dst>
            <dst id="DNVRng">18027.2533333333</dst>
            <dst id="HSTNng">11084.872</dst>
            <dst id="IPLSng">83494.2746666667</dst>
            <dst id="KSCYng">12142.8693333333</dst>
            <dst id="LOSAng">15235.2826666667</dst>
            <dst id="NYCMng">71755.6693333333</dst>
            <dst id="SNVAng">10704.976</dst>
            <dst id="STTLng">28427.5546666667</dst>
            <dst id="WASHng">102218.821333333</dst>
        </src>
        <src id="NYCMng">
            <dst id="ATLA-M5">3002.21866666667</dst>
            <dst id="ATLAng">32025.1733333333</dst>
            <dst id="CHINng">70140.2586666667</dst>
            <dst id="DNVRng">37376.5173333333</dst>
            <dst id="HSTNng">25111.1333333333</dst>
            <dst id="IPLSng">87396.152</dst>
            <dst id="KSCYng">19994.264</dst>
            <dst id="LOSAng">93674.1066666667</dst>
            <dst id="NYCMng">168040.301333333</dst>
            <dst id="SNVAng">3945.63733333333</dst>
            <dst id="STTLng">25212.784</dst>
            <dst id="WASHng">134023.544</dst>
        </src>
        <src id="SNVAng">
            <dst id="ATLA-M5">0</dst>
            <dst id="ATLAng">255.965333333333</dst>
            <dst id="CHINng">1465.52266666667</dst>
            <dst id="DNVRng">17815.3893333333</dst>
            <dst id="HSTNng">619.506666666667</dst>
            <dst id="IPLSng">1255.97866666667</dst>
            <dst id="KSCYng">88.408</dst>
            <dst id="LOSAng">53085.7973333333</dst>
            <dst id="NYCMng">8725.41866666667</dst>
            <dst id="SNVAng">24352.4</dst>
            <dst id="STTLng">65979.6933333333</dst>
            <dst id="WASHng">1705.832</dst>
        </src>
        <src id="STTLng">
            <dst id="ATLA-M5">297.922666666667</dst>
            <dst id="ATLAng">8870.24</dst>
            <dst id="CHINng">17261.2053333333</dst>
            <dst id="DNVRng">4064.17066666667</dst>
            <dst id="HSTNng">7806.32</dst>
            <dst id="IPLSng">9466.888</dst>
            <dst id="KSCYng">3061.864</dst>
            <dst id="LOSAng">25581.6426666667</dst>
            <dst id="NYCMng">6663.81333333333</dst>
            <dst id="SNVAng">4821.30933333333</dst>
            <dst id="STTLng">6688.35733333333</dst>
            <dst id="WASHng">11749.2053333333</dst>
        </src>
        <src id="WASHng">
            <dst id="ATLA-M5">1835.52266666667</dst>
            <dst id="ATLAng">122840.333333333</dst>
            <dst id="CHINng">89661.9733333333</dst>
            <dst id="DNVRng">64744.8453333333</dst>
            <dst id="HSTNng">23932.4186666667</dst>
            <dst id="IPLSng">53073.5173333333</dst>
            <dst id="KSCYng">30044.6213333333</dst>
            <dst id="LOSAng">145717.944</dst>
            <dst id="NYCMng">156911.344</dst>
            <dst id="SNVAng">2265.79733333333</dst>
            <dst id="STTLng">26371.8053333333</dst>
            <dst id="WASHng">247517.221333333</dst>
        </src>
    </IntraTM>
</TrafficMatrixFile>
