<?xml version="1.0" encoding="ISO-8859-1" standalone="yes"?>
<TrafficMatrixFile xsi:noNamespaceSchemaLocation="http://totem.run.montefiore.ulg.ac.be/Schema/TrafficMatrix-v1_2.xsd" xmlns:xsi="http://www.w3.org/2001/XMLSchema-instance">
    <IntraTM ASID="11537">
        <src id="ATLA-M5">
            <dst id="ATLA-M5">61.1706666666667</dst>
            <dst id="ATLAng">168.610666666667</dst>
            <dst id="CHINng">1812.09066666667</dst>
            <dst id="DNVRng">147.325333333333</dst>
            <dst id="HSTNng">344.72</dst>
            <dst id="IPLSng">354.730666666667</dst>
            <dst id="KSCYng">213.914666666667</dst>
            <dst id="LOSAng">562.445333333333</dst>
            <dst id="NYCMng">388.986666666667</dst>
            <dst id="SNVAng">361.056</dst>
            <dst id="STTLng">291.84</dst>
            <dst id="WASHng">1220.272</dst>
        </src>
        <src id="ATLAng">
            <dst id="ATLA-M5">428.52</dst>
            <dst id="ATLAng">24761.672</dst>
            <dst id="CHINng">28388.5306666667</dst>
            <dst id="DNVRng">5311.65066666667</dst>
            <dst id="HSTNng">1678.592</dst>
            <dst id="IPLSng">26101.976</dst>
            <dst id="KSCYng">6622.2</dst>
            <dst id="LOSAng">21395.0773333333</dst>
            <dst id="NYCMng">8782.54133333333</dst>
            <dst id="SNVAng">1216.94933333333</dst>
            <dst id="STTLng">6752.224</dst>
            <dst id="WASHng">108400.498666667</dst>
        </src>
        <src id="CHINng">
            <dst id="ATLA-M5">1112.96266666667</dst>
            <dst id="ATLAng">26439.7146666667</dst>
            <dst id="CHINng">100358.458666667</dst>
            <dst id="DNVRng">24648.7946666667</dst>
            <dst id="HSTNng">41506.088</dst>
            <dst id="IPLSng">55927.4186666667</dst>
            <dst id="KSCYng">13409.3546666667</dst>
            <dst id="LOSAng">80712.584</dst>
            <dst id="NYCMng">26616.2986666667</dst>
            <dst id="SNVAng">2790.13333333333</dst>
            <dst id="STTLng">9678.72266666667</dst>
            <dst id="WASHng">32410.5093333333</dst>
        </src>
        <src id="DNVRng">
            <dst id="ATLA-M5">234.285333333333</dst>
            <dst id="ATLAng">4850.95466666667</dst>
            <dst id="CHINng">71423.3813333334</dst>
            <dst id="DNVRng">12526.1493333333</dst>
            <dst id="HSTNng">15249.488</dst>
            <dst id="IPLSng">27672.7226666667</dst>
            <dst id="KSCYng">26035.9253333333</dst>
            <dst id="LOSAng">11007.3706666667</dst>
            <dst id="NYCMng">16326.9946666667</dst>
            <dst id="SNVAng">11176.384</dst>
            <dst id="STTLng">10576.7493333333</dst>
            <dst id="WASHng">60399.0933333333</dst>
        </src>
        <src id="HSTNng">
            <dst id="ATLA-M5">3632.544</dst>
            <dst id="ATLAng">5390.10133333333</dst>
            <dst id="CHINng">21259.256</dst>
            <dst id="DNVRng">7208.50666666667</dst>
            <dst id="HSTNng">9215.65066666667</dst>
            <dst id="IPLSng">8976.12</dst>
            <dst id="KSCYng">5256.93866666667</dst>
            <dst id="LOSAng">9316.55733333333</dst>
            <dst id="NYCMng">4710.48266666667</dst>
            <dst id="SNVAng">966.624</dst>
            <dst id="STTLng">1881.17333333333</dst>
            <dst id="WASHng">6515.51466666667</dst>
        </src>
        <src id="IPLSng">
            <dst id="ATLA-M5">429.450666666667</dst>
            <dst id="ATLAng">33114.752</dst>
            <dst id="CHINng">127832.776</dst>
            <dst id="DNVRng">8826.528</dst>
            <dst id="HSTNng">6648.48533333333</dst>
            <dst id="IPLSng">17235.3546666667</dst>
            <dst id="KSCYng">6701.456</dst>
            <dst id="LOSAng">48346.6906666666</dst>
            <dst id="NYCMng">46726.3413333333</dst>
            <dst id="SNVAng">3492.98133333333</dst>
            <dst id="STTLng">11745.4773333333</dst>
            <dst id="WASHng">62420.592</dst>
        </src>
        <src id="KSCYng">
            <dst id="ATLA-M5">225.026666666667</dst>
            <dst id="ATLAng">3871.79466666667</dst>
            <dst id="CHINng">28743.0666666667</dst>
            <dst id="DNVRng">23496.7733333333</dst>
            <dst id="HSTNng">4000.58933333333</dst>
            <dst id="IPLSng">16404.3386666667</dst>
            <dst id="KSCYng">11240.688</dst>
            <dst id="LOSAng">6510.95466666667</dst>
            <dst id="NYCMng">7784.40266666667</dst>
            <dst id="SNVAng">1011.328</dst>
            <dst id="STTLng">4575.70666666667</dst>
            <dst id="WASHng">18232.5493333333</dst>
        </src>
        <src id="LOSAng">
            <dst id="ATLA-M5">1767.952</dst>
            <dst id="ATLAng">25666.024</dst>
            <dst id="CHINng">95222.2453333333</dst>
            <dst id="DNVRng">11461.16</dst>
            <dst id="HSTNng">8552.45066666667</dst>
            <dst id="IPLSng">54537.5573333333</dst>
            <dst id="KSCYng">19268.216</dst>
            <dst id="LOSAng">16121.2506666667</dst>
            <dst id="NYCMng">71117.0373333333</dst>
            <dst id="SNVAng">11706.5573333333</dst>
            <dst id="STTLng">29484.7493333333</dst>
            <dst id="WASHng">117470.864</dst>
        </src>
        <src id="NYCMng">
            <dst id="ATLA-M5">2859.97866666667</dst>
            <dst id="ATLAng">43809.5973333333</dst>
            <dst id="CHINng">70696.64</dst>
            <dst id="DNVRng">37593.688</dst>
            <dst id="HSTNng">22501.464</dst>
            <dst id="IPLSng">73931.36</dst>
            <dst id="KSCYng">23104.176</dst>
            <dst id="LOSAng">84400.5573333333</dst>
            <dst id="NYCMng">198235.250666667</dst>
            <dst id="SNVAng">4734.44</dst>
            <dst id="STTLng">24011.2533333333</dst>
            <dst id="WASHng">117162.141333333</dst>
        </src>
        <src id="SNVAng">
            <dst id="ATLA-M5">160.805333333333</dst>
            <dst id="ATLAng">166.672</dst>
            <dst id="CHINng">2128.448</dst>
            <dst id="DNVRng">7318.40266666667</dst>
            <dst id="HSTNng">526.394666666667</dst>
            <dst id="IPLSng">6663.96</dst>
            <dst id="KSCYng">376.882666666667</dst>
            <dst id="LOSAng">56554.9173333333</dst>
            <dst id="NYCMng">5378.936</dst>
            <dst id="SNVAng">23807.1706666667</dst>
            <dst id="STTLng">59509.4133333333</dst>
            <dst id="WASHng">1348.65333333333</dst>
        </src>
        <src id="STTLng">
            <dst id="ATLA-M5">264.189333333333</dst>
            <dst id="ATLAng">9994.992</dst>
            <dst id="CHINng">12755.9413333333</dst>
            <dst id="DNVRng">4666.336</dst>
            <dst id="HSTNng">7548.70133333334</dst>
            <dst id="IPLSng">8602.41066666667</dst>
            <dst id="KSCYng">4038.85333333333</dst>
            <dst id="LOSAng">41903.2613333333</dst>
            <dst id="NYCMng">7340.86933333333</dst>
            <dst id="SNVAng">3797.096</dst>
            <dst id="STTLng">4337.09333333333</dst>
            <dst id="WASHng">9189.85866666667</dst>
        </src>
        <src id="WASHng">
            <dst id="ATLA-M5">2883.04</dst>
            <dst id="ATLAng">110150.674666667</dst>
            <dst id="CHINng">82243.4906666667</dst>
            <dst id="DNVRng">62959.7146666667</dst>
            <dst id="HSTNng">32083.5466666667</dst>
            <dst id="IPLSng">49723.368</dst>
            <dst id="KSCYng">30916.8666666667</dst>
            <dst id="LOSAng">129856.301333333</dst>
            <dst id="NYCMng">199538.261333333</dst>
            <dst id="SNVAng">8136.96533333333</dst>
            <dst id="STTLng">28949.6506666667</dst>
            <dst id="WASHng">217774.136</dst>
        </src>
    </IntraTM>
</TrafficMatrixFile>
