<?xml version="1.0" encoding="ISO-8859-1" standalone="yes"?>
<TrafficMatrixFile xsi:noNamespaceSchemaLocation="http://totem.run.montefiore.ulg.ac.be/Schema/TrafficMatrix-v1_2.xsd" xmlns:xsi="http://www.w3.org/2001/XMLSchema-instance">
    <IntraTM ASID="11537">
        <src id="ATLA-M5">
            <dst id="ATLA-M5">1300.33333333333</dst>
            <dst id="ATLAng">178.474666666667</dst>
            <dst id="CHINng">1852.632</dst>
            <dst id="DNVRng">1075.03733333333</dst>
            <dst id="HSTNng">132.066666666667</dst>
            <dst id="IPLSng">314.917333333333</dst>
            <dst id="KSCYng">36.1493333333333</dst>
            <dst id="LOSAng">564.218666666667</dst>
            <dst id="NYCMng">186.666666666667</dst>
            <dst id="SNVAng">26.6666666666667</dst>
            <dst id="STTLng">133.333333333333</dst>
            <dst id="WASHng">3034.05333333333</dst>
        </src>
        <src id="ATLAng">
            <dst id="ATLA-M5">219.56</dst>
            <dst id="ATLAng">23876.2693333333</dst>
            <dst id="CHINng">16768.824</dst>
            <dst id="DNVRng">4234.672</dst>
            <dst id="HSTNng">4387.56266666667</dst>
            <dst id="IPLSng">14310.6986666667</dst>
            <dst id="KSCYng">2313.19733333333</dst>
            <dst id="LOSAng">17731.136</dst>
            <dst id="NYCMng">11975.4933333333</dst>
            <dst id="SNVAng">201.546666666667</dst>
            <dst id="STTLng">10664.5626666667</dst>
            <dst id="WASHng">37194.5706666667</dst>
        </src>
        <src id="CHINng">
            <dst id="ATLA-M5">664.664</dst>
            <dst id="ATLAng">13664.9813333333</dst>
            <dst id="CHINng">111186.493333333</dst>
            <dst id="DNVRng">29377.7706666667</dst>
            <dst id="HSTNng">51089.6133333333</dst>
            <dst id="IPLSng">38943.752</dst>
            <dst id="KSCYng">16973.8426666667</dst>
            <dst id="LOSAng">39683.544</dst>
            <dst id="NYCMng">22536.2666666667</dst>
            <dst id="SNVAng">1817.02933333333</dst>
            <dst id="STTLng">16359.056</dst>
            <dst id="WASHng">33699.9626666667</dst>
        </src>
        <src id="DNVRng">
            <dst id="ATLA-M5">267.234666666667</dst>
            <dst id="ATLAng">7438.06133333333</dst>
            <dst id="CHINng">53679.9093333333</dst>
            <dst id="DNVRng">6040.10666666666</dst>
            <dst id="HSTNng">10344.6373333333</dst>
            <dst id="IPLSng">34184.3493333333</dst>
            <dst id="KSCYng">11551.9146666667</dst>
            <dst id="LOSAng">4674.62933333333</dst>
            <dst id="NYCMng">22300.2506666667</dst>
            <dst id="SNVAng">11429.432</dst>
            <dst id="STTLng">7390.4</dst>
            <dst id="WASHng">48942.3893333333</dst>
        </src>
        <src id="HSTNng">
            <dst id="ATLA-M5">1645.096</dst>
            <dst id="ATLAng">4099.74666666667</dst>
            <dst id="CHINng">16906.0826666667</dst>
            <dst id="DNVRng">3063.67733333333</dst>
            <dst id="HSTNng">7758.408</dst>
            <dst id="IPLSng">3744.61333333333</dst>
            <dst id="KSCYng">3192.74933333333</dst>
            <dst id="LOSAng">4006.01066666667</dst>
            <dst id="NYCMng">7357.21333333333</dst>
            <dst id="SNVAng">1361.984</dst>
            <dst id="STTLng">1074.85866666667</dst>
            <dst id="WASHng">6929.856</dst>
        </src>
        <src id="IPLSng">
            <dst id="ATLA-M5">392.354666666667</dst>
            <dst id="ATLAng">16316.7253333333</dst>
            <dst id="CHINng">103470.578666667</dst>
            <dst id="DNVRng">23551.9466666667</dst>
            <dst id="HSTNng">5992.024</dst>
            <dst id="IPLSng">31086.0853333333</dst>
            <dst id="KSCYng">9058.91466666667</dst>
            <dst id="LOSAng">34194.8533333333</dst>
            <dst id="NYCMng">53993.008</dst>
            <dst id="SNVAng">1945.06133333333</dst>
            <dst id="STTLng">12699.872</dst>
            <dst id="WASHng">32627.784</dst>
        </src>
        <src id="KSCYng">
            <dst id="ATLA-M5">280.042666666667</dst>
            <dst id="ATLAng">3017.384</dst>
            <dst id="CHINng">32471.4933333333</dst>
            <dst id="DNVRng">17109.528</dst>
            <dst id="HSTNng">2948.19733333333</dst>
            <dst id="IPLSng">18673.6933333333</dst>
            <dst id="KSCYng">7592.25333333333</dst>
            <dst id="LOSAng">6320.128</dst>
            <dst id="NYCMng">6491.66133333333</dst>
            <dst id="SNVAng">1599.75733333333</dst>
            <dst id="STTLng">1615.94133333333</dst>
            <dst id="WASHng">17547.104</dst>
        </src>
        <src id="LOSAng">
            <dst id="ATLA-M5">3071.82133333333</dst>
            <dst id="ATLAng">28517.136</dst>
            <dst id="CHINng">1078326.21333333</dst>
            <dst id="DNVRng">11904.944</dst>
            <dst id="HSTNng">9013.86933333333</dst>
            <dst id="IPLSng">57067.704</dst>
            <dst id="KSCYng">12645.7573333333</dst>
            <dst id="LOSAng">7687.74666666667</dst>
            <dst id="NYCMng">80584.376</dst>
            <dst id="SNVAng">16478.0906666667</dst>
            <dst id="STTLng">18904.9093333333</dst>
            <dst id="WASHng">102962.168</dst>
        </src>
        <src id="NYCMng">
            <dst id="ATLA-M5">2119.87733333333</dst>
            <dst id="ATLAng">37481.3653333333</dst>
            <dst id="CHINng">59229.9466666667</dst>
            <dst id="DNVRng">31087.5413333333</dst>
            <dst id="HSTNng">17886.632</dst>
            <dst id="IPLSng">78473.5653333333</dst>
            <dst id="KSCYng">16121.4373333333</dst>
            <dst id="LOSAng">52781.784</dst>
            <dst id="NYCMng">193673.658666667</dst>
            <dst id="SNVAng">6433.55733333333</dst>
            <dst id="STTLng">21205.2746666667</dst>
            <dst id="WASHng">106442.037333333</dst>
        </src>
        <src id="SNVAng">
            <dst id="ATLA-M5">0</dst>
            <dst id="ATLAng">900.746666666667</dst>
            <dst id="CHINng">1508.888</dst>
            <dst id="DNVRng">3713.68266666667</dst>
            <dst id="HSTNng">421.717333333333</dst>
            <dst id="IPLSng">3145.53866666667</dst>
            <dst id="KSCYng">417.370666666667</dst>
            <dst id="LOSAng">35739.9413333333</dst>
            <dst id="NYCMng">2021.50133333333</dst>
            <dst id="SNVAng">16058.2773333333</dst>
            <dst id="STTLng">56062.1866666667</dst>
            <dst id="WASHng">690.418666666667</dst>
        </src>
        <src id="STTLng">
            <dst id="ATLA-M5">237.616</dst>
            <dst id="ATLAng">11330.6026666667</dst>
            <dst id="CHINng">13718.032</dst>
            <dst id="DNVRng">5319.968</dst>
            <dst id="HSTNng">11564.8453333333</dst>
            <dst id="IPLSng">5692.43733333333</dst>
            <dst id="KSCYng">4172.42933333333</dst>
            <dst id="LOSAng">15179.088</dst>
            <dst id="NYCMng">9618.72533333333</dst>
            <dst id="SNVAng">2997.87466666667</dst>
            <dst id="STTLng">2911.288</dst>
            <dst id="WASHng">8440.46666666667</dst>
        </src>
        <src id="WASHng">
            <dst id="ATLA-M5">901.968</dst>
            <dst id="ATLAng">100715.976</dst>
            <dst id="CHINng">78496.4133333333</dst>
            <dst id="DNVRng">44676.336</dst>
            <dst id="HSTNng">22410.4106666667</dst>
            <dst id="IPLSng">61024.3493333333</dst>
            <dst id="KSCYng">18438.0826666667</dst>
            <dst id="LOSAng">119219.384</dst>
            <dst id="NYCMng">177594.592</dst>
            <dst id="SNVAng">9876.20266666667</dst>
            <dst id="STTLng">41293.912</dst>
            <dst id="WASHng">327603.76</dst>
        </src>
    </IntraTM>
</TrafficMatrixFile>
