<?xml version="1.0" encoding="ISO-8859-1" standalone="yes"?>
<TrafficMatrixFile xsi:noNamespaceSchemaLocation="http://totem.run.montefiore.ulg.ac.be/Schema/TrafficMatrix-v1_2.xsd" xmlns:xsi="http://www.w3.org/2001/XMLSchema-instance">
    <IntraTM ASID="11537">
        <src id="ATLA-M5">
            <dst id="ATLA-M5">53.3333333333333</dst>
            <dst id="ATLAng">109.341333333333</dst>
            <dst id="CHINng">2833.31466666667</dst>
            <dst id="DNVRng">86.096</dst>
            <dst id="HSTNng">367.394666666667</dst>
            <dst id="IPLSng">913.352</dst>
            <dst id="KSCYng">1605.02933333333</dst>
            <dst id="LOSAng">395.488</dst>
            <dst id="NYCMng">192.592</dst>
            <dst id="SNVAng">0</dst>
            <dst id="STTLng">26.6666666666667</dst>
            <dst id="WASHng">699.432</dst>
        </src>
        <src id="ATLAng">
            <dst id="ATLA-M5">226.370666666667</dst>
            <dst id="ATLAng">23690.384</dst>
            <dst id="CHINng">25990.3786666667</dst>
            <dst id="DNVRng">4615.048</dst>
            <dst id="HSTNng">3214.736</dst>
            <dst id="IPLSng">23756.9466666667</dst>
            <dst id="KSCYng">4347.09333333333</dst>
            <dst id="LOSAng">23834.084</dst>
            <dst id="NYCMng">19244.176</dst>
            <dst id="SNVAng">1151.28133333333</dst>
            <dst id="STTLng">5842.84</dst>
            <dst id="WASHng">34559.7146666667</dst>
        </src>
        <src id="CHINng">
            <dst id="ATLA-M5">2311.15733333333</dst>
            <dst id="ATLAng">35355.2453333333</dst>
            <dst id="CHINng">85374.2773333333</dst>
            <dst id="DNVRng">29873.9413333333</dst>
            <dst id="HSTNng">47741.0533333333</dst>
            <dst id="IPLSng">61240.0746666666</dst>
            <dst id="KSCYng">21768.2506666667</dst>
            <dst id="LOSAng">73248.8106666667</dst>
            <dst id="NYCMng">23853.8666666667</dst>
            <dst id="SNVAng">4740.48</dst>
            <dst id="STTLng">9316.192</dst>
            <dst id="WASHng">23739.5306666667</dst>
        </src>
        <src id="DNVRng">
            <dst id="ATLA-M5">147.306666666667</dst>
            <dst id="ATLAng">5744.712</dst>
            <dst id="CHINng">63997.0373333333</dst>
            <dst id="DNVRng">4551.15466666667</dst>
            <dst id="HSTNng">13128.0106666667</dst>
            <dst id="IPLSng">34003.6666666667</dst>
            <dst id="KSCYng">11269.8693333333</dst>
            <dst id="LOSAng">37881.2186666667</dst>
            <dst id="NYCMng">23041.952</dst>
            <dst id="SNVAng">8670.02933333333</dst>
            <dst id="STTLng">10498.6</dst>
            <dst id="WASHng">49362.2213333333</dst>
        </src>
        <src id="HSTNng">
            <dst id="ATLA-M5">5049.18666666667</dst>
            <dst id="ATLAng">3746.77866666667</dst>
            <dst id="CHINng">17714.1013333333</dst>
            <dst id="DNVRng">2852.04</dst>
            <dst id="HSTNng">7315.90666666667</dst>
            <dst id="IPLSng">7261.504</dst>
            <dst id="KSCYng">5104.04266666667</dst>
            <dst id="LOSAng">7501.00533333333</dst>
            <dst id="NYCMng">6671.64533333333</dst>
            <dst id="SNVAng">788.690666666667</dst>
            <dst id="STTLng">3037.4</dst>
            <dst id="WASHng">8265.66933333334</dst>
        </src>
        <src id="IPLSng">
            <dst id="ATLA-M5">543.24</dst>
            <dst id="ATLAng">31337.832</dst>
            <dst id="CHINng">100163.36</dst>
            <dst id="DNVRng">14572.832</dst>
            <dst id="HSTNng">8233.66133333333</dst>
            <dst id="IPLSng">42662.6266666667</dst>
            <dst id="KSCYng">14650.248</dst>
            <dst id="LOSAng">44573.6026666667</dst>
            <dst id="NYCMng">47370.5866666667</dst>
            <dst id="SNVAng">5362.168</dst>
            <dst id="STTLng">7974.08533333333</dst>
            <dst id="WASHng">42104.8186666667</dst>
        </src>
        <src id="KSCYng">
            <dst id="ATLA-M5">165.064</dst>
            <dst id="ATLAng">3749.928</dst>
            <dst id="CHINng">22859.2346666667</dst>
            <dst id="DNVRng">20961.224</dst>
            <dst id="HSTNng">5870.36</dst>
            <dst id="IPLSng">15871.9706666667</dst>
            <dst id="KSCYng">7337.62133333333</dst>
            <dst id="LOSAng">6625.18933333333</dst>
            <dst id="NYCMng">4323.736</dst>
            <dst id="SNVAng">425.984</dst>
            <dst id="STTLng">2549.31733333333</dst>
            <dst id="WASHng">29740.2773333333</dst>
        </src>
        <src id="LOSAng">
            <dst id="ATLA-M5">1844.74933333333</dst>
            <dst id="ATLAng">22408.9653333333</dst>
            <dst id="CHINng">92261.1386666667</dst>
            <dst id="DNVRng">22880.8693333333</dst>
            <dst id="HSTNng">6501.98933333333</dst>
            <dst id="IPLSng">51310.2266666667</dst>
            <dst id="KSCYng">16036.1386666667</dst>
            <dst id="LOSAng">15632.36</dst>
            <dst id="NYCMng">69460.552</dst>
            <dst id="SNVAng">10783.136</dst>
            <dst id="STTLng">35621.0453333333</dst>
            <dst id="WASHng">97680.1333333333</dst>
        </src>
        <src id="NYCMng">
            <dst id="ATLA-M5">2133.768</dst>
            <dst id="ATLAng">38585.664</dst>
            <dst id="CHINng">61700.488</dst>
            <dst id="DNVRng">37844.8266666667</dst>
            <dst id="HSTNng">24094.7253333333</dst>
            <dst id="IPLSng">61686.888</dst>
            <dst id="KSCYng">22016.184</dst>
            <dst id="LOSAng">80848.6373333333</dst>
            <dst id="NYCMng">196809.565333333</dst>
            <dst id="SNVAng">3394.11466666667</dst>
            <dst id="STTLng">35443.8586666667</dst>
            <dst id="WASHng">158917.344</dst>
        </src>
        <src id="SNVAng">
            <dst id="ATLA-M5">104.093333333333</dst>
            <dst id="ATLAng">231.912</dst>
            <dst id="CHINng">2042.52</dst>
            <dst id="DNVRng">3973.95466666667</dst>
            <dst id="HSTNng">2114.30133333333</dst>
            <dst id="IPLSng">5523.776</dst>
            <dst id="KSCYng">474.026666666667</dst>
            <dst id="LOSAng">52956.1813333333</dst>
            <dst id="NYCMng">497.472</dst>
            <dst id="SNVAng">20510.3733333333</dst>
            <dst id="STTLng">67771.688</dst>
            <dst id="WASHng">1585.864</dst>
        </src>
        <src id="STTLng">
            <dst id="ATLA-M5">606.4</dst>
            <dst id="ATLAng">9436.31466666667</dst>
            <dst id="CHINng">12954.552</dst>
            <dst id="DNVRng">3262.352</dst>
            <dst id="HSTNng">7557.49066666667</dst>
            <dst id="IPLSng">9233.00533333333</dst>
            <dst id="KSCYng">4466.97866666667</dst>
            <dst id="LOSAng">23597.488</dst>
            <dst id="NYCMng">8139.176</dst>
            <dst id="SNVAng">3868.21066666667</dst>
            <dst id="STTLng">1473.21333333333</dst>
            <dst id="WASHng">8450.36</dst>
        </src>
        <src id="WASHng">
            <dst id="ATLA-M5">2074.93066666667</dst>
            <dst id="ATLAng">90000.16</dst>
            <dst id="CHINng">86401.4053333334</dst>
            <dst id="DNVRng">49467.7306666667</dst>
            <dst id="HSTNng">23681.48</dst>
            <dst id="IPLSng">57537.9306666667</dst>
            <dst id="KSCYng">19604.7573333333</dst>
            <dst id="LOSAng">129170.856</dst>
            <dst id="NYCMng">150503.173333333</dst>
            <dst id="SNVAng">4135.41333333333</dst>
            <dst id="STTLng">26664.9546666667</dst>
            <dst id="WASHng">204026.034666667</dst>
        </src>
    </IntraTM>
</TrafficMatrixFile>
