<?xml version="1.0" encoding="ISO-8859-1" standalone="yes"?>
<TrafficMatrixFile xsi:noNamespaceSchemaLocation="http://totem.run.montefiore.ulg.ac.be/Schema/TrafficMatrix-v1_2.xsd" xmlns:xsi="http://www.w3.org/2001/XMLSchema-instance">
    <IntraTM ASID="11537">
        <src id="ATLA-M5">
            <dst id="ATLA-M5">1655.58133333333</dst>
            <dst id="ATLAng">26.6666666666667</dst>
            <dst id="CHINng">427.184</dst>
            <dst id="DNVRng">53.952</dst>
            <dst id="HSTNng">76.584</dst>
            <dst id="IPLSng">117.816</dst>
            <dst id="KSCYng">127.818666666667</dst>
            <dst id="LOSAng">113.338666666667</dst>
            <dst id="NYCMng">101.050666666667</dst>
            <dst id="SNVAng">0</dst>
            <dst id="STTLng">26.6666666666667</dst>
            <dst id="WASHng">766.272</dst>
        </src>
        <src id="ATLAng">
            <dst id="ATLA-M5">89.784</dst>
            <dst id="ATLAng">56983.8853333333</dst>
            <dst id="CHINng">33175.6666666667</dst>
            <dst id="DNVRng">4293.90666666667</dst>
            <dst id="HSTNng">3834.12266666667</dst>
            <dst id="IPLSng">18690.192</dst>
            <dst id="KSCYng">1905.92</dst>
            <dst id="LOSAng">24735.992</dst>
            <dst id="NYCMng">13889.6133333333</dst>
            <dst id="SNVAng">71.3813333333333</dst>
            <dst id="STTLng">4883.22933333333</dst>
            <dst id="WASHng">62261.848</dst>
        </src>
        <src id="CHINng">
            <dst id="ATLA-M5">880.336</dst>
            <dst id="ATLAng">19961.3093333333</dst>
            <dst id="CHINng">98772.208</dst>
            <dst id="DNVRng">17127.6773333333</dst>
            <dst id="HSTNng">48478.5813333333</dst>
            <dst id="IPLSng">34164.928</dst>
            <dst id="KSCYng">16652.8186666667</dst>
            <dst id="LOSAng">34576.104</dst>
            <dst id="NYCMng">19960.2693333333</dst>
            <dst id="SNVAng">900.789333333334</dst>
            <dst id="STTLng">10575.5813333333</dst>
            <dst id="WASHng">29304.9493333333</dst>
        </src>
        <src id="DNVRng">
            <dst id="ATLA-M5">223.445333333333</dst>
            <dst id="ATLAng">4948.72</dst>
            <dst id="CHINng">51480.0453333333</dst>
            <dst id="DNVRng">12679.672</dst>
            <dst id="HSTNng">13832.0773333333</dst>
            <dst id="IPLSng">30173.312</dst>
            <dst id="KSCYng">19521.4053333333</dst>
            <dst id="LOSAng">5950.89866666667</dst>
            <dst id="NYCMng">12981.7733333333</dst>
            <dst id="SNVAng">10161.3146666667</dst>
            <dst id="STTLng">10859.6666666667</dst>
            <dst id="WASHng">44756.9173333333</dst>
        </src>
        <src id="HSTNng">
            <dst id="ATLA-M5">161.397333333333</dst>
            <dst id="ATLAng">1094.81866666667</dst>
            <dst id="CHINng">15556.92</dst>
            <dst id="DNVRng">2271.66933333333</dst>
            <dst id="HSTNng">4546.152</dst>
            <dst id="IPLSng">2036.85066666667</dst>
            <dst id="KSCYng">2226.056</dst>
            <dst id="LOSAng">3467.41866666667</dst>
            <dst id="NYCMng">5705.13066666667</dst>
            <dst id="SNVAng">135.605333333333</dst>
            <dst id="STTLng">1989.408</dst>
            <dst id="WASHng">13664.2453333333</dst>
        </src>
        <src id="IPLSng">
            <dst id="ATLA-M5">332.666666666667</dst>
            <dst id="ATLAng">13275.832</dst>
            <dst id="CHINng">86116.352</dst>
            <dst id="DNVRng">14294.2906666667</dst>
            <dst id="HSTNng">3706.216</dst>
            <dst id="IPLSng">15973.688</dst>
            <dst id="KSCYng">7528.728</dst>
            <dst id="LOSAng">25574.3466666667</dst>
            <dst id="NYCMng">61625.6426666667</dst>
            <dst id="SNVAng">854.48</dst>
            <dst id="STTLng">8400.89333333333</dst>
            <dst id="WASHng">31885.5306666667</dst>
        </src>
        <src id="KSCYng">
            <dst id="ATLA-M5">135.778666666667</dst>
            <dst id="ATLAng">9634.32266666667</dst>
            <dst id="CHINng">27149.4293333333</dst>
            <dst id="DNVRng">14801.0533333333</dst>
            <dst id="HSTNng">3025.16533333333</dst>
            <dst id="IPLSng">26122.344</dst>
            <dst id="KSCYng">9259.36266666667</dst>
            <dst id="LOSAng">5523.352</dst>
            <dst id="NYCMng">6548.20533333333</dst>
            <dst id="SNVAng">1058.66133333333</dst>
            <dst id="STTLng">2143.93066666667</dst>
            <dst id="WASHng">21227.9173333333</dst>
        </src>
        <src id="LOSAng">
            <dst id="ATLA-M5">2918.41066666667</dst>
            <dst id="ATLAng">27457.784</dst>
            <dst id="CHINng">92696.224</dst>
            <dst id="DNVRng">8015.90133333333</dst>
            <dst id="HSTNng">5841.944</dst>
            <dst id="IPLSng">33271.7173333333</dst>
            <dst id="KSCYng">11685.5226666667</dst>
            <dst id="LOSAng">13569.016</dst>
            <dst id="NYCMng">65507.1253333333</dst>
            <dst id="SNVAng">9930.54666666667</dst>
            <dst id="STTLng">21413.4853333333</dst>
            <dst id="WASHng">134021.018666667</dst>
        </src>
        <src id="NYCMng">
            <dst id="ATLA-M5">731.96</dst>
            <dst id="ATLAng">25789.888</dst>
            <dst id="CHINng">51189.2106666667</dst>
            <dst id="DNVRng">31821.2293333333</dst>
            <dst id="HSTNng">6794.89066666666</dst>
            <dst id="IPLSng">67778.192</dst>
            <dst id="KSCYng">21511.5146666667</dst>
            <dst id="LOSAng">41105.4213333333</dst>
            <dst id="NYCMng">165925.962666667</dst>
            <dst id="SNVAng">1083.46133333333</dst>
            <dst id="STTLng">21339.0346666667</dst>
            <dst id="WASHng">165597.514666667</dst>
        </src>
        <src id="SNVAng">
            <dst id="ATLA-M5">0</dst>
            <dst id="ATLAng">53.3333333333333</dst>
            <dst id="CHINng">771.893333333333</dst>
            <dst id="DNVRng">4295.30666666667</dst>
            <dst id="HSTNng">152.874666666667</dst>
            <dst id="IPLSng">756.858666666667</dst>
            <dst id="KSCYng">26.6666666666667</dst>
            <dst id="LOSAng">34041.2986666667</dst>
            <dst id="NYCMng">355.178666666667</dst>
            <dst id="SNVAng">14006.5066666667</dst>
            <dst id="STTLng">50527.6746666667</dst>
            <dst id="WASHng">298.709333333333</dst>
        </src>
        <src id="STTLng">
            <dst id="ATLA-M5">175.386666666667</dst>
            <dst id="ATLAng">7899.2</dst>
            <dst id="CHINng">12731.712</dst>
            <dst id="DNVRng">2674.064</dst>
            <dst id="HSTNng">6104.41866666667</dst>
            <dst id="IPLSng">3520.27733333333</dst>
            <dst id="KSCYng">5103.4</dst>
            <dst id="LOSAng">13317.4533333333</dst>
            <dst id="NYCMng">6904.016</dst>
            <dst id="SNVAng">3392.58666666667</dst>
            <dst id="STTLng">7834.36266666667</dst>
            <dst id="WASHng">9852.09333333333</dst>
        </src>
        <src id="WASHng">
            <dst id="ATLA-M5">328.725333333333</dst>
            <dst id="ATLAng">127808.178666667</dst>
            <dst id="CHINng">83167</dst>
            <dst id="DNVRng">45289.0133333333</dst>
            <dst id="HSTNng">23276.792</dst>
            <dst id="IPLSng">51680.152</dst>
            <dst id="KSCYng">22775.0293333333</dst>
            <dst id="LOSAng">92490.7306666667</dst>
            <dst id="NYCMng">181816.432</dst>
            <dst id="SNVAng">1202.89333333333</dst>
            <dst id="STTLng">35378.2933333333</dst>
            <dst id="WASHng">368644.24</dst>
        </src>
    </IntraTM>
</TrafficMatrixFile>
