<?xml version="1.0" encoding="ISO-8859-1" standalone="yes"?>
<TrafficMatrixFile xsi:noNamespaceSchemaLocation="http://totem.run.montefiore.ulg.ac.be/Schema/TrafficMatrix-v1_2.xsd" xmlns:xsi="http://www.w3.org/2001/XMLSchema-instance">
    <IntraTM ASID="11537">
        <src id="ATLA-M5">
            <dst id="ATLA-M5">47.296</dst>
            <dst id="ATLAng">91.464</dst>
            <dst id="CHINng">244.253333333333</dst>
            <dst id="DNVRng">53.3333333333333</dst>
            <dst id="HSTNng">186.666666666667</dst>
            <dst id="IPLSng">590.965333333333</dst>
            <dst id="KSCYng">221.365333333333</dst>
            <dst id="LOSAng">140.656</dst>
            <dst id="NYCMng">145.442666666667</dst>
            <dst id="SNVAng">0</dst>
            <dst id="STTLng">28.1066666666667</dst>
            <dst id="WASHng">313.781333333333</dst>
        </src>
        <src id="ATLAng">
            <dst id="ATLA-M5">122.597333333333</dst>
            <dst id="ATLAng">27992.264</dst>
            <dst id="CHINng">20292.752</dst>
            <dst id="DNVRng">3647.40533333333</dst>
            <dst id="HSTNng">6598.40266666667</dst>
            <dst id="IPLSng">14630.4213333333</dst>
            <dst id="KSCYng">1241.91733333333</dst>
            <dst id="LOSAng">20389.8853333333</dst>
            <dst id="NYCMng">4561.33066666667</dst>
            <dst id="SNVAng">79.8053333333333</dst>
            <dst id="STTLng">4505.712</dst>
            <dst id="WASHng">28992.9413333333</dst>
        </src>
        <src id="CHINng">
            <dst id="ATLA-M5">740.664</dst>
            <dst id="ATLAng">11548.984</dst>
            <dst id="CHINng">99556.8693333333</dst>
            <dst id="DNVRng">25083.0453333333</dst>
            <dst id="HSTNng">50661.7253333333</dst>
            <dst id="IPLSng">63993.8693333333</dst>
            <dst id="KSCYng">15149.5546666667</dst>
            <dst id="LOSAng">2037998.34666667</dst>
            <dst id="NYCMng">18028.6506666667</dst>
            <dst id="SNVAng">4411.448</dst>
            <dst id="STTLng">20266.3866666667</dst>
            <dst id="WASHng">27402.0426666667</dst>
        </src>
        <src id="DNVRng">
            <dst id="ATLA-M5">124.426666666667</dst>
            <dst id="ATLAng">3208.216</dst>
            <dst id="CHINng">76383.2133333333</dst>
            <dst id="DNVRng">24101.304</dst>
            <dst id="HSTNng">16021.0506666667</dst>
            <dst id="IPLSng">23513.584</dst>
            <dst id="KSCYng">20514.9226666667</dst>
            <dst id="LOSAng">9961.89066666667</dst>
            <dst id="NYCMng">13503.32</dst>
            <dst id="SNVAng">5259.61866666667</dst>
            <dst id="STTLng">12757.6373333333</dst>
            <dst id="WASHng">46297.784</dst>
        </src>
        <src id="HSTNng">
            <dst id="ATLA-M5">436.224</dst>
            <dst id="ATLAng">1279.584</dst>
            <dst id="CHINng">17903.912</dst>
            <dst id="DNVRng">3774.06933333333</dst>
            <dst id="HSTNng">4067.29066666667</dst>
            <dst id="IPLSng">3133.72</dst>
            <dst id="KSCYng">3350.86133333333</dst>
            <dst id="LOSAng">39936.0186666667</dst>
            <dst id="NYCMng">2577.27733333333</dst>
            <dst id="SNVAng">746.005333333333</dst>
            <dst id="STTLng">2848.35466666667</dst>
            <dst id="WASHng">6189.256</dst>
        </src>
        <src id="IPLSng">
            <dst id="ATLA-M5">3349.69066666667</dst>
            <dst id="ATLAng">14793.6906666667</dst>
            <dst id="CHINng">103152.154666667</dst>
            <dst id="DNVRng">28010.9573333333</dst>
            <dst id="HSTNng">7570.86133333333</dst>
            <dst id="IPLSng">27950.32</dst>
            <dst id="KSCYng">6992.90133333333</dst>
            <dst id="LOSAng">51372.4666666667</dst>
            <dst id="NYCMng">36472.3706666667</dst>
            <dst id="SNVAng">2771.56266666667</dst>
            <dst id="STTLng">7984.496</dst>
            <dst id="WASHng">36107.1306666667</dst>
        </src>
        <src id="KSCYng">
            <dst id="ATLA-M5">1359.99733333333</dst>
            <dst id="ATLAng">2007.464</dst>
            <dst id="CHINng">22717.2773333333</dst>
            <dst id="DNVRng">11549.2533333333</dst>
            <dst id="HSTNng">4160.832</dst>
            <dst id="IPLSng">19940.7626666667</dst>
            <dst id="KSCYng">8771.01066666667</dst>
            <dst id="LOSAng">5650.56</dst>
            <dst id="NYCMng">3574.81866666667</dst>
            <dst id="SNVAng">266.981333333333</dst>
            <dst id="STTLng">932.408</dst>
            <dst id="WASHng">27843.976</dst>
        </src>
        <src id="LOSAng">
            <dst id="ATLA-M5">1541.38933333333</dst>
            <dst id="ATLAng">8805.648</dst>
            <dst id="CHINng">1067615.81333333</dst>
            <dst id="DNVRng">15609.016</dst>
            <dst id="HSTNng">6105.984</dst>
            <dst id="IPLSng">20779.7733333333</dst>
            <dst id="KSCYng">9973.49866666667</dst>
            <dst id="LOSAng">13314.52</dst>
            <dst id="NYCMng">55948.856</dst>
            <dst id="SNVAng">8546.632</dst>
            <dst id="STTLng">22238.3946666667</dst>
            <dst id="WASHng">76638.848</dst>
        </src>
        <src id="NYCMng">
            <dst id="ATLA-M5">1483.30933333333</dst>
            <dst id="ATLAng">15752.8533333333</dst>
            <dst id="CHINng">55038.3306666667</dst>
            <dst id="DNVRng">38151.1226666667</dst>
            <dst id="HSTNng">11695.3066666667</dst>
            <dst id="IPLSng">42029.7493333333</dst>
            <dst id="KSCYng">11310.4506666667</dst>
            <dst id="LOSAng">85490.0506666666</dst>
            <dst id="NYCMng">130482.64</dst>
            <dst id="SNVAng">4377.992</dst>
            <dst id="STTLng">28518.2666666667</dst>
            <dst id="WASHng">98722.576</dst>
        </src>
        <src id="SNVAng">
            <dst id="ATLA-M5">277.541333333333</dst>
            <dst id="ATLAng">26.6666666666667</dst>
            <dst id="CHINng">2445.09333333333</dst>
            <dst id="DNVRng">2345.55733333333</dst>
            <dst id="HSTNng">744.018666666667</dst>
            <dst id="IPLSng">2965.928</dst>
            <dst id="KSCYng">4036.94933333333</dst>
            <dst id="LOSAng">32473.0986666667</dst>
            <dst id="NYCMng">655.693333333333</dst>
            <dst id="SNVAng">14914.2613333333</dst>
            <dst id="STTLng">49439.5706666667</dst>
            <dst id="WASHng">257.258666666667</dst>
        </src>
        <src id="STTLng">
            <dst id="ATLA-M5">224.381333333333</dst>
            <dst id="ATLAng">5048.272</dst>
            <dst id="CHINng">16818.7306666667</dst>
            <dst id="DNVRng">3677.376</dst>
            <dst id="HSTNng">6086.22133333333</dst>
            <dst id="IPLSng">6344.06133333333</dst>
            <dst id="KSCYng">2748.00266666667</dst>
            <dst id="LOSAng">21752.144</dst>
            <dst id="NYCMng">6791.14933333333</dst>
            <dst id="SNVAng">5417.57866666667</dst>
            <dst id="STTLng">5919.81066666667</dst>
            <dst id="WASHng">6642.856</dst>
        </src>
        <src id="WASHng">
            <dst id="ATLA-M5">1303.13866666667</dst>
            <dst id="ATLAng">64801.8186666667</dst>
            <dst id="CHINng">85206.0053333333</dst>
            <dst id="DNVRng">66148.704</dst>
            <dst id="HSTNng">16720.9546666667</dst>
            <dst id="IPLSng">48608.3413333333</dst>
            <dst id="KSCYng">21880.928</dst>
            <dst id="LOSAng">115524.245333333</dst>
            <dst id="NYCMng">182842.221333333</dst>
            <dst id="SNVAng">9684.12533333333</dst>
            <dst id="STTLng">27205.8133333333</dst>
            <dst id="WASHng">199477.877333333</dst>
        </src>
    </IntraTM>
</TrafficMatrixFile>
