<?xml version="1.0" encoding="ISO-8859-1" standalone="yes"?>
<TrafficMatrixFile xsi:noNamespaceSchemaLocation="http://totem.run.montefiore.ulg.ac.be/Schema/TrafficMatrix-v1_2.xsd" xmlns:xsi="http://www.w3.org/2001/XMLSchema-instance">
    <IntraTM ASID="11537">
        <src id="ATLA-M5">
            <dst id="ATLA-M5">1491.752</dst>
            <dst id="ATLAng">0</dst>
            <dst id="CHINng">349.914666666667</dst>
            <dst id="DNVRng">26.6666666666667</dst>
            <dst id="HSTNng">53.3333333333333</dst>
            <dst id="IPLSng">653.213333333333</dst>
            <dst id="KSCYng">0</dst>
            <dst id="LOSAng">143.216</dst>
            <dst id="NYCMng">130.512</dst>
            <dst id="SNVAng">0</dst>
            <dst id="STTLng">53.3333333333333</dst>
            <dst id="WASHng">1347.30933333333</dst>
        </src>
        <src id="ATLAng">
            <dst id="ATLA-M5">134.528</dst>
            <dst id="ATLAng">32291.0213333333</dst>
            <dst id="CHINng">14904.0826666667</dst>
            <dst id="DNVRng">3239.63466666667</dst>
            <dst id="HSTNng">2775.872</dst>
            <dst id="IPLSng">14756.744</dst>
            <dst id="KSCYng">1747.06133333333</dst>
            <dst id="LOSAng">18030.8106666667</dst>
            <dst id="NYCMng">11675.736</dst>
            <dst id="SNVAng">248.338666666667</dst>
            <dst id="STTLng">5636.51733333333</dst>
            <dst id="WASHng">58395.8053333333</dst>
        </src>
        <src id="CHINng">
            <dst id="ATLA-M5">403.112</dst>
            <dst id="ATLAng">17596.96</dst>
            <dst id="CHINng">107158.936</dst>
            <dst id="DNVRng">21252.728</dst>
            <dst id="HSTNng">45906.2186666667</dst>
            <dst id="IPLSng">34795.6986666667</dst>
            <dst id="KSCYng">15444.424</dst>
            <dst id="LOSAng">146817.602666667</dst>
            <dst id="NYCMng">21273.128</dst>
            <dst id="SNVAng">941.837333333333</dst>
            <dst id="STTLng">11502.2666666667</dst>
            <dst id="WASHng">30026.4186666667</dst>
        </src>
        <src id="DNVRng">
            <dst id="ATLA-M5">186.133333333333</dst>
            <dst id="ATLAng">5833.52</dst>
            <dst id="CHINng">54356.2453333333</dst>
            <dst id="DNVRng">14560.0773333333</dst>
            <dst id="HSTNng">14494.08</dst>
            <dst id="IPLSng">36878.7013333333</dst>
            <dst id="KSCYng">20314.3733333333</dst>
            <dst id="LOSAng">5105.42133333333</dst>
            <dst id="NYCMng">21333.288</dst>
            <dst id="SNVAng">9433.22933333333</dst>
            <dst id="STTLng">11886.944</dst>
            <dst id="WASHng">47265.016</dst>
        </src>
        <src id="HSTNng">
            <dst id="ATLA-M5">598.461333333333</dst>
            <dst id="ATLAng">1482.4</dst>
            <dst id="CHINng">14265.3786666667</dst>
            <dst id="DNVRng">1788.208</dst>
            <dst id="HSTNng">13376.1386666667</dst>
            <dst id="IPLSng">2154.56</dst>
            <dst id="KSCYng">1656.68</dst>
            <dst id="LOSAng">3267.05333333333</dst>
            <dst id="NYCMng">4809.04533333333</dst>
            <dst id="SNVAng">129.549333333333</dst>
            <dst id="STTLng">2988.304</dst>
            <dst id="WASHng">8777.35733333333</dst>
        </src>
        <src id="IPLSng">
            <dst id="ATLA-M5">246.952</dst>
            <dst id="ATLAng">19225.4533333333</dst>
            <dst id="CHINng">74799.944</dst>
            <dst id="DNVRng">21371.104</dst>
            <dst id="HSTNng">2923.65866666667</dst>
            <dst id="IPLSng">12681.272</dst>
            <dst id="KSCYng">3523.496</dst>
            <dst id="LOSAng">28048.3253333333</dst>
            <dst id="NYCMng">43121.2426666667</dst>
            <dst id="SNVAng">939.608</dst>
            <dst id="STTLng">8197.368</dst>
            <dst id="WASHng">33750.264</dst>
        </src>
        <src id="KSCYng">
            <dst id="ATLA-M5">36</dst>
            <dst id="ATLAng">3074.016</dst>
            <dst id="CHINng">22790.7946666667</dst>
            <dst id="DNVRng">17065.1893333333</dst>
            <dst id="HSTNng">3678.44266666667</dst>
            <dst id="IPLSng">19514.6053333333</dst>
            <dst id="KSCYng">11004.6293333333</dst>
            <dst id="LOSAng">6524.81333333333</dst>
            <dst id="NYCMng">6334.02666666667</dst>
            <dst id="SNVAng">2043.86666666667</dst>
            <dst id="STTLng">1701.992</dst>
            <dst id="WASHng">11504.8746666667</dst>
        </src>
        <src id="LOSAng">
            <dst id="ATLA-M5">1301.28266666667</dst>
            <dst id="ATLAng">16081.9946666667</dst>
            <dst id="CHINng">88540.376</dst>
            <dst id="DNVRng">9182.20266666667</dst>
            <dst id="HSTNng">6265.984</dst>
            <dst id="IPLSng">25022.6346666667</dst>
            <dst id="KSCYng">10265.368</dst>
            <dst id="LOSAng">12352.424</dst>
            <dst id="NYCMng">59521.3146666667</dst>
            <dst id="SNVAng">10205.5653333333</dst>
            <dst id="STTLng">18670.5093333333</dst>
            <dst id="WASHng">127222.714666667</dst>
        </src>
        <src id="NYCMng">
            <dst id="ATLA-M5">759.805333333334</dst>
            <dst id="ATLAng">27126.864</dst>
            <dst id="CHINng">47083.2533333333</dst>
            <dst id="DNVRng">31758.504</dst>
            <dst id="HSTNng">5187.26933333333</dst>
            <dst id="IPLSng">43176.9066666667</dst>
            <dst id="KSCYng">15131.0746666667</dst>
            <dst id="LOSAng">34815.008</dst>
            <dst id="NYCMng">154569.493333333</dst>
            <dst id="SNVAng">1951.856</dst>
            <dst id="STTLng">22061.624</dst>
            <dst id="WASHng">113222.197333333</dst>
        </src>
        <src id="SNVAng">
            <dst id="ATLA-M5">0</dst>
            <dst id="ATLAng">116.472</dst>
            <dst id="CHINng">701.029333333333</dst>
            <dst id="DNVRng">3787.52533333333</dst>
            <dst id="HSTNng">114.450666666667</dst>
            <dst id="IPLSng">457.010666666667</dst>
            <dst id="KSCYng">0</dst>
            <dst id="LOSAng">34538.8293333333</dst>
            <dst id="NYCMng">741.376</dst>
            <dst id="SNVAng">17483.4773333333</dst>
            <dst id="STTLng">55469.6746666667</dst>
            <dst id="WASHng">238.245333333333</dst>
        </src>
        <src id="STTLng">
            <dst id="ATLA-M5">39.6426666666667</dst>
            <dst id="ATLAng">7473.78133333333</dst>
            <dst id="CHINng">13600.1626666667</dst>
            <dst id="DNVRng">2431.128</dst>
            <dst id="HSTNng">6252.37333333333</dst>
            <dst id="IPLSng">4980.01333333333</dst>
            <dst id="KSCYng">5402.152</dst>
            <dst id="LOSAng">13547.2746666667</dst>
            <dst id="NYCMng">6370.048</dst>
            <dst id="SNVAng">4090.05333333333</dst>
            <dst id="STTLng">7098.928</dst>
            <dst id="WASHng">9495.49866666666</dst>
        </src>
        <src id="WASHng">
            <dst id="ATLA-M5">299.893333333333</dst>
            <dst id="ATLAng">84763.8026666667</dst>
            <dst id="CHINng">72145.7386666666</dst>
            <dst id="DNVRng">47355.3893333333</dst>
            <dst id="HSTNng">22872.8133333333</dst>
            <dst id="IPLSng">52946.9333333333</dst>
            <dst id="KSCYng">22913.44</dst>
            <dst id="LOSAng">102337.405333333</dst>
            <dst id="NYCMng">143313.424</dst>
            <dst id="SNVAng">875.634666666667</dst>
            <dst id="STTLng">38635.008</dst>
            <dst id="WASHng">276564.773333333</dst>
        </src>
    </IntraTM>
</TrafficMatrixFile>
