<?xml version="1.0" encoding="ISO-8859-1" standalone="yes"?>
<TrafficMatrixFile xsi:noNamespaceSchemaLocation="http://totem.run.montefiore.ulg.ac.be/Schema/TrafficMatrix-v1_2.xsd" xmlns:xsi="http://www.w3.org/2001/XMLSchema-instance">
    <IntraTM ASID="11537">
        <src id="ATLA-M5">
            <dst id="ATLA-M5">0</dst>
            <dst id="ATLAng">147.576</dst>
            <dst id="CHINng">680.288</dst>
            <dst id="DNVRng">152.490666666667</dst>
            <dst id="HSTNng">321.464</dst>
            <dst id="IPLSng">1071.07733333333</dst>
            <dst id="KSCYng">53.3333333333333</dst>
            <dst id="LOSAng">356.408</dst>
            <dst id="NYCMng">771.690666666667</dst>
            <dst id="SNVAng">0</dst>
            <dst id="STTLng">229.293333333333</dst>
            <dst id="WASHng">1237.984</dst>
        </src>
        <src id="ATLAng">
            <dst id="ATLA-M5">1010.336</dst>
            <dst id="ATLAng">29167.3493333333</dst>
            <dst id="CHINng">21405.04</dst>
            <dst id="DNVRng">5588.12266666667</dst>
            <dst id="HSTNng">5835.63733333333</dst>
            <dst id="IPLSng">19983.5546666667</dst>
            <dst id="KSCYng">2422.42933333333</dst>
            <dst id="LOSAng">20893.7226666667</dst>
            <dst id="NYCMng">8775.21333333333</dst>
            <dst id="SNVAng">888.664</dst>
            <dst id="STTLng">3496.12</dst>
            <dst id="WASHng">36278.3813333333</dst>
        </src>
        <src id="CHINng">
            <dst id="ATLA-M5">1843.54666666667</dst>
            <dst id="ATLAng">19386.5893333333</dst>
            <dst id="CHINng">85658.1733333333</dst>
            <dst id="DNVRng">24035.424</dst>
            <dst id="HSTNng">50367.8906666667</dst>
            <dst id="IPLSng">68014.2506666667</dst>
            <dst id="KSCYng">19589.512</dst>
            <dst id="LOSAng">2020275.46666667</dst>
            <dst id="NYCMng">23594.4986666667</dst>
            <dst id="SNVAng">3187.98666666667</dst>
            <dst id="STTLng">9486.45333333333</dst>
            <dst id="WASHng">29136.3813333333</dst>
        </src>
        <src id="DNVRng">
            <dst id="ATLA-M5">545.157333333333</dst>
            <dst id="ATLAng">6261.61866666667</dst>
            <dst id="CHINng">65100.6186666667</dst>
            <dst id="DNVRng">14933.3333333333</dst>
            <dst id="HSTNng">17392.7893333333</dst>
            <dst id="IPLSng">29088.0613333333</dst>
            <dst id="KSCYng">19827.8026666667</dst>
            <dst id="LOSAng">7204.336</dst>
            <dst id="NYCMng">14274.784</dst>
            <dst id="SNVAng">11408.032</dst>
            <dst id="STTLng">12640.368</dst>
            <dst id="WASHng">49820.048</dst>
        </src>
        <src id="HSTNng">
            <dst id="ATLA-M5">3863.39733333333</dst>
            <dst id="ATLAng">4245.10666666667</dst>
            <dst id="CHINng">17265.8453333333</dst>
            <dst id="DNVRng">2811.18933333333</dst>
            <dst id="HSTNng">9999.928</dst>
            <dst id="IPLSng">8474.856</dst>
            <dst id="KSCYng">3311.096</dst>
            <dst id="LOSAng">9077.90933333333</dst>
            <dst id="NYCMng">9760.40533333333</dst>
            <dst id="SNVAng">1543.51733333333</dst>
            <dst id="STTLng">2066.336</dst>
            <dst id="WASHng">11237.7466666667</dst>
        </src>
        <src id="IPLSng">
            <dst id="ATLA-M5">1900.49066666667</dst>
            <dst id="ATLAng">20879.0373333333</dst>
            <dst id="CHINng">122562.368</dst>
            <dst id="DNVRng">22392.552</dst>
            <dst id="HSTNng">8931.808</dst>
            <dst id="IPLSng">27817.536</dst>
            <dst id="KSCYng">8281.11733333333</dst>
            <dst id="LOSAng">60534.896</dst>
            <dst id="NYCMng">51289.0453333333</dst>
            <dst id="SNVAng">8099.744</dst>
            <dst id="STTLng">11796.904</dst>
            <dst id="WASHng">49083.4346666667</dst>
        </src>
        <src id="KSCYng">
            <dst id="ATLA-M5">198.618666666667</dst>
            <dst id="ATLAng">2854.09333333333</dst>
            <dst id="CHINng">24890.9146666667</dst>
            <dst id="DNVRng">9655.82666666667</dst>
            <dst id="HSTNng">4168.23733333333</dst>
            <dst id="IPLSng">20184.56</dst>
            <dst id="KSCYng">10735.2666666667</dst>
            <dst id="LOSAng">4676.872</dst>
            <dst id="NYCMng">7743.456</dst>
            <dst id="SNVAng">994.728</dst>
            <dst id="STTLng">2489.03466666667</dst>
            <dst id="WASHng">21619.2</dst>
        </src>
        <src id="LOSAng">
            <dst id="ATLA-M5">1520.12266666667</dst>
            <dst id="ATLAng">23579.3893333333</dst>
            <dst id="CHINng">1074124.96</dst>
            <dst id="DNVRng">12363.0533333333</dst>
            <dst id="HSTNng">12091.9413333333</dst>
            <dst id="IPLSng">41225.4293333333</dst>
            <dst id="KSCYng">10669.1253333333</dst>
            <dst id="LOSAng">10460.496</dst>
            <dst id="NYCMng">81990.1066666667</dst>
            <dst id="SNVAng">12753.68</dst>
            <dst id="STTLng">27075.576</dst>
            <dst id="WASHng">94150.5013333333</dst>
        </src>
        <src id="NYCMng">
            <dst id="ATLA-M5">2066.952</dst>
            <dst id="ATLAng">31219.776</dst>
            <dst id="CHINng">49190.3173333333</dst>
            <dst id="DNVRng">39564.016</dst>
            <dst id="HSTNng">23205.4746666667</dst>
            <dst id="IPLSng">65227.536</dst>
            <dst id="KSCYng">19819.744</dst>
            <dst id="LOSAng">85499.5973333333</dst>
            <dst id="NYCMng">208112.152</dst>
            <dst id="SNVAng">4562.11466666667</dst>
            <dst id="STTLng">28294.8666666667</dst>
            <dst id="WASHng">144044.624</dst>
        </src>
        <src id="SNVAng">
            <dst id="ATLA-M5">298.112</dst>
            <dst id="ATLAng">4057.99733333333</dst>
            <dst id="CHINng">1177.496</dst>
            <dst id="DNVRng">15037.464</dst>
            <dst id="HSTNng">296.032</dst>
            <dst id="IPLSng">3237.63733333333</dst>
            <dst id="KSCYng">927.381333333333</dst>
            <dst id="LOSAng">35681.8986666667</dst>
            <dst id="NYCMng">886.789333333334</dst>
            <dst id="SNVAng">17141.5146666667</dst>
            <dst id="STTLng">66916.08</dst>
            <dst id="WASHng">422.765333333333</dst>
        </src>
        <src id="STTLng">
            <dst id="ATLA-M5">268.28</dst>
            <dst id="ATLAng">7047.87733333333</dst>
            <dst id="CHINng">8429.512</dst>
            <dst id="DNVRng">4821.39466666667</dst>
            <dst id="HSTNng">5819.35466666667</dst>
            <dst id="IPLSng">8150.46933333333</dst>
            <dst id="KSCYng">4297.96266666667</dst>
            <dst id="LOSAng">23226.584</dst>
            <dst id="NYCMng">13417.4213333333</dst>
            <dst id="SNVAng">5332.42933333333</dst>
            <dst id="STTLng">6325.928</dst>
            <dst id="WASHng">18995.8586666667</dst>
        </src>
        <src id="WASHng">
            <dst id="ATLA-M5">2537.91466666667</dst>
            <dst id="ATLAng">70568.3546666667</dst>
            <dst id="CHINng">70703.6773333333</dst>
            <dst id="DNVRng">58144.544</dst>
            <dst id="HSTNng">37075.296</dst>
            <dst id="IPLSng">55781.2133333333</dst>
            <dst id="KSCYng">20084.5973333333</dst>
            <dst id="LOSAng">98645.7973333333</dst>
            <dst id="NYCMng">166478.061333333</dst>
            <dst id="SNVAng">9090.44</dst>
            <dst id="STTLng">24328.536</dst>
            <dst id="WASHng">273035.946666667</dst>
        </src>
    </IntraTM>
</TrafficMatrixFile>
