<?xml version="1.0" encoding="ISO-8859-1" standalone="yes"?>
<TrafficMatrixFile xsi:noNamespaceSchemaLocation="http://totem.run.montefiore.ulg.ac.be/Schema/TrafficMatrix-v1_2.xsd" xmlns:xsi="http://www.w3.org/2001/XMLSchema-instance">
    <IntraTM ASID="11537">
        <src id="ATLA-M5">
            <dst id="ATLA-M5">35.6773333333333</dst>
            <dst id="ATLAng">45.2613333333333</dst>
            <dst id="CHINng">595.952</dst>
            <dst id="DNVRng">26.6666666666667</dst>
            <dst id="HSTNng">305.754666666667</dst>
            <dst id="IPLSng">274.589333333333</dst>
            <dst id="KSCYng">53.3333333333333</dst>
            <dst id="LOSAng">98.0213333333333</dst>
            <dst id="NYCMng">162.376</dst>
            <dst id="SNVAng">99.52</dst>
            <dst id="STTLng">0</dst>
            <dst id="WASHng">669.024</dst>
        </src>
        <src id="ATLAng">
            <dst id="ATLA-M5">169.448</dst>
            <dst id="ATLAng">44879.032</dst>
            <dst id="CHINng">18213.272</dst>
            <dst id="DNVRng">5280.336</dst>
            <dst id="HSTNng">6042.936</dst>
            <dst id="IPLSng">21890.3866666667</dst>
            <dst id="KSCYng">2528.51733333333</dst>
            <dst id="LOSAng">18419.1413333333</dst>
            <dst id="NYCMng">10843.352</dst>
            <dst id="SNVAng">657.770666666667</dst>
            <dst id="STTLng">4300.49333333333</dst>
            <dst id="WASHng">40677.1013333333</dst>
        </src>
        <src id="CHINng">
            <dst id="ATLA-M5">1885.14933333333</dst>
            <dst id="ATLAng">27277.1786666667</dst>
            <dst id="CHINng">99046.4533333333</dst>
            <dst id="DNVRng">16975.7226666667</dst>
            <dst id="HSTNng">47583.336</dst>
            <dst id="IPLSng">52699.0026666667</dst>
            <dst id="KSCYng">10638.7013333333</dst>
            <dst id="LOSAng">71769.3573333333</dst>
            <dst id="NYCMng">19709</dst>
            <dst id="SNVAng">3019.13866666667</dst>
            <dst id="STTLng">16278.0986666667</dst>
            <dst id="WASHng">32129.5733333333</dst>
        </src>
        <src id="DNVRng">
            <dst id="ATLA-M5">260.970666666667</dst>
            <dst id="ATLAng">6923.33866666667</dst>
            <dst id="CHINng">70402.9093333333</dst>
            <dst id="DNVRng">17570.2773333333</dst>
            <dst id="HSTNng">12524.96</dst>
            <dst id="IPLSng">26410.472</dst>
            <dst id="KSCYng">19133.0373333333</dst>
            <dst id="LOSAng">6119.18933333333</dst>
            <dst id="NYCMng">17682.5253333333</dst>
            <dst id="SNVAng">11700.7466666667</dst>
            <dst id="STTLng">8558.672</dst>
            <dst id="WASHng">45979.2906666667</dst>
        </src>
        <src id="HSTNng">
            <dst id="ATLA-M5">2869.80533333333</dst>
            <dst id="ATLAng">2904.60266666667</dst>
            <dst id="CHINng">16517.576</dst>
            <dst id="DNVRng">2825.688</dst>
            <dst id="HSTNng">9039.33333333333</dst>
            <dst id="IPLSng">5848.15733333333</dst>
            <dst id="KSCYng">2688.66666666667</dst>
            <dst id="LOSAng">6320.35466666667</dst>
            <dst id="NYCMng">4650.6</dst>
            <dst id="SNVAng">1899.93333333333</dst>
            <dst id="STTLng">2308.448</dst>
            <dst id="WASHng">15626.744</dst>
        </src>
        <src id="IPLSng">
            <dst id="ATLA-M5">920.168</dst>
            <dst id="ATLAng">23651.056</dst>
            <dst id="CHINng">92271.984</dst>
            <dst id="DNVRng">17930.736</dst>
            <dst id="HSTNng">7549.24533333333</dst>
            <dst id="IPLSng">12413.3813333333</dst>
            <dst id="KSCYng">7740.064</dst>
            <dst id="LOSAng">57355.552</dst>
            <dst id="NYCMng">33358.5493333333</dst>
            <dst id="SNVAng">3379.55466666667</dst>
            <dst id="STTLng">10580.448</dst>
            <dst id="WASHng">36961.8133333333</dst>
        </src>
        <src id="KSCYng">
            <dst id="ATLA-M5">177.808</dst>
            <dst id="ATLAng">3136.8</dst>
            <dst id="CHINng">22059.6746666667</dst>
            <dst id="DNVRng">10084.336</dst>
            <dst id="HSTNng">5304.8</dst>
            <dst id="IPLSng">9339.81866666666</dst>
            <dst id="KSCYng">8434.392</dst>
            <dst id="LOSAng">7490.50666666667</dst>
            <dst id="NYCMng">7065.56266666667</dst>
            <dst id="SNVAng">559.392</dst>
            <dst id="STTLng">2721.28</dst>
            <dst id="WASHng">14255.5733333333</dst>
        </src>
        <src id="LOSAng">
            <dst id="ATLA-M5">1234.90666666667</dst>
            <dst id="ATLAng">10443.0133333333</dst>
            <dst id="CHINng">84988.4693333333</dst>
            <dst id="DNVRng">13303.7226666667</dst>
            <dst id="HSTNng">5609.81866666667</dst>
            <dst id="IPLSng">45213.176</dst>
            <dst id="KSCYng">8777.728</dst>
            <dst id="LOSAng">12195.6666666667</dst>
            <dst id="NYCMng">49757.9093333333</dst>
            <dst id="SNVAng">9593.784</dst>
            <dst id="STTLng">30000.864</dst>
            <dst id="WASHng">128666.256</dst>
        </src>
        <src id="NYCMng">
            <dst id="ATLA-M5">546.450666666667</dst>
            <dst id="ATLAng">26420.3786666667</dst>
            <dst id="CHINng">68658.744</dst>
            <dst id="DNVRng">40540.0666666667</dst>
            <dst id="HSTNng">6462.544</dst>
            <dst id="IPLSng">51612.928</dst>
            <dst id="KSCYng">16371.2933333333</dst>
            <dst id="LOSAng">74104.8986666667</dst>
            <dst id="NYCMng">143647.858666667</dst>
            <dst id="SNVAng">5026.61333333333</dst>
            <dst id="STTLng">24172.8506666667</dst>
            <dst id="WASHng">155382.466666667</dst>
        </src>
        <src id="SNVAng">
            <dst id="ATLA-M5">56.0746666666667</dst>
            <dst id="ATLAng">106.666666666667</dst>
            <dst id="CHINng">1352.52533333333</dst>
            <dst id="DNVRng">4373.992</dst>
            <dst id="HSTNng">386.536</dst>
            <dst id="IPLSng">10292.344</dst>
            <dst id="KSCYng">485.053333333333</dst>
            <dst id="LOSAng">48800.5973333333</dst>
            <dst id="NYCMng">1043.58666666667</dst>
            <dst id="SNVAng">16500.1733333333</dst>
            <dst id="STTLng">51432.9413333333</dst>
            <dst id="WASHng">281.992</dst>
        </src>
        <src id="STTLng">
            <dst id="ATLA-M5">84.432</dst>
            <dst id="ATLAng">6411.82666666667</dst>
            <dst id="CHINng">15065.7386666667</dst>
            <dst id="DNVRng">2959.2</dst>
            <dst id="HSTNng">7126.64533333333</dst>
            <dst id="IPLSng">17313.4106666667</dst>
            <dst id="KSCYng">3912.16266666667</dst>
            <dst id="LOSAng">18899.4266666667</dst>
            <dst id="NYCMng">5352.304</dst>
            <dst id="SNVAng">2775.63466666667</dst>
            <dst id="STTLng">4754.72</dst>
            <dst id="WASHng">10347.9333333333</dst>
        </src>
        <src id="WASHng">
            <dst id="ATLA-M5">279.130666666667</dst>
            <dst id="ATLAng">97601.824</dst>
            <dst id="CHINng">94462.0666666667</dst>
            <dst id="DNVRng">66255.368</dst>
            <dst id="HSTNng">32102.488</dst>
            <dst id="IPLSng">59447.032</dst>
            <dst id="KSCYng">19571.0053333333</dst>
            <dst id="LOSAng">128813.906666667</dst>
            <dst id="NYCMng">152685.52</dst>
            <dst id="SNVAng">12687.8746666667</dst>
            <dst id="STTLng">30991.664</dst>
            <dst id="WASHng">225922.701333333</dst>
        </src>
    </IntraTM>
</TrafficMatrixFile>
