<?xml version="1.0" encoding="ISO-8859-1" standalone="yes"?>
<TrafficMatrixFile xsi:noNamespaceSchemaLocation="http://totem.run.montefiore.ulg.ac.be/Schema/TrafficMatrix-v1_2.xsd" xmlns:xsi="http://www.w3.org/2001/XMLSchema-instance">
    <IntraTM ASID="11537">
        <src id="ATLA-M5">
            <dst id="ATLA-M5">1422.20533333333</dst>
            <dst id="ATLAng">77.848</dst>
            <dst id="CHINng">948.765333333333</dst>
            <dst id="DNVRng">0</dst>
            <dst id="HSTNng">133.333333333333</dst>
            <dst id="IPLSng">244.965333333333</dst>
            <dst id="KSCYng">122.757333333333</dst>
            <dst id="LOSAng">144.077333333333</dst>
            <dst id="NYCMng">867.149333333333</dst>
            <dst id="SNVAng">0</dst>
            <dst id="STTLng">106.666666666667</dst>
            <dst id="WASHng">1110.79733333333</dst>
        </src>
        <src id="ATLAng">
            <dst id="ATLA-M5">151.346666666667</dst>
            <dst id="ATLAng">31676.768</dst>
            <dst id="CHINng">14400.128</dst>
            <dst id="DNVRng">4165.94666666667</dst>
            <dst id="HSTNng">3709.22933333333</dst>
            <dst id="IPLSng">17341.752</dst>
            <dst id="KSCYng">3571.44266666667</dst>
            <dst id="LOSAng">27771.7093333333</dst>
            <dst id="NYCMng">10279.4133333333</dst>
            <dst id="SNVAng">278.248</dst>
            <dst id="STTLng">6027.72266666667</dst>
            <dst id="WASHng">51203.808</dst>
        </src>
        <src id="CHINng">
            <dst id="ATLA-M5">1409.472</dst>
            <dst id="ATLAng">18413.24</dst>
            <dst id="CHINng">98816.5493333333</dst>
            <dst id="DNVRng">17546.1013333333</dst>
            <dst id="HSTNng">44109.6346666667</dst>
            <dst id="IPLSng">37457.6693333333</dst>
            <dst id="KSCYng">15039.7493333333</dst>
            <dst id="LOSAng">30817.3066666667</dst>
            <dst id="NYCMng">22582.752</dst>
            <dst id="SNVAng">961.965333333334</dst>
            <dst id="STTLng">11708.3253333333</dst>
            <dst id="WASHng">28018.04</dst>
        </src>
        <src id="DNVRng">
            <dst id="ATLA-M5">235.034666666667</dst>
            <dst id="ATLAng">4617.44266666667</dst>
            <dst id="CHINng">54123.3413333333</dst>
            <dst id="DNVRng">10120.7386666667</dst>
            <dst id="HSTNng">12551.264</dst>
            <dst id="IPLSng">34324.8026666667</dst>
            <dst id="KSCYng">16609.9093333333</dst>
            <dst id="LOSAng">9446.752</dst>
            <dst id="NYCMng">13522.6</dst>
            <dst id="SNVAng">10933.3573333333</dst>
            <dst id="STTLng">10075.2933333333</dst>
            <dst id="WASHng">38933.7786666667</dst>
        </src>
        <src id="HSTNng">
            <dst id="ATLA-M5">901.386666666667</dst>
            <dst id="ATLAng">1502.19466666667</dst>
            <dst id="CHINng">16976.7573333333</dst>
            <dst id="DNVRng">1643.99733333333</dst>
            <dst id="HSTNng">4106.79733333333</dst>
            <dst id="IPLSng">3170.32266666667</dst>
            <dst id="KSCYng">3161.97333333333</dst>
            <dst id="LOSAng">3334.66666666667</dst>
            <dst id="NYCMng">4842.168</dst>
            <dst id="SNVAng">262.178666666667</dst>
            <dst id="STTLng">685.301333333333</dst>
            <dst id="WASHng">13956.2693333333</dst>
        </src>
        <src id="IPLSng">
            <dst id="ATLA-M5">327.501333333333</dst>
            <dst id="ATLAng">14327.8986666667</dst>
            <dst id="CHINng">102119.88</dst>
            <dst id="DNVRng">12213.3173333333</dst>
            <dst id="HSTNng">3081.10666666667</dst>
            <dst id="IPLSng">21542.7466666667</dst>
            <dst id="KSCYng">8136.30133333333</dst>
            <dst id="LOSAng">26252.2933333333</dst>
            <dst id="NYCMng">54984.8746666667</dst>
            <dst id="SNVAng">1065.37066666667</dst>
            <dst id="STTLng">9880.96266666667</dst>
            <dst id="WASHng">31897.7573333333</dst>
        </src>
        <src id="KSCYng">
            <dst id="ATLA-M5">141.576</dst>
            <dst id="ATLAng">2888.81066666667</dst>
            <dst id="CHINng">25662.0053333333</dst>
            <dst id="DNVRng">6181.39466666667</dst>
            <dst id="HSTNng">2847.13066666667</dst>
            <dst id="IPLSng">15242.008</dst>
            <dst id="KSCYng">7487.312</dst>
            <dst id="LOSAng">7715.904</dst>
            <dst id="NYCMng">6578.76533333333</dst>
            <dst id="SNVAng">1498.096</dst>
            <dst id="STTLng">2516.13866666667</dst>
            <dst id="WASHng">12960.216</dst>
        </src>
        <src id="LOSAng">
            <dst id="ATLA-M5">2775.97333333333</dst>
            <dst id="ATLAng">26638.136</dst>
            <dst id="CHINng">84053.584</dst>
            <dst id="DNVRng">6832.736</dst>
            <dst id="HSTNng">7275.19466666667</dst>
            <dst id="IPLSng">31038.5786666667</dst>
            <dst id="KSCYng">13671.8826666667</dst>
            <dst id="LOSAng">11758.184</dst>
            <dst id="NYCMng">69672.728</dst>
            <dst id="SNVAng">9136.2</dst>
            <dst id="STTLng">27137.456</dst>
            <dst id="WASHng">139602.085333333</dst>
        </src>
        <src id="NYCMng">
            <dst id="ATLA-M5">1202.41066666667</dst>
            <dst id="ATLAng">28894.9306666667</dst>
            <dst id="CHINng">44921.64</dst>
            <dst id="DNVRng">28113.1573333333</dst>
            <dst id="HSTNng">8827.42133333333</dst>
            <dst id="IPLSng">70654.0693333333</dst>
            <dst id="KSCYng">21214.4213333333</dst>
            <dst id="LOSAng">36860.888</dst>
            <dst id="NYCMng">170655.373333333</dst>
            <dst id="SNVAng">1639.70666666667</dst>
            <dst id="STTLng">21315.752</dst>
            <dst id="WASHng">111088.189333333</dst>
        </src>
        <src id="SNVAng">
            <dst id="ATLA-M5">0</dst>
            <dst id="ATLAng">169.76</dst>
            <dst id="CHINng">880.992</dst>
            <dst id="DNVRng">4281.58666666667</dst>
            <dst id="HSTNng">151.232</dst>
            <dst id="IPLSng">2953.512</dst>
            <dst id="KSCYng">81.1306666666667</dst>
            <dst id="LOSAng">25384.5013333333</dst>
            <dst id="NYCMng">1545.656</dst>
            <dst id="SNVAng">10635.6826666667</dst>
            <dst id="STTLng">42173.0533333333</dst>
            <dst id="WASHng">221.021333333333</dst>
        </src>
        <src id="STTLng">
            <dst id="ATLA-M5">157.618666666667</dst>
            <dst id="ATLAng">9261.912</dst>
            <dst id="CHINng">14741.5493333333</dst>
            <dst id="DNVRng">1346.06133333333</dst>
            <dst id="HSTNng">6888.45333333333</dst>
            <dst id="IPLSng">3456.63733333333</dst>
            <dst id="KSCYng">6294.74933333333</dst>
            <dst id="LOSAng">13022.96</dst>
            <dst id="NYCMng">7082.248</dst>
            <dst id="SNVAng">2793.11466666667</dst>
            <dst id="STTLng">5900.78666666667</dst>
            <dst id="WASHng">10198.1866666667</dst>
        </src>
        <src id="WASHng">
            <dst id="ATLA-M5">284.96</dst>
            <dst id="ATLAng">260472.752</dst>
            <dst id="CHINng">73498.6293333333</dst>
            <dst id="DNVRng">45903.712</dst>
            <dst id="HSTNng">31803.6853333333</dst>
            <dst id="IPLSng">58034.4826666667</dst>
            <dst id="KSCYng">18661.7946666667</dst>
            <dst id="LOSAng">100620.376</dst>
            <dst id="NYCMng">179141.28</dst>
            <dst id="SNVAng">981.181333333333</dst>
            <dst id="STTLng">31368.5973333333</dst>
            <dst id="WASHng">338259.6</dst>
        </src>
    </IntraTM>
</TrafficMatrixFile>
