<?xml version="1.0" encoding="ISO-8859-1" standalone="yes"?>
<TrafficMatrixFile xsi:noNamespaceSchemaLocation="http://totem.run.montefiore.ulg.ac.be/Schema/TrafficMatrix-v1_2.xsd" xmlns:xsi="http://www.w3.org/2001/XMLSchema-instance">
    <IntraTM ASID="11537">
        <src id="ATLA-M5">
            <dst id="ATLA-M5">363.002666666667</dst>
            <dst id="ATLAng">123.162666666667</dst>
            <dst id="CHINng">1895.14666666667</dst>
            <dst id="DNVRng">53.3333333333333</dst>
            <dst id="HSTNng">399.066666666667</dst>
            <dst id="IPLSng">470.461333333333</dst>
            <dst id="KSCYng">1558.73333333333</dst>
            <dst id="LOSAng">1023.36266666667</dst>
            <dst id="NYCMng">133.333333333333</dst>
            <dst id="SNVAng">150.957333333333</dst>
            <dst id="STTLng">26.6666666666667</dst>
            <dst id="WASHng">478.237333333333</dst>
        </src>
        <src id="ATLAng">
            <dst id="ATLA-M5">172.781333333333</dst>
            <dst id="ATLAng">21725.9306666667</dst>
            <dst id="CHINng">26787.4933333333</dst>
            <dst id="DNVRng">4536.49333333333</dst>
            <dst id="HSTNng">3014.36266666667</dst>
            <dst id="IPLSng">22471.6026666667</dst>
            <dst id="KSCYng">3967.32533333333</dst>
            <dst id="LOSAng">20803.4106666667</dst>
            <dst id="NYCMng">20553.2506666667</dst>
            <dst id="SNVAng">916.962666666667</dst>
            <dst id="STTLng">5734.592</dst>
            <dst id="WASHng">34885.4506666667</dst>
        </src>
        <src id="CHINng">
            <dst id="ATLA-M5">1746.46933333333</dst>
            <dst id="ATLAng">35922.96</dst>
            <dst id="CHINng">84040.4586666667</dst>
            <dst id="DNVRng">30205.7546666667</dst>
            <dst id="HSTNng">48583.9786666667</dst>
            <dst id="IPLSng">65182.384</dst>
            <dst id="KSCYng">21169.912</dst>
            <dst id="LOSAng">74905.448</dst>
            <dst id="NYCMng">23208.5013333333</dst>
            <dst id="SNVAng">6189.49866666667</dst>
            <dst id="STTLng">10216.9306666667</dst>
            <dst id="WASHng">25450.0453333333</dst>
        </src>
        <src id="DNVRng">
            <dst id="ATLA-M5">502.44</dst>
            <dst id="ATLAng">4943.87466666667</dst>
            <dst id="CHINng">61794.5573333333</dst>
            <dst id="DNVRng">5521.768</dst>
            <dst id="HSTNng">12770.1893333333</dst>
            <dst id="IPLSng">34404.6586666666</dst>
            <dst id="KSCYng">11669.3066666667</dst>
            <dst id="LOSAng">49227.888</dst>
            <dst id="NYCMng">25396.2266666667</dst>
            <dst id="SNVAng">9017.53066666667</dst>
            <dst id="STTLng">9583.04266666667</dst>
            <dst id="WASHng">50625.1733333333</dst>
        </src>
        <src id="HSTNng">
            <dst id="ATLA-M5">4561.98933333333</dst>
            <dst id="ATLAng">3393.04266666667</dst>
            <dst id="CHINng">21012.8586666667</dst>
            <dst id="DNVRng">3342.27466666667</dst>
            <dst id="HSTNng">6738.784</dst>
            <dst id="IPLSng">7163.216</dst>
            <dst id="KSCYng">5299.94933333333</dst>
            <dst id="LOSAng">9507.30133333333</dst>
            <dst id="NYCMng">6877.27466666667</dst>
            <dst id="SNVAng">1341.12533333333</dst>
            <dst id="STTLng">2616.984</dst>
            <dst id="WASHng">8455.296</dst>
        </src>
        <src id="IPLSng">
            <dst id="ATLA-M5">781.333333333333</dst>
            <dst id="ATLAng">28999.3306666667</dst>
            <dst id="CHINng">95951.4106666667</dst>
            <dst id="DNVRng">12546.88</dst>
            <dst id="HSTNng">7539.21066666667</dst>
            <dst id="IPLSng">37465.5333333333</dst>
            <dst id="KSCYng">16166.6933333333</dst>
            <dst id="LOSAng">45208.5733333333</dst>
            <dst id="NYCMng">48257.288</dst>
            <dst id="SNVAng">5286.82133333333</dst>
            <dst id="STTLng">8225.53066666667</dst>
            <dst id="WASHng">34586.6426666667</dst>
        </src>
        <src id="KSCYng">
            <dst id="ATLA-M5">250.757333333333</dst>
            <dst id="ATLAng">3032.81866666667</dst>
            <dst id="CHINng">21536.4773333333</dst>
            <dst id="DNVRng">21701.0853333333</dst>
            <dst id="HSTNng">4688.58666666667</dst>
            <dst id="IPLSng">24702.8346666667</dst>
            <dst id="KSCYng">6836.99733333333</dst>
            <dst id="LOSAng">6846.21333333333</dst>
            <dst id="NYCMng">3914.41333333333</dst>
            <dst id="SNVAng">462.736</dst>
            <dst id="STTLng">2547.93333333333</dst>
            <dst id="WASHng">20543.4453333333</dst>
        </src>
        <src id="LOSAng">
            <dst id="ATLA-M5">2479.03466666667</dst>
            <dst id="ATLAng">19038.56</dst>
            <dst id="CHINng">91757.6213333334</dst>
            <dst id="DNVRng">19211.3786666667</dst>
            <dst id="HSTNng">6962.32</dst>
            <dst id="IPLSng">71354.032</dst>
            <dst id="KSCYng">14835.7466666667</dst>
            <dst id="LOSAng">17252.568</dst>
            <dst id="NYCMng">69939.5013333333</dst>
            <dst id="SNVAng">9798.04266666667</dst>
            <dst id="STTLng">37047.5866666667</dst>
            <dst id="WASHng">97141.7493333334</dst>
        </src>
        <src id="NYCMng">
            <dst id="ATLA-M5">2120.096</dst>
            <dst id="ATLAng">32541.7706666667</dst>
            <dst id="CHINng">64568.4906666667</dst>
            <dst id="DNVRng">35430.4266666667</dst>
            <dst id="HSTNng">18817.0213333333</dst>
            <dst id="IPLSng">63694.8453333333</dst>
            <dst id="KSCYng">19042.752</dst>
            <dst id="LOSAng">84718.6746666667</dst>
            <dst id="NYCMng">192137.944</dst>
            <dst id="SNVAng">2797.96266666667</dst>
            <dst id="STTLng">35749.9173333333</dst>
            <dst id="WASHng">159084.373333333</dst>
        </src>
        <src id="SNVAng">
            <dst id="ATLA-M5">74.6906666666667</dst>
            <dst id="ATLAng">510.730666666667</dst>
            <dst id="CHINng">2115.848</dst>
            <dst id="DNVRng">4108.79466666667</dst>
            <dst id="HSTNng">2303.46666666667</dst>
            <dst id="IPLSng">5219.88266666667</dst>
            <dst id="KSCYng">508.416</dst>
            <dst id="LOSAng">54192.2666666667</dst>
            <dst id="NYCMng">930.133333333333</dst>
            <dst id="SNVAng">22273.3813333333</dst>
            <dst id="STTLng">68497.1226666667</dst>
            <dst id="WASHng">1524.10133333333</dst>
        </src>
        <src id="STTLng">
            <dst id="ATLA-M5">490.698666666667</dst>
            <dst id="ATLAng">9782.86666666667</dst>
            <dst id="CHINng">12952.8133333333</dst>
            <dst id="DNVRng">3298.016</dst>
            <dst id="HSTNng">6530.97866666667</dst>
            <dst id="IPLSng">9037.14666666667</dst>
            <dst id="KSCYng">3813.24266666667</dst>
            <dst id="LOSAng">24133.92</dst>
            <dst id="NYCMng">8148.77866666667</dst>
            <dst id="SNVAng">3474.24533333333</dst>
            <dst id="STTLng">1861.46666666667</dst>
            <dst id="WASHng">8269.26933333333</dst>
        </src>
        <src id="WASHng">
            <dst id="ATLA-M5">1567.82133333333</dst>
            <dst id="ATLAng">77531.1653333333</dst>
            <dst id="CHINng">92889.9653333333</dst>
            <dst id="DNVRng">44290.9013333333</dst>
            <dst id="HSTNng">26884.0106666667</dst>
            <dst id="IPLSng">52548.192</dst>
            <dst id="KSCYng">17235.7786666667</dst>
            <dst id="LOSAng">124692.538666667</dst>
            <dst id="NYCMng">147328.133333333</dst>
            <dst id="SNVAng">3118.93066666667</dst>
            <dst id="STTLng">24493.5173333333</dst>
            <dst id="WASHng">206301.597333333</dst>
        </src>
    </IntraTM>
</TrafficMatrixFile>
