<?xml version="1.0" encoding="ISO-8859-1" standalone="yes"?>
<TrafficMatrixFile xsi:noNamespaceSchemaLocation="http://totem.run.montefiore.ulg.ac.be/Schema/TrafficMatrix-v1_2.xsd" xmlns:xsi="http://www.w3.org/2001/XMLSchema-instance">
    <IntraTM ASID="11537">
        <src id="ATLA-M5">
            <dst id="ATLA-M5">26.6666666666667</dst>
            <dst id="ATLAng">192.896</dst>
            <dst id="CHINng">254.058666666667</dst>
            <dst id="DNVRng">532.84</dst>
            <dst id="HSTNng">119.213333333333</dst>
            <dst id="IPLSng">312.034666666667</dst>
            <dst id="KSCYng">161.042666666667</dst>
            <dst id="LOSAng">124.725333333333</dst>
            <dst id="NYCMng">106.666666666667</dst>
            <dst id="SNVAng">0</dst>
            <dst id="STTLng">158.88</dst>
            <dst id="WASHng">601.517333333333</dst>
        </src>
        <src id="ATLAng">
            <dst id="ATLA-M5">72.9306666666667</dst>
            <dst id="ATLAng">25955.6426666667</dst>
            <dst id="CHINng">19429.2693333333</dst>
            <dst id="DNVRng">4753.45066666667</dst>
            <dst id="HSTNng">7882.496</dst>
            <dst id="IPLSng">24055.8426666667</dst>
            <dst id="KSCYng">2230.352</dst>
            <dst id="LOSAng">28390.9866666667</dst>
            <dst id="NYCMng">10654.5466666667</dst>
            <dst id="SNVAng">7942.67333333333</dst>
            <dst id="STTLng">4254.768</dst>
            <dst id="WASHng">39679.912</dst>
        </src>
        <src id="CHINng">
            <dst id="ATLA-M5">1219.50133333333</dst>
            <dst id="ATLAng">28389.0426666667</dst>
            <dst id="CHINng">83050.8746666667</dst>
            <dst id="DNVRng">15188.1253333333</dst>
            <dst id="HSTNng">49523.3093333334</dst>
            <dst id="IPLSng">41144.0693333333</dst>
            <dst id="KSCYng">12217.912</dst>
            <dst id="LOSAng">78504.1546666667</dst>
            <dst id="NYCMng">20709.496</dst>
            <dst id="SNVAng">5005.38933333333</dst>
            <dst id="STTLng">10684.2</dst>
            <dst id="WASHng">31829.1946666667</dst>
        </src>
        <src id="DNVRng">
            <dst id="ATLA-M5">332.522666666667</dst>
            <dst id="ATLAng">5963.39733333333</dst>
            <dst id="CHINng">76868.024</dst>
            <dst id="DNVRng">14935.104</dst>
            <dst id="HSTNng">12967.752</dst>
            <dst id="IPLSng">29909.1413333333</dst>
            <dst id="KSCYng">22385.3866666667</dst>
            <dst id="LOSAng">5306.10666666667</dst>
            <dst id="NYCMng">16447.328</dst>
            <dst id="SNVAng">8879.09066666667</dst>
            <dst id="STTLng">14556.8026666667</dst>
            <dst id="WASHng">45984.0773333333</dst>
        </src>
        <src id="HSTNng">
            <dst id="ATLA-M5">2026.432</dst>
            <dst id="ATLAng">2023.664</dst>
            <dst id="CHINng">13332.7706666667</dst>
            <dst id="DNVRng">4346.30133333333</dst>
            <dst id="HSTNng">8090.52266666667</dst>
            <dst id="IPLSng">4663.416</dst>
            <dst id="KSCYng">3264.52266666667</dst>
            <dst id="LOSAng">9370.848</dst>
            <dst id="NYCMng">3031</dst>
            <dst id="SNVAng">1905.62933333333</dst>
            <dst id="STTLng">2315.408</dst>
            <dst id="WASHng">6415.16</dst>
        </src>
        <src id="IPLSng">
            <dst id="ATLA-M5">658.514666666667</dst>
            <dst id="ATLAng">28840.336</dst>
            <dst id="CHINng">93298.4106666667</dst>
            <dst id="DNVRng">18352.5173333333</dst>
            <dst id="HSTNng">7148.26666666667</dst>
            <dst id="IPLSng">50800.6</dst>
            <dst id="KSCYng">18889.4053333333</dst>
            <dst id="LOSAng">53236.0826666667</dst>
            <dst id="NYCMng">48126.8506666667</dst>
            <dst id="SNVAng">2334.86133333333</dst>
            <dst id="STTLng">8917.624</dst>
            <dst id="WASHng">42045.2693333333</dst>
        </src>
        <src id="KSCYng">
            <dst id="ATLA-M5">392.432</dst>
            <dst id="ATLAng">3118.81333333333</dst>
            <dst id="CHINng">24402.472</dst>
            <dst id="DNVRng">13563.0026666667</dst>
            <dst id="HSTNng">3272.64533333333</dst>
            <dst id="IPLSng">9758.112</dst>
            <dst id="KSCYng">8529.824</dst>
            <dst id="LOSAng">6345.912</dst>
            <dst id="NYCMng">4727.58133333333</dst>
            <dst id="SNVAng">145.693333333333</dst>
            <dst id="STTLng">2704.65066666667</dst>
            <dst id="WASHng">16035.1573333333</dst>
        </src>
        <src id="LOSAng">
            <dst id="ATLA-M5">1164.15733333333</dst>
            <dst id="ATLAng">28942.1093333333</dst>
            <dst id="CHINng">86216.8426666667</dst>
            <dst id="DNVRng">18782.0373333333</dst>
            <dst id="HSTNng">28550.4933333333</dst>
            <dst id="IPLSng">43439.5653333333</dst>
            <dst id="KSCYng">16895.0986666667</dst>
            <dst id="LOSAng">11081.8426666667</dst>
            <dst id="NYCMng">58359.3813333334</dst>
            <dst id="SNVAng">8258.36266666667</dst>
            <dst id="STTLng">24228.048</dst>
            <dst id="WASHng">132009.018666667</dst>
        </src>
        <src id="NYCMng">
            <dst id="ATLA-M5">1897.55466666667</dst>
            <dst id="ATLAng">41212.888</dst>
            <dst id="CHINng">61591.448</dst>
            <dst id="DNVRng">40411.6533333333</dst>
            <dst id="HSTNng">12451.88</dst>
            <dst id="IPLSng">62677.3573333333</dst>
            <dst id="KSCYng">17123.0186666667</dst>
            <dst id="LOSAng">86379.784</dst>
            <dst id="NYCMng">156906.064</dst>
            <dst id="SNVAng">5784.28</dst>
            <dst id="STTLng">19737.4293333333</dst>
            <dst id="WASHng">133885.626666667</dst>
        </src>
        <src id="SNVAng">
            <dst id="ATLA-M5">65.936</dst>
            <dst id="ATLAng">67.1306666666667</dst>
            <dst id="CHINng">1934.656</dst>
            <dst id="DNVRng">3640.72266666667</dst>
            <dst id="HSTNng">534.84</dst>
            <dst id="IPLSng">647.64</dst>
            <dst id="KSCYng">399.501333333333</dst>
            <dst id="LOSAng">50143.4053333333</dst>
            <dst id="NYCMng">8974.96266666667</dst>
            <dst id="SNVAng">13781.376</dst>
            <dst id="STTLng">51533.9973333333</dst>
            <dst id="WASHng">549.037333333333</dst>
        </src>
        <src id="STTLng">
            <dst id="ATLA-M5">146.002666666667</dst>
            <dst id="ATLAng">8747.25066666667</dst>
            <dst id="CHINng">12514.744</dst>
            <dst id="DNVRng">1994.84</dst>
            <dst id="HSTNng">7010.71733333333</dst>
            <dst id="IPLSng">10554.8213333333</dst>
            <dst id="KSCYng">3103.69333333333</dst>
            <dst id="LOSAng">16921.304</dst>
            <dst id="NYCMng">5716.40266666667</dst>
            <dst id="SNVAng">3361.36266666667</dst>
            <dst id="STTLng">3861.74133333333</dst>
            <dst id="WASHng">5754.60266666667</dst>
        </src>
        <src id="WASHng">
            <dst id="ATLA-M5">439.565333333333</dst>
            <dst id="ATLAng">77777.6933333333</dst>
            <dst id="CHINng">81586.344</dst>
            <dst id="DNVRng">65583.336</dst>
            <dst id="HSTNng">40285.008</dst>
            <dst id="IPLSng">50689.7626666667</dst>
            <dst id="KSCYng">18568.3866666667</dst>
            <dst id="LOSAng">132471.178666667</dst>
            <dst id="NYCMng">138122.448</dst>
            <dst id="SNVAng">6701.744</dst>
            <dst id="STTLng">28991.664</dst>
            <dst id="WASHng">271202</dst>
        </src>
    </IntraTM>
</TrafficMatrixFile>
