<?xml version="1.0" encoding="ISO-8859-1" standalone="yes"?>
<TrafficMatrixFile xsi:noNamespaceSchemaLocation="http://totem.run.montefiore.ulg.ac.be/Schema/TrafficMatrix-v1_2.xsd" xmlns:xsi="http://www.w3.org/2001/XMLSchema-instance">
    <IntraTM ASID="11537">
        <src id="ATLA-M5">
            <dst id="ATLA-M5">673.914666666667</dst>
            <dst id="ATLAng">53.3333333333333</dst>
            <dst id="CHINng">426.210666666667</dst>
            <dst id="DNVRng">164.282666666667</dst>
            <dst id="HSTNng">248.456</dst>
            <dst id="IPLSng">1063.34133333333</dst>
            <dst id="KSCYng">107.754666666667</dst>
            <dst id="LOSAng">619.768</dst>
            <dst id="NYCMng">2299.63733333333</dst>
            <dst id="SNVAng">52.3973333333333</dst>
            <dst id="STTLng">163.189333333333</dst>
            <dst id="WASHng">1886.768</dst>
        </src>
        <src id="ATLAng">
            <dst id="ATLA-M5">580.896</dst>
            <dst id="ATLAng">31832.4853333333</dst>
            <dst id="CHINng">36969.704</dst>
            <dst id="DNVRng">3432.63733333333</dst>
            <dst id="HSTNng">5350.68533333333</dst>
            <dst id="IPLSng">18262.4826666667</dst>
            <dst id="KSCYng">5420.584</dst>
            <dst id="LOSAng">23300.5626666667</dst>
            <dst id="NYCMng">8928.03733333333</dst>
            <dst id="SNVAng">725.165333333333</dst>
            <dst id="STTLng">6487.688</dst>
            <dst id="WASHng">34172.7413333333</dst>
        </src>
        <src id="CHINng">
            <dst id="ATLA-M5">4867.464</dst>
            <dst id="ATLAng">28353.344</dst>
            <dst id="CHINng">125398.408</dst>
            <dst id="DNVRng">27424.9066666667</dst>
            <dst id="HSTNng">48642.088</dst>
            <dst id="IPLSng">64120.3146666667</dst>
            <dst id="KSCYng">12289.16</dst>
            <dst id="LOSAng">2048602.37333333</dst>
            <dst id="NYCMng">31849.616</dst>
            <dst id="SNVAng">1196.09333333333</dst>
            <dst id="STTLng">12413.4906666667</dst>
            <dst id="WASHng">30967.3626666667</dst>
        </src>
        <src id="DNVRng">
            <dst id="ATLA-M5">92.944</dst>
            <dst id="ATLAng">6611.35733333333</dst>
            <dst id="CHINng">65253.248</dst>
            <dst id="DNVRng">8386.30133333333</dst>
            <dst id="HSTNng">16583.1866666667</dst>
            <dst id="IPLSng">36317.0666666667</dst>
            <dst id="KSCYng">12360.3066666667</dst>
            <dst id="LOSAng">37148.0346666667</dst>
            <dst id="NYCMng">15459.488</dst>
            <dst id="SNVAng">8223.42933333333</dst>
            <dst id="STTLng">8033.71733333333</dst>
            <dst id="WASHng">45043.9413333333</dst>
        </src>
        <src id="HSTNng">
            <dst id="ATLA-M5">3942.144</dst>
            <dst id="ATLAng">3868.86666666667</dst>
            <dst id="CHINng">19533.9333333333</dst>
            <dst id="DNVRng">3710.67466666667</dst>
            <dst id="HSTNng">6996.90666666667</dst>
            <dst id="IPLSng">10353.3733333333</dst>
            <dst id="KSCYng">3522.56266666667</dst>
            <dst id="LOSAng">9449.04266666667</dst>
            <dst id="NYCMng">8259.088</dst>
            <dst id="SNVAng">561.738666666667</dst>
            <dst id="STTLng">2250.328</dst>
            <dst id="WASHng">13406.1466666667</dst>
        </src>
        <src id="IPLSng">
            <dst id="ATLA-M5">687.818666666667</dst>
            <dst id="ATLAng">18653.4426666667</dst>
            <dst id="CHINng">149540.394666667</dst>
            <dst id="DNVRng">24238.696</dst>
            <dst id="HSTNng">6888.15733333333</dst>
            <dst id="IPLSng">30456.992</dst>
            <dst id="KSCYng">8386.312</dst>
            <dst id="LOSAng">51467.4266666667</dst>
            <dst id="NYCMng">79399.224</dst>
            <dst id="SNVAng">1302.05333333333</dst>
            <dst id="STTLng">11240.16</dst>
            <dst id="WASHng">47175.64</dst>
        </src>
        <src id="KSCYng">
            <dst id="ATLA-M5">150.522666666667</dst>
            <dst id="ATLAng">5258.71733333333</dst>
            <dst id="CHINng">25417.8</dst>
            <dst id="DNVRng">10110.0053333333</dst>
            <dst id="HSTNng">3628.16</dst>
            <dst id="IPLSng">16189.76</dst>
            <dst id="KSCYng">7100.89333333333</dst>
            <dst id="LOSAng">6465.65333333333</dst>
            <dst id="NYCMng">4682.78933333333</dst>
            <dst id="SNVAng">374.146666666667</dst>
            <dst id="STTLng">1495.28266666667</dst>
            <dst id="WASHng">18794.936</dst>
        </src>
        <src id="LOSAng">
            <dst id="ATLA-M5">3409.21866666667</dst>
            <dst id="ATLAng">18987.2133333333</dst>
            <dst id="CHINng">1093769.12</dst>
            <dst id="DNVRng">7771.86133333333</dst>
            <dst id="HSTNng">39160.9066666667</dst>
            <dst id="IPLSng">55501.9733333333</dst>
            <dst id="KSCYng">13177.6186666667</dst>
            <dst id="LOSAng">11287.512</dst>
            <dst id="NYCMng">89351.536</dst>
            <dst id="SNVAng">10777.2666666667</dst>
            <dst id="STTLng">36424.648</dst>
            <dst id="WASHng">103721.656</dst>
        </src>
        <src id="NYCMng">
            <dst id="ATLA-M5">3640.888</dst>
            <dst id="ATLAng">38580.5893333333</dst>
            <dst id="CHINng">58012.5786666667</dst>
            <dst id="DNVRng">38772.2613333333</dst>
            <dst id="HSTNng">17955.3493333333</dst>
            <dst id="IPLSng">77653.2106666667</dst>
            <dst id="KSCYng">23550.5653333333</dst>
            <dst id="LOSAng">71488.408</dst>
            <dst id="NYCMng">213507.925333333</dst>
            <dst id="SNVAng">7518.15466666667</dst>
            <dst id="STTLng">22175.0106666667</dst>
            <dst id="WASHng">185938.354666667</dst>
        </src>
        <src id="SNVAng">
            <dst id="ATLA-M5">26.6666666666667</dst>
            <dst id="ATLAng">1185.57333333333</dst>
            <dst id="CHINng">1968.46133333333</dst>
            <dst id="DNVRng">4346.70666666667</dst>
            <dst id="HSTNng">1721.78133333333</dst>
            <dst id="IPLSng">2556.02133333333</dst>
            <dst id="KSCYng">233.408</dst>
            <dst id="LOSAng">32293.6533333333</dst>
            <dst id="NYCMng">640.152</dst>
            <dst id="SNVAng">13496.232</dst>
            <dst id="STTLng">50507.376</dst>
            <dst id="WASHng">1329.98933333333</dst>
        </src>
        <src id="STTLng">
            <dst id="ATLA-M5">972.152</dst>
            <dst id="ATLAng">8570.09333333333</dst>
            <dst id="CHINng">24345.4453333333</dst>
            <dst id="DNVRng">8847.07733333333</dst>
            <dst id="HSTNng">12838.56</dst>
            <dst id="IPLSng">8823.85066666667</dst>
            <dst id="KSCYng">5253.45866666667</dst>
            <dst id="LOSAng">21469.0373333333</dst>
            <dst id="NYCMng">8537.70666666667</dst>
            <dst id="SNVAng">1938.064</dst>
            <dst id="STTLng">1782.21333333333</dst>
            <dst id="WASHng">10815.8826666667</dst>
        </src>
        <src id="WASHng">
            <dst id="ATLA-M5">1861.424</dst>
            <dst id="ATLAng">151540.789333333</dst>
            <dst id="CHINng">81618.7306666667</dst>
            <dst id="DNVRng">50059.176</dst>
            <dst id="HSTNng">29292.6266666667</dst>
            <dst id="IPLSng">64481.12</dst>
            <dst id="KSCYng">21443.16</dst>
            <dst id="LOSAng">109251.757333333</dst>
            <dst id="NYCMng">182754.802666667</dst>
            <dst id="SNVAng">3851.30133333333</dst>
            <dst id="STTLng">28178.184</dst>
            <dst id="WASHng">241760.154666667</dst>
        </src>
    </IntraTM>
</TrafficMatrixFile>
