<?xml version="1.0" encoding="ISO-8859-1" standalone="yes"?>
<TrafficMatrixFile xsi:noNamespaceSchemaLocation="http://totem.run.montefiore.ulg.ac.be/Schema/TrafficMatrix-v1_2.xsd" xmlns:xsi="http://www.w3.org/2001/XMLSchema-instance">
    <IntraTM ASID="11537">
        <src id="ATLA-M5">
            <dst id="ATLA-M5">1402.85333333333</dst>
            <dst id="ATLAng">74.6666666666667</dst>
            <dst id="CHINng">816.458666666667</dst>
            <dst id="DNVRng">103.784</dst>
            <dst id="HSTNng">160</dst>
            <dst id="IPLSng">276.776</dst>
            <dst id="KSCYng">138.317333333333</dst>
            <dst id="LOSAng">350.866666666667</dst>
            <dst id="NYCMng">854.197333333333</dst>
            <dst id="SNVAng">0</dst>
            <dst id="STTLng">53.3333333333333</dst>
            <dst id="WASHng">801.888</dst>
        </src>
        <src id="ATLAng">
            <dst id="ATLA-M5">456.698666666667</dst>
            <dst id="ATLAng">33225.6346666667</dst>
            <dst id="CHINng">14961.608</dst>
            <dst id="DNVRng">4621.32533333333</dst>
            <dst id="HSTNng">4293.96266666667</dst>
            <dst id="IPLSng">17495.6453333333</dst>
            <dst id="KSCYng">5280.104</dst>
            <dst id="LOSAng">28471.744</dst>
            <dst id="NYCMng">7869.06933333333</dst>
            <dst id="SNVAng">125.370666666667</dst>
            <dst id="STTLng">5397.712</dst>
            <dst id="WASHng">49768.1146666667</dst>
        </src>
        <src id="CHINng">
            <dst id="ATLA-M5">689.757333333333</dst>
            <dst id="ATLAng">24964.496</dst>
            <dst id="CHINng">99949.752</dst>
            <dst id="DNVRng">16304.336</dst>
            <dst id="HSTNng">46474.944</dst>
            <dst id="IPLSng">46395.0053333333</dst>
            <dst id="KSCYng">14396.4853333333</dst>
            <dst id="LOSAng">29938.072</dst>
            <dst id="NYCMng">22574.08</dst>
            <dst id="SNVAng">791</dst>
            <dst id="STTLng">13076.7946666667</dst>
            <dst id="WASHng">24919.72</dst>
        </src>
        <src id="DNVRng">
            <dst id="ATLA-M5">305.493333333333</dst>
            <dst id="ATLAng">5743.168</dst>
            <dst id="CHINng">56887.928</dst>
            <dst id="DNVRng">7264.29866666667</dst>
            <dst id="HSTNng">13899.104</dst>
            <dst id="IPLSng">41604.456</dst>
            <dst id="KSCYng">11235.32</dst>
            <dst id="LOSAng">5286.152</dst>
            <dst id="NYCMng">11563.8453333333</dst>
            <dst id="SNVAng">7829.35733333333</dst>
            <dst id="STTLng">7779.66133333333</dst>
            <dst id="WASHng">40339.056</dst>
        </src>
        <src id="HSTNng">
            <dst id="ATLA-M5">431.130666666667</dst>
            <dst id="ATLAng">794.821333333333</dst>
            <dst id="CHINng">18412.904</dst>
            <dst id="DNVRng">2431.096</dst>
            <dst id="HSTNng">4811.76533333333</dst>
            <dst id="IPLSng">2843.144</dst>
            <dst id="KSCYng">2798.256</dst>
            <dst id="LOSAng">4795.68266666667</dst>
            <dst id="NYCMng">4569.40266666667</dst>
            <dst id="SNVAng">215.437333333333</dst>
            <dst id="STTLng">1002.208</dst>
            <dst id="WASHng">14047.032</dst>
        </src>
        <src id="IPLSng">
            <dst id="ATLA-M5">425.536</dst>
            <dst id="ATLAng">13606.024</dst>
            <dst id="CHINng">96344.6693333333</dst>
            <dst id="DNVRng">22114.432</dst>
            <dst id="HSTNng">3560.696</dst>
            <dst id="IPLSng">18730.5546666667</dst>
            <dst id="KSCYng">7912.41866666667</dst>
            <dst id="LOSAng">69311.448</dst>
            <dst id="NYCMng">64166.88</dst>
            <dst id="SNVAng">723.912</dst>
            <dst id="STTLng">10181.3226666667</dst>
            <dst id="WASHng">28319.2426666667</dst>
        </src>
        <src id="KSCYng">
            <dst id="ATLA-M5">133.482666666667</dst>
            <dst id="ATLAng">2268.928</dst>
            <dst id="CHINng">35053.792</dst>
            <dst id="DNVRng">11968.9093333333</dst>
            <dst id="HSTNng">3312.376</dst>
            <dst id="IPLSng">27477.1013333333</dst>
            <dst id="KSCYng">9049.74133333333</dst>
            <dst id="LOSAng">5670.24266666667</dst>
            <dst id="NYCMng">6030.83466666667</dst>
            <dst id="SNVAng">1145.11466666667</dst>
            <dst id="STTLng">2295.184</dst>
            <dst id="WASHng">14126.9813333333</dst>
        </src>
        <src id="LOSAng">
            <dst id="ATLA-M5">3485.89066666667</dst>
            <dst id="ATLAng">24057.6266666667</dst>
            <dst id="CHINng">80275.616</dst>
            <dst id="DNVRng">7463.43733333333</dst>
            <dst id="HSTNng">11609.1813333333</dst>
            <dst id="IPLSng">40980.056</dst>
            <dst id="KSCYng">11853.2293333333</dst>
            <dst id="LOSAng">11816.5706666667</dst>
            <dst id="NYCMng">67338.4106666667</dst>
            <dst id="SNVAng">9909.576</dst>
            <dst id="STTLng">26552.632</dst>
            <dst id="WASHng">140984.378666667</dst>
        </src>
        <src id="NYCMng">
            <dst id="ATLA-M5">1590.66666666667</dst>
            <dst id="ATLAng">29138.904</dst>
            <dst id="CHINng">43361.5946666667</dst>
            <dst id="DNVRng">24738.1733333333</dst>
            <dst id="HSTNng">9149.912</dst>
            <dst id="IPLSng">57746.392</dst>
            <dst id="KSCYng">21902.1413333333</dst>
            <dst id="LOSAng">36709.592</dst>
            <dst id="NYCMng">185056.648</dst>
            <dst id="SNVAng">2339.112</dst>
            <dst id="STTLng">20861.1386666667</dst>
            <dst id="WASHng">133273.36</dst>
        </src>
        <src id="SNVAng">
            <dst id="ATLA-M5">0</dst>
            <dst id="ATLAng">26.6666666666667</dst>
            <dst id="CHINng">872.112</dst>
            <dst id="DNVRng">3974.456</dst>
            <dst id="HSTNng">176.074666666667</dst>
            <dst id="IPLSng">460.013333333333</dst>
            <dst id="KSCYng">80</dst>
            <dst id="LOSAng">29200.0986666667</dst>
            <dst id="NYCMng">953.810666666667</dst>
            <dst id="SNVAng">12844.2293333333</dst>
            <dst id="STTLng">46280.0053333333</dst>
            <dst id="WASHng">323.464</dst>
        </src>
        <src id="STTLng">
            <dst id="ATLA-M5">137.978666666667</dst>
            <dst id="ATLAng">9670.90933333333</dst>
            <dst id="CHINng">14704.056</dst>
            <dst id="DNVRng">1685.488</dst>
            <dst id="HSTNng">6664.592</dst>
            <dst id="IPLSng">4579.30666666667</dst>
            <dst id="KSCYng">4832.272</dst>
            <dst id="LOSAng">11218.8293333333</dst>
            <dst id="NYCMng">6315.24533333333</dst>
            <dst id="SNVAng">4036.92</dst>
            <dst id="STTLng">4114.016</dst>
            <dst id="WASHng">9121.05866666667</dst>
        </src>
        <src id="WASHng">
            <dst id="ATLA-M5">350.034666666667</dst>
            <dst id="ATLAng">238747.664</dst>
            <dst id="CHINng">78333.5386666667</dst>
            <dst id="DNVRng">50521.128</dst>
            <dst id="HSTNng">29889.6133333333</dst>
            <dst id="IPLSng">47910.264</dst>
            <dst id="KSCYng">17654.8453333333</dst>
            <dst id="LOSAng">97994.7226666667</dst>
            <dst id="NYCMng">182966.456</dst>
            <dst id="SNVAng">1321.09066666667</dst>
            <dst id="STTLng">38146.7893333333</dst>
            <dst id="WASHng">278263.573333333</dst>
        </src>
    </IntraTM>
</TrafficMatrixFile>
