<?xml version="1.0" encoding="ISO-8859-1" standalone="yes"?>
<TrafficMatrixFile xsi:noNamespaceSchemaLocation="http://totem.run.montefiore.ulg.ac.be/Schema/TrafficMatrix-v1_2.xsd" xmlns:xsi="http://www.w3.org/2001/XMLSchema-instance">
    <IntraTM ASID="11537">
        <src id="ATLA-M5">
            <dst id="ATLA-M5">858.354666666667</dst>
            <dst id="ATLAng">123.477333333333</dst>
            <dst id="CHINng">492.533333333333</dst>
            <dst id="DNVRng">507.477333333333</dst>
            <dst id="HSTNng">142.426666666667</dst>
            <dst id="IPLSng">204.426666666667</dst>
            <dst id="KSCYng">44.7546666666667</dst>
            <dst id="LOSAng">447.141333333333</dst>
            <dst id="NYCMng">2545.84266666667</dst>
            <dst id="SNVAng">73.0026666666667</dst>
            <dst id="STTLng">80</dst>
            <dst id="WASHng">670.122666666667</dst>
        </src>
        <src id="ATLAng">
            <dst id="ATLA-M5">1004.16533333333</dst>
            <dst id="ATLAng">33478.896</dst>
            <dst id="CHINng">27861.6586666667</dst>
            <dst id="DNVRng">3955.60266666667</dst>
            <dst id="HSTNng">3071.66933333333</dst>
            <dst id="IPLSng">18045.008</dst>
            <dst id="KSCYng">7336.90666666667</dst>
            <dst id="LOSAng">21477.7013333333</dst>
            <dst id="NYCMng">10650.8586666667</dst>
            <dst id="SNVAng">349.84</dst>
            <dst id="STTLng">6145.69866666667</dst>
            <dst id="WASHng">40090.648</dst>
        </src>
        <src id="CHINng">
            <dst id="ATLA-M5">3124.44266666667</dst>
            <dst id="ATLAng">27308.304</dst>
            <dst id="CHINng">129104.474666667</dst>
            <dst id="DNVRng">26984.736</dst>
            <dst id="HSTNng">49505.3973333333</dst>
            <dst id="IPLSng">68316.944</dst>
            <dst id="KSCYng">13898.832</dst>
            <dst id="LOSAng">1972030.98666667</dst>
            <dst id="NYCMng">31523.0453333333</dst>
            <dst id="SNVAng">1443.60266666667</dst>
            <dst id="STTLng">20586.5706666667</dst>
            <dst id="WASHng">39634.584</dst>
        </src>
        <src id="DNVRng">
            <dst id="ATLA-M5">361.317333333333</dst>
            <dst id="ATLAng">5273.31466666667</dst>
            <dst id="CHINng">63967.072</dst>
            <dst id="DNVRng">8922.008</dst>
            <dst id="HSTNng">15055.416</dst>
            <dst id="IPLSng">34325.8666666667</dst>
            <dst id="KSCYng">9199.59733333333</dst>
            <dst id="LOSAng">6720.792</dst>
            <dst id="NYCMng">19457.8266666667</dst>
            <dst id="SNVAng">6557.432</dst>
            <dst id="STTLng">6618.504</dst>
            <dst id="WASHng">46045.816</dst>
        </src>
        <src id="HSTNng">
            <dst id="ATLA-M5">734.76</dst>
            <dst id="ATLAng">4164.84533333333</dst>
            <dst id="CHINng">23172.624</dst>
            <dst id="DNVRng">5341.08</dst>
            <dst id="HSTNng">7617.95733333333</dst>
            <dst id="IPLSng">9822.94666666667</dst>
            <dst id="KSCYng">3707.768</dst>
            <dst id="LOSAng">9692.43733333333</dst>
            <dst id="NYCMng">6170.00266666667</dst>
            <dst id="SNVAng">965.288</dst>
            <dst id="STTLng">2545.53333333333</dst>
            <dst id="WASHng">12614.0346666667</dst>
        </src>
        <src id="IPLSng">
            <dst id="ATLA-M5">507.810666666667</dst>
            <dst id="ATLAng">16179.568</dst>
            <dst id="CHINng">146305.389333333</dst>
            <dst id="DNVRng">20544.736</dst>
            <dst id="HSTNng">7245.848</dst>
            <dst id="IPLSng">32392.792</dst>
            <dst id="KSCYng">9312.94133333333</dst>
            <dst id="LOSAng">46882.8266666667</dst>
            <dst id="NYCMng">65239.448</dst>
            <dst id="SNVAng">1128.10666666667</dst>
            <dst id="STTLng">10827.0026666667</dst>
            <dst id="WASHng">43767.152</dst>
        </src>
        <src id="KSCYng">
            <dst id="ATLA-M5">80</dst>
            <dst id="ATLAng">5546.58933333333</dst>
            <dst id="CHINng">22534.12</dst>
            <dst id="DNVRng">9424.33333333333</dst>
            <dst id="HSTNng">5144.28533333333</dst>
            <dst id="IPLSng">36190.36</dst>
            <dst id="KSCYng">7469.85333333333</dst>
            <dst id="LOSAng">7043.80266666667</dst>
            <dst id="NYCMng">4801.848</dst>
            <dst id="SNVAng">271.306666666667</dst>
            <dst id="STTLng">1476.82666666667</dst>
            <dst id="WASHng">19266.232</dst>
        </src>
        <src id="LOSAng">
            <dst id="ATLA-M5">3058.656</dst>
            <dst id="ATLAng">29504.696</dst>
            <dst id="CHINng">1103644.32</dst>
            <dst id="DNVRng">7443.28266666667</dst>
            <dst id="HSTNng">36265.6746666667</dst>
            <dst id="IPLSng">56283.9786666667</dst>
            <dst id="KSCYng">18977.472</dst>
            <dst id="LOSAng">11548.752</dst>
            <dst id="NYCMng">89370.24</dst>
            <dst id="SNVAng">7326.64533333333</dst>
            <dst id="STTLng">33512.8613333333</dst>
            <dst id="WASHng">102205.704</dst>
        </src>
        <src id="NYCMng">
            <dst id="ATLA-M5">1823.296</dst>
            <dst id="ATLAng">48570.4106666667</dst>
            <dst id="CHINng">59680.8026666667</dst>
            <dst id="DNVRng">43097.1306666667</dst>
            <dst id="HSTNng">20062.944</dst>
            <dst id="IPLSng">67924.1653333333</dst>
            <dst id="KSCYng">23632.5626666667</dst>
            <dst id="LOSAng">82767.6933333333</dst>
            <dst id="NYCMng">210675.72</dst>
            <dst id="SNVAng">6550.07733333333</dst>
            <dst id="STTLng">18275.3333333333</dst>
            <dst id="WASHng">163855.410666667</dst>
        </src>
        <src id="SNVAng">
            <dst id="ATLA-M5">197.925333333333</dst>
            <dst id="ATLAng">408.277333333333</dst>
            <dst id="CHINng">1656.36266666667</dst>
            <dst id="DNVRng">6609.56266666667</dst>
            <dst id="HSTNng">3072.03466666667</dst>
            <dst id="IPLSng">5050.89333333333</dst>
            <dst id="KSCYng">155.789333333333</dst>
            <dst id="LOSAng">33014.2906666667</dst>
            <dst id="NYCMng">1010.65333333333</dst>
            <dst id="SNVAng">13171.824</dst>
            <dst id="STTLng">51710.3946666667</dst>
            <dst id="WASHng">637.125333333333</dst>
        </src>
        <src id="STTLng">
            <dst id="ATLA-M5">296.856</dst>
            <dst id="ATLAng">8032.78933333333</dst>
            <dst id="CHINng">16983.1306666667</dst>
            <dst id="DNVRng">10371.3493333333</dst>
            <dst id="HSTNng">13289.456</dst>
            <dst id="IPLSng">11732.7866666667</dst>
            <dst id="KSCYng">4686.888</dst>
            <dst id="LOSAng">24078.4186666667</dst>
            <dst id="NYCMng">6715.03733333333</dst>
            <dst id="SNVAng">2049.4</dst>
            <dst id="STTLng">1755.704</dst>
            <dst id="WASHng">11126.664</dst>
        </src>
        <src id="WASHng">
            <dst id="ATLA-M5">1240.16266666667</dst>
            <dst id="ATLAng">226639.704</dst>
            <dst id="CHINng">66345.56</dst>
            <dst id="DNVRng">56701.3173333333</dst>
            <dst id="HSTNng">27314</dst>
            <dst id="IPLSng">55928.1733333333</dst>
            <dst id="KSCYng">18025.1706666667</dst>
            <dst id="LOSAng">111183.930666667</dst>
            <dst id="NYCMng">175427.330666667</dst>
            <dst id="SNVAng">7911.42933333333</dst>
            <dst id="STTLng">28835.3866666667</dst>
            <dst id="WASHng">213995.52</dst>
        </src>
    </IntraTM>
</TrafficMatrixFile>
