<?xml version="1.0" encoding="ISO-8859-1" standalone="yes"?>
<TrafficMatrixFile xsi:noNamespaceSchemaLocation="http://totem.run.montefiore.ulg.ac.be/Schema/TrafficMatrix-v1_2.xsd" xmlns:xsi="http://www.w3.org/2001/XMLSchema-instance">
    <IntraTM ASID="11537">
        <src id="ATLA-M5">
            <dst id="ATLA-M5">97.8213333333333</dst>
            <dst id="ATLAng">170.461333333333</dst>
            <dst id="CHINng">614.957333333333</dst>
            <dst id="DNVRng">0</dst>
            <dst id="HSTNng">203.328</dst>
            <dst id="IPLSng">758.112</dst>
            <dst id="KSCYng">136.352</dst>
            <dst id="LOSAng">486.250666666667</dst>
            <dst id="NYCMng">908.754666666667</dst>
            <dst id="SNVAng">0</dst>
            <dst id="STTLng">26.6666666666667</dst>
            <dst id="WASHng">1584.096</dst>
        </src>
        <src id="ATLAng">
            <dst id="ATLA-M5">1954.30133333333</dst>
            <dst id="ATLAng">49722.304</dst>
            <dst id="CHINng">19215.8026666667</dst>
            <dst id="DNVRng">4398.488</dst>
            <dst id="HSTNng">4894.47466666667</dst>
            <dst id="IPLSng">29148.2</dst>
            <dst id="KSCYng">3169.45866666667</dst>
            <dst id="LOSAng">20998.9333333333</dst>
            <dst id="NYCMng">6377.62133333333</dst>
            <dst id="SNVAng">667.773333333333</dst>
            <dst id="STTLng">4678.552</dst>
            <dst id="WASHng">35066.8666666667</dst>
        </src>
        <src id="CHINng">
            <dst id="ATLA-M5">2432.97066666667</dst>
            <dst id="ATLAng">22198.936</dst>
            <dst id="CHINng">89120.4746666667</dst>
            <dst id="DNVRng">20285.4826666667</dst>
            <dst id="HSTNng">55694.384</dst>
            <dst id="IPLSng">69474.8346666667</dst>
            <dst id="KSCYng">14952.0506666667</dst>
            <dst id="LOSAng">2019422.32</dst>
            <dst id="NYCMng">19217.896</dst>
            <dst id="SNVAng">2932.33866666667</dst>
            <dst id="STTLng">12435.5493333333</dst>
            <dst id="WASHng">40403.5973333333</dst>
        </src>
        <src id="DNVRng">
            <dst id="ATLA-M5">373.525333333333</dst>
            <dst id="ATLAng">4907.82933333333</dst>
            <dst id="CHINng">64470.6533333333</dst>
            <dst id="DNVRng">12154.7066666667</dst>
            <dst id="HSTNng">14587.5946666667</dst>
            <dst id="IPLSng">37433.8906666667</dst>
            <dst id="KSCYng">12705.4586666667</dst>
            <dst id="LOSAng">8777.66133333333</dst>
            <dst id="NYCMng">5965.29066666667</dst>
            <dst id="SNVAng">8600.20533333334</dst>
            <dst id="STTLng">8780.53866666667</dst>
            <dst id="WASHng">40863.856</dst>
        </src>
        <src id="HSTNng">
            <dst id="ATLA-M5">816.813333333333</dst>
            <dst id="ATLAng">8103.31466666667</dst>
            <dst id="CHINng">18521.768</dst>
            <dst id="DNVRng">2553.34133333333</dst>
            <dst id="HSTNng">9078.96</dst>
            <dst id="IPLSng">6428.47466666667</dst>
            <dst id="KSCYng">4484.47733333333</dst>
            <dst id="LOSAng">3256.904</dst>
            <dst id="NYCMng">3861.168</dst>
            <dst id="SNVAng">918.344</dst>
            <dst id="STTLng">3640.83733333333</dst>
            <dst id="WASHng">8645.53333333333</dst>
        </src>
        <src id="IPLSng">
            <dst id="ATLA-M5">1414.77866666667</dst>
            <dst id="ATLAng">19568.352</dst>
            <dst id="CHINng">130273.538666667</dst>
            <dst id="DNVRng">17229.5066666667</dst>
            <dst id="HSTNng">9244.01066666667</dst>
            <dst id="IPLSng">33176.2266666667</dst>
            <dst id="KSCYng">9717.81333333333</dst>
            <dst id="LOSAng">73940.024</dst>
            <dst id="NYCMng">9239.728</dst>
            <dst id="SNVAng">1790.896</dst>
            <dst id="STTLng">12372.8506666667</dst>
            <dst id="WASHng">44836.0213333333</dst>
        </src>
        <src id="KSCYng">
            <dst id="ATLA-M5">728.946666666667</dst>
            <dst id="ATLAng">1919.53866666667</dst>
            <dst id="CHINng">20563.8853333333</dst>
            <dst id="DNVRng">8688.26133333333</dst>
            <dst id="HSTNng">4691.01866666667</dst>
            <dst id="IPLSng">14414.1306666667</dst>
            <dst id="KSCYng">7376.45066666667</dst>
            <dst id="LOSAng">5859.416</dst>
            <dst id="NYCMng">1897.87733333333</dst>
            <dst id="SNVAng">169.837333333333</dst>
            <dst id="STTLng">2396.36</dst>
            <dst id="WASHng">23995.9973333333</dst>
        </src>
        <src id="LOSAng">
            <dst id="ATLA-M5">3861.608</dst>
            <dst id="ATLAng">34148.304</dst>
            <dst id="CHINng">1065983.04</dst>
            <dst id="DNVRng">10343.1546666667</dst>
            <dst id="HSTNng">9525.96</dst>
            <dst id="IPLSng">49046.0506666667</dst>
            <dst id="KSCYng">16617.4026666667</dst>
            <dst id="LOSAng">12128.4506666667</dst>
            <dst id="NYCMng">2348.032</dst>
            <dst id="SNVAng">9626.05066666667</dst>
            <dst id="STTLng">21041.168</dst>
            <dst id="WASHng">88018.8906666667</dst>
        </src>
        <src id="NYCMng">
            <dst id="ATLA-M5">1262.488</dst>
            <dst id="ATLAng">20829.384</dst>
            <dst id="CHINng">38956.2213333333</dst>
            <dst id="DNVRng">25326.6746666667</dst>
            <dst id="HSTNng">15841.9306666667</dst>
            <dst id="IPLSng">50798.3253333333</dst>
            <dst id="KSCYng">13309.5066666667</dst>
            <dst id="LOSAng">74722.7866666667</dst>
            <dst id="NYCMng">142205.970666667</dst>
            <dst id="SNVAng">2047.50933333333</dst>
            <dst id="STTLng">21464.3786666667</dst>
            <dst id="WASHng">102770.848</dst>
        </src>
        <src id="SNVAng">
            <dst id="ATLA-M5">57.656</dst>
            <dst id="ATLAng">309.056</dst>
            <dst id="CHINng">1834.69066666667</dst>
            <dst id="DNVRng">4799.74933333333</dst>
            <dst id="HSTNng">525.362666666667</dst>
            <dst id="IPLSng">5378.76266666667</dst>
            <dst id="KSCYng">4839.37866666667</dst>
            <dst id="LOSAng">39139.976</dst>
            <dst id="NYCMng">2751.34933333333</dst>
            <dst id="SNVAng">19516.456</dst>
            <dst id="STTLng">58898.4826666667</dst>
            <dst id="WASHng">540.957333333333</dst>
        </src>
        <src id="STTLng">
            <dst id="ATLA-M5">156.784</dst>
            <dst id="ATLAng">9383.76533333333</dst>
            <dst id="CHINng">15057.008</dst>
            <dst id="DNVRng">3981.25333333333</dst>
            <dst id="HSTNng">8025.21333333333</dst>
            <dst id="IPLSng">7975.49866666667</dst>
            <dst id="KSCYng">2813.896</dst>
            <dst id="LOSAng">25842.2693333333</dst>
            <dst id="NYCMng">2650.192</dst>
            <dst id="SNVAng">4273.25866666667</dst>
            <dst id="STTLng">3861.432</dst>
            <dst id="WASHng">9514.67466666667</dst>
        </src>
        <src id="WASHng">
            <dst id="ATLA-M5">1369.728</dst>
            <dst id="ATLAng">102451.912</dst>
            <dst id="CHINng">82068.8586666667</dst>
            <dst id="DNVRng">39915.8213333333</dst>
            <dst id="HSTNng">37977.9093333333</dst>
            <dst id="IPLSng">60928.816</dst>
            <dst id="KSCYng">12613.2053333333</dst>
            <dst id="LOSAng">107473.917333333</dst>
            <dst id="NYCMng">166400.909333333</dst>
            <dst id="SNVAng">6614.752</dst>
            <dst id="STTLng">30872.16</dst>
            <dst id="WASHng">236551.882666667</dst>
        </src>
    </IntraTM>
</TrafficMatrixFile>
