<?xml version="1.0" encoding="ISO-8859-1" standalone="yes"?>
<TrafficMatrixFile xsi:noNamespaceSchemaLocation="http://totem.run.montefiore.ulg.ac.be/Schema/TrafficMatrix-v1_2.xsd" xmlns:xsi="http://www.w3.org/2001/XMLSchema-instance">
    <IntraTM ASID="11537">
        <src id="ATLA-M5">
            <dst id="ATLA-M5">51.376</dst>
            <dst id="ATLAng">132.968</dst>
            <dst id="CHINng">395.058666666667</dst>
            <dst id="DNVRng">53.3333333333333</dst>
            <dst id="HSTNng">179.528</dst>
            <dst id="IPLSng">442.978666666667</dst>
            <dst id="KSCYng">147.298666666667</dst>
            <dst id="LOSAng">143.101333333333</dst>
            <dst id="NYCMng">0</dst>
            <dst id="SNVAng">1027.664</dst>
            <dst id="STTLng">58.6346666666667</dst>
            <dst id="WASHng">853.901333333333</dst>
        </src>
        <src id="ATLAng">
            <dst id="ATLA-M5">3098.16</dst>
            <dst id="ATLAng">20726.8933333333</dst>
            <dst id="CHINng">20561.368</dst>
            <dst id="DNVRng">6150.088</dst>
            <dst id="HSTNng">3313.99733333333</dst>
            <dst id="IPLSng">25347.7066666667</dst>
            <dst id="KSCYng">4741.83733333333</dst>
            <dst id="LOSAng">28838.5546666667</dst>
            <dst id="NYCMng">7455.27733333333</dst>
            <dst id="SNVAng">1183.02</dst>
            <dst id="STTLng">4745.776</dst>
            <dst id="WASHng">30834.2826666667</dst>
        </src>
        <src id="CHINng">
            <dst id="ATLA-M5">535.802666666667</dst>
            <dst id="ATLAng">32677.8666666667</dst>
            <dst id="CHINng">81670.3226666667</dst>
            <dst id="DNVRng">15232.6986666667</dst>
            <dst id="HSTNng">56459.5413333333</dst>
            <dst id="IPLSng">60335.816</dst>
            <dst id="KSCYng">14443.896</dst>
            <dst id="LOSAng">78864.4533333333</dst>
            <dst id="NYCMng">23451.0026666667</dst>
            <dst id="SNVAng">6054.27466666667</dst>
            <dst id="STTLng">11657.904</dst>
            <dst id="WASHng">25010.352</dst>
        </src>
        <src id="DNVRng">
            <dst id="ATLA-M5">204.16</dst>
            <dst id="ATLAng">4169.43466666667</dst>
            <dst id="CHINng">76285.848</dst>
            <dst id="DNVRng">16897.5786666667</dst>
            <dst id="HSTNng">16706.6746666667</dst>
            <dst id="IPLSng">28757.1626666667</dst>
            <dst id="KSCYng">25229.64</dst>
            <dst id="LOSAng">6433.11733333333</dst>
            <dst id="NYCMng">19702.872</dst>
            <dst id="SNVAng">11399.248</dst>
            <dst id="STTLng">11794.9386666667</dst>
            <dst id="WASHng">50781.0773333333</dst>
        </src>
        <src id="HSTNng">
            <dst id="ATLA-M5">1249.81333333333</dst>
            <dst id="ATLAng">3181.448</dst>
            <dst id="CHINng">14419.3813333333</dst>
            <dst id="DNVRng">4452.904</dst>
            <dst id="HSTNng">6480.36533333333</dst>
            <dst id="IPLSng">6471.69333333333</dst>
            <dst id="KSCYng">4419.84533333333</dst>
            <dst id="LOSAng">6290.616</dst>
            <dst id="NYCMng">4357.49866666667</dst>
            <dst id="SNVAng">1096.06133333333</dst>
            <dst id="STTLng">3023.24</dst>
            <dst id="WASHng">9858.60533333333</dst>
        </src>
        <src id="IPLSng">
            <dst id="ATLA-M5">1350.09866666667</dst>
            <dst id="ATLAng">36756.3733333333</dst>
            <dst id="CHINng">95436.8053333333</dst>
            <dst id="DNVRng">17277.352</dst>
            <dst id="HSTNng">7100.25333333333</dst>
            <dst id="IPLSng">22797.936</dst>
            <dst id="KSCYng">14419.2266666667</dst>
            <dst id="LOSAng">32055.784</dst>
            <dst id="NYCMng">55171.3253333333</dst>
            <dst id="SNVAng">1759.752</dst>
            <dst id="STTLng">9487.04266666667</dst>
            <dst id="WASHng">41705.8106666667</dst>
        </src>
        <src id="KSCYng">
            <dst id="ATLA-M5">111.786666666667</dst>
            <dst id="ATLAng">2471.17866666667</dst>
            <dst id="CHINng">23820.7786666667</dst>
            <dst id="DNVRng">20959.968</dst>
            <dst id="HSTNng">4275.2</dst>
            <dst id="IPLSng">16298.8213333333</dst>
            <dst id="KSCYng">11901.1466666667</dst>
            <dst id="LOSAng">8543.624</dst>
            <dst id="NYCMng">6206.69866666667</dst>
            <dst id="SNVAng">633.68</dst>
            <dst id="STTLng">2078.87466666667</dst>
            <dst id="WASHng">15374.3866666667</dst>
        </src>
        <src id="LOSAng">
            <dst id="ATLA-M5">1502.89866666667</dst>
            <dst id="ATLAng">12775.9653333333</dst>
            <dst id="CHINng">91349.6533333334</dst>
            <dst id="DNVRng">18166.8133333333</dst>
            <dst id="HSTNng">26295.5973333333</dst>
            <dst id="IPLSng">46072.24</dst>
            <dst id="KSCYng">11250.848</dst>
            <dst id="LOSAng">13231.6746666667</dst>
            <dst id="NYCMng">69017.5706666667</dst>
            <dst id="SNVAng">10070.7626666667</dst>
            <dst id="STTLng">27354.0053333333</dst>
            <dst id="WASHng">119113.269333333</dst>
        </src>
        <src id="NYCMng">
            <dst id="ATLA-M5">957.954666666667</dst>
            <dst id="ATLAng">35346.9466666667</dst>
            <dst id="CHINng">47052.2533333333</dst>
            <dst id="DNVRng">35246.3626666667</dst>
            <dst id="HSTNng">17494.6693333333</dst>
            <dst id="IPLSng">55229.8213333333</dst>
            <dst id="KSCYng">21167.416</dst>
            <dst id="LOSAng">78562.1866666667</dst>
            <dst id="NYCMng">174132.824</dst>
            <dst id="SNVAng">4808.672</dst>
            <dst id="STTLng">22048.2986666667</dst>
            <dst id="WASHng">137985.568</dst>
        </src>
        <src id="SNVAng">
            <dst id="ATLA-M5">0</dst>
            <dst id="ATLAng">160</dst>
            <dst id="CHINng">2710.424</dst>
            <dst id="DNVRng">13148.0026666667</dst>
            <dst id="HSTNng">209.994666666667</dst>
            <dst id="IPLSng">1265.39466666667</dst>
            <dst id="KSCYng">53.3333333333333</dst>
            <dst id="LOSAng">60368.224</dst>
            <dst id="NYCMng">1032.13866666667</dst>
            <dst id="SNVAng">21085.0453333333</dst>
            <dst id="STTLng">59668.304</dst>
            <dst id="WASHng">1007.10666666667</dst>
        </src>
        <src id="STTLng">
            <dst id="ATLA-M5">145.602666666667</dst>
            <dst id="ATLAng">10296.1066666667</dst>
            <dst id="CHINng">9141.01333333333</dst>
            <dst id="DNVRng">2083.02933333333</dst>
            <dst id="HSTNng">7969.192</dst>
            <dst id="IPLSng">10889.896</dst>
            <dst id="KSCYng">3312.2</dst>
            <dst id="LOSAng">20663.448</dst>
            <dst id="NYCMng">6428.68533333333</dst>
            <dst id="SNVAng">5478.69866666667</dst>
            <dst id="STTLng">6290.51466666667</dst>
            <dst id="WASHng">5305.824</dst>
        </src>
        <src id="WASHng">
            <dst id="ATLA-M5">2228.328</dst>
            <dst id="ATLAng">93779.544</dst>
            <dst id="CHINng">70482.9706666667</dst>
            <dst id="DNVRng">60879.3226666667</dst>
            <dst id="HSTNng">20028.968</dst>
            <dst id="IPLSng">66464.4746666667</dst>
            <dst id="KSCYng">22957.7786666667</dst>
            <dst id="LOSAng">114240.981333333</dst>
            <dst id="NYCMng">158154.952</dst>
            <dst id="SNVAng">2296.35733333333</dst>
            <dst id="STTLng">41308.0186666667</dst>
            <dst id="WASHng">404496.08</dst>
        </src>
    </IntraTM>
</TrafficMatrixFile>
