<?xml version="1.0" encoding="ISO-8859-1" standalone="yes"?>
<TrafficMatrixFile xsi:noNamespaceSchemaLocation="http://totem.run.montefiore.ulg.ac.be/Schema/TrafficMatrix-v1_2.xsd" xmlns:xsi="http://www.w3.org/2001/XMLSchema-instance">
    <IntraTM ASID="11537">
        <src id="ATLA-M5">
            <dst id="ATLA-M5">101.282666666667</dst>
            <dst id="ATLAng">85.7866666666667</dst>
            <dst id="CHINng">940.325333333333</dst>
            <dst id="DNVRng">368.141333333333</dst>
            <dst id="HSTNng">302.688</dst>
            <dst id="IPLSng">254.792</dst>
            <dst id="KSCYng">411.624</dst>
            <dst id="LOSAng">356.365333333333</dst>
            <dst id="NYCMng">186.666666666667</dst>
            <dst id="SNVAng">26.6666666666667</dst>
            <dst id="STTLng">26.6666666666667</dst>
            <dst id="WASHng">2087.464</dst>
        </src>
        <src id="ATLAng">
            <dst id="ATLA-M5">492.696</dst>
            <dst id="ATLAng">37694.6506666667</dst>
            <dst id="CHINng">23348.8666666667</dst>
            <dst id="DNVRng">7984.688</dst>
            <dst id="HSTNng">2767.24266666667</dst>
            <dst id="IPLSng">22944.8826666667</dst>
            <dst id="KSCYng">4187.08533333333</dst>
            <dst id="LOSAng">24251.5706666667</dst>
            <dst id="NYCMng">8529.26133333333</dst>
            <dst id="SNVAng">667.762666666667</dst>
            <dst id="STTLng">6918.51466666667</dst>
            <dst id="WASHng">39535.992</dst>
        </src>
        <src id="CHINng">
            <dst id="ATLA-M5">932.418666666667</dst>
            <dst id="ATLAng">27605.4906666667</dst>
            <dst id="CHINng">99559.5066666667</dst>
            <dst id="DNVRng">25921.768</dst>
            <dst id="HSTNng">51654.7253333333</dst>
            <dst id="IPLSng">65286.608</dst>
            <dst id="KSCYng">15025.2</dst>
            <dst id="LOSAng">78947.6826666667</dst>
            <dst id="NYCMng">29840.0106666667</dst>
            <dst id="SNVAng">3180.816</dst>
            <dst id="STTLng">10227.1013333333</dst>
            <dst id="WASHng">42333.624</dst>
        </src>
        <src id="DNVRng">
            <dst id="ATLA-M5">429.536</dst>
            <dst id="ATLAng">4876.336</dst>
            <dst id="CHINng">74494.176</dst>
            <dst id="DNVRng">15990.5333333333</dst>
            <dst id="HSTNng">18339.1946666667</dst>
            <dst id="IPLSng">28289.3306666667</dst>
            <dst id="KSCYng">32967.408</dst>
            <dst id="LOSAng">12414.5493333333</dst>
            <dst id="NYCMng">19589.0133333333</dst>
            <dst id="SNVAng">12444.0986666667</dst>
            <dst id="STTLng">18373.5066666667</dst>
            <dst id="WASHng">61374.536</dst>
        </src>
        <src id="HSTNng">
            <dst id="ATLA-M5">5743.72533333333</dst>
            <dst id="ATLAng">4913.336</dst>
            <dst id="CHINng">27002.312</dst>
            <dst id="DNVRng">4799.464</dst>
            <dst id="HSTNng">12145.496</dst>
            <dst id="IPLSng">6418.36266666667</dst>
            <dst id="KSCYng">3030.94933333333</dst>
            <dst id="LOSAng">9230.12266666667</dst>
            <dst id="NYCMng">6666.84266666667</dst>
            <dst id="SNVAng">1154.312</dst>
            <dst id="STTLng">2585.98666666667</dst>
            <dst id="WASHng">6552.03466666667</dst>
        </src>
        <src id="IPLSng">
            <dst id="ATLA-M5">723.245333333333</dst>
            <dst id="ATLAng">31957.7413333333</dst>
            <dst id="CHINng">106593.864</dst>
            <dst id="DNVRng">14805.9546666667</dst>
            <dst id="HSTNng">6919.44266666667</dst>
            <dst id="IPLSng">17956.2826666667</dst>
            <dst id="KSCYng">20938.7946666667</dst>
            <dst id="LOSAng">49351.04</dst>
            <dst id="NYCMng">64116.8266666667</dst>
            <dst id="SNVAng">4567.66933333333</dst>
            <dst id="STTLng">10534.1706666667</dst>
            <dst id="WASHng">63375.2346666667</dst>
        </src>
        <src id="KSCYng">
            <dst id="ATLA-M5">303.56</dst>
            <dst id="ATLAng">3761.616</dst>
            <dst id="CHINng">29360.7253333333</dst>
            <dst id="DNVRng">23589.8026666667</dst>
            <dst id="HSTNng">4451.24266666667</dst>
            <dst id="IPLSng">18743.4133333333</dst>
            <dst id="KSCYng">13374.88</dst>
            <dst id="LOSAng">7408.376</dst>
            <dst id="NYCMng">8504.80266666667</dst>
            <dst id="SNVAng">1182.78666666667</dst>
            <dst id="STTLng">2774.92</dst>
            <dst id="WASHng">19298.3493333333</dst>
        </src>
        <src id="LOSAng">
            <dst id="ATLA-M5">3470.63466666667</dst>
            <dst id="ATLAng">21539.5866666667</dst>
            <dst id="CHINng">74267.0293333333</dst>
            <dst id="DNVRng">11735.3626666667</dst>
            <dst id="HSTNng">9275.81866666666</dst>
            <dst id="IPLSng">54099.2986666667</dst>
            <dst id="KSCYng">17583.3813333333</dst>
            <dst id="LOSAng">15316.2826666667</dst>
            <dst id="NYCMng">73211.504</dst>
            <dst id="SNVAng">9201.81866666666</dst>
            <dst id="STTLng">30094.3706666667</dst>
            <dst id="WASHng">118505.394666667</dst>
        </src>
        <src id="NYCMng">
            <dst id="ATLA-M5">2140.08</dst>
            <dst id="ATLAng">48698.0693333333</dst>
            <dst id="CHINng">75153.6293333333</dst>
            <dst id="DNVRng">34001.7226666667</dst>
            <dst id="HSTNng">19349.1306666667</dst>
            <dst id="IPLSng">72794.8826666667</dst>
            <dst id="KSCYng">20490.4906666667</dst>
            <dst id="LOSAng">88442.3013333333</dst>
            <dst id="NYCMng">199493.941333333</dst>
            <dst id="SNVAng">4152.856</dst>
            <dst id="STTLng">28087.232</dst>
            <dst id="WASHng">137210.24</dst>
        </src>
        <src id="SNVAng">
            <dst id="ATLA-M5">307.082666666667</dst>
            <dst id="ATLAng">210.098666666667</dst>
            <dst id="CHINng">3692.95733333333</dst>
            <dst id="DNVRng">8445.88533333333</dst>
            <dst id="HSTNng">1089.96</dst>
            <dst id="IPLSng">1916.056</dst>
            <dst id="KSCYng">632.066666666667</dst>
            <dst id="LOSAng">54964.8826666667</dst>
            <dst id="NYCMng">5777.072</dst>
            <dst id="SNVAng">24976.544</dst>
            <dst id="STTLng">62339.2373333333</dst>
            <dst id="WASHng">1191.65066666667</dst>
        </src>
        <src id="STTLng">
            <dst id="ATLA-M5">112.125333333333</dst>
            <dst id="ATLAng">9372.152</dst>
            <dst id="CHINng">13619.6693333333</dst>
            <dst id="DNVRng">5024.38666666667</dst>
            <dst id="HSTNng">7515.49066666667</dst>
            <dst id="IPLSng">8188.31733333334</dst>
            <dst id="KSCYng">2907.10133333333</dst>
            <dst id="LOSAng">40912.0426666667</dst>
            <dst id="NYCMng">5147.63466666667</dst>
            <dst id="SNVAng">5649.024</dst>
            <dst id="STTLng">6466.824</dst>
            <dst id="WASHng">9634.56533333333</dst>
        </src>
        <src id="WASHng">
            <dst id="ATLA-M5">2588.77866666667</dst>
            <dst id="ATLAng">98622.9173333333</dst>
            <dst id="CHINng">84169.5013333333</dst>
            <dst id="DNVRng">77244.4773333333</dst>
            <dst id="HSTNng">34613.6613333333</dst>
            <dst id="IPLSng">60509.384</dst>
            <dst id="KSCYng">22602.072</dst>
            <dst id="LOSAng">129594.317333333</dst>
            <dst id="NYCMng">187693.322666667</dst>
            <dst id="SNVAng">8083.192</dst>
            <dst id="STTLng">25966.6826666667</dst>
            <dst id="WASHng">252295.682666667</dst>
        </src>
    </IntraTM>
</TrafficMatrixFile>
