<?xml version="1.0" encoding="ISO-8859-1" standalone="yes"?>
<TrafficMatrixFile xsi:noNamespaceSchemaLocation="http://totem.run.montefiore.ulg.ac.be/Schema/TrafficMatrix-v1_2.xsd" xmlns:xsi="http://www.w3.org/2001/XMLSchema-instance">
    <IntraTM ASID="11537">
        <src id="ATLA-M5">
            <dst id="ATLA-M5">60.8533333333333</dst>
            <dst id="ATLAng">135.554666666667</dst>
            <dst id="CHINng">274.962666666667</dst>
            <dst id="DNVRng">26.6666666666667</dst>
            <dst id="HSTNng">108.714666666667</dst>
            <dst id="IPLSng">202.141333333333</dst>
            <dst id="KSCYng">1554.93866666667</dst>
            <dst id="LOSAng">204.533333333333</dst>
            <dst id="NYCMng">58.08</dst>
            <dst id="SNVAng">0</dst>
            <dst id="STTLng">26.6666666666667</dst>
            <dst id="WASHng">320.085333333333</dst>
        </src>
        <src id="ATLAng">
            <dst id="ATLA-M5">199.042666666667</dst>
            <dst id="ATLAng">45713.3333333333</dst>
            <dst id="CHINng">14596.7013333333</dst>
            <dst id="DNVRng">3189.73066666667</dst>
            <dst id="HSTNng">1792.512</dst>
            <dst id="IPLSng">14131.432</dst>
            <dst id="KSCYng">1987.24</dst>
            <dst id="LOSAng">18986.6586666667</dst>
            <dst id="NYCMng">9960.99466666667</dst>
            <dst id="SNVAng">1069.59466666667</dst>
            <dst id="STTLng">5672.18933333333</dst>
            <dst id="WASHng">32480.528</dst>
        </src>
        <src id="CHINng">
            <dst id="ATLA-M5">947.789333333333</dst>
            <dst id="ATLAng">9117.62666666667</dst>
            <dst id="CHINng">102781.122666667</dst>
            <dst id="DNVRng">20135.904</dst>
            <dst id="HSTNng">52820.5413333333</dst>
            <dst id="IPLSng">44611.504</dst>
            <dst id="KSCYng">11456.5866666667</dst>
            <dst id="LOSAng">45186.0933333333</dst>
            <dst id="NYCMng">21489.0853333333</dst>
            <dst id="SNVAng">1436.27733333333</dst>
            <dst id="STTLng">9930.816</dst>
            <dst id="WASHng">29582.8346666667</dst>
        </src>
        <src id="DNVRng">
            <dst id="ATLA-M5">94.0933333333333</dst>
            <dst id="ATLAng">4740.43466666667</dst>
            <dst id="CHINng">71461.9333333333</dst>
            <dst id="DNVRng">5197.60266666667</dst>
            <dst id="HSTNng">13062.9333333333</dst>
            <dst id="IPLSng">32355.1706666667</dst>
            <dst id="KSCYng">8046.96266666667</dst>
            <dst id="LOSAng">3933.19733333333</dst>
            <dst id="NYCMng">14879.1253333333</dst>
            <dst id="SNVAng">6322.85866666667</dst>
            <dst id="STTLng">6246.18133333333</dst>
            <dst id="WASHng">44791.3333333333</dst>
        </src>
        <src id="HSTNng">
            <dst id="ATLA-M5">367.52</dst>
            <dst id="ATLAng">2289.30133333333</dst>
            <dst id="CHINng">26638.1226666667</dst>
            <dst id="DNVRng">2229.544</dst>
            <dst id="HSTNng">4895.016</dst>
            <dst id="IPLSng">1512.624</dst>
            <dst id="KSCYng">1261.936</dst>
            <dst id="LOSAng">4552.792</dst>
            <dst id="NYCMng">3356.46133333333</dst>
            <dst id="SNVAng">955.821333333333</dst>
            <dst id="STTLng">1920.49866666667</dst>
            <dst id="WASHng">3143.18933333333</dst>
        </src>
        <src id="IPLSng">
            <dst id="ATLA-M5">420.248</dst>
            <dst id="ATLAng">25114.36</dst>
            <dst id="CHINng">88022.8533333333</dst>
            <dst id="DNVRng">34799.6853333333</dst>
            <dst id="HSTNng">2087.272</dst>
            <dst id="IPLSng">12619.0426666667</dst>
            <dst id="KSCYng">6196.14666666667</dst>
            <dst id="LOSAng">42837.4026666667</dst>
            <dst id="NYCMng">19103.5466666667</dst>
            <dst id="SNVAng">1778.59733333333</dst>
            <dst id="STTLng">9733.56533333333</dst>
            <dst id="WASHng">36828.9173333333</dst>
        </src>
        <src id="KSCYng">
            <dst id="ATLA-M5">49.808</dst>
            <dst id="ATLAng">2278.288</dst>
            <dst id="CHINng">23779.8373333333</dst>
            <dst id="DNVRng">19984.6773333333</dst>
            <dst id="HSTNng">3054.104</dst>
            <dst id="IPLSng">13691.96</dst>
            <dst id="KSCYng">6509.61333333333</dst>
            <dst id="LOSAng">6346.352</dst>
            <dst id="NYCMng">3981.50133333333</dst>
            <dst id="SNVAng">249.893333333333</dst>
            <dst id="STTLng">2150.152</dst>
            <dst id="WASHng">11444.6613333333</dst>
        </src>
        <src id="LOSAng">
            <dst id="ATLA-M5">1359.008</dst>
            <dst id="ATLAng">30299.9946666667</dst>
            <dst id="CHINng">74576.2666666667</dst>
            <dst id="DNVRng">5905.61866666667</dst>
            <dst id="HSTNng">5114.38666666667</dst>
            <dst id="IPLSng">22881.992</dst>
            <dst id="KSCYng">7372.97333333333</dst>
            <dst id="LOSAng">11629.1866666667</dst>
            <dst id="NYCMng">50835.2586666667</dst>
            <dst id="SNVAng">8399.91733333333</dst>
            <dst id="STTLng">19510.0026666667</dst>
            <dst id="WASHng">119575.194666667</dst>
        </src>
        <src id="NYCMng">
            <dst id="ATLA-M5">1106.312</dst>
            <dst id="ATLAng">33389.808</dst>
            <dst id="CHINng">51305.752</dst>
            <dst id="DNVRng">30948.6026666667</dst>
            <dst id="HSTNng">7201.576</dst>
            <dst id="IPLSng">32941.88</dst>
            <dst id="KSCYng">15629.024</dst>
            <dst id="LOSAng">47834.2373333333</dst>
            <dst id="NYCMng">130859.013333333</dst>
            <dst id="SNVAng">6387.624</dst>
            <dst id="STTLng">20237.1146666667</dst>
            <dst id="WASHng">91573.2693333333</dst>
        </src>
        <src id="SNVAng">
            <dst id="ATLA-M5">0</dst>
            <dst id="ATLAng">184.192</dst>
            <dst id="CHINng">1494.36</dst>
            <dst id="DNVRng">4459.064</dst>
            <dst id="HSTNng">86.8693333333333</dst>
            <dst id="IPLSng">5892.10133333333</dst>
            <dst id="KSCYng">26.6666666666667</dst>
            <dst id="LOSAng">38024.5573333333</dst>
            <dst id="NYCMng">476.216</dst>
            <dst id="SNVAng">14103.832</dst>
            <dst id="STTLng">52259.0826666667</dst>
            <dst id="WASHng">245.677333333333</dst>
        </src>
        <src id="STTLng">
            <dst id="ATLA-M5">120.88</dst>
            <dst id="ATLAng">6984.92</dst>
            <dst id="CHINng">14365.5706666667</dst>
            <dst id="DNVRng">2386.56</dst>
            <dst id="HSTNng">9547.85066666667</dst>
            <dst id="IPLSng">5050.59466666667</dst>
            <dst id="KSCYng">6577.032</dst>
            <dst id="LOSAng">12340.2666666667</dst>
            <dst id="NYCMng">6551.48266666667</dst>
            <dst id="SNVAng">2500.04533333333</dst>
            <dst id="STTLng">2966.712</dst>
            <dst id="WASHng">9898.02666666666</dst>
        </src>
        <src id="WASHng">
            <dst id="ATLA-M5">173.122666666667</dst>
            <dst id="ATLAng">107355.898666667</dst>
            <dst id="CHINng">64737.432</dst>
            <dst id="DNVRng">49391.7813333333</dst>
            <dst id="HSTNng">20288.848</dst>
            <dst id="IPLSng">75957.68</dst>
            <dst id="KSCYng">12276.4266666667</dst>
            <dst id="LOSAng">111524.12</dst>
            <dst id="NYCMng">159478.192</dst>
            <dst id="SNVAng">1175.81066666667</dst>
            <dst id="STTLng">27110.8453333333</dst>
            <dst id="WASHng">237638.050666667</dst>
        </src>
    </IntraTM>
</TrafficMatrixFile>
