<?xml version="1.0" encoding="ISO-8859-1" standalone="yes"?>
<TrafficMatrixFile xsi:noNamespaceSchemaLocation="http://totem.run.montefiore.ulg.ac.be/Schema/TrafficMatrix-v1_2.xsd" xmlns:xsi="http://www.w3.org/2001/XMLSchema-instance">
    <IntraTM ASID="11537">
        <src id="ATLA-M5">
            <dst id="ATLA-M5">80</dst>
            <dst id="ATLAng">521.309333333333</dst>
            <dst id="CHINng">251.496</dst>
            <dst id="DNVRng">180.810666666667</dst>
            <dst id="HSTNng">95.56</dst>
            <dst id="IPLSng">233.178666666667</dst>
            <dst id="KSCYng">53.3333333333333</dst>
            <dst id="LOSAng">221.84</dst>
            <dst id="NYCMng">106.666666666667</dst>
            <dst id="SNVAng">0</dst>
            <dst id="STTLng">53.3333333333333</dst>
            <dst id="WASHng">306.834666666667</dst>
        </src>
        <src id="ATLAng">
            <dst id="ATLA-M5">489.922666666667</dst>
            <dst id="ATLAng">21928.3466666667</dst>
            <dst id="CHINng">26197.7653333333</dst>
            <dst id="DNVRng">3749.432</dst>
            <dst id="HSTNng">3377.76533333333</dst>
            <dst id="IPLSng">15526.512</dst>
            <dst id="KSCYng">7846.11733333333</dst>
            <dst id="LOSAng">17900.3573333333</dst>
            <dst id="NYCMng">9726.49066666667</dst>
            <dst id="SNVAng">1995.08</dst>
            <dst id="STTLng">4178.65866666667</dst>
            <dst id="WASHng">49667.16</dst>
        </src>
        <src id="CHINng">
            <dst id="ATLA-M5">2782.21066666667</dst>
            <dst id="ATLAng">15460.3626666667</dst>
            <dst id="CHINng">107933.426666667</dst>
            <dst id="DNVRng">28415.44</dst>
            <dst id="HSTNng">44400.6746666667</dst>
            <dst id="IPLSng">67111.2053333333</dst>
            <dst id="KSCYng">9494.384</dst>
            <dst id="LOSAng">40869.2746666667</dst>
            <dst id="NYCMng">22413.7786666667</dst>
            <dst id="SNVAng">1267.96533333333</dst>
            <dst id="STTLng">22775.328</dst>
            <dst id="WASHng">22717.3973333333</dst>
        </src>
        <src id="DNVRng">
            <dst id="ATLA-M5">321.624</dst>
            <dst id="ATLAng">3662.74933333333</dst>
            <dst id="CHINng">84112.7786666667</dst>
            <dst id="DNVRng">2723.336</dst>
            <dst id="HSTNng">15070.128</dst>
            <dst id="IPLSng">30137.0613333333</dst>
            <dst id="KSCYng">10866.024</dst>
            <dst id="LOSAng">14089.64</dst>
            <dst id="NYCMng">19990.84</dst>
            <dst id="SNVAng">18213.9066666667</dst>
            <dst id="STTLng">6148.304</dst>
            <dst id="WASHng">42380.08</dst>
        </src>
        <src id="HSTNng">
            <dst id="ATLA-M5">3492.57066666667</dst>
            <dst id="ATLAng">2374.06666666667</dst>
            <dst id="CHINng">19473.9786666667</dst>
            <dst id="DNVRng">1415.47733333333</dst>
            <dst id="HSTNng">4161.816</dst>
            <dst id="IPLSng">11963.3306666667</dst>
            <dst id="KSCYng">1202.39733333333</dst>
            <dst id="LOSAng">3333.82933333333</dst>
            <dst id="NYCMng">6876.10666666667</dst>
            <dst id="SNVAng">1406.64533333333</dst>
            <dst id="STTLng">2306.11733333333</dst>
            <dst id="WASHng">4380.38666666667</dst>
        </src>
        <src id="IPLSng">
            <dst id="ATLA-M5">567.376</dst>
            <dst id="ATLAng">14112.1653333333</dst>
            <dst id="CHINng">151886.664</dst>
            <dst id="DNVRng">19769.76</dst>
            <dst id="HSTNng">8479.84266666667</dst>
            <dst id="IPLSng">21606.4346666667</dst>
            <dst id="KSCYng">6323.55733333333</dst>
            <dst id="LOSAng">27336.7093333333</dst>
            <dst id="NYCMng">89672.5546666666</dst>
            <dst id="SNVAng">1362.92266666667</dst>
            <dst id="STTLng">15867.7813333333</dst>
            <dst id="WASHng">53381.7973333333</dst>
        </src>
        <src id="KSCYng">
            <dst id="ATLA-M5">120.4</dst>
            <dst id="ATLAng">5215.70133333333</dst>
            <dst id="CHINng">28650.8746666667</dst>
            <dst id="DNVRng">9763.41333333333</dst>
            <dst id="HSTNng">4157.19466666667</dst>
            <dst id="IPLSng">22666.2053333333</dst>
            <dst id="KSCYng">6907.41066666667</dst>
            <dst id="LOSAng">3311.24266666667</dst>
            <dst id="NYCMng">7502.76266666667</dst>
            <dst id="SNVAng">224.229333333333</dst>
            <dst id="STTLng">3145.17866666667</dst>
            <dst id="WASHng">18583.312</dst>
        </src>
        <src id="LOSAng">
            <dst id="ATLA-M5">1419.376</dst>
            <dst id="ATLAng">17487.1013333333</dst>
            <dst id="CHINng">92688.2213333333</dst>
            <dst id="DNVRng">5539.72533333333</dst>
            <dst id="HSTNng">30115.5253333333</dst>
            <dst id="IPLSng">53820.968</dst>
            <dst id="KSCYng">11051.2506666667</dst>
            <dst id="LOSAng">22849.4533333333</dst>
            <dst id="NYCMng">75669.296</dst>
            <dst id="SNVAng">10244.7413333333</dst>
            <dst id="STTLng">29115.7413333333</dst>
            <dst id="WASHng">103265.24</dst>
        </src>
        <src id="NYCMng">
            <dst id="ATLA-M5">773.546666666667</dst>
            <dst id="ATLAng">17212.1866666667</dst>
            <dst id="CHINng">59169.5626666667</dst>
            <dst id="DNVRng">33734.7813333333</dst>
            <dst id="HSTNng">14503.2453333333</dst>
            <dst id="IPLSng">62140.2426666667</dst>
            <dst id="KSCYng">15422.4426666667</dst>
            <dst id="LOSAng">48010.4133333333</dst>
            <dst id="NYCMng">222253.434666667</dst>
            <dst id="SNVAng">1946.33333333333</dst>
            <dst id="STTLng">26671.24</dst>
            <dst id="WASHng">153261.792</dst>
        </src>
        <src id="SNVAng">
            <dst id="ATLA-M5">0</dst>
            <dst id="ATLAng">1934.73333333333</dst>
            <dst id="CHINng">2066.39733333333</dst>
            <dst id="DNVRng">422.154666666667</dst>
            <dst id="HSTNng">952.208</dst>
            <dst id="IPLSng">1316.95733333333</dst>
            <dst id="KSCYng">106.666666666667</dst>
            <dst id="LOSAng">40823.8533333333</dst>
            <dst id="NYCMng">1971.23733333333</dst>
            <dst id="SNVAng">14095.072</dst>
            <dst id="STTLng">53199.3546666667</dst>
            <dst id="WASHng">289.616</dst>
        </src>
        <src id="STTLng">
            <dst id="ATLA-M5">113.992</dst>
            <dst id="ATLAng">5349.48533333333</dst>
            <dst id="CHINng">21971.8613333333</dst>
            <dst id="DNVRng">1869.97066666667</dst>
            <dst id="HSTNng">2292.57866666667</dst>
            <dst id="IPLSng">4673.12533333333</dst>
            <dst id="KSCYng">2605.85866666667</dst>
            <dst id="LOSAng">15710.568</dst>
            <dst id="NYCMng">7316.36</dst>
            <dst id="SNVAng">2239.536</dst>
            <dst id="STTLng">2668.37333333333</dst>
            <dst id="WASHng">16034.8533333333</dst>
        </src>
        <src id="WASHng">
            <dst id="ATLA-M5">440.84</dst>
            <dst id="ATLAng">64388.1066666667</dst>
            <dst id="CHINng">70003.9173333333</dst>
            <dst id="DNVRng">54403.0026666667</dst>
            <dst id="HSTNng">8530.65066666666</dst>
            <dst id="IPLSng">42803.4186666667</dst>
            <dst id="KSCYng">10046.5253333333</dst>
            <dst id="LOSAng">96008.7173333333</dst>
            <dst id="NYCMng">130476.885333333</dst>
            <dst id="SNVAng">910.837333333333</dst>
            <dst id="STTLng">30498.9626666667</dst>
            <dst id="WASHng">282460.906666667</dst>
        </src>
    </IntraTM>
</TrafficMatrixFile>
