<?xml version="1.0" encoding="ISO-8859-1" standalone="yes"?>
<TrafficMatrixFile xsi:noNamespaceSchemaLocation="http://totem.run.montefiore.ulg.ac.be/Schema/TrafficMatrix-v1_2.xsd" xmlns:xsi="http://www.w3.org/2001/XMLSchema-instance">
    <IntraTM ASID="11537">
        <src id="ATLA-M5">
            <dst id="ATLA-M5">103.477333333333</dst>
            <dst id="ATLAng">53.3333333333333</dst>
            <dst id="CHINng">107.754666666667</dst>
            <dst id="DNVRng">0</dst>
            <dst id="HSTNng">84.9626666666667</dst>
            <dst id="IPLSng">152.554666666667</dst>
            <dst id="KSCYng">362.808</dst>
            <dst id="LOSAng">109.904</dst>
            <dst id="NYCMng">409.098666666667</dst>
            <dst id="SNVAng">26.6666666666667</dst>
            <dst id="STTLng">182.482666666667</dst>
            <dst id="WASHng">1270.64266666667</dst>
        </src>
        <src id="ATLAng">
            <dst id="ATLA-M5">166.776</dst>
            <dst id="ATLAng">47334.44</dst>
            <dst id="CHINng">12367.5013333333</dst>
            <dst id="DNVRng">2952.14933333333</dst>
            <dst id="HSTNng">4572.48</dst>
            <dst id="IPLSng">14729.6613333333</dst>
            <dst id="KSCYng">1239.14666666667</dst>
            <dst id="LOSAng">16143.1893333333</dst>
            <dst id="NYCMng">15351.7706666667</dst>
            <dst id="SNVAng">440.741333333333</dst>
            <dst id="STTLng">2930.04266666667</dst>
            <dst id="WASHng">38586.6053333333</dst>
        </src>
        <src id="CHINng">
            <dst id="ATLA-M5">521.549333333333</dst>
            <dst id="ATLAng">21509.8053333333</dst>
            <dst id="CHINng">117533.410666667</dst>
            <dst id="DNVRng">14612.1813333333</dst>
            <dst id="HSTNng">46633.2933333333</dst>
            <dst id="IPLSng">54020.5253333333</dst>
            <dst id="KSCYng">9794.49333333333</dst>
            <dst id="LOSAng">48162.8346666667</dst>
            <dst id="NYCMng">26121.1946666667</dst>
            <dst id="SNVAng">2510.56533333333</dst>
            <dst id="STTLng">15093.8213333333</dst>
            <dst id="WASHng">32376.2853333333</dst>
        </src>
        <src id="DNVRng">
            <dst id="ATLA-M5">105.92</dst>
            <dst id="ATLAng">3021.384</dst>
            <dst id="CHINng">85998.8106666666</dst>
            <dst id="DNVRng">10188.072</dst>
            <dst id="HSTNng">15767.5813333333</dst>
            <dst id="IPLSng">25228.5306666667</dst>
            <dst id="KSCYng">18019.808</dst>
            <dst id="LOSAng">4712.40266666667</dst>
            <dst id="NYCMng">15604.24</dst>
            <dst id="SNVAng">4130.90133333333</dst>
            <dst id="STTLng">11109.0853333333</dst>
            <dst id="WASHng">37007.104</dst>
        </src>
        <src id="HSTNng">
            <dst id="ATLA-M5">491.210666666667</dst>
            <dst id="ATLAng">3193.49333333333</dst>
            <dst id="CHINng">15234.2533333333</dst>
            <dst id="DNVRng">1043.328</dst>
            <dst id="HSTNng">6800.92</dst>
            <dst id="IPLSng">4025.17333333333</dst>
            <dst id="KSCYng">1515.38933333333</dst>
            <dst id="LOSAng">2028.296</dst>
            <dst id="NYCMng">3990.27733333333</dst>
            <dst id="SNVAng">390.936</dst>
            <dst id="STTLng">3211.01066666667</dst>
            <dst id="WASHng">4409.176</dst>
        </src>
        <src id="IPLSng">
            <dst id="ATLA-M5">163.466666666667</dst>
            <dst id="ATLAng">10396.2773333333</dst>
            <dst id="CHINng">122207.562666667</dst>
            <dst id="DNVRng">13074.6613333333</dst>
            <dst id="HSTNng">4574.648</dst>
            <dst id="IPLSng">28675.2666666667</dst>
            <dst id="KSCYng">4788.12533333333</dst>
            <dst id="LOSAng">25975.088</dst>
            <dst id="NYCMng">40610.6106666667</dst>
            <dst id="SNVAng">2264.14933333333</dst>
            <dst id="STTLng">11295.52</dst>
            <dst id="WASHng">42673.3013333333</dst>
        </src>
        <src id="KSCYng">
            <dst id="ATLA-M5">298.874666666667</dst>
            <dst id="ATLAng">1592.96266666667</dst>
            <dst id="CHINng">25159.184</dst>
            <dst id="DNVRng">9138.92</dst>
            <dst id="HSTNng">2633.536</dst>
            <dst id="IPLSng">13421.7546666667</dst>
            <dst id="KSCYng">11219.064</dst>
            <dst id="LOSAng">3199.43733333333</dst>
            <dst id="NYCMng">4314.31733333333</dst>
            <dst id="SNVAng">31.536</dst>
            <dst id="STTLng">1474.68</dst>
            <dst id="WASHng">17879.9493333333</dst>
        </src>
        <src id="LOSAng">
            <dst id="ATLA-M5">904.768</dst>
            <dst id="ATLAng">9452.09066666667</dst>
            <dst id="CHINng">77819.32</dst>
            <dst id="DNVRng">6930.73866666667</dst>
            <dst id="HSTNng">4175.864</dst>
            <dst id="IPLSng">31950.512</dst>
            <dst id="KSCYng">6711.18133333333</dst>
            <dst id="LOSAng">20226.0026666667</dst>
            <dst id="NYCMng">55152.5866666667</dst>
            <dst id="SNVAng">9260.408</dst>
            <dst id="STTLng">29930.1573333333</dst>
            <dst id="WASHng">75474.72</dst>
        </src>
        <src id="NYCMng">
            <dst id="ATLA-M5">2159.12</dst>
            <dst id="ATLAng">13618.84</dst>
            <dst id="CHINng">53853.888</dst>
            <dst id="DNVRng">35017.3466666667</dst>
            <dst id="HSTNng">10682.3146666667</dst>
            <dst id="IPLSng">34551.9493333333</dst>
            <dst id="KSCYng">9873.70133333333</dst>
            <dst id="LOSAng">49191.528</dst>
            <dst id="NYCMng">217265.168</dst>
            <dst id="SNVAng">3040.53866666667</dst>
            <dst id="STTLng">25268.4133333333</dst>
            <dst id="WASHng">72165.464</dst>
        </src>
        <src id="SNVAng">
            <dst id="ATLA-M5">0</dst>
            <dst id="ATLAng">152.013333333333</dst>
            <dst id="CHINng">976.130666666666</dst>
            <dst id="DNVRng">1232.47466666667</dst>
            <dst id="HSTNng">57.2586666666667</dst>
            <dst id="IPLSng">7894.50933333333</dst>
            <dst id="KSCYng">91.6186666666667</dst>
            <dst id="LOSAng">28358.384</dst>
            <dst id="NYCMng">361.8</dst>
            <dst id="SNVAng">10662.392</dst>
            <dst id="STTLng">40566.0213333333</dst>
            <dst id="WASHng">181.264</dst>
        </src>
        <src id="STTLng">
            <dst id="ATLA-M5">330.573333333333</dst>
            <dst id="ATLAng">4849.18666666667</dst>
            <dst id="CHINng">21635.12</dst>
            <dst id="DNVRng">1419.936</dst>
            <dst id="HSTNng">1923.16</dst>
            <dst id="IPLSng">6699.36</dst>
            <dst id="KSCYng">3215.328</dst>
            <dst id="LOSAng">17102.5946666667</dst>
            <dst id="NYCMng">8624.38666666667</dst>
            <dst id="SNVAng">5643.59733333333</dst>
            <dst id="STTLng">4906.504</dst>
            <dst id="WASHng">6027.336</dst>
        </src>
        <src id="WASHng">
            <dst id="ATLA-M5">551.816</dst>
            <dst id="ATLAng">63861.368</dst>
            <dst id="CHINng">90985.144</dst>
            <dst id="DNVRng">45497.5813333333</dst>
            <dst id="HSTNng">9141.81866666667</dst>
            <dst id="IPLSng">52894.264</dst>
            <dst id="KSCYng">17635.328</dst>
            <dst id="LOSAng">90749.9093333333</dst>
            <dst id="NYCMng">158424.096</dst>
            <dst id="SNVAng">4071.88</dst>
            <dst id="STTLng">22663.2053333333</dst>
            <dst id="WASHng">198055.325333333</dst>
        </src>
    </IntraTM>
</TrafficMatrixFile>
