<?xml version="1.0" encoding="ISO-8859-1" standalone="yes"?>
<TrafficMatrixFile xsi:noNamespaceSchemaLocation="http://totem.run.montefiore.ulg.ac.be/Schema/TrafficMatrix-v1_2.xsd" xmlns:xsi="http://www.w3.org/2001/XMLSchema-instance">
    <IntraTM ASID="11537">
        <src id="ATLA-M5">
            <dst id="ATLA-M5">53.056</dst>
            <dst id="ATLAng">58.6666666666667</dst>
            <dst id="CHINng">340.562666666667</dst>
            <dst id="DNVRng">0</dst>
            <dst id="HSTNng">264.946666666667</dst>
            <dst id="IPLSng">334.504</dst>
            <dst id="KSCYng">26.6666666666667</dst>
            <dst id="LOSAng">64.5333333333333</dst>
            <dst id="NYCMng">53.3333333333333</dst>
            <dst id="SNVAng">26.6666666666667</dst>
            <dst id="STTLng">275.754666666667</dst>
            <dst id="WASHng">420.074666666667</dst>
        </src>
        <src id="ATLAng">
            <dst id="ATLA-M5">254.429333333333</dst>
            <dst id="ATLAng">26709.504</dst>
            <dst id="CHINng">11808.4826666667</dst>
            <dst id="DNVRng">9894.22666666667</dst>
            <dst id="HSTNng">5173.20533333333</dst>
            <dst id="IPLSng">12335.008</dst>
            <dst id="KSCYng">1385.19733333333</dst>
            <dst id="LOSAng">17911.2333333333</dst>
            <dst id="NYCMng">3873.38933333333</dst>
            <dst id="SNVAng">771.804</dst>
            <dst id="STTLng">6680.05333333333</dst>
            <dst id="WASHng">29480.7973333333</dst>
        </src>
        <src id="CHINng">
            <dst id="ATLA-M5">1060.92</dst>
            <dst id="ATLAng">15543.6533333333</dst>
            <dst id="CHINng">119052.888</dst>
            <dst id="DNVRng">30553.2373333333</dst>
            <dst id="HSTNng">48877.984</dst>
            <dst id="IPLSng">51704.3946666667</dst>
            <dst id="KSCYng">8196.73333333333</dst>
            <dst id="LOSAng">113755.496</dst>
            <dst id="NYCMng">16312.6293333333</dst>
            <dst id="SNVAng">2062.73066666667</dst>
            <dst id="STTLng">12565.2053333333</dst>
            <dst id="WASHng">19302.752</dst>
        </src>
        <src id="DNVRng">
            <dst id="ATLA-M5">80</dst>
            <dst id="ATLAng">3463.768</dst>
            <dst id="CHINng">80881.48</dst>
            <dst id="DNVRng">14527.1386666667</dst>
            <dst id="HSTNng">15536.6693333333</dst>
            <dst id="IPLSng">29011.184</dst>
            <dst id="KSCYng">7818.50133333333</dst>
            <dst id="LOSAng">1983.88</dst>
            <dst id="NYCMng">12431.72</dst>
            <dst id="SNVAng">6271.89333333333</dst>
            <dst id="STTLng">5162.824</dst>
            <dst id="WASHng">38276.5173333333</dst>
        </src>
        <src id="HSTNng">
            <dst id="ATLA-M5">4935.12533333333</dst>
            <dst id="ATLAng">1294.82666666667</dst>
            <dst id="CHINng">19121.1253333333</dst>
            <dst id="DNVRng">1211.60533333333</dst>
            <dst id="HSTNng">5200.49866666667</dst>
            <dst id="IPLSng">4583.27733333333</dst>
            <dst id="KSCYng">1880.89866666667</dst>
            <dst id="LOSAng">5650.44266666667</dst>
            <dst id="NYCMng">2433.99733333333</dst>
            <dst id="SNVAng">1683.51466666667</dst>
            <dst id="STTLng">4254.78933333333</dst>
            <dst id="WASHng">4559.712</dst>
        </src>
        <src id="IPLSng">
            <dst id="ATLA-M5">2296.128</dst>
            <dst id="ATLAng">18375.9093333333</dst>
            <dst id="CHINng">85983.928</dst>
            <dst id="DNVRng">7185.41333333333</dst>
            <dst id="HSTNng">6880.29333333333</dst>
            <dst id="IPLSng">8041.904</dst>
            <dst id="KSCYng">4903.81866666667</dst>
            <dst id="LOSAng">48490.336</dst>
            <dst id="NYCMng">22444.76</dst>
            <dst id="SNVAng">1425.56</dst>
            <dst id="STTLng">7622.664</dst>
            <dst id="WASHng">43323.4586666667</dst>
        </src>
        <src id="KSCYng">
            <dst id="ATLA-M5">110.981333333333</dst>
            <dst id="ATLAng">1886.58133333333</dst>
            <dst id="CHINng">19987.152</dst>
            <dst id="DNVRng">9691.14666666667</dst>
            <dst id="HSTNng">3929.77866666667</dst>
            <dst id="IPLSng">8444.84</dst>
            <dst id="KSCYng">9005.94133333333</dst>
            <dst id="LOSAng">4291.44266666667</dst>
            <dst id="NYCMng">3973.26933333333</dst>
            <dst id="SNVAng">202.514666666667</dst>
            <dst id="STTLng">1091.53066666667</dst>
            <dst id="WASHng">8777.92</dst>
        </src>
        <src id="LOSAng">
            <dst id="ATLA-M5">962.072</dst>
            <dst id="ATLAng">6133.824</dst>
            <dst id="CHINng">70308.6053333333</dst>
            <dst id="DNVRng">5764.03466666666</dst>
            <dst id="HSTNng">3466.144</dst>
            <dst id="IPLSng">16615.9013333333</dst>
            <dst id="KSCYng">8275.952</dst>
            <dst id="LOSAng">14143.648</dst>
            <dst id="NYCMng">42540.7786666667</dst>
            <dst id="SNVAng">9306.96533333333</dst>
            <dst id="STTLng">12717.4933333333</dst>
            <dst id="WASHng">72706.3226666667</dst>
        </src>
        <src id="NYCMng">
            <dst id="ATLA-M5">1095.152</dst>
            <dst id="ATLAng">11298.6693333333</dst>
            <dst id="CHINng">50558.6746666667</dst>
            <dst id="DNVRng">37529.9973333333</dst>
            <dst id="HSTNng">12581.2213333333</dst>
            <dst id="IPLSng">27892.2533333333</dst>
            <dst id="KSCYng">11434.6666666667</dst>
            <dst id="LOSAng">69450.0666666667</dst>
            <dst id="NYCMng">122847.581333333</dst>
            <dst id="SNVAng">5332.752</dst>
            <dst id="STTLng">24234.8613333333</dst>
            <dst id="WASHng">82792.944</dst>
        </src>
        <src id="SNVAng">
            <dst id="ATLA-M5">199.706666666667</dst>
            <dst id="ATLAng">80</dst>
            <dst id="CHINng">1366.144</dst>
            <dst id="DNVRng">3492.376</dst>
            <dst id="HSTNng">90.8373333333333</dst>
            <dst id="IPLSng">784.349333333333</dst>
            <dst id="KSCYng">3255.92266666667</dst>
            <dst id="LOSAng">30078.7093333333</dst>
            <dst id="NYCMng">447.498666666667</dst>
            <dst id="SNVAng">12264.12</dst>
            <dst id="STTLng">48749.8426666667</dst>
            <dst id="WASHng">243.368</dst>
        </src>
        <src id="STTLng">
            <dst id="ATLA-M5">571.554666666667</dst>
            <dst id="ATLAng">5484.88</dst>
            <dst id="CHINng">12103.9653333333</dst>
            <dst id="DNVRng">3763.33866666667</dst>
            <dst id="HSTNng">5250.49066666667</dst>
            <dst id="IPLSng">4544.52533333333</dst>
            <dst id="KSCYng">2265.184</dst>
            <dst id="LOSAng">16914.7386666667</dst>
            <dst id="NYCMng">6990.48266666667</dst>
            <dst id="SNVAng">3476.19466666667</dst>
            <dst id="STTLng">909.517333333333</dst>
            <dst id="WASHng">12611</dst>
        </src>
        <src id="WASHng">
            <dst id="ATLA-M5">601.834666666667</dst>
            <dst id="ATLAng">59110.3466666667</dst>
            <dst id="CHINng">77304.8213333333</dst>
            <dst id="DNVRng">61324.9573333333</dst>
            <dst id="HSTNng">26290.8613333333</dst>
            <dst id="IPLSng">47263.1146666667</dst>
            <dst id="KSCYng">7841.08533333333</dst>
            <dst id="LOSAng">93853.296</dst>
            <dst id="NYCMng">169494.816</dst>
            <dst id="SNVAng">6288.72</dst>
            <dst id="STTLng">29202.048</dst>
            <dst id="WASHng">214427.952</dst>
        </src>
    </IntraTM>
</TrafficMatrixFile>
