<?xml version="1.0" encoding="ISO-8859-1" standalone="yes"?>
<TrafficMatrixFile xsi:noNamespaceSchemaLocation="http://totem.run.montefiore.ulg.ac.be/Schema/TrafficMatrix-v1_2.xsd" xmlns:xsi="http://www.w3.org/2001/XMLSchema-instance">
    <IntraTM ASID="11537">
        <src id="ATLA-M5">
            <dst id="ATLA-M5">57.408</dst>
            <dst id="ATLAng">99.3866666666666</dst>
            <dst id="CHINng">228.469333333333</dst>
            <dst id="DNVRng">65.12</dst>
            <dst id="HSTNng">53.3333333333333</dst>
            <dst id="IPLSng">292.333333333333</dst>
            <dst id="KSCYng">80</dst>
            <dst id="LOSAng">356.901333333333</dst>
            <dst id="NYCMng">31.456</dst>
            <dst id="SNVAng">70.7946666666666</dst>
            <dst id="STTLng">53.3333333333333</dst>
            <dst id="WASHng">303.061333333333</dst>
        </src>
        <src id="ATLAng">
            <dst id="ATLA-M5">141.333333333333</dst>
            <dst id="ATLAng">47732.0186666667</dst>
            <dst id="CHINng">20357.312</dst>
            <dst id="DNVRng">4040.888</dst>
            <dst id="HSTNng">3815.02666666667</dst>
            <dst id="IPLSng">15124.7333333333</dst>
            <dst id="KSCYng">1781.89333333333</dst>
            <dst id="LOSAng">19996.0666666667</dst>
            <dst id="NYCMng">4713.664</dst>
            <dst id="SNVAng">299.765333333333</dst>
            <dst id="STTLng">4356.35466666667</dst>
            <dst id="WASHng">32834.0746666667</dst>
        </src>
        <src id="CHINng">
            <dst id="ATLA-M5">880.002666666667</dst>
            <dst id="ATLAng">14499.4346666667</dst>
            <dst id="CHINng">101247.682666667</dst>
            <dst id="DNVRng">25077.456</dst>
            <dst id="HSTNng">53279.0693333333</dst>
            <dst id="IPLSng">68389.5386666667</dst>
            <dst id="KSCYng">15717.872</dst>
            <dst id="LOSAng">2034932.29333333</dst>
            <dst id="NYCMng">20822.384</dst>
            <dst id="SNVAng">4166.11466666667</dst>
            <dst id="STTLng">16328.536</dst>
            <dst id="WASHng">35702.9786666667</dst>
        </src>
        <src id="DNVRng">
            <dst id="ATLA-M5">111.733333333333</dst>
            <dst id="ATLAng">5555.03733333333</dst>
            <dst id="CHINng">76466.056</dst>
            <dst id="DNVRng">21693.1733333333</dst>
            <dst id="HSTNng">14704.4</dst>
            <dst id="IPLSng">24281.688</dst>
            <dst id="KSCYng">19585.456</dst>
            <dst id="LOSAng">8890.544</dst>
            <dst id="NYCMng">11966.0933333333</dst>
            <dst id="SNVAng">6659.592</dst>
            <dst id="STTLng">12755.696</dst>
            <dst id="WASHng">42308.3146666667</dst>
        </src>
        <src id="HSTNng">
            <dst id="ATLA-M5">441.429333333333</dst>
            <dst id="ATLAng">1475.456</dst>
            <dst id="CHINng">22171.0293333333</dst>
            <dst id="DNVRng">2999.03733333333</dst>
            <dst id="HSTNng">5061.35466666667</dst>
            <dst id="IPLSng">5242.128</dst>
            <dst id="KSCYng">3813.98933333333</dst>
            <dst id="LOSAng">41845.52</dst>
            <dst id="NYCMng">2829.048</dst>
            <dst id="SNVAng">1302.848</dst>
            <dst id="STTLng">6954.01066666667</dst>
            <dst id="WASHng">6174.30933333333</dst>
        </src>
        <src id="IPLSng">
            <dst id="ATLA-M5">2989.77066666667</dst>
            <dst id="ATLAng">15600.9013333333</dst>
            <dst id="CHINng">102771.834666667</dst>
            <dst id="DNVRng">32358.1306666667</dst>
            <dst id="HSTNng">7471.56266666667</dst>
            <dst id="IPLSng">23661.672</dst>
            <dst id="KSCYng">6818.50133333333</dst>
            <dst id="LOSAng">56068.7866666667</dst>
            <dst id="NYCMng">36092.1253333333</dst>
            <dst id="SNVAng">2791.94933333333</dst>
            <dst id="STTLng">6817.72</dst>
            <dst id="WASHng">38791.624</dst>
        </src>
        <src id="KSCYng">
            <dst id="ATLA-M5">743.842666666667</dst>
            <dst id="ATLAng">2261.336</dst>
            <dst id="CHINng">23704.272</dst>
            <dst id="DNVRng">8877.78666666667</dst>
            <dst id="HSTNng">4349.79466666667</dst>
            <dst id="IPLSng">19789.632</dst>
            <dst id="KSCYng">9396.59733333333</dst>
            <dst id="LOSAng">5931.22133333333</dst>
            <dst id="NYCMng">3139.224</dst>
            <dst id="SNVAng">257.928</dst>
            <dst id="STTLng">1107.74666666667</dst>
            <dst id="WASHng">29558.7333333333</dst>
        </src>
        <src id="LOSAng">
            <dst id="ATLA-M5">2139.376</dst>
            <dst id="ATLAng">23505.4266666667</dst>
            <dst id="CHINng">1061520.66666667</dst>
            <dst id="DNVRng">14430.4586666667</dst>
            <dst id="HSTNng">5635.95733333333</dst>
            <dst id="IPLSng">23352.9653333333</dst>
            <dst id="KSCYng">12011.1706666667</dst>
            <dst id="LOSAng">13347.6346666667</dst>
            <dst id="NYCMng">52221.5653333333</dst>
            <dst id="SNVAng">8524.67466666667</dst>
            <dst id="STTLng">28063.5466666667</dst>
            <dst id="WASHng">76563.9226666667</dst>
        </src>
        <src id="NYCMng">
            <dst id="ATLA-M5">1438.45066666667</dst>
            <dst id="ATLAng">16643.2373333333</dst>
            <dst id="CHINng">54709.008</dst>
            <dst id="DNVRng">39101.872</dst>
            <dst id="HSTNng">11732.9946666667</dst>
            <dst id="IPLSng">46666.8533333333</dst>
            <dst id="KSCYng">10674.12</dst>
            <dst id="LOSAng">84922.9253333333</dst>
            <dst id="NYCMng">133559.784</dst>
            <dst id="SNVAng">5853.52533333333</dst>
            <dst id="STTLng">28096.8906666667</dst>
            <dst id="WASHng">110053.885333333</dst>
        </src>
        <src id="SNVAng">
            <dst id="ATLA-M5">280.730666666667</dst>
            <dst id="ATLAng">103.117333333333</dst>
            <dst id="CHINng">2663.82666666667</dst>
            <dst id="DNVRng">2137.28533333333</dst>
            <dst id="HSTNng">596.216</dst>
            <dst id="IPLSng">7288.78666666667</dst>
            <dst id="KSCYng">4254.55733333333</dst>
            <dst id="LOSAng">26698.5733333333</dst>
            <dst id="NYCMng">712.141333333333</dst>
            <dst id="SNVAng">9989.736</dst>
            <dst id="STTLng">39045.6426666667</dst>
            <dst id="WASHng">251.386666666667</dst>
        </src>
        <src id="STTLng">
            <dst id="ATLA-M5">270.026666666667</dst>
            <dst id="ATLAng">5265.968</dst>
            <dst id="CHINng">13792.296</dst>
            <dst id="DNVRng">11048.3946666667</dst>
            <dst id="HSTNng">4264.05866666667</dst>
            <dst id="IPLSng">6627.98133333333</dst>
            <dst id="KSCYng">2818.82666666667</dst>
            <dst id="LOSAng">17514.2666666667</dst>
            <dst id="NYCMng">6675.70933333334</dst>
            <dst id="SNVAng">5371.82133333333</dst>
            <dst id="STTLng">5355.46666666667</dst>
            <dst id="WASHng">7230.88533333333</dst>
        </src>
        <src id="WASHng">
            <dst id="ATLA-M5">1093.92266666667</dst>
            <dst id="ATLAng">63307.3893333333</dst>
            <dst id="CHINng">95413.064</dst>
            <dst id="DNVRng">57090.832</dst>
            <dst id="HSTNng">16406.9786666667</dst>
            <dst id="IPLSng">56937.72</dst>
            <dst id="KSCYng">21694.8133333333</dst>
            <dst id="LOSAng">110112.448</dst>
            <dst id="NYCMng">188053.754666667</dst>
            <dst id="SNVAng">7804.992</dst>
            <dst id="STTLng">30805.8613333333</dst>
            <dst id="WASHng">189048.952</dst>
        </src>
    </IntraTM>
</TrafficMatrixFile>
