<?xml version="1.0" encoding="ISO-8859-1" standalone="yes"?>
<TrafficMatrixFile xsi:noNamespaceSchemaLocation="http://totem.run.montefiore.ulg.ac.be/Schema/TrafficMatrix-v1_2.xsd" xmlns:xsi="http://www.w3.org/2001/XMLSchema-instance">
    <IntraTM ASID="11537">
        <src id="ATLA-M5">
            <dst id="ATLA-M5">1011.03733333333</dst>
            <dst id="ATLAng">80</dst>
            <dst id="CHINng">1538.216</dst>
            <dst id="DNVRng">45.1733333333333</dst>
            <dst id="HSTNng">140.197333333333</dst>
            <dst id="IPLSng">279.797333333333</dst>
            <dst id="KSCYng">26.6666666666667</dst>
            <dst id="LOSAng">173.888</dst>
            <dst id="NYCMng">247.325333333333</dst>
            <dst id="SNVAng">0</dst>
            <dst id="STTLng">84.064</dst>
            <dst id="WASHng">3892.98666666667</dst>
        </src>
        <src id="ATLAng">
            <dst id="ATLA-M5">164.829333333333</dst>
            <dst id="ATLAng">23469.3866666667</dst>
            <dst id="CHINng">19144.376</dst>
            <dst id="DNVRng">5218.992</dst>
            <dst id="HSTNng">2846.75733333333</dst>
            <dst id="IPLSng">16217.848</dst>
            <dst id="KSCYng">1778.41333333333</dst>
            <dst id="LOSAng">19027.192</dst>
            <dst id="NYCMng">10419.5306666667</dst>
            <dst id="SNVAng">334.586666666667</dst>
            <dst id="STTLng">9329.752</dst>
            <dst id="WASHng">36372.3626666667</dst>
        </src>
        <src id="CHINng">
            <dst id="ATLA-M5">1503.44266666667</dst>
            <dst id="ATLAng">25083.1146666667</dst>
            <dst id="CHINng">120936.12</dst>
            <dst id="DNVRng">19486.4693333333</dst>
            <dst id="HSTNng">53292.6586666666</dst>
            <dst id="IPLSng">43078.536</dst>
            <dst id="KSCYng">16619.696</dst>
            <dst id="LOSAng">80532.3893333333</dst>
            <dst id="NYCMng">29396.9226666667</dst>
            <dst id="SNVAng">1645.58133333333</dst>
            <dst id="STTLng">8621.40266666667</dst>
            <dst id="WASHng">28230.3226666667</dst>
        </src>
        <src id="DNVRng">
            <dst id="ATLA-M5">259.021333333333</dst>
            <dst id="ATLAng">6623.17066666667</dst>
            <dst id="CHINng">58824.4026666667</dst>
            <dst id="DNVRng">11390.904</dst>
            <dst id="HSTNng">14746.0133333333</dst>
            <dst id="IPLSng">32417.1306666667</dst>
            <dst id="KSCYng">15702.0506666667</dst>
            <dst id="LOSAng">7674.552</dst>
            <dst id="NYCMng">16996.3226666667</dst>
            <dst id="SNVAng">11508.752</dst>
            <dst id="STTLng">10345.1386666667</dst>
            <dst id="WASHng">44774.464</dst>
        </src>
        <src id="HSTNng">
            <dst id="ATLA-M5">786.162666666667</dst>
            <dst id="ATLAng">3550.40533333333</dst>
            <dst id="CHINng">29035.0266666667</dst>
            <dst id="DNVRng">2481.03466666667</dst>
            <dst id="HSTNng">9574.016</dst>
            <dst id="IPLSng">6196.00266666667</dst>
            <dst id="KSCYng">2486.816</dst>
            <dst id="LOSAng">6093.15733333333</dst>
            <dst id="NYCMng">6349.17866666667</dst>
            <dst id="SNVAng">676.922666666667</dst>
            <dst id="STTLng">1550.69866666667</dst>
            <dst id="WASHng">7122.62666666667</dst>
        </src>
        <src id="IPLSng">
            <dst id="ATLA-M5">471.8</dst>
            <dst id="ATLAng">19524.784</dst>
            <dst id="CHINng">98212.7573333334</dst>
            <dst id="DNVRng">24327.8106666667</dst>
            <dst id="HSTNng">4855.14666666667</dst>
            <dst id="IPLSng">24707.288</dst>
            <dst id="KSCYng">12362.016</dst>
            <dst id="LOSAng">27922.912</dst>
            <dst id="NYCMng">51312.6</dst>
            <dst id="SNVAng">2769.46133333333</dst>
            <dst id="STTLng">16377.5573333333</dst>
            <dst id="WASHng">44404.1866666667</dst>
        </src>
        <src id="KSCYng">
            <dst id="ATLA-M5">162.248</dst>
            <dst id="ATLAng">4311.904</dst>
            <dst id="CHINng">23315.8506666667</dst>
            <dst id="DNVRng">9866.06666666667</dst>
            <dst id="HSTNng">4036.37333333333</dst>
            <dst id="IPLSng">21938.8106666667</dst>
            <dst id="KSCYng">9144.83733333333</dst>
            <dst id="LOSAng">6435.74133333333</dst>
            <dst id="NYCMng">6875.04</dst>
            <dst id="SNVAng">571.968</dst>
            <dst id="STTLng">1234.62666666667</dst>
            <dst id="WASHng">17188.6053333333</dst>
        </src>
        <src id="LOSAng">
            <dst id="ATLA-M5">3408.58933333333</dst>
            <dst id="ATLAng">20164.2106666667</dst>
            <dst id="CHINng">924458.88</dst>
            <dst id="DNVRng">10875.0373333333</dst>
            <dst id="HSTNng">16174.344</dst>
            <dst id="IPLSng">53026.28</dst>
            <dst id="KSCYng">12645.4826666667</dst>
            <dst id="LOSAng">9298.34933333333</dst>
            <dst id="NYCMng">80140.0773333333</dst>
            <dst id="SNVAng">11422.256</dst>
            <dst id="STTLng">24127.792</dst>
            <dst id="WASHng">104663.653333333</dst>
        </src>
        <src id="NYCMng">
            <dst id="ATLA-M5">1731.66666666667</dst>
            <dst id="ATLAng">32561.3226666667</dst>
            <dst id="CHINng">56972.736</dst>
            <dst id="DNVRng">33980.4666666667</dst>
            <dst id="HSTNng">14168.7386666667</dst>
            <dst id="IPLSng">69773.6693333333</dst>
            <dst id="KSCYng">24541.2773333333</dst>
            <dst id="LOSAng">62782.784</dst>
            <dst id="NYCMng">217532.346666667</dst>
            <dst id="SNVAng">10376.7146666667</dst>
            <dst id="STTLng">18959.344</dst>
            <dst id="WASHng">115058</dst>
        </src>
        <src id="SNVAng">
            <dst id="ATLA-M5">100.544</dst>
            <dst id="ATLAng">620.728</dst>
            <dst id="CHINng">1848.47466666667</dst>
            <dst id="DNVRng">4119.02666666667</dst>
            <dst id="HSTNng">650.101333333333</dst>
            <dst id="IPLSng">1248.184</dst>
            <dst id="KSCYng">317.925333333333</dst>
            <dst id="LOSAng">37447.8426666667</dst>
            <dst id="NYCMng">1057.848</dst>
            <dst id="SNVAng">14371.6586666667</dst>
            <dst id="STTLng">49765.5786666667</dst>
            <dst id="WASHng">1153.49866666667</dst>
        </src>
        <src id="STTLng">
            <dst id="ATLA-M5">416.858666666667</dst>
            <dst id="ATLAng">10533.8346666667</dst>
            <dst id="CHINng">22174.4266666667</dst>
            <dst id="DNVRng">3548.16266666667</dst>
            <dst id="HSTNng">10278.536</dst>
            <dst id="IPLSng">8137.16</dst>
            <dst id="KSCYng">9941.08266666667</dst>
            <dst id="LOSAng">15100.9973333333</dst>
            <dst id="NYCMng">10730.4613333333</dst>
            <dst id="SNVAng">4472.176</dst>
            <dst id="STTLng">6158.288</dst>
            <dst id="WASHng">11734.2746666667</dst>
        </src>
        <src id="WASHng">
            <dst id="ATLA-M5">1736.66133333333</dst>
            <dst id="ATLAng">76060.9066666667</dst>
            <dst id="CHINng">93033.7893333333</dst>
            <dst id="DNVRng">47667.5866666667</dst>
            <dst id="HSTNng">15548.28</dst>
            <dst id="IPLSng">60191.224</dst>
            <dst id="KSCYng">13679.6373333333</dst>
            <dst id="LOSAng">131648.986666667</dst>
            <dst id="NYCMng">185973.621333333</dst>
            <dst id="SNVAng">7516.68</dst>
            <dst id="STTLng">52454.648</dst>
            <dst id="WASHng">236756.165333333</dst>
        </src>
    </IntraTM>
</TrafficMatrixFile>
