<?xml version="1.0" encoding="ISO-8859-1" standalone="yes"?>
<TrafficMatrixFile xsi:noNamespaceSchemaLocation="http://totem.run.montefiore.ulg.ac.be/Schema/TrafficMatrix-v1_2.xsd" xmlns:xsi="http://www.w3.org/2001/XMLSchema-instance">
    <IntraTM ASID="11537">
        <src id="ATLA-M5">
            <dst id="ATLA-M5">839.370666666667</dst>
            <dst id="ATLAng">53.3333333333333</dst>
            <dst id="CHINng">1678.01866666667</dst>
            <dst id="DNVRng">413.445333333333</dst>
            <dst id="HSTNng">107.605333333333</dst>
            <dst id="IPLSng">1068.008</dst>
            <dst id="KSCYng">626.962666666667</dst>
            <dst id="LOSAng">436.802666666667</dst>
            <dst id="NYCMng">511.317333333333</dst>
            <dst id="SNVAng">481.770666666667</dst>
            <dst id="STTLng">160.426666666667</dst>
            <dst id="WASHng">1333.70666666667</dst>
        </src>
        <src id="ATLAng">
            <dst id="ATLA-M5">136.272</dst>
            <dst id="ATLAng">25505.4853333333</dst>
            <dst id="CHINng">26717.272</dst>
            <dst id="DNVRng">4415.25066666666</dst>
            <dst id="HSTNng">3109.58133333333</dst>
            <dst id="IPLSng">27967.1733333333</dst>
            <dst id="KSCYng">3966.288</dst>
            <dst id="LOSAng">19988.9773333333</dst>
            <dst id="NYCMng">14683.3493333333</dst>
            <dst id="SNVAng">1217.03866666667</dst>
            <dst id="STTLng">7918.49066666667</dst>
            <dst id="WASHng">35601.28</dst>
        </src>
        <src id="CHINng">
            <dst id="ATLA-M5">1255.82933333333</dst>
            <dst id="ATLAng">37019.608</dst>
            <dst id="CHINng">78142.272</dst>
            <dst id="DNVRng">25539.4746666667</dst>
            <dst id="HSTNng">53132.488</dst>
            <dst id="IPLSng">54700.5493333333</dst>
            <dst id="KSCYng">21368.3866666667</dst>
            <dst id="LOSAng">75468.5546666666</dst>
            <dst id="NYCMng">26238.2373333333</dst>
            <dst id="SNVAng">4217.71466666667</dst>
            <dst id="STTLng">12909.3173333333</dst>
            <dst id="WASHng">32895.9493333333</dst>
        </src>
        <src id="DNVRng">
            <dst id="ATLA-M5">323.189333333333</dst>
            <dst id="ATLAng">4673.66666666667</dst>
            <dst id="CHINng">62698.9093333333</dst>
            <dst id="DNVRng">12613.1493333333</dst>
            <dst id="HSTNng">13028.7493333333</dst>
            <dst id="IPLSng">35439.6613333333</dst>
            <dst id="KSCYng">21123.8373333333</dst>
            <dst id="LOSAng">31612.144</dst>
            <dst id="NYCMng">31841.56</dst>
            <dst id="SNVAng">12051.4853333333</dst>
            <dst id="STTLng">9488.54933333333</dst>
            <dst id="WASHng">53484.128</dst>
        </src>
        <src id="HSTNng">
            <dst id="ATLA-M5">1337.25066666667</dst>
            <dst id="ATLAng">3979.17866666667</dst>
            <dst id="CHINng">15898.2133333333</dst>
            <dst id="DNVRng">3023.06133333333</dst>
            <dst id="HSTNng">8661.72266666667</dst>
            <dst id="IPLSng">5104.33866666667</dst>
            <dst id="KSCYng">4133.62666666667</dst>
            <dst id="LOSAng">10100.528</dst>
            <dst id="NYCMng">6061.41866666667</dst>
            <dst id="SNVAng">503.688</dst>
            <dst id="STTLng">2802.22666666667</dst>
            <dst id="WASHng">9371.544</dst>
        </src>
        <src id="IPLSng">
            <dst id="ATLA-M5">794.76</dst>
            <dst id="ATLAng">27744.4453333333</dst>
            <dst id="CHINng">93102.8746666667</dst>
            <dst id="DNVRng">21876.4746666667</dst>
            <dst id="HSTNng">4766.58133333333</dst>
            <dst id="IPLSng">26356.0853333333</dst>
            <dst id="KSCYng">10847.5706666667</dst>
            <dst id="LOSAng">44420.5466666667</dst>
            <dst id="NYCMng">49633.0693333333</dst>
            <dst id="SNVAng">7095.66666666667</dst>
            <dst id="STTLng">8142.84266666667</dst>
            <dst id="WASHng">44364.408</dst>
        </src>
        <src id="KSCYng">
            <dst id="ATLA-M5">161.306666666667</dst>
            <dst id="ATLAng">6481.328</dst>
            <dst id="CHINng">29236.3573333333</dst>
            <dst id="DNVRng">22825.256</dst>
            <dst id="HSTNng">4267.08266666667</dst>
            <dst id="IPLSng">15018.7786666667</dst>
            <dst id="KSCYng">6647.97866666667</dst>
            <dst id="LOSAng">5559.672</dst>
            <dst id="NYCMng">5048.66933333333</dst>
            <dst id="SNVAng">1095.62133333333</dst>
            <dst id="STTLng">2922.37066666667</dst>
            <dst id="WASHng">17562.2293333333</dst>
        </src>
        <src id="LOSAng">
            <dst id="ATLA-M5">2030.18133333333</dst>
            <dst id="ATLAng">17819.944</dst>
            <dst id="CHINng">100728.373333333</dst>
            <dst id="DNVRng">20776.0906666667</dst>
            <dst id="HSTNng">10715.9493333333</dst>
            <dst id="IPLSng">54775.4106666667</dst>
            <dst id="KSCYng">13696.4426666667</dst>
            <dst id="LOSAng">17441.3706666667</dst>
            <dst id="NYCMng">65749.2693333333</dst>
            <dst id="SNVAng">10286.8586666667</dst>
            <dst id="STTLng">36236.5413333333</dst>
            <dst id="WASHng">102724.858666667</dst>
        </src>
        <src id="NYCMng">
            <dst id="ATLA-M5">903.482666666667</dst>
            <dst id="ATLAng">33000.9813333333</dst>
            <dst id="CHINng">66510.0533333333</dst>
            <dst id="DNVRng">35294.4293333333</dst>
            <dst id="HSTNng">18342.024</dst>
            <dst id="IPLSng">80089.5946666667</dst>
            <dst id="KSCYng">21014.7893333333</dst>
            <dst id="LOSAng">87366.9493333333</dst>
            <dst id="NYCMng">174045.488</dst>
            <dst id="SNVAng">4293.40533333333</dst>
            <dst id="STTLng">28896.0026666667</dst>
            <dst id="WASHng">163368.717333333</dst>
        </src>
        <src id="SNVAng">
            <dst id="ATLA-M5">42.5893333333333</dst>
            <dst id="ATLAng">363.146666666667</dst>
            <dst id="CHINng">2151.472</dst>
            <dst id="DNVRng">7818.88266666667</dst>
            <dst id="HSTNng">2170.984</dst>
            <dst id="IPLSng">5729.61866666667</dst>
            <dst id="KSCYng">424.101333333333</dst>
            <dst id="LOSAng">52080.488</dst>
            <dst id="NYCMng">707.736</dst>
            <dst id="SNVAng">25513.9813333333</dst>
            <dst id="STTLng">70046.5866666667</dst>
            <dst id="WASHng">2354.37066666667</dst>
        </src>
        <src id="STTLng">
            <dst id="ATLA-M5">378.277333333333</dst>
            <dst id="ATLAng">8398.81333333333</dst>
            <dst id="CHINng">16107.9813333333</dst>
            <dst id="DNVRng">3603.416</dst>
            <dst id="HSTNng">6022.91733333333</dst>
            <dst id="IPLSng">8244.62933333333</dst>
            <dst id="KSCYng">4070.46933333333</dst>
            <dst id="LOSAng">22938.8906666667</dst>
            <dst id="NYCMng">7526.45066666667</dst>
            <dst id="SNVAng">3319.584</dst>
            <dst id="STTLng">5023.16</dst>
            <dst id="WASHng">8325.32</dst>
        </src>
        <src id="WASHng">
            <dst id="ATLA-M5">1964.65866666667</dst>
            <dst id="ATLAng">96526.4266666667</dst>
            <dst id="CHINng">85713.3973333333</dst>
            <dst id="DNVRng">63386.64</dst>
            <dst id="HSTNng">29440.4586666667</dst>
            <dst id="IPLSng">62820.592</dst>
            <dst id="KSCYng">14184.0346666667</dst>
            <dst id="LOSAng">130077.381333333</dst>
            <dst id="NYCMng">139336.117333333</dst>
            <dst id="SNVAng">2103.60266666667</dst>
            <dst id="STTLng">27870.9786666667</dst>
            <dst id="WASHng">222076.64</dst>
        </src>
    </IntraTM>
</TrafficMatrixFile>
