<?xml version="1.0" encoding="ISO-8859-1" standalone="yes"?>
<TrafficMatrixFile xsi:noNamespaceSchemaLocation="http://totem.run.montefiore.ulg.ac.be/Schema/TrafficMatrix-v1_2.xsd" xmlns:xsi="http://www.w3.org/2001/XMLSchema-instance">
    <IntraTM ASID="11537">
        <src id="ATLA-M5">
            <dst id="ATLA-M5">31.8186666666667</dst>
            <dst id="ATLAng">578.077333333333</dst>
            <dst id="CHINng">264.232</dst>
            <dst id="DNVRng">0</dst>
            <dst id="HSTNng">179.554666666667</dst>
            <dst id="IPLSng">428.749333333333</dst>
            <dst id="KSCYng">235.624</dst>
            <dst id="LOSAng">82.5493333333334</dst>
            <dst id="NYCMng">53.3333333333333</dst>
            <dst id="SNVAng">0</dst>
            <dst id="STTLng">26.6666666666667</dst>
            <dst id="WASHng">400.816</dst>
        </src>
        <src id="ATLAng">
            <dst id="ATLA-M5">396.512</dst>
            <dst id="ATLAng">25992.6133333333</dst>
            <dst id="CHINng">23162.3306666667</dst>
            <dst id="DNVRng">2416.93866666667</dst>
            <dst id="HSTNng">5461.26933333333</dst>
            <dst id="IPLSng">14117.9306666667</dst>
            <dst id="KSCYng">2181.07466666667</dst>
            <dst id="LOSAng">14759.4906666667</dst>
            <dst id="NYCMng">8879.40533333333</dst>
            <dst id="SNVAng">337.109333333333</dst>
            <dst id="STTLng">4048.79733333333</dst>
            <dst id="WASHng">46866.56</dst>
        </src>
        <src id="CHINng">
            <dst id="ATLA-M5">2504.86933333333</dst>
            <dst id="ATLAng">20706.0933333333</dst>
            <dst id="CHINng">113571.610666667</dst>
            <dst id="DNVRng">27494.8906666667</dst>
            <dst id="HSTNng">65577.0186666667</dst>
            <dst id="IPLSng">58233.1626666667</dst>
            <dst id="KSCYng">12446.16</dst>
            <dst id="LOSAng">44034.2693333333</dst>
            <dst id="NYCMng">22723.696</dst>
            <dst id="SNVAng">2575.632</dst>
            <dst id="STTLng">18822.9493333333</dst>
            <dst id="WASHng">27133.5173333333</dst>
        </src>
        <src id="DNVRng">
            <dst id="ATLA-M5">245.749333333333</dst>
            <dst id="ATLAng">3685.592</dst>
            <dst id="CHINng">78728.3253333333</dst>
            <dst id="DNVRng">8092.00533333333</dst>
            <dst id="HSTNng">15286.048</dst>
            <dst id="IPLSng">32605.4293333333</dst>
            <dst id="KSCYng">17418.8266666667</dst>
            <dst id="LOSAng">26303.3253333333</dst>
            <dst id="NYCMng">18093.1173333333</dst>
            <dst id="SNVAng">19064.224</dst>
            <dst id="STTLng">14162.1893333333</dst>
            <dst id="WASHng">43546.36</dst>
        </src>
        <src id="HSTNng">
            <dst id="ATLA-M5">5084.536</dst>
            <dst id="ATLAng">3855.392</dst>
            <dst id="CHINng">17876.256</dst>
            <dst id="DNVRng">1899.71733333333</dst>
            <dst id="HSTNng">3963.66933333333</dst>
            <dst id="IPLSng">14079.7626666667</dst>
            <dst id="KSCYng">3108.98666666667</dst>
            <dst id="LOSAng">3362.50666666667</dst>
            <dst id="NYCMng">5079.40266666667</dst>
            <dst id="SNVAng">1885.01333333333</dst>
            <dst id="STTLng">1878.67733333333</dst>
            <dst id="WASHng">6041.096</dst>
        </src>
        <src id="IPLSng">
            <dst id="ATLA-M5">515.888</dst>
            <dst id="ATLAng">13343.384</dst>
            <dst id="CHINng">110106.405333333</dst>
            <dst id="DNVRng">19619.3813333333</dst>
            <dst id="HSTNng">8484.75466666667</dst>
            <dst id="IPLSng">37779.2906666667</dst>
            <dst id="KSCYng">8156.72266666667</dst>
            <dst id="LOSAng">26241.952</dst>
            <dst id="NYCMng">109766.424</dst>
            <dst id="SNVAng">1077.82133333333</dst>
            <dst id="STTLng">9201.17066666667</dst>
            <dst id="WASHng">51786.3146666667</dst>
        </src>
        <src id="KSCYng">
            <dst id="ATLA-M5">416.2</dst>
            <dst id="ATLAng">5777.17333333333</dst>
            <dst id="CHINng">35301.536</dst>
            <dst id="DNVRng">10674.1093333333</dst>
            <dst id="HSTNng">3117.648</dst>
            <dst id="IPLSng">19057.7653333333</dst>
            <dst id="KSCYng">6848.85066666667</dst>
            <dst id="LOSAng">3968.05866666667</dst>
            <dst id="NYCMng">8248.21333333333</dst>
            <dst id="SNVAng">95.024</dst>
            <dst id="STTLng">1876.28</dst>
            <dst id="WASHng">12854.6373333333</dst>
        </src>
        <src id="LOSAng">
            <dst id="ATLA-M5">1762.712</dst>
            <dst id="ATLAng">13523.424</dst>
            <dst id="CHINng">87432.8666666667</dst>
            <dst id="DNVRng">5437.84266666667</dst>
            <dst id="HSTNng">29453.936</dst>
            <dst id="IPLSng">35756.544</dst>
            <dst id="KSCYng">10826.1306666667</dst>
            <dst id="LOSAng">20627.0586666667</dst>
            <dst id="NYCMng">67793.2666666667</dst>
            <dst id="SNVAng">6701.864</dst>
            <dst id="STTLng">32429.888</dst>
            <dst id="WASHng">90858.6933333334</dst>
        </src>
        <src id="NYCMng">
            <dst id="ATLA-M5">690.413333333333</dst>
            <dst id="ATLAng">28219.52</dst>
            <dst id="CHINng">57596.6853333333</dst>
            <dst id="DNVRng">28423.4746666667</dst>
            <dst id="HSTNng">15850.3306666667</dst>
            <dst id="IPLSng">49830.0826666667</dst>
            <dst id="KSCYng">16894.8</dst>
            <dst id="LOSAng">35755.216</dst>
            <dst id="NYCMng">227567.098666667</dst>
            <dst id="SNVAng">1489.6</dst>
            <dst id="STTLng">31648.856</dst>
            <dst id="WASHng">146515.682666667</dst>
        </src>
        <src id="SNVAng">
            <dst id="ATLA-M5">0</dst>
            <dst id="ATLAng">1348.888</dst>
            <dst id="CHINng">2352.11733333333</dst>
            <dst id="DNVRng">11193.4</dst>
            <dst id="HSTNng">495.024</dst>
            <dst id="IPLSng">1718.10133333333</dst>
            <dst id="KSCYng">190.736</dst>
            <dst id="LOSAng">31797.768</dst>
            <dst id="NYCMng">890.245333333333</dst>
            <dst id="SNVAng">12414.0533333333</dst>
            <dst id="STTLng">47189.992</dst>
            <dst id="WASHng">227.226666666667</dst>
        </src>
        <src id="STTLng">
            <dst id="ATLA-M5">386.194666666667</dst>
            <dst id="ATLAng">5326.54933333333</dst>
            <dst id="CHINng">21039.1733333333</dst>
            <dst id="DNVRng">2318.41866666667</dst>
            <dst id="HSTNng">1724.456</dst>
            <dst id="IPLSng">7290.73333333333</dst>
            <dst id="KSCYng">2525.408</dst>
            <dst id="LOSAng">17257.4666666667</dst>
            <dst id="NYCMng">6117.21066666667</dst>
            <dst id="SNVAng">2477.76533333333</dst>
            <dst id="STTLng">5554.84266666667</dst>
            <dst id="WASHng">10814.5093333333</dst>
        </src>
        <src id="WASHng">
            <dst id="ATLA-M5">1694.16</dst>
            <dst id="ATLAng">61999.9466666667</dst>
            <dst id="CHINng">76749.76</dst>
            <dst id="DNVRng">65092.4133333333</dst>
            <dst id="HSTNng">7034.37866666667</dst>
            <dst id="IPLSng">56322.424</dst>
            <dst id="KSCYng">16801.4213333333</dst>
            <dst id="LOSAng">94942.7333333333</dst>
            <dst id="NYCMng">178138.32</dst>
            <dst id="SNVAng">866.042666666667</dst>
            <dst id="STTLng">24682.1946666667</dst>
            <dst id="WASHng">275284.906666667</dst>
        </src>
    </IntraTM>
</TrafficMatrixFile>
