<?xml version="1.0" encoding="ISO-8859-1" standalone="yes"?>
<TrafficMatrixFile xsi:noNamespaceSchemaLocation="http://totem.run.montefiore.ulg.ac.be/Schema/TrafficMatrix-v1_2.xsd" xmlns:xsi="http://www.w3.org/2001/XMLSchema-instance">
    <IntraTM ASID="11537">
        <src id="ATLA-M5">
            <dst id="ATLA-M5">32.416</dst>
            <dst id="ATLAng">55.2</dst>
            <dst id="CHINng">257.194666666667</dst>
            <dst id="DNVRng">0</dst>
            <dst id="HSTNng">149.874666666667</dst>
            <dst id="IPLSng">1441.43733333333</dst>
            <dst id="KSCYng">108.138666666667</dst>
            <dst id="LOSAng">26.6666666666667</dst>
            <dst id="NYCMng">0</dst>
            <dst id="SNVAng">0</dst>
            <dst id="STTLng">326.250666666667</dst>
            <dst id="WASHng">408.490666666667</dst>
        </src>
        <src id="ATLAng">
            <dst id="ATLA-M5">220.618666666667</dst>
            <dst id="ATLAng">24707.3786666667</dst>
            <dst id="CHINng">13638.1786666667</dst>
            <dst id="DNVRng">7350.79733333333</dst>
            <dst id="HSTNng">4838.94133333333</dst>
            <dst id="IPLSng">14125.1413333333</dst>
            <dst id="KSCYng">827.834666666667</dst>
            <dst id="LOSAng">16272.3386666667</dst>
            <dst id="NYCMng">6425.41866666667</dst>
            <dst id="SNVAng">1069.08</dst>
            <dst id="STTLng">3888.89333333333</dst>
            <dst id="WASHng">39069.7733333333</dst>
        </src>
        <src id="CHINng">
            <dst id="ATLA-M5">510.626666666667</dst>
            <dst id="ATLAng">10452.8933333333</dst>
            <dst id="CHINng">107026.256</dst>
            <dst id="DNVRng">13856.696</dst>
            <dst id="HSTNng">47318.5146666667</dst>
            <dst id="IPLSng">34654.544</dst>
            <dst id="KSCYng">9293.16</dst>
            <dst id="LOSAng">47240.856</dst>
            <dst id="NYCMng">15362.072</dst>
            <dst id="SNVAng">1898.152</dst>
            <dst id="STTLng">13315.5386666667</dst>
            <dst id="WASHng">33496.1573333333</dst>
        </src>
        <src id="DNVRng">
            <dst id="ATLA-M5">166.949333333333</dst>
            <dst id="ATLAng">3474.25333333333</dst>
            <dst id="CHINng">87223.1146666666</dst>
            <dst id="DNVRng">12053.7093333333</dst>
            <dst id="HSTNng">12099.856</dst>
            <dst id="IPLSng">21643.936</dst>
            <dst id="KSCYng">27518.4293333333</dst>
            <dst id="LOSAng">3795.41066666667</dst>
            <dst id="NYCMng">11090.0106666667</dst>
            <dst id="SNVAng">4513.016</dst>
            <dst id="STTLng">15279.912</dst>
            <dst id="WASHng">44652.7013333333</dst>
        </src>
        <src id="HSTNng">
            <dst id="ATLA-M5">5083.28266666667</dst>
            <dst id="ATLAng">1265.632</dst>
            <dst id="CHINng">16002.9493333333</dst>
            <dst id="DNVRng">1494.97066666667</dst>
            <dst id="HSTNng">2830.33066666667</dst>
            <dst id="IPLSng">3179.45866666667</dst>
            <dst id="KSCYng">1243.25066666667</dst>
            <dst id="LOSAng">1790.90666666667</dst>
            <dst id="NYCMng">2631.75466666667</dst>
            <dst id="SNVAng">301.112</dst>
            <dst id="STTLng">1633.14133333333</dst>
            <dst id="WASHng">3515.46933333333</dst>
        </src>
        <src id="IPLSng">
            <dst id="ATLA-M5">984.578666666667</dst>
            <dst id="ATLAng">11960.016</dst>
            <dst id="CHINng">90993.1386666667</dst>
            <dst id="DNVRng">5722.056</dst>
            <dst id="HSTNng">4728.152</dst>
            <dst id="IPLSng">8435.17333333333</dst>
            <dst id="KSCYng">6873.496</dst>
            <dst id="LOSAng">36522.8693333333</dst>
            <dst id="NYCMng">30017.0133333333</dst>
            <dst id="SNVAng">1758.30133333333</dst>
            <dst id="STTLng">11653.5093333333</dst>
            <dst id="WASHng">28072.0693333333</dst>
        </src>
        <src id="KSCYng">
            <dst id="ATLA-M5">183.106666666667</dst>
            <dst id="ATLAng">1673.19466666667</dst>
            <dst id="CHINng">24544.8053333333</dst>
            <dst id="DNVRng">8555.152</dst>
            <dst id="HSTNng">2796.67733333333</dst>
            <dst id="IPLSng">8990.30666666667</dst>
            <dst id="KSCYng">6214.84266666667</dst>
            <dst id="LOSAng">3627.47466666667</dst>
            <dst id="NYCMng">4800.96266666667</dst>
            <dst id="SNVAng">284.205333333333</dst>
            <dst id="STTLng">1347.78666666667</dst>
            <dst id="WASHng">19114.9493333333</dst>
        </src>
        <src id="LOSAng">
            <dst id="ATLA-M5">594.152</dst>
            <dst id="ATLAng">8993.49066666667</dst>
            <dst id="CHINng">71642.9706666667</dst>
            <dst id="DNVRng">4662.616</dst>
            <dst id="HSTNng">6243.14133333333</dst>
            <dst id="IPLSng">16561.5466666667</dst>
            <dst id="KSCYng">5982.59466666667</dst>
            <dst id="LOSAng">24939.6026666667</dst>
            <dst id="NYCMng">40135.76</dst>
            <dst id="SNVAng">7711.69866666667</dst>
            <dst id="STTLng">22910.4853333333</dst>
            <dst id="WASHng">74652.0026666667</dst>
        </src>
        <src id="NYCMng">
            <dst id="ATLA-M5">1310.168</dst>
            <dst id="ATLAng">15772.672</dst>
            <dst id="CHINng">42747.8346666667</dst>
            <dst id="DNVRng">31954.44</dst>
            <dst id="HSTNng">9655.29333333333</dst>
            <dst id="IPLSng">31487.1013333333</dst>
            <dst id="KSCYng">9393.41333333333</dst>
            <dst id="LOSAng">54699.1013333333</dst>
            <dst id="NYCMng">131388.376</dst>
            <dst id="SNVAng">3048.15466666667</dst>
            <dst id="STTLng">22508.96</dst>
            <dst id="WASHng">74119.0746666667</dst>
        </src>
        <src id="SNVAng">
            <dst id="ATLA-M5">0</dst>
            <dst id="ATLAng">80</dst>
            <dst id="CHINng">1254.664</dst>
            <dst id="DNVRng">1757.60533333333</dst>
            <dst id="HSTNng">106.666666666667</dst>
            <dst id="IPLSng">362.706666666667</dst>
            <dst id="KSCYng">112.925333333333</dst>
            <dst id="LOSAng">29552.352</dst>
            <dst id="NYCMng">2355.34666666667</dst>
            <dst id="SNVAng">11875.5253333333</dst>
            <dst id="STTLng">41729.4506666667</dst>
            <dst id="WASHng">118.202666666667</dst>
        </src>
        <src id="STTLng">
            <dst id="ATLA-M5">133.333333333333</dst>
            <dst id="ATLAng">4765.26666666667</dst>
            <dst id="CHINng">19154.5546666667</dst>
            <dst id="DNVRng">4095.264</dst>
            <dst id="HSTNng">3891.63733333333</dst>
            <dst id="IPLSng">4650.736</dst>
            <dst id="KSCYng">9859.52</dst>
            <dst id="LOSAng">19104.656</dst>
            <dst id="NYCMng">7113.91733333333</dst>
            <dst id="SNVAng">3613.712</dst>
            <dst id="STTLng">6805.34933333333</dst>
            <dst id="WASHng">5560.792</dst>
        </src>
        <src id="WASHng">
            <dst id="ATLA-M5">687.837333333333</dst>
            <dst id="ATLAng">57034.8346666667</dst>
            <dst id="CHINng">76455.7493333334</dst>
            <dst id="DNVRng">51297.88</dst>
            <dst id="HSTNng">5274.536</dst>
            <dst id="IPLSng">63762.8346666667</dst>
            <dst id="KSCYng">9127.14666666667</dst>
            <dst id="LOSAng">86850.232</dst>
            <dst id="NYCMng">160709.565333333</dst>
            <dst id="SNVAng">4078.48266666667</dst>
            <dst id="STTLng">35638.28</dst>
            <dst id="WASHng">308158.88</dst>
        </src>
    </IntraTM>
</TrafficMatrixFile>
