<?xml version="1.0" encoding="ISO-8859-1" standalone="yes"?>
<TrafficMatrixFile xsi:noNamespaceSchemaLocation="http://totem.run.montefiore.ulg.ac.be/Schema/TrafficMatrix-v1_2.xsd" xmlns:xsi="http://www.w3.org/2001/XMLSchema-instance">
    <IntraTM ASID="11537">
        <src id="ATLA-M5">
            <dst id="ATLA-M5">0</dst>
            <dst id="ATLAng">230.666666666667</dst>
            <dst id="CHINng">427.442666666667</dst>
            <dst id="DNVRng">26.6666666666667</dst>
            <dst id="HSTNng">635.293333333333</dst>
            <dst id="IPLSng">979.432</dst>
            <dst id="KSCYng">702.810666666667</dst>
            <dst id="LOSAng">2038.448</dst>
            <dst id="NYCMng">555.021333333333</dst>
            <dst id="SNVAng">0</dst>
            <dst id="STTLng">26.6666666666667</dst>
            <dst id="WASHng">1501.12266666667</dst>
        </src>
        <src id="ATLAng">
            <dst id="ATLA-M5">853.424</dst>
            <dst id="ATLAng">28541.5786666667</dst>
            <dst id="CHINng">26075.92</dst>
            <dst id="DNVRng">7781.264</dst>
            <dst id="HSTNng">3789.76533333333</dst>
            <dst id="IPLSng">21611.7813333333</dst>
            <dst id="KSCYng">3487.02933333333</dst>
            <dst id="LOSAng">22374.204</dst>
            <dst id="NYCMng">9477.01333333333</dst>
            <dst id="SNVAng">2545.188</dst>
            <dst id="STTLng">3402.44</dst>
            <dst id="WASHng">38151.8133333333</dst>
        </src>
        <src id="CHINng">
            <dst id="ATLA-M5">2048.36</dst>
            <dst id="ATLAng">18634.64</dst>
            <dst id="CHINng">88936.96</dst>
            <dst id="DNVRng">24169.3866666667</dst>
            <dst id="HSTNng">49611.7813333333</dst>
            <dst id="IPLSng">63936.1333333333</dst>
            <dst id="KSCYng">13828.552</dst>
            <dst id="LOSAng">1225628.74666667</dst>
            <dst id="NYCMng">33075.1306666667</dst>
            <dst id="SNVAng">2258.12266666667</dst>
            <dst id="STTLng">16549.032</dst>
            <dst id="WASHng">28246.2186666667</dst>
        </src>
        <src id="DNVRng">
            <dst id="ATLA-M5">345.336</dst>
            <dst id="ATLAng">6438.29066666667</dst>
            <dst id="CHINng">51456.912</dst>
            <dst id="DNVRng">8380.11466666667</dst>
            <dst id="HSTNng">16769.2</dst>
            <dst id="IPLSng">29143.9413333333</dst>
            <dst id="KSCYng">15381.568</dst>
            <dst id="LOSAng">6382.70133333333</dst>
            <dst id="NYCMng">18766.0186666667</dst>
            <dst id="SNVAng">7349.51466666667</dst>
            <dst id="STTLng">8854.768</dst>
            <dst id="WASHng">50979.648</dst>
        </src>
        <src id="HSTNng">
            <dst id="ATLA-M5">5540.632</dst>
            <dst id="ATLAng">4640.15466666667</dst>
            <dst id="CHINng">23523.1813333333</dst>
            <dst id="DNVRng">2306.416</dst>
            <dst id="HSTNng">7422.176</dst>
            <dst id="IPLSng">8873.456</dst>
            <dst id="KSCYng">4356.952</dst>
            <dst id="LOSAng">6710.87466666667</dst>
            <dst id="NYCMng">4788.69333333333</dst>
            <dst id="SNVAng">1334.21066666667</dst>
            <dst id="STTLng">5746.10933333333</dst>
            <dst id="WASHng">6742.45333333333</dst>
        </src>
        <src id="IPLSng">
            <dst id="ATLA-M5">3317.352</dst>
            <dst id="ATLAng">21266.1626666667</dst>
            <dst id="CHINng">116953.322666667</dst>
            <dst id="DNVRng">10515.352</dst>
            <dst id="HSTNng">7239.512</dst>
            <dst id="IPLSng">13977.6053333333</dst>
            <dst id="KSCYng">8391.62666666667</dst>
            <dst id="LOSAng">59312.7413333333</dst>
            <dst id="NYCMng">41623.8666666667</dst>
            <dst id="SNVAng">2021.53066666667</dst>
            <dst id="STTLng">15557.2613333333</dst>
            <dst id="WASHng">43923.0746666667</dst>
        </src>
        <src id="KSCYng">
            <dst id="ATLA-M5">597.776</dst>
            <dst id="ATLAng">3961.68</dst>
            <dst id="CHINng">19001.904</dst>
            <dst id="DNVRng">8703.88</dst>
            <dst id="HSTNng">3672.44533333333</dst>
            <dst id="IPLSng">9866.17866666667</dst>
            <dst id="KSCYng">6659.86133333333</dst>
            <dst id="LOSAng">6374.312</dst>
            <dst id="NYCMng">8810.688</dst>
            <dst id="SNVAng">983.216</dst>
            <dst id="STTLng">1185.74666666667</dst>
            <dst id="WASHng">13450.752</dst>
        </src>
        <src id="LOSAng">
            <dst id="ATLA-M5">2858.112</dst>
            <dst id="ATLAng">17841.576</dst>
            <dst id="CHINng">1079708.53333333</dst>
            <dst id="DNVRng">11026.464</dst>
            <dst id="HSTNng">37100.9733333333</dst>
            <dst id="IPLSng">44239.9706666667</dst>
            <dst id="KSCYng">10995.952</dst>
            <dst id="LOSAng">16355.7946666667</dst>
            <dst id="NYCMng">74794.952</dst>
            <dst id="SNVAng">11181.4</dst>
            <dst id="STTLng">23436.752</dst>
            <dst id="WASHng">96625.144</dst>
        </src>
        <src id="NYCMng">
            <dst id="ATLA-M5">1593.36533333333</dst>
            <dst id="ATLAng">29672.52</dst>
            <dst id="CHINng">50197.7946666667</dst>
            <dst id="DNVRng">36196.752</dst>
            <dst id="HSTNng">16941.3093333333</dst>
            <dst id="IPLSng">62775.9066666667</dst>
            <dst id="KSCYng">31466.8346666667</dst>
            <dst id="LOSAng">84573.0586666667</dst>
            <dst id="NYCMng">196942.616</dst>
            <dst id="SNVAng">4409.408</dst>
            <dst id="STTLng">18984.824</dst>
            <dst id="WASHng">131078.72</dst>
        </src>
        <src id="SNVAng">
            <dst id="ATLA-M5">26.6666666666667</dst>
            <dst id="ATLAng">550.717333333333</dst>
            <dst id="CHINng">820.04</dst>
            <dst id="DNVRng">4913.34133333333</dst>
            <dst id="HSTNng">263.08</dst>
            <dst id="IPLSng">1406.97866666667</dst>
            <dst id="KSCYng">641.786666666667</dst>
            <dst id="LOSAng">53103.536</dst>
            <dst id="NYCMng">1020.16266666667</dst>
            <dst id="SNVAng">15471.8506666667</dst>
            <dst id="STTLng">55129.28</dst>
            <dst id="WASHng">299.530666666667</dst>
        </src>
        <src id="STTLng">
            <dst id="ATLA-M5">143.874666666667</dst>
            <dst id="ATLAng">9169.88533333333</dst>
            <dst id="CHINng">23080.6106666667</dst>
            <dst id="DNVRng">10415.9573333333</dst>
            <dst id="HSTNng">12332.8133333333</dst>
            <dst id="IPLSng">9203.23466666667</dst>
            <dst id="KSCYng">5349.72533333333</dst>
            <dst id="LOSAng">24119.4693333333</dst>
            <dst id="NYCMng">8602.17333333333</dst>
            <dst id="SNVAng">5733.49866666667</dst>
            <dst id="STTLng">10484.816</dst>
            <dst id="WASHng">10559.488</dst>
        </src>
        <src id="WASHng">
            <dst id="ATLA-M5">1409.13333333333</dst>
            <dst id="ATLAng">75294.1653333333</dst>
            <dst id="CHINng">58941.9626666667</dst>
            <dst id="DNVRng">31196.888</dst>
            <dst id="HSTNng">15829.08</dst>
            <dst id="IPLSng">48116.2346666667</dst>
            <dst id="KSCYng">16800.1146666667</dst>
            <dst id="LOSAng">107041.389333333</dst>
            <dst id="NYCMng">159804.096</dst>
            <dst id="SNVAng">6543.26666666667</dst>
            <dst id="STTLng">22561.368</dst>
            <dst id="WASHng">227780.888</dst>
        </src>
    </IntraTM>
</TrafficMatrixFile>
