<?xml version="1.0" encoding="ISO-8859-1" standalone="yes"?>
<TrafficMatrixFile xsi:noNamespaceSchemaLocation="http://totem.run.montefiore.ulg.ac.be/Schema/TrafficMatrix-v1_2.xsd" xmlns:xsi="http://www.w3.org/2001/XMLSchema-instance">
    <IntraTM ASID="11537">
        <src id="ATLA-M5">
            <dst id="ATLA-M5">42.072</dst>
            <dst id="ATLAng">215.029333333333</dst>
            <dst id="CHINng">404.341333333333</dst>
            <dst id="DNVRng">56.4293333333333</dst>
            <dst id="HSTNng">68.6933333333333</dst>
            <dst id="IPLSng">280.8</dst>
            <dst id="KSCYng">834.68</dst>
            <dst id="LOSAng">1230.32</dst>
            <dst id="NYCMng">900.322666666667</dst>
            <dst id="SNVAng">26.6666666666667</dst>
            <dst id="STTLng">149.397333333333</dst>
            <dst id="WASHng">989.858666666667</dst>
        </src>
        <src id="ATLAng">
            <dst id="ATLA-M5">495.72</dst>
            <dst id="ATLAng">52193.9626666667</dst>
            <dst id="CHINng">22191.6053333333</dst>
            <dst id="DNVRng">4296.704</dst>
            <dst id="HSTNng">2460.04266666667</dst>
            <dst id="IPLSng">23233.5626666667</dst>
            <dst id="KSCYng">7598.152</dst>
            <dst id="LOSAng">22500.7146666667</dst>
            <dst id="NYCMng">7551.33333333333</dst>
            <dst id="SNVAng">1371.97333333333</dst>
            <dst id="STTLng">10817.56</dst>
            <dst id="WASHng">36822.8773333333</dst>
        </src>
        <src id="CHINng">
            <dst id="ATLA-M5">1991.432</dst>
            <dst id="ATLAng">55062.392</dst>
            <dst id="CHINng">90799.752</dst>
            <dst id="DNVRng">21065.304</dst>
            <dst id="HSTNng">60912.7173333333</dst>
            <dst id="IPLSng">75334.9093333333</dst>
            <dst id="KSCYng">17724.1733333333</dst>
            <dst id="LOSAng">4846105.6</dst>
            <dst id="NYCMng">17709.512</dst>
            <dst id="SNVAng">4404.76533333333</dst>
            <dst id="STTLng">10834.3093333333</dst>
            <dst id="WASHng">32004.24</dst>
        </src>
        <src id="DNVRng">
            <dst id="ATLA-M5">361.709333333333</dst>
            <dst id="ATLAng">5099.64533333333</dst>
            <dst id="CHINng">72541.8213333333</dst>
            <dst id="DNVRng">4212.264</dst>
            <dst id="HSTNng">14228.7333333333</dst>
            <dst id="IPLSng">28529.0346666667</dst>
            <dst id="KSCYng">9655.43466666667</dst>
            <dst id="LOSAng">23236.6986666667</dst>
            <dst id="NYCMng">20653.9546666667</dst>
            <dst id="SNVAng">6935.99733333333</dst>
            <dst id="STTLng">10182.4053333333</dst>
            <dst id="WASHng">52437.256</dst>
        </src>
        <src id="HSTNng">
            <dst id="ATLA-M5">275.978666666667</dst>
            <dst id="ATLAng">3059.14933333333</dst>
            <dst id="CHINng">19775.3733333333</dst>
            <dst id="DNVRng">5068.94133333333</dst>
            <dst id="HSTNng">8742.22933333333</dst>
            <dst id="IPLSng">11872.656</dst>
            <dst id="KSCYng">3290.08</dst>
            <dst id="LOSAng">9387.496</dst>
            <dst id="NYCMng">8132.16266666667</dst>
            <dst id="SNVAng">1836.21333333333</dst>
            <dst id="STTLng">1653.53066666667</dst>
            <dst id="WASHng">7372.17866666666</dst>
        </src>
        <src id="IPLSng">
            <dst id="ATLA-M5">344.968</dst>
            <dst id="ATLAng">29331.504</dst>
            <dst id="CHINng">112849.210666667</dst>
            <dst id="DNVRng">18789.008</dst>
            <dst id="HSTNng">8073.61066666667</dst>
            <dst id="IPLSng">27518.2186666667</dst>
            <dst id="KSCYng">6790.27733333333</dst>
            <dst id="LOSAng">50298.5413333333</dst>
            <dst id="NYCMng">52825.5173333333</dst>
            <dst id="SNVAng">6016.27466666667</dst>
            <dst id="STTLng">9503.29066666667</dst>
            <dst id="WASHng">65898.6</dst>
        </src>
        <src id="KSCYng">
            <dst id="ATLA-M5">320.328</dst>
            <dst id="ATLAng">5784.288</dst>
            <dst id="CHINng">25107.2533333333</dst>
            <dst id="DNVRng">15320.1386666667</dst>
            <dst id="HSTNng">4450.536</dst>
            <dst id="IPLSng">13285.3733333333</dst>
            <dst id="KSCYng">9281.43466666667</dst>
            <dst id="LOSAng">8121.36266666667</dst>
            <dst id="NYCMng">7172.896</dst>
            <dst id="SNVAng">2030.78666666667</dst>
            <dst id="STTLng">2084.27733333333</dst>
            <dst id="WASHng">30288.488</dst>
        </src>
        <src id="LOSAng">
            <dst id="ATLA-M5">10939.0213333333</dst>
            <dst id="ATLAng">22096.248</dst>
            <dst id="CHINng">105090.885333333</dst>
            <dst id="DNVRng">12623.2293333333</dst>
            <dst id="HSTNng">28773.9866666667</dst>
            <dst id="IPLSng">52181.976</dst>
            <dst id="KSCYng">26512.5893333333</dst>
            <dst id="LOSAng">14133.6453333333</dst>
            <dst id="NYCMng">66122.0346666667</dst>
            <dst id="SNVAng">17446.3466666667</dst>
            <dst id="STTLng">24704.1413333333</dst>
            <dst id="WASHng">151901.525333333</dst>
        </src>
        <src id="NYCMng">
            <dst id="ATLA-M5">983.658666666667</dst>
            <dst id="ATLAng">52197.376</dst>
            <dst id="CHINng">65496.7813333334</dst>
            <dst id="DNVRng">44180.6</dst>
            <dst id="HSTNng">17225.704</dst>
            <dst id="IPLSng">71964.4346666667</dst>
            <dst id="KSCYng">21524.6186666667</dst>
            <dst id="LOSAng">96549.3253333333</dst>
            <dst id="NYCMng">224159.312</dst>
            <dst id="SNVAng">8760.824</dst>
            <dst id="STTLng">25339.5733333333</dst>
            <dst id="WASHng">125087.693333333</dst>
        </src>
        <src id="SNVAng">
            <dst id="ATLA-M5">26.6666666666667</dst>
            <dst id="ATLAng">285.186666666667</dst>
            <dst id="CHINng">2665.24266666667</dst>
            <dst id="DNVRng">19227.7013333333</dst>
            <dst id="HSTNng">312.346666666667</dst>
            <dst id="IPLSng">6557.14666666667</dst>
            <dst id="KSCYng">2065.984</dst>
            <dst id="LOSAng">65576.448</dst>
            <dst id="NYCMng">1099.43466666667</dst>
            <dst id="SNVAng">17471.0373333333</dst>
            <dst id="STTLng">63835.2453333333</dst>
            <dst id="WASHng">1655.64266666667</dst>
        </src>
        <src id="STTLng">
            <dst id="ATLA-M5">79.2853333333333</dst>
            <dst id="ATLAng">10619.928</dst>
            <dst id="CHINng">19110.6613333333</dst>
            <dst id="DNVRng">3027.352</dst>
            <dst id="HSTNng">7658.02933333333</dst>
            <dst id="IPLSng">11156.5866666667</dst>
            <dst id="KSCYng">7254.176</dst>
            <dst id="LOSAng">33830.896</dst>
            <dst id="NYCMng">6889.01866666667</dst>
            <dst id="SNVAng">4179.72533333333</dst>
            <dst id="STTLng">1797.62666666667</dst>
            <dst id="WASHng">10691.768</dst>
        </src>
        <src id="WASHng">
            <dst id="ATLA-M5">2103.63466666667</dst>
            <dst id="ATLAng">86592.1546666667</dst>
            <dst id="CHINng">58220.9653333333</dst>
            <dst id="DNVRng">48948.168</dst>
            <dst id="HSTNng">35150.1306666667</dst>
            <dst id="IPLSng">52274.1946666667</dst>
            <dst id="KSCYng">30155.7733333333</dst>
            <dst id="LOSAng">124260.413333333</dst>
            <dst id="NYCMng">158786.933333333</dst>
            <dst id="SNVAng">8546.808</dst>
            <dst id="STTLng">27307.3973333333</dst>
            <dst id="WASHng">191001.266666667</dst>
        </src>
    </IntraTM>
</TrafficMatrixFile>
