<?xml version="1.0" encoding="ISO-8859-1" standalone="yes"?>
<TrafficMatrixFile xsi:noNamespaceSchemaLocation="http://totem.run.montefiore.ulg.ac.be/Schema/TrafficMatrix-v1_2.xsd" xmlns:xsi="http://www.w3.org/2001/XMLSchema-instance">
    <IntraTM ASID="11537">
        <src id="ATLA-M5">
            <dst id="ATLA-M5">817.728</dst>
            <dst id="ATLAng">98.2293333333333</dst>
            <dst id="CHINng">372.757333333333</dst>
            <dst id="DNVRng">53.3333333333333</dst>
            <dst id="HSTNng">26.6666666666667</dst>
            <dst id="IPLSng">189.344</dst>
            <dst id="KSCYng">0</dst>
            <dst id="LOSAng">434.058666666667</dst>
            <dst id="NYCMng">1823.92533333333</dst>
            <dst id="SNVAng">26.6666666666667</dst>
            <dst id="STTLng">26.6666666666667</dst>
            <dst id="WASHng">1113.91733333333</dst>
        </src>
        <src id="ATLAng">
            <dst id="ATLA-M5">536.018666666666</dst>
            <dst id="ATLAng">34114.3626666667</dst>
            <dst id="CHINng">28598.9306666667</dst>
            <dst id="DNVRng">4682.46133333333</dst>
            <dst id="HSTNng">4903.42666666667</dst>
            <dst id="IPLSng">18374.464</dst>
            <dst id="KSCYng">3492.008</dst>
            <dst id="LOSAng">19437.496</dst>
            <dst id="NYCMng">8155.88</dst>
            <dst id="SNVAng">855.016</dst>
            <dst id="STTLng">6288.64266666667</dst>
            <dst id="WASHng">36551.936</dst>
        </src>
        <src id="CHINng">
            <dst id="ATLA-M5">2575.14133333333</dst>
            <dst id="ATLAng">27751.3466666667</dst>
            <dst id="CHINng">122576.586666667</dst>
            <dst id="DNVRng">18973.7013333333</dst>
            <dst id="HSTNng">50974.8373333333</dst>
            <dst id="IPLSng">64431.5946666667</dst>
            <dst id="KSCYng">13806.44</dst>
            <dst id="LOSAng">2040380.53333333</dst>
            <dst id="NYCMng">24838.976</dst>
            <dst id="SNVAng">2553.36266666667</dst>
            <dst id="STTLng">21117.4373333333</dst>
            <dst id="WASHng">28215.5733333333</dst>
        </src>
        <src id="DNVRng">
            <dst id="ATLA-M5">234.730666666667</dst>
            <dst id="ATLAng">7857.68</dst>
            <dst id="CHINng">60872.2213333333</dst>
            <dst id="DNVRng">9914.712</dst>
            <dst id="HSTNng">16532.6506666667</dst>
            <dst id="IPLSng">32884.1386666667</dst>
            <dst id="KSCYng">11089.3306666667</dst>
            <dst id="LOSAng">6125.19466666667</dst>
            <dst id="NYCMng">18893.4186666667</dst>
            <dst id="SNVAng">6363.17066666667</dst>
            <dst id="STTLng">9179.58133333333</dst>
            <dst id="WASHng">48777.4053333333</dst>
        </src>
        <src id="HSTNng">
            <dst id="ATLA-M5">881.834666666667</dst>
            <dst id="ATLAng">4154.28266666667</dst>
            <dst id="CHINng">23837.1546666667</dst>
            <dst id="DNVRng">5382.52533333333</dst>
            <dst id="HSTNng">6547.90133333333</dst>
            <dst id="IPLSng">10205.4773333333</dst>
            <dst id="KSCYng">3726.15733333333</dst>
            <dst id="LOSAng">15691.2746666667</dst>
            <dst id="NYCMng">6611.968</dst>
            <dst id="SNVAng">1076.84</dst>
            <dst id="STTLng">2210.64533333333</dst>
            <dst id="WASHng">14011.9866666667</dst>
        </src>
        <src id="IPLSng">
            <dst id="ATLA-M5">511.674666666666</dst>
            <dst id="ATLAng">19358.4053333333</dst>
            <dst id="CHINng">130456.642666667</dst>
            <dst id="DNVRng">14764.32</dst>
            <dst id="HSTNng">7527.96533333333</dst>
            <dst id="IPLSng">24546.4426666667</dst>
            <dst id="KSCYng">8033.06133333333</dst>
            <dst id="LOSAng">71624.4426666667</dst>
            <dst id="NYCMng">67073.448</dst>
            <dst id="SNVAng">1667.736</dst>
            <dst id="STTLng">9423.41866666667</dst>
            <dst id="WASHng">42300.7066666667</dst>
        </src>
        <src id="KSCYng">
            <dst id="ATLA-M5">106.125333333333</dst>
            <dst id="ATLAng">5812.79466666666</dst>
            <dst id="CHINng">20793.2106666667</dst>
            <dst id="DNVRng">10421.272</dst>
            <dst id="HSTNng">4837.24266666667</dst>
            <dst id="IPLSng">17073.16</dst>
            <dst id="KSCYng">7327.41866666667</dst>
            <dst id="LOSAng">7145.648</dst>
            <dst id="NYCMng">4309.87733333333</dst>
            <dst id="SNVAng">396.837333333333</dst>
            <dst id="STTLng">1509.008</dst>
            <dst id="WASHng">16267.224</dst>
        </src>
        <src id="LOSAng">
            <dst id="ATLA-M5">2358.10133333333</dst>
            <dst id="ATLAng">36016.0133333333</dst>
            <dst id="CHINng">1078627.41333333</dst>
            <dst id="DNVRng">7568.92</dst>
            <dst id="HSTNng">36557.6106666667</dst>
            <dst id="IPLSng">52301.128</dst>
            <dst id="KSCYng">16504.4426666667</dst>
            <dst id="LOSAng">8786.85333333333</dst>
            <dst id="NYCMng">75849.856</dst>
            <dst id="SNVAng">8308.62933333333</dst>
            <dst id="STTLng">37292.9866666667</dst>
            <dst id="WASHng">97360.0613333333</dst>
        </src>
        <src id="NYCMng">
            <dst id="ATLA-M5">1617.77066666667</dst>
            <dst id="ATLAng">43755.9386666667</dst>
            <dst id="CHINng">55741.904</dst>
            <dst id="DNVRng">41004.1493333333</dst>
            <dst id="HSTNng">17913.9173333333</dst>
            <dst id="IPLSng">72682.5226666667</dst>
            <dst id="KSCYng">26600.4746666667</dst>
            <dst id="LOSAng">66442.8506666667</dst>
            <dst id="NYCMng">234889.757333333</dst>
            <dst id="SNVAng">4414.424</dst>
            <dst id="STTLng">18432.4213333333</dst>
            <dst id="WASHng">205719.581333333</dst>
        </src>
        <src id="SNVAng">
            <dst id="ATLA-M5">160.730666666667</dst>
            <dst id="ATLAng">106.666666666667</dst>
            <dst id="CHINng">1492.784</dst>
            <dst id="DNVRng">4738.55733333333</dst>
            <dst id="HSTNng">281.786666666667</dst>
            <dst id="IPLSng">1194.00266666667</dst>
            <dst id="KSCYng">80</dst>
            <dst id="LOSAng">40147.3573333333</dst>
            <dst id="NYCMng">734.784</dst>
            <dst id="SNVAng">16368.312</dst>
            <dst id="STTLng">55731.6853333334</dst>
            <dst id="WASHng">283.698666666667</dst>
        </src>
        <src id="STTLng">
            <dst id="ATLA-M5">211.650666666667</dst>
            <dst id="ATLAng">7928.36</dst>
            <dst id="CHINng">18910.4613333333</dst>
            <dst id="DNVRng">11943</dst>
            <dst id="HSTNng">11801.368</dst>
            <dst id="IPLSng">9727.51733333333</dst>
            <dst id="KSCYng">5781.176</dst>
            <dst id="LOSAng">18426.264</dst>
            <dst id="NYCMng">7322.49866666667</dst>
            <dst id="SNVAng">1945.10666666667</dst>
            <dst id="STTLng">2017.096</dst>
            <dst id="WASHng">10679.304</dst>
        </src>
        <src id="WASHng">
            <dst id="ATLA-M5">2005.384</dst>
            <dst id="ATLAng">246432.853333333</dst>
            <dst id="CHINng">67642.128</dst>
            <dst id="DNVRng">53513.648</dst>
            <dst id="HSTNng">29866.3066666667</dst>
            <dst id="IPLSng">59157.7786666667</dst>
            <dst id="KSCYng">16229.304</dst>
            <dst id="LOSAng">110002.522666667</dst>
            <dst id="NYCMng">183967.026666667</dst>
            <dst id="SNVAng">8441.56266666666</dst>
            <dst id="STTLng">34553.936</dst>
            <dst id="WASHng">220603.738666667</dst>
        </src>
    </IntraTM>
</TrafficMatrixFile>
