<?xml version="1.0" encoding="ISO-8859-1" standalone="yes"?>
<TrafficMatrixFile xsi:noNamespaceSchemaLocation="http://totem.run.montefiore.ulg.ac.be/Schema/TrafficMatrix-v1_2.xsd" xmlns:xsi="http://www.w3.org/2001/XMLSchema-instance">
    <IntraTM ASID="11537">
        <src id="ATLA-M5">
            <dst id="ATLA-M5">49.376</dst>
            <dst id="ATLAng">1964.504</dst>
            <dst id="CHINng">392.077333333333</dst>
            <dst id="DNVRng">149.013333333333</dst>
            <dst id="HSTNng">274.056</dst>
            <dst id="IPLSng">344.538666666667</dst>
            <dst id="KSCYng">27.7413333333333</dst>
            <dst id="LOSAng">264.76</dst>
            <dst id="NYCMng">160</dst>
            <dst id="SNVAng">26.6666666666667</dst>
            <dst id="STTLng">53.3333333333333</dst>
            <dst id="WASHng">789.402666666667</dst>
        </src>
        <src id="ATLAng">
            <dst id="ATLA-M5">1777.432</dst>
            <dst id="ATLAng">25468.408</dst>
            <dst id="CHINng">24867.016</dst>
            <dst id="DNVRng">2876.73066666667</dst>
            <dst id="HSTNng">11983.3226666667</dst>
            <dst id="IPLSng">14959.304</dst>
            <dst id="KSCYng">8383.296</dst>
            <dst id="LOSAng">16857.52</dst>
            <dst id="NYCMng">11259.704</dst>
            <dst id="SNVAng">1778.44</dst>
            <dst id="STTLng">5209.11733333333</dst>
            <dst id="WASHng">50844.8</dst>
        </src>
        <src id="CHINng">
            <dst id="ATLA-M5">3267.688</dst>
            <dst id="ATLAng">17098.696</dst>
            <dst id="CHINng">119941.813333333</dst>
            <dst id="DNVRng">18150.3626666667</dst>
            <dst id="HSTNng">48227.3253333333</dst>
            <dst id="IPLSng">64156.312</dst>
            <dst id="KSCYng">8245.112</dst>
            <dst id="LOSAng">48332.2106666667</dst>
            <dst id="NYCMng">23713.6346666667</dst>
            <dst id="SNVAng">1252.12533333333</dst>
            <dst id="STTLng">14249.2106666667</dst>
            <dst id="WASHng">36406.856</dst>
        </src>
        <src id="DNVRng">
            <dst id="ATLA-M5">146.701333333333</dst>
            <dst id="ATLAng">6311.192</dst>
            <dst id="CHINng">87094.8266666667</dst>
            <dst id="DNVRng">1937.73866666667</dst>
            <dst id="HSTNng">13911.8373333333</dst>
            <dst id="IPLSng">27716.4106666667</dst>
            <dst id="KSCYng">11258.2213333333</dst>
            <dst id="LOSAng">11606.0133333333</dst>
            <dst id="NYCMng">22265.7013333333</dst>
            <dst id="SNVAng">14486.136</dst>
            <dst id="STTLng">6398.712</dst>
            <dst id="WASHng">43414.3173333333</dst>
        </src>
        <src id="HSTNng">
            <dst id="ATLA-M5">1029.328</dst>
            <dst id="ATLAng">2392.74133333333</dst>
            <dst id="CHINng">23544.7253333333</dst>
            <dst id="DNVRng">1220.05333333333</dst>
            <dst id="HSTNng">3858.88533333333</dst>
            <dst id="IPLSng">18227.52</dst>
            <dst id="KSCYng">1694.288</dst>
            <dst id="LOSAng">5244.40533333333</dst>
            <dst id="NYCMng">6240.33066666666</dst>
            <dst id="SNVAng">2689.328</dst>
            <dst id="STTLng">3081.288</dst>
            <dst id="WASHng">12803.8026666667</dst>
        </src>
        <src id="IPLSng">
            <dst id="ATLA-M5">707.498666666667</dst>
            <dst id="ATLAng">15153.3226666667</dst>
            <dst id="CHINng">133314.722666667</dst>
            <dst id="DNVRng">19505.904</dst>
            <dst id="HSTNng">10650.816</dst>
            <dst id="IPLSng">25022.56</dst>
            <dst id="KSCYng">9594.95466666666</dst>
            <dst id="LOSAng">25281.392</dst>
            <dst id="NYCMng">93136.9653333334</dst>
            <dst id="SNVAng">1347.6</dst>
            <dst id="STTLng">15755.3333333333</dst>
            <dst id="WASHng">55589.912</dst>
        </src>
        <src id="KSCYng">
            <dst id="ATLA-M5">434.786666666667</dst>
            <dst id="ATLAng">4841.28533333333</dst>
            <dst id="CHINng">33647.8506666667</dst>
            <dst id="DNVRng">13654.1733333333</dst>
            <dst id="HSTNng">4432.624</dst>
            <dst id="IPLSng">12562.9066666667</dst>
            <dst id="KSCYng">6827.06933333333</dst>
            <dst id="LOSAng">3159.60533333333</dst>
            <dst id="NYCMng">7240.07466666667</dst>
            <dst id="SNVAng">123.928</dst>
            <dst id="STTLng">1975.36266666667</dst>
            <dst id="WASHng">24260.4373333333</dst>
        </src>
        <src id="LOSAng">
            <dst id="ATLA-M5">1170.65866666667</dst>
            <dst id="ATLAng">17039.4613333333</dst>
            <dst id="CHINng">97569.0853333333</dst>
            <dst id="DNVRng">6799.36266666667</dst>
            <dst id="HSTNng">37581.32</dst>
            <dst id="IPLSng">53817.5093333333</dst>
            <dst id="KSCYng">12905.6346666667</dst>
            <dst id="LOSAng">29790.7013333333</dst>
            <dst id="NYCMng">78622.5066666667</dst>
            <dst id="SNVAng">8132.49866666667</dst>
            <dst id="STTLng">31317.04</dst>
            <dst id="WASHng">97088.5973333333</dst>
        </src>
        <src id="NYCMng">
            <dst id="ATLA-M5">644.197333333333</dst>
            <dst id="ATLAng">17676.9786666667</dst>
            <dst id="CHINng">54963.3146666667</dst>
            <dst id="DNVRng">29251.528</dst>
            <dst id="HSTNng">19934.2426666667</dst>
            <dst id="IPLSng">73149.1146666667</dst>
            <dst id="KSCYng">15524.1786666667</dst>
            <dst id="LOSAng">48291.3946666667</dst>
            <dst id="NYCMng">211300.584</dst>
            <dst id="SNVAng">2854.87733333333</dst>
            <dst id="STTLng">28538.3893333333</dst>
            <dst id="WASHng">137174.477333333</dst>
        </src>
        <src id="SNVAng">
            <dst id="ATLA-M5">53.3333333333333</dst>
            <dst id="ATLAng">1675.68</dst>
            <dst id="CHINng">2139.85066666667</dst>
            <dst id="DNVRng">1558.024</dst>
            <dst id="HSTNng">392.845333333333</dst>
            <dst id="IPLSng">858.245333333334</dst>
            <dst id="KSCYng">195.530666666667</dst>
            <dst id="LOSAng">38005.9146666667</dst>
            <dst id="NYCMng">2170.66666666667</dst>
            <dst id="SNVAng">14659.3333333333</dst>
            <dst id="STTLng">55176.528</dst>
            <dst id="WASHng">80</dst>
        </src>
        <src id="STTLng">
            <dst id="ATLA-M5">241.690666666667</dst>
            <dst id="ATLAng">5368.176</dst>
            <dst id="CHINng">20168.3093333333</dst>
            <dst id="DNVRng">2124.38666666667</dst>
            <dst id="HSTNng">7716.52</dst>
            <dst id="IPLSng">5523.77066666667</dst>
            <dst id="KSCYng">2734.94666666667</dst>
            <dst id="LOSAng">15209.72</dst>
            <dst id="NYCMng">7520.18133333333</dst>
            <dst id="SNVAng">2352.616</dst>
            <dst id="STTLng">2980.20533333333</dst>
            <dst id="WASHng">17481.6933333333</dst>
        </src>
        <src id="WASHng">
            <dst id="ATLA-M5">501.602666666667</dst>
            <dst id="ATLAng">59282.3466666667</dst>
            <dst id="CHINng">63277.9733333333</dst>
            <dst id="DNVRng">48870.224</dst>
            <dst id="HSTNng">18308.0773333333</dst>
            <dst id="IPLSng">48063.352</dst>
            <dst id="KSCYng">11954.8213333333</dst>
            <dst id="LOSAng">94385.9306666667</dst>
            <dst id="NYCMng">144142.456</dst>
            <dst id="SNVAng">1150.808</dst>
            <dst id="STTLng">31351.1706666667</dst>
            <dst id="WASHng">241744.136</dst>
        </src>
    </IntraTM>
</TrafficMatrixFile>
