<?xml version="1.0" encoding="ISO-8859-1" standalone="yes"?>
<TrafficMatrixFile xsi:noNamespaceSchemaLocation="http://totem.run.montefiore.ulg.ac.be/Schema/TrafficMatrix-v1_2.xsd" xmlns:xsi="http://www.w3.org/2001/XMLSchema-instance">
    <IntraTM ASID="11537">
        <src id="ATLA-M5">
            <dst id="ATLA-M5">930.997333333333</dst>
            <dst id="ATLAng">298.256</dst>
            <dst id="CHINng">1369.69333333333</dst>
            <dst id="DNVRng">85.5226666666667</dst>
            <dst id="HSTNng">115.354666666667</dst>
            <dst id="IPLSng">2330.03733333333</dst>
            <dst id="KSCYng">26.6666666666667</dst>
            <dst id="LOSAng">291.896</dst>
            <dst id="NYCMng">92.8373333333333</dst>
            <dst id="SNVAng">152.005333333333</dst>
            <dst id="STTLng">285.216</dst>
            <dst id="WASHng">1078.712</dst>
        </src>
        <src id="ATLAng">
            <dst id="ATLA-M5">839.685333333333</dst>
            <dst id="ATLAng">33878.5946666667</dst>
            <dst id="CHINng">20321.5626666667</dst>
            <dst id="DNVRng">5241.84</dst>
            <dst id="HSTNng">4534.00533333333</dst>
            <dst id="IPLSng">25245.2106666667</dst>
            <dst id="KSCYng">2278.17066666667</dst>
            <dst id="LOSAng">19157.2506666667</dst>
            <dst id="NYCMng">9303.42133333333</dst>
            <dst id="SNVAng">535.050666666667</dst>
            <dst id="STTLng">6398.304</dst>
            <dst id="WASHng">39437.8</dst>
        </src>
        <src id="CHINng">
            <dst id="ATLA-M5">2449.06666666667</dst>
            <dst id="ATLAng">32689.536</dst>
            <dst id="CHINng">128745.946666667</dst>
            <dst id="DNVRng">17986.376</dst>
            <dst id="HSTNng">53812.0213333333</dst>
            <dst id="IPLSng">79843.0586666667</dst>
            <dst id="KSCYng">14126.4773333333</dst>
            <dst id="LOSAng">2026956.69333333</dst>
            <dst id="NYCMng">28640.0106666667</dst>
            <dst id="SNVAng">4845.26133333333</dst>
            <dst id="STTLng">12721.456</dst>
            <dst id="WASHng">26860.9813333333</dst>
        </src>
        <src id="DNVRng">
            <dst id="ATLA-M5">529.258666666667</dst>
            <dst id="ATLAng">5555.75733333333</dst>
            <dst id="CHINng">68794.904</dst>
            <dst id="DNVRng">14693.1333333333</dst>
            <dst id="HSTNng">16194.1253333333</dst>
            <dst id="IPLSng">31947.7573333333</dst>
            <dst id="KSCYng">18633.0826666667</dst>
            <dst id="LOSAng">8288.02133333333</dst>
            <dst id="NYCMng">26254.8506666667</dst>
            <dst id="SNVAng">8859.87733333333</dst>
            <dst id="STTLng">9864.01866666667</dst>
            <dst id="WASHng">46329.928</dst>
        </src>
        <src id="HSTNng">
            <dst id="ATLA-M5">3106.93333333333</dst>
            <dst id="ATLAng">8029.75466666667</dst>
            <dst id="CHINng">21680.2293333333</dst>
            <dst id="DNVRng">5940.71733333333</dst>
            <dst id="HSTNng">8138.78133333333</dst>
            <dst id="IPLSng">9527.35733333333</dst>
            <dst id="KSCYng">7339.61333333333</dst>
            <dst id="LOSAng">5452.83466666667</dst>
            <dst id="NYCMng">8351.61066666667</dst>
            <dst id="SNVAng">488.858666666667</dst>
            <dst id="STTLng">2237.74666666667</dst>
            <dst id="WASHng">15718.1733333333</dst>
        </src>
        <src id="IPLSng">
            <dst id="ATLA-M5">596.672</dst>
            <dst id="ATLAng">19523.352</dst>
            <dst id="CHINng">131297.210666667</dst>
            <dst id="DNVRng">23495.1893333333</dst>
            <dst id="HSTNng">9380.56</dst>
            <dst id="IPLSng">21662.808</dst>
            <dst id="KSCYng">12495.568</dst>
            <dst id="LOSAng">44249.6453333333</dst>
            <dst id="NYCMng">65323.904</dst>
            <dst id="SNVAng">1104.24266666667</dst>
            <dst id="STTLng">12514.9093333333</dst>
            <dst id="WASHng">51631.3706666667</dst>
        </src>
        <src id="KSCYng">
            <dst id="ATLA-M5">263.112</dst>
            <dst id="ATLAng">2174.21333333333</dst>
            <dst id="CHINng">30386.3306666667</dst>
            <dst id="DNVRng">11385.048</dst>
            <dst id="HSTNng">4091.11733333333</dst>
            <dst id="IPLSng">15330.7813333333</dst>
            <dst id="KSCYng">12522.7546666667</dst>
            <dst id="LOSAng">12794.288</dst>
            <dst id="NYCMng">8382.05066666667</dst>
            <dst id="SNVAng">798.52</dst>
            <dst id="STTLng">951.954666666667</dst>
            <dst id="WASHng">15626.2293333333</dst>
        </src>
        <src id="LOSAng">
            <dst id="ATLA-M5">2423.52266666667</dst>
            <dst id="ATLAng">21972.9653333333</dst>
            <dst id="CHINng">1102732.69333333</dst>
            <dst id="DNVRng">13559.712</dst>
            <dst id="HSTNng">20521.3066666667</dst>
            <dst id="IPLSng">43727.6693333333</dst>
            <dst id="KSCYng">15459.344</dst>
            <dst id="LOSAng">10031.04</dst>
            <dst id="NYCMng">83564.8</dst>
            <dst id="SNVAng">12790.8666666667</dst>
            <dst id="STTLng">41370.7706666667</dst>
            <dst id="WASHng">119730.178666667</dst>
        </src>
        <src id="NYCMng">
            <dst id="ATLA-M5">2050.38133333333</dst>
            <dst id="ATLAng">25443.7866666667</dst>
            <dst id="CHINng">45669.2586666667</dst>
            <dst id="DNVRng">41997.4293333333</dst>
            <dst id="HSTNng">17555.5893333333</dst>
            <dst id="IPLSng">54269.128</dst>
            <dst id="KSCYng">28672.8346666667</dst>
            <dst id="LOSAng">65271.7466666667</dst>
            <dst id="NYCMng">215955.413333333</dst>
            <dst id="SNVAng">7911.42933333333</dst>
            <dst id="STTLng">16988.5706666667</dst>
            <dst id="WASHng">149238.474666667</dst>
        </src>
        <src id="SNVAng">
            <dst id="ATLA-M5">29.4293333333333</dst>
            <dst id="ATLAng">295.829333333333</dst>
            <dst id="CHINng">1993.712</dst>
            <dst id="DNVRng">4727.816</dst>
            <dst id="HSTNng">419.661333333333</dst>
            <dst id="IPLSng">2940.90933333333</dst>
            <dst id="KSCYng">631.792</dst>
            <dst id="LOSAng">31890.2666666667</dst>
            <dst id="NYCMng">897.530666666667</dst>
            <dst id="SNVAng">12520.5253333333</dst>
            <dst id="STTLng">51602.792</dst>
            <dst id="WASHng">604.594666666667</dst>
        </src>
        <src id="STTLng">
            <dst id="ATLA-M5">372.704</dst>
            <dst id="ATLAng">9709.128</dst>
            <dst id="CHINng">22462.784</dst>
            <dst id="DNVRng">7649.584</dst>
            <dst id="HSTNng">11788.648</dst>
            <dst id="IPLSng">13620.8346666667</dst>
            <dst id="KSCYng">6935.496</dst>
            <dst id="LOSAng">20919.664</dst>
            <dst id="NYCMng">7269.08</dst>
            <dst id="SNVAng">4355.432</dst>
            <dst id="STTLng">6736.77066666667</dst>
            <dst id="WASHng">11635.992</dst>
        </src>
        <src id="WASHng">
            <dst id="ATLA-M5">1464.37066666667</dst>
            <dst id="ATLAng">211014.944</dst>
            <dst id="CHINng">90971.24</dst>
            <dst id="DNVRng">65002.4773333333</dst>
            <dst id="HSTNng">20310.6373333333</dst>
            <dst id="IPLSng">68222.0773333333</dst>
            <dst id="KSCYng">17423.1653333333</dst>
            <dst id="LOSAng">111807.066666667</dst>
            <dst id="NYCMng">184075.722666667</dst>
            <dst id="SNVAng">2166.83466666667</dst>
            <dst id="STTLng">40385.5893333333</dst>
            <dst id="WASHng">235474.802666667</dst>
        </src>
    </IntraTM>
</TrafficMatrixFile>
