<?xml version="1.0" encoding="ISO-8859-1" standalone="yes"?>
<TrafficMatrixFile xsi:noNamespaceSchemaLocation="http://totem.run.montefiore.ulg.ac.be/Schema/TrafficMatrix-v1_2.xsd" xmlns:xsi="http://www.w3.org/2001/XMLSchema-instance">
    <IntraTM ASID="11537">
        <src id="ATLA-M5">
            <dst id="ATLA-M5">26.6666666666667</dst>
            <dst id="ATLAng">87.1706666666666</dst>
            <dst id="CHINng">267.074666666667</dst>
            <dst id="DNVRng">53.3333333333333</dst>
            <dst id="HSTNng">163.528</dst>
            <dst id="IPLSng">734.234666666667</dst>
            <dst id="KSCYng">290.741333333333</dst>
            <dst id="LOSAng">294.397333333333</dst>
            <dst id="NYCMng">238.666666666667</dst>
            <dst id="SNVAng">26.6666666666667</dst>
            <dst id="STTLng">164.917333333333</dst>
            <dst id="WASHng">232.074666666667</dst>
        </src>
        <src id="ATLAng">
            <dst id="ATLA-M5">164.968</dst>
            <dst id="ATLAng">21841.9493333333</dst>
            <dst id="CHINng">19014.3653333333</dst>
            <dst id="DNVRng">4720.63466666667</dst>
            <dst id="HSTNng">5344.112</dst>
            <dst id="IPLSng">18842.9386666667</dst>
            <dst id="KSCYng">2566.00533333333</dst>
            <dst id="LOSAng">19157.0533333333</dst>
            <dst id="NYCMng">5045.08266666667</dst>
            <dst id="SNVAng">702.84</dst>
            <dst id="STTLng">4501.616</dst>
            <dst id="WASHng">36110.184</dst>
        </src>
        <src id="CHINng">
            <dst id="ATLA-M5">646.546666666667</dst>
            <dst id="ATLAng">13494.92</dst>
            <dst id="CHINng">96047.5786666667</dst>
            <dst id="DNVRng">24693.3226666667</dst>
            <dst id="HSTNng">61511.7013333333</dst>
            <dst id="IPLSng">61100.5146666667</dst>
            <dst id="KSCYng">28596.4826666667</dst>
            <dst id="LOSAng">2050293.73333333</dst>
            <dst id="NYCMng">22972.272</dst>
            <dst id="SNVAng">3197.25333333333</dst>
            <dst id="STTLng">11164.6986666667</dst>
            <dst id="WASHng">34791.7866666667</dst>
        </src>
        <src id="DNVRng">
            <dst id="ATLA-M5">390.472</dst>
            <dst id="ATLAng">7035.168</dst>
            <dst id="CHINng">71697.904</dst>
            <dst id="DNVRng">14851.168</dst>
            <dst id="HSTNng">13041.6906666667</dst>
            <dst id="IPLSng">36269.3786666667</dst>
            <dst id="KSCYng">13179.9626666667</dst>
            <dst id="LOSAng">12159.08</dst>
            <dst id="NYCMng">17807.456</dst>
            <dst id="SNVAng">10676.8213333333</dst>
            <dst id="STTLng">10036.2133333333</dst>
            <dst id="WASHng">46298.656</dst>
        </src>
        <src id="HSTNng">
            <dst id="ATLA-M5">3090.35733333333</dst>
            <dst id="ATLAng">2929.94133333333</dst>
            <dst id="CHINng">21663.296</dst>
            <dst id="DNVRng">2475.97066666667</dst>
            <dst id="HSTNng">4528.23466666667</dst>
            <dst id="IPLSng">11060.4506666667</dst>
            <dst id="KSCYng">4049.232</dst>
            <dst id="LOSAng">9827.18666666667</dst>
            <dst id="NYCMng">8568.616</dst>
            <dst id="SNVAng">1572.59466666667</dst>
            <dst id="STTLng">3770.90666666667</dst>
            <dst id="WASHng">6043.84</dst>
        </src>
        <src id="IPLSng">
            <dst id="ATLA-M5">692.541333333333</dst>
            <dst id="ATLAng">15610.824</dst>
            <dst id="CHINng">115574.629333333</dst>
            <dst id="DNVRng">37184.6586666667</dst>
            <dst id="HSTNng">8748.78933333334</dst>
            <dst id="IPLSng">15966.0853333333</dst>
            <dst id="KSCYng">7547.06666666666</dst>
            <dst id="LOSAng">65698.6906666666</dst>
            <dst id="NYCMng">69864.2026666666</dst>
            <dst id="SNVAng">2276.00533333333</dst>
            <dst id="STTLng">8604.80533333333</dst>
            <dst id="WASHng">38425.08</dst>
        </src>
        <src id="KSCYng">
            <dst id="ATLA-M5">344.613333333333</dst>
            <dst id="ATLAng">4126.328</dst>
            <dst id="CHINng">23429.9866666667</dst>
            <dst id="DNVRng">9775.80533333333</dst>
            <dst id="HSTNng">4290.46133333333</dst>
            <dst id="IPLSng">16221.864</dst>
            <dst id="KSCYng">5124.59466666667</dst>
            <dst id="LOSAng">7227.176</dst>
            <dst id="NYCMng">5708.824</dst>
            <dst id="SNVAng">2071.10133333333</dst>
            <dst id="STTLng">1644.46133333333</dst>
            <dst id="WASHng">15259.3973333333</dst>
        </src>
        <src id="LOSAng">
            <dst id="ATLA-M5">1469.68266666667</dst>
            <dst id="ATLAng">17481.5066666667</dst>
            <dst id="CHINng">1073242</dst>
            <dst id="DNVRng">13547.864</dst>
            <dst id="HSTNng">6806.64</dst>
            <dst id="IPLSng">44899.7413333333</dst>
            <dst id="KSCYng">10099.0346666667</dst>
            <dst id="LOSAng">14376.3546666667</dst>
            <dst id="NYCMng">78720.184</dst>
            <dst id="SNVAng">11043.3093333333</dst>
            <dst id="STTLng">21478.8373333333</dst>
            <dst id="WASHng">81837.9706666667</dst>
        </src>
        <src id="NYCMng">
            <dst id="ATLA-M5">1027.744</dst>
            <dst id="ATLAng">22160.496</dst>
            <dst id="CHINng">57951.5973333333</dst>
            <dst id="DNVRng">35986.632</dst>
            <dst id="HSTNng">20575.48</dst>
            <dst id="IPLSng">58626.3706666667</dst>
            <dst id="KSCYng">15719.7493333333</dst>
            <dst id="LOSAng">66082.7013333333</dst>
            <dst id="NYCMng">172270.005333333</dst>
            <dst id="SNVAng">5286.67466666667</dst>
            <dst id="STTLng">37346.7786666667</dst>
            <dst id="WASHng">151234.701333333</dst>
        </src>
        <src id="SNVAng">
            <dst id="ATLA-M5">70.1493333333333</dst>
            <dst id="ATLAng">36.4346666666667</dst>
            <dst id="CHINng">3581.08533333333</dst>
            <dst id="DNVRng">5769.36533333333</dst>
            <dst id="HSTNng">848.421333333333</dst>
            <dst id="IPLSng">644.330666666667</dst>
            <dst id="KSCYng">4802.54666666667</dst>
            <dst id="LOSAng">36546.04</dst>
            <dst id="NYCMng">842.954666666667</dst>
            <dst id="SNVAng">13056.0666666667</dst>
            <dst id="STTLng">48392.1493333333</dst>
            <dst id="WASHng">374.32</dst>
        </src>
        <src id="STTLng">
            <dst id="ATLA-M5">815.866666666667</dst>
            <dst id="ATLAng">8796.112</dst>
            <dst id="CHINng">13874.8293333333</dst>
            <dst id="DNVRng">4559.88266666667</dst>
            <dst id="HSTNng">9108.89066666667</dst>
            <dst id="IPLSng">7217.62933333333</dst>
            <dst id="KSCYng">9698.24533333334</dst>
            <dst id="LOSAng">19262.7173333333</dst>
            <dst id="NYCMng">5465.56533333333</dst>
            <dst id="SNVAng">4240</dst>
            <dst id="STTLng">2709.704</dst>
            <dst id="WASHng">8761.12533333333</dst>
        </src>
        <src id="WASHng">
            <dst id="ATLA-M5">1687.53866666667</dst>
            <dst id="ATLAng">52126.104</dst>
            <dst id="CHINng">67734.0213333334</dst>
            <dst id="DNVRng">47316.5626666667</dst>
            <dst id="HSTNng">18415.8666666667</dst>
            <dst id="IPLSng">59237.9733333333</dst>
            <dst id="KSCYng">39030.288</dst>
            <dst id="LOSAng">125405.856</dst>
            <dst id="NYCMng">184029.093333333</dst>
            <dst id="SNVAng">3608.216</dst>
            <dst id="STTLng">34314.2133333333</dst>
            <dst id="WASHng">270670.293333333</dst>
        </src>
    </IntraTM>
</TrafficMatrixFile>
