<?xml version="1.0" encoding="ISO-8859-1" standalone="yes"?>
<TrafficMatrixFile xsi:noNamespaceSchemaLocation="http://totem.run.montefiore.ulg.ac.be/Schema/TrafficMatrix-v1_2.xsd" xmlns:xsi="http://www.w3.org/2001/XMLSchema-instance">
    <IntraTM ASID="11537">
        <src id="ATLA-M5">
            <dst id="ATLA-M5">26.6666666666667</dst>
            <dst id="ATLAng">741.365333333333</dst>
            <dst id="CHINng">263.629333333333</dst>
            <dst id="DNVRng">26.6666666666667</dst>
            <dst id="HSTNng">26.6666666666667</dst>
            <dst id="IPLSng">480.450666666667</dst>
            <dst id="KSCYng">146.944</dst>
            <dst id="LOSAng">283.698666666667</dst>
            <dst id="NYCMng">93.656</dst>
            <dst id="SNVAng">0</dst>
            <dst id="STTLng">53.3333333333333</dst>
            <dst id="WASHng">443.493333333333</dst>
        </src>
        <src id="ATLAng">
            <dst id="ATLA-M5">361.696</dst>
            <dst id="ATLAng">21645.8133333333</dst>
            <dst id="CHINng">17831.9546666667</dst>
            <dst id="DNVRng">12551.2666666667</dst>
            <dst id="HSTNng">10322.72</dst>
            <dst id="IPLSng">18425.032</dst>
            <dst id="KSCYng">3327.63466666667</dst>
            <dst id="LOSAng">17056.6933333333</dst>
            <dst id="NYCMng">9398.79466666666</dst>
            <dst id="SNVAng">161.581333333333</dst>
            <dst id="STTLng">4544.85866666667</dst>
            <dst id="WASHng">60423.2773333333</dst>
        </src>
        <src id="CHINng">
            <dst id="ATLA-M5">2805.57866666667</dst>
            <dst id="ATLAng">17961.7226666667</dst>
            <dst id="CHINng">107658.930666667</dst>
            <dst id="DNVRng">28164.2453333333</dst>
            <dst id="HSTNng">42954.1893333333</dst>
            <dst id="IPLSng">62542.688</dst>
            <dst id="KSCYng">10271.792</dst>
            <dst id="LOSAng">41775.7893333333</dst>
            <dst id="NYCMng">26055.7466666667</dst>
            <dst id="SNVAng">1310.98133333333</dst>
            <dst id="STTLng">18932.9173333333</dst>
            <dst id="WASHng">28236.3173333333</dst>
        </src>
        <src id="DNVRng">
            <dst id="ATLA-M5">2253.664</dst>
            <dst id="ATLAng">3754.21866666667</dst>
            <dst id="CHINng">78609.5093333333</dst>
            <dst id="DNVRng">7515.76266666667</dst>
            <dst id="HSTNng">13847.5386666667</dst>
            <dst id="IPLSng">24937.68</dst>
            <dst id="KSCYng">16396.2773333333</dst>
            <dst id="LOSAng">10107.6133333333</dst>
            <dst id="NYCMng">16873.152</dst>
            <dst id="SNVAng">17743.3386666667</dst>
            <dst id="STTLng">9743.328</dst>
            <dst id="WASHng">43585.4293333333</dst>
        </src>
        <src id="HSTNng">
            <dst id="ATLA-M5">305.32</dst>
            <dst id="ATLAng">1954.37066666667</dst>
            <dst id="CHINng">21396.9546666667</dst>
            <dst id="DNVRng">1721.03733333333</dst>
            <dst id="HSTNng">3413.352</dst>
            <dst id="IPLSng">11597.1706666667</dst>
            <dst id="KSCYng">1270.55733333333</dst>
            <dst id="LOSAng">3607.024</dst>
            <dst id="NYCMng">6312.656</dst>
            <dst id="SNVAng">1547.544</dst>
            <dst id="STTLng">1816.68266666667</dst>
            <dst id="WASHng">5941.4</dst>
        </src>
        <src id="IPLSng">
            <dst id="ATLA-M5">454.104</dst>
            <dst id="ATLAng">17237.112</dst>
            <dst id="CHINng">142146.114666667</dst>
            <dst id="DNVRng">17932.728</dst>
            <dst id="HSTNng">11670.536</dst>
            <dst id="IPLSng">19480.7946666667</dst>
            <dst id="KSCYng">9031.15733333333</dst>
            <dst id="LOSAng">24809.2933333333</dst>
            <dst id="NYCMng">99910.6266666667</dst>
            <dst id="SNVAng">984.634666666667</dst>
            <dst id="STTLng">9715.66933333334</dst>
            <dst id="WASHng">55882.4</dst>
        </src>
        <src id="KSCYng">
            <dst id="ATLA-M5">120.162666666667</dst>
            <dst id="ATLAng">4484.53066666667</dst>
            <dst id="CHINng">29295.2853333333</dst>
            <dst id="DNVRng">11286.568</dst>
            <dst id="HSTNng">3930.616</dst>
            <dst id="IPLSng">18111.9813333333</dst>
            <dst id="KSCYng">5832.05333333333</dst>
            <dst id="LOSAng">3316.32</dst>
            <dst id="NYCMng">6431.38133333333</dst>
            <dst id="SNVAng">64.64</dst>
            <dst id="STTLng">1855.216</dst>
            <dst id="WASHng">16078.376</dst>
        </src>
        <src id="LOSAng">
            <dst id="ATLA-M5">973.069333333333</dst>
            <dst id="ATLAng">14779.688</dst>
            <dst id="CHINng">81371.28</dst>
            <dst id="DNVRng">5927.904</dst>
            <dst id="HSTNng">31324</dst>
            <dst id="IPLSng">53883.152</dst>
            <dst id="KSCYng">9881.08266666667</dst>
            <dst id="LOSAng">22349.208</dst>
            <dst id="NYCMng">74172.792</dst>
            <dst id="SNVAng">9535.89866666667</dst>
            <dst id="STTLng">29399.7173333333</dst>
            <dst id="WASHng">90516.48</dst>
        </src>
        <src id="NYCMng">
            <dst id="ATLA-M5">1288.54666666667</dst>
            <dst id="ATLAng">22766.1306666667</dst>
            <dst id="CHINng">49526.4293333333</dst>
            <dst id="DNVRng">27012.704</dst>
            <dst id="HSTNng">14887.9493333333</dst>
            <dst id="IPLSng">54150.128</dst>
            <dst id="KSCYng">17213.376</dst>
            <dst id="LOSAng">44052.0533333333</dst>
            <dst id="NYCMng">223520.173333333</dst>
            <dst id="SNVAng">2790.18933333333</dst>
            <dst id="STTLng">30128.9706666667</dst>
            <dst id="WASHng">134254.226666667</dst>
        </src>
        <src id="SNVAng">
            <dst id="ATLA-M5">153.973333333333</dst>
            <dst id="ATLAng">1118.91466666667</dst>
            <dst id="CHINng">2208.216</dst>
            <dst id="DNVRng">4215.104</dst>
            <dst id="HSTNng">120.896</dst>
            <dst id="IPLSng">1843.712</dst>
            <dst id="KSCYng">87.9466666666667</dst>
            <dst id="LOSAng">35971.9973333333</dst>
            <dst id="NYCMng">637.013333333333</dst>
            <dst id="SNVAng">15350.2906666667</dst>
            <dst id="STTLng">54112.5626666667</dst>
            <dst id="WASHng">431.226666666667</dst>
        </src>
        <src id="STTLng">
            <dst id="ATLA-M5">196.949333333333</dst>
            <dst id="ATLAng">5428.26666666667</dst>
            <dst id="CHINng">22309.264</dst>
            <dst id="DNVRng">1737.64266666667</dst>
            <dst id="HSTNng">2526.47733333333</dst>
            <dst id="IPLSng">5075.97066666667</dst>
            <dst id="KSCYng">2178.704</dst>
            <dst id="LOSAng">15163.848</dst>
            <dst id="NYCMng">6898.544</dst>
            <dst id="SNVAng">1995.336</dst>
            <dst id="STTLng">4910.10933333333</dst>
            <dst id="WASHng">14841.9893333333</dst>
        </src>
        <src id="WASHng">
            <dst id="ATLA-M5">595.149333333333</dst>
            <dst id="ATLAng">90426.5253333333</dst>
            <dst id="CHINng">70645.3573333333</dst>
            <dst id="DNVRng">58881.864</dst>
            <dst id="HSTNng">8170.70666666667</dst>
            <dst id="IPLSng">56145.008</dst>
            <dst id="KSCYng">11156.48</dst>
            <dst id="LOSAng">98162.1733333333</dst>
            <dst id="NYCMng">174716.285333333</dst>
            <dst id="SNVAng">1191.952</dst>
            <dst id="STTLng">25324.056</dst>
            <dst id="WASHng">194548.109333333</dst>
        </src>
    </IntraTM>
</TrafficMatrixFile>
