<?xml version="1.0" encoding="ISO-8859-1" standalone="yes"?>
<TrafficMatrixFile xsi:noNamespaceSchemaLocation="http://totem.run.montefiore.ulg.ac.be/Schema/TrafficMatrix-v1_2.xsd" xmlns:xsi="http://www.w3.org/2001/XMLSchema-instance">
    <IntraTM ASID="11537">
        <src id="ATLA-M5">
            <dst id="ATLA-M5">85.4106666666667</dst>
            <dst id="ATLAng">90.7973333333333</dst>
            <dst id="CHINng">542.6</dst>
            <dst id="DNVRng">97.176</dst>
            <dst id="HSTNng">106.666666666667</dst>
            <dst id="IPLSng">485.224</dst>
            <dst id="KSCYng">862.330666666667</dst>
            <dst id="LOSAng">403.616</dst>
            <dst id="NYCMng">834.976</dst>
            <dst id="SNVAng">26.6666666666667</dst>
            <dst id="STTLng">450.304</dst>
            <dst id="WASHng">1575.81333333333</dst>
        </src>
        <src id="ATLAng">
            <dst id="ATLA-M5">595</dst>
            <dst id="ATLAng">23942.7866666667</dst>
            <dst id="CHINng">24453.76</dst>
            <dst id="DNVRng">5710.24</dst>
            <dst id="HSTNng">2821.784</dst>
            <dst id="IPLSng">22687.8026666667</dst>
            <dst id="KSCYng">5556.64</dst>
            <dst id="LOSAng">23969.736</dst>
            <dst id="NYCMng">9941.376</dst>
            <dst id="SNVAng">1871.432</dst>
            <dst id="STTLng">12842.904</dst>
            <dst id="WASHng">40444.688</dst>
        </src>
        <src id="CHINng">
            <dst id="ATLA-M5">901.248</dst>
            <dst id="ATLAng">70843.5173333333</dst>
            <dst id="CHINng">89781.6186666667</dst>
            <dst id="DNVRng">25865.8613333333</dst>
            <dst id="HSTNng">50647.8693333333</dst>
            <dst id="IPLSng">70550.3333333333</dst>
            <dst id="KSCYng">24567.136</dst>
            <dst id="LOSAng">81691.6</dst>
            <dst id="NYCMng">23496.2106666667</dst>
            <dst id="SNVAng">5395.93866666667</dst>
            <dst id="STTLng">13005.8266666667</dst>
            <dst id="WASHng">29036.68</dst>
        </src>
        <src id="DNVRng">
            <dst id="ATLA-M5">350.432</dst>
            <dst id="ATLAng">5829.79733333333</dst>
            <dst id="CHINng">66959.1146666667</dst>
            <dst id="DNVRng">11063.1813333333</dst>
            <dst id="HSTNng">11926.8133333333</dst>
            <dst id="IPLSng">30123.4293333333</dst>
            <dst id="KSCYng">20574.0613333333</dst>
            <dst id="LOSAng">19413.032</dst>
            <dst id="NYCMng">21404.0133333333</dst>
            <dst id="SNVAng">11052.2906666667</dst>
            <dst id="STTLng">10243.5306666667</dst>
            <dst id="WASHng">59578.4106666667</dst>
        </src>
        <src id="HSTNng">
            <dst id="ATLA-M5">423.661333333333</dst>
            <dst id="ATLAng">6222.32</dst>
            <dst id="CHINng">31427.296</dst>
            <dst id="DNVRng">4999.14933333333</dst>
            <dst id="HSTNng">12673.2986666667</dst>
            <dst id="IPLSng">5252.38133333333</dst>
            <dst id="KSCYng">3713.896</dst>
            <dst id="LOSAng">9216.304</dst>
            <dst id="NYCMng">5934.352</dst>
            <dst id="SNVAng">2442.63466666667</dst>
            <dst id="STTLng">2010.41066666667</dst>
            <dst id="WASHng">6441.80266666667</dst>
        </src>
        <src id="IPLSng">
            <dst id="ATLA-M5">419.282666666667</dst>
            <dst id="ATLAng">29552.52</dst>
            <dst id="CHINng">118767.08</dst>
            <dst id="DNVRng">14904.4293333333</dst>
            <dst id="HSTNng">13337.6453333333</dst>
            <dst id="IPLSng">27812.3786666667</dst>
            <dst id="KSCYng">22029.688</dst>
            <dst id="LOSAng">51064.9413333333</dst>
            <dst id="NYCMng">61211.064</dst>
            <dst id="SNVAng">4141.93066666667</dst>
            <dst id="STTLng">21169.7866666667</dst>
            <dst id="WASHng">54330.792</dst>
        </src>
        <src id="KSCYng">
            <dst id="ATLA-M5">372.741333333333</dst>
            <dst id="ATLAng">4878.984</dst>
            <dst id="CHINng">28799.8506666667</dst>
            <dst id="DNVRng">16274.1866666667</dst>
            <dst id="HSTNng">5087.97333333333</dst>
            <dst id="IPLSng">18046.096</dst>
            <dst id="KSCYng">7152.24533333333</dst>
            <dst id="LOSAng">7694.776</dst>
            <dst id="NYCMng">7134.06133333333</dst>
            <dst id="SNVAng">1677.33866666667</dst>
            <dst id="STTLng">3527.904</dst>
            <dst id="WASHng">22836.8693333333</dst>
        </src>
        <src id="LOSAng">
            <dst id="ATLA-M5">1954.34133333333</dst>
            <dst id="ATLAng">20125.4773333333</dst>
            <dst id="CHINng">95232.0213333333</dst>
            <dst id="DNVRng">14684.4826666667</dst>
            <dst id="HSTNng">6735.664</dst>
            <dst id="IPLSng">44380.1893333333</dst>
            <dst id="KSCYng">14138.1146666667</dst>
            <dst id="LOSAng">13139.304</dst>
            <dst id="NYCMng">70302.6426666667</dst>
            <dst id="SNVAng">9775.46933333333</dst>
            <dst id="STTLng">29923.744</dst>
            <dst id="WASHng">159980.237333333</dst>
        </src>
        <src id="NYCMng">
            <dst id="ATLA-M5">1697.87466666667</dst>
            <dst id="ATLAng">46139.0533333333</dst>
            <dst id="CHINng">71580.44</dst>
            <dst id="DNVRng">39890.368</dst>
            <dst id="HSTNng">15965.984</dst>
            <dst id="IPLSng">78920.3786666667</dst>
            <dst id="KSCYng">21374.8613333333</dst>
            <dst id="LOSAng">96028.3893333333</dst>
            <dst id="NYCMng">195728.813333333</dst>
            <dst id="SNVAng">10206.7973333333</dst>
            <dst id="STTLng">22758.128</dst>
            <dst id="WASHng">133204.96</dst>
        </src>
        <src id="SNVAng">
            <dst id="ATLA-M5">0</dst>
            <dst id="ATLAng">907.621333333333</dst>
            <dst id="CHINng">1676.696</dst>
            <dst id="DNVRng">19687.8</dst>
            <dst id="HSTNng">460.741333333333</dst>
            <dst id="IPLSng">6686.744</dst>
            <dst id="KSCYng">4813.76533333333</dst>
            <dst id="LOSAng">68022.3653333333</dst>
            <dst id="NYCMng">1137.90666666667</dst>
            <dst id="SNVAng">20910.288</dst>
            <dst id="STTLng">61941.328</dst>
            <dst id="WASHng">1253.64533333333</dst>
        </src>
        <src id="STTLng">
            <dst id="ATLA-M5">245.754666666667</dst>
            <dst id="ATLAng">10009.9333333333</dst>
            <dst id="CHINng">18889.048</dst>
            <dst id="DNVRng">2990.392</dst>
            <dst id="HSTNng">8510.69333333333</dst>
            <dst id="IPLSng">11690.3573333333</dst>
            <dst id="KSCYng">6519.976</dst>
            <dst id="LOSAng">36350.816</dst>
            <dst id="NYCMng">10582.3893333333</dst>
            <dst id="SNVAng">3736.264</dst>
            <dst id="STTLng">4351.45866666667</dst>
            <dst id="WASHng">11175.5813333333</dst>
        </src>
        <src id="WASHng">
            <dst id="ATLA-M5">2481.83466666667</dst>
            <dst id="ATLAng">81077.9546666667</dst>
            <dst id="CHINng">79505.6293333334</dst>
            <dst id="DNVRng">55783.3253333333</dst>
            <dst id="HSTNng">37835.512</dst>
            <dst id="IPLSng">50285.0026666667</dst>
            <dst id="KSCYng">25214.1813333333</dst>
            <dst id="LOSAng">125906.813333333</dst>
            <dst id="NYCMng">173741.354666667</dst>
            <dst id="SNVAng">7875.13866666667</dst>
            <dst id="STTLng">24956.6053333333</dst>
            <dst id="WASHng">262680.434666667</dst>
        </src>
    </IntraTM>
</TrafficMatrixFile>
