<?xml version="1.0" encoding="ISO-8859-1" standalone="yes"?>
<TrafficMatrixFile xsi:noNamespaceSchemaLocation="http://totem.run.montefiore.ulg.ac.be/Schema/TrafficMatrix-v1_2.xsd" xmlns:xsi="http://www.w3.org/2001/XMLSchema-instance">
    <IntraTM ASID="11537">
        <src id="ATLA-M5">
            <dst id="ATLA-M5">54.4853333333333</dst>
            <dst id="ATLAng">143.330666666667</dst>
            <dst id="CHINng">454.034666666667</dst>
            <dst id="DNVRng">201.581333333333</dst>
            <dst id="HSTNng">227.298666666667</dst>
            <dst id="IPLSng">169.594666666667</dst>
            <dst id="KSCYng">165.64</dst>
            <dst id="LOSAng">526.909333333333</dst>
            <dst id="NYCMng">238.677333333333</dst>
            <dst id="SNVAng">172.450666666667</dst>
            <dst id="STTLng">0</dst>
            <dst id="WASHng">376.352</dst>
        </src>
        <src id="ATLAng">
            <dst id="ATLA-M5">112.474666666667</dst>
            <dst id="ATLAng">24951.5866666667</dst>
            <dst id="CHINng">18435.8853333333</dst>
            <dst id="DNVRng">5940.296</dst>
            <dst id="HSTNng">6048.152</dst>
            <dst id="IPLSng">26497.224</dst>
            <dst id="KSCYng">2497.608</dst>
            <dst id="LOSAng">18585.7226666667</dst>
            <dst id="NYCMng">12200.536</dst>
            <dst id="SNVAng">809.272</dst>
            <dst id="STTLng">5269.58666666667</dst>
            <dst id="WASHng">37610.0373333333</dst>
        </src>
        <src id="CHINng">
            <dst id="ATLA-M5">1486.02666666667</dst>
            <dst id="ATLAng">28496.4373333333</dst>
            <dst id="CHINng">90756.0026666667</dst>
            <dst id="DNVRng">12773.872</dst>
            <dst id="HSTNng">50211.2613333333</dst>
            <dst id="IPLSng">52553.5413333333</dst>
            <dst id="KSCYng">10642.4373333333</dst>
            <dst id="LOSAng">55559.504</dst>
            <dst id="NYCMng">19048.448</dst>
            <dst id="SNVAng">2761.312</dst>
            <dst id="STTLng">16222.3626666667</dst>
            <dst id="WASHng">30125.488</dst>
        </src>
        <src id="DNVRng">
            <dst id="ATLA-M5">166.717333333333</dst>
            <dst id="ATLAng">6327.44</dst>
            <dst id="CHINng">63915.096</dst>
            <dst id="DNVRng">37253.2586666667</dst>
            <dst id="HSTNng">13603.056</dst>
            <dst id="IPLSng">25818.272</dst>
            <dst id="KSCYng">25746.448</dst>
            <dst id="LOSAng">6964.65333333333</dst>
            <dst id="NYCMng">20831.9653333333</dst>
            <dst id="SNVAng">12239.6026666667</dst>
            <dst id="STTLng">15397.0426666667</dst>
            <dst id="WASHng">43877.8346666667</dst>
        </src>
        <src id="HSTNng">
            <dst id="ATLA-M5">6612.59733333333</dst>
            <dst id="ATLAng">2675.232</dst>
            <dst id="CHINng">16382.8506666667</dst>
            <dst id="DNVRng">2197.62933333333</dst>
            <dst id="HSTNng">7130.032</dst>
            <dst id="IPLSng">6306.424</dst>
            <dst id="KSCYng">2228.032</dst>
            <dst id="LOSAng">6486.856</dst>
            <dst id="NYCMng">3518.96</dst>
            <dst id="SNVAng">2128.74933333333</dst>
            <dst id="STTLng">2234.648</dst>
            <dst id="WASHng">16786.704</dst>
        </src>
        <src id="IPLSng">
            <dst id="ATLA-M5">663.866666666667</dst>
            <dst id="ATLAng">23901.5546666667</dst>
            <dst id="CHINng">97400.4586666667</dst>
            <dst id="DNVRng">17326.4773333333</dst>
            <dst id="HSTNng">6045.76</dst>
            <dst id="IPLSng">15849.8773333333</dst>
            <dst id="KSCYng">8464.73066666667</dst>
            <dst id="LOSAng">37996.3653333333</dst>
            <dst id="NYCMng">25965.752</dst>
            <dst id="SNVAng">2781.392</dst>
            <dst id="STTLng">10073.1066666667</dst>
            <dst id="WASHng">33598.6506666667</dst>
        </src>
        <src id="KSCYng">
            <dst id="ATLA-M5">142.125333333333</dst>
            <dst id="ATLAng">2618.04533333333</dst>
            <dst id="CHINng">25229.2666666667</dst>
            <dst id="DNVRng">13116.6986666667</dst>
            <dst id="HSTNng">4190.584</dst>
            <dst id="IPLSng">10926.6586666667</dst>
            <dst id="KSCYng">10619.112</dst>
            <dst id="LOSAng">6709.66933333333</dst>
            <dst id="NYCMng">5569.97066666667</dst>
            <dst id="SNVAng">502.76</dst>
            <dst id="STTLng">2490.232</dst>
            <dst id="WASHng">13290.36</dst>
        </src>
        <src id="LOSAng">
            <dst id="ATLA-M5">1174.14666666667</dst>
            <dst id="ATLAng">12334.3226666667</dst>
            <dst id="CHINng">73375.3973333333</dst>
            <dst id="DNVRng">10651.2586666667</dst>
            <dst id="HSTNng">12394.8133333333</dst>
            <dst id="IPLSng">40988.3413333333</dst>
            <dst id="KSCYng">7087.10666666667</dst>
            <dst id="LOSAng">11952.1413333333</dst>
            <dst id="NYCMng">49223.624</dst>
            <dst id="SNVAng">6525.272</dst>
            <dst id="STTLng">20573.4933333333</dst>
            <dst id="WASHng">100969.410666667</dst>
        </src>
        <src id="NYCMng">
            <dst id="ATLA-M5">728.824</dst>
            <dst id="ATLAng">24913.96</dst>
            <dst id="CHINng">61275.584</dst>
            <dst id="DNVRng">38560</dst>
            <dst id="HSTNng">8462.344</dst>
            <dst id="IPLSng">48978.6213333333</dst>
            <dst id="KSCYng">15929.5653333333</dst>
            <dst id="LOSAng">71155.8533333333</dst>
            <dst id="NYCMng">142249.090666667</dst>
            <dst id="SNVAng">3959.52</dst>
            <dst id="STTLng">22491.4506666667</dst>
            <dst id="WASHng">141836.698666667</dst>
        </src>
        <src id="SNVAng">
            <dst id="ATLA-M5">41.416</dst>
            <dst id="ATLAng">133.333333333333</dst>
            <dst id="CHINng">1566.57333333333</dst>
            <dst id="DNVRng">5580.95733333333</dst>
            <dst id="HSTNng">291.301333333333</dst>
            <dst id="IPLSng">600.248</dst>
            <dst id="KSCYng">428.709333333333</dst>
            <dst id="LOSAng">49185.96</dst>
            <dst id="NYCMng">1142.15466666667</dst>
            <dst id="SNVAng">14627.8906666667</dst>
            <dst id="STTLng">53765.304</dst>
            <dst id="WASHng">218.458666666667</dst>
        </src>
        <src id="STTLng">
            <dst id="ATLA-M5">144.624</dst>
            <dst id="ATLAng">6787.20533333334</dst>
            <dst id="CHINng">14262.976</dst>
            <dst id="DNVRng">2028.936</dst>
            <dst id="HSTNng">7314.17333333333</dst>
            <dst id="IPLSng">11158.6666666667</dst>
            <dst id="KSCYng">3983.50133333333</dst>
            <dst id="LOSAng">16227.776</dst>
            <dst id="NYCMng">5859.40266666667</dst>
            <dst id="SNVAng">3288.37066666667</dst>
            <dst id="STTLng">6145.74666666667</dst>
            <dst id="WASHng">10812.8266666667</dst>
        </src>
        <src id="WASHng">
            <dst id="ATLA-M5">252.992</dst>
            <dst id="ATLAng">109650.874666667</dst>
            <dst id="CHINng">88568.8106666666</dst>
            <dst id="DNVRng">75083.6826666667</dst>
            <dst id="HSTNng">35797.424</dst>
            <dst id="IPLSng">57729.968</dst>
            <dst id="KSCYng">15889.2266666667</dst>
            <dst id="LOSAng">123855.725333333</dst>
            <dst id="NYCMng">154187.501333333</dst>
            <dst id="SNVAng">9114.952</dst>
            <dst id="STTLng">28069.9013333333</dst>
            <dst id="WASHng">249483.530666667</dst>
        </src>
    </IntraTM>
</TrafficMatrixFile>
