<?xml version="1.0" encoding="ISO-8859-1" standalone="yes"?>
<TrafficMatrixFile xsi:noNamespaceSchemaLocation="http://totem.run.montefiore.ulg.ac.be/Schema/TrafficMatrix-v1_2.xsd" xmlns:xsi="http://www.w3.org/2001/XMLSchema-instance">
    <IntraTM ASID="11537">
        <src id="ATLA-M5">
            <dst id="ATLA-M5">36.384</dst>
            <dst id="ATLAng">139.397333333333</dst>
            <dst id="CHINng">156.218666666667</dst>
            <dst id="DNVRng">26.6666666666667</dst>
            <dst id="HSTNng">193.389333333333</dst>
            <dst id="IPLSng">1887.68266666667</dst>
            <dst id="KSCYng">84.5546666666666</dst>
            <dst id="LOSAng">80</dst>
            <dst id="NYCMng">1241.40533333333</dst>
            <dst id="SNVAng">0</dst>
            <dst id="STTLng">245.637333333333</dst>
            <dst id="WASHng">619.106666666667</dst>
        </src>
        <src id="ATLAng">
            <dst id="ATLA-M5">168.114666666667</dst>
            <dst id="ATLAng">24608.9333333333</dst>
            <dst id="CHINng">14435.5386666667</dst>
            <dst id="DNVRng">6448.88266666667</dst>
            <dst id="HSTNng">4834.81866666667</dst>
            <dst id="IPLSng">18372.8293333333</dst>
            <dst id="KSCYng">890.077333333333</dst>
            <dst id="LOSAng">16305.432</dst>
            <dst id="NYCMng">9433.032</dst>
            <dst id="SNVAng">563.317333333333</dst>
            <dst id="STTLng">3683.248</dst>
            <dst id="WASHng">35499.1626666667</dst>
        </src>
        <src id="CHINng">
            <dst id="ATLA-M5">453.010666666667</dst>
            <dst id="ATLAng">10673.416</dst>
            <dst id="CHINng">99056.0906666667</dst>
            <dst id="DNVRng">11766.8933333333</dst>
            <dst id="HSTNng">41778.5093333333</dst>
            <dst id="IPLSng">37059.1706666667</dst>
            <dst id="KSCYng">9727.256</dst>
            <dst id="LOSAng">43178.592</dst>
            <dst id="NYCMng">15782.1573333333</dst>
            <dst id="SNVAng">2001.56</dst>
            <dst id="STTLng">13027.3866666667</dst>
            <dst id="WASHng">23920.688</dst>
        </src>
        <src id="DNVRng">
            <dst id="ATLA-M5">142.634666666667</dst>
            <dst id="ATLAng">3190.776</dst>
            <dst id="CHINng">83165.9653333333</dst>
            <dst id="DNVRng">8188.65066666667</dst>
            <dst id="HSTNng">10812.3066666667</dst>
            <dst id="IPLSng">25404.7866666667</dst>
            <dst id="KSCYng">13816.44</dst>
            <dst id="LOSAng">4568.28266666667</dst>
            <dst id="NYCMng">10938.968</dst>
            <dst id="SNVAng">6045.84</dst>
            <dst id="STTLng">12458.4773333333</dst>
            <dst id="WASHng">30619.5173333333</dst>
        </src>
        <src id="HSTNng">
            <dst id="ATLA-M5">3033.072</dst>
            <dst id="ATLAng">1319.07466666667</dst>
            <dst id="CHINng">16402.5146666667</dst>
            <dst id="DNVRng">1254.448</dst>
            <dst id="HSTNng">2935.224</dst>
            <dst id="IPLSng">2693.68266666667</dst>
            <dst id="KSCYng">917.664</dst>
            <dst id="LOSAng">2164.08533333333</dst>
            <dst id="NYCMng">2822.92533333333</dst>
            <dst id="SNVAng">538.394666666667</dst>
            <dst id="STTLng">1957.90933333333</dst>
            <dst id="WASHng">3754.72533333333</dst>
        </src>
        <src id="IPLSng">
            <dst id="ATLA-M5">1179.656</dst>
            <dst id="ATLAng">11216.88</dst>
            <dst id="CHINng">116203.709333333</dst>
            <dst id="DNVRng">5635.152</dst>
            <dst id="HSTNng">4433.79466666667</dst>
            <dst id="IPLSng">7797.90133333333</dst>
            <dst id="KSCYng">7011.192</dst>
            <dst id="LOSAng">38809.88</dst>
            <dst id="NYCMng">29895.984</dst>
            <dst id="SNVAng">2292.55733333333</dst>
            <dst id="STTLng">11921.2853333333</dst>
            <dst id="WASHng">34619.992</dst>
        </src>
        <src id="KSCYng">
            <dst id="ATLA-M5">92.5733333333333</dst>
            <dst id="ATLAng">1346.55466666667</dst>
            <dst id="CHINng">23155.1226666667</dst>
            <dst id="DNVRng">9990.776</dst>
            <dst id="HSTNng">2802.27733333333</dst>
            <dst id="IPLSng">8828.496</dst>
            <dst id="KSCYng">6073.64</dst>
            <dst id="LOSAng">3975.656</dst>
            <dst id="NYCMng">4476.736</dst>
            <dst id="SNVAng">136.848</dst>
            <dst id="STTLng">1225.95466666667</dst>
            <dst id="WASHng">17588.704</dst>
        </src>
        <src id="LOSAng">
            <dst id="ATLA-M5">715.784</dst>
            <dst id="ATLAng">8743.33333333333</dst>
            <dst id="CHINng">68567.496</dst>
            <dst id="DNVRng">4583.46666666667</dst>
            <dst id="HSTNng">4413.616</dst>
            <dst id="IPLSng">20329.2773333333</dst>
            <dst id="KSCYng">6549.192</dst>
            <dst id="LOSAng">26291.2106666667</dst>
            <dst id="NYCMng">33865.4933333333</dst>
            <dst id="SNVAng">6990.792</dst>
            <dst id="STTLng">19364.736</dst>
            <dst id="WASHng">74962.016</dst>
        </src>
        <src id="NYCMng">
            <dst id="ATLA-M5">2134.57333333333</dst>
            <dst id="ATLAng">16499.0933333333</dst>
            <dst id="CHINng">46647.1573333333</dst>
            <dst id="DNVRng">32913.9306666667</dst>
            <dst id="HSTNng">8385.29333333333</dst>
            <dst id="IPLSng">24462.104</dst>
            <dst id="KSCYng">13589.616</dst>
            <dst id="LOSAng">50890.9066666667</dst>
            <dst id="NYCMng">114225.925333333</dst>
            <dst id="SNVAng">3247.992</dst>
            <dst id="STTLng">21935.496</dst>
            <dst id="WASHng">86884.0853333334</dst>
        </src>
        <src id="SNVAng">
            <dst id="ATLA-M5">0</dst>
            <dst id="ATLAng">53.3333333333333</dst>
            <dst id="CHINng">1171.96</dst>
            <dst id="DNVRng">1313.62933333333</dst>
            <dst id="HSTNng">82.6666666666667</dst>
            <dst id="IPLSng">221.736</dst>
            <dst id="KSCYng">179.130666666667</dst>
            <dst id="LOSAng">28316.8506666667</dst>
            <dst id="NYCMng">851.677333333333</dst>
            <dst id="SNVAng">10950.9013333333</dst>
            <dst id="STTLng">40601.6933333333</dst>
            <dst id="WASHng">156.405333333333</dst>
        </src>
        <src id="STTLng">
            <dst id="ATLA-M5">53.3333333333333</dst>
            <dst id="ATLAng">5265.23733333333</dst>
            <dst id="CHINng">16981.0506666667</dst>
            <dst id="DNVRng">4446.33066666667</dst>
            <dst id="HSTNng">3252.432</dst>
            <dst id="IPLSng">5112.352</dst>
            <dst id="KSCYng">6122.05866666667</dst>
            <dst id="LOSAng">18962.0693333333</dst>
            <dst id="NYCMng">6636.12533333333</dst>
            <dst id="SNVAng">3097.63733333333</dst>
            <dst id="STTLng">3007.67733333333</dst>
            <dst id="WASHng">6086.34933333333</dst>
        </src>
        <src id="WASHng">
            <dst id="ATLA-M5">641.504</dst>
            <dst id="ATLAng">54716.5893333333</dst>
            <dst id="CHINng">78495.776</dst>
            <dst id="DNVRng">46799.1546666667</dst>
            <dst id="HSTNng">5649.12533333333</dst>
            <dst id="IPLSng">55254.0453333333</dst>
            <dst id="KSCYng">8837.96</dst>
            <dst id="LOSAng">88533.6106666667</dst>
            <dst id="NYCMng">146908.234666667</dst>
            <dst id="SNVAng">4407.48</dst>
            <dst id="STTLng">27520.5973333333</dst>
            <dst id="WASHng">253524.029333333</dst>
        </src>
    </IntraTM>
</TrafficMatrixFile>
