<?xml version="1.0" encoding="ISO-8859-1" standalone="yes"?>
<TrafficMatrixFile xsi:noNamespaceSchemaLocation="http://totem.run.montefiore.ulg.ac.be/Schema/TrafficMatrix-v1_2.xsd" xmlns:xsi="http://www.w3.org/2001/XMLSchema-instance">
    <IntraTM ASID="11537">
        <src id="ATLA-M5">
            <dst id="ATLA-M5">57.3573333333333</dst>
            <dst id="ATLAng">85.76</dst>
            <dst id="CHINng">943.797333333333</dst>
            <dst id="DNVRng">26.6666666666667</dst>
            <dst id="HSTNng">209.368</dst>
            <dst id="IPLSng">776.696</dst>
            <dst id="KSCYng">1494.264</dst>
            <dst id="LOSAng">204.08</dst>
            <dst id="NYCMng">162.389333333333</dst>
            <dst id="SNVAng">0</dst>
            <dst id="STTLng">228.501333333333</dst>
            <dst id="WASHng">968.517333333333</dst>
        </src>
        <src id="ATLAng">
            <dst id="ATLA-M5">224.832</dst>
            <dst id="ATLAng">20174.6666666667</dst>
            <dst id="CHINng">17922.2053333333</dst>
            <dst id="DNVRng">6624.34933333333</dst>
            <dst id="HSTNng">2493.616</dst>
            <dst id="IPLSng">23141.3733333333</dst>
            <dst id="KSCYng">835.749333333333</dst>
            <dst id="LOSAng">20717.8666666667</dst>
            <dst id="NYCMng">7391.54933333333</dst>
            <dst id="SNVAng">643.312</dst>
            <dst id="STTLng">4831.36</dst>
            <dst id="WASHng">29713.6106666667</dst>
        </src>
        <src id="CHINng">
            <dst id="ATLA-M5">1015.14933333333</dst>
            <dst id="ATLAng">14596.8453333333</dst>
            <dst id="CHINng">91544.5173333334</dst>
            <dst id="DNVRng">26354.472</dst>
            <dst id="HSTNng">54977.8186666667</dst>
            <dst id="IPLSng">79137.4133333333</dst>
            <dst id="KSCYng">27419.3413333333</dst>
            <dst id="LOSAng">2042992.85333333</dst>
            <dst id="NYCMng">20212.6826666667</dst>
            <dst id="SNVAng">2730.89866666667</dst>
            <dst id="STTLng">11539.2853333333</dst>
            <dst id="WASHng">28216.3893333333</dst>
        </src>
        <src id="DNVRng">
            <dst id="ATLA-M5">385.168</dst>
            <dst id="ATLAng">6501.18666666667</dst>
            <dst id="CHINng">75671.288</dst>
            <dst id="DNVRng">19739.296</dst>
            <dst id="HSTNng">17181.2826666667</dst>
            <dst id="IPLSng">39950.384</dst>
            <dst id="KSCYng">23926.1626666667</dst>
            <dst id="LOSAng">15594.976</dst>
            <dst id="NYCMng">20109.664</dst>
            <dst id="SNVAng">12277.008</dst>
            <dst id="STTLng">19915.7093333333</dst>
            <dst id="WASHng">46933.7093333333</dst>
        </src>
        <src id="HSTNng">
            <dst id="ATLA-M5">5741.58133333333</dst>
            <dst id="ATLAng">2207.06933333333</dst>
            <dst id="CHINng">15354.9306666667</dst>
            <dst id="DNVRng">2231.92</dst>
            <dst id="HSTNng">5793.90133333333</dst>
            <dst id="IPLSng">8290.096</dst>
            <dst id="KSCYng">4489.82933333333</dst>
            <dst id="LOSAng">11338.7813333333</dst>
            <dst id="NYCMng">8842.152</dst>
            <dst id="SNVAng">1524.624</dst>
            <dst id="STTLng">4178.824</dst>
            <dst id="WASHng">6154.232</dst>
        </src>
        <src id="IPLSng">
            <dst id="ATLA-M5">237.224</dst>
            <dst id="ATLAng">15692.76</dst>
            <dst id="CHINng">109395.298666667</dst>
            <dst id="DNVRng">28567.52</dst>
            <dst id="HSTNng">8077.96533333333</dst>
            <dst id="IPLSng">14293.3893333333</dst>
            <dst id="KSCYng">7084.76</dst>
            <dst id="LOSAng">71372.3733333333</dst>
            <dst id="NYCMng">59166.6693333333</dst>
            <dst id="SNVAng">3659.83466666667</dst>
            <dst id="STTLng">10990.6933333333</dst>
            <dst id="WASHng">35358.5493333333</dst>
        </src>
        <src id="KSCYng">
            <dst id="ATLA-M5">578.130666666667</dst>
            <dst id="ATLAng">2952.96</dst>
            <dst id="CHINng">24355.96</dst>
            <dst id="DNVRng">10711.3813333333</dst>
            <dst id="HSTNng">4337.29333333333</dst>
            <dst id="IPLSng">19468.4373333333</dst>
            <dst id="KSCYng">10385.64</dst>
            <dst id="LOSAng">6809.11466666667</dst>
            <dst id="NYCMng">6375.64</dst>
            <dst id="SNVAng">1780.496</dst>
            <dst id="STTLng">2674.49866666667</dst>
            <dst id="WASHng">16365.3413333333</dst>
        </src>
        <src id="LOSAng">
            <dst id="ATLA-M5">1605.85333333333</dst>
            <dst id="ATLAng">10752.7173333333</dst>
            <dst id="CHINng">1086079.28</dst>
            <dst id="DNVRng">16259.28</dst>
            <dst id="HSTNng">7364.73866666667</dst>
            <dst id="IPLSng">34829.9813333333</dst>
            <dst id="KSCYng">12505.9253333333</dst>
            <dst id="LOSAng">13828.1973333333</dst>
            <dst id="NYCMng">70517.5226666667</dst>
            <dst id="SNVAng">8245.68266666667</dst>
            <dst id="STTLng">23429.616</dst>
            <dst id="WASHng">83913.3786666667</dst>
        </src>
        <src id="NYCMng">
            <dst id="ATLA-M5">2042.30133333333</dst>
            <dst id="ATLAng">18854.488</dst>
            <dst id="CHINng">57674.2266666667</dst>
            <dst id="DNVRng">32467.4346666667</dst>
            <dst id="HSTNng">17195.9973333333</dst>
            <dst id="IPLSng">83821.3573333333</dst>
            <dst id="KSCYng">18016.3466666667</dst>
            <dst id="LOSAng">67407.912</dst>
            <dst id="NYCMng">142570.56</dst>
            <dst id="SNVAng">3800.4</dst>
            <dst id="STTLng">36896.3626666667</dst>
            <dst id="WASHng">116549.605333333</dst>
        </src>
        <src id="SNVAng">
            <dst id="ATLA-M5">61.0266666666667</dst>
            <dst id="ATLAng">424.162666666667</dst>
            <dst id="CHINng">4039.35733333333</dst>
            <dst id="DNVRng">12727.7333333333</dst>
            <dst id="HSTNng">312.682666666667</dst>
            <dst id="IPLSng">1707.99466666667</dst>
            <dst id="KSCYng">4593.264</dst>
            <dst id="LOSAng">36593.4986666667</dst>
            <dst id="NYCMng">1448.30666666667</dst>
            <dst id="SNVAng">12191.624</dst>
            <dst id="STTLng">51640.5973333333</dst>
            <dst id="WASHng">195.749333333333</dst>
        </src>
        <src id="STTLng">
            <dst id="ATLA-M5">424.568</dst>
            <dst id="ATLAng">8113.128</dst>
            <dst id="CHINng">14332.9893333333</dst>
            <dst id="DNVRng">4685.81866666667</dst>
            <dst id="HSTNng">7991.064</dst>
            <dst id="IPLSng">7471.768</dst>
            <dst id="KSCYng">10093.5973333333</dst>
            <dst id="LOSAng">18429.0266666667</dst>
            <dst id="NYCMng">4510.808</dst>
            <dst id="SNVAng">6347.28533333333</dst>
            <dst id="STTLng">6337.63466666667</dst>
            <dst id="WASHng">7638.272</dst>
        </src>
        <src id="WASHng">
            <dst id="ATLA-M5">1385.08533333333</dst>
            <dst id="ATLAng">58778.504</dst>
            <dst id="CHINng">80480.4773333333</dst>
            <dst id="DNVRng">74324.36</dst>
            <dst id="HSTNng">12094.872</dst>
            <dst id="IPLSng">53831.4</dst>
            <dst id="KSCYng">46585.384</dst>
            <dst id="LOSAng">123412.997333333</dst>
            <dst id="NYCMng">173284.517333333</dst>
            <dst id="SNVAng">3342.52</dst>
            <dst id="STTLng">32802.2053333333</dst>
            <dst id="WASHng">308343.813333333</dst>
        </src>
    </IntraTM>
</TrafficMatrixFile>
