<?xml version="1.0" encoding="ISO-8859-1" standalone="yes"?>
<TrafficMatrixFile xsi:noNamespaceSchemaLocation="http://totem.run.montefiore.ulg.ac.be/Schema/TrafficMatrix-v1_2.xsd" xmlns:xsi="http://www.w3.org/2001/XMLSchema-instance">
    <IntraTM ASID="11537">
        <src id="ATLA-M5">
            <dst id="ATLA-M5">49.5146666666667</dst>
            <dst id="ATLAng">231.362666666667</dst>
            <dst id="CHINng">238.770666666667</dst>
            <dst id="DNVRng">0</dst>
            <dst id="HSTNng">53.3333333333333</dst>
            <dst id="IPLSng">155.613333333333</dst>
            <dst id="KSCYng">229.978666666667</dst>
            <dst id="LOSAng">394.762666666667</dst>
            <dst id="NYCMng">351.946666666667</dst>
            <dst id="SNVAng">0</dst>
            <dst id="STTLng">0</dst>
            <dst id="WASHng">464.717333333333</dst>
        </src>
        <src id="ATLAng">
            <dst id="ATLA-M5">292.674666666667</dst>
            <dst id="ATLAng">26115.7573333333</dst>
            <dst id="CHINng">24730.7546666667</dst>
            <dst id="DNVRng">2399.968</dst>
            <dst id="HSTNng">5020.504</dst>
            <dst id="IPLSng">12452.3653333333</dst>
            <dst id="KSCYng">2912.84266666667</dst>
            <dst id="LOSAng">14312.8026666667</dst>
            <dst id="NYCMng">11281.9733333333</dst>
            <dst id="SNVAng">144.805333333333</dst>
            <dst id="STTLng">3926.73866666667</dst>
            <dst id="WASHng">47687.1626666667</dst>
        </src>
        <src id="CHINng">
            <dst id="ATLA-M5">2080.39466666667</dst>
            <dst id="ATLAng">24380.4453333333</dst>
            <dst id="CHINng">112158.114666667</dst>
            <dst id="DNVRng">25837.5706666667</dst>
            <dst id="HSTNng">62884.8906666667</dst>
            <dst id="IPLSng">58595.5066666667</dst>
            <dst id="KSCYng">14140.4853333333</dst>
            <dst id="LOSAng">45370.5946666667</dst>
            <dst id="NYCMng">22552.912</dst>
            <dst id="SNVAng">2608.69866666667</dst>
            <dst id="STTLng">18658.4613333333</dst>
            <dst id="WASHng">25362.4453333333</dst>
        </src>
        <src id="DNVRng">
            <dst id="ATLA-M5">138.128</dst>
            <dst id="ATLAng">4796.72</dst>
            <dst id="CHINng">76873.072</dst>
            <dst id="DNVRng">8754.352</dst>
            <dst id="HSTNng">15490.7546666667</dst>
            <dst id="IPLSng">31650.024</dst>
            <dst id="KSCYng">14191.6293333333</dst>
            <dst id="LOSAng">27301.9546666667</dst>
            <dst id="NYCMng">23426.6373333333</dst>
            <dst id="SNVAng">19244.9173333333</dst>
            <dst id="STTLng">9654.6</dst>
            <dst id="WASHng">43871.7626666667</dst>
        </src>
        <src id="HSTNng">
            <dst id="ATLA-M5">285.802666666667</dst>
            <dst id="ATLAng">4077.656</dst>
            <dst id="CHINng">18767.9573333333</dst>
            <dst id="DNVRng">1703.35466666667</dst>
            <dst id="HSTNng">4306.216</dst>
            <dst id="IPLSng">14075.6426666667</dst>
            <dst id="KSCYng">3365.78666666667</dst>
            <dst id="LOSAng">7809.944</dst>
            <dst id="NYCMng">5049.69066666667</dst>
            <dst id="SNVAng">1865.90666666667</dst>
            <dst id="STTLng">2726.128</dst>
            <dst id="WASHng">4479.21066666667</dst>
        </src>
        <src id="IPLSng">
            <dst id="ATLA-M5">824.069333333333</dst>
            <dst id="ATLAng">12706.8213333333</dst>
            <dst id="CHINng">122510.482666667</dst>
            <dst id="DNVRng">19935.0213333333</dst>
            <dst id="HSTNng">9504.73866666667</dst>
            <dst id="IPLSng">36335.8373333333</dst>
            <dst id="KSCYng">8659.928</dst>
            <dst id="LOSAng">23735.7946666667</dst>
            <dst id="NYCMng">103860.397333333</dst>
            <dst id="SNVAng">1366.808</dst>
            <dst id="STTLng">12135.6746666667</dst>
            <dst id="WASHng">44831.4293333333</dst>
        </src>
        <src id="KSCYng">
            <dst id="ATLA-M5">461.605333333333</dst>
            <dst id="ATLAng">5297.44</dst>
            <dst id="CHINng">32080.5706666667</dst>
            <dst id="DNVRng">11035.368</dst>
            <dst id="HSTNng">4496.63466666667</dst>
            <dst id="IPLSng">20239.1546666667</dst>
            <dst id="KSCYng">8284.69866666667</dst>
            <dst id="LOSAng">3403.06133333333</dst>
            <dst id="NYCMng">7077.008</dst>
            <dst id="SNVAng">182.290666666667</dst>
            <dst id="STTLng">1877.75466666667</dst>
            <dst id="WASHng">14325.5253333333</dst>
        </src>
        <src id="LOSAng">
            <dst id="ATLA-M5">1408.94933333333</dst>
            <dst id="ATLAng">16037.7413333333</dst>
            <dst id="CHINng">86056.6906666666</dst>
            <dst id="DNVRng">7467.78666666667</dst>
            <dst id="HSTNng">30466.0906666667</dst>
            <dst id="IPLSng">30095.544</dst>
            <dst id="KSCYng">8650.408</dst>
            <dst id="LOSAng">29627.728</dst>
            <dst id="NYCMng">67812.0933333333</dst>
            <dst id="SNVAng">9801.96</dst>
            <dst id="STTLng">21744.9066666667</dst>
            <dst id="WASHng">92576.1973333333</dst>
        </src>
        <src id="NYCMng">
            <dst id="ATLA-M5">1070.144</dst>
            <dst id="ATLAng">22454.4373333333</dst>
            <dst id="CHINng">60263.3413333333</dst>
            <dst id="DNVRng">27011.9386666667</dst>
            <dst id="HSTNng">16109.5013333333</dst>
            <dst id="IPLSng">59238.712</dst>
            <dst id="KSCYng">16644.5866666667</dst>
            <dst id="LOSAng">38993.8026666667</dst>
            <dst id="NYCMng">232968.496</dst>
            <dst id="SNVAng">923.749333333333</dst>
            <dst id="STTLng">31509.3946666667</dst>
            <dst id="WASHng">135601.949333333</dst>
        </src>
        <src id="SNVAng">
            <dst id="ATLA-M5">0</dst>
            <dst id="ATLAng">887.962666666667</dst>
            <dst id="CHINng">3684.67466666667</dst>
            <dst id="DNVRng">13698.6213333333</dst>
            <dst id="HSTNng">251.610666666667</dst>
            <dst id="IPLSng">2785.29866666667</dst>
            <dst id="KSCYng">77.2826666666667</dst>
            <dst id="LOSAng">35241.1786666667</dst>
            <dst id="NYCMng">1080.616</dst>
            <dst id="SNVAng">12964.5893333333</dst>
            <dst id="STTLng">51288.1466666667</dst>
            <dst id="WASHng">303.8</dst>
        </src>
        <src id="STTLng">
            <dst id="ATLA-M5">712.08</dst>
            <dst id="ATLAng">5070.16</dst>
            <dst id="CHINng">18141.064</dst>
            <dst id="DNVRng">2552.93333333333</dst>
            <dst id="HSTNng">1944.94933333333</dst>
            <dst id="IPLSng">5789.31733333333</dst>
            <dst id="KSCYng">3063.39466666667</dst>
            <dst id="LOSAng">15898.864</dst>
            <dst id="NYCMng">5300.18933333333</dst>
            <dst id="SNVAng">3484.808</dst>
            <dst id="STTLng">5442.24533333333</dst>
            <dst id="WASHng">11889.2026666667</dst>
        </src>
        <src id="WASHng">
            <dst id="ATLA-M5">1209.12533333333</dst>
            <dst id="ATLAng">84515.664</dst>
            <dst id="CHINng">72589.312</dst>
            <dst id="DNVRng">64973.2933333333</dst>
            <dst id="HSTNng">6874.952</dst>
            <dst id="IPLSng">57473.984</dst>
            <dst id="KSCYng">16752.512</dst>
            <dst id="LOSAng">102115.224</dst>
            <dst id="NYCMng">193420.128</dst>
            <dst id="SNVAng">681.354666666667</dst>
            <dst id="STTLng">25963.84</dst>
            <dst id="WASHng">299925.386666667</dst>
        </src>
    </IntraTM>
</TrafficMatrixFile>
