<?xml version="1.0" encoding="ISO-8859-1" standalone="yes"?>
<TrafficMatrixFile xsi:noNamespaceSchemaLocation="http://totem.run.montefiore.ulg.ac.be/Schema/TrafficMatrix-v1_2.xsd" xmlns:xsi="http://www.w3.org/2001/XMLSchema-instance">
    <IntraTM ASID="11537">
        <src id="ATLA-M5">
            <dst id="ATLA-M5">1073.15733333333</dst>
            <dst id="ATLAng">140.338666666667</dst>
            <dst id="CHINng">1464.288</dst>
            <dst id="DNVRng">80</dst>
            <dst id="HSTNng">340.490666666667</dst>
            <dst id="IPLSng">285.253333333333</dst>
            <dst id="KSCYng">53.3333333333333</dst>
            <dst id="LOSAng">152.997333333333</dst>
            <dst id="NYCMng">448.816</dst>
            <dst id="SNVAng">53.3333333333333</dst>
            <dst id="STTLng">53.3333333333333</dst>
            <dst id="WASHng">2846.45866666667</dst>
        </src>
        <src id="ATLAng">
            <dst id="ATLA-M5">1610.28533333333</dst>
            <dst id="ATLAng">23209.6186666667</dst>
            <dst id="CHINng">18700.1146666667</dst>
            <dst id="DNVRng">6182.92266666667</dst>
            <dst id="HSTNng">5232.97866666667</dst>
            <dst id="IPLSng">14600.704</dst>
            <dst id="KSCYng">2005.416</dst>
            <dst id="LOSAng">21003.4986666667</dst>
            <dst id="NYCMng">9947.864</dst>
            <dst id="SNVAng">649.149333333333</dst>
            <dst id="STTLng">10845.368</dst>
            <dst id="WASHng">44868.2373333333</dst>
        </src>
        <src id="CHINng">
            <dst id="ATLA-M5">931.605333333333</dst>
            <dst id="ATLAng">19315.928</dst>
            <dst id="CHINng">104440.898666667</dst>
            <dst id="DNVRng">22509.0373333333</dst>
            <dst id="HSTNng">54845.0053333333</dst>
            <dst id="IPLSng">41886.024</dst>
            <dst id="KSCYng">15442.296</dst>
            <dst id="LOSAng">42450.448</dst>
            <dst id="NYCMng">23577.5013333333</dst>
            <dst id="SNVAng">1843.96266666667</dst>
            <dst id="STTLng">8631.688</dst>
            <dst id="WASHng">32723.552</dst>
        </src>
        <src id="DNVRng">
            <dst id="ATLA-M5">161.752</dst>
            <dst id="ATLAng">8016.27466666667</dst>
            <dst id="CHINng">63053.752</dst>
            <dst id="DNVRng">12517.344</dst>
            <dst id="HSTNng">11286.5466666667</dst>
            <dst id="IPLSng">30909.1813333333</dst>
            <dst id="KSCYng">15223.304</dst>
            <dst id="LOSAng">5876.08533333333</dst>
            <dst id="NYCMng">15384.456</dst>
            <dst id="SNVAng">11288.4266666667</dst>
            <dst id="STTLng">11158.44</dst>
            <dst id="WASHng">46405.536</dst>
        </src>
        <src id="HSTNng">
            <dst id="ATLA-M5">1247.89333333333</dst>
            <dst id="ATLAng">3949.19733333333</dst>
            <dst id="CHINng">27732.744</dst>
            <dst id="DNVRng">3776.51733333333</dst>
            <dst id="HSTNng">8632.88266666667</dst>
            <dst id="IPLSng">4435.77866666667</dst>
            <dst id="KSCYng">2901.68533333333</dst>
            <dst id="LOSAng">6352.62933333333</dst>
            <dst id="NYCMng">10442.0213333333</dst>
            <dst id="SNVAng">1293.256</dst>
            <dst id="STTLng">1424.70933333333</dst>
            <dst id="WASHng">6407.672</dst>
        </src>
        <src id="IPLSng">
            <dst id="ATLA-M5">504.928</dst>
            <dst id="ATLAng">18326.5786666667</dst>
            <dst id="CHINng">113212.576</dst>
            <dst id="DNVRng">22678.5786666667</dst>
            <dst id="HSTNng">6322.21866666667</dst>
            <dst id="IPLSng">32432.7733333333</dst>
            <dst id="KSCYng">11026.0826666667</dst>
            <dst id="LOSAng">29521.264</dst>
            <dst id="NYCMng">49560.6586666667</dst>
            <dst id="SNVAng">3320.72533333333</dst>
            <dst id="STTLng">14497.0986666667</dst>
            <dst id="WASHng">37284.1333333333</dst>
        </src>
        <src id="KSCYng">
            <dst id="ATLA-M5">218.181333333333</dst>
            <dst id="ATLAng">5965.46133333334</dst>
            <dst id="CHINng">31358.928</dst>
            <dst id="DNVRng">10894.4</dst>
            <dst id="HSTNng">4535.344</dst>
            <dst id="IPLSng">23147.8746666667</dst>
            <dst id="KSCYng">7765.712</dst>
            <dst id="LOSAng">6216.08</dst>
            <dst id="NYCMng">8674.58133333333</dst>
            <dst id="SNVAng">447.808</dst>
            <dst id="STTLng">960.602666666667</dst>
            <dst id="WASHng">15779.008</dst>
        </src>
        <src id="LOSAng">
            <dst id="ATLA-M5">2000.976</dst>
            <dst id="ATLAng">20038.856</dst>
            <dst id="CHINng">1088900.82666667</dst>
            <dst id="DNVRng">8361.91733333333</dst>
            <dst id="HSTNng">12931.752</dst>
            <dst id="IPLSng">51167.9093333333</dst>
            <dst id="KSCYng">11172.4533333333</dst>
            <dst id="LOSAng">8766.00533333333</dst>
            <dst id="NYCMng">72270.4293333333</dst>
            <dst id="SNVAng">33601.1573333333</dst>
            <dst id="STTLng">22367.8613333333</dst>
            <dst id="WASHng">105410.053333333</dst>
        </src>
        <src id="NYCMng">
            <dst id="ATLA-M5">1861.69866666667</dst>
            <dst id="ATLAng">39215.992</dst>
            <dst id="CHINng">62590.2453333333</dst>
            <dst id="DNVRng">31663.2666666667</dst>
            <dst id="HSTNng">15734.824</dst>
            <dst id="IPLSng">89676.1413333334</dst>
            <dst id="KSCYng">16148.1653333333</dst>
            <dst id="LOSAng">68157.424</dst>
            <dst id="NYCMng">196140.762666667</dst>
            <dst id="SNVAng">8082.016</dst>
            <dst id="STTLng">22900.1146666667</dst>
            <dst id="WASHng">115858.058666667</dst>
        </src>
        <src id="SNVAng">
            <dst id="ATLA-M5">0</dst>
            <dst id="ATLAng">581.709333333333</dst>
            <dst id="CHINng">1914.696</dst>
            <dst id="DNVRng">5821.78666666667</dst>
            <dst id="HSTNng">433.125333333333</dst>
            <dst id="IPLSng">3365.34666666667</dst>
            <dst id="KSCYng">103.656</dst>
            <dst id="LOSAng">37655.432</dst>
            <dst id="NYCMng">1173.58933333333</dst>
            <dst id="SNVAng">13947.5546666667</dst>
            <dst id="STTLng">51715.5466666666</dst>
            <dst id="WASHng">2317.43733333333</dst>
        </src>
        <src id="STTLng">
            <dst id="ATLA-M5">317.397333333333</dst>
            <dst id="ATLAng">10423.0266666667</dst>
            <dst id="CHINng">17358.8213333333</dst>
            <dst id="DNVRng">4240.57333333333</dst>
            <dst id="HSTNng">11935.7253333333</dst>
            <dst id="IPLSng">6018.40533333333</dst>
            <dst id="KSCYng">6471.78133333333</dst>
            <dst id="LOSAng">19051.568</dst>
            <dst id="NYCMng">13879.2693333333</dst>
            <dst id="SNVAng">3502.2</dst>
            <dst id="STTLng">6425.42133333333</dst>
            <dst id="WASHng">9574.85066666667</dst>
        </src>
        <src id="WASHng">
            <dst id="ATLA-M5">1895.21066666667</dst>
            <dst id="ATLAng">86210.1146666667</dst>
            <dst id="CHINng">86801.152</dst>
            <dst id="DNVRng">44522.232</dst>
            <dst id="HSTNng">16791.1386666667</dst>
            <dst id="IPLSng">61046.176</dst>
            <dst id="KSCYng">13341.456</dst>
            <dst id="LOSAng">119964.770666667</dst>
            <dst id="NYCMng">182463.264</dst>
            <dst id="SNVAng">9164.432</dst>
            <dst id="STTLng">35465.3306666667</dst>
            <dst id="WASHng">240383.24</dst>
        </src>
    </IntraTM>
</TrafficMatrixFile>
