<?xml version="1.0" encoding="ISO-8859-1" standalone="yes"?>
<TrafficMatrixFile xsi:noNamespaceSchemaLocation="http://totem.run.montefiore.ulg.ac.be/Schema/TrafficMatrix-v1_2.xsd" xmlns:xsi="http://www.w3.org/2001/XMLSchema-instance">
    <IntraTM ASID="11537">
        <src id="ATLA-M5">
            <dst id="ATLA-M5">231.682666666667</dst>
            <dst id="ATLAng">26.6666666666667</dst>
            <dst id="CHINng">478.757333333333</dst>
            <dst id="DNVRng">170.490666666667</dst>
            <dst id="HSTNng">87.296</dst>
            <dst id="IPLSng">598.261333333333</dst>
            <dst id="KSCYng">80.0053333333333</dst>
            <dst id="LOSAng">411.413333333333</dst>
            <dst id="NYCMng">234.770666666667</dst>
            <dst id="SNVAng">0</dst>
            <dst id="STTLng">0</dst>
            <dst id="WASHng">297.224</dst>
        </src>
        <src id="ATLAng">
            <dst id="ATLA-M5">81.8586666666667</dst>
            <dst id="ATLAng">27104.952</dst>
            <dst id="CHINng">17923.5226666667</dst>
            <dst id="DNVRng">5195.6</dst>
            <dst id="HSTNng">3538.70133333333</dst>
            <dst id="IPLSng">16959.424</dst>
            <dst id="KSCYng">1318.928</dst>
            <dst id="LOSAng">18998.4106666667</dst>
            <dst id="NYCMng">8311.22933333333</dst>
            <dst id="SNVAng">1036.59466666667</dst>
            <dst id="STTLng">3738.672</dst>
            <dst id="WASHng">28633.3573333333</dst>
        </src>
        <src id="CHINng">
            <dst id="ATLA-M5">2144.064</dst>
            <dst id="ATLAng">8598.488</dst>
            <dst id="CHINng">84587.576</dst>
            <dst id="DNVRng">16422.3733333333</dst>
            <dst id="HSTNng">54848.3706666667</dst>
            <dst id="IPLSng">57165.8293333333</dst>
            <dst id="KSCYng">19256.9466666667</dst>
            <dst id="LOSAng">2001029.6</dst>
            <dst id="NYCMng">18400.168</dst>
            <dst id="SNVAng">4494.51733333333</dst>
            <dst id="STTLng">13536.408</dst>
            <dst id="WASHng">31988.456</dst>
        </src>
        <src id="DNVRng">
            <dst id="ATLA-M5">267.853333333333</dst>
            <dst id="ATLAng">6315.896</dst>
            <dst id="CHINng">71699.4586666667</dst>
            <dst id="DNVRng">7359.39733333333</dst>
            <dst id="HSTNng">15530.36</dst>
            <dst id="IPLSng">36381.648</dst>
            <dst id="KSCYng">7843.97066666667</dst>
            <dst id="LOSAng">11065.0133333333</dst>
            <dst id="NYCMng">16295.2266666667</dst>
            <dst id="SNVAng">3252.76</dst>
            <dst id="STTLng">7375.70133333333</dst>
            <dst id="WASHng">43995.6853333333</dst>
        </src>
        <src id="HSTNng">
            <dst id="ATLA-M5">432.248</dst>
            <dst id="ATLAng">1702.032</dst>
            <dst id="CHINng">26633.968</dst>
            <dst id="DNVRng">1433.504</dst>
            <dst id="HSTNng">5365.18933333333</dst>
            <dst id="IPLSng">4740.46133333333</dst>
            <dst id="KSCYng">3247.368</dst>
            <dst id="LOSAng">10038.0453333333</dst>
            <dst id="NYCMng">3473.608</dst>
            <dst id="SNVAng">3295.024</dst>
            <dst id="STTLng">7811.09866666667</dst>
            <dst id="WASHng">5697.032</dst>
        </src>
        <src id="IPLSng">
            <dst id="ATLA-M5">689.605333333333</dst>
            <dst id="ATLAng">12859.184</dst>
            <dst id="CHINng">93793.552</dst>
            <dst id="DNVRng">24616.7653333333</dst>
            <dst id="HSTNng">9382.00533333333</dst>
            <dst id="IPLSng">20043.3173333333</dst>
            <dst id="KSCYng">5357.74133333333</dst>
            <dst id="LOSAng">56639.9493333333</dst>
            <dst id="NYCMng">42713.0133333333</dst>
            <dst id="SNVAng">3990.872</dst>
            <dst id="STTLng">8021.61866666667</dst>
            <dst id="WASHng">44666.4293333333</dst>
        </src>
        <src id="KSCYng">
            <dst id="ATLA-M5">327.608</dst>
            <dst id="ATLAng">2096.38666666667</dst>
            <dst id="CHINng">20534.2453333333</dst>
            <dst id="DNVRng">9864.92266666667</dst>
            <dst id="HSTNng">3453.17066666667</dst>
            <dst id="IPLSng">16716.8293333333</dst>
            <dst id="KSCYng">7933.78133333333</dst>
            <dst id="LOSAng">5456.99733333333</dst>
            <dst id="NYCMng">3424.896</dst>
            <dst id="SNVAng">222.909333333333</dst>
            <dst id="STTLng">1403.07733333333</dst>
            <dst id="WASHng">20980.24</dst>
        </src>
        <src id="LOSAng">
            <dst id="ATLA-M5">2311.53866666667</dst>
            <dst id="ATLAng">13905.5333333333</dst>
            <dst id="CHINng">67776.5093333333</dst>
            <dst id="DNVRng">9593.28533333333</dst>
            <dst id="HSTNng">7543.00266666667</dst>
            <dst id="IPLSng">30453.2186666667</dst>
            <dst id="KSCYng">11640.0213333333</dst>
            <dst id="LOSAng">12514.832</dst>
            <dst id="NYCMng">55836.0586666667</dst>
            <dst id="SNVAng">7666.50666666667</dst>
            <dst id="STTLng">25192.8026666667</dst>
            <dst id="WASHng">71297.1653333333</dst>
        </src>
        <src id="NYCMng">
            <dst id="ATLA-M5">707.888</dst>
            <dst id="ATLAng">18504.7173333333</dst>
            <dst id="CHINng">59328.064</dst>
            <dst id="DNVRng">33348.4613333333</dst>
            <dst id="HSTNng">12872.2746666667</dst>
            <dst id="IPLSng">44047.9546666667</dst>
            <dst id="KSCYng">11958.0026666667</dst>
            <dst id="LOSAng">76169.288</dst>
            <dst id="NYCMng">125144.104</dst>
            <dst id="SNVAng">6868.18666666667</dst>
            <dst id="STTLng">26833.2933333333</dst>
            <dst id="WASHng">123975.941333333</dst>
        </src>
        <src id="SNVAng">
            <dst id="ATLA-M5">198.173333333333</dst>
            <dst id="ATLAng">53.416</dst>
            <dst id="CHINng">3727.12</dst>
            <dst id="DNVRng">3864.61866666667</dst>
            <dst id="HSTNng">653.192</dst>
            <dst id="IPLSng">857.544</dst>
            <dst id="KSCYng">4635.648</dst>
            <dst id="LOSAng">32712.9146666667</dst>
            <dst id="NYCMng">783.322666666667</dst>
            <dst id="SNVAng">13406.8933333333</dst>
            <dst id="STTLng">49875.5013333333</dst>
            <dst id="WASHng">335.690666666667</dst>
        </src>
        <src id="STTLng">
            <dst id="ATLA-M5">371.208</dst>
            <dst id="ATLAng">5723.57866666667</dst>
            <dst id="CHINng">23885.5306666667</dst>
            <dst id="DNVRng">2471.19466666667</dst>
            <dst id="HSTNng">4920.24</dst>
            <dst id="IPLSng">6446.11466666667</dst>
            <dst id="KSCYng">3337.52533333333</dst>
            <dst id="LOSAng">20193.5786666667</dst>
            <dst id="NYCMng">5474.57333333333</dst>
            <dst id="SNVAng">4628.98133333333</dst>
            <dst id="STTLng">930.781333333333</dst>
            <dst id="WASHng">7083.98133333333</dst>
        </src>
        <src id="WASHng">
            <dst id="ATLA-M5">4105.03466666667</dst>
            <dst id="ATLAng">71863.8266666667</dst>
            <dst id="CHINng">73038.1546666667</dst>
            <dst id="DNVRng">40970.2533333333</dst>
            <dst id="HSTNng">19655.6986666667</dst>
            <dst id="IPLSng">51481.2293333333</dst>
            <dst id="KSCYng">20894.2533333333</dst>
            <dst id="LOSAng">117558.888</dst>
            <dst id="NYCMng">138882.242666667</dst>
            <dst id="SNVAng">9922.496</dst>
            <dst id="STTLng">32265.1306666667</dst>
            <dst id="WASHng">331071.573333333</dst>
        </src>
    </IntraTM>
</TrafficMatrixFile>
