<?xml version="1.0" encoding="ISO-8859-1" standalone="yes"?>
<TrafficMatrixFile xsi:noNamespaceSchemaLocation="http://totem.run.montefiore.ulg.ac.be/Schema/TrafficMatrix-v1_2.xsd" xmlns:xsi="http://www.w3.org/2001/XMLSchema-instance">
    <IntraTM ASID="11537">
        <src id="ATLA-M5">
            <dst id="ATLA-M5">51.4186666666667</dst>
            <dst id="ATLAng">485.770666666667</dst>
            <dst id="CHINng">452.424</dst>
            <dst id="DNVRng">167.424</dst>
            <dst id="HSTNng">189.170666666667</dst>
            <dst id="IPLSng">693.034666666666</dst>
            <dst id="KSCYng">139.130666666667</dst>
            <dst id="LOSAng">359.584</dst>
            <dst id="NYCMng">106.666666666667</dst>
            <dst id="SNVAng">0</dst>
            <dst id="STTLng">53.3333333333333</dst>
            <dst id="WASHng">196.016</dst>
        </src>
        <src id="ATLAng">
            <dst id="ATLA-M5">411.797333333333</dst>
            <dst id="ATLAng">21401.8213333333</dst>
            <dst id="CHINng">23859.056</dst>
            <dst id="DNVRng">10040.6826666667</dst>
            <dst id="HSTNng">9705.784</dst>
            <dst id="IPLSng">17660.3946666667</dst>
            <dst id="KSCYng">2959.00533333333</dst>
            <dst id="LOSAng">16840.8</dst>
            <dst id="NYCMng">9502.60266666667</dst>
            <dst id="SNVAng">2023.31733333333</dst>
            <dst id="STTLng">4304.65066666667</dst>
            <dst id="WASHng">54956.8106666667</dst>
        </src>
        <src id="CHINng">
            <dst id="ATLA-M5">2370.30133333333</dst>
            <dst id="ATLAng">17657.1946666667</dst>
            <dst id="CHINng">112550.642666667</dst>
            <dst id="DNVRng">34360.5973333333</dst>
            <dst id="HSTNng">44034.6773333333</dst>
            <dst id="IPLSng">64537.6293333333</dst>
            <dst id="KSCYng">11331.2986666667</dst>
            <dst id="LOSAng">46309.304</dst>
            <dst id="NYCMng">23216.6186666667</dst>
            <dst id="SNVAng">1067.43733333333</dst>
            <dst id="STTLng">24121.664</dst>
            <dst id="WASHng">26857.4213333333</dst>
        </src>
        <src id="DNVRng">
            <dst id="ATLA-M5">5543.21066666667</dst>
            <dst id="ATLAng">3445.656</dst>
            <dst id="CHINng">91442.6986666667</dst>
            <dst id="DNVRng">12148.2773333333</dst>
            <dst id="HSTNng">14899.0506666667</dst>
            <dst id="IPLSng">27128.3733333333</dst>
            <dst id="KSCYng">26348.832</dst>
            <dst id="LOSAng">17987.4453333333</dst>
            <dst id="NYCMng">18108.2453333333</dst>
            <dst id="SNVAng">18086.2746666667</dst>
            <dst id="STTLng">12737.6693333333</dst>
            <dst id="WASHng">54705.3973333333</dst>
        </src>
        <src id="HSTNng">
            <dst id="ATLA-M5">3867.44266666667</dst>
            <dst id="ATLAng">2528.65066666667</dst>
            <dst id="CHINng">17352.2986666667</dst>
            <dst id="DNVRng">1522.936</dst>
            <dst id="HSTNng">4108.32266666667</dst>
            <dst id="IPLSng">14461.8693333333</dst>
            <dst id="KSCYng">1164.69066666667</dst>
            <dst id="LOSAng">3582.71733333333</dst>
            <dst id="NYCMng">7267.064</dst>
            <dst id="SNVAng">1667.808</dst>
            <dst id="STTLng">2119.36533333333</dst>
            <dst id="WASHng">5389.63466666667</dst>
        </src>
        <src id="IPLSng">
            <dst id="ATLA-M5">934.349333333333</dst>
            <dst id="ATLAng">14286.4186666667</dst>
            <dst id="CHINng">155333.624</dst>
            <dst id="DNVRng">19295.3253333333</dst>
            <dst id="HSTNng">10359.4826666667</dst>
            <dst id="IPLSng">15176.0906666667</dst>
            <dst id="KSCYng">8914.36266666666</dst>
            <dst id="LOSAng">26146.008</dst>
            <dst id="NYCMng">96293.312</dst>
            <dst id="SNVAng">996.952</dst>
            <dst id="STTLng">13593.968</dst>
            <dst id="WASHng">54834.3626666667</dst>
        </src>
        <src id="KSCYng">
            <dst id="ATLA-M5">325.512</dst>
            <dst id="ATLAng">4591.94133333333</dst>
            <dst id="CHINng">31536.4986666667</dst>
            <dst id="DNVRng">11163.2426666667</dst>
            <dst id="HSTNng">4791.408</dst>
            <dst id="IPLSng">20711.9173333333</dst>
            <dst id="KSCYng">7937.44</dst>
            <dst id="LOSAng">3260.952</dst>
            <dst id="NYCMng">7371.432</dst>
            <dst id="SNVAng">221.568</dst>
            <dst id="STTLng">1815.78666666667</dst>
            <dst id="WASHng">18787.8853333333</dst>
        </src>
        <src id="LOSAng">
            <dst id="ATLA-M5">1631.89866666667</dst>
            <dst id="ATLAng">17331.2106666667</dst>
            <dst id="CHINng">85479.2693333333</dst>
            <dst id="DNVRng">6021.62933333333</dst>
            <dst id="HSTNng">39974.4346666667</dst>
            <dst id="IPLSng">55381.5893333333</dst>
            <dst id="KSCYng">10858.736</dst>
            <dst id="LOSAng">25498.6213333333</dst>
            <dst id="NYCMng">72866.608</dst>
            <dst id="SNVAng">9344.02133333333</dst>
            <dst id="STTLng">37471.592</dst>
            <dst id="WASHng">102232.957333333</dst>
        </src>
        <src id="NYCMng">
            <dst id="ATLA-M5">1041.15466666667</dst>
            <dst id="ATLAng">24148.2106666667</dst>
            <dst id="CHINng">57436.4986666667</dst>
            <dst id="DNVRng">27293.2533333333</dst>
            <dst id="HSTNng">12561.152</dst>
            <dst id="IPLSng">53497.6266666667</dst>
            <dst id="KSCYng">17325.7466666667</dst>
            <dst id="LOSAng">51043.6693333333</dst>
            <dst id="NYCMng">237932.546666667</dst>
            <dst id="SNVAng">2014.29066666667</dst>
            <dst id="STTLng">26092.2826666667</dst>
            <dst id="WASHng">130701.008</dst>
        </src>
        <src id="SNVAng">
            <dst id="ATLA-M5">227.677333333333</dst>
            <dst id="ATLAng">1031.76533333333</dst>
            <dst id="CHINng">2336.112</dst>
            <dst id="DNVRng">815.944</dst>
            <dst id="HSTNng">164.536</dst>
            <dst id="IPLSng">1651.864</dst>
            <dst id="KSCYng">101.52</dst>
            <dst id="LOSAng">35406.7626666667</dst>
            <dst id="NYCMng">4033.08266666667</dst>
            <dst id="SNVAng">14538.776</dst>
            <dst id="STTLng">53283.6</dst>
            <dst id="WASHng">160.805333333333</dst>
        </src>
        <src id="STTLng">
            <dst id="ATLA-M5">1542.79733333333</dst>
            <dst id="ATLAng">5203.01866666667</dst>
            <dst id="CHINng">22309.7573333333</dst>
            <dst id="DNVRng">1939.95733333333</dst>
            <dst id="HSTNng">2192.89066666667</dst>
            <dst id="IPLSng">5188.992</dst>
            <dst id="KSCYng">2682.696</dst>
            <dst id="LOSAng">15600.5813333333</dst>
            <dst id="NYCMng">7518.744</dst>
            <dst id="SNVAng">3268.176</dst>
            <dst id="STTLng">6715.272</dst>
            <dst id="WASHng">14104.1733333333</dst>
        </src>
        <src id="WASHng">
            <dst id="ATLA-M5">711.914666666667</dst>
            <dst id="ATLAng">63207.2693333333</dst>
            <dst id="CHINng">76218.6746666667</dst>
            <dst id="DNVRng">58158.1653333333</dst>
            <dst id="HSTNng">9123.65066666666</dst>
            <dst id="IPLSng">54756.616</dst>
            <dst id="KSCYng">9579.488</dst>
            <dst id="LOSAng">96434.0533333334</dst>
            <dst id="NYCMng">144744.066666667</dst>
            <dst id="SNVAng">1226.55466666667</dst>
            <dst id="STTLng">33093.4133333333</dst>
            <dst id="WASHng">202612.218666667</dst>
        </src>
    </IntraTM>
</TrafficMatrixFile>
