<?xml version="1.0" encoding="ISO-8859-1" standalone="yes"?>
<TrafficMatrixFile xsi:noNamespaceSchemaLocation="http://totem.run.montefiore.ulg.ac.be/Schema/TrafficMatrix-v1_2.xsd" xmlns:xsi="http://www.w3.org/2001/XMLSchema-instance">
    <IntraTM ASID="11537">
        <src id="ATLA-M5">
            <dst id="ATLA-M5">26.6666666666667</dst>
            <dst id="ATLAng">144.245333333333</dst>
            <dst id="CHINng">546.378666666667</dst>
            <dst id="DNVRng">137.381333333333</dst>
            <dst id="HSTNng">57.256</dst>
            <dst id="IPLSng">1077.008</dst>
            <dst id="KSCYng">134.584</dst>
            <dst id="LOSAng">539.245333333333</dst>
            <dst id="NYCMng">620.546666666667</dst>
            <dst id="SNVAng">134.784</dst>
            <dst id="STTLng">243.682666666667</dst>
            <dst id="WASHng">1301.33066666667</dst>
        </src>
        <src id="ATLAng">
            <dst id="ATLA-M5">2369.03466666667</dst>
            <dst id="ATLAng">32232.2293333333</dst>
            <dst id="CHINng">27037.8293333333</dst>
            <dst id="DNVRng">7373.25333333333</dst>
            <dst id="HSTNng">3680.23733333333</dst>
            <dst id="IPLSng">21398.7013333333</dst>
            <dst id="KSCYng">2153.46666666667</dst>
            <dst id="LOSAng">21595.2213333333</dst>
            <dst id="NYCMng">5921.48533333333</dst>
            <dst id="SNVAng">791.592</dst>
            <dst id="STTLng">4814.75733333333</dst>
            <dst id="WASHng">39705.7466666667</dst>
        </src>
        <src id="CHINng">
            <dst id="ATLA-M5">3146.46933333333</dst>
            <dst id="ATLAng">18327.4613333333</dst>
            <dst id="CHINng">90577.496</dst>
            <dst id="DNVRng">21109.272</dst>
            <dst id="HSTNng">56829.5573333333</dst>
            <dst id="IPLSng">72236.8986666667</dst>
            <dst id="KSCYng">12485.0373333333</dst>
            <dst id="LOSAng">2061458.58666667</dst>
            <dst id="NYCMng">21666.648</dst>
            <dst id="SNVAng">1841.20266666667</dst>
            <dst id="STTLng">15240.3813333333</dst>
            <dst id="WASHng">29733.1946666667</dst>
        </src>
        <src id="DNVRng">
            <dst id="ATLA-M5">587.021333333333</dst>
            <dst id="ATLAng">6571.56266666667</dst>
            <dst id="CHINng">56294.4826666667</dst>
            <dst id="DNVRng">21408.4506666667</dst>
            <dst id="HSTNng">17863.0773333333</dst>
            <dst id="IPLSng">29770.064</dst>
            <dst id="KSCYng">19746.28</dst>
            <dst id="LOSAng">4735.57333333333</dst>
            <dst id="NYCMng">12002.8906666667</dst>
            <dst id="SNVAng">10369.376</dst>
            <dst id="STTLng">11488.7173333333</dst>
            <dst id="WASHng">39059.3546666667</dst>
        </src>
        <src id="HSTNng">
            <dst id="ATLA-M5">2807.47466666667</dst>
            <dst id="ATLAng">2889.808</dst>
            <dst id="CHINng">23709.7786666667</dst>
            <dst id="DNVRng">4348.688</dst>
            <dst id="HSTNng">6844.488</dst>
            <dst id="IPLSng">6414.488</dst>
            <dst id="KSCYng">3939.94133333333</dst>
            <dst id="LOSAng">9315.496</dst>
            <dst id="NYCMng">6105.952</dst>
            <dst id="SNVAng">1170.84533333333</dst>
            <dst id="STTLng">9656.41333333333</dst>
            <dst id="WASHng">10050.36</dst>
        </src>
        <src id="IPLSng">
            <dst id="ATLA-M5">4122.312</dst>
            <dst id="ATLAng">23249.6053333333</dst>
            <dst id="CHINng">113774.461333333</dst>
            <dst id="DNVRng">23673.3653333333</dst>
            <dst id="HSTNng">6679.4</dst>
            <dst id="IPLSng">20331.6053333333</dst>
            <dst id="KSCYng">7569.72266666667</dst>
            <dst id="LOSAng">56393.9226666667</dst>
            <dst id="NYCMng">48497.7413333333</dst>
            <dst id="SNVAng">1718.784</dst>
            <dst id="STTLng">17079.0426666667</dst>
            <dst id="WASHng">43189.5306666667</dst>
        </src>
        <src id="KSCYng">
            <dst id="ATLA-M5">397.906666666667</dst>
            <dst id="ATLAng">2310.11733333333</dst>
            <dst id="CHINng">24065.0293333333</dst>
            <dst id="DNVRng">10208.4293333333</dst>
            <dst id="HSTNng">3855.34133333333</dst>
            <dst id="IPLSng">15343.1413333333</dst>
            <dst id="KSCYng">6993.51733333333</dst>
            <dst id="LOSAng">5050.21866666667</dst>
            <dst id="NYCMng">7363.30666666667</dst>
            <dst id="SNVAng">1494.21066666667</dst>
            <dst id="STTLng">1250.95466666667</dst>
            <dst id="WASHng">14564.9066666667</dst>
        </src>
        <src id="LOSAng">
            <dst id="ATLA-M5">3701.96533333333</dst>
            <dst id="ATLAng">22515.2426666667</dst>
            <dst id="CHINng">1082211.38666667</dst>
            <dst id="DNVRng">10406.8293333333</dst>
            <dst id="HSTNng">31601.7786666667</dst>
            <dst id="IPLSng">44579.312</dst>
            <dst id="KSCYng">16969.6346666667</dst>
            <dst id="LOSAng">11415.6613333333</dst>
            <dst id="NYCMng">81610.5733333333</dst>
            <dst id="SNVAng">9387.09333333333</dst>
            <dst id="STTLng">23050.7973333333</dst>
            <dst id="WASHng">94300.08</dst>
        </src>
        <src id="NYCMng">
            <dst id="ATLA-M5">3706.32266666667</dst>
            <dst id="ATLAng">25484.144</dst>
            <dst id="CHINng">53531.0933333333</dst>
            <dst id="DNVRng">34472.6773333333</dst>
            <dst id="HSTNng">20316.7573333333</dst>
            <dst id="IPLSng">58508.7706666667</dst>
            <dst id="KSCYng">26996.528</dst>
            <dst id="LOSAng">87947.128</dst>
            <dst id="NYCMng">206727.765333333</dst>
            <dst id="SNVAng">3188.912</dst>
            <dst id="STTLng">19590.6053333333</dst>
            <dst id="WASHng">156460.344</dst>
        </src>
        <src id="SNVAng">
            <dst id="ATLA-M5">26.6666666666667</dst>
            <dst id="ATLAng">417.162666666667</dst>
            <dst id="CHINng">1251.66933333333</dst>
            <dst id="DNVRng">4940.02666666667</dst>
            <dst id="HSTNng">362.874666666667</dst>
            <dst id="IPLSng">1249.392</dst>
            <dst id="KSCYng">628.288</dst>
            <dst id="LOSAng">34590.408</dst>
            <dst id="NYCMng">954.410666666667</dst>
            <dst id="SNVAng">13561.9493333333</dst>
            <dst id="STTLng">49572.2293333333</dst>
            <dst id="WASHng">1115.55733333333</dst>
        </src>
        <src id="STTLng">
            <dst id="ATLA-M5">218.466666666667</dst>
            <dst id="ATLAng">10622.8453333333</dst>
            <dst id="CHINng">23183.0666666667</dst>
            <dst id="DNVRng">27289.352</dst>
            <dst id="HSTNng">7774.80266666667</dst>
            <dst id="IPLSng">7798.264</dst>
            <dst id="KSCYng">3630.28266666667</dst>
            <dst id="LOSAng">27161.824</dst>
            <dst id="NYCMng">7703.34666666667</dst>
            <dst id="SNVAng">6606.56</dst>
            <dst id="STTLng">11832.8293333333</dst>
            <dst id="WASHng">12988.0613333333</dst>
        </src>
        <src id="WASHng">
            <dst id="ATLA-M5">2308.27466666667</dst>
            <dst id="ATLAng">82210.5093333333</dst>
            <dst id="CHINng">88016.6213333333</dst>
            <dst id="DNVRng">51163.4586666667</dst>
            <dst id="HSTNng">33533.56</dst>
            <dst id="IPLSng">46398.808</dst>
            <dst id="KSCYng">18560.1253333333</dst>
            <dst id="LOSAng">107179.138666667</dst>
            <dst id="NYCMng">157224.168</dst>
            <dst id="SNVAng">7052.152</dst>
            <dst id="STTLng">26791.3413333333</dst>
            <dst id="WASHng">300973.306666667</dst>
        </src>
    </IntraTM>
</TrafficMatrixFile>
