<?xml version="1.0" encoding="ISO-8859-1" standalone="yes"?>
<TrafficMatrixFile xsi:noNamespaceSchemaLocation="http://totem.run.montefiore.ulg.ac.be/Schema/TrafficMatrix-v1_2.xsd" xmlns:xsi="http://www.w3.org/2001/XMLSchema-instance">
    <IntraTM ASID="11537">
        <src id="ATLA-M5">
            <dst id="ATLA-M5">76.216</dst>
            <dst id="ATLAng">329.4</dst>
            <dst id="CHINng">819.72</dst>
            <dst id="DNVRng">53.3333333333333</dst>
            <dst id="HSTNng">146.256</dst>
            <dst id="IPLSng">464.154666666667</dst>
            <dst id="KSCYng">794.437333333333</dst>
            <dst id="LOSAng">616.818666666667</dst>
            <dst id="NYCMng">845.746666666666</dst>
            <dst id="SNVAng">26.6666666666667</dst>
            <dst id="STTLng">520.245333333333</dst>
            <dst id="WASHng">992.578666666667</dst>
        </src>
        <src id="ATLAng">
            <dst id="ATLA-M5">864.125333333334</dst>
            <dst id="ATLAng">24879.88</dst>
            <dst id="CHINng">22278.8266666667</dst>
            <dst id="DNVRng">5893.57866666667</dst>
            <dst id="HSTNng">2167.77333333333</dst>
            <dst id="IPLSng">27762.6853333333</dst>
            <dst id="KSCYng">3673.12</dst>
            <dst id="LOSAng">25535.9626666667</dst>
            <dst id="NYCMng">12369.3146666667</dst>
            <dst id="SNVAng">1569.00533333333</dst>
            <dst id="STTLng">12667.4693333333</dst>
            <dst id="WASHng">38301.752</dst>
        </src>
        <src id="CHINng">
            <dst id="ATLA-M5">2069.42133333333</dst>
            <dst id="ATLAng">66831.7573333333</dst>
            <dst id="CHINng">96350.168</dst>
            <dst id="DNVRng">23175.9653333333</dst>
            <dst id="HSTNng">49720.2773333333</dst>
            <dst id="IPLSng">72797.448</dst>
            <dst id="KSCYng">16994.3573333333</dst>
            <dst id="LOSAng">77029.968</dst>
            <dst id="NYCMng">27144.1573333333</dst>
            <dst id="SNVAng">3696.25866666667</dst>
            <dst id="STTLng">13762.5173333333</dst>
            <dst id="WASHng">36889.9066666667</dst>
        </src>
        <src id="DNVRng">
            <dst id="ATLA-M5">228.304</dst>
            <dst id="ATLAng">4557.89333333333</dst>
            <dst id="CHINng">74269.7333333333</dst>
            <dst id="DNVRng">9400.53333333333</dst>
            <dst id="HSTNng">12464.7333333333</dst>
            <dst id="IPLSng">28874.336</dst>
            <dst id="KSCYng">16971.4293333333</dst>
            <dst id="LOSAng">12805.5466666667</dst>
            <dst id="NYCMng">18408.1013333333</dst>
            <dst id="SNVAng">11113.792</dst>
            <dst id="STTLng">8891.17066666667</dst>
            <dst id="WASHng">49654.296</dst>
        </src>
        <src id="HSTNng">
            <dst id="ATLA-M5">1150.82133333333</dst>
            <dst id="ATLAng">3830.40266666667</dst>
            <dst id="CHINng">29671.7546666667</dst>
            <dst id="DNVRng">4372.464</dst>
            <dst id="HSTNng">9689.19466666666</dst>
            <dst id="IPLSng">5974.67733333333</dst>
            <dst id="KSCYng">3487.68</dst>
            <dst id="LOSAng">11136.744</dst>
            <dst id="NYCMng">7098.76266666667</dst>
            <dst id="SNVAng">1354.89333333333</dst>
            <dst id="STTLng">3559.18133333333</dst>
            <dst id="WASHng">6891.94933333333</dst>
        </src>
        <src id="IPLSng">
            <dst id="ATLA-M5">582.432</dst>
            <dst id="ATLAng">29089.1306666667</dst>
            <dst id="CHINng">108186.826666667</dst>
            <dst id="DNVRng">14417.64</dst>
            <dst id="HSTNng">8013.22933333333</dst>
            <dst id="IPLSng">25790.52</dst>
            <dst id="KSCYng">9547.736</dst>
            <dst id="LOSAng">47801.624</dst>
            <dst id="NYCMng">53764.208</dst>
            <dst id="SNVAng">3435.95733333333</dst>
            <dst id="STTLng">20230.064</dst>
            <dst id="WASHng">57329.0133333333</dst>
        </src>
        <src id="KSCYng">
            <dst id="ATLA-M5">468.072</dst>
            <dst id="ATLAng">4726.68</dst>
            <dst id="CHINng">28811.0186666667</dst>
            <dst id="DNVRng">14301.9173333333</dst>
            <dst id="HSTNng">4683.952</dst>
            <dst id="IPLSng">14253.5146666667</dst>
            <dst id="KSCYng">10700.3733333333</dst>
            <dst id="LOSAng">7580.87733333333</dst>
            <dst id="NYCMng">6116.05866666667</dst>
            <dst id="SNVAng">1232.544</dst>
            <dst id="STTLng">3673.376</dst>
            <dst id="WASHng">22444.8346666667</dst>
        </src>
        <src id="LOSAng">
            <dst id="ATLA-M5">1293.62666666667</dst>
            <dst id="ATLAng">23601.1013333333</dst>
            <dst id="CHINng">85594.5253333333</dst>
            <dst id="DNVRng">14641.0613333333</dst>
            <dst id="HSTNng">10392.264</dst>
            <dst id="IPLSng">56542.1333333333</dst>
            <dst id="KSCYng">13637.5653333333</dst>
            <dst id="LOSAng">14699.5973333333</dst>
            <dst id="NYCMng">70315.456</dst>
            <dst id="SNVAng">12199.7226666667</dst>
            <dst id="STTLng">23700.664</dst>
            <dst id="WASHng">142339.581333333</dst>
        </src>
        <src id="NYCMng">
            <dst id="ATLA-M5">3146.76266666667</dst>
            <dst id="ATLAng">44615.472</dst>
            <dst id="CHINng">74377.1093333334</dst>
            <dst id="DNVRng">38602.1946666667</dst>
            <dst id="HSTNng">22611.936</dst>
            <dst id="IPLSng">68663.5546666667</dst>
            <dst id="KSCYng">23681.5866666667</dst>
            <dst id="LOSAng">81155.1173333333</dst>
            <dst id="NYCMng">219620.725333333</dst>
            <dst id="SNVAng">6688.856</dst>
            <dst id="STTLng">30216.56</dst>
            <dst id="WASHng">135110.362666667</dst>
        </src>
        <src id="SNVAng">
            <dst id="ATLA-M5">26.6666666666667</dst>
            <dst id="ATLAng">1026.432</dst>
            <dst id="CHINng">2035.99733333333</dst>
            <dst id="DNVRng">18976.8346666667</dst>
            <dst id="HSTNng">457.688</dst>
            <dst id="IPLSng">6535.408</dst>
            <dst id="KSCYng">262.704</dst>
            <dst id="LOSAng">68315.3786666667</dst>
            <dst id="NYCMng">6469.05866666667</dst>
            <dst id="SNVAng">19576.1253333333</dst>
            <dst id="STTLng">61582.6</dst>
            <dst id="WASHng">6000.91466666667</dst>
        </src>
        <src id="STTLng">
            <dst id="ATLA-M5">286.365333333333</dst>
            <dst id="ATLAng">10127.9146666667</dst>
            <dst id="CHINng">14830.8533333333</dst>
            <dst id="DNVRng">4200.71466666667</dst>
            <dst id="HSTNng">8409.89333333333</dst>
            <dst id="IPLSng">9176.512</dst>
            <dst id="KSCYng">6245.00266666667</dst>
            <dst id="LOSAng">39709.544</dst>
            <dst id="NYCMng">6770.73066666667</dst>
            <dst id="SNVAng">4629.38133333333</dst>
            <dst id="STTLng">4513.528</dst>
            <dst id="WASHng">10563.16</dst>
        </src>
        <src id="WASHng">
            <dst id="ATLA-M5">2089.992</dst>
            <dst id="ATLAng">82184.1973333333</dst>
            <dst id="CHINng">88490.528</dst>
            <dst id="DNVRng">55367.616</dst>
            <dst id="HSTNng">40213.5626666667</dst>
            <dst id="IPLSng">53277.0586666667</dst>
            <dst id="KSCYng">19843.92</dst>
            <dst id="LOSAng">133055.482666667</dst>
            <dst id="NYCMng">141146.837333333</dst>
            <dst id="SNVAng">5165.58933333333</dst>
            <dst id="STTLng">22329.7973333333</dst>
            <dst id="WASHng">206596.941333333</dst>
        </src>
    </IntraTM>
</TrafficMatrixFile>
