<?xml version="1.0" encoding="ISO-8859-1" standalone="yes"?>
<TrafficMatrixFile xsi:noNamespaceSchemaLocation="http://totem.run.montefiore.ulg.ac.be/Schema/TrafficMatrix-v1_2.xsd" xmlns:xsi="http://www.w3.org/2001/XMLSchema-instance">
    <IntraTM ASID="11537">
        <src id="ATLA-M5">
            <dst id="ATLA-M5">2014.32</dst>
            <dst id="ATLAng">80</dst>
            <dst id="CHINng">897.906666666667</dst>
            <dst id="DNVRng">80</dst>
            <dst id="HSTNng">53.3333333333333</dst>
            <dst id="IPLSng">921.549333333333</dst>
            <dst id="KSCYng">26.6666666666667</dst>
            <dst id="LOSAng">133.333333333333</dst>
            <dst id="NYCMng">275.549333333333</dst>
            <dst id="SNVAng">0</dst>
            <dst id="STTLng">53.3333333333333</dst>
            <dst id="WASHng">455.754666666667</dst>
        </src>
        <src id="ATLAng">
            <dst id="ATLA-M5">164.973333333333</dst>
            <dst id="ATLAng">30648.264</dst>
            <dst id="CHINng">13626.6986666667</dst>
            <dst id="DNVRng">2554.32</dst>
            <dst id="HSTNng">2009.89066666667</dst>
            <dst id="IPLSng">13598.2533333333</dst>
            <dst id="KSCYng">1945.13333333333</dst>
            <dst id="LOSAng">20241.0266666667</dst>
            <dst id="NYCMng">9967.65866666667</dst>
            <dst id="SNVAng">406.792</dst>
            <dst id="STTLng">4370.032</dst>
            <dst id="WASHng">34654.8</dst>
        </src>
        <src id="CHINng">
            <dst id="ATLA-M5">639.189333333333</dst>
            <dst id="ATLAng">14748.5146666667</dst>
            <dst id="CHINng">111093.269333333</dst>
            <dst id="DNVRng">19063.8933333333</dst>
            <dst id="HSTNng">44943.5973333333</dst>
            <dst id="IPLSng">34522.3893333333</dst>
            <dst id="KSCYng">14554.9786666667</dst>
            <dst id="LOSAng">45629.2613333333</dst>
            <dst id="NYCMng">18265.3306666667</dst>
            <dst id="SNVAng">1738.71733333333</dst>
            <dst id="STTLng">11117.904</dst>
            <dst id="WASHng">19883.9306666667</dst>
        </src>
        <src id="DNVRng">
            <dst id="ATLA-M5">836.210666666667</dst>
            <dst id="ATLAng">4785.69333333333</dst>
            <dst id="CHINng">63331.5626666667</dst>
            <dst id="DNVRng">12472.7946666667</dst>
            <dst id="HSTNng">12376.1493333333</dst>
            <dst id="IPLSng">29917.1333333333</dst>
            <dst id="KSCYng">18461.9253333333</dst>
            <dst id="LOSAng">6513.672</dst>
            <dst id="NYCMng">12957.2293333333</dst>
            <dst id="SNVAng">13816.6986666667</dst>
            <dst id="STTLng">9547.03466666667</dst>
            <dst id="WASHng">42561.6826666667</dst>
        </src>
        <src id="HSTNng">
            <dst id="ATLA-M5">177.173333333333</dst>
            <dst id="ATLAng">2841.09866666667</dst>
            <dst id="CHINng">23410.024</dst>
            <dst id="DNVRng">1889.72266666667</dst>
            <dst id="HSTNng">4488.992</dst>
            <dst id="IPLSng">2895.816</dst>
            <dst id="KSCYng">1294.30666666667</dst>
            <dst id="LOSAng">3641.16266666667</dst>
            <dst id="NYCMng">4013.728</dst>
            <dst id="SNVAng">319.954666666667</dst>
            <dst id="STTLng">1654.24533333333</dst>
            <dst id="WASHng">5146.144</dst>
        </src>
        <src id="IPLSng">
            <dst id="ATLA-M5">471.261333333333</dst>
            <dst id="ATLAng">19994.576</dst>
            <dst id="CHINng">74169.2826666667</dst>
            <dst id="DNVRng">10478.2853333333</dst>
            <dst id="HSTNng">2183.99466666667</dst>
            <dst id="IPLSng">15262.4693333333</dst>
            <dst id="KSCYng">5761.66666666667</dst>
            <dst id="LOSAng">22237.9813333333</dst>
            <dst id="NYCMng">52249.0133333333</dst>
            <dst id="SNVAng">2857.76266666667</dst>
            <dst id="STTLng">8177.83733333333</dst>
            <dst id="WASHng">34406.2746666667</dst>
        </src>
        <src id="KSCYng">
            <dst id="ATLA-M5">361.338666666667</dst>
            <dst id="ATLAng">2302.76</dst>
            <dst id="CHINng">25375.048</dst>
            <dst id="DNVRng">14840.6986666667</dst>
            <dst id="HSTNng">2759.352</dst>
            <dst id="IPLSng">16555.9973333333</dst>
            <dst id="KSCYng">5114.85066666667</dst>
            <dst id="LOSAng">7010.92533333333</dst>
            <dst id="NYCMng">3339.56533333333</dst>
            <dst id="SNVAng">1249.77333333333</dst>
            <dst id="STTLng">1802.62933333333</dst>
            <dst id="WASHng">11544.1493333333</dst>
        </src>
        <src id="LOSAng">
            <dst id="ATLA-M5">936.666666666667</dst>
            <dst id="ATLAng">21028.6853333333</dst>
            <dst id="CHINng">76826.9893333333</dst>
            <dst id="DNVRng">5404.59733333333</dst>
            <dst id="HSTNng">7875.624</dst>
            <dst id="IPLSng">22726.4346666667</dst>
            <dst id="KSCYng">9093.592</dst>
            <dst id="LOSAng">11545.264</dst>
            <dst id="NYCMng">65606.544</dst>
            <dst id="SNVAng">11215.944</dst>
            <dst id="STTLng">20521.1466666667</dst>
            <dst id="WASHng">134608.101333333</dst>
        </src>
        <src id="NYCMng">
            <dst id="ATLA-M5">955.333333333333</dst>
            <dst id="ATLAng">23540.2133333333</dst>
            <dst id="CHINng">49076.6346666667</dst>
            <dst id="DNVRng">34822.2613333333</dst>
            <dst id="HSTNng">10449.784</dst>
            <dst id="IPLSng">43435.4906666667</dst>
            <dst id="KSCYng">13617.6613333333</dst>
            <dst id="LOSAng">48942.6906666666</dst>
            <dst id="NYCMng">146000.117333333</dst>
            <dst id="SNVAng">1412.50666666667</dst>
            <dst id="STTLng">24268.5573333333</dst>
            <dst id="WASHng">139322.709333333</dst>
        </src>
        <src id="SNVAng">
            <dst id="ATLA-M5">0</dst>
            <dst id="ATLAng">176.816</dst>
            <dst id="CHINng">1153.44</dst>
            <dst id="DNVRng">14104.144</dst>
            <dst id="HSTNng">110.805333333333</dst>
            <dst id="IPLSng">347.309333333333</dst>
            <dst id="KSCYng">0</dst>
            <dst id="LOSAng">32872.6133333333</dst>
            <dst id="NYCMng">954.912</dst>
            <dst id="SNVAng">11362.1066666667</dst>
            <dst id="STTLng">51831.9546666667</dst>
            <dst id="WASHng">162.730666666667</dst>
        </src>
        <src id="STTLng">
            <dst id="ATLA-M5">0</dst>
            <dst id="ATLAng">6968.10666666667</dst>
            <dst id="CHINng">14089.9386666667</dst>
            <dst id="DNVRng">1523.57866666667</dst>
            <dst id="HSTNng">6608.59466666667</dst>
            <dst id="IPLSng">3093.14666666667</dst>
            <dst id="KSCYng">3906.14666666667</dst>
            <dst id="LOSAng">12269.4026666667</dst>
            <dst id="NYCMng">6266.216</dst>
            <dst id="SNVAng">3573.25866666667</dst>
            <dst id="STTLng">6232.27466666667</dst>
            <dst id="WASHng">6052.69333333333</dst>
        </src>
        <src id="WASHng">
            <dst id="ATLA-M5">749.530666666667</dst>
            <dst id="ATLAng">134678.034666667</dst>
            <dst id="CHINng">77780.6293333333</dst>
            <dst id="DNVRng">68223.0773333333</dst>
            <dst id="HSTNng">26011.9146666667</dst>
            <dst id="IPLSng">47900.4266666667</dst>
            <dst id="KSCYng">21043.7093333333</dst>
            <dst id="LOSAng">94896.392</dst>
            <dst id="NYCMng">143047.725333333</dst>
            <dst id="SNVAng">5576.53066666667</dst>
            <dst id="STTLng">36820.6853333333</dst>
            <dst id="WASHng">266172.48</dst>
        </src>
    </IntraTM>
</TrafficMatrixFile>
