<?xml version="1.0" encoding="ISO-8859-1" standalone="yes"?>
<TrafficMatrixFile xsi:noNamespaceSchemaLocation="http://totem.run.montefiore.ulg.ac.be/Schema/TrafficMatrix-v1_2.xsd" xmlns:xsi="http://www.w3.org/2001/XMLSchema-instance">
    <IntraTM ASID="11537">
        <src id="ATLA-M5">
            <dst id="ATLA-M5">57.0613333333333</dst>
            <dst id="ATLAng">26.6666666666667</dst>
            <dst id="CHINng">305.013333333333</dst>
            <dst id="DNVRng">0</dst>
            <dst id="HSTNng">185.242666666667</dst>
            <dst id="IPLSng">158.525333333333</dst>
            <dst id="KSCYng">262.133333333333</dst>
            <dst id="LOSAng">242.642666666667</dst>
            <dst id="NYCMng">1696.136</dst>
            <dst id="SNVAng">0</dst>
            <dst id="STTLng">0</dst>
            <dst id="WASHng">1533.368</dst>
        </src>
        <src id="ATLAng">
            <dst id="ATLA-M5">57.4746666666667</dst>
            <dst id="ATLAng">18447.9413333333</dst>
            <dst id="CHINng">15860.0426666667</dst>
            <dst id="DNVRng">3315.184</dst>
            <dst id="HSTNng">4839.84266666667</dst>
            <dst id="IPLSng">14792.9333333333</dst>
            <dst id="KSCYng">1134.68533333333</dst>
            <dst id="LOSAng">17445.6693333333</dst>
            <dst id="NYCMng">6075.68266666667</dst>
            <dst id="SNVAng">886.501333333333</dst>
            <dst id="STTLng">3745.49866666667</dst>
            <dst id="WASHng">31042.648</dst>
        </src>
        <src id="CHINng">
            <dst id="ATLA-M5">528.898666666667</dst>
            <dst id="ATLAng">20581.3706666667</dst>
            <dst id="CHINng">106875.874666667</dst>
            <dst id="DNVRng">9754.99466666667</dst>
            <dst id="HSTNng">47825.8533333333</dst>
            <dst id="IPLSng">46373.2613333333</dst>
            <dst id="KSCYng">10540.8613333333</dst>
            <dst id="LOSAng">45841.3653333333</dst>
            <dst id="NYCMng">17387.9253333333</dst>
            <dst id="SNVAng">2034.048</dst>
            <dst id="STTLng">18240.4053333333</dst>
            <dst id="WASHng">26269.0746666667</dst>
        </src>
        <src id="DNVRng">
            <dst id="ATLA-M5">93.3333333333333</dst>
            <dst id="ATLAng">6205.6</dst>
            <dst id="CHINng">86292.1173333333</dst>
            <dst id="DNVRng">8073.20266666667</dst>
            <dst id="HSTNng">20349.112</dst>
            <dst id="IPLSng">26482.5093333333</dst>
            <dst id="KSCYng">17076.0186666667</dst>
            <dst id="LOSAng">5800.08533333333</dst>
            <dst id="NYCMng">12603.92</dst>
            <dst id="SNVAng">9067.44533333333</dst>
            <dst id="STTLng">11006.7066666667</dst>
            <dst id="WASHng">36685.04</dst>
        </src>
        <src id="HSTNng">
            <dst id="ATLA-M5">5025.62933333333</dst>
            <dst id="ATLAng">7063.048</dst>
            <dst id="CHINng">18113.808</dst>
            <dst id="DNVRng">1240.29866666667</dst>
            <dst id="HSTNng">3821.99733333333</dst>
            <dst id="IPLSng">4921.22666666667</dst>
            <dst id="KSCYng">1050.71733333333</dst>
            <dst id="LOSAng">2542.144</dst>
            <dst id="NYCMng">2651.168</dst>
            <dst id="SNVAng">394.936</dst>
            <dst id="STTLng">4082.10666666667</dst>
            <dst id="WASHng">3614.32533333333</dst>
        </src>
        <src id="IPLSng">
            <dst id="ATLA-M5">363.474666666667</dst>
            <dst id="ATLAng">10748.776</dst>
            <dst id="CHINng">98578.48</dst>
            <dst id="DNVRng">5270.37066666667</dst>
            <dst id="HSTNng">4540.76533333333</dst>
            <dst id="IPLSng">13280.0453333333</dst>
            <dst id="KSCYng">4020.89066666667</dst>
            <dst id="LOSAng">20724.5173333333</dst>
            <dst id="NYCMng">50867.056</dst>
            <dst id="SNVAng">1598.552</dst>
            <dst id="STTLng">7888.536</dst>
            <dst id="WASHng">35837.1866666667</dst>
        </src>
        <src id="KSCYng">
            <dst id="ATLA-M5">105.381333333333</dst>
            <dst id="ATLAng">1945.29866666667</dst>
            <dst id="CHINng">32255.424</dst>
            <dst id="DNVRng">7772.544</dst>
            <dst id="HSTNng">3052.992</dst>
            <dst id="IPLSng">11176.0266666667</dst>
            <dst id="KSCYng">11359.328</dst>
            <dst id="LOSAng">3809.93866666667</dst>
            <dst id="NYCMng">4797.02666666667</dst>
            <dst id="SNVAng">52.1786666666667</dst>
            <dst id="STTLng">1773.35733333333</dst>
            <dst id="WASHng">17813.544</dst>
        </src>
        <src id="LOSAng">
            <dst id="ATLA-M5">1123.56</dst>
            <dst id="ATLAng">8876.73066666666</dst>
            <dst id="CHINng">73937.744</dst>
            <dst id="DNVRng">6546.41333333333</dst>
            <dst id="HSTNng">3887.74666666667</dst>
            <dst id="IPLSng">19069.9573333333</dst>
            <dst id="KSCYng">5897.34666666667</dst>
            <dst id="LOSAng">13204.072</dst>
            <dst id="NYCMng">58005.3066666667</dst>
            <dst id="SNVAng">6999.98666666667</dst>
            <dst id="STTLng">31374.5813333333</dst>
            <dst id="WASHng">70142.6826666667</dst>
        </src>
        <src id="NYCMng">
            <dst id="ATLA-M5">1996.66666666667</dst>
            <dst id="ATLAng">13478.9146666667</dst>
            <dst id="CHINng">46626.872</dst>
            <dst id="DNVRng">28241.5066666667</dst>
            <dst id="HSTNng">8619.44266666667</dst>
            <dst id="IPLSng">31138.52</dst>
            <dst id="KSCYng">11408.7466666667</dst>
            <dst id="LOSAng">57783.9093333333</dst>
            <dst id="NYCMng">162359.573333333</dst>
            <dst id="SNVAng">2858.42666666667</dst>
            <dst id="STTLng">25115.168</dst>
            <dst id="WASHng">87555.7386666667</dst>
        </src>
        <src id="SNVAng">
            <dst id="ATLA-M5">26.6666666666667</dst>
            <dst id="ATLAng">26.6666666666667</dst>
            <dst id="CHINng">1449.088</dst>
            <dst id="DNVRng">10371.928</dst>
            <dst id="HSTNng">625.578666666667</dst>
            <dst id="IPLSng">314.104</dst>
            <dst id="KSCYng">124.536</dst>
            <dst id="LOSAng">27118.6666666667</dst>
            <dst id="NYCMng">1035.37866666667</dst>
            <dst id="SNVAng">11237.6506666667</dst>
            <dst id="STTLng">43823.016</dst>
            <dst id="WASHng">152.584</dst>
        </src>
        <src id="STTLng">
            <dst id="ATLA-M5">168.032</dst>
            <dst id="ATLAng">4686.736</dst>
            <dst id="CHINng">16338.9706666667</dst>
            <dst id="DNVRng">954.437333333333</dst>
            <dst id="HSTNng">1770.38933333333</dst>
            <dst id="IPLSng">6182.41066666667</dst>
            <dst id="KSCYng">2470.56533333333</dst>
            <dst id="LOSAng">17809.592</dst>
            <dst id="NYCMng">5959.392</dst>
            <dst id="SNVAng">5483.104</dst>
            <dst id="STTLng">3575.20533333333</dst>
            <dst id="WASHng">14217.3146666667</dst>
        </src>
        <src id="WASHng">
            <dst id="ATLA-M5">392.210666666667</dst>
            <dst id="ATLAng">62663.888</dst>
            <dst id="CHINng">58054.6026666667</dst>
            <dst id="DNVRng">63930.3946666667</dst>
            <dst id="HSTNng">6561.88</dst>
            <dst id="IPLSng">59163.8</dst>
            <dst id="KSCYng">15609.5546666667</dst>
            <dst id="LOSAng">86262.088</dst>
            <dst id="NYCMng">161908.426666667</dst>
            <dst id="SNVAng">4521.264</dst>
            <dst id="STTLng">23248.12</dst>
            <dst id="WASHng">212534.458666667</dst>
        </src>
    </IntraTM>
</TrafficMatrixFile>
