<?xml version="1.0" encoding="ISO-8859-1" standalone="yes"?>
<TrafficMatrixFile xsi:noNamespaceSchemaLocation="http://totem.run.montefiore.ulg.ac.be/Schema/TrafficMatrix-v1_2.xsd" xmlns:xsi="http://www.w3.org/2001/XMLSchema-instance">
    <IntraTM ASID="11537">
        <src id="ATLA-M5">
            <dst id="ATLA-M5">45.4933333333333</dst>
            <dst id="ATLAng">78.616</dst>
            <dst id="CHINng">827.696</dst>
            <dst id="DNVRng">571.744</dst>
            <dst id="HSTNng">81.952</dst>
            <dst id="IPLSng">867.549333333333</dst>
            <dst id="KSCYng">500.682666666667</dst>
            <dst id="LOSAng">731.024</dst>
            <dst id="NYCMng">392.925333333333</dst>
            <dst id="SNVAng">36.736</dst>
            <dst id="STTLng">26.6666666666667</dst>
            <dst id="WASHng">1244.51466666667</dst>
        </src>
        <src id="ATLAng">
            <dst id="ATLA-M5">401.296</dst>
            <dst id="ATLAng">48906.7253333333</dst>
            <dst id="CHINng">27680.872</dst>
            <dst id="DNVRng">5708.92533333333</dst>
            <dst id="HSTNng">2829.04</dst>
            <dst id="IPLSng">28478.912</dst>
            <dst id="KSCYng">6490.38933333334</dst>
            <dst id="LOSAng">20885.2853333333</dst>
            <dst id="NYCMng">6755.312</dst>
            <dst id="SNVAng">1263.352</dst>
            <dst id="STTLng">7145.38666666667</dst>
            <dst id="WASHng">104255.474666667</dst>
        </src>
        <src id="CHINng">
            <dst id="ATLA-M5">1217.168</dst>
            <dst id="ATLAng">29431.4853333333</dst>
            <dst id="CHINng">100579.797333333</dst>
            <dst id="DNVRng">21137.4773333333</dst>
            <dst id="HSTNng">51528.3573333333</dst>
            <dst id="IPLSng">55795.6586666667</dst>
            <dst id="KSCYng">14308.8746666667</dst>
            <dst id="LOSAng">80293.1786666666</dst>
            <dst id="NYCMng">32049.5146666667</dst>
            <dst id="SNVAng">2512.744</dst>
            <dst id="STTLng">9485.496</dst>
            <dst id="WASHng">36317.9093333333</dst>
        </src>
        <src id="DNVRng">
            <dst id="ATLA-M5">335.824</dst>
            <dst id="ATLAng">4799.128</dst>
            <dst id="CHINng">69150.4266666667</dst>
            <dst id="DNVRng">12437.9866666667</dst>
            <dst id="HSTNng">16161.424</dst>
            <dst id="IPLSng">29785.1413333333</dst>
            <dst id="KSCYng">16461.168</dst>
            <dst id="LOSAng">11145.2426666667</dst>
            <dst id="NYCMng">14454.776</dst>
            <dst id="SNVAng">10258.7733333333</dst>
            <dst id="STTLng">10302.5866666667</dst>
            <dst id="WASHng">53799.936</dst>
        </src>
        <src id="HSTNng">
            <dst id="ATLA-M5">428.781333333333</dst>
            <dst id="ATLAng">5806.008</dst>
            <dst id="CHINng">22809.5653333333</dst>
            <dst id="DNVRng">4022.52</dst>
            <dst id="HSTNng">7909.288</dst>
            <dst id="IPLSng">6165.52</dst>
            <dst id="KSCYng">6466.90666666667</dst>
            <dst id="LOSAng">7912.78933333333</dst>
            <dst id="NYCMng">5454.832</dst>
            <dst id="SNVAng">1534.376</dst>
            <dst id="STTLng">3295.38666666667</dst>
            <dst id="WASHng">7248.224</dst>
        </src>
        <src id="IPLSng">
            <dst id="ATLA-M5">718.338666666667</dst>
            <dst id="ATLAng">35240.7573333333</dst>
            <dst id="CHINng">121275.546666667</dst>
            <dst id="DNVRng">10388.2133333333</dst>
            <dst id="HSTNng">6467.56</dst>
            <dst id="IPLSng">18334.0586666667</dst>
            <dst id="KSCYng">7839.64533333333</dst>
            <dst id="LOSAng">49528.6106666667</dst>
            <dst id="NYCMng">50946.8026666667</dst>
            <dst id="SNVAng">2302.89866666667</dst>
            <dst id="STTLng">10329.928</dst>
            <dst id="WASHng">51394.848</dst>
        </src>
        <src id="KSCYng">
            <dst id="ATLA-M5">280.232</dst>
            <dst id="ATLAng">4051.77066666667</dst>
            <dst id="CHINng">30106.8266666667</dst>
            <dst id="DNVRng">20239.792</dst>
            <dst id="HSTNng">4219.928</dst>
            <dst id="IPLSng">18999.3333333333</dst>
            <dst id="KSCYng">12602.5093333333</dst>
            <dst id="LOSAng">10468.9946666667</dst>
            <dst id="NYCMng">9096.48533333333</dst>
            <dst id="SNVAng">1000.88266666667</dst>
            <dst id="STTLng">3661.808</dst>
            <dst id="WASHng">18226.5226666667</dst>
        </src>
        <src id="LOSAng">
            <dst id="ATLA-M5">1146.648</dst>
            <dst id="ATLAng">37029.544</dst>
            <dst id="CHINng">99240.5786666666</dst>
            <dst id="DNVRng">11753.9093333333</dst>
            <dst id="HSTNng">8353.18666666667</dst>
            <dst id="IPLSng">54554.4613333333</dst>
            <dst id="KSCYng">15190.976</dst>
            <dst id="LOSAng">15065.6053333333</dst>
            <dst id="NYCMng">69320.4026666666</dst>
            <dst id="SNVAng">16913.808</dst>
            <dst id="STTLng">27986.8213333333</dst>
            <dst id="WASHng">104134.32</dst>
        </src>
        <src id="NYCMng">
            <dst id="ATLA-M5">3254.70666666667</dst>
            <dst id="ATLAng">46159.184</dst>
            <dst id="CHINng">74752.2586666667</dst>
            <dst id="DNVRng">35866.9493333333</dst>
            <dst id="HSTNng">22776.36</dst>
            <dst id="IPLSng">64338.224</dst>
            <dst id="KSCYng">23727.1386666667</dst>
            <dst id="LOSAng">88066.4026666666</dst>
            <dst id="NYCMng">192423.842666667</dst>
            <dst id="SNVAng">3661.184</dst>
            <dst id="STTLng">24597.9306666667</dst>
            <dst id="WASHng">127811.229333333</dst>
        </src>
        <src id="SNVAng">
            <dst id="ATLA-M5">126.981333333333</dst>
            <dst id="ATLAng">104.610666666667</dst>
            <dst id="CHINng">2281.20266666667</dst>
            <dst id="DNVRng">7289.464</dst>
            <dst id="HSTNng">426.88</dst>
            <dst id="IPLSng">2173.94933333333</dst>
            <dst id="KSCYng">192.144</dst>
            <dst id="LOSAng">63296.5706666667</dst>
            <dst id="NYCMng">5174.10666666667</dst>
            <dst id="SNVAng">23638.9013333333</dst>
            <dst id="STTLng">55684.8026666667</dst>
            <dst id="WASHng">1343.37066666667</dst>
        </src>
        <src id="STTLng">
            <dst id="ATLA-M5">196.072</dst>
            <dst id="ATLAng">8947.62933333333</dst>
            <dst id="CHINng">13487.6986666667</dst>
            <dst id="DNVRng">4268.368</dst>
            <dst id="HSTNng">7092.93866666667</dst>
            <dst id="IPLSng">10260.72</dst>
            <dst id="KSCYng">3952.848</dst>
            <dst id="LOSAng">43731.2746666667</dst>
            <dst id="NYCMng">6611.92533333333</dst>
            <dst id="SNVAng">4242.25333333333</dst>
            <dst id="STTLng">4018.18933333333</dst>
            <dst id="WASHng">9282.86666666667</dst>
        </src>
        <src id="WASHng">
            <dst id="ATLA-M5">2790.39733333333</dst>
            <dst id="ATLAng">101884.090666667</dst>
            <dst id="CHINng">79252.5093333333</dst>
            <dst id="DNVRng">56790.4853333333</dst>
            <dst id="HSTNng">33225.856</dst>
            <dst id="IPLSng">51353.7813333333</dst>
            <dst id="KSCYng">34620.624</dst>
            <dst id="LOSAng">142688.341333333</dst>
            <dst id="NYCMng">190034.4</dst>
            <dst id="SNVAng">8810.61333333333</dst>
            <dst id="STTLng">29489.04</dst>
            <dst id="WASHng">226178.218666667</dst>
        </src>
    </IntraTM>
</TrafficMatrixFile>
