<?xml version="1.0" encoding="ISO-8859-1" standalone="yes"?>
<TrafficMatrixFile xsi:noNamespaceSchemaLocation="http://totem.run.montefiore.ulg.ac.be/Schema/TrafficMatrix-v1_2.xsd" xmlns:xsi="http://www.w3.org/2001/XMLSchema-instance">
    <IntraTM ASID="11537">
        <src id="ATLA-M5">
            <dst id="ATLA-M5">26.6666666666667</dst>
            <dst id="ATLAng">106.666666666667</dst>
            <dst id="CHINng">1197.32266666667</dst>
            <dst id="DNVRng">644.045333333333</dst>
            <dst id="HSTNng">118.208</dst>
            <dst id="IPLSng">562.389333333333</dst>
            <dst id="KSCYng">353.645333333333</dst>
            <dst id="LOSAng">636.549333333333</dst>
            <dst id="NYCMng">240</dst>
            <dst id="SNVAng">116.906666666667</dst>
            <dst id="STTLng">44.2346666666667</dst>
            <dst id="WASHng">1496.57866666667</dst>
        </src>
        <src id="ATLAng">
            <dst id="ATLA-M5">341.642666666667</dst>
            <dst id="ATLAng">23499.6906666667</dst>
            <dst id="CHINng">31167.104</dst>
            <dst id="DNVRng">5093.62933333333</dst>
            <dst id="HSTNng">1981.86666666667</dst>
            <dst id="IPLSng">23324.232</dst>
            <dst id="KSCYng">6768.57866666667</dst>
            <dst id="LOSAng">21688.2666666667</dst>
            <dst id="NYCMng">8679.664</dst>
            <dst id="SNVAng">361.048</dst>
            <dst id="STTLng">10458.168</dst>
            <dst id="WASHng">111424.530666667</dst>
        </src>
        <src id="CHINng">
            <dst id="ATLA-M5">1025.56</dst>
            <dst id="ATLAng">25648.0026666667</dst>
            <dst id="CHINng">99772.464</dst>
            <dst id="DNVRng">19889.88</dst>
            <dst id="HSTNng">52367.1786666667</dst>
            <dst id="IPLSng">54821.504</dst>
            <dst id="KSCYng">11908.2826666667</dst>
            <dst id="LOSAng">80963.0506666667</dst>
            <dst id="NYCMng">32448.4986666667</dst>
            <dst id="SNVAng">2459.128</dst>
            <dst id="STTLng">10649.4933333333</dst>
            <dst id="WASHng">35258.352</dst>
        </src>
        <src id="DNVRng">
            <dst id="ATLA-M5">291.013333333333</dst>
            <dst id="ATLAng">5100.18133333333</dst>
            <dst id="CHINng">74734.7733333333</dst>
            <dst id="DNVRng">13632.0026666667</dst>
            <dst id="HSTNng">16789.944</dst>
            <dst id="IPLSng">27740.7493333333</dst>
            <dst id="KSCYng">28552.5226666667</dst>
            <dst id="LOSAng">11568.5386666667</dst>
            <dst id="NYCMng">16931.216</dst>
            <dst id="SNVAng">11620.808</dst>
            <dst id="STTLng">12442.9813333333</dst>
            <dst id="WASHng">61919.832</dst>
        </src>
        <src id="HSTNng">
            <dst id="ATLA-M5">777.549333333333</dst>
            <dst id="ATLAng">5268.38933333333</dst>
            <dst id="CHINng">24089.0666666667</dst>
            <dst id="DNVRng">3654.632</dst>
            <dst id="HSTNng">10510.7653333333</dst>
            <dst id="IPLSng">5823.14133333333</dst>
            <dst id="KSCYng">7924.352</dst>
            <dst id="LOSAng">11240.4906666667</dst>
            <dst id="NYCMng">5560.63733333333</dst>
            <dst id="SNVAng">761.514666666667</dst>
            <dst id="STTLng">1567.128</dst>
            <dst id="WASHng">6706.79466666667</dst>
        </src>
        <src id="IPLSng">
            <dst id="ATLA-M5">559.210666666667</dst>
            <dst id="ATLAng">34612.072</dst>
            <dst id="CHINng">117760.152</dst>
            <dst id="DNVRng">11427.9226666667</dst>
            <dst id="HSTNng">6324.91733333333</dst>
            <dst id="IPLSng">19970.9946666667</dst>
            <dst id="KSCYng">21507.8346666667</dst>
            <dst id="LOSAng">53792.5786666667</dst>
            <dst id="NYCMng">51553.5786666667</dst>
            <dst id="SNVAng">3665.2</dst>
            <dst id="STTLng">11198.7066666667</dst>
            <dst id="WASHng">62523.5413333333</dst>
        </src>
        <src id="KSCYng">
            <dst id="ATLA-M5">233.125333333333</dst>
            <dst id="ATLAng">3139.208</dst>
            <dst id="CHINng">27390.2986666667</dst>
            <dst id="DNVRng">21740.9466666667</dst>
            <dst id="HSTNng">3742.16533333333</dst>
            <dst id="IPLSng">21124.6133333333</dst>
            <dst id="KSCYng">13831.1386666667</dst>
            <dst id="LOSAng">6387.49066666667</dst>
            <dst id="NYCMng">7475.688</dst>
            <dst id="SNVAng">1300.36533333333</dst>
            <dst id="STTLng">4942.47466666667</dst>
            <dst id="WASHng">18034.9733333333</dst>
        </src>
        <src id="LOSAng">
            <dst id="ATLA-M5">1388.62666666667</dst>
            <dst id="ATLAng">44429.3013333333</dst>
            <dst id="CHINng">87120.7093333333</dst>
            <dst id="DNVRng">15065.9013333333</dst>
            <dst id="HSTNng">7690.104</dst>
            <dst id="IPLSng">52204.0213333333</dst>
            <dst id="KSCYng">19420.2533333333</dst>
            <dst id="LOSAng">15630.6026666667</dst>
            <dst id="NYCMng">74740.1866666667</dst>
            <dst id="SNVAng">11039.984</dst>
            <dst id="STTLng">31103.6826666667</dst>
            <dst id="WASHng">115927.634666667</dst>
        </src>
        <src id="NYCMng">
            <dst id="ATLA-M5">2751.82666666667</dst>
            <dst id="ATLAng">45750.9866666667</dst>
            <dst id="CHINng">76923.9333333333</dst>
            <dst id="DNVRng">35213.1173333333</dst>
            <dst id="HSTNng">21771.1093333333</dst>
            <dst id="IPLSng">84023.072</dst>
            <dst id="KSCYng">20785.4853333333</dst>
            <dst id="LOSAng">89369.584</dst>
            <dst id="NYCMng">208191.490666667</dst>
            <dst id="SNVAng">4885.37066666667</dst>
            <dst id="STTLng">26130.6693333333</dst>
            <dst id="WASHng">127345.013333333</dst>
        </src>
        <src id="SNVAng">
            <dst id="ATLA-M5">171.917333333333</dst>
            <dst id="ATLAng">146.226666666667</dst>
            <dst id="CHINng">1777.95733333333</dst>
            <dst id="DNVRng">7822.75733333333</dst>
            <dst id="HSTNng">1266.424</dst>
            <dst id="IPLSng">1601.912</dst>
            <dst id="KSCYng">592.618666666667</dst>
            <dst id="LOSAng">56014.9706666667</dst>
            <dst id="NYCMng">13711.184</dst>
            <dst id="SNVAng">24471.6613333333</dst>
            <dst id="STTLng">61633.368</dst>
            <dst id="WASHng">1539.44533333333</dst>
        </src>
        <src id="STTLng">
            <dst id="ATLA-M5">147.253333333333</dst>
            <dst id="ATLAng">8500.71733333333</dst>
            <dst id="CHINng">14262.3706666667</dst>
            <dst id="DNVRng">4179.4</dst>
            <dst id="HSTNng">7212.22666666667</dst>
            <dst id="IPLSng">8163.12</dst>
            <dst id="KSCYng">3052.768</dst>
            <dst id="LOSAng">43447.8693333333</dst>
            <dst id="NYCMng">7423.60533333333</dst>
            <dst id="SNVAng">4614.09866666667</dst>
            <dst id="STTLng">5173.57333333333</dst>
            <dst id="WASHng">8484.904</dst>
        </src>
        <src id="WASHng">
            <dst id="ATLA-M5">2544.32533333333</dst>
            <dst id="ATLAng">116568.346666667</dst>
            <dst id="CHINng">92348.4373333333</dst>
            <dst id="DNVRng">55989.1573333333</dst>
            <dst id="HSTNng">30995.8693333333</dst>
            <dst id="IPLSng">54209.8773333333</dst>
            <dst id="KSCYng">30216.9386666667</dst>
            <dst id="LOSAng">140265.810666667</dst>
            <dst id="NYCMng">191488.562666667</dst>
            <dst id="SNVAng">8760.192</dst>
            <dst id="STTLng">26666.8506666667</dst>
            <dst id="WASHng">238843.688</dst>
        </src>
    </IntraTM>
</TrafficMatrixFile>
