<?xml version="1.0" encoding="ISO-8859-1" standalone="yes"?>
<TrafficMatrixFile xsi:noNamespaceSchemaLocation="http://totem.run.montefiore.ulg.ac.be/Schema/TrafficMatrix-v1_2.xsd" xmlns:xsi="http://www.w3.org/2001/XMLSchema-instance">
    <IntraTM ASID="11537">
        <src id="ATLA-M5">
            <dst id="ATLA-M5">176.282666666667</dst>
            <dst id="ATLAng">185.197333333333</dst>
            <dst id="CHINng">1242.63466666667</dst>
            <dst id="DNVRng">80</dst>
            <dst id="HSTNng">148.096</dst>
            <dst id="IPLSng">1414.87733333333</dst>
            <dst id="KSCYng">292.850666666667</dst>
            <dst id="LOSAng">282.101333333333</dst>
            <dst id="NYCMng">1155.06933333333</dst>
            <dst id="SNVAng">183.914666666667</dst>
            <dst id="STTLng">80</dst>
            <dst id="WASHng">1708.04266666667</dst>
        </src>
        <src id="ATLAng">
            <dst id="ATLA-M5">936.352</dst>
            <dst id="ATLAng">37555.4026666667</dst>
            <dst id="CHINng">38614.1173333333</dst>
            <dst id="DNVRng">5634.856</dst>
            <dst id="HSTNng">7004.18666666667</dst>
            <dst id="IPLSng">22835.0293333333</dst>
            <dst id="KSCYng">2758.392</dst>
            <dst id="LOSAng">41202.0053333333</dst>
            <dst id="NYCMng">7213.51733333333</dst>
            <dst id="SNVAng">1288.73066666667</dst>
            <dst id="STTLng">3822.34666666667</dst>
            <dst id="WASHng">46104.0986666667</dst>
        </src>
        <src id="CHINng">
            <dst id="ATLA-M5">2608.01066666667</dst>
            <dst id="ATLAng">40670.8773333333</dst>
            <dst id="CHINng">98415.5786666667</dst>
            <dst id="DNVRng">19269.3786666667</dst>
            <dst id="HSTNng">54474.152</dst>
            <dst id="IPLSng">55055.5226666667</dst>
            <dst id="KSCYng">16972.568</dst>
            <dst id="LOSAng">1089737.49333333</dst>
            <dst id="NYCMng">19779.6773333333</dst>
            <dst id="SNVAng">2740.50133333333</dst>
            <dst id="STTLng">19527.1946666667</dst>
            <dst id="WASHng">24363.832</dst>
        </src>
        <src id="DNVRng">
            <dst id="ATLA-M5">970.616</dst>
            <dst id="ATLAng">10917.912</dst>
            <dst id="CHINng">62720.3733333333</dst>
            <dst id="DNVRng">7660</dst>
            <dst id="HSTNng">18203.8133333333</dst>
            <dst id="IPLSng">33339.9706666667</dst>
            <dst id="KSCYng">21556.808</dst>
            <dst id="LOSAng">5805.432</dst>
            <dst id="NYCMng">18055.352</dst>
            <dst id="SNVAng">8052.16266666667</dst>
            <dst id="STTLng">9157.53066666667</dst>
            <dst id="WASHng">53651.1386666667</dst>
        </src>
        <src id="HSTNng">
            <dst id="ATLA-M5">4872.79733333333</dst>
            <dst id="ATLAng">5178.58933333333</dst>
            <dst id="CHINng">23248.3546666667</dst>
            <dst id="DNVRng">4049.36</dst>
            <dst id="HSTNng">4676.68</dst>
            <dst id="IPLSng">6921.98666666666</dst>
            <dst id="KSCYng">3769.11466666667</dst>
            <dst id="LOSAng">6251.88266666667</dst>
            <dst id="NYCMng">4358.22933333333</dst>
            <dst id="SNVAng">3507.82666666667</dst>
            <dst id="STTLng">9591.64533333333</dst>
            <dst id="WASHng">8631.22133333333</dst>
        </src>
        <src id="IPLSng">
            <dst id="ATLA-M5">1069.032</dst>
            <dst id="ATLAng">18613.7386666667</dst>
            <dst id="CHINng">129371.352</dst>
            <dst id="DNVRng">21583.7306666667</dst>
            <dst id="HSTNng">6075.47466666667</dst>
            <dst id="IPLSng">21706.6906666667</dst>
            <dst id="KSCYng">8883.45066666667</dst>
            <dst id="LOSAng">59701.9653333333</dst>
            <dst id="NYCMng">51931.24</dst>
            <dst id="SNVAng">1994.44266666667</dst>
            <dst id="STTLng">15970.1093333333</dst>
            <dst id="WASHng">37260.9013333333</dst>
        </src>
        <src id="KSCYng">
            <dst id="ATLA-M5">686.626666666667</dst>
            <dst id="ATLAng">3107.24266666667</dst>
            <dst id="CHINng">27002.744</dst>
            <dst id="DNVRng">9990.39466666667</dst>
            <dst id="HSTNng">9890.83733333333</dst>
            <dst id="IPLSng">11327.1493333333</dst>
            <dst id="KSCYng">7039.24266666667</dst>
            <dst id="LOSAng">8749.456</dst>
            <dst id="NYCMng">6817.424</dst>
            <dst id="SNVAng">776.741333333333</dst>
            <dst id="STTLng">1457.95466666667</dst>
            <dst id="WASHng">12803.6133333333</dst>
        </src>
        <src id="LOSAng">
            <dst id="ATLA-M5">1107.77866666667</dst>
            <dst id="ATLAng">15737.544</dst>
            <dst id="CHINng">1088712.93333333</dst>
            <dst id="DNVRng">11775.752</dst>
            <dst id="HSTNng">14653.6746666667</dst>
            <dst id="IPLSng">43146.5733333333</dst>
            <dst id="KSCYng">9063.01333333333</dst>
            <dst id="LOSAng">13188.5173333333</dst>
            <dst id="NYCMng">80813.7093333333</dst>
            <dst id="SNVAng">8313.90666666667</dst>
            <dst id="STTLng">34130.5093333333</dst>
            <dst id="WASHng">96163.0266666667</dst>
        </src>
        <src id="NYCMng">
            <dst id="ATLA-M5">802.002666666667</dst>
            <dst id="ATLAng">31551.808</dst>
            <dst id="CHINng">50951.648</dst>
            <dst id="DNVRng">37152.6053333333</dst>
            <dst id="HSTNng">18291.048</dst>
            <dst id="IPLSng">69389.952</dst>
            <dst id="KSCYng">20857.384</dst>
            <dst id="LOSAng">100875.834666667</dst>
            <dst id="NYCMng">207393.114666667</dst>
            <dst id="SNVAng">5305.11466666667</dst>
            <dst id="STTLng">17152.9066666667</dst>
            <dst id="WASHng">128907.837333333</dst>
        </src>
        <src id="SNVAng">
            <dst id="ATLA-M5">88.112</dst>
            <dst id="ATLAng">825.717333333333</dst>
            <dst id="CHINng">1070.14133333333</dst>
            <dst id="DNVRng">6421.32</dst>
            <dst id="HSTNng">193.173333333333</dst>
            <dst id="IPLSng">1079.70933333333</dst>
            <dst id="KSCYng">671.736</dst>
            <dst id="LOSAng">52450.824</dst>
            <dst id="NYCMng">3605.752</dst>
            <dst id="SNVAng">15371.392</dst>
            <dst id="STTLng">53938.4346666667</dst>
            <dst id="WASHng">724.274666666667</dst>
        </src>
        <src id="STTLng">
            <dst id="ATLA-M5">135.104</dst>
            <dst id="ATLAng">10949.3413333333</dst>
            <dst id="CHINng">24565.688</dst>
            <dst id="DNVRng">7527.056</dst>
            <dst id="HSTNng">12226.3973333333</dst>
            <dst id="IPLSng">8100.36266666667</dst>
            <dst id="KSCYng">5203.42133333333</dst>
            <dst id="LOSAng">24939.4746666667</dst>
            <dst id="NYCMng">7212.944</dst>
            <dst id="SNVAng">5307.92533333333</dst>
            <dst id="STTLng">6434.66666666667</dst>
            <dst id="WASHng">12216.8933333333</dst>
        </src>
        <src id="WASHng">
            <dst id="ATLA-M5">820.032</dst>
            <dst id="ATLAng">239493.477333333</dst>
            <dst id="CHINng">58303.984</dst>
            <dst id="DNVRng">44660.3173333333</dst>
            <dst id="HSTNng">15675.408</dst>
            <dst id="IPLSng">53836.2186666667</dst>
            <dst id="KSCYng">18320.9653333333</dst>
            <dst id="LOSAng">109513.637333333</dst>
            <dst id="NYCMng">145274.877333333</dst>
            <dst id="SNVAng">9982.06666666667</dst>
            <dst id="STTLng">34920.216</dst>
            <dst id="WASHng">228724.042666667</dst>
        </src>
    </IntraTM>
</TrafficMatrixFile>
