<?xml version="1.0" encoding="ISO-8859-1" standalone="yes"?>
<TrafficMatrixFile xsi:noNamespaceSchemaLocation="http://totem.run.montefiore.ulg.ac.be/Schema/TrafficMatrix-v1_2.xsd" xmlns:xsi="http://www.w3.org/2001/XMLSchema-instance">
    <IntraTM ASID="11537">
        <src id="ATLA-M5">
            <dst id="ATLA-M5">1635.65333333333</dst>
            <dst id="ATLAng">134.773333333333</dst>
            <dst id="CHINng">1708.696</dst>
            <dst id="DNVRng">172.245333333333</dst>
            <dst id="HSTNng">214.549333333333</dst>
            <dst id="IPLSng">806.296</dst>
            <dst id="KSCYng">178.474666666667</dst>
            <dst id="LOSAng">53.3333333333333</dst>
            <dst id="NYCMng">886.605333333333</dst>
            <dst id="SNVAng">0</dst>
            <dst id="STTLng">235.306666666667</dst>
            <dst id="WASHng">2000.936</dst>
        </src>
        <src id="ATLAng">
            <dst id="ATLA-M5">103.693333333333</dst>
            <dst id="ATLAng">32697.8586666667</dst>
            <dst id="CHINng">15876.552</dst>
            <dst id="DNVRng">3500.88533333333</dst>
            <dst id="HSTNng">3670.528</dst>
            <dst id="IPLSng">15955.3226666667</dst>
            <dst id="KSCYng">1098.424</dst>
            <dst id="LOSAng">24309.0106666667</dst>
            <dst id="NYCMng">9599.21866666667</dst>
            <dst id="SNVAng">123.128</dst>
            <dst id="STTLng">5832.264</dst>
            <dst id="WASHng">48441.864</dst>
        </src>
        <src id="CHINng">
            <dst id="ATLA-M5">415.050666666667</dst>
            <dst id="ATLAng">24788.5253333333</dst>
            <dst id="CHINng">103812.512</dst>
            <dst id="DNVRng">15979.0213333333</dst>
            <dst id="HSTNng">46013.456</dst>
            <dst id="IPLSng">38368.5866666667</dst>
            <dst id="KSCYng">13559.9146666667</dst>
            <dst id="LOSAng">36627.2533333333</dst>
            <dst id="NYCMng">21046.88</dst>
            <dst id="SNVAng">631.829333333333</dst>
            <dst id="STTLng">10460.2853333333</dst>
            <dst id="WASHng">31614.2613333333</dst>
        </src>
        <src id="DNVRng">
            <dst id="ATLA-M5">686.4</dst>
            <dst id="ATLAng">3893.38666666667</dst>
            <dst id="CHINng">56119.8853333333</dst>
            <dst id="DNVRng">12687.4346666667</dst>
            <dst id="HSTNng">13588.784</dst>
            <dst id="IPLSng">35827.0293333333</dst>
            <dst id="KSCYng">24814.6613333333</dst>
            <dst id="LOSAng">16318.9226666667</dst>
            <dst id="NYCMng">17203.552</dst>
            <dst id="SNVAng">13057.9866666667</dst>
            <dst id="STTLng">17198.416</dst>
            <dst id="WASHng">47714.8693333333</dst>
        </src>
        <src id="HSTNng">
            <dst id="ATLA-M5">4536.44533333333</dst>
            <dst id="ATLAng">2528.65866666667</dst>
            <dst id="CHINng">15109.8373333333</dst>
            <dst id="DNVRng">3569.52533333333</dst>
            <dst id="HSTNng">5516.264</dst>
            <dst id="IPLSng">3371.82933333333</dst>
            <dst id="KSCYng">3671.8</dst>
            <dst id="LOSAng">3058.33066666667</dst>
            <dst id="NYCMng">4211.05333333333</dst>
            <dst id="SNVAng">116.962666666667</dst>
            <dst id="STTLng">899.762666666667</dst>
            <dst id="WASHng">10409</dst>
        </src>
        <src id="IPLSng">
            <dst id="ATLA-M5">256.8</dst>
            <dst id="ATLAng">15265.2213333333</dst>
            <dst id="CHINng">105411.773333333</dst>
            <dst id="DNVRng">14976.904</dst>
            <dst id="HSTNng">3054.16266666667</dst>
            <dst id="IPLSng">31516.7333333333</dst>
            <dst id="KSCYng">5355.22133333333</dst>
            <dst id="LOSAng">29472.8346666667</dst>
            <dst id="NYCMng">50520.9946666667</dst>
            <dst id="SNVAng">831.634666666667</dst>
            <dst id="STTLng">10356.856</dst>
            <dst id="WASHng">33974.6</dst>
        </src>
        <src id="KSCYng">
            <dst id="ATLA-M5">274.925333333333</dst>
            <dst id="ATLAng">2656.592</dst>
            <dst id="CHINng">28349.5626666667</dst>
            <dst id="DNVRng">8675.6</dst>
            <dst id="HSTNng">4877.81333333333</dst>
            <dst id="IPLSng">19284.5626666667</dst>
            <dst id="KSCYng">8835.30933333333</dst>
            <dst id="LOSAng">8213.216</dst>
            <dst id="NYCMng">9777.93866666667</dst>
            <dst id="SNVAng">1184.74933333333</dst>
            <dst id="STTLng">1909.63466666667</dst>
            <dst id="WASHng">19687.144</dst>
        </src>
        <src id="LOSAng">
            <dst id="ATLA-M5">2238.176</dst>
            <dst id="ATLAng">27254.152</dst>
            <dst id="CHINng">893495.093333333</dst>
            <dst id="DNVRng">14002.2293333333</dst>
            <dst id="HSTNng">18103.5253333333</dst>
            <dst id="IPLSng">31037.7893333333</dst>
            <dst id="KSCYng">13399.9546666667</dst>
            <dst id="LOSAng">10229.9493333333</dst>
            <dst id="NYCMng">66100.1546666667</dst>
            <dst id="SNVAng">8687.504</dst>
            <dst id="STTLng">24736.7333333333</dst>
            <dst id="WASHng">128618.757333333</dst>
        </src>
        <src id="NYCMng">
            <dst id="ATLA-M5">1410.72266666667</dst>
            <dst id="ATLAng">35432.4906666667</dst>
            <dst id="CHINng">54374.0213333333</dst>
            <dst id="DNVRng">31681.416</dst>
            <dst id="HSTNng">5953.85066666667</dst>
            <dst id="IPLSng">47009.6826666667</dst>
            <dst id="KSCYng">21548.704</dst>
            <dst id="LOSAng">38645.3146666667</dst>
            <dst id="NYCMng">166325.144</dst>
            <dst id="SNVAng">1781.77066666667</dst>
            <dst id="STTLng">23340.0453333333</dst>
            <dst id="WASHng">136296.810666667</dst>
        </src>
        <src id="SNVAng">
            <dst id="ATLA-M5">0</dst>
            <dst id="ATLAng">145.776</dst>
            <dst id="CHINng">1093.22666666667</dst>
            <dst id="DNVRng">4343.192</dst>
            <dst id="HSTNng">112.96</dst>
            <dst id="IPLSng">454.933333333333</dst>
            <dst id="KSCYng">77.608</dst>
            <dst id="LOSAng">31585.3493333333</dst>
            <dst id="NYCMng">1159.85866666667</dst>
            <dst id="SNVAng">12712.7493333333</dst>
            <dst id="STTLng">47278.3733333333</dst>
            <dst id="WASHng">337.794666666667</dst>
        </src>
        <src id="STTLng">
            <dst id="ATLA-M5">217.362666666667</dst>
            <dst id="ATLAng">10353.0293333333</dst>
            <dst id="CHINng">12552.064</dst>
            <dst id="DNVRng">1985.88</dst>
            <dst id="HSTNng">6767.384</dst>
            <dst id="IPLSng">3485.888</dst>
            <dst id="KSCYng">5381.25333333333</dst>
            <dst id="LOSAng">13990.0613333333</dst>
            <dst id="NYCMng">13611.6426666667</dst>
            <dst id="SNVAng">4132.57333333333</dst>
            <dst id="STTLng">7943.00266666667</dst>
            <dst id="WASHng">7278.21866666667</dst>
        </src>
        <src id="WASHng">
            <dst id="ATLA-M5">1619.26933333333</dst>
            <dst id="ATLAng">245116.530666667</dst>
            <dst id="CHINng">95534.5973333333</dst>
            <dst id="DNVRng">57659.008</dst>
            <dst id="HSTNng">23317.9786666667</dst>
            <dst id="IPLSng">69278.0906666667</dst>
            <dst id="KSCYng">15545.6506666667</dst>
            <dst id="LOSAng">100120.122666667</dst>
            <dst id="NYCMng">167241.341333333</dst>
            <dst id="SNVAng">1057.99466666667</dst>
            <dst id="STTLng">30812.9706666667</dst>
            <dst id="WASHng">318096.933333333</dst>
        </src>
    </IntraTM>
</TrafficMatrixFile>
