<?xml version="1.0" encoding="ISO-8859-1" standalone="yes"?>
<TrafficMatrixFile xsi:noNamespaceSchemaLocation="http://totem.run.montefiore.ulg.ac.be/Schema/TrafficMatrix-v1_2.xsd" xmlns:xsi="http://www.w3.org/2001/XMLSchema-instance">
    <IntraTM ASID="11537">
        <src id="ATLA-M5">
            <dst id="ATLA-M5">538.794666666667</dst>
            <dst id="ATLAng">0</dst>
            <dst id="CHINng">2844.21066666667</dst>
            <dst id="DNVRng">378.578666666667</dst>
            <dst id="HSTNng">211.842666666667</dst>
            <dst id="IPLSng">194.149333333333</dst>
            <dst id="KSCYng">133.824</dst>
            <dst id="LOSAng">908.952</dst>
            <dst id="NYCMng">3376.10933333333</dst>
            <dst id="SNVAng">437.496</dst>
            <dst id="STTLng">134.912</dst>
            <dst id="WASHng">1179.344</dst>
        </src>
        <src id="ATLAng">
            <dst id="ATLA-M5">780.261333333333</dst>
            <dst id="ATLAng">36643.576</dst>
            <dst id="CHINng">18747.5653333333</dst>
            <dst id="DNVRng">6900.00266666667</dst>
            <dst id="HSTNng">14399.5786666667</dst>
            <dst id="IPLSng">25865.664</dst>
            <dst id="KSCYng">2912.07733333333</dst>
            <dst id="LOSAng">23030.8933333333</dst>
            <dst id="NYCMng">11731.2373333333</dst>
            <dst id="SNVAng">889.685333333333</dst>
            <dst id="STTLng">4108.64533333333</dst>
            <dst id="WASHng">146556.76</dst>
        </src>
        <src id="CHINng">
            <dst id="ATLA-M5">1633.76</dst>
            <dst id="ATLAng">28545.6906666667</dst>
            <dst id="CHINng">114657.397333333</dst>
            <dst id="DNVRng">36634.3093333333</dst>
            <dst id="HSTNng">51512.3386666667</dst>
            <dst id="IPLSng">55710.8826666667</dst>
            <dst id="KSCYng">19304.824</dst>
            <dst id="LOSAng">2049863.14666667</dst>
            <dst id="NYCMng">20608.96</dst>
            <dst id="SNVAng">5680.17866666667</dst>
            <dst id="STTLng">9101.096</dst>
            <dst id="WASHng">26257.0586666667</dst>
        </src>
        <src id="DNVRng">
            <dst id="ATLA-M5">428.117333333333</dst>
            <dst id="ATLAng">10301.1413333333</dst>
            <dst id="CHINng">65600.3146666667</dst>
            <dst id="DNVRng">12808.112</dst>
            <dst id="HSTNng">17674.4266666667</dst>
            <dst id="IPLSng">30145.28</dst>
            <dst id="KSCYng">12081.6266666667</dst>
            <dst id="LOSAng">7900.66133333333</dst>
            <dst id="NYCMng">15860.5146666667</dst>
            <dst id="SNVAng">9520.952</dst>
            <dst id="STTLng">7298.304</dst>
            <dst id="WASHng">48067.9706666667</dst>
        </src>
        <src id="HSTNng">
            <dst id="ATLA-M5">1068.82666666667</dst>
            <dst id="ATLAng">7775.184</dst>
            <dst id="CHINng">17705.9333333333</dst>
            <dst id="DNVRng">5209.93066666667</dst>
            <dst id="HSTNng">6087.93333333333</dst>
            <dst id="IPLSng">9313.31733333333</dst>
            <dst id="KSCYng">4032.01333333333</dst>
            <dst id="LOSAng">8360.608</dst>
            <dst id="NYCMng">6903.20266666667</dst>
            <dst id="SNVAng">396.261333333333</dst>
            <dst id="STTLng">2254.92266666667</dst>
            <dst id="WASHng">4673.10133333333</dst>
        </src>
        <src id="IPLSng">
            <dst id="ATLA-M5">963.301333333333</dst>
            <dst id="ATLAng">20414.4933333333</dst>
            <dst id="CHINng">116540.552</dst>
            <dst id="DNVRng">20124.8266666667</dst>
            <dst id="HSTNng">7538.824</dst>
            <dst id="IPLSng">23467.896</dst>
            <dst id="KSCYng">13895.8933333333</dst>
            <dst id="LOSAng">50900.6186666667</dst>
            <dst id="NYCMng">65088.0693333333</dst>
            <dst id="SNVAng">5480.43733333333</dst>
            <dst id="STTLng">9764.128</dst>
            <dst id="WASHng">59013.3786666667</dst>
        </src>
        <src id="KSCYng">
            <dst id="ATLA-M5">509.448</dst>
            <dst id="ATLAng">5981.83466666667</dst>
            <dst id="CHINng">22292.5733333333</dst>
            <dst id="DNVRng">9094.94933333334</dst>
            <dst id="HSTNng">5080.896</dst>
            <dst id="IPLSng">16623.7733333333</dst>
            <dst id="KSCYng">5896.66666666667</dst>
            <dst id="LOSAng">6013.14666666667</dst>
            <dst id="NYCMng">9368.31466666667</dst>
            <dst id="SNVAng">1192.89333333333</dst>
            <dst id="STTLng">1319.40533333333</dst>
            <dst id="WASHng">13154.8</dst>
        </src>
        <src id="LOSAng">
            <dst id="ATLA-M5">4072.64266666667</dst>
            <dst id="ATLAng">17087.28</dst>
            <dst id="CHINng">1097300.10666667</dst>
            <dst id="DNVRng">15917.88</dst>
            <dst id="HSTNng">37887.8613333333</dst>
            <dst id="IPLSng">39793.9626666667</dst>
            <dst id="KSCYng">13669.6506666667</dst>
            <dst id="LOSAng">11413.888</dst>
            <dst id="NYCMng">80722.4213333333</dst>
            <dst id="SNVAng">13240.8</dst>
            <dst id="STTLng">20759.8346666667</dst>
            <dst id="WASHng">137194.602666667</dst>
        </src>
        <src id="NYCMng">
            <dst id="ATLA-M5">1226.39733333333</dst>
            <dst id="ATLAng">29571.2853333333</dst>
            <dst id="CHINng">56146.456</dst>
            <dst id="DNVRng">48339.5386666667</dst>
            <dst id="HSTNng">19334.1893333333</dst>
            <dst id="IPLSng">72272.256</dst>
            <dst id="KSCYng">24456.2106666667</dst>
            <dst id="LOSAng">91023.136</dst>
            <dst id="NYCMng">190263.890666667</dst>
            <dst id="SNVAng">8006.13866666667</dst>
            <dst id="STTLng">22571.2213333333</dst>
            <dst id="WASHng">133930.069333333</dst>
        </src>
        <src id="SNVAng">
            <dst id="ATLA-M5">295.541333333333</dst>
            <dst id="ATLAng">117.808</dst>
            <dst id="CHINng">1652.29333333333</dst>
            <dst id="DNVRng">12951.6</dst>
            <dst id="HSTNng">299.256</dst>
            <dst id="IPLSng">5366.94933333333</dst>
            <dst id="KSCYng">565.373333333333</dst>
            <dst id="LOSAng">31205.2373333333</dst>
            <dst id="NYCMng">8875.59466666667</dst>
            <dst id="SNVAng">14659.9306666667</dst>
            <dst id="STTLng">51620.8666666667</dst>
            <dst id="WASHng">477.992</dst>
        </src>
        <src id="STTLng">
            <dst id="ATLA-M5">317.594666666667</dst>
            <dst id="ATLAng">8108.936</dst>
            <dst id="CHINng">13953.9866666667</dst>
            <dst id="DNVRng">12651.2266666667</dst>
            <dst id="HSTNng">9795.288</dst>
            <dst id="IPLSng">9302.44266666667</dst>
            <dst id="KSCYng">6239.064</dst>
            <dst id="LOSAng">23577.472</dst>
            <dst id="NYCMng">10628.9013333333</dst>
            <dst id="SNVAng">4118.824</dst>
            <dst id="STTLng">2970.15466666667</dst>
            <dst id="WASHng">14743.784</dst>
        </src>
        <src id="WASHng">
            <dst id="ATLA-M5">5770.528</dst>
            <dst id="ATLAng">115133.338666667</dst>
            <dst id="CHINng">59411.5546666667</dst>
            <dst id="DNVRng">55137.6186666667</dst>
            <dst id="HSTNng">13068.3946666667</dst>
            <dst id="IPLSng">67038.4293333333</dst>
            <dst id="KSCYng">17005.9253333333</dst>
            <dst id="LOSAng">150485.418666667</dst>
            <dst id="NYCMng">154887.016</dst>
            <dst id="SNVAng">11034.4266666667</dst>
            <dst id="STTLng">26196.304</dst>
            <dst id="WASHng">227139.170666667</dst>
        </src>
    </IntraTM>
</TrafficMatrixFile>
