<?xml version="1.0" encoding="ISO-8859-1" standalone="yes"?>
<TrafficMatrixFile xsi:noNamespaceSchemaLocation="http://totem.run.montefiore.ulg.ac.be/Schema/TrafficMatrix-v1_2.xsd" xmlns:xsi="http://www.w3.org/2001/XMLSchema-instance">
    <IntraTM ASID="11537">
        <src id="ATLA-M5">
            <dst id="ATLA-M5">26.6666666666667</dst>
            <dst id="ATLAng">110.666666666667</dst>
            <dst id="CHINng">373.965333333333</dst>
            <dst id="DNVRng">26.6666666666667</dst>
            <dst id="HSTNng">212.12</dst>
            <dst id="IPLSng">1114.79466666667</dst>
            <dst id="KSCYng">446.930666666667</dst>
            <dst id="LOSAng">612.824</dst>
            <dst id="NYCMng">318.930666666667</dst>
            <dst id="SNVAng">161.368</dst>
            <dst id="STTLng">26.6666666666667</dst>
            <dst id="WASHng">1177.60533333333</dst>
        </src>
        <src id="ATLAng">
            <dst id="ATLA-M5">1318.50133333333</dst>
            <dst id="ATLAng">31268.312</dst>
            <dst id="CHINng">23528.1386666667</dst>
            <dst id="DNVRng">7135.576</dst>
            <dst id="HSTNng">4929.432</dst>
            <dst id="IPLSng">21322.6826666667</dst>
            <dst id="KSCYng">2895.54133333333</dst>
            <dst id="LOSAng">19929.8026666667</dst>
            <dst id="NYCMng">5580.416</dst>
            <dst id="SNVAng">3157.25333333333</dst>
            <dst id="STTLng">3211.368</dst>
            <dst id="WASHng">47361.7386666667</dst>
        </src>
        <src id="CHINng">
            <dst id="ATLA-M5">1809.70133333333</dst>
            <dst id="ATLAng">20797.6</dst>
            <dst id="CHINng">90360.08</dst>
            <dst id="DNVRng">28294.9013333333</dst>
            <dst id="HSTNng">47042.4746666667</dst>
            <dst id="IPLSng">63696.232</dst>
            <dst id="KSCYng">11769.304</dst>
            <dst id="LOSAng">2010560.24</dst>
            <dst id="NYCMng">31308.5093333333</dst>
            <dst id="SNVAng">1792.448</dst>
            <dst id="STTLng">15978.2666666667</dst>
            <dst id="WASHng">30491.5706666667</dst>
        </src>
        <src id="DNVRng">
            <dst id="ATLA-M5">1222.80266666667</dst>
            <dst id="ATLAng">5834.376</dst>
            <dst id="CHINng">49479.184</dst>
            <dst id="DNVRng">12557.5493333333</dst>
            <dst id="HSTNng">15935.3813333333</dst>
            <dst id="IPLSng">35523.3226666667</dst>
            <dst id="KSCYng">16259.1653333333</dst>
            <dst id="LOSAng">3923.50933333333</dst>
            <dst id="NYCMng">16620.0506666667</dst>
            <dst id="SNVAng">8228.512</dst>
            <dst id="STTLng">9204.94133333333</dst>
            <dst id="WASHng">46825.6053333333</dst>
        </src>
        <src id="HSTNng">
            <dst id="ATLA-M5">1520.40533333333</dst>
            <dst id="ATLAng">2989.18666666667</dst>
            <dst id="CHINng">26359.872</dst>
            <dst id="DNVRng">2613.89866666667</dst>
            <dst id="HSTNng">9042.25066666666</dst>
            <dst id="IPLSng">7940.05333333333</dst>
            <dst id="KSCYng">4549.40533333333</dst>
            <dst id="LOSAng">7095.46666666667</dst>
            <dst id="NYCMng">6579.18933333333</dst>
            <dst id="SNVAng">812.589333333333</dst>
            <dst id="STTLng">9198.704</dst>
            <dst id="WASHng">8661.37333333333</dst>
        </src>
        <src id="IPLSng">
            <dst id="ATLA-M5">3591.93866666667</dst>
            <dst id="ATLAng">25908.656</dst>
            <dst id="CHINng">101223.656</dst>
            <dst id="DNVRng">13142.872</dst>
            <dst id="HSTNng">6696.024</dst>
            <dst id="IPLSng">13528.784</dst>
            <dst id="KSCYng">8135.904</dst>
            <dst id="LOSAng">50643.6586666667</dst>
            <dst id="NYCMng">40415.584</dst>
            <dst id="SNVAng">1233.08266666667</dst>
            <dst id="STTLng">15770.2613333333</dst>
            <dst id="WASHng">45200.7813333333</dst>
        </src>
        <src id="KSCYng">
            <dst id="ATLA-M5">550.805333333333</dst>
            <dst id="ATLAng">2446.19733333333</dst>
            <dst id="CHINng">18919.1653333333</dst>
            <dst id="DNVRng">9509.99733333333</dst>
            <dst id="HSTNng">4153.68533333333</dst>
            <dst id="IPLSng">9666.024</dst>
            <dst id="KSCYng">6673.85866666667</dst>
            <dst id="LOSAng">5229.53866666667</dst>
            <dst id="NYCMng">6459.82933333333</dst>
            <dst id="SNVAng">324.608</dst>
            <dst id="STTLng">1198.384</dst>
            <dst id="WASHng">13673.2746666667</dst>
        </src>
        <src id="LOSAng">
            <dst id="ATLA-M5">2336.016</dst>
            <dst id="ATLAng">19271.9146666667</dst>
            <dst id="CHINng">1074853.86666667</dst>
            <dst id="DNVRng">10795.5706666667</dst>
            <dst id="HSTNng">35026.992</dst>
            <dst id="IPLSng">47130.8666666667</dst>
            <dst id="KSCYng">9616.67733333333</dst>
            <dst id="LOSAng">11334.3946666667</dst>
            <dst id="NYCMng">70980.1973333333</dst>
            <dst id="SNVAng">11134.7333333333</dst>
            <dst id="STTLng">22627.1466666667</dst>
            <dst id="WASHng">92801.8026666667</dst>
        </src>
        <src id="NYCMng">
            <dst id="ATLA-M5">2221.04</dst>
            <dst id="ATLAng">29540.1893333333</dst>
            <dst id="CHINng">55350.92</dst>
            <dst id="DNVRng">38170.5653333333</dst>
            <dst id="HSTNng">22009.6506666667</dst>
            <dst id="IPLSng">65251.6666666667</dst>
            <dst id="KSCYng">31326.8266666667</dst>
            <dst id="LOSAng">82413.5946666667</dst>
            <dst id="NYCMng">193036.608</dst>
            <dst id="SNVAng">2878.12266666667</dst>
            <dst id="STTLng">19884.096</dst>
            <dst id="WASHng">130211.938666667</dst>
        </src>
        <src id="SNVAng">
            <dst id="ATLA-M5">26.6666666666667</dst>
            <dst id="ATLAng">350.736</dst>
            <dst id="CHINng">1050.27733333333</dst>
            <dst id="DNVRng">6148.41333333333</dst>
            <dst id="HSTNng">631.437333333333</dst>
            <dst id="IPLSng">1478.58133333333</dst>
            <dst id="KSCYng">1042.47733333333</dst>
            <dst id="LOSAng">36212.2746666667</dst>
            <dst id="NYCMng">1351.768</dst>
            <dst id="SNVAng">16019.776</dst>
            <dst id="STTLng">55288.816</dst>
            <dst id="WASHng">1377.312</dst>
        </src>
        <src id="STTLng">
            <dst id="ATLA-M5">140.261333333333</dst>
            <dst id="ATLAng">8199.93333333333</dst>
            <dst id="CHINng">21450.9573333333</dst>
            <dst id="DNVRng">29447.6506666667</dst>
            <dst id="HSTNng">10202.1333333333</dst>
            <dst id="IPLSng">11454.104</dst>
            <dst id="KSCYng">3600.91733333333</dst>
            <dst id="LOSAng">25419.3306666667</dst>
            <dst id="NYCMng">7673.20266666667</dst>
            <dst id="SNVAng">5820.10933333334</dst>
            <dst id="STTLng">11929.0346666667</dst>
            <dst id="WASHng">11054.472</dst>
        </src>
        <src id="WASHng">
            <dst id="ATLA-M5">2491.58133333333</dst>
            <dst id="ATLAng">118308.488</dst>
            <dst id="CHINng">80212.9226666667</dst>
            <dst id="DNVRng">43204.8053333333</dst>
            <dst id="HSTNng">23793.1013333333</dst>
            <dst id="IPLSng">44308.328</dst>
            <dst id="KSCYng">21200.672</dst>
            <dst id="LOSAng">103996.893333333</dst>
            <dst id="NYCMng">167100.725333333</dst>
            <dst id="SNVAng">6682.50133333333</dst>
            <dst id="STTLng">25746.2693333333</dst>
            <dst id="WASHng">236893.794666667</dst>
        </src>
    </IntraTM>
</TrafficMatrixFile>
