<?xml version="1.0" encoding="ISO-8859-1" standalone="yes"?>
<TrafficMatrixFile xsi:noNamespaceSchemaLocation="http://totem.run.montefiore.ulg.ac.be/Schema/TrafficMatrix-v1_2.xsd" xmlns:xsi="http://www.w3.org/2001/XMLSchema-instance">
    <IntraTM ASID="11537">
        <src id="ATLA-M5">
            <dst id="ATLA-M5">106.666666666667</dst>
            <dst id="ATLAng">253.314666666667</dst>
            <dst id="CHINng">429.314666666667</dst>
            <dst id="DNVRng">75.344</dst>
            <dst id="HSTNng">892.490666666666</dst>
            <dst id="IPLSng">566.813333333333</dst>
            <dst id="KSCYng">945.704</dst>
            <dst id="LOSAng">587.12</dst>
            <dst id="NYCMng">184.514666666667</dst>
            <dst id="SNVAng">0</dst>
            <dst id="STTLng">26.6666666666667</dst>
            <dst id="WASHng">1412.944</dst>
        </src>
        <src id="ATLAng">
            <dst id="ATLA-M5">918.872</dst>
            <dst id="ATLAng">24600.7386666667</dst>
            <dst id="CHINng">24910.0693333333</dst>
            <dst id="DNVRng">7189.33333333333</dst>
            <dst id="HSTNng">3192.17066666667</dst>
            <dst id="IPLSng">23188.264</dst>
            <dst id="KSCYng">3967.8</dst>
            <dst id="LOSAng">24460.7733333333</dst>
            <dst id="NYCMng">14022.9626666667</dst>
            <dst id="SNVAng">950.12</dst>
            <dst id="STTLng">7985.34933333333</dst>
            <dst id="WASHng">118764.378666667</dst>
        </src>
        <src id="CHINng">
            <dst id="ATLA-M5">406.392</dst>
            <dst id="ATLAng">29511.4</dst>
            <dst id="CHINng">97347.2906666666</dst>
            <dst id="DNVRng">22828.096</dst>
            <dst id="HSTNng">49411.5146666667</dst>
            <dst id="IPLSng">76787.656</dst>
            <dst id="KSCYng">12525.4133333333</dst>
            <dst id="LOSAng">76358.168</dst>
            <dst id="NYCMng">28708.376</dst>
            <dst id="SNVAng">2634.67466666667</dst>
            <dst id="STTLng">11216.2266666667</dst>
            <dst id="WASHng">34793.2133333333</dst>
        </src>
        <src id="DNVRng">
            <dst id="ATLA-M5">259.066666666667</dst>
            <dst id="ATLAng">5947.23466666667</dst>
            <dst id="CHINng">82344.9173333333</dst>
            <dst id="DNVRng">12546.8426666667</dst>
            <dst id="HSTNng">16400.9493333333</dst>
            <dst id="IPLSng">32460.9333333333</dst>
            <dst id="KSCYng">23691.9013333333</dst>
            <dst id="LOSAng">8116.16266666667</dst>
            <dst id="NYCMng">17292.552</dst>
            <dst id="SNVAng">10811.0906666667</dst>
            <dst id="STTLng">12848.5973333333</dst>
            <dst id="WASHng">62593.4693333333</dst>
        </src>
        <src id="HSTNng">
            <dst id="ATLA-M5">2615.27733333333</dst>
            <dst id="ATLAng">3735.624</dst>
            <dst id="CHINng">16779.504</dst>
            <dst id="DNVRng">4417.8</dst>
            <dst id="HSTNng">12540.1413333333</dst>
            <dst id="IPLSng">5156.72533333333</dst>
            <dst id="KSCYng">3545.96533333333</dst>
            <dst id="LOSAng">9988.41333333333</dst>
            <dst id="NYCMng">3229.15733333333</dst>
            <dst id="SNVAng">3086.39466666667</dst>
            <dst id="STTLng">2319.43466666667</dst>
            <dst id="WASHng">12885.912</dst>
        </src>
        <src id="IPLSng">
            <dst id="ATLA-M5">411.674666666667</dst>
            <dst id="ATLAng">27585.48</dst>
            <dst id="CHINng">121904.029333333</dst>
            <dst id="DNVRng">16726.608</dst>
            <dst id="HSTNng">7928.89066666667</dst>
            <dst id="IPLSng">23288.6106666667</dst>
            <dst id="KSCYng">22204.272</dst>
            <dst id="LOSAng">40489.6666666667</dst>
            <dst id="NYCMng">59174.8906666667</dst>
            <dst id="SNVAng">3730.61333333333</dst>
            <dst id="STTLng">16522.3706666667</dst>
            <dst id="WASHng">58912.8666666667</dst>
        </src>
        <src id="KSCYng">
            <dst id="ATLA-M5">419.869333333333</dst>
            <dst id="ATLAng">7449.53333333333</dst>
            <dst id="CHINng">30724.312</dst>
            <dst id="DNVRng">22674.832</dst>
            <dst id="HSTNng">4961.48</dst>
            <dst id="IPLSng">18679.4266666667</dst>
            <dst id="KSCYng">14549.3706666667</dst>
            <dst id="LOSAng">7416.99733333333</dst>
            <dst id="NYCMng">6590.60533333333</dst>
            <dst id="SNVAng">619.816</dst>
            <dst id="STTLng">3580.592</dst>
            <dst id="WASHng">21474.4346666667</dst>
        </src>
        <src id="LOSAng">
            <dst id="ATLA-M5">2282.08266666667</dst>
            <dst id="ATLAng">25422.4266666667</dst>
            <dst id="CHINng">101624.285333333</dst>
            <dst id="DNVRng">12012.096</dst>
            <dst id="HSTNng">9780.65333333333</dst>
            <dst id="IPLSng">58386.0746666667</dst>
            <dst id="KSCYng">13434.288</dst>
            <dst id="LOSAng">19545.1493333333</dst>
            <dst id="NYCMng">67843.5413333333</dst>
            <dst id="SNVAng">10024.8</dst>
            <dst id="STTLng">32281.5626666667</dst>
            <dst id="WASHng">159623.504</dst>
        </src>
        <src id="NYCMng">
            <dst id="ATLA-M5">1119.24</dst>
            <dst id="ATLAng">44707.8666666667</dst>
            <dst id="CHINng">82344.1813333333</dst>
            <dst id="DNVRng">32762.864</dst>
            <dst id="HSTNng">14649.9706666667</dst>
            <dst id="IPLSng">74450.7146666667</dst>
            <dst id="KSCYng">24223.9893333333</dst>
            <dst id="LOSAng">77110.3146666667</dst>
            <dst id="NYCMng">208261.578666667</dst>
            <dst id="SNVAng">5458.50666666667</dst>
            <dst id="STTLng">26888.0826666667</dst>
            <dst id="WASHng">134217.122666667</dst>
        </src>
        <src id="SNVAng">
            <dst id="ATLA-M5">0</dst>
            <dst id="ATLAng">160.981333333333</dst>
            <dst id="CHINng">1586.61066666667</dst>
            <dst id="DNVRng">8417.31466666667</dst>
            <dst id="HSTNng">996.357333333333</dst>
            <dst id="IPLSng">5411.808</dst>
            <dst id="KSCYng">426.344</dst>
            <dst id="LOSAng">59483.96</dst>
            <dst id="NYCMng">5897.58666666667</dst>
            <dst id="SNVAng">23854.8213333333</dst>
            <dst id="STTLng">59998.0373333333</dst>
            <dst id="WASHng">1781.96</dst>
        </src>
        <src id="STTLng">
            <dst id="ATLA-M5">185.805333333333</dst>
            <dst id="ATLAng">10741.9466666667</dst>
            <dst id="CHINng">11049.0426666667</dst>
            <dst id="DNVRng">5312.22933333333</dst>
            <dst id="HSTNng">11492.9413333333</dst>
            <dst id="IPLSng">8499.55466666667</dst>
            <dst id="KSCYng">2620.264</dst>
            <dst id="LOSAng">40734.16</dst>
            <dst id="NYCMng">7019.792</dst>
            <dst id="SNVAng">13711.1093333333</dst>
            <dst id="STTLng">4967.59733333333</dst>
            <dst id="WASHng">12093.3386666667</dst>
        </src>
        <src id="WASHng">
            <dst id="ATLA-M5">711.221333333333</dst>
            <dst id="ATLAng">103934.128</dst>
            <dst id="CHINng">89614.7226666667</dst>
            <dst id="DNVRng">58337.24</dst>
            <dst id="HSTNng">31147.3653333333</dst>
            <dst id="IPLSng">53775.616</dst>
            <dst id="KSCYng">20852.392</dst>
            <dst id="LOSAng">130093.984</dst>
            <dst id="NYCMng">186281.525333333</dst>
            <dst id="SNVAng">9625.37333333333</dst>
            <dst id="STTLng">22447.6613333333</dst>
            <dst id="WASHng">261226.4</dst>
        </src>
    </IntraTM>
</TrafficMatrixFile>
