<?xml version="1.0" encoding="ISO-8859-1" standalone="yes"?>
<TrafficMatrixFile xsi:noNamespaceSchemaLocation="http://totem.run.montefiore.ulg.ac.be/Schema/TrafficMatrix-v1_2.xsd" xmlns:xsi="http://www.w3.org/2001/XMLSchema-instance">
    <IntraTM ASID="11537">
        <src id="ATLA-M5">
            <dst id="ATLA-M5">60.8666666666667</dst>
            <dst id="ATLAng">50.4106666666667</dst>
            <dst id="CHINng">285.122666666667</dst>
            <dst id="DNVRng">26.6666666666667</dst>
            <dst id="HSTNng">304.037333333333</dst>
            <dst id="IPLSng">182.184</dst>
            <dst id="KSCYng">132.893333333333</dst>
            <dst id="LOSAng">817.544</dst>
            <dst id="NYCMng">106.666666666667</dst>
            <dst id="SNVAng">0</dst>
            <dst id="STTLng">26.6666666666667</dst>
            <dst id="WASHng">437.768</dst>
        </src>
        <src id="ATLAng">
            <dst id="ATLA-M5">707.176</dst>
            <dst id="ATLAng">22807.5626666667</dst>
            <dst id="CHINng">14981.0773333333</dst>
            <dst id="DNVRng">3622.89066666667</dst>
            <dst id="HSTNng">5403.256</dst>
            <dst id="IPLSng">15464.3626666667</dst>
            <dst id="KSCYng">5850.94933333333</dst>
            <dst id="LOSAng">20141.488</dst>
            <dst id="NYCMng">9294.624</dst>
            <dst id="SNVAng">634.152</dst>
            <dst id="STTLng">3950.144</dst>
            <dst id="WASHng">102379.645333333</dst>
        </src>
        <src id="CHINng">
            <dst id="ATLA-M5">493.634666666667</dst>
            <dst id="ATLAng">12508.8453333333</dst>
            <dst id="CHINng">104078.909333333</dst>
            <dst id="DNVRng">30323.2293333333</dst>
            <dst id="HSTNng">46825.2186666667</dst>
            <dst id="IPLSng">33569.1253333333</dst>
            <dst id="KSCYng">13369.2773333333</dst>
            <dst id="LOSAng">54369.192</dst>
            <dst id="NYCMng">19174.0773333333</dst>
            <dst id="SNVAng">1392.02133333333</dst>
            <dst id="STTLng">10496.152</dst>
            <dst id="WASHng">21582.4986666667</dst>
        </src>
        <src id="DNVRng">
            <dst id="ATLA-M5">286.64</dst>
            <dst id="ATLAng">4684.384</dst>
            <dst id="CHINng">68640.4106666667</dst>
            <dst id="DNVRng">6256.70666666667</dst>
            <dst id="HSTNng">12131.4293333333</dst>
            <dst id="IPLSng">41272.9306666667</dst>
            <dst id="KSCYng">14288.056</dst>
            <dst id="LOSAng">5304.22933333333</dst>
            <dst id="NYCMng">21490.824</dst>
            <dst id="SNVAng">7837.02933333333</dst>
            <dst id="STTLng">6916.49066666667</dst>
            <dst id="WASHng">52628.0346666667</dst>
        </src>
        <src id="HSTNng">
            <dst id="ATLA-M5">3908.45866666667</dst>
            <dst id="ATLAng">1405.33333333333</dst>
            <dst id="CHINng">19132.168</dst>
            <dst id="DNVRng">4712.43733333333</dst>
            <dst id="HSTNng">6934</dst>
            <dst id="IPLSng">2718.60533333333</dst>
            <dst id="KSCYng">1983.13066666667</dst>
            <dst id="LOSAng">4154.592</dst>
            <dst id="NYCMng">2642.35466666667</dst>
            <dst id="SNVAng">329.250666666667</dst>
            <dst id="STTLng">3204.49866666667</dst>
            <dst id="WASHng">7796.992</dst>
        </src>
        <src id="IPLSng">
            <dst id="ATLA-M5">598.482666666667</dst>
            <dst id="ATLAng">57565.0773333333</dst>
            <dst id="CHINng">97526.5413333333</dst>
            <dst id="DNVRng">15970.576</dst>
            <dst id="HSTNng">13924.8586666667</dst>
            <dst id="IPLSng">29867.6746666667</dst>
            <dst id="KSCYng">8665.016</dst>
            <dst id="LOSAng">38558.2053333333</dst>
            <dst id="NYCMng">24876.5893333333</dst>
            <dst id="SNVAng">1986.59733333333</dst>
            <dst id="STTLng">9480.98666666667</dst>
            <dst id="WASHng">55578.624</dst>
        </src>
        <src id="KSCYng">
            <dst id="ATLA-M5">370.306666666667</dst>
            <dst id="ATLAng">2223.10666666667</dst>
            <dst id="CHINng">22985.352</dst>
            <dst id="DNVRng">19057.424</dst>
            <dst id="HSTNng">3479.63733333333</dst>
            <dst id="IPLSng">13620.4746666667</dst>
            <dst id="KSCYng">9793.59733333333</dst>
            <dst id="LOSAng">6536.48</dst>
            <dst id="NYCMng">4392.70666666667</dst>
            <dst id="SNVAng">545.952</dst>
            <dst id="STTLng">4047.02666666667</dst>
            <dst id="WASHng">11975.8213333333</dst>
        </src>
        <src id="LOSAng">
            <dst id="ATLA-M5">1027.968</dst>
            <dst id="ATLAng">7320.49333333333</dst>
            <dst id="CHINng">71688.0293333333</dst>
            <dst id="DNVRng">7602.39733333333</dst>
            <dst id="HSTNng">13297.2586666667</dst>
            <dst id="IPLSng">21345.6293333333</dst>
            <dst id="KSCYng">8405.416</dst>
            <dst id="LOSAng">11553.048</dst>
            <dst id="NYCMng">49994.7066666667</dst>
            <dst id="SNVAng">11389.024</dst>
            <dst id="STTLng">23683.68</dst>
            <dst id="WASHng">132459.421333333</dst>
        </src>
        <src id="NYCMng">
            <dst id="ATLA-M5">409.096</dst>
            <dst id="ATLAng">27997.0533333333</dst>
            <dst id="CHINng">47193.056</dst>
            <dst id="DNVRng">43128.992</dst>
            <dst id="HSTNng">7960.37333333333</dst>
            <dst id="IPLSng">43333.936</dst>
            <dst id="KSCYng">15339.7946666667</dst>
            <dst id="LOSAng">60540.9653333333</dst>
            <dst id="NYCMng">135125.026666667</dst>
            <dst id="SNVAng">2327.77333333333</dst>
            <dst id="STTLng">21961.4266666667</dst>
            <dst id="WASHng">86853.136</dst>
        </src>
        <src id="SNVAng">
            <dst id="ATLA-M5">26.6666666666667</dst>
            <dst id="ATLAng">108.501333333333</dst>
            <dst id="CHINng">2342.42133333333</dst>
            <dst id="DNVRng">4385.57333333333</dst>
            <dst id="HSTNng">148.6</dst>
            <dst id="IPLSng">1768.20533333333</dst>
            <dst id="KSCYng">153.464</dst>
            <dst id="LOSAng">40582.7173333333</dst>
            <dst id="NYCMng">2260.41866666667</dst>
            <dst id="SNVAng">15822.296</dst>
            <dst id="STTLng">58440.2933333333</dst>
            <dst id="WASHng">202.813333333333</dst>
        </src>
        <src id="STTLng">
            <dst id="ATLA-M5">123.642666666667</dst>
            <dst id="ATLAng">7197.24533333333</dst>
            <dst id="CHINng">11656.5546666667</dst>
            <dst id="DNVRng">3599.73066666667</dst>
            <dst id="HSTNng">10277.064</dst>
            <dst id="IPLSng">5185.94666666667</dst>
            <dst id="KSCYng">4303.05333333333</dst>
            <dst id="LOSAng">15289.3413333333</dst>
            <dst id="NYCMng">5760.424</dst>
            <dst id="SNVAng">3186.90133333333</dst>
            <dst id="STTLng">1544.92533333333</dst>
            <dst id="WASHng">5160.83466666667</dst>
        </src>
        <src id="WASHng">
            <dst id="ATLA-M5">176.664</dst>
            <dst id="ATLAng">95682.4826666667</dst>
            <dst id="CHINng">65152.776</dst>
            <dst id="DNVRng">45230.0853333333</dst>
            <dst id="HSTNng">55436.4453333333</dst>
            <dst id="IPLSng">70342.6266666667</dst>
            <dst id="KSCYng">11779.016</dst>
            <dst id="LOSAng">118924.866666667</dst>
            <dst id="NYCMng">192747.784</dst>
            <dst id="SNVAng">3859.56266666667</dst>
            <dst id="STTLng">31708.0506666667</dst>
            <dst id="WASHng">248251.461333333</dst>
        </src>
    </IntraTM>
</TrafficMatrixFile>
