<?xml version="1.0" encoding="ISO-8859-1" standalone="yes"?>
<TrafficMatrixFile xsi:noNamespaceSchemaLocation="http://totem.run.montefiore.ulg.ac.be/Schema/TrafficMatrix-v1_2.xsd" xmlns:xsi="http://www.w3.org/2001/XMLSchema-instance">
    <IntraTM ASID="11537">
        <src id="ATLA-M5">
            <dst id="ATLA-M5">1081.216</dst>
            <dst id="ATLAng">396.464</dst>
            <dst id="CHINng">2066.648</dst>
            <dst id="DNVRng">284.136</dst>
            <dst id="HSTNng">162.018666666667</dst>
            <dst id="IPLSng">265.941333333333</dst>
            <dst id="KSCYng">141.256</dst>
            <dst id="LOSAng">154.096</dst>
            <dst id="NYCMng">247.824</dst>
            <dst id="SNVAng">35.48</dst>
            <dst id="STTLng">53.3333333333333</dst>
            <dst id="WASHng">3179.44533333333</dst>
        </src>
        <src id="ATLAng">
            <dst id="ATLA-M5">162.437333333333</dst>
            <dst id="ATLAng">21773.5653333333</dst>
            <dst id="CHINng">12312.9013333333</dst>
            <dst id="DNVRng">3944.09866666667</dst>
            <dst id="HSTNng">2964.384</dst>
            <dst id="IPLSng">14825.848</dst>
            <dst id="KSCYng">2712.69066666667</dst>
            <dst id="LOSAng">17867.9093333333</dst>
            <dst id="NYCMng">12012.6373333333</dst>
            <dst id="SNVAng">223.976</dst>
            <dst id="STTLng">9695.93066666667</dst>
            <dst id="WASHng">34878.7466666667</dst>
        </src>
        <src id="CHINng">
            <dst id="ATLA-M5">604.778666666667</dst>
            <dst id="ATLAng">16806.4133333333</dst>
            <dst id="CHINng">108037.2</dst>
            <dst id="DNVRng">24726.2773333333</dst>
            <dst id="HSTNng">50161.688</dst>
            <dst id="IPLSng">41121.4293333333</dst>
            <dst id="KSCYng">16519.2266666667</dst>
            <dst id="LOSAng">49177.6186666667</dst>
            <dst id="NYCMng">21880.6026666667</dst>
            <dst id="SNVAng">1609.928</dst>
            <dst id="STTLng">16150.968</dst>
            <dst id="WASHng">30599.4933333333</dst>
        </src>
        <src id="DNVRng">
            <dst id="ATLA-M5">185.442666666667</dst>
            <dst id="ATLAng">6432.68533333333</dst>
            <dst id="CHINng">54909.536</dst>
            <dst id="DNVRng">17039.8986666667</dst>
            <dst id="HSTNng">12420.384</dst>
            <dst id="IPLSng">27433.016</dst>
            <dst id="KSCYng">27665.48</dst>
            <dst id="LOSAng">11185.6986666667</dst>
            <dst id="NYCMng">19708.3813333333</dst>
            <dst id="SNVAng">15672.208</dst>
            <dst id="STTLng">17750.8426666667</dst>
            <dst id="WASHng">45073.2133333333</dst>
        </src>
        <src id="HSTNng">
            <dst id="ATLA-M5">5184.30133333333</dst>
            <dst id="ATLAng">3337.19466666667</dst>
            <dst id="CHINng">15650.4186666667</dst>
            <dst id="DNVRng">2619.30666666667</dst>
            <dst id="HSTNng">7114.896</dst>
            <dst id="IPLSng">3453.296</dst>
            <dst id="KSCYng">3508.81066666667</dst>
            <dst id="LOSAng">6678.78133333333</dst>
            <dst id="NYCMng">6008.496</dst>
            <dst id="SNVAng">1497.90133333333</dst>
            <dst id="STTLng">1372.30133333333</dst>
            <dst id="WASHng">7532.02933333333</dst>
        </src>
        <src id="IPLSng">
            <dst id="ATLA-M5">812.232</dst>
            <dst id="ATLAng">14091.0613333333</dst>
            <dst id="CHINng">105261.274666667</dst>
            <dst id="DNVRng">15683.8666666667</dst>
            <dst id="HSTNng">5934.27733333333</dst>
            <dst id="IPLSng">28842.7253333333</dst>
            <dst id="KSCYng">8969.45066666667</dst>
            <dst id="LOSAng">29833.384</dst>
            <dst id="NYCMng">48658.048</dst>
            <dst id="SNVAng">1302.50933333333</dst>
            <dst id="STTLng">13380.4266666667</dst>
            <dst id="WASHng">36989.2293333333</dst>
        </src>
        <src id="KSCYng">
            <dst id="ATLA-M5">276.682666666667</dst>
            <dst id="ATLAng">5212.22133333333</dst>
            <dst id="CHINng">37323.416</dst>
            <dst id="DNVRng">17753.072</dst>
            <dst id="HSTNng">2971.752</dst>
            <dst id="IPLSng">19614.6746666667</dst>
            <dst id="KSCYng">8645.136</dst>
            <dst id="LOSAng">6136.872</dst>
            <dst id="NYCMng">6347.09066666667</dst>
            <dst id="SNVAng">1232.53866666667</dst>
            <dst id="STTLng">1637.54666666667</dst>
            <dst id="WASHng">17655.0533333333</dst>
        </src>
        <src id="LOSAng">
            <dst id="ATLA-M5">2383.488</dst>
            <dst id="ATLAng">30169.488</dst>
            <dst id="CHINng">1080735.04</dst>
            <dst id="DNVRng">7186.00533333333</dst>
            <dst id="HSTNng">8221.72</dst>
            <dst id="IPLSng">68575.8853333333</dst>
            <dst id="KSCYng">14310.2426666667</dst>
            <dst id="LOSAng">9569.30666666667</dst>
            <dst id="NYCMng">75313.152</dst>
            <dst id="SNVAng">8705.50933333333</dst>
            <dst id="STTLng">21220.5306666667</dst>
            <dst id="WASHng">135491.56</dst>
        </src>
        <src id="NYCMng">
            <dst id="ATLA-M5">2519.52266666667</dst>
            <dst id="ATLAng">30596.0613333333</dst>
            <dst id="CHINng">53840.1866666667</dst>
            <dst id="DNVRng">32369.8533333333</dst>
            <dst id="HSTNng">17668.848</dst>
            <dst id="IPLSng">73620.7733333333</dst>
            <dst id="KSCYng">16539.5626666667</dst>
            <dst id="LOSAng">47709.0933333333</dst>
            <dst id="NYCMng">183350.258666667</dst>
            <dst id="SNVAng">7407.57333333333</dst>
            <dst id="STTLng">22187.112</dst>
            <dst id="WASHng">103883.296</dst>
        </src>
        <src id="SNVAng">
            <dst id="ATLA-M5">0</dst>
            <dst id="ATLAng">458.088</dst>
            <dst id="CHINng">1440.36</dst>
            <dst id="DNVRng">4007.31733333333</dst>
            <dst id="HSTNng">475.253333333333</dst>
            <dst id="IPLSng">1474.05066666667</dst>
            <dst id="KSCYng">535.650666666667</dst>
            <dst id="LOSAng">35227.8933333333</dst>
            <dst id="NYCMng">1561.81866666667</dst>
            <dst id="SNVAng">15403.936</dst>
            <dst id="STTLng">54678.496</dst>
            <dst id="WASHng">355.976</dst>
        </src>
        <src id="STTLng">
            <dst id="ATLA-M5">774.24</dst>
            <dst id="ATLAng">11827.76</dst>
            <dst id="CHINng">15950.656</dst>
            <dst id="DNVRng">4839.60266666667</dst>
            <dst id="HSTNng">11297.1973333333</dst>
            <dst id="IPLSng">5279.904</dst>
            <dst id="KSCYng">4231.144</dst>
            <dst id="LOSAng">19092.928</dst>
            <dst id="NYCMng">8196.78133333333</dst>
            <dst id="SNVAng">3652.86666666667</dst>
            <dst id="STTLng">8130.384</dst>
            <dst id="WASHng">7784.392</dst>
        </src>
        <src id="WASHng">
            <dst id="ATLA-M5">966.442666666667</dst>
            <dst id="ATLAng">83689.5786666667</dst>
            <dst id="CHINng">89129.9733333333</dst>
            <dst id="DNVRng">56576.7173333333</dst>
            <dst id="HSTNng">20903.8106666667</dst>
            <dst id="IPLSng">64304.6746666667</dst>
            <dst id="KSCYng">16767.0906666667</dst>
            <dst id="LOSAng">119358.034666667</dst>
            <dst id="NYCMng">179314.925333333</dst>
            <dst id="SNVAng">10462.0613333333</dst>
            <dst id="STTLng">33014.696</dst>
            <dst id="WASHng">301440.08</dst>
        </src>
    </IntraTM>
</TrafficMatrixFile>
