<?xml version="1.0" encoding="ISO-8859-1" standalone="yes"?>
<TrafficMatrixFile xsi:noNamespaceSchemaLocation="http://totem.run.montefiore.ulg.ac.be/Schema/TrafficMatrix-v1_2.xsd" xmlns:xsi="http://www.w3.org/2001/XMLSchema-instance">
    <IntraTM ASID="11537">
        <src id="ATLA-M5">
            <dst id="ATLA-M5">72.1813333333333</dst>
            <dst id="ATLAng">187.853333333333</dst>
            <dst id="CHINng">510.586666666667</dst>
            <dst id="DNVRng">53.3333333333333</dst>
            <dst id="HSTNng">90.4586666666667</dst>
            <dst id="IPLSng">354.765333333333</dst>
            <dst id="KSCYng">152.138666666667</dst>
            <dst id="LOSAng">80</dst>
            <dst id="NYCMng">53.3333333333333</dst>
            <dst id="SNVAng">0</dst>
            <dst id="STTLng">199.106666666667</dst>
            <dst id="WASHng">442.290666666667</dst>
        </src>
        <src id="ATLAng">
            <dst id="ATLA-M5">705.765333333333</dst>
            <dst id="ATLAng">26776.7733333333</dst>
            <dst id="CHINng">12129.5706666667</dst>
            <dst id="DNVRng">8521.71466666667</dst>
            <dst id="HSTNng">4532.03466666667</dst>
            <dst id="IPLSng">12668.64</dst>
            <dst id="KSCYng">1032.90666666667</dst>
            <dst id="LOSAng">17704.6506666667</dst>
            <dst id="NYCMng">3454.504</dst>
            <dst id="SNVAng">483.490666666667</dst>
            <dst id="STTLng">7462.64</dst>
            <dst id="WASHng">38238.4933333333</dst>
        </src>
        <src id="CHINng">
            <dst id="ATLA-M5">1480.28266666667</dst>
            <dst id="ATLAng">14811.7893333333</dst>
            <dst id="CHINng">108107.933333333</dst>
            <dst id="DNVRng">22825.4</dst>
            <dst id="HSTNng">47073.9306666667</dst>
            <dst id="IPLSng">46059.7786666667</dst>
            <dst id="KSCYng">13509.456</dst>
            <dst id="LOSAng">57563.48</dst>
            <dst id="NYCMng">24936.3786666667</dst>
            <dst id="SNVAng">2488.96266666667</dst>
            <dst id="STTLng">10736.2053333333</dst>
            <dst id="WASHng">25157.2853333333</dst>
        </src>
        <src id="DNVRng">
            <dst id="ATLA-M5">185.066666666667</dst>
            <dst id="ATLAng">3072.48</dst>
            <dst id="CHINng">78125.528</dst>
            <dst id="DNVRng">20395.6213333333</dst>
            <dst id="HSTNng">14170.0453333333</dst>
            <dst id="IPLSng">22502.0213333333</dst>
            <dst id="KSCYng">15367.8426666667</dst>
            <dst id="LOSAng">1588.328</dst>
            <dst id="NYCMng">19428.76</dst>
            <dst id="SNVAng">5767.16533333333</dst>
            <dst id="STTLng">8208.41866666667</dst>
            <dst id="WASHng">37706.6053333333</dst>
        </src>
        <src id="HSTNng">
            <dst id="ATLA-M5">334.842666666667</dst>
            <dst id="ATLAng">1366.616</dst>
            <dst id="CHINng">22050.1546666667</dst>
            <dst id="DNVRng">1323.31466666667</dst>
            <dst id="HSTNng">2875.59733333333</dst>
            <dst id="IPLSng">3267.14133333333</dst>
            <dst id="KSCYng">1592.328</dst>
            <dst id="LOSAng">5548.01866666667</dst>
            <dst id="NYCMng">3239.69333333333</dst>
            <dst id="SNVAng">767.170666666667</dst>
            <dst id="STTLng">4572.072</dst>
            <dst id="WASHng">5021.968</dst>
        </src>
        <src id="IPLSng">
            <dst id="ATLA-M5">1377.41333333333</dst>
            <dst id="ATLAng">16155.3626666667</dst>
            <dst id="CHINng">112454.461333333</dst>
            <dst id="DNVRng">6491.86666666667</dst>
            <dst id="HSTNng">6394.70133333333</dst>
            <dst id="IPLSng">8269.91466666666</dst>
            <dst id="KSCYng">8168.952</dst>
            <dst id="LOSAng">49405.1573333333</dst>
            <dst id="NYCMng">36303.5733333333</dst>
            <dst id="SNVAng">1290.064</dst>
            <dst id="STTLng">15384.6266666667</dst>
            <dst id="WASHng">34742.448</dst>
        </src>
        <src id="KSCYng">
            <dst id="ATLA-M5">334.242666666667</dst>
            <dst id="ATLAng">2155.94666666667</dst>
            <dst id="CHINng">22819.9893333333</dst>
            <dst id="DNVRng">9021.58133333333</dst>
            <dst id="HSTNng">3015.80533333333</dst>
            <dst id="IPLSng">8694.808</dst>
            <dst id="KSCYng">8574.25066666667</dst>
            <dst id="LOSAng">4085.14933333333</dst>
            <dst id="NYCMng">4519.11466666667</dst>
            <dst id="SNVAng">249.554666666667</dst>
            <dst id="STTLng">1133.81866666667</dst>
            <dst id="WASHng">9062.17066666667</dst>
        </src>
        <src id="LOSAng">
            <dst id="ATLA-M5">636.221333333333</dst>
            <dst id="ATLAng">7063.104</dst>
            <dst id="CHINng">72062.2106666667</dst>
            <dst id="DNVRng">4959.976</dst>
            <dst id="HSTNng">3566.46666666667</dst>
            <dst id="IPLSng">15201.3146666667</dst>
            <dst id="KSCYng">8959.30666666667</dst>
            <dst id="LOSAng">15489.184</dst>
            <dst id="NYCMng">41071.9386666667</dst>
            <dst id="SNVAng">12004.3173333333</dst>
            <dst id="STTLng">20450.848</dst>
            <dst id="WASHng">75242.5066666667</dst>
        </src>
        <src id="NYCMng">
            <dst id="ATLA-M5">865.018666666667</dst>
            <dst id="ATLAng">11579.0666666667</dst>
            <dst id="CHINng">50643.8426666667</dst>
            <dst id="DNVRng">35472.8613333333</dst>
            <dst id="HSTNng">15366.832</dst>
            <dst id="IPLSng">25869.2826666667</dst>
            <dst id="KSCYng">8338.92266666667</dst>
            <dst id="LOSAng">77533.3253333333</dst>
            <dst id="NYCMng">130554.650666667</dst>
            <dst id="SNVAng">6024.48</dst>
            <dst id="STTLng">20631.264</dst>
            <dst id="WASHng">83216.4986666667</dst>
        </src>
        <src id="SNVAng">
            <dst id="ATLA-M5">186.544</dst>
            <dst id="ATLAng">53.3333333333333</dst>
            <dst id="CHINng">1281.624</dst>
            <dst id="DNVRng">5572.92533333333</dst>
            <dst id="HSTNng">57.968</dst>
            <dst id="IPLSng">949.941333333333</dst>
            <dst id="KSCYng">1594.256</dst>
            <dst id="LOSAng">28610.4666666667</dst>
            <dst id="NYCMng">3473.88</dst>
            <dst id="SNVAng">11863.5066666667</dst>
            <dst id="STTLng">49467.7306666667</dst>
            <dst id="WASHng">194.92</dst>
        </src>
        <src id="STTLng">
            <dst id="ATLA-M5">460.154666666667</dst>
            <dst id="ATLAng">5487.11733333333</dst>
            <dst id="CHINng">13790.264</dst>
            <dst id="DNVRng">3940.56266666667</dst>
            <dst id="HSTNng">5732.8</dst>
            <dst id="IPLSng">5293.80266666667</dst>
            <dst id="KSCYng">1490.584</dst>
            <dst id="LOSAng">18892.0533333333</dst>
            <dst id="NYCMng">7136.56266666667</dst>
            <dst id="SNVAng">3200.048</dst>
            <dst id="STTLng">3676.032</dst>
            <dst id="WASHng">8194.22133333333</dst>
        </src>
        <src id="WASHng">
            <dst id="ATLA-M5">451.592</dst>
            <dst id="ATLAng">68995.8</dst>
            <dst id="CHINng">81068.2106666667</dst>
            <dst id="DNVRng">70765.92</dst>
            <dst id="HSTNng">6160.75466666667</dst>
            <dst id="IPLSng">52736.0426666667</dst>
            <dst id="KSCYng">13504.704</dst>
            <dst id="LOSAng">100452.341333333</dst>
            <dst id="NYCMng">164324.04</dst>
            <dst id="SNVAng">6604.048</dst>
            <dst id="STTLng">28795.5733333333</dst>
            <dst id="WASHng">172513.421333333</dst>
        </src>
    </IntraTM>
</TrafficMatrixFile>
