<?xml version="1.0" encoding="ISO-8859-1" standalone="yes"?>
<TrafficMatrixFile xsi:noNamespaceSchemaLocation="http://totem.run.montefiore.ulg.ac.be/Schema/TrafficMatrix-v1_2.xsd" xmlns:xsi="http://www.w3.org/2001/XMLSchema-instance">
    <IntraTM ASID="11537">
        <src id="ATLA-M5">
            <dst id="ATLA-M5">622.168</dst>
            <dst id="ATLAng">347.168</dst>
            <dst id="CHINng">1809.33066666667</dst>
            <dst id="DNVRng">80</dst>
            <dst id="HSTNng">81.7066666666667</dst>
            <dst id="IPLSng">340.104</dst>
            <dst id="KSCYng">34.048</dst>
            <dst id="LOSAng">376.104</dst>
            <dst id="NYCMng">720.981333333333</dst>
            <dst id="SNVAng">26.6666666666667</dst>
            <dst id="STTLng">207.797333333333</dst>
            <dst id="WASHng">767.890666666667</dst>
        </src>
        <src id="ATLAng">
            <dst id="ATLA-M5">947.144</dst>
            <dst id="ATLAng">34531.5626666667</dst>
            <dst id="CHINng">35620.0026666667</dst>
            <dst id="DNVRng">4406.768</dst>
            <dst id="HSTNng">14165.0853333333</dst>
            <dst id="IPLSng">24294.3866666667</dst>
            <dst id="KSCYng">3902.4</dst>
            <dst id="LOSAng">27616.2933333333</dst>
            <dst id="NYCMng">12193.216</dst>
            <dst id="SNVAng">895.317333333333</dst>
            <dst id="STTLng">4639.688</dst>
            <dst id="WASHng">127541.762666667</dst>
        </src>
        <src id="CHINng">
            <dst id="ATLA-M5">1655.51466666667</dst>
            <dst id="ATLAng">45570.1173333333</dst>
            <dst id="CHINng">108392.965333333</dst>
            <dst id="DNVRng">32839.976</dst>
            <dst id="HSTNng">52910.8906666667</dst>
            <dst id="IPLSng">67586.1813333333</dst>
            <dst id="KSCYng">14026.904</dst>
            <dst id="LOSAng">1994178.32</dst>
            <dst id="NYCMng">18894.9786666667</dst>
            <dst id="SNVAng">5791.048</dst>
            <dst id="STTLng">14973.984</dst>
            <dst id="WASHng">26259.6853333333</dst>
        </src>
        <src id="DNVRng">
            <dst id="ATLA-M5">401.898666666667</dst>
            <dst id="ATLAng">12326.3733333333</dst>
            <dst id="CHINng">57597.6186666667</dst>
            <dst id="DNVRng">8378.032</dst>
            <dst id="HSTNng">15403.24</dst>
            <dst id="IPLSng">32349.4213333333</dst>
            <dst id="KSCYng">11422.9333333333</dst>
            <dst id="LOSAng">5767.42133333333</dst>
            <dst id="NYCMng">14459.3973333333</dst>
            <dst id="SNVAng">7239.136</dst>
            <dst id="STTLng">6123.088</dst>
            <dst id="WASHng">43501.2906666667</dst>
        </src>
        <src id="HSTNng">
            <dst id="ATLA-M5">719.557333333333</dst>
            <dst id="ATLAng">6459.552</dst>
            <dst id="CHINng">30809.3093333333</dst>
            <dst id="DNVRng">4942.984</dst>
            <dst id="HSTNng">5353.624</dst>
            <dst id="IPLSng">8576.41866666667</dst>
            <dst id="KSCYng">3729.672</dst>
            <dst id="LOSAng">8861.368</dst>
            <dst id="NYCMng">5601.656</dst>
            <dst id="SNVAng">2252.34133333333</dst>
            <dst id="STTLng">2819.19733333333</dst>
            <dst id="WASHng">7024.14933333333</dst>
        </src>
        <src id="IPLSng">
            <dst id="ATLA-M5">696.386666666667</dst>
            <dst id="ATLAng">16717.2933333333</dst>
            <dst id="CHINng">126640.552</dst>
            <dst id="DNVRng">19502.1253333333</dst>
            <dst id="HSTNng">6586.59733333333</dst>
            <dst id="IPLSng">14532.6986666667</dst>
            <dst id="KSCYng">17082.2053333333</dst>
            <dst id="LOSAng">47601.112</dst>
            <dst id="NYCMng">68533.776</dst>
            <dst id="SNVAng">3962.50666666667</dst>
            <dst id="STTLng">11457.4986666667</dst>
            <dst id="WASHng">35949.712</dst>
        </src>
        <src id="KSCYng">
            <dst id="ATLA-M5">844.704</dst>
            <dst id="ATLAng">2497.38133333333</dst>
            <dst id="CHINng">19300.4</dst>
            <dst id="DNVRng">9492.73066666667</dst>
            <dst id="HSTNng">5609.57333333333</dst>
            <dst id="IPLSng">14302.7466666667</dst>
            <dst id="KSCYng">5928.24266666667</dst>
            <dst id="LOSAng">6334.11733333333</dst>
            <dst id="NYCMng">5136.76533333333</dst>
            <dst id="SNVAng">1186.79733333333</dst>
            <dst id="STTLng">1271.976</dst>
            <dst id="WASHng">11627.424</dst>
        </src>
        <src id="LOSAng">
            <dst id="ATLA-M5">2960.952</dst>
            <dst id="ATLAng">19610.52</dst>
            <dst id="CHINng">1106401.25333333</dst>
            <dst id="DNVRng">17004.9946666667</dst>
            <dst id="HSTNng">30766.3093333333</dst>
            <dst id="IPLSng">51417.4346666667</dst>
            <dst id="KSCYng">13054.5253333333</dst>
            <dst id="LOSAng">10200.7573333333</dst>
            <dst id="NYCMng">90581.5866666667</dst>
            <dst id="SNVAng">11494.5413333333</dst>
            <dst id="STTLng">22235.192</dst>
            <dst id="WASHng">110837.029333333</dst>
        </src>
        <src id="NYCMng">
            <dst id="ATLA-M5">820.146666666667</dst>
            <dst id="ATLAng">33527.3306666667</dst>
            <dst id="CHINng">57931.1733333333</dst>
            <dst id="DNVRng">44107.7786666667</dst>
            <dst id="HSTNng">21040.296</dst>
            <dst id="IPLSng">56483.864</dst>
            <dst id="KSCYng">21248.7973333333</dst>
            <dst id="LOSAng">83218.44</dst>
            <dst id="NYCMng">199134.018666667</dst>
            <dst id="SNVAng">6500.94666666667</dst>
            <dst id="STTLng">21196.2053333333</dst>
            <dst id="WASHng">147932.864</dst>
        </src>
        <src id="SNVAng">
            <dst id="ATLA-M5">76.9306666666667</dst>
            <dst id="ATLAng">133.333333333333</dst>
            <dst id="CHINng">1284.14133333333</dst>
            <dst id="DNVRng">8392.328</dst>
            <dst id="HSTNng">419.864</dst>
            <dst id="IPLSng">1326.83733333333</dst>
            <dst id="KSCYng">566.293333333333</dst>
            <dst id="LOSAng">35012.3653333333</dst>
            <dst id="NYCMng">884.429333333333</dst>
            <dst id="SNVAng">15525.9626666667</dst>
            <dst id="STTLng">54451.032</dst>
            <dst id="WASHng">765.482666666667</dst>
        </src>
        <src id="STTLng">
            <dst id="ATLA-M5">203.914666666667</dst>
            <dst id="ATLAng">8736.89333333333</dst>
            <dst id="CHINng">20375.248</dst>
            <dst id="DNVRng">11739.368</dst>
            <dst id="HSTNng">11329.4986666667</dst>
            <dst id="IPLSng">8582.97866666667</dst>
            <dst id="KSCYng">4053.88533333333</dst>
            <dst id="LOSAng">25064.864</dst>
            <dst id="NYCMng">8799.86933333333</dst>
            <dst id="SNVAng">4282.944</dst>
            <dst id="STTLng">3332.25066666667</dst>
            <dst id="WASHng">15347.7253333333</dst>
        </src>
        <src id="WASHng">
            <dst id="ATLA-M5">13690.7866666667</dst>
            <dst id="ATLAng">119895.936</dst>
            <dst id="CHINng">58994.048</dst>
            <dst id="DNVRng">43658.44</dst>
            <dst id="HSTNng">21984.0266666667</dst>
            <dst id="IPLSng">72918.72</dst>
            <dst id="KSCYng">13609.688</dst>
            <dst id="LOSAng">134257.898666667</dst>
            <dst id="NYCMng">150907.656</dst>
            <dst id="SNVAng">9126.176</dst>
            <dst id="STTLng">31745.5813333333</dst>
            <dst id="WASHng">243077.304</dst>
        </src>
    </IntraTM>
</TrafficMatrixFile>
