<?xml version="1.0" encoding="ISO-8859-1" standalone="yes"?>
<TrafficMatrixFile xsi:noNamespaceSchemaLocation="http://totem.run.montefiore.ulg.ac.be/Schema/TrafficMatrix-v1_2.xsd" xmlns:xsi="http://www.w3.org/2001/XMLSchema-instance">
    <IntraTM ASID="11537">
        <src id="ATLA-M5">
            <dst id="ATLA-M5">138.92</dst>
            <dst id="ATLAng">143.269333333333</dst>
            <dst id="CHINng">396.944</dst>
            <dst id="DNVRng">57.512</dst>
            <dst id="HSTNng">362.565333333333</dst>
            <dst id="IPLSng">206.210666666667</dst>
            <dst id="KSCYng">559.730666666667</dst>
            <dst id="LOSAng">357.661333333333</dst>
            <dst id="NYCMng">58.7946666666667</dst>
            <dst id="SNVAng">0</dst>
            <dst id="STTLng">53.3333333333333</dst>
            <dst id="WASHng">278.2</dst>
        </src>
        <src id="ATLAng">
            <dst id="ATLA-M5">91.7893333333333</dst>
            <dst id="ATLAng">26804.552</dst>
            <dst id="CHINng">19138.4746666667</dst>
            <dst id="DNVRng">5341.31466666667</dst>
            <dst id="HSTNng">2379.008</dst>
            <dst id="IPLSng">18196.472</dst>
            <dst id="KSCYng">1486.296</dst>
            <dst id="LOSAng">18785.9093333333</dst>
            <dst id="NYCMng">4716.152</dst>
            <dst id="SNVAng">454.261333333333</dst>
            <dst id="STTLng">4758.03733333333</dst>
            <dst id="WASHng">32058.7573333333</dst>
        </src>
        <src id="CHINng">
            <dst id="ATLA-M5">1731.66133333333</dst>
            <dst id="ATLAng">9667.16</dst>
            <dst id="CHINng">92256.3946666667</dst>
            <dst id="DNVRng">26165.1653333333</dst>
            <dst id="HSTNng">49103.7333333333</dst>
            <dst id="IPLSng">61510.7386666667</dst>
            <dst id="KSCYng">17334.72</dst>
            <dst id="LOSAng">2043028.29333333</dst>
            <dst id="NYCMng">19294.104</dst>
            <dst id="SNVAng">4085.032</dst>
            <dst id="STTLng">14794.184</dst>
            <dst id="WASHng">38453.3226666667</dst>
        </src>
        <src id="DNVRng">
            <dst id="ATLA-M5">147.584</dst>
            <dst id="ATLAng">5374.90133333333</dst>
            <dst id="CHINng">73787.488</dst>
            <dst id="DNVRng">8123.104</dst>
            <dst id="HSTNng">15644.864</dst>
            <dst id="IPLSng">39684.976</dst>
            <dst id="KSCYng">9500.02933333333</dst>
            <dst id="LOSAng">5913.584</dst>
            <dst id="NYCMng">15024.1333333333</dst>
            <dst id="SNVAng">4072.74133333333</dst>
            <dst id="STTLng">7934.06666666666</dst>
            <dst id="WASHng">55703.3386666667</dst>
        </src>
        <src id="HSTNng">
            <dst id="ATLA-M5">4990.25066666666</dst>
            <dst id="ATLAng">1073.536</dst>
            <dst id="CHINng">30063.9466666667</dst>
            <dst id="DNVRng">1517.84533333333</dst>
            <dst id="HSTNng">4598.42133333333</dst>
            <dst id="IPLSng">5508.95466666667</dst>
            <dst id="KSCYng">3665.27466666667</dst>
            <dst id="LOSAng">8016.568</dst>
            <dst id="NYCMng">2546.77333333333</dst>
            <dst id="SNVAng">2120.448</dst>
            <dst id="STTLng">6334.65866666667</dst>
            <dst id="WASHng">4680.58133333333</dst>
        </src>
        <src id="IPLSng">
            <dst id="ATLA-M5">627.101333333333</dst>
            <dst id="ATLAng">12868.3866666667</dst>
            <dst id="CHINng">91168.4986666667</dst>
            <dst id="DNVRng">32107.0186666667</dst>
            <dst id="HSTNng">8970.208</dst>
            <dst id="IPLSng">23891.0346666667</dst>
            <dst id="KSCYng">5264.424</dst>
            <dst id="LOSAng">52540.448</dst>
            <dst id="NYCMng">48348.7146666667</dst>
            <dst id="SNVAng">3011.58666666667</dst>
            <dst id="STTLng">8279.36266666666</dst>
            <dst id="WASHng">45708.256</dst>
        </src>
        <src id="KSCYng">
            <dst id="ATLA-M5">317.810666666667</dst>
            <dst id="ATLAng">1724.02666666667</dst>
            <dst id="CHINng">21372.56</dst>
            <dst id="DNVRng">9795.37333333333</dst>
            <dst id="HSTNng">3822.992</dst>
            <dst id="IPLSng">21185.4133333333</dst>
            <dst id="KSCYng">8724.39466666667</dst>
            <dst id="LOSAng">5807.87466666667</dst>
            <dst id="NYCMng">3125.68533333333</dst>
            <dst id="SNVAng">111.746666666667</dst>
            <dst id="STTLng">1472.64266666667</dst>
            <dst id="WASHng">20709.7386666667</dst>
        </src>
        <src id="LOSAng">
            <dst id="ATLA-M5">1938.88</dst>
            <dst id="ATLAng">14935.6693333333</dst>
            <dst id="CHINng">67082.5226666667</dst>
            <dst id="DNVRng">9347.27466666667</dst>
            <dst id="HSTNng">7238.06933333333</dst>
            <dst id="IPLSng">28551.7973333333</dst>
            <dst id="KSCYng">10747.4746666667</dst>
            <dst id="LOSAng">11985.9893333333</dst>
            <dst id="NYCMng">53250.6933333333</dst>
            <dst id="SNVAng">6767.95466666667</dst>
            <dst id="STTLng">31922.912</dst>
            <dst id="WASHng">72252.2346666667</dst>
        </src>
        <src id="NYCMng">
            <dst id="ATLA-M5">1277.248</dst>
            <dst id="ATLAng">17620.3733333333</dst>
            <dst id="CHINng">59063.1493333333</dst>
            <dst id="DNVRng">31177.2453333333</dst>
            <dst id="HSTNng">10546.7546666667</dst>
            <dst id="IPLSng">43148.6053333333</dst>
            <dst id="KSCYng">11618.2586666667</dst>
            <dst id="LOSAng">86610.8453333333</dst>
            <dst id="NYCMng">131602.562666667</dst>
            <dst id="SNVAng">6106.03733333333</dst>
            <dst id="STTLng">28553.2906666667</dst>
            <dst id="WASHng">98502.4906666667</dst>
        </src>
        <src id="SNVAng">
            <dst id="ATLA-M5">61.1013333333333</dst>
            <dst id="ATLAng">53.3333333333333</dst>
            <dst id="CHINng">2670.23733333333</dst>
            <dst id="DNVRng">1684.88</dst>
            <dst id="HSTNng">891.168</dst>
            <dst id="IPLSng">642.826666666667</dst>
            <dst id="KSCYng">4093.69866666667</dst>
            <dst id="LOSAng">32430.016</dst>
            <dst id="NYCMng">2720.09333333333</dst>
            <dst id="SNVAng">13243.2</dst>
            <dst id="STTLng">48192.4853333333</dst>
            <dst id="WASHng">307.482666666667</dst>
        </src>
        <src id="STTLng">
            <dst id="ATLA-M5">803.408</dst>
            <dst id="ATLAng">6674.984</dst>
            <dst id="CHINng">20979.1786666667</dst>
            <dst id="DNVRng">7677.04266666667</dst>
            <dst id="HSTNng">6109.41066666667</dst>
            <dst id="IPLSng">5294.67733333333</dst>
            <dst id="KSCYng">3309.28</dst>
            <dst id="LOSAng">20558.5466666667</dst>
            <dst id="NYCMng">5825.704</dst>
            <dst id="SNVAng">4963.112</dst>
            <dst id="STTLng">1586.04266666667</dst>
            <dst id="WASHng">7618.57066666667</dst>
        </src>
        <src id="WASHng">
            <dst id="ATLA-M5">3753.16</dst>
            <dst id="ATLAng">51624.3066666667</dst>
            <dst id="CHINng">70168.584</dst>
            <dst id="DNVRng">41778.7626666667</dst>
            <dst id="HSTNng">20052.7493333333</dst>
            <dst id="IPLSng">64521.28</dst>
            <dst id="KSCYng">22630.6293333333</dst>
            <dst id="LOSAng">118914.829333333</dst>
            <dst id="NYCMng">151546.506666667</dst>
            <dst id="SNVAng">5323.89333333333</dst>
            <dst id="STTLng">39235.368</dst>
            <dst id="WASHng">221273.72</dst>
        </src>
    </IntraTM>
</TrafficMatrixFile>
