<?xml version="1.0" encoding="ISO-8859-1" standalone="yes"?>
<TrafficMatrixFile xsi:noNamespaceSchemaLocation="http://totem.run.montefiore.ulg.ac.be/Schema/TrafficMatrix-v1_2.xsd" xmlns:xsi="http://www.w3.org/2001/XMLSchema-instance">
    <IntraTM ASID="11537">
        <src id="ATLA-M5">
            <dst id="ATLA-M5">74.7973333333333</dst>
            <dst id="ATLAng">479.181333333333</dst>
            <dst id="CHINng">1135.784</dst>
            <dst id="DNVRng">113.936</dst>
            <dst id="HSTNng">1962.61333333333</dst>
            <dst id="IPLSng">455.058666666667</dst>
            <dst id="KSCYng">1181.43733333333</dst>
            <dst id="LOSAng">369.178666666667</dst>
            <dst id="NYCMng">53.3333333333333</dst>
            <dst id="SNVAng">62.9653333333333</dst>
            <dst id="STTLng">151.517333333333</dst>
            <dst id="WASHng">250.016</dst>
        </src>
        <src id="ATLAng">
            <dst id="ATLA-M5">2703.13066666667</dst>
            <dst id="ATLAng">21676.3253333333</dst>
            <dst id="CHINng">45034.9253333333</dst>
            <dst id="DNVRng">5905.232</dst>
            <dst id="HSTNng">11893.432</dst>
            <dst id="IPLSng">29538.9866666667</dst>
            <dst id="KSCYng">4183.32266666667</dst>
            <dst id="LOSAng">37587.4373333333</dst>
            <dst id="NYCMng">8641.55733333333</dst>
            <dst id="SNVAng">652.461333333333</dst>
            <dst id="STTLng">5723.664</dst>
            <dst id="WASHng">33084.8773333333</dst>
        </src>
        <src id="CHINng">
            <dst id="ATLA-M5">704.6</dst>
            <dst id="ATLAng">34365.2986666667</dst>
            <dst id="CHINng">77271.856</dst>
            <dst id="DNVRng">26240.136</dst>
            <dst id="HSTNng">45815.4426666667</dst>
            <dst id="IPLSng">52523</dst>
            <dst id="KSCYng">29859.6933333333</dst>
            <dst id="LOSAng">69729.5786666667</dst>
            <dst id="NYCMng">20811.6586666667</dst>
            <dst id="SNVAng">5243.66933333333</dst>
            <dst id="STTLng">12868.3013333333</dst>
            <dst id="WASHng">33105.5413333333</dst>
        </src>
        <src id="DNVRng">
            <dst id="ATLA-M5">395.757333333333</dst>
            <dst id="ATLAng">5482.472</dst>
            <dst id="CHINng">67604.3493333333</dst>
            <dst id="DNVRng">7970.528</dst>
            <dst id="HSTNng">13765.744</dst>
            <dst id="IPLSng">25945</dst>
            <dst id="KSCYng">14679.9386666667</dst>
            <dst id="LOSAng">4077.01866666667</dst>
            <dst id="NYCMng">27221.5893333333</dst>
            <dst id="SNVAng">9244.93866666667</dst>
            <dst id="STTLng">7962.17333333333</dst>
            <dst id="WASHng">48887.1946666667</dst>
        </src>
        <src id="HSTNng">
            <dst id="ATLA-M5">644.498666666667</dst>
            <dst id="ATLAng">3595.728</dst>
            <dst id="CHINng">18844.4426666667</dst>
            <dst id="DNVRng">3657.472</dst>
            <dst id="HSTNng">6821.504</dst>
            <dst id="IPLSng">5115.544</dst>
            <dst id="KSCYng">4959.56266666667</dst>
            <dst id="LOSAng">9703.29066666667</dst>
            <dst id="NYCMng">3720.39733333333</dst>
            <dst id="SNVAng">1890.30133333333</dst>
            <dst id="STTLng">2951.92533333333</dst>
            <dst id="WASHng">7360.41333333333</dst>
        </src>
        <src id="IPLSng">
            <dst id="ATLA-M5">645.802666666667</dst>
            <dst id="ATLAng">34997.8053333333</dst>
            <dst id="CHINng">111408.96</dst>
            <dst id="DNVRng">15395.9973333333</dst>
            <dst id="HSTNng">6071.05066666667</dst>
            <dst id="IPLSng">24872.216</dst>
            <dst id="KSCYng">22710.008</dst>
            <dst id="LOSAng">49000.04</dst>
            <dst id="NYCMng">53075.9813333333</dst>
            <dst id="SNVAng">1925.176</dst>
            <dst id="STTLng">8817.144</dst>
            <dst id="WASHng">38075.4373333333</dst>
        </src>
        <src id="KSCYng">
            <dst id="ATLA-M5">102.653333333333</dst>
            <dst id="ATLAng">6505.20533333334</dst>
            <dst id="CHINng">26404.5226666667</dst>
            <dst id="DNVRng">21511.2773333333</dst>
            <dst id="HSTNng">4483.26133333333</dst>
            <dst id="IPLSng">15722.6666666667</dst>
            <dst id="KSCYng">6660.22933333333</dst>
            <dst id="LOSAng">7122.76533333333</dst>
            <dst id="NYCMng">5812.056</dst>
            <dst id="SNVAng">955.592</dst>
            <dst id="STTLng">3500.09066666667</dst>
            <dst id="WASHng">26348.6106666667</dst>
        </src>
        <src id="LOSAng">
            <dst id="ATLA-M5">1736.95733333333</dst>
            <dst id="ATLAng">23966.4</dst>
            <dst id="CHINng">103092.136</dst>
            <dst id="DNVRng">19764.3866666667</dst>
            <dst id="HSTNng">9281.27466666667</dst>
            <dst id="IPLSng">57668.3706666667</dst>
            <dst id="KSCYng">11893.7173333333</dst>
            <dst id="LOSAng">19987.6186666667</dst>
            <dst id="NYCMng">77379.352</dst>
            <dst id="SNVAng">6920.11466666667</dst>
            <dst id="STTLng">25632.1093333333</dst>
            <dst id="WASHng">104958.909333333</dst>
        </src>
        <src id="NYCMng">
            <dst id="ATLA-M5">1842.09866666667</dst>
            <dst id="ATLAng">33127.968</dst>
            <dst id="CHINng">64583.128</dst>
            <dst id="DNVRng">34881.7733333333</dst>
            <dst id="HSTNng">18596.6586666667</dst>
            <dst id="IPLSng">60611.6986666667</dst>
            <dst id="KSCYng">18980.8186666667</dst>
            <dst id="LOSAng">75054.4906666667</dst>
            <dst id="NYCMng">168274.488</dst>
            <dst id="SNVAng">5254.57066666667</dst>
            <dst id="STTLng">23444.2533333333</dst>
            <dst id="WASHng">157840.853333333</dst>
        </src>
        <src id="SNVAng">
            <dst id="ATLA-M5">26.6666666666667</dst>
            <dst id="ATLAng">504.832</dst>
            <dst id="CHINng">2310.55466666667</dst>
            <dst id="DNVRng">6304.504</dst>
            <dst id="HSTNng">608.029333333333</dst>
            <dst id="IPLSng">5212.256</dst>
            <dst id="KSCYng">191.416</dst>
            <dst id="LOSAng">54642.8853333333</dst>
            <dst id="NYCMng">963.064</dst>
            <dst id="SNVAng">20665.04</dst>
            <dst id="STTLng">65250.6</dst>
            <dst id="WASHng">800.584</dst>
        </src>
        <src id="STTLng">
            <dst id="ATLA-M5">452.245333333334</dst>
            <dst id="ATLAng">11150.5493333333</dst>
            <dst id="CHINng">12485.328</dst>
            <dst id="DNVRng">3197.36</dst>
            <dst id="HSTNng">7109.77333333333</dst>
            <dst id="IPLSng">8715.52</dst>
            <dst id="KSCYng">3012.92266666667</dst>
            <dst id="LOSAng">21563.168</dst>
            <dst id="NYCMng">7149.29333333333</dst>
            <dst id="SNVAng">3870.97333333333</dst>
            <dst id="STTLng">2996.904</dst>
            <dst id="WASHng">9278.456</dst>
        </src>
        <src id="WASHng">
            <dst id="ATLA-M5">2831.51733333333</dst>
            <dst id="ATLAng">103645.712</dst>
            <dst id="CHINng">80136.9466666667</dst>
            <dst id="DNVRng">53386.4106666667</dst>
            <dst id="HSTNng">23681.6826666667</dst>
            <dst id="IPLSng">65412.7653333333</dst>
            <dst id="KSCYng">21253.232</dst>
            <dst id="LOSAng">127206.954666667</dst>
            <dst id="NYCMng">132261.64</dst>
            <dst id="SNVAng">2908.04</dst>
            <dst id="STTLng">30921.96</dst>
            <dst id="WASHng">268716.746666667</dst>
        </src>
    </IntraTM>
</TrafficMatrixFile>
