<?xml version="1.0" encoding="ISO-8859-1" standalone="yes"?>
<TrafficMatrixFile xsi:noNamespaceSchemaLocation="http://totem.run.montefiore.ulg.ac.be/Schema/TrafficMatrix-v1_2.xsd" xmlns:xsi="http://www.w3.org/2001/XMLSchema-instance">
    <IntraTM ASID="11537">
        <src id="ATLA-M5">
            <dst id="ATLA-M5">78.7413333333333</dst>
            <dst id="ATLAng">103.84</dst>
            <dst id="CHINng">325.416</dst>
            <dst id="DNVRng">53.3333333333333</dst>
            <dst id="HSTNng">0</dst>
            <dst id="IPLSng">860.096</dst>
            <dst id="KSCYng">2632.66133333333</dst>
            <dst id="LOSAng">292.706666666667</dst>
            <dst id="NYCMng">343.482666666667</dst>
            <dst id="SNVAng">0</dst>
            <dst id="STTLng">313.685333333333</dst>
            <dst id="WASHng">1492.504</dst>
        </src>
        <src id="ATLAng">
            <dst id="ATLA-M5">398.269333333333</dst>
            <dst id="ATLAng">24444.2933333333</dst>
            <dst id="CHINng">28719.7306666667</dst>
            <dst id="DNVRng">5476.61066666667</dst>
            <dst id="HSTNng">3281.816</dst>
            <dst id="IPLSng">28249.2133333333</dst>
            <dst id="KSCYng">2748.86133333333</dst>
            <dst id="LOSAng">20068.1546666667</dst>
            <dst id="NYCMng">12211.9653333333</dst>
            <dst id="SNVAng">1135.05866666667</dst>
            <dst id="STTLng">6760.49333333333</dst>
            <dst id="WASHng">37467.032</dst>
        </src>
        <src id="CHINng">
            <dst id="ATLA-M5">1330.456</dst>
            <dst id="ATLAng">42048.6426666667</dst>
            <dst id="CHINng">80820.504</dst>
            <dst id="DNVRng">20393.272</dst>
            <dst id="HSTNng">51612.072</dst>
            <dst id="IPLSng">47693.432</dst>
            <dst id="KSCYng">17263.4933333333</dst>
            <dst id="LOSAng">72928.7706666667</dst>
            <dst id="NYCMng">22389.768</dst>
            <dst id="SNVAng">8469</dst>
            <dst id="STTLng">11523.9653333333</dst>
            <dst id="WASHng">32768.3093333333</dst>
        </src>
        <src id="DNVRng">
            <dst id="ATLA-M5">268.074666666667</dst>
            <dst id="ATLAng">5909.61333333334</dst>
            <dst id="CHINng">61258.2853333333</dst>
            <dst id="DNVRng">18412.472</dst>
            <dst id="HSTNng">16468.1573333333</dst>
            <dst id="IPLSng">30500.1093333333</dst>
            <dst id="KSCYng">13387.456</dst>
            <dst id="LOSAng">6199.64266666667</dst>
            <dst id="NYCMng">19074.7066666667</dst>
            <dst id="SNVAng">12026.6693333333</dst>
            <dst id="STTLng">11194.9706666667</dst>
            <dst id="WASHng">49122.8933333333</dst>
        </src>
        <src id="HSTNng">
            <dst id="ATLA-M5">404.312</dst>
            <dst id="ATLAng">4584.992</dst>
            <dst id="CHINng">13407.904</dst>
            <dst id="DNVRng">5299.53333333333</dst>
            <dst id="HSTNng">7716.93866666667</dst>
            <dst id="IPLSng">8571.096</dst>
            <dst id="KSCYng">4800.46666666667</dst>
            <dst id="LOSAng">10143.888</dst>
            <dst id="NYCMng">5625.208</dst>
            <dst id="SNVAng">608.528</dst>
            <dst id="STTLng">1751.46133333333</dst>
            <dst id="WASHng">12522.712</dst>
        </src>
        <src id="IPLSng">
            <dst id="ATLA-M5">4809.46933333333</dst>
            <dst id="ATLAng">27586.6453333333</dst>
            <dst id="CHINng">111816.952</dst>
            <dst id="DNVRng">12154.7013333333</dst>
            <dst id="HSTNng">4807.32533333333</dst>
            <dst id="IPLSng">37347.7546666667</dst>
            <dst id="KSCYng">12943.816</dst>
            <dst id="LOSAng">36632.2346666667</dst>
            <dst id="NYCMng">82247.7626666667</dst>
            <dst id="SNVAng">4623.048</dst>
            <dst id="STTLng">10272.7066666667</dst>
            <dst id="WASHng">39360.896</dst>
        </src>
        <src id="KSCYng">
            <dst id="ATLA-M5">279.456</dst>
            <dst id="ATLAng">2783.40266666667</dst>
            <dst id="CHINng">21118.768</dst>
            <dst id="DNVRng">18415.0426666667</dst>
            <dst id="HSTNng">4164.81333333333</dst>
            <dst id="IPLSng">15686.88</dst>
            <dst id="KSCYng">8637.61333333333</dst>
            <dst id="LOSAng">7475.93333333334</dst>
            <dst id="NYCMng">5940.05333333333</dst>
            <dst id="SNVAng">439.074666666667</dst>
            <dst id="STTLng">3192.74666666667</dst>
            <dst id="WASHng">36054.4266666667</dst>
        </src>
        <src id="LOSAng">
            <dst id="ATLA-M5">1463.48</dst>
            <dst id="ATLAng">22595.5653333333</dst>
            <dst id="CHINng">78231.1306666667</dst>
            <dst id="DNVRng">14921.1013333333</dst>
            <dst id="HSTNng">12374.4666666667</dst>
            <dst id="IPLSng">44836.9626666667</dst>
            <dst id="KSCYng">13535.2053333333</dst>
            <dst id="LOSAng">16868.8133333333</dst>
            <dst id="NYCMng">61918.408</dst>
            <dst id="SNVAng">15654.448</dst>
            <dst id="STTLng">25905.232</dst>
            <dst id="WASHng">101831.621333333</dst>
        </src>
        <src id="NYCMng">
            <dst id="ATLA-M5">1707.07466666667</dst>
            <dst id="ATLAng">37106.0373333333</dst>
            <dst id="CHINng">57718.0106666667</dst>
            <dst id="DNVRng">35621.0586666667</dst>
            <dst id="HSTNng">25757.8826666667</dst>
            <dst id="IPLSng">54077.96</dst>
            <dst id="KSCYng">22223.4853333333</dst>
            <dst id="LOSAng">87361.68</dst>
            <dst id="NYCMng">183392.496</dst>
            <dst id="SNVAng">4599.42133333333</dst>
            <dst id="STTLng">29848.8826666667</dst>
            <dst id="WASHng">140127.352</dst>
        </src>
        <src id="SNVAng">
            <dst id="ATLA-M5">26.6666666666667</dst>
            <dst id="ATLAng">379.832</dst>
            <dst id="CHINng">2050.19466666667</dst>
            <dst id="DNVRng">11554.984</dst>
            <dst id="HSTNng">258.901333333333</dst>
            <dst id="IPLSng">928.554666666667</dst>
            <dst id="KSCYng">314.88</dst>
            <dst id="LOSAng">53598.6213333333</dst>
            <dst id="NYCMng">739.08</dst>
            <dst id="SNVAng">17733.1973333333</dst>
            <dst id="STTLng">62200.9813333333</dst>
            <dst id="WASHng">1309.23466666667</dst>
        </src>
        <src id="STTLng">
            <dst id="ATLA-M5">303.690666666667</dst>
            <dst id="ATLAng">9060.22133333333</dst>
            <dst id="CHINng">12902.9813333333</dst>
            <dst id="DNVRng">4663.26666666667</dst>
            <dst id="HSTNng">6959.73066666667</dst>
            <dst id="IPLSng">7750.11733333333</dst>
            <dst id="KSCYng">2710.896</dst>
            <dst id="LOSAng">21890.5626666667</dst>
            <dst id="NYCMng">9872.30666666667</dst>
            <dst id="SNVAng">3883.91466666667</dst>
            <dst id="STTLng">3435.52266666667</dst>
            <dst id="WASHng">6149.30666666667</dst>
        </src>
        <src id="WASHng">
            <dst id="ATLA-M5">2305.45333333333</dst>
            <dst id="ATLAng">108253.754666667</dst>
            <dst id="CHINng">108695.496</dst>
            <dst id="DNVRng">67293.7813333333</dst>
            <dst id="HSTNng">30202.9226666667</dst>
            <dst id="IPLSng">58522.6506666667</dst>
            <dst id="KSCYng">24373.5546666667</dst>
            <dst id="LOSAng">123459.949333333</dst>
            <dst id="NYCMng">176291.821333333</dst>
            <dst id="SNVAng">2325.23466666667</dst>
            <dst id="STTLng">29803.6586666667</dst>
            <dst id="WASHng">224297.154666667</dst>
        </src>
    </IntraTM>
</TrafficMatrixFile>
