<?xml version="1.0" encoding="ISO-8859-1" standalone="yes"?>
<TrafficMatrixFile xsi:noNamespaceSchemaLocation="http://totem.run.montefiore.ulg.ac.be/Schema/TrafficMatrix-v1_2.xsd" xmlns:xsi="http://www.w3.org/2001/XMLSchema-instance">
    <IntraTM ASID="11537">
        <src id="ATLA-M5">
            <dst id="ATLA-M5">1192.592</dst>
            <dst id="ATLAng">59.6586666666667</dst>
            <dst id="CHINng">1028.072</dst>
            <dst id="DNVRng">53.3333333333333</dst>
            <dst id="HSTNng">126.034666666667</dst>
            <dst id="IPLSng">421.037333333333</dst>
            <dst id="KSCYng">418.672</dst>
            <dst id="LOSAng">110.184</dst>
            <dst id="NYCMng">906.354666666666</dst>
            <dst id="SNVAng">26.6666666666667</dst>
            <dst id="STTLng">309.637333333333</dst>
            <dst id="WASHng">2094.216</dst>
        </src>
        <src id="ATLAng">
            <dst id="ATLA-M5">1112.48</dst>
            <dst id="ATLAng">28527.728</dst>
            <dst id="CHINng">15085.7973333333</dst>
            <dst id="DNVRng">2724.36533333333</dst>
            <dst id="HSTNng">3029.82666666667</dst>
            <dst id="IPLSng">16211.2133333333</dst>
            <dst id="KSCYng">1023.048</dst>
            <dst id="LOSAng">27763.584</dst>
            <dst id="NYCMng">9724.19733333334</dst>
            <dst id="SNVAng">57.3066666666667</dst>
            <dst id="STTLng">5024.76533333333</dst>
            <dst id="WASHng">67753.968</dst>
        </src>
        <src id="CHINng">
            <dst id="ATLA-M5">330.784</dst>
            <dst id="ATLAng">26380.9706666667</dst>
            <dst id="CHINng">93663.488</dst>
            <dst id="DNVRng">15237.1973333333</dst>
            <dst id="HSTNng">46178.1866666667</dst>
            <dst id="IPLSng">38597.3413333333</dst>
            <dst id="KSCYng">12635.2773333333</dst>
            <dst id="LOSAng">40220.2613333333</dst>
            <dst id="NYCMng">20426.6986666667</dst>
            <dst id="SNVAng">624.4</dst>
            <dst id="STTLng">11592.7706666667</dst>
            <dst id="WASHng">22599.24</dst>
        </src>
        <src id="DNVRng">
            <dst id="ATLA-M5">460.912</dst>
            <dst id="ATLAng">4045.584</dst>
            <dst id="CHINng">51116.544</dst>
            <dst id="DNVRng">13804.704</dst>
            <dst id="HSTNng">11556.528</dst>
            <dst id="IPLSng">34297.2453333333</dst>
            <dst id="KSCYng">19225.7973333333</dst>
            <dst id="LOSAng">15195.5733333333</dst>
            <dst id="NYCMng">12940.1146666667</dst>
            <dst id="SNVAng">13342.4666666667</dst>
            <dst id="STTLng">10687.0906666667</dst>
            <dst id="WASHng">50121.912</dst>
        </src>
        <src id="HSTNng">
            <dst id="ATLA-M5">830.848</dst>
            <dst id="ATLAng">1624.192</dst>
            <dst id="CHINng">18258.768</dst>
            <dst id="DNVRng">1314.48</dst>
            <dst id="HSTNng">7185.04</dst>
            <dst id="IPLSng">2973.672</dst>
            <dst id="KSCYng">3164.41866666667</dst>
            <dst id="LOSAng">2583.31466666667</dst>
            <dst id="NYCMng">6211.16533333333</dst>
            <dst id="SNVAng">210.208</dst>
            <dst id="STTLng">1125.96533333333</dst>
            <dst id="WASHng">8619.648</dst>
        </src>
        <src id="IPLSng">
            <dst id="ATLA-M5">393.730666666667</dst>
            <dst id="ATLAng">16577.2</dst>
            <dst id="CHINng">109754.549333333</dst>
            <dst id="DNVRng">14346.4773333333</dst>
            <dst id="HSTNng">3013.728</dst>
            <dst id="IPLSng">22632.4773333333</dst>
            <dst id="KSCYng">5127.93866666667</dst>
            <dst id="LOSAng">28630.8186666667</dst>
            <dst id="NYCMng">50310.832</dst>
            <dst id="SNVAng">800.141333333333</dst>
            <dst id="STTLng">12885.1493333333</dst>
            <dst id="WASHng">40040.7466666667</dst>
        </src>
        <src id="KSCYng">
            <dst id="ATLA-M5">192.837333333333</dst>
            <dst id="ATLAng">2577.38133333333</dst>
            <dst id="CHINng">25609.3146666667</dst>
            <dst id="DNVRng">9615.78133333333</dst>
            <dst id="HSTNng">3812.93333333333</dst>
            <dst id="IPLSng">17259.7626666667</dst>
            <dst id="KSCYng">7215.592</dst>
            <dst id="LOSAng">7418.49333333333</dst>
            <dst id="NYCMng">9746.864</dst>
            <dst id="SNVAng">1169.936</dst>
            <dst id="STTLng">1762.70133333333</dst>
            <dst id="WASHng">14264.5573333333</dst>
        </src>
        <src id="LOSAng">
            <dst id="ATLA-M5">2226.28</dst>
            <dst id="ATLAng">24559.4693333333</dst>
            <dst id="CHINng">1058664.4</dst>
            <dst id="DNVRng">13063.1146666667</dst>
            <dst id="HSTNng">10472.9333333333</dst>
            <dst id="IPLSng">58107.8426666667</dst>
            <dst id="KSCYng">11720.9893333333</dst>
            <dst id="LOSAng">10708.28</dst>
            <dst id="NYCMng">66993.9813333333</dst>
            <dst id="SNVAng">10337.8026666667</dst>
            <dst id="STTLng">17043.5893333333</dst>
            <dst id="WASHng">152440.824</dst>
        </src>
        <src id="NYCMng">
            <dst id="ATLA-M5">1019.496</dst>
            <dst id="ATLAng">39733.5493333333</dst>
            <dst id="CHINng">57515.416</dst>
            <dst id="DNVRng">32046.3653333333</dst>
            <dst id="HSTNng">9317.8</dst>
            <dst id="IPLSng">50574.88</dst>
            <dst id="KSCYng">16391.896</dst>
            <dst id="LOSAng">37048.872</dst>
            <dst id="NYCMng">169033.594666667</dst>
            <dst id="SNVAng">1375.37066666667</dst>
            <dst id="STTLng">21696.4266666667</dst>
            <dst id="WASHng">133069.568</dst>
        </src>
        <src id="SNVAng">
            <dst id="ATLA-M5">26.6666666666667</dst>
            <dst id="ATLAng">53.3333333333333</dst>
            <dst id="CHINng">831.189333333333</dst>
            <dst id="DNVRng">4560.95466666667</dst>
            <dst id="HSTNng">208.514666666667</dst>
            <dst id="IPLSng">1086.41066666667</dst>
            <dst id="KSCYng">111.858666666667</dst>
            <dst id="LOSAng">30399.2053333333</dst>
            <dst id="NYCMng">9342.89066666667</dst>
            <dst id="SNVAng">12817.632</dst>
            <dst id="STTLng">47419.8853333333</dst>
            <dst id="WASHng">365.512</dst>
        </src>
        <src id="STTLng">
            <dst id="ATLA-M5">191.048</dst>
            <dst id="ATLAng">9586.56</dst>
            <dst id="CHINng">13918.9973333333</dst>
            <dst id="DNVRng">2211.60533333333</dst>
            <dst id="HSTNng">10264.6</dst>
            <dst id="IPLSng">3585.56533333333</dst>
            <dst id="KSCYng">4808.88</dst>
            <dst id="LOSAng">17006.88</dst>
            <dst id="NYCMng">13607.8293333333</dst>
            <dst id="SNVAng">3111.36266666667</dst>
            <dst id="STTLng">7506.56266666667</dst>
            <dst id="WASHng">7370.296</dst>
        </src>
        <src id="WASHng">
            <dst id="ATLA-M5">2213.33066666667</dst>
            <dst id="ATLAng">241293.736</dst>
            <dst id="CHINng">84227.1946666667</dst>
            <dst id="DNVRng">54027.2533333333</dst>
            <dst id="HSTNng">20480.1893333333</dst>
            <dst id="IPLSng">64031.2373333333</dst>
            <dst id="KSCYng">24420.6373333333</dst>
            <dst id="LOSAng">108183.728</dst>
            <dst id="NYCMng">143719.218666667</dst>
            <dst id="SNVAng">1169.37066666667</dst>
            <dst id="STTLng">36828.328</dst>
            <dst id="WASHng">448939.413333333</dst>
        </src>
    </IntraTM>
</TrafficMatrixFile>
