<?xml version="1.0" encoding="ISO-8859-1" standalone="yes"?>
<TrafficMatrixFile xsi:noNamespaceSchemaLocation="http://totem.run.montefiore.ulg.ac.be/Schema/TrafficMatrix-v1_2.xsd" xmlns:xsi="http://www.w3.org/2001/XMLSchema-instance">
    <IntraTM ASID="11537">
        <src id="ATLA-M5">
            <dst id="ATLA-M5">28.848</dst>
            <dst id="ATLAng">340.413333333333</dst>
            <dst id="CHINng">88.704</dst>
            <dst id="DNVRng">26.6666666666667</dst>
            <dst id="HSTNng">84.9226666666667</dst>
            <dst id="IPLSng">578.754666666667</dst>
            <dst id="KSCYng">358.752</dst>
            <dst id="LOSAng">147.010666666667</dst>
            <dst id="NYCMng">414.261333333333</dst>
            <dst id="SNVAng">534.304</dst>
            <dst id="STTLng">26.6666666666667</dst>
            <dst id="WASHng">240.104</dst>
        </src>
        <src id="ATLAng">
            <dst id="ATLA-M5">177.109333333333</dst>
            <dst id="ATLAng">23877.552</dst>
            <dst id="CHINng">17395.824</dst>
            <dst id="DNVRng">8041.57866666667</dst>
            <dst id="HSTNng">5554.944</dst>
            <dst id="IPLSng">14664.7573333333</dst>
            <dst id="KSCYng">2966.59466666667</dst>
            <dst id="LOSAng">16017.4586666667</dst>
            <dst id="NYCMng">9095.53333333333</dst>
            <dst id="SNVAng">464.76</dst>
            <dst id="STTLng">4027.94666666667</dst>
            <dst id="WASHng">42620.4506666667</dst>
        </src>
        <src id="CHINng">
            <dst id="ATLA-M5">666.517333333333</dst>
            <dst id="ATLAng">21177.208</dst>
            <dst id="CHINng">122555.741333333</dst>
            <dst id="DNVRng">30770.0053333333</dst>
            <dst id="HSTNng">46094.392</dst>
            <dst id="IPLSng">62859.272</dst>
            <dst id="KSCYng">16226.2746666667</dst>
            <dst id="LOSAng">47073.016</dst>
            <dst id="NYCMng">21423.384</dst>
            <dst id="SNVAng">2182.02933333333</dst>
            <dst id="STTLng">19850.2266666667</dst>
            <dst id="WASHng">26988.7333333333</dst>
        </src>
        <src id="DNVRng">
            <dst id="ATLA-M5">162.482666666667</dst>
            <dst id="ATLAng">5038.67466666667</dst>
            <dst id="CHINng">90379.5306666667</dst>
            <dst id="DNVRng">8905.712</dst>
            <dst id="HSTNng">15169.792</dst>
            <dst id="IPLSng">25109.7493333333</dst>
            <dst id="KSCYng">17415.944</dst>
            <dst id="LOSAng">8971.06133333333</dst>
            <dst id="NYCMng">15470.2373333333</dst>
            <dst id="SNVAng">5500.576</dst>
            <dst id="STTLng">11998.8533333333</dst>
            <dst id="WASHng">39681.92</dst>
        </src>
        <src id="HSTNng">
            <dst id="ATLA-M5">104.997333333333</dst>
            <dst id="ATLAng">885.608</dst>
            <dst id="CHINng">19887.0373333333</dst>
            <dst id="DNVRng">1492.632</dst>
            <dst id="HSTNng">3694.288</dst>
            <dst id="IPLSng">13729.3093333333</dst>
            <dst id="KSCYng">5352.90133333333</dst>
            <dst id="LOSAng">3027.32533333333</dst>
            <dst id="NYCMng">3680.20533333333</dst>
            <dst id="SNVAng">637.994666666667</dst>
            <dst id="STTLng">2673.512</dst>
            <dst id="WASHng">3817.46933333333</dst>
        </src>
        <src id="IPLSng">
            <dst id="ATLA-M5">494.224</dst>
            <dst id="ATLAng">15238.9946666667</dst>
            <dst id="CHINng">118416.853333333</dst>
            <dst id="DNVRng">13894.8453333333</dst>
            <dst id="HSTNng">12768.2933333333</dst>
            <dst id="IPLSng">43265.3466666667</dst>
            <dst id="KSCYng">11583.336</dst>
            <dst id="LOSAng">19281.1146666667</dst>
            <dst id="NYCMng">85503.0053333333</dst>
            <dst id="SNVAng">887.794666666667</dst>
            <dst id="STTLng">7652.912</dst>
            <dst id="WASHng">44823.9733333333</dst>
        </src>
        <src id="KSCYng">
            <dst id="ATLA-M5">452.589333333333</dst>
            <dst id="ATLAng">3440.64266666667</dst>
            <dst id="CHINng">30981.6106666667</dst>
            <dst id="DNVRng">9371.87466666667</dst>
            <dst id="HSTNng">4084.13066666667</dst>
            <dst id="IPLSng">10923.128</dst>
            <dst id="KSCYng">7841.03466666667</dst>
            <dst id="LOSAng">2983.03466666667</dst>
            <dst id="NYCMng">7078.096</dst>
            <dst id="SNVAng">132.538666666667</dst>
            <dst id="STTLng">1132.672</dst>
            <dst id="WASHng">20868.7626666667</dst>
        </src>
        <src id="LOSAng">
            <dst id="ATLA-M5">2234.41066666667</dst>
            <dst id="ATLAng">16447.6053333333</dst>
            <dst id="CHINng">72668.472</dst>
            <dst id="DNVRng">7405.384</dst>
            <dst id="HSTNng">6838.73066666667</dst>
            <dst id="IPLSng">51232.9493333333</dst>
            <dst id="KSCYng">8625.64266666666</dst>
            <dst id="LOSAng">11618.6666666667</dst>
            <dst id="NYCMng">55759.8053333334</dst>
            <dst id="SNVAng">7327.82133333334</dst>
            <dst id="STTLng">30572.8986666667</dst>
            <dst id="WASHng">82329.864</dst>
        </src>
        <src id="NYCMng">
            <dst id="ATLA-M5">617.226666666667</dst>
            <dst id="ATLAng">22527.1306666667</dst>
            <dst id="CHINng">57561.592</dst>
            <dst id="DNVRng">28323.992</dst>
            <dst id="HSTNng">9194.176</dst>
            <dst id="IPLSng">46014.7813333333</dst>
            <dst id="KSCYng">10336.4373333333</dst>
            <dst id="LOSAng">40473.248</dst>
            <dst id="NYCMng">187737.810666667</dst>
            <dst id="SNVAng">1800.95733333333</dst>
            <dst id="STTLng">31730.2266666667</dst>
            <dst id="WASHng">134267.109333333</dst>
        </src>
        <src id="SNVAng">
            <dst id="ATLA-M5">0</dst>
            <dst id="ATLAng">53.3333333333333</dst>
            <dst id="CHINng">1610.56533333333</dst>
            <dst id="DNVRng">2624.264</dst>
            <dst id="HSTNng">174.506666666667</dst>
            <dst id="IPLSng">435.525333333333</dst>
            <dst id="KSCYng">104.408</dst>
            <dst id="LOSAng">35596.8133333333</dst>
            <dst id="NYCMng">8734.37333333333</dst>
            <dst id="SNVAng">13633.8586666667</dst>
            <dst id="STTLng">57572.7706666667</dst>
            <dst id="WASHng">102.28</dst>
        </src>
        <src id="STTLng">
            <dst id="ATLA-M5">362.677333333333</dst>
            <dst id="ATLAng">5254.36266666667</dst>
            <dst id="CHINng">28936.1306666667</dst>
            <dst id="DNVRng">1427.82666666667</dst>
            <dst id="HSTNng">3156.18133333333</dst>
            <dst id="IPLSng">4660.19733333333</dst>
            <dst id="KSCYng">2254.94933333333</dst>
            <dst id="LOSAng">16949.824</dst>
            <dst id="NYCMng">8549.19733333333</dst>
            <dst id="SNVAng">3223.07466666667</dst>
            <dst id="STTLng">5059.95466666667</dst>
            <dst id="WASHng">8960.71466666667</dst>
        </src>
        <src id="WASHng">
            <dst id="ATLA-M5">500.856</dst>
            <dst id="ATLAng">91990.744</dst>
            <dst id="CHINng">74212.76</dst>
            <dst id="DNVRng">64388.9226666667</dst>
            <dst id="HSTNng">15115.112</dst>
            <dst id="IPLSng">79318.5306666666</dst>
            <dst id="KSCYng">15596.4746666667</dst>
            <dst id="LOSAng">106421.592</dst>
            <dst id="NYCMng">197048.026666667</dst>
            <dst id="SNVAng">785.629333333333</dst>
            <dst id="STTLng">27802.32</dst>
            <dst id="WASHng">243221.405333333</dst>
        </src>
    </IntraTM>
</TrafficMatrixFile>
