<?xml version="1.0" encoding="ISO-8859-1" standalone="yes"?>
<TrafficMatrixFile xsi:noNamespaceSchemaLocation="http://totem.run.montefiore.ulg.ac.be/Schema/TrafficMatrix-v1_2.xsd" xmlns:xsi="http://www.w3.org/2001/XMLSchema-instance">
    <IntraTM ASID="11537">
        <src id="ATLA-M5">
            <dst id="ATLA-M5">51.5226666666667</dst>
            <dst id="ATLAng">81.8666666666667</dst>
            <dst id="CHINng">111.538666666667</dst>
            <dst id="DNVRng">53.3333333333333</dst>
            <dst id="HSTNng">80</dst>
            <dst id="IPLSng">1277.808</dst>
            <dst id="KSCYng">196.098666666667</dst>
            <dst id="LOSAng">124.853333333333</dst>
            <dst id="NYCMng">85.7386666666667</dst>
            <dst id="SNVAng">0</dst>
            <dst id="STTLng">524.405333333333</dst>
            <dst id="WASHng">231.576</dst>
        </src>
        <src id="ATLAng">
            <dst id="ATLA-M5">77.3893333333333</dst>
            <dst id="ATLAng">25141.9493333333</dst>
            <dst id="CHINng">14402.1813333333</dst>
            <dst id="DNVRng">6647.46133333334</dst>
            <dst id="HSTNng">4762.15466666667</dst>
            <dst id="IPLSng">12562.352</dst>
            <dst id="KSCYng">1150.42666666667</dst>
            <dst id="LOSAng">17322.1466666667</dst>
            <dst id="NYCMng">4502.552</dst>
            <dst id="SNVAng">438.114666666667</dst>
            <dst id="STTLng">3427.53333333333</dst>
            <dst id="WASHng">29961.7626666667</dst>
        </src>
        <src id="CHINng">
            <dst id="ATLA-M5">316.744</dst>
            <dst id="ATLAng">10351.0213333333</dst>
            <dst id="CHINng">102900.250666667</dst>
            <dst id="DNVRng">10816.8426666667</dst>
            <dst id="HSTNng">46022.7386666667</dst>
            <dst id="IPLSng">30263.728</dst>
            <dst id="KSCYng">9544.41866666667</dst>
            <dst id="LOSAng">55856.7893333333</dst>
            <dst id="NYCMng">14194.5733333333</dst>
            <dst id="SNVAng">2493.50666666667</dst>
            <dst id="STTLng">12990.952</dst>
            <dst id="WASHng">25278.3253333333</dst>
        </src>
        <src id="DNVRng">
            <dst id="ATLA-M5">149.365333333333</dst>
            <dst id="ATLAng">3177.33866666667</dst>
            <dst id="CHINng">83565.1493333333</dst>
            <dst id="DNVRng">1794.81866666667</dst>
            <dst id="HSTNng">12005.408</dst>
            <dst id="IPLSng">21516.6053333333</dst>
            <dst id="KSCYng">7203.44533333333</dst>
            <dst id="LOSAng">1922</dst>
            <dst id="NYCMng">11814.3013333333</dst>
            <dst id="SNVAng">4107.632</dst>
            <dst id="STTLng">9757.61866666667</dst>
            <dst id="WASHng">34179.496</dst>
        </src>
        <src id="HSTNng">
            <dst id="ATLA-M5">694.784</dst>
            <dst id="ATLAng">4294.82933333333</dst>
            <dst id="CHINng">19170.784</dst>
            <dst id="DNVRng">1443.136</dst>
            <dst id="HSTNng">3060.15733333333</dst>
            <dst id="IPLSng">3120.09066666667</dst>
            <dst id="KSCYng">1581.704</dst>
            <dst id="LOSAng">2579.592</dst>
            <dst id="NYCMng">3768.616</dst>
            <dst id="SNVAng">1442.17333333333</dst>
            <dst id="STTLng">1894.79733333333</dst>
            <dst id="WASHng">3971.28266666667</dst>
        </src>
        <src id="IPLSng">
            <dst id="ATLA-M5">453.421333333333</dst>
            <dst id="ATLAng">11505.7733333333</dst>
            <dst id="CHINng">107141.893333333</dst>
            <dst id="DNVRng">6240.21333333333</dst>
            <dst id="HSTNng">4971.36533333333</dst>
            <dst id="IPLSng">12032.304</dst>
            <dst id="KSCYng">6064.27733333333</dst>
            <dst id="LOSAng">49876.576</dst>
            <dst id="NYCMng">31055.6906666667</dst>
            <dst id="SNVAng">3864.86666666667</dst>
            <dst id="STTLng">15276.8106666667</dst>
            <dst id="WASHng">23469.5466666667</dst>
        </src>
        <src id="KSCYng">
            <dst id="ATLA-M5">137.112</dst>
            <dst id="ATLAng">1834.144</dst>
            <dst id="CHINng">17236.9013333333</dst>
            <dst id="DNVRng">10209.056</dst>
            <dst id="HSTNng">15878.9013333333</dst>
            <dst id="IPLSng">5446.48533333333</dst>
            <dst id="KSCYng">7632.864</dst>
            <dst id="LOSAng">4266.44</dst>
            <dst id="NYCMng">5390.75466666667</dst>
            <dst id="SNVAng">744.376</dst>
            <dst id="STTLng">1880.35466666667</dst>
            <dst id="WASHng">17541.0533333333</dst>
        </src>
        <src id="LOSAng">
            <dst id="ATLA-M5">879.8</dst>
            <dst id="ATLAng">6097.98133333333</dst>
            <dst id="CHINng">76540.5493333333</dst>
            <dst id="DNVRng">4928.40533333333</dst>
            <dst id="HSTNng">3939.24266666667</dst>
            <dst id="IPLSng">41746.0693333333</dst>
            <dst id="KSCYng">5837.34666666667</dst>
            <dst id="LOSAng">25122.896</dst>
            <dst id="NYCMng">35598.8186666667</dst>
            <dst id="SNVAng">7929.98933333333</dst>
            <dst id="STTLng">18034.0906666667</dst>
            <dst id="WASHng">72766.568</dst>
        </src>
        <src id="NYCMng">
            <dst id="ATLA-M5">1046.624</dst>
            <dst id="ATLAng">12128.4373333333</dst>
            <dst id="CHINng">43660.9653333333</dst>
            <dst id="DNVRng">31612.168</dst>
            <dst id="HSTNng">8724.01066666667</dst>
            <dst id="IPLSng">23254.2986666667</dst>
            <dst id="KSCYng">8960.34666666667</dst>
            <dst id="LOSAng">74579.352</dst>
            <dst id="NYCMng">134964.576</dst>
            <dst id="SNVAng">5071.224</dst>
            <dst id="STTLng">19771.9253333333</dst>
            <dst id="WASHng">69981.0346666667</dst>
        </src>
        <src id="SNVAng">
            <dst id="ATLA-M5">183.085333333333</dst>
            <dst id="ATLAng">159.072</dst>
            <dst id="CHINng">1123.27733333333</dst>
            <dst id="DNVRng">3874.87733333333</dst>
            <dst id="HSTNng">198.688</dst>
            <dst id="IPLSng">195.328</dst>
            <dst id="KSCYng">128.296</dst>
            <dst id="LOSAng">28923.4373333333</dst>
            <dst id="NYCMng">8442.98133333333</dst>
            <dst id="SNVAng">10613.3466666667</dst>
            <dst id="STTLng">46083.1786666667</dst>
            <dst id="WASHng">90.1466666666667</dst>
        </src>
        <src id="STTLng">
            <dst id="ATLA-M5">501.501333333333</dst>
            <dst id="ATLAng">5575.12266666667</dst>
            <dst id="CHINng">14519.1386666667</dst>
            <dst id="DNVRng">3215.54133333333</dst>
            <dst id="HSTNng">4335.73866666667</dst>
            <dst id="IPLSng">4387.72533333333</dst>
            <dst id="KSCYng">10155.488</dst>
            <dst id="LOSAng">15998.0666666667</dst>
            <dst id="NYCMng">5771.19733333333</dst>
            <dst id="SNVAng">3176.01333333333</dst>
            <dst id="STTLng">675.021333333333</dst>
            <dst id="WASHng">5295.456</dst>
        </src>
        <src id="WASHng">
            <dst id="ATLA-M5">892.253333333333</dst>
            <dst id="ATLAng">96219.4533333333</dst>
            <dst id="CHINng">66636.0186666667</dst>
            <dst id="DNVRng">29086.2053333333</dst>
            <dst id="HSTNng">4821.43733333333</dst>
            <dst id="IPLSng">49114.5653333333</dst>
            <dst id="KSCYng">11243.7546666667</dst>
            <dst id="LOSAng">81781.192</dst>
            <dst id="NYCMng">127390.256</dst>
            <dst id="SNVAng">4444.26666666667</dst>
            <dst id="STTLng">25610.1946666667</dst>
            <dst id="WASHng">182165.544</dst>
        </src>
    </IntraTM>
</TrafficMatrixFile>
