<?xml version="1.0" encoding="ISO-8859-1" standalone="yes"?>
<TrafficMatrixFile xsi:noNamespaceSchemaLocation="http://totem.run.montefiore.ulg.ac.be/Schema/TrafficMatrix-v1_2.xsd" xmlns:xsi="http://www.w3.org/2001/XMLSchema-instance">
    <IntraTM ASID="11537">
        <src id="ATLA-M5">
            <dst id="ATLA-M5">53.0773333333333</dst>
            <dst id="ATLAng">132.674666666667</dst>
            <dst id="CHINng">2335.94133333333</dst>
            <dst id="DNVRng">53.3333333333333</dst>
            <dst id="HSTNng">106.666666666667</dst>
            <dst id="IPLSng">1152.304</dst>
            <dst id="KSCYng">533.594666666667</dst>
            <dst id="LOSAng">176.549333333333</dst>
            <dst id="NYCMng">0</dst>
            <dst id="SNVAng">89.12</dst>
            <dst id="STTLng">26.6666666666667</dst>
            <dst id="WASHng">816.056</dst>
        </src>
        <src id="ATLAng">
            <dst id="ATLA-M5">236.629333333333</dst>
            <dst id="ATLAng">21725.7893333333</dst>
            <dst id="CHINng">16831.784</dst>
            <dst id="DNVRng">6398.94933333333</dst>
            <dst id="HSTNng">2697.04533333333</dst>
            <dst id="IPLSng">22183.424</dst>
            <dst id="KSCYng">900.581333333333</dst>
            <dst id="LOSAng">19320.512</dst>
            <dst id="NYCMng">5601.89333333333</dst>
            <dst id="SNVAng">336.314666666667</dst>
            <dst id="STTLng">4513.416</dst>
            <dst id="WASHng">24926.8906666667</dst>
        </src>
        <src id="CHINng">
            <dst id="ATLA-M5">1200.72533333333</dst>
            <dst id="ATLAng">14245.1813333333</dst>
            <dst id="CHINng">95149.0986666667</dst>
            <dst id="DNVRng">25761.4586666667</dst>
            <dst id="HSTNng">53563.8773333333</dst>
            <dst id="IPLSng">73311.864</dst>
            <dst id="KSCYng">24403.8026666667</dst>
            <dst id="LOSAng">2056067.68</dst>
            <dst id="NYCMng">17975.7226666667</dst>
            <dst id="SNVAng">2663.07733333333</dst>
            <dst id="STTLng">12535.464</dst>
            <dst id="WASHng">22746.6586666667</dst>
        </src>
        <src id="DNVRng">
            <dst id="ATLA-M5">241.365333333333</dst>
            <dst id="ATLAng">6606.456</dst>
            <dst id="CHINng">73658.2346666667</dst>
            <dst id="DNVRng">18877.4346666667</dst>
            <dst id="HSTNng">16323.1466666667</dst>
            <dst id="IPLSng">34417.104</dst>
            <dst id="KSCYng">17299.16</dst>
            <dst id="LOSAng">15003.6026666667</dst>
            <dst id="NYCMng">22716.368</dst>
            <dst id="SNVAng">8831.192</dst>
            <dst id="STTLng">13740.8773333333</dst>
            <dst id="WASHng">45867.8373333333</dst>
        </src>
        <src id="HSTNng">
            <dst id="ATLA-M5">413.962666666667</dst>
            <dst id="ATLAng">1888.76</dst>
            <dst id="CHINng">20179.392</dst>
            <dst id="DNVRng">1972.81866666667</dst>
            <dst id="HSTNng">5206.97066666667</dst>
            <dst id="IPLSng">11556.2986666667</dst>
            <dst id="KSCYng">2723.70133333333</dst>
            <dst id="LOSAng">8370.93866666667</dst>
            <dst id="NYCMng">7009.936</dst>
            <dst id="SNVAng">1753.24266666667</dst>
            <dst id="STTLng">3522.22133333333</dst>
            <dst id="WASHng">6445.85066666667</dst>
        </src>
        <src id="IPLSng">
            <dst id="ATLA-M5">440.432</dst>
            <dst id="ATLAng">16112.7733333333</dst>
            <dst id="CHINng">91724.5146666667</dst>
            <dst id="DNVRng">28149.992</dst>
            <dst id="HSTNng">7372.864</dst>
            <dst id="IPLSng">28956.472</dst>
            <dst id="KSCYng">9561.42666666667</dst>
            <dst id="LOSAng">69915.6613333333</dst>
            <dst id="NYCMng">68930.712</dst>
            <dst id="SNVAng">3605.90133333333</dst>
            <dst id="STTLng">9987.26933333333</dst>
            <dst id="WASHng">40676.4053333333</dst>
        </src>
        <src id="KSCYng">
            <dst id="ATLA-M5">524.069333333333</dst>
            <dst id="ATLAng">2263.208</dst>
            <dst id="CHINng">28321.568</dst>
            <dst id="DNVRng">8667.088</dst>
            <dst id="HSTNng">3727.384</dst>
            <dst id="IPLSng">15608.3146666667</dst>
            <dst id="KSCYng">9091.872</dst>
            <dst id="LOSAng">6630.72533333333</dst>
            <dst id="NYCMng">7439.104</dst>
            <dst id="SNVAng">2121.22666666667</dst>
            <dst id="STTLng">2727.46666666667</dst>
            <dst id="WASHng">15225.3653333333</dst>
        </src>
        <src id="LOSAng">
            <dst id="ATLA-M5">1769.29866666667</dst>
            <dst id="ATLAng">13006.176</dst>
            <dst id="CHINng">1075191.86666667</dst>
            <dst id="DNVRng">15595.7013333333</dst>
            <dst id="HSTNng">8412.62666666667</dst>
            <dst id="IPLSng">32104.3706666667</dst>
            <dst id="KSCYng">13813.1013333333</dst>
            <dst id="LOSAng">13613.0026666667</dst>
            <dst id="NYCMng">64695.752</dst>
            <dst id="SNVAng">9078.72533333333</dst>
            <dst id="STTLng">22109.776</dst>
            <dst id="WASHng">111888.629333333</dst>
        </src>
        <src id="NYCMng">
            <dst id="ATLA-M5">1535.76</dst>
            <dst id="ATLAng">17649.7973333333</dst>
            <dst id="CHINng">59457.912</dst>
            <dst id="DNVRng">29763.9093333333</dst>
            <dst id="HSTNng">19253.0746666667</dst>
            <dst id="IPLSng">94665.72</dst>
            <dst id="KSCYng">14697.0746666667</dst>
            <dst id="LOSAng">61494.968</dst>
            <dst id="NYCMng">140624.162666667</dst>
            <dst id="SNVAng">4628.75466666667</dst>
            <dst id="STTLng">36323.88</dst>
            <dst id="WASHng">118836.456</dst>
        </src>
        <src id="SNVAng">
            <dst id="ATLA-M5">307.392</dst>
            <dst id="ATLAng">474.669333333333</dst>
            <dst id="CHINng">3600.352</dst>
            <dst id="DNVRng">12026.6533333333</dst>
            <dst id="HSTNng">421.4</dst>
            <dst id="IPLSng">740.677333333333</dst>
            <dst id="KSCYng">4789.14666666667</dst>
            <dst id="LOSAng">33136.6613333333</dst>
            <dst id="NYCMng">9425.65333333333</dst>
            <dst id="SNVAng">11917.384</dst>
            <dst id="STTLng">51048.152</dst>
            <dst id="WASHng">316.802666666667</dst>
        </src>
        <src id="STTLng">
            <dst id="ATLA-M5">253.288</dst>
            <dst id="ATLAng">6775.072</dst>
            <dst id="CHINng">16138.304</dst>
            <dst id="DNVRng">12576.64</dst>
            <dst id="HSTNng">8919.45333333333</dst>
            <dst id="IPLSng">6899.51733333333</dst>
            <dst id="KSCYng">10543.4693333333</dst>
            <dst id="LOSAng">19187.04</dst>
            <dst id="NYCMng">4584.81333333333</dst>
            <dst id="SNVAng">5865.56533333333</dst>
            <dst id="STTLng">4465.48266666667</dst>
            <dst id="WASHng">8289.69333333333</dst>
        </src>
        <src id="WASHng">
            <dst id="ATLA-M5">1651.27733333333</dst>
            <dst id="ATLAng">72147.5306666667</dst>
            <dst id="CHINng">73417.7813333333</dst>
            <dst id="DNVRng">60649.1466666667</dst>
            <dst id="HSTNng">12279.416</dst>
            <dst id="IPLSng">47005.4746666667</dst>
            <dst id="KSCYng">27646.8933333333</dst>
            <dst id="LOSAng">123174.074666667</dst>
            <dst id="NYCMng">159929.181333333</dst>
            <dst id="SNVAng">3016.232</dst>
            <dst id="STTLng">32676.712</dst>
            <dst id="WASHng">335480.48</dst>
        </src>
    </IntraTM>
</TrafficMatrixFile>
