<?xml version="1.0" encoding="ISO-8859-1" standalone="yes"?>
<TrafficMatrixFile xsi:noNamespaceSchemaLocation="http://totem.run.montefiore.ulg.ac.be/Schema/TrafficMatrix-v1_2.xsd" xmlns:xsi="http://www.w3.org/2001/XMLSchema-instance">
    <IntraTM ASID="11537">
        <src id="ATLA-M5">
            <dst id="ATLA-M5">42.8746666666667</dst>
            <dst id="ATLAng">155.936</dst>
            <dst id="CHINng">2247.25866666667</dst>
            <dst id="DNVRng">0</dst>
            <dst id="HSTNng">90.9786666666667</dst>
            <dst id="IPLSng">115.693333333333</dst>
            <dst id="KSCYng">973.514666666666</dst>
            <dst id="LOSAng">682.282666666667</dst>
            <dst id="NYCMng">153.056</dst>
            <dst id="SNVAng">0</dst>
            <dst id="STTLng">63.6293333333333</dst>
            <dst id="WASHng">350.573333333333</dst>
        </src>
        <src id="ATLAng">
            <dst id="ATLA-M5">196.474666666667</dst>
            <dst id="ATLAng">26840.024</dst>
            <dst id="CHINng">15218.3706666667</dst>
            <dst id="DNVRng">3161.784</dst>
            <dst id="HSTNng">1687.78666666667</dst>
            <dst id="IPLSng">13499.8</dst>
            <dst id="KSCYng">3971.49333333333</dst>
            <dst id="LOSAng">19172.6293333333</dst>
            <dst id="NYCMng">8220.544</dst>
            <dst id="SNVAng">461.941333333333</dst>
            <dst id="STTLng">4823.96266666667</dst>
            <dst id="WASHng">31107.56</dst>
        </src>
        <src id="CHINng">
            <dst id="ATLA-M5">720.066666666667</dst>
            <dst id="ATLAng">12223.72</dst>
            <dst id="CHINng">108053.877333333</dst>
            <dst id="DNVRng">17472.2213333333</dst>
            <dst id="HSTNng">42337.312</dst>
            <dst id="IPLSng">76905.6773333333</dst>
            <dst id="KSCYng">10830.1546666667</dst>
            <dst id="LOSAng">47315.1253333333</dst>
            <dst id="NYCMng">18226.9973333333</dst>
            <dst id="SNVAng">1364.8</dst>
            <dst id="STTLng">14942.544</dst>
            <dst id="WASHng">17533.3306666667</dst>
        </src>
        <src id="DNVRng">
            <dst id="ATLA-M5">80</dst>
            <dst id="ATLAng">4268.29066666667</dst>
            <dst id="CHINng">62441.4373333333</dst>
            <dst id="DNVRng">6505.78666666667</dst>
            <dst id="HSTNng">11918.696</dst>
            <dst id="IPLSng">32231.4426666667</dst>
            <dst id="KSCYng">11785.3253333333</dst>
            <dst id="LOSAng">5396.30133333333</dst>
            <dst id="NYCMng">17323.2133333333</dst>
            <dst id="SNVAng">7634.18666666667</dst>
            <dst id="STTLng">6454.46133333333</dst>
            <dst id="WASHng">46082.1866666667</dst>
        </src>
        <src id="HSTNng">
            <dst id="ATLA-M5">304.8</dst>
            <dst id="ATLAng">1626.872</dst>
            <dst id="CHINng">21213.4586666667</dst>
            <dst id="DNVRng">1892.608</dst>
            <dst id="HSTNng">3968.17333333333</dst>
            <dst id="IPLSng">1944.064</dst>
            <dst id="KSCYng">1454.30666666667</dst>
            <dst id="LOSAng">3274.36533333333</dst>
            <dst id="NYCMng">2741.56</dst>
            <dst id="SNVAng">243.76</dst>
            <dst id="STTLng">1074.46133333333</dst>
            <dst id="WASHng">3463.64533333333</dst>
        </src>
        <src id="IPLSng">
            <dst id="ATLA-M5">324.901333333333</dst>
            <dst id="ATLAng">23758.784</dst>
            <dst id="CHINng">80051.3893333333</dst>
            <dst id="DNVRng">16326.9813333333</dst>
            <dst id="HSTNng">2013.904</dst>
            <dst id="IPLSng">18754.816</dst>
            <dst id="KSCYng">4526.448</dst>
            <dst id="LOSAng">33828.072</dst>
            <dst id="NYCMng">23245.5306666667</dst>
            <dst id="SNVAng">1778.21333333333</dst>
            <dst id="STTLng">10189.272</dst>
            <dst id="WASHng">30229.4773333333</dst>
        </src>
        <src id="KSCYng">
            <dst id="ATLA-M5">45.104</dst>
            <dst id="ATLAng">2008.224</dst>
            <dst id="CHINng">20811.7546666667</dst>
            <dst id="DNVRng">18873.4533333333</dst>
            <dst id="HSTNng">2775.18133333333</dst>
            <dst id="IPLSng">12634.016</dst>
            <dst id="KSCYng">5704.83733333333</dst>
            <dst id="LOSAng">5937.936</dst>
            <dst id="NYCMng">3945.34666666667</dst>
            <dst id="SNVAng">225.146666666667</dst>
            <dst id="STTLng">2245.05066666667</dst>
            <dst id="WASHng">12411.9226666667</dst>
        </src>
        <src id="LOSAng">
            <dst id="ATLA-M5">1452.29333333333</dst>
            <dst id="ATLAng">18560.0026666667</dst>
            <dst id="CHINng">66208.296</dst>
            <dst id="DNVRng">5715.392</dst>
            <dst id="HSTNng">7845.544</dst>
            <dst id="IPLSng">18626.6426666667</dst>
            <dst id="KSCYng">9502.02133333333</dst>
            <dst id="LOSAng">10867.2746666667</dst>
            <dst id="NYCMng">44017.0826666667</dst>
            <dst id="SNVAng">8249.62666666667</dst>
            <dst id="STTLng">17952.3093333333</dst>
            <dst id="WASHng">129151.178666667</dst>
        </src>
        <src id="NYCMng">
            <dst id="ATLA-M5">1256.968</dst>
            <dst id="ATLAng">31859.208</dst>
            <dst id="CHINng">52158.072</dst>
            <dst id="DNVRng">32011.0933333333</dst>
            <dst id="HSTNng">7033.008</dst>
            <dst id="IPLSng">31138.9146666667</dst>
            <dst id="KSCYng">15290.472</dst>
            <dst id="LOSAng">51335.44</dst>
            <dst id="NYCMng">124232.264</dst>
            <dst id="SNVAng">5216.25066666667</dst>
            <dst id="STTLng">21232.6186666667</dst>
            <dst id="WASHng">74683.184</dst>
        </src>
        <src id="SNVAng">
            <dst id="ATLA-M5">0</dst>
            <dst id="ATLAng">53.3333333333333</dst>
            <dst id="CHINng">1377.46133333333</dst>
            <dst id="DNVRng">4785.952</dst>
            <dst id="HSTNng">95.8746666666667</dst>
            <dst id="IPLSng">603.549333333333</dst>
            <dst id="KSCYng">100.450666666667</dst>
            <dst id="LOSAng">44809.416</dst>
            <dst id="NYCMng">742.005333333333</dst>
            <dst id="SNVAng">15293.5466666667</dst>
            <dst id="STTLng">59502.592</dst>
            <dst id="WASHng">249.384</dst>
        </src>
        <src id="STTLng">
            <dst id="ATLA-M5">225.872</dst>
            <dst id="ATLAng">6565.08266666667</dst>
            <dst id="CHINng">15568.2853333333</dst>
            <dst id="DNVRng">2014.84</dst>
            <dst id="HSTNng">10844.9893333333</dst>
            <dst id="IPLSng">3290.944</dst>
            <dst id="KSCYng">9033.856</dst>
            <dst id="LOSAng">13887.9093333333</dst>
            <dst id="NYCMng">6032.464</dst>
            <dst id="SNVAng">2320.92266666667</dst>
            <dst id="STTLng">2963.67466666667</dst>
            <dst id="WASHng">10886.3653333333</dst>
        </src>
        <src id="WASHng">
            <dst id="ATLA-M5">790.421333333333</dst>
            <dst id="ATLAng">82579.16</dst>
            <dst id="CHINng">58638.8746666667</dst>
            <dst id="DNVRng">58481.8506666667</dst>
            <dst id="HSTNng">21221.84</dst>
            <dst id="IPLSng">71018.568</dst>
            <dst id="KSCYng">12066.2293333333</dst>
            <dst id="LOSAng">112976.72</dst>
            <dst id="NYCMng">163333.946666667</dst>
            <dst id="SNVAng">895.696</dst>
            <dst id="STTLng">30949.544</dst>
            <dst id="WASHng">216568.133333333</dst>
        </src>
    </IntraTM>
</TrafficMatrixFile>
