<?xml version="1.0" encoding="ISO-8859-1" standalone="yes"?>
<TrafficMatrixFile xsi:noNamespaceSchemaLocation="http://totem.run.montefiore.ulg.ac.be/Schema/TrafficMatrix-v1_2.xsd" xmlns:xsi="http://www.w3.org/2001/XMLSchema-instance">
    <IntraTM ASID="11537">
        <src id="ATLA-M5">
            <dst id="ATLA-M5">1805.768</dst>
            <dst id="ATLAng">0</dst>
            <dst id="CHINng">818.664</dst>
            <dst id="DNVRng">26.6666666666667</dst>
            <dst id="HSTNng">64.5333333333333</dst>
            <dst id="IPLSng">952.914666666667</dst>
            <dst id="KSCYng">0</dst>
            <dst id="LOSAng">182.709333333333</dst>
            <dst id="NYCMng">26.6666666666667</dst>
            <dst id="SNVAng">0</dst>
            <dst id="STTLng">30.1733333333333</dst>
            <dst id="WASHng">664.464</dst>
        </src>
        <src id="ATLAng">
            <dst id="ATLA-M5">134.664</dst>
            <dst id="ATLAng">34057.6106666667</dst>
            <dst id="CHINng">12444.592</dst>
            <dst id="DNVRng">3006.384</dst>
            <dst id="HSTNng">2222.58666666667</dst>
            <dst id="IPLSng">13615.2773333333</dst>
            <dst id="KSCYng">2097.19466666667</dst>
            <dst id="LOSAng">18827.0133333333</dst>
            <dst id="NYCMng">9481.81866666667</dst>
            <dst id="SNVAng">662.357333333333</dst>
            <dst id="STTLng">3903.456</dst>
            <dst id="WASHng">33491.1573333333</dst>
        </src>
        <src id="CHINng">
            <dst id="ATLA-M5">767.037333333333</dst>
            <dst id="ATLAng">14819.8586666667</dst>
            <dst id="CHINng">123710.888</dst>
            <dst id="DNVRng">10895.752</dst>
            <dst id="HSTNng">41303.5493333333</dst>
            <dst id="IPLSng">26380.36</dst>
            <dst id="KSCYng">17301.96</dst>
            <dst id="LOSAng">39501.9466666667</dst>
            <dst id="NYCMng">19488.7573333333</dst>
            <dst id="SNVAng">1558.14666666667</dst>
            <dst id="STTLng">13379.2986666667</dst>
            <dst id="WASHng">22967.856</dst>
        </src>
        <src id="DNVRng">
            <dst id="ATLA-M5">116.338666666667</dst>
            <dst id="ATLAng">4855.29333333333</dst>
            <dst id="CHINng">69200.2906666667</dst>
            <dst id="DNVRng">9712.112</dst>
            <dst id="HSTNng">11834.304</dst>
            <dst id="IPLSng">30324.0506666667</dst>
            <dst id="KSCYng">18199.328</dst>
            <dst id="LOSAng">6067.064</dst>
            <dst id="NYCMng">14356.4586666667</dst>
            <dst id="SNVAng">8943.14933333333</dst>
            <dst id="STTLng">10389.5786666667</dst>
            <dst id="WASHng">43411.168</dst>
        </src>
        <src id="HSTNng">
            <dst id="ATLA-M5">1750.93333333333</dst>
            <dst id="ATLAng">804.714666666667</dst>
            <dst id="CHINng">27242.9386666667</dst>
            <dst id="DNVRng">2214.192</dst>
            <dst id="HSTNng">6745.8</dst>
            <dst id="IPLSng">2076.42933333333</dst>
            <dst id="KSCYng">1597.07466666667</dst>
            <dst id="LOSAng">3073.22933333333</dst>
            <dst id="NYCMng">2285.73066666667</dst>
            <dst id="SNVAng">166.805333333333</dst>
            <dst id="STTLng">1326.208</dst>
            <dst id="WASHng">3470.47466666667</dst>
        </src>
        <src id="IPLSng">
            <dst id="ATLA-M5">472.184</dst>
            <dst id="ATLAng">17647.4186666667</dst>
            <dst id="CHINng">92538.76</dst>
            <dst id="DNVRng">19749.0506666667</dst>
            <dst id="HSTNng">2291.37333333333</dst>
            <dst id="IPLSng">25248.6826666667</dst>
            <dst id="KSCYng">5447.34666666667</dst>
            <dst id="LOSAng">22747.2906666667</dst>
            <dst id="NYCMng">42868.9226666667</dst>
            <dst id="SNVAng">1292.10666666667</dst>
            <dst id="STTLng">8172.02933333333</dst>
            <dst id="WASHng">26747.9733333333</dst>
        </src>
        <src id="KSCYng">
            <dst id="ATLA-M5">82.0506666666667</dst>
            <dst id="ATLAng">2300.616</dst>
            <dst id="CHINng">28386.1253333333</dst>
            <dst id="DNVRng">15847.1653333333</dst>
            <dst id="HSTNng">3074.74133333333</dst>
            <dst id="IPLSng">22455.0986666667</dst>
            <dst id="KSCYng">8533.50933333334</dst>
            <dst id="LOSAng">6409.10666666666</dst>
            <dst id="NYCMng">3649.24533333333</dst>
            <dst id="SNVAng">198.84</dst>
            <dst id="STTLng">1332.45066666667</dst>
            <dst id="WASHng">11019.7253333333</dst>
        </src>
        <src id="LOSAng">
            <dst id="ATLA-M5">1519.38133333333</dst>
            <dst id="ATLAng">23451.584</dst>
            <dst id="CHINng">83975.8853333333</dst>
            <dst id="DNVRng">5508.13066666667</dst>
            <dst id="HSTNng">4358.77333333333</dst>
            <dst id="IPLSng">22423.1946666667</dst>
            <dst id="KSCYng">7835.85066666667</dst>
            <dst id="LOSAng">11448.472</dst>
            <dst id="NYCMng">47895.3893333333</dst>
            <dst id="SNVAng">5224.584</dst>
            <dst id="STTLng">15015.624</dst>
            <dst id="WASHng">129212.925333333</dst>
        </src>
        <src id="NYCMng">
            <dst id="ATLA-M5">1204.68266666667</dst>
            <dst id="ATLAng">39048.0533333333</dst>
            <dst id="CHINng">54208.0186666667</dst>
            <dst id="DNVRng">43960.1306666667</dst>
            <dst id="HSTNng">12533.1546666667</dst>
            <dst id="IPLSng">40425.4746666667</dst>
            <dst id="KSCYng">12251.9226666667</dst>
            <dst id="LOSAng">45185.3173333333</dst>
            <dst id="NYCMng">167534.576</dst>
            <dst id="SNVAng">3151.84266666667</dst>
            <dst id="STTLng">24111.064</dst>
            <dst id="WASHng">106494.245333333</dst>
        </src>
        <src id="SNVAng">
            <dst id="ATLA-M5">26.6666666666667</dst>
            <dst id="ATLAng">80</dst>
            <dst id="CHINng">701.864</dst>
            <dst id="DNVRng">12511.96</dst>
            <dst id="HSTNng">65.048</dst>
            <dst id="IPLSng">309.568</dst>
            <dst id="KSCYng">26.6666666666667</dst>
            <dst id="LOSAng">35608.552</dst>
            <dst id="NYCMng">958.226666666667</dst>
            <dst id="SNVAng">12420.424</dst>
            <dst id="STTLng">58990.6773333333</dst>
            <dst id="WASHng">376.426666666667</dst>
        </src>
        <src id="STTLng">
            <dst id="ATLA-M5">124.330666666667</dst>
            <dst id="ATLAng">7045.816</dst>
            <dst id="CHINng">15167.6213333333</dst>
            <dst id="DNVRng">1287.32266666667</dst>
            <dst id="HSTNng">6324.94666666667</dst>
            <dst id="IPLSng">4134.16266666667</dst>
            <dst id="KSCYng">3814.616</dst>
            <dst id="LOSAng">12090.312</dst>
            <dst id="NYCMng">6831.832</dst>
            <dst id="SNVAng">4042.54666666667</dst>
            <dst id="STTLng">4728.21866666667</dst>
            <dst id="WASHng">5335.98666666667</dst>
        </src>
        <src id="WASHng">
            <dst id="ATLA-M5">731.781333333333</dst>
            <dst id="ATLAng">120436.048</dst>
            <dst id="CHINng">63973.3013333334</dst>
            <dst id="DNVRng">46730.5626666667</dst>
            <dst id="HSTNng">24442.4533333333</dst>
            <dst id="IPLSng">45761.528</dst>
            <dst id="KSCYng">14199.208</dst>
            <dst id="LOSAng">96171.8026666667</dst>
            <dst id="NYCMng">145515.944</dst>
            <dst id="SNVAng">735.136</dst>
            <dst id="STTLng">27371.0773333333</dst>
            <dst id="WASHng">268954.506666667</dst>
        </src>
    </IntraTM>
</TrafficMatrixFile>
