<?xml version="1.0" encoding="ISO-8859-1" standalone="yes"?>
<TrafficMatrixFile xsi:noNamespaceSchemaLocation="http://totem.run.montefiore.ulg.ac.be/Schema/TrafficMatrix-v1_2.xsd" xmlns:xsi="http://www.w3.org/2001/XMLSchema-instance">
    <IntraTM ASID="11537">
        <src id="ATLA-M5">
            <dst id="ATLA-M5">26.6666666666667</dst>
            <dst id="ATLAng">196.890666666667</dst>
            <dst id="CHINng">1069.232</dst>
            <dst id="DNVRng">1319.11733333333</dst>
            <dst id="HSTNng">53.3333333333333</dst>
            <dst id="IPLSng">3028.32266666667</dst>
            <dst id="KSCYng">224.866666666667</dst>
            <dst id="LOSAng">926.042666666667</dst>
            <dst id="NYCMng">286.349333333333</dst>
            <dst id="SNVAng">0</dst>
            <dst id="STTLng">141.605333333333</dst>
            <dst id="WASHng">935.554666666667</dst>
        </src>
        <src id="ATLAng">
            <dst id="ATLA-M5">486.645333333333</dst>
            <dst id="ATLAng">23525.1626666667</dst>
            <dst id="CHINng">25168.4533333333</dst>
            <dst id="DNVRng">4084.09866666667</dst>
            <dst id="HSTNng">2176.464</dst>
            <dst id="IPLSng">26692.4053333333</dst>
            <dst id="KSCYng">6088.42666666667</dst>
            <dst id="LOSAng">22901.9893333333</dst>
            <dst id="NYCMng">11536.208</dst>
            <dst id="SNVAng">913.368</dst>
            <dst id="STTLng">6358.63733333333</dst>
            <dst id="WASHng">106228.832</dst>
        </src>
        <src id="CHINng">
            <dst id="ATLA-M5">916.376</dst>
            <dst id="ATLAng">36220.376</dst>
            <dst id="CHINng">103916.352</dst>
            <dst id="DNVRng">20447.4933333333</dst>
            <dst id="HSTNng">51898.712</dst>
            <dst id="IPLSng">62288.072</dst>
            <dst id="KSCYng">19408.968</dst>
            <dst id="LOSAng">82613.4853333333</dst>
            <dst id="NYCMng">24228.4426666667</dst>
            <dst id="SNVAng">3225.81333333333</dst>
            <dst id="STTLng">11925.96</dst>
            <dst id="WASHng">33497.6026666667</dst>
        </src>
        <src id="DNVRng">
            <dst id="ATLA-M5">1016.032</dst>
            <dst id="ATLAng">5575.61333333333</dst>
            <dst id="CHINng">70391.9386666667</dst>
            <dst id="DNVRng">11483.2773333333</dst>
            <dst id="HSTNng">17563.904</dst>
            <dst id="IPLSng">26804.024</dst>
            <dst id="KSCYng">16706.5866666667</dst>
            <dst id="LOSAng">5455.16266666667</dst>
            <dst id="NYCMng">15329.1573333333</dst>
            <dst id="SNVAng">10164.616</dst>
            <dst id="STTLng">14968.528</dst>
            <dst id="WASHng">62077.864</dst>
        </src>
        <src id="HSTNng">
            <dst id="ATLA-M5">431.725333333333</dst>
            <dst id="ATLAng">4202.92266666667</dst>
            <dst id="CHINng">27531.4133333333</dst>
            <dst id="DNVRng">3435.90933333333</dst>
            <dst id="HSTNng">9002.504</dst>
            <dst id="IPLSng">6384.96</dst>
            <dst id="KSCYng">5498.16</dst>
            <dst id="LOSAng">32848.3386666667</dst>
            <dst id="NYCMng">5649.93866666667</dst>
            <dst id="SNVAng">1589.336</dst>
            <dst id="STTLng">3834.69866666667</dst>
            <dst id="WASHng">7545.44533333333</dst>
        </src>
        <src id="IPLSng">
            <dst id="ATLA-M5">1305.55733333333</dst>
            <dst id="ATLAng">30786.8186666667</dst>
            <dst id="CHINng">106969.205333333</dst>
            <dst id="DNVRng">12293.5066666667</dst>
            <dst id="HSTNng">7419.25333333333</dst>
            <dst id="IPLSng">24897.5786666667</dst>
            <dst id="KSCYng">8234.01866666667</dst>
            <dst id="LOSAng">52543.2346666666</dst>
            <dst id="NYCMng">66352.1706666667</dst>
            <dst id="SNVAng">1615.18933333333</dst>
            <dst id="STTLng">8661.77866666667</dst>
            <dst id="WASHng">56558.6453333333</dst>
        </src>
        <src id="KSCYng">
            <dst id="ATLA-M5">222.245333333333</dst>
            <dst id="ATLAng">4189.472</dst>
            <dst id="CHINng">28992.048</dst>
            <dst id="DNVRng">22815.8453333333</dst>
            <dst id="HSTNng">5789.94933333333</dst>
            <dst id="IPLSng">21503.1253333333</dst>
            <dst id="KSCYng">13252.8053333333</dst>
            <dst id="LOSAng">6857.83466666667</dst>
            <dst id="NYCMng">9437.35466666667</dst>
            <dst id="SNVAng">1246.432</dst>
            <dst id="STTLng">3865.58933333333</dst>
            <dst id="WASHng">20944.3546666667</dst>
        </src>
        <src id="LOSAng">
            <dst id="ATLA-M5">1073.97866666667</dst>
            <dst id="ATLAng">29347.9413333333</dst>
            <dst id="CHINng">90452.0986666667</dst>
            <dst id="DNVRng">11986.2293333333</dst>
            <dst id="HSTNng">16615.8026666667</dst>
            <dst id="IPLSng">46829.4106666666</dst>
            <dst id="KSCYng">18590.672</dst>
            <dst id="LOSAng">18074.6826666667</dst>
            <dst id="NYCMng">70542.384</dst>
            <dst id="SNVAng">9388.62933333333</dst>
            <dst id="STTLng">31465.6106666667</dst>
            <dst id="WASHng">108633.370666667</dst>
        </src>
        <src id="NYCMng">
            <dst id="ATLA-M5">3713.04</dst>
            <dst id="ATLAng">37308.4266666667</dst>
            <dst id="CHINng">75258.872</dst>
            <dst id="DNVRng">34648.696</dst>
            <dst id="HSTNng">23009.976</dst>
            <dst id="IPLSng">60927.3706666667</dst>
            <dst id="KSCYng">22261.2933333333</dst>
            <dst id="LOSAng">79699.1946666667</dst>
            <dst id="NYCMng">168879.408</dst>
            <dst id="SNVAng">3046.31733333333</dst>
            <dst id="STTLng">24387.5813333333</dst>
            <dst id="WASHng">131417.656</dst>
        </src>
        <src id="SNVAng">
            <dst id="ATLA-M5">102.282666666667</dst>
            <dst id="ATLAng">200.314666666667</dst>
            <dst id="CHINng">1414.39733333333</dst>
            <dst id="DNVRng">5320.28266666667</dst>
            <dst id="HSTNng">283.818666666667</dst>
            <dst id="IPLSng">3911.66933333333</dst>
            <dst id="KSCYng">169.165333333333</dst>
            <dst id="LOSAng">53280.688</dst>
            <dst id="NYCMng">878.445333333333</dst>
            <dst id="SNVAng">23781.184</dst>
            <dst id="STTLng">64400.6</dst>
            <dst id="WASHng">1669.816</dst>
        </src>
        <src id="STTLng">
            <dst id="ATLA-M5">449.008</dst>
            <dst id="ATLAng">9422</dst>
            <dst id="CHINng">10433.76</dst>
            <dst id="DNVRng">3057.93333333333</dst>
            <dst id="HSTNng">8077.91733333333</dst>
            <dst id="IPLSng">8776.664</dst>
            <dst id="KSCYng">3694.31466666667</dst>
            <dst id="LOSAng">40408.4773333333</dst>
            <dst id="NYCMng">6519.77066666667</dst>
            <dst id="SNVAng">5719.53866666666</dst>
            <dst id="STTLng">3909.06133333333</dst>
            <dst id="WASHng">10737.768</dst>
        </src>
        <src id="WASHng">
            <dst id="ATLA-M5">2598.536</dst>
            <dst id="ATLAng">102390.784</dst>
            <dst id="CHINng">95226.9013333333</dst>
            <dst id="DNVRng">50262.4586666667</dst>
            <dst id="HSTNng">30907.016</dst>
            <dst id="IPLSng">49147.76</dst>
            <dst id="KSCYng">28956.76</dst>
            <dst id="LOSAng">151076.328</dst>
            <dst id="NYCMng">182350.866666667</dst>
            <dst id="SNVAng">2841.29333333333</dst>
            <dst id="STTLng">32571.0133333333</dst>
            <dst id="WASHng">281538.613333333</dst>
        </src>
    </IntraTM>
</TrafficMatrixFile>
