<?xml version="1.0" encoding="ISO-8859-1" standalone="yes"?>
<TrafficMatrixFile xsi:noNamespaceSchemaLocation="http://totem.run.montefiore.ulg.ac.be/Schema/TrafficMatrix-v1_2.xsd" xmlns:xsi="http://www.w3.org/2001/XMLSchema-instance">
    <IntraTM ASID="11537">
        <src id="ATLA-M5">
            <dst id="ATLA-M5">838.570666666667</dst>
            <dst id="ATLAng">402.408</dst>
            <dst id="CHINng">597.309333333333</dst>
            <dst id="DNVRng">136.906666666667</dst>
            <dst id="HSTNng">135.554666666667</dst>
            <dst id="IPLSng">1823.60533333333</dst>
            <dst id="KSCYng">99.016</dst>
            <dst id="LOSAng">633.066666666667</dst>
            <dst id="NYCMng">462.922666666667</dst>
            <dst id="SNVAng">1336.31733333333</dst>
            <dst id="STTLng">53.3333333333333</dst>
            <dst id="WASHng">2215.61333333333</dst>
        </src>
        <src id="ATLAng">
            <dst id="ATLA-M5">3075.144</dst>
            <dst id="ATLAng">33694.8986666667</dst>
            <dst id="CHINng">27072.7866666667</dst>
            <dst id="DNVRng">3800.50666666667</dst>
            <dst id="HSTNng">10672.7626666667</dst>
            <dst id="IPLSng">26291.9306666667</dst>
            <dst id="KSCYng">6901.24266666667</dst>
            <dst id="LOSAng">19979.136</dst>
            <dst id="NYCMng">7997.112</dst>
            <dst id="SNVAng">704.109333333333</dst>
            <dst id="STTLng">5068.60533333333</dst>
            <dst id="WASHng">40480.9093333333</dst>
        </src>
        <src id="CHINng">
            <dst id="ATLA-M5">2968.54133333333</dst>
            <dst id="ATLAng">28984.5333333333</dst>
            <dst id="CHINng">120598.573333333</dst>
            <dst id="DNVRng">37030.3546666667</dst>
            <dst id="HSTNng">60175.1866666667</dst>
            <dst id="IPLSng">67930.8346666667</dst>
            <dst id="KSCYng">15746.64</dst>
            <dst id="LOSAng">2025844.53333333</dst>
            <dst id="NYCMng">25624.9653333333</dst>
            <dst id="SNVAng">2270.19733333333</dst>
            <dst id="STTLng">10105.9226666667</dst>
            <dst id="WASHng">37134.9893333333</dst>
        </src>
        <src id="DNVRng">
            <dst id="ATLA-M5">180.613333333333</dst>
            <dst id="ATLAng">5810.192</dst>
            <dst id="CHINng">66123.968</dst>
            <dst id="DNVRng">20086.8773333333</dst>
            <dst id="HSTNng">13524.7493333333</dst>
            <dst id="IPLSng">33994.272</dst>
            <dst id="KSCYng">21040.12</dst>
            <dst id="LOSAng">7705.48533333333</dst>
            <dst id="NYCMng">20890.7653333333</dst>
            <dst id="SNVAng">12185.7546666667</dst>
            <dst id="STTLng">10762.8053333333</dst>
            <dst id="WASHng">50543.584</dst>
        </src>
        <src id="HSTNng">
            <dst id="ATLA-M5">488.597333333333</dst>
            <dst id="ATLAng">3772.20533333333</dst>
            <dst id="CHINng">29467.648</dst>
            <dst id="DNVRng">4051.776</dst>
            <dst id="HSTNng">8403.86666666667</dst>
            <dst id="IPLSng">10925.6453333333</dst>
            <dst id="KSCYng">3097.392</dst>
            <dst id="LOSAng">21953.9306666667</dst>
            <dst id="NYCMng">7302.25066666667</dst>
            <dst id="SNVAng">907.874666666666</dst>
            <dst id="STTLng">2868.00533333333</dst>
            <dst id="WASHng">13938.2746666667</dst>
        </src>
        <src id="IPLSng">
            <dst id="ATLA-M5">460.253333333333</dst>
            <dst id="ATLAng">25079.184</dst>
            <dst id="CHINng">128999.874666667</dst>
            <dst id="DNVRng">17393.4506666667</dst>
            <dst id="HSTNng">8824.952</dst>
            <dst id="IPLSng">27318.112</dst>
            <dst id="KSCYng">10686.3893333333</dst>
            <dst id="LOSAng">52245.9626666667</dst>
            <dst id="NYCMng">55863.936</dst>
            <dst id="SNVAng">1693.48533333333</dst>
            <dst id="STTLng">11419.1786666667</dst>
            <dst id="WASHng">48717.5066666667</dst>
        </src>
        <src id="KSCYng">
            <dst id="ATLA-M5">127.52</dst>
            <dst id="ATLAng">6702.704</dst>
            <dst id="CHINng">23894.6266666667</dst>
            <dst id="DNVRng">10036.408</dst>
            <dst id="HSTNng">3620.904</dst>
            <dst id="IPLSng">14096.5173333333</dst>
            <dst id="KSCYng">5725.144</dst>
            <dst id="LOSAng">7144.23466666667</dst>
            <dst id="NYCMng">4150.49333333333</dst>
            <dst id="SNVAng">2974.528</dst>
            <dst id="STTLng">1172.96266666667</dst>
            <dst id="WASHng">16403.712</dst>
        </src>
        <src id="LOSAng">
            <dst id="ATLA-M5">4107.99733333333</dst>
            <dst id="ATLAng">23156.84</dst>
            <dst id="CHINng">1112255.86666667</dst>
            <dst id="DNVRng">9345.49333333334</dst>
            <dst id="HSTNng">35418.9546666667</dst>
            <dst id="IPLSng">49353.0373333333</dst>
            <dst id="KSCYng">23051.1226666667</dst>
            <dst id="LOSAng">7787.656</dst>
            <dst id="NYCMng">89792.5093333333</dst>
            <dst id="SNVAng">7462.89866666667</dst>
            <dst id="STTLng">22085.3146666667</dst>
            <dst id="WASHng">98101.784</dst>
        </src>
        <src id="NYCMng">
            <dst id="ATLA-M5">2055.81333333333</dst>
            <dst id="ATLAng">42972.9226666667</dst>
            <dst id="CHINng">53651.936</dst>
            <dst id="DNVRng">47546.6186666667</dst>
            <dst id="HSTNng">18222.2026666667</dst>
            <dst id="IPLSng">68739.1386666667</dst>
            <dst id="KSCYng">28707.1546666667</dst>
            <dst id="LOSAng">71780.752</dst>
            <dst id="NYCMng">221749.890666667</dst>
            <dst id="SNVAng">7002.74133333334</dst>
            <dst id="STTLng">17325.032</dst>
            <dst id="WASHng">191015.466666667</dst>
        </src>
        <src id="SNVAng">
            <dst id="ATLA-M5">341.925333333333</dst>
            <dst id="ATLAng">265.416</dst>
            <dst id="CHINng">1534.32533333333</dst>
            <dst id="DNVRng">4372.09333333333</dst>
            <dst id="HSTNng">382.493333333333</dst>
            <dst id="IPLSng">3517.31466666667</dst>
            <dst id="KSCYng">487.789333333333</dst>
            <dst id="LOSAng">36190.0613333333</dst>
            <dst id="NYCMng">451.509333333333</dst>
            <dst id="SNVAng">14019.4746666667</dst>
            <dst id="STTLng">53971.072</dst>
            <dst id="WASHng">1766.58666666667</dst>
        </src>
        <src id="STTLng">
            <dst id="ATLA-M5">274.141333333333</dst>
            <dst id="ATLAng">7154.24266666667</dst>
            <dst id="CHINng">20169.128</dst>
            <dst id="DNVRng">9989.448</dst>
            <dst id="HSTNng">16611.0453333333</dst>
            <dst id="IPLSng">12508.3706666667</dst>
            <dst id="KSCYng">5237.94133333333</dst>
            <dst id="LOSAng">23631.3653333333</dst>
            <dst id="NYCMng">6715.60533333333</dst>
            <dst id="SNVAng">2035.94666666667</dst>
            <dst id="STTLng">6244.79733333333</dst>
            <dst id="WASHng">11014.712</dst>
        </src>
        <src id="WASHng">
            <dst id="ATLA-M5">2127.33866666667</dst>
            <dst id="ATLAng">264124.301333333</dst>
            <dst id="CHINng">84552.4853333333</dst>
            <dst id="DNVRng">58933.0853333333</dst>
            <dst id="HSTNng">32952.12</dst>
            <dst id="IPLSng">67642.1066666667</dst>
            <dst id="KSCYng">19932.952</dst>
            <dst id="LOSAng">119373.341333333</dst>
            <dst id="NYCMng">172688.365333333</dst>
            <dst id="SNVAng">8688.73066666667</dst>
            <dst id="STTLng">29778.9333333333</dst>
            <dst id="WASHng">257941.608</dst>
        </src>
    </IntraTM>
</TrafficMatrixFile>
