<?xml version="1.0" encoding="ISO-8859-1" standalone="yes"?>
<TrafficMatrixFile xsi:noNamespaceSchemaLocation="http://totem.run.montefiore.ulg.ac.be/Schema/TrafficMatrix-v1_2.xsd" xmlns:xsi="http://www.w3.org/2001/XMLSchema-instance">
    <IntraTM ASID="11537">
        <src id="ATLA-M5">
            <dst id="ATLA-M5">1376.11466666667</dst>
            <dst id="ATLAng">80</dst>
            <dst id="CHINng">342.234666666667</dst>
            <dst id="DNVRng">0</dst>
            <dst id="HSTNng">80</dst>
            <dst id="IPLSng">218.693333333333</dst>
            <dst id="KSCYng">33.4693333333333</dst>
            <dst id="LOSAng">57.6666666666667</dst>
            <dst id="NYCMng">0</dst>
            <dst id="SNVAng">0</dst>
            <dst id="STTLng">26.6666666666667</dst>
            <dst id="WASHng">393.824</dst>
        </src>
        <src id="ATLAng">
            <dst id="ATLA-M5">116.824</dst>
            <dst id="ATLAng">52498.8773333333</dst>
            <dst id="CHINng">14025.936</dst>
            <dst id="DNVRng">3263.15466666667</dst>
            <dst id="HSTNng">1621.45066666667</dst>
            <dst id="IPLSng">14965.5066666667</dst>
            <dst id="KSCYng">1716.53866666667</dst>
            <dst id="LOSAng">19311.9333333333</dst>
            <dst id="NYCMng">9431.63733333333</dst>
            <dst id="SNVAng">574.714666666667</dst>
            <dst id="STTLng">4789.20533333333</dst>
            <dst id="WASHng">32602.56</dst>
        </src>
        <src id="CHINng">
            <dst id="ATLA-M5">382.018666666667</dst>
            <dst id="ATLAng">17864.664</dst>
            <dst id="CHINng">110491.730666667</dst>
            <dst id="DNVRng">27854.4053333333</dst>
            <dst id="HSTNng">50832.544</dst>
            <dst id="IPLSng">39144.9386666667</dst>
            <dst id="KSCYng">14866.7146666667</dst>
            <dst id="LOSAng">39617.7253333333</dst>
            <dst id="NYCMng">19986.8933333333</dst>
            <dst id="SNVAng">1616.40533333333</dst>
            <dst id="STTLng">10132.9866666667</dst>
            <dst id="WASHng">23122.5413333333</dst>
        </src>
        <src id="DNVRng">
            <dst id="ATLA-M5">143.36</dst>
            <dst id="ATLAng">7186.208</dst>
            <dst id="CHINng">66445.096</dst>
            <dst id="DNVRng">12062.4666666667</dst>
            <dst id="HSTNng">14795.4986666667</dst>
            <dst id="IPLSng">33314.2373333333</dst>
            <dst id="KSCYng">16636.9253333333</dst>
            <dst id="LOSAng">5112.40266666667</dst>
            <dst id="NYCMng">15398.12</dst>
            <dst id="SNVAng">13970.784</dst>
            <dst id="STTLng">9813.11733333333</dst>
            <dst id="WASHng">48396.152</dst>
        </src>
        <src id="HSTNng">
            <dst id="ATLA-M5">454.165333333333</dst>
            <dst id="ATLAng">2907.02666666667</dst>
            <dst id="CHINng">19965.7466666667</dst>
            <dst id="DNVRng">2025.072</dst>
            <dst id="HSTNng">12242.7226666667</dst>
            <dst id="IPLSng">2311.48</dst>
            <dst id="KSCYng">2830.80533333333</dst>
            <dst id="LOSAng">2599.02933333333</dst>
            <dst id="NYCMng">4198.8</dst>
            <dst id="SNVAng">250.490666666667</dst>
            <dst id="STTLng">1481.03733333333</dst>
            <dst id="WASHng">5912.45333333333</dst>
        </src>
        <src id="IPLSng">
            <dst id="ATLA-M5">465.410666666667</dst>
            <dst id="ATLAng">19207.6133333333</dst>
            <dst id="CHINng">82320.5813333333</dst>
            <dst id="DNVRng">16933.3946666667</dst>
            <dst id="HSTNng">3317.05333333333</dst>
            <dst id="IPLSng">12371.6</dst>
            <dst id="KSCYng">5147.53066666667</dst>
            <dst id="LOSAng">21018.8346666667</dst>
            <dst id="NYCMng">42477.8453333333</dst>
            <dst id="SNVAng">1377.78666666667</dst>
            <dst id="STTLng">8252.672</dst>
            <dst id="WASHng">22188.392</dst>
        </src>
        <src id="KSCYng">
            <dst id="ATLA-M5">0</dst>
            <dst id="ATLAng">2650</dst>
            <dst id="CHINng">20211.936</dst>
            <dst id="DNVRng">18497.408</dst>
            <dst id="HSTNng">3657.848</dst>
            <dst id="IPLSng">23014.1626666667</dst>
            <dst id="KSCYng">11570.0133333333</dst>
            <dst id="LOSAng">6378.98933333333</dst>
            <dst id="NYCMng">3335.04533333333</dst>
            <dst id="SNVAng">1345.23466666667</dst>
            <dst id="STTLng">1662.184</dst>
            <dst id="WASHng">14734.16</dst>
        </src>
        <src id="LOSAng">
            <dst id="ATLA-M5">1608.24266666667</dst>
            <dst id="ATLAng">34836.776</dst>
            <dst id="CHINng">86255.2133333333</dst>
            <dst id="DNVRng">8287.392</dst>
            <dst id="HSTNng">5063.97866666667</dst>
            <dst id="IPLSng">22337.3786666667</dst>
            <dst id="KSCYng">10347.0986666667</dst>
            <dst id="LOSAng">11572.7706666667</dst>
            <dst id="NYCMng">69730.5466666666</dst>
            <dst id="SNVAng">8436.71466666667</dst>
            <dst id="STTLng">19712.112</dst>
            <dst id="WASHng">132257.674666667</dst>
        </src>
        <src id="NYCMng">
            <dst id="ATLA-M5">1438.30666666667</dst>
            <dst id="ATLAng">25700.9626666667</dst>
            <dst id="CHINng">47621.4533333333</dst>
            <dst id="DNVRng">33134.1146666667</dst>
            <dst id="HSTNng">8510.73866666667</dst>
            <dst id="IPLSng">53212.904</dst>
            <dst id="KSCYng">14221.8506666667</dst>
            <dst id="LOSAng">40131.2586666667</dst>
            <dst id="NYCMng">130965.381333333</dst>
            <dst id="SNVAng">1822.41333333333</dst>
            <dst id="STTLng">25121.9466666667</dst>
            <dst id="WASHng">134062.149333333</dst>
        </src>
        <src id="SNVAng">
            <dst id="ATLA-M5">0</dst>
            <dst id="ATLAng">304.469333333333</dst>
            <dst id="CHINng">1652.184</dst>
            <dst id="DNVRng">9837.83733333333</dst>
            <dst id="HSTNng">97.4026666666667</dst>
            <dst id="IPLSng">247.890666666667</dst>
            <dst id="KSCYng">80</dst>
            <dst id="LOSAng">37063.504</dst>
            <dst id="NYCMng">873.490666666667</dst>
            <dst id="SNVAng">14193.5173333333</dst>
            <dst id="STTLng">53530.9493333333</dst>
            <dst id="WASHng">387.608</dst>
        </src>
        <src id="STTLng">
            <dst id="ATLA-M5">87.424</dst>
            <dst id="ATLAng">7338.79466666666</dst>
            <dst id="CHINng">17397.56</dst>
            <dst id="DNVRng">3145.99733333333</dst>
            <dst id="HSTNng">6258.61066666667</dst>
            <dst id="IPLSng">3372.77866666667</dst>
            <dst id="KSCYng">4757.30666666667</dst>
            <dst id="LOSAng">13481.3973333333</dst>
            <dst id="NYCMng">6312.408</dst>
            <dst id="SNVAng">5575.25066666667</dst>
            <dst id="STTLng">5463.952</dst>
            <dst id="WASHng">6965.02933333333</dst>
        </src>
        <src id="WASHng">
            <dst id="ATLA-M5">707.877333333333</dst>
            <dst id="ATLAng">91421.952</dst>
            <dst id="CHINng">70296.1733333333</dst>
            <dst id="DNVRng">49951.744</dst>
            <dst id="HSTNng">23452.44</dst>
            <dst id="IPLSng">53133.8533333333</dst>
            <dst id="KSCYng">23211.128</dst>
            <dst id="LOSAng">96420.6346666667</dst>
            <dst id="NYCMng">161449.509333333</dst>
            <dst id="SNVAng">5253.91733333333</dst>
            <dst id="STTLng">39829.2293333333</dst>
            <dst id="WASHng">230965.056</dst>
        </src>
    </IntraTM>
</TrafficMatrixFile>
