<?xml version="1.0" encoding="ISO-8859-1" standalone="yes"?>
<TrafficMatrixFile xsi:noNamespaceSchemaLocation="http://totem.run.montefiore.ulg.ac.be/Schema/TrafficMatrix-v1_2.xsd" xmlns:xsi="http://www.w3.org/2001/XMLSchema-instance">
    <IntraTM ASID="11537">
        <src id="ATLA-M5">
            <dst id="ATLA-M5">693.605333333333</dst>
            <dst id="ATLAng">53.3333333333333</dst>
            <dst id="CHINng">798.805333333333</dst>
            <dst id="DNVRng">298.125333333333</dst>
            <dst id="HSTNng">207.344</dst>
            <dst id="IPLSng">1178.05333333333</dst>
            <dst id="KSCYng">73.168</dst>
            <dst id="LOSAng">302.685333333333</dst>
            <dst id="NYCMng">2312.90133333333</dst>
            <dst id="SNVAng">497.482666666667</dst>
            <dst id="STTLng">424.370666666667</dst>
            <dst id="WASHng">1173.65866666667</dst>
        </src>
        <src id="ATLAng">
            <dst id="ATLA-M5">373.570666666667</dst>
            <dst id="ATLAng">35199.4613333333</dst>
            <dst id="CHINng">13563.4133333333</dst>
            <dst id="DNVRng">4598.92266666667</dst>
            <dst id="HSTNng">6050.08</dst>
            <dst id="IPLSng">18924.728</dst>
            <dst id="KSCYng">3073.00533333333</dst>
            <dst id="LOSAng">17715.3093333333</dst>
            <dst id="NYCMng">10521.0186666667</dst>
            <dst id="SNVAng">450.488</dst>
            <dst id="STTLng">6091.552</dst>
            <dst id="WASHng">28454.184</dst>
        </src>
        <src id="CHINng">
            <dst id="ATLA-M5">2427.016</dst>
            <dst id="ATLAng">25658.1866666667</dst>
            <dst id="CHINng">133006.32</dst>
            <dst id="DNVRng">34781.2026666667</dst>
            <dst id="HSTNng">47392.0053333333</dst>
            <dst id="IPLSng">73618.152</dst>
            <dst id="KSCYng">13137.9066666667</dst>
            <dst id="LOSAng">2019161.97333333</dst>
            <dst id="NYCMng">29039.3466666667</dst>
            <dst id="SNVAng">1987.83733333333</dst>
            <dst id="STTLng">19261.6</dst>
            <dst id="WASHng">39935.632</dst>
        </src>
        <src id="DNVRng">
            <dst id="ATLA-M5">666.416</dst>
            <dst id="ATLAng">6171.192</dst>
            <dst id="CHINng">59829.4293333333</dst>
            <dst id="DNVRng">19776.4986666667</dst>
            <dst id="HSTNng">19272.6266666667</dst>
            <dst id="IPLSng">45184.2586666667</dst>
            <dst id="KSCYng">27409.9013333333</dst>
            <dst id="LOSAng">13330.2</dst>
            <dst id="NYCMng">18627.864</dst>
            <dst id="SNVAng">12515.7973333333</dst>
            <dst id="STTLng">17001.6693333333</dst>
            <dst id="WASHng">46624.5413333333</dst>
        </src>
        <src id="HSTNng">
            <dst id="ATLA-M5">4737.416</dst>
            <dst id="ATLAng">3689.50133333333</dst>
            <dst id="CHINng">22577.5626666667</dst>
            <dst id="DNVRng">4889.84266666667</dst>
            <dst id="HSTNng">12698.464</dst>
            <dst id="IPLSng">9177.66133333333</dst>
            <dst id="KSCYng">4256.30933333333</dst>
            <dst id="LOSAng">5151.352</dst>
            <dst id="NYCMng">7771.91733333333</dst>
            <dst id="SNVAng">1062.53333333333</dst>
            <dst id="STTLng">1734.136</dst>
            <dst id="WASHng">13305.672</dst>
        </src>
        <src id="IPLSng">
            <dst id="ATLA-M5">462.210666666667</dst>
            <dst id="ATLAng">15452.424</dst>
            <dst id="CHINng">137881.749333333</dst>
            <dst id="DNVRng">28455.2906666667</dst>
            <dst id="HSTNng">5862.81066666667</dst>
            <dst id="IPLSng">33273.1226666667</dst>
            <dst id="KSCYng">9734.328</dst>
            <dst id="LOSAng">47726.7413333333</dst>
            <dst id="NYCMng">85122.2826666667</dst>
            <dst id="SNVAng">916.818666666667</dst>
            <dst id="STTLng">11541.0026666667</dst>
            <dst id="WASHng">71590.2373333333</dst>
        </src>
        <src id="KSCYng">
            <dst id="ATLA-M5">26.6666666666667</dst>
            <dst id="ATLAng">3576.608</dst>
            <dst id="CHINng">24805.5866666667</dst>
            <dst id="DNVRng">9431.944</dst>
            <dst id="HSTNng">4264.448</dst>
            <dst id="IPLSng">18282.9706666667</dst>
            <dst id="KSCYng">8752.58666666667</dst>
            <dst id="LOSAng">8088.99733333333</dst>
            <dst id="NYCMng">7885.896</dst>
            <dst id="SNVAng">447.48</dst>
            <dst id="STTLng">1151.10933333333</dst>
            <dst id="WASHng">15846.1813333333</dst>
        </src>
        <src id="LOSAng">
            <dst id="ATLA-M5">2755.488</dst>
            <dst id="ATLAng">16450.3973333333</dst>
            <dst id="CHINng">1102779.33333333</dst>
            <dst id="DNVRng">13250.9546666667</dst>
            <dst id="HSTNng">14671.968</dst>
            <dst id="IPLSng">41254.512</dst>
            <dst id="KSCYng">14214.5946666667</dst>
            <dst id="LOSAng">10941.4986666667</dst>
            <dst id="NYCMng">61715.2186666667</dst>
            <dst id="SNVAng">8508.312</dst>
            <dst id="STTLng">39031.7226666667</dst>
            <dst id="WASHng">105874.738666667</dst>
        </src>
        <src id="NYCMng">
            <dst id="ATLA-M5">1842.06133333333</dst>
            <dst id="ATLAng">30042.888</dst>
            <dst id="CHINng">61687.424</dst>
            <dst id="DNVRng">43154.44</dst>
            <dst id="HSTNng">14975.5733333333</dst>
            <dst id="IPLSng">79663.2933333333</dst>
            <dst id="KSCYng">19737.712</dst>
            <dst id="LOSAng">83939.608</dst>
            <dst id="NYCMng">224601.744</dst>
            <dst id="SNVAng">5785.63733333333</dst>
            <dst id="STTLng">20445.76</dst>
            <dst id="WASHng">138354.754666667</dst>
        </src>
        <src id="SNVAng">
            <dst id="ATLA-M5">0</dst>
            <dst id="ATLAng">255.109333333333</dst>
            <dst id="CHINng">3692.904</dst>
            <dst id="DNVRng">7261.576</dst>
            <dst id="HSTNng">3648.576</dst>
            <dst id="IPLSng">2504.288</dst>
            <dst id="KSCYng">554.349333333333</dst>
            <dst id="LOSAng">32511.216</dst>
            <dst id="NYCMng">617.28</dst>
            <dst id="SNVAng">13037.9893333333</dst>
            <dst id="STTLng">51529.944</dst>
            <dst id="WASHng">419.906666666667</dst>
        </src>
        <src id="STTLng">
            <dst id="ATLA-M5">1266.25333333333</dst>
            <dst id="ATLAng">7994.98666666667</dst>
            <dst id="CHINng">13742.088</dst>
            <dst id="DNVRng">8625.84</dst>
            <dst id="HSTNng">11482.9786666667</dst>
            <dst id="IPLSng">10262.8373333333</dst>
            <dst id="KSCYng">6196.10933333334</dst>
            <dst id="LOSAng">24755.8746666667</dst>
            <dst id="NYCMng">8026.32533333333</dst>
            <dst id="SNVAng">8306.52533333333</dst>
            <dst id="STTLng">6802.95733333333</dst>
            <dst id="WASHng">14026.9653333333</dst>
        </src>
        <src id="WASHng">
            <dst id="ATLA-M5">1544.38933333333</dst>
            <dst id="ATLAng">105029.624</dst>
            <dst id="CHINng">79211.6986666666</dst>
            <dst id="DNVRng">70767.8826666667</dst>
            <dst id="HSTNng">25683.56</dst>
            <dst id="IPLSng">62551.096</dst>
            <dst id="KSCYng">17161.1413333333</dst>
            <dst id="LOSAng">115101.92</dst>
            <dst id="NYCMng">182630.370666667</dst>
            <dst id="SNVAng">2625.136</dst>
            <dst id="STTLng">35112.2613333333</dst>
            <dst id="WASHng">249880.061333333</dst>
        </src>
    </IntraTM>
</TrafficMatrixFile>
