<?xml version="1.0" encoding="ISO-8859-1" standalone="yes"?>
<TrafficMatrixFile xsi:noNamespaceSchemaLocation="http://totem.run.montefiore.ulg.ac.be/Schema/TrafficMatrix-v1_2.xsd" xmlns:xsi="http://www.w3.org/2001/XMLSchema-instance">
    <IntraTM ASID="11537">
        <src id="ATLA-M5">
            <dst id="ATLA-M5">0</dst>
            <dst id="ATLAng">190.32</dst>
            <dst id="CHINng">1933.11466666667</dst>
            <dst id="DNVRng">207.912</dst>
            <dst id="HSTNng">106.666666666667</dst>
            <dst id="IPLSng">1018.88</dst>
            <dst id="KSCYng">84.3493333333333</dst>
            <dst id="LOSAng">445.229333333333</dst>
            <dst id="NYCMng">658.541333333333</dst>
            <dst id="SNVAng">0</dst>
            <dst id="STTLng">57.0986666666667</dst>
            <dst id="WASHng">810.981333333333</dst>
        </src>
        <src id="ATLAng">
            <dst id="ATLA-M5">1155.008</dst>
            <dst id="ATLAng">59667.7013333333</dst>
            <dst id="CHINng">18251.0346666667</dst>
            <dst id="DNVRng">5674.42666666667</dst>
            <dst id="HSTNng">4021.456</dst>
            <dst id="IPLSng">21933.2266666667</dst>
            <dst id="KSCYng">2006.896</dst>
            <dst id="LOSAng">21367.1853333333</dst>
            <dst id="NYCMng">10993.3093333333</dst>
            <dst id="SNVAng">653.532</dst>
            <dst id="STTLng">3689.90933333333</dst>
            <dst id="WASHng">28711.9066666667</dst>
        </src>
        <src id="CHINng">
            <dst id="ATLA-M5">2256.09866666667</dst>
            <dst id="ATLAng">21003.808</dst>
            <dst id="CHINng">89931.296</dst>
            <dst id="DNVRng">23478.152</dst>
            <dst id="HSTNng">49230.48</dst>
            <dst id="IPLSng">68915.9893333333</dst>
            <dst id="KSCYng">15669.8506666667</dst>
            <dst id="LOSAng">2025705.12</dst>
            <dst id="NYCMng">23227.4773333333</dst>
            <dst id="SNVAng">3165.77333333333</dst>
            <dst id="STTLng">9654.04533333333</dst>
            <dst id="WASHng">36206.2106666667</dst>
        </src>
        <src id="DNVRng">
            <dst id="ATLA-M5">646.053333333333</dst>
            <dst id="ATLAng">7389.58133333333</dst>
            <dst id="CHINng">66950.8666666667</dst>
            <dst id="DNVRng">15544.7306666667</dst>
            <dst id="HSTNng">18205.3173333333</dst>
            <dst id="IPLSng">31000.6853333333</dst>
            <dst id="KSCYng">18147.616</dst>
            <dst id="LOSAng">5816.74133333333</dst>
            <dst id="NYCMng">16362.7466666667</dst>
            <dst id="SNVAng">10450.312</dst>
            <dst id="STTLng">10530.0213333333</dst>
            <dst id="WASHng">43953.8933333333</dst>
        </src>
        <src id="HSTNng">
            <dst id="ATLA-M5">1098.63733333333</dst>
            <dst id="ATLAng">3358.48533333333</dst>
            <dst id="CHINng">15072.28</dst>
            <dst id="DNVRng">4028.056</dst>
            <dst id="HSTNng">11048.024</dst>
            <dst id="IPLSng">9015.87733333333</dst>
            <dst id="KSCYng">3569.736</dst>
            <dst id="LOSAng">7532.30133333333</dst>
            <dst id="NYCMng">9334.59733333333</dst>
            <dst id="SNVAng">2958.21333333333</dst>
            <dst id="STTLng">1267.65333333333</dst>
            <dst id="WASHng">12086.2106666667</dst>
        </src>
        <src id="IPLSng">
            <dst id="ATLA-M5">1735.62666666667</dst>
            <dst id="ATLAng">19659.7306666667</dst>
            <dst id="CHINng">131126.688</dst>
            <dst id="DNVRng">23307.4373333333</dst>
            <dst id="HSTNng">13029.9466666667</dst>
            <dst id="IPLSng">32782.608</dst>
            <dst id="KSCYng">7639.01333333333</dst>
            <dst id="LOSAng">55790.6133333333</dst>
            <dst id="NYCMng">44003.3733333333</dst>
            <dst id="SNVAng">1887.888</dst>
            <dst id="STTLng">12064.7893333333</dst>
            <dst id="WASHng">58499.064</dst>
        </src>
        <src id="KSCYng">
            <dst id="ATLA-M5">401.778666666667</dst>
            <dst id="ATLAng">2594.42933333333</dst>
            <dst id="CHINng">20022.3893333333</dst>
            <dst id="DNVRng">9008.68266666667</dst>
            <dst id="HSTNng">4350.41866666667</dst>
            <dst id="IPLSng">19607.136</dst>
            <dst id="KSCYng">12074.1733333333</dst>
            <dst id="LOSAng">4615.09066666667</dst>
            <dst id="NYCMng">7538.63466666667</dst>
            <dst id="SNVAng">906.269333333334</dst>
            <dst id="STTLng">2087.29866666667</dst>
            <dst id="WASHng">19387.904</dst>
        </src>
        <src id="LOSAng">
            <dst id="ATLA-M5">2312.06933333333</dst>
            <dst id="ATLAng">46221.5653333333</dst>
            <dst id="CHINng">1079711.78666667</dst>
            <dst id="DNVRng">13909.4133333333</dst>
            <dst id="HSTNng">14583.216</dst>
            <dst id="IPLSng">38607.6613333333</dst>
            <dst id="KSCYng">10712.2986666667</dst>
            <dst id="LOSAng">10996.6293333333</dst>
            <dst id="NYCMng">85382.0666666667</dst>
            <dst id="SNVAng">14126.2853333333</dst>
            <dst id="STTLng">29514.0026666667</dst>
            <dst id="WASHng">99374.6826666667</dst>
        </src>
        <src id="NYCMng">
            <dst id="ATLA-M5">2446.57866666667</dst>
            <dst id="ATLAng">31336.2666666667</dst>
            <dst id="CHINng">48681.0026666667</dst>
            <dst id="DNVRng">34887.224</dst>
            <dst id="HSTNng">23594.216</dst>
            <dst id="IPLSng">66177.6613333333</dst>
            <dst id="KSCYng">18739.9653333333</dst>
            <dst id="LOSAng">92847.6346666667</dst>
            <dst id="NYCMng">199811.469333333</dst>
            <dst id="SNVAng">4505.79466666667</dst>
            <dst id="STTLng">29627.8266666667</dst>
            <dst id="WASHng">155878.557333333</dst>
        </src>
        <src id="SNVAng">
            <dst id="ATLA-M5">291.552</dst>
            <dst id="ATLAng">3724.01333333333</dst>
            <dst id="CHINng">991.221333333333</dst>
            <dst id="DNVRng">4879.104</dst>
            <dst id="HSTNng">550.874666666667</dst>
            <dst id="IPLSng">5995.54666666667</dst>
            <dst id="KSCYng">768.784</dst>
            <dst id="LOSAng">36563.4746666667</dst>
            <dst id="NYCMng">730.312</dst>
            <dst id="SNVAng">16425.5546666667</dst>
            <dst id="STTLng">58671.4133333333</dst>
            <dst id="WASHng">359.138666666667</dst>
        </src>
        <src id="STTLng">
            <dst id="ATLA-M5">293.4</dst>
            <dst id="ATLAng">7936.936</dst>
            <dst id="CHINng">9553.00266666667</dst>
            <dst id="DNVRng">3841.93333333333</dst>
            <dst id="HSTNng">6726.54933333333</dst>
            <dst id="IPLSng">8777.112</dst>
            <dst id="KSCYng">4661.27466666667</dst>
            <dst id="LOSAng">24821.3546666667</dst>
            <dst id="NYCMng">13060.8746666667</dst>
            <dst id="SNVAng">6295.304</dst>
            <dst id="STTLng">6499.78666666667</dst>
            <dst id="WASHng">18805.664</dst>
        </src>
        <src id="WASHng">
            <dst id="ATLA-M5">2307.592</dst>
            <dst id="ATLAng">90485.76</dst>
            <dst id="CHINng">75217.2106666667</dst>
            <dst id="DNVRng">49491.8693333333</dst>
            <dst id="HSTNng">35944.16</dst>
            <dst id="IPLSng">65310.0026666667</dst>
            <dst id="KSCYng">20950.1253333333</dst>
            <dst id="LOSAng">103725.608</dst>
            <dst id="NYCMng">200633.101333333</dst>
            <dst id="SNVAng">13837.1386666667</dst>
            <dst id="STTLng">32074.928</dst>
            <dst id="WASHng">396374.986666667</dst>
        </src>
    </IntraTM>
</TrafficMatrixFile>
