<?xml version="1.0" encoding="ISO-8859-1" standalone="yes"?>
<TrafficMatrixFile xsi:noNamespaceSchemaLocation="http://totem.run.montefiore.ulg.ac.be/Schema/TrafficMatrix-v1_2.xsd" xmlns:xsi="http://www.w3.org/2001/XMLSchema-instance">
    <IntraTM ASID="11537">
        <src id="ATLA-M5">
            <dst id="ATLA-M5">38.0213333333333</dst>
            <dst id="ATLAng">26.6666666666667</dst>
            <dst id="CHINng">398.608</dst>
            <dst id="DNVRng">106.666666666667</dst>
            <dst id="HSTNng">182.013333333333</dst>
            <dst id="IPLSng">243.112</dst>
            <dst id="KSCYng">128.464</dst>
            <dst id="LOSAng">238.312</dst>
            <dst id="NYCMng">59.5626666666667</dst>
            <dst id="SNVAng">63.4826666666667</dst>
            <dst id="STTLng">135.818666666667</dst>
            <dst id="WASHng">823.842666666667</dst>
        </src>
        <src id="ATLAng">
            <dst id="ATLA-M5">254.882666666667</dst>
            <dst id="ATLAng">25074.2426666667</dst>
            <dst id="CHINng">15584.104</dst>
            <dst id="DNVRng">4244.22133333333</dst>
            <dst id="HSTNng">5188.72</dst>
            <dst id="IPLSng">14715.656</dst>
            <dst id="KSCYng">2344.12533333333</dst>
            <dst id="LOSAng">19077.2506666667</dst>
            <dst id="NYCMng">7744.768</dst>
            <dst id="SNVAng">424.314666666667</dst>
            <dst id="STTLng">3502.11733333333</dst>
            <dst id="WASHng">119574.704</dst>
        </src>
        <src id="CHINng">
            <dst id="ATLA-M5">587.072</dst>
            <dst id="ATLAng">10763</dst>
            <dst id="CHINng">105242.378666667</dst>
            <dst id="DNVRng">29299.5813333333</dst>
            <dst id="HSTNng">47424.0826666667</dst>
            <dst id="IPLSng">39019.6666666667</dst>
            <dst id="KSCYng">13967.2666666667</dst>
            <dst id="LOSAng">54594.1973333333</dst>
            <dst id="NYCMng">16311.7333333333</dst>
            <dst id="SNVAng">1932.59733333333</dst>
            <dst id="STTLng">9416.464</dst>
            <dst id="WASHng">26498.9973333333</dst>
        </src>
        <src id="DNVRng">
            <dst id="ATLA-M5">129.994666666667</dst>
            <dst id="ATLAng">4440.896</dst>
            <dst id="CHINng">66342.7146666667</dst>
            <dst id="DNVRng">14151.6746666667</dst>
            <dst id="HSTNng">12667.752</dst>
            <dst id="IPLSng">28671.5306666667</dst>
            <dst id="KSCYng">23307.4293333333</dst>
            <dst id="LOSAng">4418.792</dst>
            <dst id="NYCMng">19651.912</dst>
            <dst id="SNVAng">11612.1706666667</dst>
            <dst id="STTLng">11049.8666666667</dst>
            <dst id="WASHng">56027.7626666667</dst>
        </src>
        <src id="HSTNng">
            <dst id="ATLA-M5">2010.82133333333</dst>
            <dst id="ATLAng">2715.98666666667</dst>
            <dst id="CHINng">19011.24</dst>
            <dst id="DNVRng">1803.15733333333</dst>
            <dst id="HSTNng">4754.85066666667</dst>
            <dst id="IPLSng">2190.928</dst>
            <dst id="KSCYng">2526.13333333333</dst>
            <dst id="LOSAng">5228.43733333333</dst>
            <dst id="NYCMng">6092.016</dst>
            <dst id="SNVAng">952.421333333333</dst>
            <dst id="STTLng">2771.70133333333</dst>
            <dst id="WASHng">5247.224</dst>
        </src>
        <src id="IPLSng">
            <dst id="ATLA-M5">643.552</dst>
            <dst id="ATLAng">38088.992</dst>
            <dst id="CHINng">77570.9973333333</dst>
            <dst id="DNVRng">9035.03466666667</dst>
            <dst id="HSTNng">4678.54933333333</dst>
            <dst id="IPLSng">37154.8773333333</dst>
            <dst id="KSCYng">15156.7146666667</dst>
            <dst id="LOSAng">36567.976</dst>
            <dst id="NYCMng">20432.12</dst>
            <dst id="SNVAng">1944.976</dst>
            <dst id="STTLng">12574.1546666667</dst>
            <dst id="WASHng">32854.328</dst>
        </src>
        <src id="KSCYng">
            <dst id="ATLA-M5">53.3333333333333</dst>
            <dst id="ATLAng">2082.60266666667</dst>
            <dst id="CHINng">25762.568</dst>
            <dst id="DNVRng">19294.208</dst>
            <dst id="HSTNng">3190.816</dst>
            <dst id="IPLSng">13760.2373333333</dst>
            <dst id="KSCYng">8645.55733333333</dst>
            <dst id="LOSAng">6799.19733333333</dst>
            <dst id="NYCMng">4736.928</dst>
            <dst id="SNVAng">718.981333333333</dst>
            <dst id="STTLng">2353.352</dst>
            <dst id="WASHng">11794.9226666667</dst>
        </src>
        <src id="LOSAng">
            <dst id="ATLA-M5">929.768</dst>
            <dst id="ATLAng">12403.872</dst>
            <dst id="CHINng">77714.36</dst>
            <dst id="DNVRng">8412.21333333333</dst>
            <dst id="HSTNng">6915.86933333333</dst>
            <dst id="IPLSng">19258.8693333333</dst>
            <dst id="KSCYng">6737.32533333333</dst>
            <dst id="LOSAng">10487.3146666667</dst>
            <dst id="NYCMng">59136.856</dst>
            <dst id="SNVAng">18598.064</dst>
            <dst id="STTLng">19439.92</dst>
            <dst id="WASHng">128141.418666667</dst>
        </src>
        <src id="NYCMng">
            <dst id="ATLA-M5">3341.31733333333</dst>
            <dst id="ATLAng">33803.52</dst>
            <dst id="CHINng">49082.712</dst>
            <dst id="DNVRng">39247.36</dst>
            <dst id="HSTNng">7585.97066666667</dst>
            <dst id="IPLSng">48659.4506666667</dst>
            <dst id="KSCYng">14548.6506666667</dst>
            <dst id="LOSAng">73809.0666666667</dst>
            <dst id="NYCMng">170363.312</dst>
            <dst id="SNVAng">63849.7413333333</dst>
            <dst id="STTLng">22900.1146666667</dst>
            <dst id="WASHng">90886.88</dst>
        </src>
        <src id="SNVAng">
            <dst id="ATLA-M5">26.6666666666667</dst>
            <dst id="ATLAng">286.616</dst>
            <dst id="CHINng">1848.25066666667</dst>
            <dst id="DNVRng">12833.176</dst>
            <dst id="HSTNng">459.512</dst>
            <dst id="IPLSng">565.930666666667</dst>
            <dst id="KSCYng">486.218666666667</dst>
            <dst id="LOSAng">41295.664</dst>
            <dst id="NYCMng">3657.43466666667</dst>
            <dst id="SNVAng">18046.4986666667</dst>
            <dst id="STTLng">63306.1546666667</dst>
            <dst id="WASHng">151.509333333333</dst>
        </src>
        <src id="STTLng">
            <dst id="ATLA-M5">131.874666666667</dst>
            <dst id="ATLAng">7114.56533333333</dst>
            <dst id="CHINng">12827.6373333333</dst>
            <dst id="DNVRng">3386.28</dst>
            <dst id="HSTNng">10981.904</dst>
            <dst id="IPLSng">7165.88533333333</dst>
            <dst id="KSCYng">4043.544</dst>
            <dst id="LOSAng">12931.5813333333</dst>
            <dst id="NYCMng">5159.792</dst>
            <dst id="SNVAng">2870.368</dst>
            <dst id="STTLng">6898.25866666667</dst>
            <dst id="WASHng">10985.0186666667</dst>
        </src>
        <src id="WASHng">
            <dst id="ATLA-M5">170.536</dst>
            <dst id="ATLAng">135692.650666667</dst>
            <dst id="CHINng">93922.9013333333</dst>
            <dst id="DNVRng">58796.3573333333</dst>
            <dst id="HSTNng">32258.6293333333</dst>
            <dst id="IPLSng">65089.672</dst>
            <dst id="KSCYng">14693.0586666667</dst>
            <dst id="LOSAng">104916.896</dst>
            <dst id="NYCMng">152913.952</dst>
            <dst id="SNVAng">2915.10133333333</dst>
            <dst id="STTLng">36500.072</dst>
            <dst id="WASHng">256380.378666667</dst>
        </src>
    </IntraTM>
</TrafficMatrixFile>
