<?xml version="1.0" encoding="ISO-8859-1" standalone="yes"?>
<TrafficMatrixFile xsi:noNamespaceSchemaLocation="http://totem.run.montefiore.ulg.ac.be/Schema/TrafficMatrix-v1_2.xsd" xmlns:xsi="http://www.w3.org/2001/XMLSchema-instance">
    <IntraTM ASID="11537">
        <src id="ATLA-M5">
            <dst id="ATLA-M5">54.8373333333333</dst>
            <dst id="ATLAng">80</dst>
            <dst id="CHINng">153.453333333333</dst>
            <dst id="DNVRng">53.3333333333333</dst>
            <dst id="HSTNng">303.064</dst>
            <dst id="IPLSng">265.432</dst>
            <dst id="KSCYng">28.624</dst>
            <dst id="LOSAng">283.384</dst>
            <dst id="NYCMng">160</dst>
            <dst id="SNVAng">26.6666666666667</dst>
            <dst id="STTLng">102.845333333333</dst>
            <dst id="WASHng">263.349333333333</dst>
        </src>
        <src id="ATLAng">
            <dst id="ATLA-M5">547.125333333333</dst>
            <dst id="ATLAng">25216.0213333333</dst>
            <dst id="CHINng">15086.432</dst>
            <dst id="DNVRng">4406.376</dst>
            <dst id="HSTNng">5770.70133333333</dst>
            <dst id="IPLSng">14308.0453333333</dst>
            <dst id="KSCYng">2784.99733333333</dst>
            <dst id="LOSAng">18797.6586666667</dst>
            <dst id="NYCMng">16028.1866666667</dst>
            <dst id="SNVAng">730.784</dst>
            <dst id="STTLng">4039.57866666667</dst>
            <dst id="WASHng">194020.741333333</dst>
        </src>
        <src id="CHINng">
            <dst id="ATLA-M5">445.888</dst>
            <dst id="ATLAng">11668.1866666667</dst>
            <dst id="CHINng">103491.645333333</dst>
            <dst id="DNVRng">23295.64</dst>
            <dst id="HSTNng">49061.0186666667</dst>
            <dst id="IPLSng">29810.7653333333</dst>
            <dst id="KSCYng">14015.6506666667</dst>
            <dst id="LOSAng">57326.5786666667</dst>
            <dst id="NYCMng">18113.3013333333</dst>
            <dst id="SNVAng">2167.83733333333</dst>
            <dst id="STTLng">8743.76266666667</dst>
            <dst id="WASHng">26704.072</dst>
        </src>
        <src id="DNVRng">
            <dst id="ATLA-M5">276.405333333333</dst>
            <dst id="ATLAng">4476.016</dst>
            <dst id="CHINng">65455.3013333333</dst>
            <dst id="DNVRng">8934.416</dst>
            <dst id="HSTNng">11562.4453333333</dst>
            <dst id="IPLSng">27427.184</dst>
            <dst id="KSCYng">9437.26133333333</dst>
            <dst id="LOSAng">4154.70133333333</dst>
            <dst id="NYCMng">23032.1306666667</dst>
            <dst id="SNVAng">7452.432</dst>
            <dst id="STTLng">5790.76</dst>
            <dst id="WASHng">61439.5893333333</dst>
        </src>
        <src id="HSTNng">
            <dst id="ATLA-M5">753.637333333333</dst>
            <dst id="ATLAng">1735.92</dst>
            <dst id="CHINng">23138.3226666667</dst>
            <dst id="DNVRng">2224.09866666667</dst>
            <dst id="HSTNng">5846.35733333333</dst>
            <dst id="IPLSng">1973.06666666667</dst>
            <dst id="KSCYng">2512.888</dst>
            <dst id="LOSAng">4717.76266666667</dst>
            <dst id="NYCMng">4425.07466666667</dst>
            <dst id="SNVAng">681.677333333333</dst>
            <dst id="STTLng">2537.064</dst>
            <dst id="WASHng">5066.488</dst>
        </src>
        <src id="IPLSng">
            <dst id="ATLA-M5">530.432</dst>
            <dst id="ATLAng">34706.08</dst>
            <dst id="CHINng">74225.2773333333</dst>
            <dst id="DNVRng">11220.792</dst>
            <dst id="HSTNng">3032.352</dst>
            <dst id="IPLSng">27385.0373333333</dst>
            <dst id="KSCYng">11500.112</dst>
            <dst id="LOSAng">43773.2773333333</dst>
            <dst id="NYCMng">21899.9306666667</dst>
            <dst id="SNVAng">2139.04266666667</dst>
            <dst id="STTLng">11739.4613333333</dst>
            <dst id="WASHng">34867.7066666667</dst>
        </src>
        <src id="KSCYng">
            <dst id="ATLA-M5">271.922666666667</dst>
            <dst id="ATLAng">1899.59466666667</dst>
            <dst id="CHINng">22922.016</dst>
            <dst id="DNVRng">20907.6133333333</dst>
            <dst id="HSTNng">3433.69066666667</dst>
            <dst id="IPLSng">12546.8693333333</dst>
            <dst id="KSCYng">8564.80533333333</dst>
            <dst id="LOSAng">6990.68</dst>
            <dst id="NYCMng">4618.18666666667</dst>
            <dst id="SNVAng">799.184</dst>
            <dst id="STTLng">2006.42666666667</dst>
            <dst id="WASHng">12714.5066666667</dst>
        </src>
        <src id="LOSAng">
            <dst id="ATLA-M5">1419.816</dst>
            <dst id="ATLAng">17626.7573333333</dst>
            <dst id="CHINng">83949.9146666667</dst>
            <dst id="DNVRng">9239.728</dst>
            <dst id="HSTNng">5517.376</dst>
            <dst id="IPLSng">20656.984</dst>
            <dst id="KSCYng">7160.13866666667</dst>
            <dst id="LOSAng">12498.8826666667</dst>
            <dst id="NYCMng">51300.7813333333</dst>
            <dst id="SNVAng">15093.512</dst>
            <dst id="STTLng">23830.0986666667</dst>
            <dst id="WASHng">111020.074666667</dst>
        </src>
        <src id="NYCMng">
            <dst id="ATLA-M5">995.44</dst>
            <dst id="ATLAng">34555.7066666667</dst>
            <dst id="CHINng">49977.7573333333</dst>
            <dst id="DNVRng">42748.4293333333</dst>
            <dst id="HSTNng">7737.37333333333</dst>
            <dst id="IPLSng">54118.056</dst>
            <dst id="KSCYng">15136.736</dst>
            <dst id="LOSAng">73542.008</dst>
            <dst id="NYCMng">165400.613333333</dst>
            <dst id="SNVAng">3012.43466666667</dst>
            <dst id="STTLng">24423.16</dst>
            <dst id="WASHng">96017.6933333334</dst>
        </src>
        <src id="SNVAng">
            <dst id="ATLA-M5">26.6666666666667</dst>
            <dst id="ATLAng">94.6346666666667</dst>
            <dst id="CHINng">1680.04</dst>
            <dst id="DNVRng">12448.512</dst>
            <dst id="HSTNng">486.954666666667</dst>
            <dst id="IPLSng">332.205333333333</dst>
            <dst id="KSCYng">291.962666666667</dst>
            <dst id="LOSAng">42508.6746666667</dst>
            <dst id="NYCMng">8765.30133333333</dst>
            <dst id="SNVAng">18866.8826666667</dst>
            <dst id="STTLng">63337.4586666667</dst>
            <dst id="WASHng">197.693333333333</dst>
        </src>
        <src id="STTLng">
            <dst id="ATLA-M5">299.12</dst>
            <dst id="ATLAng">8090.776</dst>
            <dst id="CHINng">13006.976</dst>
            <dst id="DNVRng">3758.07733333333</dst>
            <dst id="HSTNng">10992.8533333333</dst>
            <dst id="IPLSng">7472.544</dst>
            <dst id="KSCYng">4223.00533333333</dst>
            <dst id="LOSAng">14128.768</dst>
            <dst id="NYCMng">5679.56</dst>
            <dst id="SNVAng">2571.25866666667</dst>
            <dst id="STTLng">906.965333333334</dst>
            <dst id="WASHng">5844.8</dst>
        </src>
        <src id="WASHng">
            <dst id="ATLA-M5">267.157333333333</dst>
            <dst id="ATLAng">95422.2026666667</dst>
            <dst id="CHINng">77848.3173333333</dst>
            <dst id="DNVRng">55254.52</dst>
            <dst id="HSTNng">36848.3066666667</dst>
            <dst id="IPLSng">66906.0106666667</dst>
            <dst id="KSCYng">14672.5893333333</dst>
            <dst id="LOSAng">113630.114666667</dst>
            <dst id="NYCMng">162172.424</dst>
            <dst id="SNVAng">3630.02133333333</dst>
            <dst id="STTLng">30057.4106666667</dst>
            <dst id="WASHng">251814.096</dst>
        </src>
    </IntraTM>
</TrafficMatrixFile>
