<?xml version="1.0" encoding="ISO-8859-1" standalone="yes"?>
<TrafficMatrixFile xsi:noNamespaceSchemaLocation="http://totem.run.montefiore.ulg.ac.be/Schema/TrafficMatrix-v1_2.xsd" xmlns:xsi="http://www.w3.org/2001/XMLSchema-instance">
    <IntraTM ASID="11537">
        <src id="ATLA-M5">
            <dst id="ATLA-M5">123.677333333333</dst>
            <dst id="ATLAng">95.4613333333333</dst>
            <dst id="CHINng">1154.06666666667</dst>
            <dst id="DNVRng">106.666666666667</dst>
            <dst id="HSTNng">196.64</dst>
            <dst id="IPLSng">3103.496</dst>
            <dst id="KSCYng">159.149333333333</dst>
            <dst id="LOSAng">650.170666666667</dst>
            <dst id="NYCMng">215.08</dst>
            <dst id="SNVAng">0</dst>
            <dst id="STTLng">285.941333333333</dst>
            <dst id="WASHng">1522.43466666667</dst>
        </src>
        <src id="ATLAng">
            <dst id="ATLA-M5">314.130666666667</dst>
            <dst id="ATLAng">22680.2293333333</dst>
            <dst id="CHINng">19426.4906666667</dst>
            <dst id="DNVRng">5780.688</dst>
            <dst id="HSTNng">4098.152</dst>
            <dst id="IPLSng">24114.5546666667</dst>
            <dst id="KSCYng">2571.28533333333</dst>
            <dst id="LOSAng">21633.192</dst>
            <dst id="NYCMng">5568.6</dst>
            <dst id="SNVAng">364.354666666667</dst>
            <dst id="STTLng">4822.30666666667</dst>
            <dst id="WASHng">35537.4453333333</dst>
        </src>
        <src id="CHINng">
            <dst id="ATLA-M5">2248.43733333333</dst>
            <dst id="ATLAng">28830.792</dst>
            <dst id="CHINng">87546.2773333333</dst>
            <dst id="DNVRng">17310.736</dst>
            <dst id="HSTNng">55170.4133333333</dst>
            <dst id="IPLSng">68087.1226666667</dst>
            <dst id="KSCYng">17819.488</dst>
            <dst id="LOSAng">2070760.96</dst>
            <dst id="NYCMng">13815.464</dst>
            <dst id="SNVAng">3670.42933333333</dst>
            <dst id="STTLng">20312.0186666667</dst>
            <dst id="WASHng">20952.1093333333</dst>
        </src>
        <src id="DNVRng">
            <dst id="ATLA-M5">419.469333333333</dst>
            <dst id="ATLAng">5547.13866666667</dst>
            <dst id="CHINng">60337.3466666667</dst>
            <dst id="DNVRng">19944.6506666667</dst>
            <dst id="HSTNng">18034.032</dst>
            <dst id="IPLSng">37682.2533333333</dst>
            <dst id="KSCYng">22821.2933333333</dst>
            <dst id="LOSAng">19676.9493333333</dst>
            <dst id="NYCMng">4711.65333333333</dst>
            <dst id="SNVAng">11768.3573333333</dst>
            <dst id="STTLng">17170.7893333333</dst>
            <dst id="WASHng">8918.34133333333</dst>
        </src>
        <src id="HSTNng">
            <dst id="ATLA-M5">4875.87466666667</dst>
            <dst id="ATLAng">6366.36</dst>
            <dst id="CHINng">20079.3626666667</dst>
            <dst id="DNVRng">2541.776</dst>
            <dst id="HSTNng">7025.19733333333</dst>
            <dst id="IPLSng">6634.97866666667</dst>
            <dst id="KSCYng">3408.62133333333</dst>
            <dst id="LOSAng">5125.992</dst>
            <dst id="NYCMng">3073.15466666667</dst>
            <dst id="SNVAng">836.136</dst>
            <dst id="STTLng">2667.37333333333</dst>
            <dst id="WASHng">10829.3786666667</dst>
        </src>
        <src id="IPLSng">
            <dst id="ATLA-M5">1740.536</dst>
            <dst id="ATLAng">15826.0613333333</dst>
            <dst id="CHINng">147860.189333333</dst>
            <dst id="DNVRng">20768.224</dst>
            <dst id="HSTNng">9342.304</dst>
            <dst id="IPLSng">29802.712</dst>
            <dst id="KSCYng">8584.224</dst>
            <dst id="LOSAng">67532.7546666667</dst>
            <dst id="NYCMng">10242.416</dst>
            <dst id="SNVAng">1558.11733333333</dst>
            <dst id="STTLng">13730.168</dst>
            <dst id="WASHng">21148.3946666667</dst>
        </src>
        <src id="KSCYng">
            <dst id="ATLA-M5">396.8</dst>
            <dst id="ATLAng">2080.22666666667</dst>
            <dst id="CHINng">21587.704</dst>
            <dst id="DNVRng">9498.07733333334</dst>
            <dst id="HSTNng">4123.056</dst>
            <dst id="IPLSng">12043.832</dst>
            <dst id="KSCYng">6784.12266666667</dst>
            <dst id="LOSAng">5717.496</dst>
            <dst id="NYCMng">1075.98666666667</dst>
            <dst id="SNVAng">587.288</dst>
            <dst id="STTLng">6357.36</dst>
            <dst id="WASHng">3046.256</dst>
        </src>
        <src id="LOSAng">
            <dst id="ATLA-M5">1735.61066666667</dst>
            <dst id="ATLAng">17908.536</dst>
            <dst id="CHINng">1089735.70666667</dst>
            <dst id="DNVRng">11772.672</dst>
            <dst id="HSTNng">12126.7413333333</dst>
            <dst id="IPLSng">37393.4906666667</dst>
            <dst id="KSCYng">10012.6106666667</dst>
            <dst id="LOSAng">12888.944</dst>
            <dst id="NYCMng">2098.83466666667</dst>
            <dst id="SNVAng">10332.0213333333</dst>
            <dst id="STTLng">23588.6533333333</dst>
            <dst id="WASHng">91232.848</dst>
        </src>
        <src id="NYCMng">
            <dst id="ATLA-M5">1603.84</dst>
            <dst id="ATLAng">16109.8693333333</dst>
            <dst id="CHINng">39972.3146666667</dst>
            <dst id="DNVRng">28117.2933333333</dst>
            <dst id="HSTNng">14005.64</dst>
            <dst id="IPLSng">55245.672</dst>
            <dst id="KSCYng">12656.9466666667</dst>
            <dst id="LOSAng">75060.7066666667</dst>
            <dst id="NYCMng">125507.528</dst>
            <dst id="SNVAng">2415.53866666667</dst>
            <dst id="STTLng">19103.8453333333</dst>
            <dst id="WASHng">98599.824</dst>
        </src>
        <src id="SNVAng">
            <dst id="ATLA-M5">26.6666666666667</dst>
            <dst id="ATLAng">539.933333333334</dst>
            <dst id="CHINng">781.477333333333</dst>
            <dst id="DNVRng">15003.8853333333</dst>
            <dst id="HSTNng">186.770666666667</dst>
            <dst id="IPLSng">631.101333333333</dst>
            <dst id="KSCYng">4412.43733333333</dst>
            <dst id="LOSAng">41532.3893333333</dst>
            <dst id="NYCMng">319.794666666667</dst>
            <dst id="SNVAng">20430.6986666667</dst>
            <dst id="STTLng">60406.0453333333</dst>
            <dst id="WASHng">147.429333333333</dst>
        </src>
        <src id="STTLng">
            <dst id="ATLA-M5">719.674666666666</dst>
            <dst id="ATLAng">11891.688</dst>
            <dst id="CHINng">25375.648</dst>
            <dst id="DNVRng">3337.63466666667</dst>
            <dst id="HSTNng">7798.35466666667</dst>
            <dst id="IPLSng">8938.54666666666</dst>
            <dst id="KSCYng">2268.59733333333</dst>
            <dst id="LOSAng">26798.0933333333</dst>
            <dst id="NYCMng">3443.88266666667</dst>
            <dst id="SNVAng">4543.49333333333</dst>
            <dst id="STTLng">7196.93333333333</dst>
            <dst id="WASHng">9680.11466666667</dst>
        </src>
        <src id="WASHng">
            <dst id="ATLA-M5">1916.06666666667</dst>
            <dst id="ATLAng">130665.773333333</dst>
            <dst id="CHINng">82315.0106666667</dst>
            <dst id="DNVRng">52870.3786666667</dst>
            <dst id="HSTNng">30181.7946666667</dst>
            <dst id="IPLSng">54730.96</dst>
            <dst id="KSCYng">15853.4026666667</dst>
            <dst id="LOSAng">115595.450666667</dst>
            <dst id="NYCMng">176956.842666667</dst>
            <dst id="SNVAng">5444.56</dst>
            <dst id="STTLng">28788.1893333333</dst>
            <dst id="WASHng">253478.944</dst>
        </src>
    </IntraTM>
</TrafficMatrixFile>
