<?xml version="1.0" encoding="ISO-8859-1" standalone="yes"?>
<TrafficMatrixFile xsi:noNamespaceSchemaLocation="http://totem.run.montefiore.ulg.ac.be/Schema/TrafficMatrix-v1_2.xsd" xmlns:xsi="http://www.w3.org/2001/XMLSchema-instance">
    <IntraTM ASID="11537">
        <src id="ATLA-M5">
            <dst id="ATLA-M5">84.816</dst>
            <dst id="ATLAng">133.333333333333</dst>
            <dst id="CHINng">1799.60266666667</dst>
            <dst id="DNVRng">0</dst>
            <dst id="HSTNng">162.08</dst>
            <dst id="IPLSng">492.010666666667</dst>
            <dst id="KSCYng">0</dst>
            <dst id="LOSAng">261.605333333333</dst>
            <dst id="NYCMng">261.912</dst>
            <dst id="SNVAng">29.5146666666667</dst>
            <dst id="STTLng">0</dst>
            <dst id="WASHng">2319.13066666667</dst>
        </src>
        <src id="ATLAng">
            <dst id="ATLA-M5">245.482666666667</dst>
            <dst id="ATLAng">31041.8826666667</dst>
            <dst id="CHINng">17614.9946666667</dst>
            <dst id="DNVRng">5546.52266666667</dst>
            <dst id="HSTNng">4351.70933333333</dst>
            <dst id="IPLSng">18648.5813333333</dst>
            <dst id="KSCYng">2359.34666666667</dst>
            <dst id="LOSAng">20227.1813333333</dst>
            <dst id="NYCMng">2617.33866666667</dst>
            <dst id="SNVAng">591.005333333333</dst>
            <dst id="STTLng">4763.448</dst>
            <dst id="WASHng">49753.2026666667</dst>
        </src>
        <src id="CHINng">
            <dst id="ATLA-M5">2432.61333333333</dst>
            <dst id="ATLAng">22831.496</dst>
            <dst id="CHINng">83336.5706666667</dst>
            <dst id="DNVRng">22527.4026666667</dst>
            <dst id="HSTNng">54592.9733333333</dst>
            <dst id="IPLSng">70063.8373333333</dst>
            <dst id="KSCYng">18335.4666666667</dst>
            <dst id="LOSAng">2069130.88</dst>
            <dst id="NYCMng">16556.088</dst>
            <dst id="SNVAng">2646.44266666667</dst>
            <dst id="STTLng">20485.9546666667</dst>
            <dst id="WASHng">25636.4506666667</dst>
        </src>
        <src id="DNVRng">
            <dst id="ATLA-M5">185.917333333333</dst>
            <dst id="ATLAng">6077.41333333333</dst>
            <dst id="CHINng">66587.6426666667</dst>
            <dst id="DNVRng">22481.6293333333</dst>
            <dst id="HSTNng">17008.64</dst>
            <dst id="IPLSng">37160.3333333333</dst>
            <dst id="KSCYng">19065.5093333333</dst>
            <dst id="LOSAng">20521.992</dst>
            <dst id="NYCMng">12301.816</dst>
            <dst id="SNVAng">13644.5493333333</dst>
            <dst id="STTLng">14621.728</dst>
            <dst id="WASHng">42771.0053333333</dst>
        </src>
        <src id="HSTNng">
            <dst id="ATLA-M5">1848.48</dst>
            <dst id="ATLAng">7804.00533333333</dst>
            <dst id="CHINng">15734.088</dst>
            <dst id="DNVRng">2577.64266666667</dst>
            <dst id="HSTNng">5697.72266666667</dst>
            <dst id="IPLSng">7316.984</dst>
            <dst id="KSCYng">5670.83733333333</dst>
            <dst id="LOSAng">7540.99733333333</dst>
            <dst id="NYCMng">2159.70933333333</dst>
            <dst id="SNVAng">1000.90933333333</dst>
            <dst id="STTLng">3943.288</dst>
            <dst id="WASHng">9307.62666666667</dst>
        </src>
        <src id="IPLSng">
            <dst id="ATLA-M5">1228.06933333333</dst>
            <dst id="ATLAng">14228.128</dst>
            <dst id="CHINng">149114.333333333</dst>
            <dst id="DNVRng">29102.1306666667</dst>
            <dst id="HSTNng">6726.09333333333</dst>
            <dst id="IPLSng">30659.1653333333</dst>
            <dst id="KSCYng">10060.4266666667</dst>
            <dst id="LOSAng">73019.528</dst>
            <dst id="NYCMng">9418.344</dst>
            <dst id="SNVAng">2888.85066666667</dst>
            <dst id="STTLng">14401.648</dst>
            <dst id="WASHng">40448.472</dst>
        </src>
        <src id="KSCYng">
            <dst id="ATLA-M5">233.354666666667</dst>
            <dst id="ATLAng">2126</dst>
            <dst id="CHINng">16809.0346666667</dst>
            <dst id="DNVRng">8722.49333333333</dst>
            <dst id="HSTNng">5042.53066666667</dst>
            <dst id="IPLSng">10332.0266666667</dst>
            <dst id="KSCYng">8222.82133333334</dst>
            <dst id="LOSAng">7917.91466666667</dst>
            <dst id="NYCMng">2548.24</dst>
            <dst id="SNVAng">431.141333333333</dst>
            <dst id="STTLng">2252.928</dst>
            <dst id="WASHng">15786.504</dst>
        </src>
        <src id="LOSAng">
            <dst id="ATLA-M5">2182.10933333333</dst>
            <dst id="ATLAng">14759.8266666667</dst>
            <dst id="CHINng">1088174.08</dst>
            <dst id="DNVRng">11429.352</dst>
            <dst id="HSTNng">39230.0853333333</dst>
            <dst id="IPLSng">62536.5786666667</dst>
            <dst id="KSCYng">11412.9546666667</dst>
            <dst id="LOSAng">13650.7333333333</dst>
            <dst id="NYCMng">12433.416</dst>
            <dst id="SNVAng">8710.27733333334</dst>
            <dst id="STTLng">21164.8533333333</dst>
            <dst id="WASHng">91443.88</dst>
        </src>
        <src id="NYCMng">
            <dst id="ATLA-M5">0</dst>
            <dst id="ATLAng">0</dst>
            <dst id="CHINng">0</dst>
            <dst id="DNVRng">0</dst>
            <dst id="HSTNng">0</dst>
            <dst id="IPLSng">0</dst>
            <dst id="KSCYng">0</dst>
            <dst id="LOSAng">0</dst>
            <dst id="NYCMng">0</dst>
            <dst id="SNVAng">0</dst>
            <dst id="STTLng">0</dst>
            <dst id="WASHng">0</dst>
        </src>
        <src id="SNVAng">
            <dst id="ATLA-M5">0</dst>
            <dst id="ATLAng">80</dst>
            <dst id="CHINng">553.744</dst>
            <dst id="DNVRng">16378.6293333333</dst>
            <dst id="HSTNng">245.226666666667</dst>
            <dst id="IPLSng">5376.73866666667</dst>
            <dst id="KSCYng">4695.232</dst>
            <dst id="LOSAng">37615.9786666667</dst>
            <dst id="NYCMng">448.701333333333</dst>
            <dst id="SNVAng">18653.44</dst>
            <dst id="STTLng">57175.4346666667</dst>
            <dst id="WASHng">579.597333333333</dst>
        </src>
        <src id="STTLng">
            <dst id="ATLA-M5">166.056</dst>
            <dst id="ATLAng">14834.3973333333</dst>
            <dst id="CHINng">29900.6373333333</dst>
            <dst id="DNVRng">2968.088</dst>
            <dst id="HSTNng">9354.92</dst>
            <dst id="IPLSng">8867.79466666667</dst>
            <dst id="KSCYng">2564.784</dst>
            <dst id="LOSAng">26333.704</dst>
            <dst id="NYCMng">7486.70933333333</dst>
            <dst id="SNVAng">4220.69066666667</dst>
            <dst id="STTLng">9243.93066666666</dst>
            <dst id="WASHng">13970.64</dst>
        </src>
        <src id="WASHng">
            <dst id="ATLA-M5">1505.208</dst>
            <dst id="ATLAng">99531.6906666667</dst>
            <dst id="CHINng">80988.4586666667</dst>
            <dst id="DNVRng">60570.0426666667</dst>
            <dst id="HSTNng">30286.2693333333</dst>
            <dst id="IPLSng">60789.424</dst>
            <dst id="KSCYng">21224.088</dst>
            <dst id="LOSAng">111413.176</dst>
            <dst id="NYCMng">162362.469333333</dst>
            <dst id="SNVAng">4036.496</dst>
            <dst id="STTLng">35072.1226666667</dst>
            <dst id="WASHng">365930.88</dst>
        </src>
    </IntraTM>
</TrafficMatrixFile>
