<?xml version="1.0" encoding="ISO-8859-1" standalone="yes"?>
<TrafficMatrixFile xsi:noNamespaceSchemaLocation="http://totem.run.montefiore.ulg.ac.be/Schema/TrafficMatrix-v1_2.xsd" xmlns:xsi="http://www.w3.org/2001/XMLSchema-instance">
    <IntraTM ASID="11537">
        <src id="ATLA-M5">
            <dst id="ATLA-M5">969.733333333333</dst>
            <dst id="ATLAng">150.469333333333</dst>
            <dst id="CHINng">385.16</dst>
            <dst id="DNVRng">80</dst>
            <dst id="HSTNng">174.685333333333</dst>
            <dst id="IPLSng">212.136</dst>
            <dst id="KSCYng">56.936</dst>
            <dst id="LOSAng">1661.888</dst>
            <dst id="NYCMng">867.104</dst>
            <dst id="SNVAng">54.8906666666667</dst>
            <dst id="STTLng">161.802666666667</dst>
            <dst id="WASHng">1465.84266666667</dst>
        </src>
        <src id="ATLAng">
            <dst id="ATLA-M5">934.28</dst>
            <dst id="ATLAng">34299.6026666667</dst>
            <dst id="CHINng">27254.312</dst>
            <dst id="DNVRng">4427.504</dst>
            <dst id="HSTNng">6716.55733333333</dst>
            <dst id="IPLSng">20128.3893333333</dst>
            <dst id="KSCYng">4304.68</dst>
            <dst id="LOSAng">21071.5573333333</dst>
            <dst id="NYCMng">6909.35466666667</dst>
            <dst id="SNVAng">395.621333333333</dst>
            <dst id="STTLng">5840.856</dst>
            <dst id="WASHng">37596.9573333333</dst>
        </src>
        <src id="CHINng">
            <dst id="ATLA-M5">3081.14133333333</dst>
            <dst id="ATLAng">26513.4986666667</dst>
            <dst id="CHINng">118446.706666667</dst>
            <dst id="DNVRng">23321.8213333333</dst>
            <dst id="HSTNng">47806.8773333333</dst>
            <dst id="IPLSng">62802.696</dst>
            <dst id="KSCYng">17886.1466666667</dst>
            <dst id="LOSAng">2030471.41333333</dst>
            <dst id="NYCMng">22379.0373333333</dst>
            <dst id="SNVAng">2547.792</dst>
            <dst id="STTLng">22933.0346666667</dst>
            <dst id="WASHng">27584.744</dst>
        </src>
        <src id="DNVRng">
            <dst id="ATLA-M5">460.464</dst>
            <dst id="ATLAng">6837.25333333333</dst>
            <dst id="CHINng">64340.1733333333</dst>
            <dst id="DNVRng">14118.0346666667</dst>
            <dst id="HSTNng">14850.9573333333</dst>
            <dst id="IPLSng">32878.496</dst>
            <dst id="KSCYng">14949.136</dst>
            <dst id="LOSAng">8440.70133333333</dst>
            <dst id="NYCMng">18618.6506666667</dst>
            <dst id="SNVAng">10084.824</dst>
            <dst id="STTLng">9108.40266666667</dst>
            <dst id="WASHng">45296.9733333333</dst>
        </src>
        <src id="HSTNng">
            <dst id="ATLA-M5">3787.82666666667</dst>
            <dst id="ATLAng">4913.84533333333</dst>
            <dst id="CHINng">23623.3173333333</dst>
            <dst id="DNVRng">3749.76266666667</dst>
            <dst id="HSTNng">5948.192</dst>
            <dst id="IPLSng">8929.29333333333</dst>
            <dst id="KSCYng">4014.288</dst>
            <dst id="LOSAng">26085.9546666667</dst>
            <dst id="NYCMng">6382.464</dst>
            <dst id="SNVAng">876.205333333333</dst>
            <dst id="STTLng">2558.968</dst>
            <dst id="WASHng">13037.8426666667</dst>
        </src>
        <src id="IPLSng">
            <dst id="ATLA-M5">409.28</dst>
            <dst id="ATLAng">22382.248</dst>
            <dst id="CHINng">114874.018666667</dst>
            <dst id="DNVRng">20456.848</dst>
            <dst id="HSTNng">7147.55733333333</dst>
            <dst id="IPLSng">27388.9973333333</dst>
            <dst id="KSCYng">8787.64533333333</dst>
            <dst id="LOSAng">84724.5253333333</dst>
            <dst id="NYCMng">65326.3973333333</dst>
            <dst id="SNVAng">1522.088</dst>
            <dst id="STTLng">9652.91466666667</dst>
            <dst id="WASHng">41752.5973333333</dst>
        </src>
        <src id="KSCYng">
            <dst id="ATLA-M5">111.922666666667</dst>
            <dst id="ATLAng">7362.55466666667</dst>
            <dst id="CHINng">23839.0266666667</dst>
            <dst id="DNVRng">10966.752</dst>
            <dst id="HSTNng">4486.58133333333</dst>
            <dst id="IPLSng">16890.7573333333</dst>
            <dst id="KSCYng">7444.65333333333</dst>
            <dst id="LOSAng">7661.232</dst>
            <dst id="NYCMng">3703.72533333333</dst>
            <dst id="SNVAng">346.037333333333</dst>
            <dst id="STTLng">1819.184</dst>
            <dst id="WASHng">14360.5333333333</dst>
        </src>
        <src id="LOSAng">
            <dst id="ATLA-M5">2212.14933333333</dst>
            <dst id="ATLAng">29414.056</dst>
            <dst id="CHINng">1089286.08</dst>
            <dst id="DNVRng">7399.90933333333</dst>
            <dst id="HSTNng">34663.2453333333</dst>
            <dst id="IPLSng">54316.8666666667</dst>
            <dst id="KSCYng">19766.2346666667</dst>
            <dst id="LOSAng">8692.72</dst>
            <dst id="NYCMng">85167.5813333333</dst>
            <dst id="SNVAng">9096.67733333333</dst>
            <dst id="STTLng">33950.816</dst>
            <dst id="WASHng">105090.136</dst>
        </src>
        <src id="NYCMng">
            <dst id="ATLA-M5">2040.58666666667</dst>
            <dst id="ATLAng">42259.6746666667</dst>
            <dst id="CHINng">54096.5093333333</dst>
            <dst id="DNVRng">41194.432</dst>
            <dst id="HSTNng">17725.0933333333</dst>
            <dst id="IPLSng">67195</dst>
            <dst id="KSCYng">28006.0746666667</dst>
            <dst id="LOSAng">76135.1253333334</dst>
            <dst id="NYCMng">232680.373333333</dst>
            <dst id="SNVAng">5023.50666666667</dst>
            <dst id="STTLng">19057.0133333333</dst>
            <dst id="WASHng">204457.576</dst>
        </src>
        <src id="SNVAng">
            <dst id="ATLA-M5">390.992</dst>
            <dst id="ATLAng">527.584</dst>
            <dst id="CHINng">2296.04533333333</dst>
            <dst id="DNVRng">4976.584</dst>
            <dst id="HSTNng">85.184</dst>
            <dst id="IPLSng">2016.84</dst>
            <dst id="KSCYng">124.757333333333</dst>
            <dst id="LOSAng">36899.504</dst>
            <dst id="NYCMng">1320.38933333333</dst>
            <dst id="SNVAng">13676.7013333333</dst>
            <dst id="STTLng">51954.8826666667</dst>
            <dst id="WASHng">86.8533333333333</dst>
        </src>
        <src id="STTLng">
            <dst id="ATLA-M5">224.138666666667</dst>
            <dst id="ATLAng">6593.096</dst>
            <dst id="CHINng">21067.6533333333</dst>
            <dst id="DNVRng">10177.096</dst>
            <dst id="HSTNng">11170.496</dst>
            <dst id="IPLSng">9907.408</dst>
            <dst id="KSCYng">5815.94133333333</dst>
            <dst id="LOSAng">19189.1173333333</dst>
            <dst id="NYCMng">7244.336</dst>
            <dst id="SNVAng">2092.4</dst>
            <dst id="STTLng">4332.66133333333</dst>
            <dst id="WASHng">9523.824</dst>
        </src>
        <src id="WASHng">
            <dst id="ATLA-M5">1412.952</dst>
            <dst id="ATLAng">262862.170666667</dst>
            <dst id="CHINng">74588.768</dst>
            <dst id="DNVRng">52124.968</dst>
            <dst id="HSTNng">23363.656</dst>
            <dst id="IPLSng">60391.6106666667</dst>
            <dst id="KSCYng">21199.3893333333</dst>
            <dst id="LOSAng">101888.488</dst>
            <dst id="NYCMng">199185.816</dst>
            <dst id="SNVAng">8473.616</dst>
            <dst id="STTLng">34996.76</dst>
            <dst id="WASHng">228338.066666667</dst>
        </src>
    </IntraTM>
</TrafficMatrixFile>
