<?xml version="1.0" encoding="ISO-8859-1" standalone="yes"?>
<TrafficMatrixFile xsi:noNamespaceSchemaLocation="http://totem.run.montefiore.ulg.ac.be/Schema/TrafficMatrix-v1_2.xsd" xmlns:xsi="http://www.w3.org/2001/XMLSchema-instance">
    <IntraTM ASID="11537">
        <src id="ATLA-M5">
            <dst id="ATLA-M5">60.512</dst>
            <dst id="ATLAng">80</dst>
            <dst id="CHINng">510.194666666667</dst>
            <dst id="DNVRng">86.8453333333333</dst>
            <dst id="HSTNng">99.688</dst>
            <dst id="IPLSng">455.864</dst>
            <dst id="KSCYng">1317.47733333333</dst>
            <dst id="LOSAng">255.584</dst>
            <dst id="NYCMng">54.368</dst>
            <dst id="SNVAng">0</dst>
            <dst id="STTLng">55.7973333333333</dst>
            <dst id="WASHng">311.877333333333</dst>
        </src>
        <src id="ATLAng">
            <dst id="ATLA-M5">722.813333333333</dst>
            <dst id="ATLAng">28523.12</dst>
            <dst id="CHINng">15506.704</dst>
            <dst id="DNVRng">4112.944</dst>
            <dst id="HSTNng">4008</dst>
            <dst id="IPLSng">21401.6773333333</dst>
            <dst id="KSCYng">1388.22666666667</dst>
            <dst id="LOSAng">20050.4186666667</dst>
            <dst id="NYCMng">10514.1866666667</dst>
            <dst id="SNVAng">212.874666666667</dst>
            <dst id="STTLng">4852.79733333333</dst>
            <dst id="WASHng">29287.5173333333</dst>
        </src>
        <src id="CHINng">
            <dst id="ATLA-M5">2236.51466666667</dst>
            <dst id="ATLAng">23942.0106666667</dst>
            <dst id="CHINng">91737.6373333333</dst>
            <dst id="DNVRng">14752.344</dst>
            <dst id="HSTNng">59562.312</dst>
            <dst id="IPLSng">59795.5706666667</dst>
            <dst id="KSCYng">19924.3893333333</dst>
            <dst id="LOSAng">2054022.50666667</dst>
            <dst id="NYCMng">17294.872</dst>
            <dst id="SNVAng">3360.032</dst>
            <dst id="STTLng">12422.128</dst>
            <dst id="WASHng">25275.184</dst>
        </src>
        <src id="DNVRng">
            <dst id="ATLA-M5">271.832</dst>
            <dst id="ATLAng">6156.33066666667</dst>
            <dst id="CHINng">74434.2293333333</dst>
            <dst id="DNVRng">18168.528</dst>
            <dst id="HSTNng">18521.8373333333</dst>
            <dst id="IPLSng">33089.72</dst>
            <dst id="KSCYng">20238.1333333333</dst>
            <dst id="LOSAng">7591.63733333333</dst>
            <dst id="NYCMng">21175.6906666667</dst>
            <dst id="SNVAng">9239.18933333333</dst>
            <dst id="STTLng">12469.8133333333</dst>
            <dst id="WASHng">41650.344</dst>
        </src>
        <src id="HSTNng">
            <dst id="ATLA-M5">656.509333333333</dst>
            <dst id="ATLAng">1602.98133333333</dst>
            <dst id="CHINng">22107.32</dst>
            <dst id="DNVRng">2876.34933333333</dst>
            <dst id="HSTNng">6559.888</dst>
            <dst id="IPLSng">10394.9493333333</dst>
            <dst id="KSCYng">2498.47466666667</dst>
            <dst id="LOSAng">6585.336</dst>
            <dst id="NYCMng">5115.26933333333</dst>
            <dst id="SNVAng">2448.99733333333</dst>
            <dst id="STTLng">2854.58666666667</dst>
            <dst id="WASHng">6400.89333333333</dst>
        </src>
        <src id="IPLSng">
            <dst id="ATLA-M5">874.416</dst>
            <dst id="ATLAng">15866.5173333333</dst>
            <dst id="CHINng">92127</dst>
            <dst id="DNVRng">29085.5413333333</dst>
            <dst id="HSTNng">8484.95733333333</dst>
            <dst id="IPLSng">23471.9493333333</dst>
            <dst id="KSCYng">7040</dst>
            <dst id="LOSAng">63687.864</dst>
            <dst id="NYCMng">46800.7893333333</dst>
            <dst id="SNVAng">4101.01066666667</dst>
            <dst id="STTLng">8666.62933333333</dst>
            <dst id="WASHng">40975.76</dst>
        </src>
        <src id="KSCYng">
            <dst id="ATLA-M5">285.642666666667</dst>
            <dst id="ATLAng">3187.28</dst>
            <dst id="CHINng">25091.296</dst>
            <dst id="DNVRng">10488.7146666667</dst>
            <dst id="HSTNng">3948.65866666667</dst>
            <dst id="IPLSng">27278.04</dst>
            <dst id="KSCYng">9975.21333333333</dst>
            <dst id="LOSAng">5009.08266666667</dst>
            <dst id="NYCMng">4413.912</dst>
            <dst id="SNVAng">2567.01066666667</dst>
            <dst id="STTLng">2460.06133333333</dst>
            <dst id="WASHng">13596.7173333333</dst>
        </src>
        <src id="LOSAng">
            <dst id="ATLA-M5">916.677333333333</dst>
            <dst id="ATLAng">15042.976</dst>
            <dst id="CHINng">79419.104</dst>
            <dst id="DNVRng">12096.2666666667</dst>
            <dst id="HSTNng">7205.18666666667</dst>
            <dst id="IPLSng">31016.3413333333</dst>
            <dst id="KSCYng">19166.1253333333</dst>
            <dst id="LOSAng">14740.4346666667</dst>
            <dst id="NYCMng">63951.104</dst>
            <dst id="SNVAng">9677.856</dst>
            <dst id="STTLng">24445.64</dst>
            <dst id="WASHng">82901.2266666667</dst>
        </src>
        <src id="NYCMng">
            <dst id="ATLA-M5">1222.696</dst>
            <dst id="ATLAng">21347.568</dst>
            <dst id="CHINng">49747.4906666667</dst>
            <dst id="DNVRng">34827.2293333333</dst>
            <dst id="HSTNng">21161.824</dst>
            <dst id="IPLSng">59570.1173333333</dst>
            <dst id="KSCYng">17282.5466666667</dst>
            <dst id="LOSAng">83817.4213333333</dst>
            <dst id="NYCMng">151043.706666667</dst>
            <dst id="SNVAng">4564.904</dst>
            <dst id="STTLng">32246.7493333333</dst>
            <dst id="WASHng">102936.394666667</dst>
        </src>
        <src id="SNVAng">
            <dst id="ATLA-M5">84.656</dst>
            <dst id="ATLAng">117.053333333333</dst>
            <dst id="CHINng">3836.88266666667</dst>
            <dst id="DNVRng">5330.192</dst>
            <dst id="HSTNng">1168.41066666667</dst>
            <dst id="IPLSng">2324.89333333333</dst>
            <dst id="KSCYng">4178.91733333333</dst>
            <dst id="LOSAng">39623.9386666667</dst>
            <dst id="NYCMng">913.554666666667</dst>
            <dst id="SNVAng">12923.7866666667</dst>
            <dst id="STTLng">49375.0026666667</dst>
            <dst id="WASHng">255.938666666667</dst>
        </src>
        <src id="STTLng">
            <dst id="ATLA-M5">207.152</dst>
            <dst id="ATLAng">5385.67733333333</dst>
            <dst id="CHINng">18485.4453333333</dst>
            <dst id="DNVRng">3453.36533333333</dst>
            <dst id="HSTNng">6399</dst>
            <dst id="IPLSng">13581.3146666667</dst>
            <dst id="KSCYng">3290.584</dst>
            <dst id="LOSAng">19229.848</dst>
            <dst id="NYCMng">6355.688</dst>
            <dst id="SNVAng">4820.176</dst>
            <dst id="STTLng">5185.376</dst>
            <dst id="WASHng">9387.024</dst>
        </src>
        <src id="WASHng">
            <dst id="ATLA-M5">1818.00266666667</dst>
            <dst id="ATLAng">65106.8906666667</dst>
            <dst id="CHINng">74171.8506666667</dst>
            <dst id="DNVRng">55933.2773333333</dst>
            <dst id="HSTNng">16693.1093333333</dst>
            <dst id="IPLSng">56132.6693333333</dst>
            <dst id="KSCYng">23900.2586666667</dst>
            <dst id="LOSAng">114674.093333333</dst>
            <dst id="NYCMng">168216.610666667</dst>
            <dst id="SNVAng">2958.896</dst>
            <dst id="STTLng">37178.8133333333</dst>
            <dst id="WASHng">220836.269333333</dst>
        </src>
    </IntraTM>
</TrafficMatrixFile>
