<?xml version="1.0" encoding="ISO-8859-1" standalone="yes"?>
<TrafficMatrixFile xsi:noNamespaceSchemaLocation="http://totem.run.montefiore.ulg.ac.be/Schema/TrafficMatrix-v1_2.xsd" xmlns:xsi="http://www.w3.org/2001/XMLSchema-instance">
    <IntraTM ASID="11537">
        <src id="ATLA-M5">
            <dst id="ATLA-M5">146.570666666667</dst>
            <dst id="ATLAng">332.074666666667</dst>
            <dst id="CHINng">281.677333333333</dst>
            <dst id="DNVRng">117.034666666667</dst>
            <dst id="HSTNng">415.184</dst>
            <dst id="IPLSng">795.109333333333</dst>
            <dst id="KSCYng">135.122666666667</dst>
            <dst id="LOSAng">810.741333333333</dst>
            <dst id="NYCMng">257.994666666667</dst>
            <dst id="SNVAng">0</dst>
            <dst id="STTLng">80</dst>
            <dst id="WASHng">1065.90133333333</dst>
        </src>
        <src id="ATLAng">
            <dst id="ATLA-M5">1317.26933333333</dst>
            <dst id="ATLAng">29806.3866666667</dst>
            <dst id="CHINng">21422.072</dst>
            <dst id="DNVRng">6311.336</dst>
            <dst id="HSTNng">6000.69333333333</dst>
            <dst id="IPLSng">20886.9386666667</dst>
            <dst id="KSCYng">6106.85066666667</dst>
            <dst id="LOSAng">21214.6426666667</dst>
            <dst id="NYCMng">10693.2266666667</dst>
            <dst id="SNVAng">1157.09866666667</dst>
            <dst id="STTLng">5325.51733333333</dst>
            <dst id="WASHng">42619.7733333333</dst>
        </src>
        <src id="CHINng">
            <dst id="ATLA-M5">1697.72533333333</dst>
            <dst id="ATLAng">22956.0906666667</dst>
            <dst id="CHINng">112278.082666667</dst>
            <dst id="DNVRng">32453.9626666667</dst>
            <dst id="HSTNng">56790.616</dst>
            <dst id="IPLSng">56847.4506666667</dst>
            <dst id="KSCYng">15685.2346666667</dst>
            <dst id="LOSAng">581724.64</dst>
            <dst id="NYCMng">20358.7226666667</dst>
            <dst id="SNVAng">6584.07733333333</dst>
            <dst id="STTLng">17197.672</dst>
            <dst id="WASHng">30987.9733333333</dst>
        </src>
        <src id="DNVRng">
            <dst id="ATLA-M5">406.581333333333</dst>
            <dst id="ATLAng">11981.1626666667</dst>
            <dst id="CHINng">55760.64</dst>
            <dst id="DNVRng">7482.52533333333</dst>
            <dst id="HSTNng">15045.3893333333</dst>
            <dst id="IPLSng">26646.1066666667</dst>
            <dst id="KSCYng">8901.96533333333</dst>
            <dst id="LOSAng">5111.94666666667</dst>
            <dst id="NYCMng">22686.024</dst>
            <dst id="SNVAng">6025.50933333333</dst>
            <dst id="STTLng">9243.976</dst>
            <dst id="WASHng">43625.5306666667</dst>
        </src>
        <src id="HSTNng">
            <dst id="ATLA-M5">303.290666666667</dst>
            <dst id="ATLAng">3246.16533333333</dst>
            <dst id="CHINng">22097.8906666667</dst>
            <dst id="DNVRng">4505</dst>
            <dst id="HSTNng">7348.10133333333</dst>
            <dst id="IPLSng">6595.08</dst>
            <dst id="KSCYng">4537.47733333333</dst>
            <dst id="LOSAng">6805.80533333333</dst>
            <dst id="NYCMng">4125.80533333333</dst>
            <dst id="SNVAng">2074.00533333333</dst>
            <dst id="STTLng">6917.49333333333</dst>
            <dst id="WASHng">9304.51733333333</dst>
        </src>
        <src id="IPLSng">
            <dst id="ATLA-M5">1561.62133333333</dst>
            <dst id="ATLAng">16555.0026666667</dst>
            <dst id="CHINng">115341.056</dst>
            <dst id="DNVRng">9141.624</dst>
            <dst id="HSTNng">6030.104</dst>
            <dst id="IPLSng">12836.8853333333</dst>
            <dst id="KSCYng">7361.18666666667</dst>
            <dst id="LOSAng">49425.52</dst>
            <dst id="NYCMng">56322.9653333333</dst>
            <dst id="SNVAng">1499.82933333333</dst>
            <dst id="STTLng">12467.4453333333</dst>
            <dst id="WASHng">38175.4773333333</dst>
        </src>
        <src id="KSCYng">
            <dst id="ATLA-M5">446.016</dst>
            <dst id="ATLAng">2309.02933333333</dst>
            <dst id="CHINng">31433.9573333333</dst>
            <dst id="DNVRng">8832.66666666667</dst>
            <dst id="HSTNng">5196.992</dst>
            <dst id="IPLSng">10998.024</dst>
            <dst id="KSCYng">5766.77333333333</dst>
            <dst id="LOSAng">6229.46133333333</dst>
            <dst id="NYCMng">7545.92</dst>
            <dst id="SNVAng">1380.63733333333</dst>
            <dst id="STTLng">2108.81333333333</dst>
            <dst id="WASHng">14648.3173333333</dst>
        </src>
        <src id="LOSAng">
            <dst id="ATLA-M5">2432.08533333333</dst>
            <dst id="ATLAng">14618.24</dst>
            <dst id="CHINng">1093713.65333333</dst>
            <dst id="DNVRng">18004.3946666667</dst>
            <dst id="HSTNng">27783.2213333333</dst>
            <dst id="IPLSng">35824.4213333333</dst>
            <dst id="KSCYng">11410.0186666667</dst>
            <dst id="LOSAng">11569.9733333333</dst>
            <dst id="NYCMng">57999.4906666667</dst>
            <dst id="SNVAng">13540.5706666667</dst>
            <dst id="STTLng">29435.8053333333</dst>
            <dst id="WASHng">87383.8266666667</dst>
        </src>
        <src id="NYCMng">
            <dst id="ATLA-M5">1269.168</dst>
            <dst id="ATLAng">23588.5813333333</dst>
            <dst id="CHINng">49156.2373333333</dst>
            <dst id="DNVRng">37838.0906666667</dst>
            <dst id="HSTNng">17979.48</dst>
            <dst id="IPLSng">58959.5093333333</dst>
            <dst id="KSCYng">24209.5653333333</dst>
            <dst id="LOSAng">73902.0986666667</dst>
            <dst id="NYCMng">205404.218666667</dst>
            <dst id="SNVAng">4622.904</dst>
            <dst id="STTLng">25035.7013333333</dst>
            <dst id="WASHng">166295.933333333</dst>
        </src>
        <src id="SNVAng">
            <dst id="ATLA-M5">26.6666666666667</dst>
            <dst id="ATLAng">142.552</dst>
            <dst id="CHINng">896.754666666667</dst>
            <dst id="DNVRng">4439.36</dst>
            <dst id="HSTNng">459.874666666667</dst>
            <dst id="IPLSng">873.578666666667</dst>
            <dst id="KSCYng">492.858666666667</dst>
            <dst id="LOSAng">48947.5813333333</dst>
            <dst id="NYCMng">751.085333333334</dst>
            <dst id="SNVAng">16554.5946666667</dst>
            <dst id="STTLng">55412.296</dst>
            <dst id="WASHng">213.768</dst>
        </src>
        <src id="STTLng">
            <dst id="ATLA-M5">118.298666666667</dst>
            <dst id="ATLAng">9473.47733333333</dst>
            <dst id="CHINng">23759.336</dst>
            <dst id="DNVRng">9325.912</dst>
            <dst id="HSTNng">11487.2693333333</dst>
            <dst id="IPLSng">8448.86933333333</dst>
            <dst id="KSCYng">4009.10933333333</dst>
            <dst id="LOSAng">22601.52</dst>
            <dst id="NYCMng">9676.536</dst>
            <dst id="SNVAng">5346.28533333333</dst>
            <dst id="STTLng">9526.392</dst>
            <dst id="WASHng">13387.232</dst>
        </src>
        <src id="WASHng">
            <dst id="ATLA-M5">1738.496</dst>
            <dst id="ATLAng">129503.858666667</dst>
            <dst id="CHINng">61053.7733333333</dst>
            <dst id="DNVRng">59564.792</dst>
            <dst id="HSTNng">12690.5573333333</dst>
            <dst id="IPLSng">53782.5333333333</dst>
            <dst id="KSCYng">14250.008</dst>
            <dst id="LOSAng">102249.264</dst>
            <dst id="NYCMng">142115.853333333</dst>
            <dst id="SNVAng">9817.14666666667</dst>
            <dst id="STTLng">28770.376</dst>
            <dst id="WASHng">217416.536</dst>
        </src>
    </IntraTM>
</TrafficMatrixFile>
