<?xml version="1.0" encoding="ISO-8859-1" standalone="yes"?>
<TrafficMatrixFile xsi:noNamespaceSchemaLocation="http://totem.run.montefiore.ulg.ac.be/Schema/TrafficMatrix-v1_2.xsd" xmlns:xsi="http://www.w3.org/2001/XMLSchema-instance">
    <IntraTM ASID="11537">
        <src id="ATLA-M5">
            <dst id="ATLA-M5">78.8</dst>
            <dst id="ATLAng">139.861333333333</dst>
            <dst id="CHINng">120.381333333333</dst>
            <dst id="DNVRng">26.6666666666667</dst>
            <dst id="HSTNng">222.338666666667</dst>
            <dst id="IPLSng">298.848</dst>
            <dst id="KSCYng">202.176</dst>
            <dst id="LOSAng">272.082666666667</dst>
            <dst id="NYCMng">612.653333333333</dst>
            <dst id="SNVAng">0</dst>
            <dst id="STTLng">232.397333333333</dst>
            <dst id="WASHng">2313.06133333333</dst>
        </src>
        <src id="ATLAng">
            <dst id="ATLA-M5">199.578666666667</dst>
            <dst id="ATLAng">25782.4666666667</dst>
            <dst id="CHINng">24781.936</dst>
            <dst id="DNVRng">2421.45333333333</dst>
            <dst id="HSTNng">4847.03733333333</dst>
            <dst id="IPLSng">13062.3493333333</dst>
            <dst id="KSCYng">2715.78133333333</dst>
            <dst id="LOSAng">19556.7546666667</dst>
            <dst id="NYCMng">11868.7093333333</dst>
            <dst id="SNVAng">532.672</dst>
            <dst id="STTLng">3671.46133333333</dst>
            <dst id="WASHng">45858.5493333333</dst>
        </src>
        <src id="CHINng">
            <dst id="ATLA-M5">2889.52</dst>
            <dst id="ATLAng">24883.9813333333</dst>
            <dst id="CHINng">119282.2</dst>
            <dst id="DNVRng">27048.6373333333</dst>
            <dst id="HSTNng">50857.0266666667</dst>
            <dst id="IPLSng">50725.3306666667</dst>
            <dst id="KSCYng">12034.5173333333</dst>
            <dst id="LOSAng">48466.304</dst>
            <dst id="NYCMng">24553.8933333333</dst>
            <dst id="SNVAng">2179.20266666667</dst>
            <dst id="STTLng">17720.8426666667</dst>
            <dst id="WASHng">29291.0773333333</dst>
        </src>
        <src id="DNVRng">
            <dst id="ATLA-M5">125.429333333333</dst>
            <dst id="ATLAng">3758.304</dst>
            <dst id="CHINng">76410.9813333333</dst>
            <dst id="DNVRng">6972.936</dst>
            <dst id="HSTNng">14617.224</dst>
            <dst id="IPLSng">31784.3386666667</dst>
            <dst id="KSCYng">14729.7653333333</dst>
            <dst id="LOSAng">9181.784</dst>
            <dst id="NYCMng">15939.9706666667</dst>
            <dst id="SNVAng">4824.96266666667</dst>
            <dst id="STTLng">7589.09866666667</dst>
            <dst id="WASHng">44548.768</dst>
        </src>
        <src id="HSTNng">
            <dst id="ATLA-M5">4117.256</dst>
            <dst id="ATLAng">1320.00533333333</dst>
            <dst id="CHINng">16942.9946666667</dst>
            <dst id="DNVRng">1503.35466666667</dst>
            <dst id="HSTNng">5297.08533333333</dst>
            <dst id="IPLSng">14126.6373333333</dst>
            <dst id="KSCYng">3642.464</dst>
            <dst id="LOSAng">3261.712</dst>
            <dst id="NYCMng">6806.56</dst>
            <dst id="SNVAng">1740.94933333333</dst>
            <dst id="STTLng">2293.80533333333</dst>
            <dst id="WASHng">4472.624</dst>
        </src>
        <src id="IPLSng">
            <dst id="ATLA-M5">898.92</dst>
            <dst id="ATLAng">12034.496</dst>
            <dst id="CHINng">113070.618666667</dst>
            <dst id="DNVRng">18939.32</dst>
            <dst id="HSTNng">7325.32533333333</dst>
            <dst id="IPLSng">18290.504</dst>
            <dst id="KSCYng">7911.41333333333</dst>
            <dst id="LOSAng">24823.9493333333</dst>
            <dst id="NYCMng">96799.5813333333</dst>
            <dst id="SNVAng">924.856</dst>
            <dst id="STTLng">9028.54133333333</dst>
            <dst id="WASHng">40013.5093333333</dst>
        </src>
        <src id="KSCYng">
            <dst id="ATLA-M5">409.874666666667</dst>
            <dst id="ATLAng">4514.43733333333</dst>
            <dst id="CHINng">31582.152</dst>
            <dst id="DNVRng">12251.88</dst>
            <dst id="HSTNng">4111.34933333333</dst>
            <dst id="IPLSng">21365.032</dst>
            <dst id="KSCYng">7020.77866666667</dst>
            <dst id="LOSAng">3367.61333333333</dst>
            <dst id="NYCMng">6957.592</dst>
            <dst id="SNVAng">149.312</dst>
            <dst id="STTLng">1348.90133333333</dst>
            <dst id="WASHng">15393.7946666667</dst>
        </src>
        <src id="LOSAng">
            <dst id="ATLA-M5">1086.37866666667</dst>
            <dst id="ATLAng">40045.84</dst>
            <dst id="CHINng">77231.3653333333</dst>
            <dst id="DNVRng">5111.54666666667</dst>
            <dst id="HSTNng">31125.3893333333</dst>
            <dst id="IPLSng">32718.8346666667</dst>
            <dst id="KSCYng">8835.81866666666</dst>
            <dst id="LOSAng">23863.9733333333</dst>
            <dst id="NYCMng">58103.7706666667</dst>
            <dst id="SNVAng">8323.66666666667</dst>
            <dst id="STTLng">31837.16</dst>
            <dst id="WASHng">89570.3253333333</dst>
        </src>
        <src id="NYCMng">
            <dst id="ATLA-M5">595.637333333333</dst>
            <dst id="ATLAng">22993.3653333333</dst>
            <dst id="CHINng">58526.0906666666</dst>
            <dst id="DNVRng">31153.096</dst>
            <dst id="HSTNng">13224.4933333333</dst>
            <dst id="IPLSng">49790.8906666667</dst>
            <dst id="KSCYng">17468.8693333333</dst>
            <dst id="LOSAng">40062.9653333333</dst>
            <dst id="NYCMng">216006.426666667</dst>
            <dst id="SNVAng">948.672</dst>
            <dst id="STTLng">32596.848</dst>
            <dst id="WASHng">147140.389333333</dst>
        </src>
        <src id="SNVAng">
            <dst id="ATLA-M5">0</dst>
            <dst id="ATLAng">80</dst>
            <dst id="CHINng">2935.89333333333</dst>
            <dst id="DNVRng">8239.19733333333</dst>
            <dst id="HSTNng">152.517333333333</dst>
            <dst id="IPLSng">1651.448</dst>
            <dst id="KSCYng">189.461333333333</dst>
            <dst id="LOSAng">34058.3466666667</dst>
            <dst id="NYCMng">1136.13066666667</dst>
            <dst id="SNVAng">14062.6533333333</dst>
            <dst id="STTLng">50587.008</dst>
            <dst id="WASHng">457.426666666667</dst>
        </src>
        <src id="STTLng">
            <dst id="ATLA-M5">384.018666666667</dst>
            <dst id="ATLAng">4627</dst>
            <dst id="CHINng">19181.7466666667</dst>
            <dst id="DNVRng">1294.67466666667</dst>
            <dst id="HSTNng">2421.08</dst>
            <dst id="IPLSng">4467.72266666667</dst>
            <dst id="KSCYng">2752.89333333333</dst>
            <dst id="LOSAng">18725.3573333333</dst>
            <dst id="NYCMng">8070.20533333334</dst>
            <dst id="SNVAng">2234.70933333333</dst>
            <dst id="STTLng">5101.86933333333</dst>
            <dst id="WASHng">9010.936</dst>
        </src>
        <src id="WASHng">
            <dst id="ATLA-M5">802.376</dst>
            <dst id="ATLAng">69500.312</dst>
            <dst id="CHINng">63986.1706666667</dst>
            <dst id="DNVRng">63010.512</dst>
            <dst id="HSTNng">14744.6906666667</dst>
            <dst id="IPLSng">75375.5573333333</dst>
            <dst id="KSCYng">15840.1333333333</dst>
            <dst id="LOSAng">99121.6533333333</dst>
            <dst id="NYCMng">192765.653333333</dst>
            <dst id="SNVAng">631.706666666667</dst>
            <dst id="STTLng">32763.2293333333</dst>
            <dst id="WASHng">263674.570666667</dst>
        </src>
    </IntraTM>
</TrafficMatrixFile>
