<?xml version="1.0" encoding="ISO-8859-1" standalone="yes"?>
<TrafficMatrixFile xsi:noNamespaceSchemaLocation="http://totem.run.montefiore.ulg.ac.be/Schema/TrafficMatrix-v1_2.xsd" xmlns:xsi="http://www.w3.org/2001/XMLSchema-instance">
    <IntraTM ASID="11537">
        <src id="ATLA-M5">
            <dst id="ATLA-M5">30.1333333333333</dst>
            <dst id="ATLAng">196.077333333333</dst>
            <dst id="CHINng">114.229333333333</dst>
            <dst id="DNVRng">733.464</dst>
            <dst id="HSTNng">106.704</dst>
            <dst id="IPLSng">1443.09333333333</dst>
            <dst id="KSCYng">108.277333333333</dst>
            <dst id="LOSAng">126.197333333333</dst>
            <dst id="NYCMng">26.6986666666667</dst>
            <dst id="SNVAng">0</dst>
            <dst id="STTLng">198.573333333333</dst>
            <dst id="WASHng">278.64</dst>
        </src>
        <src id="ATLAng">
            <dst id="ATLA-M5">119.373333333333</dst>
            <dst id="ATLAng">25598.1173333333</dst>
            <dst id="CHINng">13987.5093333333</dst>
            <dst id="DNVRng">6124.32533333333</dst>
            <dst id="HSTNng">4660.93866666667</dst>
            <dst id="IPLSng">12970.52</dst>
            <dst id="KSCYng">1180.34133333333</dst>
            <dst id="LOSAng">17109.76</dst>
            <dst id="NYCMng">4102.34933333333</dst>
            <dst id="SNVAng">399.893333333333</dst>
            <dst id="STTLng">3614.63466666667</dst>
            <dst id="WASHng">27821.1093333333</dst>
        </src>
        <src id="CHINng">
            <dst id="ATLA-M5">659.901333333333</dst>
            <dst id="ATLAng">11583.552</dst>
            <dst id="CHINng">99650.48</dst>
            <dst id="DNVRng">8173.84266666667</dst>
            <dst id="HSTNng">48749.2026666667</dst>
            <dst id="IPLSng">32581.376</dst>
            <dst id="KSCYng">8277.352</dst>
            <dst id="LOSAng">57507.872</dst>
            <dst id="NYCMng">14571.0506666667</dst>
            <dst id="SNVAng">2869.07466666667</dst>
            <dst id="STTLng">12479.488</dst>
            <dst id="WASHng">19384.528</dst>
        </src>
        <src id="DNVRng">
            <dst id="ATLA-M5">97.3333333333333</dst>
            <dst id="ATLAng">3062.29066666667</dst>
            <dst id="CHINng">84252.96</dst>
            <dst id="DNVRng">1609.33866666667</dst>
            <dst id="HSTNng">13462.2293333333</dst>
            <dst id="IPLSng">21277.5893333333</dst>
            <dst id="KSCYng">8749.848</dst>
            <dst id="LOSAng">5936.448</dst>
            <dst id="NYCMng">13274.4506666667</dst>
            <dst id="SNVAng">3821.97333333333</dst>
            <dst id="STTLng">10553.224</dst>
            <dst id="WASHng">36168.88</dst>
        </src>
        <src id="HSTNng">
            <dst id="ATLA-M5">5062.32</dst>
            <dst id="ATLAng">1225.4</dst>
            <dst id="CHINng">16461.0346666667</dst>
            <dst id="DNVRng">1557.58933333333</dst>
            <dst id="HSTNng">3342.03466666667</dst>
            <dst id="IPLSng">2930.464</dst>
            <dst id="KSCYng">1383.90133333333</dst>
            <dst id="LOSAng">2119.09066666667</dst>
            <dst id="NYCMng">3623.76</dst>
            <dst id="SNVAng">1624.216</dst>
            <dst id="STTLng">2623.37333333333</dst>
            <dst id="WASHng">4853.65333333333</dst>
        </src>
        <src id="IPLSng">
            <dst id="ATLA-M5">430.776</dst>
            <dst id="ATLAng">14389.048</dst>
            <dst id="CHINng">92588.9093333333</dst>
            <dst id="DNVRng">5296.70666666667</dst>
            <dst id="HSTNng">5072.08533333333</dst>
            <dst id="IPLSng">13701.1306666667</dst>
            <dst id="KSCYng">6193.72533333333</dst>
            <dst id="LOSAng">44718.8026666667</dst>
            <dst id="NYCMng">27537.272</dst>
            <dst id="SNVAng">3077.11466666667</dst>
            <dst id="STTLng">15503.008</dst>
            <dst id="WASHng">24077.1813333333</dst>
        </src>
        <src id="KSCYng">
            <dst id="ATLA-M5">146.573333333333</dst>
            <dst id="ATLAng">1888.616</dst>
            <dst id="CHINng">20704.1786666667</dst>
            <dst id="DNVRng">7439.28266666667</dst>
            <dst id="HSTNng">11185.8506666667</dst>
            <dst id="IPLSng">5616.08</dst>
            <dst id="KSCYng">7814.51733333333</dst>
            <dst id="LOSAng">4277.25333333333</dst>
            <dst id="NYCMng">5312.13066666667</dst>
            <dst id="SNVAng">806.378666666667</dst>
            <dst id="STTLng">1486.70933333333</dst>
            <dst id="WASHng">18472.3413333333</dst>
        </src>
        <src id="LOSAng">
            <dst id="ATLA-M5">854.282666666667</dst>
            <dst id="ATLAng">10698.832</dst>
            <dst id="CHINng">75777.752</dst>
            <dst id="DNVRng">4496</dst>
            <dst id="HSTNng">4405.336</dst>
            <dst id="IPLSng">15950.0613333333</dst>
            <dst id="KSCYng">6497.49333333333</dst>
            <dst id="LOSAng">28683.0666666667</dst>
            <dst id="NYCMng">39488.3413333333</dst>
            <dst id="SNVAng">6018.168</dst>
            <dst id="STTLng">25735.7733333333</dst>
            <dst id="WASHng">74307.4106666667</dst>
        </src>
        <src id="NYCMng">
            <dst id="ATLA-M5">1002.704</dst>
            <dst id="ATLAng">14674.888</dst>
            <dst id="CHINng">44360.56</dst>
            <dst id="DNVRng">32489.8293333333</dst>
            <dst id="HSTNng">11634.2586666667</dst>
            <dst id="IPLSng">25368.3146666667</dst>
            <dst id="KSCYng">9465.94666666666</dst>
            <dst id="LOSAng">56064.0266666667</dst>
            <dst id="NYCMng">145205.002666667</dst>
            <dst id="SNVAng">4265.792</dst>
            <dst id="STTLng">20959.6266666667</dst>
            <dst id="WASHng">69985.2933333333</dst>
        </src>
        <src id="SNVAng">
            <dst id="ATLA-M5">0</dst>
            <dst id="ATLAng">80</dst>
            <dst id="CHINng">1561.272</dst>
            <dst id="DNVRng">2666.58933333333</dst>
            <dst id="HSTNng">311.042666666667</dst>
            <dst id="IPLSng">229.666666666667</dst>
            <dst id="KSCYng">120.410666666667</dst>
            <dst id="LOSAng">27498.2213333333</dst>
            <dst id="NYCMng">485.610666666667</dst>
            <dst id="SNVAng">9985.26133333333</dst>
            <dst id="STTLng">42186.8266666667</dst>
            <dst id="WASHng">145.368</dst>
        </src>
        <src id="STTLng">
            <dst id="ATLA-M5">217.44</dst>
            <dst id="ATLAng">5753.51466666667</dst>
            <dst id="CHINng">16050.088</dst>
            <dst id="DNVRng">3557.09066666667</dst>
            <dst id="HSTNng">5602.008</dst>
            <dst id="IPLSng">4362.76</dst>
            <dst id="KSCYng">9540.57333333333</dst>
            <dst id="LOSAng">16371.5973333333</dst>
            <dst id="NYCMng">6611.776</dst>
            <dst id="SNVAng">2962.752</dst>
            <dst id="STTLng">554.581333333333</dst>
            <dst id="WASHng">5840.88533333333</dst>
        </src>
        <src id="WASHng">
            <dst id="ATLA-M5">922.346666666667</dst>
            <dst id="ATLAng">67028.2933333333</dst>
            <dst id="CHINng">59270.504</dst>
            <dst id="DNVRng">31255.2826666667</dst>
            <dst id="HSTNng">5208.896</dst>
            <dst id="IPLSng">52602.6613333333</dst>
            <dst id="KSCYng">8816.72533333333</dst>
            <dst id="LOSAng">86666.5973333333</dst>
            <dst id="NYCMng">132774.554666667</dst>
            <dst id="SNVAng">4615.79733333333</dst>
            <dst id="STTLng">22898.52</dst>
            <dst id="WASHng">175730.285333333</dst>
        </src>
    </IntraTM>
</TrafficMatrixFile>
