<?xml version="1.0" encoding="ISO-8859-1" standalone="yes"?>
<TrafficMatrixFile xsi:noNamespaceSchemaLocation="http://totem.run.montefiore.ulg.ac.be/Schema/TrafficMatrix-v1_2.xsd" xmlns:xsi="http://www.w3.org/2001/XMLSchema-instance">
    <IntraTM ASID="11537">
        <src id="ATLA-M5">
            <dst id="ATLA-M5">26.6666666666667</dst>
            <dst id="ATLAng">201.072</dst>
            <dst id="CHINng">255.949333333333</dst>
            <dst id="DNVRng">53.3333333333333</dst>
            <dst id="HSTNng">662.178666666667</dst>
            <dst id="IPLSng">546.730666666667</dst>
            <dst id="KSCYng">1260.26133333333</dst>
            <dst id="LOSAng">88.5653333333333</dst>
            <dst id="NYCMng">80</dst>
            <dst id="SNVAng">177.589333333333</dst>
            <dst id="STTLng">229.322666666667</dst>
            <dst id="WASHng">1145.45333333333</dst>
        </src>
        <src id="ATLAng">
            <dst id="ATLA-M5">73.624</dst>
            <dst id="ATLAng">45247.304</dst>
            <dst id="CHINng">19802.16</dst>
            <dst id="DNVRng">6125.592</dst>
            <dst id="HSTNng">4549.28533333333</dst>
            <dst id="IPLSng">18862.5973333333</dst>
            <dst id="KSCYng">1380.69333333333</dst>
            <dst id="LOSAng">18464.432</dst>
            <dst id="NYCMng">7067.43733333333</dst>
            <dst id="SNVAng">1030.88533333333</dst>
            <dst id="STTLng">4876.43733333333</dst>
            <dst id="WASHng">39468.368</dst>
        </src>
        <src id="CHINng">
            <dst id="ATLA-M5">1855.93333333333</dst>
            <dst id="ATLAng">14388.704</dst>
            <dst id="CHINng">92282.4773333333</dst>
            <dst id="DNVRng">26560.9573333333</dst>
            <dst id="HSTNng">53674.1653333333</dst>
            <dst id="IPLSng">63683.4453333333</dst>
            <dst id="KSCYng">29178.6293333333</dst>
            <dst id="LOSAng">2049670</dst>
            <dst id="NYCMng">26246.4826666667</dst>
            <dst id="SNVAng">3383.20266666667</dst>
            <dst id="STTLng">11834.68</dst>
            <dst id="WASHng">32833.7413333333</dst>
        </src>
        <src id="DNVRng">
            <dst id="ATLA-M5">728.226666666667</dst>
            <dst id="ATLAng">6848.04266666667</dst>
            <dst id="CHINng">78007.4373333333</dst>
            <dst id="DNVRng">19278.2533333333</dst>
            <dst id="HSTNng">16104.5866666667</dst>
            <dst id="IPLSng">35860.3786666667</dst>
            <dst id="KSCYng">21184.8746666667</dst>
            <dst id="LOSAng">15395.6506666667</dst>
            <dst id="NYCMng">21010.136</dst>
            <dst id="SNVAng">12045.8426666667</dst>
            <dst id="STTLng">14661.352</dst>
            <dst id="WASHng">45499.952</dst>
        </src>
        <src id="HSTNng">
            <dst id="ATLA-M5">884.157333333333</dst>
            <dst id="ATLAng">3207.04533333333</dst>
            <dst id="CHINng">18547.912</dst>
            <dst id="DNVRng">3392.11733333333</dst>
            <dst id="HSTNng">7275.4</dst>
            <dst id="IPLSng">9977.608</dst>
            <dst id="KSCYng">3923.528</dst>
            <dst id="LOSAng">9157.736</dst>
            <dst id="NYCMng">7291.96266666667</dst>
            <dst id="SNVAng">1414.256</dst>
            <dst id="STTLng">4146.032</dst>
            <dst id="WASHng">9093.8</dst>
        </src>
        <src id="IPLSng">
            <dst id="ATLA-M5">524.304</dst>
            <dst id="ATLAng">14979.9866666667</dst>
            <dst id="CHINng">116224.693333333</dst>
            <dst id="DNVRng">35809.368</dst>
            <dst id="HSTNng">8584.184</dst>
            <dst id="IPLSng">13974.5386666667</dst>
            <dst id="KSCYng">7742.15733333333</dst>
            <dst id="LOSAng">69442.0053333333</dst>
            <dst id="NYCMng">62652.4053333333</dst>
            <dst id="SNVAng">3118.112</dst>
            <dst id="STTLng">9098.26666666666</dst>
            <dst id="WASHng">43187.1866666667</dst>
        </src>
        <src id="KSCYng">
            <dst id="ATLA-M5">433.981333333333</dst>
            <dst id="ATLAng">3063.832</dst>
            <dst id="CHINng">26129.496</dst>
            <dst id="DNVRng">9534.02666666667</dst>
            <dst id="HSTNng">4659.62666666667</dst>
            <dst id="IPLSng">19817.1733333333</dst>
            <dst id="KSCYng">10833.872</dst>
            <dst id="LOSAng">6305.71733333333</dst>
            <dst id="NYCMng">5619.92</dst>
            <dst id="SNVAng">2160.648</dst>
            <dst id="STTLng">1923.52</dst>
            <dst id="WASHng">17463.4853333333</dst>
        </src>
        <src id="LOSAng">
            <dst id="ATLA-M5">1173.93333333333</dst>
            <dst id="ATLAng">26069.4053333333</dst>
            <dst id="CHINng">1056947.04</dst>
            <dst id="DNVRng">16704.416</dst>
            <dst id="HSTNng">6632.24266666667</dst>
            <dst id="IPLSng">48854.2</dst>
            <dst id="KSCYng">14740.5706666667</dst>
            <dst id="LOSAng">14876.768</dst>
            <dst id="NYCMng">84955.88</dst>
            <dst id="SNVAng">10200.8693333333</dst>
            <dst id="STTLng">22485.5306666667</dst>
            <dst id="WASHng">79919.8</dst>
        </src>
        <src id="NYCMng">
            <dst id="ATLA-M5">1228.21066666667</dst>
            <dst id="ATLAng">23735.0506666667</dst>
            <dst id="CHINng">58896.984</dst>
            <dst id="DNVRng">34538.496</dst>
            <dst id="HSTNng">19479.968</dst>
            <dst id="IPLSng">56058.816</dst>
            <dst id="KSCYng">17218.2026666667</dst>
            <dst id="LOSAng">66233.424</dst>
            <dst id="NYCMng">153680.229333333</dst>
            <dst id="SNVAng">5022.69066666667</dst>
            <dst id="STTLng">35393.1973333333</dst>
            <dst id="WASHng">131881.184</dst>
        </src>
        <src id="SNVAng">
            <dst id="ATLA-M5">66.456</dst>
            <dst id="ATLAng">416.117333333333</dst>
            <dst id="CHINng">3262.04266666667</dst>
            <dst id="DNVRng">7419.89333333333</dst>
            <dst id="HSTNng">796.856</dst>
            <dst id="IPLSng">8132.17333333333</dst>
            <dst id="KSCYng">5109.08266666667</dst>
            <dst id="LOSAng">34736.9333333333</dst>
            <dst id="NYCMng">1208.86933333333</dst>
            <dst id="SNVAng">12415.1946666667</dst>
            <dst id="STTLng">46752.4106666666</dst>
            <dst id="WASHng">286.376</dst>
        </src>
        <src id="STTLng">
            <dst id="ATLA-M5">331.989333333333</dst>
            <dst id="ATLAng">8606.07466666667</dst>
            <dst id="CHINng">14348.6933333333</dst>
            <dst id="DNVRng">4718.05333333333</dst>
            <dst id="HSTNng">10312.4106666667</dst>
            <dst id="IPLSng">6686.864</dst>
            <dst id="KSCYng">9446.99466666667</dst>
            <dst id="LOSAng">18886.5066666667</dst>
            <dst id="NYCMng">4548.47466666667</dst>
            <dst id="SNVAng">7106.75733333333</dst>
            <dst id="STTLng">6037.83466666667</dst>
            <dst id="WASHng">8927.73866666667</dst>
        </src>
        <src id="WASHng">
            <dst id="ATLA-M5">1316.84266666667</dst>
            <dst id="ATLAng">60145.5413333333</dst>
            <dst id="CHINng">80690.1413333333</dst>
            <dst id="DNVRng">57846.2106666667</dst>
            <dst id="HSTNng">14317.6586666667</dst>
            <dst id="IPLSng">67670.7786666667</dst>
            <dst id="KSCYng">48670.9733333333</dst>
            <dst id="LOSAng">124281.896</dst>
            <dst id="NYCMng">204726.72</dst>
            <dst id="SNVAng">3715.208</dst>
            <dst id="STTLng">35652.3813333333</dst>
            <dst id="WASHng">243169.488</dst>
        </src>
    </IntraTM>
</TrafficMatrixFile>
