<?xml version="1.0" encoding="ISO-8859-1" standalone="yes"?>
<TrafficMatrixFile xsi:noNamespaceSchemaLocation="http://totem.run.montefiore.ulg.ac.be/Schema/TrafficMatrix-v1_2.xsd" xmlns:xsi="http://www.w3.org/2001/XMLSchema-instance">
    <IntraTM ASID="11537">
        <src id="ATLA-M5">
            <dst id="ATLA-M5">53.3333333333333</dst>
            <dst id="ATLAng">110.666666666667</dst>
            <dst id="CHINng">1045.72533333333</dst>
            <dst id="DNVRng">53.3333333333333</dst>
            <dst id="HSTNng">115.850666666667</dst>
            <dst id="IPLSng">925.541333333333</dst>
            <dst id="KSCYng">107.733333333333</dst>
            <dst id="LOSAng">260.048</dst>
            <dst id="NYCMng">774.485333333333</dst>
            <dst id="SNVAng">43.6373333333333</dst>
            <dst id="STTLng">53.3333333333333</dst>
            <dst id="WASHng">1508.23733333333</dst>
        </src>
        <src id="ATLAng">
            <dst id="ATLA-M5">1346.216</dst>
            <dst id="ATLAng">37949.3626666667</dst>
            <dst id="CHINng">38166.7786666667</dst>
            <dst id="DNVRng">5621.62666666667</dst>
            <dst id="HSTNng">4382.52533333333</dst>
            <dst id="IPLSng">23097.912</dst>
            <dst id="KSCYng">2869.784</dst>
            <dst id="LOSAng">41417.2853333333</dst>
            <dst id="NYCMng">8487.624</dst>
            <dst id="SNVAng">720.882666666667</dst>
            <dst id="STTLng">3238.87733333333</dst>
            <dst id="WASHng">47544.5893333333</dst>
        </src>
        <src id="CHINng">
            <dst id="ATLA-M5">2650.552</dst>
            <dst id="ATLAng">42466.9493333333</dst>
            <dst id="CHINng">101001.216</dst>
            <dst id="DNVRng">25240.0853333333</dst>
            <dst id="HSTNng">57372.2106666667</dst>
            <dst id="IPLSng">54280.7093333333</dst>
            <dst id="KSCYng">17160.5333333333</dst>
            <dst id="LOSAng">2053422.08</dst>
            <dst id="NYCMng">18712.184</dst>
            <dst id="SNVAng">3066.256</dst>
            <dst id="STTLng">16136.8453333333</dst>
            <dst id="WASHng">24046.272</dst>
        </src>
        <src id="DNVRng">
            <dst id="ATLA-M5">652.008</dst>
            <dst id="ATLAng">12203.4666666667</dst>
            <dst id="CHINng">59791.296</dst>
            <dst id="DNVRng">8442.79733333333</dst>
            <dst id="HSTNng">16839.0613333333</dst>
            <dst id="IPLSng">33629.1546666667</dst>
            <dst id="KSCYng">9274.096</dst>
            <dst id="LOSAng">4736.432</dst>
            <dst id="NYCMng">18265.3866666667</dst>
            <dst id="SNVAng">8134.81333333333</dst>
            <dst id="STTLng">8418.68266666667</dst>
            <dst id="WASHng">42431.352</dst>
        </src>
        <src id="HSTNng">
            <dst id="ATLA-M5">1396.2</dst>
            <dst id="ATLAng">4753.08</dst>
            <dst id="CHINng">24119.8426666667</dst>
            <dst id="DNVRng">2915.424</dst>
            <dst id="HSTNng">6420.32266666667</dst>
            <dst id="IPLSng">7056.02133333333</dst>
            <dst id="KSCYng">4098.60533333333</dst>
            <dst id="LOSAng">5781.26133333333</dst>
            <dst id="NYCMng">4478.65866666667</dst>
            <dst id="SNVAng">1001.06666666667</dst>
            <dst id="STTLng">7834.38666666667</dst>
            <dst id="WASHng">9185.60266666667</dst>
        </src>
        <src id="IPLSng">
            <dst id="ATLA-M5">1615.792</dst>
            <dst id="ATLAng">17808.368</dst>
            <dst id="CHINng">124042.888</dst>
            <dst id="DNVRng">19406.6613333333</dst>
            <dst id="HSTNng">5981.61333333333</dst>
            <dst id="IPLSng">26613.1626666667</dst>
            <dst id="KSCYng">9874.38666666667</dst>
            <dst id="LOSAng">52261.168</dst>
            <dst id="NYCMng">58236.616</dst>
            <dst id="SNVAng">2029.85066666667</dst>
            <dst id="STTLng">14691.1813333333</dst>
            <dst id="WASHng">40624.5573333333</dst>
        </src>
        <src id="KSCYng">
            <dst id="ATLA-M5">399.077333333333</dst>
            <dst id="ATLAng">2375.26933333333</dst>
            <dst id="CHINng">24265.728</dst>
            <dst id="DNVRng">9541.064</dst>
            <dst id="HSTNng">10452.4133333333</dst>
            <dst id="IPLSng">11550.2746666667</dst>
            <dst id="KSCYng">6959.27733333333</dst>
            <dst id="LOSAng">7961.01866666667</dst>
            <dst id="NYCMng">6104.58933333333</dst>
            <dst id="SNVAng">1380.22933333333</dst>
            <dst id="STTLng">1674.13066666667</dst>
            <dst id="WASHng">12749.272</dst>
        </src>
        <src id="LOSAng">
            <dst id="ATLA-M5">1932.056</dst>
            <dst id="ATLAng">18502.896</dst>
            <dst id="CHINng">1093214.10666667</dst>
            <dst id="DNVRng">11332.232</dst>
            <dst id="HSTNng">18459.0853333333</dst>
            <dst id="IPLSng">45924.7386666667</dst>
            <dst id="KSCYng">8883.104</dst>
            <dst id="LOSAng">12730.088</dst>
            <dst id="NYCMng">87452.7226666666</dst>
            <dst id="SNVAng">8433.53333333333</dst>
            <dst id="STTLng">33802.8133333333</dst>
            <dst id="WASHng">96485.136</dst>
        </src>
        <src id="NYCMng">
            <dst id="ATLA-M5">1095.95466666667</dst>
            <dst id="ATLAng">30407.2933333333</dst>
            <dst id="CHINng">51297.256</dst>
            <dst id="DNVRng">38213.2106666667</dst>
            <dst id="HSTNng">20349.3546666667</dst>
            <dst id="IPLSng">59683.5786666667</dst>
            <dst id="KSCYng">23879.8773333333</dst>
            <dst id="LOSAng">101122.445333333</dst>
            <dst id="NYCMng">217842.394666667</dst>
            <dst id="SNVAng">5520.048</dst>
            <dst id="STTLng">17400.496</dst>
            <dst id="WASHng">136270.261333333</dst>
        </src>
        <src id="SNVAng">
            <dst id="ATLA-M5">39.7573333333333</dst>
            <dst id="ATLAng">1192.88</dst>
            <dst id="CHINng">719.904</dst>
            <dst id="DNVRng">6346.14933333333</dst>
            <dst id="HSTNng">204.701333333333</dst>
            <dst id="IPLSng">1529.152</dst>
            <dst id="KSCYng">550.434666666667</dst>
            <dst id="LOSAng">46465.7146666667</dst>
            <dst id="NYCMng">1050.35466666667</dst>
            <dst id="SNVAng">14226.4906666667</dst>
            <dst id="STTLng">51729.6426666667</dst>
            <dst id="WASHng">909.357333333333</dst>
        </src>
        <src id="STTLng">
            <dst id="ATLA-M5">68.2426666666667</dst>
            <dst id="ATLAng">9355.08533333333</dst>
            <dst id="CHINng">23986.9546666667</dst>
            <dst id="DNVRng">6661.38133333333</dst>
            <dst id="HSTNng">11077.08</dst>
            <dst id="IPLSng">9290.36533333333</dst>
            <dst id="KSCYng">4770.66933333333</dst>
            <dst id="LOSAng">23913.912</dst>
            <dst id="NYCMng">7080.42133333333</dst>
            <dst id="SNVAng">5820.792</dst>
            <dst id="STTLng">4349.8</dst>
            <dst id="WASHng">17664.7733333333</dst>
        </src>
        <src id="WASHng">
            <dst id="ATLA-M5">636.493333333333</dst>
            <dst id="ATLAng">225419.016</dst>
            <dst id="CHINng">66363.3306666666</dst>
            <dst id="DNVRng">59649.168</dst>
            <dst id="HSTNng">16654.5653333333</dst>
            <dst id="IPLSng">50079.6453333333</dst>
            <dst id="KSCYng">14800.3333333333</dst>
            <dst id="LOSAng">105711.808</dst>
            <dst id="NYCMng">157501.504</dst>
            <dst id="SNVAng">10133.5786666667</dst>
            <dst id="STTLng">32034.912</dst>
            <dst id="WASHng">287773.813333333</dst>
        </src>
    </IntraTM>
</TrafficMatrixFile>
