<?xml version="1.0" encoding="ISO-8859-1" standalone="yes"?>
<TrafficMatrixFile xsi:noNamespaceSchemaLocation="http://totem.run.montefiore.ulg.ac.be/Schema/TrafficMatrix-v1_2.xsd" xmlns:xsi="http://www.w3.org/2001/XMLSchema-instance">
    <IntraTM ASID="11537">
        <src id="ATLA-M5">
            <dst id="ATLA-M5">74.2826666666667</dst>
            <dst id="ATLAng">53.3333333333333</dst>
            <dst id="CHINng">134.256</dst>
            <dst id="DNVRng">26.6666666666667</dst>
            <dst id="HSTNng">80</dst>
            <dst id="IPLSng">589.725333333333</dst>
            <dst id="KSCYng">157.376</dst>
            <dst id="LOSAng">86.88</dst>
            <dst id="NYCMng">0</dst>
            <dst id="SNVAng">0</dst>
            <dst id="STTLng">280.586666666667</dst>
            <dst id="WASHng">133.333333333333</dst>
        </src>
        <src id="ATLAng">
            <dst id="ATLA-M5">1313.93066666667</dst>
            <dst id="ATLAng">52063.6693333333</dst>
            <dst id="CHINng">16339.4106666667</dst>
            <dst id="DNVRng">6918.832</dst>
            <dst id="HSTNng">4643.816</dst>
            <dst id="IPLSng">13810.3573333333</dst>
            <dst id="KSCYng">1178.71733333333</dst>
            <dst id="LOSAng">15944.4346666667</dst>
            <dst id="NYCMng">4618.33333333333</dst>
            <dst id="SNVAng">545.813333333333</dst>
            <dst id="STTLng">4458.69333333333</dst>
            <dst id="WASHng">40998.8666666667</dst>
        </src>
        <src id="CHINng">
            <dst id="ATLA-M5">326.693333333333</dst>
            <dst id="ATLAng">12345.128</dst>
            <dst id="CHINng">114545.349333333</dst>
            <dst id="DNVRng">10102.8906666667</dst>
            <dst id="HSTNng">55413.3786666667</dst>
            <dst id="IPLSng">40397.104</dst>
            <dst id="KSCYng">9246.056</dst>
            <dst id="LOSAng">49991.0586666667</dst>
            <dst id="NYCMng">19696.0506666667</dst>
            <dst id="SNVAng">3685.14133333333</dst>
            <dst id="STTLng">9242.248</dst>
            <dst id="WASHng">27417.6186666667</dst>
        </src>
        <src id="DNVRng">
            <dst id="ATLA-M5">126.072</dst>
            <dst id="ATLAng">3420.8</dst>
            <dst id="CHINng">82793.096</dst>
            <dst id="DNVRng">2334.896</dst>
            <dst id="HSTNng">11181.7413333333</dst>
            <dst id="IPLSng">23182.704</dst>
            <dst id="KSCYng">8246.14133333333</dst>
            <dst id="LOSAng">3038.752</dst>
            <dst id="NYCMng">11769.0453333333</dst>
            <dst id="SNVAng">4084.25066666667</dst>
            <dst id="STTLng">10671.52</dst>
            <dst id="WASHng">35062.2293333333</dst>
        </src>
        <src id="HSTNng">
            <dst id="ATLA-M5">559.333333333333</dst>
            <dst id="ATLAng">1089.784</dst>
            <dst id="CHINng">16812.768</dst>
            <dst id="DNVRng">2127.09866666667</dst>
            <dst id="HSTNng">3659.27466666667</dst>
            <dst id="IPLSng">3208.17066666667</dst>
            <dst id="KSCYng">1497.81866666667</dst>
            <dst id="LOSAng">2662.504</dst>
            <dst id="NYCMng">3553.30133333333</dst>
            <dst id="SNVAng">576.682666666666</dst>
            <dst id="STTLng">5495.86666666667</dst>
            <dst id="WASHng">3118.05333333333</dst>
        </src>
        <src id="IPLSng">
            <dst id="ATLA-M5">639.122666666667</dst>
            <dst id="ATLAng">11813.7466666667</dst>
            <dst id="CHINng">95680.5333333334</dst>
            <dst id="DNVRng">6462.17333333333</dst>
            <dst id="HSTNng">4851.63466666667</dst>
            <dst id="IPLSng">12204.5866666667</dst>
            <dst id="KSCYng">5450.968</dst>
            <dst id="LOSAng">48246.544</dst>
            <dst id="NYCMng">31803.696</dst>
            <dst id="SNVAng">4391.84</dst>
            <dst id="STTLng">20532.2213333333</dst>
            <dst id="WASHng">29927.04</dst>
        </src>
        <src id="KSCYng">
            <dst id="ATLA-M5">158.458666666667</dst>
            <dst id="ATLAng">1313.256</dst>
            <dst id="CHINng">18719.4693333333</dst>
            <dst id="DNVRng">9332.856</dst>
            <dst id="HSTNng">3121.18933333333</dst>
            <dst id="IPLSng">8374.24</dst>
            <dst id="KSCYng">9694.98133333333</dst>
            <dst id="LOSAng">4079.02666666667</dst>
            <dst id="NYCMng">4498.95466666667</dst>
            <dst id="SNVAng">119.912</dst>
            <dst id="STTLng">4569.66933333333</dst>
            <dst id="WASHng">10366.9866666667</dst>
        </src>
        <src id="LOSAng">
            <dst id="ATLA-M5">598.306666666667</dst>
            <dst id="ATLAng">23280.3413333333</dst>
            <dst id="CHINng">92968.208</dst>
            <dst id="DNVRng">4723.12266666667</dst>
            <dst id="HSTNng">4638.29066666667</dst>
            <dst id="IPLSng">16632.192</dst>
            <dst id="KSCYng">6251.98933333333</dst>
            <dst id="LOSAng">17496.6613333333</dst>
            <dst id="NYCMng">47246.44</dst>
            <dst id="SNVAng">5707.352</dst>
            <dst id="STTLng">19603.08</dst>
            <dst id="WASHng">73221.0186666667</dst>
        </src>
        <src id="NYCMng">
            <dst id="ATLA-M5">1298.176</dst>
            <dst id="ATLAng">11442.3333333333</dst>
            <dst id="CHINng">43879.8853333333</dst>
            <dst id="DNVRng">29365.76</dst>
            <dst id="HSTNng">9151.95733333333</dst>
            <dst id="IPLSng">27651.0693333333</dst>
            <dst id="KSCYng">9634.55733333333</dst>
            <dst id="LOSAng">49515.024</dst>
            <dst id="NYCMng">127136.752</dst>
            <dst id="SNVAng">6814.024</dst>
            <dst id="STTLng">20487.4453333333</dst>
            <dst id="WASHng">67818.5626666667</dst>
        </src>
        <src id="SNVAng">
            <dst id="ATLA-M5">212.581333333333</dst>
            <dst id="ATLAng">135.96</dst>
            <dst id="CHINng">1151.18933333333</dst>
            <dst id="DNVRng">6064.66933333333</dst>
            <dst id="HSTNng">125.44</dst>
            <dst id="IPLSng">5427.88266666667</dst>
            <dst id="KSCYng">722.197333333333</dst>
            <dst id="LOSAng">29184.696</dst>
            <dst id="NYCMng">482.426666666667</dst>
            <dst id="SNVAng">12453.7333333333</dst>
            <dst id="STTLng">46098.1306666667</dst>
            <dst id="WASHng">137.226666666667</dst>
        </src>
        <src id="STTLng">
            <dst id="ATLA-M5">472.725333333333</dst>
            <dst id="ATLAng">4285.46666666667</dst>
            <dst id="CHINng">17174.7413333333</dst>
            <dst id="DNVRng">3759.12</dst>
            <dst id="HSTNng">4349.344</dst>
            <dst id="IPLSng">4641.54133333333</dst>
            <dst id="KSCYng">10473.0373333333</dst>
            <dst id="LOSAng">19468.328</dst>
            <dst id="NYCMng">6629.328</dst>
            <dst id="SNVAng">4250.712</dst>
            <dst id="STTLng">1149.68266666667</dst>
            <dst id="WASHng">10937.1013333333</dst>
        </src>
        <src id="WASHng">
            <dst id="ATLA-M5">332.848</dst>
            <dst id="ATLAng">77342.232</dst>
            <dst id="CHINng">67618.344</dst>
            <dst id="DNVRng">45126.0533333333</dst>
            <dst id="HSTNng">5000.72</dst>
            <dst id="IPLSng">53950.28</dst>
            <dst id="KSCYng">6590.584</dst>
            <dst id="LOSAng">91751.5173333333</dst>
            <dst id="NYCMng">146059.181333333</dst>
            <dst id="SNVAng">4255.568</dst>
            <dst id="STTLng">31755.6186666667</dst>
            <dst id="WASHng">192150.144</dst>
        </src>
    </IntraTM>
</TrafficMatrixFile>
