<?xml version="1.0" encoding="ISO-8859-1" standalone="yes"?>
<TrafficMatrixFile xsi:noNamespaceSchemaLocation="http://totem.run.montefiore.ulg.ac.be/Schema/TrafficMatrix-v1_2.xsd" xmlns:xsi="http://www.w3.org/2001/XMLSchema-instance">
    <IntraTM ASID="11537">
        <src id="ATLA-M5">
            <dst id="ATLA-M5">184.096</dst>
            <dst id="ATLAng">132.832</dst>
            <dst id="CHINng">817.205333333333</dst>
            <dst id="DNVRng">180.954666666667</dst>
            <dst id="HSTNng">174.533333333333</dst>
            <dst id="IPLSng">540.266666666667</dst>
            <dst id="KSCYng">81.9333333333333</dst>
            <dst id="LOSAng">206.634666666667</dst>
            <dst id="NYCMng">284.930666666667</dst>
            <dst id="SNVAng">0</dst>
            <dst id="STTLng">53.3333333333333</dst>
            <dst id="WASHng">119.208</dst>
        </src>
        <src id="ATLAng">
            <dst id="ATLA-M5">3448.99466666667</dst>
            <dst id="ATLAng">29156.3386666667</dst>
            <dst id="CHINng">28575.624</dst>
            <dst id="DNVRng">4527.75733333333</dst>
            <dst id="HSTNng">5785.42133333333</dst>
            <dst id="IPLSng">25841.56</dst>
            <dst id="KSCYng">3263.41333333333</dst>
            <dst id="LOSAng">21166.98</dst>
            <dst id="NYCMng">9544.744</dst>
            <dst id="SNVAng">1558.81466666667</dst>
            <dst id="STTLng">5322.344</dst>
            <dst id="WASHng">47972.608</dst>
        </src>
        <src id="CHINng">
            <dst id="ATLA-M5">1043.432</dst>
            <dst id="ATLAng">30837.4773333333</dst>
            <dst id="CHINng">78092.424</dst>
            <dst id="DNVRng">22762.4746666667</dst>
            <dst id="HSTNng">47041.888</dst>
            <dst id="IPLSng">59323.536</dst>
            <dst id="KSCYng">30439.592</dst>
            <dst id="LOSAng">71992.7013333333</dst>
            <dst id="NYCMng">27965.44</dst>
            <dst id="SNVAng">7037.22666666667</dst>
            <dst id="STTLng">14268.416</dst>
            <dst id="WASHng">33569.6426666667</dst>
        </src>
        <src id="DNVRng">
            <dst id="ATLA-M5">702.909333333333</dst>
            <dst id="ATLAng">5667.36266666667</dst>
            <dst id="CHINng">60195.4053333333</dst>
            <dst id="DNVRng">11836.5226666667</dst>
            <dst id="HSTNng">14108.4213333333</dst>
            <dst id="IPLSng">27516.48</dst>
            <dst id="KSCYng">21873.5626666667</dst>
            <dst id="LOSAng">4400.712</dst>
            <dst id="NYCMng">20921.04</dst>
            <dst id="SNVAng">10879.456</dst>
            <dst id="STTLng">9427.09333333333</dst>
            <dst id="WASHng">50847.848</dst>
        </src>
        <src id="HSTNng">
            <dst id="ATLA-M5">507.904</dst>
            <dst id="ATLAng">3637.63466666667</dst>
            <dst id="CHINng">16931.784</dst>
            <dst id="DNVRng">3720.928</dst>
            <dst id="HSTNng">5249.856</dst>
            <dst id="IPLSng">8978.47466666667</dst>
            <dst id="KSCYng">5918.84266666667</dst>
            <dst id="LOSAng">12246.136</dst>
            <dst id="NYCMng">4218.984</dst>
            <dst id="SNVAng">900.914666666667</dst>
            <dst id="STTLng">2725.62933333333</dst>
            <dst id="WASHng">5882.29066666667</dst>
        </src>
        <src id="IPLSng">
            <dst id="ATLA-M5">601.088</dst>
            <dst id="ATLAng">33875.9413333333</dst>
            <dst id="CHINng">97022.312</dst>
            <dst id="DNVRng">22822.432</dst>
            <dst id="HSTNng">4486.41866666667</dst>
            <dst id="IPLSng">30089.8986666667</dst>
            <dst id="KSCYng">11566.6853333333</dst>
            <dst id="LOSAng">49294.5226666667</dst>
            <dst id="NYCMng">50682.272</dst>
            <dst id="SNVAng">2180.16266666667</dst>
            <dst id="STTLng">8153.088</dst>
            <dst id="WASHng">39829.4693333333</dst>
        </src>
        <src id="KSCYng">
            <dst id="ATLA-M5">59.672</dst>
            <dst id="ATLAng">2587.61333333333</dst>
            <dst id="CHINng">26159.2746666667</dst>
            <dst id="DNVRng">21678.5226666667</dst>
            <dst id="HSTNng">3522.31466666667</dst>
            <dst id="IPLSng">13650.2426666667</dst>
            <dst id="KSCYng">6840.872</dst>
            <dst id="LOSAng">6070.76533333333</dst>
            <dst id="NYCMng">6984.39466666667</dst>
            <dst id="SNVAng">472.429333333333</dst>
            <dst id="STTLng">3225.32</dst>
            <dst id="WASHng">16657.3893333333</dst>
        </src>
        <src id="LOSAng">
            <dst id="ATLA-M5">1676.04533333333</dst>
            <dst id="ATLAng">15821.576</dst>
            <dst id="CHINng">93721.6933333333</dst>
            <dst id="DNVRng">21035.368</dst>
            <dst id="HSTNng">18492.712</dst>
            <dst id="IPLSng">70472.1013333333</dst>
            <dst id="KSCYng">16164.096</dst>
            <dst id="LOSAng">17627.288</dst>
            <dst id="NYCMng">72635.08</dst>
            <dst id="SNVAng">6650.256</dst>
            <dst id="STTLng">25401.7146666667</dst>
            <dst id="WASHng">126035.576</dst>
        </src>
        <src id="NYCMng">
            <dst id="ATLA-M5">684.362666666667</dst>
            <dst id="ATLAng">31618.168</dst>
            <dst id="CHINng">59484.904</dst>
            <dst id="DNVRng">41887.8266666667</dst>
            <dst id="HSTNng">20138.9493333333</dst>
            <dst id="IPLSng">52244.7706666667</dst>
            <dst id="KSCYng">19816.648</dst>
            <dst id="LOSAng">60207.7946666667</dst>
            <dst id="NYCMng">163277.877333333</dst>
            <dst id="SNVAng">7375.744</dst>
            <dst id="STTLng">21571.296</dst>
            <dst id="WASHng">119474.674666667</dst>
        </src>
        <src id="SNVAng">
            <dst id="ATLA-M5">0</dst>
            <dst id="ATLAng">81.4586666666667</dst>
            <dst id="CHINng">2183.08533333333</dst>
            <dst id="DNVRng">4255.01866666667</dst>
            <dst id="HSTNng">444.8</dst>
            <dst id="IPLSng">6162.46933333333</dst>
            <dst id="KSCYng">125.445333333333</dst>
            <dst id="LOSAng">55475.696</dst>
            <dst id="NYCMng">9559.74133333333</dst>
            <dst id="SNVAng">16718.1786666667</dst>
            <dst id="STTLng">64532.504</dst>
            <dst id="WASHng">1075.032</dst>
        </src>
        <src id="STTLng">
            <dst id="ATLA-M5">463.557333333333</dst>
            <dst id="ATLAng">10241.6266666667</dst>
            <dst id="CHINng">11471.0906666667</dst>
            <dst id="DNVRng">3041.28533333333</dst>
            <dst id="HSTNng">7952.60266666667</dst>
            <dst id="IPLSng">8924.992</dst>
            <dst id="KSCYng">3821.83466666667</dst>
            <dst id="LOSAng">20803.8666666667</dst>
            <dst id="NYCMng">6803.52</dst>
            <dst id="SNVAng">4059.736</dst>
            <dst id="STTLng">5018.304</dst>
            <dst id="WASHng">10135.7893333333</dst>
        </src>
        <src id="WASHng">
            <dst id="ATLA-M5">2658.26666666667</dst>
            <dst id="ATLAng">75549.312</dst>
            <dst id="CHINng">69183.984</dst>
            <dst id="DNVRng">50534.5493333333</dst>
            <dst id="HSTNng">31311.9546666667</dst>
            <dst id="IPLSng">66689.4746666667</dst>
            <dst id="KSCYng">24143.624</dst>
            <dst id="LOSAng">129414.032</dst>
            <dst id="NYCMng">148779.056</dst>
            <dst id="SNVAng">2731.44266666667</dst>
            <dst id="STTLng">32274.0933333333</dst>
            <dst id="WASHng">296083.893333333</dst>
        </src>
    </IntraTM>
</TrafficMatrixFile>
