<?xml version="1.0" encoding="ISO-8859-1" standalone="yes"?>
<TrafficMatrixFile xsi:noNamespaceSchemaLocation="http://totem.run.montefiore.ulg.ac.be/Schema/TrafficMatrix-v1_2.xsd" xmlns:xsi="http://www.w3.org/2001/XMLSchema-instance">
    <IntraTM ASID="11537">
        <src id="ATLA-M5">
            <dst id="ATLA-M5">0</dst>
            <dst id="ATLAng">53.5893333333333</dst>
            <dst id="CHINng">476.541333333333</dst>
            <dst id="DNVRng">164.549333333333</dst>
            <dst id="HSTNng">170.125333333333</dst>
            <dst id="IPLSng">931.954666666667</dst>
            <dst id="KSCYng">53.3333333333333</dst>
            <dst id="LOSAng">236.557333333333</dst>
            <dst id="NYCMng">556.512</dst>
            <dst id="SNVAng">221.4</dst>
            <dst id="STTLng">80</dst>
            <dst id="WASHng">1165.96</dst>
        </src>
        <src id="ATLAng">
            <dst id="ATLA-M5">2810.40533333333</dst>
            <dst id="ATLAng">29370.544</dst>
            <dst id="CHINng">21830.208</dst>
            <dst id="DNVRng">6151.23733333333</dst>
            <dst id="HSTNng">2879.41333333333</dst>
            <dst id="IPLSng">18746.8746666667</dst>
            <dst id="KSCYng">2389.62133333333</dst>
            <dst id="LOSAng">23039.4853333333</dst>
            <dst id="NYCMng">13299.4373333333</dst>
            <dst id="SNVAng">394.853333333333</dst>
            <dst id="STTLng">4878.83466666667</dst>
            <dst id="WASHng">42803.312</dst>
        </src>
        <src id="CHINng">
            <dst id="ATLA-M5">2146.62133333333</dst>
            <dst id="ATLAng">18774.744</dst>
            <dst id="CHINng">81900.8346666666</dst>
            <dst id="DNVRng">18045.8746666667</dst>
            <dst id="HSTNng">43985.5653333333</dst>
            <dst id="IPLSng">67647.5333333334</dst>
            <dst id="KSCYng">13830.6586666667</dst>
            <dst id="LOSAng">2031756</dst>
            <dst id="NYCMng">22961.704</dst>
            <dst id="SNVAng">4192.11466666667</dst>
            <dst id="STTLng">8115.976</dst>
            <dst id="WASHng">29003.6133333333</dst>
        </src>
        <src id="DNVRng">
            <dst id="ATLA-M5">647.754666666666</dst>
            <dst id="ATLAng">6061.58666666667</dst>
            <dst id="CHINng">59619.9093333334</dst>
            <dst id="DNVRng">23027.984</dst>
            <dst id="HSTNng">16605.4906666667</dst>
            <dst id="IPLSng">30783.4613333333</dst>
            <dst id="KSCYng">21558.784</dst>
            <dst id="LOSAng">8664.88533333333</dst>
            <dst id="NYCMng">13879.1893333333</dst>
            <dst id="SNVAng">10987.912</dst>
            <dst id="STTLng">10139.096</dst>
            <dst id="WASHng">47709.0053333333</dst>
        </src>
        <src id="HSTNng">
            <dst id="ATLA-M5">525.061333333333</dst>
            <dst id="ATLAng">2389.48</dst>
            <dst id="CHINng">16263.68</dst>
            <dst id="DNVRng">5372.64533333333</dst>
            <dst id="HSTNng">7591.56</dst>
            <dst id="IPLSng">10208.448</dst>
            <dst id="KSCYng">2899.024</dst>
            <dst id="LOSAng">8778.30666666667</dst>
            <dst id="NYCMng">6349.13866666667</dst>
            <dst id="SNVAng">1462.11466666667</dst>
            <dst id="STTLng">2286.96533333333</dst>
            <dst id="WASHng">8890.44266666667</dst>
        </src>
        <src id="IPLSng">
            <dst id="ATLA-M5">2047.21333333333</dst>
            <dst id="ATLAng">22472.848</dst>
            <dst id="CHINng">122098.557333333</dst>
            <dst id="DNVRng">19836.288</dst>
            <dst id="HSTNng">6364.18666666667</dst>
            <dst id="IPLSng">19157.04</dst>
            <dst id="KSCYng">7391.42933333333</dst>
            <dst id="LOSAng">64998.936</dst>
            <dst id="NYCMng">53082.5786666667</dst>
            <dst id="SNVAng">4711.36</dst>
            <dst id="STTLng">11468.96</dst>
            <dst id="WASHng">41912.4373333333</dst>
        </src>
        <src id="KSCYng">
            <dst id="ATLA-M5">207.258666666667</dst>
            <dst id="ATLAng">2289.89866666667</dst>
            <dst id="CHINng">22464.304</dst>
            <dst id="DNVRng">8421.58133333333</dst>
            <dst id="HSTNng">4845.336</dst>
            <dst id="IPLSng">19632.3573333333</dst>
            <dst id="KSCYng">12337.072</dst>
            <dst id="LOSAng">4845.072</dst>
            <dst id="NYCMng">8761.77333333333</dst>
            <dst id="SNVAng">1593.26666666667</dst>
            <dst id="STTLng">2323.544</dst>
            <dst id="WASHng">15105.728</dst>
        </src>
        <src id="LOSAng">
            <dst id="ATLA-M5">1540.864</dst>
            <dst id="ATLAng">22450.1413333333</dst>
            <dst id="CHINng">1074249.38666667</dst>
            <dst id="DNVRng">15782.1013333333</dst>
            <dst id="HSTNng">31909.5493333333</dst>
            <dst id="IPLSng">37827.6773333333</dst>
            <dst id="KSCYng">11948.7333333333</dst>
            <dst id="LOSAng">12469.16</dst>
            <dst id="NYCMng">80107.0533333334</dst>
            <dst id="SNVAng">12649.928</dst>
            <dst id="STTLng">21375.4906666667</dst>
            <dst id="WASHng">90912.84</dst>
        </src>
        <src id="NYCMng">
            <dst id="ATLA-M5">2309.552</dst>
            <dst id="ATLAng">32027.4533333333</dst>
            <dst id="CHINng">46324.1146666667</dst>
            <dst id="DNVRng">35035.3893333333</dst>
            <dst id="HSTNng">20589.304</dst>
            <dst id="IPLSng">72338.4613333333</dst>
            <dst id="KSCYng">21082.5066666667</dst>
            <dst id="LOSAng">78930.6133333333</dst>
            <dst id="NYCMng">197821.162666667</dst>
            <dst id="SNVAng">4298.648</dst>
            <dst id="STTLng">21623.0853333333</dst>
            <dst id="WASHng">150817.674666667</dst>
        </src>
        <src id="SNVAng">
            <dst id="ATLA-M5">277.445333333333</dst>
            <dst id="ATLAng">247.709333333333</dst>
            <dst id="CHINng">1406.14933333333</dst>
            <dst id="DNVRng">14005.4693333333</dst>
            <dst id="HSTNng">367.613333333333</dst>
            <dst id="IPLSng">1273.49066666667</dst>
            <dst id="KSCYng">964.338666666667</dst>
            <dst id="LOSAng">35634.3973333333</dst>
            <dst id="NYCMng">1830.816</dst>
            <dst id="SNVAng">18366.256</dst>
            <dst id="STTLng">55270.4613333333</dst>
            <dst id="WASHng">421.704</dst>
        </src>
        <src id="STTLng">
            <dst id="ATLA-M5">203.613333333333</dst>
            <dst id="ATLAng">7212</dst>
            <dst id="CHINng">9665.544</dst>
            <dst id="DNVRng">20472.9066666667</dst>
            <dst id="HSTNng">9667.408</dst>
            <dst id="IPLSng">9133.56</dst>
            <dst id="KSCYng">6118.52533333333</dst>
            <dst id="LOSAng">22340.5786666667</dst>
            <dst id="NYCMng">10596.304</dst>
            <dst id="SNVAng">5119.54666666667</dst>
            <dst id="STTLng">6852.61066666667</dst>
            <dst id="WASHng">15365.6</dst>
        </src>
        <src id="WASHng">
            <dst id="ATLA-M5">2392.36533333333</dst>
            <dst id="ATLAng">89615.6666666667</dst>
            <dst id="CHINng">74603.4586666667</dst>
            <dst id="DNVRng">55150.4613333333</dst>
            <dst id="HSTNng">49636.3386666667</dst>
            <dst id="IPLSng">48649.5786666667</dst>
            <dst id="KSCYng">14070.3733333333</dst>
            <dst id="LOSAng">108547.629333333</dst>
            <dst id="NYCMng">190879.944</dst>
            <dst id="SNVAng">5784.56</dst>
            <dst id="STTLng">24513.512</dst>
            <dst id="WASHng">253657.093333333</dst>
        </src>
    </IntraTM>
</TrafficMatrixFile>
