<?xml version="1.0" encoding="ISO-8859-1" standalone="yes"?>
<TrafficMatrixFile xsi:noNamespaceSchemaLocation="http://totem.run.montefiore.ulg.ac.be/Schema/TrafficMatrix-v1_2.xsd" xmlns:xsi="http://www.w3.org/2001/XMLSchema-instance">
    <IntraTM ASID="11537">
        <src id="ATLA-M5">
            <dst id="ATLA-M5">7954.6</dst>
            <dst id="ATLAng">287.733333333333</dst>
            <dst id="CHINng">1245.05333333333</dst>
            <dst id="DNVRng">26.6666666666667</dst>
            <dst id="HSTNng">235.928</dst>
            <dst id="IPLSng">243.765333333333</dst>
            <dst id="KSCYng">297.6</dst>
            <dst id="LOSAng">502.216</dst>
            <dst id="NYCMng">135.354666666667</dst>
            <dst id="SNVAng">38.5706666666667</dst>
            <dst id="STTLng">133.333333333333</dst>
            <dst id="WASHng">5893.944</dst>
        </src>
        <src id="ATLAng">
            <dst id="ATLA-M5">93.336</dst>
            <dst id="ATLAng">28008.4986666667</dst>
            <dst id="CHINng">15947.5893333333</dst>
            <dst id="DNVRng">5404.896</dst>
            <dst id="HSTNng">1487.16</dst>
            <dst id="IPLSng">16537.6853333333</dst>
            <dst id="KSCYng">1831.12533333333</dst>
            <dst id="LOSAng">27809.3466666667</dst>
            <dst id="NYCMng">10223.3226666667</dst>
            <dst id="SNVAng">4552.49333333333</dst>
            <dst id="STTLng">4923.48</dst>
            <dst id="WASHng">40765.3573333333</dst>
        </src>
        <src id="CHINng">
            <dst id="ATLA-M5">572.336</dst>
            <dst id="ATLAng">19313.3813333333</dst>
            <dst id="CHINng">113523.24</dst>
            <dst id="DNVRng">17459.608</dst>
            <dst id="HSTNng">49029.7706666667</dst>
            <dst id="IPLSng">48599.3466666667</dst>
            <dst id="KSCYng">16641.528</dst>
            <dst id="LOSAng">38994.056</dst>
            <dst id="NYCMng">21187.7253333333</dst>
            <dst id="SNVAng">1977.01866666667</dst>
            <dst id="STTLng">13316.3893333333</dst>
            <dst id="WASHng">40510.1733333333</dst>
        </src>
        <src id="DNVRng">
            <dst id="ATLA-M5">379.408</dst>
            <dst id="ATLAng">6188.81066666667</dst>
            <dst id="CHINng">62854.28</dst>
            <dst id="DNVRng">20772.7546666667</dst>
            <dst id="HSTNng">13542.3573333333</dst>
            <dst id="IPLSng">29148.328</dst>
            <dst id="KSCYng">21241.256</dst>
            <dst id="LOSAng">9902.528</dst>
            <dst id="NYCMng">30275.848</dst>
            <dst id="SNVAng">12585.7653333333</dst>
            <dst id="STTLng">17535.92</dst>
            <dst id="WASHng">47912.1493333333</dst>
        </src>
        <src id="HSTNng">
            <dst id="ATLA-M5">4716.33866666667</dst>
            <dst id="ATLAng">2394.22133333333</dst>
            <dst id="CHINng">16132.9413333333</dst>
            <dst id="DNVRng">1539.45066666667</dst>
            <dst id="HSTNng">5723.664</dst>
            <dst id="IPLSng">2666.67466666667</dst>
            <dst id="KSCYng">2832.06933333333</dst>
            <dst id="LOSAng">3525.50666666667</dst>
            <dst id="NYCMng">5381.25066666667</dst>
            <dst id="SNVAng">534.325333333333</dst>
            <dst id="STTLng">1023.312</dst>
            <dst id="WASHng">8651.59733333333</dst>
        </src>
        <src id="IPLSng">
            <dst id="ATLA-M5">203.4</dst>
            <dst id="ATLAng">14352.8746666667</dst>
            <dst id="CHINng">120612.074666667</dst>
            <dst id="DNVRng">21251.704</dst>
            <dst id="HSTNng">3845.48</dst>
            <dst id="IPLSng">28513.9253333333</dst>
            <dst id="KSCYng">8241.26933333333</dst>
            <dst id="LOSAng">31941.8693333333</dst>
            <dst id="NYCMng">40531.9466666667</dst>
            <dst id="SNVAng">1223.04266666667</dst>
            <dst id="STTLng">11234.6666666667</dst>
            <dst id="WASHng">46973.2693333333</dst>
        </src>
        <src id="KSCYng">
            <dst id="ATLA-M5">431.712</dst>
            <dst id="ATLAng">2751.61066666667</dst>
            <dst id="CHINng">26403.3946666667</dst>
            <dst id="DNVRng">15388.8266666667</dst>
            <dst id="HSTNng">2986.784</dst>
            <dst id="IPLSng">21739.2186666667</dst>
            <dst id="KSCYng">8327.95466666667</dst>
            <dst id="LOSAng">6274.176</dst>
            <dst id="NYCMng">11431.424</dst>
            <dst id="SNVAng">320.6</dst>
            <dst id="STTLng">1831.76266666667</dst>
            <dst id="WASHng">16847.7306666667</dst>
        </src>
        <src id="LOSAng">
            <dst id="ATLA-M5">2189.34666666667</dst>
            <dst id="ATLAng">22251.1173333333</dst>
            <dst id="CHINng">1102900</dst>
            <dst id="DNVRng">9390.456</dst>
            <dst id="HSTNng">9113.512</dst>
            <dst id="IPLSng">49959.7493333333</dst>
            <dst id="KSCYng">12527.712</dst>
            <dst id="LOSAng">14216.888</dst>
            <dst id="NYCMng">74180.896</dst>
            <dst id="SNVAng">8407.536</dst>
            <dst id="STTLng">20751.2906666667</dst>
            <dst id="WASHng">142232.770666667</dst>
        </src>
        <src id="NYCMng">
            <dst id="ATLA-M5">4394.20533333333</dst>
            <dst id="ATLAng">29802.392</dst>
            <dst id="CHINng">56782.2613333334</dst>
            <dst id="DNVRng">35845.3066666667</dst>
            <dst id="HSTNng">11105.7253333333</dst>
            <dst id="IPLSng">67690.1733333333</dst>
            <dst id="KSCYng">19591.6933333333</dst>
            <dst id="LOSAng">38226.4986666667</dst>
            <dst id="NYCMng">221470.808</dst>
            <dst id="SNVAng">4260.81333333333</dst>
            <dst id="STTLng">18805.072</dst>
            <dst id="WASHng">135171.448</dst>
        </src>
        <src id="SNVAng">
            <dst id="ATLA-M5">0</dst>
            <dst id="ATLAng">436.917333333333</dst>
            <dst id="CHINng">1046.58933333333</dst>
            <dst id="DNVRng">13110.3253333333</dst>
            <dst id="HSTNng">410.722666666667</dst>
            <dst id="IPLSng">688.181333333333</dst>
            <dst id="KSCYng">108.018666666667</dst>
            <dst id="LOSAng">35438.72</dst>
            <dst id="NYCMng">990.261333333333</dst>
            <dst id="SNVAng">14999.9493333333</dst>
            <dst id="STTLng">50348.7973333333</dst>
            <dst id="WASHng">1105.71466666667</dst>
        </src>
        <src id="STTLng">
            <dst id="ATLA-M5">145.709333333333</dst>
            <dst id="ATLAng">6949.35733333333</dst>
            <dst id="CHINng">13649.3706666667</dst>
            <dst id="DNVRng">2582.10666666667</dst>
            <dst id="HSTNng">10420.52</dst>
            <dst id="IPLSng">5263.41333333333</dst>
            <dst id="KSCYng">5005.10666666667</dst>
            <dst id="LOSAng">17684.6613333333</dst>
            <dst id="NYCMng">11237.7466666667</dst>
            <dst id="SNVAng">4814.47466666667</dst>
            <dst id="STTLng">6271.66933333334</dst>
            <dst id="WASHng">7249.13333333333</dst>
        </src>
        <src id="WASHng">
            <dst id="ATLA-M5">1490.84533333333</dst>
            <dst id="ATLAng">183636.922666667</dst>
            <dst id="CHINng">89106.5733333333</dst>
            <dst id="DNVRng">47107.7893333333</dst>
            <dst id="HSTNng">17267.168</dst>
            <dst id="IPLSng">96525.2133333334</dst>
            <dst id="KSCYng">25051.9626666667</dst>
            <dst id="LOSAng">121562.754666667</dst>
            <dst id="NYCMng">150749.08</dst>
            <dst id="SNVAng">1200.66133333333</dst>
            <dst id="STTLng">30558.3386666667</dst>
            <dst id="WASHng">391519.866666667</dst>
        </src>
    </IntraTM>
</TrafficMatrixFile>
