<?xml version="1.0" encoding="ISO-8859-1" standalone="yes"?>
<TrafficMatrixFile xsi:noNamespaceSchemaLocation="http://totem.run.montefiore.ulg.ac.be/Schema/TrafficMatrix-v1_2.xsd" xmlns:xsi="http://www.w3.org/2001/XMLSchema-instance">
    <IntraTM ASID="11537">
        <src id="ATLA-M5">
            <dst id="ATLA-M5">55.136</dst>
            <dst id="ATLAng">92.0133333333333</dst>
            <dst id="CHINng">901.277333333333</dst>
            <dst id="DNVRng">1257.96</dst>
            <dst id="HSTNng">144.512</dst>
            <dst id="IPLSng">1987.49066666667</dst>
            <dst id="KSCYng">236.066666666667</dst>
            <dst id="LOSAng">637.424</dst>
            <dst id="NYCMng">308.168</dst>
            <dst id="SNVAng">27.712</dst>
            <dst id="STTLng">60.9493333333333</dst>
            <dst id="WASHng">1571.15733333333</dst>
        </src>
        <src id="ATLAng">
            <dst id="ATLA-M5">393.525333333333</dst>
            <dst id="ATLAng">24083.176</dst>
            <dst id="CHINng">28507.88</dst>
            <dst id="DNVRng">5450.76533333333</dst>
            <dst id="HSTNng">2468.728</dst>
            <dst id="IPLSng">26379.7226666667</dst>
            <dst id="KSCYng">6108.86933333333</dst>
            <dst id="LOSAng">21331.224</dst>
            <dst id="NYCMng">10020.9626666667</dst>
            <dst id="SNVAng">940.349333333333</dst>
            <dst id="STTLng">7190.18133333333</dst>
            <dst id="WASHng">112328.272</dst>
        </src>
        <src id="CHINng">
            <dst id="ATLA-M5">1404.67733333333</dst>
            <dst id="ATLAng">42827.7866666667</dst>
            <dst id="CHINng">101701.986666667</dst>
            <dst id="DNVRng">23183.6293333333</dst>
            <dst id="HSTNng">46602.5093333333</dst>
            <dst id="IPLSng">53994.416</dst>
            <dst id="KSCYng">14673.112</dst>
            <dst id="LOSAng">83540.568</dst>
            <dst id="NYCMng">25286.24</dst>
            <dst id="SNVAng">2622.80266666667</dst>
            <dst id="STTLng">10697.7866666667</dst>
            <dst id="WASHng">36450.3893333333</dst>
        </src>
        <src id="DNVRng">
            <dst id="ATLA-M5">548.573333333333</dst>
            <dst id="ATLAng">5437.68266666667</dst>
            <dst id="CHINng">69782.648</dst>
            <dst id="DNVRng">11930.496</dst>
            <dst id="HSTNng">16269.0693333333</dst>
            <dst id="IPLSng">26606.5173333333</dst>
            <dst id="KSCYng">15652.2506666667</dst>
            <dst id="LOSAng">10337.0053333333</dst>
            <dst id="NYCMng">15331.584</dst>
            <dst id="SNVAng">10114.8986666667</dst>
            <dst id="STTLng">9569.512</dst>
            <dst id="WASHng">58757.504</dst>
        </src>
        <src id="HSTNng">
            <dst id="ATLA-M5">742.792</dst>
            <dst id="ATLAng">5956.02933333333</dst>
            <dst id="CHINng">23491.8986666667</dst>
            <dst id="DNVRng">3412.888</dst>
            <dst id="HSTNng">7978.85866666667</dst>
            <dst id="IPLSng">5653.52</dst>
            <dst id="KSCYng">5305.968</dst>
            <dst id="LOSAng">7610.11466666667</dst>
            <dst id="NYCMng">7512.16</dst>
            <dst id="SNVAng">963.474666666667</dst>
            <dst id="STTLng">3477.53066666667</dst>
            <dst id="WASHng">8194.21333333333</dst>
        </src>
        <src id="IPLSng">
            <dst id="ATLA-M5">1774.05333333333</dst>
            <dst id="ATLAng">37279.568</dst>
            <dst id="CHINng">114585.384</dst>
            <dst id="DNVRng">10211.824</dst>
            <dst id="HSTNng">6416.80266666667</dst>
            <dst id="IPLSng">20340.328</dst>
            <dst id="KSCYng">7539.41866666667</dst>
            <dst id="LOSAng">47452.16</dst>
            <dst id="NYCMng">64287.9733333333</dst>
            <dst id="SNVAng">1754.55733333333</dst>
            <dst id="STTLng">11659.0986666667</dst>
            <dst id="WASHng">47165.0186666667</dst>
        </src>
        <src id="KSCYng">
            <dst id="ATLA-M5">189.090666666667</dst>
            <dst id="ATLAng">4782.27733333333</dst>
            <dst id="CHINng">31575.0453333333</dst>
            <dst id="DNVRng">22521.864</dst>
            <dst id="HSTNng">4953.61866666667</dst>
            <dst id="IPLSng">19471.9493333333</dst>
            <dst id="KSCYng">12108.704</dst>
            <dst id="LOSAng">8954.01866666667</dst>
            <dst id="NYCMng">7677.40266666667</dst>
            <dst id="SNVAng">892.778666666667</dst>
            <dst id="STTLng">4311.24266666667</dst>
            <dst id="WASHng">19347.4826666667</dst>
        </src>
        <src id="LOSAng">
            <dst id="ATLA-M5">895.018666666667</dst>
            <dst id="ATLAng">28174.2346666667</dst>
            <dst id="CHINng">90672.088</dst>
            <dst id="DNVRng">13228.1573333333</dst>
            <dst id="HSTNng">7988.05866666667</dst>
            <dst id="IPLSng">51371.7093333333</dst>
            <dst id="KSCYng">13353.4426666667</dst>
            <dst id="LOSAng">15502.368</dst>
            <dst id="NYCMng">74555.272</dst>
            <dst id="SNVAng">10353.3066666667</dst>
            <dst id="STTLng">27089.224</dst>
            <dst id="WASHng">111247.013333333</dst>
        </src>
        <src id="NYCMng">
            <dst id="ATLA-M5">4020.03733333333</dst>
            <dst id="ATLAng">38947.7653333333</dst>
            <dst id="CHINng">67517.4</dst>
            <dst id="DNVRng">37552.1413333333</dst>
            <dst id="HSTNng">21700.776</dst>
            <dst id="IPLSng">59119.6186666667</dst>
            <dst id="KSCYng">23590.3493333333</dst>
            <dst id="LOSAng">79069.4826666666</dst>
            <dst id="NYCMng">188040.722666667</dst>
            <dst id="SNVAng">3137.352</dst>
            <dst id="STTLng">22399.6586666667</dst>
            <dst id="WASHng">132581.018666667</dst>
        </src>
        <src id="SNVAng">
            <dst id="ATLA-M5">118.698666666667</dst>
            <dst id="ATLAng">181.928</dst>
            <dst id="CHINng">1639.12</dst>
            <dst id="DNVRng">9881.98133333333</dst>
            <dst id="HSTNng">241.088</dst>
            <dst id="IPLSng">2824.96</dst>
            <dst id="KSCYng">234.432</dst>
            <dst id="LOSAng">57553.4293333333</dst>
            <dst id="NYCMng">1045.72533333333</dst>
            <dst id="SNVAng">23380.9493333333</dst>
            <dst id="STTLng">59669.0906666667</dst>
            <dst id="WASHng">1390.52533333333</dst>
        </src>
        <src id="STTLng">
            <dst id="ATLA-M5">296.168</dst>
            <dst id="ATLAng">9259.936</dst>
            <dst id="CHINng">13490.072</dst>
            <dst id="DNVRng">3355.6</dst>
            <dst id="HSTNng">6721.61066666667</dst>
            <dst id="IPLSng">10491.7573333333</dst>
            <dst id="KSCYng">3378.39466666667</dst>
            <dst id="LOSAng">43651.176</dst>
            <dst id="NYCMng">5205.89866666667</dst>
            <dst id="SNVAng">4422.53866666667</dst>
            <dst id="STTLng">3922.00266666667</dst>
            <dst id="WASHng">9959.36266666667</dst>
        </src>
        <src id="WASHng">
            <dst id="ATLA-M5">3051.352</dst>
            <dst id="ATLAng">132086.922666667</dst>
            <dst id="CHINng">86225.392</dst>
            <dst id="DNVRng">45397.3573333333</dst>
            <dst id="HSTNng">30170.5546666667</dst>
            <dst id="IPLSng">57805.1706666667</dst>
            <dst id="KSCYng">33880.9573333333</dst>
            <dst id="LOSAng">139268.4</dst>
            <dst id="NYCMng">200520.333333333</dst>
            <dst id="SNVAng">6747.46666666667</dst>
            <dst id="STTLng">26317.4666666667</dst>
            <dst id="WASHng">225046.914666667</dst>
        </src>
    </IntraTM>
</TrafficMatrixFile>
