<?xml version="1.0" encoding="ISO-8859-1" standalone="yes"?>
<TrafficMatrixFile xsi:noNamespaceSchemaLocation="http://totem.run.montefiore.ulg.ac.be/Schema/TrafficMatrix-v1_2.xsd" xmlns:xsi="http://www.w3.org/2001/XMLSchema-instance">
    <IntraTM ASID="11537">
        <src id="ATLA-M5">
            <dst id="ATLA-M5">26.6666666666667</dst>
            <dst id="ATLAng">239.213333333333</dst>
            <dst id="CHINng">709.101333333333</dst>
            <dst id="DNVRng">166.048</dst>
            <dst id="HSTNng">126.738666666667</dst>
            <dst id="IPLSng">410.64</dst>
            <dst id="KSCYng">53.3333333333333</dst>
            <dst id="LOSAng">88.2053333333333</dst>
            <dst id="NYCMng">133.333333333333</dst>
            <dst id="SNVAng">26.6666666666667</dst>
            <dst id="STTLng">55.5946666666667</dst>
            <dst id="WASHng">993.941333333333</dst>
        </src>
        <src id="ATLAng">
            <dst id="ATLA-M5">3195.24266666667</dst>
            <dst id="ATLAng">22264.7546666667</dst>
            <dst id="CHINng">25781.4373333333</dst>
            <dst id="DNVRng">4000.06133333333</dst>
            <dst id="HSTNng">4217.14666666667</dst>
            <dst id="IPLSng">23428.136</dst>
            <dst id="KSCYng">4345.97066666667</dst>
            <dst id="LOSAng">26456.948</dst>
            <dst id="NYCMng">11426.2266666667</dst>
            <dst id="SNVAng">688.822666666667</dst>
            <dst id="STTLng">4933.952</dst>
            <dst id="WASHng">43490.1013333333</dst>
        </src>
        <src id="CHINng">
            <dst id="ATLA-M5">1026.152</dst>
            <dst id="ATLAng">31491.9653333333</dst>
            <dst id="CHINng">81404.336</dst>
            <dst id="DNVRng">25275.4906666667</dst>
            <dst id="HSTNng">44747.48</dst>
            <dst id="IPLSng">54211.944</dst>
            <dst id="KSCYng">25957.536</dst>
            <dst id="LOSAng">68149.0853333333</dst>
            <dst id="NYCMng">37346.3706666667</dst>
            <dst id="SNVAng">7402.37333333333</dst>
            <dst id="STTLng">11844.5493333333</dst>
            <dst id="WASHng">30854.328</dst>
        </src>
        <src id="DNVRng">
            <dst id="ATLA-M5">364.541333333333</dst>
            <dst id="ATLAng">4418.44266666667</dst>
            <dst id="CHINng">65306.648</dst>
            <dst id="DNVRng">5223.57066666667</dst>
            <dst id="HSTNng">12888.8693333333</dst>
            <dst id="IPLSng">28232.2346666667</dst>
            <dst id="KSCYng">9806.584</dst>
            <dst id="LOSAng">4772.01866666667</dst>
            <dst id="NYCMng">22144.9226666667</dst>
            <dst id="SNVAng">7457.78933333333</dst>
            <dst id="STTLng">6406.992</dst>
            <dst id="WASHng">54253.7226666667</dst>
        </src>
        <src id="HSTNng">
            <dst id="ATLA-M5">673.669333333333</dst>
            <dst id="ATLAng">2399.632</dst>
            <dst id="CHINng">16032.48</dst>
            <dst id="DNVRng">4264.6</dst>
            <dst id="HSTNng">5824.84266666667</dst>
            <dst id="IPLSng">7345.93333333334</dst>
            <dst id="KSCYng">6161.69333333333</dst>
            <dst id="LOSAng">11552.4933333333</dst>
            <dst id="NYCMng">6198.09333333333</dst>
            <dst id="SNVAng">852.072</dst>
            <dst id="STTLng">1863.82666666667</dst>
            <dst id="WASHng">5548.21333333333</dst>
        </src>
        <src id="IPLSng">
            <dst id="ATLA-M5">497.858666666667</dst>
            <dst id="ATLAng">33131.3493333333</dst>
            <dst id="CHINng">106035.898666667</dst>
            <dst id="DNVRng">21225.368</dst>
            <dst id="HSTNng">5632.58666666667</dst>
            <dst id="IPLSng">25243.52</dst>
            <dst id="KSCYng">12434.9386666667</dst>
            <dst id="LOSAng">44056.4826666667</dst>
            <dst id="NYCMng">54899.0453333333</dst>
            <dst id="SNVAng">2082.42666666667</dst>
            <dst id="STTLng">8531.224</dst>
            <dst id="WASHng">36577.4186666667</dst>
        </src>
        <src id="KSCYng">
            <dst id="ATLA-M5">194.584</dst>
            <dst id="ATLAng">2719.39466666667</dst>
            <dst id="CHINng">30213.312</dst>
            <dst id="DNVRng">19982.792</dst>
            <dst id="HSTNng">4441.152</dst>
            <dst id="IPLSng">15230.2826666667</dst>
            <dst id="KSCYng">5776.952</dst>
            <dst id="LOSAng">5847.53866666666</dst>
            <dst id="NYCMng">7554.15466666667</dst>
            <dst id="SNVAng">608.389333333333</dst>
            <dst id="STTLng">1880.92</dst>
            <dst id="WASHng">16655.3333333333</dst>
        </src>
        <src id="LOSAng">
            <dst id="ATLA-M5">1203.37066666667</dst>
            <dst id="ATLAng">17106.9466666667</dst>
            <dst id="CHINng">93250.0426666667</dst>
            <dst id="DNVRng">26154.544</dst>
            <dst id="HSTNng">34113.3546666667</dst>
            <dst id="IPLSng">45167.2933333333</dst>
            <dst id="KSCYng">17649.1333333333</dst>
            <dst id="LOSAng">18131.8213333333</dst>
            <dst id="NYCMng">71662.176</dst>
            <dst id="SNVAng">5760.70933333333</dst>
            <dst id="STTLng">27602.0773333333</dst>
            <dst id="WASHng">122041.341333333</dst>
        </src>
        <src id="NYCMng">
            <dst id="ATLA-M5">1069.71466666667</dst>
            <dst id="ATLAng">33543.424</dst>
            <dst id="CHINng">54195.416</dst>
            <dst id="DNVRng">36965.6186666667</dst>
            <dst id="HSTNng">16507.9226666667</dst>
            <dst id="IPLSng">63866.808</dst>
            <dst id="KSCYng">24966.0453333333</dst>
            <dst id="LOSAng">70455.3386666667</dst>
            <dst id="NYCMng">169973.341333333</dst>
            <dst id="SNVAng">7388.24266666667</dst>
            <dst id="STTLng">19930.0106666667</dst>
            <dst id="WASHng">130309.024</dst>
        </src>
        <src id="SNVAng">
            <dst id="ATLA-M5">26.6666666666667</dst>
            <dst id="ATLAng">330.96</dst>
            <dst id="CHINng">1388.41866666667</dst>
            <dst id="DNVRng">6820.19733333333</dst>
            <dst id="HSTNng">548.682666666667</dst>
            <dst id="IPLSng">6115.97066666667</dst>
            <dst id="KSCYng">138.749333333333</dst>
            <dst id="LOSAng">49400.6186666667</dst>
            <dst id="NYCMng">1437.312</dst>
            <dst id="SNVAng">18062.672</dst>
            <dst id="STTLng">63284.6373333333</dst>
            <dst id="WASHng">1067.89066666667</dst>
        </src>
        <src id="STTLng">
            <dst id="ATLA-M5">264.914666666667</dst>
            <dst id="ATLAng">9550.30933333333</dst>
            <dst id="CHINng">11853.9813333333</dst>
            <dst id="DNVRng">2792.37866666667</dst>
            <dst id="HSTNng">7153.42133333333</dst>
            <dst id="IPLSng">8885.544</dst>
            <dst id="KSCYng">3261.49866666667</dst>
            <dst id="LOSAng">20561.8773333333</dst>
            <dst id="NYCMng">6948.37066666667</dst>
            <dst id="SNVAng">4533.87733333333</dst>
            <dst id="STTLng">1225.15733333333</dst>
            <dst id="WASHng">7157.03733333333</dst>
        </src>
        <src id="WASHng">
            <dst id="ATLA-M5">20420.4533333333</dst>
            <dst id="ATLAng">72298.8666666667</dst>
            <dst id="CHINng">78579.5413333333</dst>
            <dst id="DNVRng">38997.984</dst>
            <dst id="HSTNng">27005.0346666667</dst>
            <dst id="IPLSng">66772.0986666667</dst>
            <dst id="KSCYng">26905.464</dst>
            <dst id="LOSAng">130914.493333333</dst>
            <dst id="NYCMng">149009.741333333</dst>
            <dst id="SNVAng">3757.92266666667</dst>
            <dst id="STTLng">29280.336</dst>
            <dst id="WASHng">235008.128</dst>
        </src>
    </IntraTM>
</TrafficMatrixFile>
