<?xml version="1.0" encoding="ISO-8859-1" standalone="yes"?>
<TrafficMatrixFile xsi:noNamespaceSchemaLocation="http://totem.run.montefiore.ulg.ac.be/Schema/TrafficMatrix-v1_2.xsd" xmlns:xsi="http://www.w3.org/2001/XMLSchema-instance">
    <IntraTM ASID="11537">
        <src id="ATLA-M5">
            <dst id="ATLA-M5">64.8693333333333</dst>
            <dst id="ATLAng">204.205333333333</dst>
            <dst id="CHINng">581.661333333333</dst>
            <dst id="DNVRng">0</dst>
            <dst id="HSTNng">199.629333333333</dst>
            <dst id="IPLSng">602.669333333333</dst>
            <dst id="KSCYng">0</dst>
            <dst id="LOSAng">653.504</dst>
            <dst id="NYCMng">69.968</dst>
            <dst id="SNVAng">0</dst>
            <dst id="STTLng">306.045333333333</dst>
            <dst id="WASHng">502.261333333333</dst>
        </src>
        <src id="ATLAng">
            <dst id="ATLA-M5">319.629333333333</dst>
            <dst id="ATLAng">26385.2853333333</dst>
            <dst id="CHINng">13497.968</dst>
            <dst id="DNVRng">4347.07466666667</dst>
            <dst id="HSTNng">5765.54133333334</dst>
            <dst id="IPLSng">16219.2586666667</dst>
            <dst id="KSCYng">1346.928</dst>
            <dst id="LOSAng">20092.544</dst>
            <dst id="NYCMng">3590.192</dst>
            <dst id="SNVAng">833.736</dst>
            <dst id="STTLng">4237.792</dst>
            <dst id="WASHng">29888.5893333333</dst>
        </src>
        <src id="CHINng">
            <dst id="ATLA-M5">2126.40533333333</dst>
            <dst id="ATLAng">14247.6186666667</dst>
            <dst id="CHINng">106467.090666667</dst>
            <dst id="DNVRng">22007.5226666667</dst>
            <dst id="HSTNng">51296</dst>
            <dst id="IPLSng">54564.44</dst>
            <dst id="KSCYng">13756.856</dst>
            <dst id="LOSAng">2070015.17333333</dst>
            <dst id="NYCMng">20177.536</dst>
            <dst id="SNVAng">4240.19733333333</dst>
            <dst id="STTLng">22036.9893333333</dst>
            <dst id="WASHng">24750.0746666667</dst>
        </src>
        <src id="DNVRng">
            <dst id="ATLA-M5">241.12</dst>
            <dst id="ATLAng">3781.58666666667</dst>
            <dst id="CHINng">84168.976</dst>
            <dst id="DNVRng">19478.6746666667</dst>
            <dst id="HSTNng">15982.3573333333</dst>
            <dst id="IPLSng">24450.12</dst>
            <dst id="KSCYng">23616.4506666667</dst>
            <dst id="LOSAng">8513.96266666667</dst>
            <dst id="NYCMng">17451.8133333333</dst>
            <dst id="SNVAng">6144.39733333333</dst>
            <dst id="STTLng">13961.424</dst>
            <dst id="WASHng">55470.792</dst>
        </src>
        <src id="HSTNng">
            <dst id="ATLA-M5">5061.84266666667</dst>
            <dst id="ATLAng">1499.49333333333</dst>
            <dst id="CHINng">20138.0293333333</dst>
            <dst id="DNVRng">1978.70666666667</dst>
            <dst id="HSTNng">4179.37333333333</dst>
            <dst id="IPLSng">3876.2</dst>
            <dst id="KSCYng">3899.088</dst>
            <dst id="LOSAng">4035.05066666667</dst>
            <dst id="NYCMng">2453.13333333333</dst>
            <dst id="SNVAng">641.397333333333</dst>
            <dst id="STTLng">2231.17333333333</dst>
            <dst id="WASHng">4930.056</dst>
        </src>
        <src id="IPLSng">
            <dst id="ATLA-M5">1995.29066666667</dst>
            <dst id="ATLAng">13891.832</dst>
            <dst id="CHINng">97249.8613333333</dst>
            <dst id="DNVRng">23860.6373333333</dst>
            <dst id="HSTNng">6601.70133333333</dst>
            <dst id="IPLSng">36260.7786666667</dst>
            <dst id="KSCYng">9087.86933333333</dst>
            <dst id="LOSAng">49985.048</dst>
            <dst id="NYCMng">33576.5253333333</dst>
            <dst id="SNVAng">1694.208</dst>
            <dst id="STTLng">9899.81866666667</dst>
            <dst id="WASHng">35174.9786666667</dst>
        </src>
        <src id="KSCYng">
            <dst id="ATLA-M5">369.389333333333</dst>
            <dst id="ATLAng">1578.49333333333</dst>
            <dst id="CHINng">24008.4506666667</dst>
            <dst id="DNVRng">9761.87733333333</dst>
            <dst id="HSTNng">4042.26133333333</dst>
            <dst id="IPLSng">20122.3946666667</dst>
            <dst id="KSCYng">8574.568</dst>
            <dst id="LOSAng">5409.38133333333</dst>
            <dst id="NYCMng">3292.136</dst>
            <dst id="SNVAng">167.384</dst>
            <dst id="STTLng">1293.216</dst>
            <dst id="WASHng">28055.5893333333</dst>
        </src>
        <src id="LOSAng">
            <dst id="ATLA-M5">1820.54933333333</dst>
            <dst id="ATLAng">13210.4213333333</dst>
            <dst id="CHINng">1066100.74666667</dst>
            <dst id="DNVRng">12247.8613333333</dst>
            <dst id="HSTNng">5842.73066666667</dst>
            <dst id="IPLSng">21958.2053333333</dst>
            <dst id="KSCYng">9291.13333333333</dst>
            <dst id="LOSAng">17478.52</dst>
            <dst id="NYCMng">52813.3013333333</dst>
            <dst id="SNVAng">14989.1946666667</dst>
            <dst id="STTLng">22500.8826666667</dst>
            <dst id="WASHng">77031.0693333333</dst>
        </src>
        <src id="NYCMng">
            <dst id="ATLA-M5">1710.99733333333</dst>
            <dst id="ATLAng">16931.776</dst>
            <dst id="CHINng">56557.7386666666</dst>
            <dst id="DNVRng">31746.4346666667</dst>
            <dst id="HSTNng">13665.6773333333</dst>
            <dst id="IPLSng">47246.9946666667</dst>
            <dst id="KSCYng">12067.5813333333</dst>
            <dst id="LOSAng">79523.472</dst>
            <dst id="NYCMng">128004.245333333</dst>
            <dst id="SNVAng">4129.78666666667</dst>
            <dst id="STTLng">27403.7813333333</dst>
            <dst id="WASHng">99325.9306666667</dst>
        </src>
        <src id="SNVAng">
            <dst id="ATLA-M5">288.613333333333</dst>
            <dst id="ATLAng">26.6666666666667</dst>
            <dst id="CHINng">1642.38933333333</dst>
            <dst id="DNVRng">1500.50133333333</dst>
            <dst id="HSTNng">529.290666666667</dst>
            <dst id="IPLSng">690.696</dst>
            <dst id="KSCYng">4208.344</dst>
            <dst id="LOSAng">31248.1226666667</dst>
            <dst id="NYCMng">720.205333333333</dst>
            <dst id="SNVAng">13619.84</dst>
            <dst id="STTLng">50897.736</dst>
            <dst id="WASHng">256.744</dst>
        </src>
        <src id="STTLng">
            <dst id="ATLA-M5">242.890666666667</dst>
            <dst id="ATLAng">5481.336</dst>
            <dst id="CHINng">15244.3733333333</dst>
            <dst id="DNVRng">3722.96533333333</dst>
            <dst id="HSTNng">3765.456</dst>
            <dst id="IPLSng">6660.57066666667</dst>
            <dst id="KSCYng">3680.31466666667</dst>
            <dst id="LOSAng">22097.824</dst>
            <dst id="NYCMng">6747.09866666667</dst>
            <dst id="SNVAng">5498.544</dst>
            <dst id="STTLng">6572.09866666667</dst>
            <dst id="WASHng">8494.75733333333</dst>
        </src>
        <src id="WASHng">
            <dst id="ATLA-M5">1653.78666666667</dst>
            <dst id="ATLAng">91267.1466666667</dst>
            <dst id="CHINng">80042.2986666667</dst>
            <dst id="DNVRng">61282.944</dst>
            <dst id="HSTNng">8315.91733333333</dst>
            <dst id="IPLSng">57327.6346666667</dst>
            <dst id="KSCYng">21579.6666666667</dst>
            <dst id="LOSAng">102953.816</dst>
            <dst id="NYCMng">179805.421333333</dst>
            <dst id="SNVAng">11851.5893333333</dst>
            <dst id="STTLng">32657.9306666667</dst>
            <dst id="WASHng">210494.885333333</dst>
        </src>
    </IntraTM>
</TrafficMatrixFile>
