<?xml version="1.0" encoding="ISO-8859-1" standalone="yes"?>
<TrafficMatrixFile xsi:noNamespaceSchemaLocation="http://totem.run.montefiore.ulg.ac.be/Schema/TrafficMatrix-v1_2.xsd" xmlns:xsi="http://www.w3.org/2001/XMLSchema-instance">
    <IntraTM ASID="11537">
        <src id="ATLA-M5">
            <dst id="ATLA-M5">37.92</dst>
            <dst id="ATLAng">0</dst>
            <dst id="CHINng">2491.688</dst>
            <dst id="DNVRng">0</dst>
            <dst id="HSTNng">336.301333333333</dst>
            <dst id="IPLSng">176.890666666667</dst>
            <dst id="KSCYng">1011.63466666667</dst>
            <dst id="LOSAng">880.829333333333</dst>
            <dst id="NYCMng">26.6666666666667</dst>
            <dst id="SNVAng">26.6666666666667</dst>
            <dst id="STTLng">26.6666666666667</dst>
            <dst id="WASHng">1881.94933333333</dst>
        </src>
        <src id="ATLAng">
            <dst id="ATLA-M5">155.850666666667</dst>
            <dst id="ATLAng">22758.4613333333</dst>
            <dst id="CHINng">14361.3813333333</dst>
            <dst id="DNVRng">3276.76533333333</dst>
            <dst id="HSTNng">6150.09066666667</dst>
            <dst id="IPLSng">13720.104</dst>
            <dst id="KSCYng">2175.264</dst>
            <dst id="LOSAng">23763.4773333333</dst>
            <dst id="NYCMng">6713.992</dst>
            <dst id="SNVAng">285.421333333333</dst>
            <dst id="STTLng">4619.57066666667</dst>
            <dst id="WASHng">37942.7226666667</dst>
        </src>
        <src id="CHINng">
            <dst id="ATLA-M5">590.76</dst>
            <dst id="ATLAng">10862.3893333333</dst>
            <dst id="CHINng">104003.954666667</dst>
            <dst id="DNVRng">22927.216</dst>
            <dst id="HSTNng">46082.1706666667</dst>
            <dst id="IPLSng">28942.9653333333</dst>
            <dst id="KSCYng">11693.5173333333</dst>
            <dst id="LOSAng">62118.6613333333</dst>
            <dst id="NYCMng">27928.9386666667</dst>
            <dst id="SNVAng">1213.84533333333</dst>
            <dst id="STTLng">9011.256</dst>
            <dst id="WASHng">20493.896</dst>
        </src>
        <src id="DNVRng">
            <dst id="ATLA-M5">347.565333333333</dst>
            <dst id="ATLAng">4802.88266666667</dst>
            <dst id="CHINng">64400.2613333333</dst>
            <dst id="DNVRng">5682.82133333333</dst>
            <dst id="HSTNng">12694.68</dst>
            <dst id="IPLSng">34910.5973333333</dst>
            <dst id="KSCYng">10311.7973333333</dst>
            <dst id="LOSAng">4311.47733333333</dst>
            <dst id="NYCMng">23697.2373333333</dst>
            <dst id="SNVAng">7369.05333333333</dst>
            <dst id="STTLng">4973.08266666667</dst>
            <dst id="WASHng">51391.296</dst>
        </src>
        <src id="HSTNng">
            <dst id="ATLA-M5">4296.38933333333</dst>
            <dst id="ATLAng">2062.37866666667</dst>
            <dst id="CHINng">23917.032</dst>
            <dst id="DNVRng">1919.49866666667</dst>
            <dst id="HSTNng">17314.1013333333</dst>
            <dst id="IPLSng">3996.016</dst>
            <dst id="KSCYng">2712.264</dst>
            <dst id="LOSAng">6880.62133333333</dst>
            <dst id="NYCMng">4561.456</dst>
            <dst id="SNVAng">936.488</dst>
            <dst id="STTLng">1858.296</dst>
            <dst id="WASHng">4031.272</dst>
        </src>
        <src id="IPLSng">
            <dst id="ATLA-M5">845.738666666667</dst>
            <dst id="ATLAng">30461.7386666667</dst>
            <dst id="CHINng">90096.2026666667</dst>
            <dst id="DNVRng">7969.464</dst>
            <dst id="HSTNng">7093.984</dst>
            <dst id="IPLSng">21858.0613333333</dst>
            <dst id="KSCYng">6666.80266666667</dst>
            <dst id="LOSAng">44224.0746666667</dst>
            <dst id="NYCMng">24865.648</dst>
            <dst id="SNVAng">2181.97866666667</dst>
            <dst id="STTLng">8437.22133333333</dst>
            <dst id="WASHng">31352.8853333333</dst>
        </src>
        <src id="KSCYng">
            <dst id="ATLA-M5">294.792</dst>
            <dst id="ATLAng">2196.92533333333</dst>
            <dst id="CHINng">21010.2533333333</dst>
            <dst id="DNVRng">17599.984</dst>
            <dst id="HSTNng">3339.872</dst>
            <dst id="IPLSng">10986.8373333333</dst>
            <dst id="KSCYng">7034.8</dst>
            <dst id="LOSAng">8099.85066666667</dst>
            <dst id="NYCMng">4660.87733333333</dst>
            <dst id="SNVAng">233.490666666667</dst>
            <dst id="STTLng">3197.128</dst>
            <dst id="WASHng">11792.6373333333</dst>
        </src>
        <src id="LOSAng">
            <dst id="ATLA-M5">985.064</dst>
            <dst id="ATLAng">9431.92266666666</dst>
            <dst id="CHINng">65780.456</dst>
            <dst id="DNVRng">5549.232</dst>
            <dst id="HSTNng">5318.59733333333</dst>
            <dst id="IPLSng">36728.2666666667</dst>
            <dst id="KSCYng">7811.61333333333</dst>
            <dst id="LOSAng">10626.024</dst>
            <dst id="NYCMng">45278.8933333333</dst>
            <dst id="SNVAng">6715.58933333333</dst>
            <dst id="STTLng">18839.3893333333</dst>
            <dst id="WASHng">112711.448</dst>
        </src>
        <src id="NYCMng">
            <dst id="ATLA-M5">409.277333333333</dst>
            <dst id="ATLAng">33001.448</dst>
            <dst id="CHINng">52018.8693333333</dst>
            <dst id="DNVRng">36040.224</dst>
            <dst id="HSTNng">7749.59466666667</dst>
            <dst id="IPLSng">40634.784</dst>
            <dst id="KSCYng">15217.0186666667</dst>
            <dst id="LOSAng">66481.696</dst>
            <dst id="NYCMng">128846.586666667</dst>
            <dst id="SNVAng">3318.49333333333</dst>
            <dst id="STTLng">21821.0586666667</dst>
            <dst id="WASHng">81505.5573333333</dst>
        </src>
        <src id="SNVAng">
            <dst id="ATLA-M5">0</dst>
            <dst id="ATLAng">111.106666666667</dst>
            <dst id="CHINng">952.613333333333</dst>
            <dst id="DNVRng">5004.52</dst>
            <dst id="HSTNng">160</dst>
            <dst id="IPLSng">436.973333333333</dst>
            <dst id="KSCYng">149.541333333333</dst>
            <dst id="LOSAng">40815.0293333333</dst>
            <dst id="NYCMng">383.738666666667</dst>
            <dst id="SNVAng">17491.5306666667</dst>
            <dst id="STTLng">55997.2426666667</dst>
            <dst id="WASHng">415.037333333333</dst>
        </src>
        <src id="STTLng">
            <dst id="ATLA-M5">125.813333333333</dst>
            <dst id="ATLAng">8494.8</dst>
            <dst id="CHINng">12273.9546666667</dst>
            <dst id="DNVRng">2993.41866666667</dst>
            <dst id="HSTNng">11200.7386666667</dst>
            <dst id="IPLSng">4547.66933333333</dst>
            <dst id="KSCYng">3740.808</dst>
            <dst id="LOSAng">14566.688</dst>
            <dst id="NYCMng">6884.74666666667</dst>
            <dst id="SNVAng">2240.352</dst>
            <dst id="STTLng">686.317333333333</dst>
            <dst id="WASHng">5273.608</dst>
        </src>
        <src id="WASHng">
            <dst id="ATLA-M5">199.373333333333</dst>
            <dst id="ATLAng">78950.0906666667</dst>
            <dst id="CHINng">56474.72</dst>
            <dst id="DNVRng">50148.0746666667</dst>
            <dst id="HSTNng">48135.8426666667</dst>
            <dst id="IPLSng">53957.128</dst>
            <dst id="KSCYng">14065.0346666667</dst>
            <dst id="LOSAng">120432.242666667</dst>
            <dst id="NYCMng">185619.349333333</dst>
            <dst id="SNVAng">3966.73866666667</dst>
            <dst id="STTLng">27098.0346666667</dst>
            <dst id="WASHng">340983.2</dst>
        </src>
    </IntraTM>
</TrafficMatrixFile>
