<?xml version="1.0" encoding="ISO-8859-1" standalone="yes"?>
<TrafficMatrixFile xsi:noNamespaceSchemaLocation="http://totem.run.montefiore.ulg.ac.be/Schema/TrafficMatrix-v1_2.xsd" xmlns:xsi="http://www.w3.org/2001/XMLSchema-instance">
    <IntraTM ASID="11537">
        <src id="ATLA-M5">
            <dst id="ATLA-M5">451.64</dst>
            <dst id="ATLAng">1139.60533333333</dst>
            <dst id="CHINng">1765.73866666667</dst>
            <dst id="DNVRng">26.6666666666667</dst>
            <dst id="HSTNng">251.688</dst>
            <dst id="IPLSng">460.656</dst>
            <dst id="KSCYng">115.898666666667</dst>
            <dst id="LOSAng">410.650666666667</dst>
            <dst id="NYCMng">653.877333333333</dst>
            <dst id="SNVAng">411.392</dst>
            <dst id="STTLng">171.346666666667</dst>
            <dst id="WASHng">799.704</dst>
        </src>
        <src id="ATLAng">
            <dst id="ATLA-M5">836.346666666667</dst>
            <dst id="ATLAng">35790.696</dst>
            <dst id="CHINng">38483.7333333333</dst>
            <dst id="DNVRng">3987.616</dst>
            <dst id="HSTNng">14092.2053333333</dst>
            <dst id="IPLSng">22503.6826666667</dst>
            <dst id="KSCYng">8937.56</dst>
            <dst id="LOSAng">27695.7466666667</dst>
            <dst id="NYCMng">8476.76266666667</dst>
            <dst id="SNVAng">724.816</dst>
            <dst id="STTLng">4156.496</dst>
            <dst id="WASHng">91878.8133333333</dst>
        </src>
        <src id="CHINng">
            <dst id="ATLA-M5">1456.78933333333</dst>
            <dst id="ATLAng">43821.0773333333</dst>
            <dst id="CHINng">116551.269333333</dst>
            <dst id="DNVRng">35557.3706666667</dst>
            <dst id="HSTNng">53211.6933333333</dst>
            <dst id="IPLSng">64933.7173333333</dst>
            <dst id="KSCYng">16613.112</dst>
            <dst id="LOSAng">2043266.50666667</dst>
            <dst id="NYCMng">20708.6773333333</dst>
            <dst id="SNVAng">6040.62133333333</dst>
            <dst id="STTLng">17664.8986666667</dst>
            <dst id="WASHng">27163.952</dst>
        </src>
        <src id="DNVRng">
            <dst id="ATLA-M5">236.829333333333</dst>
            <dst id="ATLAng">10470.7066666667</dst>
            <dst id="CHINng">57122.5493333334</dst>
            <dst id="DNVRng">8932.97333333333</dst>
            <dst id="HSTNng">16785.4426666667</dst>
            <dst id="IPLSng">44603.696</dst>
            <dst id="KSCYng">13598.624</dst>
            <dst id="LOSAng">8009.07466666667</dst>
            <dst id="NYCMng">13683.2453333333</dst>
            <dst id="SNVAng">8754.25066666667</dst>
            <dst id="STTLng">7366.48533333333</dst>
            <dst id="WASHng">52021.2346666667</dst>
        </src>
        <src id="HSTNng">
            <dst id="ATLA-M5">3884.24533333334</dst>
            <dst id="ATLAng">5636.04266666667</dst>
            <dst id="CHINng">27350.728</dst>
            <dst id="DNVRng">8954.99466666667</dst>
            <dst id="HSTNng">5631.51466666667</dst>
            <dst id="IPLSng">7064.992</dst>
            <dst id="KSCYng">3362.07733333333</dst>
            <dst id="LOSAng">8107.46133333333</dst>
            <dst id="NYCMng">7256.06933333333</dst>
            <dst id="SNVAng">2118.55466666667</dst>
            <dst id="STTLng">5178.544</dst>
            <dst id="WASHng">7236.46133333333</dst>
        </src>
        <src id="IPLSng">
            <dst id="ATLA-M5">737.416</dst>
            <dst id="ATLAng">16223.9413333333</dst>
            <dst id="CHINng">124036.749333333</dst>
            <dst id="DNVRng">21075.3466666667</dst>
            <dst id="HSTNng">6836.42133333333</dst>
            <dst id="IPLSng">14848.9866666667</dst>
            <dst id="KSCYng">17150.2453333333</dst>
            <dst id="LOSAng">51877.168</dst>
            <dst id="NYCMng">75118.2</dst>
            <dst id="SNVAng">3774.09066666667</dst>
            <dst id="STTLng">9640.97866666667</dst>
            <dst id="WASHng">36813.5893333333</dst>
        </src>
        <src id="KSCYng">
            <dst id="ATLA-M5">567.352</dst>
            <dst id="ATLAng">4009.49066666667</dst>
            <dst id="CHINng">21415.0773333333</dst>
            <dst id="DNVRng">10834.6</dst>
            <dst id="HSTNng">6316.384</dst>
            <dst id="IPLSng">14545.0933333333</dst>
            <dst id="KSCYng">7230.70666666667</dst>
            <dst id="LOSAng">7527.92533333333</dst>
            <dst id="NYCMng">4456.15466666667</dst>
            <dst id="SNVAng">663.024</dst>
            <dst id="STTLng">1624.176</dst>
            <dst id="WASHng">11261.448</dst>
        </src>
        <src id="LOSAng">
            <dst id="ATLA-M5">2131.136</dst>
            <dst id="ATLAng">19839.184</dst>
            <dst id="CHINng">1099216.24</dst>
            <dst id="DNVRng">16217.5226666667</dst>
            <dst id="HSTNng">38135.3866666667</dst>
            <dst id="IPLSng">47718.4906666667</dst>
            <dst id="KSCYng">12225.0853333333</dst>
            <dst id="LOSAng">9685.496</dst>
            <dst id="NYCMng">88026.7866666667</dst>
            <dst id="SNVAng">10302.352</dst>
            <dst id="STTLng">33092.1013333333</dst>
            <dst id="WASHng">108863.856</dst>
        </src>
        <src id="NYCMng">
            <dst id="ATLA-M5">612.712</dst>
            <dst id="ATLAng">35359.408</dst>
            <dst id="CHINng">54482.96</dst>
            <dst id="DNVRng">41755.0106666667</dst>
            <dst id="HSTNng">17768.1893333333</dst>
            <dst id="IPLSng">47947.64</dst>
            <dst id="KSCYng">22565.6266666667</dst>
            <dst id="LOSAng">86937.1786666666</dst>
            <dst id="NYCMng">194282.202666667</dst>
            <dst id="SNVAng">6239.34933333333</dst>
            <dst id="STTLng">18361.1253333333</dst>
            <dst id="WASHng">136377.757333333</dst>
        </src>
        <src id="SNVAng">
            <dst id="ATLA-M5">53.3333333333333</dst>
            <dst id="ATLAng">80</dst>
            <dst id="CHINng">658.178666666667</dst>
            <dst id="DNVRng">6667.70933333333</dst>
            <dst id="HSTNng">317.584</dst>
            <dst id="IPLSng">1419.856</dst>
            <dst id="KSCYng">679.117333333333</dst>
            <dst id="LOSAng">37718.624</dst>
            <dst id="NYCMng">2749.76533333333</dst>
            <dst id="SNVAng">16717.856</dst>
            <dst id="STTLng">53921.0213333333</dst>
            <dst id="WASHng">586.064</dst>
        </src>
        <src id="STTLng">
            <dst id="ATLA-M5">244.048</dst>
            <dst id="ATLAng">8871.79466666666</dst>
            <dst id="CHINng">21686.7786666667</dst>
            <dst id="DNVRng">6417.45333333333</dst>
            <dst id="HSTNng">9668.76533333333</dst>
            <dst id="IPLSng">8342.17333333333</dst>
            <dst id="KSCYng">4030.35466666667</dst>
            <dst id="LOSAng">25691.672</dst>
            <dst id="NYCMng">8502.42133333333</dst>
            <dst id="SNVAng">4829.87466666667</dst>
            <dst id="STTLng">6106.952</dst>
            <dst id="WASHng">14796.5653333333</dst>
        </src>
        <src id="WASHng">
            <dst id="ATLA-M5">14428.6853333333</dst>
            <dst id="ATLAng">98615.0213333333</dst>
            <dst id="CHINng">69466.432</dst>
            <dst id="DNVRng">49904.3333333333</dst>
            <dst id="HSTNng">20545.7093333333</dst>
            <dst id="IPLSng">58366.28</dst>
            <dst id="KSCYng">13012.7973333333</dst>
            <dst id="LOSAng">139483.234666667</dst>
            <dst id="NYCMng">148860.957333333</dst>
            <dst id="SNVAng">6009.83733333333</dst>
            <dst id="STTLng">37599.648</dst>
            <dst id="WASHng">371169.386666667</dst>
        </src>
    </IntraTM>
</TrafficMatrixFile>
