<?xml version="1.0" encoding="ISO-8859-1" standalone="yes"?>
<TrafficMatrixFile xsi:noNamespaceSchemaLocation="http://totem.run.montefiore.ulg.ac.be/Schema/TrafficMatrix-v1_2.xsd" xmlns:xsi="http://www.w3.org/2001/XMLSchema-instance">
    <IntraTM ASID="11537">
        <src id="ATLA-M5">
            <dst id="ATLA-M5">3092.28</dst>
            <dst id="ATLAng">454.386666666667</dst>
            <dst id="CHINng">920.608</dst>
            <dst id="DNVRng">0</dst>
            <dst id="HSTNng">170.608</dst>
            <dst id="IPLSng">474.272</dst>
            <dst id="KSCYng">168.533333333333</dst>
            <dst id="LOSAng">162.650666666667</dst>
            <dst id="NYCMng">1416.512</dst>
            <dst id="SNVAng">0</dst>
            <dst id="STTLng">43.5066666666667</dst>
            <dst id="WASHng">1906.336</dst>
        </src>
        <src id="ATLAng">
            <dst id="ATLA-M5">2348.816</dst>
            <dst id="ATLAng">39033.9946666667</dst>
            <dst id="CHINng">21942.2613333333</dst>
            <dst id="DNVRng">4759.70133333333</dst>
            <dst id="HSTNng">4655.256</dst>
            <dst id="IPLSng">19285.0373333333</dst>
            <dst id="KSCYng">2128.52533333333</dst>
            <dst id="LOSAng">21154.5146666667</dst>
            <dst id="NYCMng">9084.36266666667</dst>
            <dst id="SNVAng">354.277333333333</dst>
            <dst id="STTLng">5898.2</dst>
            <dst id="WASHng">47976.5226666667</dst>
        </src>
        <src id="CHINng">
            <dst id="ATLA-M5">2036.97866666667</dst>
            <dst id="ATLAng">25552.4213333333</dst>
            <dst id="CHINng">113563.344</dst>
            <dst id="DNVRng">18895.08</dst>
            <dst id="HSTNng">51267.68</dst>
            <dst id="IPLSng">67713.1146666667</dst>
            <dst id="KSCYng">14787.4346666667</dst>
            <dst id="LOSAng">2027514.56</dst>
            <dst id="NYCMng">22535.5733333333</dst>
            <dst id="SNVAng">2638.92266666667</dst>
            <dst id="STTLng">9665.32266666667</dst>
            <dst id="WASHng">33941.832</dst>
        </src>
        <src id="DNVRng">
            <dst id="ATLA-M5">202.906666666667</dst>
            <dst id="ATLAng">7749.536</dst>
            <dst id="CHINng">70273.9973333333</dst>
            <dst id="DNVRng">12447.1146666667</dst>
            <dst id="HSTNng">14989.4853333333</dst>
            <dst id="IPLSng">39531.28</dst>
            <dst id="KSCYng">11485.608</dst>
            <dst id="LOSAng">35889.248</dst>
            <dst id="NYCMng">20702.696</dst>
            <dst id="SNVAng">8994.70666666667</dst>
            <dst id="STTLng">9136.99466666667</dst>
            <dst id="WASHng">52408.912</dst>
        </src>
        <src id="HSTNng">
            <dst id="ATLA-M5">4619.94666666667</dst>
            <dst id="ATLAng">3554.66933333333</dst>
            <dst id="CHINng">25994.664</dst>
            <dst id="DNVRng">4146.008</dst>
            <dst id="HSTNng">6276.65066666667</dst>
            <dst id="IPLSng">9533.304</dst>
            <dst id="KSCYng">2869.368</dst>
            <dst id="LOSAng">4203.13866666666</dst>
            <dst id="NYCMng">10588.2853333333</dst>
            <dst id="SNVAng">2580.90133333333</dst>
            <dst id="STTLng">2567.77066666667</dst>
            <dst id="WASHng">6109.95733333333</dst>
        </src>
        <src id="IPLSng">
            <dst id="ATLA-M5">491.218666666667</dst>
            <dst id="ATLAng">21138.9786666667</dst>
            <dst id="CHINng">127408.565333333</dst>
            <dst id="DNVRng">28151.8986666667</dst>
            <dst id="HSTNng">6714.512</dst>
            <dst id="IPLSng">48508.4613333333</dst>
            <dst id="KSCYng">11252.8133333333</dst>
            <dst id="LOSAng">42513.44</dst>
            <dst id="NYCMng">57020.9146666667</dst>
            <dst id="SNVAng">2161.248</dst>
            <dst id="STTLng">15066.7866666667</dst>
            <dst id="WASHng">40820.5733333333</dst>
        </src>
        <src id="KSCYng">
            <dst id="ATLA-M5">279.992</dst>
            <dst id="ATLAng">2800.48533333333</dst>
            <dst id="CHINng">24796.7093333333</dst>
            <dst id="DNVRng">9130.82666666667</dst>
            <dst id="HSTNng">5329.33866666667</dst>
            <dst id="IPLSng">13440.9146666667</dst>
            <dst id="KSCYng">7490.81066666667</dst>
            <dst id="LOSAng">5800.61333333333</dst>
            <dst id="NYCMng">8873.39733333333</dst>
            <dst id="SNVAng">1205.344</dst>
            <dst id="STTLng">1012.864</dst>
            <dst id="WASHng">18058.3066666667</dst>
        </src>
        <src id="LOSAng">
            <dst id="ATLA-M5">1356.008</dst>
            <dst id="ATLAng">22369.5226666667</dst>
            <dst id="CHINng">1085275.46666667</dst>
            <dst id="DNVRng">7642.984</dst>
            <dst id="HSTNng">7242.928</dst>
            <dst id="IPLSng">47289.8933333333</dst>
            <dst id="KSCYng">13760.656</dst>
            <dst id="LOSAng">6951.81333333333</dst>
            <dst id="NYCMng">62291.0853333334</dst>
            <dst id="SNVAng">12025.0266666667</dst>
            <dst id="STTLng">29324.0293333333</dst>
            <dst id="WASHng">106734.957333333</dst>
        </src>
        <src id="NYCMng">
            <dst id="ATLA-M5">1041.18133333333</dst>
            <dst id="ATLAng">29697.584</dst>
            <dst id="CHINng">61717.3706666666</dst>
            <dst id="DNVRng">35623.0533333333</dst>
            <dst id="HSTNng">26601.9946666667</dst>
            <dst id="IPLSng">59229.0586666667</dst>
            <dst id="KSCYng">14773.8346666667</dst>
            <dst id="LOSAng">69023.672</dst>
            <dst id="NYCMng">210772.253333333</dst>
            <dst id="SNVAng">10249.48</dst>
            <dst id="STTLng">16862.112</dst>
            <dst id="WASHng">148800.218666667</dst>
        </src>
        <src id="SNVAng">
            <dst id="ATLA-M5">47.9573333333334</dst>
            <dst id="ATLAng">700.989333333333</dst>
            <dst id="CHINng">1309.176</dst>
            <dst id="DNVRng">4546.01066666667</dst>
            <dst id="HSTNng">493.32</dst>
            <dst id="IPLSng">2766.95466666667</dst>
            <dst id="KSCYng">315.842666666667</dst>
            <dst id="LOSAng">31498.0346666667</dst>
            <dst id="NYCMng">2816.78133333333</dst>
            <dst id="SNVAng">12199.3973333333</dst>
            <dst id="STTLng">44889.1573333333</dst>
            <dst id="WASHng">966.370666666667</dst>
        </src>
        <src id="STTLng">
            <dst id="ATLA-M5">222.544</dst>
            <dst id="ATLAng">10709.5733333333</dst>
            <dst id="CHINng">15562.0213333333</dst>
            <dst id="DNVRng">3773.73866666667</dst>
            <dst id="HSTNng">10147.072</dst>
            <dst id="IPLSng">9010.77866666667</dst>
            <dst id="KSCYng">4818.656</dst>
            <dst id="LOSAng">21888.368</dst>
            <dst id="NYCMng">13409.6106666667</dst>
            <dst id="SNVAng">3440.86666666667</dst>
            <dst id="STTLng">3499.088</dst>
            <dst id="WASHng">11161.464</dst>
        </src>
        <src id="WASHng">
            <dst id="ATLA-M5">694.309333333333</dst>
            <dst id="ATLAng">217215.314666667</dst>
            <dst id="CHINng">79193.008</dst>
            <dst id="DNVRng">38840.1386666667</dst>
            <dst id="HSTNng">21713.6213333333</dst>
            <dst id="IPLSng">56331.5786666667</dst>
            <dst id="KSCYng">19324.9466666667</dst>
            <dst id="LOSAng">112866.522666667</dst>
            <dst id="NYCMng">154569.970666667</dst>
            <dst id="SNVAng">1393.55466666667</dst>
            <dst id="STTLng">43066.8266666667</dst>
            <dst id="WASHng">201548.488</dst>
        </src>
    </IntraTM>
</TrafficMatrixFile>
