<?xml version="1.0" encoding="ISO-8859-1" standalone="yes"?>
<TrafficMatrixFile xsi:noNamespaceSchemaLocation="http://totem.run.montefiore.ulg.ac.be/Schema/TrafficMatrix-v1_2.xsd" xmlns:xsi="http://www.w3.org/2001/XMLSchema-instance">
    <IntraTM ASID="11537">
        <src id="ATLA-M5">
            <dst id="ATLA-M5">115.237333333333</dst>
            <dst id="ATLAng">103.402666666667</dst>
            <dst id="CHINng">476.402666666667</dst>
            <dst id="DNVRng">26.6666666666667</dst>
            <dst id="HSTNng">540.069333333333</dst>
            <dst id="IPLSng">1396.24533333333</dst>
            <dst id="KSCYng">175.906666666667</dst>
            <dst id="LOSAng">291.6</dst>
            <dst id="NYCMng">374.922666666667</dst>
            <dst id="SNVAng">26.6666666666667</dst>
            <dst id="STTLng">279.2</dst>
            <dst id="WASHng">769.994666666667</dst>
        </src>
        <src id="ATLAng">
            <dst id="ATLA-M5">98.792</dst>
            <dst id="ATLAng">17161.96</dst>
            <dst id="CHINng">18742.4533333333</dst>
            <dst id="DNVRng">5277.68533333333</dst>
            <dst id="HSTNng">3700.74133333333</dst>
            <dst id="IPLSng">22541.9493333333</dst>
            <dst id="KSCYng">1439.29866666667</dst>
            <dst id="LOSAng">17476.096</dst>
            <dst id="NYCMng">7906.31466666667</dst>
            <dst id="SNVAng">377.352</dst>
            <dst id="STTLng">4498.67733333333</dst>
            <dst id="WASHng">31952.0186666667</dst>
        </src>
        <src id="CHINng">
            <dst id="ATLA-M5">1762.97866666667</dst>
            <dst id="ATLAng">12534.664</dst>
            <dst id="CHINng">95517.2186666667</dst>
            <dst id="DNVRng">27150.0613333333</dst>
            <dst id="HSTNng">65299.448</dst>
            <dst id="IPLSng">74157.168</dst>
            <dst id="KSCYng">24535.6346666667</dst>
            <dst id="LOSAng">2058349.04</dst>
            <dst id="NYCMng">23741.936</dst>
            <dst id="SNVAng">4107.41866666667</dst>
            <dst id="STTLng">11511.5546666667</dst>
            <dst id="WASHng">31293.3013333333</dst>
        </src>
        <src id="DNVRng">
            <dst id="ATLA-M5">340.637333333333</dst>
            <dst id="ATLAng">7173.52266666667</dst>
            <dst id="CHINng">76927.296</dst>
            <dst id="DNVRng">8516.75466666666</dst>
            <dst id="HSTNng">12954.3973333333</dst>
            <dst id="IPLSng">43828.9546666667</dst>
            <dst id="KSCYng">9859.064</dst>
            <dst id="LOSAng">11389.3226666667</dst>
            <dst id="NYCMng">16192.1146666667</dst>
            <dst id="SNVAng">7249.60533333334</dst>
            <dst id="STTLng">7010.784</dst>
            <dst id="WASHng">53313.168</dst>
        </src>
        <src id="HSTNng">
            <dst id="ATLA-M5">3410.128</dst>
            <dst id="ATLAng">2521.98666666667</dst>
            <dst id="CHINng">23084.8746666667</dst>
            <dst id="DNVRng">2658.14666666667</dst>
            <dst id="HSTNng">4864.136</dst>
            <dst id="IPLSng">5488.50666666667</dst>
            <dst id="KSCYng">3976.63466666667</dst>
            <dst id="LOSAng">11225.1706666667</dst>
            <dst id="NYCMng">10702.3813333333</dst>
            <dst id="SNVAng">1394.74933333333</dst>
            <dst id="STTLng">5240.65866666667</dst>
            <dst id="WASHng">6152.56266666667</dst>
        </src>
        <src id="IPLSng">
            <dst id="ATLA-M5">571.842666666667</dst>
            <dst id="ATLAng">13791.816</dst>
            <dst id="CHINng">130078.384</dst>
            <dst id="DNVRng">32026.4533333333</dst>
            <dst id="HSTNng">11104.4906666667</dst>
            <dst id="IPLSng">21195.4</dst>
            <dst id="KSCYng">9288.81066666666</dst>
            <dst id="LOSAng">67587.4213333333</dst>
            <dst id="NYCMng">71550.928</dst>
            <dst id="SNVAng">1756.80533333333</dst>
            <dst id="STTLng">9912.51466666667</dst>
            <dst id="WASHng">31777.1786666667</dst>
        </src>
        <src id="KSCYng">
            <dst id="ATLA-M5">391.576</dst>
            <dst id="ATLAng">4347.96266666667</dst>
            <dst id="CHINng">17037.408</dst>
            <dst id="DNVRng">8889.01333333333</dst>
            <dst id="HSTNng">3986.648</dst>
            <dst id="IPLSng">12966.2133333333</dst>
            <dst id="KSCYng">5391.896</dst>
            <dst id="LOSAng">6589.08533333333</dst>
            <dst id="NYCMng">5639.85066666667</dst>
            <dst id="SNVAng">1889.91466666667</dst>
            <dst id="STTLng">1245.216</dst>
            <dst id="WASHng">13611.064</dst>
        </src>
        <src id="LOSAng">
            <dst id="ATLA-M5">1516.968</dst>
            <dst id="ATLAng">27223.872</dst>
            <dst id="CHINng">922691.84</dst>
            <dst id="DNVRng">15283.416</dst>
            <dst id="HSTNng">10173.48</dst>
            <dst id="IPLSng">39870.1573333333</dst>
            <dst id="KSCYng">9243.74933333333</dst>
            <dst id="LOSAng">10659.64</dst>
            <dst id="NYCMng">81666.7733333333</dst>
            <dst id="SNVAng">7236.14133333333</dst>
            <dst id="STTLng">23750.6773333333</dst>
            <dst id="WASHng">88994.0586666667</dst>
        </src>
        <src id="NYCMng">
            <dst id="ATLA-M5">1583.05866666667</dst>
            <dst id="ATLAng">22134.0053333333</dst>
            <dst id="CHINng">55398.4</dst>
            <dst id="DNVRng">27642.2426666667</dst>
            <dst id="HSTNng">19007.344</dst>
            <dst id="IPLSng">76082.9946666667</dst>
            <dst id="KSCYng">19343.368</dst>
            <dst id="LOSAng">71117.4586666667</dst>
            <dst id="NYCMng">172575.850666667</dst>
            <dst id="SNVAng">3879.16</dst>
            <dst id="STTLng">28149.096</dst>
            <dst id="WASHng">130497.946666667</dst>
        </src>
        <src id="SNVAng">
            <dst id="ATLA-M5">116.728</dst>
            <dst id="ATLAng">257.344</dst>
            <dst id="CHINng">2946.54933333333</dst>
            <dst id="DNVRng">5861.896</dst>
            <dst id="HSTNng">1082.25066666667</dst>
            <dst id="IPLSng">751.448</dst>
            <dst id="KSCYng">4388.05066666667</dst>
            <dst id="LOSAng">38569.9893333333</dst>
            <dst id="NYCMng">2107.59466666667</dst>
            <dst id="SNVAng">11982.0186666667</dst>
            <dst id="STTLng">50754.32</dst>
            <dst id="WASHng">359.434666666667</dst>
        </src>
        <src id="STTLng">
            <dst id="ATLA-M5">261.125333333333</dst>
            <dst id="ATLAng">9380.37333333333</dst>
            <dst id="CHINng">16598.8</dst>
            <dst id="DNVRng">3248.08533333333</dst>
            <dst id="HSTNng">10303.352</dst>
            <dst id="IPLSng">7821.408</dst>
            <dst id="KSCYng">2358.97333333333</dst>
            <dst id="LOSAng">19076.6133333333</dst>
            <dst id="NYCMng">4260.42933333333</dst>
            <dst id="SNVAng">3281.51733333333</dst>
            <dst id="STTLng">963.482666666667</dst>
            <dst id="WASHng">8111.93866666667</dst>
        </src>
        <src id="WASHng">
            <dst id="ATLA-M5">20364.864</dst>
            <dst id="ATLAng">48639.3146666667</dst>
            <dst id="CHINng">80238.3786666667</dst>
            <dst id="DNVRng">40449.0506666667</dst>
            <dst id="HSTNng">24120.4053333333</dst>
            <dst id="IPLSng">48437.848</dst>
            <dst id="KSCYng">48582.3786666667</dst>
            <dst id="LOSAng">132768.84</dst>
            <dst id="NYCMng">183672.549333333</dst>
            <dst id="SNVAng">4059.672</dst>
            <dst id="STTLng">40173.344</dst>
            <dst id="WASHng">273409.2</dst>
        </src>
    </IntraTM>
</TrafficMatrixFile>
