<?xml version="1.0" encoding="ISO-8859-1" standalone="yes"?>
<TrafficMatrixFile xsi:noNamespaceSchemaLocation="http://totem.run.montefiore.ulg.ac.be/Schema/TrafficMatrix-v1_2.xsd" xmlns:xsi="http://www.w3.org/2001/XMLSchema-instance">
    <IntraTM ASID="11537">
        <src id="ATLA-M5">
            <dst id="ATLA-M5">42.9173333333333</dst>
            <dst id="ATLAng">159.229333333333</dst>
            <dst id="CHINng">915.48</dst>
            <dst id="DNVRng">0</dst>
            <dst id="HSTNng">338.341333333333</dst>
            <dst id="IPLSng">568.226666666667</dst>
            <dst id="KSCYng">53.3333333333333</dst>
            <dst id="LOSAng">347.2</dst>
            <dst id="NYCMng">532.392</dst>
            <dst id="SNVAng">45.024</dst>
            <dst id="STTLng">80</dst>
            <dst id="WASHng">1955.264</dst>
        </src>
        <src id="ATLAng">
            <dst id="ATLA-M5">2012.99466666667</dst>
            <dst id="ATLAng">24772.9786666667</dst>
            <dst id="CHINng">20380.248</dst>
            <dst id="DNVRng">3876.912</dst>
            <dst id="HSTNng">5755.24533333333</dst>
            <dst id="IPLSng">26044.3013333333</dst>
            <dst id="KSCYng">1870.35733333333</dst>
            <dst id="LOSAng">21184.8666666667</dst>
            <dst id="NYCMng">7631.21333333333</dst>
            <dst id="SNVAng">850.605333333333</dst>
            <dst id="STTLng">4747.792</dst>
            <dst id="WASHng">36067.1973333333</dst>
        </src>
        <src id="CHINng">
            <dst id="ATLA-M5">2172.02133333333</dst>
            <dst id="ATLAng">21155.272</dst>
            <dst id="CHINng">88363.7733333333</dst>
            <dst id="DNVRng">20201.6533333333</dst>
            <dst id="HSTNng">49352.4986666667</dst>
            <dst id="IPLSng">60655.0026666667</dst>
            <dst id="KSCYng">16198.8026666667</dst>
            <dst id="LOSAng">2000300.10666667</dst>
            <dst id="NYCMng">19543</dst>
            <dst id="SNVAng">2804.84533333333</dst>
            <dst id="STTLng">11083.0293333333</dst>
            <dst id="WASHng">34872.528</dst>
        </src>
        <src id="DNVRng">
            <dst id="ATLA-M5">428.749333333333</dst>
            <dst id="ATLAng">5256.33866666667</dst>
            <dst id="CHINng">60230.5786666667</dst>
            <dst id="DNVRng">12122.7253333333</dst>
            <dst id="HSTNng">13474.0666666667</dst>
            <dst id="IPLSng">41703.488</dst>
            <dst id="KSCYng">10038.3973333333</dst>
            <dst id="LOSAng">8326.37866666667</dst>
            <dst id="NYCMng">8637.61066666667</dst>
            <dst id="SNVAng">7643.59733333333</dst>
            <dst id="STTLng">8400.264</dst>
            <dst id="WASHng">38323.3653333333</dst>
        </src>
        <src id="HSTNng">
            <dst id="ATLA-M5">1012.89866666667</dst>
            <dst id="ATLAng">8593.67733333333</dst>
            <dst id="CHINng">22898.0133333333</dst>
            <dst id="DNVRng">2075.75466666667</dst>
            <dst id="HSTNng">11591.7573333333</dst>
            <dst id="IPLSng">9789.46133333333</dst>
            <dst id="KSCYng">4313.98933333333</dst>
            <dst id="LOSAng">3663.38133333333</dst>
            <dst id="NYCMng">2690.75466666667</dst>
            <dst id="SNVAng">2825.04</dst>
            <dst id="STTLng">2756.63466666667</dst>
            <dst id="WASHng">7810.85866666667</dst>
        </src>
        <src id="IPLSng">
            <dst id="ATLA-M5">1466.82666666667</dst>
            <dst id="ATLAng">17586.0266666667</dst>
            <dst id="CHINng">130736.904</dst>
            <dst id="DNVRng">30882.6453333333</dst>
            <dst id="HSTNng">10053.128</dst>
            <dst id="IPLSng">34334.28</dst>
            <dst id="KSCYng">7800.576</dst>
            <dst id="LOSAng">68170.728</dst>
            <dst id="NYCMng">14386.104</dst>
            <dst id="SNVAng">2250.616</dst>
            <dst id="STTLng">12428.5226666667</dst>
            <dst id="WASHng">46747.752</dst>
        </src>
        <src id="KSCYng">
            <dst id="ATLA-M5">344.474666666667</dst>
            <dst id="ATLAng">1726.184</dst>
            <dst id="CHINng">18132.5546666667</dst>
            <dst id="DNVRng">9991.29866666667</dst>
            <dst id="HSTNng">4475.90933333333</dst>
            <dst id="IPLSng">12534.0906666667</dst>
            <dst id="KSCYng">5689.54666666667</dst>
            <dst id="LOSAng">5768.95733333333</dst>
            <dst id="NYCMng">1762.80533333333</dst>
            <dst id="SNVAng">196.082666666667</dst>
            <dst id="STTLng">2497.224</dst>
            <dst id="WASHng">25091.7333333333</dst>
        </src>
        <src id="LOSAng">
            <dst id="ATLA-M5">2210.24</dst>
            <dst id="ATLAng">19250.0293333333</dst>
            <dst id="CHINng">1078439.30666667</dst>
            <dst id="DNVRng">8552.13333333333</dst>
            <dst id="HSTNng">10570.1573333333</dst>
            <dst id="IPLSng">51411.688</dst>
            <dst id="KSCYng">11696.0533333333</dst>
            <dst id="LOSAng">11656.2746666667</dst>
            <dst id="NYCMng">8271.06933333333</dst>
            <dst id="SNVAng">10976.2933333333</dst>
            <dst id="STTLng">20600.9013333333</dst>
            <dst id="WASHng">91903.1786666667</dst>
        </src>
        <src id="NYCMng">
            <dst id="ATLA-M5">1801.70133333333</dst>
            <dst id="ATLAng">22629.4613333333</dst>
            <dst id="CHINng">38209.6453333333</dst>
            <dst id="DNVRng">26012.976</dst>
            <dst id="HSTNng">17862.3706666667</dst>
            <dst id="IPLSng">52920.8213333333</dst>
            <dst id="KSCYng">13845.7333333333</dst>
            <dst id="LOSAng">67294.5066666667</dst>
            <dst id="NYCMng">142832.874666667</dst>
            <dst id="SNVAng">3205.30666666667</dst>
            <dst id="STTLng">19897.7066666667</dst>
            <dst id="WASHng">107076.442666667</dst>
        </src>
        <src id="SNVAng">
            <dst id="ATLA-M5">43.8826666666667</dst>
            <dst id="ATLAng">2021.29333333333</dst>
            <dst id="CHINng">1133.25866666667</dst>
            <dst id="DNVRng">5113.30133333333</dst>
            <dst id="HSTNng">462.322666666667</dst>
            <dst id="IPLSng">4353.85866666667</dst>
            <dst id="KSCYng">4448.41866666667</dst>
            <dst id="LOSAng">37082.4453333333</dst>
            <dst id="NYCMng">2956.408</dst>
            <dst id="SNVAng">18509.656</dst>
            <dst id="STTLng">59755.7813333334</dst>
            <dst id="WASHng">294.536</dst>
        </src>
        <src id="STTLng">
            <dst id="ATLA-M5">204.064</dst>
            <dst id="ATLAng">7486.848</dst>
            <dst id="CHINng">15962.6586666667</dst>
            <dst id="DNVRng">3531.91466666667</dst>
            <dst id="HSTNng">8146.98133333333</dst>
            <dst id="IPLSng">8285.79466666666</dst>
            <dst id="KSCYng">2683.54133333333</dst>
            <dst id="LOSAng">22124.2853333333</dst>
            <dst id="NYCMng">3415.97866666667</dst>
            <dst id="SNVAng">4038.864</dst>
            <dst id="STTLng">3968.28</dst>
            <dst id="WASHng">5173.33866666667</dst>
        </src>
        <src id="WASHng">
            <dst id="ATLA-M5">1428.77866666667</dst>
            <dst id="ATLAng">99867.304</dst>
            <dst id="CHINng">81602.9786666666</dst>
            <dst id="DNVRng">36329.4106666667</dst>
            <dst id="HSTNng">32092.3786666667</dst>
            <dst id="IPLSng">56275.5866666667</dst>
            <dst id="KSCYng">11838.1626666667</dst>
            <dst id="LOSAng">106159.130666667</dst>
            <dst id="NYCMng">184509.832</dst>
            <dst id="SNVAng">4654.88</dst>
            <dst id="STTLng">30152.2</dst>
            <dst id="WASHng">225248.768</dst>
        </src>
    </IntraTM>
</TrafficMatrixFile>
