<?xml version="1.0" encoding="ISO-8859-1" standalone="yes"?>
<TrafficMatrixFile xsi:noNamespaceSchemaLocation="http://totem.run.montefiore.ulg.ac.be/Schema/TrafficMatrix-v1_2.xsd" xmlns:xsi="http://www.w3.org/2001/XMLSchema-instance">
    <IntraTM ASID="11537">
        <src id="ATLA-M5">
            <dst id="ATLA-M5">731.098666666667</dst>
            <dst id="ATLAng">190.909333333333</dst>
            <dst id="CHINng">2021.97866666667</dst>
            <dst id="DNVRng">112.544</dst>
            <dst id="HSTNng">257.522666666667</dst>
            <dst id="IPLSng">297.381333333333</dst>
            <dst id="KSCYng">53.3973333333333</dst>
            <dst id="LOSAng">828.213333333333</dst>
            <dst id="NYCMng">3252.70133333333</dst>
            <dst id="SNVAng">1363.64</dst>
            <dst id="STTLng">53.3333333333333</dst>
            <dst id="WASHng">732.904</dst>
        </src>
        <src id="ATLAng">
            <dst id="ATLA-M5">813.653333333333</dst>
            <dst id="ATLAng">34981.904</dst>
            <dst id="CHINng">15408.0053333333</dst>
            <dst id="DNVRng">6334.536</dst>
            <dst id="HSTNng">13004.9253333333</dst>
            <dst id="IPLSng">27624.3573333333</dst>
            <dst id="KSCYng">2614.85333333333</dst>
            <dst id="LOSAng">18713.904</dst>
            <dst id="NYCMng">11490.3893333333</dst>
            <dst id="SNVAng">870.8</dst>
            <dst id="STTLng">4501.24266666667</dst>
            <dst id="WASHng">118100.786666667</dst>
        </src>
        <src id="CHINng">
            <dst id="ATLA-M5">1400.376</dst>
            <dst id="ATLAng">33443.304</dst>
            <dst id="CHINng">110196.514666667</dst>
            <dst id="DNVRng">32123.4346666667</dst>
            <dst id="HSTNng">62364.0346666667</dst>
            <dst id="IPLSng">60891.16</dst>
            <dst id="KSCYng">21229.1866666667</dst>
            <dst id="LOSAng">2036419.01333333</dst>
            <dst id="NYCMng">21949.2613333333</dst>
            <dst id="SNVAng">12316.6506666667</dst>
            <dst id="STTLng">10525.1733333333</dst>
            <dst id="WASHng">31313.0933333333</dst>
        </src>
        <src id="DNVRng">
            <dst id="ATLA-M5">243.512</dst>
            <dst id="ATLAng">10544.5173333333</dst>
            <dst id="CHINng">61626.0426666667</dst>
            <dst id="DNVRng">17985.7466666667</dst>
            <dst id="HSTNng">23129.2826666667</dst>
            <dst id="IPLSng">32130.28</dst>
            <dst id="KSCYng">26128.8773333333</dst>
            <dst id="LOSAng">8155.96266666667</dst>
            <dst id="NYCMng">18362.6293333333</dst>
            <dst id="SNVAng">13252.3066666667</dst>
            <dst id="STTLng">15626.1573333333</dst>
            <dst id="WASHng">49729.0693333333</dst>
        </src>
        <src id="HSTNng">
            <dst id="ATLA-M5">5319.6</dst>
            <dst id="ATLAng">5999.02933333333</dst>
            <dst id="CHINng">18453.1173333333</dst>
            <dst id="DNVRng">5838.312</dst>
            <dst id="HSTNng">6510.272</dst>
            <dst id="IPLSng">8757.64266666667</dst>
            <dst id="KSCYng">3112.44266666667</dst>
            <dst id="LOSAng">6943.92</dst>
            <dst id="NYCMng">7484.75733333333</dst>
            <dst id="SNVAng">2103.73066666667</dst>
            <dst id="STTLng">2241.61066666667</dst>
            <dst id="WASHng">6016.79466666667</dst>
        </src>
        <src id="IPLSng">
            <dst id="ATLA-M5">415.848</dst>
            <dst id="ATLAng">20184.1093333333</dst>
            <dst id="CHINng">127381.44</dst>
            <dst id="DNVRng">22977.312</dst>
            <dst id="HSTNng">9322.48</dst>
            <dst id="IPLSng">24174.648</dst>
            <dst id="KSCYng">10251.2613333333</dst>
            <dst id="LOSAng">57063.8133333333</dst>
            <dst id="NYCMng">53154.7493333333</dst>
            <dst id="SNVAng">1834.43733333333</dst>
            <dst id="STTLng">10148.6906666667</dst>
            <dst id="WASHng">54828.8666666667</dst>
        </src>
        <src id="KSCYng">
            <dst id="ATLA-M5">267.821333333333</dst>
            <dst id="ATLAng">7372.136</dst>
            <dst id="CHINng">23543.3786666667</dst>
            <dst id="DNVRng">10948.7866666667</dst>
            <dst id="HSTNng">6150.264</dst>
            <dst id="IPLSng">15241.336</dst>
            <dst id="KSCYng">8657.78133333333</dst>
            <dst id="LOSAng">6261.81333333333</dst>
            <dst id="NYCMng">4895.872</dst>
            <dst id="SNVAng">1548.936</dst>
            <dst id="STTLng">1868.85866666667</dst>
            <dst id="WASHng">13780.5893333333</dst>
        </src>
        <src id="LOSAng">
            <dst id="ATLA-M5">5404.43466666667</dst>
            <dst id="ATLAng">19272.0346666667</dst>
            <dst id="CHINng">1103218.08</dst>
            <dst id="DNVRng">12959.7973333333</dst>
            <dst id="HSTNng">30452.0506666667</dst>
            <dst id="IPLSng">45074.4586666667</dst>
            <dst id="KSCYng">16252.3493333333</dst>
            <dst id="LOSAng">11163.2426666667</dst>
            <dst id="NYCMng">95198.1013333333</dst>
            <dst id="SNVAng">10584.872</dst>
            <dst id="STTLng">28095.9306666667</dst>
            <dst id="WASHng">114931.437333333</dst>
        </src>
        <src id="NYCMng">
            <dst id="ATLA-M5">755.698666666667</dst>
            <dst id="ATLAng">28225.424</dst>
            <dst id="CHINng">53245.5146666667</dst>
            <dst id="DNVRng">47752.9546666667</dst>
            <dst id="HSTNng">18690.9893333333</dst>
            <dst id="IPLSng">72047.1146666667</dst>
            <dst id="KSCYng">21615.1573333333</dst>
            <dst id="LOSAng">82770.5973333333</dst>
            <dst id="NYCMng">202198.869333333</dst>
            <dst id="SNVAng">7269.872</dst>
            <dst id="STTLng">24020.104</dst>
            <dst id="WASHng">138129.872</dst>
        </src>
        <src id="SNVAng">
            <dst id="ATLA-M5">213.088</dst>
            <dst id="ATLAng">255.797333333333</dst>
            <dst id="CHINng">1955.18933333333</dst>
            <dst id="DNVRng">13275.944</dst>
            <dst id="HSTNng">287</dst>
            <dst id="IPLSng">1633.81066666667</dst>
            <dst id="KSCYng">438.229333333333</dst>
            <dst id="LOSAng">37200.488</dst>
            <dst id="NYCMng">580.757333333333</dst>
            <dst id="SNVAng">17703.1146666667</dst>
            <dst id="STTLng">56296.2106666667</dst>
            <dst id="WASHng">378.149333333333</dst>
        </src>
        <src id="STTLng">
            <dst id="ATLA-M5">312.525333333333</dst>
            <dst id="ATLAng">9597.088</dst>
            <dst id="CHINng">18810.7413333333</dst>
            <dst id="DNVRng">11577.0053333333</dst>
            <dst id="HSTNng">10099.144</dst>
            <dst id="IPLSng">7898.72</dst>
            <dst id="KSCYng">3879.512</dst>
            <dst id="LOSAng">23404.2666666667</dst>
            <dst id="NYCMng">10082.112</dst>
            <dst id="SNVAng">5223.30133333333</dst>
            <dst id="STTLng">8726.43733333333</dst>
            <dst id="WASHng">12889.424</dst>
        </src>
        <src id="WASHng">
            <dst id="ATLA-M5">786.954666666667</dst>
            <dst id="ATLAng">118812.634666667</dst>
            <dst id="CHINng">68557.344</dst>
            <dst id="DNVRng">57160.1706666667</dst>
            <dst id="HSTNng">14892.8453333333</dst>
            <dst id="IPLSng">71205.7066666667</dst>
            <dst id="KSCYng">14810.52</dst>
            <dst id="LOSAng">125211.352</dst>
            <dst id="NYCMng">164838.922666667</dst>
            <dst id="SNVAng">6470.264</dst>
            <dst id="STTLng">27800.88</dst>
            <dst id="WASHng">252519.789333333</dst>
        </src>
    </IntraTM>
</TrafficMatrixFile>
