<?xml version="1.0" encoding="ISO-8859-1" standalone="yes"?>
<TrafficMatrixFile xsi:noNamespaceSchemaLocation="http://totem.run.montefiore.ulg.ac.be/Schema/TrafficMatrix-v1_2.xsd" xmlns:xsi="http://www.w3.org/2001/XMLSchema-instance">
    <IntraTM ASID="11537">
        <src id="ATLA-M5">
            <dst id="ATLA-M5">1178.56266666667</dst>
            <dst id="ATLAng">106.666666666667</dst>
            <dst id="CHINng">1808.03466666667</dst>
            <dst id="DNVRng">144.565333333333</dst>
            <dst id="HSTNng">70.456</dst>
            <dst id="IPLSng">238.376</dst>
            <dst id="KSCYng">165.466666666667</dst>
            <dst id="LOSAng">216.301333333333</dst>
            <dst id="NYCMng">389.962666666667</dst>
            <dst id="SNVAng">0</dst>
            <dst id="STTLng">80</dst>
            <dst id="WASHng">3873.12266666667</dst>
        </src>
        <src id="ATLAng">
            <dst id="ATLA-M5">566.245333333333</dst>
            <dst id="ATLAng">49623.704</dst>
            <dst id="CHINng">16559.792</dst>
            <dst id="DNVRng">7158.90133333333</dst>
            <dst id="HSTNng">3313.62133333333</dst>
            <dst id="IPLSng">13694.664</dst>
            <dst id="KSCYng">2553.91466666667</dst>
            <dst id="LOSAng">17664.6826666667</dst>
            <dst id="NYCMng">12796.7253333333</dst>
            <dst id="SNVAng">795.912</dst>
            <dst id="STTLng">9853.67733333333</dst>
            <dst id="WASHng">42406.9973333333</dst>
        </src>
        <src id="CHINng">
            <dst id="ATLA-M5">1306.92533333333</dst>
            <dst id="ATLAng">21422.8506666667</dst>
            <dst id="CHINng">107065.96</dst>
            <dst id="DNVRng">23653.0106666667</dst>
            <dst id="HSTNng">52538.2213333333</dst>
            <dst id="IPLSng">41764.3146666667</dst>
            <dst id="KSCYng">15280.7973333333</dst>
            <dst id="LOSAng">44730.1866666667</dst>
            <dst id="NYCMng">23137.3893333333</dst>
            <dst id="SNVAng">1519.57866666667</dst>
            <dst id="STTLng">9769.02933333333</dst>
            <dst id="WASHng">30066.1626666667</dst>
        </src>
        <src id="DNVRng">
            <dst id="ATLA-M5">301.912</dst>
            <dst id="ATLAng">5554.216</dst>
            <dst id="CHINng">63548.0986666667</dst>
            <dst id="DNVRng">10803.2346666667</dst>
            <dst id="HSTNng">11620.0053333333</dst>
            <dst id="IPLSng">30012.0293333333</dst>
            <dst id="KSCYng">15402.1466666667</dst>
            <dst id="LOSAng">5169.73333333333</dst>
            <dst id="NYCMng">15019.744</dst>
            <dst id="SNVAng">12770.744</dst>
            <dst id="STTLng">11002.9226666667</dst>
            <dst id="WASHng">44942.4213333333</dst>
        </src>
        <src id="HSTNng">
            <dst id="ATLA-M5">433.76</dst>
            <dst id="ATLAng">3829.95466666667</dst>
            <dst id="CHINng">29770.4666666667</dst>
            <dst id="DNVRng">4295.392</dst>
            <dst id="HSTNng">5226.21066666667</dst>
            <dst id="IPLSng">5772.73866666667</dst>
            <dst id="KSCYng">3713.66133333333</dst>
            <dst id="LOSAng">6602.31733333333</dst>
            <dst id="NYCMng">9083.54133333333</dst>
            <dst id="SNVAng">1809.29866666667</dst>
            <dst id="STTLng">1906.13866666667</dst>
            <dst id="WASHng">6554.96266666667</dst>
        </src>
        <src id="IPLSng">
            <dst id="ATLA-M5">316.96</dst>
            <dst id="ATLAng">17213.3093333333</dst>
            <dst id="CHINng">113387.941333333</dst>
            <dst id="DNVRng">17967.3893333333</dst>
            <dst id="HSTNng">6265.83466666667</dst>
            <dst id="IPLSng">27617.1093333333</dst>
            <dst id="KSCYng">10481.5573333333</dst>
            <dst id="LOSAng">36670.2666666667</dst>
            <dst id="NYCMng">48503.04</dst>
            <dst id="SNVAng">2777.136</dst>
            <dst id="STTLng">13489.472</dst>
            <dst id="WASHng">36411.8</dst>
        </src>
        <src id="KSCYng">
            <dst id="ATLA-M5">139.877333333333</dst>
            <dst id="ATLAng">4032.41333333333</dst>
            <dst id="CHINng">35755.1333333333</dst>
            <dst id="DNVRng">8757.03466666667</dst>
            <dst id="HSTNng">4019.62133333333</dst>
            <dst id="IPLSng">20895.8293333333</dst>
            <dst id="KSCYng">8197.19466666667</dst>
            <dst id="LOSAng">6249.408</dst>
            <dst id="NYCMng">7157.51733333333</dst>
            <dst id="SNVAng">621.056</dst>
            <dst id="STTLng">1679.36</dst>
            <dst id="WASHng">16944.128</dst>
        </src>
        <src id="LOSAng">
            <dst id="ATLA-M5">1496.92</dst>
            <dst id="ATLAng">24893.7066666667</dst>
            <dst id="CHINng">1104241.52</dst>
            <dst id="DNVRng">11855.408</dst>
            <dst id="HSTNng">12486.8053333333</dst>
            <dst id="IPLSng">56814.2186666666</dst>
            <dst id="KSCYng">10429.4533333333</dst>
            <dst id="LOSAng">8515.93066666667</dst>
            <dst id="NYCMng">80205.7306666667</dst>
            <dst id="SNVAng">16250.0666666667</dst>
            <dst id="STTLng">27475.9173333333</dst>
            <dst id="WASHng">106245.178666667</dst>
        </src>
        <src id="NYCMng">
            <dst id="ATLA-M5">1715.97333333333</dst>
            <dst id="ATLAng">45289.0026666667</dst>
            <dst id="CHINng">64130.272</dst>
            <dst id="DNVRng">31123.1813333333</dst>
            <dst id="HSTNng">18089.768</dst>
            <dst id="IPLSng">84608.448</dst>
            <dst id="KSCYng">16210.656</dst>
            <dst id="LOSAng">67450.928</dst>
            <dst id="NYCMng">207259.058666667</dst>
            <dst id="SNVAng">8167.77866666667</dst>
            <dst id="STTLng">20469.6746666667</dst>
            <dst id="WASHng">125270.944</dst>
        </src>
        <src id="SNVAng">
            <dst id="ATLA-M5">0</dst>
            <dst id="ATLAng">1025.09866666667</dst>
            <dst id="CHINng">1614.74666666667</dst>
            <dst id="DNVRng">4324.55466666667</dst>
            <dst id="HSTNng">404.290666666667</dst>
            <dst id="IPLSng">4058.984</dst>
            <dst id="KSCYng">322.213333333333</dst>
            <dst id="LOSAng">36958.4986666667</dst>
            <dst id="NYCMng">748.882666666667</dst>
            <dst id="SNVAng">13222.528</dst>
            <dst id="STTLng">50701.1493333333</dst>
            <dst id="WASHng">1053.36266666667</dst>
        </src>
        <src id="STTLng">
            <dst id="ATLA-M5">281.901333333333</dst>
            <dst id="ATLAng">10066.6986666667</dst>
            <dst id="CHINng">19745.784</dst>
            <dst id="DNVRng">4617.19733333333</dst>
            <dst id="HSTNng">10018.8</dst>
            <dst id="IPLSng">5800.952</dst>
            <dst id="KSCYng">3840.26666666667</dst>
            <dst id="LOSAng">15001.056</dst>
            <dst id="NYCMng">12351.32</dst>
            <dst id="SNVAng">3679.43733333333</dst>
            <dst id="STTLng">5987.79466666667</dst>
            <dst id="WASHng">10018.56</dst>
        </src>
        <src id="WASHng">
            <dst id="ATLA-M5">1167.37333333333</dst>
            <dst id="ATLAng">85015.7813333333</dst>
            <dst id="CHINng">76806.9706666667</dst>
            <dst id="DNVRng">48071.5253333333</dst>
            <dst id="HSTNng">14992.5786666667</dst>
            <dst id="IPLSng">62701.6613333333</dst>
            <dst id="KSCYng">21496.4773333333</dst>
            <dst id="LOSAng">112722.416</dst>
            <dst id="NYCMng">172749.888</dst>
            <dst id="SNVAng">9944.97333333333</dst>
            <dst id="STTLng">35601.8533333333</dst>
            <dst id="WASHng">222864.306666667</dst>
        </src>
    </IntraTM>
</TrafficMatrixFile>
