<?xml version="1.0" encoding="ISO-8859-1" standalone="yes"?>
<TrafficMatrixFile xsi:noNamespaceSchemaLocation="http://totem.run.montefiore.ulg.ac.be/Schema/TrafficMatrix-v1_2.xsd" xmlns:xsi="http://www.w3.org/2001/XMLSchema-instance">
    <IntraTM ASID="11537">
        <src id="ATLA-M5">
            <dst id="ATLA-M5">1218.11466666667</dst>
            <dst id="ATLAng">102.517333333333</dst>
            <dst id="CHINng">266.608</dst>
            <dst id="DNVRng">0</dst>
            <dst id="HSTNng">165.293333333333</dst>
            <dst id="IPLSng">364.341333333333</dst>
            <dst id="KSCYng">390.698666666667</dst>
            <dst id="LOSAng">106.666666666667</dst>
            <dst id="NYCMng">106.666666666667</dst>
            <dst id="SNVAng">0</dst>
            <dst id="STTLng">26.6666666666667</dst>
            <dst id="WASHng">1347.57066666667</dst>
        </src>
        <src id="ATLAng">
            <dst id="ATLA-M5">423.317333333333</dst>
            <dst id="ATLAng">56975.0106666667</dst>
            <dst id="CHINng">15003.2373333333</dst>
            <dst id="DNVRng">2687.69066666667</dst>
            <dst id="HSTNng">2642.92533333333</dst>
            <dst id="IPLSng">15666.232</dst>
            <dst id="KSCYng">1301.77066666667</dst>
            <dst id="LOSAng">20158.744</dst>
            <dst id="NYCMng">16571.5813333333</dst>
            <dst id="SNVAng">154.976</dst>
            <dst id="STTLng">4993.05333333333</dst>
            <dst id="WASHng">40528.6933333333</dst>
        </src>
        <src id="CHINng">
            <dst id="ATLA-M5">626.632</dst>
            <dst id="ATLAng">19065.1226666667</dst>
            <dst id="CHINng">107350.736</dst>
            <dst id="DNVRng">18772.7946666667</dst>
            <dst id="HSTNng">49708.1733333333</dst>
            <dst id="IPLSng">41323.4933333333</dst>
            <dst id="KSCYng">16775.0613333333</dst>
            <dst id="LOSAng">84602.7493333334</dst>
            <dst id="NYCMng">26790.4533333333</dst>
            <dst id="SNVAng">1381.568</dst>
            <dst id="STTLng">11831.7386666667</dst>
            <dst id="WASHng">30363.7226666667</dst>
        </src>
        <src id="DNVRng">
            <dst id="ATLA-M5">151.626666666667</dst>
            <dst id="ATLAng">5591.22933333333</dst>
            <dst id="CHINng">56899.328</dst>
            <dst id="DNVRng">12912.52</dst>
            <dst id="HSTNng">14952.536</dst>
            <dst id="IPLSng">37388.6213333333</dst>
            <dst id="KSCYng">17184.8666666667</dst>
            <dst id="LOSAng">6361.93066666667</dst>
            <dst id="NYCMng">17238.096</dst>
            <dst id="SNVAng">9467.74133333333</dst>
            <dst id="STTLng">11184.616</dst>
            <dst id="WASHng">44448.4613333333</dst>
        </src>
        <src id="HSTNng">
            <dst id="ATLA-M5">451.36</dst>
            <dst id="ATLAng">2027.45866666667</dst>
            <dst id="CHINng">20777.872</dst>
            <dst id="DNVRng">2430.848</dst>
            <dst id="HSTNng">13758.8986666667</dst>
            <dst id="IPLSng">2258.888</dst>
            <dst id="KSCYng">1648.34133333333</dst>
            <dst id="LOSAng">3403.97866666667</dst>
            <dst id="NYCMng">5330.384</dst>
            <dst id="SNVAng">650.941333333333</dst>
            <dst id="STTLng">3072.44533333333</dst>
            <dst id="WASHng">10038.8853333333</dst>
        </src>
        <src id="IPLSng">
            <dst id="ATLA-M5">218.352</dst>
            <dst id="ATLAng">19864.5493333333</dst>
            <dst id="CHINng">75710.2106666667</dst>
            <dst id="DNVRng">25742.4613333333</dst>
            <dst id="HSTNng">2826.408</dst>
            <dst id="IPLSng">11168.9706666667</dst>
            <dst id="KSCYng">3562.584</dst>
            <dst id="LOSAng">21915.2266666667</dst>
            <dst id="NYCMng">42650.5546666667</dst>
            <dst id="SNVAng">945.290666666666</dst>
            <dst id="STTLng">7135.98666666667</dst>
            <dst id="WASHng">34753.3626666667</dst>
        </src>
        <src id="KSCYng">
            <dst id="ATLA-M5">162.010666666667</dst>
            <dst id="ATLAng">2104.53333333333</dst>
            <dst id="CHINng">22502.2346666667</dst>
            <dst id="DNVRng">13884.1973333333</dst>
            <dst id="HSTNng">3777.64</dst>
            <dst id="IPLSng">21309.2986666667</dst>
            <dst id="KSCYng">11796.4933333333</dst>
            <dst id="LOSAng">6265.71466666667</dst>
            <dst id="NYCMng">5442.07466666667</dst>
            <dst id="SNVAng">1200.12266666667</dst>
            <dst id="STTLng">1247.65866666667</dst>
            <dst id="WASHng">11176.304</dst>
        </src>
        <src id="LOSAng">
            <dst id="ATLA-M5">1699.21066666667</dst>
            <dst id="ATLAng">16486.5786666667</dst>
            <dst id="CHINng">93702.0853333333</dst>
            <dst id="DNVRng">10290.2693333333</dst>
            <dst id="HSTNng">7580.824</dst>
            <dst id="IPLSng">28054.4213333333</dst>
            <dst id="KSCYng">8840.07466666667</dst>
            <dst id="LOSAng">10757.424</dst>
            <dst id="NYCMng">74201.072</dst>
            <dst id="SNVAng">8398.97066666667</dst>
            <dst id="STTLng">24662.3813333333</dst>
            <dst id="WASHng">131717.546666667</dst>
        </src>
        <src id="NYCMng">
            <dst id="ATLA-M5">1437.19466666667</dst>
            <dst id="ATLAng">26498.664</dst>
            <dst id="CHINng">49064.4186666667</dst>
            <dst id="DNVRng">31413.768</dst>
            <dst id="HSTNng">5400.312</dst>
            <dst id="IPLSng">45893.528</dst>
            <dst id="KSCYng">11095.6186666667</dst>
            <dst id="LOSAng">45108.1946666667</dst>
            <dst id="NYCMng">130691.853333333</dst>
            <dst id="SNVAng">2026.88</dst>
            <dst id="STTLng">24076.8346666667</dst>
            <dst id="WASHng">100881.557333333</dst>
        </src>
        <src id="SNVAng">
            <dst id="ATLA-M5">0</dst>
            <dst id="ATLAng">267.402666666667</dst>
            <dst id="CHINng">1375.88266666667</dst>
            <dst id="DNVRng">4526.69333333333</dst>
            <dst id="HSTNng">279.066666666667</dst>
            <dst id="IPLSng">7495.72533333334</dst>
            <dst id="KSCYng">26.6666666666667</dst>
            <dst id="LOSAng">31617.9226666667</dst>
            <dst id="NYCMng">613.458666666667</dst>
            <dst id="SNVAng">10085.376</dst>
            <dst id="STTLng">46728.072</dst>
            <dst id="WASHng">515.810666666667</dst>
        </src>
        <src id="STTLng">
            <dst id="ATLA-M5">137.504</dst>
            <dst id="ATLAng">6809.99466666667</dst>
            <dst id="CHINng">12732.28</dst>
            <dst id="DNVRng">2549.39733333333</dst>
            <dst id="HSTNng">5959.12266666667</dst>
            <dst id="IPLSng">3553.57066666667</dst>
            <dst id="KSCYng">5171.83733333333</dst>
            <dst id="LOSAng">14194.8506666667</dst>
            <dst id="NYCMng">7748.75466666667</dst>
            <dst id="SNVAng">4855.104</dst>
            <dst id="STTLng">7010.47466666667</dst>
            <dst id="WASHng">10329.208</dst>
        </src>
        <src id="WASHng">
            <dst id="ATLA-M5">309.893333333333</dst>
            <dst id="ATLAng">112140.445333333</dst>
            <dst id="CHINng">66491.8266666667</dst>
            <dst id="DNVRng">52103.4533333333</dst>
            <dst id="HSTNng">20204.3146666667</dst>
            <dst id="IPLSng">63719.8266666667</dst>
            <dst id="KSCYng">23107.9093333333</dst>
            <dst id="LOSAng">100685.194666667</dst>
            <dst id="NYCMng">146531.869333333</dst>
            <dst id="SNVAng">725.162666666667</dst>
            <dst id="STTLng">40604.2053333333</dst>
            <dst id="WASHng">255825.426666667</dst>
        </src>
    </IntraTM>
</TrafficMatrixFile>
