<?xml version="1.0" encoding="ISO-8859-1" standalone="yes"?>
<TrafficMatrixFile xsi:noNamespaceSchemaLocation="http://totem.run.montefiore.ulg.ac.be/Schema/TrafficMatrix-v1_2.xsd" xmlns:xsi="http://www.w3.org/2001/XMLSchema-instance">
    <IntraTM ASID="11537">
        <src id="ATLA-M5">
            <dst id="ATLA-M5">38.7946666666667</dst>
            <dst id="ATLAng">66.6666666666667</dst>
            <dst id="CHINng">1064.63466666667</dst>
            <dst id="DNVRng">458.826666666667</dst>
            <dst id="HSTNng">83.8933333333333</dst>
            <dst id="IPLSng">292.984</dst>
            <dst id="KSCYng">0</dst>
            <dst id="LOSAng">227.533333333333</dst>
            <dst id="NYCMng">499.032</dst>
            <dst id="SNVAng">164.832</dst>
            <dst id="STTLng">131.877333333333</dst>
            <dst id="WASHng">289.290666666667</dst>
        </src>
        <src id="ATLAng">
            <dst id="ATLA-M5">260.957333333333</dst>
            <dst id="ATLAng">49866.128</dst>
            <dst id="CHINng">15553.0106666667</dst>
            <dst id="DNVRng">5401.66133333333</dst>
            <dst id="HSTNng">4837.368</dst>
            <dst id="IPLSng">27833.1333333333</dst>
            <dst id="KSCYng">2767.14933333333</dst>
            <dst id="LOSAng">19699.392</dst>
            <dst id="NYCMng">12103.5573333333</dst>
            <dst id="SNVAng">634.722666666667</dst>
            <dst id="STTLng">4753.10933333333</dst>
            <dst id="WASHng">33444.4693333333</dst>
        </src>
        <src id="CHINng">
            <dst id="ATLA-M5">653.048</dst>
            <dst id="ATLAng">16807.752</dst>
            <dst id="CHINng">92229.7333333333</dst>
            <dst id="DNVRng">18817.2746666667</dst>
            <dst id="HSTNng">39484.2506666667</dst>
            <dst id="IPLSng">46200.5226666667</dst>
            <dst id="KSCYng">12112.8586666667</dst>
            <dst id="LOSAng">74601.6266666667</dst>
            <dst id="NYCMng">19924.9973333333</dst>
            <dst id="SNVAng">2381.47733333333</dst>
            <dst id="STTLng">13243.3093333333</dst>
            <dst id="WASHng">35781.0373333333</dst>
        </src>
        <src id="DNVRng">
            <dst id="ATLA-M5">554.597333333333</dst>
            <dst id="ATLAng">8517.4</dst>
            <dst id="CHINng">77169.1946666667</dst>
            <dst id="DNVRng">13456.1706666667</dst>
            <dst id="HSTNng">16383.1546666667</dst>
            <dst id="IPLSng">29562.448</dst>
            <dst id="KSCYng">21349.2213333333</dst>
            <dst id="LOSAng">5283.36266666667</dst>
            <dst id="NYCMng">19104.4106666667</dst>
            <dst id="SNVAng">11662.0026666667</dst>
            <dst id="STTLng">10193.1466666667</dst>
            <dst id="WASHng">48170.7973333333</dst>
        </src>
        <src id="HSTNng">
            <dst id="ATLA-M5">2236.992</dst>
            <dst id="ATLAng">3122.95466666667</dst>
            <dst id="CHINng">15660.0853333333</dst>
            <dst id="DNVRng">3408.872</dst>
            <dst id="HSTNng">8342.91466666667</dst>
            <dst id="IPLSng">3172.38133333333</dst>
            <dst id="KSCYng">2490.13333333333</dst>
            <dst id="LOSAng">7270.08</dst>
            <dst id="NYCMng">2950.65866666667</dst>
            <dst id="SNVAng">1721.45066666667</dst>
            <dst id="STTLng">2105.92</dst>
            <dst id="WASHng">13946.9733333333</dst>
        </src>
        <src id="IPLSng">
            <dst id="ATLA-M5">806.952</dst>
            <dst id="ATLAng">24803.8346666667</dst>
            <dst id="CHINng">79808.936</dst>
            <dst id="DNVRng">25334.224</dst>
            <dst id="HSTNng">6311.79466666666</dst>
            <dst id="IPLSng">22948.7893333333</dst>
            <dst id="KSCYng">5876.68266666667</dst>
            <dst id="LOSAng">44780.344</dst>
            <dst id="NYCMng">27898.208</dst>
            <dst id="SNVAng">1652.09866666667</dst>
            <dst id="STTLng">11501.3466666667</dst>
            <dst id="WASHng">37432.6426666667</dst>
        </src>
        <src id="KSCYng">
            <dst id="ATLA-M5">58.5706666666667</dst>
            <dst id="ATLAng">2206.48</dst>
            <dst id="CHINng">24568.208</dst>
            <dst id="DNVRng">17631.4586666667</dst>
            <dst id="HSTNng">3705.72266666667</dst>
            <dst id="IPLSng">10684.3946666667</dst>
            <dst id="KSCYng">11047.16</dst>
            <dst id="LOSAng">8897.33333333334</dst>
            <dst id="NYCMng">4241.8</dst>
            <dst id="SNVAng">494.104</dst>
            <dst id="STTLng">3434.67466666667</dst>
            <dst id="WASHng">11835.4293333333</dst>
        </src>
        <src id="LOSAng">
            <dst id="ATLA-M5">1486.592</dst>
            <dst id="ATLAng">14406.4533333333</dst>
            <dst id="CHINng">90393.9653333333</dst>
            <dst id="DNVRng">10279.024</dst>
            <dst id="HSTNng">8763.04533333333</dst>
            <dst id="IPLSng">46035.4426666667</dst>
            <dst id="KSCYng">7986.488</dst>
            <dst id="LOSAng">10357.992</dst>
            <dst id="NYCMng">56081.528</dst>
            <dst id="SNVAng">11616.6746666667</dst>
            <dst id="STTLng">20988.4106666667</dst>
            <dst id="WASHng">123180.386666667</dst>
        </src>
        <src id="NYCMng">
            <dst id="ATLA-M5">1496.89333333333</dst>
            <dst id="ATLAng">33113.9386666667</dst>
            <dst id="CHINng">61183.4613333333</dst>
            <dst id="DNVRng">38552.5706666667</dst>
            <dst id="HSTNng">16080.0026666667</dst>
            <dst id="IPLSng">52055.928</dst>
            <dst id="KSCYng">16452.7893333333</dst>
            <dst id="LOSAng">79801.576</dst>
            <dst id="NYCMng">148941.6</dst>
            <dst id="SNVAng">3437.90933333333</dst>
            <dst id="STTLng">21510.0986666667</dst>
            <dst id="WASHng">149469.114666667</dst>
        </src>
        <src id="SNVAng">
            <dst id="ATLA-M5">0</dst>
            <dst id="ATLAng">184.016</dst>
            <dst id="CHINng">1297.79733333333</dst>
            <dst id="DNVRng">8412.144</dst>
            <dst id="HSTNng">198.797333333333</dst>
            <dst id="IPLSng">829.125333333334</dst>
            <dst id="KSCYng">405.370666666667</dst>
            <dst id="LOSAng">50129.1093333333</dst>
            <dst id="NYCMng">876.421333333333</dst>
            <dst id="SNVAng">16240.056</dst>
            <dst id="STTLng">59293.0186666667</dst>
            <dst id="WASHng">245.629333333333</dst>
        </src>
        <src id="STTLng">
            <dst id="ATLA-M5">53.3333333333333</dst>
            <dst id="ATLAng">7528.18933333333</dst>
            <dst id="CHINng">16183.5493333333</dst>
            <dst id="DNVRng">3132.28</dst>
            <dst id="HSTNng">6935.81333333333</dst>
            <dst id="IPLSng">10016.3466666667</dst>
            <dst id="KSCYng">3824.272</dst>
            <dst id="LOSAng">18981.176</dst>
            <dst id="NYCMng">5620.94133333333</dst>
            <dst id="SNVAng">4540.32266666667</dst>
            <dst id="STTLng">5440.384</dst>
            <dst id="WASHng">9804.416</dst>
        </src>
        <src id="WASHng">
            <dst id="ATLA-M5">493.642666666667</dst>
            <dst id="ATLAng">74746.6826666667</dst>
            <dst id="CHINng">93930.0693333333</dst>
            <dst id="DNVRng">65910.7866666667</dst>
            <dst id="HSTNng">40908.0506666667</dst>
            <dst id="IPLSng">69354.776</dst>
            <dst id="KSCYng">15897.1946666667</dst>
            <dst id="LOSAng">100796.602666667</dst>
            <dst id="NYCMng">154515.330666667</dst>
            <dst id="SNVAng">8740.39733333333</dst>
            <dst id="STTLng">28097.4373333333</dst>
            <dst id="WASHng">245805.984</dst>
        </src>
    </IntraTM>
</TrafficMatrixFile>
