<?xml version="1.0" encoding="ISO-8859-1" standalone="yes"?>
<TrafficMatrixFile xsi:noNamespaceSchemaLocation="http://totem.run.montefiore.ulg.ac.be/Schema/TrafficMatrix-v1_2.xsd" xmlns:xsi="http://www.w3.org/2001/XMLSchema-instance">
    <IntraTM ASID="11537">
        <src id="ATLA-M5">
            <dst id="ATLA-M5">37.936</dst>
            <dst id="ATLAng">53.3333333333333</dst>
            <dst id="CHINng">142.368</dst>
            <dst id="DNVRng">0</dst>
            <dst id="HSTNng">110.005333333333</dst>
            <dst id="IPLSng">186.413333333333</dst>
            <dst id="KSCYng">124.384</dst>
            <dst id="LOSAng">196.890666666667</dst>
            <dst id="NYCMng">1087.21066666667</dst>
            <dst id="SNVAng">145.12</dst>
            <dst id="STTLng">0</dst>
            <dst id="WASHng">2051.52266666667</dst>
        </src>
        <src id="ATLAng">
            <dst id="ATLA-M5">225.274666666667</dst>
            <dst id="ATLAng">23311.0026666667</dst>
            <dst id="CHINng">15903.1813333333</dst>
            <dst id="DNVRng">7558.52533333333</dst>
            <dst id="HSTNng">4058.58666666667</dst>
            <dst id="IPLSng">15259.6693333333</dst>
            <dst id="KSCYng">1672.456</dst>
            <dst id="LOSAng">14834.2613333333</dst>
            <dst id="NYCMng">5449.56533333333</dst>
            <dst id="SNVAng">890.653333333333</dst>
            <dst id="STTLng">4453.584</dst>
            <dst id="WASHng">37193.6186666667</dst>
        </src>
        <src id="CHINng">
            <dst id="ATLA-M5">608.677333333333</dst>
            <dst id="ATLAng">21097.8746666667</dst>
            <dst id="CHINng">120145.141333333</dst>
            <dst id="DNVRng">29797.6693333333</dst>
            <dst id="HSTNng">45360.4933333333</dst>
            <dst id="IPLSng">60141.8986666667</dst>
            <dst id="KSCYng">9514.39733333333</dst>
            <dst id="LOSAng">40606.0746666667</dst>
            <dst id="NYCMng">21676.5573333333</dst>
            <dst id="SNVAng">2163.77066666667</dst>
            <dst id="STTLng">15558.5573333333</dst>
            <dst id="WASHng">17729.3733333333</dst>
        </src>
        <src id="DNVRng">
            <dst id="ATLA-M5">168.586666666667</dst>
            <dst id="ATLAng">4879.43733333333</dst>
            <dst id="CHINng">85283.856</dst>
            <dst id="DNVRng">3992.66933333333</dst>
            <dst id="HSTNng">17601.0693333333</dst>
            <dst id="IPLSng">23053.48</dst>
            <dst id="KSCYng">12019.936</dst>
            <dst id="LOSAng">3101.39466666667</dst>
            <dst id="NYCMng">16295.216</dst>
            <dst id="SNVAng">3787.256</dst>
            <dst id="STTLng">7321.14933333333</dst>
            <dst id="WASHng">35392.232</dst>
        </src>
        <src id="HSTNng">
            <dst id="ATLA-M5">3670.81333333333</dst>
            <dst id="ATLAng">722.402666666667</dst>
            <dst id="CHINng">17128.9013333333</dst>
            <dst id="DNVRng">1166.32533333333</dst>
            <dst id="HSTNng">4490.96</dst>
            <dst id="IPLSng">3237.17866666667</dst>
            <dst id="KSCYng">5619.48266666667</dst>
            <dst id="LOSAng">15146.7546666667</dst>
            <dst id="NYCMng">4078.608</dst>
            <dst id="SNVAng">474.610666666667</dst>
            <dst id="STTLng">2202.62133333333</dst>
            <dst id="WASHng">7448.99466666666</dst>
        </src>
        <src id="IPLSng">
            <dst id="ATLA-M5">404.872</dst>
            <dst id="ATLAng">13068.432</dst>
            <dst id="CHINng">131511.245333333</dst>
            <dst id="DNVRng">21344.9306666667</dst>
            <dst id="HSTNng">5666.16533333333</dst>
            <dst id="IPLSng">13494.08</dst>
            <dst id="KSCYng">5516.24266666667</dst>
            <dst id="LOSAng">15819.5333333333</dst>
            <dst id="NYCMng">73832.7973333334</dst>
            <dst id="SNVAng">1016.56533333333</dst>
            <dst id="STTLng">11751.2906666667</dst>
            <dst id="WASHng">53778.8826666666</dst>
        </src>
        <src id="KSCYng">
            <dst id="ATLA-M5">286.618666666667</dst>
            <dst id="ATLAng">1501</dst>
            <dst id="CHINng">30939.5226666667</dst>
            <dst id="DNVRng">9244.01333333333</dst>
            <dst id="HSTNng">3843.60533333333</dst>
            <dst id="IPLSng">12327.9093333333</dst>
            <dst id="KSCYng">8916.04533333333</dst>
            <dst id="LOSAng">20181.952</dst>
            <dst id="NYCMng">4885.46666666667</dst>
            <dst id="SNVAng">53.3333333333333</dst>
            <dst id="STTLng">1022.392</dst>
            <dst id="WASHng">17673.3973333333</dst>
        </src>
        <src id="LOSAng">
            <dst id="ATLA-M5">1528.32533333333</dst>
            <dst id="ATLAng">12382.44</dst>
            <dst id="CHINng">73373.608</dst>
            <dst id="DNVRng">7214.664</dst>
            <dst id="HSTNng">20439.1493333333</dst>
            <dst id="IPLSng">28657.808</dst>
            <dst id="KSCYng">8875.088</dst>
            <dst id="LOSAng">17232.504</dst>
            <dst id="NYCMng">56223.0106666667</dst>
            <dst id="SNVAng">10937.7386666667</dst>
            <dst id="STTLng">31703.2213333333</dst>
            <dst id="WASHng">88432.5013333333</dst>
        </src>
        <src id="NYCMng">
            <dst id="ATLA-M5">3246.16266666667</dst>
            <dst id="ATLAng">19519.8106666667</dst>
            <dst id="CHINng">50499.4746666667</dst>
            <dst id="DNVRng">32901.6506666667</dst>
            <dst id="HSTNng">9210.632</dst>
            <dst id="IPLSng">46461.3066666667</dst>
            <dst id="KSCYng">11418.2586666667</dst>
            <dst id="LOSAng">40607.8933333333</dst>
            <dst id="NYCMng">186954.221333333</dst>
            <dst id="SNVAng">2666.92533333333</dst>
            <dst id="STTLng">25411.7066666667</dst>
            <dst id="WASHng">85665.744</dst>
        </src>
        <src id="SNVAng">
            <dst id="ATLA-M5">26.6666666666667</dst>
            <dst id="ATLAng">80</dst>
            <dst id="CHINng">1096.96266666667</dst>
            <dst id="DNVRng">1174.97066666667</dst>
            <dst id="HSTNng">85.504</dst>
            <dst id="IPLSng">428.072</dst>
            <dst id="KSCYng">64.8</dst>
            <dst id="LOSAng">33184.5733333333</dst>
            <dst id="NYCMng">480.704</dst>
            <dst id="SNVAng">13768.5946666667</dst>
            <dst id="STTLng">57349.5413333333</dst>
            <dst id="WASHng">129.885333333333</dst>
        </src>
        <src id="STTLng">
            <dst id="ATLA-M5">161.317333333333</dst>
            <dst id="ATLAng">5448.52266666667</dst>
            <dst id="CHINng">21466.6666666667</dst>
            <dst id="DNVRng">1161.13866666667</dst>
            <dst id="HSTNng">2722.54666666667</dst>
            <dst id="IPLSng">5299.41333333333</dst>
            <dst id="KSCYng">3258.89866666667</dst>
            <dst id="LOSAng">14741.0053333333</dst>
            <dst id="NYCMng">7671.53333333333</dst>
            <dst id="SNVAng">4756.704</dst>
            <dst id="STTLng">1538.904</dst>
            <dst id="WASHng">6692.86933333333</dst>
        </src>
        <src id="WASHng">
            <dst id="ATLA-M5">910.053333333333</dst>
            <dst id="ATLAng">72352.768</dst>
            <dst id="CHINng">72639.2133333333</dst>
            <dst id="DNVRng">54272.7813333333</dst>
            <dst id="HSTNng">10025.6373333333</dst>
            <dst id="IPLSng">65537.8106666667</dst>
            <dst id="KSCYng">16608.656</dst>
            <dst id="LOSAng">97875.3093333334</dst>
            <dst id="NYCMng">194798.058666667</dst>
            <dst id="SNVAng">4085.976</dst>
            <dst id="STTLng">31310.1653333333</dst>
            <dst id="WASHng">287005.04</dst>
        </src>
    </IntraTM>
</TrafficMatrixFile>
