<?xml version="1.0" encoding="ISO-8859-1" standalone="yes"?>
<TrafficMatrixFile xsi:noNamespaceSchemaLocation="http://totem.run.montefiore.ulg.ac.be/Schema/TrafficMatrix-v1_2.xsd" xmlns:xsi="http://www.w3.org/2001/XMLSchema-instance">
    <IntraTM ASID="11537">
        <src id="ATLA-M5">
            <dst id="ATLA-M5">0</dst>
            <dst id="ATLAng">1097.78933333333</dst>
            <dst id="CHINng">1150.448</dst>
            <dst id="DNVRng">638.002666666667</dst>
            <dst id="HSTNng">123.418666666667</dst>
            <dst id="IPLSng">459.672</dst>
            <dst id="KSCYng">53.3333333333333</dst>
            <dst id="LOSAng">780.48</dst>
            <dst id="NYCMng">82.2773333333333</dst>
            <dst id="SNVAng">47.9306666666667</dst>
            <dst id="STTLng">80</dst>
            <dst id="WASHng">758.992</dst>
        </src>
        <src id="ATLAng">
            <dst id="ATLA-M5">3073.02666666667</dst>
            <dst id="ATLAng">23483.8266666667</dst>
            <dst id="CHINng">23581.7493333333</dst>
            <dst id="DNVRng">5196.09066666667</dst>
            <dst id="HSTNng">3266.59466666667</dst>
            <dst id="IPLSng">23960.2826666667</dst>
            <dst id="KSCYng">5028.28533333333</dst>
            <dst id="LOSAng">27680.3013333333</dst>
            <dst id="NYCMng">9860.00533333333</dst>
            <dst id="SNVAng">1330.57333333333</dst>
            <dst id="STTLng">5026.73333333333</dst>
            <dst id="WASHng">49823.7173333333</dst>
        </src>
        <src id="CHINng">
            <dst id="ATLA-M5">1459.78933333333</dst>
            <dst id="ATLAng">30047.2826666667</dst>
            <dst id="CHINng">74687.208</dst>
            <dst id="DNVRng">32354.72</dst>
            <dst id="HSTNng">52237.6426666667</dst>
            <dst id="IPLSng">54359.6906666666</dst>
            <dst id="KSCYng">22150.5306666667</dst>
            <dst id="LOSAng">65568.9706666667</dst>
            <dst id="NYCMng">26581.5546666667</dst>
            <dst id="SNVAng">7399.408</dst>
            <dst id="STTLng">14694.8693333333</dst>
            <dst id="WASHng">22882.4026666667</dst>
        </src>
        <src id="DNVRng">
            <dst id="ATLA-M5">243.178666666667</dst>
            <dst id="ATLAng">4415</dst>
            <dst id="CHINng">71032.1173333333</dst>
            <dst id="DNVRng">9268.00533333333</dst>
            <dst id="HSTNng">15000.208</dst>
            <dst id="IPLSng">28304.552</dst>
            <dst id="KSCYng">14189.776</dst>
            <dst id="LOSAng">12248.2053333333</dst>
            <dst id="NYCMng">19315.8746666667</dst>
            <dst id="SNVAng">8666.776</dst>
            <dst id="STTLng">8245.68</dst>
            <dst id="WASHng">50836.0826666667</dst>
        </src>
        <src id="HSTNng">
            <dst id="ATLA-M5">3072.73066666667</dst>
            <dst id="ATLAng">2357.68266666667</dst>
            <dst id="CHINng">17588.1386666667</dst>
            <dst id="DNVRng">3569.848</dst>
            <dst id="HSTNng">6188.87733333333</dst>
            <dst id="IPLSng">8166.10933333333</dst>
            <dst id="KSCYng">6491.872</dst>
            <dst id="LOSAng">13335.0986666667</dst>
            <dst id="NYCMng">5731.02933333333</dst>
            <dst id="SNVAng">540.192</dst>
            <dst id="STTLng">2979.76</dst>
            <dst id="WASHng">7431.74933333333</dst>
        </src>
        <src id="IPLSng">
            <dst id="ATLA-M5">717.408</dst>
            <dst id="ATLAng">30952.8346666667</dst>
            <dst id="CHINng">112790.450666667</dst>
            <dst id="DNVRng">21686.592</dst>
            <dst id="HSTNng">6273.61333333333</dst>
            <dst id="IPLSng">26079.2906666667</dst>
            <dst id="KSCYng">9953.168</dst>
            <dst id="LOSAng">49543.624</dst>
            <dst id="NYCMng">54769.656</dst>
            <dst id="SNVAng">1997.37866666667</dst>
            <dst id="STTLng">8153.36266666667</dst>
            <dst id="WASHng">40396.4506666667</dst>
        </src>
        <src id="KSCYng">
            <dst id="ATLA-M5">88.4586666666667</dst>
            <dst id="ATLAng">2188.09066666667</dst>
            <dst id="CHINng">29586.4693333333</dst>
            <dst id="DNVRng">17510.5013333333</dst>
            <dst id="HSTNng">4215.24533333333</dst>
            <dst id="IPLSng">9555.88266666667</dst>
            <dst id="KSCYng">6431.28533333333</dst>
            <dst id="LOSAng">6406.83466666667</dst>
            <dst id="NYCMng">6976.71466666667</dst>
            <dst id="SNVAng">791.165333333333</dst>
            <dst id="STTLng">1798.552</dst>
            <dst id="WASHng">15535.6853333333</dst>
        </src>
        <src id="LOSAng">
            <dst id="ATLA-M5">1282.312</dst>
            <dst id="ATLAng">20129.4506666667</dst>
            <dst id="CHINng">96255.3653333333</dst>
            <dst id="DNVRng">20602.7013333333</dst>
            <dst id="HSTNng">34026.832</dst>
            <dst id="IPLSng">46021.136</dst>
            <dst id="KSCYng">13334.1093333333</dst>
            <dst id="LOSAng">18061.992</dst>
            <dst id="NYCMng">74584.3333333333</dst>
            <dst id="SNVAng">7020.45333333333</dst>
            <dst id="STTLng">30597.6453333333</dst>
            <dst id="WASHng">146223.378666667</dst>
        </src>
        <src id="NYCMng">
            <dst id="ATLA-M5">847.701333333333</dst>
            <dst id="ATLAng">32993.1306666667</dst>
            <dst id="CHINng">53388.1573333333</dst>
            <dst id="DNVRng">35977.8213333333</dst>
            <dst id="HSTNng">15701.288</dst>
            <dst id="IPLSng">72764.824</dst>
            <dst id="KSCYng">21935.3813333333</dst>
            <dst id="LOSAng">80323.0053333333</dst>
            <dst id="NYCMng">164179.357333333</dst>
            <dst id="SNVAng">4357.832</dst>
            <dst id="STTLng">20517.3573333333</dst>
            <dst id="WASHng">127963.536</dst>
        </src>
        <src id="SNVAng">
            <dst id="ATLA-M5">26.6666666666667</dst>
            <dst id="ATLAng">168.957333333333</dst>
            <dst id="CHINng">1677.488</dst>
            <dst id="DNVRng">4129.26666666667</dst>
            <dst id="HSTNng">227.264</dst>
            <dst id="IPLSng">5998.36</dst>
            <dst id="KSCYng">156.970666666667</dst>
            <dst id="LOSAng">52722.4266666667</dst>
            <dst id="NYCMng">869.621333333334</dst>
            <dst id="SNVAng">17844.3893333333</dst>
            <dst id="STTLng">57646.7173333333</dst>
            <dst id="WASHng">1006.45066666667</dst>
        </src>
        <src id="STTLng">
            <dst id="ATLA-M5">158.757333333333</dst>
            <dst id="ATLAng">9142.832</dst>
            <dst id="CHINng">9796.00266666667</dst>
            <dst id="DNVRng">2675.13066666667</dst>
            <dst id="HSTNng">8733.576</dst>
            <dst id="IPLSng">7985.78133333333</dst>
            <dst id="KSCYng">3059.21866666667</dst>
            <dst id="LOSAng">20832.3013333333</dst>
            <dst id="NYCMng">6034.59466666667</dst>
            <dst id="SNVAng">3504.352</dst>
            <dst id="STTLng">3048.30933333333</dst>
            <dst id="WASHng">6416.168</dst>
        </src>
        <src id="WASHng">
            <dst id="ATLA-M5">21187.7413333333</dst>
            <dst id="ATLAng">63117.1813333333</dst>
            <dst id="CHINng">74543.7253333333</dst>
            <dst id="DNVRng">40781.84</dst>
            <dst id="HSTNng">25494.3253333333</dst>
            <dst id="IPLSng">51935.7866666667</dst>
            <dst id="KSCYng">26158.0266666667</dst>
            <dst id="LOSAng">137273.322666667</dst>
            <dst id="NYCMng">160385.325333333</dst>
            <dst id="SNVAng">5750.59466666667</dst>
            <dst id="STTLng">32979.4453333333</dst>
            <dst id="WASHng">350986.613333333</dst>
        </src>
    </IntraTM>
</TrafficMatrixFile>
