<?xml version="1.0" encoding="ISO-8859-1" standalone="yes"?>
<TrafficMatrixFile xsi:noNamespaceSchemaLocation="http://totem.run.montefiore.ulg.ac.be/Schema/TrafficMatrix-v1_2.xsd" xmlns:xsi="http://www.w3.org/2001/XMLSchema-instance">
    <IntraTM ASID="11537">
        <src id="ATLA-M5">
            <dst id="ATLA-M5">61.4</dst>
            <dst id="ATLAng">173.717333333333</dst>
            <dst id="CHINng">270.344</dst>
            <dst id="DNVRng">0</dst>
            <dst id="HSTNng">145.186666666667</dst>
            <dst id="IPLSng">326.122666666667</dst>
            <dst id="KSCYng">212.957333333333</dst>
            <dst id="LOSAng">129.933333333333</dst>
            <dst id="NYCMng">943.925333333333</dst>
            <dst id="SNVAng">26.6666666666667</dst>
            <dst id="STTLng">238.024</dst>
            <dst id="WASHng">1486.088</dst>
        </src>
        <src id="ATLAng">
            <dst id="ATLA-M5">53.3333333333333</dst>
            <dst id="ATLAng">46983.5386666667</dst>
            <dst id="CHINng">15973.496</dst>
            <dst id="DNVRng">3620.04266666667</dst>
            <dst id="HSTNng">4865.64533333333</dst>
            <dst id="IPLSng">13646.4453333333</dst>
            <dst id="KSCYng">2391.48</dst>
            <dst id="LOSAng">16184.376</dst>
            <dst id="NYCMng">6201.06133333333</dst>
            <dst id="SNVAng">372.986666666667</dst>
            <dst id="STTLng">3421.08</dst>
            <dst id="WASHng">33343.2106666667</dst>
        </src>
        <src id="CHINng">
            <dst id="ATLA-M5">499.984</dst>
            <dst id="ATLAng">17563.2213333333</dst>
            <dst id="CHINng">109483.205333333</dst>
            <dst id="DNVRng">10956.92</dst>
            <dst id="HSTNng">47307.1386666667</dst>
            <dst id="IPLSng">41141.28</dst>
            <dst id="KSCYng">10856.7173333333</dst>
            <dst id="LOSAng">49841.2053333333</dst>
            <dst id="NYCMng">17306.3973333333</dst>
            <dst id="SNVAng">1893.57066666667</dst>
            <dst id="STTLng">18517.7866666667</dst>
            <dst id="WASHng">25561.248</dst>
        </src>
        <src id="DNVRng">
            <dst id="ATLA-M5">202.272</dst>
            <dst id="ATLAng">5201.08</dst>
            <dst id="CHINng">88234.888</dst>
            <dst id="DNVRng">9749.50133333334</dst>
            <dst id="HSTNng">19464.1946666667</dst>
            <dst id="IPLSng">26930.8186666667</dst>
            <dst id="KSCYng">15758.9546666667</dst>
            <dst id="LOSAng">5029.71466666667</dst>
            <dst id="NYCMng">13230.1093333333</dst>
            <dst id="SNVAng">9229.37333333333</dst>
            <dst id="STTLng">9115.80533333333</dst>
            <dst id="WASHng">34693.216</dst>
        </src>
        <src id="HSTNng">
            <dst id="ATLA-M5">3400.784</dst>
            <dst id="ATLAng">5802.14133333333</dst>
            <dst id="CHINng">15371.816</dst>
            <dst id="DNVRng">1801.43466666667</dst>
            <dst id="HSTNng">4678.38133333333</dst>
            <dst id="IPLSng">3650.17066666667</dst>
            <dst id="KSCYng">1212.22666666667</dst>
            <dst id="LOSAng">1791.296</dst>
            <dst id="NYCMng">3526.09066666667</dst>
            <dst id="SNVAng">413.077333333333</dst>
            <dst id="STTLng">1673.56533333333</dst>
            <dst id="WASHng">4242.392</dst>
        </src>
        <src id="IPLSng">
            <dst id="ATLA-M5">191.728</dst>
            <dst id="ATLAng">12565.904</dst>
            <dst id="CHINng">103668.96</dst>
            <dst id="DNVRng">6137.016</dst>
            <dst id="HSTNng">4112.26666666667</dst>
            <dst id="IPLSng">19063.8506666667</dst>
            <dst id="KSCYng">4970.416</dst>
            <dst id="LOSAng">25944.4933333333</dst>
            <dst id="NYCMng">51560.4186666667</dst>
            <dst id="SNVAng">1515.17333333333</dst>
            <dst id="STTLng">8577.75733333333</dst>
            <dst id="WASHng">35913.5013333333</dst>
        </src>
        <src id="KSCYng">
            <dst id="ATLA-M5">126.346666666667</dst>
            <dst id="ATLAng">1706.21866666667</dst>
            <dst id="CHINng">28073.5653333333</dst>
            <dst id="DNVRng">6027.21333333333</dst>
            <dst id="HSTNng">3241.08533333333</dst>
            <dst id="IPLSng">11095.1066666667</dst>
            <dst id="KSCYng">10255.016</dst>
            <dst id="LOSAng">3429.62933333333</dst>
            <dst id="NYCMng">3632.416</dst>
            <dst id="SNVAng">64.5253333333333</dst>
            <dst id="STTLng">1323.65866666667</dst>
            <dst id="WASHng">17198.032</dst>
        </src>
        <src id="LOSAng">
            <dst id="ATLA-M5">1951.656</dst>
            <dst id="ATLAng">24610.3413333333</dst>
            <dst id="CHINng">79896.04</dst>
            <dst id="DNVRng">5933.92533333333</dst>
            <dst id="HSTNng">3969.512</dst>
            <dst id="IPLSng">21914.1573333333</dst>
            <dst id="KSCYng">7618.42666666667</dst>
            <dst id="LOSAng">10225.4373333333</dst>
            <dst id="NYCMng">58037.9733333333</dst>
            <dst id="SNVAng">5409.392</dst>
            <dst id="STTLng">31490.6106666667</dst>
            <dst id="WASHng">71745.216</dst>
        </src>
        <src id="NYCMng">
            <dst id="ATLA-M5">1751.07733333333</dst>
            <dst id="ATLAng">12350.6373333333</dst>
            <dst id="CHINng">49449.4826666667</dst>
            <dst id="DNVRng">30375.984</dst>
            <dst id="HSTNng">10664.448</dst>
            <dst id="IPLSng">25959.3706666667</dst>
            <dst id="KSCYng">11986.1306666667</dst>
            <dst id="LOSAng">60231.5306666667</dst>
            <dst id="NYCMng">160979.213333333</dst>
            <dst id="SNVAng">2711.55466666667</dst>
            <dst id="STTLng">24007.0053333333</dst>
            <dst id="WASHng">82574.632</dst>
        </src>
        <src id="SNVAng">
            <dst id="ATLA-M5">0</dst>
            <dst id="ATLAng">119.106666666667</dst>
            <dst id="CHINng">1383.65866666667</dst>
            <dst id="DNVRng">1282.93066666667</dst>
            <dst id="HSTNng">336.736</dst>
            <dst id="IPLSng">208.706666666667</dst>
            <dst id="KSCYng">80</dst>
            <dst id="LOSAng">28570.2133333333</dst>
            <dst id="NYCMng">1161.55733333333</dst>
            <dst id="SNVAng">13292.6746666667</dst>
            <dst id="STTLng">43437.3573333333</dst>
            <dst id="WASHng">187.410666666667</dst>
        </src>
        <src id="STTLng">
            <dst id="ATLA-M5">332.04</dst>
            <dst id="ATLAng">4661.496</dst>
            <dst id="CHINng">19217.4773333333</dst>
            <dst id="DNVRng">1428.96266666667</dst>
            <dst id="HSTNng">2183.54133333333</dst>
            <dst id="IPLSng">5484.24266666667</dst>
            <dst id="KSCYng">2735.544</dst>
            <dst id="LOSAng">19930.656</dst>
            <dst id="NYCMng">8286.92</dst>
            <dst id="SNVAng">5524.592</dst>
            <dst id="STTLng">4628.81066666667</dst>
            <dst id="WASHng">13724.4666666667</dst>
        </src>
        <src id="WASHng">
            <dst id="ATLA-M5">378.445333333333</dst>
            <dst id="ATLAng">62156.3573333333</dst>
            <dst id="CHINng">62628.12</dst>
            <dst id="DNVRng">54310.8266666667</dst>
            <dst id="HSTNng">9285.456</dst>
            <dst id="IPLSng">74487.3013333333</dst>
            <dst id="KSCYng">18964.0026666667</dst>
            <dst id="LOSAng">85053.7946666667</dst>
            <dst id="NYCMng">155607.664</dst>
            <dst id="SNVAng">4283.13066666667</dst>
            <dst id="STTLng">27477.312</dst>
            <dst id="WASHng">222449.970666667</dst>
        </src>
    </IntraTM>
</TrafficMatrixFile>
