<?xml version="1.0" encoding="ISO-8859-1" standalone="yes"?>
<TrafficMatrixFile xsi:noNamespaceSchemaLocation="http://totem.run.montefiore.ulg.ac.be/Schema/TrafficMatrix-v1_2.xsd" xmlns:xsi="http://www.w3.org/2001/XMLSchema-instance">
    <IntraTM ASID="11537">
        <src id="ATLA-M5">
            <dst id="ATLA-M5">45.5146666666667</dst>
            <dst id="ATLAng">352.554666666667</dst>
            <dst id="CHINng">393.941333333333</dst>
            <dst id="DNVRng">101.930666666667</dst>
            <dst id="HSTNng">2124.704</dst>
            <dst id="IPLSng">932.48</dst>
            <dst id="KSCYng">83.3493333333333</dst>
            <dst id="LOSAng">1156.40266666667</dst>
            <dst id="NYCMng">675.64</dst>
            <dst id="SNVAng">26.6666666666667</dst>
            <dst id="STTLng">121.101333333333</dst>
            <dst id="WASHng">1873.768</dst>
        </src>
        <src id="ATLAng">
            <dst id="ATLA-M5">1808.91733333333</dst>
            <dst id="ATLAng">30051.448</dst>
            <dst id="CHINng">27590.7226666667</dst>
            <dst id="DNVRng">7980.624</dst>
            <dst id="HSTNng">4333.06933333333</dst>
            <dst id="IPLSng">21367.2986666667</dst>
            <dst id="KSCYng">3032.92533333333</dst>
            <dst id="LOSAng">22572.1946666667</dst>
            <dst id="NYCMng">8301.39733333333</dst>
            <dst id="SNVAng">994.522666666667</dst>
            <dst id="STTLng">4411.696</dst>
            <dst id="WASHng">39126.6826666667</dst>
        </src>
        <src id="CHINng">
            <dst id="ATLA-M5">1546.96</dst>
            <dst id="ATLAng">25011.8746666667</dst>
            <dst id="CHINng">93106.5893333334</dst>
            <dst id="DNVRng">26679.2906666667</dst>
            <dst id="HSTNng">49441.8426666667</dst>
            <dst id="IPLSng">57309.288</dst>
            <dst id="KSCYng">13413.456</dst>
            <dst id="LOSAng">286439.653333333</dst>
            <dst id="NYCMng">23924.104</dst>
            <dst id="SNVAng">2247.136</dst>
            <dst id="STTLng">18605.1173333333</dst>
            <dst id="WASHng">33199.9893333333</dst>
        </src>
        <src id="DNVRng">
            <dst id="ATLA-M5">430.528</dst>
            <dst id="ATLAng">11081.9573333333</dst>
            <dst id="CHINng">55110.0853333333</dst>
            <dst id="DNVRng">6622.08</dst>
            <dst id="HSTNng">15410.7253333333</dst>
            <dst id="IPLSng">30598.7306666667</dst>
            <dst id="KSCYng">8213.00533333334</dst>
            <dst id="LOSAng">5066.424</dst>
            <dst id="NYCMng">16193.9226666667</dst>
            <dst id="SNVAng">5649.864</dst>
            <dst id="STTLng">6819.04533333333</dst>
            <dst id="WASHng">41873.8773333333</dst>
        </src>
        <src id="HSTNng">
            <dst id="ATLA-M5">3273.77333333333</dst>
            <dst id="ATLAng">5810.41333333333</dst>
            <dst id="CHINng">24955.2186666667</dst>
            <dst id="DNVRng">3298.216</dst>
            <dst id="HSTNng">5936.696</dst>
            <dst id="IPLSng">8624.464</dst>
            <dst id="KSCYng">4317.712</dst>
            <dst id="LOSAng">5719.38133333333</dst>
            <dst id="NYCMng">5729.64266666667</dst>
            <dst id="SNVAng">1435.14933333333</dst>
            <dst id="STTLng">7376.42933333333</dst>
            <dst id="WASHng">5001.08266666667</dst>
        </src>
        <src id="IPLSng">
            <dst id="ATLA-M5">3187.92533333333</dst>
            <dst id="ATLAng">18511.4826666667</dst>
            <dst id="CHINng">116068.042666667</dst>
            <dst id="DNVRng">8905.26666666667</dst>
            <dst id="HSTNng">5320.96266666667</dst>
            <dst id="IPLSng">13621.536</dst>
            <dst id="KSCYng">7206.77866666667</dst>
            <dst id="LOSAng">56908.5333333333</dst>
            <dst id="NYCMng">45762.9813333333</dst>
            <dst id="SNVAng">1088.34666666667</dst>
            <dst id="STTLng">9927.59733333333</dst>
            <dst id="WASHng">43714.56</dst>
        </src>
        <src id="KSCYng">
            <dst id="ATLA-M5">1096.28533333333</dst>
            <dst id="ATLAng">2536.608</dst>
            <dst id="CHINng">17163.2453333333</dst>
            <dst id="DNVRng">8960.99466666667</dst>
            <dst id="HSTNng">5661.01866666667</dst>
            <dst id="IPLSng">9381.13333333333</dst>
            <dst id="KSCYng">6868.88</dst>
            <dst id="LOSAng">7034.784</dst>
            <dst id="NYCMng">9829.78933333334</dst>
            <dst id="SNVAng">1428.16266666667</dst>
            <dst id="STTLng">1035.04</dst>
            <dst id="WASHng">13208.8213333333</dst>
        </src>
        <src id="LOSAng">
            <dst id="ATLA-M5">1640.22933333333</dst>
            <dst id="ATLAng">16291.464</dst>
            <dst id="CHINng">1079948.8</dst>
            <dst id="DNVRng">14564.168</dst>
            <dst id="HSTNng">29502.9653333333</dst>
            <dst id="IPLSng">31010.768</dst>
            <dst id="KSCYng">14495.8106666667</dst>
            <dst id="LOSAng">11449.8933333333</dst>
            <dst id="NYCMng">66693.2026666667</dst>
            <dst id="SNVAng">18139.8266666667</dst>
            <dst id="STTLng">23784.0693333333</dst>
            <dst id="WASHng">62223.5306666667</dst>
        </src>
        <src id="NYCMng">
            <dst id="ATLA-M5">3301.776</dst>
            <dst id="ATLAng">26522.5573333333</dst>
            <dst id="CHINng">52382.9893333333</dst>
            <dst id="DNVRng">40797.0773333333</dst>
            <dst id="HSTNng">13898.456</dst>
            <dst id="IPLSng">68982.8693333333</dst>
            <dst id="KSCYng">28135.2533333333</dst>
            <dst id="LOSAng">84344.1253333333</dst>
            <dst id="NYCMng">214150.688</dst>
            <dst id="SNVAng">4821.41866666667</dst>
            <dst id="STTLng">25367.12</dst>
            <dst id="WASHng">138385.650666667</dst>
        </src>
        <src id="SNVAng">
            <dst id="ATLA-M5">29.0533333333333</dst>
            <dst id="ATLAng">1922.39466666667</dst>
            <dst id="CHINng">852.2</dst>
            <dst id="DNVRng">6448.312</dst>
            <dst id="HSTNng">422.4</dst>
            <dst id="IPLSng">1158.424</dst>
            <dst id="KSCYng">481.877333333333</dst>
            <dst id="LOSAng">58348.872</dst>
            <dst id="NYCMng">907.677333333333</dst>
            <dst id="SNVAng">17333.04</dst>
            <dst id="STTLng">56644.976</dst>
            <dst id="WASHng">269.474666666667</dst>
        </src>
        <src id="STTLng">
            <dst id="ATLA-M5">225.837333333333</dst>
            <dst id="ATLAng">9287.50666666667</dst>
            <dst id="CHINng">23420.152</dst>
            <dst id="DNVRng">9220.16266666667</dst>
            <dst id="HSTNng">12606.1786666667</dst>
            <dst id="IPLSng">9515.752</dst>
            <dst id="KSCYng">4419.21066666667</dst>
            <dst id="LOSAng">24950.184</dst>
            <dst id="NYCMng">7934.87466666667</dst>
            <dst id="SNVAng">6181.86933333333</dst>
            <dst id="STTLng">9327.008</dst>
            <dst id="WASHng">12650.7866666667</dst>
        </src>
        <src id="WASHng">
            <dst id="ATLA-M5">1175.75733333333</dst>
            <dst id="ATLAng">92111.064</dst>
            <dst id="CHINng">62893.952</dst>
            <dst id="DNVRng">53227.5493333333</dst>
            <dst id="HSTNng">11110.208</dst>
            <dst id="IPLSng">59899.6853333333</dst>
            <dst id="KSCYng">19502.624</dst>
            <dst id="LOSAng">104978.381333333</dst>
            <dst id="NYCMng">146700.168</dst>
            <dst id="SNVAng">5070.736</dst>
            <dst id="STTLng">27441.5013333333</dst>
            <dst id="WASHng">268638.4</dst>
        </src>
    </IntraTM>
</TrafficMatrixFile>
