<?xml version="1.0" encoding="ISO-8859-1" standalone="yes"?>
<TrafficMatrixFile xsi:noNamespaceSchemaLocation="http://totem.run.montefiore.ulg.ac.be/Schema/TrafficMatrix-v1_2.xsd" xmlns:xsi="http://www.w3.org/2001/XMLSchema-instance">
    <IntraTM ASID="11537">
        <src id="ATLA-M5">
            <dst id="ATLA-M5">50.8693333333333</dst>
            <dst id="ATLAng">26.6666666666667</dst>
            <dst id="CHINng">1042.00266666667</dst>
            <dst id="DNVRng">427.389333333333</dst>
            <dst id="HSTNng">129.546666666667</dst>
            <dst id="IPLSng">144.618666666667</dst>
            <dst id="KSCYng">0</dst>
            <dst id="LOSAng">353.733333333333</dst>
            <dst id="NYCMng">258.056</dst>
            <dst id="SNVAng">26.6666666666667</dst>
            <dst id="STTLng">59.8293333333333</dst>
            <dst id="WASHng">249.589333333333</dst>
        </src>
        <src id="ATLAng">
            <dst id="ATLA-M5">264.010666666667</dst>
            <dst id="ATLAng">24216.144</dst>
            <dst id="CHINng">14103.76</dst>
            <dst id="DNVRng">4991.18666666667</dst>
            <dst id="HSTNng">6011.464</dst>
            <dst id="IPLSng">18773.024</dst>
            <dst id="KSCYng">8737.94933333333</dst>
            <dst id="LOSAng">18594.9586666667</dst>
            <dst id="NYCMng">10796.848</dst>
            <dst id="SNVAng">693.969333333333</dst>
            <dst id="STTLng">5579.87733333333</dst>
            <dst id="WASHng">46249.2986666667</dst>
        </src>
        <src id="CHINng">
            <dst id="ATLA-M5">772.064</dst>
            <dst id="ATLAng">12763.152</dst>
            <dst id="CHINng">92900.3093333333</dst>
            <dst id="DNVRng">22500.0666666667</dst>
            <dst id="HSTNng">46011.544</dst>
            <dst id="IPLSng">39363.2186666667</dst>
            <dst id="KSCYng">13026.5173333333</dst>
            <dst id="LOSAng">69270.2853333333</dst>
            <dst id="NYCMng">16166.7413333333</dst>
            <dst id="SNVAng">2127.74933333333</dst>
            <dst id="STTLng">14922.5173333333</dst>
            <dst id="WASHng">32049.024</dst>
        </src>
        <src id="DNVRng">
            <dst id="ATLA-M5">249.762666666667</dst>
            <dst id="ATLAng">5866.43466666667</dst>
            <dst id="CHINng">70690.3226666667</dst>
            <dst id="DNVRng">14247.5573333333</dst>
            <dst id="HSTNng">13245.928</dst>
            <dst id="IPLSng">32608.8026666667</dst>
            <dst id="KSCYng">20644.1253333333</dst>
            <dst id="LOSAng">7346.57333333333</dst>
            <dst id="NYCMng">19128.8986666667</dst>
            <dst id="SNVAng">11180.4533333333</dst>
            <dst id="STTLng">9357.936</dst>
            <dst id="WASHng">42904.9866666667</dst>
        </src>
        <src id="HSTNng">
            <dst id="ATLA-M5">1517.36533333333</dst>
            <dst id="ATLAng">1957.40266666667</dst>
            <dst id="CHINng">16797.888</dst>
            <dst id="DNVRng">2704.01333333333</dst>
            <dst id="HSTNng">9446.608</dst>
            <dst id="IPLSng">3838.112</dst>
            <dst id="KSCYng">2816.46933333333</dst>
            <dst id="LOSAng">6488.112</dst>
            <dst id="NYCMng">2924.97066666667</dst>
            <dst id="SNVAng">1212.78666666667</dst>
            <dst id="STTLng">1973.696</dst>
            <dst id="WASHng">13378.6426666667</dst>
        </src>
        <src id="IPLSng">
            <dst id="ATLA-M5">661.445333333333</dst>
            <dst id="ATLAng">68171.224</dst>
            <dst id="CHINng">74695.136</dst>
            <dst id="DNVRng">22919.9386666667</dst>
            <dst id="HSTNng">6978.928</dst>
            <dst id="IPLSng">14180.272</dst>
            <dst id="KSCYng">5290.74133333333</dst>
            <dst id="LOSAng">49737.928</dst>
            <dst id="NYCMng">28976.8186666667</dst>
            <dst id="SNVAng">1622.55466666667</dst>
            <dst id="STTLng">10558.312</dst>
            <dst id="WASHng">68365.4906666667</dst>
        </src>
        <src id="KSCYng">
            <dst id="ATLA-M5">128.536</dst>
            <dst id="ATLAng">2468.60533333333</dst>
            <dst id="CHINng">24273.2133333333</dst>
            <dst id="DNVRng">19897.6266666667</dst>
            <dst id="HSTNng">3562.136</dst>
            <dst id="IPLSng">9114.90933333333</dst>
            <dst id="KSCYng">8082.05866666666</dst>
            <dst id="LOSAng">8165.25866666667</dst>
            <dst id="NYCMng">5047.85333333333</dst>
            <dst id="SNVAng">271.925333333333</dst>
            <dst id="STTLng">4134.91733333333</dst>
            <dst id="WASHng">12145.1093333333</dst>
        </src>
        <src id="LOSAng">
            <dst id="ATLA-M5">1436.70666666667</dst>
            <dst id="ATLAng">13824.624</dst>
            <dst id="CHINng">90183.656</dst>
            <dst id="DNVRng">14116.8053333333</dst>
            <dst id="HSTNng">4893.296</dst>
            <dst id="IPLSng">44894.9386666667</dst>
            <dst id="KSCYng">7526.232</dst>
            <dst id="LOSAng">10896.1706666667</dst>
            <dst id="NYCMng">56573.9253333333</dst>
            <dst id="SNVAng">6277.70133333333</dst>
            <dst id="STTLng">20648.0933333333</dst>
            <dst id="WASHng">123001.12</dst>
        </src>
        <src id="NYCMng">
            <dst id="ATLA-M5">1250.89333333333</dst>
            <dst id="ATLAng">37261.8746666667</dst>
            <dst id="CHINng">59997.0453333333</dst>
            <dst id="DNVRng">39567.432</dst>
            <dst id="HSTNng">13745.5253333333</dst>
            <dst id="IPLSng">47241.824</dst>
            <dst id="KSCYng">14370.8826666667</dst>
            <dst id="LOSAng">77514.9706666667</dst>
            <dst id="NYCMng">145082.061333333</dst>
            <dst id="SNVAng">3658.21333333333</dst>
            <dst id="STTLng">21504.0933333333</dst>
            <dst id="WASHng">145453.2</dst>
        </src>
        <src id="SNVAng">
            <dst id="ATLA-M5">0</dst>
            <dst id="ATLAng">175.946666666667</dst>
            <dst id="CHINng">1283.60533333333</dst>
            <dst id="DNVRng">13662.0293333333</dst>
            <dst id="HSTNng">352.997333333333</dst>
            <dst id="IPLSng">840.618666666667</dst>
            <dst id="KSCYng">180.330666666667</dst>
            <dst id="LOSAng">50548.6133333333</dst>
            <dst id="NYCMng">568.344</dst>
            <dst id="SNVAng">14099.6773333333</dst>
            <dst id="STTLng">56441.6186666667</dst>
            <dst id="WASHng">199.738666666667</dst>
        </src>
        <src id="STTLng">
            <dst id="ATLA-M5">26.6666666666667</dst>
            <dst id="ATLAng">7522.36533333333</dst>
            <dst id="CHINng">16718.936</dst>
            <dst id="DNVRng">2944.93066666667</dst>
            <dst id="HSTNng">7342.14933333333</dst>
            <dst id="IPLSng">10370.856</dst>
            <dst id="KSCYng">3544.83733333333</dst>
            <dst id="LOSAng">17956.6826666667</dst>
            <dst id="NYCMng">5719.54933333333</dst>
            <dst id="SNVAng">3533.12266666667</dst>
            <dst id="STTLng">5498.25333333333</dst>
            <dst id="WASHng">10100.3973333333</dst>
        </src>
        <src id="WASHng">
            <dst id="ATLA-M5">1089.43466666667</dst>
            <dst id="ATLAng">72770.4293333333</dst>
            <dst id="CHINng">96649.4906666667</dst>
            <dst id="DNVRng">62121.008</dst>
            <dst id="HSTNng">37249.1013333333</dst>
            <dst id="IPLSng">80465.256</dst>
            <dst id="KSCYng">20045.0986666667</dst>
            <dst id="LOSAng">96903.504</dst>
            <dst id="NYCMng">137296.194666667</dst>
            <dst id="SNVAng">9176.73066666666</dst>
            <dst id="STTLng">28158.7466666667</dst>
            <dst id="WASHng">219507.336</dst>
        </src>
    </IntraTM>
</TrafficMatrixFile>
