<?xml version="1.0" encoding="ISO-8859-1" standalone="yes"?>
<TrafficMatrixFile xsi:noNamespaceSchemaLocation="http://totem.run.montefiore.ulg.ac.be/Schema/TrafficMatrix-v1_2.xsd" xmlns:xsi="http://www.w3.org/2001/XMLSchema-instance">
    <IntraTM ASID="11537">
        <src id="ATLA-M5">
            <dst id="ATLA-M5">53.3333333333333</dst>
            <dst id="ATLAng">244.216</dst>
            <dst id="CHINng">1693.544</dst>
            <dst id="DNVRng">241.906666666667</dst>
            <dst id="HSTNng">106.666666666667</dst>
            <dst id="IPLSng">1308.736</dst>
            <dst id="KSCYng">53.3333333333333</dst>
            <dst id="LOSAng">492.298666666667</dst>
            <dst id="NYCMng">1018.67733333333</dst>
            <dst id="SNVAng">0</dst>
            <dst id="STTLng">26.6666666666667</dst>
            <dst id="WASHng">1399.46933333333</dst>
        </src>
        <src id="ATLAng">
            <dst id="ATLA-M5">1231.10666666667</dst>
            <dst id="ATLAng">29756.6773333333</dst>
            <dst id="CHINng">20519.3706666667</dst>
            <dst id="DNVRng">5862.904</dst>
            <dst id="HSTNng">3821.33066666667</dst>
            <dst id="IPLSng">18170.104</dst>
            <dst id="KSCYng">2016.92533333333</dst>
            <dst id="LOSAng">19890.1333333333</dst>
            <dst id="NYCMng">12832.1573333333</dst>
            <dst id="SNVAng">927.6</dst>
            <dst id="STTLng">3545.376</dst>
            <dst id="WASHng">35856.1093333333</dst>
        </src>
        <src id="CHINng">
            <dst id="ATLA-M5">2030.71466666667</dst>
            <dst id="ATLAng">18633.248</dst>
            <dst id="CHINng">94944.68</dst>
            <dst id="DNVRng">23990.5466666667</dst>
            <dst id="HSTNng">56183.2186666666</dst>
            <dst id="IPLSng">65611.968</dst>
            <dst id="KSCYng">14888.328</dst>
            <dst id="LOSAng">2013146.77333333</dst>
            <dst id="NYCMng">29491.056</dst>
            <dst id="SNVAng">3683.83466666667</dst>
            <dst id="STTLng">12002.536</dst>
            <dst id="WASHng">36220.696</dst>
        </src>
        <src id="DNVRng">
            <dst id="ATLA-M5">402.117333333333</dst>
            <dst id="ATLAng">7307.98133333333</dst>
            <dst id="CHINng">64038.4933333333</dst>
            <dst id="DNVRng">15727.84</dst>
            <dst id="HSTNng">16202.28</dst>
            <dst id="IPLSng">31305.3573333333</dst>
            <dst id="KSCYng">18749.4026666667</dst>
            <dst id="LOSAng">7095.64</dst>
            <dst id="NYCMng">14654.8</dst>
            <dst id="SNVAng">11156.8586666667</dst>
            <dst id="STTLng">9900.75733333333</dst>
            <dst id="WASHng">43949.3493333333</dst>
        </src>
        <src id="HSTNng">
            <dst id="ATLA-M5">377.696</dst>
            <dst id="ATLAng">3376.112</dst>
            <dst id="CHINng">16175.8106666667</dst>
            <dst id="DNVRng">2872.808</dst>
            <dst id="HSTNng">11619.632</dst>
            <dst id="IPLSng">8684.784</dst>
            <dst id="KSCYng">3225.47733333333</dst>
            <dst id="LOSAng">8150.42666666667</dst>
            <dst id="NYCMng">7642.55466666667</dst>
            <dst id="SNVAng">2856.78133333333</dst>
            <dst id="STTLng">1447.26133333333</dst>
            <dst id="WASHng">12301.912</dst>
        </src>
        <src id="IPLSng">
            <dst id="ATLA-M5">1618.456</dst>
            <dst id="ATLAng">18734.2266666667</dst>
            <dst id="CHINng">116299.290666667</dst>
            <dst id="DNVRng">24072.088</dst>
            <dst id="HSTNng">9243.768</dst>
            <dst id="IPLSng">18139.0746666667</dst>
            <dst id="KSCYng">9012.512</dst>
            <dst id="LOSAng">61254.6426666667</dst>
            <dst id="NYCMng">42190.7013333333</dst>
            <dst id="SNVAng">3875.02666666667</dst>
            <dst id="STTLng">11417.4693333333</dst>
            <dst id="WASHng">52462.0453333333</dst>
        </src>
        <src id="KSCYng">
            <dst id="ATLA-M5">573.050666666667</dst>
            <dst id="ATLAng">2626.55466666667</dst>
            <dst id="CHINng">20328.4</dst>
            <dst id="DNVRng">10230.2586666667</dst>
            <dst id="HSTNng">3612.88</dst>
            <dst id="IPLSng">17851.2826666667</dst>
            <dst id="KSCYng">12874.312</dst>
            <dst id="LOSAng">5542.45066666667</dst>
            <dst id="NYCMng">5853.17333333333</dst>
            <dst id="SNVAng">775.586666666667</dst>
            <dst id="STTLng">2314.71466666667</dst>
            <dst id="WASHng">14510.448</dst>
        </src>
        <src id="LOSAng">
            <dst id="ATLA-M5">1676.616</dst>
            <dst id="ATLAng">25116.0666666667</dst>
            <dst id="CHINng">1083948.69333333</dst>
            <dst id="DNVRng">14843.3493333333</dst>
            <dst id="HSTNng">12266.7413333333</dst>
            <dst id="IPLSng">42290.1333333333</dst>
            <dst id="KSCYng">12898.2426666667</dst>
            <dst id="LOSAng">12181.6533333333</dst>
            <dst id="NYCMng">86617.344</dst>
            <dst id="SNVAng">12932.3093333333</dst>
            <dst id="STTLng">26671.432</dst>
            <dst id="WASHng">95864.3573333333</dst>
        </src>
        <src id="NYCMng">
            <dst id="ATLA-M5">3642.53333333333</dst>
            <dst id="ATLAng">33650.4586666667</dst>
            <dst id="CHINng">46157.08</dst>
            <dst id="DNVRng">34816.2346666667</dst>
            <dst id="HSTNng">16551.376</dst>
            <dst id="IPLSng">58613.168</dst>
            <dst id="KSCYng">19702.4746666667</dst>
            <dst id="LOSAng">89080.2106666667</dst>
            <dst id="NYCMng">203441.458666667</dst>
            <dst id="SNVAng">5725.75466666667</dst>
            <dst id="STTLng">29019.488</dst>
            <dst id="WASHng">142846.573333333</dst>
        </src>
        <src id="SNVAng">
            <dst id="ATLA-M5">252.776</dst>
            <dst id="ATLAng">3177.57333333333</dst>
            <dst id="CHINng">1663.26666666667</dst>
            <dst id="DNVRng">7883.75466666667</dst>
            <dst id="HSTNng">722.501333333333</dst>
            <dst id="IPLSng">6012.21333333333</dst>
            <dst id="KSCYng">929.682666666667</dst>
            <dst id="LOSAng">33294.7253333333</dst>
            <dst id="NYCMng">979.28</dst>
            <dst id="SNVAng">17526.9786666667</dst>
            <dst id="STTLng">58452.7173333333</dst>
            <dst id="WASHng">200.048</dst>
        </src>
        <src id="STTLng">
            <dst id="ATLA-M5">411.093333333333</dst>
            <dst id="ATLAng">7782.51733333333</dst>
            <dst id="CHINng">11351.2933333333</dst>
            <dst id="DNVRng">3265.064</dst>
            <dst id="HSTNng">6230.26933333333</dst>
            <dst id="IPLSng">8934.168</dst>
            <dst id="KSCYng">4875.736</dst>
            <dst id="LOSAng">21906.1333333333</dst>
            <dst id="NYCMng">12244.1333333333</dst>
            <dst id="SNVAng">5489.94933333333</dst>
            <dst id="STTLng">6204.68533333334</dst>
            <dst id="WASHng">15041.1493333333</dst>
        </src>
        <src id="WASHng">
            <dst id="ATLA-M5">2458.648</dst>
            <dst id="ATLAng">115566.202666667</dst>
            <dst id="CHINng">80073.0213333334</dst>
            <dst id="DNVRng">54917.1173333333</dst>
            <dst id="HSTNng">35624.904</dst>
            <dst id="IPLSng">59385.7786666667</dst>
            <dst id="KSCYng">23509.6933333333</dst>
            <dst id="LOSAng">102753.616</dst>
            <dst id="NYCMng">191389.208</dst>
            <dst id="SNVAng">15312.7813333333</dst>
            <dst id="STTLng">28732.7973333333</dst>
            <dst id="WASHng">316921.493333333</dst>
        </src>
    </IntraTM>
</TrafficMatrixFile>
