<?xml version="1.0" encoding="ISO-8859-1" standalone="yes"?>
<TrafficMatrixFile xsi:noNamespaceSchemaLocation="http://totem.run.montefiore.ulg.ac.be/Schema/TrafficMatrix-v1_2.xsd" xmlns:xsi="http://www.w3.org/2001/XMLSchema-instance">
    <IntraTM ASID="11537">
        <src id="ATLA-M5">
            <dst id="ATLA-M5">68.736</dst>
            <dst id="ATLAng">510.013333333333</dst>
            <dst id="CHINng">644.165333333333</dst>
            <dst id="DNVRng">26.6666666666667</dst>
            <dst id="HSTNng">189.349333333333</dst>
            <dst id="IPLSng">946.68</dst>
            <dst id="KSCYng">106.666666666667</dst>
            <dst id="LOSAng">216.181333333333</dst>
            <dst id="NYCMng">460.938666666667</dst>
            <dst id="SNVAng">521.322666666667</dst>
            <dst id="STTLng">0</dst>
            <dst id="WASHng">609.984</dst>
        </src>
        <src id="ATLAng">
            <dst id="ATLA-M5">2177.32266666667</dst>
            <dst id="ATLAng">22798.744</dst>
            <dst id="CHINng">28634.3493333333</dst>
            <dst id="DNVRng">3699.92533333333</dst>
            <dst id="HSTNng">3393.10133333333</dst>
            <dst id="IPLSng">26501</dst>
            <dst id="KSCYng">3642.01066666667</dst>
            <dst id="LOSAng">22184.4973333333</dst>
            <dst id="NYCMng">15399.9333333333</dst>
            <dst id="SNVAng">1085.28666666667</dst>
            <dst id="STTLng">5833.70133333333</dst>
            <dst id="WASHng">31669.0453333333</dst>
        </src>
        <src id="CHINng">
            <dst id="ATLA-M5">987.650666666667</dst>
            <dst id="ATLAng">38516.8346666667</dst>
            <dst id="CHINng">90389.6373333333</dst>
            <dst id="DNVRng">24199.6453333333</dst>
            <dst id="HSTNng">51895.4693333333</dst>
            <dst id="IPLSng">57462.52</dst>
            <dst id="KSCYng">20078.216</dst>
            <dst id="LOSAng">76560.2533333333</dst>
            <dst id="NYCMng">27287.552</dst>
            <dst id="SNVAng">3648.936</dst>
            <dst id="STTLng">11722.144</dst>
            <dst id="WASHng">28878.3573333333</dst>
        </src>
        <src id="DNVRng">
            <dst id="ATLA-M5">398.770666666667</dst>
            <dst id="ATLAng">5050.37866666667</dst>
            <dst id="CHINng">60405.96</dst>
            <dst id="DNVRng">10963.2293333333</dst>
            <dst id="HSTNng">13494.376</dst>
            <dst id="IPLSng">32786.8426666667</dst>
            <dst id="KSCYng">17067.1653333333</dst>
            <dst id="LOSAng">24071.896</dst>
            <dst id="NYCMng">25194.184</dst>
            <dst id="SNVAng">13115.3893333333</dst>
            <dst id="STTLng">10142.176</dst>
            <dst id="WASHng">50329.856</dst>
        </src>
        <src id="HSTNng">
            <dst id="ATLA-M5">4952.31733333333</dst>
            <dst id="ATLAng">2787.13866666667</dst>
            <dst id="CHINng">19584.608</dst>
            <dst id="DNVRng">3051.848</dst>
            <dst id="HSTNng">6403.744</dst>
            <dst id="IPLSng">5610</dst>
            <dst id="KSCYng">3426.048</dst>
            <dst id="LOSAng">6638.39466666667</dst>
            <dst id="NYCMng">5429.05866666667</dst>
            <dst id="SNVAng">2307.944</dst>
            <dst id="STTLng">2150.14933333333</dst>
            <dst id="WASHng">7353.57333333333</dst>
        </src>
        <src id="IPLSng">
            <dst id="ATLA-M5">739.466666666667</dst>
            <dst id="ATLAng">25637.7653333333</dst>
            <dst id="CHINng">111001.76</dst>
            <dst id="DNVRng">30530.3333333333</dst>
            <dst id="HSTNng">11405.3733333333</dst>
            <dst id="IPLSng">39500.8826666667</dst>
            <dst id="KSCYng">12372.424</dst>
            <dst id="LOSAng">52590.416</dst>
            <dst id="NYCMng">44919.8</dst>
            <dst id="SNVAng">2411.792</dst>
            <dst id="STTLng">7600.14133333333</dst>
            <dst id="WASHng">41515.9306666667</dst>
        </src>
        <src id="KSCYng">
            <dst id="ATLA-M5">215.530666666667</dst>
            <dst id="ATLAng">2778.488</dst>
            <dst id="CHINng">26964.0026666667</dst>
            <dst id="DNVRng">14489.0213333333</dst>
            <dst id="HSTNng">4330.656</dst>
            <dst id="IPLSng">12362.1946666667</dst>
            <dst id="KSCYng">7417.13866666667</dst>
            <dst id="LOSAng">6961.488</dst>
            <dst id="NYCMng">4036.51733333333</dst>
            <dst id="SNVAng">1148.58666666667</dst>
            <dst id="STTLng">3148.11733333333</dst>
            <dst id="WASHng">19104.08</dst>
        </src>
        <src id="LOSAng">
            <dst id="ATLA-M5">1073.424</dst>
            <dst id="ATLAng">12857.2773333333</dst>
            <dst id="CHINng">97888.48</dst>
            <dst id="DNVRng">16962.9306666667</dst>
            <dst id="HSTNng">7081.432</dst>
            <dst id="IPLSng">50783.1893333333</dst>
            <dst id="KSCYng">11045.832</dst>
            <dst id="LOSAng">19543.0826666667</dst>
            <dst id="NYCMng">77859.1706666667</dst>
            <dst id="SNVAng">10121.976</dst>
            <dst id="STTLng">33365.568</dst>
            <dst id="WASHng">100676.381333333</dst>
        </src>
        <src id="NYCMng">
            <dst id="ATLA-M5">1188.51466666667</dst>
            <dst id="ATLAng">40040.8986666667</dst>
            <dst id="CHINng">68781.9333333333</dst>
            <dst id="DNVRng">32728.832</dst>
            <dst id="HSTNng">16637.3066666667</dst>
            <dst id="IPLSng">43100.9253333333</dst>
            <dst id="KSCYng">20072.2773333333</dst>
            <dst id="LOSAng">72953.2053333333</dst>
            <dst id="NYCMng">166273.890666667</dst>
            <dst id="SNVAng">3713.03466666667</dst>
            <dst id="STTLng">25235.712</dst>
            <dst id="WASHng">139452.970666667</dst>
        </src>
        <src id="SNVAng">
            <dst id="ATLA-M5">54.6133333333333</dst>
            <dst id="ATLAng">133.333333333333</dst>
            <dst id="CHINng">2259.25066666667</dst>
            <dst id="DNVRng">6268.37066666667</dst>
            <dst id="HSTNng">1132.98133333333</dst>
            <dst id="IPLSng">6330.99466666667</dst>
            <dst id="KSCYng">643.058666666667</dst>
            <dst id="LOSAng">52643.0693333333</dst>
            <dst id="NYCMng">972.202666666667</dst>
            <dst id="SNVAng">19646.7653333333</dst>
            <dst id="STTLng">71598.1893333333</dst>
            <dst id="WASHng">1616.104</dst>
        </src>
        <src id="STTLng">
            <dst id="ATLA-M5">296.666666666667</dst>
            <dst id="ATLAng">9848.28</dst>
            <dst id="CHINng">11609.3786666667</dst>
            <dst id="DNVRng">2061.81333333333</dst>
            <dst id="HSTNng">6410.248</dst>
            <dst id="IPLSng">8796.88</dst>
            <dst id="KSCYng">3483.088</dst>
            <dst id="LOSAng">23026.5386666667</dst>
            <dst id="NYCMng">9425.728</dst>
            <dst id="SNVAng">3145.336</dst>
            <dst id="STTLng">5170.08266666667</dst>
            <dst id="WASHng">6292.10133333333</dst>
        </src>
        <src id="WASHng">
            <dst id="ATLA-M5">2301.66133333333</dst>
            <dst id="ATLAng">99255.6133333334</dst>
            <dst id="CHINng">84066.3706666666</dst>
            <dst id="DNVRng">55439.952</dst>
            <dst id="HSTNng">31584.2666666667</dst>
            <dst id="IPLSng">61848.8346666667</dst>
            <dst id="KSCYng">24961.7786666667</dst>
            <dst id="LOSAng">118492.538666667</dst>
            <dst id="NYCMng">148089.264</dst>
            <dst id="SNVAng">2484.288</dst>
            <dst id="STTLng">27719.744</dst>
            <dst id="WASHng">230736.493333333</dst>
        </src>
    </IntraTM>
</TrafficMatrixFile>
