<?xml version="1.0" encoding="ISO-8859-1" standalone="yes"?>
<TrafficMatrixFile xsi:noNamespaceSchemaLocation="http://totem.run.montefiore.ulg.ac.be/Schema/TrafficMatrix-v1_2.xsd" xmlns:xsi="http://www.w3.org/2001/XMLSchema-instance">
    <IntraTM ASID="11537">
        <src id="ATLA-M5">
            <dst id="ATLA-M5">42.992</dst>
            <dst id="ATLAng">184.301333333333</dst>
            <dst id="CHINng">1128.82666666667</dst>
            <dst id="DNVRng">99.2426666666667</dst>
            <dst id="HSTNng">218.728</dst>
            <dst id="IPLSng">892.653333333333</dst>
            <dst id="KSCYng">152.48</dst>
            <dst id="LOSAng">281.744</dst>
            <dst id="NYCMng">434.544</dst>
            <dst id="SNVAng">199.264</dst>
            <dst id="STTLng">342.602666666667</dst>
            <dst id="WASHng">502.765333333333</dst>
        </src>
        <src id="ATLAng">
            <dst id="ATLA-M5">233.541333333333</dst>
            <dst id="ATLAng">25296.8533333333</dst>
            <dst id="CHINng">22184.032</dst>
            <dst id="DNVRng">6146.392</dst>
            <dst id="HSTNng">4294.05866666667</dst>
            <dst id="IPLSng">22474.576</dst>
            <dst id="KSCYng">1149.78933333333</dst>
            <dst id="LOSAng">17056.8346666667</dst>
            <dst id="NYCMng">8075.55466666667</dst>
            <dst id="SNVAng">1248.86666666667</dst>
            <dst id="STTLng">4987.12533333333</dst>
            <dst id="WASHng">37316.976</dst>
        </src>
        <src id="CHINng">
            <dst id="ATLA-M5">1117.36266666667</dst>
            <dst id="ATLAng">15871.56</dst>
            <dst id="CHINng">84397.464</dst>
            <dst id="DNVRng">30612.48</dst>
            <dst id="HSTNng">47250.8586666667</dst>
            <dst id="IPLSng">75229.7253333333</dst>
            <dst id="KSCYng">21607.4853333333</dst>
            <dst id="LOSAng">2050153.17333333</dst>
            <dst id="NYCMng">22934.8666666667</dst>
            <dst id="SNVAng">3778.408</dst>
            <dst id="STTLng">16017.128</dst>
            <dst id="WASHng">32810.712</dst>
        </src>
        <src id="DNVRng">
            <dst id="ATLA-M5">519.424</dst>
            <dst id="ATLAng">9419.08</dst>
            <dst id="CHINng">85229.664</dst>
            <dst id="DNVRng">13569.5813333333</dst>
            <dst id="HSTNng">14169.464</dst>
            <dst id="IPLSng">34610.5866666667</dst>
            <dst id="KSCYng">18767.7573333333</dst>
            <dst id="LOSAng">11648.5626666667</dst>
            <dst id="NYCMng">19571.336</dst>
            <dst id="SNVAng">10042.968</dst>
            <dst id="STTLng">11399.4373333333</dst>
            <dst id="WASHng">41420.128</dst>
        </src>
        <src id="HSTNng">
            <dst id="ATLA-M5">1824.36</dst>
            <dst id="ATLAng">1781.536</dst>
            <dst id="CHINng">21782.288</dst>
            <dst id="DNVRng">3326.42666666667</dst>
            <dst id="HSTNng">5753.33866666667</dst>
            <dst id="IPLSng">8025.60266666667</dst>
            <dst id="KSCYng">3681.15733333333</dst>
            <dst id="LOSAng">8256.78666666667</dst>
            <dst id="NYCMng">4362.62666666667</dst>
            <dst id="SNVAng">3671.08266666667</dst>
            <dst id="STTLng">2431.22133333333</dst>
            <dst id="WASHng">8711.528</dst>
        </src>
        <src id="IPLSng">
            <dst id="ATLA-M5">1612.78666666667</dst>
            <dst id="ATLAng">14988.704</dst>
            <dst id="CHINng">91544.0533333334</dst>
            <dst id="DNVRng">25165.8933333333</dst>
            <dst id="HSTNng">7792.32</dst>
            <dst id="IPLSng">16331.8373333333</dst>
            <dst id="KSCYng">10297.368</dst>
            <dst id="LOSAng">77502.2826666667</dst>
            <dst id="NYCMng">66652.424</dst>
            <dst id="SNVAng">2748.11733333333</dst>
            <dst id="STTLng">8539.816</dst>
            <dst id="WASHng">39353.696</dst>
        </src>
        <src id="KSCYng">
            <dst id="ATLA-M5">572.482666666667</dst>
            <dst id="ATLAng">2305.816</dst>
            <dst id="CHINng">19646.216</dst>
            <dst id="DNVRng">9791.00266666667</dst>
            <dst id="HSTNng">3502.27466666667</dst>
            <dst id="IPLSng">13752.5013333333</dst>
            <dst id="KSCYng">6162.51466666667</dst>
            <dst id="LOSAng">6467.83466666667</dst>
            <dst id="NYCMng">4894.40266666667</dst>
            <dst id="SNVAng">1984.54933333333</dst>
            <dst id="STTLng">1340.56</dst>
            <dst id="WASHng">14400.664</dst>
        </src>
        <src id="LOSAng">
            <dst id="ATLA-M5">1207.05066666667</dst>
            <dst id="ATLAng">15297.936</dst>
            <dst id="CHINng">1061945.25333333</dst>
            <dst id="DNVRng">21976.1226666667</dst>
            <dst id="HSTNng">7541.56533333333</dst>
            <dst id="IPLSng">59094.456</dst>
            <dst id="KSCYng">12425.368</dst>
            <dst id="LOSAng">13626.4986666667</dst>
            <dst id="NYCMng">96094.2693333333</dst>
            <dst id="SNVAng">5400.584</dst>
            <dst id="STTLng">22300.248</dst>
            <dst id="WASHng">91174.1813333333</dst>
        </src>
        <src id="NYCMng">
            <dst id="ATLA-M5">2653.61866666667</dst>
            <dst id="ATLAng">23850.4426666667</dst>
            <dst id="CHINng">47878.8853333333</dst>
            <dst id="DNVRng">29538.5493333333</dst>
            <dst id="HSTNng">17327.456</dst>
            <dst id="IPLSng">60221.4853333333</dst>
            <dst id="KSCYng">18306.3013333333</dst>
            <dst id="LOSAng">79549.7146666667</dst>
            <dst id="NYCMng">165693.802666667</dst>
            <dst id="SNVAng">4299.89066666667</dst>
            <dst id="STTLng">25853.1253333333</dst>
            <dst id="WASHng">120682.442666667</dst>
        </src>
        <src id="SNVAng">
            <dst id="ATLA-M5">119.365333333333</dst>
            <dst id="ATLAng">228.210666666667</dst>
            <dst id="CHINng">3509.90666666667</dst>
            <dst id="DNVRng">4685.64</dst>
            <dst id="HSTNng">738.565333333333</dst>
            <dst id="IPLSng">1921.38933333333</dst>
            <dst id="KSCYng">4905.96533333333</dst>
            <dst id="LOSAng">30962.3573333333</dst>
            <dst id="NYCMng">8881.85333333333</dst>
            <dst id="SNVAng">10671.6026666667</dst>
            <dst id="STTLng">48812.1226666667</dst>
            <dst id="WASHng">252.36</dst>
        </src>
        <src id="STTLng">
            <dst id="ATLA-M5">233.952</dst>
            <dst id="ATLAng">8399.33333333333</dst>
            <dst id="CHINng">10465.864</dst>
            <dst id="DNVRng">6110.81333333333</dst>
            <dst id="HSTNng">7446.89066666667</dst>
            <dst id="IPLSng">8641.57333333333</dst>
            <dst id="KSCYng">1965.44533333333</dst>
            <dst id="LOSAng">22613.9146666667</dst>
            <dst id="NYCMng">4482.86666666667</dst>
            <dst id="SNVAng">3672.22133333333</dst>
            <dst id="STTLng">4411.53066666667</dst>
            <dst id="WASHng">6775.49333333333</dst>
        </src>
        <src id="WASHng">
            <dst id="ATLA-M5">1464.62666666667</dst>
            <dst id="ATLAng">89434.9573333333</dst>
            <dst id="CHINng">91220.4133333333</dst>
            <dst id="DNVRng">57264.6</dst>
            <dst id="HSTNng">12392.6293333333</dst>
            <dst id="IPLSng">49967.8133333333</dst>
            <dst id="KSCYng">34826.2773333333</dst>
            <dst id="LOSAng">126514.957333333</dst>
            <dst id="NYCMng">182789.378666667</dst>
            <dst id="SNVAng">4426.848</dst>
            <dst id="STTLng">31085.7733333333</dst>
            <dst id="WASHng">213822.066666667</dst>
        </src>
    </IntraTM>
</TrafficMatrixFile>
