<?xml version="1.0" encoding="ISO-8859-1" standalone="yes"?>
<TrafficMatrixFile xsi:noNamespaceSchemaLocation="http://totem.run.montefiore.ulg.ac.be/Schema/TrafficMatrix-v1_2.xsd" xmlns:xsi="http://www.w3.org/2001/XMLSchema-instance">
    <IntraTM ASID="11537">
        <src id="ATLA-M5">
            <dst id="ATLA-M5">1163.67466666667</dst>
            <dst id="ATLAng">56.96</dst>
            <dst id="CHINng">346.026666666667</dst>
            <dst id="DNVRng">0</dst>
            <dst id="HSTNng">214.642666666667</dst>
            <dst id="IPLSng">385.872</dst>
            <dst id="KSCYng">163.152</dst>
            <dst id="LOSAng">162.853333333333</dst>
            <dst id="NYCMng">53.3333333333333</dst>
            <dst id="SNVAng">0</dst>
            <dst id="STTLng">26.6666666666667</dst>
            <dst id="WASHng">1267.07733333333</dst>
        </src>
        <src id="ATLAng">
            <dst id="ATLA-M5">156.786666666667</dst>
            <dst id="ATLAng">29763.8986666667</dst>
            <dst id="CHINng">15856.9093333333</dst>
            <dst id="DNVRng">4222.456</dst>
            <dst id="HSTNng">2733.11733333333</dst>
            <dst id="IPLSng">15999.7733333333</dst>
            <dst id="KSCYng">1461.2</dst>
            <dst id="LOSAng">18404.976</dst>
            <dst id="NYCMng">11977.2533333333</dst>
            <dst id="SNVAng">174.186666666667</dst>
            <dst id="STTLng">5483.856</dst>
            <dst id="WASHng">83718.6346666667</dst>
        </src>
        <src id="CHINng">
            <dst id="ATLA-M5">888.525333333333</dst>
            <dst id="ATLAng">17435.008</dst>
            <dst id="CHINng">107324.16</dst>
            <dst id="DNVRng">20029.3626666667</dst>
            <dst id="HSTNng">44482.56</dst>
            <dst id="IPLSng">42911.928</dst>
            <dst id="KSCYng">17295.136</dst>
            <dst id="LOSAng">35633.2933333333</dst>
            <dst id="NYCMng">22185.4986666667</dst>
            <dst id="SNVAng">553.490666666667</dst>
            <dst id="STTLng">12046.4613333333</dst>
            <dst id="WASHng">28715.72</dst>
        </src>
        <src id="DNVRng">
            <dst id="ATLA-M5">172.477333333333</dst>
            <dst id="ATLAng">5717.05866666667</dst>
            <dst id="CHINng">55577.7413333333</dst>
            <dst id="DNVRng">12411.3413333333</dst>
            <dst id="HSTNng">15966.256</dst>
            <dst id="IPLSng">35541.1013333333</dst>
            <dst id="KSCYng">19788.5386666667</dst>
            <dst id="LOSAng">7529.08</dst>
            <dst id="NYCMng">23987.4533333333</dst>
            <dst id="SNVAng">9624.15733333333</dst>
            <dst id="STTLng">15953.6053333333</dst>
            <dst id="WASHng">49339.5226666667</dst>
        </src>
        <src id="HSTNng">
            <dst id="ATLA-M5">4569.52266666667</dst>
            <dst id="ATLAng">1185.61866666667</dst>
            <dst id="CHINng">14576.4853333333</dst>
            <dst id="DNVRng">2306.704</dst>
            <dst id="HSTNng">10008.1466666667</dst>
            <dst id="IPLSng">2076.02933333333</dst>
            <dst id="KSCYng">1495.312</dst>
            <dst id="LOSAng">2274.94666666667</dst>
            <dst id="NYCMng">5561.23733333333</dst>
            <dst id="SNVAng">689.562666666667</dst>
            <dst id="STTLng">2110.00533333333</dst>
            <dst id="WASHng">9037.704</dst>
        </src>
        <src id="IPLSng">
            <dst id="ATLA-M5">270.552</dst>
            <dst id="ATLAng">16904.8826666667</dst>
            <dst id="CHINng">71274.9493333334</dst>
            <dst id="DNVRng">15907.1306666667</dst>
            <dst id="HSTNng">2436.10133333333</dst>
            <dst id="IPLSng">13891.9413333333</dst>
            <dst id="KSCYng">4171.4</dst>
            <dst id="LOSAng">35282.576</dst>
            <dst id="NYCMng">49369.0026666667</dst>
            <dst id="SNVAng">768.277333333333</dst>
            <dst id="STTLng">7822.59733333333</dst>
            <dst id="WASHng">35481.4853333333</dst>
        </src>
        <src id="KSCYng">
            <dst id="ATLA-M5">144.746666666667</dst>
            <dst id="ATLAng">5054.10133333333</dst>
            <dst id="CHINng">30159.4666666667</dst>
            <dst id="DNVRng">20030.8106666667</dst>
            <dst id="HSTNng">2911.32266666667</dst>
            <dst id="IPLSng">24244.784</dst>
            <dst id="KSCYng">13431.6266666667</dst>
            <dst id="LOSAng">5098.81866666667</dst>
            <dst id="NYCMng">7355.64</dst>
            <dst id="SNVAng">2114.24266666667</dst>
            <dst id="STTLng">1411.01866666667</dst>
            <dst id="WASHng">15574.3226666667</dst>
        </src>
        <src id="LOSAng">
            <dst id="ATLA-M5">1605.26933333333</dst>
            <dst id="ATLAng">18545.6933333333</dst>
            <dst id="CHINng">90694.8613333333</dst>
            <dst id="DNVRng">8400.61333333333</dst>
            <dst id="HSTNng">5493.66933333333</dst>
            <dst id="IPLSng">34268.5866666667</dst>
            <dst id="KSCYng">10776.144</dst>
            <dst id="LOSAng">13559.96</dst>
            <dst id="NYCMng">60008.4826666667</dst>
            <dst id="SNVAng">8674.6</dst>
            <dst id="STTLng">16968.6933333333</dst>
            <dst id="WASHng">130281.141333333</dst>
        </src>
        <src id="NYCMng">
            <dst id="ATLA-M5">1291.86666666667</dst>
            <dst id="ATLAng">26124.384</dst>
            <dst id="CHINng">48563.0186666667</dst>
            <dst id="DNVRng">31886.9226666667</dst>
            <dst id="HSTNng">6315.47733333333</dst>
            <dst id="IPLSng">44652.1306666667</dst>
            <dst id="KSCYng">16049.952</dst>
            <dst id="LOSAng">36695.704</dst>
            <dst id="NYCMng">149440.778666667</dst>
            <dst id="SNVAng">2003.43466666667</dst>
            <dst id="STTLng">22032.3493333333</dst>
            <dst id="WASHng">100668.850666667</dst>
        </src>
        <src id="SNVAng">
            <dst id="ATLA-M5">0</dst>
            <dst id="ATLAng">32.8293333333333</dst>
            <dst id="CHINng">347.034666666667</dst>
            <dst id="DNVRng">4449.48533333333</dst>
            <dst id="HSTNng">89.6</dst>
            <dst id="IPLSng">222.805333333333</dst>
            <dst id="KSCYng">0</dst>
            <dst id="LOSAng">40026.0026666667</dst>
            <dst id="NYCMng">427.472</dst>
            <dst id="SNVAng">15166.4293333333</dst>
            <dst id="STTLng">57481.9386666667</dst>
            <dst id="WASHng">384.856</dst>
        </src>
        <src id="STTLng">
            <dst id="ATLA-M5">26.6666666666667</dst>
            <dst id="ATLAng">8092.816</dst>
            <dst id="CHINng">14393.2293333333</dst>
            <dst id="DNVRng">2722.832</dst>
            <dst id="HSTNng">5900.07466666667</dst>
            <dst id="IPLSng">3996.59466666667</dst>
            <dst id="KSCYng">5542.448</dst>
            <dst id="LOSAng">12785.3733333333</dst>
            <dst id="NYCMng">6529.104</dst>
            <dst id="SNVAng">4583.944</dst>
            <dst id="STTLng">6783.136</dst>
            <dst id="WASHng">9467.26133333333</dst>
        </src>
        <src id="WASHng">
            <dst id="ATLA-M5">446.794666666667</dst>
            <dst id="ATLAng">73518.896</dst>
            <dst id="CHINng">62457.8</dst>
            <dst id="DNVRng">48377.5066666667</dst>
            <dst id="HSTNng">20859.9546666667</dst>
            <dst id="IPLSng">58997.0506666667</dst>
            <dst id="KSCYng">16973.3306666667</dst>
            <dst id="LOSAng">88582.8426666667</dst>
            <dst id="NYCMng">161883.045333333</dst>
            <dst id="SNVAng">1340.08533333333</dst>
            <dst id="STTLng">35209.488</dst>
            <dst id="WASHng">294041.44</dst>
        </src>
    </IntraTM>
</TrafficMatrixFile>
