<?xml version="1.0" encoding="ISO-8859-1" standalone="yes"?>
<TrafficMatrixFile xsi:noNamespaceSchemaLocation="http://totem.run.montefiore.ulg.ac.be/Schema/TrafficMatrix-v1_2.xsd" xmlns:xsi="http://www.w3.org/2001/XMLSchema-instance">
    <IntraTM ASID="11537">
        <src id="ATLA-M5">
            <dst id="ATLA-M5">34.264</dst>
            <dst id="ATLAng">174.032</dst>
            <dst id="CHINng">421.093333333333</dst>
            <dst id="DNVRng">116.285333333333</dst>
            <dst id="HSTNng">177.477333333333</dst>
            <dst id="IPLSng">345.712</dst>
            <dst id="KSCYng">191.109333333333</dst>
            <dst id="LOSAng">85.3093333333333</dst>
            <dst id="NYCMng">338.477333333333</dst>
            <dst id="SNVAng">148.709333333333</dst>
            <dst id="STTLng">0</dst>
            <dst id="WASHng">603.018666666667</dst>
        </src>
        <src id="ATLAng">
            <dst id="ATLA-M5">247.824</dst>
            <dst id="ATLAng">21846.7546666667</dst>
            <dst id="CHINng">20709.1013333333</dst>
            <dst id="DNVRng">4980.52</dst>
            <dst id="HSTNng">5265.728</dst>
            <dst id="IPLSng">29913.8853333333</dst>
            <dst id="KSCYng">3217.72266666667</dst>
            <dst id="LOSAng">28709.072</dst>
            <dst id="NYCMng">11842.336</dst>
            <dst id="SNVAng">1234.49866666667</dst>
            <dst id="STTLng">5736.632</dst>
            <dst id="WASHng">36612.6293333333</dst>
        </src>
        <src id="CHINng">
            <dst id="ATLA-M5">756.834666666667</dst>
            <dst id="ATLAng">31146.1813333333</dst>
            <dst id="CHINng">88344.8</dst>
            <dst id="DNVRng">16310.248</dst>
            <dst id="HSTNng">47633.1466666667</dst>
            <dst id="IPLSng">44179.816</dst>
            <dst id="KSCYng">13518.4133333333</dst>
            <dst id="LOSAng">63899.6746666667</dst>
            <dst id="NYCMng">18848.4586666667</dst>
            <dst id="SNVAng">3532.29866666667</dst>
            <dst id="STTLng">10144.944</dst>
            <dst id="WASHng">34032.5066666667</dst>
        </src>
        <src id="DNVRng">
            <dst id="ATLA-M5">187.272</dst>
            <dst id="ATLAng">6065.472</dst>
            <dst id="CHINng">71075.7866666667</dst>
            <dst id="DNVRng">19008.392</dst>
            <dst id="HSTNng">14328.5466666667</dst>
            <dst id="IPLSng">29837.6266666667</dst>
            <dst id="KSCYng">20807.8186666667</dst>
            <dst id="LOSAng">6444.69866666667</dst>
            <dst id="NYCMng">22283.0533333333</dst>
            <dst id="SNVAng">10387.888</dst>
            <dst id="STTLng">16865.8746666667</dst>
            <dst id="WASHng">52510.6373333333</dst>
        </src>
        <src id="HSTNng">
            <dst id="ATLA-M5">4647.26133333333</dst>
            <dst id="ATLAng">2055.44533333333</dst>
            <dst id="CHINng">13046.488</dst>
            <dst id="DNVRng">5831.376</dst>
            <dst id="HSTNng">8836.184</dst>
            <dst id="IPLSng">6020.232</dst>
            <dst id="KSCYng">3108.91466666667</dst>
            <dst id="LOSAng">8203.66133333333</dst>
            <dst id="NYCMng">4110.744</dst>
            <dst id="SNVAng">1840.01866666667</dst>
            <dst id="STTLng">1787.768</dst>
            <dst id="WASHng">7085.768</dst>
        </src>
        <src id="IPLSng">
            <dst id="ATLA-M5">597.093333333333</dst>
            <dst id="ATLAng">36701.136</dst>
            <dst id="CHINng">103136.832</dst>
            <dst id="DNVRng">21164.696</dst>
            <dst id="HSTNng">7711.29333333333</dst>
            <dst id="IPLSng">32626.0986666667</dst>
            <dst id="KSCYng">16048.9573333333</dst>
            <dst id="LOSAng">34809.576</dst>
            <dst id="NYCMng">51957.9386666667</dst>
            <dst id="SNVAng">1886.09066666667</dst>
            <dst id="STTLng">8981.18133333334</dst>
            <dst id="WASHng">39471.2986666667</dst>
        </src>
        <src id="KSCYng">
            <dst id="ATLA-M5">107.488</dst>
            <dst id="ATLAng">2846.37333333333</dst>
            <dst id="CHINng">23149.9733333333</dst>
            <dst id="DNVRng">19169.0133333333</dst>
            <dst id="HSTNng">3841.288</dst>
            <dst id="IPLSng">10142.5626666667</dst>
            <dst id="KSCYng">12151.4</dst>
            <dst id="LOSAng">7380.99466666666</dst>
            <dst id="NYCMng">4152.568</dst>
            <dst id="SNVAng">244.362666666667</dst>
            <dst id="STTLng">3145.912</dst>
            <dst id="WASHng">15302.0133333333</dst>
        </src>
        <src id="LOSAng">
            <dst id="ATLA-M5">1101.69866666667</dst>
            <dst id="ATLAng">17636.8133333333</dst>
            <dst id="CHINng">92843.6266666667</dst>
            <dst id="DNVRng">26490.224</dst>
            <dst id="HSTNng">4518.85333333333</dst>
            <dst id="IPLSng">50559.6213333333</dst>
            <dst id="KSCYng">15463.6106666667</dst>
            <dst id="LOSAng">10143.9466666667</dst>
            <dst id="NYCMng">54839.576</dst>
            <dst id="SNVAng">6978.37333333333</dst>
            <dst id="STTLng">25981.6373333333</dst>
            <dst id="WASHng">116054.762666667</dst>
        </src>
        <src id="NYCMng">
            <dst id="ATLA-M5">1764.19466666667</dst>
            <dst id="ATLAng">37640.2613333333</dst>
            <dst id="CHINng">55796.3386666667</dst>
            <dst id="DNVRng">42202.504</dst>
            <dst id="HSTNng">13213.992</dst>
            <dst id="IPLSng">54780.0693333333</dst>
            <dst id="KSCYng">15749.7146666667</dst>
            <dst id="LOSAng">82699.9893333333</dst>
            <dst id="NYCMng">158607.408</dst>
            <dst id="SNVAng">6811.76</dst>
            <dst id="STTLng">23727.5946666667</dst>
            <dst id="WASHng">135193.274666667</dst>
        </src>
        <src id="SNVAng">
            <dst id="ATLA-M5">26.6666666666667</dst>
            <dst id="ATLAng">53.3333333333333</dst>
            <dst id="CHINng">2210.43733333333</dst>
            <dst id="DNVRng">1960.93333333333</dst>
            <dst id="HSTNng">388.653333333333</dst>
            <dst id="IPLSng">528.584</dst>
            <dst id="KSCYng">721.024</dst>
            <dst id="LOSAng">53038.104</dst>
            <dst id="NYCMng">623.133333333333</dst>
            <dst id="SNVAng">18778.2986666667</dst>
            <dst id="STTLng">57514.5813333333</dst>
            <dst id="WASHng">1551.864</dst>
        </src>
        <src id="STTLng">
            <dst id="ATLA-M5">107.778666666667</dst>
            <dst id="ATLAng">9861.03466666667</dst>
            <dst id="CHINng">11813.7146666667</dst>
            <dst id="DNVRng">1889.85866666667</dst>
            <dst id="HSTNng">6789.24266666667</dst>
            <dst id="IPLSng">10308.6826666667</dst>
            <dst id="KSCYng">3955.31733333333</dst>
            <dst id="LOSAng">19618.416</dst>
            <dst id="NYCMng">5819.904</dst>
            <dst id="SNVAng">3432.93866666667</dst>
            <dst id="STTLng">4884.896</dst>
            <dst id="WASHng">6065.71733333333</dst>
        </src>
        <src id="WASHng">
            <dst id="ATLA-M5">253.165333333333</dst>
            <dst id="ATLAng">69980.5013333333</dst>
            <dst id="CHINng">81858.4693333333</dst>
            <dst id="DNVRng">84173.8</dst>
            <dst id="HSTNng">35905.3786666667</dst>
            <dst id="IPLSng">60021.0986666667</dst>
            <dst id="KSCYng">18601.9653333333</dst>
            <dst id="LOSAng">120436.789333333</dst>
            <dst id="NYCMng">160653.813333333</dst>
            <dst id="SNVAng">6501.14133333333</dst>
            <dst id="STTLng">29205.4</dst>
            <dst id="WASHng">238657.248</dst>
        </src>
    </IntraTM>
</TrafficMatrixFile>
