<?xml version="1.0" encoding="ISO-8859-1" standalone="yes"?>
<TrafficMatrixFile xsi:noNamespaceSchemaLocation="http://totem.run.montefiore.ulg.ac.be/Schema/TrafficMatrix-v1_2.xsd" xmlns:xsi="http://www.w3.org/2001/XMLSchema-instance">
    <IntraTM ASID="11537">
        <src id="ATLA-M5">
            <dst id="ATLA-M5">277.069333333333</dst>
            <dst id="ATLAng">26.6666666666667</dst>
            <dst id="CHINng">272.290666666667</dst>
            <dst id="DNVRng">71.6266666666667</dst>
            <dst id="HSTNng">148.674666666667</dst>
            <dst id="IPLSng">341.397333333333</dst>
            <dst id="KSCYng">31.2266666666667</dst>
            <dst id="LOSAng">184.149333333333</dst>
            <dst id="NYCMng">191.656</dst>
            <dst id="SNVAng">77.216</dst>
            <dst id="STTLng">884.314666666667</dst>
            <dst id="WASHng">440.472</dst>
        </src>
        <src id="ATLAng">
            <dst id="ATLA-M5">320.04</dst>
            <dst id="ATLAng">21277.968</dst>
            <dst id="CHINng">25908.4746666667</dst>
            <dst id="DNVRng">5153.09866666667</dst>
            <dst id="HSTNng">2763.36</dst>
            <dst id="IPLSng">18213.8373333333</dst>
            <dst id="KSCYng">2713.048</dst>
            <dst id="LOSAng">19221.5706666667</dst>
            <dst id="NYCMng">13783.144</dst>
            <dst id="SNVAng">618.789333333333</dst>
            <dst id="STTLng">4919.29333333333</dst>
            <dst id="WASHng">50650.776</dst>
        </src>
        <src id="CHINng">
            <dst id="ATLA-M5">2516.29866666667</dst>
            <dst id="ATLAng">26298.0453333333</dst>
            <dst id="CHINng">93688.6986666667</dst>
            <dst id="DNVRng">27715.6986666667</dst>
            <dst id="HSTNng">52810.3386666667</dst>
            <dst id="IPLSng">65190.1866666667</dst>
            <dst id="KSCYng">17247.1013333333</dst>
            <dst id="LOSAng">2064269.44</dst>
            <dst id="NYCMng">39976.0026666667</dst>
            <dst id="SNVAng">3531.872</dst>
            <dst id="STTLng">17507.4213333333</dst>
            <dst id="WASHng">21900.1866666667</dst>
        </src>
        <src id="DNVRng">
            <dst id="ATLA-M5">366.928</dst>
            <dst id="ATLAng">5221.68</dst>
            <dst id="CHINng">66748.1813333333</dst>
            <dst id="DNVRng">21148.3653333333</dst>
            <dst id="HSTNng">16193.8053333333</dst>
            <dst id="IPLSng">41482.0213333333</dst>
            <dst id="KSCYng">22354.096</dst>
            <dst id="LOSAng">13695.728</dst>
            <dst id="NYCMng">19256.5733333333</dst>
            <dst id="SNVAng">13459.7226666667</dst>
            <dst id="STTLng">12377.36</dst>
            <dst id="WASHng">44610.9306666667</dst>
        </src>
        <src id="HSTNng">
            <dst id="ATLA-M5">4590.63466666667</dst>
            <dst id="ATLAng">5481.416</dst>
            <dst id="CHINng">17413.6026666667</dst>
            <dst id="DNVRng">3267.07733333333</dst>
            <dst id="HSTNng">6381.02933333333</dst>
            <dst id="IPLSng">4941.42133333333</dst>
            <dst id="KSCYng">5334.976</dst>
            <dst id="LOSAng">11505.328</dst>
            <dst id="NYCMng">6053.58933333333</dst>
            <dst id="SNVAng">992.56</dst>
            <dst id="STTLng">4552.19733333333</dst>
            <dst id="WASHng">9240.73866666667</dst>
        </src>
        <src id="IPLSng">
            <dst id="ATLA-M5">1415.85066666667</dst>
            <dst id="ATLAng">18370.7066666667</dst>
            <dst id="CHINng">127253.96</dst>
            <dst id="DNVRng">19147.7733333333</dst>
            <dst id="HSTNng">6867.904</dst>
            <dst id="IPLSng">15892.112</dst>
            <dst id="KSCYng">11618.3786666667</dst>
            <dst id="LOSAng">73245.7306666667</dst>
            <dst id="NYCMng">56989.4906666667</dst>
            <dst id="SNVAng">2327.35466666667</dst>
            <dst id="STTLng">13516.7306666667</dst>
            <dst id="WASHng">48268.2106666667</dst>
        </src>
        <src id="KSCYng">
            <dst id="ATLA-M5">275.629333333333</dst>
            <dst id="ATLAng">2312.89866666667</dst>
            <dst id="CHINng">17112.176</dst>
            <dst id="DNVRng">9643.54133333333</dst>
            <dst id="HSTNng">4118.92</dst>
            <dst id="IPLSng">11839.76</dst>
            <dst id="KSCYng">6967.12</dst>
            <dst id="LOSAng">7756.91733333333</dst>
            <dst id="NYCMng">4281.07733333333</dst>
            <dst id="SNVAng">599.418666666667</dst>
            <dst id="STTLng">2602.07733333333</dst>
            <dst id="WASHng">15673.0533333333</dst>
        </src>
        <src id="LOSAng">
            <dst id="ATLA-M5">2760.06666666667</dst>
            <dst id="ATLAng">19957.296</dst>
            <dst id="CHINng">1085864.29333333</dst>
            <dst id="DNVRng">12782.1013333333</dst>
            <dst id="HSTNng">31992.5413333333</dst>
            <dst id="IPLSng">52241.0266666667</dst>
            <dst id="KSCYng">12725.768</dst>
            <dst id="LOSAng">27149.0586666667</dst>
            <dst id="NYCMng">72461.6826666667</dst>
            <dst id="SNVAng">9232.19466666667</dst>
            <dst id="STTLng">27672.56</dst>
            <dst id="WASHng">92873.4506666667</dst>
        </src>
        <src id="NYCMng">
            <dst id="ATLA-M5">3984.06933333333</dst>
            <dst id="ATLAng">29536.448</dst>
            <dst id="CHINng">51584.8693333333</dst>
            <dst id="DNVRng">36497.416</dst>
            <dst id="HSTNng">17252.1973333333</dst>
            <dst id="IPLSng">72263.5253333333</dst>
            <dst id="KSCYng">18016.7306666667</dst>
            <dst id="LOSAng">78059.5626666667</dst>
            <dst id="NYCMng">188678.626666667</dst>
            <dst id="SNVAng">5769.34666666667</dst>
            <dst id="STTLng">26857.1493333333</dst>
            <dst id="WASHng">140939.304</dst>
        </src>
        <src id="SNVAng">
            <dst id="ATLA-M5">29.5333333333333</dst>
            <dst id="ATLAng">73.6186666666667</dst>
            <dst id="CHINng">2456.24266666667</dst>
            <dst id="DNVRng">20452.416</dst>
            <dst id="HSTNng">313.922666666667</dst>
            <dst id="IPLSng">5408.672</dst>
            <dst id="KSCYng">4599.76533333333</dst>
            <dst id="LOSAng">38781.248</dst>
            <dst id="NYCMng">1341.024</dst>
            <dst id="SNVAng">17261.608</dst>
            <dst id="STTLng">57336.3786666667</dst>
            <dst id="WASHng">354.205333333333</dst>
        </src>
        <src id="STTLng">
            <dst id="ATLA-M5">80.784</dst>
            <dst id="ATLAng">10164.1253333333</dst>
            <dst id="CHINng">18999.4613333333</dst>
            <dst id="DNVRng">3096.264</dst>
            <dst id="HSTNng">9799.57066666667</dst>
            <dst id="IPLSng">8108.104</dst>
            <dst id="KSCYng">2720.984</dst>
            <dst id="LOSAng">25388.8693333333</dst>
            <dst id="NYCMng">11582.6346666667</dst>
            <dst id="SNVAng">4273.336</dst>
            <dst id="STTLng">10666.0773333333</dst>
            <dst id="WASHng">11322.3573333333</dst>
        </src>
        <src id="WASHng">
            <dst id="ATLA-M5">986.554666666667</dst>
            <dst id="ATLAng">97592.5306666666</dst>
            <dst id="CHINng">86327.7173333333</dst>
            <dst id="DNVRng">59694.3786666667</dst>
            <dst id="HSTNng">55908.04</dst>
            <dst id="IPLSng">57054.6426666667</dst>
            <dst id="KSCYng">16388.8266666667</dst>
            <dst id="LOSAng">102615.648</dst>
            <dst id="NYCMng">174741.802666667</dst>
            <dst id="SNVAng">7581.99733333333</dst>
            <dst id="STTLng">33015.1653333333</dst>
            <dst id="WASHng">252237.114666667</dst>
        </src>
    </IntraTM>
</TrafficMatrixFile>
