<?xml version="1.0" encoding="ISO-8859-1" standalone="yes"?>
<TrafficMatrixFile xsi:noNamespaceSchemaLocation="http://totem.run.montefiore.ulg.ac.be/Schema/TrafficMatrix-v1_2.xsd" xmlns:xsi="http://www.w3.org/2001/XMLSchema-instance">
    <IntraTM ASID="11537">
        <src id="ATLA-M5">
            <dst id="ATLA-M5">71.7973333333333</dst>
            <dst id="ATLAng">82.6266666666667</dst>
            <dst id="CHINng">339.370666666667</dst>
            <dst id="DNVRng">53.3333333333333</dst>
            <dst id="HSTNng">243.098666666667</dst>
            <dst id="IPLSng">793.08</dst>
            <dst id="KSCYng">1423.784</dst>
            <dst id="LOSAng">99.5786666666666</dst>
            <dst id="NYCMng">90.1253333333333</dst>
            <dst id="SNVAng">0</dst>
            <dst id="STTLng">0</dst>
            <dst id="WASHng">358.96</dst>
        </src>
        <src id="ATLAng">
            <dst id="ATLA-M5">338.541333333333</dst>
            <dst id="ATLAng">24749.9946666667</dst>
            <dst id="CHINng">16250.8186666667</dst>
            <dst id="DNVRng">3294.35466666667</dst>
            <dst id="HSTNng">1807.01066666667</dst>
            <dst id="IPLSng">13790.136</dst>
            <dst id="KSCYng">1941.50933333333</dst>
            <dst id="LOSAng">17660.3253333333</dst>
            <dst id="NYCMng">10117.472</dst>
            <dst id="SNVAng">1021.472</dst>
            <dst id="STTLng">6615.03466666666</dst>
            <dst id="WASHng">34432.3386666667</dst>
        </src>
        <src id="CHINng">
            <dst id="ATLA-M5">939.341333333333</dst>
            <dst id="ATLAng">11864.232</dst>
            <dst id="CHINng">111560.253333333</dst>
            <dst id="DNVRng">15965.1973333333</dst>
            <dst id="HSTNng">47358.48</dst>
            <dst id="IPLSng">28713.784</dst>
            <dst id="KSCYng">11397.5813333333</dst>
            <dst id="LOSAng">47581.0106666667</dst>
            <dst id="NYCMng">19293.176</dst>
            <dst id="SNVAng">741.389333333333</dst>
            <dst id="STTLng">11098.688</dst>
            <dst id="WASHng">27018.672</dst>
        </src>
        <src id="DNVRng">
            <dst id="ATLA-M5">137.141333333333</dst>
            <dst id="ATLAng">4878.92</dst>
            <dst id="CHINng">72618.3493333333</dst>
            <dst id="DNVRng">5435.57866666667</dst>
            <dst id="HSTNng">12649.5413333333</dst>
            <dst id="IPLSng">33833.3786666667</dst>
            <dst id="KSCYng">8803.136</dst>
            <dst id="LOSAng">5045.53866666667</dst>
            <dst id="NYCMng">17657.2506666667</dst>
            <dst id="SNVAng">7832.75466666667</dst>
            <dst id="STTLng">11056.8346666667</dst>
            <dst id="WASHng">43092.328</dst>
        </src>
        <src id="HSTNng">
            <dst id="ATLA-M5">4211.08533333333</dst>
            <dst id="ATLAng">2062.368</dst>
            <dst id="CHINng">22694.7653333333</dst>
            <dst id="DNVRng">1768.72533333333</dst>
            <dst id="HSTNng">3792.62933333333</dst>
            <dst id="IPLSng">1911.26933333333</dst>
            <dst id="KSCYng">1204.192</dst>
            <dst id="LOSAng">7422.27733333333</dst>
            <dst id="NYCMng">4001.24533333333</dst>
            <dst id="SNVAng">338.688</dst>
            <dst id="STTLng">1115.472</dst>
            <dst id="WASHng">4322.50933333333</dst>
        </src>
        <src id="IPLSng">
            <dst id="ATLA-M5">275.677333333333</dst>
            <dst id="ATLAng">14959.1866666667</dst>
            <dst id="CHINng">83054.024</dst>
            <dst id="DNVRng">35557.8586666667</dst>
            <dst id="HSTNng">1990.984</dst>
            <dst id="IPLSng">8256.08533333333</dst>
            <dst id="KSCYng">6340.976</dst>
            <dst id="LOSAng">32166.3973333333</dst>
            <dst id="NYCMng">17749.2426666667</dst>
            <dst id="SNVAng">1556.232</dst>
            <dst id="STTLng">18288.9786666667</dst>
            <dst id="WASHng">33567.0933333333</dst>
        </src>
        <src id="KSCYng">
            <dst id="ATLA-M5">58.5893333333333</dst>
            <dst id="ATLAng">2164.91466666667</dst>
            <dst id="CHINng">24675.3146666667</dst>
            <dst id="DNVRng">16357.1146666667</dst>
            <dst id="HSTNng">3231.38933333333</dst>
            <dst id="IPLSng">14997.7253333333</dst>
            <dst id="KSCYng">7952.312</dst>
            <dst id="LOSAng">7084.192</dst>
            <dst id="NYCMng">3155.91466666667</dst>
            <dst id="SNVAng">859.368</dst>
            <dst id="STTLng">3061.6</dst>
            <dst id="WASHng">11424.336</dst>
        </src>
        <src id="LOSAng">
            <dst id="ATLA-M5">1209.632</dst>
            <dst id="ATLAng">11099.0506666667</dst>
            <dst id="CHINng">70011.0666666667</dst>
            <dst id="DNVRng">6658.13333333333</dst>
            <dst id="HSTNng">12395.8586666667</dst>
            <dst id="IPLSng">21465.5493333333</dst>
            <dst id="KSCYng">7855.97866666667</dst>
            <dst id="LOSAng">10769.984</dst>
            <dst id="NYCMng">46069.0826666667</dst>
            <dst id="SNVAng">8487.56266666667</dst>
            <dst id="STTLng">18783.048</dst>
            <dst id="WASHng">115733.362666667</dst>
        </src>
        <src id="NYCMng">
            <dst id="ATLA-M5">1111.40266666667</dst>
            <dst id="ATLAng">25803.6506666667</dst>
            <dst id="CHINng">52465.616</dst>
            <dst id="DNVRng">36369.128</dst>
            <dst id="HSTNng">5854.432</dst>
            <dst id="IPLSng">34577.2106666667</dst>
            <dst id="KSCYng">15873.6746666667</dst>
            <dst id="LOSAng">46766.8986666667</dst>
            <dst id="NYCMng">123163.309333333</dst>
            <dst id="SNVAng">3823.39733333333</dst>
            <dst id="STTLng">19220.6933333333</dst>
            <dst id="WASHng">126231.168</dst>
        </src>
        <src id="SNVAng">
            <dst id="ATLA-M5">0</dst>
            <dst id="ATLAng">189.474666666667</dst>
            <dst id="CHINng">1447.90133333333</dst>
            <dst id="DNVRng">4810.89066666667</dst>
            <dst id="HSTNng">151.781333333333</dst>
            <dst id="IPLSng">1357.14933333333</dst>
            <dst id="KSCYng">26.6666666666667</dst>
            <dst id="LOSAng">38260.6666666667</dst>
            <dst id="NYCMng">380.709333333333</dst>
            <dst id="SNVAng">13577.8186666667</dst>
            <dst id="STTLng">54788.464</dst>
            <dst id="WASHng">224.501333333333</dst>
        </src>
        <src id="STTLng">
            <dst id="ATLA-M5">35.7493333333333</dst>
            <dst id="ATLAng">6338.184</dst>
            <dst id="CHINng">13697.912</dst>
            <dst id="DNVRng">1994.13866666667</dst>
            <dst id="HSTNng">10462.9413333333</dst>
            <dst id="IPLSng">5521.97866666667</dst>
            <dst id="KSCYng">6251.336</dst>
            <dst id="LOSAng">15392.1733333333</dst>
            <dst id="NYCMng">5866.74133333333</dst>
            <dst id="SNVAng">2228.65066666667</dst>
            <dst id="STTLng">2861.16</dst>
            <dst id="WASHng">8805.36</dst>
        </src>
        <src id="WASHng">
            <dst id="ATLA-M5">226.968</dst>
            <dst id="ATLAng">87728.2773333333</dst>
            <dst id="CHINng">64761.4266666667</dst>
            <dst id="DNVRng">57713.7333333333</dst>
            <dst id="HSTNng">19730.8853333333</dst>
            <dst id="IPLSng">54270.04</dst>
            <dst id="KSCYng">11484.304</dst>
            <dst id="LOSAng">102178.6</dst>
            <dst id="NYCMng">176718.224</dst>
            <dst id="SNVAng">962.002666666667</dst>
            <dst id="STTLng">25659.4906666667</dst>
            <dst id="WASHng">228509.373333333</dst>
        </src>
    </IntraTM>
</TrafficMatrixFile>
