<?xml version="1.0" encoding="ISO-8859-1" standalone="yes"?>
<TrafficMatrixFile xsi:noNamespaceSchemaLocation="http://totem.run.montefiore.ulg.ac.be/Schema/TrafficMatrix-v1_2.xsd" xmlns:xsi="http://www.w3.org/2001/XMLSchema-instance">
    <IntraTM ASID="11537">
        <src id="ATLA-M5">
            <dst id="ATLA-M5">43.3813333333333</dst>
            <dst id="ATLAng">310.709333333333</dst>
            <dst id="CHINng">292.173333333333</dst>
            <dst id="DNVRng">180.944</dst>
            <dst id="HSTNng">26.6666666666667</dst>
            <dst id="IPLSng">859.536</dst>
            <dst id="KSCYng">29.2186666666667</dst>
            <dst id="LOSAng">1073.97333333333</dst>
            <dst id="NYCMng">396.714666666667</dst>
            <dst id="SNVAng">0</dst>
            <dst id="STTLng">257.946666666667</dst>
            <dst id="WASHng">662.381333333333</dst>
        </src>
        <src id="ATLAng">
            <dst id="ATLA-M5">806.642666666667</dst>
            <dst id="ATLAng">37444.6853333333</dst>
            <dst id="CHINng">36804.7786666667</dst>
            <dst id="DNVRng">4148.712</dst>
            <dst id="HSTNng">6870.43466666667</dst>
            <dst id="IPLSng">26732.1733333333</dst>
            <dst id="KSCYng">9181.75733333333</dst>
            <dst id="LOSAng">22254.0213333333</dst>
            <dst id="NYCMng">10237.304</dst>
            <dst id="SNVAng">758.066666666667</dst>
            <dst id="STTLng">4133.25333333333</dst>
            <dst id="WASHng">44338.5146666667</dst>
        </src>
        <src id="CHINng">
            <dst id="ATLA-M5">1060.392</dst>
            <dst id="ATLAng">38024.9493333333</dst>
            <dst id="CHINng">129595.456</dst>
            <dst id="DNVRng">24991.5333333333</dst>
            <dst id="HSTNng">55799.976</dst>
            <dst id="IPLSng">60834.9626666667</dst>
            <dst id="KSCYng">17746.9573333333</dst>
            <dst id="LOSAng">2038904.26666667</dst>
            <dst id="NYCMng">21011.7733333333</dst>
            <dst id="SNVAng">2610.01333333333</dst>
            <dst id="STTLng">19108.536</dst>
            <dst id="WASHng">31046.8853333333</dst>
        </src>
        <src id="DNVRng">
            <dst id="ATLA-M5">368.088</dst>
            <dst id="ATLAng">11954.848</dst>
            <dst id="CHINng">56707.9226666667</dst>
            <dst id="DNVRng">9856.66666666667</dst>
            <dst id="HSTNng">15632.7546666667</dst>
            <dst id="IPLSng">28003.304</dst>
            <dst id="KSCYng">10273.344</dst>
            <dst id="LOSAng">6392.496</dst>
            <dst id="NYCMng">15979.552</dst>
            <dst id="SNVAng">8096.128</dst>
            <dst id="STTLng">9291.19733333333</dst>
            <dst id="WASHng">52254.3146666667</dst>
        </src>
        <src id="HSTNng">
            <dst id="ATLA-M5">1084.97333333333</dst>
            <dst id="ATLAng">4683.49333333333</dst>
            <dst id="CHINng">21861.9226666667</dst>
            <dst id="DNVRng">5918.37066666667</dst>
            <dst id="HSTNng">6904.04</dst>
            <dst id="IPLSng">7108.18933333333</dst>
            <dst id="KSCYng">3384.66133333333</dst>
            <dst id="LOSAng">8932.71733333334</dst>
            <dst id="NYCMng">8332.57866666667</dst>
            <dst id="SNVAng">788.872</dst>
            <dst id="STTLng">7252.19466666667</dst>
            <dst id="WASHng">7396.01333333333</dst>
        </src>
        <src id="IPLSng">
            <dst id="ATLA-M5">658.498666666667</dst>
            <dst id="ATLAng">17410.7706666667</dst>
            <dst id="CHINng">117063.352</dst>
            <dst id="DNVRng">19374.4666666667</dst>
            <dst id="HSTNng">5247.568</dst>
            <dst id="IPLSng">15420.56</dst>
            <dst id="KSCYng">12435.856</dst>
            <dst id="LOSAng">47290.3493333333</dst>
            <dst id="NYCMng">59588.5786666667</dst>
            <dst id="SNVAng">2654.08533333333</dst>
            <dst id="STTLng">16018.272</dst>
            <dst id="WASHng">38087.7653333333</dst>
        </src>
        <src id="KSCYng">
            <dst id="ATLA-M5">548.152</dst>
            <dst id="ATLAng">2799.53866666667</dst>
            <dst id="CHINng">30093.3493333333</dst>
            <dst id="DNVRng">7667.26933333333</dst>
            <dst id="HSTNng">5515.35733333333</dst>
            <dst id="IPLSng">13524.6213333333</dst>
            <dst id="KSCYng">5039.84266666667</dst>
            <dst id="LOSAng">8316.54666666667</dst>
            <dst id="NYCMng">10470.3706666667</dst>
            <dst id="SNVAng">698.589333333333</dst>
            <dst id="STTLng">1364.05066666667</dst>
            <dst id="WASHng">12731.4986666667</dst>
        </src>
        <src id="LOSAng">
            <dst id="ATLA-M5">2158.68266666667</dst>
            <dst id="ATLAng">20277.4506666667</dst>
            <dst id="CHINng">1298362.58666667</dst>
            <dst id="DNVRng">11749.2106666667</dst>
            <dst id="HSTNng">13525.296</dst>
            <dst id="IPLSng">49251.76</dst>
            <dst id="KSCYng">12812.1493333333</dst>
            <dst id="LOSAng">9487.80533333334</dst>
            <dst id="NYCMng">100638.872</dst>
            <dst id="SNVAng">12679.1253333333</dst>
            <dst id="STTLng">23134.5653333333</dst>
            <dst id="WASHng">114428.92</dst>
        </src>
        <src id="NYCMng">
            <dst id="ATLA-M5">929.389333333333</dst>
            <dst id="ATLAng">26700.2586666667</dst>
            <dst id="CHINng">50077.6293333333</dst>
            <dst id="DNVRng">43420.8426666667</dst>
            <dst id="HSTNng">16944.464</dst>
            <dst id="IPLSng">74028.3333333333</dst>
            <dst id="KSCYng">20163.4373333333</dst>
            <dst id="LOSAng">96549.4506666667</dst>
            <dst id="NYCMng">238901.882666667</dst>
            <dst id="SNVAng">5577.53066666667</dst>
            <dst id="STTLng">19612.904</dst>
            <dst id="WASHng">154029.781333333</dst>
        </src>
        <src id="SNVAng">
            <dst id="ATLA-M5">269.928</dst>
            <dst id="ATLAng">80</dst>
            <dst id="CHINng">2218.89066666667</dst>
            <dst id="DNVRng">6459.208</dst>
            <dst id="HSTNng">145.56</dst>
            <dst id="IPLSng">1604.38133333333</dst>
            <dst id="KSCYng">697.426666666667</dst>
            <dst id="LOSAng">37482.3333333333</dst>
            <dst id="NYCMng">3893.30666666667</dst>
            <dst id="SNVAng">16454.1813333333</dst>
            <dst id="STTLng">54849.192</dst>
            <dst id="WASHng">272.053333333333</dst>
        </src>
        <src id="STTLng">
            <dst id="ATLA-M5">259.197333333333</dst>
            <dst id="ATLAng">7541.616</dst>
            <dst id="CHINng">24876.5066666667</dst>
            <dst id="DNVRng">6085.72266666667</dst>
            <dst id="HSTNng">11115.2613333333</dst>
            <dst id="IPLSng">9224.46133333333</dst>
            <dst id="KSCYng">4290.55733333333</dst>
            <dst id="LOSAng">23817.92</dst>
            <dst id="NYCMng">8021.53866666667</dst>
            <dst id="SNVAng">4006.584</dst>
            <dst id="STTLng">7456.208</dst>
            <dst id="WASHng">13122.1226666667</dst>
        </src>
        <src id="WASHng">
            <dst id="ATLA-M5">4390.20266666667</dst>
            <dst id="ATLAng">98392.2453333333</dst>
            <dst id="CHINng">70965.5653333333</dst>
            <dst id="DNVRng">42182.3413333333</dst>
            <dst id="HSTNng">12622.424</dst>
            <dst id="IPLSng">74524.2026666667</dst>
            <dst id="KSCYng">14959.4346666667</dst>
            <dst id="LOSAng">148439.341333333</dst>
            <dst id="NYCMng">186392.541333333</dst>
            <dst id="SNVAng">13073.952</dst>
            <dst id="STTLng">28692.368</dst>
            <dst id="WASHng">224040.264</dst>
        </src>
    </IntraTM>
</TrafficMatrixFile>
