<?xml version="1.0" encoding="ISO-8859-1" standalone="yes"?>
<TrafficMatrixFile xsi:noNamespaceSchemaLocation="http://totem.run.montefiore.ulg.ac.be/Schema/TrafficMatrix-v1_2.xsd" xmlns:xsi="http://www.w3.org/2001/XMLSchema-instance">
    <IntraTM ASID="11537">
        <src id="ATLA-M5">
            <dst id="ATLA-M5">55.2586666666667</dst>
            <dst id="ATLAng">150.154666666667</dst>
            <dst id="CHINng">1204.14133333333</dst>
            <dst id="DNVRng">354.176</dst>
            <dst id="HSTNng">198.410666666667</dst>
            <dst id="IPLSng">863.858666666667</dst>
            <dst id="KSCYng">2427.57866666667</dst>
            <dst id="LOSAng">243.418666666667</dst>
            <dst id="NYCMng">107.962666666667</dst>
            <dst id="SNVAng">0</dst>
            <dst id="STTLng">266.186666666667</dst>
            <dst id="WASHng">921.109333333334</dst>
        </src>
        <src id="ATLAng">
            <dst id="ATLA-M5">1325.29333333333</dst>
            <dst id="ATLAng">24332.7333333333</dst>
            <dst id="CHINng">25755.9173333333</dst>
            <dst id="DNVRng">3953.62933333333</dst>
            <dst id="HSTNng">3634.00533333333</dst>
            <dst id="IPLSng">30232.8906666667</dst>
            <dst id="KSCYng">3410.944</dst>
            <dst id="LOSAng">22587.164</dst>
            <dst id="NYCMng">12099.0506666667</dst>
            <dst id="SNVAng">1466.35866666667</dst>
            <dst id="STTLng">7128.26133333333</dst>
            <dst id="WASHng">40384.664</dst>
        </src>
        <src id="CHINng">
            <dst id="ATLA-M5">1170.43733333333</dst>
            <dst id="ATLAng">40736.4933333333</dst>
            <dst id="CHINng">79924.952</dst>
            <dst id="DNVRng">17473.3013333333</dst>
            <dst id="HSTNng">50856.416</dst>
            <dst id="IPLSng">49908.6</dst>
            <dst id="KSCYng">19687.6613333333</dst>
            <dst id="LOSAng">76214.6533333333</dst>
            <dst id="NYCMng">26115.9946666667</dst>
            <dst id="SNVAng">8278.12266666667</dst>
            <dst id="STTLng">11466.2853333333</dst>
            <dst id="WASHng">32137.8586666667</dst>
        </src>
        <src id="DNVRng">
            <dst id="ATLA-M5">307.312</dst>
            <dst id="ATLAng">5492.28266666667</dst>
            <dst id="CHINng">61436.0186666667</dst>
            <dst id="DNVRng">19769.3173333333</dst>
            <dst id="HSTNng">18986.6026666667</dst>
            <dst id="IPLSng">31725.64</dst>
            <dst id="KSCYng">20823.3093333333</dst>
            <dst id="LOSAng">6540.71733333333</dst>
            <dst id="NYCMng">20325.9413333333</dst>
            <dst id="SNVAng">13499.9546666667</dst>
            <dst id="STTLng">13157.4986666667</dst>
            <dst id="WASHng">49135.128</dst>
        </src>
        <src id="HSTNng">
            <dst id="ATLA-M5">729.994666666667</dst>
            <dst id="ATLAng">4582.01866666667</dst>
            <dst id="CHINng">14212.2</dst>
            <dst id="DNVRng">4416.46933333333</dst>
            <dst id="HSTNng">9573.232</dst>
            <dst id="IPLSng">7026.168</dst>
            <dst id="KSCYng">4304.65866666667</dst>
            <dst id="LOSAng">9866.77866666667</dst>
            <dst id="NYCMng">7374.14666666667</dst>
            <dst id="SNVAng">1463.88533333333</dst>
            <dst id="STTLng">2643.25333333333</dst>
            <dst id="WASHng">8762.88533333333</dst>
        </src>
        <src id="IPLSng">
            <dst id="ATLA-M5">3153.81866666667</dst>
            <dst id="ATLAng">27259.8266666667</dst>
            <dst id="CHINng">116856.36</dst>
            <dst id="DNVRng">10543.6826666667</dst>
            <dst id="HSTNng">4592.14133333333</dst>
            <dst id="IPLSng">37323.776</dst>
            <dst id="KSCYng">11193.584</dst>
            <dst id="LOSAng">34901.984</dst>
            <dst id="NYCMng">71412.416</dst>
            <dst id="SNVAng">5439.69066666667</dst>
            <dst id="STTLng">6790.392</dst>
            <dst id="WASHng">34275.84</dst>
        </src>
        <src id="KSCYng">
            <dst id="ATLA-M5">265.965333333333</dst>
            <dst id="ATLAng">3333.456</dst>
            <dst id="CHINng">20676.9333333333</dst>
            <dst id="DNVRng">17023.7306666667</dst>
            <dst id="HSTNng">4353.58933333333</dst>
            <dst id="IPLSng">15323.8693333333</dst>
            <dst id="KSCYng">9229.54133333333</dst>
            <dst id="LOSAng">8924.27733333333</dst>
            <dst id="NYCMng">6957.95733333333</dst>
            <dst id="SNVAng">617.613333333333</dst>
            <dst id="STTLng">4584.26933333333</dst>
            <dst id="WASHng">28674.0426666667</dst>
        </src>
        <src id="LOSAng">
            <dst id="ATLA-M5">2235.368</dst>
            <dst id="ATLAng">27807.4506666667</dst>
            <dst id="CHINng">89648.4213333333</dst>
            <dst id="DNVRng">15508.8986666667</dst>
            <dst id="HSTNng">7287.144</dst>
            <dst id="IPLSng">45400.1626666667</dst>
            <dst id="KSCYng">12798.256</dst>
            <dst id="LOSAng">17185.0986666667</dst>
            <dst id="NYCMng">65763.0613333333</dst>
            <dst id="SNVAng">12193.128</dst>
            <dst id="STTLng">26589.64</dst>
            <dst id="WASHng">99534.6986666667</dst>
        </src>
        <src id="NYCMng">
            <dst id="ATLA-M5">2189.29333333333</dst>
            <dst id="ATLAng">37192.352</dst>
            <dst id="CHINng">57554.52</dst>
            <dst id="DNVRng">37599.4293333333</dst>
            <dst id="HSTNng">26186.2933333333</dst>
            <dst id="IPLSng">56905.5546666667</dst>
            <dst id="KSCYng">25564.9013333333</dst>
            <dst id="LOSAng">86123.288</dst>
            <dst id="NYCMng">199776.752</dst>
            <dst id="SNVAng">5858.68533333333</dst>
            <dst id="STTLng">29692.8746666667</dst>
            <dst id="WASHng">128330.725333333</dst>
        </src>
        <src id="SNVAng">
            <dst id="ATLA-M5">26.6666666666667</dst>
            <dst id="ATLAng">414.058666666667</dst>
            <dst id="CHINng">2184.18133333333</dst>
            <dst id="DNVRng">9293.944</dst>
            <dst id="HSTNng">1448.30933333333</dst>
            <dst id="IPLSng">917.546666666667</dst>
            <dst id="KSCYng">391.093333333333</dst>
            <dst id="LOSAng">53015.0746666667</dst>
            <dst id="NYCMng">9546.34666666667</dst>
            <dst id="SNVAng">20278.8666666667</dst>
            <dst id="STTLng">59599.352</dst>
            <dst id="WASHng">1396.90666666667</dst>
        </src>
        <src id="STTLng">
            <dst id="ATLA-M5">284.354666666667</dst>
            <dst id="ATLAng">9356.28533333333</dst>
            <dst id="CHINng">12214.7093333333</dst>
            <dst id="DNVRng">4353.13333333333</dst>
            <dst id="HSTNng">7174.74133333333</dst>
            <dst id="IPLSng">8165.952</dst>
            <dst id="KSCYng">2716.608</dst>
            <dst id="LOSAng">23458.2453333333</dst>
            <dst id="NYCMng">9940.93333333333</dst>
            <dst id="SNVAng">4579.75733333333</dst>
            <dst id="STTLng">5723.90133333333</dst>
            <dst id="WASHng">5200.58133333333</dst>
        </src>
        <src id="WASHng">
            <dst id="ATLA-M5">1991.74666666667</dst>
            <dst id="ATLAng">98570.12</dst>
            <dst id="CHINng">121906.221333333</dst>
            <dst id="DNVRng">70330.2506666667</dst>
            <dst id="HSTNng">30648.064</dst>
            <dst id="IPLSng">60432.5146666667</dst>
            <dst id="KSCYng">23607.0666666667</dst>
            <dst id="LOSAng">134693.136</dst>
            <dst id="NYCMng">148879.12</dst>
            <dst id="SNVAng">3031.24266666667</dst>
            <dst id="STTLng">25138.8106666667</dst>
            <dst id="WASHng">225287.973333333</dst>
        </src>
    </IntraTM>
</TrafficMatrixFile>
