<?xml version="1.0" encoding="ISO-8859-1" standalone="yes"?>
<TrafficMatrixFile xsi:noNamespaceSchemaLocation="http://totem.run.montefiore.ulg.ac.be/Schema/TrafficMatrix-v1_2.xsd" xmlns:xsi="http://www.w3.org/2001/XMLSchema-instance">
    <IntraTM ASID="11537">
        <src id="ATLA-M5">
            <dst id="ATLA-M5">52.2453333333333</dst>
            <dst id="ATLAng">136.725333333333</dst>
            <dst id="CHINng">2040.48533333333</dst>
            <dst id="DNVRng">0</dst>
            <dst id="HSTNng">335.645333333333</dst>
            <dst id="IPLSng">115.653333333333</dst>
            <dst id="KSCYng">1066.04266666667</dst>
            <dst id="LOSAng">785.957333333333</dst>
            <dst id="NYCMng">122.213333333333</dst>
            <dst id="SNVAng">59.2106666666667</dst>
            <dst id="STTLng">54.2</dst>
            <dst id="WASHng">485.208</dst>
        </src>
        <src id="ATLAng">
            <dst id="ATLA-M5">177.330666666667</dst>
            <dst id="ATLAng">23722.808</dst>
            <dst id="CHINng">12134.0373333333</dst>
            <dst id="DNVRng">3380.93066666667</dst>
            <dst id="HSTNng">1708.81066666667</dst>
            <dst id="IPLSng">13048.288</dst>
            <dst id="KSCYng">5105.34133333333</dst>
            <dst id="LOSAng">18317.72</dst>
            <dst id="NYCMng">7825.74133333334</dst>
            <dst id="SNVAng">343.589333333333</dst>
            <dst id="STTLng">4546.072</dst>
            <dst id="WASHng">28036.6853333333</dst>
        </src>
        <src id="CHINng">
            <dst id="ATLA-M5">513.818666666667</dst>
            <dst id="ATLAng">13434.1146666667</dst>
            <dst id="CHINng">111678.168</dst>
            <dst id="DNVRng">17333.9866666667</dst>
            <dst id="HSTNng">46725.4773333333</dst>
            <dst id="IPLSng">67133.112</dst>
            <dst id="KSCYng">11374.904</dst>
            <dst id="LOSAng">208676.749333333</dst>
            <dst id="NYCMng">17798.3973333333</dst>
            <dst id="SNVAng">1378.29866666667</dst>
            <dst id="STTLng">12539.0933333333</dst>
            <dst id="WASHng">23433.1253333333</dst>
        </src>
        <src id="DNVRng">
            <dst id="ATLA-M5">106.666666666667</dst>
            <dst id="ATLAng">4196.16</dst>
            <dst id="CHINng">67747.0933333333</dst>
            <dst id="DNVRng">7276.86666666667</dst>
            <dst id="HSTNng">11914.944</dst>
            <dst id="IPLSng">36082.1386666667</dst>
            <dst id="KSCYng">11676.9146666667</dst>
            <dst id="LOSAng">4779.90933333333</dst>
            <dst id="NYCMng">23061.3733333333</dst>
            <dst id="SNVAng">7555.82933333333</dst>
            <dst id="STTLng">6756.71466666667</dst>
            <dst id="WASHng">50454.0053333333</dst>
        </src>
        <src id="HSTNng">
            <dst id="ATLA-M5">4106.07733333333</dst>
            <dst id="ATLAng">1770.85333333333</dst>
            <dst id="CHINng">19802.568</dst>
            <dst id="DNVRng">2825.80266666667</dst>
            <dst id="HSTNng">4327.74133333333</dst>
            <dst id="IPLSng">2957.70133333333</dst>
            <dst id="KSCYng">1720.752</dst>
            <dst id="LOSAng">4746.51466666667</dst>
            <dst id="NYCMng">3753.10666666667</dst>
            <dst id="SNVAng">520.04</dst>
            <dst id="STTLng">772.72</dst>
            <dst id="WASHng">2957.832</dst>
        </src>
        <src id="IPLSng">
            <dst id="ATLA-M5">303.52</dst>
            <dst id="ATLAng">24477.5386666667</dst>
            <dst id="CHINng">84654.808</dst>
            <dst id="DNVRng">19139.064</dst>
            <dst id="HSTNng">2094.736</dst>
            <dst id="IPLSng">20248.312</dst>
            <dst id="KSCYng">4725.264</dst>
            <dst id="LOSAng">29158.92</dst>
            <dst id="NYCMng">25507.664</dst>
            <dst id="SNVAng">1881.376</dst>
            <dst id="STTLng">9465.77866666667</dst>
            <dst id="WASHng">31293.4186666667</dst>
        </src>
        <src id="KSCYng">
            <dst id="ATLA-M5">80.584</dst>
            <dst id="ATLAng">2072.01866666667</dst>
            <dst id="CHINng">20338.648</dst>
            <dst id="DNVRng">18939.8586666667</dst>
            <dst id="HSTNng">3228.61333333333</dst>
            <dst id="IPLSng">13517.336</dst>
            <dst id="KSCYng">7994.584</dst>
            <dst id="LOSAng">5542.07733333333</dst>
            <dst id="NYCMng">3569.92533333333</dst>
            <dst id="SNVAng">249.661333333333</dst>
            <dst id="STTLng">2571.392</dst>
            <dst id="WASHng">14837.3333333333</dst>
        </src>
        <src id="LOSAng">
            <dst id="ATLA-M5">1430.99466666667</dst>
            <dst id="ATLAng">13486.4773333333</dst>
            <dst id="CHINng">71529.5493333334</dst>
            <dst id="DNVRng">6085.15466666667</dst>
            <dst id="HSTNng">7285.888</dst>
            <dst id="IPLSng">15493.2106666667</dst>
            <dst id="KSCYng">6404.58666666667</dst>
            <dst id="LOSAng">10464.264</dst>
            <dst id="NYCMng">48174.672</dst>
            <dst id="SNVAng">6228.78666666667</dst>
            <dst id="STTLng">21836.1866666667</dst>
            <dst id="WASHng">127349.210666667</dst>
        </src>
        <src id="NYCMng">
            <dst id="ATLA-M5">1237.31466666667</dst>
            <dst id="ATLAng">31351.5866666667</dst>
            <dst id="CHINng">49578.4453333333</dst>
            <dst id="DNVRng">35575.376</dst>
            <dst id="HSTNng">5672.62133333333</dst>
            <dst id="IPLSng">31814.7066666667</dst>
            <dst id="KSCYng">13464.12</dst>
            <dst id="LOSAng">49515.0666666667</dst>
            <dst id="NYCMng">133260.922666667</dst>
            <dst id="SNVAng">4496.25066666667</dst>
            <dst id="STTLng">22865.1466666667</dst>
            <dst id="WASHng">70951.3173333333</dst>
        </src>
        <src id="SNVAng">
            <dst id="ATLA-M5">0</dst>
            <dst id="ATLAng">26.6666666666667</dst>
            <dst id="CHINng">624.469333333333</dst>
            <dst id="DNVRng">4553.272</dst>
            <dst id="HSTNng">83.4826666666666</dst>
            <dst id="IPLSng">337.890666666667</dst>
            <dst id="KSCYng">0</dst>
            <dst id="LOSAng">40366.088</dst>
            <dst id="NYCMng">2607.37333333333</dst>
            <dst id="SNVAng">16638.8346666667</dst>
            <dst id="STTLng">57388.9173333333</dst>
            <dst id="WASHng">246.906666666667</dst>
        </src>
        <src id="STTLng">
            <dst id="ATLA-M5">120.410666666667</dst>
            <dst id="ATLAng">6548.62666666667</dst>
            <dst id="CHINng">14157.0586666667</dst>
            <dst id="DNVRng">2358.55733333333</dst>
            <dst id="HSTNng">10584.5093333333</dst>
            <dst id="IPLSng">3078.664</dst>
            <dst id="KSCYng">7560.40266666667</dst>
            <dst id="LOSAng">15125.4506666667</dst>
            <dst id="NYCMng">5893.20533333333</dst>
            <dst id="SNVAng">2813.44</dst>
            <dst id="STTLng">2845.82933333333</dst>
            <dst id="WASHng">10607.92</dst>
        </src>
        <src id="WASHng">
            <dst id="ATLA-M5">95.2186666666667</dst>
            <dst id="ATLAng">92117.552</dst>
            <dst id="CHINng">61654.9786666667</dst>
            <dst id="DNVRng">47367.2666666667</dst>
            <dst id="HSTNng">20168.3413333333</dst>
            <dst id="IPLSng">67433.9333333333</dst>
            <dst id="KSCYng">11872.6586666667</dst>
            <dst id="LOSAng">118053.037333333</dst>
            <dst id="NYCMng">178342.074666667</dst>
            <dst id="SNVAng">820.317333333334</dst>
            <dst id="STTLng">29396.1386666667</dst>
            <dst id="WASHng">279591.12</dst>
        </src>
    </IntraTM>
</TrafficMatrixFile>
