<?xml version="1.0" encoding="ISO-8859-1" standalone="yes"?>
<TrafficMatrixFile xsi:noNamespaceSchemaLocation="http://totem.run.montefiore.ulg.ac.be/Schema/TrafficMatrix-v1_2.xsd" xmlns:xsi="http://www.w3.org/2001/XMLSchema-instance">
    <IntraTM ASID="11537">
        <src id="ATLA-M5">
            <dst id="ATLA-M5">1650.11466666667</dst>
            <dst id="ATLAng">53.3333333333333</dst>
            <dst id="CHINng">940.677333333333</dst>
            <dst id="DNVRng">26.6666666666667</dst>
            <dst id="HSTNng">235.605333333333</dst>
            <dst id="IPLSng">1118.616</dst>
            <dst id="KSCYng">71.6906666666667</dst>
            <dst id="LOSAng">120.776</dst>
            <dst id="NYCMng">205.781333333333</dst>
            <dst id="SNVAng">0</dst>
            <dst id="STTLng">143.853333333333</dst>
            <dst id="WASHng">711.178666666667</dst>
        </src>
        <src id="ATLAng">
            <dst id="ATLA-M5">231.696</dst>
            <dst id="ATLAng">32098.8533333333</dst>
            <dst id="CHINng">13718.0133333333</dst>
            <dst id="DNVRng">2751.352</dst>
            <dst id="HSTNng">1654.35466666667</dst>
            <dst id="IPLSng">14115.0186666667</dst>
            <dst id="KSCYng">2240.792</dst>
            <dst id="LOSAng">18381.5226666667</dst>
            <dst id="NYCMng">6824.48266666667</dst>
            <dst id="SNVAng">705.749333333333</dst>
            <dst id="STTLng">4457.65866666667</dst>
            <dst id="WASHng">33411.056</dst>
        </src>
        <src id="CHINng">
            <dst id="ATLA-M5">704.546666666667</dst>
            <dst id="ATLAng">17628.792</dst>
            <dst id="CHINng">119615.272</dst>
            <dst id="DNVRng">12840.5973333333</dst>
            <dst id="HSTNng">45857.8346666667</dst>
            <dst id="IPLSng">27699.3573333333</dst>
            <dst id="KSCYng">18241.1013333333</dst>
            <dst id="LOSAng">42851.232</dst>
            <dst id="NYCMng">26195.1306666667</dst>
            <dst id="SNVAng">2097.84</dst>
            <dst id="STTLng">11697.1386666667</dst>
            <dst id="WASHng">24033.992</dst>
        </src>
        <src id="DNVRng">
            <dst id="ATLA-M5">100.784</dst>
            <dst id="ATLAng">5598.248</dst>
            <dst id="CHINng">66177.648</dst>
            <dst id="DNVRng">9555.472</dst>
            <dst id="HSTNng">12918.8213333333</dst>
            <dst id="IPLSng">33665.2293333333</dst>
            <dst id="KSCYng">16231.7013333333</dst>
            <dst id="LOSAng">4881.60533333333</dst>
            <dst id="NYCMng">16823.504</dst>
            <dst id="SNVAng">8443.65866666667</dst>
            <dst id="STTLng">8521.34133333333</dst>
            <dst id="WASHng">43763.0826666667</dst>
        </src>
        <src id="HSTNng">
            <dst id="ATLA-M5">4062.91466666667</dst>
            <dst id="ATLAng">1279.04</dst>
            <dst id="CHINng">20410.432</dst>
            <dst id="DNVRng">1795.07733333333</dst>
            <dst id="HSTNng">4429.85866666667</dst>
            <dst id="IPLSng">3063.62133333333</dst>
            <dst id="KSCYng">1495.58933333333</dst>
            <dst id="LOSAng">3054.70133333333</dst>
            <dst id="NYCMng">2535.49066666667</dst>
            <dst id="SNVAng">347.488</dst>
            <dst id="STTLng">892.650666666667</dst>
            <dst id="WASHng">5720.94933333333</dst>
        </src>
        <src id="IPLSng">
            <dst id="ATLA-M5">449.157333333333</dst>
            <dst id="ATLAng">16496.9733333333</dst>
            <dst id="CHINng">89342.376</dst>
            <dst id="DNVRng">23748.576</dst>
            <dst id="HSTNng">2392.98133333333</dst>
            <dst id="IPLSng">14076.5466666667</dst>
            <dst id="KSCYng">7044.952</dst>
            <dst id="LOSAng">25159.448</dst>
            <dst id="NYCMng">34843.4053333333</dst>
            <dst id="SNVAng">1465.37066666667</dst>
            <dst id="STTLng">7707.672</dst>
            <dst id="WASHng">25710.984</dst>
        </src>
        <src id="KSCYng">
            <dst id="ATLA-M5">53.3333333333333</dst>
            <dst id="ATLAng">2278.832</dst>
            <dst id="CHINng">24177.3813333333</dst>
            <dst id="DNVRng">14428.9466666667</dst>
            <dst id="HSTNng">3033.72266666667</dst>
            <dst id="IPLSng">15897.2453333333</dst>
            <dst id="KSCYng">6177.92</dst>
            <dst id="LOSAng">6385.33866666667</dst>
            <dst id="NYCMng">3513.808</dst>
            <dst id="SNVAng">234.258666666667</dst>
            <dst id="STTLng">1346.86933333333</dst>
            <dst id="WASHng">10975.2533333333</dst>
        </src>
        <src id="LOSAng">
            <dst id="ATLA-M5">1337.22933333333</dst>
            <dst id="ATLAng">35742.368</dst>
            <dst id="CHINng">73249.2693333333</dst>
            <dst id="DNVRng">4989.36266666667</dst>
            <dst id="HSTNng">4567.46133333333</dst>
            <dst id="IPLSng">20507.608</dst>
            <dst id="KSCYng">9448.40533333333</dst>
            <dst id="LOSAng">12702.5226666667</dst>
            <dst id="NYCMng">53660.528</dst>
            <dst id="SNVAng">7216.088</dst>
            <dst id="STTLng">16204.3653333333</dst>
            <dst id="WASHng">110591.973333333</dst>
        </src>
        <src id="NYCMng">
            <dst id="ATLA-M5">1504.52533333333</dst>
            <dst id="ATLAng">36591.616</dst>
            <dst id="CHINng">61549.4346666667</dst>
            <dst id="DNVRng">39348.992</dst>
            <dst id="HSTNng">9912.59733333333</dst>
            <dst id="IPLSng">39620.5306666667</dst>
            <dst id="KSCYng">12839.5946666667</dst>
            <dst id="LOSAng">49869.64</dst>
            <dst id="NYCMng">153409.005333333</dst>
            <dst id="SNVAng">3906.336</dst>
            <dst id="STTLng">25439.0773333333</dst>
            <dst id="WASHng">112470.781333333</dst>
        </src>
        <src id="SNVAng">
            <dst id="ATLA-M5">26.6666666666667</dst>
            <dst id="ATLAng">148.992</dst>
            <dst id="CHINng">986.861333333333</dst>
            <dst id="DNVRng">6702.712</dst>
            <dst id="HSTNng">67.0613333333333</dst>
            <dst id="IPLSng">313.288</dst>
            <dst id="KSCYng">0</dst>
            <dst id="LOSAng">34199.4773333333</dst>
            <dst id="NYCMng">974.490666666666</dst>
            <dst id="SNVAng">14042.1626666667</dst>
            <dst id="STTLng">58734.1333333333</dst>
            <dst id="WASHng">161.906666666667</dst>
        </src>
        <src id="STTLng">
            <dst id="ATLA-M5">35.5733333333333</dst>
            <dst id="ATLAng">7119.38666666667</dst>
            <dst id="CHINng">16809.336</dst>
            <dst id="DNVRng">1225.52533333333</dst>
            <dst id="HSTNng">6340.248</dst>
            <dst id="IPLSng">4580.368</dst>
            <dst id="KSCYng">4318.18133333333</dst>
            <dst id="LOSAng">12993.4853333333</dst>
            <dst id="NYCMng">7333.14933333333</dst>
            <dst id="SNVAng">4164.50933333333</dst>
            <dst id="STTLng">4852.368</dst>
            <dst id="WASHng">5162.248</dst>
        </src>
        <src id="WASHng">
            <dst id="ATLA-M5">782.530666666667</dst>
            <dst id="ATLAng">110467.296</dst>
            <dst id="CHINng">63587.3466666667</dst>
            <dst id="DNVRng">52760.5466666666</dst>
            <dst id="HSTNng">25010.9733333333</dst>
            <dst id="IPLSng">48431.3093333334</dst>
            <dst id="KSCYng">13861.3493333333</dst>
            <dst id="LOSAng">99299.024</dst>
            <dst id="NYCMng">161439.794666667</dst>
            <dst id="SNVAng">850.773333333333</dst>
            <dst id="STTLng">25212.4053333333</dst>
            <dst id="WASHng">239467.485333333</dst>
        </src>
    </IntraTM>
</TrafficMatrixFile>
