<?xml version="1.0" encoding="ISO-8859-1" standalone="yes"?>
<TrafficMatrixFile xsi:noNamespaceSchemaLocation="http://totem.run.montefiore.ulg.ac.be/Schema/TrafficMatrix-v1_2.xsd" xmlns:xsi="http://www.w3.org/2001/XMLSchema-instance">
    <IntraTM ASID="11537">
        <src id="ATLA-M5">
            <dst id="ATLA-M5">37.744</dst>
            <dst id="ATLAng">130.885333333333</dst>
            <dst id="CHINng">346.442666666667</dst>
            <dst id="DNVRng">110.130666666667</dst>
            <dst id="HSTNng">205.664</dst>
            <dst id="IPLSng">366.658666666667</dst>
            <dst id="KSCYng">210.210666666667</dst>
            <dst id="LOSAng">167.949333333333</dst>
            <dst id="NYCMng">82.872</dst>
            <dst id="SNVAng">0</dst>
            <dst id="STTLng">53.3333333333333</dst>
            <dst id="WASHng">346.381333333333</dst>
        </src>
        <src id="ATLAng">
            <dst id="ATLA-M5">194.610666666667</dst>
            <dst id="ATLAng">28650.1973333333</dst>
            <dst id="CHINng">15381.7946666667</dst>
            <dst id="DNVRng">4788.82666666667</dst>
            <dst id="HSTNng">4415.00266666667</dst>
            <dst id="IPLSng">16144.9413333333</dst>
            <dst id="KSCYng">1595.56</dst>
            <dst id="LOSAng">19723.256</dst>
            <dst id="NYCMng">7272.40533333333</dst>
            <dst id="SNVAng">4939.112</dst>
            <dst id="STTLng">4033.016</dst>
            <dst id="WASHng">30772.6906666667</dst>
        </src>
        <src id="CHINng">
            <dst id="ATLA-M5">1104.60533333333</dst>
            <dst id="ATLAng">24585.512</dst>
            <dst id="CHINng">96397.0693333333</dst>
            <dst id="DNVRng">21763.4026666667</dst>
            <dst id="HSTNng">51029.4506666667</dst>
            <dst id="IPLSng">61117.6266666667</dst>
            <dst id="KSCYng">20623.4</dst>
            <dst id="LOSAng">2043423.78666667</dst>
            <dst id="NYCMng">17740.768</dst>
            <dst id="SNVAng">4532.71733333333</dst>
            <dst id="STTLng">16676.7013333333</dst>
            <dst id="WASHng">23887.3786666667</dst>
        </src>
        <src id="DNVRng">
            <dst id="ATLA-M5">413.930666666667</dst>
            <dst id="ATLAng">6966.264</dst>
            <dst id="CHINng">73133.8746666667</dst>
            <dst id="DNVRng">15866.832</dst>
            <dst id="HSTNng">16410.208</dst>
            <dst id="IPLSng">37022.888</dst>
            <dst id="KSCYng">20847.8746666667</dst>
            <dst id="LOSAng">6739.34666666667</dst>
            <dst id="NYCMng">20519.816</dst>
            <dst id="SNVAng">9350.4</dst>
            <dst id="STTLng">10422.5173333333</dst>
            <dst id="WASHng">42925.5546666667</dst>
        </src>
        <src id="HSTNng">
            <dst id="ATLA-M5">5124.024</dst>
            <dst id="ATLAng">2296.73866666667</dst>
            <dst id="CHINng">26238.776</dst>
            <dst id="DNVRng">2738.544</dst>
            <dst id="HSTNng">4856.37066666667</dst>
            <dst id="IPLSng">12791.872</dst>
            <dst id="KSCYng">2255.52266666667</dst>
            <dst id="LOSAng">6574.42666666667</dst>
            <dst id="NYCMng">4473.632</dst>
            <dst id="SNVAng">5040.84533333333</dst>
            <dst id="STTLng">1565.88533333333</dst>
            <dst id="WASHng">5685.30133333333</dst>
        </src>
        <src id="IPLSng">
            <dst id="ATLA-M5">973.085333333334</dst>
            <dst id="ATLAng">15655.1546666667</dst>
            <dst id="CHINng">104782.170666667</dst>
            <dst id="DNVRng">27305.8453333333</dst>
            <dst id="HSTNng">12438.816</dst>
            <dst id="IPLSng">34408.392</dst>
            <dst id="KSCYng">6486.904</dst>
            <dst id="LOSAng">59936.2293333333</dst>
            <dst id="NYCMng">42585.36</dst>
            <dst id="SNVAng">3697.70666666667</dst>
            <dst id="STTLng">8606.15466666667</dst>
            <dst id="WASHng">54288.3573333333</dst>
        </src>
        <src id="KSCYng">
            <dst id="ATLA-M5">388.648</dst>
            <dst id="ATLAng">3237.60533333333</dst>
            <dst id="CHINng">23170.6346666667</dst>
            <dst id="DNVRng">9379.54933333333</dst>
            <dst id="HSTNng">2980.216</dst>
            <dst id="IPLSng">18742.736</dst>
            <dst id="KSCYng">6473.58933333333</dst>
            <dst id="LOSAng">5861.85866666667</dst>
            <dst id="NYCMng">4075.84</dst>
            <dst id="SNVAng">2376.096</dst>
            <dst id="STTLng">2544.312</dst>
            <dst id="WASHng">13090.704</dst>
        </src>
        <src id="LOSAng">
            <dst id="ATLA-M5">1310.69066666667</dst>
            <dst id="ATLAng">15022.0586666667</dst>
            <dst id="CHINng">65639.4453333333</dst>
            <dst id="DNVRng">8901.488</dst>
            <dst id="HSTNng">6815.89333333333</dst>
            <dst id="IPLSng">33799.1173333333</dst>
            <dst id="KSCYng">11081.4506666667</dst>
            <dst id="LOSAng">12565.5333333333</dst>
            <dst id="NYCMng">58964.6426666667</dst>
            <dst id="SNVAng">15377.576</dst>
            <dst id="STTLng">24331.5386666667</dst>
            <dst id="WASHng">77836.5946666667</dst>
        </src>
        <src id="NYCMng">
            <dst id="ATLA-M5">577.965333333333</dst>
            <dst id="ATLAng">21515.2213333333</dst>
            <dst id="CHINng">51718.5173333333</dst>
            <dst id="DNVRng">33581.64</dst>
            <dst id="HSTNng">17233.6853333333</dst>
            <dst id="IPLSng">52554.048</dst>
            <dst id="KSCYng">13309.8746666667</dst>
            <dst id="LOSAng">79513.1146666667</dst>
            <dst id="NYCMng">140588.026666667</dst>
            <dst id="SNVAng">5818.78933333333</dst>
            <dst id="STTLng">32702.6186666667</dst>
            <dst id="WASHng">96291.7386666667</dst>
        </src>
        <src id="SNVAng">
            <dst id="ATLA-M5">46.144</dst>
            <dst id="ATLAng">106.666666666667</dst>
            <dst id="CHINng">3372.544</dst>
            <dst id="DNVRng">5084.52266666667</dst>
            <dst id="HSTNng">954.032</dst>
            <dst id="IPLSng">548.149333333333</dst>
            <dst id="KSCYng">4519.72</dst>
            <dst id="LOSAng">39472.5893333333</dst>
            <dst id="NYCMng">706.52</dst>
            <dst id="SNVAng">13197.16</dst>
            <dst id="STTLng">51619.7813333333</dst>
            <dst id="WASHng">220.466666666667</dst>
        </src>
        <src id="STTLng">
            <dst id="ATLA-M5">226.162666666667</dst>
            <dst id="ATLAng">4813.632</dst>
            <dst id="CHINng">22490.6346666667</dst>
            <dst id="DNVRng">2356.528</dst>
            <dst id="HSTNng">5455.24</dst>
            <dst id="IPLSng">12493.9146666667</dst>
            <dst id="KSCYng">10698.792</dst>
            <dst id="LOSAng">20441.0533333333</dst>
            <dst id="NYCMng">8272.45333333333</dst>
            <dst id="SNVAng">4625.08</dst>
            <dst id="STTLng">5333.192</dst>
            <dst id="WASHng">9864.69866666667</dst>
        </src>
        <src id="WASHng">
            <dst id="ATLA-M5">1437.61066666667</dst>
            <dst id="ATLAng">81475.0933333333</dst>
            <dst id="CHINng">84016.1386666667</dst>
            <dst id="DNVRng">67650.7866666667</dst>
            <dst id="HSTNng">19693.0693333333</dst>
            <dst id="IPLSng">50720.9333333333</dst>
            <dst id="KSCYng">21577.144</dst>
            <dst id="LOSAng">109744.205333333</dst>
            <dst id="NYCMng">164688.106666667</dst>
            <dst id="SNVAng">4163.30933333333</dst>
            <dst id="STTLng">33763.9733333333</dst>
            <dst id="WASHng">208020.592</dst>
        </src>
    </IntraTM>
</TrafficMatrixFile>
