<?xml version="1.0" encoding="ISO-8859-1" standalone="yes"?>
<TrafficMatrixFile xsi:noNamespaceSchemaLocation="http://totem.run.montefiore.ulg.ac.be/Schema/TrafficMatrix-v1_2.xsd" xmlns:xsi="http://www.w3.org/2001/XMLSchema-instance">
    <IntraTM ASID="11537">
        <src id="ATLA-M5">
            <dst id="ATLA-M5">1201.16266666667</dst>
            <dst id="ATLAng">186.666666666667</dst>
            <dst id="CHINng">633.304</dst>
            <dst id="DNVRng">88.152</dst>
            <dst id="HSTNng">53.3333333333333</dst>
            <dst id="IPLSng">980.485333333334</dst>
            <dst id="KSCYng">709.130666666667</dst>
            <dst id="LOSAng">298.090666666667</dst>
            <dst id="NYCMng">203.234666666667</dst>
            <dst id="SNVAng">0</dst>
            <dst id="STTLng">104.272</dst>
            <dst id="WASHng">994.506666666667</dst>
        </src>
        <src id="ATLAng">
            <dst id="ATLA-M5">563.989333333333</dst>
            <dst id="ATLAng">28574.392</dst>
            <dst id="CHINng">14702.536</dst>
            <dst id="DNVRng">3763.40533333333</dst>
            <dst id="HSTNng">2362.25066666667</dst>
            <dst id="IPLSng">17073.5093333333</dst>
            <dst id="KSCYng">1829.784</dst>
            <dst id="LOSAng">19616.1893333333</dst>
            <dst id="NYCMng">12146.7146666667</dst>
            <dst id="SNVAng">104.909333333333</dst>
            <dst id="STTLng">11071.4773333333</dst>
            <dst id="WASHng">46042.2986666667</dst>
        </src>
        <src id="CHINng">
            <dst id="ATLA-M5">806.048</dst>
            <dst id="ATLAng">17323.5413333333</dst>
            <dst id="CHINng">103465.053333333</dst>
            <dst id="DNVRng">18248.3626666667</dst>
            <dst id="HSTNng">53605.9093333333</dst>
            <dst id="IPLSng">34385.0266666667</dst>
            <dst id="KSCYng">13124.912</dst>
            <dst id="LOSAng">47822.3173333333</dst>
            <dst id="NYCMng">24499.968</dst>
            <dst id="SNVAng">1175.34933333333</dst>
            <dst id="STTLng">16989.6346666667</dst>
            <dst id="WASHng">27034.368</dst>
        </src>
        <src id="DNVRng">
            <dst id="ATLA-M5">207.266666666667</dst>
            <dst id="ATLAng">6050.712</dst>
            <dst id="CHINng">52066.0266666667</dst>
            <dst id="DNVRng">4751.09866666667</dst>
            <dst id="HSTNng">17490.68</dst>
            <dst id="IPLSng">31271.744</dst>
            <dst id="KSCYng">10875.384</dst>
            <dst id="LOSAng">6863.25066666667</dst>
            <dst id="NYCMng">13739.3546666667</dst>
            <dst id="SNVAng">8956.91466666666</dst>
            <dst id="STTLng">7855.01066666667</dst>
            <dst id="WASHng">41813.696</dst>
        </src>
        <src id="HSTNng">
            <dst id="ATLA-M5">198.442666666667</dst>
            <dst id="ATLAng">3733.81066666667</dst>
            <dst id="CHINng">32998.4986666667</dst>
            <dst id="DNVRng">2817.792</dst>
            <dst id="HSTNng">3729.8</dst>
            <dst id="IPLSng">6542.06666666667</dst>
            <dst id="KSCYng">2754.50133333333</dst>
            <dst id="LOSAng">3365.55733333333</dst>
            <dst id="NYCMng">7197.23733333333</dst>
            <dst id="SNVAng">516.229333333333</dst>
            <dst id="STTLng">1971.96</dst>
            <dst id="WASHng">7696.54133333333</dst>
        </src>
        <src id="IPLSng">
            <dst id="ATLA-M5">652.536</dst>
            <dst id="ATLAng">17009.5013333333</dst>
            <dst id="CHINng">112148.234666667</dst>
            <dst id="DNVRng">17686.5466666667</dst>
            <dst id="HSTNng">4376.76</dst>
            <dst id="IPLSng">24027.192</dst>
            <dst id="KSCYng">7493.00266666667</dst>
            <dst id="LOSAng">37327.2693333333</dst>
            <dst id="NYCMng">51613.9066666667</dst>
            <dst id="SNVAng">944.602666666667</dst>
            <dst id="STTLng">13792.736</dst>
            <dst id="WASHng">39258.8346666667</dst>
        </src>
        <src id="KSCYng">
            <dst id="ATLA-M5">301.410666666667</dst>
            <dst id="ATLAng">3014.28</dst>
            <dst id="CHINng">29304.888</dst>
            <dst id="DNVRng">6329.336</dst>
            <dst id="HSTNng">3598.45866666667</dst>
            <dst id="IPLSng">19333.9146666667</dst>
            <dst id="KSCYng">8085.02133333333</dst>
            <dst id="LOSAng">6075.70666666667</dst>
            <dst id="NYCMng">10836.072</dst>
            <dst id="SNVAng">891.176</dst>
            <dst id="STTLng">2426.86933333333</dst>
            <dst id="WASHng">15584.6693333333</dst>
        </src>
        <src id="LOSAng">
            <dst id="ATLA-M5">1578.15733333333</dst>
            <dst id="ATLAng">29396.52</dst>
            <dst id="CHINng">1082217.65333333</dst>
            <dst id="DNVRng">7003.68</dst>
            <dst id="HSTNng">9948.57066666667</dst>
            <dst id="IPLSng">64818.144</dst>
            <dst id="KSCYng">14667.6053333333</dst>
            <dst id="LOSAng">17421.4026666667</dst>
            <dst id="NYCMng">77161.3146666667</dst>
            <dst id="SNVAng">12139.184</dst>
            <dst id="STTLng">19854.2293333333</dst>
            <dst id="WASHng">160227.821333333</dst>
        </src>
        <src id="NYCMng">
            <dst id="ATLA-M5">1848.77066666667</dst>
            <dst id="ATLAng">26251.8506666667</dst>
            <dst id="CHINng">53578.752</dst>
            <dst id="DNVRng">33489.7626666667</dst>
            <dst id="HSTNng">16055.36</dst>
            <dst id="IPLSng">63256.808</dst>
            <dst id="KSCYng">25832.6186666667</dst>
            <dst id="LOSAng">49624.6213333333</dst>
            <dst id="NYCMng">238411.002666667</dst>
            <dst id="SNVAng">6913.55733333333</dst>
            <dst id="STTLng">24879.3413333333</dst>
            <dst id="WASHng">147153.936</dst>
        </src>
        <src id="SNVAng">
            <dst id="ATLA-M5">0</dst>
            <dst id="ATLAng">394.285333333333</dst>
            <dst id="CHINng">1394.552</dst>
            <dst id="DNVRng">4630.18933333333</dst>
            <dst id="HSTNng">461.685333333333</dst>
            <dst id="IPLSng">568.824</dst>
            <dst id="KSCYng">206.837333333333</dst>
            <dst id="LOSAng">24998.6026666667</dst>
            <dst id="NYCMng">1835.504</dst>
            <dst id="SNVAng">9685.17866666667</dst>
            <dst id="STTLng">44836.184</dst>
            <dst id="WASHng">273.170666666667</dst>
        </src>
        <src id="STTLng">
            <dst id="ATLA-M5">202.216</dst>
            <dst id="ATLAng">9297.26666666667</dst>
            <dst id="CHINng">19573.0826666667</dst>
            <dst id="DNVRng">3603.56266666667</dst>
            <dst id="HSTNng">11992.8346666667</dst>
            <dst id="IPLSng">6466.56</dst>
            <dst id="KSCYng">3807.656</dst>
            <dst id="LOSAng">19563.952</dst>
            <dst id="NYCMng">11115.7093333333</dst>
            <dst id="SNVAng">2311.592</dst>
            <dst id="STTLng">3348.368</dst>
            <dst id="WASHng">6706.352</dst>
        </src>
        <src id="WASHng">
            <dst id="ATLA-M5">1533.50933333333</dst>
            <dst id="ATLAng">102570.664</dst>
            <dst id="CHINng">79214.6986666667</dst>
            <dst id="DNVRng">51405.36</dst>
            <dst id="HSTNng">18359.6213333333</dst>
            <dst id="IPLSng">65566.8986666667</dst>
            <dst id="KSCYng">13334.8773333333</dst>
            <dst id="LOSAng">121016.176</dst>
            <dst id="NYCMng">166041.976</dst>
            <dst id="SNVAng">9412.296</dst>
            <dst id="STTLng">40072.5413333333</dst>
            <dst id="WASHng">275056.266666667</dst>
        </src>
    </IntraTM>
</TrafficMatrixFile>
