<?xml version="1.0" encoding="ISO-8859-1" standalone="yes"?>
<TrafficMatrixFile xsi:noNamespaceSchemaLocation="http://totem.run.montefiore.ulg.ac.be/Schema/TrafficMatrix-v1_2.xsd" xmlns:xsi="http://www.w3.org/2001/XMLSchema-instance">
    <IntraTM ASID="11537">
        <src id="ATLA-M5">
            <dst id="ATLA-M5">94.8266666666667</dst>
            <dst id="ATLAng">119.616</dst>
            <dst id="CHINng">484.165333333333</dst>
            <dst id="DNVRng">78.3146666666667</dst>
            <dst id="HSTNng">201.6</dst>
            <dst id="IPLSng">308.968</dst>
            <dst id="KSCYng">57.464</dst>
            <dst id="LOSAng">683.424</dst>
            <dst id="NYCMng">201.197333333333</dst>
            <dst id="SNVAng">26.6666666666667</dst>
            <dst id="STTLng">767.696</dst>
            <dst id="WASHng">1406.048</dst>
        </src>
        <src id="ATLAng">
            <dst id="ATLA-M5">764.381333333333</dst>
            <dst id="ATLAng">37585.7493333333</dst>
            <dst id="CHINng">25445.1973333333</dst>
            <dst id="DNVRng">5985.496</dst>
            <dst id="HSTNng">8752.856</dst>
            <dst id="IPLSng">21928.6293333333</dst>
            <dst id="KSCYng">3194.83466666667</dst>
            <dst id="LOSAng">27604.04</dst>
            <dst id="NYCMng">7369.008</dst>
            <dst id="SNVAng">936.517333333333</dst>
            <dst id="STTLng">5341.312</dst>
            <dst id="WASHng">41179.544</dst>
        </src>
        <src id="CHINng">
            <dst id="ATLA-M5">2141.536</dst>
            <dst id="ATLAng">23843.128</dst>
            <dst id="CHINng">96672.2906666666</dst>
            <dst id="DNVRng">29233.984</dst>
            <dst id="HSTNng">49957.3093333334</dst>
            <dst id="IPLSng">66886.36</dst>
            <dst id="KSCYng">15921.072</dst>
            <dst id="LOSAng">2052663.70666667</dst>
            <dst id="NYCMng">38969.9413333333</dst>
            <dst id="SNVAng">2287.24266666667</dst>
            <dst id="STTLng">15486.032</dst>
            <dst id="WASHng">30685.2133333333</dst>
        </src>
        <src id="DNVRng">
            <dst id="ATLA-M5">369.613333333333</dst>
            <dst id="ATLAng">6789.18933333333</dst>
            <dst id="CHINng">69208.592</dst>
            <dst id="DNVRng">23536.5893333333</dst>
            <dst id="HSTNng">17245.1413333333</dst>
            <dst id="IPLSng">36597.0293333333</dst>
            <dst id="KSCYng">24104.136</dst>
            <dst id="LOSAng">7417.76</dst>
            <dst id="NYCMng">16984.9306666667</dst>
            <dst id="SNVAng">12280.0106666667</dst>
            <dst id="STTLng">17141.256</dst>
            <dst id="WASHng">43071.7866666667</dst>
        </src>
        <src id="HSTNng">
            <dst id="ATLA-M5">4830.184</dst>
            <dst id="ATLAng">6164.50666666667</dst>
            <dst id="CHINng">22552.9626666667</dst>
            <dst id="DNVRng">4137.21066666667</dst>
            <dst id="HSTNng">12752.6933333333</dst>
            <dst id="IPLSng">7441.136</dst>
            <dst id="KSCYng">3819.592</dst>
            <dst id="LOSAng">33817.5013333333</dst>
            <dst id="NYCMng">10392.496</dst>
            <dst id="SNVAng">1289.06933333333</dst>
            <dst id="STTLng">2030.312</dst>
            <dst id="WASHng">12659.384</dst>
        </src>
        <src id="IPLSng">
            <dst id="ATLA-M5">1185.00533333333</dst>
            <dst id="ATLAng">17896.8186666667</dst>
            <dst id="CHINng">136569.853333333</dst>
            <dst id="DNVRng">20590.5973333333</dst>
            <dst id="HSTNng">12857.5493333333</dst>
            <dst id="IPLSng">21196.8346666667</dst>
            <dst id="KSCYng">14765.1386666667</dst>
            <dst id="LOSAng">64697.1093333333</dst>
            <dst id="NYCMng">66544.16</dst>
            <dst id="SNVAng">2688.83733333333</dst>
            <dst id="STTLng">12245.16</dst>
            <dst id="WASHng">44856.8906666667</dst>
        </src>
        <src id="KSCYng">
            <dst id="ATLA-M5">173.469333333333</dst>
            <dst id="ATLAng">2118.39466666667</dst>
            <dst id="CHINng">22814.048</dst>
            <dst id="DNVRng">9874.99466666667</dst>
            <dst id="HSTNng">3814.272</dst>
            <dst id="IPLSng">11480.7573333333</dst>
            <dst id="KSCYng">7319.288</dst>
            <dst id="LOSAng">7690.808</dst>
            <dst id="NYCMng">5827.44</dst>
            <dst id="SNVAng">157.704</dst>
            <dst id="STTLng">3468.52266666667</dst>
            <dst id="WASHng">17614.7573333333</dst>
        </src>
        <src id="LOSAng">
            <dst id="ATLA-M5">1904.43466666667</dst>
            <dst id="ATLAng">22068.1173333333</dst>
            <dst id="CHINng">1071365.78666667</dst>
            <dst id="DNVRng">19207.5653333333</dst>
            <dst id="HSTNng">40522.8586666667</dst>
            <dst id="IPLSng">52609.336</dst>
            <dst id="KSCYng">11481.8506666667</dst>
            <dst id="LOSAng">15546.6906666667</dst>
            <dst id="NYCMng">79957.392</dst>
            <dst id="SNVAng">11412.04</dst>
            <dst id="STTLng">28098.28</dst>
            <dst id="WASHng">88711.8906666667</dst>
        </src>
        <src id="NYCMng">
            <dst id="ATLA-M5">2339.6</dst>
            <dst id="ATLAng">26258.288</dst>
            <dst id="CHINng">53182.728</dst>
            <dst id="DNVRng">36994.0826666667</dst>
            <dst id="HSTNng">20431.704</dst>
            <dst id="IPLSng">69344.9493333333</dst>
            <dst id="KSCYng">16730.184</dst>
            <dst id="LOSAng">91809.712</dst>
            <dst id="NYCMng">203311.437333333</dst>
            <dst id="SNVAng">7206.30933333333</dst>
            <dst id="STTLng">28520.5546666667</dst>
            <dst id="WASHng">144927.549333333</dst>
        </src>
        <src id="SNVAng">
            <dst id="ATLA-M5">53.3333333333333</dst>
            <dst id="ATLAng">85.0373333333333</dst>
            <dst id="CHINng">712.365333333333</dst>
            <dst id="DNVRng">16156.128</dst>
            <dst id="HSTNng">258.338666666667</dst>
            <dst id="IPLSng">5582.384</dst>
            <dst id="KSCYng">4396.57866666667</dst>
            <dst id="LOSAng">38622.7333333333</dst>
            <dst id="NYCMng">1252.736</dst>
            <dst id="SNVAng">14996.6853333333</dst>
            <dst id="STTLng">53677.1973333333</dst>
            <dst id="WASHng">405.2</dst>
        </src>
        <src id="STTLng">
            <dst id="ATLA-M5">117.205333333333</dst>
            <dst id="ATLAng">13222.1306666667</dst>
            <dst id="CHINng">18188.224</dst>
            <dst id="DNVRng">2955.17066666667</dst>
            <dst id="HSTNng">9680.42133333333</dst>
            <dst id="IPLSng">8883.38666666667</dst>
            <dst id="KSCYng">2816.50666666667</dst>
            <dst id="LOSAng">26505.832</dst>
            <dst id="NYCMng">10356.4666666667</dst>
            <dst id="SNVAng">4839.86666666667</dst>
            <dst id="STTLng">7678.944</dst>
            <dst id="WASHng">10867.7546666667</dst>
        </src>
        <src id="WASHng">
            <dst id="ATLA-M5">2420.45866666667</dst>
            <dst id="ATLAng">75262.728</dst>
            <dst id="CHINng">77675.4106666667</dst>
            <dst id="DNVRng">58703.2906666667</dst>
            <dst id="HSTNng">54421.2133333333</dst>
            <dst id="IPLSng">59502.7546666667</dst>
            <dst id="KSCYng">16847.4826666667</dst>
            <dst id="LOSAng">101108.882666667</dst>
            <dst id="NYCMng">158561.197333333</dst>
            <dst id="SNVAng">5029.976</dst>
            <dst id="STTLng">33337.976</dst>
            <dst id="WASHng">239351.034666667</dst>
        </src>
    </IntraTM>
</TrafficMatrixFile>
