<?xml version="1.0" encoding="ISO-8859-1" standalone="yes"?>
<TrafficMatrixFile xsi:noNamespaceSchemaLocation="http://totem.run.montefiore.ulg.ac.be/Schema/TrafficMatrix-v1_2.xsd" xmlns:xsi="http://www.w3.org/2001/XMLSchema-instance">
    <IntraTM ASID="11537">
        <src id="ATLA-M5">
            <dst id="ATLA-M5">42.88</dst>
            <dst id="ATLAng">145.192</dst>
            <dst id="CHINng">961.485333333334</dst>
            <dst id="DNVRng">183.338666666667</dst>
            <dst id="HSTNng">233.266666666667</dst>
            <dst id="IPLSng">265.914666666667</dst>
            <dst id="KSCYng">0</dst>
            <dst id="LOSAng">186.666666666667</dst>
            <dst id="NYCMng">76.2266666666667</dst>
            <dst id="SNVAng">97.1706666666667</dst>
            <dst id="STTLng">0</dst>
            <dst id="WASHng">877.930666666667</dst>
        </src>
        <src id="ATLAng">
            <dst id="ATLA-M5">3162.456</dst>
            <dst id="ATLAng">30230.8026666667</dst>
            <dst id="CHINng">19907.4693333333</dst>
            <dst id="DNVRng">5840.392</dst>
            <dst id="HSTNng">4116.336</dst>
            <dst id="IPLSng">26664.8453333333</dst>
            <dst id="KSCYng">4614.68266666667</dst>
            <dst id="LOSAng">32703.08</dst>
            <dst id="NYCMng">8556.80533333333</dst>
            <dst id="SNVAng">1279.912</dst>
            <dst id="STTLng">5900.64266666667</dst>
            <dst id="WASHng">49367.4586666667</dst>
        </src>
        <src id="CHINng">
            <dst id="ATLA-M5">1319.05333333333</dst>
            <dst id="ATLAng">31191.6133333333</dst>
            <dst id="CHINng">82669.9066666667</dst>
            <dst id="DNVRng">20716.0346666667</dst>
            <dst id="HSTNng">54553.824</dst>
            <dst id="IPLSng">47872.8186666667</dst>
            <dst id="KSCYng">27419.3653333333</dst>
            <dst id="LOSAng">73410.008</dst>
            <dst id="NYCMng">28472.3973333333</dst>
            <dst id="SNVAng">7778.88</dst>
            <dst id="STTLng">14698.9066666667</dst>
            <dst id="WASHng">24980.7786666667</dst>
        </src>
        <src id="DNVRng">
            <dst id="ATLA-M5">214.901333333333</dst>
            <dst id="ATLAng">4243.93333333333</dst>
            <dst id="CHINng">72618.1466666667</dst>
            <dst id="DNVRng">9642.952</dst>
            <dst id="HSTNng">14215.3733333333</dst>
            <dst id="IPLSng">29605.4426666667</dst>
            <dst id="KSCYng">12440.0533333333</dst>
            <dst id="LOSAng">10528.8346666667</dst>
            <dst id="NYCMng">18546.5786666667</dst>
            <dst id="SNVAng">9353.304</dst>
            <dst id="STTLng">9034.736</dst>
            <dst id="WASHng">54965.096</dst>
        </src>
        <src id="HSTNng">
            <dst id="ATLA-M5">2489.568</dst>
            <dst id="ATLAng">2720.55733333333</dst>
            <dst id="CHINng">14900.936</dst>
            <dst id="DNVRng">5190.50933333333</dst>
            <dst id="HSTNng">5730.59733333333</dst>
            <dst id="IPLSng">6577.26933333333</dst>
            <dst id="KSCYng">5715.392</dst>
            <dst id="LOSAng">7651.85866666667</dst>
            <dst id="NYCMng">3738.856</dst>
            <dst id="SNVAng">2147.784</dst>
            <dst id="STTLng">3531.58133333333</dst>
            <dst id="WASHng">10877.9173333333</dst>
        </src>
        <src id="IPLSng">
            <dst id="ATLA-M5">1574.66933333333</dst>
            <dst id="ATLAng">32445.224</dst>
            <dst id="CHINng">103952.773333333</dst>
            <dst id="DNVRng">22645.8186666667</dst>
            <dst id="HSTNng">6655.36266666667</dst>
            <dst id="IPLSng">23126.6266666667</dst>
            <dst id="KSCYng">13581.8426666667</dst>
            <dst id="LOSAng">46964.88</dst>
            <dst id="NYCMng">51215.7546666667</dst>
            <dst id="SNVAng">1107.352</dst>
            <dst id="STTLng">7392.496</dst>
            <dst id="WASHng">45602.152</dst>
        </src>
        <src id="KSCYng">
            <dst id="ATLA-M5">60.512</dst>
            <dst id="ATLAng">2137.624</dst>
            <dst id="CHINng">28238.9493333333</dst>
            <dst id="DNVRng">13821.9946666667</dst>
            <dst id="HSTNng">4057.824</dst>
            <dst id="IPLSng">13219.2</dst>
            <dst id="KSCYng">8747.61333333333</dst>
            <dst id="LOSAng">6619.296</dst>
            <dst id="NYCMng">5847.61866666667</dst>
            <dst id="SNVAng">894.488</dst>
            <dst id="STTLng">1438.42666666667</dst>
            <dst id="WASHng">16189.5493333333</dst>
        </src>
        <src id="LOSAng">
            <dst id="ATLA-M5">1331.91733333333</dst>
            <dst id="ATLAng">24524.5706666667</dst>
            <dst id="CHINng">83365.5573333333</dst>
            <dst id="DNVRng">18693.8133333333</dst>
            <dst id="HSTNng">29660.264</dst>
            <dst id="IPLSng">44915.7893333333</dst>
            <dst id="KSCYng">9550.11466666667</dst>
            <dst id="LOSAng">15485.3893333333</dst>
            <dst id="NYCMng">72555.9626666667</dst>
            <dst id="SNVAng">7012.464</dst>
            <dst id="STTLng">26683.8933333333</dst>
            <dst id="WASHng">107810.069333333</dst>
        </src>
        <src id="NYCMng">
            <dst id="ATLA-M5">705.266666666667</dst>
            <dst id="ATLAng">33637.856</dst>
            <dst id="CHINng">49040.9253333333</dst>
            <dst id="DNVRng">31379.992</dst>
            <dst id="HSTNng">16213.096</dst>
            <dst id="IPLSng">66082.0826666667</dst>
            <dst id="KSCYng">20731.488</dst>
            <dst id="LOSAng">83934.968</dst>
            <dst id="NYCMng">162814.941333333</dst>
            <dst id="SNVAng">4735.31733333333</dst>
            <dst id="STTLng">24142.6613333333</dst>
            <dst id="WASHng">126443.733333333</dst>
        </src>
        <src id="SNVAng">
            <dst id="ATLA-M5">28.2213333333333</dst>
            <dst id="ATLAng">66.744</dst>
            <dst id="CHINng">1501.576</dst>
            <dst id="DNVRng">5412.328</dst>
            <dst id="HSTNng">277.586666666667</dst>
            <dst id="IPLSng">6402.84533333333</dst>
            <dst id="KSCYng">110.650666666667</dst>
            <dst id="LOSAng">54359.36</dst>
            <dst id="NYCMng">765.269333333333</dst>
            <dst id="SNVAng">16164.3813333333</dst>
            <dst id="STTLng">54816.6346666667</dst>
            <dst id="WASHng">1041.19466666667</dst>
        </src>
        <src id="STTLng">
            <dst id="ATLA-M5">260.157333333333</dst>
            <dst id="ATLAng">10636.0773333333</dst>
            <dst id="CHINng">10569.3386666667</dst>
            <dst id="DNVRng">2465.96266666667</dst>
            <dst id="HSTNng">8018.64</dst>
            <dst id="IPLSng">6805.80533333333</dst>
            <dst id="KSCYng">2956.37866666667</dst>
            <dst id="LOSAng">17765.424</dst>
            <dst id="NYCMng">6143.472</dst>
            <dst id="SNVAng">4757.58933333333</dst>
            <dst id="STTLng">3589.016</dst>
            <dst id="WASHng">6540.192</dst>
        </src>
        <src id="WASHng">
            <dst id="ATLA-M5">9888.03733333333</dst>
            <dst id="ATLAng">96502.8026666667</dst>
            <dst id="CHINng">65263.32</dst>
            <dst id="DNVRng">50076.2906666667</dst>
            <dst id="HSTNng">26007.408</dst>
            <dst id="IPLSng">65275.232</dst>
            <dst id="KSCYng">32118.304</dst>
            <dst id="LOSAng">122474.962666667</dst>
            <dst id="NYCMng">137877.152</dst>
            <dst id="SNVAng">7473.608</dst>
            <dst id="STTLng">34696.8533333333</dst>
            <dst id="WASHng">270161.2</dst>
        </src>
    </IntraTM>
</TrafficMatrixFile>
