<?xml version="1.0" encoding="ISO-8859-1" standalone="yes"?>
<TrafficMatrixFile xsi:noNamespaceSchemaLocation="http://totem.run.montefiore.ulg.ac.be/Schema/TrafficMatrix-v1_2.xsd" xmlns:xsi="http://www.w3.org/2001/XMLSchema-instance">
    <IntraTM ASID="11537">
        <src id="ATLA-M5">
            <dst id="ATLA-M5">307.410666666667</dst>
            <dst id="ATLAng">80</dst>
            <dst id="CHINng">230.034666666667</dst>
            <dst id="DNVRng">26.6666666666667</dst>
            <dst id="HSTNng">137.424</dst>
            <dst id="IPLSng">482.970666666667</dst>
            <dst id="KSCYng">45.784</dst>
            <dst id="LOSAng">472.408</dst>
            <dst id="NYCMng">163.314666666667</dst>
            <dst id="SNVAng">0</dst>
            <dst id="STTLng">575.736</dst>
            <dst id="WASHng">821.842666666667</dst>
        </src>
        <src id="ATLAng">
            <dst id="ATLA-M5">397.893333333333</dst>
            <dst id="ATLAng">34639.7013333333</dst>
            <dst id="CHINng">25498.0613333333</dst>
            <dst id="DNVRng">5377.26666666667</dst>
            <dst id="HSTNng">2965.22133333333</dst>
            <dst id="IPLSng">19135.6666666667</dst>
            <dst id="KSCYng">2640.03466666667</dst>
            <dst id="LOSAng">26897.9226666667</dst>
            <dst id="NYCMng">12098.816</dst>
            <dst id="SNVAng">968.829333333333</dst>
            <dst id="STTLng">4999.32533333333</dst>
            <dst id="WASHng">48313.9813333333</dst>
        </src>
        <src id="CHINng">
            <dst id="ATLA-M5">2054.728</dst>
            <dst id="ATLAng">28267.016</dst>
            <dst id="CHINng">86691.816</dst>
            <dst id="DNVRng">30822.2213333333</dst>
            <dst id="HSTNng">57752.336</dst>
            <dst id="IPLSng">70690.0133333333</dst>
            <dst id="KSCYng">17414.96</dst>
            <dst id="LOSAng">2040279.68</dst>
            <dst id="NYCMng">39365.9413333333</dst>
            <dst id="SNVAng">3599.376</dst>
            <dst id="STTLng">10638.1653333333</dst>
            <dst id="WASHng">26732.9546666667</dst>
        </src>
        <src id="DNVRng">
            <dst id="ATLA-M5">401.482666666667</dst>
            <dst id="ATLAng">4974.47466666667</dst>
            <dst id="CHINng">67680.1013333333</dst>
            <dst id="DNVRng">25314.5253333333</dst>
            <dst id="HSTNng">16411.0586666667</dst>
            <dst id="IPLSng">37889.44</dst>
            <dst id="KSCYng">18928.3946666667</dst>
            <dst id="LOSAng">9966.904</dst>
            <dst id="NYCMng">17854.8213333333</dst>
            <dst id="SNVAng">12855.6213333333</dst>
            <dst id="STTLng">12390.736</dst>
            <dst id="WASHng">46245.7546666667</dst>
        </src>
        <src id="HSTNng">
            <dst id="ATLA-M5">532.968</dst>
            <dst id="ATLAng">6372.976</dst>
            <dst id="CHINng">17492.3546666667</dst>
            <dst id="DNVRng">3952.6</dst>
            <dst id="HSTNng">6442.096</dst>
            <dst id="IPLSng">6210.44533333333</dst>
            <dst id="KSCYng">4151.416</dst>
            <dst id="LOSAng">10248.8586666667</dst>
            <dst id="NYCMng">5477.41066666667</dst>
            <dst id="SNVAng">811.277333333333</dst>
            <dst id="STTLng">5435.13333333333</dst>
            <dst id="WASHng">10148.6826666667</dst>
        </src>
        <src id="IPLSng">
            <dst id="ATLA-M5">1106.176</dst>
            <dst id="ATLAng">18551.4213333333</dst>
            <dst id="CHINng">129496.418666667</dst>
            <dst id="DNVRng">19450.84</dst>
            <dst id="HSTNng">6348.54933333333</dst>
            <dst id="IPLSng">15622.3653333333</dst>
            <dst id="KSCYng">11891.8773333333</dst>
            <dst id="LOSAng">68214.5813333333</dst>
            <dst id="NYCMng">60218.736</dst>
            <dst id="SNVAng">1787.30666666667</dst>
            <dst id="STTLng">11953.2186666667</dst>
            <dst id="WASHng">45906.312</dst>
        </src>
        <src id="KSCYng">
            <dst id="ATLA-M5">287.808</dst>
            <dst id="ATLAng">2097.93333333333</dst>
            <dst id="CHINng">17641.9786666667</dst>
            <dst id="DNVRng">9320.10933333333</dst>
            <dst id="HSTNng">4387.776</dst>
            <dst id="IPLSng">11941.2053333333</dst>
            <dst id="KSCYng">7143.84533333333</dst>
            <dst id="LOSAng">8036.608</dst>
            <dst id="NYCMng">5255.35733333333</dst>
            <dst id="SNVAng">211.573333333333</dst>
            <dst id="STTLng">3125.62133333333</dst>
            <dst id="WASHng">15369.568</dst>
        </src>
        <src id="LOSAng">
            <dst id="ATLA-M5">3154.74666666667</dst>
            <dst id="ATLAng">27814.3866666667</dst>
            <dst id="CHINng">1071083.36</dst>
            <dst id="DNVRng">12634.864</dst>
            <dst id="HSTNng">34221.6533333333</dst>
            <dst id="IPLSng">71148.032</dst>
            <dst id="KSCYng">13223.3946666667</dst>
            <dst id="LOSAng">19975.7973333333</dst>
            <dst id="NYCMng">74529.5173333333</dst>
            <dst id="SNVAng">10601.536</dst>
            <dst id="STTLng">25334.816</dst>
            <dst id="WASHng">94034.696</dst>
        </src>
        <src id="NYCMng">
            <dst id="ATLA-M5">4098.056</dst>
            <dst id="ATLAng">33844.4826666667</dst>
            <dst id="CHINng">48177.0986666667</dst>
            <dst id="DNVRng">34601.8266666667</dst>
            <dst id="HSTNng">19193.8026666667</dst>
            <dst id="IPLSng">69880.2933333333</dst>
            <dst id="KSCYng">17260</dst>
            <dst id="LOSAng">85761.896</dst>
            <dst id="NYCMng">183603.448</dst>
            <dst id="SNVAng">7600.06133333333</dst>
            <dst id="STTLng">25937.96</dst>
            <dst id="WASHng">138467.096</dst>
        </src>
        <src id="SNVAng">
            <dst id="ATLA-M5">0</dst>
            <dst id="ATLAng">817.333333333333</dst>
            <dst id="CHINng">1601.224</dst>
            <dst id="DNVRng">18531.224</dst>
            <dst id="HSTNng">141.493333333333</dst>
            <dst id="IPLSng">5990.21333333333</dst>
            <dst id="KSCYng">4269.04</dst>
            <dst id="LOSAng">40084.04</dst>
            <dst id="NYCMng">9474.41333333333</dst>
            <dst id="SNVAng">17535.2053333333</dst>
            <dst id="STTLng">58521.416</dst>
            <dst id="WASHng">369.104</dst>
        </src>
        <src id="STTLng">
            <dst id="ATLA-M5">80</dst>
            <dst id="ATLAng">12367.6906666667</dst>
            <dst id="CHINng">16569.1706666667</dst>
            <dst id="DNVRng">3239.744</dst>
            <dst id="HSTNng">9869.25066666667</dst>
            <dst id="IPLSng">9253.81066666667</dst>
            <dst id="KSCYng">2657.66933333333</dst>
            <dst id="LOSAng">24499.3946666667</dst>
            <dst id="NYCMng">10368.9706666667</dst>
            <dst id="SNVAng">4272.54933333333</dst>
            <dst id="STTLng">9376.056</dst>
            <dst id="WASHng">11495.8186666667</dst>
        </src>
        <src id="WASHng">
            <dst id="ATLA-M5">1314.2</dst>
            <dst id="ATLAng">98366.88</dst>
            <dst id="CHINng">81998.1813333333</dst>
            <dst id="DNVRng">55183.0826666667</dst>
            <dst id="HSTNng">44437.704</dst>
            <dst id="IPLSng">60857.864</dst>
            <dst id="KSCYng">19592.68</dst>
            <dst id="LOSAng">111900.093333333</dst>
            <dst id="NYCMng">152392.805333333</dst>
            <dst id="SNVAng">5792.82666666667</dst>
            <dst id="STTLng">27693.144</dst>
            <dst id="WASHng">234778.973333333</dst>
        </src>
    </IntraTM>
</TrafficMatrixFile>
