<?xml version="1.0" encoding="ISO-8859-1" standalone="yes"?>
<TrafficMatrixFile xsi:noNamespaceSchemaLocation="http://totem.run.montefiore.ulg.ac.be/Schema/TrafficMatrix-v1_2.xsd" xmlns:xsi="http://www.w3.org/2001/XMLSchema-instance">
    <IntraTM ASID="11537">
        <src id="ATLA-M5">
            <dst id="ATLA-M5">61.728</dst>
            <dst id="ATLAng">49.2266666666667</dst>
            <dst id="CHINng">763.482666666667</dst>
            <dst id="DNVRng">0</dst>
            <dst id="HSTNng">57.0666666666667</dst>
            <dst id="IPLSng">825.834666666667</dst>
            <dst id="KSCYng">53.3333333333333</dst>
            <dst id="LOSAng">509.306666666667</dst>
            <dst id="NYCMng">106.666666666667</dst>
            <dst id="SNVAng">0</dst>
            <dst id="STTLng">38.4533333333333</dst>
            <dst id="WASHng">558.349333333333</dst>
        </src>
        <src id="ATLAng">
            <dst id="ATLA-M5">164.256</dst>
            <dst id="ATLAng">25398.8</dst>
            <dst id="CHINng">15226.0666666667</dst>
            <dst id="DNVRng">5001.31733333333</dst>
            <dst id="HSTNng">5598.26933333333</dst>
            <dst id="IPLSng">17928.28</dst>
            <dst id="KSCYng">9488.784</dst>
            <dst id="LOSAng">19209.6026666667</dst>
            <dst id="NYCMng">10067.544</dst>
            <dst id="SNVAng">432.789333333333</dst>
            <dst id="STTLng">4717.41333333333</dst>
            <dst id="WASHng">33096.6853333333</dst>
        </src>
        <src id="CHINng">
            <dst id="ATLA-M5">627.733333333333</dst>
            <dst id="ATLAng">9340.232</dst>
            <dst id="CHINng">111575.898666667</dst>
            <dst id="DNVRng">25187.1946666667</dst>
            <dst id="HSTNng">51021.9973333333</dst>
            <dst id="IPLSng">36359.3146666667</dst>
            <dst id="KSCYng">15311.7173333333</dst>
            <dst id="LOSAng">65796.368</dst>
            <dst id="NYCMng">27712.5333333333</dst>
            <dst id="SNVAng">2703.672</dst>
            <dst id="STTLng">9634.43466666667</dst>
            <dst id="WASHng">25265.5173333333</dst>
        </src>
        <src id="DNVRng">
            <dst id="ATLA-M5">155.810666666667</dst>
            <dst id="ATLAng">4800.42933333333</dst>
            <dst id="CHINng">78405.2853333333</dst>
            <dst id="DNVRng">14565.448</dst>
            <dst id="HSTNng">12522.56</dst>
            <dst id="IPLSng">27402.1626666667</dst>
            <dst id="KSCYng">20139.8346666667</dst>
            <dst id="LOSAng">9210.016</dst>
            <dst id="NYCMng">20688.68</dst>
            <dst id="SNVAng">12535.3946666667</dst>
            <dst id="STTLng">10611.8853333333</dst>
            <dst id="WASHng">48994.5706666667</dst>
        </src>
        <src id="HSTNng">
            <dst id="ATLA-M5">313.472</dst>
            <dst id="ATLAng">1660.87733333333</dst>
            <dst id="CHINng">15534.256</dst>
            <dst id="DNVRng">2323.97066666667</dst>
            <dst id="HSTNng">5592.67466666667</dst>
            <dst id="IPLSng">3881.55466666667</dst>
            <dst id="KSCYng">3385.07733333333</dst>
            <dst id="LOSAng">13266.424</dst>
            <dst id="NYCMng">2436.216</dst>
            <dst id="SNVAng">966.445333333333</dst>
            <dst id="STTLng">1695.88</dst>
            <dst id="WASHng">12954.3893333333</dst>
        </src>
        <src id="IPLSng">
            <dst id="ATLA-M5">216.413333333333</dst>
            <dst id="ATLAng">58306.536</dst>
            <dst id="CHINng">79746.2613333334</dst>
            <dst id="DNVRng">15425.9893333333</dst>
            <dst id="HSTNng">3236.592</dst>
            <dst id="IPLSng">25065.4906666667</dst>
            <dst id="KSCYng">7290.82933333334</dst>
            <dst id="LOSAng">56027.4906666667</dst>
            <dst id="NYCMng">27823.912</dst>
            <dst id="SNVAng">781.266666666667</dst>
            <dst id="STTLng">9966.05333333334</dst>
            <dst id="WASHng">85531.6853333334</dst>
        </src>
        <src id="KSCYng">
            <dst id="ATLA-M5">81.1066666666667</dst>
            <dst id="ATLAng">2218.74133333333</dst>
            <dst id="CHINng">27928.496</dst>
            <dst id="DNVRng">18908.3253333333</dst>
            <dst id="HSTNng">3538.88533333333</dst>
            <dst id="IPLSng">12583.7946666667</dst>
            <dst id="KSCYng">8083.28</dst>
            <dst id="LOSAng">9948.864</dst>
            <dst id="NYCMng">5546.42133333333</dst>
            <dst id="SNVAng">388.538666666667</dst>
            <dst id="STTLng">1792.89333333333</dst>
            <dst id="WASHng">11247.8293333333</dst>
        </src>
        <src id="LOSAng">
            <dst id="ATLA-M5">1012.09333333333</dst>
            <dst id="ATLAng">15604.5013333333</dst>
            <dst id="CHINng">79849.4533333333</dst>
            <dst id="DNVRng">8027.22933333333</dst>
            <dst id="HSTNng">4173.272</dst>
            <dst id="IPLSng">38192.976</dst>
            <dst id="KSCYng">7397.56533333333</dst>
            <dst id="LOSAng">13301.1973333333</dst>
            <dst id="NYCMng">50048.2853333333</dst>
            <dst id="SNVAng">7942.29066666667</dst>
            <dst id="STTLng">25781.7253333333</dst>
            <dst id="WASHng">124808.648</dst>
        </src>
        <src id="NYCMng">
            <dst id="ATLA-M5">547.413333333333</dst>
            <dst id="ATLAng">35381.0533333333</dst>
            <dst id="CHINng">56832.552</dst>
            <dst id="DNVRng">37759.48</dst>
            <dst id="HSTNng">10542.4826666667</dst>
            <dst id="IPLSng">44266.2853333333</dst>
            <dst id="KSCYng">15297.2853333333</dst>
            <dst id="LOSAng">78580.504</dst>
            <dst id="NYCMng">155306.002666667</dst>
            <dst id="SNVAng">3879.25066666667</dst>
            <dst id="STTLng">20213.3973333333</dst>
            <dst id="WASHng">104883.357333333</dst>
        </src>
        <src id="SNVAng">
            <dst id="ATLA-M5">26.6666666666667</dst>
            <dst id="ATLAng">125.706666666667</dst>
            <dst id="CHINng">1593.824</dst>
            <dst id="DNVRng">17836.5093333333</dst>
            <dst id="HSTNng">421.272</dst>
            <dst id="IPLSng">4024.82666666667</dst>
            <dst id="KSCYng">333.68</dst>
            <dst id="LOSAng">49198.8106666667</dst>
            <dst id="NYCMng">425.541333333333</dst>
            <dst id="SNVAng">15479.0346666667</dst>
            <dst id="STTLng">67091.6666666667</dst>
            <dst id="WASHng">214.224</dst>
        </src>
        <src id="STTLng">
            <dst id="ATLA-M5">53.3333333333333</dst>
            <dst id="ATLAng">7474.024</dst>
            <dst id="CHINng">15013.984</dst>
            <dst id="DNVRng">2895.82933333333</dst>
            <dst id="HSTNng">6741.04266666667</dst>
            <dst id="IPLSng">11235.9546666667</dst>
            <dst id="KSCYng">3635.04</dst>
            <dst id="LOSAng">15084.6773333333</dst>
            <dst id="NYCMng">6323.86133333333</dst>
            <dst id="SNVAng">2311.66133333333</dst>
            <dst id="STTLng">6022.43466666667</dst>
            <dst id="WASHng">10834.664</dst>
        </src>
        <src id="WASHng">
            <dst id="ATLA-M5">264.389333333333</dst>
            <dst id="ATLAng">113021.082666667</dst>
            <dst id="CHINng">86500.7413333333</dst>
            <dst id="DNVRng">62181.256</dst>
            <dst id="HSTNng">33349.0746666667</dst>
            <dst id="IPLSng">46404.408</dst>
            <dst id="KSCYng">24093.3546666667</dst>
            <dst id="LOSAng">103936.250666667</dst>
            <dst id="NYCMng">137981.864</dst>
            <dst id="SNVAng">5673.24</dst>
            <dst id="STTLng">32990.3786666667</dst>
            <dst id="WASHng">309729.946666667</dst>
        </src>
    </IntraTM>
</TrafficMatrixFile>
