<?xml version="1.0" encoding="ISO-8859-1" standalone="yes"?>
<TrafficMatrixFile xsi:noNamespaceSchemaLocation="http://totem.run.montefiore.ulg.ac.be/Schema/TrafficMatrix-v1_2.xsd" xmlns:xsi="http://www.w3.org/2001/XMLSchema-instance">
    <IntraTM ASID="11537">
        <src id="ATLA-M5">
            <dst id="ATLA-M5">73.0906666666667</dst>
            <dst id="ATLAng">37.408</dst>
            <dst id="CHINng">179.256</dst>
            <dst id="DNVRng">80</dst>
            <dst id="HSTNng">176.021333333333</dst>
            <dst id="IPLSng">423.477333333333</dst>
            <dst id="KSCYng">219.76</dst>
            <dst id="LOSAng">263.693333333333</dst>
            <dst id="NYCMng">320.488</dst>
            <dst id="SNVAng">26.6666666666667</dst>
            <dst id="STTLng">148.84</dst>
            <dst id="WASHng">389.976</dst>
        </src>
        <src id="ATLAng">
            <dst id="ATLA-M5">389.805333333333</dst>
            <dst id="ATLAng">23263.6426666667</dst>
            <dst id="CHINng">19817.592</dst>
            <dst id="DNVRng">4785.68</dst>
            <dst id="HSTNng">7944.02133333333</dst>
            <dst id="IPLSng">31895.072</dst>
            <dst id="KSCYng">3109.27733333333</dst>
            <dst id="LOSAng">29559.4586666667</dst>
            <dst id="NYCMng">10305.9173333333</dst>
            <dst id="SNVAng">7893.576</dst>
            <dst id="STTLng">5468.208</dst>
            <dst id="WASHng">38095.6613333333</dst>
        </src>
        <src id="CHINng">
            <dst id="ATLA-M5">732.029333333333</dst>
            <dst id="ATLAng">30650.336</dst>
            <dst id="CHINng">85900.24</dst>
            <dst id="DNVRng">18538.096</dst>
            <dst id="HSTNng">42231.2426666667</dst>
            <dst id="IPLSng">41041.3653333333</dst>
            <dst id="KSCYng">15359.864</dst>
            <dst id="LOSAng">69827.336</dst>
            <dst id="NYCMng">19021.496</dst>
            <dst id="SNVAng">3681.96533333333</dst>
            <dst id="STTLng">12028.848</dst>
            <dst id="WASHng">35705.7173333333</dst>
        </src>
        <src id="DNVRng">
            <dst id="ATLA-M5">226.402666666667</dst>
            <dst id="ATLAng">5465.472</dst>
            <dst id="CHINng">74862.992</dst>
            <dst id="DNVRng">19938.0293333333</dst>
            <dst id="HSTNng">13290.704</dst>
            <dst id="IPLSng">30041.7333333333</dst>
            <dst id="KSCYng">25842.632</dst>
            <dst id="LOSAng">5300.73333333333</dst>
            <dst id="NYCMng">21533.8666666667</dst>
            <dst id="SNVAng">10905.2186666667</dst>
            <dst id="STTLng">15550.5226666667</dst>
            <dst id="WASHng">48303.928</dst>
        </src>
        <src id="HSTNng">
            <dst id="ATLA-M5">4147</dst>
            <dst id="ATLAng">2150.75466666667</dst>
            <dst id="CHINng">12367.0506666667</dst>
            <dst id="DNVRng">4490.93333333333</dst>
            <dst id="HSTNng">8070.28266666667</dst>
            <dst id="IPLSng">4818.512</dst>
            <dst id="KSCYng">3185.25866666667</dst>
            <dst id="LOSAng">8615.192</dst>
            <dst id="NYCMng">2425.59466666667</dst>
            <dst id="SNVAng">2546.72533333333</dst>
            <dst id="STTLng">1916.304</dst>
            <dst id="WASHng">6582.74933333333</dst>
        </src>
        <src id="IPLSng">
            <dst id="ATLA-M5">830.813333333333</dst>
            <dst id="ATLAng">33640.968</dst>
            <dst id="CHINng">102945.314666667</dst>
            <dst id="DNVRng">17978.2666666667</dst>
            <dst id="HSTNng">6649.20266666667</dst>
            <dst id="IPLSng">39522.896</dst>
            <dst id="KSCYng">15523.3946666667</dst>
            <dst id="LOSAng">43367.6906666667</dst>
            <dst id="NYCMng">48420.6373333333</dst>
            <dst id="SNVAng">1754.95733333333</dst>
            <dst id="STTLng">9403.53866666667</dst>
            <dst id="WASHng">37798.0453333333</dst>
        </src>
        <src id="KSCYng">
            <dst id="ATLA-M5">231.906666666667</dst>
            <dst id="ATLAng">3899.79733333333</dst>
            <dst id="CHINng">22889.1066666667</dst>
            <dst id="DNVRng">15574.896</dst>
            <dst id="HSTNng">3575.72266666667</dst>
            <dst id="IPLSng">9440.54666666667</dst>
            <dst id="KSCYng">7875.824</dst>
            <dst id="LOSAng">7531.32</dst>
            <dst id="NYCMng">3946.03733333333</dst>
            <dst id="SNVAng">223.565333333333</dst>
            <dst id="STTLng">3607.17866666667</dst>
            <dst id="WASHng">13677.3093333333</dst>
        </src>
        <src id="LOSAng">
            <dst id="ATLA-M5">1199.56266666667</dst>
            <dst id="ATLAng">15727.0853333333</dst>
            <dst id="CHINng">89821.6133333334</dst>
            <dst id="DNVRng">20070.6586666667</dst>
            <dst id="HSTNng">8946.91733333333</dst>
            <dst id="IPLSng">43205.3253333333</dst>
            <dst id="KSCYng">15400.712</dst>
            <dst id="LOSAng">11732.5466666667</dst>
            <dst id="NYCMng">59866.7466666667</dst>
            <dst id="SNVAng">13042.92</dst>
            <dst id="STTLng">23369.576</dst>
            <dst id="WASHng">99190.1973333334</dst>
        </src>
        <src id="NYCMng">
            <dst id="ATLA-M5">1987.61866666667</dst>
            <dst id="ATLAng">39935.696</dst>
            <dst id="CHINng">57550.9173333333</dst>
            <dst id="DNVRng">43062.6293333333</dst>
            <dst id="HSTNng">13194.024</dst>
            <dst id="IPLSng">61591.464</dst>
            <dst id="KSCYng">17637.0853333333</dst>
            <dst id="LOSAng">87551.96</dst>
            <dst id="NYCMng">163264.856</dst>
            <dst id="SNVAng">7985.66666666667</dst>
            <dst id="STTLng">23391.304</dst>
            <dst id="WASHng">122566.666666667</dst>
        </src>
        <src id="SNVAng">
            <dst id="ATLA-M5">26.6666666666667</dst>
            <dst id="ATLAng">106.666666666667</dst>
            <dst id="CHINng">1674.448</dst>
            <dst id="DNVRng">1389.97866666667</dst>
            <dst id="HSTNng">586.976</dst>
            <dst id="IPLSng">680.309333333333</dst>
            <dst id="KSCYng">524.448</dst>
            <dst id="LOSAng">50407.68</dst>
            <dst id="NYCMng">658.226666666667</dst>
            <dst id="SNVAng">16612.3386666667</dst>
            <dst id="STTLng">54621.6133333333</dst>
            <dst id="WASHng">1297.93333333333</dst>
        </src>
        <src id="STTLng">
            <dst id="ATLA-M5">68.5413333333333</dst>
            <dst id="ATLAng">8918.82933333333</dst>
            <dst id="CHINng">13725.5306666667</dst>
            <dst id="DNVRng">2272.08</dst>
            <dst id="HSTNng">6785.96</dst>
            <dst id="IPLSng">10634.7973333333</dst>
            <dst id="KSCYng">3494.41866666667</dst>
            <dst id="LOSAng">17858.9546666667</dst>
            <dst id="NYCMng">5634.96266666667</dst>
            <dst id="SNVAng">3295.97866666667</dst>
            <dst id="STTLng">6380.85866666667</dst>
            <dst id="WASHng">6177.424</dst>
        </src>
        <src id="WASHng">
            <dst id="ATLA-M5">582.141333333333</dst>
            <dst id="ATLAng">96282.2266666667</dst>
            <dst id="CHINng">79326.984</dst>
            <dst id="DNVRng">83095.1173333333</dst>
            <dst id="HSTNng">38716.656</dst>
            <dst id="IPLSng">53496.3733333333</dst>
            <dst id="KSCYng">17032.76</dst>
            <dst id="LOSAng">117245.832</dst>
            <dst id="NYCMng">149298.682666667</dst>
            <dst id="SNVAng">6446.19466666667</dst>
            <dst id="STTLng">39294.1573333333</dst>
            <dst id="WASHng">274652.106666667</dst>
        </src>
    </IntraTM>
</TrafficMatrixFile>
