<?xml version="1.0" encoding="ISO-8859-1" standalone="yes"?>
<TrafficMatrixFile xsi:noNamespaceSchemaLocation="http://totem.run.montefiore.ulg.ac.be/Schema/TrafficMatrix-v1_2.xsd" xmlns:xsi="http://www.w3.org/2001/XMLSchema-instance">
    <IntraTM ASID="11537">
        <src id="ATLA-M5">
            <dst id="ATLA-M5">691.626666666667</dst>
            <dst id="ATLAng">74.6666666666667</dst>
            <dst id="CHINng">685.322666666667</dst>
            <dst id="DNVRng">193.042666666667</dst>
            <dst id="HSTNng">288.066666666667</dst>
            <dst id="IPLSng">531.832</dst>
            <dst id="KSCYng">0</dst>
            <dst id="LOSAng">977.498666666667</dst>
            <dst id="NYCMng">1544.44533333333</dst>
            <dst id="SNVAng">435.074666666667</dst>
            <dst id="STTLng">261.154666666667</dst>
            <dst id="WASHng">1976.73866666667</dst>
        </src>
        <src id="ATLAng">
            <dst id="ATLA-M5">192.778666666667</dst>
            <dst id="ATLAng">33807.3333333333</dst>
            <dst id="CHINng">19764.5893333333</dst>
            <dst id="DNVRng">4055.896</dst>
            <dst id="HSTNng">3694.82666666667</dst>
            <dst id="IPLSng">18314.6986666667</dst>
            <dst id="KSCYng">4210.97866666667</dst>
            <dst id="LOSAng">19204.9546666667</dst>
            <dst id="NYCMng">9461.224</dst>
            <dst id="SNVAng">999.517333333333</dst>
            <dst id="STTLng">6216.90133333333</dst>
            <dst id="WASHng">30099.7733333333</dst>
        </src>
        <src id="CHINng">
            <dst id="ATLA-M5">3590.40533333333</dst>
            <dst id="ATLAng">24627.12</dst>
            <dst id="CHINng">128963.896</dst>
            <dst id="DNVRng">30991.1813333333</dst>
            <dst id="HSTNng">50845.0106666667</dst>
            <dst id="IPLSng">64741.2746666667</dst>
            <dst id="KSCYng">12827.3013333333</dst>
            <dst id="LOSAng">2032777.92</dst>
            <dst id="NYCMng">31347.592</dst>
            <dst id="SNVAng">1492.54933333333</dst>
            <dst id="STTLng">18479.7893333333</dst>
            <dst id="WASHng">46953.4933333333</dst>
        </src>
        <src id="DNVRng">
            <dst id="ATLA-M5">379.546666666667</dst>
            <dst id="ATLAng">7832.35733333333</dst>
            <dst id="CHINng">61460.3626666667</dst>
            <dst id="DNVRng">15982.8746666667</dst>
            <dst id="HSTNng">17792.2213333333</dst>
            <dst id="IPLSng">45742.0613333333</dst>
            <dst id="KSCYng">18916.68</dst>
            <dst id="LOSAng">12211.448</dst>
            <dst id="NYCMng">19212.816</dst>
            <dst id="SNVAng">9324.49866666666</dst>
            <dst id="STTLng">9998.392</dst>
            <dst id="WASHng">43867.6933333333</dst>
        </src>
        <src id="HSTNng">
            <dst id="ATLA-M5">2643.37866666667</dst>
            <dst id="ATLAng">3486.888</dst>
            <dst id="CHINng">22728.5546666667</dst>
            <dst id="DNVRng">4354.29866666667</dst>
            <dst id="HSTNng">7552.48533333333</dst>
            <dst id="IPLSng">9040.352</dst>
            <dst id="KSCYng">3979.79733333333</dst>
            <dst id="LOSAng">6692.472</dst>
            <dst id="NYCMng">9153.41333333333</dst>
            <dst id="SNVAng">589.746666666667</dst>
            <dst id="STTLng">1878.33333333333</dst>
            <dst id="WASHng">13784.3093333333</dst>
        </src>
        <src id="IPLSng">
            <dst id="ATLA-M5">454.064</dst>
            <dst id="ATLAng">16822.9466666667</dst>
            <dst id="CHINng">135413.362666667</dst>
            <dst id="DNVRng">27900.9946666667</dst>
            <dst id="HSTNng">8553.49066666667</dst>
            <dst id="IPLSng">28098.3786666667</dst>
            <dst id="KSCYng">9844.408</dst>
            <dst id="LOSAng">49343.4773333333</dst>
            <dst id="NYCMng">80487.7173333333</dst>
            <dst id="SNVAng">1340.45333333333</dst>
            <dst id="STTLng">12095.0826666667</dst>
            <dst id="WASHng">53689.128</dst>
        </src>
        <src id="KSCYng">
            <dst id="ATLA-M5">26.7333333333333</dst>
            <dst id="ATLAng">4104.28</dst>
            <dst id="CHINng">25526.704</dst>
            <dst id="DNVRng">8638.10933333333</dst>
            <dst id="HSTNng">4863.21066666667</dst>
            <dst id="IPLSng">12784.376</dst>
            <dst id="KSCYng">8008.008</dst>
            <dst id="LOSAng">7093.136</dst>
            <dst id="NYCMng">5978.248</dst>
            <dst id="SNVAng">405.757333333333</dst>
            <dst id="STTLng">1439.464</dst>
            <dst id="WASHng">19670.656</dst>
        </src>
        <src id="LOSAng">
            <dst id="ATLA-M5">2696.712</dst>
            <dst id="ATLAng">16043.2373333333</dst>
            <dst id="CHINng">1111243.86666667</dst>
            <dst id="DNVRng">9557.99466666667</dst>
            <dst id="HSTNng">27637.0773333333</dst>
            <dst id="IPLSng">42254.8026666667</dst>
            <dst id="KSCYng">15888.0613333333</dst>
            <dst id="LOSAng">9439.72</dst>
            <dst id="NYCMng">78949.8533333333</dst>
            <dst id="SNVAng">13482.184</dst>
            <dst id="STTLng">37960.448</dst>
            <dst id="WASHng">105525.762666667</dst>
        </src>
        <src id="NYCMng">
            <dst id="ATLA-M5">2916.07733333333</dst>
            <dst id="ATLAng">26618.616</dst>
            <dst id="CHINng">61356.5946666667</dst>
            <dst id="DNVRng">45297.776</dst>
            <dst id="HSTNng">16403.1813333333</dst>
            <dst id="IPLSng">62072.7146666667</dst>
            <dst id="KSCYng">18973.864</dst>
            <dst id="LOSAng">81002</dst>
            <dst id="NYCMng">228247.717333333</dst>
            <dst id="SNVAng">7211.144</dst>
            <dst id="STTLng">19348.2186666667</dst>
            <dst id="WASHng">143973.266666667</dst>
        </src>
        <src id="SNVAng">
            <dst id="ATLA-M5">26.6666666666667</dst>
            <dst id="ATLAng">230.12</dst>
            <dst id="CHINng">5086.992</dst>
            <dst id="DNVRng">4236.84266666667</dst>
            <dst id="HSTNng">2804.208</dst>
            <dst id="IPLSng">2758.36</dst>
            <dst id="KSCYng">26.6666666666667</dst>
            <dst id="LOSAng">30561.4666666667</dst>
            <dst id="NYCMng">458.968</dst>
            <dst id="SNVAng">11282.488</dst>
            <dst id="STTLng">49776.2346666667</dst>
            <dst id="WASHng">398.658666666667</dst>
        </src>
        <src id="STTLng">
            <dst id="ATLA-M5">2214.22933333333</dst>
            <dst id="ATLAng">8401.37066666666</dst>
            <dst id="CHINng">14826.4346666667</dst>
            <dst id="DNVRng">8965.41066666667</dst>
            <dst id="HSTNng">11255.952</dst>
            <dst id="IPLSng">11224.944</dst>
            <dst id="KSCYng">6290.03466666667</dst>
            <dst id="LOSAng">22702.9626666667</dst>
            <dst id="NYCMng">8396.03466666667</dst>
            <dst id="SNVAng">6636.232</dst>
            <dst id="STTLng">4041.04533333333</dst>
            <dst id="WASHng">11166.2453333333</dst>
        </src>
        <src id="WASHng">
            <dst id="ATLA-M5">1612.59466666667</dst>
            <dst id="ATLAng">98783.512</dst>
            <dst id="CHINng">70500.5306666667</dst>
            <dst id="DNVRng">61529.3706666667</dst>
            <dst id="HSTNng">22306.4186666667</dst>
            <dst id="IPLSng">63649.9546666667</dst>
            <dst id="KSCYng">17347.024</dst>
            <dst id="LOSAng">110231.714666667</dst>
            <dst id="NYCMng">168920.837333333</dst>
            <dst id="SNVAng">3737.14666666667</dst>
            <dst id="STTLng">38415.0266666667</dst>
            <dst id="WASHng">232029.829333333</dst>
        </src>
    </IntraTM>
</TrafficMatrixFile>
