<?xml version="1.0" encoding="ISO-8859-1" standalone="yes"?>
<TrafficMatrixFile xsi:noNamespaceSchemaLocation="http://totem.run.montefiore.ulg.ac.be/Schema/TrafficMatrix-v1_2.xsd" xmlns:xsi="http://www.w3.org/2001/XMLSchema-instance">
    <IntraTM ASID="11537">
        <src id="ATLA-M5">
            <dst id="ATLA-M5">133.738666666667</dst>
            <dst id="ATLAng">1614.77333333333</dst>
            <dst id="CHINng">467.405333333333</dst>
            <dst id="DNVRng">579.293333333333</dst>
            <dst id="HSTNng">197.893333333333</dst>
            <dst id="IPLSng">425.157333333333</dst>
            <dst id="KSCYng">773.874666666666</dst>
            <dst id="LOSAng">682.893333333333</dst>
            <dst id="NYCMng">280.232</dst>
            <dst id="SNVAng">29.7626666666667</dst>
            <dst id="STTLng">53.3333333333333</dst>
            <dst id="WASHng">3150.17866666667</dst>
        </src>
        <src id="ATLAng">
            <dst id="ATLA-M5">403.125333333333</dst>
            <dst id="ATLAng">51340.7253333333</dst>
            <dst id="CHINng">20845.7653333333</dst>
            <dst id="DNVRng">5993.21066666667</dst>
            <dst id="HSTNng">2227.28</dst>
            <dst id="IPLSng">22646.1413333333</dst>
            <dst id="KSCYng">3258.392</dst>
            <dst id="LOSAng">30226.5333333333</dst>
            <dst id="NYCMng">7352.93066666667</dst>
            <dst id="SNVAng">2371.288</dst>
            <dst id="STTLng">11989.008</dst>
            <dst id="WASHng">127936.282666667</dst>
        </src>
        <src id="CHINng">
            <dst id="ATLA-M5">2106.94933333333</dst>
            <dst id="ATLAng">57217.9733333333</dst>
            <dst id="CHINng">99998.5733333333</dst>
            <dst id="DNVRng">19662.6906666667</dst>
            <dst id="HSTNng">62215.3946666666</dst>
            <dst id="IPLSng">62726.8826666667</dst>
            <dst id="KSCYng">16815.744</dst>
            <dst id="LOSAng">54976.5946666666</dst>
            <dst id="NYCMng">30541.1546666667</dst>
            <dst id="SNVAng">4565.208</dst>
            <dst id="STTLng">10887.16</dst>
            <dst id="WASHng">42659.6666666667</dst>
        </src>
        <src id="DNVRng">
            <dst id="ATLA-M5">224.416</dst>
            <dst id="ATLAng">5926.21066666667</dst>
            <dst id="CHINng">78052.952</dst>
            <dst id="DNVRng">6493.37866666667</dst>
            <dst id="HSTNng">10197.8506666667</dst>
            <dst id="IPLSng">24899.9626666667</dst>
            <dst id="KSCYng">9626.80266666666</dst>
            <dst id="LOSAng">15296.2746666667</dst>
            <dst id="NYCMng">24174.8906666667</dst>
            <dst id="SNVAng">11602.6426666667</dst>
            <dst id="STTLng">19764.6133333333</dst>
            <dst id="WASHng">55907.1066666667</dst>
        </src>
        <src id="HSTNng">
            <dst id="ATLA-M5">327.005333333333</dst>
            <dst id="ATLAng">5928.29066666667</dst>
            <dst id="CHINng">22827.016</dst>
            <dst id="DNVRng">10461.8986666667</dst>
            <dst id="HSTNng">10813.2933333333</dst>
            <dst id="IPLSng">6059.22133333333</dst>
            <dst id="KSCYng">2553.66666666667</dst>
            <dst id="LOSAng">8517.6</dst>
            <dst id="NYCMng">7682.14933333333</dst>
            <dst id="SNVAng">1918.328</dst>
            <dst id="STTLng">2691.74933333333</dst>
            <dst id="WASHng">9777.728</dst>
        </src>
        <src id="IPLSng">
            <dst id="ATLA-M5">738.426666666667</dst>
            <dst id="ATLAng">35369.9226666667</dst>
            <dst id="CHINng">120107.101333333</dst>
            <dst id="DNVRng">22098.8986666667</dst>
            <dst id="HSTNng">6964.91466666667</dst>
            <dst id="IPLSng">25614.6026666667</dst>
            <dst id="KSCYng">10176.0293333333</dst>
            <dst id="LOSAng">66026.1706666667</dst>
            <dst id="NYCMng">77555.248</dst>
            <dst id="SNVAng">4135.95466666667</dst>
            <dst id="STTLng">14532.8293333333</dst>
            <dst id="WASHng">50838.7786666667</dst>
        </src>
        <src id="KSCYng">
            <dst id="ATLA-M5">359.4</dst>
            <dst id="ATLAng">5796.02133333333</dst>
            <dst id="CHINng">21901.544</dst>
            <dst id="DNVRng">17503.3226666667</dst>
            <dst id="HSTNng">7884.35733333333</dst>
            <dst id="IPLSng">13472.3973333333</dst>
            <dst id="KSCYng">6816.45866666667</dst>
            <dst id="LOSAng">22186.408</dst>
            <dst id="NYCMng">4039.79466666667</dst>
            <dst id="SNVAng">809.616</dst>
            <dst id="STTLng">1308.064</dst>
            <dst id="WASHng">20392.2373333333</dst>
        </src>
        <src id="LOSAng">
            <dst id="ATLA-M5">2104.66933333333</dst>
            <dst id="ATLAng">68541.656</dst>
            <dst id="CHINng">124376.226666667</dst>
            <dst id="DNVRng">12403.7066666667</dst>
            <dst id="HSTNng">13636.1493333333</dst>
            <dst id="IPLSng">78729.9786666666</dst>
            <dst id="KSCYng">13934.4266666667</dst>
            <dst id="LOSAng">18092.44</dst>
            <dst id="NYCMng">110454.933333333</dst>
            <dst id="SNVAng">14597.7226666667</dst>
            <dst id="STTLng">33429.1226666667</dst>
            <dst id="WASHng">179483.178666667</dst>
        </src>
        <src id="NYCMng">
            <dst id="ATLA-M5">2089.05866666667</dst>
            <dst id="ATLAng">57749.3466666667</dst>
            <dst id="CHINng">71426.5653333333</dst>
            <dst id="DNVRng">38197.8986666667</dst>
            <dst id="HSTNng">18696.1653333333</dst>
            <dst id="IPLSng">70085.7893333333</dst>
            <dst id="KSCYng">21395.4533333333</dst>
            <dst id="LOSAng">83086.8266666667</dst>
            <dst id="NYCMng">165746.189333333</dst>
            <dst id="SNVAng">7991.39733333333</dst>
            <dst id="STTLng">29945.896</dst>
            <dst id="WASHng">108121.901333333</dst>
        </src>
        <src id="SNVAng">
            <dst id="ATLA-M5">33.0453333333333</dst>
            <dst id="ATLAng">330.322666666667</dst>
            <dst id="CHINng">1449.45066666667</dst>
            <dst id="DNVRng">27079.0693333333</dst>
            <dst id="HSTNng">572.714666666667</dst>
            <dst id="IPLSng">6694.19466666667</dst>
            <dst id="KSCYng">484.562666666667</dst>
            <dst id="LOSAng">57333.4906666667</dst>
            <dst id="NYCMng">1172.93066666667</dst>
            <dst id="SNVAng">20043.3546666667</dst>
            <dst id="STTLng">63673.6026666667</dst>
            <dst id="WASHng">1362.58933333333</dst>
        </src>
        <src id="STTLng">
            <dst id="ATLA-M5">123.581333333333</dst>
            <dst id="ATLAng">11034.728</dst>
            <dst id="CHINng">11439.784</dst>
            <dst id="DNVRng">8045.11466666667</dst>
            <dst id="HSTNng">10179.024</dst>
            <dst id="IPLSng">9578.97866666667</dst>
            <dst id="KSCYng">4060.56533333333</dst>
            <dst id="LOSAng">37034.9226666667</dst>
            <dst id="NYCMng">7381.81866666667</dst>
            <dst id="SNVAng">4498.80266666667</dst>
            <dst id="STTLng">1501.336</dst>
            <dst id="WASHng">8325.49333333333</dst>
        </src>
        <src id="WASHng">
            <dst id="ATLA-M5">594.405333333333</dst>
            <dst id="ATLAng">108534.685333333</dst>
            <dst id="CHINng">66477.784</dst>
            <dst id="DNVRng">43773.5893333333</dst>
            <dst id="HSTNng">21468.464</dst>
            <dst id="IPLSng">74183.7546666667</dst>
            <dst id="KSCYng">25193.84</dst>
            <dst id="LOSAng">122996.482666667</dst>
            <dst id="NYCMng">165238.901333333</dst>
            <dst id="SNVAng">5624.60533333333</dst>
            <dst id="STTLng">27270.8613333333</dst>
            <dst id="WASHng">225125.333333333</dst>
        </src>
    </IntraTM>
</TrafficMatrixFile>
