<?xml version="1.0" encoding="ISO-8859-1" standalone="yes"?>
<TrafficMatrixFile xsi:noNamespaceSchemaLocation="http://totem.run.montefiore.ulg.ac.be/Schema/TrafficMatrix-v1_2.xsd" xmlns:xsi="http://www.w3.org/2001/XMLSchema-instance">
    <IntraTM ASID="11537">
        <src id="ATLA-M5">
            <dst id="ATLA-M5">103.042666666667</dst>
            <dst id="ATLAng">527.701333333333</dst>
            <dst id="CHINng">1399.73333333333</dst>
            <dst id="DNVRng">26.6666666666667</dst>
            <dst id="HSTNng">237.906666666667</dst>
            <dst id="IPLSng">320.901333333333</dst>
            <dst id="KSCYng">276.058666666667</dst>
            <dst id="LOSAng">1137.25866666667</dst>
            <dst id="NYCMng">424.861333333333</dst>
            <dst id="SNVAng">263.029333333333</dst>
            <dst id="STTLng">58.9546666666667</dst>
            <dst id="WASHng">861.712</dst>
        </src>
        <src id="ATLAng">
            <dst id="ATLA-M5">1125.14133333333</dst>
            <dst id="ATLAng">32635.432</dst>
            <dst id="CHINng">36146.6853333333</dst>
            <dst id="DNVRng">4039.504</dst>
            <dst id="HSTNng">3579.74933333333</dst>
            <dst id="IPLSng">24654.6293333333</dst>
            <dst id="KSCYng">2116.61333333333</dst>
            <dst id="LOSAng">22214.7586666667</dst>
            <dst id="NYCMng">9569.376</dst>
            <dst id="SNVAng">2078.16933333333</dst>
            <dst id="STTLng">4821.264</dst>
            <dst id="WASHng">42584.9173333333</dst>
        </src>
        <src id="CHINng">
            <dst id="ATLA-M5">2124.79466666667</dst>
            <dst id="ATLAng">45197.2506666667</dst>
            <dst id="CHINng">115006.424</dst>
            <dst id="DNVRng">24462.6666666667</dst>
            <dst id="HSTNng">55544.3386666667</dst>
            <dst id="IPLSng">54911.9493333333</dst>
            <dst id="KSCYng">14287.936</dst>
            <dst id="LOSAng">2036607.38666667</dst>
            <dst id="NYCMng">21418.552</dst>
            <dst id="SNVAng">3119.99466666667</dst>
            <dst id="STTLng">19250.936</dst>
            <dst id="WASHng">26883.504</dst>
        </src>
        <src id="DNVRng">
            <dst id="ATLA-M5">343.938666666667</dst>
            <dst id="ATLAng">11142.7573333333</dst>
            <dst id="CHINng">55945.8186666667</dst>
            <dst id="DNVRng">16597.6053333333</dst>
            <dst id="HSTNng">16587.8986666667</dst>
            <dst id="IPLSng">28541.2026666667</dst>
            <dst id="KSCYng">28892.7973333333</dst>
            <dst id="LOSAng">19253.8773333333</dst>
            <dst id="NYCMng">19210.0053333333</dst>
            <dst id="SNVAng">10791.84</dst>
            <dst id="STTLng">12565.4666666667</dst>
            <dst id="WASHng">52188.8933333333</dst>
        </src>
        <src id="HSTNng">
            <dst id="ATLA-M5">2805.18933333333</dst>
            <dst id="ATLAng">5275.21333333333</dst>
            <dst id="CHINng">21698.1786666667</dst>
            <dst id="DNVRng">5519.21333333333</dst>
            <dst id="HSTNng">5915.54133333333</dst>
            <dst id="IPLSng">6133.84266666667</dst>
            <dst id="KSCYng">2963.94933333333</dst>
            <dst id="LOSAng">6902.88</dst>
            <dst id="NYCMng">7094.512</dst>
            <dst id="SNVAng">996.768</dst>
            <dst id="STTLng">9566.056</dst>
            <dst id="WASHng">6619.84266666667</dst>
        </src>
        <src id="IPLSng">
            <dst id="ATLA-M5">504.64</dst>
            <dst id="ATLAng">17468.624</dst>
            <dst id="CHINng">136830.504</dst>
            <dst id="DNVRng">19998.392</dst>
            <dst id="HSTNng">6210.86133333333</dst>
            <dst id="IPLSng">13538.0826666667</dst>
            <dst id="KSCYng">12416.1893333333</dst>
            <dst id="LOSAng">46102.6506666667</dst>
            <dst id="NYCMng">58355.0346666667</dst>
            <dst id="SNVAng">2873.06666666667</dst>
            <dst id="STTLng">18640.664</dst>
            <dst id="WASHng">34491.3893333333</dst>
        </src>
        <src id="KSCYng">
            <dst id="ATLA-M5">650.805333333333</dst>
            <dst id="ATLAng">2188.49066666667</dst>
            <dst id="CHINng">22760.512</dst>
            <dst id="DNVRng">10324.2613333333</dst>
            <dst id="HSTNng">5290.31733333333</dst>
            <dst id="IPLSng">12354.4986666667</dst>
            <dst id="KSCYng">5365.296</dst>
            <dst id="LOSAng">12441.9093333333</dst>
            <dst id="NYCMng">7928.472</dst>
            <dst id="SNVAng">1029.76266666667</dst>
            <dst id="STTLng">1028.032</dst>
            <dst id="WASHng">13784.6586666667</dst>
        </src>
        <src id="LOSAng">
            <dst id="ATLA-M5">1932.312</dst>
            <dst id="ATLAng">20553.632</dst>
            <dst id="CHINng">1087849.49333333</dst>
            <dst id="DNVRng">11598.7146666667</dst>
            <dst id="HSTNng">15518.4666666667</dst>
            <dst id="IPLSng">39527.1093333333</dst>
            <dst id="KSCYng">12497.624</dst>
            <dst id="LOSAng">9611.848</dst>
            <dst id="NYCMng">111373.952</dst>
            <dst id="SNVAng">12023.2533333333</dst>
            <dst id="STTLng">22845.32</dst>
            <dst id="WASHng">115356.626666667</dst>
        </src>
        <src id="NYCMng">
            <dst id="ATLA-M5">1465.78933333333</dst>
            <dst id="ATLAng">24498.384</dst>
            <dst id="CHINng">56593.0613333333</dst>
            <dst id="DNVRng">40927.392</dst>
            <dst id="HSTNng">16342.3093333333</dst>
            <dst id="IPLSng">70019.08</dst>
            <dst id="KSCYng">23576.3946666667</dst>
            <dst id="LOSAng">92369.4453333334</dst>
            <dst id="NYCMng">248384.405333333</dst>
            <dst id="SNVAng">5966.57866666667</dst>
            <dst id="STTLng">18974.16</dst>
            <dst id="WASHng">141958.050666667</dst>
        </src>
        <src id="SNVAng">
            <dst id="ATLA-M5">424.437333333333</dst>
            <dst id="ATLAng">430.301333333333</dst>
            <dst id="CHINng">2315.22666666667</dst>
            <dst id="DNVRng">5874.98133333333</dst>
            <dst id="HSTNng">1357.848</dst>
            <dst id="IPLSng">1472.38133333333</dst>
            <dst id="KSCYng">712.754666666666</dst>
            <dst id="LOSAng">42753.0346666667</dst>
            <dst id="NYCMng">823.058666666667</dst>
            <dst id="SNVAng">16384.2906666667</dst>
            <dst id="STTLng">56306.7973333333</dst>
            <dst id="WASHng">341.290666666667</dst>
        </src>
        <src id="STTLng">
            <dst id="ATLA-M5">142.192</dst>
            <dst id="ATLAng">9332.27466666667</dst>
            <dst id="CHINng">23257.5813333333</dst>
            <dst id="DNVRng">4020.95466666667</dst>
            <dst id="HSTNng">10591.0373333333</dst>
            <dst id="IPLSng">7759.98666666667</dst>
            <dst id="KSCYng">4766.84533333333</dst>
            <dst id="LOSAng">27837.3893333333</dst>
            <dst id="NYCMng">7668.90133333333</dst>
            <dst id="SNVAng">5575.472</dst>
            <dst id="STTLng">12201.7253333333</dst>
            <dst id="WASHng">12545.1813333333</dst>
        </src>
        <src id="WASHng">
            <dst id="ATLA-M5">3957.408</dst>
            <dst id="ATLAng">110889.074666667</dst>
            <dst id="CHINng">71447.008</dst>
            <dst id="DNVRng">48054.856</dst>
            <dst id="HSTNng">12210.3866666667</dst>
            <dst id="IPLSng">60834.632</dst>
            <dst id="KSCYng">28512.824</dst>
            <dst id="LOSAng">134114.981333333</dst>
            <dst id="NYCMng">176633.253333333</dst>
            <dst id="SNVAng">12816.5653333333</dst>
            <dst id="STTLng">31658.3386666667</dst>
            <dst id="WASHng">218830.36</dst>
        </src>
    </IntraTM>
</TrafficMatrixFile>
