<?xml version="1.0" encoding="ISO-8859-1" standalone="yes"?>
<TrafficMatrixFile xsi:noNamespaceSchemaLocation="http://totem.run.montefiore.ulg.ac.be/Schema/TrafficMatrix-v1_2.xsd" xmlns:xsi="http://www.w3.org/2001/XMLSchema-instance">
    <IntraTM ASID="11537">
        <src id="ATLA-M5">
            <dst id="ATLA-M5">362.122666666667</dst>
            <dst id="ATLAng">233.549333333333</dst>
            <dst id="CHINng">1812.864</dst>
            <dst id="DNVRng">130.624</dst>
            <dst id="HSTNng">81.448</dst>
            <dst id="IPLSng">678.824</dst>
            <dst id="KSCYng">1549.21066666667</dst>
            <dst id="LOSAng">405.216</dst>
            <dst id="NYCMng">475.165333333333</dst>
            <dst id="SNVAng">552.992</dst>
            <dst id="STTLng">26.6666666666667</dst>
            <dst id="WASHng">148.850666666667</dst>
        </src>
        <src id="ATLAng">
            <dst id="ATLA-M5">213.896</dst>
            <dst id="ATLAng">50291.528</dst>
            <dst id="CHINng">27055.6</dst>
            <dst id="DNVRng">5327.28266666667</dst>
            <dst id="HSTNng">2972.65866666667</dst>
            <dst id="IPLSng">27525.6133333333</dst>
            <dst id="KSCYng">3959.86133333333</dst>
            <dst id="LOSAng">22804.348</dst>
            <dst id="NYCMng">17452.9653333333</dst>
            <dst id="SNVAng">721.593333333334</dst>
            <dst id="STTLng">6122.08533333333</dst>
            <dst id="WASHng">32864.6666666667</dst>
        </src>
        <src id="CHINng">
            <dst id="ATLA-M5">1633.96266666667</dst>
            <dst id="ATLAng">36586.784</dst>
            <dst id="CHINng">80049.4133333333</dst>
            <dst id="DNVRng">25607.6026666667</dst>
            <dst id="HSTNng">53983.4533333333</dst>
            <dst id="IPLSng">51499.2693333333</dst>
            <dst id="KSCYng">24163.088</dst>
            <dst id="LOSAng">73362.9893333333</dst>
            <dst id="NYCMng">26205.3146666667</dst>
            <dst id="SNVAng">4661.82666666667</dst>
            <dst id="STTLng">11203.4213333333</dst>
            <dst id="WASHng">30580.9866666667</dst>
        </src>
        <src id="DNVRng">
            <dst id="ATLA-M5">239.461333333333</dst>
            <dst id="ATLAng">4635.064</dst>
            <dst id="CHINng">65196.0213333334</dst>
            <dst id="DNVRng">8053.59733333333</dst>
            <dst id="HSTNng">13718.944</dst>
            <dst id="IPLSng">33048.1813333333</dst>
            <dst id="KSCYng">15132.6106666667</dst>
            <dst id="LOSAng">34199.632</dst>
            <dst id="NYCMng">29163.8853333333</dst>
            <dst id="SNVAng">9950.94666666667</dst>
            <dst id="STTLng">7714.608</dst>
            <dst id="WASHng">50293.3973333333</dst>
        </src>
        <src id="HSTNng">
            <dst id="ATLA-M5">1193.536</dst>
            <dst id="ATLAng">4242.97066666667</dst>
            <dst id="CHINng">17494.7226666667</dst>
            <dst id="DNVRng">4530.82133333333</dst>
            <dst id="HSTNng">6983.95733333333</dst>
            <dst id="IPLSng">5183.06666666667</dst>
            <dst id="KSCYng">5075.65866666667</dst>
            <dst id="LOSAng">10423.288</dst>
            <dst id="NYCMng">5474.69866666667</dst>
            <dst id="SNVAng">1631.776</dst>
            <dst id="STTLng">3787.69866666667</dst>
            <dst id="WASHng">9105.512</dst>
        </src>
        <src id="IPLSng">
            <dst id="ATLA-M5">701.864</dst>
            <dst id="ATLAng">29767.0133333333</dst>
            <dst id="CHINng">98993.9813333333</dst>
            <dst id="DNVRng">20588.9306666667</dst>
            <dst id="HSTNng">5806.65866666667</dst>
            <dst id="IPLSng">25180.9466666667</dst>
            <dst id="KSCYng">14569.408</dst>
            <dst id="LOSAng">43655.88</dst>
            <dst id="NYCMng">47974.24</dst>
            <dst id="SNVAng">5151.09333333333</dst>
            <dst id="STTLng">9052.136</dst>
            <dst id="WASHng">40721.904</dst>
        </src>
        <src id="KSCYng">
            <dst id="ATLA-M5">286.808</dst>
            <dst id="ATLAng">2575.37066666667</dst>
            <dst id="CHINng">29188.4906666667</dst>
            <dst id="DNVRng">21849.1813333333</dst>
            <dst id="HSTNng">4123.112</dst>
            <dst id="IPLSng">16472.6506666667</dst>
            <dst id="KSCYng">8310.26666666667</dst>
            <dst id="LOSAng">6477.14133333333</dst>
            <dst id="NYCMng">5318.70666666667</dst>
            <dst id="SNVAng">600.186666666667</dst>
            <dst id="STTLng">2993.712</dst>
            <dst id="WASHng">18993.3733333333</dst>
        </src>
        <src id="LOSAng">
            <dst id="ATLA-M5">2433.776</dst>
            <dst id="ATLAng">19301.2373333333</dst>
            <dst id="CHINng">98383.952</dst>
            <dst id="DNVRng">22509.7013333333</dst>
            <dst id="HSTNng">8421.81333333333</dst>
            <dst id="IPLSng">55124.8826666667</dst>
            <dst id="KSCYng">13205.4453333333</dst>
            <dst id="LOSAng">16963.2266666667</dst>
            <dst id="NYCMng">68975.8986666667</dst>
            <dst id="SNVAng">9790.416</dst>
            <dst id="STTLng">38221.6506666667</dst>
            <dst id="WASHng">94001.248</dst>
        </src>
        <src id="NYCMng">
            <dst id="ATLA-M5">614.186666666667</dst>
            <dst id="ATLAng">33760.088</dst>
            <dst id="CHINng">65743.4053333333</dst>
            <dst id="DNVRng">34887.968</dst>
            <dst id="HSTNng">18476.5706666667</dst>
            <dst id="IPLSng">69960.7626666667</dst>
            <dst id="KSCYng">18027.4026666667</dst>
            <dst id="LOSAng">82795.6106666667</dst>
            <dst id="NYCMng">176765.672</dst>
            <dst id="SNVAng">3656.80533333333</dst>
            <dst id="STTLng">30752.7893333333</dst>
            <dst id="WASHng">160605.162666667</dst>
        </src>
        <src id="SNVAng">
            <dst id="ATLA-M5">26.6666666666667</dst>
            <dst id="ATLAng">480.173333333333</dst>
            <dst id="CHINng">1419.44533333333</dst>
            <dst id="DNVRng">7090.82933333333</dst>
            <dst id="HSTNng">2232.192</dst>
            <dst id="IPLSng">11335.9413333333</dst>
            <dst id="KSCYng">407.56</dst>
            <dst id="LOSAng">55886.9626666667</dst>
            <dst id="NYCMng">697.557333333333</dst>
            <dst id="SNVAng">22206.176</dst>
            <dst id="STTLng">60328.1066666667</dst>
            <dst id="WASHng">2297.056</dst>
        </src>
        <src id="STTLng">
            <dst id="ATLA-M5">436.024</dst>
            <dst id="ATLAng">7840.24</dst>
            <dst id="CHINng">17228.96</dst>
            <dst id="DNVRng">4223.104</dst>
            <dst id="HSTNng">6468.824</dst>
            <dst id="IPLSng">7400.152</dst>
            <dst id="KSCYng">3857.056</dst>
            <dst id="LOSAng">24420.448</dst>
            <dst id="NYCMng">7561.17066666667</dst>
            <dst id="SNVAng">3439.912</dst>
            <dst id="STTLng">3440.488</dst>
            <dst id="WASHng">10510.248</dst>
        </src>
        <src id="WASHng">
            <dst id="ATLA-M5">2200.76266666667</dst>
            <dst id="ATLAng">83378.0586666667</dst>
            <dst id="CHINng">104450.973333333</dst>
            <dst id="DNVRng">60670.2853333333</dst>
            <dst id="HSTNng">29621.856</dst>
            <dst id="IPLSng">64011.0586666666</dst>
            <dst id="KSCYng">15815.8906666667</dst>
            <dst id="LOSAng">134431.773333333</dst>
            <dst id="NYCMng">138787.050666667</dst>
            <dst id="SNVAng">2521.232</dst>
            <dst id="STTLng">28004.352</dst>
            <dst id="WASHng">224394.818666667</dst>
        </src>
    </IntraTM>
</TrafficMatrixFile>
