<?xml version="1.0" encoding="ISO-8859-1" standalone="yes"?>
<TrafficMatrixFile xsi:noNamespaceSchemaLocation="http://totem.run.montefiore.ulg.ac.be/Schema/TrafficMatrix-v1_2.xsd" xmlns:xsi="http://www.w3.org/2001/XMLSchema-instance">
    <IntraTM ASID="11537">
        <src id="ATLA-M5">
            <dst id="ATLA-M5">26.6666666666667</dst>
            <dst id="ATLAng">134.666666666667</dst>
            <dst id="CHINng">341.184</dst>
            <dst id="DNVRng">0</dst>
            <dst id="HSTNng">124.32</dst>
            <dst id="IPLSng">771.304</dst>
            <dst id="KSCYng">319.797333333333</dst>
            <dst id="LOSAng">1172.91466666667</dst>
            <dst id="NYCMng">562.397333333333</dst>
            <dst id="SNVAng">110.146666666667</dst>
            <dst id="STTLng">53.9093333333333</dst>
            <dst id="WASHng">1472.68</dst>
        </src>
        <src id="ATLAng">
            <dst id="ATLA-M5">1348.52266666667</dst>
            <dst id="ATLAng">54507.5466666667</dst>
            <dst id="CHINng">24289.4106666667</dst>
            <dst id="DNVRng">7178.56533333333</dst>
            <dst id="HSTNng">5358.64</dst>
            <dst id="IPLSng">19245.0106666667</dst>
            <dst id="KSCYng">1904.81866666667</dst>
            <dst id="LOSAng">21773.792</dst>
            <dst id="NYCMng">7070.75733333333</dst>
            <dst id="SNVAng">2110.70666666667</dst>
            <dst id="STTLng">4014.36</dst>
            <dst id="WASHng">32209.0666666667</dst>
        </src>
        <src id="CHINng">
            <dst id="ATLA-M5">1670.6</dst>
            <dst id="ATLAng">19562.52</dst>
            <dst id="CHINng">108809.472</dst>
            <dst id="DNVRng">22020.544</dst>
            <dst id="HSTNng">37874.224</dst>
            <dst id="IPLSng">61017.4373333333</dst>
            <dst id="KSCYng">13377.7626666667</dst>
            <dst id="LOSAng">2000242.66666667</dst>
            <dst id="NYCMng">31438.312</dst>
            <dst id="SNVAng">1863.87733333333</dst>
            <dst id="STTLng">15779.456</dst>
            <dst id="WASHng">29993.9226666667</dst>
        </src>
        <src id="DNVRng">
            <dst id="ATLA-M5">276.912</dst>
            <dst id="ATLAng">5559.81866666667</dst>
            <dst id="CHINng">53586.0373333333</dst>
            <dst id="DNVRng">7350.65333333333</dst>
            <dst id="HSTNng">16979.704</dst>
            <dst id="IPLSng">29337.656</dst>
            <dst id="KSCYng">9961.4</dst>
            <dst id="LOSAng">4804.77066666667</dst>
            <dst id="NYCMng">16835.2906666667</dst>
            <dst id="SNVAng">7082.19466666667</dst>
            <dst id="STTLng">6900.69066666667</dst>
            <dst id="WASHng">45196.6933333333</dst>
        </src>
        <src id="HSTNng">
            <dst id="ATLA-M5">3040.25866666667</dst>
            <dst id="ATLAng">2511.09066666667</dst>
            <dst id="CHINng">19069.5893333333</dst>
            <dst id="DNVRng">4001.01333333333</dst>
            <dst id="HSTNng">9735.88266666667</dst>
            <dst id="IPLSng">9263.584</dst>
            <dst id="KSCYng">5609.736</dst>
            <dst id="LOSAng">6837.73866666667</dst>
            <dst id="NYCMng">5332.72</dst>
            <dst id="SNVAng">1021.472</dst>
            <dst id="STTLng">8104.128</dst>
            <dst id="WASHng">8967.09866666666</dst>
        </src>
        <src id="IPLSng">
            <dst id="ATLA-M5">3196.27733333333</dst>
            <dst id="ATLAng">18142.088</dst>
            <dst id="CHINng">118515.629333333</dst>
            <dst id="DNVRng">13437.92</dst>
            <dst id="HSTNng">6541.36</dst>
            <dst id="IPLSng">16943.1306666667</dst>
            <dst id="KSCYng">7834.22933333333</dst>
            <dst id="LOSAng">47215.9413333333</dst>
            <dst id="NYCMng">41194.2133333333</dst>
            <dst id="SNVAng">1505.41866666667</dst>
            <dst id="STTLng">13710.0053333333</dst>
            <dst id="WASHng">45129.712</dst>
        </src>
        <src id="KSCYng">
            <dst id="ATLA-M5">663.378666666667</dst>
            <dst id="ATLAng">2609.42133333333</dst>
            <dst id="CHINng">18407.592</dst>
            <dst id="DNVRng">11007.8106666667</dst>
            <dst id="HSTNng">4179.024</dst>
            <dst id="IPLSng">8240.82933333333</dst>
            <dst id="KSCYng">6131.88533333333</dst>
            <dst id="LOSAng">5852.53866666666</dst>
            <dst id="NYCMng">7839.60533333334</dst>
            <dst id="SNVAng">1034.81066666667</dst>
            <dst id="STTLng">1281.77333333333</dst>
            <dst id="WASHng">14393.664</dst>
        </src>
        <src id="LOSAng">
            <dst id="ATLA-M5">3290.90133333333</dst>
            <dst id="ATLAng">19891.6053333333</dst>
            <dst id="CHINng">1068008.32</dst>
            <dst id="DNVRng">11434.7093333333</dst>
            <dst id="HSTNng">36082.3386666667</dst>
            <dst id="IPLSng">42013.1546666667</dst>
            <dst id="KSCYng">12640.0826666667</dst>
            <dst id="LOSAng">9790.064</dst>
            <dst id="NYCMng">66366.808</dst>
            <dst id="SNVAng">9508.584</dst>
            <dst id="STTLng">22093.84</dst>
            <dst id="WASHng">91067.1653333334</dst>
        </src>
        <src id="NYCMng">
            <dst id="ATLA-M5">2192.41866666667</dst>
            <dst id="ATLAng">27746.3946666667</dst>
            <dst id="CHINng">46405.912</dst>
            <dst id="DNVRng">36031.6693333333</dst>
            <dst id="HSTNng">19950.944</dst>
            <dst id="IPLSng">67192.9333333333</dst>
            <dst id="KSCYng">32535.864</dst>
            <dst id="LOSAng">76763.848</dst>
            <dst id="NYCMng">197780.832</dst>
            <dst id="SNVAng">3875.01333333333</dst>
            <dst id="STTLng">18127.904</dst>
            <dst id="WASHng">129177.6</dst>
        </src>
        <src id="SNVAng">
            <dst id="ATLA-M5">76.3093333333333</dst>
            <dst id="ATLAng">281.421333333333</dst>
            <dst id="CHINng">789.672</dst>
            <dst id="DNVRng">4853.976</dst>
            <dst id="HSTNng">470.304</dst>
            <dst id="IPLSng">1016.328</dst>
            <dst id="KSCYng">795.2</dst>
            <dst id="LOSAng">36484.648</dst>
            <dst id="NYCMng">899.648</dst>
            <dst id="SNVAng">15523.4213333333</dst>
            <dst id="STTLng">57716.3253333333</dst>
            <dst id="WASHng">578.722666666667</dst>
        </src>
        <src id="STTLng">
            <dst id="ATLA-M5">94.3573333333333</dst>
            <dst id="ATLAng">10225.208</dst>
            <dst id="CHINng">23892.4666666667</dst>
            <dst id="DNVRng">19995.8026666667</dst>
            <dst id="HSTNng">10695.496</dst>
            <dst id="IPLSng">9702.30133333333</dst>
            <dst id="KSCYng">4521.20533333333</dst>
            <dst id="LOSAng">23536.4906666667</dst>
            <dst id="NYCMng">7810.24266666667</dst>
            <dst id="SNVAng">5986.01866666667</dst>
            <dst id="STTLng">10117.232</dst>
            <dst id="WASHng">10794.584</dst>
        </src>
        <src id="WASHng">
            <dst id="ATLA-M5">1351.512</dst>
            <dst id="ATLAng">95806.472</dst>
            <dst id="CHINng">61849.0906666667</dst>
            <dst id="DNVRng">39222.112</dst>
            <dst id="HSTNng">20013.6453333333</dst>
            <dst id="IPLSng">50665.9013333333</dst>
            <dst id="KSCYng">20688.1893333333</dst>
            <dst id="LOSAng">109852.424</dst>
            <dst id="NYCMng">160088.416</dst>
            <dst id="SNVAng">6307.50133333333</dst>
            <dst id="STTLng">23810.6026666667</dst>
            <dst id="WASHng">227356.445333333</dst>
        </src>
    </IntraTM>
</TrafficMatrixFile>
