<?xml version="1.0" encoding="ISO-8859-1" standalone="yes"?>
<TrafficMatrixFile xsi:noNamespaceSchemaLocation="http://totem.run.montefiore.ulg.ac.be/Schema/TrafficMatrix-v1_2.xsd" xmlns:xsi="http://www.w3.org/2001/XMLSchema-instance">
    <IntraTM ASID="11537">
        <src id="ATLA-M5">
            <dst id="ATLA-M5">54.16</dst>
            <dst id="ATLAng">349.898666666667</dst>
            <dst id="CHINng">241.869333333333</dst>
            <dst id="DNVRng">117.554666666667</dst>
            <dst id="HSTNng">182.269333333333</dst>
            <dst id="IPLSng">1523.336</dst>
            <dst id="KSCYng">302.893333333333</dst>
            <dst id="LOSAng">1061.592</dst>
            <dst id="NYCMng">379.706666666667</dst>
            <dst id="SNVAng">0</dst>
            <dst id="STTLng">80</dst>
            <dst id="WASHng">2382.848</dst>
        </src>
        <src id="ATLAng">
            <dst id="ATLA-M5">2447.92</dst>
            <dst id="ATLAng">26013.736</dst>
            <dst id="CHINng">25870.184</dst>
            <dst id="DNVRng">4840.58133333333</dst>
            <dst id="HSTNng">5432.968</dst>
            <dst id="IPLSng">21176.7333333333</dst>
            <dst id="KSCYng">1886.01866666667</dst>
            <dst id="LOSAng">18899.9253333333</dst>
            <dst id="NYCMng">9374.63466666667</dst>
            <dst id="SNVAng">863.386666666667</dst>
            <dst id="STTLng">5483.008</dst>
            <dst id="WASHng">37418.6026666667</dst>
        </src>
        <src id="CHINng">
            <dst id="ATLA-M5">820.882666666667</dst>
            <dst id="ATLAng">15339.4266666667</dst>
            <dst id="CHINng">79943.1146666667</dst>
            <dst id="DNVRng">19339.6666666667</dst>
            <dst id="HSTNng">44593.5733333333</dst>
            <dst id="IPLSng">68092.3546666667</dst>
            <dst id="KSCYng">19427.728</dst>
            <dst id="LOSAng">2060225.65333333</dst>
            <dst id="NYCMng">23678.6133333333</dst>
            <dst id="SNVAng">2638.48266666667</dst>
            <dst id="STTLng">18012.5306666667</dst>
            <dst id="WASHng">31283.5253333333</dst>
        </src>
        <src id="DNVRng">
            <dst id="ATLA-M5">576.842666666667</dst>
            <dst id="ATLAng">6361.01066666667</dst>
            <dst id="CHINng">68810.5973333333</dst>
            <dst id="DNVRng">15987.48</dst>
            <dst id="HSTNng">15849.9786666667</dst>
            <dst id="IPLSng">41317.7653333333</dst>
            <dst id="KSCYng">18216.6613333333</dst>
            <dst id="LOSAng">10720.768</dst>
            <dst id="NYCMng">16866.8453333333</dst>
            <dst id="SNVAng">11619.6373333333</dst>
            <dst id="STTLng">13546.984</dst>
            <dst id="WASHng">46249.792</dst>
        </src>
        <src id="HSTNng">
            <dst id="ATLA-M5">4660.32533333333</dst>
            <dst id="ATLAng">2326.46666666667</dst>
            <dst id="CHINng">13837.1653333333</dst>
            <dst id="DNVRng">1761.632</dst>
            <dst id="HSTNng">6329.57866666667</dst>
            <dst id="IPLSng">5138.32266666667</dst>
            <dst id="KSCYng">3478.14666666667</dst>
            <dst id="LOSAng">4399.736</dst>
            <dst id="NYCMng">3805.648</dst>
            <dst id="SNVAng">723.773333333333</dst>
            <dst id="STTLng">1782.56533333333</dst>
            <dst id="WASHng">5214.416</dst>
        </src>
        <src id="IPLSng">
            <dst id="ATLA-M5">1074.93066666667</dst>
            <dst id="ATLAng">16242.6346666667</dst>
            <dst id="CHINng">110653.202666667</dst>
            <dst id="DNVRng">30051.1813333333</dst>
            <dst id="HSTNng">8900.69066666667</dst>
            <dst id="IPLSng">40226.3573333333</dst>
            <dst id="KSCYng">8897.51733333333</dst>
            <dst id="LOSAng">65168.4053333333</dst>
            <dst id="NYCMng">79350.1893333333</dst>
            <dst id="SNVAng">3266.504</dst>
            <dst id="STTLng">7574.19733333333</dst>
            <dst id="WASHng">38378.248</dst>
        </src>
        <src id="KSCYng">
            <dst id="ATLA-M5">293.194666666667</dst>
            <dst id="ATLAng">2227.91733333333</dst>
            <dst id="CHINng">24677.5333333333</dst>
            <dst id="DNVRng">11981.472</dst>
            <dst id="HSTNng">3873.18133333333</dst>
            <dst id="IPLSng">10897.5573333333</dst>
            <dst id="KSCYng">5498.96</dst>
            <dst id="LOSAng">5490.56533333333</dst>
            <dst id="NYCMng">4025.432</dst>
            <dst id="SNVAng">333.424</dst>
            <dst id="STTLng">1900.72266666667</dst>
            <dst id="WASHng">16205.2613333333</dst>
        </src>
        <src id="LOSAng">
            <dst id="ATLA-M5">2682.824</dst>
            <dst id="ATLAng">18374.3413333333</dst>
            <dst id="CHINng">827626.693333333</dst>
            <dst id="DNVRng">15453.9733333333</dst>
            <dst id="HSTNng">9476.56533333333</dst>
            <dst id="IPLSng">30952.8266666667</dst>
            <dst id="KSCYng">11027.5813333333</dst>
            <dst id="LOSAng">12343.5013333333</dst>
            <dst id="NYCMng">78355.6586666667</dst>
            <dst id="SNVAng">14826.832</dst>
            <dst id="STTLng">20446.7893333333</dst>
            <dst id="WASHng">81296.816</dst>
        </src>
        <src id="NYCMng">
            <dst id="ATLA-M5">2343.87466666667</dst>
            <dst id="ATLAng">21880.952</dst>
            <dst id="CHINng">49189.7573333333</dst>
            <dst id="DNVRng">27862.3546666667</dst>
            <dst id="HSTNng">15828.0853333333</dst>
            <dst id="IPLSng">64344.6773333333</dst>
            <dst id="KSCYng">16461.4453333333</dst>
            <dst id="LOSAng">70330.3493333333</dst>
            <dst id="NYCMng">172614.176</dst>
            <dst id="SNVAng">4169.90933333333</dst>
            <dst id="STTLng">16577.2</dst>
            <dst id="WASHng">142870.514666667</dst>
        </src>
        <src id="SNVAng">
            <dst id="ATLA-M5">394.562666666667</dst>
            <dst id="ATLAng">800.688</dst>
            <dst id="CHINng">998.826666666667</dst>
            <dst id="DNVRng">4918.13866666667</dst>
            <dst id="HSTNng">593.52</dst>
            <dst id="IPLSng">5108.248</dst>
            <dst id="KSCYng">5178.06133333333</dst>
            <dst id="LOSAng">35408.8533333333</dst>
            <dst id="NYCMng">881.605333333333</dst>
            <dst id="SNVAng">21982.616</dst>
            <dst id="STTLng">57670.52</dst>
            <dst id="WASHng">387.373333333333</dst>
        </src>
        <src id="STTLng">
            <dst id="ATLA-M5">887.936</dst>
            <dst id="ATLAng">7990.936</dst>
            <dst id="CHINng">9542.056</dst>
            <dst id="DNVRng">3933.32266666667</dst>
            <dst id="HSTNng">7287.15466666667</dst>
            <dst id="IPLSng">6466.04266666667</dst>
            <dst id="KSCYng">3613.064</dst>
            <dst id="LOSAng">23379.3626666667</dst>
            <dst id="NYCMng">4979.05866666667</dst>
            <dst id="SNVAng">3645.872</dst>
            <dst id="STTLng">4560.51733333333</dst>
            <dst id="WASHng">7511.016</dst>
        </src>
        <src id="WASHng">
            <dst id="ATLA-M5">2249.05066666667</dst>
            <dst id="ATLAng">77951.8026666667</dst>
            <dst id="CHINng">75554.144</dst>
            <dst id="DNVRng">63575.936</dst>
            <dst id="HSTNng">21691.2933333333</dst>
            <dst id="IPLSng">40133.2293333333</dst>
            <dst id="KSCYng">18932.9173333333</dst>
            <dst id="LOSAng">115715.690666667</dst>
            <dst id="NYCMng">158720.68</dst>
            <dst id="SNVAng">5358.904</dst>
            <dst id="STTLng">30595.8106666667</dst>
            <dst id="WASHng">217068.573333333</dst>
        </src>
    </IntraTM>
</TrafficMatrixFile>
