<?xml version="1.0" encoding="ISO-8859-1" standalone="yes"?>
<TrafficMatrixFile xsi:noNamespaceSchemaLocation="http://totem.run.montefiore.ulg.ac.be/Schema/TrafficMatrix-v1_2.xsd" xmlns:xsi="http://www.w3.org/2001/XMLSchema-instance">
    <IntraTM ASID="11537">
        <src id="ATLA-M5">
            <dst id="ATLA-M5">1940.23466666667</dst>
            <dst id="ATLAng">173.856</dst>
            <dst id="CHINng">899.938666666667</dst>
            <dst id="DNVRng">55.8506666666667</dst>
            <dst id="HSTNng">53.3333333333333</dst>
            <dst id="IPLSng">1556.66933333333</dst>
            <dst id="KSCYng">26.6666666666667</dst>
            <dst id="LOSAng">110.973333333333</dst>
            <dst id="NYCMng">133.333333333333</dst>
            <dst id="SNVAng">0</dst>
            <dst id="STTLng">53.3333333333333</dst>
            <dst id="WASHng">526.752</dst>
        </src>
        <src id="ATLAng">
            <dst id="ATLA-M5">225.738666666667</dst>
            <dst id="ATLAng">32103.0506666667</dst>
            <dst id="CHINng">13375.2266666667</dst>
            <dst id="DNVRng">2875.968</dst>
            <dst id="HSTNng">1735.64</dst>
            <dst id="IPLSng">13571.3253333333</dst>
            <dst id="KSCYng">2050.256</dst>
            <dst id="LOSAng">16221.2346666667</dst>
            <dst id="NYCMng">8393.872</dst>
            <dst id="SNVAng">518.738666666667</dst>
            <dst id="STTLng">5187.41866666667</dst>
            <dst id="WASHng">32690.7013333333</dst>
        </src>
        <src id="CHINng">
            <dst id="ATLA-M5">1074.79466666667</dst>
            <dst id="ATLAng">14732.2</dst>
            <dst id="CHINng">116107.341333333</dst>
            <dst id="DNVRng">15260.8</dst>
            <dst id="HSTNng">45853.016</dst>
            <dst id="IPLSng">40058.128</dst>
            <dst id="KSCYng">14151.5813333333</dst>
            <dst id="LOSAng">39982.008</dst>
            <dst id="NYCMng">18820.848</dst>
            <dst id="SNVAng">1689.768</dst>
            <dst id="STTLng">11677.3813333333</dst>
            <dst id="WASHng">21870.616</dst>
        </src>
        <src id="DNVRng">
            <dst id="ATLA-M5">179.517333333333</dst>
            <dst id="ATLAng">4742.08266666667</dst>
            <dst id="CHINng">68730.1013333333</dst>
            <dst id="DNVRng">11562.8826666667</dst>
            <dst id="HSTNng">10655.2773333333</dst>
            <dst id="IPLSng">28685.4346666667</dst>
            <dst id="KSCYng">17577.344</dst>
            <dst id="LOSAng">4068.13866666667</dst>
            <dst id="NYCMng">16884.9786666667</dst>
            <dst id="SNVAng">13685.128</dst>
            <dst id="STTLng">9426.45066666667</dst>
            <dst id="WASHng">42640.592</dst>
        </src>
        <src id="HSTNng">
            <dst id="ATLA-M5">708.317333333334</dst>
            <dst id="ATLAng">796.922666666667</dst>
            <dst id="CHINng">27573.9306666667</dst>
            <dst id="DNVRng">1762.49866666667</dst>
            <dst id="HSTNng">7880.096</dst>
            <dst id="IPLSng">1769.904</dst>
            <dst id="KSCYng">1485.63466666667</dst>
            <dst id="LOSAng">3269.30133333333</dst>
            <dst id="NYCMng">2666.87466666667</dst>
            <dst id="SNVAng">848.133333333333</dst>
            <dst id="STTLng">2589.20266666667</dst>
            <dst id="WASHng">6396.16533333333</dst>
        </src>
        <src id="IPLSng">
            <dst id="ATLA-M5">740.232</dst>
            <dst id="ATLAng">17389.5786666667</dst>
            <dst id="CHINng">80017.8666666667</dst>
            <dst id="DNVRng">17915.5893333333</dst>
            <dst id="HSTNng">2278.31466666667</dst>
            <dst id="IPLSng">8844.56266666667</dst>
            <dst id="KSCYng">11083.912</dst>
            <dst id="LOSAng">19482.816</dst>
            <dst id="NYCMng">51858.912</dst>
            <dst id="SNVAng">1402.41066666667</dst>
            <dst id="STTLng">7963.99733333333</dst>
            <dst id="WASHng">22743.5786666667</dst>
        </src>
        <src id="KSCYng">
            <dst id="ATLA-M5">26.6666666666667</dst>
            <dst id="ATLAng">2421.74666666667</dst>
            <dst id="CHINng">24556.592</dst>
            <dst id="DNVRng">15993.08</dst>
            <dst id="HSTNng">3027.128</dst>
            <dst id="IPLSng">17985.7706666667</dst>
            <dst id="KSCYng">7399.72266666667</dst>
            <dst id="LOSAng">6601.424</dst>
            <dst id="NYCMng">3411.888</dst>
            <dst id="SNVAng">1196.28266666667</dst>
            <dst id="STTLng">1452.75466666667</dst>
            <dst id="WASHng">9990.06933333333</dst>
        </src>
        <src id="LOSAng">
            <dst id="ATLA-M5">2447.54666666667</dst>
            <dst id="ATLAng">22019.6346666667</dst>
            <dst id="CHINng">78597.696</dst>
            <dst id="DNVRng">5127.21866666667</dst>
            <dst id="HSTNng">4376.34133333333</dst>
            <dst id="IPLSng">22837.968</dst>
            <dst id="KSCYng">8101.77333333333</dst>
            <dst id="LOSAng">10523.7493333333</dst>
            <dst id="NYCMng">61400.2133333333</dst>
            <dst id="SNVAng">7009.59733333333</dst>
            <dst id="STTLng">15312.5866666667</dst>
            <dst id="WASHng">123224.568</dst>
        </src>
        <src id="NYCMng">
            <dst id="ATLA-M5">1901.43466666667</dst>
            <dst id="ATLAng">34140.864</dst>
            <dst id="CHINng">50041.3493333333</dst>
            <dst id="DNVRng">37278.248</dst>
            <dst id="HSTNng">8506.81333333333</dst>
            <dst id="IPLSng">40782.2906666667</dst>
            <dst id="KSCYng">12948.72</dst>
            <dst id="LOSAng">49140.5093333333</dst>
            <dst id="NYCMng">131785.704</dst>
            <dst id="SNVAng">1457.784</dst>
            <dst id="STTLng">23567.8426666667</dst>
            <dst id="WASHng">114560.242666667</dst>
        </src>
        <src id="SNVAng">
            <dst id="ATLA-M5">0</dst>
            <dst id="ATLAng">195.082666666667</dst>
            <dst id="CHINng">1339.43733333333</dst>
            <dst id="DNVRng">13775.008</dst>
            <dst id="HSTNng">104.621333333333</dst>
            <dst id="IPLSng">332.749333333333</dst>
            <dst id="KSCYng">0</dst>
            <dst id="LOSAng">34847.472</dst>
            <dst id="NYCMng">614.072</dst>
            <dst id="SNVAng">12048.5413333333</dst>
            <dst id="STTLng">54412.9866666667</dst>
            <dst id="WASHng">74.112</dst>
        </src>
        <src id="STTLng">
            <dst id="ATLA-M5">106.666666666667</dst>
            <dst id="ATLAng">7388.76</dst>
            <dst id="CHINng">14453.9253333333</dst>
            <dst id="DNVRng">1622.98133333333</dst>
            <dst id="HSTNng">6544.32266666667</dst>
            <dst id="IPLSng">4546.184</dst>
            <dst id="KSCYng">4122</dst>
            <dst id="LOSAng">11608.7093333333</dst>
            <dst id="NYCMng">6968.83733333333</dst>
            <dst id="SNVAng">3571.45333333333</dst>
            <dst id="STTLng">5626.54133333333</dst>
            <dst id="WASHng">5084.97333333333</dst>
        </src>
        <src id="WASHng">
            <dst id="ATLA-M5">1399.49333333333</dst>
            <dst id="ATLAng">91284.024</dst>
            <dst id="CHINng">70166.8853333333</dst>
            <dst id="DNVRng">49607.232</dst>
            <dst id="HSTNng">24067.1333333333</dst>
            <dst id="IPLSng">44883.056</dst>
            <dst id="KSCYng">12907.8933333333</dst>
            <dst id="LOSAng">98464.4986666667</dst>
            <dst id="NYCMng">139527.242666667</dst>
            <dst id="SNVAng">5655.61066666666</dst>
            <dst id="STTLng">27539.8533333333</dst>
            <dst id="WASHng">226042.085333333</dst>
        </src>
    </IntraTM>
</TrafficMatrixFile>
