<?xml version="1.0" encoding="ISO-8859-1" standalone="yes"?>
<TrafficMatrixFile xsi:noNamespaceSchemaLocation="http://totem.run.montefiore.ulg.ac.be/Schema/TrafficMatrix-v1_2.xsd" xmlns:xsi="http://www.w3.org/2001/XMLSchema-instance">
    <IntraTM ASID="11537">
        <src id="ATLA-M5">
            <dst id="ATLA-M5">706.133333333333</dst>
            <dst id="ATLAng">26.6666666666667</dst>
            <dst id="CHINng">1059.56533333333</dst>
            <dst id="DNVRng">926.765333333333</dst>
            <dst id="HSTNng">176.938666666667</dst>
            <dst id="IPLSng">697.128</dst>
            <dst id="KSCYng">235.208</dst>
            <dst id="LOSAng">304.226666666667</dst>
            <dst id="NYCMng">187.896</dst>
            <dst id="SNVAng">202.269333333333</dst>
            <dst id="STTLng">334.437333333333</dst>
            <dst id="WASHng">1558.22933333333</dst>
        </src>
        <src id="ATLAng">
            <dst id="ATLA-M5">249.264</dst>
            <dst id="ATLAng">62416.44</dst>
            <dst id="CHINng">15603.872</dst>
            <dst id="DNVRng">5334.55733333333</dst>
            <dst id="HSTNng">6359.42666666667</dst>
            <dst id="IPLSng">18888.008</dst>
            <dst id="KSCYng">2472.87466666667</dst>
            <dst id="LOSAng">21251.6746666667</dst>
            <dst id="NYCMng">9743.81333333333</dst>
            <dst id="SNVAng">214.221333333333</dst>
            <dst id="STTLng">6129.00533333333</dst>
            <dst id="WASHng">31557.5706666667</dst>
        </src>
        <src id="CHINng">
            <dst id="ATLA-M5">2431.696</dst>
            <dst id="ATLAng">25217.0266666667</dst>
            <dst id="CHINng">132088.36</dst>
            <dst id="DNVRng">37425.096</dst>
            <dst id="HSTNng">53486.848</dst>
            <dst id="IPLSng">79012.96</dst>
            <dst id="KSCYng">13898.4773333333</dst>
            <dst id="LOSAng">2045510.82666667</dst>
            <dst id="NYCMng">37943.864</dst>
            <dst id="SNVAng">3562.47733333333</dst>
            <dst id="STTLng">14149.6293333333</dst>
            <dst id="WASHng">39453.0186666667</dst>
        </src>
        <src id="DNVRng">
            <dst id="ATLA-M5">280.477333333333</dst>
            <dst id="ATLAng">6129.11733333333</dst>
            <dst id="CHINng">63859.544</dst>
            <dst id="DNVRng">14965.528</dst>
            <dst id="HSTNng">13354.632</dst>
            <dst id="IPLSng">38526.0853333333</dst>
            <dst id="KSCYng">18916.7653333333</dst>
            <dst id="LOSAng">32260.5386666667</dst>
            <dst id="NYCMng">14909.5066666667</dst>
            <dst id="SNVAng">10412.352</dst>
            <dst id="STTLng">10690.8346666667</dst>
            <dst id="WASHng">45068.2533333333</dst>
        </src>
        <src id="HSTNng">
            <dst id="ATLA-M5">324.309333333333</dst>
            <dst id="ATLAng">5393.272</dst>
            <dst id="CHINng">26706.4453333333</dst>
            <dst id="DNVRng">5218.17066666667</dst>
            <dst id="HSTNng">7986.87733333333</dst>
            <dst id="IPLSng">8434.576</dst>
            <dst id="KSCYng">3949.368</dst>
            <dst id="LOSAng">7860.13066666667</dst>
            <dst id="NYCMng">8762.872</dst>
            <dst id="SNVAng">2177.544</dst>
            <dst id="STTLng">3701.52266666667</dst>
            <dst id="WASHng">16577.7546666667</dst>
        </src>
        <src id="IPLSng">
            <dst id="ATLA-M5">457.709333333333</dst>
            <dst id="ATLAng">17741.6</dst>
            <dst id="CHINng">129568.856</dst>
            <dst id="DNVRng">24092.04</dst>
            <dst id="HSTNng">7276.21066666667</dst>
            <dst id="IPLSng">28702.7813333333</dst>
            <dst id="KSCYng">8958.72266666667</dst>
            <dst id="LOSAng">49049.2213333333</dst>
            <dst id="NYCMng">60298.2373333333</dst>
            <dst id="SNVAng">3402.84</dst>
            <dst id="STTLng">14051.6933333333</dst>
            <dst id="WASHng">45807.5306666667</dst>
        </src>
        <src id="KSCYng">
            <dst id="ATLA-M5">108.92</dst>
            <dst id="ATLAng">3796.92</dst>
            <dst id="CHINng">30733.8746666667</dst>
            <dst id="DNVRng">9837.16533333333</dst>
            <dst id="HSTNng">4309.08533333333</dst>
            <dst id="IPLSng">14143.96</dst>
            <dst id="KSCYng">9451.632</dst>
            <dst id="LOSAng">10226.5466666667</dst>
            <dst id="NYCMng">9774.856</dst>
            <dst id="SNVAng">707.282666666667</dst>
            <dst id="STTLng">750.202666666667</dst>
            <dst id="WASHng">14478.5653333333</dst>
        </src>
        <src id="LOSAng">
            <dst id="ATLA-M5">2376.08</dst>
            <dst id="ATLAng">20195.7733333333</dst>
            <dst id="CHINng">1111887.2</dst>
            <dst id="DNVRng">20040.864</dst>
            <dst id="HSTNng">15437.736</dst>
            <dst id="IPLSng">42105.504</dst>
            <dst id="KSCYng">13299.4506666667</dst>
            <dst id="LOSAng">11954.6613333333</dst>
            <dst id="NYCMng">71334.7973333333</dst>
            <dst id="SNVAng">12453.3573333333</dst>
            <dst id="STTLng">31079.968</dst>
            <dst id="WASHng">108228.928</dst>
        </src>
        <src id="NYCMng">
            <dst id="ATLA-M5">1960.10933333333</dst>
            <dst id="ATLAng">28385.4906666667</dst>
            <dst id="CHINng">55865.9146666667</dst>
            <dst id="DNVRng">41036.6506666667</dst>
            <dst id="HSTNng">19745.464</dst>
            <dst id="IPLSng">66070.9173333333</dst>
            <dst id="KSCYng">17951.1813333333</dst>
            <dst id="LOSAng">77544.76</dst>
            <dst id="NYCMng">222507.701333333</dst>
            <dst id="SNVAng">8675.784</dst>
            <dst id="STTLng">19403.664</dst>
            <dst id="WASHng">135889.861333333</dst>
        </src>
        <src id="SNVAng">
            <dst id="ATLA-M5">271.330666666667</dst>
            <dst id="ATLAng">310.349333333333</dst>
            <dst id="CHINng">2552.24533333333</dst>
            <dst id="DNVRng">9672.46933333333</dst>
            <dst id="HSTNng">2580.464</dst>
            <dst id="IPLSng">11508.3786666667</dst>
            <dst id="KSCYng">1485.552</dst>
            <dst id="LOSAng">32233.7173333333</dst>
            <dst id="NYCMng">642.904</dst>
            <dst id="SNVAng">13786.2933333333</dst>
            <dst id="STTLng">50944.8506666667</dst>
            <dst id="WASHng">344.125333333333</dst>
        </src>
        <src id="STTLng">
            <dst id="ATLA-M5">390.698666666667</dst>
            <dst id="ATLAng">9601.536</dst>
            <dst id="CHINng">19668.408</dst>
            <dst id="DNVRng">8659.992</dst>
            <dst id="HSTNng">13162.624</dst>
            <dst id="IPLSng">11539.5306666667</dst>
            <dst id="KSCYng">11038.8453333333</dst>
            <dst id="LOSAng">22445.1786666667</dst>
            <dst id="NYCMng">7136.344</dst>
            <dst id="SNVAng">7896.888</dst>
            <dst id="STTLng">4505.85333333333</dst>
            <dst id="WASHng">15962.8186666667</dst>
        </src>
        <src id="WASHng">
            <dst id="ATLA-M5">2032.28266666667</dst>
            <dst id="ATLAng">80793.44</dst>
            <dst id="CHINng">84683.0986666667</dst>
            <dst id="DNVRng">51881.8213333333</dst>
            <dst id="HSTNng">24800.24</dst>
            <dst id="IPLSng">66364.8853333333</dst>
            <dst id="KSCYng">18122.7546666667</dst>
            <dst id="LOSAng">113053.32</dst>
            <dst id="NYCMng">172255.450666667</dst>
            <dst id="SNVAng">1923.70933333333</dst>
            <dst id="STTLng">36467.608</dst>
            <dst id="WASHng">228439.330666667</dst>
        </src>
    </IntraTM>
</TrafficMatrixFile>
