<?xml version="1.0" encoding="ISO-8859-1" standalone="yes"?>
<TrafficMatrixFile xsi:noNamespaceSchemaLocation="http://totem.run.montefiore.ulg.ac.be/Schema/TrafficMatrix-v1_2.xsd" xmlns:xsi="http://www.w3.org/2001/XMLSchema-instance">
    <IntraTM ASID="11537">
        <src id="ATLA-M5">
            <dst id="ATLA-M5">57.96</dst>
            <dst id="ATLAng">124</dst>
            <dst id="CHINng">105.402666666667</dst>
            <dst id="DNVRng">0</dst>
            <dst id="HSTNng">179.957333333333</dst>
            <dst id="IPLSng">542.192</dst>
            <dst id="KSCYng">222.944</dst>
            <dst id="LOSAng">53.3333333333333</dst>
            <dst id="NYCMng">53.3333333333333</dst>
            <dst id="SNVAng">0</dst>
            <dst id="STTLng">227.685333333333</dst>
            <dst id="WASHng">248.658666666667</dst>
        </src>
        <src id="ATLAng">
            <dst id="ATLA-M5">1150.512</dst>
            <dst id="ATLAng">26917.4906666667</dst>
            <dst id="CHINng">14153.8453333333</dst>
            <dst id="DNVRng">7991.17333333333</dst>
            <dst id="HSTNng">5096.16266666667</dst>
            <dst id="IPLSng">12392.432</dst>
            <dst id="KSCYng">767.109333333334</dst>
            <dst id="LOSAng">17543.5013333333</dst>
            <dst id="NYCMng">3200.584</dst>
            <dst id="SNVAng">295.506666666667</dst>
            <dst id="STTLng">3891.33866666667</dst>
            <dst id="WASHng">34698.4506666667</dst>
        </src>
        <src id="CHINng">
            <dst id="ATLA-M5">455.024</dst>
            <dst id="ATLAng">9779.448</dst>
            <dst id="CHINng">109445.786666667</dst>
            <dst id="DNVRng">8726.688</dst>
            <dst id="HSTNng">51036.6106666667</dst>
            <dst id="IPLSng">37923.6693333333</dst>
            <dst id="KSCYng">9136.62666666667</dst>
            <dst id="LOSAng">57212.9226666667</dst>
            <dst id="NYCMng">14597.8106666667</dst>
            <dst id="SNVAng">3714.472</dst>
            <dst id="STTLng">9849.32533333333</dst>
            <dst id="WASHng">24209.36</dst>
        </src>
        <src id="DNVRng">
            <dst id="ATLA-M5">53.3333333333333</dst>
            <dst id="ATLAng">3958.17333333333</dst>
            <dst id="CHINng">80120.696</dst>
            <dst id="DNVRng">2336.80533333333</dst>
            <dst id="HSTNng">10486.8506666667</dst>
            <dst id="IPLSng">23505.8266666667</dst>
            <dst id="KSCYng">7502.58133333333</dst>
            <dst id="LOSAng">2317.952</dst>
            <dst id="NYCMng">16477.9653333333</dst>
            <dst id="SNVAng">4320.072</dst>
            <dst id="STTLng">12856.9173333333</dst>
            <dst id="WASHng">35405.1626666667</dst>
        </src>
        <src id="HSTNng">
            <dst id="ATLA-M5">5003.50666666667</dst>
            <dst id="ATLAng">2220.336</dst>
            <dst id="CHINng">16852.4053333333</dst>
            <dst id="DNVRng">2395.75466666667</dst>
            <dst id="HSTNng">5085.256</dst>
            <dst id="IPLSng">3309.59733333333</dst>
            <dst id="KSCYng">1792.13333333333</dst>
            <dst id="LOSAng">3413.44533333333</dst>
            <dst id="NYCMng">4490.88</dst>
            <dst id="SNVAng">1185.12266666667</dst>
            <dst id="STTLng">1891.93066666667</dst>
            <dst id="WASHng">3704.46133333333</dst>
        </src>
        <src id="IPLSng">
            <dst id="ATLA-M5">468.090666666667</dst>
            <dst id="ATLAng">11820.2906666667</dst>
            <dst id="CHINng">89520.5573333333</dst>
            <dst id="DNVRng">5821.52533333333</dst>
            <dst id="HSTNng">4461.87733333333</dst>
            <dst id="IPLSng">11522.4293333333</dst>
            <dst id="KSCYng">6357.096</dst>
            <dst id="LOSAng">47733.496</dst>
            <dst id="NYCMng">31882.912</dst>
            <dst id="SNVAng">4964.21333333333</dst>
            <dst id="STTLng">17376.4266666667</dst>
            <dst id="WASHng">25293.896</dst>
        </src>
        <src id="KSCYng">
            <dst id="ATLA-M5">233.005333333333</dst>
            <dst id="ATLAng">1711.912</dst>
            <dst id="CHINng">18930.1146666667</dst>
            <dst id="DNVRng">8514.52533333333</dst>
            <dst id="HSTNng">9054.744</dst>
            <dst id="IPLSng">6829.74666666667</dst>
            <dst id="KSCYng">9147.82933333333</dst>
            <dst id="LOSAng">3846.90133333333</dst>
            <dst id="NYCMng">3668.28</dst>
            <dst id="SNVAng">103.554666666667</dst>
            <dst id="STTLng">3937.032</dst>
            <dst id="WASHng">18413.2666666667</dst>
        </src>
        <src id="LOSAng">
            <dst id="ATLA-M5">508.968</dst>
            <dst id="ATLAng">8878.664</dst>
            <dst id="CHINng">76508.5333333333</dst>
            <dst id="DNVRng">4637.34133333333</dst>
            <dst id="HSTNng">12186.1946666667</dst>
            <dst id="IPLSng">16215.8</dst>
            <dst id="KSCYng">8598.976</dst>
            <dst id="LOSAng">17977.3413333333</dst>
            <dst id="NYCMng">39661.6053333333</dst>
            <dst id="SNVAng">5783.704</dst>
            <dst id="STTLng">20515.6426666667</dst>
            <dst id="WASHng">73358.0773333333</dst>
        </src>
        <src id="NYCMng">
            <dst id="ATLA-M5">1056.34133333333</dst>
            <dst id="ATLAng">8339.89066666667</dst>
            <dst id="CHINng">45776.784</dst>
            <dst id="DNVRng">29009.3013333333</dst>
            <dst id="HSTNng">9565.04</dst>
            <dst id="IPLSng">24365.0853333333</dst>
            <dst id="KSCYng">8611.61066666667</dst>
            <dst id="LOSAng">58686.4746666667</dst>
            <dst id="NYCMng">117583.093333333</dst>
            <dst id="SNVAng">6859.41866666667</dst>
            <dst id="STTLng">22197.7386666667</dst>
            <dst id="WASHng">70147.9866666667</dst>
        </src>
        <src id="SNVAng">
            <dst id="ATLA-M5">170.165333333333</dst>
            <dst id="ATLAng">26.6666666666667</dst>
            <dst id="CHINng">1344.93333333333</dst>
            <dst id="DNVRng">5109.376</dst>
            <dst id="HSTNng">86.976</dst>
            <dst id="IPLSng">212.909333333333</dst>
            <dst id="KSCYng">0</dst>
            <dst id="LOSAng">34598.9013333333</dst>
            <dst id="NYCMng">450.114666666667</dst>
            <dst id="SNVAng">12808.0133333333</dst>
            <dst id="STTLng">50596.696</dst>
            <dst id="WASHng">91.0293333333333</dst>
        </src>
        <src id="STTLng">
            <dst id="ATLA-M5">594.2</dst>
            <dst id="ATLAng">5027.23466666667</dst>
            <dst id="CHINng">13203.5493333333</dst>
            <dst id="DNVRng">3550.712</dst>
            <dst id="HSTNng">4288.256</dst>
            <dst id="IPLSng">3752.22933333333</dst>
            <dst id="KSCYng">8978.17866666667</dst>
            <dst id="LOSAng">18436.7706666667</dst>
            <dst id="NYCMng">6961.66133333333</dst>
            <dst id="SNVAng">4061.33066666667</dst>
            <dst id="STTLng">697.432</dst>
            <dst id="WASHng">10564.76</dst>
        </src>
        <src id="WASHng">
            <dst id="ATLA-M5">960.552</dst>
            <dst id="ATLAng">70804.8693333333</dst>
            <dst id="CHINng">61625.08</dst>
            <dst id="DNVRng">45573.872</dst>
            <dst id="HSTNng">4671.70133333333</dst>
            <dst id="IPLSng">56305.48</dst>
            <dst id="KSCYng">8424.568</dst>
            <dst id="LOSAng">86220.2693333333</dst>
            <dst id="NYCMng">162177.757333333</dst>
            <dst id="SNVAng">4602.32533333333</dst>
            <dst id="STTLng">30361.392</dst>
            <dst id="WASHng">181944.112</dst>
        </src>
    </IntraTM>
</TrafficMatrixFile>
