<?xml version="1.0" encoding="ISO-8859-1" standalone="yes"?>
<TrafficMatrixFile xsi:noNamespaceSchemaLocation="http://totem.run.montefiore.ulg.ac.be/Schema/TrafficMatrix-v1_2.xsd" xmlns:xsi="http://www.w3.org/2001/XMLSchema-instance">
    <IntraTM ASID="11537">
        <src id="ATLA-M5">
            <dst id="ATLA-M5">53.3466666666667</dst>
            <dst id="ATLAng">219.597333333333</dst>
            <dst id="CHINng">1012.624</dst>
            <dst id="DNVRng">103.466666666667</dst>
            <dst id="HSTNng">148.885333333333</dst>
            <dst id="IPLSng">3377.52533333333</dst>
            <dst id="KSCYng">1637.48533333333</dst>
            <dst id="LOSAng">1162.26133333333</dst>
            <dst id="NYCMng">256.578666666667</dst>
            <dst id="SNVAng">0</dst>
            <dst id="STTLng">257.693333333333</dst>
            <dst id="WASHng">772.306666666667</dst>
        </src>
        <src id="ATLAng">
            <dst id="ATLA-M5">502.421333333333</dst>
            <dst id="ATLAng">23397.9146666667</dst>
            <dst id="CHINng">29331.4613333333</dst>
            <dst id="DNVRng">6987.91466666667</dst>
            <dst id="HSTNng">4640.46933333333</dst>
            <dst id="IPLSng">22448.2266666667</dst>
            <dst id="KSCYng">9637.47466666667</dst>
            <dst id="LOSAng">19781.0826666667</dst>
            <dst id="NYCMng">13980.5573333333</dst>
            <dst id="SNVAng">678.008</dst>
            <dst id="STTLng">6599.712</dst>
            <dst id="WASHng">34070.1813333333</dst>
        </src>
        <src id="CHINng">
            <dst id="ATLA-M5">1282.42933333333</dst>
            <dst id="ATLAng">44201.216</dst>
            <dst id="CHINng">93706.392</dst>
            <dst id="DNVRng">31861.016</dst>
            <dst id="HSTNng">48566.4026666667</dst>
            <dst id="IPLSng">53063.3093333334</dst>
            <dst id="KSCYng">20238.1946666667</dst>
            <dst id="LOSAng">73590.8906666667</dst>
            <dst id="NYCMng">22545.968</dst>
            <dst id="SNVAng">7803.46666666667</dst>
            <dst id="STTLng">14285.5546666667</dst>
            <dst id="WASHng">39568.1706666667</dst>
        </src>
        <src id="DNVRng">
            <dst id="ATLA-M5">262.317333333333</dst>
            <dst id="ATLAng">4785.032</dst>
            <dst id="CHINng">72522.496</dst>
            <dst id="DNVRng">18779.424</dst>
            <dst id="HSTNng">15247.2453333333</dst>
            <dst id="IPLSng">33070.3173333333</dst>
            <dst id="KSCYng">21082.368</dst>
            <dst id="LOSAng">7168.82666666667</dst>
            <dst id="NYCMng">17722.552</dst>
            <dst id="SNVAng">15617.856</dst>
            <dst id="STTLng">15025.7733333333</dst>
            <dst id="WASHng">63369.296</dst>
        </src>
        <src id="HSTNng">
            <dst id="ATLA-M5">778.792</dst>
            <dst id="ATLAng">4029.30133333333</dst>
            <dst id="CHINng">19671.1946666667</dst>
            <dst id="DNVRng">2845.49066666667</dst>
            <dst id="HSTNng">7251.664</dst>
            <dst id="IPLSng">7102.81866666667</dst>
            <dst id="KSCYng">4360.83733333333</dst>
            <dst id="LOSAng">11383.7333333333</dst>
            <dst id="NYCMng">6489.29066666667</dst>
            <dst id="SNVAng">493.808</dst>
            <dst id="STTLng">1839.33066666667</dst>
            <dst id="WASHng">7753.34666666667</dst>
        </src>
        <src id="IPLSng">
            <dst id="ATLA-M5">1520.24533333333</dst>
            <dst id="ATLAng">31283.4586666667</dst>
            <dst id="CHINng">95916.5973333334</dst>
            <dst id="DNVRng">12170.5093333333</dst>
            <dst id="HSTNng">7809.22133333333</dst>
            <dst id="IPLSng">18913.712</dst>
            <dst id="KSCYng">10829.5946666667</dst>
            <dst id="LOSAng">36982.2666666667</dst>
            <dst id="NYCMng">60254.5413333333</dst>
            <dst id="SNVAng">4096.93066666667</dst>
            <dst id="STTLng">10855.96</dst>
            <dst id="WASHng">37493.792</dst>
        </src>
        <src id="KSCYng">
            <dst id="ATLA-M5">764.021333333333</dst>
            <dst id="ATLAng">2789.73333333333</dst>
            <dst id="CHINng">28952.9546666667</dst>
            <dst id="DNVRng">19723.168</dst>
            <dst id="HSTNng">4123.81333333333</dst>
            <dst id="IPLSng">18567.7146666667</dst>
            <dst id="KSCYng">14326.4853333333</dst>
            <dst id="LOSAng">5980.13333333333</dst>
            <dst id="NYCMng">6778.248</dst>
            <dst id="SNVAng">596.528</dst>
            <dst id="STTLng">2135.94133333333</dst>
            <dst id="WASHng">21888.672</dst>
        </src>
        <src id="LOSAng">
            <dst id="ATLA-M5">1595.40266666667</dst>
            <dst id="ATLAng">16142.2986666667</dst>
            <dst id="CHINng">79135.5333333333</dst>
            <dst id="DNVRng">14151.0826666667</dst>
            <dst id="HSTNng">9303.67466666667</dst>
            <dst id="IPLSng">43456.1386666667</dst>
            <dst id="KSCYng">13358.416</dst>
            <dst id="LOSAng">13256.984</dst>
            <dst id="NYCMng">56525.2986666667</dst>
            <dst id="SNVAng">9885.02133333333</dst>
            <dst id="STTLng">22844.856</dst>
            <dst id="WASHng">96999.3973333333</dst>
        </src>
        <src id="NYCMng">
            <dst id="ATLA-M5">4555.18666666667</dst>
            <dst id="ATLAng">34111.6906666667</dst>
            <dst id="CHINng">59115.9173333333</dst>
            <dst id="DNVRng">33713.2506666667</dst>
            <dst id="HSTNng">20867.224</dst>
            <dst id="IPLSng">68480.7066666667</dst>
            <dst id="KSCYng">24796.5626666667</dst>
            <dst id="LOSAng">71670.9093333333</dst>
            <dst id="NYCMng">184341.192</dst>
            <dst id="SNVAng">3900.056</dst>
            <dst id="STTLng">25248.7226666667</dst>
            <dst id="WASHng">148229.584</dst>
        </src>
        <src id="SNVAng">
            <dst id="ATLA-M5">61.8746666666667</dst>
            <dst id="ATLAng">147.496</dst>
            <dst id="CHINng">1514.632</dst>
            <dst id="DNVRng">14688.0266666667</dst>
            <dst id="HSTNng">278.642666666667</dst>
            <dst id="IPLSng">1531.776</dst>
            <dst id="KSCYng">121.264</dst>
            <dst id="LOSAng">50149.4773333333</dst>
            <dst id="NYCMng">797.922666666667</dst>
            <dst id="SNVAng">22084.576</dst>
            <dst id="STTLng">68179.2506666667</dst>
            <dst id="WASHng">1301.84</dst>
        </src>
        <src id="STTLng">
            <dst id="ATLA-M5">184.018666666667</dst>
            <dst id="ATLAng">8459.83733333333</dst>
            <dst id="CHINng">16560.6213333333</dst>
            <dst id="DNVRng">5236.51733333333</dst>
            <dst id="HSTNng">8517.49333333333</dst>
            <dst id="IPLSng">8453.448</dst>
            <dst id="KSCYng">3794.45866666667</dst>
            <dst id="LOSAng">25010.9226666667</dst>
            <dst id="NYCMng">6648.752</dst>
            <dst id="SNVAng">3966.24</dst>
            <dst id="STTLng">6192.48</dst>
            <dst id="WASHng">10497.0186666667</dst>
        </src>
        <src id="WASHng">
            <dst id="ATLA-M5">992.146666666667</dst>
            <dst id="ATLAng">124860.909333333</dst>
            <dst id="CHINng">102553.146666667</dst>
            <dst id="DNVRng">66444.0266666667</dst>
            <dst id="HSTNng">25652.4666666667</dst>
            <dst id="IPLSng">61358.7066666667</dst>
            <dst id="KSCYng">27222.1786666667</dst>
            <dst id="LOSAng">116075.856</dst>
            <dst id="NYCMng">163585.221333333</dst>
            <dst id="SNVAng">2862.68266666667</dst>
            <dst id="STTLng">29315.152</dst>
            <dst id="WASHng">239755.192</dst>
        </src>
    </IntraTM>
</TrafficMatrixFile>
