<?xml version="1.0" encoding="ISO-8859-1" standalone="yes"?>
<TrafficMatrixFile xsi:noNamespaceSchemaLocation="http://totem.run.montefiore.ulg.ac.be/Schema/TrafficMatrix-v1_2.xsd" xmlns:xsi="http://www.w3.org/2001/XMLSchema-instance">
    <IntraTM ASID="11537">
        <src id="ATLA-M5">
            <dst id="ATLA-M5">37.8133333333333</dst>
            <dst id="ATLAng">391.205333333333</dst>
            <dst id="CHINng">263.616</dst>
            <dst id="DNVRng">26.6666666666667</dst>
            <dst id="HSTNng">28.9493333333333</dst>
            <dst id="IPLSng">346.88</dst>
            <dst id="KSCYng">172.416</dst>
            <dst id="LOSAng">119.784</dst>
            <dst id="NYCMng">65.48</dst>
            <dst id="SNVAng">0</dst>
            <dst id="STTLng">246.549333333333</dst>
            <dst id="WASHng">367</dst>
        </src>
        <src id="ATLAng">
            <dst id="ATLA-M5">100.898666666667</dst>
            <dst id="ATLAng">24367.5466666667</dst>
            <dst id="CHINng">13204.256</dst>
            <dst id="DNVRng">6389.35733333333</dst>
            <dst id="HSTNng">4391.872</dst>
            <dst id="IPLSng">13294.544</dst>
            <dst id="KSCYng">1160.04533333333</dst>
            <dst id="LOSAng">16812.096</dst>
            <dst id="NYCMng">8806.96266666667</dst>
            <dst id="SNVAng">256.618666666667</dst>
            <dst id="STTLng">3289.20533333333</dst>
            <dst id="WASHng">31768.1146666667</dst>
        </src>
        <src id="CHINng">
            <dst id="ATLA-M5">501.352</dst>
            <dst id="ATLAng">13627.7573333333</dst>
            <dst id="CHINng">95421.3813333333</dst>
            <dst id="DNVRng">10196.984</dst>
            <dst id="HSTNng">36469.52</dst>
            <dst id="IPLSng">38322.44</dst>
            <dst id="KSCYng">9112.752</dst>
            <dst id="LOSAng">35807.608</dst>
            <dst id="NYCMng">17256.9013333333</dst>
            <dst id="SNVAng">2041.224</dst>
            <dst id="STTLng">19957.1146666667</dst>
            <dst id="WASHng">26094.3333333333</dst>
        </src>
        <src id="DNVRng">
            <dst id="ATLA-M5">169.333333333333</dst>
            <dst id="ATLAng">2207.21066666667</dst>
            <dst id="CHINng">79537.912</dst>
            <dst id="DNVRng">6902.59733333333</dst>
            <dst id="HSTNng">18697.848</dst>
            <dst id="IPLSng">19559.768</dst>
            <dst id="KSCYng">13505.008</dst>
            <dst id="LOSAng">2398.568</dst>
            <dst id="NYCMng">14603.2586666667</dst>
            <dst id="SNVAng">8898.97866666667</dst>
            <dst id="STTLng">8019.02933333333</dst>
            <dst id="WASHng">31437.4133333333</dst>
        </src>
        <src id="HSTNng">
            <dst id="ATLA-M5">322.474666666667</dst>
            <dst id="ATLAng">7088.73066666667</dst>
            <dst id="CHINng">17231.0266666667</dst>
            <dst id="DNVRng">1368.57066666667</dst>
            <dst id="HSTNng">3714.17066666667</dst>
            <dst id="IPLSng">2939.63466666667</dst>
            <dst id="KSCYng">1083.66666666667</dst>
            <dst id="LOSAng">2276.43733333333</dst>
            <dst id="NYCMng">3988.38133333333</dst>
            <dst id="SNVAng">1024.68</dst>
            <dst id="STTLng">2277.688</dst>
            <dst id="WASHng">3571.10133333333</dst>
        </src>
        <src id="IPLSng">
            <dst id="ATLA-M5">495.757333333333</dst>
            <dst id="ATLAng">11606.12</dst>
            <dst id="CHINng">91036.3653333333</dst>
            <dst id="DNVRng">5580.50666666667</dst>
            <dst id="HSTNng">5364.30133333333</dst>
            <dst id="IPLSng">6880.97333333333</dst>
            <dst id="KSCYng">5887.19733333333</dst>
            <dst id="LOSAng">28089.928</dst>
            <dst id="NYCMng">28944.0213333333</dst>
            <dst id="SNVAng">1219.94666666667</dst>
            <dst id="STTLng">12373.344</dst>
            <dst id="WASHng">29502.688</dst>
        </src>
        <src id="KSCYng">
            <dst id="ATLA-M5">205.701333333333</dst>
            <dst id="ATLAng">1581.184</dst>
            <dst id="CHINng">23976.0346666667</dst>
            <dst id="DNVRng">8908.8</dst>
            <dst id="HSTNng">3024.608</dst>
            <dst id="IPLSng">7983.94133333333</dst>
            <dst id="KSCYng">6673.84533333333</dst>
            <dst id="LOSAng">3327.15466666667</dst>
            <dst id="NYCMng">5322.91733333333</dst>
            <dst id="SNVAng">165.432</dst>
            <dst id="STTLng">1598.66933333333</dst>
            <dst id="WASHng">17967.816</dst>
        </src>
        <src id="LOSAng">
            <dst id="ATLA-M5">769.874666666666</dst>
            <dst id="ATLAng">8621.90933333333</dst>
            <dst id="CHINng">77907.9066666667</dst>
            <dst id="DNVRng">3261.41066666667</dst>
            <dst id="HSTNng">4097.87466666667</dst>
            <dst id="IPLSng">22800.0773333333</dst>
            <dst id="KSCYng">6728.85066666667</dst>
            <dst id="LOSAng">14851.6613333333</dst>
            <dst id="NYCMng">43397.184</dst>
            <dst id="SNVAng">5165.14666666667</dst>
            <dst id="STTLng">35614.7386666667</dst>
            <dst id="WASHng">71324.7466666667</dst>
        </src>
        <src id="NYCMng">
            <dst id="ATLA-M5">1441.904</dst>
            <dst id="ATLAng">14005.4746666667</dst>
            <dst id="CHINng">42056.904</dst>
            <dst id="DNVRng">33746.6453333333</dst>
            <dst id="HSTNng">8008.68533333333</dst>
            <dst id="IPLSng">26561.7306666667</dst>
            <dst id="KSCYng">11225.7333333333</dst>
            <dst id="LOSAng">51142.776</dst>
            <dst id="NYCMng">120849.317333333</dst>
            <dst id="SNVAng">2614.70933333333</dst>
            <dst id="STTLng">24135.536</dst>
            <dst id="WASHng">77749.1946666667</dst>
        </src>
        <src id="SNVAng">
            <dst id="ATLA-M5">0</dst>
            <dst id="ATLAng">0</dst>
            <dst id="CHINng">1487.73066666667</dst>
            <dst id="DNVRng">8975.70666666667</dst>
            <dst id="HSTNng">162.418666666667</dst>
            <dst id="IPLSng">2307.16</dst>
            <dst id="KSCYng">83.184</dst>
            <dst id="LOSAng">25352.5893333333</dst>
            <dst id="NYCMng">1135.648</dst>
            <dst id="SNVAng">9837.81866666666</dst>
            <dst id="STTLng">43223.3866666667</dst>
            <dst id="WASHng">465.786666666667</dst>
        </src>
        <src id="STTLng">
            <dst id="ATLA-M5">329.261333333333</dst>
            <dst id="ATLAng">5508.82666666667</dst>
            <dst id="CHINng">18084.3653333333</dst>
            <dst id="DNVRng">3019.76266666667</dst>
            <dst id="HSTNng">4665.34133333333</dst>
            <dst id="IPLSng">5418.536</dst>
            <dst id="KSCYng">1874.64</dst>
            <dst id="LOSAng">17252.4026666667</dst>
            <dst id="NYCMng">6240.50933333333</dst>
            <dst id="SNVAng">2691.68266666667</dst>
            <dst id="STTLng">2888.05066666667</dst>
            <dst id="WASHng">15821.9733333333</dst>
        </src>
        <src id="WASHng">
            <dst id="ATLA-M5">963.125333333333</dst>
            <dst id="ATLAng">61647.2693333333</dst>
            <dst id="CHINng">63648.7413333333</dst>
            <dst id="DNVRng">40194.9973333333</dst>
            <dst id="HSTNng">5824.864</dst>
            <dst id="IPLSng">50681.7973333333</dst>
            <dst id="KSCYng">9042.89866666667</dst>
            <dst id="LOSAng">92979.8</dst>
            <dst id="NYCMng">148693.192</dst>
            <dst id="SNVAng">3969.768</dst>
            <dst id="STTLng">23332.6986666667</dst>
            <dst id="WASHng">172444.501333333</dst>
        </src>
    </IntraTM>
</TrafficMatrixFile>
