<?xml version="1.0" encoding="ISO-8859-1" standalone="yes"?>
<TrafficMatrixFile xsi:noNamespaceSchemaLocation="http://totem.run.montefiore.ulg.ac.be/Schema/TrafficMatrix-v1_2.xsd" xmlns:xsi="http://www.w3.org/2001/XMLSchema-instance">
    <IntraTM ASID="11537">
        <src id="ATLA-M5">
            <dst id="ATLA-M5">41.9386666666667</dst>
            <dst id="ATLAng">53.3333333333333</dst>
            <dst id="CHINng">170.024</dst>
            <dst id="DNVRng">26.6666666666667</dst>
            <dst id="HSTNng">55.0826666666667</dst>
            <dst id="IPLSng">161.338666666667</dst>
            <dst id="KSCYng">102.805333333333</dst>
            <dst id="LOSAng">170.352</dst>
            <dst id="NYCMng">0</dst>
            <dst id="SNVAng">0</dst>
            <dst id="STTLng">311.429333333333</dst>
            <dst id="WASHng">326.117333333333</dst>
        </src>
        <src id="ATLAng">
            <dst id="ATLA-M5">1412.62666666667</dst>
            <dst id="ATLAng">26744.4373333333</dst>
            <dst id="CHINng">14993.0933333333</dst>
            <dst id="DNVRng">7551.168</dst>
            <dst id="HSTNng">4620.01866666667</dst>
            <dst id="IPLSng">12793.7386666667</dst>
            <dst id="KSCYng">941.490666666667</dst>
            <dst id="LOSAng">16531.4053333333</dst>
            <dst id="NYCMng">4053.23733333333</dst>
            <dst id="SNVAng">424.208</dst>
            <dst id="STTLng">4562.016</dst>
            <dst id="WASHng">35862.9306666667</dst>
        </src>
        <src id="CHINng">
            <dst id="ATLA-M5">387.125333333333</dst>
            <dst id="ATLAng">14596.4586666667</dst>
            <dst id="CHINng">137659.469333333</dst>
            <dst id="DNVRng">12715.2026666667</dst>
            <dst id="HSTNng">56150.064</dst>
            <dst id="IPLSng">39423.016</dst>
            <dst id="KSCYng">7807.104</dst>
            <dst id="LOSAng">46118.5706666667</dst>
            <dst id="NYCMng">15641.4373333333</dst>
            <dst id="SNVAng">3615.52266666667</dst>
            <dst id="STTLng">9356.44533333333</dst>
            <dst id="WASHng">22137.696</dst>
        </src>
        <src id="DNVRng">
            <dst id="ATLA-M5">154.293333333333</dst>
            <dst id="ATLAng">3383.712</dst>
            <dst id="CHINng">80654.2186666667</dst>
            <dst id="DNVRng">4514.32533333333</dst>
            <dst id="HSTNng">11225.28</dst>
            <dst id="IPLSng">23032.088</dst>
            <dst id="KSCYng">8894.36533333333</dst>
            <dst id="LOSAng">3970.73866666667</dst>
            <dst id="NYCMng">10940.1253333333</dst>
            <dst id="SNVAng">3980.87466666667</dst>
            <dst id="STTLng">10065.7386666667</dst>
            <dst id="WASHng">34495.208</dst>
        </src>
        <src id="HSTNng">
            <dst id="ATLA-M5">2148.104</dst>
            <dst id="ATLAng">961.434666666667</dst>
            <dst id="CHINng">19790.8426666667</dst>
            <dst id="DNVRng">1154.22933333333</dst>
            <dst id="HSTNng">3179.856</dst>
            <dst id="IPLSng">3378.856</dst>
            <dst id="KSCYng">1180.59466666667</dst>
            <dst id="LOSAng">2708.33066666667</dst>
            <dst id="NYCMng">2986.312</dst>
            <dst id="SNVAng">526.856</dst>
            <dst id="STTLng">3514.656</dst>
            <dst id="WASHng">4323.256</dst>
        </src>
        <src id="IPLSng">
            <dst id="ATLA-M5">715.608</dst>
            <dst id="ATLAng">27093.0533333333</dst>
            <dst id="CHINng">97030.6293333333</dst>
            <dst id="DNVRng">9485.16266666667</dst>
            <dst id="HSTNng">4861.392</dst>
            <dst id="IPLSng">10481.9546666667</dst>
            <dst id="KSCYng">5015.15733333333</dst>
            <dst id="LOSAng">48883.1573333333</dst>
            <dst id="NYCMng">33377.4053333333</dst>
            <dst id="SNVAng">3106.104</dst>
            <dst id="STTLng">20024.7493333333</dst>
            <dst id="WASHng">34953.792</dst>
        </src>
        <src id="KSCYng">
            <dst id="ATLA-M5">72.432</dst>
            <dst id="ATLAng">2196.30933333333</dst>
            <dst id="CHINng">21051.8186666667</dst>
            <dst id="DNVRng">9065.74933333333</dst>
            <dst id="HSTNng">3212.20266666667</dst>
            <dst id="IPLSng">8512.06666666667</dst>
            <dst id="KSCYng">9525.92</dst>
            <dst id="LOSAng">4210.72266666667</dst>
            <dst id="NYCMng">3415.78666666667</dst>
            <dst id="SNVAng">147.24</dst>
            <dst id="STTLng">3916.37066666667</dst>
            <dst id="WASHng">9044.34133333333</dst>
        </src>
        <src id="LOSAng">
            <dst id="ATLA-M5">553.12</dst>
            <dst id="ATLAng">6769.70666666667</dst>
            <dst id="CHINng">89473.912</dst>
            <dst id="DNVRng">5418.776</dst>
            <dst id="HSTNng">4151.21333333333</dst>
            <dst id="IPLSng">16149.0906666667</dst>
            <dst id="KSCYng">6890.57066666667</dst>
            <dst id="LOSAng">18419.9893333333</dst>
            <dst id="NYCMng">42116.5386666667</dst>
            <dst id="SNVAng">6232.89333333333</dst>
            <dst id="STTLng">20826.992</dst>
            <dst id="WASHng">72638.504</dst>
        </src>
        <src id="NYCMng">
            <dst id="ATLA-M5">1175.512</dst>
            <dst id="ATLAng">9733.12533333333</dst>
            <dst id="CHINng">48510.544</dst>
            <dst id="DNVRng">26707.36</dst>
            <dst id="HSTNng">9677.06133333333</dst>
            <dst id="IPLSng">28446.904</dst>
            <dst id="KSCYng">9927.79733333333</dst>
            <dst id="LOSAng">51016.816</dst>
            <dst id="NYCMng">122509.826666667</dst>
            <dst id="SNVAng">6908.41866666667</dst>
            <dst id="STTLng">21051.656</dst>
            <dst id="WASHng">67669.3653333333</dst>
        </src>
        <src id="SNVAng">
            <dst id="ATLA-M5">284.573333333333</dst>
            <dst id="ATLAng">53.3333333333333</dst>
            <dst id="CHINng">1369.21333333333</dst>
            <dst id="DNVRng">1873.82666666667</dst>
            <dst id="HSTNng">359.058666666667</dst>
            <dst id="IPLSng">183.485333333333</dst>
            <dst id="KSCYng">1916.23466666667</dst>
            <dst id="LOSAng">31590.8266666667</dst>
            <dst id="NYCMng">460.904</dst>
            <dst id="SNVAng">11821.1733333333</dst>
            <dst id="STTLng">53904.7386666667</dst>
            <dst id="WASHng">170.216</dst>
        </src>
        <src id="STTLng">
            <dst id="ATLA-M5">449.138666666667</dst>
            <dst id="ATLAng">4749.4</dst>
            <dst id="CHINng">18506.4</dst>
            <dst id="DNVRng">2940.64</dst>
            <dst id="HSTNng">4183.69333333333</dst>
            <dst id="IPLSng">4380.09333333333</dst>
            <dst id="KSCYng">7272.968</dst>
            <dst id="LOSAng">17441.288</dst>
            <dst id="NYCMng">6885.83466666667</dst>
            <dst id="SNVAng">3656.39733333333</dst>
            <dst id="STTLng">516.365333333333</dst>
            <dst id="WASHng">11513.2186666667</dst>
        </src>
        <src id="WASHng">
            <dst id="ATLA-M5">256.149333333333</dst>
            <dst id="ATLAng">74357.0133333333</dst>
            <dst id="CHINng">56578.8506666667</dst>
            <dst id="DNVRng">44200.664</dst>
            <dst id="HSTNng">9125.17066666667</dst>
            <dst id="IPLSng">53618.8773333333</dst>
            <dst id="KSCYng">6810.63733333333</dst>
            <dst id="LOSAng">91559.2506666666</dst>
            <dst id="NYCMng">152086.944</dst>
            <dst id="SNVAng">4647.81333333333</dst>
            <dst id="STTLng">29787.616</dst>
            <dst id="WASHng">270514.026666667</dst>
        </src>
    </IntraTM>
</TrafficMatrixFile>
