<?xml version="1.0" encoding="ISO-8859-1" standalone="yes"?>
<TrafficMatrixFile xsi:noNamespaceSchemaLocation="http://totem.run.montefiore.ulg.ac.be/Schema/TrafficMatrix-v1_2.xsd" xmlns:xsi="http://www.w3.org/2001/XMLSchema-instance">
    <IntraTM ASID="11537">
        <src id="ATLA-M5">
            <dst id="ATLA-M5">61.504</dst>
            <dst id="ATLAng">201.677333333333</dst>
            <dst id="CHINng">237.928</dst>
            <dst id="DNVRng">95.664</dst>
            <dst id="HSTNng">323.944</dst>
            <dst id="IPLSng">548.192</dst>
            <dst id="KSCYng">68.0373333333334</dst>
            <dst id="LOSAng">477.28</dst>
            <dst id="NYCMng">49.432</dst>
            <dst id="SNVAng">0</dst>
            <dst id="STTLng">0</dst>
            <dst id="WASHng">410.08</dst>
        </src>
        <src id="ATLAng">
            <dst id="ATLA-M5">193.354666666667</dst>
            <dst id="ATLAng">26934.672</dst>
            <dst id="CHINng">16810.6133333333</dst>
            <dst id="DNVRng">4943.57333333333</dst>
            <dst id="HSTNng">4096.144</dst>
            <dst id="IPLSng">14007.9813333333</dst>
            <dst id="KSCYng">1830.94133333333</dst>
            <dst id="LOSAng">17372.4986666667</dst>
            <dst id="NYCMng">7566.22133333333</dst>
            <dst id="SNVAng">705.514666666667</dst>
            <dst id="STTLng">5354.56533333333</dst>
            <dst id="WASHng">25246.1146666667</dst>
        </src>
        <src id="CHINng">
            <dst id="ATLA-M5">2132.87733333333</dst>
            <dst id="ATLAng">21683.128</dst>
            <dst id="CHINng">99595.936</dst>
            <dst id="DNVRng">17631.4693333333</dst>
            <dst id="HSTNng">57955.712</dst>
            <dst id="IPLSng">60944.4693333333</dst>
            <dst id="KSCYng">19199.496</dst>
            <dst id="LOSAng">2049444.45333333</dst>
            <dst id="NYCMng">22061.2293333333</dst>
            <dst id="SNVAng">5668.26666666667</dst>
            <dst id="STTLng">11824.7226666667</dst>
            <dst id="WASHng">20733.896</dst>
        </src>
        <src id="DNVRng">
            <dst id="ATLA-M5">195.309333333333</dst>
            <dst id="ATLAng">7422.18133333333</dst>
            <dst id="CHINng">67737.9066666667</dst>
            <dst id="DNVRng">8717.87733333334</dst>
            <dst id="HSTNng">15840.8026666667</dst>
            <dst id="IPLSng">39407.9013333333</dst>
            <dst id="KSCYng">9764.56266666667</dst>
            <dst id="LOSAng">5110.20266666667</dst>
            <dst id="NYCMng">31271.4506666667</dst>
            <dst id="SNVAng">3203.75466666667</dst>
            <dst id="STTLng">8027.92</dst>
            <dst id="WASHng">44543.4</dst>
        </src>
        <src id="HSTNng">
            <dst id="ATLA-M5">4402.536</dst>
            <dst id="ATLAng">1674.86933333333</dst>
            <dst id="CHINng">32472.6346666667</dst>
            <dst id="DNVRng">1656.68266666667</dst>
            <dst id="HSTNng">3621.34933333333</dst>
            <dst id="IPLSng">8084.568</dst>
            <dst id="KSCYng">2098.56</dst>
            <dst id="LOSAng">6027.76533333333</dst>
            <dst id="NYCMng">2836.36</dst>
            <dst id="SNVAng">3944.95733333333</dst>
            <dst id="STTLng">1306.71733333333</dst>
            <dst id="WASHng">4793.65066666667</dst>
        </src>
        <src id="IPLSng">
            <dst id="ATLA-M5">929.389333333333</dst>
            <dst id="ATLAng">14740.9626666667</dst>
            <dst id="CHINng">113227.882666667</dst>
            <dst id="DNVRng">31296.4</dst>
            <dst id="HSTNng">9167.31466666667</dst>
            <dst id="IPLSng">26959.272</dst>
            <dst id="KSCYng">5561.86933333333</dst>
            <dst id="LOSAng">45390.416</dst>
            <dst id="NYCMng">43138.896</dst>
            <dst id="SNVAng">4145.336</dst>
            <dst id="STTLng">8429.30933333333</dst>
            <dst id="WASHng">50222.6746666667</dst>
        </src>
        <src id="KSCYng">
            <dst id="ATLA-M5">216.072</dst>
            <dst id="ATLAng">2060.36</dst>
            <dst id="CHINng">20804.0613333333</dst>
            <dst id="DNVRng">9203.856</dst>
            <dst id="HSTNng">3340.14133333333</dst>
            <dst id="IPLSng">19473.696</dst>
            <dst id="KSCYng">7140.472</dst>
            <dst id="LOSAng">6105.92266666667</dst>
            <dst id="NYCMng">3132.83466666667</dst>
            <dst id="SNVAng">618.277333333333</dst>
            <dst id="STTLng">3387.13866666667</dst>
            <dst id="WASHng">15249.0613333333</dst>
        </src>
        <src id="LOSAng">
            <dst id="ATLA-M5">2223.624</dst>
            <dst id="ATLAng">13971.9093333333</dst>
            <dst id="CHINng">54046.6613333333</dst>
            <dst id="DNVRng">7419.68533333333</dst>
            <dst id="HSTNng">5853.504</dst>
            <dst id="IPLSng">29256.9013333333</dst>
            <dst id="KSCYng">11281.8</dst>
            <dst id="LOSAng">11962.6986666667</dst>
            <dst id="NYCMng">55048.5946666667</dst>
            <dst id="SNVAng">8032.96266666667</dst>
            <dst id="STTLng">26479.608</dst>
            <dst id="WASHng">68818.712</dst>
        </src>
        <src id="NYCMng">
            <dst id="ATLA-M5">832.376</dst>
            <dst id="ATLAng">21695.9573333333</dst>
            <dst id="CHINng">54893.456</dst>
            <dst id="DNVRng">34009.048</dst>
            <dst id="HSTNng">18299.328</dst>
            <dst id="IPLSng">44477.384</dst>
            <dst id="KSCYng">11634.968</dst>
            <dst id="LOSAng">52992.768</dst>
            <dst id="NYCMng">137087.653333333</dst>
            <dst id="SNVAng">5438.30133333333</dst>
            <dst id="STTLng">35619.656</dst>
            <dst id="WASHng">116412.08</dst>
        </src>
        <src id="SNVAng">
            <dst id="ATLA-M5">344.005333333333</dst>
            <dst id="ATLAng">103.256</dst>
            <dst id="CHINng">2961.128</dst>
            <dst id="DNVRng">4923.25866666667</dst>
            <dst id="HSTNng">1185.11733333333</dst>
            <dst id="IPLSng">5046.12</dst>
            <dst id="KSCYng">4392.552</dst>
            <dst id="LOSAng">34902.84</dst>
            <dst id="NYCMng">836.029333333333</dst>
            <dst id="SNVAng">13897.928</dst>
            <dst id="STTLng">52359.9333333333</dst>
            <dst id="WASHng">659.56</dst>
        </src>
        <src id="STTLng">
            <dst id="ATLA-M5">616.221333333333</dst>
            <dst id="ATLAng">5111.75733333333</dst>
            <dst id="CHINng">20319.7946666667</dst>
            <dst id="DNVRng">2845.568</dst>
            <dst id="HSTNng">5468.53333333333</dst>
            <dst id="IPLSng">7702.18133333333</dst>
            <dst id="KSCYng">4208.496</dst>
            <dst id="LOSAng">16712.7573333333</dst>
            <dst id="NYCMng">5778.10133333333</dst>
            <dst id="SNVAng">3930.616</dst>
            <dst id="STTLng">796.92</dst>
            <dst id="WASHng">8106.30666666667</dst>
        </src>
        <src id="WASHng">
            <dst id="ATLA-M5">4179.57066666667</dst>
            <dst id="ATLAng">53603.9973333333</dst>
            <dst id="CHINng">68966.9333333333</dst>
            <dst id="DNVRng">45827.92</dst>
            <dst id="HSTNng">14922.776</dst>
            <dst id="IPLSng">55541.0693333333</dst>
            <dst id="KSCYng">16446.376</dst>
            <dst id="LOSAng">105583.296</dst>
            <dst id="NYCMng">154155.792</dst>
            <dst id="SNVAng">2912.18933333333</dst>
            <dst id="STTLng">29073.56</dst>
            <dst id="WASHng">195353.581333333</dst>
        </src>
    </IntraTM>
</TrafficMatrixFile>
