<?xml version="1.0" encoding="ISO-8859-1" standalone="yes"?>
<TrafficMatrixFile xsi:noNamespaceSchemaLocation="http://totem.run.montefiore.ulg.ac.be/Schema/TrafficMatrix-v1_2.xsd" xmlns:xsi="http://www.w3.org/2001/XMLSchema-instance">
    <IntraTM ASID="11537">
        <src id="ATLA-M5">
            <dst id="ATLA-M5">130.08</dst>
            <dst id="ATLAng">26.6666666666667</dst>
            <dst id="CHINng">383.429333333333</dst>
            <dst id="DNVRng">53.3333333333333</dst>
            <dst id="HSTNng">242.101333333333</dst>
            <dst id="IPLSng">401.530666666667</dst>
            <dst id="KSCYng">224.554666666667</dst>
            <dst id="LOSAng">106.666666666667</dst>
            <dst id="NYCMng">59.496</dst>
            <dst id="SNVAng">26.6666666666667</dst>
            <dst id="STTLng">149.338666666667</dst>
            <dst id="WASHng">216.165333333333</dst>
        </src>
        <src id="ATLAng">
            <dst id="ATLA-M5">164.048</dst>
            <dst id="ATLAng">27934.7306666667</dst>
            <dst id="CHINng">15895.288</dst>
            <dst id="DNVRng">4364.69333333333</dst>
            <dst id="HSTNng">6567.72533333333</dst>
            <dst id="IPLSng">14930.1306666667</dst>
            <dst id="KSCYng">1287.89066666667</dst>
            <dst id="LOSAng">21527.4</dst>
            <dst id="NYCMng">3752.31466666667</dst>
            <dst id="SNVAng">783.301333333333</dst>
            <dst id="STTLng">4621.54666666667</dst>
            <dst id="WASHng">33338.9066666667</dst>
        </src>
        <src id="CHINng">
            <dst id="ATLA-M5">1959.20533333333</dst>
            <dst id="ATLAng">15136.528</dst>
            <dst id="CHINng">103186.669333333</dst>
            <dst id="DNVRng">16419.7306666667</dst>
            <dst id="HSTNng">48260.0773333333</dst>
            <dst id="IPLSng">46878.9733333333</dst>
            <dst id="KSCYng">16708.536</dst>
            <dst id="LOSAng">2021446.08</dst>
            <dst id="NYCMng">19268.112</dst>
            <dst id="SNVAng">3323.56533333333</dst>
            <dst id="STTLng">16251.2346666667</dst>
            <dst id="WASHng">21032.0773333333</dst>
        </src>
        <src id="DNVRng">
            <dst id="ATLA-M5">116.002666666667</dst>
            <dst id="ATLAng">3359.36533333333</dst>
            <dst id="CHINng">87054.064</dst>
            <dst id="DNVRng">20885.0746666667</dst>
            <dst id="HSTNng">16038.0266666667</dst>
            <dst id="IPLSng">24847.2666666667</dst>
            <dst id="KSCYng">21239.072</dst>
            <dst id="LOSAng">9030.84</dst>
            <dst id="NYCMng">13235.5413333333</dst>
            <dst id="SNVAng">5822.86133333333</dst>
            <dst id="STTLng">13025.5813333333</dst>
            <dst id="WASHng">42261.3253333333</dst>
        </src>
        <src id="HSTNng">
            <dst id="ATLA-M5">5057.57866666667</dst>
            <dst id="ATLAng">1507.27466666667</dst>
            <dst id="CHINng">19107.664</dst>
            <dst id="DNVRng">2248.03733333333</dst>
            <dst id="HSTNng">5354.64</dst>
            <dst id="IPLSng">4584.89066666667</dst>
            <dst id="KSCYng">3994.04533333333</dst>
            <dst id="LOSAng">4182.608</dst>
            <dst id="NYCMng">2708.09066666667</dst>
            <dst id="SNVAng">949.744</dst>
            <dst id="STTLng">1939.77333333333</dst>
            <dst id="WASHng">5107.952</dst>
        </src>
        <src id="IPLSng">
            <dst id="ATLA-M5">1990.82933333333</dst>
            <dst id="ATLAng">18545.112</dst>
            <dst id="CHINng">94447.8773333333</dst>
            <dst id="DNVRng">17587.6986666667</dst>
            <dst id="HSTNng">7438.92266666667</dst>
            <dst id="IPLSng">33140.7173333333</dst>
            <dst id="KSCYng">6082.84266666667</dst>
            <dst id="LOSAng">46553.2053333333</dst>
            <dst id="NYCMng">31400.36</dst>
            <dst id="SNVAng">1525.31466666667</dst>
            <dst id="STTLng">8377.976</dst>
            <dst id="WASHng">45592.7946666667</dst>
        </src>
        <src id="KSCYng">
            <dst id="ATLA-M5">593.456</dst>
            <dst id="ATLAng">2296.82933333333</dst>
            <dst id="CHINng">23229.5066666667</dst>
            <dst id="DNVRng">10183.1653333333</dst>
            <dst id="HSTNng">3824.40266666667</dst>
            <dst id="IPLSng">19456.6693333333</dst>
            <dst id="KSCYng">8838.504</dst>
            <dst id="LOSAng">6017.30933333333</dst>
            <dst id="NYCMng">3186.07466666667</dst>
            <dst id="SNVAng">271.570666666667</dst>
            <dst id="STTLng">1410.37866666667</dst>
            <dst id="WASHng">28647.2666666667</dst>
        </src>
        <src id="LOSAng">
            <dst id="ATLA-M5">1351.34933333333</dst>
            <dst id="ATLAng">14365.376</dst>
            <dst id="CHINng">1051853.73333333</dst>
            <dst id="DNVRng">9330.36</dst>
            <dst id="HSTNng">5177.80533333333</dst>
            <dst id="IPLSng">20350.2773333333</dst>
            <dst id="KSCYng">9873.88533333334</dst>
            <dst id="LOSAng">23555.92</dst>
            <dst id="NYCMng">49305.8933333333</dst>
            <dst id="SNVAng">7061.70133333333</dst>
            <dst id="STTLng">18885.9226666667</dst>
            <dst id="WASHng">74754.3626666667</dst>
        </src>
        <src id="NYCMng">
            <dst id="ATLA-M5">1563.74133333333</dst>
            <dst id="ATLAng">14860.3413333333</dst>
            <dst id="CHINng">56165.6053333333</dst>
            <dst id="DNVRng">32379.8426666667</dst>
            <dst id="HSTNng">10818.7093333333</dst>
            <dst id="IPLSng">37260.3333333333</dst>
            <dst id="KSCYng">11519.96</dst>
            <dst id="LOSAng">74832.8533333333</dst>
            <dst id="NYCMng">117519.744</dst>
            <dst id="SNVAng">5075.82666666667</dst>
            <dst id="STTLng">23943.7413333333</dst>
            <dst id="WASHng">91362.2933333333</dst>
        </src>
        <src id="SNVAng">
            <dst id="ATLA-M5">26.6666666666667</dst>
            <dst id="ATLAng">26.6666666666667</dst>
            <dst id="CHINng">1751.30133333333</dst>
            <dst id="DNVRng">1568.65333333333</dst>
            <dst id="HSTNng">504.490666666667</dst>
            <dst id="IPLSng">349.149333333333</dst>
            <dst id="KSCYng">4434.976</dst>
            <dst id="LOSAng">33403.0666666667</dst>
            <dst id="NYCMng">664.509333333333</dst>
            <dst id="SNVAng">11694.9066666667</dst>
            <dst id="STTLng">52638.216</dst>
            <dst id="WASHng">370.722666666667</dst>
        </src>
        <src id="STTLng">
            <dst id="ATLA-M5">452.096</dst>
            <dst id="ATLAng">6101.86666666667</dst>
            <dst id="CHINng">15131.752</dst>
            <dst id="DNVRng">6191.128</dst>
            <dst id="HSTNng">4487.232</dst>
            <dst id="IPLSng">5416.21333333333</dst>
            <dst id="KSCYng">4752.49866666667</dst>
            <dst id="LOSAng">16399.8186666667</dst>
            <dst id="NYCMng">7020.09066666667</dst>
            <dst id="SNVAng">4368.29066666667</dst>
            <dst id="STTLng">5869.90933333333</dst>
            <dst id="WASHng">7501.072</dst>
        </src>
        <src id="WASHng">
            <dst id="ATLA-M5">1023.09333333333</dst>
            <dst id="ATLAng">63898.264</dst>
            <dst id="CHINng">83810.48</dst>
            <dst id="DNVRng">71977.6213333333</dst>
            <dst id="HSTNng">11152.5386666667</dst>
            <dst id="IPLSng">49738.2426666667</dst>
            <dst id="KSCYng">23519.6346666667</dst>
            <dst id="LOSAng">101134.141333333</dst>
            <dst id="NYCMng">174830.794666667</dst>
            <dst id="SNVAng">11490.928</dst>
            <dst id="STTLng">31677.1573333333</dst>
            <dst id="WASHng">204191.272</dst>
        </src>
    </IntraTM>
</TrafficMatrixFile>
