<?xml version="1.0" encoding="ISO-8859-1" standalone="yes"?>
<TrafficMatrixFile xsi:noNamespaceSchemaLocation="http://totem.run.montefiore.ulg.ac.be/Schema/TrafficMatrix-v1_2.xsd" xmlns:xsi="http://www.w3.org/2001/XMLSchema-instance">
    <IntraTM ASID="11537">
        <src id="ATLA-M5">
            <dst id="ATLA-M5">26.6666666666667</dst>
            <dst id="ATLAng">242.306666666667</dst>
            <dst id="CHINng">130.258666666667</dst>
            <dst id="DNVRng">0</dst>
            <dst id="HSTNng">160.362666666667</dst>
            <dst id="IPLSng">1371.19733333333</dst>
            <dst id="KSCYng">206.389333333333</dst>
            <dst id="LOSAng">133.333333333333</dst>
            <dst id="NYCMng">26.6666666666667</dst>
            <dst id="SNVAng">0</dst>
            <dst id="STTLng">116.357333333333</dst>
            <dst id="WASHng">513.664</dst>
        </src>
        <src id="ATLAng">
            <dst id="ATLA-M5">237.133333333333</dst>
            <dst id="ATLAng">52713.992</dst>
            <dst id="CHINng">15409.8613333333</dst>
            <dst id="DNVRng">4053.80266666667</dst>
            <dst id="HSTNng">4572.94133333333</dst>
            <dst id="IPLSng">13764.8533333333</dst>
            <dst id="KSCYng">1743.46133333333</dst>
            <dst id="LOSAng">16805.1866666667</dst>
            <dst id="NYCMng">4569.096</dst>
            <dst id="SNVAng">887.066666666667</dst>
            <dst id="STTLng">3738.98133333333</dst>
            <dst id="WASHng">27421.48</dst>
        </src>
        <src id="CHINng">
            <dst id="ATLA-M5">651.632</dst>
            <dst id="ATLAng">11083.0746666667</dst>
            <dst id="CHINng">102986.778666667</dst>
            <dst id="DNVRng">8739.99733333333</dst>
            <dst id="HSTNng">40040.9626666667</dst>
            <dst id="IPLSng">35462.6906666667</dst>
            <dst id="KSCYng">9922.152</dst>
            <dst id="LOSAng">53775.0533333333</dst>
            <dst id="NYCMng">13860.2213333333</dst>
            <dst id="SNVAng">2454.66133333333</dst>
            <dst id="STTLng">11253.4186666667</dst>
            <dst id="WASHng">22012.8693333333</dst>
        </src>
        <src id="DNVRng">
            <dst id="ATLA-M5">63.0933333333333</dst>
            <dst id="ATLAng">3130.84533333333</dst>
            <dst id="CHINng">84761.3146666666</dst>
            <dst id="DNVRng">1989.39466666667</dst>
            <dst id="HSTNng">15059.5306666667</dst>
            <dst id="IPLSng">24194.6</dst>
            <dst id="KSCYng">8226.26666666666</dst>
            <dst id="LOSAng">5926.904</dst>
            <dst id="NYCMng">13316.6133333333</dst>
            <dst id="SNVAng">4299.03466666667</dst>
            <dst id="STTLng">8575.21066666667</dst>
            <dst id="WASHng">31084.8133333333</dst>
        </src>
        <src id="HSTNng">
            <dst id="ATLA-M5">4127.656</dst>
            <dst id="ATLAng">1410.4</dst>
            <dst id="CHINng">15801.4346666667</dst>
            <dst id="DNVRng">1904.088</dst>
            <dst id="HSTNng">4111.44266666667</dst>
            <dst id="IPLSng">2779.81866666667</dst>
            <dst id="KSCYng">1788.232</dst>
            <dst id="LOSAng">2643.648</dst>
            <dst id="NYCMng">3099.33333333333</dst>
            <dst id="SNVAng">882.674666666667</dst>
            <dst id="STTLng">2402.78933333333</dst>
            <dst id="WASHng">3486.872</dst>
        </src>
        <src id="IPLSng">
            <dst id="ATLA-M5">370.789333333333</dst>
            <dst id="ATLAng">13616.7733333333</dst>
            <dst id="CHINng">94623.4906666667</dst>
            <dst id="DNVRng">6002.56266666667</dst>
            <dst id="HSTNng">5172.90133333333</dst>
            <dst id="IPLSng">13092.6186666667</dst>
            <dst id="KSCYng">6102.072</dst>
            <dst id="LOSAng">42151.312</dst>
            <dst id="NYCMng">32997.16</dst>
            <dst id="SNVAng">3482.73066666667</dst>
            <dst id="STTLng">12331.6213333333</dst>
            <dst id="WASHng">23551.0373333333</dst>
        </src>
        <src id="KSCYng">
            <dst id="ATLA-M5">146.077333333333</dst>
            <dst id="ATLAng">1818.456</dst>
            <dst id="CHINng">19310.112</dst>
            <dst id="DNVRng">7663.176</dst>
            <dst id="HSTNng">8363.064</dst>
            <dst id="IPLSng">6187.89866666667</dst>
            <dst id="KSCYng">6267.79733333333</dst>
            <dst id="LOSAng">3962.728</dst>
            <dst id="NYCMng">6043.68</dst>
            <dst id="SNVAng">156.328</dst>
            <dst id="STTLng">1213.368</dst>
            <dst id="WASHng">18246.7493333333</dst>
        </src>
        <src id="LOSAng">
            <dst id="ATLA-M5">1685.00266666667</dst>
            <dst id="ATLAng">7908.41333333333</dst>
            <dst id="CHINng">68369.512</dst>
            <dst id="DNVRng">4620.78133333333</dst>
            <dst id="HSTNng">6953.45333333333</dst>
            <dst id="IPLSng">23258.9946666667</dst>
            <dst id="KSCYng">6419.45066666667</dst>
            <dst id="LOSAng">23936.9333333333</dst>
            <dst id="NYCMng">34541.808</dst>
            <dst id="SNVAng">8763.41866666667</dst>
            <dst id="STTLng">18976.4213333333</dst>
            <dst id="WASHng">74448.536</dst>
        </src>
        <src id="NYCMng">
            <dst id="ATLA-M5">1300.14933333333</dst>
            <dst id="ATLAng">13845.976</dst>
            <dst id="CHINng">43578.1333333333</dst>
            <dst id="DNVRng">32077.272</dst>
            <dst id="HSTNng">13063.9253333333</dst>
            <dst id="IPLSng">26153.632</dst>
            <dst id="KSCYng">9383</dst>
            <dst id="LOSAng">63206.4586666667</dst>
            <dst id="NYCMng">135214.544</dst>
            <dst id="SNVAng">4280.60533333333</dst>
            <dst id="STTLng">21176.5866666667</dst>
            <dst id="WASHng">70257.6106666667</dst>
        </src>
        <src id="SNVAng">
            <dst id="ATLA-M5">0</dst>
            <dst id="ATLAng">119.490666666667</dst>
            <dst id="CHINng">1498.176</dst>
            <dst id="DNVRng">1144.27466666667</dst>
            <dst id="HSTNng">200.157333333333</dst>
            <dst id="IPLSng">328.693333333333</dst>
            <dst id="KSCYng">106.848</dst>
            <dst id="LOSAng">29955.432</dst>
            <dst id="NYCMng">351.136</dst>
            <dst id="SNVAng">11496.8746666667</dst>
            <dst id="STTLng">46500.504</dst>
            <dst id="WASHng">403.744</dst>
        </src>
        <src id="STTLng">
            <dst id="ATLA-M5">28.472</dst>
            <dst id="ATLAng">5710.42933333333</dst>
            <dst id="CHINng">18270.9973333333</dst>
            <dst id="DNVRng">3959.52</dst>
            <dst id="HSTNng">3700.208</dst>
            <dst id="IPLSng">4997.49333333333</dst>
            <dst id="KSCYng">5151.61066666667</dst>
            <dst id="LOSAng">20095.2933333333</dst>
            <dst id="NYCMng">7591.77333333333</dst>
            <dst id="SNVAng">3710.24</dst>
            <dst id="STTLng">1048.73866666667</dst>
            <dst id="WASHng">8019.68</dst>
        </src>
        <src id="WASHng">
            <dst id="ATLA-M5">1022.496</dst>
            <dst id="ATLAng">72177.3226666667</dst>
            <dst id="CHINng">62801.808</dst>
            <dst id="DNVRng">32884.5013333333</dst>
            <dst id="HSTNng">5071.42933333333</dst>
            <dst id="IPLSng">59818.1946666667</dst>
            <dst id="KSCYng">9690.656</dst>
            <dst id="LOSAng">89833.4746666667</dst>
            <dst id="NYCMng">170727.674666667</dst>
            <dst id="SNVAng">5263.06133333333</dst>
            <dst id="STTLng">25725.6693333333</dst>
            <dst id="WASHng">182030.322666667</dst>
        </src>
    </IntraTM>
</TrafficMatrixFile>
