<?xml version="1.0" encoding="ISO-8859-1" standalone="yes"?>
<TrafficMatrixFile xsi:noNamespaceSchemaLocation="http://totem.run.montefiore.ulg.ac.be/Schema/TrafficMatrix-v1_2.xsd" xmlns:xsi="http://www.w3.org/2001/XMLSchema-instance">
    <IntraTM ASID="11537">
        <src id="ATLA-M5">
            <dst id="ATLA-M5">662.021333333333</dst>
            <dst id="ATLAng">412.426666666667</dst>
            <dst id="CHINng">1247.75466666667</dst>
            <dst id="DNVRng">98.9093333333333</dst>
            <dst id="HSTNng">204.92</dst>
            <dst id="IPLSng">1354.016</dst>
            <dst id="KSCYng">248.613333333333</dst>
            <dst id="LOSAng">254.989333333333</dst>
            <dst id="NYCMng">192.602666666667</dst>
            <dst id="SNVAng">1333.4</dst>
            <dst id="STTLng">133.333333333333</dst>
            <dst id="WASHng">2198.336</dst>
        </src>
        <src id="ATLAng">
            <dst id="ATLA-M5">375.752</dst>
            <dst id="ATLAng">38315.7626666667</dst>
            <dst id="CHINng">19452.1866666667</dst>
            <dst id="DNVRng">4896.89866666667</dst>
            <dst id="HSTNng">18654.7946666667</dst>
            <dst id="IPLSng">30604.2053333333</dst>
            <dst id="KSCYng">5777.4</dst>
            <dst id="LOSAng">22946.8026666667</dst>
            <dst id="NYCMng">8112.30133333333</dst>
            <dst id="SNVAng">1664.032</dst>
            <dst id="STTLng">4750.97333333333</dst>
            <dst id="WASHng">41643.0133333333</dst>
        </src>
        <src id="CHINng">
            <dst id="ATLA-M5">3140.016</dst>
            <dst id="ATLAng">25715.2426666667</dst>
            <dst id="CHINng">109872.125333333</dst>
            <dst id="DNVRng">37413.92</dst>
            <dst id="HSTNng">53887.944</dst>
            <dst id="IPLSng">62716.3226666667</dst>
            <dst id="KSCYng">16485.9066666667</dst>
            <dst id="LOSAng">2031706.21333333</dst>
            <dst id="NYCMng">22841.9253333333</dst>
            <dst id="SNVAng">3336.576</dst>
            <dst id="STTLng">11404.4106666667</dst>
            <dst id="WASHng">53933.264</dst>
        </src>
        <src id="DNVRng">
            <dst id="ATLA-M5">384.333333333333</dst>
            <dst id="ATLAng">7820.712</dst>
            <dst id="CHINng">56966.4506666667</dst>
            <dst id="DNVRng">20059.5866666667</dst>
            <dst id="HSTNng">17734.6986666667</dst>
            <dst id="IPLSng">41918.2826666667</dst>
            <dst id="KSCYng">24485.216</dst>
            <dst id="LOSAng">9795.312</dst>
            <dst id="NYCMng">16642.048</dst>
            <dst id="SNVAng">13981.8773333333</dst>
            <dst id="STTLng">13748.0453333333</dst>
            <dst id="WASHng">47606.1893333333</dst>
        </src>
        <src id="HSTNng">
            <dst id="ATLA-M5">5183.38933333333</dst>
            <dst id="ATLAng">4493.51466666667</dst>
            <dst id="CHINng">17190.4053333333</dst>
            <dst id="DNVRng">5445.472</dst>
            <dst id="HSTNng">7176.56533333333</dst>
            <dst id="IPLSng">6780.54933333333</dst>
            <dst id="KSCYng">5741.496</dst>
            <dst id="LOSAng">6680.04266666667</dst>
            <dst id="NYCMng">7269.26133333333</dst>
            <dst id="SNVAng">1087.50133333333</dst>
            <dst id="STTLng">1597.72533333333</dst>
            <dst id="WASHng">8499.99733333333</dst>
        </src>
        <src id="IPLSng">
            <dst id="ATLA-M5">492.213333333333</dst>
            <dst id="ATLAng">23027.7813333333</dst>
            <dst id="CHINng">125384.946666667</dst>
            <dst id="DNVRng">22477.7973333333</dst>
            <dst id="HSTNng">6375.64533333333</dst>
            <dst id="IPLSng">28817.4106666667</dst>
            <dst id="KSCYng">14688.0053333333</dst>
            <dst id="LOSAng">56598.264</dst>
            <dst id="NYCMng">59030.4426666667</dst>
            <dst id="SNVAng">5943.54933333333</dst>
            <dst id="STTLng">12602.728</dst>
            <dst id="WASHng">53785.208</dst>
        </src>
        <src id="KSCYng">
            <dst id="ATLA-M5">211.12</dst>
            <dst id="ATLAng">11179.9306666667</dst>
            <dst id="CHINng">22317.1146666667</dst>
            <dst id="DNVRng">10876.2906666667</dst>
            <dst id="HSTNng">6302.33333333333</dst>
            <dst id="IPLSng">20713.224</dst>
            <dst id="KSCYng">9314.02666666666</dst>
            <dst id="LOSAng">9843.63733333333</dst>
            <dst id="NYCMng">5504.14933333333</dst>
            <dst id="SNVAng">1305.496</dst>
            <dst id="STTLng">1511.36</dst>
            <dst id="WASHng">13399.8533333333</dst>
        </src>
        <src id="LOSAng">
            <dst id="ATLA-M5">4868.89333333333</dst>
            <dst id="ATLAng">20756.4586666667</dst>
            <dst id="CHINng">1114377.54666667</dst>
            <dst id="DNVRng">9340.536</dst>
            <dst id="HSTNng">34183.08</dst>
            <dst id="IPLSng">48527.448</dst>
            <dst id="KSCYng">20655.0346666667</dst>
            <dst id="LOSAng">18307.7973333333</dst>
            <dst id="NYCMng">86822.888</dst>
            <dst id="SNVAng">9137.376</dst>
            <dst id="STTLng">20282.7786666667</dst>
            <dst id="WASHng">102326.922666667</dst>
        </src>
        <src id="NYCMng">
            <dst id="ATLA-M5">2087.97866666667</dst>
            <dst id="ATLAng">28975.0346666667</dst>
            <dst id="CHINng">56081.2906666667</dst>
            <dst id="DNVRng">41495.712</dst>
            <dst id="HSTNng">18122.0426666667</dst>
            <dst id="IPLSng">73333.896</dst>
            <dst id="KSCYng">19415.8666666667</dst>
            <dst id="LOSAng">68718.336</dst>
            <dst id="NYCMng">216385.029333333</dst>
            <dst id="SNVAng">6095.91733333333</dst>
            <dst id="STTLng">20229.9386666667</dst>
            <dst id="WASHng">166295.482666667</dst>
        </src>
        <src id="SNVAng">
            <dst id="ATLA-M5">144.664</dst>
            <dst id="ATLAng">151.424</dst>
            <dst id="CHINng">1345.33866666667</dst>
            <dst id="DNVRng">4794.95466666667</dst>
            <dst id="HSTNng">852.642666666667</dst>
            <dst id="IPLSng">1694.63466666667</dst>
            <dst id="KSCYng">614.349333333333</dst>
            <dst id="LOSAng">32495.6053333333</dst>
            <dst id="NYCMng">644.072</dst>
            <dst id="SNVAng">15211.6426666667</dst>
            <dst id="STTLng">53462.7626666667</dst>
            <dst id="WASHng">1762.68266666667</dst>
        </src>
        <src id="STTLng">
            <dst id="ATLA-M5">291.149333333333</dst>
            <dst id="ATLAng">8694.65866666667</dst>
            <dst id="CHINng">16165.864</dst>
            <dst id="DNVRng">7327.44</dst>
            <dst id="HSTNng">10656.5226666667</dst>
            <dst id="IPLSng">15953.4613333333</dst>
            <dst id="KSCYng">5829.14133333333</dst>
            <dst id="LOSAng">19118.32</dst>
            <dst id="NYCMng">7764.328</dst>
            <dst id="SNVAng">3411.89333333333</dst>
            <dst id="STTLng">8557.86133333333</dst>
            <dst id="WASHng">11436.0773333333</dst>
        </src>
        <src id="WASHng">
            <dst id="ATLA-M5">1207.47733333333</dst>
            <dst id="ATLAng">229374.24</dst>
            <dst id="CHINng">76961.0106666667</dst>
            <dst id="DNVRng">66312.6213333333</dst>
            <dst id="HSTNng">25345.76</dst>
            <dst id="IPLSng">92458.9866666667</dst>
            <dst id="KSCYng">21017.8026666667</dst>
            <dst id="LOSAng">119901.256</dst>
            <dst id="NYCMng">192810.314666667</dst>
            <dst id="SNVAng">7294.912</dst>
            <dst id="STTLng">30235.6026666667</dst>
            <dst id="WASHng">250025.109333333</dst>
        </src>
    </IntraTM>
</TrafficMatrixFile>
