<?xml version="1.0" encoding="ISO-8859-1" standalone="yes"?>
<TrafficMatrixFile xsi:noNamespaceSchemaLocation="http://totem.run.montefiore.ulg.ac.be/Schema/TrafficMatrix-v1_2.xsd" xmlns:xsi="http://www.w3.org/2001/XMLSchema-instance">
    <IntraTM ASID="11537">
        <src id="ATLA-M5">
            <dst id="ATLA-M5">101.824</dst>
            <dst id="ATLAng">1032.432</dst>
            <dst id="CHINng">367.069333333333</dst>
            <dst id="DNVRng">479.712</dst>
            <dst id="HSTNng">213.874666666667</dst>
            <dst id="IPLSng">643.626666666667</dst>
            <dst id="KSCYng">712.824</dst>
            <dst id="LOSAng">833.704</dst>
            <dst id="NYCMng">291.426666666667</dst>
            <dst id="SNVAng">26.6666666666667</dst>
            <dst id="STTLng">53.3333333333333</dst>
            <dst id="WASHng">2974.56266666667</dst>
        </src>
        <src id="ATLAng">
            <dst id="ATLA-M5">774.061333333333</dst>
            <dst id="ATLAng">22570.1973333333</dst>
            <dst id="CHINng">20398.2373333333</dst>
            <dst id="DNVRng">7817.18133333333</dst>
            <dst id="HSTNng">2075.98933333333</dst>
            <dst id="IPLSng">21762.2853333333</dst>
            <dst id="KSCYng">2875.536</dst>
            <dst id="LOSAng">23870.0266666667</dst>
            <dst id="NYCMng">8038.848</dst>
            <dst id="SNVAng">1876.12</dst>
            <dst id="STTLng">7722.03466666667</dst>
            <dst id="WASHng">63406.6186666667</dst>
        </src>
        <src id="CHINng">
            <dst id="ATLA-M5">1700.95466666667</dst>
            <dst id="ATLAng">49016.92</dst>
            <dst id="CHINng">100145.498666667</dst>
            <dst id="DNVRng">22338.288</dst>
            <dst id="HSTNng">56592.232</dst>
            <dst id="IPLSng">77594.7386666667</dst>
            <dst id="KSCYng">16076.6666666667</dst>
            <dst id="LOSAng">69373.2106666667</dst>
            <dst id="NYCMng">30466.864</dst>
            <dst id="SNVAng">4217.34666666667</dst>
            <dst id="STTLng">11227.096</dst>
            <dst id="WASHng">46752.5013333333</dst>
        </src>
        <src id="DNVRng">
            <dst id="ATLA-M5">273.485333333333</dst>
            <dst id="ATLAng">5783.40533333333</dst>
            <dst id="CHINng">74872.3653333333</dst>
            <dst id="DNVRng">6274.50933333333</dst>
            <dst id="HSTNng">9702.89066666667</dst>
            <dst id="IPLSng">24791.216</dst>
            <dst id="KSCYng">8885.95733333333</dst>
            <dst id="LOSAng">30609.2373333333</dst>
            <dst id="NYCMng">27356.0933333333</dst>
            <dst id="SNVAng">8738.95466666666</dst>
            <dst id="STTLng">12112.5946666667</dst>
            <dst id="WASHng">55252.208</dst>
        </src>
        <src id="HSTNng">
            <dst id="ATLA-M5">865.618666666667</dst>
            <dst id="ATLAng">4983.656</dst>
            <dst id="CHINng">18882.5946666667</dst>
            <dst id="DNVRng">5358.28</dst>
            <dst id="HSTNng">8752.46666666667</dst>
            <dst id="IPLSng">5252.01066666667</dst>
            <dst id="KSCYng">2934.968</dst>
            <dst id="LOSAng">9205.08533333333</dst>
            <dst id="NYCMng">8750.25866666667</dst>
            <dst id="SNVAng">2139.43466666667</dst>
            <dst id="STTLng">2106.10133333333</dst>
            <dst id="WASHng">10858.992</dst>
        </src>
        <src id="IPLSng">
            <dst id="ATLA-M5">719.149333333333</dst>
            <dst id="ATLAng">35666.4853333333</dst>
            <dst id="CHINng">130086.485333333</dst>
            <dst id="DNVRng">29132.448</dst>
            <dst id="HSTNng">5823.86133333333</dst>
            <dst id="IPLSng">32465.376</dst>
            <dst id="KSCYng">9994.44533333333</dst>
            <dst id="LOSAng">76404.2533333333</dst>
            <dst id="NYCMng">87613.3546666667</dst>
            <dst id="SNVAng">3181.592</dst>
            <dst id="STTLng">15781.624</dst>
            <dst id="WASHng">54608.1173333333</dst>
        </src>
        <src id="KSCYng">
            <dst id="ATLA-M5">433.824</dst>
            <dst id="ATLAng">6062.864</dst>
            <dst id="CHINng">23532.7493333333</dst>
            <dst id="DNVRng">13183.4106666667</dst>
            <dst id="HSTNng">6979.504</dst>
            <dst id="IPLSng">13668.8373333333</dst>
            <dst id="KSCYng">7033.192</dst>
            <dst id="LOSAng">23102.008</dst>
            <dst id="NYCMng">4364.00533333333</dst>
            <dst id="SNVAng">1371.92533333333</dst>
            <dst id="STTLng">1154.42133333333</dst>
            <dst id="WASHng">18321.656</dst>
        </src>
        <src id="LOSAng">
            <dst id="ATLA-M5">2433.064</dst>
            <dst id="ATLAng">30781.0026666667</dst>
            <dst id="CHINng">677374.48</dst>
            <dst id="DNVRng">15005.5973333333</dst>
            <dst id="HSTNng">9593.112</dst>
            <dst id="IPLSng">47521.0826666667</dst>
            <dst id="KSCYng">13052.3226666667</dst>
            <dst id="LOSAng">17299.5786666667</dst>
            <dst id="NYCMng">65981.9306666667</dst>
            <dst id="SNVAng">9899.632</dst>
            <dst id="STTLng">32727.8906666667</dst>
            <dst id="WASHng">100474.053333333</dst>
        </src>
        <src id="NYCMng">
            <dst id="ATLA-M5">1855.632</dst>
            <dst id="ATLAng">65585.328</dst>
            <dst id="CHINng">65978.4453333333</dst>
            <dst id="DNVRng">37924.592</dst>
            <dst id="HSTNng">17761.2586666667</dst>
            <dst id="IPLSng">89135.8293333333</dst>
            <dst id="KSCYng">26256.816</dst>
            <dst id="LOSAng">87199.744</dst>
            <dst id="NYCMng">184013.792</dst>
            <dst id="SNVAng">7826.30133333333</dst>
            <dst id="STTLng">28180.024</dst>
            <dst id="WASHng">116221.72</dst>
        </src>
        <src id="SNVAng">
            <dst id="ATLA-M5">26.6666666666667</dst>
            <dst id="ATLAng">366.461333333333</dst>
            <dst id="CHINng">1500.76</dst>
            <dst id="DNVRng">25994.3253333333</dst>
            <dst id="HSTNng">383.016</dst>
            <dst id="IPLSng">6632.39733333333</dst>
            <dst id="KSCYng">432.778666666667</dst>
            <dst id="LOSAng">61760.5493333333</dst>
            <dst id="NYCMng">1271.84266666667</dst>
            <dst id="SNVAng">20033.8906666667</dst>
            <dst id="STTLng">60745.9813333333</dst>
            <dst id="WASHng">1232.408</dst>
        </src>
        <src id="STTLng">
            <dst id="ATLA-M5">108.829333333333</dst>
            <dst id="ATLAng">11246.3546666667</dst>
            <dst id="CHINng">12443.208</dst>
            <dst id="DNVRng">7109.86133333333</dst>
            <dst id="HSTNng">9400.36266666667</dst>
            <dst id="IPLSng">10210.608</dst>
            <dst id="KSCYng">3355.39466666667</dst>
            <dst id="LOSAng">33357.4453333333</dst>
            <dst id="NYCMng">7705.224</dst>
            <dst id="SNVAng">3553.80533333333</dst>
            <dst id="STTLng">1440.31466666667</dst>
            <dst id="WASHng">7976.72266666667</dst>
        </src>
        <src id="WASHng">
            <dst id="ATLA-M5">466.514666666667</dst>
            <dst id="ATLAng">113679.354666667</dst>
            <dst id="CHINng">67277.9893333333</dst>
            <dst id="DNVRng">45982.2053333333</dst>
            <dst id="HSTNng">22372.0586666667</dst>
            <dst id="IPLSng">61796.056</dst>
            <dst id="KSCYng">22074.3813333333</dst>
            <dst id="LOSAng">114611.618666667</dst>
            <dst id="NYCMng">185263.602666667</dst>
            <dst id="SNVAng">6559.19733333333</dst>
            <dst id="STTLng">27236.04</dst>
            <dst id="WASHng">227928.781333333</dst>
        </src>
    </IntraTM>
</TrafficMatrixFile>
