<?xml version="1.0" encoding="ISO-8859-1" standalone="yes"?>
<TrafficMatrixFile xsi:noNamespaceSchemaLocation="http://totem.run.montefiore.ulg.ac.be/Schema/TrafficMatrix-v1_2.xsd" xmlns:xsi="http://www.w3.org/2001/XMLSchema-instance">
    <IntraTM ASID="11537">
        <src id="ATLA-M5">
            <dst id="ATLA-M5">67.7306666666667</dst>
            <dst id="ATLAng">66.6666666666667</dst>
            <dst id="CHINng">774.477333333333</dst>
            <dst id="DNVRng">53.3333333333333</dst>
            <dst id="HSTNng">837.784</dst>
            <dst id="IPLSng">164.050666666667</dst>
            <dst id="KSCYng">80.6613333333333</dst>
            <dst id="LOSAng">211.392</dst>
            <dst id="NYCMng">209.706666666667</dst>
            <dst id="SNVAng">0</dst>
            <dst id="STTLng">26.6666666666667</dst>
            <dst id="WASHng">1414.888</dst>
        </src>
        <src id="ATLAng">
            <dst id="ATLA-M5">197.914666666667</dst>
            <dst id="ATLAng">27430.9333333333</dst>
            <dst id="CHINng">23574.496</dst>
            <dst id="DNVRng">6794.29333333333</dst>
            <dst id="HSTNng">2518.97866666667</dst>
            <dst id="IPLSng">26557.1146666667</dst>
            <dst id="KSCYng">3272.504</dst>
            <dst id="LOSAng">30403.0053333333</dst>
            <dst id="NYCMng">7882.6</dst>
            <dst id="SNVAng">1325.512</dst>
            <dst id="STTLng">5044.00266666667</dst>
            <dst id="WASHng">35033.2453333333</dst>
        </src>
        <src id="CHINng">
            <dst id="ATLA-M5">472.338666666667</dst>
            <dst id="ATLAng">27594.92</dst>
            <dst id="CHINng">95724.4693333333</dst>
            <dst id="DNVRng">18957.624</dst>
            <dst id="HSTNng">59037.336</dst>
            <dst id="IPLSng">50073.4746666667</dst>
            <dst id="KSCYng">16573.5733333333</dst>
            <dst id="LOSAng">83855.7866666667</dst>
            <dst id="NYCMng">30264.5786666667</dst>
            <dst id="SNVAng">4853.752</dst>
            <dst id="STTLng">10662.152</dst>
            <dst id="WASHng">26972.9706666667</dst>
        </src>
        <src id="DNVRng">
            <dst id="ATLA-M5">180.032</dst>
            <dst id="ATLAng">4296.288</dst>
            <dst id="CHINng">76057.6933333333</dst>
            <dst id="DNVRng">13008.728</dst>
            <dst id="HSTNng">16374.9546666667</dst>
            <dst id="IPLSng">30410.3013333333</dst>
            <dst id="KSCYng">17931.5893333333</dst>
            <dst id="LOSAng">6728.70933333333</dst>
            <dst id="NYCMng">17960.4026666667</dst>
            <dst id="SNVAng">10182.3333333333</dst>
            <dst id="STTLng">9564.144</dst>
            <dst id="WASHng">51420.4773333333</dst>
        </src>
        <src id="HSTNng">
            <dst id="ATLA-M5">5061.46133333333</dst>
            <dst id="ATLAng">2139.968</dst>
            <dst id="CHINng">12702.7573333333</dst>
            <dst id="DNVRng">2747.85333333333</dst>
            <dst id="HSTNng">7402.33866666667</dst>
            <dst id="IPLSng">5978.464</dst>
            <dst id="KSCYng">4233.22133333333</dst>
            <dst id="LOSAng">6158.44533333333</dst>
            <dst id="NYCMng">2958.34133333333</dst>
            <dst id="SNVAng">1540.81866666667</dst>
            <dst id="STTLng">1965.856</dst>
            <dst id="WASHng">9314.808</dst>
        </src>
        <src id="IPLSng">
            <dst id="ATLA-M5">369.261333333333</dst>
            <dst id="ATLAng">39155.704</dst>
            <dst id="CHINng">106021.026666667</dst>
            <dst id="DNVRng">14898.7866666667</dst>
            <dst id="HSTNng">7934.68533333333</dst>
            <dst id="IPLSng">21420.648</dst>
            <dst id="KSCYng">14280.9333333333</dst>
            <dst id="LOSAng">34853.288</dst>
            <dst id="NYCMng">52956.984</dst>
            <dst id="SNVAng">1939.52266666667</dst>
            <dst id="STTLng">10391.8026666667</dst>
            <dst id="WASHng">44884.9866666667</dst>
        </src>
        <src id="KSCYng">
            <dst id="ATLA-M5">178.602666666667</dst>
            <dst id="ATLAng">2571.41066666667</dst>
            <dst id="CHINng">25755.5093333333</dst>
            <dst id="DNVRng">17758.2506666667</dst>
            <dst id="HSTNng">4539.31733333333</dst>
            <dst id="IPLSng">14311.6906666667</dst>
            <dst id="KSCYng">11882.0373333333</dst>
            <dst id="LOSAng">8473.69866666667</dst>
            <dst id="NYCMng">5024.112</dst>
            <dst id="SNVAng">1216.392</dst>
            <dst id="STTLng">1942.352</dst>
            <dst id="WASHng">16286.4426666667</dst>
        </src>
        <src id="LOSAng">
            <dst id="ATLA-M5">1168.13866666667</dst>
            <dst id="ATLAng">14715.704</dst>
            <dst id="CHINng">86396.5466666667</dst>
            <dst id="DNVRng">14667.064</dst>
            <dst id="HSTNng">20318.0826666667</dst>
            <dst id="IPLSng">45448.9493333333</dst>
            <dst id="KSCYng">10209.944</dst>
            <dst id="LOSAng">13811.544</dst>
            <dst id="NYCMng">68886.1546666667</dst>
            <dst id="SNVAng">7019.13066666667</dst>
            <dst id="STTLng">26533.9013333333</dst>
            <dst id="WASHng">99212.0506666667</dst>
        </src>
        <src id="NYCMng">
            <dst id="ATLA-M5">538.664</dst>
            <dst id="ATLAng">36816.496</dst>
            <dst id="CHINng">52116.5866666667</dst>
            <dst id="DNVRng">33759.0106666667</dst>
            <dst id="HSTNng">16975.3493333333</dst>
            <dst id="IPLSng">52066.912</dst>
            <dst id="KSCYng">18706.9386666667</dst>
            <dst id="LOSAng">81809.2533333333</dst>
            <dst id="NYCMng">179035.522666667</dst>
            <dst id="SNVAng">5031.79466666667</dst>
            <dst id="STTLng">23049.08</dst>
            <dst id="WASHng">167110.24</dst>
        </src>
        <src id="SNVAng">
            <dst id="ATLA-M5">0</dst>
            <dst id="ATLAng">207.016</dst>
            <dst id="CHINng">3520.68533333333</dst>
            <dst id="DNVRng">10006.4826666667</dst>
            <dst id="HSTNng">295</dst>
            <dst id="IPLSng">940.554666666667</dst>
            <dst id="KSCYng">435.717333333333</dst>
            <dst id="LOSAng">59989.5146666667</dst>
            <dst id="NYCMng">962.106666666667</dst>
            <dst id="SNVAng">18089.776</dst>
            <dst id="STTLng">56800.7226666667</dst>
            <dst id="WASHng">987.845333333333</dst>
        </src>
        <src id="STTLng">
            <dst id="ATLA-M5">305.026666666667</dst>
            <dst id="ATLAng">10331.7466666667</dst>
            <dst id="CHINng">9594.88</dst>
            <dst id="DNVRng">1871.63466666667</dst>
            <dst id="HSTNng">7877.51466666667</dst>
            <dst id="IPLSng">10844.6506666667</dst>
            <dst id="KSCYng">3579.15466666667</dst>
            <dst id="LOSAng">20399.272</dst>
            <dst id="NYCMng">6998.856</dst>
            <dst id="SNVAng">4793.18933333333</dst>
            <dst id="STTLng">4058.888</dst>
            <dst id="WASHng">5211.4</dst>
        </src>
        <src id="WASHng">
            <dst id="ATLA-M5">348.661333333333</dst>
            <dst id="ATLAng">76243.128</dst>
            <dst id="CHINng">75247.304</dst>
            <dst id="DNVRng">67449.0026666667</dst>
            <dst id="HSTNng">21295.384</dst>
            <dst id="IPLSng">68463.7226666667</dst>
            <dst id="KSCYng">24909.0906666667</dst>
            <dst id="LOSAng">110561.677333333</dst>
            <dst id="NYCMng">175876.850666667</dst>
            <dst id="SNVAng">3195.80533333333</dst>
            <dst id="STTLng">32787.5253333333</dst>
            <dst id="WASHng">358558.106666667</dst>
        </src>
    </IntraTM>
</TrafficMatrixFile>
