<?xml version="1.0" encoding="ISO-8859-1" standalone="yes"?>
<TrafficMatrixFile xsi:noNamespaceSchemaLocation="http://totem.run.montefiore.ulg.ac.be/Schema/TrafficMatrix-v1_2.xsd" xmlns:xsi="http://www.w3.org/2001/XMLSchema-instance">
    <IntraTM ASID="11537">
        <src id="ATLA-M5">
            <dst id="ATLA-M5">1111.104</dst>
            <dst id="ATLAng">110.530666666667</dst>
            <dst id="CHINng">169.234666666667</dst>
            <dst id="DNVRng">26.6666666666667</dst>
            <dst id="HSTNng">236.794666666667</dst>
            <dst id="IPLSng">605.781333333333</dst>
            <dst id="KSCYng">179.490666666667</dst>
            <dst id="LOSAng">261.021333333333</dst>
            <dst id="NYCMng">33.9546666666667</dst>
            <dst id="SNVAng">0</dst>
            <dst id="STTLng">53.3333333333333</dst>
            <dst id="WASHng">2504.75733333333</dst>
        </src>
        <src id="ATLAng">
            <dst id="ATLA-M5">1528.36266666667</dst>
            <dst id="ATLAng">30785.4373333333</dst>
            <dst id="CHINng">22664.6773333333</dst>
            <dst id="DNVRng">4911.776</dst>
            <dst id="HSTNng">9173.74933333334</dst>
            <dst id="IPLSng">23934.4853333333</dst>
            <dst id="KSCYng">1818.592</dst>
            <dst id="LOSAng">19873.3413333333</dst>
            <dst id="NYCMng">8869.648</dst>
            <dst id="SNVAng">263.456</dst>
            <dst id="STTLng">6593.09333333333</dst>
            <dst id="WASHng">46258.2693333333</dst>
        </src>
        <src id="CHINng">
            <dst id="ATLA-M5">892.002666666667</dst>
            <dst id="ATLAng">19292.2746666667</dst>
            <dst id="CHINng">121526.909333333</dst>
            <dst id="DNVRng">20928.8106666667</dst>
            <dst id="HSTNng">55357.0613333333</dst>
            <dst id="IPLSng">68259.592</dst>
            <dst id="KSCYng">15202.7413333333</dst>
            <dst id="LOSAng">1791176.10666667</dst>
            <dst id="NYCMng">24641.8133333333</dst>
            <dst id="SNVAng">3056.31733333333</dst>
            <dst id="STTLng">9231.12533333333</dst>
            <dst id="WASHng">36856.8533333333</dst>
        </src>
        <src id="DNVRng">
            <dst id="ATLA-M5">579.056</dst>
            <dst id="ATLAng">8062.184</dst>
            <dst id="CHINng">62752.0693333333</dst>
            <dst id="DNVRng">17451.76</dst>
            <dst id="HSTNng">16511.592</dst>
            <dst id="IPLSng">53030.8346666667</dst>
            <dst id="KSCYng">22663.5066666667</dst>
            <dst id="LOSAng">6293.93333333333</dst>
            <dst id="NYCMng">19874.5733333333</dst>
            <dst id="SNVAng">11947.448</dst>
            <dst id="STTLng">14234.9866666667</dst>
            <dst id="WASHng">45490.376</dst>
        </src>
        <src id="HSTNng">
            <dst id="ATLA-M5">4163.91733333333</dst>
            <dst id="ATLAng">3274.056</dst>
            <dst id="CHINng">19534.0106666667</dst>
            <dst id="DNVRng">3678.23466666667</dst>
            <dst id="HSTNng">5687.80533333333</dst>
            <dst id="IPLSng">4268.92533333333</dst>
            <dst id="KSCYng">3603.13066666667</dst>
            <dst id="LOSAng">3639.99466666667</dst>
            <dst id="NYCMng">8495.584</dst>
            <dst id="SNVAng">850.218666666667</dst>
            <dst id="STTLng">1961.43733333333</dst>
            <dst id="WASHng">9550.888</dst>
        </src>
        <src id="IPLSng">
            <dst id="ATLA-M5">369.858666666667</dst>
            <dst id="ATLAng">23554.9573333333</dst>
            <dst id="CHINng">111963.685333333</dst>
            <dst id="DNVRng">19293.6373333333</dst>
            <dst id="HSTNng">6379.79733333333</dst>
            <dst id="IPLSng">29208.232</dst>
            <dst id="KSCYng">10916.4613333333</dst>
            <dst id="LOSAng">41360.5893333333</dst>
            <dst id="NYCMng">53738.952</dst>
            <dst id="SNVAng">1460.104</dst>
            <dst id="STTLng">19675.9226666667</dst>
            <dst id="WASHng">35471.1093333333</dst>
        </src>
        <src id="KSCYng">
            <dst id="ATLA-M5">138.506666666667</dst>
            <dst id="ATLAng">2260.576</dst>
            <dst id="CHINng">23198.6506666667</dst>
            <dst id="DNVRng">8976.70133333333</dst>
            <dst id="HSTNng">3578.232</dst>
            <dst id="IPLSng">15379.568</dst>
            <dst id="KSCYng">9890.656</dst>
            <dst id="LOSAng">6534.464</dst>
            <dst id="NYCMng">10574.9946666667</dst>
            <dst id="SNVAng">223.269333333333</dst>
            <dst id="STTLng">1184</dst>
            <dst id="WASHng">17625.4586666667</dst>
        </src>
        <src id="LOSAng">
            <dst id="ATLA-M5">1682.768</dst>
            <dst id="ATLAng">20154.9306666667</dst>
            <dst id="CHINng">1083007.49333333</dst>
            <dst id="DNVRng">6838.776</dst>
            <dst id="HSTNng">18692.9386666667</dst>
            <dst id="IPLSng">44825.9413333333</dst>
            <dst id="KSCYng">14916.04</dst>
            <dst id="LOSAng">7777.16266666667</dst>
            <dst id="NYCMng">81531.0826666667</dst>
            <dst id="SNVAng">10604.664</dst>
            <dst id="STTLng">28433.72</dst>
            <dst id="WASHng">107485.24</dst>
        </src>
        <src id="NYCMng">
            <dst id="ATLA-M5">2517.776</dst>
            <dst id="ATLAng">33825.0986666667</dst>
            <dst id="CHINng">58801.8346666666</dst>
            <dst id="DNVRng">35440.344</dst>
            <dst id="HSTNng">16519.0693333333</dst>
            <dst id="IPLSng">65301.904</dst>
            <dst id="KSCYng">16195.3653333333</dst>
            <dst id="LOSAng">66806.6026666667</dst>
            <dst id="NYCMng">198008.210666667</dst>
            <dst id="SNVAng">7825.104</dst>
            <dst id="STTLng">17408.232</dst>
            <dst id="WASHng">157308.946666667</dst>
        </src>
        <src id="SNVAng">
            <dst id="ATLA-M5">163.741333333333</dst>
            <dst id="ATLAng">598.856</dst>
            <dst id="CHINng">3092.056</dst>
            <dst id="DNVRng">4499.792</dst>
            <dst id="HSTNng">394.608</dst>
            <dst id="IPLSng">1395.64</dst>
            <dst id="KSCYng">286.949333333333</dst>
            <dst id="LOSAng">34985.1306666667</dst>
            <dst id="NYCMng">1433.072</dst>
            <dst id="SNVAng">13505.9226666667</dst>
            <dst id="STTLng">49436.5413333333</dst>
            <dst id="WASHng">1345.66133333333</dst>
        </src>
        <src id="STTLng">
            <dst id="ATLA-M5">137.386666666667</dst>
            <dst id="ATLAng">8791.96266666666</dst>
            <dst id="CHINng">20839.944</dst>
            <dst id="DNVRng">3664.33066666667</dst>
            <dst id="HSTNng">11442.2373333333</dst>
            <dst id="IPLSng">7811.256</dst>
            <dst id="KSCYng">5872.304</dst>
            <dst id="LOSAng">16556.7333333333</dst>
            <dst id="NYCMng">12520.32</dst>
            <dst id="SNVAng">3064.432</dst>
            <dst id="STTLng">8143.23733333333</dst>
            <dst id="WASHng">13430.0373333333</dst>
        </src>
        <src id="WASHng">
            <dst id="ATLA-M5">1280.35733333333</dst>
            <dst id="ATLAng">78866.1786666667</dst>
            <dst id="CHINng">93851.2693333333</dst>
            <dst id="DNVRng">58551.9706666667</dst>
            <dst id="HSTNng">19525.096</dst>
            <dst id="IPLSng">67324.336</dst>
            <dst id="KSCYng">18958.1973333333</dst>
            <dst id="LOSAng">110604.024</dst>
            <dst id="NYCMng">146091.181333333</dst>
            <dst id="SNVAng">13847.04</dst>
            <dst id="STTLng">37348.312</dst>
            <dst id="WASHng">235814.704</dst>
        </src>
    </IntraTM>
</TrafficMatrixFile>
