<?xml version="1.0" encoding="ISO-8859-1" standalone="yes"?>
<TrafficMatrixFile xsi:noNamespaceSchemaLocation="http://totem.run.montefiore.ulg.ac.be/Schema/TrafficMatrix-v1_2.xsd" xmlns:xsi="http://www.w3.org/2001/XMLSchema-instance">
    <IntraTM ASID="11537">
        <src id="ATLA-M5">
            <dst id="ATLA-M5">42.5706666666667</dst>
            <dst id="ATLAng">53.3333333333333</dst>
            <dst id="CHINng">270.309333333333</dst>
            <dst id="DNVRng">0</dst>
            <dst id="HSTNng">158.397333333333</dst>
            <dst id="IPLSng">259.490666666667</dst>
            <dst id="KSCYng">168.554666666667</dst>
            <dst id="LOSAng">57.1813333333333</dst>
            <dst id="NYCMng">1076.28266666667</dst>
            <dst id="SNVAng">38.7733333333333</dst>
            <dst id="STTLng">0</dst>
            <dst id="WASHng">366.717333333333</dst>
        </src>
        <src id="ATLAng">
            <dst id="ATLA-M5">181.029333333333</dst>
            <dst id="ATLAng">23004.5546666667</dst>
            <dst id="CHINng">18095.464</dst>
            <dst id="DNVRng">11700.7066666667</dst>
            <dst id="HSTNng">4870.704</dst>
            <dst id="IPLSng">15665.888</dst>
            <dst id="KSCYng">1800.56533333333</dst>
            <dst id="LOSAng">18162.2613333333</dst>
            <dst id="NYCMng">5964.968</dst>
            <dst id="SNVAng">159.373333333333</dst>
            <dst id="STTLng">5067.98666666667</dst>
            <dst id="WASHng">44450.2266666667</dst>
        </src>
        <src id="CHINng">
            <dst id="ATLA-M5">1376.432</dst>
            <dst id="ATLAng">18432.0693333333</dst>
            <dst id="CHINng">117881.072</dst>
            <dst id="DNVRng">24872.6</dst>
            <dst id="HSTNng">40804.536</dst>
            <dst id="IPLSng">50947.6666666667</dst>
            <dst id="KSCYng">9384.35733333333</dst>
            <dst id="LOSAng">44752.0693333333</dst>
            <dst id="NYCMng">16323.68</dst>
            <dst id="SNVAng">1981.624</dst>
            <dst id="STTLng">20369</dst>
            <dst id="WASHng">32796.12</dst>
        </src>
        <src id="DNVRng">
            <dst id="ATLA-M5">118.293333333333</dst>
            <dst id="ATLAng">3759.33333333333</dst>
            <dst id="CHINng">80096.9626666667</dst>
            <dst id="DNVRng">7006.58933333333</dst>
            <dst id="HSTNng">17619.632</dst>
            <dst id="IPLSng">24089.5573333333</dst>
            <dst id="KSCYng">15361.728</dst>
            <dst id="LOSAng">6271.39733333333</dst>
            <dst id="NYCMng">15427.144</dst>
            <dst id="SNVAng">4723.72533333333</dst>
            <dst id="STTLng">8289.15733333333</dst>
            <dst id="WASHng">39546.6586666667</dst>
        </src>
        <src id="HSTNng">
            <dst id="ATLA-M5">2411.84533333333</dst>
            <dst id="ATLAng">942.154666666667</dst>
            <dst id="CHINng">17417.8693333333</dst>
            <dst id="DNVRng">1098.37333333333</dst>
            <dst id="HSTNng">3817.84</dst>
            <dst id="IPLSng">11893.7626666667</dst>
            <dst id="KSCYng">5092.68</dst>
            <dst id="LOSAng">30917.176</dst>
            <dst id="NYCMng">4226.18133333333</dst>
            <dst id="SNVAng">383.448</dst>
            <dst id="STTLng">2479.09866666667</dst>
            <dst id="WASHng">5808.016</dst>
        </src>
        <src id="IPLSng">
            <dst id="ATLA-M5">357.741333333333</dst>
            <dst id="ATLAng">11374.88</dst>
            <dst id="CHINng">143161.605333333</dst>
            <dst id="DNVRng">13312.2293333333</dst>
            <dst id="HSTNng">5725.608</dst>
            <dst id="IPLSng">20289.9333333333</dst>
            <dst id="KSCYng">13425.728</dst>
            <dst id="LOSAng">48916.6773333333</dst>
            <dst id="NYCMng">77089.2853333333</dst>
            <dst id="SNVAng">727.464</dst>
            <dst id="STTLng">11014.0293333333</dst>
            <dst id="WASHng">42031.5306666667</dst>
        </src>
        <src id="KSCYng">
            <dst id="ATLA-M5">256.117333333333</dst>
            <dst id="ATLAng">1403.32</dst>
            <dst id="CHINng">34678.3626666667</dst>
            <dst id="DNVRng">9207.16533333333</dst>
            <dst id="HSTNng">4301.28533333333</dst>
            <dst id="IPLSng">11331.1786666667</dst>
            <dst id="KSCYng">6426.06133333333</dst>
            <dst id="LOSAng">15786.8213333333</dst>
            <dst id="NYCMng">7813.968</dst>
            <dst id="SNVAng">268.445333333333</dst>
            <dst id="STTLng">704.133333333333</dst>
            <dst id="WASHng">21748.24</dst>
        </src>
        <src id="LOSAng">
            <dst id="ATLA-M5">1238.032</dst>
            <dst id="ATLAng">16776.136</dst>
            <dst id="CHINng">81590.616</dst>
            <dst id="DNVRng">9365.70133333333</dst>
            <dst id="HSTNng">22242.4373333333</dst>
            <dst id="IPLSng">25548.9813333333</dst>
            <dst id="KSCYng">8870.54666666667</dst>
            <dst id="LOSAng">10692.656</dst>
            <dst id="NYCMng">55441.8426666667</dst>
            <dst id="SNVAng">8331.26666666667</dst>
            <dst id="STTLng">32028.1813333333</dst>
            <dst id="WASHng">84844.6986666667</dst>
        </src>
        <src id="NYCMng">
            <dst id="ATLA-M5">795.650666666667</dst>
            <dst id="ATLAng">20117.8053333333</dst>
            <dst id="CHINng">46792.8586666667</dst>
            <dst id="DNVRng">27568.2533333333</dst>
            <dst id="HSTNng">10943.096</dst>
            <dst id="IPLSng">40070.4506666667</dst>
            <dst id="KSCYng">12544.3093333333</dst>
            <dst id="LOSAng">54330.5146666667</dst>
            <dst id="NYCMng">183972.565333333</dst>
            <dst id="SNVAng">2145.33866666667</dst>
            <dst id="STTLng">24219.4373333333</dst>
            <dst id="WASHng">95665.136</dst>
        </src>
        <src id="SNVAng">
            <dst id="ATLA-M5">26.6666666666667</dst>
            <dst id="ATLAng">27.7546666666667</dst>
            <dst id="CHINng">1607.84266666667</dst>
            <dst id="DNVRng">1675.65333333333</dst>
            <dst id="HSTNng">248.736</dst>
            <dst id="IPLSng">3123.872</dst>
            <dst id="KSCYng">133.333333333333</dst>
            <dst id="LOSAng">35854.784</dst>
            <dst id="NYCMng">1133.06933333333</dst>
            <dst id="SNVAng">15104.1893333333</dst>
            <dst id="STTLng">58845.6346666667</dst>
            <dst id="WASHng">228.445333333333</dst>
        </src>
        <src id="STTLng">
            <dst id="ATLA-M5">234.928</dst>
            <dst id="ATLAng">5262.232</dst>
            <dst id="CHINng">18180.92</dst>
            <dst id="DNVRng">1293.87466666667</dst>
            <dst id="HSTNng">2392.69333333333</dst>
            <dst id="IPLSng">6522.552</dst>
            <dst id="KSCYng">2436.576</dst>
            <dst id="LOSAng">15944.1066666667</dst>
            <dst id="NYCMng">7986.8</dst>
            <dst id="SNVAng">4520.68533333333</dst>
            <dst id="STTLng">3483.424</dst>
            <dst id="WASHng">7584.184</dst>
        </src>
        <src id="WASHng">
            <dst id="ATLA-M5">1584.25866666667</dst>
            <dst id="ATLAng">89450.8586666666</dst>
            <dst id="CHINng">65222.8053333333</dst>
            <dst id="DNVRng">58238.68</dst>
            <dst id="HSTNng">10207.712</dst>
            <dst id="IPLSng">89022.3146666666</dst>
            <dst id="KSCYng">14875.5973333333</dst>
            <dst id="LOSAng">98261.672</dst>
            <dst id="NYCMng">222452.077333333</dst>
            <dst id="SNVAng">4708.46133333333</dst>
            <dst id="STTLng">27781.616</dst>
            <dst id="WASHng">376856</dst>
        </src>
    </IntraTM>
</TrafficMatrixFile>
