<?xml version="1.0" encoding="ISO-8859-1" standalone="yes"?>
<TrafficMatrixFile xsi:noNamespaceSchemaLocation="http://totem.run.montefiore.ulg.ac.be/Schema/TrafficMatrix-v1_2.xsd" xmlns:xsi="http://www.w3.org/2001/XMLSchema-instance">
    <IntraTM ASID="11537">
        <src id="ATLA-M5">
            <dst id="ATLA-M5">912.624</dst>
            <dst id="ATLAng">120</dst>
            <dst id="CHINng">1539.12533333333</dst>
            <dst id="DNVRng">53.3333333333333</dst>
            <dst id="HSTNng">126.52</dst>
            <dst id="IPLSng">372.784</dst>
            <dst id="KSCYng">969.168</dst>
            <dst id="LOSAng">172.632</dst>
            <dst id="NYCMng">134.186666666667</dst>
            <dst id="SNVAng">0</dst>
            <dst id="STTLng">62.5546666666667</dst>
            <dst id="WASHng">1833.89066666667</dst>
        </src>
        <src id="ATLAng">
            <dst id="ATLA-M5">717.141333333333</dst>
            <dst id="ATLAng">20508.6026666667</dst>
            <dst id="CHINng">19176.2453333333</dst>
            <dst id="DNVRng">22257.824</dst>
            <dst id="HSTNng">1474.09866666667</dst>
            <dst id="IPLSng">15422.824</dst>
            <dst id="KSCYng">2122.43733333333</dst>
            <dst id="LOSAng">18634.7866666667</dst>
            <dst id="NYCMng">11972.4613333333</dst>
            <dst id="SNVAng">112.541333333333</dst>
            <dst id="STTLng">6838.45333333333</dst>
            <dst id="WASHng">47268.64</dst>
        </src>
        <src id="CHINng">
            <dst id="ATLA-M5">492.714666666667</dst>
            <dst id="ATLAng">18025.7786666667</dst>
            <dst id="CHINng">115059.333333333</dst>
            <dst id="DNVRng">27683.0373333333</dst>
            <dst id="HSTNng">52292.5866666667</dst>
            <dst id="IPLSng">42336.5653333333</dst>
            <dst id="KSCYng">12627.872</dst>
            <dst id="LOSAng">43038.36</dst>
            <dst id="NYCMng">23505.4746666667</dst>
            <dst id="SNVAng">1673.19733333333</dst>
            <dst id="STTLng">20895.3786666667</dst>
            <dst id="WASHng">27577.6053333333</dst>
        </src>
        <src id="DNVRng">
            <dst id="ATLA-M5">450.962666666667</dst>
            <dst id="ATLAng">5610.17866666666</dst>
            <dst id="CHINng">49236.3013333334</dst>
            <dst id="DNVRng">12688.992</dst>
            <dst id="HSTNng">10988.8293333333</dst>
            <dst id="IPLSng">31113.6933333333</dst>
            <dst id="KSCYng">20436.848</dst>
            <dst id="LOSAng">5699.97866666667</dst>
            <dst id="NYCMng">18999.9093333333</dst>
            <dst id="SNVAng">11647.9226666667</dst>
            <dst id="STTLng">12200.4346666667</dst>
            <dst id="WASHng">46853.0906666667</dst>
        </src>
        <src id="HSTNng">
            <dst id="ATLA-M5">879.296</dst>
            <dst id="ATLAng">2477.8</dst>
            <dst id="CHINng">15877.4213333333</dst>
            <dst id="DNVRng">3252.58133333333</dst>
            <dst id="HSTNng">5974.344</dst>
            <dst id="IPLSng">4785.72</dst>
            <dst id="KSCYng">2543.02933333333</dst>
            <dst id="LOSAng">3880.10133333333</dst>
            <dst id="NYCMng">6354.82933333333</dst>
            <dst id="SNVAng">555.554666666667</dst>
            <dst id="STTLng">2112.36</dst>
            <dst id="WASHng">6999.768</dst>
        </src>
        <src id="IPLSng">
            <dst id="ATLA-M5">352.538666666667</dst>
            <dst id="ATLAng">14908.776</dst>
            <dst id="CHINng">113293.029333333</dst>
            <dst id="DNVRng">22254.9093333333</dst>
            <dst id="HSTNng">7777.232</dst>
            <dst id="IPLSng">16254.4746666667</dst>
            <dst id="KSCYng">5169.41333333333</dst>
            <dst id="LOSAng">32759.3173333333</dst>
            <dst id="NYCMng">48121.2506666667</dst>
            <dst id="SNVAng">1032.68533333333</dst>
            <dst id="STTLng">12539.3066666667</dst>
            <dst id="WASHng">53758.5013333333</dst>
        </src>
        <src id="KSCYng">
            <dst id="ATLA-M5">415.101333333333</dst>
            <dst id="ATLAng">2949.10666666667</dst>
            <dst id="CHINng">26378.84</dst>
            <dst id="DNVRng">16811.824</dst>
            <dst id="HSTNng">3398.80533333333</dst>
            <dst id="IPLSng">19059.416</dst>
            <dst id="KSCYng">6654.57333333333</dst>
            <dst id="LOSAng">5727.74133333333</dst>
            <dst id="NYCMng">10151.976</dst>
            <dst id="SNVAng">1229.06666666667</dst>
            <dst id="STTLng">2797.99733333333</dst>
            <dst id="WASHng">16908.1866666667</dst>
        </src>
        <src id="LOSAng">
            <dst id="ATLA-M5">1686.67733333333</dst>
            <dst id="ATLAng">45892.608</dst>
            <dst id="CHINng">1096876.82666667</dst>
            <dst id="DNVRng">10093.2506666667</dst>
            <dst id="HSTNng">10113.4</dst>
            <dst id="IPLSng">61398.576</dst>
            <dst id="KSCYng">10396.5893333333</dst>
            <dst id="LOSAng">10010.384</dst>
            <dst id="NYCMng">80399.056</dst>
            <dst id="SNVAng">11458.752</dst>
            <dst id="STTLng">31513.2346666667</dst>
            <dst id="WASHng">148262.330666667</dst>
        </src>
        <src id="NYCMng">
            <dst id="ATLA-M5">1446.89866666667</dst>
            <dst id="ATLAng">24794.6906666667</dst>
            <dst id="CHINng">53110.8026666667</dst>
            <dst id="DNVRng">35256.4586666667</dst>
            <dst id="HSTNng">9916.30933333333</dst>
            <dst id="IPLSng">51981.5306666667</dst>
            <dst id="KSCYng">12782.8106666667</dst>
            <dst id="LOSAng">46207.608</dst>
            <dst id="NYCMng">227436.341333333</dst>
            <dst id="SNVAng">2931.57333333333</dst>
            <dst id="STTLng">20553.2106666667</dst>
            <dst id="WASHng">145430.146666667</dst>
        </src>
        <src id="SNVAng">
            <dst id="ATLA-M5">0</dst>
            <dst id="ATLAng">107.554666666667</dst>
            <dst id="CHINng">1480.352</dst>
            <dst id="DNVRng">13038.5146666667</dst>
            <dst id="HSTNng">426.296</dst>
            <dst id="IPLSng">689.738666666667</dst>
            <dst id="KSCYng">61.1306666666667</dst>
            <dst id="LOSAng">33733.4506666667</dst>
            <dst id="NYCMng">620.269333333333</dst>
            <dst id="SNVAng">15325.096</dst>
            <dst id="STTLng">52006.208</dst>
            <dst id="WASHng">239.381333333333</dst>
        </src>
        <src id="STTLng">
            <dst id="ATLA-M5">274.978666666667</dst>
            <dst id="ATLAng">6922.528</dst>
            <dst id="CHINng">16695.088</dst>
            <dst id="DNVRng">2493.11466666667</dst>
            <dst id="HSTNng">10463.24</dst>
            <dst id="IPLSng">5716.27466666667</dst>
            <dst id="KSCYng">6504.67466666667</dst>
            <dst id="LOSAng">18991.1466666667</dst>
            <dst id="NYCMng">6652.216</dst>
            <dst id="SNVAng">3851.25866666667</dst>
            <dst id="STTLng">7541.83733333333</dst>
            <dst id="WASHng">9249.80533333334</dst>
        </src>
        <src id="WASHng">
            <dst id="ATLA-M5">963.12</dst>
            <dst id="ATLAng">75073.4986666667</dst>
            <dst id="CHINng">93171.2133333334</dst>
            <dst id="DNVRng">52402.9066666667</dst>
            <dst id="HSTNng">12527.4213333333</dst>
            <dst id="IPLSng">87484.1333333333</dst>
            <dst id="KSCYng">17130.472</dst>
            <dst id="LOSAng">123668.338666667</dst>
            <dst id="NYCMng">156454.157333333</dst>
            <dst id="SNVAng">1713.89866666667</dst>
            <dst id="STTLng">29035.7146666667</dst>
            <dst id="WASHng">271269.333333333</dst>
        </src>
    </IntraTM>
</TrafficMatrixFile>
