<?xml version="1.0" encoding="ISO-8859-1" standalone="yes"?>
<TrafficMatrixFile xsi:noNamespaceSchemaLocation="http://totem.run.montefiore.ulg.ac.be/Schema/TrafficMatrix-v1_2.xsd" xmlns:xsi="http://www.w3.org/2001/XMLSchema-instance">
    <IntraTM ASID="11537">
        <src id="ATLA-M5">
            <dst id="ATLA-M5">77.8986666666667</dst>
            <dst id="ATLAng">222.981333333333</dst>
            <dst id="CHINng">1554.21066666667</dst>
            <dst id="DNVRng">109.685333333333</dst>
            <dst id="HSTNng">361.482666666667</dst>
            <dst id="IPLSng">716.245333333333</dst>
            <dst id="KSCYng">1660.30933333333</dst>
            <dst id="LOSAng">383.133333333333</dst>
            <dst id="NYCMng">191.658666666667</dst>
            <dst id="SNVAng">49.464</dst>
            <dst id="STTLng">366.805333333333</dst>
            <dst id="WASHng">970.730666666666</dst>
        </src>
        <src id="ATLAng">
            <dst id="ATLA-M5">398.304</dst>
            <dst id="ATLAng">23904.072</dst>
            <dst id="CHINng">27450.28</dst>
            <dst id="DNVRng">4481.23733333333</dst>
            <dst id="HSTNng">2593.74933333333</dst>
            <dst id="IPLSng">23130.8773333333</dst>
            <dst id="KSCYng">3965.38133333333</dst>
            <dst id="LOSAng">24127.6173333333</dst>
            <dst id="NYCMng">11731.6853333333</dst>
            <dst id="SNVAng">1762.972</dst>
            <dst id="STTLng">4974.24533333333</dst>
            <dst id="WASHng">36097.688</dst>
        </src>
        <src id="CHINng">
            <dst id="ATLA-M5">1296.69066666667</dst>
            <dst id="ATLAng">34644.4133333333</dst>
            <dst id="CHINng">81277.0293333333</dst>
            <dst id="DNVRng">21809.3226666667</dst>
            <dst id="HSTNng">51484.656</dst>
            <dst id="IPLSng">53786.072</dst>
            <dst id="KSCYng">19035.448</dst>
            <dst id="LOSAng">80529.3946666667</dst>
            <dst id="NYCMng">31589.1066666667</dst>
            <dst id="SNVAng">5065.50133333333</dst>
            <dst id="STTLng">10651.4906666667</dst>
            <dst id="WASHng">31647.7813333333</dst>
        </src>
        <src id="DNVRng">
            <dst id="ATLA-M5">353.242666666667</dst>
            <dst id="ATLAng">4027.00266666667</dst>
            <dst id="CHINng">62067.5813333333</dst>
            <dst id="DNVRng">13677.9813333333</dst>
            <dst id="HSTNng">17542.3546666667</dst>
            <dst id="IPLSng">40321.7653333333</dst>
            <dst id="KSCYng">25460.84</dst>
            <dst id="LOSAng">33261.6213333333</dst>
            <dst id="NYCMng">16819.24</dst>
            <dst id="SNVAng">13815.2693333333</dst>
            <dst id="STTLng">14673.7866666667</dst>
            <dst id="WASHng">51226.1893333333</dst>
        </src>
        <src id="HSTNng">
            <dst id="ATLA-M5">738.437333333333</dst>
            <dst id="ATLAng">4254.456</dst>
            <dst id="CHINng">17230.4</dst>
            <dst id="DNVRng">2372.408</dst>
            <dst id="HSTNng">10906.0586666667</dst>
            <dst id="IPLSng">8418.69866666667</dst>
            <dst id="KSCYng">4398.01866666667</dst>
            <dst id="LOSAng">6923.536</dst>
            <dst id="NYCMng">7825.65066666667</dst>
            <dst id="SNVAng">1757.29333333333</dst>
            <dst id="STTLng">2395.824</dst>
            <dst id="WASHng">8072.07733333333</dst>
        </src>
        <src id="IPLSng">
            <dst id="ATLA-M5">399.832</dst>
            <dst id="ATLAng">26505.096</dst>
            <dst id="CHINng">101552.202666667</dst>
            <dst id="DNVRng">9865.37866666667</dst>
            <dst id="HSTNng">5390.03733333333</dst>
            <dst id="IPLSng">37899.1066666667</dst>
            <dst id="KSCYng">10181.6133333333</dst>
            <dst id="LOSAng">33777.8053333333</dst>
            <dst id="NYCMng">57422.5733333333</dst>
            <dst id="SNVAng">5479.68</dst>
            <dst id="STTLng">7599.32266666667</dst>
            <dst id="WASHng">47101.8133333333</dst>
        </src>
        <src id="KSCYng">
            <dst id="ATLA-M5">252.861333333333</dst>
            <dst id="ATLAng">4725.4</dst>
            <dst id="CHINng">23834.5413333333</dst>
            <dst id="DNVRng">20500.0426666667</dst>
            <dst id="HSTNng">7509.06933333333</dst>
            <dst id="IPLSng">17044.32</dst>
            <dst id="KSCYng">8694.35466666667</dst>
            <dst id="LOSAng">6763.18666666667</dst>
            <dst id="NYCMng">5225.58666666667</dst>
            <dst id="SNVAng">643.570666666667</dst>
            <dst id="STTLng">2746.368</dst>
            <dst id="WASHng">29929.648</dst>
        </src>
        <src id="LOSAng">
            <dst id="ATLA-M5">1787.28</dst>
            <dst id="ATLAng">22464.168</dst>
            <dst id="CHINng">93540.7253333333</dst>
            <dst id="DNVRng">22358.5546666667</dst>
            <dst id="HSTNng">6701.192</dst>
            <dst id="IPLSng">62923.6826666667</dst>
            <dst id="KSCYng">15596.9626666667</dst>
            <dst id="LOSAng">16232.1413333333</dst>
            <dst id="NYCMng">66255.536</dst>
            <dst id="SNVAng">11925.296</dst>
            <dst id="STTLng">28087.7066666667</dst>
            <dst id="WASHng">92754.8746666667</dst>
        </src>
        <src id="NYCMng">
            <dst id="ATLA-M5">1969.064</dst>
            <dst id="ATLAng">37127.528</dst>
            <dst id="CHINng">60973.736</dst>
            <dst id="DNVRng">40608.5093333333</dst>
            <dst id="HSTNng">26255.1893333333</dst>
            <dst id="IPLSng">55522.2746666667</dst>
            <dst id="KSCYng">25508.9146666667</dst>
            <dst id="LOSAng">77355.8426666667</dst>
            <dst id="NYCMng">191439.856</dst>
            <dst id="SNVAng">3327.512</dst>
            <dst id="STTLng">36364.6746666667</dst>
            <dst id="WASHng">136480.968</dst>
        </src>
        <src id="SNVAng">
            <dst id="ATLA-M5">0</dst>
            <dst id="ATLAng">384.186666666667</dst>
            <dst id="CHINng">2424.29333333333</dst>
            <dst id="DNVRng">9786.93066666667</dst>
            <dst id="HSTNng">1868.29066666667</dst>
            <dst id="IPLSng">5215.352</dst>
            <dst id="KSCYng">536.309333333333</dst>
            <dst id="LOSAng">52960.856</dst>
            <dst id="NYCMng">681.6</dst>
            <dst id="SNVAng">19792.096</dst>
            <dst id="STTLng">69979.7306666667</dst>
            <dst id="WASHng">1637.264</dst>
        </src>
        <src id="STTLng">
            <dst id="ATLA-M5">530.64</dst>
            <dst id="ATLAng">8197.93333333334</dst>
            <dst id="CHINng">12706.6586666667</dst>
            <dst id="DNVRng">2802.984</dst>
            <dst id="HSTNng">7888.72</dst>
            <dst id="IPLSng">8919.56</dst>
            <dst id="KSCYng">4033.2</dst>
            <dst id="LOSAng">24128.2666666667</dst>
            <dst id="NYCMng">7946.07466666667</dst>
            <dst id="SNVAng">4353.18666666667</dst>
            <dst id="STTLng">7860.92</dst>
            <dst id="WASHng">8700.49066666667</dst>
        </src>
        <src id="WASHng">
            <dst id="ATLA-M5">3903.952</dst>
            <dst id="ATLAng">89609.88</dst>
            <dst id="CHINng">119568.789333333</dst>
            <dst id="DNVRng">64865.664</dst>
            <dst id="HSTNng">35547.5333333333</dst>
            <dst id="IPLSng">58141.6293333333</dst>
            <dst id="KSCYng">20381.4986666667</dst>
            <dst id="LOSAng">127615.976</dst>
            <dst id="NYCMng">172336.170666667</dst>
            <dst id="SNVAng">3916.50666666667</dst>
            <dst id="STTLng">24300.608</dst>
            <dst id="WASHng">208258.829333333</dst>
        </src>
    </IntraTM>
</TrafficMatrixFile>
