<?xml version="1.0" encoding="ISO-8859-1" standalone="yes"?>
<TrafficMatrixFile xsi:noNamespaceSchemaLocation="http://totem.run.montefiore.ulg.ac.be/Schema/TrafficMatrix-v1_2.xsd" xmlns:xsi="http://www.w3.org/2001/XMLSchema-instance">
    <IntraTM ASID="11537">
        <src id="ATLA-M5">
            <dst id="ATLA-M5">39.9893333333333</dst>
            <dst id="ATLAng">208.173333333333</dst>
            <dst id="CHINng">529.221333333333</dst>
            <dst id="DNVRng">53.3333333333333</dst>
            <dst id="HSTNng">91.4133333333333</dst>
            <dst id="IPLSng">145.389333333333</dst>
            <dst id="KSCYng">93.032</dst>
            <dst id="LOSAng">511.522666666667</dst>
            <dst id="NYCMng">180.8</dst>
            <dst id="SNVAng">149.88</dst>
            <dst id="STTLng">108.490666666667</dst>
            <dst id="WASHng">172.234666666667</dst>
        </src>
        <src id="ATLAng">
            <dst id="ATLA-M5">119.528</dst>
            <dst id="ATLAng">25659.2293333333</dst>
            <dst id="CHINng">18295.1786666667</dst>
            <dst id="DNVRng">5625.45866666667</dst>
            <dst id="HSTNng">5570.87733333333</dst>
            <dst id="IPLSng">23088.5306666667</dst>
            <dst id="KSCYng">2373.66133333333</dst>
            <dst id="LOSAng">19270.984</dst>
            <dst id="NYCMng">11853.448</dst>
            <dst id="SNVAng">847.149333333333</dst>
            <dst id="STTLng">4332.104</dst>
            <dst id="WASHng">32817.5813333333</dst>
        </src>
        <src id="CHINng">
            <dst id="ATLA-M5">1389.32</dst>
            <dst id="ATLAng">31000.6453333333</dst>
            <dst id="CHINng">88748.9733333333</dst>
            <dst id="DNVRng">14433.848</dst>
            <dst id="HSTNng">47927.576</dst>
            <dst id="IPLSng">47456.528</dst>
            <dst id="KSCYng">11712.8906666667</dst>
            <dst id="LOSAng">66914.1786666667</dst>
            <dst id="NYCMng">18085.888</dst>
            <dst id="SNVAng">2496.92</dst>
            <dst id="STTLng">15351.632</dst>
            <dst id="WASHng">29225.9253333333</dst>
        </src>
        <src id="DNVRng">
            <dst id="ATLA-M5">128.717333333333</dst>
            <dst id="ATLAng">6928.95733333333</dst>
            <dst id="CHINng">66943.776</dst>
            <dst id="DNVRng">34043.512</dst>
            <dst id="HSTNng">13735.08</dst>
            <dst id="IPLSng">25895.1466666667</dst>
            <dst id="KSCYng">23311.2</dst>
            <dst id="LOSAng">8158.81866666667</dst>
            <dst id="NYCMng">21139.9546666667</dst>
            <dst id="SNVAng">11949.376</dst>
            <dst id="STTLng">10429.6</dst>
            <dst id="WASHng">42802.0506666667</dst>
        </src>
        <src id="HSTNng">
            <dst id="ATLA-M5">1976.58133333333</dst>
            <dst id="ATLAng">2574.30666666667</dst>
            <dst id="CHINng">16770.8106666667</dst>
            <dst id="DNVRng">2409.98933333333</dst>
            <dst id="HSTNng">7050.56533333333</dst>
            <dst id="IPLSng">7086.864</dst>
            <dst id="KSCYng">2217.62666666667</dst>
            <dst id="LOSAng">4417.904</dst>
            <dst id="NYCMng">4098.70133333333</dst>
            <dst id="SNVAng">1485.912</dst>
            <dst id="STTLng">2198.19733333333</dst>
            <dst id="WASHng">17677.4293333333</dst>
        </src>
        <src id="IPLSng">
            <dst id="ATLA-M5">531.765333333333</dst>
            <dst id="ATLAng">23072.8053333333</dst>
            <dst id="CHINng">95803.4426666667</dst>
            <dst id="DNVRng">21624.832</dst>
            <dst id="HSTNng">7857.50133333333</dst>
            <dst id="IPLSng">17927.2133333333</dst>
            <dst id="KSCYng">8091.30666666667</dst>
            <dst id="LOSAng">44440.4106666667</dst>
            <dst id="NYCMng">25302.296</dst>
            <dst id="SNVAng">2907.86133333333</dst>
            <dst id="STTLng">9562.14933333333</dst>
            <dst id="WASHng">31071.0853333333</dst>
        </src>
        <src id="KSCYng">
            <dst id="ATLA-M5">53.3333333333333</dst>
            <dst id="ATLAng">2395.65333333333</dst>
            <dst id="CHINng">23801.824</dst>
            <dst id="DNVRng">12621.9973333333</dst>
            <dst id="HSTNng">4160.07733333333</dst>
            <dst id="IPLSng">9816.74933333333</dst>
            <dst id="KSCYng">10270.192</dst>
            <dst id="LOSAng">6738.53866666667</dst>
            <dst id="NYCMng">5226.49866666667</dst>
            <dst id="SNVAng">467.266666666667</dst>
            <dst id="STTLng">3441.728</dst>
            <dst id="WASHng">12584.664</dst>
        </src>
        <src id="LOSAng">
            <dst id="ATLA-M5">1178.33866666667</dst>
            <dst id="ATLAng">12048.296</dst>
            <dst id="CHINng">82276.888</dst>
            <dst id="DNVRng">11737.4826666667</dst>
            <dst id="HSTNng">4715.86666666667</dst>
            <dst id="IPLSng">42333.4853333333</dst>
            <dst id="KSCYng">8269.26133333333</dst>
            <dst id="LOSAng">10765.9893333333</dst>
            <dst id="NYCMng">58917.992</dst>
            <dst id="SNVAng">12334.2773333333</dst>
            <dst id="STTLng">18232.368</dst>
            <dst id="WASHng">122899.213333333</dst>
        </src>
        <src id="NYCMng">
            <dst id="ATLA-M5">599.165333333333</dst>
            <dst id="ATLAng">27191.24</dst>
            <dst id="CHINng">62671.88</dst>
            <dst id="DNVRng">40099.76</dst>
            <dst id="HSTNng">10730.464</dst>
            <dst id="IPLSng">47041.3973333333</dst>
            <dst id="KSCYng">17589.0213333333</dst>
            <dst id="LOSAng">77640.1866666667</dst>
            <dst id="NYCMng">138133.162666667</dst>
            <dst id="SNVAng">2883.152</dst>
            <dst id="STTLng">21413.5333333333</dst>
            <dst id="WASHng">136647.106666667</dst>
        </src>
        <src id="SNVAng">
            <dst id="ATLA-M5">30.3253333333333</dst>
            <dst id="ATLAng">114.656</dst>
            <dst id="CHINng">1813.92533333333</dst>
            <dst id="DNVRng">4280.88</dst>
            <dst id="HSTNng">136.874666666667</dst>
            <dst id="IPLSng">804.034666666666</dst>
            <dst id="KSCYng">551.472</dst>
            <dst id="LOSAng">48678.192</dst>
            <dst id="NYCMng">1036.85866666667</dst>
            <dst id="SNVAng">14368.6106666667</dst>
            <dst id="STTLng">53885.8586666667</dst>
            <dst id="WASHng">286.994666666667</dst>
        </src>
        <src id="STTLng">
            <dst id="ATLA-M5">150.872</dst>
            <dst id="ATLAng">6328.95466666667</dst>
            <dst id="CHINng">12469.4266666667</dst>
            <dst id="DNVRng">2215.88</dst>
            <dst id="HSTNng">6709.45866666667</dst>
            <dst id="IPLSng">9763.392</dst>
            <dst id="KSCYng">4090.18133333333</dst>
            <dst id="LOSAng">15979.016</dst>
            <dst id="NYCMng">5924.96533333333</dst>
            <dst id="SNVAng">3179.8</dst>
            <dst id="STTLng">5845.784</dst>
            <dst id="WASHng">10496.0373333333</dst>
        </src>
        <src id="WASHng">
            <dst id="ATLA-M5">262.424</dst>
            <dst id="ATLAng">93646.1733333333</dst>
            <dst id="CHINng">92770.9146666667</dst>
            <dst id="DNVRng">77172.5653333333</dst>
            <dst id="HSTNng">36192.7066666667</dst>
            <dst id="IPLSng">55496.2</dst>
            <dst id="KSCYng">15618.8906666667</dst>
            <dst id="LOSAng">115623.485333333</dst>
            <dst id="NYCMng">154229.517333333</dst>
            <dst id="SNVAng">8456.89866666667</dst>
            <dst id="STTLng">31732.3173333333</dst>
            <dst id="WASHng">248296.424</dst>
        </src>
    </IntraTM>
</TrafficMatrixFile>
