<?xml version="1.0" encoding="ISO-8859-1" standalone="yes"?>
<TrafficMatrixFile xsi:noNamespaceSchemaLocation="http://totem.run.montefiore.ulg.ac.be/Schema/TrafficMatrix-v1_2.xsd" xmlns:xsi="http://www.w3.org/2001/XMLSchema-instance">
    <IntraTM ASID="11537">
        <src id="ATLA-M5">
            <dst id="ATLA-M5">64.3306666666667</dst>
            <dst id="ATLAng">26.6666666666667</dst>
            <dst id="CHINng">107.576</dst>
            <dst id="DNVRng">0</dst>
            <dst id="HSTNng">151.264</dst>
            <dst id="IPLSng">571.624</dst>
            <dst id="KSCYng">250.184</dst>
            <dst id="LOSAng">118.461333333333</dst>
            <dst id="NYCMng">228.794666666667</dst>
            <dst id="SNVAng">0</dst>
            <dst id="STTLng">26.6666666666667</dst>
            <dst id="WASHng">106.666666666667</dst>
        </src>
        <src id="ATLAng">
            <dst id="ATLA-M5">161.749333333333</dst>
            <dst id="ATLAng">25696.6213333333</dst>
            <dst id="CHINng">15558.456</dst>
            <dst id="DNVRng">8082.97066666667</dst>
            <dst id="HSTNng">4467.63466666667</dst>
            <dst id="IPLSng">14498.2426666667</dst>
            <dst id="KSCYng">1624.90666666667</dst>
            <dst id="LOSAng">17600.696</dst>
            <dst id="NYCMng">6193.856</dst>
            <dst id="SNVAng">547.893333333333</dst>
            <dst id="STTLng">3584.16</dst>
            <dst id="WASHng">47519.48</dst>
        </src>
        <src id="CHINng">
            <dst id="ATLA-M5">371.416</dst>
            <dst id="ATLAng">19528.6533333333</dst>
            <dst id="CHINng">116092.362666667</dst>
            <dst id="DNVRng">24848.2533333333</dst>
            <dst id="HSTNng">47487.528</dst>
            <dst id="IPLSng">44669.472</dst>
            <dst id="KSCYng">15734.3973333333</dst>
            <dst id="LOSAng">42948.512</dst>
            <dst id="NYCMng">19679.0826666667</dst>
            <dst id="SNVAng">3080.91733333333</dst>
            <dst id="STTLng">18006.5946666667</dst>
            <dst id="WASHng">37849.872</dst>
        </src>
        <src id="DNVRng">
            <dst id="ATLA-M5">140.608</dst>
            <dst id="ATLAng">5073.81333333333</dst>
            <dst id="CHINng">82058.616</dst>
            <dst id="DNVRng">10763.3866666667</dst>
            <dst id="HSTNng">14817.7466666667</dst>
            <dst id="IPLSng">27191.4453333333</dst>
            <dst id="KSCYng">22670.8266666667</dst>
            <dst id="LOSAng">7567.10933333333</dst>
            <dst id="NYCMng">19013.7573333333</dst>
            <dst id="SNVAng">4024.456</dst>
            <dst id="STTLng">14722.9146666667</dst>
            <dst id="WASHng">42815.9386666667</dst>
        </src>
        <src id="HSTNng">
            <dst id="ATLA-M5">5537.35733333333</dst>
            <dst id="ATLAng">1303.02133333333</dst>
            <dst id="CHINng">18347.7066666667</dst>
            <dst id="DNVRng">1164.30933333333</dst>
            <dst id="HSTNng">3876</dst>
            <dst id="IPLSng">12817.2853333333</dst>
            <dst id="KSCYng">2794.728</dst>
            <dst id="LOSAng">26355.0933333333</dst>
            <dst id="NYCMng">4349.408</dst>
            <dst id="SNVAng">315.333333333333</dst>
            <dst id="STTLng">2493.952</dst>
            <dst id="WASHng">5144.42933333333</dst>
        </src>
        <src id="IPLSng">
            <dst id="ATLA-M5">801.677333333333</dst>
            <dst id="ATLAng">10934.3493333333</dst>
            <dst id="CHINng">123490.04</dst>
            <dst id="DNVRng">14468.872</dst>
            <dst id="HSTNng">7210.92</dst>
            <dst id="IPLSng">17325.9386666667</dst>
            <dst id="KSCYng">20444.2506666667</dst>
            <dst id="LOSAng">18437.5546666667</dst>
            <dst id="NYCMng">83731.1893333333</dst>
            <dst id="SNVAng">915.28</dst>
            <dst id="STTLng">9270.17866666667</dst>
            <dst id="WASHng">33403.296</dst>
        </src>
        <src id="KSCYng">
            <dst id="ATLA-M5">344.282666666667</dst>
            <dst id="ATLAng">1690.664</dst>
            <dst id="CHINng">35769.4613333333</dst>
            <dst id="DNVRng">10047.7333333333</dst>
            <dst id="HSTNng">4390.544</dst>
            <dst id="IPLSng">15400.0746666667</dst>
            <dst id="KSCYng">8219.92533333333</dst>
            <dst id="LOSAng">2728.51466666667</dst>
            <dst id="NYCMng">9133.06933333333</dst>
            <dst id="SNVAng">94.2533333333333</dst>
            <dst id="STTLng">1000.072</dst>
            <dst id="WASHng">27753.2826666667</dst>
        </src>
        <src id="LOSAng">
            <dst id="ATLA-M5">1660.76</dst>
            <dst id="ATLAng">16255.216</dst>
            <dst id="CHINng">71746.3333333333</dst>
            <dst id="DNVRng">8625.432</dst>
            <dst id="HSTNng">37874.904</dst>
            <dst id="IPLSng">22587.0853333333</dst>
            <dst id="KSCYng">10454.2506666667</dst>
            <dst id="LOSAng">10889.7866666667</dst>
            <dst id="NYCMng">51473.5226666667</dst>
            <dst id="SNVAng">5443.48533333333</dst>
            <dst id="STTLng">31687.8186666667</dst>
            <dst id="WASHng">83245.2053333333</dst>
        </src>
        <src id="NYCMng">
            <dst id="ATLA-M5">2417.66133333333</dst>
            <dst id="ATLAng">21630.4453333333</dst>
            <dst id="CHINng">46783.3946666667</dst>
            <dst id="DNVRng">29154.36</dst>
            <dst id="HSTNng">7831.81866666667</dst>
            <dst id="IPLSng">52607.6693333333</dst>
            <dst id="KSCYng">10304.8853333333</dst>
            <dst id="LOSAng">39538.6373333333</dst>
            <dst id="NYCMng">181594.704</dst>
            <dst id="SNVAng">2256.13333333333</dst>
            <dst id="STTLng">25633.1333333333</dst>
            <dst id="WASHng">122828.672</dst>
        </src>
        <src id="SNVAng">
            <dst id="ATLA-M5">35.7466666666667</dst>
            <dst id="ATLAng">0</dst>
            <dst id="CHINng">1336.57066666667</dst>
            <dst id="DNVRng">2947.664</dst>
            <dst id="HSTNng">89.7066666666667</dst>
            <dst id="IPLSng">692.730666666666</dst>
            <dst id="KSCYng">26.6666666666667</dst>
            <dst id="LOSAng">37084.8106666667</dst>
            <dst id="NYCMng">455.914666666667</dst>
            <dst id="SNVAng">11557.632</dst>
            <dst id="STTLng">53161.5493333333</dst>
            <dst id="WASHng">295.133333333333</dst>
        </src>
        <src id="STTLng">
            <dst id="ATLA-M5">53.3333333333333</dst>
            <dst id="ATLAng">5380.78133333333</dst>
            <dst id="CHINng">19892.8586666667</dst>
            <dst id="DNVRng">1702.064</dst>
            <dst id="HSTNng">2929.28533333333</dst>
            <dst id="IPLSng">4163.67733333333</dst>
            <dst id="KSCYng">2178.45866666667</dst>
            <dst id="LOSAng">15922.688</dst>
            <dst id="NYCMng">7326.33866666667</dst>
            <dst id="SNVAng">4650.04266666667</dst>
            <dst id="STTLng">5857.71466666667</dst>
            <dst id="WASHng">8264.2</dst>
        </src>
        <src id="WASHng">
            <dst id="ATLA-M5">576.909333333333</dst>
            <dst id="ATLAng">67320.952</dst>
            <dst id="CHINng">76452.8613333333</dst>
            <dst id="DNVRng">71297.6826666667</dst>
            <dst id="HSTNng">13667.2533333333</dst>
            <dst id="IPLSng">71973.944</dst>
            <dst id="KSCYng">12567.9493333333</dst>
            <dst id="LOSAng">103835.445333333</dst>
            <dst id="NYCMng">183708.682666667</dst>
            <dst id="SNVAng">3506.84533333333</dst>
            <dst id="STTLng">27386.0373333333</dst>
            <dst id="WASHng">264627.117333333</dst>
        </src>
    </IntraTM>
</TrafficMatrixFile>
