<?xml version="1.0" encoding="ISO-8859-1" standalone="yes"?>
<TrafficMatrixFile xsi:noNamespaceSchemaLocation="http://totem.run.montefiore.ulg.ac.be/Schema/TrafficMatrix-v1_2.xsd" xmlns:xsi="http://www.w3.org/2001/XMLSchema-instance">
    <IntraTM ASID="11537">
        <src id="ATLA-M5">
            <dst id="ATLA-M5">247.912</dst>
            <dst id="ATLAng">253.690666666667</dst>
            <dst id="CHINng">941.346666666667</dst>
            <dst id="DNVRng">26.6666666666667</dst>
            <dst id="HSTNng">618.666666666667</dst>
            <dst id="IPLSng">517.882666666667</dst>
            <dst id="KSCYng">169.794666666667</dst>
            <dst id="LOSAng">273.533333333333</dst>
            <dst id="NYCMng">317.805333333333</dst>
            <dst id="SNVAng">0</dst>
            <dst id="STTLng">133.333333333333</dst>
            <dst id="WASHng">2042.89066666667</dst>
        </src>
        <src id="ATLAng">
            <dst id="ATLA-M5">2126.688</dst>
            <dst id="ATLAng">26055.624</dst>
            <dst id="CHINng">18679.6906666667</dst>
            <dst id="DNVRng">6734.096</dst>
            <dst id="HSTNng">5924.22933333333</dst>
            <dst id="IPLSng">21727.656</dst>
            <dst id="KSCYng">2041.45066666667</dst>
            <dst id="LOSAng">20715.1546666667</dst>
            <dst id="NYCMng">9609.464</dst>
            <dst id="SNVAng">1119.552</dst>
            <dst id="STTLng">4384.648</dst>
            <dst id="WASHng">32412.832</dst>
        </src>
        <src id="CHINng">
            <dst id="ATLA-M5">2269.75466666667</dst>
            <dst id="ATLAng">22979.9626666667</dst>
            <dst id="CHINng">94071.8906666667</dst>
            <dst id="DNVRng">24020.6453333333</dst>
            <dst id="HSTNng">53987.688</dst>
            <dst id="IPLSng">75371.5333333333</dst>
            <dst id="KSCYng">26106.8373333333</dst>
            <dst id="LOSAng">2038392.93333333</dst>
            <dst id="NYCMng">14941.152</dst>
            <dst id="SNVAng">3330.92</dst>
            <dst id="STTLng">17520.232</dst>
            <dst id="WASHng">30308.9653333333</dst>
        </src>
        <src id="DNVRng">
            <dst id="ATLA-M5">320.669333333333</dst>
            <dst id="ATLAng">6446.144</dst>
            <dst id="CHINng">63381.6506666667</dst>
            <dst id="DNVRng">13367.0026666667</dst>
            <dst id="HSTNng">15446.3653333333</dst>
            <dst id="IPLSng">36757.2533333333</dst>
            <dst id="KSCYng">19639.7226666667</dst>
            <dst id="LOSAng">9840.264</dst>
            <dst id="NYCMng">13591.296</dst>
            <dst id="SNVAng">9881.80533333334</dst>
            <dst id="STTLng">10160.2906666667</dst>
            <dst id="WASHng">50437.8186666667</dst>
        </src>
        <src id="HSTNng">
            <dst id="ATLA-M5">4917.944</dst>
            <dst id="ATLAng">3676.31733333333</dst>
            <dst id="CHINng">24486.9786666667</dst>
            <dst id="DNVRng">2530.192</dst>
            <dst id="HSTNng">7414.44</dst>
            <dst id="IPLSng">9059.10133333333</dst>
            <dst id="KSCYng">4293.912</dst>
            <dst id="LOSAng">5461.55466666667</dst>
            <dst id="NYCMng">6985.25333333333</dst>
            <dst id="SNVAng">1977.488</dst>
            <dst id="STTLng">3270.93333333333</dst>
            <dst id="WASHng">7926.03466666667</dst>
        </src>
        <src id="IPLSng">
            <dst id="ATLA-M5">1444.23466666667</dst>
            <dst id="ATLAng">15544.2826666667</dst>
            <dst id="CHINng">124159.592</dst>
            <dst id="DNVRng">25158.9813333333</dst>
            <dst id="HSTNng">9648.49066666667</dst>
            <dst id="IPLSng">45324.7173333333</dst>
            <dst id="KSCYng">8551.256</dst>
            <dst id="LOSAng">57931.8293333333</dst>
            <dst id="NYCMng">67980.4133333333</dst>
            <dst id="SNVAng">2016.408</dst>
            <dst id="STTLng">12967.0026666667</dst>
            <dst id="WASHng">43881.4986666667</dst>
        </src>
        <src id="KSCYng">
            <dst id="ATLA-M5">426.381333333333</dst>
            <dst id="ATLAng">2056.53066666667</dst>
            <dst id="CHINng">19466.184</dst>
            <dst id="DNVRng">10517.864</dst>
            <dst id="HSTNng">5575.41866666667</dst>
            <dst id="IPLSng">14684.0666666667</dst>
            <dst id="KSCYng">7414.744</dst>
            <dst id="LOSAng">5723.752</dst>
            <dst id="NYCMng">2769.87733333333</dst>
            <dst id="SNVAng">239.109333333333</dst>
            <dst id="STTLng">2432.26666666667</dst>
            <dst id="WASHng">20820.7253333333</dst>
        </src>
        <src id="LOSAng">
            <dst id="ATLA-M5">1592.632</dst>
            <dst id="ATLAng">19071.96</dst>
            <dst id="CHINng">1059245.30666667</dst>
            <dst id="DNVRng">11106.3893333333</dst>
            <dst id="HSTNng">20687.5813333333</dst>
            <dst id="IPLSng">46239.4213333333</dst>
            <dst id="KSCYng">9671.4</dst>
            <dst id="LOSAng">11569.2853333333</dst>
            <dst id="NYCMng">29620.0853333333</dst>
            <dst id="SNVAng">11094</dst>
            <dst id="STTLng">23393.9973333333</dst>
            <dst id="WASHng">87389.7253333333</dst>
        </src>
        <src id="NYCMng">
            <dst id="ATLA-M5">1629.712</dst>
            <dst id="ATLAng">20328.6106666667</dst>
            <dst id="CHINng">38788.6906666667</dst>
            <dst id="DNVRng">26586.8853333333</dst>
            <dst id="HSTNng">19001.4</dst>
            <dst id="IPLSng">64539.056</dst>
            <dst id="KSCYng">16492.6</dst>
            <dst id="LOSAng">83961.056</dst>
            <dst id="NYCMng">132373.746666667</dst>
            <dst id="SNVAng">2459.44533333333</dst>
            <dst id="STTLng">21174.3946666667</dst>
            <dst id="WASHng">108833.986666667</dst>
        </src>
        <src id="SNVAng">
            <dst id="ATLA-M5">32.336</dst>
            <dst id="ATLAng">712.896</dst>
            <dst id="CHINng">1333.68533333333</dst>
            <dst id="DNVRng">4959.696</dst>
            <dst id="HSTNng">443.365333333333</dst>
            <dst id="IPLSng">4463.872</dst>
            <dst id="KSCYng">4848.38933333333</dst>
            <dst id="LOSAng">33418.9973333333</dst>
            <dst id="NYCMng">2276.02666666667</dst>
            <dst id="SNVAng">18831.4213333333</dst>
            <dst id="STTLng">48714.4666666667</dst>
            <dst id="WASHng">484.061333333333</dst>
        </src>
        <src id="STTLng">
            <dst id="ATLA-M5">325.682666666667</dst>
            <dst id="ATLAng">8393.46933333333</dst>
            <dst id="CHINng">16843.976</dst>
            <dst id="DNVRng">4244.83466666667</dst>
            <dst id="HSTNng">7517.61066666666</dst>
            <dst id="IPLSng">8137.34666666667</dst>
            <dst id="KSCYng">2716.31733333333</dst>
            <dst id="LOSAng">23957.592</dst>
            <dst id="NYCMng">4243.28533333333</dst>
            <dst id="SNVAng">4701.072</dst>
            <dst id="STTLng">1952.23733333333</dst>
            <dst id="WASHng">7372.79466666666</dst>
        </src>
        <src id="WASHng">
            <dst id="ATLA-M5">1894.92533333333</dst>
            <dst id="ATLAng">74357.4</dst>
            <dst id="CHINng">77639.6426666667</dst>
            <dst id="DNVRng">43106.2613333333</dst>
            <dst id="HSTNng">24269.5786666667</dst>
            <dst id="IPLSng">56314.128</dst>
            <dst id="KSCYng">10879.0453333333</dst>
            <dst id="LOSAng">104328.592</dst>
            <dst id="NYCMng">190707.629333333</dst>
            <dst id="SNVAng">5435.84266666667</dst>
            <dst id="STTLng">38552.528</dst>
            <dst id="WASHng">249044.002666667</dst>
        </src>
    </IntraTM>
</TrafficMatrixFile>
