<?xml version="1.0" encoding="ISO-8859-1" standalone="yes"?>
<TrafficMatrixFile xsi:noNamespaceSchemaLocation="http://totem.run.montefiore.ulg.ac.be/Schema/TrafficMatrix-v1_2.xsd" xmlns:xsi="http://www.w3.org/2001/XMLSchema-instance">
    <IntraTM ASID="11537">
        <src id="ATLA-M5">
            <dst id="ATLA-M5">0</dst>
            <dst id="ATLAng">1785.06133333333</dst>
            <dst id="CHINng">1188.408</dst>
            <dst id="DNVRng">180.896</dst>
            <dst id="HSTNng">218.213333333333</dst>
            <dst id="IPLSng">302.253333333333</dst>
            <dst id="KSCYng">391.701333333333</dst>
            <dst id="LOSAng">270.584</dst>
            <dst id="NYCMng">1612.2</dst>
            <dst id="SNVAng">0</dst>
            <dst id="STTLng">53.3333333333333</dst>
            <dst id="WASHng">1004.416</dst>
        </src>
        <src id="ATLAng">
            <dst id="ATLA-M5">1783.68533333333</dst>
            <dst id="ATLAng">59407.0266666667</dst>
            <dst id="CHINng">27703.144</dst>
            <dst id="DNVRng">7597.08266666667</dst>
            <dst id="HSTNng">4293.54666666667</dst>
            <dst id="IPLSng">40202.9733333333</dst>
            <dst id="KSCYng">2081.49066666667</dst>
            <dst id="LOSAng">39789.368</dst>
            <dst id="NYCMng">12415.248</dst>
            <dst id="SNVAng">771.152</dst>
            <dst id="STTLng">3727.584</dst>
            <dst id="WASHng">33351.224</dst>
        </src>
        <src id="CHINng">
            <dst id="ATLA-M5">1914.248</dst>
            <dst id="ATLAng">20792.7573333333</dst>
            <dst id="CHINng">98122.328</dst>
            <dst id="DNVRng">29934.6533333333</dst>
            <dst id="HSTNng">53809.3066666667</dst>
            <dst id="IPLSng">73282.864</dst>
            <dst id="KSCYng">15272.9893333333</dst>
            <dst id="LOSAng">2024656.74666667</dst>
            <dst id="NYCMng">24391.848</dst>
            <dst id="SNVAng">2591.752</dst>
            <dst id="STTLng">9458.14133333333</dst>
            <dst id="WASHng">39166.9173333333</dst>
        </src>
        <src id="DNVRng">
            <dst id="ATLA-M5">192.458666666667</dst>
            <dst id="ATLAng">8016.77066666667</dst>
            <dst id="CHINng">67535.0906666667</dst>
            <dst id="DNVRng">22870.5653333333</dst>
            <dst id="HSTNng">22183.76</dst>
            <dst id="IPLSng">34118.088</dst>
            <dst id="KSCYng">19860.8453333333</dst>
            <dst id="LOSAng">6863.28266666667</dst>
            <dst id="NYCMng">15299.0613333333</dst>
            <dst id="SNVAng">10462.384</dst>
            <dst id="STTLng">12452.6453333333</dst>
            <dst id="WASHng">47332.3413333334</dst>
        </src>
        <src id="HSTNng">
            <dst id="ATLA-M5">742.061333333333</dst>
            <dst id="ATLAng">3228.82666666667</dst>
            <dst id="CHINng">21773.04</dst>
            <dst id="DNVRng">3523.408</dst>
            <dst id="HSTNng">8866.584</dst>
            <dst id="IPLSng">6455.576</dst>
            <dst id="KSCYng">4301.576</dst>
            <dst id="LOSAng">7766.92266666667</dst>
            <dst id="NYCMng">5960.22666666667</dst>
            <dst id="SNVAng">2988.70666666667</dst>
            <dst id="STTLng">2630.96266666667</dst>
            <dst id="WASHng">10533.4053333333</dst>
        </src>
        <src id="IPLSng">
            <dst id="ATLA-M5">855.482666666667</dst>
            <dst id="ATLAng">22228.8933333333</dst>
            <dst id="CHINng">125045.384</dst>
            <dst id="DNVRng">23328.8586666667</dst>
            <dst id="HSTNng">5015.34933333333</dst>
            <dst id="IPLSng">20842.3093333333</dst>
            <dst id="KSCYng">8636.208</dst>
            <dst id="LOSAng">70556.576</dst>
            <dst id="NYCMng">52884.4293333333</dst>
            <dst id="SNVAng">4221.26133333333</dst>
            <dst id="STTLng">14401.2586666667</dst>
            <dst id="WASHng">65334.016</dst>
        </src>
        <src id="KSCYng">
            <dst id="ATLA-M5">479.725333333333</dst>
            <dst id="ATLAng">2572.416</dst>
            <dst id="CHINng">18638.176</dst>
            <dst id="DNVRng">11360.1546666667</dst>
            <dst id="HSTNng">4131.62666666667</dst>
            <dst id="IPLSng">24446.6906666667</dst>
            <dst id="KSCYng">15714.856</dst>
            <dst id="LOSAng">8688.97866666667</dst>
            <dst id="NYCMng">7135.69866666667</dst>
            <dst id="SNVAng">1101.11733333333</dst>
            <dst id="STTLng">2751.28266666667</dst>
            <dst id="WASHng">21706.608</dst>
        </src>
        <src id="LOSAng">
            <dst id="ATLA-M5">1544.128</dst>
            <dst id="ATLAng">19822.328</dst>
            <dst id="CHINng">1090026.90666667</dst>
            <dst id="DNVRng">13991.0666666667</dst>
            <dst id="HSTNng">15511.3733333333</dst>
            <dst id="IPLSng">53607.9813333333</dst>
            <dst id="KSCYng">16897.4053333333</dst>
            <dst id="LOSAng">13979.0906666667</dst>
            <dst id="NYCMng">85629.704</dst>
            <dst id="SNVAng">11975.8213333333</dst>
            <dst id="STTLng">30806.8853333333</dst>
            <dst id="WASHng">95556.7386666667</dst>
        </src>
        <src id="NYCMng">
            <dst id="ATLA-M5">2195.17333333333</dst>
            <dst id="ATLAng">30338.9306666667</dst>
            <dst id="CHINng">44850.944</dst>
            <dst id="DNVRng">36164.3173333333</dst>
            <dst id="HSTNng">21879.7386666667</dst>
            <dst id="IPLSng">50621.6373333333</dst>
            <dst id="KSCYng">22590.2106666667</dst>
            <dst id="LOSAng">73406.6933333333</dst>
            <dst id="NYCMng">176736.149333333</dst>
            <dst id="SNVAng">6246.29866666667</dst>
            <dst id="STTLng">26688.2426666667</dst>
            <dst id="WASHng">135797.413333333</dst>
        </src>
        <src id="SNVAng">
            <dst id="ATLA-M5">361.789333333333</dst>
            <dst id="ATLAng">353.128</dst>
            <dst id="CHINng">1328.10666666667</dst>
            <dst id="DNVRng">8365.264</dst>
            <dst id="HSTNng">288.096</dst>
            <dst id="IPLSng">14518.0853333333</dst>
            <dst id="KSCYng">1002.46133333333</dst>
            <dst id="LOSAng">32697.9093333333</dst>
            <dst id="NYCMng">987.2</dst>
            <dst id="SNVAng">17226.5573333333</dst>
            <dst id="STTLng">50931.3413333333</dst>
            <dst id="WASHng">1067.52</dst>
        </src>
        <src id="STTLng">
            <dst id="ATLA-M5">145.109333333333</dst>
            <dst id="ATLAng">7841.68533333333</dst>
            <dst id="CHINng">11997.496</dst>
            <dst id="DNVRng">3988.024</dst>
            <dst id="HSTNng">6945.45066666667</dst>
            <dst id="IPLSng">17885.5173333333</dst>
            <dst id="KSCYng">8354.872</dst>
            <dst id="LOSAng">23058.248</dst>
            <dst id="NYCMng">10547.992</dst>
            <dst id="SNVAng">6353.64533333333</dst>
            <dst id="STTLng">7009.99733333333</dst>
            <dst id="WASHng">15746.2453333333</dst>
        </src>
        <src id="WASHng">
            <dst id="ATLA-M5">4165.344</dst>
            <dst id="ATLAng">111245.010666667</dst>
            <dst id="CHINng">78693.1066666667</dst>
            <dst id="DNVRng">47599.4586666667</dst>
            <dst id="HSTNng">21402.3386666667</dst>
            <dst id="IPLSng">73479.0586666667</dst>
            <dst id="KSCYng">17867.3146666667</dst>
            <dst id="LOSAng">98102.3173333333</dst>
            <dst id="NYCMng">156178.288</dst>
            <dst id="SNVAng">15622.648</dst>
            <dst id="STTLng">25824.0266666667</dst>
            <dst id="WASHng">385038.533333333</dst>
        </src>
    </IntraTM>
</TrafficMatrixFile>
