<?xml version="1.0" encoding="ISO-8859-1" standalone="yes"?>
<TrafficMatrixFile xsi:noNamespaceSchemaLocation="http://totem.run.montefiore.ulg.ac.be/Schema/TrafficMatrix-v1_2.xsd" xmlns:xsi="http://www.w3.org/2001/XMLSchema-instance">
    <IntraTM ASID="11537">
        <src id="ATLA-M5">
            <dst id="ATLA-M5">53.488</dst>
            <dst id="ATLAng">369.672</dst>
            <dst id="CHINng">353.469333333333</dst>
            <dst id="DNVRng">26.6666666666667</dst>
            <dst id="HSTNng">180.277333333333</dst>
            <dst id="IPLSng">715.557333333333</dst>
            <dst id="KSCYng">1184.496</dst>
            <dst id="LOSAng">605.114666666667</dst>
            <dst id="NYCMng">813.032</dst>
            <dst id="SNVAng">806.64</dst>
            <dst id="STTLng">26.6666666666667</dst>
            <dst id="WASHng">441.834666666667</dst>
        </src>
        <src id="ATLAng">
            <dst id="ATLA-M5">430.482666666667</dst>
            <dst id="ATLAng">22272.5573333333</dst>
            <dst id="CHINng">21055.7493333333</dst>
            <dst id="DNVRng">4194.76533333333</dst>
            <dst id="HSTNng">1812.49333333333</dst>
            <dst id="IPLSng">22384.408</dst>
            <dst id="KSCYng">6070.62133333333</dst>
            <dst id="LOSAng">34303.1893333333</dst>
            <dst id="NYCMng">9913.93333333333</dst>
            <dst id="SNVAng">1625.40533333333</dst>
            <dst id="STTLng">10473.168</dst>
            <dst id="WASHng">37630.9306666667</dst>
        </src>
        <src id="CHINng">
            <dst id="ATLA-M5">964.242666666667</dst>
            <dst id="ATLAng">58815.4506666666</dst>
            <dst id="CHINng">93416.4053333333</dst>
            <dst id="DNVRng">20080.2213333333</dst>
            <dst id="HSTNng">60848.2053333333</dst>
            <dst id="IPLSng">75266.7626666667</dst>
            <dst id="KSCYng">15291.896</dst>
            <dst id="LOSAng">556590.053333333</dst>
            <dst id="NYCMng">24182.7173333333</dst>
            <dst id="SNVAng">5242.216</dst>
            <dst id="STTLng">13629.504</dst>
            <dst id="WASHng">39203.68</dst>
        </src>
        <src id="DNVRng">
            <dst id="ATLA-M5">164.954666666667</dst>
            <dst id="ATLAng">5701.98133333333</dst>
            <dst id="CHINng">83605.3866666667</dst>
            <dst id="DNVRng">5859.41866666667</dst>
            <dst id="HSTNng">13523.4773333333</dst>
            <dst id="IPLSng">26770.976</dst>
            <dst id="KSCYng">12250.7146666667</dst>
            <dst id="LOSAng">14993.352</dst>
            <dst id="NYCMng">24535.768</dst>
            <dst id="SNVAng">8103.18666666667</dst>
            <dst id="STTLng">18696.1733333333</dst>
            <dst id="WASHng">57112.488</dst>
        </src>
        <src id="HSTNng">
            <dst id="ATLA-M5">4021.088</dst>
            <dst id="ATLAng">3584.60533333333</dst>
            <dst id="CHINng">19833.704</dst>
            <dst id="DNVRng">7132.33333333333</dst>
            <dst id="HSTNng">10616.4613333333</dst>
            <dst id="IPLSng">11749.576</dst>
            <dst id="KSCYng">4007.144</dst>
            <dst id="LOSAng">9065.456</dst>
            <dst id="NYCMng">9681.32533333333</dst>
            <dst id="SNVAng">3832.33066666667</dst>
            <dst id="STTLng">2724.98933333333</dst>
            <dst id="WASHng">6826.74933333333</dst>
        </src>
        <src id="IPLSng">
            <dst id="ATLA-M5">690.474666666667</dst>
            <dst id="ATLAng">36684.664</dst>
            <dst id="CHINng">114715.965333333</dst>
            <dst id="DNVRng">20828.8853333333</dst>
            <dst id="HSTNng">6282.91733333333</dst>
            <dst id="IPLSng">28298.7493333333</dst>
            <dst id="KSCYng">10743.8693333333</dst>
            <dst id="LOSAng">50143.0106666667</dst>
            <dst id="NYCMng">89044.0773333333</dst>
            <dst id="SNVAng">2385.93066666667</dst>
            <dst id="STTLng">17588.48</dst>
            <dst id="WASHng">56887.5306666667</dst>
        </src>
        <src id="KSCYng">
            <dst id="ATLA-M5">544.112</dst>
            <dst id="ATLAng">6470.17066666667</dst>
            <dst id="CHINng">24449.0453333333</dst>
            <dst id="DNVRng">16517.1253333333</dst>
            <dst id="HSTNng">5336.92266666667</dst>
            <dst id="IPLSng">12213.6746666667</dst>
            <dst id="KSCYng">10118.8266666667</dst>
            <dst id="LOSAng">11775.1653333333</dst>
            <dst id="NYCMng">6406.27466666667</dst>
            <dst id="SNVAng">1519.17866666667</dst>
            <dst id="STTLng">3384.624</dst>
            <dst id="WASHng">30037.1573333333</dst>
        </src>
        <src id="LOSAng">
            <dst id="ATLA-M5">1936.65066666667</dst>
            <dst id="ATLAng">18115.4853333333</dst>
            <dst id="CHINng">83656.0906666667</dst>
            <dst id="DNVRng">10790.2533333333</dst>
            <dst id="HSTNng">22687.056</dst>
            <dst id="IPLSng">38889.2773333333</dst>
            <dst id="KSCYng">16007.912</dst>
            <dst id="LOSAng">12646.0933333333</dst>
            <dst id="NYCMng">62414.736</dst>
            <dst id="SNVAng">9554.08266666667</dst>
            <dst id="STTLng">23661.7786666667</dst>
            <dst id="WASHng">136714.288</dst>
        </src>
        <src id="NYCMng">
            <dst id="ATLA-M5">925.512</dst>
            <dst id="ATLAng">67418.4853333333</dst>
            <dst id="CHINng">60081.7146666667</dst>
            <dst id="DNVRng">41918.8026666667</dst>
            <dst id="HSTNng">16320.1173333333</dst>
            <dst id="IPLSng">66045.6106666667</dst>
            <dst id="KSCYng">26762.2933333333</dst>
            <dst id="LOSAng">83917.9946666667</dst>
            <dst id="NYCMng">195137.952</dst>
            <dst id="SNVAng">9115.86133333333</dst>
            <dst id="STTLng">24725.9733333333</dst>
            <dst id="WASHng">114414.912</dst>
        </src>
        <src id="SNVAng">
            <dst id="ATLA-M5">0</dst>
            <dst id="ATLAng">223.069333333333</dst>
            <dst id="CHINng">2274.21066666667</dst>
            <dst id="DNVRng">22672.6506666667</dst>
            <dst id="HSTNng">271.029333333333</dst>
            <dst id="IPLSng">8027.54666666667</dst>
            <dst id="KSCYng">2024.13866666667</dst>
            <dst id="LOSAng">70845.8186666667</dst>
            <dst id="NYCMng">1014.03466666667</dst>
            <dst id="SNVAng">19876.16</dst>
            <dst id="STTLng">61281.912</dst>
            <dst id="WASHng">2289.26133333333</dst>
        </src>
        <src id="STTLng">
            <dst id="ATLA-M5">179.634666666667</dst>
            <dst id="ATLAng">10699.416</dst>
            <dst id="CHINng">13975.2453333333</dst>
            <dst id="DNVRng">4227.576</dst>
            <dst id="HSTNng">8665.36533333333</dst>
            <dst id="IPLSng">12773.616</dst>
            <dst id="KSCYng">4215.01866666667</dst>
            <dst id="LOSAng">32912.4906666667</dst>
            <dst id="NYCMng">4856.40266666667</dst>
            <dst id="SNVAng">4013.66133333333</dst>
            <dst id="STTLng">1878.22666666667</dst>
            <dst id="WASHng">7674.81866666667</dst>
        </src>
        <src id="WASHng">
            <dst id="ATLA-M5">602.968</dst>
            <dst id="ATLAng">113235.488</dst>
            <dst id="CHINng">74764.992</dst>
            <dst id="DNVRng">77811.1893333333</dst>
            <dst id="HSTNng">20497.6026666667</dst>
            <dst id="IPLSng">47941.544</dst>
            <dst id="KSCYng">27317.072</dst>
            <dst id="LOSAng">119064.186666667</dst>
            <dst id="NYCMng">184887.141333333</dst>
            <dst id="SNVAng">8321.52266666667</dst>
            <dst id="STTLng">26723.832</dst>
            <dst id="WASHng">197037.034666667</dst>
        </src>
    </IntraTM>
</TrafficMatrixFile>
