<?xml version="1.0" encoding="ISO-8859-1" standalone="yes"?>
<TrafficMatrixFile xsi:noNamespaceSchemaLocation="http://totem.run.montefiore.ulg.ac.be/Schema/TrafficMatrix-v1_2.xsd" xmlns:xsi="http://www.w3.org/2001/XMLSchema-instance">
    <IntraTM ASID="11537">
        <src id="ATLA-M5">
            <dst id="ATLA-M5">34.352</dst>
            <dst id="ATLAng">26.6666666666667</dst>
            <dst id="CHINng">182.682666666667</dst>
            <dst id="DNVRng">26.6666666666667</dst>
            <dst id="HSTNng">86.216</dst>
            <dst id="IPLSng">241.992</dst>
            <dst id="KSCYng">211.909333333333</dst>
            <dst id="LOSAng">320.442666666667</dst>
            <dst id="NYCMng">416.157333333333</dst>
            <dst id="SNVAng">0</dst>
            <dst id="STTLng">83.6506666666667</dst>
            <dst id="WASHng">2336.16</dst>
        </src>
        <src id="ATLAng">
            <dst id="ATLA-M5">150.352</dst>
            <dst id="ATLAng">24201.072</dst>
            <dst id="CHINng">21964.8293333333</dst>
            <dst id="DNVRng">2363.79733333333</dst>
            <dst id="HSTNng">4955.54133333333</dst>
            <dst id="IPLSng">13300.5146666667</dst>
            <dst id="KSCYng">2764.01066666667</dst>
            <dst id="LOSAng">19302.3573333333</dst>
            <dst id="NYCMng">10069.6693333333</dst>
            <dst id="SNVAng">559.266666666667</dst>
            <dst id="STTLng">3311.94666666667</dst>
            <dst id="WASHng">50511.192</dst>
        </src>
        <src id="CHINng">
            <dst id="ATLA-M5">2833.16</dst>
            <dst id="ATLAng">27021.2773333333</dst>
            <dst id="CHINng">113920.133333333</dst>
            <dst id="DNVRng">23001.9653333333</dst>
            <dst id="HSTNng">49688.2133333333</dst>
            <dst id="IPLSng">55036.1466666667</dst>
            <dst id="KSCYng">12963.4293333333</dst>
            <dst id="LOSAng">46545.8186666667</dst>
            <dst id="NYCMng">25480.752</dst>
            <dst id="SNVAng">2150.696</dst>
            <dst id="STTLng">20858.7333333333</dst>
            <dst id="WASHng">25085.968</dst>
        </src>
        <src id="DNVRng">
            <dst id="ATLA-M5">215.176</dst>
            <dst id="ATLAng">3632.82666666667</dst>
            <dst id="CHINng">79641.2266666667</dst>
            <dst id="DNVRng">8261.22933333333</dst>
            <dst id="HSTNng">16695.6373333333</dst>
            <dst id="IPLSng">33489.144</dst>
            <dst id="KSCYng">16029.248</dst>
            <dst id="LOSAng">9942.22666666667</dst>
            <dst id="NYCMng">13913.312</dst>
            <dst id="SNVAng">4719.104</dst>
            <dst id="STTLng">8528.41866666667</dst>
            <dst id="WASHng">43095.2133333333</dst>
        </src>
        <src id="HSTNng">
            <dst id="ATLA-M5">2597.984</dst>
            <dst id="ATLAng">1558.92266666667</dst>
            <dst id="CHINng">17859.6906666667</dst>
            <dst id="DNVRng">1063.84533333333</dst>
            <dst id="HSTNng">4604.12</dst>
            <dst id="IPLSng">10440.128</dst>
            <dst id="KSCYng">4265.14666666667</dst>
            <dst id="LOSAng">2829.472</dst>
            <dst id="NYCMng">6157.26666666667</dst>
            <dst id="SNVAng">1642.192</dst>
            <dst id="STTLng">2336.88</dst>
            <dst id="WASHng">4236.06933333333</dst>
        </src>
        <src id="IPLSng">
            <dst id="ATLA-M5">646.173333333333</dst>
            <dst id="ATLAng">12023.7813333333</dst>
            <dst id="CHINng">105749.176</dst>
            <dst id="DNVRng">17476.8853333333</dst>
            <dst id="HSTNng">9410.232</dst>
            <dst id="IPLSng">18269.6746666667</dst>
            <dst id="KSCYng">8230.67733333333</dst>
            <dst id="LOSAng">20811.0373333333</dst>
            <dst id="NYCMng">97256.024</dst>
            <dst id="SNVAng">805.208</dst>
            <dst id="STTLng">9939.69866666667</dst>
            <dst id="WASHng">35712.3146666667</dst>
        </src>
        <src id="KSCYng">
            <dst id="ATLA-M5">297.421333333333</dst>
            <dst id="ATLAng">4633.47733333333</dst>
            <dst id="CHINng">28120.6293333333</dst>
            <dst id="DNVRng">11378.144</dst>
            <dst id="HSTNng">4176.65333333333</dst>
            <dst id="IPLSng">19484.7413333333</dst>
            <dst id="KSCYng">6821.12533333333</dst>
            <dst id="LOSAng">3753.48266666667</dst>
            <dst id="NYCMng">9073.96533333334</dst>
            <dst id="SNVAng">202.901333333333</dst>
            <dst id="STTLng">1385.192</dst>
            <dst id="WASHng">15910.088</dst>
        </src>
        <src id="LOSAng">
            <dst id="ATLA-M5">1649.40533333333</dst>
            <dst id="ATLAng">19035.7386666667</dst>
            <dst id="CHINng">79769.2426666667</dst>
            <dst id="DNVRng">6762.216</dst>
            <dst id="HSTNng">28218.1013333333</dst>
            <dst id="IPLSng">33969.264</dst>
            <dst id="KSCYng">10367.7146666667</dst>
            <dst id="LOSAng">25997.392</dst>
            <dst id="NYCMng">63024.1493333333</dst>
            <dst id="SNVAng">7374.09066666667</dst>
            <dst id="STTLng">35008.536</dst>
            <dst id="WASHng">91444.5786666667</dst>
        </src>
        <src id="NYCMng">
            <dst id="ATLA-M5">589.629333333333</dst>
            <dst id="ATLAng">22363.7306666667</dst>
            <dst id="CHINng">53789.96</dst>
            <dst id="DNVRng">33026.2773333333</dst>
            <dst id="HSTNng">14501.192</dst>
            <dst id="IPLSng">68060.2986666667</dst>
            <dst id="KSCYng">18910.544</dst>
            <dst id="LOSAng">41254.776</dst>
            <dst id="NYCMng">212535.28</dst>
            <dst id="SNVAng">1112.74133333333</dst>
            <dst id="STTLng">31067.1866666667</dst>
            <dst id="WASHng">137996.146666667</dst>
        </src>
        <src id="SNVAng">
            <dst id="ATLA-M5">0</dst>
            <dst id="ATLAng">53.3333333333333</dst>
            <dst id="CHINng">3162.59466666667</dst>
            <dst id="DNVRng">7056.37866666667</dst>
            <dst id="HSTNng">84.032</dst>
            <dst id="IPLSng">1975.6</dst>
            <dst id="KSCYng">147.309333333333</dst>
            <dst id="LOSAng">31216.968</dst>
            <dst id="NYCMng">1043.37333333333</dst>
            <dst id="SNVAng">12928.3146666667</dst>
            <dst id="STTLng">48913.4773333333</dst>
            <dst id="WASHng">413.509333333333</dst>
        </src>
        <src id="STTLng">
            <dst id="ATLA-M5">516.485333333333</dst>
            <dst id="ATLAng">4257.38133333333</dst>
            <dst id="CHINng">25662.968</dst>
            <dst id="DNVRng">1130.02933333333</dst>
            <dst id="HSTNng">3303.58933333333</dst>
            <dst id="IPLSng">5033.664</dst>
            <dst id="KSCYng">2312.864</dst>
            <dst id="LOSAng">18209.912</dst>
            <dst id="NYCMng">8938.65066666666</dst>
            <dst id="SNVAng">2228.272</dst>
            <dst id="STTLng">5221.4</dst>
            <dst id="WASHng">9029.01333333333</dst>
        </src>
        <src id="WASHng">
            <dst id="ATLA-M5">1336.85333333333</dst>
            <dst id="ATLAng">69749.768</dst>
            <dst id="CHINng">79242.832</dst>
            <dst id="DNVRng">60697.2106666667</dst>
            <dst id="HSTNng">15557.976</dst>
            <dst id="IPLSng">73464.8106666667</dst>
            <dst id="KSCYng">15072.7386666667</dst>
            <dst id="LOSAng">97863.848</dst>
            <dst id="NYCMng">205170.058666667</dst>
            <dst id="SNVAng">1294.58133333333</dst>
            <dst id="STTLng">31762.808</dst>
            <dst id="WASHng">295776.16</dst>
        </src>
    </IntraTM>
</TrafficMatrixFile>
