<?xml version="1.0" encoding="ISO-8859-1" standalone="yes"?>
<TrafficMatrixFile xsi:noNamespaceSchemaLocation="http://totem.run.montefiore.ulg.ac.be/Schema/TrafficMatrix-v1_2.xsd" xmlns:xsi="http://www.w3.org/2001/XMLSchema-instance">
    <IntraTM ASID="11537">
        <src id="ATLA-M5">
            <dst id="ATLA-M5">57.1333333333333</dst>
            <dst id="ATLAng">53.3333333333333</dst>
            <dst id="CHINng">2769.30133333333</dst>
            <dst id="DNVRng">26.6666666666667</dst>
            <dst id="HSTNng">238.285333333333</dst>
            <dst id="IPLSng">186.04</dst>
            <dst id="KSCYng">1456.192</dst>
            <dst id="LOSAng">761.994666666666</dst>
            <dst id="NYCMng">53.3333333333333</dst>
            <dst id="SNVAng">26.6666666666667</dst>
            <dst id="STTLng">136.384</dst>
            <dst id="WASHng">922.890666666667</dst>
        </src>
        <src id="ATLAng">
            <dst id="ATLA-M5">143.376</dst>
            <dst id="ATLAng">24144.24</dst>
            <dst id="CHINng">12802.6106666667</dst>
            <dst id="DNVRng">4104.2</dst>
            <dst id="HSTNng">1805.45066666667</dst>
            <dst id="IPLSng">15759.0373333333</dst>
            <dst id="KSCYng">2448.744</dst>
            <dst id="LOSAng">15899.376</dst>
            <dst id="NYCMng">7536.88</dst>
            <dst id="SNVAng">832.194666666666</dst>
            <dst id="STTLng">4837.944</dst>
            <dst id="WASHng">37402.2986666667</dst>
        </src>
        <src id="CHINng">
            <dst id="ATLA-M5">613.202666666667</dst>
            <dst id="ATLAng">13919.7493333333</dst>
            <dst id="CHINng">94396.7253333333</dst>
            <dst id="DNVRng">19039.2506666667</dst>
            <dst id="HSTNng">45907.68</dst>
            <dst id="IPLSng">38893.2373333333</dst>
            <dst id="KSCYng">14004.2106666667</dst>
            <dst id="LOSAng">52127.8693333333</dst>
            <dst id="NYCMng">41551.928</dst>
            <dst id="SNVAng">6576.74133333333</dst>
            <dst id="STTLng">9241.632</dst>
            <dst id="WASHng">21210.6453333333</dst>
        </src>
        <src id="DNVRng">
            <dst id="ATLA-M5">164.962666666667</dst>
            <dst id="ATLAng">3835.904</dst>
            <dst id="CHINng">75204.8186666667</dst>
            <dst id="DNVRng">18784.9466666667</dst>
            <dst id="HSTNng">12837.3626666667</dst>
            <dst id="IPLSng">52565.6666666667</dst>
            <dst id="KSCYng">29140.2986666667</dst>
            <dst id="LOSAng">6253.57066666667</dst>
            <dst id="NYCMng">22067.3306666667</dst>
            <dst id="SNVAng">14614.76</dst>
            <dst id="STTLng">16569.632</dst>
            <dst id="WASHng">44251.7333333333</dst>
        </src>
        <src id="HSTNng">
            <dst id="ATLA-M5">4486.15733333333</dst>
            <dst id="ATLAng">1559.664</dst>
            <dst id="CHINng">21309.8026666667</dst>
            <dst id="DNVRng">2036.53866666667</dst>
            <dst id="HSTNng">5648.82666666667</dst>
            <dst id="IPLSng">2412.37333333333</dst>
            <dst id="KSCYng">5082.456</dst>
            <dst id="LOSAng">6240.57333333333</dst>
            <dst id="NYCMng">4376.96</dst>
            <dst id="SNVAng">451.821333333333</dst>
            <dst id="STTLng">2335.76266666667</dst>
            <dst id="WASHng">6855.88</dst>
        </src>
        <src id="IPLSng">
            <dst id="ATLA-M5">259.197333333333</dst>
            <dst id="ATLAng">26331.336</dst>
            <dst id="CHINng">93272.2586666667</dst>
            <dst id="DNVRng">21579.7226666667</dst>
            <dst id="HSTNng">2768.27466666667</dst>
            <dst id="IPLSng">10527.6213333333</dst>
            <dst id="KSCYng">12587.4773333333</dst>
            <dst id="LOSAng">35703.5546666667</dst>
            <dst id="NYCMng">26379.8613333333</dst>
            <dst id="SNVAng">1453.58133333333</dst>
            <dst id="STTLng">7975.26933333333</dst>
            <dst id="WASHng">37138.4186666667</dst>
        </src>
        <src id="KSCYng">
            <dst id="ATLA-M5">131.752</dst>
            <dst id="ATLAng">2273.04533333333</dst>
            <dst id="CHINng">21925.2906666667</dst>
            <dst id="DNVRng">19598.0533333333</dst>
            <dst id="HSTNng">3531.58133333333</dst>
            <dst id="IPLSng">13012.2906666667</dst>
            <dst id="KSCYng">9908.95466666667</dst>
            <dst id="LOSAng">6333.38133333333</dst>
            <dst id="NYCMng">4596.848</dst>
            <dst id="SNVAng">204.304</dst>
            <dst id="STTLng">2044.952</dst>
            <dst id="WASHng">12731.472</dst>
        </src>
        <src id="LOSAng">
            <dst id="ATLA-M5">841.637333333333</dst>
            <dst id="ATLAng">10275.2586666667</dst>
            <dst id="CHINng">60797.6853333333</dst>
            <dst id="DNVRng">6312</dst>
            <dst id="HSTNng">5746.82933333333</dst>
            <dst id="IPLSng">21520.9946666667</dst>
            <dst id="KSCYng">7724.26933333333</dst>
            <dst id="LOSAng">10422.1466666667</dst>
            <dst id="NYCMng">45343.304</dst>
            <dst id="SNVAng">10274.6</dst>
            <dst id="STTLng">16390.0266666667</dst>
            <dst id="WASHng">121345.842666667</dst>
        </src>
        <src id="NYCMng">
            <dst id="ATLA-M5">1224.95466666667</dst>
            <dst id="ATLAng">30253.184</dst>
            <dst id="CHINng">48608.48</dst>
            <dst id="DNVRng">36630.1733333333</dst>
            <dst id="HSTNng">6939.50133333333</dst>
            <dst id="IPLSng">39166.7626666667</dst>
            <dst id="KSCYng">13007.6293333333</dst>
            <dst id="LOSAng">69151.4053333333</dst>
            <dst id="NYCMng">136052.912</dst>
            <dst id="SNVAng">3945.55466666667</dst>
            <dst id="STTLng">20769.0213333333</dst>
            <dst id="WASHng">123876.952</dst>
        </src>
        <src id="SNVAng">
            <dst id="ATLA-M5">0</dst>
            <dst id="ATLAng">80.2986666666667</dst>
            <dst id="CHINng">750.909333333333</dst>
            <dst id="DNVRng">4942.55733333333</dst>
            <dst id="HSTNng">106.666666666667</dst>
            <dst id="IPLSng">500.853333333333</dst>
            <dst id="KSCYng">151.504</dst>
            <dst id="LOSAng">63353.7626666667</dst>
            <dst id="NYCMng">1121.74133333333</dst>
            <dst id="SNVAng">15175.3813333333</dst>
            <dst id="STTLng">58269.8586666667</dst>
            <dst id="WASHng">310.92</dst>
        </src>
        <src id="STTLng">
            <dst id="ATLA-M5">187.04</dst>
            <dst id="ATLAng">6985.96</dst>
            <dst id="CHINng">13666.3573333333</dst>
            <dst id="DNVRng">3157.06133333333</dst>
            <dst id="HSTNng">10203.272</dst>
            <dst id="IPLSng">4475.49066666667</dst>
            <dst id="KSCYng">3635.92</dst>
            <dst id="LOSAng">16935.072</dst>
            <dst id="NYCMng">6366.05333333333</dst>
            <dst id="SNVAng">3309.328</dst>
            <dst id="STTLng">6629.6</dst>
            <dst id="WASHng">6074.43733333333</dst>
        </src>
        <src id="WASHng">
            <dst id="ATLA-M5">205.232</dst>
            <dst id="ATLAng">107602.408</dst>
            <dst id="CHINng">77595.9786666666</dst>
            <dst id="DNVRng">76513.8026666667</dst>
            <dst id="HSTNng">20512.632</dst>
            <dst id="IPLSng">49046.072</dst>
            <dst id="KSCYng">13555.4266666667</dst>
            <dst id="LOSAng">104276.28</dst>
            <dst id="NYCMng">166810.645333333</dst>
            <dst id="SNVAng">2452.44533333333</dst>
            <dst id="STTLng">30289.2373333333</dst>
            <dst id="WASHng">222221.24</dst>
        </src>
    </IntraTM>
</TrafficMatrixFile>
