<?xml version="1.0" encoding="ISO-8859-1" standalone="yes"?>
<TrafficMatrixFile xsi:noNamespaceSchemaLocation="http://totem.run.montefiore.ulg.ac.be/Schema/TrafficMatrix-v1_2.xsd" xmlns:xsi="http://www.w3.org/2001/XMLSchema-instance">
    <IntraTM ASID="11537">
        <src id="ATLA-M5">
            <dst id="ATLA-M5">58.6453333333333</dst>
            <dst id="ATLAng">105.317333333333</dst>
            <dst id="CHINng">1712.14133333333</dst>
            <dst id="DNVRng">152.698666666667</dst>
            <dst id="HSTNng">53.3333333333333</dst>
            <dst id="IPLSng">459.997333333333</dst>
            <dst id="KSCYng">143.472</dst>
            <dst id="LOSAng">1008.81066666667</dst>
            <dst id="NYCMng">53.3333333333333</dst>
            <dst id="SNVAng">0</dst>
            <dst id="STTLng">350.645333333333</dst>
            <dst id="WASHng">374.917333333333</dst>
        </src>
        <src id="ATLAng">
            <dst id="ATLA-M5">231.789333333333</dst>
            <dst id="ATLAng">42679.384</dst>
            <dst id="CHINng">14846.0293333333</dst>
            <dst id="DNVRng">4796.78666666667</dst>
            <dst id="HSTNng">2295.36</dst>
            <dst id="IPLSng">21629.3093333333</dst>
            <dst id="KSCYng">1406.87733333333</dst>
            <dst id="LOSAng">18891.3813333333</dst>
            <dst id="NYCMng">4414.18666666667</dst>
            <dst id="SNVAng">323.386666666667</dst>
            <dst id="STTLng">4829.38666666667</dst>
            <dst id="WASHng">27739.7226666667</dst>
        </src>
        <src id="CHINng">
            <dst id="ATLA-M5">950.578666666667</dst>
            <dst id="ATLAng">11015.4266666667</dst>
            <dst id="CHINng">94163.976</dst>
            <dst id="DNVRng">17923.4666666667</dst>
            <dst id="HSTNng">58738.024</dst>
            <dst id="IPLSng">59709.0586666667</dst>
            <dst id="KSCYng">22497.712</dst>
            <dst id="LOSAng">2044243.57333333</dst>
            <dst id="NYCMng">18585.8506666667</dst>
            <dst id="SNVAng">2994.75466666667</dst>
            <dst id="STTLng">14114.84</dst>
            <dst id="WASHng">24100.9813333333</dst>
        </src>
        <src id="DNVRng">
            <dst id="ATLA-M5">172.898666666667</dst>
            <dst id="ATLAng">7346.52533333333</dst>
            <dst id="CHINng">74625.5733333333</dst>
            <dst id="DNVRng">17266.264</dst>
            <dst id="HSTNng">14608.4266666667</dst>
            <dst id="IPLSng">35416.9706666667</dst>
            <dst id="KSCYng">18162.6453333333</dst>
            <dst id="LOSAng">15403.1466666667</dst>
            <dst id="NYCMng">23490.4453333333</dst>
            <dst id="SNVAng">10006.2346666667</dst>
            <dst id="STTLng">12189.7066666667</dst>
            <dst id="WASHng">42594.2213333333</dst>
        </src>
        <src id="HSTNng">
            <dst id="ATLA-M5">1205.02133333333</dst>
            <dst id="ATLAng">2112.84</dst>
            <dst id="CHINng">20376.3653333333</dst>
            <dst id="DNVRng">2422.82666666667</dst>
            <dst id="HSTNng">4793.608</dst>
            <dst id="IPLSng">9639.52</dst>
            <dst id="KSCYng">2803.72266666667</dst>
            <dst id="LOSAng">9426.488</dst>
            <dst id="NYCMng">2662.16533333333</dst>
            <dst id="SNVAng">996.6</dst>
            <dst id="STTLng">3533.52266666667</dst>
            <dst id="WASHng">6267.28533333333</dst>
        </src>
        <src id="IPLSng">
            <dst id="ATLA-M5">591.309333333333</dst>
            <dst id="ATLAng">15919.512</dst>
            <dst id="CHINng">92253.424</dst>
            <dst id="DNVRng">24244.72</dst>
            <dst id="HSTNng">8014.30666666667</dst>
            <dst id="IPLSng">33429.952</dst>
            <dst id="KSCYng">8634.416</dst>
            <dst id="LOSAng">66757.016</dst>
            <dst id="NYCMng">69415.4266666667</dst>
            <dst id="SNVAng">3641.81866666667</dst>
            <dst id="STTLng">7465.85333333333</dst>
            <dst id="WASHng">47106.392</dst>
        </src>
        <src id="KSCYng">
            <dst id="ATLA-M5">511.586666666667</dst>
            <dst id="ATLAng">2642.00533333333</dst>
            <dst id="CHINng">29943.9893333333</dst>
            <dst id="DNVRng">7624.384</dst>
            <dst id="HSTNng">3712.91466666667</dst>
            <dst id="IPLSng">19112.76</dst>
            <dst id="KSCYng">7947.904</dst>
            <dst id="LOSAng">6909.296</dst>
            <dst id="NYCMng">5182.30933333333</dst>
            <dst id="SNVAng">2366.77866666667</dst>
            <dst id="STTLng">2723.86666666667</dst>
            <dst id="WASHng">15122.0373333333</dst>
        </src>
        <src id="LOSAng">
            <dst id="ATLA-M5">1274.89866666667</dst>
            <dst id="ATLAng">30116.6053333333</dst>
            <dst id="CHINng">1076281.22666667</dst>
            <dst id="DNVRng">12852.9893333333</dst>
            <dst id="HSTNng">9432.57066666667</dst>
            <dst id="IPLSng">30399.8426666667</dst>
            <dst id="KSCYng">14731.7893333333</dst>
            <dst id="LOSAng">14386.0053333333</dst>
            <dst id="NYCMng">61066.8933333333</dst>
            <dst id="SNVAng">10615.2826666667</dst>
            <dst id="STTLng">24268.472</dst>
            <dst id="WASHng">88176.96</dst>
        </src>
        <src id="NYCMng">
            <dst id="ATLA-M5">1840.536</dst>
            <dst id="ATLAng">25791.1493333333</dst>
            <dst id="CHINng">58708.784</dst>
            <dst id="DNVRng">30930.5493333333</dst>
            <dst id="HSTNng">18633.8533333333</dst>
            <dst id="IPLSng">85350.3386666667</dst>
            <dst id="KSCYng">14124.9306666667</dst>
            <dst id="LOSAng">68306.992</dst>
            <dst id="NYCMng">165673.44</dst>
            <dst id="SNVAng">6254.88266666667</dst>
            <dst id="STTLng">39227.6586666667</dst>
            <dst id="WASHng">140122.949333333</dst>
        </src>
        <src id="SNVAng">
            <dst id="ATLA-M5">200.546666666667</dst>
            <dst id="ATLAng">490.290666666667</dst>
            <dst id="CHINng">3418.82133333333</dst>
            <dst id="DNVRng">11243.4933333333</dst>
            <dst id="HSTNng">568.866666666667</dst>
            <dst id="IPLSng">630.32</dst>
            <dst id="KSCYng">5293.81333333333</dst>
            <dst id="LOSAng">34091.8426666667</dst>
            <dst id="NYCMng">1265.61333333333</dst>
            <dst id="SNVAng">13689.8906666667</dst>
            <dst id="STTLng">50327.1333333333</dst>
            <dst id="WASHng">144.594666666667</dst>
        </src>
        <src id="STTLng">
            <dst id="ATLA-M5">496.68</dst>
            <dst id="ATLAng">7058.176</dst>
            <dst id="CHINng">15989.3226666667</dst>
            <dst id="DNVRng">12610.5786666667</dst>
            <dst id="HSTNng">5184.248</dst>
            <dst id="IPLSng">7020.93066666667</dst>
            <dst id="KSCYng">3965.38133333333</dst>
            <dst id="LOSAng">22564.8933333333</dst>
            <dst id="NYCMng">4625.776</dst>
            <dst id="SNVAng">5109.55466666667</dst>
            <dst id="STTLng">4798.39466666667</dst>
            <dst id="WASHng">8356.384</dst>
        </src>
        <src id="WASHng">
            <dst id="ATLA-M5">1032.264</dst>
            <dst id="ATLAng">53203.3466666667</dst>
            <dst id="CHINng">68888.8533333333</dst>
            <dst id="DNVRng">50598.5226666667</dst>
            <dst id="HSTNng">11616.232</dst>
            <dst id="IPLSng">53347.6613333333</dst>
            <dst id="KSCYng">32425.448</dst>
            <dst id="LOSAng">116622.781333333</dst>
            <dst id="NYCMng">179117.509333333</dst>
            <dst id="SNVAng">4128.34666666667</dst>
            <dst id="STTLng">34948.5946666667</dst>
            <dst id="WASHng">205104.506666667</dst>
        </src>
    </IntraTM>
</TrafficMatrixFile>
