<?xml version="1.0" encoding="ISO-8859-1" standalone="yes"?>
<TrafficMatrixFile xsi:noNamespaceSchemaLocation="http://totem.run.montefiore.ulg.ac.be/Schema/TrafficMatrix-v1_2.xsd" xmlns:xsi="http://www.w3.org/2001/XMLSchema-instance">
    <IntraTM ASID="11537">
        <src id="ATLA-M5">
            <dst id="ATLA-M5">26.6666666666667</dst>
            <dst id="ATLAng">0</dst>
            <dst id="CHINng">2838.23733333333</dst>
            <dst id="DNVRng">83.32</dst>
            <dst id="HSTNng">121.317333333333</dst>
            <dst id="IPLSng">240.162666666667</dst>
            <dst id="KSCYng">1269.29066666667</dst>
            <dst id="LOSAng">584.986666666667</dst>
            <dst id="NYCMng">80</dst>
            <dst id="SNVAng">0</dst>
            <dst id="STTLng">53.6053333333333</dst>
            <dst id="WASHng">889.538666666667</dst>
        </src>
        <src id="ATLAng">
            <dst id="ATLA-M5">124.405333333333</dst>
            <dst id="ATLAng">25876.496</dst>
            <dst id="CHINng">13272.5226666667</dst>
            <dst id="DNVRng">2993.06133333333</dst>
            <dst id="HSTNng">2000.81866666667</dst>
            <dst id="IPLSng">15083.4346666667</dst>
            <dst id="KSCYng">1946.928</dst>
            <dst id="LOSAng">16405.5466666667</dst>
            <dst id="NYCMng">6635.06933333333</dst>
            <dst id="SNVAng">999.306666666667</dst>
            <dst id="STTLng">4393.97066666667</dst>
            <dst id="WASHng">34816.344</dst>
        </src>
        <src id="CHINng">
            <dst id="ATLA-M5">448.272</dst>
            <dst id="ATLAng">15971.4773333333</dst>
            <dst id="CHINng">94617.2506666666</dst>
            <dst id="DNVRng">15702.536</dst>
            <dst id="HSTNng">47827.8693333333</dst>
            <dst id="IPLSng">35035.7973333333</dst>
            <dst id="KSCYng">16247.272</dst>
            <dst id="LOSAng">824506.373333334</dst>
            <dst id="NYCMng">31829.7706666667</dst>
            <dst id="SNVAng">5916.08266666667</dst>
            <dst id="STTLng">9727.33333333333</dst>
            <dst id="WASHng">25087.8373333333</dst>
        </src>
        <src id="DNVRng">
            <dst id="ATLA-M5">164.490666666667</dst>
            <dst id="ATLAng">4055.09333333333</dst>
            <dst id="CHINng">73109.6213333333</dst>
            <dst id="DNVRng">7604.632</dst>
            <dst id="HSTNng">12554.8373333333</dst>
            <dst id="IPLSng">51444.336</dst>
            <dst id="KSCYng">8948.99466666667</dst>
            <dst id="LOSAng">4941.52266666667</dst>
            <dst id="NYCMng">22823.8213333333</dst>
            <dst id="SNVAng">7138.58666666667</dst>
            <dst id="STTLng">4846.584</dst>
            <dst id="WASHng">41915.432</dst>
        </src>
        <src id="HSTNng">
            <dst id="ATLA-M5">226.208</dst>
            <dst id="ATLAng">1890.14666666667</dst>
            <dst id="CHINng">22607.8986666667</dst>
            <dst id="DNVRng">1776.272</dst>
            <dst id="HSTNng">5014.75733333333</dst>
            <dst id="IPLSng">2779.288</dst>
            <dst id="KSCYng">5412.17333333333</dst>
            <dst id="LOSAng">5724.23733333333</dst>
            <dst id="NYCMng">4704.848</dst>
            <dst id="SNVAng">349.712</dst>
            <dst id="STTLng">2163.53866666667</dst>
            <dst id="WASHng">6144.70666666667</dst>
        </src>
        <src id="IPLSng">
            <dst id="ATLA-M5">289.816</dst>
            <dst id="ATLAng">26297.328</dst>
            <dst id="CHINng">97368.9253333333</dst>
            <dst id="DNVRng">19372.064</dst>
            <dst id="HSTNng">2515.94933333333</dst>
            <dst id="IPLSng">15972.1386666667</dst>
            <dst id="KSCYng">6557.72266666667</dst>
            <dst id="LOSAng">34515.536</dst>
            <dst id="NYCMng">23751.8266666667</dst>
            <dst id="SNVAng">1970.064</dst>
            <dst id="STTLng">12352.1813333333</dst>
            <dst id="WASHng">43937.0986666667</dst>
        </src>
        <src id="KSCYng">
            <dst id="ATLA-M5">80.4666666666667</dst>
            <dst id="ATLAng">2332.22933333333</dst>
            <dst id="CHINng">19390.5146666667</dst>
            <dst id="DNVRng">19113.2773333333</dst>
            <dst id="HSTNng">2977.784</dst>
            <dst id="IPLSng">12571.6266666667</dst>
            <dst id="KSCYng">7447.87733333333</dst>
            <dst id="LOSAng">6900.50933333333</dst>
            <dst id="NYCMng">3610.95733333333</dst>
            <dst id="SNVAng">275.277333333333</dst>
            <dst id="STTLng">2522.39733333333</dst>
            <dst id="WASHng">13450.2053333333</dst>
        </src>
        <src id="LOSAng">
            <dst id="ATLA-M5">863.088</dst>
            <dst id="ATLAng">27368.1546666667</dst>
            <dst id="CHINng">67302.104</dst>
            <dst id="DNVRng">6597.904</dst>
            <dst id="HSTNng">5789.248</dst>
            <dst id="IPLSng">21644.032</dst>
            <dst id="KSCYng">7613.26133333333</dst>
            <dst id="LOSAng">11661.208</dst>
            <dst id="NYCMng">44020.6986666667</dst>
            <dst id="SNVAng">14280.0533333333</dst>
            <dst id="STTLng">14248.192</dst>
            <dst id="WASHng">101125.032</dst>
        </src>
        <src id="NYCMng">
            <dst id="ATLA-M5">1335.93333333333</dst>
            <dst id="ATLAng">30322.9946666667</dst>
            <dst id="CHINng">48979.3573333333</dst>
            <dst id="DNVRng">36283.1893333333</dst>
            <dst id="HSTNng">7570.98666666667</dst>
            <dst id="IPLSng">40954.7626666667</dst>
            <dst id="KSCYng">12574.624</dst>
            <dst id="LOSAng">54555.0693333333</dst>
            <dst id="NYCMng">142365.72</dst>
            <dst id="SNVAng">3325.32</dst>
            <dst id="STTLng">20136.5066666667</dst>
            <dst id="WASHng">110290.88</dst>
        </src>
        <src id="SNVAng">
            <dst id="ATLA-M5">26.6666666666667</dst>
            <dst id="ATLAng">111.288</dst>
            <dst id="CHINng">611.864</dst>
            <dst id="DNVRng">4509.744</dst>
            <dst id="HSTNng">92.8453333333333</dst>
            <dst id="IPLSng">633.853333333333</dst>
            <dst id="KSCYng">166.194666666667</dst>
            <dst id="LOSAng">57497.6293333333</dst>
            <dst id="NYCMng">825.528</dst>
            <dst id="SNVAng">14897.7466666667</dst>
            <dst id="STTLng">56045.6213333333</dst>
            <dst id="WASHng">260.24</dst>
        </src>
        <src id="STTLng">
            <dst id="ATLA-M5">347.6</dst>
            <dst id="ATLAng">6266.09066666667</dst>
            <dst id="CHINng">11619.992</dst>
            <dst id="DNVRng">1865.75466666667</dst>
            <dst id="HSTNng">10304.2373333333</dst>
            <dst id="IPLSng">4119.77333333333</dst>
            <dst id="KSCYng">4612.584</dst>
            <dst id="LOSAng">20450.632</dst>
            <dst id="NYCMng">6294.46133333334</dst>
            <dst id="SNVAng">2593.184</dst>
            <dst id="STTLng">869.245333333333</dst>
            <dst id="WASHng">4936.95466666667</dst>
        </src>
        <src id="WASHng">
            <dst id="ATLA-M5">271.877333333333</dst>
            <dst id="ATLAng">145344.525333333</dst>
            <dst id="CHINng">68259.736</dst>
            <dst id="DNVRng">59249.008</dst>
            <dst id="HSTNng">19629.184</dst>
            <dst id="IPLSng">53116.4533333333</dst>
            <dst id="KSCYng">13282.5893333333</dst>
            <dst id="LOSAng">108773.805333333</dst>
            <dst id="NYCMng">156603.426666667</dst>
            <dst id="SNVAng">1577.46933333333</dst>
            <dst id="STTLng">31136.4186666667</dst>
            <dst id="WASHng">218028.002666667</dst>
        </src>
    </IntraTM>
</TrafficMatrixFile>
