<?xml version="1.0" encoding="ISO-8859-1" standalone="yes"?>
<TrafficMatrixFile xsi:noNamespaceSchemaLocation="http://totem.run.montefiore.ulg.ac.be/Schema/TrafficMatrix-v1_2.xsd" xmlns:xsi="http://www.w3.org/2001/XMLSchema-instance">
    <IntraTM ASID="11537">
        <src id="ATLA-M5">
            <dst id="ATLA-M5">1473.208</dst>
            <dst id="ATLAng">120.501333333333</dst>
            <dst id="CHINng">391.168</dst>
            <dst id="DNVRng">26.6666666666667</dst>
            <dst id="HSTNng">165.92</dst>
            <dst id="IPLSng">216.413333333333</dst>
            <dst id="KSCYng">53.3333333333333</dst>
            <dst id="LOSAng">133.333333333333</dst>
            <dst id="NYCMng">144.312</dst>
            <dst id="SNVAng">0</dst>
            <dst id="STTLng">58.008</dst>
            <dst id="WASHng">729.992</dst>
        </src>
        <src id="ATLAng">
            <dst id="ATLA-M5">126.485333333333</dst>
            <dst id="ATLAng">28340.2586666667</dst>
            <dst id="CHINng">12809.8613333333</dst>
            <dst id="DNVRng">3129.408</dst>
            <dst id="HSTNng">1617.6</dst>
            <dst id="IPLSng">13171.8933333333</dst>
            <dst id="KSCYng">2146.01866666667</dst>
            <dst id="LOSAng">23841.664</dst>
            <dst id="NYCMng">8220.43466666667</dst>
            <dst id="SNVAng">305.122666666667</dst>
            <dst id="STTLng">5288.94133333333</dst>
            <dst id="WASHng">33985.6746666667</dst>
        </src>
        <src id="CHINng">
            <dst id="ATLA-M5">1085.4</dst>
            <dst id="ATLAng">20597.8106666667</dst>
            <dst id="CHINng">122283.986666667</dst>
            <dst id="DNVRng">14607.52</dst>
            <dst id="HSTNng">42748.8506666667</dst>
            <dst id="IPLSng">28030.968</dst>
            <dst id="KSCYng">14743.4906666667</dst>
            <dst id="LOSAng">41567.5013333333</dst>
            <dst id="NYCMng">18195.8426666667</dst>
            <dst id="SNVAng">2143.74666666667</dst>
            <dst id="STTLng">12228.8346666667</dst>
            <dst id="WASHng">30701.1093333333</dst>
        </src>
        <src id="DNVRng">
            <dst id="ATLA-M5">109.112</dst>
            <dst id="ATLAng">5063.056</dst>
            <dst id="CHINng">65501.5413333333</dst>
            <dst id="DNVRng">12784.072</dst>
            <dst id="HSTNng">12389.136</dst>
            <dst id="IPLSng">32010.0666666667</dst>
            <dst id="KSCYng">26034.7013333333</dst>
            <dst id="LOSAng">5873.23733333333</dst>
            <dst id="NYCMng">13758.1173333333</dst>
            <dst id="SNVAng">11297.328</dst>
            <dst id="STTLng">12396.552</dst>
            <dst id="WASHng">51505.3386666667</dst>
        </src>
        <src id="HSTNng">
            <dst id="ATLA-M5">3749.97866666667</dst>
            <dst id="ATLAng">2439.38933333333</dst>
            <dst id="CHINng">23573.24</dst>
            <dst id="DNVRng">2080.06666666667</dst>
            <dst id="HSTNng">4789.60533333333</dst>
            <dst id="IPLSng">2285.82933333333</dst>
            <dst id="KSCYng">1267.344</dst>
            <dst id="LOSAng">2496.76266666667</dst>
            <dst id="NYCMng">3464.448</dst>
            <dst id="SNVAng">961.08</dst>
            <dst id="STTLng">827.68</dst>
            <dst id="WASHng">4503.50933333333</dst>
        </src>
        <src id="IPLSng">
            <dst id="ATLA-M5">750.989333333333</dst>
            <dst id="ATLAng">16564.224</dst>
            <dst id="CHINng">85205.664</dst>
            <dst id="DNVRng">31667.32</dst>
            <dst id="HSTNng">2329.256</dst>
            <dst id="IPLSng">12516.6533333333</dst>
            <dst id="KSCYng">6766.44266666667</dst>
            <dst id="LOSAng">24395.6053333333</dst>
            <dst id="NYCMng">22717.584</dst>
            <dst id="SNVAng">865.778666666667</dst>
            <dst id="STTLng">12786.528</dst>
            <dst id="WASHng">26571.144</dst>
        </src>
        <src id="KSCYng">
            <dst id="ATLA-M5">53.3333333333333</dst>
            <dst id="ATLAng">2236.07733333333</dst>
            <dst id="CHINng">27362.8586666667</dst>
            <dst id="DNVRng">16572.5706666667</dst>
            <dst id="HSTNng">3382.71733333333</dst>
            <dst id="IPLSng">15440.7466666667</dst>
            <dst id="KSCYng">7883.16533333333</dst>
            <dst id="LOSAng">8130.56266666667</dst>
            <dst id="NYCMng">3169.624</dst>
            <dst id="SNVAng">201.981333333333</dst>
            <dst id="STTLng">1408.00533333333</dst>
            <dst id="WASHng">10626.912</dst>
        </src>
        <src id="LOSAng">
            <dst id="ATLA-M5">1104.18133333333</dst>
            <dst id="ATLAng">10902.976</dst>
            <dst id="CHINng">72055.5173333334</dst>
            <dst id="DNVRng">6155.704</dst>
            <dst id="HSTNng">4180.44</dst>
            <dst id="IPLSng">20719.5066666667</dst>
            <dst id="KSCYng">8760.60266666667</dst>
            <dst id="LOSAng">13440.2186666667</dst>
            <dst id="NYCMng">57741.8</dst>
            <dst id="SNVAng">7406.408</dst>
            <dst id="STTLng">17470.616</dst>
            <dst id="WASHng">132793.672</dst>
        </src>
        <src id="NYCMng">
            <dst id="ATLA-M5">959.013333333333</dst>
            <dst id="ATLAng">22484.672</dst>
            <dst id="CHINng">49308.4746666667</dst>
            <dst id="DNVRng">36317.2293333333</dst>
            <dst id="HSTNng">7940.92266666667</dst>
            <dst id="IPLSng">35844.5386666667</dst>
            <dst id="KSCYng">12424.144</dst>
            <dst id="LOSAng">66535.584</dst>
            <dst id="NYCMng">134425.173333333</dst>
            <dst id="SNVAng">3572.02133333333</dst>
            <dst id="STTLng">22114.7386666667</dst>
            <dst id="WASHng">87086.016</dst>
        </src>
        <src id="SNVAng">
            <dst id="ATLA-M5">26.6666666666667</dst>
            <dst id="ATLAng">80</dst>
            <dst id="CHINng">324.768</dst>
            <dst id="DNVRng">10224.4586666667</dst>
            <dst id="HSTNng">107.557333333333</dst>
            <dst id="IPLSng">417.029333333333</dst>
            <dst id="KSCYng">53.3333333333333</dst>
            <dst id="LOSAng">36409.3466666667</dst>
            <dst id="NYCMng">3020.35733333333</dst>
            <dst id="SNVAng">14233.72</dst>
            <dst id="STTLng">52521.6293333333</dst>
            <dst id="WASHng">203.549333333333</dst>
        </src>
        <src id="STTLng">
            <dst id="ATLA-M5">53.3333333333333</dst>
            <dst id="ATLAng">7063.416</dst>
            <dst id="CHINng">14338.12</dst>
            <dst id="DNVRng">1513.752</dst>
            <dst id="HSTNng">6211.78666666667</dst>
            <dst id="IPLSng">4711.13066666667</dst>
            <dst id="KSCYng">3655.02933333333</dst>
            <dst id="LOSAng">16100.0986666667</dst>
            <dst id="NYCMng">6809.68</dst>
            <dst id="SNVAng">2717.68266666667</dst>
            <dst id="STTLng">7657.408</dst>
            <dst id="WASHng">5196.71466666667</dst>
        </src>
        <src id="WASHng">
            <dst id="ATLA-M5">712.114666666667</dst>
            <dst id="ATLAng">101139.549333333</dst>
            <dst id="CHINng">69884.6506666667</dst>
            <dst id="DNVRng">66087.2213333333</dst>
            <dst id="HSTNng">21514</dst>
            <dst id="IPLSng">52341.8986666667</dst>
            <dst id="KSCYng">12688.5786666667</dst>
            <dst id="LOSAng">97154.312</dst>
            <dst id="NYCMng">134620.541333333</dst>
            <dst id="SNVAng">814.525333333333</dst>
            <dst id="STTLng">26777.304</dst>
            <dst id="WASHng">245087.445333333</dst>
        </src>
    </IntraTM>
</TrafficMatrixFile>
