<?xml version="1.0" encoding="ISO-8859-1" standalone="yes"?>
<TrafficMatrixFile xsi:noNamespaceSchemaLocation="http://totem.run.montefiore.ulg.ac.be/Schema/TrafficMatrix-v1_2.xsd" xmlns:xsi="http://www.w3.org/2001/XMLSchema-instance">
    <IntraTM ASID="11537">
        <src id="ATLA-M5">
            <dst id="ATLA-M5">113.973333333333</dst>
            <dst id="ATLAng">154.765333333333</dst>
            <dst id="CHINng">590.229333333333</dst>
            <dst id="DNVRng">53.3333333333333</dst>
            <dst id="HSTNng">145.36</dst>
            <dst id="IPLSng">548.232</dst>
            <dst id="KSCYng">277.52</dst>
            <dst id="LOSAng">351.296</dst>
            <dst id="NYCMng">266.44</dst>
            <dst id="SNVAng">263.896</dst>
            <dst id="STTLng">80</dst>
            <dst id="WASHng">2328.936</dst>
        </src>
        <src id="ATLAng">
            <dst id="ATLA-M5">2265.81066666667</dst>
            <dst id="ATLAng">25487.608</dst>
            <dst id="CHINng">18354.904</dst>
            <dst id="DNVRng">4788.90666666667</dst>
            <dst id="HSTNng">5688.91733333333</dst>
            <dst id="IPLSng">20996.1306666667</dst>
            <dst id="KSCYng">2084.256</dst>
            <dst id="LOSAng">20144.2213333333</dst>
            <dst id="NYCMng">18186.312</dst>
            <dst id="SNVAng">660.504</dst>
            <dst id="STTLng">4481.86133333333</dst>
            <dst id="WASHng">34004.336</dst>
        </src>
        <src id="CHINng">
            <dst id="ATLA-M5">1368.048</dst>
            <dst id="ATLAng">23492.7706666667</dst>
            <dst id="CHINng">98483.592</dst>
            <dst id="DNVRng">21777.48</dst>
            <dst id="HSTNng">51857.6426666667</dst>
            <dst id="IPLSng">74590.6133333333</dst>
            <dst id="KSCYng">19364.3866666667</dst>
            <dst id="LOSAng">2052591.44</dst>
            <dst id="NYCMng">21804.5733333333</dst>
            <dst id="SNVAng">3068.088</dst>
            <dst id="STTLng">18807.5413333333</dst>
            <dst id="WASHng">31975.824</dst>
        </src>
        <src id="DNVRng">
            <dst id="ATLA-M5">686.866666666667</dst>
            <dst id="ATLAng">7222.21066666667</dst>
            <dst id="CHINng">66131.2853333333</dst>
            <dst id="DNVRng">11590.536</dst>
            <dst id="HSTNng">12266.4906666667</dst>
            <dst id="IPLSng">36997.9466666667</dst>
            <dst id="KSCYng">11232.2613333333</dst>
            <dst id="LOSAng">9823.49866666667</dst>
            <dst id="NYCMng">19574.888</dst>
            <dst id="SNVAng">8149.944</dst>
            <dst id="STTLng">10326.72</dst>
            <dst id="WASHng">45420.6533333333</dst>
        </src>
        <src id="HSTNng">
            <dst id="ATLA-M5">4761.984</dst>
            <dst id="ATLAng">2822.6</dst>
            <dst id="CHINng">19581.9253333333</dst>
            <dst id="DNVRng">1653.30133333333</dst>
            <dst id="HSTNng">6249.544</dst>
            <dst id="IPLSng">6173.816</dst>
            <dst id="KSCYng">5124.608</dst>
            <dst id="LOSAng">4058.50133333333</dst>
            <dst id="NYCMng">3017.59466666667</dst>
            <dst id="SNVAng">1714.69866666667</dst>
            <dst id="STTLng">2638.392</dst>
            <dst id="WASHng">7675.30666666667</dst>
        </src>
        <src id="IPLSng">
            <dst id="ATLA-M5">1278.98933333333</dst>
            <dst id="ATLAng">16897.9813333333</dst>
            <dst id="CHINng">113813.997333333</dst>
            <dst id="DNVRng">25504.6586666667</dst>
            <dst id="HSTNng">8619.67466666667</dst>
            <dst id="IPLSng">56885.552</dst>
            <dst id="KSCYng">8094.13333333333</dst>
            <dst id="LOSAng">58591.2453333333</dst>
            <dst id="NYCMng">87368.656</dst>
            <dst id="SNVAng">1746.224</dst>
            <dst id="STTLng">9844.91733333333</dst>
            <dst id="WASHng">52155.392</dst>
        </src>
        <src id="KSCYng">
            <dst id="ATLA-M5">236.688</dst>
            <dst id="ATLAng">1880.32</dst>
            <dst id="CHINng">19171.2586666667</dst>
            <dst id="DNVRng">9278.584</dst>
            <dst id="HSTNng">3888.82666666667</dst>
            <dst id="IPLSng">11651.6693333333</dst>
            <dst id="KSCYng">6042.952</dst>
            <dst id="LOSAng">5244.16</dst>
            <dst id="NYCMng">3486.312</dst>
            <dst id="SNVAng">130.976</dst>
            <dst id="STTLng">2229.09333333333</dst>
            <dst id="WASHng">15363.7386666667</dst>
        </src>
        <src id="LOSAng">
            <dst id="ATLA-M5">2250.25066666667</dst>
            <dst id="ATLAng">16783.8613333333</dst>
            <dst id="CHINng">715672.613333333</dst>
            <dst id="DNVRng">11777.9306666667</dst>
            <dst id="HSTNng">12214.6373333333</dst>
            <dst id="IPLSng">63406.3306666667</dst>
            <dst id="KSCYng">10363.9386666667</dst>
            <dst id="LOSAng">11339.44</dst>
            <dst id="NYCMng">73041.2266666667</dst>
            <dst id="SNVAng">9392.16266666667</dst>
            <dst id="STTLng">22733.264</dst>
            <dst id="WASHng">83922.5413333333</dst>
        </src>
        <src id="NYCMng">
            <dst id="ATLA-M5">2409.80533333333</dst>
            <dst id="ATLAng">21309.8266666667</dst>
            <dst id="CHINng">42349.1466666667</dst>
            <dst id="DNVRng">30022.4266666667</dst>
            <dst id="HSTNng">28044.5706666667</dst>
            <dst id="IPLSng">69894.816</dst>
            <dst id="KSCYng">17616.6533333333</dst>
            <dst id="LOSAng">90051.3866666667</dst>
            <dst id="NYCMng">177410.528</dst>
            <dst id="SNVAng">3958.11733333333</dst>
            <dst id="STTLng">24675.5706666667</dst>
            <dst id="WASHng">118784.845333333</dst>
        </src>
        <src id="SNVAng">
            <dst id="ATLA-M5">44.0773333333333</dst>
            <dst id="ATLAng">1410.896</dst>
            <dst id="CHINng">395.754666666667</dst>
            <dst id="DNVRng">4580.936</dst>
            <dst id="HSTNng">454.453333333333</dst>
            <dst id="IPLSng">5352.09333333333</dst>
            <dst id="KSCYng">4414.136</dst>
            <dst id="LOSAng">38205.168</dst>
            <dst id="NYCMng">948.666666666667</dst>
            <dst id="SNVAng">18543.6426666667</dst>
            <dst id="STTLng">58418.232</dst>
            <dst id="WASHng">238.229333333333</dst>
        </src>
        <src id="STTLng">
            <dst id="ATLA-M5">519.52</dst>
            <dst id="ATLAng">8351.22133333333</dst>
            <dst id="CHINng">17445.584</dst>
            <dst id="DNVRng">2591.464</dst>
            <dst id="HSTNng">8231.304</dst>
            <dst id="IPLSng">7482.68</dst>
            <dst id="KSCYng">2972.32</dst>
            <dst id="LOSAng">22435.6746666667</dst>
            <dst id="NYCMng">4747.84533333333</dst>
            <dst id="SNVAng">3711.45066666667</dst>
            <dst id="STTLng">2462.08</dst>
            <dst id="WASHng">7575.17066666667</dst>
        </src>
        <src id="WASHng">
            <dst id="ATLA-M5">2955.83466666667</dst>
            <dst id="ATLAng">99099.432</dst>
            <dst id="CHINng">69848.9013333333</dst>
            <dst id="DNVRng">46240.0986666667</dst>
            <dst id="HSTNng">32419.0266666667</dst>
            <dst id="IPLSng">50764.2826666667</dst>
            <dst id="KSCYng">10772.4613333333</dst>
            <dst id="LOSAng">108251.253333333</dst>
            <dst id="NYCMng">165935.714666667</dst>
            <dst id="SNVAng">5162.49066666667</dst>
            <dst id="STTLng">33320.192</dst>
            <dst id="WASHng">226263.296</dst>
        </src>
    </IntraTM>
</TrafficMatrixFile>
