<?xml version="1.0" encoding="ISO-8859-1" standalone="yes"?>
<TrafficMatrixFile xsi:noNamespaceSchemaLocation="http://totem.run.montefiore.ulg.ac.be/Schema/TrafficMatrix-v1_2.xsd" xmlns:xsi="http://www.w3.org/2001/XMLSchema-instance">
    <IntraTM ASID="11537">
        <src id="ATLA-M5">
            <dst id="ATLA-M5">41.7013333333333</dst>
            <dst id="ATLAng">142.517333333333</dst>
            <dst id="CHINng">501.712</dst>
            <dst id="DNVRng">0</dst>
            <dst id="HSTNng">192.882666666667</dst>
            <dst id="IPLSng">950.554666666667</dst>
            <dst id="KSCYng">106.666666666667</dst>
            <dst id="LOSAng">234.573333333333</dst>
            <dst id="NYCMng">391.146666666667</dst>
            <dst id="SNVAng">0</dst>
            <dst id="STTLng">129.568</dst>
            <dst id="WASHng">133.333333333333</dst>
        </src>
        <src id="ATLAng">
            <dst id="ATLA-M5">234.877333333333</dst>
            <dst id="ATLAng">28721.2826666667</dst>
            <dst id="CHINng">13902.3733333333</dst>
            <dst id="DNVRng">4197.33066666667</dst>
            <dst id="HSTNng">6232.26666666667</dst>
            <dst id="IPLSng">13771.416</dst>
            <dst id="KSCYng">1226</dst>
            <dst id="LOSAng">20543.7146666667</dst>
            <dst id="NYCMng">5023.528</dst>
            <dst id="SNVAng">1236.96266666667</dst>
            <dst id="STTLng">6764.67733333333</dst>
            <dst id="WASHng">41207.9546666667</dst>
        </src>
        <src id="CHINng">
            <dst id="ATLA-M5">1264.97066666667</dst>
            <dst id="ATLAng">12776.4533333333</dst>
            <dst id="CHINng">105867.997333333</dst>
            <dst id="DNVRng">22514.5546666667</dst>
            <dst id="HSTNng">48178.864</dst>
            <dst id="IPLSng">46592.9946666667</dst>
            <dst id="KSCYng">10223.1333333333</dst>
            <dst id="LOSAng">68129.624</dst>
            <dst id="NYCMng">15885.68</dst>
            <dst id="SNVAng">3484.02666666667</dst>
            <dst id="STTLng">13004.432</dst>
            <dst id="WASHng">21421.3066666667</dst>
        </src>
        <src id="DNVRng">
            <dst id="ATLA-M5">119.84</dst>
            <dst id="ATLAng">2591.69066666667</dst>
            <dst id="CHINng">87393.688</dst>
            <dst id="DNVRng">18839.2213333333</dst>
            <dst id="HSTNng">16337.0773333333</dst>
            <dst id="IPLSng">30977.4506666667</dst>
            <dst id="KSCYng">14836.1386666667</dst>
            <dst id="LOSAng">4286.104</dst>
            <dst id="NYCMng">13905.1226666667</dst>
            <dst id="SNVAng">5953.86666666667</dst>
            <dst id="STTLng">9139.10133333333</dst>
            <dst id="WASHng">39274.8826666667</dst>
        </src>
        <src id="HSTNng">
            <dst id="ATLA-M5">158.688</dst>
            <dst id="ATLAng">1554.41333333333</dst>
            <dst id="CHINng">15830.5813333333</dst>
            <dst id="DNVRng">1473.6</dst>
            <dst id="HSTNng">4202.78133333333</dst>
            <dst id="IPLSng">3296.96533333333</dst>
            <dst id="KSCYng">1904.648</dst>
            <dst id="LOSAng">6068.53066666667</dst>
            <dst id="NYCMng">3323.76533333333</dst>
            <dst id="SNVAng">728.224</dst>
            <dst id="STTLng">4118.57066666667</dst>
            <dst id="WASHng">5764.64</dst>
        </src>
        <src id="IPLSng">
            <dst id="ATLA-M5">1125.14133333333</dst>
            <dst id="ATLAng">29954.2586666667</dst>
            <dst id="CHINng">100093.72</dst>
            <dst id="DNVRng">17342.456</dst>
            <dst id="HSTNng">5464.04</dst>
            <dst id="IPLSng">37215.592</dst>
            <dst id="KSCYng">4954.93333333333</dst>
            <dst id="LOSAng">51741.648</dst>
            <dst id="NYCMng">33097.5413333333</dst>
            <dst id="SNVAng">1305.14133333333</dst>
            <dst id="STTLng">10259.8613333333</dst>
            <dst id="WASHng">50067.2</dst>
        </src>
        <src id="KSCYng">
            <dst id="ATLA-M5">434.592</dst>
            <dst id="ATLAng">2553.99466666667</dst>
            <dst id="CHINng">29518.7626666667</dst>
            <dst id="DNVRng">9467.656</dst>
            <dst id="HSTNng">2983.12533333333</dst>
            <dst id="IPLSng">10082.968</dst>
            <dst id="KSCYng">6773.656</dst>
            <dst id="LOSAng">5250.76533333333</dst>
            <dst id="NYCMng">3633.344</dst>
            <dst id="SNVAng">637.466666666667</dst>
            <dst id="STTLng">1628.57066666667</dst>
            <dst id="WASHng">16163.744</dst>
        </src>
        <src id="LOSAng">
            <dst id="ATLA-M5">2046.97333333333</dst>
            <dst id="ATLAng">19794.1786666667</dst>
            <dst id="CHINng">81493.288</dst>
            <dst id="DNVRng">7302.008</dst>
            <dst id="HSTNng">9650.05066666666</dst>
            <dst id="IPLSng">16603.28</dst>
            <dst id="KSCYng">8574.39733333333</dst>
            <dst id="LOSAng">14073.208</dst>
            <dst id="NYCMng">43538.7226666667</dst>
            <dst id="SNVAng">8325.888</dst>
            <dst id="STTLng">22136.288</dst>
            <dst id="WASHng">72240.6213333333</dst>
        </src>
        <src id="NYCMng">
            <dst id="ATLA-M5">2473.52266666667</dst>
            <dst id="ATLAng">17464.928</dst>
            <dst id="CHINng">48612.776</dst>
            <dst id="DNVRng">26552.112</dst>
            <dst id="HSTNng">13597.7093333333</dst>
            <dst id="IPLSng">34989.0266666667</dst>
            <dst id="KSCYng">11922.352</dst>
            <dst id="LOSAng">71191.5733333333</dst>
            <dst id="NYCMng">111922.282666667</dst>
            <dst id="SNVAng">4297.304</dst>
            <dst id="STTLng">26451.784</dst>
            <dst id="WASHng">78716.8693333333</dst>
        </src>
        <src id="SNVAng">
            <dst id="ATLA-M5">0</dst>
            <dst id="ATLAng">84.3973333333333</dst>
            <dst id="CHINng">1165.29866666667</dst>
            <dst id="DNVRng">14007.0213333333</dst>
            <dst id="HSTNng">107.2</dst>
            <dst id="IPLSng">1543.52266666667</dst>
            <dst id="KSCYng">4404.21333333333</dst>
            <dst id="LOSAng">27865.3573333333</dst>
            <dst id="NYCMng">488.330666666667</dst>
            <dst id="SNVAng">10530.4133333333</dst>
            <dst id="STTLng">47282.1866666667</dst>
            <dst id="WASHng">164.226666666667</dst>
        </src>
        <src id="STTLng">
            <dst id="ATLA-M5">452.016</dst>
            <dst id="ATLAng">5790.05866666667</dst>
            <dst id="CHINng">13388.408</dst>
            <dst id="DNVRng">3610.72533333333</dst>
            <dst id="HSTNng">5569.06133333333</dst>
            <dst id="IPLSng">5749.776</dst>
            <dst id="KSCYng">2813.72</dst>
            <dst id="LOSAng">15356.5093333333</dst>
            <dst id="NYCMng">7565.39733333333</dst>
            <dst id="SNVAng">3433.784</dst>
            <dst id="STTLng">4168.016</dst>
            <dst id="WASHng">8447.86666666667</dst>
        </src>
        <src id="WASHng">
            <dst id="ATLA-M5">1441.4</dst>
            <dst id="ATLAng">72262.8026666667</dst>
            <dst id="CHINng">68807.3493333333</dst>
            <dst id="DNVRng">62635.9573333333</dst>
            <dst id="HSTNng">8292.16</dst>
            <dst id="IPLSng">69842.5173333333</dst>
            <dst id="KSCYng">13593.4186666667</dst>
            <dst id="LOSAng">102924.984</dst>
            <dst id="NYCMng">172513.565333333</dst>
            <dst id="SNVAng">5762.89066666666</dst>
            <dst id="STTLng">33693.912</dst>
            <dst id="WASHng">217392.645333333</dst>
        </src>
    </IntraTM>
</TrafficMatrixFile>
