<?xml version="1.0" encoding="ISO-8859-1" standalone="yes"?>
<TrafficMatrixFile xsi:noNamespaceSchemaLocation="http://totem.run.montefiore.ulg.ac.be/Schema/TrafficMatrix-v1_2.xsd" xmlns:xsi="http://www.w3.org/2001/XMLSchema-instance">
    <IntraTM ASID="11537">
        <src id="ATLA-M5">
            <dst id="ATLA-M5">54.352</dst>
            <dst id="ATLAng">146.645333333333</dst>
            <dst id="CHINng">473.197333333333</dst>
            <dst id="DNVRng">0</dst>
            <dst id="HSTNng">222</dst>
            <dst id="IPLSng">525.464</dst>
            <dst id="KSCYng">161.472</dst>
            <dst id="LOSAng">60.4186666666667</dst>
            <dst id="NYCMng">53.3333333333333</dst>
            <dst id="SNVAng">0</dst>
            <dst id="STTLng">296.413333333333</dst>
            <dst id="WASHng">321.877333333333</dst>
        </src>
        <src id="ATLAng">
            <dst id="ATLA-M5">1143.872</dst>
            <dst id="ATLAng">26188.9146666667</dst>
            <dst id="CHINng">12440.456</dst>
            <dst id="DNVRng">9358.04</dst>
            <dst id="HSTNng">5042.168</dst>
            <dst id="IPLSng">12278.616</dst>
            <dst id="KSCYng">917.112</dst>
            <dst id="LOSAng">18019.3893333333</dst>
            <dst id="NYCMng">5042.528</dst>
            <dst id="SNVAng">415.634666666667</dst>
            <dst id="STTLng">7110.58666666667</dst>
            <dst id="WASHng">39099.5546666667</dst>
        </src>
        <src id="CHINng">
            <dst id="ATLA-M5">1449.632</dst>
            <dst id="ATLAng">15034.2933333333</dst>
            <dst id="CHINng">110014.362666667</dst>
            <dst id="DNVRng">27085.6346666667</dst>
            <dst id="HSTNng">45289.6586666667</dst>
            <dst id="IPLSng">46123.4693333333</dst>
            <dst id="KSCYng">13764.8426666667</dst>
            <dst id="LOSAng">52530.6906666667</dst>
            <dst id="NYCMng">23159.968</dst>
            <dst id="SNVAng">3014.832</dst>
            <dst id="STTLng">9315.27466666667</dst>
            <dst id="WASHng">19623.5066666667</dst>
        </src>
        <src id="DNVRng">
            <dst id="ATLA-M5">155.626666666667</dst>
            <dst id="ATLAng">3003.96533333333</dst>
            <dst id="CHINng">77629.9386666667</dst>
            <dst id="DNVRng">24063.6506666667</dst>
            <dst id="HSTNng">13685.8266666667</dst>
            <dst id="IPLSng">27402.096</dst>
            <dst id="KSCYng">24653.9146666667</dst>
            <dst id="LOSAng">3473.87466666667</dst>
            <dst id="NYCMng">20682.224</dst>
            <dst id="SNVAng">5803.90133333333</dst>
            <dst id="STTLng">16066.4186666667</dst>
            <dst id="WASHng">41859.848</dst>
        </src>
        <src id="HSTNng">
            <dst id="ATLA-M5">4952.01333333333</dst>
            <dst id="ATLAng">2008.904</dst>
            <dst id="CHINng">21181.608</dst>
            <dst id="DNVRng">1401.63466666667</dst>
            <dst id="HSTNng">2982.89866666667</dst>
            <dst id="IPLSng">2844.19466666667</dst>
            <dst id="KSCYng">1649.376</dst>
            <dst id="LOSAng">5947.75466666667</dst>
            <dst id="NYCMng">3220.504</dst>
            <dst id="SNVAng">719.096</dst>
            <dst id="STTLng">4336.30666666667</dst>
            <dst id="WASHng">5263.79733333333</dst>
        </src>
        <src id="IPLSng">
            <dst id="ATLA-M5">1382.62933333333</dst>
            <dst id="ATLAng">13089.664</dst>
            <dst id="CHINng">114714.768</dst>
            <dst id="DNVRng">6796.528</dst>
            <dst id="HSTNng">5803.26133333333</dst>
            <dst id="IPLSng">15679.9146666667</dst>
            <dst id="KSCYng">9123.26666666667</dst>
            <dst id="LOSAng">52323.5813333333</dst>
            <dst id="NYCMng">48077.4</dst>
            <dst id="SNVAng">1069.38666666667</dst>
            <dst id="STTLng">14644.7626666667</dst>
            <dst id="WASHng">42128.8426666667</dst>
        </src>
        <src id="KSCYng">
            <dst id="ATLA-M5">208.176</dst>
            <dst id="ATLAng">2602.65066666667</dst>
            <dst id="CHINng">33073.344</dst>
            <dst id="DNVRng">9091.46133333334</dst>
            <dst id="HSTNng">3163.856</dst>
            <dst id="IPLSng">8792.88</dst>
            <dst id="KSCYng">8287.00533333333</dst>
            <dst id="LOSAng">3607.528</dst>
            <dst id="NYCMng">5304.328</dst>
            <dst id="SNVAng">358.565333333333</dst>
            <dst id="STTLng">1435.61866666667</dst>
            <dst id="WASHng">10179.2853333333</dst>
        </src>
        <src id="LOSAng">
            <dst id="ATLA-M5">715.450666666667</dst>
            <dst id="ATLAng">9844.53866666667</dst>
            <dst id="CHINng">73337.5226666667</dst>
            <dst id="DNVRng">5304.032</dst>
            <dst id="HSTNng">3757.51733333333</dst>
            <dst id="IPLSng">15734.4826666667</dst>
            <dst id="KSCYng">7974.10666666667</dst>
            <dst id="LOSAng">17308.1493333333</dst>
            <dst id="NYCMng">42520.936</dst>
            <dst id="SNVAng">12655.84</dst>
            <dst id="STTLng">20417.3786666667</dst>
            <dst id="WASHng">69110.84</dst>
        </src>
        <src id="NYCMng">
            <dst id="ATLA-M5">1418.21333333333</dst>
            <dst id="ATLAng">12878.544</dst>
            <dst id="CHINng">54136.4613333333</dst>
            <dst id="DNVRng">31437.0293333333</dst>
            <dst id="HSTNng">15352.5893333333</dst>
            <dst id="IPLSng">32205.1706666667</dst>
            <dst id="KSCYng">9429.95466666666</dst>
            <dst id="LOSAng">79620.4613333333</dst>
            <dst id="NYCMng">132022.784</dst>
            <dst id="SNVAng">6301.016</dst>
            <dst id="STTLng">22270.0426666667</dst>
            <dst id="WASHng">102419.68</dst>
        </src>
        <src id="SNVAng">
            <dst id="ATLA-M5">130.154666666667</dst>
            <dst id="ATLAng">53.3333333333333</dst>
            <dst id="CHINng">1429.136</dst>
            <dst id="DNVRng">1751.4</dst>
            <dst id="HSTNng">119.424</dst>
            <dst id="IPLSng">203.52</dst>
            <dst id="KSCYng">4186.88</dst>
            <dst id="LOSAng">31757.8133333333</dst>
            <dst id="NYCMng">1589.76</dst>
            <dst id="SNVAng">13468.3173333333</dst>
            <dst id="STTLng">52343.9306666667</dst>
            <dst id="WASHng">240.421333333333</dst>
        </src>
        <src id="STTLng">
            <dst id="ATLA-M5">470.653333333333</dst>
            <dst id="ATLAng">5539.62133333333</dst>
            <dst id="CHINng">16543.3973333333</dst>
            <dst id="DNVRng">4736.65066666667</dst>
            <dst id="HSTNng">5576.54666666667</dst>
            <dst id="IPLSng">5382.90666666667</dst>
            <dst id="KSCYng">1801.61066666667</dst>
            <dst id="LOSAng">21529.5653333333</dst>
            <dst id="NYCMng">7296.09333333334</dst>
            <dst id="SNVAng">3822.416</dst>
            <dst id="STTLng">6104.38933333334</dst>
            <dst id="WASHng">6367.96533333333</dst>
        </src>
        <src id="WASHng">
            <dst id="ATLA-M5">481.138666666667</dst>
            <dst id="ATLAng">62787.56</dst>
            <dst id="CHINng">91105.1466666667</dst>
            <dst id="DNVRng">76850.3653333333</dst>
            <dst id="HSTNng">6892.048</dst>
            <dst id="IPLSng">57864.104</dst>
            <dst id="KSCYng">11160.992</dst>
            <dst id="LOSAng">92298.8186666667</dst>
            <dst id="NYCMng">165402.528</dst>
            <dst id="SNVAng">7732.272</dst>
            <dst id="STTLng">28229.624</dst>
            <dst id="WASHng">183496.013333333</dst>
        </src>
    </IntraTM>
</TrafficMatrixFile>
