<?xml version="1.0" encoding="ISO-8859-1" standalone="yes"?>
<TrafficMatrixFile xsi:noNamespaceSchemaLocation="http://totem.run.montefiore.ulg.ac.be/Schema/TrafficMatrix-v1_2.xsd" xmlns:xsi="http://www.w3.org/2001/XMLSchema-instance">
    <IntraTM ASID="11537">
        <src id="ATLA-M5">
            <dst id="ATLA-M5">26.6666666666667</dst>
            <dst id="ATLAng">200.872</dst>
            <dst id="CHINng">1243.896</dst>
            <dst id="DNVRng">702.456</dst>
            <dst id="HSTNng">155.410666666667</dst>
            <dst id="IPLSng">2883.39466666667</dst>
            <dst id="KSCYng">234.112</dst>
            <dst id="LOSAng">773.818666666667</dst>
            <dst id="NYCMng">200.656</dst>
            <dst id="SNVAng">0</dst>
            <dst id="STTLng">152.28</dst>
            <dst id="WASHng">1150.65066666667</dst>
        </src>
        <src id="ATLAng">
            <dst id="ATLA-M5">694.069333333333</dst>
            <dst id="ATLAng">24486.6373333333</dst>
            <dst id="CHINng">26971.864</dst>
            <dst id="DNVRng">4250.17333333333</dst>
            <dst id="HSTNng">2522.34666666667</dst>
            <dst id="IPLSng">24619.6533333333</dst>
            <dst id="KSCYng">6679.23733333333</dst>
            <dst id="LOSAng">21891.8133333333</dst>
            <dst id="NYCMng">10832.3333333333</dst>
            <dst id="SNVAng">1025.72533333333</dst>
            <dst id="STTLng">6852.38666666667</dst>
            <dst id="WASHng">116926.608</dst>
        </src>
        <src id="CHINng">
            <dst id="ATLA-M5">808.370666666667</dst>
            <dst id="ATLAng">37733.384</dst>
            <dst id="CHINng">99609.016</dst>
            <dst id="DNVRng">18956.6266666667</dst>
            <dst id="HSTNng">38610.2853333333</dst>
            <dst id="IPLSng">58617.192</dst>
            <dst id="KSCYng">15964.248</dst>
            <dst id="LOSAng">83336.2426666667</dst>
            <dst id="NYCMng">23112.128</dst>
            <dst id="SNVAng">3789.984</dst>
            <dst id="STTLng">13309.6826666667</dst>
            <dst id="WASHng">29221.744</dst>
        </src>
        <src id="DNVRng">
            <dst id="ATLA-M5">938.816</dst>
            <dst id="ATLAng">5075.25066666667</dst>
            <dst id="CHINng">65811.536</dst>
            <dst id="DNVRng">11275.024</dst>
            <dst id="HSTNng">15763.3146666667</dst>
            <dst id="IPLSng">26913.6186666667</dst>
            <dst id="KSCYng">16526.1546666667</dst>
            <dst id="LOSAng">5998.65866666667</dst>
            <dst id="NYCMng">18498.8186666667</dst>
            <dst id="SNVAng">12156.5093333333</dst>
            <dst id="STTLng">14276.8586666667</dst>
            <dst id="WASHng">62188.272</dst>
        </src>
        <src id="HSTNng">
            <dst id="ATLA-M5">3857.496</dst>
            <dst id="ATLAng">14228.8613333333</dst>
            <dst id="CHINng">26467.5466666667</dst>
            <dst id="DNVRng">3376.82666666667</dst>
            <dst id="HSTNng">9383.70666666667</dst>
            <dst id="IPLSng">6406.34666666667</dst>
            <dst id="KSCYng">5559.408</dst>
            <dst id="LOSAng">46319.352</dst>
            <dst id="NYCMng">5263.43733333333</dst>
            <dst id="SNVAng">2602.424</dst>
            <dst id="STTLng">2418.41333333333</dst>
            <dst id="WASHng">8724.256</dst>
        </src>
        <src id="IPLSng">
            <dst id="ATLA-M5">2012.55733333333</dst>
            <dst id="ATLAng">31870.0586666667</dst>
            <dst id="CHINng">98897.5973333334</dst>
            <dst id="DNVRng">12369.9066666667</dst>
            <dst id="HSTNng">7622.29333333333</dst>
            <dst id="IPLSng">23622.6213333333</dst>
            <dst id="KSCYng">9006.70933333333</dst>
            <dst id="LOSAng">44242.2186666667</dst>
            <dst id="NYCMng">67550.1493333333</dst>
            <dst id="SNVAng">1633.936</dst>
            <dst id="STTLng">10020.0773333333</dst>
            <dst id="WASHng">59135.4853333333</dst>
        </src>
        <src id="KSCYng">
            <dst id="ATLA-M5">256.453333333333</dst>
            <dst id="ATLAng">3669.22933333333</dst>
            <dst id="CHINng">26989.9546666667</dst>
            <dst id="DNVRng">22521.6</dst>
            <dst id="HSTNng">5214.90666666667</dst>
            <dst id="IPLSng">21165.3333333333</dst>
            <dst id="KSCYng">10572.3413333333</dst>
            <dst id="LOSAng">7665.744</dst>
            <dst id="NYCMng">6960.07733333333</dst>
            <dst id="SNVAng">1864.89866666667</dst>
            <dst id="STTLng">3632.37066666667</dst>
            <dst id="WASHng">19796.4373333333</dst>
        </src>
        <src id="LOSAng">
            <dst id="ATLA-M5">1762.952</dst>
            <dst id="ATLAng">27531.0053333333</dst>
            <dst id="CHINng">80676.808</dst>
            <dst id="DNVRng">10057.424</dst>
            <dst id="HSTNng">11314.08</dst>
            <dst id="IPLSng">55883.032</dst>
            <dst id="KSCYng">15652.5253333333</dst>
            <dst id="LOSAng">18202.304</dst>
            <dst id="NYCMng">72806.4186666667</dst>
            <dst id="SNVAng">11088.5866666667</dst>
            <dst id="STTLng">30331.4106666667</dst>
            <dst id="WASHng">112644.594666667</dst>
        </src>
        <src id="NYCMng">
            <dst id="ATLA-M5">3354.02933333333</dst>
            <dst id="ATLAng">36143.8</dst>
            <dst id="CHINng">83916.9546666667</dst>
            <dst id="DNVRng">34148.256</dst>
            <dst id="HSTNng">22481.4773333333</dst>
            <dst id="IPLSng">61110.648</dst>
            <dst id="KSCYng">19952.9626666667</dst>
            <dst id="LOSAng">78648.8693333333</dst>
            <dst id="NYCMng">177061.128</dst>
            <dst id="SNVAng">2858.72266666667</dst>
            <dst id="STTLng">27308.976</dst>
            <dst id="WASHng">123368.442666667</dst>
        </src>
        <src id="SNVAng">
            <dst id="ATLA-M5">113.397333333333</dst>
            <dst id="ATLAng">228.872</dst>
            <dst id="CHINng">1294.088</dst>
            <dst id="DNVRng">5294.77333333333</dst>
            <dst id="HSTNng">554.258666666667</dst>
            <dst id="IPLSng">3879.94133333333</dst>
            <dst id="KSCYng">229.48</dst>
            <dst id="LOSAng">52753.056</dst>
            <dst id="NYCMng">1059.76266666667</dst>
            <dst id="SNVAng">24936.9893333333</dst>
            <dst id="STTLng">64541.32</dst>
            <dst id="WASHng">1533.64533333333</dst>
        </src>
        <src id="STTLng">
            <dst id="ATLA-M5">387.573333333333</dst>
            <dst id="ATLAng">9824.04</dst>
            <dst id="CHINng">13829.9253333333</dst>
            <dst id="DNVRng">3118.792</dst>
            <dst id="HSTNng">8032.38933333334</dst>
            <dst id="IPLSng">9197.104</dst>
            <dst id="KSCYng">3676.416</dst>
            <dst id="LOSAng">36388.1066666667</dst>
            <dst id="NYCMng">7030.60266666667</dst>
            <dst id="SNVAng">4543.04266666667</dst>
            <dst id="STTLng">4036.72</dst>
            <dst id="WASHng">9762.46666666667</dst>
        </src>
        <src id="WASHng">
            <dst id="ATLA-M5">2877.016</dst>
            <dst id="ATLAng">105554.424</dst>
            <dst id="CHINng">88693.6426666667</dst>
            <dst id="DNVRng">56949.5226666667</dst>
            <dst id="HSTNng">32120.4693333333</dst>
            <dst id="IPLSng">53698.8853333333</dst>
            <dst id="KSCYng">32505.2533333333</dst>
            <dst id="LOSAng">145071.04</dst>
            <dst id="NYCMng">182380.216</dst>
            <dst id="SNVAng">2941.08266666667</dst>
            <dst id="STTLng">31247.16</dst>
            <dst id="WASHng">237850.234666667</dst>
        </src>
    </IntraTM>
</TrafficMatrixFile>
