<?xml version="1.0" encoding="ISO-8859-1" standalone="yes"?>
<TrafficMatrixFile xsi:noNamespaceSchemaLocation="http://totem.run.montefiore.ulg.ac.be/Schema/TrafficMatrix-v1_2.xsd" xmlns:xsi="http://www.w3.org/2001/XMLSchema-instance">
    <IntraTM ASID="11537">
        <src id="ATLA-M5">
            <dst id="ATLA-M5">41.632</dst>
            <dst id="ATLAng">105.424</dst>
            <dst id="CHINng">815.338666666667</dst>
            <dst id="DNVRng">155.298666666667</dst>
            <dst id="HSTNng">371.677333333333</dst>
            <dst id="IPLSng">563.357333333333</dst>
            <dst id="KSCYng">367.872</dst>
            <dst id="LOSAng">204.882666666667</dst>
            <dst id="NYCMng">289.706666666667</dst>
            <dst id="SNVAng">26.6666666666667</dst>
            <dst id="STTLng">244.688</dst>
            <dst id="WASHng">666.16</dst>
        </src>
        <src id="ATLAng">
            <dst id="ATLA-M5">3563.16</dst>
            <dst id="ATLAng">26915.6373333333</dst>
            <dst id="CHINng">31082.6373333333</dst>
            <dst id="DNVRng">3911.04</dst>
            <dst id="HSTNng">6781.79466666666</dst>
            <dst id="IPLSng">25359.9573333333</dst>
            <dst id="KSCYng">4393.50933333333</dst>
            <dst id="LOSAng">23715.78</dst>
            <dst id="NYCMng">10058.504</dst>
            <dst id="SNVAng">1124.72133333333</dst>
            <dst id="STTLng">6267.344</dst>
            <dst id="WASHng">42222.0426666667</dst>
        </src>
        <src id="CHINng">
            <dst id="ATLA-M5">1064.80533333333</dst>
            <dst id="ATLAng">31922.5813333333</dst>
            <dst id="CHINng">75509.2906666667</dst>
            <dst id="DNVRng">23030.5653333333</dst>
            <dst id="HSTNng">44576.8986666667</dst>
            <dst id="IPLSng">55989.488</dst>
            <dst id="KSCYng">29497.648</dst>
            <dst id="LOSAng">70520.1946666667</dst>
            <dst id="NYCMng">21770.9786666667</dst>
            <dst id="SNVAng">7186.81333333333</dst>
            <dst id="STTLng">14483.5066666667</dst>
            <dst id="WASHng">31607.2746666667</dst>
        </src>
        <src id="DNVRng">
            <dst id="ATLA-M5">496.64</dst>
            <dst id="ATLAng">5585.06933333333</dst>
            <dst id="CHINng">64808.6133333333</dst>
            <dst id="DNVRng">12473.0666666667</dst>
            <dst id="HSTNng">14384.6506666667</dst>
            <dst id="IPLSng">28490.6186666667</dst>
            <dst id="KSCYng">21176.4853333333</dst>
            <dst id="LOSAng">3949.312</dst>
            <dst id="NYCMng">21151.208</dst>
            <dst id="SNVAng">10557.0533333333</dst>
            <dst id="STTLng">9766.288</dst>
            <dst id="WASHng">54904.2346666667</dst>
        </src>
        <src id="HSTNng">
            <dst id="ATLA-M5">2735.77066666667</dst>
            <dst id="ATLAng">4889.14933333333</dst>
            <dst id="CHINng">19104.9786666667</dst>
            <dst id="DNVRng">4262.44533333333</dst>
            <dst id="HSTNng">5105.89866666667</dst>
            <dst id="IPLSng">7287.488</dst>
            <dst id="KSCYng">7841.65866666667</dst>
            <dst id="LOSAng">9177.48</dst>
            <dst id="NYCMng">4339.44266666667</dst>
            <dst id="SNVAng">1057.22933333333</dst>
            <dst id="STTLng">1768.256</dst>
            <dst id="WASHng">6207.672</dst>
        </src>
        <src id="IPLSng">
            <dst id="ATLA-M5">515.066666666667</dst>
            <dst id="ATLAng">37176.6186666667</dst>
            <dst id="CHINng">98298.7706666667</dst>
            <dst id="DNVRng">19711.64</dst>
            <dst id="HSTNng">5139.864</dst>
            <dst id="IPLSng">25431.72</dst>
            <dst id="KSCYng">14478.4426666667</dst>
            <dst id="LOSAng">46926.688</dst>
            <dst id="NYCMng">50638.3866666667</dst>
            <dst id="SNVAng">2220.26666666667</dst>
            <dst id="STTLng">8384.216</dst>
            <dst id="WASHng">38299.0933333333</dst>
        </src>
        <src id="KSCYng">
            <dst id="ATLA-M5">142.250666666667</dst>
            <dst id="ATLAng">2717.83466666667</dst>
            <dst id="CHINng">27210.9813333333</dst>
            <dst id="DNVRng">21929.1066666667</dst>
            <dst id="HSTNng">4589.16533333333</dst>
            <dst id="IPLSng">14919.1786666667</dst>
            <dst id="KSCYng">8058.86933333333</dst>
            <dst id="LOSAng">6897.01066666667</dst>
            <dst id="NYCMng">6605.78933333333</dst>
            <dst id="SNVAng">634.485333333333</dst>
            <dst id="STTLng">3373.95466666667</dst>
            <dst id="WASHng">22820.2453333333</dst>
        </src>
        <src id="LOSAng">
            <dst id="ATLA-M5">1855.70933333333</dst>
            <dst id="ATLAng">13600.424</dst>
            <dst id="CHINng">98083.336</dst>
            <dst id="DNVRng">18711.3493333333</dst>
            <dst id="HSTNng">7645.91733333333</dst>
            <dst id="IPLSng">50657.216</dst>
            <dst id="KSCYng">11969.2933333333</dst>
            <dst id="LOSAng">19256.3013333333</dst>
            <dst id="NYCMng">74666.2613333333</dst>
            <dst id="SNVAng">9322.30133333333</dst>
            <dst id="STTLng">33352.0826666667</dst>
            <dst id="WASHng">125454.173333333</dst>
        </src>
        <src id="NYCMng">
            <dst id="ATLA-M5">1309.94133333333</dst>
            <dst id="ATLAng">30788.1786666667</dst>
            <dst id="CHINng">61306.0186666667</dst>
            <dst id="DNVRng">37751.5653333333</dst>
            <dst id="HSTNng">18101.3546666667</dst>
            <dst id="IPLSng">58139.4</dst>
            <dst id="KSCYng">20161.528</dst>
            <dst id="LOSAng">63813.7546666667</dst>
            <dst id="NYCMng">171716.154666667</dst>
            <dst id="SNVAng">6658.63733333333</dst>
            <dst id="STTLng">22106.848</dst>
            <dst id="WASHng">161447.210666667</dst>
        </src>
        <src id="SNVAng">
            <dst id="ATLA-M5">0</dst>
            <dst id="ATLAng">135.906666666667</dst>
            <dst id="CHINng">2424.26933333333</dst>
            <dst id="DNVRng">4597.18666666667</dst>
            <dst id="HSTNng">627.12</dst>
            <dst id="IPLSng">6192.35733333333</dst>
            <dst id="KSCYng">106.666666666667</dst>
            <dst id="LOSAng">54403.2293333333</dst>
            <dst id="NYCMng">1105.67733333333</dst>
            <dst id="SNVAng">20609.328</dst>
            <dst id="STTLng">64284.5733333333</dst>
            <dst id="WASHng">956.778666666667</dst>
        </src>
        <src id="STTLng">
            <dst id="ATLA-M5">473.226666666667</dst>
            <dst id="ATLAng">10246.6266666667</dst>
            <dst id="CHINng">9732.55466666667</dst>
            <dst id="DNVRng">2632.27733333333</dst>
            <dst id="HSTNng">7165.47733333333</dst>
            <dst id="IPLSng">9017.74133333333</dst>
            <dst id="KSCYng">3861.09866666667</dst>
            <dst id="LOSAng">24164.9413333333</dst>
            <dst id="NYCMng">6541.40533333333</dst>
            <dst id="SNVAng">3700.59733333333</dst>
            <dst id="STTLng">5119.45866666667</dst>
            <dst id="WASHng">9906.50933333333</dst>
        </src>
        <src id="WASHng">
            <dst id="ATLA-M5">3067.776</dst>
            <dst id="ATLAng">95020.52</dst>
            <dst id="CHINng">74503.152</dst>
            <dst id="DNVRng">65257.384</dst>
            <dst id="HSTNng">31078.0026666667</dst>
            <dst id="IPLSng">64207.776</dst>
            <dst id="KSCYng">19679.4266666667</dst>
            <dst id="LOSAng">121703.810666667</dst>
            <dst id="NYCMng">158970.208</dst>
            <dst id="SNVAng">2968.20533333333</dst>
            <dst id="STTLng">36293.6293333333</dst>
            <dst id="WASHng">221996.554666667</dst>
        </src>
    </IntraTM>
</TrafficMatrixFile>
