<?xml version="1.0" encoding="ISO-8859-1" standalone="yes"?>
<TrafficMatrixFile xsi:noNamespaceSchemaLocation="http://totem.run.montefiore.ulg.ac.be/Schema/TrafficMatrix-v1_2.xsd" xmlns:xsi="http://www.w3.org/2001/XMLSchema-instance">
    <IntraTM ASID="11537">
        <src id="ATLA-M5">
            <dst id="ATLA-M5">9600.792</dst>
            <dst id="ATLAng">522.794666666667</dst>
            <dst id="CHINng">834.842666666667</dst>
            <dst id="DNVRng">80</dst>
            <dst id="HSTNng">53.3333333333333</dst>
            <dst id="IPLSng">256.352</dst>
            <dst id="KSCYng">103.781333333333</dst>
            <dst id="LOSAng">144.141333333333</dst>
            <dst id="NYCMng">88.2293333333333</dst>
            <dst id="SNVAng">77.3146666666667</dst>
            <dst id="STTLng">328.826666666667</dst>
            <dst id="WASHng">3660.968</dst>
        </src>
        <src id="ATLAng">
            <dst id="ATLA-M5">211.296</dst>
            <dst id="ATLAng">30188.8613333333</dst>
            <dst id="CHINng">15315.0293333333</dst>
            <dst id="DNVRng">3209.41866666667</dst>
            <dst id="HSTNng">1571.90933333333</dst>
            <dst id="IPLSng">15331.264</dst>
            <dst id="KSCYng">1831.664</dst>
            <dst id="LOSAng">26596.752</dst>
            <dst id="NYCMng">20053.112</dst>
            <dst id="SNVAng">4829.90133333333</dst>
            <dst id="STTLng">5417.96533333333</dst>
            <dst id="WASHng">55197.5733333333</dst>
        </src>
        <src id="CHINng">
            <dst id="ATLA-M5">581.602666666667</dst>
            <dst id="ATLAng">18450.672</dst>
            <dst id="CHINng">104175.301333333</dst>
            <dst id="DNVRng">19506.2613333333</dst>
            <dst id="HSTNng">54111.1146666667</dst>
            <dst id="IPLSng">63088.9706666667</dst>
            <dst id="KSCYng">17297.7386666667</dst>
            <dst id="LOSAng">44072.5066666667</dst>
            <dst id="NYCMng">20542.8986666667</dst>
            <dst id="SNVAng">1873.45066666667</dst>
            <dst id="STTLng">13464.0053333333</dst>
            <dst id="WASHng">23400.68</dst>
        </src>
        <src id="DNVRng">
            <dst id="ATLA-M5">226.069333333333</dst>
            <dst id="ATLAng">9505.57866666667</dst>
            <dst id="CHINng">56521.328</dst>
            <dst id="DNVRng">10549.296</dst>
            <dst id="HSTNng">10901.8186666667</dst>
            <dst id="IPLSng">42599.4426666667</dst>
            <dst id="KSCYng">23797.7733333333</dst>
            <dst id="LOSAng">9934.97066666667</dst>
            <dst id="NYCMng">30716.6346666667</dst>
            <dst id="SNVAng">11792.0746666667</dst>
            <dst id="STTLng">12122.6133333333</dst>
            <dst id="WASHng">46884.528</dst>
        </src>
        <src id="HSTNng">
            <dst id="ATLA-M5">927.093333333333</dst>
            <dst id="ATLAng">3544.12266666667</dst>
            <dst id="CHINng">20579.496</dst>
            <dst id="DNVRng">1411.62666666667</dst>
            <dst id="HSTNng">4639.74133333333</dst>
            <dst id="IPLSng">2354.74666666667</dst>
            <dst id="KSCYng">4573.29333333333</dst>
            <dst id="LOSAng">3204.52266666667</dst>
            <dst id="NYCMng">6992.10133333333</dst>
            <dst id="SNVAng">601.216</dst>
            <dst id="STTLng">1195.68266666667</dst>
            <dst id="WASHng">9832.232</dst>
        </src>
        <src id="IPLSng">
            <dst id="ATLA-M5">234.434666666667</dst>
            <dst id="ATLAng">16287.7146666667</dst>
            <dst id="CHINng">103300.176</dst>
            <dst id="DNVRng">27720.5813333333</dst>
            <dst id="HSTNng">3846.65866666667</dst>
            <dst id="IPLSng">32503.6213333333</dst>
            <dst id="KSCYng">7127.30666666667</dst>
            <dst id="LOSAng">26326.8026666667</dst>
            <dst id="NYCMng">50408.0053333333</dst>
            <dst id="SNVAng">681.954666666667</dst>
            <dst id="STTLng">10196.6746666667</dst>
            <dst id="WASHng">59413.7226666667</dst>
        </src>
        <src id="KSCYng">
            <dst id="ATLA-M5">97.7253333333333</dst>
            <dst id="ATLAng">2342.05333333333</dst>
            <dst id="CHINng">28947.624</dst>
            <dst id="DNVRng">14691.4613333333</dst>
            <dst id="HSTNng">3013.90666666667</dst>
            <dst id="IPLSng">20451.5413333333</dst>
            <dst id="KSCYng">7191.752</dst>
            <dst id="LOSAng">6192.208</dst>
            <dst id="NYCMng">17090.2266666667</dst>
            <dst id="SNVAng">1007.22666666667</dst>
            <dst id="STTLng">2660.608</dst>
            <dst id="WASHng">18732.5733333333</dst>
        </src>
        <src id="LOSAng">
            <dst id="ATLA-M5">3099.04533333333</dst>
            <dst id="ATLAng">25270.9093333333</dst>
            <dst id="CHINng">1092717.62666667</dst>
            <dst id="DNVRng">9435.112</dst>
            <dst id="HSTNng">10239.1173333333</dst>
            <dst id="IPLSng">41090.136</dst>
            <dst id="KSCYng">11203.6453333333</dst>
            <dst id="LOSAng">9106.00266666667</dst>
            <dst id="NYCMng">74551.2213333333</dst>
            <dst id="SNVAng">10343.0293333333</dst>
            <dst id="STTLng">14988.256</dst>
            <dst id="WASHng">134043.616</dst>
        </src>
        <src id="NYCMng">
            <dst id="ATLA-M5">1391.00266666667</dst>
            <dst id="ATLAng">36304.272</dst>
            <dst id="CHINng">55789.88</dst>
            <dst id="DNVRng">33934.1706666667</dst>
            <dst id="HSTNng">11857.3173333333</dst>
            <dst id="IPLSng">60815.2133333333</dst>
            <dst id="KSCYng">17799.2933333333</dst>
            <dst id="LOSAng">40410.9866666667</dst>
            <dst id="NYCMng">209141.44</dst>
            <dst id="SNVAng">2112.14666666667</dst>
            <dst id="STTLng">19661.4586666667</dst>
            <dst id="WASHng">155205.797333333</dst>
        </src>
        <src id="SNVAng">
            <dst id="ATLA-M5">26.6666666666667</dst>
            <dst id="ATLAng">70.9226666666667</dst>
            <dst id="CHINng">985.037333333333</dst>
            <dst id="DNVRng">13677.2</dst>
            <dst id="HSTNng">248.288</dst>
            <dst id="IPLSng">474.088</dst>
            <dst id="KSCYng">106.666666666667</dst>
            <dst id="LOSAng">31456.3333333333</dst>
            <dst id="NYCMng">1342.63466666667</dst>
            <dst id="SNVAng">14052.5306666667</dst>
            <dst id="STTLng">48290.1386666667</dst>
            <dst id="WASHng">1449.76533333333</dst>
        </src>
        <src id="STTLng">
            <dst id="ATLA-M5">117.016</dst>
            <dst id="ATLAng">8295.376</dst>
            <dst id="CHINng">11632.4346666667</dst>
            <dst id="DNVRng">1801.256</dst>
            <dst id="HSTNng">10943.224</dst>
            <dst id="IPLSng">4418.76533333333</dst>
            <dst id="KSCYng">4929.67733333333</dst>
            <dst id="LOSAng">16176.752</dst>
            <dst id="NYCMng">12448.552</dst>
            <dst id="SNVAng">2849.94933333333</dst>
            <dst id="STTLng">5518.22666666667</dst>
            <dst id="WASHng">7369.80533333333</dst>
        </src>
        <src id="WASHng">
            <dst id="ATLA-M5">3300.66133333333</dst>
            <dst id="ATLAng">211684.738666667</dst>
            <dst id="CHINng">84855.08</dst>
            <dst id="DNVRng">45574.2666666667</dst>
            <dst id="HSTNng">9940.63733333334</dst>
            <dst id="IPLSng">59363.352</dst>
            <dst id="KSCYng">23552.952</dst>
            <dst id="LOSAng">104565.978666667</dst>
            <dst id="NYCMng">152187.818666667</dst>
            <dst id="SNVAng">1726.10933333333</dst>
            <dst id="STTLng">34227.056</dst>
            <dst id="WASHng">362738.053333333</dst>
        </src>
    </IntraTM>
</TrafficMatrixFile>
