<?xml version="1.0" encoding="ISO-8859-1" standalone="yes"?>
<TrafficMatrixFile xsi:noNamespaceSchemaLocation="http://totem.run.montefiore.ulg.ac.be/Schema/TrafficMatrix-v1_2.xsd" xmlns:xsi="http://www.w3.org/2001/XMLSchema-instance">
    <IntraTM ASID="11537">
        <src id="ATLA-M5">
            <dst id="ATLA-M5">1053.608</dst>
            <dst id="ATLAng">301.525333333333</dst>
            <dst id="CHINng">1561.416</dst>
            <dst id="DNVRng">0</dst>
            <dst id="HSTNng">323.237333333333</dst>
            <dst id="IPLSng">501.688</dst>
            <dst id="KSCYng">176.802666666667</dst>
            <dst id="LOSAng">266.925333333333</dst>
            <dst id="NYCMng">213.333333333333</dst>
            <dst id="SNVAng">26.6666666666667</dst>
            <dst id="STTLng">64.64</dst>
            <dst id="WASHng">1823.79733333333</dst>
        </src>
        <src id="ATLAng">
            <dst id="ATLA-M5">884.522666666667</dst>
            <dst id="ATLAng">32176.9946666667</dst>
            <dst id="CHINng">26118.3946666667</dst>
            <dst id="DNVRng">4000.45333333333</dst>
            <dst id="HSTNng">8071.58666666667</dst>
            <dst id="IPLSng">27188.864</dst>
            <dst id="KSCYng">3369.72</dst>
            <dst id="LOSAng">17862.168</dst>
            <dst id="NYCMng">9355.832</dst>
            <dst id="SNVAng">317.096</dst>
            <dst id="STTLng">5599.62133333333</dst>
            <dst id="WASHng">199485.306666667</dst>
        </src>
        <src id="CHINng">
            <dst id="ATLA-M5">1054.98933333333</dst>
            <dst id="ATLAng">23706.7973333333</dst>
            <dst id="CHINng">115513.029333333</dst>
            <dst id="DNVRng">24690.5226666667</dst>
            <dst id="HSTNng">55761.5386666667</dst>
            <dst id="IPLSng">64784.5013333333</dst>
            <dst id="KSCYng">14564.0453333333</dst>
            <dst id="LOSAng">1981503.97333333</dst>
            <dst id="NYCMng">22632.7173333333</dst>
            <dst id="SNVAng">2815.424</dst>
            <dst id="STTLng">7970.904</dst>
            <dst id="WASHng">27810.704</dst>
        </src>
        <src id="DNVRng">
            <dst id="ATLA-M5">208.936</dst>
            <dst id="ATLAng">8286.816</dst>
            <dst id="CHINng">66742.8986666667</dst>
            <dst id="DNVRng">13606.736</dst>
            <dst id="HSTNng">13171.624</dst>
            <dst id="IPLSng">33821.4266666667</dst>
            <dst id="KSCYng">13993.0613333333</dst>
            <dst id="LOSAng">6919.8</dst>
            <dst id="NYCMng">17925.6293333333</dst>
            <dst id="SNVAng">9903.04</dst>
            <dst id="STTLng">8561.432</dst>
            <dst id="WASHng">47443.88</dst>
        </src>
        <src id="HSTNng">
            <dst id="ATLA-M5">337.050666666667</dst>
            <dst id="ATLAng">3355.432</dst>
            <dst id="CHINng">19860.9626666667</dst>
            <dst id="DNVRng">4097.43466666667</dst>
            <dst id="HSTNng">7551.392</dst>
            <dst id="IPLSng">4334.95466666667</dst>
            <dst id="KSCYng">2478.632</dst>
            <dst id="LOSAng">3867.17066666667</dst>
            <dst id="NYCMng">7938.88266666667</dst>
            <dst id="SNVAng">757.088</dst>
            <dst id="STTLng">2314.65866666667</dst>
            <dst id="WASHng">10269.888</dst>
        </src>
        <src id="IPLSng">
            <dst id="ATLA-M5">582.744</dst>
            <dst id="ATLAng">23471.3973333333</dst>
            <dst id="CHINng">123088.845333333</dst>
            <dst id="DNVRng">23703.616</dst>
            <dst id="HSTNng">5929.888</dst>
            <dst id="IPLSng">27723.9013333333</dst>
            <dst id="KSCYng">13145.152</dst>
            <dst id="LOSAng">46743.864</dst>
            <dst id="NYCMng">55416.744</dst>
            <dst id="SNVAng">1380.536</dst>
            <dst id="STTLng">19690.5093333333</dst>
            <dst id="WASHng">40958.8773333333</dst>
        </src>
        <src id="KSCYng">
            <dst id="ATLA-M5">241.08</dst>
            <dst id="ATLAng">2539.05333333333</dst>
            <dst id="CHINng">23958.576</dst>
            <dst id="DNVRng">9942.48</dst>
            <dst id="HSTNng">6084.056</dst>
            <dst id="IPLSng">14924.4426666667</dst>
            <dst id="KSCYng">8488.08</dst>
            <dst id="LOSAng">5455.472</dst>
            <dst id="NYCMng">11758.7653333333</dst>
            <dst id="SNVAng">186.754666666667</dst>
            <dst id="STTLng">1316.304</dst>
            <dst id="WASHng">17693.6213333333</dst>
        </src>
        <src id="LOSAng">
            <dst id="ATLA-M5">1312.648</dst>
            <dst id="ATLAng">27064.984</dst>
            <dst id="CHINng">1090912.77333333</dst>
            <dst id="DNVRng">7642.37066666667</dst>
            <dst id="HSTNng">9865.43733333333</dst>
            <dst id="IPLSng">64423.152</dst>
            <dst id="KSCYng">10979.0106666667</dst>
            <dst id="LOSAng">7767.77333333333</dst>
            <dst id="NYCMng">83600.3466666667</dst>
            <dst id="SNVAng">12867.5893333333</dst>
            <dst id="STTLng">25857.296</dst>
            <dst id="WASHng">109684.309333333</dst>
        </src>
        <src id="NYCMng">
            <dst id="ATLA-M5">1912.37333333333</dst>
            <dst id="ATLAng">36443.0906666667</dst>
            <dst id="CHINng">56070.7653333333</dst>
            <dst id="DNVRng">38055.128</dst>
            <dst id="HSTNng">26146.1413333333</dst>
            <dst id="IPLSng">77796.0106666667</dst>
            <dst id="KSCYng">16684.0133333333</dst>
            <dst id="LOSAng">48810.2053333333</dst>
            <dst id="NYCMng">210802.829333333</dst>
            <dst id="SNVAng">9644.72533333333</dst>
            <dst id="STTLng">17318.24</dst>
            <dst id="WASHng">162798.408</dst>
        </src>
        <src id="SNVAng">
            <dst id="ATLA-M5">140.44</dst>
            <dst id="ATLAng">606.845333333333</dst>
            <dst id="CHINng">3120.32266666667</dst>
            <dst id="DNVRng">3950.22933333333</dst>
            <dst id="HSTNng">469.586666666667</dst>
            <dst id="IPLSng">1398.14133333333</dst>
            <dst id="KSCYng">92.2853333333333</dst>
            <dst id="LOSAng">30194.7466666667</dst>
            <dst id="NYCMng">8350.80533333333</dst>
            <dst id="SNVAng">12445.88</dst>
            <dst id="STTLng">45374.6186666667</dst>
            <dst id="WASHng">994.32</dst>
        </src>
        <src id="STTLng">
            <dst id="ATLA-M5">163.909333333333</dst>
            <dst id="ATLAng">8102.92</dst>
            <dst id="CHINng">16957.6853333333</dst>
            <dst id="DNVRng">3497.104</dst>
            <dst id="HSTNng">10690.9173333333</dst>
            <dst id="IPLSng">7427.448</dst>
            <dst id="KSCYng">4581.96</dst>
            <dst id="LOSAng">18358.8453333333</dst>
            <dst id="NYCMng">13174.4026666667</dst>
            <dst id="SNVAng">3013.36533333333</dst>
            <dst id="STTLng">6395.80266666667</dst>
            <dst id="WASHng">11107.4613333333</dst>
        </src>
        <src id="WASHng">
            <dst id="ATLA-M5">1195.39466666667</dst>
            <dst id="ATLAng">73327.232</dst>
            <dst id="CHINng">99981.2586666667</dst>
            <dst id="DNVRng">51219.1866666667</dst>
            <dst id="HSTNng">23307.16</dst>
            <dst id="IPLSng">78673.0053333333</dst>
            <dst id="KSCYng">24647.1173333333</dst>
            <dst id="LOSAng">117558.877333333</dst>
            <dst id="NYCMng">132909.637333333</dst>
            <dst id="SNVAng">4514.56</dst>
            <dst id="STTLng">44534.584</dst>
            <dst id="WASHng">213661.906666667</dst>
        </src>
    </IntraTM>
</TrafficMatrixFile>
