<?xml version="1.0" encoding="ISO-8859-1" standalone="yes"?>
<TrafficMatrixFile xsi:noNamespaceSchemaLocation="http://totem.run.montefiore.ulg.ac.be/Schema/TrafficMatrix-v1_2.xsd" xmlns:xsi="http://www.w3.org/2001/XMLSchema-instance">
    <IntraTM ASID="11537">
        <src id="ATLA-M5">
            <dst id="ATLA-M5">41.9573333333333</dst>
            <dst id="ATLAng">53.7813333333333</dst>
            <dst id="CHINng">2767.504</dst>
            <dst id="DNVRng">53.3333333333333</dst>
            <dst id="HSTNng">116.344</dst>
            <dst id="IPLSng">214.301333333333</dst>
            <dst id="KSCYng">1272.77066666667</dst>
            <dst id="LOSAng">899.733333333333</dst>
            <dst id="NYCMng">221.506666666667</dst>
            <dst id="SNVAng">0</dst>
            <dst id="STTLng">106.666666666667</dst>
            <dst id="WASHng">317.512</dst>
        </src>
        <src id="ATLAng">
            <dst id="ATLA-M5">215.712</dst>
            <dst id="ATLAng">25403.8693333333</dst>
            <dst id="CHINng">14957.0506666667</dst>
            <dst id="DNVRng">2985.43466666667</dst>
            <dst id="HSTNng">1987.85066666667</dst>
            <dst id="IPLSng">14588.304</dst>
            <dst id="KSCYng">2511.01333333333</dst>
            <dst id="LOSAng">18755.4373333333</dst>
            <dst id="NYCMng">8836.808</dst>
            <dst id="SNVAng">1059.86666666667</dst>
            <dst id="STTLng">5886.42933333333</dst>
            <dst id="WASHng">28828.2106666667</dst>
        </src>
        <src id="CHINng">
            <dst id="ATLA-M5">642.141333333333</dst>
            <dst id="ATLAng">17041.0666666667</dst>
            <dst id="CHINng">102581.618666667</dst>
            <dst id="DNVRng">17566.784</dst>
            <dst id="HSTNng">44840.5866666667</dst>
            <dst id="IPLSng">34500.6693333333</dst>
            <dst id="KSCYng">13045.0826666667</dst>
            <dst id="LOSAng">1524722.24</dst>
            <dst id="NYCMng">26557.3146666667</dst>
            <dst id="SNVAng">7528.96266666667</dst>
            <dst id="STTLng">9574.18666666667</dst>
            <dst id="WASHng">18361.9733333333</dst>
        </src>
        <src id="DNVRng">
            <dst id="ATLA-M5">199.517333333333</dst>
            <dst id="ATLAng">4286.01066666667</dst>
            <dst id="CHINng">69258.656</dst>
            <dst id="DNVRng">6458.232</dst>
            <dst id="HSTNng">11957.824</dst>
            <dst id="IPLSng">43539.4826666667</dst>
            <dst id="KSCYng">9334.25866666667</dst>
            <dst id="LOSAng">4911.14133333333</dst>
            <dst id="NYCMng">22452.1253333333</dst>
            <dst id="SNVAng">7783.75733333333</dst>
            <dst id="STTLng">4824.032</dst>
            <dst id="WASHng">51052.0853333333</dst>
        </src>
        <src id="HSTNng">
            <dst id="ATLA-M5">791.050666666667</dst>
            <dst id="ATLAng">1963.75466666667</dst>
            <dst id="CHINng">19889.6373333333</dst>
            <dst id="DNVRng">2216.38666666667</dst>
            <dst id="HSTNng">5076.87733333333</dst>
            <dst id="IPLSng">2289.64</dst>
            <dst id="KSCYng">5495.96</dst>
            <dst id="LOSAng">5570.16266666667</dst>
            <dst id="NYCMng">3843.30933333333</dst>
            <dst id="SNVAng">662.517333333333</dst>
            <dst id="STTLng">2195.97333333333</dst>
            <dst id="WASHng">6167.09066666667</dst>
        </src>
        <src id="IPLSng">
            <dst id="ATLA-M5">369.466666666667</dst>
            <dst id="ATLAng">26820.8426666667</dst>
            <dst id="CHINng">88147.536</dst>
            <dst id="DNVRng">25364.2826666667</dst>
            <dst id="HSTNng">2461.29066666667</dst>
            <dst id="IPLSng">20438.0186666667</dst>
            <dst id="KSCYng">3960.72</dst>
            <dst id="LOSAng">32805.3946666667</dst>
            <dst id="NYCMng">25273.592</dst>
            <dst id="SNVAng">1690.81866666667</dst>
            <dst id="STTLng">10297.896</dst>
            <dst id="WASHng">36720.2853333333</dst>
        </src>
        <src id="KSCYng">
            <dst id="ATLA-M5">90.9973333333333</dst>
            <dst id="ATLAng">1885.984</dst>
            <dst id="CHINng">19003.0906666667</dst>
            <dst id="DNVRng">18528.6106666667</dst>
            <dst id="HSTNng">2852.67466666667</dst>
            <dst id="IPLSng">11772.1813333333</dst>
            <dst id="KSCYng">6969.36266666667</dst>
            <dst id="LOSAng">6062.36</dst>
            <dst id="NYCMng">3467.48533333333</dst>
            <dst id="SNVAng">185.128</dst>
            <dst id="STTLng">2803.80533333333</dst>
            <dst id="WASHng">14089.408</dst>
        </src>
        <src id="LOSAng">
            <dst id="ATLA-M5">1157.424</dst>
            <dst id="ATLAng">14308.4906666667</dst>
            <dst id="CHINng">68829.8453333333</dst>
            <dst id="DNVRng">8553.93866666667</dst>
            <dst id="HSTNng">5153.11733333333</dst>
            <dst id="IPLSng">20937.8853333333</dst>
            <dst id="KSCYng">8175.52</dst>
            <dst id="LOSAng">11232.6586666667</dst>
            <dst id="NYCMng">44940.7546666667</dst>
            <dst id="SNVAng">8951.28533333333</dst>
            <dst id="STTLng">13963.4693333333</dst>
            <dst id="WASHng">112650.109333333</dst>
        </src>
        <src id="NYCMng">
            <dst id="ATLA-M5">1549.12266666667</dst>
            <dst id="ATLAng">29526.2293333333</dst>
            <dst id="CHINng">49315.0266666667</dst>
            <dst id="DNVRng">32804.3786666667</dst>
            <dst id="HSTNng">6891.18133333333</dst>
            <dst id="IPLSng">38601.912</dst>
            <dst id="KSCYng">12857.4346666667</dst>
            <dst id="LOSAng">56310.168</dst>
            <dst id="NYCMng">138758.626666667</dst>
            <dst id="SNVAng">4304.16533333333</dst>
            <dst id="STTLng">19288.5733333333</dst>
            <dst id="WASHng">95510.0826666667</dst>
        </src>
        <src id="SNVAng">
            <dst id="ATLA-M5">0</dst>
            <dst id="ATLAng">80.9813333333333</dst>
            <dst id="CHINng">867.690666666667</dst>
            <dst id="DNVRng">6030.25333333333</dst>
            <dst id="HSTNng">86.2266666666667</dst>
            <dst id="IPLSng">429.842666666667</dst>
            <dst id="KSCYng">107.4</dst>
            <dst id="LOSAng">47247.3253333333</dst>
            <dst id="NYCMng">8910.80533333334</dst>
            <dst id="SNVAng">17099.8266666667</dst>
            <dst id="STTLng">60214.3413333333</dst>
            <dst id="WASHng">329.221333333333</dst>
        </src>
        <src id="STTLng">
            <dst id="ATLA-M5">235.709333333333</dst>
            <dst id="ATLAng">6418.56533333333</dst>
            <dst id="CHINng">12357.0106666667</dst>
            <dst id="DNVRng">1977.04533333333</dst>
            <dst id="HSTNng">10357.856</dst>
            <dst id="IPLSng">3732.71466666667</dst>
            <dst id="KSCYng">4723.60533333333</dst>
            <dst id="LOSAng">14871.0373333333</dst>
            <dst id="NYCMng">6592.152</dst>
            <dst id="SNVAng">2308.77866666667</dst>
            <dst id="STTLng">742.08</dst>
            <dst id="WASHng">4911.86133333333</dst>
        </src>
        <src id="WASHng">
            <dst id="ATLA-M5">174.554666666667</dst>
            <dst id="ATLAng">120036.853333333</dst>
            <dst id="CHINng">62508.816</dst>
            <dst id="DNVRng">60350.5013333333</dst>
            <dst id="HSTNng">21895.9893333333</dst>
            <dst id="IPLSng">48584.648</dst>
            <dst id="KSCYng">14906.0586666667</dst>
            <dst id="LOSAng">110024.882666667</dst>
            <dst id="NYCMng">164610.349333333</dst>
            <dst id="SNVAng">1730.608</dst>
            <dst id="STTLng">29493.0933333333</dst>
            <dst id="WASHng">233452.856</dst>
        </src>
    </IntraTM>
</TrafficMatrixFile>
