<?xml version="1.0" encoding="ISO-8859-1" standalone="yes"?>
<TrafficMatrixFile xsi:noNamespaceSchemaLocation="http://totem.run.montefiore.ulg.ac.be/Schema/TrafficMatrix-v1_2.xsd" xmlns:xsi="http://www.w3.org/2001/XMLSchema-instance">
    <IntraTM ASID="11537">
        <src id="ATLA-M5">
            <dst id="ATLA-M5">98.2666666666667</dst>
            <dst id="ATLAng">144.690666666667</dst>
            <dst id="CHINng">511.856</dst>
            <dst id="DNVRng">672.197333333333</dst>
            <dst id="HSTNng">235.034666666667</dst>
            <dst id="IPLSng">416.546666666667</dst>
            <dst id="KSCYng">61.176</dst>
            <dst id="LOSAng">161.144</dst>
            <dst id="NYCMng">204.458666666667</dst>
            <dst id="SNVAng">26.6666666666667</dst>
            <dst id="STTLng">0</dst>
            <dst id="WASHng">798.429333333333</dst>
        </src>
        <src id="ATLAng">
            <dst id="ATLA-M5">3205.81066666667</dst>
            <dst id="ATLAng">51243.5573333333</dst>
            <dst id="CHINng">28132.5013333333</dst>
            <dst id="DNVRng">5103.69066666667</dst>
            <dst id="HSTNng">4928.10133333333</dst>
            <dst id="IPLSng">25100.952</dst>
            <dst id="KSCYng">3930.65333333333</dst>
            <dst id="LOSAng">22211.2146666667</dst>
            <dst id="NYCMng">10661.416</dst>
            <dst id="SNVAng">831.436</dst>
            <dst id="STTLng">6136.42133333333</dst>
            <dst id="WASHng">33555.7093333333</dst>
        </src>
        <src id="CHINng">
            <dst id="ATLA-M5">865.989333333333</dst>
            <dst id="ATLAng">33249.8853333333</dst>
            <dst id="CHINng">78544.4613333333</dst>
            <dst id="DNVRng">21113.6826666667</dst>
            <dst id="HSTNng">49654.4106666667</dst>
            <dst id="IPLSng">55599.9706666667</dst>
            <dst id="KSCYng">29222.56</dst>
            <dst id="LOSAng">67010.0933333333</dst>
            <dst id="NYCMng">35964.56</dst>
            <dst id="SNVAng">7812.75466666667</dst>
            <dst id="STTLng">12895.216</dst>
            <dst id="WASHng">29379.432</dst>
        </src>
        <src id="DNVRng">
            <dst id="ATLA-M5">224.109333333333</dst>
            <dst id="ATLAng">4815.216</dst>
            <dst id="CHINng">61909.5466666667</dst>
            <dst id="DNVRng">10786.9093333333</dst>
            <dst id="HSTNng">14221.504</dst>
            <dst id="IPLSng">27526.0213333333</dst>
            <dst id="KSCYng">19573.5066666667</dst>
            <dst id="LOSAng">5343.85333333333</dst>
            <dst id="NYCMng">22098.0213333333</dst>
            <dst id="SNVAng">11100.5626666667</dst>
            <dst id="STTLng">11779.752</dst>
            <dst id="WASHng">56184.408</dst>
        </src>
        <src id="HSTNng">
            <dst id="ATLA-M5">2502.224</dst>
            <dst id="ATLAng">2359.14933333333</dst>
            <dst id="CHINng">16755.7386666667</dst>
            <dst id="DNVRng">3601.10666666667</dst>
            <dst id="HSTNng">5189.11733333333</dst>
            <dst id="IPLSng">7008.624</dst>
            <dst id="KSCYng">6372.63733333333</dst>
            <dst id="LOSAng">9831.8</dst>
            <dst id="NYCMng">4806.072</dst>
            <dst id="SNVAng">470.738666666667</dst>
            <dst id="STTLng">3108.03466666667</dst>
            <dst id="WASHng">7995.80266666667</dst>
        </src>
        <src id="IPLSng">
            <dst id="ATLA-M5">486.530666666667</dst>
            <dst id="ATLAng">35399.1733333333</dst>
            <dst id="CHINng">106730.272</dst>
            <dst id="DNVRng">20327.7253333333</dst>
            <dst id="HSTNng">4877.27466666667</dst>
            <dst id="IPLSng">26820.064</dst>
            <dst id="KSCYng">13238.92</dst>
            <dst id="LOSAng">43901.3866666667</dst>
            <dst id="NYCMng">54660.824</dst>
            <dst id="SNVAng">2126.824</dst>
            <dst id="STTLng">7687.736</dst>
            <dst id="WASHng">37210.9253333333</dst>
        </src>
        <src id="KSCYng">
            <dst id="ATLA-M5">58.1866666666667</dst>
            <dst id="ATLAng">2360.544</dst>
            <dst id="CHINng">29938.88</dst>
            <dst id="DNVRng">20760.288</dst>
            <dst id="HSTNng">4215.17066666667</dst>
            <dst id="IPLSng">15387.8186666667</dst>
            <dst id="KSCYng">8280.712</dst>
            <dst id="LOSAng">6320.944</dst>
            <dst id="NYCMng">7948.90133333333</dst>
            <dst id="SNVAng">579.096</dst>
            <dst id="STTLng">1994.98666666667</dst>
            <dst id="WASHng">18668.6373333333</dst>
        </src>
        <src id="LOSAng">
            <dst id="ATLA-M5">1245.112</dst>
            <dst id="ATLAng">17114.5413333333</dst>
            <dst id="CHINng">93224.0133333333</dst>
            <dst id="DNVRng">29494.5386666667</dst>
            <dst id="HSTNng">32384.12</dst>
            <dst id="IPLSng">48480.7333333333</dst>
            <dst id="KSCYng">20454.5333333333</dst>
            <dst id="LOSAng">18513.368</dst>
            <dst id="NYCMng">69972.8666666667</dst>
            <dst id="SNVAng">6475.04</dst>
            <dst id="STTLng">27682.728</dst>
            <dst id="WASHng">149272.373333333</dst>
        </src>
        <src id="NYCMng">
            <dst id="ATLA-M5">1185.15466666667</dst>
            <dst id="ATLAng">33621.224</dst>
            <dst id="CHINng">54934.8026666667</dst>
            <dst id="DNVRng">37696.056</dst>
            <dst id="HSTNng">17739.704</dst>
            <dst id="IPLSng">54393.9866666667</dst>
            <dst id="KSCYng">23189.752</dst>
            <dst id="LOSAng">72266.9626666667</dst>
            <dst id="NYCMng">168557.698666667</dst>
            <dst id="SNVAng">6377.776</dst>
            <dst id="STTLng">20500.312</dst>
            <dst id="WASHng">122890.648</dst>
        </src>
        <src id="SNVAng">
            <dst id="ATLA-M5">0</dst>
            <dst id="ATLAng">301.888</dst>
            <dst id="CHINng">1728.89333333333</dst>
            <dst id="DNVRng">4834.50666666667</dst>
            <dst id="HSTNng">385.333333333333</dst>
            <dst id="IPLSng">6105.72533333333</dst>
            <dst id="KSCYng">144.042666666667</dst>
            <dst id="LOSAng">51115.232</dst>
            <dst id="NYCMng">1440.21066666667</dst>
            <dst id="SNVAng">20854.5546666667</dst>
            <dst id="STTLng">67732.896</dst>
            <dst id="WASHng">832.949333333333</dst>
        </src>
        <src id="STTLng">
            <dst id="ATLA-M5">498.869333333333</dst>
            <dst id="ATLAng">9693.25333333333</dst>
            <dst id="CHINng">10600.752</dst>
            <dst id="DNVRng">4762.128</dst>
            <dst id="HSTNng">7448.14133333333</dst>
            <dst id="IPLSng">8408.51733333333</dst>
            <dst id="KSCYng">3172.26133333333</dst>
            <dst id="LOSAng">22414.1573333333</dst>
            <dst id="NYCMng">6630.232</dst>
            <dst id="SNVAng">4456.57333333333</dst>
            <dst id="STTLng">4667.784</dst>
            <dst id="WASHng">9183.53866666667</dst>
        </src>
        <src id="WASHng">
            <dst id="ATLA-M5">13554.68</dst>
            <dst id="ATLAng">76469.3653333333</dst>
            <dst id="CHINng">79691.36</dst>
            <dst id="DNVRng">51184.608</dst>
            <dst id="HSTNng">26209.9733333333</dst>
            <dst id="IPLSng">62571.4533333333</dst>
            <dst id="KSCYng">24606.7306666667</dst>
            <dst id="LOSAng">122920.802666667</dst>
            <dst id="NYCMng">157249.376</dst>
            <dst id="SNVAng">2824.22133333333</dst>
            <dst id="STTLng">29883.5253333333</dst>
            <dst id="WASHng">206536.605333333</dst>
        </src>
    </IntraTM>
</TrafficMatrixFile>
