<?xml version="1.0" encoding="ISO-8859-1" standalone="yes"?>
<TrafficMatrixFile xsi:noNamespaceSchemaLocation="http://totem.run.montefiore.ulg.ac.be/Schema/TrafficMatrix-v1_2.xsd" xmlns:xsi="http://www.w3.org/2001/XMLSchema-instance">
    <IntraTM ASID="11537">
        <src id="ATLA-M5">
            <dst id="ATLA-M5">61.088</dst>
            <dst id="ATLAng">146.304</dst>
            <dst id="CHINng">660.213333333333</dst>
            <dst id="DNVRng">102.914666666667</dst>
            <dst id="HSTNng">41.104</dst>
            <dst id="IPLSng">1647.088</dst>
            <dst id="KSCYng">2046.60533333333</dst>
            <dst id="LOSAng">384.786666666667</dst>
            <dst id="NYCMng">246.072</dst>
            <dst id="SNVAng">26.6666666666667</dst>
            <dst id="STTLng">26.6666666666667</dst>
            <dst id="WASHng">1442.904</dst>
        </src>
        <src id="ATLAng">
            <dst id="ATLA-M5">535.84</dst>
            <dst id="ATLAng">23544.2613333333</dst>
            <dst id="CHINng">33643.3893333333</dst>
            <dst id="DNVRng">3072.88533333333</dst>
            <dst id="HSTNng">2755.824</dst>
            <dst id="IPLSng">29292.608</dst>
            <dst id="KSCYng">5970.608</dst>
            <dst id="LOSAng">19477.7386666667</dst>
            <dst id="NYCMng">12691.5573333333</dst>
            <dst id="SNVAng">1154.86933333333</dst>
            <dst id="STTLng">6084.10933333334</dst>
            <dst id="WASHng">35790.6933333333</dst>
        </src>
        <src id="CHINng">
            <dst id="ATLA-M5">1096.28</dst>
            <dst id="ATLAng">43442.448</dst>
            <dst id="CHINng">92224.1893333334</dst>
            <dst id="DNVRng">27556.9946666667</dst>
            <dst id="HSTNng">36290.496</dst>
            <dst id="IPLSng">45851.048</dst>
            <dst id="KSCYng">18616.7706666667</dst>
            <dst id="LOSAng">76791.2106666667</dst>
            <dst id="NYCMng">22651.9013333333</dst>
            <dst id="SNVAng">8862.99733333333</dst>
            <dst id="STTLng">13934.9253333333</dst>
            <dst id="WASHng">34643.0826666667</dst>
        </src>
        <src id="DNVRng">
            <dst id="ATLA-M5">345.389333333333</dst>
            <dst id="ATLAng">4853.41866666667</dst>
            <dst id="CHINng">64870.7813333333</dst>
            <dst id="DNVRng">10742.6586666667</dst>
            <dst id="HSTNng">16185.9066666667</dst>
            <dst id="IPLSng">32396.5253333333</dst>
            <dst id="KSCYng">15712.3466666667</dst>
            <dst id="LOSAng">6972.78933333333</dst>
            <dst id="NYCMng">19478.2</dst>
            <dst id="SNVAng">12007.4053333333</dst>
            <dst id="STTLng">15685.2266666667</dst>
            <dst id="WASHng">64705.2506666667</dst>
        </src>
        <src id="HSTNng">
            <dst id="ATLA-M5">1645.936</dst>
            <dst id="ATLAng">3149.91466666667</dst>
            <dst id="CHINng">20019.128</dst>
            <dst id="DNVRng">2714.67733333333</dst>
            <dst id="HSTNng">5501.92533333333</dst>
            <dst id="IPLSng">6527.84533333333</dst>
            <dst id="KSCYng">4491.23733333333</dst>
            <dst id="LOSAng">15286.712</dst>
            <dst id="NYCMng">7230.52</dst>
            <dst id="SNVAng">1245.68266666667</dst>
            <dst id="STTLng">2355.80266666667</dst>
            <dst id="WASHng">22970.624</dst>
        </src>
        <src id="IPLSng">
            <dst id="ATLA-M5">1292.66666666667</dst>
            <dst id="ATLAng">29357.4826666667</dst>
            <dst id="CHINng">111268.824</dst>
            <dst id="DNVRng">13705.1573333333</dst>
            <dst id="HSTNng">6734.28</dst>
            <dst id="IPLSng">27380.0506666667</dst>
            <dst id="KSCYng">13308.4186666667</dst>
            <dst id="LOSAng">39628.1786666667</dst>
            <dst id="NYCMng">66360.0826666667</dst>
            <dst id="SNVAng">2658.71733333333</dst>
            <dst id="STTLng">12419.528</dst>
            <dst id="WASHng">36758.7493333333</dst>
        </src>
        <src id="KSCYng">
            <dst id="ATLA-M5">321.512</dst>
            <dst id="ATLAng">2559.456</dst>
            <dst id="CHINng">25012.288</dst>
            <dst id="DNVRng">20138.8986666667</dst>
            <dst id="HSTNng">4223.96533333333</dst>
            <dst id="IPLSng">15599.2826666667</dst>
            <dst id="KSCYng">9043.32</dst>
            <dst id="LOSAng">7762.88</dst>
            <dst id="NYCMng">6705.84266666667</dst>
            <dst id="SNVAng">824.205333333333</dst>
            <dst id="STTLng">2195.19466666667</dst>
            <dst id="WASHng">22168.1173333333</dst>
        </src>
        <src id="LOSAng">
            <dst id="ATLA-M5">1196.63466666667</dst>
            <dst id="ATLAng">17023.0666666667</dst>
            <dst id="CHINng">88489.0186666667</dst>
            <dst id="DNVRng">11601.424</dst>
            <dst id="HSTNng">9288.03733333333</dst>
            <dst id="IPLSng">54220.7413333333</dst>
            <dst id="KSCYng">11082.0773333333</dst>
            <dst id="LOSAng">13628.392</dst>
            <dst id="NYCMng">56333.2666666667</dst>
            <dst id="SNVAng">8771.32</dst>
            <dst id="STTLng">29059.152</dst>
            <dst id="WASHng">99503.1013333333</dst>
        </src>
        <src id="NYCMng">
            <dst id="ATLA-M5">3467.56266666667</dst>
            <dst id="ATLAng">34989.7413333333</dst>
            <dst id="CHINng">60843.2106666667</dst>
            <dst id="DNVRng">36492.592</dst>
            <dst id="HSTNng">28502.5013333333</dst>
            <dst id="IPLSng">51657.4426666667</dst>
            <dst id="KSCYng">24164.2</dst>
            <dst id="LOSAng">80162.24</dst>
            <dst id="NYCMng">205515.456</dst>
            <dst id="SNVAng">7378.608</dst>
            <dst id="STTLng">28559.3093333333</dst>
            <dst id="WASHng">121296.994666667</dst>
        </src>
        <src id="SNVAng">
            <dst id="ATLA-M5">57.0613333333333</dst>
            <dst id="ATLAng">227.896</dst>
            <dst id="CHINng">1770.13333333333</dst>
            <dst id="DNVRng">11953.4106666667</dst>
            <dst id="HSTNng">852.848</dst>
            <dst id="IPLSng">976.253333333333</dst>
            <dst id="KSCYng">342.506666666667</dst>
            <dst id="LOSAng">55783.464</dst>
            <dst id="NYCMng">608.584</dst>
            <dst id="SNVAng">22061.944</dst>
            <dst id="STTLng">64094.4666666667</dst>
            <dst id="WASHng">1696.06133333333</dst>
        </src>
        <src id="STTLng">
            <dst id="ATLA-M5">226.970666666667</dst>
            <dst id="ATLAng">8736.056</dst>
            <dst id="CHINng">15866.6826666667</dst>
            <dst id="DNVRng">5226.61333333333</dst>
            <dst id="HSTNng">8074.86933333333</dst>
            <dst id="IPLSng">6964.864</dst>
            <dst id="KSCYng">2871.17066666667</dst>
            <dst id="LOSAng">22154.8826666667</dst>
            <dst id="NYCMng">9429.45066666667</dst>
            <dst id="SNVAng">4414.78666666667</dst>
            <dst id="STTLng">4208.52533333333</dst>
            <dst id="WASHng">8162.89333333333</dst>
        </src>
        <src id="WASHng">
            <dst id="ATLA-M5">1866.41866666667</dst>
            <dst id="ATLAng">123592.538666667</dst>
            <dst id="CHINng">82285.6426666667</dst>
            <dst id="DNVRng">67208.2453333333</dst>
            <dst id="HSTNng">32234.52</dst>
            <dst id="IPLSng">48893.8186666667</dst>
            <dst id="KSCYng">28490.632</dst>
            <dst id="LOSAng">128796.541333333</dst>
            <dst id="NYCMng">155674.370666667</dst>
            <dst id="SNVAng">2509.568</dst>
            <dst id="STTLng">27760.7626666667</dst>
            <dst id="WASHng">259126.808</dst>
        </src>
    </IntraTM>
</TrafficMatrixFile>
