<?xml version="1.0" encoding="ISO-8859-1" standalone="yes"?>
<TrafficMatrixFile xsi:noNamespaceSchemaLocation="http://totem.run.montefiore.ulg.ac.be/Schema/TrafficMatrix-v1_2.xsd" xmlns:xsi="http://www.w3.org/2001/XMLSchema-instance">
    <IntraTM ASID="11537">
        <src id="ATLA-M5">
            <dst id="ATLA-M5">68.36</dst>
            <dst id="ATLAng">81.3333333333333</dst>
            <dst id="CHINng">678.616</dst>
            <dst id="DNVRng">243.146666666667</dst>
            <dst id="HSTNng">157.738666666667</dst>
            <dst id="IPLSng">1069.92</dst>
            <dst id="KSCYng">100.501333333333</dst>
            <dst id="LOSAng">1234.33066666667</dst>
            <dst id="NYCMng">182.485333333333</dst>
            <dst id="SNVAng">0</dst>
            <dst id="STTLng">53.3333333333333</dst>
            <dst id="WASHng">1784.84266666667</dst>
        </src>
        <src id="ATLAng">
            <dst id="ATLA-M5">215.04</dst>
            <dst id="ATLAng">24197.6693333333</dst>
            <dst id="CHINng">19505</dst>
            <dst id="DNVRng">4112.62133333333</dst>
            <dst id="HSTNng">4899.25866666667</dst>
            <dst id="IPLSng">19163.8666666667</dst>
            <dst id="KSCYng">2584.82933333333</dst>
            <dst id="LOSAng">18024.7066666667</dst>
            <dst id="NYCMng">7004.90133333333</dst>
            <dst id="SNVAng">768.773333333333</dst>
            <dst id="STTLng">4382.69066666667</dst>
            <dst id="WASHng">36252.7413333333</dst>
        </src>
        <src id="CHINng">
            <dst id="ATLA-M5">1500.68266666667</dst>
            <dst id="ATLAng">17898.9013333333</dst>
            <dst id="CHINng">80544.824</dst>
            <dst id="DNVRng">19581.2</dst>
            <dst id="HSTNng">49271.488</dst>
            <dst id="IPLSng">63419.272</dst>
            <dst id="KSCYng">21813.992</dst>
            <dst id="LOSAng">2052368.85333333</dst>
            <dst id="NYCMng">19508.6906666667</dst>
            <dst id="SNVAng">2568.36</dst>
            <dst id="STTLng">10686.0186666667</dst>
            <dst id="WASHng">38851.2666666667</dst>
        </src>
        <src id="DNVRng">
            <dst id="ATLA-M5">391.226666666667</dst>
            <dst id="ATLAng">7878.50133333333</dst>
            <dst id="CHINng">75867.6586666667</dst>
            <dst id="DNVRng">16957.0053333333</dst>
            <dst id="HSTNng">13087.912</dst>
            <dst id="IPLSng">34759.792</dst>
            <dst id="KSCYng">16334.5146666667</dst>
            <dst id="LOSAng">29838.728</dst>
            <dst id="NYCMng">17553.4586666667</dst>
            <dst id="SNVAng">8103.44533333333</dst>
            <dst id="STTLng">9199.86933333333</dst>
            <dst id="WASHng">44419.0693333333</dst>
        </src>
        <src id="HSTNng">
            <dst id="ATLA-M5">796.541333333333</dst>
            <dst id="ATLAng">2803.832</dst>
            <dst id="CHINng">17346.224</dst>
            <dst id="DNVRng">2469.06133333333</dst>
            <dst id="HSTNng">7946.992</dst>
            <dst id="IPLSng">7530.68533333333</dst>
            <dst id="KSCYng">5492.29333333333</dst>
            <dst id="LOSAng">7562.08</dst>
            <dst id="NYCMng">3529.86133333333</dst>
            <dst id="SNVAng">1900.73066666667</dst>
            <dst id="STTLng">2386.41066666667</dst>
            <dst id="WASHng">18994.6506666667</dst>
        </src>
        <src id="IPLSng">
            <dst id="ATLA-M5">1716.94133333333</dst>
            <dst id="ATLAng">14225.128</dst>
            <dst id="CHINng">106565.042666667</dst>
            <dst id="DNVRng">32468.8693333333</dst>
            <dst id="HSTNng">11867.0106666667</dst>
            <dst id="IPLSng">16324.656</dst>
            <dst id="KSCYng">9724.75733333333</dst>
            <dst id="LOSAng">64892.696</dst>
            <dst id="NYCMng">66129.8586666667</dst>
            <dst id="SNVAng">1718.19733333333</dst>
            <dst id="STTLng">7287.056</dst>
            <dst id="WASHng">37880.3786666667</dst>
        </src>
        <src id="KSCYng">
            <dst id="ATLA-M5">636.597333333333</dst>
            <dst id="ATLAng">4151.70133333333</dst>
            <dst id="CHINng">20426.9733333333</dst>
            <dst id="DNVRng">11432.752</dst>
            <dst id="HSTNng">4617.816</dst>
            <dst id="IPLSng">12435.7066666667</dst>
            <dst id="KSCYng">5637.60266666667</dst>
            <dst id="LOSAng">6548.304</dst>
            <dst id="NYCMng">5695.024</dst>
            <dst id="SNVAng">561.224</dst>
            <dst id="STTLng">1067.09333333333</dst>
            <dst id="WASHng">13582.6106666667</dst>
        </src>
        <src id="LOSAng">
            <dst id="ATLA-M5">2141.504</dst>
            <dst id="ATLAng">14739.7786666667</dst>
            <dst id="CHINng">1074257.06666667</dst>
            <dst id="DNVRng">12509.4533333333</dst>
            <dst id="HSTNng">8881.696</dst>
            <dst id="IPLSng">38410.7546666667</dst>
            <dst id="KSCYng">12680.8613333333</dst>
            <dst id="LOSAng">13736.064</dst>
            <dst id="NYCMng">79233.0373333333</dst>
            <dst id="SNVAng">11389.7706666667</dst>
            <dst id="STTLng">21653.816</dst>
            <dst id="WASHng">94423.888</dst>
        </src>
        <src id="NYCMng">
            <dst id="ATLA-M5">2880.84533333333</dst>
            <dst id="ATLAng">22626.072</dst>
            <dst id="CHINng">48650.1866666667</dst>
            <dst id="DNVRng">29097.712</dst>
            <dst id="HSTNng">16903.872</dst>
            <dst id="IPLSng">49928.7386666667</dst>
            <dst id="KSCYng">15379.328</dst>
            <dst id="LOSAng">85340.512</dst>
            <dst id="NYCMng">151235.762666667</dst>
            <dst id="SNVAng">3024.93866666667</dst>
            <dst id="STTLng">24269.456</dst>
            <dst id="WASHng">134832.834666667</dst>
        </src>
        <src id="SNVAng">
            <dst id="ATLA-M5">459.629333333333</dst>
            <dst id="ATLAng">267.426666666667</dst>
            <dst id="CHINng">1872.48266666667</dst>
            <dst id="DNVRng">4805.98133333333</dst>
            <dst id="HSTNng">1015.008</dst>
            <dst id="IPLSng">7200.95733333333</dst>
            <dst id="KSCYng">4769.984</dst>
            <dst id="LOSAng">34444.776</dst>
            <dst id="NYCMng">925.637333333333</dst>
            <dst id="SNVAng">14101.848</dst>
            <dst id="STTLng">51895.3866666667</dst>
            <dst id="WASHng">247.290666666667</dst>
        </src>
        <src id="STTLng">
            <dst id="ATLA-M5">370.709333333333</dst>
            <dst id="ATLAng">8641.09333333333</dst>
            <dst id="CHINng">13600.3386666667</dst>
            <dst id="DNVRng">3121.29866666667</dst>
            <dst id="HSTNng">6571.02133333333</dst>
            <dst id="IPLSng">8483.81866666667</dst>
            <dst id="KSCYng">2686.05866666667</dst>
            <dst id="LOSAng">22470.1146666667</dst>
            <dst id="NYCMng">5571.768</dst>
            <dst id="SNVAng">4267.352</dst>
            <dst id="STTLng">3235.384</dst>
            <dst id="WASHng">7578.352</dst>
        </src>
        <src id="WASHng">
            <dst id="ATLA-M5">1709.42933333333</dst>
            <dst id="ATLAng">81631.5626666667</dst>
            <dst id="CHINng">81678.3706666666</dst>
            <dst id="DNVRng">52397.4586666667</dst>
            <dst id="HSTNng">20734.9093333333</dst>
            <dst id="IPLSng">47673.5493333333</dst>
            <dst id="KSCYng">33820.4986666667</dst>
            <dst id="LOSAng">121687.821333333</dst>
            <dst id="NYCMng">203406.648</dst>
            <dst id="SNVAng">5546.336</dst>
            <dst id="STTLng">36918.1173333333</dst>
            <dst id="WASHng">226333.906666667</dst>
        </src>
    </IntraTM>
</TrafficMatrixFile>
