<?xml version="1.0" encoding="ISO-8859-1" standalone="yes"?>
<TrafficMatrixFile xsi:noNamespaceSchemaLocation="http://totem.run.montefiore.ulg.ac.be/Schema/TrafficMatrix-v1_2.xsd" xmlns:xsi="http://www.w3.org/2001/XMLSchema-instance">
    <IntraTM ASID="11537">
        <src id="ATLA-M5">
            <dst id="ATLA-M5">56.7573333333333</dst>
            <dst id="ATLAng">148</dst>
            <dst id="CHINng">696.229333333333</dst>
            <dst id="DNVRng">201.930666666667</dst>
            <dst id="HSTNng">107.237333333333</dst>
            <dst id="IPLSng">851.082666666667</dst>
            <dst id="KSCYng">137.877333333333</dst>
            <dst id="LOSAng">693.786666666667</dst>
            <dst id="NYCMng">619.613333333333</dst>
            <dst id="SNVAng">134.346666666667</dst>
            <dst id="STTLng">26.6666666666667</dst>
            <dst id="WASHng">1012.01066666667</dst>
        </src>
        <src id="ATLAng">
            <dst id="ATLA-M5">268.874666666667</dst>
            <dst id="ATLAng">24567.4053333333</dst>
            <dst id="CHINng">21805.248</dst>
            <dst id="DNVRng">4591.99733333333</dst>
            <dst id="HSTNng">4769.24266666667</dst>
            <dst id="IPLSng">18123.832</dst>
            <dst id="KSCYng">5943.31466666667</dst>
            <dst id="LOSAng">17868.52</dst>
            <dst id="NYCMng">7021.53866666667</dst>
            <dst id="SNVAng">881.68</dst>
            <dst id="STTLng">4970.08266666667</dst>
            <dst id="WASHng">37613.0053333333</dst>
        </src>
        <src id="CHINng">
            <dst id="ATLA-M5">979.410666666667</dst>
            <dst id="ATLAng">18773.336</dst>
            <dst id="CHINng">79190.6746666667</dst>
            <dst id="DNVRng">21486.3786666667</dst>
            <dst id="HSTNng">46776.9733333333</dst>
            <dst id="IPLSng">67008.6346666667</dst>
            <dst id="KSCYng">22392.9813333333</dst>
            <dst id="LOSAng">2048116.96</dst>
            <dst id="NYCMng">19084.4746666667</dst>
            <dst id="SNVAng">4379.656</dst>
            <dst id="STTLng">11579.376</dst>
            <dst id="WASHng">39131.68</dst>
        </src>
        <src id="DNVRng">
            <dst id="ATLA-M5">386.522666666667</dst>
            <dst id="ATLAng">8558.072</dst>
            <dst id="CHINng">78266.824</dst>
            <dst id="DNVRng">26358.52</dst>
            <dst id="HSTNng">14909.2426666667</dst>
            <dst id="IPLSng">34522.2853333333</dst>
            <dst id="KSCYng">28146.7253333333</dst>
            <dst id="LOSAng">10449.0666666667</dst>
            <dst id="NYCMng">18297.528</dst>
            <dst id="SNVAng">12146.6106666667</dst>
            <dst id="STTLng">17468.9866666667</dst>
            <dst id="WASHng">40704.5786666667</dst>
        </src>
        <src id="HSTNng">
            <dst id="ATLA-M5">3015.008</dst>
            <dst id="ATLAng">3596.39733333333</dst>
            <dst id="CHINng">17212.9333333333</dst>
            <dst id="DNVRng">3847.46666666667</dst>
            <dst id="HSTNng">6799.12266666667</dst>
            <dst id="IPLSng">8323.73866666667</dst>
            <dst id="KSCYng">4968.05066666667</dst>
            <dst id="LOSAng">8379.07466666667</dst>
            <dst id="NYCMng">3401.976</dst>
            <dst id="SNVAng">1670.888</dst>
            <dst id="STTLng">1920.032</dst>
            <dst id="WASHng">11825.6373333333</dst>
        </src>
        <src id="IPLSng">
            <dst id="ATLA-M5">562.530666666667</dst>
            <dst id="ATLAng">16601.656</dst>
            <dst id="CHINng">95333.2506666666</dst>
            <dst id="DNVRng">26924.1546666667</dst>
            <dst id="HSTNng">9935.232</dst>
            <dst id="IPLSng">18161.656</dst>
            <dst id="KSCYng">9162.416</dst>
            <dst id="LOSAng">70781.9386666667</dst>
            <dst id="NYCMng">68258.6933333333</dst>
            <dst id="SNVAng">1622.66666666667</dst>
            <dst id="STTLng">8071.06133333333</dst>
            <dst id="WASHng">40898.4773333333</dst>
        </src>
        <src id="KSCYng">
            <dst id="ATLA-M5">472.269333333333</dst>
            <dst id="ATLAng">2276.38933333333</dst>
            <dst id="CHINng">20615.5626666667</dst>
            <dst id="DNVRng">10007.024</dst>
            <dst id="HSTNng">3844.952</dst>
            <dst id="IPLSng">13826.288</dst>
            <dst id="KSCYng">6248.68266666667</dst>
            <dst id="LOSAng">6722.69333333333</dst>
            <dst id="NYCMng">4806.496</dst>
            <dst id="SNVAng">1217.92266666667</dst>
            <dst id="STTLng">1211.84</dst>
            <dst id="WASHng">16637.9093333333</dst>
        </src>
        <src id="LOSAng">
            <dst id="ATLA-M5">1756.86133333333</dst>
            <dst id="ATLAng">16297.0533333333</dst>
            <dst id="CHINng">1068221.14666667</dst>
            <dst id="DNVRng">16373.5013333333</dst>
            <dst id="HSTNng">16673.4666666667</dst>
            <dst id="IPLSng">38167.1226666667</dst>
            <dst id="KSCYng">10501.0133333333</dst>
            <dst id="LOSAng">12729.2186666667</dst>
            <dst id="NYCMng">80085.4773333334</dst>
            <dst id="SNVAng">5805.592</dst>
            <dst id="STTLng">18910.904</dst>
            <dst id="WASHng">87017.3333333333</dst>
        </src>
        <src id="NYCMng">
            <dst id="ATLA-M5">4652.16266666667</dst>
            <dst id="ATLAng">24242.6746666667</dst>
            <dst id="CHINng">50190.2106666667</dst>
            <dst id="DNVRng">27357.832</dst>
            <dst id="HSTNng">17079.8853333333</dst>
            <dst id="IPLSng">50282.6986666667</dst>
            <dst id="KSCYng">17261.0106666667</dst>
            <dst id="LOSAng">89359.5573333333</dst>
            <dst id="NYCMng">148103.944</dst>
            <dst id="SNVAng">2882.86666666667</dst>
            <dst id="STTLng">23968.1946666667</dst>
            <dst id="WASHng">135431.893333333</dst>
        </src>
        <src id="SNVAng">
            <dst id="ATLA-M5">365.509333333333</dst>
            <dst id="ATLAng">80</dst>
            <dst id="CHINng">3134.32266666667</dst>
            <dst id="DNVRng">5869.312</dst>
            <dst id="HSTNng">848.045333333333</dst>
            <dst id="IPLSng">5205.46133333333</dst>
            <dst id="KSCYng">4724.82933333333</dst>
            <dst id="LOSAng">33455.232</dst>
            <dst id="NYCMng">557.661333333333</dst>
            <dst id="SNVAng">12547.6026666667</dst>
            <dst id="STTLng">51684.088</dst>
            <dst id="WASHng">100.661333333333</dst>
        </src>
        <src id="STTLng">
            <dst id="ATLA-M5">265.085333333333</dst>
            <dst id="ATLAng">8221.256</dst>
            <dst id="CHINng">12266.112</dst>
            <dst id="DNVRng">5704.07466666667</dst>
            <dst id="HSTNng">5819.384</dst>
            <dst id="IPLSng">8369.26133333333</dst>
            <dst id="KSCYng">2177.77066666667</dst>
            <dst id="LOSAng">21821.1333333333</dst>
            <dst id="NYCMng">4971.30133333333</dst>
            <dst id="SNVAng">5341.71733333333</dst>
            <dst id="STTLng">6888.78133333333</dst>
            <dst id="WASHng">6051.83466666667</dst>
        </src>
        <src id="WASHng">
            <dst id="ATLA-M5">1797.456</dst>
            <dst id="ATLAng">72965.5066666667</dst>
            <dst id="CHINng">94260.8186666667</dst>
            <dst id="DNVRng">69288.5146666667</dst>
            <dst id="HSTNng">16768.6586666667</dst>
            <dst id="IPLSng">52760.7866666667</dst>
            <dst id="KSCYng">37765.816</dst>
            <dst id="LOSAng">117192.637333333</dst>
            <dst id="NYCMng">180699.173333333</dst>
            <dst id="SNVAng">4859.46133333333</dst>
            <dst id="STTLng">37239.992</dst>
            <dst id="WASHng">225000.922666667</dst>
        </src>
    </IntraTM>
</TrafficMatrixFile>
