<?xml version="1.0" encoding="ISO-8859-1" standalone="yes"?>
<TrafficMatrixFile xsi:noNamespaceSchemaLocation="http://totem.run.montefiore.ulg.ac.be/Schema/TrafficMatrix-v1_2.xsd" xmlns:xsi="http://www.w3.org/2001/XMLSchema-instance">
    <IntraTM ASID="11537">
        <src id="ATLA-M5">
            <dst id="ATLA-M5">49.912</dst>
            <dst id="ATLAng">53.3333333333333</dst>
            <dst id="CHINng">152.525333333333</dst>
            <dst id="DNVRng">0</dst>
            <dst id="HSTNng">91.608</dst>
            <dst id="IPLSng">313.621333333333</dst>
            <dst id="KSCYng">283.037333333333</dst>
            <dst id="LOSAng">87.44</dst>
            <dst id="NYCMng">631.928</dst>
            <dst id="SNVAng">46.688</dst>
            <dst id="STTLng">0</dst>
            <dst id="WASHng">374.736</dst>
        </src>
        <src id="ATLAng">
            <dst id="ATLA-M5">77.2533333333333</dst>
            <dst id="ATLAng">49376.7946666667</dst>
            <dst id="CHINng">14974.4666666667</dst>
            <dst id="DNVRng">7754.568</dst>
            <dst id="HSTNng">5030.792</dst>
            <dst id="IPLSng">21382.8213333333</dst>
            <dst id="KSCYng">1225.144</dst>
            <dst id="LOSAng">20633.4933333333</dst>
            <dst id="NYCMng">6459.56</dst>
            <dst id="SNVAng">351.098666666667</dst>
            <dst id="STTLng">4127.87733333333</dst>
            <dst id="WASHng">45034.128</dst>
        </src>
        <src id="CHINng">
            <dst id="ATLA-M5">1358.688</dst>
            <dst id="ATLAng">19640.4026666667</dst>
            <dst id="CHINng">119183.904</dst>
            <dst id="DNVRng">27149.528</dst>
            <dst id="HSTNng">51862.2773333333</dst>
            <dst id="IPLSng">50330.72</dst>
            <dst id="KSCYng">14806.9333333333</dst>
            <dst id="LOSAng">41210.536</dst>
            <dst id="NYCMng">21184.2346666667</dst>
            <dst id="SNVAng">2772.15466666667</dst>
            <dst id="STTLng">14823.496</dst>
            <dst id="WASHng">35326.3253333333</dst>
        </src>
        <src id="DNVRng">
            <dst id="ATLA-M5">166.157333333333</dst>
            <dst id="ATLAng">5177.24533333333</dst>
            <dst id="CHINng">77354.344</dst>
            <dst id="DNVRng">11108.776</dst>
            <dst id="HSTNng">17560.408</dst>
            <dst id="IPLSng">25269.824</dst>
            <dst id="KSCYng">21592.4</dst>
            <dst id="LOSAng">5002.76</dst>
            <dst id="NYCMng">14768.624</dst>
            <dst id="SNVAng">5423.17066666667</dst>
            <dst id="STTLng">9893.456</dst>
            <dst id="WASHng">36351.5733333333</dst>
        </src>
        <src id="HSTNng">
            <dst id="ATLA-M5">332.917333333333</dst>
            <dst id="ATLAng">1342.02666666667</dst>
            <dst id="CHINng">18778.104</dst>
            <dst id="DNVRng">1916.92</dst>
            <dst id="HSTNng">4749.8</dst>
            <dst id="IPLSng">13097.2986666667</dst>
            <dst id="KSCYng">4717.008</dst>
            <dst id="LOSAng">30474.2693333333</dst>
            <dst id="NYCMng">4168.73333333333</dst>
            <dst id="SNVAng">722.749333333333</dst>
            <dst id="STTLng">3449.77066666667</dst>
            <dst id="WASHng">4543.09333333333</dst>
        </src>
        <src id="IPLSng">
            <dst id="ATLA-M5">314.88</dst>
            <dst id="ATLAng">13830.8373333333</dst>
            <dst id="CHINng">116709.605333333</dst>
            <dst id="DNVRng">13636.9146666667</dst>
            <dst id="HSTNng">9984.936</dst>
            <dst id="IPLSng">17245.136</dst>
            <dst id="KSCYng">17678.976</dst>
            <dst id="LOSAng">15133.2213333333</dst>
            <dst id="NYCMng">82885.648</dst>
            <dst id="SNVAng">1056.52533333333</dst>
            <dst id="STTLng">11317.152</dst>
            <dst id="WASHng">42781.2506666667</dst>
        </src>
        <src id="KSCYng">
            <dst id="ATLA-M5">351.538666666667</dst>
            <dst id="ATLAng">1426.15466666667</dst>
            <dst id="CHINng">28532.8186666667</dst>
            <dst id="DNVRng">9415.344</dst>
            <dst id="HSTNng">4507.10933333333</dst>
            <dst id="IPLSng">15526.216</dst>
            <dst id="KSCYng">5123.93066666667</dst>
            <dst id="LOSAng">11689.0426666667</dst>
            <dst id="NYCMng">7535.96533333333</dst>
            <dst id="SNVAng">143.008</dst>
            <dst id="STTLng">730.338666666667</dst>
            <dst id="WASHng">25179.472</dst>
        </src>
        <src id="LOSAng">
            <dst id="ATLA-M5">1640.15733333333</dst>
            <dst id="ATLAng">34066.616</dst>
            <dst id="CHINng">77198.7813333333</dst>
            <dst id="DNVRng">9927.72</dst>
            <dst id="HSTNng">27667.2373333333</dst>
            <dst id="IPLSng">24532.8053333333</dst>
            <dst id="KSCYng">9324.2</dst>
            <dst id="LOSAng">10867.1413333333</dst>
            <dst id="NYCMng">57241.6106666667</dst>
            <dst id="SNVAng">7863.48</dst>
            <dst id="STTLng">22079.7466666667</dst>
            <dst id="WASHng">78937.9813333333</dst>
        </src>
        <src id="NYCMng">
            <dst id="ATLA-M5">1157.26933333333</dst>
            <dst id="ATLAng">23947.6613333333</dst>
            <dst id="CHINng">45965.0586666667</dst>
            <dst id="DNVRng">25136.728</dst>
            <dst id="HSTNng">8684.15466666667</dst>
            <dst id="IPLSng">41408.296</dst>
            <dst id="KSCYng">10967.152</dst>
            <dst id="LOSAng">45418.5306666667</dst>
            <dst id="NYCMng">194306.026666667</dst>
            <dst id="SNVAng">2394.99466666667</dst>
            <dst id="STTLng">24756.6426666667</dst>
            <dst id="WASHng">111178.96</dst>
        </src>
        <src id="SNVAng">
            <dst id="ATLA-M5">0</dst>
            <dst id="ATLAng">219.437333333333</dst>
            <dst id="CHINng">1525.44</dst>
            <dst id="DNVRng">1285.46666666667</dst>
            <dst id="HSTNng">344.106666666667</dst>
            <dst id="IPLSng">7354.72</dst>
            <dst id="KSCYng">101.093333333333</dst>
            <dst id="LOSAng">33464.3813333333</dst>
            <dst id="NYCMng">567.986666666667</dst>
            <dst id="SNVAng">11870.5173333333</dst>
            <dst id="STTLng">56051.0986666667</dst>
            <dst id="WASHng">200.333333333333</dst>
        </src>
        <src id="STTLng">
            <dst id="ATLA-M5">241.144</dst>
            <dst id="ATLAng">4908.88266666667</dst>
            <dst id="CHINng">15769.6373333333</dst>
            <dst id="DNVRng">1691.76266666667</dst>
            <dst id="HSTNng">2038.864</dst>
            <dst id="IPLSng">3752.44266666667</dst>
            <dst id="KSCYng">2452.808</dst>
            <dst id="LOSAng">16347.1413333333</dst>
            <dst id="NYCMng">7923.128</dst>
            <dst id="SNVAng">5533.22133333333</dst>
            <dst id="STTLng">5563.76266666667</dst>
            <dst id="WASHng">7246.06666666667</dst>
        </src>
        <src id="WASHng">
            <dst id="ATLA-M5">1395.424</dst>
            <dst id="ATLAng">70057.3706666666</dst>
            <dst id="CHINng">74519.1013333333</dst>
            <dst id="DNVRng">63552.3226666667</dst>
            <dst id="HSTNng">11053.2213333333</dst>
            <dst id="IPLSng">92637.8426666667</dst>
            <dst id="KSCYng">12825.4586666667</dst>
            <dst id="LOSAng">98830.3253333333</dst>
            <dst id="NYCMng">217577.856</dst>
            <dst id="SNVAng">4349.46666666667</dst>
            <dst id="STTLng">27098.776</dst>
            <dst id="WASHng">333306.106666667</dst>
        </src>
    </IntraTM>
</TrafficMatrixFile>
