<?xml version="1.0" encoding="ISO-8859-1" standalone="yes"?>
<TrafficMatrixFile xsi:noNamespaceSchemaLocation="http://totem.run.montefiore.ulg.ac.be/Schema/TrafficMatrix-v1_2.xsd" xmlns:xsi="http://www.w3.org/2001/XMLSchema-instance">
    <IntraTM ASID="11537">
        <src id="ATLA-M5">
            <dst id="ATLA-M5">997.693333333333</dst>
            <dst id="ATLAng">58.6533333333333</dst>
            <dst id="CHINng">1334.01333333333</dst>
            <dst id="DNVRng">80</dst>
            <dst id="HSTNng">180.370666666667</dst>
            <dst id="IPLSng">347.208</dst>
            <dst id="KSCYng">137.906666666667</dst>
            <dst id="LOSAng">199.149333333333</dst>
            <dst id="NYCMng">131.069333333333</dst>
            <dst id="SNVAng">26.6666666666667</dst>
            <dst id="STTLng">83.7173333333333</dst>
            <dst id="WASHng">3345.75466666667</dst>
        </src>
        <src id="ATLAng">
            <dst id="ATLA-M5">133.874666666667</dst>
            <dst id="ATLAng">22450.2426666667</dst>
            <dst id="CHINng">18439.1066666667</dst>
            <dst id="DNVRng">4113.09333333333</dst>
            <dst id="HSTNng">2847.104</dst>
            <dst id="IPLSng">15712.8346666667</dst>
            <dst id="KSCYng">2497.2</dst>
            <dst id="LOSAng">19279.0133333333</dst>
            <dst id="NYCMng">10124.0346666667</dst>
            <dst id="SNVAng">536.898666666667</dst>
            <dst id="STTLng">9670.49066666667</dst>
            <dst id="WASHng">38764.496</dst>
        </src>
        <src id="CHINng">
            <dst id="ATLA-M5">1266.23733333333</dst>
            <dst id="ATLAng">23197.592</dst>
            <dst id="CHINng">117012.762666667</dst>
            <dst id="DNVRng">21963.76</dst>
            <dst id="HSTNng">49273.9973333333</dst>
            <dst id="IPLSng">40838.5333333333</dst>
            <dst id="KSCYng">17421.7066666667</dst>
            <dst id="LOSAng">43067.416</dst>
            <dst id="NYCMng">26436.5893333333</dst>
            <dst id="SNVAng">1676.44266666667</dst>
            <dst id="STTLng">10149.872</dst>
            <dst id="WASHng">33215.9413333334</dst>
        </src>
        <src id="DNVRng">
            <dst id="ATLA-M5">278.557333333333</dst>
            <dst id="ATLAng">7188.99733333333</dst>
            <dst id="CHINng">57375.9253333333</dst>
            <dst id="DNVRng">12541.0346666667</dst>
            <dst id="HSTNng">12647.112</dst>
            <dst id="IPLSng">34092.352</dst>
            <dst id="KSCYng">17193.5813333333</dst>
            <dst id="LOSAng">7058.896</dst>
            <dst id="NYCMng">14113.464</dst>
            <dst id="SNVAng">12575.1786666667</dst>
            <dst id="STTLng">11185.8426666667</dst>
            <dst id="WASHng">49381.5253333333</dst>
        </src>
        <src id="HSTNng">
            <dst id="ATLA-M5">4868.91466666667</dst>
            <dst id="ATLAng">3139.47733333333</dst>
            <dst id="CHINng">28156.9626666667</dst>
            <dst id="DNVRng">2343.21333333333</dst>
            <dst id="HSTNng">6658.40533333333</dst>
            <dst id="IPLSng">6324.49333333333</dst>
            <dst id="KSCYng">2532.38133333333</dst>
            <dst id="LOSAng">7788.264</dst>
            <dst id="NYCMng">8403.23466666667</dst>
            <dst id="SNVAng">651.898666666667</dst>
            <dst id="STTLng">1867.54666666667</dst>
            <dst id="WASHng">6566.15733333333</dst>
        </src>
        <src id="IPLSng">
            <dst id="ATLA-M5">478.864</dst>
            <dst id="ATLAng">21028.5413333333</dst>
            <dst id="CHINng">105123.213333333</dst>
            <dst id="DNVRng">27514.4986666667</dst>
            <dst id="HSTNng">6000.86933333333</dst>
            <dst id="IPLSng">20442.5253333333</dst>
            <dst id="KSCYng">12370.6853333333</dst>
            <dst id="LOSAng">31039.2853333333</dst>
            <dst id="NYCMng">51926.3013333333</dst>
            <dst id="SNVAng">3644.47466666667</dst>
            <dst id="STTLng">14237.5973333333</dst>
            <dst id="WASHng">39274.6506666667</dst>
        </src>
        <src id="KSCYng">
            <dst id="ATLA-M5">133.341333333333</dst>
            <dst id="ATLAng">6765.52</dst>
            <dst id="CHINng">25319.7626666667</dst>
            <dst id="DNVRng">9932.81866666666</dst>
            <dst id="HSTNng">4365.45866666667</dst>
            <dst id="IPLSng">19490.0853333333</dst>
            <dst id="KSCYng">8614.15466666667</dst>
            <dst id="LOSAng">6599.53333333333</dst>
            <dst id="NYCMng">7697.58133333333</dst>
            <dst id="SNVAng">431.218666666667</dst>
            <dst id="STTLng">1787.01333333333</dst>
            <dst id="WASHng">18760.2906666667</dst>
        </src>
        <src id="LOSAng">
            <dst id="ATLA-M5">1539.84533333333</dst>
            <dst id="ATLAng">17955.5066666667</dst>
            <dst id="CHINng">1097897.68</dst>
            <dst id="DNVRng">9882.616</dst>
            <dst id="HSTNng">12417.736</dst>
            <dst id="IPLSng">49833.576</dst>
            <dst id="KSCYng">10640.8026666667</dst>
            <dst id="LOSAng">9386.29066666667</dst>
            <dst id="NYCMng">73910.0533333334</dst>
            <dst id="SNVAng">12566.2426666667</dst>
            <dst id="STTLng">23665.9466666667</dst>
            <dst id="WASHng">103087.704</dst>
        </src>
        <src id="NYCMng">
            <dst id="ATLA-M5">1508.65866666667</dst>
            <dst id="ATLAng">35050.8373333333</dst>
            <dst id="CHINng">60345.1146666667</dst>
            <dst id="DNVRng">33110.9333333333</dst>
            <dst id="HSTNng">14612.7493333333</dst>
            <dst id="IPLSng">84152.1466666667</dst>
            <dst id="KSCYng">21475.184</dst>
            <dst id="LOSAng">67506.5893333333</dst>
            <dst id="NYCMng">200709.778666667</dst>
            <dst id="SNVAng">8887.78133333333</dst>
            <dst id="STTLng">19447.6266666667</dst>
            <dst id="WASHng">108782.650666667</dst>
        </src>
        <src id="SNVAng">
            <dst id="ATLA-M5">68.5413333333333</dst>
            <dst id="ATLAng">579.864</dst>
            <dst id="CHINng">1867.77333333333</dst>
            <dst id="DNVRng">4577.73333333333</dst>
            <dst id="HSTNng">547.293333333333</dst>
            <dst id="IPLSng">3306.584</dst>
            <dst id="KSCYng">376.472</dst>
            <dst id="LOSAng">32155.088</dst>
            <dst id="NYCMng">2974.104</dst>
            <dst id="SNVAng">10892.0666666667</dst>
            <dst id="STTLng">42961.408</dst>
            <dst id="WASHng">912.573333333333</dst>
        </src>
        <src id="STTLng">
            <dst id="ATLA-M5">286.928</dst>
            <dst id="ATLAng">10687.632</dst>
            <dst id="CHINng">20266.0746666667</dst>
            <dst id="DNVRng">5038.32533333333</dst>
            <dst id="HSTNng">11022.08</dst>
            <dst id="IPLSng">7007.096</dst>
            <dst id="KSCYng">9669.12266666666</dst>
            <dst id="LOSAng">15213.7306666667</dst>
            <dst id="NYCMng">11421.6853333333</dst>
            <dst id="SNVAng">5005.976</dst>
            <dst id="STTLng">7024.13066666667</dst>
            <dst id="WASHng">9499.15733333333</dst>
        </src>
        <src id="WASHng">
            <dst id="ATLA-M5">1749.81333333333</dst>
            <dst id="ATLAng">74394.784</dst>
            <dst id="CHINng">83023.3173333333</dst>
            <dst id="DNVRng">45293.4506666667</dst>
            <dst id="HSTNng">16679.104</dst>
            <dst id="IPLSng">61057.944</dst>
            <dst id="KSCYng">13005.2826666667</dst>
            <dst id="LOSAng">131961.522666667</dst>
            <dst id="NYCMng">171676.434666667</dst>
            <dst id="SNVAng">7896.792</dst>
            <dst id="STTLng">42140.672</dst>
            <dst id="WASHng">222796.608</dst>
        </src>
    </IntraTM>
</TrafficMatrixFile>
