<?xml version="1.0" encoding="ISO-8859-1" standalone="yes"?>
<TrafficMatrixFile xsi:noNamespaceSchemaLocation="http://totem.run.montefiore.ulg.ac.be/Schema/TrafficMatrix-v1_2.xsd" xmlns:xsi="http://www.w3.org/2001/XMLSchema-instance">
    <IntraTM ASID="11537">
        <src id="ATLA-M5">
            <dst id="ATLA-M5">0</dst>
            <dst id="ATLAng">349.594666666667</dst>
            <dst id="CHINng">557.109333333333</dst>
            <dst id="DNVRng">221.96</dst>
            <dst id="HSTNng">156.357333333333</dst>
            <dst id="IPLSng">708.293333333334</dst>
            <dst id="KSCYng">175.626666666667</dst>
            <dst id="LOSAng">512.138666666667</dst>
            <dst id="NYCMng">2041.85333333333</dst>
            <dst id="SNVAng">54.176</dst>
            <dst id="STTLng">289.2</dst>
            <dst id="WASHng">1409.19466666667</dst>
        </src>
        <src id="ATLAng">
            <dst id="ATLA-M5">2007.18666666667</dst>
            <dst id="ATLAng">33281.104</dst>
            <dst id="CHINng">27675.5973333333</dst>
            <dst id="DNVRng">5978.10666666667</dst>
            <dst id="HSTNng">4761.33066666667</dst>
            <dst id="IPLSng">23761.5786666667</dst>
            <dst id="KSCYng">2142.02933333333</dst>
            <dst id="LOSAng">20809.6346666667</dst>
            <dst id="NYCMng">8507.24266666667</dst>
            <dst id="SNVAng">1508.184</dst>
            <dst id="STTLng">3830.72533333333</dst>
            <dst id="WASHng">37932.4186666667</dst>
        </src>
        <src id="CHINng">
            <dst id="ATLA-M5">2718.29066666667</dst>
            <dst id="ATLAng">23926.4693333333</dst>
            <dst id="CHINng">97761.3066666667</dst>
            <dst id="DNVRng">30169.728</dst>
            <dst id="HSTNng">51698.616</dst>
            <dst id="IPLSng">66804.232</dst>
            <dst id="KSCYng">13379.36</dst>
            <dst id="LOSAng">2034368.56</dst>
            <dst id="NYCMng">25049.3653333333</dst>
            <dst id="SNVAng">3248.464</dst>
            <dst id="STTLng">8629.648</dst>
            <dst id="WASHng">38385.9306666667</dst>
        </src>
        <src id="DNVRng">
            <dst id="ATLA-M5">252.024</dst>
            <dst id="ATLAng">9070.95466666667</dst>
            <dst id="CHINng">68345.2826666667</dst>
            <dst id="DNVRng">20680.216</dst>
            <dst id="HSTNng">21656.3546666667</dst>
            <dst id="IPLSng">39509.2133333333</dst>
            <dst id="KSCYng">17686.7973333333</dst>
            <dst id="LOSAng">7266.48266666667</dst>
            <dst id="NYCMng">15452.8933333333</dst>
            <dst id="SNVAng">10259.6693333333</dst>
            <dst id="STTLng">11253.4346666667</dst>
            <dst id="WASHng">48458.1173333333</dst>
        </src>
        <src id="HSTNng">
            <dst id="ATLA-M5">3648.21066666667</dst>
            <dst id="ATLAng">2990.992</dst>
            <dst id="CHINng">18736.576</dst>
            <dst id="DNVRng">4442.55733333333</dst>
            <dst id="HSTNng">8984.952</dst>
            <dst id="IPLSng">6195.18933333333</dst>
            <dst id="KSCYng">5381.33333333333</dst>
            <dst id="LOSAng">9633.06933333333</dst>
            <dst id="NYCMng">6836.03466666667</dst>
            <dst id="SNVAng">1946.07466666667</dst>
            <dst id="STTLng">2201.36533333333</dst>
            <dst id="WASHng">10822.9706666667</dst>
        </src>
        <src id="IPLSng">
            <dst id="ATLA-M5">1049.98133333333</dst>
            <dst id="ATLAng">19711.0453333333</dst>
            <dst id="CHINng">128486.816</dst>
            <dst id="DNVRng">23805.0533333333</dst>
            <dst id="HSTNng">8266.648</dst>
            <dst id="IPLSng">15480.9173333333</dst>
            <dst id="KSCYng">8392.93066666667</dst>
            <dst id="LOSAng">53354.9706666667</dst>
            <dst id="NYCMng">45658.5306666667</dst>
            <dst id="SNVAng">10361.56</dst>
            <dst id="STTLng">10790.552</dst>
            <dst id="WASHng">43324.6213333333</dst>
        </src>
        <src id="KSCYng">
            <dst id="ATLA-M5">451.578666666667</dst>
            <dst id="ATLAng">2461.888</dst>
            <dst id="CHINng">21477.464</dst>
            <dst id="DNVRng">10597.5973333333</dst>
            <dst id="HSTNng">4412.88</dst>
            <dst id="IPLSng">17653.3066666667</dst>
            <dst id="KSCYng">16626.3946666667</dst>
            <dst id="LOSAng">6790.23733333333</dst>
            <dst id="NYCMng">6112.22933333333</dst>
            <dst id="SNVAng">668.106666666667</dst>
            <dst id="STTLng">2444.51466666667</dst>
            <dst id="WASHng">18607.6773333333</dst>
        </src>
        <src id="LOSAng">
            <dst id="ATLA-M5">1764.19466666667</dst>
            <dst id="ATLAng">13680.9253333333</dst>
            <dst id="CHINng">1085826.34666667</dst>
            <dst id="DNVRng">13408.0026666667</dst>
            <dst id="HSTNng">14596.1706666667</dst>
            <dst id="IPLSng">61612.0613333333</dst>
            <dst id="KSCYng">12073.888</dst>
            <dst id="LOSAng">13220.0906666667</dst>
            <dst id="NYCMng">90677.2906666666</dst>
            <dst id="SNVAng">17523.3546666667</dst>
            <dst id="STTLng">29225.6</dst>
            <dst id="WASHng">95157.4186666667</dst>
        </src>
        <src id="NYCMng">
            <dst id="ATLA-M5">4595.048</dst>
            <dst id="ATLAng">31024.416</dst>
            <dst id="CHINng">46779.28</dst>
            <dst id="DNVRng">37974.192</dst>
            <dst id="HSTNng">17414.112</dst>
            <dst id="IPLSng">55467.328</dst>
            <dst id="KSCYng">26200.3386666667</dst>
            <dst id="LOSAng">78548.7066666667</dst>
            <dst id="NYCMng">186250.650666667</dst>
            <dst id="SNVAng">6904.26933333333</dst>
            <dst id="STTLng">29175.7786666667</dst>
            <dst id="WASHng">143784.528</dst>
        </src>
        <src id="SNVAng">
            <dst id="ATLA-M5">189.938666666667</dst>
            <dst id="ATLAng">105.581333333333</dst>
            <dst id="CHINng">1204.18666666667</dst>
            <dst id="DNVRng">8914.57866666667</dst>
            <dst id="HSTNng">1102.928</dst>
            <dst id="IPLSng">5961.84533333333</dst>
            <dst id="KSCYng">914.032</dst>
            <dst id="LOSAng">35921.6</dst>
            <dst id="NYCMng">1079.46666666667</dst>
            <dst id="SNVAng">19790.8533333333</dst>
            <dst id="STTLng">56556.616</dst>
            <dst id="WASHng">1138.40533333333</dst>
        </src>
        <src id="STTLng">
            <dst id="ATLA-M5">185.162666666667</dst>
            <dst id="ATLAng">8311.88266666667</dst>
            <dst id="CHINng">8858.52</dst>
            <dst id="DNVRng">4521.94666666667</dst>
            <dst id="HSTNng">7556.21866666667</dst>
            <dst id="IPLSng">8418.49333333333</dst>
            <dst id="KSCYng">6525.36533333333</dst>
            <dst id="LOSAng">22237.072</dst>
            <dst id="NYCMng">12529.8186666667</dst>
            <dst id="SNVAng">6222.21866666667</dst>
            <dst id="STTLng">7071.10666666667</dst>
            <dst id="WASHng">15582.8586666667</dst>
        </src>
        <src id="WASHng">
            <dst id="ATLA-M5">3251.44533333333</dst>
            <dst id="ATLAng">131002.872</dst>
            <dst id="CHINng">75513.76</dst>
            <dst id="DNVRng">61694.4613333333</dst>
            <dst id="HSTNng">28359.8106666667</dst>
            <dst id="IPLSng">60024.6213333333</dst>
            <dst id="KSCYng">16141.8453333333</dst>
            <dst id="LOSAng">101320.626666667</dst>
            <dst id="NYCMng">209926.482666667</dst>
            <dst id="SNVAng">16192.8106666667</dst>
            <dst id="STTLng">30187.7813333333</dst>
            <dst id="WASHng">287060.026666667</dst>
        </src>
    </IntraTM>
</TrafficMatrixFile>
