<?xml version="1.0" encoding="ISO-8859-1" standalone="yes"?>
<TrafficMatrixFile xsi:noNamespaceSchemaLocation="http://totem.run.montefiore.ulg.ac.be/Schema/TrafficMatrix-v1_2.xsd" xmlns:xsi="http://www.w3.org/2001/XMLSchema-instance">
    <IntraTM ASID="11537">
        <src id="ATLA-M5">
            <dst id="ATLA-M5">50.0826666666667</dst>
            <dst id="ATLAng">276.672</dst>
            <dst id="CHINng">163.242666666667</dst>
            <dst id="DNVRng">0</dst>
            <dst id="HSTNng">83.6053333333333</dst>
            <dst id="IPLSng">281.056</dst>
            <dst id="KSCYng">184.901333333333</dst>
            <dst id="LOSAng">361.568</dst>
            <dst id="NYCMng">301.872</dst>
            <dst id="SNVAng">0</dst>
            <dst id="STTLng">276.093333333333</dst>
            <dst id="WASHng">280.946666666667</dst>
        </src>
        <src id="ATLAng">
            <dst id="ATLA-M5">69.808</dst>
            <dst id="ATLAng">52679.232</dst>
            <dst id="CHINng">10705.4266666667</dst>
            <dst id="DNVRng">6303.65066666667</dst>
            <dst id="HSTNng">5157.82133333333</dst>
            <dst id="IPLSng">14905.4</dst>
            <dst id="KSCYng">941.376</dst>
            <dst id="LOSAng">18888.1333333333</dst>
            <dst id="NYCMng">9273.41333333333</dst>
            <dst id="SNVAng">291.866666666667</dst>
            <dst id="STTLng">4047.736</dst>
            <dst id="WASHng">32518.2986666667</dst>
        </src>
        <src id="CHINng">
            <dst id="ATLA-M5">655.066666666667</dst>
            <dst id="ATLAng">10409.5173333333</dst>
            <dst id="CHINng">101758.850666667</dst>
            <dst id="DNVRng">11255.6</dst>
            <dst id="HSTNng">49391.336</dst>
            <dst id="IPLSng">35503.7093333333</dst>
            <dst id="KSCYng">8880.50666666667</dst>
            <dst id="LOSAng">37269.6453333333</dst>
            <dst id="NYCMng">18259.912</dst>
            <dst id="SNVAng">2085.54933333333</dst>
            <dst id="STTLng">18012.4373333333</dst>
            <dst id="WASHng">27264.7813333333</dst>
        </src>
        <src id="DNVRng">
            <dst id="ATLA-M5">165.173333333333</dst>
            <dst id="ATLAng">2547.64</dst>
            <dst id="CHINng">83917.7653333333</dst>
            <dst id="DNVRng">10185.912</dst>
            <dst id="HSTNng">12219.2666666667</dst>
            <dst id="IPLSng">21321.0426666667</dst>
            <dst id="KSCYng">20497.6693333333</dst>
            <dst id="LOSAng">3179.78666666667</dst>
            <dst id="NYCMng">12052.1226666667</dst>
            <dst id="SNVAng">8440.592</dst>
            <dst id="STTLng">11405.4373333333</dst>
            <dst id="WASHng">36242.4293333333</dst>
        </src>
        <src id="HSTNng">
            <dst id="ATLA-M5">411.626666666667</dst>
            <dst id="ATLAng">1229.13866666667</dst>
            <dst id="CHINng">18080.9786666667</dst>
            <dst id="DNVRng">1423.61866666667</dst>
            <dst id="HSTNng">3566.38666666667</dst>
            <dst id="IPLSng">2834.32533333333</dst>
            <dst id="KSCYng">1088.936</dst>
            <dst id="LOSAng">3049.75733333333</dst>
            <dst id="NYCMng">3502.56</dst>
            <dst id="SNVAng">1773.67733333333</dst>
            <dst id="STTLng">3430.89066666667</dst>
            <dst id="WASHng">3105.264</dst>
        </src>
        <src id="IPLSng">
            <dst id="ATLA-M5">690.576</dst>
            <dst id="ATLAng">12296.4933333333</dst>
            <dst id="CHINng">91399.6293333333</dst>
            <dst id="DNVRng">6361.11466666667</dst>
            <dst id="HSTNng">4916.288</dst>
            <dst id="IPLSng">6929.60533333333</dst>
            <dst id="KSCYng">6159.848</dst>
            <dst id="LOSAng">29978.0053333333</dst>
            <dst id="NYCMng">27439.6506666667</dst>
            <dst id="SNVAng">1375.768</dst>
            <dst id="STTLng">12077.0213333333</dst>
            <dst id="WASHng">27062.4906666667</dst>
        </src>
        <src id="KSCYng">
            <dst id="ATLA-M5">223.258666666667</dst>
            <dst id="ATLAng">1654.37866666667</dst>
            <dst id="CHINng">23515.4826666667</dst>
            <dst id="DNVRng">9078.096</dst>
            <dst id="HSTNng">2889.176</dst>
            <dst id="IPLSng">10385.6906666667</dst>
            <dst id="KSCYng">7253.08533333333</dst>
            <dst id="LOSAng">3646.744</dst>
            <dst id="NYCMng">4137.52533333333</dst>
            <dst id="SNVAng">197.117333333333</dst>
            <dst id="STTLng">1388.90933333333</dst>
            <dst id="WASHng">18257.16</dst>
        </src>
        <src id="LOSAng">
            <dst id="ATLA-M5">1003.584</dst>
            <dst id="ATLAng">14190.6826666667</dst>
            <dst id="CHINng">77506.112</dst>
            <dst id="DNVRng">4702.24266666667</dst>
            <dst id="HSTNng">4918.584</dst>
            <dst id="IPLSng">22053.3946666667</dst>
            <dst id="KSCYng">6474.16266666667</dst>
            <dst id="LOSAng">18792.9413333333</dst>
            <dst id="NYCMng">46375.2826666667</dst>
            <dst id="SNVAng">5761.83466666667</dst>
            <dst id="STTLng">26681.2853333333</dst>
            <dst id="WASHng">73653.376</dst>
        </src>
        <src id="NYCMng">
            <dst id="ATLA-M5">1758.02933333333</dst>
            <dst id="ATLAng">12397.3306666667</dst>
            <dst id="CHINng">41417.848</dst>
            <dst id="DNVRng">31000.0453333333</dst>
            <dst id="HSTNng">8526.016</dst>
            <dst id="IPLSng">24447.2453333333</dst>
            <dst id="KSCYng">14307.5066666667</dst>
            <dst id="LOSAng">48446.4773333333</dst>
            <dst id="NYCMng">129786.629333333</dst>
            <dst id="SNVAng">3050.216</dst>
            <dst id="STTLng">25680.0826666667</dst>
            <dst id="WASHng">82166.6746666667</dst>
        </src>
        <src id="SNVAng">
            <dst id="ATLA-M5">0</dst>
            <dst id="ATLAng">97.9093333333333</dst>
            <dst id="CHINng">1345.128</dst>
            <dst id="DNVRng">13307.8773333333</dst>
            <dst id="HSTNng">129.253333333333</dst>
            <dst id="IPLSng">7420.10933333333</dst>
            <dst id="KSCYng">91.648</dst>
            <dst id="LOSAng">27308.2506666667</dst>
            <dst id="NYCMng">1137.09333333333</dst>
            <dst id="SNVAng">10980.112</dst>
            <dst id="STTLng">43042.4506666667</dst>
            <dst id="WASHng">144.517333333333</dst>
        </src>
        <src id="STTLng">
            <dst id="ATLA-M5">526.341333333333</dst>
            <dst id="ATLAng">4505.832</dst>
            <dst id="CHINng">17468.888</dst>
            <dst id="DNVRng">4183.816</dst>
            <dst id="HSTNng">3863.17333333333</dst>
            <dst id="IPLSng">4918.21866666667</dst>
            <dst id="KSCYng">2129.11466666667</dst>
            <dst id="LOSAng">18561.6826666667</dst>
            <dst id="NYCMng">7953.11466666667</dst>
            <dst id="SNVAng">3801.02666666667</dst>
            <dst id="STTLng">4870.512</dst>
            <dst id="WASHng">15633.8133333333</dst>
        </src>
        <src id="WASHng">
            <dst id="ATLA-M5">946.421333333333</dst>
            <dst id="ATLAng">53241.6506666667</dst>
            <dst id="CHINng">75859.4613333333</dst>
            <dst id="DNVRng">43606.4106666667</dst>
            <dst id="HSTNng">5256.74933333333</dst>
            <dst id="IPLSng">46731.6773333333</dst>
            <dst id="KSCYng">8962.54133333333</dst>
            <dst id="LOSAng">83901.2613333334</dst>
            <dst id="NYCMng">143749.125333333</dst>
            <dst id="SNVAng">4074.952</dst>
            <dst id="STTLng">25160.5573333333</dst>
            <dst id="WASHng">182037.416</dst>
        </src>
    </IntraTM>
</TrafficMatrixFile>
