<?xml version="1.0" encoding="ISO-8859-1" standalone="yes"?>
<TrafficMatrixFile xsi:noNamespaceSchemaLocation="http://totem.run.montefiore.ulg.ac.be/Schema/TrafficMatrix-v1_2.xsd" xmlns:xsi="http://www.w3.org/2001/XMLSchema-instance">
    <IntraTM ASID="11537">
        <src id="ATLA-M5">
            <dst id="ATLA-M5">26.6666666666667</dst>
            <dst id="ATLAng">264.149333333333</dst>
            <dst id="CHINng">329.517333333333</dst>
            <dst id="DNVRng">334.704</dst>
            <dst id="HSTNng">437.24</dst>
            <dst id="IPLSng">1218.14666666667</dst>
            <dst id="KSCYng">53.3333333333333</dst>
            <dst id="LOSAng">325.434666666667</dst>
            <dst id="NYCMng">735.688</dst>
            <dst id="SNVAng">0</dst>
            <dst id="STTLng">26.6666666666667</dst>
            <dst id="WASHng">1812.26666666667</dst>
        </src>
        <src id="ATLAng">
            <dst id="ATLA-M5">1033.58666666667</dst>
            <dst id="ATLAng">31066.1093333333</dst>
            <dst id="CHINng">21387.6693333333</dst>
            <dst id="DNVRng">5087.11733333333</dst>
            <dst id="HSTNng">6183.84</dst>
            <dst id="IPLSng">21394.1493333333</dst>
            <dst id="KSCYng">2064.776</dst>
            <dst id="LOSAng">23576.436</dst>
            <dst id="NYCMng">10567.3786666667</dst>
            <dst id="SNVAng">781.9</dst>
            <dst id="STTLng">3584.33866666667</dst>
            <dst id="WASHng">38941.1973333333</dst>
        </src>
        <src id="CHINng">
            <dst id="ATLA-M5">2296.88533333333</dst>
            <dst id="ATLAng">19515.5946666667</dst>
            <dst id="CHINng">81703.648</dst>
            <dst id="DNVRng">18503.8026666667</dst>
            <dst id="HSTNng">45217.44</dst>
            <dst id="IPLSng">72038.4586666667</dst>
            <dst id="KSCYng">19659.8186666667</dst>
            <dst id="LOSAng">2016282.16</dst>
            <dst id="NYCMng">23427.632</dst>
            <dst id="SNVAng">3822.55733333333</dst>
            <dst id="STTLng">8497.46133333333</dst>
            <dst id="WASHng">27032.4826666667</dst>
        </src>
        <src id="DNVRng">
            <dst id="ATLA-M5">384.709333333333</dst>
            <dst id="ATLAng">5645.73866666667</dst>
            <dst id="CHINng">63827.8693333333</dst>
            <dst id="DNVRng">24424.4906666667</dst>
            <dst id="HSTNng">17319.2293333333</dst>
            <dst id="IPLSng">32591.4693333333</dst>
            <dst id="KSCYng">21086.8666666667</dst>
            <dst id="LOSAng">7394.568</dst>
            <dst id="NYCMng">13635.5466666667</dst>
            <dst id="SNVAng">10357.7786666667</dst>
            <dst id="STTLng">11309.056</dst>
            <dst id="WASHng">45164.272</dst>
        </src>
        <src id="HSTNng">
            <dst id="ATLA-M5">2298.17866666667</dst>
            <dst id="ATLAng">8936.05066666667</dst>
            <dst id="CHINng">16644.8853333333</dst>
            <dst id="DNVRng">3487.96266666667</dst>
            <dst id="HSTNng">8425.232</dst>
            <dst id="IPLSng">8756.54666666667</dst>
            <dst id="KSCYng">3132.07733333333</dst>
            <dst id="LOSAng">6958.76533333333</dst>
            <dst id="NYCMng">10941.04</dst>
            <dst id="SNVAng">1006.35466666667</dst>
            <dst id="STTLng">1650.11733333333</dst>
            <dst id="WASHng">9965.248</dst>
        </src>
        <src id="IPLSng">
            <dst id="ATLA-M5">1785.31466666667</dst>
            <dst id="ATLAng">20076.1946666667</dst>
            <dst id="CHINng">112597.949333333</dst>
            <dst id="DNVRng">17484.2533333333</dst>
            <dst id="HSTNng">12570.1013333333</dst>
            <dst id="IPLSng">20729.7626666667</dst>
            <dst id="KSCYng">6942.37333333333</dst>
            <dst id="LOSAng">64419.3146666667</dst>
            <dst id="NYCMng">55444.1386666667</dst>
            <dst id="SNVAng">5102.99733333333</dst>
            <dst id="STTLng">10271.256</dst>
            <dst id="WASHng">43385.0373333333</dst>
        </src>
        <src id="KSCYng">
            <dst id="ATLA-M5">195.688</dst>
            <dst id="ATLAng">1774.96266666667</dst>
            <dst id="CHINng">16805.4586666667</dst>
            <dst id="DNVRng">10791.4613333333</dst>
            <dst id="HSTNng">5031.192</dst>
            <dst id="IPLSng">17389.1013333333</dst>
            <dst id="KSCYng">10894.968</dst>
            <dst id="LOSAng">4435.52266666667</dst>
            <dst id="NYCMng">8629.136</dst>
            <dst id="SNVAng">786.728</dst>
            <dst id="STTLng">2724.75733333333</dst>
            <dst id="WASHng">15371.7626666667</dst>
        </src>
        <src id="LOSAng">
            <dst id="ATLA-M5">2161.24266666667</dst>
            <dst id="ATLAng">22659.1493333333</dst>
            <dst id="CHINng">1070872.32</dst>
            <dst id="DNVRng">13653.5093333333</dst>
            <dst id="HSTNng">17963.4293333333</dst>
            <dst id="IPLSng">44598.304</dst>
            <dst id="KSCYng">10951.2746666667</dst>
            <dst id="LOSAng">11798.1573333333</dst>
            <dst id="NYCMng">82178.6986666667</dst>
            <dst id="SNVAng">18108.0933333333</dst>
            <dst id="STTLng">22341.8346666667</dst>
            <dst id="WASHng">91500.96</dst>
        </src>
        <src id="NYCMng">
            <dst id="ATLA-M5">2830.824</dst>
            <dst id="ATLAng">31570.3386666667</dst>
            <dst id="CHINng">42306.344</dst>
            <dst id="DNVRng">33965.256</dst>
            <dst id="HSTNng">22061.1653333333</dst>
            <dst id="IPLSng">67235.5253333333</dst>
            <dst id="KSCYng">19748.9626666667</dst>
            <dst id="LOSAng">84154.976</dst>
            <dst id="NYCMng">203283.901333333</dst>
            <dst id="SNVAng">4680.624</dst>
            <dst id="STTLng">26209.4533333333</dst>
            <dst id="WASHng">163800.437333333</dst>
        </src>
        <src id="SNVAng">
            <dst id="ATLA-M5">363.48</dst>
            <dst id="ATLAng">4309.58933333333</dst>
            <dst id="CHINng">2252.09866666667</dst>
            <dst id="DNVRng">13276.0373333333</dst>
            <dst id="HSTNng">708.837333333333</dst>
            <dst id="IPLSng">2226.27466666667</dst>
            <dst id="KSCYng">1661.87466666667</dst>
            <dst id="LOSAng">36481.24</dst>
            <dst id="NYCMng">1146.19733333333</dst>
            <dst id="SNVAng">15090.512</dst>
            <dst id="STTLng">52822.712</dst>
            <dst id="WASHng">283.202666666667</dst>
        </src>
        <src id="STTLng">
            <dst id="ATLA-M5">359.104</dst>
            <dst id="ATLAng">8084.56533333333</dst>
            <dst id="CHINng">9932.536</dst>
            <dst id="DNVRng">6441.18933333333</dst>
            <dst id="HSTNng">11756.6106666667</dst>
            <dst id="IPLSng">9972.65066666667</dst>
            <dst id="KSCYng">3912.67733333333</dst>
            <dst id="LOSAng">23320.0506666667</dst>
            <dst id="NYCMng">13882.2746666667</dst>
            <dst id="SNVAng">4370.688</dst>
            <dst id="STTLng">7078.312</dst>
            <dst id="WASHng">15354.904</dst>
        </src>
        <src id="WASHng">
            <dst id="ATLA-M5">3364.41866666667</dst>
            <dst id="ATLAng">94016.512</dst>
            <dst id="CHINng">78845.2506666666</dst>
            <dst id="DNVRng">67152.184</dst>
            <dst id="HSTNng">47333.1946666667</dst>
            <dst id="IPLSng">55190.3093333333</dst>
            <dst id="KSCYng">17009.336</dst>
            <dst id="LOSAng">107115.517333333</dst>
            <dst id="NYCMng">211929.413333333</dst>
            <dst id="SNVAng">6219.216</dst>
            <dst id="STTLng">35291.7493333333</dst>
            <dst id="WASHng">227652.941333333</dst>
        </src>
    </IntraTM>
</TrafficMatrixFile>
