<?xml version="1.0" encoding="ISO-8859-1" standalone="yes"?>
<TrafficMatrixFile xsi:noNamespaceSchemaLocation="http://totem.run.montefiore.ulg.ac.be/Schema/TrafficMatrix-v1_2.xsd" xmlns:xsi="http://www.w3.org/2001/XMLSchema-instance">
    <IntraTM ASID="11537">
        <src id="ATLA-M5">
            <dst id="ATLA-M5">52.7626666666667</dst>
            <dst id="ATLAng">80</dst>
            <dst id="CHINng">1198.46933333333</dst>
            <dst id="DNVRng">223.709333333333</dst>
            <dst id="HSTNng">125.224</dst>
            <dst id="IPLSng">1022.16266666667</dst>
            <dst id="KSCYng">53.3333333333333</dst>
            <dst id="LOSAng">415.093333333333</dst>
            <dst id="NYCMng">264.106666666667</dst>
            <dst id="SNVAng">26.6666666666667</dst>
            <dst id="STTLng">0</dst>
            <dst id="WASHng">1000.104</dst>
        </src>
        <src id="ATLAng">
            <dst id="ATLA-M5">131.853333333333</dst>
            <dst id="ATLAng">25191.9146666667</dst>
            <dst id="CHINng">18854.2053333333</dst>
            <dst id="DNVRng">3666.976</dst>
            <dst id="HSTNng">4268.60533333333</dst>
            <dst id="IPLSng">19137.88</dst>
            <dst id="KSCYng">3008.46666666667</dst>
            <dst id="LOSAng">19141.5546666667</dst>
            <dst id="NYCMng">9400.84533333333</dst>
            <dst id="SNVAng">1088.64533333333</dst>
            <dst id="STTLng">4617.94933333333</dst>
            <dst id="WASHng">37238.2666666667</dst>
        </src>
        <src id="CHINng">
            <dst id="ATLA-M5">1632.68</dst>
            <dst id="ATLAng">15199.9573333333</dst>
            <dst id="CHINng">79426.832</dst>
            <dst id="DNVRng">18157.5306666667</dst>
            <dst id="HSTNng">59458.6506666667</dst>
            <dst id="IPLSng">79359.5546666667</dst>
            <dst id="KSCYng">20523.9893333333</dst>
            <dst id="LOSAng">2044245.86666667</dst>
            <dst id="NYCMng">21529.8906666667</dst>
            <dst id="SNVAng">3321.41066666667</dst>
            <dst id="STTLng">15616.7733333333</dst>
            <dst id="WASHng">37604.1653333333</dst>
        </src>
        <src id="DNVRng">
            <dst id="ATLA-M5">635.010666666667</dst>
            <dst id="ATLAng">7579.12</dst>
            <dst id="CHINng">73545.2506666666</dst>
            <dst id="DNVRng">20271.6773333333</dst>
            <dst id="HSTNng">15894.8906666667</dst>
            <dst id="IPLSng">33748.208</dst>
            <dst id="KSCYng">16576.9546666667</dst>
            <dst id="LOSAng">9666.704</dst>
            <dst id="NYCMng">18918.5706666667</dst>
            <dst id="SNVAng">9981.11466666667</dst>
            <dst id="STTLng">9562.12266666667</dst>
            <dst id="WASHng">40340.832</dst>
        </src>
        <src id="HSTNng">
            <dst id="ATLA-M5">3132.88266666667</dst>
            <dst id="ATLAng">2293.01333333333</dst>
            <dst id="CHINng">24168.2186666667</dst>
            <dst id="DNVRng">2504.38133333333</dst>
            <dst id="HSTNng">7822.60533333333</dst>
            <dst id="IPLSng">8905.28266666667</dst>
            <dst id="KSCYng">5220.47466666667</dst>
            <dst id="LOSAng">8255.84266666667</dst>
            <dst id="NYCMng">3780.016</dst>
            <dst id="SNVAng">772.6</dst>
            <dst id="STTLng">1781.85866666667</dst>
            <dst id="WASHng">18037.472</dst>
        </src>
        <src id="IPLSng">
            <dst id="ATLA-M5">956.037333333333</dst>
            <dst id="ATLAng">14799.8346666667</dst>
            <dst id="CHINng">103975.629333333</dst>
            <dst id="DNVRng">34229.432</dst>
            <dst id="HSTNng">24115.5013333333</dst>
            <dst id="IPLSng">19904.976</dst>
            <dst id="KSCYng">9047.24</dst>
            <dst id="LOSAng">69990.3066666667</dst>
            <dst id="NYCMng">71380.2426666667</dst>
            <dst id="SNVAng">2270.21866666667</dst>
            <dst id="STTLng">9079.68533333333</dst>
            <dst id="WASHng">38070.4053333333</dst>
        </src>
        <src id="KSCYng">
            <dst id="ATLA-M5">324.68</dst>
            <dst id="ATLAng">2237.29333333333</dst>
            <dst id="CHINng">21343.4666666667</dst>
            <dst id="DNVRng">10896.4533333333</dst>
            <dst id="HSTNng">3734.66133333333</dst>
            <dst id="IPLSng">11166.6346666667</dst>
            <dst id="KSCYng">5896.83733333333</dst>
            <dst id="LOSAng">6352.41866666667</dst>
            <dst id="NYCMng">5888.03733333333</dst>
            <dst id="SNVAng">674.298666666667</dst>
            <dst id="STTLng">1922.82133333333</dst>
            <dst id="WASHng">12861.9466666667</dst>
        </src>
        <src id="LOSAng">
            <dst id="ATLA-M5">2019.048</dst>
            <dst id="ATLAng">16654.5226666667</dst>
            <dst id="CHINng">1073175.17333333</dst>
            <dst id="DNVRng">12238.144</dst>
            <dst id="HSTNng">8313.26666666667</dst>
            <dst id="IPLSng">44881.7173333333</dst>
            <dst id="KSCYng">12972.552</dst>
            <dst id="LOSAng">14310.2346666667</dst>
            <dst id="NYCMng">82831.4986666667</dst>
            <dst id="SNVAng">9035.536</dst>
            <dst id="STTLng">21652.904</dst>
            <dst id="WASHng">93249.9306666667</dst>
        </src>
        <src id="NYCMng">
            <dst id="ATLA-M5">2296.75466666667</dst>
            <dst id="ATLAng">28039.7013333333</dst>
            <dst id="CHINng">44164.9413333333</dst>
            <dst id="DNVRng">29813.4746666667</dst>
            <dst id="HSTNng">18122.136</dst>
            <dst id="IPLSng">64899.7973333333</dst>
            <dst id="KSCYng">16052.2426666667</dst>
            <dst id="LOSAng">79375.5226666667</dst>
            <dst id="NYCMng">159881.925333333</dst>
            <dst id="SNVAng">2778.35466666667</dst>
            <dst id="STTLng">22881.0506666667</dst>
            <dst id="WASHng">139356.36</dst>
        </src>
        <src id="SNVAng">
            <dst id="ATLA-M5">368.248</dst>
            <dst id="ATLAng">130.536</dst>
            <dst id="CHINng">1036.61066666667</dst>
            <dst id="DNVRng">5053.25066666667</dst>
            <dst id="HSTNng">766.498666666667</dst>
            <dst id="IPLSng">5093.6</dst>
            <dst id="KSCYng">5285.864</dst>
            <dst id="LOSAng">32467.4293333333</dst>
            <dst id="NYCMng">988.285333333333</dst>
            <dst id="SNVAng">14478.5173333333</dst>
            <dst id="STTLng">51661.8426666667</dst>
            <dst id="WASHng">151.826666666667</dst>
        </src>
        <src id="STTLng">
            <dst id="ATLA-M5">110.597333333333</dst>
            <dst id="ATLAng">8846.68266666667</dst>
            <dst id="CHINng">10999.7253333333</dst>
            <dst id="DNVRng">3442.112</dst>
            <dst id="HSTNng">6447.58133333333</dst>
            <dst id="IPLSng">7439.52</dst>
            <dst id="KSCYng">2919.472</dst>
            <dst id="LOSAng">20975.0906666667</dst>
            <dst id="NYCMng">4674.45866666667</dst>
            <dst id="SNVAng">3435.51466666667</dst>
            <dst id="STTLng">4109.81866666667</dst>
            <dst id="WASHng">7457.064</dst>
        </src>
        <src id="WASHng">
            <dst id="ATLA-M5">2238.456</dst>
            <dst id="ATLAng">72398.5866666667</dst>
            <dst id="CHINng">91102.3333333333</dst>
            <dst id="DNVRng">57638.448</dst>
            <dst id="HSTNng">29290.1253333333</dst>
            <dst id="IPLSng">46922.9733333333</dst>
            <dst id="KSCYng">28534.2106666667</dst>
            <dst id="LOSAng">123070.344</dst>
            <dst id="NYCMng">191888.088</dst>
            <dst id="SNVAng">4854.168</dst>
            <dst id="STTLng">37266.6533333333</dst>
            <dst id="WASHng">292198.4</dst>
        </src>
    </IntraTM>
</TrafficMatrixFile>
