<?xml version="1.0" encoding="ISO-8859-1" standalone="yes"?>
<TrafficMatrixFile xsi:noNamespaceSchemaLocation="http://totem.run.montefiore.ulg.ac.be/Schema/TrafficMatrix-v1_2.xsd" xmlns:xsi="http://www.w3.org/2001/XMLSchema-instance">
    <IntraTM ASID="11537">
        <src id="ATLA-M5">
            <dst id="ATLA-M5">103.794666666667</dst>
            <dst id="ATLAng">118.544</dst>
            <dst id="CHINng">168.714666666667</dst>
            <dst id="DNVRng">67.0373333333333</dst>
            <dst id="HSTNng">217.058666666667</dst>
            <dst id="IPLSng">400.928</dst>
            <dst id="KSCYng">1529.56533333333</dst>
            <dst id="LOSAng">179.613333333333</dst>
            <dst id="NYCMng">53.3333333333333</dst>
            <dst id="SNVAng">0</dst>
            <dst id="STTLng">26.6666666666667</dst>
            <dst id="WASHng">401.130666666667</dst>
        </src>
        <src id="ATLAng">
            <dst id="ATLA-M5">681.461333333333</dst>
            <dst id="ATLAng">33626.536</dst>
            <dst id="CHINng">15769.328</dst>
            <dst id="DNVRng">4155.344</dst>
            <dst id="HSTNng">5337.2</dst>
            <dst id="IPLSng">32608.2106666667</dst>
            <dst id="KSCYng">1838.36266666667</dst>
            <dst id="LOSAng">17916.4853333333</dst>
            <dst id="NYCMng">5568.55466666667</dst>
            <dst id="SNVAng">589.648</dst>
            <dst id="STTLng">4447.408</dst>
            <dst id="WASHng">24806.856</dst>
        </src>
        <src id="CHINng">
            <dst id="ATLA-M5">770.808</dst>
            <dst id="ATLAng">12107.2213333333</dst>
            <dst id="CHINng">97635.0826666667</dst>
            <dst id="DNVRng">18847.9706666667</dst>
            <dst id="HSTNng">51279.1333333333</dst>
            <dst id="IPLSng">59873.2346666666</dst>
            <dst id="KSCYng">18177.6053333333</dst>
            <dst id="LOSAng">2062314.05333333</dst>
            <dst id="NYCMng">18854.5706666667</dst>
            <dst id="SNVAng">2711.22133333333</dst>
            <dst id="STTLng">12702.2693333333</dst>
            <dst id="WASHng">19151.224</dst>
        </src>
        <src id="DNVRng">
            <dst id="ATLA-M5">247.248</dst>
            <dst id="ATLAng">5947.52266666667</dst>
            <dst id="CHINng">70516.224</dst>
            <dst id="DNVRng">17069.256</dst>
            <dst id="HSTNng">18559.4933333333</dst>
            <dst id="IPLSng">33023.2346666667</dst>
            <dst id="KSCYng">18702.176</dst>
            <dst id="LOSAng">15447.12</dst>
            <dst id="NYCMng">21776.2933333333</dst>
            <dst id="SNVAng">2552.88266666667</dst>
            <dst id="STTLng">12374.8346666667</dst>
            <dst id="WASHng">45248.7173333333</dst>
        </src>
        <src id="HSTNng">
            <dst id="ATLA-M5">5452.09066666667</dst>
            <dst id="ATLAng">1911.08533333333</dst>
            <dst id="CHINng">20352.8</dst>
            <dst id="DNVRng">1312.45066666667</dst>
            <dst id="HSTNng">9722.528</dst>
            <dst id="IPLSng">13361.6186666667</dst>
            <dst id="KSCYng">2325.096</dst>
            <dst id="LOSAng">7560.30933333333</dst>
            <dst id="NYCMng">2746.74666666667</dst>
            <dst id="SNVAng">1869.768</dst>
            <dst id="STTLng">2661.89333333333</dst>
            <dst id="WASHng">7105.29866666667</dst>
        </src>
        <src id="IPLSng">
            <dst id="ATLA-M5">677.253333333333</dst>
            <dst id="ATLAng">15119.296</dst>
            <dst id="CHINng">101206.882666667</dst>
            <dst id="DNVRng">23034.5146666667</dst>
            <dst id="HSTNng">8900.49333333333</dst>
            <dst id="IPLSng">25206.024</dst>
            <dst id="KSCYng">12557.472</dst>
            <dst id="LOSAng">62800.864</dst>
            <dst id="NYCMng">71961.232</dst>
            <dst id="SNVAng">3831.58666666667</dst>
            <dst id="STTLng">8336.488</dst>
            <dst id="WASHng">50198.0693333333</dst>
        </src>
        <src id="KSCYng">
            <dst id="ATLA-M5">1168.464</dst>
            <dst id="ATLAng">2647.896</dst>
            <dst id="CHINng">30170.4186666667</dst>
            <dst id="DNVRng">9726.112</dst>
            <dst id="HSTNng">3682.26666666667</dst>
            <dst id="IPLSng">21395.1546666667</dst>
            <dst id="KSCYng">9798.61066666667</dst>
            <dst id="LOSAng">5445.01066666667</dst>
            <dst id="NYCMng">6583.28</dst>
            <dst id="SNVAng">2696.40266666667</dst>
            <dst id="STTLng">1706.12266666667</dst>
            <dst id="WASHng">14518.5973333333</dst>
        </src>
        <src id="LOSAng">
            <dst id="ATLA-M5">1441.85333333333</dst>
            <dst id="ATLAng">14890.5706666667</dst>
            <dst id="CHINng">1077019.49333333</dst>
            <dst id="DNVRng">11036.056</dst>
            <dst id="HSTNng">8965.37866666667</dst>
            <dst id="IPLSng">36855.3013333333</dst>
            <dst id="KSCYng">10082.3706666667</dst>
            <dst id="LOSAng">13040.7386666667</dst>
            <dst id="NYCMng">65554.7946666667</dst>
            <dst id="SNVAng">11705.5573333333</dst>
            <dst id="STTLng">24498.1626666667</dst>
            <dst id="WASHng">82517.6586666667</dst>
        </src>
        <src id="NYCMng">
            <dst id="ATLA-M5">965.685333333333</dst>
            <dst id="ATLAng">22754.6</dst>
            <dst id="CHINng">50466.6666666667</dst>
            <dst id="DNVRng">29273.8426666667</dst>
            <dst id="HSTNng">19126.88</dst>
            <dst id="IPLSng">70572.8053333333</dst>
            <dst id="KSCYng">15854.0053333333</dst>
            <dst id="LOSAng">79379.552</dst>
            <dst id="NYCMng">156932.245333333</dst>
            <dst id="SNVAng">4584.816</dst>
            <dst id="STTLng">40068.1333333333</dst>
            <dst id="WASHng">135354.872</dst>
        </src>
        <src id="SNVAng">
            <dst id="ATLA-M5">254.834666666667</dst>
            <dst id="ATLAng">70.4506666666667</dst>
            <dst id="CHINng">3379.072</dst>
            <dst id="DNVRng">4991.16533333333</dst>
            <dst id="HSTNng">682.997333333333</dst>
            <dst id="IPLSng">640.442666666667</dst>
            <dst id="KSCYng">5040.50933333333</dst>
            <dst id="LOSAng">33608.6986666667</dst>
            <dst id="NYCMng">1201.832</dst>
            <dst id="SNVAng">12488.744</dst>
            <dst id="STTLng">57550.9573333333</dst>
            <dst id="WASHng">205.76</dst>
        </src>
        <src id="STTLng">
            <dst id="ATLA-M5">375.952</dst>
            <dst id="ATLAng">7144.27466666667</dst>
            <dst id="CHINng">19043.6133333333</dst>
            <dst id="DNVRng">12110.4693333333</dst>
            <dst id="HSTNng">5552.61066666666</dst>
            <dst id="IPLSng">7787.72533333333</dst>
            <dst id="KSCYng">2838.944</dst>
            <dst id="LOSAng">16288.6613333333</dst>
            <dst id="NYCMng">5117.056</dst>
            <dst id="SNVAng">5336.53333333333</dst>
            <dst id="STTLng">4524.57066666667</dst>
            <dst id="WASHng">9634.944</dst>
        </src>
        <src id="WASHng">
            <dst id="ATLA-M5">3945.38133333333</dst>
            <dst id="ATLAng">51039.6053333333</dst>
            <dst id="CHINng">78672.3706666666</dst>
            <dst id="DNVRng">53616.4853333333</dst>
            <dst id="HSTNng">16378.744</dst>
            <dst id="IPLSng">54258.08</dst>
            <dst id="KSCYng">28918.232</dst>
            <dst id="LOSAng">121164.434666667</dst>
            <dst id="NYCMng">182112.792</dst>
            <dst id="SNVAng">5379.38933333333</dst>
            <dst id="STTLng">39204.528</dst>
            <dst id="WASHng">262788.568</dst>
        </src>
    </IntraTM>
</TrafficMatrixFile>
