<?xml version="1.0" encoding="ISO-8859-1" standalone="yes"?>
<TrafficMatrixFile xsi:noNamespaceSchemaLocation="http://totem.run.montefiore.ulg.ac.be/Schema/TrafficMatrix-v1_2.xsd" xmlns:xsi="http://www.w3.org/2001/XMLSchema-instance">
    <IntraTM ASID="11537">
        <src id="ATLA-M5">
            <dst id="ATLA-M5">54.5706666666667</dst>
            <dst id="ATLAng">71.04</dst>
            <dst id="CHINng">213.618666666667</dst>
            <dst id="DNVRng">26.6666666666667</dst>
            <dst id="HSTNng">78.5893333333333</dst>
            <dst id="IPLSng">2469.65866666667</dst>
            <dst id="KSCYng">1112.20266666667</dst>
            <dst id="LOSAng">80</dst>
            <dst id="NYCMng">107.466666666667</dst>
            <dst id="SNVAng">0</dst>
            <dst id="STTLng">80</dst>
            <dst id="WASHng">242.349333333333</dst>
        </src>
        <src id="ATLAng">
            <dst id="ATLA-M5">263.088</dst>
            <dst id="ATLAng">26398.832</dst>
            <dst id="CHINng">15910.592</dst>
            <dst id="DNVRng">3272.008</dst>
            <dst id="HSTNng">1561.95733333333</dst>
            <dst id="IPLSng">13399.6853333333</dst>
            <dst id="KSCYng">2223.40533333333</dst>
            <dst id="LOSAng">27294.088</dst>
            <dst id="NYCMng">10669.1146666667</dst>
            <dst id="SNVAng">1103.032</dst>
            <dst id="STTLng">5761.89333333333</dst>
            <dst id="WASHng">34490.3466666667</dst>
        </src>
        <src id="CHINng">
            <dst id="ATLA-M5">1058.07466666667</dst>
            <dst id="ATLAng">11785.816</dst>
            <dst id="CHINng">110968.544</dst>
            <dst id="DNVRng">17244.76</dst>
            <dst id="HSTNng">43449.76</dst>
            <dst id="IPLSng">32954.6853333333</dst>
            <dst id="KSCYng">10879.3093333333</dst>
            <dst id="LOSAng">53425.4586666667</dst>
            <dst id="NYCMng">18263.848</dst>
            <dst id="SNVAng">1376.128</dst>
            <dst id="STTLng">11651.0186666667</dst>
            <dst id="WASHng">29561.8186666667</dst>
        </src>
        <src id="DNVRng">
            <dst id="ATLA-M5">28.568</dst>
            <dst id="ATLAng">4930.61333333333</dst>
            <dst id="CHINng">69092.9466666667</dst>
            <dst id="DNVRng">4798.18133333333</dst>
            <dst id="HSTNng">12746.904</dst>
            <dst id="IPLSng">31980.1013333333</dst>
            <dst id="KSCYng">8605.336</dst>
            <dst id="LOSAng">5621.13333333333</dst>
            <dst id="NYCMng">16220.144</dst>
            <dst id="SNVAng">6850.544</dst>
            <dst id="STTLng">6561.768</dst>
            <dst id="WASHng">45122.848</dst>
        </src>
        <src id="HSTNng">
            <dst id="ATLA-M5">194.741333333333</dst>
            <dst id="ATLAng">2384.968</dst>
            <dst id="CHINng">21370.1626666667</dst>
            <dst id="DNVRng">1391.66666666667</dst>
            <dst id="HSTNng">4687.35466666667</dst>
            <dst id="IPLSng">1865.496</dst>
            <dst id="KSCYng">1536.048</dst>
            <dst id="LOSAng">3415.21866666667</dst>
            <dst id="NYCMng">3996.70666666667</dst>
            <dst id="SNVAng">223.464</dst>
            <dst id="STTLng">1027.872</dst>
            <dst id="WASHng">3210.392</dst>
        </src>
        <src id="IPLSng">
            <dst id="ATLA-M5">502.714666666667</dst>
            <dst id="ATLAng">15050.144</dst>
            <dst id="CHINng">88078.288</dst>
            <dst id="DNVRng">35691.0666666667</dst>
            <dst id="HSTNng">2283.58933333333</dst>
            <dst id="IPLSng">8169.536</dst>
            <dst id="KSCYng">8892.72533333333</dst>
            <dst id="LOSAng">25119.28</dst>
            <dst id="NYCMng">21160.5093333333</dst>
            <dst id="SNVAng">1424.53066666667</dst>
            <dst id="STTLng">20039.736</dst>
            <dst id="WASHng">30606.0213333333</dst>
        </src>
        <src id="KSCYng">
            <dst id="ATLA-M5">65.176</dst>
            <dst id="ATLAng">1995.86666666667</dst>
            <dst id="CHINng">22563.2613333333</dst>
            <dst id="DNVRng">15847.9226666667</dst>
            <dst id="HSTNng">3301.22666666667</dst>
            <dst id="IPLSng">15982.5706666667</dst>
            <dst id="KSCYng">7990.464</dst>
            <dst id="LOSAng">6550.488</dst>
            <dst id="NYCMng">3581.70666666667</dst>
            <dst id="SNVAng">830.426666666667</dst>
            <dst id="STTLng">2467.704</dst>
            <dst id="WASHng">9916.45333333333</dst>
        </src>
        <src id="LOSAng">
            <dst id="ATLA-M5">1075.176</dst>
            <dst id="ATLAng">7789.68</dst>
            <dst id="CHINng">72028.064</dst>
            <dst id="DNVRng">6115.73333333333</dst>
            <dst id="HSTNng">3803.93333333333</dst>
            <dst id="IPLSng">21721.736</dst>
            <dst id="KSCYng">7667.92266666667</dst>
            <dst id="LOSAng">10341.928</dst>
            <dst id="NYCMng">44289.2186666667</dst>
            <dst id="SNVAng">13467.2826666667</dst>
            <dst id="STTLng">19769.68</dst>
            <dst id="WASHng">131394.805333333</dst>
        </src>
        <src id="NYCMng">
            <dst id="ATLA-M5">1044.10933333333</dst>
            <dst id="ATLAng">21781</dst>
            <dst id="CHINng">50948.856</dst>
            <dst id="DNVRng">42629.6826666667</dst>
            <dst id="HSTNng">7494.552</dst>
            <dst id="IPLSng">33916.4</dst>
            <dst id="KSCYng">14325.0986666667</dst>
            <dst id="LOSAng">49518.792</dst>
            <dst id="NYCMng">120735.290666667</dst>
            <dst id="SNVAng">3535.256</dst>
            <dst id="STTLng">19960.9386666667</dst>
            <dst id="WASHng">117877.106666667</dst>
        </src>
        <src id="SNVAng">
            <dst id="ATLA-M5">0</dst>
            <dst id="ATLAng">177.045333333333</dst>
            <dst id="CHINng">1418.63733333333</dst>
            <dst id="DNVRng">4330.74933333333</dst>
            <dst id="HSTNng">90.5333333333333</dst>
            <dst id="IPLSng">1113.99733333333</dst>
            <dst id="KSCYng">53.3333333333333</dst>
            <dst id="LOSAng">38233.9466666667</dst>
            <dst id="NYCMng">418.221333333333</dst>
            <dst id="SNVAng">15507.384</dst>
            <dst id="STTLng">61563.528</dst>
            <dst id="WASHng">291.765333333333</dst>
        </src>
        <src id="STTLng">
            <dst id="ATLA-M5">90.568</dst>
            <dst id="ATLAng">6884.86666666667</dst>
            <dst id="CHINng">16061.4053333333</dst>
            <dst id="DNVRng">2038.70133333333</dst>
            <dst id="HSTNng">10304.9786666667</dst>
            <dst id="IPLSng">6015.47466666667</dst>
            <dst id="KSCYng">6193.43733333333</dst>
            <dst id="LOSAng">12544.392</dst>
            <dst id="NYCMng">6300.49333333333</dst>
            <dst id="SNVAng">1899.48266666667</dst>
            <dst id="STTLng">2887.272</dst>
            <dst id="WASHng">5029.064</dst>
        </src>
        <src id="WASHng">
            <dst id="ATLA-M5">671.552</dst>
            <dst id="ATLAng">109943.528</dst>
            <dst id="CHINng">66382.5306666667</dst>
            <dst id="DNVRng">48366.856</dst>
            <dst id="HSTNng">21264.088</dst>
            <dst id="IPLSng">49975.2613333333</dst>
            <dst id="KSCYng">12038.5226666667</dst>
            <dst id="LOSAng">96738.328</dst>
            <dst id="NYCMng">145754.314666667</dst>
            <dst id="SNVAng">3174.78666666667</dst>
            <dst id="STTLng">34427.9493333333</dst>
            <dst id="WASHng">233399.189333333</dst>
        </src>
    </IntraTM>
</TrafficMatrixFile>
