<?xml version="1.0" encoding="ISO-8859-1" standalone="yes"?>
<TrafficMatrixFile xsi:noNamespaceSchemaLocation="http://totem.run.montefiore.ulg.ac.be/Schema/TrafficMatrix-v1_2.xsd" xmlns:xsi="http://www.w3.org/2001/XMLSchema-instance">
    <IntraTM ASID="11537">
        <src id="ATLA-M5">
            <dst id="ATLA-M5">31.1893333333333</dst>
            <dst id="ATLAng">81.44</dst>
            <dst id="CHINng">1049.176</dst>
            <dst id="DNVRng">161.925333333333</dst>
            <dst id="HSTNng">174.930666666667</dst>
            <dst id="IPLSng">1173.29866666667</dst>
            <dst id="KSCYng">114.485333333333</dst>
            <dst id="LOSAng">255.962666666667</dst>
            <dst id="NYCMng">615.666666666667</dst>
            <dst id="SNVAng">26.6666666666667</dst>
            <dst id="STTLng">80</dst>
            <dst id="WASHng">1316.20266666667</dst>
        </src>
        <src id="ATLAng">
            <dst id="ATLA-M5">1446.07733333333</dst>
            <dst id="ATLAng">56544.2186666666</dst>
            <dst id="CHINng">18599.1813333333</dst>
            <dst id="DNVRng">5916.98666666666</dst>
            <dst id="HSTNng">4134.16533333333</dst>
            <dst id="IPLSng">20156.184</dst>
            <dst id="KSCYng">2271.98933333333</dst>
            <dst id="LOSAng">22475.7146666667</dst>
            <dst id="NYCMng">12593.456</dst>
            <dst id="SNVAng">772.349333333334</dst>
            <dst id="STTLng">4215.032</dst>
            <dst id="WASHng">45968.1253333333</dst>
        </src>
        <src id="CHINng">
            <dst id="ATLA-M5">2422.95733333333</dst>
            <dst id="ATLAng">16774.3573333333</dst>
            <dst id="CHINng">86153.256</dst>
            <dst id="DNVRng">20824.032</dst>
            <dst id="HSTNng">46374.1226666667</dst>
            <dst id="IPLSng">65133.7626666667</dst>
            <dst id="KSCYng">12887.4853333333</dst>
            <dst id="LOSAng">2048039.94666667</dst>
            <dst id="NYCMng">27225.648</dst>
            <dst id="SNVAng">3944.33066666667</dst>
            <dst id="STTLng">8849.904</dst>
            <dst id="WASHng">32305.8453333333</dst>
        </src>
        <src id="DNVRng">
            <dst id="ATLA-M5">244.392</dst>
            <dst id="ATLAng">7409.408</dst>
            <dst id="CHINng">58070.608</dst>
            <dst id="DNVRng">22376.3546666667</dst>
            <dst id="HSTNng">17369.5173333333</dst>
            <dst id="IPLSng">31184.5013333333</dst>
            <dst id="KSCYng">18009.9226666667</dst>
            <dst id="LOSAng">7320.77333333333</dst>
            <dst id="NYCMng">14268.6026666667</dst>
            <dst id="SNVAng">9493.68266666667</dst>
            <dst id="STTLng">8811.368</dst>
            <dst id="WASHng">43851.872</dst>
        </src>
        <src id="HSTNng">
            <dst id="ATLA-M5">645.208</dst>
            <dst id="ATLAng">3149.26133333333</dst>
            <dst id="CHINng">19528.96</dst>
            <dst id="DNVRng">3115.36266666667</dst>
            <dst id="HSTNng">8408.64266666666</dst>
            <dst id="IPLSng">8028.43733333333</dst>
            <dst id="KSCYng">3127.90666666667</dst>
            <dst id="LOSAng">8256.344</dst>
            <dst id="NYCMng">5928.408</dst>
            <dst id="SNVAng">1192.46666666667</dst>
            <dst id="STTLng">2700.08533333333</dst>
            <dst id="WASHng">9823.86133333333</dst>
        </src>
        <src id="IPLSng">
            <dst id="ATLA-M5">2331.4</dst>
            <dst id="ATLAng">23313.832</dst>
            <dst id="CHINng">126990.216</dst>
            <dst id="DNVRng">21838.68</dst>
            <dst id="HSTNng">6708.168</dst>
            <dst id="IPLSng">23226.816</dst>
            <dst id="KSCYng">7161.752</dst>
            <dst id="LOSAng">58670.8586666667</dst>
            <dst id="NYCMng">47920.2853333333</dst>
            <dst id="SNVAng">5107.01333333333</dst>
            <dst id="STTLng">11868.0533333333</dst>
            <dst id="WASHng">40724.7226666667</dst>
        </src>
        <src id="KSCYng">
            <dst id="ATLA-M5">460.016</dst>
            <dst id="ATLAng">2332.33066666667</dst>
            <dst id="CHINng">19710.7066666667</dst>
            <dst id="DNVRng">8665.49333333333</dst>
            <dst id="HSTNng">5357.85066666667</dst>
            <dst id="IPLSng">16601.344</dst>
            <dst id="KSCYng">10837.4666666667</dst>
            <dst id="LOSAng">4815.488</dst>
            <dst id="NYCMng">8132.93866666667</dst>
            <dst id="SNVAng">1319.08266666667</dst>
            <dst id="STTLng">1589.8</dst>
            <dst id="WASHng">13353.944</dst>
        </src>
        <src id="LOSAng">
            <dst id="ATLA-M5">1113.816</dst>
            <dst id="ATLAng">32476.624</dst>
            <dst id="CHINng">1071144.90666667</dst>
            <dst id="DNVRng">15654.3253333333</dst>
            <dst id="HSTNng">35708.328</dst>
            <dst id="IPLSng">38746.5226666667</dst>
            <dst id="KSCYng">12223.6266666667</dst>
            <dst id="LOSAng">12217.704</dst>
            <dst id="NYCMng">80114.4906666667</dst>
            <dst id="SNVAng">14138.2</dst>
            <dst id="STTLng">25463.1866666667</dst>
            <dst id="WASHng">89720.3013333333</dst>
        </src>
        <src id="NYCMng">
            <dst id="ATLA-M5">2200.51733333333</dst>
            <dst id="ATLAng">34611.4186666667</dst>
            <dst id="CHINng">47021.344</dst>
            <dst id="DNVRng">41698.616</dst>
            <dst id="HSTNng">20514.856</dst>
            <dst id="IPLSng">75119.1306666666</dst>
            <dst id="KSCYng">23281.608</dst>
            <dst id="LOSAng">79707.9386666667</dst>
            <dst id="NYCMng">200319.493333333</dst>
            <dst id="SNVAng">3716.93066666667</dst>
            <dst id="STTLng">20822.424</dst>
            <dst id="WASHng">152129.130666667</dst>
        </src>
        <src id="SNVAng">
            <dst id="ATLA-M5">230.237333333333</dst>
            <dst id="ATLAng">279.584</dst>
            <dst id="CHINng">1424.96</dst>
            <dst id="DNVRng">13232.6586666667</dst>
            <dst id="HSTNng">372.245333333333</dst>
            <dst id="IPLSng">10410.8746666667</dst>
            <dst id="KSCYng">2151.50133333333</dst>
            <dst id="LOSAng">36615.1813333333</dst>
            <dst id="NYCMng">2194.74133333333</dst>
            <dst id="SNVAng">16243.9546666667</dst>
            <dst id="STTLng">53335.2106666667</dst>
            <dst id="WASHng">330.557333333333</dst>
        </src>
        <src id="STTLng">
            <dst id="ATLA-M5">215.650666666667</dst>
            <dst id="ATLAng">8735.84266666667</dst>
            <dst id="CHINng">16050.0853333333</dst>
            <dst id="DNVRng">21579.1733333333</dst>
            <dst id="HSTNng">7965.304</dst>
            <dst id="IPLSng">9169.74666666667</dst>
            <dst id="KSCYng">5591.12</dst>
            <dst id="LOSAng">25261.7386666667</dst>
            <dst id="NYCMng">10380.472</dst>
            <dst id="SNVAng">4774.33333333333</dst>
            <dst id="STTLng">9357.696</dst>
            <dst id="WASHng">12941.5173333333</dst>
        </src>
        <src id="WASHng">
            <dst id="ATLA-M5">1982.85333333333</dst>
            <dst id="ATLAng">87524.5306666667</dst>
            <dst id="CHINng">86523.3786666667</dst>
            <dst id="DNVRng">47942.6186666667</dst>
            <dst id="HSTNng">43561.5173333333</dst>
            <dst id="IPLSng">58325.432</dst>
            <dst id="KSCYng">14233.2186666667</dst>
            <dst id="LOSAng">102587.688</dst>
            <dst id="NYCMng">170478.858666667</dst>
            <dst id="SNVAng">5909.09866666667</dst>
            <dst id="STTLng">25232.3413333333</dst>
            <dst id="WASHng">242771.154666667</dst>
        </src>
    </IntraTM>
</TrafficMatrixFile>
