<?xml version="1.0" encoding="ISO-8859-1" standalone="yes"?>
<TrafficMatrixFile xsi:noNamespaceSchemaLocation="http://totem.run.montefiore.ulg.ac.be/Schema/TrafficMatrix-v1_2.xsd" xmlns:xsi="http://www.w3.org/2001/XMLSchema-instance">
    <IntraTM ASID="11537">
        <src id="ATLA-M5">
            <dst id="ATLA-M5">26.6666666666667</dst>
            <dst id="ATLAng">348.786666666667</dst>
            <dst id="CHINng">2153.008</dst>
            <dst id="DNVRng">106.666666666667</dst>
            <dst id="HSTNng">254.885333333333</dst>
            <dst id="IPLSng">960.530666666667</dst>
            <dst id="KSCYng">179.618666666667</dst>
            <dst id="LOSAng">899.346666666667</dst>
            <dst id="NYCMng">106.837333333333</dst>
            <dst id="SNVAng">546.506666666667</dst>
            <dst id="STTLng">105.813333333333</dst>
            <dst id="WASHng">1456.29333333333</dst>
        </src>
        <src id="ATLAng">
            <dst id="ATLA-M5">306.589333333333</dst>
            <dst id="ATLAng">24376.296</dst>
            <dst id="CHINng">26826.8693333333</dst>
            <dst id="DNVRng">3718.93866666667</dst>
            <dst id="HSTNng">2425.08266666667</dst>
            <dst id="IPLSng">27808.3066666667</dst>
            <dst id="KSCYng">3651.66933333333</dst>
            <dst id="LOSAng">23805.7733333333</dst>
            <dst id="NYCMng">14968.4133333333</dst>
            <dst id="SNVAng">655.896</dst>
            <dst id="STTLng">5989.84</dst>
            <dst id="WASHng">33664.056</dst>
        </src>
        <src id="CHINng">
            <dst id="ATLA-M5">1242.06133333333</dst>
            <dst id="ATLAng">37252.016</dst>
            <dst id="CHINng">84310.232</dst>
            <dst id="DNVRng">24602.112</dst>
            <dst id="HSTNng">54592.1493333333</dst>
            <dst id="IPLSng">53332.3733333333</dst>
            <dst id="KSCYng">24581.024</dst>
            <dst id="LOSAng">77239.0666666667</dst>
            <dst id="NYCMng">27374.8453333333</dst>
            <dst id="SNVAng">5387.26933333333</dst>
            <dst id="STTLng">10508.0106666667</dst>
            <dst id="WASHng">25941.4133333333</dst>
        </src>
        <src id="DNVRng">
            <dst id="ATLA-M5">196.410666666667</dst>
            <dst id="ATLAng">5204.22133333333</dst>
            <dst id="CHINng">59602.1466666667</dst>
            <dst id="DNVRng">8030.824</dst>
            <dst id="HSTNng">14300.8293333333</dst>
            <dst id="IPLSng">32953.824</dst>
            <dst id="KSCYng">15767.7946666667</dst>
            <dst id="LOSAng">41575.864</dst>
            <dst id="NYCMng">29886.1386666667</dst>
            <dst id="SNVAng">10450.4933333333</dst>
            <dst id="STTLng">7947.73066666667</dst>
            <dst id="WASHng">56434.176</dst>
        </src>
        <src id="HSTNng">
            <dst id="ATLA-M5">976.693333333333</dst>
            <dst id="ATLAng">2976.10133333333</dst>
            <dst id="CHINng">18651.5226666667</dst>
            <dst id="DNVRng">2772.83466666667</dst>
            <dst id="HSTNng">6107.352</dst>
            <dst id="IPLSng">5295.94133333333</dst>
            <dst id="KSCYng">5621.184</dst>
            <dst id="LOSAng">7665.712</dst>
            <dst id="NYCMng">8208.58666666667</dst>
            <dst id="SNVAng">491.2</dst>
            <dst id="STTLng">2734.248</dst>
            <dst id="WASHng">8386.616</dst>
        </src>
        <src id="IPLSng">
            <dst id="ATLA-M5">789.869333333333</dst>
            <dst id="ATLAng">27892.8773333333</dst>
            <dst id="CHINng">94129.736</dst>
            <dst id="DNVRng">23100.064</dst>
            <dst id="HSTNng">8619.608</dst>
            <dst id="IPLSng">27983.0293333333</dst>
            <dst id="KSCYng">11405.4186666667</dst>
            <dst id="LOSAng">51313.4213333333</dst>
            <dst id="NYCMng">53883.9893333333</dst>
            <dst id="SNVAng">3265.97066666667</dst>
            <dst id="STTLng">8249.616</dst>
            <dst id="WASHng">47082.5226666667</dst>
        </src>
        <src id="KSCYng">
            <dst id="ATLA-M5">132.570666666667</dst>
            <dst id="ATLAng">7777.24533333333</dst>
            <dst id="CHINng">24426.9226666667</dst>
            <dst id="DNVRng">22576.1466666667</dst>
            <dst id="HSTNng">3953.26666666667</dst>
            <dst id="IPLSng">13945.032</dst>
            <dst id="KSCYng">5553.62933333333</dst>
            <dst id="LOSAng">5789.21066666667</dst>
            <dst id="NYCMng">4740.60266666667</dst>
            <dst id="SNVAng">517.786666666667</dst>
            <dst id="STTLng">3313.968</dst>
            <dst id="WASHng">16822.8293333333</dst>
        </src>
        <src id="LOSAng">
            <dst id="ATLA-M5">1476.68266666667</dst>
            <dst id="ATLAng">17924.7013333333</dst>
            <dst id="CHINng">91498.76</dst>
            <dst id="DNVRng">28975.8773333333</dst>
            <dst id="HSTNng">18271.656</dst>
            <dst id="IPLSng">58665.9893333333</dst>
            <dst id="KSCYng">10840.3813333333</dst>
            <dst id="LOSAng">16941.696</dst>
            <dst id="NYCMng">73026.4853333333</dst>
            <dst id="SNVAng">13661.0853333333</dst>
            <dst id="STTLng">23830.592</dst>
            <dst id="WASHng">97632.4693333333</dst>
        </src>
        <src id="NYCMng">
            <dst id="ATLA-M5">754.746666666666</dst>
            <dst id="ATLAng">36879.5173333333</dst>
            <dst id="CHINng">64601.0426666667</dst>
            <dst id="DNVRng">36248.2853333333</dst>
            <dst id="HSTNng">17365.9253333333</dst>
            <dst id="IPLSng">63813.0693333333</dst>
            <dst id="KSCYng">18416.9066666667</dst>
            <dst id="LOSAng">82230.392</dst>
            <dst id="NYCMng">198330.826666667</dst>
            <dst id="SNVAng">6611.63466666667</dst>
            <dst id="STTLng">27671.5706666667</dst>
            <dst id="WASHng">140457.098666667</dst>
        </src>
        <src id="SNVAng">
            <dst id="ATLA-M5">60.6426666666667</dst>
            <dst id="ATLAng">192.130666666667</dst>
            <dst id="CHINng">2017.34933333333</dst>
            <dst id="DNVRng">5690.13066666667</dst>
            <dst id="HSTNng">1849.57866666667</dst>
            <dst id="IPLSng">6089.86933333333</dst>
            <dst id="KSCYng">206.141333333333</dst>
            <dst id="LOSAng">51177.4933333333</dst>
            <dst id="NYCMng">871.650666666667</dst>
            <dst id="SNVAng">22600.4266666667</dst>
            <dst id="STTLng">68479.04</dst>
            <dst id="WASHng">2848.82933333333</dst>
        </src>
        <src id="STTLng">
            <dst id="ATLA-M5">343.706666666667</dst>
            <dst id="ATLAng">9122.53866666667</dst>
            <dst id="CHINng">13285.5413333333</dst>
            <dst id="DNVRng">2005.53066666667</dst>
            <dst id="HSTNng">6244.84266666667</dst>
            <dst id="IPLSng">7784.352</dst>
            <dst id="KSCYng">2991.096</dst>
            <dst id="LOSAng">23438.4053333333</dst>
            <dst id="NYCMng">9277.88266666667</dst>
            <dst id="SNVAng">3202.424</dst>
            <dst id="STTLng">2428.19466666667</dst>
            <dst id="WASHng">7015.256</dst>
        </src>
        <src id="WASHng">
            <dst id="ATLA-M5">2903.18933333333</dst>
            <dst id="ATLAng">93304.7333333333</dst>
            <dst id="CHINng">81557.5706666667</dst>
            <dst id="DNVRng">61335.9786666667</dst>
            <dst id="HSTNng">32063.944</dst>
            <dst id="IPLSng">61130.7813333333</dst>
            <dst id="KSCYng">16579.0666666667</dst>
            <dst id="LOSAng">124405.122666667</dst>
            <dst id="NYCMng">174979.202666667</dst>
            <dst id="SNVAng">2252.248</dst>
            <dst id="STTLng">32161.896</dst>
            <dst id="WASHng">217587.538666667</dst>
        </src>
    </IntraTM>
</TrafficMatrixFile>
